FRONT;-7.000;-6.900;-6.800;-6.700;-6.600;-6.500;-6.400;-6.300;-6.200;-6.100;-6.000;-5.900;-5.800;-5.700;-5.600;-5.500;-5.400;-5.300;-5.200;-5.100;-5.000;-4.900;-4.800;-4.700;-4.600;-4.500;-4.400;-4.300;-4.200;-4.100;-4.000;-3.900;-3.800;-3.700;-3.600;-3.500;-3.400;-3.300;-3.200;-3.100;-3.000;-2.900;-2.800;-2.700;-2.600;-2.500;-2.400;-2.300;-2.200;-2.100;-2.000;-1.900;-1.800;-1.700;-1.600;-1.500;-1.400;-1.300;-1.200;-1.100;-1.000;-0.900;-0.800;-0.700;-0.600;-0.500;-0.400;-0.300;-0.200;-0.100;0.000;0.100;0.200;0.300;0.400;0.500;0.600;0.700;0.800;0.900;1.000;1.100;1.200;1.300;1.400;1.500;1.600;1.700;1.800;1.900;2.000;2.100;2.200;2.300;2.400;2.500;2.600;2.700;2.800;2.900;3.000;3.100;3.200;3.300;3.400;3.500;3.600;3.700;3.800;3.900;4.000;4.100;4.200;4.300;4.400;4.500;4.600;4.700;4.800;4.900;5.000;5.100;5.200;5.300;5.400;5.500;5.600;5.700;5.800;5.900;6.000;6.100;6.200;6.300;6.400;6.500;6.600;6.700;6.800;6.900;7.000;
7.000;;;;;;;;;;;;;;;;;;;;;;;;;;;;;;;;;;;;;;;;;;;;;;;;;;;;;;;;;;;;;;;;;;;;;;;;;;;;;;;;;;;;;;;;;;;;;;;;;;;;;;;;;;;;;;;;;;;;;;;;;;;;;;;;;;;;;;;;;;;;;;
6.900;;;;;;;;;;;;;;;;;;;;;;;;;;;;;;;;;;;;;;;;;;;;;;;;;;;;;;;;;;;;;;;;;;;;;;;;;;;;;;;;;;;;;;;;;;;;;;;;;;;;;;;;;;;;;;;;;;;;;;;;;;;;;;;;;;;;;;;;;;;;;;
6.800;;;;;;;;;;;;;;;;;;;;;;;;;;;;;;;;;;;;;;;;;;;;;;;;;;;;;;;;;;;;;;;;;;;;;;;;;;;;;;;;;;;;;;;;;;;;;;;;;;;;;;;;;;;;;;;;;;;;;;;;;;;;;;;;;;;;;;;;;;;;;;
6.700;;;;;;;;;;;;;;;;;;;;;;;;;;;;;;;;;;;;;;;;;;;;;;;;;;;;;;;;;;;;;;;;;;;;;;;;;;;;;;;;;;;;;;;;;;;;;;;;;;;;;;;;;;;;;;;;;;;;;;;;;;;;;;;;;;;;;;;;;;;;;;
6.600;;;;;;;;;;;;;;;;;;;;;;;;;;;;;;;;;;;;;;;;;;;;;;;;;;;;;;;;;;;;;;;;;;;;;;;;;;;;;;;;;;;;;;;;;;;;;;;;;;;;;;;;;;;;;;;;;;;;;;;;;;;;;;;;;;;;;;;;;;;;;;
6.500;;;;;;;;;;;;;;;;;;;;;;;;;;;;;;;;;;;;;;;;;;;;;;;;;;;;;;;;;;;;;;;;;;;;;;;;;;;;;;;;;;;;;;;;;;;;;;;;;;;;;;;;;;;;;;;;;;;;;;;;;;;;;;;;;;;;;;;;;;;;;;
6.400;;;;;;;;;;;;;;;;;;;;;;;;;;;;;;;;;;;;;;;;;;;;;;;;;;;;;;;;;;;;;;;;;;;;;;;;;;;;;;;;;;;;;;;;;;;;;;;;;;;;;;;;;;;;;;;;;;;;;;;;;;;;;;;;;;;;;;;;;;;;;;
6.300;;;;;;;;;;;;;;;;;;;;;;;;;;;;;;;;;;;;;;;;;;;;;;;;;;;;;;;;;;;;;;;;;;;;;;;;;;;;;;;;;;;;;;;;;;;;;;;;;;;;;;;;;;;;;;;;;;;;;;;;;;;;;;;;;;;;;;;;;;;;;;
6.200;;;;;;;;;;;;;;;;;;;;;;;;;;;;;;;;;;;;;;;;;;;;;;;;;;;;;;;;;;;;;;;;;;;;;;;;;;;;;;;;;;;;;;;;;;;;;;;;;;;;;;;;;;;;;;;;;;;;;;;;;;;;;;;;;;;;;;;;;;;;;;
6.100;;;;;;;;;;;;;;;;;;;;;;;;;;;;;;;;;;;;;;;;;;;;;;;;;;;;;;;;;;;;;;;;;;;;;;;;;;;;;;;;;;;;;;;;;;;;;;;;;;;;;;;;;;;;;;;;;;;;;;;;;;;;;;;;;;;;;;;;;;;;;;
6.000;;;;;;;;;;;;;;;;;;;;;;;;;;;;;;;;;;;;;;;;;;;;;;;;;;;;;;;;;;;;;;;;;;;;;;;;;;;;;;;;;;;;;;;;;;;;;;;;;;;;;;;;;;;;;;;;;;;;;;;;;;;;;;;;;;;;;;;;;;;;;;
5.900;;;;;;;;;;;;;;;;;;;;;;;;;;;;;;;;;;;;;;;;;;;;;;;;;;;;;;;;;;;;;;;;;;;;;;;;;;;;;;;;;;;;;;;;;;;;;;;;;;;;;;;;;;;;;;;;;;;;;;;;;;;;;;;;;;;;;;;;;;;;;;
5.800;;;;;;;;;;;;;;;;;;;;;;;;;;;;;;;;;;;;;;;;;;;;;;;;;;;;;;;;;;;;;;;;;;;;;;;;;;;;;;;;;;;;;;;;;;;;;;;;;;;;;;;;;;;;;;;;;;;;;;;;;;;;;;;;;;;;;;;;;;;;;;
5.700;;;;;;;;;;;;;;;;;;;;;;;;;;;;;;;;;;;;;;;;;;;;;;;;;;;;;;;;;;;;;;;;;;;;;;;;;;;;;;;;;;;;;;;;;;;;;;;;;;;;;;;;;;;;;;;;;;;;;;;;;;;;;;;;;;;;;;;;;;;;;;
5.600;;;;;;;;;;;;;;;;;;;;;;;;;;;;;;;;;;;;;;;;;;;;;;;;;;;;;;;;;;;;;;;;;;;;;;;;;;;;;;;;;;;;;;;;;;;;;;;;;;;;;;;;;;;;;;;;;;;;;;;;;;;;;;;;;;;;;;;;;;;;;;
5.500;;;;;;;;;;;;;;;;;;;;;;;;;;;;;;;;;;;;;;;;;;;;;;;;;;;;;;;;;;;;;;;;;;;;;;;;;;;;;;;;;;;;;;;;;;;;;;;;;;;;;;;;;;;;;;;;;;;;;;;;;;;;;;;;;;;;;;;;;;;;;;
5.400;;;;;;;;;;;;;;;;;;;;;;;;;;;;;;;;;;;;;;;;;;;;;;;;;;;;;;;;;;;;;;;;;;;;;;;;;;;;;;;;;;;;;;;;;;;;;;;;;;;;;;;;;;;;;;;;;;;;;;;;;;;;;;;;;;;;;;;;;;;;;;
5.300;;;;;;;;;;;;;;;;;;;;;;;;;;;;;;;;;;;;;;;;;;;;;;;;;;;;;;;;;;;;;;;;;;;;;;;;;;;;;;;;;;;;;;;;;;;;;;;;;;;;;;;;;;;;;;;;;;;;;;;;;;;;;;;;;;;;;;;;;;;;;;
5.200;;;;;;;;;;;;;;;;;;;;;;;;;;;;;;;;;;;;;;;;;;;;;;;;;;;;;;;;;;;;;;;;;;;;;;;;;;;;;;;;;;;;;;;;;;;;;;;;;;;;;;;;;;;;;;;;;;;;;;;;;;;;;;;;;;;;;;;;;;;;;;
5.100;;;;;;;;;;;;;;;;;;;;;;;;;;;;;;;;;;;;;;;;;;;;;;;;;;;;;;;;;;;;;;;;;;;;;;;;;;;;;;;;;;;;;;;;;;;;;;;;;;;;;;;;;;;;;;;;;;;;;;;;;;;;;;;;;;;;;;;;;;;;;;
5.000;;;;;;;;;;;;;;;;;;;;;;;;;;;;;;;;;;;;;;;;;;;;;;;;;;;;;;;;;;;;;;;1746;1735;1726;1718;1712;1707;1704;1703;1703;1704;1707;1712;;;;;;;;;;;;;;;;;;;;;;;;;;;;;;;;;;;;;;;;;;;;;;;;;;;;;;;;;;;;;;;;;;;;
4.900;;;;;;;;;;;;;;;;;;;;;;;;;;;;;;;;;;;;;;;;;;;;;;;;;;;;;;;;1796;1775;1755;1736;1719;1703;1689;1677;1666;1657;1649;1642;1638;1634;1633;1633;1634;1637;1642;1648;1655;1664;1675;1687;1701;1716;;;;;;;;;;;;;;;;;;;;;;;;;;;;;;;;;;;;;;;;;;;;;;;;;;;;;;;;;;;;;
4.800;;;;;;;;;;;;;;;;;;;;;;;;;;;;;;;;;;;;;;;;;;;;;;;;;;;;1831;1803;1777;1752;1729;1707;1687;1668;1651;1636;1622;1609;1598;1589;1581;1575;1570;1566;1565;1564;1566;1568;1573;1579;1586;1595;1606;1618;1631;1646;1663;1681;1701;1722;;;;;;;;;;;;;;;;;;;;;;;;;;;;;;;;;;;;;;;;;;;;;;;;;;;;;;;;;
4.700;;;;;;;;;;;;;;;;;;;;;;;;;;;;;;;;;;;;;;;;;;;;;;;;;1857;1824;1793;1764;1736;1710;1685;1662;1641;1621;1602;1585;1569;1555;1543;1532;1522;1514;1508;1503;1500;1498;1497;1499;1501;1506;1511;1519;1527;1538;1550;1563;1578;1594;1612;1632;1653;1675;1699;1724;1751;;;;;;;;;;;;;;;;;;;;;;;;;;;;;;;;;;;;;;;;;;;;;;;;;;;;;
4.600;;;;;;;;;;;;;;;;;;;;;;;;;;;;;;;;;;;;;;;;;;;;;;1897;1860;1824;1791;1758;1728;1698;1671;1645;1620;1597;1575;1555;1537;1520;1504;1490;1478;1467;1457;1449;1443;1438;1434;1432;1432;1433;1436;1440;1445;1453;1461;1471;1483;1497;1511;1528;1545;1565;1586;1608;1632;1657;1683;1711;1741;;;;;;;;;;;;;;;;;;;;;;;;;;;;;;;;;;;;;;;;;;;;;;;;;;;
4.500;;;;;;;;;;;;;;;;;;;;;;;;;;;;;;;;;;;;;;;;;;;;1910;1870;1832;1795;1759;1726;1693;1663;1634;1606;1580;1556;1533;1511;1492;1473;1456;1441;1427;1414;1403;1394;1386;1379;1374;1371;1369;1368;1369;1372;1376;1381;1388;1397;1407;1418;1432;1446;1462;1480;1499;1520;1542;1566;1591;1617;1645;1675;1705;1737;1770;;;;;;;;;;;;;;;;;;;;;;;;;;;;;;;;;;;;;;;;;;;;;;;;
4.400;;;;;;;;;;;;;;;;;;;;;;;;;;;;;;;;;;;;;;;;;;1930;1887;1845;1805;1767;1730;1695;1662;1630;1599;1570;1543;1517;1493;1470;1449;1429;1411;1394;1378;1364;1352;1341;1332;1324;1317;1312;1308;1306;1306;1307;1309;1313;1318;1325;1334;1344;1355;1368;1383;1399;1416;1436;1456;1478;1502;1527;1553;1581;1610;1641;1673;1706;1741;1777;;;;;;;;;;;;;;;;;;;;;;;;;;;;;;;;;;;;;;;;;;;;;;
4.300;;;;;;;;;;;;;;;;;;;;;;;;;;;;;;;;;;;;;;;;1957;1910;1866;1823;1782;1742;1704;1667;1633;1599;1567;1537;1508;1481;1455;1431;1408;1387;1368;1349;1333;1317;1303;1291;1280;1271;1263;1256;1251;1247;1245;1245;1246;1248;1252;1257;1264;1272;1282;1294;1307;1321;1337;1354;1373;1394;1416;1439;1464;1491;1518;1547;1578;1610;1643;1678;1714;1751;1789;;;;;;;;;;;;;;;;;;;;;;;;;;;;;;;;;;;;;;;;;;;;
4.200;;;;;;;;;;;;;;;;;;;;;;;;;;;;;;;;;;;;;;1990;1941;1894;1848;1803;1761;1720;1680;1642;1606;1571;1538;1506;1476;1447;1420;1395;1371;1348;1327;1307;1289;1273;1257;1244;1231;1221;1211;1203;1197;1192;1188;1186;1185;1186;1188;1192;1197;1204;1212;1222;1234;1246;1261;1277;1294;1313;1333;1355;1378;1403;1429;1457;1486;1517;1549;1582;1617;1653;1690;1728;1768;1809;;;;;;;;;;;;;;;;;;;;;;;;;;;;;;;;;;;;;;;;;;
4.100;;;;;;;;;;;;;;;;;;;;;;;;;;;;;;;;;;;;2031;1979;1928;1879;1832;1786;1742;1699;1658;1619;1581;1545;1511;1478;1446;1416;1388;1361;1335;1312;1289;1268;1249;1231;1214;1199;1185;1173;1162;1153;1145;1139;1134;1130;1128;1127;1128;1130;1134;1139;1146;1154;1164;1175;1188;1202;1218;1235;1254;1274;1296;1319;1344;1370;1398;1427;1457;1489;1522;1557;1593;1630;1669;1708;1749;1792;1835;;;;;;;;;;;;;;;;;;;;;;;;;;;;;;;;;;;;;;;;
4.000;;;;;;;;;;;;;;;;;;;;;;;;;;;;;;;;;;;2024;1970;1918;1868;1819;1771;1726;1682;1639;1599;1559;1522;1486;1452;1419;1387;1358;1330;1303;1278;1254;1232;1211;1192;1174;1157;1142;1129;1117;1106;1096;1089;1082;1077;1074;1071;1071;1072;1074;1077;1083;1089;1097;1107;1118;1131;1145;1161;1178;1196;1217;1238;1261;1286;1312;1340;1369;1399;1431;1464;1499;1535;1572;1611;1650;1691;1734;1777;1822;;;;;;;;;;;;;;;;;;;;;;;;;;;;;;;;;;;;;;;
3.900;;;;;;;;;;;;;;;;;;;;;;;;;;;;;;;;;;2019;1964;1910;1858;1808;1759;1712;1667;1623;1581;1540;1501;1464;1428;1394;1361;1330;1301;1273;1246;1221;1198;1175;1155;1136;1118;1102;1087;1073;1061;1051;1041;1033;1027;1022;1019;1016;1016;1017;1019;1022;1028;1034;1042;1052;1063;1075;1089;1105;1122;1141;1161;1182;1205;1230;1256;1283;1312;1343;1374;1408;1442;1478;1515;1554;1594;1635;1677;1721;1766;1812;1859;;;;;;;;;;;;;;;;;;;;;;;;;;;;;;;;;;;;;
3.800;;;;;;;;;;;;;;;;;;;;;;;;;;;;;;;;2076;2018;1961;1906;1852;1800;1750;1701;1654;1609;1566;1524;1483;1445;1407;1372;1338;1305;1275;1245;1217;1191;1166;1143;1121;1100;1081;1064;1047;1033;1019;1007;997;988;980;973;969;965;963;962;963;965;969;974;980;988;998;1009;1021;1035;1051;1068;1086;1106;1128;1151;1175;1201;1229;1257;1288;1319;1352;1387;1423;1460;1499;1538;1580;1622;1666;1711;1757;1804;1853;;;;;;;;;;;;;;;;;;;;;;;;;;;;;;;;;;;;
3.700;;;;;;;;;;;;;;;;;;;;;;;;;;;;;;;2079;2019;1960;1904;1848;1795;1743;1693;1645;1598;1553;1510;1468;1428;1389;1352;1317;1283;1251;1220;1191;1163;1137;1113;1089;1068;1047;1028;1011;995;980;967;955;944;935;928;921;916;913;911;910;911;913;917;922;928;936;946;957;969;983;998;1015;1034;1053;1075;1098;1122;1148;1175;1204;1234;1266;1299;1333;1369;1406;1445;1485;1526;1568;1612;1657;1703;1751;1799;1849;;;;;;;;;;;;;;;;;;;;;;;;;;;;;;;;;;;
3.600;;;;;;;;;;;;;;;;;;;;;;;;;;;;;;2084;2023;1963;1904;1848;1793;1739;1688;1638;1590;1543;1498;1455;1414;1374;1335;1299;1264;1230;1198;1167;1138;1111;1085;1060;1037;1016;996;977;959;943;929;916;904;894;885;877;871;866;862;860;860;860;863;866;871;878;886;895;906;918;932;947;964;982;1002;1024;1046;1071;1096;1123;1152;1182;1214;1247;1281;1317;1354;1393;1432;1474;1516;1560;1605;1651;1699;1747;1797;1849;1902;;;;;;;;;;;;;;;;;;;;;;;;;;;;;;;;;
3.500;;;;;;;;;;;;;;;;;;;;;;;;;;;;;2093;2030;1968;1908;1850;1793;1738;1685;1634;1584;1536;1490;1445;1402;1361;1321;1283;1247;1212;1178;1147;1116;1087;1060;1034;1010;987;966;945;927;910;894;879;866;855;844;835;828;822;817;813;811;811;811;814;817;822;829;837;846;857;869;883;898;915;933;953;974;996;1020;1046;1073;1102;1132;1163;1196;1230;1266;1303;1342;1381;1423;1465;1509;1554;1600;1648;1697;1747;1798;1851;1905;;;;;;;;;;;;;;;;;;;;;;;;;;;;;;;;
3.400;;;;;;;;;;;;;;;;;;;;;;;;;;;;2104;2039;1976;1915;1855;1797;1740;1686;1633;1582;1532;1484;1438;1394;1351;1310;1271;1233;1196;1162;1128;1097;1067;1038;1011;985;961;938;917;897;878;861;846;831;818;807;796;788;780;774;769;766;764;763;764;766;770;775;781;789;798;809;821;835;850;867;885;904;925;948;972;997;1024;1053;1083;1114;1147;1181;1217;1254;1292;1332;1373;1416;1459;1504;1551;1598;1647;1697;1749;1802;1856;1912;;;;;;;;;;;;;;;;;;;;;;;;;;;;;;;
3.300;;;;;;;;;;;;;;;;;;;;;;;;;;;2119;2052;1988;1924;1863;1803;1745;1689;1635;1582;1531;1482;1434;1388;1344;1302;1261;1221;1184;1147;1113;1080;1048;1018;990;963;937;913;891;870;850;831;814;799;785;772;760;750;741;734;728;723;720;718;717;718;720;724;729;735;743;752;763;775;789;804;820;838;858;879;901;925;950;977;1006;1035;1067;1099;1133;1169;1206;1244;1284;1325;1367;1411;1456;1503;1550;1599;1649;1701;1754;1808;1864;1921;;;;;;;;;;;;;;;;;;;;;;;;;;;;;;
3.200;;;;;;;;;;;;;;;;;;;;;;;;;;2137;2069;2002;1937;1874;1813;1753;1696;1640;1585;1533;1482;1433;1386;1340;1296;1254;1213;1174;1136;1100;1066;1033;1002;972;944;917;891;868;845;824;804;786;769;754;740;727;715;705;697;689;683;679;675;673;673;674;676;679;684;691;698;708;718;730;744;759;775;793;812;833;856;879;905;931;960;989;1021;1053;1087;1123;1159;1198;1237;1278;1321;1364;1410;1456;1504;1553;1603;1654;1707;1762;1817;1875;1933;;;;;;;;;;;;;;;;;;;;;;;;;;;;;
3.100;;;;;;;;;;;;;;;;;;;;;;;;;2158;2088;2020;1953;1888;1826;1764;1705;1648;1592;1538;1485;1435;1386;1339;1293;1250;1207;1167;1128;1090;1055;1020;988;957;927;899;872;847;823;801;780;760;742;725;710;696;683;672;662;653;646;640;635;632;630;630;631;633;636;641;648;655;664;675;687;700;715;732;749;769;789;812;835;861;887;915;945;976;1008;1042;1078;1114;1153;1192;1233;1275;1319;1364;1411;1458;1507;1558;1609;1662;1717;1772;1830;1888;1948;;;;;;;;;;;;;;;;;;;;;;;;;;;;
3.000;;;;;;;;;;;;;;;;;;;;;;;;2182;2110;2040;1972;1906;1841;1779;1718;1659;1601;1546;1492;1440;1389;1341;1294;1248;1205;1163;1122;1084;1046;1011;977;944;913;884;856;829;804;780;758;737;718;700;683;668;654;641;630;620;612;604;598;594;591;589;588;589;591;595;600;606;614;623;633;645;659;673;690;707;727;747;769;793;818;844;872;902;933;965;999;1034;1071;1109;1148;1189;1232;1275;1320;1367;1414;1463;1514;1565;1618;1673;1729;1786;1845;1905;1967;;;;;;;;;;;;;;;;;;;;;;;;;;;
2.900;;;;;;;;;;;;;;;;;;;;;;;2210;2136;2065;1995;1927;1860;1796;1734;1673;1614;1557;1501;1448;1396;1346;1297;1250;1205;1162;1120;1080;1041;1004;969;935;902;871;842;814;788;763;739;717;696;677;659;643;627;613;601;590;580;571;564;558;554;551;549;548;549;551;555;560;566;574;583;593;605;618;633;649;667;686;706;728;752;777;803;831;860;891;923;957;992;1029;1067;1106;1147;1189;1233;1278;1324;1372;1421;1471;1523;1576;1630;1686;1744;1802;1863;1924;1988;;;;;;;;;;;;;;;;;;;;;;;;;;
2.800;;;;;;;;;;;;;;;;;;;;;;;2165;2092;2020;1951;1883;1817;1753;1690;1630;1571;1514;1459;1405;1353;1303;1255;1209;1164;1120;1079;1039;1000;963;928;894;862;831;802;774;748;723;700;678;657;638;620;603;588;575;562;551;541;533;526;520;515;512;510;510;511;513;516;521;527;535;544;554;566;580;594;610;628;647;667;689;712;737;763;791;820;851;883;916;951;988;1026;1065;1106;1148;1191;1236;1283;1330;1379;1430;1482;1535;1589;1645;1703;1761;1822;1883;1947;;;;;;;;;;;;;;;;;;;;;;;;;;
2.700;;;;;;;;;;;;;;;;;;;;;;2198;2123;2049;1978;1908;1841;1775;1711;1649;1588;1530;1473;1418;1364;1313;1263;1215;1168;1124;1081;1039;999;961;924;889;855;823;793;763;736;710;685;662;640;619;600;582;566;551;537;525;514;504;496;488;483;478;475;473;473;474;476;479;484;490;498;507;517;529;542;557;573;590;609;629;651;674;699;725;752;781;812;844;877;912;949;986;1025;1066;1108;1152;1197;1243;1290;1339;1390;1442;1495;1549;1605;1663;1722;1782;1844;1907;1973;;;;;;;;;;;;;;;;;;;;;;;;;
2.600;;;;;;;;;;;;;;;;;;;;;2234;2157;2082;2009;1937;1868;1800;1735;1671;1609;1548;1490;1433;1379;1325;1274;1224;1176;1130;1086;1043;1001;961;923;887;852;818;786;756;727;699;673;648;625;603;583;564;546;530;515;501;489;478;468;460;453;447;443;440;438;437;438;440;444;449;455;462;471;482;493;506;521;537;554;573;593;614;637;662;688;715;744;775;806;840;874;911;948;987;1028;1070;1113;1158;1204;1252;1301;1351;1403;1456;1511;1567;1624;1683;1744;1806;1869;1935;2001;;;;;;;;;;;;;;;;;;;;;;;;
2.500;;;;;;;;;;;;;;;;;;;;;2195;2118;2043;1970;1898;1829;1762;1696;1632;1571;1511;1452;1396;1341;1288;1237;1188;1140;1094;1049;1006;965;925;887;851;816;783;751;720;691;664;638;613;590;568;548;529;511;495;480;467;454;443;434;426;419;413;409;406;404;403;404;406;410;415;421;428;437;447;459;472;486;502;519;538;558;579;602;627;652;680;708;739;770;803;838;874;912;951;991;1033;1076;1121;1167;1215;1264;1314;1366;1419;1474;1530;1587;1646;1707;1769;1833;1898;1965;2033;;;;;;;;;;;;;;;;;;;;;;;
2.400;;;;;;;;;;;;;;;;;;;;2236;2157;2080;2005;1932;1861;1792;1725;1659;1596;1534;1474;1416;1360;1305;1253;1202;1152;1105;1059;1014;972;931;891;853;817;782;749;717;686;658;630;604;580;556;535;514;496;478;462;447;434;421;411;401;393;386;380;376;373;371;371;372;374;377;382;388;395;404;414;426;439;453;469;486;504;524;546;568;593;618;646;674;704;736;769;803;839;876;915;956;997;1041;1085;1131;1179;1228;1278;1330;1383;1438;1494;1552;1611;1671;1734;1797;1863;1930;1998;;;;;;;;;;;;;;;;;;;;;;;
2.300;;;;;;;;;;;;;;;;;;;;2200;2121;2044;1970;1897;1826;1757;1690;1625;1561;1500;1440;1382;1326;1272;1219;1168;1119;1071;1026;981;939;898;858;821;784;749;716;684;654;625;598;572;548;525;503;483;464;446;430;415;402;390;379;370;362;355;349;345;342;340;340;340;343;346;351;357;364;373;383;394;407;421;437;454;472;492;513;536;560;586;613;641;671;703;735;770;805;843;881;922;963;1006;1051;1097;1144;1193;1244;1296;1349;1404;1460;1517;1577;1637;1699;1763;1829;1896;1964;2035;;;;;;;;;;;;;;;;;;;;;;
2.200;;;;;;;;;;;;;;;;;;;2246;2165;2087;2010;1936;1863;1792;1723;1656;1591;1528;1467;1407;1349;1294;1239;1187;1136;1087;1040;994;950;907;867;827;790;753;719;685;654;624;595;568;542;517;494;473;453;434;416;400;385;372;360;349;340;332;325;319;315;312;310;310;311;313;316;321;327;334;343;353;364;377;391;407;424;442;462;483;505;529;555;581;610;640;671;704;738;773;810;849;889;931;974;1018;1064;1111;1160;1211;1262;1316;1370;1427;1484;1544;1604;1667;1731;1796;1863;1932;2002;;;;;;;;;;;;;;;;;;;;;;
2.100;;;;;;;;;;;;;;;;;;2296;2213;2133;2055;1978;1904;1831;1760;1692;1625;1560;1497;1436;1376;1319;1263;1209;1156;1106;1057;1010;964;920;878;837;798;760;724;689;656;625;595;566;539;513;489;466;444;424;405;388;372;357;344;332;321;311;303;297;291;287;284;282;282;282;285;288;293;299;306;315;325;336;348;362;378;395;413;432;453;476;499;525;552;580;609;640;673;707;743;780;818;858;899;942;987;1032;1080;1129;1179;1231;1284;1339;1395;1453;1512;1573;1635;1699;1765;1832;1901;1971;2044;;;;;;;;;;;;;;;;;;;;;
2.000;;;;;;;;;;;;;;;;;;2265;2183;2102;2024;1948;1873;1801;1730;1662;1595;1530;1467;1406;1347;1289;1234;1180;1128;1077;1028;981;936;892;850;809;770;732;696;662;629;597;567;538;511;486;461;438;417;397;378;361;345;330;317;305;294;285;277;270;264;260;257;255;255;256;258;261;266;272;279;288;298;309;321;335;350;367;385;404;425;448;471;496;523;551;581;612;644;678;713;750;788;828;870;912;957;1002;1050;1098;1149;1200;1254;1308;1365;1422;1482;1543;1605;1669;1735;1802;1871;1942;2014;2088;;;;;;;;;;;;;;;;;;;;
1.900;;;;;;;;;;;;;;;;;2320;2236;2154;2073;1995;1919;1845;1772;1702;1633;1567;1502;1439;1378;1319;1262;1206;1153;1101;1050;1002;954;909;865;823;782;743;706;670;635;602;571;541;513;485;460;436;413;391;371;353;335;319;305;291;279;269;259;251;244;239;234;232;230;229;230;232;236;240;246;254;262;272;283;295;309;324;341;359;378;399;421;444;469;496;524;553;584;616;650;685;722;760;800;841;884;928;974;1021;1069;1120;1171;1225;1279;1336;1394;1453;1514;1576;1641;1706;1774;1843;1913;1986;2060;;;;;;;;;;;;;;;;;;;;
1.800;;;;;;;;;;;;;;;;;2293;2208;2126;2046;1968;1892;1818;1745;1675;1607;1540;1476;1413;1352;1293;1236;1181;1127;1075;1025;976;929;884;840;798;757;718;681;645;611;578;546;517;488;461;436;411;389;367;347;329;311;295;281;267;255;245;235;227;220;215;211;208;206;205;206;208;212;216;222;229;238;248;259;271;285;300;316;334;353;374;396;419;444;470;498;527;558;590;624;659;696;734;773;814;857;901;946;993;1042;1092;1144;1197;1252;1308;1366;1425;1486;1549;1613;1679;1747;1816;1887;1959;2033;2110;;;;;;;;;;;;;;;;;;;
1.700;;;;;;;;;;;;;;;;;2267;2183;2101;2021;1943;1867;1792;1720;1650;1582;1516;1451;1389;1328;1269;1212;1156;1103;1051;1001;952;905;860;816;774;734;695;657;622;587;555;523;493;465;438;413;389;366;344;325;306;289;273;258;245;233;222;213;205;198;192;188;185;183;183;184;186;189;194;200;207;215;225;236;248;262;277;293;311;330;350;372;395;420;446;474;503;533;565;599;634;670;708;748;789;831;875;920;967;1016;1066;1118;1171;1226;1282;1340;1399;1460;1523;1587;1653;1721;1790;1861;1934;2008;2084;;;;;;;;;;;;;;;;;;;
1.600;;;;;;;;;;;;;;;;2329;2243;2159;2077;1997;1919;1843;1769;1697;1627;1559;1492;1428;1366;1305;1246;1189;1134;1080;1028;978;929;883;837;794;752;711;673;635;600;566;533;502;472;444;417;391;367;344;323;303;285;267;251;237;224;212;201;191;183;177;171;167;164;162;162;162;164;168;172;178;185;194;203;214;227;240;255;271;289;308;328;350;373;397;423;451;480;510;542;575;610;647;684;724;765;807;851;896;943;991;1041;1093;1146;1201;1257;1315;1375;1436;1498;1563;1629;1696;1766;1837;1910;1984;2060;;;;;;;;;;;;;;;;;;;
1.500;;;;;;;;;;;;;;;;2307;2221;2137;2055;1975;1897;1821;1747;1675;1605;1537;1471;1407;1344;1284;1225;1168;1112;1059;1007;957;908;861;816;773;731;691;652;615;579;545;513;481;452;423;397;371;347;325;303;283;265;248;232;217;204;192;181;172;164;157;151;147;144;142;142;142;144;148;152;158;165;174;183;194;207;220;235;251;269;287;308;329;352;376;402;430;458;488;520;553;588;624;662;701;742;784;828;873;920;968;1018;1070;1123;1177;1234;1292;1351;1412;1475;1540;1606;1673;1743;1814;1887;1961;2038;2116;;;;;;;;;;;;;;;;;;
1.400;;;;;;;;;;;;;;;;2286;2200;2116;2034;1954;1877;1801;1727;1655;1585;1517;1451;1387;1324;1264;1205;1148;1093;1039;987;937;888;842;797;753;712;671;633;596;560;526;494;463;433;405;378;353;329;306;285;265;246;229;213;199;185;173;163;153;145;138;133;128;125;124;123;124;126;129;134;140;147;155;165;176;188;201;216;232;250;268;288;310;333;357;383;410;438;468;500;533;567;603;641;680;721;763;806;852;898;947;996;1048;1101;1156;1212;1270;1329;1390;1453;1518;1584;1652;1721;1793;1866;1940;2017;2095;;;;;;;;;;;;;;;;;;
1.300;;;;;;;;;;;;;;;2355;2267;2181;2097;2016;1936;1858;1782;1708;1636;1566;1498;1432;1368;1306;1245;1186;1129;1074;1020;969;918;870;824;779;735;694;654;615;578;543;509;476;445;416;387;361;335;311;289;267;248;229;212;196;181;168;156;145;136;128;121;116;111;108;106;106;107;109;112;117;122;129;138;147;158;170;184;199;215;232;251;271;292;315;339;364;391;420;450;481;514;548;584;622;660;701;743;786;832;878;926;976;1027;1080;1135;1191;1249;1309;1370;1433;1497;1564;1631;1701;1772;1846;1920;1997;2075;2155;;;;;;;;;;;;;;;;;
1.200;;;;;;;;;;;;;;;2338;2250;2164;2080;1998;1919;1841;1765;1691;1619;1549;1481;1415;1351;1289;1228;1169;1112;1057;1003;952;902;853;807;762;719;677;637;599;562;526;493;460;429;400;371;345;319;295;273;252;232;213;196;180;166;152;140;130;120;112;105;100;95;92;91;90;91;93;96;101;106;113;122;131;142;154;168;182;198;216;234;254;275;298;322;348;374;403;432;464;496;531;566;604;642;683;725;768;813;859;908;957;1009;1061;1116;1172;1230;1290;1351;1414;1478;1545;1613;1682;1754;1827;1902;1978;2057;2137;;;;;;;;;;;;;;;;;
1.100;;;;;;;;;;;;;;;2323;2235;2149;2065;1983;1903;1825;1749;1675;1604;1534;1466;1400;1336;1273;1213;1154;1097;1041;988;936;886;838;792;747;704;662;622;584;547;512;478;445;414;385;357;330;305;281;258;237;217;199;182;166;151;138;126;115;106;98;91;85;81;78;76;76;76;78;81;86;92;99;107;116;127;139;153;167;183;201;219;239;260;283;307;332;359;387;417;448;480;514;550;587;626;666;708;751;796;842;890;940;991;1044;1098;1155;1212;1272;1333;1396;1461;1527;1595;1665;1736;1810;1885;1961;2040;2120;;;;;;;;;;;;;;;;;
1.000;;;;;;;;;;;;;;2399;2309;2221;2135;2051;1969;1889;1811;1735;1662;1590;1520;1452;1386;1322;1259;1198;1139;1082;1027;973;922;872;824;778;733;690;649;609;570;533;498;464;432;401;372;343;317;292;268;245;224;204;186;168;153;138;125;113;102;93;85;78;72;68;65;63;62;63;65;68;73;78;85;94;103;114;126;139;154;170;187;205;225;246;269;293;318;345;373;402;433;466;500;535;572;610;650;692;735;780;826;874;924;975;1028;1082;1138;1196;1256;1317;1380;1444;1511;1579;1649;1720;1794;1869;1946;2024;2104;2186;;;;;;;;;;;;;;;;
0.900;;;;;;;;;;;;;;2387;2297;2209;2122;2038;1957;1877;1799;1723;1649;1577;1507;1439;1373;1309;1246;1186;1127;1069;1014;961;909;860;812;765;721;678;636;596;558;521;486;452;420;389;360;332;305;280;256;233;212;192;174;156;141;126;113;101;90;81;73;66;60;56;53;51;50;51;53;56;61;66;73;81;91;102;114;127;141;157;175;193;213;234;256;280;305;332;360;389;420;452;486;521;558;597;637;678;721;766;812;860;909;960;1013;1068;1124;1181;1241;1302;1365;1430;1496;1564;1634;1706;1779;1854;1931;2010;2090;2172;;;;;;;;;;;;;;;;
0.800;;;;;;;;;;;;;;2376;2286;2198;2112;2028;1946;1866;1788;1712;1638;1566;1496;1428;1362;1298;1235;1174;1115;1058;1003;950;898;849;801;754;710;667;625;586;547;511;475;442;409;378;349;321;294;269;245;223;201;182;163;146;130;115;102;90;80;70;62;55;50;45;42;40;40;40;42;45;50;56;62;71;80;91;103;116;131;146;163;182;202;223;245;269;294;320;348;378;408;441;474;509;546;584;624;666;709;753;799;847;896;947;1000;1054;1110;1168;1228;1289;1352;1416;1483;1551;1621;1692;1766;1841;1918;1997;2077;2159;;;;;;;;;;;;;;;;
0.700;;;;;;;;;;;;;;2367;2277;2189;2103;2019;1937;1856;1778;1703;1629;1557;1487;1419;1352;1288;1225;1164;1105;1048;993;940;888;839;791;745;700;657;616;576;538;501;466;432;400;369;340;312;285;260;236;213;192;172;154;137;121;106;93;81;70;61;53;46;40;36;33;31;30;31;33;36;40;46;53;61;70;81;93;106;121;137;154;172;192;213;235;259;284;310;338;367;398;430;464;499;535;574;613;655;697;742;788;836;885;936;988;1043;1099;1156;1216;1277;1340;1404;1471;1539;1609;1681;1754;1829;1906;1985;2066;2148;;;;;;;;;;;;;;;;
0.600;;;;;;;;;;;;;;2360;2270;2181;2095;2011;1929;1849;1771;1695;1621;1549;1479;1410;1344;1279;1217;1156;1097;1040;985;932;880;831;783;737;692;649;608;568;530;493;458;424;392;361;332;304;277;252;228;205;184;164;146;129;113;98;85;73;62;53;45;38;32;28;25;23;22;23;25;28;32;38;45;53;62;73;85;98;112;128;145;163;183;204;226;250;275;301;329;358;389;421;455;490;526;564;604;645;688;732;778;826;875;926;978;1032;1088;1146;1205;1266;1329;1394;1460;1528;1598;1670;1744;1819;1896;1975;2055;2137;2221;;;;;;;;;;;;;;;
0.500;;;;;;;;;;;;;2447;2354;2264;2176;2089;2005;1923;1842;1764;1688;1614;1542;1472;1404;1337;1272;1210;1149;1090;1033;978;925;874;824;776;730;685;643;601;561;523;487;451;418;385;354;325;297;270;245;221;199;177;158;139;122;106;91;78;66;55;46;38;31;25;21;18;16;15;16;18;21;25;31;38;46;55;66;78;91;105;121;138;156;176;197;219;243;268;294;322;351;381;413;447;482;518;556;596;637;679;724;769;817;866;917;969;1023;1079;1137;1196;1257;1320;1385;1451;1519;1589;1661;1735;1810;1887;1966;2047;2129;2212;;;;;;;;;;;;;;;
0.400;;;;;;;;;;;;;2443;2350;2260;2171;2085;2000;1918;1838;1759;1683;1609;1537;1467;1398;1332;1267;1204;1143;1084;1027;973;919;868;819;771;725;680;637;596;556;518;481;446;412;380;349;320;292;265;240;216;193;172;152;134;116;101;86;73;61;50;40;32;25;20;15;12;10;10;10;12;15;20;25;32;40;49;60;72;85;99;115;132;150;170;191;213;237;261;288;315;344;375;407;440;475;512;549;589;630;672;717;762;810;859;910;962;1016;1072;1129;1189;1250;1313;1377;1444;1512;1582;1654;1727;1803;1880;1959;2039;2121;2205;;;;;;;;;;;;;;;
0.300;;;;;;;;;;;;;2440;2348;2257;2168;2082;1997;1915;1834;1756;1680;1606;1533;1463;1394;1328;1263;1200;1139;1080;1023;969;916;864;815;767;721;676;633;592;552;514;477;442;408;376;345;316;287;261;236;212;189;168;148;129;112;96;82;68;56;46;36;28;21;15;11;8;6;5;6;8;11;15;21;28;36;45;56;67;80;95;110;127;146;165;186;208;232;257;283;310;340;370;402;435;470;506;544;583;624;667;711;757;804;853;904;956;1010;1066;1123;1183;1244;1306;1371;1437;1506;1576;1647;1721;1796;1874;1952;2033;2115;2199;;;;;;;;;;;;;;;
0.200;;;;;;;;;;;;;2440;2347;2256;2167;2081;1996;1913;1833;1754;1678;1604;1531;1461;1392;1325;1261;1198;1137;1078;1021;966;913;862;812;764;718;674;631;589;550;511;474;439;405;373;342;313;285;258;233;209;186;165;145;127;109;93;79;66;53;43;33;25;18;12;8;5;3;2;3;5;8;12;18;24;32;42;52;64;77;92;107;124;142;162;183;205;228;253;279;307;336;366;398;431;466;502;540;580;620;663;707;753;800;849;899;952;1006;1061;1119;1178;1239;1302;1366;1433;1501;1571;1643;1716;1792;1869;1948;2028;2111;2195;;;;;;;;;;;;;;;
0.100;;;;;;;;;;;;;2440;2348;2257;2168;2081;1996;1913;1833;1754;1677;1603;1530;1460;1391;1324;1260;1197;1136;1077;1020;965;912;861;811;763;717;672;629;588;548;510;473;438;404;372;341;311;283;257;231;207;185;163;144;125;108;92;77;64;52;41;32;23;16;11;6;3;1;1;1;3;6;10;16;23;31;40;50;62;75;90;105;122;140;160;181;203;226;251;277;305;334;364;396;429;464;500;538;577;618;660;704;750;797;846;897;949;1003;1058;1116;1175;1236;1298;1363;1429;1497;1567;1639;1713;1788;1866;1945;2025;2108;2191;;;;;;;;;;;;;;;
0.000;;;;;;;;;;;;;2443;2350;2259;2170;2083;1998;1915;1834;1755;1678;1604;1531;1461;1392;1325;1260;1197;1136;1077;1021;966;912;861;811;763;717;673;630;588;548;510;473;438;404;372;341;311;283;256;231;207;184;163;143;125;107;91;77;63;51;41;31;23;16;10;6;3;1;0;1;2;5;10;15;22;30;39;50;61;75;89;104;121;139;159;180;202;225;250;276;304;333;363;395;428;463;499;536;576;617;659;703;749;796;845;895;947;1001;1057;1114;1173;1234;1297;1361;1427;1496;1566;1637;1711;1786;1864;1943;2023;2106;2190;;;;;;;;;;;;;;;
-0.100;;;;;;;;;;;;;2447;2354;2262;2173;2086;2001;1918;1837;1758;1681;1606;1534;1463;1394;1327;1262;1199;1138;1079;1022;967;914;863;813;765;719;674;631;590;550;511;474;439;405;373;342;312;284;257;232;208;185;164;144;126;108;92;78;64;52;42;32;24;17;11;7;3;1;1;1;3;6;10;16;23;31;40;50;62;75;89;105;122;140;159;180;202;226;250;277;304;333;363;395;428;463;499;537;576;617;659;703;749;796;845;895;947;1001;1057;1114;1173;1234;1296;1361;1427;1495;1565;1637;1711;1786;1863;1942;2023;2105;2189;;;;;;;;;;;;;;;
-0.200;;;;;;;;;;;;;2452;2359;2268;2178;2091;2005;1922;1841;1762;1685;1610;1537;1466;1398;1331;1266;1203;1142;1083;1026;971;917;866;816;768;722;677;634;592;552;514;477;442;408;375;344;315;287;260;234;210;188;166;147;128;111;95;80;67;54;44;34;26;19;13;9;5;3;3;3;5;8;12;18;24;32;42;52;64;77;91;107;124;142;161;182;204;227;252;278;306;335;365;397;430;465;501;538;577;618;661;704;750;797;846;896;949;1002;1058;1115;1174;1235;1297;1362;1428;1496;1566;1638;1711;1787;1864;1943;2024;2106;2190;2276;;;;;;;;;;;;;;
-0.300;;;;;;;;;;;;;2460;2366;2274;2185;2097;2012;1928;1847;1768;1691;1616;1543;1472;1403;1336;1271;1207;1147;1088;1031;975;922;870;821;772;726;681;638;596;556;518;481;446;412;379;348;319;290;264;238;214;191;170;150;131;114;98;83;70;58;47;38;29;22;16;12;9;7;6;7;8;11;15;21;28;36;45;55;67;80;94;110;127;145;164;185;207;230;255;281;309;338;368;400;433;468;504;541;580;621;663;707;753;800;849;899;951;1005;1061;1118;1177;1237;1300;1364;1431;1499;1569;1640;1714;1789;1867;1946;2026;2109;2193;2278;;;;;;;;;;;;;;
-0.400;;;;;;;;;;;;;2468;2375;2283;2193;2105;2019;1936;1854;1775;1698;1623;1550;1478;1409;1342;1277;1214;1153;1094;1037;981;928;876;826;778;732;687;644;602;562;523;486;451;417;384;353;324;295;269;243;219;196;175;155;136;119;103;88;75;63;52;42;34;27;21;17;13;11;11;11;13;16;20;25;32;40;49;60;71;84;99;114;131;149;169;189;211;235;260;286;313;342;372;404;437;472;508;546;585;625;668;712;757;804;853;904;956;1009;1065;1122;1181;1242;1304;1368;1435;1503;1573;1644;1718;1793;1871;1950;2030;2113;2197;2282;;;;;;;;;;;;;;
-0.500;;;;;;;;;;;;;2479;2385;2293;2203;2115;2029;1945;1863;1784;1706;1631;1558;1487;1418;1350;1285;1222;1161;1102;1044;989;935;884;834;785;739;694;650;609;569;530;493;457;423;391;360;330;302;275;249;225;203;181;161;142;125;109;94;81;69;58;48;40;33;27;22;19;17;16;17;19;21;26;31;38;46;55;65;77;90;104;120;137;155;174;195;217;241;265;291;319;348;378;410;443;478;514;551;590;631;673;717;763;810;859;909;961;1015;1070;1127;1186;1247;1310;1374;1440;1508;1578;1650;1723;1799;1876;1955;2036;2118;2202;2288;;;;;;;;;;;;;;
-0.600;;;;;;;;;;;;;2491;2396;2304;2214;2126;2039;1956;1874;1794;1717;1641;1568;1497;1427;1360;1295;1231;1170;1111;1053;998;944;892;842;794;747;702;659;617;577;538;501;465;431;399;368;338;309;283;257;233;210;189;169;150;132;116;102;88;76;65;55;47;40;34;30;26;24;23;24;26;29;33;38;45;53;62;72;84;97;111;127;144;162;181;202;224;247;272;298;326;355;385;417;450;485;521;558;597;638;680;724;770;817;866;916;968;1022;1077;1134;1193;1254;1317;1381;1447;1515;1585;1657;1730;1806;1883;1962;2043;2125;2209;2295;;;;;;;;;;;;;;
-0.700;;;;;;;;;;;;;2504;2410;2317;2227;2138;2052;1968;1886;1806;1728;1653;1579;1508;1438;1371;1306;1242;1181;1121;1064;1008;954;902;852;804;757;712;668;627;586;548;510;475;441;408;377;347;318;291;266;242;219;197;177;159;141;125;110;97;84;74;64;56;48;43;38;35;33;32;32;34;37;41;46;53;61;70;81;92;105;120;135;152;170;190;210;232;256;281;307;334;363;393;425;458;493;529;567;606;647;689;733;778;826;874;925;977;1030;1086;1143;1202;1263;1325;1389;1455;1523;1593;1665;1739;1814;1891;1970;2051;2134;2218;2303;;;;;;;;;;;;;;
-0.800;;;;;;;;;;;;;2520;2425;2332;2241;2153;2066;1982;1899;1819;1742;1666;1592;1521;1451;1384;1318;1255;1193;1133;1076;1020;966;914;864;815;768;723;679;637;597;558;521;485;451;418;387;357;329;302;276;252;229;208;187;169;151;135;120;107;94;83;74;65;58;52;48;44;42;41;42;44;46;51;56;63;71;80;90;102;115;129;145;161;180;199;220;242;265;290;316;344;373;403;435;468;503;539;577;616;656;699;743;788;836;884;935;987;1040;1096;1153;1212;1272;1335;1399;1465;1533;1603;1675;1748;1824;1901;1980;2061;2144;2228;2313;;;;;;;;;;;;;;
-0.900;;;;;;;;;;;;;2537;2441;2348;2257;2169;2082;1997;1915;1835;1757;1681;1607;1535;1465;1398;1332;1268;1207;1147;1089;1033;979;927;876;828;781;735;692;650;609;570;533;497;463;430;399;369;340;313;288;263;240;219;199;180;162;146;131;118;105;94;85;76;69;63;59;55;53;52;53;54;57;61;67;73;81;91;101;113;126;140;155;172;190;210;231;253;276;301;327;355;384;414;446;479;514;550;588;627;668;710;754;800;847;896;946;998;1052;1107;1164;1223;1284;1346;1411;1477;1545;1615;1686;1760;1835;1913;1992;2073;2155;2239;;;;;;;;;;;;;;;
-1.000;;;;;;;;;;;;;2555;2460;2366;2275;2186;2099;2014;1932;1851;1773;1697;1623;1551;1481;1413;1348;1284;1222;1162;1104;1048;994;941;891;842;795;749;706;663;623;584;547;511;476;443;412;382;353;326;301;276;253;232;211;193;175;159;144;130;118;107;97;89;81;76;71;68;65;65;65;67;69;74;79;86;94;103;113;125;138;152;168;184;203;222;243;265;288;313;340;367;396;427;458;492;526;563;600;639;680;723;767;812;860;908;959;1011;1065;1120;1177;1236;1297;1359;1424;1490;1558;1628;1699;1773;1848;1926;2005;2086;2168;2253;;;;;;;;;;;;;;;
-1.100;;;;;;;;;;;;;2575;2480;2386;2295;2205;2118;2033;1950;1870;1791;1715;1641;1569;1499;1431;1365;1301;1239;1178;1120;1064;1010;957;906;857;810;765;721;679;638;599;561;525;491;458;426;396;368;341;315;290;267;246;225;206;189;173;158;144;132;121;111;102;95;89;84;81;79;78;78;80;83;87;92;99;107;116;127;138;151;165;181;198;216;236;256;279;302;327;353;381;410;440;472;505;540;576;614;653;694;737;781;826;874;923;973;1025;1079;1134;1191;1250;1311;1374;1438;1504;1572;1642;1714;1788;1863;1940;2020;2101;2183;2268;;;;;;;;;;;;;;;
-1.200;;;;;;;;;;;;;2597;2501;2407;2316;2226;2139;2053;1970;1889;1811;1734;1660;1588;1518;1449;1383;1319;1257;1196;1138;1082;1027;974;924;874;827;781;737;695;654;615;578;541;507;474;442;412;383;356;330;306;283;261;241;222;204;188;173;159;147;136;126;117;110;104;99;96;94;93;93;95;98;102;107;114;122;131;141;153;166;180;196;213;231;250;271;293;317;342;368;396;425;455;487;521;555;592;629;669;710;752;796;842;889;938;989;1041;1095;1150;1207;1266;1327;1390;1454;1520;1588;1658;1730;1804;1879;1957;2036;2117;2200;2284;;;;;;;;;;;;;;;
-1.300;;;;;;;;;;;;;;2525;2430;2338;2249;2161;2075;1992;1911;1832;1756;1681;1609;1538;1470;1403;1339;1276;1216;1157;1101;1046;993;942;893;845;800;755;713;672;633;595;559;524;491;459;429;401;373;347;323;300;278;257;238;221;204;189;176;163;152;142;134;126;120;116;112;110;109;109;111;114;118;123;130;138;147;157;169;182;196;212;229;247;266;287;310;333;358;384;412;441;472;504;537;572;608;646;685;726;769;813;859;906;955;1006;1058;1112;1167;1225;1284;1344;1407;1471;1538;1606;1676;1748;1822;1897;1975;2054;2135;2218;2302;;;;;;;;;;;;;;;
-1.400;;;;;;;;;;;;;;2550;2455;2363;2273;2185;2099;2016;1934;1855;1778;1704;1631;1560;1492;1425;1360;1298;1237;1178;1121;1067;1014;962;913;865;819;775;732;691;652;614;578;543;510;478;448;419;392;366;341;318;296;275;256;239;222;207;193;181;170;160;151;144;138;133;130;127;126;127;128;131;135;140;147;155;164;175;186;199;214;229;246;264;284;305;327;351;376;402;430;459;489;521;555;590;626;664;704;745;787;831;877;925;974;1024;1076;1130;1186;1243;1302;1363;1426;1490;1557;1625;1695;1767;1841;1917;1994;2074;2155;2238;2322;;;;;;;;;;;;;;;
-1.500;;;;;;;;;;;;;;2576;2482;2389;2299;2210;2124;2041;1959;1880;1803;1728;1655;1584;1515;1448;1384;1321;1260;1201;1144;1089;1035;984;934;886;840;796;753;712;673;635;598;563;530;498;468;439;411;385;361;337;315;295;276;258;241;226;212;200;189;179;170;163;157;152;148;146;145;145;147;150;154;159;166;174;183;193;205;218;232;248;265;283;303;324;346;369;394;421;449;478;508;541;574;609;646;684;723;764;807;851;897;945;994;1044;1097;1150;1206;1264;1323;1384;1446;1511;1578;1646;1716;1788;1862;1938;2016;2095;2176;2259;2344;;;;;;;;;;;;;;;
-1.600;;;;;;;;;;;;;;2605;2510;2417;2326;2238;2152;2067;1986;1906;1829;1754;1681;1609;1540;1473;1408;1345;1284;1225;1167;1112;1059;1007;957;909;863;818;775;734;695;656;620;585;551;520;489;460;432;406;381;358;336;316;296;278;262;247;233;220;209;199;190;183;177;172;168;166;165;165;167;170;174;179;186;194;203;213;225;238;252;268;285;303;323;344;366;390;415;441;469;498;529;561;595;630;666;704;744;785;828;872;918;966;1015;1066;1118;1172;1228;1285;1345;1406;1469;1533;1600;1668;1739;1811;1885;1961;2039;2118;2200;2283;;;;;;;;;;;;;;;;
-1.700;;;;;;;;;;;;;;2635;2540;2446;2356;2267;2180;2096;2014;1934;1857;1781;1708;1637;1567;1500;1435;1371;1310;1250;1193;1137;1084;1032;982;934;887;842;799;758;718;680;643;608;574;542;512;483;455;429;404;380;358;338;318;300;284;268;255;242;231;221;212;204;198;193;190;188;186;187;188;191;195;200;207;215;224;235;246;259;274;289;306;325;344;365;388;411;436;463;491;520;551;583;617;652;688;727;766;808;850;895;941;989;1038;1089;1141;1195;1251;1309;1368;1429;1492;1557;1624;1692;1763;1835;1909;1985;2063;2143;2225;2308;;;;;;;;;;;;;;;;
-1.800;;;;;;;;;;;;;;;2571;2478;2387;2298;2211;2126;2044;1964;1886;1810;1737;1665;1596;1528;1462;1399;1337;1277;1220;1164;1110;1058;1008;959;913;868;824;783;743;705;668;633;599;567;536;507;479;452;428;404;382;361;342;324;307;292;278;265;254;244;235;227;221;216;213;210;209;209;211;214;218;223;230;238;247;257;269;282;296;312;329;347;367;388;410;434;459;486;514;543;574;606;640;675;712;750;790;831;874;919;965;1013;1062;1113;1166;1220;1276;1334;1393;1454;1518;1583;1649;1718;1789;1861;1935;2012;2090;2170;2252;2335;;;;;;;;;;;;;;;;
-1.900;;;;;;;;;;;;;;;2604;2511;2419;2330;2243;2158;2076;1995;1917;1841;1767;1696;1626;1558;1492;1428;1366;1306;1248;1192;1138;1086;1035;987;940;895;851;810;769;731;694;658;625;592;561;532;504;478;453;429;407;386;367;348;332;316;302;289;278;268;259;252;245;240;237;234;233;234;235;238;242;247;254;262;271;281;293;306;321;336;353;372;391;412;435;459;484;510;538;568;599;631;665;700;737;775;815;857;900;944;991;1039;1088;1139;1192;1246;1302;1360;1420;1481;1545;1610;1677;1746;1816;1889;1963;2040;2118;2198;2280;2364;;;;;;;;;;;;;;;;
-2.000;;;;;;;;;;;;;;;2640;2546;2454;2364;2277;2192;2109;2028;1950;1874;1800;1728;1658;1589;1523;1459;1397;1337;1278;1222;1168;1115;1065;1016;969;923;880;838;797;759;722;686;652;619;588;559;531;504;479;456;433;412;393;375;358;342;328;315;304;294;285;277;271;266;262;260;259;259;261;263;267;273;279;287;296;307;319;332;346;362;379;397;417;438;461;484;510;536;564;594;625;657;691;727;763;802;842;884;927;971;1018;1066;1115;1166;1219;1274;1330;1388;1448;1510;1573;1638;1706;1775;1846;1918;1993;2070;2148;2229;2311;;;;;;;;;;;;;;;;;
-2.100;;;;;;;;;;;;;;;;2582;2490;2400;2313;2227;2144;2063;1984;1908;1834;1761;1691;1623;1556;1492;1429;1369;1310;1254;1199;1146;1095;1046;999;953;909;867;827;788;751;715;681;648;617;587;559;533;507;483;461;440;420;402;385;370;355;343;331;321;312;304;298;293;289;287;286;286;287;290;294;299;306;314;323;334;345;359;373;389;406;424;444;465;488;512;537;564;592;621;652;685;719;754;791;830;870;912;955;1000;1046;1094;1144;1195;1248;1303;1360;1418;1478;1540;1603;1669;1736;1806;1877;1950;2025;2102;2180;2261;2343;;;;;;;;;;;;;;;;;
-2.200;;;;;;;;;;;;;;;;2620;2528;2438;2350;2264;2181;2100;2021;1944;1869;1797;1726;1658;1591;1526;1463;1402;1344;1287;1232;1179;1128;1078;1031;985;941;899;858;819;781;745;711;678;647;617;589;562;537;513;490;469;449;431;414;398;384;371;360;349;340;333;326;321;318;315;314;314;316;318;322;328;334;342;351;362;374;387;401;417;434;453;472;494;516;540;566;592;621;650;681;714;748;784;821;859;900;942;985;1030;1077;1125;1175;1226;1279;1334;1391;1449;1509;1571;1635;1701;1769;1838;1910;1983;2058;2135;2214;2295;2377;;;;;;;;;;;;;;;;;
-2.300;;;;;;;;;;;;;;;;2661;2568;2477;2389;2303;2219;2138;2059;1982;1907;1834;1763;1694;1627;1562;1499;1438;1379;1322;1266;1213;1162;1112;1064;1018;974;931;890;851;813;777;743;710;679;649;620;593;568;544;521;500;480;461;444;429;414;401;390;379;370;363;356;351;347;345;344;344;345;348;352;357;364;372;381;392;403;417;431;447;464;483;502;524;546;570;596;623;651;681;712;744;779;814;852;890;931;973;1016;1062;1108;1157;1207;1258;1312;1367;1424;1482;1543;1605;1669;1735;1803;1873;1944;2018;2093;2171;2250;2331;;;;;;;;;;;;;;;;;;
-2.400;;;;;;;;;;;;;;;;;2609;2519;2430;2344;2260;2178;2098;2021;1946;1873;1802;1732;1665;1600;1537;1475;1416;1358;1303;1249;1197;1147;1099;1053;1009;966;925;885;847;811;776;743;712;681;653;626;600;576;553;532;512;493;476;460;446;433;421;411;402;394;388;382;379;376;375;375;376;379;383;389;395;403;412;423;435;448;462;478;495;514;534;555;578;602;627;654;683;712;744;777;811;847;884;923;964;1006;1049;1095;1141;1190;1240;1292;1346;1401;1458;1517;1578;1640;1704;1771;1839;1909;1981;2055;2130;2208;2287;2369;;;;;;;;;;;;;;;;;;
-2.500;;;;;;;;;;;;;;;;;2653;2562;2473;2386;2302;2220;2140;2062;1987;1913;1842;1772;1705;1639;1576;1514;1454;1396;1341;1287;1235;1185;1136;1090;1045;1002;960;921;883;846;811;778;746;716;687;660;634;610;587;565;545;527;509;494;479;466;454;444;435;427;420;415;411;409;408;408;409;412;416;421;428;436;445;455;467;481;495;511;528;547;567;588;611;635;660;687;716;746;777;810;845;880;918;957;998;1040;1084;1129;1176;1225;1275;1327;1381;1437;1494;1553;1614;1677;1742;1808;1877;1947;2019;2093;2169;2247;2327;2408;;;;;;;;;;;;;;;;;;
-2.600;;;;;;;;;;;;;;;;;;2606;2517;2430;2346;2263;2183;2105;2029;1955;1884;1814;1746;1681;1617;1555;1494;1436;1380;1326;1274;1223;1175;1128;1083;1039;998;958;920;883;848;814;782;752;723;696;670;645;622;600;580;562;544;528;514;500;489;478;469;461;455;449;446;443;442;442;443;446;450;455;462;470;479;490;502;515;529;545;563;581;601;623;645;670;695;722;751;781;812;845;880;916;954;993;1034;1076;1120;1166;1213;1262;1312;1365;1419;1474;1532;1591;1653;1716;1781;1847;1916;1987;2059;2134;2210;2288;2368;;;;;;;;;;;;;;;;;;;
-2.700;;;;;;;;;;;;;;;;;;2653;2564;2476;2391;2308;2228;2150;2073;1999;1928;1858;1790;1724;1659;1597;1537;1478;1422;1367;1314;1264;1215;1168;1122;1079;1037;997;958;921;886;852;820;789;760;733;707;682;659;637;617;598;581;564;550;536;525;514;505;497;490;485;481;479;477;477;479;482;486;491;498;505;515;525;537;551;565;581;598;617;637;659;681;706;731;759;787;817;849;882;917;953;991;1030;1071;1114;1158;1204;1251;1300;1351;1403;1458;1514;1572;1631;1693;1756;1821;1889;1958;2028;2101;2176;2253;2331;2412;;;;;;;;;;;;;;;;;;;
-2.800;;;;;;;;;;;;;;;;;;;2612;2524;2439;2356;2275;2196;2120;2045;1973;1903;1835;1768;1704;1641;1580;1522;1465;1410;1357;1306;1257;1209;1164;1120;1078;1037;998;961;926;892;859;829;799;772;745;720;697;675;655;636;618;602;587;574;562;551;542;534;528;522;518;516;515;515;516;519;523;528;535;543;552;563;575;588;602;618;636;655;675;696;719;743;769;796;825;855;887;920;955;991;1029;1069;1110;1153;1197;1243;1291;1340;1391;1444;1498;1555;1613;1673;1735;1799;1864;1932;2001;2072;2145;2220;2297;2376;;;;;;;;;;;;;;;;;;;;
-2.900;;;;;;;;;;;;;;;;;;;2661;2573;2488;2404;2323;2244;2167;2093;2020;1950;1881;1815;1750;1687;1626;1567;1510;1454;1401;1350;1300;1253;1207;1162;1120;1079;1040;1003;967;933;900;869;840;812;785;761;737;715;695;676;658;642;627;613;601;590;581;573;567;561;557;555;553;553;555;557;561;567;573;581;591;601;613;627;641;657;675;694;714;735;758;783;809;836;865;895;927;960;995;1032;1070;1109;1151;1194;1238;1284;1332;1382;1433;1486;1541;1598;1656;1716;1779;1843;1909;1976;2046;2118;2191;2267;2344;2423;;;;;;;;;;;;;;;;;;;;
-3.000;;;;;;;;;;;;;;;;;;;;2625;2539;2455;2373;2294;2217;2142;2069;1998;1929;1863;1798;1735;1673;1614;1556;1501;1447;1395;1346;1298;1251;1207;1164;1123;1084;1046;1010;976;943;912;882;854;827;802;779;757;736;717;699;683;668;654;642;631;622;614;607;602;598;595;594;594;595;598;602;607;614;622;631;642;654;667;682;698;715;734;755;776;799;824;850;877;906;936;968;1002;1037;1074;1112;1152;1193;1236;1281;1327;1375;1425;1477;1530;1585;1642;1701;1762;1824;1889;1955;2023;2093;2165;2239;2315;2392;;;;;;;;;;;;;;;;;;;;;
-3.100;;;;;;;;;;;;;;;;;;;;2678;2591;2507;2425;2346;2268;2193;2120;2049;1979;1912;1847;1784;1722;1663;1605;1549;1495;1443;1393;1344;1298;1253;1210;1169;1129;1091;1055;1020;987;956;926;898;871;846;822;800;779;759;742;725;710;696;684;673;664;656;649;644;640;637;636;636;637;640;644;649;656;664;673;684;696;709;724;740;758;777;797;819;842;866;892;920;949;979;1012;1045;1080;1117;1156;1196;1237;1280;1325;1372;1420;1471;1522;1576;1632;1689;1748;1809;1872;1937;2003;2072;2142;2215;2289;2365;2443;;;;;;;;;;;;;;;;;;;;;
-3.200;;;;;;;;;;;;;;;;;;;;;2646;2562;2479;2399;2322;2246;2172;2101;2031;1964;1898;1835;1773;1713;1655;1599;1544;1492;1441;1393;1346;1301;1258;1216;1176;1138;1101;1067;1033;1002;972;943;916;891;867;844;823;804;786;769;754;740;728;717;708;699;693;687;683;681;679;679;681;683;687;693;699;707;717;728;740;753;768;784;802;821;841;863;886;911;937;964;993;1024;1056;1090;1125;1162;1201;1241;1283;1326;1372;1419;1467;1518;1570;1624;1680;1737;1797;1858;1921;1986;2054;2122;2193;2266;2341;2417;;;;;;;;;;;;;;;;;;;;;;
-3.300;;;;;;;;;;;;;;;;;;;;;2702;2618;2535;2455;2376;2300;2227;2155;2085;2017;1951;1887;1825;1765;1707;1650;1596;1543;1492;1443;1396;1350;1307;1265;1225;1186;1150;1114;1081;1049;1019;990;963;937;913;891;870;850;832;815;800;786;774;763;753;745;738;733;729;726;724;724;726;728;733;738;745;753;762;773;785;798;813;830;847;866;887;908;932;957;983;1011;1040;1071;1103;1137;1172;1209;1248;1288;1330;1374;1420;1467;1516;1567;1619;1673;1730;1788;1847;1909;1973;2038;2106;2175;2246;2319;2394;2471;;;;;;;;;;;;;;;;;;;;;;
-3.400;;;;;;;;;;;;;;;;;;;;;;2675;2592;2512;2433;2357;2283;2210;2140;2072;2006;1942;1880;1819;1760;1704;1649;1596;1544;1495;1448;1402;1358;1316;1275;1237;1200;1164;1130;1098;1068;1039;1012;986;962;939;918;898;880;863;847;833;821;810;800;792;785;780;775;773;771;771;773;775;779;785;792;800;809;820;832;846;860;877;894;913;934;956;979;1004;1031;1058;1088;1119;1151;1185;1221;1258;1297;1338;1380;1424;1470;1517;1566;1617;1670;1725;1781;1840;1900;1962;2026;2092;2160;2229;2301;2375;2450;;;;;;;;;;;;;;;;;;;;;;;
-3.500;;;;;;;;;;;;;;;;;;;;;;;2652;2571;2492;2415;2341;2268;2198;2129;2063;1998;1935;1875;1816;1759;1704;1650;1599;1549;1501;1455;1411;1368;1328;1289;1251;1216;1182;1149;1119;1090;1062;1036;1012;989;967;947;929;912;897;883;870;859;849;841;834;828;824;821;820;820;821;824;828;833;840;848;858;869;881;894;909;926;943;962;983;1005;1029;1054;1080;1108;1137;1168;1201;1235;1271;1308;1348;1388;1431;1475;1521;1569;1619;1670;1723;1778;1835;1894;1954;2017;2081;2148;2216;2286;2358;2432;;;;;;;;;;;;;;;;;;;;;;;;
-3.600;;;;;;;;;;;;;;;;;;;;;;;2713;2631;2552;2475;2400;2327;2257;2188;2121;2056;1993;1932;1873;1816;1760;1706;1655;1605;1556;1510;1466;1423;1382;1342;1305;1269;1235;1202;1171;1142;1114;1088;1063;1040;1019;999;980;963;948;933;921;909;900;891;884;879;875;872;870;870;872;874;878;884;890;899;908;919;931;945;960;976;994;1013;1034;1056;1080;1105;1131;1159;1189;1220;1253;1287;1323;1361;1400;1441;1484;1528;1575;1623;1673;1724;1778;1833;1891;1950;2011;2074;2139;2205;2274;2344;2417;2491;;;;;;;;;;;;;;;;;;;;;;;;
-3.700;;;;;;;;;;;;;;;;;;;;;;;;2694;2614;2537;2462;2389;2317;2248;2181;2116;2053;1991;1932;1874;1818;1765;1712;1662;1614;1567;1522;1479;1438;1398;1360;1324;1290;1257;1226;1196;1168;1142;1117;1094;1072;1052;1033;1016;1000;986;973;962;952;944;937;931;927;924;922;922;924;926;930;936;942;951;960;971;983;997;1012;1028;1046;1066;1086;1109;1132;1157;1184;1212;1242;1273;1306;1341;1377;1415;1454;1496;1539;1584;1630;1679;1729;1781;1835;1891;1948;2008;2069;2133;2198;2265;2334;2405;2477;;;;;;;;;;;;;;;;;;;;;;;;;
-3.800;;;;;;;;;;;;;;;;;;;;;;;;;2678;2601;2525;2452;2380;2311;2243;2178;2114;2053;1993;1935;1879;1824;1772;1721;1673;1626;1580;1537;1496;1456;1418;1381;1346;1313;1282;1252;1224;1197;1172;1149;1127;1107;1088;1071;1055;1040;1028;1016;1006;998;990;985;981;978;976;976;977;980;984;989;996;1004;1014;1025;1037;1051;1066;1082;1100;1120;1141;1163;1187;1212;1239;1267;1297;1328;1361;1396;1432;1471;1510;1552;1595;1641;1688;1736;1787;1839;1894;1950;2008;2068;2130;2193;2259;2327;2396;2467;;;;;;;;;;;;;;;;;;;;;;;;;;
-3.900;;;;;;;;;;;;;;;;;;;;;;;;;;2666;2590;2516;2445;2375;2307;2241;2178;2116;2055;1997;1941;1886;1833;1782;1733;1686;1641;1597;1555;1515;1477;1440;1405;1372;1340;1310;1282;1255;1230;1206;1184;1163;1144;1127;1111;1097;1084;1072;1062;1053;1046;1041;1036;1033;1032;1032;1033;1036;1040;1045;1052;1060;1070;1080;1093;1107;1122;1138;1156;1176;1197;1219;1243;1268;1295;1323;1353;1385;1418;1453;1490;1528;1569;1610;1654;1700;1747;1796;1847;1900;1954;2011;2070;2130;2192;2256;2322;2390;2460;;;;;;;;;;;;;;;;;;;;;;;;;;;
-4.000;;;;;;;;;;;;;;;;;;;;;;;;;;;2657;2583;2511;2441;2373;2307;2243;2180;2120;2061;2005;1950;1897;1846;1796;1749;1703;1659;1617;1576;1538;1501;1465;1432;1400;1370;1341;1314;1289;1265;1243;1222;1203;1185;1169;1155;1142;1130;1120;1111;1104;1098;1094;1091;1089;1089;1090;1093;1097;1102;1109;1117;1127;1138;1150;1164;1179;1196;1214;1233;1254;1277;1301;1326;1353;1382;1412;1444;1477;1512;1549;1588;1629;1671;1715;1761;1808;1858;1909;1962;2017;2074;2133;2194;2257;2321;2388;2456;;;;;;;;;;;;;;;;;;;;;;;;;;;;
-4.100;;;;;;;;;;;;;;;;;;;;;;;;;;;;2651;2579;2509;2441;2374;2310;2247;2187;2128;2071;2015;1962;1911;1861;1813;1767;1722;1680;1639;1600;1563;1528;1494;1462;1431;1403;1375;1350;1326;1303;1283;1263;1246;1229;1215;1201;1190;1179;1171;1163;1157;1153;1150;1148;1148;1149;1152;1156;1161;1168;1176;1186;1197;1209;1223;1238;1255;1273;1293;1314;1336;1360;1386;1413;1442;1472;1504;1538;1574;1611;1650;1691;1733;1777;1824;1872;1921;1973;2027;2082;2140;2199;2260;2323;2388;2455;2524;;;;;;;;;;;;;;;;;;;;;;;;;;;;
-4.200;;;;;;;;;;;;;;;;;;;;;;;;;;;;2722;2649;2579;2510;2444;2379;2316;2255;2196;2139;2083;2029;1978;1927;1879;1833;1788;1745;1704;1665;1628;1592;1558;1526;1495;1466;1439;1413;1389;1366;1345;1325;1308;1291;1276;1263;1251;1241;1232;1225;1219;1214;1211;1209;1209;1210;1213;1217;1222;1229;1237;1247;1258;1270;1284;1299;1316;1334;1354;1375;1398;1422;1448;1475;1504;1535;1567;1601;1637;1674;1713;1755;1797;1842;1889;1937;1987;2039;2093;2149;2207;2267;2329;2392;2457;2524;;;;;;;;;;;;;;;;;;;;;;;;;;;;;
-4.300;;;;;;;;;;;;;;;;;;;;;;;;;;;;;2721;2650;2582;2515;2450;2387;2326;2266;2209;2153;2099;2047;1996;1948;1901;1856;1813;1771;1732;1694;1658;1624;1591;1560;1531;1504;1478;1453;1430;1409;1390;1372;1355;1340;1327;1315;1304;1295;1288;1282;1277;1274;1272;1272;1273;1276;1280;1285;1292;1300;1310;1321;1333;1347;1362;1379;1397;1417;1438;1461;1485;1511;1539;1568;1599;1631;1666;1702;1740;1779;1821;1864;1909;1956;2004;2055;2108;2162;2219;2277;2337;2399;2463;2528;;;;;;;;;;;;;;;;;;;;;;;;;;;;;;
-4.400;;;;;;;;;;;;;;;;;;;;;;;;;;;;;;;2655;2588;2523;2459;2398;2338;2280;2224;2170;2118;2067;2018;1971;1926;1882;1841;1801;1763;1726;1692;1659;1628;1598;1570;1544;1520;1497;1475;1456;1438;1421;1406;1392;1380;1369;1360;1353;1347;1342;1339;1337;1337;1338;1340;1344;1349;1356;1364;1374;1385;1397;1411;1427;1444;1462;1482;1503;1526;1551;1577;1604;1634;1665;1698;1733;1769;1807;1847;1889;1932;1978;2025;2074;2125;2178;2233;2290;2349;2409;2472;2536;;;;;;;;;;;;;;;;;;;;;;;;;;;;;;;
-4.500;;;;;;;;;;;;;;;;;;;;;;;;;;;;;;;;2662;2597;2534;2472;2412;2354;2298;2243;2191;2140;2091;2043;1998;1954;1912;1872;1833;1796;1762;1728;1697;1667;1639;1613;1588;1565;1543;1523;1505;1488;1473;1459;1447;1436;1427;1420;1413;1409;1405;1403;1403;1404;1407;1410;1416;1422;1431;1440;1451;1464;1478;1493;1510;1529;1549;1570;1593;1618;1644;1672;1702;1733;1767;1801;1838;1877;1917;1959;2003;2049;2097;2146;2198;2251;2306;2364;2423;2484;2547;;;;;;;;;;;;;;;;;;;;;;;;;;;;;;;;
-4.600;;;;;;;;;;;;;;;;;;;;;;;;;;;;;;;;;2673;2610;2548;2488;2430;2374;2319;2266;2215;2165;2118;2072;2028;1985;1945;1906;1869;1834;1800;1768;1738;1710;1683;1658;1635;1613;1593;1575;1558;1542;1528;1516;1505;1496;1488;1482;1477;1474;1472;1471;1472;1475;1479;1484;1491;1499;1508;1519;1532;1546;1562;1579;1597;1617;1639;1662;1687;1714;1742;1772;1804;1837;1872;1909;1948;1989;2031;2076;2122;2170;2220;2272;2326;2382;2440;2499;;;;;;;;;;;;;;;;;;;;;;;;;;;;;;;;;;
-4.700;;;;;;;;;;;;;;;;;;;;;;;;;;;;;;;;;;2688;2626;2566;2508;2451;2396;2343;2292;2242;2194;2148;2104;2061;2020;1981;1944;1908;1874;1842;1812;1783;1756;1731;1707;1685;1665;1646;1629;1614;1600;1587;1576;1567;1559;1552;1548;1544;1542;1542;1542;1545;1549;1554;1561;1569;1579;1590;1602;1616;1632;1649;1668;1688;1710;1734;1759;1786;1814;1844;1876;1910;1946;1983;2022;2063;2106;2151;2198;2247;2297;2349;2404;2460;2518;;;;;;;;;;;;;;;;;;;;;;;;;;;;;;;;;;;
-4.800;;;;;;;;;;;;;;;;;;;;;;;;;;;;;;;;;;;2706;2645;2587;2530;2475;2422;2371;2321;2273;2226;2182;2139;2098;2058;2021;1985;1951;1918;1888;1859;1831;1806;1782;1760;1739;1720;1703;1687;1673;1660;1649;1640;1632;1625;1620;1616;1614;1614;1615;1617;1621;1626;1633;1641;1651;1662;1674;1689;1704;1722;1741;1761;1783;1807;1832;1860;1888;1919;1951;1985;2021;2059;2099;2140;2184;2229;2276;2325;2376;2429;2484;2541;;;;;;;;;;;;;;;;;;;;;;;;;;;;;;;;;;;;
-4.900;;;;;;;;;;;;;;;;;;;;;;;;;;;;;;;;;;;;;2668;2612;2557;2503;2452;2402;2353;2307;2262;2219;2178;2138;2100;2064;2029;1997;1966;1936;1909;1883;1859;1836;1815;1796;1779;1763;1748;1735;1724;1714;1706;1700;1694;1691;1689;1688;1689;1691;1695;1700;1707;1715;1725;1736;1749;1763;1779;1796;1816;1836;1859;1883;1908;1936;1965;1996;2028;2063;2099;2137;2177;2219;2263;2309;2357;2406;2458;2511;2567;;;;;;;;;;;;;;;;;;;;;;;;;;;;;;;;;;;;;
-5.000;;;;;;;;;;;;;;;;;;;;;;;;;;;;;;;;;;;;;;2694;2639;2586;2534;2484;2436;2389;2344;2301;2259;2220;2181;2145;2110;2077;2046;2016;1989;1962;1938;1915;1894;1875;1857;1840;1826;1813;1801;1791;1783;1776;1771;1767;1765;1764;1765;1767;1771;1776;1783;1791;1801;1812;1825;1840;1856;1873;1893;1914;1936;1960;1986;2014;2044;2075;2108;2143;2180;2218;2259;2301;2346;2392;2440;2490;2542;;;;;;;;;;;;;;;;;;;;;;;;;;;;;;;;;;;;;;;
-5.100;;;;;;;;;;;;;;;;;;;;;;;;;;;;;;;;;;;;;;;;2671;2619;2569;2520;2474;2429;2385;2343;2303;2265;2228;2193;2160;2128;2099;2070;2044;2019;1996;1975;1955;1937;1921;1906;1892;1881;1871;1862;1855;1850;1846;1843;1843;1843;1846;1849;1854;1861;1870;1879;1891;1904;1918;1935;1953;1972;1993;2016;2041;2067;2095;2125;2157;2190;2225;2263;2302;2343;2386;2431;2478;2526;2577;;;;;;;;;;;;;;;;;;;;;;;;;;;;;;;;;;;;;;;;
-5.200;;;;;;;;;;;;;;;;;;;;;;;;;;;;;;;;;;;;;;;;;2705;2655;2607;2560;2515;2471;2429;2389;2350;2314;2278;2245;2213;2183;2155;2128;2103;2080;2058;2038;2020;2003;1988;1974;1962;1952;1943;1936;1931;1927;1924;1923;1924;1926;1930;1935;1942;1950;1960;1972;1985;2000;2016;2034;2054;2075;2098;2123;2150;2178;2209;2241;2275;2311;2349;2388;2430;2473;2519;2566;;;;;;;;;;;;;;;;;;;;;;;;;;;;;;;;;;;;;;;;;;
-5.300;;;;;;;;;;;;;;;;;;;;;;;;;;;;;;;;;;;;;;;;;;;2694;2648;2602;2559;2517;2477;2438;2401;2366;2332;2300;2270;2241;2214;2189;2165;2143;2123;2104;2087;2072;2058;2046;2036;2027;2020;2014;2010;2007;2006;2007;2009;2013;2018;2025;2033;2043;2055;2068;2083;2100;2118;2138;2160;2183;2209;2236;2265;2295;2328;2362;2399;2437;2478;2520;2564;;;;;;;;;;;;;;;;;;;;;;;;;;;;;;;;;;;;;;;;;;;;
-5.400;;;;;;;;;;;;;;;;;;;;;;;;;;;;;;;;;;;;;;;;;;;;;2692;2648;2606;2566;2527;2490;2455;2421;2389;2358;2329;2302;2277;2253;2231;2210;2191;2174;2159;2145;2132;2122;2113;2105;2099;2095;2092;2091;2092;2094;2098;2103;2110;2118;2129;2140;2154;2169;2186;2205;2225;2247;2271;2297;2324;2354;2385;2418;2453;2490;2529;2570;;;;;;;;;;;;;;;;;;;;;;;;;;;;;;;;;;;;;;;;;;;;;;
-5.500;;;;;;;;;;;;;;;;;;;;;;;;;;;;;;;;;;;;;;;;;;;;;;;2698;2657;2618;2581;2546;2512;2479;2449;2420;2392;2367;2343;2320;2300;2280;2263;2247;2233;2221;2210;2201;2193;2187;2183;2180;2179;2179;2181;2185;2191;2198;2206;2217;2229;2242;2258;2275;2294;2315;2337;2361;2388;2416;2446;2478;2511;2547;2585;;;;;;;;;;;;;;;;;;;;;;;;;;;;;;;;;;;;;;;;;;;;;;;;
-5.600;;;;;;;;;;;;;;;;;;;;;;;;;;;;;;;;;;;;;;;;;;;;;;;;;;2674;2638;2604;2572;2541;2512;2485;2459;2434;2412;2391;2372;2354;2338;2324;2311;2300;2291;2283;2277;2273;2270;2269;2269;2271;2275;2281;2288;2297;2307;2319;2333;2349;2367;2386;2407;2430;2455;2482;2510;2541;2573;;;;;;;;;;;;;;;;;;;;;;;;;;;;;;;;;;;;;;;;;;;;;;;;;;;
-5.700;;;;;;;;;;;;;;;;;;;;;;;;;;;;;;;;;;;;;;;;;;;;;;;;;;;;;2666;2635;2606;2579;2553;2528;2506;2484;2465;2447;2431;2417;2404;2393;2383;2376;2369;2365;2362;2361;2362;2364;2368;2373;2381;2390;2400;2413;2427;2443;2461;2481;2503;2526;2552;2579;2608;;;;;;;;;;;;;;;;;;;;;;;;;;;;;;;;;;;;;;;;;;;;;;;;;;;;;
-5.800;;;;;;;;;;;;;;;;;;;;;;;;;;;;;;;;;;;;;;;;;;;;;;;;;;;;;;;;2674;2648;2624;2601;2580;2560;2543;2526;2512;2499;2488;2478;2470;2464;2460;2457;2456;2456;2459;2463;2469;2476;2486;2497;2510;2524;2541;2559;2580;2602;;;;;;;;;;;;;;;;;;;;;;;;;;;;;;;;;;;;;;;;;;;;;;;;;;;;;;;;;
-5.900;;;;;;;;;;;;;;;;;;;;;;;;;;;;;;;;;;;;;;;;;;;;;;;;;;;;;;;;;;;;;2658;2640;2624;2609;2596;2585;2575;2567;2561;2557;2554;2553;2554;2557;2561;2567;2575;2584;2596;2609;;;;;;;;;;;;;;;;;;;;;;;;;;;;;;;;;;;;;;;;;;;;;;;;;;;;;;;;;;;;;;
-6.000;;;;;;;;;;;;;;;;;;;;;;;;;;;;;;;;;;;;;;;;;;;;;;;;;;;;;;;;;;;;;;;;;;;;;;;;;;;;;;;;;;;;;;;;;;;;;;;;;;;;;;;;;;;;;;;;;;;;;;;;;;;;;;;;;;;;;;;;;;;;;;
-6.100;;;;;;;;;;;;;;;;;;;;;;;;;;;;;;;;;;;;;;;;;;;;;;;;;;;;;;;;;;;;;;;;;;;;;;;;;;;;;;;;;;;;;;;;;;;;;;;;;;;;;;;;;;;;;;;;;;;;;;;;;;;;;;;;;;;;;;;;;;;;;;
-6.200;;;;;;;;;;;;;;;;;;;;;;;;;;;;;;;;;;;;;;;;;;;;;;;;;;;;;;;;;;;;;;;;;;;;;;;;;;;;;;;;;;;;;;;;;;;;;;;;;;;;;;;;;;;;;;;;;;;;;;;;;;;;;;;;;;;;;;;;;;;;;;
-6.300;;;;;;;;;;;;;;;;;;;;;;;;;;;;;;;;;;;;;;;;;;;;;;;;;;;;;;;;;;;;;;;;;;;;;;;;;;;;;;;;;;;;;;;;;;;;;;;;;;;;;;;;;;;;;;;;;;;;;;;;;;;;;;;;;;;;;;;;;;;;;;
-6.400;;;;;;;;;;;;;;;;;;;;;;;;;;;;;;;;;;;;;;;;;;;;;;;;;;;;;;;;;;;;;;;;;;;;;;;;;;;;;;;;;;;;;;;;;;;;;;;;;;;;;;;;;;;;;;;;;;;;;;;;;;;;;;;;;;;;;;;;;;;;;;
-6.500;;;;;;;;;;;;;;;;;;;;;;;;;;;;;;;;;;;;;;;;;;;;;;;;;;;;;;;;;;;;;;;;;;;;;;;;;;;;;;;;;;;;;;;;;;;;;;;;;;;;;;;;;;;;;;;;;;;;;;;;;;;;;;;;;;;;;;;;;;;;;;
-6.600;;;;;;;;;;;;;;;;;;;;;;;;;;;;;;;;;;;;;;;;;;;;;;;;;;;;;;;;;;;;;;;;;;;;;;;;;;;;;;;;;;;;;;;;;;;;;;;;;;;;;;;;;;;;;;;;;;;;;;;;;;;;;;;;;;;;;;;;;;;;;;
-6.700;;;;;;;;;;;;;;;;;;;;;;;;;;;;;;;;;;;;;;;;;;;;;;;;;;;;;;;;;;;;;;;;;;;;;;;;;;;;;;;;;;;;;;;;;;;;;;;;;;;;;;;;;;;;;;;;;;;;;;;;;;;;;;;;;;;;;;;;;;;;;;
-6.800;;;;;;;;;;;;;;;;;;;;;;;;;;;;;;;;;;;;;;;;;;;;;;;;;;;;;;;;;;;;;;;;;;;;;;;;;;;;;;;;;;;;;;;;;;;;;;;;;;;;;;;;;;;;;;;;;;;;;;;;;;;;;;;;;;;;;;;;;;;;;;
-6.900;;;;;;;;;;;;;;;;;;;;;;;;;;;;;;;;;;;;;;;;;;;;;;;;;;;;;;;;;;;;;;;;;;;;;;;;;;;;;;;;;;;;;;;;;;;;;;;;;;;;;;;;;;;;;;;;;;;;;;;;;;;;;;;;;;;;;;;;;;;;;;
-7.000;;;;;;;;;;;;;;;;;;;;;;;;;;;;;;;;;;;;;;;;;;;;;;;;;;;;;;;;;;;;;;;;;;;;;;;;;;;;;;;;;;;;;;;;;;;;;;;;;;;;;;;;;;;;;;;;;;;;;;;;;;;;;;;;;;;;;;;;;;;;;;
BACK;-7.000;-6.900;-6.800;-6.700;-6.600;-6.500;-6.400;-6.300;-6.200;-6.100;-6.000;-5.900;-5.800;-5.700;-5.600;-5.500;-5.400;-5.300;-5.200;-5.100;-5.000;-4.900;-4.800;-4.700;-4.600;-4.500;-4.400;-4.300;-4.200;-4.100;-4.000;-3.900;-3.800;-3.700;-3.600;-3.500;-3.400;-3.300;-3.200;-3.100;-3.000;-2.900;-2.800;-2.700;-2.600;-2.500;-2.400;-2.300;-2.200;-2.100;-2.000;-1.900;-1.800;-1.700;-1.600;-1.500;-1.400;-1.300;-1.200;-1.100;-1.000;-0.900;-0.800;-0.700;-0.600;-0.500;-0.400;-0.300;-0.200;-0.100;0.000;0.100;0.200;0.300;0.400;0.500;0.600;0.700;0.800;0.900;1.000;1.100;1.200;1.300;1.400;1.500;1.600;1.700;1.800;1.900;2.000;2.100;2.200;2.300;2.400;2.500;2.600;2.700;2.800;2.900;3.000;3.100;3.200;3.300;3.400;3.500;3.600;3.700;3.800;3.900;4.000;4.100;4.200;4.300;4.400;4.500;4.600;4.700;4.800;4.900;5.000;5.100;5.200;5.300;5.400;5.500;5.600;5.700;5.800;5.900;6.000;6.100;6.200;6.300;6.400;6.500;6.600;6.700;6.800;6.900;7.000;
7.000;;;;;;;;;;;;;;;;;;;;;;;;;;;;;;;;;;;;;;;;;;;;;;;;;;;;;;;;;;;;;;;;;;;;;;;;;;;;;;;;;;;;;;;;;;;;;;;;;;;;;;;;;;;;;;;;;;;;;;;;;;;;;;;;;;;;;;;;;;;;;;
6.900;;;;;;;;;;;;;;;;;;;;;;;;;;;;;;;;;;;;;;;;;;;;;;;;;;;;;;;;;;;;;;;;;;;;;;;;;;;;;;;;;;;;;;;;;;;;;;;;;;;;;;;;;;;;;;;;;;;;;;;;;;;;;;;;;;;;;;;;;;;;;;
6.800;;;;;;;;;;;;;;;;;;;;;;;;;;;;;;;;;;;;;;;;;;;;;;;;;;;;;;;;;;;;;;;;;;;;;;;;;;;;;;;;;;;;;;;;;;;;;;;;;;;;;;;;;;;;;;;;;;;;;;;;;;;;;;;;;;;;;;;;;;;;;;
6.700;;;;;;;;;;;;;;;;;;;;;;;;;;;;;;;;;;;;;;;;;;;;;;;;;;;;;;;;;;;;;;;;;;;;;;;;;;;;;;;;;;;;;;;;;;;;;;;;;;;;;;;;;;;;;;;;;;;;;;;;;;;;;;;;;;;;;;;;;;;;;;
6.600;;;;;;;;;;;;;;;;;;;;;;;;;;;;;;;;;;;;;;;;;;;;;;;;;;;;;;;;;;;;;;;;;;;;;;;;;;;;;;;;;;;;;;;;;;;;;;;;;;;;;;;;;;;;;;;;;;;;;;;;;;;;;;;;;;;;;;;;;;;;;;
6.500;;;;;;;;;;;;;;;;;;;;;;;;;;;;;;;;;;;;;;;;;;;;;;;;;;;;;;;;;;;;;;;;;;;;;;;;;;;;;;;;;;;;;;;;;;;;;;;;;;;;;;;;;;;;;;;;;;;;;;;;;;;;;;;;;;;;;;;;;;;;;;
6.400;;;;;;;;;;;;;;;;;;;;;;;;;;;;;;;;;;;;;;;;;;;;;;;;;;;;;;;;;;;;;;;;;;;;;;;;;;;;;;;;;;;;;;;;;;;;;;;;;;;;;;;;;;;;;;;;;;;;;;;;;;;;;;;;;;;;;;;;;;;;;;
6.300;;;;;;;;;;;;;;;;;;;;;;;;;;;;;;;;;;;;;;;;;;;;;;;;;;;;;;;;;;;;;;;;;;;;;;;;;;;;;;;;;;;;;;;;;;;;;;;;;;;;;;;;;;;;;;;;;;;;;;;;;;;;;;;;;;;;;;;;;;;;;;
6.200;;;;;;;;;;;;;;;;;;;;;;;;;;;;;;;;;;;;;;;;;;;;;;;;;;;;;;;;;;;;;;;;;;;;;;;;;;;;;;;;;;;;;;;;;;;;;;;;;;;;;;;;;;;;;;;;;;;;;;;;;;;;;;;;;;;;;;;;;;;;;;
6.100;;;;;;;;;;;;;;;;;;;;;;;;;;;;;;;;;;;;;;;;;;;;;;;;;;;;;;;;;;;;;;;;;;;;;;;;;;;;;;;;;;;;;;;;;;;;;;;;;;;;;;;;;;;;;;;;;;;;;;;;;;;;;;;;;;;;;;;;;;;;;;
6.000;;;;;;;;;;;;;;;;;;;;;;;;;;;;;;;;;;;;;;;;;;;;;;;;;;;;;;;;;;;;;;;;;;;;;;;;;;;;;;;;;;;;;;;;;;;;;;;;;;;;;;;;;;;;;;;;;;;;;;;;;;;;;;;;;;;;;;;;;;;;;;
5.900;;;;;;;;;;;;;;;;;;;;;;;;;;;;;;;;;;;;;;;;;;;;;;;;;;;;;;;;;;;;;;;;;;;;;;;;;;;;;;;;;;;;;;;;;;;;;;;;;;;;;;;;;;;;;;;;;;;;;;;;;;;;;;;;;;;;;;;;;;;;;;
5.800;;;;;;;;;;;;;;;;;;;;;;;;;;;;;;;;;;;;;;;;;;;;;;;;;;;;;;;;;;;;;;;;;;;;;;;;;;;;;;;;;;;;;;;;;;;;;;;;;;;;;;;;;;;;;;;;;;;;;;;;;;;;;;;;;;;;;;;;;;;;;;
5.700;;;;;;;;;;;;;;;;;;;;;;;;;;;;;;;;;;;;;;;;;;;;;;;;;;;;;;;;;;;;;;;;;;;;;;;;;;;;;;;;;;;;;;;;;;;;;;;;;;;;;;;;;;;;;;;;;;;;;;;;;;;;;;;;;;;;;;;;;;;;;;
5.600;;;;;;;;;;;;;;;;;;;;;;;;;;;;;;;;;;;;;;;;;;;;;;;;;;;;;;;;;;;;;;;;;;;;;;;;;;;;;;;;;;;;;;;;;;;;;;;;;;;;;;;;;;;;;;;;;;;;;;;;;;;;;;;;;;;;;;;;;;;;;;
5.500;;;;;;;;;;;;;;;;;;;;;;;;;;;;;;;;;;;;;;;;;;;;;;;;;;;;;;;;;;;;;;;;;;;;;;;;;;;;;;;;;;;;;;;;;;;;;;;;;;;;;;;;;;;;;;;;;;;;;;;;;;;;;;;;;;;;;;;;;;;;;;
5.400;;;;;;;;;;;;;;;;;;;;;;;;;;;;;;;;;;;;;;;;;;;;;;;;;;;;;;;;;;;;;;;;;;;;;;;;;;;;;;;;;;;;;;;;;;;;;;;;;;;;;;;;;;;;;;;;;;;;;;;;;;;;;;;;;;;;;;;;;;;;;;
5.300;;;;;;;;;;;;;;;;;;;;;;;;;;;;;;;;;;;;;;;;;;;;;;;;;;;;;;;;;;;;;;;;;;;;;;;;;;;;;;;;;;;;;;;;;;;;;;;;;;;;;;;;;;;;;;;;;;;;;;;;;;;;;;;;;;;;;;;;;;;;;;
5.200;;;;;;;;;;;;;;;;;;;;;;;;;;;;;;;;;;;;;;;;;;;;;;;;;;;;;;;;;;;;;;;;;;;;;;;;;;;;;;;;;;;;;;;;;;;;;;;;;;;;;;;;;;;;;;;;;;;;;;;;;;;;;;;;;;;;;;;;;;;;;;
5.100;;;;;;;;;;;;;;;;;;;;;;;;;;;;;;;;;;;;;;;;;;;;;;;;;;;;;;;;;;;;;;;;;;;;;;;;;;;;;;;;;;;;;;;;;;;;;;;;;;;;;;;;;;;;;;;;;;;;;;;;;;;;;;;;;;;;;;;;;;;;;;
5.000;;;;;;;;;;;;;;;;;;;;;;;;;;;;;;;;;;;;;;;;;;;;;;;;;;;;;;;;;;;;;;;;;;;;;;;;;;;;;;;;;;;;;;;;;;;;;;;;;;;;;;;;;;;;;;;;;;;;;;;;;;;;;;;;;;;;;;;;;;;;;;
4.900;;;;;;;;;;;;;;;;;;;;;;;;;;;;;;;;;;;;;;;;;;;;;;;;;;;;;;;;;;;;;;;;;;;;;;;;;;;;;;;;;;;;;;;;;;;;;;;;;;;;;;;;;;;;;;;;;;;;;;;;;;;;;;;;;;;;;;;;;;;;;;
4.800;;;;;;;;;;;;;;;;;;;;;;;;;;;;;;;;;;;;;;;;;;;;;;;;;;;;;;;;;;;;;;;;;;;;;;;;;;;;;;;;;;;;;;;;;;;;;;;;;;;;;;;;;;;;;;;;;;;;;;;;;;;;;;;;;;;;;;;;;;;;;;
4.700;;;;;;;;;;;;;;;;;;;;;;;;;;;;;;;;;;;;;;;;;;;;;;;;;;;;;;;;;;;;;;;;;;;;;;;;;;;;;;;;;;;;;;;;;;;;;;;;;;;;;;;;;;;;;;;;;;;;;;;;;;;;;;;;;;;;;;;;;;;;;;
4.600;;;;;;;;;;;;;;;;;;;;;;;;;;;;;;;;;;;;;;;;;;;;;;;;;;;;;;;;;;;;;;;;;;;;;;;;;;;;;;;;;;;;;;;;;;;;;;;;;;;;;;;;;;;;;;;;;;;;;;;;;;;;;;;;;;;;;;;;;;;;;;
4.500;;;;;;;;;;;;;;;;;;;;;;;;;;;;;;;;;;;;;;;;;;;;;;;;;;;;;;;;;;;;;;;;;;;;;;;;;;;;;;;;;;;;;;;;;;;;;;;;;;;;;;;;;;;;;;;;;;;;;;;;;;;;;;;;;;;;;;;;;;;;;;
4.400;;;;;;;;;;;;;;;;;;;;;;;;;;;;;;;;;;;;;;;;;;;;;;;;;;;;;;;;;;;;;;;;;;;;;;;;;;;;;;;;;;;;;;;;;;;;;;;;;;;;;;;;;;;;;;;;;;;;;;;;;;;;;;;;;;;;;;;;;;;;;;
4.300;;;;;;;;;;;;;;;;;;;;;;;;;;;;;;;;;;;;;;;;;;;;;;;;;;;;;;;;;;1634;1612;1592;1574;1558;1545;1533;1524;1516;1511;1507;1505;1505;1507;1510;1515;1522;1530;1540;1551;;;;;;;;;;;;;;;;;;;;;;;;;;;;;;;;;;;;;;;;;;;;;;;;;;;;;;;;;;;;;;;;;
4.200;;;;;;;;;;;;;;;;;;;;;;;;;;;;;;;;;;;;;;;;;;;;;;;;;;;;;;1674;1644;1615;1589;1565;1543;1523;1505;1489;1476;1464;1454;1447;1441;1437;1435;1434;1435;1438;1443;1449;1457;1466;1477;1489;1502;1517;1534;1551;;;;;;;;;;;;;;;;;;;;;;;;;;;;;;;;;;;;;;;;;;;;;;;;;;;;;;;;;;;;
4.100;;;;;;;;;;;;;;;;;;;;;;;;;;;;;;;;;;;;;;;;;;;;;;;;;;1747;1709;1673;1638;1606;1576;1548;1522;1498;1476;1456;1438;1422;1409;1397;1387;1379;1373;1369;1366;1365;1366;1369;1373;1379;1386;1395;1405;1417;1430;1445;1461;1478;1497;1517;1538;1561;;;;;;;;;;;;;;;;;;;;;;;;;;;;;;;;;;;;;;;;;;;;;;;;;;;;;;;;
4.000;;;;;;;;;;;;;;;;;;;;;;;;;;;;;;;;;;;;;;;;;;;;;;;1804;1761;1719;1680;1642;1606;1572;1540;1510;1482;1456;1432;1410;1391;1373;1357;1343;1331;1321;1313;1307;1302;1300;1299;1299;1301;1305;1311;1318;1326;1336;1347;1360;1374;1390;1407;1425;1445;1467;1489;1514;1539;1567;;;;;;;;;;;;;;;;;;;;;;;;;;;;;;;;;;;;;;;;;;;;;;;;;;;;;
3.900;;;;;;;;;;;;;;;;;;;;;;;;;;;;;;;;;;;;;;;;;;;;;1829;1782;1738;1695;1653;1614;1576;1541;1507;1475;1446;1418;1392;1368;1347;1327;1309;1293;1280;1268;1257;1249;1243;1238;1235;1234;1234;1236;1240;1245;1251;1259;1269;1280;1293;1306;1322;1338;1357;1376;1397;1420;1444;1469;1497;1525;1556;;;;;;;;;;;;;;;;;;;;;;;;;;;;;;;;;;;;;;;;;;;;;;;;;;;
3.800;;;;;;;;;;;;;;;;;;;;;;;;;;;;;;;;;;;;;;;;;;;1861;1811;1763;1717;1672;1630;1589;1550;1512;1477;1444;1412;1383;1355;1330;1306;1285;1265;1247;1231;1217;1205;1195;1187;1180;1175;1172;1171;1171;1172;1176;1181;1187;1195;1204;1215;1227;1241;1256;1272;1290;1310;1331;1353;1377;1402;1429;1458;1488;1520;1554;1590;;;;;;;;;;;;;;;;;;;;;;;;;;;;;;;;;;;;;;;;;;;;;;;;
3.700;;;;;;;;;;;;;;;;;;;;;;;;;;;;;;;;;;;;;;;;;1900;1847;1796;1747;1699;1653;1609;1566;1526;1487;1450;1415;1382;1351;1322;1294;1269;1245;1224;1204;1187;1171;1157;1145;1135;1126;1119;1114;1111;1109;1109;1111;1114;1119;1125;1132;1141;1152;1164;1177;1192;1209;1226;1246;1266;1289;1312;1338;1364;1393;1423;1455;1489;1525;1562;1602;;;;;;;;;;;;;;;;;;;;;;;;;;;;;;;;;;;;;;;;;;;;;;
3.600;;;;;;;;;;;;;;;;;;;;;;;;;;;;;;;;;;;;;;;1946;1890;1836;1784;1733;1684;1636;1591;1547;1505;1464;1426;1389;1355;1322;1291;1262;1235;1209;1186;1165;1145;1128;1112;1098;1086;1076;1067;1060;1055;1052;1050;1050;1051;1054;1058;1064;1072;1081;1091;1103;1116;1131;1147;1165;1184;1204;1226;1250;1275;1302;1331;1361;1393;1426;1462;1499;1539;1580;;;;;;;;;;;;;;;;;;;;;;;;;;;;;;;;;;;;;;;;;;;;;
3.500;;;;;;;;;;;;;;;;;;;;;;;;;;;;;;;;;;;;;;1941;1884;1828;1774;1722;1671;1622;1575;1530;1486;1444;1404;1366;1330;1295;1263;1232;1203;1176;1151;1128;1107;1088;1070;1055;1041;1029;1018;1010;1003;998;994;992;992;993;996;1000;1006;1013;1022;1032;1044;1057;1072;1088;1105;1124;1145;1167;1190;1215;1242;1270;1301;1332;1366;1401;1439;1478;1519;1563;1608;;;;;;;;;;;;;;;;;;;;;;;;;;;;;;;;;;;;;;;;;;;
3.400;;;;;;;;;;;;;;;;;;;;;;;;;;;;;;;;;;;;2000;1939;1880;1823;1768;1714;1662;1611;1563;1516;1471;1427;1386;1346;1308;1272;1238;1206;1175;1147;1120;1095;1072;1051;1032;1014;999;985;973;962;954;947;941;938;936;935;936;939;943;949;956;965;975;987;1000;1014;1030;1048;1067;1087;1109;1133;1158;1184;1213;1243;1274;1308;1343;1381;1420;1461;1504;1549;1597;1646;;;;;;;;;;;;;;;;;;;;;;;;;;;;;;;;;;;;;;;;;
3.300;;;;;;;;;;;;;;;;;;;;;;;;;;;;;;;;;;;2003;1941;1880;1821;1764;1709;1655;1603;1553;1505;1458;1413;1370;1329;1289;1252;1216;1182;1150;1119;1091;1065;1040;1017;996;977;960;944;930;918;908;899;892;887;883;881;881;882;884;888;894;901;910;920;931;944;959;975;992;1011;1031;1053;1077;1102;1129;1157;1187;1219;1252;1288;1325;1364;1405;1448;1493;1540;1590;1641;;;;;;;;;;;;;;;;;;;;;;;;;;;;;;;;;;;;;;;;
3.200;;;;;;;;;;;;;;;;;;;;;;;;;;;;;;;;;;2010;1945;1883;1822;1764;1707;1651;1598;1546;1496;1448;1402;1357;1314;1273;1234;1197;1161;1127;1095;1065;1037;1011;986;964;943;924;907;891;877;865;855;846;839;834;830;828;828;829;831;835;841;848;856;866;878;891;905;921;938;957;978;1000;1023;1048;1075;1103;1134;1165;1199;1234;1271;1310;1351;1394;1439;1486;1535;1587;1640;;;;;;;;;;;;;;;;;;;;;;;;;;;;;;;;;;;;;;;
3.100;;;;;;;;;;;;;;;;;;;;;;;;;;;;;;;;;2020;1954;1890;1827;1766;1708;1651;1596;1542;1491;1441;1393;1347;1303;1260;1219;1180;1143;1108;1074;1043;1013;985;959;934;912;891;872;855;840;826;814;804;795;788;783;779;777;776;777;780;784;789;796;805;814;826;839;853;869;887;905;926;948;971;997;1023;1052;1082;1114;1147;1183;1220;1259;1300;1342;1387;1434;1483;1534;1587;1643;1701;;;;;;;;;;;;;;;;;;;;;;;;;;;;;;;;;;;;;
3.000;;;;;;;;;;;;;;;;;;;;;;;;;;;;;;;;2034;1966;1900;1835;1773;1712;1654;1597;1542;1489;1437;1388;1340;1294;1250;1207;1167;1128;1091;1056;1023;991;962;934;908;884;861;841;822;805;790;776;764;754;745;738;733;729;727;727;727;730;734;739;746;755;764;776;789;803;819;836;855;876;898;922;947;974;1002;1032;1064;1098;1133;1170;1209;1250;1293;1338;1384;1433;1484;1537;1592;1649;1709;;;;;;;;;;;;;;;;;;;;;;;;;;;;;;;;;;;;
2.900;;;;;;;;;;;;;;;;;;;;;;;;;;;;;;;2053;1982;1913;1847;1783;1720;1660;1601;1544;1489;1436;1385;1336;1288;1242;1198;1156;1116;1077;1041;1006;973;942;912;885;859;835;813;792;773;757;741;728;716;706;697;690;685;681;679;678;679;682;686;691;698;706;716;728;740;755;771;788;807;828;850;874;899;926;954;985;1016;1050;1086;1123;1162;1203;1245;1290;1337;1385;1436;1489;1543;1600;1660;1721;;;;;;;;;;;;;;;;;;;;;;;;;;;;;;;;;;;
2.800;;;;;;;;;;;;;;;;;;;;;;;;;;;;;;2075;2002;1931;1863;1796;1732;1669;1609;1550;1494;1439;1386;1335;1286;1238;1193;1149;1107;1067;1029;992;957;925;893;864;837;811;787;765;745;726;710;694;681;669;659;651;644;638;635;632;632;633;635;639;644;651;660;670;681;694;708;724;742;761;781;803;827;853;880;908;939;971;1004;1040;1077;1116;1157;1200;1244;1291;1339;1390;1442;1497;1554;1612;1673;1737;;;;;;;;;;;;;;;;;;;;;;;;;;;;;;;;;;
2.700;;;;;;;;;;;;;;;;;;;;;;;;;;;;;2102;2026;1953;1882;1813;1747;1682;1620;1560;1501;1445;1390;1337;1286;1237;1190;1145;1101;1059;1019;981;945;911;878;847;818;791;765;742;720;699;681;664;649;636;624;614;606;599;593;590;588;587;588;590;594;599;606;615;625;636;649;663;679;697;716;736;759;783;808;835;864;894;926;960;996;1033;1072;1113;1156;1200;1247;1295;1346;1398;1452;1509;1567;1628;1691;1756;;;;;;;;;;;;;;;;;;;;;;;;;;;;;;;;;
2.600;;;;;;;;;;;;;;;;;;;;;;;;;;;;2133;2055;1979;1906;1835;1766;1699;1635;1573;1512;1454;1398;1343;1290;1240;1191;1144;1098;1055;1013;974;936;900;865;833;802;773;746;721;697;676;656;637;621;606;592;581;571;562;555;550;546;544;544;544;547;551;556;563;571;581;593;606;620;636;654;673;693;716;740;765;792;821;852;884;918;953;991;1030;1071;1114;1158;1205;1253;1303;1356;1410;1466;1524;1585;1647;1712;1778;;;;;;;;;;;;;;;;;;;;;;;;;;;;;;;;
2.500;;;;;;;;;;;;;;;;;;;;;;;;;;;2169;2088;2009;1934;1860;1789;1720;1654;1589;1527;1467;1408;1352;1298;1245;1195;1146;1099;1054;1011;969;930;892;856;822;790;759;730;703;678;655;633;613;595;578;564;550;539;529;520;514;508;505;503;502;503;505;509;514;521;530;540;551;564;578;594;612;631;652;674;698;724;751;780;811;843;877;913;950;989;1030;1073;1118;1164;1213;1263;1315;1369;1425;1483;1543;1605;1669;1736;1804;;;;;;;;;;;;;;;;;;;;;;;;;;;;;;;
2.400;;;;;;;;;;;;;;;;;;;;;;;;;;;2125;2044;1966;1890;1816;1745;1676;1610;1546;1483;1423;1365;1309;1254;1202;1152;1103;1056;1011;968;927;888;850;814;780;748;718;689;662;637;614;592;573;555;538;523;510;499;489;480;474;468;465;463;462;463;465;469;474;481;490;500;511;524;538;555;572;591;612;635;659;684;712;741;771;804;838;874;911;950;992;1034;1079;1125;1174;1224;1276;1330;1386;1444;1503;1565;1629;1695;1763;;;;;;;;;;;;;;;;;;;;;;;;;;;;;;;
2.300;;;;;;;;;;;;;;;;;;;;;;;;;;2167;2084;2002;1924;1848;1774;1703;1634;1568;1504;1441;1381;1323;1267;1213;1161;1110;1062;1015;970;927;886;847;810;774;740;708;678;650;623;598;575;553;534;516;499;485;472;460;450;442;435;430;426;424;424;425;427;431;436;443;451;461;473;486;500;516;534;553;574;596;621;646;674;703;734;766;800;836;874;913;954;997;1042;1088;1137;1187;1239;1293;1348;1406;1466;1527;1591;1657;1724;1794;;;;;;;;;;;;;;;;;;;;;;;;;;;;;;
2.200;;;;;;;;;;;;;;;;;;;;;;;;;2214;2128;2044;1962;1884;1808;1734;1663;1594;1528;1463;1401;1341;1283;1227;1173;1121;1071;1022;976;931;889;848;808;771;736;702;670;640;612;585;561;538;516;497;479;462;448;435;423;414;405;399;393;390;388;387;388;390;394;400;406;415;425;436;449;464;480;497;517;537;560;584;610;637;666;697;730;764;800;838;877;919;961;1006;1053;1101;1151;1203;1257;1312;1370;1430;1491;1554;1620;1687;1757;1828;;;;;;;;;;;;;;;;;;;;;;;;;;;;;
2.100;;;;;;;;;;;;;;;;;;;;;;;;;2177;2090;2006;1924;1846;1769;1696;1625;1556;1489;1425;1363;1303;1245;1189;1135;1083;1033;985;939;894;851;811;772;735;699;666;634;604;576;549;525;502;481;461;443;427;413;400;388;379;370;364;359;355;353;352;353;355;359;365;371;380;390;401;414;429;445;462;482;502;525;549;575;603;632;663;695;730;766;804;843;884;927;972;1019;1067;1117;1169;1223;1278;1336;1395;1456;1520;1585;1652;1721;1793;1866;;;;;;;;;;;;;;;;;;;;;;;;;;;;
2.000;;;;;;;;;;;;;;;;;;;;;;;;2230;2141;2054;1969;1888;1809;1733;1659;1588;1520;1453;1389;1327;1267;1209;1153;1100;1048;998;949;903;859;816;776;737;700;665;631;600;570;542;515;491;468;447;427;410;394;379;366;355;345;337;330;325;322;320;319;320;322;326;331;338;346;356;368;381;395;411;429;448;469;492;516;542;569;599;630;662;697;733;771;810;852;895;939;986;1034;1085;1136;1190;1246;1303;1362;1424;1487;1552;1619;1688;1759;1832;;;;;;;;;;;;;;;;;;;;;;;;;;;;
1.900;;;;;;;;;;;;;;;;;;;;;;;2289;2196;2106;2019;1935;1853;1775;1698;1625;1554;1485;1419;1355;1293;1233;1175;1119;1066;1014;964;916;870;825;783;742;704;667;632;598;567;537;509;483;459;436;415;396;378;362;347;335;323;314;305;299;294;290;288;287;288;291;294;300;307;315;325;336;349;364;380;397;417;437;460;484;510;538;567;598;631;665;701;739;779;820;864;908;955;1003;1054;1105;1159;1215;1272;1331;1392;1455;1520;1587;1656;1727;1800;1875;;;;;;;;;;;;;;;;;;;;;;;;;;;
1.800;;;;;;;;;;;;;;;;;;;;;;;2257;2164;2074;1987;1902;1821;1742;1666;1592;1521;1453;1386;1322;1260;1201;1143;1087;1034;982;932;884;838;794;752;711;672;636;601;568;536;507;479;453;428;406;385;365;348;332;317;305;293;284;276;269;264;260;258;258;258;261;265;270;277;285;295;306;319;333;350;367;386;407;430;454;480;508;537;568;601;635;672;710;749;791;834;879;925;974;1024;1076;1130;1185;1242;1302;1363;1426;1490;1557;1626;1697;1770;1845;;;;;;;;;;;;;;;;;;;;;;;;;;;
1.700;;;;;;;;;;;;;;;;;;;;;;2323;2227;2134;2043;1956;1872;1790;1711;1635;1562;1491;1422;1356;1292;1230;1170;1113;1057;1003;952;902;854;808;764;722;682;643;606;572;538;507;478;450;424;400;377;356;337;319;304;289;276;265;256;248;241;236;232;230;230;230;233;236;242;248;257;266;278;291;305;321;339;358;379;401;426;452;479;509;540;572;607;643;681;721;762;806;851;897;946;996;1048;1102;1157;1214;1273;1335;1397;1462;1529;1598;1669;1741;1816;1893;;;;;;;;;;;;;;;;;;;;;;;;;;
1.600;;;;;;;;;;;;;;;;;;;;;;2294;2198;2105;2015;1927;1843;1761;1682;1606;1533;1462;1393;1327;1263;1201;1142;1084;1029;975;924;874;826;780;736;694;654;616;579;544;511;480;451;423;397;373;350;330;310;293;277;263;250;239;229;221;215;210;206;204;203;204;206;210;215;222;230;240;251;264;278;294;312;331;352;375;399;425;452;482;513;546;580;616;654;694;736;779;824;871;919;969;1021;1075;1130;1188;1247;1308;1371;1436;1502;1571;1642;1715;1789;1866;;;;;;;;;;;;;;;;;;;;;;;;;;
1.500;;;;;;;;;;;;;;;;;;;;;;2268;2172;2078;1988;1901;1816;1734;1656;1579;1506;1435;1366;1300;1236;1175;1115;1058;1002;949;897;848;800;754;711;669;628;590;553;519;486;455;425;398;372;348;325;305;286;268;252;238;225;214;205;197;190;185;181;179;178;179;181;185;190;197;205;215;226;239;253;269;287;306;327;349;373;399;427;456;487;520;555;591;629;669;710;754;799;845;894;944;996;1050;1105;1163;1222;1283;1346;1411;1477;1546;1617;1690;1764;1841;1920;;;;;;;;;;;;;;;;;;;;;;;;;
1.400;;;;;;;;;;;;;;;;;;;;;2343;2244;2147;2054;1963;1876;1791;1709;1631;1554;1481;1410;1342;1275;1212;1150;1091;1033;978;924;873;824;776;730;687;645;604;566;530;495;462;431;402;374;349;325;302;281;262;245;229;215;202;191;182;174;167;162;158;156;155;156;158;162;167;174;182;192;203;215;230;246;263;282;303;326;350;376;403;432;464;496;531;567;605;645;687;730;775;822;870;920;972;1026;1082;1139;1198;1259;1322;1387;1454;1523;1593;1666;1741;1818;1897;;;;;;;;;;;;;;;;;;;;;;;;;
1.300;;;;;;;;;;;;;;;;;;;;;2321;2221;2125;2031;1940;1853;1768;1686;1608;1531;1458;1387;1319;1253;1189;1127;1068;1010;955;902;851;801;754;708;664;622;582;544;508;473;440;409;380;353;327;303;281;260;241;224;208;194;181;170;160;152;146;141;137;135;134;135;137;141;146;152;160;170;181;194;208;224;241;260;281;303;328;353;381;410;441;474;509;545;583;623;664;708;753;799;848;898;950;1004;1060;1117;1176;1237;1300;1365;1432;1501;1571;1644;1719;1797;1876;1957;;;;;;;;;;;;;;;;;;;;;;;;
1.200;;;;;;;;;;;;;;;;;;;;2403;2300;2201;2104;2010;1919;1832;1747;1665;1586;1510;1437;1366;1298;1232;1168;1106;1047;990;934;881;830;781;733;688;644;602;562;524;488;453;420;390;360;333;307;283;261;240;221;204;188;174;161;150;141;133;126;121;117;115;114;115;117;121;126;132;140;150;161;174;188;203;221;240;261;283;307;333;360;390;421;453;488;524;562;602;643;687;732;779;827;877;930;983;1039;1096;1156;1217;1280;1345;1411;1480;1551;1624;1699;1777;1856;1938;;;;;;;;;;;;;;;;;;;;;;;;
1.100;;;;;;;;;;;;;;;;;;;;2385;2282;2182;2085;1991;1900;1813;1728;1646;1567;1491;1418;1347;1278;1212;1149;1087;1028;971;916;862;811;762;715;669;625;584;544;506;469;435;402;371;342;315;289;265;243;222;203;186;170;156;143;132;123;115;108;103;99;97;96;97;99;102;107;114;122;131;142;155;169;185;202;221;242;264;288;314;341;370;401;434;469;505;543;583;624;667;712;759;808;858;910;964;1020;1077;1136;1198;1261;1326;1393;1461;1533;1606;1681;1758;1838;1920;2004;;;;;;;;;;;;;;;;;;;;;;;
1.000;;;;;;;;;;;;;;;;;;;;2368;2266;2166;2068;1974;1883;1796;1711;1629;1550;1474;1400;1330;1261;1195;1132;1070;1011;954;899;845;794;745;698;652;609;567;527;489;453;418;386;355;326;298;273;249;227;206;187;170;154;140;127;116;106;98;92;87;83;81;80;80;82;86;91;97;105;115;126;138;152;168;185;204;224;247;271;296;324;353;384;416;451;487;525;565;606;650;695;741;790;840;893;946;1002;1060;1119;1180;1243;1308;1375;1444;1515;1589;1664;1742;1822;1904;1988;;;;;;;;;;;;;;;;;;;;;;;
0.900;;;;;;;;;;;;;;;;;;;;2354;2251;2151;2054;1959;1868;1780;1696;1614;1535;1458;1385;1314;1246;1180;1116;1055;996;938;883;830;779;730;683;637;594;552;512;474;438;404;371;340;311;284;258;234;212;191;172;155;139;125;113;101;92;84;77;72;68;66;65;65;67;71;76;82;90;99;110;123;137;152;169;188;209;231;255;280;308;337;368;400;435;471;509;549;590;633;678;725;774;824;876;930;986;1043;1103;1164;1227;1292;1359;1428;1500;1573;1649;1727;1807;1889;1973;;;;;;;;;;;;;;;;;;;;;;;
0.800;;;;;;;;;;;;;;;;;;;2448;2342;2239;2138;2041;1946;1855;1767;1682;1600;1521;1445;1372;1301;1232;1166;1103;1041;982;925;870;817;766;717;669;624;581;539;499;461;425;391;358;327;298;271;245;221;199;178;159;142;126;112;99;88;79;71;64;59;55;52;52;52;54;57;62;69;76;86;97;109;123;138;155;174;195;217;241;266;293;322;353;386;420;456;494;534;575;619;664;710;759;809;861;915;971;1029;1088;1149;1213;1278;1345;1414;1486;1559;1635;1713;1793;1876;1961;2048;;;;;;;;;;;;;;;;;;;;;;
0.700;;;;;;;;;;;;;;;;;;;2438;2332;2228;2127;2030;1935;1844;1756;1671;1589;1510;1433;1360;1289;1221;1155;1091;1030;970;913;858;805;754;705;658;613;569;528;488;450;414;379;347;316;287;259;234;210;188;167;148;131;115;101;88;77;67;59;52;47;43;41;40;40;42;46;50;57;64;74;84;97;111;126;143;162;182;204;228;253;281;310;340;373;407;443;481;521;562;605;650;697;746;796;848;902;958;1016;1075;1136;1200;1265;1332;1402;1473;1547;1623;1701;1782;1865;1950;2037;;;;;;;;;;;;;;;;;;;;;;
0.600;;;;;;;;;;;;;;;;;;;2430;2324;2220;2119;2021;1926;1835;1746;1661;1579;1500;1424;1350;1279;1211;1145;1081;1020;961;904;849;796;745;695;648;603;559;518;478;440;404;369;337;306;277;250;224;200;178;157;138;121;105;91;78;67;57;49;42;37;33;31;30;30;32;35;40;46;54;63;74;86;100;115;132;151;171;193;217;242;269;298;329;361;396;432;469;509;550;594;639;685;734;784;837;890;946;1004;1063;1125;1188;1254;1321;1391;1462;1536;1612;1691;1772;1855;1940;2028;;;;;;;;;;;;;;;;;;;;;;
0.500;;;;;;;;;;;;;;;;;;;2424;2317;2213;2112;2014;1919;1827;1739;1654;1571;1492;1416;1342;1271;1203;1137;1073;1012;953;895;840;787;736;687;640;595;551;510;470;432;396;361;329;298;269;242;216;192;170;149;130;113;97;82;70;58;49;40;34;28;24;22;21;21;23;26;31;37;45;54;65;77;91;106;123;141;162;184;207;233;260;289;319;352;386;422;459;499;540;584;629;675;724;774;826;880;936;994;1053;1115;1178;1244;1311;1381;1453;1527;1603;1682;1763;1846;1932;2020;;;;;;;;;;;;;;;;;;;;;;
0.400;;;;;;;;;;;;;;;;;;2529;2420;2313;2209;2107;2009;1914;1822;1733;1648;1565;1486;1410;1336;1265;1196;1130;1067;1005;946;889;834;781;730;681;634;588;545;503;464;426;389;355;322;291;262;235;209;185;163;142;123;106;90;76;63;52;42;34;27;21;17;15;14;14;16;19;24;30;37;47;57;69;83;98;115;134;154;176;199;225;252;280;311;343;377;413;451;491;532;575;620;667;715;766;818;872;928;985;1045;1107;1170;1236;1303;1373;1445;1519;1596;1675;1756;1840;1926;2014;;;;;;;;;;;;;;;;;;;;;;
0.300;;;;;;;;;;;;;;;;;;2527;2418;2311;2206;2104;2006;1910;1818;1730;1644;1561;1482;1405;1332;1261;1192;1126;1062;1001;942;885;830;777;725;676;629;584;540;499;459;421;385;350;318;287;257;230;204;180;158;137;118;101;85;70;58;46;36;28;21;16;12;9;8;8;10;13;18;24;32;41;51;63;77;92;109;127;148;169;193;218;245;274;304;337;371;407;444;484;525;568;613;660;708;759;811;865;921;978;1038;1100;1163;1229;1297;1367;1439;1513;1590;1669;1751;1835;1921;2009;2100;;;;;;;;;;;;;;;;;;;;;
0.200;;;;;;;;;;;;;;;;;;2528;2418;2310;2205;2103;2005;1909;1817;1728;1642;1559;1480;1403;1329;1258;1189;1123;1060;998;939;882;827;774;723;673;626;581;537;496;456;418;381;347;314;283;254;227;201;177;154;134;114;97;81;67;54;42;32;24;17;12;8;5;4;4;6;9;14;20;27;36;47;59;72;88;104;123;143;165;188;213;240;269;299;331;366;401;439;478;520;563;608;654;703;753;805;859;915;973;1033;1095;1158;1224;1292;1362;1434;1509;1586;1665;1747;1831;1918;2007;2097;;;;;;;;;;;;;;;;;;;;;
0.100;;;;;;;;;;;;;;;;;;2530;2420;2312;2207;2105;2006;1910;1817;1728;1642;1559;1479;1403;1329;1257;1189;1122;1059;997;938;881;825;772;721;672;625;579;536;494;454;416;380;345;313;282;252;225;199;175;152;132;112;95;79;64;51;40;30;22;15;9;5;2;1;1;3;6;11;17;24;33;44;56;69;84;101;120;140;161;185;210;237;265;296;328;362;398;435;475;516;559;604;650;699;749;802;856;912;969;1029;1091;1155;1221;1289;1359;1431;1506;1583;1663;1745;1829;1916;2005;2096;;;;;;;;;;;;;;;;;;;;;
0.000;;;;;;;;;;;;;;;;;;2534;2424;2316;2210;2108;2008;1912;1820;1730;1644;1561;1481;1404;1330;1258;1190;1123;1059;998;938;881;826;773;722;672;625;580;536;494;454;416;380;345;313;281;252;225;199;174;152;131;112;94;78;64;51;39;29;21;14;8;4;1;0;0;2;5;9;15;23;32;42;54;68;83;100;118;138;160;183;208;235;264;294;326;360;396;433;473;514;557;602;648;697;747;799;853;909;967;1027;1089;1153;1219;1287;1357;1430;1505;1582;1662;1744;1829;1916;2005;2097;;;;;;;;;;;;;;;;;;;;;
-0.100;;;;;;;;;;;;;;;;;;2540;2429;2321;2216;2113;2013;1917;1824;1734;1648;1564;1484;1407;1333;1261;1192;1126;1062;1000;941;883;828;775;724;674;627;582;538;496;456;418;382;347;314;283;254;226;200;176;153;132;113;95;79;64;51;40;30;21;14;8;4;2;0;0;2;5;9;15;23;32;42;54;68;83;100;118;138;160;183;208;235;263;294;326;360;395;433;472;513;556;601;648;696;747;799;853;909;967;1027;1089;1153;1219;1287;1358;1430;1506;1583;1663;1746;1830;1918;2007;2099;;;;;;;;;;;;;;;;;;;;;
-0.200;;;;;;;;;;;;;;;;;;2548;2437;2329;2223;2120;2020;1923;1830;1740;1653;1570;1490;1412;1338;1266;1197;1130;1066;1004;945;887;832;779;727;678;631;585;541;500;459;421;385;350;317;286;256;229;203;178;156;135;115;97;81;66;53;42;32;23;16;10;6;3;2;2;4;7;11;17;24;33;44;56;69;84;101;119;139;161;184;209;236;265;295;327;361;397;434;473;515;557;602;649;697;748;800;854;910;968;1028;1090;1154;1220;1289;1359;1432;1508;1585;1666;1748;1833;1921;2011;2103;;;;;;;;;;;;;;;;;;;;;
-0.300;;;;;;;;;;;;;;;;;;2557;2447;2338;2232;2129;2029;1932;1838;1748;1661;1577;1497;1419;1344;1272;1203;1136;1072;1010;951;893;838;784;733;683;636;590;546;505;464;426;389;355;322;290;261;233;207;182;160;139;119;101;85;70;57;45;35;26;19;14;9;7;5;5;7;10;14;20;28;36;47;59;72;87;104;122;142;164;187;212;239;268;298;330;364;399;437;476;517;560;605;652;700;751;803;857;913;971;1031;1093;1157;1224;1292;1363;1436;1512;1589;1670;1753;1838;1926;2016;2108;;;;;;;;;;;;;;;;;;;;;
-0.400;;;;;;;;;;;;;;;;;;2569;2459;2350;2244;2140;2040;1943;1849;1758;1671;1587;1506;1428;1353;1281;1211;1144;1080;1018;958;900;845;791;740;690;643;597;553;511;471;433;396;361;328;297;267;239;213;188;165;144;125;107;90;75;62;50;40;31;24;18;14;11;10;10;11;14;19;25;32;41;51;63;77;92;109;127;147;169;192;217;244;272;302;335;368;404;441;481;522;565;610;656;705;755;807;861;917;976;1036;1098;1162;1229;1297;1368;1441;1517;1595;1676;1759;1844;1932;2023;2115;;;;;;;;;;;;;;;;;;;;;
-0.500;;;;;;;;;;;;;;;;;;2583;2472;2363;2257;2153;2053;1955;1861;1770;1682;1598;1517;1439;1364;1291;1221;1154;1090;1027;967;910;854;800;749;699;651;606;562;519;479;441;404;369;336;304;274;246;220;195;172;151;131;113;97;82;69;57;47;38;30;25;20;17;16;16;18;20;25;31;38;47;58;69;83;98;115;133;153;175;198;223;250;278;309;341;375;410;448;487;528;571;616;662;711;761;813;868;924;982;1042;1104;1169;1235;1304;1375;1448;1524;1603;1683;1767;1852;1940;2031;2123;;;;;;;;;;;;;;;;;;;;;
-0.600;;;;;;;;;;;;;;;;;;2598;2487;2379;2272;2168;2067;1970;1875;1784;1696;1611;1530;1451;1376;1303;1233;1166;1101;1039;978;920;865;811;759;709;662;616;572;529;489;450;413;378;345;313;284;255;229;204;181;160;140;122;105;90;77;65;55;46;38;32;28;25;24;24;25;28;33;38;46;55;65;77;91;106;123;141;161;183;206;231;258;286;317;349;382;418;456;495;536;579;624;670;719;769;821;876;932;990;1050;1112;1177;1244;1312;1384;1457;1533;1612;1693;1776;1862;1950;2041;2134;;;;;;;;;;;;;;;;;;;;;
-0.700;;;;;;;;;;;;;;;;;;2615;2505;2396;2289;2185;2084;1986;1891;1800;1712;1627;1545;1466;1390;1317;1247;1179;1114;1052;991;933;877;823;771;721;673;627;583;541;500;462;425;389;356;324;294;266;239;215;191;170;150;132;115;100;86;75;64;55;48;42;37;34;33;33;34;37;42;48;55;64;74;86;100;115;132;150;170;192;215;240;267;296;326;358;392;428;465;504;545;588;633;680;728;779;831;885;941;1000;1060;1122;1187;1254;1323;1394;1468;1544;1623;1704;1787;1873;1962;2053;2145;;;;;;;;;;;;;;;;;;;;;
-0.800;;;;;;;;;;;;;;;;;;2634;2524;2415;2309;2205;2103;2005;1910;1818;1729;1644;1562;1482;1406;1333;1263;1195;1129;1066;1006;947;891;837;785;735;687;641;596;554;513;474;437;402;368;337;307;278;252;227;203;182;162;143;127;111;98;86;75;66;59;53;48;45;44;44;45;48;52;58;66;75;85;97;111;126;143;161;181;203;226;251;278;307;337;369;403;439;476;516;557;600;644;691;740;790;842;897;953;1011;1072;1134;1199;1266;1335;1406;1480;1556;1635;1717;1800;1887;1975;2066;2159;;;;;;;;;;;;;;;;;;;;;
-0.900;;;;;;;;;;;;;;;;;;2654;2545;2436;2330;2226;2124;2025;1930;1838;1749;1663;1580;1501;1424;1351;1280;1212;1146;1083;1022;964;907;853;801;751;702;656;611;569;528;489;452;416;383;351;321;292;265;240;217;195;175;156;140;124;111;98;88;79;71;65;61;58;56;56;57;60;65;71;78;87;98;110;123;138;155;174;194;216;239;264;291;320;350;382;416;452;489;529;570;613;657;704;753;803;855;910;966;1024;1085;1147;1212;1279;1348;1420;1494;1571;1650;1731;1815;1901;1990;2081;2174;;;;;;;;;;;;;;;;;;;;;
-1.000;;;;;;;;;;;;;;;;;;2677;2568;2459;2353;2249;2147;2048;1952;1860;1770;1684;1601;1522;1445;1371;1299;1231;1165;1102;1040;982;925;871;818;768;719;673;628;585;544;505;468;432;398;366;336;307;281;255;232;210;190;171;154;139;125;113;102;93;85;79;75;72;70;70;71;74;79;85;92;101;112;124;137;153;169;188;208;230;253;279;306;334;365;397;431;466;504;543;584;627;672;719;767;818;870;925;981;1040;1100;1163;1228;1295;1364;1436;1510;1587;1666;1747;1832;1918;2007;2098;2191;;;;;;;;;;;;;;;;;;;;;
-1.100;;;;;;;;;;;;;;;;;;2700;2592;2484;2378;2274;2172;2073;1977;1884;1794;1708;1624;1544;1467;1392;1321;1252;1186;1122;1060;1001;945;890;837;787;738;691;646;603;562;523;486;450;416;384;353;325;297;272;248;226;206;187;170;155;141;129;118;109;101;95;90;87;85;85;87;90;94;100;108;117;127;139;153;168;185;204;224;246;269;295;322;350;381;413;447;483;520;560;601;644;689;735;784;835;887;941;998;1056;1117;1180;1245;1312;1381;1453;1528;1604;1684;1766;1850;1937;2026;2117;2210;;;;;;;;;;;;;;;;;;;;;
-1.200;;;;;;;;;;;;;;;;;;;2618;2511;2405;2301;2199;2100;2003;1910;1820;1733;1649;1569;1491;1416;1344;1275;1208;1144;1082;1023;966;911;858;807;758;712;667;623;582;543;505;469;435;403;372;343;316;291;267;245;224;205;188;173;159;146;135;126;118;112;107;104;103;103;104;107;111;117;125;134;144;157;170;186;203;221;242;264;287;313;340;368;399;431;465;501;538;578;619;662;707;754;802;853;905;960;1016;1075;1136;1198;1264;1331;1401;1473;1547;1624;1703;1785;1870;1957;2046;2137;2230;;;;;;;;;;;;;;;;;;;;;
-1.300;;;;;;;;;;;;;;;;;;;2646;2539;2434;2330;2228;2129;2032;1938;1848;1761;1676;1595;1517;1442;1369;1300;1233;1168;1106;1047;989;934;881;830;781;734;688;645;604;564;526;490;456;423;393;364;336;311;287;265;244;225;208;192;178;165;155;145;137;131;126;123;122;121;123;126;130;136;144;153;163;176;189;205;222;241;261;283;307;332;359;388;419;451;485;521;558;598;639;682;727;774;823;873;926;980;1037;1095;1156;1219;1284;1352;1422;1494;1568;1645;1725;1807;1892;1979;2068;2159;2252;;;;;;;;;;;;;;;;;;;;;
-1.400;;;;;;;;;;;;;;;;;;;2675;2569;2464;2361;2259;2159;2063;1969;1878;1790;1705;1624;1545;1470;1397;1327;1259;1194;1132;1072;1014;959;905;854;805;757;712;668;627;587;549;513;478;446;415;386;358;333;309;286;265;246;229;213;199;186;175;166;158;152;147;144;142;142;143;146;151;157;164;173;184;196;210;226;243;262;282;304;328;353;380;409;440;472;506;542;580;620;661;704;749;796;844;895;948;1002;1059;1118;1179;1242;1307;1374;1444;1517;1591;1669;1748;1831;1915;2003;2092;2183;;;;;;;;;;;;;;;;;;;;;;
-1.500;;;;;;;;;;;;;;;;;;;2705;2601;2496;2393;2292;2192;2095;2001;1910;1822;1737;1655;1575;1499;1426;1356;1288;1222;1160;1099;1041;985;932;880;830;783;737;694;652;612;574;537;503;470;439;410;382;356;332;309;289;269;252;236;222;209;198;188;180;174;169;166;164;164;166;168;173;179;187;196;206;219;233;248;266;284;305;327;351;376;404;432;463;496;530;566;603;643;684;728;773;819;868;919;972;1026;1083;1142;1203;1266;1331;1399;1469;1541;1616;1694;1774;1856;1941;2028;2118;2209;;;;;;;;;;;;;;;;;;;;;;
-1.600;;;;;;;;;;;;;;;;;;;;2634;2530;2428;2326;2227;2130;2036;1944;1856;1770;1687;1608;1531;1457;1386;1318;1252;1189;1128;1070;1014;960;908;858;810;765;721;679;638;600;564;529;496;465;435;407;381;357;335;314;294;277;261;246;233;222;213;205;198;193;190;188;188;189;192;197;203;211;220;231;243;257;273;290;309;329;352;375;401;428;457;488;521;555;591;629;668;710;753;798;845;894;945;997;1052;1109;1168;1229;1292;1357;1425;1495;1568;1643;1721;1801;1883;1968;2056;2145;2236;;;;;;;;;;;;;;;;;;;;;;
-1.700;;;;;;;;;;;;;;;;;;;;2668;2566;2464;2363;2264;2167;2072;1980;1891;1805;1722;1642;1565;1491;1419;1351;1284;1221;1160;1101;1044;990;938;888;840;794;749;707;667;628;592;557;524;492;463;435;409;384;361;340;321;303;287;272;260;248;239;231;224;219;216;214;214;215;218;223;229;236;246;256;269;283;299;316;335;356;378;402;428;455;484;515;548;582;618;656;695;737;780;825;872;921;972;1025;1080;1137;1196;1257;1320;1386;1454;1524;1597;1672;1749;1830;1912;1997;2085;2174;2266;;;;;;;;;;;;;;;;;;;;;;
-1.800;;;;;;;;;;;;;;;;;;;;2704;2603;2501;2401;2302;2205;2111;2019;1929;1843;1759;1679;1601;1526;1454;1385;1319;1254;1193;1134;1077;1022;970;919;871;824;780;738;697;658;621;586;553;522;492;464;437;413;390;369;349;331;315;300;287;276;266;258;252;247;243;242;241;243;246;250;256;264;273;284;297;311;327;344;363;384;406;430;456;483;513;544;576;611;647;685;724;766;809;855;902;951;1001;1054;1109;1166;1225;1286;1350;1416;1484;1554;1627;1702;1780;1860;1943;2028;2116;2205;;;;;;;;;;;;;;;;;;;;;;;
-1.900;;;;;;;;;;;;;;;;;;;;2740;2641;2541;2441;2343;2246;2151;2059;1969;1883;1799;1718;1639;1564;1492;1422;1355;1290;1228;1168;1111;1056;1003;952;904;857;813;770;729;690;653;618;584;553;523;495;468;443;420;399;379;361;345;330;317;306;296;288;281;276;273;271;271;272;275;279;286;293;303;314;326;340;356;374;393;414;436;460;486;514;543;574;607;641;677;715;755;797;840;885;933;982;1033;1086;1141;1198;1257;1318;1382;1447;1516;1586;1659;1735;1813;1893;1976;2061;2149;2238;;;;;;;;;;;;;;;;;;;;;;;
-2.000;;;;;;;;;;;;;;;;;;;;;2680;2581;2483;2385;2288;2194;2101;2012;1924;1840;1758;1680;1604;1531;1460;1393;1328;1265;1205;1147;1092;1039;988;939;892;847;804;763;724;687;651;617;586;555;527;501;476;452;431;411;393;377;362;349;337;327;319;312;307;304;302;302;303;306;311;317;325;334;345;358;372;388;405;424;445;468;492;518;546;575;606;639;674;710;748;788;830;873;918;966;1015;1066;1119;1174;1231;1290;1351;1415;1481;1549;1620;1693;1769;1847;1927;2010;2096;2183;2273;;;;;;;;;;;;;;;;;;;;;;;
-2.100;;;;;;;;;;;;;;;;;;;;;2720;2623;2526;2429;2333;2238;2146;2056;1968;1883;1801;1722;1646;1572;1501;1433;1367;1304;1244;1186;1130;1076;1025;976;928;883;840;799;759;722;686;652;620;590;562;535;510;487;465;445;427;410;395;382;370;360;352;345;340;337;335;335;336;339;344;350;358;367;378;391;405;421;439;458;479;502;526;552;580;609;640;673;708;744;782;822;864;908;953;1000;1049;1101;1154;1209;1266;1325;1387;1451;1517;1585;1656;1729;1805;1883;1964;2047;2132;2220;;;;;;;;;;;;;;;;;;;;;;;;
-2.200;;;;;;;;;;;;;;;;;;;;;;2666;2570;2474;2378;2284;2192;2102;2014;1929;1846;1767;1690;1616;1544;1475;1409;1346;1285;1226;1170;1116;1064;1014;967;921;878;836;797;759;723;689;657;627;598;571;546;522;501;481;462;446;431;417;406;396;387;380;375;372;370;369;371;374;378;385;392;402;413;426;440;456;474;493;514;537;561;588;615;645;676;709;744;780;819;859;900;944;990;1037;1086;1137;1191;1246;1303;1362;1424;1488;1554;1623;1694;1767;1843;1921;2002;2085;2170;2258;;;;;;;;;;;;;;;;;;;;;;;;
-2.300;;;;;;;;;;;;;;;;;;;;;;2710;2616;2520;2426;2332;2240;2150;2062;1976;1894;1813;1736;1661;1589;1520;1453;1389;1328;1268;1212;1157;1105;1055;1007;961;918;876;836;798;762;728;695;665;636;609;584;560;538;518;500;483;468;454;443;432;424;417;412;408;406;406;407;410;415;421;429;439;450;463;477;493;511;530;552;574;599;625;653;683;714;747;782;818;857;897;939;983;1028;1075;1125;1176;1229;1285;1342;1402;1463;1527;1593;1662;1733;1807;1883;1961;2042;2125;2210;2298;;;;;;;;;;;;;;;;;;;;;;;;
-2.400;;;;;;;;;;;;;;;;;;;;;;2755;2662;2568;2475;2382;2290;2200;2112;2026;1943;1862;1784;1709;1636;1566;1499;1435;1373;1313;1256;1201;1148;1098;1050;1004;959;917;877;839;803;768;736;705;676;649;623;600;578;558;539;522;507;493;481;471;463;456;451;447;445;445;446;449;454;460;468;477;488;501;516;532;550;569;591;614;638;665;693;722;754;787;822;858;897;937;979;1023;1068;1116;1165;1217;1270;1325;1383;1442;1504;1568;1635;1703;1775;1848;1924;2003;2083;2167;2252;;;;;;;;;;;;;;;;;;;;;;;;;
-2.500;;;;;;;;;;;;;;;;;;;;;;;2709;2617;2525;2433;2341;2252;2164;2078;1994;1913;1835;1759;1686;1615;1547;1482;1420;1360;1302;1247;1193;1143;1094;1048;1003;961;921;882;846;811;778;747;718;691;665;641;619;599;580;563;548;534;522;512;503;496;491;487;485;485;486;489;494;500;508;518;529;542;557;573;591;610;632;655;679;706;734;764;795;829;864;900;939;979;1021;1065;1111;1158;1208;1259;1313;1368;1426;1485;1547;1611;1678;1747;1818;1892;1968;2046;2127;2210;2295;;;;;;;;;;;;;;;;;;;;;;;;;
-2.600;;;;;;;;;;;;;;;;;;;;;;;2757;2667;2576;2485;2394;2305;2217;2131;2047;1966;1887;1811;1737;1666;1598;1532;1469;1408;1350;1294;1241;1190;1141;1094;1049;1006;966;927;890;855;822;791;762;734;709;685;662;642;623;606;591;577;565;554;546;539;533;530;528;527;529;532;536;543;550;560;571;584;599;615;633;653;675;698;722;749;777;807;839;872;907;944;983;1023;1065;1109;1155;1203;1252;1304;1357;1413;1470;1530;1592;1656;1723;1792;1863;1937;2013;2091;2172;2255;;;;;;;;;;;;;;;;;;;;;;;;;;
-2.700;;;;;;;;;;;;;;;;;;;;;;;;2718;2628;2539;2449;2360;2272;2186;2103;2021;1942;1865;1791;1719;1650;1584;1520;1459;1400;1344;1290;1239;1189;1142;1097;1054;1013;974;937;902;869;837;808;780;754;730;708;687;668;651;635;622;609;599;590;583;578;574;572;572;573;576;580;587;595;604;616;629;644;660;678;698;719;743;767;794;822;852;884;918;953;990;1028;1069;1111;1155;1201;1249;1298;1350;1404;1459;1517;1577;1639;1703;1770;1839;1910;1984;2060;2138;2219;2302;;;;;;;;;;;;;;;;;;;;;;;;;;
-2.800;;;;;;;;;;;;;;;;;;;;;;;;;2681;2593;2505;2417;2329;2244;2160;2078;1998;1921;1846;1774;1705;1638;1574;1512;1453;1396;1342;1290;1240;1192;1147;1103;1062;1023;986;950;917;885;856;828;802;777;755;734;715;698;682;668;656;645;637;629;624;620;618;618;619;622;627;633;641;651;662;675;690;706;725;744;766;789;814;841;869;900;931;965;1000;1037;1076;1117;1159;1203;1249;1297;1347;1398;1452;1508;1566;1626;1688;1752;1819;1888;1959;2033;2109;2187;2268;;;;;;;;;;;;;;;;;;;;;;;;;;;
-2.900;;;;;;;;;;;;;;;;;;;;;;;;;2735;2649;2562;2474;2388;2302;2219;2137;2057;1979;1904;1832;1762;1694;1630;1567;1508;1450;1395;1343;1293;1245;1199;1155;1113;1074;1036;1001;967;935;905;877;851;827;804;783;764;746;731;717;704;694;685;678;672;668;666;666;667;670;675;681;689;699;710;723;738;755;773;793;815;838;863;890;919;949;981;1014;1050;1087;1126;1167;1209;1253;1299;1347;1397;1449;1503;1558;1616;1676;1738;1803;1869;1938;2010;2083;2159;2238;2318;;;;;;;;;;;;;;;;;;;;;;;;;;;
-3.000;;;;;;;;;;;;;;;;;;;;;;;;;;2704;2619;2533;2448;2363;2279;2197;2117;2040;1964;1891;1821;1753;1688;1625;1564;1507;1451;1398;1348;1299;1253;1209;1167;1127;1089;1053;1019;987;957;929;903;878;855;834;815;797;781;767;755;744;735;728;722;718;716;716;717;720;725;731;739;749;760;774;788;805;823;844;865;889;914;941;970;1000;1032;1066;1101;1139;1178;1218;1261;1305;1351;1399;1449;1501;1555;1611;1669;1729;1791;1855;1922;1991;2062;2136;2212;2290;;;;;;;;;;;;;;;;;;;;;;;;;;;;
-3.100;;;;;;;;;;;;;;;;;;;;;;;;;;2760;2677;2593;2509;2425;2342;2260;2180;2102;2026;1953;1882;1814;1748;1684;1624;1565;1509;1456;1405;1356;1309;1265;1222;1182;1144;1108;1074;1042;1011;983;956;931;908;887;868;850;834;820;807;796;787;780;774;770;768;768;769;772;776;783;791;801;812;826;841;857;876;896;918;941;967;994;1023;1053;1085;1119;1155;1192;1231;1272;1315;1359;1406;1454;1504;1556;1609;1665;1723;1783;1845;1910;1976;2045;2116;2190;2266;;;;;;;;;;;;;;;;;;;;;;;;;;;;;
-3.200;;;;;;;;;;;;;;;;;;;;;;;;;;;2736;2654;2571;2488;2405;2324;2244;2166;2090;2017;1945;1877;1810;1746;1685;1626;1570;1516;1464;1415;1368;1323;1280;1240;1201;1165;1130;1098;1067;1039;1012;987;963;942;922;905;888;874;862;851;841;834;828;824;822;822;823;826;830;837;845;855;866;880;895;912;930;950;972;996;1022;1049;1078;1108;1141;1175;1210;1248;1287;1328;1371;1415;1462;1510;1560;1612;1666;1722;1780;1840;1902;1966;2033;2102;2172;2246;2321;;;;;;;;;;;;;;;;;;;;;;;;;;;;;
-3.300;;;;;;;;;;;;;;;;;;;;;;;;;;;;2715;2633;2552;2470;2390;2310;2232;2156;2083;2011;1942;1875;1811;1749;1689;1632;1578;1526;1476;1429;1383;1340;1299;1261;1224;1189;1156;1125;1097;1069;1044;1021;999;979;961;945;931;918;907;898;890;884;880;878;878;879;882;886;893;901;911;922;936;951;968;987;1007;1029;1053;1078;1106;1135;1165;1198;1232;1268;1306;1345;1386;1429;1474;1520;1568;1618;1670;1724;1780;1838;1898;1960;2025;2091;2159;2230;2303;;;;;;;;;;;;;;;;;;;;;;;;;;;;;;
-3.400;;;;;;;;;;;;;;;;;;;;;;;;;;;;;2697;2617;2536;2457;2378;2300;2224;2150;2079;2009;1942;1877;1815;1755;1697;1643;1590;1540;1492;1446;1403;1361;1322;1285;1250;1217;1186;1157;1129;1104;1080;1059;1039;1020;1004;989;976;965;956;948;943;938;936;936;937;940;944;951;959;969;981;994;1009;1026;1045;1065;1088;1112;1137;1165;1194;1225;1257;1292;1328;1365;1405;1446;1489;1534;1580;1629;1679;1731;1785;1841;1899;1959;2021;2085;2151;2219;2290;;;;;;;;;;;;;;;;;;;;;;;;;;;;;;;
-3.500;;;;;;;;;;;;;;;;;;;;;;;;;;;;;;2682;2603;2525;2447;2370;2294;2220;2148;2079;2011;1946;1883;1823;1765;1709;1656;1606;1557;1511;1467;1426;1386;1349;1313;1280;1249;1219;1191;1166;1142;1120;1100;1081;1065;1050;1037;1026;1016;1009;1003;999;996;996;997;1000;1004;1011;1019;1029;1041;1054;1070;1087;1105;1126;1148;1173;1198;1226;1255;1286;1319;1353;1390;1427;1467;1508;1552;1596;1643;1691;1742;1794;1848;1903;1961;2021;2083;2147;2213;2280;;;;;;;;;;;;;;;;;;;;;;;;;;;;;;;;
-3.600;;;;;;;;;;;;;;;;;;;;;;;;;;;;;;2748;2671;2594;2517;2441;2365;2292;2220;2150;2082;2017;1954;1893;1835;1779;1725;1674;1625;1579;1535;1492;1453;1415;1379;1345;1314;1284;1256;1230;1206;1184;1163;1145;1128;1113;1100;1089;1079;1071;1065;1061;1058;1058;1059;1062;1066;1073;1081;1091;1103;1117;1132;1149;1168;1189;1211;1236;1262;1289;1319;1350;1383;1417;1454;1492;1531;1573;1616;1661;1708;1756;1806;1858;1912;1968;2026;2085;2147;2210;2276;;;;;;;;;;;;;;;;;;;;;;;;;;;;;;;;;
-3.700;;;;;;;;;;;;;;;;;;;;;;;;;;;;;;;2739;2664;2588;2513;2438;2365;2294;2224;2156;2090;2027;1966;1907;1851;1797;1745;1696;1649;1604;1562;1521;1483;1447;1413;1381;1351;1323;1297;1272;1250;1229;1210;1193;1178;1165;1153;1144;1136;1130;1125;1123;1122;1123;1126;1131;1137;1145;1156;1167;1181;1197;1214;1233;1254;1276;1301;1327;1355;1384;1416;1449;1483;1520;1558;1598;1640;1683;1728;1774;1823;1873;1925;1979;2035;2092;2151;2213;2276;2341;;;;;;;;;;;;;;;;;;;;;;;;;;;;;;;;;
-3.800;;;;;;;;;;;;;;;;;;;;;;;;;;;;;;;;2734;2660;2586;2513;2440;2369;2299;2232;2166;2102;2041;1982;1925;1871;1819;1769;1722;1677;1634;1593;1554;1518;1483;1451;1420;1392;1365;1341;1318;1297;1278;1261;1246;1232;1221;1211;1203;1196;1192;1189;1189;1190;1192;1197;1204;1212;1222;1234;1248;1263;1281;1300;1321;1344;1368;1394;1422;1452;1484;1517;1552;1588;1627;1667;1708;1752;1797;1844;1892;1942;1994;2048;2103;2160;2219;2280;2343;;;;;;;;;;;;;;;;;;;;;;;;;;;;;;;;;;
-3.900;;;;;;;;;;;;;;;;;;;;;;;;;;;;;;;;;2733;2660;2588;2517;2446;2377;2309;2244;2180;2119;2059;2002;1947;1895;1845;1797;1751;1708;1667;1628;1591;1556;1523;1493;1464;1437;1412;1389;1368;1349;1331;1316;1302;1290;1280;1272;1266;1261;1258;1257;1258;1261;1266;1272;1281;1291;1303;1317;1332;1350;1369;1390;1413;1438;1464;1492;1522;1554;1587;1623;1659;1698;1738;1780;1823;1868;1915;1963;2013;2065;2118;2174;2231;2289;2349;;;;;;;;;;;;;;;;;;;;;;;;;;;;;;;;;;;
-4.000;;;;;;;;;;;;;;;;;;;;;;;;;;;;;;;;;;2735;2665;2594;2525;2456;2389;2324;2260;2198;2139;2082;2027;1974;1923;1875;1829;1785;1744;1704;1667;1632;1598;1567;1538;1511;1486;1462;1441;1421;1404;1388;1374;1362;1352;1343;1337;1332;1329;1329;1329;1332;1337;1343;1352;1362;1374;1388;1404;1421;1441;1462;1485;1510;1536;1565;1595;1627;1660;1695;1732;1771;1811;1853;1896;1941;1988;2037;2086;2138;2191;2246;2302;2361;;;;;;;;;;;;;;;;;;;;;;;;;;;;;;;;;;;;
-4.100;;;;;;;;;;;;;;;;;;;;;;;;;;;;;;;;;;;;2673;2605;2537;2471;2406;2342;2281;2221;2164;2108;2055;2004;1956;1909;1865;1823;1783;1746;1710;1676;1645;1615;1588;1562;1538;1517;1497;1479;1463;1449;1436;1426;1417;1411;1406;1403;1402;1403;1406;1410;1417;1425;1435;1447;1461;1477;1495;1515;1536;1559;1584;1611;1639;1670;1702;1735;1771;1808;1846;1887;1929;1972;2017;2064;2112;2162;2213;2266;2320;;;;;;;;;;;;;;;;;;;;;;;;;;;;;;;;;;;;;;
-4.200;;;;;;;;;;;;;;;;;;;;;;;;;;;;;;;;;;;;;2685;2619;2554;2489;2426;2365;2306;2248;2193;2139;2088;2039;1992;1948;1905;1865;1827;1791;1757;1725;1695;1667;1641;1617;1595;1575;1557;1540;1526;1513;1503;1494;1487;1482;1479;1478;1479;1481;1486;1492;1501;1511;1523;1537;1553;1571;1591;1612;1636;1661;1688;1716;1747;1779;1813;1848;1886;1924;1965;2007;2050;2095;2141;2189;2239;2290;2342;;;;;;;;;;;;;;;;;;;;;;;;;;;;;;;;;;;;;;;
-4.300;;;;;;;;;;;;;;;;;;;;;;;;;;;;;;;;;;;;;;2702;2638;2574;2512;2451;2392;2335;2279;2226;2175;2125;2078;2033;1991;1950;1911;1875;1840;1808;1778;1749;1723;1699;1676;1656;1637;1620;1606;1593;1582;1573;1566;1561;1558;1556;1557;1560;1564;1570;1579;1589;1601;1616;1632;1650;1669;1691;1715;1740;1767;1796;1826;1859;1893;1928;1966;2004;2045;2087;2130;2175;2221;2269;2318;2368;;;;;;;;;;;;;;;;;;;;;;;;;;;;;;;;;;;;;;;;
-4.400;;;;;;;;;;;;;;;;;;;;;;;;;;;;;;;;;;;;;;;;2661;2600;2540;2481;2424;2369;2315;2264;2214;2167;2122;2079;2038;1999;1962;1927;1894;1863;1834;1808;1783;1760;1739;1720;1703;1688;1675;1664;1655;1647;1642;1639;1637;1638;1640;1645;1651;1659;1670;1682;1696;1712;1730;1750;1772;1796;1821;1849;1878;1908;1941;1975;2011;2048;2087;2127;2169;2212;2257;2303;2350;2399;;;;;;;;;;;;;;;;;;;;;;;;;;;;;;;;;;;;;;;;;
-4.500;;;;;;;;;;;;;;;;;;;;;;;;;;;;;;;;;;;;;;;;;2688;2629;2571;2515;2460;2407;2355;2306;2258;2213;2169;2128;2089;2051;2016;1983;1952;1922;1895;1870;1847;1825;1806;1789;1773;1760;1748;1739;1731;1726;1722;1721;1721;1723;1728;1734;1742;1753;1765;1779;1796;1814;1834;1856;1879;1905;1932;1962;1992;2025;2059;2095;2132;2171;2211;2253;2296;2340;2386;;;;;;;;;;;;;;;;;;;;;;;;;;;;;;;;;;;;;;;;;;;
-4.600;;;;;;;;;;;;;;;;;;;;;;;;;;;;;;;;;;;;;;;;;;;2663;2608;2553;2500;2449;2400;2352;2307;2263;2221;2181;2144;2108;2074;2043;2013;1985;1960;1936;1914;1895;1877;1861;1847;1836;1826;1818;1812;1808;1806;1807;1809;1813;1819;1828;1838;1850;1865;1881;1899;1919;1941;1965;1991;2019;2048;2079;2111;2146;2181;2219;2258;2298;2339;2382;;;;;;;;;;;;;;;;;;;;;;;;;;;;;;;;;;;;;;;;;;;;;
-4.700;;;;;;;;;;;;;;;;;;;;;;;;;;;;;;;;;;;;;;;;;;;;2702;2648;2596;2545;2496;2448;2403;2359;2317;2277;2239;2203;2169;2137;2107;2079;2052;2028;2006;1986;1968;1952;1937;1925;1915;1907;1901;1897;1895;1895;1897;1901;1907;1915;1926;1938;1952;1969;1987;2007;2029;2053;2079;2107;2136;2167;2200;2234;2270;2307;2346;2386;2427;;;;;;;;;;;;;;;;;;;;;;;;;;;;;;;;;;;;;;;;;;;;;;
-4.800;;;;;;;;;;;;;;;;;;;;;;;;;;;;;;;;;;;;;;;;;;;;;;2693;2643;2594;2547;2501;2457;2415;2375;2337;2300;2266;2233;2203;2174;2148;2123;2100;2080;2061;2045;2030;2017;2007;1998;1992;1988;1985;1985;1987;1991;1997;2005;2016;2028;2042;2059;2077;2097;2119;2143;2169;2197;2226;2257;2290;2324;2360;2397;2435;;;;;;;;;;;;;;;;;;;;;;;;;;;;;;;;;;;;;;;;;;;;;;;;
-4.900;;;;;;;;;;;;;;;;;;;;;;;;;;;;;;;;;;;;;;;;;;;;;;;;;2647;2601;2558;2515;2475;2437;2400;2365;2332;2301;2272;2245;2220;2197;2176;2157;2140;2125;2112;2101;2092;2086;2081;2078;2078;2080;2083;2089;2097;2107;2120;2134;2150;2169;2189;2211;2235;2261;2289;2318;2349;2382;2416;2451;;;;;;;;;;;;;;;;;;;;;;;;;;;;;;;;;;;;;;;;;;;;;;;;;;
-5.000;;;;;;;;;;;;;;;;;;;;;;;;;;;;;;;;;;;;;;;;;;;;;;;;;;;2659;2618;2577;2539;2502;2467;2434;2402;2373;2345;2320;2296;2275;2255;2238;2222;2209;2197;2188;2181;2176;2173;2172;2174;2177;2183;2191;2201;2213;2227;2244;2262;2282;2304;2328;2354;2382;2411;2442;;;;;;;;;;;;;;;;;;;;;;;;;;;;;;;;;;;;;;;;;;;;;;;;;;;;;
-5.100;;;;;;;;;;;;;;;;;;;;;;;;;;;;;;;;;;;;;;;;;;;;;;;;;;;;;;2642;2605;2570;2536;2505;2475;2447;2421;2397;2375;2355;2337;2321;2307;2295;2286;2278;2273;2270;2269;2270;2273;2279;2286;2296;2308;2322;2338;2356;2377;2399;2423;2448;;;;;;;;;;;;;;;;;;;;;;;;;;;;;;;;;;;;;;;;;;;;;;;;;;;;;;;;
-5.200;;;;;;;;;;;;;;;;;;;;;;;;;;;;;;;;;;;;;;;;;;;;;;;;;;;;;;;;;2640;2609;2578;2550;2524;2499;2477;2456;2438;2421;2407;2395;2384;2377;2371;2367;2366;2367;2370;2375;2382;2392;2404;2418;2434;2452;2472;;;;;;;;;;;;;;;;;;;;;;;;;;;;;;;;;;;;;;;;;;;;;;;;;;;;;;;;;;;
-5.300;;;;;;;;;;;;;;;;;;;;;;;;;;;;;;;;;;;;;;;;;;;;;;;;;;;;;;;;;;;;;;;2579;2558;2539;2522;2507;2495;2484;2476;2469;2465;2464;2464;2467;2472;2479;2488;;;;;;;;;;;;;;;;;;;;;;;;;;;;;;;;;;;;;;;;;;;;;;;;;;;;;;;;;;;;;;;;
-5.400;;;;;;;;;;;;;;;;;;;;;;;;;;;;;;;;;;;;;;;;;;;;;;;;;;;;;;;;;;;;;;;;;;;;;;;;;;;;;;;;;;;;;;;;;;;;;;;;;;;;;;;;;;;;;;;;;;;;;;;;;;;;;;;;;;;;;;;;;;;;;;
-5.500;;;;;;;;;;;;;;;;;;;;;;;;;;;;;;;;;;;;;;;;;;;;;;;;;;;;;;;;;;;;;;;;;;;;;;;;;;;;;;;;;;;;;;;;;;;;;;;;;;;;;;;;;;;;;;;;;;;;;;;;;;;;;;;;;;;;;;;;;;;;;;
-5.600;;;;;;;;;;;;;;;;;;;;;;;;;;;;;;;;;;;;;;;;;;;;;;;;;;;;;;;;;;;;;;;;;;;;;;;;;;;;;;;;;;;;;;;;;;;;;;;;;;;;;;;;;;;;;;;;;;;;;;;;;;;;;;;;;;;;;;;;;;;;;;
-5.700;;;;;;;;;;;;;;;;;;;;;;;;;;;;;;;;;;;;;;;;;;;;;;;;;;;;;;;;;;;;;;;;;;;;;;;;;;;;;;;;;;;;;;;;;;;;;;;;;;;;;;;;;;;;;;;;;;;;;;;;;;;;;;;;;;;;;;;;;;;;;;
-5.800;;;;;;;;;;;;;;;;;;;;;;;;;;;;;;;;;;;;;;;;;;;;;;;;;;;;;;;;;;;;;;;;;;;;;;;;;;;;;;;;;;;;;;;;;;;;;;;;;;;;;;;;;;;;;;;;;;;;;;;;;;;;;;;;;;;;;;;;;;;;;;
-5.900;;;;;;;;;;;;;;;;;;;;;;;;;;;;;;;;;;;;;;;;;;;;;;;;;;;;;;;;;;;;;;;;;;;;;;;;;;;;;;;;;;;;;;;;;;;;;;;;;;;;;;;;;;;;;;;;;;;;;;;;;;;;;;;;;;;;;;;;;;;;;;
-6.000;;;;;;;;;;;;;;;;;;;;;;;;;;;;;;;;;;;;;;;;;;;;;;;;;;;;;;;;;;;;;;;;;;;;;;;;;;;;;;;;;;;;;;;;;;;;;;;;;;;;;;;;;;;;;;;;;;;;;;;;;;;;;;;;;;;;;;;;;;;;;;
-6.100;;;;;;;;;;;;;;;;;;;;;;;;;;;;;;;;;;;;;;;;;;;;;;;;;;;;;;;;;;;;;;;;;;;;;;;;;;;;;;;;;;;;;;;;;;;;;;;;;;;;;;;;;;;;;;;;;;;;;;;;;;;;;;;;;;;;;;;;;;;;;;
-6.200;;;;;;;;;;;;;;;;;;;;;;;;;;;;;;;;;;;;;;;;;;;;;;;;;;;;;;;;;;;;;;;;;;;;;;;;;;;;;;;;;;;;;;;;;;;;;;;;;;;;;;;;;;;;;;;;;;;;;;;;;;;;;;;;;;;;;;;;;;;;;;
-6.300;;;;;;;;;;;;;;;;;;;;;;;;;;;;;;;;;;;;;;;;;;;;;;;;;;;;;;;;;;;;;;;;;;;;;;;;;;;;;;;;;;;;;;;;;;;;;;;;;;;;;;;;;;;;;;;;;;;;;;;;;;;;;;;;;;;;;;;;;;;;;;
-6.400;;;;;;;;;;;;;;;;;;;;;;;;;;;;;;;;;;;;;;;;;;;;;;;;;;;;;;;;;;;;;;;;;;;;;;;;;;;;;;;;;;;;;;;;;;;;;;;;;;;;;;;;;;;;;;;;;;;;;;;;;;;;;;;;;;;;;;;;;;;;;;
-6.500;;;;;;;;;;;;;;;;;;;;;;;;;;;;;;;;;;;;;;;;;;;;;;;;;;;;;;;;;;;;;;;;;;;;;;;;;;;;;;;;;;;;;;;;;;;;;;;;;;;;;;;;;;;;;;;;;;;;;;;;;;;;;;;;;;;;;;;;;;;;;;
-6.600;;;;;;;;;;;;;;;;;;;;;;;;;;;;;;;;;;;;;;;;;;;;;;;;;;;;;;;;;;;;;;;;;;;;;;;;;;;;;;;;;;;;;;;;;;;;;;;;;;;;;;;;;;;;;;;;;;;;;;;;;;;;;;;;;;;;;;;;;;;;;;
-6.700;;;;;;;;;;;;;;;;;;;;;;;;;;;;;;;;;;;;;;;;;;;;;;;;;;;;;;;;;;;;;;;;;;;;;;;;;;;;;;;;;;;;;;;;;;;;;;;;;;;;;;;;;;;;;;;;;;;;;;;;;;;;;;;;;;;;;;;;;;;;;;
-6.800;;;;;;;;;;;;;;;;;;;;;;;;;;;;;;;;;;;;;;;;;;;;;;;;;;;;;;;;;;;;;;;;;;;;;;;;;;;;;;;;;;;;;;;;;;;;;;;;;;;;;;;;;;;;;;;;;;;;;;;;;;;;;;;;;;;;;;;;;;;;;;
-6.900;;;;;;;;;;;;;;;;;;;;;;;;;;;;;;;;;;;;;;;;;;;;;;;;;;;;;;;;;;;;;;;;;;;;;;;;;;;;;;;;;;;;;;;;;;;;;;;;;;;;;;;;;;;;;;;;;;;;;;;;;;;;;;;;;;;;;;;;;;;;;;
-7.000;;;;;;;;;;;;;;;;;;;;;;;;;;;;;;;;;;;;;;;;;;;;;;;;;;;;;;;;;;;;;;;;;;;;;;;;;;;;;;;;;;;;;;;;;;;;;;;;;;;;;;;;;;;;;;;;;;;;;;;;;;;;;;;;;;;;;;;;;;;;;;
BACK related to FRONT;-7.000;-6.900;-6.800;-6.700;-6.600;-6.500;-6.400;-6.300;-6.200;-6.100;-6.000;-5.900;-5.800;-5.700;-5.600;-5.500;-5.400;-5.300;-5.200;-5.100;-5.000;-4.900;-4.800;-4.700;-4.600;-4.500;-4.400;-4.300;-4.200;-4.100;-4.000;-3.900;-3.800;-3.700;-3.600;-3.500;-3.400;-3.300;-3.200;-3.100;-3.000;-2.900;-2.800;-2.700;-2.600;-2.500;-2.400;-2.300;-2.200;-2.100;-2.000;-1.900;-1.800;-1.700;-1.600;-1.500;-1.400;-1.300;-1.200;-1.100;-1.000;-0.900;-0.800;-0.700;-0.600;-0.500;-0.400;-0.300;-0.200;-0.100;0.000;0.100;0.200;0.300;0.400;0.500;0.600;0.700;0.800;0.900;1.000;1.100;1.200;1.300;1.400;1.500;1.600;1.700;1.800;1.900;2.000;2.100;2.200;2.300;2.400;2.500;2.600;2.700;2.800;2.900;3.000;3.100;3.200;3.300;3.400;3.500;3.600;3.700;3.800;3.900;4.000;4.100;4.200;4.300;4.400;4.500;4.600;4.700;4.800;4.900;5.000;5.100;5.200;5.300;5.400;5.500;5.600;5.700;5.800;5.900;6.000;6.100;6.200;6.300;6.400;6.500;6.600;6.700;6.800;6.900;7.000;
7.000;;;;;;;;;;;;;;;;;;;;;;;;;;;;;;;;;;;;;;;;;;;;;;;;;;;;;;;;;;;;;;;;;;;;;;;;;;;;;;;;;;;;;;;;;;;;;;;;;;;;;;;;;;;;;;;;;;;;;;;;;;;;;;;;;;;;;;;;;;;;;;
6.900;;;;;;;;;;;;;;;;;;;;;;;;;;;;;;;;;;;;;;;;;;;;;;;;;;;;;;;;;;;;;;;;;;;;;;;;;;;;;;;;;;;;;;;;;;;;;;;;;;;;;;;;;;;;;;;;;;;;;;;;;;;;;;;;;;;;;;;;;;;;;;
6.800;;;;;;;;;;;;;;;;;;;;;;;;;;;;;;;;;;;;;;;;;;;;;;;;;;;;;;;;;;;;;;;;;;;;;;;;;;;;;;;;;;;;;;;;;;;;;;;;;;;;;;;;;;;;;;;;;;;;;;;;;;;;;;;;;;;;;;;;;;;;;;
6.700;;;;;;;;;;;;;;;;;;;;;;;;;;;;;;;;;;;;;;;;;;;;;;;;;;;;;;;;;;;;;;;;;;;;;;;;;;;;;;;;;;;;;;;;;;;;;;;;;;;;;;;;;;;;;;;;;;;;;;;;;;;;;;;;;;;;;;;;;;;;;;
6.600;;;;;;;;;;;;;;;;;;;;;;;;;;;;;;;;;;;;;;;;;;;;;;;;;;;;;;;;;;;;;;;;;;;;;;;;;;;;;;;;;;;;;;;;;;;;;;;;;;;;;;;;;;;;;;;;;;;;;;;;;;;;;;;;;;;;;;;;;;;;;;
6.500;;;;;;;;;;;;;;;;;;;;;;;;;;;;;;;;;;;;;;;;;;;;;;;;;;;;;;;;;;;;;;;;;;;;;;;;;;;;;;;;;;;;;;;;;;;;;;;;;;;;;;;;;;;;;;;;;;;;;;;;;;;;;;;;;;;;;;;;;;;;;;
6.400;;;;;;;;;;;;;;;;;;;;;;;;;;;;;;;;;;;;;;;;;;;;;;;;;;;;;;;;;;;;;;;;;;;;;;;;;;;;;;;;;;;;;;;;;;;;;;;;;;;;;;;;;;;;;;;;;;;;;;;;;;;;;;;;;;;;;;;;;;;;;;
6.300;;;;;;;;;;;;;;;;;;;;;;;;;;;;;;;;;;;;;;;;;;;;;;;;;;;;;;;;;;;;;;;;;;;;;;;;;;;;;;;;;;;;;;;;;;;;;;;;;;;;;;;;;;;;;;;;;;;;;;;;;;;;;;;;;;;;;;;;;;;;;;
6.200;;;;;;;;;;;;;;;;;;;;;;;;;;;;;;;;;;;;;;;;;;;;;;;;;;;;;;;;;;;;;;;;;;;;;;;;;;;;;;;;;;;;;;;;;;;;;;;;;;;;;;;;;;;;;;;;;;;;;;;;;;;;;;;;;;;;;;;;;;;;;;
6.100;;;;;;;;;;;;;;;;;;;;;;;;;;;;;;;;;;;;;;;;;;;;;;;;;;;;;;;;;;;;;;;;;;;;;;;;;;;;;;;;;;;;;;;;;;;;;;;;;;;;;;;;;;;;;;;;;;;;;;;;;;;;;;;;;;;;;;;;;;;;;;
6.000;;;;;;;;;;;;;;;;;;;;;;;;;;;;;;;;;;;;;;;;;;;;;;;;;;;;;;;;;;;;;;;;;;;;;;;;;;;;;;;;;;;;;;;;;;;;;;;;;;;;;;;;;;;;;;;;;;;;;;;;;;;;;;;;;;;;;;;;;;;;;;
5.900;;;;;;;;;;;;;;;;;;;;;;;;;;;;;;;;;;;;;;;;;;;;;;;;;;;;;;;;;;;;;;;;;;;;;;;;;;;;;;;;;;;;;;;;;;;;;;;;;;;;;;;;;;;;;;;;;;;;;;;;;;;;;;;;;;;;;;;;;;;;;;
5.800;;;;;;;;;;;;;;;;;;;;;;;;;;;;;;;;;;;;;;;;;;;;;;;;;;;;;;;;;;;;;;;;;;;;;;;;;;;;;;;;;;;;;;;;;;;;;;;;;;;;;;;;;;;;;;;;;;;;;;;;;;;;;;;;;;;;;;;;;;;;;;
5.700;;;;;;;;;;;;;;;;;;;;;;;;;;;;;;;;;;;;;;;;;;;;;;;;;;;;;;;;;;;;;;;;;;;;;;;;;;;;;;;;;;;;;;;;;;;;;;;;;;;;;;;;;;;;;;;;;;;;;;;;;;;;;;;;;;;;;;;;;;;;;;
5.600;;;;;;;;;;;;;;;;;;;;;;;;;;;;;;;;;;;;;;;;;;;;;;;;;;;;;;;;;;;;;;;;;;;;;;;;;;;;;;;;;;;;;;;;;;;;;;;;;;;;;;;;;;;;;;;;;;;;;;;;;;;;;;;;;;;;;;;;;;;;;;
5.500;;;;;;;;;;;;;;;;;;;;;;;;;;;;;;;;;;;;;;;;;;;;;;;;;;;;;;;;;;;;;;;;;;;;;;;;;;;;;;;;;;;;;;;;;;;;;;;;;;;;;;;;;;;;;;;;;;;;;;;;;;;;;;;;;;;;;;;;;;;;;;
5.400;;;;;;;;;;;;;;;;;;;;;;;;;;;;;;;;;;;;;;;;;;;;;;;;;;;;;;;;;;;;;;;;;;;;;;;;;;;;;;;;;;;;;;;;;;;;;;;;;;;;;;;;;;;;;;;;;;;;;;;;;;;;;;;;;;;;;;;;;;;;;;
5.300;;;;;;;;;;;;;;;;;;;;;;;;;;;;;;;;;;;;;;;;;;;;;;;;;;;;;;;;;;;;;;;;;;;;;;;;;;;;;;;;;;;;;;;;;;;;;;;;;;;;;;;;;;;;;;;;;;;;;;;;;;;;;;;;;;;;;;;;;;;;;;
5.200;;;;;;;;;;;;;;;;;;;;;;;;;;;;;;;;;;;;;;;;;;;;;;;;;;;;;;;;;;;;;;;;;;;;;;;;;;;;;;;;;;;;;;;;;;;;;;;;;;;;;;;;;;;;;;;;;;;;;;;;;;;;;;;;;;;;;;;;;;;;;;
5.100;;;;;;;;;;;;;;;;;;;;;;;;;;;;;;;;;;;;;;;;;;;;;;;;;;;;;;;;;;;;;;;;;;;;;;;;;;;;;;;;;;;;;;;;;;;;;;;;;;;;;;;;;;;;;;;;;;;;;;;;;;;;;;;;;;;;;;;;;;;;;;
5.000;;;;;;;;;;;;;;;;;;;;;;;;;;;;;;;;;;;;;;;;;;;;;;;;;;;;;;;;;;;;;;;;;;;;;;;;;;;;;;;;;;;;;;;;;;;;;;;;;;;;;;;;;;;;;;;;;;;;;;;;;;;;;;;;;;;;;;;;;;;;;;
4.900;;;;;;;;;;;;;;;;;;;;;;;;;;;;;;;;;;;;;;;;;;;;;;;;;;;;;;;;;;;;;;;;;;;;;;;;;;;;;;;;;;;;;;;;;;;;;;;;;;;;;;;;;;;;;;;;;;;;;;;;;;;;;;;;;;;;;;;;;;;;;;
4.800;;;;;;;;;;;;;;;;;;;;;;;;;;;;;;;;;;;;;;;;;;;;;;;;;;;;;;;;;;;;;;;;;;;;;;;;;;;;;;;;;;;;;;;;;;;;;;;;;;;;;;;;;;;;;;;;;;;;;;;;;;;;;;;;;;;;;;;;;;;;;;
4.700;;;;;;;;;;;;;;;;;;;;;;;;;;;;;;;;;;;;;;;;;;;;;;;;;;;;;;;;;;;;;;;;;;;;;;;;;;;;;;;;;;;;;;;;;;;;;;;;;;;;;;;;;;;;;;;;;;;;;;;;;;;;;;;;;;;;;;;;;;;;;;
4.600;;;;;;;;;;;;;;;;;;;;;;;;;;;;;;;;;;;;;;;;;;;;;;;;;;;;;;;;;;;;;;;;;;;;;;;;;;;;;;;;;;;;;;;;;;;;;;;;;;;;;;;;;;;;;;;;;;;;;;;;;;;;;;;;;;;;;;;;;;;;;;
4.500;;;;;;;;;;;;;;;;;;;;;;;;;;;;;;;;;;;;;;;;;;;;;;;;;;;;;;;;;;;;;;;;;;;;;;;;;;;;;;;;;;;;;;;;;;;;;;;;;;;;;;;;;;;;;;;;;;;;;;;;;;;;;;;;;;;;;;;;;;;;;;
4.400;;;;;;;;;;;;;;;;;;;;;;;;;;;;;;;;;;;;;;;;;;;;;;;;;;;;;;;;;;;;;;;;;;;;;;;;;;;;;;;;;;;;;;;;;;;;;;;;;;;;;;;;;;;;;;;;;;;;;;;;;;;;;;;;;;;;;;;;;;;;;;
4.300;;;;;;;;;;;;;;;;;;;;;;;;;;;;;;;;;;;;;;;;;;;;;;;;;;;;;;;;;;2229;2207;2187;2169;2154;2140;2129;2119;2112;2106;2102;2100;2100;2102;2105;2110;2117;2125;2135;2146;;;;;;;;;;;;;;;;;;;;;;;;;;;;;;;;;;;;;;;;;;;;;;;;;;;;;;;;;;;;;;;;;
4.200;;;;;;;;;;;;;;;;;;;;;;;;;;;;;;;;;;;;;;;;;;;;;;;;;;;;;;2269;2239;2211;2184;2160;2138;2118;2101;2085;2071;2059;2050;2042;2036;2032;2030;2029;2031;2034;2038;2044;2052;2061;2072;2084;2098;2113;2129;2147;;;;;;;;;;;;;;;;;;;;;;;;;;;;;;;;;;;;;;;;;;;;;;;;;;;;;;;;;;;;
4.100;;;;;;;;;;;;;;;;;;;;;;;;;;;;;;;;;;;;;;;;;;;;;;;;;;2342;2304;2268;2234;2202;2171;2143;2117;2093;2071;2051;2034;2018;2004;1992;1982;1974;1968;1964;1961;1961;1962;1964;1968;1974;1981;1990;2001;2012;2025;2040;2056;2073;2092;2112;2134;2157;;;;;;;;;;;;;;;;;;;;;;;;;;;;;;;;;;;;;;;;;;;;;;;;;;;;;;;;
4.000;;;;;;;;;;;;;;;;;;;;;;;;;;;;;;;;;;;;;;;;;;;;;;;2400;2356;2315;2275;2237;2201;2167;2135;2105;2077;2052;2028;2006;1986;1968;1952;1939;1927;1917;1908;1902;1898;1895;1894;1894;1897;1901;1906;1913;1921;1931;1943;1955;1970;1985;2002;2021;2041;2062;2085;2109;2135;2162;;;;;;;;;;;;;;;;;;;;;;;;;;;;;;;;;;;;;;;;;;;;;;;;;;;;;
3.900;;;;;;;;;;;;;;;;;;;;;;;;;;;;;;;;;;;;;;;;;;;;;2424;2378;2333;2290;2249;2209;2172;2136;2102;2071;2041;2013;1988;1964;1942;1922;1905;1889;1875;1863;1853;1844;1838;1833;1830;1829;1829;1831;1835;1840;1847;1855;1864;1875;1888;1902;1917;1934;1952;1972;1993;2015;2039;2065;2092;2121;2151;;;;;;;;;;;;;;;;;;;;;;;;;;;;;;;;;;;;;;;;;;;;;;;;;;;
3.800;;;;;;;;;;;;;;;;;;;;;;;;;;;;;;;;;;;;;;;;;;;2456;2407;2359;2312;2268;2225;2184;2145;2108;2072;2039;2008;1978;1951;1925;1902;1880;1860;1843;1827;1813;1801;1791;1782;1776;1771;1767;1766;1766;1768;1771;1776;1782;1790;1800;1810;1823;1836;1851;1868;1886;1905;1926;1948;1972;1998;2025;2053;2084;2116;2150;2185;;;;;;;;;;;;;;;;;;;;;;;;;;;;;;;;;;;;;;;;;;;;;;;;
3.700;;;;;;;;;;;;;;;;;;;;;;;;;;;;;;;;;;;;;;;;;2495;2442;2391;2342;2294;2248;2204;2162;2121;2082;2045;2010;1977;1946;1917;1890;1864;1841;1819;1800;1782;1766;1752;1740;1730;1721;1715;1710;1706;1705;1705;1706;1709;1714;1720;1728;1737;1747;1759;1773;1788;1804;1822;1841;1862;1884;1908;1933;1960;1988;2019;2051;2084;2120;2157;2197;;;;;;;;;;;;;;;;;;;;;;;;;;;;;;;;;;;;;;;;;;;;;;
3.600;;;;;;;;;;;;;;;;;;;;;;;;;;;;;;;;;;;;;;;2541;2486;2431;2379;2328;2279;2232;2186;2142;2100;2060;2021;1985;1950;1917;1886;1857;1830;1805;1781;1760;1741;1723;1707;1693;1681;1671;1662;1656;1650;1647;1645;1645;1646;1649;1654;1660;1667;1676;1686;1698;1712;1726;1742;1760;1779;1800;1822;1845;1871;1897;1926;1956;1988;2022;2057;2094;2134;2175;;;;;;;;;;;;;;;;;;;;;;;;;;;;;;;;;;;;;;;;;;;;;
3.500;;;;;;;;;;;;;;;;;;;;;;;;;;;;;;;;;;;;;;2536;2479;2423;2370;2317;2267;2218;2171;2125;2082;2040;2000;1962;1925;1891;1858;1828;1799;1772;1747;1724;1702;1683;1666;1650;1636;1624;1614;1605;1598;1593;1589;1587;1587;1588;1591;1595;1601;1608;1617;1627;1639;1652;1667;1683;1700;1719;1740;1762;1786;1811;1837;1866;1896;1928;1961;1997;2034;2073;2114;2158;2203;;;;;;;;;;;;;;;;;;;;;;;;;;;;;;;;;;;;;;;;;;;
3.400;;;;;;;;;;;;;;;;;;;;;;;;;;;;;;;;;;;;2595;2534;2476;2418;2363;2309;2257;2207;2158;2111;2066;2023;1981;1941;1903;1867;1833;1801;1770;1742;1715;1690;1667;1646;1627;1610;1594;1580;1568;1558;1549;1542;1537;1533;1531;1531;1532;1534;1539;1544;1552;1560;1570;1582;1595;1609;1625;1643;1662;1682;1704;1728;1753;1780;1808;1838;1870;1903;1939;1976;2015;2056;2099;2145;2192;2242;;;;;;;;;;;;;;;;;;;;;;;;;;;;;;;;;;;;;;;;;
3.300;;;;;;;;;;;;;;;;;;;;;;;;;;;;;;;;;;;2598;2536;2475;2416;2359;2304;2250;2198;2148;2100;2053;2008;1965;1924;1885;1847;1811;1777;1745;1715;1686;1660;1635;1612;1592;1572;1555;1539;1526;1514;1503;1495;1488;1482;1479;1477;1476;1477;1480;1484;1489;1496;1505;1515;1527;1540;1554;1570;1587;1606;1627;1649;1672;1697;1724;1752;1782;1814;1848;1883;1920;1959;2000;2043;2088;2136;2185;2237;;;;;;;;;;;;;;;;;;;;;;;;;;;;;;;;;;;;;;;;
3.200;;;;;;;;;;;;;;;;;;;;;;;;;;;;;;;;;;2605;2541;2478;2418;2359;2302;2247;2193;2142;2092;2043;1997;1952;1910;1868;1829;1792;1756;1723;1691;1661;1633;1606;1582;1559;1538;1519;1502;1486;1473;1461;1450;1442;1435;1429;1426;1424;1423;1424;1427;1431;1436;1443;1452;1462;1473;1486;1500;1516;1534;1553;1573;1595;1619;1644;1670;1699;1729;1761;1794;1829;1867;1906;1947;1989;2034;2081;2131;2182;2235;;;;;;;;;;;;;;;;;;;;;;;;;;;;;;;;;;;;;;;
3.100;;;;;;;;;;;;;;;;;;;;;;;;;;;;;;;;;2615;2549;2485;2422;2362;2303;2246;2191;2138;2086;2036;1988;1942;1898;1855;1814;1776;1738;1703;1670;1638;1608;1580;1554;1530;1507;1486;1468;1450;1435;1421;1409;1399;1391;1384;1378;1374;1372;1372;1373;1375;1379;1384;1391;1400;1410;1421;1434;1449;1464;1482;1501;1521;1543;1567;1592;1619;1647;1677;1709;1743;1778;1815;1854;1895;1938;1983;2029;2078;2129;2183;2238;2296;;;;;;;;;;;;;;;;;;;;;;;;;;;;;;;;;;;;;
3.000;;;;;;;;;;;;;;;;;;;;;;;;;;;;;;;;2630;2561;2495;2431;2368;2308;2249;2192;2137;2084;2033;1983;1935;1889;1845;1803;1762;1723;1686;1651;1618;1587;1557;1529;1503;1479;1457;1436;1417;1400;1385;1371;1360;1349;1341;1334;1328;1325;1323;1322;1323;1325;1329;1335;1341;1350;1360;1371;1384;1399;1414;1432;1451;1471;1493;1517;1542;1569;1598;1628;1660;1693;1728;1766;1805;1845;1888;1933;1980;2028;2079;2132;2187;2245;2304;;;;;;;;;;;;;;;;;;;;;;;;;;;;;;;;;;;;
2.900;;;;;;;;;;;;;;;;;;;;;;;;;;;;;;;2648;2577;2509;2442;2378;2315;2255;2196;2140;2085;2032;1981;1931;1884;1838;1794;1752;1711;1673;1636;1601;1568;1537;1508;1480;1454;1430;1408;1388;1369;1352;1337;1323;1311;1301;1293;1286;1280;1277;1274;1274;1275;1277;1281;1286;1293;1302;1311;1323;1336;1350;1366;1384;1403;1423;1445;1469;1494;1521;1550;1580;1612;1645;1681;1718;1757;1798;1841;1885;1932;1981;2031;2084;2139;2196;2255;2316;;;;;;;;;;;;;;;;;;;;;;;;;;;;;;;;;;;
2.800;;;;;;;;;;;;;;;;;;;;;;;;;;;;;;2670;2597;2527;2458;2391;2327;2265;2204;2146;2089;2034;1981;1930;1881;1834;1788;1744;1702;1662;1624;1587;1553;1520;1489;1460;1432;1407;1383;1361;1340;1322;1305;1290;1276;1265;1254;1246;1239;1234;1230;1228;1227;1228;1230;1234;1240;1247;1255;1265;1276;1289;1304;1320;1337;1356;1377;1399;1423;1448;1475;1504;1534;1566;1600;1635;1672;1711;1752;1795;1840;1886;1935;1985;2038;2092;2149;2208;2269;2332;;;;;;;;;;;;;;;;;;;;;;;;;;;;;;;;;;
2.700;;;;;;;;;;;;;;;;;;;;;;;;;;;;;2697;2622;2548;2477;2409;2342;2278;2215;2155;2097;2040;1985;1933;1882;1833;1785;1740;1696;1655;1615;1577;1540;1506;1473;1442;1413;1386;1361;1337;1315;1295;1276;1260;1245;1231;1220;1209;1201;1194;1189;1185;1183;1182;1183;1185;1189;1195;1202;1210;1220;1231;1244;1259;1275;1292;1311;1332;1354;1378;1403;1430;1459;1490;1522;1556;1591;1628;1667;1708;1751;1796;1842;1891;1941;1993;2048;2104;2163;2223;2286;2351;;;;;;;;;;;;;;;;;;;;;;;;;;;;;;;;;
2.600;;;;;;;;;;;;;;;;;;;;;;;;;;;;2728;2650;2574;2501;2430;2361;2295;2230;2168;2108;2049;1993;1938;1886;1835;1786;1739;1694;1650;1609;1569;1531;1495;1461;1428;1398;1369;1342;1316;1293;1271;1251;1233;1216;1201;1188;1176;1166;1158;1151;1145;1142;1140;1139;1140;1142;1146;1151;1158;1167;1177;1188;1201;1215;1231;1249;1268;1289;1311;1335;1360;1388;1416;1447;1479;1513;1549;1586;1625;1666;1709;1754;1800;1848;1899;1951;2005;2061;2120;2180;2242;2307;2374;;;;;;;;;;;;;;;;;;;;;;;;;;;;;;;;
2.500;;;;;;;;;;;;;;;;;;;;;;;;;;;2764;2683;2605;2529;2456;2384;2316;2249;2185;2122;2062;2004;1948;1893;1841;1790;1741;1694;1649;1606;1565;1525;1487;1451;1417;1385;1354;1326;1299;1274;1250;1229;1209;1190;1174;1159;1146;1134;1124;1116;1109;1104;1100;1098;1097;1098;1101;1104;1110;1117;1125;1135;1146;1159;1174;1190;1207;1227;1247;1270;1294;1319;1346;1375;1406;1438;1472;1508;1545;1585;1626;1669;1713;1760;1808;1858;1910;1964;2020;2078;2138;2200;2265;2331;2399;;;;;;;;;;;;;;;;;;;;;;;;;;;;;;;
2.400;;;;;;;;;;;;;;;;;;;;;;;;;;;2721;2640;2561;2485;2412;2341;2272;2205;2141;2079;2018;1960;1904;1850;1797;1747;1698;1651;1607;1564;1522;1483;1445;1409;1376;1343;1313;1284;1258;1233;1209;1188;1168;1150;1133;1119;1106;1094;1084;1076;1069;1064;1060;1058;1057;1058;1061;1064;1070;1077;1085;1095;1106;1119;1134;1150;1167;1187;1207;1230;1254;1280;1307;1336;1367;1399;1433;1469;1506;1546;1587;1630;1674;1721;1769;1819;1871;1925;1981;2039;2099;2161;2224;2290;2358;;;;;;;;;;;;;;;;;;;;;;;;;;;;;;;
2.300;;;;;;;;;;;;;;;;;;;;;;;;;;2763;2679;2598;2519;2443;2370;2299;2230;2163;2099;2037;1977;1918;1862;1808;1756;1706;1657;1610;1566;1523;1482;1442;1405;1369;1336;1304;1273;1245;1218;1193;1170;1149;1129;1111;1095;1080;1067;1056;1046;1037;1031;1025;1022;1020;1019;1020;1022;1026;1031;1038;1047;1057;1068;1081;1096;1112;1129;1148;1169;1192;1216;1242;1269;1298;1329;1361;1396;1431;1469;1508;1550;1592;1637;1684;1732;1782;1834;1888;1944;2001;2061;2123;2186;2252;2320;2389;;;;;;;;;;;;;;;;;;;;;;;;;;;;;;
2.200;;;;;;;;;;;;;;;;;;;;;;;;;2810;2723;2639;2558;2479;2403;2329;2258;2190;2123;2059;1997;1937;1879;1823;1769;1716;1666;1618;1571;1527;1484;1443;1404;1367;1331;1297;1266;1235;1207;1181;1156;1133;1112;1092;1074;1058;1043;1030;1019;1009;1001;994;989;985;983;982;983;986;989;995;1002;1010;1020;1031;1044;1059;1075;1093;1112;1133;1155;1179;1205;1233;1262;1293;1325;1359;1395;1433;1473;1514;1557;1602;1648;1696;1746;1798;1852;1908;1965;2025;2086;2150;2215;2283;2352;2424;;;;;;;;;;;;;;;;;;;;;;;;;;;;;
2.100;;;;;;;;;;;;;;;;;;;;;;;;;2772;2685;2601;2520;2441;2365;2291;2220;2151;2085;2021;1959;1899;1841;1785;1731;1679;1629;1580;1534;1489;1447;1406;1367;1330;1295;1261;1229;1199;1171;1145;1120;1097;1076;1056;1039;1022;1008;995;984;974;966;959;954;950;948;947;948;951;955;960;967;975;985;996;1009;1024;1040;1058;1077;1098;1120;1145;1170;1198;1227;1258;1291;1325;1361;1399;1438;1480;1523;1567;1614;1662;1712;1764;1818;1874;1931;1990;2052;2115;2180;2247;2317;2388;2461;;;;;;;;;;;;;;;;;;;;;;;;;;;;
2.000;;;;;;;;;;;;;;;;;;;;;;;;2826;2736;2649;2565;2483;2404;2328;2255;2184;2115;2048;1984;1922;1862;1805;1749;1695;1643;1593;1545;1499;1454;1412;1371;1332;1295;1260;1226;1195;1165;1137;1111;1086;1063;1042;1023;1005;989;974;962;950;941;932;926;921;917;915;914;915;917;921;927;933;942;952;963;976;991;1007;1024;1044;1065;1087;1111;1137;1165;1194;1225;1258;1292;1328;1366;1406;1447;1490;1535;1581;1630;1680;1732;1785;1841;1898;1958;2019;2082;2147;2214;2283;2354;2427;;;;;;;;;;;;;;;;;;;;;;;;;;;;
1.900;;;;;;;;;;;;;;;;;;;;;;;2884;2792;2702;2615;2530;2449;2370;2294;2220;2149;2080;2014;1950;1888;1828;1770;1715;1661;1609;1559;1511;1465;1421;1378;1338;1299;1262;1227;1194;1162;1133;1105;1078;1054;1031;1010;991;973;957;943;930;919;909;901;894;889;885;883;883;884;886;890;895;902;910;920;931;944;959;975;993;1012;1033;1055;1080;1106;1133;1162;1193;1226;1261;1297;1335;1374;1416;1459;1504;1550;1599;1649;1701;1754;1810;1867;1927;1988;2051;2116;2183;2251;2322;2395;2470;;;;;;;;;;;;;;;;;;;;;;;;;;;
1.800;;;;;;;;;;;;;;;;;;;;;;;2852;2759;2669;2582;2498;2416;2337;2261;2188;2117;2048;1982;1917;1856;1796;1738;1683;1629;1577;1527;1479;1433;1389;1347;1306;1268;1231;1196;1163;1131;1102;1074;1048;1024;1001;980;961;943;927;913;900;889;879;871;864;859;856;854;853;854;856;860;865;872;880;890;901;914;929;945;963;982;1003;1025;1050;1075;1103;1132;1163;1196;1231;1267;1305;1345;1386;1429;1474;1521;1569;1619;1671;1725;1780;1838;1897;1958;2021;2086;2153;2221;2292;2365;2440;;;;;;;;;;;;;;;;;;;;;;;;;;;
1.700;;;;;;;;;;;;;;;;;;;;;;2918;2822;2729;2639;2551;2467;2385;2307;2230;2157;2086;2017;1951;1887;1825;1765;1708;1652;1599;1547;1497;1450;1404;1360;1317;1277;1238;1202;1167;1134;1103;1073;1045;1019;995;972;952;932;915;899;885;872;861;851;843;836;831;828;825;825;826;828;832;837;844;852;862;873;886;900;916;934;953;974;997;1021;1047;1075;1104;1135;1168;1202;1239;1277;1316;1358;1401;1446;1493;1541;1591;1643;1697;1752;1810;1869;1930;1993;2058;2124;2193;2264;2337;2412;2488;;;;;;;;;;;;;;;;;;;;;;;;;;
1.600;;;;;;;;;;;;;;;;;;;;;;2890;2794;2700;2610;2523;2438;2357;2278;2202;2128;2057;1989;1922;1858;1797;1737;1679;1624;1570;1519;1469;1422;1376;1332;1290;1249;1211;1174;1140;1107;1075;1046;1018;992;968;946;925;906;888;872;858;845;834;825;817;810;805;801;799;798;799;802;805;810;817;825;835;846;859;874;890;907;926;947;970;994;1020;1048;1077;1108;1141;1175;1212;1250;1289;1331;1374;1419;1466;1514;1565;1617;1670;1726;1783;1842;1903;1966;2031;2098;2166;2237;2310;2385;2462;;;;;;;;;;;;;;;;;;;;;;;;;;
1.500;;;;;;;;;;;;;;;;;;;;;;2863;2767;2674;2583;2496;2411;2330;2251;2175;2101;2030;1962;1896;1832;1770;1710;1653;1598;1544;1493;1443;1396;1350;1306;1264;1224;1185;1149;1114;1081;1050;1021;993;967;943;921;900;881;863;848;833;821;810;800;792;785;780;777;774;774;775;777;780;786;792;801;810;821;834;849;865;882;901;922;945;969;995;1022;1052;1083;1116;1150;1186;1224;1264;1306;1349;1394;1441;1489;1539;1591;1645;1701;1758;1817;1878;1941;2006;2073;2141;2212;2285;2360;2437;2516;;;;;;;;;;;;;;;;;;;;;;;;;
1.400;;;;;;;;;;;;;;;;;;;;;2938;2839;2743;2649;2559;2471;2386;2305;2226;2150;2076;2005;1937;1871;1807;1745;1686;1628;1573;1520;1468;1419;1371;1326;1282;1240;1200;1162;1125;1090;1058;1027;997;970;944;920;897;877;858;840;825;810;798;787;777;769;762;757;754;751;751;751;754;757;762;769;777;787;798;811;825;841;859;878;898;921;945;971;999;1028;1059;1092;1126;1163;1201;1240;1282;1325;1370;1417;1466;1516;1568;1622;1677;1734;1794;1855;1918;1982;2049;2118;2189;2262;2336;2414;2493;;;;;;;;;;;;;;;;;;;;;;;;;
1.300;;;;;;;;;;;;;;;;;;;;;2916;2817;2720;2626;2536;2448;2363;2282;2203;2127;2053;1982;1914;1848;1784;1723;1663;1606;1551;1497;1446;1397;1349;1303;1260;1218;1178;1140;1103;1069;1036;1005;976;948;922;898;876;855;836;819;803;789;776;765;756;748;741;736;732;730;729;730;732;736;741;748;756;765;776;789;803;819;837;856;876;899;923;949;976;1006;1037;1069;1104;1140;1178;1218;1260;1303;1348;1395;1443;1494;1546;1599;1655;1712;1772;1833;1896;1960;2027;2096;2167;2240;2315;2392;2471;2552;;;;;;;;;;;;;;;;;;;;;;;;
1.200;;;;;;;;;;;;;;;;;;;;2998;2896;2796;2699;2606;2515;2427;2342;2261;2182;2106;2032;1961;1893;1827;1763;1702;1642;1585;1530;1477;1425;1376;1329;1283;1239;1198;1158;1119;1083;1049;1016;985;956;928;903;879;856;836;817;799;784;769;757;746;736;728;721;716;713;710;710;710;712;716;721;728;736;745;756;769;783;799;816;835;856;878;902;928;956;985;1016;1049;1083;1119;1157;1197;1239;1282;1327;1374;1423;1473;1525;1579;1634;1692;1751;1812;1875;1940;2007;2076;2147;2220;2295;2372;2451;2533;;;;;;;;;;;;;;;;;;;;;;;;
1.100;;;;;;;;;;;;;;;;;;;;2980;2877;2777;2681;2587;2496;2408;2323;2242;2163;2087;2013;1942;1874;1808;1744;1683;1623;1566;1511;1458;1407;1357;1310;1264;1221;1179;1139;1101;1065;1030;998;967;938;910;885;861;838;818;799;781;766;751;739;728;718;710;703;698;695;692;692;692;694;698;703;709;717;727;738;750;764;780;797;816;837;859;883;909;937;966;997;1029;1064;1100;1138;1178;1219;1263;1308;1355;1403;1454;1506;1559;1615;1673;1732;1793;1856;1921;1988;2057;2128;2201;2276;2354;2433;2515;2599;;;;;;;;;;;;;;;;;;;;;;;
1.000;;;;;;;;;;;;;;;;;;;;2964;2861;2761;2664;2570;2479;2391;2306;2224;2145;2069;1996;1925;1857;1791;1727;1665;1606;1549;1494;1441;1390;1340;1293;1248;1204;1162;1122;1084;1048;1014;981;950;921;894;868;844;822;801;782;765;749;735;723;711;702;694;687;682;678;676;675;676;678;681;686;693;700;710;721;733;747;763;780;799;820;842;866;892;919;948;979;1012;1046;1082;1120;1160;1202;1245;1290;1337;1385;1436;1488;1542;1597;1655;1714;1775;1838;1903;1970;2040;2111;2184;2259;2337;2417;2499;2583;;;;;;;;;;;;;;;;;;;;;;;
0.900;;;;;;;;;;;;;;;;;;;;2950;2846;2746;2649;2555;2464;2376;2291;2209;2130;2054;1980;1910;1841;1775;1712;1650;1591;1534;1479;1426;1375;1325;1278;1233;1189;1147;1108;1070;1033;999;966;936;906;879;853;830;807;787;768;750;735;720;708;697;687;679;672;667;663;661;660;661;663;666;671;677;685;695;706;718;732;748;765;784;804;826;850;876;903;932;963;996;1030;1066;1104;1144;1185;1229;1274;1321;1369;1419;1472;1525;1581;1639;1698;1759;1822;1888;1955;2024;2095;2169;2244;2322;2402;2484;2569;;;;;;;;;;;;;;;;;;;;;;;
0.800;;;;;;;;;;;;;;;;;;;3043;2937;2834;2734;2636;2542;2451;2362;2277;2196;2117;2040;1967;1896;1828;1762;1698;1637;1577;1520;1465;1412;1361;1312;1265;1219;1176;1134;1094;1056;1020;986;953;922;893;866;840;817;794;774;755;737;722;707;695;684;674;666;659;654;650;648;647;647;649;653;658;664;672;681;692;704;718;734;751;770;790;812;836;861;889;918;949;981;1015;1052;1090;1129;1171;1214;1259;1306;1354;1405;1457;1511;1566;1624;1683;1745;1808;1873;1940;2010;2081;2155;2230;2308;2389;2471;2556;2643;;;;;;;;;;;;;;;;;;;;;;
0.700;;;;;;;;;;;;;;;;;;;3033;2927;2824;2723;2625;2531;2439;2351;2266;2184;2105;2029;1955;1884;1816;1750;1686;1625;1566;1509;1454;1401;1350;1301;1253;1208;1164;1123;1083;1045;1009;975;942;911;882;855;829;805;783;762;743;726;710;696;683;672;662;654;648;642;639;636;635;636;638;641;646;652;660;669;680;692;706;721;738;757;777;800;823;849;876;905;936;968;1002;1039;1076;1116;1157;1201;1246;1292;1341;1391;1444;1498;1553;1611;1670;1732;1795;1860;1928;1997;2069;2142;2218;2297;2377;2460;2545;2632;;;;;;;;;;;;;;;;;;;;;;
0.600;;;;;;;;;;;;;;;;;;;3025;2919;2815;2714;2616;2521;2430;2342;2256;2174;2095;2019;1945;1874;1806;1740;1677;1615;1556;1499;1444;1391;1340;1291;1244;1198;1155;1113;1073;1035;999;965;932;901;872;845;819;795;773;753;734;716;700;686;673;662;653;644;638;632;628;626;625;625;627;631;635;642;649;658;669;681;695;711;728;746;766;788;812;838;865;894;924;957;991;1027;1065;1104;1146;1189;1234;1281;1329;1380;1432;1486;1542;1599;1659;1720;1784;1849;1916;1986;2058;2132;2208;2286;2367;2450;2535;2623;;;;;;;;;;;;;;;;;;;;;;
0.500;;;;;;;;;;;;;;;;;;;3019;2913;2808;2707;2609;2514;2423;2334;2249;2167;2087;2011;1937;1866;1798;1732;1668;1607;1548;1491;1436;1383;1332;1283;1235;1190;1147;1105;1065;1027;991;957;924;893;864;837;811;787;765;744;725;708;692;678;665;654;644;636;629;624;620;617;616;617;618;622;626;633;640;649;660;672;686;701;718;737;757;779;803;828;855;884;914;947;981;1017;1055;1094;1136;1179;1224;1271;1319;1370;1422;1476;1532;1589;1649;1710;1774;1839;1907;1976;2048;2122;2199;2277;2358;2442;2527;2615;;;;;;;;;;;;;;;;;;;;;;
0.400;;;;;;;;;;;;;;;;;;3124;3015;2908;2804;2703;2604;2509;2417;2329;2243;2161;2081;2005;1931;1860;1792;1726;1662;1601;1542;1484;1429;1376;1325;1276;1229;1184;1140;1099;1059;1021;985;950;918;887;858;830;805;781;758;738;719;701;685;671;658;647;637;629;622;617;613;610;609;609;611;614;619;625;633;642;653;665;678;694;711;729;749;771;795;820;847;876;906;939;973;1009;1046;1086;1127;1170;1215;1262;1311;1361;1413;1467;1523;1581;1640;1702;1765;1831;1899;1969;2041;2115;2191;2270;2352;2435;2521;2609;;;;;;;;;;;;;;;;;;;;;;
0.300;;;;;;;;;;;;;;;;;;3123;3013;2906;2801;2700;2601;2506;2414;2325;2239;2157;2077;2001;1927;1856;1787;1721;1658;1596;1537;1480;1425;1372;1321;1272;1224;1179;1136;1094;1054;1016;980;946;913;882;853;825;800;776;753;733;713;696;680;666;653;642;632;623;617;611;607;605;603;604;605;609;613;619;627;636;646;659;672;687;704;723;743;765;788;813;840;869;900;932;966;1002;1040;1079;1120;1163;1208;1255;1304;1354;1406;1460;1516;1574;1633;1695;1759;1824;1892;1962;2034;2109;2186;2265;2346;2430;2516;2605;2695;;;;;;;;;;;;;;;;;;;;;
0.200;;;;;;;;;;;;;;;;;;3123;3013;2906;2801;2699;2600;2504;2412;2323;2237;2155;2075;1998;1925;1853;1785;1719;1655;1593;1534;1477;1422;1369;1318;1269;1221;1176;1133;1091;1051;1013;977;942;910;879;849;822;796;772;750;729;710;692;676;662;649;638;628;619;613;607;603;600;599;600;601;604;609;615;622;631;642;654;668;683;700;718;738;760;783;809;835;864;895;927;961;997;1034;1074;1115;1158;1203;1250;1298;1348;1401;1455;1511;1568;1628;1690;1754;1819;1887;1957;2030;2104;2181;2261;2342;2427;2513;2602;2693;;;;;;;;;;;;;;;;;;;;;
0.100;;;;;;;;;;;;;;;;;;3125;3015;2907;2802;2700;2601;2505;2413;2323;2237;2155;2075;1998;1924;1853;1784;1718;1654;1592;1533;1476;1421;1368;1317;1267;1220;1175;1131;1089;1050;1012;975;941;908;877;848;820;794;770;748;727;708;690;674;660;647;635;625;617;610;604;600;598;597;597;598;602;606;612;620;629;639;651;665;680;697;715;735;757;780;805;832;861;891;923;957;993;1031;1070;1111;1154;1199;1246;1294;1345;1397;1451;1507;1565;1625;1686;1750;1816;1884;1954;2027;2102;2179;2258;2340;2425;2511;2601;2692;;;;;;;;;;;;;;;;;;;;;
0.000;;;;;;;;;;;;;;;;;;3129;3019;2911;2806;2703;2604;2508;2415;2325;2239;2156;2076;1999;1925;1854;1785;1719;1655;1593;1534;1476;1421;1368;1317;1268;1220;1175;1131;1090;1050;1012;975;941;908;877;848;820;794;770;747;726;707;689;673;659;646;634;624;616;609;603;599;597;595;596;597;600;605;611;618;627;638;650;663;678;695;713;733;755;778;803;830;859;889;921;955;991;1029;1068;1109;1152;1197;1244;1292;1342;1395;1449;1505;1563;1623;1684;1748;1814;1882;1953;2025;2100;2178;2258;2340;2424;2511;2601;2692;;;;;;;;;;;;;;;;;;;;;
-0.100;;;;;;;;;;;;;;;;;;3135;3025;2917;2811;2708;2609;2512;2419;2330;2243;2160;2080;2002;1928;1857;1788;1721;1657;1595;1536;1479;1423;1370;1319;1270;1222;1177;1133;1091;1051;1013;977;942;909;878;849;821;795;771;748;727;708;690;674;660;647;635;625;616;609;604;600;597;596;596;597;600;605;611;618;627;638;650;663;678;695;713;733;755;778;803;830;859;889;921;955;991;1028;1068;1109;1152;1196;1243;1292;1342;1394;1448;1504;1562;1622;1684;1748;1814;1882;1953;2026;2101;2178;2258;2341;2426;2513;2603;2694;;;;;;;;;;;;;;;;;;;;;
-0.200;;;;;;;;;;;;;;;;;;3143;3033;2924;2818;2715;2615;2519;2426;2336;2249;2165;2085;2008;1933;1861;1792;1726;1661;1600;1540;1483;1427;1374;1323;1273;1226;1180;1137;1095;1055;1017;980;945;912;881;852;824;798;774;751;730;710;693;676;662;649;637;627;618;611;606;601;599;597;597;599;602;606;612;620;629;639;651;665;680;696;715;735;756;780;805;831;860;890;922;956;992;1029;1069;1110;1153;1198;1244;1293;1343;1395;1449;1505;1563;1623;1685;1749;1816;1884;1955;2028;2103;2181;2261;2344;2429;2516;2606;2698;;;;;;;;;;;;;;;;;;;;;
-0.300;;;;;;;;;;;;;;;;;;3153;3042;2934;2828;2724;2624;2527;2434;2343;2257;2173;2092;2014;1940;1868;1799;1732;1668;1606;1546;1488;1433;1380;1328;1279;1231;1186;1142;1100;1060;1021;985;950;917;886;856;828;802;778;755;734;714;697;680;665;652;641;630;622;615;609;605;602;600;601;602;605;610;615;623;632;642;654;668;683;699;718;738;759;783;808;834;863;893;925;959;995;1032;1072;1113;1156;1200;1247;1296;1346;1398;1452;1508;1566;1626;1688;1753;1819;1887;1958;2031;2107;2185;2265;2348;2433;2521;2611;2703;;;;;;;;;;;;;;;;;;;;;
-0.400;;;;;;;;;;;;;;;;;;3164;3054;2945;2839;2735;2635;2538;2444;2353;2266;2182;2101;2023;1948;1876;1807;1740;1675;1613;1553;1496;1440;1387;1335;1286;1238;1192;1149;1106;1066;1028;991;956;923;892;862;834;808;784;761;739;720;702;685;671;657;646;635;627;619;614;609;607;605;605;607;610;614;620;627;636;647;659;672;687;704;722;742;764;787;812;839;868;898;930;964;999;1037;1076;1117;1160;1205;1251;1300;1350;1403;1457;1513;1571;1631;1693;1757;1824;1893;1963;2037;2112;2190;2271;2354;2440;2528;2618;2710;;;;;;;;;;;;;;;;;;;;;
-0.500;;;;;;;;;;;;;;;;;;3178;3067;2959;2852;2749;2648;2550;2456;2365;2278;2193;2112;2034;1959;1886;1817;1750;1685;1623;1563;1505;1449;1396;1344;1294;1247;1201;1157;1115;1074;1036;999;964;931;900;870;842;815;791;768;747;727;709;692;677;664;652;642;633;626;620;616;613;611;611;613;616;620;626;634;642;653;665;678;693;710;728;748;770;793;818;845;874;904;936;970;1006;1043;1082;1123;1166;1211;1258;1306;1356;1409;1463;1519;1577;1637;1700;1764;1831;1899;1970;2044;2120;2198;2279;2362;2448;2536;2626;2719;;;;;;;;;;;;;;;;;;;;;
-0.600;;;;;;;;;;;;;;;;;;3193;3083;2974;2868;2764;2663;2565;2470;2379;2291;2207;2125;2047;1971;1899;1829;1761;1696;1634;1574;1516;1460;1406;1354;1305;1257;1211;1167;1125;1084;1046;1009;974;940;909;879;851;824;800;777;755;735;717;701;686;672;660;650;641;634;628;623;621;619;619;621;623;628;634;641;650;660;672;686;701;718;736;756;778;801;826;853;882;912;944;978;1013;1051;1090;1131;1174;1219;1265;1314;1364;1417;1471;1527;1585;1645;1708;1772;1839;1908;1979;2053;2129;2207;2288;2371;2457;2546;2636;2729;;;;;;;;;;;;;;;;;;;;;
-0.700;;;;;;;;;;;;;;;;;;3210;3100;2991;2885;2781;2680;2582;2487;2395;2307;2222;2140;2061;1985;1913;1842;1775;1710;1647;1587;1528;1472;1419;1367;1317;1269;1223;1178;1136;1096;1057;1020;985;951;920;890;861;835;810;787;765;745;727;710;695;682;670;659;650;643;637;633;630;628;628;630;633;637;643;650;659;670;682;695;710;727;746;766;787;811;836;863;891;921;953;987;1023;1060;1100;1141;1184;1228;1275;1324;1374;1426;1481;1537;1595;1655;1718;1782;1849;1918;1989;2063;2139;2218;2299;2383;2469;2557;2648;2741;;;;;;;;;;;;;;;;;;;;;
-0.800;;;;;;;;;;;;;;;;;;3229;3119;3011;2904;2800;2698;2600;2505;2413;2325;2239;2157;2078;2002;1928;1858;1790;1725;1662;1601;1543;1487;1433;1381;1330;1282;1236;1192;1149;1109;1070;1033;997;964;932;902;874;847;822;799;777;757;739;722;707;693;681;670;661;654;648;644;641;639;639;640;643;648;654;661;670;680;693;706;721;738;756;777;798;822;847;874;902;933;965;998;1034;1072;1111;1152;1195;1240;1286;1335;1385;1438;1492;1548;1607;1667;1729;1794;1861;1930;2002;2075;2152;2231;2312;2396;2482;2571;2661;2754;;;;;;;;;;;;;;;;;;;;;
-0.900;;;;;;;;;;;;;;;;;;3250;3140;3032;2925;2821;2719;2621;2525;2433;2344;2258;2176;2096;2020;1946;1875;1807;1742;1678;1618;1559;1503;1448;1396;1346;1298;1251;1207;1164;1123;1084;1047;1012;978;946;916;887;861;835;812;790;770;752;735;720;706;694;683;674;667;660;656;653;651;651;653;656;660;666;673;682;693;705;719;734;751;769;789;811;834;860;886;915;945;977;1011;1047;1085;1124;1165;1208;1253;1299;1348;1398;1451;1505;1561;1620;1680;1743;1808;1875;1944;2015;2089;2166;2245;2326;2410;2497;2586;2677;2770;;;;;;;;;;;;;;;;;;;;;
-1.000;;;;;;;;;;;;;;;;;;3272;3163;3055;2948;2844;2742;2644;2548;2455;2366;2280;2197;2117;2040;1966;1895;1826;1760;1697;1636;1577;1520;1466;1413;1363;1315;1268;1223;1181;1140;1101;1063;1028;994;962;931;903;876;851;827;805;785;766;749;734;720;708;697;688;681;675;670;667;665;665;667;670;674;680;687;696;707;719;733;748;765;783;803;825;849;874;901;930;960;992;1026;1062;1099;1139;1180;1223;1267;1314;1363;1413;1466;1520;1576;1635;1695;1758;1823;1890;1959;2031;2105;2182;2261;2343;2427;2513;2602;2693;2786;;;;;;;;;;;;;;;;;;;;;
-1.100;;;;;;;;;;;;;;;;;;3296;3187;3080;2973;2869;2767;2668;2572;2479;2390;2303;2220;2139;2062;1988;1916;1847;1781;1717;1656;1597;1540;1485;1433;1382;1333;1287;1242;1199;1158;1118;1081;1045;1011;979;949;920;893;867;844;822;801;783;766;750;736;724;713;704;696;690;686;682;681;681;682;685;689;695;703;712;723;735;748;764;781;799;819;841;865;890;917;946;976;1008;1042;1078;1116;1155;1196;1239;1284;1331;1379;1430;1482;1537;1593;1652;1712;1775;1840;1907;1977;2049;2123;2200;2279;2361;2445;2532;2621;2712;2805;;;;;;;;;;;;;;;;;;;;;
-1.200;;;;;;;;;;;;;;;;;;;3213;3106;3000;2896;2794;2695;2599;2505;2415;2328;2245;2164;2086;2011;1939;1870;1804;1739;1678;1618;1561;1506;1453;1403;1354;1307;1262;1219;1177;1138;1100;1065;1030;998;967;939;911;886;862;840;820;801;784;768;754;742;731;721;714;707;703;700;698;698;699;702;707;713;720;729;740;752;766;781;798;817;837;859;883;908;935;964;994;1026;1060;1096;1134;1173;1214;1257;1302;1349;1398;1448;1501;1555;1612;1670;1731;1794;1859;1926;1996;2068;2142;2219;2299;2381;2465;2552;2641;2732;2826;;;;;;;;;;;;;;;;;;;;;
-1.300;;;;;;;;;;;;;;;;;;;3241;3135;3029;2925;2823;2724;2627;2534;2443;2356;2272;2191;2112;2037;1965;1895;1828;1764;1702;1642;1584;1529;1476;1425;1376;1329;1284;1240;1199;1159;1122;1086;1051;1019;988;959;932;906;882;860;839;820;803;787;773;761;750;740;733;726;722;719;717;717;718;721;725;731;739;748;759;771;785;800;817;836;856;878;902;927;954;983;1014;1046;1080;1116;1154;1193;1234;1277;1322;1369;1418;1468;1521;1576;1632;1691;1752;1814;1880;1947;2017;2089;2164;2241;2320;2403;2487;2574;2663;2755;2848;;;;;;;;;;;;;;;;;;;;;
-1.400;;;;;;;;;;;;;;;;;;;3270;3165;3060;2956;2854;2755;2658;2564;2473;2385;2301;2219;2141;2065;1992;1922;1855;1790;1727;1667;1610;1554;1501;1449;1400;1353;1307;1264;1222;1182;1144;1108;1074;1041;1010;981;954;928;904;882;861;842;824;808;794;782;771;761;753;747;742;739;737;737;739;742;746;752;760;769;779;792;806;821;838;857;877;899;923;949;976;1005;1035;1068;1102;1138;1175;1215;1256;1299;1344;1391;1440;1490;1543;1598;1654;1713;1774;1837;1902;1970;2040;2112;2187;2264;2344;2426;2511;2598;2687;2779;;;;;;;;;;;;;;;;;;;;;;
-1.500;;;;;;;;;;;;;;;;;;;3301;3196;3092;2988;2887;2788;2691;2597;2505;2417;2332;2250;2171;2095;2021;1951;1883;1818;1755;1695;1636;1581;1527;1475;1426;1378;1333;1289;1247;1207;1169;1133;1098;1065;1034;1005;977;952;927;905;884;865;847;831;817;804;793;784;776;769;765;761;760;759;761;764;768;774;782;791;802;814;828;844;861;880;900;922;946;972;999;1028;1059;1091;1125;1161;1199;1238;1280;1323;1368;1415;1464;1514;1567;1622;1678;1737;1798;1861;1927;1994;2064;2137;2212;2289;2369;2451;2536;2623;2713;2804;;;;;;;;;;;;;;;;;;;;;;
-1.600;;;;;;;;;;;;;;;;;;;;3229;3126;3023;2922;2822;2725;2631;2539;2451;2365;2283;2203;2127;2053;1982;1913;1848;1785;1724;1665;1609;1555;1503;1454;1406;1360;1316;1274;1234;1195;1159;1124;1091;1060;1031;1003;977;952;930;909;890;872;856;842;829;818;808;800;794;789;785;784;783;785;788;792;798;806;815;826;838;852;868;885;904;925;947;971;996;1024;1053;1084;1116;1150;1186;1224;1264;1305;1348;1393;1440;1489;1540;1593;1647;1704;1763;1824;1887;1953;2021;2091;2163;2238;2316;2396;2479;2564;2651;2740;2832;;;;;;;;;;;;;;;;;;;;;;
-1.700;;;;;;;;;;;;;;;;;;;;3263;3161;3059;2958;2859;2762;2668;2576;2487;2401;2318;2238;2161;2086;2015;1946;1880;1816;1755;1696;1640;1585;1533;1483;1435;1389;1345;1303;1262;1224;1187;1152;1119;1088;1058;1030;1004;979;957;936;916;898;882;868;855;844;834;826;819;814;811;809;809;811;813;818;824;832;841;852;864;878;894;911;930;951;973;997;1023;1050;1079;1110;1143;1177;1213;1251;1291;1332;1376;1421;1468;1517;1567;1620;1675;1732;1791;1852;1915;1981;2049;2119;2192;2267;2345;2425;2508;2593;2680;2770;2861;;;;;;;;;;;;;;;;;;;;;;
-1.800;;;;;;;;;;;;;;;;;;;;3299;3198;3097;2996;2898;2801;2706;2614;2525;2438;2355;2274;2197;2122;2050;1980;1914;1850;1788;1729;1672;1617;1565;1514;1466;1420;1375;1333;1292;1254;1217;1182;1148;1117;1087;1059;1033;1008;985;964;944;927;910;896;883;871;862;854;847;842;839;837;837;838;841;845;852;859;869;879;892;906;922;939;958;979;1001;1026;1051;1079;1108;1139;1172;1206;1242;1280;1320;1361;1405;1450;1497;1546;1597;1650;1705;1761;1821;1882;1945;2011;2079;2149;2222;2298;2375;2456;2539;2624;2711;2801;;;;;;;;;;;;;;;;;;;;;;;
-1.900;;;;;;;;;;;;;;;;;;;;3336;3236;3136;3036;2938;2841;2747;2654;2565;2478;2394;2313;2235;2159;2087;2017;1950;1885;1823;1764;1706;1651;1598;1548;1499;1453;1408;1365;1324;1285;1248;1213;1180;1148;1118;1090;1063;1039;1016;994;975;957;940;926;912;901;891;883;876;871;868;866;866;867;870;875;881;889;898;909;922;936;952;969;988;1009;1031;1056;1081;1109;1138;1169;1202;1237;1273;1311;1351;1392;1436;1481;1528;1577;1628;1681;1736;1793;1852;1913;1977;2043;2111;2181;2254;2330;2408;2488;2571;2657;2744;2833;;;;;;;;;;;;;;;;;;;;;;;
-2.000;;;;;;;;;;;;;;;;;;;;;3275;3177;3078;2980;2884;2789;2697;2607;2520;2435;2354;2275;2199;2126;2056;1988;1923;1861;1800;1743;1687;1634;1583;1534;1487;1442;1399;1358;1319;1282;1246;1213;1181;1151;1122;1096;1071;1048;1026;1007;988;972;957;944;933;923;914;908;903;899;897;897;898;901;906;912;920;929;940;953;967;983;1001;1020;1041;1063;1088;1113;1141;1170;1202;1234;1269;1305;1343;1383;1425;1468;1514;1561;1610;1661;1714;1769;1826;1885;1947;2010;2076;2145;2215;2289;2364;2442;2523;2606;2691;2779;2868;;;;;;;;;;;;;;;;;;;;;;;
-2.100;;;;;;;;;;;;;;;;;;;;;3316;3219;3121;3024;2928;2833;2741;2651;2564;2479;2397;2317;2241;2167;2097;2028;1963;1900;1839;1781;1725;1672;1620;1571;1524;1478;1435;1394;1355;1317;1282;1248;1216;1185;1157;1130;1105;1082;1060;1040;1022;1006;991;977;966;956;947;941;936;932;930;930;931;934;939;945;953;962;973;986;1000;1016;1034;1053;1074;1097;1121;1147;1175;1204;1236;1269;1303;1340;1378;1418;1459;1503;1548;1596;1645;1696;1749;1804;1861;1921;1982;2046;2112;2180;2251;2324;2400;2478;2559;2642;2728;2815;;;;;;;;;;;;;;;;;;;;;;;;
-2.200;;;;;;;;;;;;;;;;;;;;;;3262;3165;3069;2974;2880;2787;2697;2609;2524;2442;2362;2285;2211;2139;2071;2005;1941;1880;1821;1765;1711;1659;1610;1562;1517;1473;1432;1392;1354;1319;1285;1252;1222;1193;1166;1141;1118;1096;1076;1058;1041;1026;1013;1001;991;982;976;971;967;965;965;966;969;974;980;988;997;1008;1021;1035;1052;1069;1089;1110;1132;1157;1183;1211;1240;1272;1305;1339;1376;1414;1454;1496;1539;1585;1632;1682;1733;1786;1841;1898;1958;2019;2083;2149;2218;2289;2362;2438;2516;2597;2680;2766;2853;;;;;;;;;;;;;;;;;;;;;;;;
-2.300;;;;;;;;;;;;;;;;;;;;;;3305;3211;3116;3021;2928;2835;2745;2657;2572;2489;2409;2331;2257;2185;2115;2049;1984;1923;1864;1807;1753;1700;1650;1603;1557;1513;1471;1431;1393;1357;1323;1291;1260;1231;1204;1179;1155;1134;1113;1095;1078;1063;1050;1038;1028;1019;1012;1007;1004;1002;1001;1003;1006;1010;1017;1024;1034;1045;1058;1072;1089;1106;1126;1147;1170;1194;1220;1248;1278;1309;1342;1377;1414;1452;1492;1534;1578;1623;1671;1720;1771;1825;1880;1937;1997;2059;2123;2189;2257;2328;2402;2478;2556;2637;2720;2806;2893;;;;;;;;;;;;;;;;;;;;;;;;
-2.400;;;;;;;;;;;;;;;;;;;;;;3350;3257;3164;3070;2977;2885;2795;2707;2621;2538;2457;2379;2304;2232;2162;2095;2030;1968;1908;1851;1796;1744;1693;1645;1599;1555;1513;1473;1435;1398;1364;1331;1300;1271;1244;1219;1195;1173;1153;1134;1117;1102;1089;1077;1067;1058;1051;1046;1042;1040;1040;1041;1044;1049;1055;1063;1073;1084;1097;1111;1127;1145;1165;1186;1209;1234;1260;1288;1318;1349;1382;1417;1454;1492;1532;1574;1618;1664;1711;1761;1812;1865;1921;1978;2038;2100;2164;2230;2299;2370;2443;2520;2598;2679;2762;2847;;;;;;;;;;;;;;;;;;;;;;;;;
-2.500;;;;;;;;;;;;;;;;;;;;;;;3305;3213;3120;3028;2937;2847;2759;2673;2589;2508;2430;2354;2281;2211;2143;2078;2015;1955;1897;1842;1789;1738;1689;1643;1599;1556;1516;1477;1441;1406;1374;1343;1313;1286;1260;1237;1215;1194;1175;1158;1143;1129;1118;1107;1099;1092;1086;1083;1081;1080;1082;1085;1089;1096;1103;1113;1124;1137;1152;1168;1186;1206;1227;1250;1275;1301;1329;1359;1391;1424;1459;1496;1534;1574;1616;1660;1706;1754;1803;1855;1908;1963;2021;2081;2143;2207;2273;2342;2413;2487;2563;2641;2722;2805;2891;;;;;;;;;;;;;;;;;;;;;;;;;
-2.600;;;;;;;;;;;;;;;;;;;;;;;3352;3262;3172;3080;2990;2900;2812;2726;2643;2561;2482;2406;2332;2261;2193;2127;2064;2004;1945;1890;1836;1785;1736;1689;1644;1602;1561;1522;1486;1451;1418;1387;1357;1330;1304;1280;1258;1237;1218;1201;1186;1172;1160;1150;1141;1134;1129;1125;1123;1123;1124;1127;1132;1138;1146;1155;1167;1180;1194;1211;1229;1248;1270;1293;1318;1344;1373;1402;1434;1467;1503;1539;1578;1618;1660;1704;1750;1798;1848;1899;1953;2008;2066;2125;2187;2252;2318;2387;2458;2532;2608;2687;2768;2851;;;;;;;;;;;;;;;;;;;;;;;;;;
-2.700;;;;;;;;;;;;;;;;;;;;;;;;3313;3224;3134;3044;2955;2868;2782;2698;2616;2537;2460;2386;2315;2246;2179;2116;2054;1996;1939;1885;1834;1784;1737;1692;1649;1608;1569;1532;1497;1464;1433;1403;1376;1350;1325;1303;1282;1263;1246;1231;1217;1205;1194;1186;1178;1173;1169;1167;1167;1168;1171;1176;1182;1190;1200;1211;1224;1239;1255;1273;1293;1315;1338;1363;1389;1418;1448;1479;1513;1548;1585;1624;1664;1706;1751;1796;1844;1894;1945;1999;2055;2112;2172;2234;2299;2365;2434;2505;2579;2655;2734;2815;2897;;;;;;;;;;;;;;;;;;;;;;;;;;
-2.800;;;;;;;;;;;;;;;;;;;;;;;;;3277;3189;3100;3012;2925;2839;2755;2673;2594;2516;2442;2370;2300;2233;2169;2107;2048;1991;1937;1885;1835;1788;1742;1699;1658;1618;1581;1546;1512;1481;1451;1423;1397;1373;1350;1329;1310;1293;1277;1263;1251;1241;1232;1225;1219;1216;1213;1213;1214;1217;1222;1228;1236;1246;1257;1270;1285;1302;1320;1340;1361;1385;1410;1436;1465;1495;1527;1560;1596;1633;1671;1712;1754;1799;1845;1892;1942;1994;2047;2103;2161;2221;2283;2347;2414;2483;2554;2628;2704;2783;2863;;;;;;;;;;;;;;;;;;;;;;;;;;;
-2.900;;;;;;;;;;;;;;;;;;;;;;;;;3330;3244;3157;3070;2983;2898;2814;2732;2652;2575;2500;2427;2357;2290;2225;2163;2103;2046;1991;1938;1888;1840;1794;1750;1709;1669;1632;1596;1563;1531;1501;1473;1447;1422;1399;1378;1359;1342;1326;1312;1300;1289;1280;1273;1267;1264;1261;1261;1262;1265;1270;1276;1284;1294;1306;1319;1334;1350;1368;1388;1410;1433;1459;1485;1514;1544;1576;1610;1645;1682;1721;1762;1804;1849;1895;1943;1992;2044;2098;2154;2212;2271;2334;2398;2465;2534;2605;2679;2755;2833;2913;;;;;;;;;;;;;;;;;;;;;;;;;;;
-3.000;;;;;;;;;;;;;;;;;;;;;;;;;;3300;3214;3129;3043;2958;2875;2793;2713;2635;2560;2487;2416;2348;2283;2220;2160;2102;2047;1994;1943;1894;1848;1804;1762;1722;1685;1649;1615;1583;1553;1524;1498;1473;1450;1429;1410;1392;1377;1362;1350;1339;1330;1323;1318;1314;1312;1311;1312;1315;1320;1326;1334;1344;1356;1369;1384;1400;1419;1439;1461;1484;1509;1536;1565;1595;1627;1661;1697;1734;1773;1814;1856;1901;1947;1995;2045;2097;2150;2206;2264;2324;2386;2451;2517;2586;2658;2731;2807;2885;;;;;;;;;;;;;;;;;;;;;;;;;;;;
-3.100;;;;;;;;;;;;;;;;;;;;;;;;;;3356;3273;3189;3104;3020;2937;2855;2775;2697;2622;2548;2477;2409;2343;2280;2219;2161;2105;2051;2000;1951;1905;1860;1818;1778;1740;1703;1669;1637;1607;1578;1551;1527;1504;1482;1463;1445;1429;1415;1402;1392;1383;1375;1370;1366;1363;1363;1364;1367;1372;1378;1386;1396;1408;1421;1436;1453;1471;1491;1513;1537;1562;1589;1618;1648;1681;1715;1750;1788;1827;1868;1910;1955;2001;2049;2099;2151;2205;2261;2319;2379;2441;2505;2572;2641;2712;2785;2861;;;;;;;;;;;;;;;;;;;;;;;;;;;;;
-3.200;;;;;;;;;;;;;;;;;;;;;;;;;;;3331;3249;3166;3083;3001;2919;2840;2762;2686;2612;2541;2472;2406;2342;2280;2221;2165;2111;2059;2010;1963;1918;1876;1835;1797;1760;1726;1693;1663;1634;1607;1582;1559;1537;1518;1500;1484;1469;1457;1446;1437;1429;1424;1420;1417;1417;1418;1421;1426;1432;1440;1450;1462;1475;1490;1507;1526;1546;1568;1591;1617;1644;1673;1704;1736;1770;1806;1843;1882;1923;1966;2011;2057;2105;2155;2207;2261;2317;2375;2435;2497;2562;2628;2697;2768;2841;2916;;;;;;;;;;;;;;;;;;;;;;;;;;;;;
-3.300;;;;;;;;;;;;;;;;;;;;;;;;;;;;3310;3229;3147;3066;2985;2906;2828;2752;2678;2606;2537;2470;2406;2344;2285;2228;2173;2121;2071;2024;1979;1936;1895;1856;1819;1784;1752;1721;1692;1665;1640;1616;1595;1575;1557;1541;1526;1513;1502;1493;1486;1480;1476;1473;1473;1474;1477;1482;1488;1496;1506;1518;1531;1546;1563;1582;1602;1624;1648;1674;1701;1730;1761;1793;1827;1863;1901;1940;1981;2024;2069;2115;2164;2214;2266;2320;2376;2434;2494;2556;2620;2686;2755;2826;2898;;;;;;;;;;;;;;;;;;;;;;;;;;;;;;
-3.400;;;;;;;;;;;;;;;;;;;;;;;;;;;;;3292;3212;3132;3052;2973;2896;2820;2746;2674;2604;2537;2472;2410;2350;2293;2238;2185;2135;2087;2041;1998;1957;1918;1880;1845;1812;1781;1752;1725;1699;1676;1654;1634;1616;1599;1585;1572;1561;1551;1544;1538;1534;1531;1531;1532;1535;1540;1546;1554;1564;1576;1589;1605;1622;1640;1661;1683;1707;1733;1760;1789;1820;1853;1887;1923;1961;2000;2042;2084;2129;2176;2224;2274;2326;2380;2436;2494;2554;2616;2680;2746;2815;2885;;;;;;;;;;;;;;;;;;;;;;;;;;;;;;;
-3.500;;;;;;;;;;;;;;;;;;;;;;;;;;;;;;3277;3199;3120;3042;2965;2889;2816;2744;2674;2606;2541;2478;2418;2360;2305;2252;2201;2153;2107;2063;2021;1982;1944;1909;1875;1844;1814;1787;1761;1737;1715;1695;1677;1660;1645;1632;1621;1612;1604;1598;1594;1592;1591;1592;1595;1600;1606;1614;1624;1636;1650;1665;1682;1701;1721;1744;1768;1794;1821;1851;1882;1914;1949;1985;2023;2062;2104;2147;2192;2238;2287;2337;2389;2443;2499;2557;2616;2678;2742;2808;2876;;;;;;;;;;;;;;;;;;;;;;;;;;;;;;;;
-3.600;;;;;;;;;;;;;;;;;;;;;;;;;;;;;;3343;3266;3189;3112;3036;2961;2887;2815;2745;2678;2612;2549;2488;2430;2374;2321;2270;2221;2174;2130;2088;2048;2010;1974;1941;1909;1879;1851;1825;1801;1779;1759;1740;1723;1708;1695;1684;1674;1666;1660;1656;1654;1653;1654;1657;1662;1668;1676;1687;1698;1712;1727;1745;1763;1784;1807;1831;1857;1885;1914;1945;1978;2013;2049;2087;2127;2168;2211;2256;2303;2351;2402;2454;2508;2563;2621;2681;2742;2806;2871;;;;;;;;;;;;;;;;;;;;;;;;;;;;;;;;;
-3.700;;;;;;;;;;;;;;;;;;;;;;;;;;;;;;;3334;3259;3184;3108;3034;2961;2889;2819;2751;2686;2622;2561;2503;2446;2392;2341;2291;2244;2200;2157;2117;2079;2042;2008;1976;1946;1918;1892;1868;1845;1824;1806;1789;1774;1760;1749;1739;1731;1725;1721;1718;1717;1718;1721;1726;1732;1741;1751;1763;1776;1792;1809;1828;1849;1872;1896;1922;1950;1980;2011;2044;2079;2115;2153;2193;2235;2278;2323;2370;2418;2468;2520;2574;2630;2687;2747;2808;2871;2936;;;;;;;;;;;;;;;;;;;;;;;;;;;;;;;;;
-3.800;;;;;;;;;;;;;;;;;;;;;;;;;;;;;;;;3329;3255;3182;3108;3036;2964;2895;2827;2761;2698;2636;2577;2521;2466;2414;2364;2317;2272;2229;2188;2150;2113;2079;2046;2016;1987;1961;1936;1913;1893;1874;1856;1841;1828;1816;1806;1798;1792;1787;1785;1784;1785;1788;1792;1799;1807;1817;1829;1843;1859;1876;1895;1916;1939;1963;1990;2018;2048;2079;2112;2147;2184;2222;2262;2304;2347;2392;2439;2487;2537;2589;2643;2698;2756;2815;2876;2938;;;;;;;;;;;;;;;;;;;;;;;;;;;;;;;;;;
-3.900;;;;;;;;;;;;;;;;;;;;;;;;;;;;;;;;;3328;3256;3184;3112;3042;2972;2905;2839;2775;2714;2655;2598;2543;2490;2440;2392;2347;2303;2262;2223;2186;2151;2119;2088;2059;2032;2007;1984;1963;1944;1927;1911;1897;1885;1875;1867;1861;1856;1854;1853;1854;1857;1861;1868;1876;1886;1898;1912;1928;1945;1964;1986;2008;2033;2060;2088;2118;2149;2183;2218;2255;2293;2333;2375;2418;2463;2510;2559;2609;2660;2714;2769;2826;2884;2945;;;;;;;;;;;;;;;;;;;;;;;;;;;;;;;;;;;
-4.000;;;;;;;;;;;;;;;;;;;;;;;;;;;;;;;;;;3330;3260;3190;3120;3052;2984;2919;2855;2794;2734;2677;2622;2569;2519;2470;2424;2381;2339;2300;2262;2227;2194;2163;2134;2106;2081;2058;2036;2017;1999;1983;1969;1957;1947;1939;1932;1928;1925;1924;1925;1928;1932;1939;1947;1957;1969;1983;1999;2017;2036;2057;2080;2105;2132;2160;2190;2222;2256;2291;2328;2366;2406;2448;2492;2537;2584;2632;2682;2733;2787;2841;2898;2956;;;;;;;;;;;;;;;;;;;;;;;;;;;;;;;;;;;;
-4.100;;;;;;;;;;;;;;;;;;;;;;;;;;;;;;;;;;;;3268;3200;3132;3066;3001;2937;2876;2816;2759;2704;2651;2600;2551;2505;2460;2418;2379;2341;2305;2272;2240;2211;2183;2157;2134;2112;2092;2074;2058;2044;2032;2021;2013;2006;2001;1998;1997;1998;2001;2005;2012;2020;2031;2043;2057;2073;2090;2110;2131;2154;2179;2206;2235;2265;2297;2331;2366;2403;2442;2482;2524;2567;2612;2659;2707;2757;2808;2861;2915;;;;;;;;;;;;;;;;;;;;;;;;;;;;;;;;;;;;;;
-4.200;;;;;;;;;;;;;;;;;;;;;;;;;;;;;;;;;;;;;3281;3214;3149;3085;3022;2960;2901;2843;2788;2735;2684;2635;2588;2543;2501;2461;2422;2386;2352;2320;2290;2262;2237;2212;2190;2170;2152;2136;2121;2109;2098;2089;2082;2077;2074;2073;2074;2077;2081;2088;2096;2106;2119;2133;2149;2166;2186;2208;2231;2256;2283;2312;2342;2374;2408;2444;2481;2520;2560;2602;2645;2690;2737;2785;2834;2885;2937;;;;;;;;;;;;;;;;;;;;;;;;;;;;;;;;;;;;;;;
-4.300;;;;;;;;;;;;;;;;;;;;;;;;;;;;;;;;;;;;;;3297;3233;3170;3108;3047;2988;2930;2875;2821;2770;2721;2674;2629;2586;2545;2507;2470;2436;2403;2373;2345;2318;2294;2271;2251;2232;2216;2201;2188;2177;2168;2161;2156;2153;2152;2152;2155;2159;2166;2174;2185;2197;2211;2227;2245;2265;2286;2310;2335;2362;2391;2422;2454;2488;2524;2561;2600;2640;2682;2725;2770;2816;2864;2913;2964;;;;;;;;;;;;;;;;;;;;;;;;;;;;;;;;;;;;;;;;
-4.400;;;;;;;;;;;;;;;;;;;;;;;;;;;;;;;;;;;;;;;;3256;3195;3135;3076;3019;2964;2911;2859;2810;2762;2717;2674;2633;2594;2557;2522;2489;2459;2430;2403;2378;2355;2334;2316;2299;2283;2270;2259;2250;2243;2237;2234;2233;2233;2236;2240;2246;2255;2265;2277;2292;2308;2326;2346;2368;2391;2417;2444;2473;2504;2536;2570;2606;2643;2682;2722;2764;2807;2852;2898;2945;2994;;;;;;;;;;;;;;;;;;;;;;;;;;;;;;;;;;;;;;;;;
-4.500;;;;;;;;;;;;;;;;;;;;;;;;;;;;;;;;;;;;;;;;;3284;3225;3167;3110;3055;3002;2951;2901;2854;2808;2765;2723;2684;2647;2611;2578;2547;2518;2490;2465;2442;2421;2401;2384;2369;2355;2344;2334;2327;2321;2318;2316;2316;2319;2323;2329;2338;2348;2360;2375;2391;2409;2429;2451;2475;2500;2528;2557;2588;2620;2655;2690;2728;2766;2807;2848;2891;2936;2981;;;;;;;;;;;;;;;;;;;;;;;;;;;;;;;;;;;;;;;;;;;
-4.600;;;;;;;;;;;;;;;;;;;;;;;;;;;;;;;;;;;;;;;;;;;3259;3203;3149;3096;3044;2995;2948;2902;2858;2816;2777;2739;2703;2670;2638;2608;2581;2555;2531;2510;2490;2472;2456;2443;2431;2421;2413;2407;2404;2402;2402;2404;2409;2415;2423;2433;2446;2460;2476;2495;2515;2537;2561;2586;2614;2643;2674;2707;2741;2777;2814;2853;2893;2934;2977;;;;;;;;;;;;;;;;;;;;;;;;;;;;;;;;;;;;;;;;;;;;;
-4.700;;;;;;;;;;;;;;;;;;;;;;;;;;;;;;;;;;;;;;;;;;;;3297;3243;3191;3140;3091;3044;2998;2954;2912;2872;2834;2798;2764;2732;2702;2674;2648;2624;2601;2581;2563;2547;2533;2521;2510;2502;2496;2492;2490;2490;2492;2496;2503;2511;2521;2533;2548;2564;2582;2603;2625;2649;2675;2702;2732;2763;2795;2829;2865;2902;2941;2981;3022;;;;;;;;;;;;;;;;;;;;;;;;;;;;;;;;;;;;;;;;;;;;;;
-4.800;;;;;;;;;;;;;;;;;;;;;;;;;;;;;;;;;;;;;;;;;;;;;;3288;3238;3189;3142;3096;3053;3011;2970;2932;2896;2861;2829;2798;2770;2743;2718;2696;2675;2657;2640;2625;2613;2602;2594;2587;2583;2581;2581;2583;2587;2593;2601;2611;2623;2638;2654;2672;2692;2715;2739;2765;2792;2822;2853;2885;2920;2955;2992;3031;;;;;;;;;;;;;;;;;;;;;;;;;;;;;;;;;;;;;;;;;;;;;;;;
-4.900;;;;;;;;;;;;;;;;;;;;;;;;;;;;;;;;;;;;;;;;;;;;;;;;;3242;3197;3153;3111;3071;3032;2995;2961;2928;2897;2868;2841;2816;2793;2772;2752;2735;2720;2707;2696;2688;2681;2676;2674;2673;2675;2679;2685;2693;2703;2715;2729;2746;2764;2784;2806;2831;2856;2884;2914;2945;2977;3011;3047;;;;;;;;;;;;;;;;;;;;;;;;;;;;;;;;;;;;;;;;;;;;;;;;;;
-5.000;;;;;;;;;;;;;;;;;;;;;;;;;;;;;;;;;;;;;;;;;;;;;;;;;;;3255;3213;3173;3134;3097;3062;3029;2998;2968;2941;2915;2892;2870;2850;2833;2817;2804;2793;2783;2776;2771;2768;2768;2769;2773;2779;2786;2796;2809;2823;2839;2857;2878;2900;2924;2950;2977;3007;3037;;;;;;;;;;;;;;;;;;;;;;;;;;;;;;;;;;;;;;;;;;;;;;;;;;;;;
-5.100;;;;;;;;;;;;;;;;;;;;;;;;;;;;;;;;;;;;;;;;;;;;;;;;;;;;;;3237;3200;3165;3132;3100;3070;3042;3016;2992;2970;2950;2932;2916;2902;2891;2881;2873;2868;2865;2864;2865;2868;2874;2882;2891;2903;2917;2934;2952;2972;2994;3018;3044;;;;;;;;;;;;;;;;;;;;;;;;;;;;;;;;;;;;;;;;;;;;;;;;;;;;;;;;
-5.200;;;;;;;;;;;;;;;;;;;;;;;;;;;;;;;;;;;;;;;;;;;;;;;;;;;;;;;;;3236;3204;3174;3146;3119;3095;3072;3052;3033;3017;3002;2990;2980;2972;2966;2963;2961;2962;2965;2970;2978;2987;2999;3013;3029;3047;3067;;;;;;;;;;;;;;;;;;;;;;;;;;;;;;;;;;;;;;;;;;;;;;;;;;;;;;;;;;;
-5.300;;;;;;;;;;;;;;;;;;;;;;;;;;;;;;;;;;;;;;;;;;;;;;;;;;;;;;;;;;;;;;;3175;3154;3135;3118;3103;3090;3079;3071;3065;3061;3059;3059;3062;3067;3074;3083;;;;;;;;;;;;;;;;;;;;;;;;;;;;;;;;;;;;;;;;;;;;;;;;;;;;;;;;;;;;;;;;
-5.400;;;;;;;;;;;;;;;;;;;;;;;;;;;;;;;;;;;;;;;;;;;;;;;;;;;;;;;;;;;;;;;;;;;;;;;;;;;;;;;;;;;;;;;;;;;;;;;;;;;;;;;;;;;;;;;;;;;;;;;;;;;;;;;;;;;;;;;;;;;;;;
-5.500;;;;;;;;;;;;;;;;;;;;;;;;;;;;;;;;;;;;;;;;;;;;;;;;;;;;;;;;;;;;;;;;;;;;;;;;;;;;;;;;;;;;;;;;;;;;;;;;;;;;;;;;;;;;;;;;;;;;;;;;;;;;;;;;;;;;;;;;;;;;;;
-5.600;;;;;;;;;;;;;;;;;;;;;;;;;;;;;;;;;;;;;;;;;;;;;;;;;;;;;;;;;;;;;;;;;;;;;;;;;;;;;;;;;;;;;;;;;;;;;;;;;;;;;;;;;;;;;;;;;;;;;;;;;;;;;;;;;;;;;;;;;;;;;;
-5.700;;;;;;;;;;;;;;;;;;;;;;;;;;;;;;;;;;;;;;;;;;;;;;;;;;;;;;;;;;;;;;;;;;;;;;;;;;;;;;;;;;;;;;;;;;;;;;;;;;;;;;;;;;;;;;;;;;;;;;;;;;;;;;;;;;;;;;;;;;;;;;
-5.800;;;;;;;;;;;;;;;;;;;;;;;;;;;;;;;;;;;;;;;;;;;;;;;;;;;;;;;;;;;;;;;;;;;;;;;;;;;;;;;;;;;;;;;;;;;;;;;;;;;;;;;;;;;;;;;;;;;;;;;;;;;;;;;;;;;;;;;;;;;;;;
-5.900;;;;;;;;;;;;;;;;;;;;;;;;;;;;;;;;;;;;;;;;;;;;;;;;;;;;;;;;;;;;;;;;;;;;;;;;;;;;;;;;;;;;;;;;;;;;;;;;;;;;;;;;;;;;;;;;;;;;;;;;;;;;;;;;;;;;;;;;;;;;;;
-6.000;;;;;;;;;;;;;;;;;;;;;;;;;;;;;;;;;;;;;;;;;;;;;;;;;;;;;;;;;;;;;;;;;;;;;;;;;;;;;;;;;;;;;;;;;;;;;;;;;;;;;;;;;;;;;;;;;;;;;;;;;;;;;;;;;;;;;;;;;;;;;;
-6.100;;;;;;;;;;;;;;;;;;;;;;;;;;;;;;;;;;;;;;;;;;;;;;;;;;;;;;;;;;;;;;;;;;;;;;;;;;;;;;;;;;;;;;;;;;;;;;;;;;;;;;;;;;;;;;;;;;;;;;;;;;;;;;;;;;;;;;;;;;;;;;
-6.200;;;;;;;;;;;;;;;;;;;;;;;;;;;;;;;;;;;;;;;;;;;;;;;;;;;;;;;;;;;;;;;;;;;;;;;;;;;;;;;;;;;;;;;;;;;;;;;;;;;;;;;;;;;;;;;;;;;;;;;;;;;;;;;;;;;;;;;;;;;;;;
-6.300;;;;;;;;;;;;;;;;;;;;;;;;;;;;;;;;;;;;;;;;;;;;;;;;;;;;;;;;;;;;;;;;;;;;;;;;;;;;;;;;;;;;;;;;;;;;;;;;;;;;;;;;;;;;;;;;;;;;;;;;;;;;;;;;;;;;;;;;;;;;;;
-6.400;;;;;;;;;;;;;;;;;;;;;;;;;;;;;;;;;;;;;;;;;;;;;;;;;;;;;;;;;;;;;;;;;;;;;;;;;;;;;;;;;;;;;;;;;;;;;;;;;;;;;;;;;;;;;;;;;;;;;;;;;;;;;;;;;;;;;;;;;;;;;;
-6.500;;;;;;;;;;;;;;;;;;;;;;;;;;;;;;;;;;;;;;;;;;;;;;;;;;;;;;;;;;;;;;;;;;;;;;;;;;;;;;;;;;;;;;;;;;;;;;;;;;;;;;;;;;;;;;;;;;;;;;;;;;;;;;;;;;;;;;;;;;;;;;
-6.600;;;;;;;;;;;;;;;;;;;;;;;;;;;;;;;;;;;;;;;;;;;;;;;;;;;;;;;;;;;;;;;;;;;;;;;;;;;;;;;;;;;;;;;;;;;;;;;;;;;;;;;;;;;;;;;;;;;;;;;;;;;;;;;;;;;;;;;;;;;;;;
-6.700;;;;;;;;;;;;;;;;;;;;;;;;;;;;;;;;;;;;;;;;;;;;;;;;;;;;;;;;;;;;;;;;;;;;;;;;;;;;;;;;;;;;;;;;;;;;;;;;;;;;;;;;;;;;;;;;;;;;;;;;;;;;;;;;;;;;;;;;;;;;;;
-6.800;;;;;;;;;;;;;;;;;;;;;;;;;;;;;;;;;;;;;;;;;;;;;;;;;;;;;;;;;;;;;;;;;;;;;;;;;;;;;;;;;;;;;;;;;;;;;;;;;;;;;;;;;;;;;;;;;;;;;;;;;;;;;;;;;;;;;;;;;;;;;;
-6.900;;;;;;;;;;;;;;;;;;;;;;;;;;;;;;;;;;;;;;;;;;;;;;;;;;;;;;;;;;;;;;;;;;;;;;;;;;;;;;;;;;;;;;;;;;;;;;;;;;;;;;;;;;;;;;;;;;;;;;;;;;;;;;;;;;;;;;;;;;;;;;
-7.000;;;;;;;;;;;;;;;;;;;;;;;;;;;;;;;;;;;;;;;;;;;;;;;;;;;;;;;;;;;;;;;;;;;;;;;;;;;;;;;;;;;;;;;;;;;;;;;;;;;;;;;;;;;;;;;;;;;;;;;;;;;;;;;;;;;;;;;;;;;;;;
FRONT [mm];-7.000;-6.900;-6.800;-6.700;-6.600;-6.500;-6.400;-6.300;-6.200;-6.100;-6.000;-5.900;-5.800;-5.700;-5.600;-5.500;-5.400;-5.300;-5.200;-5.100;-5.000;-4.900;-4.800;-4.700;-4.600;-4.500;-4.400;-4.300;-4.200;-4.100;-4.000;-3.900;-3.800;-3.700;-3.600;-3.500;-3.400;-3.300;-3.200;-3.100;-3.000;-2.900;-2.800;-2.700;-2.600;-2.500;-2.400;-2.300;-2.200;-2.100;-2.000;-1.900;-1.800;-1.700;-1.600;-1.500;-1.400;-1.300;-1.200;-1.100;-1.000;-0.900;-0.800;-0.700;-0.600;-0.500;-0.400;-0.300;-0.200;-0.100;0.000;0.100;0.200;0.300;0.400;0.500;0.600;0.700;0.800;0.900;1.000;1.100;1.200;1.300;1.400;1.500;1.600;1.700;1.800;1.900;2.000;2.100;2.200;2.300;2.400;2.500;2.600;2.700;2.800;2.900;3.000;3.100;3.200;3.300;3.400;3.500;3.600;3.700;3.800;3.900;4.000;4.100;4.200;4.300;4.400;4.500;4.600;4.700;4.800;4.900;5.000;5.100;5.200;5.300;5.400;5.500;5.600;5.700;5.800;5.900;6.000;6.100;6.200;6.300;6.400;6.500;6.600;6.700;6.800;6.900;7.000;
7.000;;;;;;;;;;;;;;;;;;;;;;;;;;;;;;;;;;;;;;;;;;;;;;;;;;;;;;;;;;;;;;;;;;;;;;;;;;;;;;;;;;;;;;;;;;;;;;;;;;;;;;;;;;;;;;;;;;;;;;;;;;;;;;;;;;;;;;;;;;;;;;
6.900;;;;;;;;;;;;;;;;;;;;;;;;;;;;;;;;;;;;;;;;;;;;;;;;;;;;;;;;;;;;;;;;;;;;;;;;;;;;;;;;;;;;;;;;;;;;;;;;;;;;;;;;;;;;;;;;;;;;;;;;;;;;;;;;;;;;;;;;;;;;;;
6.800;;;;;;;;;;;;;;;;;;;;;;;;;;;;;;;;;;;;;;;;;;;;;;;;;;;;;;;;;;;;;;;;;;;;;;;;;;;;;;;;;;;;;;;;;;;;;;;;;;;;;;;;;;;;;;;;;;;;;;;;;;;;;;;;;;;;;;;;;;;;;;
6.700;;;;;;;;;;;;;;;;;;;;;;;;;;;;;;;;;;;;;;;;;;;;;;;;;;;;;;;;;;;;;;;;;;;;;;;;;;;;;;;;;;;;;;;;;;;;;;;;;;;;;;;;;;;;;;;;;;;;;;;;;;;;;;;;;;;;;;;;;;;;;;
6.600;;;;;;;;;;;;;;;;;;;;;;;;;;;;;;;;;;;;;;;;;;;;;;;;;;;;;;;;;;;;;;;;;;;;;;;;;;;;;;;;;;;;;;;;;;;;;;;;;;;;;;;;;;;;;;;;;;;;;;;;;;;;;;;;;;;;;;;;;;;;;;
6.500;;;;;;;;;;;;;;;;;;;;;;;;;;;;;;;;;;;;;;;;;;;;;;;;;;;;;;;;;;;;;;;;;;;;;;;;;;;;;;;;;;;;;;;;;;;;;;;;;;;;;;;;;;;;;;;;;;;;;;;;;;;;;;;;;;;;;;;;;;;;;;
6.400;;;;;;;;;;;;;;;;;;;;;;;;;;;;;;;;;;;;;;;;;;;;;;;;;;;;;;;;;;;;;;;;;;;;;;;;;;;;;;;;;;;;;;;;;;;;;;;;;;;;;;;;;;;;;;;;;;;;;;;;;;;;;;;;;;;;;;;;;;;;;;
6.300;;;;;;;;;;;;;;;;;;;;;;;;;;;;;;;;;;;;;;;;;;;;;;;;;;;;;;;;;;;;;;;;;;;;;;;;;;;;;;;;;;;;;;;;;;;;;;;;;;;;;;;;;;;;;;;;;;;;;;;;;;;;;;;;;;;;;;;;;;;;;;
6.200;;;;;;;;;;;;;;;;;;;;;;;;;;;;;;;;;;;;;;;;;;;;;;;;;;;;;;;;;;;;;;;;;;;;;;;;;;;;;;;;;;;;;;;;;;;;;;;;;;;;;;;;;;;;;;;;;;;;;;;;;;;;;;;;;;;;;;;;;;;;;;
6.100;;;;;;;;;;;;;;;;;;;;;;;;;;;;;;;;;;;;;;;;;;;;;;;;;;;;;;;;;;;;;;;;;;;;;;;;;;;;;;;;;;;;;;;;;;;;;;;;;;;;;;;;;;;;;;;;;;;;;;;;;;;;;;;;;;;;;;;;;;;;;;
6.000;;;;;;;;;;;;;;;;;;;;;;;;;;;;;;;;;;;;;;;;;;;;;;;;;;;;;;;;;;;;;;;;;;;;;;;;;;;;;;;;;;;;;;;;;;;;;;;;;;;;;;;;;;;;;;;;;;;;;;;;;;;;;;;;;;;;;;;;;;;;;;
5.900;;;;;;;;;;;;;;;;;;;;;;;;;;;;;;;;;;;;;;;;;;;;;;;;;;;;;;;;;;;;;;;;;;;;;;;;;;;;;;;;;;;;;;;;;;;;;;;;;;;;;;;;;;;;;;;;;;;;;;;;;;;;;;;;;;;;;;;;;;;;;;
5.800;;;;;;;;;;;;;;;;;;;;;;;;;;;;;;;;;;;;;;;;;;;;;;;;;;;;;;;;;;;;;;;;;;;;;;;;;;;;;;;;;;;;;;;;;;;;;;;;;;;;;;;;;;;;;;;;;;;;;;;;;;;;;;;;;;;;;;;;;;;;;;
5.700;;;;;;;;;;;;;;;;;;;;;;;;;;;;;;;;;;;;;;;;;;;;;;;;;;;;;;;;;;;;;;;;;;;;;;;;;;;;;;;;;;;;;;;;;;;;;;;;;;;;;;;;;;;;;;;;;;;;;;;;;;;;;;;;;;;;;;;;;;;;;;
5.600;;;;;;;;;;;;;;;;;;;;;;;;;;;;;;;;;;;;;;;;;;;;;;;;;;;;;;;;;;;;;;;;;;;;;;;;;;;;;;;;;;;;;;;;;;;;;;;;;;;;;;;;;;;;;;;;;;;;;;;;;;;;;;;;;;;;;;;;;;;;;;
5.500;;;;;;;;;;;;;;;;;;;;;;;;;;;;;;;;;;;;;;;;;;;;;;;;;;;;;;;;;;;;;;;;;;;;;;;;;;;;;;;;;;;;;;;;;;;;;;;;;;;;;;;;;;;;;;;;;;;;;;;;;;;;;;;;;;;;;;;;;;;;;;
5.400;;;;;;;;;;;;;;;;;;;;;;;;;;;;;;;;;;;;;;;;;;;;;;;;;;;;;;;;;;;;;;;;;;;;;;;;;;;;;;;;;;;;;;;;;;;;;;;;;;;;;;;;;;;;;;;;;;;;;;;;;;;;;;;;;;;;;;;;;;;;;;
5.300;;;;;;;;;;;;;;;;;;;;;;;;;;;;;;;;;;;;;;;;;;;;;;;;;;;;;;;;;;;;;;;;;;;;;;;;;;;;;;;;;;;;;;;;;;;;;;;;;;;;;;;;;;;;;;;;;;;;;;;;;;;;;;;;;;;;;;;;;;;;;;
5.200;;;;;;;;;;;;;;;;;;;;;;;;;;;;;;;;;;;;;;;;;;;;;;;;;;;;;;;;;;;;;;;;;;;;;;;;;;;;;;;;;;;;;;;;;;;;;;;;;;;;;;;;;;;;;;;;;;;;;;;;;;;;;;;;;;;;;;;;;;;;;;
5.100;;;;;;;;;;;;;;;;;;;;;;;;;;;;;;;;;;;;;;;;;;;;;;;;;;;;;;;;;;;;;;;;;;;;;;;;;;;;;;;;;;;;;;;;;;;;;;;;;;;;;;;;;;;;;;;;;;;;;;;;;;;;;;;;;;;;;;;;;;;;;;
5.000;;;;;;;;;;;;;;;;;;;;;;;;;;;;;;;;;;;;;;;;;;;;;;;;;;;;;;;;;;;;;;;1.745806635;1.734967713;1.725681786;1.717949119;1.711770122;1.707145272;1.704075016;1.702559653;1.702599190;1.704193183;1.707340569;1.712039477;;;;;;;;;;;;;;;;;;;;;;;;;;;;;;;;;;;;;;;;;;;;;;;;;;;;;;;;;;;;;;;;;;;;
4.900;;;;;;;;;;;;;;;;;;;;;;;;;;;;;;;;;;;;;;;;;;;;;;;;;;;;;;;;1.796416967;1.774707728;1.754544440;1.735925580;1.718849663;1.703315379;1.689321701;1.676867954;1.665953853;1.656579512;1.648745420;1.642452389;1.637701476;1.634493880;1.632830812;1.632713350;1.634142276;1.637117893;1.641639839;1.647706888;1.655316753;1.664465887;1.675149288;1.687360324;1.701090566;1.716329648;;;;;;;;;;;;;;;;;;;;;;;;;;;;;;;;;;;;;;;;;;;;;;;;;;;;;;;;;;;;;
4.800;;;;;;;;;;;;;;;;;;;;;;;;;;;;;;;;;;;;;;;;;;;;;;;;;;;;1.830898823;1.803052237;1.776751865;1.751995832;1.728781711;1.707106771;1.686968203;1.668363306;1.651289647;1.635745184;1.621728357;1.609238152;1.598274129;1.588836419;1.580925699;1.574543130;1.569690276;1.566368992;1.564581295;1.564329215;1.565614620;1.568439038;1.572803462;1.578708147;1.586152401;1.595134385;1.605650909;1.617697241;1.631266931;1.646351654;1.662941083;1.681022788;1.700582176;1.721602481;;;;;;;;;;;;;;;;;;;;;;;;;;;;;;;;;;;;;;;;;;;;;;;;;;;;;;;;;
4.700;;;;;;;;;;;;;;;;;;;;;;;;;;;;;;;;;;;;;;;;;;;;;;;;;1.856675275;1.824268919;1.793412203;1.764103840;1.736341374;1.710121502;1.685440365;1.662293814;1.640677642;1.620587792;1.602020528;1.584972578;1.569441249;1.555424506;1.542921027;1.531930220;1.522452222;1.514487860;1.508038589;1.503106406;1.499693735;1.497803297;1.497437952;1.498600532;1.501293651;1.505519509;1.511279688;1.518574938;1.527404968;1.537768237;1.549661754;1.563080894;1.578019224;1.594468363;1.612417865;1.631855135;1.652765399;1.675131704;1.698934992;1.724154226;1.750766585;;;;;;;;;;;;;;;;;;;;;;;;;;;;;;;;;;;;;;;;;;;;;;;;;;;;;
4.600;;;;;;;;;;;;;;;;;;;;;;;;;;;;;;;;;;;;;;;;;;;;;;1.896852495;1.859891080;1.824484295;1.790632963;1.758335991;1.727590737;1.698393364;1.670739160;1.644622838;1.620038805;1.596981408;1.575445153;1.555424887;1.536915964;1.519914375;1.504416844;1.490420911;1.477924967;1.466928276;1.457430959;1.449433957;1.442938967;1.437948345;1.434465000;1.432492257;1.432033698;1.433092993;1.435673712;1.439779127;1.445411999;1.452574372;1.461267351;1.471490892;1.483243594;1.496522508;1.511322950;1.527638350;1.545460120;1.564777552;1.585577761;1.607845672;1.631564056;1.656713622;1.683273185;1.711219896;1.740529562;;;;;;;;;;;;;;;;;;;;;;;;;;;;;;;;;;;;;;;;;;;;;;;;;;;
4.500;;;;;;;;;;;;;;;;;;;;;;;;;;;;;;;;;;;;;;;;;;;;1.909879713;1.869909032;1.831500224;1.794655239;1.759373695;1.725653262;1.693490031;1.662878859;1.633813687;1.606287843;1.580294317;1.555826011;1.532875966;1.511437563;1.491504696;1.473071920;1.456134571;1.440688860;1.426731935;1.414261925;1.403277945;1.393780083;1.385769356;1.379247646;1.374217606;1.370682547;1.368646300;1.368113064;1.369087234;1.371573211;1.375575205;1.381097024;1.388141861;1.396712075;1.406808974;1.418432605;1.431581552;1.446252744;1.462441294;1.480140350;1.499340981;1.520032101;1.542200430;1.565830506;1.590904755;1.617403612;1.645305722;1.674588212;1.705227044;1.737197467;1.770474555;;;;;;;;;;;;;;;;;;;;;;;;;;;;;;;;;;;;;;;;;;;;;;;;
4.400;;;;;;;;;;;;;;;;;;;;;;;;;;;;;;;;;;;;;;;;;;1.929742601;1.886748681;1.845324906;1.805474880;1.767199471;1.730497197;1.695364608;1.661796632;1.629786921;1.599328162;1.570412380;1.543031208;1.517176150;1.492838807;1.470011091;1.448685407;1.428854819;1.410513182;1.393655256;1.378276788;1.364374575;1.351946492;1.340991503;1.331509641;1.323501965;1.316970490;1.311918097;1.308348420;1.306265711;1.305674685;1.306580351;1.308987824;1.312902129;1.318327990;1.325269619;1.333730490;1.343713129;1.355218892;1.368247762;1.382798155;1.398866741;1.416448290;1.435535541;1.456119115;1.478187450;1.501726796;1.526721251;1.553152858;1.581001770;1.610246475;1.640864116;1.672830878;1.706122485;1.740714784;1.776584451;;;;;;;;;;;;;;;;;;;;;;;;;;;;;;;;;;;;;;;;;;;;;;
4.300;;;;;;;;;;;;;;;;;;;;;;;;;;;;;;;;;;;;;;;;1.956510344;1.910471366;1.866010895;1.823134668;1.781845303;1.742142692;1.704024374;1.667485891;1.632521134;1.599122667;1.567282040;1.536990077;1.508237154;1.481013455;1.455309206;1.431114893;1.408421455;1.387220458;1.367504243;1.349266053;1.332500138;1.317201829;1.303367598;1.290995078;1.280083077;1.270631549;1.262641557;1.256115202;1.251055529;1.247466423;1.245352468;1.244718803;1.245570947;1.247914620;1.251755545;1.257099241;1.263950810;1.272314718;1.282194575;1.293592921;1.306511011;1.320948622;1.336903865;1.354373019;1.373350396;1.393828232;1.415796610;1.439243428;1.464154420;1.490513219;1.518301489;1.547499119;1.578084496;1.610034847;1.643326684;1.677936332;1.713840566;1.751017350;1.789446708;;;;;;;;;;;;;;;;;;;;;;;;;;;;;;;;;;;;;;;;;;;;
4.200;;;;;;;;;;;;;;;;;;;;;;;;;;;;;;;;;;;;;;1.990282600;1.941171180;1.893645955;1.847715174;1.803383632;1.760653054;1.719522459;1.679988518;1.642045890;1.605687552;1.570905112;1.537689107;1.506029288;1.475914892;1.447334893;1.420278238;1.394734069;1.370691918;1.348141894;1.327074841;1.307482475;1.289357505;1.272693728;1.257486101;1.243730789;1.231425195;1.220567959;1.211158937;1.203199159;1.196690762;1.191636900;1.188041634;1.185909804;1.185246881;1.186058799;1.188351780;1.192132134;1.197406061;1.204179437;1.212457596;1.222245114;1.233545590;1.246361434;1.260693666;1.276541723;1.293903293;1.312774160;1.333148089;1.355016731;1.378369578;1.403193956;1.429475066;1.457196086;1.486338334;1.516881495;1.548803932;1.582083072;1.616695884;1.652619453;1.689831660;1.728311968;1.768042333;1.809008230;;;;;;;;;;;;;;;;;;;;;;;;;;;;;;;;;;;;;;;;;;
4.100;;;;;;;;;;;;;;;;;;;;;;;;;;;;;;;;;;;;2.031181631;1.978966633;1.928344316;1.879325709;1.831918099;1.786125405;1.741948534;1.699385728;1.658432892;1.619083919;1.581330996;1.545164905;1.510575306;1.477551015;1.446080261;1.416150937;1.387750834;1.360867857;1.335490231;1.311606686;1.289206623;1.268280267;1.248818798;1.230814457;1.214260638;1.199151956;1.185484294;1.173254823;1.162462008;1.153105584;1.145186514;1.138706926;1.133670023;1.130079980;1.127941817;1.127261254;1.128044551;1.130298330;1.134029391;1.139244506;1.145950214;1.154152605;1.163857106;1.175068261;1.187789520;1.202023035;1.217769467;1.235027806;1.253795218;1.274066911;1.295836034;1.319093612;1.343828519;1.370027501;1.397675248;1.426754523;1.457246364;1.489130344;1.522384917;1.556987848;1.592916727;1.630149587;1.668665623;1.708446024;1.749474921;1.791740464;1.835236027;;;;;;;;;;;;;;;;;;;;;;;;;;;;;;;;;;;;;;;;
4.000;;;;;;;;;;;;;;;;;;;;;;;;;;;;;;;;;;;2.023993666;1.970239102;1.918096214;1.867574971;1.818681730;1.771419575;1.725788658;1.681786518;1.639408387;1.598647497;1.559495361;1.521942062;1.485976520;1.451586750;1.418760119;1.387483580;1.357743904;1.329527892;1.302822581;1.277615430;1.253894494;1.231648580;1.210867389;1.191541634;1.173663149;1.157224971;1.142221401;1.128648051;1.116501866;1.105781125;1.096485418;1.088615610;1.082173775;1.077163114;1.073587854;1.071453123;1.070764815;1.071529428;1.073753901;1.077445422;1.082611237;1.089258446;1.097393788;1.107023434;1.118152764;1.130786164;1.144926812;1.160576489;1.177735394;1.196401982;1.216572826;1.238242500;1.261403502;1.286046213;1.312158893;1.339727736;1.368736968;1.399169015;1.431004727;1.464223689;1.498804592;1.534725706;1.571965431;1.610502960;1.650319031;1.691396803;1.733722845;1.777288248;1.822089873;;;;;;;;;;;;;;;;;;;;;;;;;;;;;;;;;;;;;;;
3.900;;;;;;;;;;;;;;;;;;;;;;;;;;;;;;;;;;2.019476451;1.964170705;1.910495946;1.858461080;1.808071536;1.759329594;1.712234690;1.666783715;1.622971306;1.580790118;1.540231099;1.501283747;1.463936368;1.428176316;1.393990234;1.361364284;1.330284362;1.300736311;1.272706118;1.246180104;1.221145096;1.197588589;1.175498892;1.154865262;1.135678017;1.117928631;1.101609819;1.086715595;1.073241313;1.061183690;1.050540807;1.041312090;1.033498273;1.027101337;1.022124431;1.018571774;1.016448542;1.015760726;1.016514991;1.018718501;1.022378750;1.027503362;1.034099902;1.042175660;1.051737450;1.062791389;1.075342694;1.089395473;1.104952531;1.122015183;1.140583089;1.160654104;1.182224159;1.205287169;1.229834972;1.255857315;1.283341882;1.312274369;1.342638619;1.374416823;1.407589773;1.442137213;1.478038241;1.515271827;1.553817394;1.593655521;1.634768738;1.677142431;1.720765874;1.765633373;1.811745550;1.859110750;;;;;;;;;;;;;;;;;;;;;;;;;;;;;;;;;;;;;
3.800;;;;;;;;;;;;;;;;;;;;;;;;;;;;;;;;2.076211565;2.017702633;1.960832795;1.905613516;1.852052614;1.800154585;1.749920905;1.701350313;1.654439093;1.609181334;1.565569191;1.523593128;1.483242162;1.444504099;1.407365757;1.371813196;1.337831926;1.305407118;1.274523808;1.245167083;1.217322272;1.190975113;1.166111917;1.142719723;1.120786427;1.100300914;1.081253160;1.063634326;1.047436839;1.032654443;1.019282243;1.007316727;0.996755768;0.987598607;0.979845818;0.973499249;0.968561954;0.965038092;0.962932823;0.962252174;0.963002899;0.965192315;0.968828136;0.973918282;0.980470691;0.988493114;0.997992912;1.008976845;1.021450869;1.035419927;1.050887755;1.067856698;1.086327537;1.106299336;1.127769313;1.150732739;1.175182864;1.201110890;1.228505972;1.257355278;1.287644094;1.319355991;1.352473050;1.386976163;1.422845402;1.460060473;1.498601252;1.538448418;1.579584181;1.621993115;1.665663102;1.710586386;1.756760760;1.804190866;1.852889642;;;;;;;;;;;;;;;;;;;;;;;;;;;;;;;;;;;;
3.700;;;;;;;;;;;;;;;;;;;;;;;;;;;;;;;2.078852188;2.018744019;1.960296053;1.903518454;1.848417922;1.794997991;1.743259315;1.693199940;1.644815553;1.598099730;1.553044170;1.509638921;1.467872602;1.427732613;1.389205353;1.352276418;1.316930804;1.283153102;1.250927689;1.220238907;1.191071244;1.163409502;1.137238955;1.112545506;1.089315821;1.067537459;1.047198994;1.028290110;1.010801696;0.994725912;0.980056252;0.966787580;0.954916153;0.944439623;0.935357028;0.927668752;0.921376480;0.916483124;0.912992737;0.910910409;0.910242141;0.910994710;0.913175517;0.916792418;0.921853551;0.928367144;0.936341323;0.945783911;0.956702222;0.969102861;0.982991518;0.998372777;1.015249927;1.033624791;1.053497568;1.074866695;1.097728742;1.122078325;1.147908061;1.175208559;1.203968451;1.234174483;1.265811642;1.298863359;1.333311765;1.369138024;1.406322733;1.444846416;1.484690088;1.525835922;1.568268013;1.611973240;1.656942241;1.703170496;1.750659538;1.799418281;1.849464479;;;;;;;;;;;;;;;;;;;;;;;;;;;;;;;;;;;
3.600;;;;;;;;;;;;;;;;;;;;;;;;;;;;;;2.084393362;2.022670603;1.962629445;1.904278711;1.847623936;1.792667652;1.739409663;1.687847295;1.637975636;1.589787756;1.543274924;1.498426814;1.455231703;1.413676669;1.373747778;1.335430274;1.298708761;1.263567381;1.229989995;1.197960349;1.167462245;1.138479706;1.110997123;1.084999414;1.060472157;1.037401725;1.015775406;0.995581514;0.976809486;0.959449967;0.943494878;0.928937475;0.915772384;0.903995630;0.893604635;0.884598212;0.876976534;0.870741089;0.865894611;0.862441002;0.860385230;0.859733217;0.860491703;0.862668105;0.866270358;0.871306739;0.877785694;0.885715644;0.895104792;0.905960926;0.918291216;0.932102017;0.947398678;0.964185354;0.982464834;1.002238378;1.023505581;1.046264252;1.070510322;1.096237787;1.123438684;1.152103102;1.182219249;1.213773560;1.246750863;1.281134605;1.316907144;1.354050109;1.392544838;1.432372896;1.473516674;1.515960092;1.559689382;1.604693986;1.650967553;1.698509050;1.747323985;1.797425761;1.848837140;1.901591849;;;;;;;;;;;;;;;;;;;;;;;;;;;;;;;;;
3.500;;;;;;;;;;;;;;;;;;;;;;;;;;;;;2.092903567;2.029549858;1.967899462;1.907959825;1.849735267;1.793227273;1.738434751;1.685354274;1.633980300;1.584305381;1.536320359;1.490014550;1.445375929;1.402391300;1.361046472;1.321326421;1.283215462;1.246697408;1.211755730;1.178373721;1.146534646;1.116221899;1.087419149;1.060110484;1.034280551;1.009914684;0.986999027;0.965520653;0.945467663;0.926829281;0.909595937;0.893759333;0.879312497;0.866249824;0.854567100;0.844261508;0.835331622;0.827777380;0.821600043;0.816802133;0.813387362;0.811360533;0.810727436;0.811494721;0.813669764;0.817260510;0.822275316;0.828722772;0.836611523;0.845950078;0.856746620;0.869008808;0.882743586;0.897956990;0.914653966;0.932838195;0.952511932;0.973675861;0.996328975;1.020468471;1.046089683;1.073186047;1.101749092;1.131768493;1.163232146;1.196126319;1.230435835;1.266144336;1.303234599;1.341688931;1.381489630;1.422619539;1.465062670;1.508804937;1.553834960;1.600144993;1.647731935;1.696598465;1.746754278;1.798217444;1.851015883;1.905188965;;;;;;;;;;;;;;;;;;;;;;;;;;;;;;;;
3.400;;;;;;;;;;;;;;;;;;;;;;;;;;;;2.104448313;2.039446279;1.976169613;1.914624356;1.854813578;1.796737665;1.740394579;1.685780088;1.632887980;1.581710257;1.532237310;1.484458097;1.438360299;1.393930477;1.351154226;1.310016321;1.270500868;1.232591445;1.196271252;1.161523249;1.128330302;1.096675323;1.066541410;1.037911981;1.010770906;0.985102639;0.960892335;0.938125970;0.916790444;0.896873687;0.878364741;0.861253844;0.845532494;0.831193503;0.818231035;0.806640636;0.796419242;0.787565171;0.780078106;0.773959057;0.769210305;0.765835332;0.763838739;0.763226138;0.764004043;0.766179731;0.769761106;0.774756540;0.781174706;0.789024405;0.798314385;0.809053152;0.821248784;0.834908738;0.850039668;0.866647237;0.884735950;0.904308989;0.925368067;0.947913301;0.971943102;0.997454104;1.024441106;1.052897061;1.082813098;1.114178591;1.146981271;1.181207390;1.216841947;1.253868970;1.292271861;1.332033824;1.373138350;1.415569794;1.459314037;1.504359224;1.550696607;1.598321479;1.647234210;1.697441386;1.748957056;1.801804094;1.856015670;1.911636839;;;;;;;;;;;;;;;;;;;;;;;;;;;;;;;
3.300;;;;;;;;;;;;;;;;;;;;;;;;;;;2.119089911;2.052421139;1.987500148;1.924331575;1.862917213;1.803256309;1.745345827;1.689180678;1.634753923;1.582056965;1.531079710;1.481810725;1.434237387;1.388346017;1.344122017;1.301550002;1.260613923;1.221297200;1.183582847;1.147453602;1.112892050;1.079880755;1.048402385;1.018439837;0.989976363;0.962995693;0.937482152;0.913420774;0.890797410;0.869598834;0.849812832;0.831428294;0.814435285;0.798825112;0.784590378;0.771725021;0.760224343;0.750085023;0.741305113;0.733884024;0.727822490;0.723122524;0.719787352;0.717821331;0.717229862;0.718019273;0.720196700;0.723769952;0.728747362;0.735137629;0.742949649;0.752192346;0.762874485;0.775004494;0.788590280;0.803639040;0.820157092;0.838149697;0.857620897;0.878573375;0.901008313;0.924925289;0.950322188;0.977195139;1.005538492;1.035344822;1.066604978;1.099308175;1.133442132;1.168993265;1.205946934;1.244287757;1.283999979;1.325067923;1.367476505;1.411211831;1.456261880;1.502617263;1.550272083;1.599224881;1.649479678;1.701047128;1.753945757;1.808203320;1.863858263;1.920961290;;;;;;;;;;;;;;;;;;;;;;;;;;;;;;
3.200;;;;;;;;;;;;;;;;;;;;;;;;;;2.136887412;2.068532433;2.001947992;1.937137360;1.874101057;1.812837167;1.753341615;1.695608397;1.639629794;1.585396547;1.532898023;1.482122355;1.433056581;1.385686761;1.339998103;1.295975068;1.253601488;1.212860672;1.173735516;1.136208617;1.100262380;1.065879134;1.033041243;1.001731224;0.971931856;0.943626299;0.916798204;0.891431822;0.867512112;0.845024844;0.823956696;0.804295342;0.786029538;0.769149193;0.753645437;0.739510668;0.726738602;0.715324295;0.705264161;0.696555976;0.689198862;0.683193261;0.678540894;0.675244702;0.673308772;0.672738254;0.673539256;0.675718728;0.679284342;0.684244340;0.690607396;0.698382448;0.707578536;0.718204626;0.730269435;0.743781251;0.758747759;0.775175861;0.793071512;0.812439555;0.833283578;0.855605776;0.879406840;0.904685859;0.931440256;0.959665748;0.989356335;1.020504339;1.053100466;1.087133930;1.122592608;1.159463267;1.197731829;1.237383709;1.278404216;1.320779017;1.364494679;1.409539288;1.455903139;1.503579523;1.552565586;1.602863289;1.654480455;1.707431909;1.761740722;1.817439543;1.874572041;1.933194447;;;;;;;;;;;;;;;;;;;;;;;;;;;;;
3.100;;;;;;;;;;;;;;;;;;;;;;;;;2.157896663;2.087834956;2.019566830;1.953094281;1.888416597;1.825530707;1.764431471;1.705111930;1.647563526;1.591776279;1.537738951;1.485439182;1.434863618;1.385998020;1.338827368;1.293335964;1.249507520;1.207325258;1.166771997;1.127830249;1.090482316;1.054710382;1.020496619;0.987823280;0.956672806;0.927027930;0.898871776;0.872187981;0.846960866;0.823175372;0.800817117;0.779872623;0.760329423;0.742176136;0.725402718;0.709999977;0.695960100;0.683276645;0.671944565;0.661960060;0.653320522;0.646024726;0.640072805;0.635466169;0.632207451;0.630300441;0.629750010;0.630562011;0.632743175;0.636300990;0.641243572;0.647579519;0.655317761;0.664467404;0.675037558;0.687037173;0.700474863;0.715358735;0.731696218;0.749493900;0.768757363;0.789491044;0.811698095;0.835380265;0.860537802;0.887169381;0.915272051;0.944841217;0.975870656;1.008352571;1.042277682;1.077635367;1.114413848;1.152600433;1.192181812;1.233144412;1.275474820;1.319160267;1.364189191;1.410551864;1.458241101;1.507253053;1.557588075;1.609251679;1.662255583;1.716618839;1.772369056;1.829543714;1.888191568;1.948374149;;;;;;;;;;;;;;;;;;;;;;;;;;;;
3.000;;;;;;;;;;;;;;;;;;;;;;;;2.182170423;2.110380477;2.040407318;1.972251823;1.905912147;1.841384108;1.778661512;1.717736424;1.658599402;1.601239688;1.545645374;1.491803538;1.439700369;1.389321268;1.340650943;1.293673497;1.248372505;1.204731095;1.162732022;1.122357747;1.083590517;1.046412441;1.010805577;0.976752013;0.944233998;0.913234221;0.883735427;0.855720615;0.829173293;0.804077628;0.780418593;0.758182005;0.737354347;0.717923109;0.699876746;0.683204996;0.667898667;0.653949265;0.641349875;0.630095008;0.620181569;0.611605764;0.604366292;0.598463319;0.593898915;0.590674751;0.588794599;0.588262831;0.589084687;0.591266645;0.594815979;0.599740636;0.606049099;0.613750247;0.622853203;0.633367173;0.645301286;0.658664428;0.673465072;0.689711119;0.707409727;0.726567165;0.747188658;0.769278259;0.792838725;0.817871414;0.844376207;0.872351449;0.901793921;0.932698836;0.965059886;0.998869304;1.034117988;1.070795661;1.108891076;1.148392284;1.189286944;1.231562706;1.275207646;1.320210768;1.366562577;1.414255724;1.463285717;1.513651715;1.565357398;1.618411916;1.672830918;1.728637666;1.785864230;1.844552764;1.904756873;1.966543050;;;;;;;;;;;;;;;;;;;;;;;;;;;
2.900;;;;;;;;;;;;;;;;;;;;;;;2.209758497;2.136217961;2.064517363;1.994656708;1.926633186;1.860441609;1.796074782;1.733523805;1.672778332;1.613826784;1.556656522;1.501253995;1.447604862;1.395694094;1.345506062;1.297024613;1.250233141;1.205114653;1.161651827;1.119827077;1.079622617;1.041020398;1.004001949;0.968550114;0.934647182;0.902275137;0.871416123;0.842052726;0.814168159;0.787746310;0.762771780;0.739229873;0.717106531;0.696388556;0.677063454;0.659119478;0.642545733;0.627332939;0.613472056;0.600955461;0.589776852;0.579932964;0.571419664;0.564234586;0.558377389;0.553851351;0.550657074;0.548797806;0.548278545;0.549106361;0.551285966;0.554824792;0.559730547;0.566010785;0.573674217;0.582729941;0.593187215;0.605055298;0.618343298;0.633060004;0.649213730;0.666812155;0.685862172;0.706369745;0.728339770;0.751775958;0.776680729;0.803055125;0.830898745;0.860209710;0.890984647;0.923218718;0.956905668;0.992037929;1.028606747;1.066602371;1.106014279;1.146831460;1.189042747;1.232637212;1.277604617;1.323935930;1.371623903;1.420663723;1.471053727;1.522796191;1.575898190;1.630372533;1.686238772;1.743524284;1.802265433;1.862508796;1.924312471;1.987747456;;;;;;;;;;;;;;;;;;;;;;;;;;
2.800;;;;;;;;;;;;;;;;;;;;;;;2.165393768;2.091942420;2.020353265;1.950622783;1.882744960;1.816711711;1.752513230;1.690138285;1.629574455;1.570808330;1.513825668;1.458611526;1.405150369;1.353426155;1.303422404;1.255122268;1.208508578;1.163563900;1.120270580;1.078609946;1.038564222;1.000116764;0.963249432;0.927943536;0.894180433;0.861941914;0.831210420;0.801969065;0.774201717;0.747893068;0.723028411;0.699593613;0.677574947;0.656958884;0.637733504;0.619886865;0.603407651;0.588285356;0.574511008;0.562076269;0.550973904;0.541199299;0.532748882;0.525618874;0.519808121;0.515320103;0.512155387;0.510316003;0.509806776;0.510637174;0.512809682;0.516332012;0.521213036;0.527461266;0.535084332;0.544091368;0.554491225;0.566292622;0.579504803;0.594136823;0.610197360;0.627694560;0.646635891;0.667027994;0.688876560;0.712186201;0.736960343;0.763201144;0.790909412;0.820084571;0.850724631;0.882826200;0.916384525;0.951393569;0.987846122;1.025733959;1.065048039;1.105778753;1.147916221;1.191450642;1.236372698;1.282674016;1.330347693;1.379388877;1.429795417;1.481568572;1.534713789;1.589241550;1.645168279;1.702517323;1.761319993;1.821616677;1.883458010;1.946906113;;;;;;;;;;;;;;;;;;;;;;;;;;
2.700;;;;;;;;;;;;;;;;;;;;;;2.197951797;2.122725756;2.049383790;1.977922034;1.908333915;1.840610649;1.774741645;1.710714849;1.648517021;1.588133962;1.529550697;1.472751622;1.417720620;1.364441155;1.312896343;1.263069014;1.214941757;1.168496963;1.123715832;1.080581300;1.039077102;0.999184834;0.960885110;0.924158385;0.888985506;0.855348021;0.823228331;0.792609732;0.763476369;0.735812867;0.709604805;0.684838361;0.661500045;0.639576692;0.619054535;0.599921379;0.582165758;0.565775982;0.550740715;0.537049584;0.524694545;0.513667382;0.503961662;0.495574051;0.488499787;0.482736704;0.478287381;0.475153152;0.473334558;0.472835969;0.473668681;0.475833286;0.479337553;0.484191699;0.490404167;0.497982205;0.506935588;0.517274342;0.529006834;0.542142106;0.556688819;0.572655392;0.590050471;0.608882043;0.629157381;0.650882911;0.674064093;0.698705314;0.724809789;0.752379496;0.781415115;0.811916002;0.843880185;0.877304392;0.912184108;0.948513670;0.986286399;1.025494774;1.066130647;1.108185505;1.151650781;1.196518215;1.242780269;1.290430589;1.339464540;1.389879776;1.441676887;1.494860099;1.549438027;1.605424502;1.662839441;1.721709790;1.782070514;1.843965647;1.907449393;1.972587281;;;;;;;;;;;;;;;;;;;;;;;;;
2.600;;;;;;;;;;;;;;;;;;;;;2.233933501;2.156908622;2.081788853;2.008570474;1.937246734;1.867808431;1.800244391;1.734541867;1.670686873;1.608664446;1.548458866;1.490053827;1.433432570;1.378577988;1.325472710;1.274099158;1.224439597;1.176475727;1.130190673;1.085568813;1.042591669;1.001239204;0.961490888;0.923326412;0.886726145;0.851671382;0.818144535;0.786129012;0.755609189;0.726570286;0.698998219;0.672878748;0.648199163;0.624946647;0.603108505;0.582672099;0.563622587;0.545950228;0.529643063;0.514689460;0.501076920;0.488797466;0.477842534;0.468204174;0.459877741;0.452858621;0.447143520;0.442733317;0.439630264;0.437833592;0.437347000;0.438182624;0.440339851;0.443826291;0.448653552;0.454829017;0.462360185;0.471257468;0.481532115;0.493191884;0.506246871;0.520706410;0.536578706;0.553872256;0.572594391;0.592752076;0.614353358;0.637404590;0.661911063;0.687877004;0.715305505;0.744198461;0.774556531;0.806379128;0.839664433;0.874409435;0.910610013;0.948261041;0.987356540;1.027889865;1.069853934;1.113241503;1.158045484;1.204259318;1.251877385;1.300895481;1.351311332;1.403125169;1.456340355;1.510964063;1.567008007;1.624489231;1.683430939;1.743863379;1.805824779;1.869362320;1.934533149;2.001405436;;;;;;;;;;;;;;;;;;;;;;;;
2.500;;;;;;;;;;;;;;;;;;;;;2.194530272;2.117607483;2.042606407;1.969520625;1.898340915;1.829055814;1.761652098;1.696115171;1.632429390;1.570578320;1.510544943;1.452311818;1.395861210;1.341175180;1.288235660;1.237024496;1.187525107;1.139722925;1.093599755;1.049134945;1.006307052;0.965094520;0.925476363;0.887432523;0.850944058;0.815993210;0.782563400;0.750639185;0.720205982;0.691249989;0.663758009;0.637717107;0.613114025;0.589937149;0.568174249;0.547813041;0.528839710;0.511241616;0.495008595;0.480128705;0.466589123;0.454378999;0.443491092;0.433916501;0.425647994;0.418681571;0.413013106;0.408641445;0.405569220;0.403794886;0.403321302;0.404160383;0.406311060;0.409780574;0.414581639;0.420719979;0.428203798;0.437044576;0.447252853;0.458837376;0.471809123;0.486177684;0.501952336;0.519142577;0.537756498;0.557800256;0.579280412;0.602202805;0.626573278;0.652399039;0.679684301;0.708432123;0.738644422;0.770321956;0.803464323;0.838069993;0.874136368;0.911659871;0.950636078;0.991059872;1.032925647;1.076227550;1.120959760;1.167116819;1.214693994;1.263687704;1.314095974;1.365918951;1.419159459;1.473823604;1.529921424;1.587467585;1.646482120;1.706991213;1.769028014;1.832633501;1.897857361;1.964758912;2.033408038;;;;;;;;;;;;;;;;;;;;;;;
2.400;;;;;;;;;;;;;;;;;;;;2.235627784;2.156877186;2.080067094;2.005192085;1.932243444;1.861209835;1.792077865;1.724832557;1.659457735;1.595936338;1.534250674;1.474382618;1.416313766;1.360025555;1.305499346;1.252717632;1.201667932;1.152333482;1.104693661;1.058726067;1.014407577;0.971715225;0.930627964;0.891125372;0.853188273;0.816798746;0.781940074;0.748596646;0.716753913;0.686398159;0.657516300;0.630095781;0.604124421;0.579589721;0.556479385;0.534782271;0.514486468;0.495579892;0.478046807;0.461878165;0.447062545;0.433588064;0.421439355;0.410611124;0.401094010;0.392878951;0.385960815;0.380335762;0.376000701;0.372957615;0.371204895;0.370744442;0.371587025;0.373731734;0.377185254;0.381960878;0.388062570;0.395499361;0.404283633;0.414424596;0.425932427;0.438818860;0.453093139;0.468766761;0.485850163;0.504352143;0.524278348;0.545638421;0.568437988;0.592681310;0.618371442;0.645512982;0.674113886;0.704178185;0.735707936;0.768704113;0.803166634;0.839094397;0.876485364;0.915336658;0.955644705;0.997405407;1.040614350;1.085267056;1.131359263;1.178887258;1.227848241;1.278240740;1.330065055;1.383323759;1.438022227;1.494169211;1.551777455;1.610864341;1.671452578;1.733570910;1.797254868;1.862547529;1.929500307;1.998173748;;;;;;;;;;;;;;;;;;;;;;;
2.300;;;;;;;;;;;;;;;;;;;;2.199633732;2.120988750;2.044297074;1.969551181;1.896740409;1.825851631;1.756869813;1.689778483;1.624560118;1.561196448;1.499668706;1.439957824;1.382044579;1.325909703;1.271539205;1.218922013;1.168037907;1.118863840;1.071375719;1.025549523;0.981361994;0.938791000;0.897814611;0.858414635;0.820573020;0.784272847;0.749498260;0.716234348;0.684467038;0.654183125;0.625369891;0.598015092;0.572106849;0.547633527;0.524582588;0.502942753;0.482703012;0.463851689;0.446375579;0.430260712;0.415498682;0.402077639;0.389982997;0.379205310;0.369737435;0.361569637;0.354693626;0.349107005;0.344805166;0.341788214;0.340055184;0.339606940;0.340452439;0.342591308;0.346029514;0.350780333;0.356846198;0.364236799;0.372965024;0.383038691;0.394469384;0.407268629;0.421446849;0.437016767;0.453990073;0.472373838;0.492178995;0.513415226;0.536089259;0.560205009;0.585765876;0.612776759;0.641239539;0.671156508;0.702536539;0.735384085;0.769700468;0.805486054;0.842740314;0.881461907;0.921648803;0.963298425;1.006407835;1.050973947;1.096993778;1.144464737;1.193384946;1.243753599;1.295571365;1.348840814;1.403566889;1.459757407;1.517423599;1.576580665;1.637248378;1.699451691;1.763221381;1.828594697;1.895616026;1.964337558;2.034819956;;;;;;;;;;;;;;;;;;;;;;
2.200;;;;;;;;;;;;;;;;;;;2.245910661;2.165406291;2.086870978;2.010299256;1.935681846;1.863006453;1.792258435;1.723421371;1.656477522;1.591408215;1.528194149;1.466815642;1.407252818;1.349485873;1.293506604;1.239301726;1.186847830;1.136119560;1.087091283;1.039738056;0.994036146;0.949963240;0.907498465;0.866622301;0.827315630;0.789561987;0.753345643;0.718651221;0.685464068;0.653770190;0.623556203;0.594809482;0.567517677;0.541673929;0.517274649;0.494294951;0.472720990;0.452539489;0.433737769;0.416303783;0.400226135;0.385494120;0.372097745;0.360027769;0.349278408;0.339850058;0.331721258;0.324880356;0.319325774;0.315052428;0.312057574;0.310341282;0.309903383;0.310750655;0.312883380;0.316307218;0.321033255;0.327064386;0.334410384;0.343083283;0.353090609;0.364444717;0.377156260;0.391237631;0.406702241;0.423561303;0.441823460;0.461503414;0.482611209;0.505154471;0.529135785;0.554564926;0.581445157;0.609778215;0.639564896;0.670805573;0.703504613;0.737672721;0.773313426;0.810427675;0.849015642;0.889076826;0.930610175;0.973614242;1.018087372;1.064027920;1.111434499;1.160306264;1.210643224;1.262446589;1.315719149;1.370465677;1.426693369;1.484412304;1.543635928;1.604381566;1.666670938;1.730530705;1.795993006;1.863096011;1.931884459;2.002410199;;;;;;;;;;;;;;;;;;;;;;
2.100;;;;;;;;;;;;;;;;;;2.295738458;2.213352778;2.132948302;2.054522685;1.978068915;1.903576261;1.831031066;1.760417421;1.691717735;1.624913195;1.559984153;1.496910428;1.435671551;1.376247363;1.318634309;1.262818136;1.208772147;1.156467822;1.105876987;1.056974911;1.009737607;0.964142840;0.920169982;0.877799776;0.837014085;0.797795659;0.760127522;0.723993721;0.689379715;0.656270565;0.624651784;0.594514287;0.565851036;0.538646076;0.512883986;0.488549909;0.465629572;0.444109304;0.423976055;0.405217407;0.387821596;0.371777522;0.357074776;0.343703653;0.331655181;0.320921143;0.311494103;0.303367434;0.296535349;0.290992928;0.286741128;0.283763965;0.282060739;0.281630637;0.282478182;0.284604170;0.288013831;0.292715825;0.298713615;0.306017185;0.314636186;0.324579074;0.335857832;0.348483112;0.362468248;0.377827279;0.394568541;0.412708049;0.432259443;0.453234446;0.475636995;0.499480478;0.524772384;0.551517289;0.579717757;0.609372289;0.640484790;0.673055215;0.707084242;0.742578587;0.779550407;0.818001705;0.857933485;0.899346210;0.942239927;0.986614435;1.032469465;1.079804900;1.128621014;1.178918751;1.230700014;1.283968000;1.338727545;1.394985494;1.452751104;1.512036446;1.572856837;1.635231276;1.699182886;1.764739355;1.831933380;1.900803090;1.971392452;2.043751656;;;;;;;;;;;;;;;;;;;;;
2.000;;;;;;;;;;;;;;;;;;2.264858520;2.182562050;2.102255994;2.023936704;1.947595923;1.873221728;1.800799338;1.730311792;1.661740517;1.595065793;1.530267141;1.467323627;1.406214596;1.346939900;1.289484438;1.233818209;1.179911034;1.127734101;1.077260722;1.028464854;0.981325101;0.935822317;0.891937855;0.849654090;0.808954061;0.769821207;0.732239189;0.696191739;0.661649456;0.628611234;0.597074974;0.567023433;0.538439965;0.511308545;0.485613784;0.461340937;0.438475910;0.417005264;0.396916213;0.378196634;0.360835065;0.344820719;0.330143491;0.316793970;0.304763459;0.294043988;0.284628338;0.276510064;0.269683518;0.264143876;0.259887163;0.256910283;0.255211039;0.254785756;0.255631962;0.257750550;0.261146131;0.265825294;0.271791520;0.279055044;0.287623003;0.297504327;0.308710639;0.321252537;0.335143549;0.350395978;0.367021925;0.385038122;0.404458969;0.425292998;0.447553496;0.471253547;0.496401828;0.523004727;0.551061929;0.580580981;0.611562667;0.644006616;0.677912160;0.713279403;0.750111322;0.788423800;0.828223371;0.869511987;0.912291182;0.956562213;1.002326212;1.049584374;1.098338165;1.148589554;1.200341267;1.253597067;1.308362048;1.364642951;1.422448494;1.481789714;1.542680321;1.605137047;1.669180008;1.734833044;1.802124062;1.871085351;1.941753867;2.014171491;2.088385234;;;;;;;;;;;;;;;;;;;;
1.900;;;;;;;;;;;;;;;;;2.319949778;2.235742736;2.153532525;2.073320177;1.995101025;1.918865822;1.844601687;1.772292923;1.701921698;1.633468617;1.566913197;1.502234249;1.439410406;1.378442935;1.319318098;1.262002390;1.206463051;1.152669629;1.100594662;1.050213749;1.001505239;0.954449707;0.909027121;0.865222978;0.823021275;0.782405842;0.743360317;0.705847142;0.669856957;0.635399518;0.602456026;0.571008351;0.541039060;0.512531440;0.485469494;0.459837945;0.435622226;0.412808470;0.391383503;0.371334834;0.352650644;0.335319791;0.319331799;0.304676868;0.291345877;0.279330395;0.268622695;0.259215768;0.251103345;0.244279914;0.238740747;0.234481923;0.231500347;0.229793784;0.229360871;0.230201151;0.232315087;0.235700077;0.240358034;0.246294950;0.253521854;0.262042502;0.271866385;0.283004988;0.295467698;0.309268143;0.324417170;0.340930841;0.358824889;0.378112183;0.398805198;0.420921331;0.444473341;0.469472017;0.495920251;0.523830188;0.553206121;0.584050150;0.616362615;0.650142449;0.685388563;0.722102212;0.760285331;0.799950803;0.841112703;0.883774057;0.927937569;0.973605782;1.020781231;1.069466621;1.119665022;1.171380083;1.224616267;1.279379096;1.335675414;1.393513654;1.452904123;1.513859274;1.576393993;1.640525862;1.706275426;1.773666428;1.842726024;1.913484957;1.985977698;2.060242520;;;;;;;;;;;;;;;;;;;;
1.800;;;;;;;;;;;;;;;;;2.292517000;2.208383355;2.126253382;2.046127352;1.967999836;1.891860818;1.817696662;1.745490931;1.675225077;1.606879025;1.540431643;1.475861138;1.413166625;1.352339541;1.293342640;1.236140257;1.180700001;1.126993420;1.074995971;1.024686551;0.976046766;0.929060121;0.883711212;0.839984669;0.797864163;0.757329759;0.718328075;0.680893815;0.645006333;0.610645719;0.577792846;0.546429394;0.516537860;0.488101554;0.461104588;0.435531855;0.411369010;0.388602447;0.367219280;0.347207321;0.328555069;0.311251690;0.295287020;0.280651552;0.267336443;0.255333517;0.244635273;0.235234901;0.227126295;0.220304072;0.214763595;0.210500991;0.207513173;0.205797870;0.205353641;0.206179903;0.208276947;0.211645964;0.216289053;0.222209241;0.229410493;0.237891097;0.247664013;0.258740380;0.271129452;0.284844247;0.299896922;0.316302568;0.334076714;0.353231728;0.373786561;0.395757137;0.419158154;0.443996788;0.470289235;0.498044466;0.527268940;0.557966661;0.590138228;0.623784505;0.658905957;0.695501752;0.733571992;0.773118912;0.814153144;0.856694202;0.900746987;0.946315447;0.993403469;1.042015029;1.092154349;1.143826084;1.197035504;1.251788703;1.308092804;1.365956180;1.425388669;1.486401789;1.549008943;1.613225621;1.679069567;1.746560931;1.815722387;1.886579203;1.959159265;2.033493036;2.109613445;;;;;;;;;;;;;;;;;;;
1.700;;;;;;;;;;;;;;;;;2.266835812;2.182768281;2.100710000;2.020660730;1.942614490;1.866560693;1.792485117;1.720370740;1.650198433;1.581947551;1.515596418;1.451137477;1.388572707;1.327861896;1.268963727;1.211844601;1.156474692;1.102829051;1.050887000;1.000631227;0.952046757;0.905119918;0.859837415;0.816185557;0.774126088;0.733649558;0.694757071;0.657426649;0.621637160;0.587368365;0.554600946;0.523316506;0.493497562;0.465127525;0.438190667;0.412672098;0.388557724;0.365834218;0.344488991;0.324510164;0.305886543;0.288607599;0.272663461;0.258044902;0.244743336;0.232750825;0.222060076;0.212664460;0.204558019;0.197735485;0.192192300;0.187924633;0.184929405;0.183204310;0.182747835;0.183559285;0.185638801;0.188987381;0.193606894;0.199500100;0.206670657;0.215123135;0.224863018;0.235896713;0.248231541;0.261873363;0.276836489;0.293140087;0.310798513;0.329828517;0.350247786;0.372073720;0.395318044;0.419999492;0.446131702;0.473726068;0.502791475;0.533331896;0.565353403;0.598858379;0.633847132;0.670319086;0.708273725;0.747711685;0.788635913;0.831056718;0.874996413;0.920461961;0.967458600;1.015991588;1.066066341;1.117688574;1.170864454;1.225600762;1.281905055;1.339785832;1.399252696;1.460316507;1.522989525;1.587285527;1.653219913;1.720809759;1.790073853;1.861032662;1.933708251;2.008124132;2.084305027;;;;;;;;;;;;;;;;;;;
1.600;;;;;;;;;;;;;;;;2.328911544;2.242893161;2.158882103;2.076884949;1.996901155;1.918924378;1.842943625;1.768944240;1.696908741;1.626817532;1.558649496;1.492389283;1.428046544;1.365583195;1.304955903;1.246126360;1.189062297;1.133736445;1.080128770;1.028223580;0.978007461;0.929468703;0.882596133;0.837378119;0.793787386;0.751817677;0.711450179;0.672661484;0.635429127;0.599731648;0.565548612;0.532860618;0.501649283;0.471897215;0.443587977;0.416706048;0.391236777;0.367166338;0.344481693;0.323170551;0.303221330;0.284623133;0.267365721;0.251439496;0.236835488;0.223545349;0.211561352;0.200876393;0.191484001;0.183378348;0.176554265;0.171007260;0.166733535;0.163730012;0.161994349;0.161524965;0.162321061;0.164382642;0.167710532;0.172306397;0.178172756;0.185312998;0.193731391;0.203433091;0.214424147;0.226711501;0.240302989;0.255207332;0.271434133;0.288993854;0.307904956;0.328193323;0.349874897;0.372968927;0.397492852;0.423462572;0.450891556;0.479789281;0.510166899;0.542030889;0.575385262;0.610231948;0.646571404;0.684403322;0.723727805;0.764546714;0.806864133;0.850691121;0.896051416;0.942953491;0.991403890;1.041409239;1.092976355;1.146112369;1.200824842;1.257121889;1.315012300;1.374505642;1.435612367;1.498343879;1.562712598;1.628731982;1.696416509;1.765781620;1.836843601;1.909619400;1.984126368;2.060381912;;;;;;;;;;;;;;;;;;;
1.500;;;;;;;;;;;;;;;;2.306650601;2.220673138;2.136707045;2.054758870;1.974827941;1.896907716;1.820986940;1.747050645;1.675081000;1.605058034;1.536961314;1.470800115;1.406546368;1.344152528;1.283576584;1.224783460;1.167745218;1.112440425;1.058853018;1.006970834;0.956784449;0.908285507;0.861464849;0.816329883;0.772845583;0.730983379;0.690718345;0.652026585;0.614885302;0.579272837;0.545168665;0.512553391;0.481408712;0.451717379;0.423463150;0.396630730;0.371205725;0.347174586;0.324524560;0.303243641;0.283320537;0.264744627;0.247505939;0.231595126;0.217003450;0.203722774;0.191745559;0.181064864;0.171674354;0.163568309;0.156741641;0.151189910;0.146909339;0.143896842;0.142150039;0.141667282;0.142447674;0.144491092;0.147798203;0.152370488;0.158210253;0.165320646;0.173705671;0.183370191;0.194319944;0.206561540;0.220102464;0.234951076;0.251116604;0.268609135;0.287439599;0.307619755;0.329165909;0.352113433;0.376481887;0.402288522;0.429548980;0.458278316;0.488488277;0.520187916;0.553383624;0.588079376;0.624276752;0.661977180;0.701181105;0.741889590;0.784105419;0.827834202;0.873089116;0.919894236;0.968258773;1.018190567;1.069697564;1.122787900;1.177469993;1.233752619;1.291644992;1.351156821;1.412298355;1.475080411;1.539514357;1.605612077;1.673385876;1.742848343;1.814012149;1.886889767;1.961493120;2.037833121;2.115919110;;;;;;;;;;;;;;;;;;
1.400;;;;;;;;;;;;;;;;2.286106792;2.200157880;2.116223813;2.034311274;1.954419623;1.876542254;1.800667770;1.726780996;1.654863843;1.584896044;1.516874208;1.450790228;1.386592949;1.324236113;1.263681064;1.204897291;1.147861947;1.092558711;1.038976264;0.987106613;0.936943422;0.888480488;0.841777125;0.796753553;0.753373821;0.711611415;0.671440920;0.632838104;0.595779965;0.560244746;0.526211917;0.493662155;0.462577288;0.432940247;0.404735004;0.377946512;0.352560635;0.328564098;0.305944420;0.284689871;0.264789425;0.246232715;0.229010013;0.213112194;0.198530727;0.185257657;0.173285606;0.162607771;0.153217928;0.145110446;0.138280298;0.132723077;0.128435019;0.125413018;0.123654653;0.123158206;0.123922686;0.125947850;0.129234223;0.133783113;0.139596637;0.146677729;0.155030153;0.164658519;0.175568289;0.187765782;0.201258179;0.216053524;0.232160722;0.249589533;0.268350565;0.288455260;0.309915878;0.332745475;0.356962434;0.382609025;0.409703991;0.438264137;0.468303859;0.499834870;0.532865716;0.567403002;0.603450943;0.641011876;0.680087146;0.720678042;0.762786852;0.806417965;0.851578927;0.898286043;0.946562204;0.996417005;1.047859528;1.100898948;1.155544592;1.211805978;1.269692854;1.329215216;1.390383302;1.453207561;1.517698590;1.583867022;1.651723377;1.721277838;1.792539974;1.865518379;1.940220213;2.016650657;2.094812232;;;;;;;;;;;;;;;;;;
1.300;;;;;;;;;;;;;;;2.355198369;2.267262383;2.181328374;2.097412339;2.015521245;1.935654613;1.857805888;1.781963631;1.708112550;1.636234374;1.566314421;1.498358095;1.432318706;1.368145433;1.305795326;1.245234393;1.186437420;1.129386943;1.074071700;1.020484824;0.968621978;0.918479581;0.870159767;0.823568850;0.778645486;0.735361532;0.693689983;0.653605079;0.615082377;0.578098767;0.542632475;0.508663035;0.476171237;0.445139080;0.415549697;0.387387289;0.360637053;0.335285115;0.311318457;0.288724861;0.267492848;0.247611634;0.229071085;0.211861683;0.195974503;0.181401186;0.168133937;0.156165508;0.145489209;0.136098904;0.127989027;0.121154593;0.115591216;0.111295127;0.108263196;0.106492951;0.105982604;0.106731073;0.108737999;0.112003774;0.116529553;0.122317277;0.129369687;0.137690339;0.147283614;0.158154732;0.170309757;0.183755603;0.198500040;0.214551691;0.231920035;0.250615399;0.270648954;0.292032704;0.314779466;0.338902857;0.364417259;0.391349821;0.419742887;0.449612641;0.480973345;0.513836768;0.548211762;0.584104610;0.621519460;0.660458980;0.700925202;0.742920517;0.786448805;0.831516378;0.878133123;0.926319177;0.976094278;1.027468656;1.080452542;1.135056205;1.191289967;1.249164203;1.308689316;1.369875688;1.432733604;1.497273125;1.563503931;1.631435096;1.701074805;1.772429994;1.845505912;1.920305579;1.996829136;2.075073079;2.155029342;;;;;;;;;;;;;;;;;
1.200;;;;;;;;;;;;;;;2.338036870;2.250098821;2.164165160;2.080252446;1.998368056;1.918511776;1.840677199;1.764852931;1.691023632;1.619170941;1.549297276;1.481375242;1.415348515;1.351169470;1.288799898;1.228211187;1.169383682;1.112305219;1.056969265;1.003372904;0.951514847;0.901515241;0.853325456;0.806828982;0.761996034;0.718797972;0.677207439;0.637198453;0.598746452;0.561828300;0.526422270;0.492507998;0.460066431;0.429079751;0.399531308;0.371405534;0.344687870;0.319364684;0.295423205;0.272851454;0.251638180;0.231772818;0.213245435;0.196046698;0.180167846;0.165600672;0.152337504;0.140371204;0.129695166;0.120303319;0.112190142;0.105350675;0.099780535;0.095475936;0.092433714;0.090651342;0.090126962;0.090859397;0.092848184;0.096093586;0.100596616;0.106359059;0.113383481;0.121673249;0.131232545;0.142066375;0.154180576;0.167581831;0.182277668;0.198276467;0.215587459;0.234220732;0.254187220;0.275498704;0.298167801;0.322207949;0.347633391;0.374459147;0.402701919;0.432405285;0.463598087;0.496294554;0.530506037;0.566241121;0.603505955;0.642304807;0.682640934;0.724517076;0.767937009;0.812906498;0.859434372;0.907533650;0.957227081;1.008530348;1.061454735;1.116011476;1.172211742;1.230066601;1.289586965;1.350783494;1.413666475;1.478245651;1.544530001;1.612527465;1.682244590;1.753686108;1.826854413;1.901748946;1.978365455;2.056695132;2.136723602;;;;;;;;;;;;;;;;;
1.100;;;;;;;;;;;;;;;2.322552528;2.234597393;2.148648945;2.064724419;1.982831696;1.902970921;1.825135915;1.749315393;1.675494028;1.603660134;1.533810354;1.465890931;1.399848548;1.335639237;1.273229491;1.212596045;1.153726066;1.096611825;1.041250985;0.987643937;0.935887332;0.886063710;0.837961229;0.791548495;0.746795218;0.703672395;0.662152436;0.622209230;0.583818171;0.546956157;0.511601548;0.477734120;0.445334989;0.414386538;0.384872330;0.356777024;0.330086291;0.304786728;0.280865789;0.258311707;0.237113438;0.217260603;0.198743441;0.181552777;0.165679988;0.151116983;0.137856192;0.125890555;0.115213530;0.105819088;0.097701734;0.090856514;0.085279034;0.080965482;0.077912650;0.076117952;0.075579454;0.076295893;0.078266698;0.081492016;0.085972730;0.091710480;0.098707675;0.106967516;0.116494005;0.127291957;0.139367015;0.152725654;0.167375194;0.183323799;0.200580488;0.219155136;0.239058473;0.260302086;0.282898416;0.306860748;0.332203203;0.358940721;0.387089036;0.416664646;0.447695294;0.480228504;0.514278661;0.549856716;0.586970918;0.625627179;0.665829923;0.707582897;0.750890184;0.795757332;0.842192477;0.890207381;0.939819023;0.991048931;1.043910539;1.098416054;1.154577520;1.212406754;1.271915255;1.333114070;1.396013635;1.460623557;1.526952343;1.595007070;1.664792978;1.736312972;1.809567043;1.884551565;1.961258483;2.039674355;2.119779251;;;;;;;;;;;;;;;;;
1.000;;;;;;;;;;;;;;2.398694786;2.308727479;2.220739798;2.134761133;2.050809483;1.968893319;1.889013216;1.811163284;1.735332405;1.661505344;1.589681018;1.519825762;1.451881854;1.385799866;1.321540852;1.259076784;1.198389757;1.139470391;1.082315765;1.026927145;0.973325699;0.921829892;0.872085105;0.824058414;0.777717910;0.733032931;0.689974224;0.648514054;0.608626253;0.570286232;0.533470958;0.498158915;0.464330030;0.431965601;0.401048209;0.371561626;0.343490724;0.316821387;0.291540421;0.267635479;0.245094982;0.223908060;0.204064496;0.185554672;0.168369538;0.152500582;0.137939802;0.124679703;0.112713282;0.102034033;0.092635953;0.084513553;0.077661869;0.072076485;0.067753552;0.064689810;0.062882612;0.062329946;0.063030462;0.064983490;0.068189067;0.072647955;0.078361662;0.085332459;0.093563394;0.103058310;0.113821858;0.125859505;0.139177547;0.153783117;0.169684195;0.186889611;0.205409054;0.225253074;0.246433089;0.268961382;0.292851104;0.318116267;0.344771735;0.372833213;0.402317222;0.433241070;0.465621438;0.499515919;0.534941063;0.571907112;0.610421829;0.650491080;0.692119633;0.735312127;0.780074178;0.826413545;0.874341254;0.923872565;0.975027626;1.027823879;1.082274531;1.138392517;1.196190437;1.255680436;1.316874040;1.379781956;1.444413810;1.510777839;1.578880499;1.648726010;1.720315802;1.793647863;1.868715970;1.945508801;2.024008899;2.104191476;2.186023049;;;;;;;;;;;;;;;;
0.900;;;;;;;;;;;;;;2.386561391;2.296544479;2.208508623;2.122484255;2.038490210;1.956535611;1.876621522;1.798742389;1.722887305;1.649045353;1.577208053;1.507321055;1.439329928;1.373189904;1.308867333;1.246339559;1.185593724;1.126624873;1.069433705;1.014024202;0.960675778;0.909249054;0.859570879;0.811607802;0.765327527;0.720699126;0.677693188;0.636281900;0.596439091;0.558140226;0.521362373;0.486084150;0.452285646;0.419948339;0.389055000;0.359589596;0.331537197;0.304883875;0.279616621;0.255723260;0.233192375;0.212013243;0.192175775;0.173670469;0.156488375;0.140621059;0.126060587;0.112799511;0.100830864;0.090148157;0.080745393;0.072617071;0.065758207;0.060164351;0.055831608;0.052756662;0.050936800;0.050369933;0.051054625;0.052990113;0.056176332;0.060613932;0.066304303;0.073249589;0.081452705;0.090917353;0.101648036;0.113650069;0.126929590;0.141493571;0.157349825;0.174507018;0.192974675;0.212763187;0.233883819;0.256348716;0.280170902;0.305364290;0.331943673;0.359924721;0.389323967;0.420158788;0.452447369;0.486198539;0.521478131;0.558301987;0.596679626;0.636618389;0.678124160;0.721202286;0.765858653;0.812100880;0.859939460;0.909388905;0.960468537;1.013197574;1.067590427;1.123660918;1.181422452;1.240887867;1.302069238;1.364977643;1.429622865;1.496013037;1.564154212;1.634049849;1.705700210;1.779101645;1.854245762;1.931118465;2.009698841;2.089957888;2.171857058;;;;;;;;;;;;;;;;
0.800;;;;;;;;;;;;;;2.376069587;2.285987335;2.197887742;2.111802336;2.027750843;1.945743086;1.865780657;1.787858382;1.711965596;1.638097029;1.566221282;1.496280473;1.428224306;1.362012998;1.297618129;1.235022070;1.174216449;1.115200057;1.057976460;1.002658178;0.949506699;0.898136224;0.848511911;0.800599908;0.754367636;0.709783989;0.666819457;0.625446207;0.585638098;0.547370674;0.510621118;0.475368188;0.441592133;0.409274600;0.378398537;0.348948089;0.320908496;0.294265999;0.269007746;0.245121706;0.222596594;0.201421803;0.181587348;0.163083814;0.145902321;0.130034491;0.115472433;0.102208724;0.090236410;0.079549004;0.070140496;0.062005363;0.055138587;0.049535675;0.045192681;0.042106228;0.040273535;0.039692438;0.040361420;0.042279628;0.045446902;0.049863792;0.055531580;0.062452298;0.070628742;0.080064492;0.090763920;0.102732207;0.115975352;0.130500186;0.146314376;0.163426443;0.181845766;0.201582593;0.222648052;0.245054158;0.268813822;0.293940857;0.320449985;0.348356833;0.377677932;0.408430704;0.440633441;0.474304248;0.509448640;0.546139286;0.584387364;0.624201657;0.665589233;0.708556163;0.753108714;0.799254491;0.847003677;0.896370222;0.947372879;1.000033354;1.054366185;1.110385866;1.168106614;1.227541990;1.288704673;1.351606192;1.416256601;1.482664077;1.550834455;1.620770665;1.692472074;1.765933727;1.841145444;1.918090805;1.996745956;2.077078271;2.159044805;;;;;;;;;;;;;;;;
0.700;;;;;;;;;;;;;;2.367204409;2.277041265;2.188862631;2.102701174;2.018577545;1.936502301;1.856477597;1.778498662;1.702556553;1.628642577;1.556706843;1.486694810;1.418560713;1.352269746;1.287798407;1.225133563;1.164270669;1.105211511;1.047961757;0.992916441;0.939809706;0.888482245;0.838898799;0.791025218;0.744828722;0.700278087;0.657343759;0.615997911;0.576214460;0.537969041;0.501238953;0.466003091;0.432241852;0.399937039;0.369071755;0.339630299;0.311598060;0.284961419;0.259707650;0.235824839;0.213301806;0.192128032;0.172293605;0.153789172;0.136605898;0.120735439;0.106169920;0.092901929;0.080924505;0.070231146;0.060815816;0.052672959;0.045797514;0.040184939;0.035831231;0.032732951;0.030887249;0.030291890;0.030945276;0.032846475;0.035995238;0.040392026;0.046038024;0.052935165;0.061086142;0.070494424;0.081164272;0.093100751;0.106309738;0.120797937;0.136572892;0.153642991;0.172017483;0.191706488;0.212721007;0.235072936;0.258775074;0.283841140;0.310285777;0.338124559;0.367373997;0.398051533;0.430175528;0.463765243;0.498831424;0.535400440;0.573529215;0.613227823;0.654504356;0.697365736;0.741818709;0.787871010;0.835532612;0.884816986;0.935742266;0.988331889;1.042603206;1.098569489;1.156245766;1.215646335;1.276784519;1.339672366;1.404320290;1.470736641;1.538927196;1.608894557;1.680637446;1.754149891;1.829420278;1.906430265;1.985153531;2.065554361;2.147586031;;;;;;;;;;;;;;;;
0.600;;;;;;;;;;;;;;2.359952394;2.269693168;2.181420612;2.095168550;2.010958583;1.928802023;1.848701605;1.770652982;1.694650028;1.620669690;1.548656920;1.478560848;1.410340384;1.343965647;1.279417455;1.216686535;1.155771441;1.096676202;1.039541062;0.984651175;0.931575540;0.880277718;0.830722133;0.782874413;0.736701640;0.692172519;0.649257481;0.607928729;0.568160245;0.529927755;0.493208672;0.457982014;0.424228309;0.391929495;0.361068807;0.331630671;0.303600598;0.276965078;0.251711486;0.227827996;0.205303501;0.184127544;0.164290262;0.145782336;0.128594955;0.112719786;0.098148954;0.084875035;0.072891049;0.062190466;0.052767213;0.044615691;0.037730789;0.032107913;0.027742999;0.024632545;0.022773637;0.022163968;0.022801869;0.024686332;0.027817031;0.032194345;0.037819376;0.044693970;0.052820729;0.062203030;0.072845036;0.084751709;0.097928822;0.112382972;0.128121587;0.145152942;0.163486168;0.183131267;0.204099123;0.226401518;0.250051145;0.275061623;0.301447510;0.329224318;0.358408515;0.389017538;0.421069781;0.454584587;0.489582221;0.526066209;0.564088115;0.603682005;0.644857003;0.687620824;0.731980727;0.777944645;0.825522438;0.874727190;0.925576463;0.978093357;1.032301899;1.088212945;1.145841814;1.205203549;1.266312142;1.329180207;1.393818598;1.460235942;1.528438097;1.598427511;1.670202481;1.743756282;1.819076177;1.896142270;1.974926199;2.055389657;2.137482701;2.221141854;;;;;;;;;;;;;;;
0.500;;;;;;;;;;;;;2.446611348;2.354301822;2.263931838;2.175551027;2.089194379;2.004884450;1.922633320;1.842444312;1.764313525;1.688235301;1.614171860;1.542069960;1.471882741;1.403573138;1.337115085;1.272493153;1.209701109;1.148739828;1.089614864;1.032724757;0.977853020;0.924794796;0.873513311;0.823972751;0.776138582;0.729977792;0.685459044;0.642552773;0.601231220;0.561468431;0.523240217;0.486524089;0.451299170;0.417546099;0.385246921;0.354384979;0.324944797;0.296911976;0.270273089;0.245015580;0.221127684;0.198598340;0.177417126;0.157574205;0.139060269;0.121866508;0.105984582;0.091406599;0.078125108;0.066133098;0.055423998;0.045991691;0.037830528;0.030935347;0.025301493;0.020924846;0.017801841;0.015929501;0.015305455;0.015927967;0.017795963;0.020909046;0.025267527;0.030872434;0.037725540;0.045829369;0.055187220;0.065803170;0.077682097;0.090829683;0.105252429;0.120957665;0.137953562;0.156249147;0.175854312;0.196779832;0.219037378;0.242639538;0.267599829;0.293932717;0.321653634;0.350778991;0.381326185;0.413313610;0.446760646;0.481687645;0.518115900;0.556047666;0.595549515;0.636634240;0.679310294;0.723585443;0.769467863;0.816967370;0.866096743;0.916873026;0.969318716;1.023461760;1.079316492;1.136895796;1.196215456;1.257290143;1.320133079;1.384755612;1.451166736;1.519372509;1.589375381;1.661173409;1.734759353;1.810119630;1.887233124;1.966069821;2.046589268;2.128738819;2.212451669;;;;;;;;;;;;;;;
0.400;;;;;;;;;;;;;2.442678713;2.350242893;2.259748102;2.171245352;2.084770790;2.000347927;1.917989603;1.837699734;1.759475665;1.683306675;1.609147223;1.536947420;1.466664295;1.398264716;1.331726245;1.267036517;1.204191646;1.143194052;1.084098496;1.027380145;0.972512607;0.919458244;0.868180031;0.818641971;0.770809412;0.724649276;0.680130201;0.637222632;0.595898845;0.556132943;0.517900806;0.481180023;0.445949799;0.412190855;0.379885320;0.349016610;0.319569320;0.291529112;0.264882610;0.239617302;0.215721452;0.193184020;0.171994598;0.152143347;0.133620952;0.116418586;0.100527883;0.085940921;0.072650210;0.060648696;0.049929762;0.040487238;0.032315422;0.025409095;0.019763548;0.015374600;0.012238630;0.010352600;0.009714081;0.010321280;0.012173062;0.015268973;0.019609262;0.025194900;0.032027594;0.040109808;0.049444771;0.060036494;0.071889779;0.085010232;0.099404271;0.115079141;0.132042922;0.150304543;0.169873796;0.190761351;0.212978775;0.236538547;0.261454079;0.287739736;0.315410858;0.344483773;0.374975819;0.406905347;0.440291730;0.475155353;0.511517590;0.549393116;0.588816691;0.629823610;0.672422980;0.716623046;0.762432237;0.809860388;0.858920042;0.909627798;0.962005568;1.016081605;1.071879583;1.129407968;1.188683131;1.249720434;1.312533721;1.377134887;1.443533362;1.511735504;1.581743895;1.653556522;1.727165834;1.802557654;1.879709942;1.958591383;2.039159784;2.121360268;2.205123240;;;;;;;;;;;;;;;
0.300;;;;;;;;;;;;;2.440343681;2.347767832;2.257134901;2.168497251;2.081892165;1.997344089;1.914866618;1.834464252;1.756135673;1.679862425;1.605597353;1.533293901;1.462912685;1.394424019;1.327808482;1.263056111;1.200164690;1.139137528;1.080226322;1.023497992;0.968620897;0.915557135;0.864269485;0.814721810;0.766879369;0.720709032;0.676179421;0.633260984;0.591926025;0.552148684;0.513904891;0.477172287;0.441930132;0.408159203;0.375841676;0.344961014;0.315501851;0.287449879;0.260791745;0.235514951;0.211607766;0.189059147;0.167858673;0.147996486;0.129463243;0.112250085;0.096348608;0.081750843;0.068449255;0.056436737;0.045706618;0.036252676;0.028069152;0.021150772;0.015492769;0.011090909;0.007941516;0.006041500;0.005388380;0.005980313;0.007816114;0.010895281;0.015218014;0.020785235;0.027598602;0.035660527;0.044974186;0.055543533;0.067373310;0.080469058;0.094837126;0.110484682;0.127419725;0.145651097;0.165188496;0.186042494;0.208224552;0.231747041;0.256623265;0.282867479;0.310494914;0.339521800;0.369965382;0.401843941;0.435176798;0.469984315;0.506287884;0.544109893;0.583471796;0.624414035;0.666948573;0.711084084;0.756829264;0.804194005;0.853190694;0.903835551;0.956149939;1.010161482;1.065900977;1.123377908;1.182607010;1.243604325;1.306384340;1.370959527;1.437339807;1.505531921;1.575538697;1.647358196;1.720982738;1.796397773;1.873580604;1.952498928;2.033109183;2.115354687;2.199163545;;;;;;;;;;;;;;;
0.200;;;;;;;;;;;;;2.439599801;2.346870952;2.256087322;2.167302582;2.080555115;1.995870277;1.913262395;1.832736541;1.754292282;1.677904254;1.603526680;1.531116126;1.460636371;1.392060619;1.325371843;1.260561834;1.197629419;1.136578216;1.077821824;1.021069585;0.966169500;0.913083465;0.861774103;0.812205171;0.764341852;0.718150970;0.673601124;0.630662758;0.589308184;0.549511559;0.511248834;0.474497675;0.439237368;0.405448711;0.373113900;0.342216410;0.312740883;0.284673013;0.257999440;0.232707653;0.208785900;0.186223114;0.165008839;0.145133179;0.126586750;0.109360642;0.093446401;0.078836007;0.065521866;0.053496816;0.042754130;0.033287528;0.025091195;0.018159803;0.012488534;0.008073101;0.004909783;0.002995442;0.002327554;0.002904234;0.004724259;0.007787088;0.012092884;0.017642532;0.024437651;0.032480615;0.041774559;0.052323392;0.064131809;0.077205297;0.091550145;0.107173458;0.124083162;0.142288020;0.161797642;0.182622505;0.204773968;0.228264294;0.253106671;0.279315235;0.306905099;0.335892372;0.366294187;0.398128716;0.431415190;0.466173900;0.502426192;0.540194448;0.579505667;0.620396447;0.662878253;0.706960126;0.752651016;0.799960910;0.848902099;0.899490507;0.951747007;1.005698602;1.061378872;1.118804647;1.177987001;1.238942647;1.301686714;1.366232274;1.432589785;1.500766439;1.570765400;1.642584932;1.716217380;1.791648020;1.868853734;1.947801512;2.028446755;2.110731363;2.194581586;;;;;;;;;;;;;;;
0.100;;;;;;;;;;;;;2.440442668;2.347548655;2.256602578;2.167659356;2.080758425;1.995926013;1.913177153;1.832517590;1.753947437;1.677436575;1.602941681;1.530422095;1.459844262;1.391183693;1.324425139;1.259561545;1.196592220;1.135558663;1.076876790;1.020087055;0.965150951;0.912030217;0.860687353;0.811086022;0.763191339;0.716970081;0.672390811;0.629423951;0.588041797;0.548218498;0.509929998;0.473153955;0.437869647;0.404057863;0.371700783;0.340781866;0.311285729;0.283198039;0.256505400;0.231195265;0.207255838;0.184676003;0.163445253;0.143553638;0.124991714;0.107750514;0.091821522;0.077196656;0.063868263;0.051829120;0.041072441;0.031591890;0.023381598;0.016436186;0.010750787;0.006321071;0.003143275;0.001214222;0.000531357;0.001092760;0.002897179;0.005944047;0.010233500;0.015766397;0.022544333;0.030569652;0.039845461;0.050375637;0.062164838;0.075218507;0.089542889;0.105145029;0.122032792;0.140214868;0.159700786;0.180500931;0.202626563;0.226089834;0.250903814;0.277082513;0.304640911;0.333594982;0.363961720;0.395759164;0.429006415;0.463723646;0.499932105;0.537654097;0.576912948;0.617764101;0.660205076;0.704244183;0.749890600;0.797154437;0.846047951;0.896586854;0.948791614;1.002688651;1.058311281;1.115686806;1.174822626;1.235735872;1.298442310;1.362955626;1.429286846;1.497443665;1.567429665;1.639243414;1.712877423;1.788316962;1.865538702;1.944509178;2.025183051;2.107501151;2.191388274;;;;;;;;;;;;;;;
0.000;;;;;;;;;;;;;2.442869915;2.349799401;2.258679952;2.169567660;2.082502957;1.997512896;1.914613179;1.833810793;1.755105692;1.678465827;1.603850168;1.531220400;1.460545095;1.391801485;1.324975523;1.260060764;1.197056515;1.136118832;1.077384065;1.020543659;0.965558958;0.912391576;0.861003911;0.811359542;0.763423514;0.717162542;0.672545140;0.629541685;0.588124430;0.548267486;0.509946755;0.473139858;0.437826031;0.403986017;0.371601953;0.340657245;0.311136458;0.283025201;0.256310020;0.230978303;0.207018190;0.184418498;0.163168652;0.143258629;0.124678919;0.107420484;0.091474739;0.076833536;0.063489158;0.051434319;0.040662176;0.031166336;0.022940882;0.015980386;0.010279940;0.005835176;0.002642298;0.000698100;0.000000000;0.000546059;0.002335004;0.005366251;0.009639923;0.015156863;0.021918651;0.029927618;0.039186851;0.049700206;0.061472314;0.074508588;0.088815233;0.104399249;0.121268445;0.139431445;0.158897703;0.179677518;0.201782049;0.225223340;0.250014338;0.276168922;0.303701927;0.332629178;0.362967510;0.394734802;0.427949992;0.462633095;0.498805207;0.536488498;0.575706178;0.616512636;0.658924112;0.702930916;0.748542429;0.795768900;0.844622615;0.895119161;0.947278696;1.001127132;1.056697094;1.114022752;1.173113170;1.233984263;1.296652427;1.361131964;1.427434491;1.495568246;1.565537292;1.637340591;1.710970936;1.786413740;1.863645645;1.942632954;2.023329852;2.105676411;2.189596337;;;;;;;;;;;;;;;
-0.100;;;;;;;;;;;;;2.446881163;2.353623632;2.262320700;2.173029544;2.085791522;2.000634456;1.917574670;1.836620940;1.757773451;1.680999948;1.606261352;1.533521170;1.462749487;1.393924624;1.327033116;1.262068569;1.199029811;1.138138802;1.079337830;1.022434021;0.967388607;0.914163105;0.862719823;0.813022255;0.765035368;0.718725802;0.674061998;0.631014260;0.589554773;0.549657574;0.511298493;0.474455078;0.439106489;0.405233392;0.372817843;0.341843169;0.312293851;0.284155416;0.257414323;0.232057877;0.208074131;0.185451817;0.164180277;0.144249406;0.125649613;0.108371783;0.092407257;0.077747816;0.064385676;0.052313491;0.041524358;0.032011836;0.023769959;0.016793259;0.011076793;0.006616162;0.003407544;0.001447715;0.000734076;0.001264677;0.003038235;0.006054163;0.010312575;0.015814315;0.022560959;0.030554830;0.039799010;0.050297344;0.062054447;0.075075710;0.089367308;0.104936204;0.121790160;0.139937740;0.159388330;0.180152144;0.202240247;0.225664572;0.250437941;0.276574097;0.304087724;0.332994482;0.363311034;0.395055072;0.428245345;0.462901672;0.499044955;0.536697171;0.575881351;0.616639632;0.659032120;0.703016452;0.748602173;0.795799679;0.844621337;0.895082691;0.947203688;1.001009817;1.056533055;1.113810763;1.172857837;1.233688026;1.296318340;1.360763693;1.427036303;1.495144983;1.565094329;1.636883766;1.710506469;1.785948121;1.863185494;1.942184855;2.022900147;2.105270957;2.189220229;;;;;;;;;;;;;;;
-0.200;;;;;;;;;;;;;2.452477937;2.359023672;2.267527932;2.178048886;2.090628730;2.005295990;1.922067564;1.840954858;1.761958727;1.685047289;1.610183003;1.537330691;1.466461421;1.397554079;1.330595318;1.265578401;1.202501372;1.141613890;1.082733832;1.025754330;0.970636541;0.917341899;0.865832629;0.816072135;0.768025293;0.721658650;0.676940549;0.633841195;0.592332669;0.552388904;0.513985625;0.477100269;0.441711889;0.407801040;0.375349667;0.344340985;0.314759368;0.286590228;0.259819921;0.234435643;0.210425345;0.187777658;0.166481825;0.146527649;0.127905451;0.110606032;0.094620653;0.079941024;0.066559294;0.054468056;0.043660353;0.034129695;0.025870076;0.018875994;0.013142476;0.008665103;0.005440035;0.003464038;0.002734506;0.003249487;0.005007702;0.008008564;0.012252198;0.017739451;0.024471907;0.032451895;0.041682500;0.052167564;0.063911697;0.076920278;0.091199460;0.106756178;0.123598152;0.141733896;0.161172730;0.181924792;0.204001051;0.227413333;0.252174336;0.278297662;0.305797837;0.334690349;0.364991671;0.396719294;0.429891751;0.464528634;0.500650613;0.538279426;0.577437864;0.618149732;0.660527902;0.704498712;0.750067029;0.797243407;0.846040345;0.896473439;0.948562536;1.002332818;1.057815695;1.115049194;1.174055922;1.234847476;1.297441458;1.361853388;1.428096087;1.496178965;1.566107184;1.637880695;1.711493136;1.786930565;1.864170024;1.943177908;2.023908125;2.106300023;2.190276069;2.275739250;;;;;;;;;;;;;;
-0.300;;;;;;;;;;;;;2.459663564;2.366003595;2.274306469;2.184631228;2.097020815;2.011504384;1.928099347;1.846820864;1.767670522;1.690617008;1.615623878;1.542656770;1.471687219;1.402694207;1.335664099;1.270589493;1.207467429;1.146541170;1.087569567;1.030502509;0.975301099;0.921926704;0.870341465;0.820508691;0.772393151;0.725961277;0.681181288;0.638023259;0.596459139;0.556462722;0.518009592;0.481077046;0.445643991;0.411690842;0.379199403;0.348152750;0.318535117;0.290331786;0.263528982;0.238113774;0.214073995;0.191398160;0.170075404;0.150095429;0.131448456;0.114125200;0.098116842;0.083415015;0.070011804;0.057899743;0.047071824;0.037521516;0.029242776;0.022230074;0.016478417;0.011983372;0.008741091;0.006748338;0.006002510;0.006501662;0.008244528;0.011230534;0.015459821;0.020933253;0.027652430;0.035619696;0.044838147;0.055311634;0.067044768;0.080042926;0.094312248;0.109859646;0.126692808;0.144820203;0.164251093;0.184995542;0.207064431;0.230469478;0.255223260;0.281339234;0.308831767;0.337716168;0.368008709;0.399726666;0.432888335;0.467513060;0.503621242;0.541234342;0.580374863;0.621066315;0.663411509;0.707376808;0.752935335;0.800097808;0.848876913;0.899288384;0.951352085;1.005093015;1.060542124;1.117736776;1.176706978;1.237463198;1.300023486;1.364403950;1.430618016;1.498675698;1.568582752;1.640339701;1.713940709;1.789372300;1.866611899;1.945626176;2.026369179;2.108780229;2.192781569;2.278275725;;;;;;;;;;;;;;
-0.400;;;;;;;;;;;;;2.468443039;2.374569087;2.282662681;2.192783608;2.104975454;2.019267916;1.935678850;1.854228440;1.774918597;1.697718642;1.622592779;1.549506970;1.478432744;1.409348756;1.342240735;1.277100367;1.213942453;1.152919635;1.093844427;1.036678330;0.981382420;0.927918005;0.876247140;0.826333032;0.778140325;0.731635313;0.686786066;0.643562502;0.601936401;0.561881388;0.523372875;0.486387982;0.450905443;0.416905500;0.384369785;0.353281210;0.323623848;0.295382823;0.268544211;0.243094938;0.219022703;0.196315892;0.174963522;0.154955184;0.136280999;0.118931589;0.102898050;0.088171945;0.074745292;0.062610569;0.051760724;0.042189185;0.033889883;0.026857265;0.021086326;0.016572625;0.013312317;0.011302171;0.010539597;0.011022667;0.012750133;0.015721446;0.019936771;0.025396997;0.032103749;0.040059395;0.049267051;0.059730585;0.071454618;0.084444529;0.098706455;0.114247294;0.131074708;0.149197127;0.168623762;0.189364608;0.211430463;0.234832943;0.259584502;0.285698458;0.313189017;0.342071301;0.372361381;0.404076302;0.437234114;0.471853889;0.507955737;0.545560807;0.584691275;0.625370305;0.667683946;0.711650813;0.757206389;0.804361563;0.853129255;0.903525424;0.955570065;1.009288127;1.064710220;1.121872980;1.180810994;1.241536221;1.304066584;1.368418763;1.434606775;1.502641244;1.572528536;1.644269776;1.717859706;1.793285389;1.870524726;1.949544784;2.030299900;2.112729553;2.196755977;2.282281497;;;;;;;;;;;;;;
-0.500;;;;;;;;;;;;;2.478822885;2.384727281;2.292604314;2.202514373;2.114501571;2.028596051;1.944816110;1.863187932;1.783713259;1.706361995;1.631098554;1.557888754;1.486703685;1.417521296;1.350326393;1.285109561;1.221893521;1.160750309;1.101559789;1.044283501;0.988882514;0.935318085;0.883552186;0.833547906;0.785269752;0.738683858;0.693758118;0.650462263;0.608767878;0.568648386;0.530078994;0.493036615;0.457499781;0.423448531;0.390864300;0.359729808;0.330028943;0.301746655;0.274868849;0.249382296;0.225274543;0.202533839;0.181149074;0.161109721;0.142405796;0.125027825;0.108966822;0.094214274;0.080762138;0.068602841;0.057729287;0.048134873;0.039813505;0.032759619;0.026968200;0.022434812;0.019155616;0.017127397;0.016347584;0.016814273;0.018526246;0.021482985;0.025684685;0.031132270;0.037827398;0.045772466;0.054970619;0.065425748;0.077142493;0.090126243;0.104383137;0.119920067;0.136744675;0.154865362;0.174291290;0.195032395;0.217099396;0.240503812;0.265257981;0.291375084;0.318869164;0.347755162;0.378048942;0.409767315;0.442928073;0.477550004;0.513652908;0.551257599;0.590385891;0.631060561;0.673347339;0.717321834;0.762880450;0.810034263;0.858796473;0.909183345;0.961215116;1.014916796;1.070318772;1.127457051;1.186368563;1.247068183;1.309573536;1.373901847;1.440067713;1.508082359;1.577952771;1.649680695;1.723261490;1.798682810;1.875923110;1.954949951;2.035718084;2.118167300;2.202220011;2.287778561;;;;;;;;;;;;;;
-0.600;;;;;;;;;;;;;2.490811004;2.396486596;2.304140314;2.213832993;2.125609141;2.039499243;1.955522243;1.873710322;1.794065215;1.716557098;1.641150173;1.567809688;1.496505888;1.427215674;1.359922854;1.294616808;1.231311808;1.170036315;1.110719076;1.053321711;0.997805299;0.944131059;0.892260877;0.842157719;0.793785937;0.747111486;0.702102062;0.658727181;0.616958205;0.576768325;0.538132513;0.501027451;0.465431435;0.431324276;0.398687189;0.367502677;0.337754425;0.309427185;0.282506680;0.256979507;0.232833052;0.210055418;0.188635358;0.168562224;0.149825921;0.132416879;0.116326027;0.101544781;0.088065037;0.075879174;0.064980057;0.055361057;0.047016063;0.039939500;0.034126357;0.029572204;0.026273218;0.024226205;0.023428623;0.023878597;0.025574946;0.028517187;0.032705557;0.038141018;0.044825267;0.052760739;0.061950613;0.072398808;0.084109991;0.097089567;0.111343685;0.126879235;0.143703848;0.161825901;0.181254517;0.201999578;0.224071732;0.247482408;0.272243833;0.298369055;0.325871964;0.354767321;0.385070781;0.416798926;0.449969283;0.484600349;0.520711603;0.558323505;0.597457483;0.638135899;0.680403171;0.724390848;0.769958071;0.817116104;0.865878478;0.916261849;0.968286816;1.021978606;1.077367535;1.134489083;1.193381048;1.254061494;1.316547900;1.380858010;1.447006978;1.515006621;1.584864542;1.656583120;1.730158351;1.805578522;1.882822698;1.961859010;2.042642725;2.125114069;2.209195790;2.294790433;;;;;;;;;;;;;;
-0.700;;;;;;;;;;;;;2.504416520;2.409856566;2.317280647;2.226749869;2.138308993;2.051988730;1.967808755;1.885806719;1.805984668;1.728312881;1.652755108;1.579275740;1.507843882;1.438435132;1.371031713;1.305621521;1.242202266;1.180782888;1.121327766;1.063798631;1.008156602;0.954362867;0.902379231;0.852168530;0.803694950;0.756924248;0.711823902;0.668363190;0.626513223;0.586246937;0.547539042;0.510365958;0.474705725;0.440537901;0.407843455;0.376604655;0.346804962;0.318428916;0.291462040;0.265890746;0.241702250;0.218884497;0.197426099;0.177316280;0.158544833;0.141102091;0.124978898;0.110166599;0.096657031;0.084442528;0.073515922;0.063870562;0.055500322;0.048399628;0.042563471;0.037987438;0.034667726;0.032601168;0.031785254;0.032218149;0.033898709;0.036826497;0.041001792;0.046425602;0.053099668;0.061026468;0.070209218;0.080651875;0.092359133;0.105336422;0.119589906;0.135126480;0.151953771;0.170080137;0.189514672;0.210267211;0.232348339;0.255769403;0.280542529;0.306680639;0.334197478;0.363107633;0.393426558;0.425170605;0.458357043;0.493004076;0.529130854;0.566757475;0.605904966;0.646595249;0.688852989;0.732858841;0.778439828;0.825607413;0.874375497;0.924761200;0.976785579;1.030474195;1.085857418;1.142970324;1.201850741;1.262519491;1.324994162;1.389292987;1.455431656;1.523422557;1.593273899;1.664988695;1.738563590;1.813987526;1.891240216;1.970290420;2.051093997;2.133591707;2.217706754;2.303342039;;;;;;;;;;;;;;
-0.800;;;;;;;;;;;;;2.519649623;2.424847679;2.332036124;2.241276153;2.152612622;2.066076338;1.981687423;1.899488153;1.819482097;1.741639355;1.665922779;1.592295416;1.520724791;1.451184844;1.383656183;1.318125207;1.254571985;1.192997356;1.133393363;1.075721893;1.019944130;0.966021251;0.913914980;0.863588025;0.815004398;0.768129644;0.722931005;0.679377500;0.637439971;0.597091071;0.558305227;0.521058574;0.485328872;0.451095404;0.418338875;0.387041298;0.357185893;0.328756972;0.301739848;0.276120734;0.251886667;0.229025427;0.207525480;0.187375918;0.168566420;0.151087218;0.134929072;0.120083258;0.106541557;0.094296259;0.083340168;0.073666611;0.065269456;0.058143130;0.052282636;0.047683576;0.044342175;0.042255298;0.041420471;0.041835900;0.043500486;0.046413838;0.050576284;0.055988880;0.062653415;0.070572412;0.079749131;0.090187569;0.101892454;0.114869243;0.129124122;0.144663996;0.161496495;0.179629968;0.199073484;0.219836842;0.241930572;0.265365950;0.290155011;0.316310564;0.343846215;0.372776389;0.403116351;0.434882233;0.468091048;0.502760713;0.538910053;0.576558801;0.615727574;0.656437842;0.698711854;0.742727018;0.788326730;0.835509111;0.884288473;0.934682466;0.986712700;1.040405175;1.095790430;1.152903242;1.211781011;1.272446579;1.334917871;1.399213577;1.465349891;1.533339750;1.603191953;1.674910132;1.748491583;1.823925909;1.901193497;1.980263772;2.061093233;2.143623247;2.227777570;2.313459576;;;;;;;;;;;;;;
-0.900;;;;;;;;;;;;;2.536521427;2.441471211;2.348418235;2.257423574;2.168532006;2.081774299;1.997170713;1.914767404;1.834570026;1.756548321;1.680663966;1.606878356;1.535157154;1.465472421;1.397803002;1.332133755;1.268430126;1.206689064;1.146925333;1.089101023;1.033177414;0.979115693;0.926877520;0.876425474;0.827723388;0.780736591;0.735432072;0.691778580;0.649746664;0.609308678;0.570438747;0.533112700;0.497307996;0.463003627;0.430180012;0.398818898;0.368903246;0.340417129;0.313345634;0.287674770;0.263391385;0.240483089;0.218938194;0.198745658;0.179895044;0.162376481;0.146180647;0.131298746;0.117722507;0.105444179;0.094456537;0.084752893;0.076327109;0.069173616;0.063287431;0.058664179;0.055300111;0.053192128;0.052337795;0.052735362;0.054383775;0.057282694;0.061432496;0.066834287;0.073489906;0.081401926;0.090573652;0.101009122;0.112713103;0.125691085;0.139949277;0.155494604;0.172334703;0.190477920;0.209933310;0.230710645;0.252820411;0.276273824;0.301082839;0.327260166;0.354819288;0.383774482;0.414140835;0.445934271;0.479171563;0.513870352;0.550049144;0.587727311;0.626925064;0.667663413;0.709964096;0.753996857;0.799620022;0.846822544;0.895618950;0.946027486;0.998070394;1.051774214;1.107169752;1.164291581;1.223176439;1.283848365;1.346325767;1.410627754;1.476770994;1.544768942;1.614630959;1.686361280;1.759957834;1.835410885;1.912701493;1.991799764;2.072662872;2.155232835;2.239434022;;;;;;;;;;;;;;;
-1.000;;;;;;;;;;;;;2.555043822;2.459739084;2.366438991;2.275204272;2.186079445;2.099095079;2.014271188;1.931656750;1.851260289;1.773051087;1.696989422;1.623034778;1.551150700;1.481307160;1.413481113;1.347655825;1.283787807;1.221869271;1.161935000;1.103947341;1.047867713;0.993657341;0.941277835;0.890691659;0.841862469;0.794755371;0.749337099;0.705576115;0.663442666;0.622908794;0.583948299;0.546536694;0.510651119;0.476270257;0.443374231;0.411944503;0.381963764;0.353415838;0.326285576;0.300558774;0.276222083;0.253262937;0.231669491;0.211430567;0.192535604;0.174974634;0.158738245;0.143817577;0.130204302;0.117890630;0.106869309;0.097133636;0.088677471;0.081495250;0.075582006;0.070933384;0.067545668;0.065415792;0.064541362;0.064920671;0.066552714;0.069437198;0.073574551;0.078965931;0.085613227;0.093519060;0.102686783;0.113120479;0.124824953;0.137805732;0.152069054;0.167621867;0.184471822;0.202627271;0.222097265;0.242891555;0.265020599;0.288495563;0.313328341;0.339531555;0.367118585;0.396103573;0.426501449;0.458327948;0.491599621;0.526333843;0.562548821;0.600263577;0.639497924;0.680272417;0.722608278;0.766670747;0.812322334;0.859550122;0.908369372;0.958798971;1.010861869;1.064585107;1.119999818;1.177140439;1.236042935;1.296731771;1.359225886;1.423544773;1.489705535;1.557722110;1.627604388;1.699357176;1.772979011;1.848460796;1.925784256;2.004920173;2.085826400;2.168445628;2.252702872;;;;;;;;;;;;;;;
-1.100;;;;;;;;;;;;;2.575229352;2.479663727;2.386110780;2.294630654;2.205267402;2.118051227;2.033001499;1.950168579;1.869564904;1.791159284;1.714910449;1.640775747;1.568716379;1.498700035;1.430701644;1.364702826;1.300657949;1.238551001;1.178435409;1.120273842;1.064027905;1.009658895;0.957128405;0.906398793;0.857433551;0.810197567;0.764657314;0.720780966;0.678538459;0.637901508;0.598843584;0.561339865;0.525367164;0.490903841;0.457929711;0.426425938;0.396374937;0.367760267;0.340566541;0.314779331;0.290385085;0.267371057;0.245725242;0.225436318;0.206493605;0.188887027;0.172607091;0.157644863;0.143991963;0.131640560;0.120583376;0.110813694;0.102325369;0.095112842;0.089171163;0.084495998;0.081083660;0.078931116;0.078036013;0.078396684;0.080012172;0.082882229;0.087007335;0.092388694;0.099028247;0.106928661;0.116093338;0.126526404;0.138232707;0.151217810;0.165487987;0.181050212;0.197912156;0.216082185;0.235569355;0.256383410;0.278534788;0.302034627;0.326894768;0.353127771;0.380746925;0.409766264;0.440200582;0.472065445;0.505377201;0.540152989;0.576410732;0.614169122;0.653447589;0.694266246;0.736645807;0.780749068;0.826434737;0.873694077;0.922542906;0.973000828;1.025091546;1.078842880;1.134286374;1.191456336;1.250387841;1.311105129;1.373627652;1.437975250;1.504165415;1.572212530;1.642126970;1.713914076;1.787572955;1.863095115;1.940462915;2.019647790;2.100608258;2.183287673;2.267611700;;;;;;;;;;;;;;;
-1.200;;;;;;;;;;;;;2.597091099;2.501257956;2.407446247;2.315715266;2.226108377;2.138655240;2.053374281;1.970315304;1.889495995;1.810884794;1.734438803;1.660113064;1.587866232;1.517663528;1.449476657;1.383286676;1.319055080;1.256748863;1.196441161;1.138095035;1.081672338;1.027134486;0.974443084;0.923560415;0.874449821;0.827075982;0.781405118;0.737405113;0.695045591;0.654297935;0.615135280;0.577532460;0.541465952;0.506913786;0.473855459;0.442271829;0.412145024;0.383458336;0.356196126;0.330343739;0.305887417;0.282814227;0.261111999;0.240769266;0.221775223;0.204119689;0.187793081;0.172786395;0.159091195;0.146699609;0.135604331;0.125798626;0.117276344;0.110031932;0.104060448;0.099357582;0.095919669;0.093743711;0.092827386;0.093169071;0.094767846;0.097623510;0.101736587;0.107108328;0.113740719;0.121636475;0.130799042;0.141232591;0.152942010;0.165932904;0.180211581;0.195785047;0.212661003;0.230847833;0.250354608;0.271191079;0.293367679;0.316895530;0.341786444;0.368052935;0.395708227;0.424766268;0.455241739;0.487150065;0.520507422;0.555330736;0.591637672;0.629446620;0.668776646;0.709647442;0.752079229;0.796234096;0.841959865;0.889257402;0.938143123;0.988637407;1.040764788;1.094553836;1.150036571;1.207247249;1.266220008;1.326978255;1.389541946;1.453931220;1.520163917;1.588254811;1.658214720;1.730049462;1.803758667;1.879334402;1.956759609;2.036006334;2.117033720;2.199785750;2.284188717;;;;;;;;;;;;;;;
-1.300;;;;;;;;;;;;;;2.524534873;2.430458183;2.338470678;2.248614797;2.160919448;2.075402041;1.992109272;1.911065703;1.832239635;1.755585712;1.681056445;1.608608827;1.538205737;1.469817810;1.403423179;1.338995114;1.276478844;1.215968215;1.157426768;1.100816671;1.046099519;0.993236971;0.942191270;0.892925634;0.845404553;0.799594004;0.755461592;0.712976630;0.672110173;0.632835014;0.595125644;0.558958197;0.524310367;0.491161325;0.459491623;0.429283091;0.400518748;0.373182702;0.347260062;0.322736860;0.299599973;0.277837060;0.257436507;0.238387381;0.220679393;0.204302867;0.189248726;0.175508474;0.163074196;0.151938552;0.142094791;0.133536751;0.126258880;0.120256243;0.115524546;0.112060143;0.109860063;0.108922014;0.109244405;0.110826354;0.113667697;0.117768999;0.123131551;0.129757381;0.137649246;0.146810636;0.157245761;0.168959553;0.181957656;0.196246416;0.211832876;0.228724769;0.246930511;0.266459196;0.287320593;0.309525149;0.333083986;0.358008906;0.384312401;0.412007655;0.441108557;0.471629704;0.503586412;0.536994713;0.571871351;0.608233771;0.646100084;0.685489030;0.726419899;0.768913840;0.813129058;0.858901527;0.906244553;0.955175209;1.005714688;1.057888400;1.111725699;1.167259096;1.224522789;1.283549855;1.344362505;1.406981148;1.471426176;1.537715725;1.605864910;1.675884928;1.747782020;1.821556273;1.897200245;1.974697402;2.054020335;2.135128749;2.217967197;2.302462539;;;;;;;;;;;;;;;
-1.400;;;;;;;;;;;;;;2.549507780;2.455159441;2.362909404;2.272798919;2.184855929;2.099096991;2.015562058;1.934283854;1.855231316;1.778358887;1.703617179;1.630959656;1.560346333;1.491745293;1.425132638;1.360491418;1.297758066;1.237033668;1.178286020;1.121477689;1.066570510;1.013526259;0.962307177;0.912876395;0.865198241;0.819238470;0.774964420;0.732345106;0.691351258;0.651955334;0.614131482;0.577855491;0.543104720;0.509858013;0.478095604;0.447799031;0.418951032;0.391535455;0.365537175;0.340942006;0.317736630;0.295908535;0.275445955;0.256337825;0.238573740;0.222143933;0.207039247;0.193251123;0.180771596;0.169593291;0.159709431;0.151113840;0.143800957;0.137765852;0.133004235;0.129512478;0.127287624;0.126327406;0.126630257;0.128195324;0.131022474;0.135112302;0.140466137;0.147086040;0.154974807;0.164135962;0.174573758;0.186293164;0.199299865;0.213600246;0.229201392;0.246111075;0.264337748;0.283890541;0.304779257;0.327014368;0.350607019;0.375569025;0.401912879;0.429651753;0.458799505;0.489370684;0.521380528;0.554844961;0.589780583;0.626204652;0.664135042;0.703590194;0.744589034;0.787169623;0.831438891;0.877264844;0.924661356;0.973645762;1.024240114;1.076470727;1.130367753;1.185964188;1.243294131;1.302389406;1.363270799;1.425959158;1.490475077;1.556836933;1.625060117;1.695156140;1.767131593;1.840986945;1.916715168;1.994300165;2.073714987;2.154919814;2.237859681;2.322461928;;;;;;;;;;;;;;;
-1.500;;;;;;;;;;;;;;2.576190117;2.481562867;2.389043825;2.298672770;2.210476441;2.124470421;2.040685306;1.959163349;1.879875757;1.802775907;1.727812066;1.654934759;1.584100991;1.515276116;1.448434045;1.383556305;1.320604526;1.259655518;1.200690687;1.143673096;1.088564905;1.035328066;0.983924880;0.934318433;0.886472926;0.840353922;0.795928516;0.753165438;0.712035112;0.672509665;0.634562909;0.598170296;0.563308847;0.529957080;0.498094917;0.467703594;0.438765570;0.411264432;0.385184814;0.360512310;0.337233406;0.315335413;0.294806407;0.275635187;0.257811233;0.241324675;0.226166272;0.212327397;0.199800030;0.188576753;0.178650755;0.170015838;0.162666427;0.156597583;0.151805017;0.148285103;0.146034893;0.145052133;0.145335272;0.146883473;0.149696626;0.153775349;0.159120996;0.165735657;0.173622155;0.182784050;0.193225626;0.204951892;0.217968568;0.232282086;0.247899570;0.264828839;0.283078393;0.302657409;0.323575738;0.345843897;0.369473072;0.394475114;0.420862546;0.448648557;0.477847008;0.508472431;0.540540026;0.574065648;0.609065796;0.645557578;0.683558671;0.723087260;0.764161946;0.806838906;0.851169876;0.897057291;0.944515498;0.993563007;1.044222743;1.096521745;1.150490929;1.206163741;1.263574106;1.322752296;1.383717626;1.446491392;1.511094335;1.577545007;1.645859009;1.716048089;1.788119103;1.862072812;1.937902505;2.015592421;2.095115963;2.176433673;2.259490951;2.344215499;;;;;;;;;;;;;;;
-1.600;;;;;;;;;;;;;;2.604595417;2.509681258;2.416886151;2.326248099;2.237792374;2.151533374;2.067492179;1.985717537;1.906185548;1.828848974;1.753653903;1.680547906;1.609484845;1.540427169;1.473346398;1.408222368;1.345036820;1.283852399;1.224659339;1.167421305;1.112100876;1.058660264;1.007061892;0.957268857;0.909245280;0.862956572;0.818369610;0.775452870;0.734176483;0.694512265;0.656433703;0.619915918;0.584935602;0.551470950;0.519501572;0.489008406;0.459973631;0.432380571;0.406213617;0.381458142;0.358100431;0.336127612;0.315527603;0.296289061;0.278401340;0.261854466;0.246639106;0.232746559;0.220168738;0.208898174;0.198928016;0.190252031;0.182864621;0.176760828;0.171936350;0.168387554;0.166111489;0.165105899;0.165369238;0.166900677;0.169700113;0.173768178;0.179106239;0.185716406;0.193601523;0.202765175;0.213211676;0.224946067;0.237974107;0.252302269;0.267937725;0.284888345;0.303162685;0.322769982;0.343720147;0.366023763;0.389692079;0.414737008;0.441171129;0.469007681;0.498260564;0.528944332;0.561074184;0.594665951;0.629736071;0.666301550;0.704379914;0.743989134;0.785147528;0.827928505;0.872328851;0.918286333;0.965815947;1.014937026;1.065673394;1.118053142;1.172107876;1.227871347;1.285377213;1.344653757;1.405719022;1.468594749;1.533301767;1.599858735;1.668281383;1.738581608;1.810766437;1.884836818;1.960786241;2.038599160;2.118249197;2.199697118;2.282888543;;;;;;;;;;;;;;;;
-1.700;;;;;;;;;;;;;;2.634737273;2.539527329;2.446448391;2.355536349;2.266814732;2.180296516;2.095994082;2.013957897;1.934172215;1.856589830;1.781154949;1.707812250;1.636512358;1.567214634;1.499887993;1.434510355;1.371073845;1.309643318;1.250210972;1.192741207;1.137197125;1.083541290;1.031736327;0.981745413;0.933532645;0.887063323;0.842304154;0.799223385;0.757790885;0.717978179;0.679758446;0.643106489;0.607998682;0.574412903;0.542328457;0.511725988;0.482587394;0.454895738;0.428635168;0.403790831;0.380348809;0.358296046;0.337620292;0.318310056;0.300354566;0.283743730;0.268468118;0.254518942;0.241888043;0.230567890;0.220551577;0.211832828;0.204406006;0.198266124;0.193408852;0.189830535;0.187528207;0.186499597;0.186743149;0.188258025;0.191044120;0.195102063;0.200433227;0.207039727;0.214924421;0.224090909;0.234543529;0.246287350;0.259328169;0.273672498;0.289327562;0.306301288;0.324602297;0.344239897;0.365224079;0.387565507;0.411275518;0.436366113;0.462849959;0.490740378;0.520051344;0.550797474;0.582994011;0.616656804;0.651802278;0.688447386;0.726609551;0.766306576;0.807556542;0.850447754;0.894925653;0.940962309;0.988573446;1.037779270;1.088604559;1.141078316;1.195232879;1.251102271;1.308719610;1.368110574;1.429292513;1.492287548;1.557116524;1.623798133;1.692348145;1.762778509;1.835096310;1.909302561;1.985390821;2.063345613;2.143140626;2.224736683;2.308079447;;;;;;;;;;;;;;;;
-1.800;;;;;;;;;;;;;;;2.571113706;2.477742341;2.386548657;2.297554131;2.210770058;2.126201917;2.043895476;1.963846816;1.886009640;1.810326738;1.736740052;1.665196933;1.595653485;1.528075268;1.462439152;1.398734496;1.337047364;1.277364753;1.219651935;1.163872662;1.109989954;1.057966734;1.007766332;0.959352890;0.912691658;0.867749217;0.824493627;0.782894529;0.742923184;0.704552485;0.667756936;0.632512608;0.598797075;0.566589343;0.535869767;0.506619970;0.478822755;0.452462025;0.427522704;0.403990664;0.381852661;0.361096274;0.341709859;0.323682503;0.307003994;0.291664793;0.277656015;0.264969417;0.253597392;0.243532969;0.234769814;0.227302237;0.221125204;0.216234345;0.212625968;0.210297072;0.209245357;0.209469239;0.210967860;0.213741093;0.217789554;0.223114605;0.229718356;0.237603666;0.246774143;0.257234141;0.268988753;0.282043808;0.296405863;0.312082195;0.329080794;0.347410356;0.367080275;0.388100634;0.410482203;0.434236429;0.459375431;0.485911993;0.513859555;0.543232207;0.574044668;0.606312271;0.640050930;0.675277107;0.712007752;0.750260232;0.790052238;0.831401660;0.874408131;0.918972205;0.965097676;1.012801068;1.062103512;1.113030743;1.165612645;1.219882182;1.275873510;1.333619069;1.393141019;1.454457045;1.517589437;1.582558989;1.649384334;1.718081184;1.788661428;1.861132081;1.935494085;2.011740915;2.089856995;2.169815899;2.251578312;2.335089729;;;;;;;;;;;;;;;;
-1.900;;;;;;;;;;;;;;;2.604452924;2.510779594;2.419295858;2.330020809;2.242963777;2.158125989;2.075540856;1.995219919;1.917118950;1.841179976;1.767342501;1.695548668;1.625753885;1.557922105;1.492026997;1.428051146;1.366083433;1.306139756;1.248172628;1.192146592;1.138025246;1.085771912;1.035350170;0.986724283;0.939859518;0.894722386;0.851280813;0.809504250;0.769363729;0.730831886;0.693882952;0.658492710;0.624638445;0.592298878;0.561454084;0.532085415;0.504175418;0.477707753;0.452667117;0.429039174;0.406810484;0.385968451;0.366501269;0.348397879;0.331647936;0.316241782;0.302170424;0.289425520;0.277999375;0.267884937;0.259075797;0.251566197;0.245351041;0.240425898;0.236787022;0.234431360;0.233356566;0.233561011;0.235043795;0.237804758;0.241844484;0.247164310;0.253766327;0.261653385;0.270829090;0.281297802;0.293064634;0.306135445;0.320516834;0.336216134;0.353241406;0.371601431;0.391305699;0.412364407;0.434788448;0.458589406;0.483779545;0.510371801;0.538379769;0.567817693;0.598700439;0.631043475;0.664862831;0.700175055;0.736997144;0.775346466;0.815240648;0.856717302;0.899823667;0.944482520;0.990706925;1.038513877;1.087925462;1.138968368;1.191673306;1.246073748;1.302203799;1.360094764;1.419764757;1.481232873;1.544521285;1.609650646;1.676639438;1.745503202;1.816253637;1.888897552;1.963435654;2.039861161;2.118158206;2.198300041;2.280246984;2.363944122;;;;;;;;;;;;;;;;
-2.000;;;;;;;;;;;;;;;2.639557441;2.545571557;2.453788513;2.364224656;2.276887049;2.191774934;2.108904132;2.028301628;1.949927128;1.873721484;1.799624134;1.727576995;1.657530099;1.589443717;1.523288680;1.459045471;1.396769932;1.336554696;1.278322187;1.222037895;1.167666132;1.115170741;1.064515654;1.015665346;0.968585178;0.923241661;0.879602643;0.837637433;0.797316877;0.758613389;0.721500954;0.685955092;0.651952821;0.619472586;0.588494196;0.558998741;0.530968515;0.504386939;0.479238484;0.455508599;0.433183650;0.412250855;0.392698241;0.374514593;0.357689423;0.342212941;0.328076030;0.315270239;0.303787768;0.293621466;0.284764833;0.277212025;0.270957862;0.265997838;0.262328130;0.259945616;0.258847881;0.259033234;0.260500716;0.263250113;0.267281963;0.272597560;0.279198964;0.287089000;0.296271263;0.306750112;0.318530672;0.331618829;0.346021225;0.361745254;0.378799051;0.397191491;0.416932178;0.438031439;0.460500312;0.484350543;0.509594571;0.536245518;0.564317172;0.593823970;0.624780972;0.657203827;0.691108731;0.726512368;0.763431837;0.801884560;0.841888151;0.883503096;0.926709747;0.971472947;1.017806558;1.065728858;1.115262707;1.166435681;1.219279231;1.273827189;1.330113377;1.388166924;1.448002724;1.509641436;1.573105029;1.638413923;1.705586338;1.774637518;1.845578832;1.918416719;1.993151475;2.069775858;2.148273498;2.228617082;2.310766305;;;;;;;;;;;;;;;;;
-2.100;;;;;;;;;;;;;;;;2.582129467;2.490036931;2.400175253;2.312548892;2.227154962;2.143994574;2.063099602;1.984440454;1.907961448;1.833599789;1.761294626;1.690992533;1.622650260;1.556235505;1.491726286;1.429124503;1.368627675;1.310119041;1.253565211;1.198931367;1.146182003;1.095281524;1.046194718;0.998887130;0.953325349;0.909477209;0.867311937;0.826800240;0.787914354;0.750628048;0.714916612;0.680756814;0.648126849;0.617006270;0.587375914;0.559217831;0.532515206;0.507252284;0.483414301;0.460987421;0.439958673;0.420315905;0.402047739;0.385143531;0.369593345;0.355387931;0.342518706;0.330977751;0.320757797;0.311852236;0.304255117;0.297961157;0.292965752;0.289264984;0.286855638;0.285735212;0.285901932;0.287354759;0.290093407;0.294118348;0.299430820;0.306032834;0.313927179;0.323117426;0.333607925;0.345403808;0.358510984;0.372936138;0.388686724;0.405770965;0.424197837;0.443977072;0.465119144;0.487635260;0.511537355;0.536838073;0.563550755;0.591689420;0.621268743;0.652304018;0.684811126;0.718806477;0.754306944;0.791329781;0.829892513;0.870012797;0.911768074;0.955083515;0.999960798;1.046414750;1.094464677;1.144134553;1.195452650;1.248451004;1.303163674;1.359623909;1.417857202;1.477876989;1.539705199;1.603363510;1.668872004;1.736248513;1.805507847;1.876660881;1.949713503;2.024665396;2.101508639;2.180226105;2.260789650;2.343158053;;;;;;;;;;;;;;;;;
-2.200;;;;;;;;;;;;;;;;2.620464419;2.528051204;2.437881904;2.349958012;2.264274205;2.180821453;2.099625435;2.020672956;1.943911465;1.869277951;1.796709304;1.726148790;1.657549547;1.590875875;1.526102965;1.463215564;1.402375926;1.343580915;1.286746631;1.231839297;1.178824211;1.127666379;1.078331019;1.030783961;0.984991956;0.940922905;0.898546017;0.857831917;0.818752706;0.781281983;0.745394838;0.711067820;0.678278891;0.647007367;0.617233847;0.588940145;0.562109214;0.536725076;0.512772752;0.490238199;0.469108253;0.449370577;0.431013614;0.414026556;0.398399306;0.384122462;0.371187299;0.359585753;0.349310425;0.340354573;0.332712121;0.326377662;0.321346469;0.317614510;0.315178455;0.314035691;0.314184340;0.315623265;0.318352085;0.322371189;0.327681740;0.334285687;0.342185769;0.351385521;0.361889275;0.373702163;0.386830116;0.401279860;0.417058916;0.434175596;0.452638993;0.472458978;0.493646194;0.516212039;0.540168662;0.565528942;0.592306476;0.620515552;0.650171122;0.681288763;0.713884631;0.747975401;0.783578186;0.820710447;0.859389861;0.899654881;0.941531275;0.984964247;1.029965653;1.076551373;1.124741765;1.174561784;1.226040621;1.279210706;1.334105774;1.390758313;1.449188320;1.509410585;1.571447477;1.635320280;1.701048619;1.768649804;1.838138046;1.909523547;1.982811444;2.058000578;2.135082094;2.214037837;2.294838526;2.377441692;;;;;;;;;;;;;;;;;
-2.300;;;;;;;;;;;;;;;;2.660587371;2.567841229;2.477353678;2.389122852;2.303140655;2.219393864;2.137889205;2.058633651;1.981579968;1.906666238;1.833827837;1.763005045;1.694147399;1.627215602;1.562181674;1.499027886;1.437815576;1.378724606;1.321599492;1.266407683;1.213115445;1.161688531;1.112092717;1.064294232;1.018260090;0.973958340;0.931358248;0.890430421;0.851146882;0.813481104;0.777408016;0.742903980;0.709946752;0.678515431;0.648590392;0.620153224;0.593186655;0.567674487;0.543601527;0.520953523;0.499717110;0.479879756;0.461429719;0.444356009;0.428648358;0.414297194;0.401293629;0.389629441;0.379297075;0.370289639;0.362600905;0.356225322;0.351158020;0.347394825;0.344932271;0.343767614;0.343898846;0.345324711;0.348044717;0.352059147;0.357369073;0.363976366;0.371883701;0.381094565;0.391613266;0.403444927;0.416595499;0.431071750;0.446881272;0.464032472;0.482534572;0.502397598;0.523632378;0.546250526;0.570264431;0.595687240;0.622532838;0.650815819;0.680551456;0.711755650;0.744444880;0.778636133;0.814346813;0.851594633;0.890397474;0.930817062;0.972813126;1.016372642;1.061508583;1.108237944;1.156582151;1.206567098;1.258222670;1.311581569;1.366677224;1.423539971;1.482183895;1.542627331;1.604892236;1.668999387;1.734967817;1.802814155;1.872551837;1.944190192;2.017733372;2.093179125;2.170517383;2.249728649;2.330782166;;;;;;;;;;;;;;;;;;
-2.400;;;;;;;;;;;;;;;;;2.609416717;2.518599424;2.430051621;2.343762070;2.259714987;2.177899456;2.098331460;2.020975391;1.945772130;1.872656580;1.801566568;1.732448189;1.665258440;1.599966765;1.536554898;1.475011684;1.415565783;1.358140194;1.302653525;1.249073194;1.197365861;1.147498003;1.099436373;1.053148354;1.008602242;0.965767443;0.924614618;0.885115771;0.847244304;0.810975028;0.776284153;0.743149261;0.711549256;0.681464310;0.652875797;0.625766232;0.600119201;0.575919295;0.553152053;0.531803903;0.511862110;0.493314736;0.476150597;0.460359237;0.445930899;0.432856513;0.421127680;0.410736668;0.401676410;0.393940509;0.387523243;0.382419576;0.378625170;0.376136398;0.374950362;0.375064904;0.376478626;0.379190902;0.383201894;0.388512565;0.395124689;0.403040866;0.412264526;0.422799939;0.434652220;0.447827332;0.462332089;0.478174155;0.495362043;0.513905113;0.533813564;0.555098426;0.577771551;0.601845597;0.627334008;0.654250992;0.682611487;0.712431123;0.743726170;0.776513475;0.810810381;0.846634628;0.884004227;0.922949896;0.963511939;1.005635218;1.049330588;1.094611910;1.141497276;1.190009165;1.240174336;1.292023208;1.345588500;1.400902887;1.457992322;1.516868248;1.577551629;1.640063881;1.704425144;1.770653707;1.838765343;1.908772513;1.980683443;2.054501049;2.130221701;2.207833803;2.287316170;2.368636191;;;;;;;;;;;;;;;;;;
-2.500;;;;;;;;;;;;;;;;;2.652787177;2.561627777;2.472752312;2.386146008;2.301790176;2.219663966;2.139775216;2.062106408;1.986603389;1.913201982;1.841838366;1.772455175;1.705006653;1.639459952;1.575791800;1.513988466;1.454118795;1.396384020;1.340592904;1.286714214;1.234715693;1.184564675;1.136228571;1.089675259;1.044873384;1.001792586;0.960403658;0.920678657;0.882590970;0.846115339;0.811227868;0.777905996;0.746128459;0.715875247;0.687127538;0.659867640;0.634078931;0.609745791;0.586853546;0.565388413;0.545337447;0.526688501;0.509430187;0.493551843;0.479043513;0.465895926;0.454100483;0.443649257;0.434534985;0.426751075;0.420291612;0.415151370;0.411325823;0.408811161;0.407604307;0.407702933;0.409105474;0.411811154;0.415819992;0.421132825;0.427751317;0.435677979;0.444916172;0.455470123;0.467344931;0.480546571;0.495081902;0.510958667;0.528185493;0.546771889;0.566728241;0.588065803;0.610796688;0.634933846;0.660491050;0.687482863;0.715924601;0.745832293;0.777222616;0.810112826;0.844520665;0.880464250;0.917961933;0.957071270;0.997760792;1.040019980;1.083860940;1.129299016;1.176353304;1.225047291;1.275408476;1.327467602;1.381257087;1.436808393;1.494140154;1.553266216;1.614208254;1.676987025;1.741621880;1.808130194;1.876526686;1.946822616;2.019024854;2.093134795;2.169147116;2.247048342;2.326815217;2.408412854;;;;;;;;;;;;;;;;;;
-2.600;;;;;;;;;;;;;;;;;;2.606447119;2.517232685;2.430299821;2.345626566;2.263188496;2.182973495;2.104982048;2.029168402;1.955471055;1.883823869;1.814170387;1.746461521;1.680659246;1.616736711;1.554677164;1.494472136;1.436344985;1.380240842;1.326054398;1.273754673;1.223310025;1.174688676;1.127859129;1.082790497;1.039452752;0.997816911;0.957855157;0.919540930;0.882848959;0.847755285;0.814237244;0.782273438;0.751843696;0.722929018;0.695511524;0.669574386;0.645101780;0.622078817;0.600491499;0.580326666;0.561571952;0.544215751;0.528247184;0.513656074;0.500432933;0.488568945;0.478055962;0.468886505;0.461053764;0.454551609;0.449374598;0.445517997;0.442977788;0.441750692;0.441834187;0.443226526;0.445926757;0.449934741;0.455251172;0.461877592;0.469816406;0.479070900;0.489645249;0.501544532;0.514774735;0.529342766;0.545256449;0.562524534;0.581156693;0.601163512;0.622556491;0.645348022;0.669551377;0.695180685;0.722250893;0.750777734;0.780777667;0.812267813;0.845265876;0.879790034;0.915858819;0.953505848;0.992761699;1.033586154;1.075990183;1.119987258;1.165594057;1.212830941;1.261722010;1.312295459;1.364582082;1.418613595;1.474418443;1.532008710;1.591402937;1.652622135;1.715686252;1.780613686;1.847420701;1.916120740;1.986723610;2.059234541;2.133653093;2.209971897;2.288175210;2.368237280;;;;;;;;;;;;;;;;;;;
-2.700;;;;;;;;;;;;;;;;;;2.653065510;2.563500210;2.476230625;2.391231112;2.308474251;2.227934183;2.149611612;2.073475202;1.999468819;1.927530390;1.857599989;1.789625438;1.723564989;1.659388053;1.597074530;1.536613249;1.478035700;1.421611174;1.367108661;1.314498663;1.263750749;1.214834112;1.167718026;1.122372198;1.078767046;1.036873903;0.996665168;0.958114401;0.921196383;0.885887143;0.852163955;0.820005325;0.789390948;0.760301670;0.732719432;0.706627219;0.682009002;0.658849683;0.637135045;0.616851705;0.597987073;0.580529310;0.564467305;0.549790649;0.536489616;0.524555152;0.513978871;0.504753053;0.496870651;0.490325294;0.485111305;0.481223715;0.478658278;0.477411491;0.477480617;0.478863706;0.481559613;0.485568023;0.490889471;0.497525362;0.505477988;0.514750548;0.525347161;0.537272880;0.550533706;0.565136593;0.581089457;0.598401178;0.617081602;0.637141534;0.658592733;0.681447898;0.705720644;0.731425481;0.758577775;0.787193700;0.817290181;0.848884817;0.881995791;0.916641751;0.952841671;0.990654561;1.030043461;1.071010960;1.113569485;1.157733901;1.203522153;1.250955702;1.300059618;1.350862013;1.403393506;1.457684660;1.513757380;1.571623471;1.631303655;1.692818132;1.756185880;1.821424151;1.888547881;1.957568986;2.028495539;2.101330816;2.176072186;2.252709846;2.331225357;2.411589997;;;;;;;;;;;;;;;;;;;
-2.800;;;;;;;;;;;;;;;;;;;2.611561956;2.523945200;2.438610519;2.355527114;2.274663626;2.196003444;2.119534448;2.045208960;1.972967694;1.902750400;1.834502532;1.768178928;1.703745250;1.641177829;1.580462440;1.521592399;1.464716449;1.409890844;1.356962654;1.305902857;1.256681797;1.209269672;1.163636923;1.119754532;1.077594259;1.037128805;0.998331932;0.961178541;0.925644705;0.891707690;0.859345937;0.828539044;0.799267726;0.771513766;0.745259972;0.720490119;0.697188904;0.675341890;0.654935467;0.635956810;0.618393842;0.602235205;0.587470241;0.574088969;0.562082082;0.551440933;0.542157543;0.534224603;0.527635483;0.522384248;0.518465672;0.515875259;0.514609263;0.514664712;0.516039432;0.518732069;0.522742118;0.528069940;0.534716790;0.542684839;0.551977190;0.562597901;0.574552000;0.587845499;0.602485406;0.618479732;0.635837498;0.654568736;0.674684486;0.696196785;0.719118656;0.743464082;0.769247981;0.796486160;0.825195265;0.855392715;0.887096613;0.920325648;0.955098963;0.991458522;1.029409610;1.068938987;1.110058512;1.152782089;1.197125956;1.243109259;1.290754401;1.340087011;1.391135374;1.443929072;1.498496340;1.554850994;1.613009977;1.672993507;1.734820812;1.798509712;1.864076099;1.931533332;2.000891520;2.072156689;2.145329807;2.220405665;2.297371591;2.376205978;;;;;;;;;;;;;;;;;;;;
-2.900;;;;;;;;;;;;;;;;;;;2.661424406;2.573449844;2.487771112;2.404353623;2.323162952;2.244167706;2.167358604;2.092702677;2.020146237;1.949630441;1.881099450;1.814505247;1.749809937;1.686986207;1.626016517;1.566895699;1.509620178;1.454413635;1.401160692;1.349781612;1.300248082;1.252531392;1.206602865;1.162434181;1.119997639;1.079266343;1.040214347;1.002816741;0.967049709;0.932890557;0.900317713;0.869310709;0.839850158;0.811917707;0.785496003;0.760568637;0.737120103;0.715135749;0.694601733;0.675504991;0.657833196;0.641574735;0.626718684;0.613254796;0.601173488;0.590465838;0.581123588;0.573139148;0.566505607;0.561216752;0.557267081;0.554651827;0.553366982;0.553409323;0.554776433;0.557466737;0.561479520;0.566814960;0.573474155;0.581459141;0.590772924;0.601419496;0.613403859;0.626732038;0.641411099;0.657449156;0.674855381;0.693640006;0.713814316;0.735390646;0.758382363;0.782803838;0.808670418;0.835998376;0.864804852;0.895107781;0.926925794;0.960278106;0.995192533;1.031704364;1.069792837;1.109470956;1.150752562;1.193652803;1.238189218;1.284382027;1.332254372;1.381832145;1.433143232;1.486215946;1.541072430;1.597725100;1.656193647;1.716497336;1.778654243;1.842680815;1.908591338;1.976397318;2.046106746;2.117723247;2.191245093;2.266664063;2.343964140;2.423120024;;;;;;;;;;;;;;;;;;;;
-3.000;;;;;;;;;;;;;;;;;;;;2.624750127;2.538718622;2.454959863;2.373435970;2.294110233;2.216957803;2.141962137;2.069078473;1.998251622;1.929425926;1.862551399;1.797587018;1.734502049;1.673277996;1.613902808;1.556370785;1.500688519;1.447105822;1.395401470;1.345548691;1.297520054;1.251287921;1.206824812;1.164103688;1.123098168;1.083782687;1.046132609;1.010124297;0.975735158;0.942943650;0.911729286;0.882072604;0.853955146;0.827359412;0.802268824;0.778667682;0.756541120;0.735875068;0.716656215;0.698871981;0.682510484;0.667560526;0.654011578;0.641853769;0.631077882;0.621675364;0.613638326;0.606959558;0.601632551;0.597651508;0.595011375;0.593707866;0.593737487;0.595097568;0.597786295;0.601802736;0.607146876;0.613819642;0.621822935;0.631159657;0.641833735;0.653850143;0.667214925;0.681935207;0.698019218;0.715476287;0.734316859;0.754552481;0.776195801;0.799260545;0.823761493;0.849714438;0.877136138;0.906044247;0.936457230;0.968394263;1.001875096;1.036945882;1.073591676;1.111825705;1.151662532;1.193117482;1.236207166;1.280950253;1.327367839;1.375483520;1.425323060;1.476913415;1.530280412;1.585438718;1.642405397;1.701199618;1.761839514;1.824341795;1.888721294;1.954990416;2.023158503;2.093231076;2.165208973;2.239087334;2.314854450;2.392490434;;;;;;;;;;;;;;;;;;;;;
-3.100;;;;;;;;;;;;;;;;;;;;2.677850562;2.591457891;2.507351194;2.425488725;2.345830657;2.268340265;2.192999521;2.119778335;2.048628005;1.979495003;1.912328626;1.847085240;1.783732002;1.722245896;1.662611697;1.604821067;1.548870565;1.494810052;1.442776039;1.392598685;1.344252027;1.297709643;1.252945043;1.209931983;1.168644714;1.129058154;1.091148028;1.054890957;1.020264508;0.987247230;0.955818655;0.925959289;0.897650591;0.870874943;0.845615612;0.821856715;0.799583179;0.778780707;0.759435742;0.741535443;0.725067655;0.710020898;0.696384346;0.684147826;0.673301818;0.663837454;0.655746532;0.649021529;0.643655621;0.639642704;0.636977422;0.635655192;0.635672241;0.637025633;0.639713303;0.643734095;0.649087789;0.655775140;0.663797910;0.673158894;0.683861953;0.695912038;0.709315214;0.724078679;0.740210777;0.757721012;0.776620049;0.796919713;0.818632977;0.841773943;0.866357813;0.892400843;0.919920288;0.948934328;0.979461971;1.011522938;1.045151407;1.080353662;1.117141441;1.155530678;1.195537430;1.237178422;1.280471600;1.325436465;1.372094772;1.420470187;1.470587836;1.522473088;1.576146069;1.631621186;1.688917343;1.748052612;1.809043785;1.871905966;1.936652101;2.003292405;2.071833703;2.142278662;2.214624896;2.288863938;2.364980059;2.442948924;;;;;;;;;;;;;;;;;;;;;
-3.200;;;;;;;;;;;;;;;;;;;;;2.645992445;2.561531874;2.479326362;2.399332581;2.321509921;2.245825506;2.172260189;2.100775580;2.031322777;1.963851125;1.898317116;1.834685311;1.772928778;1.713029125;1.654975228;1.598761445;1.544385620;1.491918061;1.441412429;1.392743152;1.345885204;1.300813248;1.257501983;1.215926411;1.176062048;1.137885075;1.101372448;1.066501972;1.033252339;1.001603154;0.971534930;0.943029081;0.916067891;0.890634496;0.866712843;0.844287663;0.823344436;0.803869362;0.785849338;0.769271931;0.754125370;0.740398526;0.728080917;0.717162702;0.707634691;0.699488356;0.692715846;0.687310013;0.683264430;0.680573427;0.679232119;0.679236439;0.680583175;0.683270008;0.687295546;0.692659366;0.699362045;0.707405204;0.716791532;0.727524828;0.739610023;0.753053210;0.767861663;0.784043857;0.801609475;0.820569417;0.840935794;0.862721920;0.885942283;0.910612519;0.936749356;0.964370556;0.993494827;1.024141722;1.056335969;1.090095401;1.125435994;1.162375467;1.200931205;1.241120641;1.282961738;1.326473454;1.371676113;1.418591467;1.467242854;1.517654118;1.569847587;1.623838815;1.679645655;1.737286072;1.796776834;1.858133150;1.921368249;1.986492878;2.053514712;2.122437676;2.193261146;2.265979033;2.340578734;2.417039922;;;;;;;;;;;;;;;;;;;;;;
-3.300;;;;;;;;;;;;;;;;;;;;;2.702323955;2.617504542;2.534952660;2.454621049;2.376465959;2.300447085;2.226537151;2.154711038;2.084926415;2.017137713;1.951301114;1.887378987;1.825341720;1.765167959;1.706843787;1.650361220;1.595716372;1.542907510;1.492003576;1.443008706;1.395831357;1.350447517;1.306832978;1.264963633;1.224815709;1.186365948;1.149591730;1.114471171;1.080983177;1.049107478;1.018824641;0.990116068;0.962963984;0.937351411;0.913262148;0.890680742;0.869592460;0.849983263;0.831839788;0.815149324;0.799899804;0.786079794;0.773678493;0.762685734;0.753091995;0.744888412;0.738066800;0.732619675;0.728540281;0.725822625;0.724461510;0.724452570;0.725792315;0.728478163;0.732508488;0.737882658;0.744601076;0.752665221;0.762077683;0.772842199;0.784963690;0.798448282;0.813303336;0.829537463;0.847160539;0.866183709;0.886619380;0.908481214;0.931784097;0.956544103;0.982778438;1.010505370;1.039744134;1.070511757;1.102831104;1.136725309;1.172214192;1.209316902;1.248052148;1.288438558;1.330495092;1.374241416;1.419698146;1.466886857;1.515829665;1.566548388;1.619061061;1.673384892;1.729537753;1.787536352;1.847395912;1.909129790;1.972749028;2.038261826;2.105672935;2.174982943;2.246187454;2.319276151;2.394231706;2.471028557;;;;;;;;;;;;;;;;;;;;;;
-3.400;;;;;;;;;;;;;;;;;;;;;;2.675269570;2.592369414;2.511699409;2.433212265;2.356864802;2.282618727;2.210449333;2.140326714;2.072210687;2.006059426;1.941834837;1.879505431;1.819047330;1.760443993;1.703685089;1.648764879;1.595683272;1.544436307;1.495063394;1.447564412;1.401865614;1.357944046;1.315776635;1.275340447;1.236612893;1.199571875;1.164195903;1.130464165;1.098356579;1.067853816;1.038937312;1.011589262;0.985792609;0.961531022;0.938788884;0.917551259;0.897803882;0.879533132;0.862726025;0.847370199;0.833453912;0.820966042;0.809896092;0.800234205;0.791971177;0.785098480;0.779608290;0.775493520;0.772747848;0.771365762;0.771342598;0.772674579;0.775358867;0.779393600;0.784777940;0.791512120;0.799597480;0.809036517;0.819832918;0.831991596;0.845518722;0.860421752;0.876709444;0.894391876;0.913480445;0.933987866;0.955928153;0.979316593;1.004169701;1.030505158;1.058341731;1.087688600;1.118572272;1.151022817;1.185062156;1.220711369;1.257990735;1.296920159;1.337519211;1.379807523;1.423805060;1.469532217;1.517009654;1.566257677;1.617295148;1.670140161;1.724810536;1.781322943;1.839692593;1.899932893;1.962055038;2.026067533;2.091975648;2.159780769;2.229479668;2.301063648;2.374517574;2.449818757;;;;;;;;;;;;;;;;;;;;;;;
-3.500;;;;;;;;;;;;;;;;;;;;;;;2.651575659;2.570568579;2.491751731;2.415078785;2.340507967;2.268003730;2.197542109;2.129092150;2.062616504;1.998078351;1.935445470;1.874692162;1.815799645;1.758755386;1.703552890;1.650187657;1.598656585;1.548956327;1.501100209;1.455084941;1.410853999;1.368385496;1.327657473;1.288648125;1.251335982;1.215700036;1.181719835;1.149375550;1.118648016;1.089518746;1.061969949;1.035984518;1.011546025;0.988638705;0.967247441;0.947357751;0.928955770;0.912028246;0.896562527;0.882546567;0.869968925;0.858818776;0.849085924;0.840760825;0.833834611;0.828299118;0.824146923;0.821371380;0.819966663;0.819927808;0.821250761;0.823932426;0.827970712;0.833364583;0.840114105;0.848220493;0.857686157;0.868514740;0.880711162;0.894281648;0.909233758;0.925576409;0.943319886;0.962475847;0.983057319;1.005078674;1.028555597;1.053505039;1.079945145;1.107874908;1.137328637;1.168339895;1.200932500;1.235129463;1.270952925;1.308424200;1.347563927;1.388392346;1.430929335;1.475194623;1.521207738;1.568987621;1.618552136;1.669920798;1.723111878;1.778142071;1.835026604;1.893778919;1.954410295;2.016929416;2.081341863;2.147649534;2.215849972;2.285935598;2.357892827;2.431701062;;;;;;;;;;;;;;;;;;;;;;;;
-3.600;;;;;;;;;;;;;;;;;;;;;;;2.712566702;2.631226139;2.552084291;2.475091273;2.400202541;2.327378414;2.256586087;2.187802172;2.120996883;2.056136888;1.993190767;1.932132016;1.872940226;1.815600923;1.760105540;1.706448321;1.654625408;1.604633282;1.556467358;1.510122496;1.465581330;1.422810051;1.381787817;1.342493737;1.304907076;1.269007403;1.234774714;1.202189504;1.171232829;1.141886341;1.114132302;1.087953596;1.063333728;1.040256814;1.018707577;0.998671337;0.980133999;0.963082054;0.947502574;0.933383212;0.920712217;0.909478440;0.899671354;0.891281079;0.884298410;0.878714849;0.874522641;0.871714823;0.870285258;0.870228694;0.871540804;0.874218246;0.878258707;0.883660963;0.890424927;0.898551696;0.908043607;0.918904274;0.931138632;0.944752972;0.959754971;0.976153710;0.993959692;1.013184842;1.033842498;1.055947386;1.079515585;1.104564470;1.131077892;1.159108687;1.188686371;1.219836737;1.252584543;1.286953703;1.322967181;1.360646981;1.400014220;1.441089265;1.483891707;1.528440375;1.574753110;1.622846280;1.672739768;1.724453277;1.778003611;1.833406081;1.890674196;1.949819316;2.010850244;2.073772756;2.138589072;2.205297236;2.273890410;2.344356077;2.416675113;2.490820752;;;;;;;;;;;;;;;;;;;;;;;;
-3.700;;;;;;;;;;;;;;;;;;;;;;;;2.693665211;2.614205854;2.536901002;2.461702967;2.388569673;2.317464016;2.248355571;2.181222311;2.116037143;2.052771422;1.991399192;1.931898748;1.874255237;1.818457992;1.764500082;1.712376920;1.662084788;1.613619438;1.566974897;1.522142021;1.479069816;1.437752246;1.398171599;1.360307993;1.324141681;1.289653192;1.256823426;1.225633732;1.196065952;1.168102457;1.141726167;1.116920553;1.093669648;1.071958040;1.051770874;1.033093848;1.015913212;1.000215774;0.985988904;0.973220551;0.961899252;0.952014162;0.943555073;0.936512454;0.930877481;0.926642084;0.923798987;0.922341760;0.922264870;0.923563733;0.926234772;0.930275470;0.935684427;0.942461417;0.950607437;0.960124765;0.971016998;0.983289102;0.996947447;1.011999834;1.028455522;1.046325234;1.065621164;1.086356957;1.108547691;1.132200735;1.157305088;1.183919758;1.212071071;1.241785196;1.273088556;1.306006836;1.340564605;1.376785333;1.414691319;1.454303668;1.495642342;1.538725962;1.583571596;1.630194396;1.678613060;1.728849696;1.780921327;1.834843434;1.890629667;1.948291504;2.007837867;2.069274686;2.132604392;2.197825356;2.264931226;2.333910194;2.404744149;2.477407722;;;;;;;;;;;;;;;;;;;;;;;;;
-3.800;;;;;;;;;;;;;;;;;;;;;;;;;2.678107021;2.600501890;2.525006472;2.451575951;2.380171270;2.310758110;2.243308251;2.177801954;2.114215798;2.052525678;1.992711286;1.934756533;1.878649805;1.824383272;1.771951752;1.721351373;1.672578237;1.625626965;1.580488483;1.537152951;1.495571154;1.455703242;1.417561258;1.381126250;1.346379376;1.313302029;1.281875920;1.252083153;1.223906262;1.197328249;1.172332599;1.148903296;1.127024828;1.106682195;1.087860910;1.070547008;1.054727053;1.040388152;1.027517970;1.016104751;1.006137342;0.997605229;0.990498568;0.984808229;0.980525838;0.977643828;0.976155490;0.976055030;0.977337625;0.979999481;0.984037896;0.989451315;0.996239390;1.004403038;1.013944494;1.024867357;1.037176638;1.050878798;1.065981776;1.082495012;1.100429455;1.119797564;1.140613290;1.162860796;1.186565981;1.211771072;1.238502536;1.266787412;1.296652783;1.328125155;1.361230993;1.395995187;1.432441312;1.470591469;1.510466166;1.552084175;1.595462409;1.640615114;1.687559104;1.736318998;1.786912327;1.839354853;1.893660456;1.949840803;2.007904982;2.067859081;2.129705711;2.193443469;2.259066331;2.326562957;2.395915910;2.467100772;;;;;;;;;;;;;;;;;;;;;;;;;;
-3.900;;;;;;;;;;;;;;;;;;;;;;;;;;2.665881565;2.590104538;2.516392530;2.444704140;2.375003754;2.307259892;2.241446540;2.177547003;2.115541837;2.055412449;1.997143213;1.940722267;1.886141319;1.833394849;1.782478975;1.733390213;1.686122618;1.640670440;1.597024724;1.555173362;1.515100995;1.476688935;1.439984037;1.404976926;1.371649574;1.339984141;1.309963058;1.281569088;1.254785371;1.229595455;1.205983318;1.183933387;1.163430551;1.144460171;1.127008096;1.111060674;1.096604773;1.083627798;1.072117722;1.062063113;1.053453167;1.046277753;1.040527455;1.036193620;1.033268413;1.031744870;1.031616959;1.032879641;1.035528933;1.039561968;1.044977061;1.051773766;1.059952941;1.069516799;1.080468960;1.092814497;1.106559975;1.121713480;1.138284639;1.156284628;1.175715959;1.196561190;1.218871973;1.242673411;1.267991737;1.294854074;1.323288026;1.353321168;1.384980468;1.418292235;1.453281432;1.489971229;1.528382920;1.568535683;1.610446292;1.654128717;1.699598272;1.746881426;1.795996558;1.846959815;1.899785411;1.954485296;2.011068799;2.069542214;2.129908343;2.192165986;2.256309359;2.322327440;2.390203242;2.459912978;;;;;;;;;;;;;;;;;;;;;;;;;;;
-4.000;;;;;;;;;;;;;;;;;;;;;;;;;;;2.656981235;2.583007885;2.511055479;2.441086447;2.373068943;2.306974516;2.242779363;2.180469972;2.120031551;2.061450297;2.004715027;1.949817605;1.896752562;1.845516248;1.796104895;1.748514779;1.702741060;1.658776419;1.616610753;1.576230873;1.537620457;1.500737342;1.465468866;1.431889682;1.399982486;1.369730117;1.341115632;1.314122373;1.288734004;1.264934550;1.242708421;1.222040435;1.202915842;1.185320338;1.169240090;1.154661757;1.141572518;1.129960104;1.119812830;1.111119637;1.103870134;1.098054649;1.093664279;1.090690950;1.089127473;1.088967609;1.090206134;1.092838902;1.096862914;1.102276380;1.109078787;1.117270956;1.126855103;1.137834889;1.150215467;1.164003519;1.179207288;1.195836007;1.213856692;1.233316769;1.254236986;1.276640140;1.300551383;1.325997971;1.353007533;1.381608040;1.411827258;1.443692232;1.477228865;1.512461539;1.549412393;1.588101164;1.628544808;1.670757040;1.714752490;1.760559187;1.808196354;1.857680628;1.909026661;1.962246791;2.017350676;2.074344894;2.133232491;2.194012488;2.256679318;2.321222208;2.387624479;2.455862766;;;;;;;;;;;;;;;;;;;;;;;;;;;;
-4.100;;;;;;;;;;;;;;;;;;;;;;;;;;;;2.651401801;2.579210041;2.508996138;2.440726666;2.374373771;2.309912501;2.247320700;2.186588413;2.127705335;2.070662146;2.015451672;1.962069036;1.910510963;1.860774693;1.812857767;1.766756578;1.722465632;1.679976924;1.639279552;1.600359565;1.563195726;1.527769002;1.494045115;1.461894179;1.431407896;1.402569696;1.375363187;1.349772214;1.325780903;1.303373699;1.282535401;1.263251188;1.245506647;1.229287804;1.214581150;1.201373674;1.189652903;1.179406937;1.170624495;1.163294965;1.157408454;1.152955847;1.149928867;1.148320137;1.148123247;1.149332823;1.151944593;1.155955457;1.161363558;1.168168341;1.176370623;1.185972648;1.196978140;1.209392349;1.223220614;1.238436798;1.255074076;1.273148463;1.292678961;1.313687255;1.336197318;1.360234302;1.385826292;1.413001215;1.441787128;1.472211635;1.504301329;1.538081314;1.573574736;1.610801879;1.649780005;1.690522769;1.733044988;1.777376144;1.823536098;1.871542066;1.921409239;1.973150441;2.026775762;2.082292153;2.139702983;2.199007546;2.260200521;2.323271364;2.388203643;2.454974286;2.523552753;;;;;;;;;;;;;;;;;;;;;;;;;;;;
-4.200;;;;;;;;;;;;;;;;;;;;;;;;;;;;2.721543183;2.649142450;2.578712996;2.510219539;2.443633013;2.378929696;2.316088620;2.255088984;2.195924036;2.138587764;2.083074970;2.029382133;1.977507089;1.927448112;1.879203981;1.832772713;1.788150757;1.745332326;1.704308936;1.665067998;1.627591538;1.591865144;1.557869292;1.525582620;1.494982487;1.465953944;1.438530606;1.412732910;1.388545149;1.365951860;1.344937877;1.325488362;1.307588843;1.291225250;1.276383954;1.263051799;1.251216152;1.240864942;1.231986711;1.224570669;1.218606746;1.214085659;1.210998970;1.209339159;1.209099687;1.210275071;1.212860954;1.216854177;1.222252849;1.229056412;1.237265708;1.246883037;1.257901385;1.270316687;1.284144187;1.299394015;1.316080605;1.334221388;1.353836405;1.374948225;1.397581537;1.421762340;1.447518404;1.474877933;1.503868705;1.534517715;1.566850557;1.600890816;1.636659677;1.674174681;1.713449455;1.754500219;1.797357672;1.842042014;1.888571117;1.936960792;1.987224442;2.039372686;2.093412947;2.149349004;2.207180506;2.266902431;2.328504495;2.391970504;2.457277624;2.524395585;;;;;;;;;;;;;;;;;;;;;;;;;;;;;
-4.300;;;;;;;;;;;;;;;;;;;;;;;;;;;;;2.720814760;2.650205452;2.581522137;2.514734295;2.449817359;2.386751805;2.325521134;2.266105902;2.208501640;2.152706346;2.098719303;2.046539050;1.996165682;1.947599541;1.900840452;1.855886948;1.812735596;1.771380475;1.731809863;1.694012704;1.657974868;1.623679269;1.591106726;1.560236452;1.531046596;1.503507815;1.477602578;1.453248692;1.430464198;1.409268980;1.389648243;1.371587512;1.355072678;1.340090043;1.326626362;1.314668891;1.304205442;1.295224432;1.287714940;1.281666776;1.277070535;1.273917672;1.272200571;1.271912614;1.273048259;1.275603109;1.279573989;1.284959016;1.291750615;1.299944637;1.309546417;1.320559400;1.332989842;1.346846977;1.362142613;1.378892034;1.397114080;1.416829755;1.438062385;1.460837192;1.485180708;1.511120311;1.538683967;1.567898715;1.598790381;1.631382890;1.665697571;1.701752484;1.739561539;1.779143956;1.820530675;1.863742122;1.908796871;1.955711420;2.004499831;2.055173336;2.107739923;2.162203877;2.218565287;2.276819510;2.336956582;2.398960577;2.462808897;2.528471497;;;;;;;;;;;;;;;;;;;;;;;;;;;;;;
-4.400;;;;;;;;;;;;;;;;;;;;;;;;;;;;;;;2.654595493;2.587645425;2.522551652;2.459294168;2.397857656;2.338230287;2.280394930;2.224348267;2.170091761;2.117626771;2.066955298;2.018079551;1.971001368;1.925721530;1.882239100;1.840550244;1.800647643;1.762522809;1.726163971;1.691556729;1.658684357;1.627528217;1.598066681;1.570274296;1.544134912;1.519627706;1.496732443;1.475429816;1.455701701;1.437521877;1.420849059;1.405718109;1.392115752;1.380029197;1.369446193;1.360355094;1.352744910;1.346605383;1.341927049;1.338701313;1.336920519;1.336576137;1.337656294;1.340163664;1.344093337;1.349441752;1.356206841;1.364388102;1.373988560;1.385013198;1.397469792;1.411369037;1.426724389;1.443551928;1.461871752;1.481705678;1.503077602;1.526013025;1.550538504;1.576681056;1.604467665;1.633924085;1.665074289;1.697939724;1.732538504;1.768884708;1.807003578;1.846923788;1.888666353;1.932250572;1.977693669;2.025010421;2.074212748;2.125309281;2.178304900;2.233200225;2.289991078;2.348667894;2.409215075;2.471610295;2.535823735;;;;;;;;;;;;;;;;;;;;;;;;;;;;;;;
-4.500;;;;;;;;;;;;;;;;;;;;;;;;;;;;;;;;2.662318672;2.597092280;2.533684264;2.472079181;2.412265885;2.354236681;2.297980421;2.243490504;2.190771393;2.139827505;2.090663256;2.043282723;1.997689094;1.953884064;1.911866915;1.871633784;1.833178749;1.796493085;1.761565331;1.728381503;1.696925430;1.667175701;1.639113594;1.612721054;1.587978060;1.564864749;1.543361779;1.523450257;1.505107201;1.488322621;1.473081685;1.459370727;1.447177183;1.436489491;1.427293889;1.419584051;1.413350954;1.408585849;1.405280531;1.403427375;1.403018080;1.404048034;1.406511987;1.410405961;1.415727522;1.422475987;1.430651981;1.440260277;1.451307352;1.463802443;1.477757627;1.493187809;1.510109999;1.528545145;1.548515704;1.570045865;1.593161080;1.617887465;1.644251198;1.672277820;1.701991004;1.733412046;1.766558944;1.801447483;1.838108530;1.876567754;1.916846849;1.958965830;2.002942667;2.048792880;2.096529127;2.146160750;2.197693295;2.251128000;2.306461240;2.363683928;2.422780875;2.483730089;2.546502017;;;;;;;;;;;;;;;;;;;;;;;;;;;;;;;;
-4.600;;;;;;;;;;;;;;;;;;;;;;;;;;;;;;;;;2.673381216;2.609872199;2.548144729;2.488187886;2.429994615;2.373560889;2.318882936;2.265951345;2.214771191;2.165349448;2.117692649;2.071806532;2.027696117;1.985363290;1.944807380;1.906025686;1.869012729;1.833760232;1.800257241;1.768490207;1.738440209;1.710092509;1.683428975;1.658430785;1.635078848;1.613354181;1.593236516;1.574706163;1.557749938;1.542352119;1.528498005;1.516173920;1.505366982;1.496062644;1.488253622;1.481929838;1.477081974;1.473701490;1.471780671;1.471311253;1.472289192;1.474709940;1.478570434;1.483869338;1.490607287;1.498786196;1.508412247;1.519493377;1.532040176;1.546065969;1.561586755;1.578620766;1.597189146;1.617314785;1.639021813;1.662335209;1.687280142;1.713881243;1.742162055;1.772143273;1.803842521;1.837281055;1.872490951;1.909495967;1.948318420;1.988979011;2.031496434;2.075886965;2.122164023;2.170337702;2.220414276;2.272395669;2.326278885;2.382055404;2.439710528;2.499222672;;;;;;;;;;;;;;;;;;;;;;;;;;;;;;;;;;
-4.700;;;;;;;;;;;;;;;;;;;;;;;;;;;;;;;;;;2.687787946;2.625993150;2.565943930;2.507633815;2.451059737;2.396221211;2.343119590;2.291750208;2.242112571;2.194215844;2.148068612;2.103679230;2.061051657;2.020188970;1.981091796;1.943758061;1.908182884;1.874358604;1.842274264;1.811916259;1.783270469;1.756320806;1.731050084;1.707440425;1.685473651;1.665129254;1.646390034;1.629240564;1.613664600;1.599646744;1.587172509;1.576227792;1.566798363;1.558875211;1.552447650;1.547505924;1.544041254;1.542045914;1.541511913;1.542435587;1.544813088;1.548642245;1.553922774;1.560656490;1.568846814;1.578500927;1.589628152;1.602240276;1.616351685;1.631979250;1.649142036;1.667861284;1.688159821;1.710061277;1.733589636;1.758768512;1.785620337;1.814165525;1.844422232;1.876420128;1.910186434;1.945745158;1.983119160;2.022329761;2.063396341;2.106335909;2.151162643;2.197887409;2.246517244;2.297054810;2.349497808;2.403838357;2.460062330;2.518148634;;;;;;;;;;;;;;;;;;;;;;;;;;;;;;;;;;;
-4.800;;;;;;;;;;;;;;;;;;;;;;;;;;;;;;;;;;;2.705540550;2.645459800;2.587089240;2.530426741;2.475473105;2.422231257;2.370705524;2.320900067;2.272810250;2.226443968;2.181811134;2.138919602;2.097775607;2.058383134;2.020743600;1.984855673;1.950715207;1.918315307;1.887645603;1.858694280;1.831447718;1.805890818;1.782007389;1.759780538;1.739190788;1.720222431;1.702858977;1.687084086;1.672882058;1.660237965;1.649137002;1.639565346;1.631512539;1.624967491;1.619920183;1.616361735;1.614284508;1.613681009;1.614547821;1.616881794;1.620681623;1.625948026;1.632683916;1.640894119;1.650586703;1.661772151;1.674463243;1.688675191;1.704425454;1.721733472;1.740620395;1.761108429;1.783220168;1.806977979;1.832403193;1.859515206;1.888339050;1.918903940;1.951234876;1.985356187;2.021291167;2.059061670;2.098687695;2.140186934;2.183574298;2.228861419;2.276056107;2.325161794;2.376176925;2.429094318;2.483900487;2.540574909;;;;;;;;;;;;;;;;;;;;;;;;;;;;;;;;;;;;
-4.900;;;;;;;;;;;;;;;;;;;;;;;;;;;;;;;;;;;;;2.668271642;2.611582646;2.556570825;2.503240723;2.451598543;2.401651456;2.353406999;2.306870617;2.262040666;2.218926249;2.177536610;2.137878995;2.099958292;2.063776767;2.029334333;1.996627904;1.965650203;1.936392637;1.908844464;1.882993122;1.858824590;1.836323637;1.815473429;1.796258448;1.778662535;1.762669731;1.748264488;1.735431856;1.724156951;1.714426341;1.706228572;1.699552415;1.694387798;1.690725915;1.688559349;1.687881303;1.688688540;1.690978625;1.694751096;1.700007613;1.706752098;1.714990618;1.724732040;1.735987742;1.748771255;1.763098325;1.778986668;1.796455624;1.815525853;1.836218394;1.858554164;1.882553182;1.908238239;1.935637823;1.964777187;1.995681371;2.028374890;2.062881345;2.099223015;2.137420426;2.177491880;2.219452972;2.263316062;2.309089727;2.356778171;2.406380610;2.457890605;2.511295368;2.566575011;;;;;;;;;;;;;;;;;;;;;;;;;;;;;;;;;;;;;
-5.000;;;;;;;;;;;;;;;;;;;;;;;;;;;;;;;;;;;;;;2.694421076;2.639418879;2.586062797;2.534360994;2.484322830;2.435958204;2.389276985;2.344288531;2.300999983;2.259410553;2.219528291;2.181361365;2.144915552;2.110195246;2.077200051;2.045926912;2.016370691;1.988523886;1.962376892;1.937918327;1.915135463;1.894014112;1.874539401;1.856696359;1.840469923;1.825845194;1.812807673;1.801343047;1.791438261;1.783081449;1.776261545;1.770968688;1.767194363;1.764931538;1.764174283;1.764919568;1.767165699;1.770913045;1.776164158;1.782923871;1.791199283;1.800999985;1.812337958;1.825227209;1.839683689;1.855724979;1.873369866;1.892637870;1.913548339;1.936123346;1.960388962;1.986369824;2.014090881;2.043577062;2.074852915;2.107942212;2.142867533;2.179649818;2.218307891;2.258857950;2.301313032;2.345682441;2.391971141;2.440179120;2.490300703;2.542323839;;;;;;;;;;;;;;;;;;;;;;;;;;;;;;;;;;;;;;;
-5.100;;;;;;;;;;;;;;;;;;;;;;;;;;;;;;;;;;;;;;;;2.670583610;2.618890246;2.568823117;2.520394638;2.473617344;2.428503359;2.385063951;2.343309176;2.303247498;2.264879526;2.228209321;2.193244682;2.159988785;2.128442742;2.098605055;2.070471729;2.044036477;2.019290969;1.996225845;1.974829002;1.955087498;1.936988092;1.920517160;1.905660983;1.892406017;1.880739146;1.870647766;1.862120267;1.855146097;1.849715913;1.845821743;1.843457157;1.842617218;1.843299236;1.845502313;1.849227652;1.854478652;1.861260968;1.869582518;1.879453498;1.890886221;1.903894866;1.918495221;1.934704298;1.952539987;1.972023704;1.993178221;2.016026831;2.040593599;2.066903057;2.094979870;2.124848466;2.156532646;2.190055156;2.225437230;2.262698101;2.301854480;2.342920003;2.385904645;2.430814092;2.477649084;2.526404712;2.577069680;;;;;;;;;;;;;;;;;;;;;;;;;;;;;;;;;;;;;;;;
-5.200;;;;;;;;;;;;;;;;;;;;;;;;;;;;;;;;;;;;;;;;;2.705051818;2.655030113;2.606605722;2.559794041;2.514610177;2.471068468;2.429182071;2.388962650;2.350420121;2.313562477;2.278395130;2.244917089;2.213131239;2.183039736;2.154642237;2.127936005;2.102916101;2.079576866;2.057908457;2.037900797;2.019542910;2.002823153;1.987729531;1.974249989;1.962373111;1.952087049;1.943381120;1.936245684;1.930672264;1.926653736;1.924184515;1.923260764;1.923880376;1.926043334;1.929751706;1.935009714;1.941823757;1.950202383;1.960156212;1.971697662;1.984840767;1.999601956;2.015999827;2.034054255;2.053786524;2.075219093;2.098375331;2.123279215;2.149955001;2.178426859;2.208718477;2.240852631;2.274850718;2.310732264;2.348514386;2.388211230;2.429833365;2.473387142;2.518874016;2.566289824;;;;;;;;;;;;;;;;;;;;;;;;;;;;;;;;;;;;;;;;;;
-5.300;;;;;;;;;;;;;;;;;;;;;;;;;;;;;;;;;;;;;;;;;;;2.694447486;2.647675845;2.602489828;2.558907097;2.516944199;2.476616205;2.437936431;2.400916233;2.365564868;2.331889419;2.299894770;2.269583646;2.240955053;2.214005877;2.188734841;2.165139131;2.143212823;2.122948928;2.104339225;2.087374574;2.072045238;2.058341191;2.046253023;2.035770288;2.026883839;2.019585381;2.013867693;2.009724844;2.007152389;2.006147669;2.006709525;2.008838942;2.012538917;2.017814502;2.024672784;2.033122908;2.043176354;2.054846433;2.068148384;2.083099281;2.099717888;2.118024467;2.138040566;2.159788760;2.183292364;2.208575108;2.235660776;2.264572815;2.295333900;2.327965467;2.362487213;2.398916553;2.437268039;2.477552750;2.519777629;2.563944791;;;;;;;;;;;;;;;;;;;;;;;;;;;;;;;;;;;;;;;;;;;;
-5.400;;;;;;;;;;;;;;;;;;;;;;;;;;;;;;;;;;;;;;;;;;;;;2.691988340;2.648439160;2.606467490;2.566092133;2.527330145;2.490196594;2.454704400;2.420864233;2.388684480;2.358171258;2.329328477;2.302157953;2.276659547;2.252831342;2.230669852;2.210170128;2.191325649;2.174130027;2.158576277;2.144656949;2.132364590;2.121691339;2.112630017;2.105174138;2.099318166;2.095057744;2.092389905;2.091313252;2.091828209;2.093937086;2.097643956;2.102954878;2.109877940;2.118423266;2.128602990;2.140431199;2.153923841;2.169098593;2.185974698;2.204572762;2.224914518;2.247022548;2.270919969;2.296630084;2.324175990;2.353580149;2.384863923;2.418047067;2.453147183;2.490179130;2.529154403;2.570080459;;;;;;;;;;;;;;;;;;;;;;;;;;;;;;;;;;;;;;;;;;;;;;
-5.500;;;;;;;;;;;;;;;;;;;;;;;;;;;;;;;;;;;;;;;;;;;;;;;2.697587805;2.657240253;2.618464359;2.581279285;2.545702003;2.511747174;2.479427091;2.448751675;2.419728528;2.392363032;2.366658484;2.342616266;2.320236052;2.299516024;2.280453122;2.263043298;2.247281780;2.233163349;2.220682608;2.209834251;2.200613323;2.193015479;2.187037212;2.182676085;2.179930923;2.178801999;2.179291190;2.181402099;2.185140163;2.190512713;2.197529020;2.206200293;2.216539649;2.228562046;2.242284177;2.257724331;2.274902210;2.293838709;2.314555659;2.337075524;2.361421065;2.387614957;2.415679366;2.445635486;2.477503035;2.511299704;2.547040566;2.584737444;;;;;;;;;;;;;;;;;;;;;;;;;;;;;;;;;;;;;;;;;;;;;;;;
-5.600;;;;;;;;;;;;;;;;;;;;;;;;;;;;;;;;;;;;;;;;;;;;;;;;;;2.674005084;2.638412561;2.604406596;2.572003827;2.541218425;2.512062134;2.484544349;2.458672250;2.434450965;2.411883767;2.390972292;2.371716787;2.354116365;2.338169274;2.323873169;2.311225394;2.300223247;2.290864254;2.283146419;2.277068472;2.272630089;2.269832101;2.268676675;2.269167468;2.271309760;2.275110551;2.280578626;2.287724590;2.296560862;2.307101642;2.319362827;2.333361897;2.349117758;2.366650545;2.385981380;2.407132093;2.430124895;2.454982010;2.481725261;2.510375620;2.540952696;2.573474196;;;;;;;;;;;;;;;;;;;;;;;;;;;;;;;;;;;;;;;;;;;;;;;;;;;
-5.700;;;;;;;;;;;;;;;;;;;;;;;;;;;;;;;;;;;;;;;;;;;;;;;;;;;;;2.666262661;2.635433995;2.606205715;2.578591723;2.552603565;2.528250597;2.505540167;2.484477840;2.465067633;2.447312273;2.431213470;2.416772188;2.403988926;2.392863992;2.383397777;2.375591008;2.369445001;2.364961881;2.362144795;2.360998092;2.361527483;2.363740166;2.367644924;2.373252186;2.380574057;2.389624305;2.400418316;2.412973000;2.427306664;2.443438837;2.461390054;2.481181596;2.502835180;2.526372609;2.551815373;2.579184202;2.608498574;;;;;;;;;;;;;;;;;;;;;;;;;;;;;;;;;;;;;;;;;;;;;;;;;;;;;
-5.800;;;;;;;;;;;;;;;;;;;;;;;;;;;;;;;;;;;;;;;;;;;;;;;;;;;;;;;;2.674364132;2.648326648;2.623904117;2.601108484;2.579949748;2.560436201;2.542574679;2.526370832;2.511829400;2.498954493;2.487749867;2.478219195;2.470366333;2.464195561;2.459711817;2.456920901;2.455829662;2.456446152;2.458779753;2.462841268;2.468642978;2.476198665;2.485523593;2.496634445;2.509549223;2.524287102;2.540868238;2.559313529;2.579644333;2.601882132;;;;;;;;;;;;;;;;;;;;;;;;;;;;;;;;;;;;;;;;;;;;;;;;;;;;;;;;;
-5.900;;;;;;;;;;;;;;;;;;;;;;;;;;;;;;;;;;;;;;;;;;;;;;;;;;;;;;;;;;;;;2.657730424;2.639827054;2.623580026;2.608998361;2.596090271;2.584863431;2.575325257;2.567483163;2.561344811;2.556918340;2.554212572;2.553237195;2.554002918;2.556521590;2.560806291;2.566871378;2.574732502;2.584406576;2.595911703;2.609267059;;;;;;;;;;;;;;;;;;;;;;;;;;;;;;;;;;;;;;;;;;;;;;;;;;;;;;;;;;;;;;
-6.000;;;;;;;;;;;;;;;;;;;;;;;;;;;;;;;;;;;;;;;;;;;;;;;;;;;;;;;;;;;;;;;;;;;;;;;;;;;;;;;;;;;;;;;;;;;;;;;;;;;;;;;;;;;;;;;;;;;;;;;;;;;;;;;;;;;;;;;;;;;;;;
-6.100;;;;;;;;;;;;;;;;;;;;;;;;;;;;;;;;;;;;;;;;;;;;;;;;;;;;;;;;;;;;;;;;;;;;;;;;;;;;;;;;;;;;;;;;;;;;;;;;;;;;;;;;;;;;;;;;;;;;;;;;;;;;;;;;;;;;;;;;;;;;;;
-6.200;;;;;;;;;;;;;;;;;;;;;;;;;;;;;;;;;;;;;;;;;;;;;;;;;;;;;;;;;;;;;;;;;;;;;;;;;;;;;;;;;;;;;;;;;;;;;;;;;;;;;;;;;;;;;;;;;;;;;;;;;;;;;;;;;;;;;;;;;;;;;;
-6.300;;;;;;;;;;;;;;;;;;;;;;;;;;;;;;;;;;;;;;;;;;;;;;;;;;;;;;;;;;;;;;;;;;;;;;;;;;;;;;;;;;;;;;;;;;;;;;;;;;;;;;;;;;;;;;;;;;;;;;;;;;;;;;;;;;;;;;;;;;;;;;
-6.400;;;;;;;;;;;;;;;;;;;;;;;;;;;;;;;;;;;;;;;;;;;;;;;;;;;;;;;;;;;;;;;;;;;;;;;;;;;;;;;;;;;;;;;;;;;;;;;;;;;;;;;;;;;;;;;;;;;;;;;;;;;;;;;;;;;;;;;;;;;;;;
-6.500;;;;;;;;;;;;;;;;;;;;;;;;;;;;;;;;;;;;;;;;;;;;;;;;;;;;;;;;;;;;;;;;;;;;;;;;;;;;;;;;;;;;;;;;;;;;;;;;;;;;;;;;;;;;;;;;;;;;;;;;;;;;;;;;;;;;;;;;;;;;;;
-6.600;;;;;;;;;;;;;;;;;;;;;;;;;;;;;;;;;;;;;;;;;;;;;;;;;;;;;;;;;;;;;;;;;;;;;;;;;;;;;;;;;;;;;;;;;;;;;;;;;;;;;;;;;;;;;;;;;;;;;;;;;;;;;;;;;;;;;;;;;;;;;;
-6.700;;;;;;;;;;;;;;;;;;;;;;;;;;;;;;;;;;;;;;;;;;;;;;;;;;;;;;;;;;;;;;;;;;;;;;;;;;;;;;;;;;;;;;;;;;;;;;;;;;;;;;;;;;;;;;;;;;;;;;;;;;;;;;;;;;;;;;;;;;;;;;
-6.800;;;;;;;;;;;;;;;;;;;;;;;;;;;;;;;;;;;;;;;;;;;;;;;;;;;;;;;;;;;;;;;;;;;;;;;;;;;;;;;;;;;;;;;;;;;;;;;;;;;;;;;;;;;;;;;;;;;;;;;;;;;;;;;;;;;;;;;;;;;;;;
-6.900;;;;;;;;;;;;;;;;;;;;;;;;;;;;;;;;;;;;;;;;;;;;;;;;;;;;;;;;;;;;;;;;;;;;;;;;;;;;;;;;;;;;;;;;;;;;;;;;;;;;;;;;;;;;;;;;;;;;;;;;;;;;;;;;;;;;;;;;;;;;;;
-7.000;;;;;;;;;;;;;;;;;;;;;;;;;;;;;;;;;;;;;;;;;;;;;;;;;;;;;;;;;;;;;;;;;;;;;;;;;;;;;;;;;;;;;;;;;;;;;;;;;;;;;;;;;;;;;;;;;;;;;;;;;;;;;;;;;;;;;;;;;;;;;;
BACK [mm];-7.000;-6.900;-6.800;-6.700;-6.600;-6.500;-6.400;-6.300;-6.200;-6.100;-6.000;-5.900;-5.800;-5.700;-5.600;-5.500;-5.400;-5.300;-5.200;-5.100;-5.000;-4.900;-4.800;-4.700;-4.600;-4.500;-4.400;-4.300;-4.200;-4.100;-4.000;-3.900;-3.800;-3.700;-3.600;-3.500;-3.400;-3.300;-3.200;-3.100;-3.000;-2.900;-2.800;-2.700;-2.600;-2.500;-2.400;-2.300;-2.200;-2.100;-2.000;-1.900;-1.800;-1.700;-1.600;-1.500;-1.400;-1.300;-1.200;-1.100;-1.000;-0.900;-0.800;-0.700;-0.600;-0.500;-0.400;-0.300;-0.200;-0.100;0.000;0.100;0.200;0.300;0.400;0.500;0.600;0.700;0.800;0.900;1.000;1.100;1.200;1.300;1.400;1.500;1.600;1.700;1.800;1.900;2.000;2.100;2.200;2.300;2.400;2.500;2.600;2.700;2.800;2.900;3.000;3.100;3.200;3.300;3.400;3.500;3.600;3.700;3.800;3.900;4.000;4.100;4.200;4.300;4.400;4.500;4.600;4.700;4.800;4.900;5.000;5.100;5.200;5.300;5.400;5.500;5.600;5.700;5.800;5.900;6.000;6.100;6.200;6.300;6.400;6.500;6.600;6.700;6.800;6.900;7.000;
7.000;;;;;;;;;;;;;;;;;;;;;;;;;;;;;;;;;;;;;;;;;;;;;;;;;;;;;;;;;;;;;;;;;;;;;;;;;;;;;;;;;;;;;;;;;;;;;;;;;;;;;;;;;;;;;;;;;;;;;;;;;;;;;;;;;;;;;;;;;;;;;;
6.900;;;;;;;;;;;;;;;;;;;;;;;;;;;;;;;;;;;;;;;;;;;;;;;;;;;;;;;;;;;;;;;;;;;;;;;;;;;;;;;;;;;;;;;;;;;;;;;;;;;;;;;;;;;;;;;;;;;;;;;;;;;;;;;;;;;;;;;;;;;;;;
6.800;;;;;;;;;;;;;;;;;;;;;;;;;;;;;;;;;;;;;;;;;;;;;;;;;;;;;;;;;;;;;;;;;;;;;;;;;;;;;;;;;;;;;;;;;;;;;;;;;;;;;;;;;;;;;;;;;;;;;;;;;;;;;;;;;;;;;;;;;;;;;;
6.700;;;;;;;;;;;;;;;;;;;;;;;;;;;;;;;;;;;;;;;;;;;;;;;;;;;;;;;;;;;;;;;;;;;;;;;;;;;;;;;;;;;;;;;;;;;;;;;;;;;;;;;;;;;;;;;;;;;;;;;;;;;;;;;;;;;;;;;;;;;;;;
6.600;;;;;;;;;;;;;;;;;;;;;;;;;;;;;;;;;;;;;;;;;;;;;;;;;;;;;;;;;;;;;;;;;;;;;;;;;;;;;;;;;;;;;;;;;;;;;;;;;;;;;;;;;;;;;;;;;;;;;;;;;;;;;;;;;;;;;;;;;;;;;;
6.500;;;;;;;;;;;;;;;;;;;;;;;;;;;;;;;;;;;;;;;;;;;;;;;;;;;;;;;;;;;;;;;;;;;;;;;;;;;;;;;;;;;;;;;;;;;;;;;;;;;;;;;;;;;;;;;;;;;;;;;;;;;;;;;;;;;;;;;;;;;;;;
6.400;;;;;;;;;;;;;;;;;;;;;;;;;;;;;;;;;;;;;;;;;;;;;;;;;;;;;;;;;;;;;;;;;;;;;;;;;;;;;;;;;;;;;;;;;;;;;;;;;;;;;;;;;;;;;;;;;;;;;;;;;;;;;;;;;;;;;;;;;;;;;;
6.300;;;;;;;;;;;;;;;;;;;;;;;;;;;;;;;;;;;;;;;;;;;;;;;;;;;;;;;;;;;;;;;;;;;;;;;;;;;;;;;;;;;;;;;;;;;;;;;;;;;;;;;;;;;;;;;;;;;;;;;;;;;;;;;;;;;;;;;;;;;;;;
6.200;;;;;;;;;;;;;;;;;;;;;;;;;;;;;;;;;;;;;;;;;;;;;;;;;;;;;;;;;;;;;;;;;;;;;;;;;;;;;;;;;;;;;;;;;;;;;;;;;;;;;;;;;;;;;;;;;;;;;;;;;;;;;;;;;;;;;;;;;;;;;;
6.100;;;;;;;;;;;;;;;;;;;;;;;;;;;;;;;;;;;;;;;;;;;;;;;;;;;;;;;;;;;;;;;;;;;;;;;;;;;;;;;;;;;;;;;;;;;;;;;;;;;;;;;;;;;;;;;;;;;;;;;;;;;;;;;;;;;;;;;;;;;;;;
6.000;;;;;;;;;;;;;;;;;;;;;;;;;;;;;;;;;;;;;;;;;;;;;;;;;;;;;;;;;;;;;;;;;;;;;;;;;;;;;;;;;;;;;;;;;;;;;;;;;;;;;;;;;;;;;;;;;;;;;;;;;;;;;;;;;;;;;;;;;;;;;;
5.900;;;;;;;;;;;;;;;;;;;;;;;;;;;;;;;;;;;;;;;;;;;;;;;;;;;;;;;;;;;;;;;;;;;;;;;;;;;;;;;;;;;;;;;;;;;;;;;;;;;;;;;;;;;;;;;;;;;;;;;;;;;;;;;;;;;;;;;;;;;;;;
5.800;;;;;;;;;;;;;;;;;;;;;;;;;;;;;;;;;;;;;;;;;;;;;;;;;;;;;;;;;;;;;;;;;;;;;;;;;;;;;;;;;;;;;;;;;;;;;;;;;;;;;;;;;;;;;;;;;;;;;;;;;;;;;;;;;;;;;;;;;;;;;;
5.700;;;;;;;;;;;;;;;;;;;;;;;;;;;;;;;;;;;;;;;;;;;;;;;;;;;;;;;;;;;;;;;;;;;;;;;;;;;;;;;;;;;;;;;;;;;;;;;;;;;;;;;;;;;;;;;;;;;;;;;;;;;;;;;;;;;;;;;;;;;;;;
5.600;;;;;;;;;;;;;;;;;;;;;;;;;;;;;;;;;;;;;;;;;;;;;;;;;;;;;;;;;;;;;;;;;;;;;;;;;;;;;;;;;;;;;;;;;;;;;;;;;;;;;;;;;;;;;;;;;;;;;;;;;;;;;;;;;;;;;;;;;;;;;;
5.500;;;;;;;;;;;;;;;;;;;;;;;;;;;;;;;;;;;;;;;;;;;;;;;;;;;;;;;;;;;;;;;;;;;;;;;;;;;;;;;;;;;;;;;;;;;;;;;;;;;;;;;;;;;;;;;;;;;;;;;;;;;;;;;;;;;;;;;;;;;;;;
5.400;;;;;;;;;;;;;;;;;;;;;;;;;;;;;;;;;;;;;;;;;;;;;;;;;;;;;;;;;;;;;;;;;;;;;;;;;;;;;;;;;;;;;;;;;;;;;;;;;;;;;;;;;;;;;;;;;;;;;;;;;;;;;;;;;;;;;;;;;;;;;;
5.300;;;;;;;;;;;;;;;;;;;;;;;;;;;;;;;;;;;;;;;;;;;;;;;;;;;;;;;;;;;;;;;;;;;;;;;;;;;;;;;;;;;;;;;;;;;;;;;;;;;;;;;;;;;;;;;;;;;;;;;;;;;;;;;;;;;;;;;;;;;;;;
5.200;;;;;;;;;;;;;;;;;;;;;;;;;;;;;;;;;;;;;;;;;;;;;;;;;;;;;;;;;;;;;;;;;;;;;;;;;;;;;;;;;;;;;;;;;;;;;;;;;;;;;;;;;;;;;;;;;;;;;;;;;;;;;;;;;;;;;;;;;;;;;;
5.100;;;;;;;;;;;;;;;;;;;;;;;;;;;;;;;;;;;;;;;;;;;;;;;;;;;;;;;;;;;;;;;;;;;;;;;;;;;;;;;;;;;;;;;;;;;;;;;;;;;;;;;;;;;;;;;;;;;;;;;;;;;;;;;;;;;;;;;;;;;;;;
5.000;;;;;;;;;;;;;;;;;;;;;;;;;;;;;;;;;;;;;;;;;;;;;;;;;;;;;;;;;;;;;;;;;;;;;;;;;;;;;;;;;;;;;;;;;;;;;;;;;;;;;;;;;;;;;;;;;;;;;;;;;;;;;;;;;;;;;;;;;;;;;;
4.900;;;;;;;;;;;;;;;;;;;;;;;;;;;;;;;;;;;;;;;;;;;;;;;;;;;;;;;;;;;;;;;;;;;;;;;;;;;;;;;;;;;;;;;;;;;;;;;;;;;;;;;;;;;;;;;;;;;;;;;;;;;;;;;;;;;;;;;;;;;;;;
4.800;;;;;;;;;;;;;;;;;;;;;;;;;;;;;;;;;;;;;;;;;;;;;;;;;;;;;;;;;;;;;;;;;;;;;;;;;;;;;;;;;;;;;;;;;;;;;;;;;;;;;;;;;;;;;;;;;;;;;;;;;;;;;;;;;;;;;;;;;;;;;;
4.700;;;;;;;;;;;;;;;;;;;;;;;;;;;;;;;;;;;;;;;;;;;;;;;;;;;;;;;;;;;;;;;;;;;;;;;;;;;;;;;;;;;;;;;;;;;;;;;;;;;;;;;;;;;;;;;;;;;;;;;;;;;;;;;;;;;;;;;;;;;;;;
4.600;;;;;;;;;;;;;;;;;;;;;;;;;;;;;;;;;;;;;;;;;;;;;;;;;;;;;;;;;;;;;;;;;;;;;;;;;;;;;;;;;;;;;;;;;;;;;;;;;;;;;;;;;;;;;;;;;;;;;;;;;;;;;;;;;;;;;;;;;;;;;;
4.500;;;;;;;;;;;;;;;;;;;;;;;;;;;;;;;;;;;;;;;;;;;;;;;;;;;;;;;;;;;;;;;;;;;;;;;;;;;;;;;;;;;;;;;;;;;;;;;;;;;;;;;;;;;;;;;;;;;;;;;;;;;;;;;;;;;;;;;;;;;;;;
4.400;;;;;;;;;;;;;;;;;;;;;;;;;;;;;;;;;;;;;;;;;;;;;;;;;;;;;;;;;;;;;;;;;;;;;;;;;;;;;;;;;;;;;;;;;;;;;;;;;;;;;;;;;;;;;;;;;;;;;;;;;;;;;;;;;;;;;;;;;;;;;;
4.300;;;;;;;;;;;;;;;;;;;;;;;;;;;;;;;;;;;;;;;;;;;;;;;;;;;;;;;;;;1.633844639;1.611746903;1.591802777;1.573998788;1.558314833;1.544724693;1.533196604;1.523693885;1.516175621;1.510597378;1.506911948;1.505070121;1.505021470;1.506715144;1.510100660;1.515128694;1.521751853;1.529925438;1.539608176;1.550762932;;;;;;;;;;;;;;;;;;;;;;;;;;;;;;;;;;;;;;;;;;;;;;;;;;;;;;;;;;;;;;;;;
4.200;;;;;;;;;;;;;;;;;;;;;;;;;;;;;;;;;;;;;;;;;;;;;;;;;;;;;;1.674116398;1.643668139;1.615314722;1.589069564;1.564938909;1.542921989;1.523011276;1.505192815;1.489446633;1.475747223;1.464064080;1.454362298;1.446603199;1.440745013;1.436743572;1.434553029;1.434126590;1.435417252;1.438378531;1.442965197;1.449133983;1.456844285;1.466058830;1.476744328;1.488872088;1.502418594;1.517366055;1.533702902;1.551424248;;;;;;;;;;;;;;;;;;;;;;;;;;;;;;;;;;;;;;;;;;;;;;;;;;;;;;;;;;;;
4.100;;;;;;;;;;;;;;;;;;;;;;;;;;;;;;;;;;;;;;;;;;;;;;;;;;1.747150534;1.708951444;1.672704011;1.638444472;1.606202901;1.576002973;1.547861814;1.521789965;1.497791432;1.475863834;1.455998637;1.438181470;1.422392507;1.408606926;1.396795413;1.386924721;1.378958271;1.372856777;1.368578904;1.366081939;1.365322468;1.366257059;1.368842941;1.373038675;1.378804805;1.386104499;1.394904158;1.405174004;1.416888640;1.430027570;1.444575689;1.460523737;1.477868706;1.496614206;1.516770783;1.538356187;1.561395577;;;;;;;;;;;;;;;;;;;;;;;;;;;;;;;;;;;;;;;;;;;;;;;;;;;;;;;;
4.000;;;;;;;;;;;;;;;;;;;;;;;;;;;;;;;;;;;;;;;;;;;;;;;1.804479270;1.761052661;1.719437702;1.679679849;1.641820315;1.605895538;1.571936747;1.539969613;1.510014005;1.482083845;1.456187058;1.432325618;1.410495684;1.390687819;1.372887289;1.357074425;1.343225055;1.331310987;1.321300528;1.313159055;1.306849604;1.302333481;1.299570890;1.298521560;1.299145384;1.301403039;1.305256602;1.310670146;1.317610325;1.326046922;1.335953380;1.347307304;1.360090928;1.374291549;1.389901931;1.406920666;1.425352501;1.445208619;1.466506878;1.489272001;1.513535708;1.539336793;1.566721129;;;;;;;;;;;;;;;;;;;;;;;;;;;;;;;;;;;;;;;;;;;;;;;;;;;;;
3.900;;;;;;;;;;;;;;;;;;;;;;;;;;;;;;;;;;;;;;;;;;;;;1.829068559;1.782488787;1.737634585;1.694550769;1.653279734;1.613860781;1.576329499;1.540717250;1.507050718;1.475351578;1.445636242;1.417915714;1.392195541;1.368475846;1.346751461;1.327012135;1.309242810;1.293423978;1.279532083;1.267539978;1.257417425;1.249131626;1.242647777;1.237929645;1.234940151;1.233641954;1.233998038;1.235972287;1.239530046;1.244638666;1.251268026;1.259391035;1.268984103;1.280027584;1.292506194;1.306409390;1.321731725;1.338473165;1.356639370;1.376241945;1.397298648;1.419833555;1.443877189;1.469466584;1.496645309;1.525463409;1.555977281;;;;;;;;;;;;;;;;;;;;;;;;;;;;;;;;;;;;;;;;;;;;;;;;;;;
3.800;;;;;;;;;;;;;;;;;;;;;;;;;;;;;;;;;;;;;;;;;;;1.860820626;1.811193163;1.763224971;1.716956045;1.672425929;1.629672947;1.588733473;1.549641252;1.512426800;1.477116876;1.443734052;1.412296367;1.382817092;1.355304572;1.329762184;1.306188364;1.284576732;1.264916293;1.247191703;1.231383606;1.217469023;1.205421782;1.195212997;1.186811568;1.180184703;1.175298459;1.172118288;1.170609575;1.170738187;1.172470992;1.175776378;1.180624742;1.186988962;1.194844846;1.204171543;1.214951942;1.227173028;1.240826217;1.255907658;1.272418507;1.290365165;1.309759494;1.330618995;1.352966952;1.376832541;1.402250899;1.429263142;1.457916336;1.488263398;1.520362923;1.554278923;1.590080454;;;;;;;;;;;;;;;;;;;;;;;;;;;;;;;;;;;;;;;;;;;;;;;;
3.700;;;;;;;;;;;;;;;;;;;;;;;;;;;;;;;;;;;;;;;;;1.899715987;1.847075422;1.796054984;1.746685788;1.699000457;1.653032349;1.608814777;1.566380240;1.525759695;1.486981889;1.450072750;1.415054878;1.381947110;1.350764185;1.321516510;1.294210007;1.268846068;1.245421582;1.223929060;1.204356823;1.186689263;1.170907168;1.156988088;1.144906759;1.134635547;1.126144927;1.119403977;1.114380886;1.111043457;1.109359619;1.109297921;1.110828016;1.113921128;1.118550494;1.124691786;1.132323504;1.141427348;1.151988548;1.163996182;1.177443458;1.192327963;1.208651898;1.226422275;1.245651096;1.266355494;1.288557863;1.312285944;1.337572891;1.364457287;1.392983134;1.423199778;1.455161779;1.488928707;1.524564843;1.562138771;1.601722832;;;;;;;;;;;;;;;;;;;;;;;;;;;;;;;;;;;;;;;;;;;;;;
3.600;;;;;;;;;;;;;;;;;;;;;;;;;;;;;;;;;;;;;;;1.945929658;1.890230654;1.836146065;1.783694551;1.732898007;1.683780921;1.636369643;1.590691611;1.546774569;1.504645799;1.464331397;1.425855603;1.389240210;1.354504049;1.321662572;1.290727516;1.261706676;1.234603758;1.209418333;1.186145872;1.164777858;1.145301980;1.127702382;1.111959976;1.098052801;1.085956425;1.075644370;1.067088570;1.060259838;1.055128339;1.051664068;1.049837321;1.049619148;1.050981799;1.053899146;1.058347078;1.064303877;1.071750559;1.080671197;1.091053206;1.102887605;1.116169253;1.130897053;1.147074142;1.164708047;1.183810825;1.204399181;1.226494561;1.250123231;1.275316326;1.302109870;1.330544775;1.360666788;1.392526399;1.426178688;1.461683091;1.499103078;1.538505714;1.579961074;;;;;;;;;;;;;;;;;;;;;;;;;;;;;;;;;;;;;;;;;;;;;
3.500;;;;;;;;;;;;;;;;;;;;;;;;;;;;;;;;;;;;;;1.940942995;1.883701449;1.828110038;1.774176806;1.721913897;1.671337020;1.622464791;1.575317992;1.529918794;1.486289971;1.444454139;1.404433030;1.366246831;1.329913602;1.295448767;1.262864701;1.232170408;1.203371299;1.176469048;1.151461553;1.128342972;1.107103838;1.087731243;1.070209093;1.054518406;1.040637660;1.028543181;1.018209558;1.009610068;1.002717127;0.997502738;0.993938929;0.991998199;0.991653932;0.992880803;0.995655157;0.999955367;1.005762155;1.013058898;1.021831889;1.032070589;1.043767831;1.056920012;1.071527256;1.087593553;1.105126880;1.124139304;1.144647067;1.166670655;1.190234855;1.215368793;1.242105954;1.270484184;1.300545659;1.332336824;1.365908280;1.401314618;1.438614172;1.477868673;1.519142781;1.562503466;1.608019199;;;;;;;;;;;;;;;;;;;;;;;;;;;;;;;;;;;;;;;;;;;
3.400;;;;;;;;;;;;;;;;;;;;;;;;;;;;;;;;;;;;1.999681380;1.939106092;1.880236327;1.823064385;1.767587496;1.713807676;1.661731335;1.611368730;1.562733288;1.515840861;1.470708942;1.427355880;1.385800118;1.346059479;1.308150507;1.272087892;1.237883972;1.205548330;1.175087478;1.146504643;1.119799634;1.094968805;1.072005096;1.050898149;1.031634496;1.014197803;0.998569169;0.984727463;0.972649700;0.962311439;0.953687196;0.946750865;0.941476147;0.937836962;0.935807855;0.935364387;0.936483497;0.939143847;0.943326134;0.949013373;0.956191155;0.964847867;0.974974890;0.986566767;0.999621344;1.014139888;1.030127188;1.047591632;1.066545278;1.087003902;1.108987048;1.132518054;1.157624086;1.184336148;1.212689090;1.242721589;1.274476118;1.307998872;1.343339655;1.380551702;1.419691425;1.460818051;1.503993125;1.549279860;1.596742262;1.646444021;;;;;;;;;;;;;;;;;;;;;;;;;;;;;;;;;;;;;;;;;
3.300;;;;;;;;;;;;;;;;;;;;;;;;;;;;;;;;;;;2.002918222;1.940550274;1.879957789;1.821122065;1.764029536;1.708671879;1.655045827;1.603152765;1.552998156;1.504590856;1.457942360;1.413066015;1.369976234;1.328687741;1.289214855;1.251570846;1.215767365;1.181813955;1.149717658;1.119482712;1.091110344;1.064598642;1.039942531;1.017133815;0.996161298;0.977010974;0.959666268;0.944108331;0.930316375;0.918268031;0.907939740;0.899307151;0.892345519;0.887030113;0.883336603;0.881241440;0.880722211;0.881757973;0.884329555;0.888419836;0.894013987;0.901099685;0.909667291;0.919710008;0.931223995;0.944208475;0.958665805;0.974601534;0.992024447;1.010946594;1.031383311;1.053353239;1.076878333;1.101983873;1.128698478;1.157054102;1.187086040;1.218832909;1.252336615;1.287642282;1.324798146;1.363855374;1.404867801;1.447891559;1.492984551;1.540205752;1.589614280;1.641268189;;;;;;;;;;;;;;;;;;;;;;;;;;;;;;;;;;;;;;;;
3.200;;;;;;;;;;;;;;;;;;;;;;;;;;;;;;;;;;2.009688641;1.945416397;1.882999368;1.822408430;1.763619469;1.706613806;1.651378273;1.597904995;1.546190963;1.496237438;1.448049263;1.401634091;1.357001601;1.314162716;1.273128841;1.233911163;1.196520010;1.160964289;1.127251012;1.095384910;1.065368140;1.037200090;1.010877261;0.986393247;0.963738788;0.942901896;0.923868042;0.906620404;0.891140157;0.877406800;0.865398515;0.855092539;0.846465548;0.839494049;0.834154752;0.830424949;0.828282859;0.827707956;0.828681274;0.831185673;0.835206082;0.840729704;0.847746184;0.856247756;0.866229348;0.877688667;0.890626252;0.905045509;0.920952730;0.938357098;0.957270677;0.977708406;0.999688088;1.023230377;1.048358775;1.075099630;1.103482142;1.133538365;1.165303214;1.198814461;1.234112706;1.271241328;1.310246375;1.351176398;1.394082177;1.439016334;1.486032778;1.535185953;1.586529829;1.640116594;;;;;;;;;;;;;;;;;;;;;;;;;;;;;;;;;;;;;;;
3.100;;;;;;;;;;;;;;;;;;;;;;;;;;;;;;;;;2.020144200;1.953851579;1.889502373;1.827057941;1.766484141;1.707752149;1.650838849;1.595726862;1.542404307;1.490864344;1.441104569;1.393126301;1.346933821;1.302533571;1.259933376;1.219141692;1.180166904;1.143016696;1.107697503;1.074214039;1.042568930;1.012762428;0.984792227;0.958653358;0.934338173;0.911836411;0.891135326;0.872219880;0.855072994;0.839675835;0.826008141;0.814048574;0.803775082;0.795165275;0.788196798;0.782847688;0.779096733;0.776923789;0.776310089;0.777238511;0.779693820;0.783662870;0.789134779;0.796101058;0.804555717;0.814495335;0.825919097;0.838828814;0.853228916;0.869126432;0.886530955;0.905454602;0.925911975;0.947920120;0.971498493;0.996668941;1.023455686;1.051885329;1.081986857;1.113791668;1.147333586;1.182648877;1.219776246;1.258756798;1.299633945;1.342453244;1.387262116;1.434109441;1.483044957;1.534118449;1.587378639;1.642871752;1.700639658;;;;;;;;;;;;;;;;;;;;;;;;;;;;;;;;;;;;;
3.000;;;;;;;;;;;;;;;;;;;;;;;;;;;;;;;;2.034437988;1.966006243;1.899612932;1.835211189;1.772757686;1.712213922;1.653546997;1.596729950;1.541741760;1.488567070;1.437195717;1.387622100;1.339844468;1.293864138;1.249684703;1.207311248;1.166749606;1.128005659;1.091084719;1.055990987;1.022727095;0.991293748;0.961689451;0.933910334;0.907950060;0.883799823;0.861448412;0.840882354;0.822086112;0.805042336;0.789732153;0.776135490;0.764231421;0.753998527;0.745415257;0.738460289;0.733112877;0.729353182;0.727162580;0.726523934;0.727421845;0.729842861;0.733775648;0.739211131;0.746142589;0.754565725;0.764478694;0.775882109;0.788779016;0.803174851;0.819077381;0.836496639;0.855444842;0.875936327;0.897987476;0.921616667;0.946844229;0.973692418;1.002185413;1.032349331;1.064212255;1.097804280;1.133157554;1.170306326;1.209286965;1.250137942;1.292899753;1.337614761;1.384326903;1.433081252;1.483923368;1.536898396;1.592049845;1.649417988;1.709037796;;;;;;;;;;;;;;;;;;;;;;;;;;;;;;;;;;;;
2.900;;;;;;;;;;;;;;;;;;;;;;;;;;;;;;;2.052721877;1.982031463;1.913479381;1.847012286;1.782578880;1.720131759;1.659628650;1.601033127;1.544314913;1.489449845;1.436419565;1.385211032;1.335815874;1.288229660;1.242451118;1.198481336;1.156322980;1.115979551;1.077454699;1.040751607;1.005872458;0.972817995;0.941587169;0.912176879;0.884581810;0.858794353;0.834804609;0.812600466;0.792167754;0.773490439;0.756550887;0.741330151;0.727808299;0.715964754;0.705778651;0.697229187;0.690295976;0.684959379;0.681200822;0.679003077;0.678350525;0.679229371;0.681627831;0.685536277;0.690947339;0.697855975;0.706259501;0.716157588;0.727552225;0.740447664;0.754850339;0.770768768;0.788213453;0.807196771;0.827732871;0.849837579;0.873528320;0.898824055;0.925745248;0.954313849;0.984553312;1.016488632;1.050146406;1.085554912;1.122744184;1.161746093;1.202594395;1.245324740;1.289974604;1.336583126;1.385190803;1.435839002;1.488569240;1.543422173;1.600436229;1.659645809;1.721078974;;;;;;;;;;;;;;;;;;;;;;;;;;;;;;;;;;;
2.800;;;;;;;;;;;;;;;;;;;;;;;;;;;;;;2.075144000;2.002076607;1.931250000;1.862606634;1.796088896;1.731641618;1.669213860;1.608760086;1.550240833;1.493622973;1.438879635;1.385989883;1.334938191;1.285713790;1.238309921;1.192723053;1.148952076;1.106997523;1.066860828;1.028543649;0.992047257;0.957372017;0.924516954;0.893479415;0.864254824;0.836836526;0.811215724;0.787381488;0.765320853;0.745018967;0.726459307;0.709623939;0.694493811;0.681049083;0.669269466;0.659134573;0.650624265;0.643718997;0.638400135;0.634650259;0.632453431;0.631795434;0.632663966;0.635048807;0.638941927;0.644337570;0.651232286;0.659624933;0.669516636;0.680910722;0.693812623;0.708229764;0.724171431;0.741648636;0.760673974;0.781261495;0.803426578;0.827185828;0.852556999;0.879558940;0.908211576;0.938535919;0.970554112;1.004289510;1.039766774;1.077011992;1.116052799;1.156918492;1.199640110;1.244250461;1.290784069;1.339276992;1.389766485;1.442290450;1.496886620;1.553591408;1.612438355;1.673456092;1.736665722;;;;;;;;;;;;;;;;;;;;;;;;;;;;;;;;;;
2.700;;;;;;;;;;;;;;;;;;;;;;;;;;;;;2.101846390;2.026287225;1.953071063;1.882139060;1.813429469;1.746880930;1.682434894;1.620037353;1.559639954;1.501200621;1.444683776;1.390060232;1.337306833;1.286405922;1.237344658;1.190114269;1.144709255;1.101126582;1.059364906;1.019423831;0.981303236;0.945002680;0.910520885;0.877855316;0.847001853;0.817954561;0.790705542;0.765244886;0.741560694;0.719639180;0.699464835;0.681020647;0.664288365;0.649248805;0.635882172;0.624168406;0.614087526;0.605619978;0.598746965;0.593450760;0.589714997;0.587524921;0.586867609;0.587732149;0.590109777;0.593993967;0.599380485;0.606267395;0.614655024;0.624545900;0.635944645;0.648857852;0.663293936;0.679262968;0.696776511;0.715847444;0.736489806;0.758718640;0.782549873;0.808000210;0.835087075;0.863828571;0.894243498;0.926351397;0.960172638;0.995728540;1.033041523;1.072135268;1.113034889;1.155767079;1.200360225;1.246844449;1.295251549;1.345614795;1.397968540;1.452347579;1.508786207;1.567316892;1.627968496;1.690763943;1.755717237;;;;;;;;;;;;;;;;;;;;;;;;;;;;;;;;;
2.600;;;;;;;;;;;;;;;;;;;;;;;;;;;;2.132962625;2.054803070;1.979085122;1.905752271;1.834741442;1.765987165;1.699424772;1.634992763;1.572634461;1.512299080;1.453942301;1.397526445;1.343020340;1.290398937;1.239642743;1.190737141;1.143671616;1.098438958;1.055034455;1.013455109;0.973698906;0.935764143;0.899648842;0.865350242;0.832864390;0.802185826;0.773307358;0.746219936;0.720912609;0.697372558;0.675585215;0.655534429;0.637202701;0.620571452;0.605621333;0.592332553;0.580685223;0.570659705;0.562236948;0.555398820;0.550128409;0.546410303;0.544230829;0.543578257;0.544442962;0.546817539;0.550696871;0.556078160;0.562960904;0.571346838;0.581239836;0.592645781;0.605572405;0.620029111;0.636026778;0.653577560;0.672694686;0.693392271;0.715685137;0.739588669;0.765118691;0.792291382;0.821123242;0.851631086;0.883832102;0.917743946;0.953384875;0.990773932;1.029931137;1.070877713;1.113636293;1.158231109;1.204688127;1.253035093;1.303301460;1.355518136;1.409717020;1.465930239;1.524189044;1.584522263;1.646954237;1.711502135;1.778172543;;;;;;;;;;;;;;;;;;;;;;;;;;;;;;;;
2.500;;;;;;;;;;;;;;;;;;;;;;;;;;;2.168615334;2.087756127;2.009429421;1.933585544;1.860163627;1.789096793;1.720316250;1.653754407;1.589347171;1.527035543;1.466766633;1.408494189;1.352178737;1.297787408;1.245293531;1.194676048;1.145918812;1.099009808;1.053940345;1.010704244;0.969297060;0.929715345;0.891955990;0.856015639;0.821890194;0.789574413;0.759061608;0.730343431;0.703409759;0.678248666;0.654846463;0.633187831;0.613255997;0.595032974;0.578499843;0.563637065;0.550424811;0.538843313;0.528873210;0.520495882;0.513693781;0.508450722;0.504752154;0.502585389;0.501939793;0.502806929;0.505180656;0.509057177;0.514435047;0.521315121;0.529700477;0.539596287;0.551009655;0.563949435;0.578426016;0.594451102;0.612037480;0.631198791;0.651949315;0.674303765;0.698277120;0.723884482;0.751140976;0.780061701;0.810661726;0.842956136;0.876960141;0.912689225;0.950159345;0.989387166;1.030390322;1.073187685;1.117799618;1.164248196;1.212557351;1.262752910;1.314862488;1.368915163;1.424940902;1.482969646;1.543029988;1.605147360;1.669341620;1.735623950;1.803992920;;;;;;;;;;;;;;;;;;;;;;;;;;;;;;;
2.400;;;;;;;;;;;;;;;;;;;;;;;;;;;2.125268430;2.044234269;1.965773507;1.889831878;1.816344538;1.745241178;1.676450024;1.609900883;1.545527375;1.483268472;1.423069457;1.364882412;1.308666321;1.254386866;1.202015991;1.151531300;1.102915335;1.056154791;1.011239694;0.968162589;0.926917759;0.887500496;0.849906438;0.814130997;0.780168867;0.748013637;0.717657494;0.689091027;0.662303115;0.637280915;0.614009918;0.592474084;0.572656036;0.554537303;0.538098615;0.523320214;0.510182202;0.498664882;0.488749110;0.480416631;0.473650401;0.468434880;0.464756289;0.462602835;0.461964884;0.462835094;0.465208497;0.469082528;0.474457011;0.481334088;0.489718116;0.499615512;0.511034566;0.523985232;0.538478883;0.554528065;0.572146234;0.591347506;0.612146407;0.634557649;0.658595937;0.684275809;0.711611518;0.740616971;0.771305713;0.803690982;0.837785811;0.873603192;0.911156298;0.950458744;0.991524887;1.034370142;1.079011304;1.125466837;1.173757115;1.223904565;1.275933677;1.329870831;1.385743876;1.443581403;1.503411629;1.565260811;1.629151097;1.695097702;1.763105295;;;;;;;;;;;;;;;;;;;;;;;;;;;;;;;
2.300;;;;;;;;;;;;;;;;;;;;;;;;;;2.167449436;2.083621166;2.002444846;1.923878236;1.847862829;1.774330145;1.703206747;1.634418166;1.567891877;1.503559468;1.441358121;1.381231525;1.323130321;1.267012165;1.212841495;1.160589075;1.110231362;1.061749778;1.015129906;0.970360663;0.927433488;0.886341550;0.847079026;0.809640447;0.774020119;0.740211652;0.708207572;0.677999039;0.649575658;0.622925387;0.598034524;0.574887782;0.553468434;0.533758513;0.515739072;0.499390479;0.484692741;0.471625852;0.460170144;0.450306635;0.442017372;0.435285744;0.430096776;0.426437377;0.424296560;0.423665603;0.424538169;0.426910372;0.430780796;0.436150453;0.443022700;0.451403109;0.461299291;0.472720686;0.485678321;0.500184551;0.516252774;0.533897154;0.553132330;0.573973156;0.596434445;0.620530756;0.646276212;0.673684371;0.702768145;0.733539784;0.766010919;0.800192673;0.836095830;0.873731075;0.913109279;0.954241832;0.997141010;1.041820341;1.088294976;1.136582000;1.186700678;1.238672578;1.292521526;1.348273337;1.405955250;1.465595014;1.527219506;1.590852829;1.656513745;1.724212361;1.793945913;;;;;;;;;;;;;;;;;;;;;;;;;;;;;;
2.200;;;;;;;;;;;;;;;;;;;;;;;;;2.214392642;2.127700405;2.043720699;1.962429932;1.883781272;1.807712284;1.734151126;1.663021489;1.594246446;1.527751363;1.463466002;1.401325954;1.341273504;1.283258034;1.227236051;1.173170923;1.121032399;1.070795956;1.022442054;0.975955321;0.931323718;0.888537718;0.847589520;0.808472322;0.771179668;0.735704881;0.702040593;0.670178368;0.640108429;0.611819479;0.585298618;0.560531342;0.537501633;0.516192105;0.496584223;0.478658568;0.462395141;0.447773697;0.434774093;0.423376650;0.413562501;0.405313931;0.398614698;0.393450316;0.389808305;0.387678399;0.387052701;0.387925792;0.390294785;0.394159324;0.399521536;0.406385918;0.414759196;0.424650120;0.436069240;0.449028634;0.463541624;0.479622475;0.497286079;0.516547656;0.537422455;0.559925486;0.584071280;0.609873689;0.637345743;0.666499553;0.697346289;0.729896213;0.764158794;0.800142888;0.837856981;0.877309505;0.918509197;0.961465502;1.006188998;1.052691816;1.100988037;1.151094019;1.203028627;1.256813301;1.312471931;1.370030447;1.429516073;1.490956155;1.554376469;1.619798910;1.687238440;1.756699182;1.828169507;;;;;;;;;;;;;;;;;;;;;;;;;;;;;
2.100;;;;;;;;;;;;;;;;;;;;;;;;;2.176567819;2.089712450;2.005608024;1.924225933;1.845515046;1.769409255;1.695833590;1.624709080;1.555956533;1.489499380;1.425265728;1.363189734;1.303212433;1.245282093;1.189354215;1.135391241;1.083362041;1.033241252;0.985008504;0.938647604;0.894145686;0.851492387;0.810679057;0.771698032;0.734541984;0.699203360;0.665673915;0.633944344;0.604004017;0.575840809;0.549441026;0.524789420;0.501869281;0.480662599;0.461150293;0.443312479;0.427128791;0.412578715;0.399641951;0.388298770;0.378530374;0.370319237;0.363649419;0.358506856;0.354879604;0.352758038;0.352135002;0.353005913;0.355368797;0.359224282;0.364575525;0.371428098;0.379789811;0.389670505;0.401081792;0.414036773;0.428549727;0.444635783;0.462310590;0.481589987;0.502489684;0.525024972;0.549210465;0.575059880;0.602585876;0.631799945;0.662712381;0.695332308;0.729667792;0.765726024;0.803513581;0.843036752;0.884301926;0.927316032;0.972087004;1.018624260;1.066939161;1.117045424;1.168959441;1.222700458;1.278290574;1.335754473;1.395118845;1.456411388;1.519659328;1.584887329;1.652114701;1.721351765;1.792595252;1.865822564;;;;;;;;;;;;;;;;;;;;;;;;;;;;
2.000;;;;;;;;;;;;;;;;;;;;;;;;2.230300264;2.140518561;2.053525332;1.969318165;1.887863721;1.809106821;1.732977903;1.659399059;1.588288825;1.519565895;1.453151907;1.388973441;1.326963346;1.267061520;1.209215237;1.153379105;1.099514749;1.047590276;0.997579590;0.949461609;0.903219427;0.858839464;0.816310628;0.775623530;0.736769750;0.699741191;0.664529520;0.631125708;0.599519666;0.569699991;0.541653802;0.515366675;0.490822670;0.468004430;0.446893355;0.427469838;0.409713547;0.393603746;0.379119647;0.366240768;0.354947302;0.345220482;0.337042917;0.330398917;0.325274774;0.321659006;0.319542556;0.318918932;0.319784304;0.322137530;0.325980140;0.331316249;0.338152425;0.346497505;0.356362359;0.367759619;0.380703375;0.395208842;0.411292015;0.428969312;0.448257224;0.469171980;0.491729231;0.515943771;0.541829306;0.569398269;0.598661709;0.629629235;0.662309050;0.696708056;0.732832039;0.770685939;0.810274193;0.851601143;0.894671506;0.939490879;0.986066269;1.034406608;1.084523243;1.136430332;1.190145131;1.245688100;1.303082770;1.362355308;1.423533694;1.486646419;1.551720611;1.618779475;1.687838917;1.758903221;1.831959634;;;;;;;;;;;;;;;;;;;;;;;;;;;;
1.900;;;;;;;;;;;;;;;;;;;;;;;2.288949371;2.196220024;2.106283311;2.019172649;1.934880427;1.853368835;1.774578855;1.698437654;1.624864540;1.553775690;1.485087805;1.418720834;1.354599927;1.292656715;1.232830050;1.175066295;1.119319253;1.065549818;1.013725422;0.963819326;0.915809825;0.869679395;0.825413834;0.783001420;0.742432115;0.703696838;0.666786815;0.631693023;0.598405733;0.566914154;0.537206185;0.509268258;0.483085281;0.458640674;0.435916478;0.414893540;0.395551751;0.377870347;0.361828230;0.347404327;0.334577964;0.323329231;0.313639352;0.305491031;0.298868775;0.293759170;0.290151134;0.288036104;0.287408177;0.288264197;0.290603778;0.294429272;0.299745674;0.306560480;0.314883484;0.324726527;0.336103213;0.349028584;0.363518768;0.379590614;0.397261318;0.416548053;0.437467609;0.460036064;0.484268483;0.510178671;0.537778973;0.567080149;0.598091309;0.630819938;0.665271999;0.701452119;0.739363866;0.779010102;0.820393413;0.863516602;0.908383231;0.954998192;1.003368279;1.053502738;1.105413743;1.159116771;1.214630810;1.271978348;1.331185073;1.392279197;1.455290336;1.520247823;1.587178358;1.656102880;1.727032500;1.799963371;1.874870329;;;;;;;;;;;;;;;;;;;;;;;;;;;
1.800;;;;;;;;;;;;;;;;;;;;;;;2.256873921;2.163967402;2.073894247;1.986682197;1.902318717;1.820761746;1.741948617;1.665803375;1.592242670;1.521180424;1.452531431;1.386214029;1.322152006;1.260275839;1.200523394;1.142840185;1.087179267;1.033500870;0.981771814;0.931964791;0.884057542;0.838032002;0.793873425;0.751569538;0.711109740;0.672484370;0.635684059;0.600699176;0.567519371;0.536133230;0.506528023;0.478689561;0.452602147;0.428248615;0.405610450;0.384667980;0.365400628;0.347787212;0.331806283;0.317436486;0.304656938;0.293447609;0.283789687;0.275665931;0.269060994;0.263961706;0.260357321;0.258239703;0.257603466;0.258446055;0.260767760;0.264571678;0.269863612;0.276651912;0.284947259;0.294762408;0.306111882;0.319011630;0.333478666;0.349530677;0.367185639;0.386461421;0.407375413;0.429944175;0.454183121;0.480106254;0.507725954;0.537052836;0.568095680;0.600861444;0.635355361;0.671581134;0.709541208;0.749237137;0.790670029;0.833841061;0.878752053;0.925406073;0.973808064;1.023965438;1.075888637;1.129591575;1.185091947;1.242411323;1.301574970;1.362611319;1.425550998;1.490425321;1.557264142;1.626092931;1.696928963;1.769776446;1.844620452;;;;;;;;;;;;;;;;;;;;;;;;;;;
1.700;;;;;;;;;;;;;;;;;;;;;;2.322504485;2.226640336;2.133573193;2.043377750;1.956076388;1.871651903;1.790058185;1.711229079;1.635085635;1.561541945;1.490509754;1.421902011;1.355635494;1.291632673;1.229822908;1.170143119;1.112538003;1.056959913;1.003368452;0.951729880;0.902016363;0.854205150;0.808277693;0.764218767;0.722015617;0.681657147;0.643133191;0.606433861;0.571548990;0.538467686;0.507177977;0.477666578;0.449918745;0.423918232;0.399647343;0.377087055;0.356217218;0.337016816;0.319464274;0.303537803;0.289215771;0.276477085;0.265301575;0.255670369;0.247566249;0.240973971;0.235880561;0.232275550;0.230151168;0.229502476;0.230327447;0.232626975;0.236404827;0.241667536;0.248424233;0.256686421;0.266467703;0.277783464;0.290650518;0.305086726;0.321110593;0.338740864;0.357996116;0.378894362;0.401452692;0.425686932;0.451611373;0.479238536;0.508579024;0.539641438;0.572432384;0.606956567;0.643216978;0.681215176;0.720951659;0.762426324;0.805638997;0.850590038;0.897280976;0.945715174;0.995898486;1.047839863;1.101551880;1.157051123;1.214358379;1.273498572;1.334500354;1.397395282;1.462216469;1.528996610;1.597765269;1.668545275;1.741348106;1.816168082;1.892975199;;;;;;;;;;;;;;;;;;;;;;;;;;
1.600;;;;;;;;;;;;;;;;;;;;;;2.294332748;2.198278057;2.105062462;2.014754908;1.927372712;1.842894241;1.761269527;1.682429068;1.606291025;1.532767012;1.461766657;1.393201102;1.326985597;1.263041312;1.201296510;1.141687179;1.084157220;1.028658298;0.975149418;0.923596304;0.873970636;0.826249207;0.780413033;0.736446462;0.694336313;0.654071058;0.615640090;0.579033067;0.544239358;0.511247592;0.480045315;0.450618750;0.422952660;0.397030316;0.372833541;0.350342855;0.329537673;0.310396573;0.292897616;0.277018691;0.262737897;0.250033929;0.238886469;0.229276567;0.221186996;0.214602585;0.209510504;0.205900513;0.203765145;0.203099849;0.203903054;0.206176185;0.209923606;0.215152507;0.221872725;0.230096515;0.239838262;0.251114156;0.263941822;0.278339929;0.294327771;0.311924846;0.331150437;0.352023199;0.374560781;0.398779481;0.424693945;0.452316934;0.481659153;0.512729163;0.545533379;0.580076156;0.616359978;0.654385736;0.694153109;0.735661034;0.778908250;0.823893925;0.870618318;0.919083489;0.969293987;1.021257522;1.074985547;1.130493726;1.187802208;1.246935661;1.307922983;1.370796597;1.435591259;1.502342240;1.571082792;1.641840752;1.714634142;1.789465612;1.866315541;;;;;;;;;;;;;;;;;;;;;;;;;;
1.500;;;;;;;;;;;;;;;;;;;;;;2.268045833;2.171810912;2.078455129;1.988042048;1.900584228;1.816055835;1.734403218;1.655553660;1.579422529;1.505919024;1.434950693;1.366426900;1.300261372;1.236373988;1.174691911;1.115150193;1.057691939;1.002268131;0.948837180;0.897364289;0.847820671;0.800182690;0.754430958;0.710549439;0.668524568;0.628344439;0.589998060;0.553474695;0.518763312;0.485852129;0.454728271;0.425377534;0.397784255;0.371931274;0.347799997;0.325370534;0.304621910;0.285532337;0.268079539;0.252241108;0.237994886;0.225319362;0.214194066;0.204599954;0.196519771;0.189938382;0.184843067;0.181223763;0.179073256;0.178387316;0.179164766;0.181407491;0.185120381;0.190311207;0.196990441;0.205171018;0.214868037;0.226098430;0.238880580;0.253233914;0.269178479;0.286734506;0.305921971;0.326760178;0.349267359;0.373460321;0.399354129;0.426961862;0.456294431;0.487360479;0.520166372;0.554716281;0.591012367;0.629055058;0.668843436;0.710375710;0.753649780;0.798663878;0.845417256;0.893910925;0.944148384;0.996136339;1.049885341;1.105410316;1.162730925;1.221871678;1.282861750;1.345734397;1.410525883;1.477273818;1.546014783;1.616781120;1.689596730;1.764471738;1.841395844;1.920330173;;;;;;;;;;;;;;;;;;;;;;;;;
1.400;;;;;;;;;;;;;;;;;;;;;2.342868393;2.243666349;2.147257763;2.053766558;1.963251304;1.875720093;1.791143127;1.709463242;1.630604630;1.554479951;1.480996039;1.410058395;1.341574608;1.275456886;1.211623799;1.150001397;1.090523778;1.033133235;0.977780053;0.924422044;0.873023886;0.823556332;0.775995330;0.730321114;0.686517288;0.644569943;0.604466837;0.566196641;0.529748282;0.495110383;0.462270810;0.431216330;0.401932378;0.374402921;0.348610436;0.324535962;0.302159254;0.281458993;0.262413068;0.244998901;0.229193811;0.214975403;0.202321970;0.191212890;0.181629017;0.173553049;0.166969865;0.161866815;0.158233972;0.156064325;0.155353909;0.156101877;0.158310507;0.161985144;0.167134067;0.173768312;0.181901417;0.191549130;0.202729057;0.215460278;0.229762930;0.245657770;0.263165725;0.282307451;0.303102893;0.325570881;0.349728758;0.375592055;0.403174235;0.432486502;0.463537686;0.496334235;0.530880283;0.567177834;0.605227041;0.645026591;0.686574187;0.729867121;0.774902928;0.821680101;0.870198846;0.920461858;0.972475067;1.026248332;1.081796033;1.139137487;1.198297152;1.259304527;1.322193673;1.387002255;1.453770013;1.522536533;1.593338200;1.666204178;1.741151279;1.818177534;1.897254284;;;;;;;;;;;;;;;;;;;;;;;;;
1.300;;;;;;;;;;;;;;;;;;;;;2.320626279;2.221212131;2.124633147;2.031008175;1.940391183;1.852786109;1.768159421;1.686450620;1.607580926;1.531460368;1.457993468;1.387083692;1.318636861;1.252563643;1.188781280;1.127214676;1.067796947;1.010469544;0.955182028;0.901891591;0.850562377;0.801164669;0.753674004;0.708070246;0.664336660;0.622459022;0.582424787;0.544222333;0.507840296;0.473267007;0.440490040;0.409495862;0.380269605;0.352794932;0.327054011;0.303027576;0.280695080;0.260034912;0.241024679;0.223641539;0.207862572;0.193665167;0.181027435;0.169928608;0.160349436;0.152272560;0.145682845;0.140567688;0.136917259;0.134724699;0.133986258;0.134701361;0.136872614;0.140505745;0.145609473;0.152195322;0.160277364;0.169871920;0.180997204;0.193672929;0.207919884;0.223759486;0.241213324;0.260302701;0.281048193;0.303469226;0.327583695;0.353407634;0.380954943;0.410237185;0.441263474;0.474040448;0.508572336;0.544861136;0.582906894;0.622708091;0.664262123;0.707565891;0.752616458;0.799411789;0.847951521;0.898237770;0.950275914;1.004075330;1.059650025;1.117019127;1.176207147;1.237243963;1.300164426;1.365007514;1.431814911;1.500628914;1.571489527;1.644430612;1.719474931;1.796627918;1.875869993;1.957147215;;;;;;;;;;;;;;;;;;;;;;;;
1.200;;;;;;;;;;;;;;;;;;;;2.402623248;2.300320767;2.200696912;2.103947914;2.010188069;1.919467155;1.831785279;1.747105421;1.665363924;1.586479164;1.510358621;1.436904542;1.366018378;1.297604173;1.231571033;1.167834839;1.106319311;1.046956540;0.989687094;0.934459775;0.881231123;0.829964719;0.780630365;0.733203177;0.687662649;0.643991718;0.602175866;0.562202271;0.524059055;0.487734605;0.453217008;0.420493597;0.389550599;0.360372900;0.332943919;0.307245576;0.283258358;0.260961473;0.240333066;0.221350514;0.203990752;0.188230652;0.174047418;0.161418998;0.150324488;0.140744537;0.132661719;0.126060875;0.120929418;0.117257582;0.115038625;0.114268957;0.114948218;0.117079283;0.120668197;0.125724047;0.132258772;0.140286906;0.149825269;0.160892611;0.173509212;0.187696450;0.203476350;0.220871113;0.239902658;0.260592164;0.282959645;0.307023555;0.332800449;0.360304701;0.389548296;0.420540704;0.453288847;0.487797164;0.524067783;0.562100795;0.601894638;0.643446593;0.686753364;0.731811752;0.778619408;0.827175622;0.877482149;0.929544026;0.983370340;1.038974907;1.096376809;1.155600719;1.216676952;1.279641148;1.344533521;1.411397535;1.480277929;1.551217944;1.624255608;1.699418948;1.776719936;1.856146999;1.937655889;;;;;;;;;;;;;;;;;;;;;;;;
1.100;;;;;;;;;;;;;;;;;;;;2.384518935;2.281964666;2.182130980;2.085209862;1.991311601;1.900482229;1.812718366;1.727979767;1.646199806;1.567294149;1.491167810;1.417720807;1.346852592;1.278465418;1.212466805;1.148771233;1.087301189;1.027987692;0.970770376;0.915597237;0.862424121;0.811214014;0.761936207;0.714565379;0.669080649;0.625464627;0.583702508;0.543781220;0.505688654;0.469412985;0.434942102;0.402263145;0.371362154;0.342223829;0.314831401;0.289166603;0.265209734;0.242939811;0.222334797;0.203371880;0.186027822;0.170279325;0.156103439;0.143477972;0.132381902;0.122795782;0.114702119;0.108085716;0.102933986;0.099237198;0.096988684;0.096184974;0.096825872;0.098914459;0.102457034;0.107462984;0.113944591;0.121916774;0.131396782;0.142403827;0.154958684;0.169083257;0.184800113;0.202132017;0.221101459;0.241730190;0.264038790;0.288046265;0.313769703;0.341223976;0.370421533;0.401372260;0.434083444;0.468559832;0.504803796;0.542815606;0.582593815;0.624135749;0.667438097;0.712497595;0.759311777;0.807879789;0.858203231;0.910286997;0.964140073;1.019776252;1.077214713;1.136480398;1.197604117;1.260622309;1.325576357;1.392511360;1.461474258;1.532511164;1.605663790;1.680964785;1.758431848;1.838060406;1.919814678;2.003616894;;;;;;;;;;;;;;;;;;;;;;;
1.000;;;;;;;;;;;;;;;;;;;;2.368373055;2.265567541;2.165521816;2.068424339;1.974381991;1.883437527;1.795584452;1.710779578;1.628953523;1.550019383;1.473879803;1.400432623;1.329575309;1.261208319;1.195237554;1.131576047;1.070145007;1.010874319;0.953702628;0.898577069;0.845452745;0.794292003;0.745063588;0.697741717;0.652305116;0.608736062;0.567019472;0.527142031;0.489091427;0.452855653;0.418422439;0.385778778;0.354910573;0.325802393;0.298437338;0.272797015;0.248861592;0.226609958;0.206019941;0.187068603;0.169732573;0.153988430;0.139813102;0.127184287;0.116080864;0.106483304;0.098374048;0.091737858;0.086562127;0.082837139;0.080556267;0.079716120;0.080316613;0.082360982;0.085855717;0.090810436;0.097237695;0.105152726;0.114573128;0.125518502;0.138010046;0.152070116;0.167721761;0.184988249;0.203892588;0.224457063;0.246702789;0.270649311;0.296314240;0.323712965;0.352858423;0.383760966;0.416428308;0.450865586;0.487075515;0.525058662;0.564813829;0.606338537;0.649629626;0.694683937;0.741499075;0.790074231;0.840411041;0.892514441;0.946393493;1.002062127;1.059539757;1.118851697;1.180029319;1.243109866;1.308135837;1.375153838;1.444212782;1.515361330;1.588644416;1.664098717;1.741746894;1.821590429;1.903600850;1.987709139;;;;;;;;;;;;;;;;;;;;;;;
0.900;;;;;;;;;;;;;;;;;;;;2.354194059;2.251136331;2.150874683;2.053594831;1.959400882;1.868332832;1.780381472;1.695500983;1.613619455;1.534647583;1.458485744;1.385029663;1.314174844;1.245819940;1.179869208;1.116234191;1.054834760;0.995599609;0.938466330;0.883381138;0.830298333;0.779179573;0.729993016;0.682712382;0.637315979;0.593785741;0.552106300;0.512264110;0.474246668;0.438041816;0.403637156;0.371019576;0.340174891;0.311087589;0.283740699;0.258115756;0.234192860;0.211950827;0.191367414;0.172419603;0.155083946;0.139336940;0.125155435;0.112517050;0.101400589;0.091786457;0.083657036;0.076997047;0.071793855;0.068037735;0.065722076;0.064843526;0.065402071;0.067401044;0.070847069;0.075749933;0.082122392;0.089979919;0.099340389;0.110223714;0.122651441;0.136646304;0.152231764;0.169431527;0.188269066;0.208767146;0.230947383;0.254829829;0.280432611;0.307771629;0.336860328;0.367709554;0.400327501;0.434719758;0.470889471;0.508837603;0.548563319;0.590064474;0.633338201;0.678381606;0.725192533;0.773770393;0.824117032;0.876237602;0.930141407;0.985842667;1.043361158;1.102722669;1.163959194;1.227108796;1.292215046;1.359325932;1.428492138;1.499764566;1.573190950;1.648811431;1.726652919;1.806722055;1.888996584;1.973414922;;;;;;;;;;;;;;;;;;;;;;;
0.800;;;;;;;;;;;;;;;;;;;2.447842977;2.341987879;2.238675927;2.138193196;2.040723505;1.946368880;1.855167113;1.767106729;1.682139620;1.600191608;1.521171168;1.444976539;1.371501401;1.300639330;1.232287174;1.166347520;1.102730380;1.041354231;0.982146513;0.925043699;0.869991016;0.816941899;0.765857261;0.716704623;0.669457164;0.624092748;0.580592944;0.538942087;0.499126403;0.461133209;0.424950215;0.390564925;0.357964163;0.327133693;0.298057979;0.270720029;0.245101364;0.221182075;0.198940966;0.178355776;0.159403468;0.142060569;0.126303542;0.112109199;0.099455116;0.088320055;0.078684371;0.070530404;0.063842834;0.058608992;0.054819132;0.052466632;0.051548150;0.052063697;0.054016659;0.057413734;0.062264815;0.068582794;0.076383309;0.085684436;0.096506324;0.108870787;0.122800866;0.138320357;0.155453338;0.174223679;0.194654575;0.216768092;0.240584756;0.266123182;0.293399774;0.322428487;0.353220680;0.385785059;0.420127721;0.456252307;0.494160262;0.533851217;0.575323472;0.618574588;0.663602077;0.710404172;0.758980663;0.809333768;0.861469016;0.915396107;0.971129690;1.028690030;1.088103484;1.149402730;1.212626665;1.277819891;1.345031672;1.414314275;1.485720553;1.559300644;1.635097630;1.713141993;1.793444690;1.875988650;1.960718476;2.047528122;;;;;;;;;;;;;;;;;;;;;;
0.700;;;;;;;;;;;;;;;;;;;2.437900618;2.331758456;2.228189683;2.127479823;2.029811709;1.935286038;1.843939011;1.755757377;1.670691120;1.588664084;1.509582739;1.433343328;1.359837579;1.288957187;1.220597205;1.154658532;1.091049608;1.029687463;0.970498220;0.913417165;0.858388464;0.805364624;0.754305747;0.705178660;0.657955959;0.612615023;0.569137028;0.527505998;0.487707923;0.449729947;0.413559661;0.379184498;0.346591247;0.315765668;0.286692241;0.259354007;0.233732532;0.209807950;0.187559113;0.166963806;0.147999026;0.130641328;0.114867194;0.100653443;0.087977649;0.076818559;0.067156509;0.058973811;0.052255110;0.046987706;0.043161817;0.040770794;0.039811273;0.040283258;0.042190137;0.045538633;0.050338683;0.056603246;0.064348059;0.073591323;0.084353345;0.096656130;0.110522944;0.125977845;0.143045207;0.161749233;0.182113481;0.204160417;0.227910993;0.253384281;0.280597166;0.309564105;0.340296977;0.372805022;0.407094879;0.443170739;0.481034600;0.520686642;0.562125711;0.605349908;0.650357279;0.697146583;0.745718129;0.796074656;0.848222217;0.902171050;0.957936365;1.015539029;1.075006058;1.136370872;1.199673220;1.264958697;1.332277742;1.401684030;1.473232101;1.546974122;1.622955621;1.701210017;1.781751788;1.864568069;1.949608462;2.036772848;;;;;;;;;;;;;;;;;;;;;;
0.600;;;;;;;;;;;;;;;;;;;2.429935154;2.323508206;2.219679885;2.118736346;2.020860426;1.926152312;1.834647288;1.746330863;1.661151544;1.579031524;1.499875510;1.423577922;1.350028650;1.279117567;1.210737956;1.144789020;1.081177595;1.019819211;0.960638613;0.903569828;0.848555895;0.795548317;0.744506321;0.695395978;0.648189247;0.602862976;0.559397917;0.517777762;0.477988249;0.440016349;0.403849545;0.369475218;0.336880147;0.306050128;0.276969697;0.249621980;0.223988636;0.200049906;0.177784745;0.157171038;0.138185880;0.120805907;0.105007674;0.090768053;0.078064657;0.066876258;0.057183198;0.048967781;0.042214633;0.036911021;0.033047125;0.030616254;0.029614996;0.030043312;0.031904555;0.035205421;0.039955832;0.046168755;0.053859953;0.063047679;0.073752320;0.085995993;0.099802111;0.115194915;0.132198997;0.150838819;0.171138238;0.193120056;0.216805602;0.242214362;0.269363669;0.298268465;0.328941142;0.361391483;0.395626695;0.431651557;0.469468674;0.509078845;0.550481548;0.593675521;0.638659455;0.685432754;0.733996378;0.784353718;0.836511485;0.890480583;0.946276907;1.003922030;1.063443713;1.124876171;1.188260021;1.253641817;1.321073084;1.390608736;1.462304752;1.536214980;1.612386925;1.690856344;1.771640483;1.854729753;1.940077636;2.027588590;;;;;;;;;;;;;;;;;;;;;;
0.500;;;;;;;;;;;;;;;;;;;2.423947003;2.317238410;2.213148139;2.111964253;2.013870666;1.918967952;1.827291216;1.738825325;1.653517783;1.571289504;1.492043712;1.415673207;1.342066176;1.271110756;1.202698498;1.136726910;1.073101200;1.011735357;0.952552686;0.895485890;0.840476805;0.787475858;0.736441328;0.687338468;0.640138537;0.594817809;0.551356565;0.509738137;0.469947996;0.431972931;0.395800319;0.361417503;0.328811277;0.297967500;0.268870809;0.241504457;0.215850248;0.191888581;0.169598574;0.148958273;0.129944923;0.112535301;0.096706085;0.082434254;0.069697504;0.058474668;0.048746128;0.040494203;0.033703516;0.028361311;0.024457725;0.021986013;0.020942699;0.021327670;0.023144204;0.026398924;0.031101686;0.037265401;0.044905791;0.054041089;0.064691686;0.076879732;0.090628706;0.105962950;0.122907197;0.141486090;0.161723713;0.183643139;0.207266014;0.232612188;0.259699403;0.288543056;0.319156038;0.351548672;0.385728744;0.421701647;0.459470632;0.499037178;0.540401459;0.583562940;0.628521046;0.675275937;0.723829335;0.774185402;0.826351630;0.880339706;0.936166320;0.993853849;1.053430877;1.114932463;1.178400106;1.243881290;1.311428538;1.381097849;1.452946404;1.527029405;1.603395893;1.682083396;1.763111212;1.846472151;1.932122504;2.019970031;;;;;;;;;;;;;;;;;;;;;;
0.400;;;;;;;;;;;;;;;;;;2.529132015;2.419935230;2.312949531;2.208595692;2.107165059;2.008843795;1.913733838;1.821870920;1.733239930;1.647787902;1.565434886;1.486082947;1.409623499;1.335943196;1.264928541;1.196469413;1.130461644;1.066808801;1.005423295;0.946226936;0.889151039;0.834136163;0.781131586;0.730094567;0.680989467;0.633786786;0.588462163;0.544995369;0.503369336;0.463569244;0.425581686;0.389393930;0.354993288;0.322366589;0.291499780;0.262377632;0.234983567;0.209299583;0.185306290;0.162983021;0.142308039;0.123258801;0.105812278;0.089945327;0.075635084;0.062859374;0.051597134;0.041828818;0.033536792;0.026705691;0.021322748;0.017378063;0.014864826;0.013779481;0.014121818;0.015895005;0.019105550;0.023763191;0.029880724;0.037473766;0.046560460;0.057161125;0.069297868;0.082994150;0.098274332;0.115163209;0.133685525;0.153865515;0.175726451;0.199290233;0.224577017;0.251604909;0.280389721;0.310944819;0.343281051;0.377406783;0.413328038;0.451048742;0.490571091;0.531896018;0.575023778;0.619954617;0.666689539;0.715231130;0.765584430;0.817757816;0.871763869;0.927620172;0.985349996;1.044982815;1.106554582;1.170107688;1.235690517;1.303356508;1.373162601;1.445166957;1.519425818;1.595989345;1.674896300;1.756167358;1.839796888;1.925742978;2.013915471;;;;;;;;;;;;;;;;;;;;;;
0.300;;;;;;;;;;;;;;;;;;2.527365588;2.417897759;2.310641447;2.206023674;2.104340568;2.005781801;1.910451747;1.818387654;1.729575164;1.643961432;1.561466117;1.481990490;1.405424857;1.331654534;1.260564527;1.192043123;1.125984513;1.062290624;1.000872262;0.941649698;0.884552792;0.829520762;0.776501659;0.725451646;0.676334120;0.629118755;0.583780495;0.540298546;0.498655400;0.458835914;0.420826466;0.384614207;0.350186415;0.317529968;0.286630920;0.257474209;0.230043460;0.204320912;0.180287429;0.157922617;0.137205009;0.118112327;0.100621797;0.084710507;0.070355802;0.057535685;0.046229239;0.036417029;0.028081495;0.021207312;0.015781712;0.011794765;0.009239595;0.008112552;0.008413309;0.010144894;0.013313659;0.017929179;0.024004079;0.031553811;0.040596356;0.051151892;0.063242399;0.076891245;0.092122728;0.108961619;0.127432685;0.147560231;0.169367656;0.192877042;0.218108791;0.245081314;0.273810799;0.304311049;0.336593417;0.370666839;0.406537967;0.444211423;0.483690148;0.524975879;0.568069717;0.612972796;0.659687045;0.708216000;0.758565670;0.810745416;0.864768805;0.920654405;0.978426460;1.038115401;1.099758111;1.163397884;1.229083977;1.296870664;1.366815688;1.438977982;1.513414529;1.590176220;1.669302537;1.750814889;1.834708413;1.920942024;2.009426486;2.100010265;;;;;;;;;;;;;;;;;;;;;
0.200;;;;;;;;;;;;;;;;;;2.527551857;2.417831508;2.310313594;2.205433264;2.103493037;2.004687479;1.909124558;1.816844015;1.727833051;1.642039601;1.559383467;1.479765537;1.403075332;1.329197063;1.258014407;1.189414160;1.123288933;1.059539028;0.998073631;0.938811435;0.881680796;0.826619516;0.773574351;0.722500289;0.673359689;0.626121326;0.580759383;0.537252447;0.495582521;0.455734099;0.417693317;0.381447192;0.346982967;0.314287568;0.283347177;0.254146919;0.226670656;0.200900903;0.176818829;0.154404356;0.133636344;0.114492834;0.096951360;0.080989297;0.066584248;0.053714446;0.042359164;0.032499116;0.024116851;0.017197107;0.011727136;0.007696984;0.005099714;0.003931572;0.004192096;0.005884149;0.009013892;0.013590692;0.019626955;0.027137903;0.036141296;0.046657094;0.058707081;0.072314446;0.087503346;0.104298444;0.122724447;0.142805651;0.164565503;0.188026194;0.213208303;0.240130492;0.268809267;0.299258831;0.331491008;0.365515286;0.401338942;0.438967294;0.478404054;0.519651790;0.562712493;0.607588246;0.654281963;0.702798206;0.753144037;0.805329884;0.859370385;0.915285171;0.973099531;1.032844909;1.094559155;1.158286475;1.224076965;1.291985662;1.362070978;1.434392417;1.509007427;1.585967250;1.665311605;1.747062023;1.831213652;1.917725313;2.006507586;2.097408675;;;;;;;;;;;;;;;;;;;;;
0.100;;;;;;;;;;;;;;;;;;2.529682640;2.419732411;2.311965017;2.206825755;2.104625282;2.005564546;1.909756378;1.817244083;1.728017310;1.642025506;1.559189207;1.479409394;1.402575166;1.328569910;1.257276169;1.188579385;1.122370666;1.058548728;0.997021137;0.937704982;0.880527062;0.825423707;0.772340303;0.721230587;0.672055805;0.624783757;0.579387797;0.535845826;0.494139305;0.454252323;0.416170739;0.379881412;0.345371537;0.312628090;0.281637385;0.252384751;0.224854318;0.199028908;0.174890035;0.152417985;0.131591990;0.112390466;0.094791304;0.078772222;0.064311135;0.051386551;0.039977979;0.030066326;0.021634280;0.014666674;0.009150800;0.005076694;0.002437359;0.001228937;0.001450816;0.003105671;0.006199444;0.010741252;0.016743231;0.024220325;0.033190005;0.043671948;0.055687664;0.069260090;0.084413158;0.101171342;0.119559207;0.139600957;0.161320005;0.184738579;0.209877364;0.236755204;0.265388872;0.295792918;0.327979604;0.361958939;0.397738810;0.435325230;0.474722687;0.515934603;0.558963896;0.603813634;0.650487779;0.698991979;0.749334418;0.801526663;0.855584499;0.911528691;0.969385637;1.029187841;1.090974153;1.154789691;1.220685364;1.288716896;1.358943244;1.431424291;1.506217683;1.583374656;1.662934704;1.744918898;1.829321675;1.916100886;2.005165865;2.096363300;;;;;;;;;;;;;;;;;;;;;
0.000;;;;;;;;;;;;;;;;;;2.533747986;2.423595351;2.315594333;2.210202551;2.107740680;2.008417669;1.912352597;1.819593495;1.730133442;1.643924209;1.560887726;1.480925601;1.403926931;1.329774599;1.258350252;1.189538146;1.123227992;1.059316975;0.997711061;0.938325719;0.881086155;0.825927172;0.772792713;0.721635195;0.672414669;0.625097883;0.579657289;0.536070034;0.494316978;0.454381753;0.416249899;0.379908087;0.345343445;0.312542988;0.281493165;0.252179521;0.224586471;0.198697175;0.174493525;0.151956213;0.131064889;0.111798390;0.094135019;0.078052886;0.063530266;0.050545996;0.039079864;0.029113011;0.020628305;0.013610699;0.008047552;0.003928904;0.001247708;0.000000000;0.000185009;0.001805204;0.004866280;0.009377069;0.015349398;0.022797873;0.031739623;0.042193973;0.054182092;0.067726587;0.082851086;0.099579794;0.117937050;0.137946883;0.159632596;0.183016372;0.208118929;0.234959227;0.263554242;0.293918820;0.326065615;0.360005124;0.395745822;0.433294405;0.472656135;0.513835301;0.556835768;0.601661631;0.648317934;0.696811471;0.747151603;0.799351102;0.853426962;0.909401147;0.967301214;1.027160774;1.089019700;1.152924025;1.218925439;1.287080281;1.357447930;1.430088468;1.505059481;1.582411862;1.662184437;1.744397262;1.829043376;1.916078816;2.005410666;2.096882890;;;;;;;;;;;;;;;;;;;;;
-0.100;;;;;;;;;;;;;;;;;;2.539735957;2.429413983;2.321199588;2.215565050;2.112843094;2.013252422;1.916919859;1.823899441;1.734188749;1.647742775;1.564485580;1.484319999;1.407135603;1.332815140;1.261239645;1.192292386;1.125861814;1.061843667;1.000142348;0.940671704;0.883355325;0.828126434;0.774927474;0.723709464;0.674431184;0.627058252;0.581562138;0.537919166;0.496109526;0.456116336;0.417924769;0.381521270;0.346892873;0.314026613;0.282909071;0.253526011;0.225862145;0.199900993;0.175624855;0.153014863;0.132051128;0.112712952;0.094979097;0.078828113;0.064238689;0.051190033;0.039662263;0.029636793;0.021096707;0.014027114;0.008415462;0.004251819;0.001529095;0.000243224;0.000393271;0.001981485;0.005013291;0.009497205;0.015444701;0.022870007;0.031789849;0.042223142;0.054190643;0.067714559;0.082818137;0.099525233;0.117859878;0.137845847;0.159506249;0.182863145;0.207937210;0.234747450;0.263310979;0.293642883;0.325756158;0.359661749;0.395368690;0.432884337;0.472214726;0.513365010;0.556340018;0.601144892;0.647785802;0.696270720;0.746610240;0.798818391;0.852913432;0.908918576;0.966862592;1.026780229;1.088712406;1.152706069;1.218813654;1.287092048;1.357600932;1.430400411;1.505547769;1.583093227;1.663074526;1.745510174;1.830391153;1.917670887;2.007253239;2.098978299;;;;;;;;;;;;;;;;;;;;;
-0.200;;;;;;;;;;;;;;;;;;2.547632299;2.437180451;2.328778017;2.222914451;2.119936712;2.020075149;1.923465962;1.830170583;1.740192275;1.653490234;1.569991476;1.489600727;1.412208574;1.337698056;1.265949918;1.196846684;1.130275717;1.066131413;1.004316671;0.944743739;0.887334573;0.832020780;0.778743244;0.727451519;0.678103037;0.630662204;0.585099430;0.541390136;0.499513772;0.459452878;0.421192204;0.384717925;0.350016942;0.317076291;0.285882664;0.256422045;0.228679446;0.202638764;0.178282728;0.155592941;0.134550010;0.115133742;0.097323403;0.081098030;0.066436768;0.053319247;0.041725957;0.031638629;0.023040602;0.015917173;0.010255908;0.006046921;0.003283097;0.001960272;0.002077345;0.003636337;0.006642381;0.011103653;0.017031238;0.024438941;0.033343036;0.043761971;0.055716024;0.069226935;0.084317496;0.101011137;0.119331502;0.139302030;0.160945558;0.184283945;0.209337748;0.236125946;0.264665726;0.294972351;0.327059107;0.360937346;0.396616620;0.434104926;0.473409052;0.514535018;0.557488620;0.602276064;0.648904668;0.697383624;0.747724793;0.799943507;0.854059339;0.910096795;0.968085894;1.028062558;1.090068765;1.154152366;1.220366514;1.288768568;1.359418402;1.432375972;1.507698026;1.585433802;1.665619551;1.748271725;1.833378620;1.920890277;2.010706414;2.102662138;;;;;;;;;;;;;;;;;;;;;
-0.300;;;;;;;;;;;;;;;;;;2.557419998;2.446884996;2.338325708;2.232251456;2.129025789;2.028892747;1.931999674;1.838416908;1.748154681;1.661177483;1.577416186;1.496778159;1.419155606;1.344432343;1.272489202;1.203208247;1.136475958;1.072185530;1.010238442;0.950545382;0.893026672;0.837612276;0.784241473;0.732862285;0.683430721;0.635909895;0.590269074;0.546482697;0.504529396;0.464391060;0.426051958;0.389497938;0.354715727;0.321692325;0.290414519;0.260868494;0.233039564;0.206912008;0.182469001;0.159692640;0.138564057;0.119063601;0.101171079;0.084866057;0.070128184;0.056937553;0.045275070;0.035122824;0.026464449;0.019285462;0.013573579;0.009318980;0.006514544;0.005156018;0.005242137;0.006774685;0.009758493;0.014201370;0.020113985;0.027509678;0.036404226;0.046815553;0.058763407;0.072268987;0.087354564;0.104043068;0.122357678;0.142321422;0.163956781;0.187285339;0.212327457;0.239102015;0.267626204;0.297915404;0.329983134;0.363841103;0.399499346;0.436966468;0.476249989;0.517356784;0.560293618;0.605067771;0.651687724;0.700163914;0.750509506;0.802741171;0.856879831;0.912951327;0.970986960;1.031023851;1.093105044;1.157279291;1.223600420;1.292126198;1.362916576;1.436031201;1.511526056;1.589449097;1.669834698;1.752696769;1.838020313;1.925751253;2.015784268;2.107948429;;;;;;;;;;;;;;;;;;;;;
-0.400;;;;;;;;;;;;;;;;;;2.569078716;2.458515459;2.349837153;2.243575877;2.140114302;2.039712367;1.942530465;1.848649490;1.758088047;1.670817110;1.586772407;1.505864777;1.427988723;1.353029383;1.280868110;1.211386839;1.144471411;1.080013998;1.017914767;0.958082906;0.900437127;0.844905736;0.791426365;0.739945447;0.690417498;0.642804258;0.597073770;0.553199402;0.511158890;0.470933397;0.432506636;0.395864070;0.360992199;0.327877949;0.296508165;0.266869216;0.238946707;0.212725298;0.188188616;0.165319270;0.144098940;0.124508546;0.106528471;0.090138847;0.075319867;0.062052130;0.050316998;0.040096960;0.031375981;0.024139835;0.018376414;0.014075996;0.011231466;0.009838496;0.009895664;0.011404514;0.014369562;0.018798236;0.024700758;0.032089972;0.040981115;0.051391541;0.063340407;0.076848317;0.091936950;0.108628666;0.126946109;0.146911817;0.168547843;0.191875416;0.216914628;0.243684188;0.272201223;0.302481165;0.334537712;0.368382876;0.404027132;0.441479662;0.480748693;0.521841937;0.564767123;0.609532604;0.656148042;0.704625136;0.754978377;0.807225805;0.861389726;0.917497346;0.975581276;1.035679852;1.097837192;1.162102934;1.228531548;1.297181135;1.368111616;1.441382167;1.517047792;1.595154870;1.675735530;1.758800668;1.844331417;1.932268868;2.022501812;2.114852259;;;;;;;;;;;;;;;;;;;;;
-0.500;;;;;;;;;;;;;;;;;;2.582584106;2.472056665;2.363304702;2.256886149;2.153205518;2.052541021;1.955068169;1.860880194;1.770005603;1.682423157;1.598074543;1.516874986;1.438722045;1.363502797;1.291099605;1.221394661;1.154273459;1.089627354;1.027355347;0.967365213;0.909574092;0.853908632;0.800304794;0.748707371;0.699069315;0.651350919;0.605518914;0.561545514;0.519407469;0.479085133;0.440561590;0.403821849;0.368852121;0.335639206;0.304169970;0.274430935;0.246407978;0.220086129;0.195449469;0.172481125;0.151163343;0.131477635;0.113404991;0.096926140;0.082021855;0.068673280;0.056862273;0.046571759;0.037786072;0.030491278;0.024675477;0.020329067;0.017444965;0.016018781;0.016048942;0.017536755;0.020486414;0.024904951;0.030802122;0.038190243;0.047083976;0.057500061;0.069457013;0.082974784;0.098074402;0.114777591;0.133106389;0.153082772;0.174728294;0.198063752;0.223108901;0.249882203;0.278400658;0.308679684;0.340733099;0.374573169;0.410210764;0.447655603;0.486916593;0.528002263;0.570921294;0.615683113;0.662298565;0.710780622;0.761145124;0.813411503;0.867603472;0.923749627;0.981883912;1.042045888;1.104280754;1.168639014;1.235175739;1.303949298;1.375019470;1.448444806;1.524279117;1.602566929;1.683337765;1.766599053;1.852327497;1.940458675;2.030874665;2.123389437;;;;;;;;;;;;;;;;;;;;;
-0.600;;;;;;;;;;;;;;;;;;2.597907009;2.487489698;2.378717911;2.272178745;2.168301467;2.067385121;1.969622561;1.875121292;1.783921388;1.696010821;1.611338437;1.529824866;1.451371564;1.375868236;1.303198814;1.233246183;1.165895831;1.101038547;1.038572343;0.978403695;0.920448233;0.864630969;0.810886177;0.759156969;0.709394675;0.661558063;0.615612467;0.571528861;0.529282918;0.488854097;0.450224769;0.413379409;0.378303876;0.344984783;0.313408966;0.283563063;0.255433191;0.229004734;0.204262219;0.181189290;0.159768766;0.139982768;0.121812915;0.105240561;0.090247091;0.076814225;0.064924355;0.054560879;0.045708534;0.038353713;0.032484755;0.028092203;0.025169029;0.023710799;0.023715801;0.025185108;0.028122592;0.032534875;0.038431232;0.045823427;0.054725515;0.065153583;0.077125460;0.090660395;0.105778707;0.122501423;0.140849911;0.160845520;0.182509230;0.205861342;0.230921197;0.257706950;0.286235398;0.316521891;0.348580303;0.382423105;0.418061516;0.455505751;0.494765365;0.535849685;0.578768326;0.623531781;0.670152078;0.718643474;0.769023167;0.821311998;0.875535110;0.931722505;0.989909474;1.050136818;1.112450805;1.176902792;1.243548406;1.312446213;1.383655743;1.457234771;1.533235705;1.611700949;1.692657068;1.776107589;1.862024243;1.950336439;2.040918747;2.133576145;;;;;;;;;;;;;;;;;;;;;
-0.700;;;;;;;;;;;;;;;;;;2.615012522;2.504791063;2.396062785;2.289447488;2.185402325;2.084249913;1.986202858;1.891385021;1.799849851;1.711596081;1.626581041;1.544731877;1.465954876;1.390143142;1.317182799;1.246957931;1.179354405;1.114262746;1.051580189;0.991212059;0.933072561;0.877085115;0.823182306;0.771305537;0.721404463;0.673436257;0.627364776;0.583159658;0.540795413;0.500250510;0.461506516;0.424547292;0.389358265;0.355925793;0.324236626;0.294277467;0.266034638;0.239493846;0.214640044;0.191457389;0.169929272;0.150038431;0.131767127;0.115097364;0.100011160;0.086490845;0.074519375;0.064080656;0.055159860;0.047743740;0.041820902;0.037382068;0.034420284;0.032931092;0.032912654;0.034365818;0.037294132;0.041703808;0.047603623;0.055004773;0.063920676;0.074366734;0.086360052;0.099919129;0.115063524;0.131813513;0.150189732;0.170212839;0.191903179;0.215280487;0.240363626;0.267170374;0.295717269;0.326019523;0.358091017;0.391944370;0.427591102;0.465041889;0.504306900;0.545396231;0.588320413;0.633090998;0.679721191;0.728226536;0.778625598;0.830940639;0.885198244;0.941429838;0.999672068;1.059966974;1.122361893;1.186909005;1.253664452;1.322686922;1.394035591;1.467767304;1.543932867;1.622572294;1.703708856;1.787341753;1.873437220;1.961917857;2.052649958;2.145428594;;;;;;;;;;;;;;;;;;;;;
-0.800;;;;;;;;;;;;;;;;;;2.633858944;2.523931728;2.415320910;2.308682776;2.204505709;2.103138851;2.004817141;1.909683056;1.817805377;1.729195282;1.643820028;1.561614504;1.482490857;1.406346443;1.333070284;1.262548227;1.194666971;1.129317115;1.066395380;1.005806116;0.947462225;0.891285595;0.837207143;0.785166549;0.735111746;0.686998250;0.640788360;0.596450293;0.553957296;0.513286754;0.474419337;0.437338199;0.402028252;0.368475521;0.336666603;0.306588207;0.278226811;0.251568410;0.226598356;0.203301297;0.181661190;0.161661392;0.143284811;0.126514116;0.111331980;0.097721365;0.085665820;0.075149787;0.066158908;0.058680323;0.052702939;0.048217680;0.045217693;0.043698517;0.043658204;0.045097385;0.048019294;0.052429726;0.058336956;0.065751593;0.074686403;0.085156072;0.097176947;0.110766736;0.125944195;0.142728797;0.161140395;0.181198895;0.202923947;0.226334659;0.251449355;0.278285371;0.306858925;0.337185036;0.369277533;0.403149134;0.438811615;0.476276069;0.515553248;0.556653989;0.599589720;0.644373033;0.691018308;0.739542372;0.789965160;0.842310366;0.896606021;0.952884983;1.011185260;1.071550132;1.134027988;1.198671808;1.265538200;1.334685898;1.406173616;1.480057121;1.556385415;1.635195864;1.716508112;1.800316620;1.886581618;1.975218277;2.066083869;2.158962668;;;;;;;;;;;;;;;;;;;;;
-0.900;;;;;;;;;;;;;;;;;;2.654396590;2.544876049;2.436468480;2.329870694;2.225605880;2.124052867;2.025471709;1.930025929;1.837801757;1.748824646;1.663073358;1.580491861;1.500999297;1.424498225;1.350881345;1.280036908;1.211852952;1.146220554;1.083036219;1.022203546;0.963634280;0.907248867;0.852976598;0.800755428;0.750531540;0.702258734;0.655897676;0.611415077;0.568782825;0.527977120;0.488977637;0.451766724;0.416328687;0.382649135;0.350714431;0.320511225;0.292026093;0.265245269;0.240154468;0.216738803;0.194982778;0.174870360;0.156385105;0.139510353;0.124229447;0.110526000;0.098384175;0.087788978;0.078726548;0.071184441;0.065151894;0.060620061;0.057582214;0.056033911;0.055973111;0.057400244;0.060318235;0.064732467;0.070650709;0.078082975;0.087041359;0.097539812;0.109593893;0.123220488;0.138437509;0.155263582;0.173717725;0.193819045;0.215586440;0.239038335;0.264192454;0.291065638;0.319673725;0.350031486;0.382152644;0.416049968;0.451735445;0.489220546;0.528516569;0.569635065;0.612588336;0.657390000;0.704055600;0.752603241;0.803054229;0.855433689;0.909771107;0.966100773;1.024462059;1.084899476;1.147462451;1.212204730;1.279183335;1.348456972;1.420083779;1.494118298;1.570607529;1.649585931;1.731069200;1.815046652;1.901472013;1.990252421;2.081235400;2.174193566;;;;;;;;;;;;;;;;;;;;;
-1.000;;;;;;;;;;;;;;;;;;2.676566479;2.567580577;2.459475218;2.352992038;2.248692857;2.146989578;2.048170352;1.952422369;1.859851594;1.770499742;1.684358787;1.601383246;1.521500500;1.444619356;1.370637068;1.299445001;1.230933114;1.164993418;1.101522557;1.040423638;0.981607436;0.924993074;0.870508282;0.818089307;0.767680567;0.719234098;0.672708868;0.628069993;0.585287909;0.544337532;0.505197435;0.467849061;0.432276008;0.398463377;0.366397211;0.336064024;0.307450423;0.280542822;0.255327252;0.231789255;0.209913856;0.189685613;0.171088724;0.154107196;0.138725051;0.124926565;0.112696535;0.102020549;0.092885270;0.085278697;0.079190421;0.074611853;0.071536418;0.069959713;0.069879626;0.071296400;0.074212662;0.078633392;0.084565850;0.092019454;0.101005613;0.111537528;0.123629947;0.137298906;0.152561439;0.169435288;0.187938595;0.208089619;0.229906459;0.253406805;0.278607728;0.305525522;0.334175588;0.364572401;0.396729528;0.430659740;0.466375194;0.503887698;0.543209063;0.584351525;0.627328236;0.672153824;0.718844979;0.767421078;0.817904794;0.870322680;0.924705676;0.981089506;1.039514897;1.100027582;1.162678002;1.227520633;1.294612856;1.364013269;1.435779322;1.509964178;1.586612639;1.665756002;1.747405695;1.831545488;1.918122120;2.007034103;2.098118502;2.191135428;;;;;;;;;;;;;;;;;;;;;
-1.100;;;;;;;;;;;;;;;;;;2.700298875;2.591992738;2.484303177;2.378021232;2.273751439;2.171942395;2.072913551;1.976878582;1.883965653;1.794234890;1.707693336;1.624307658;1.544014839;1.466731088;1.392359176;1.320794385;1.251929244;1.185657221;1.121875503;1.060487018;1.001401795;0.944537786;0.889821251;0.837186773;0.786577000;0.737942173;0.691239500;0.646432424;0.603489837;0.562385268;0.523096081;0.485602708;0.449887934;0.415936248;0.383733284;0.353265329;0.324518946;0.297480662;0.272136768;0.248473186;0.226475426;0.206128610;0.187417563;0.170326951;0.154841472;0.140946072;0.128626192;0.117868025;0.108658772;0.100986901;0.094842383;0.090216911;0.087104085;0.085499567;0.085401193;0.086809040;0.089725450;0.094155008;0.100104473;0.107582663;0.116600302;0.127169826;0.139305157;0.153021459;0.168334862;0.185262189;0.203820674;0.224027687;0.245900484;0.269455972;0.294710528;0.321679843;0.350378841;0.380821646;0.413021626;0.446991510;0.482743582;0.520289952;0.559642909;0.600815344;0.643821239;0.688676207;0.735398075;0.784007478;0.834528448;0.886988962;0.941421410;0.997862939;1.056355625;1.116946404;1.179686704;1.244631690;1.311839041;1.381367160;1.453272695;1.527607277;1.604413307;1.683718670;1.765530204;1.849825743;1.936544553;2.025575942;2.116745819;2.209800962;;;;;;;;;;;;;;;;;;;;;
-1.200;;;;;;;;;;;;;;;;;;;2.618049390;2.510905428;2.404925140;2.300760128;2.198899556;2.099697608;2.003397466;1.910152152;1.820042526;1.733092716;1.649283278;1.568562287;1.490854623;1.416069642;1.344107430;1.274863818;1.208234318;1.144117134;1.082415372;1.023038584;0.965903743;0.910935759;0.858067615;0.807240211;0.758401973;0.711508300;0.666520891;0.623407003;0.582138677;0.542691962;0.505046166;0.469183151;0.435086689;0.402741897;0.372134748;0.343251667;0.316079222;0.290603894;0.266811931;0.244689280;0.224221596;0.205394298;0.188192698;0.172602161;0.158608303;0.146197216;0.135355706;0.126071532;0.118333650;0.112132431;0.107459875;0.104309783;0.102677904;0.102562045;0.103962133;0.106880246;0.111320587;0.117289422;0.124794974;0.133847280;0.144458006;0.156640241;0.170408256;0.185777259;0.202763131;0.221382163;0.241650807;0.263585435;0.287202139;0.312516551;0.339543723;0.368298053;0.398793275;0.431042514;0.465058416;0.500853353;0.538439701;0.577830197;0.619038357;0.662078966;0.706968604;0.753726216;0.802373683;0.852936386;0.905443715;0.959929497;1.016432296;1.074995517;1.135667276;1.198499958;1.263549366;1.330873414;1.400530215;1.472575497;1.547059199;1.624021121;1.703485478;1.785454200;1.869898792;1.956750572;2.045889066;2.137128342;2.230201030;;;;;;;;;;;;;;;;;;;;;
-1.300;;;;;;;;;;;;;;;;;;;2.645675233;2.539224632;2.433661772;2.329689966;2.227843078;2.128513694;2.031977754;1.938415996;1.847932513;1.760570707;1.676326908;1.595161914;1.517010664;1.441790275;1.369406622;1.299759655;1.232747596;1.168270198;1.106231166;1.046539891;0.989112596;0.933873000;0.880752580;0.829690529;0.780633456;0.733534917;0.688354802;0.645058650;0.603616917;0.564004229;0.526198657;0.490181024;0.455934272;0.423442893;0.392692440;0.363669109;0.336359420;0.310749967;0.286827259;0.264577627;0.243987206;0.225041982;0.207727885;0.192030931;0.177937397;0.165434027;0.154508246;0.145148382;0.137343893;0.131085574;0.126365750;0.123178447;0.121519525;0.121386782;0.122780022;0.125701074;0.130153774;0.136143911;0.143679121;0.152768758;0.163423719;0.175656250;0.189479727;0.204908419;0.221957243;0.240641528;0.260976776;0.282978452;0.306661790;0.332041649;0.359132402;0.387947883;0.418501395;0.450805783;0.484873573;0.520717188;0.558349238;0.597782873;0.639032210;0.682112811;0.727042201;0.773840424;0.822530591;0.873139414;0.925697684;0.980240654;1.036808282;1.095445283;1.156200925;1.219128505;1.284284416;1.351726726;1.421513167;1.493698417;1.568330560;1.645446585;1.725066779;1.807187843;1.891774560;1.978749823;2.067982804;2.159275049;2.252344239;;;;;;;;;;;;;;;;;;;;;
-1.400;;;;;;;;;;;;;;;;;;;2.674781096;2.569191476;2.464178877;2.360503261;2.258747606;2.159346827;2.062613099;1.968757949;1.877911404;1.790138496;1.705453385;1.623831360;1.545218940;1.469542296;1.396714182;1.326639574;1.259220154;1.194357829;1.131957380;1.071928412;1.014186673;0.958654885;0.905263149;0.853949015;0.804657299;0.757339689;0.711954219;0.668464635;0.626839712;0.587052548;0.549079861;0.512901321;0.478498920;0.445856411;0.414958814;0.385791996;0.358342330;0.332596442;0.308541022;0.286162719;0.265448101;0.246383670;0.228955942;0.213151559;0.198957447;0.186360992;0.175350237;0.165914089;0.158042519;0.151726760;0.146959484;0.143734961;0.142049186;0.141899973;0.143287022;0.146211935;0.150678203;0.156691150;0.164257840;0.173386953;0.184088621;0.196374252;0.210256318;0.225748140;0.242863664;0.261617237;0.282023392;0.304096658;0.327851391;0.353301642;0.380461073;0.409342922;0.439960030;0.472324922;0.506449973;0.542347624;0.580030685;0.619512693;0.660808336;0.703933927;0.748907914;0.795751417;0.844488759;0.895147966;0.947761211;1.002365149;1.059001113;1.117715098;1.178557486;1.241582441;1.306846880;1.374408947;1.444325884;1.516651184;1.591430905;1.668699013;1.748471597;1.830739803;1.915461296;2.002550064;2.091864357;2.183192518;;;;;;;;;;;;;;;;;;;;;;
-1.500;;;;;;;;;;;;;;;;;;;2.705262058;2.600722983;2.496412412;2.393152212;2.291579183;2.192174757;2.095291076;2.001173751;1.909981650;1.821803981;1.736674955;1.654586281;1.575497715;1.499345901;1.426051675;1.355526045;1.287674992;1.222403255;1.159617247;1.099227210;1.041148750;0.985303829;0.931621332;0.880037268;0.830494700;0.782943454;0.737339665;0.693645224;0.651827139;0.611856877;0.573709692;0.537363979;0.502800660;0.470002630;0.438954258;0.409640968;0.382048890;0.356164581;0.331974831;0.309466533;0.288626621;0.269442062;0.251899916;0.235987420;0.221692122;0.209002038;0.197905826;0.188392970;0.180453962;0.174080485;0.169265576;0.166003769;0.164291213;0.164125764;0.165507040;0.168436439;0.172917128;0.178953985;0.186553521;0.195723753;0.206474060;0.218815015;0.232758189;0.248315956;0.265501280;0.284327517;0.304808218;0.326956959;0.350787192;0.376312139;0.403544726;0.432497567;0.463183005;0.495613223;0.529800408;0.565756993;0.603495956;0.643031193;0.684377934;0.727553218;0.772576392;0.819469630;0.868258442;0.918972145;0.971644270;1.026312850;1.083020560;1.141814640;1.202746543;1.265871240;1.331246101;1.398929255;1.468977340;1.541442517;1.616368636;1.693786416;1.773707473;1.856117065;1.940965333;2.028156878;2.117538451;2.208884512;;;;;;;;;;;;;;;;;;;;;;
-1.600;;;;;;;;;;;;;;;;;;;;2.633720669;2.530284883;2.427577420;2.326293906;2.226966776;2.129992119;2.035653170;1.944140760;1.855571020;1.770000618;1.687439770;1.607863280;1.531219815;1.457439617;1.386440844;1.318134703;1.252429539;1.189234014;1.128459506;1.070021861;1.013842569;0.959849503;0.907977262;0.858167230;0.810367390;0.764531965;0.720620935;0.678599467;0.638437299;0.600108113;0.563588910;0.528859419;0.495901551;0.464698905;0.435236347;0.407499646;0.381475194;0.357149786;0.334510475;0.313544487;0.294239197;0.276582155;0.260561152;0.246164330;0.233380315;0.222198364;0.212608533;0.204601842;0.198170432;0.193307716;0.190008509;0.188269139;0.188087524;0.189463223;0.192397456;0.196893087;0.202954574;0.210587890;0.219800409;0.230600771;0.242998726;0.257004952;0.272630877;0.289888484;0.308790133;0.329348385;0.351575849;0.375485062;0.401088397;0.428398020;0.457425898;0.488183856;0.520683702;0.554937413;0.590957380;0.628756727;0.668349676;0.709751976;0.752981363;0.798058057;0.845005257;0.893849635;0.944621772;0.997356527;1.052093277;1.108876003;1.167753143;1.228777166;1.292003785;1.357490740;1.425296042;1.495475596;1.568080074;1.643150926;1.720715386;1.800780313;1.883324727;1.968290834;2.055573355;2.145006955;2.236351529;;;;;;;;;;;;;;;;;;;;;;
-1.700;;;;;;;;;;;;;;;;;;;;2.668068552;2.565703550;2.463706264;2.362836484;2.263682419;2.166688369;2.072178979;1.980380399;1.891438643;1.805435428;1.722401748;1.642329421;1.565180833;1.490897083;1.419404711;1.350621187;1.284459320;1.220830725;1.159648487;1.100829131;1.044294022;0.989970265;0.937791225;0.887696710;0.839632909;0.793552137;0.749412428;0.707177042;0.666813903;0.628295014;0.591595869;0.556694879;0.523572847;0.492212477;0.462597951;0.434714565;0.408548432;0.384086253;0.361315149;0.340222562;0.320796199;0.303024042;0.286894390;0.272395940;0.259517897;0.248250103;0.238583178;0.230508661;0.224019158;0.219108469;0.215771707;0.214005395;0.213807535;0.215177654;0.218116816;0.222627608;0.228714092;0.236381726;0.245637264;0.256488624;0.268944748;0.283015435;0.298711173;0.316042973;0.335022199;0.355660417;0.377969265;0.401960354;0.427645195;0.455035179;0.484141606;0.514975761;0.547549056;0.581873231;0.617960613;0.655824440;0.695479237;0.736941240;0.780228856;0.825363146;0.872368309;0.921272144;0.972106463;1.024907414;1.079715682;1.136576503;1.195539460;1.256657971;1.319988414;1.385588801;1.453516911;1.523827772;1.596570399;1.671783632;1.749490967;1.829694206;1.912365772;1.997439505;2.084799742;2.174268468;2.265590312;;;;;;;;;;;;;;;;;;;;;;
-1.800;;;;;;;;;;;;;;;;;;;;2.703630975;2.602558467;2.501451157;2.401138668;2.302270072;2.205342433;2.110725860;2.018685423;1.929400201;1.842979761;1.759478328;1.678906870;1.601243346;1.526441299;1.454437010;1.385155359;1.318514578;1.254430028;1.192817143;1.133593647;1.076681173;1.022006367;0.969501569;0.919105155;0.870761603;0.824421342;0.780040451;0.737580232;0.697006720;0.658290144;0.621404377;0.586326396;0.553035767;0.521514171;0.491744982;0.463712900;0.437403645;0.412803714;0.389900201;0.368680669;0.349133085;0.331245796;0.315007549;0.300407554;0.287435561;0.276081970;0.266337947;0.258195548;0.251647842;0.246689023;0.243314514;0.241521049;0.241306737;0.242671095;0.245615058;0.250140962;0.256252498;0.263954637;0.273253534;0.284156410;0.296671419;0.310807495;0.326574205;0.343981593;0.363040033;0.383760103;0.406152469;0.430227807;0.455996759;0.483469932;0.512657941;0.543571515;0.576221650;0.610619825;0.646778278;0.684710338;0.724430802;0.765956366;0.809306075;0.854501800;0.901568703;0.950535675;1.001435718;1.054306226;1.109189136;1.166130888;1.225182139;1.286397181;1.349832961;1.415547657;1.483598679;1.554040026;1.626918862;1.702271193;1.780116509;1.860451233;1.943240816;2.028410284;2.115833065;2.205317853;;;;;;;;;;;;;;;;;;;;;;;
-1.900;;;;;;;;;;;;;;;;;;;;2.740250247;2.640720361;2.540707629;2.441117540;2.342665449;2.245906037;2.151259218;2.059032836;1.969442458;1.882628522;1.798671133;1.717602730;1.639418855;1.564087241;1.491555396;1.421756880;1.354616414;1.290053998;1.227988141;1.168338358;1.111027016;1.055980657;1.003130864;0.952414765;0.903775239;0.857160893;0.812525855;0.769829444;0.729035743;0.690113122;0.653033731;0.617772995;0.584309122;0.552622641;0.522695991;0.494513150;0.468059324;0.443320696;0.420284222;0.398937498;0.379268660;0.361266347;0.344919694;0.330218369;0.317152626;0.305713393;0.295892361;0.287682089;0.281076105;0.276069000;0.272656517;0.270835618;0.270604537;0.271962802;0.274911246;0.279451982;0.285588357;0.293324883;0.302667144;0.313621689;0.326195906;0.340397888;0.356236296;0.373720223;0.392859068;0.413662423;0.436139984;0.460301497;0.486156730;0.513715494;0.542987713;0.573983542;0.606713542;0.641188913;0.677421779;0.715425532;0.755215214;0.796807947;0.840223383;0.885484163;0.932616372;0.981649950;1.032619039;1.085562225;1.140522638;1.197547848;1.256689511;1.318002694;1.381544812;1.447374074;1.515547377;1.586117510;1.659129579;1.734616509;1.812593494;1.893051239;1.975947816;2.061198975;2.148666687;2.238145721;;;;;;;;;;;;;;;;;;;;;;;
-2.000;;;;;;;;;;;;;;;;;;;;;2.680038309;2.581352253;2.482673660;2.384789938;2.288318564;2.193733886;2.101390661;2.011544612;1.924370299;1.839976573;1.758419853;1.679715457;1.603847203;1.530775466;1.460443881;1.392784846;1.327723989;1.265183722;1.205086017;1.147354520;1.091916088;1.038701868;0.987647969;0.938695831;0.891792327;0.846889677;0.803945207;0.762921007;0.723783518;0.686503075;0.651053442;0.617411349;0.585556050;0.555468920;0.527133088;0.500533123;0.475654774;0.452484754;0.431010584;0.411220484;0.393103301;0.376648489;0.361846114;0.348686889;0.337162230;0.327264328;0.318986227;0.312321905;0.307266351;0.303815634;0.301966956;0.301718692;0.303070407;0.306022855;0.310577953;0.316738734;0.324509280;0.333894634;0.344900701;0.357534131;0.371802198;0.387712681;0.405273740;0.424493812;0.445381515;0.467945588;0.492194844;0.518138178;0.545784601;0.575143336;0.606223952;0.639036560;0.673592057;0.709902431;0.747981109;0.787843346;0.829506655;0.872991256;0.918320518;0.965521402;1.014624842;1.065666062;1.118684776;1.173725232;1.230836045;1.290069776;1.351482159;1.415130944;1.481074231;1.549368229;1.620064319;1.693205317;1.768820796;1.846921339;1.927491563;2.010481738;2.095797842;2.183289816;2.272737846;;;;;;;;;;;;;;;;;;;;;;;
-2.100;;;;;;;;;;;;;;;;;;;;;2.720337205;2.623240364;2.525689028;2.428548793;2.332505445;2.238092719;2.145716704;2.055677219;1.968186443;1.883385059;1.801356185;1.722137292;1.645730355;1.572110406;1.501232693;1.433038603;1.367460497;1.304425616;1.243859153;1.185686648;1.129835768;1.076237603;1.024827533;0.975545756;0.928337546;0.883153284;0.839948326;0.798682751;0.759321016;0.721831564;0.686186400;0.652360665;0.620332217;0.590081241;0.561589890;0.534841973;0.509822683;0.486518376;0.464916395;0.445004943;0.426772992;0.410210239;0.395307083;0.382054641;0.370444777;0.360470147;0.352124260;0.345401530;0.340297340;0.336808087;0.334931224;0.334665284;0.336009889;0.338965738;0.343534581;0.349719166;0.357523175;0.366951142;0.378008357;0.390700761;0.405034840;0.421017512;0.438656027;0.457957878;0.478930728;0.501582361;0.525920671;0.551953677;0.579689592;0.609136927;0.640304654;0.673202416;0.707840789;0.744231599;0.782388275;0.822326253;0.864063397;0.907620447;0.953021452;1.000294192;1.049470532;1.100586709;1.153683484;1.208806135;1.266004225;1.325331101;1.386843038;1.450597973;1.516653726;1.585065624;1.655883415;1.729147366;1.804883400;1.883097143;1.963766727;2.046834166;2.132195133;2.219686940;;;;;;;;;;;;;;;;;;;;;;;;
-2.200;;;;;;;;;;;;;;;;;;;;;;2.666203561;2.570024850;2.473829138;2.378376402;2.284265037;2.191957196;2.101801017;2.014050048;1.928880138;1.846404037;1.766683950;1.689742259;1.615570611;1.544137559;1.475394923;1.409283032;1.345734984;1.284680059;1.226046396;1.169763044;1.115761484;1.063976710;1.014347938;0.966819016;0.921338596;0.877860119;0.836341658;0.796745660;0.759038612;0.723190679;0.689175310;0.656968853;0.626550184;0.597900357;0.571002295;0.545840516;0.522400900;0.500670506;0.480637417;0.462290642;0.445620036;0.430616266;0.417270792;0.405575877;0.395524608;0.387110928;0.380329675;0.375176614;0.371648471;0.369742958;0.369458780;0.370795633;0.373754187;0.378336051;0.384543718;0.392380502;0.401850460;0.412958298;0.425709281;0.440109133;0.456163941;0.473880069;0.493264087;0.514322716;0.537062804;0.561491329;0.587615442;0.615442552;0.644980453;0.676237509;0.709222877;0.743946790;0.780420879;0.818658546;0.858675364;0.900489504;0.944122173;0.989598041;1.036945638;1.086197687;1.137391352;1.190568349;1.245774877;1.303061330;1.362481706;1.424092669;1.487952173;1.554117560;1.622643052;1.693576514;1.766955371;1.842801565;1.921115389;2.001868058;2.084992831;2.170374521;2.257837165;;;;;;;;;;;;;;;;;;;;;;;;
-2.300;;;;;;;;;;;;;;;;;;;;;;2.710046952;2.615519065;2.520497772;2.425823491;2.332164908;2.240045290;2.149865614;2.061924832;1.976437538;1.893549283;1.813349801;1.735884330;1.661163267;1.589170320;1.519869338;1.453209979;1.389132358;1.327570808;1.268456868;1.211721625;1.157297480;1.105119452;1.055126086;1.007260032;0.961468369;0.917702713;0.875919171;0.836078174;0.798144219;0.762085560;0.727873871;0.695483887;0.664893061;0.636081229;0.609030308;0.583724021;0.560147658;0.538287877;0.518132547;0.499670611;0.482892005;0.467787584;0.454349091;0.442569136;0.432441194;0.423959613;0.417119631;0.411917385;0.408349927;0.406415232;0.406112187;0.407440583;0.410401081;0.414995175;0.421225133;0.429093934;0.438605187;0.449763050;0.462572144;0.477037460;0.493164283;0.510958116;0.530424630;0.551569623;0.574399019;0.598918889;0.625135520;0.653055514;0.682685944;0.714034548;0.747109981;0.781922102;0.818482319;0.856803965;0.896902702;0.938796954;0.982508334;1.028062060;1.075487333;1.124817645;1.176090987;1.229349914;1.284641426;1.342016602;1.401529937;1.463238304;1.527199473;1.593470086;1.662103008;1.733143927;1.806627108;1.882570142;1.960967574;2.041783226;2.124941073;2.210314456;2.297713454;;;;;;;;;;;;;;;;;;;;;;;;
-2.400;;;;;;;;;;;;;;;;;;;;;;2.754546109;2.661983615;2.568398722;2.474718933;2.381689225;2.289899370;2.199808023;2.111763865;2.026024082;1.942770451;1.862123248;1.784153230;1.708891868;1.636340053;1.566475416;1.499258452;1.434637575;1.372553257;1.312941349;1.255735723;1.200870310;1.148280641;1.097904969;1.049685031;1.003566535;0.959499408;0.917437870;0.877340361;0.839169375;0.802891215;0.768475707;0.735895886;0.705127680;0.676149600;0.648942438;0.623489007;0.599773891;0.577783242;0.557504604;0.538926765;0.522039650;0.506834228;0.493302457;0.481437238;0.471232389;0.462682629;0.455783569;0.450531704;0.446924407;0.444959915;0.444637310;0.445956489;0.448918128;0.453523630;0.459775067;0.467675112;0.477226961;0.488434256;0.501301004;0.515831498;0.532030248;0.549901925;0.569451318;0.590683324;0.613602956;0.638215388;0.664526043;0.692540716;0.722265745;0.753708230;0.786876294;0.821779396;0.858428680;0.896837360;0.937021135;0.978998615;1.022791744;1.068426206;1.115931776;1.165342609;1.216697403;1.270039420;1.325416310;1.382879674;1.442484315;1.504287112;1.568345420;1.634714921;1.703446833;1.774584346;1.848158197;1.924181220;2.002641747;2.083495696;2.166657172;2.251987393;;;;;;;;;;;;;;;;;;;;;;;;;
-2.500;;;;;;;;;;;;;;;;;;;;;;;2.709201401;2.617350518;2.524912686;2.432715555;2.341421161;2.251551007;2.163508135;2.077596465;1.994037676;1.912985857;1.834540157;1.758755660;1.685652649;1.615224461;1.547444089;1.482269677;1.419649045;1.359523382;1.301830196;1.246505651;1.193486359;1.142710732;1.094119943;1.047658592;1.003275099;0.960921916;0.920555559;0.882136539;0.845629188;0.811001437;0.778224553;0.747272852;0.718123417;0.690755813;0.665151832;0.641295242;0.619171582;0.598767967;0.580072935;0.563076311;0.547769101;0.534143409;0.522192367;0.511910087;0.503291622;0.496332929;0.491030843;0.487383046;0.485388040;0.485045104;0.486354258;0.489316209;0.493932295;0.500204417;0.508134974;0.517726780;0.528982992;0.541907037;0.556502538;0.572773260;0.590723065;0.610355887;0.631675736;0.654686726;0.679393141;0.705799542;0.733910908;0.763732829;0.795271744;0.828535218;0.863532267;0.900273724;0.938772630;0.979044652;1.021108508;1.064986385;1.110704330;1.158292585;1.207785835;1.259223345;1.312648930;1.368110712;1.425660618;1.485353549;1.547246146;1.611395082;1.677854786;1.746674497;1.817894542;1.891541721;1.967623653;2.046121951;2.126984058;2.210113575;2.295358887;;;;;;;;;;;;;;;;;;;;;;;;;
-2.600;;;;;;;;;;;;;;;;;;;;;;;2.756922886;2.667143140;2.576229709;2.485099710;2.394493579;2.305001190;2.217084908;2.131099830;2.047311501;1.965911340;1.887030014;1.810748965;1.737110283;1.666125121;1.597780799;1.532046766;1.468879548;1.408226813;1.350030677;1.294230338;1.240764150;1.189571215;1.140592567;1.093772018;1.049056726;1.006397540;0.965749162;0.927070173;0.890322951;0.855473511;0.822491303;0.791348964;0.762022065;0.734488850;0.708729988;0.684728331;0.662468699;0.641937683;0.623123474;0.606015712;0.590605358;0.576884593;0.564846721;0.554486099;0.545798070;0.538778909;0.533425768;0.529736629;0.527710251;0.527346120;0.528644385;0.531605805;0.536231670;0.542523740;0.550484165;0.560115406;0.571420169;0.584401328;0.599061868;0.615404835;0.633433306;0.653150379;0.674559191;0.697662968;0.722465108;0.748969303;0.777179706;0.807101141;0.838739355;0.872101316;0.907195554;0.944032529;0.982625041;1.022988643;1.065142070;1.109107646;1.154911663;1.202584689;1.252161797;1.303682650;1.357191428;1.412736523;1.470369962;1.530146489;1.592122234;1.656352882;1.722891269;1.791784282;1.863068971;1.936767737;2.012882478;2.091387522;2.172221214;2.255275952;;;;;;;;;;;;;;;;;;;;;;;;;;
-2.700;;;;;;;;;;;;;;;;;;;;;;;;2.717534590;2.628466889;2.538672998;2.448978285;2.360046899;2.272405837;2.186466132;2.102541457;2.020864361;1.941600401;1.864860360;1.790710767;1.719182893;1.650280397;1.583985775;1.520265759;1.459075785;1.400363662;1.344072538;1.290143271;1.238516277;1.189132948;1.141936707;1.096873752;1.053893556;1.012949161;0.973997319;0.936998501;0.901916823;0.868719894;0.837378627;0.807867015;0.780161906;0.754242756;0.730091409;0.707691872;0.687030118;0.668093901;0.650872592;0.635357031;0.621539404;0.609413127;0.598972751;0.590213868;0.583133037;0.577727706;0.573996141;0.571937356;0.571551040;0.572837486;0.575797512;0.580432386;0.586743745;0.594733517;0.604403842;0.615756998;0.628795338;0.643521232;0.659937033;0.678045053;0.697847570;0.719346861;0.742545268;0.767445298;0.794049767;0.822361984;0.852385978;0.884126766;0.917590674;0.952785682;0.989721810;1.028411530;1.068870187;1.111116419;1.155172563;1.201065011;1.248824505;1.298486323;1.350090334;1.403680865;1.459306339;1.517018620;1.576872008;1.638921798;1.703222341;1.769824492;1.838772360;1.910099251;1.983822655;2.059938179;2.138412242;2.219173396;2.302102082;;;;;;;;;;;;;;;;;;;;;;;;;;
-2.800;;;;;;;;;;;;;;;;;;;;;;;;;2.681389552;2.593239088;2.504712895;2.416555687;2.329364768;2.243612216;2.159664404;2.077799105;1.998220409;1.921071675;1.846446728;1.774399474;1.704952114;1.638102116;1.573828079;1.512094639;1.452856522;1.396061866;1.341654898;1.289578070;1.239773728;1.192185378;1.146758634;1.103441878;1.062186707;1.022948190;0.985684989;0.950359364;0.916937097;0.885387359;0.855682528;0.827797990;0.801711923;0.777405079;0.754860573;0.734063674;0.715001615;0.697663418;0.682039729;0.668122673;0.655905719;0.645383558;0.636551991;0.629407828;0.623948788;0.620173406;0.618080941;0.617671288;0.618944885;0.621902627;0.626545772;0.632875857;0.640894611;0.650603875;0.662005526;0.675101420;0.689893336;0.706382953;0.724571834;0.744461450;0.766053222;0.789348606;0.814349211;0.841056959;0.869474285;0.899604385;0.931451502;0.965021255;1.000321001;1.037360234;1.076150998;1.116708309;1.159050581;1.203200011;1.249182927;1.297030053;1.346776670;1.398462621;1.452132131;1.507833376;1.565617752;1.625538779;1.687650557;1.752005696;1.818652633;1.887632222;1.958973494;2.032688452;2.108765780;2.187163294;2.267798991;;;;;;;;;;;;;;;;;;;;;;;;;;;
-2.900;;;;;;;;;;;;;;;;;;;;;;;;;2.734727503;2.648570448;2.561507770;2.474371465;2.387835203;2.302437573;2.218602565;2.136657573;2.056849153;1.979356743;1.904304569;1.831771914;1.761801935;1.694409181;1.629585959;1.567307698;1.507537412;1.450229395;1.395332236;1.342791257;1.292550441;1.244553946;1.198747253;1.155078015;1.113496655;1.073956766;1.036415341;1.000832879;0.967173385;0.935404301;0.905496376;0.877423502;0.851162528;0.826693055;0.803997232;0.783059552;0.763866656;0.746407145;0.730671402;0.716651428;0.704340687;0.693733962;0.684827224;0.677617500;0.672102754;0.668281774;0.666154055;0.665719694;0.666979280;0.669933791;0.674584492;0.680932836;0.688980372;0.698728663;0.710179208;0.723333383;0.738192397;0.754757268;0.773028822;0.793007725;0.814694542;0.838089833;0.863194291;0.890008915;0.918535229;0.948775547;0.980733273;1.014413242;1.049822101;1.086968710;1.125864561;1.166524208;1.208965678;1.253210853;1.299285800;1.347221009;1.397051520;1.448816886;1.502560935;1.558331276;1.616178489;1.676154932;1.738313086;1.802703370;1.869371303;1.938353940;2.009675446;2.083341691;2.159333729;2.237600003;2.318047117;;;;;;;;;;;;;;;;;;;;;;;;;;;
-3.000;;;;;;;;;;;;;;;;;;;;;;;;;;2.704404259;2.619142340;2.533311192;2.447667334;2.362821710;2.279261192;2.197367535;2.117433996;2.039679877;1.964263172;1.891291530;1.820831698;1.752917625;1.687557355;1.624738874;1.564435014;1.506607539;1.451210524;1.398193107;1.347501711;1.299081805;1.252879280;1.208841498;1.166918054;1.127061332;1.089226857;1.053373505;1.019463601;0.987462909;0.957340571;0.929068982;0.902623633;0.877982933;0.855128017;0.834042545;0.814712503;0.797126009;0.781273125;0.767145670;0.754737053;0.744042107;0.735056927;0.727778729;0.722205698;0.718336857;0.716171927;0.715711203;0.716955427;0.719905668;0.724563205;0.730929422;0.739005705;0.748793355;0.760293508;0.773507077;0.788434710;0.805076772;0.823433358;0.843504323;0.865289365;0.888788131;0.914000366;0.940926106;0.969565914;0.999921154;1.031994312;1.065789347;1.101312084;1.138570620;1.177575753;1.218341405;1.260885032;1.305227995;1.351395867;1.399418651;1.449330866;1.501171464;1.554983542;1.610813775;1.668711521;1.728727538;1.790912218;1.855313264;1.921972717;1.990923221;2.062183410;2.135752298;2.211602525;2.289672306;;;;;;;;;;;;;;;;;;;;;;;;;;;;
-3.100;;;;;;;;;;;;;;;;;;;;;;;;;;2.760437755;2.677360860;2.593161048;2.508684593;2.424621046;2.341525811;2.259840081;2.179908385;2.101993976;2.026292264;1.952942507;1.882037922;1.813634395;1.747757940;1.684411055;1.623578086;1.565229743;1.509326851;1.455823446;1.404669307;1.355811985;1.309198422;1.264776212;1.222494551;1.182304950;1.144161728;1.108022342;1.073847574;1.041601613;1.011252053;0.982769818;0.956129048;0.931306947;0.908283605;0.887041811;0.867566851;0.849846315;0.833869890;0.819629170;0.807117465;0.796329612;0.787261803;0.779911411;0.774276820;0.770357270;0.768152699;0.767663594;0.768890849;0.771835628;0.776499234;0.782882990;0.790988131;0.800815705;0.812366497;0.825640963;0.840639198;0.857360914;0.875805463;0.895971881;0.917858977;0.941465449;0.966790055;0.993831813;1.022590254;1.053065711;1.085259653;1.119175047;1.154816761;1.192191978;1.231310625;1.272185799;1.314834168;1.359276327;1.405537090;1.453645673;1.503635750;1.555545321;1.609416363;1.665294190;1.723226486;1.783261908;1.845448215;1.909829813;1.976444627;2.045320203;2.116468898;2.189882066;2.265523058;;;;;;;;;;;;;;;;;;;;;;;;;;;;;
-3.200;;;;;;;;;;;;;;;;;;;;;;;;;;;2.735867540;2.653671992;2.570679626;2.487665285;2.405258945;2.323966697;2.244189252;2.166238222;2.090350386;2.016700132;1.945410279;1.876561428;1.810200016;1.746345204;1.684994742;1.626129927;1.569719754;1.515724387;1.464098003;1.414791126;1.367752498;1.322930568;1.280274647;1.239735790;1.201267448;1.164825918;1.130370642;1.097864384;1.067273293;1.038566892;1.011718012;0.986702666;0.963499898;0.942091609;0.922462364;0.904599189;0.888491367;0.874130227;0.861508946;0.850622337;0.841466657;0.834039410;0.828339163;0.824365356;0.822118134;0.821598171;0.822806513;0.825744418;0.830413216;0.836814178;0.844948391;0.854816658;0.866419414;0.879756662;0.894827934;0.911632282;0.930168301;0.950434180;0.972427803;0.996146875;1.021589107;1.048752426;1.077635246;1.108236763;1.140557307;1.174598715;1.210364736;1.247861455;1.287097727;1.328085591;1.370840672;1.415382518;1.461734871;1.509925821;1.559987824;1.611957518;1.665875316;1.721784695;1.779731136;1.839760633;1.901917700;1.966242783;2.032768979;2.101517961;2.172494982;2.245682832;2.321034606;;;;;;;;;;;;;;;;;;;;;;;;;;;;;
-3.300;;;;;;;;;;;;;;;;;;;;;;;;;;;;2.714554631;2.633409615;2.551753150;2.470296256;2.389615770;2.310173866;2.232335271;2.156382393;2.082528575;2.010929645;1.941693952;1.874891039;1.810559108;1.748711396;1.689341613;1.632428521;1.577939787;1.525835180;1.476069215;1.428593299;1.383357469;1.340311762;1.299407289;1.260597042;1.223836495;1.189084020;1.156301157;1.125452771;1.096507102;1.069435747;1.044213582;1.020818637;0.999231938;0.979437325;0.961421252;0.945172578;0.930682352;0.917943592;0.906951065;0.897701073;0.890191235;0.884420282;0.880387846;0.878094268;0.877540406;0.878727450;0.881656757;0.886329685;0.892747448;0.900910989;0.910820866;0.922477159;0.935879407;0.951026569;0.967917015;0.986548550;1.006918481;1.029023713;1.052860899;1.078426622;1.105717630;1.134731105;1.165464983;1.197918307;1.232091611;1.267987337;1.305610259;1.344967912;1.386071016;1.428933853;1.473574597;1.520015560;1.568283314;1.618408667;1.670426432;1.724374952;1.780295318;1.838230217;1.898222341;1.960312267;2.024535738;2.090920221;2.159480656;2.230214259;2.303094260;;;;;;;;;;;;;;;;;;;;;;;;;;;;;;
-3.400;;;;;;;;;;;;;;;;;;;;;;;;;;;;;2.696590823;2.616647398;2.536441987;2.456628443;2.377736075;2.300187839;2.224316384;2.150378140;2.078565647;2.009018304;1.941831704;1.877065693;1.814751301;1.754896676;1.697492124;1.642514363;1.589930101;1.539699004;1.491776143;1.446113993;1.402664039;1.361378050;1.322209068;1.285112158;1.250044959;1.216968065;1.185845271;1.156643699;1.129333845;1.103889542;1.080287871;1.058509027;1.038536155;1.020355150;1.003954454;0.989324830;0.976459133;0.965352074;0.955999991;0.948400609;0.942552810;0.938456415;0.936111953;0.935520459;0.936683271;0.939601836;0.944277538;0.950711535;0.958904619;0.968857090;0.980568663;0.994038396;1.009264648;1.026245072;1.044976642;1.065455724;1.087678181;1.111639529;1.137335126;1.164760423;1.193911238;1.224784091;1.257376560;1.291687678;1.327718351;1.365471789;1.404953930;1.446173859;1.489144173;1.533881297;1.580405701;1.628741988;1.678918832;1.730968689;1.784927259;1.840832627;1.898724018;1.958640098;2.020616735;2.084684133;2.150863231;2.219161274;2.289566407;;;;;;;;;;;;;;;;;;;;;;;;;;;;;;;
-3.500;;;;;;;;;;;;;;;;;;;;;;;;;;;;;;2.682068995;2.603463610;2.524813706;2.446721809;2.369674613;2.294059974;2.220181879;2.148273597;2.078509177;2.011013469;1.945870820;1.883132592;1.822823613;1.764947705;1.709492374;1.656432778;1.605735053;1.557359073;1.511260733;1.467393806;1.425711434;1.386167310;1.348716601;1.313316632;1.279927399;1.248511907;1.219036394;1.191470431;1.165786953;1.141962201;1.119975624;1.099809730;1.081449901;1.064884192;1.050103099;1.037099326;1.025867537;1.016404106;1.008706864;1.002774850;0.998608064;0.996207227;0.995573549;0.996708509;0.999613643;1.004290354;1.010739737;1.018962418;1.028958426;1.040727089;1.054266951;1.069575735;1.086650326;1.105486811;1.126080541;1.148426248;1.172518205;1.198350427;1.225916924;1.255211988;1.286230536;1.318968471;1.353423088;1.389593493;1.427481035;1.467089732;1.508426672;1.551502375;1.596331084;1.642930953;1.691324111;1.741536537;1.793597731;1.847540101;1.903398025;1.961206515;2.020999400;2.082806969;2.146652952;2.212550765;2.280498879;;;;;;;;;;;;;;;;;;;;;;;;;;;;;;;;
-3.600;;;;;;;;;;;;;;;;;;;;;;;;;;;;;;2.747690344;2.671085563;2.593942611;2.516943757;2.440645346;2.365495792;2.291851474;2.219990739;2.150126190;2.082415438;2.016970462;1.953865737;1.893145247;1.834828521;1.778915783;1.725392342;1.674232285;1.625401588;1.578860691;1.534566624;1.492474737;1.452540091;1.414718556;1.378967661;1.345247229;1.313519837;1.283751131;1.255910005;1.229968688;1.205902742;1.183690998;1.163315425;1.144760971;1.128015361;1.113068874;1.099914097;1.088545671;1.078960027;1.071155115;1.065130139;1.060885289;1.058421477;1.057740091;1.058842748;1.061731071;1.066406474;1.072869970;1.081122006;1.091162314;1.102989798;1.116602452;1.131997305;1.149170417;1.168116902;1.188831006;1.211306221;1.235535447;1.261511207;1.289225898;1.318672094;1.349842886;1.382732255;1.417335480;1.453649561;1.491673644;1.531409448;1.572861654;1.616038253;1.660950811;1.707614636;1.756048794;1.806275947;1.858321956;1.912215209;1.967985589;2.025663047;2.085275671;2.146847196;2.210393842;2.275920380;;;;;;;;;;;;;;;;;;;;;;;;;;;;;;;;;
-3.700;;;;;;;;;;;;;;;;;;;;;;;;;;;;;;;2.738981934;2.663741483;2.588175064;2.512915024;2.438476095;2.365272261;2.293631652;2.223809669;2.156000493;2.090347151;2.026950286;1.965875764;1.907161240;1.850821806;1.796854812;1.745243974;1.695962830;1.648977644;1.604249821;1.561737885;1.521399099;1.483190756;1.447071197;1.413000597;1.380941548;1.350859474;1.322722902;1.296503618;1.272176719;1.249720590;1.229116810;1.210350009;1.193407679;1.178279954;1.164959367;1.153440585;1.143720134;1.135796113;1.129667915;1.125335932;1.122801283;1.122065538;1.123130454;1.125997732;1.130668786;1.137144534;1.145425214;1.155510229;1.167398017;1.181085960;1.196570333;1.213846280;1.232907851;1.253748069;1.276359048;1.300732164;1.326858265;1.354727934;1.384331795;1.415660853;1.448706880;1.483462817;1.519923197;1.558084576;1.597945941;1.639509094;1.682778980;1.727763932;1.774475801;1.822929937;1.873144971;1.925142368;1.978945667;2.034579378;2.092067444;2.151431199;2.212686743;2.275841623;2.340890734;;;;;;;;;;;;;;;;;;;;;;;;;;;;;;;;;
-3.800;;;;;;;;;;;;;;;;;;;;;;;;;;;;;;;;2.733883987;2.660141938;2.586256980;2.512816356;2.440297270;2.369082726;2.299475515;2.231710531;2.165965575;2.102370803;2.041016952;1.981962477;1.925239711;1.870860164;1.818819042;1.769099096;1.721673869;1.676510407;1.633571522;1.592817645;1.554208330;1.517703457;1.483264177;1.450853630;1.420437477;1.391984266;1.365465667;1.340856590;1.318135209;1.297282906;1.278284156;1.261126352;1.245799598;1.232296462;1.220611712;1.210742030;1.202685716;1.196442384;1.192012664;1.189397897;1.188599848;1.189620417;1.192461382;1.197124141;1.203609496;1.211917443;1.222047011;1.233996115;1.247761460;1.263338475;1.280721294;1.299902776;1.320874581;1.343627287;1.368150554;1.394433347;1.422464193;1.452231495;1.483723874;1.516930555;1.551841769;1.588449177;1.626746290;1.666728872;1.708395311;1.751746922;1.796788171;1.843526767;1.891973601;1.942142483;1.994049617;2.047712779;2.103150119;2.160378516;2.219411422;2.280256097;2.342910131;;;;;;;;;;;;;;;;;;;;;;;;;;;;;;;;;;
-3.900;;;;;;;;;;;;;;;;;;;;;;;;;;;;;;;;;2.732514999;2.660394791;2.588287679;2.516740136;2.446195528;2.377009011;2.309460689;2.243767193;2.180091841;2.118553524;2.059234433;2.002186772;1.947438550;1.894998550;1.844860586;1.797007108;1.751412252;1.708044384;1.666868216;1.627846536;1.590941611;1.556116303;1.523334939;1.492563967;1.463772431;1.436932293;1.412018622;1.389009679;1.367886901;1.348634820;1.331240913;1.315695404;1.301991026;1.290122753;1.280087510;1.271883867;1.265511721;1.260971978;1.258266236;1.257396472;1.258364742;1.261172893;1.265822296;1.272313608;1.280646546;1.290819708;1.302830420;1.316674622;1.332346796;1.349839937;1.369145575;1.390253837;1.413153569;1.437832500;1.464277459;1.492474639;1.522409909;1.554069157;1.587438675;1.622505559;1.659258129;1.697686341;1.737782177;1.779540000;1.822956839;1.868032577;1.914770010;1.963174744;2.013254870;2.065020376;2.118482249;2.173651176;2.230535804;2.289140449;2.349462193;;;;;;;;;;;;;;;;;;;;;;;;;;;;;;;;;;;
-4.000;;;;;;;;;;;;;;;;;;;;;;;;;;;;;;;;;;2.734992805;2.664607891;2.594366719;2.524778935;2.456257435;2.389132405;2.323663715;2.260051830;2.198447376;2.138959513;2.081663209;2.026605563;1.973811252;1.923287214;1.875026648;1.829012402;1.785219839;1.743619221;1.704177690;1.666860882;1.631634232;1.598464005;1.567318091;1.538166598;1.510982274;1.485740776;1.462420816;1.441004206;1.421475807;1.403823411;1.388037560;1.374111320;1.362040012;1.351820923;1.343452989;1.336936469;1.332272607;1.329463303;1.328510776;1.329417250;1.332184643;1.336814286;1.343306656;1.351661147;1.361875862;1.373947454;1.387870996;1.403639898;1.421245873;1.440678946;1.461927518;1.484978476;1.509817358;1.536428572;1.564795653;1.594901574;1.626729090;1.660261120;1.695481140;1.732373597;1.770924311;1.811120851;1.852952871;1.896412369;1.941493845;1.988194321;2.036513185;2.086451814;2.138012915;2.191199540;2.246013697;2.302454494;2.360515727;;;;;;;;;;;;;;;;;;;;;;;;;;;;;;;;;;;;
-4.100;;;;;;;;;;;;;;;;;;;;;;;;;;;;;;;;;;;;2.672885277;2.604589849;2.537021289;2.470565139;2.405529294;2.342155695;2.280630629;2.221093751;2.163645980;2.108356367;2.055268046;2.004403379;1.955768361;1.909356385;1.865151435;1.823130769;1.783267160;1.745530743;1.709890522;1.676315577;1.644776011;1.615243670;1.587692676;1.562099788;1.538444621;1.516709746;1.496880693;1.478945857;1.462896349;1.448725781;1.436430005;1.426006823;1.417455663;1.410777249;1.405973247;1.403045917;1.401997764;1.402831204;1.405548230;1.410150115;1.416637127;1.425008277;1.435261103;1.447391485;1.461393510;1.477259372;1.494979330;1.514541704;1.535932938;1.559137697;1.584139038;1.610918609;1.639456917;1.669733628;1.701727909;1.735418803;1.770785615;1.807808320;1.846467946;1.886746940;1.928629476;1.972101689;2.017151800;2.063770092;2.111948702;2.161681183;2.212961773;2.265784323;2.320140810;;;;;;;;;;;;;;;;;;;;;;;;;;;;;;;;;;;;;;
-4.200;;;;;;;;;;;;;;;;;;;;;;;;;;;;;;;;;;;;;2.685322310;2.619043978;2.553546585;2.489191236;2.426266060;2.364997269;2.305558882;2.248081259;2.192658549;2.139355184;2.088211493;2.039248554;1.992472351;1.947877318;1.905449338;1.865168270;1.827010039;1.790948361;1.756956146;1.725006602;1.695074108;1.667134854;1.641167313;1.617152536;1.595074325;1.574919285;1.556676774;1.540338780;1.525899724;1.513356218;1.502706771;1.493951467;1.487091626;1.482129441;1.479067615;1.477908995;1.478656219;1.481311368;1.485875643;1.492349064;1.500730202;1.511015940;1.523201277;1.537279172;1.553240437;1.571073676;1.590765278;1.612299461;1.635658373;1.660822242;1.687769583;1.716477450;1.746921733;1.779077494;1.812919332;1.848421764;1.885559614;1.924308384;1.964644601;2.006546098;2.049992220;2.094963908;2.141443633;2.189415131;2.238862901;2.289771397;2.342123866;;;;;;;;;;;;;;;;;;;;;;;;;;;;;;;;;;;;;;;
-4.300;;;;;;;;;;;;;;;;;;;;;;;;;;;;;;;;;;;;;;2.701999746;2.637801185;2.574419066;2.512192816;2.451393218;2.392232871;2.334875397;2.279443504;2.226026040;2.174684123;2.125456452;2.078363879;2.033413337;1.990601170;1.949915962;1.911340892;1.874855698;1.840438280;1.808065990;1.777716651;1.749369337;1.723004951;1.698606617;1.676159924;1.655653041;1.637076718;1.620424192;1.605691021;1.592874853;1.581975143;1.572992832;1.565930003;1.560789508;1.557574597;1.556288532;1.556934219;1.559513841;1.564028519;1.570477987;1.578860306;1.589171610;1.601405888;1.615554813;1.631607623;1.649551040;1.669369257;1.691043967;1.714554454;1.739877737;1.766988762;1.795860653;1.826464994;1.858772159;1.892751668;1.928372549;1.965603719;2.004414331;2.044774103;2.086653568;2.130024245;2.174858687;2.221130360;2.268813327;2.317881669;2.368308604;;;;;;;;;;;;;;;;;;;;;;;;;;;;;;;;;;;;;;;;
-4.400;;;;;;;;;;;;;;;;;;;;;;;;;;;;;;;;;;;;;;;;2.660911708;2.599680876;2.539604618;2.480938706;2.423884198;2.368596149;2.315191260;2.263754542;2.214345122;2.167001258;2.121744662;2.078584194;2.037519007;1.998541191;1.961637988;1.926793615;1.893990751;1.863211720;1.834439421;1.807658022;1.782853459;1.760013767;1.739129257;1.720192580;1.703198669;1.688144607;1.675029416;1.663853786;1.654619759;1.647330384;1.641989340;1.638600549;1.637167785;1.637694281;1.640182349;1.644633021;1.651045706;1.659417884;1.669744830;1.682019379;1.696231742;1.712369362;1.730416826;1.750355829;1.772165198;1.795820966;1.821296504;1.848562707;1.877588225;1.908339745;1.940782299;1.974879609;2.010594441;2.047888955;2.086725043;2.127064619;2.168869850;2.212103287;2.256727859;2.302706715;2.350002833;2.398578376;;;;;;;;;;;;;;;;;;;;;;;;;;;;;;;;;;;;;;;;;
-4.500;;;;;;;;;;;;;;;;;;;;;;;;;;;;;;;;;;;;;;;;;2.688395875;2.629344112;2.571431229;2.514900268;2.459942776;2.406707069;2.355305473;2.305820641;2.258311042;2.212815704;2.169358294;2.127950601;2.088595486;2.051289369;2.016024288;1.982789596;1.951573328;1.922363286;1.895147868;1.869916683;1.846660972;1.825373870;1.806050523;1.788688089;1.773285639;1.759843967;1.748365344;1.738853211;1.731311827;1.725745899;1.722160181;1.720559073;1.720946214;1.723324083;1.727693623;1.734053878;1.742401666;1.752731285;1.765034260;1.779299137;1.795511321;1.813652971;1.833702953;1.855636841;1.879426980;1.905042605;1.932450013;1.961612779;1.992492022;2.025046707;2.059233961;2.095009418;2.132327541;2.171141941;2.211405637;2.253071245;2.296091077;2.340417086;2.386000645;;;;;;;;;;;;;;;;;;;;;;;;;;;;;;;;;;;;;;;;;;;
-4.600;;;;;;;;;;;;;;;;;;;;;;;;;;;;;;;;;;;;;;;;;;;2.663381772;2.607638218;2.553236784;2.500361521;2.449155821;2.399729273;2.352163654;2.306518122;2.262833695;2.221137102;2.181444060;2.143762045;2.108092613;2.074433317;2.042779278;2.013124431;1.985462510;1.959787784;1.936095584;1.914382652;1.894647329;1.876889612;1.861111099;1.847314833;1.835505075;1.825687009;1.817866405;1.812049236;1.808241283;1.806447714;1.806672671;1.808918853;1.813187119;1.819476111;1.827781902;1.838097685;1.850413498;1.864715998;1.880988281;1.899209757;1.919356085;1.941399155;1.965307139;1.991044589;2.018572593;2.047848978;2.078828559;2.111463414;2.145703196;2.181495440;2.218785874;2.257518701;2.297636828;2.339082021;2.381794952;;;;;;;;;;;;;;;;;;;;;;;;;;;;;;;;;;;;;;;;;;;;;
-4.700;;;;;;;;;;;;;;;;;;;;;;;;;;;;;;;;;;;;;;;;;;;;2.701717470;2.648142068;2.595858433;2.545045125;2.495842418;2.448358807;2.402676682;2.358857235;2.316944696;2.276969960;2.238953663;2.202908781;2.168842789;2.136759443;2.106660212;2.078545423;2.052415135;2.028269779;2.006110608;1.985939962;1.967761394;1.951579656;1.937400591;1.925230930;1.915078015;1.906949469;1.900852824;1.896795114;1.894782451;1.894819602;1.896909553;1.901053096;1.907248435;1.915490812;1.925772176;1.938080886;1.952401465;1.968714397;1.986995985;2.007218263;2.029348962;2.053351535;2.079185246;2.106805297;2.136163020;2.167206100;2.199878836;2.234122420;2.269875230;2.307073104;2.345649595;2.385536163;2.426662287;;;;;;;;;;;;;;;;;;;;;;;;;;;;;;;;;;;;;;;;;;;;;;
-4.800;;;;;;;;;;;;;;;;;;;;;;;;;;;;;;;;;;;;;;;;;;;;;;2.692798742;2.642615490;2.593839081;2.546608477;2.501032715;2.457196277;2.415163733;2.374983734;2.336692423;2.300316324;2.265874762;2.233381872;2.202848237;2.174282201;2.147690893;2.123081001;2.100459319;2.079833112;2.061210305;2.044599534;2.030010081;2.017451702;2.006934378;1.998467994;1.992061977;1.987724887;1.985463993;1.985284831;1.987190763;1.991182543;1.997257906;2.005411175;2.015632905;2.027909569;2.042223285;2.058551596;2.076867301;2.097138348;2.119327778;2.143393729;2.169289500;2.196963663;2.226360227;2.257418840;2.290075026;2.324260441;2.359903127;2.396927771;2.435255906;;;;;;;;;;;;;;;;;;;;;;;;;;;;;;;;;;;;;;;;;;;;;;;;
-4.900;;;;;;;;;;;;;;;;;;;;;;;;;;;;;;;;;;;;;;;;;;;;;;;;;2.646517148;2.601224880;2.557519969;2.515490455;2.475205605;2.436719671;2.400075094;2.365305204;2.332436471;2.301490365;2.272484849;2.245435575;2.220356790;2.197262007;2.176164463;2.157077396;2.140014160;2.124988209;2.112012967;2.101101608;2.092266755;2.085520124;2.080872124;2.078331427;2.077904517;2.079595244;2.083404367;2.089329127;2.097362838;2.107494505;2.119708488;2.133984211;2.150295909;2.168612446;2.188897176;2.211107866;2.235196678;2.261110208;2.288789572;2.318170545;2.349183740;2.381754815;2.415804697;2.451249812;;;;;;;;;;;;;;;;;;;;;;;;;;;;;;;;;;;;;;;;;;;;;;;;;;
-5.000;;;;;;;;;;;;;;;;;;;;;;;;;;;;;;;;;;;;;;;;;;;;;;;;;;;2.659377584;2.617505845;2.577244792;2.538669668;2.501841462;2.466809903;2.433615980;2.402294030;2.372873440;2.345380009;2.319837017;2.296266024;2.274687432;2.255120857;2.237585319;2.222099284;2.208680582;2.197346218;2.188112098;2.180992687;2.176000617;2.173146256;2.172437252;2.173878075;2.177469552;2.183208417;2.191086883;2.201092240;2.213206497;2.227406063;2.243661475;2.261937183;2.282191393;2.304375961;2.328436347;2.354311630;2.381934565;2.411231696;2.442123503;;;;;;;;;;;;;;;;;;;;;;;;;;;;;;;;;;;;;;;;;;;;;;;;;;;;;
-5.100;;;;;;;;;;;;;;;;;;;;;;;;;;;;;;;;;;;;;;;;;;;;;;;;;;;;;;2.642046246;2.605145433;2.569942018;2.536493934;2.504850594;2.475054816;2.447144375;2.421153238;2.397112499;2.375051074;2.354996162;2.336973525;2.321007593;2.307121442;2.295336638;2.285672998;2.278148264;2.272777724;2.269573783;2.268545509;2.269698159;2.273032708;2.278545378;2.286227195;2.296063563;2.308033884;2.322111211;2.338261952;2.356445633;2.376614702;2.398714407;2.422682714;2.448450294;;;;;;;;;;;;;;;;;;;;;;;;;;;;;;;;;;;;;;;;;;;;;;;;;;;;;;;;
-5.200;;;;;;;;;;;;;;;;;;;;;;;;;;;;;;;;;;;;;;;;;;;;;;;;;;;;;;;;;2.640499299;2.608610397;2.578498045;2.550214030;2.523804852;2.499312817;2.476776859;2.456233119;2.437715313;2.421254918;2.406881201;2.394621123;2.384499126;2.376536836;2.370752694;2.367161544;2.365774165;2.366596806;2.369630693;2.374871549;2.382309129;2.391926775;2.403701009;2.417601164;2.433589060;2.451618734;2.471636225;;;;;;;;;;;;;;;;;;;;;;;;;;;;;;;;;;;;;;;;;;;;;;;;;;;;;;;;;;;
-5.300;;;;;;;;;;;;;;;;;;;;;;;;;;;;;;;;;;;;;;;;;;;;;;;;;;;;;;;;;;;;;;;2.579231968;2.558209466;2.539197117;2.522234659;2.507358626;2.494602312;2.483995595;2.475564674;2.469331720;2.465314467;2.463525759;2.463973072;2.466658018;2.471575849;2.478714970;2.488056483;;;;;;;;;;;;;;;;;;;;;;;;;;;;;;;;;;;;;;;;;;;;;;;;;;;;;;;;;;;;;;;;
-5.400;;;;;;;;;;;;;;;;;;;;;;;;;;;;;;;;;;;;;;;;;;;;;;;;;;;;;;;;;;;;;;;;;;;;;;;;;;;;;;;;;;;;;;;;;;;;;;;;;;;;;;;;;;;;;;;;;;;;;;;;;;;;;;;;;;;;;;;;;;;;;;
-5.500;;;;;;;;;;;;;;;;;;;;;;;;;;;;;;;;;;;;;;;;;;;;;;;;;;;;;;;;;;;;;;;;;;;;;;;;;;;;;;;;;;;;;;;;;;;;;;;;;;;;;;;;;;;;;;;;;;;;;;;;;;;;;;;;;;;;;;;;;;;;;;
-5.600;;;;;;;;;;;;;;;;;;;;;;;;;;;;;;;;;;;;;;;;;;;;;;;;;;;;;;;;;;;;;;;;;;;;;;;;;;;;;;;;;;;;;;;;;;;;;;;;;;;;;;;;;;;;;;;;;;;;;;;;;;;;;;;;;;;;;;;;;;;;;;
-5.700;;;;;;;;;;;;;;;;;;;;;;;;;;;;;;;;;;;;;;;;;;;;;;;;;;;;;;;;;;;;;;;;;;;;;;;;;;;;;;;;;;;;;;;;;;;;;;;;;;;;;;;;;;;;;;;;;;;;;;;;;;;;;;;;;;;;;;;;;;;;;;
-5.800;;;;;;;;;;;;;;;;;;;;;;;;;;;;;;;;;;;;;;;;;;;;;;;;;;;;;;;;;;;;;;;;;;;;;;;;;;;;;;;;;;;;;;;;;;;;;;;;;;;;;;;;;;;;;;;;;;;;;;;;;;;;;;;;;;;;;;;;;;;;;;
-5.900;;;;;;;;;;;;;;;;;;;;;;;;;;;;;;;;;;;;;;;;;;;;;;;;;;;;;;;;;;;;;;;;;;;;;;;;;;;;;;;;;;;;;;;;;;;;;;;;;;;;;;;;;;;;;;;;;;;;;;;;;;;;;;;;;;;;;;;;;;;;;;
-6.000;;;;;;;;;;;;;;;;;;;;;;;;;;;;;;;;;;;;;;;;;;;;;;;;;;;;;;;;;;;;;;;;;;;;;;;;;;;;;;;;;;;;;;;;;;;;;;;;;;;;;;;;;;;;;;;;;;;;;;;;;;;;;;;;;;;;;;;;;;;;;;
-6.100;;;;;;;;;;;;;;;;;;;;;;;;;;;;;;;;;;;;;;;;;;;;;;;;;;;;;;;;;;;;;;;;;;;;;;;;;;;;;;;;;;;;;;;;;;;;;;;;;;;;;;;;;;;;;;;;;;;;;;;;;;;;;;;;;;;;;;;;;;;;;;
-6.200;;;;;;;;;;;;;;;;;;;;;;;;;;;;;;;;;;;;;;;;;;;;;;;;;;;;;;;;;;;;;;;;;;;;;;;;;;;;;;;;;;;;;;;;;;;;;;;;;;;;;;;;;;;;;;;;;;;;;;;;;;;;;;;;;;;;;;;;;;;;;;
-6.300;;;;;;;;;;;;;;;;;;;;;;;;;;;;;;;;;;;;;;;;;;;;;;;;;;;;;;;;;;;;;;;;;;;;;;;;;;;;;;;;;;;;;;;;;;;;;;;;;;;;;;;;;;;;;;;;;;;;;;;;;;;;;;;;;;;;;;;;;;;;;;
-6.400;;;;;;;;;;;;;;;;;;;;;;;;;;;;;;;;;;;;;;;;;;;;;;;;;;;;;;;;;;;;;;;;;;;;;;;;;;;;;;;;;;;;;;;;;;;;;;;;;;;;;;;;;;;;;;;;;;;;;;;;;;;;;;;;;;;;;;;;;;;;;;
-6.500;;;;;;;;;;;;;;;;;;;;;;;;;;;;;;;;;;;;;;;;;;;;;;;;;;;;;;;;;;;;;;;;;;;;;;;;;;;;;;;;;;;;;;;;;;;;;;;;;;;;;;;;;;;;;;;;;;;;;;;;;;;;;;;;;;;;;;;;;;;;;;
-6.600;;;;;;;;;;;;;;;;;;;;;;;;;;;;;;;;;;;;;;;;;;;;;;;;;;;;;;;;;;;;;;;;;;;;;;;;;;;;;;;;;;;;;;;;;;;;;;;;;;;;;;;;;;;;;;;;;;;;;;;;;;;;;;;;;;;;;;;;;;;;;;
-6.700;;;;;;;;;;;;;;;;;;;;;;;;;;;;;;;;;;;;;;;;;;;;;;;;;;;;;;;;;;;;;;;;;;;;;;;;;;;;;;;;;;;;;;;;;;;;;;;;;;;;;;;;;;;;;;;;;;;;;;;;;;;;;;;;;;;;;;;;;;;;;;
-6.800;;;;;;;;;;;;;;;;;;;;;;;;;;;;;;;;;;;;;;;;;;;;;;;;;;;;;;;;;;;;;;;;;;;;;;;;;;;;;;;;;;;;;;;;;;;;;;;;;;;;;;;;;;;;;;;;;;;;;;;;;;;;;;;;;;;;;;;;;;;;;;
-6.900;;;;;;;;;;;;;;;;;;;;;;;;;;;;;;;;;;;;;;;;;;;;;;;;;;;;;;;;;;;;;;;;;;;;;;;;;;;;;;;;;;;;;;;;;;;;;;;;;;;;;;;;;;;;;;;;;;;;;;;;;;;;;;;;;;;;;;;;;;;;;;
-7.000;;;;;;;;;;;;;;;;;;;;;;;;;;;;;;;;;;;;;;;;;;;;;;;;;;;;;;;;;;;;;;;;;;;;;;;;;;;;;;;;;;;;;;;;;;;;;;;;;;;;;;;;;;;;;;;;;;;;;;;;;;;;;;;;;;;;;;;;;;;;;;
BACK related to FRONT [mm];-7.000;-6.900;-6.800;-6.700;-6.600;-6.500;-6.400;-6.300;-6.200;-6.100;-6.000;-5.900;-5.800;-5.700;-5.600;-5.500;-5.400;-5.300;-5.200;-5.100;-5.000;-4.900;-4.800;-4.700;-4.600;-4.500;-4.400;-4.300;-4.200;-4.100;-4.000;-3.900;-3.800;-3.700;-3.600;-3.500;-3.400;-3.300;-3.200;-3.100;-3.000;-2.900;-2.800;-2.700;-2.600;-2.500;-2.400;-2.300;-2.200;-2.100;-2.000;-1.900;-1.800;-1.700;-1.600;-1.500;-1.400;-1.300;-1.200;-1.100;-1.000;-0.900;-0.800;-0.700;-0.600;-0.500;-0.400;-0.300;-0.200;-0.100;0.000;0.100;0.200;0.300;0.400;0.500;0.600;0.700;0.800;0.900;1.000;1.100;1.200;1.300;1.400;1.500;1.600;1.700;1.800;1.900;2.000;2.100;2.200;2.300;2.400;2.500;2.600;2.700;2.800;2.900;3.000;3.100;3.200;3.300;3.400;3.500;3.600;3.700;3.800;3.900;4.000;4.100;4.200;4.300;4.400;4.500;4.600;4.700;4.800;4.900;5.000;5.100;5.200;5.300;5.400;5.500;5.600;5.700;5.800;5.900;6.000;6.100;6.200;6.300;6.400;6.500;6.600;6.700;6.800;6.900;7.000;
7.000;;;;;;;;;;;;;;;;;;;;;;;;;;;;;;;;;;;;;;;;;;;;;;;;;;;;;;;;;;;;;;;;;;;;;;;;;;;;;;;;;;;;;;;;;;;;;;;;;;;;;;;;;;;;;;;;;;;;;;;;;;;;;;;;;;;;;;;;;;;;;;
6.900;;;;;;;;;;;;;;;;;;;;;;;;;;;;;;;;;;;;;;;;;;;;;;;;;;;;;;;;;;;;;;;;;;;;;;;;;;;;;;;;;;;;;;;;;;;;;;;;;;;;;;;;;;;;;;;;;;;;;;;;;;;;;;;;;;;;;;;;;;;;;;
6.800;;;;;;;;;;;;;;;;;;;;;;;;;;;;;;;;;;;;;;;;;;;;;;;;;;;;;;;;;;;;;;;;;;;;;;;;;;;;;;;;;;;;;;;;;;;;;;;;;;;;;;;;;;;;;;;;;;;;;;;;;;;;;;;;;;;;;;;;;;;;;;
6.700;;;;;;;;;;;;;;;;;;;;;;;;;;;;;;;;;;;;;;;;;;;;;;;;;;;;;;;;;;;;;;;;;;;;;;;;;;;;;;;;;;;;;;;;;;;;;;;;;;;;;;;;;;;;;;;;;;;;;;;;;;;;;;;;;;;;;;;;;;;;;;
6.600;;;;;;;;;;;;;;;;;;;;;;;;;;;;;;;;;;;;;;;;;;;;;;;;;;;;;;;;;;;;;;;;;;;;;;;;;;;;;;;;;;;;;;;;;;;;;;;;;;;;;;;;;;;;;;;;;;;;;;;;;;;;;;;;;;;;;;;;;;;;;;
6.500;;;;;;;;;;;;;;;;;;;;;;;;;;;;;;;;;;;;;;;;;;;;;;;;;;;;;;;;;;;;;;;;;;;;;;;;;;;;;;;;;;;;;;;;;;;;;;;;;;;;;;;;;;;;;;;;;;;;;;;;;;;;;;;;;;;;;;;;;;;;;;
6.400;;;;;;;;;;;;;;;;;;;;;;;;;;;;;;;;;;;;;;;;;;;;;;;;;;;;;;;;;;;;;;;;;;;;;;;;;;;;;;;;;;;;;;;;;;;;;;;;;;;;;;;;;;;;;;;;;;;;;;;;;;;;;;;;;;;;;;;;;;;;;;
6.300;;;;;;;;;;;;;;;;;;;;;;;;;;;;;;;;;;;;;;;;;;;;;;;;;;;;;;;;;;;;;;;;;;;;;;;;;;;;;;;;;;;;;;;;;;;;;;;;;;;;;;;;;;;;;;;;;;;;;;;;;;;;;;;;;;;;;;;;;;;;;;
6.200;;;;;;;;;;;;;;;;;;;;;;;;;;;;;;;;;;;;;;;;;;;;;;;;;;;;;;;;;;;;;;;;;;;;;;;;;;;;;;;;;;;;;;;;;;;;;;;;;;;;;;;;;;;;;;;;;;;;;;;;;;;;;;;;;;;;;;;;;;;;;;
6.100;;;;;;;;;;;;;;;;;;;;;;;;;;;;;;;;;;;;;;;;;;;;;;;;;;;;;;;;;;;;;;;;;;;;;;;;;;;;;;;;;;;;;;;;;;;;;;;;;;;;;;;;;;;;;;;;;;;;;;;;;;;;;;;;;;;;;;;;;;;;;;
6.000;;;;;;;;;;;;;;;;;;;;;;;;;;;;;;;;;;;;;;;;;;;;;;;;;;;;;;;;;;;;;;;;;;;;;;;;;;;;;;;;;;;;;;;;;;;;;;;;;;;;;;;;;;;;;;;;;;;;;;;;;;;;;;;;;;;;;;;;;;;;;;
5.900;;;;;;;;;;;;;;;;;;;;;;;;;;;;;;;;;;;;;;;;;;;;;;;;;;;;;;;;;;;;;;;;;;;;;;;;;;;;;;;;;;;;;;;;;;;;;;;;;;;;;;;;;;;;;;;;;;;;;;;;;;;;;;;;;;;;;;;;;;;;;;
5.800;;;;;;;;;;;;;;;;;;;;;;;;;;;;;;;;;;;;;;;;;;;;;;;;;;;;;;;;;;;;;;;;;;;;;;;;;;;;;;;;;;;;;;;;;;;;;;;;;;;;;;;;;;;;;;;;;;;;;;;;;;;;;;;;;;;;;;;;;;;;;;
5.700;;;;;;;;;;;;;;;;;;;;;;;;;;;;;;;;;;;;;;;;;;;;;;;;;;;;;;;;;;;;;;;;;;;;;;;;;;;;;;;;;;;;;;;;;;;;;;;;;;;;;;;;;;;;;;;;;;;;;;;;;;;;;;;;;;;;;;;;;;;;;;
5.600;;;;;;;;;;;;;;;;;;;;;;;;;;;;;;;;;;;;;;;;;;;;;;;;;;;;;;;;;;;;;;;;;;;;;;;;;;;;;;;;;;;;;;;;;;;;;;;;;;;;;;;;;;;;;;;;;;;;;;;;;;;;;;;;;;;;;;;;;;;;;;
5.500;;;;;;;;;;;;;;;;;;;;;;;;;;;;;;;;;;;;;;;;;;;;;;;;;;;;;;;;;;;;;;;;;;;;;;;;;;;;;;;;;;;;;;;;;;;;;;;;;;;;;;;;;;;;;;;;;;;;;;;;;;;;;;;;;;;;;;;;;;;;;;
5.400;;;;;;;;;;;;;;;;;;;;;;;;;;;;;;;;;;;;;;;;;;;;;;;;;;;;;;;;;;;;;;;;;;;;;;;;;;;;;;;;;;;;;;;;;;;;;;;;;;;;;;;;;;;;;;;;;;;;;;;;;;;;;;;;;;;;;;;;;;;;;;
5.300;;;;;;;;;;;;;;;;;;;;;;;;;;;;;;;;;;;;;;;;;;;;;;;;;;;;;;;;;;;;;;;;;;;;;;;;;;;;;;;;;;;;;;;;;;;;;;;;;;;;;;;;;;;;;;;;;;;;;;;;;;;;;;;;;;;;;;;;;;;;;;
5.200;;;;;;;;;;;;;;;;;;;;;;;;;;;;;;;;;;;;;;;;;;;;;;;;;;;;;;;;;;;;;;;;;;;;;;;;;;;;;;;;;;;;;;;;;;;;;;;;;;;;;;;;;;;;;;;;;;;;;;;;;;;;;;;;;;;;;;;;;;;;;;
5.100;;;;;;;;;;;;;;;;;;;;;;;;;;;;;;;;;;;;;;;;;;;;;;;;;;;;;;;;;;;;;;;;;;;;;;;;;;;;;;;;;;;;;;;;;;;;;;;;;;;;;;;;;;;;;;;;;;;;;;;;;;;;;;;;;;;;;;;;;;;;;;
5.000;;;;;;;;;;;;;;;;;;;;;;;;;;;;;;;;;;;;;;;;;;;;;;;;;;;;;;;;;;;;;;;;;;;;;;;;;;;;;;;;;;;;;;;;;;;;;;;;;;;;;;;;;;;;;;;;;;;;;;;;;;;;;;;;;;;;;;;;;;;;;;
4.900;;;;;;;;;;;;;;;;;;;;;;;;;;;;;;;;;;;;;;;;;;;;;;;;;;;;;;;;;;;;;;;;;;;;;;;;;;;;;;;;;;;;;;;;;;;;;;;;;;;;;;;;;;;;;;;;;;;;;;;;;;;;;;;;;;;;;;;;;;;;;;
4.800;;;;;;;;;;;;;;;;;;;;;;;;;;;;;;;;;;;;;;;;;;;;;;;;;;;;;;;;;;;;;;;;;;;;;;;;;;;;;;;;;;;;;;;;;;;;;;;;;;;;;;;;;;;;;;;;;;;;;;;;;;;;;;;;;;;;;;;;;;;;;;
4.700;;;;;;;;;;;;;;;;;;;;;;;;;;;;;;;;;;;;;;;;;;;;;;;;;;;;;;;;;;;;;;;;;;;;;;;;;;;;;;;;;;;;;;;;;;;;;;;;;;;;;;;;;;;;;;;;;;;;;;;;;;;;;;;;;;;;;;;;;;;;;;
4.600;;;;;;;;;;;;;;;;;;;;;;;;;;;;;;;;;;;;;;;;;;;;;;;;;;;;;;;;;;;;;;;;;;;;;;;;;;;;;;;;;;;;;;;;;;;;;;;;;;;;;;;;;;;;;;;;;;;;;;;;;;;;;;;;;;;;;;;;;;;;;;
4.500;;;;;;;;;;;;;;;;;;;;;;;;;;;;;;;;;;;;;;;;;;;;;;;;;;;;;;;;;;;;;;;;;;;;;;;;;;;;;;;;;;;;;;;;;;;;;;;;;;;;;;;;;;;;;;;;;;;;;;;;;;;;;;;;;;;;;;;;;;;;;;
4.400;;;;;;;;;;;;;;;;;;;;;;;;;;;;;;;;;;;;;;;;;;;;;;;;;;;;;;;;;;;;;;;;;;;;;;;;;;;;;;;;;;;;;;;;;;;;;;;;;;;;;;;;;;;;;;;;;;;;;;;;;;;;;;;;;;;;;;;;;;;;;;
4.300;;;;;;;;;;;;;;;;;;;;;;;;;;;;;;;;;;;;;;;;;;;;;;;;;;;;;;;;;;2.229184597;2.207086861;2.187142734;2.169338745;2.153654790;2.140064651;2.128536561;2.119033842;2.111515578;2.105937335;2.102251905;2.100410078;2.100361427;2.102055101;2.105440617;2.110468651;2.117091811;2.125265395;2.134948134;2.146102890;;;;;;;;;;;;;;;;;;;;;;;;;;;;;;;;;;;;;;;;;;;;;;;;;;;;;;;;;;;;;;;;;
4.200;;;;;;;;;;;;;;;;;;;;;;;;;;;;;;;;;;;;;;;;;;;;;;;;;;;;;;2.269456355;2.239008097;2.210654680;2.184409521;2.160278866;2.138261946;2.118351234;2.100532772;2.084786590;2.071087180;2.059404038;2.049702255;2.041943156;2.036084971;2.032083529;2.029892986;2.029466548;2.030757209;2.033718488;2.038305154;2.044473941;2.052184242;2.061398787;2.072084285;2.084212045;2.097758551;2.112706012;2.129042859;2.146764205;;;;;;;;;;;;;;;;;;;;;;;;;;;;;;;;;;;;;;;;;;;;;;;;;;;;;;;;;;;;
4.100;;;;;;;;;;;;;;;;;;;;;;;;;;;;;;;;;;;;;;;;;;;;;;;;;;2.342490491;2.304291401;2.268043969;2.233784429;2.201542859;2.171342930;2.143201772;2.117129923;2.093131389;2.071203791;2.051338594;2.033521427;2.017732464;2.003946884;1.992135370;1.982264679;1.974298228;1.968196734;1.963918861;1.961421897;1.960662425;1.961597016;1.964182898;1.968378632;1.974144762;1.981444456;1.990244115;2.000513961;2.012228597;2.025367527;2.039915646;2.055863694;2.073208663;2.091954163;2.112110740;2.133696144;2.156735534;;;;;;;;;;;;;;;;;;;;;;;;;;;;;;;;;;;;;;;;;;;;;;;;;;;;;;;;
4.000;;;;;;;;;;;;;;;;;;;;;;;;;;;;;;;;;;;;;;;;;;;;;;;2.399819228;2.356392618;2.314777659;2.275019807;2.237160272;2.201235495;2.167276704;2.135309570;2.105353962;2.077423802;2.051527015;2.027665575;2.005835641;1.986027777;1.968227246;1.952414382;1.938565013;1.926650944;1.916640485;1.908499012;1.902189562;1.897673439;1.894910847;1.893861517;1.894485342;1.896742996;1.900596559;1.906010104;1.912950283;1.921386879;1.931293337;1.942647262;1.955430885;1.969631506;1.985241888;2.002260623;2.020692458;2.040548576;2.061846836;2.084611958;2.108875665;2.134676751;2.162061087;;;;;;;;;;;;;;;;;;;;;;;;;;;;;;;;;;;;;;;;;;;;;;;;;;;;;
3.900;;;;;;;;;;;;;;;;;;;;;;;;;;;;;;;;;;;;;;;;;;;;;2.424408516;2.377828745;2.332974543;2.289890726;2.248619692;2.209200738;2.171669457;2.136057207;2.102390675;2.070691535;2.040976199;2.013255671;1.987535498;1.963815803;1.942091419;1.922352092;1.904582767;1.888763935;1.874872040;1.862879935;1.852757382;1.844471583;1.837987734;1.833269602;1.830280108;1.828981911;1.829337995;1.831312244;1.834870004;1.839978623;1.846607983;1.854730993;1.864324060;1.875367542;1.887846151;1.901749347;1.917071682;1.933813122;1.951979327;1.971581903;1.992638605;2.015173513;2.039217146;2.064806541;2.091985266;2.120803366;2.151317238;;;;;;;;;;;;;;;;;;;;;;;;;;;;;;;;;;;;;;;;;;;;;;;;;;;
3.800;;;;;;;;;;;;;;;;;;;;;;;;;;;;;;;;;;;;;;;;;;;2.456160583;2.406533120;2.358564928;2.312296002;2.267765886;2.225012905;2.184073430;2.144981209;2.107766757;2.072456834;2.039074009;2.007636325;1.978157049;1.950644530;1.925102141;1.901528321;1.879916689;1.860256250;1.842531660;1.826723563;1.812808980;1.800761739;1.790552954;1.782151525;1.775524660;1.770638417;1.767458245;1.765949532;1.766078144;1.767810949;1.771116335;1.775964699;1.782328920;1.790184803;1.799511501;1.810291899;1.822512985;1.836166174;1.851247616;1.867758464;1.885705122;1.905099451;1.925958952;1.948306909;1.972172498;1.997590856;2.024603099;2.053256294;2.083603355;2.115702880;2.149618880;2.185420411;;;;;;;;;;;;;;;;;;;;;;;;;;;;;;;;;;;;;;;;;;;;;;;;
3.700;;;;;;;;;;;;;;;;;;;;;;;;;;;;;;;;;;;;;;;;;2.495055944;2.442415379;2.391394941;2.342025745;2.294340415;2.248372307;2.204154734;2.161720197;2.121099653;2.082321846;2.045412708;2.010394836;1.977287067;1.946104142;1.916856467;1.889549965;1.864186025;1.840761539;1.819269018;1.799696780;1.782029221;1.766247125;1.752328045;1.740246717;1.729975504;1.721484884;1.714743935;1.709720843;1.706383414;1.704699576;1.704637878;1.706167974;1.709261085;1.713890451;1.720031743;1.727663462;1.736767305;1.747328505;1.759336140;1.772783415;1.787667920;1.803991855;1.821762233;1.840991053;1.861695451;1.883897820;1.907625902;1.932912848;1.959797245;1.988323092;2.018539735;2.050501736;2.084268664;2.119904800;2.157478728;2.197062790;;;;;;;;;;;;;;;;;;;;;;;;;;;;;;;;;;;;;;;;;;;;;;
3.600;;;;;;;;;;;;;;;;;;;;;;;;;;;;;;;;;;;;;;;2.541269615;2.485570611;2.431486023;2.379034509;2.328237964;2.279120878;2.231709600;2.186031568;2.142114526;2.099985757;2.059671354;2.021195560;1.984580167;1.949844007;1.917002529;1.886067473;1.857046633;1.829943715;1.804758290;1.781485829;1.760117816;1.740641937;1.723042339;1.707299933;1.693392758;1.681296382;1.670984327;1.662428528;1.655599795;1.650468296;1.647004026;1.645177278;1.644959105;1.646321756;1.649239103;1.653687035;1.659643834;1.667090516;1.676011154;1.686393163;1.698227563;1.711509210;1.726237010;1.742414100;1.760048005;1.779150783;1.799739138;1.821834518;1.845463189;1.870656283;1.897449827;1.925884732;1.956006745;1.987866356;2.021518645;2.057023048;2.094443035;2.133845672;2.175301031;;;;;;;;;;;;;;;;;;;;;;;;;;;;;;;;;;;;;;;;;;;;;
3.500;;;;;;;;;;;;;;;;;;;;;;;;;;;;;;;;;;;;;;2.536282953;2.479041406;2.423449995;2.369516763;2.317253854;2.266676978;2.217804748;2.170657949;2.125258751;2.081629929;2.039794096;1.999772987;1.961586788;1.925253560;1.890788724;1.858204658;1.827510366;1.798711256;1.771809005;1.746801510;1.723682929;1.702443795;1.683071201;1.665549051;1.649858363;1.635977617;1.623883139;1.613549515;1.604950025;1.598057085;1.592842695;1.589278886;1.587338156;1.586993889;1.588220760;1.590995115;1.595295324;1.601102113;1.608398855;1.617171847;1.627410546;1.639107788;1.652259969;1.666867213;1.682933510;1.700466837;1.719479261;1.739987024;1.762010612;1.785574812;1.810708750;1.837445911;1.865824141;1.895885616;1.927676781;1.961248237;1.996654575;2.033954130;2.073208630;2.114482738;2.157843423;2.203359156;;;;;;;;;;;;;;;;;;;;;;;;;;;;;;;;;;;;;;;;;;;
3.400;;;;;;;;;;;;;;;;;;;;;;;;;;;;;;;;;;;;2.595021337;2.534446049;2.475576285;2.418404342;2.362927454;2.309147633;2.257071292;2.206708687;2.158073246;2.111180819;2.066048899;2.022695837;1.981140075;1.941399436;1.903490464;1.867427849;1.833223930;1.800888287;1.770427435;1.741844600;1.715139591;1.690308762;1.667345053;1.646238107;1.626974454;1.609537761;1.593909126;1.580067420;1.567989657;1.557651396;1.549027153;1.542090822;1.536816105;1.533176919;1.531147812;1.530704344;1.531823454;1.534483804;1.538666091;1.544353331;1.551531112;1.560187824;1.570314847;1.581906725;1.594961301;1.609479846;1.625467145;1.642931589;1.661885235;1.682343860;1.704327005;1.727858011;1.752964043;1.779676105;1.808029047;1.838061546;1.869816075;1.903338829;1.938679612;1.975891659;2.015031383;2.056158008;2.099333083;2.144619817;2.192082219;2.241783978;;;;;;;;;;;;;;;;;;;;;;;;;;;;;;;;;;;;;;;;;
3.300;;;;;;;;;;;;;;;;;;;;;;;;;;;;;;;;;;;2.598258179;2.535890232;2.475297746;2.416462022;2.359369494;2.304011837;2.250385785;2.198492722;2.148338113;2.099930814;2.053282317;2.008405972;1.965316191;1.924027698;1.884554812;1.846910804;1.811107322;1.777153912;1.745057615;1.714822670;1.686450301;1.659938599;1.635282488;1.612473772;1.591501255;1.572350931;1.555006225;1.539448288;1.525656332;1.513607988;1.503279698;1.494647108;1.487685476;1.482370070;1.478676560;1.476581397;1.476062169;1.477097930;1.479669512;1.483759793;1.489353944;1.496439642;1.505007249;1.515049965;1.526563953;1.539548433;1.554005762;1.569941491;1.587364404;1.606286551;1.626723268;1.648693196;1.672218290;1.697323830;1.724038435;1.752394059;1.782425997;1.814172867;1.847676572;1.882982239;1.920138103;1.959195331;2.000207759;2.043231516;2.088324508;2.135545709;2.184954237;2.236608146;;;;;;;;;;;;;;;;;;;;;;;;;;;;;;;;;;;;;;;;
3.200;;;;;;;;;;;;;;;;;;;;;;;;;;;;;;;;;;2.605028598;2.540756354;2.478339325;2.417748388;2.358959426;2.301953764;2.246718230;2.193244953;2.141530920;2.091577396;2.043389220;1.996974048;1.952341559;1.909502673;1.868468798;1.829251120;1.791859967;1.756304246;1.722590969;1.690724867;1.660708098;1.632540047;1.606217218;1.581733204;1.559078746;1.538241854;1.519208000;1.501960361;1.486480114;1.472746757;1.460738472;1.450432496;1.441805506;1.434834006;1.429494709;1.425764906;1.423622816;1.423047913;1.424021231;1.426525630;1.430546040;1.436069661;1.443086141;1.451587713;1.461569305;1.473028625;1.485966209;1.500385466;1.516292688;1.533697055;1.552610634;1.573048363;1.595028045;1.618570334;1.643698732;1.670439588;1.698822099;1.728878322;1.760643172;1.794154418;1.829452663;1.866581285;1.905586333;1.946516355;1.989422135;2.034356291;2.081372735;2.130525910;2.181869786;2.235456551;;;;;;;;;;;;;;;;;;;;;;;;;;;;;;;;;;;;;;;
3.100;;;;;;;;;;;;;;;;;;;;;;;;;;;;;;;;;2.615484157;2.549191536;2.484842330;2.422397898;2.361824098;2.303092106;2.246178806;2.191066819;2.137744264;2.086204302;2.036444526;1.988466259;1.942273778;1.897873528;1.855273334;1.814481649;1.775506861;1.738356653;1.703037460;1.669553996;1.637908887;1.608102386;1.580132185;1.553993315;1.529678130;1.507176368;1.486475283;1.467559838;1.450412952;1.435015792;1.421348099;1.409388531;1.399115039;1.390505233;1.383536755;1.378187646;1.374436690;1.372263746;1.371650046;1.372578468;1.375033777;1.379002827;1.384474736;1.391441015;1.399895674;1.409835292;1.421259054;1.434168771;1.448568873;1.464466389;1.481870912;1.500794559;1.521251932;1.543260077;1.566838450;1.592008898;1.618795643;1.647225286;1.677326814;1.709131625;1.742673543;1.777988834;1.815116203;1.854096755;1.894973903;1.937793201;1.982602073;2.029449398;2.078384915;2.129458406;2.182718596;2.238211710;2.295979616;;;;;;;;;;;;;;;;;;;;;;;;;;;;;;;;;;;;;
3.000;;;;;;;;;;;;;;;;;;;;;;;;;;;;;;;;2.629777946;2.561346201;2.494952889;2.430551146;2.368097643;2.307553880;2.248886954;2.192069908;2.137081717;2.083907027;2.032535674;1.982962058;1.935184425;1.889204095;1.845024660;1.802651206;1.762089563;1.723345616;1.686424676;1.651330944;1.618067052;1.586633705;1.557029408;1.529250291;1.503290018;1.479139780;1.456788369;1.436222311;1.417426069;1.400382294;1.385072110;1.371475447;1.359571378;1.349338484;1.340755214;1.333800246;1.328452834;1.324693140;1.322502537;1.321863891;1.322761802;1.325182818;1.329115605;1.334551088;1.341482546;1.349905682;1.359818652;1.371222067;1.384118973;1.398514808;1.414417339;1.431836596;1.450784800;1.471276284;1.493327433;1.516956624;1.542184186;1.569032375;1.597525370;1.627689288;1.659552213;1.693144237;1.728497511;1.765646283;1.804626922;1.845477899;1.888239711;1.932954718;1.979666860;2.028421209;2.079263325;2.132238353;2.187389803;2.244757945;2.304377753;;;;;;;;;;;;;;;;;;;;;;;;;;;;;;;;;;;;
2.900;;;;;;;;;;;;;;;;;;;;;;;;;;;;;;;2.648061834;2.577371420;2.508819338;2.442352243;2.377918837;2.315471716;2.254968607;2.196373084;2.139654871;2.084789802;2.031759522;1.980550989;1.931155831;1.883569617;1.837791075;1.793821293;1.751662937;1.711319508;1.672794656;1.636091564;1.601212415;1.568157952;1.536927126;1.507516836;1.479921768;1.454134311;1.430144566;1.407940424;1.387507711;1.368830396;1.351890844;1.336670108;1.323148256;1.311304712;1.301118608;1.292569144;1.285635933;1.280299336;1.276540779;1.274343034;1.273690482;1.274569328;1.276967788;1.280876234;1.286287296;1.293195932;1.301599459;1.311497545;1.322892182;1.335787621;1.350190296;1.366108725;1.383553410;1.402536728;1.423072828;1.445177536;1.468868277;1.494164013;1.521085206;1.549653807;1.579893269;1.611828589;1.645486364;1.680894869;1.718084141;1.757086050;1.797934353;1.840664697;1.885314561;1.931923083;1.980530760;2.031178959;2.083909197;2.138762130;2.195776186;2.254985767;2.316418931;;;;;;;;;;;;;;;;;;;;;;;;;;;;;;;;;;;
2.800;;;;;;;;;;;;;;;;;;;;;;;;;;;;;;2.670483957;2.597416564;2.526589958;2.457946591;2.391428853;2.326981575;2.264553817;2.204100043;2.145580790;2.088962930;2.034219593;1.981329841;1.930278149;1.881053747;1.833649879;1.788063011;1.744292033;1.702337480;1.662200786;1.623883606;1.587387214;1.552711974;1.519856911;1.488819372;1.459594781;1.432176484;1.406555681;1.382721445;1.360660810;1.340358924;1.321799265;1.304963896;1.289833768;1.276389040;1.264609424;1.254474530;1.245964223;1.239058954;1.233740092;1.229990216;1.227793388;1.227135391;1.228003924;1.230388764;1.234281884;1.239677527;1.246572244;1.254964891;1.264856594;1.276250679;1.289152580;1.303569721;1.319511388;1.336988593;1.356013932;1.376601453;1.398766535;1.422525785;1.447896956;1.474898898;1.503551533;1.533875876;1.565894069;1.599629467;1.635106731;1.672351949;1.711392756;1.752258449;1.794980067;1.839590419;1.886124027;1.934616949;1.985106442;2.037630408;2.092226578;2.148931365;2.207778312;2.268796049;2.332005679;;;;;;;;;;;;;;;;;;;;;;;;;;;;;;;;;;
2.700;;;;;;;;;;;;;;;;;;;;;;;;;;;;;2.697186347;2.621627182;2.548411021;2.477479017;2.408769426;2.342220887;2.277774851;2.215377310;2.154979911;2.096540578;2.040023733;1.985400189;1.932646791;1.881745879;1.832684615;1.785454226;1.740049212;1.696466540;1.654704863;1.614763788;1.576643193;1.540342637;1.505860842;1.473195273;1.442341811;1.413294518;1.386045499;1.360584843;1.336900651;1.314979137;1.294804792;1.276360604;1.259628322;1.244588762;1.231222130;1.219508364;1.209427484;1.200959936;1.194086922;1.188790718;1.185054955;1.182864878;1.182207566;1.183072107;1.185449734;1.189333924;1.194720443;1.201607352;1.209994981;1.219885857;1.231284602;1.244197809;1.258633893;1.274602925;1.292116468;1.311187402;1.331829763;1.354058598;1.377889830;1.403340168;1.430427032;1.459168528;1.489583456;1.521691355;1.555512595;1.591068497;1.628381480;1.667475225;1.708374846;1.751107036;1.795700183;1.842184407;1.890591506;1.940954753;1.993308498;2.047687537;2.104126164;2.162656849;2.223308453;2.286103901;2.351057194;;;;;;;;;;;;;;;;;;;;;;;;;;;;;;;;;
2.600;;;;;;;;;;;;;;;;;;;;;;;;;;;;2.728302582;2.650143028;2.574425079;2.501092228;2.430081399;2.361327122;2.294764729;2.230332720;2.167974418;2.107639037;2.049282258;1.992866402;1.938360298;1.885738894;1.834982700;1.786077098;1.739011573;1.693778915;1.650374412;1.608795066;1.569038863;1.531104101;1.494988799;1.460690199;1.428204348;1.397525783;1.368647315;1.341559894;1.316252566;1.292712516;1.270925172;1.250874387;1.232542658;1.215911409;1.200961290;1.187672510;1.176025181;1.165999662;1.157576906;1.150738777;1.145468366;1.141750260;1.139570786;1.138918215;1.139782920;1.142157496;1.146036828;1.151418117;1.158300861;1.166686795;1.176579793;1.187985738;1.200912362;1.215369069;1.231366736;1.248917517;1.268034644;1.288732228;1.311025094;1.334928626;1.360458648;1.387631340;1.416463199;1.446971043;1.479172060;1.513083903;1.548724833;1.586113889;1.625271094;1.666217670;1.708976250;1.753571066;1.800028084;1.848375050;1.898641417;1.950858093;2.005056977;2.061270196;2.119529002;2.179862220;2.242294194;2.306842093;2.373512500;;;;;;;;;;;;;;;;;;;;;;;;;;;;;;;;
2.500;;;;;;;;;;;;;;;;;;;;;;;;;;;2.763955291;2.683096085;2.604769378;2.528925502;2.455503584;2.384436750;2.315656207;2.249094364;2.184687128;2.122375500;2.062106590;2.003834147;1.947518695;1.893127366;1.840633488;1.790016005;1.741258769;1.694349765;1.649280302;1.606044202;1.564637017;1.525055302;1.487295947;1.451355596;1.417230151;1.384914370;1.354401565;1.325683388;1.298749717;1.273588623;1.250186420;1.228527788;1.208595954;1.190372931;1.173839801;1.158977022;1.145764768;1.134183271;1.124213167;1.115835840;1.109033739;1.103790679;1.100092111;1.097925346;1.097279750;1.098146886;1.100520613;1.104397135;1.109775004;1.116655078;1.125040435;1.134936244;1.146349612;1.159289392;1.173765973;1.189791059;1.207377437;1.226538748;1.247289272;1.269643722;1.293617077;1.319224439;1.346480933;1.375401659;1.406001683;1.438296093;1.472300098;1.508029182;1.545499302;1.584727123;1.625730279;1.668527642;1.713139576;1.759588154;1.807897308;1.858092867;1.910202445;1.964255120;2.020280860;2.078309603;2.138369945;2.200487317;2.264681577;2.330963907;2.399332877;;;;;;;;;;;;;;;;;;;;;;;;;;;;;;;
2.400;;;;;;;;;;;;;;;;;;;;;;;;;;;2.720608387;2.639574226;2.561113465;2.485171835;2.411684495;2.340581135;2.271789981;2.205240840;2.140867333;2.078608429;2.018409414;1.960222369;1.904006279;1.849726823;1.797355948;1.746871257;1.698255293;1.651494748;1.606579651;1.563502546;1.522257716;1.482840453;1.445246395;1.409470954;1.375508824;1.343353594;1.312997452;1.284430984;1.257643072;1.232620872;1.209349875;1.187814042;1.167995993;1.149877260;1.133438572;1.118660172;1.105522160;1.094004840;1.084089067;1.075756588;1.068990358;1.063774837;1.060096247;1.057942792;1.057304841;1.058175051;1.060548454;1.064422485;1.069796968;1.076674045;1.085058073;1.094955469;1.106374524;1.119325189;1.133818840;1.149868022;1.167486192;1.186687464;1.207486364;1.229897606;1.253935894;1.279615766;1.306951476;1.335956928;1.366645671;1.399030940;1.433125768;1.468943149;1.506496255;1.545798701;1.586864844;1.629710099;1.674351261;1.720806794;1.769097072;1.819244522;1.871273634;1.925210788;1.981083834;2.038921361;2.098751586;2.160600768;2.224491054;2.290437660;2.358445252;;;;;;;;;;;;;;;;;;;;;;;;;;;;;;;
2.300;;;;;;;;;;;;;;;;;;;;;;;;;;2.762789393;2.678961123;2.597784803;2.519218193;2.443202787;2.369670103;2.298546704;2.229758123;2.163231834;2.098899425;2.036698078;1.976571482;1.918470278;1.862352122;1.808181453;1.755929032;1.705571319;1.657089735;1.610469863;1.565700621;1.522773445;1.481681507;1.442418984;1.404980404;1.369360077;1.335551609;1.303547529;1.273338996;1.244915616;1.218265344;1.193374481;1.170227739;1.148808391;1.129098471;1.111079030;1.094730436;1.080032698;1.066965809;1.055510101;1.045646592;1.037357329;1.030625701;1.025436733;1.021777335;1.019636518;1.019005560;1.019878126;1.022250330;1.026120753;1.031490410;1.038362657;1.046743066;1.056639248;1.068060643;1.081018278;1.095524508;1.111592732;1.129237111;1.148472287;1.169313113;1.191774402;1.215870713;1.241616169;1.269024328;1.298108102;1.328879741;1.361350877;1.395532630;1.431435788;1.469071032;1.508449236;1.549581790;1.592480967;1.637160299;1.683634933;1.731921957;1.782040635;1.834012535;1.887861484;1.943613294;2.001295208;2.060934971;2.122559464;2.186192786;2.251853702;2.319552318;2.389285870;;;;;;;;;;;;;;;;;;;;;;;;;;;;;;
2.200;;;;;;;;;;;;;;;;;;;;;;;;;2.809732599;2.723040363;2.639060657;2.557769889;2.479121230;2.403052242;2.329491084;2.258361446;2.189586404;2.123091320;2.058805959;1.996665911;1.936613462;1.878597992;1.822576008;1.768510880;1.716372356;1.666135913;1.617782011;1.571295278;1.526663675;1.483877675;1.442929477;1.403812280;1.366519625;1.331044838;1.297380550;1.265518325;1.235448386;1.207159436;1.180638575;1.155871300;1.132841590;1.111532062;1.091924180;1.073998525;1.057735098;1.043113654;1.030114051;1.018716608;1.008902458;1.000653888;0.993954655;0.988790273;0.985148263;0.983018357;0.982392658;0.983265749;0.985634742;0.989499282;0.994861493;1.001725875;1.010099153;1.019990078;1.031409197;1.044368591;1.058881582;1.074962432;1.092626037;1.111887613;1.132762413;1.155265444;1.179411237;1.205213646;1.232685700;1.261839511;1.292686246;1.325236170;1.359498751;1.395482845;1.433196938;1.472649462;1.513849154;1.556805460;1.601528955;1.648031774;1.696327994;1.746433977;1.798368584;1.852153258;1.907811888;1.965370404;2.024856030;2.086296112;2.149716427;2.215138867;2.282578397;2.352039139;2.423509464;;;;;;;;;;;;;;;;;;;;;;;;;;;;;
2.100;;;;;;;;;;;;;;;;;;;;;;;;;2.771907776;2.685052407;2.600947981;2.519565890;2.440855003;2.364749212;2.291173547;2.220049037;2.151296490;2.084839337;2.020605685;1.958529692;1.898552390;1.840622050;1.784694172;1.730731198;1.678701999;1.628581209;1.580348461;1.533987561;1.489485644;1.446832345;1.406019014;1.367037989;1.329881941;1.294543317;1.261013872;1.229284302;1.199343974;1.171180766;1.144780983;1.120129378;1.097209238;1.076002557;1.056490250;1.038652436;1.022468748;1.007918673;0.994981909;0.983638728;0.973870332;0.965659194;0.958989376;0.953846814;0.950219562;0.948097995;0.947474959;0.948345870;0.950708755;0.954564239;0.959915483;0.966768055;0.975129768;0.985010462;0.996421749;1.009376730;1.023889684;1.039975740;1.057650548;1.076929944;1.097829641;1.120364929;1.144550422;1.170399838;1.197925833;1.227139902;1.258052338;1.290672265;1.325007749;1.361065981;1.398853538;1.438376709;1.479641884;1.522655990;1.567426961;1.613964217;1.662279118;1.712385381;1.764299398;1.818040415;1.873630531;1.931094431;1.990458802;2.051751345;2.114999285;2.180227286;2.247454658;2.316691722;2.387935209;2.461162521;;;;;;;;;;;;;;;;;;;;;;;;;;;;
2.000;;;;;;;;;;;;;;;;;;;;;;;;2.825640221;2.735858518;2.648865289;2.564658122;2.483203678;2.404446778;2.328317861;2.254739016;2.183628782;2.114905852;2.048491864;1.984313398;1.922303303;1.862401477;1.804555194;1.748719062;1.694854706;1.642930233;1.592919547;1.544801566;1.498559385;1.454179421;1.411650585;1.370963487;1.332109707;1.295081148;1.259869477;1.226465665;1.194859623;1.165039948;1.136993759;1.110706632;1.086162628;1.063344387;1.042233312;1.022809795;1.005053504;0.988943703;0.974459604;0.961580725;0.950287260;0.940560439;0.932382875;0.925738874;0.920614731;0.916998964;0.914882513;0.914258889;0.915124261;0.917477487;0.921320097;0.926656206;0.933492383;0.941837463;0.951702316;0.963099576;0.976043332;0.990548799;1.006631972;1.024309269;1.043597181;1.064511937;1.087069188;1.111283728;1.137169263;1.164738226;1.194001666;1.224969192;1.257649007;1.292048013;1.328171996;1.366025896;1.405614150;1.446941100;1.490011463;1.534830836;1.581406226;1.629746566;1.679863200;1.731770289;1.785485089;1.841028057;1.898422727;1.957695266;2.018873651;2.081986376;2.147060568;2.214119432;2.283178874;2.354243178;2.427299591;;;;;;;;;;;;;;;;;;;;;;;;;;;;
1.900;;;;;;;;;;;;;;;;;;;;;;;2.884289328;2.791559982;2.701623268;2.614512606;2.530220385;2.448708792;2.369918813;2.293777611;2.220204497;2.149115648;2.080427762;2.014060791;1.949939884;1.887996672;1.828170007;1.770406253;1.714659210;1.660889775;1.609065379;1.559159283;1.511149782;1.465019353;1.420753792;1.378341377;1.337772073;1.299036796;1.262126773;1.227032980;1.193745690;1.162254112;1.132546143;1.104608215;1.078425238;1.053980631;1.031256435;1.010233497;0.990891709;0.973210304;0.957168187;0.942744285;0.929917921;0.918669188;0.908979309;0.900830989;0.894208732;0.889099127;0.885491092;0.883376061;0.882748135;0.883604155;0.885943736;0.889769229;0.895085631;0.901900438;0.910223441;0.920066484;0.931443171;0.944368541;0.958858725;0.974930571;0.992601275;1.011888010;1.032807567;1.055376021;1.079608440;1.105518628;1.133118931;1.162420106;1.193431266;1.226159896;1.260611956;1.296792077;1.334703824;1.374350059;1.415733370;1.458856559;1.503723188;1.550338149;1.598708236;1.648842695;1.700753700;1.754456728;1.809970767;1.867318306;1.926525030;1.987619155;2.050630294;2.115587780;2.182518316;2.251442838;2.322372457;2.395303328;2.470210286;;;;;;;;;;;;;;;;;;;;;;;;;;;
1.800;;;;;;;;;;;;;;;;;;;;;;;2.852213878;2.759307360;2.669234204;2.582022154;2.497658674;2.416101703;2.337288574;2.261143332;2.187582627;2.116520382;2.047871388;1.981553986;1.917491963;1.855615796;1.795863352;1.738180142;1.682519224;1.628840827;1.577111772;1.527304748;1.479397499;1.433371959;1.389213383;1.346909496;1.306449697;1.267824327;1.231024016;1.196039133;1.162859328;1.131473187;1.101867980;1.074029518;1.047942105;1.023588572;1.000950407;0.980007937;0.960740586;0.943127170;0.927146240;0.912776443;0.899996896;0.888787567;0.879129645;0.871005888;0.864400951;0.859301663;0.855697278;0.853579660;0.852943424;0.853786012;0.856107717;0.859911635;0.865203570;0.871991869;0.880287216;0.890102366;0.901451839;0.914351588;0.928818623;0.944870635;0.962525597;0.981801379;1.002715371;1.025284132;1.049523078;1.075446211;1.103065911;1.132392794;1.163435637;1.196201401;1.230695318;1.266921092;1.304881166;1.344577094;1.386009986;1.429181018;1.474092010;1.520746031;1.569148021;1.619305395;1.671228594;1.724931532;1.780431904;1.837751280;1.896914927;1.957951277;2.020890955;2.085765278;2.152604099;2.221432888;2.292268920;2.365116403;2.439960410;;;;;;;;;;;;;;;;;;;;;;;;;;;
1.700;;;;;;;;;;;;;;;;;;;;;;2.917844443;2.821980294;2.728913150;2.638717708;2.551416346;2.466991860;2.385398142;2.306569037;2.230425592;2.156881902;2.085849711;2.017241968;1.950975452;1.886972630;1.825162865;1.765483076;1.707877960;1.652299870;1.598708409;1.547069837;1.497356320;1.449545108;1.403617650;1.359558725;1.317355574;1.276997104;1.238473148;1.201773818;1.166888948;1.133807643;1.102517934;1.073006535;1.045258702;1.019258189;0.994987301;0.972427012;0.951557175;0.932356773;0.914804231;0.898877760;0.884555728;0.871817042;0.860641532;0.851010327;0.842906206;0.836313929;0.831220519;0.827615508;0.825491125;0.824842433;0.825667404;0.827966932;0.831744784;0.837007493;0.843764191;0.852026379;0.861807661;0.873123422;0.885990476;0.900426683;0.916450550;0.934080822;0.953336073;0.974234320;0.996792649;1.021026890;1.046951330;1.074578494;1.103918982;1.134981396;1.167772341;1.202296524;1.238556935;1.276555133;1.316291617;1.357766281;1.400978955;1.445929995;1.492620933;1.541055131;1.591238443;1.643179820;1.696891838;1.752391080;1.809698336;1.868838529;1.929840311;1.992735239;2.057556426;2.124336567;2.193105226;2.263885232;2.336688063;2.411508039;2.488315156;;;;;;;;;;;;;;;;;;;;;;;;;;
1.600;;;;;;;;;;;;;;;;;;;;;;2.889672706;2.793618014;2.700402419;2.610094865;2.522712669;2.438234199;2.356609484;2.277769025;2.201630982;2.128106969;2.057106614;1.988541060;1.922325554;1.858381269;1.796636468;1.737027136;1.679497177;1.623998255;1.570489375;1.518936261;1.469310593;1.421589164;1.375752990;1.331786420;1.289676270;1.249411015;1.210980047;1.174373024;1.139579315;1.106587549;1.075385273;1.045958707;1.018292618;0.992370273;0.968173499;0.945682812;0.924877630;0.905736531;0.888237573;0.872358648;0.858077854;0.845373886;0.834226426;0.824616524;0.816526953;0.809942542;0.804850462;0.801240470;0.799105103;0.798439806;0.799243011;0.801516142;0.805263563;0.810492464;0.817212682;0.825436472;0.835178219;0.846454113;0.859281780;0.873679886;0.889667728;0.907264804;0.926490394;0.947363156;0.969900739;0.994119438;1.020033902;1.047656891;1.076999110;1.108069120;1.140873336;1.175416113;1.211699935;1.249725693;1.289493067;1.331000991;1.374248208;1.419233882;1.465958276;1.514423446;1.564633944;1.616597479;1.670325505;1.725833684;1.783142165;1.842275619;1.903262940;1.966136554;2.030931216;2.097682197;2.166422749;2.237180709;2.309974099;2.384805570;2.461655498;;;;;;;;;;;;;;;;;;;;;;;;;;
1.500;;;;;;;;;;;;;;;;;;;;;;2.863385790;2.767150869;2.673795086;2.583382006;2.495924185;2.411395792;2.329743175;2.250893617;2.174762486;2.101258981;2.030290650;1.961766857;1.895601329;1.831713945;1.770031868;1.710490150;1.653031896;1.597608088;1.544177138;1.492704247;1.443160628;1.395522647;1.349770916;1.305889396;1.263864525;1.223684396;1.185338017;1.148814652;1.114103270;1.081192086;1.050068228;1.020717491;0.993124212;0.967271231;0.943139955;0.920710492;0.899961867;0.880872294;0.863419496;0.847581065;0.833334843;0.820659319;0.809534023;0.799939911;0.791859728;0.785278340;0.780183025;0.776563720;0.774413213;0.773727273;0.774504723;0.776747448;0.780460338;0.785651164;0.792330399;0.800510975;0.810207994;0.821438387;0.834220537;0.848573871;0.864518437;0.882074464;0.901261929;0.922100135;0.944607316;0.968800278;0.994694086;1.022301820;1.051634388;1.082700436;1.115506329;1.150056239;1.186352324;1.224395015;1.264183393;1.305715667;1.348989737;1.394003835;1.440757214;1.489250882;1.539488342;1.591476296;1.645225298;1.700750273;1.758070882;1.817211635;1.878201708;1.941074355;2.005865840;2.072613775;2.141354741;2.212121077;2.284936687;2.359811695;2.436735801;2.515670130;;;;;;;;;;;;;;;;;;;;;;;;;
1.400;;;;;;;;;;;;;;;;;;;;;2.938208351;2.839006307;2.742597720;2.649106516;2.558591261;2.471060051;2.386483084;2.304803199;2.225944587;2.149819908;2.076335996;2.005398352;1.936914566;1.870796843;1.806963757;1.745341354;1.685863736;1.628473193;1.573120010;1.519762001;1.468363843;1.418896289;1.371335288;1.325661072;1.281857245;1.239909900;1.199806794;1.161536598;1.125088239;1.090450340;1.057610767;1.026556287;0.997272335;0.969742879;0.943950393;0.919875919;0.897499211;0.876798950;0.857753025;0.840338858;0.824533768;0.810315361;0.797661927;0.786552847;0.776968974;0.768893007;0.762309822;0.757206772;0.753573930;0.751404282;0.750693866;0.751441834;0.753650465;0.757325101;0.762474024;0.769108269;0.777241374;0.786889087;0.798069014;0.810800235;0.825102887;0.840997727;0.858505683;0.877647409;0.898442851;0.920910839;0.945068715;0.970932012;0.998514193;1.027826459;1.058877643;1.091674192;1.126220240;1.162517791;1.200566999;1.240366549;1.281914144;1.325207078;1.370242885;1.417020058;1.465538804;1.515801815;1.567815024;1.621588290;1.677135990;1.734477444;1.793637109;1.854644484;1.917533630;1.982342212;2.049109970;2.117876491;2.188678157;2.261544135;2.336491236;2.413517491;2.492594242;;;;;;;;;;;;;;;;;;;;;;;;;
1.300;;;;;;;;;;;;;;;;;;;;;2.915966236;2.816552088;2.719973104;2.626348132;2.535731140;2.448126066;2.363499379;2.281790577;2.202920883;2.126800326;2.053333425;1.982423649;1.913976818;1.847903600;1.784121237;1.722554633;1.663136904;1.605809501;1.550521985;1.497231549;1.445902334;1.396504626;1.349013962;1.303410204;1.259676617;1.217798979;1.177764744;1.139562290;1.103180253;1.068606965;1.035829997;1.004835819;0.975609562;0.948134890;0.922393968;0.898367533;0.876035038;0.855374869;0.836364636;0.818981496;0.803202529;0.789005124;0.776367392;0.765268565;0.755689394;0.747612517;0.741022803;0.735907645;0.732257216;0.730064657;0.729326216;0.730041318;0.732212571;0.735845702;0.740949431;0.747535279;0.755617321;0.765211878;0.776337161;0.789012886;0.803259841;0.819099443;0.836553281;0.855642659;0.876388150;0.898809183;0.922923652;0.948747592;0.976294900;1.005577142;1.036603431;1.069380405;1.103912293;1.140201093;1.178246852;1.218048048;1.259602080;1.302905848;1.347956416;1.394751746;1.443291478;1.493577727;1.545615872;1.599415287;1.654989982;1.712359084;1.771547104;1.832583920;1.895504383;1.960347471;2.027154868;2.095968871;2.166829484;2.239770569;2.314814888;2.391967876;2.471209951;2.552487172;;;;;;;;;;;;;;;;;;;;;;;;
1.200;;;;;;;;;;;;;;;;;;;;2.997963205;2.895660724;2.796036869;2.699287872;2.605528026;2.514807112;2.427125236;2.342445378;2.260703881;2.181819121;2.105698578;2.032244499;1.961358336;1.892944130;1.826910990;1.763174796;1.701659268;1.642296497;1.585027051;1.529799732;1.476571080;1.425304676;1.375970322;1.328543134;1.283002606;1.239331676;1.197515823;1.157542229;1.119399013;1.083074562;1.048556966;1.015833554;0.984890556;0.955712858;0.928283877;0.902585533;0.878598316;0.856301430;0.835673024;0.816690471;0.799330709;0.783570609;0.769387376;0.756758955;0.745664445;0.736084494;0.728001676;0.721400832;0.716269375;0.712597540;0.710378582;0.709608914;0.710288175;0.712419240;0.716008154;0.721064004;0.727598730;0.735626863;0.745165226;0.756232568;0.768849169;0.783036408;0.798816307;0.816211070;0.835242615;0.855932122;0.878299602;0.902363512;0.928140406;0.955644658;0.984888253;1.015880661;1.048628804;1.083137122;1.119407741;1.157440752;1.197234596;1.238786551;1.282093321;1.327151709;1.373959365;1.422515579;1.472822107;1.524883983;1.578710297;1.634314864;1.691716766;1.750940677;1.812016909;1.874981106;1.939873478;2.006737492;2.075617887;2.146557901;2.219595565;2.294758905;2.372059893;2.451486956;2.532995846;;;;;;;;;;;;;;;;;;;;;;;;
1.100;;;;;;;;;;;;;;;;;;;;2.979858893;2.877304623;2.777470938;2.680549819;2.586651558;2.495822186;2.408058323;2.323319724;2.241539763;2.162634106;2.086507767;2.013060764;1.942192549;1.873805375;1.807806763;1.744111190;1.682641146;1.623327649;1.566110333;1.510937194;1.457764078;1.406553971;1.357276164;1.309905337;1.264420606;1.220804584;1.179042465;1.139121177;1.101028611;1.064752942;1.030282059;0.997603103;0.966702112;0.937563787;0.910171359;0.884506560;0.860549691;0.838279769;0.817674754;0.798711837;0.781367779;0.765619282;0.751443397;0.738817929;0.727721859;0.718135740;0.710042076;0.703425674;0.698273943;0.694577155;0.692328641;0.691524932;0.692165829;0.694254416;0.697796991;0.702802941;0.709284548;0.717256731;0.726736739;0.737743784;0.750298642;0.764423214;0.780140070;0.797471975;0.816441416;0.837070147;0.859378747;0.883386223;0.909109660;0.936563933;0.965761490;0.996712217;1.029423401;1.063899790;1.100143754;1.138155563;1.177933772;1.219475706;1.262778055;1.307837552;1.354651734;1.403219746;1.453543188;1.505626955;1.559480030;1.615116209;1.672554670;1.731820355;1.792944074;1.855962266;1.920916314;1.987851317;2.056814215;2.127851122;2.201003747;2.276304743;2.353771805;2.433400363;2.515154635;2.598956851;;;;;;;;;;;;;;;;;;;;;;;
1.000;;;;;;;;;;;;;;;;;;;;2.963713012;2.860907498;2.760861773;2.663764296;2.569721948;2.478777484;2.390924410;2.306119536;2.224293480;2.145359341;2.069219760;1.995772580;1.924915267;1.856548276;1.790577511;1.726916004;1.665484964;1.606214276;1.549042585;1.493917026;1.440792702;1.389631960;1.340403546;1.293081675;1.247645073;1.204076020;1.162359429;1.122481989;1.084431384;1.048195610;1.013762396;0.981118736;0.950250531;0.921142350;0.893777296;0.868136972;0.844201549;0.821949915;0.801359899;0.782408560;0.765072530;0.749328387;0.735153059;0.722524244;0.711420822;0.701823262;0.693714005;0.687077815;0.681902085;0.678177096;0.675896225;0.675056077;0.675656571;0.677700939;0.681195674;0.686150393;0.692577653;0.700492684;0.709913086;0.720858459;0.733350003;0.747410073;0.763061718;0.780328206;0.799232545;0.819797020;0.842042746;0.865989268;0.891654197;0.919052922;0.948198381;0.979100923;1.011768265;1.046205543;1.082415472;1.120398620;1.160153786;1.201678494;1.244969583;1.290023894;1.336839032;1.385414188;1.435750998;1.487854398;1.541733450;1.597402084;1.654879715;1.714191654;1.775369276;1.838449823;1.903475795;1.970493795;2.039552739;2.110701287;2.183984373;2.259438674;2.337086851;2.416930386;2.498940807;2.583049096;;;;;;;;;;;;;;;;;;;;;;;
0.900;;;;;;;;;;;;;;;;;;;;2.949534016;2.846476289;2.746214640;2.648934789;2.554740840;2.463672789;2.375721429;2.290840940;2.208959412;2.129987540;2.053825701;1.980369620;1.909514802;1.841159898;1.775209165;1.711574148;1.650174717;1.590939566;1.533806288;1.478721095;1.425638290;1.374519530;1.325332974;1.278052339;1.232655936;1.189125699;1.147446257;1.107604068;1.069586626;1.033381773;0.998977113;0.966359534;0.935514848;0.906427546;0.879080656;0.853455713;0.829532817;0.807290784;0.786707371;0.767759560;0.750423903;0.734676898;0.720495393;0.707857007;0.696740546;0.687126414;0.678996993;0.672337004;0.667133812;0.663377692;0.661062033;0.660183483;0.660742028;0.662741001;0.666187027;0.671089890;0.677462350;0.685319877;0.694680346;0.705563672;0.717991398;0.731986261;0.747571721;0.764771485;0.783609023;0.804107104;0.826287341;0.850169787;0.875772568;0.903111586;0.932200285;0.963049511;0.995667458;1.030059715;1.066229428;1.104177560;1.143903277;1.185404431;1.228678158;1.273721564;1.320532491;1.369110351;1.419456989;1.471577559;1.525481364;1.581182624;1.638701115;1.698062626;1.759299151;1.822448754;1.887555003;1.954665889;2.023832096;2.095104524;2.168530907;2.244151389;2.321992877;2.402062012;2.484336541;2.568754879;;;;;;;;;;;;;;;;;;;;;;;
0.800;;;;;;;;;;;;;;;;;;;3.043182935;2.937327836;2.834015884;2.733533153;2.636063462;2.541708837;2.450507070;2.362446686;2.277479577;2.195531565;2.116511126;2.040316496;1.966841358;1.895979287;1.827627131;1.761687477;1.698070337;1.636694188;1.577486470;1.520383657;1.465330973;1.412281856;1.361197219;1.312044580;1.264797121;1.219432705;1.175932901;1.134282045;1.094466361;1.056473167;1.020290172;0.985904883;0.953304120;0.922473651;0.893397936;0.866059986;0.840441322;0.816522033;0.794280923;0.773695733;0.754743426;0.737400526;0.721643499;0.707449156;0.694795073;0.683660012;0.674024328;0.665870361;0.659182791;0.653948950;0.650159089;0.647806589;0.646888107;0.647403654;0.649356616;0.652753692;0.657604773;0.663922751;0.671723266;0.681024393;0.691846281;0.704210744;0.718140823;0.733660314;0.750793295;0.769563636;0.789994532;0.812108050;0.835924713;0.861463139;0.888739731;0.917768444;0.948560637;0.981125017;1.015467679;1.051592264;1.089500219;1.129191175;1.170663429;1.213914545;1.258942034;1.305744130;1.354320620;1.404673725;1.456808973;1.510736064;1.566469647;1.624029987;1.683443441;1.744742687;1.807966623;1.873159849;1.940371630;2.009654232;2.081060510;2.154640602;2.230437587;2.308481950;2.388784647;2.471328608;2.556058433;2.642868079;;;;;;;;;;;;;;;;;;;;;;
0.700;;;;;;;;;;;;;;;;;;;3.033240576;2.927098413;2.823529640;2.722819780;2.625151667;2.530625995;2.439278969;2.351097334;2.266031077;2.184004041;2.104922696;2.028683285;1.955177537;1.884297144;1.815937162;1.749998489;1.686389565;1.625027421;1.565838178;1.508757122;1.453728421;1.400704581;1.349645704;1.300518617;1.253295917;1.207954981;1.164476985;1.122845955;1.083047880;1.045069904;1.008899618;0.974524456;0.941931204;0.911105626;0.882032198;0.854693965;0.829072489;0.805147907;0.782899071;0.762303763;0.743338983;0.725981285;0.710207151;0.695993401;0.683317606;0.672158517;0.662496467;0.654313768;0.647595067;0.642327663;0.638501774;0.636110751;0.635151231;0.635623215;0.637530094;0.640878590;0.645678640;0.651943203;0.659688016;0.668931281;0.679693302;0.691996087;0.705862901;0.721317802;0.738385165;0.757089190;0.777453438;0.799500374;0.823250950;0.848724239;0.875937123;0.904904063;0.935636935;0.968144979;1.002434837;1.038510697;1.076374558;1.116026600;1.157465668;1.200689866;1.245697236;1.292486540;1.341058086;1.391414613;1.443562175;1.497511007;1.553276322;1.610878986;1.670346015;1.731710829;1.795013178;1.860298654;1.927617700;1.997023987;2.068572058;2.142314079;2.218295578;2.296549974;2.377091746;2.459908026;2.544948420;2.632112805;;;;;;;;;;;;;;;;;;;;;;
0.600;;;;;;;;;;;;;;;;;;;3.025275111;2.918848163;2.815019842;2.714076304;2.616200384;2.521492269;2.429987246;2.341670821;2.256491501;2.174371481;2.095215467;2.018917879;1.945368607;1.874457524;1.806077914;1.740128978;1.676517552;1.615159168;1.555978570;1.498909785;1.443895852;1.390888275;1.339846278;1.290735935;1.243529204;1.198202934;1.154737875;1.113117719;1.073328206;1.035356306;0.999189502;0.964815175;0.932220105;0.901390085;0.872309654;0.844961937;0.819328594;0.795389863;0.773124702;0.752510995;0.733525837;0.716145864;0.700347631;0.686108010;0.673404614;0.662216215;0.652523155;0.644307738;0.637554590;0.632250978;0.628387083;0.625956211;0.624954953;0.625383270;0.627244512;0.630545378;0.635295789;0.641508713;0.649199910;0.658387636;0.669092277;0.681335951;0.695142069;0.710534873;0.727538955;0.746178777;0.766478196;0.788460014;0.812145559;0.837554319;0.864703627;0.893608422;0.924281099;0.956731440;0.990966652;1.026991514;1.064808631;1.104418802;1.145821505;1.189015479;1.233999412;1.280772711;1.329336335;1.379693675;1.431851442;1.485820540;1.541616864;1.599261987;1.658783670;1.720216129;1.783599978;1.848981774;1.916413041;1.985948694;2.057644709;2.131554937;2.207726882;2.286196301;2.366980440;2.450069710;2.535417593;2.622928547;;;;;;;;;;;;;;;;;;;;;;
0.500;;;;;;;;;;;;;;;;;;;3.019286961;2.912578367;2.808488096;2.707304210;2.609210623;2.514307910;2.422631174;2.334165282;2.248857741;2.166629461;2.087383669;2.011013164;1.937406134;1.866450713;1.798038455;1.732066867;1.668441157;1.607075315;1.547892644;1.490825847;1.435816762;1.382815815;1.331781286;1.282678425;1.235478494;1.190157766;1.146696522;1.105078094;1.065287953;1.027312888;0.991140277;0.956757460;0.924151235;0.893307458;0.864210767;0.836844414;0.811190205;0.787228538;0.764938532;0.744298230;0.725284880;0.707875258;0.692046043;0.677774212;0.665037462;0.653814626;0.644086085;0.635834160;0.629043473;0.623701268;0.619797683;0.617325971;0.616282656;0.616667627;0.618484161;0.621738881;0.626441644;0.632605359;0.640245748;0.649381046;0.660031643;0.672219690;0.685968664;0.701302907;0.718247154;0.736826047;0.757063671;0.778983096;0.802605971;0.827952145;0.855039360;0.883883013;0.914495995;0.946888629;0.981068701;1.017041604;1.054810590;1.094377135;1.135741417;1.178902897;1.223861003;1.270615894;1.319169292;1.369525359;1.421691587;1.475679663;1.531506277;1.589193806;1.648770834;1.710272420;1.773740063;1.839221247;1.906768495;1.976437806;2.048286362;2.122369362;2.198735850;2.277423353;2.358451170;2.441812108;2.527462461;2.615309988;;;;;;;;;;;;;;;;;;;;;;
0.400;;;;;;;;;;;;;;;;;;3.124471972;3.015275187;2.908289488;2.803935649;2.702505017;2.604183752;2.509073795;2.417210877;2.328579888;2.243127859;2.160774843;2.081422904;2.004963457;1.931283153;1.860268498;1.791809370;1.725801601;1.662148758;1.600763252;1.541566894;1.484490996;1.429476120;1.376471544;1.325434524;1.276329424;1.229126743;1.183802120;1.140335327;1.098709293;1.058909201;1.020921643;0.984733888;0.950333245;0.917706546;0.886839737;0.857717589;0.830323524;0.804639541;0.780646247;0.758322978;0.737647997;0.718598758;0.701152235;0.685285285;0.670975041;0.658199331;0.646937091;0.637168775;0.628876749;0.622045649;0.616662706;0.612718020;0.610204784;0.609119438;0.609461775;0.611234962;0.614445507;0.619103148;0.625220681;0.632813723;0.641900417;0.652501083;0.664637825;0.678334107;0.693614290;0.710503166;0.729025482;0.749205472;0.771066408;0.794630190;0.819916975;0.846944866;0.875729678;0.906284776;0.938621008;0.972746741;1.008667995;1.046388699;1.085911048;1.127235975;1.170363735;1.215294574;1.262029496;1.310571088;1.360924387;1.413097774;1.467103827;1.522960129;1.580689953;1.640322772;1.701894539;1.765447645;1.831030475;1.898696466;1.968502558;2.040506915;2.114765775;2.191329303;2.270236257;2.351507315;2.435136846;2.521082936;2.609255428;;;;;;;;;;;;;;;;;;;;;;
0.300;;;;;;;;;;;;;;;;;;3.122705546;3.013237716;2.905981405;2.801363632;2.699680525;2.601121759;2.505791704;2.413727612;2.324915121;2.239301389;2.156806075;2.077330447;2.000764815;1.926994491;1.855904485;1.787383080;1.721324470;1.657630582;1.596212220;1.536989655;1.479892749;1.424860719;1.371841617;1.320791603;1.271674077;1.224458712;1.179120452;1.135638503;1.093995357;1.054175872;1.016166424;0.979954164;0.945526373;0.912869925;0.881970877;0.852814166;0.825383418;0.799660869;0.775627386;0.753262574;0.732544966;0.713452284;0.695961754;0.680050465;0.665695759;0.652875642;0.641569196;0.631756986;0.623421452;0.616547269;0.611121670;0.607134722;0.604579552;0.603452509;0.603753266;0.605484851;0.608653616;0.613269136;0.619344037;0.626893768;0.635936313;0.646491849;0.658582357;0.672231202;0.687462686;0.704301576;0.722772642;0.742900188;0.764707613;0.788217000;0.813448748;0.840421271;0.869150756;0.899651006;0.931933374;0.966006796;1.001877924;1.039551380;1.079030105;1.120315837;1.163409674;1.208312754;1.255027003;1.303555957;1.353905627;1.406085373;1.460108763;1.515994363;1.573766418;1.633455358;1.695098068;1.758737841;1.824423934;1.892210622;1.962155646;2.034317939;2.108754486;2.185516177;2.264642494;2.346154846;2.430048370;2.516281981;2.604766443;2.695350223;;;;;;;;;;;;;;;;;;;;;
0.200;;;;;;;;;;;;;;;;;;3.122891814;3.013171465;2.905653551;2.800773221;2.698832995;2.600027437;2.504464515;2.412183972;2.323173008;2.237379559;2.154723424;2.075105494;1.998415289;1.924537020;1.853354364;1.784754117;1.718628890;1.654878985;1.593413588;1.534151393;1.477020753;1.421959474;1.368914308;1.317840246;1.268699646;1.221461283;1.176099341;1.132592405;1.090922478;1.051074056;1.013033274;0.976787149;0.942322924;0.909627525;0.878687135;0.849486876;0.822010613;0.796240860;0.772158786;0.749744314;0.728976302;0.709832792;0.692291317;0.676329254;0.661924205;0.649054403;0.637699121;0.627839074;0.619456809;0.612537064;0.607067094;0.603036942;0.600439671;0.599271530;0.599532053;0.601224106;0.604353850;0.608930650;0.614966912;0.622477860;0.631481253;0.641997051;0.654047038;0.667654403;0.682843303;0.699638401;0.718064404;0.738145609;0.759905460;0.783366151;0.808548261;0.835470449;0.864149225;0.894598788;0.926830966;0.960855243;0.996678899;1.034307252;1.073744012;1.114991747;1.158052450;1.202928203;1.249621920;1.298138163;1.348483994;1.400669841;1.454710342;1.510625128;1.568439488;1.628184866;1.689899112;1.753626432;1.819416922;1.887325619;1.957410935;2.029732374;2.104347384;2.181307207;2.260651562;2.342401980;2.426553609;2.513065270;2.601847543;2.692748632;;;;;;;;;;;;;;;;;;;;;
0.100;;;;;;;;;;;;;;;;;;3.125022598;3.015072368;2.907304974;2.802165713;2.699965239;2.600904503;2.505096335;2.412584040;2.323357267;2.237365464;2.154529164;2.074749351;1.997915123;1.923909867;1.852616126;1.783919342;1.717710623;1.653888685;1.592361094;1.533044939;1.475867019;1.420763665;1.367680260;1.316570545;1.267395763;1.220123714;1.174727754;1.131185783;1.089479262;1.049592280;1.011510697;0.975221370;0.940711495;0.907968047;0.876977342;0.847724708;0.820194275;0.794368866;0.770229992;0.747757942;0.726931948;0.707730423;0.690131261;0.674112179;0.659651092;0.646726508;0.635317936;0.625406283;0.616974238;0.610006631;0.604490757;0.600416651;0.597777316;0.596568895;0.596790773;0.598445629;0.601539401;0.606081209;0.612083188;0.619560282;0.628529962;0.639011905;0.651027621;0.664600047;0.679753115;0.696511300;0.714899165;0.734940914;0.756659962;0.780078537;0.805217322;0.832095162;0.860728830;0.891132875;0.923319562;0.957298896;0.993078767;1.030665187;1.070062645;1.111274561;1.154303853;1.199153592;1.245827736;1.294331936;1.344674375;1.396866620;1.450924456;1.506868649;1.564725595;1.624527798;1.686314110;1.750129648;1.816025321;1.884056854;1.954283202;2.026764248;2.101557640;2.178714613;2.258274661;2.340258855;2.424661633;2.511440843;2.600505823;2.691703257;;;;;;;;;;;;;;;;;;;;;
0.000;;;;;;;;;;;;;;;;;;3.129087943;3.018935308;2.910934290;2.805542508;2.703080637;2.603757626;2.507692554;2.414933452;2.325473399;2.239264167;2.156227683;2.076265559;1.999266889;1.925114556;1.853690210;1.784878103;1.718567949;1.654656932;1.593051018;1.533665676;1.476426113;1.421267129;1.368132670;1.316975152;1.267754626;1.220437840;1.174997246;1.131409991;1.089656935;1.049721710;1.011589856;0.975248045;0.940683403;0.907882945;0.876833122;0.847519479;0.819926428;0.794037133;0.769833482;0.747296170;0.726404847;0.707138347;0.689474977;0.673392843;0.658870223;0.645885953;0.634419822;0.624452969;0.615968263;0.608950657;0.603387509;0.599268861;0.596587665;0.595339957;0.595524966;0.597145161;0.600206237;0.604717027;0.610689355;0.618137830;0.627079580;0.637533931;0.649522049;0.663066544;0.678191043;0.694919751;0.713277007;0.733286840;0.754972553;0.778356330;0.803458887;0.830299184;0.858894199;0.889258777;0.921405573;0.955345082;0.991085780;1.028634362;1.067996092;1.109175258;1.152175726;1.197001588;1.243657892;1.292151428;1.342491560;1.394691059;1.448766920;1.504741104;1.562641172;1.622500731;1.684359657;1.748263982;1.814265396;1.882420238;1.952787888;2.025428425;2.100399439;2.177751819;2.257524394;2.339737219;2.424383333;2.511418773;2.600750623;2.692222848;;;;;;;;;;;;;;;;;;;;;
-0.100;;;;;;;;;;;;;;;;;;3.135075914;3.024753940;2.916539545;2.810905007;2.708183051;2.608592379;2.512259816;2.419239398;2.329528706;2.243082732;2.159825538;2.079659957;2.002475560;1.928155098;1.856579603;1.787632343;1.721201772;1.657183625;1.595482305;1.536011661;1.478695283;1.423466391;1.370267431;1.319049421;1.269771141;1.222398209;1.176902095;1.133259123;1.091449483;1.051456293;1.013264726;0.976861228;0.942232830;0.909366570;0.878249028;0.848865968;0.821202102;0.795240950;0.770964812;0.748354820;0.727391085;0.708052909;0.690319054;0.674168071;0.659578647;0.646529991;0.635002221;0.624976750;0.616436664;0.609367071;0.603755420;0.599591776;0.596869053;0.595583182;0.595733228;0.597321443;0.600353248;0.604837162;0.610784658;0.618209964;0.627129806;0.637563099;0.649530600;0.663054516;0.678158094;0.694865190;0.713199835;0.733185804;0.754846206;0.778203102;0.803277167;0.830087407;0.858650936;0.888982840;0.921096115;0.955001706;0.990708647;1.028224295;1.067554683;1.108704967;1.151679975;1.196484850;1.243125759;1.291610677;1.341950197;1.394158348;1.448253389;1.504258533;1.562202549;1.622120186;1.684052363;1.748046026;1.814153612;1.882432005;1.952940889;2.025740368;2.100887726;2.178433184;2.258414483;2.340850131;2.425731110;2.513010844;2.602593197;2.694318257;;;;;;;;;;;;;;;;;;;;;
-0.200;;;;;;;;;;;;;;;;;;3.142972256;3.032520408;2.924117975;2.818254408;2.715276669;2.615415106;2.518805919;2.425510541;2.335532232;2.248830191;2.165331433;2.084940685;2.007548531;1.933038013;1.861289875;1.792186642;1.725615674;1.661471370;1.599656628;1.540083696;1.482674531;1.427360737;1.374083201;1.322791477;1.273442994;1.226002161;1.180439387;1.136730093;1.094853730;1.054792835;1.016532161;0.980057882;0.945356899;0.912416248;0.881222622;0.851762002;0.824019403;0.797978722;0.773622685;0.750932898;0.729889967;0.710473699;0.692663361;0.676437987;0.661776725;0.648659204;0.637065914;0.626978586;0.618380559;0.611257130;0.605595865;0.601386878;0.598623054;0.597300229;0.597417302;0.598976294;0.601982338;0.606443610;0.612371196;0.619778899;0.628682994;0.639101928;0.651055981;0.664566892;0.679657453;0.696351094;0.714671459;0.734641988;0.756285515;0.779623902;0.804677706;0.831465903;0.860005683;0.890312308;0.922399064;0.956277303;0.991956577;1.029444884;1.068749010;1.109874975;1.152828577;1.197616022;1.244244626;1.292723581;1.343064750;1.395283465;1.449399296;1.505436752;1.563425851;1.623402516;1.685408722;1.749492324;1.815706471;1.884108525;1.954758359;2.027715929;2.103037984;2.180773759;2.260959508;2.343611682;2.428718578;2.516230235;2.606046371;2.698002096;;;;;;;;;;;;;;;;;;;;;
-0.300;;;;;;;;;;;;;;;;;;3.152759955;3.042224953;2.933665666;2.827591413;2.724365746;2.624232704;2.527339631;2.433756865;2.343494638;2.256517440;2.172756144;2.092118117;2.014495563;1.939772300;1.867829159;1.798548205;1.731815915;1.667525488;1.605578399;1.545885339;1.488366629;1.432952233;1.379581430;1.328202243;1.278770678;1.231249852;1.185609031;1.141822654;1.099869353;1.059731018;1.021391915;0.984837895;0.950055684;0.917032282;0.885754476;0.856208451;0.828379521;0.802251966;0.777808958;0.755032597;0.733904014;0.714403558;0.696511037;0.680206014;0.665468141;0.652277510;0.640615027;0.630462781;0.621804406;0.614625419;0.608913536;0.604658938;0.601854502;0.600495975;0.600582094;0.602114642;0.605098450;0.609541327;0.615453942;0.622849635;0.631744183;0.642155511;0.654103364;0.667608945;0.682694522;0.699383025;0.717697635;0.737661379;0.759296739;0.782625296;0.807667414;0.834441972;0.862966161;0.893255361;0.925323092;0.959181060;0.994839303;1.032306425;1.071589947;1.112696741;1.155633576;1.200407728;1.247027681;1.295503872;1.345849464;1.398081128;1.452219788;1.508291284;1.566326918;1.626363808;1.688445001;1.752619248;1.818940377;1.887466155;1.958256533;2.031371158;2.106866014;2.184789054;2.265174655;2.348036726;2.433360271;2.521091210;2.611124225;2.703288386;;;;;;;;;;;;;;;;;;;;;
-0.400;;;;;;;;;;;;;;;;;;3.164418673;3.053855416;2.945177110;2.838915834;2.735454259;2.635052324;2.537870422;2.443989448;2.353428004;2.266157067;2.182112364;2.101204734;2.023328681;1.948369341;1.876208067;1.806726796;1.739811368;1.675353955;1.613254724;1.553422863;1.495777085;1.440245693;1.386766322;1.335285405;1.285757455;1.238144215;1.192413727;1.148539360;1.106498848;1.066273354;1.027846593;0.991204027;0.956332157;0.923217906;0.891848122;0.862209173;0.834286664;0.808065255;0.783528573;0.760659227;0.739438898;0.719848503;0.701868428;0.685478805;0.670659825;0.657392087;0.645656956;0.635436918;0.626715938;0.619479792;0.613716372;0.609415953;0.606571423;0.605178454;0.605235621;0.606744472;0.609709520;0.614138193;0.620040715;0.627429929;0.636321072;0.646731498;0.658680364;0.672188274;0.687276907;0.703968623;0.722286066;0.742251774;0.763887800;0.787215373;0.812254585;0.839024145;0.867541180;0.897821122;0.929877669;0.963722833;0.999367090;1.036819620;1.076088650;1.117181895;1.160107080;1.204872561;1.251488000;1.299965093;1.350318334;1.402565762;1.456729683;1.512837303;1.570921233;1.631019809;1.693177149;1.757442892;1.823871505;1.892521093;1.963451573;2.036722124;2.112387749;2.190494827;2.271075488;2.354140626;2.439671374;2.527608825;2.617841769;2.710192216;;;;;;;;;;;;;;;;;;;;;
-0.500;;;;;;;;;;;;;;;;;;3.177924064;3.067396622;2.958644659;2.852226106;2.748545476;2.647880979;2.550408126;2.456220151;2.365345560;2.277763115;2.193414500;2.112214943;2.034062002;1.958842754;1.886439562;1.816734618;1.749613416;1.684967311;1.622695304;1.562705171;1.504914049;1.449248589;1.395644751;1.344047328;1.294409272;1.246690877;1.200858871;1.156885471;1.114747426;1.074425090;1.035901548;0.999161806;0.964192078;0.930979163;0.899509927;0.869770893;0.841747936;0.815426086;0.790789426;0.767821082;0.746503301;0.726817592;0.708744948;0.692266097;0.677361813;0.664013237;0.652202230;0.641911716;0.633126029;0.625831235;0.620015435;0.615669025;0.612784922;0.611358738;0.611388899;0.612876712;0.615826372;0.620244909;0.626142079;0.633530201;0.642423933;0.652840018;0.664796970;0.678314742;0.693414360;0.710117548;0.728446346;0.748422729;0.770068251;0.793403710;0.818448858;0.845222161;0.873740615;0.904019642;0.936073056;0.969913126;1.005550722;1.042995561;1.082256550;1.123342221;1.166261252;1.211023071;1.257638522;1.306120579;1.356485081;1.408751460;1.462943429;1.519089585;1.577223869;1.637385846;1.699620711;1.763978971;1.830515696;1.899289255;1.970359427;2.043784763;2.119619074;2.197906887;2.278677722;2.361939011;2.447667454;2.535798632;2.626214623;2.718729394;;;;;;;;;;;;;;;;;;;;;
-0.600;;;;;;;;;;;;;;;;;;3.193246967;3.082829655;2.974057869;2.867518702;2.763641425;2.662725078;2.564962519;2.470461249;2.379261346;2.291350778;2.206678394;2.125164823;2.046711521;1.971208193;1.898538771;1.828586141;1.761235788;1.696378504;1.633912300;1.573743653;1.515788190;1.459970927;1.406226134;1.354496926;1.304734632;1.256898020;1.210952424;1.166868818;1.124622875;1.084194055;1.045564726;1.008719367;0.973643834;0.940324740;0.908748923;0.878903020;0.850773149;0.824344692;0.799602176;0.776529247;0.755108723;0.735322726;0.717152872;0.700580519;0.685587048;0.672154182;0.660264312;0.649900836;0.641048492;0.633693671;0.627824712;0.623432160;0.620508986;0.619050757;0.619055758;0.620525065;0.623462549;0.627874832;0.633771189;0.641163385;0.650065473;0.660493540;0.672465417;0.686000352;0.701118664;0.717841380;0.736189869;0.756185477;0.777849187;0.801201299;0.826261155;0.853046907;0.881575356;0.911861848;0.943920261;0.977763063;1.013401473;1.050845708;1.090105322;1.131189643;1.174108283;1.218871738;1.265492035;1.313983431;1.364363124;1.416651955;1.470875067;1.527062462;1.585249431;1.645476775;1.707790762;1.772242749;1.838888364;1.907786170;1.978995700;2.052574728;2.128575662;2.207040906;2.287997025;2.371447546;2.457364200;2.545676397;2.636258704;2.728916102;;;;;;;;;;;;;;;;;;;;;
-0.700;;;;;;;;;;;;;;;;;;3.210352479;3.100131021;2.991402743;2.884787446;2.780742282;2.679589871;2.581542815;2.486724978;2.395189809;2.306936038;2.221920998;2.140071834;2.061294834;1.985483099;1.912522756;1.842297888;1.774694363;1.709602703;1.646920147;1.586552016;1.528412518;1.472425072;1.418522263;1.366645494;1.316744420;1.268776215;1.222704733;1.178499616;1.136135371;1.095590467;1.056846474;1.019887249;0.984698222;0.951265751;0.919576584;0.889617425;0.861374596;0.834833803;0.809980002;0.786797346;0.765269229;0.745378389;0.727107084;0.710437321;0.695351117;0.681830802;0.669859333;0.659420613;0.650499818;0.643083697;0.637160859;0.632722025;0.629760241;0.628271049;0.628252612;0.629705775;0.632634089;0.637043766;0.642943581;0.650344730;0.659260634;0.669706692;0.681700009;0.695259086;0.710403481;0.727153470;0.745529689;0.765552796;0.787243136;0.810620444;0.835703584;0.862510332;0.891057226;0.921359481;0.953430974;0.987284327;1.022931059;1.060381846;1.099646857;1.140736188;1.183660370;1.228430955;1.275061149;1.323566493;1.373965555;1.426280597;1.480538202;1.536769795;1.595012025;1.655306931;1.717701850;1.782248962;1.849004409;1.918026880;1.989375548;2.063107262;2.139272825;2.217912252;2.299048813;2.382681710;2.468777177;2.557257815;2.647989915;2.740768552;;;;;;;;;;;;;;;;;;;;;
-0.800;;;;;;;;;;;;;;;;;;3.229198901;3.119271685;3.010660867;2.904022734;2.799845666;2.698478808;2.600157098;2.505023013;2.413145335;2.324535239;2.239159985;2.156954461;2.077830814;2.001686400;1.928410241;1.857888184;1.790006928;1.724657072;1.661735337;1.601146073;1.542802182;1.486625552;1.432547100;1.380506506;1.330451703;1.282338208;1.236128317;1.191790250;1.149297253;1.108626712;1.069759295;1.032678157;0.997368209;0.963815479;0.932006560;0.901928164;0.873566769;0.846908367;0.821938313;0.798641254;0.777001147;0.757001349;0.738624769;0.721854073;0.706671937;0.693061322;0.681005777;0.670489744;0.661498866;0.654020280;0.648042896;0.643557637;0.640557650;0.639038475;0.638998161;0.640437342;0.643359251;0.647769683;0.653676913;0.661091551;0.670026361;0.680496029;0.692516904;0.706106693;0.721284153;0.738068755;0.756480352;0.776538852;0.798263904;0.821674616;0.846789312;0.873625328;0.902198882;0.932524994;0.964617490;0.998489091;1.034151572;1.071616027;1.110893205;1.151993946;1.194929677;1.239712990;1.286358266;1.334882329;1.385305117;1.437650323;1.491945979;1.548224940;1.606525217;1.666890089;1.729367946;1.794011765;1.860878157;1.930025856;2.001513573;2.075397078;2.151725373;2.230535821;2.311848069;2.395656577;2.481921575;2.570558235;2.661423826;2.754302626;;;;;;;;;;;;;;;;;;;;;
-0.900;;;;;;;;;;;;;;;;;;3.249736548;3.140216006;3.031808437;2.925210651;2.820945837;2.719392825;2.620811666;2.525365886;2.433141714;2.344164604;2.258413315;2.175831818;2.096339255;2.019838182;1.946221303;1.875376865;1.807192909;1.741560511;1.678376176;1.617543503;1.558974237;1.502588824;1.448316556;1.396095385;1.345871497;1.297598691;1.251237634;1.206755034;1.164122782;1.123317078;1.084317594;1.047106681;1.011668644;0.977989092;0.946054388;0.915851182;0.887366051;0.860585226;0.835494425;0.812078760;0.790322735;0.770210317;0.751725063;0.734850310;0.719569404;0.705865957;0.693724132;0.683128935;0.674066505;0.666524398;0.660491852;0.655960018;0.652922171;0.651373868;0.651313068;0.652740201;0.655658192;0.660072425;0.665990666;0.673422932;0.682381316;0.692879769;0.704933850;0.718560445;0.733777467;0.750603539;0.769057682;0.789159002;0.810926397;0.834378292;0.859532411;0.886405596;0.915013682;0.945371443;0.977492601;1.011389925;1.047075402;1.084560503;1.123856526;1.164975022;1.207928293;1.252729957;1.299395557;1.347943198;1.398394186;1.450773646;1.505111064;1.561440730;1.619802016;1.680239433;1.742802408;1.807544687;1.874523292;1.943796929;2.015423737;2.089458256;2.165947487;2.244925889;2.326409158;2.410386609;2.496811970;2.585592379;2.676575358;2.769533523;;;;;;;;;;;;;;;;;;;;;
-1.000;;;;;;;;;;;;;;;;;;3.271906436;3.162920534;3.054815176;2.948331996;2.844032815;2.742329535;2.643510309;2.547762326;2.455191551;2.365839699;2.279698744;2.196723203;2.116840457;2.039959313;1.965977025;1.894784958;1.826273071;1.760333376;1.696862514;1.635763595;1.576947393;1.520333031;1.465848239;1.413429264;1.363020524;1.314574056;1.268048825;1.223409950;1.180627866;1.139677490;1.100537392;1.063189019;1.027615965;0.993803334;0.961737168;0.931403981;0.902790380;0.875882779;0.850667210;0.827129213;0.805253814;0.785025570;0.766428681;0.749447154;0.734065008;0.720266522;0.708036492;0.697360507;0.688225227;0.680618654;0.674530378;0.669951810;0.666876375;0.665299671;0.665219583;0.666636357;0.669552619;0.673973349;0.679905807;0.687359411;0.696345570;0.706877485;0.718969904;0.732638863;0.747901397;0.764775245;0.783278552;0.803429577;0.825246417;0.848746762;0.873947686;0.900865479;0.929515546;0.959912358;0.992069485;1.025999697;1.061715151;1.099227655;1.138549021;1.179691482;1.222668194;1.267493781;1.314184937;1.362761035;1.413244751;1.465662637;1.520045633;1.576429463;1.634854854;1.695367539;1.758017959;1.822860590;1.889952814;1.959353226;2.031119279;2.105304136;2.181952596;2.261095959;2.342745652;2.426885445;2.513462077;2.602374060;2.693458460;2.786475386;;;;;;;;;;;;;;;;;;;;;
-1.100;;;;;;;;;;;;;;;;;;3.295638832;3.187332696;3.079643134;2.973361189;2.869091396;2.767282352;2.668253508;2.572218539;2.479305610;2.389574847;2.303033293;2.219647616;2.139354796;2.062071045;1.987699134;1.916134342;1.847269202;1.780997178;1.717215460;1.655826975;1.596741752;1.539877744;1.485161209;1.432526730;1.381916957;1.333282130;1.286579457;1.241772381;1.198829794;1.157725225;1.118436038;1.080942665;1.045227891;1.011276206;0.979073241;0.948605287;0.919858903;0.892820619;0.867476725;0.843813143;0.821815383;0.801468568;0.782757520;0.765666909;0.750181429;0.736286029;0.723966150;0.713207982;0.703998730;0.696326858;0.690182340;0.685556868;0.682444042;0.680839525;0.680741151;0.682148997;0.685065407;0.689494965;0.695444430;0.702922621;0.711940260;0.722509783;0.734645114;0.748361416;0.763674819;0.780602147;0.799160631;0.819367645;0.841240441;0.864795930;0.890050485;0.917019800;0.945718798;0.976161603;1.008361583;1.042331467;1.078083539;1.115629909;1.154982866;1.196155302;1.239161196;1.284016165;1.330738032;1.379347435;1.429868405;1.482328919;1.536761367;1.593202896;1.651695582;1.712286361;1.775026661;1.839971647;1.907178999;1.976707117;2.048612652;2.122947234;2.199753264;2.279058627;2.360870161;2.445165700;2.531884511;2.620915899;2.712085776;2.805140919;;;;;;;;;;;;;;;;;;;;;
-1.200;;;;;;;;;;;;;;;;;;;3.213389347;3.106245386;3.000265097;2.896100085;2.794239514;2.695037565;2.598737423;2.505492110;2.415382483;2.328432674;2.244623235;2.163902244;2.086194580;2.011409600;1.939447387;1.870203775;1.803574275;1.739457091;1.677755329;1.618378541;1.561243700;1.506275716;1.453407572;1.402580168;1.353741930;1.306848257;1.261860848;1.218746960;1.177478634;1.138031919;1.100386123;1.064523108;1.030426646;0.998081854;0.967474705;0.938591624;0.911419179;0.885943851;0.862151888;0.840029238;0.819561553;0.800734255;0.783532655;0.767942118;0.753948260;0.741537173;0.730695663;0.721411490;0.713673607;0.707472388;0.702799833;0.699649740;0.698017862;0.697902002;0.699302091;0.702220204;0.706660544;0.712629379;0.720134932;0.729187237;0.739797964;0.751980198;0.765748213;0.781117216;0.798103088;0.816722121;0.836990764;0.858925393;0.882542096;0.907856508;0.934883680;0.963638010;0.994133232;1.026382471;1.060398373;1.096193310;1.133779658;1.173170154;1.214378314;1.257418923;1.302308561;1.349066173;1.397713641;1.448276343;1.500783672;1.555269455;1.611772253;1.670335474;1.731007234;1.793839915;1.858889324;1.926213371;1.995870172;2.067915454;2.142399156;2.219361078;2.298825435;2.380794157;2.465238749;2.552090530;2.641229024;2.732468299;2.825540988;;;;;;;;;;;;;;;;;;;;;
-1.300;;;;;;;;;;;;;;;;;;;3.241015190;3.134564589;3.029001730;2.925029923;2.823183035;2.723853652;2.627317711;2.533755953;2.443272470;2.355910664;2.271666865;2.190501871;2.112350621;2.037130232;1.964746580;1.895099612;1.828087553;1.763610156;1.701571124;1.641879848;1.584452554;1.529212957;1.476092537;1.425030486;1.375973414;1.328874874;1.283694759;1.240398607;1.198956874;1.159344187;1.121538614;1.085520981;1.051274229;1.018782851;0.988032397;0.959009066;0.931699377;0.906089924;0.882167216;0.859917584;0.839327163;0.820381940;0.803067843;0.787370888;0.773277354;0.760773985;0.749848203;0.740488339;0.732683850;0.726425531;0.721705707;0.718518404;0.716859482;0.716726740;0.718119980;0.721041031;0.725493732;0.731483868;0.739019078;0.748108715;0.758763676;0.770996208;0.784819685;0.800248376;0.817297200;0.835981485;0.856316734;0.878318409;0.902001747;0.927381606;0.954472359;0.983287840;1.013841352;1.046145740;1.080213530;1.116057145;1.153689195;1.193122830;1.234372168;1.277452768;1.322382159;1.369180381;1.417870548;1.468479371;1.521037641;1.575580611;1.632148239;1.690785240;1.751540882;1.814468462;1.879624373;1.947066683;2.016853125;2.089038374;2.163670517;2.240786542;2.320406737;2.402527800;2.487114517;2.574089780;2.663322761;2.754615006;2.847684196;;;;;;;;;;;;;;;;;;;;;
-1.400;;;;;;;;;;;;;;;;;;;3.270121053;3.164531433;3.059518835;2.955843218;2.854087564;2.754686784;2.657953056;2.564097906;2.473251361;2.385478453;2.300793342;2.219171317;2.140558897;2.064882253;1.992054139;1.921979531;1.854560112;1.789697786;1.727297337;1.667268369;1.609526630;1.553994843;1.500603106;1.449288972;1.399997256;1.352679646;1.307294176;1.263804592;1.222179669;1.182392505;1.144419818;1.108241278;1.073838877;1.041196369;1.010298772;0.981131953;0.953682287;0.927936399;0.903880979;0.881502677;0.860788058;0.841723628;0.824295899;0.808491517;0.794297405;0.781700949;0.770690194;0.761254046;0.753382476;0.747066717;0.742299441;0.739074919;0.737389143;0.737239931;0.738626980;0.741551892;0.746018160;0.752031107;0.759597797;0.768726910;0.779428579;0.791714210;0.805596275;0.821088097;0.838203622;0.856957194;0.877363349;0.899436616;0.923191348;0.948641599;0.975801030;1.004682880;1.035299987;1.067664880;1.101789930;1.137687581;1.175370642;1.214852651;1.256148294;1.299273884;1.344247871;1.391091374;1.439828716;1.490487924;1.543101168;1.597705107;1.654341071;1.713055055;1.773897444;1.836922399;1.902186837;1.969748904;2.039665841;2.111991141;2.186770863;2.264038970;2.343811554;2.426079760;2.510801253;2.597890021;2.687204314;2.778532475;;;;;;;;;;;;;;;;;;;;;;
-1.500;;;;;;;;;;;;;;;;;;;3.300602016;3.196062940;3.091752369;2.988492170;2.886919140;2.787514714;2.690631033;2.596513708;2.505321607;2.417143938;2.332014913;2.249926238;2.170837673;2.094685858;2.021391632;1.950866002;1.883014949;1.817743212;1.754957204;1.694567167;1.636488707;1.580643786;1.526961289;1.475377225;1.425834658;1.378283411;1.332679623;1.288985181;1.247167096;1.207196834;1.169049649;1.132703936;1.098140617;1.065342587;1.034294215;1.004980925;0.977388847;0.951504538;0.927314788;0.904806491;0.883966578;0.864782020;0.847239873;0.831327377;0.817032079;0.804341995;0.793245784;0.783732927;0.775793919;0.769420442;0.764605533;0.761343726;0.759631170;0.759465721;0.760846997;0.763776396;0.768257085;0.774293943;0.781893478;0.791063710;0.801814017;0.814154972;0.828098146;0.843655913;0.860841238;0.879667474;0.900148176;0.922296916;0.946127149;0.971652097;0.998884684;1.027837524;1.058522962;1.090953180;1.125140365;1.161096950;1.198835913;1.238371150;1.279717891;1.322893175;1.367916349;1.414809588;1.463598399;1.514312103;1.566984227;1.621652807;1.678360517;1.737154597;1.798086500;1.861211197;1.926586058;1.994269213;2.064317297;2.136782474;2.211708594;2.289126373;2.369047431;2.451457022;2.536305290;2.623496836;2.712878408;2.804224469;;;;;;;;;;;;;;;;;;;;;;
-1.600;;;;;;;;;;;;;;;;;;;;3.229060627;3.125624841;3.022917377;2.921633863;2.822306733;2.725332076;2.630993127;2.539480717;2.450910978;2.365340575;2.282779727;2.203203237;2.126559772;2.052779574;1.981780801;1.913474660;1.847769497;1.784573971;1.723799464;1.665361818;1.609182526;1.555189460;1.503317219;1.453507187;1.405707347;1.359871922;1.315960893;1.273939424;1.233777257;1.195448071;1.158928867;1.124199376;1.091241508;1.060038863;1.030576304;1.002839604;0.976815151;0.952489743;0.929850432;0.908884444;0.889579155;0.871922112;0.855901109;0.841504288;0.828720272;0.817538321;0.807948491;0.799941800;0.793510389;0.788647673;0.785348467;0.783609096;0.783427481;0.784803180;0.787737413;0.792233044;0.798294531;0.805927847;0.815140366;0.825940729;0.838338683;0.852344909;0.867970834;0.885228441;0.904130091;0.924688342;0.946915807;0.970825019;0.996428354;1.023737978;1.052765855;1.083523813;1.116023659;1.150277370;1.186297337;1.224096684;1.263689634;1.305091934;1.348321321;1.393398014;1.440345214;1.489189592;1.539961730;1.592696484;1.647433234;1.704215960;1.763093100;1.824117123;1.887343742;1.952830697;2.020635999;2.090815553;2.163420031;2.238490884;2.316055343;2.396120270;2.478664684;2.563630791;2.650913312;2.740346912;2.831691487;;;;;;;;;;;;;;;;;;;;;;
-1.700;;;;;;;;;;;;;;;;;;;;3.263408509;3.161043507;3.059046222;2.958176442;2.859022376;2.762028326;2.667518936;2.575720356;2.486778600;2.400775386;2.317741705;2.237669378;2.160520790;2.086237040;2.014744668;1.945961144;1.879799277;1.816170682;1.754988444;1.696169089;1.639633979;1.585310222;1.533131182;1.483036667;1.434972866;1.388892094;1.344752385;1.302516999;1.262153860;1.223634971;1.186935826;1.152034836;1.118912804;1.087552434;1.057937908;1.030054522;1.003888389;0.979426210;0.956655107;0.935562519;0.916136156;0.898363999;0.882234347;0.867735897;0.854857854;0.843590060;0.833923135;0.825848618;0.819359115;0.814448426;0.811111665;0.809345353;0.809147492;0.810517611;0.813456773;0.817967565;0.824054049;0.831721683;0.840977221;0.851828582;0.864284706;0.878355392;0.894051131;0.911382931;0.930362156;0.951000374;0.973309223;0.997300311;1.022985152;1.050375136;1.079481563;1.110315718;1.142889014;1.177213188;1.213300570;1.251164397;1.290819194;1.332281197;1.375568813;1.420703103;1.467708266;1.516612101;1.567446420;1.620247372;1.675055639;1.731916460;1.790879417;1.851997928;1.915328371;1.980928759;2.048856868;2.119167730;2.191910356;2.267123589;2.344830924;2.425034163;2.507705729;2.592779463;2.680139699;2.769608425;2.860930269;;;;;;;;;;;;;;;;;;;;;;
-1.800;;;;;;;;;;;;;;;;;;;;3.298970932;3.197898424;3.096791114;2.996478625;2.897610030;2.800682390;2.706065817;2.614025380;2.524740158;2.438319718;2.354818285;2.274246827;2.196583303;2.121781257;2.049776968;1.980495316;1.913854535;1.849769985;1.788157100;1.728933604;1.672021130;1.617346324;1.564841526;1.514445112;1.466101560;1.419761299;1.375380408;1.332920189;1.292346678;1.253630102;1.216744335;1.181666354;1.148375724;1.116854128;1.087084939;1.059052857;1.032743602;1.008143672;0.985240158;0.964020627;0.944473043;0.926585753;0.910347506;0.895747511;0.882775518;0.871421927;0.861677904;0.853535506;0.846987799;0.842028980;0.838654471;0.836861007;0.836646695;0.838011052;0.840955015;0.845480920;0.851592455;0.859294594;0.868593491;0.879496368;0.892011376;0.906147452;0.921914162;0.939321550;0.958379991;0.979100061;1.001492426;1.025567764;1.051336716;1.078809889;1.107997898;1.138911473;1.171561607;1.205959782;1.242118236;1.280050295;1.319770760;1.361296323;1.404646032;1.449841757;1.496908660;1.545875632;1.596775675;1.649646183;1.704529094;1.761470845;1.820522097;1.881737138;1.945172919;2.010887614;2.078938637;2.149379984;2.222258819;2.297611150;2.375456466;2.455791191;2.538580773;2.623750241;2.711173022;2.800657810;;;;;;;;;;;;;;;;;;;;;;;
-1.900;;;;;;;;;;;;;;;;;;;;3.335590204;3.236060318;3.136047587;3.036457497;2.938005406;2.841245994;2.746599175;2.654372794;2.564782415;2.477968479;2.394011090;2.312942687;2.234758812;2.159427198;2.086895354;2.017096837;1.949956372;1.885393955;1.823328099;1.763678315;1.706366973;1.651320614;1.598470821;1.547754722;1.499115196;1.452500850;1.407865812;1.365169402;1.324375701;1.285453079;1.248373689;1.213112953;1.179649079;1.147962598;1.118035948;1.089853107;1.063399282;1.038660653;1.015624180;0.994277455;0.974608617;0.956606304;0.940259652;0.925558326;0.912492584;0.901053350;0.891232318;0.883022047;0.876416062;0.871408957;0.867996474;0.866175576;0.865944494;0.867302759;0.870251204;0.874791940;0.880928314;0.888664840;0.898007101;0.908961646;0.921535863;0.935737845;0.951576253;0.969060181;0.988199025;1.009002380;1.031479942;1.055641455;1.081496687;1.109055451;1.138327670;1.169323499;1.202053499;1.236528870;1.272761737;1.310765489;1.350555171;1.392147904;1.435563340;1.480824120;1.527956329;1.576989907;1.627958996;1.680902182;1.735862596;1.792887805;1.852029468;1.913342652;1.976884769;2.042714031;2.110887334;2.181457467;2.254469536;2.329956466;2.407933452;2.488391196;2.571287773;2.656538932;2.744006644;2.833485679;;;;;;;;;;;;;;;;;;;;;;;
-2.000;;;;;;;;;;;;;;;;;;;;;3.275378267;3.176692210;3.078013617;2.980129896;2.883658521;2.789073843;2.696730618;2.606884569;2.519710257;2.435316531;2.353759810;2.275055414;2.199187160;2.126115423;2.055783838;1.988124803;1.923063947;1.860523679;1.800425975;1.742694477;1.687256046;1.634041825;1.582987927;1.534035789;1.487132285;1.442229634;1.399285164;1.358260964;1.319123475;1.281843032;1.246393399;1.212751306;1.180896007;1.150808877;1.122473045;1.095873081;1.070994731;1.047824711;1.026350541;1.006560441;0.988443258;0.971988446;0.957186072;0.944026847;0.932502188;0.922604286;0.914326185;0.907661863;0.902606309;0.899155591;0.897306913;0.897058649;0.898410364;0.901362812;0.905917910;0.912078691;0.919849237;0.929234592;0.940240659;0.952874088;0.967142156;0.983052638;1.000613697;1.019833769;1.040721473;1.063285545;1.087534801;1.113478135;1.141124558;1.170483294;1.201563910;1.234376517;1.268932014;1.305242389;1.343321066;1.383183303;1.424846613;1.468331213;1.513660475;1.560861359;1.609964799;1.661006019;1.714024733;1.769065189;1.826176003;1.885409733;1.946822116;2.010470901;2.076414188;2.144708186;2.215404276;2.288545274;2.364160753;2.442261297;2.522831520;2.605821696;2.691137799;2.778629774;2.868077804;;;;;;;;;;;;;;;;;;;;;;;
-2.100;;;;;;;;;;;;;;;;;;;;;3.315677162;3.218580321;3.121028986;3.023888750;2.927845402;2.833432676;2.741056661;2.651017177;2.563526400;2.478725016;2.396696142;2.317477250;2.241070312;2.167450363;2.096572650;2.028378560;1.962800455;1.899765573;1.839199110;1.781026605;1.725175725;1.671577560;1.620167490;1.570885713;1.523677503;1.478493241;1.435288283;1.394022708;1.354660973;1.317171521;1.281526357;1.247700623;1.215672175;1.185421198;1.156929847;1.130181930;1.105162641;1.081858333;1.060256353;1.040344900;1.022112950;1.005550196;0.990647041;0.977394599;0.965784734;0.955810104;0.947464217;0.940741487;0.935637297;0.932148044;0.930271181;0.930005241;0.931349846;0.934305695;0.938874538;0.945059123;0.952863132;0.962291099;0.973348314;0.986040719;1.000374797;1.016357469;1.033995984;1.053297835;1.074270685;1.096922318;1.121260628;1.147293634;1.175029549;1.204476884;1.235644611;1.268542373;1.303180747;1.339571556;1.377728233;1.417666210;1.459403354;1.502960404;1.548361410;1.595634149;1.644810489;1.695926666;1.749023442;1.804146092;1.861344183;1.920671058;1.982182995;2.045937930;2.111993683;2.180405581;2.251223372;2.324487323;2.400223357;2.478437100;2.559106685;2.642174123;2.727535090;2.815026897;;;;;;;;;;;;;;;;;;;;;;;;
-2.200;;;;;;;;;;;;;;;;;;;;;;3.261543518;3.165364807;3.069169096;2.973716359;2.879604994;2.787297154;2.697140974;2.609390006;2.524220096;2.441743994;2.362023907;2.285082216;2.210910569;2.139477517;2.070734880;2.004622989;1.941074941;1.880020017;1.821386354;1.765103001;1.711101441;1.659316667;1.609687895;1.562158973;1.516678553;1.473200076;1.431681616;1.392085617;1.354378569;1.318530636;1.284515267;1.252308810;1.221890141;1.193240314;1.166342252;1.141180473;1.117740858;1.096010463;1.075977374;1.057630599;1.040959994;1.025956223;1.012610749;1.000915834;0.990864565;0.982450886;0.975669632;0.970516571;0.966988429;0.965082915;0.964798737;0.966135590;0.969094145;0.973676008;0.979883675;0.987720459;0.997190417;1.008298255;1.021049239;1.035449091;1.051503898;1.069220026;1.088604044;1.109662673;1.132402761;1.156831286;1.182955399;1.210782509;1.240320410;1.271577466;1.304562834;1.339286747;1.375760836;1.413998503;1.454015321;1.495829461;1.539462130;1.584937998;1.632285595;1.681537644;1.732731309;1.785908306;1.841114834;1.898401287;1.957821663;2.019432627;2.083292130;2.149457517;2.217983009;2.288916471;2.362295328;2.438141522;2.516455346;2.597208015;2.680332789;2.765714478;2.853177122;;;;;;;;;;;;;;;;;;;;;;;;
-2.300;;;;;;;;;;;;;;;;;;;;;;3.305386910;3.210859022;3.115837730;3.021163448;2.927504865;2.835385247;2.745205571;2.657264789;2.571777495;2.488889241;2.408689758;2.331224287;2.256503224;2.184510277;2.115209295;2.048549936;1.984472316;1.922910765;1.863796826;1.807061582;1.752637437;1.700459409;1.650466043;1.602599990;1.556808326;1.513042670;1.471259128;1.431418131;1.393484176;1.357425518;1.323213828;1.290823844;1.260233018;1.231421186;1.204370266;1.179063978;1.155487615;1.133627835;1.113472504;1.095010568;1.078231962;1.063127541;1.049689048;1.037909093;1.027781151;1.019299571;1.012459588;1.007257342;1.003689884;1.001755189;1.001452144;1.002780540;1.005741038;1.010335132;1.016565090;1.024433891;1.033945144;1.045103007;1.057912101;1.072377417;1.088504240;1.106298074;1.125764587;1.146909581;1.169738976;1.194258846;1.220475477;1.248395471;1.278025901;1.309374506;1.342449938;1.377262059;1.413822276;1.452143922;1.492242659;1.534136911;1.577848291;1.623402017;1.670827290;1.720157602;1.771430944;1.824689871;1.879981383;1.937356559;1.996869894;2.058578261;2.122539430;2.188810044;2.257442965;2.328483884;2.401967065;2.477910100;2.556307531;2.637123183;2.720281030;2.805654413;2.893053411;;;;;;;;;;;;;;;;;;;;;;;;
-2.400;;;;;;;;;;;;;;;;;;;;;;3.349886066;3.257323572;3.163738679;3.070058891;2.977029182;2.885239328;2.795147981;2.707103822;2.621364039;2.538110408;2.457463205;2.379493187;2.304231826;2.231680011;2.161815374;2.094598409;2.029977532;1.967893214;1.908281306;1.851075680;1.796210267;1.743620599;1.693244926;1.645024989;1.598906492;1.554839365;1.512777827;1.472680318;1.434509332;1.398231172;1.363815664;1.331235843;1.300467638;1.271489557;1.244282395;1.218828964;1.195113848;1.173123200;1.152844561;1.134266723;1.117379607;1.102174185;1.088642414;1.076777195;1.066572346;1.058022586;1.051123526;1.045871661;1.042264364;1.040299873;1.039977267;1.041296446;1.044258085;1.048863587;1.055115024;1.063015069;1.072566918;1.083774213;1.096640961;1.111171455;1.127370205;1.145241882;1.164791275;1.186023282;1.208942913;1.233555345;1.259866000;1.287880673;1.317605703;1.349048187;1.382216252;1.417119354;1.453768637;1.492177317;1.532361092;1.574338572;1.618131702;1.663766163;1.711271734;1.760682566;1.812037360;1.865379378;1.920756268;1.978219631;2.037824272;2.099627070;2.163685377;2.230054879;2.298786790;2.369924304;2.443498155;2.519521177;2.597981704;2.678835653;2.761997129;2.847327350;;;;;;;;;;;;;;;;;;;;;;;;;
-2.500;;;;;;;;;;;;;;;;;;;;;;;3.304541358;3.212690475;3.120252643;3.028055512;2.936761119;2.846890965;2.758848092;2.672936422;2.589377633;2.508325814;2.429880115;2.354095618;2.280992606;2.210564418;2.142784046;2.077609634;2.014989003;1.954863339;1.897170153;1.841845608;1.788826316;1.738050689;1.689459901;1.642998549;1.598615056;1.556261873;1.515895517;1.477476496;1.440969145;1.406341394;1.373564510;1.342612810;1.313463374;1.286095771;1.260491789;1.236635199;1.214511539;1.194107924;1.175412893;1.158416268;1.143109059;1.129483366;1.117532324;1.107250045;1.098631580;1.091672887;1.086370800;1.082723004;1.080727997;1.080385061;1.081694215;1.084656166;1.089272252;1.095544375;1.103474931;1.113066737;1.124322950;1.137246994;1.151842495;1.168113217;1.186063022;1.205695845;1.227015694;1.250026683;1.274733099;1.301139499;1.329250865;1.359072786;1.390611701;1.423875175;1.458872224;1.495613681;1.534112587;1.574384609;1.616448465;1.660326342;1.706044288;1.753632542;1.803125792;1.854563303;1.907988888;1.963450670;2.021000576;2.080693506;2.142586103;2.206735039;2.273194743;2.342014454;2.413234499;2.486881679;2.562963610;2.641461908;2.722324016;2.805453532;2.890698844;;;;;;;;;;;;;;;;;;;;;;;;;
-2.600;;;;;;;;;;;;;;;;;;;;;;;3.352262843;3.262483097;3.171569666;3.080439668;2.989833536;2.900341147;2.812424865;2.726439787;2.642651458;2.561251297;2.482369972;2.406088922;2.332450240;2.261465078;2.193120756;2.127386724;2.064219505;2.003566771;1.945370634;1.889570295;1.836104107;1.784911172;1.735932524;1.689111975;1.644396683;1.601737497;1.561089120;1.522410131;1.485662908;1.450813469;1.417831261;1.386688922;1.357362022;1.329828807;1.304069945;1.280068288;1.257808656;1.237277640;1.218463431;1.201355669;1.185945316;1.172224550;1.160186679;1.149826057;1.141138028;1.134118866;1.128765725;1.125076586;1.123050208;1.122686077;1.123984343;1.126945762;1.131571627;1.137863698;1.145824122;1.155455363;1.166760126;1.179741286;1.194401825;1.210744792;1.228773263;1.248490336;1.269899148;1.293002926;1.317805065;1.344309260;1.372519663;1.402441098;1.434079312;1.467441273;1.502535511;1.539372486;1.577964998;1.618328600;1.660482027;1.704447604;1.750251620;1.797924646;1.847501754;1.899022607;1.952531385;2.008076480;2.065709919;2.125486446;2.187462191;2.251692839;2.318231227;2.387124240;2.458408928;2.532107694;2.608222435;2.686727480;2.767561171;2.850615909;;;;;;;;;;;;;;;;;;;;;;;;;;
-2.700;;;;;;;;;;;;;;;;;;;;;;;;3.312874547;3.223806847;3.134012955;3.044318242;2.955386857;2.867745794;2.781806089;2.697881414;2.616204318;2.536940358;2.460200318;2.386050725;2.314522850;2.245620354;2.179325732;2.115605716;2.054415742;1.995703619;1.939412496;1.885483229;1.833856234;1.784472905;1.737276664;1.692213710;1.649233513;1.608289118;1.569337276;1.532338458;1.497256781;1.464059851;1.432718584;1.403206973;1.375501863;1.349582714;1.325431366;1.303031829;1.282370076;1.263433859;1.246212549;1.230696988;1.216879361;1.204753084;1.194312708;1.185553825;1.178472994;1.173067663;1.169336098;1.167277313;1.166890997;1.168177443;1.171137469;1.175772343;1.182083702;1.190073475;1.199743800;1.211096956;1.224135295;1.238861189;1.255276990;1.273385010;1.293187527;1.314686818;1.337885225;1.362785255;1.389389725;1.417701942;1.447725935;1.479466724;1.512930632;1.548125639;1.585061767;1.623751487;1.664210144;1.706456376;1.750512520;1.796404969;1.844164462;1.893826280;1.945430291;1.999020822;2.054646296;2.112358577;2.172211965;2.234261756;2.298562299;2.365164449;2.434112318;2.505439208;2.579162612;2.655278136;2.733752199;2.814513353;2.897442039;;;;;;;;;;;;;;;;;;;;;;;;;;
-2.800;;;;;;;;;;;;;;;;;;;;;;;;;3.276729509;3.188579046;3.100052852;3.011895645;2.924704725;2.838952173;2.755004361;2.673139063;2.593560366;2.516411632;2.441786685;2.369739431;2.300292072;2.233442073;2.169168036;2.107434596;2.048196479;1.991401823;1.936994855;1.884918027;1.835113685;1.787525335;1.742098591;1.698781836;1.657526664;1.618288148;1.581024946;1.545699321;1.512277055;1.480727316;1.451022485;1.423137947;1.397051880;1.372745037;1.350200531;1.329403631;1.310341572;1.293003375;1.277379686;1.263462631;1.251245676;1.240723515;1.231891948;1.224747785;1.219288745;1.215513363;1.213420898;1.213011245;1.214284843;1.217242584;1.221885729;1.228215814;1.236234569;1.245943832;1.257345484;1.270441377;1.285233293;1.301722910;1.319911791;1.339801407;1.361393180;1.384688564;1.409689169;1.436396916;1.464814242;1.494944342;1.526791459;1.560361212;1.595660958;1.632700191;1.671490955;1.712048267;1.754390539;1.798539969;1.844522884;1.892370010;1.942116627;1.993802579;2.047472088;2.103173333;2.160957709;2.220878736;2.282990514;2.347345653;2.413992590;2.482972179;2.554313451;2.628028410;2.704105738;2.782503251;2.863138948;;;;;;;;;;;;;;;;;;;;;;;;;;;
-2.900;;;;;;;;;;;;;;;;;;;;;;;;;3.330067460;3.243910405;3.156847728;3.069711422;2.983175161;2.897777531;2.813942522;2.731997531;2.652189111;2.574696701;2.499644526;2.427111871;2.357141893;2.289749138;2.224925916;2.162647655;2.102877369;2.045569352;1.990672194;1.938131214;1.887890398;1.839893903;1.794087210;1.750417972;1.708836612;1.669296723;1.631755299;1.596172836;1.562513342;1.530744258;1.500836333;1.472763460;1.446502486;1.422033013;1.399337189;1.378399509;1.359206614;1.341747103;1.326011360;1.311991385;1.299680644;1.289073920;1.280167182;1.272957457;1.267442712;1.263621731;1.261494012;1.261059651;1.262319237;1.265273749;1.269924449;1.276272793;1.284320330;1.294068620;1.305519165;1.318673341;1.333532355;1.350097225;1.368368779;1.388347682;1.410034499;1.433429791;1.458534248;1.485348872;1.513875186;1.544115504;1.576073230;1.609753199;1.645162058;1.682308667;1.721204518;1.761864165;1.804305635;1.848550811;1.894625757;1.942560966;1.992391477;2.044156843;2.097900892;2.153671233;2.211518446;2.271494889;2.333653044;2.398043327;2.464711260;2.533693897;2.605015403;2.678681648;2.754673686;2.832939960;2.913387074;;;;;;;;;;;;;;;;;;;;;;;;;;;
-3.000;;;;;;;;;;;;;;;;;;;;;;;;;;3.299744216;3.214482297;3.128651149;3.043007292;2.958161667;2.874601150;2.792707492;2.712773953;2.635019834;2.559603130;2.486631487;2.416171656;2.348257582;2.282897312;2.220078831;2.159774971;2.101947496;2.046550481;1.993533064;1.942841668;1.894421762;1.848219238;1.804181455;1.762258011;1.722401290;1.684566814;1.648713463;1.614803558;1.582802866;1.552680528;1.524408939;1.497963590;1.473322890;1.450467974;1.429382502;1.410052460;1.392465967;1.376613082;1.362485627;1.350077011;1.339382064;1.330396884;1.323118686;1.317545656;1.313676814;1.311511884;1.311051161;1.312295385;1.315245625;1.319903162;1.326269379;1.334345662;1.344133312;1.355633465;1.368847034;1.383774667;1.400416730;1.418773315;1.438844280;1.460629322;1.484128088;1.509340323;1.536266063;1.564905871;1.595261111;1.627334269;1.661129304;1.696652041;1.733910577;1.772915710;1.813681362;1.856224989;1.900567952;1.946735825;1.994758609;2.044670823;2.096511421;2.150323500;2.206153732;2.264051478;2.324067496;2.386252175;2.450653221;2.517312674;2.586263178;2.657523367;2.731092255;2.806942482;2.885012263;;;;;;;;;;;;;;;;;;;;;;;;;;;;
-3.100;;;;;;;;;;;;;;;;;;;;;;;;;;3.355777713;3.272700817;3.188501006;3.104024550;3.019961003;2.936865768;2.855180038;2.775248343;2.697333933;2.621632221;2.548282464;2.477377879;2.408974352;2.343097898;2.279751012;2.218918043;2.160569700;2.104666808;2.051163404;2.000009264;1.951151942;1.904538379;1.860116169;1.817834508;1.777644907;1.739501686;1.703362299;1.669187531;1.636941571;1.606592010;1.578109775;1.551469005;1.526646904;1.503623562;1.482381768;1.462906809;1.445186272;1.429209847;1.414969128;1.402457422;1.391669569;1.382601761;1.375251368;1.369616777;1.365697227;1.363492656;1.363003551;1.364230806;1.367175585;1.371839191;1.378222947;1.386328088;1.396155662;1.407706454;1.420980921;1.435979155;1.452700871;1.471145420;1.491311839;1.513198934;1.536805407;1.562130012;1.589171770;1.617930211;1.648405669;1.680599610;1.714515004;1.750156718;1.787531935;1.826650582;1.867525756;1.910174125;1.954616285;2.000877047;2.048985630;2.098975707;2.150885278;2.204756320;2.260634148;2.318566443;2.378601866;2.440788173;2.505169770;2.571784585;2.640660160;2.711808856;2.785222024;2.860863015;;;;;;;;;;;;;;;;;;;;;;;;;;;;;
-3.200;;;;;;;;;;;;;;;;;;;;;;;;;;;3.331207497;3.249011949;3.166019584;3.083005242;3.000598902;2.919306654;2.839529209;2.761578180;2.685690343;2.612040089;2.540750236;2.471901385;2.405539973;2.341685161;2.280334700;2.221469884;2.165059711;2.111064344;2.059437960;2.010131083;1.963092456;1.918270525;1.875614604;1.835075748;1.796607406;1.760165875;1.725710600;1.693204341;1.662613250;1.633906850;1.607057969;1.582042623;1.558839855;1.537431566;1.517802321;1.499939146;1.483831324;1.469470185;1.456848903;1.445962294;1.436806614;1.429379368;1.423679120;1.419705313;1.417458091;1.416938128;1.418146470;1.421084375;1.425753174;1.432154135;1.440288348;1.450156615;1.461759371;1.475096619;1.490167891;1.506972240;1.525508258;1.545774138;1.567767760;1.591486833;1.616929064;1.644092384;1.672975203;1.703576720;1.735897265;1.769938672;1.805704693;1.843201412;1.882437684;1.923425548;1.966180629;2.010722475;2.057074828;2.105265778;2.155327781;2.207297475;2.261215273;2.317124652;2.375071093;2.435100590;2.497257658;2.561582740;2.628108936;2.696857918;2.767834939;2.841022789;2.916374563;;;;;;;;;;;;;;;;;;;;;;;;;;;;;
-3.300;;;;;;;;;;;;;;;;;;;;;;;;;;;;3.309894588;3.228749572;3.147093107;3.065636213;2.984955727;2.905513823;2.827675228;2.751722350;2.677868532;2.606269603;2.537033909;2.470230997;2.405899065;2.344051353;2.284681570;2.227768478;2.173279744;2.121175137;2.071409172;2.023933256;1.978697426;1.935651719;1.894747246;1.855937000;1.819176452;1.784423977;1.751641115;1.720792729;1.691847059;1.664775704;1.639553539;1.616158594;1.594571895;1.574777282;1.556761209;1.540512535;1.526022309;1.513283549;1.502291022;1.493041030;1.485531193;1.479760239;1.475727803;1.473434226;1.472880363;1.474067408;1.476996714;1.481669642;1.488087405;1.496250947;1.506160823;1.517817116;1.531219364;1.546366527;1.563256972;1.581888508;1.602258438;1.624363670;1.648200856;1.673766579;1.701057587;1.730071062;1.760804940;1.793258264;1.827431568;1.863327294;1.900950216;1.940307870;1.981410974;2.024273810;2.068914555;2.115355517;2.163623271;2.213748624;2.265766389;2.319714909;2.375635275;2.433570174;2.493562298;2.555652224;2.619875695;2.686260179;2.754820614;2.825554217;2.898434217;;;;;;;;;;;;;;;;;;;;;;;;;;;;;;
-3.400;;;;;;;;;;;;;;;;;;;;;;;;;;;;;3.291930780;3.211987355;3.131781944;3.051968400;2.973076032;2.895527796;2.819656342;2.745718097;2.673905604;2.604358261;2.537171662;2.472405650;2.410091258;2.350236634;2.292832081;2.237854320;2.185270058;2.135038961;2.087116100;2.041453950;1.998003997;1.956718008;1.917549025;1.880452115;1.845384916;1.812308022;1.781185228;1.751983656;1.724673803;1.699229499;1.675627828;1.653848985;1.633876112;1.615695107;1.599294411;1.584664787;1.571799090;1.560692032;1.551339948;1.543740566;1.537892768;1.533796372;1.531451910;1.530860416;1.532023228;1.534941793;1.539617495;1.546051493;1.554244576;1.564197047;1.575908620;1.589378354;1.604604606;1.621585029;1.640316599;1.660795681;1.683018139;1.706979486;1.732675083;1.760100380;1.789251195;1.820124048;1.852716517;1.887027635;1.923058309;1.960811746;2.000293887;2.041513816;2.084484130;2.129221255;2.175745658;2.224081946;2.274258790;2.326308647;2.380267217;2.436172585;2.494063975;2.553980055;2.615956692;2.680024090;2.746203188;2.814501231;2.884906364;;;;;;;;;;;;;;;;;;;;;;;;;;;;;;;
-3.500;;;;;;;;;;;;;;;;;;;;;;;;;;;;;;3.277408953;3.198803567;3.120153663;3.042061767;2.965014571;2.889399931;2.815521836;2.743613555;2.673849134;2.606353426;2.541210777;2.478472549;2.418163570;2.360287662;2.304832331;2.251772736;2.201075010;2.152699030;2.106600690;2.062733763;2.021051391;1.981507267;1.944056558;1.908656589;1.875267356;1.843851864;1.814376351;1.786810388;1.761126910;1.737302158;1.715315581;1.695149687;1.676789858;1.660224149;1.645443056;1.632439283;1.621207494;1.611744063;1.604046821;1.598114807;1.593948021;1.591547184;1.590913506;1.592048466;1.594953600;1.599630312;1.606079694;1.614302375;1.624298384;1.636067046;1.649606909;1.664915692;1.681990284;1.700826769;1.721420498;1.743766205;1.767858162;1.793690384;1.821256881;1.850551946;1.881570493;1.914308428;1.948763045;1.984933450;2.022820993;2.062429689;2.103766629;2.146842332;2.191671041;2.238270911;2.286664068;2.336876494;2.388937688;2.442880058;2.498737983;2.556546472;2.616339357;2.678146926;2.741992910;2.807890722;2.875838837;;;;;;;;;;;;;;;;;;;;;;;;;;;;;;;;
-3.600;;;;;;;;;;;;;;;;;;;;;;;;;;;;;;3.343030301;3.266425520;3.189282569;3.112283714;3.035985303;2.960835749;2.887191431;2.815330696;2.745466147;2.677755395;2.612310420;2.549205694;2.488485205;2.430168478;2.374255741;2.320732299;2.269572242;2.220741546;2.174200649;2.129906581;2.087814694;2.047880048;2.010058514;1.974307618;1.940587186;1.908859795;1.879091088;1.851249962;1.825308645;1.801242700;1.779030955;1.758655382;1.740100928;1.723355319;1.708408832;1.695254055;1.683885629;1.674299984;1.666495072;1.660470097;1.656225246;1.653761434;1.653080048;1.654182706;1.657071029;1.661746431;1.668209927;1.676461963;1.686502271;1.698329756;1.711942409;1.727337263;1.744510374;1.763456860;1.784170964;1.806646178;1.830875404;1.856851164;1.884565855;1.914012052;1.945182843;1.978072212;2.012675438;2.048989518;2.087013601;2.126749405;2.168201611;2.211378210;2.256290768;2.302954594;2.351388752;2.401615904;2.453661914;2.507555166;2.563325547;2.621003004;2.680615628;2.742187153;2.805733799;2.871260337;;;;;;;;;;;;;;;;;;;;;;;;;;;;;;;;;
-3.700;;;;;;;;;;;;;;;;;;;;;;;;;;;;;;;3.334321891;3.259081441;3.183515021;3.108254981;3.033816053;2.960612218;2.888971609;2.819149627;2.751340450;2.685687108;2.622290244;2.561215722;2.502501198;2.446161763;2.392194770;2.340583931;2.291302787;2.244317602;2.199589778;2.157077842;2.116739057;2.078530713;2.042411154;2.008340554;1.976281505;1.946199431;1.918062859;1.891843575;1.867516676;1.845060547;1.824456767;1.805689966;1.788747636;1.773619911;1.760299324;1.748780543;1.739060091;1.731136071;1.725007872;1.720675889;1.718141241;1.717405495;1.718470411;1.721337689;1.726008743;1.732484491;1.740765171;1.750850186;1.762737974;1.776425918;1.791910290;1.809186237;1.828247809;1.849088026;1.871699005;1.896072121;1.922198222;1.950067892;1.979671752;2.011000810;2.044046837;2.078802774;2.115263155;2.153424534;2.193285898;2.234849051;2.278118937;2.323103889;2.369815759;2.418269894;2.468484928;2.520482325;2.574285624;2.629919335;2.687407401;2.746771157;2.808026700;2.871181580;2.936230691;;;;;;;;;;;;;;;;;;;;;;;;;;;;;;;;;
-3.800;;;;;;;;;;;;;;;;;;;;;;;;;;;;;;;;3.329223944;3.255481895;3.181596937;3.108156313;3.035637228;2.964422683;2.894815472;2.827050488;2.761305532;2.697710760;2.636356909;2.577302434;2.520579669;2.466200121;2.414158999;2.364439054;2.317013826;2.271850364;2.228911479;2.188157602;2.149548287;2.113043414;2.078604134;2.046193587;2.015777434;1.987324223;1.960805624;1.936196547;1.913475166;1.892622864;1.873624113;1.856466309;1.841139555;1.827636419;1.815951670;1.806081988;1.798025673;1.791782341;1.787352621;1.784737855;1.783939805;1.784960375;1.787801339;1.792464099;1.798949453;1.807257400;1.817386968;1.829336072;1.843101417;1.858678433;1.876061251;1.895242733;1.916214538;1.938967244;1.963490511;1.989773304;2.017804151;2.047571453;2.079063832;2.112270512;2.147181726;2.183789134;2.222086247;2.262068830;2.303735268;2.347086880;2.392128128;2.438866724;2.487313558;2.537482440;2.589389574;2.643052737;2.698490076;2.755718473;2.814751380;2.875596054;2.938250089;;;;;;;;;;;;;;;;;;;;;;;;;;;;;;;;;;
-3.900;;;;;;;;;;;;;;;;;;;;;;;;;;;;;;;;;3.327854956;3.255734748;3.183627636;3.112080093;3.041535485;2.972348969;2.904800646;2.839107150;2.775431798;2.713893481;2.654574390;2.597526730;2.542778508;2.490338508;2.440200543;2.392347065;2.346752209;2.303384342;2.262208174;2.223186493;2.186281568;2.151456260;2.118674896;2.087903924;2.059112389;2.032272250;2.007358579;1.984349636;1.963226858;1.943974777;1.926580871;1.911035362;1.897330983;1.885462710;1.875427468;1.867223824;1.860851678;1.856311935;1.853606193;1.852736430;1.853704699;1.856512850;1.861162254;1.867653565;1.875986503;1.886159665;1.898170378;1.912014580;1.927686753;1.945179895;1.964485532;1.985593795;2.008493527;2.033172457;2.059617416;2.087814597;2.117749867;2.149409115;2.182778632;2.217845516;2.254598086;2.293026298;2.333122134;2.374879958;2.418296797;2.463372534;2.510109967;2.558514702;2.608594827;2.660360333;2.713822206;2.768991133;2.825875761;2.884480406;2.944802150;;;;;;;;;;;;;;;;;;;;;;;;;;;;;;;;;;;
-4.000;;;;;;;;;;;;;;;;;;;;;;;;;;;;;;;;;;3.330332762;3.259947848;3.189706676;3.120118892;3.051597393;2.984472363;2.919003673;2.855391787;2.793787333;2.734299470;2.677003166;2.621945520;2.569151209;2.518627172;2.470366605;2.424352359;2.380559796;2.338959179;2.299517647;2.262200839;2.226974189;2.193803962;2.162658048;2.133506556;2.106322232;2.081080733;2.057760773;2.036344163;2.016815764;1.999163368;1.983377518;1.969451277;1.957379969;1.947160880;1.938792947;1.932276426;1.927612565;1.924803260;1.923850733;1.924757207;1.927524600;1.932154243;1.938646613;1.947001104;1.957215819;1.969287411;1.983210953;1.998979855;2.016585830;2.036018904;2.057267475;2.080318433;2.105157316;2.131768529;2.160135610;2.190241531;2.222069048;2.255601077;2.290821097;2.327713554;2.366264268;2.406460808;2.448292829;2.491752327;2.536833802;2.583534278;2.631853142;2.681791771;2.733352872;2.786539497;2.841353654;2.897794451;2.955855684;;;;;;;;;;;;;;;;;;;;;;;;;;;;;;;;;;;;
-4.100;;;;;;;;;;;;;;;;;;;;;;;;;;;;;;;;;;;;3.268225234;3.199929806;3.132361246;3.065905096;3.000869251;2.937495653;2.875970586;2.816433708;2.758985938;2.703696324;2.650608003;2.599743336;2.551108318;2.504696342;2.460491392;2.418470726;2.378607117;2.340870700;2.305230479;2.271655535;2.240115968;2.210583627;2.183032634;2.157439746;2.133784578;2.112049704;2.092220650;2.074285814;2.058236306;2.044065738;2.031769962;2.021346780;2.012795620;2.006117206;2.001313204;1.998385874;1.997337722;1.998171161;2.000888187;2.005490072;2.011977084;2.020348234;2.030601060;2.042731442;2.056733467;2.072599330;2.090319287;2.109881662;2.131272895;2.154477655;2.179478995;2.206258566;2.234796874;2.265073585;2.297067867;2.330758760;2.366125572;2.403148277;2.441807903;2.482086897;2.523969433;2.567441646;2.612491757;2.659110049;2.707288659;2.757021140;2.808301730;2.861124280;2.915480767;;;;;;;;;;;;;;;;;;;;;;;;;;;;;;;;;;;;;;
-4.200;;;;;;;;;;;;;;;;;;;;;;;;;;;;;;;;;;;;;3.280662267;3.214383935;3.148886543;3.084531193;3.021606017;2.960337226;2.900898839;2.843421216;2.787998506;2.734695141;2.683551450;2.634588511;2.587812308;2.543217275;2.500789296;2.460508228;2.422349996;2.386288318;2.352296103;2.320346560;2.290414065;2.262474812;2.236507270;2.212492493;2.190414282;2.170259242;2.152016732;2.135678737;2.121239682;2.108696176;2.098046728;2.089291424;2.082431583;2.077469398;2.074407572;2.073248952;2.073996177;2.076651325;2.081215600;2.087689021;2.096070159;2.106355897;2.118541234;2.132619129;2.148580395;2.166413634;2.186105235;2.207639418;2.230998330;2.256162199;2.283109540;2.311817407;2.342261690;2.374417451;2.408259289;2.443761722;2.480899571;2.519648342;2.559984558;2.601886055;2.645332177;2.690303865;2.736783590;2.784755088;2.834202858;2.885111354;2.937463823;;;;;;;;;;;;;;;;;;;;;;;;;;;;;;;;;;;;;;;
-4.300;;;;;;;;;;;;;;;;;;;;;;;;;;;;;;;;;;;;;;3.297339703;3.233141142;3.169759023;3.107532773;3.046733175;2.987572829;2.930215354;2.874783461;2.821365997;2.770024081;2.720796409;2.673703836;2.628753294;2.585941128;2.545255919;2.506680849;2.470195655;2.435778237;2.403405947;2.373056608;2.344709295;2.318344909;2.293946574;2.271499881;2.250992998;2.232416675;2.215764149;2.201030978;2.188214810;2.177315100;2.168332789;2.161269960;2.156129466;2.152914554;2.151628489;2.152274176;2.154853799;2.159368476;2.165817944;2.174200264;2.184511568;2.196745845;2.210894771;2.226947580;2.244890997;2.264709214;2.286383924;2.309894412;2.335217694;2.362328720;2.391200610;2.421804951;2.454112117;2.488091625;2.523712506;2.560943676;2.599754289;2.640114061;2.681993525;2.725364202;2.770198644;2.816470317;2.864153284;2.913221626;2.963648561;;;;;;;;;;;;;;;;;;;;;;;;;;;;;;;;;;;;;;;;
-4.400;;;;;;;;;;;;;;;;;;;;;;;;;;;;;;;;;;;;;;;;3.256251665;3.195020833;3.134944575;3.076278664;3.019224155;2.963936107;2.910531217;2.859094499;2.809685079;2.762341215;2.717084619;2.673924152;2.632858964;2.593881148;2.556977945;2.522133573;2.489330708;2.458551677;2.429779379;2.402997979;2.378193416;2.355353724;2.334469215;2.315532537;2.298538626;2.283484565;2.270369374;2.259193743;2.249959716;2.242670341;2.237329297;2.233940507;2.232507743;2.233034238;2.235522306;2.239972978;2.246385664;2.254757842;2.265084787;2.277359336;2.291571700;2.307709320;2.325756783;2.345695786;2.367505155;2.391160923;2.416636462;2.443902664;2.472928183;2.503679702;2.536122256;2.570219567;2.605934399;2.643228912;2.682065000;2.722404576;2.764209808;2.807443244;2.852067816;2.898046672;2.945342790;2.993918333;;;;;;;;;;;;;;;;;;;;;;;;;;;;;;;;;;;;;;;;;
-4.500;;;;;;;;;;;;;;;;;;;;;;;;;;;;;;;;;;;;;;;;;3.283735832;3.224684070;3.166771186;3.110240225;3.055282733;3.002047027;2.950645431;2.901160599;2.853650999;2.808155661;2.764698251;2.723290558;2.683935443;2.646629326;2.611364245;2.578129553;2.546913285;2.517703243;2.490487825;2.465256640;2.442000929;2.420713827;2.401390480;2.384028047;2.368625596;2.355183924;2.343705302;2.334193168;2.326651784;2.321085856;2.317500138;2.315899031;2.316286171;2.318664040;2.323033580;2.329393835;2.337741623;2.348071242;2.360374218;2.374639095;2.390851278;2.408992928;2.429042910;2.450976798;2.474766937;2.500382562;2.527789970;2.556952736;2.587831980;2.620386664;2.654573919;2.690349375;2.727667498;2.766481899;2.806745594;2.848411203;2.891431035;2.935757043;2.981340602;;;;;;;;;;;;;;;;;;;;;;;;;;;;;;;;;;;;;;;;;;;
-4.600;;;;;;;;;;;;;;;;;;;;;;;;;;;;;;;;;;;;;;;;;;;3.258721730;3.202978176;3.148576741;3.095701479;3.044495778;2.995069230;2.947503611;2.901858079;2.858173652;2.816477059;2.776784017;2.739102002;2.703432570;2.669773275;2.638119235;2.608464388;2.580802468;2.555127742;2.531435542;2.509722609;2.489987286;2.472229569;2.456451056;2.442654790;2.430845032;2.421026966;2.413206362;2.407389194;2.403581240;2.401787671;2.402012628;2.404258810;2.408527076;2.414816068;2.423121859;2.433437642;2.445753455;2.460055956;2.476328238;2.494549715;2.514696042;2.536739112;2.560647096;2.586384546;2.613912550;2.643188936;2.674168516;2.706803372;2.741043153;2.776835397;2.814125831;2.852858658;2.892976785;2.934421978;2.977134910;;;;;;;;;;;;;;;;;;;;;;;;;;;;;;;;;;;;;;;;;;;;;
-4.700;;;;;;;;;;;;;;;;;;;;;;;;;;;;;;;;;;;;;;;;;;;;3.297057427;3.243482025;3.191198390;3.140385082;3.091182375;3.043698765;2.998016640;2.954197192;2.912284653;2.872309917;2.834293620;2.798248738;2.764182747;2.732099400;2.702000169;2.673885381;2.647755092;2.623609736;2.601450565;2.581279920;2.563101351;2.546919613;2.532740548;2.520570887;2.510417972;2.502289427;2.496192782;2.492135071;2.490122409;2.490159559;2.492249510;2.496393053;2.502588392;2.510830769;2.521112133;2.533420843;2.547741422;2.564054354;2.582335943;2.602558221;2.624688919;2.648691493;2.674525203;2.702145254;2.731502977;2.762546058;2.795218793;2.829462377;2.865215187;2.902413061;2.940989553;2.980876120;3.022002244;;;;;;;;;;;;;;;;;;;;;;;;;;;;;;;;;;;;;;;;;;;;;;
-4.800;;;;;;;;;;;;;;;;;;;;;;;;;;;;;;;;;;;;;;;;;;;;;;3.288138699;3.237955447;3.189179038;3.141948434;3.096372672;3.052536234;3.010503690;2.970323691;2.932032380;2.895656281;2.861214719;2.828721829;2.798188194;2.769622158;2.743030850;2.718420958;2.695799277;2.675173070;2.656550262;2.639939491;2.625350038;2.612791659;2.602274335;2.593807951;2.587401934;2.583064844;2.580803950;2.580624788;2.582530720;2.586522500;2.592597864;2.600751132;2.610972863;2.623249527;2.637563242;2.653891553;2.672207258;2.692478306;2.714667735;2.738733686;2.764629457;2.792303620;2.821700184;2.852758797;2.885414984;2.919600398;2.955243085;2.992267728;3.030595863;;;;;;;;;;;;;;;;;;;;;;;;;;;;;;;;;;;;;;;;;;;;;;;;
-4.900;;;;;;;;;;;;;;;;;;;;;;;;;;;;;;;;;;;;;;;;;;;;;;;;;3.241857105;3.196564838;3.152859926;3.110830413;3.070545562;3.032059629;2.995415052;2.960645161;2.927776429;2.896830322;2.867824806;2.840775533;2.815696747;2.792601964;2.771504420;2.752417354;2.735354117;2.720328166;2.707352925;2.696441566;2.687606712;2.680860081;2.676212081;2.673671384;2.673244474;2.674935201;2.678744324;2.684669084;2.692702795;2.702834462;2.715048446;2.729324168;2.745635866;2.763952403;2.784237133;2.806447823;2.830536635;2.856450165;2.884129529;2.913510502;2.944523698;2.977094772;3.011144654;3.046589769;;;;;;;;;;;;;;;;;;;;;;;;;;;;;;;;;;;;;;;;;;;;;;;;;;
-5.000;;;;;;;;;;;;;;;;;;;;;;;;;;;;;;;;;;;;;;;;;;;;;;;;;;;3.254717541;3.212845802;3.172584749;3.134009626;3.097181419;3.062149860;3.028955937;2.997633988;2.968213397;2.940719966;2.915176975;2.891605981;2.870027389;2.850460814;2.832925276;2.817439241;2.804020539;2.792686175;2.783452055;2.776332644;2.771340575;2.768486213;2.767777209;2.769218032;2.772809509;2.778548375;2.786426840;2.796432197;2.808546455;2.822746020;2.839001432;2.857277140;2.877531351;2.899715918;2.923776305;2.949651587;2.977274522;3.006571653;3.037463460;;;;;;;;;;;;;;;;;;;;;;;;;;;;;;;;;;;;;;;;;;;;;;;;;;;;;
-5.100;;;;;;;;;;;;;;;;;;;;;;;;;;;;;;;;;;;;;;;;;;;;;;;;;;;;;;3.237386203;3.200485390;3.165281975;3.131833891;3.100190551;3.070394773;3.042484332;3.016493195;2.992452457;2.970391031;2.950336120;2.932313482;2.916347551;2.902461399;2.890676595;2.881012955;2.873488221;2.868117681;2.864913740;2.863885466;2.865038117;2.868372665;2.873885335;2.881567152;2.891403521;2.903373842;2.917451168;2.933601910;2.951785590;2.971954659;2.994054364;3.018022671;3.043790251;;;;;;;;;;;;;;;;;;;;;;;;;;;;;;;;;;;;;;;;;;;;;;;;;;;;;;;;
-5.200;;;;;;;;;;;;;;;;;;;;;;;;;;;;;;;;;;;;;;;;;;;;;;;;;;;;;;;;;3.235839257;3.203950354;3.173838002;3.145553988;3.119144810;3.094652774;3.072116816;3.051573076;3.033055270;3.016594875;3.002221158;2.989961081;2.979839083;2.971876793;2.966092652;2.962501501;2.961114122;2.961936764;2.964970651;2.970211507;2.977649086;2.987266732;2.999040966;3.012941121;3.028929017;3.046958691;3.066976182;;;;;;;;;;;;;;;;;;;;;;;;;;;;;;;;;;;;;;;;;;;;;;;;;;;;;;;;;;;
-5.300;;;;;;;;;;;;;;;;;;;;;;;;;;;;;;;;;;;;;;;;;;;;;;;;;;;;;;;;;;;;;;;3.174571926;3.153549423;3.134537075;3.117574616;3.102698583;3.089942269;3.079335552;3.070904632;3.064671677;3.060654424;3.058865716;3.059313030;3.061997976;3.066915806;3.074054928;3.083396440;;;;;;;;;;;;;;;;;;;;;;;;;;;;;;;;;;;;;;;;;;;;;;;;;;;;;;;;;;;;;;;;
-5.400;;;;;;;;;;;;;;;;;;;;;;;;;;;;;;;;;;;;;;;;;;;;;;;;;;;;;;;;;;;;;;;;;;;;;;;;;;;;;;;;;;;;;;;;;;;;;;;;;;;;;;;;;;;;;;;;;;;;;;;;;;;;;;;;;;;;;;;;;;;;;;
-5.500;;;;;;;;;;;;;;;;;;;;;;;;;;;;;;;;;;;;;;;;;;;;;;;;;;;;;;;;;;;;;;;;;;;;;;;;;;;;;;;;;;;;;;;;;;;;;;;;;;;;;;;;;;;;;;;;;;;;;;;;;;;;;;;;;;;;;;;;;;;;;;
-5.600;;;;;;;;;;;;;;;;;;;;;;;;;;;;;;;;;;;;;;;;;;;;;;;;;;;;;;;;;;;;;;;;;;;;;;;;;;;;;;;;;;;;;;;;;;;;;;;;;;;;;;;;;;;;;;;;;;;;;;;;;;;;;;;;;;;;;;;;;;;;;;
-5.700;;;;;;;;;;;;;;;;;;;;;;;;;;;;;;;;;;;;;;;;;;;;;;;;;;;;;;;;;;;;;;;;;;;;;;;;;;;;;;;;;;;;;;;;;;;;;;;;;;;;;;;;;;;;;;;;;;;;;;;;;;;;;;;;;;;;;;;;;;;;;;
-5.800;;;;;;;;;;;;;;;;;;;;;;;;;;;;;;;;;;;;;;;;;;;;;;;;;;;;;;;;;;;;;;;;;;;;;;;;;;;;;;;;;;;;;;;;;;;;;;;;;;;;;;;;;;;;;;;;;;;;;;;;;;;;;;;;;;;;;;;;;;;;;;
-5.900;;;;;;;;;;;;;;;;;;;;;;;;;;;;;;;;;;;;;;;;;;;;;;;;;;;;;;;;;;;;;;;;;;;;;;;;;;;;;;;;;;;;;;;;;;;;;;;;;;;;;;;;;;;;;;;;;;;;;;;;;;;;;;;;;;;;;;;;;;;;;;
-6.000;;;;;;;;;;;;;;;;;;;;;;;;;;;;;;;;;;;;;;;;;;;;;;;;;;;;;;;;;;;;;;;;;;;;;;;;;;;;;;;;;;;;;;;;;;;;;;;;;;;;;;;;;;;;;;;;;;;;;;;;;;;;;;;;;;;;;;;;;;;;;;
-6.100;;;;;;;;;;;;;;;;;;;;;;;;;;;;;;;;;;;;;;;;;;;;;;;;;;;;;;;;;;;;;;;;;;;;;;;;;;;;;;;;;;;;;;;;;;;;;;;;;;;;;;;;;;;;;;;;;;;;;;;;;;;;;;;;;;;;;;;;;;;;;;
-6.200;;;;;;;;;;;;;;;;;;;;;;;;;;;;;;;;;;;;;;;;;;;;;;;;;;;;;;;;;;;;;;;;;;;;;;;;;;;;;;;;;;;;;;;;;;;;;;;;;;;;;;;;;;;;;;;;;;;;;;;;;;;;;;;;;;;;;;;;;;;;;;
-6.300;;;;;;;;;;;;;;;;;;;;;;;;;;;;;;;;;;;;;;;;;;;;;;;;;;;;;;;;;;;;;;;;;;;;;;;;;;;;;;;;;;;;;;;;;;;;;;;;;;;;;;;;;;;;;;;;;;;;;;;;;;;;;;;;;;;;;;;;;;;;;;
-6.400;;;;;;;;;;;;;;;;;;;;;;;;;;;;;;;;;;;;;;;;;;;;;;;;;;;;;;;;;;;;;;;;;;;;;;;;;;;;;;;;;;;;;;;;;;;;;;;;;;;;;;;;;;;;;;;;;;;;;;;;;;;;;;;;;;;;;;;;;;;;;;
-6.500;;;;;;;;;;;;;;;;;;;;;;;;;;;;;;;;;;;;;;;;;;;;;;;;;;;;;;;;;;;;;;;;;;;;;;;;;;;;;;;;;;;;;;;;;;;;;;;;;;;;;;;;;;;;;;;;;;;;;;;;;;;;;;;;;;;;;;;;;;;;;;
-6.600;;;;;;;;;;;;;;;;;;;;;;;;;;;;;;;;;;;;;;;;;;;;;;;;;;;;;;;;;;;;;;;;;;;;;;;;;;;;;;;;;;;;;;;;;;;;;;;;;;;;;;;;;;;;;;;;;;;;;;;;;;;;;;;;;;;;;;;;;;;;;;
-6.700;;;;;;;;;;;;;;;;;;;;;;;;;;;;;;;;;;;;;;;;;;;;;;;;;;;;;;;;;;;;;;;;;;;;;;;;;;;;;;;;;;;;;;;;;;;;;;;;;;;;;;;;;;;;;;;;;;;;;;;;;;;;;;;;;;;;;;;;;;;;;;
-6.800;;;;;;;;;;;;;;;;;;;;;;;;;;;;;;;;;;;;;;;;;;;;;;;;;;;;;;;;;;;;;;;;;;;;;;;;;;;;;;;;;;;;;;;;;;;;;;;;;;;;;;;;;;;;;;;;;;;;;;;;;;;;;;;;;;;;;;;;;;;;;;
-6.900;;;;;;;;;;;;;;;;;;;;;;;;;;;;;;;;;;;;;;;;;;;;;;;;;;;;;;;;;;;;;;;;;;;;;;;;;;;;;;;;;;;;;;;;;;;;;;;;;;;;;;;;;;;;;;;;;;;;;;;;;;;;;;;;;;;;;;;;;;;;;;
-7.000;;;;;;;;;;;;;;;;;;;;;;;;;;;;;;;;;;;;;;;;;;;;;;;;;;;;;;;;;;;;;;;;;;;;;;;;;;;;;;;;;;;;;;;;;;;;;;;;;;;;;;;;;;;;;;;;;;;;;;;;;;;;;;;;;;;;;;;;;;;;;;
[SYSTEM];;
Name;Pentacam;
Version;1.22r09;
SerialNo;0991  9170;
Registered User;...;
File Date;14-02-2022;
Matrixsize X;141;
Matrixsize Y;141;
Matrix-Res. X/Y;100;

[PATIENT];;
LastName;Borgia;
FirstName;Iago;
Eye;OS;
DateOfBirth;2-1-1662;
Sex;...;
PatientID;010101;

[EXAMINATION];;
Date;14-02-2022;
Time;14:42:31;
Surgeon;...;
OP;...;
TestNo;...;
Comments;...;
Max. Diameter;12.02;

[GENERAL DATA];;
Cornea Front Rh;8.09;
Cornea Front Rv;7.86;
Cornea Front Axis;148.9;
Cornea Front Astig;1.2;
Cornea Front Exz;-0.14;Q-val. (8mm);
Pachy Apex;595;
Pachy Min;592;
Pachy Min X;0.47;
Pachy Min Y;-0.53;
Chamber Height;3.60;
Chamber Angle;35.71;
KKS;# -;
QS Status;Alignment (XY) Error;
QS Error;2;
K Max (Front);43.35;
K Max X (Front);2.00;
K Max Y (Front);2.07;

[PUPIL];
Pupil Dia;3.08;
XPupil;147;
YPupil;-69;

X;Y;
1689;0;
1687;41;
1683;83;
1679;124;
1674;165;
1667;206;
1659;246;
1651;286;
1641;326;
1630;366;
1618;405;
1605;444;
1591;483;
1576;521;
1560;558;
1544;595;
1526;632;
1507;668;
1487;703;
1467;738;
1445;772;
1423;806;
1400;839;
1376;871;
1351;903;
1325;933;
1299;963;
1272;993;
1244;1021;
1216;1049;
1187;1075;
1157;1101;
1127;1127;
1096;1151;
1064;1174;
1032;1197;
1000;1218;
967;1239;
934;1259;
900;1278;
866;1296;
831;1313;
797;1329;
762;1344;
726;1359;
691;1372;
655;1384;
619;1396;
583;1407;
546;1416;
510;1425;
473;1433;
437;1440;
400;1446;
364;1451;
327;1456;
290;1459;
254;1462;
217;1463;
181;1464;
144;1464;
108;1464;
72;1462;
36;1459;
0;1456;
-36;1452;
-71;1447;
-106;1442;
-141;1435;
-176;1428;
-211;1420;
-245;1412;
-279;1402;
-313;1392;
-346;1381;
-379;1369;
-412;1357;
-444;1345;
-476;1331;
-508;1317;
-539;1301;
-570;1286;
-601;1270;
-631;1253;
-660;1236;
-690;1217;
-718;1199;
-747;1180;
-775;1160;
-802;1139;
-829;1118;
-856;1096;
-882;1074;
-907;1052;
-932;1029;
-957;1005;
-980;980;
-1004;956;
-1027;930;
-1049;905;
-1070;878;
-1091;852;
-1112;824;
-1131;797;
-1151;769;
-1169;740;
-1187;711;
-1204;682;
-1221;652;
-1237;622;
-1252;592;
-1266;561;
-1280;530;
-1293;499;
-1305;467;
-1317;435;
-1328;403;
-1338;370;
-1348;338;
-1356;305;
-1364;271;
-1371;238;
-1378;204;
-1383;171;
-1388;137;
-1393;103;
-1396;69;
-1399;34;
-1400;0;
-1402;-34;
-1402;-69;
-1402;-103;
-1400;-138;
-1398;-172;
-1395;-207;
-1392;-241;
-1387;-276;
-1382;-310;
-1376;-345;
-1369;-379;
-1361;-413;
-1353;-447;
-1344;-481;
-1334;-514;
-1323;-548;
-1311;-581;
-1299;-614;
-1286;-647;
-1272;-680;
-1257;-712;
-1241;-744;
-1225;-776;
-1208;-807;
-1190;-838;
-1171;-869;
-1152;-899;
-1132;-929;
-1111;-959;
-1090;-988;
-1067;-1016;
-1044;-1044;
-1021;-1072;
-997;-1099;
-971;-1126;
-946;-1152;
-919;-1178;
-892;-1203;
-865;-1228;
-836;-1251;
-807;-1275;
-778;-1297;
-747;-1319;
-716;-1340;
-685;-1361;
-653;-1381;
-621;-1400;
-588;-1418;
-554;-1436;
-520;-1453;
-485;-1469;
-450;-1484;
-415;-1499;
-379;-1512;
-343;-1525;
-306;-1537;
-269;-1548;
-231;-1558;
-193;-1567;
-155;-1576;
-117;-1583;
-78;-1589;
-39;-1595;
0;-1599;
39;-1602;
79;-1605;
118;-1606;
158;-1607;
198;-1606;
238;-1604;
278;-1602;
318;-1598;
358;-1593;
398;-1587;
437;-1580;
477;-1572;
516;-1563;
556;-1553;
595;-1542;
634;-1530;
672;-1516;
710;-1502;
748;-1487;
786;-1470;
823;-1453;
860;-1435;
896;-1415;
932;-1395;
967;-1373;
1002;-1351;
1036;-1328;
1070;-1303;
1102;-1278;
1135;-1252;
1166;-1225;
1197;-1197;
1227;-1168;
1257;-1139;
1285;-1108;
1313;-1077;
1340;-1046;
1366;-1013;
1391;-980;
1415;-945;
1438;-911;
1461;-876;
1482;-840;
1503;-803;
1522;-766;
1540;-729;
1558;-691;
1575;-652;
1590;-613;
1604;-574;
1617;-534;
1629;-494;
1641;-454;
1650;-413;
1659;-373;
1667;-332;
1674;-290;
1679;-249;
1684;-208;
1687;-166;
1689;-125;
1690;-83;
1690;-41;
[CORNEA EDGE];;
Cornea Center Pos X (related to apex, [mm]);-0.26;
Cornea Center Pos Y (related to apex, [mm]);-0.05;
Iris Image existing in Examination;1;
Iris Image Apex Pixel Position X;244.76;
Iris Image Apex Pixel Position Y;168.77;
Iris Image mm per Pixel;0.0422;
Left Cornea-Edge X (related to Apex, [µm]);Left Cornea-Edge Y (related to Apex, [µm]);
-6017;1933;
-6081;1721;
-6138;1506;
-6188;1290;
-6231;1073;
-6267;854;
-6295;634;
-6316;414;
-6329;193;
-6334;-29;
-6332;-250;
-6322;-471;
-6304;-692;
-6278;-912;
-6245;-1131;
-6205;-1348;
-6158;-1564;
-6103;-1779;
-6042;-1992;
-5975;-2203;
-5901;-2412;
-5821;-2618;
-5735;-2823;
-5643;-3026;
-5546;-3226;
;;
;;
;;
;;
;;
;;
;;
;;
;;
;;
;;
;;
;;
;;
;;
Right Cornea-Edge X (related to Apex, [µm]);Right Cornea-Edge Y (related to Apex, [µm]);
5087;-3009;
5175;-2825;
5258;-2639;
5337;-2451;
5410;-2261;
5478;-2070;
5540;-1876;
5596;-1682;
5646;-1485;
5691;-1288;
5729;-1089;
5760;-888;
5785;-687;
5803;-486;
5814;-283;
5818;-80;
5816;122;
5807;325;
5791;527;
5768;729;
5738;930;
5702;1130;
5659;1329;
5610;1526;
5556;1722;
;;
;;
;;
;;
;;
;;
;;
;;
;;
;;
;;
;;
;;
;;
;;
[GENERAL DATA 2];;
Chamber Angle @ 180°;42.6;
Chamber Angle @ 0°;35.7;
Chamber Volume [mm³];253;
AXL Axial Length [mm];;
AXL SNR;;
HWTW;12.2;
