C:\RK-3\Data\PA000001\ED0000010012R.DAT;
000:  0.4035   0.6870   0.9065   1.1265   1.3725   1.6160   1.9025   2.1860   2.4030   2.6265   2.9145   3.2010   3.4315   3.6660   3.9080   4.1515   4.3905   4.6290   0.0000   0.0000   0.0000   0.0000   0.0000;
001:  0.4030   0.6870   0.9065   1.1265   1.3730   1.6160   1.9020   2.1860   2.4035   2.6275   2.9160   3.2025   3.4325   3.6680   3.9110   4.1540   4.3930   4.6315   0.0000   0.0000   0.0000   0.0000   0.0000;
002:  0.4030   0.6870   0.9065   1.1265   1.3730   1.6160   1.9025   2.1865   2.4040   2.6285   2.9170   3.2040   3.4340   3.6695   3.9130   4.1560   4.3955   4.6340   0.0000   0.0000   0.0000   0.0000   0.0000;
003:  0.4025   0.6870   0.9065   1.1265   1.3730   1.6165   1.9025   2.1865   2.4045   2.6285   2.9175   3.2050   3.4355   3.6715   3.9155   4.1580   4.3970   4.6360   0.0000   0.0000   0.0000   0.0000   0.0000;
004:  0.4025   0.6870   0.9065   1.1265   1.3730   1.6165   1.9025   2.1865   2.4050   2.6295   2.9190   3.2070   3.4370   3.6735   3.9190   4.1610   4.3990   4.6375   0.0000   0.0000   0.0000   0.0000   0.0000;
005:  0.4025   0.6870   0.9065   1.1265   1.3730   1.6165   1.9025   2.1865   2.4050   2.6295   2.9200   3.2090   3.4390   3.6755   3.9210   4.1625   4.4010   4.6400   0.0000   0.0000   0.0000   0.0000   0.0000;
006:  0.4020   0.6870   0.9065   1.1265   1.3730   1.6170   1.9025   2.1860   2.4055   2.6305   2.9210   3.2105   3.4410   3.6775   3.9235   4.1650   4.4030   4.6415   0.0000   0.0000   0.0000   0.0000   0.0000;
007:  0.4020   0.6870   0.9065   1.1265   1.3730   1.6170   1.9020   2.1855   2.4055   2.6305   2.9220   3.2120   3.4425   3.6795   3.9260   4.1680   4.4055   4.6435   0.0000   0.0000   0.0000   0.0000   0.0000;
008:  0.4015   0.6870   0.9060   1.1260   1.3730   1.6170   1.9015   2.1850   2.4055   2.6310   2.9230   3.2135   3.4445   3.6820   3.9290   4.1705   4.4075   4.6450   0.0000   0.0000   0.0000   0.0000   0.0000;
009:  0.4015   0.6870   0.9060   1.1260   1.3735   1.6180   1.9015   2.1845   2.4060   2.6315   2.9235   3.2150   3.4460   3.6835   3.9310   4.1725   4.4095   4.6465   0.0000   0.0000   0.0000   0.0000   0.0000;
010:  0.4015   0.6870   0.9060   1.1260   1.3735   1.6180   1.9005   2.1835   2.4060   2.6320   2.9245   3.2165   3.4480   3.6860   3.9340   4.1750   4.4120   4.6490   0.0000   0.0000   0.0000   0.0000   0.0000;
011:  0.4010   0.6870   0.9060   1.1260   1.3735   1.6180   1.9000   2.1835   2.4065   2.6320   2.9255   3.2185   3.4495   3.6875   3.9360   4.1770   4.4140   4.6505   0.0000   0.0000   0.0000   0.0000   0.0000;
012:  0.4010   0.6865   0.9055   1.1260   1.3735   1.6180   1.8995   2.1830   2.4070   2.6330   2.9265   3.2200   3.4510   3.6890   3.9380   4.1790   4.4165   4.6520   0.0000   0.0000   0.0000   0.0000   0.0000;
013:  0.4010   0.6865   0.9055   1.1260   1.3735   1.6185   1.9000   2.1830   2.4070   2.6330   2.9270   3.2215   3.4530   3.6910   3.9400   4.1810   4.4185   4.6535   0.0000   0.0000   0.0000   0.0000   0.0000;
014:  0.4005   0.6860   0.9055   1.1260   1.3735   1.6185   1.8995   2.1825   2.4075   2.6340   2.9280   3.2235   3.4550   3.6930   3.9425   4.1825   4.4200   4.6545   0.0000   0.0000   0.0000   0.0000   0.0000;
015:  0.4000   0.6860   0.9055   1.1260   1.3740   1.6190   1.8995   2.1825   2.4075   2.6340   2.9285   3.2250   3.4565   3.6950   3.9450   4.1845   0.0000   0.0000   0.0000   0.0000   0.0000   0.0000   0.0000;
016:  0.4000   0.6860   0.9055   1.1260   1.3740   1.6190   1.8995   2.1825   2.4075   2.6345   2.9295   3.2265   3.4580   3.6965   3.9470   4.1855   0.0000   0.0000   0.0000   0.0000   0.0000   0.0000   0.0000;
017:  0.4000   0.6860   0.9055   1.1260   1.3740   1.6190   1.8995   2.1825   2.4080   2.6355   2.9305   3.2280   3.4590   3.6975   3.9485   4.1860   0.0000   0.0000   0.0000   0.0000   0.0000   0.0000   0.0000;
018:  0.3995   0.6855   0.9050   1.1260   1.3740   1.6185   1.8990   2.1825   2.4080   2.6355   2.9310   3.2290   3.4600   3.6990   3.9500   4.1870   0.0000   0.0000   0.0000   0.0000   0.0000   0.0000   0.0000;
019:  0.3995   0.6855   0.9045   1.1255   1.3740   1.6185   1.8990   2.1825   2.4080   2.6360   2.9315   3.2300   3.4610   3.7000   3.9510   4.1870   0.0000   0.0000   0.0000   0.0000   0.0000   0.0000   0.0000;
020:  0.3995   0.6855   0.9045   1.1255   1.3740   1.6185   1.8990   2.1825   2.4080   2.6365   2.9320   3.2305   3.4620   3.7010   3.9515   4.1870   0.0000   0.0000   0.0000   0.0000   0.0000   0.0000   0.0000;
021:  0.3990   0.6855   0.9045   1.1255   1.3740   1.6185   1.8990   2.1825   2.4080   2.6365   2.9320   3.2315   3.4635   3.7025   3.9525   4.1870   0.0000   0.0000   0.0000   0.0000   0.0000   0.0000   0.0000;
022:  0.3990   0.6850   0.9040   1.1255   1.3740   1.6180   1.8985   2.1820   2.4075   2.6365   2.9315   3.2315   3.4645   3.7040   3.9530   4.1860   0.0000   0.0000   0.0000   0.0000   0.0000   0.0000   0.0000;
023:  0.3990   0.6850   0.9040   1.1255   1.3740   1.6180   1.8985   2.1820   2.4075   2.6370   2.9315   3.2320   3.4655   3.7045   3.9530   4.1855   0.0000   0.0000   0.0000   0.0000   0.0000   0.0000   0.0000;
024:  0.3990   0.6850   0.9040   1.1255   1.3740   1.6180   1.8985   2.1820   2.4075   2.6370   2.9305   3.2310   3.4655   3.7055   3.9530   4.1840   0.0000   0.0000   0.0000   0.0000   0.0000   0.0000   0.0000;
025:  0.3980   0.6845   0.9040   1.1255   1.3735   1.6175   1.8985   2.1820   2.4075   2.6370   2.9300   3.2305   3.4660   3.7070   3.9535   4.1835   0.0000   0.0000   0.0000   0.0000   0.0000   0.0000   0.0000;
026:  0.3980   0.6840   0.9035   1.1255   1.3735   1.6170   1.8980   2.1815   2.4070   2.6370   2.9290   3.2295   3.4665   3.7085   3.9540   4.1825   0.0000   0.0000   0.0000   0.0000   0.0000   0.0000   0.0000;
027:  0.3980   0.6840   0.9030   1.1245   1.3730   1.6165   1.8975   2.1815   2.4070   2.6370   2.9275   3.2285   3.4680   3.7100   3.9540   0.0000   0.0000   0.0000   0.0000   0.0000   0.0000   0.0000   0.0000;
028:  0.3980   0.6840   0.9030   1.1245   1.3725   1.6160   1.8975   2.1815   2.4070   2.6365   2.9260   3.2275   3.4685   3.7100   3.9535   0.0000   0.0000   0.0000   0.0000   0.0000   0.0000   0.0000   0.0000;
029:  0.3980   0.6835   0.9020   1.1235   1.3720   1.6160   1.8975   2.1810   2.4060   2.6360   2.9250   3.2265   3.4695   3.7115   3.9540   0.0000   0.0000   0.0000   0.0000   0.0000   0.0000   0.0000   0.0000;
030:  0.3975   0.6835   0.9020   1.1235   1.3715   1.6155   1.8970   2.1805   2.4060   2.6360   2.9235   3.2255   3.4705   3.7120   3.9545   0.0000   0.0000   0.0000   0.0000   0.0000   0.0000   0.0000   0.0000;
031:  0.3975   0.6835   0.9020   1.1230   1.3710   1.6150   1.8965   2.1805   2.4055   2.6350   2.9220   3.2250   3.4720   3.7135   3.9555   0.0000   0.0000   0.0000   0.0000   0.0000   0.0000   0.0000   0.0000;
032:  0.3975   0.6835   0.9015   1.1225   1.3705   1.6145   1.8965   2.1800   2.4050   2.6345   2.9200   3.2235   3.4730   3.7150   3.9570   0.0000   0.0000   0.0000   0.0000   0.0000   0.0000   0.0000   0.0000;
033:  0.3970   0.6825   0.9010   1.1225   1.3705   1.6140   1.8960   2.1800   2.4050   2.6335   2.9180   3.2225   3.4735   3.7160   3.9590   0.0000   0.0000   0.0000   0.0000   0.0000   0.0000   0.0000   0.0000;
034:  0.3970   0.6825   0.9005   1.1215   1.3695   1.6135   1.8960   2.1800   2.4050   2.6325   2.9155   3.2205   3.4740   3.7175   3.9610   0.0000   0.0000   0.0000   0.0000   0.0000   0.0000   0.0000   0.0000;
035:  0.3965   0.6825   0.9005   1.1215   1.3695   1.6130   1.8955   2.1795   2.4045   2.6310   2.9125   3.2190   3.4745   3.7185   3.9630   0.0000   0.0000   0.0000   0.0000   0.0000   0.0000   0.0000   0.0000;
036:  0.3965   0.6820   0.9000   1.1210   1.3685   1.6125   1.8950   2.1790   2.4040   2.6285   2.9095   3.2180   3.4755   3.7205   3.9655   0.0000   0.0000   0.0000   0.0000   0.0000   0.0000   0.0000   0.0000;
037:  0.3965   0.6820   0.8995   1.1205   1.3680   1.6115   1.8945   2.1790   2.4040   2.6270   2.9070   3.2165   3.4755   3.7215   3.9680   0.0000   0.0000   0.0000   0.0000   0.0000   0.0000   0.0000   0.0000;
038:  0.3965   0.6820   0.8995   1.1200   1.3675   1.6115   1.8945   2.1790   2.4040   2.6255   2.9045   3.2160   3.4765   3.7225   3.9705   0.0000   0.0000   0.0000   0.0000   0.0000   0.0000   0.0000   0.0000;
039:  0.3965   0.6820   0.8995   1.1195   1.3665   1.6105   1.8935   2.1785   2.4040   2.6240   2.9030   3.2160   3.4775   3.7245   3.9735   0.0000   0.0000   0.0000   0.0000   0.0000   0.0000   0.0000   0.0000;
040:  0.3960   0.6810   0.8985   1.1190   1.3660   1.6100   1.8935   2.1780   2.4030   2.6225   2.9015   3.2155   3.4775   3.7255   3.9765   0.0000   0.0000   0.0000   0.0000   0.0000   0.0000   0.0000   0.0000;
041:  0.3960   0.6810   0.8985   1.1185   1.3655   1.6100   1.8930   2.1775   2.4030   2.6215   2.9000   3.2150   3.4775   3.7260   3.9785   0.0000   0.0000   0.0000   0.0000   0.0000   0.0000   0.0000   0.0000;
042:  0.3960   0.6810   0.8985   1.1185   1.3650   1.6095   1.8930   2.1775   2.4030   2.6200   2.8980   3.2145   3.4775   3.7265   0.0000   0.0000   0.0000   0.0000   0.0000   0.0000   0.0000   0.0000   0.0000;
043:  0.3960   0.6805   0.8980   1.1180   1.3640   1.6085   1.8925   2.1775   2.4030   2.6195   2.8975   3.2140   3.4770   3.7270   0.0000   0.0000   0.0000   0.0000   0.0000   0.0000   0.0000   0.0000   0.0000;
044:  0.3955   0.6805   0.8980   1.1180   1.3640   1.6085   1.8920   2.1765   2.4025   2.6190   2.8975   3.2150   3.4775   3.7275   0.0000   0.0000   0.0000   0.0000   0.0000   0.0000   0.0000   0.0000   0.0000;
045:  0.3950   0.6800   0.8980   1.1175   1.3630   1.6080   1.8915   2.1760   2.4025   2.6185   2.8970   3.2150   3.4770   0.0000   0.0000   0.0000   0.0000   0.0000   0.0000   0.0000   0.0000   0.0000   0.0000;
046:  0.3950   0.6800   0.8980   1.1175   1.3630   1.6080   1.8915   2.1760   2.4020   2.6175   2.8965   3.2145   0.0000   0.0000   0.0000   0.0000   0.0000   0.0000   0.0000   0.0000   0.0000   0.0000   0.0000;
047:  0.3950   0.6795   0.8970   1.1165   1.3620   1.6075   1.8910   2.1750   2.4015   2.6175   2.8970   3.2145   0.0000   0.0000   0.0000   0.0000   0.0000   0.0000   0.0000   0.0000   0.0000   0.0000   0.0000;
048:  0.3950   0.6795   0.8970   1.1165   1.3615   1.6065   1.8900   2.1745   2.4015   2.6175   2.8970   3.2140   0.0000   0.0000   0.0000   0.0000   0.0000   0.0000   0.0000   0.0000   0.0000   0.0000   0.0000;
049:  0.3950   0.6795   0.8970   1.1165   1.3615   1.6065   1.8895   2.1735   2.4010   2.6180   2.8980   3.2135   0.0000   0.0000   0.0000   0.0000   0.0000   0.0000   0.0000   0.0000   0.0000   0.0000   0.0000;
050:  0.3945   0.6785   0.8965   1.1160   1.3610   1.6065   1.8895   2.1730   2.4000   2.6180   2.8985   3.2120   0.0000   0.0000   0.0000   0.0000   0.0000   0.0000   0.0000   0.0000   0.0000   0.0000   0.0000;
051:  0.3945   0.6785   0.8960   1.1155   1.3605   1.6060   1.8890   2.1720   2.3995   2.6190   2.8995   3.2105   0.0000   0.0000   0.0000   0.0000   0.0000   0.0000   0.0000   0.0000   0.0000   0.0000   0.0000;
052:  0.3945   0.6785   0.8960   1.1155   1.3600   1.6050   1.8880   2.1710   2.3985   2.6195   2.9010   3.2095   0.0000   0.0000   0.0000   0.0000   0.0000   0.0000   0.0000   0.0000   0.0000   0.0000   0.0000;
053:  0.3945   0.6785   0.8955   1.1150   1.3600   1.6050   1.8880   2.1710   2.3985   2.6210   2.9025   3.2080   0.0000   0.0000   0.0000   0.0000   0.0000   0.0000   0.0000   0.0000   0.0000   0.0000   0.0000;
054:  0.3945   0.6785   0.8955   1.1145   1.3590   1.6045   1.8875   2.1705   2.3980   2.6215   2.9040   3.2065   0.0000   0.0000   0.0000   0.0000   0.0000   0.0000   0.0000   0.0000   0.0000   0.0000   0.0000;
055:  0.3940   0.6775   0.8945   1.1140   1.3590   1.6045   1.8870   2.1695   2.3970   2.6225   2.9055   3.2045   0.0000   0.0000   0.0000   0.0000   0.0000   0.0000   0.0000   0.0000   0.0000   0.0000   0.0000;
056:  0.3940   0.6775   0.8945   1.1135   1.3585   1.6045   1.8870   2.1685   2.3955   2.6235   2.9075   3.2030   0.0000   0.0000   0.0000   0.0000   0.0000   0.0000   0.0000   0.0000   0.0000   0.0000   0.0000;
057:  0.3935   0.6775   0.8940   1.1130   1.3580   1.6035   1.8860   2.1675   2.3950   2.6245   2.9080   3.2005   0.0000   0.0000   0.0000   0.0000   0.0000   0.0000   0.0000   0.0000   0.0000   0.0000   0.0000;
058:  0.3935   0.6775   0.8940   1.1130   1.3575   1.6030   1.8860   2.1670   2.3940   2.6245   2.9085   3.1980   0.0000   0.0000   0.0000   0.0000   0.0000   0.0000   0.0000   0.0000   0.0000   0.0000   0.0000;
059:  0.3935   0.6775   0.8940   1.1130   1.3575   1.6025   1.8850   2.1665   2.3940   2.6250   2.9085   3.1945   0.0000   0.0000   0.0000   0.0000   0.0000   0.0000   0.0000   0.0000   0.0000   0.0000   0.0000;
060:  0.3935   0.6775   0.8935   1.1120   1.3565   1.6020   1.8850   2.1655   2.3930   2.6255   2.9085   3.1915   0.0000   0.0000   0.0000   0.0000   0.0000   0.0000   0.0000   0.0000   0.0000   0.0000   0.0000;
061:  0.3930   0.6765   0.8930   1.1120   1.3565   1.6015   1.8845   2.1655   2.3925   2.6250   2.9080   0.0000   0.0000   0.0000   0.0000   0.0000   0.0000   0.0000   0.0000   0.0000   0.0000   0.0000   0.0000;
062:  0.3930   0.6765   0.8925   1.1110   1.3555   1.6010   1.8840   2.1645   2.3915   2.6245   2.9070   0.0000   0.0000   0.0000   0.0000   0.0000   0.0000   0.0000   0.0000   0.0000   0.0000   0.0000   0.0000;
063:  0.3930   0.6765   0.8925   1.1110   1.3550   1.6000   1.8830   2.1635   2.3910   2.6245   2.9060   0.0000   0.0000   0.0000   0.0000   0.0000   0.0000   0.0000   0.0000   0.0000   0.0000   0.0000   0.0000;
064:  0.3930   0.6765   0.8925   1.1105   1.3545   1.6000   1.8830   2.1630   2.3905   2.6245   2.9045   0.0000   0.0000   0.0000   0.0000   0.0000   0.0000   0.0000   0.0000   0.0000   0.0000   0.0000   0.0000;
065:  0.3930   0.6760   0.8920   1.1105   1.3540   1.5990   1.8820   2.1620   2.3900   2.6245   2.9030   0.0000   0.0000   0.0000   0.0000   0.0000   0.0000   0.0000   0.0000   0.0000   0.0000   0.0000   0.0000;
066:  0.3930   0.6760   0.8920   1.1100   1.3535   1.5990   1.8820   2.1615   2.3900   2.6250   2.9010   0.0000   0.0000   0.0000   0.0000   0.0000   0.0000   0.0000   0.0000   0.0000   0.0000   0.0000   0.0000;
067:  0.3925   0.6755   0.8915   1.1095   1.3530   1.5985   1.8815   2.1610   2.3900   2.6245   2.8985   0.0000   0.0000   0.0000   0.0000   0.0000   0.0000   0.0000   0.0000   0.0000   0.0000   0.0000   0.0000;
068:  0.3925   0.6755   0.8915   1.1090   1.3520   1.5975   1.8805   2.1600   2.3905   2.6250   2.8955   0.0000   0.0000   0.0000   0.0000   0.0000   0.0000   0.0000   0.0000   0.0000   0.0000   0.0000   0.0000;
069:  0.3925   0.6755   0.8915   1.1090   1.3515   1.5970   1.8805   2.1600   2.3910   2.6250   2.8930   0.0000   0.0000   0.0000   0.0000   0.0000   0.0000   0.0000   0.0000   0.0000   0.0000   0.0000   0.0000;
070:  0.3925   0.6750   0.8910   1.1085   1.3510   1.5965   1.8795   2.1590   2.3910   2.6250   2.8895   0.0000   0.0000   0.0000   0.0000   0.0000   0.0000   0.0000   0.0000   0.0000   0.0000   0.0000   0.0000;
071:  0.3925   0.6750   0.8910   1.1085   1.3505   1.5960   1.8790   2.1575   2.3905   2.6250   2.8865   0.0000   0.0000   0.0000   0.0000   0.0000   0.0000   0.0000   0.0000   0.0000   0.0000   0.0000   0.0000;
072:  0.3925   0.6750   0.8910   1.1080   1.3495   1.5955   1.8785   2.1560   2.3895   2.6250   2.8840   0.0000   0.0000   0.0000   0.0000   0.0000   0.0000   0.0000   0.0000   0.0000   0.0000   0.0000   0.0000;
073:  0.3925   0.6750   0.8910   1.1080   1.3495   1.5950   1.8775   2.1545   2.3885   2.6240   2.8805   0.0000   0.0000   0.0000   0.0000   0.0000   0.0000   0.0000   0.0000   0.0000   0.0000   0.0000   0.0000;
074:  0.3925   0.6745   0.8905   1.1080   1.3490   1.5940   1.8765   2.1530   2.3880   2.6240   2.8775   0.0000   0.0000   0.0000   0.0000   0.0000   0.0000   0.0000   0.0000   0.0000   0.0000   0.0000   0.0000;
075:  0.3920   0.6740   0.8905   1.1080   1.3485   1.5935   1.8760   2.1515   2.3870   2.6235   2.8740   0.0000   0.0000   0.0000   0.0000   0.0000   0.0000   0.0000   0.0000   0.0000   0.0000   0.0000   0.0000;
076:  0.3920   0.6740   0.8900   1.1075   1.3485   1.5930   1.8750   2.1505   2.3865   2.6225   2.8710   0.0000   0.0000   0.0000   0.0000   0.0000   0.0000   0.0000   0.0000   0.0000   0.0000   0.0000   0.0000;
077:  0.3920   0.6740   0.8900   1.1070   1.3475   1.5925   1.8745   2.1495   2.3855   2.6215   2.8680   0.0000   0.0000   0.0000   0.0000   0.0000   0.0000   0.0000   0.0000   0.0000   0.0000   0.0000   0.0000;
078:  0.3920   0.6740   0.8900   1.1070   1.3475   1.5920   1.8735   2.1480   2.3840   2.6200   2.8655   0.0000   0.0000   0.0000   0.0000   0.0000   0.0000   0.0000   0.0000   0.0000   0.0000   0.0000   0.0000;
079:  0.3920   0.6735   0.8895   1.1070   1.3470   1.5910   1.8730   2.1470   2.3825   2.6190   2.8635   0.0000   0.0000   0.0000   0.0000   0.0000   0.0000   0.0000   0.0000   0.0000   0.0000   0.0000   0.0000;
080:  0.3920   0.6735   0.8890   1.1065   1.3470   1.5910   1.8725   2.1460   2.3820   2.6180   2.8610   0.0000   0.0000   0.0000   0.0000   0.0000   0.0000   0.0000   0.0000   0.0000   0.0000   0.0000   0.0000;
081:  0.3920   0.6735   0.8890   1.1060   1.3465   1.5905   1.8715   2.1445   2.3805   2.6170   2.8600   0.0000   0.0000   0.0000   0.0000   0.0000   0.0000   0.0000   0.0000   0.0000   0.0000   0.0000   0.0000;
082:  0.3915   0.6730   0.8890   1.1060   1.3460   1.5900   1.8710   2.1435   2.3795   2.6160   2.8590   0.0000   0.0000   0.0000   0.0000   0.0000   0.0000   0.0000   0.0000   0.0000   0.0000   0.0000   0.0000;
083:  0.3915   0.6730   0.8885   1.1055   1.3460   1.5895   1.8705   2.1425   2.3775   2.6140   2.8580   0.0000   0.0000   0.0000   0.0000   0.0000   0.0000   0.0000   0.0000   0.0000   0.0000   0.0000   0.0000;
084:  0.3920   0.6725   0.8880   1.1055   1.3460   1.5890   1.8695   2.1420   2.3770   2.6130   2.8575   0.0000   0.0000   0.0000   0.0000   0.0000   0.0000   0.0000   0.0000   0.0000   0.0000   0.0000   0.0000;
085:  0.3920   0.6725   0.8880   1.1055   1.3460   1.5890   1.8690   2.1410   2.3760   2.6120   2.8575   0.0000   0.0000   0.0000   0.0000   0.0000   0.0000   0.0000   0.0000   0.0000   0.0000   0.0000   0.0000;
086:  0.3920   0.6725   0.8875   1.1050   1.3455   1.5885   1.8690   2.1410   2.3755   2.6110   2.8570   0.0000   0.0000   0.0000   0.0000   0.0000   0.0000   0.0000   0.0000   0.0000   0.0000   0.0000   0.0000;
087:  0.3920   0.6725   0.8875   1.1050   1.3455   1.5880   1.8680   2.1400   2.3745   2.6100   2.8575   0.0000   0.0000   0.0000   0.0000   0.0000   0.0000   0.0000   0.0000   0.0000   0.0000   0.0000   0.0000;
088:  0.3920   0.6725   0.8875   1.1050   1.3455   1.5880   1.8680   2.1395   2.3730   2.6090   2.8580   0.0000   0.0000   0.0000   0.0000   0.0000   0.0000   0.0000   0.0000   0.0000   0.0000   0.0000   0.0000;
089:  0.3920   0.6725   0.8870   1.1040   1.3450   1.5880   1.8680   2.1395   2.3725   2.6080   2.8580   0.0000   0.0000   0.0000   0.0000   0.0000   0.0000   0.0000   0.0000   0.0000   0.0000   0.0000   0.0000;
090:  0.3920   0.6725   0.8870   1.1040   1.3450   1.5875   1.8670   2.1395   2.3725   2.6075   2.8580   0.0000   0.0000   0.0000   0.0000   0.0000   0.0000   0.0000   0.0000   0.0000   0.0000   0.0000   0.0000;
091:  0.3920   0.6720   0.8865   1.1040   1.3450   1.5875   1.8670   2.1395   2.3725   2.6070   2.8580   0.0000   0.0000   0.0000   0.0000   0.0000   0.0000   0.0000   0.0000   0.0000   0.0000   0.0000   0.0000;
092:  0.3920   0.6720   0.8865   1.1040   1.3450   1.5875   1.8665   2.1395   2.3725   2.6065   2.8585   0.0000   0.0000   0.0000   0.0000   0.0000   0.0000   0.0000   0.0000   0.0000   0.0000   0.0000   0.0000;
093:  0.3915   0.6715   0.8860   1.1035   1.3450   1.5870   1.8660   2.1395   2.3730   2.6075   2.8590   0.0000   0.0000   0.0000   0.0000   0.0000   0.0000   0.0000   0.0000   0.0000   0.0000   0.0000   0.0000;
094:  0.3915   0.6715   0.8860   1.1035   1.3450   1.5870   1.8660   2.1390   2.3725   2.6070   2.8585   0.0000   0.0000   0.0000   0.0000   0.0000   0.0000   0.0000   0.0000   0.0000   0.0000   0.0000   0.0000;
095:  0.3920   0.6715   0.8860   1.1035   1.3450   1.5870   1.8660   2.1390   2.3725   2.6070   2.8590   0.0000   0.0000   0.0000   0.0000   0.0000   0.0000   0.0000   0.0000   0.0000   0.0000   0.0000   0.0000;
096:  0.3920   0.6715   0.8860   1.1035   1.3450   1.5870   1.8660   2.1385   2.3715   2.6065   2.8590   0.0000   0.0000   0.0000   0.0000   0.0000   0.0000   0.0000   0.0000   0.0000   0.0000   0.0000   0.0000;
097:  0.3920   0.6715   0.8860   1.1035   1.3450   1.5870   1.8655   2.1380   2.3715   2.6065   2.8590   0.0000   0.0000   0.0000   0.0000   0.0000   0.0000   0.0000   0.0000   0.0000   0.0000   0.0000   0.0000;
098:  0.3920   0.6715   0.8860   1.1035   1.3450   1.5870   1.8655   2.1380   2.3715   2.6060   2.8580   0.0000   0.0000   0.0000   0.0000   0.0000   0.0000   0.0000   0.0000   0.0000   0.0000   0.0000   0.0000;
099:  0.3920   0.6715   0.8860   1.1035   1.3450   1.5870   1.8655   2.1380   2.3715   2.6060   2.8575   0.0000   0.0000   0.0000   0.0000   0.0000   0.0000   0.0000   0.0000   0.0000   0.0000   0.0000   0.0000;
100:  0.3920   0.6715   0.8860   1.1035   1.3450   1.5870   1.8655   2.1375   2.3710   2.6055   2.8570   0.0000   0.0000   0.0000   0.0000   0.0000   0.0000   0.0000   0.0000   0.0000   0.0000   0.0000   0.0000;
101:  0.3920   0.6715   0.8860   1.1035   1.3450   1.5870   1.8655   2.1375   2.3705   2.6050   2.8565   0.0000   0.0000   0.0000   0.0000   0.0000   0.0000   0.0000   0.0000   0.0000   0.0000   0.0000   0.0000;
102:  0.3920   0.6715   0.8860   1.1035   1.3450   1.5870   1.8655   2.1375   2.3705   2.6045   2.8555   0.0000   0.0000   0.0000   0.0000   0.0000   0.0000   0.0000   0.0000   0.0000   0.0000   0.0000   0.0000;
103:  0.3920   0.6715   0.8860   1.1035   1.3450   1.5870   1.8655   2.1380   2.3710   2.6045   2.8550   0.0000   0.0000   0.0000   0.0000   0.0000   0.0000   0.0000   0.0000   0.0000   0.0000   0.0000   0.0000;
104:  0.3925   0.6715   0.8865   1.1040   1.3455   1.5875   1.8655   2.1380   2.3710   2.6040   2.8545   0.0000   0.0000   0.0000   0.0000   0.0000   0.0000   0.0000   0.0000   0.0000   0.0000   0.0000   0.0000;
105:  0.3925   0.6720   0.8870   1.1040   1.3455   1.5875   1.8655   2.1380   2.3705   2.6035   2.8545   0.0000   0.0000   0.0000   0.0000   0.0000   0.0000   0.0000   0.0000   0.0000   0.0000   0.0000   0.0000;
106:  0.3925   0.6720   0.8870   1.1045   1.3460   1.5875   1.8660   2.1390   2.3705   2.6030   2.8545   0.0000   0.0000   0.0000   0.0000   0.0000   0.0000   0.0000   0.0000   0.0000   0.0000   0.0000   0.0000;
107:  0.3925   0.6720   0.8870   1.1040   1.3460   1.5880   1.8660   2.1395   2.3710   2.6030   2.8550   0.0000   0.0000   0.0000   0.0000   0.0000   0.0000   0.0000   0.0000   0.0000   0.0000   0.0000   0.0000;
108:  0.3925   0.6720   0.8870   1.1045   1.3465   1.5885   1.8665   2.1400   2.3715   2.6025   2.8550   0.0000   0.0000   0.0000   0.0000   0.0000   0.0000   0.0000   0.0000   0.0000   0.0000   0.0000   0.0000;
109:  0.3925   0.6720   0.8870   1.1045   1.3465   1.5885   1.8670   2.1410   2.3715   2.6020   2.8555   0.0000   0.0000   0.0000   0.0000   0.0000   0.0000   0.0000   0.0000   0.0000   0.0000   0.0000   0.0000;
110:  0.3930   0.6720   0.8875   1.1050   1.3465   1.5885   1.8670   2.1420   2.3725   2.6020   2.8570   0.0000   0.0000   0.0000   0.0000   0.0000   0.0000   0.0000   0.0000   0.0000   0.0000   0.0000   0.0000;
111:  0.3930   0.6720   0.8875   1.1050   1.3470   1.5890   1.8675   2.1430   2.3730   2.6020   2.8580   0.0000   0.0000   0.0000   0.0000   0.0000   0.0000   0.0000   0.0000   0.0000   0.0000   0.0000   0.0000;
112:  0.3930   0.6720   0.8875   1.1050   1.3470   1.5895   1.8680   2.1435   2.3730   2.6015   2.8585   0.0000   0.0000   0.0000   0.0000   0.0000   0.0000   0.0000   0.0000   0.0000   0.0000   0.0000   0.0000;
113:  0.3930   0.6725   0.8885   1.1055   1.3470   1.5895   1.8680   2.1445   2.3735   2.6015   2.8600   0.0000   0.0000   0.0000   0.0000   0.0000   0.0000   0.0000   0.0000   0.0000   0.0000   0.0000   0.0000;
114:  0.3930   0.6725   0.8885   1.1055   1.3475   1.5900   1.8685   2.1460   2.3740   2.6010   2.8610   0.0000   0.0000   0.0000   0.0000   0.0000   0.0000   0.0000   0.0000   0.0000   0.0000   0.0000   0.0000;
115:  0.3930   0.6725   0.8885   1.1060   1.3480   1.5900   1.8685   2.1470   2.3745   2.6005   2.8615   0.0000   0.0000   0.0000   0.0000   0.0000   0.0000   0.0000   0.0000   0.0000   0.0000   0.0000   0.0000;
116:  0.3935   0.6725   0.8890   1.1065   1.3480   1.5905   1.8695   2.1480   2.3745   2.6000   2.8625   0.0000   0.0000   0.0000   0.0000   0.0000   0.0000   0.0000   0.0000   0.0000   0.0000   0.0000   0.0000;
117:  0.3935   0.6725   0.8890   1.1065   1.3485   1.5910   1.8695   2.1480   2.3745   2.6000   2.8635   0.0000   0.0000   0.0000   0.0000   0.0000   0.0000   0.0000   0.0000   0.0000   0.0000   0.0000   0.0000;
118:  0.3935   0.6730   0.8900   1.1070   1.3490   1.5915   1.8695   2.1485   2.3745   2.5995   2.8650   3.1215   0.0000   0.0000   0.0000   0.0000   0.0000   0.0000   0.0000   0.0000   0.0000   0.0000   0.0000;
119:  0.3935   0.6730   0.8900   1.1075   1.3495   1.5920   1.8705   2.1495   2.3745   2.5990   2.8655   3.1235   0.0000   0.0000   0.0000   0.0000   0.0000   0.0000   0.0000   0.0000   0.0000   0.0000   0.0000;
120:  0.3935   0.6730   0.8900   1.1075   1.3495   1.5920   1.8710   2.1500   2.3745   2.5990   2.8660   3.1260   0.0000   0.0000   0.0000   0.0000   0.0000   0.0000   0.0000   0.0000   0.0000   0.0000   0.0000;
121:  0.3945   0.6735   0.8905   1.1080   1.3500   1.5925   1.8710   2.1505   2.3745   2.5985   2.8670   3.1290   0.0000   0.0000   0.0000   0.0000   0.0000   0.0000   0.0000   0.0000   0.0000   0.0000   0.0000;
122:  0.3945   0.6735   0.8905   1.1085   1.3505   1.5930   1.8720   2.1510   2.3740   2.5980   2.8680   3.1325   0.0000   0.0000   0.0000   0.0000   0.0000   0.0000   0.0000   0.0000   0.0000   0.0000   0.0000;
123:  0.3945   0.6735   0.8910   1.1090   1.3510   1.5935   1.8725   2.1515   2.3740   2.5975   2.8680   3.1355   0.0000   0.0000   0.0000   0.0000   0.0000   0.0000   0.0000   0.0000   0.0000   0.0000   0.0000;
124:  0.3945   0.6740   0.8915   1.1095   1.3515   1.5940   1.8730   2.1520   2.3745   2.5970   2.8680   3.1385   0.0000   0.0000   0.0000   0.0000   0.0000   0.0000   0.0000   0.0000   0.0000   0.0000   0.0000;
125:  0.3945   0.6740   0.8915   1.1095   1.3520   1.5945   1.8735   2.1525   2.3745   2.5970   2.8685   3.1415   0.0000   0.0000   0.0000   0.0000   0.0000   0.0000   0.0000   0.0000   0.0000   0.0000   0.0000;
126:  0.3945   0.6740   0.8920   1.1105   1.3525   1.5945   1.8740   2.1530   2.3740   2.5965   2.8690   3.1450   0.0000   0.0000   0.0000   0.0000   0.0000   0.0000   0.0000   0.0000   0.0000   0.0000   0.0000;
127:  0.3950   0.6740   0.8920   1.1105   1.3525   1.5950   1.8750   2.1540   2.3750   2.5970   2.8700   3.1485   0.0000   0.0000   0.0000   0.0000   0.0000   0.0000   0.0000   0.0000   0.0000   0.0000   0.0000;
128:  0.3950   0.6740   0.8920   1.1110   1.3535   1.5955   1.8755   2.1545   2.3750   2.5970   2.8705   3.1520   0.0000   0.0000   0.0000   0.0000   0.0000   0.0000   0.0000   0.0000   0.0000   0.0000   0.0000;
129:  0.3950   0.6745   0.8925   1.1115   1.3540   1.5960   1.8765   2.1555   2.3755   2.5970   2.8710   3.1550   0.0000   0.0000   0.0000   0.0000   0.0000   0.0000   0.0000   0.0000   0.0000   0.0000   0.0000;
130:  0.3950   0.6745   0.8925   1.1115   1.3545   1.5965   1.8770   2.1560   2.3755   2.5970   2.8715   3.1580   0.0000   0.0000   0.0000   0.0000   0.0000   0.0000   0.0000   0.0000   0.0000   0.0000   0.0000;
131:  0.3955   0.6750   0.8930   1.1125   1.3550   1.5965   1.8775   2.1570   2.3765   2.5980   2.8730   3.1615   0.0000   0.0000   0.0000   0.0000   0.0000   0.0000   0.0000   0.0000   0.0000   0.0000   0.0000;
132:  0.3960   0.6750   0.8930   1.1125   1.3550   1.5970   1.8780   2.1575   2.3775   2.5990   2.8745   3.1645   0.0000   0.0000   0.0000   0.0000   0.0000   0.0000   0.0000   0.0000   0.0000   0.0000   0.0000;
133:  0.3960   0.6750   0.8930   1.1130   1.3560   1.5980   1.8790   2.1585   2.3780   2.5995   2.8760   3.1675   3.4155   0.0000   0.0000   0.0000   0.0000   0.0000   0.0000   0.0000   0.0000   0.0000   0.0000;
134:  0.3960   0.6750   0.8930   1.1130   1.3560   1.5980   1.8795   2.1590   2.3790   2.6010   2.8770   3.1695   3.4170   0.0000   0.0000   0.0000   0.0000   0.0000   0.0000   0.0000   0.0000   0.0000   0.0000;
135:  0.3960   0.6750   0.8930   1.1130   1.3565   1.5990   1.8805   2.1600   2.3800   2.6020   2.8785   3.1720   3.4180   0.0000   0.0000   0.0000   0.0000   0.0000   0.0000   0.0000   0.0000   0.0000   0.0000;
136:  0.3960   0.6750   0.8935   1.1135   1.3565   1.5990   1.8810   2.1610   2.3810   2.6030   2.8795   3.1735   3.4190   0.0000   0.0000   0.0000   0.0000   0.0000   0.0000   0.0000   0.0000   0.0000   0.0000;
137:  0.3960   0.6755   0.8940   1.1140   1.3570   1.5995   1.8815   2.1615   2.3820   2.6040   2.8805   3.1755   3.4205   0.0000   0.0000   0.0000   0.0000   0.0000   0.0000   0.0000   0.0000   0.0000   0.0000;
138:  0.3965   0.6755   0.8940   1.1140   1.3575   1.6005   1.8825   2.1625   2.3830   2.6050   2.8815   3.1765   3.4210   3.6565   0.0000   0.0000   0.0000   0.0000   0.0000   0.0000   0.0000   0.0000   0.0000;
139:  0.3970   0.6760   0.8940   1.1145   1.3580   1.6005   1.8830   2.1635   2.3840   2.6065   2.8830   3.1780   3.4220   3.6565   0.0000   0.0000   0.0000   0.0000   0.0000   0.0000   0.0000   0.0000   0.0000;
140:  0.3970   0.6760   0.8940   1.1145   1.3585   1.6015   1.8840   2.1645   2.3850   2.6075   2.8840   3.1785   3.4225   3.6565   0.0000   0.0000   0.0000   0.0000   0.0000   0.0000   0.0000   0.0000   0.0000;
141:  0.3970   0.6760   0.8945   1.1150   1.3585   1.6020   1.8845   2.1645   2.3855   2.6090   2.8860   3.1800   3.4230   3.6565   0.0000   0.0000   0.0000   0.0000   0.0000   0.0000   0.0000   0.0000   0.0000;
142:  0.3970   0.6760   0.8945   1.1150   1.3590   1.6025   1.8850   2.1655   2.3865   2.6105   2.8880   3.1815   3.4240   3.6570   0.0000   0.0000   0.0000   0.0000   0.0000   0.0000   0.0000   0.0000   0.0000;
143:  0.3970   0.6760   0.8945   1.1150   1.3590   1.6030   1.8860   2.1665   2.3875   2.6115   2.8890   3.1825   3.4250   3.6575   3.9035   0.0000   0.0000   0.0000   0.0000   0.0000   0.0000   0.0000   0.0000;
144:  0.3970   0.6760   0.8950   1.1155   1.3595   1.6040   1.8865   2.1670   2.3890   2.6135   2.8910   3.1835   3.4260   3.6585   3.9035   0.0000   0.0000   0.0000   0.0000   0.0000   0.0000   0.0000   0.0000;
145:  0.3975   0.6760   0.8950   1.1155   1.3595   1.6040   1.8865   2.1675   2.3900   2.6145   2.8925   3.1850   3.4275   3.6595   3.9040   0.0000   0.0000   0.0000   0.0000   0.0000   0.0000   0.0000   0.0000;
146:  0.3975   0.6760   0.8950   1.1155   1.3600   1.6050   1.8875   2.1685   2.3910   2.6155   2.8935   3.1860   3.4290   3.6605   3.9040   4.1465   0.0000   0.0000   0.0000   0.0000   0.0000   0.0000   0.0000;
147:  0.3975   0.6760   0.8950   1.1160   1.3605   1.6050   1.8875   2.1690   2.3920   2.6165   2.8950   3.1870   3.4300   3.6615   3.9045   4.1465   0.0000   0.0000   0.0000   0.0000   0.0000   0.0000   0.0000;
148:  0.3975   0.6760   0.8950   1.1160   1.3610   1.6060   1.8885   2.1700   2.3930   2.6180   2.8965   3.1880   3.4315   3.6630   3.9050   4.1465   0.0000   0.0000   0.0000   0.0000   0.0000   0.0000   0.0000;
149:  0.3975   0.6765   0.8955   1.1160   1.3610   1.6060   1.8885   2.1705   2.3940   2.6190   2.8975   3.1885   3.4325   3.6645   3.9060   4.1465   0.0000   0.0000   0.0000   0.0000   0.0000   0.0000   0.0000;
150:  0.3975   0.6765   0.8955   1.1160   1.3615   1.6070   1.8895   2.1715   2.3950   2.6200   2.8985   3.1895   3.4340   3.6655   3.9065   4.1465   0.0000   0.0000   0.0000   0.0000   0.0000   0.0000   0.0000;
151:  0.3980   0.6765   0.8955   1.1160   1.3615   1.6070   1.8900   2.1725   2.3960   2.6210   2.9000   3.1905   3.4345   3.6665   3.9070   4.1460   0.0000   0.0000   0.0000   0.0000   0.0000   0.0000   0.0000;
152:  0.3980   0.6765   0.8960   1.1170   1.3620   1.6070   1.8900   2.1725   2.3970   2.6225   2.9015   3.1920   3.4360   3.6680   3.9080   4.1460   4.3800   0.0000   0.0000   0.0000   0.0000   0.0000   0.0000;
153:  0.3980   0.6765   0.8960   1.1170   1.3620   1.6070   1.8905   2.1735   2.3980   2.6235   2.9030   3.1930   3.4370   3.6700   3.9090   4.1450   4.3805   0.0000   0.0000   0.0000   0.0000   0.0000   0.0000;
154:  0.3985   0.6770   0.8955   1.1165   1.3625   1.6080   1.8910   2.1740   2.3985   2.6245   2.9050   3.1945   3.4390   3.6720   3.9100   4.1455   4.3825   4.6370   0.0000   0.0000   0.0000   0.0000   0.0000;
155:  0.3985   0.6770   0.8955   1.1165   1.3625   1.6080   1.8915   2.1750   2.3995   2.6255   2.9060   3.1955   3.4405   3.6735   3.9105   4.1450   4.3835   4.6375   0.0000   0.0000   0.0000   0.0000   0.0000;
156:  0.3985   0.6770   0.8955   1.1165   1.3625   1.6085   1.8920   2.1755   2.4005   2.6265   2.9075   3.1965   3.4415   3.6755   3.9120   4.1455   4.3850   4.6380   0.0000   0.0000   0.0000   0.0000   0.0000;
157:  0.3985   0.6770   0.8955   1.1165   1.3625   1.6085   1.8925   2.1760   2.4010   2.6275   2.9095   3.1985   3.4425   3.6765   3.9130   4.1465   4.3870   4.6390   0.0000   0.0000   0.0000   0.0000   0.0000;
158:  0.3990   0.6770   0.8955   1.1165   1.3625   1.6085   1.8925   2.1765   2.4020   2.6280   2.9105   3.2000   3.4435   3.6780   3.9140   4.1465   4.3880   4.6390   0.0000   0.0000   0.0000   0.0000   0.0000;
159:  0.3990   0.6770   0.8955   1.1165   1.3625   1.6090   1.8935   2.1775   2.4030   2.6290   2.9120   3.2020   3.4450   3.6795   3.9150   4.1465   4.3890   4.6400   0.0000   0.0000   0.0000   0.0000   0.0000;
160:  0.3990   0.6770   0.8955   1.1165   1.3630   1.6095   1.8935   2.1780   2.4040   2.6300   2.9135   3.2035   3.4455   3.6800   3.9155   4.1470   4.3900   4.6400   0.0000   0.0000   0.0000   0.0000   0.0000;
161:  0.3990   0.6770   0.8955   1.1165   1.3630   1.6095   1.8940   2.1785   2.4040   2.6305   2.9145   3.2045   3.4465   3.6815   3.9170   4.1480   4.3915   4.6405   0.0000   0.0000   0.0000   0.0000   0.0000;
162:  0.3990   0.6770   0.8955   1.1165   1.3630   1.6095   1.8940   2.1790   2.4050   2.6310   2.9150   3.2055   3.4470   3.6825   3.9185   4.1485   4.3920   4.6410   0.0000   0.0000   0.0000   0.0000   0.0000;
163:  0.3995   0.6770   0.8955   1.1165   1.3630   1.6095   1.8940   2.1790   2.4050   2.6315   2.9160   3.2060   3.4470   3.6830   3.9190   4.1495   4.3935   4.6415   0.0000   0.0000   0.0000   0.0000   0.0000;
164:  0.3995   0.6770   0.8955   1.1165   1.3630   1.6100   1.8950   2.1800   2.4060   2.6320   2.9165   3.2070   3.4475   3.6840   3.9205   4.1505   4.3945   4.6415   4.9430   5.2365   0.0000   0.0000   0.0000;
165:  0.3995   0.6770   0.8960   1.1170   1.3630   1.6100   1.8955   2.1805   2.4060   2.6325   2.9170   3.2075   3.4480   3.6840   3.9205   4.1515   4.3960   4.6420   4.9425   5.2345   0.0000   0.0000   0.0000;
166:  0.3995   0.6770   0.8960   1.1170   1.3630   1.6100   1.8955   2.1810   2.4065   2.6325   2.9175   3.2080   3.4475   3.6845   3.9220   4.1530   4.3975   4.6420   4.9415   5.2325   0.0000   0.0000   0.0000;
167:  0.3995   0.6770   0.8960   1.1170   1.3630   1.6100   1.8960   2.1815   2.4065   2.6325   2.9180   3.2090   3.4480   3.6845   3.9225   4.1545   4.3985   4.6425   4.9410   5.2300   0.0000   0.0000   0.0000;
168:  0.3995   0.6770   0.8960   1.1170   1.3630   1.6100   1.8965   2.1820   2.4065   2.6325   2.9180   3.2090   3.4480   3.6850   3.9230   4.1555   4.3995   4.6425   4.9395   5.2275   0.0000   0.0000   0.0000;
169:  0.4000   0.6770   0.8960   1.1165   1.3625   1.6100   1.8965   2.1820   2.4065   2.6330   2.9185   3.2095   3.4490   3.6855   3.9235   4.1570   4.4000   4.6425   4.9380   5.2245   0.0000   0.0000   0.0000;
170:  0.4000   0.6770   0.8960   1.1165   1.3625   1.6100   1.8970   2.1825   2.4065   2.6330   2.9190   3.2100   3.4490   3.6855   3.9235   4.1575   4.4000   4.6420   4.9360   5.2220   0.0000   0.0000   0.0000;
171:  0.4000   0.6770   0.8965   1.1170   1.3625   1.6095   1.8970   2.1830   2.4065   2.6330   2.9190   3.2105   3.4490   3.6850   3.9235   4.1590   4.4010   4.6425   4.9350   5.2195   0.0000   0.0000   0.0000;
172:  0.4000   0.6770   0.8965   1.1170   1.3625   1.6095   1.8975   2.1835   2.4065   2.6330   2.9190   3.2105   3.4495   3.6850   3.9235   4.1600   4.4010   4.6420   4.9325   5.2175   0.0000   0.0000   0.0000;
173:  0.4005   0.6770   0.8965   1.1170   1.3625   1.6095   1.8980   2.1840   2.4065   2.6330   2.9190   3.2105   3.4490   3.6845   3.9240   4.1615   4.4010   4.6415   4.9305   5.2155   0.0000   0.0000   0.0000;
174:  0.4005   0.6770   0.8965   1.1170   1.3625   1.6090   1.8980   2.1845   2.4065   2.6330   2.9185   3.2105   3.4490   3.6835   3.9235   4.1615   4.4005   4.6415   4.9285   5.2135   0.0000   0.0000   0.0000;
175:  0.4005   0.6770   0.8965   1.1170   1.3625   1.6090   1.8980   2.1845   2.4060   2.6325   2.9185   3.2105   3.4485   3.6825   3.9225   4.1615   4.4005   4.6415   4.9265   5.2125   0.0000   0.0000   0.0000;
176:  0.4005   0.6770   0.8965   1.1170   1.3625   1.6090   1.8980   2.1845   2.4060   2.6325   2.9180   3.2100   3.4485   3.6825   3.9225   4.1615   4.4000   4.6415   4.9245   5.2115   0.0000   0.0000   0.0000;
177:  0.4010   0.6770   0.8965   1.1170   1.3625   1.6090   1.8985   2.1850   2.4055   2.6320   2.9180   3.2100   3.4490   3.6825   3.9220   4.1610   4.3990   4.6410   4.9225   5.2115   0.0000   0.0000   0.0000;
178:  0.4010   0.6770   0.8965   1.1170   1.3625   1.6090   1.8985   2.1850   2.4055   2.6320   2.9175   3.2090   3.4485   3.6820   3.9210   4.1605   4.3990   4.6410   4.9210   5.2120   0.0000   0.0000   0.0000;
179:  0.4010   0.6770   0.8965   1.1170   1.3625   1.6085   1.8980   2.1850   2.4050   2.6310   2.9165   3.2085   3.4485   3.6820   3.9210   4.1600   4.3985   4.6410   4.9195   5.2120   0.0000   0.0000   0.0000;
180:  0.4015   0.6770   0.8965   1.1170   1.3625   1.6085   1.8980   2.1850   2.4050   2.6310   2.9165   3.2085   3.4485   3.6815   3.9200   4.1590   4.3980   4.6405   4.9185   5.2135   0.0000   0.0000   0.0000;
181:  0.4015   0.6770   0.8960   1.1165   1.3625   1.6085   1.8980   2.1850   2.4045   2.6305   2.9160   3.2075   3.4475   3.6810   3.9200   4.1590   4.3975   4.6400   4.9180   5.2150   0.0000   0.0000   0.0000;
182:  0.4015   0.6770   0.8960   1.1165   1.3625   1.6085   1.8980   2.1850   2.4045   2.6305   2.9160   3.2075   3.4475   3.6805   3.9190   4.1580   4.3965   4.6390   4.9175   5.2165   0.0000   0.0000   0.0000;
183:  0.4015   0.6770   0.8960   1.1165   1.3630   1.6090   1.8975   2.1840   2.4040   2.6305   2.9160   3.2075   3.4475   3.6805   3.9190   4.1580   4.3955   4.6380   4.9175   5.2180   0.0000   0.0000   0.0000;
184:  0.4020   0.6770   0.8960   1.1165   1.3630   1.6090   1.8975   2.1840   2.4035   2.6300   2.9155   3.2065   3.4470   3.6805   3.9185   4.1570   4.3945   4.6375   4.9175   5.2185   0.0000   0.0000   0.0000;
185:  0.4020   0.6770   0.8955   1.1155   1.3625   1.6090   1.8970   2.1835   2.4035   2.6295   2.9150   3.2065   3.4465   3.6800   3.9185   4.1565   4.3935   4.6365   4.9170   5.2190   0.0000   0.0000   0.0000;
186:  0.4020   0.6770   0.8955   1.1155   1.3625   1.6090   1.8965   2.1825   2.4025   2.6290   2.9145   3.2055   3.4460   3.6795   3.9175   4.1555   4.3920   4.6355   4.9170   5.2190   0.0000   0.0000   0.0000;
187:  0.4025   0.6770   0.8955   1.1155   1.3625   1.6090   1.8965   2.1825   2.4025   2.6290   2.9145   3.2050   3.4450   3.6785   3.9170   4.1545   4.3905   4.6345   4.9160   5.2180   0.0000   0.0000   0.0000;
188:  0.4025   0.6770   0.8955   1.1155   1.3625   1.6090   1.8960   2.1820   2.4020   2.6285   2.9145   3.2050   3.4450   3.6780   3.9160   4.1540   4.3900   4.6335   4.9155   5.2170   0.0000   0.0000   0.0000;
189:  0.4025   0.6770   0.8955   1.1155   1.3625   1.6090   1.8955   2.1815   2.4020   2.6285   2.9140   3.2040   3.4440   3.6770   3.9150   4.1525   4.3885   4.6320   4.9140   5.2155   0.0000   0.0000   0.0000;
190:  0.4030   0.6770   0.8950   1.1150   1.3625   1.6090   1.8950   2.1805   2.4015   2.6280   2.9135   3.2035   3.4430   3.6760   3.9145   4.1520   4.3875   4.6305   4.9125   5.2140   0.0000   0.0000   0.0000;
191:  0.4030   0.6770   0.8950   1.1150   1.3625   1.6090   1.8950   2.1805   2.4010   2.6275   2.9135   3.2030   3.4425   3.6755   3.9140   4.1515   4.3865   4.6285   4.9105   5.2125   0.0000   0.0000   0.0000;
192:  0.4030   0.6770   0.8950   1.1150   1.3625   1.6090   1.8945   2.1800   2.4010   2.6275   2.9130   3.2020   3.4415   3.6745   3.9130   4.1500   4.3850   4.6270   4.9085   5.2100   0.0000   0.0000   0.0000;
193:  0.4035   0.6770   0.8950   1.1150   1.3625   1.6090   1.8945   2.1795   2.4005   2.6275   2.9130   3.2020   3.4410   3.6740   3.9120   4.1485   4.3840   4.6255   4.9065   5.2075   0.0000   0.0000   0.0000;
194:  0.4035   0.6770   0.8945   1.1145   1.3625   1.6090   1.8945   2.1795   2.4000   2.6265   2.9125   3.2015   3.4400   3.6730   3.9110   4.1475   4.3835   4.6240   4.9040   5.2050   5.5105   0.0000   0.0000;
195:  0.4035   0.6770   0.8945   1.1145   1.3625   1.6090   1.8945   2.1795   2.4000   2.6265   2.9125   3.2015   3.4395   3.6720   3.9100   4.1460   4.3820   4.6230   4.9025   5.2025   5.5070   0.0000   0.0000;
196:  0.4040   0.6770   0.8945   1.1145   1.3625   1.6085   1.8940   2.1795   2.4000   2.6260   2.9120   3.2015   3.4390   3.6705   3.9090   4.1455   4.3810   4.6210   4.8995   5.2000   5.5040   0.0000   0.0000;
197:  0.4040   0.6765   0.8940   1.1145   1.3625   1.6085   1.8940   2.1790   2.3995   2.6260   2.9120   3.2010   3.4375   3.6690   3.9080   4.1445   4.3800   4.6200   4.8980   5.1975   5.5005   0.0000   0.0000;
198:  0.4045   0.6765   0.8940   1.1145   1.3620   1.6075   1.8935   2.1790   2.3990   2.6255   2.9120   3.2010   3.4375   3.6685   3.9070   4.1435   4.3785   4.6180   4.8955   5.1955   5.4980   0.0000   0.0000;
199:  0.4045   0.6765   0.8940   1.1145   1.3620   1.6075   1.8935   2.1790   2.3990   2.6250   2.9115   3.2005   3.4365   3.6675   3.9060   4.1425   4.3770   4.6160   4.8925   5.1935   5.4955   0.0000   0.0000;
200:  0.4045   0.6765   0.8935   1.1140   1.3620   1.6075   1.8935   2.1785   2.3985   2.6250   2.9115   3.2005   3.4365   3.6665   3.9045   4.1420   4.3765   4.6150   4.8900   5.1915   5.4935   0.0000   0.0000;
201:  0.4050   0.6765   0.8935   1.1140   1.3620   1.6070   1.8930   2.1785   2.3980   2.6240   2.9110   3.2000   3.4355   3.6655   3.9035   4.1405   4.3755   4.6140   4.8865   5.1885   5.4915   0.0000   0.0000;
202:  0.4050   0.6765   0.8935   1.1140   1.3620   1.6070   1.8930   2.1785   2.3980   2.6240   2.9110   3.2000   3.4355   3.6645   3.9025   4.1405   4.3755   4.6135   4.8840   5.1860   5.4890   0.0000   0.0000;
203:  0.4055   0.6765   0.8935   1.1140   1.3620   1.6065   1.8920   2.1780   2.3980   2.6235   2.9105   3.2000   3.4350   3.6640   3.9020   4.1395   4.3745   4.6125   4.8815   5.1830   5.4860   0.0000   0.0000;
204:  0.4055   0.6765   0.8935   1.1140   1.3620   1.6065   1.8920   2.1780   2.3980   2.6235   2.9105   3.2000   3.4340   3.6625   3.9015   4.1390   4.3740   4.6120   4.8790   5.1800   5.4835   0.0000   0.0000;
205:  0.4060   0.6765   0.8935   1.1140   1.3615   1.6060   1.8920   2.1780   2.3980   2.6230   2.9105   3.2005   3.4335   3.6615   3.9010   4.1385   4.3730   4.6110   4.8765   5.1765   5.4805   0.0000   0.0000;
206:  0.4060   0.6765   0.8930   1.1135   1.3615   1.6060   1.8915   2.1775   2.3980   2.6225   2.9100   3.2005   3.4330   3.6610   3.9005   4.1375   4.3725   4.6105   4.8740   5.1725   5.4770   0.0000   0.0000;
207:  0.4060   0.6765   0.8930   1.1135   1.3615   1.6060   1.8915   2.1775   2.3975   2.6220   2.9100   3.2000   3.4325   3.6615   3.9010   4.1370   4.3715   4.6095   4.8715   5.1680   5.4730   0.0000   0.0000;
208:  0.4065   0.6765   0.8930   1.1130   1.3610   1.6060   1.8910   2.1770   2.3975   2.6215   2.9100   3.2000   3.4315   3.6610   3.9010   4.1365   4.3710   4.6095   4.8700   5.1640   5.4690   0.0000   0.0000;
209:  0.4065   0.6765   0.8925   1.1125   1.3610   1.6060   1.8910   2.1770   2.3975   2.6215   2.9100   3.2000   3.4315   3.6615   3.9015   4.1365   4.3705   4.6090   4.8685   5.1605   0.0000   0.0000   0.0000;
210:  0.4070   0.6765   0.8925   1.1125   1.3610   1.6060   1.8905   2.1765   2.3975   2.6210   2.9095   3.2000   3.4310   3.6605   3.9005   4.1355   4.3700   4.6085   4.8665   5.1565   0.0000   0.0000   0.0000;
211:  0.4070   0.6760   0.8920   1.1125   1.3610   1.6060   1.8900   2.1760   2.3970   2.6205   2.9100   3.2005   3.4310   3.6605   3.9005   4.1355   4.3690   4.6075   4.8655   5.1525   0.0000   0.0000   0.0000;
212:  0.4070   0.6760   0.8920   1.1125   1.3610   1.6060   1.8900   2.1760   2.3970   2.6200   2.9095   3.2005   3.4310   3.6605   3.9010   4.1360   4.3690   4.6070   4.8645   5.1495   0.0000   0.0000   0.0000;
213:  0.4075   0.6760   0.8920   1.1125   1.3610   1.6065   1.8900   2.1755   2.3970   2.6200   2.9095   3.2000   3.4305   3.6605   3.9010   4.1360   4.3690   4.6070   4.8635   5.1465   0.0000   0.0000   0.0000;
214:  0.4075   0.6760   0.8920   1.1125   1.3610   1.6065   1.8895   2.1755   2.3975   2.6200   2.9095   3.2000   3.4305   3.6605   3.9010   4.1360   4.3685   4.6055   4.8610   5.1425   0.0000   0.0000   0.0000;
215:  0.4080   0.6760   0.8915   1.1120   1.3610   1.6070   1.8900   2.1755   2.3975   2.6200   2.9095   3.2000   3.4300   3.6605   3.9015   4.1360   4.3680   4.6045   4.8595   5.1395   0.0000   0.0000   0.0000;
216:  0.4075   0.6755   0.8915   1.1120   1.3610   1.6070   1.8895   2.1750   2.3975   2.6200   2.9095   3.1995   3.4295   3.6615   3.9025   4.1360   4.3675   4.6035   4.8580   5.1370   0.0000   0.0000   0.0000;
217:  0.4080   0.6755   0.8915   1.1120   1.3610   1.6070   1.8895   2.1750   2.3970   2.6195   2.9095   3.1995   3.4295   3.6615   3.9020   4.1360   4.3675   4.6025   4.8570   5.1350   0.0000   0.0000   0.0000;
218:  0.4080   0.6755   0.8915   1.1120   1.3610   1.6075   1.8895   2.1750   2.3975   2.6195   2.9095   3.1995   3.4290   3.6615   3.9025   4.1360   4.3670   4.6015   4.8555   5.1320   0.0000   0.0000   0.0000;
219:  0.4080   0.6755   0.8915   1.1115   1.3600   1.6070   1.8895   2.1750   2.3975   2.6195   2.9090   3.1995   3.4295   3.6615   3.9025   4.1360   4.3670   4.6010   4.8545   5.1305   0.0000   0.0000   0.0000;
220:  0.4085   0.6755   0.8915   1.1115   1.3600   1.6070   1.8890   2.1750   2.3980   2.6195   2.9090   3.1995   3.4290   3.6615   3.9025   4.1360   4.3670   4.6000   4.8530   5.1280   0.0000   0.0000   0.0000;
221:  0.4085   0.6755   0.8915   1.1115   1.3595   1.6070   1.8895   2.1750   2.3985   2.6200   2.9090   3.1990   3.4290   3.6620   3.9025   4.1360   4.3660   4.5985   4.8520   5.1265   0.0000   0.0000   0.0000;
222:  0.4090   0.6755   0.8915   1.1110   1.3590   1.6070   1.8895   2.1750   2.3985   2.6200   2.9085   3.1985   3.4290   3.6625   3.9025   4.1360   4.3660   4.5980   0.0000   0.0000   0.0000   0.0000   0.0000;
223:  0.4090   0.6755   0.8915   1.1110   1.3585   1.6065   1.8895   2.1750   2.3985   2.6205   2.9090   3.1985   3.4290   3.6625   3.9020   4.1355   4.3655   4.5975   0.0000   0.0000   0.0000   0.0000   0.0000;
224:  0.4090   0.6755   0.8915   1.1110   1.3585   1.6070   1.8895   2.1745   2.3985   2.6205   2.9090   3.1985   3.4290   3.6625   3.9020   4.1365   4.3660   4.5970   0.0000   0.0000   0.0000   0.0000   0.0000;
225:  0.4095   0.6755   0.8915   1.1105   1.3575   1.6065   1.8895   2.1745   2.3985   2.6205   2.9085   3.1980   3.4295   3.6630   3.9015   4.1360   4.3655   4.5960   0.0000   0.0000   0.0000   0.0000   0.0000;
226:  0.4095   0.6750   0.8910   1.1105   1.3575   1.6065   1.8895   2.1745   2.3985   2.6205   2.9085   3.1980   3.4295   3.6630   3.9015   4.1365   4.3660   4.5960   0.0000   0.0000   0.0000   0.0000   0.0000;
227:  0.4095   0.6745   0.8910   1.1100   1.3565   1.6060   1.8895   2.1745   2.3990   2.6215   2.9090   3.1980   3.4295   3.6630   3.9015   4.1365   4.3660   4.5960   0.0000   0.0000   0.0000   0.0000   0.0000;
228:  0.4095   0.6745   0.8910   1.1100   1.3565   1.6060   1.8895   2.1745   2.3990   2.6215   2.9085   3.1975   3.4295   3.6630   3.9015   4.1365   4.3655   4.5955   0.0000   0.0000   0.0000   0.0000   0.0000;
229:  0.4095   0.6745   0.8910   1.1095   1.3555   1.6055   1.8895   2.1745   2.3995   2.6220   2.9085   3.1975   3.4295   3.6635   3.9015   4.1360   4.3655   4.5955   0.0000   0.0000   0.0000   0.0000   0.0000;
230:  0.4100   0.6745   0.8910   1.1095   1.3550   1.6050   1.8895   2.1745   2.3995   2.6215   2.9080   3.1975   3.4295   3.6635   3.9015   4.1355   4.3650   4.5955   0.0000   0.0000   0.0000   0.0000   0.0000;
231:  0.4100   0.6745   0.8910   1.1095   1.3550   1.6050   1.8895   2.1745   2.4000   2.6220   2.9080   3.1970   3.4290   3.6635   3.9010   4.1350   4.3650   4.5955   0.0000   0.0000   0.0000   0.0000   0.0000;
232:  0.4100   0.6745   0.8905   1.1085   1.3540   1.6040   1.8895   2.1745   2.3995   2.6220   2.9080   3.1970   3.4290   3.6635   3.9005   4.1345   4.3650   4.5955   0.0000   0.0000   0.0000   0.0000   0.0000;
233:  0.4100   0.6740   0.8905   1.1085   1.3540   1.6040   1.8895   2.1745   2.3995   2.6220   2.9080   3.1970   3.4290   3.6635   3.9005   4.1345   4.3650   4.5955   0.0000   0.0000   0.0000   0.0000   0.0000;
234:  0.4100   0.6740   0.8905   1.1085   1.3540   1.6035   1.8890   2.1745   2.4000   2.6225   2.9080   3.1965   3.4290   3.6640   3.9005   4.1340   4.3645   4.5950   0.0000   0.0000   0.0000   0.0000   0.0000;
235:  0.4100   0.6740   0.8905   1.1080   1.3530   1.6030   1.8895   2.1750   2.4000   2.6225   2.9080   3.1965   3.4290   3.6640   3.9005   4.1340   4.3645   4.5950   0.0000   0.0000   0.0000   0.0000   0.0000;
236:  0.4105   0.6740   0.8905   1.1080   1.3530   1.6030   1.8895   2.1750   2.3995   2.6220   2.9080   3.1965   3.4290   3.6640   3.9010   4.1345   4.3645   4.5950   0.0000   0.0000   0.0000   0.0000   0.0000;
237:  0.4105   0.6740   0.8905   1.1080   1.3530   1.6025   1.8895   2.1755   2.3995   2.6220   2.9085   3.1970   3.4290   3.6640   3.9015   4.1350   4.3645   4.5950   0.0000   0.0000   0.0000   0.0000   0.0000;
238:  0.4105   0.6740   0.8905   1.1080   1.3530   1.6025   1.8895   2.1755   2.3995   2.6220   2.9085   3.1970   3.4290   3.6640   3.9015   4.1350   4.3640   4.5945   0.0000   0.0000   0.0000   0.0000   0.0000;
239:  0.4110   0.6740   0.8905   1.1080   1.3530   1.6020   1.8895   2.1760   2.3995   2.6225   2.9090   3.1970   3.4290   3.6640   3.9015   4.1350   4.3640   4.5945   0.0000   0.0000   0.0000   0.0000   0.0000;
240:  0.4105   0.6735   0.8910   1.1085   1.3530   1.6020   1.8895   2.1760   2.3990   2.6220   2.9090   3.1970   3.4290   3.6640   3.9015   4.1350   4.3640   4.5945   0.0000   0.0000   0.0000   0.0000   0.0000;
241:  0.4105   0.6735   0.8910   1.1085   1.3530   1.6015   1.8895   2.1765   2.3990   2.6220   2.9090   3.1970   3.4290   3.6640   3.9015   4.1355   4.3645   4.5945   0.0000   0.0000   0.0000   0.0000   0.0000;
242:  0.4105   0.6735   0.8910   1.1085   1.3525   1.6010   1.8895   2.1765   2.3985   2.6220   2.9095   3.1970   3.4290   3.6640   3.9015   4.1355   4.3640   4.5935   0.0000   0.0000   0.0000   0.0000   0.0000;
243:  0.4105   0.6735   0.8910   1.1085   1.3525   1.6010   1.8900   2.1770   2.3980   2.6215   2.9095   3.1975   3.4295   3.6640   3.9015   4.1360   4.3640   4.5930   0.0000   0.0000   0.0000   0.0000   0.0000;
244:  0.4110   0.6735   0.8910   1.1090   1.3530   1.6005   1.8895   2.1770   2.3980   2.6215   2.9095   3.1975   3.4295   3.6640   3.9015   4.1360   4.3640   4.5935   0.0000   0.0000   0.0000   0.0000   0.0000;
245:  0.4110   0.6735   0.8910   1.1090   1.3535   1.6010   1.8895   2.1770   2.3975   2.6215   2.9100   3.1980   3.4300   3.6640   3.9015   4.1360   4.3635   4.5930   0.0000   0.0000   0.0000   0.0000   0.0000;
246:  0.4110   0.6735   0.8910   1.1090   1.3535   1.6010   1.8895   2.1770   2.3970   2.6210   2.9100   3.1980   3.4300   3.6640   3.9015   4.1365   4.3640   4.5930   0.0000   0.0000   0.0000   0.0000   0.0000;
247:  0.4110   0.6735   0.8910   1.1090   1.3535   1.6005   1.8895   2.1775   2.3970   2.6210   2.9100   3.1985   3.4305   3.6640   3.9015   4.1370   4.3640   4.5920   0.0000   0.0000   0.0000   0.0000   0.0000;
248:  0.4105   0.6730   0.8910   1.1095   1.3540   1.6010   1.8900   2.1775   2.3965   2.6205   2.9105   3.1990   3.4305   3.6640   3.9015   4.1375   4.3640   4.5910   0.0000   0.0000   0.0000   0.0000   0.0000;
249:  0.4110   0.6730   0.8910   1.1095   1.3540   1.6010   1.8900   2.1775   2.3965   2.6210   2.9110   3.1995   3.4310   3.6640   3.9010   4.1375   4.3645   4.5910   0.0000   0.0000   0.0000   0.0000   0.0000;
250:  0.4110   0.6730   0.8910   1.1095   1.3540   1.6010   1.8895   2.1770   2.3960   2.6205   2.9115   3.2000   3.4310   3.6635   3.9005   4.1380   4.3645   4.5910   0.0000   0.0000   0.0000   0.0000   0.0000;
251:  0.4110   0.6730   0.8910   1.1095   1.3545   1.6015   1.8895   2.1770   2.3960   2.6205   2.9115   3.2005   3.4315   3.6640   3.9010   4.1385   4.3645   4.5905   0.0000   0.0000   0.0000   0.0000   0.0000;
252:  0.4110   0.6730   0.8910   1.1095   1.3545   1.6015   1.8895   2.1770   2.3955   2.6200   2.9115   3.2005   3.4320   3.6645   3.9010   4.1385   4.3645   4.5905   0.0000   0.0000   0.0000   0.0000   0.0000;
253:  0.4110   0.6730   0.8910   1.1095   1.3545   1.6020   1.8900   2.1770   2.3955   2.6200   2.9120   3.2015   3.4325   3.6645   3.9005   4.1385   4.3650   4.5905   0.0000   0.0000   0.0000   0.0000   0.0000;
254:  0.4115   0.6730   0.8910   1.1095   1.3545   1.6020   1.8900   2.1770   2.3955   2.6200   2.9120   3.2015   3.4325   3.6645   3.9000   4.1380   4.3650   4.5905   0.0000   0.0000   0.0000   0.0000   0.0000;
255:  0.4115   0.6735   0.8915   1.1095   1.3545   1.6020   1.8900   2.1770   2.3955   2.6205   2.9130   3.2025   3.4335   3.6650   3.9000   4.1380   4.3645   4.5900   0.0000   0.0000   0.0000   0.0000   0.0000;
256:  0.4115   0.6735   0.8915   1.1095   1.3550   1.6025   1.8895   2.1760   2.3950   2.6205   2.9130   3.2025   3.4335   3.6650   3.8995   4.1380   4.3650   4.5895   0.0000   0.0000   0.0000   0.0000   0.0000;
257:  0.4115   0.6735   0.8915   1.1095   1.3550   1.6030   1.8900   2.1760   2.3955   2.6215   2.9130   3.2020   3.4340   3.6655   3.8995   4.1380   4.3650   4.5895   0.0000   0.0000   0.0000   0.0000   0.0000;
258:  0.4115   0.6735   0.8915   1.1095   1.3550   1.6030   1.8895   2.1755   2.3955   2.6215   2.9135   3.2030   3.4345   3.6655   3.8995   4.1380   4.3650   4.5895   0.0000   0.0000   0.0000   0.0000   0.0000;
259:  0.4115   0.6735   0.8915   1.1095   1.3555   1.6035   1.8895   2.1755   2.3955   2.6215   2.9135   3.2035   3.4350   3.6655   3.8995   4.1380   4.3650   4.5890   0.0000   0.0000   0.0000   0.0000   0.0000;
260:  0.4115   0.6735   0.8915   1.1100   1.3560   1.6035   1.8895   2.1750   2.3950   2.6220   2.9140   3.2035   3.4355   3.6660   3.8995   4.1385   4.3650   4.5885   0.0000   0.0000   0.0000   0.0000   0.0000;
261:  0.4115   0.6735   0.8915   1.1100   1.3565   1.6045   1.8895   2.1745   2.3950   2.6220   2.9140   3.2035   3.4355   3.6655   3.8990   4.1380   4.3645   4.5880   0.0000   0.0000   0.0000   0.0000   0.0000;
262:  0.4115   0.6735   0.8920   1.1105   1.3565   1.6045   1.8895   2.1745   2.3955   2.6230   2.9145   3.2035   3.4355   3.6660   3.9000   4.1385   4.3645   4.5880   0.0000   0.0000   0.0000   0.0000   0.0000;
263:  0.4115   0.6735   0.8920   1.1105   1.3565   1.6045   1.8895   2.1745   2.3955   2.6230   2.9145   3.2035   3.4355   3.6660   3.9000   4.1385   4.3640   4.5875   0.0000   0.0000   0.0000   0.0000   0.0000;
264:  0.4115   0.6735   0.8920   1.1105   1.3570   1.6050   1.8895   2.1745   2.3955   2.6230   2.9145   3.2035   3.4355   3.6655   3.8995   4.1390   4.3645   4.5875   0.0000   0.0000   0.0000   0.0000   0.0000;
265:  0.4115   0.6735   0.8920   1.1105   1.3570   1.6055   1.8900   2.1745   2.3960   2.6240   2.9150   3.2035   3.4355   3.6660   3.9000   4.1390   4.3635   4.5865   0.0000   0.0000   0.0000   0.0000   0.0000;
266:  0.4115   0.6735   0.8920   1.1105   1.3570   1.6055   1.8900   2.1745   2.3960   2.6240   2.9150   3.2035   3.4355   3.6660   3.9000   4.1385   4.3625   4.5860   0.0000   0.0000   0.0000   0.0000   0.0000;
267:  0.4115   0.6740   0.8925   1.1105   1.3575   1.6060   1.8900   2.1745   2.3960   2.6240   2.9150   3.2035   3.4355   3.6660   3.9000   4.1385   4.3625   4.5860   0.0000   0.0000   0.0000   0.0000   0.0000;
268:  0.4115   0.6740   0.8925   1.1110   1.3580   1.6060   1.8900   2.1745   2.3960   2.6245   2.9155   3.2035   3.4355   3.6660   3.8995   4.1380   4.3620   4.5860   0.0000   0.0000   0.0000   0.0000   0.0000;
269:  0.4115   0.6740   0.8925   1.1110   1.3580   1.6065   1.8905   2.1745   2.3960   2.6245   2.9155   3.2035   3.4355   3.6660   3.8995   4.1380   4.3620   4.5860   0.0000   0.0000   0.0000   0.0000   0.0000;
270:  0.4120   0.6745   0.8925   1.1110   1.3580   1.6065   1.8905   2.1745   2.3960   2.6245   2.9155   3.2035   3.4350   3.6660   3.9000   4.1380   4.3615   4.5850   0.0000   0.0000   0.0000   0.0000   0.0000;
271:  0.4120   0.6745   0.8925   1.1110   1.3580   1.6070   1.8910   2.1745   2.3960   2.6245   2.9150   3.2030   3.4350   3.6660   3.9000   4.1375   4.3610   4.5850   0.0000   0.0000   0.0000   0.0000   0.0000;
272:  0.4120   0.6745   0.8925   1.1110   1.3585   1.6075   1.8910   2.1745   2.3965   2.6250   2.9150   3.2030   3.4350   3.6660   3.9000   4.1375   4.3605   4.5845   0.0000   0.0000   0.0000   0.0000   0.0000;
273:  0.4120   0.6745   0.8925   1.1115   1.3590   1.6075   1.8910   2.1745   2.3965   2.6250   2.9150   3.2035   3.4355   3.6660   3.9005   4.1380   4.3605   4.5845   0.0000   0.0000   0.0000   0.0000   0.0000;
274:  0.4120   0.6750   0.8930   1.1115   1.3590   1.6080   1.8915   2.1745   2.3965   2.6250   2.9145   3.2030   3.4355   3.6665   3.9010   4.1380   4.3600   4.5840   0.0000   0.0000   0.0000   0.0000   0.0000;
275:  0.4120   0.6750   0.8930   1.1115   1.3590   1.6080   1.8915   2.1745   2.3965   2.6250   2.9145   3.2030   3.4360   3.6675   3.9015   4.1380   4.3600   4.5835   0.0000   0.0000   0.0000   0.0000   0.0000;
276:  0.4120   0.6750   0.8930   1.1120   1.3595   1.6085   1.8920   2.1750   2.3970   2.6250   2.9145   3.2030   3.4360   3.6675   3.9015   4.1380   4.3600   4.5840   0.0000   0.0000   0.0000   0.0000   0.0000;
277:  0.4120   0.6750   0.8930   1.1120   1.3595   1.6085   1.8920   2.1750   2.3970   2.6245   2.9135   3.2025   3.4355   3.6675   3.9020   4.1380   4.3595   4.5835   0.0000   0.0000   0.0000   0.0000   0.0000;
278:  0.4115   0.6750   0.8930   1.1120   1.3595   1.6085   1.8920   2.1750   2.3970   2.6245   2.9130   3.2015   3.4350   3.6675   3.9020   4.1375   4.3590   4.5830   0.0000   0.0000   0.0000   0.0000   0.0000;
279:  0.4115   0.6750   0.8930   1.1120   1.3595   1.6085   1.8920   2.1755   2.3975   2.6245   2.9130   3.2020   3.4360   3.6680   3.9025   4.1375   4.3580   4.5825   0.0000   0.0000   0.0000   0.0000   0.0000;
280:  0.4115   0.6750   0.8930   1.1120   1.3595   1.6085   1.8920   2.1755   2.3975   2.6245   2.9125   3.2015   3.4360   3.6680   3.9025   4.1375   4.3580   4.5825   0.0000   0.0000   0.0000   0.0000   0.0000;
281:  0.4115   0.6750   0.8930   1.1120   1.3595   1.6085   1.8920   2.1755   2.3975   2.6240   2.9115   3.2010   3.4355   3.6675   3.9025   4.1370   4.3570   4.5815   0.0000   0.0000   0.0000   0.0000   0.0000;
282:  0.4115   0.6750   0.8930   1.1120   1.3595   1.6085   1.8920   2.1755   2.3975   2.6240   2.9110   3.2005   3.4355   3.6670   3.9020   4.1370   4.3570   4.5810   0.0000   0.0000   0.0000   0.0000   0.0000;
283:  0.4120   0.6755   0.8930   1.1125   1.3600   1.6085   1.8920   2.1755   2.3975   2.6240   2.9105   3.2000   3.4355   3.6670   3.9020   4.1370   4.3570   4.5810   0.0000   0.0000   0.0000   0.0000   0.0000;
284:  0.4115   0.6760   0.8940   1.1130   1.3600   1.6085   1.8920   2.1755   2.3975   2.6240   2.9100   3.1995   3.4355   3.6665   3.9015   4.1365   4.3560   4.5800   0.0000   0.0000   0.0000   0.0000   0.0000;
285:  0.4115   0.6760   0.8940   1.1135   1.3605   1.6085   1.8920   2.1755   2.3980   2.6245   2.9100   3.1995   3.4355   3.6665   3.9015   4.1365   4.3560   4.5795   0.0000   0.0000   0.0000   0.0000   0.0000;
286:  0.4115   0.6760   0.8945   1.1140   1.3605   1.6085   1.8920   2.1755   2.3980   2.6240   2.9085   3.1980   3.4350   3.6660   3.9005   4.1360   4.3555   4.5790   0.0000   0.0000   0.0000   0.0000   0.0000;
287:  0.4115   0.6760   0.8945   1.1145   1.3610   1.6085   1.8920   2.1755   2.3980   2.6240   2.9080   3.1970   3.4345   3.6660   3.9000   4.1355   4.3550   4.5780   0.0000   0.0000   0.0000   0.0000   0.0000;
288:  0.4115   0.6760   0.8945   1.1145   1.3610   1.6085   1.8920   2.1755   2.3980   2.6240   2.9075   3.1960   3.4340   3.6660   3.8995   4.1350   4.3545   4.5775   0.0000   0.0000   0.0000   0.0000   0.0000;
289:  0.4110   0.6760   0.8945   1.1145   1.3615   1.6085   1.8915   2.1750   2.3975   2.6240   2.9070   3.1950   3.4335   3.6655   3.8990   4.1345   4.3540   4.5770   0.0000   0.0000   0.0000   0.0000   0.0000;
290:  0.4110   0.6760   0.8945   1.1145   1.3615   1.6085   1.8915   2.1750   2.3975   2.6240   2.9070   3.1945   3.4330   3.6650   3.8980   4.1340   4.3530   4.5755   0.0000   0.0000   0.0000   0.0000   0.0000;
291:  0.4110   0.6760   0.8950   1.1150   1.3615   1.6085   1.8915   2.1745   2.3970   2.6240   2.9065   3.1935   3.4325   3.6645   3.8975   4.1340   4.3515   4.5735   0.0000   0.0000   0.0000   0.0000   0.0000;
292:  0.4110   0.6760   0.8950   1.1150   1.3615   1.6080   1.8910   2.1745   2.3970   2.6235   2.9055   3.1925   3.4320   3.6640   3.8965   4.1335   4.3505   4.5720   0.0000   0.0000   0.0000   0.0000   0.0000;
293:  0.4105   0.6760   0.8950   1.1150   1.3610   1.6075   1.8905   2.1740   2.3975   2.6240   2.9055   3.1920   3.4315   3.6640   3.8955   4.1320   4.3480   4.5690   0.0000   0.0000   0.0000   0.0000   0.0000;
294:  0.4105   0.6760   0.8950   1.1150   1.3610   1.6075   1.8905   2.1735   2.3970   2.6240   2.9050   3.1910   3.4310   3.6640   3.8945   4.1310   4.3460   4.5665   0.0000   0.0000   0.0000   0.0000   0.0000;
295:  0.4105   0.6760   0.8950   1.1155   1.3615   1.6075   1.8905   2.1735   2.3970   2.6240   2.9045   3.1900   3.4305   3.6635   3.8935   4.1300   4.3430   0.0000   0.0000   0.0000   0.0000   0.0000   0.0000;
296:  0.4100   0.6760   0.8950   1.1155   1.3615   1.6075   1.8905   2.1730   2.3965   2.6240   2.9045   3.1895   3.4300   3.6635   3.8925   4.1290   4.3410   0.0000   0.0000   0.0000   0.0000   0.0000   0.0000;
297:  0.4105   0.6765   0.8950   1.1155   1.3615   1.6070   1.8900   2.1730   2.3965   2.6240   2.9045   3.1890   3.4295   3.6635   3.8925   4.1285   4.3380   0.0000   0.0000   0.0000   0.0000   0.0000   0.0000;
298:  0.4105   0.6765   0.8950   1.1155   1.3615   1.6070   1.8895   2.1720   2.3960   2.6240   2.9045   3.1885   3.4290   3.6635   3.8920   4.1275   4.3350   0.0000   0.0000   0.0000   0.0000   0.0000   0.0000;
299:  0.4100   0.6770   0.8960   1.1160   1.3615   1.6070   1.8895   2.1720   2.3960   2.6240   2.9040   3.1875   3.4285   3.6630   3.8905   4.1260   4.3320   0.0000   0.0000   0.0000   0.0000   0.0000   0.0000;
300:  0.4100   0.6770   0.8960   1.1160   1.3615   1.6070   1.8895   2.1720   2.3960   2.6240   2.9040   3.1870   3.4275   3.6620   3.8890   4.1250   4.3295   0.0000   0.0000   0.0000   0.0000   0.0000   0.0000;
301:  0.4100   0.6770   0.8960   1.1160   1.3615   1.6070   1.8895   2.1720   2.3955   2.6230   2.9035   3.1870   3.4275   3.6615   3.8875   4.1235   4.3265   0.0000   0.0000   0.0000   0.0000   0.0000   0.0000;
302:  0.4095   0.6770   0.8960   1.1160   1.3615   1.6070   1.8895   2.1720   2.3955   2.6230   2.9035   3.1865   3.4265   3.6605   3.8865   4.1220   4.3235   0.0000   0.0000   0.0000   0.0000   0.0000   0.0000;
303:  0.4095   0.6770   0.8960   1.1160   1.3615   1.6065   1.8890   2.1720   2.3955   2.6225   2.9025   3.1860   3.4260   3.6600   3.8860   4.1205   4.3205   0.0000   0.0000   0.0000   0.0000   0.0000   0.0000;
304:  0.4095   0.6770   0.8960   1.1160   1.3615   1.6065   1.8885   2.1715   2.3955   2.6225   2.9025   3.1860   3.4260   3.6595   3.8855   4.1195   4.3175   0.0000   0.0000   0.0000   0.0000   0.0000   0.0000;
305:  0.4095   0.6775   0.8960   1.1160   1.3615   1.6065   1.8885   2.1715   2.3950   2.6215   2.9020   3.1860   3.4255   3.6585   3.8850   4.1185   4.3150   0.0000   0.0000   0.0000   0.0000   0.0000   0.0000;
306:  0.4095   0.6775   0.8960   1.1160   1.3615   1.6065   1.8880   2.1710   2.3945   2.6210   2.9020   3.1860   3.4250   3.6575   3.8840   4.1170   4.3130   0.0000   0.0000   0.0000   0.0000   0.0000   0.0000;
307:  0.4090   0.6775   0.8965   1.1165   1.3615   1.6065   1.8880   2.1710   2.3945   2.6205   2.9015   3.1860   3.4245   3.6565   3.8835   4.1160   4.3110   0.0000   0.0000   0.0000   0.0000   0.0000   0.0000;
308:  0.4090   0.6775   0.8965   1.1165   1.3620   1.6065   1.8875   2.1710   2.3945   2.6200   2.9010   3.1860   3.4240   3.6550   3.8825   4.1150   4.3090   0.0000   0.0000   0.0000   0.0000   0.0000   0.0000;
309:  0.4090   0.6775   0.8965   1.1165   1.3620   1.6065   1.8870   2.1705   2.3940   2.6190   2.9005   3.1855   3.4230   3.6540   3.8810   4.1135   4.3080   0.0000   0.0000   0.0000   0.0000   0.0000   0.0000;
310:  0.4085   0.6780   0.8975   1.1170   1.3620   1.6065   1.8870   2.1705   2.3940   2.6185   2.9000   3.1855   3.4225   3.6530   3.8805   4.1125   4.3070   0.0000   0.0000   0.0000   0.0000   0.0000   0.0000;
311:  0.4085   0.6780   0.8975   1.1175   1.3625   1.6065   1.8870   2.1705   2.3935   2.6180   2.9000   3.1855   3.4220   3.6520   3.8795   4.1115   4.3075   0.0000   0.0000   0.0000   0.0000   0.0000   0.0000;
312:  0.4085   0.6785   0.8975   1.1175   1.3630   1.6070   1.8870   2.1705   2.3935   2.6175   2.8995   3.1855   3.4210   3.6505   3.8790   4.1105   4.3075   0.0000   0.0000   0.0000   0.0000   0.0000   0.0000;
313:  0.4085   0.6785   0.8975   1.1175   1.3630   1.6070   1.8870   2.1705   2.3935   2.6170   2.8995   3.1860   3.4205   3.6495   3.8785   4.1100   4.3085   0.0000   0.0000   0.0000   0.0000   0.0000   0.0000;
314:  0.4085   0.6785   0.8980   1.1180   1.3630   1.6070   1.8865   2.1705   2.3940   2.6170   2.8995   3.1860   3.4205   3.6490   3.8780   4.1095   4.3095   0.0000   0.0000   0.0000   0.0000   0.0000   0.0000;
315:  0.4080   0.6785   0.8980   1.1180   1.3635   1.6075   1.8870   2.1710   2.3940   2.6165   2.8995   3.1860   3.4190   3.6475   3.8775   4.1085   4.3100   0.0000   0.0000   0.0000   0.0000   0.0000   0.0000;
316:  0.4085   0.6790   0.8980   1.1180   1.3635   1.6075   1.8870   2.1710   2.3940   2.6165   2.8995   3.1860   3.4185   3.6465   3.8770   4.1080   4.3110   0.0000   0.0000   0.0000   0.0000   0.0000   0.0000;
317:  0.4080   0.6790   0.8985   1.1190   1.3640   1.6075   1.8870   2.1710   2.3940   2.6165   2.9000   3.1865   3.4185   3.6460   3.8765   4.1075   4.3120   0.0000   0.0000   0.0000   0.0000   0.0000   0.0000;
318:  0.4080   0.6790   0.8985   1.1190   1.3640   1.6075   1.8875   2.1715   2.3940   2.6160   2.9000   3.1865   3.4175   3.6450   3.8760   4.1075   4.3130   4.5135   0.0000   4.9090   0.0000   0.0000   0.0000;
319:  0.4080   0.6795   0.8990   1.1190   1.3640   1.6075   1.8875   2.1715   2.3940   2.6160   2.9010   3.1875   3.4170   3.6445   3.8760   4.1075   4.3145   4.5125   0.0000   4.9170   0.0000   0.0000   0.0000;
320:  0.4080   0.6800   0.8995   1.1195   1.3640   1.6075   1.8880   2.1720   2.3940   2.6160   2.9010   3.1875   3.4170   3.6445   3.8765   4.1075   4.3150   4.5120   0.0000   4.9265   0.0000   0.0000   0.0000;
321:  0.4080   0.6800   0.8995   1.1200   1.3650   1.6080   1.8880   2.1720   2.3940   2.6160   2.9015   3.1875   3.4165   3.6445   3.8765   4.1075   4.3160   4.5115   0.0000   4.9355   0.0000   0.0000   0.0000;
322:  0.4080   0.6800   0.9000   1.1205   1.3650   1.6080   1.8885   2.1725   2.3940   2.6160   2.9015   3.1870   3.4160   3.6440   3.8760   4.1070   4.3170   4.5120   0.0000   4.9455   0.0000   0.0000   0.0000;
323:  0.4080   0.6805   0.9000   1.1205   1.3650   1.6085   1.8895   2.1730   2.3945   2.6170   2.9025   3.1875   3.4160   3.6435   3.8755   4.1070   4.3180   4.5120   0.0000   4.9560   0.0000   0.0000   0.0000;
324:  0.4080   0.6810   0.9005   1.1210   1.3655   1.6085   1.8900   2.1735   2.3945   2.6170   2.9030   3.1875   3.4150   3.6430   3.8755   4.1070   4.3190   4.5125   0.0000   4.9665   0.0000   0.0000   0.0000;
325:  0.4075   0.6810   0.9010   1.1215   1.3655   1.6090   1.8910   2.1740   2.3945   2.6170   2.9030   3.1875   3.4150   3.6430   3.8760   4.1075   4.3200   4.5135   0.0000   4.9770   0.0000   0.0000   0.0000;
326:  0.4080   0.6815   0.9010   1.1215   1.3655   1.6090   1.8910   2.1740   2.3945   2.6170   2.9035   3.1875   3.4145   3.6430   3.8760   4.1075   4.3215   4.5155   0.0000   4.9880   0.0000   0.0000   0.0000;
327:  0.4080   0.6815   0.9010   1.1220   1.3660   1.6095   1.8920   2.1745   2.3945   2.6175   2.9040   3.1875   3.4145   3.6430   3.8760   4.1070   4.3220   4.5170   0.0000   4.9990   0.0000   0.0000   0.0000;
328:  0.4075   0.6815   0.9010   1.1220   1.3660   1.6095   1.8920   2.1745   2.3945   2.6175   2.9040   3.1875   3.4145   3.6430   3.8765   4.1075   4.3230   4.5195   4.7445   5.0095   0.0000   0.0000   0.0000;
329:  0.4080   0.6825   0.9015   1.1220   1.3665   1.6105   1.8930   2.1750   2.3945   2.6175   2.9040   3.1870   3.4145   3.6435   3.8765   4.1075   4.3250   4.5225   4.7500   5.0200   0.0000   0.0000   0.0000;
330:  0.4075   0.6825   0.9020   1.1225   1.3665   1.6105   1.8930   2.1750   2.3945   2.6175   2.9040   3.1870   3.4145   3.6435   3.8765   4.1075   4.3260   4.5250   4.7555   5.0305   0.0000   0.0000   0.0000;
331:  0.4075   0.6825   0.9020   1.1230   1.3670   1.6110   1.8935   2.1750   2.3945   2.6175   2.9040   3.1870   3.4145   3.6435   3.8760   4.1070   4.3275   4.5290   4.7625   5.0405   0.0000   0.0000   0.0000;
332:  0.4075   0.6825   0.9020   1.1230   1.3670   1.6115   1.8940   2.1750   2.3945   2.6175   2.9040   3.1870   3.4145   3.6435   3.8760   4.1070   4.3285   4.5325   4.7690   5.0500   0.0000   0.0000   0.0000;
333:  0.4075   0.6835   0.9030   1.1240   1.3680   1.6125   1.8950   2.1760   2.3950   2.6175   2.9040   3.1870   3.4150   3.6440   3.8765   4.1075   4.3295   4.5360   4.7760   5.0595   0.0000   0.0000   0.0000;
334:  0.4075   0.6835   0.9030   1.1240   1.3680   1.6130   1.8955   2.1760   2.3950   2.6175   2.9035   3.1865   3.4150   3.6440   3.8765   4.1075   4.3305   4.5400   4.7835   5.0685   0.0000   0.0000   0.0000;
335:  0.4070   0.6835   0.9030   1.1240   1.3685   1.6135   1.8950   2.1755   2.3950   2.6180   2.9040   3.1865   3.4150   3.6445   3.8770   4.1080   4.3320   4.5440   4.7905   5.0760   0.0000   0.0000   0.0000;
336:  0.4070   0.6835   0.9030   1.1240   1.3685   1.6140   1.8955   2.1760   2.3960   2.6185   2.9040   3.1865   3.4150   3.6445   3.8770   4.1080   4.3335   4.5490   4.7980   5.0830   0.0000   0.0000   0.0000;
337:  0.4070   0.6840   0.9035   1.1240   1.3685   1.6145   1.8960   2.1760   2.3960   2.6185   2.9040   3.1865   3.4150   3.6450   3.8780   4.1090   4.3355   4.5540   4.8055   5.0895   0.0000   0.0000   0.0000;
338:  0.4070   0.6845   0.9035   1.1245   1.3695   1.6155   1.8965   2.1760   2.3960   2.6185   2.9040   3.1865   3.4155   3.6455   3.8780   4.1090   4.3370   4.5590   4.8125   5.0945   0.0000   0.0000   0.0000;
339:  0.4070   0.6845   0.9035   1.1245   1.3695   1.6160   1.8965   2.1755   2.3960   2.6185   2.9045   3.1870   3.4155   3.6455   3.8780   4.1095   4.3385   4.5645   4.8210   5.0995   0.0000   0.0000   0.0000;
340:  0.4065   0.6845   0.9035   1.1245   1.3695   1.6160   1.8965   2.1760   2.3965   2.6185   2.9045   3.1870   3.4160   3.6460   3.8785   4.1105   4.3400   4.5690   4.8280   5.1040   0.0000   0.0000   0.0000;
341:  0.4065   0.6850   0.9045   1.1250   1.3700   1.6165   1.8960   2.1755   2.3965   2.6185   2.9045   3.1870   3.4155   3.6460   3.8795   4.1115   4.3410   4.5725   4.8340   5.1085   0.0000   0.0000   0.0000;
342:  0.4070   0.6855   0.9045   1.1250   1.3700   1.6170   1.8965   2.1755   2.3965   2.6185   2.9050   3.1875   3.4160   3.6470   3.8800   4.1125   4.3430   4.5765   4.8405   5.1130   0.0000   0.0000   0.0000;
343:  0.4065   0.6855   0.9045   1.1255   1.3705   1.6170   1.8965   2.1755   2.3965   2.6185   2.9050   3.1875   3.4160   3.6475   3.8810   4.1145   4.3455   4.5805   4.8475   5.1175   0.0000   0.0000   0.0000;
344:  0.4065   0.6855   0.9045   1.1255   1.3710   1.6175   1.8965   2.1760   2.3975   2.6190   2.9050   3.1875   3.4165   3.6480   3.8815   4.1160   4.3475   4.5840   4.8530   5.1215   0.0000   0.0000   0.0000;
345:  0.4060   0.6860   0.9050   1.1255   1.3710   1.6175   1.8970   2.1765   2.3975   2.6190   2.9055   3.1880   3.4165   3.6480   3.8820   4.1180   4.3500   4.5870   4.8580   5.1255   0.0000   0.0000   0.0000;
346:  0.4060   0.6860   0.9050   1.1255   1.3710   1.6175   1.8970   2.1765   2.3980   2.6195   2.9055   3.1885   3.4175   3.6485   3.8825   4.1195   4.3520   4.5905   4.8630   5.1290   0.0000   0.0000   0.0000;
347:  0.4060   0.6860   0.9055   1.1260   1.3715   1.6180   1.8975   2.1770   2.3980   2.6195   2.9055   3.1890   3.4180   3.6490   3.8840   4.1215   4.3540   4.5935   4.8680   5.1335   0.0000   0.0000   0.0000;
348:  0.4055   0.6860   0.9055   1.1260   1.3715   1.6180   1.8980   2.1780   2.3990   2.6205   2.9065   3.1900   3.4190   3.6500   3.8850   4.1230   4.3565   4.5965   4.8720   5.1370   0.0000   0.0000   0.0000;
349:  0.4055   0.6865   0.9060   1.1265   1.3720   1.6180   1.8985   2.1785   2.3990   2.6205   2.9065   3.1900   3.4190   3.6505   3.8865   4.1255   4.3590   4.5995   4.8760   5.1405   0.0000   0.0000   0.0000;
350:  0.4055   0.6865   0.9060   1.1265   1.3720   1.6175   1.8985   2.1790   2.3995   2.6210   2.9070   3.1910   3.4205   3.6520   3.8880   4.1280   4.3620   4.6025   4.8795   5.1445   0.0000   0.0000   0.0000;
351:  0.4050   0.6865   0.9060   1.1265   1.3725   1.6180   1.8990   2.1800   2.4005   2.6220   2.9080   3.1920   3.4215   3.6530   3.8895   4.1300   4.3645   4.6050   4.8820   5.1475   0.0000   0.0000   0.0000;
352:  0.4050   0.6865   0.9060   1.1265   1.3725   1.6175   1.8995   2.1810   2.4005   2.6220   2.9080   3.1925   3.4225   3.6540   3.8910   4.1325   4.3675   4.6075   4.8850   5.1510   0.0000   0.0000   0.0000;
353:  0.4045   0.6865   0.9060   1.1265   1.3725   1.6170   1.9000   2.1820   2.4010   2.6230   2.9090   3.1935   3.4235   3.6550   3.8925   4.1345   4.3700   4.6100   4.8870   0.0000   0.0000   0.0000   0.0000;
354:  0.4045   0.6865   0.9060   1.1265   1.3725   1.6170   1.9005   2.1825   2.4010   2.6235   2.9100   3.1945   3.4240   3.6560   3.8945   4.1370   4.3735   4.6130   4.8895   0.0000   0.0000   0.0000   0.0000;
355:  0.4045   0.6865   0.9060   1.1265   1.3725   1.6165   1.9010   2.1835   2.4015   2.6240   2.9105   3.1955   3.4255   3.6575   3.8960   4.1390   4.3765   4.6160   4.8915   0.0000   0.0000   0.0000   0.0000;
356:  0.4040   0.6865   0.9060   1.1265   1.3725   1.6165   1.9015   2.1840   2.4015   2.6245   2.9115   3.1965   3.4265   3.6590   3.8980   4.1415   4.3795   4.6190   4.8945   0.0000   0.0000   0.0000   0.0000;
357:  0.4040   0.6870   0.9065   1.1265   1.3725   1.6160   1.9015   2.1845   2.4020   2.6250   2.9120   3.1975   3.4275   3.6610   3.9010   4.1440   4.3815   4.6210   4.8965   0.0000   0.0000   0.0000   0.0000;
358:  0.4035   0.6870   0.9065   1.1265   1.3725   1.6160   1.9020   2.1850   2.4020   2.6255   2.9130   3.1985   3.4290   3.6630   3.9030   4.1465   4.3850   4.6235   4.8980   0.0000   0.0000   0.0000   0.0000;
359:  0.4035   0.6870   0.9065   1.1265   1.3725   1.6160   1.9025   2.1855   2.4025   2.6265   2.9140   3.2000   3.4305   3.6645   3.9055   4.1490   4.3875   4.6260   4.8995   0.0000   0.0000   0.0000   0.0000;
#AFTER_DB_V3;
000:  0.2290   0.5780   0.7960   1.0170   1.2360   1.5090   1.7230   2.0820   2.2900   2.5160   2.7370   3.0920   3.3100   3.5530   3.7790   4.0370   4.2660   4.5150   4.7430   0.0000   0.0000   0.0000   0.0000;
001:  0.2280   0.5780   0.7960   1.0170   1.2360   1.5100   1.7220   2.0820   2.2900   2.5170   2.7380   3.0940   3.3110   3.5540   3.7820   4.0400   4.2680   4.5180   4.7450   0.0000   0.0000   0.0000   0.0000;
002:  0.2280   0.5780   0.7960   1.0170   1.2360   1.5100   1.7220   2.0830   2.2900   2.5180   2.7390   3.0950   3.3130   3.5550   3.7840   4.0420   4.2700   4.5210   4.7470   0.0000   0.0000   0.0000   0.0000;
003:  0.2270   0.5780   0.7960   1.0170   1.2360   1.5100   1.7230   2.0820   2.2910   2.5180   2.7390   3.0960   3.3140   3.5570   3.7860   4.0450   4.2710   4.5230   4.7490   0.0000   0.0000   0.0000   0.0000;
004:  0.2270   0.5780   0.7960   1.0170   1.2360   1.5100   1.7230   2.0820   2.2910   2.5190   2.7400   3.0980   3.3160   3.5580   3.7890   4.0490   4.2730   4.5250   4.7500   0.0000   0.0000   0.0000   0.0000;
005:  0.2270   0.5780   0.7960   1.0170   1.2360   1.5100   1.7230   2.0820   2.2910   2.5190   2.7400   3.1000   3.3180   3.5600   3.7910   4.0510   4.2740   4.5280   4.7520   0.0000   0.0000   0.0000   0.0000;
006:  0.2260   0.5780   0.7960   1.0170   1.2360   1.5100   1.7240   2.0810   2.2910   2.5200   2.7410   3.1010   3.3200   3.5620   3.7930   4.0540   4.2760   4.5300   4.7530   0.0000   0.0000   0.0000   0.0000;
007:  0.2260   0.5780   0.7960   1.0170   1.2360   1.5100   1.7240   2.0800   2.2910   2.5200   2.7410   3.1030   3.3210   3.5640   3.7950   4.0570   4.2790   4.5320   4.7550   0.0000   0.0000   0.0000   0.0000;
008:  0.2250   0.5780   0.7960   1.0160   1.2360   1.5100   1.7240   2.0790   2.2910   2.5200   2.7420   3.1040   3.3230   3.5660   3.7980   4.0600   4.2810   4.5340   4.7560   0.0000   0.0000   0.0000   0.0000;
009:  0.2250   0.5780   0.7960   1.0160   1.2360   1.5110   1.7250   2.0780   2.2910   2.5210   2.7420   3.1050   3.3250   3.5670   3.8000   4.0620   4.2830   4.5360   4.7570   0.0000   0.0000   0.0000   0.0000;
010:  0.2250   0.5780   0.7960   1.0160   1.2360   1.5110   1.7250   2.0760   2.2910   2.5210   2.7430   3.1060   3.3270   3.5690   3.8030   4.0650   4.2850   4.5390   4.7590   0.0000   0.0000   0.0000   0.0000;
011:  0.2240   0.5780   0.7960   1.0160   1.2360   1.5110   1.7250   2.0750   2.2920   2.5210   2.7430   3.1080   3.3290   3.5700   3.8050   4.0670   4.2870   4.5410   4.7600   0.0000   0.0000   0.0000   0.0000;
012:  0.2240   0.5780   0.7950   1.0160   1.2360   1.5110   1.7250   2.0740   2.2920   2.5220   2.7440   3.1090   3.3310   3.5710   3.8070   4.0690   4.2890   4.5440   4.7600   0.0000   0.0000   0.0000   0.0000;
013:  0.2240   0.5780   0.7950   1.0160   1.2360   1.5110   1.7260   2.0740   2.2920   2.5220   2.7440   3.1100   3.3330   3.5730   3.8090   4.0710   4.2910   4.5460   4.7610   0.0000   0.0000   0.0000   0.0000;
014:  0.2240   0.5770   0.7950   1.0160   1.2360   1.5110   1.7260   2.0730   2.2920   2.5230   2.7450   3.1110   3.3360   3.5740   3.8120   4.0730   4.2920   4.5480   4.7610   0.0000   0.0000   0.0000   0.0000;
015:  0.2230   0.5770   0.7950   1.0160   1.2360   1.5120   1.7260   2.0730   2.2920   2.5230   2.7450   3.1120   3.3380   3.5750   3.8150   4.0750   4.2940   0.0000   0.0000   0.0000   0.0000   0.0000   0.0000;
016:  0.2230   0.5770   0.7950   1.0160   1.2360   1.5120   1.7260   2.0730   2.2920   2.5230   2.7460   3.1130   3.3400   3.5760   3.8170   4.0770   4.2940   0.0000   0.0000   0.0000   0.0000   0.0000   0.0000;
017:  0.2230   0.5770   0.7950   1.0160   1.2360   1.5120   1.7260   2.0730   2.2920   2.5240   2.7470   3.1140   3.3420   3.5760   3.8190   4.0780   4.2940   0.0000   0.0000   0.0000   0.0000   0.0000   0.0000;
018:  0.2220   0.5770   0.7940   1.0160   1.2360   1.5120   1.7250   2.0730   2.2920   2.5240   2.7470   3.1150   3.3430   3.5770   3.8210   4.0790   4.2950   0.0000   0.0000   0.0000   0.0000   0.0000   0.0000;
019:  0.2220   0.5770   0.7940   1.0150   1.2360   1.5120   1.7250   2.0730   2.2920   2.5240   2.7480   3.1150   3.3450   3.5770   3.8230   4.0790   4.2950   0.0000   0.0000   0.0000   0.0000   0.0000   0.0000;
020:  0.2220   0.5770   0.7940   1.0150   1.2360   1.5120   1.7250   2.0730   2.2920   2.5240   2.7490   3.1150   3.3460   3.5780   3.8240   4.0790   4.2950   0.0000   0.0000   0.0000   0.0000   0.0000   0.0000;
021:  0.2210   0.5770   0.7940   1.0150   1.2360   1.5120   1.7250   2.0730   2.2920   2.5240   2.7490   3.1150   3.3480   3.5790   3.8260   4.0790   4.2950   0.0000   0.0000   0.0000   0.0000   0.0000   0.0000;
022:  0.2210   0.5770   0.7930   1.0150   1.2360   1.5120   1.7240   2.0730   2.2910   2.5240   2.7490   3.1140   3.3490   3.5800   3.8280   4.0780   4.2940   0.0000   0.0000   0.0000   0.0000   0.0000   0.0000;
023:  0.2210   0.5770   0.7930   1.0150   1.2360   1.5120   1.7240   2.0730   2.2910   2.5240   2.7500   3.1130   3.3510   3.5800   3.8290   4.0770   4.2940   0.0000   0.0000   0.0000   0.0000   0.0000   0.0000;
024:  0.2210   0.5770   0.7930   1.0150   1.2360   1.5120   1.7240   2.0730   2.2910   2.5240   2.7500   3.1110   3.3510   3.5800   3.8310   4.0750   4.2930   0.0000   0.0000   0.0000   0.0000   0.0000   0.0000;
025:  0.2200   0.5760   0.7930   1.0150   1.2360   1.5110   1.7240   2.0730   2.2910   2.5240   2.7500   3.1100   3.3510   3.5810   3.8330   4.0740   4.2930   0.0000   0.0000   0.0000   0.0000   0.0000   0.0000;
026:  0.2200   0.5760   0.7920   1.0150   1.2360   1.5110   1.7230   2.0730   2.2900   2.5240   2.7500   3.1080   3.3510   3.5820   3.8350   4.0730   4.2920   0.0000   0.0000   0.0000   0.0000   0.0000   0.0000;
027:  0.2200   0.5760   0.7920   1.0140   1.2350   1.5110   1.7220   2.0730   2.2900   2.5240   2.7500   3.1050   3.3520   3.5840   3.8360   4.0720   0.0000   0.0000   0.0000   0.0000   0.0000   0.0000   0.0000;
028:  0.2200   0.5760   0.7920   1.0140   1.2350   1.5100   1.7220   2.0730   2.2900   2.5240   2.7490   3.1030   3.3520   3.5850   3.8350   4.0720   0.0000   0.0000   0.0000   0.0000   0.0000   0.0000   0.0000;
029:  0.2200   0.5760   0.7910   1.0130   1.2340   1.5100   1.7220   2.0730   2.2890   2.5230   2.7490   3.1010   3.3520   3.5870   3.8360   4.0720   0.0000   0.0000   0.0000   0.0000   0.0000   0.0000   0.0000;
030:  0.2190   0.5760   0.7910   1.0130   1.2340   1.5090   1.7220   2.0720   2.2890   2.5230   2.7490   3.0980   3.3530   3.5880   3.8360   4.0730   0.0000   0.0000   0.0000   0.0000   0.0000   0.0000   0.0000;
031:  0.2190   0.5760   0.7910   1.0130   1.2330   1.5090   1.7210   2.0720   2.2890   2.5220   2.7480   3.0960   3.3540   3.5900   3.8370   4.0740   0.0000   0.0000   0.0000   0.0000   0.0000   0.0000   0.0000;
032:  0.2190   0.5760   0.7910   1.0120   1.2330   1.5080   1.7210   2.0720   2.2880   2.5220   2.7470   3.0930   3.3540   3.5920   3.8380   4.0760   0.0000   0.0000   0.0000   0.0000   0.0000   0.0000   0.0000;
033:  0.2190   0.5750   0.7900   1.0120   1.2330   1.5080   1.7200   2.0720   2.2880   2.5220   2.7450   3.0910   3.3540   3.5930   3.8390   4.0790   0.0000   0.0000   0.0000   0.0000   0.0000   0.0000   0.0000;
034:  0.2190   0.5750   0.7900   1.0110   1.2320   1.5070   1.7200   2.0720   2.2880   2.5220   2.7430   3.0880   3.3530   3.5950   3.8400   4.0820   0.0000   0.0000   0.0000   0.0000   0.0000   0.0000   0.0000;
035:  0.2180   0.5750   0.7900   1.0110   1.2320   1.5070   1.7190   2.0720   2.2870   2.5220   2.7400   3.0850   3.3530   3.5960   3.8410   4.0850   0.0000   0.0000   0.0000   0.0000   0.0000   0.0000   0.0000;
036:  0.2180   0.5750   0.7890   1.0110   1.2310   1.5060   1.7190   2.0710   2.2870   2.5210   2.7360   3.0830   3.3530   3.5980   3.8430   4.0880   0.0000   0.0000   0.0000   0.0000   0.0000   0.0000   0.0000;
037:  0.2180   0.5750   0.7890   1.0100   1.2310   1.5050   1.7180   2.0710   2.2870   2.5210   2.7330   3.0810   3.3520   3.5990   3.8440   4.0920   0.0000   0.0000   0.0000   0.0000   0.0000   0.0000   0.0000;
038:  0.2180   0.5750   0.7890   1.0100   1.2300   1.5050   1.7180   2.0710   2.2870   2.5210   2.7300   3.0790   3.3530   3.6000   3.8450   4.0960   0.0000   0.0000   0.0000   0.0000   0.0000   0.0000   0.0000;
039:  0.2180   0.5750   0.7890   1.0100   1.2290   1.5040   1.7170   2.0700   2.2870   2.5210   2.7270   3.0790   3.3530   3.6020   3.8470   4.1000   0.0000   0.0000   0.0000   0.0000   0.0000   0.0000   0.0000;
040:  0.2180   0.5740   0.7880   1.0090   1.2290   1.5030   1.7170   2.0700   2.2860   2.5200   2.7250   3.0780   3.3530   3.6020   3.8490   4.1040   0.0000   0.0000   0.0000   0.0000   0.0000   0.0000   0.0000;
041:  0.2180   0.5740   0.7880   1.0090   1.2280   1.5030   1.7170   2.0690   2.2860   2.5200   2.7230   3.0770   3.3530   3.6020   3.8500   4.1070   0.0000   0.0000   0.0000   0.0000   0.0000   0.0000   0.0000;
042:  0.2180   0.5740   0.7880   1.0090   1.2280   1.5020   1.7170   2.0690   2.2860   2.5200   2.7200   3.0760   3.3530   3.6020   3.8510   0.0000   0.0000   0.0000   0.0000   0.0000   0.0000   0.0000   0.0000;
043:  0.2180   0.5740   0.7870   1.0090   1.2270   1.5010   1.7160   2.0690   2.2860   2.5200   2.7190   3.0760   3.3520   3.6020   3.8520   0.0000   0.0000   0.0000   0.0000   0.0000   0.0000   0.0000   0.0000;
044:  0.2170   0.5740   0.7870   1.0090   1.2270   1.5010   1.7160   2.0680   2.2850   2.5200   2.7180   3.0770   3.3530   3.6020   3.8530   0.0000   0.0000   0.0000   0.0000   0.0000   0.0000   0.0000   0.0000;
045:  0.2170   0.5730   0.7870   1.0090   1.2260   1.5000   1.7160   2.0670   2.2850   2.5200   2.7170   3.0770   3.3530   3.6010   0.0000   0.0000   0.0000   0.0000   0.0000   0.0000   0.0000   0.0000   0.0000;
046:  0.2170   0.5730   0.7870   1.0090   1.2260   1.5000   1.7160   2.0670   2.2850   2.5190   2.7160   3.0770   3.3520   0.0000   0.0000   0.0000   0.0000   0.0000   0.0000   0.0000   0.0000   0.0000   0.0000;
047:  0.2170   0.5730   0.7860   1.0080   1.2250   1.4990   1.7160   2.0660   2.2840   2.5190   2.7160   3.0780   3.3510   0.0000   0.0000   0.0000   0.0000   0.0000   0.0000   0.0000   0.0000   0.0000   0.0000;
048:  0.2170   0.5730   0.7860   1.0080   1.2250   1.4980   1.7150   2.0650   2.2840   2.5190   2.7160   3.0780   3.3500   0.0000   0.0000   0.0000   0.0000   0.0000   0.0000   0.0000   0.0000   0.0000   0.0000;
049:  0.2170   0.5730   0.7860   1.0080   1.2250   1.4980   1.7150   2.0640   2.2830   2.5190   2.7170   3.0790   3.3480   0.0000   0.0000   0.0000   0.0000   0.0000   0.0000   0.0000   0.0000   0.0000   0.0000;
050:  0.2170   0.5720   0.7850   1.0080   1.2240   1.4980   1.7150   2.0640   2.2820   2.5180   2.7180   3.0790   3.3450   0.0000   0.0000   0.0000   0.0000   0.0000   0.0000   0.0000   0.0000   0.0000   0.0000;
051:  0.2170   0.5720   0.7850   1.0070   1.2240   1.4970   1.7150   2.0630   2.2810   2.5180   2.7200   3.0790   3.3420   0.0000   0.0000   0.0000   0.0000   0.0000   0.0000   0.0000   0.0000   0.0000   0.0000;
052:  0.2170   0.5720   0.7850   1.0070   1.2240   1.4960   1.7140   2.0620   2.2800   2.5170   2.7220   3.0800   3.3390   0.0000   0.0000   0.0000   0.0000   0.0000   0.0000   0.0000   0.0000   0.0000   0.0000;
053:  0.2170   0.5720   0.7850   1.0060   1.2240   1.4960   1.7140   2.0620   2.2800   2.5170   2.7250   3.0800   3.3360   0.0000   0.0000   0.0000   0.0000   0.0000   0.0000   0.0000   0.0000   0.0000   0.0000;
054:  0.2170   0.5720   0.7850   1.0060   1.2230   1.4950   1.7140   2.0610   2.2800   2.5160   2.7270   3.0810   3.3320   0.0000   0.0000   0.0000   0.0000   0.0000   0.0000   0.0000   0.0000   0.0000   0.0000;
055:  0.2170   0.5710   0.7840   1.0050   1.2230   1.4950   1.7140   2.0600   2.2790   2.5150   2.7300   3.0810   3.3280   0.0000   0.0000   0.0000   0.0000   0.0000   0.0000   0.0000   0.0000   0.0000   0.0000;
056:  0.2170   0.5710   0.7840   1.0050   1.2220   1.4950   1.7140   2.0600   2.2770   2.5140   2.7330   3.0820   3.3240   0.0000   0.0000   0.0000   0.0000   0.0000   0.0000   0.0000   0.0000   0.0000   0.0000;
057:  0.2160   0.5710   0.7840   1.0040   1.2220   1.4940   1.7130   2.0590   2.2760   2.5140   2.7350   3.0810   3.3200   0.0000   0.0000   0.0000   0.0000   0.0000   0.0000   0.0000   0.0000   0.0000   0.0000;
058:  0.2160   0.5710   0.7840   1.0040   1.2220   1.4930   1.7130   2.0590   2.2750   2.5130   2.7360   3.0810   3.3150   0.0000   0.0000   0.0000   0.0000   0.0000   0.0000   0.0000   0.0000   0.0000   0.0000;
059:  0.2160   0.5710   0.7840   1.0040   1.2220   1.4930   1.7120   2.0580   2.2750   2.5130   2.7370   3.0800   3.3090   0.0000   0.0000   0.0000   0.0000   0.0000   0.0000   0.0000   0.0000   0.0000   0.0000;
060:  0.2160   0.5710   0.7840   1.0030   1.2210   1.4920   1.7120   2.0580   2.2730   2.5130   2.7380   3.0790   3.3040   0.0000   0.0000   0.0000   0.0000   0.0000   0.0000   0.0000   0.0000   0.0000   0.0000;
061:  0.2160   0.5700   0.7830   1.0030   1.2210   1.4920   1.7110   2.0580   2.2730   2.5120   2.7380   3.0780   0.0000   0.0000   0.0000   0.0000   0.0000   0.0000   0.0000   0.0000   0.0000   0.0000   0.0000;
062:  0.2160   0.5700   0.7830   1.0020   1.2200   1.4910   1.7110   2.0570   2.2720   2.5110   2.7380   3.0760   0.0000   0.0000   0.0000   0.0000   0.0000   0.0000   0.0000   0.0000   0.0000   0.0000   0.0000;
063:  0.2160   0.5700   0.7830   1.0020   1.2200   1.4900   1.7100   2.0560   2.2710   2.5110   2.7380   3.0740   0.0000   0.0000   0.0000   0.0000   0.0000   0.0000   0.0000   0.0000   0.0000   0.0000   0.0000;
064:  0.2160   0.5700   0.7830   1.0020   1.2190   1.4900   1.7100   2.0560   2.2700   2.5110   2.7380   3.0710   0.0000   0.0000   0.0000   0.0000   0.0000   0.0000   0.0000   0.0000   0.0000   0.0000   0.0000;
065:  0.2160   0.5700   0.7820   1.0020   1.2190   1.4890   1.7090   2.0550   2.2690   2.5110   2.7380   3.0680   0.0000   0.0000   0.0000   0.0000   0.0000   0.0000   0.0000   0.0000   0.0000   0.0000   0.0000;
066:  0.2160   0.5700   0.7820   1.0020   1.2180   1.4890   1.7090   2.0550   2.2680   2.5120   2.7380   3.0640   0.0000   0.0000   0.0000   0.0000   0.0000   0.0000   0.0000   0.0000   0.0000   0.0000   0.0000;
067:  0.2160   0.5690   0.7820   1.0010   1.2180   1.4880   1.7090   2.0540   2.2680   2.5120   2.7370   3.0600   0.0000   0.0000   0.0000   0.0000   0.0000   0.0000   0.0000   0.0000   0.0000   0.0000   0.0000;
068:  0.2160   0.5690   0.7820   1.0010   1.2170   1.4870   1.7080   2.0530   2.2670   2.5140   2.7360   3.0550   0.0000   0.0000   0.0000   0.0000   0.0000   0.0000   0.0000   0.0000   0.0000   0.0000   0.0000;
069:  0.2160   0.5690   0.7820   1.0010   1.2170   1.4860   1.7080   2.0530   2.2670   2.5150   2.7350   3.0510   0.0000   0.0000   0.0000   0.0000   0.0000   0.0000   0.0000   0.0000   0.0000   0.0000   0.0000;
070:  0.2160   0.5690   0.7810   1.0010   1.2160   1.4860   1.7070   2.0520   2.2660   2.5160   2.7340   3.0450   0.0000   0.0000   0.0000   0.0000   0.0000   0.0000   0.0000   0.0000   0.0000   0.0000   0.0000;
071:  0.2160   0.5690   0.7810   1.0010   1.2160   1.4850   1.7070   2.0510   2.2640   2.5170   2.7330   3.0400   0.0000   0.0000   0.0000   0.0000   0.0000   0.0000   0.0000   0.0000   0.0000   0.0000   0.0000;
072:  0.2160   0.5690   0.7810   1.0010   1.2150   1.4840   1.7070   2.0500   2.2620   2.5170   2.7330   3.0350   0.0000   0.0000   0.0000   0.0000   0.0000   0.0000   0.0000   0.0000   0.0000   0.0000   0.0000;
073:  0.2160   0.5690   0.7810   1.0010   1.2150   1.4840   1.7060   2.0490   2.2600   2.5170   2.7310   3.0300   0.0000   0.0000   0.0000   0.0000   0.0000   0.0000   0.0000   0.0000   0.0000   0.0000   0.0000;
074:  0.2160   0.5690   0.7800   1.0010   1.2150   1.4830   1.7050   2.0480   2.2580   2.5180   2.7300   3.0250   0.0000   0.0000   0.0000   0.0000   0.0000   0.0000   0.0000   0.0000   0.0000   0.0000   0.0000;
075:  0.2160   0.5680   0.7800   1.0010   1.2150   1.4820   1.7050   2.0470   2.2560   2.5180   2.7290   3.0190   0.0000   0.0000   0.0000   0.0000   0.0000   0.0000   0.0000   0.0000   0.0000   0.0000   0.0000;
076:  0.2160   0.5680   0.7800   1.0000   1.2150   1.4820   1.7040   2.0460   2.2550   2.5180   2.7270   3.0150   0.0000   0.0000   0.0000   0.0000   0.0000   0.0000   0.0000   0.0000   0.0000   0.0000   0.0000;
077:  0.2160   0.5680   0.7800   1.0000   1.2140   1.4810   1.7040   2.0450   2.2540   2.5170   2.7260   3.0100   0.0000   0.0000   0.0000   0.0000   0.0000   0.0000   0.0000   0.0000   0.0000   0.0000   0.0000;
078:  0.2160   0.5680   0.7800   1.0000   1.2140   1.4810   1.7030   2.0440   2.2520   2.5160   2.7240   3.0070   0.0000   0.0000   0.0000   0.0000   0.0000   0.0000   0.0000   0.0000   0.0000   0.0000   0.0000;
079:  0.2160   0.5680   0.7790   1.0000   1.2140   1.4800   1.7020   2.0440   2.2500   2.5150   2.7230   3.0040   0.0000   0.0000   0.0000   0.0000   0.0000   0.0000   0.0000   0.0000   0.0000   0.0000   0.0000;
080:  0.2160   0.5680   0.7790   0.9990   1.2140   1.4800   1.7020   2.0430   2.2490   2.5150   2.7210   3.0010   0.0000   0.0000   0.0000   0.0000   0.0000   0.0000   0.0000   0.0000   0.0000   0.0000   0.0000;
081:  0.2160   0.5680   0.7790   0.9990   1.2130   1.4800   1.7010   2.0420   2.2470   2.5140   2.7200   3.0000   0.0000   0.0000   0.0000   0.0000   0.0000   0.0000   0.0000   0.0000   0.0000   0.0000   0.0000;
082:  0.2160   0.5670   0.7790   0.9990   1.2130   1.4790   1.7010   2.0410   2.2460   2.5130   2.7190   2.9990   0.0000   0.0000   0.0000   0.0000   0.0000   0.0000   0.0000   0.0000   0.0000   0.0000   0.0000;
083:  0.2160   0.5670   0.7790   0.9980   1.2130   1.4790   1.7000   2.0410   2.2440   2.5110   2.7170   2.9990   0.0000   0.0000   0.0000   0.0000   0.0000   0.0000   0.0000   0.0000   0.0000   0.0000   0.0000;
084:  0.2170   0.5670   0.7780   0.9980   1.2130   1.4790   1.6990   2.0400   2.2440   2.5100   2.7160   2.9990   0.0000   0.0000   0.0000   0.0000   0.0000   0.0000   0.0000   0.0000   0.0000   0.0000   0.0000;
085:  0.2170   0.5670   0.7780   0.9980   1.2130   1.4790   1.6990   2.0390   2.2430   2.5090   2.7150   3.0000   0.0000   0.0000   0.0000   0.0000   0.0000   0.0000   0.0000   0.0000   0.0000   0.0000   0.0000;
086:  0.2170   0.5670   0.7780   0.9970   1.2130   1.4780   1.6990   2.0390   2.2430   2.5080   2.7140   3.0000   0.0000   0.0000   0.0000   0.0000   0.0000   0.0000   0.0000   0.0000   0.0000   0.0000   0.0000;
087:  0.2170   0.5670   0.7780   0.9970   1.2130   1.4780   1.6980   2.0380   2.2420   2.5070   2.7130   3.0020   0.0000   0.0000   0.0000   0.0000   0.0000   0.0000   0.0000   0.0000   0.0000   0.0000   0.0000;
088:  0.2170   0.5670   0.7780   0.9970   1.2130   1.4780   1.6980   2.0380   2.2410   2.5050   2.7130   3.0030   0.0000   0.0000   0.0000   0.0000   0.0000   0.0000   0.0000   0.0000   0.0000   0.0000   0.0000;
089:  0.2170   0.5670   0.7780   0.9960   1.2120   1.4780   1.6980   2.0380   2.2410   2.5040   2.7120   3.0040   0.0000   0.0000   0.0000   0.0000   0.0000   0.0000   0.0000   0.0000   0.0000   0.0000   0.0000;
090:  0.2170   0.5670   0.7780   0.9960   1.2120   1.4780   1.6970   2.0370   2.2420   2.5030   2.7120   3.0040   0.0000   0.0000   0.0000   0.0000   0.0000   0.0000   0.0000   0.0000   0.0000   0.0000   0.0000;
091:  0.2170   0.5670   0.7770   0.9960   1.2120   1.4780   1.6970   2.0370   2.2420   2.5030   2.7110   3.0050   0.0000   0.0000   0.0000   0.0000   0.0000   0.0000   0.0000   0.0000   0.0000   0.0000   0.0000;
092:  0.2170   0.5670   0.7770   0.9960   1.2120   1.4780   1.6970   2.0360   2.2430   2.5020   2.7110   3.0060   0.0000   0.0000   0.0000   0.0000   0.0000   0.0000   0.0000   0.0000   0.0000   0.0000   0.0000;
093:  0.2170   0.5660   0.7770   0.9950   1.2120   1.4780   1.6960   2.0360   2.2430   2.5030   2.7120   3.0060   0.0000   0.0000   0.0000   0.0000   0.0000   0.0000   0.0000   0.0000   0.0000   0.0000   0.0000;
094:  0.2170   0.5660   0.7770   0.9950   1.2120   1.4780   1.6960   2.0360   2.2420   2.5030   2.7110   3.0060   0.0000   0.0000   0.0000   0.0000   0.0000   0.0000   0.0000   0.0000   0.0000   0.0000   0.0000;
095:  0.2180   0.5660   0.7770   0.9950   1.2120   1.4780   1.6960   2.0360   2.2420   2.5030   2.7110   3.0070   0.0000   0.0000   0.0000   0.0000   0.0000   0.0000   0.0000   0.0000   0.0000   0.0000   0.0000;
096:  0.2180   0.5660   0.7770   0.9950   1.2120   1.4780   1.6960   2.0360   2.2410   2.5020   2.7110   3.0070   0.0000   0.0000   0.0000   0.0000   0.0000   0.0000   0.0000   0.0000   0.0000   0.0000   0.0000;
097:  0.2180   0.5660   0.7770   0.9950   1.2120   1.4780   1.6960   2.0350   2.2410   2.5020   2.7110   3.0070   0.0000   0.0000   0.0000   0.0000   0.0000   0.0000   0.0000   0.0000   0.0000   0.0000   0.0000;
098:  0.2180   0.5660   0.7770   0.9950   1.2120   1.4780   1.6960   2.0350   2.2410   2.5020   2.7100   3.0060   0.0000   0.0000   0.0000   0.0000   0.0000   0.0000   0.0000   0.0000   0.0000   0.0000   0.0000;
099:  0.2180   0.5660   0.7770   0.9950   1.2120   1.4780   1.6960   2.0350   2.2410   2.5020   2.7100   3.0050   0.0000   0.0000   0.0000   0.0000   0.0000   0.0000   0.0000   0.0000   0.0000   0.0000   0.0000;
100:  0.2180   0.5660   0.7770   0.9950   1.2120   1.4780   1.6960   2.0350   2.2400   2.5020   2.7090   3.0050   0.0000   0.0000   0.0000   0.0000   0.0000   0.0000   0.0000   0.0000   0.0000   0.0000   0.0000;
101:  0.2180   0.5660   0.7770   0.9950   1.2120   1.4780   1.6960   2.0350   2.2400   2.5010   2.7090   3.0040   0.0000   0.0000   0.0000   0.0000   0.0000   0.0000   0.0000   0.0000   0.0000   0.0000   0.0000;
102:  0.2180   0.5660   0.7770   0.9950   1.2120   1.4780   1.6960   2.0350   2.2400   2.5010   2.7080   3.0030   0.0000   0.0000   0.0000   0.0000   0.0000   0.0000   0.0000   0.0000   0.0000   0.0000   0.0000;
103:  0.2180   0.5660   0.7770   0.9950   1.2120   1.4780   1.6960   2.0350   2.2410   2.5010   2.7080   3.0020   0.0000   0.0000   0.0000   0.0000   0.0000   0.0000   0.0000   0.0000   0.0000   0.0000   0.0000;
104:  0.2190   0.5660   0.7770   0.9960   1.2120   1.4790   1.6960   2.0350   2.2410   2.5010   2.7070   3.0020   0.0000   0.0000   0.0000   0.0000   0.0000   0.0000   0.0000   0.0000   0.0000   0.0000   0.0000;
105:  0.2190   0.5660   0.7780   0.9960   1.2120   1.4790   1.6960   2.0350   2.2410   2.5000   2.7070   3.0020   0.0000   0.0000   0.0000   0.0000   0.0000   0.0000   0.0000   0.0000   0.0000   0.0000   0.0000;
106:  0.2190   0.5660   0.7780   0.9960   1.2130   1.4790   1.6960   2.0360   2.2420   2.4990   2.7070   3.0020   0.0000   0.0000   0.0000   0.0000   0.0000   0.0000   0.0000   0.0000   0.0000   0.0000   0.0000;
107:  0.2190   0.5660   0.7780   0.9960   1.2120   1.4800   1.6960   2.0360   2.2430   2.4990   2.7070   3.0030   0.0000   0.0000   0.0000   0.0000   0.0000   0.0000   0.0000   0.0000   0.0000   0.0000   0.0000;
108:  0.2190   0.5660   0.7780   0.9960   1.2130   1.4800   1.6970   2.0360   2.2440   2.4990   2.7060   3.0040   0.0000   0.0000   0.0000   0.0000   0.0000   0.0000   0.0000   0.0000   0.0000   0.0000   0.0000;
109:  0.2190   0.5660   0.7780   0.9960   1.2130   1.4800   1.6970   2.0370   2.2450   2.4980   2.7060   3.0050   0.0000   0.0000   0.0000   0.0000   0.0000   0.0000   0.0000   0.0000   0.0000   0.0000   0.0000;
110:  0.2200   0.5660   0.7780   0.9970   1.2130   1.4800   1.6970   2.0370   2.2470   2.4980   2.7060   3.0080   0.0000   0.0000   0.0000   0.0000   0.0000   0.0000   0.0000   0.0000   0.0000   0.0000   0.0000;
111:  0.2200   0.5660   0.7780   0.9970   1.2130   1.4810   1.6970   2.0380   2.2480   2.4980   2.7060   3.0100   0.0000   0.0000   0.0000   0.0000   0.0000   0.0000   0.0000   0.0000   0.0000   0.0000   0.0000;
112:  0.2200   0.5660   0.7780   0.9970   1.2130   1.4810   1.6980   2.0380   2.2490   2.4970   2.7060   3.0110   0.0000   0.0000   0.0000   0.0000   0.0000   0.0000   0.0000   0.0000   0.0000   0.0000   0.0000;
113:  0.2200   0.5660   0.7790   0.9980   1.2130   1.4810   1.6980   2.0380   2.2510   2.4960   2.7070   3.0130   0.0000   0.0000   0.0000   0.0000   0.0000   0.0000   0.0000   0.0000   0.0000   0.0000   0.0000;
114:  0.2200   0.5660   0.7790   0.9980   1.2130   1.4820   1.6980   2.0390   2.2530   2.4950   2.7070   3.0150   0.0000   0.0000   0.0000   0.0000   0.0000   0.0000   0.0000   0.0000   0.0000   0.0000   0.0000;
115:  0.2200   0.5660   0.7790   0.9980   1.2140   1.4820   1.6980   2.0390   2.2550   2.4940   2.7070   3.0160   0.0000   0.0000   0.0000   0.0000   0.0000   0.0000   0.0000   0.0000   0.0000   0.0000   0.0000;
116:  0.2210   0.5660   0.7790   0.9990   1.2140   1.4820   1.6990   2.0400   2.2560   2.4930   2.7070   3.0180   0.0000   0.0000   0.0000   0.0000   0.0000   0.0000   0.0000   0.0000   0.0000   0.0000   0.0000;
117:  0.2210   0.5660   0.7790   0.9990   1.2140   1.4830   1.6990   2.0400   2.2560   2.4930   2.7070   3.0200   0.0000   0.0000   0.0000   0.0000   0.0000   0.0000   0.0000   0.0000   0.0000   0.0000   0.0000;
118:  0.2210   0.5660   0.7800   1.0000   1.2140   1.4840   1.6990   2.0400   2.2570   2.4920   2.7070   3.0230   3.2200   0.0000   0.0000   0.0000   0.0000   0.0000   0.0000   0.0000   0.0000   0.0000   0.0000;
119:  0.2210   0.5660   0.7800   1.0000   1.2150   1.4840   1.7000   2.0410   2.2580   2.4910   2.7070   3.0240   3.2230   0.0000   0.0000   0.0000   0.0000   0.0000   0.0000   0.0000   0.0000   0.0000   0.0000;
120:  0.2210   0.5660   0.7800   1.0000   1.2150   1.4840   1.7000   2.0420   2.2580   2.4910   2.7070   3.0250   3.2270   0.0000   0.0000   0.0000   0.0000   0.0000   0.0000   0.0000   0.0000   0.0000   0.0000;
121:  0.2220   0.5670   0.7800   1.0010   1.2150   1.4850   1.7000   2.0420   2.2590   2.4900   2.7070   3.0270   3.2310   0.0000   0.0000   0.0000   0.0000   0.0000   0.0000   0.0000   0.0000   0.0000   0.0000;
122:  0.2220   0.5670   0.7800   1.0010   1.2160   1.4850   1.7010   2.0430   2.2590   2.4890   2.7070   3.0290   3.2360   0.0000   0.0000   0.0000   0.0000   0.0000   0.0000   0.0000   0.0000   0.0000   0.0000;
123:  0.2220   0.5670   0.7800   1.0020   1.2160   1.4860   1.7010   2.0440   2.2590   2.4890   2.7060   3.0300   3.2410   0.0000   0.0000   0.0000   0.0000   0.0000   0.0000   0.0000   0.0000   0.0000   0.0000;
124:  0.2220   0.5670   0.7810   1.0020   1.2170   1.4860   1.7020   2.0440   2.2600   2.4890   2.7050   3.0310   3.2460   0.0000   0.0000   0.0000   0.0000   0.0000   0.0000   0.0000   0.0000   0.0000   0.0000;
125:  0.2220   0.5670   0.7810   1.0020   1.2170   1.4870   1.7020   2.0450   2.2600   2.4890   2.7050   3.0320   3.2510   0.0000   0.0000   0.0000   0.0000   0.0000   0.0000   0.0000   0.0000   0.0000   0.0000;
126:  0.2220   0.5670   0.7810   1.0030   1.2180   1.4870   1.7020   2.0460   2.2600   2.4880   2.7050   3.0330   3.2570   0.0000   0.0000   0.0000   0.0000   0.0000   0.0000   0.0000   0.0000   0.0000   0.0000;
127:  0.2230   0.5670   0.7810   1.0030   1.2180   1.4870   1.7030   2.0470   2.2610   2.4890   2.7050   3.0350   3.2620   0.0000   0.0000   0.0000   0.0000   0.0000   0.0000   0.0000   0.0000   0.0000   0.0000;
128:  0.2230   0.5670   0.7810   1.0030   1.2190   1.4880   1.7030   2.0480   2.2610   2.4890   2.7050   3.0360   3.2680   0.0000   0.0000   0.0000   0.0000   0.0000   0.0000   0.0000   0.0000   0.0000   0.0000;
129:  0.2230   0.5670   0.7820   1.0030   1.2200   1.4880   1.7040   2.0490   2.2620   2.4890   2.7050   3.0370   3.2730   0.0000   0.0000   0.0000   0.0000   0.0000   0.0000   0.0000   0.0000   0.0000   0.0000;
130:  0.2230   0.5670   0.7820   1.0030   1.2200   1.4890   1.7040   2.0500   2.2620   2.4890   2.7050   3.0380   3.2780   0.0000   0.0000   0.0000   0.0000   0.0000   0.0000   0.0000   0.0000   0.0000   0.0000;
131:  0.2230   0.5680   0.7820   1.0040   1.2210   1.4890   1.7040   2.0510   2.2630   2.4900   2.7060   3.0400   3.2830   0.0000   0.0000   0.0000   0.0000   0.0000   0.0000   0.0000   0.0000   0.0000   0.0000;
132:  0.2240   0.5680   0.7820   1.0040   1.2210   1.4890   1.7050   2.0510   2.2640   2.4910   2.7070   3.0420   3.2870   0.0000   0.0000   0.0000   0.0000   0.0000   0.0000   0.0000   0.0000   0.0000   0.0000;
133:  0.2240   0.5680   0.7820   1.0040   1.2220   1.4900   1.7060   2.0520   2.2650   2.4910   2.7080   3.0440   3.2910   3.5400   0.0000   0.0000   0.0000   0.0000   0.0000   0.0000   0.0000   0.0000   0.0000;
134:  0.2240   0.5680   0.7820   1.0040   1.2220   1.4900   1.7060   2.0530   2.2650   2.4930   2.7090   3.0450   3.2940   3.5400   0.0000   0.0000   0.0000   0.0000   0.0000   0.0000   0.0000   0.0000   0.0000;
135:  0.2240   0.5680   0.7820   1.0040   1.2220   1.4910   1.7070   2.0540   2.2660   2.4940   2.7100   3.0470   3.2970   3.5390   0.0000   0.0000   0.0000   0.0000   0.0000   0.0000   0.0000   0.0000   0.0000;
136:  0.2240   0.5680   0.7820   1.0050   1.2220   1.4910   1.7070   2.0550   2.2670   2.4950   2.7110   3.0480   3.2990   3.5390   0.0000   0.0000   0.0000   0.0000   0.0000   0.0000   0.0000   0.0000   0.0000;
137:  0.2240   0.5680   0.7830   1.0050   1.2230   1.4910   1.7080   2.0550   2.2680   2.4960   2.7120   3.0490   3.3020   3.5390   0.0000   0.0000   0.0000   0.0000   0.0000   0.0000   0.0000   0.0000   0.0000;
138:  0.2250   0.5680   0.7830   1.0050   1.2230   1.4920   1.7090   2.0560   2.2690   2.4970   2.7130   3.0500   3.3030   3.5390   3.7740   0.0000   0.0000   0.0000   0.0000   0.0000   0.0000   0.0000   0.0000;
139:  0.2250   0.5690   0.7830   1.0050   1.2240   1.4920   1.7090   2.0570   2.2700   2.4980   2.7150   3.0510   3.3050   3.5390   3.7740   0.0000   0.0000   0.0000   0.0000   0.0000   0.0000   0.0000   0.0000;
140:  0.2250   0.5690   0.7830   1.0050   1.2240   1.4930   1.7100   2.0580   2.2710   2.4990   2.7160   3.0520   3.3050   3.5400   3.7730   0.0000   0.0000   0.0000   0.0000   0.0000   0.0000   0.0000   0.0000;
141:  0.2250   0.5690   0.7830   1.0060   1.2240   1.4930   1.7110   2.0580   2.2710   2.5000   2.7180   3.0540   3.3060   3.5400   3.7730   0.0000   0.0000   0.0000   0.0000   0.0000   0.0000   0.0000   0.0000;
142:  0.2250   0.5690   0.7830   1.0060   1.2240   1.4940   1.7110   2.0590   2.2720   2.5010   2.7200   3.0560   3.3070   3.5410   3.7730   0.0000   0.0000   0.0000   0.0000   0.0000   0.0000   0.0000   0.0000;
143:  0.2250   0.5690   0.7830   1.0060   1.2240   1.4940   1.7120   2.0600   2.2730   2.5020   2.7210   3.0570   3.3080   3.5420   3.7730   4.0340   0.0000   0.0000   0.0000   0.0000   0.0000   0.0000   0.0000;
144:  0.2250   0.5690   0.7830   1.0070   1.2240   1.4950   1.7130   2.0600   2.2740   2.5040   2.7230   3.0590   3.3080   3.5440   3.7730   4.0340   0.0000   0.0000   0.0000   0.0000   0.0000   0.0000   0.0000;
145:  0.2260   0.5690   0.7830   1.0070   1.2240   1.4950   1.7130   2.0600   2.2750   2.5050   2.7240   3.0610   3.3090   3.5460   3.7730   4.0350   0.0000   0.0000   0.0000   0.0000   0.0000   0.0000   0.0000;
146:  0.2260   0.5690   0.7830   1.0070   1.2240   1.4960   1.7140   2.0610   2.2760   2.5060   2.7250   3.0620   3.3100   3.5480   3.7730   4.0350   4.2580   0.0000   0.0000   0.0000   0.0000   0.0000   0.0000;
147:  0.2260   0.5690   0.7830   1.0070   1.2250   1.4960   1.7140   2.0610   2.2770   2.5070   2.7260   3.0640   3.3100   3.5500   3.7730   4.0360   4.2570   0.0000   0.0000   0.0000   0.0000   0.0000   0.0000;
148:  0.2260   0.5690   0.7830   1.0070   1.2250   1.4970   1.7150   2.0620   2.2780   2.5080   2.7280   3.0650   3.3110   3.5520   3.7740   4.0360   4.2570   0.0000   0.0000   0.0000   0.0000   0.0000   0.0000;
149:  0.2260   0.5690   0.7840   1.0070   1.2250   1.4970   1.7150   2.0620   2.2790   2.5090   2.7290   3.0660   3.3110   3.5540   3.7750   4.0370   4.2560   0.0000   0.0000   0.0000   0.0000   0.0000   0.0000;
150:  0.2260   0.5690   0.7840   1.0070   1.2250   1.4980   1.7160   2.0630   2.2800   2.5100   2.7300   3.0670   3.3120   3.5560   3.7750   4.0380   4.2550   0.0000   0.0000   0.0000   0.0000   0.0000   0.0000;
151:  0.2270   0.5690   0.7840   1.0070   1.2250   1.4980   1.7160   2.0640   2.2810   2.5110   2.7310   3.0690   3.3120   3.5570   3.7760   4.0380   4.2540   0.0000   0.0000   0.0000   0.0000   0.0000   0.0000;
152:  0.2270   0.5690   0.7840   1.0080   1.2260   1.4980   1.7160   2.0640   2.2810   2.5130   2.7320   3.0710   3.3130   3.5590   3.7770   4.0390   4.2530   4.5070   0.0000   0.0000   0.0000   0.0000   0.0000;
153:  0.2270   0.5690   0.7840   1.0080   1.2260   1.4980   1.7160   2.0650   2.2820   2.5140   2.7330   3.0730   3.3130   3.5610   3.7790   4.0390   4.2510   4.5100   0.0000   0.0000   0.0000   0.0000   0.0000;
154:  0.2270   0.5700   0.7840   1.0070   1.2260   1.4990   1.7170   2.0650   2.2830   2.5140   2.7350   3.0750   3.3140   3.5640   3.7800   4.0400   4.2510   4.5140   4.7600   0.0000   0.0000   0.0000   0.0000;
155:  0.2270   0.5700   0.7840   1.0070   1.2260   1.4990   1.7170   2.0660   2.2840   2.5150   2.7360   3.0760   3.3150   3.5660   3.7810   4.0400   4.2500   4.5170   4.7580   0.0000   0.0000   0.0000   0.0000;
156:  0.2270   0.5700   0.7840   1.0070   1.2260   1.4990   1.7180   2.0660   2.2850   2.5160   2.7370   3.0780   3.3150   3.5680   3.7830   4.0410   4.2500   4.5200   4.7560   0.0000   0.0000   0.0000   0.0000;
157:  0.2270   0.5700   0.7840   1.0070   1.2260   1.4990   1.7180   2.0670   2.2850   2.5170   2.7380   3.0810   3.3160   3.5690   3.7840   4.0420   4.2510   4.5230   4.7550   0.0000   0.0000   0.0000   0.0000;
158:  0.2280   0.5700   0.7840   1.0070   1.2260   1.4990   1.7180   2.0670   2.2860   2.5180   2.7380   3.0830   3.3170   3.5700   3.7860   4.0420   4.2510   4.5250   4.7530   0.0000   0.0000   0.0000   0.0000;
159:  0.2280   0.5700   0.7840   1.0070   1.2260   1.4990   1.7190   2.0680   2.2870   2.5190   2.7390   3.0850   3.3190   3.5710   3.7880   4.0420   4.2510   4.5270   4.7530   0.0000   0.0000   0.0000   0.0000;
160:  0.2280   0.5700   0.7840   1.0070   1.2260   1.5000   1.7190   2.0680   2.2880   2.5200   2.7400   3.0870   3.3200   3.5710   3.7890   4.0420   4.2520   4.5280   4.7520   0.0000   0.0000   0.0000   0.0000;
161:  0.2280   0.5700   0.7840   1.0070   1.2260   1.5000   1.7190   2.0690   2.2880   2.5200   2.7410   3.0880   3.3210   3.5720   3.7910   4.0430   4.2530   4.5300   4.7510   0.0000   0.0000   0.0000   0.0000;
162:  0.2280   0.5700   0.7840   1.0070   1.2260   1.5000   1.7190   2.0690   2.2890   2.5210   2.7410   3.0890   3.3220   3.5720   3.7930   4.0440   4.2530   4.5310   4.7510   0.0000   0.0000   0.0000   0.0000;
163:  0.2290   0.5700   0.7840   1.0070   1.2260   1.5000   1.7190   2.0690   2.2890   2.5210   2.7420   3.0900   3.3220   3.5720   3.7940   4.0440   4.2550   4.5320   4.7510   0.0000   0.0000   0.0000   0.0000;
164:  0.2290   0.5700   0.7840   1.0070   1.2260   1.5000   1.7200   2.0700   2.2900   2.5220   2.7420   3.0910   3.3230   3.5720   3.7960   4.0450   4.2560   4.5330   4.7500   5.1360   5.3370   0.0000   0.0000;
165:  0.2290   0.5700   0.7840   1.0080   1.2260   1.5000   1.7200   2.0710   2.2900   2.5220   2.7430   3.0910   3.3240   3.5720   3.7960   4.0450   4.2580   4.5340   4.7500   5.1350   5.3340   0.0000   0.0000;
166:  0.2290   0.5700   0.7840   1.0080   1.2260   1.5000   1.7200   2.0710   2.2910   2.5220   2.7430   3.0920   3.3240   3.5710   3.7980   4.0460   4.2600   4.5350   4.7490   5.1340   5.3310   0.0000   0.0000;
167:  0.2290   0.5700   0.7840   1.0080   1.2260   1.5000   1.7200   2.0720   2.2910   2.5220   2.7430   3.0930   3.3250   3.5710   3.7980   4.0470   4.2620   4.5350   4.7500   5.1320   5.3280   0.0000   0.0000;
168:  0.2290   0.5700   0.7840   1.0080   1.2260   1.5000   1.7200   2.0730   2.2910   2.5220   2.7430   3.0930   3.3250   3.5710   3.7990   4.0470   4.2640   4.5350   4.7500   5.1290   5.3260   0.0000   0.0000;
169:  0.2300   0.5700   0.7840   1.0080   1.2250   1.5000   1.7200   2.0730   2.2910   2.5220   2.7440   3.0930   3.3260   3.5720   3.7990   4.0480   4.2660   4.5340   4.7510   5.1250   5.3240   0.0000   0.0000;
170:  0.2300   0.5700   0.7840   1.0080   1.2250   1.5000   1.7200   2.0740   2.2910   2.5220   2.7440   3.0940   3.3260   3.5720   3.7990   4.0480   4.2670   4.5330   4.7510   5.1210   5.3230   0.0000   0.0000;
171:  0.2300   0.5700   0.7840   1.0090   1.2250   1.5000   1.7190   2.0750   2.2910   2.5220   2.7440   3.0940   3.3270   3.5710   3.7990   4.0480   4.2700   4.5320   4.7530   5.1170   5.3220   0.0000   0.0000;
172:  0.2300   0.5700   0.7840   1.0090   1.2250   1.5000   1.7190   2.0760   2.2910   2.5220   2.7440   3.0940   3.3270   3.5720   3.7980   4.0490   4.2710   4.5310   4.7530   5.1120   5.3230   0.0000   0.0000;
173:  0.2310   0.5700   0.7840   1.0090   1.2250   1.5000   1.7190   2.0770   2.2910   2.5220   2.7440   3.0940   3.3270   3.5710   3.7980   4.0500   4.2730   4.5290   4.7540   5.1070   5.3240   0.0000   0.0000;
174:  0.2310   0.5700   0.7840   1.0090   1.2250   1.5000   1.7180   2.0780   2.2910   2.5220   2.7440   3.0930   3.3280   3.5700   3.7970   4.0500   4.2730   4.5280   4.7550   5.1020   5.3250   0.0000   0.0000;
175:  0.2310   0.5700   0.7840   1.0090   1.2250   1.5000   1.7180   2.0780   2.2910   2.5210   2.7440   3.0930   3.3280   3.5690   3.7960   4.0490   4.2740   4.5270   4.7560   5.0970   5.3280   0.0000   0.0000;
176:  0.2310   0.5700   0.7840   1.0090   1.2250   1.5000   1.7180   2.0780   2.2910   2.5210   2.7440   3.0920   3.3280   3.5690   3.7960   4.0490   4.2740   4.5260   4.7570   5.0920   5.3310   0.0000   0.0000;
177:  0.2320   0.5700   0.7840   1.0090   1.2250   1.5000   1.7180   2.0790   2.2910   2.5200   2.7440   3.0920   3.3280   3.5700   3.7950   4.0490   4.2730   4.5250   4.7570   5.0880   5.3350   0.0000   0.0000;
178:  0.2320   0.5700   0.7840   1.0090   1.2250   1.5000   1.7180   2.0790   2.2910   2.5200   2.7440   3.0910   3.3270   3.5700   3.7940   4.0480   4.2730   4.5250   4.7570   5.0850   5.3390   0.0000   0.0000;
179:  0.2320   0.5700   0.7840   1.0090   1.2250   1.5000   1.7170   2.0790   2.2910   2.5190   2.7430   3.0900   3.3270   3.5700   3.7940   4.0480   4.2720   4.5250   4.7570   5.0820   5.3420   0.0000   0.0000;
180:  0.2330   0.5700   0.7840   1.0090   1.2250   1.5000   1.7170   2.0790   2.2910   2.5190   2.7430   3.0900   3.3270   3.5700   3.7930   4.0470   4.2710   4.5250   4.7560   5.0810   5.3460   0.0000   0.0000;
181:  0.2330   0.5700   0.7840   1.0080   1.2250   1.5000   1.7170   2.0790   2.2910   2.5180   2.7430   3.0890   3.3260   3.5690   3.7930   4.0470   4.2710   4.5240   4.7560   5.0800   5.3500   0.0000   0.0000;
182:  0.2330   0.5700   0.7840   1.0080   1.2250   1.5000   1.7170   2.0790   2.2910   2.5180   2.7430   3.0890   3.3260   3.5690   3.7920   4.0460   4.2700   4.5230   4.7550   5.0800   5.3530   0.0000   0.0000;
183:  0.2330   0.5700   0.7840   1.0080   1.2250   1.5010   1.7170   2.0780   2.2900   2.5180   2.7430   3.0890   3.3260   3.5690   3.7920   4.0460   4.2700   4.5210   4.7550   5.0800   5.3560   0.0000   0.0000;
184:  0.2340   0.5700   0.7840   1.0080   1.2250   1.5010   1.7170   2.0780   2.2900   2.5170   2.7430   3.0880   3.3250   3.5690   3.7920   4.0450   4.2690   4.5200   4.7550   5.0800   5.3570   0.0000   0.0000;
185:  0.2340   0.5700   0.7840   1.0070   1.2240   1.5010   1.7170   2.0770   2.2900   2.5170   2.7420   3.0880   3.3250   3.5680   3.7920   4.0450   4.2680   4.5190   4.7540   5.0800   5.3580   0.0000   0.0000;
186:  0.2340   0.5700   0.7840   1.0070   1.2240   1.5010   1.7170   2.0760   2.2890   2.5160   2.7420   3.0870   3.3240   3.5680   3.7910   4.0440   4.2670   4.5170   4.7540   5.0800   5.3580   0.0000   0.0000;
187:  0.2350   0.5700   0.7840   1.0070   1.2240   1.5010   1.7170   2.0760   2.2890   2.5160   2.7420   3.0870   3.3230   3.5670   3.7900   4.0440   4.2650   4.5160   4.7530   5.0790   5.3570   0.0000   0.0000;
188:  0.2350   0.5700   0.7840   1.0070   1.2240   1.5010   1.7170   2.0750   2.2890   2.5150   2.7420   3.0870   3.3230   3.5670   3.7890   4.0430   4.2650   4.5150   4.7520   5.0790   5.3550   0.0000   0.0000;
189:  0.2350   0.5700   0.7840   1.0070   1.2240   1.5010   1.7170   2.0740   2.2890   2.5150   2.7420   3.0860   3.3220   3.5660   3.7880   4.0420   4.2630   4.5140   4.7500   5.0780   5.3530   0.0000   0.0000;
190:  0.2360   0.5700   0.7840   1.0060   1.2240   1.5010   1.7170   2.0730   2.2880   2.5150   2.7410   3.0860   3.3210   3.5650   3.7870   4.0420   4.2620   4.5130   4.7480   5.0770   5.3510   0.0000   0.0000;
191:  0.2360   0.5700   0.7840   1.0060   1.2240   1.5010   1.7170   2.0730   2.2880   2.5140   2.7410   3.0860   3.3200   3.5650   3.7860   4.0420   4.2610   4.5120   4.7450   5.0760   5.3490   0.0000   0.0000;
192:  0.2360   0.5700   0.7840   1.0060   1.2240   1.5010   1.7170   2.0720   2.2880   2.5140   2.7410   3.0850   3.3190   3.5640   3.7850   4.0410   4.2590   4.5110   4.7430   5.0740   5.3460   0.0000   0.0000;
193:  0.2370   0.5700   0.7840   1.0060   1.2240   1.5010   1.7170   2.0720   2.2870   2.5140   2.7410   3.0850   3.3190   3.5630   3.7850   4.0390   4.2580   4.5100   4.7410   5.0720   5.3430   0.0000   0.0000;
194:  0.2370   0.5700   0.7840   1.0050   1.2240   1.5010   1.7170   2.0720   2.2870   2.5130   2.7400   3.0850   3.3180   3.5620   3.7840   4.0380   4.2570   4.5100   4.7380   5.0700   5.3400   5.6810   0.0000;
195:  0.2370   0.5700   0.7840   1.0050   1.2240   1.5010   1.7170   2.0720   2.2870   2.5130   2.7400   3.0850   3.3180   3.5610   3.7830   4.0370   4.2550   4.5090   4.7370   5.0680   5.3370   5.6770   0.0000;
196:  0.2380   0.5700   0.7840   1.0050   1.2240   1.5010   1.7160   2.0720   2.2870   2.5130   2.7390   3.0850   3.3180   3.5600   3.7810   4.0370   4.2540   4.5080   4.7340   5.0650   5.3350   5.6730   0.0000;
197:  0.2380   0.5700   0.7830   1.0050   1.2240   1.5010   1.7160   2.0720   2.2860   2.5130   2.7390   3.0850   3.3170   3.5580   3.7800   4.0360   4.2530   4.5070   4.7330   5.0630   5.3320   5.6690   0.0000;
198:  0.2390   0.5700   0.7830   1.0050   1.2240   1.5000   1.7150   2.0720   2.2860   2.5120   2.7390   3.0850   3.3170   3.5580   3.7790   4.0350   4.2520   4.5050   4.7310   5.0600   5.3310   5.6650   0.0000;
199:  0.2390   0.5700   0.7830   1.0050   1.2240   1.5000   1.7150   2.0720   2.2860   2.5120   2.7380   3.0850   3.3160   3.5570   3.7780   4.0340   4.2510   4.5030   4.7290   5.0560   5.3310   5.6600   0.0000;
200:  0.2390   0.5700   0.7830   1.0040   1.2240   1.5000   1.7150   2.0720   2.2850   2.5120   2.7380   3.0850   3.3160   3.5570   3.7760   4.0330   4.2510   4.5020   4.7280   5.0520   5.3310   5.6560   0.0000;
201:  0.2400   0.5700   0.7830   1.0040   1.2240   1.5000   1.7140   2.0720   2.2850   2.5110   2.7370   3.0850   3.3150   3.5560   3.7750   4.0320   4.2490   4.5020   4.7260   5.0470   5.3300   5.6530   0.0000;
202:  0.2400   0.5700   0.7830   1.0040   1.2240   1.5000   1.7140   2.0720   2.2850   2.5110   2.7370   3.0850   3.3150   3.5560   3.7730   4.0320   4.2490   4.5020   4.7250   5.0430   5.3290   5.6490   0.0000;
203:  0.2410   0.5700   0.7830   1.0040   1.2240   1.5000   1.7130   2.0710   2.2850   2.5110   2.7360   3.0850   3.3150   3.5550   3.7730   4.0310   4.2480   4.5010   4.7240   5.0390   5.3270   5.6450   0.0000;
204:  0.2410   0.5700   0.7830   1.0040   1.2240   1.5000   1.7130   2.0710   2.2850   2.5110   2.7360   3.0850   3.3150   3.5530   3.7720   4.0310   4.2470   4.5010   4.7230   5.0350   5.3250   5.6420   0.0000;
205:  0.2420   0.5700   0.7830   1.0040   1.2240   1.4990   1.7130   2.0710   2.2850   2.5110   2.7350   3.0860   3.3150   3.5520   3.7710   4.0310   4.2460   4.5000   4.7220   5.0310   5.3220   5.6390   0.0000;
206:  0.2420   0.5700   0.7830   1.0030   1.2240   1.4990   1.7130   2.0700   2.2850   2.5110   2.7340   3.0860   3.3150   3.5510   3.7710   4.0300   4.2450   4.5000   4.7210   5.0270   5.3180   5.6360   0.0000;
207:  0.2420   0.5700   0.7830   1.0030   1.2240   1.4990   1.7130   2.0700   2.2850   2.5100   2.7340   3.0860   3.3140   3.5510   3.7720   4.0300   4.2440   4.4990   4.7200   5.0230   5.3130   5.6330   0.0000;
208:  0.2430   0.5700   0.7830   1.0030   1.2230   1.4990   1.7130   2.0690   2.2850   2.5100   2.7330   3.0870   3.3130   3.5500   3.7720   4.0300   4.2430   4.4990   4.7200   5.0200   5.3080   5.6300   0.0000;
209:  0.2430   0.5700   0.7830   1.0020   1.2230   1.4990   1.7130   2.0690   2.2850   2.5100   2.7330   3.0870   3.3130   3.5500   3.7730   4.0300   4.2430   4.4980   4.7200   5.0170   5.3040   0.0000   0.0000;
210:  0.2440   0.5700   0.7830   1.0020   1.2230   1.4990   1.7130   2.0680   2.2850   2.5100   2.7320   3.0870   3.3130   3.5490   3.7720   4.0290   4.2420   4.4980   4.7190   5.0140   5.2990   0.0000   0.0000;
211:  0.2440   0.5700   0.7820   1.0020   1.2230   1.4990   1.7130   2.0670   2.2850   2.5090   2.7320   3.0880   3.3130   3.5490   3.7720   4.0290   4.2420   4.4960   4.7190   5.0120   5.2930   0.0000   0.0000;
212:  0.2440   0.5700   0.7820   1.0020   1.2230   1.4990   1.7130   2.0670   2.2850   2.5090   2.7310   3.0880   3.3130   3.5490   3.7720   4.0300   4.2420   4.4960   4.7180   5.0110   5.2880   0.0000   0.0000;
213:  0.2450   0.5700   0.7820   1.0020   1.2230   1.4990   1.7140   2.0660   2.2850   2.5090   2.7310   3.0880   3.3120   3.5490   3.7720   4.0300   4.2420   4.4960   4.7180   5.0090   5.2840   0.0000   0.0000;
214:  0.2450   0.5700   0.7820   1.0020   1.2230   1.4990   1.7140   2.0650   2.2860   2.5090   2.7310   3.0880   3.3120   3.5490   3.7720   4.0300   4.2420   4.4950   4.7160   5.0060   5.2790   0.0000   0.0000;
215:  0.2460   0.5700   0.7820   1.0010   1.2230   1.4990   1.7150   2.0650   2.2860   2.5090   2.7310   3.0880   3.3120   3.5480   3.7730   4.0300   4.2420   4.4940   4.7150   5.0040   5.2750   0.0000   0.0000;
216:  0.2460   0.5690   0.7820   1.0010   1.2230   1.4990   1.7150   2.0640   2.2860   2.5090   2.7310   3.0880   3.3110   3.5480   3.7750   4.0300   4.2420   4.4930   4.7140   5.0020   5.2720   0.0000   0.0000;
217:  0.2470   0.5690   0.7820   1.0010   1.2230   1.4990   1.7150   2.0640   2.2860   2.5080   2.7310   3.0880   3.3110   3.5480   3.7750   4.0290   4.2430   4.4920   4.7130   5.0010   5.2690   0.0000   0.0000;
218:  0.2470   0.5690   0.7820   1.0010   1.2230   1.4990   1.7160   2.0630   2.2870   2.5080   2.7310   3.0880   3.3110   3.5470   3.7760   4.0290   4.2430   4.4910   4.7120   4.9990   5.2650   0.0000   0.0000;
219:  0.2470   0.5690   0.7820   1.0010   1.2220   1.4980   1.7160   2.0630   2.2870   2.5080   2.7310   3.0870   3.3120   3.5470   3.7760   4.0290   4.2430   4.4910   4.7110   4.9980   5.2630   0.0000   0.0000;
220:  0.2480   0.5690   0.7820   1.0010   1.2220   1.4980   1.7160   2.0620   2.2880   2.5080   2.7310   3.0870   3.3120   3.5460   3.7770   4.0280   4.2440   4.4900   4.7100   4.9960   5.2600   0.0000   0.0000;
221:  0.2480   0.5690   0.7820   1.0010   1.2220   1.4970   1.7170   2.0620   2.2880   2.5090   2.7310   3.0870   3.3110   3.5470   3.7770   4.0280   4.2440   4.4880   4.7090   4.9950   5.2580   0.0000   0.0000;
222:  0.2490   0.5690   0.7820   1.0010   1.2210   1.4970   1.7170   2.0620   2.2880   2.5090   2.7310   3.0860   3.3110   3.5470   3.7780   4.0270   4.2450   4.4870   4.7090   0.0000   0.0000   0.0000   0.0000;
223:  0.2490   0.5690   0.7820   1.0010   1.2210   1.4960   1.7170   2.0620   2.2880   2.5090   2.7320   3.0860   3.3110   3.5470   3.7780   4.0260   4.2450   4.4860   4.7090   0.0000   0.0000   0.0000   0.0000;
224:  0.2490   0.5690   0.7820   1.0010   1.2210   1.4960   1.7180   2.0610   2.2880   2.5090   2.7320   3.0860   3.3110   3.5470   3.7780   4.0260   4.2470   4.4850   4.7090   0.0000   0.0000   0.0000   0.0000;
225:  0.2500   0.5690   0.7820   1.0010   1.2200   1.4950   1.7180   2.0610   2.2880   2.5090   2.7320   3.0850   3.3110   3.5480   3.7780   4.0250   4.2470   4.4840   4.7080   0.0000   0.0000   0.0000   0.0000;
226:  0.2500   0.5690   0.7810   1.0010   1.2200   1.4950   1.7180   2.0610   2.2880   2.5090   2.7320   3.0850   3.3110   3.5480   3.7780   4.0250   4.2480   4.4840   4.7080   0.0000   0.0000   0.0000   0.0000;
227:  0.2510   0.5680   0.7810   1.0010   1.2190   1.4940   1.7180   2.0610   2.2880   2.5100   2.7330   3.0850   3.3110   3.5480   3.7780   4.0250   4.2480   4.4840   4.7080   0.0000   0.0000   0.0000   0.0000;
228:  0.2510   0.5680   0.7810   1.0010   1.2190   1.4940   1.7180   2.0610   2.2880   2.5100   2.7330   3.0840   3.3110   3.5480   3.7780   4.0250   4.2480   4.4830   4.7080   0.0000   0.0000   0.0000   0.0000;
229:  0.2510   0.5680   0.7810   1.0010   1.2180   1.4930   1.7180   2.0610   2.2880   2.5110   2.7330   3.0840   3.3110   3.5480   3.7790   4.0240   4.2480   4.4830   4.7080   0.0000   0.0000   0.0000   0.0000;
230:  0.2520   0.5680   0.7810   1.0010   1.2180   1.4920   1.7180   2.0610   2.2880   2.5110   2.7320   3.0840   3.3110   3.5480   3.7790   4.0240   4.2470   4.4830   4.7080   0.0000   0.0000   0.0000   0.0000;
231:  0.2520   0.5680   0.7810   1.0010   1.2180   1.4920   1.7180   2.0610   2.2880   2.5120   2.7320   3.0840   3.3100   3.5480   3.7790   4.0230   4.2470   4.4830   4.7080   0.0000   0.0000   0.0000   0.0000;
232:  0.2520   0.5680   0.7810   1.0000   1.2170   1.4910   1.7170   2.0620   2.2870   2.5120   2.7320   3.0840   3.3100   3.5480   3.7790   4.0220   4.2470   4.4830   4.7080   0.0000   0.0000   0.0000   0.0000;
233:  0.2530   0.5670   0.7810   1.0000   1.2170   1.4910   1.7170   2.0620   2.2870   2.5120   2.7320   3.0840   3.3100   3.5480   3.7790   4.0220   4.2470   4.4830   4.7080   0.0000   0.0000   0.0000   0.0000;
234:  0.2530   0.5670   0.7810   1.0000   1.2170   1.4910   1.7160   2.0620   2.2870   2.5130   2.7320   3.0840   3.3090   3.5490   3.7790   4.0220   4.2460   4.4830   4.7070   0.0000   0.0000   0.0000   0.0000;
235:  0.2530   0.5670   0.7810   1.0000   1.2160   1.4900   1.7160   2.0630   2.2870   2.5130   2.7320   3.0840   3.3090   3.5490   3.7790   4.0220   4.2460   4.4830   4.7070   0.0000   0.0000   0.0000   0.0000;
236:  0.2540   0.5670   0.7810   1.0000   1.2160   1.4900   1.7160   2.0630   2.2870   2.5120   2.7320   3.0840   3.3090   3.5490   3.7790   4.0230   4.2460   4.4830   4.7070   0.0000   0.0000   0.0000   0.0000;
237:  0.2540   0.5670   0.7810   1.0000   1.2160   1.4900   1.7150   2.0640   2.2870   2.5120   2.7320   3.0850   3.3090   3.5490   3.7790   4.0240   4.2460   4.4830   4.7070   0.0000   0.0000   0.0000   0.0000;
238:  0.2540   0.5670   0.7810   1.0000   1.2160   1.4900   1.7150   2.0640   2.2870   2.5120   2.7320   3.0850   3.3090   3.5490   3.7790   4.0240   4.2460   4.4820   4.7070   0.0000   0.0000   0.0000   0.0000;
239:  0.2550   0.5670   0.7810   1.0000   1.2160   1.4900   1.7140   2.0650   2.2870   2.5120   2.7330   3.0850   3.3090   3.5490   3.7790   4.0240   4.2460   4.4820   4.7070   0.0000   0.0000   0.0000   0.0000;
240:  0.2550   0.5660   0.7810   1.0010   1.2160   1.4900   1.7140   2.0650   2.2870   2.5110   2.7330   3.0850   3.3090   3.5490   3.7790   4.0240   4.2460   4.4820   4.7070   0.0000   0.0000   0.0000   0.0000;
241:  0.2550   0.5660   0.7810   1.0010   1.2160   1.4900   1.7130   2.0660   2.2870   2.5110   2.7330   3.0850   3.3090   3.5490   3.7790   4.0240   4.2470   4.4820   4.7070   0.0000   0.0000   0.0000   0.0000;
242:  0.2550   0.5660   0.7810   1.0010   1.2160   1.4890   1.7130   2.0660   2.2870   2.5100   2.7340   3.0850   3.3090   3.5490   3.7790   4.0240   4.2470   4.4810   4.7060   0.0000   0.0000   0.0000   0.0000;
243:  0.2550   0.5660   0.7810   1.0010   1.2160   1.4890   1.7130   2.0670   2.2870   2.5090   2.7340   3.0850   3.3100   3.5490   3.7790   4.0240   4.2480   4.4800   4.7060   0.0000   0.0000   0.0000   0.0000;
244:  0.2560   0.5660   0.7810   1.0010   1.2170   1.4890   1.7120   2.0670   2.2870   2.5090   2.7340   3.0850   3.3100   3.5490   3.7790   4.0240   4.2480   4.4800   4.7070   0.0000   0.0000   0.0000   0.0000;
245:  0.2560   0.5660   0.7810   1.0010   1.2170   1.4900   1.7120   2.0670   2.2870   2.5080   2.7350   3.0850   3.3110   3.5490   3.7790   4.0240   4.2480   4.4790   4.7070   0.0000   0.0000   0.0000   0.0000;
246:  0.2560   0.5660   0.7810   1.0010   1.2170   1.4900   1.7120   2.0670   2.2870   2.5070   2.7350   3.0850   3.3110   3.5490   3.7790   4.0240   4.2490   4.4790   4.7070   0.0000   0.0000   0.0000   0.0000;
247:  0.2560   0.5660   0.7810   1.0010   1.2170   1.4900   1.7110   2.0680   2.2870   2.5070   2.7350   3.0850   3.3120   3.5490   3.7790   4.0240   4.2500   4.4780   4.7060   0.0000   0.0000   0.0000   0.0000;
248:  0.2560   0.5650   0.7810   1.0010   1.2180   1.4900   1.7120   2.0680   2.2870   2.5060   2.7350   3.0860   3.3120   3.5490   3.7790   4.0240   4.2510   4.4770   4.7050   0.0000   0.0000   0.0000   0.0000;
249:  0.2570   0.5650   0.7810   1.0010   1.2180   1.4900   1.7120   2.0680   2.2870   2.5060   2.7360   3.0860   3.3130   3.5490   3.7790   4.0230   4.2520   4.4770   4.7050   0.0000   0.0000   0.0000   0.0000;
250:  0.2570   0.5650   0.7810   1.0010   1.2180   1.4900   1.7120   2.0670   2.2870   2.5050   2.7360   3.0870   3.3130   3.5490   3.7780   4.0230   4.2530   4.4760   4.7060   0.0000   0.0000   0.0000   0.0000;
251:  0.2570   0.5650   0.7810   1.0010   1.2180   1.4910   1.7120   2.0670   2.2870   2.5050   2.7360   3.0870   3.3140   3.5490   3.7790   4.0230   4.2540   4.4750   4.7060   0.0000   0.0000   0.0000   0.0000;
252:  0.2570   0.5650   0.7810   1.0010   1.2180   1.4910   1.7120   2.0670   2.2870   2.5040   2.7360   3.0870   3.3140   3.5500   3.7790   4.0230   4.2540   4.4750   4.7060   0.0000   0.0000   0.0000   0.0000;
253:  0.2570   0.5650   0.7810   1.0010   1.2180   1.4910   1.7130   2.0670   2.2870   2.5040   2.7360   3.0880   3.3150   3.5500   3.7790   4.0220   4.2550   4.4750   4.7060   0.0000   0.0000   0.0000   0.0000;
254:  0.2580   0.5650   0.7810   1.0010   1.2180   1.4910   1.7130   2.0670   2.2870   2.5040   2.7360   3.0880   3.3150   3.5500   3.7790   4.0210   4.2550   4.4750   4.7060   0.0000   0.0000   0.0000   0.0000;
255:  0.2580   0.5650   0.7820   1.0010   1.2180   1.4910   1.7130   2.0670   2.2870   2.5040   2.7370   3.0890   3.3160   3.5510   3.7790   4.0210   4.2550   4.4740   4.7060   0.0000   0.0000   0.0000   0.0000;
256:  0.2580   0.5650   0.7820   1.0010   1.2180   1.4920   1.7130   2.0660   2.2860   2.5040   2.7370   3.0890   3.3160   3.5510   3.7790   4.0200   4.2560   4.4740   4.7050   0.0000   0.0000   0.0000   0.0000;
257:  0.2580   0.5650   0.7820   1.0010   1.2180   1.4920   1.7140   2.0660   2.2860   2.5050   2.7380   3.0880   3.3160   3.5520   3.7790   4.0200   4.2560   4.4740   4.7050   0.0000   0.0000   0.0000   0.0000;
258:  0.2580   0.5650   0.7820   1.0010   1.2180   1.4920   1.7140   2.0650   2.2860   2.5050   2.7380   3.0890   3.3170   3.5520   3.7790   4.0200   4.2560   4.4740   4.7050   0.0000   0.0000   0.0000   0.0000;
259:  0.2580   0.5650   0.7820   1.0010   1.2180   1.4930   1.7140   2.0650   2.2860   2.5050   2.7380   3.0890   3.3180   3.5520   3.7790   4.0200   4.2560   4.4740   4.7040   0.0000   0.0000   0.0000   0.0000;
260:  0.2580   0.5650   0.7820   1.0010   1.2190   1.4930   1.7140   2.0650   2.2850   2.5050   2.7390   3.0890   3.3180   3.5530   3.7790   4.0200   4.2570   4.4730   4.7040   0.0000   0.0000   0.0000   0.0000;
261:  0.2580   0.5650   0.7820   1.0010   1.2190   1.4940   1.7150   2.0640   2.2850   2.5050   2.7390   3.0890   3.3180   3.5530   3.7780   4.0200   4.2560   4.4730   4.7030   0.0000   0.0000   0.0000   0.0000;
262:  0.2580   0.5650   0.7820   1.0020   1.2190   1.4940   1.7150   2.0640   2.2850   2.5060   2.7400   3.0890   3.3180   3.5530   3.7790   4.0210   4.2560   4.4730   4.7030   0.0000   0.0000   0.0000   0.0000;
263:  0.2580   0.5650   0.7820   1.0020   1.2190   1.4940   1.7150   2.0640   2.2850   2.5060   2.7400   3.0890   3.3180   3.5530   3.7790   4.0210   4.2560   4.4720   4.7030   0.0000   0.0000   0.0000   0.0000;
264:  0.2580   0.5650   0.7820   1.0020   1.2190   1.4950   1.7150   2.0640   2.2850   2.5060   2.7400   3.0890   3.3180   3.5530   3.7780   4.0210   4.2570   4.4720   4.7030   0.0000   0.0000   0.0000   0.0000;
265:  0.2580   0.5650   0.7820   1.0020   1.2190   1.4950   1.7160   2.0640   2.2850   2.5070   2.7410   3.0890   3.3180   3.5530   3.7790   4.0210   4.2570   4.4700   4.7030   0.0000   0.0000   0.0000   0.0000;
266:  0.2580   0.5650   0.7820   1.0020   1.2190   1.4950   1.7160   2.0640   2.2850   2.5070   2.7410   3.0890   3.3180   3.5530   3.7790   4.0210   4.2560   4.4690   4.7030   0.0000   0.0000   0.0000   0.0000;
267:  0.2580   0.5650   0.7830   1.0020   1.2190   1.4960   1.7160   2.0640   2.2850   2.5070   2.7410   3.0890   3.3180   3.5530   3.7790   4.0210   4.2560   4.4690   4.7030   0.0000   0.0000   0.0000   0.0000;
268:  0.2580   0.5650   0.7830   1.0020   1.2200   1.4960   1.7160   2.0640   2.2850   2.5070   2.7420   3.0890   3.3180   3.5530   3.7790   4.0200   4.2560   4.4680   4.7040   0.0000   0.0000   0.0000   0.0000;
269:  0.2580   0.5650   0.7830   1.0020   1.2200   1.4960   1.7170   2.0640   2.2850   2.5070   2.7420   3.0890   3.3180   3.5530   3.7790   4.0200   4.2560   4.4680   4.7040   0.0000   0.0000   0.0000   0.0000;
270:  0.2580   0.5660   0.7830   1.0020   1.2200   1.4960   1.7170   2.0640   2.2850   2.5070   2.7420   3.0890   3.3180   3.5520   3.7800   4.0200   4.2560   4.4670   4.7030   0.0000   0.0000   0.0000   0.0000;
271:  0.2580   0.5660   0.7830   1.0020   1.2200   1.4960   1.7180   2.0640   2.2850   2.5070   2.7420   3.0880   3.3180   3.5520   3.7800   4.0200   4.2550   4.4670   4.7030   0.0000   0.0000   0.0000   0.0000;
272:  0.2580   0.5660   0.7830   1.0020   1.2200   1.4970   1.7180   2.0640   2.2850   2.5080   2.7420   3.0880   3.3180   3.5520   3.7800   4.0200   4.2550   4.4660   4.7030   0.0000   0.0000   0.0000   0.0000;
273:  0.2580   0.5660   0.7830   1.0020   1.2210   1.4970   1.7180   2.0640   2.2850   2.5080   2.7420   3.0880   3.3190   3.5520   3.7800   4.0210   4.2550   4.4660   4.7030   0.0000   0.0000   0.0000   0.0000;
274:  0.2580   0.5660   0.7840   1.0020   1.2210   1.4970   1.7190   2.0640   2.2850   2.5080   2.7420   3.0870   3.3190   3.5520   3.7810   4.0210   4.2550   4.4650   4.7030   0.0000   0.0000   0.0000   0.0000;
275:  0.2580   0.5660   0.7840   1.0020   1.2210   1.4970   1.7190   2.0640   2.2850   2.5080   2.7420   3.0870   3.3190   3.5530   3.7820   4.0210   4.2550   4.4650   4.7020   0.0000   0.0000   0.0000   0.0000;
276:  0.2580   0.5660   0.7840   1.0020   1.2220   1.4970   1.7200   2.0640   2.2860   2.5080   2.7420   3.0870   3.3190   3.5530   3.7820   4.0210   4.2550   4.4650   4.7030   0.0000   0.0000   0.0000   0.0000;
277:  0.2580   0.5660   0.7840   1.0020   1.2220   1.4970   1.7200   2.0640   2.2860   2.5080   2.7410   3.0860   3.3190   3.5520   3.7830   4.0210   4.2550   4.4640   4.7030   0.0000   0.0000   0.0000   0.0000;
278:  0.2570   0.5660   0.7840   1.0020   1.2220   1.4970   1.7200   2.0640   2.2860   2.5080   2.7410   3.0850   3.3180   3.5520   3.7830   4.0210   4.2540   4.4640   4.7020   0.0000   0.0000   0.0000   0.0000;
279:  0.2570   0.5660   0.7840   1.0020   1.2220   1.4970   1.7200   2.0640   2.2870   2.5080   2.7410   3.0850   3.3190   3.5530   3.7830   4.0220   4.2530   4.4630   4.7020   0.0000   0.0000   0.0000   0.0000;
280:  0.2570   0.5660   0.7840   1.0020   1.2220   1.4970   1.7200   2.0640   2.2870   2.5080   2.7410   3.0840   3.3190   3.5530   3.7830   4.0220   4.2530   4.4630   4.7020   0.0000   0.0000   0.0000   0.0000;
281:  0.2570   0.5660   0.7840   1.0020   1.2220   1.4970   1.7200   2.0640   2.2870   2.5080   2.7400   3.0830   3.3190   3.5520   3.7830   4.0220   4.2520   4.4620   4.7010   0.0000   0.0000   0.0000   0.0000;
282:  0.2570   0.5660   0.7840   1.0020   1.2220   1.4970   1.7200   2.0640   2.2870   2.5080   2.7400   3.0820   3.3190   3.5520   3.7820   4.0220   4.2520   4.4620   4.7000   0.0000   0.0000   0.0000   0.0000;
283:  0.2570   0.5670   0.7840   1.0020   1.2230   1.4970   1.7200   2.0640   2.2870   2.5080   2.7400   3.0810   3.3190   3.5520   3.7820   4.0220   4.2520   4.4620   4.7000   0.0000   0.0000   0.0000   0.0000;
284:  0.2560   0.5670   0.7850   1.0030   1.2230   1.4970   1.7200   2.0640   2.2870   2.5080   2.7400   3.0800   3.3190   3.5520   3.7810   4.0220   4.2510   4.4610   4.6990   0.0000   0.0000   0.0000   0.0000;
285:  0.2560   0.5670   0.7850   1.0030   1.2240   1.4970   1.7200   2.0640   2.2870   2.5090   2.7400   3.0800   3.3190   3.5520   3.7810   4.0220   4.2510   4.4610   4.6980   0.0000   0.0000   0.0000   0.0000;
286:  0.2560   0.5670   0.7850   1.0040   1.2240   1.4970   1.7200   2.0640   2.2870   2.5090   2.7390   3.0780   3.3180   3.5520   3.7800   4.0210   4.2510   4.4600   4.6980   0.0000   0.0000   0.0000   0.0000;
287:  0.2560   0.5670   0.7850   1.0040   1.2250   1.4970   1.7200   2.0640   2.2870   2.5090   2.7390   3.0770   3.3170   3.5520   3.7800   4.0200   4.2510   4.4590   4.6970   0.0000   0.0000   0.0000   0.0000;
288:  0.2560   0.5670   0.7850   1.0040   1.2250   1.4970   1.7200   2.0640   2.2870   2.5090   2.7390   3.0760   3.3160   3.5520   3.7800   4.0190   4.2510   4.4580   4.6970   0.0000   0.0000   0.0000   0.0000;
289:  0.2550   0.5670   0.7850   1.0040   1.2250   1.4980   1.7190   2.0640   2.2860   2.5090   2.7390   3.0750   3.3150   3.5520   3.7790   4.0190   4.2500   4.4580   4.6960   0.0000   0.0000   0.0000   0.0000;
290:  0.2550   0.5670   0.7850   1.0040   1.2250   1.4980   1.7190   2.0640   2.2860   2.5090   2.7390   3.0750   3.3140   3.5520   3.7780   4.0180   4.2500   4.4560   4.6950   0.0000   0.0000   0.0000   0.0000;
291:  0.2550   0.5670   0.7850   1.0050   1.2250   1.4980   1.7190   2.0640   2.2850   2.5090   2.7390   3.0740   3.3130   3.5520   3.7770   4.0180   4.2500   4.4530   4.6940   0.0000   0.0000   0.0000   0.0000;
292:  0.2550   0.5670   0.7850   1.0050   1.2250   1.4980   1.7180   2.0640   2.2850   2.5090   2.7380   3.0730   3.3120   3.5520   3.7760   4.0170   4.2500   4.4510   4.6930   0.0000   0.0000   0.0000   0.0000;
293:  0.2540   0.5670   0.7850   1.0050   1.2250   1.4970   1.7180   2.0630   2.2850   2.5100   2.7380   3.0730   3.3110   3.5520   3.7760   4.0150   4.2490   4.4470   4.6910   0.0000   0.0000   0.0000   0.0000;
294:  0.2540   0.5670   0.7850   1.0050   1.2250   1.4970   1.7180   2.0630   2.2840   2.5100   2.7380   3.0720   3.3100   3.5520   3.7760   4.0130   4.2490   4.4430   4.6900   0.0000   0.0000   0.0000   0.0000;
295:  0.2540   0.5670   0.7850   1.0050   1.2260   1.4970   1.7180   2.0630   2.2840   2.5100   2.7380   3.0710   3.3090   3.5520   3.7750   4.0120   4.2480   4.4380   0.0000   0.0000   0.0000   0.0000   0.0000;
296:  0.2530   0.5670   0.7850   1.0050   1.2260   1.4970   1.7180   2.0630   2.2830   2.5100   2.7380   3.0710   3.3080   3.5520   3.7750   4.0100   4.2480   4.4340   0.0000   0.0000   0.0000   0.0000   0.0000;
297:  0.2530   0.5680   0.7850   1.0050   1.2260   1.4970   1.7170   2.0630   2.2830   2.5100   2.7380   3.0710   3.3070   3.5520   3.7750   4.0100   4.2470   4.4290   0.0000   0.0000   0.0000   0.0000   0.0000;
298:  0.2530   0.5680   0.7850   1.0050   1.2260   1.4970   1.7170   2.0620   2.2820   2.5100   2.7380   3.0710   3.3060   3.5520   3.7750   4.0090   4.2460   4.4240   0.0000   0.0000   0.0000   0.0000   0.0000;
299:  0.2520   0.5680   0.7860   1.0060   1.2260   1.4970   1.7170   2.0620   2.2820   2.5100   2.7380   3.0700   3.3050   3.5520   3.7740   4.0070   4.2450   4.4190   0.0000   0.0000   0.0000   0.0000   0.0000;
300:  0.2520   0.5680   0.7860   1.0060   1.2260   1.4970   1.7170   2.0620   2.2820   2.5100   2.7380   3.0700   3.3040   3.5510   3.7730   4.0050   4.2450   4.4140   0.0000   0.0000   0.0000   0.0000   0.0000;
301:  0.2520   0.5680   0.7860   1.0060   1.2260   1.4970   1.7170   2.0620   2.2820   2.5090   2.7370   3.0700   3.3040   3.5510   3.7720   4.0030   4.2440   4.4090   0.0000   0.0000   0.0000   0.0000   0.0000;
302:  0.2510   0.5680   0.7860   1.0060   1.2260   1.4970   1.7170   2.0620   2.2820   2.5090   2.7370   3.0700   3.3030   3.5500   3.7710   4.0020   4.2420   4.4050   0.0000   0.0000   0.0000   0.0000   0.0000;
303:  0.2510   0.5680   0.7860   1.0060   1.2260   1.4970   1.7160   2.0620   2.2820   2.5090   2.7360   3.0690   3.3030   3.5490   3.7710   4.0010   4.2400   4.4010   0.0000   0.0000   0.0000   0.0000   0.0000;
304:  0.2510   0.5680   0.7860   1.0060   1.2260   1.4970   1.7160   2.0610   2.2820   2.5090   2.7360   3.0690   3.3030   3.5490   3.7700   4.0010   4.2380   4.3970   0.0000   0.0000   0.0000   0.0000   0.0000;
305:  0.2500   0.5690   0.7860   1.0060   1.2260   1.4970   1.7160   2.0610   2.2820   2.5080   2.7350   3.0690   3.3030   3.5480   3.7690   4.0010   4.2360   4.3940   0.0000   0.0000   0.0000   0.0000   0.0000;
306:  0.2500   0.5690   0.7860   1.0060   1.2260   1.4970   1.7160   2.0600   2.2820   2.5070   2.7350   3.0690   3.3030   3.5470   3.7680   4.0000   4.2340   4.3920   0.0000   0.0000   0.0000   0.0000   0.0000;
307:  0.2490   0.5690   0.7860   1.0070   1.2260   1.4970   1.7160   2.0600   2.2820   2.5070   2.7340   3.0690   3.3030   3.5460   3.7670   4.0000   4.2320   4.3900   0.0000   0.0000   0.0000   0.0000   0.0000;
308:  0.2490   0.5690   0.7860   1.0070   1.2260   1.4980   1.7150   2.0600   2.2820   2.5070   2.7330   3.0690   3.3030   3.5450   3.7650   4.0000   4.2300   4.3880   0.0000   0.0000   0.0000   0.0000   0.0000;
309:  0.2490   0.5690   0.7860   1.0070   1.2260   1.4980   1.7150   2.0590   2.2820   2.5060   2.7320   3.0690   3.3020   3.5440   3.7640   3.9980   4.2290   4.3870   0.0000   0.0000   0.0000   0.0000   0.0000;
310:  0.2480   0.5690   0.7870   1.0080   1.2260   1.4980   1.7150   2.0590   2.2820   2.5060   2.7310   3.0690   3.3020   3.5430   3.7630   3.9980   4.2270   4.3870   0.0000   0.0000   0.0000   0.0000   0.0000;
311:  0.2480   0.5690   0.7870   1.0080   1.2270   1.4980   1.7150   2.0590   2.2820   2.5050   2.7310   3.0690   3.3020   3.5420   3.7620   3.9970   4.2260   4.3890   0.0000   0.0000   0.0000   0.0000   0.0000;
312:  0.2470   0.5700   0.7870   1.0080   1.2270   1.4990   1.7150   2.0590   2.2820   2.5050   2.7300   3.0690   3.3020   3.5400   3.7610   3.9970   4.2240   4.3910   0.0000   0.0000   0.0000   0.0000   0.0000;
313:  0.2470   0.5700   0.7870   1.0080   1.2270   1.4990   1.7150   2.0590   2.2820   2.5050   2.7290   3.0700   3.3020   3.5390   3.7600   3.9970   4.2230   4.3940   0.0000   0.0000   0.0000   0.0000   0.0000;
314:  0.2470   0.5700   0.7870   1.0090   1.2270   1.4990   1.7150   2.0580   2.2830   2.5050   2.7290   3.0700   3.3020   3.5390   3.7590   3.9970   4.2220   4.3970   0.0000   0.0000   0.0000   0.0000   0.0000;
315:  0.2460   0.5700   0.7870   1.0090   1.2270   1.5000   1.7150   2.0590   2.2830   2.5050   2.7280   3.0710   3.3010   3.5370   3.7580   3.9970   4.2200   4.4000   0.0000   0.0000   0.0000   0.0000   0.0000;
316:  0.2460   0.5710   0.7870   1.0090   1.2270   1.5000   1.7150   2.0590   2.2830   2.5050   2.7280   3.0710   3.3010   3.5360   3.7570   3.9970   4.2190   4.4030   0.0000   0.0000   0.0000   0.0000   0.0000;
317:  0.2450   0.5710   0.7870   1.0100   1.2280   1.5000   1.7150   2.0590   2.2830   2.5050   2.7280   3.0720   3.3010   3.5360   3.7560   3.9970   4.2180   4.4060   0.0000   0.0000   0.0000   0.0000   0.0000;
318:  0.2450   0.5710   0.7870   1.0100   1.2280   1.5000   1.7150   2.0600   2.2830   2.5050   2.7270   3.0730   3.3000   3.5350   3.7550   3.9970   4.2180   4.4080   4.6190   4.7960   5.0220   0.0000   0.0000;
319:  0.2450   0.5710   0.7880   1.0100   1.2280   1.5000   1.7150   2.0600   2.2830   2.5050   2.7270   3.0750   3.3000   3.5340   3.7550   3.9970   4.2180   4.4110   4.6140   4.8040   5.0300   0.0000   0.0000;
320:  0.2440   0.5720   0.7880   1.0110   1.2280   1.5000   1.7150   2.0610   2.2830   2.5050   2.7270   3.0750   3.3000   3.5340   3.7550   3.9980   4.2170   4.4130   4.6110   4.8130   5.0400   0.0000   0.0000;
321:  0.2440   0.5720   0.7880   1.0110   1.2290   1.5010   1.7150   2.0610   2.2830   2.5050   2.7270   3.0760   3.2990   3.5340   3.7550   3.9980   4.2170   4.4150   4.6080   4.8210   5.0500   0.0000   0.0000;
322:  0.2440   0.5720   0.7880   1.0120   1.2290   1.5010   1.7150   2.0620   2.2830   2.5050   2.7270   3.0760   3.2980   3.5340   3.7540   3.9980   4.2160   4.4180   4.6060   4.8300   5.0610   0.0000   0.0000;
323:  0.2430   0.5730   0.7880   1.0120   1.2290   1.5010   1.7160   2.0630   2.2830   2.5060   2.7280   3.0770   3.2980   3.5340   3.7530   3.9980   4.2160   4.4200   4.6040   4.8380   5.0740   0.0000   0.0000;
324:  0.2430   0.5730   0.7890   1.0120   1.2300   1.5010   1.7160   2.0640   2.2830   2.5060   2.7280   3.0780   3.2970   3.5330   3.7530   3.9980   4.2160   4.4220   4.6030   4.8470   5.0860   0.0000   0.0000;
325:  0.2420   0.5730   0.7890   1.0130   1.2300   1.5010   1.7170   2.0650   2.2830   2.5060   2.7280   3.0780   3.2970   3.5330   3.7530   3.9990   4.2160   4.4240   4.6030   4.8550   5.0990   0.0000   0.0000;
326:  0.2420   0.5740   0.7890   1.0130   1.2300   1.5010   1.7170   2.0650   2.2830   2.5060   2.7280   3.0790   3.2960   3.5330   3.7530   3.9990   4.2160   4.4270   4.6040   4.8640   5.1120   0.0000   0.0000;
327:  0.2420   0.5740   0.7890   1.0130   1.2310   1.5010   1.7180   2.0660   2.2830   2.5060   2.7290   3.0790   3.2960   3.5330   3.7530   3.9990   4.2150   4.4290   4.6050   4.8730   5.1250   0.0000   0.0000;
328:  0.2410   0.5740   0.7890   1.0130   1.2310   1.5010   1.7180   2.0660   2.2830   2.5060   2.7290   3.0790   3.2960   3.5330   3.7530   4.0000   4.2150   4.4310   4.6080   4.8810   5.1380   0.0000   0.0000;
329:  0.2410   0.5750   0.7900   1.0130   1.2310   1.5020   1.7190   2.0670   2.2830   2.5060   2.7290   3.0790   3.2950   3.5340   3.7530   4.0000   4.2150   4.4350   4.6100   4.8900   5.1500   0.0000   0.0000;
330:  0.2400   0.5750   0.7900   1.0140   1.2310   1.5020   1.7190   2.0670   2.2830   2.5060   2.7290   3.0790   3.2950   3.5340   3.7530   4.0000   4.2150   4.4370   4.6130   4.8980   5.1630   0.0000   0.0000;
331:  0.2400   0.5750   0.7900   1.0140   1.2320   1.5020   1.7200   2.0670   2.2830   2.5060   2.7290   3.0790   3.2950   3.5340   3.7530   3.9990   4.2150   4.4400   4.6180   4.9070   5.1740   0.0000   0.0000;
332:  0.2400   0.5750   0.7900   1.0140   1.2320   1.5020   1.7210   2.0670   2.2830   2.5060   2.7290   3.0790   3.2950   3.5340   3.7530   3.9990   4.2150   4.4420   4.6230   4.9150   5.1850   0.0000   0.0000;
333:  0.2390   0.5760   0.7910   1.0150   1.2330   1.5030   1.7220   2.0680   2.2840   2.5060   2.7290   3.0790   3.2950   3.5350   3.7530   4.0000   4.2150   4.4440   4.6280   4.9240   5.1950   0.0000   0.0000;
334:  0.2390   0.5760   0.7910   1.0150   1.2330   1.5030   1.7230   2.0680   2.2840   2.5060   2.7290   3.0780   3.2950   3.5350   3.7530   4.0000   4.2150   4.4460   4.6340   4.9330   5.2040   0.0000   0.0000;
335:  0.2380   0.5760   0.7910   1.0150   1.2330   1.5040   1.7230   2.0670   2.2840   2.5060   2.7300   3.0780   3.2950   3.5350   3.7540   4.0000   4.2160   4.4480   4.6400   4.9410   5.2110   0.0000   0.0000;
336:  0.2380   0.5760   0.7910   1.0150   1.2330   1.5040   1.7240   2.0670   2.2850   2.5070   2.7300   3.0780   3.2950   3.5350   3.7540   4.0000   4.2160   4.4510   4.6470   4.9490   5.2170   0.0000   0.0000;
337:  0.2380   0.5760   0.7920   1.0150   1.2330   1.5040   1.7250   2.0670   2.2850   2.5070   2.7300   3.0780   3.2950   3.5350   3.7550   4.0010   4.2170   4.4540   4.6540   4.9570   5.2220   0.0000   0.0000;
338:  0.2370   0.5770   0.7920   1.0150   1.2340   1.5050   1.7260   2.0670   2.2850   2.5070   2.7300   3.0780   3.2950   3.5360   3.7550   4.0010   4.2170   4.4570   4.6610   4.9640   5.2250   0.0000   0.0000;
339:  0.2370   0.5770   0.7920   1.0150   1.2340   1.5050   1.7270   2.0660   2.2850   2.5070   2.7300   3.0790   3.2950   3.5360   3.7550   4.0010   4.2180   4.4590   4.6700   4.9720   5.2270   0.0000   0.0000;
340:  0.2360   0.5770   0.7920   1.0150   1.2340   1.5050   1.7270   2.0660   2.2860   2.5070   2.7300   3.0790   3.2950   3.5370   3.7550   4.0020   4.2190   4.4610   4.6770   4.9790   5.2290   0.0000   0.0000;
341:  0.2360   0.5770   0.7930   1.0160   1.2340   1.5060   1.7270   2.0650   2.2860   2.5070   2.7300   3.0790   3.2950   3.5360   3.7560   4.0030   4.2200   4.4620   4.6830   4.9850   5.2320   0.0000   0.0000;
342:  0.2360   0.5780   0.7930   1.0160   1.2340   1.5060   1.7280   2.0650   2.2860   2.5070   2.7300   3.0800   3.2950   3.5370   3.7570   4.0030   4.2220   4.4640   4.6890   4.9920   5.2340   0.0000   0.0000;
343:  0.2350   0.5780   0.7930   1.0160   1.2350   1.5060   1.7280   2.0650   2.2860   2.5070   2.7300   3.0800   3.2950   3.5370   3.7580   4.0040   4.2250   4.4660   4.6950   5.0000   5.2350   0.0000   0.0000;
344:  0.2350   0.5780   0.7930   1.0160   1.2350   1.5070   1.7280   2.0650   2.2870   2.5080   2.7300   3.0800   3.2950   3.5380   3.7580   4.0050   4.2270   4.4680   4.7000   5.0060   5.2370   0.0000   0.0000;
345:  0.2340   0.5780   0.7940   1.0160   1.2350   1.5070   1.7280   2.0660   2.2870   2.5080   2.7300   3.0810   3.2950   3.5380   3.7580   4.0060   4.2300   4.4700   4.7040   5.0120   5.2390   0.0000   0.0000;
346:  0.2340   0.5780   0.7940   1.0160   1.2350   1.5070   1.7280   2.0660   2.2870   2.5090   2.7300   3.0810   3.2960   3.5390   3.7580   4.0070   4.2320   4.4720   4.7090   5.0170   5.2410   0.0000   0.0000;
347:  0.2340   0.5780   0.7940   1.0170   1.2350   1.5080   1.7280   2.0670   2.2870   2.5090   2.7300   3.0810   3.2970   3.5390   3.7590   4.0090   4.2340   4.4740   4.7130   5.0230   5.2440   0.0000   0.0000;
348:  0.2330   0.5780   0.7940   1.0170   1.2350   1.5080   1.7280   2.0680   2.2880   2.5100   2.7310   3.0820   3.2980   3.5400   3.7600   4.0100   4.2360   4.4770   4.7160   5.0280   5.2460   0.0000   0.0000;
349:  0.2330   0.5780   0.7950   1.0170   1.2360   1.5080   1.7280   2.0690   2.2880   2.5100   2.7310   3.0820   3.2980   3.5400   3.7610   4.0120   4.2390   4.4790   4.7200   5.0320   5.2490   0.0000   0.0000;
350:  0.2330   0.5780   0.7950   1.0170   1.2360   1.5080   1.7270   2.0700   2.2880   2.5110   2.7310   3.0830   3.2990   3.5420   3.7620   4.0140   4.2420   4.4820   4.7230   5.0360   5.2530   0.0000   0.0000;
351:  0.2320   0.5780   0.7950   1.0170   1.2360   1.5090   1.7270   2.0710   2.2890   2.5120   2.7320   3.0840   3.3000   3.5430   3.7630   4.0160   4.2440   4.4850   4.7250   5.0390   5.2560   0.0000   0.0000;
352:  0.2320   0.5780   0.7950   1.0170   1.2360   1.5090   1.7260   2.0730   2.2890   2.5120   2.7320   3.0840   3.3010   3.5440   3.7640   4.0180   4.2470   4.4880   4.7270   5.0430   5.2590   0.0000   0.0000;
353:  0.2310   0.5780   0.7950   1.0170   1.2360   1.5090   1.7250   2.0750   2.2890   2.5130   2.7330   3.0850   3.3020   3.5450   3.7650   4.0200   4.2490   4.4910   4.7290   5.0450   0.0000   0.0000   0.0000;
354:  0.2310   0.5780   0.7950   1.0170   1.2360   1.5090   1.7250   2.0760   2.2890   2.5130   2.7340   3.0860   3.3030   3.5450   3.7670   4.0220   4.2520   4.4950   4.7310   5.0480   0.0000   0.0000   0.0000;
355:  0.2310   0.5780   0.7950   1.0170   1.2360   1.5090   1.7240   2.0780   2.2890   2.5140   2.7340   3.0870   3.3040   3.5470   3.7680   4.0240   4.2540   4.4990   4.7330   5.0500   0.0000   0.0000   0.0000;
356:  0.2300   0.5780   0.7950   1.0170   1.2360   1.5090   1.7240   2.0790   2.2890   2.5140   2.7350   3.0880   3.3050   3.5480   3.7700   4.0260   4.2570   4.5020   4.7360   5.0530   0.0000   0.0000   0.0000;
357:  0.2300   0.5780   0.7960   1.0170   1.2360   1.5090   1.7230   2.0800   2.2890   2.5150   2.7350   3.0890   3.3060   3.5490   3.7730   4.0290   4.2590   4.5040   4.7380   5.0550   0.0000   0.0000   0.0000;
358:  0.2290   0.5780   0.7960   1.0170   1.2360   1.5090   1.7230   2.0810   2.2890   2.5150   2.7360   3.0900   3.3070   3.5510   3.7750   4.0310   4.2620   4.5080   4.7390   5.0570   0.0000   0.0000   0.0000;
359:  0.2290   0.5780   0.7960   1.0170   1.2360   1.5090   1.7230   2.0820   2.2890   2.5160   2.7370   3.0910   3.3090   3.5520   3.7770   4.0340   4.2640   4.5110   4.7410   5.0580   0.0000   0.0000   0.0000;
#AFTER_DB_V4;
000:  0.2290   0.5780   0.7960   1.0170   1.2360   1.5090   1.7230   2.0820   2.2900   2.5160   2.7370   3.0920   3.3100   3.5530   3.7790   4.0370   4.2660   4.5150   4.7430   0.0000   0.0000   0.0000   0.0000;
001:  0.2280   0.5780   0.7960   1.0170   1.2360   1.5100   1.7220   2.0820   2.2900   2.5170   2.7380   3.0940   3.3110   3.5540   3.7820   4.0400   4.2680   4.5180   4.7450   0.0000   0.0000   0.0000   0.0000;
002:  0.2280   0.5780   0.7960   1.0170   1.2360   1.5100   1.7220   2.0830   2.2900   2.5180   2.7390   3.0950   3.3130   3.5550   3.7840   4.0420   4.2700   4.5210   4.7470   0.0000   0.0000   0.0000   0.0000;
003:  0.2270   0.5780   0.7960   1.0170   1.2360   1.5100   1.7230   2.0820   2.2910   2.5180   2.7390   3.0960   3.3140   3.5570   3.7860   4.0450   4.2710   4.5230   4.7490   0.0000   0.0000   0.0000   0.0000;
004:  0.2270   0.5780   0.7960   1.0170   1.2360   1.5100   1.7230   2.0820   2.2910   2.5190   2.7400   3.0980   3.3160   3.5580   3.7890   4.0490   4.2730   4.5250   4.7500   0.0000   0.0000   0.0000   0.0000;
005:  0.2270   0.5780   0.7960   1.0170   1.2360   1.5100   1.7230   2.0820   2.2910   2.5190   2.7400   3.1000   3.3180   3.5600   3.7910   4.0510   4.2740   4.5280   4.7520   0.0000   0.0000   0.0000   0.0000;
006:  0.2260   0.5780   0.7960   1.0170   1.2360   1.5100   1.7240   2.0810   2.2910   2.5200   2.7410   3.1010   3.3200   3.5620   3.7930   4.0540   4.2760   4.5300   4.7530   0.0000   0.0000   0.0000   0.0000;
007:  0.2260   0.5780   0.7960   1.0170   1.2360   1.5100   1.7240   2.0800   2.2910   2.5200   2.7410   3.1030   3.3210   3.5640   3.7950   4.0570   4.2790   4.5320   4.7550   0.0000   0.0000   0.0000   0.0000;
008:  0.2250   0.5780   0.7960   1.0160   1.2360   1.5100   1.7240   2.0790   2.2910   2.5200   2.7420   3.1040   3.3230   3.5660   3.7980   4.0600   4.2810   4.5340   4.7560   0.0000   0.0000   0.0000   0.0000;
009:  0.2250   0.5780   0.7960   1.0160   1.2360   1.5110   1.7250   2.0780   2.2910   2.5210   2.7420   3.1050   3.3250   3.5670   3.8000   4.0620   4.2830   4.5360   4.7570   0.0000   0.0000   0.0000   0.0000;
010:  0.2250   0.5780   0.7960   1.0160   1.2360   1.5110   1.7250   2.0760   2.2910   2.5210   2.7430   3.1060   3.3270   3.5690   3.8030   4.0650   4.2850   4.5390   4.7590   0.0000   0.0000   0.0000   0.0000;
011:  0.2240   0.5780   0.7960   1.0160   1.2360   1.5110   1.7250   2.0750   2.2920   2.5210   2.7430   3.1080   3.3290   3.5700   3.8050   4.0670   4.2870   4.5410   4.7600   0.0000   0.0000   0.0000   0.0000;
012:  0.2240   0.5780   0.7950   1.0160   1.2360   1.5110   1.7250   2.0740   2.2920   2.5220   2.7440   3.1090   3.3310   3.5710   3.8070   4.0690   4.2890   4.5440   4.7600   0.0000   0.0000   0.0000   0.0000;
013:  0.2240   0.5780   0.7950   1.0160   1.2360   1.5110   1.7260   2.0740   2.2920   2.5220   2.7440   3.1100   3.3330   3.5730   3.8090   4.0710   4.2910   4.5460   4.7610   0.0000   0.0000   0.0000   0.0000;
014:  0.2240   0.5770   0.7950   1.0160   1.2360   1.5110   1.7260   2.0730   2.2920   2.5230   2.7450   3.1110   3.3360   3.5740   3.8120   4.0730   4.2920  -4.5480   4.7610   0.0000   0.0000   0.0000   0.0000;
015:  0.2230   0.5770   0.7950   1.0160   1.2360   1.5120   1.7260   2.0730   2.2920   2.5230   2.7450   3.1120   3.3380   3.5750   3.8150   4.0750   4.2940   0.0000   0.0000   0.0000   0.0000   0.0000   0.0000;
016:  0.2230   0.5770   0.7950   1.0160   1.2360   1.5120   1.7260   2.0730   2.2920   2.5230   2.7460   3.1130   3.3400   3.5760   3.8170   4.0770   4.2940   0.0000   0.0000   0.0000   0.0000   0.0000   0.0000;
017:  0.2230   0.5770   0.7950   1.0160   1.2360   1.5120   1.7260   2.0730   2.2920   2.5240   2.7470   3.1140   3.3420   3.5760   3.8190   4.0780   4.2940   0.0000   0.0000   0.0000   0.0000   0.0000   0.0000;
018:  0.2220   0.5770   0.7940   1.0160   1.2360   1.5120   1.7250   2.0730   2.2920   2.5240   2.7470   3.1150   3.3430   3.5770   3.8210   4.0790   4.2950   0.0000   0.0000   0.0000   0.0000   0.0000   0.0000;
019:  0.2220   0.5770   0.7940   1.0150   1.2360   1.5120   1.7250   2.0730   2.2920   2.5240   2.7480   3.1150   3.3450   3.5770   3.8230   4.0790   4.2950   0.0000   0.0000   0.0000   0.0000   0.0000   0.0000;
020:  0.2220   0.5770   0.7940   1.0150   1.2360   1.5120   1.7250   2.0730   2.2920   2.5240   2.7490   3.1150   3.3460   3.5780   3.8240   4.0790   4.2950   0.0000   0.0000   0.0000   0.0000   0.0000   0.0000;
021:  0.2210   0.5770   0.7940   1.0150   1.2360   1.5120   1.7250   2.0730   2.2920   2.5240   2.7490   3.1150   3.3480   3.5790   3.8260   4.0790   4.2950   0.0000   0.0000   0.0000   0.0000   0.0000   0.0000;
022:  0.2210   0.5770   0.7930   1.0150   1.2360   1.5120   1.7240   2.0730   2.2910   2.5240   2.7490   3.1140   3.3490   3.5800   3.8280   4.0780   4.2940   0.0000   0.0000   0.0000   0.0000   0.0000   0.0000;
023:  0.2210   0.5770   0.7930   1.0150   1.2360   1.5120   1.7240   2.0730   2.2910   2.5240   2.7500   3.1130   3.3510   3.5800   3.8290   4.0770   4.2940   0.0000   0.0000   0.0000   0.0000   0.0000   0.0000;
024:  0.2210   0.5770   0.7930   1.0150   1.2360   1.5120   1.7240   2.0730   2.2910   2.5240   2.7500   3.1110   3.3510   3.5800   3.8310   4.0750   4.2930   0.0000   0.0000   0.0000   0.0000   0.0000   0.0000;
025:  0.2200   0.5760   0.7930   1.0150   1.2360   1.5110   1.7240   2.0730   2.2910   2.5240   2.7500   3.1100   3.3510   3.5810   3.8330   4.0740   4.2930   0.0000   0.0000   0.0000   0.0000   0.0000   0.0000;
026:  0.2200   0.5760   0.7920   1.0150   1.2360   1.5110   1.7230   2.0730   2.2900   2.5240   2.7500   3.1080   3.3510   3.5820   3.8350   4.0730   4.2920   0.0000   0.0000   0.0000   0.0000   0.0000   0.0000;
027:  0.2200   0.5760   0.7920   1.0140   1.2350   1.5110   1.7220   2.0730   2.2900   2.5240   2.7500   3.1050   3.3520   3.5840   3.8360   4.0720   0.0000   0.0000   0.0000   0.0000   0.0000   0.0000   0.0000;
028:  0.2200   0.5760   0.7920   1.0140   1.2350   1.5100   1.7220   2.0730   2.2900   2.5240   2.7490   3.1030   3.3520   3.5850   3.8350   4.0720   0.0000   0.0000   0.0000   0.0000   0.0000   0.0000   0.0000;
029:  0.2200   0.5760   0.7910   1.0130   1.2340   1.5100   1.7220   2.0730   2.2890   2.5230   2.7490   3.1010   3.3520   3.5870   3.8360   4.0720   0.0000   0.0000   0.0000   0.0000   0.0000   0.0000   0.0000;
030:  0.2190   0.5760   0.7910   1.0130   1.2340   1.5090   1.7220   2.0720   2.2890   2.5230   2.7490   3.0980   3.3530   3.5880   3.8360   4.0730   0.0000   0.0000   0.0000   0.0000   0.0000   0.0000   0.0000;
031:  0.2190   0.5760   0.7910   1.0130   1.2330   1.5090   1.7210   2.0720   2.2890   2.5220   2.7480   3.0960   3.3540   3.5900   3.8370   4.0740   0.0000   0.0000   0.0000   0.0000   0.0000   0.0000   0.0000;
032:  0.2190   0.5760   0.7910   1.0120   1.2330   1.5080   1.7210   2.0720   2.2880   2.5220   2.7470   3.0930   3.3540   3.5920   3.8380   4.0760   0.0000   0.0000   0.0000   0.0000   0.0000   0.0000   0.0000;
033:  0.2190   0.5750   0.7900   1.0120   1.2330   1.5080   1.7200   2.0720   2.2880   2.5220   2.7450   3.0910   3.3540   3.5930   3.8390   4.0790   0.0000   0.0000   0.0000   0.0000   0.0000   0.0000   0.0000;
034:  0.2190   0.5750   0.7900   1.0110   1.2320   1.5070   1.7200   2.0720   2.2880   2.5220   2.7430   3.0880   3.3530   3.5950   3.8400   4.0820   0.0000   0.0000   0.0000   0.0000   0.0000   0.0000   0.0000;
035:  0.2180   0.5750   0.7900   1.0110   1.2320   1.5070   1.7190   2.0720   2.2870   2.5220   2.7400   3.0850   3.3530   3.5960   3.8410   4.0850   0.0000   0.0000   0.0000   0.0000   0.0000   0.0000   0.0000;
036:  0.2180   0.5750   0.7890   1.0110   1.2310   1.5060   1.7190   2.0710   2.2870   2.5210   2.7360   3.0830   3.3530   3.5980   3.8430   4.0880   0.0000   0.0000   0.0000   0.0000   0.0000   0.0000   0.0000;
037:  0.2180   0.5750   0.7890   1.0100   1.2310   1.5050   1.7180   2.0710   2.2870   2.5210   2.7330   3.0810   3.3520   3.5990   3.8440   4.0920   0.0000   0.0000   0.0000   0.0000   0.0000   0.0000   0.0000;
038:  0.2180   0.5750   0.7890   1.0100   1.2300   1.5050   1.7180   2.0710   2.2870   2.5210   2.7300   3.0790   3.3530   3.6000   3.8450   4.0960   0.0000   0.0000   0.0000   0.0000   0.0000   0.0000   0.0000;
039:  0.2180   0.5750   0.7890   1.0100   1.2290   1.5040   1.7170   2.0700   2.2870   2.5210   2.7270   3.0790   3.3530   3.6020   3.8470   4.1000   0.0000   0.0000   0.0000   0.0000   0.0000   0.0000   0.0000;
040:  0.2180   0.5740   0.7880   1.0090   1.2290   1.5030   1.7170   2.0700   2.2860   2.5200   2.7250   3.0780   3.3530   3.6020   3.8490   4.1040   0.0000   0.0000   0.0000   0.0000   0.0000   0.0000   0.0000;
041:  0.2180   0.5740   0.7880   1.0090   1.2280   1.5030   1.7170   2.0690   2.2860   2.5200   2.7230   3.0770   3.3530   3.6020   3.8500   4.1070   0.0000   0.0000   0.0000   0.0000   0.0000   0.0000   0.0000;
042:  0.2180   0.5740   0.7880   1.0090   1.2280   1.5020   1.7170   2.0690   2.2860   2.5200   2.7200   3.0760   3.3530   3.6020   3.8510   0.0000   0.0000   0.0000   0.0000   0.0000   0.0000   0.0000   0.0000;
043:  0.2180   0.5740   0.7870   1.0090   1.2270   1.5010   1.7160   2.0690   2.2860   2.5200   2.7190   3.0760   3.3520   3.6020   3.8520   0.0000   0.0000   0.0000   0.0000   0.0000   0.0000   0.0000   0.0000;
044:  0.2170   0.5740   0.7870   1.0090   1.2270   1.5010   1.7160   2.0680   2.2850   2.5200   2.7180   3.0770   3.3530   3.6020   3.8530   0.0000   0.0000   0.0000   0.0000   0.0000   0.0000   0.0000   0.0000;
045:  0.2170   0.5730   0.7870   1.0090   1.2260   1.5000   1.7160   2.0670   2.2850   2.5200   2.7170   3.0770   3.3530   3.6010   0.0000   0.0000   0.0000   0.0000   0.0000   0.0000   0.0000   0.0000   0.0000;
046:  0.2170   0.5730   0.7870   1.0090   1.2260   1.5000   1.7160   2.0670   2.2850   2.5190   2.7160   3.0770   3.3520   0.0000   0.0000   0.0000   0.0000   0.0000   0.0000   0.0000   0.0000   0.0000   0.0000;
047:  0.2170   0.5730   0.7860   1.0080   1.2250   1.4990   1.7160   2.0660   2.2840   2.5190   2.7160   3.0780   3.3510   0.0000   0.0000   0.0000   0.0000   0.0000   0.0000   0.0000   0.0000   0.0000   0.0000;
048:  0.2170   0.5730   0.7860   1.0080   1.2250   1.4980   1.7150   2.0650   2.2840   2.5190   2.7160   3.0780   3.3500   0.0000   0.0000   0.0000   0.0000   0.0000   0.0000   0.0000   0.0000   0.0000   0.0000;
049:  0.2170   0.5730   0.7860   1.0080   1.2250   1.4980   1.7150   2.0640   2.2830   2.5190   2.7170   3.0790   3.3480   0.0000   0.0000   0.0000   0.0000   0.0000   0.0000   0.0000   0.0000   0.0000   0.0000;
050:  0.2170   0.5720   0.7850   1.0080   1.2240   1.4980   1.7150   2.0640   2.2820   2.5180   2.7180   3.0790   3.3450   0.0000   0.0000   0.0000   0.0000   0.0000   0.0000   0.0000   0.0000   0.0000   0.0000;
051:  0.2170   0.5720   0.7850   1.0070   1.2240   1.4970   1.7150   2.0630   2.2810   2.5180   2.7200   3.0790   3.3420   0.0000   0.0000   0.0000   0.0000   0.0000   0.0000   0.0000   0.0000   0.0000   0.0000;
052:  0.2170   0.5720   0.7850   1.0070   1.2240   1.4960   1.7140   2.0620   2.2800   2.5170   2.7220   3.0800   3.3390   0.0000   0.0000   0.0000   0.0000   0.0000   0.0000   0.0000   0.0000   0.0000   0.0000;
053:  0.2170   0.5720   0.7850   1.0060   1.2240   1.4960   1.7140   2.0620   2.2800   2.5170   2.7250   3.0800   3.3360   0.0000   0.0000   0.0000   0.0000   0.0000   0.0000   0.0000   0.0000   0.0000   0.0000;
054:  0.2170   0.5720   0.7850   1.0060   1.2230   1.4950   1.7140   2.0610   2.2800   2.5160   2.7270   3.0810   3.3320   0.0000   0.0000   0.0000   0.0000   0.0000   0.0000   0.0000   0.0000   0.0000   0.0000;
055:  0.2170   0.5710   0.7840   1.0050   1.2230   1.4950   1.7140   2.0600   2.2790   2.5150   2.7300   3.0810   3.3280   0.0000   0.0000   0.0000   0.0000   0.0000   0.0000   0.0000   0.0000   0.0000   0.0000;
056:  0.2170   0.5710   0.7840   1.0050   1.2220   1.4950   1.7140   2.0600   2.2770   2.5140   2.7330   3.0820   3.3240   0.0000   0.0000   0.0000   0.0000   0.0000   0.0000   0.0000   0.0000   0.0000   0.0000;
057:  0.2160   0.5710   0.7840   1.0040   1.2220   1.4940   1.7130   2.0590   2.2760   2.5140   2.7350   3.0810   3.3200   0.0000   0.0000   0.0000   0.0000   0.0000   0.0000   0.0000   0.0000   0.0000   0.0000;
058:  0.2160   0.5710   0.7840   1.0040   1.2220   1.4930   1.7130   2.0590   2.2750   2.5130   2.7360   3.0810   3.3150   0.0000   0.0000   0.0000   0.0000   0.0000   0.0000   0.0000   0.0000   0.0000   0.0000;
059:  0.2160   0.5710   0.7840   1.0040   1.2220   1.4930   1.7120   2.0580   2.2750   2.5130   2.7370   3.0800   3.3090   0.0000   0.0000   0.0000   0.0000   0.0000   0.0000   0.0000   0.0000   0.0000   0.0000;
060:  0.2160   0.5710   0.7840   1.0030   1.2210   1.4920   1.7120   2.0580   2.2730   2.5130   2.7380   3.0790   3.3040   0.0000   0.0000   0.0000   0.0000   0.0000   0.0000   0.0000   0.0000   0.0000   0.0000;
061:  0.2160   0.5700   0.7830   1.0030   1.2210   1.4920   1.7110   2.0580   2.2730   2.5120   2.7380   3.0780   0.0000   0.0000   0.0000   0.0000   0.0000   0.0000   0.0000   0.0000   0.0000   0.0000   0.0000;
062:  0.2160   0.5700   0.7830   1.0020   1.2200   1.4910   1.7110   2.0570   2.2720   2.5110   2.7380   3.0760   0.0000   0.0000   0.0000   0.0000   0.0000   0.0000   0.0000   0.0000   0.0000   0.0000   0.0000;
063:  0.2160   0.5700   0.7830   1.0020   1.2200   1.4900   1.7100   2.0560   2.2710   2.5110   2.7380   3.0740   0.0000   0.0000   0.0000   0.0000   0.0000   0.0000   0.0000   0.0000   0.0000   0.0000   0.0000;
064:  0.2160   0.5700   0.7830   1.0020   1.2190   1.4900   1.7100   2.0560   2.2700   2.5110   2.7380   3.0710   0.0000   0.0000   0.0000   0.0000   0.0000   0.0000   0.0000   0.0000   0.0000   0.0000   0.0000;
065:  0.2160   0.5700   0.7820   1.0020   1.2190   1.4890   1.7090   2.0550   2.2690   2.5110   2.7380   3.0680   0.0000   0.0000   0.0000   0.0000   0.0000   0.0000   0.0000   0.0000   0.0000   0.0000   0.0000;
066:  0.2160   0.5700   0.7820   1.0020   1.2180   1.4890   1.7090   2.0550   2.2680   2.5120   2.7380   3.0640   0.0000   0.0000   0.0000   0.0000   0.0000   0.0000   0.0000   0.0000   0.0000   0.0000   0.0000;
067:  0.2160   0.5690   0.7820   1.0010   1.2180   1.4880   1.7090   2.0540   2.2680   2.5120   2.7370   3.0600   0.0000   0.0000   0.0000   0.0000   0.0000   0.0000   0.0000   0.0000   0.0000   0.0000   0.0000;
068:  0.2160   0.5690   0.7820   1.0010   1.2170   1.4870   1.7080   2.0530   2.2670   2.5140   2.7360   3.0550   0.0000   0.0000   0.0000   0.0000   0.0000   0.0000   0.0000   0.0000   0.0000   0.0000   0.0000;
069:  0.2160   0.5690   0.7820   1.0010   1.2170   1.4860   1.7080   2.0530   2.2670   2.5150   2.7350   3.0510   0.0000   0.0000   0.0000   0.0000   0.0000   0.0000   0.0000   0.0000   0.0000   0.0000   0.0000;
070:  0.2160   0.5690   0.7810   1.0010   1.2160   1.4860   1.7070   2.0520   2.2660   2.5160   2.7340   3.0450   0.0000   0.0000   0.0000   0.0000   0.0000   0.0000   0.0000   0.0000   0.0000   0.0000   0.0000;
071:  0.2160   0.5690   0.7810   1.0010   1.2160   1.4850   1.7070   2.0510   2.2640   2.5170   2.7330   3.0400   0.0000   0.0000   0.0000   0.0000   0.0000   0.0000   0.0000   0.0000   0.0000   0.0000   0.0000;
072:  0.2160   0.5690   0.7810   1.0010   1.2150   1.4840   1.7070   2.0500   2.2620   2.5170   2.7330   3.0350   0.0000   0.0000   0.0000   0.0000   0.0000   0.0000   0.0000   0.0000   0.0000   0.0000   0.0000;
073:  0.2160   0.5690   0.7810   1.0010   1.2150   1.4840   1.7060   2.0490   2.2600   2.5170   2.7310   3.0300   0.0000   0.0000   0.0000   0.0000   0.0000   0.0000   0.0000   0.0000   0.0000   0.0000   0.0000;
074:  0.2160   0.5690   0.7800   1.0010   1.2150   1.4830   1.7050   2.0480   2.2580   2.5180   2.7300   3.0250   0.0000   0.0000   0.0000   0.0000   0.0000   0.0000   0.0000   0.0000   0.0000   0.0000   0.0000;
075:  0.2160   0.5680   0.7800   1.0010   1.2150   1.4820   1.7050   2.0470   2.2560   2.5180   2.7290   3.0190   0.0000   0.0000   0.0000   0.0000   0.0000   0.0000   0.0000   0.0000   0.0000   0.0000   0.0000;
076:  0.2160   0.5680   0.7800   1.0000   1.2150   1.4820   1.7040   2.0460   2.2550   2.5180   2.7270   3.0150   0.0000   0.0000   0.0000   0.0000   0.0000   0.0000   0.0000   0.0000   0.0000   0.0000   0.0000;
077:  0.2160   0.5680   0.7800   1.0000   1.2140   1.4810   1.7040   2.0450   2.2540   2.5170   2.7260   3.0100   0.0000   0.0000   0.0000   0.0000   0.0000   0.0000   0.0000   0.0000   0.0000   0.0000   0.0000;
078:  0.2160   0.5680   0.7800   1.0000   1.2140   1.4810   1.7030   2.0440   2.2520   2.5160   2.7240   3.0070   0.0000   0.0000   0.0000   0.0000   0.0000   0.0000   0.0000   0.0000   0.0000   0.0000   0.0000;
079:  0.2160   0.5680   0.7790   1.0000   1.2140   1.4800   1.7020   2.0440   2.2500   2.5150   2.7230   3.0040   0.0000   0.0000   0.0000   0.0000   0.0000   0.0000   0.0000   0.0000   0.0000   0.0000   0.0000;
080:  0.2160   0.5680   0.7790   0.9990   1.2140   1.4800   1.7020   2.0430   2.2490   2.5150   2.7210   3.0010   0.0000   0.0000   0.0000   0.0000   0.0000   0.0000   0.0000   0.0000   0.0000   0.0000   0.0000;
081:  0.2160   0.5680   0.7790   0.9990   1.2130   1.4800   1.7010   2.0420   2.2470   2.5140   2.7200   3.0000   0.0000   0.0000   0.0000   0.0000   0.0000   0.0000   0.0000   0.0000   0.0000   0.0000   0.0000;
082:  0.2160   0.5670   0.7790   0.9990   1.2130   1.4790   1.7010   2.0410   2.2460   2.5130   2.7190   2.9990   0.0000   0.0000   0.0000   0.0000   0.0000   0.0000   0.0000   0.0000   0.0000   0.0000   0.0000;
083:  0.2160   0.5670   0.7790   0.9980   1.2130   1.4790   1.7000   2.0410   2.2440   2.5110   2.7170   2.9990   0.0000   0.0000   0.0000   0.0000   0.0000   0.0000   0.0000   0.0000   0.0000   0.0000   0.0000;
084:  0.2170   0.5670   0.7780   0.9980   1.2130   1.4790   1.6990   2.0400   2.2440   2.5100   2.7160   2.9990   0.0000   0.0000   0.0000   0.0000   0.0000   0.0000   0.0000   0.0000   0.0000   0.0000   0.0000;
085:  0.2170   0.5670   0.7780   0.9980   1.2130   1.4790   1.6990   2.0390   2.2430   2.5090   2.7150   3.0000   0.0000   0.0000   0.0000   0.0000   0.0000   0.0000   0.0000   0.0000   0.0000   0.0000   0.0000;
086:  0.2170   0.5670   0.7780   0.9970   1.2130   1.4780   1.6990   2.0390   2.2430   2.5080   2.7140   3.0000   0.0000   0.0000   0.0000   0.0000   0.0000   0.0000   0.0000   0.0000   0.0000   0.0000   0.0000;
087:  0.2170   0.5670   0.7780   0.9970   1.2130   1.4780   1.6980   2.0380   2.2420   2.5070   2.7130   3.0020   0.0000   0.0000   0.0000   0.0000   0.0000   0.0000   0.0000   0.0000   0.0000   0.0000   0.0000;
088:  0.2170   0.5670   0.7780   0.9970   1.2130   1.4780   1.6980   2.0380   2.2410   2.5050   2.7130   3.0030   0.0000   0.0000   0.0000   0.0000   0.0000   0.0000   0.0000   0.0000   0.0000   0.0000   0.0000;
089:  0.2170   0.5670   0.7780   0.9960   1.2120   1.4780   1.6980   2.0380   2.2410   2.5040   2.7120   3.0040   0.0000   0.0000   0.0000   0.0000   0.0000   0.0000   0.0000   0.0000   0.0000   0.0000   0.0000;
090:  0.2170   0.5670   0.7780   0.9960   1.2120   1.4780   1.6970   2.0370   2.2420   2.5030   2.7120   3.0040   0.0000   0.0000   0.0000   0.0000   0.0000   0.0000   0.0000   0.0000   0.0000   0.0000   0.0000;
091:  0.2170   0.5670   0.7770   0.9960   1.2120   1.4780   1.6970   2.0370   2.2420   2.5030   2.7110   3.0050   0.0000   0.0000   0.0000   0.0000   0.0000   0.0000   0.0000   0.0000   0.0000   0.0000   0.0000;
092:  0.2170   0.5670   0.7770   0.9960   1.2120   1.4780   1.6970   2.0360   2.2430   2.5020   2.7110   3.0060   0.0000   0.0000   0.0000   0.0000   0.0000   0.0000   0.0000   0.0000   0.0000   0.0000   0.0000;
093:  0.2170   0.5660   0.7770   0.9950   1.2120   1.4780   1.6960   2.0360   2.2430   2.5030   2.7120   3.0060   0.0000   0.0000   0.0000   0.0000   0.0000   0.0000   0.0000   0.0000   0.0000   0.0000   0.0000;
094:  0.2170   0.5660   0.7770   0.9950   1.2120   1.4780   1.6960   2.0360   2.2420   2.5030   2.7110   3.0060   0.0000   0.0000   0.0000   0.0000   0.0000   0.0000   0.0000   0.0000   0.0000   0.0000   0.0000;
095:  0.2180   0.5660   0.7770   0.9950   1.2120   1.4780   1.6960   2.0360   2.2420   2.5030   2.7110   3.0070   0.0000   0.0000   0.0000   0.0000   0.0000   0.0000   0.0000   0.0000   0.0000   0.0000   0.0000;
096:  0.2180   0.5660   0.7770   0.9950   1.2120   1.4780   1.6960   2.0360   2.2410   2.5020   2.7110   3.0070   0.0000   0.0000   0.0000   0.0000   0.0000   0.0000   0.0000   0.0000   0.0000   0.0000   0.0000;
097:  0.2180   0.5660   0.7770   0.9950   1.2120   1.4780   1.6960   2.0350   2.2410   2.5020   2.7110   3.0070   0.0000   0.0000   0.0000   0.0000   0.0000   0.0000   0.0000   0.0000   0.0000   0.0000   0.0000;
098:  0.2180   0.5660   0.7770   0.9950   1.2120   1.4780   1.6960   2.0350   2.2410   2.5020   2.7100   3.0060   0.0000   0.0000   0.0000   0.0000   0.0000   0.0000   0.0000   0.0000   0.0000   0.0000   0.0000;
099:  0.2180   0.5660   0.7770   0.9950   1.2120   1.4780   1.6960   2.0350   2.2410   2.5020   2.7100   3.0050   0.0000   0.0000   0.0000   0.0000   0.0000   0.0000   0.0000   0.0000   0.0000   0.0000   0.0000;
100:  0.2180   0.5660   0.7770   0.9950   1.2120   1.4780   1.6960   2.0350   2.2400   2.5020   2.7090   3.0050   0.0000   0.0000   0.0000   0.0000   0.0000   0.0000   0.0000   0.0000   0.0000   0.0000   0.0000;
101:  0.2180   0.5660   0.7770   0.9950   1.2120   1.4780   1.6960   2.0350   2.2400   2.5010   2.7090   3.0040   0.0000   0.0000   0.0000   0.0000   0.0000   0.0000   0.0000   0.0000   0.0000   0.0000   0.0000;
102:  0.2180   0.5660   0.7770   0.9950   1.2120   1.4780   1.6960   2.0350   2.2400   2.5010   2.7080   3.0030   0.0000   0.0000   0.0000   0.0000   0.0000   0.0000   0.0000   0.0000   0.0000   0.0000   0.0000;
103:  0.2180   0.5660   0.7770   0.9950   1.2120   1.4780   1.6960   2.0350   2.2410   2.5010   2.7080   3.0020   0.0000   0.0000   0.0000   0.0000   0.0000   0.0000   0.0000   0.0000   0.0000   0.0000   0.0000;
104:  0.2190   0.5660   0.7770   0.9960   1.2120   1.4790   1.6960   2.0350   2.2410   2.5010   2.7070   3.0020   0.0000   0.0000   0.0000   0.0000   0.0000   0.0000   0.0000   0.0000   0.0000   0.0000   0.0000;
105:  0.2190   0.5660   0.7780   0.9960   1.2120   1.4790   1.6960   2.0350   2.2410   2.5000   2.7070   3.0020   0.0000   0.0000   0.0000   0.0000   0.0000   0.0000   0.0000   0.0000   0.0000   0.0000   0.0000;
106:  0.2190   0.5660   0.7780   0.9960   1.2130   1.4790   1.6960   2.0360   2.2420   2.4990   2.7070   3.0020   0.0000   0.0000   0.0000   0.0000   0.0000   0.0000   0.0000   0.0000   0.0000   0.0000   0.0000;
107:  0.2190   0.5660   0.7780   0.9960   1.2120   1.4800   1.6960   2.0360   2.2430   2.4990   2.7070   3.0030   0.0000   0.0000   0.0000   0.0000   0.0000   0.0000   0.0000   0.0000   0.0000   0.0000   0.0000;
108:  0.2190   0.5660   0.7780   0.9960   1.2130   1.4800   1.6970   2.0360   2.2440   2.4990   2.7060   3.0040   0.0000   0.0000   0.0000   0.0000   0.0000   0.0000   0.0000   0.0000   0.0000   0.0000   0.0000;
109:  0.2190   0.5660   0.7780   0.9960   1.2130   1.4800   1.6970   2.0370   2.2450   2.4980   2.7060   3.0050   0.0000   0.0000   0.0000   0.0000   0.0000   0.0000   0.0000   0.0000   0.0000   0.0000   0.0000;
110:  0.2200   0.5660   0.7780   0.9970   1.2130   1.4800   1.6970   2.0370   2.2470   2.4980   2.7060   3.0080   0.0000   0.0000   0.0000   0.0000   0.0000   0.0000   0.0000   0.0000   0.0000   0.0000   0.0000;
111:  0.2200   0.5660   0.7780   0.9970   1.2130   1.4810   1.6970   2.0380   2.2480   2.4980   2.7060   3.0100   0.0000   0.0000   0.0000   0.0000   0.0000   0.0000   0.0000   0.0000   0.0000   0.0000   0.0000;
112:  0.2200   0.5660   0.7780   0.9970   1.2130   1.4810   1.6980   2.0380   2.2490   2.4970   2.7060   3.0110   0.0000   0.0000   0.0000   0.0000   0.0000   0.0000   0.0000   0.0000   0.0000   0.0000   0.0000;
113:  0.2200   0.5660   0.7790   0.9980   1.2130   1.4810   1.6980   2.0380   2.2510   2.4960   2.7070   3.0130   0.0000   0.0000   0.0000   0.0000   0.0000   0.0000   0.0000   0.0000   0.0000   0.0000   0.0000;
114:  0.2200   0.5660   0.7790   0.9980   1.2130   1.4820   1.6980   2.0390   2.2530   2.4950   2.7070   3.0150   0.0000   0.0000   0.0000   0.0000   0.0000   0.0000   0.0000   0.0000   0.0000   0.0000   0.0000;
115:  0.2200   0.5660   0.7790   0.9980   1.2140   1.4820   1.6980   2.0390   2.2550   2.4940   2.7070   3.0160   0.0000   0.0000   0.0000   0.0000   0.0000   0.0000   0.0000   0.0000   0.0000   0.0000   0.0000;
116:  0.2210   0.5660   0.7790   0.9990   1.2140   1.4820   1.6990   2.0400   2.2560   2.4930   2.7070   3.0180   0.0000   0.0000   0.0000   0.0000   0.0000   0.0000   0.0000   0.0000   0.0000   0.0000   0.0000;
117:  0.2210   0.5660   0.7790   0.9990   1.2140   1.4830   1.6990   2.0400   2.2560   2.4930   2.7070   3.0200   0.0000   0.0000   0.0000   0.0000   0.0000   0.0000   0.0000   0.0000   0.0000   0.0000   0.0000;
118:  0.2210   0.5660   0.7800   1.0000   1.2140   1.4840   1.6990   2.0400   2.2570   2.4920   2.7070   3.0230   3.2200   0.0000   0.0000   0.0000   0.0000   0.0000   0.0000   0.0000   0.0000   0.0000   0.0000;
119:  0.2210   0.5660   0.7800   1.0000   1.2150   1.4840   1.7000   2.0410   2.2580   2.4910   2.7070   3.0240   3.2230   0.0000   0.0000   0.0000   0.0000   0.0000   0.0000   0.0000   0.0000   0.0000   0.0000;
120:  0.2210   0.5660   0.7800   1.0000   1.2150   1.4840   1.7000   2.0420   2.2580   2.4910   2.7070   3.0250   3.2270   0.0000   0.0000   0.0000   0.0000   0.0000   0.0000   0.0000   0.0000   0.0000   0.0000;
121:  0.2220   0.5670   0.7800   1.0010   1.2150   1.4850   1.7000   2.0420   2.2590   2.4900   2.7070   3.0270   3.2310   0.0000   0.0000   0.0000   0.0000   0.0000   0.0000   0.0000   0.0000   0.0000   0.0000;
122:  0.2220   0.5670   0.7800   1.0010   1.2160   1.4850   1.7010   2.0430   2.2590   2.4890   2.7070   3.0290   3.2360   0.0000   0.0000   0.0000   0.0000   0.0000   0.0000   0.0000   0.0000   0.0000   0.0000;
123:  0.2220   0.5670   0.7800   1.0020   1.2160   1.4860   1.7010   2.0440   2.2590   2.4890   2.7060   3.0300   3.2410   0.0000   0.0000   0.0000   0.0000   0.0000   0.0000   0.0000   0.0000   0.0000   0.0000;
124:  0.2220   0.5670   0.7810   1.0020   1.2170   1.4860   1.7020   2.0440   2.2600   2.4890   2.7050   3.0310   3.2460   0.0000   0.0000   0.0000   0.0000   0.0000   0.0000   0.0000   0.0000   0.0000   0.0000;
125:  0.2220   0.5670   0.7810   1.0020   1.2170   1.4870   1.7020   2.0450   2.2600   2.4890   2.7050   3.0320   3.2510   0.0000   0.0000   0.0000   0.0000   0.0000   0.0000   0.0000   0.0000   0.0000   0.0000;
126:  0.2220   0.5670   0.7810   1.0030   1.2180   1.4870   1.7020   2.0460   2.2600   2.4880   2.7050   3.0330   3.2570   0.0000   0.0000   0.0000   0.0000   0.0000   0.0000   0.0000   0.0000   0.0000   0.0000;
127:  0.2230   0.5670   0.7810   1.0030   1.2180   1.4870   1.7030   2.0470   2.2610   2.4890   2.7050   3.0350   3.2620   0.0000   0.0000   0.0000   0.0000   0.0000   0.0000   0.0000   0.0000   0.0000   0.0000;
128:  0.2230   0.5670   0.7810   1.0030   1.2190   1.4880   1.7030   2.0480   2.2610   2.4890   2.7050   3.0360   3.2680   0.0000   0.0000   0.0000   0.0000   0.0000   0.0000   0.0000   0.0000   0.0000   0.0000;
129:  0.2230   0.5670   0.7820   1.0030   1.2200   1.4880   1.7040   2.0490   2.2620   2.4890   2.7050   3.0370   3.2730   0.0000   0.0000   0.0000   0.0000   0.0000   0.0000   0.0000   0.0000   0.0000   0.0000;
130:  0.2230   0.5670   0.7820   1.0030   1.2200   1.4890   1.7040   2.0500   2.2620   2.4890   2.7050   3.0380   3.2780   0.0000   0.0000   0.0000   0.0000   0.0000   0.0000   0.0000   0.0000   0.0000   0.0000;
131:  0.2230   0.5680   0.7820   1.0040   1.2210   1.4890   1.7040   2.0510   2.2630   2.4900   2.7060   3.0400   3.2830   0.0000   0.0000   0.0000   0.0000   0.0000   0.0000   0.0000   0.0000   0.0000   0.0000;
132:  0.2240   0.5680   0.7820   1.0040   1.2210   1.4890   1.7050   2.0510   2.2640   2.4910   2.7070   3.0420   3.2870   0.0000   0.0000   0.0000   0.0000   0.0000   0.0000   0.0000   0.0000   0.0000   0.0000;
133:  0.2240   0.5680   0.7820   1.0040   1.2220   1.4900   1.7060   2.0520   2.2650   2.4910   2.7080   3.0440   3.2910   3.5400   0.0000   0.0000   0.0000   0.0000   0.0000   0.0000   0.0000   0.0000   0.0000;
134:  0.2240   0.5680   0.7820   1.0040   1.2220   1.4900   1.7060   2.0530   2.2650   2.4930   2.7090   3.0450   3.2940   3.5400   0.0000   0.0000   0.0000   0.0000   0.0000   0.0000   0.0000   0.0000   0.0000;
135:  0.2240   0.5680   0.7820   1.0040   1.2220   1.4910   1.7070   2.0540   2.2660   2.4940   2.7100   3.0470   3.2970   3.5390   0.0000   0.0000   0.0000   0.0000   0.0000   0.0000   0.0000   0.0000   0.0000;
136:  0.2240   0.5680   0.7820   1.0050   1.2220   1.4910   1.7070   2.0550   2.2670   2.4950   2.7110   3.0480   3.2990   3.5390   0.0000   0.0000   0.0000   0.0000   0.0000   0.0000   0.0000   0.0000   0.0000;
137:  0.2240   0.5680   0.7830   1.0050   1.2230   1.4910   1.7080   2.0550   2.2680   2.4960   2.7120   3.0490   3.3020   3.5390   0.0000   0.0000   0.0000   0.0000   0.0000   0.0000   0.0000   0.0000   0.0000;
138:  0.2250   0.5680   0.7830   1.0050   1.2230   1.4920   1.7090   2.0560   2.2690   2.4970   2.7130   3.0500   3.3030   3.5390   3.7740   0.0000   0.0000   0.0000   0.0000   0.0000   0.0000   0.0000   0.0000;
139:  0.2250   0.5690   0.7830   1.0050   1.2240   1.4920   1.7090   2.0570   2.2700   2.4980   2.7150   3.0510   3.3050   3.5390   3.7740   0.0000   0.0000   0.0000   0.0000   0.0000   0.0000   0.0000   0.0000;
140:  0.2250   0.5690   0.7830   1.0050   1.2240   1.4930   1.7100   2.0580   2.2710   2.4990   2.7160   3.0520   3.3050   3.5400   3.7730   0.0000   0.0000   0.0000   0.0000   0.0000   0.0000   0.0000   0.0000;
141:  0.2250   0.5690   0.7830   1.0060   1.2240   1.4930   1.7110   2.0580   2.2710   2.5000   2.7180   3.0540   3.3060   3.5400   3.7730   0.0000   0.0000   0.0000   0.0000   0.0000   0.0000   0.0000   0.0000;
142:  0.2250   0.5690   0.7830   1.0060   1.2240   1.4940   1.7110   2.0590   2.2720   2.5010   2.7200   3.0560   3.3070   3.5410   3.7730   0.0000   0.0000   0.0000   0.0000   0.0000   0.0000   0.0000   0.0000;
143:  0.2250   0.5690   0.7830   1.0060   1.2240   1.4940   1.7120   2.0600   2.2730   2.5020   2.7210   3.0570   3.3080   3.5420   3.7730   4.0340   0.0000   0.0000   0.0000   0.0000   0.0000   0.0000   0.0000;
144:  0.2250   0.5690   0.7830   1.0070   1.2240   1.4950   1.7130   2.0600   2.2740   2.5040   2.7230   3.0590   3.3080   3.5440   3.7730   4.0340   0.0000   0.0000   0.0000   0.0000   0.0000   0.0000   0.0000;
145:  0.2260   0.5690   0.7830   1.0070   1.2240   1.4950   1.7130   2.0600   2.2750   2.5050   2.7240   3.0610   3.3090   3.5460   3.7730   4.0350   0.0000   0.0000   0.0000   0.0000   0.0000   0.0000   0.0000;
146:  0.2260   0.5690   0.7830   1.0070   1.2240   1.4960   1.7140   2.0610   2.2760   2.5060   2.7250   3.0620   3.3100   3.5480   3.7730   4.0350   4.2580   0.0000   0.0000   0.0000   0.0000   0.0000   0.0000;
147:  0.2260   0.5690   0.7830   1.0070   1.2250   1.4960   1.7140   2.0610   2.2770   2.5070   2.7260   3.0640   3.3100   3.5500   3.7730   4.0360   4.2570   0.0000   0.0000   0.0000   0.0000   0.0000   0.0000;
148:  0.2260   0.5690   0.7830   1.0070   1.2250   1.4970   1.7150   2.0620   2.2780   2.5080   2.7280   3.0650   3.3110   3.5520   3.7740   4.0360   4.2570   0.0000   0.0000   0.0000   0.0000   0.0000   0.0000;
149:  0.2260   0.5690   0.7840   1.0070   1.2250   1.4970   1.7150   2.0620   2.2790   2.5090   2.7290   3.0660   3.3110   3.5540   3.7750   4.0370   4.2560   0.0000   0.0000   0.0000   0.0000   0.0000   0.0000;
150:  0.2260   0.5690   0.7840   1.0070   1.2250   1.4980   1.7160   2.0630   2.2800   2.5100   2.7300   3.0670   3.3120   3.5560   3.7750   4.0380   4.2550   0.0000   0.0000   0.0000   0.0000   0.0000   0.0000;
151:  0.2270   0.5690   0.7840   1.0070   1.2250   1.4980   1.7160   2.0640   2.2810   2.5110   2.7310   3.0690   3.3120   3.5570   3.7760   4.0380   4.2540   0.0000   0.0000   0.0000   0.0000   0.0000   0.0000;
152:  0.2270   0.5690   0.7840   1.0080   1.2260   1.4980   1.7160   2.0640   2.2810   2.5130   2.7320   3.0710   3.3130   3.5590   3.7770   4.0390   4.2530   4.5070   0.0000   0.0000   0.0000   0.0000   0.0000;
153:  0.2270   0.5690   0.7840   1.0080   1.2260   1.4980   1.7160   2.0650   2.2820   2.5140   2.7330   3.0730   3.3130   3.5610   3.7790   4.0390   4.2510   4.5100   0.0000   0.0000   0.0000   0.0000   0.0000;
154:  0.2270   0.5700   0.7840   1.0070   1.2260   1.4990   1.7170   2.0650   2.2830   2.5140   2.7350   3.0750   3.3140   3.5640   3.7800   4.0400   4.2510   4.5140   4.7600   0.0000   0.0000   0.0000   0.0000;
155:  0.2270   0.5700   0.7840   1.0070   1.2260   1.4990   1.7170   2.0660   2.2840   2.5150   2.7360   3.0760   3.3150   3.5660   3.7810   4.0400   4.2500   4.5170   4.7580   0.0000   0.0000   0.0000   0.0000;
156:  0.2270   0.5700   0.7840   1.0070   1.2260   1.4990   1.7180   2.0660   2.2850   2.5160   2.7370   3.0780   3.3150   3.5680   3.7830   4.0410   4.2500   4.5200   4.7560   0.0000   0.0000   0.0000   0.0000;
157:  0.2270   0.5700   0.7840   1.0070   1.2260   1.4990   1.7180   2.0670   2.2850   2.5170   2.7380   3.0810   3.3160   3.5690   3.7840   4.0420   4.2510   4.5230   4.7550   0.0000   0.0000   0.0000   0.0000;
158:  0.2280   0.5700   0.7840   1.0070   1.2260   1.4990   1.7180   2.0670   2.2860   2.5180   2.7380   3.0830   3.3170   3.5700   3.7860   4.0420   4.2510   4.5250   4.7530   0.0000   0.0000   0.0000   0.0000;
159:  0.2280   0.5700   0.7840   1.0070   1.2260   1.4990   1.7190   2.0680   2.2870   2.5190   2.7390   3.0850   3.3190   3.5710   3.7880   4.0420   4.2510   4.5270   4.7530   0.0000   0.0000   0.0000   0.0000;
160:  0.2280   0.5700   0.7840   1.0070   1.2260   1.5000   1.7190   2.0680   2.2880   2.5200   2.7400   3.0870   3.3200   3.5710   3.7890   4.0420   4.2520   4.5280   4.7520   0.0000   0.0000   0.0000   0.0000;
161:  0.2280   0.5700   0.7840   1.0070   1.2260   1.5000   1.7190   2.0690   2.2880   2.5200   2.7410   3.0880   3.3210   3.5720   3.7910   4.0430   4.2530   4.5300   4.7510   0.0000   0.0000   0.0000   0.0000;
162:  0.2280   0.5700   0.7840   1.0070   1.2260   1.5000   1.7190   2.0690   2.2890   2.5210   2.7410   3.0890   3.3220   3.5720   3.7930   4.0440   4.2530   4.5310   4.7510   0.0000   0.0000   0.0000   0.0000;
163:  0.2290   0.5700   0.7840   1.0070   1.2260   1.5000   1.7190   2.0690   2.2890   2.5210   2.7420   3.0900   3.3220   3.5720   3.7940   4.0440   4.2550   4.5320   4.7510   0.0000   0.0000   0.0000   0.0000;
164:  0.2290   0.5700   0.7840   1.0070   1.2260   1.5000   1.7200   2.0700   2.2900   2.5220   2.7420   3.0910   3.3230   3.5720   3.7960   4.0450   4.2560   4.5330   4.7500   5.1360   5.3370   0.0000   0.0000;
165:  0.2290   0.5700   0.7840   1.0080   1.2260   1.5000   1.7200   2.0710   2.2900   2.5220   2.7430   3.0910   3.3240   3.5720   3.7960   4.0450   4.2580   4.5340   4.7500   5.1350   5.3340   0.0000   0.0000;
166:  0.2290   0.5700   0.7840   1.0080   1.2260   1.5000   1.7200   2.0710   2.2910   2.5220   2.7430   3.0920   3.3240   3.5710   3.7980   4.0460   4.2600   4.5350   4.7490   5.1340   5.3310   0.0000   0.0000;
167:  0.2290   0.5700   0.7840   1.0080   1.2260   1.5000   1.7200   2.0720   2.2910   2.5220   2.7430   3.0930   3.3250   3.5710   3.7980   4.0470   4.2620   4.5350   4.7500   5.1320   5.3280   0.0000   0.0000;
168:  0.2290   0.5700   0.7840   1.0080   1.2260   1.5000   1.7200   2.0730   2.2910   2.5220   2.7430   3.0930   3.3250   3.5710   3.7990   4.0470   4.2640   4.5350   4.7500   5.1290   5.3260   0.0000   0.0000;
169:  0.2300   0.5700   0.7840   1.0080   1.2250   1.5000   1.7200   2.0730   2.2910   2.5220   2.7440   3.0930   3.3260   3.5720   3.7990   4.0480   4.2660   4.5340   4.7510   5.1250   5.3240   0.0000   0.0000;
170:  0.2300   0.5700   0.7840   1.0080   1.2250   1.5000   1.7200   2.0740   2.2910   2.5220   2.7440   3.0940   3.3260   3.5720   3.7990   4.0480   4.2670   4.5330   4.7510   5.1210   5.3230   0.0000   0.0000;
171:  0.2300   0.5700   0.7840   1.0090   1.2250   1.5000   1.7190   2.0750   2.2910   2.5220   2.7440   3.0940   3.3270   3.5710   3.7990   4.0480   4.2700   4.5320   4.7530   5.1170   5.3220   0.0000   0.0000;
172:  0.2300   0.5700   0.7840   1.0090   1.2250   1.5000   1.7190   2.0760   2.2910   2.5220   2.7440   3.0940   3.3270   3.5720   3.7980   4.0490   4.2710   4.5310   4.7530   5.1120   5.3230   0.0000   0.0000;
173:  0.2310   0.5700   0.7840   1.0090   1.2250   1.5000   1.7190   2.0770   2.2910   2.5220   2.7440   3.0940   3.3270   3.5710   3.7980   4.0500   4.2730   4.5290   4.7540   5.1070   5.3240   0.0000   0.0000;
174:  0.2310   0.5700   0.7840   1.0090   1.2250   1.5000   1.7180   2.0780   2.2910   2.5220   2.7440   3.0930   3.3280   3.5700   3.7970   4.0500   4.2730   4.5280   4.7550   5.1020   5.3250   0.0000   0.0000;
175:  0.2310   0.5700   0.7840   1.0090   1.2250   1.5000   1.7180   2.0780   2.2910   2.5210   2.7440   3.0930   3.3280   3.5690   3.7960   4.0490   4.2740   4.5270   4.7560   5.0970   5.3280   0.0000   0.0000;
176:  0.2310   0.5700   0.7840   1.0090   1.2250   1.5000   1.7180   2.0780   2.2910   2.5210   2.7440   3.0920   3.3280   3.5690   3.7960   4.0490   4.2740   4.5260   4.7570   5.0920   5.3310   0.0000   0.0000;
177:  0.2320   0.5700   0.7840   1.0090   1.2250   1.5000   1.7180   2.0790   2.2910   2.5200   2.7440   3.0920   3.3280   3.5700   3.7950   4.0490   4.2730   4.5250   4.7570   5.0880   5.3350   0.0000   0.0000;
178:  0.2320   0.5700   0.7840   1.0090   1.2250   1.5000   1.7180   2.0790   2.2910   2.5200   2.7440   3.0910   3.3270   3.5700   3.7940   4.0480   4.2730   4.5250   4.7570   5.0850   5.3390   0.0000   0.0000;
179:  0.2320   0.5700   0.7840   1.0090   1.2250   1.5000   1.7170   2.0790   2.2910   2.5190   2.7430   3.0900   3.3270   3.5700   3.7940   4.0480   4.2720   4.5250   4.7570   5.0820   5.3420   0.0000   0.0000;
180:  0.2330   0.5700   0.7840   1.0090   1.2250   1.5000   1.7170   2.0790   2.2910   2.5190   2.7430   3.0900   3.3270   3.5700   3.7930   4.0470   4.2710   4.5250   4.7560   5.0810   5.3460   0.0000   0.0000;
181:  0.2330   0.5700   0.7840   1.0080   1.2250   1.5000   1.7170   2.0790   2.2910   2.5180   2.7430   3.0890   3.3260   3.5690   3.7930   4.0470   4.2710   4.5240   4.7560   5.0800   5.3500   0.0000   0.0000;
182:  0.2330   0.5700   0.7840   1.0080   1.2250   1.5000   1.7170   2.0790   2.2910   2.5180   2.7430   3.0890   3.3260   3.5690   3.7920   4.0460   4.2700   4.5230   4.7550   5.0800   5.3530   0.0000   0.0000;
183:  0.2330   0.5700   0.7840   1.0080   1.2250   1.5010   1.7170   2.0780   2.2900   2.5180   2.7430   3.0890   3.3260   3.5690   3.7920   4.0460   4.2700   4.5210   4.7550   5.0800   5.3560   0.0000   0.0000;
184:  0.2340   0.5700   0.7840   1.0080   1.2250   1.5010   1.7170   2.0780   2.2900   2.5170   2.7430   3.0880   3.3250   3.5690   3.7920   4.0450   4.2690   4.5200   4.7550   5.0800   5.3570   0.0000   0.0000;
185:  0.2340   0.5700   0.7840   1.0070   1.2240   1.5010   1.7170   2.0770   2.2900   2.5170   2.7420   3.0880   3.3250   3.5680   3.7920   4.0450   4.2680   4.5190   4.7540   5.0800   5.3580   0.0000   0.0000;
186:  0.2340   0.5700   0.7840   1.0070   1.2240   1.5010   1.7170   2.0760   2.2890   2.5160   2.7420   3.0870   3.3240   3.5680   3.7910   4.0440   4.2670   4.5170   4.7540   5.0800   5.3580   0.0000   0.0000;
187:  0.2350   0.5700   0.7840   1.0070   1.2240   1.5010   1.7170   2.0760   2.2890   2.5160   2.7420   3.0870   3.3230   3.5670   3.7900   4.0440   4.2650   4.5160   4.7530   5.0790   5.3570   0.0000   0.0000;
188:  0.2350   0.5700   0.7840   1.0070   1.2240   1.5010   1.7170   2.0750   2.2890   2.5150   2.7420   3.0870   3.3230   3.5670   3.7890   4.0430   4.2650   4.5150   4.7520   5.0790   5.3550   0.0000   0.0000;
189:  0.2350   0.5700   0.7840   1.0070   1.2240   1.5010   1.7170   2.0740   2.2890   2.5150   2.7420   3.0860   3.3220   3.5660   3.7880   4.0420   4.2630   4.5140   4.7500   5.0780   5.3530   0.0000   0.0000;
190:  0.2360   0.5700   0.7840   1.0060   1.2240   1.5010   1.7170   2.0730   2.2880   2.5150   2.7410   3.0860   3.3210   3.5650   3.7870   4.0420   4.2620   4.5130   4.7480   5.0770   5.3510   0.0000   0.0000;
191:  0.2360   0.5700   0.7840   1.0060   1.2240   1.5010   1.7170   2.0730   2.2880   2.5140   2.7410   3.0860   3.3200   3.5650   3.7860   4.0420   4.2610   4.5120   4.7450   5.0760   5.3490   0.0000   0.0000;
192:  0.2360   0.5700   0.7840   1.0060   1.2240   1.5010   1.7170   2.0720   2.2880   2.5140   2.7410   3.0850   3.3190   3.5640   3.7850   4.0410   4.2590   4.5110   4.7430   5.0740   5.3460   0.0000   0.0000;
193:  0.2370   0.5700   0.7840   1.0060   1.2240   1.5010   1.7170   2.0720   2.2870   2.5140   2.7410   3.0850   3.3190   3.5630   3.7850   4.0390   4.2580   4.5100   4.7410   5.0720   5.3430   0.0000   0.0000;
194:  0.2370   0.5700   0.7840   1.0050   1.2240   1.5010   1.7170   2.0720   2.2870   2.5130   2.7400   3.0850   3.3180   3.5620   3.7840   4.0380   4.2570   4.5100   4.7380   5.0700   5.3400   5.6810   0.0000;
195:  0.2370   0.5700   0.7840   1.0050   1.2240   1.5010   1.7170   2.0720   2.2870   2.5130   2.7400   3.0850   3.3180   3.5610   3.7830   4.0370   4.2550   4.5090   4.7370   5.0680   5.3370   5.6770   0.0000;
196:  0.2380   0.5700   0.7840   1.0050   1.2240   1.5010   1.7160   2.0720   2.2870   2.5130   2.7390   3.0850   3.3180   3.5600   3.7810   4.0370   4.2540   4.5080   4.7340   5.0650   5.3350   5.6730   0.0000;
197:  0.2380   0.5700   0.7830   1.0050   1.2240   1.5010   1.7160   2.0720   2.2860   2.5130   2.7390   3.0850   3.3170   3.5580   3.7800   4.0360   4.2530   4.5070   4.7330   5.0630   5.3320   5.6690   0.0000;
198:  0.2390   0.5700   0.7830   1.0050   1.2240   1.5000   1.7150   2.0720   2.2860   2.5120   2.7390   3.0850   3.3170   3.5580   3.7790   4.0350   4.2520   4.5050   4.7310   5.0600   5.3310   5.6650   0.0000;
199:  0.2390   0.5700   0.7830   1.0050   1.2240   1.5000   1.7150   2.0720   2.2860   2.5120   2.7380   3.0850   3.3160   3.5570   3.7780   4.0340   4.2510   4.5030   4.7290   5.0560   5.3310   5.6600   0.0000;
200:  0.2390   0.5700   0.7830   1.0040   1.2240   1.5000   1.7150   2.0720   2.2850   2.5120   2.7380   3.0850   3.3160   3.5570   3.7760   4.0330   4.2510   4.5020   4.7280   5.0520   5.3310   5.6560   0.0000;
201:  0.2400   0.5700   0.7830   1.0040   1.2240   1.5000   1.7140   2.0720   2.2850   2.5110   2.7370   3.0850   3.3150   3.5560   3.7750   4.0320   4.2490   4.5020   4.7260   5.0470   5.3300   5.6530   0.0000;
202:  0.2400   0.5700   0.7830   1.0040   1.2240   1.5000   1.7140   2.0720   2.2850   2.5110   2.7370   3.0850   3.3150   3.5560   3.7730   4.0320   4.2490   4.5020   4.7250   5.0430   5.3290   5.6490   0.0000;
203:  0.2410   0.5700   0.7830   1.0040   1.2240   1.5000   1.7130   2.0710   2.2850   2.5110   2.7360   3.0850   3.3150   3.5550   3.7730   4.0310   4.2480   4.5010   4.7240   5.0390   5.3270   5.6450   0.0000;
204:  0.2410   0.5700   0.7830   1.0040   1.2240   1.5000   1.7130   2.0710   2.2850   2.5110   2.7360   3.0850   3.3150   3.5530   3.7720   4.0310   4.2470   4.5010   4.7230   5.0350   5.3250   5.6420   0.0000;
205:  0.2420   0.5700   0.7830   1.0040   1.2240   1.4990   1.7130   2.0710   2.2850   2.5110   2.7350   3.0860   3.3150   3.5520   3.7710   4.0310   4.2460   4.5000   4.7220   5.0310   5.3220   5.6390   0.0000;
206:  0.2420   0.5700   0.7830   1.0030   1.2240   1.4990   1.7130   2.0700   2.2850   2.5110   2.7340   3.0860   3.3150   3.5510   3.7710   4.0300   4.2450   4.5000   4.7210   5.0270   5.3180   5.6360   0.0000;
207:  0.2420   0.5700   0.7830   1.0030   1.2240   1.4990   1.7130   2.0700   2.2850   2.5100   2.7340   3.0860   3.3140   3.5510   3.7720   4.0300   4.2440   4.4990   4.7200   5.0230   5.3130   5.6330   0.0000;
208:  0.2430   0.5700   0.7830   1.0030   1.2230   1.4990   1.7130   2.0690   2.2850   2.5100   2.7330   3.0870   3.3130   3.5500   3.7720   4.0300   4.2430   4.4990   4.7200   5.0200   5.3080   5.6300   0.0000;
209:  0.2430   0.5700   0.7830   1.0020   1.2230   1.4990   1.7130   2.0690   2.2850   2.5100   2.7330   3.0870   3.3130   3.5500   3.7730   4.0300   4.2430   4.4980   4.7200   5.0170   5.3040   0.0000   0.0000;
210:  0.2440   0.5700   0.7830   1.0020   1.2230   1.4990   1.7130   2.0680   2.2850   2.5100   2.7320   3.0870   3.3130   3.5490   3.7720   4.0290   4.2420   4.4980   4.7190   5.0140   5.2990   0.0000   0.0000;
211:  0.2440   0.5700   0.7820   1.0020   1.2230   1.4990   1.7130   2.0670   2.2850   2.5090   2.7320   3.0880   3.3130   3.5490   3.7720   4.0290   4.2420   4.4960   4.7190   5.0120   5.2930   0.0000   0.0000;
212:  0.2440   0.5700   0.7820   1.0020   1.2230   1.4990   1.7130   2.0670   2.2850   2.5090   2.7310   3.0880   3.3130   3.5490   3.7720   4.0300   4.2420   4.4960   4.7180   5.0110   5.2880   0.0000   0.0000;
213:  0.2450   0.5700   0.7820   1.0020   1.2230   1.4990   1.7140   2.0660   2.2850   2.5090   2.7310   3.0880   3.3120   3.5490   3.7720   4.0300   4.2420   4.4960   4.7180   5.0090   5.2840   0.0000   0.0000;
214:  0.2450   0.5700   0.7820   1.0020   1.2230   1.4990   1.7140   2.0650   2.2860   2.5090   2.7310   3.0880   3.3120   3.5490   3.7720   4.0300   4.2420   4.4950   4.7160   5.0060   5.2790   0.0000   0.0000;
215:  0.2460   0.5700   0.7820   1.0010   1.2230   1.4990   1.7150   2.0650   2.2860   2.5090   2.7310   3.0880   3.3120   3.5480   3.7730   4.0300   4.2420   4.4940   4.7150   5.0040   5.2750   0.0000   0.0000;
216:  0.2460   0.5690   0.7820   1.0010   1.2230   1.4990   1.7150   2.0640   2.2860   2.5090   2.7310   3.0880   3.3110   3.5480   3.7750   4.0300   4.2420   4.4930   4.7140   5.0020   5.2720   0.0000   0.0000;
217:  0.2470   0.5690   0.7820   1.0010   1.2230   1.4990   1.7150   2.0640   2.2860   2.5080   2.7310   3.0880   3.3110   3.5480   3.7750   4.0290   4.2430   4.4920   4.7130   5.0010   5.2690   0.0000   0.0000;
218:  0.2470   0.5690   0.7820   1.0010   1.2230   1.4990   1.7160   2.0630   2.2870   2.5080   2.7310   3.0880   3.3110   3.5470   3.7760   4.0290   4.2430   4.4910   4.7120   4.9990   5.2650   0.0000   0.0000;
219:  0.2470   0.5690   0.7820   1.0010   1.2220   1.4980   1.7160   2.0630   2.2870   2.5080   2.7310   3.0870   3.3120   3.5470   3.7760   4.0290   4.2430   4.4910   4.7110   4.9980   5.2630   0.0000   0.0000;
220:  0.2480   0.5690   0.7820   1.0010   1.2220   1.4980   1.7160   2.0620   2.2880   2.5080   2.7310   3.0870   3.3120   3.5460   3.7770   4.0280   4.2440   4.4900   4.7100  -4.9960   5.2600   0.0000   0.0000;
221:  0.2480   0.5690   0.7820   1.0010   1.2220   1.4970   1.7170   2.0620   2.2880   2.5090   2.7310   3.0870   3.3110   3.5470   3.7770   4.0280   4.2440   4.4880   4.7090  -4.9950   5.2580   0.0000   0.0000;
222:  0.2490   0.5690   0.7820   1.0010   1.2210   1.4970   1.7170   2.0620   2.2880   2.5090   2.7310   3.0860   3.3110   3.5470   3.7780   4.0270   4.2450   4.4870   4.7090   0.0000   0.0000   0.0000   0.0000;
223:  0.2490   0.5690   0.7820   1.0010   1.2210   1.4960   1.7170   2.0620   2.2880   2.5090   2.7320   3.0860   3.3110   3.5470   3.7780   4.0260   4.2450   4.4860   4.7090   0.0000   0.0000   0.0000   0.0000;
224:  0.2490   0.5690   0.7820   1.0010   1.2210   1.4960   1.7180   2.0610   2.2880   2.5090   2.7320   3.0860   3.3110   3.5470   3.7780   4.0260   4.2470   4.4850   4.7090   0.0000   0.0000   0.0000   0.0000;
225:  0.2500   0.5690   0.7820   1.0010   1.2200   1.4950   1.7180   2.0610   2.2880   2.5090   2.7320   3.0850   3.3110   3.5480   3.7780   4.0250   4.2470   4.4840   4.7080   0.0000   0.0000   0.0000   0.0000;
226:  0.2500   0.5690   0.7810   1.0010   1.2200   1.4950   1.7180   2.0610   2.2880   2.5090   2.7320   3.0850   3.3110   3.5480   3.7780   4.0250   4.2480   4.4840   4.7080   0.0000   0.0000   0.0000   0.0000;
227:  0.2510   0.5680   0.7810   1.0010   1.2190   1.4940   1.7180   2.0610   2.2880   2.5100   2.7330   3.0850   3.3110   3.5480   3.7780   4.0250   4.2480   4.4840   4.7080   0.0000   0.0000   0.0000   0.0000;
228:  0.2510   0.5680   0.7810   1.0010   1.2190   1.4940   1.7180   2.0610   2.2880   2.5100   2.7330   3.0840   3.3110   3.5480   3.7780   4.0250   4.2480   4.4830   4.7080   0.0000   0.0000   0.0000   0.0000;
229:  0.2510   0.5680   0.7810   1.0010   1.2180   1.4930   1.7180   2.0610   2.2880   2.5110   2.7330   3.0840   3.3110   3.5480   3.7790   4.0240   4.2480   4.4830   4.7080   0.0000   0.0000   0.0000   0.0000;
230:  0.2520   0.5680   0.7810   1.0010   1.2180   1.4920   1.7180   2.0610   2.2880   2.5110   2.7320   3.0840   3.3110   3.5480   3.7790   4.0240   4.2470   4.4830   4.7080   0.0000   0.0000   0.0000   0.0000;
231:  0.2520   0.5680   0.7810   1.0010   1.2180   1.4920   1.7180   2.0610   2.2880   2.5120   2.7320   3.0840   3.3100   3.5480   3.7790   4.0230   4.2470   4.4830   4.7080   0.0000   0.0000   0.0000   0.0000;
232:  0.2520   0.5680   0.7810   1.0000   1.2170   1.4910   1.7170   2.0620   2.2870   2.5120   2.7320   3.0840   3.3100   3.5480   3.7790   4.0220   4.2470   4.4830   4.7080   0.0000   0.0000   0.0000   0.0000;
233:  0.2530   0.5670   0.7810   1.0000   1.2170   1.4910   1.7170   2.0620   2.2870   2.5120   2.7320   3.0840   3.3100   3.5480   3.7790   4.0220   4.2470   4.4830   4.7080   0.0000   0.0000   0.0000   0.0000;
234:  0.2530   0.5670   0.7810   1.0000   1.2170   1.4910   1.7160   2.0620   2.2870   2.5130   2.7320   3.0840   3.3090   3.5490   3.7790   4.0220   4.2460   4.4830   4.7070   0.0000   0.0000   0.0000   0.0000;
235:  0.2530   0.5670   0.7810   1.0000   1.2160   1.4900   1.7160   2.0630   2.2870   2.5130   2.7320   3.0840   3.3090   3.5490   3.7790   4.0220   4.2460   4.4830   4.7070   0.0000   0.0000   0.0000   0.0000;
236:  0.2540   0.5670   0.7810   1.0000   1.2160   1.4900   1.7160   2.0630   2.2870   2.5120   2.7320   3.0840   3.3090   3.5490   3.7790   4.0230   4.2460   4.4830   4.7070   0.0000   0.0000   0.0000   0.0000;
237:  0.2540   0.5670   0.7810   1.0000   1.2160   1.4900   1.7150   2.0640   2.2870   2.5120   2.7320   3.0850   3.3090   3.5490   3.7790   4.0240   4.2460   4.4830   4.7070   0.0000   0.0000   0.0000   0.0000;
238:  0.2540   0.5670   0.7810   1.0000   1.2160   1.4900   1.7150   2.0640   2.2870   2.5120   2.7320   3.0850   3.3090   3.5490   3.7790   4.0240   4.2460   4.4820   4.7070   0.0000   0.0000   0.0000   0.0000;
239:  0.2550   0.5670   0.7810   1.0000   1.2160   1.4900   1.7140   2.0650   2.2870   2.5120   2.7330   3.0850   3.3090   3.5490   3.7790   4.0240   4.2460   4.4820   4.7070   0.0000   0.0000   0.0000   0.0000;
240:  0.2550   0.5660   0.7810   1.0010   1.2160   1.4900   1.7140   2.0650   2.2870   2.5110   2.7330   3.0850   3.3090   3.5490   3.7790   4.0240   4.2460   4.4820   4.7070   0.0000   0.0000   0.0000   0.0000;
241:  0.2550   0.5660   0.7810   1.0010   1.2160   1.4900   1.7130   2.0660   2.2870   2.5110   2.7330   3.0850   3.3090   3.5490   3.7790   4.0240   4.2470   4.4820   4.7070   0.0000   0.0000   0.0000   0.0000;
242:  0.2550   0.5660   0.7810   1.0010   1.2160   1.4890   1.7130   2.0660   2.2870   2.5100   2.7340   3.0850   3.3090   3.5490   3.7790   4.0240   4.2470   4.4810   4.7060   0.0000   0.0000   0.0000   0.0000;
243:  0.2550   0.5660   0.7810   1.0010   1.2160   1.4890   1.7130   2.0670   2.2870   2.5090   2.7340   3.0850   3.3100   3.5490   3.7790   4.0240   4.2480   4.4800   4.7060   0.0000   0.0000   0.0000   0.0000;
244:  0.2560   0.5660   0.7810   1.0010   1.2170   1.4890   1.7120   2.0670   2.2870   2.5090   2.7340   3.0850   3.3100   3.5490   3.7790   4.0240   4.2480   4.4800   4.7070   0.0000   0.0000   0.0000   0.0000;
245:  0.2560   0.5660   0.7810   1.0010   1.2170   1.4900   1.7120   2.0670   2.2870   2.5080   2.7350   3.0850   3.3110   3.5490   3.7790   4.0240   4.2480   4.4790   4.7070   0.0000   0.0000   0.0000   0.0000;
246:  0.2560   0.5660   0.7810   1.0010   1.2170   1.4900   1.7120   2.0670   2.2870   2.5070   2.7350   3.0850   3.3110   3.5490   3.7790   4.0240   4.2490   4.4790   4.7070   0.0000   0.0000   0.0000   0.0000;
247:  0.2560   0.5660   0.7810   1.0010   1.2170   1.4900   1.7110   2.0680   2.2870   2.5070   2.7350   3.0850   3.3120   3.5490   3.7790   4.0240   4.2500   4.4780   4.7060   0.0000   0.0000   0.0000   0.0000;
248:  0.2560   0.5650   0.7810   1.0010   1.2180   1.4900   1.7120   2.0680   2.2870   2.5060   2.7350   3.0860   3.3120   3.5490   3.7790   4.0240   4.2510   4.4770   4.7050   0.0000   0.0000   0.0000   0.0000;
249:  0.2570   0.5650   0.7810   1.0010   1.2180   1.4900   1.7120   2.0680   2.2870   2.5060   2.7360   3.0860   3.3130   3.5490   3.7790   4.0230   4.2520   4.4770   4.7050   0.0000   0.0000   0.0000   0.0000;
250:  0.2570   0.5650   0.7810   1.0010   1.2180   1.4900   1.7120   2.0670   2.2870   2.5050   2.7360   3.0870   3.3130   3.5490   3.7780   4.0230   4.2530   4.4760   4.7060   0.0000   0.0000   0.0000   0.0000;
251:  0.2570   0.5650   0.7810   1.0010   1.2180   1.4910   1.7120   2.0670   2.2870   2.5050   2.7360   3.0870   3.3140   3.5490   3.7790   4.0230   4.2540   4.4750   4.7060   0.0000   0.0000   0.0000   0.0000;
252:  0.2570   0.5650   0.7810   1.0010   1.2180   1.4910   1.7120   2.0670   2.2870   2.5040   2.7360   3.0870   3.3140   3.5500   3.7790   4.0230   4.2540   4.4750   4.7060   0.0000   0.0000   0.0000   0.0000;
253:  0.2570   0.5650   0.7810   1.0010   1.2180   1.4910   1.7130   2.0670   2.2870   2.5040   2.7360   3.0880   3.3150   3.5500   3.7790   4.0220   4.2550   4.4750   4.7060   0.0000   0.0000   0.0000   0.0000;
254:  0.2580   0.5650   0.7810   1.0010   1.2180   1.4910   1.7130   2.0670   2.2870   2.5040   2.7360   3.0880   3.3150   3.5500   3.7790   4.0210   4.2550   4.4750   4.7060   0.0000   0.0000   0.0000   0.0000;
255:  0.2580   0.5650   0.7820   1.0010   1.2180   1.4910   1.7130   2.0670   2.2870   2.5040   2.7370   3.0890   3.3160   3.5510   3.7790   4.0210   4.2550   4.4740   4.7060   0.0000   0.0000   0.0000   0.0000;
256:  0.2580   0.5650   0.7820   1.0010   1.2180   1.4920   1.7130   2.0660   2.2860   2.5040   2.7370   3.0890   3.3160   3.5510   3.7790   4.0200   4.2560   4.4740   4.7050   0.0000   0.0000   0.0000   0.0000;
257:  0.2580   0.5650   0.7820   1.0010   1.2180   1.4920   1.7140   2.0660   2.2860   2.5050   2.7380   3.0880   3.3160   3.5520   3.7790   4.0200   4.2560   4.4740   4.7050   0.0000   0.0000   0.0000   0.0000;
258:  0.2580   0.5650   0.7820   1.0010   1.2180   1.4920   1.7140   2.0650   2.2860   2.5050   2.7380   3.0890   3.3170   3.5520   3.7790   4.0200   4.2560   4.4740   4.7050   0.0000   0.0000   0.0000   0.0000;
259:  0.2580   0.5650   0.7820   1.0010   1.2180   1.4930   1.7140   2.0650   2.2860   2.5050   2.7380   3.0890   3.3180   3.5520   3.7790   4.0200   4.2560   4.4740   4.7040   0.0000   0.0000   0.0000   0.0000;
260:  0.2580   0.5650   0.7820   1.0010   1.2190   1.4930   1.7140   2.0650   2.2850   2.5050   2.7390   3.0890   3.3180   3.5530   3.7790   4.0200   4.2570   4.4730   4.7040   0.0000   0.0000   0.0000   0.0000;
261:  0.2580   0.5650   0.7820   1.0010   1.2190   1.4940   1.7150   2.0640   2.2850   2.5050   2.7390   3.0890   3.3180   3.5530   3.7780   4.0200   4.2560   4.4730   4.7030   0.0000   0.0000   0.0000   0.0000;
262:  0.2580   0.5650   0.7820   1.0020   1.2190   1.4940   1.7150   2.0640   2.2850   2.5060   2.7400   3.0890   3.3180   3.5530   3.7790   4.0210   4.2560   4.4730   4.7030   0.0000   0.0000   0.0000   0.0000;
263:  0.2580   0.5650   0.7820   1.0020   1.2190   1.4940   1.7150   2.0640   2.2850   2.5060   2.7400   3.0890   3.3180   3.5530   3.7790   4.0210   4.2560   4.4720   4.7030   0.0000   0.0000   0.0000   0.0000;
264:  0.2580   0.5650   0.7820   1.0020   1.2190   1.4950   1.7150   2.0640   2.2850   2.5060   2.7400   3.0890   3.3180   3.5530   3.7780   4.0210   4.2570   4.4720   4.7030   0.0000   0.0000   0.0000   0.0000;
265:  0.2580   0.5650   0.7820   1.0020   1.2190   1.4950   1.7160   2.0640   2.2850   2.5070   2.7410   3.0890   3.3180   3.5530   3.7790   4.0210   4.2570   4.4700   4.7030   0.0000   0.0000   0.0000   0.0000;
266:  0.2580   0.5650   0.7820   1.0020   1.2190   1.4950   1.7160   2.0640   2.2850   2.5070   2.7410   3.0890   3.3180   3.5530   3.7790   4.0210   4.2560   4.4690   4.7030   0.0000   0.0000   0.0000   0.0000;
267:  0.2580   0.5650   0.7830   1.0020   1.2190   1.4960   1.7160   2.0640   2.2850   2.5070   2.7410   3.0890   3.3180   3.5530   3.7790   4.0210   4.2560   4.4690   4.7030   0.0000   0.0000   0.0000   0.0000;
268:  0.2580   0.5650   0.7830   1.0020   1.2200   1.4960   1.7160   2.0640   2.2850   2.5070   2.7420   3.0890   3.3180   3.5530   3.7790   4.0200   4.2560   4.4680   4.7040   0.0000   0.0000   0.0000   0.0000;
269:  0.2580   0.5650   0.7830   1.0020   1.2200   1.4960   1.7170   2.0640   2.2850   2.5070   2.7420   3.0890   3.3180   3.5530   3.7790   4.0200   4.2560   4.4680   4.7040   0.0000   0.0000   0.0000   0.0000;
270:  0.2580   0.5660   0.7830   1.0020   1.2200   1.4960   1.7170   2.0640   2.2850   2.5070   2.7420   3.0890   3.3180   3.5520   3.7800   4.0200   4.2560   4.4670   4.7030   0.0000   0.0000   0.0000   0.0000;
271:  0.2580   0.5660   0.7830   1.0020   1.2200   1.4960   1.7180   2.0640   2.2850   2.5070   2.7420   3.0880   3.3180   3.5520   3.7800   4.0200   4.2550   4.4670   4.7030   0.0000   0.0000   0.0000   0.0000;
272:  0.2580   0.5660   0.7830   1.0020   1.2200   1.4970   1.7180   2.0640   2.2850   2.5080   2.7420   3.0880   3.3180   3.5520   3.7800   4.0200   4.2550   4.4660   4.7030   0.0000   0.0000   0.0000   0.0000;
273:  0.2580   0.5660   0.7830   1.0020   1.2210   1.4970   1.7180   2.0640   2.2850   2.5080   2.7420   3.0880   3.3190   3.5520   3.7800   4.0210   4.2550   4.4660   4.7030   0.0000   0.0000   0.0000   0.0000;
274:  0.2580   0.5660   0.7840   1.0020   1.2210   1.4970   1.7190   2.0640   2.2850   2.5080   2.7420   3.0870   3.3190   3.5520   3.7810   4.0210   4.2550   4.4650   4.7030   0.0000   0.0000   0.0000   0.0000;
275:  0.2580   0.5660   0.7840   1.0020   1.2210   1.4970   1.7190   2.0640   2.2850   2.5080   2.7420   3.0870   3.3190   3.5530   3.7820   4.0210   4.2550   4.4650   4.7020   0.0000   0.0000   0.0000   0.0000;
276:  0.2580   0.5660   0.7840   1.0020   1.2220   1.4970   1.7200   2.0640   2.2860   2.5080   2.7420   3.0870   3.3190   3.5530   3.7820   4.0210   4.2550   4.4650   4.7030   0.0000   0.0000   0.0000   0.0000;
277:  0.2580   0.5660   0.7840   1.0020   1.2220   1.4970   1.7200   2.0640   2.2860   2.5080   2.7410   3.0860   3.3190   3.5520   3.7830   4.0210   4.2550   4.4640   4.7030   0.0000   0.0000   0.0000   0.0000;
278:  0.2570   0.5660   0.7840   1.0020   1.2220   1.4970   1.7200   2.0640   2.2860   2.5080   2.7410   3.0850   3.3180   3.5520   3.7830   4.0210   4.2540   4.4640   4.7020   0.0000   0.0000   0.0000   0.0000;
279:  0.2570   0.5660   0.7840   1.0020   1.2220   1.4970   1.7200   2.0640   2.2870   2.5080   2.7410   3.0850   3.3190   3.5530   3.7830   4.0220   4.2530   4.4630   4.7020   0.0000   0.0000   0.0000   0.0000;
280:  0.2570   0.5660   0.7840   1.0020   1.2220   1.4970   1.7200   2.0640   2.2870   2.5080   2.7410   3.0840   3.3190   3.5530   3.7830   4.0220   4.2530   4.4630   4.7020   0.0000   0.0000   0.0000   0.0000;
281:  0.2570   0.5660   0.7840   1.0020   1.2220   1.4970   1.7200   2.0640   2.2870   2.5080   2.7400   3.0830   3.3190   3.5520   3.7830   4.0220   4.2520   4.4620   4.7010   0.0000   0.0000   0.0000   0.0000;
282:  0.2570   0.5660   0.7840   1.0020   1.2220   1.4970   1.7200   2.0640   2.2870   2.5080   2.7400   3.0820   3.3190   3.5520   3.7820   4.0220   4.2520   4.4620   4.7000   0.0000   0.0000   0.0000   0.0000;
283:  0.2570   0.5670   0.7840   1.0020   1.2230   1.4970   1.7200   2.0640   2.2870   2.5080   2.7400   3.0810   3.3190   3.5520   3.7820   4.0220   4.2520   4.4620   4.7000   0.0000   0.0000   0.0000   0.0000;
284:  0.2560   0.5670   0.7850   1.0030   1.2230   1.4970   1.7200   2.0640   2.2870   2.5080   2.7400   3.0800   3.3190   3.5520   3.7810   4.0220   4.2510   4.4610   4.6990   0.0000   0.0000   0.0000   0.0000;
285:  0.2560   0.5670   0.7850   1.0030   1.2240   1.4970   1.7200   2.0640   2.2870   2.5090   2.7400   3.0800   3.3190   3.5520   3.7810   4.0220   4.2510   4.4610   4.6980   0.0000   0.0000   0.0000   0.0000;
286:  0.2560   0.5670   0.7850   1.0040   1.2240   1.4970   1.7200   2.0640   2.2870   2.5090   2.7390   3.0780   3.3180   3.5520   3.7800   4.0210   4.2510   4.4600   4.6980   0.0000   0.0000   0.0000   0.0000;
287:  0.2560   0.5670   0.7850   1.0040   1.2250   1.4970   1.7200   2.0640   2.2870   2.5090   2.7390   3.0770   3.3170   3.5520   3.7800   4.0200   4.2510   4.4590   4.6970   0.0000   0.0000   0.0000   0.0000;
288:  0.2560   0.5670   0.7850   1.0040   1.2250   1.4970   1.7200   2.0640   2.2870   2.5090   2.7390   3.0760   3.3160   3.5520   3.7800   4.0190   4.2510   4.4580   4.6970   0.0000   0.0000   0.0000   0.0000;
289:  0.2550   0.5670   0.7850   1.0040   1.2250   1.4980   1.7190   2.0640   2.2860   2.5090   2.7390   3.0750   3.3150   3.5520   3.7790   4.0190   4.2500   4.4580   4.6960   0.0000   0.0000   0.0000   0.0000;
290:  0.2550   0.5670   0.7850   1.0040   1.2250   1.4980   1.7190   2.0640   2.2860   2.5090   2.7390   3.0750   3.3140   3.5520   3.7780   4.0180   4.2500   4.4560   4.6950   0.0000   0.0000   0.0000   0.0000;
291:  0.2550   0.5670   0.7850   1.0050   1.2250   1.4980   1.7190   2.0640   2.2850   2.5090   2.7390   3.0740   3.3130   3.5520   3.7770   4.0180   4.2500   4.4530   4.6940   0.0000   0.0000   0.0000   0.0000;
292:  0.2550   0.5670   0.7850   1.0050   1.2250   1.4980   1.7180   2.0640   2.2850   2.5090   2.7380   3.0730   3.3120   3.5520   3.7760   4.0170   4.2500   4.4510   4.6930   0.0000   0.0000   0.0000   0.0000;
293:  0.2540   0.5670   0.7850   1.0050   1.2250   1.4970   1.7180   2.0630   2.2850   2.5100   2.7380   3.0730   3.3110   3.5520   3.7760   4.0150   4.2490   4.4470   4.6910   0.0000   0.0000   0.0000   0.0000;
294:  0.2540   0.5670   0.7850   1.0050   1.2250   1.4970   1.7180   2.0630   2.2840   2.5100   2.7380   3.0720   3.3100   3.5520   3.7760   4.0130   4.2490   4.4430   4.6900   0.0000   0.0000   0.0000   0.0000;
295:  0.2540   0.5670   0.7850   1.0050   1.2260   1.4970   1.7180   2.0630   2.2840   2.5100   2.7380   3.0710   3.3090   3.5520   3.7750   4.0120   4.2480   4.4380   0.0000   0.0000   0.0000   0.0000   0.0000;
296:  0.2530   0.5670   0.7850   1.0050   1.2260   1.4970   1.7180   2.0630   2.2830   2.5100   2.7380   3.0710   3.3080   3.5520   3.7750   4.0100   4.2480   4.4340   0.0000   0.0000   0.0000   0.0000   0.0000;
297:  0.2530   0.5680   0.7850   1.0050   1.2260   1.4970   1.7170   2.0630   2.2830   2.5100   2.7380   3.0710   3.3070   3.5520   3.7750   4.0100   4.2470   4.4290   0.0000   0.0000   0.0000   0.0000   0.0000;
298:  0.2530   0.5680   0.7850   1.0050   1.2260   1.4970   1.7170   2.0620   2.2820   2.5100   2.7380   3.0710   3.3060   3.5520   3.7750   4.0090   4.2460   4.4240   0.0000   0.0000   0.0000   0.0000   0.0000;
299:  0.2520   0.5680   0.7860   1.0060   1.2260   1.4970   1.7170   2.0620   2.2820   2.5100   2.7380   3.0700   3.3050   3.5520   3.7740   4.0070   4.2450   4.4190   0.0000   0.0000   0.0000   0.0000   0.0000;
300:  0.2520   0.5680   0.7860   1.0060   1.2260   1.4970   1.7170   2.0620   2.2820   2.5100   2.7380   3.0700   3.3040   3.5510   3.7730   4.0050   4.2450   4.4140   0.0000   0.0000   0.0000   0.0000   0.0000;
301:  0.2520   0.5680   0.7860   1.0060   1.2260   1.4970   1.7170   2.0620   2.2820   2.5090   2.7370   3.0700   3.3040   3.5510   3.7720   4.0030   4.2440   4.4090   0.0000   0.0000   0.0000   0.0000   0.0000;
302:  0.2510   0.5680   0.7860   1.0060   1.2260   1.4970   1.7170   2.0620   2.2820   2.5090   2.7370   3.0700   3.3030   3.5500   3.7710   4.0020   4.2420   4.4050   0.0000   0.0000   0.0000   0.0000   0.0000;
303:  0.2510   0.5680   0.7860   1.0060   1.2260   1.4970   1.7160   2.0620   2.2820   2.5090   2.7360   3.0690   3.3030   3.5490   3.7710   4.0010   4.2400   4.4010   0.0000   0.0000   0.0000   0.0000   0.0000;
304:  0.2510   0.5680   0.7860   1.0060   1.2260   1.4970   1.7160   2.0610   2.2820   2.5090   2.7360   3.0690   3.3030   3.5490   3.7700   4.0010   4.2380   4.3970   0.0000   0.0000   0.0000   0.0000   0.0000;
305:  0.2500   0.5690   0.7860   1.0060   1.2260   1.4970   1.7160   2.0610   2.2820   2.5080   2.7350   3.0690   3.3030   3.5480   3.7690   4.0010   4.2360   4.3940   0.0000   0.0000   0.0000   0.0000   0.0000;
306:  0.2500   0.5690   0.7860   1.0060   1.2260   1.4970   1.7160   2.0600   2.2820   2.5070   2.7350   3.0690   3.3030   3.5470   3.7680   4.0000   4.2340   4.3920   0.0000   0.0000   0.0000   0.0000   0.0000;
307:  0.2490   0.5690   0.7860   1.0070   1.2260   1.4970   1.7160   2.0600   2.2820   2.5070   2.7340   3.0690   3.3030   3.5460   3.7670   4.0000   4.2320   4.3900   0.0000   0.0000   0.0000   0.0000   0.0000;
308:  0.2490   0.5690   0.7860   1.0070   1.2260   1.4980   1.7150   2.0600   2.2820   2.5070   2.7330   3.0690   3.3030   3.5450   3.7650   4.0000   4.2300   4.3880   0.0000   0.0000   0.0000   0.0000   0.0000;
309:  0.2490   0.5690   0.7860   1.0070   1.2260   1.4980   1.7150   2.0590   2.2820   2.5060   2.7320   3.0690   3.3020   3.5440   3.7640   3.9980   4.2290   4.3870   0.0000   0.0000   0.0000   0.0000   0.0000;
310:  0.2480   0.5690   0.7870   1.0080   1.2260   1.4980   1.7150   2.0590   2.2820   2.5060   2.7310   3.0690   3.3020   3.5430   3.7630   3.9980   4.2270   4.3870   0.0000   0.0000   0.0000   0.0000   0.0000;
311:  0.2480   0.5690   0.7870   1.0080   1.2270   1.4980   1.7150   2.0590   2.2820   2.5050   2.7310   3.0690   3.3020   3.5420   3.7620   3.9970   4.2260   4.3890   0.0000   0.0000   0.0000   0.0000   0.0000;
312:  0.2470   0.5700   0.7870   1.0080   1.2270   1.4990   1.7150   2.0590   2.2820   2.5050   2.7300   3.0690   3.3020   3.5400   3.7610   3.9970   4.2240   4.3910   0.0000   0.0000   0.0000   0.0000   0.0000;
313:  0.2470   0.5700   0.7870   1.0080   1.2270   1.4990   1.7150   2.0590   2.2820   2.5050   2.7290   3.0700   3.3020   3.5390   3.7600   3.9970   4.2230   4.3940   0.0000   0.0000   0.0000   0.0000   0.0000;
314:  0.2470   0.5700   0.7870   1.0090   1.2270   1.4990   1.7150   2.0580   2.2830   2.5050   2.7290   3.0700   3.3020   3.5390   3.7590   3.9970   4.2220   4.3970   0.0000   0.0000   0.0000   0.0000   0.0000;
315:  0.2460   0.5700   0.7870   1.0090   1.2270   1.5000   1.7150   2.0590   2.2830   2.5050   2.7280   3.0710   3.3010   3.5370   3.7580   3.9970   4.2200   4.4000   0.0000   0.0000   0.0000   0.0000   0.0000;
316:  0.2460   0.5710   0.7870   1.0090   1.2270   1.5000   1.7150   2.0590   2.2830   2.5050   2.7280   3.0710   3.3010   3.5360   3.7570   3.9970   4.2190   4.4030   0.0000   0.0000   0.0000   0.0000   0.0000;
317:  0.2450   0.5710   0.7870   1.0100   1.2280   1.5000   1.7150   2.0590   2.2830   2.5050   2.7280   3.0720   3.3010   3.5360   3.7560   3.9970   4.2180   4.4060   0.0000   0.0000   0.0000   0.0000   0.0000;
318:  0.2450   0.5710   0.7870   1.0100   1.2280   1.5000   1.7150   2.0600   2.2830   2.5050   2.7270   3.0730   3.3000   3.5350   3.7550   3.9970   4.2180   4.4080  -4.6190  -4.7960   5.0220   0.0000   0.0000;
319:  0.2450   0.5710   0.7880   1.0100   1.2280   1.5000   1.7150   2.0600   2.2830   2.5050   2.7270   3.0750   3.3000   3.5340   3.7550   3.9970   4.2180   4.4110  -4.6140  -4.8040   5.0300   0.0000   0.0000;
320:  0.2440   0.5720   0.7880   1.0110   1.2280   1.5000   1.7150   2.0610   2.2830   2.5050   2.7270   3.0750   3.3000   3.5340   3.7550   3.9980   4.2170   4.4130  -4.6110  -4.8130   5.0400   0.0000   0.0000;
321:  0.2440   0.5720   0.7880   1.0110   1.2290   1.5010   1.7150   2.0610   2.2830   2.5050   2.7270   3.0760   3.2990   3.5340   3.7550   3.9980   4.2170   4.4150  -4.6080  -4.8210   5.0500   0.0000   0.0000;
322:  0.2440   0.5720   0.7880   1.0120   1.2290   1.5010   1.7150   2.0620   2.2830   2.5050   2.7270   3.0760   3.2980   3.5340   3.7540   3.9980   4.2160   4.4180  -4.6060  -4.8300   5.0610   0.0000   0.0000;
323:  0.2430   0.5730   0.7880   1.0120   1.2290   1.5010   1.7160   2.0630   2.2830   2.5060   2.7280   3.0770   3.2980   3.5340   3.7530   3.9980   4.2160   4.4200  -4.6040  -4.8380   5.0740   0.0000   0.0000;
324:  0.2430   0.5730   0.7890   1.0120   1.2300   1.5010   1.7160   2.0640   2.2830   2.5060   2.7280   3.0780   3.2970   3.5330   3.7530   3.9980   4.2160   4.4220  -4.6030  -4.8470   5.0860   0.0000   0.0000;
325:  0.2420   0.5730   0.7890   1.0130   1.2300   1.5010   1.7170   2.0650   2.2830   2.5060   2.7280   3.0780   3.2970   3.5330   3.7530   3.9990   4.2160   4.4240  -4.6030  -4.8550   5.0990   0.0000   0.0000;
326:  0.2420   0.5740   0.7890   1.0130   1.2300   1.5010   1.7170   2.0650   2.2830   2.5060   2.7280   3.0790   3.2960   3.5330   3.7530   3.9990   4.2160   4.4270  -4.6040  -4.8640   5.1120   0.0000   0.0000;
327:  0.2420   0.5740   0.7890   1.0130   1.2310   1.5010   1.7180   2.0660   2.2830   2.5060   2.7290   3.0790   3.2960   3.5330   3.7530   3.9990   4.2150   4.4290  -4.6050  -4.8730   5.1250   0.0000   0.0000;
328:  0.2410   0.5740   0.7890   1.0130   1.2310   1.5010   1.7180   2.0660   2.2830   2.5060   2.7290   3.0790   3.2960   3.5330   3.7530   4.0000   4.2150   4.4310   4.6080  -4.8810   5.1380   0.0000   0.0000;
329:  0.2410   0.5750   0.7900   1.0130   1.2310   1.5020   1.7190   2.0670   2.2830   2.5060   2.7290   3.0790   3.2950   3.5340   3.7530   4.0000   4.2150   4.4350   4.6100  -4.8900   5.1500   0.0000   0.0000;
330:  0.2400   0.5750   0.7900   1.0140   1.2310   1.5020   1.7190   2.0670   2.2830   2.5060   2.7290   3.0790   3.2950   3.5340   3.7530   4.0000   4.2150   4.4370   4.6130  -4.8980   5.1630   0.0000   0.0000;
331:  0.2400   0.5750   0.7900   1.0140   1.2320   1.5020   1.7200   2.0670   2.2830   2.5060   2.7290   3.0790   3.2950   3.5340   3.7530   3.9990   4.2150   4.4400   4.6180  -4.9070   5.1740   0.0000   0.0000;
332:  0.2400   0.5750   0.7900   1.0140   1.2320   1.5020   1.7210   2.0670   2.2830   2.5060   2.7290   3.0790   3.2950   3.5340   3.7530   3.9990   4.2150   4.4420   4.6230  -4.9150   5.1850   0.0000   0.0000;
333:  0.2390   0.5760   0.7910   1.0150   1.2330   1.5030   1.7220   2.0680   2.2840   2.5060   2.7290   3.0790   3.2950   3.5350   3.7530   4.0000   4.2150   4.4440   4.6280  -4.9240   5.1950   0.0000   0.0000;
334:  0.2390   0.5760   0.7910   1.0150   1.2330   1.5030   1.7230   2.0680   2.2840   2.5060   2.7290   3.0780   3.2950   3.5350   3.7530   4.0000   4.2150   4.4460   4.6340  -4.9330   5.2040   0.0000   0.0000;
335:  0.2380   0.5760   0.7910   1.0150   1.2330   1.5040   1.7230   2.0670   2.2840   2.5060   2.7300   3.0780   3.2950   3.5350   3.7540   4.0000   4.2160   4.4480   4.6400  -4.9410   5.2110   0.0000   0.0000;
336:  0.2380   0.5760   0.7910   1.0150   1.2330   1.5040   1.7240   2.0670   2.2850   2.5070   2.7300   3.0780   3.2950   3.5350   3.7540   4.0000   4.2160   4.4510   4.6470  -4.9490   5.2170   0.0000   0.0000;
337:  0.2380   0.5760   0.7920   1.0150   1.2330   1.5040   1.7250   2.0670   2.2850   2.5070   2.7300   3.0780   3.2950   3.5350   3.7550   4.0010   4.2170   4.4540   4.6540  -4.9570   5.2220   0.0000   0.0000;
338:  0.2370   0.5770   0.7920   1.0150   1.2340   1.5050   1.7260   2.0670   2.2850   2.5070   2.7300   3.0780   3.2950   3.5360   3.7550   4.0010   4.2170   4.4570   4.6610  -4.9640   5.2250   0.0000   0.0000;
339:  0.2370   0.5770   0.7920   1.0150   1.2340   1.5050   1.7270   2.0660   2.2850   2.5070   2.7300   3.0790   3.2950   3.5360   3.7550   4.0010   4.2180   4.4590   4.6700  -4.9720   5.2270   0.0000   0.0000;
340:  0.2360   0.5770   0.7920   1.0150   1.2340   1.5050   1.7270   2.0660   2.2860   2.5070   2.7300   3.0790   3.2950   3.5370   3.7550   4.0020   4.2190   4.4610   4.6770  -4.9790   5.2290   0.0000   0.0000;
341:  0.2360   0.5770   0.7930   1.0160   1.2340   1.5060   1.7270   2.0650   2.2860   2.5070   2.7300   3.0790   3.2950   3.5360   3.7560   4.0030   4.2200   4.4620   4.6830  -4.9850   5.2320   0.0000   0.0000;
342:  0.2360   0.5780   0.7930   1.0160   1.2340   1.5060   1.7280   2.0650   2.2860   2.5070   2.7300   3.0800   3.2950   3.5370   3.7570   4.0030   4.2220   4.4640   4.6890  -4.9920   5.2340   0.0000   0.0000;
343:  0.2350   0.5780   0.7930   1.0160   1.2350   1.5060   1.7280   2.0650   2.2860   2.5070   2.7300   3.0800   3.2950   3.5370   3.7580   4.0040   4.2250   4.4660   4.6950   5.0000   5.2350   0.0000   0.0000;
344:  0.2350   0.5780   0.7930   1.0160   1.2350   1.5070   1.7280   2.0650   2.2870   2.5080   2.7300   3.0800   3.2950   3.5380   3.7580   4.0050   4.2270   4.4680   4.7000   5.0060   5.2370   0.0000   0.0000;
345:  0.2340   0.5780   0.7940   1.0160   1.2350   1.5070   1.7280   2.0660   2.2870   2.5080   2.7300   3.0810   3.2950   3.5380   3.7580   4.0060   4.2300   4.4700   4.7040   5.0120   5.2390   0.0000   0.0000;
346:  0.2340   0.5780   0.7940   1.0160   1.2350   1.5070   1.7280   2.0660   2.2870   2.5090   2.7300   3.0810   3.2960   3.5390   3.7580   4.0070   4.2320   4.4720   4.7090   5.0170   5.2410   0.0000   0.0000;
347:  0.2340   0.5780   0.7940   1.0170   1.2350   1.5080   1.7280   2.0670   2.2870   2.5090   2.7300   3.0810   3.2970   3.5390   3.7590   4.0090   4.2340   4.4740   4.7130   5.0230   5.2440   0.0000   0.0000;
348:  0.2330   0.5780   0.7940   1.0170   1.2350   1.5080   1.7280   2.0680   2.2880   2.5100   2.7310   3.0820   3.2980   3.5400   3.7600   4.0100   4.2360   4.4770   4.7160   5.0280   5.2460   0.0000   0.0000;
349:  0.2330   0.5780   0.7950   1.0170   1.2360   1.5080   1.7280   2.0690   2.2880   2.5100   2.7310   3.0820   3.2980   3.5400   3.7610   4.0120   4.2390   4.4790   4.7200   5.0320   5.2490   0.0000   0.0000;
350:  0.2330   0.5780   0.7950   1.0170   1.2360   1.5080   1.7270   2.0700   2.2880   2.5110   2.7310   3.0830   3.2990   3.5420   3.7620   4.0140   4.2420   4.4820   4.7230   5.0360   5.2530   0.0000   0.0000;
351:  0.2320   0.5780   0.7950   1.0170   1.2360   1.5090   1.7270   2.0710   2.2890   2.5120   2.7320   3.0840   3.3000   3.5430   3.7630   4.0160   4.2440   4.4850   4.7250   5.0390   5.2560   0.0000   0.0000;
352:  0.2320   0.5780   0.7950   1.0170   1.2360   1.5090   1.7260   2.0730   2.2890   2.5120   2.7320   3.0840   3.3010   3.5440   3.7640   4.0180   4.2470   4.4880   4.7270   5.0430   5.2590   0.0000   0.0000;
353:  0.2310   0.5780   0.7950   1.0170   1.2360   1.5090   1.7250   2.0750   2.2890   2.5130   2.7330   3.0850   3.3020   3.5450   3.7650   4.0200   4.2490   4.4910   4.7290   5.0450   0.0000   0.0000   0.0000;
354:  0.2310   0.5780   0.7950   1.0170   1.2360   1.5090   1.7250   2.0760   2.2890   2.5130   2.7340   3.0860   3.3030   3.5450   3.7670   4.0220   4.2520   4.4950   4.7310   5.0480   0.0000   0.0000   0.0000;
355:  0.2310   0.5780   0.7950   1.0170   1.2360   1.5090   1.7240   2.0780   2.2890   2.5140   2.7340   3.0870   3.3040   3.5470   3.7680   4.0240   4.2540   4.4990   4.7330   5.0500   0.0000   0.0000   0.0000;
356:  0.2300   0.5780   0.7950   1.0170   1.2360   1.5090   1.7240   2.0790   2.2890   2.5140   2.7350   3.0880   3.3050   3.5480   3.7700   4.0260   4.2570   4.5020   4.7360   5.0530   0.0000   0.0000   0.0000;
357:  0.2300   0.5780   0.7960   1.0170   1.2360   1.5090   1.7230   2.0800   2.2890   2.5150   2.7350   3.0890   3.3060   3.5490   3.7730   4.0290   4.2590   4.5040   4.7380   5.0550   0.0000   0.0000   0.0000;
358:  0.2290   0.5780   0.7960   1.0170   1.2360   1.5090   1.7230   2.0810   2.2890   2.5150   2.7360   3.0900   3.3070   3.5510   3.7750   4.0310   4.2620   4.5080   4.7390   5.0570   0.0000   0.0000   0.0000;
359:  0.2290   0.5780   0.7960   1.0170   1.2360   1.5090   1.7230   2.0820   2.2890   2.5160   2.7370   3.0910   3.3090   3.5520   3.7770   4.0340   4.2640   4.5110   4.7410   5.0580   0.0000   0.0000   0.0000;
