    0	      0	   1301	   1576	   1854	   2137	   2422	   2700	   2978	   3260	   3543	   3836	   4128	   4409	   4698	   4981	   5261	   5547	   5834	   6155	   6480	   6761	   7044	   7341	   7636	   7923	   8206	   8481	   8759	   9024	   9284	   9550	   9817	  10097	  10375	  10610	  10824	  11032	  11254	      0	
    1	      0	   1301	   1576	   1854	   2137	   2422	   2700	   2978	   3260	   3543	   3836	   4128	   4409	   4699	   4981	   5261	   5547	   5834	   6156	   6480	   6762	   7044	   7341	   7636	   7923	   8206	   8482	   8759	   9024	   9284	   9550	   9817	  10097	  10376	  10610	  10824	  11033	  11251	      0	
    2	      0	   1301	   1576	   1854	   2137	   2422	   2700	   2978	   3260	   3543	   3836	   4128	   4409	   4698	   4982	   5261	   5547	   5834	   6156	   6480	   6762	   7044	   7341	   7636	   7924	   8207	   8482	   8760	   9025	   9285	   9551	   9817	  10097	  10376	  10610	  10824	  11033	  11248	      0	
    3	      0	   1301	   1576	   1853	   2136	   2422	   2700	   2978	   3260	   3543	   3836	   4128	   4409	   4698	   4982	   5261	   5547	   5834	   6156	   6480	   6762	   7044	   7341	   7636	   7924	   8207	   8482	   8760	   9025	   9285	   9551	   9818	  10097	  10376	  10611	  10824	  11033	  11265	      0	
    4	      0	   1301	   1576	   1853	   2137	   2422	   2700	   2978	   3260	   3543	   3836	   4128	   4410	   4698	   4982	   5262	   5547	   5834	   6156	   6480	   6762	   7045	   7341	   7637	   7924	   8207	   8483	   8760	   9025	   9285	   9551	   9818	  10097	  10377	  10611	  10825	  11033	  11259	      0	
    5	      0	   1301	   1576	   1853	   2137	   2422	   2700	   2978	   3260	   3543	   3836	   4128	   4410	   4698	   4982	   5262	   5547	   5834	   6156	   6480	   6762	   7045	   7342	   7637	   7924	   8208	   8483	   8761	   9025	   9285	   9552	   9818	  10097	  10377	  10612	  10825	  11033	  11254	      0	
    6	      0	   1301	   1575	   1852	   2137	   2422	   2700	   2978	   3260	   3543	   3836	   4128	   4410	   4698	   4982	   5262	   5547	   5834	   6156	   6480	   6762	   7045	   7342	   7637	   7924	   8208	   8484	   8761	   9026	   9286	   9552	   9819	  10097	  10378	  10612	  10826	  11033	  11250	      0	
    7	      0	   1301	   1575	   1852	   2137	   2422	   2700	   2979	   3261	   3543	   3836	   4129	   4411	   4698	   4982	   5262	   5548	   5834	   6156	   6480	   6762	   7046	   7342	   7637	   7924	   8208	   8484	   8761	   9026	   9286	   9552	   9819	  10098	  10378	  10613	  10826	  11033	  11246	      0	
    8	      0	   1301	   1575	   1852	   2136	   2421	   2699	   2979	   3261	   3543	   3836	   4129	   4411	   4698	   4982	   5262	   5547	   5834	   6156	   6480	   6762	   7046	   7343	   7637	   7924	   8208	   8484	   8762	   9026	   9287	   9553	   9819	  10097	  10378	  10613	  10826	  11033	  11243	      0	
    9	      0	   1301	   1575	   1852	   2136	   2421	   2699	   2979	   3261	   3543	   3836	   4129	   4411	   4698	   4982	   5263	   5547	   5834	   6156	   6480	   6763	   7047	   7343	   7637	   7924	   8208	   8484	   8762	   9026	   9287	   9553	   9820	  10097	  10378	  10613	  10827	  11033	  11241	      0	
   10	      0	   1301	   1575	   1851	   2136	   2421	   2699	   2979	   3261	   3543	   3836	   4129	   4411	   4697	   4982	   5263	   5547	   5834	   6156	   6480	   6763	   7047	   7343	   7637	   7924	   8209	   8485	   8762	   9026	   9287	   9554	   9820	  10097	  10379	  10614	  10827	  11034	  11240	      0	
   11	      0	   1301	   1574	   1851	   2136	   2421	   2699	   2979	   3261	   3543	   3836	   4129	   4411	   4697	   4982	   5263	   5547	   5834	   6156	   6480	   6763	   7047	   7344	   7638	   7924	   8209	   8485	   8762	   9027	   9288	   9554	   9820	  10097	  10379	  10614	  10827	  11034	  11239	      0	
   12	      0	   1301	   1574	   1851	   2136	   2421	   2699	   2979	   3261	   3543	   3836	   4129	   4411	   4697	   4982	   5263	   5547	   5834	   6156	   6480	   6763	   7048	   7344	   7638	   7924	   8209	   8485	   8762	   9027	   9288	   9555	   9820	  10097	  10379	  10614	  10828	  11034	  11239	      0	
   13	      0	   1300	   1574	   1851	   2136	   2421	   2699	   2979	   3260	   3543	   3836	   4129	   4411	   4697	   4982	   5263	   5547	   5834	   6156	   6480	   6763	   7048	   7345	   7638	   7925	   8209	   8485	   8763	   9027	   9288	   9555	   9821	  10097	  10379	  10615	  10828	  11034	  11239	      0	
   14	      0	   1300	   1574	   1850	   2136	   2421	   2699	   2979	   3260	   3543	   3836	   4129	   4411	   4696	   4982	   5263	   5547	   5834	   6156	   6480	   6763	   7048	   7345	   7638	   7925	   8209	   8485	   8763	   9027	   9289	   9555	   9821	  10097	  10380	  10615	  10828	  11034	  11239	      0	
   15	      0	   1300	   1574	   1850	   2135	   2420	   2699	   2979	   3260	   3543	   3836	   4129	   4411	   4696	   4982	   5264	   5548	   5834	   6156	   6480	   6763	   7048	   7345	   7638	   7925	   8210	   8486	   8763	   9028	   9289	   9555	   9821	  10096	  10380	  10615	  10829	  11034	  11239	      0	
   16	      0	   1300	   1574	   1850	   2135	   2420	   2699	   2979	   3260	   3543	   3836	   4129	   4411	   4696	   4982	   5263	   5548	   5834	   6157	   6480	   6763	   7049	   7345	   7639	   7925	   8210	   8486	   8764	   9028	   9289	   9556	   9821	  10096	  10380	  10615	  10829	  11034	  11240	      0	
   17	      0	   1300	   1574	   1850	   2135	   2420	   2699	   2979	   3260	   3542	   3836	   4129	   4411	   4696	   4982	   5263	   5548	   5835	   6157	   6480	   6764	   7049	   7345	   7639	   7925	   8210	   8486	   8764	   9029	   9289	   9556	   9822	  10096	  10380	  10616	  10829	  11035	  11240	      0	
   18	      0	   1300	   1574	   1850	   2135	   2420	   2699	   2979	   3260	   3542	   3836	   4129	   4410	   4696	   4982	   5263	   5548	   5835	   6156	   6480	   6764	   7049	   7346	   7639	   7925	   8211	   8486	   8765	   9029	   9290	   9557	   9822	  10095	  10381	  10616	  10830	  11035	  11241	      0	
   19	      0	   1300	   1574	   1850	   2135	   2420	   2699	   2979	   3260	   3542	   3836	   4128	   4410	   4696	   4982	   5263	   5548	   5835	   6156	   6480	   6764	   7049	   7346	   7640	   7925	   8211	   8486	   8765	   9029	   9290	   9557	   9822	  10095	  10381	  10616	  10830	  11036	  11241	      0	
   20	      0	   1299	   1574	   1850	   2135	   2420	   2699	   2979	   3259	   3542	   3836	   4128	   4410	   4696	   4982	   5264	   5549	   5835	   6156	   6480	   6764	   7049	   7346	   7640	   7926	   8211	   8486	   8765	   9030	   9290	   9558	   9823	  10095	  10382	  10617	  10831	  11036	  11241	      0	
   21	      0	   1299	   1574	   1851	   2135	   2420	   2699	   2979	   3259	   3542	   3835	   4128	   4410	   4695	   4982	   5264	   5549	   5835	   6157	   6480	   6764	   7050	   7346	   7640	   7926	   8211	   8486	   8765	   9030	   9290	   9558	   9823	  10095	  10382	  10617	  10831	  11037	  11241	      0	
   22	      0	   1299	   1574	   1851	   2135	   2419	   2698	   2978	   3259	   3542	   3835	   4128	   4409	   4695	   4982	   5263	   5549	   5835	   6157	   6480	   6765	   7050	   7346	   7641	   7926	   8211	   8486	   8766	   9031	   9291	   9559	   9824	  10095	  10382	  10618	  10832	  11038	  11241	      0	
   23	      0	   1299	   1573	   1851	   2135	   2419	   2698	   2978	   3259	   3542	   3835	   4128	   4409	   4695	   4982	   5264	   5549	   5836	   6157	   6481	   6765	   7050	   7347	   7641	   7926	   8211	   8487	   8766	   9031	   9291	   9559	   9824	  10095	  10382	  10618	  10832	  11039	  11241	      0	
   24	      0	   1299	   1573	   1851	   2135	   2419	   2698	   2978	   3259	   3541	   3835	   4128	   4409	   4695	   4982	   5264	   5550	   5836	   6157	   6481	   6765	   7050	   7347	   7642	   7927	   8212	   8486	   8767	   9032	   9291	   9560	   9824	  10094	  10383	  10618	  10832	  11039	  11242	      0	
   25	      0	   1298	   1573	   1851	   2135	   2418	   2698	   2977	   3258	   3541	   3835	   4128	   4409	   4695	   4982	   5264	   5550	   5836	   6157	   6481	   6765	   7050	   7347	   7642	   7927	   8212	   8487	   8767	   9033	   9292	   9560	   9825	  10094	  10383	  10619	  10833	  11040	  11242	      0	
   26	      0	   1298	   1573	   1851	   2135	   2418	   2697	   2977	   3258	   3541	   3835	   4128	   4409	   4695	   4982	   5264	   5550	   5836	   6157	   6481	   6766	   7050	   7347	   7642	   7927	   8212	   8487	   8768	   9033	   9292	   9561	   9825	  10094	  10383	  10619	  10833	  11040	  11243	      0	
   27	      0	   1298	   1573	   1851	   2134	   2418	   2697	   2977	   3258	   3541	   3835	   4128	   4409	   4695	   4982	   5264	   5550	   5836	   6157	   6482	   6766	   7050	   7347	   7643	   7927	   8213	   8487	   8768	   9034	   9293	   9561	   9825	  10095	  10383	  10620	  10833	  11041	  11243	      0	
   28	      0	   1298	   1573	   1851	   2134	   2418	   2697	   2977	   3258	   3541	   3835	   4128	   4409	   4695	   4982	   5264	   5550	   5836	   6157	   6482	   6767	   7050	   7347	   7643	   7927	   8213	   8487	   8768	   9034	   9293	   9562	   9826	  10095	  10384	  10620	  10833	  11041	  11244	      0	
   29	      0	   1298	   1573	   1851	   2134	   2417	   2697	   2977	   3257	   3541	   3835	   4128	   4408	   4695	   4982	   5264	   5550	   5836	   6157	   6482	   6767	   7050	   7348	   7644	   7928	   8213	   8487	   8769	   9035	   9294	   9562	   9826	  10095	  10384	  10620	  10832	  11041	  11245	      0	
   30	      0	   1297	   1573	   1851	   2134	   2417	   2696	   2976	   3257	   3541	   3835	   4128	   4408	   4695	   4982	   5264	   5550	   5836	   6157	   6482	   6767	   7051	   7348	   7644	   7928	   8214	   8487	   8769	   9036	   9294	   9563	   9826	  10096	  10385	  10620	  10832	  11041	  11247	      0	
   31	      0	   1297	   1573	   1851	   2134	   2416	   2696	   2976	   3257	   3541	   3834	   4128	   4408	   4694	   4982	   5264	   5550	   5836	   6157	   6483	   6768	   7051	   7348	   7644	   7928	   8214	   8487	   8770	   9036	   9294	   9563	   9826	  10096	  10385	  10620	  10831	  11041	  11231	      0	
   32	      0	   1297	   1573	   1850	   2134	   2416	   2696	   2976	   3257	   3541	   3834	   4128	   4408	   4694	   4982	   5264	   5550	   5836	   6158	   6483	   6768	   7051	   7348	   7645	   7928	   8214	   8488	   8770	   9037	   9295	   9564	   9826	  10097	  10385	  10620	  10830	  11041	  11230	      0	
   33	      0	   1297	   1572	   1850	   2133	   2416	   2696	   2976	   3257	   3541	   3834	   4128	   4408	   4694	   4982	   5264	   5550	   5837	   6158	   6484	   6768	   7051	   7348	   7645	   7928	   8215	   8488	   8771	   9037	   9295	   9564	   9826	  10097	  10385	  10620	  10830	  11041	      0	      0	
   34	      0	   1297	   1572	   1850	   2133	   2416	   2696	   2975	   3257	   3541	   3834	   4128	   4408	   4694	   4981	   5264	   5550	   5837	   6158	   6484	   6769	   7051	   7348	   7645	   7928	   8215	   8489	   8771	   9037	   9296	   9565	   9826	  10098	  10384	  10619	  10829	      0	      0	      0	
   35	      0	   1296	   1572	   1850	   2132	   2415	   2696	   2975	   3256	   3541	   3834	   4128	   4408	   4694	   4981	   5263	   5550	   5836	   6158	   6484	   6769	   7051	   7349	   7645	   7929	   8216	   8489	   8771	   9038	   9296	   9565	   9827	  10098	  10383	  10618	  10828	      0	      0	      0	
   36	      0	   1296	   1571	   1849	   2132	   2415	   2696	   2974	   3256	   3540	   3834	   4128	   4408	   4694	   4981	   5263	   5550	   5836	   6158	   6484	   6769	   7052	   7349	   7645	   7929	   8216	   8489	   8772	   9038	   9296	   9566	   9827	  10099	  10382	  10617	  10827	      0	      0	      0	
   37	      0	   1296	   1571	   1849	   2132	   2415	   2696	   2974	   3256	   3540	   3834	   4128	   4409	   4694	   4981	   5263	   5550	   5836	   6158	   6484	   6769	   7052	   7349	   7646	   7929	   8217	   8490	   8772	   9038	   9297	   9566	   9827	  10100	  10381	  10616	  10826	      0	      0	      0	
   38	      0	   1296	   1571	   1848	   2131	   2415	   2695	   2974	   3255	   3540	   3834	   4128	   4409	   4695	   4981	   5263	   5550	   5837	   6158	   6484	   6769	   7052	   7350	   7646	   7929	   8217	   8490	   8773	   9039	   9297	   9567	   9827	  10100	  10380	  10614	  10823	      0	      0	      0	
   39	      0	   1296	   1571	   1848	   2131	   2414	   2695	   2974	   3255	   3540	   3834	   4129	   4409	   4695	   4981	   5263	   5550	   5836	   6158	   6484	   6769	   7053	   7350	   7646	   7929	   8218	   8491	   8773	   9039	   9298	   9567	   9827	  10101	  10379	      0	      0	      0	      0	      0	
   40	      0	   1296	   1571	   1848	   2130	   2414	   2695	   2974	   3255	   3540	   3834	   4129	   4410	   4695	   4981	   5263	   5550	   5836	   6158	   6484	   6769	   7053	   7350	   7646	   7930	   8218	   8491	   8773	   9039	   9298	   9568	   9827	  10102	  10378	      0	      0	      0	      0	      0	
   41	      0	   1296	   1570	   1847	   2130	   2414	   2695	   2974	   3255	   3540	   3834	   4129	   4410	   4695	   4981	   5263	   5550	   5836	   6158	   6484	   6769	   7054	   7351	   7647	   7930	   8218	   8491	   8774	   9040	   9299	   9569	   9827	  10102	  10377	      0	      0	      0	      0	      0	
   42	      0	   1295	   1570	   1847	   2130	   2414	   2695	   2974	   3255	   3539	   3834	   4129	   4410	   4695	   4981	   5264	   5550	   5837	   6158	   6485	   6770	   7054	   7351	   7647	   7930	   8219	   8492	   8774	   9040	   9299	   9569	   9828	  10103	  10376	      0	      0	      0	      0	      0	
   43	      0	   1295	   1570	   1847	   2130	   2414	   2695	   2974	   3255	   3539	   3834	   4129	   4410	   4695	   4981	   5264	   5551	   5837	   6158	   6485	   6770	   7055	   7351	   7647	   7931	   8220	   8492	   8774	   9040	   9300	   9570	   9828	  10103	  10374	      0	      0	      0	      0	      0	
   44	      0	   1295	   1570	   1847	   2130	   2414	   2695	   2974	   3255	   3539	   3834	   4129	   4410	   4695	   4981	   5264	   5551	   5837	   6158	   6485	   6770	   7055	   7351	   7647	   7931	   8220	   8493	   8775	   9041	   9301	   9571	   9828	  10104	  10373	      0	      0	      0	      0	      0	
   45	      0	   1295	   1570	   1847	   2130	   2414	   2695	   2974	   3255	   3539	   3834	   4129	   4410	   4696	   4981	   5264	   5551	   5837	   6158	   6485	   6770	   7056	   7352	   7648	   7932	   8220	   8493	   8775	   9041	   9301	   9571	   9828	  10104	  10368	      0	      0	      0	      0	      0	
   46	      0	   1295	   1570	   1846	   2130	   2414	   2695	   2974	   3256	   3539	   3834	   4129	   4411	   4696	   4981	   5264	   5551	   5838	   6159	   6486	   6771	   7056	   7352	   7648	   7932	   8221	   8494	   8776	   9042	   9302	   9572	   9828	  10104	      0	      0	      0	      0	      0	      0	
   47	      0	   1295	   1570	   1846	   2130	   2414	   2695	   2974	   3256	   3539	   3834	   4129	   4411	   4696	   4982	   5264	   5551	   5838	   6159	   6486	   6771	   7057	   7353	   7649	   7933	   8222	   8494	   8776	   9042	   9303	   9573	   9829	      0	      0	      0	      0	      0	      0	      0	
   48	      0	   1295	   1570	   1846	   2130	   2415	   2695	   2974	   3256	   3540	   3834	   4129	   4411	   4697	   4982	   5264	   5552	   5838	   6159	   6486	   6771	   7057	   7354	   7649	   7933	   8222	   8495	   8777	   9043	   9303	   9574	   9829	      0	      0	      0	      0	      0	      0	      0	
   49	      0	   1295	   1569	   1846	   2130	   2415	   2695	   2974	   3257	   3540	   3834	   4129	   4411	   4697	   4982	   5265	   5552	   5839	   6159	   6487	   6772	   7057	   7354	   7650	   7934	   8223	   8496	   8778	   9043	   9305	   9575	   9829	      0	      0	      0	      0	      0	      0	      0	
   50	      0	   1295	   1569	   1846	   2130	   2415	   2695	   2974	   3257	   3540	   3834	   4129	   4411	   4698	   4983	   5265	   5552	   5839	   6160	   6487	   6772	   7058	   7355	   7650	   7934	   8223	   8496	   8778	   9044	   9305	   9576	   9830	      0	      0	      0	      0	      0	      0	      0	
   51	      0	   1295	   1569	   1846	   2130	   2416	   2695	   2975	   3257	   3540	   3834	   4129	   4412	   4698	   4983	   5265	   5552	   5840	   6160	   6488	   6773	   7059	   7355	   7651	   7935	   8224	   8497	   8779	   9045	   9306	   9577	   9830	      0	      0	      0	      0	      0	      0	      0	
   52	      0	   1295	   1569	   1846	   2131	   2416	   2695	   2975	   3258	   3541	   3835	   4130	   4412	   4698	   4984	   5266	   5553	   5840	   6160	   6488	   6773	   7059	   7356	   7651	   7936	   8225	   8498	   8780	   9046	   9307	   9578	   9830	      0	      0	      0	      0	      0	      0	      0	
   53	      0	   1295	   1569	   1846	   2131	   2416	   2695	   2975	   3258	   3541	   3835	   4130	   4412	   4699	   4984	   5266	   5553	   5841	   6161	   6489	   6774	   7060	   7357	   7652	   7937	   8226	   8498	   8780	   9046	   9308	   9579	   9831	      0	      0	      0	      0	      0	      0	      0	
   54	      0	   1295	   1569	   1846	   2132	   2417	   2695	   2975	   3259	   3541	   3835	   4130	   4412	   4699	   4985	   5266	   5553	   5841	   6161	   6489	   6774	   7060	   7357	   7652	   7937	   8226	   8499	   8781	   9047	   9309	   9580	   9831	      0	      0	      0	      0	      0	      0	      0	
   55	      0	   1295	   1569	   1846	   2132	   2417	   2695	   2976	   3259	   3542	   3835	   4130	   4413	   4700	   4985	   5267	   5553	   5842	   6162	   6490	   6775	   7061	   7358	   7653	   7938	   8227	   8500	   8782	   9048	   9310	   9581	   9832	      0	      0	      0	      0	      0	      0	      0	
   56	      0	   1295	   1570	   1847	   2132	   2417	   2695	   2976	   3259	   3542	   3835	   4130	   4413	   4700	   4985	   5267	   5553	   5842	   6162	   6491	   6776	   7061	   7358	   7653	   7938	   8228	   8500	   8783	   9049	   9311	   9582	   9833	      0	      0	      0	      0	      0	      0	      0	
   57	      0	   1295	   1570	   1847	   2133	   2417	   2695	   2976	   3259	   3542	   3836	   4130	   4413	   4700	   4986	   5267	   5553	   5843	   6163	   6491	   6776	   7062	   7359	   7654	   7939	   8228	   8501	   8783	   9050	   9311	   9583	   9833	      0	      0	      0	      0	      0	      0	      0	
   58	      0	   1295	   1570	   1847	   2133	   2418	   2696	   2976	   3260	   3542	   3836	   4130	   4413	   4701	   4986	   5268	   5554	   5844	   6163	   6492	   6777	   7062	   7360	   7655	   7940	   8229	   8502	   8784	   9050	   9312	   9584	   9834	      0	      0	      0	      0	      0	      0	      0	
   59	      0	   1295	   1570	   1847	   2133	   2418	   2696	   2976	   3260	   3543	   3836	   4131	   4413	   4701	   4987	   5268	   5554	   5844	   6164	   6492	   6777	   7063	   7361	   7655	   7940	   8230	   8503	   8785	   9051	   9313	   9585	   9835	      0	      0	      0	      0	      0	      0	      0	
   60	      0	   1295	   1570	   1848	   2133	   2418	   2696	   2976	   3260	   3542	   3836	   4131	   4413	   4701	   4987	   5268	   5554	   5845	   6165	   6493	   6778	   7064	   7361	   7656	   7941	   8230	   8503	   8786	   9052	   9314	   9586	   9836	      0	      0	      0	      0	      0	      0	      0	
   61	      0	   1295	   1570	   1848	   2134	   2418	   2696	   2976	   3260	   3543	   3836	   4131	   4414	   4701	   4987	   5269	   5554	   5845	   6165	   6494	   6779	   7064	   7362	   7657	   7941	   8231	   8504	   8787	   9053	   9315	   9587	   9837	      0	      0	      0	      0	      0	      0	      0	
   62	      0	   1295	   1570	   1848	   2134	   2418	   2696	   2976	   3260	   3543	   3837	   4131	   4414	   4702	   4988	   5269	   5555	   5846	   6165	   6494	   6779	   7065	   7363	   7657	   7942	   8231	   8505	   8788	   9054	   9316	   9588	   9838	      0	      0	      0	      0	      0	      0	      0	
   63	      0	   1296	   1571	   1848	   2134	   2418	   2696	   2976	   3260	   3543	   3837	   4132	   4414	   4702	   4988	   5270	   5555	   5846	   6166	   6494	   6780	   7065	   7363	   7658	   7943	   8232	   8506	   8789	   9055	   9317	   9589	   9839	      0	      0	      0	      0	      0	      0	      0	
   64	      0	   1296	   1571	   1848	   2134	   2418	   2696	   2977	   3260	   3543	   3837	   4132	   4414	   4702	   4988	   5270	   5555	   5846	   6166	   6495	   6780	   7066	   7364	   7659	   7943	   8233	   8506	   8789	   9056	   9318	   9590	   9840	      0	      0	      0	      0	      0	      0	      0	
   65	      0	   1296	   1571	   1849	   2134	   2417	   2696	   2976	   3260	   3543	   3837	   4132	   4414	   4702	   4989	   5270	   5556	   5847	   6166	   6495	   6781	   7066	   7364	   7659	   7944	   8233	   8507	   8790	   9057	   9319	   9591	   9841	      0	      0	      0	      0	      0	      0	      0	
   66	      0	   1296	   1571	   1849	   2134	   2417	   2696	   2977	   3260	   3543	   3837	   4133	   4415	   4702	   4989	   5271	   5556	   5847	   6167	   6496	   6781	   7067	   7365	   7660	   7945	   8234	   8508	   8791	   9058	   9320	   9592	   9843	      0	      0	      0	      0	      0	      0	      0	
   67	      0	   1296	   1572	   1849	   2134	   2417	   2696	   2977	   3260	   3543	   3838	   4133	   4415	   4703	   4989	   5271	   5556	   5847	   6167	   6496	   6782	   7067	   7366	   7660	   7945	   8234	   8509	   8792	   9059	   9321	   9592	   9844	      0	      0	      0	      0	      0	      0	      0	
   68	      0	   1296	   1572	   1849	   2134	   2417	   2695	   2977	   3260	   3543	   3838	   4133	   4415	   4703	   4989	   5271	   5557	   5847	   6167	   6497	   6782	   7068	   7366	   7661	   7946	   8235	   8509	   8793	   9060	   9322	   9593	   9845	      0	      0	      0	      0	      0	      0	      0	
   69	      0	   1296	   1572	   1849	   2134	   2417	   2695	   2977	   3260	   3543	   3838	   4133	   4415	   4703	   4989	   5272	   5557	   5848	   6168	   6497	   6783	   7069	   7366	   7662	   7947	   8235	   8510	   8794	   9060	   9322	   9594	   9846	      0	      0	      0	      0	      0	      0	      0	
   70	      0	   1296	   1572	   1849	   2134	   2416	   2695	   2977	   3260	   3543	   3838	   4133	   4415	   4703	   4990	   5272	   5557	   5848	   6168	   6497	   6783	   7069	   7367	   7662	   7947	   8236	   8511	   8795	   9061	   9323	   9595	   9847	      0	      0	      0	      0	      0	      0	      0	
   71	      0	   1296	   1572	   1849	   2134	   2416	   2695	   2977	   3260	   3543	   3838	   4133	   4415	   4703	   4990	   5272	   5558	   5848	   6168	   6498	   6784	   7070	   7367	   7663	   7948	   8236	   8511	   8795	   9062	   9324	   9595	   9848	      0	      0	      0	      0	      0	      0	      0	
   72	      0	   1297	   1572	   1849	   2134	   2416	   2696	   2977	   3260	   3543	   3838	   4133	   4415	   4704	   4990	   5273	   5558	   5848	   6169	   6498	   6784	   7070	   7368	   7663	   7948	   8237	   8512	   8796	   9063	   9325	   9596	   9848	      0	      0	      0	      0	      0	      0	      0	
   73	      0	   1297	   1572	   1849	   2134	   2416	   2696	   2977	   3260	   3543	   3838	   4133	   4415	   4704	   4991	   5273	   5558	   5848	   6169	   6498	   6785	   7071	   7368	   7664	   7949	   8238	   8513	   8797	   9064	   9326	   9596	   9849	      0	      0	      0	      0	      0	      0	      0	
   74	      0	   1297	   1572	   1849	   2134	   2417	   2696	   2977	   3260	   3544	   3838	   4133	   4415	   4704	   4991	   5274	   5559	   5849	   6169	   6499	   6785	   7071	   7368	   7664	   7949	   8238	   8514	   8798	   9065	   9327	   9597	   9850	      0	      0	      0	      0	      0	      0	      0	
   75	      0	   1297	   1572	   1849	   2134	   2417	   2696	   2978	   3260	   3544	   3838	   4133	   4415	   4705	   4991	   5274	   5559	   5849	   6169	   6499	   6786	   7072	   7369	   7664	   7950	   8239	   8515	   8799	   9066	   9327	   9597	   9850	      0	      0	      0	      0	      0	      0	      0	
   76	      0	   1297	   1572	   1849	   2134	   2417	   2696	   2978	   3261	   3544	   3838	   4133	   4416	   4705	   4991	   5274	   5559	   5849	   6170	   6499	   6786	   7072	   7369	   7665	   7950	   8239	   8515	   8800	   9066	   9328	   9598	   9851	      0	      0	      0	      0	      0	      0	      0	
   77	      0	   1297	   1572	   1849	   2134	   2417	   2697	   2979	   3261	   3544	   3838	   4133	   4416	   4705	   4991	   5275	   5560	   5849	   6170	   6500	   6786	   7073	   7370	   7665	   7951	   8240	   8516	   8800	   9067	   9329	   9599	   9852	      0	      0	      0	      0	      0	      0	      0	
   78	      0	   1297	   1572	   1849	   2134	   2417	   2697	   2979	   3261	   3544	   3838	   4133	   4416	   4705	   4992	   5275	   5560	   5849	   6170	   6500	   6787	   7073	   7370	   7666	   7951	   8241	   8516	   8801	   9068	   9329	   9599	   9852	      0	      0	      0	      0	      0	      0	      0	
   79	      0	   1297	   1572	   1849	   2134	   2418	   2697	   2979	   3261	   3544	   3838	   4133	   4417	   4705	   4992	   5275	   5560	   5849	   6170	   6500	   6787	   7074	   7371	   7666	   7952	   8241	   8517	   8801	   9068	   9330	   9600	   9853	      0	      0	      0	      0	      0	      0	      0	
   80	      0	   1298	   1572	   1848	   2134	   2418	   2698	   2979	   3261	   3544	   3838	   4133	   4417	   4705	   4992	   5276	   5560	   5850	   6170	   6500	   6787	   7074	   7371	   7667	   7952	   8242	   8518	   8802	   9069	   9331	   9600	   9853	      0	      0	      0	      0	      0	      0	      0	
   81	      0	   1298	   1572	   1848	   2134	   2419	   2698	   2980	   3261	   3544	   3838	   4133	   4417	   4705	   4992	   5276	   5560	   5850	   6171	   6500	   6788	   7075	   7371	   7667	   7953	   8243	   8518	   8802	   9069	   9331	   9600	   9854	      0	      0	      0	      0	      0	      0	      0	
   82	      0	   1298	   1572	   1848	   2134	   2419	   2699	   2980	   3261	   3545	   3838	   4133	   4417	   4705	   4992	   5276	   5560	   5850	   6171	   6500	   6788	   7075	   7372	   7667	   7953	   8243	   8519	   8803	   9070	   9332	   9601	   9854	      0	      0	      0	      0	      0	      0	      0	
   83	      0	   1298	   1572	   1847	   2133	   2419	   2699	   2980	   3261	   3545	   3838	   4133	   4418	   4705	   4992	   5276	   5561	   5850	   6171	   6500	   6788	   7075	   7372	   7668	   7954	   8244	   8520	   8803	   9070	   9332	   9601	   9855	      0	      0	      0	      0	      0	      0	      0	
   84	      0	   1298	   1572	   1847	   2133	   2419	   2699	   2980	   3261	   3545	   3838	   4134	   4418	   4706	   4993	   5277	   5561	   5851	   6171	   6500	   6789	   7076	   7373	   7669	   7954	   8244	   8520	   8804	   9071	   9332	   9601	   9856	      0	      0	      0	      0	      0	      0	      0	
   85	      0	   1298	   1572	   1847	   2133	   2419	   2699	   2981	   3262	   3545	   3838	   4134	   4419	   4706	   4993	   5277	   5561	   5851	   6172	   6501	   6789	   7076	   7373	   7669	   7955	   8245	   8520	   8804	   9071	   9333	   9602	   9856	      0	      0	      0	      0	      0	      0	      0	
   86	      0	   1298	   1572	   1847	   2133	   2420	   2700	   2981	   3261	   3545	   3838	   4134	   4419	   4706	   4993	   5277	   5561	   5851	   6172	   6501	   6789	   7076	   7374	   7670	   7955	   8246	   8521	   8805	   9072	   9333	   9602	   9857	      0	      0	      0	      0	      0	      0	      0	
   87	      0	   1298	   1572	   1847	   2133	   2420	   2700	   2981	   3261	   3544	   3838	   4134	   4419	   4706	   4993	   5277	   5561	   5851	   6172	   6501	   6789	   7077	   7374	   7670	   7956	   8246	   8521	   8805	   9072	   9334	   9603	   9857	      0	      0	      0	      0	      0	      0	      0	
   88	      0	   1298	   1572	   1847	   2133	   2420	   2700	   2981	   3262	   3545	   3838	   4134	   4419	   4706	   4993	   5278	   5561	   5851	   6172	   6501	   6789	   7077	   7374	   7671	   7956	   8247	   8522	   8805	   9072	   9334	   9603	   9858	      0	      0	      0	      0	      0	      0	      0	
   89	      0	   1298	   1572	   1847	   2133	   2420	   2700	   2981	   3262	   3544	   3838	   4134	   4419	   4706	   4993	   5278	   5561	   5852	   6173	   6502	   6790	   7077	   7375	   7671	   7957	   8247	   8522	   8806	   9073	   9335	   9604	   9858	      0	      0	      0	      0	      0	      0	      0	
   90	      0	   1298	   1572	   1847	   2133	   2420	   2700	   2981	   3262	   3544	   3838	   4134	   4420	   4706	   4993	   5278	   5562	   5852	   6173	   6502	   6790	   7077	   7375	   7671	   7957	   8247	   8523	   8806	   9073	   9335	   9604	   9859	      0	      0	      0	      0	      0	      0	      0	
   91	      0	   1298	   1572	   1847	   2133	   2420	   2700	   2981	   3262	   3544	   3838	   4134	   4420	   4706	   4993	   5278	   5562	   5852	   6173	   6502	   6790	   7078	   7375	   7672	   7958	   8248	   8523	   8806	   9073	   9336	   9605	   9860	      0	      0	      0	      0	      0	      0	      0	
   92	      0	   1298	   1572	   1847	   2133	   2420	   2700	   2981	   3262	   3544	   3838	   4134	   4420	   4706	   4993	   5278	   5562	   5852	   6173	   6502	   6790	   7078	   7376	   7672	   7958	   8248	   8523	   8807	   9074	   9336	   9606	   9861	      0	      0	      0	      0	      0	      0	      0	
   93	      0	   1298	   1572	   1847	   2134	   2420	   2699	   2981	   3262	   3544	   3838	   4134	   4420	   4706	   4993	   5278	   5562	   5852	   6173	   6502	   6790	   7078	   7376	   7672	   7959	   8249	   8524	   8807	   9074	   9337	   9607	   9861	      0	      0	      0	      0	      0	      0	      0	
   94	      0	   1299	   1572	   1847	   2133	   2419	   2699	   2981	   3262	   3544	   3838	   4134	   4420	   4706	   4993	   5278	   5562	   5852	   6173	   6503	   6791	   7078	   7376	   7673	   7959	   8249	   8524	   8807	   9075	   9337	   9607	   9862	      0	      0	      0	      0	      0	      0	      0	
   95	      0	   1299	   1572	   1847	   2133	   2419	   2699	   2981	   3262	   3545	   3838	   4134	   4420	   4706	   4993	   5278	   5563	   5852	   6174	   6503	   6791	   7078	   7377	   7673	   7959	   8249	   8524	   8808	   9075	   9337	   9608	   9863	      0	      0	      0	      0	      0	      0	      0	
   96	      0	   1299	   1572	   1847	   2133	   2419	   2699	   2980	   3261	   3545	   3838	   4134	   4420	   4706	   4993	   5277	   5563	   5853	   6174	   6503	   6791	   7078	   7377	   7673	   7960	   8250	   8524	   8808	   9075	   9338	   9608	   9863	      0	      0	      0	      0	      0	      0	      0	
   97	      0	   1299	   1572	   1847	   2134	   2419	   2699	   2980	   3261	   3545	   3838	   4134	   4420	   4707	   4993	   5277	   5563	   5853	   6174	   6503	   6791	   7078	   7377	   7673	   7960	   8250	   8525	   8808	   9076	   9338	   9608	   9864	      0	      0	      0	      0	      0	      0	      0	
   98	      0	   1299	   1572	   1847	   2134	   2418	   2698	   2980	   3261	   3545	   3838	   4134	   4420	   4707	   4993	   5277	   5563	   5853	   6174	   6504	   6791	   7079	   7377	   7674	   7960	   8250	   8525	   8809	   9076	   9339	   9609	   9864	      0	      0	      0	      0	      0	      0	      0	
   99	      0	   1298	   1572	   1848	   2134	   2418	   2698	   2980	   3261	   3545	   3838	   4134	   4420	   4707	   4993	   5278	   5563	   5853	   6175	   6504	   6792	   7079	   7377	   7674	   7960	   8250	   8525	   8809	   9076	   9339	   9609	   9865	      0	      0	      0	      0	      0	      0	      0	
  100	      0	   1298	   1572	   1848	   2134	   2418	   2697	   2979	   3262	   3545	   3838	   4134	   4420	   4708	   4993	   5278	   5564	   5853	   6175	   6505	   6792	   7079	   7377	   7674	   7961	   8251	   8525	   8809	   9077	   9339	   9610	   9865	      0	      0	      0	      0	      0	      0	      0	
  101	      0	   1298	   1572	   1848	   2133	   2417	   2697	   2979	   3262	   3545	   3838	   4134	   4421	   4708	   4993	   5278	   5564	   5854	   6175	   6505	   6792	   7079	   7377	   7674	   7961	   8251	   8525	   8809	   9077	   9339	   9610	   9866	      0	      0	      0	      0	      0	      0	      0	
  102	      0	   1298	   1572	   1848	   2133	   2417	   2697	   2979	   3262	   3545	   3838	   4134	   4421	   4708	   4993	   5277	   5564	   5854	   6175	   6505	   6792	   7079	   7378	   7675	   7961	   8251	   8525	   8810	   9077	   9340	   9611	   9866	      0	      0	      0	      0	      0	      0	      0	
  103	      0	   1298	   1572	   1848	   2133	   2417	   2697	   2979	   3262	   3546	   3838	   4134	   4421	   4708	   4993	   5278	   5564	   5854	   6175	   6505	   6792	   7079	   7378	   7675	   7961	   8252	   8526	   8810	   9078	   9340	   9611	   9867	      0	      0	      0	      0	      0	      0	      0	
  104	      0	   1298	   1572	   1848	   2134	   2417	   2697	   2979	   3262	   3546	   3838	   4134	   4421	   4708	   4993	   5278	   5564	   5854	   6175	   6506	   6793	   7079	   7378	   7675	   7961	   8252	   8526	   8811	   9078	   9340	   9611	   9867	      0	      0	      0	      0	      0	      0	      0	
  105	      0	   1298	   1572	   1848	   2134	   2417	   2697	   2978	   3262	   3546	   3838	   4134	   4421	   4708	   4993	   5278	   5565	   5854	   6175	   6506	   6793	   7079	   7378	   7675	   7961	   8252	   8526	   8811	   9078	   9340	   9612	   9868	      0	      0	      0	      0	      0	      0	      0	
  106	      0	   1298	   1572	   1848	   2133	   2417	   2697	   2978	   3262	   3546	   3838	   4134	   4421	   4709	   4994	   5278	   5565	   5854	   6175	   6506	   6793	   7080	   7378	   7675	   7961	   8252	   8526	   8811	   9078	   9340	   9612	   9868	      0	      0	      0	      0	      0	      0	      0	
  107	      0	   1298	   1572	   1848	   2134	   2417	   2697	   2978	   3262	   3546	   3837	   4133	   4421	   4709	   4994	   5278	   5565	   5854	   6175	   6506	   6793	   7079	   7378	   7675	   7962	   8252	   8526	   8811	   9079	   9341	   9612	   9868	      0	      0	      0	      0	      0	      0	      0	
  108	      0	   1298	   1571	   1848	   2134	   2417	   2697	   2978	   3262	   3546	   3837	   4133	   4421	   4709	   4993	   5278	   5565	   5854	   6175	   6506	   6793	   7080	   7378	   7675	   7962	   8252	   8526	   8812	   9079	   9341	   9613	   9868	      0	      0	      0	      0	      0	      0	      0	
  109	      0	   1298	   1571	   1848	   2134	   2417	   2697	   2978	   3262	   3546	   3838	   4133	   4421	   4709	   4994	   5278	   5565	   5854	   6175	   6506	   6794	   7080	   7378	   7675	   7962	   8253	   8526	   8812	   9079	   9341	   9613	   9868	      0	      0	      0	      0	      0	      0	      0	
  110	      0	   1298	   1571	   1848	   2134	   2417	   2697	   2978	   3262	   3547	   3838	   4133	   4420	   4709	   4994	   5278	   5565	   5853	   6176	   6506	   6794	   7080	   7378	   7676	   7962	   8253	   8526	   8812	   9079	   9341	   9613	   9868	      0	      0	      0	      0	      0	      0	      0	
  111	      0	   1298	   1571	   1848	   2134	   2417	   2697	   2977	   3262	   3547	   3838	   4133	   4420	   4709	   4993	   5278	   5565	   5854	   6176	   6506	   6794	   7080	   7378	   7676	   7962	   8253	   8526	   8812	   9080	   9341	   9613	   9868	      0	      0	      0	      0	      0	      0	      0	
  112	      0	   1298	   1571	   1848	   2134	   2417	   2696	   2977	   3262	   3547	   3838	   4133	   4420	   4709	   4994	   5278	   5565	   5853	   6176	   6506	   6794	   7080	   7379	   7676	   7962	   8253	   8527	   8812	   9080	   9341	   9613	   9868	      0	      0	      0	      0	      0	      0	      0	
  113	      0	   1297	   1571	   1848	   2134	   2417	   2696	   2977	   3262	   3547	   3838	   4133	   4420	   4708	   4994	   5278	   5565	   5853	   6176	   6506	   6794	   7080	   7379	   7676	   7962	   8253	   8527	   8812	   9080	   9341	   9614	   9868	      0	      0	      0	      0	      0	      0	      0	
  114	      0	   1297	   1570	   1848	   2134	   2417	   2696	   2977	   3262	   3547	   3838	   4133	   4420	   4708	   4994	   5278	   5565	   5853	   6176	   6507	   6794	   7080	   7379	   7676	   7962	   8254	   8527	   8812	   9080	   9341	   9614	   9868	      0	      0	      0	      0	      0	      0	      0	
  115	      0	   1297	   1570	   1847	   2134	   2417	   2696	   2977	   3262	   3547	   3838	   4133	   4420	   4708	   4993	   5278	   5565	   5853	   6176	   6507	   6794	   7080	   7379	   7677	   7963	   8254	   8527	   8812	   9080	   9341	   9615	   9868	      0	      0	      0	      0	      0	      0	      0	
  116	      0	   1297	   1570	   1847	   2134	   2417	   2696	   2977	   3262	   3547	   3838	   4133	   4419	   4708	   4994	   5278	   5565	   5853	   6176	   6507	   6794	   7080	   7379	   7677	   7963	   8254	   8526	   8812	   9080	   9341	   9615	   9868	      0	      0	      0	      0	      0	      0	      0	
  117	      0	   1297	   1570	   1847	   2133	   2417	   2696	   2976	   3262	   3547	   3838	   4133	   4419	   4708	   4994	   5278	   5565	   5853	   6176	   6507	   6794	   7081	   7379	   7677	   7963	   8253	   8526	   8812	   9080	   9342	   9615	   9868	      0	      0	      0	      0	      0	      0	      0	
  118	      0	   1297	   1570	   1847	   2133	   2417	   2696	   2976	   3262	   3547	   3838	   4133	   4419	   4708	   4993	   5278	   5565	   5853	   6176	   6507	   6794	   7081	   7379	   7677	   7963	   8253	   8526	   8812	   9080	   9342	   9616	   9868	      0	      0	      0	      0	      0	      0	      0	
  119	      0	   1296	   1570	   1847	   2133	   2417	   2696	   2977	   3262	   3547	   3838	   4133	   4418	   4707	   4993	   5278	   5565	   5853	   6176	   6507	   6794	   7081	   7379	   7677	   7963	   8253	   8526	   8812	   9080	   9342	   9616	   9868	      0	      0	      0	      0	      0	      0	      0	
  120	      0	   1296	   1570	   1847	   2133	   2417	   2696	   2977	   3262	   3546	   3838	   4133	   4418	   4707	   4993	   5278	   5565	   5853	   6177	   6507	   6794	   7080	   7379	   7677	   7963	   8253	   8526	   8812	   9080	   9342	   9616	   9868	      0	      0	      0	      0	      0	      0	      0	
  121	      0	   1296	   1570	   1847	   2133	   2416	   2696	   2977	   3262	   3547	   3838	   4133	   4418	   4707	   4994	   5278	   5566	   5853	   6177	   6507	   6794	   7080	   7379	   7677	   7963	   8253	   8526	   8813	   9081	   9343	   9616	   9869	      0	      0	      0	      0	      0	      0	      0	
  122	      0	   1296	   1570	   1848	   2133	   2416	   2695	   2977	   3262	   3546	   3839	   4133	   4418	   4707	   4994	   5278	   5566	   5853	   6177	   6507	   6794	   7080	   7379	   7677	   7963	   8253	   8526	   8813	   9081	   9343	   9616	   9869	      0	      0	      0	      0	      0	      0	      0	
  123	      0	   1296	   1570	   1848	   2133	   2416	   2695	   2977	   3262	   3546	   3839	   4133	   4418	   4707	   4993	   5278	   5565	   5853	   6177	   6507	   6794	   7080	   7379	   7677	   7963	   8253	   8526	   8812	   9081	   9343	   9616	   9869	      0	      0	      0	      0	      0	      0	      0	
  124	      0	   1295	   1570	   1847	   2133	   2416	   2695	   2977	   3262	   3546	   3838	   4133	   4418	   4707	   4993	   5278	   5566	   5853	   6178	   6507	   6794	   7080	   7379	   7678	   7963	   8253	   8526	   8813	   9081	   9343	   9616	   9869	      0	      0	      0	      0	      0	      0	      0	
  125	      0	   1295	   1569	   1848	   2133	   2415	   2695	   2977	   3261	   3546	   3838	   4133	   4418	   4706	   4993	   5278	   5566	   5853	   6178	   6508	   6794	   7080	   7380	   7678	   7963	   8253	   8527	   8813	   9081	   9343	   9616	   9870	      0	      0	      0	      0	      0	      0	      0	
  126	      0	   1295	   1569	   1848	   2133	   2415	   2695	   2977	   3261	   3545	   3839	   4134	   4418	   4706	   4994	   5278	   5566	   5853	   6178	   6508	   6794	   7080	   7380	   7678	   7963	   8253	   8527	   8813	   9081	   9343	   9616	   9870	      0	      0	      0	      0	      0	      0	      0	
  127	      0	   1295	   1569	   1848	   2132	   2415	   2695	   2977	   3261	   3545	   3839	   4134	   4419	   4706	   4994	   5278	   5565	   5853	   6178	   6508	   6794	   7080	   7380	   7678	   7963	   8253	   8527	   8813	   9081	   9343	   9616	   9871	      0	      0	      0	      0	      0	      0	      0	
  128	      0	   1295	   1569	   1848	   2132	   2414	   2694	   2977	   3261	   3545	   3838	   4134	   4419	   4706	   4993	   5278	   5565	   5853	   6178	   6508	   6793	   7080	   7380	   7679	   7963	   8253	   8527	   8813	   9082	   9344	   9617	   9871	      0	      0	      0	      0	      0	      0	      0	
  129	      0	   1294	   1569	   1848	   2132	   2414	   2694	   2977	   3261	   3545	   3838	   4134	   4419	   4706	   4993	   5278	   5565	   5853	   6179	   6508	   6793	   7080	   7381	   7679	   7963	   8253	   8527	   8813	   9082	   9344	   9616	   9872	      0	      0	      0	      0	      0	      0	      0	
  130	      0	   1294	   1569	   1848	   2132	   2414	   2694	   2978	   3261	   3545	   3838	   4134	   4419	   4706	   4993	   5278	   5565	   5853	   6179	   6507	   6793	   7080	   7381	   7679	   7962	   8253	   8527	   8813	   9082	   9344	   9617	   9872	      0	      0	      0	      0	      0	      0	      0	
  131	      0	   1294	   1568	   1848	   2132	   2414	   2694	   2978	   3261	   3544	   3838	   4134	   4419	   4706	   4993	   5278	   5565	   5853	   6178	   6507	   6793	   7080	   7381	   7679	   7962	   8253	   8527	   8813	   9082	   9344	   9617	   9873	  10161	      0	      0	      0	      0	      0	      0	
  132	      0	   1294	   1568	   1848	   2133	   2414	   2694	   2978	   3261	   3544	   3838	   4134	   4419	   4706	   4993	   5278	   5565	   5853	   6178	   6507	   6793	   7080	   7381	   7678	   7962	   8253	   8527	   8814	   9082	   9344	   9617	   9874	  10161	      0	      0	      0	      0	      0	      0	
  133	      0	   1293	   1568	   1848	   2133	   2414	   2694	   2978	   3261	   3544	   3838	   4134	   4419	   4705	   4992	   5277	   5564	   5853	   6178	   6507	   6793	   7080	   7381	   7678	   7962	   8253	   8527	   8814	   9082	   9344	   9617	   9874	  10152	  10427	      0	      0	      0	      0	      0	
  134	      0	   1293	   1568	   1847	   2133	   2414	   2694	   2978	   3262	   3544	   3838	   4134	   4419	   4705	   4992	   5277	   5564	   5852	   6178	   6507	   6793	   7080	   7381	   7678	   7962	   8253	   8527	   8814	   9082	   9344	   9616	   9874	  10153	  10429	      0	      0	      0	      0	      0	
  135	      0	   1293	   1567	   1847	   2132	   2414	   2694	   2978	   3262	   3544	   3837	   4134	   4419	   4705	   4992	   5277	   5564	   5852	   6178	   6507	   6793	   7080	   7381	   7678	   7963	   8253	   8528	   8814	   9082	   9344	   9616	   9874	  10153	  10429	      0	      0	      0	      0	      0	
  136	      0	   1292	   1567	   1847	   2132	   2414	   2694	   2978	   3261	   3544	   3837	   4134	   4418	   4705	   4991	   5276	   5563	   5852	   6178	   6507	   6793	   7080	   7380	   7678	   7963	   8253	   8528	   8813	   9082	   9343	   9616	   9875	  10153	  10430	      0	      0	      0	      0	      0	
  137	      0	   1292	   1567	   1846	   2132	   2414	   2694	   2978	   3261	   3544	   3837	   4133	   4418	   4704	   4991	   5275	   5563	   5852	   6178	   6507	   6793	   7080	   7380	   7678	   7963	   8253	   8528	   8813	   9082	   9343	   9616	   9875	  10153	  10431	      0	      0	      0	      0	      0	
  138	      0	   1292	   1566	   1846	   2132	   2414	   2693	   2977	   3261	   3544	   3837	   4133	   4418	   4704	   4991	   5275	   5563	   5852	   6178	   6506	   6793	   7080	   7380	   7677	   7963	   8253	   8528	   8813	   9081	   9343	   9616	   9875	  10153	  10432	  10662	      0	      0	      0	      0	
  139	      0	   1292	   1566	   1845	   2132	   2413	   2693	   2977	   3261	   3544	   3836	   4133	   4417	   4704	   4990	   5275	   5563	   5852	   6178	   6506	   6792	   7079	   7379	   7677	   7963	   8253	   8528	   8813	   9081	   9343	   9616	   9875	  10152	  10433	  10663	      0	      0	      0	      0	
  140	      0	   1291	   1566	   1845	   2131	   2413	   2693	   2976	   3261	   3544	   3836	   4132	   4417	   4703	   4990	   5274	   5563	   5852	   6177	   6505	   6792	   7079	   7379	   7676	   7963	   8253	   8527	   8813	   9081	   9342	   9615	   9875	  10152	  10434	  10664	      0	      0	      0	      0	
  141	      0	   1291	   1565	   1845	   2131	   2413	   2693	   2976	   3260	   3544	   3836	   4132	   4417	   4703	   4990	   5274	   5562	   5851	   6177	   6505	   6792	   7079	   7379	   7676	   7963	   8253	   8527	   8812	   9081	   9342	   9615	   9875	  10152	  10435	  10666	  10878	      0	      0	      0	
  142	      0	   1291	   1565	   1844	   2130	   2413	   2693	   2975	   3260	   3543	   3836	   4132	   4417	   4703	   4990	   5274	   5562	   5851	   6177	   6504	   6791	   7079	   7378	   7676	   7963	   8252	   8527	   8812	   9080	   9342	   9614	   9875	  10151	  10436	  10667	  10880	      0	      0	      0	
  143	      0	   1291	   1565	   1844	   2130	   2413	   2693	   2975	   3260	   3544	   3835	   4132	   4416	   4703	   4989	   5274	   5562	   5851	   6176	   6503	   6791	   7079	   7378	   7675	   7963	   8252	   8527	   8812	   9080	   9341	   9614	   9875	  10151	  10436	  10668	  10882	      0	      0	      0	
  144	      0	   1290	   1565	   1844	   2129	   2413	   2693	   2975	   3259	   3543	   3835	   4131	   4416	   4703	   4989	   5274	   5562	   5851	   6176	   6503	   6791	   7078	   7377	   7674	   7963	   8252	   8527	   8811	   9080	   9341	   9613	   9875	  10150	  10437	  10669	  10883	  11098	      0	      0	
  145	      0	   1290	   1565	   1843	   2128	   2412	   2693	   2975	   3259	   3543	   3835	   4131	   4415	   4702	   4989	   5274	   5562	   5851	   6175	   6502	   6790	   7078	   7377	   7674	   7963	   8252	   8527	   8811	   9079	   9341	   9613	   9875	  10150	  10438	  10670	  10883	  11097	      0	      0	
  146	      0	   1290	   1565	   1843	   2128	   2412	   2693	   2975	   3259	   3543	   3834	   4130	   4415	   4702	   4989	   5274	   5562	   5850	   6175	   6502	   6790	   7078	   7376	   7673	   7963	   8251	   8527	   8811	   9079	   9341	   9612	   9874	  10150	  10438	  10671	  10884	  11097	      0	      0	
  147	      0	   1289	   1565	   1843	   2127	   2412	   2693	   2974	   3259	   3543	   3834	   4130	   4415	   4702	   4989	   5273	   5562	   5850	   6175	   6501	   6790	   7078	   7376	   7673	   7963	   8251	   8526	   8811	   9079	   9340	   9612	   9874	  10150	  10438	  10671	  10884	  11097	  11296	      0	
  148	      0	   1289	   1564	   1842	   2127	   2412	   2693	   2974	   3258	   3543	   3834	   4130	   4415	   4702	   4989	   5273	   5562	   5850	   6174	   6501	   6789	   7077	   7375	   7673	   7963	   8251	   8526	   8811	   9079	   9340	   9611	   9874	  10149	  10438	  10671	  10885	  11096	  11295	      0	
  149	      0	   1289	   1564	   1842	   2126	   2411	   2693	   2974	   3257	   3542	   3833	   4129	   4414	   4702	   4989	   5273	   5562	   5850	   6174	   6500	   6789	   7077	   7375	   7673	   7963	   8251	   8526	   8810	   9079	   9340	   9610	   9874	  10149	  10438	  10671	  10885	  11096	  11295	      0	
  150	      0	   1289	   1564	   1842	   2126	   2411	   2693	   2973	   3257	   3542	   3833	   4129	   4414	   4701	   4989	   5273	   5562	   5850	   6174	   6500	   6789	   7077	   7375	   7673	   7963	   8250	   8526	   8810	   9078	   9339	   9610	   9874	  10149	  10437	  10672	  10886	  11096	  11295	      0	
  151	      0	   1288	   1564	   1842	   2125	   2411	   2692	   2973	   3256	   3542	   3833	   4129	   4414	   4701	   4989	   5273	   5562	   5850	   6174	   6500	   6788	   7076	   7375	   7673	   7963	   8250	   8526	   8810	   9078	   9339	   9609	   9874	  10149	  10437	  10672	  10886	  11095	  11295	      0	
  152	      0	   1288	   1564	   1841	   2125	   2410	   2692	   2973	   3256	   3541	   3833	   4129	   4414	   4701	   4989	   5273	   5562	   5850	   6173	   6499	   6788	   7076	   7374	   7673	   7963	   8250	   8526	   8810	   9078	   9339	   9609	   9874	  10149	  10437	  10672	  10886	  11095	  11295	      0	
  153	      0	   1288	   1564	   1841	   2124	   2410	   2692	   2972	   3255	   3541	   3833	   4128	   4413	   4701	   4988	   5273	   5562	   5850	   6173	   6499	   6787	   7075	   7374	   7672	   7962	   8249	   8526	   8809	   9077	   9339	   9608	   9874	  10149	  10437	  10672	  10886	  11095	  11295	      0	
  154	      0	   1288	   1563	   1841	   2124	   2410	   2692	   2972	   3255	   3541	   3833	   4128	   4413	   4700	   4988	   5273	   5561	   5850	   6173	   6498	   6787	   7075	   7374	   7672	   7962	   8249	   8526	   8809	   9077	   9338	   9608	   9874	  10149	  10437	  10671	  10886	  11095	  11295	      0	
  155	      0	   1287	   1563	   1841	   2124	   2409	   2692	   2972	   3255	   3541	   3833	   4128	   4413	   4700	   4988	   5273	   5561	   5850	   6173	   6498	   6787	   7075	   7373	   7672	   7962	   8249	   8526	   8809	   9077	   9338	   9608	   9874	  10150	  10437	  10671	  10886	  11094	  11296	      0	
  156	      0	   1287	   1563	   1840	   2123	   2409	   2691	   2972	   3255	   3541	   3833	   4128	   4413	   4700	   4988	   5273	   5561	   5849	   6173	   6498	   6787	   7075	   7373	   7672	   7962	   8249	   8527	   8809	   9077	   9338	   9607	   9874	  10150	  10437	  10670	  10886	  11094	  11296	      0	
  157	      0	   1287	   1563	   1840	   2123	   2409	   2691	   2972	   3254	   3540	   3832	   4127	   4413	   4700	   4988	   5273	   5561	   5849	   6173	   6498	   6786	   7074	   7373	   7672	   7962	   8248	   8527	   8809	   9076	   9338	   9607	   9874	  10150	  10436	  10670	  10885	  11093	  11296	      0	
  158	      0	   1287	   1563	   1840	   2123	   2408	   2691	   2972	   3254	   3540	   3832	   4127	   4412	   4700	   4988	   5273	   5561	   5849	   6172	   6498	   6786	   7074	   7373	   7672	   7962	   8248	   8527	   8808	   9076	   9337	   9606	   9874	  10151	  10436	  10670	  10885	  11093	  11297	      0	
  159	      0	   1287	   1562	   1840	   2123	   2409	   2691	   2971	   3254	   3540	   3832	   4127	   4412	   4700	   4988	   5273	   5560	   5849	   6172	   6498	   6786	   7073	   7372	   7672	   7962	   8248	   8527	   8808	   9076	   9337	   9606	   9873	  10151	  10436	  10670	  10885	  11093	  11297	      0	
  160	      0	   1287	   1562	   1840	   2123	   2409	   2690	   2971	   3253	   3540	   3832	   4127	   4412	   4700	   4988	   5272	   5560	   5849	   6172	   6498	   6786	   7073	   7372	   7671	   7961	   8248	   8527	   8808	   9075	   9337	   9606	   9873	  10151	  10436	  10670	  10884	  11092	  11297	      0	
  161	      0	   1287	   1562	   1840	   2123	   2408	   2690	   2971	   3253	   3539	   3832	   4127	   4411	   4700	   4988	   5272	   5559	   5848	   6172	   6498	   6786	   7073	   7372	   7671	   7961	   8248	   8527	   8808	   9075	   9337	   9605	   9873	  10151	  10435	  10669	  10884	  11092	  11297	      0	
  162	      0	   1286	   1562	   1840	   2123	   2408	   2690	   2971	   3253	   3539	   3832	   4127	   4411	   4700	   4988	   5271	   5559	   5848	   6172	   6497	   6785	   7073	   7372	   7671	   7961	   8247	   8527	   8808	   9075	   9336	   9605	   9873	  10152	  10435	  10669	  10884	  11092	  11297	      0	
  163	      0	   1286	   1562	   1840	   2123	   2408	   2690	   2970	   3252	   3538	   3832	   4127	   4411	   4699	   4987	   5271	   5558	   5848	   6172	   6497	   6786	   7073	   7372	   7671	   7961	   8247	   8527	   8808	   9074	   9336	   9605	   9873	  10152	  10435	  10669	  10884	  11092	  11297	      0	
  164	      0	   1286	   1562	   1840	   2123	   2408	   2689	   2970	   3252	   3538	   3832	   4127	   4411	   4699	   4987	   5270	   5558	   5847	   6172	   6497	   6785	   7072	   7371	   7670	   7960	   8247	   8527	   8807	   9074	   9336	   9605	   9873	  10152	  10435	  10669	  10884	  11093	  11297	      0	
  165	      0	   1286	   1562	   1840	   2123	   2408	   2689	   2970	   3252	   3538	   3832	   4127	   4411	   4699	   4987	   5270	   5557	   5847	   6171	   6497	   6785	   7072	   7371	   7670	   7960	   8247	   8527	   8807	   9074	   9336	   9605	   9872	  10152	  10435	  10669	  10883	  11093	  11297	      0	
  166	      0	   1286	   1561	   1840	   2123	   2408	   2689	   2969	   3252	   3538	   3832	   4127	   4411	   4699	   4986	   5269	   5557	   5847	   6171	   6497	   6785	   7071	   7371	   7669	   7960	   8247	   8527	   8807	   9074	   9335	   9605	   9872	  10153	  10435	  10669	  10883	  11093	  11297	      0	
  167	      0	   1286	   1561	   1840	   2123	   2408	   2688	   2969	   3252	   3538	   3832	   4127	   4411	   4699	   4986	   5269	   5556	   5847	   6171	   6497	   6785	   7071	   7371	   7669	   7959	   8246	   8527	   8807	   9073	   9335	   9605	   9872	  10153	  10435	  10668	  10883	  11093	  11297	      0	
  168	      0	   1286	   1561	   1840	   2123	   2408	   2688	   2969	   3252	   3538	   3832	   4127	   4411	   4699	   4986	   5269	   5556	   5846	   6171	   6497	   6785	   7071	   7370	   7669	   7959	   8246	   8526	   8807	   9073	   9335	   9605	   9872	  10153	  10435	  10668	  10883	  11093	  11297	      0	
  169	      0	   1286	   1561	   1840	   2123	   2408	   2688	   2968	   3251	   3537	   3832	   4128	   4411	   4699	   4986	   5268	   5556	   5846	   6170	   6497	   6785	   7071	   7370	   7669	   7959	   8246	   8526	   8807	   9073	   9335	   9604	   9872	  10153	  10434	  10668	  10883	  11093	  11297	      0	
  170	      0	   1286	   1561	   1840	   2123	   2408	   2687	   2968	   3251	   3537	   3832	   4128	   4411	   4699	   4985	   5268	   5556	   5845	   6170	   6497	   6785	   7071	   7370	   7668	   7958	   8246	   8526	   8806	   9073	   9334	   9604	   9872	  10153	  10434	  10667	  10883	  11093	  11296	      0	
  171	      0	   1286	   1561	   1840	   2123	   2407	   2687	   2968	   3251	   3537	   3832	   4128	   4411	   4699	   4985	   5268	   5556	   5845	   6169	   6497	   6785	   7071	   7370	   7668	   7958	   8246	   8526	   8806	   9073	   9334	   9604	   9872	  10153	  10433	  10667	  10883	  11094	  11296	      0	
  172	      0	   1286	   1561	   1840	   2123	   2407	   2687	   2968	   3251	   3537	   3832	   4128	   4411	   4699	   4984	   5267	   5556	   5845	   6169	   6497	   6785	   7070	   7370	   7668	   7958	   8246	   8526	   8806	   9072	   9334	   9604	   9872	  10153	  10433	  10667	  10883	  11094	  11296	      0	
  173	      0	   1286	   1562	   1841	   2123	   2407	   2687	   2968	   3251	   3536	   3832	   4129	   4412	   4699	   4984	   5267	   5556	   5845	   6169	   6497	   6785	   7070	   7370	   7668	   7958	   8246	   8526	   8806	   9072	   9334	   9604	   9872	  10153	  10433	  10667	  10883	  11094	  11296	      0	
  174	      0	   1286	   1562	   1841	   2123	   2407	   2686	   2967	   3251	   3536	   3832	   4129	   4412	   4699	   4984	   5267	   5555	   5845	   6169	   6496	   6784	   7070	   7370	   7668	   7958	   8245	   8526	   8806	   9072	   9334	   9604	   9872	  10152	  10433	  10667	  10882	  11094	  11295	      0	
  175	      0	   1286	   1562	   1841	   2123	   2407	   2686	   2967	   3251	   3536	   3833	   4130	   4412	   4699	   4984	   5267	   5555	   5845	   6168	   6496	   6784	   7070	   7370	   7668	   7958	   8245	   8525	   8806	   9072	   9334	   9604	   9872	  10152	  10433	  10667	  10882	  11094	  11295	      0	
  176	      0	   1286	   1562	   1841	   2123	   2407	   2686	   2967	   3251	   3536	   3833	   4130	   4412	   4699	   4984	   5267	   5555	   5845	   6168	   6496	   6784	   7070	   7369	   7668	   7957	   8244	   8525	   8806	   9072	   9334	   9604	   9872	  10152	  10433	  10667	  10882	  11094	  11295	      0	
  177	      0	   1286	   1562	   1841	   2123	   2407	   2685	   2967	   3251	   3536	   3833	   4130	   4412	   4699	   4984	   5266	   5556	   5845	   6168	   6495	   6784	   7070	   7369	   7668	   7957	   8244	   8525	   8806	   9072	   9334	   9604	   9872	  10152	  10433	  10667	  10882	  11094	  11295	      0	
  178	      0	   1286	   1562	   1841	   2123	   2406	   2685	   2967	   3251	   3536	   3833	   4131	   4413	   4699	   4983	   5266	   5556	   5845	   6168	   6495	   6783	   7069	   7369	   7668	   7957	   8244	   8525	   8806	   9072	   9334	   9603	   9871	  10152	  10433	  10667	  10882	  11094	  11295	      0	
  179	      0	   1286	   1562	   1841	   2123	   2406	   2685	   2967	   3251	   3536	   3833	   4131	   4412	   4699	   4984	   5267	   5556	   5845	   6168	   6495	   6783	   7069	   7369	   7668	   7957	   8244	   8525	   8806	   9072	   9334	   9603	   9871	  10152	  10433	  10667	  10883	  11094	  11295	      0	
  180	      0	   1286	   1562	   1841	   2123	   2406	   2684	   2967	   3251	   3536	   3833	   4131	   4413	   4699	   4983	   5267	   5556	   5845	   6167	   6495	   6783	   7069	   7369	   7668	   7957	   8244	   8524	   8806	   9072	   9334	   9603	   9871	  10152	  10433	  10667	  10883	  11094	  11295	      0	
  181	      0	   1286	   1562	   1841	   2123	   2406	   2684	   2966	   3251	   3536	   3833	   4131	   4413	   4699	   4983	   5266	   5556	   5845	   6168	   6495	   6783	   7069	   7369	   7668	   7957	   8243	   8524	   8805	   9072	   9334	   9603	   9871	  10152	  10433	  10667	  10883	  11093	  11294	      0	
  182	      0	   1286	   1562	   1841	   2123	   2406	   2684	   2966	   3251	   3536	   3833	   4131	   4413	   4699	   4983	   5267	   5556	   5845	   6167	   6495	   6783	   7069	   7369	   7668	   7957	   8243	   8524	   8805	   9072	   9334	   9603	   9871	  10152	  10433	  10668	  10883	  11093	  11294	      0	
  183	      0	   1286	   1562	   1841	   2123	   2406	   2684	   2966	   3252	   3536	   3832	   4130	   4413	   4699	   4983	   5267	   5556	   5845	   6167	   6495	   6782	   7068	   7368	   7667	   7957	   8243	   8524	   8805	   9072	   9334	   9603	   9871	  10152	  10432	  10668	  10883	  11093	  11294	      0	
  184	      0	   1286	   1562	   1841	   2122	   2406	   2684	   2966	   3252	   3536	   3832	   4130	   4413	   4699	   4983	   5267	   5556	   5844	   6167	   6495	   6782	   7068	   7369	   7668	   7957	   8243	   8524	   8805	   9072	   9334	   9603	   9871	  10152	  10432	  10668	  10883	  11093	  11294	      0	
  185	      0	   1286	   1562	   1841	   2122	   2406	   2684	   2966	   3252	   3536	   3831	   4129	   4413	   4699	   4983	   5267	   5556	   5844	   6167	   6495	   6782	   7068	   7368	   7668	   7957	   8243	   8523	   8805	   9072	   9334	   9603	   9871	  10152	  10432	  10668	  10883	  11093	  11294	      0	
  186	      0	   1287	   1562	   1840	   2122	   2406	   2684	   2967	   3252	   3536	   3831	   4129	   4413	   4699	   4983	   5267	   5556	   5844	   6167	   6496	   6783	   7068	   7368	   7668	   7957	   8243	   8523	   8805	   9072	   9334	   9603	   9871	  10152	  10432	  10668	  10883	  11093	  11294	      0	
  187	      0	   1287	   1562	   1840	   2122	   2406	   2684	   2967	   3252	   3536	   3830	   4128	   4412	   4699	   4983	   5267	   5556	   5844	   6167	   6496	   6783	   7068	   7368	   7668	   7957	   8243	   8523	   8805	   9072	   9334	   9603	   9871	  10152	  10432	  10668	  10883	  11092	  11294	      0	
  188	      0	   1287	   1561	   1840	   2122	   2406	   2685	   2967	   3252	   3536	   3830	   4128	   4412	   4698	   4983	   5266	   5556	   5843	   6168	   6496	   6782	   7068	   7368	   7667	   7957	   8243	   8523	   8805	   9072	   9334	   9603	   9870	  10151	  10432	  10668	  10883	  11092	  11294	      0	
  189	      0	   1287	   1561	   1839	   2122	   2406	   2685	   2967	   3252	   3536	   3830	   4127	   4412	   4698	   4982	   5266	   5556	   5843	   6168	   6496	   6782	   7067	   7368	   7667	   7957	   8243	   8523	   8805	   9072	   9334	   9603	   9871	  10152	  10433	  10668	  10883	  11092	  11295	      0	
  190	      0	   1287	   1561	   1839	   2122	   2406	   2685	   2967	   3252	   3536	   3830	   4127	   4411	   4698	   4982	   5266	   5555	   5843	   6168	   6497	   6782	   7067	   7368	   7667	   7957	   8243	   8523	   8804	   9072	   9334	   9603	   9871	  10152	  10433	  10669	  10884	  11092	  11295	      0	
  191	      0	   1287	   1561	   1839	   2122	   2407	   2685	   2967	   3252	   3536	   3830	   4126	   4411	   4698	   4982	   5266	   5555	   5843	   6168	   6497	   6782	   7067	   7368	   7667	   7957	   8242	   8523	   8804	   9072	   9334	   9603	   9870	  10152	  10433	  10669	  10884	  11092	  11295	      0	
  192	      0	   1287	   1561	   1838	   2122	   2407	   2685	   2967	   3252	   3536	   3829	   4126	   4411	   4698	   4983	   5266	   5555	   5843	   6168	   6497	   6782	   7068	   7369	   7668	   7957	   8242	   8523	   8804	   9071	   9334	   9603	   9870	  10151	  10433	  10669	  10884	  11092	  11295	      0	
  193	      0	   1287	   1561	   1838	   2122	   2407	   2685	   2967	   3253	   3537	   3829	   4125	   4410	   4698	   4983	   5266	   5555	   5843	   6168	   6497	   6782	   7067	   7369	   7667	   7957	   8242	   8523	   8804	   9071	   9334	   9603	   9870	  10151	  10434	  10669	  10884	  11091	  11295	      0	
  194	      0	   1287	   1560	   1837	   2122	   2407	   2686	   2968	   3253	   3537	   3829	   4125	   4410	   4698	   4983	   5266	   5555	   5843	   6168	   6497	   6783	   7068	   7369	   7667	   7957	   8243	   8523	   8804	   9071	   9334	   9603	   9870	  10151	  10434	  10669	  10884	  11091	  11295	      0	
  195	      0	   1287	   1560	   1837	   2122	   2408	   2686	   2968	   3253	   3537	   3829	   4125	   4410	   4698	   4983	   5266	   5555	   5843	   6168	   6497	   6782	   7068	   7369	   7667	   7956	   8243	   8523	   8804	   9071	   9334	   9603	   9870	  10151	  10434	  10669	  10884	  11091	  11295	      0	
  196	      0	   1287	   1560	   1837	   2122	   2408	   2687	   2968	   3253	   3537	   3829	   4125	   4410	   4699	   4983	   5265	   5555	   5842	   6168	   6497	   6782	   7068	   7369	   7668	   7957	   8243	   8523	   8804	   9071	   9334	   9603	   9870	  10151	  10434	  10670	  10885	  11091	  11295	      0	
  197	      0	   1287	   1560	   1837	   2122	   2409	   2687	   2969	   3253	   3537	   3829	   4124	   4410	   4699	   4983	   5265	   5554	   5842	   6168	   6497	   6782	   7067	   7369	   7668	   7957	   8243	   8524	   8804	   9071	   9334	   9603	   9870	  10151	  10434	  10670	  10885	  11091	  11295	      0	
  198	      0	   1287	   1560	   1837	   2122	   2409	   2687	   2969	   3253	   3537	   3829	   4124	   4410	   4699	   4983	   5265	   5554	   5842	   6168	   6497	   6782	   7068	   7369	   7668	   7957	   8243	   8524	   8804	   9071	   9334	   9603	   9870	  10150	  10434	  10670	  10885	  11091	  11295	      0	
  199	      0	   1287	   1560	   1837	   2123	   2409	   2688	   2969	   3253	   3536	   3828	   4124	   4410	   4699	   4983	   5265	   5554	   5842	   6168	   6497	   6782	   7068	   7369	   7668	   7957	   8243	   8523	   8804	   9071	   9334	   9603	   9871	  10150	  10434	  10671	  10885	  11091	  11295	      0	
  200	      0	   1288	   1560	   1837	   2123	   2409	   2688	   2969	   3253	   3536	   3828	   4125	   4410	   4700	   4983	   5265	   5554	   5842	   6168	   6497	   6782	   7068	   7369	   7668	   7957	   8243	   8523	   8804	   9071	   9334	   9603	   9871	  10149	  10435	  10671	  10886	  11091	  11295	      0	
  201	      0	   1288	   1560	   1837	   2124	   2409	   2688	   2969	   3253	   3536	   3828	   4125	   4410	   4699	   4984	   5265	   5554	   5842	   6167	   6497	   6782	   7068	   7370	   7668	   7957	   8244	   8524	   8804	   9071	   9334	   9603	   9871	  10149	  10435	  10672	  10886	  11092	  11294	      0	
  202	      0	   1288	   1560	   1837	   2124	   2410	   2688	   2970	   3253	   3536	   3828	   4125	   4410	   4699	   4983	   5265	   5554	   5843	   6168	   6496	   6782	   7068	   7370	   7668	   7957	   8244	   8524	   8804	   9071	   9334	   9603	   9871	  10149	  10435	  10672	  10886	  11092	  11294	      0	
  203	      0	   1288	   1560	   1838	   2125	   2410	   2688	   2970	   3254	   3536	   3829	   4125	   4410	   4700	   4984	   5265	   5554	   5843	   6168	   6496	   6782	   7068	   7370	   7668	   7956	   8244	   8524	   8804	   9071	   9334	   9603	   9871	  10149	  10435	  10672	  10887	  11092	  11294	      0	
  204	      0	   1288	   1561	   1838	   2125	   2410	   2688	   2970	   3254	   3536	   3828	   4125	   4410	   4700	   4984	   5265	   5554	   5843	   6168	   6496	   6782	   7068	   7370	   7668	   7957	   8244	   8523	   8804	   9071	   9334	   9603	   9871	  10148	  10435	  10673	  10887	  11093	  11294	      0	
  205	      0	   1288	   1561	   1839	   2126	   2410	   2688	   2970	   3253	   3536	   3828	   4125	   4411	   4700	   4984	   5265	   5554	   5843	   6168	   6496	   6781	   7068	   7370	   7667	   7957	   8244	   8523	   8804	   9072	   9334	   9604	   9872	  10148	  10435	  10673	  10887	  11094	  11294	      0	
  206	      0	   1288	   1561	   1840	   2126	   2411	   2689	   2970	   3253	   3535	   3828	   4125	   4411	   4700	   4984	   5266	   5555	   5843	   6168	   6496	   6782	   7068	   7370	   7667	   7956	   8244	   8523	   8804	   9072	   9334	   9604	   9872	  10148	  10435	  10673	  10887	  11094	  11295	      0	
  207	      0	   1289	   1562	   1840	   2127	   2411	   2689	   2970	   3253	   3535	   3828	   4125	   4411	   4700	   4984	   5266	   5555	   5843	   6168	   6496	   6782	   7068	   7370	   7667	   7957	   8244	   8523	   8804	   9072	   9334	   9604	   9872	  10147	  10435	  10673	  10886	  11095	  11296	      0	
  208	      0	   1289	   1562	   1841	   2127	   2411	   2689	   2970	   3253	   3535	   3828	   4125	   4411	   4700	   4984	   5266	   5555	   5843	   6168	   6496	   6782	   7068	   7370	   7667	   7957	   8244	   8523	   8804	   9072	   9334	   9604	   9872	  10147	  10435	  10673	  10885	  11095	  11298	      0	
  209	      0	   1289	   1563	   1841	   2127	   2412	   2689	   2970	   3253	   3535	   3828	   4125	   4411	   4700	   4984	   5267	   5555	   5843	   6168	   6496	   6782	   7069	   7370	   7667	   7957	   8244	   8523	   8804	   9072	   9334	   9604	   9872	  10147	  10435	  10673	  10885	  11096	  11299	      0	
  210	      0	   1289	   1563	   1842	   2127	   2412	   2689	   2970	   3254	   3535	   3828	   4125	   4411	   4699	   4984	   5267	   5555	   5843	   6168	   6496	   6782	   7069	   7369	   7667	   7957	   8244	   8522	   8804	   9073	   9334	   9605	   9872	  10147	  10435	  10673	  10885	  11098	  11301	      0	
  211	      0	   1289	   1564	   1842	   2127	   2412	   2689	   2970	   3253	   3535	   3828	   4125	   4411	   4699	   4984	   5267	   5555	   5843	   6168	   6496	   6782	   7069	   7369	   7667	   7957	   8244	   8522	   8804	   9073	   9334	   9605	   9872	  10147	  10435	  10673	  10885	  11098	  11284	      0	
  212	      0	   1290	   1564	   1843	   2127	   2412	   2690	   2970	   3253	   3536	   3828	   4126	   4411	   4699	   4984	   5267	   5555	   5843	   6168	   6496	   6782	   7068	   7369	   7667	   7956	   8244	   8522	   8805	   9073	   9335	   9605	   9872	  10147	  10434	  10673	  10885	  11088	      0	      0	
  213	      0	   1290	   1565	   1843	   2127	   2412	   2690	   2970	   3253	   3536	   3828	   4126	   4411	   4699	   4984	   5268	   5556	   5843	   6168	   6497	   6782	   7068	   7369	   7667	   7957	   8244	   8522	   8805	   9074	   9335	   9605	   9872	  10146	  10434	  10673	  10886	      0	      0	      0	
  214	      0	   1290	   1566	   1844	   2127	   2412	   2689	   2970	   3253	   3536	   3828	   4126	   4411	   4698	   4984	   5268	   5556	   5843	   6168	   6497	   6782	   7068	   7369	   7667	   7957	   8244	   8522	   8805	   9074	   9335	   9605	   9872	  10146	  10432	  10673	  10887	      0	      0	      0	
  215	      0	   1290	   1566	   1844	   2127	   2411	   2689	   2970	   3253	   3536	   3828	   4126	   4411	   4698	   4984	   5269	   5556	   5843	   6169	   6497	   6782	   7069	   7370	   7667	   7956	   8244	   8521	   8805	   9074	   9335	   9605	   9872	  10146	  10431	  10672	  10889	      0	      0	      0	
  216	      0	   1290	   1567	   1844	   2127	   2411	   2689	   2970	   3253	   3536	   3829	   4126	   4411	   4698	   4985	   5269	   5556	   5843	   6169	   6497	   6782	   7069	   7370	   7666	   7956	   8244	   8521	   8804	   9074	   9335	   9606	   9871	  10145	  10429	  10673	  10891	      0	      0	      0	
  217	      0	   1291	   1567	   1844	   2127	   2411	   2689	   2970	   3253	   3536	   3829	   4127	   4411	   4698	   4985	   5270	   5557	   5843	   6169	   6498	   6782	   7069	   7370	   7666	   7956	   8244	   8521	   8804	   9074	   9335	   9606	   9871	  10145	  10428	  10673	  10901	      0	      0	      0	
  218	      0	   1291	   1568	   1844	   2126	   2411	   2689	   2970	   3253	   3536	   3829	   4127	   4412	   4699	   4985	   5270	   5557	   5844	   6169	   6498	   6782	   7069	   7370	   7667	   7956	   8244	   8521	   8805	   9074	   9335	   9606	   9871	  10145	  10427	      0	      0	      0	      0	      0	
  219	      0	   1291	   1568	   1844	   2126	   2411	   2689	   2970	   3253	   3536	   3830	   4127	   4412	   4699	   4985	   5270	   5557	   5844	   6170	   6498	   6782	   7069	   7370	   7667	   7956	   8244	   8521	   8805	   9074	   9335	   9606	   9870	  10144	  10425	      0	      0	      0	      0	      0	
  220	      0	   1291	   1568	   1844	   2126	   2410	   2689	   2970	   3253	   3536	   3830	   4128	   4412	   4699	   4985	   5270	   5557	   5844	   6170	   6498	   6782	   7069	   7370	   7667	   7956	   8244	   8520	   8805	   9074	   9335	   9606	   9870	  10144	  10424	      0	      0	      0	      0	      0	
  221	      0	   1292	   1568	   1844	   2125	   2410	   2689	   2970	   3254	   3537	   3830	   4128	   4412	   4700	   4986	   5270	   5557	   5844	   6170	   6497	   6782	   7069	   7370	   7667	   7955	   8244	   8520	   8805	   9074	   9335	   9606	   9869	  10144	  10424	      0	      0	      0	      0	      0	
  222	      0	   1292	   1568	   1844	   2125	   2410	   2689	   2970	   3254	   3537	   3831	   4129	   4412	   4700	   4986	   5270	   5557	   5844	   6169	   6497	   6782	   7069	   7370	   7667	   7955	   8244	   8520	   8805	   9074	   9335	   9607	   9869	  10143	  10423	      0	      0	      0	      0	      0	
  223	      0	   1292	   1568	   1843	   2125	   2410	   2689	   2970	   3254	   3537	   3831	   4129	   4412	   4700	   4986	   5270	   5557	   5844	   6169	   6497	   6782	   7069	   7370	   7667	   7955	   8244	   8520	   8805	   9074	   9335	   9607	   9868	  10142	  10422	      0	      0	      0	      0	      0	
  224	      0	   1292	   1568	   1843	   2125	   2410	   2689	   2970	   3254	   3537	   3831	   4129	   4413	   4701	   4987	   5270	   5557	   5844	   6169	   6497	   6782	   7069	   7370	   7667	   7955	   8244	   8519	   8805	   9075	   9335	   9607	   9868	  10142	  10422	      0	      0	      0	      0	      0	
  225	      0	   1293	   1568	   1843	   2125	   2410	   2689	   2971	   3254	   3537	   3832	   4130	   4413	   4701	   4987	   5270	   5557	   5844	   6169	   6497	   6782	   7069	   7370	   7667	   7955	   8244	   8519	   8805	   9075	   9335	   9607	   9868	  10143	      0	      0	      0	      0	      0	      0	
  226	      0	   1293	   1568	   1843	   2124	   2410	   2690	   2971	   3255	   3538	   3832	   4130	   4413	   4701	   4987	   5270	   5557	   5844	   6169	   6496	   6782	   7069	   7370	   7667	   7954	   8244	   8519	   8805	   9075	   9336	   9608	   9867	      0	      0	      0	      0	      0	      0	      0	
  227	      0	   1293	   1568	   1843	   2124	   2410	   2690	   2971	   3255	   3538	   3832	   4130	   4413	   4702	   4988	   5270	   5557	   5845	   6168	   6496	   6782	   7069	   7371	   7667	   7954	   8244	   8519	   8805	   9075	   9336	   9608	   9866	      0	      0	      0	      0	      0	      0	      0	
  228	      0	   1293	   1568	   1843	   2125	   2410	   2690	   2971	   3255	   3538	   3833	   4131	   4413	   4702	   4988	   5270	   5557	   5845	   6168	   6496	   6782	   7069	   7371	   7667	   7954	   8244	   8519	   8805	   9075	   9336	   9608	   9866	      0	      0	      0	      0	      0	      0	      0	
  229	      0	   1293	   1568	   1843	   2125	   2410	   2690	   2971	   3255	   3538	   3833	   4131	   4413	   4702	   4988	   5270	   5557	   5845	   6168	   6496	   6782	   7069	   7370	   7667	   7954	   8244	   8519	   8805	   9075	   9336	   9609	   9866	      0	      0	      0	      0	      0	      0	      0	
  230	      0	   1294	   1568	   1843	   2125	   2410	   2690	   2972	   3255	   3539	   3833	   4131	   4414	   4702	   4988	   5270	   5557	   5845	   6168	   6496	   6782	   7069	   7370	   7667	   7954	   8244	   8519	   8805	   9075	   9336	   9609	   9865	      0	      0	      0	      0	      0	      0	      0	
  231	      0	   1294	   1568	   1843	   2126	   2410	   2690	   2972	   3256	   3539	   3833	   4131	   4414	   4702	   4988	   5270	   5556	   5845	   6168	   6496	   6783	   7069	   7370	   7667	   7954	   8244	   8519	   8804	   9075	   9337	   9609	   9865	      0	      0	      0	      0	      0	      0	      0	
  232	      0	   1294	   1568	   1843	   2126	   2410	   2691	   2972	   3256	   3539	   3833	   4130	   4414	   4703	   4988	   5269	   5556	   5845	   6168	   6496	   6783	   7069	   7370	   7667	   7954	   8244	   8518	   8804	   9075	   9337	   9609	   9865	      0	      0	      0	      0	      0	      0	      0	
  233	      0	   1294	   1568	   1844	   2126	   2411	   2691	   2973	   3256	   3539	   3833	   4130	   4414	   4702	   4988	   5269	   5556	   5845	   6167	   6496	   6783	   7069	   7370	   7667	   7954	   8243	   8518	   8804	   9075	   9337	   9610	   9864	      0	      0	      0	      0	      0	      0	      0	
  234	      0	   1294	   1568	   1844	   2127	   2411	   2691	   2973	   3256	   3539	   3833	   4130	   4414	   4702	   4988	   5269	   5556	   5845	   6167	   6496	   6783	   7069	   7370	   7667	   7954	   8243	   8518	   8804	   9075	   9337	   9610	   9864	      0	      0	      0	      0	      0	      0	      0	
  235	      0	   1294	   1569	   1844	   2127	   2411	   2691	   2973	   3256	   3540	   3832	   4130	   4414	   4702	   4988	   5269	   5556	   5845	   6167	   6496	   6783	   7069	   7369	   7667	   7954	   8243	   8518	   8804	   9075	   9337	   9610	   9864	      0	      0	      0	      0	      0	      0	      0	
  236	      0	   1295	   1569	   1844	   2127	   2411	   2691	   2973	   3256	   3540	   3832	   4129	   4414	   4702	   4988	   5269	   5555	   5845	   6166	   6496	   6783	   7069	   7369	   7667	   7954	   8243	   8518	   8804	   9075	   9338	   9610	   9863	      0	      0	      0	      0	      0	      0	      0	
  237	      0	   1295	   1569	   1845	   2128	   2411	   2691	   2973	   3257	   3540	   3832	   4129	   4414	   4702	   4988	   5269	   5555	   5845	   6166	   6496	   6783	   7069	   7369	   7667	   7954	   8243	   8518	   8804	   9075	   9337	   9610	   9863	      0	      0	      0	      0	      0	      0	      0	
  238	      0	   1295	   1569	   1845	   2128	   2411	   2691	   2973	   3257	   3540	   3832	   4129	   4414	   4702	   4988	   5269	   5555	   5844	   6166	   6496	   6783	   7069	   7369	   7667	   7954	   8243	   8518	   8804	   9075	   9337	   9610	   9863	      0	      0	      0	      0	      0	      0	      0	
  239	      0	   1295	   1569	   1845	   2128	   2411	   2692	   2973	   3257	   3541	   3832	   4129	   4413	   4702	   4988	   5269	   5555	   5844	   6166	   6496	   6783	   7068	   7369	   7666	   7953	   8243	   8518	   8804	   9075	   9337	   9609	   9862	      0	      0	      0	      0	      0	      0	      0	
  240	      0	   1295	   1569	   1845	   2128	   2411	   2692	   2973	   3257	   3541	   3832	   4128	   4413	   4701	   4987	   5269	   5555	   5844	   6166	   6496	   6782	   7068	   7368	   7666	   7953	   8242	   8518	   8804	   9075	   9337	   9609	   9862	      0	      0	      0	      0	      0	      0	      0	
  241	      0	   1295	   1569	   1845	   2128	   2411	   2692	   2973	   3257	   3540	   3832	   4128	   4413	   4701	   4987	   5269	   5555	   5844	   6165	   6496	   6782	   7068	   7368	   7666	   7953	   8242	   8517	   8804	   9075	   9337	   9609	   9862	      0	      0	      0	      0	      0	      0	      0	
  242	      0	   1295	   1569	   1845	   2128	   2411	   2692	   2973	   3257	   3540	   3832	   4128	   4413	   4701	   4987	   5269	   5556	   5844	   6165	   6496	   6782	   7068	   7368	   7666	   7953	   8242	   8517	   8804	   9074	   9336	   9608	   9862	      0	      0	      0	      0	      0	      0	      0	
  243	      0	   1295	   1569	   1845	   2128	   2411	   2692	   2973	   3256	   3540	   3832	   4128	   4413	   4701	   4987	   5269	   5556	   5844	   6165	   6496	   6782	   7068	   7368	   7665	   7952	   8241	   8517	   8804	   9074	   9336	   9608	   9862	      0	      0	      0	      0	      0	      0	      0	
  244	      0	   1295	   1569	   1845	   2128	   2412	   2692	   2973	   3257	   3540	   3832	   4128	   4413	   4701	   4987	   5269	   5556	   5844	   6165	   6496	   6782	   7068	   7368	   7665	   7952	   8241	   8517	   8804	   9074	   9336	   9608	   9862	      0	      0	      0	      0	      0	      0	      0	
  245	      0	   1295	   1569	   1845	   2128	   2412	   2692	   2973	   3256	   3540	   3832	   4127	   4413	   4701	   4986	   5269	   5556	   5844	   6165	   6496	   6782	   7068	   7368	   7665	   7952	   8241	   8517	   8804	   9074	   9336	   9608	   9862	      0	      0	      0	      0	      0	      0	      0	
  246	      0	   1295	   1569	   1845	   2128	   2412	   2692	   2973	   3256	   3540	   3832	   4127	   4413	   4700	   4986	   5269	   5556	   5844	   6165	   6496	   6781	   7068	   7367	   7664	   7952	   8241	   8517	   8804	   9073	   9335	   9608	   9862	      0	      0	      0	      0	      0	      0	      0	
  247	      0	   1295	   1569	   1845	   2128	   2412	   2692	   2973	   3256	   3540	   3832	   4127	   4413	   4700	   4986	   5269	   5555	   5844	   6165	   6495	   6782	   7068	   7367	   7664	   7952	   8241	   8517	   8804	   9073	   9335	   9608	   9862	      0	      0	      0	      0	      0	      0	      0	
  248	      0	   1295	   1569	   1845	   2128	   2412	   2692	   2973	   3256	   3540	   3832	   4127	   4413	   4700	   4986	   5269	   5555	   5844	   6165	   6495	   6781	   7068	   7367	   7664	   7951	   8240	   8517	   8804	   9073	   9334	   9607	   9862	      0	      0	      0	      0	      0	      0	      0	
  249	      0	   1295	   1569	   1845	   2128	   2412	   2692	   2973	   3256	   3540	   3832	   4127	   4413	   4700	   4985	   5269	   5555	   5844	   6164	   6495	   6781	   7068	   7367	   7664	   7951	   8240	   8516	   8803	   9072	   9334	   9607	   9862	      0	      0	      0	      0	      0	      0	      0	
  250	      0	   1295	   1569	   1845	   2128	   2412	   2692	   2973	   3256	   3540	   3833	   4128	   4412	   4700	   4985	   5268	   5555	   5844	   6164	   6495	   6781	   7068	   7367	   7664	   7951	   8240	   8516	   8803	   9072	   9334	   9607	   9862	      0	      0	      0	      0	      0	      0	      0	
  251	      0	   1295	   1569	   1845	   2128	   2412	   2692	   2973	   3256	   3540	   3833	   4128	   4412	   4700	   4985	   5268	   5555	   5844	   6164	   6494	   6781	   7068	   7367	   7663	   7950	   8240	   8516	   8803	   9072	   9334	   9607	   9862	      0	      0	      0	      0	      0	      0	      0	
  252	      0	   1295	   1569	   1845	   2128	   2412	   2692	   2973	   3256	   3540	   3833	   4128	   4412	   4700	   4985	   5268	   5554	   5844	   6164	   6494	   6781	   7068	   7366	   7663	   7950	   8239	   8516	   8803	   9072	   9333	   9607	   9862	      0	      0	      0	      0	      0	      0	      0	
  253	      0	   1295	   1569	   1845	   2128	   2412	   2692	   2973	   3256	   3540	   3833	   4128	   4412	   4700	   4985	   5268	   5554	   5844	   6165	   6494	   6781	   7068	   7366	   7663	   7950	   8239	   8516	   8803	   9071	   9333	   9606	   9862	      0	      0	      0	      0	      0	      0	      0	
  254	      0	   1295	   1569	   1845	   2128	   2412	   2692	   2973	   3256	   3540	   3833	   4128	   4412	   4700	   4985	   5268	   5554	   5844	   6165	   6494	   6780	   7068	   7366	   7662	   7950	   8239	   8516	   8803	   9071	   9333	   9606	   9862	      0	      0	      0	      0	      0	      0	      0	
  255	      0	   1295	   1569	   1845	   2128	   2412	   2692	   2974	   3256	   3540	   3834	   4128	   4412	   4700	   4985	   5267	   5554	   5843	   6165	   6494	   6780	   7068	   7366	   7662	   7949	   8239	   8516	   8802	   9071	   9333	   9606	   9862	      0	      0	      0	      0	      0	      0	      0	
  256	      0	   1295	   1569	   1845	   2129	   2412	   2693	   2974	   3256	   3540	   3834	   4128	   4412	   4700	   4985	   5267	   5554	   5843	   6164	   6493	   6780	   7068	   7366	   7662	   7949	   8239	   8516	   8802	   9070	   9333	   9606	   9861	      0	      0	      0	      0	      0	      0	      0	
  257	      0	   1295	   1569	   1846	   2129	   2413	   2693	   2974	   3256	   3540	   3834	   4128	   4412	   4700	   4986	   5267	   5553	   5843	   6164	   6493	   6780	   7068	   7366	   7662	   7949	   8239	   8516	   8802	   9070	   9333	   9605	   9861	      0	      0	      0	      0	      0	      0	      0	
  258	      0	   1295	   1569	   1846	   2129	   2413	   2693	   2974	   3255	   3539	   3834	   4128	   4412	   4700	   4986	   5267	   5553	   5843	   6164	   6493	   6780	   7067	   7366	   7662	   7949	   8239	   8515	   8801	   9070	   9333	   9605	   9861	      0	      0	      0	      0	      0	      0	      0	
  259	      0	   1295	   1569	   1846	   2129	   2413	   2693	   2974	   3255	   3539	   3834	   4128	   4412	   4700	   4986	   5267	   5553	   5843	   6164	   6493	   6780	   7067	   7366	   7661	   7949	   8238	   8515	   8801	   9070	   9333	   9605	   9861	      0	      0	      0	      0	      0	      0	      0	
  260	      0	   1295	   1569	   1846	   2130	   2413	   2693	   2974	   3255	   3539	   3834	   4128	   4412	   4700	   4986	   5267	   5553	   5843	   6164	   6493	   6780	   7067	   7366	   7661	   7949	   8238	   8515	   8801	   9070	   9332	   9604	   9861	      0	      0	      0	      0	      0	      0	      0	
  261	      0	   1295	   1568	   1846	   2130	   2413	   2693	   2974	   3255	   3539	   3834	   4128	   4412	   4700	   4986	   5266	   5552	   5843	   6164	   6493	   6779	   7067	   7365	   7661	   7948	   8238	   8514	   8800	   9069	   9332	   9604	   9861	      0	      0	      0	      0	      0	      0	      0	
  262	      0	   1295	   1568	   1846	   2130	   2413	   2693	   2974	   3255	   3539	   3834	   4128	   4412	   4700	   4986	   5266	   5552	   5843	   6164	   6493	   6779	   7067	   7365	   7661	   7948	   8238	   8514	   8800	   9069	   9332	   9604	   9860	      0	      0	      0	      0	      0	      0	      0	
  263	      0	   1295	   1568	   1846	   2131	   2414	   2694	   2974	   3255	   3538	   3834	   4128	   4412	   4700	   4986	   5266	   5552	   5843	   6164	   6493	   6779	   7067	   7365	   7661	   7948	   8238	   8514	   8800	   9069	   9332	   9603	   9860	      0	      0	      0	      0	      0	      0	      0	
  264	      0	   1295	   1568	   1846	   2131	   2414	   2694	   2974	   3254	   3538	   3834	   4128	   4412	   4700	   4986	   5265	   5551	   5843	   6164	   6492	   6779	   7067	   7365	   7661	   7948	   8238	   8514	   8799	   9068	   9332	   9603	   9859	      0	      0	      0	      0	      0	      0	      0	
  265	      0	   1295	   1568	   1847	   2131	   2414	   2694	   2974	   3255	   3539	   3835	   4129	   4412	   4700	   4986	   5265	   5552	   5843	   6164	   6492	   6779	   7066	   7364	   7660	   7948	   8237	   8513	   8799	   9068	   9331	   9602	   9859	      0	      0	      0	      0	      0	      0	      0	
  266	      0	   1295	   1568	   1847	   2131	   2415	   2695	   2974	   3255	   3539	   3835	   4129	   4412	   4700	   4986	   5265	   5552	   5843	   6164	   6492	   6778	   7066	   7364	   7660	   7947	   8237	   8513	   8798	   9067	   9331	   9602	   9858	      0	      0	      0	      0	      0	      0	      0	
  267	      0	   1295	   1568	   1847	   2131	   2415	   2695	   2974	   3255	   3538	   3834	   4129	   4412	   4700	   4986	   5266	   5552	   5843	   6164	   6492	   6778	   7066	   7364	   7660	   7947	   8237	   8512	   8798	   9067	   9331	   9601	   9857	      0	      0	      0	      0	      0	      0	      0	
  268	      0	   1295	   1567	   1847	   2132	   2415	   2695	   2974	   3255	   3538	   3834	   4129	   4412	   4701	   4986	   5266	   5552	   5843	   6164	   6492	   6778	   7066	   7364	   7659	   7947	   8236	   8512	   8797	   9067	   9330	   9601	   9857	      0	      0	      0	      0	      0	      0	      0	
  269	      0	   1295	   1567	   1847	   2131	   2416	   2695	   2974	   3255	   3538	   3834	   4129	   4412	   4700	   4986	   5266	   5552	   5843	   6164	   6492	   6778	   7065	   7364	   7659	   7946	   8236	   8512	   8797	   9066	   9330	   9600	   9856	      0	      0	      0	      0	      0	      0	      0	
  270	      0	   1295	   1568	   1847	   2131	   2416	   2695	   2973	   3255	   3538	   3834	   4129	   4412	   4700	   4986	   5266	   5552	   5842	   6164	   6492	   6777	   7065	   7363	   7659	   7946	   8236	   8511	   8796	   9066	   9329	   9599	   9856	      0	      0	      0	      0	      0	      0	      0	
  271	      0	   1295	   1568	   1847	   2131	   2416	   2695	   2973	   3255	   3539	   3834	   4129	   4412	   4700	   4985	   5266	   5552	   5842	   6164	   6492	   6777	   7065	   7363	   7659	   7945	   8235	   8510	   8796	   9065	   9328	   9599	   9855	      0	      0	      0	      0	      0	      0	      0	
  272	      0	   1295	   1568	   1847	   2132	   2416	   2695	   2973	   3255	   3539	   3834	   4129	   4412	   4700	   4985	   5266	   5552	   5842	   6164	   6492	   6777	   7065	   7363	   7659	   7945	   8235	   8510	   8795	   9064	   9328	   9598	   9854	      0	      0	      0	      0	      0	      0	      0	
  273	      0	   1296	   1568	   1848	   2132	   2416	   2695	   2972	   3255	   3539	   3834	   4129	   4412	   4700	   4985	   5266	   5552	   5842	   6164	   6492	   6777	   7064	   7363	   7658	   7945	   8234	   8510	   8794	   9064	   9327	   9598	   9854	      0	      0	      0	      0	      0	      0	      0	
  274	      0	   1296	   1568	   1848	   2132	   2416	   2695	   2972	   3255	   3539	   3834	   4129	   4412	   4700	   4985	   5266	   5552	   5842	   6163	   6491	   6777	   7064	   7362	   7658	   7944	   8234	   8509	   8794	   9063	   9326	   9597	   9853	      0	      0	      0	      0	      0	      0	      0	
  275	      0	   1296	   1569	   1848	   2132	   2416	   2695	   2972	   3255	   3540	   3834	   4129	   4412	   4700	   4985	   5266	   5552	   5842	   6163	   6491	   6777	   7064	   7362	   7658	   7944	   8233	   8508	   8793	   9062	   9326	   9596	   9852	      0	      0	      0	      0	      0	      0	      0	
  276	      0	   1296	   1569	   1848	   2132	   2416	   2694	   2972	   3255	   3540	   3834	   4129	   4412	   4699	   4985	   5266	   5551	   5842	   6163	   6491	   6777	   7064	   7362	   7657	   7944	   8233	   8508	   8792	   9061	   9325	   9596	   9851	      0	      0	      0	      0	      0	      0	      0	
  277	      0	   1296	   1569	   1848	   2132	   2415	   2694	   2972	   3255	   3540	   3834	   4129	   4412	   4699	   4985	   5266	   5552	   5842	   6163	   6491	   6777	   7063	   7362	   7657	   7943	   8232	   8507	   8792	   9061	   9324	   9595	   9850	      0	      0	      0	      0	      0	      0	      0	
  278	      0	   1296	   1570	   1848	   2132	   2415	   2694	   2972	   3255	   3540	   3834	   4129	   4412	   4699	   4985	   5266	   5551	   5842	   6163	   6491	   6776	   7063	   7361	   7657	   7943	   8232	   8506	   8791	   9060	   9323	   9594	   9849	      0	      0	      0	      0	      0	      0	      0	
  279	      0	   1296	   1570	   1849	   2132	   2415	   2694	   2971	   3255	   3540	   3834	   4129	   4412	   4699	   4985	   5266	   5551	   5841	   6163	   6491	   6776	   7063	   7361	   7656	   7942	   8232	   8506	   8790	   9059	   9322	   9593	   9848	      0	      0	      0	      0	      0	      0	      0	
  280	      0	   1296	   1570	   1849	   2132	   2415	   2693	   2972	   3255	   3541	   3834	   4129	   4412	   4699	   4985	   5266	   5551	   5841	   6162	   6490	   6776	   7062	   7360	   7656	   7942	   8231	   8505	   8789	   9058	   9321	   9592	   9847	      0	      0	      0	      0	      0	      0	      0	
  281	      0	   1296	   1571	   1849	   2132	   2414	   2693	   2972	   3255	   3541	   3834	   4129	   4412	   4698	   4984	   5266	   5551	   5841	   6162	   6490	   6776	   7062	   7360	   7656	   7941	   8231	   8505	   8789	   9057	   9320	   9591	   9846	      0	      0	      0	      0	      0	      0	      0	
  282	      0	   1296	   1571	   1850	   2132	   2414	   2693	   2971	   3255	   3541	   3834	   4129	   4412	   4698	   4984	   5266	   5552	   5841	   6162	   6490	   6775	   7062	   7360	   7655	   7941	   8230	   8504	   8788	   9056	   9319	   9590	   9845	      0	      0	      0	      0	      0	      0	      0	
  283	      0	   1296	   1571	   1850	   2132	   2414	   2693	   2972	   3255	   3540	   3834	   4129	   4412	   4698	   4984	   5266	   5551	   5841	   6161	   6489	   6775	   7061	   7359	   7655	   7940	   8230	   8503	   8787	   9056	   9318	   9590	   9844	      0	      0	      0	      0	      0	      0	      0	
  284	      0	   1297	   1572	   1850	   2132	   2414	   2693	   2971	   3255	   3540	   3833	   4129	   4412	   4698	   4983	   5266	   5551	   5841	   6161	   6489	   6775	   7061	   7359	   7655	   7940	   8229	   8503	   8787	   9055	   9317	   9589	   9843	      0	      0	      0	      0	      0	      0	      0	
  285	      0	   1297	   1572	   1850	   2132	   2414	   2692	   2971	   3254	   3540	   3833	   4128	   4412	   4697	   4983	   5266	   5551	   5840	   6161	   6489	   6774	   7060	   7359	   7654	   7939	   8229	   8502	   8786	   9054	   9316	   9588	   9841	      0	      0	      0	      0	      0	      0	      0	
  286	      0	   1297	   1572	   1850	   2132	   2413	   2693	   2971	   3254	   3540	   3833	   4128	   4412	   4697	   4983	   5266	   5551	   5840	   6160	   6488	   6774	   7060	   7358	   7654	   7939	   8228	   8501	   8785	   9054	   9315	   9587	   9840	      0	      0	      0	      0	      0	      0	      0	
  287	      0	   1297	   1572	   1850	   2132	   2414	   2693	   2972	   3254	   3540	   3833	   4128	   4412	   4697	   4983	   5265	   5551	   5840	   6160	   6488	   6774	   7059	   7357	   7653	   7938	   8228	   8501	   8785	   9053	   9314	   9586	   9839	      0	      0	      0	      0	      0	      0	      0	
  288	      0	   1297	   1572	   1850	   2132	   2414	   2693	   2972	   3254	   3540	   3833	   4128	   4412	   4697	   4983	   5265	   5551	   5840	   6160	   6488	   6773	   7059	   7357	   7652	   7938	   8227	   8500	   8784	   9052	   9313	   9585	   9838	      0	      0	      0	      0	      0	      0	      0	
  289	      0	   1297	   1572	   1849	   2131	   2414	   2693	   2972	   3254	   3540	   3832	   4128	   4412	   4697	   4982	   5265	   5551	   5839	   6159	   6487	   6773	   7059	   7356	   7652	   7937	   8227	   8499	   8783	   9051	   9312	   9584	   9837	      0	      0	      0	      0	      0	      0	      0	
  290	      0	   1297	   1571	   1849	   2131	   2414	   2694	   2972	   3254	   3539	   3832	   4128	   4412	   4696	   4982	   5265	   5550	   5839	   6159	   6487	   6772	   7058	   7356	   7651	   7937	   8226	   8499	   8783	   9050	   9311	   9583	   9836	      0	      0	      0	      0	      0	      0	      0	
  291	      0	   1297	   1571	   1849	   2131	   2414	   2694	   2972	   3254	   3539	   3832	   4128	   4412	   4696	   4982	   5264	   5550	   5839	   6158	   6486	   6772	   7058	   7355	   7651	   7936	   8225	   8498	   8782	   9049	   9310	   9582	   9835	      0	      0	      0	      0	      0	      0	      0	
  292	      0	   1297	   1571	   1849	   2131	   2414	   2694	   2972	   3254	   3539	   3832	   4128	   4412	   4696	   4982	   5264	   5550	   5838	   6158	   6486	   6771	   7057	   7355	   7650	   7935	   8224	   8497	   8781	   9049	   9310	   9581	   9834	      0	      0	      0	      0	      0	      0	      0	
  293	      0	   1297	   1571	   1848	   2131	   2414	   2694	   2972	   3254	   3539	   3832	   4128	   4411	   4696	   4982	   5264	   5550	   5838	   6157	   6485	   6771	   7057	   7354	   7649	   7934	   8223	   8496	   8780	   9048	   9309	   9581	   9833	      0	      0	      0	      0	      0	      0	      0	
  294	      0	   1297	   1571	   1848	   2131	   2415	   2695	   2972	   3254	   3539	   3832	   4128	   4411	   4696	   4982	   5264	   5550	   5838	   6157	   6485	   6770	   7056	   7354	   7649	   7933	   8223	   8496	   8779	   9047	   9308	   9580	   9832	      0	      0	      0	      0	      0	      0	      0	
  295	      0	   1297	   1571	   1848	   2131	   2415	   2695	   2972	   3254	   3539	   3832	   4128	   4411	   4696	   4981	   5264	   5550	   5838	   6157	   6485	   6770	   7056	   7354	   7648	   7932	   8222	   8495	   8779	   9047	   9307	   9579	   9831	      0	      0	      0	      0	      0	      0	      0	
  296	      0	   1297	   1571	   1848	   2131	   2416	   2695	   2972	   3254	   3539	   3832	   4128	   4411	   4696	   4981	   5264	   5550	   5837	   6157	   6484	   6769	   7055	   7353	   7647	   7932	   8221	   8494	   8778	   9046	   9307	   9578	   9830	      0	      0	      0	      0	      0	      0	      0	
  297	      0	   1297	   1571	   1848	   2131	   2416	   2695	   2972	   3254	   3539	   3832	   4127	   4411	   4696	   4981	   5263	   5550	   5837	   6157	   6484	   6769	   7055	   7352	   7647	   7931	   8220	   8493	   8777	   9045	   9306	   9578	   9829	      0	      0	      0	      0	      0	      0	      0	
  298	      0	   1297	   1571	   1847	   2131	   2416	   2695	   2972	   3254	   3539	   3832	   4127	   4411	   4695	   4981	   5263	   5549	   5837	   6156	   6484	   6769	   7054	   7352	   7646	   7930	   8219	   8493	   8776	   9044	   9305	   9577	   9828	      0	      0	      0	      0	      0	      0	      0	
  299	      0	   1297	   1571	   1847	   2132	   2417	   2695	   2972	   3254	   3539	   3832	   4127	   4410	   4695	   4981	   5263	   5549	   5836	   6156	   6484	   6768	   7054	   7351	   7645	   7929	   8219	   8492	   8776	   9044	   9304	   9576	   9827	      0	      0	      0	      0	      0	      0	      0	
  300	      0	   1297	   1571	   1847	   2132	   2417	   2695	   2972	   3254	   3539	   3832	   4127	   4410	   4695	   4980	   5262	   5549	   5836	   6156	   6483	   6768	   7053	   7351	   7645	   7928	   8218	   8491	   8774	   9043	   9304	   9575	   9826	      0	      0	      0	      0	      0	      0	      0	
  301	      0	   1297	   1571	   1848	   2132	   2417	   2696	   2972	   3253	   3539	   3832	   4127	   4410	   4695	   4980	   5262	   5549	   5836	   6156	   6483	   6767	   7053	   7350	   7644	   7928	   8217	   8491	   8774	   9042	   9303	   9575	   9825	      0	      0	      0	      0	      0	      0	      0	
  302	      0	   1297	   1571	   1848	   2132	   2418	   2695	   2972	   3253	   3539	   3831	   4127	   4410	   4694	   4980	   5262	   5548	   5835	   6156	   6483	   6766	   7052	   7349	   7643	   7927	   8217	   8490	   8773	   9041	   9302	   9574	   9824	      0	      0	      0	      0	      0	      0	      0	
  303	      0	   1297	   1571	   1848	   2133	   2418	   2695	   2971	   3253	   3539	   3832	   4127	   4410	   4694	   4980	   5262	   5548	   5835	   6155	   6482	   6766	   7052	   7349	   7642	   7926	   8216	   8489	   8772	   9040	   9301	   9573	   9824	      0	      0	      0	      0	      0	      0	      0	
  304	      0	   1297	   1571	   1848	   2133	   2418	   2695	   2971	   3253	   3539	   3831	   4126	   4410	   4694	   4980	   5261	   5548	   5835	   6155	   6481	   6765	   7051	   7348	   7642	   7925	   8215	   8488	   8771	   9039	   9300	   9572	   9823	      0	      0	      0	      0	      0	      0	      0	
  305	      0	   1297	   1571	   1848	   2133	   2418	   2695	   2971	   3253	   3539	   3831	   4126	   4409	   4694	   4979	   5261	   5547	   5834	   6154	   6481	   6765	   7051	   7347	   7641	   7925	   8214	   8487	   8770	   9038	   9299	   9571	   9823	      0	      0	      0	      0	      0	      0	      0	
  306	      0	   1297	   1571	   1849	   2134	   2417	   2695	   2971	   3254	   3539	   3831	   4126	   4409	   4694	   4979	   5261	   5547	   5833	   6154	   6480	   6765	   7050	   7347	   7640	   7924	   8213	   8486	   8769	   9037	   9298	   9570	   9822	      0	      0	      0	      0	      0	      0	      0	
  307	      0	   1297	   1571	   1849	   2134	   2417	   2695	   2971	   3254	   3539	   3831	   4126	   4409	   4694	   4979	   5261	   5547	   5833	   6153	   6479	   6764	   7050	   7346	   7639	   7923	   8213	   8485	   8768	   9036	   9297	   9570	   9821	      0	      0	      0	      0	      0	      0	      0	
  308	      0	   1297	   1571	   1849	   2134	   2417	   2695	   2971	   3254	   3539	   3831	   4126	   4409	   4693	   4979	   5260	   5546	   5832	   6153	   6478	   6763	   7049	   7345	   7639	   7923	   8212	   8484	   8767	   9035	   9296	   9568	   9821	      0	      0	      0	      0	      0	      0	      0	
  309	      0	   1297	   1571	   1850	   2135	   2417	   2694	   2972	   3254	   3539	   3831	   4125	   4409	   4694	   4979	   5260	   5546	   5832	   6152	   6478	   6763	   7049	   7344	   7638	   7922	   8211	   8483	   8766	   9034	   9295	   9568	   9821	  10096	      0	      0	      0	      0	      0	      0	
  310	      0	   1297	   1571	   1850	   2135	   2417	   2694	   2972	   3254	   3539	   3830	   4125	   4409	   4694	   4978	   5260	   5546	   5831	   6152	   6477	   6762	   7048	   7344	   7637	   7921	   8211	   8482	   8765	   9033	   9294	   9567	   9820	  10095	      0	      0	      0	      0	      0	      0	
  311	      0	   1297	   1572	   1850	   2135	   2417	   2694	   2972	   3254	   3539	   3830	   4125	   4409	   4693	   4978	   5260	   5545	   5831	   6151	   6477	   6762	   7048	   7343	   7636	   7921	   8210	   8482	   8764	   9033	   9293	   9566	   9820	  10094	      0	      0	      0	      0	      0	      0	
  312	      0	   1297	   1572	   1850	   2135	   2417	   2694	   2972	   3254	   3539	   3830	   4125	   4409	   4693	   4978	   5259	   5545	   5831	   6151	   6476	   6762	   7048	   7342	   7636	   7920	   8209	   8481	   8763	   9032	   9292	   9565	   9819	  10093	      0	      0	      0	      0	      0	      0	
  313	      0	   1297	   1572	   1850	   2135	   2417	   2695	   2972	   3254	   3539	   3830	   4125	   4409	   4693	   4978	   5259	   5545	   5830	   6151	   6476	   6762	   7047	   7342	   7635	   7920	   8208	   8480	   8763	   9031	   9291	   9564	   9819	  10091	  10522	      0	      0	      0	      0	      0	
  314	      0	   1298	   1572	   1850	   2135	   2417	   2695	   2972	   3254	   3539	   3829	   4125	   4409	   4693	   4978	   5258	   5544	   5830	   6151	   6476	   6762	   7047	   7341	   7635	   7920	   8208	   8480	   8762	   9030	   9290	   9563	   9819	  10091	  10501	      0	      0	      0	      0	      0	
  315	      0	   1298	   1572	   1850	   2135	   2417	   2695	   2973	   3255	   3539	   3829	   4125	   4409	   4693	   4978	   5258	   5544	   5829	   6150	   6476	   6761	   7046	   7341	   7635	   7919	   8207	   8479	   8762	   9029	   9290	   9562	   9818	  10090	  10482	      0	      0	      0	      0	      0	
  316	      0	   1298	   1572	   1851	   2135	   2417	   2695	   2973	   3255	   3539	   3829	   4125	   4409	   4693	   4978	   5258	   5544	   5829	   6150	   6476	   6762	   7046	   7340	   7634	   7919	   8207	   8479	   8761	   9029	   9289	   9561	   9818	  10090	  10465	      0	      0	      0	      0	      0	
  317	      0	   1298	   1573	   1851	   2135	   2417	   2695	   2973	   3255	   3539	   3829	   4125	   4409	   4693	   4978	   5258	   5543	   5829	   6150	   6476	   6761	   7046	   7340	   7634	   7919	   8206	   8478	   8761	   9028	   9288	   9560	   9817	  10089	  10449	      0	      0	      0	      0	      0	
  318	      0	   1298	   1573	   1851	   2135	   2417	   2695	   2973	   3255	   3539	   3829	   4125	   4409	   4693	   4978	   5258	   5544	   5829	   6150	   6476	   6762	   7046	   7340	   7634	   7919	   8206	   8478	   8760	   9028	   9287	   9559	   9817	  10089	  10434	      0	      0	      0	      0	      0	
  319	      0	   1298	   1573	   1851	   2135	   2418	   2695	   2974	   3256	   3539	   3829	   4125	   4409	   4693	   4978	   5258	   5544	   5829	   6151	   6476	   6761	   7046	   7340	   7634	   7919	   8205	   8477	   8760	   9027	   9287	   9558	   9817	  10088	  10422	      0	      0	      0	      0	      0	
  320	      0	   1298	   1573	   1851	   2135	   2418	   2696	   2974	   3256	   3539	   3829	   4125	   4409	   4693	   4978	   5258	   5543	   5829	   6151	   6476	   6761	   7045	   7339	   7633	   7919	   8205	   8477	   8760	   9027	   9286	   9558	   9817	  10088	  10411	      0	      0	      0	      0	      0	
  321	      0	   1298	   1574	   1851	   2135	   2418	   2696	   2974	   3256	   3539	   3829	   4125	   4409	   4693	   4978	   5258	   5543	   5829	   6151	   6477	   6761	   7045	   7339	   7633	   7919	   8205	   8477	   8759	   9027	   9286	   9557	   9816	  10088	  10414	      0	      0	      0	      0	      0	
  322	      0	   1298	   1574	   1851	   2135	   2418	   2696	   2975	   3257	   3539	   3829	   4125	   4409	   4693	   4978	   5258	   5544	   5829	   6151	   6477	   6762	   7045	   7338	   7633	   7919	   8205	   8477	   8759	   9026	   9286	   9556	   9816	  10087	  10404	      0	      0	      0	      0	      0	
  323	      0	   1298	   1574	   1851	   2134	   2419	   2696	   2975	   3257	   3539	   3830	   4125	   4409	   4693	   4978	   5258	   5544	   5829	   6152	   6477	   6761	   7044	   7338	   7633	   7919	   8204	   8477	   8759	   9026	   9285	   9555	   9816	  10087	  10397	      0	      0	      0	      0	      0	
  324	      0	   1298	   1574	   1851	   2134	   2419	   2696	   2975	   3257	   3539	   3830	   4125	   4408	   4694	   4978	   5258	   5544	   5829	   6152	   6478	   6761	   7044	   7338	   7633	   7919	   8204	   8477	   8759	   9026	   9285	   9555	   9816	  10087	  10390	  10670	  10824	      0	      0	      0	
  325	      0	   1298	   1575	   1851	   2135	   2419	   2696	   2975	   3257	   3539	   3830	   4125	   4408	   4694	   4978	   5258	   5544	   5830	   6153	   6478	   6761	   7044	   7338	   7634	   7919	   8204	   8477	   8759	   9026	   9285	   9554	   9815	  10087	  10386	  10671	  10822	      0	      0	      0	
  326	      0	   1298	   1575	   1852	   2135	   2419	   2697	   2975	   3257	   3540	   3830	   4126	   4408	   4694	   4978	   5258	   5544	   5830	   6153	   6478	   6761	   7043	   7338	   7633	   7919	   8204	   8478	   8759	   9026	   9285	   9554	   9816	  10087	  10382	  10657	  10822	  11028	      0	      0	
  327	      0	   1298	   1575	   1852	   2135	   2419	   2697	   2975	   3257	   3540	   3831	   4126	   4408	   4693	   4978	   5258	   5544	   5830	   6153	   6478	   6761	   7043	   7338	   7633	   7919	   8204	   8478	   8758	   9025	   9284	   9553	   9815	  10087	  10379	  10645	  10821	  11028	  11220	      0	
  328	      0	   1298	   1575	   1852	   2135	   2419	   2697	   2975	   3257	   3541	   3831	   4126	   4408	   4693	   4978	   5259	   5544	   5830	   6153	   6479	   6761	   7043	   7338	   7633	   7919	   8204	   8478	   8758	   9025	   9284	   9553	   9816	  10087	  10377	  10636	  10822	  11029	  11222	      0	
  329	      0	   1298	   1576	   1852	   2135	   2419	   2697	   2975	   3257	   3541	   3832	   4126	   4408	   4693	   4978	   5259	   5544	   5830	   6153	   6478	   6761	   7043	   7338	   7633	   7919	   8204	   8478	   8758	   9025	   9284	   9552	   9816	  10087	  10376	  10628	  10823	  11029	  11224	      0	
  330	      0	   1298	   1576	   1853	   2135	   2419	   2697	   2975	   3257	   3541	   3832	   4126	   4408	   4693	   4978	   5259	   5544	   5830	   6153	   6478	   6761	   7043	   7338	   7633	   7920	   8204	   8478	   8758	   9024	   9284	   9552	   9816	  10087	  10376	  10622	  10823	  11029	  11225	      0	
  331	      0	   1298	   1576	   1853	   2135	   2420	   2697	   2975	   3258	   3541	   3833	   4126	   4408	   4693	   4978	   5259	   5544	   5831	   6153	   6478	   6761	   7043	   7338	   7633	   7919	   8203	   8478	   8758	   9024	   9284	   9551	   9816	  10087	  10375	  10618	  10824	  11030	  11227	      0	
  332	      0	   1298	   1576	   1853	   2136	   2419	   2697	   2975	   3258	   3542	   3833	   4127	   4408	   4693	   4978	   5259	   5545	   5831	   6153	   6478	   6761	   7043	   7338	   7633	   7920	   8203	   8478	   8758	   9024	   9284	   9551	   9816	  10087	  10375	  10615	  10824	  11030	  11228	      0	
  333	      0	   1299	   1576	   1854	   2136	   2419	   2697	   2975	   3258	   3542	   3833	   4127	   4408	   4693	   4978	   5259	   5545	   5831	   6153	   6478	   6760	   7043	   7338	   7633	   7920	   8203	   8478	   8758	   9024	   9283	   9551	   9816	  10087	  10375	  10612	  10825	  11030	  11229	      0	
  334	      0	   1299	   1576	   1854	   2136	   2419	   2697	   2976	   3258	   3542	   3833	   4127	   4408	   4693	   4978	   5260	   5545	   5831	   6153	   6478	   6760	   7043	   7338	   7633	   7920	   8203	   8479	   8757	   9023	   9283	   9550	   9816	  10087	  10375	  10611	  10825	  11030	  11230	      0	
  335	      0	   1299	   1576	   1854	   2137	   2419	   2697	   2976	   3258	   3542	   3833	   4127	   4408	   4693	   4978	   5260	   5545	   5830	   6153	   6478	   6760	   7043	   7338	   7633	   7920	   8203	   8479	   8757	   9023	   9283	   9551	   9816	  10088	  10374	  10610	  10825	  11030	  11231	      0	
  336	      0	   1299	   1576	   1854	   2137	   2420	   2698	   2976	   3258	   3542	   3833	   4127	   4408	   4693	   4978	   5260	   5545	   5830	   6153	   6478	   6760	   7043	   7338	   7633	   7920	   8203	   8479	   8757	   9023	   9283	   9551	   9816	  10088	  10374	  10610	  10825	  11030	  11232	      0	
  337	      0	   1299	   1576	   1854	   2137	   2419	   2698	   2976	   3258	   3542	   3834	   4127	   4408	   4693	   4978	   5260	   5545	   5830	   6153	   6478	   6760	   7043	   7338	   7633	   7920	   8203	   8479	   8757	   9023	   9283	   9551	   9816	  10089	  10374	  10609	  10825	  11030	  11233	      0	
  338	      0	   1299	   1576	   1854	   2137	   2420	   2698	   2977	   3258	   3542	   3834	   4128	   4408	   4693	   4978	   5260	   5545	   5830	   6153	   6478	   6760	   7043	   7338	   7633	   7920	   8203	   8479	   8757	   9023	   9283	   9550	   9816	  10089	  10374	  10609	  10825	  11029	  11233	      0	
  339	      0	   1299	   1576	   1854	   2137	   2420	   2698	   2977	   3258	   3543	   3834	   4128	   4409	   4693	   4978	   5260	   5545	   5830	   6153	   6478	   6760	   7044	   7339	   7633	   7920	   8203	   8479	   8757	   9022	   9283	   9550	   9816	  10090	  10374	  10609	  10824	  11029	  11234	      0	
  340	      0	   1299	   1576	   1854	   2137	   2419	   2698	   2977	   3259	   3543	   3834	   4128	   4409	   4693	   4979	   5260	   5545	   5830	   6153	   6478	   6760	   7044	   7339	   7633	   7920	   8203	   8479	   8757	   9022	   9283	   9550	   9816	  10090	  10374	  10609	  10824	  11029	  11234	      0	
  341	      0	   1299	   1575	   1853	   2137	   2419	   2698	   2978	   3259	   3543	   3835	   4128	   4409	   4693	   4979	   5260	   5545	   5830	   6153	   6478	   6760	   7044	   7339	   7633	   7920	   8203	   8479	   8757	   9022	   9283	   9550	   9816	  10091	  10374	  10608	  10824	  11029	  11235	      0	
  342	      0	   1299	   1575	   1853	   2137	   2419	   2699	   2978	   3259	   3543	   3834	   4128	   4409	   4693	   4979	   5260	   5545	   5830	   6153	   6478	   6760	   7044	   7339	   7633	   7920	   8203	   8479	   8757	   9022	   9283	   9550	   9815	  10091	  10374	  10608	  10854	  11167	  11235	      0	
  343	      0	   1299	   1575	   1853	   2136	   2419	   2699	   2978	   3259	   3543	   3834	   4128	   4409	   4694	   4979	   5260	   5545	   5829	   6153	   6478	   6760	   7044	   7340	   7634	   7920	   8203	   8479	   8757	   9022	   9283	   9550	   9815	  10092	  10374	  10608	  10847	  11147	  11235	      0	
  344	      0	   1299	   1575	   1853	   2136	   2419	   2699	   2979	   3260	   3543	   3835	   4128	   4409	   4694	   4979	   5260	   5545	   5829	   6153	   6479	   6760	   7044	   7340	   7634	   7920	   8203	   8479	   8757	   9023	   9283	   9550	   9816	  10092	  10374	  10608	  10842	  11129	  11235	      0	
  345	      0	   1300	   1575	   1853	   2136	   2419	   2699	   2979	   3260	   3543	   3835	   4128	   4410	   4694	   4979	   5260	   5545	   5829	   6153	   6479	   6760	   7044	   7340	   7634	   7920	   8203	   8479	   8757	   9023	   9283	   9549	   9815	  10093	  10374	  10608	  10837	  11112	  11236	      0	
  346	      0	   1300	   1575	   1853	   2136	   2419	   2699	   2979	   3260	   3543	   3835	   4128	   4409	   4695	   4980	   5261	   5545	   5829	   6153	   6479	   6760	   7044	   7340	   7634	   7920	   8203	   8479	   8757	   9022	   9283	   9549	   9815	  10093	  10374	  10607	  10833	  11097	  11236	      0	
  347	      0	   1300	   1575	   1853	   2136	   2420	   2699	   2979	   3260	   3543	   3834	   4128	   4409	   4695	   4980	   5260	   5545	   5830	   6153	   6479	   6760	   7044	   7340	   7634	   7920	   8203	   8479	   8757	   9023	   9283	   9549	   9815	  10093	  10374	  10607	  10830	  11083	  11236	      0	
  348	      0	   1300	   1575	   1853	   2136	   2420	   2699	   2979	   3261	   3543	   3834	   4128	   4409	   4695	   4980	   5261	   5545	   5830	   6153	   6479	   6760	   7044	   7340	   7634	   7920	   8204	   8480	   8757	   9023	   9283	   9549	   9814	  10093	  10373	  10607	  10827	  11070	  11236	      0	
  349	      0	   1300	   1576	   1853	   2136	   2420	   2700	   2979	   3261	   3543	   3835	   4128	   4409	   4696	   4980	   5260	   5545	   5830	   6154	   6479	   6760	   7044	   7340	   7634	   7921	   8204	   8480	   8757	   9023	   9283	   9549	   9815	  10094	  10373	  10607	  10825	  11060	  11236	      0	
  350	      0	   1300	   1576	   1853	   2136	   2420	   2700	   2979	   3261	   3543	   3835	   4128	   4409	   4696	   4980	   5260	   5546	   5831	   6154	   6479	   6760	   7043	   7340	   7635	   7921	   8204	   8480	   8757	   9023	   9283	   9549	   9815	  10094	  10373	  10607	  10824	  11051	  11236	      0	
  351	      0	   1300	   1576	   1853	   2136	   2420	   2700	   2979	   3261	   3543	   3835	   4128	   4409	   4697	   4981	   5260	   5546	   5831	   6154	   6479	   6760	   7043	   7340	   7635	   7921	   8204	   8480	   8757	   9023	   9283	   9549	   9815	  10094	  10373	  10607	  10823	  11045	  11236	      0	
  352	      0	   1300	   1576	   1853	   2136	   2420	   2700	   2979	   3261	   3543	   3835	   4127	   4409	   4697	   4981	   5261	   5546	   5831	   6154	   6479	   6760	   7043	   7340	   7635	   7921	   8205	   8480	   8757	   9023	   9283	   9548	   9815	  10094	  10374	  10608	  10822	  11040	  11236	      0	
  353	      0	   1300	   1576	   1854	   2136	   2421	   2700	   2979	   3261	   3543	   3835	   4127	   4409	   4697	   4981	   5260	   5547	   5832	   6154	   6479	   6760	   7043	   7340	   7635	   7922	   8205	   8480	   8758	   9023	   9283	   9548	   9815	  10095	  10374	  10608	  10823	  11036	  11236	      0	
  354	      0	   1300	   1576	   1854	   2136	   2421	   2700	   2979	   3261	   3543	   3835	   4127	   4409	   4698	   4981	   5260	   5547	   5832	   6154	   6479	   6760	   7043	   7340	   7635	   7922	   8205	   8480	   8758	   9023	   9283	   9548	   9815	  10095	  10374	  10608	  10823	  11034	  11237	      0	
  355	      0	   1300	   1576	   1854	   2136	   2421	   2700	   2979	   3261	   3543	   3836	   4127	   4409	   4698	   4981	   5260	   5547	   5833	   6155	   6479	   6760	   7043	   7340	   7635	   7922	   8205	   8480	   8758	   9023	   9283	   9549	   9816	  10095	  10374	  10608	  10823	  11032	  11236	      0	
  356	      0	   1301	   1576	   1854	   2136	   2421	   2700	   2978	   3261	   3543	   3836	   4127	   4409	   4698	   4981	   5260	   5547	   5833	   6155	   6479	   6760	   7043	   7340	   7635	   7922	   8205	   8480	   8758	   9023	   9283	   9549	   9816	  10096	  10374	  10608	  10823	  11032	  11236	      0	
  357	      0	   1301	   1576	   1854	   2136	   2422	   2700	   2978	   3261	   3543	   3836	   4127	   4409	   4698	   4981	   5261	   5547	   5833	   6155	   6479	   6761	   7043	   7340	   7635	   7922	   8205	   8481	   8759	   9024	   9283	   9549	   9816	  10096	  10374	  10608	  10823	  11032	  11236	      0	
  358	      0	   1301	   1576	   1854	   2136	   2422	   2700	   2978	   3261	   3543	   3836	   4128	   4409	   4698	   4981	   5260	   5547	   5833	   6155	   6480	   6761	   7044	   7340	   7636	   7923	   8206	   8481	   8759	   9024	   9284	   9549	   9816	  10096	  10375	  10609	  10823	  11032	  11236	      0	
  359	      0	   1301	   1577	   1854	   2137	   2422	   2700	   2978	   3261	   3543	   3836	   4128	   4409	   4698	   4981	   5261	   5547	   5834	   6155	   6480	   6761	   7044	   7341	   7636	   7923	   8206	   8481	   8759	   9024	   9284	   9550	   9817	  10096	  10375	  10609	  10823	  11032	  11236	      0	
   0	      0	   7529	   7496	   7456	   7408	   7353	   7292	   7225	   7149	   7065	   6970	   6868	   6761	   6642	   6517	   6385	   6241	   6087	   5901	   5700	   5514	   5315	   5093	   4857	   4612	   4356	   4089	   3803	   3510	   3203	   2866	   2501	   2085	   1630	   1207	    782	    321	   -237	      0	
    1	      0	   7529	   7496	   7456	   7408	   7353	   7292	   7225	   7149	   7065	   6970	   6868	   6761	   6642	   6517	   6385	   6241	   6086	   5901	   5700	   5514	   5315	   5093	   4857	   4612	   4355	   4089	   3802	   3510	   3203	   2866	   2501	   2085	   1629	   1206	    781	    320	   -227	      0	
    2	      0	   7529	   7496	   7456	   7408	   7353	   7292	   7225	   7149	   7065	   6970	   6868	   6761	   6642	   6517	   6385	   6241	   6086	   5901	   5700	   5514	   5315	   5093	   4857	   4612	   4355	   4088	   3802	   3509	   3202	   2865	   2501	   2085	   1628	   1206	    781	    320	   -219	      0	
    3	      0	   7529	   7496	   7456	   7408	   7353	   7292	   7225	   7149	   7065	   6970	   6868	   6760	   6642	   6517	   6385	   6241	   6086	   5901	   5700	   5514	   5315	   5092	   4857	   4612	   4355	   4088	   3801	   3509	   3202	   2865	   2500	   2085	   1628	   1205	    780	    320	   -266	      0	
    4	      0	   7529	   7496	   7456	   7408	   7353	   7292	   7225	   7149	   7065	   6970	   6868	   6760	   6642	   6517	   6385	   6241	   6086	   5901	   5700	   5513	   5314	   5092	   4856	   4612	   4354	   4088	   3801	   3509	   3202	   2865	   2500	   2084	   1627	   1204	    779	    320	   -250	      0	
    5	      0	   7529	   7496	   7456	   7408	   7353	   7292	   7225	   7149	   7065	   6970	   6868	   6760	   6642	   6517	   6385	   6241	   6086	   5901	   5700	   5513	   5314	   5092	   4856	   4611	   4354	   4087	   3801	   3509	   3201	   2864	   2499	   2084	   1626	   1203	    778	    319	   -236	      0	
    6	      0	   7529	   7496	   7456	   7408	   7353	   7292	   7224	   7149	   7065	   6970	   6867	   6760	   6642	   6517	   6385	   6241	   6086	   5900	   5700	   5513	   5314	   5092	   4856	   4611	   4354	   4087	   3800	   3508	   3201	   2864	   2499	   2084	   1626	   1202	    777	    319	   -224	      0	
    7	      0	   7529	   7496	   7456	   7408	   7353	   7292	   7224	   7149	   7065	   6970	   6867	   6760	   6642	   6517	   6385	   6241	   6086	   5900	   5700	   5513	   5314	   5092	   4856	   4611	   4354	   4087	   3800	   3508	   3200	   2863	   2498	   2084	   1625	   1201	    777	    319	   -214	      0	
    8	      0	   7529	   7496	   7456	   7408	   7353	   7292	   7224	   7149	   7065	   6970	   6867	   6760	   6642	   6517	   6385	   6241	   6086	   5900	   5700	   5513	   5314	   5091	   4856	   4612	   4354	   4086	   3800	   3508	   3200	   2862	   2498	   2084	   1625	   1200	    776	    319	   -206	      0	
    9	      0	   7529	   7496	   7456	   7408	   7353	   7292	   7224	   7149	   7065	   6970	   6867	   6760	   6642	   6517	   6384	   6241	   6086	   5900	   5700	   5513	   5313	   5091	   4856	   4612	   4353	   4086	   3799	   3507	   3199	   2862	   2498	   2084	   1624	   1200	    775	    319	   -201	      0	
   10	      0	   7529	   7496	   7456	   7408	   7353	   7292	   7224	   7149	   7065	   6970	   6867	   6760	   6642	   6517	   6384	   6241	   6086	   5900	   5700	   5513	   5313	   5091	   4856	   4612	   4353	   4086	   3799	   3507	   3199	   2861	   2497	   2084	   1624	   1199	    774	    318	   -197	      0	
   11	      0	   7529	   7496	   7456	   7408	   7353	   7292	   7224	   7149	   7065	   6970	   6867	   6760	   6643	   6517	   6384	   6241	   6086	   5900	   5700	   5513	   5313	   5090	   4856	   4611	   4353	   4086	   3799	   3507	   3198	   2861	   2497	   2084	   1623	   1198	    774	    318	   -195	      0	
   12	      0	   7529	   7496	   7456	   7408	   7353	   7292	   7224	   7149	   7065	   6970	   6867	   6760	   6643	   6517	   6384	   6241	   6087	   5901	   5700	   5513	   5312	   5090	   4856	   4611	   4353	   4085	   3799	   3507	   3198	   2860	   2496	   2085	   1623	   1198	    773	    318	   -194	      0	
   13	      0	   7529	   7496	   7456	   7408	   7353	   7292	   7224	   7149	   7065	   6970	   6867	   6760	   6643	   6517	   6384	   6241	   6087	   5901	   5700	   5513	   5312	   5090	   4855	   4611	   4353	   4085	   3798	   3506	   3198	   2860	   2496	   2085	   1622	   1197	    773	    317	   -194	      0	
   14	      0	   7529	   7496	   7456	   7408	   7353	   7292	   7224	   7149	   7065	   6970	   6867	   6760	   6643	   6517	   6384	   6241	   6086	   5901	   5700	   5513	   5312	   5090	   4855	   4611	   4352	   4085	   3798	   3506	   3198	   2859	   2495	   2085	   1622	   1196	    772	    317	   -195	      0	
   15	      0	   7529	   7496	   7457	   7408	   7353	   7292	   7224	   7149	   7065	   6970	   6867	   6760	   6643	   6517	   6384	   6241	   6086	   5900	   5700	   5513	   5312	   5090	   4855	   4611	   4352	   4085	   3798	   3506	   3197	   2859	   2495	   2085	   1621	   1196	    771	    317	   -196	      0	
   16	      0	   7529	   7496	   7457	   7408	   7353	   7292	   7224	   7149	   7065	   6970	   6867	   6760	   6643	   6517	   6384	   6241	   6086	   5900	   5700	   5512	   5312	   5089	   4855	   4611	   4352	   4085	   3797	   3505	   3197	   2858	   2495	   2086	   1621	   1196	    770	    316	   -197	      0	
   17	      0	   7529	   7496	   7457	   7409	   7353	   7293	   7224	   7149	   7065	   6970	   6867	   6760	   6643	   6517	   6384	   6241	   6086	   5900	   5700	   5512	   5311	   5089	   4855	   4611	   4352	   4084	   3797	   3505	   3197	   2858	   2494	   2087	   1621	   1195	    769	    315	   -198	      0	
   18	      0	   7529	   7496	   7457	   7409	   7353	   7293	   7224	   7149	   7065	   6970	   6867	   6760	   6643	   6517	   6384	   6240	   6086	   5900	   5700	   5512	   5311	   5089	   4854	   4611	   4351	   4084	   3797	   3504	   3196	   2857	   2494	   2087	   1620	   1194	    769	    315	   -199	      0	
   19	      0	   7529	   7496	   7456	   7409	   7353	   7293	   7224	   7149	   7065	   6970	   6867	   6760	   6643	   6517	   6384	   6240	   6086	   5900	   5700	   5512	   5311	   5089	   4854	   4610	   4351	   4084	   3796	   3504	   3196	   2857	   2493	   2087	   1620	   1194	    768	    313	   -200	      0	
   20	      0	   7529	   7496	   7456	   7409	   7353	   7293	   7224	   7149	   7065	   6971	   6868	   6760	   6643	   6517	   6384	   6240	   6086	   5900	   5700	   5512	   5311	   5089	   4854	   4610	   4351	   4084	   3796	   3503	   3196	   2856	   2493	   2087	   1619	   1193	    767	    312	   -200	      0	
   21	      0	   7529	   7496	   7456	   7409	   7354	   7293	   7224	   7149	   7065	   6971	   6868	   6760	   6643	   6517	   6384	   6240	   6086	   5900	   5700	   5512	   5311	   5088	   4853	   4610	   4351	   4084	   3796	   3503	   3195	   2855	   2492	   2088	   1618	   1192	    766	    310	   -201	      0	
   22	      0	   7529	   7496	   7456	   7409	   7354	   7293	   7225	   7149	   7065	   6971	   6868	   6761	   6643	   6517	   6384	   6240	   6086	   5900	   5700	   5512	   5311	   5088	   4853	   4610	   4351	   4084	   3795	   3502	   3195	   2855	   2492	   2088	   1618	   1192	    765	    308	   -201	      0	
   23	      0	   7530	   7496	   7456	   7409	   7354	   7293	   7225	   7149	   7065	   6971	   6868	   6761	   6643	   6517	   6384	   6240	   6085	   5900	   5700	   5511	   5311	   5088	   4853	   4610	   4351	   4084	   3795	   3502	   3194	   2854	   2491	   2088	   1617	   1191	    764	    306	   -201	      0	
   24	      0	   7530	   7496	   7456	   7409	   7354	   7293	   7225	   7149	   7066	   6971	   6868	   6761	   6643	   6517	   6384	   6240	   6085	   5900	   5699	   5511	   5311	   5088	   4852	   4609	   4350	   4084	   3794	   3501	   3194	   2854	   2491	   2089	   1617	   1190	    763	    305	   -202	      0	
   25	      0	   7530	   7496	   7456	   7409	   7354	   7293	   7225	   7149	   7066	   6971	   6868	   6761	   6643	   6517	   6384	   6240	   6085	   5900	   5699	   5511	   5311	   5088	   4852	   4609	   4350	   4084	   3794	   3500	   3193	   2853	   2490	   2089	   1616	   1190	    762	    303	   -203	      0	
   26	      0	   7530	   7496	   7456	   7409	   7354	   7293	   7225	   7149	   7066	   6971	   6868	   6761	   6643	   6517	   6384	   6240	   6085	   5900	   5699	   5511	   5310	   5088	   4852	   4609	   4350	   4084	   3793	   3499	   3193	   2852	   2490	   2089	   1616	   1189	    762	    302	   -204	      0	
   27	      0	   7530	   7496	   7456	   7409	   7354	   7293	   7225	   7149	   7066	   6971	   6868	   6761	   6643	   6517	   6384	   6240	   6085	   5900	   5699	   5510	   5310	   5088	   4851	   4609	   4350	   4084	   3793	   3499	   3192	   2851	   2489	   2088	   1615	   1188	    762	    301	   -206	      0	
   28	      0	   7530	   7496	   7456	   7409	   7354	   7293	   7225	   7149	   7066	   6971	   6868	   6761	   6644	   6517	   6384	   6240	   6085	   5900	   5699	   5510	   5310	   5088	   4851	   4609	   4349	   4084	   3792	   3498	   3192	   2851	   2489	   2088	   1615	   1187	    763	    301	   -209	      0	
   29	      0	   7530	   7496	   7456	   7409	   7354	   7293	   7225	   7149	   7066	   6971	   6868	   6761	   6644	   6517	   6384	   6240	   6085	   5900	   5699	   5510	   5310	   5087	   4851	   4608	   4349	   4084	   3792	   3497	   3191	   2850	   2489	   2088	   1614	   1187	    764	    301	   -212	      0	
   30	      0	   7530	   7496	   7456	   7409	   7354	   7293	   7225	   7149	   7066	   6971	   6868	   6761	   6644	   6517	   6384	   6240	   6085	   5900	   5698	   5510	   5310	   5087	   4850	   4608	   4348	   4083	   3791	   3497	   3191	   2850	   2489	   2087	   1613	   1186	    765	    301	   -216	      0	
   31	      0	   7530	   7496	   7456	   7409	   7354	   7293	   7225	   7149	   7066	   6971	   6868	   6761	   6644	   6517	   6384	   6240	   6085	   5900	   5698	   5510	   5310	   5087	   4850	   4608	   4348	   4083	   3791	   3496	   3190	   2849	   2489	   2086	   1613	   1186	    766	    301	   -174	      0	
   32	      0	   7530	   7497	   7456	   7409	   7354	   7293	   7225	   7149	   7066	   6971	   6868	   6761	   6644	   6517	   6384	   6240	   6085	   5900	   5698	   5509	   5310	   5087	   4850	   4608	   4348	   4083	   3790	   3496	   3190	   2848	   2488	   2085	   1613	   1186	    768	    301	   -172	      0	
   33	      0	   7530	   7497	   7457	   7409	   7354	   7293	   7225	   7150	   7066	   6971	   6868	   6761	   6644	   6517	   6384	   6240	   6085	   5900	   5698	   5509	   5310	   5087	   4850	   4608	   4347	   4082	   3790	   3495	   3190	   2848	   2488	   2084	   1613	   1187	    769	    301	      0	      0	
   34	      0	   7530	   7497	   7457	   7409	   7354	   7293	   7225	   7150	   7066	   6971	   6868	   6761	   6644	   6517	   6384	   6239	   6085	   5900	   5698	   5509	   5310	   5087	   4850	   4608	   4347	   4082	   3790	   3495	   3189	   2847	   2488	   2083	   1614	   1188	    771	      0	      0	      0	
   35	      0	   7530	   7497	   7457	   7409	   7354	   7293	   7225	   7150	   7066	   6971	   6868	   6761	   6644	   6517	   6384	   6239	   6085	   5900	   5698	   5509	   5310	   5087	   4849	   4608	   4347	   4082	   3789	   3494	   3189	   2846	   2488	   2082	   1615	   1190	    773	      0	      0	      0	
   36	      0	   7530	   7497	   7457	   7409	   7354	   7293	   7226	   7150	   7066	   6971	   6868	   6761	   6644	   6517	   6384	   6239	   6085	   5900	   5698	   5509	   5309	   5086	   4849	   4608	   4346	   4081	   3789	   3494	   3188	   2845	   2487	   2081	   1617	   1192	    775	      0	      0	      0	
   37	      0	   7530	   7497	   7457	   7409	   7355	   7293	   7226	   7150	   7066	   6971	   6868	   6761	   6644	   6517	   6384	   6239	   6085	   5900	   5698	   5509	   5309	   5086	   4849	   4607	   4346	   4081	   3788	   3494	   3187	   2845	   2487	   2080	   1619	   1194	    776	      0	      0	      0	
   38	      0	   7530	   7497	   7457	   7409	   7355	   7293	   7226	   7150	   7066	   6971	   6868	   6761	   6644	   6517	   6384	   6239	   6085	   5899	   5697	   5509	   5309	   5086	   4849	   4607	   4345	   4080	   3788	   3493	   3187	   2844	   2487	   2079	   1621	   1198	    782	      0	      0	      0	
   39	      0	   7530	   7497	   7457	   7409	   7355	   7293	   7226	   7150	   7066	   6971	   6867	   6761	   6644	   6517	   6384	   6239	   6085	   5899	   5697	   5509	   5309	   5086	   4849	   4607	   4345	   4080	   3787	   3493	   3186	   2843	   2487	   2078	   1623	      0	      0	      0	      0	      0	
   40	      0	   7530	   7497	   7457	   7409	   7355	   7293	   7226	   7150	   7066	   6971	   6867	   6760	   6644	   6517	   6384	   6239	   6085	   5900	   5697	   5508	   5308	   5086	   4848	   4607	   4344	   4079	   3787	   3492	   3185	   2842	   2487	   2078	   1625	      0	      0	      0	      0	      0	
   41	      0	   7530	   7497	   7457	   7409	   7355	   7293	   7226	   7150	   7066	   6971	   6867	   6760	   6643	   6517	   6384	   6239	   6085	   5900	   5697	   5508	   5308	   5085	   4848	   4607	   4344	   4079	   3787	   3492	   3185	   2842	   2486	   2076	   1627	      0	      0	      0	      0	      0	
   42	      0	   7530	   7497	   7457	   7409	   7355	   7294	   7226	   7150	   7066	   6971	   6867	   6760	   6643	   6517	   6384	   6239	   6085	   5899	   5697	   5508	   5308	   5085	   4848	   4606	   4343	   4079	   3786	   3492	   3184	   2841	   2486	   2075	   1629	      0	      0	      0	      0	      0	
   43	      0	   7530	   7497	   7457	   7410	   7355	   7294	   7226	   7150	   7066	   6971	   6867	   6760	   6643	   6517	   6384	   6239	   6085	   5899	   5697	   5508	   5307	   5085	   4848	   4606	   4343	   4078	   3786	   3491	   3184	   2840	   2486	   2075	   1631	      0	      0	      0	      0	      0	
   44	      0	   7530	   7497	   7457	   7410	   7355	   7294	   7226	   7150	   7066	   6971	   6867	   6760	   6643	   6517	   6384	   6239	   6085	   5899	   5697	   5508	   5307	   5084	   4847	   4606	   4343	   4078	   3785	   3491	   3183	   2839	   2486	   2074	   1633	      0	      0	      0	      0	      0	
   45	      0	   7530	   7497	   7457	   7410	   7355	   7294	   7226	   7150	   7066	   6971	   6867	   6760	   6643	   6517	   6384	   6239	   6084	   5899	   5697	   5508	   5307	   5084	   4847	   4605	   4342	   4077	   3785	   3490	   3182	   2838	   2485	   2074	   1643	      0	      0	      0	      0	      0	
   46	      0	   7530	   7497	   7457	   7410	   7355	   7294	   7226	   7150	   7066	   6971	   6867	   6760	   6643	   6517	   6384	   6239	   6084	   5899	   5696	   5508	   5306	   5084	   4847	   4605	   4342	   4077	   3784	   3490	   3181	   2837	   2485	   2074	      0	      0	      0	      0	      0	      0	
   47	      0	   7530	   7497	   7457	   7410	   7355	   7294	   7226	   7150	   7066	   6971	   6867	   6760	   6643	   6517	   6384	   6239	   6084	   5899	   5696	   5507	   5306	   5083	   4846	   4604	   4341	   4076	   3784	   3489	   3180	   2836	   2485	      0	      0	      0	      0	      0	      0	      0	
   48	      0	   7530	   7497	   7457	   7410	   7355	   7294	   7226	   7150	   7066	   6971	   6867	   6760	   6643	   6517	   6384	   6239	   6084	   5899	   5696	   5507	   5306	   5083	   4846	   4604	   4340	   4076	   3783	   3489	   3179	   2835	   2484	      0	      0	      0	      0	      0	      0	      0	
   49	      0	   7530	   7497	   7457	   7409	   7355	   7294	   7226	   7150	   7066	   6971	   6867	   6760	   6643	   6517	   6383	   6238	   6084	   5899	   5696	   5507	   5305	   5082	   4846	   4603	   4340	   4075	   3782	   3488	   3178	   2833	   2484	      0	      0	      0	      0	      0	      0	      0	
   50	      0	   7530	   7497	   7457	   7409	   7354	   7293	   7226	   7150	   7066	   6971	   6867	   6760	   6642	   6517	   6383	   6238	   6083	   5898	   5695	   5506	   5305	   5082	   4845	   4602	   4339	   4074	   3782	   3487	   3177	   2832	   2483	      0	      0	      0	      0	      0	      0	      0	
   51	      0	   7530	   7497	   7457	   7409	   7354	   7293	   7225	   7150	   7066	   6971	   6867	   6760	   6642	   6516	   6383	   6238	   6083	   5898	   5695	   5506	   5304	   5081	   4845	   4602	   4338	   4074	   3781	   3486	   3176	   2830	   2483	      0	      0	      0	      0	      0	      0	      0	
   52	      0	   7530	   7497	   7457	   7409	   7354	   7293	   7225	   7149	   7066	   6971	   6867	   6759	   6642	   6516	   6383	   6238	   6083	   5898	   5695	   5506	   5304	   5081	   4845	   4601	   4338	   4073	   3780	   3485	   3175	   2829	   2482	      0	      0	      0	      0	      0	      0	      0	
   53	      0	   7530	   7497	   7457	   7409	   7354	   7293	   7225	   7149	   7066	   6971	   6867	   6759	   6642	   6516	   6383	   6238	   6083	   5898	   5694	   5505	   5303	   5080	   4844	   4601	   4337	   4072	   3780	   3484	   3173	   2828	   2482	      0	      0	      0	      0	      0	      0	      0	
   54	      0	   7530	   7497	   7457	   7409	   7354	   7293	   7225	   7149	   7066	   6971	   6867	   6759	   6642	   6516	   6383	   6238	   6082	   5898	   5694	   5505	   5303	   5080	   4844	   4600	   4337	   4072	   3779	   3483	   3172	   2826	   2481	      0	      0	      0	      0	      0	      0	      0	
   55	      0	   7530	   7497	   7457	   7409	   7354	   7293	   7225	   7149	   7065	   6971	   6867	   6759	   6641	   6516	   6383	   6238	   6082	   5897	   5694	   5504	   5303	   5080	   4843	   4599	   4336	   4071	   3778	   3482	   3171	   2825	   2480	      0	      0	      0	      0	      0	      0	      0	
   56	      0	   7530	   7497	   7457	   7409	   7354	   7293	   7225	   7149	   7065	   6971	   6867	   6759	   6641	   6515	   6382	   6238	   6082	   5897	   5693	   5504	   5302	   5079	   4843	   4599	   4335	   4070	   3777	   3482	   3170	   2824	   2479	      0	      0	      0	      0	      0	      0	      0	
   57	      0	   7530	   7497	   7457	   7409	   7354	   7293	   7225	   7149	   7065	   6970	   6867	   6759	   6641	   6515	   6382	   6238	   6081	   5897	   5693	   5504	   5302	   5079	   4842	   4598	   4335	   4070	   3776	   3481	   3169	   2822	   2478	      0	      0	      0	      0	      0	      0	      0	
   58	      0	   7530	   7497	   7457	   7409	   7354	   7293	   7225	   7149	   7065	   6970	   6867	   6759	   6641	   6515	   6382	   6238	   6081	   5896	   5693	   5503	   5302	   5078	   4842	   4598	   4334	   4069	   3775	   3480	   3168	   2821	   2477	      0	      0	      0	      0	      0	      0	      0	
   59	      0	   7530	   7497	   7457	   7409	   7354	   7293	   7225	   7149	   7065	   6970	   6867	   6759	   6641	   6515	   6382	   6237	   6081	   5896	   5692	   5503	   5301	   5077	   4841	   4597	   4334	   4068	   3775	   3479	   3167	   2820	   2476	      0	      0	      0	      0	      0	      0	      0	
   60	      0	   7530	   7497	   7457	   7409	   7354	   7293	   7225	   7149	   7065	   6970	   6867	   6759	   6641	   6515	   6382	   6237	   6080	   5896	   5692	   5502	   5301	   5077	   4840	   4597	   4333	   4067	   3774	   3478	   3166	   2819	   2474	      0	      0	      0	      0	      0	      0	      0	
   61	      0	   7530	   7497	   7457	   7409	   7354	   7293	   7225	   7149	   7065	   6970	   6866	   6759	   6641	   6515	   6381	   6237	   6080	   5895	   5691	   5502	   5300	   5076	   4840	   4596	   4332	   4066	   3773	   3477	   3165	   2817	   2473	      0	      0	      0	      0	      0	      0	      0	
   62	      0	   7530	   7497	   7457	   7409	   7354	   7293	   7225	   7149	   7065	   6970	   6866	   6759	   6641	   6514	   6381	   6237	   6080	   5895	   5691	   5502	   5300	   5076	   4839	   4596	   4332	   4066	   3772	   3475	   3164	   2816	   2471	      0	      0	      0	      0	      0	      0	      0	
   63	      0	   7530	   7497	   7457	   7409	   7354	   7293	   7225	   7149	   7065	   6970	   6866	   6759	   6640	   6514	   6381	   6237	   6080	   5895	   5691	   5501	   5300	   5075	   4839	   4595	   4331	   4065	   3771	   3475	   3163	   2815	   2469	      0	      0	      0	      0	      0	      0	      0	
   64	      0	   7530	   7497	   7457	   7409	   7354	   7293	   7225	   7149	   7065	   6970	   6866	   6759	   6640	   6514	   6381	   6237	   6080	   5895	   5690	   5501	   5299	   5075	   4838	   4595	   4331	   4064	   3770	   3474	   3161	   2813	   2468	      0	      0	      0	      0	      0	      0	      0	
   65	      0	   7530	   7497	   7457	   7409	   7354	   7293	   7225	   7149	   7065	   6970	   6866	   6759	   6640	   6514	   6381	   6237	   6079	   5894	   5690	   5501	   5299	   5074	   4838	   4594	   4330	   4063	   3769	   3472	   3160	   2812	   2466	      0	      0	      0	      0	      0	      0	      0	
   66	      0	   7530	   7497	   7457	   7409	   7354	   7293	   7225	   7149	   7065	   6970	   6866	   6758	   6640	   6514	   6380	   6236	   6079	   5894	   5690	   5500	   5298	   5074	   4837	   4594	   4330	   4063	   3768	   3471	   3159	   2811	   2465	      0	      0	      0	      0	      0	      0	      0	
   67	      0	   7530	   7497	   7457	   7409	   7354	   7293	   7225	   7149	   7065	   6970	   6866	   6758	   6640	   6514	   6380	   6236	   6079	   5894	   5690	   5500	   5298	   5074	   4837	   4593	   4329	   4062	   3767	   3470	   3158	   2810	   2463	      0	      0	      0	      0	      0	      0	      0	
   68	      0	   7530	   7497	   7457	   7409	   7354	   7293	   7225	   7149	   7065	   6970	   6866	   6758	   6640	   6514	   6380	   6236	   6079	   5894	   5689	   5500	   5298	   5073	   4836	   4592	   4329	   4061	   3766	   3469	   3157	   2809	   2462	      0	      0	      0	      0	      0	      0	      0	
   69	      0	   7530	   7497	   7457	   7409	   7354	   7293	   7225	   7149	   7065	   6970	   6866	   6758	   6640	   6514	   6380	   6236	   6079	   5894	   5689	   5499	   5297	   5073	   4836	   4592	   4328	   4061	   3765	   3468	   3156	   2808	   2460	      0	      0	      0	      0	      0	      0	      0	
   70	      0	   7530	   7497	   7457	   7409	   7354	   7293	   7225	   7149	   7065	   6970	   6866	   6758	   6640	   6514	   6380	   6236	   6079	   5894	   5689	   5499	   5297	   5073	   4835	   4591	   4328	   4060	   3764	   3467	   3155	   2807	   2458	      0	      0	      0	      0	      0	      0	      0	
   71	      0	   7530	   7497	   7457	   7409	   7354	   7293	   7225	   7149	   7065	   6970	   6866	   6758	   6640	   6513	   6380	   6236	   6079	   5893	   5689	   5499	   5296	   5072	   4835	   4591	   4327	   4059	   3763	   3466	   3154	   2806	   2457	      0	      0	      0	      0	      0	      0	      0	
   72	      0	   7530	   7497	   7457	   7409	   7354	   7293	   7225	   7149	   7065	   6970	   6866	   6758	   6640	   6513	   6379	   6235	   6078	   5893	   5688	   5498	   5296	   5072	   4835	   4590	   4326	   4058	   3762	   3465	   3153	   2806	   2456	      0	      0	      0	      0	      0	      0	      0	
   73	      0	   7530	   7497	   7457	   7409	   7354	   7293	   7225	   7149	   7065	   6970	   6866	   6758	   6640	   6513	   6379	   6235	   6078	   5893	   5688	   5498	   5296	   5072	   4834	   4590	   4326	   4058	   3761	   3464	   3152	   2805	   2455	      0	      0	      0	      0	      0	      0	      0	
   74	      0	   7530	   7497	   7457	   7409	   7354	   7293	   7225	   7149	   7065	   6970	   6866	   6758	   6639	   6513	   6379	   6235	   6078	   5893	   5688	   5498	   5295	   5071	   4834	   4589	   4325	   4057	   3761	   3463	   3151	   2804	   2454	      0	      0	      0	      0	      0	      0	      0	
   75	      0	   7530	   7497	   7457	   7409	   7354	   7293	   7225	   7149	   7065	   6970	   6866	   6758	   6639	   6513	   6379	   6235	   6078	   5893	   5688	   5497	   5295	   5071	   4833	   4589	   4325	   4056	   3760	   3462	   3150	   2803	   2453	      0	      0	      0	      0	      0	      0	      0	
   76	      0	   7530	   7497	   7457	   7409	   7354	   7293	   7225	   7148	   7065	   6970	   6866	   6758	   6639	   6513	   6379	   6235	   6078	   5893	   5688	   5497	   5294	   5071	   4833	   4588	   4324	   4055	   3759	   3461	   3149	   2803	   2452	      0	      0	      0	      0	      0	      0	      0	
   77	      0	   7530	   7497	   7457	   7409	   7354	   7293	   7224	   7148	   7065	   6970	   6866	   6758	   6639	   6513	   6379	   6234	   6078	   5892	   5687	   5497	   5294	   5070	   4833	   4588	   4324	   4055	   3758	   3461	   3148	   2802	   2451	      0	      0	      0	      0	      0	      0	      0	
   78	      0	   7530	   7497	   7457	   7409	   7354	   7293	   7224	   7148	   7065	   6970	   6866	   6758	   6639	   6513	   6378	   6234	   6078	   5892	   5687	   5496	   5294	   5070	   4832	   4588	   4323	   4054	   3757	   3460	   3147	   2801	   2451	      0	      0	      0	      0	      0	      0	      0	
   79	      0	   7530	   7497	   7457	   7409	   7354	   7293	   7224	   7148	   7065	   6970	   6866	   6758	   6639	   6512	   6378	   6234	   6078	   5892	   5687	   5496	   5293	   5070	   4832	   4587	   4322	   4053	   3757	   3459	   3147	   2801	   2450	      0	      0	      0	      0	      0	      0	      0	
   80	      0	   7530	   7497	   7457	   7409	   7354	   7293	   7224	   7148	   7065	   6970	   6866	   6758	   6639	   6512	   6378	   6234	   6078	   5892	   5687	   5496	   5293	   5069	   4832	   4587	   4322	   4053	   3756	   3459	   3146	   2800	   2449	      0	      0	      0	      0	      0	      0	      0	
   81	      0	   7530	   7497	   7457	   7409	   7354	   7293	   7224	   7148	   7065	   6970	   6866	   6757	   6639	   6512	   6378	   6234	   6078	   5892	   5687	   5496	   5293	   5069	   4831	   4586	   4321	   4052	   3756	   3458	   3145	   2799	   2448	      0	      0	      0	      0	      0	      0	      0	
   82	      0	   7530	   7497	   7457	   7409	   7354	   7293	   7224	   7148	   7065	   6970	   6866	   6757	   6639	   6512	   6378	   6234	   6078	   5892	   5687	   5496	   5293	   5069	   4831	   4586	   4321	   4051	   3755	   3457	   3145	   2799	   2448	      0	      0	      0	      0	      0	      0	      0	
   83	      0	   7530	   7497	   7457	   7409	   7354	   7293	   7224	   7148	   7065	   6970	   6866	   6757	   6639	   6512	   6378	   6234	   6077	   5892	   5687	   5495	   5292	   5068	   4830	   4586	   4320	   4051	   3755	   3457	   3144	   2799	   2447	      0	      0	      0	      0	      0	      0	      0	
   84	      0	   7530	   7497	   7457	   7409	   7354	   7293	   7224	   7148	   7065	   6970	   6866	   6757	   6639	   6512	   6377	   6234	   6077	   5891	   5687	   5495	   5292	   5068	   4830	   4585	   4320	   4050	   3754	   3456	   3144	   2798	   2446	      0	      0	      0	      0	      0	      0	      0	
   85	      0	   7530	   7497	   7457	   7409	   7354	   7292	   7224	   7148	   7065	   6970	   6866	   6757	   6639	   6512	   6377	   6234	   6077	   5891	   5687	   5495	   5292	   5068	   4830	   4585	   4319	   4050	   3754	   3456	   3143	   2798	   2445	      0	      0	      0	      0	      0	      0	      0	
   86	      0	   7530	   7497	   7457	   7409	   7354	   7292	   7224	   7148	   7065	   6970	   6866	   6757	   6639	   6512	   6377	   6234	   6077	   5891	   5687	   5495	   5291	   5067	   4829	   4584	   4318	   4049	   3753	   3455	   3143	   2797	   2444	      0	      0	      0	      0	      0	      0	      0	
   87	      0	   7530	   7497	   7457	   7409	   7353	   7292	   7224	   7148	   7065	   6970	   6865	   6757	   6639	   6512	   6377	   6234	   6077	   5891	   5687	   5495	   5291	   5067	   4829	   4583	   4318	   4049	   3753	   3455	   3142	   2796	   2444	      0	      0	      0	      0	      0	      0	      0	
   88	      0	   7530	   7497	   7457	   7409	   7353	   7292	   7224	   7148	   7065	   6970	   6865	   6757	   6639	   6512	   6377	   6233	   6077	   5891	   5686	   5495	   5291	   5067	   4828	   4583	   4317	   4049	   3753	   3454	   3141	   2796	   2443	      0	      0	      0	      0	      0	      0	      0	
   89	      0	   7530	   7497	   7457	   7409	   7353	   7292	   7224	   7148	   7065	   6970	   6865	   6757	   6639	   6512	   6377	   6233	   6077	   5891	   5686	   5494	   5291	   5066	   4828	   4583	   4317	   4048	   3752	   3454	   3141	   2795	   2442	      0	      0	      0	      0	      0	      0	      0	
   90	      0	   7530	   7497	   7457	   7409	   7353	   7292	   7224	   7148	   7065	   6970	   6865	   6756	   6639	   6512	   6377	   6233	   6077	   5890	   5686	   5494	   5291	   5066	   4828	   4582	   4317	   4048	   3752	   3454	   3140	   2794	   2441	      0	      0	      0	      0	      0	      0	      0	
   91	      0	   7530	   7497	   7457	   7409	   7353	   7292	   7224	   7148	   7065	   6970	   6865	   6756	   6639	   6512	   6377	   6233	   6077	   5890	   5686	   5494	   5291	   5066	   4827	   4582	   4316	   4047	   3752	   3453	   3140	   2793	   2440	      0	      0	      0	      0	      0	      0	      0	
   92	      0	   7530	   7497	   7457	   7409	   7354	   7292	   7224	   7148	   7065	   6970	   6865	   6756	   6639	   6512	   6377	   6233	   6076	   5890	   5686	   5494	   5290	   5066	   4827	   4581	   4316	   4047	   3751	   3453	   3139	   2792	   2438	      0	      0	      0	      0	      0	      0	      0	
   93	      0	   7530	   7497	   7457	   7409	   7354	   7292	   7224	   7148	   7065	   6970	   6865	   6756	   6639	   6512	   6377	   6233	   6076	   5890	   5686	   5494	   5290	   5065	   4827	   4581	   4315	   4047	   3751	   3452	   3138	   2791	   2438	      0	      0	      0	      0	      0	      0	      0	
   94	      0	   7530	   7497	   7457	   7409	   7354	   7292	   7224	   7148	   7065	   6970	   6865	   6756	   6639	   6512	   6377	   6233	   6076	   5890	   5685	   5494	   5290	   5065	   4826	   4581	   4315	   4047	   3751	   3452	   3138	   2790	   2437	      0	      0	      0	      0	      0	      0	      0	
   95	      0	   7530	   7497	   7457	   7409	   7354	   7293	   7224	   7148	   7065	   6970	   6865	   6756	   6639	   6512	   6377	   6233	   6076	   5890	   5685	   5494	   5290	   5065	   4826	   4581	   4315	   4047	   3750	   3451	   3137	   2790	   2436	      0	      0	      0	      0	      0	      0	      0	
   96	      0	   7530	   7497	   7457	   7409	   7354	   7293	   7224	   7148	   7065	   6970	   6865	   6756	   6639	   6512	   6377	   6233	   6076	   5890	   5685	   5493	   5290	   5065	   4826	   4580	   4315	   4046	   3750	   3451	   3137	   2789	   2435	      0	      0	      0	      0	      0	      0	      0	
   97	      0	   7530	   7497	   7457	   7409	   7354	   7293	   7224	   7148	   7064	   6970	   6865	   6756	   6638	   6512	   6377	   6233	   6076	   5890	   5685	   5493	   5290	   5065	   4826	   4580	   4314	   4046	   3749	   3451	   3136	   2789	   2434	      0	      0	      0	      0	      0	      0	      0	
   98	      0	   7530	   7497	   7457	   7409	   7354	   7293	   7224	   7148	   7064	   6970	   6865	   6756	   6638	   6512	   6377	   6233	   6076	   5890	   5685	   5493	   5290	   5065	   4826	   4580	   4314	   4046	   3749	   3450	   3136	   2788	   2433	      0	      0	      0	      0	      0	      0	      0	
   99	      0	   7530	   7497	   7457	   7409	   7354	   7293	   7224	   7148	   7064	   6970	   6865	   6756	   6638	   6512	   6377	   6232	   6076	   5889	   5684	   5493	   5290	   5065	   4826	   4580	   4314	   4046	   3749	   3450	   3135	   2788	   2433	      0	      0	      0	      0	      0	      0	      0	
  100	      0	   7530	   7497	   7457	   7409	   7354	   7293	   7224	   7148	   7064	   6970	   6866	   6756	   6638	   6512	   6377	   6232	   6076	   5889	   5684	   5493	   5290	   5064	   4825	   4579	   4314	   4045	   3748	   3450	   3135	   2787	   2432	      0	      0	      0	      0	      0	      0	      0	
  101	      0	   7530	   7497	   7457	   7409	   7354	   7293	   7224	   7148	   7064	   6970	   6865	   6756	   6638	   6512	   6377	   6232	   6076	   5889	   5684	   5493	   5290	   5064	   4825	   4579	   4313	   4045	   3748	   3449	   3135	   2786	   2431	      0	      0	      0	      0	      0	      0	      0	
  102	      0	   7530	   7497	   7457	   7409	   7354	   7293	   7224	   7148	   7064	   6970	   6866	   6756	   6638	   6512	   6377	   6232	   6075	   5889	   5684	   5493	   5290	   5064	   4825	   4579	   4313	   4045	   3748	   3449	   3135	   2786	   2430	      0	      0	      0	      0	      0	      0	      0	
  103	      0	   7530	   7497	   7457	   7409	   7354	   7293	   7224	   7148	   7064	   6970	   6866	   6756	   6638	   6512	   6377	   6232	   6075	   5889	   5684	   5493	   5289	   5064	   4825	   4579	   4313	   4045	   3747	   3448	   3134	   2785	   2430	      0	      0	      0	      0	      0	      0	      0	
  104	      0	   7530	   7497	   7457	   7409	   7354	   7293	   7224	   7148	   7064	   6970	   6866	   6756	   6638	   6512	   6377	   6232	   6075	   5889	   5684	   5493	   5289	   5064	   4825	   4579	   4313	   4045	   3747	   3448	   3134	   2785	   2429	      0	      0	      0	      0	      0	      0	      0	
  105	      0	   7530	   7497	   7457	   7409	   7354	   7293	   7224	   7148	   7064	   6970	   6866	   6756	   6638	   6512	   6377	   6232	   6075	   5889	   5683	   5492	   5289	   5064	   4825	   4579	   4312	   4044	   3747	   3448	   3134	   2785	   2429	      0	      0	      0	      0	      0	      0	      0	
  106	      0	   7530	   7497	   7457	   7409	   7354	   7293	   7225	   7148	   7064	   6970	   6866	   6756	   6638	   6512	   6377	   6232	   6075	   5889	   5684	   5492	   5289	   5064	   4825	   4579	   4312	   4044	   3746	   3448	   3134	   2784	   2428	      0	      0	      0	      0	      0	      0	      0	
  107	      0	   7530	   7497	   7457	   7409	   7354	   7293	   7225	   7148	   7064	   6970	   6866	   6756	   6638	   6512	   6377	   6232	   6075	   5889	   5683	   5492	   5289	   5064	   4825	   4579	   4312	   4044	   3746	   3447	   3134	   2784	   2428	      0	      0	      0	      0	      0	      0	      0	
  108	      0	   7530	   7497	   7457	   7409	   7354	   7293	   7225	   7148	   7064	   6970	   6866	   6756	   6638	   6512	   6377	   6232	   6075	   5889	   5683	   5492	   5289	   5064	   4824	   4578	   4312	   4044	   3746	   3447	   3133	   2783	   2428	      0	      0	      0	      0	      0	      0	      0	
  109	      0	   7530	   7497	   7457	   7409	   7354	   7293	   7225	   7148	   7064	   6970	   6866	   6756	   6638	   6512	   6377	   6232	   6075	   5889	   5683	   5492	   5289	   5064	   4824	   4578	   4312	   4044	   3746	   3447	   3133	   2783	   2428	      0	      0	      0	      0	      0	      0	      0	
  110	      0	   7530	   7497	   7457	   7409	   7354	   7293	   7225	   7148	   7064	   6970	   6866	   6756	   6638	   6512	   6377	   6232	   6076	   5889	   5683	   5492	   5289	   5064	   4824	   4578	   4311	   4044	   3746	   3446	   3133	   2782	   2428	      0	      0	      0	      0	      0	      0	      0	
  111	      0	   7530	   7497	   7457	   7409	   7354	   7293	   7225	   7148	   7064	   6970	   6866	   6756	   6638	   6512	   6377	   6232	   6076	   5889	   5683	   5491	   5289	   5064	   4824	   4578	   4311	   4044	   3745	   3446	   3133	   2782	   2428	      0	      0	      0	      0	      0	      0	      0	
  112	      0	   7530	   7497	   7457	   7409	   7354	   7293	   7225	   7148	   7064	   6970	   6866	   6756	   6638	   6512	   6377	   6232	   6076	   5889	   5683	   5491	   5289	   5063	   4824	   4578	   4311	   4044	   3745	   3446	   3133	   2782	   2428	      0	      0	      0	      0	      0	      0	      0	
  113	      0	   7530	   7497	   7457	   7409	   7354	   7293	   7225	   7148	   7064	   6970	   6866	   6756	   6638	   6512	   6377	   6232	   6076	   5889	   5683	   5491	   5289	   5063	   4824	   4578	   4311	   4044	   3745	   3446	   3133	   2782	   2428	      0	      0	      0	      0	      0	      0	      0	
  114	      0	   7530	   7497	   7457	   7409	   7354	   7293	   7225	   7148	   7064	   6970	   6866	   6756	   6638	   6512	   6377	   6232	   6076	   5889	   5683	   5491	   5288	   5063	   4823	   4578	   4311	   4044	   3745	   3446	   3133	   2781	   2428	      0	      0	      0	      0	      0	      0	      0	
  115	      0	   7530	   7497	   7457	   7409	   7354	   7293	   7225	   7148	   7064	   6970	   6866	   6756	   6638	   6512	   6377	   6232	   6076	   5888	   5683	   5491	   5289	   5063	   4823	   4578	   4311	   4044	   3745	   3446	   3133	   2780	   2428	      0	      0	      0	      0	      0	      0	      0	
  116	      0	   7530	   7497	   7457	   7409	   7354	   7293	   7225	   7148	   7064	   6970	   6866	   6757	   6638	   6512	   6377	   6232	   6076	   5888	   5683	   5491	   5289	   5063	   4823	   4578	   4311	   4044	   3745	   3446	   3132	   2780	   2428	      0	      0	      0	      0	      0	      0	      0	
  117	      0	   7530	   7497	   7457	   7409	   7354	   7293	   7225	   7148	   7064	   6970	   6866	   6757	   6638	   6512	   6377	   6232	   6076	   5888	   5683	   5491	   5288	   5063	   4823	   4578	   4311	   4044	   3745	   3446	   3132	   2779	   2428	      0	      0	      0	      0	      0	      0	      0	
  118	      0	   7530	   7497	   7457	   7409	   7354	   7293	   7225	   7148	   7064	   6970	   6866	   6757	   6638	   6512	   6377	   6231	   6076	   5888	   5683	   5491	   5288	   5063	   4823	   4578	   4311	   4044	   3745	   3445	   3132	   2779	   2428	      0	      0	      0	      0	      0	      0	      0	
  119	      0	   7530	   7497	   7457	   7409	   7354	   7293	   7225	   7148	   7064	   6970	   6866	   6757	   6638	   6512	   6377	   6231	   6076	   5888	   5683	   5491	   5288	   5063	   4823	   4577	   4311	   4044	   3745	   3445	   3132	   2779	   2428	      0	      0	      0	      0	      0	      0	      0	
  120	      0	   7530	   7497	   7457	   7409	   7354	   7293	   7225	   7148	   7064	   6970	   6866	   6757	   6638	   6512	   6377	   6231	   6076	   5888	   5683	   5491	   5289	   5063	   4823	   4577	   4311	   4044	   3745	   3445	   3132	   2779	   2428	      0	      0	      0	      0	      0	      0	      0	
  121	      0	   7530	   7497	   7457	   7409	   7354	   7293	   7225	   7148	   7064	   6970	   6866	   6757	   6638	   6512	   6377	   6231	   6076	   5888	   5683	   5492	   5289	   5063	   4823	   4578	   4311	   4044	   3745	   3445	   3131	   2779	   2427	      0	      0	      0	      0	      0	      0	      0	
  122	      0	   7530	   7497	   7457	   7409	   7354	   7293	   7225	   7148	   7064	   6970	   6866	   6757	   6638	   6512	   6377	   6231	   6076	   5888	   5683	   5492	   5289	   5063	   4823	   4578	   4311	   4044	   3745	   3444	   3131	   2779	   2427	      0	      0	      0	      0	      0	      0	      0	
  123	      0	   7530	   7497	   7457	   7409	   7354	   7293	   7225	   7148	   7064	   6970	   6866	   6757	   6638	   6512	   6377	   6231	   6076	   5888	   5682	   5492	   5289	   5063	   4823	   4578	   4311	   4044	   3745	   3445	   3131	   2778	   2427	      0	      0	      0	      0	      0	      0	      0	
  124	      0	   7530	   7497	   7457	   7409	   7354	   7293	   7225	   7148	   7064	   6970	   6866	   6757	   6638	   6512	   6377	   6231	   6076	   5888	   5682	   5492	   5289	   5063	   4823	   4578	   4311	   4044	   3745	   3444	   3131	   2778	   2426	      0	      0	      0	      0	      0	      0	      0	
  125	      0	   7530	   7497	   7457	   7409	   7354	   7293	   7225	   7148	   7064	   6970	   6866	   6757	   6639	   6512	   6377	   6231	   6076	   5887	   5682	   5492	   5289	   5063	   4822	   4578	   4311	   4044	   3744	   3444	   3130	   2778	   2425	      0	      0	      0	      0	      0	      0	      0	
  126	      0	   7530	   7497	   7457	   7409	   7354	   7294	   7225	   7148	   7064	   6969	   6865	   6757	   6639	   6512	   6377	   6231	   6076	   5887	   5682	   5492	   5289	   5062	   4822	   4578	   4311	   4044	   3744	   3444	   3130	   2778	   2425	      0	      0	      0	      0	      0	      0	      0	
  127	      0	   7530	   7497	   7457	   7409	   7355	   7294	   7225	   7148	   7064	   6969	   6865	   6757	   6639	   6512	   6377	   6231	   6076	   5887	   5682	   5492	   5289	   5062	   4822	   4578	   4311	   4043	   3744	   3444	   3130	   2778	   2424	      0	      0	      0	      0	      0	      0	      0	
  128	      0	   7530	   7497	   7457	   7409	   7355	   7294	   7225	   7148	   7064	   6970	   6865	   6757	   6639	   6512	   6377	   6231	   6076	   5887	   5682	   5492	   5289	   5062	   4822	   4578	   4311	   4043	   3744	   3444	   3130	   2778	   2423	      0	      0	      0	      0	      0	      0	      0	
  129	      0	   7530	   7497	   7457	   7409	   7355	   7294	   7225	   7148	   7065	   6970	   6865	   6757	   6639	   6512	   6377	   6231	   6076	   5887	   5682	   5492	   5289	   5062	   4822	   4578	   4311	   4043	   3744	   3444	   3130	   2778	   2423	      0	      0	      0	      0	      0	      0	      0	
  130	      0	   7530	   7497	   7457	   7409	   7355	   7294	   7225	   7148	   7065	   6970	   6865	   6757	   6639	   6512	   6377	   6231	   6076	   5887	   5682	   5492	   5289	   5062	   4822	   4578	   4312	   4043	   3744	   3444	   3130	   2778	   2422	      0	      0	      0	      0	      0	      0	      0	
  131	      0	   7530	   7497	   7457	   7409	   7355	   7294	   7225	   7148	   7065	   6970	   6865	   6757	   6639	   6512	   6377	   6232	   6076	   5887	   5682	   5492	   5289	   5062	   4822	   4578	   4312	   4043	   3744	   3444	   3130	   2778	   2421	   1983	      0	      0	      0	      0	      0	      0	
  132	      0	   7530	   7497	   7457	   7409	   7355	   7294	   7225	   7148	   7065	   6970	   6865	   6757	   6639	   6512	   6377	   6232	   6076	   5887	   5682	   5492	   5289	   5062	   4822	   4578	   4312	   4043	   3744	   3443	   3130	   2778	   2420	   1983	      0	      0	      0	      0	      0	      0	
  133	      0	   7530	   7497	   7457	   7409	   7355	   7294	   7225	   7148	   7065	   6970	   6865	   6757	   6639	   6512	   6377	   6232	   6076	   5887	   5682	   5492	   5289	   5062	   4822	   4578	   4312	   4043	   3744	   3443	   3129	   2778	   2420	   1997	   1539	      0	      0	      0	      0	      0	
  134	      0	   7530	   7497	   7457	   7409	   7355	   7294	   7225	   7148	   7065	   6970	   6865	   6757	   6639	   6512	   6377	   6232	   6076	   5887	   5682	   5492	   5289	   5062	   4822	   4578	   4312	   4043	   3744	   3443	   3130	   2778	   2419	   1997	   1537	      0	      0	      0	      0	      0	
  135	      0	   7530	   7497	   7457	   7409	   7355	   7294	   7225	   7148	   7065	   6970	   6866	   6757	   6639	   6512	   6378	   6232	   6076	   5887	   5683	   5492	   5289	   5062	   4822	   4578	   4312	   4043	   3744	   3443	   3130	   2778	   2419	   1997	   1536	      0	      0	      0	      0	      0	
  136	      0	   7530	   7497	   7457	   7409	   7355	   7294	   7225	   7148	   7065	   6970	   6866	   6757	   6639	   6513	   6378	   6232	   6076	   5887	   5683	   5492	   5289	   5062	   4822	   4578	   4311	   4043	   3744	   3444	   3130	   2779	   2418	   1997	   1534	      0	      0	      0	      0	      0	
  137	      0	   7530	   7497	   7457	   7409	   7355	   7294	   7225	   7148	   7065	   6970	   6866	   6757	   6639	   6513	   6378	   6233	   6076	   5887	   5683	   5492	   5289	   5062	   4822	   4577	   4311	   4042	   3744	   3444	   3130	   2779	   2418	   1997	   1532	      0	      0	      0	      0	      0	
  138	      0	   7530	   7497	   7457	   7409	   7355	   7294	   7225	   7148	   7065	   6970	   6866	   6757	   6640	   6513	   6378	   6233	   6076	   5888	   5683	   5493	   5289	   5062	   4823	   4578	   4311	   4043	   3744	   3444	   3131	   2779	   2418	   1997	   1530	   1107	      0	      0	      0	      0	
  139	      0	   7530	   7497	   7457	   7409	   7355	   7294	   7225	   7148	   7065	   6970	   6866	   6757	   6640	   6513	   6379	   6233	   6076	   5888	   5683	   5493	   5289	   5063	   4823	   4578	   4312	   4043	   3744	   3444	   3131	   2779	   2418	   1998	   1529	   1105	      0	      0	      0	      0	
  140	      0	   7530	   7497	   7457	   7409	   7355	   7294	   7225	   7148	   7065	   6970	   6866	   6758	   6640	   6513	   6379	   6233	   6077	   5888	   5684	   5493	   5289	   5063	   4824	   4578	   4312	   4043	   3745	   3444	   3131	   2779	   2418	   1998	   1527	   1102	      0	      0	      0	      0	
  141	      0	   7530	   7497	   7457	   7409	   7355	   7294	   7225	   7149	   7065	   6970	   6866	   6758	   6640	   6513	   6379	   6233	   6077	   5888	   5684	   5493	   5290	   5063	   4824	   4577	   4312	   4043	   3745	   3445	   3132	   2780	   2418	   1999	   1526	   1099	    667	      0	      0	      0	
  142	      0	   7530	   7497	   7457	   7409	   7355	   7294	   7225	   7149	   7065	   6971	   6866	   6758	   6640	   6513	   6379	   6233	   6077	   5888	   5684	   5493	   5290	   5064	   4824	   4577	   4312	   4043	   3745	   3445	   3132	   2781	   2418	   2000	   1524	   1097	    662	      0	      0	      0	
  143	      0	   7530	   7497	   7457	   7410	   7355	   7294	   7225	   7149	   7065	   6971	   6866	   6758	   6640	   6514	   6379	   6233	   6077	   5889	   5685	   5494	   5290	   5064	   4825	   4577	   4312	   4043	   3746	   3446	   3132	   2782	   2418	   2000	   1523	   1095	    658	      0	      0	      0	
  144	      0	   7530	   7498	   7458	   7410	   7355	   7294	   7225	   7149	   7065	   6971	   6866	   6758	   6640	   6514	   6379	   6233	   6077	   5889	   5685	   5494	   5290	   5064	   4825	   4577	   4312	   4044	   3746	   3446	   3133	   2782	   2418	   2001	   1522	   1093	    657	    164	      0	      0	
  145	      0	   7530	   7498	   7458	   7410	   7355	   7294	   7225	   7149	   7065	   6971	   6867	   6758	   6640	   6514	   6379	   6233	   6077	   5889	   5686	   5494	   5290	   5065	   4826	   4577	   4313	   4044	   3747	   3446	   3133	   2783	   2419	   2001	   1520	   1091	    655	    167	      0	      0	
  146	      0	   7530	   7498	   7458	   7410	   7355	   7294	   7225	   7149	   7065	   6971	   6867	   6758	   6640	   6514	   6379	   6233	   6077	   5889	   5686	   5494	   5290	   5065	   4826	   4578	   4313	   4044	   3747	   3446	   3134	   2784	   2419	   2002	   1520	   1090	    654	    167	      0	      0	
  147	      0	   7531	   7498	   7458	   7410	   7355	   7294	   7226	   7149	   7065	   6971	   6867	   6758	   6640	   6514	   6379	   6233	   6077	   5890	   5686	   5494	   5291	   5066	   4826	   4577	   4313	   4044	   3747	   3447	   3134	   2785	   2419	   2002	   1519	   1089	    653	    168	   -350	      0	
  148	      0	   7531	   7498	   7458	   7410	   7355	   7294	   7226	   7149	   7065	   6971	   6867	   6758	   6641	   6514	   6379	   6233	   6077	   5890	   5687	   5495	   5291	   5066	   4826	   4577	   4314	   4044	   3747	   3447	   3135	   2785	   2419	   2003	   1520	   1088	    651	    169	   -348	      0	
  149	      0	   7531	   7498	   7458	   7410	   7355	   7294	   7226	   7149	   7065	   6971	   6867	   6759	   6641	   6514	   6379	   6233	   6077	   5890	   5687	   5495	   5291	   5066	   4827	   4577	   4314	   4044	   3747	   3447	   3135	   2786	   2419	   2003	   1521	   1088	    651	    169	   -348	      0	
  150	      0	   7531	   7498	   7458	   7410	   7355	   7294	   7226	   7150	   7065	   6971	   6867	   6759	   6641	   6514	   6379	   6233	   6077	   5890	   5687	   5495	   5291	   5066	   4827	   4577	   4314	   4044	   3747	   3448	   3135	   2787	   2419	   2004	   1521	   1088	    650	    170	   -347	      0	
  151	      0	   7531	   7498	   7458	   7410	   7355	   7294	   7226	   7150	   7065	   6971	   6867	   6759	   6641	   6514	   6379	   6233	   6078	   5890	   5687	   5495	   5292	   5067	   4827	   4577	   4314	   4044	   3748	   3448	   3135	   2787	   2419	   2004	   1521	   1088	    649	    171	   -347	      0	
  152	      0	   7531	   7498	   7458	   7410	   7355	   7294	   7226	   7150	   7066	   6971	   6867	   6759	   6641	   6514	   6379	   6233	   6078	   5890	   5688	   5496	   5292	   5067	   4827	   4578	   4315	   4044	   3748	   3448	   3135	   2788	   2419	   2004	   1521	   1088	    649	    171	   -347	      0	
  153	      0	   7531	   7498	   7458	   7410	   7355	   7294	   7226	   7150	   7066	   6971	   6867	   6759	   6641	   6514	   6379	   6233	   6078	   5890	   5688	   5496	   5292	   5067	   4827	   4578	   4315	   4044	   3748	   3449	   3136	   2789	   2419	   2003	   1522	   1088	    648	    172	   -347	      0	
  154	      0	   7531	   7498	   7458	   7411	   7356	   7294	   7226	   7150	   7066	   6971	   6867	   6759	   6641	   6514	   6379	   6233	   6078	   5890	   5688	   5496	   5292	   5067	   4827	   4578	   4315	   4044	   3748	   3449	   3136	   2789	   2420	   2003	   1522	   1089	    649	    172	   -348	      0	
  155	      0	   7531	   7498	   7458	   7411	   7356	   7294	   7226	   7150	   7066	   6971	   6868	   6759	   6641	   6514	   6379	   6233	   6078	   5891	   5688	   5496	   5293	   5067	   4827	   4578	   4315	   4044	   3748	   3449	   3137	   2790	   2420	   2002	   1522	   1089	    649	    173	   -349	      0	
  156	      0	   7531	   7498	   7458	   7411	   7356	   7294	   7226	   7150	   7066	   6972	   6868	   6759	   6641	   6514	   6379	   6234	   6078	   5891	   5688	   5497	   5293	   5068	   4827	   4578	   4316	   4044	   3749	   3450	   3137	   2790	   2420	   2001	   1523	   1090	    650	    175	   -350	      0	
  157	      0	   7531	   7498	   7458	   7411	   7356	   7294	   7226	   7150	   7066	   6972	   6868	   6759	   6641	   6514	   6379	   6234	   6078	   5891	   5689	   5497	   5293	   5068	   4827	   4578	   4316	   4044	   3749	   3450	   3137	   2791	   2420	   2001	   1523	   1091	    650	    175	   -351	      0	
  158	      0	   7531	   7498	   7458	   7411	   7356	   7294	   7226	   7150	   7066	   6972	   6868	   6759	   6641	   6514	   6379	   6234	   6078	   5891	   5689	   5497	   5293	   5068	   4827	   4578	   4316	   4044	   3749	   3450	   3137	   2791	   2420	   2000	   1523	   1091	    651	    177	   -353	      0	
  159	      0	   7531	   7498	   7458	   7411	   7356	   7294	   7226	   7150	   7066	   6972	   6868	   6760	   6641	   6514	   6380	   6234	   6078	   5891	   5689	   5497	   5294	   5068	   4827	   4578	   4316	   4043	   3749	   3451	   3138	   2792	   2421	   2000	   1524	   1091	    652	    178	   -353	      0	
  160	      0	   7531	   7498	   7458	   7411	   7356	   7295	   7226	   7151	   7066	   6972	   6868	   6760	   6641	   6514	   6380	   6234	   6078	   5891	   5689	   5497	   5294	   5068	   4828	   4579	   4316	   4043	   3750	   3451	   3138	   2793	   2421	   1999	   1524	   1092	    653	    179	   -353	      0	
  161	      0	   7531	   7498	   7458	   7411	   7356	   7295	   7226	   7151	   7066	   6972	   6868	   6760	   6641	   6514	   6380	   6235	   6078	   5891	   5689	   5497	   5294	   5069	   4828	   4579	   4316	   4043	   3750	   3451	   3138	   2793	   2421	   1999	   1525	   1092	    653	    178	   -354	      0	
  162	      0	   7531	   7498	   7458	   7411	   7356	   7295	   7226	   7151	   7066	   6972	   6868	   6760	   6641	   6514	   6380	   6235	   6079	   5891	   5689	   5497	   5294	   5069	   4828	   4579	   4317	   4043	   3750	   3452	   3139	   2793	   2421	   1999	   1525	   1093	    654	    178	   -354	      0	
  163	      0	   7531	   7498	   7458	   7411	   7356	   7295	   7227	   7151	   7066	   6972	   6868	   6760	   6642	   6515	   6381	   6235	   6079	   5891	   5689	   5497	   5294	   5069	   4828	   4579	   4317	   4043	   3750	   3452	   3139	   2793	   2421	   1998	   1525	   1093	    655	    178	   -354	      0	
  164	      0	   7531	   7498	   7458	   7411	   7356	   7295	   7227	   7151	   7067	   6972	   6868	   6760	   6642	   6515	   6381	   6235	   6079	   5891	   5689	   5497	   5295	   5069	   4829	   4580	   4317	   4043	   3750	   3452	   3139	   2793	   2421	   1998	   1525	   1093	    655	    178	   -354	      0	
  165	      0	   7531	   7498	   7458	   7411	   7356	   7295	   7227	   7151	   7067	   6972	   6868	   6760	   6642	   6515	   6381	   6236	   6079	   5891	   5689	   5498	   5295	   5069	   4829	   4580	   4317	   4043	   3751	   3453	   3140	   2793	   2422	   1998	   1526	   1094	    655	    177	   -354	      0	
  166	      0	   7531	   7498	   7458	   7411	   7356	   7295	   7227	   7151	   7067	   6972	   6868	   6760	   6642	   6515	   6381	   6236	   6079	   5892	   5689	   5498	   5295	   5070	   4829	   4580	   4317	   4044	   3751	   3453	   3140	   2794	   2422	   1997	   1526	   1094	    655	    177	   -354	      0	
  167	      0	   7531	   7498	   7458	   7411	   7356	   7295	   7227	   7151	   7067	   6972	   6868	   6760	   6642	   6515	   6381	   6236	   6079	   5892	   5689	   5498	   5295	   5070	   4829	   4581	   4318	   4044	   3751	   3453	   3140	   2794	   2422	   1997	   1526	   1094	    655	    176	   -354	      0	
  168	      0	   7531	   7498	   7458	   7411	   7356	   7295	   7227	   7151	   7067	   6972	   6868	   6760	   6642	   6515	   6382	   6236	   6080	   5892	   5689	   5498	   5295	   5070	   4830	   4581	   4318	   4044	   3751	   3453	   3140	   2794	   2422	   1997	   1526	   1095	    656	    176	   -353	      0	
  169	      0	   7531	   7498	   7458	   7411	   7356	   7295	   7227	   7151	   7067	   6972	   6868	   6760	   6642	   6515	   6382	   6236	   6080	   5892	   5689	   5498	   5295	   5070	   4830	   4581	   4318	   4044	   3751	   3454	   3141	   2794	   2422	   1997	   1527	   1095	    656	    176	   -352	      0	
  170	      0	   7531	   7498	   7458	   7411	   7356	   7295	   7227	   7151	   7067	   6972	   6868	   6760	   6642	   6516	   6382	   6236	   6080	   5892	   5689	   5498	   5296	   5070	   4830	   4581	   4318	   4044	   3751	   3454	   3141	   2795	   2423	   1997	   1527	   1096	    656	    175	   -351	      0	
  171	      0	   7531	   7498	   7458	   7411	   7356	   7295	   7227	   7151	   7067	   6972	   6868	   6760	   6642	   6516	   6382	   6236	   6080	   5893	   5689	   5498	   5296	   5070	   4830	   4581	   4318	   4044	   3752	   3454	   3141	   2795	   2423	   1997	   1528	   1097	    656	    175	   -351	      0	
  172	      0	   7531	   7498	   7458	   7411	   7356	   7295	   7227	   7151	   7067	   6972	   6867	   6760	   6642	   6516	   6382	   6236	   6080	   5893	   5689	   5498	   5296	   5070	   4830	   4582	   4318	   4044	   3752	   3454	   3141	   2795	   2423	   1997	   1529	   1097	    656	    175	   -350	      0	
  173	      0	   7531	   7498	   7458	   7411	   7356	   7295	   7227	   7151	   7067	   6972	   6867	   6760	   6642	   6516	   6382	   6237	   6080	   5893	   5689	   5498	   5296	   5070	   4830	   4582	   4318	   4044	   3752	   3454	   3141	   2795	   2423	   1997	   1529	   1097	    657	    174	   -350	      0	
  174	      0	   7531	   7498	   7458	   7411	   7356	   7295	   7227	   7151	   7067	   6972	   6867	   6760	   6642	   6516	   6382	   6237	   6080	   5893	   5690	   5498	   5296	   5070	   4830	   4582	   4319	   4045	   3752	   3454	   3141	   2795	   2423	   1998	   1529	   1097	    657	    175	   -349	      0	
  175	      0	   7531	   7498	   7458	   7411	   7356	   7296	   7227	   7151	   7067	   6972	   6867	   6759	   6642	   6516	   6382	   6237	   6080	   5893	   5690	   5498	   5296	   5070	   4830	   4582	   4319	   4045	   3752	   3454	   3141	   2795	   2423	   1998	   1529	   1097	    657	    175	   -348	      0	
  176	      0	   7531	   7498	   7458	   7411	   7356	   7296	   7227	   7151	   7067	   6971	   6867	   6759	   6642	   6516	   6383	   6237	   6080	   5893	   5690	   5499	   5296	   5071	   4830	   4582	   4319	   4045	   3752	   3454	   3141	   2795	   2423	   1998	   1530	   1097	    657	    175	   -347	      0	
  177	      0	   7531	   7498	   7458	   7411	   7356	   7296	   7227	   7151	   7067	   6971	   6867	   6759	   6642	   6516	   6383	   6237	   6080	   5894	   5690	   5499	   5296	   5071	   4831	   4582	   4320	   4045	   3752	   3454	   3141	   2795	   2423	   1998	   1530	   1096	    657	    174	   -347	      0	
  178	      0	   7531	   7498	   7458	   7411	   7356	   7296	   7228	   7151	   7067	   6971	   6867	   6759	   6642	   6516	   6383	   6236	   6080	   5894	   5690	   5499	   5297	   5071	   4831	   4582	   4320	   4046	   3752	   3454	   3141	   2795	   2423	   1998	   1529	   1096	    657	    174	   -347	      0	
  179	      0	   7531	   7498	   7458	   7411	   7356	   7296	   7228	   7151	   7067	   6971	   6867	   6759	   6642	   6516	   6383	   6236	   6080	   5894	   5690	   5499	   5297	   5071	   4831	   4583	   4320	   4046	   3752	   3454	   3141	   2796	   2423	   1998	   1530	   1096	    657	    174	   -346	      0	
  180	      0	   7531	   7498	   7458	   7411	   7356	   7296	   7228	   7151	   7067	   6971	   6867	   6759	   6642	   6516	   6383	   6236	   6080	   5894	   5690	   5499	   5297	   5071	   4831	   4583	   4320	   4046	   3752	   3454	   3141	   2796	   2423	   1998	   1530	   1096	    656	    175	   -346	      0	
  181	      0	   7531	   7498	   7458	   7411	   7356	   7296	   7228	   7151	   7067	   6971	   6867	   6759	   6642	   6516	   6383	   6236	   6080	   5894	   5690	   5499	   5297	   5071	   4831	   4583	   4320	   4046	   3753	   3454	   3141	   2796	   2423	   1998	   1530	   1096	    657	    175	   -346	      0	
  182	      0	   7531	   7498	   7458	   7411	   7356	   7296	   7228	   7151	   7067	   6972	   6867	   6759	   6642	   6516	   6383	   6236	   6080	   5894	   5690	   5499	   5297	   5071	   4831	   4583	   4321	   4046	   3753	   3455	   3141	   2796	   2423	   1998	   1530	   1096	    656	    176	   -345	      0	
  183	      0	   7531	   7498	   7458	   7411	   7356	   7296	   7228	   7151	   7067	   6972	   6867	   6759	   6642	   6516	   6382	   6236	   6081	   5894	   5690	   5499	   5297	   5071	   4831	   4583	   4321	   4047	   3753	   3455	   3141	   2796	   2423	   1998	   1530	   1096	    656	    176	   -345	      0	
  184	      0	   7531	   7498	   7458	   7411	   7356	   7296	   7228	   7151	   7067	   6972	   6867	   6759	   6642	   6516	   6382	   6236	   6081	   5894	   5690	   5500	   5297	   5071	   4831	   4583	   4321	   4047	   3753	   3455	   3141	   2796	   2424	   1999	   1530	   1096	    657	    177	   -345	      0	
  185	      0	   7531	   7498	   7458	   7411	   7356	   7296	   7228	   7151	   7067	   6972	   6867	   6759	   6642	   6516	   6382	   6236	   6081	   5894	   5690	   5499	   5297	   5071	   4831	   4583	   4321	   4047	   3753	   3455	   3141	   2796	   2424	   1999	   1530	   1096	    656	    177	   -345	      0	
  186	      0	   7531	   7498	   7458	   7411	   7356	   7296	   7228	   7151	   7067	   6972	   6867	   6759	   6642	   6516	   6382	   6236	   6081	   5894	   5690	   5499	   5297	   5071	   4831	   4583	   4321	   4047	   3753	   3455	   3141	   2796	   2424	   1999	   1530	   1096	    656	    178	   -345	      0	
  187	      0	   7531	   7498	   7458	   7411	   7356	   7296	   7228	   7151	   7067	   6972	   6868	   6759	   6642	   6517	   6383	   6236	   6081	   5894	   5690	   5499	   5298	   5072	   4831	   4583	   4321	   4047	   3753	   3455	   3141	   2796	   2424	   1999	   1530	   1096	    656	    178	   -345	      0	
  188	      0	   7531	   7498	   7458	   7411	   7356	   7296	   7228	   7151	   7067	   6972	   6868	   6759	   6642	   6517	   6383	   6236	   6081	   5894	   5690	   5500	   5298	   5072	   4831	   4582	   4321	   4047	   3753	   3455	   3141	   2796	   2425	   1999	   1530	   1095	    656	    178	   -346	      0	
  189	      0	   7531	   7498	   7458	   7411	   7356	   7296	   7227	   7151	   7067	   6972	   6868	   6760	   6642	   6517	   6383	   6236	   6081	   5894	   5689	   5500	   5298	   5072	   4831	   4582	   4321	   4047	   3754	   3455	   3142	   2796	   2424	   1999	   1529	   1094	    655	    179	   -347	      0	
  190	      0	   7531	   7498	   7458	   7411	   7356	   7296	   7227	   7151	   7067	   6972	   6868	   6760	   6642	   6517	   6383	   6237	   6081	   5893	   5689	   5500	   5298	   5072	   4831	   4583	   4321	   4047	   3754	   3455	   3141	   2795	   2424	   1999	   1529	   1094	    655	    179	   -347	      0	
  191	      0	   7531	   7498	   7458	   7411	   7356	   7296	   7227	   7151	   7067	   6973	   6868	   6760	   6642	   6517	   6383	   6237	   6081	   5893	   5689	   5500	   5298	   5071	   4831	   4583	   4321	   4047	   3754	   3455	   3142	   2796	   2424	   1999	   1528	   1093	    654	    180	   -347	      0	
  192	      0	   7531	   7498	   7458	   7411	   7356	   7296	   7227	   7151	   7067	   6973	   6868	   6760	   6642	   6517	   6383	   6237	   6081	   5893	   5689	   5500	   5298	   5071	   4831	   4583	   4321	   4047	   3754	   3456	   3142	   2796	   2425	   1999	   1528	   1093	    654	    180	   -347	      0	
  193	      0	   7531	   7498	   7458	   7411	   7356	   7296	   7227	   7151	   7067	   6973	   6869	   6760	   6642	   6517	   6383	   6237	   6081	   5893	   5689	   5500	   5298	   5071	   4831	   4583	   4321	   4047	   3754	   3456	   3142	   2796	   2425	   1999	   1528	   1092	    653	    181	   -348	      0	
  194	      0	   7531	   7498	   7458	   7411	   7356	   7296	   7227	   7151	   7067	   6973	   6869	   6760	   6642	   6517	   6383	   6237	   6082	   5893	   5689	   5499	   5298	   5071	   4831	   4583	   4321	   4047	   3754	   3456	   3142	   2796	   2425	   1999	   1528	   1092	    653	    181	   -347	      0	
  195	      0	   7531	   7498	   7459	   7411	   7356	   7296	   7227	   7151	   7067	   6973	   6869	   6760	   6642	   6517	   6383	   6237	   6082	   5893	   5689	   5499	   5298	   5071	   4831	   4583	   4321	   4047	   3754	   3456	   3142	   2796	   2425	   2000	   1528	   1092	    653	    181	   -348	      0	
  196	      0	   7531	   7498	   7459	   7411	   7356	   7295	   7227	   7151	   7067	   6973	   6869	   6760	   6642	   6517	   6383	   6237	   6082	   5893	   5689	   5499	   5298	   5071	   4831	   4583	   4321	   4047	   3754	   3456	   3142	   2796	   2425	   2000	   1527	   1091	    652	    182	   -348	      0	
  197	      0	   7531	   7498	   7459	   7411	   7356	   7295	   7227	   7151	   7067	   6973	   6869	   6760	   6642	   6516	   6383	   6237	   6082	   5893	   5689	   5500	   5298	   5071	   4831	   4583	   4321	   4047	   3754	   3456	   3142	   2796	   2425	   2000	   1527	   1091	    652	    182	   -348	      0	
  198	      0	   7531	   7498	   7459	   7411	   7356	   7295	   7227	   7151	   7067	   6973	   6869	   6760	   6642	   6516	   6383	   6237	   6082	   5894	   5689	   5499	   5298	   5071	   4831	   4583	   4321	   4047	   3754	   3456	   3142	   2796	   2424	   2001	   1527	   1090	    651	    182	   -348	      0	
  199	      0	   7531	   7498	   7459	   7411	   7356	   7295	   7227	   7151	   7067	   6973	   6869	   6760	   6642	   6516	   6383	   6237	   6082	   5894	   5689	   5499	   5298	   5071	   4831	   4583	   4321	   4047	   3754	   3456	   3142	   2796	   2424	   2002	   1527	   1089	    651	    182	   -347	      0	
  200	      0	   7531	   7498	   7459	   7411	   7356	   7295	   7227	   7151	   7067	   6973	   6869	   6760	   6641	   6516	   6383	   6237	   6082	   5894	   5689	   5500	   5298	   5071	   4831	   4583	   4321	   4047	   3754	   3456	   3142	   2796	   2424	   2002	   1526	   1089	    650	    181	   -347	      0	
  201	      0	   7531	   7498	   7459	   7411	   7356	   7295	   7227	   7151	   7067	   6973	   6869	   6760	   6642	   6516	   6383	   6237	   6082	   5894	   5689	   5500	   5298	   5070	   4831	   4583	   4320	   4047	   3754	   3456	   3142	   2796	   2424	   2003	   1526	   1088	    649	    180	   -346	      0	
  202	      0	   7531	   7498	   7458	   7411	   7356	   7295	   7227	   7151	   7067	   6973	   6869	   6760	   6642	   6516	   6383	   6237	   6082	   5894	   5689	   5500	   5298	   5070	   4831	   4583	   4320	   4047	   3754	   3456	   3142	   2796	   2424	   2003	   1526	   1087	    648	    179	   -345	      0	
  203	      0	   7531	   7498	   7458	   7410	   7356	   7295	   7227	   7151	   7067	   6973	   6869	   6760	   6641	   6516	   6383	   6237	   6082	   5894	   5690	   5500	   5298	   5070	   4831	   4583	   4320	   4047	   3754	   3455	   3142	   2796	   2424	   2004	   1525	   1087	    648	    178	   -345	      0	
  204	      0	   7531	   7498	   7458	   7410	   7355	   7295	   7227	   7151	   7067	   6973	   6869	   6760	   6641	   6516	   6383	   6237	   6081	   5894	   5690	   5500	   5298	   5070	   4831	   4583	   4320	   4047	   3754	   3455	   3142	   2795	   2423	   2004	   1525	   1086	    647	    177	   -345	      0	
  205	      0	   7531	   7498	   7458	   7410	   7355	   7295	   7227	   7151	   7067	   6973	   6869	   6760	   6641	   6516	   6383	   6237	   6081	   5894	   5690	   5500	   5298	   5070	   4831	   4583	   4320	   4047	   3754	   3455	   3142	   2795	   2423	   2005	   1525	   1085	    647	    175	   -346	      0	
  206	      0	   7531	   7498	   7458	   7410	   7355	   7295	   7227	   7151	   7067	   6973	   6869	   6760	   6641	   6516	   6383	   6237	   6081	   5894	   5690	   5500	   5298	   5070	   4831	   4583	   4320	   4047	   3754	   3455	   3142	   2795	   2422	   2005	   1525	   1085	    647	    174	   -348	      0	
  207	      0	   7531	   7498	   7458	   7410	   7355	   7295	   7227	   7151	   7067	   6973	   6869	   6760	   6641	   6516	   6383	   6237	   6081	   5894	   5690	   5500	   5297	   5070	   4831	   4583	   4320	   4047	   3754	   3455	   3142	   2795	   2422	   2006	   1525	   1085	    649	    172	   -351	      0	
  208	      0	   7531	   7498	   7458	   7410	   7355	   7295	   7227	   7151	   7067	   6973	   6869	   6760	   6641	   6516	   6383	   6237	   6081	   5894	   5690	   5500	   5297	   5070	   4831	   4583	   4320	   4048	   3754	   3455	   3142	   2794	   2422	   2006	   1525	   1086	    651	    171	   -355	      0	
  209	      0	   7531	   7498	   7458	   7410	   7355	   7295	   7227	   7151	   7067	   6973	   6869	   6760	   6641	   6516	   6382	   6237	   6081	   5894	   5690	   5500	   5297	   5070	   4831	   4583	   4320	   4048	   3754	   3454	   3141	   2794	   2422	   2006	   1525	   1086	    651	    169	   -360	      0	
  210	      0	   7531	   7498	   7458	   7410	   7355	   7295	   7227	   7151	   7067	   6973	   6869	   6760	   6642	   6516	   6382	   6237	   6081	   5894	   5690	   5500	   5297	   5071	   4831	   4583	   4320	   4048	   3754	   3454	   3141	   2794	   2422	   2006	   1525	   1086	    652	    166	   -366	      0	
  211	      0	   7531	   7498	   7458	   7410	   7355	   7295	   7227	   7151	   7067	   6973	   6869	   6760	   6642	   6516	   6382	   6237	   6081	   5894	   5690	   5500	   5297	   5071	   4832	   4583	   4320	   4048	   3754	   3454	   3141	   2794	   2422	   2007	   1526	   1086	    652	    164	   -318	      0	
  212	      0	   7531	   7498	   7458	   7410	   7355	   7295	   7227	   7151	   7067	   6973	   6869	   6760	   6642	   6516	   6382	   6237	   6081	   5894	   5689	   5500	   5297	   5071	   4832	   4583	   4320	   4048	   3753	   3453	   3141	   2793	   2422	   2007	   1526	   1086	    651	    190	      0	      0	
  213	      0	   7530	   7498	   7458	   7410	   7355	   7295	   7227	   7151	   7067	   6973	   6868	   6760	   6642	   6516	   6382	   6237	   6081	   5893	   5689	   5500	   5297	   5071	   4832	   4583	   4320	   4048	   3753	   3453	   3141	   2793	   2423	   2007	   1528	   1086	    650	      0	      0	      0	
  214	      0	   7530	   7497	   7458	   7410	   7355	   7295	   7227	   7151	   7067	   6973	   6868	   6760	   6642	   6516	   6382	   6236	   6081	   5893	   5689	   5500	   5297	   5071	   4832	   4583	   4320	   4049	   3753	   3453	   3141	   2793	   2423	   2008	   1530	   1086	    647	      0	      0	      0	
  215	      0	   7530	   7497	   7458	   7410	   7355	   7295	   7227	   7151	   7067	   6973	   6868	   6760	   6642	   6516	   6381	   6236	   6081	   5893	   5689	   5500	   5297	   5071	   4832	   4583	   4320	   4049	   3753	   3453	   3141	   2793	   2423	   2008	   1533	   1086	    644	      0	      0	      0	
  216	      0	   7530	   7497	   7457	   7410	   7355	   7295	   7227	   7151	   7067	   6973	   6868	   6760	   6642	   6516	   6381	   6236	   6081	   5893	   5689	   5500	   5297	   5070	   4832	   4583	   4320	   4049	   3754	   3453	   3141	   2793	   2423	   2009	   1536	   1086	    639	      0	      0	      0	
  217	      0	   7530	   7497	   7457	   7410	   7355	   7295	   7227	   7151	   7067	   6973	   6868	   6760	   6642	   6516	   6381	   6236	   6081	   5893	   5689	   5500	   5297	   5070	   4832	   4583	   4320	   4049	   3754	   3453	   3141	   2793	   2424	   2009	   1538	   1085	    617	      0	      0	      0	
  218	      0	   7530	   7497	   7457	   7410	   7355	   7295	   7227	   7151	   7067	   6973	   6868	   6760	   6642	   6516	   6381	   6236	   6081	   5893	   5689	   5500	   5297	   5070	   4832	   4584	   4320	   4050	   3753	   3452	   3141	   2792	   2424	   2010	   1540	      0	      0	      0	      0	      0	
  219	      0	   7530	   7497	   7457	   7410	   7355	   7295	   7227	   7151	   7067	   6973	   6868	   6760	   6642	   6516	   6381	   6236	   6081	   5892	   5689	   5500	   5297	   5070	   4832	   4584	   4320	   4050	   3753	   3452	   3141	   2792	   2425	   2010	   1542	      0	      0	      0	      0	      0	
  220	      0	   7530	   7497	   7457	   7410	   7355	   7295	   7227	   7151	   7067	   6972	   6868	   6760	   6642	   6515	   6381	   6236	   6081	   5892	   5689	   5500	   5297	   5070	   4832	   4584	   4320	   4050	   3753	   3452	   3141	   2792	   2426	   2011	   1544	      0	      0	      0	      0	      0	
  221	      0	   7530	   7497	   7458	   7410	   7355	   7295	   7227	   7150	   7067	   6972	   6868	   6760	   6641	   6515	   6381	   6236	   6081	   5893	   5689	   5500	   5297	   5070	   4832	   4584	   4320	   4050	   3753	   3452	   3140	   2791	   2426	   2012	   1546	      0	      0	      0	      0	      0	
  222	      0	   7530	   7497	   7458	   7410	   7355	   7295	   7227	   7150	   7067	   6972	   6867	   6759	   6641	   6515	   6381	   6236	   6081	   5893	   5689	   5500	   5297	   5070	   4832	   4584	   4320	   4051	   3753	   3452	   3140	   2791	   2427	   2013	   1547	      0	      0	      0	      0	      0	
  223	      0	   7530	   7497	   7458	   7410	   7355	   7295	   7227	   7150	   7067	   6972	   6867	   6759	   6641	   6515	   6381	   6236	   6081	   5893	   5689	   5500	   5297	   5070	   4832	   4584	   4320	   4051	   3753	   3452	   3140	   2791	   2427	   2013	   1548	      0	      0	      0	      0	      0	
  224	      0	   7530	   7497	   7458	   7410	   7355	   7295	   7227	   7150	   7067	   6972	   6867	   6759	   6641	   6515	   6381	   6236	   6081	   5893	   5689	   5500	   5297	   5070	   4832	   4585	   4320	   4051	   3753	   3452	   3140	   2790	   2428	   2014	   1548	      0	      0	      0	      0	      0	
  225	      0	   7530	   7497	   7458	   7410	   7355	   7295	   7227	   7150	   7067	   6972	   6867	   6759	   6641	   6515	   6381	   6236	   6081	   5893	   5689	   5499	   5297	   5070	   4832	   4585	   4320	   4051	   3753	   3452	   3140	   2790	   2429	   2012	      0	      0	      0	      0	      0	      0	
  226	      0	   7530	   7497	   7458	   7410	   7356	   7295	   7226	   7150	   7067	   6972	   6867	   6759	   6641	   6515	   6381	   6236	   6081	   5893	   5690	   5500	   5297	   5070	   4832	   4585	   4320	   4051	   3753	   3452	   3139	   2790	   2430	      0	      0	      0	      0	      0	      0	      0	
  227	      0	   7530	   7497	   7458	   7410	   7356	   7295	   7226	   7150	   7067	   6972	   6867	   6759	   6641	   6514	   6381	   6236	   6080	   5893	   5690	   5500	   5297	   5070	   4831	   4585	   4320	   4052	   3753	   3452	   3139	   2789	   2430	      0	      0	      0	      0	      0	      0	      0	
  228	      0	   7530	   7497	   7458	   7410	   7356	   7295	   7226	   7150	   7067	   6972	   6867	   6759	   6641	   6514	   6381	   6236	   6080	   5893	   5690	   5500	   5297	   5070	   4831	   4585	   4320	   4052	   3753	   3452	   3139	   2789	   2431	      0	      0	      0	      0	      0	      0	      0	
  229	      0	   7530	   7497	   7458	   7410	   7355	   7295	   7226	   7150	   7066	   6971	   6867	   6759	   6641	   6514	   6381	   6236	   6080	   5893	   5690	   5500	   5297	   5070	   4831	   4585	   4320	   4052	   3754	   3452	   3139	   2788	   2431	      0	      0	      0	      0	      0	      0	      0	
  230	      0	   7530	   7497	   7458	   7410	   7355	   7295	   7226	   7150	   7066	   6971	   6867	   6759	   6640	   6514	   6381	   6236	   6080	   5893	   5690	   5499	   5297	   5070	   4831	   4585	   4320	   4052	   3754	   3452	   3139	   2788	   2432	      0	      0	      0	      0	      0	      0	      0	
  231	      0	   7530	   7497	   7458	   7410	   7355	   7295	   7226	   7150	   7066	   6971	   6867	   6759	   6640	   6514	   6381	   6236	   6080	   5894	   5690	   5499	   5297	   5070	   4831	   4585	   4320	   4052	   3754	   3452	   3138	   2788	   2432	      0	      0	      0	      0	      0	      0	      0	
  232	      0	   7530	   7497	   7458	   7410	   7355	   7294	   7226	   7150	   7066	   6971	   6867	   6759	   6640	   6514	   6381	   6236	   6080	   5894	   5690	   5499	   5297	   5070	   4831	   4585	   4320	   4052	   3754	   3452	   3138	   2787	   2433	      0	      0	      0	      0	      0	      0	      0	
  233	      0	   7530	   7497	   7458	   7410	   7355	   7294	   7226	   7150	   7066	   6972	   6867	   6759	   6640	   6514	   6381	   6236	   6080	   5894	   5690	   5499	   5297	   5070	   4831	   4585	   4320	   4052	   3754	   3452	   3138	   2787	   2433	      0	      0	      0	      0	      0	      0	      0	
  234	      0	   7530	   7497	   7457	   7410	   7355	   7294	   7226	   7150	   7066	   6972	   6867	   6759	   6640	   6514	   6381	   6236	   6080	   5894	   5690	   5499	   5297	   5070	   4831	   4585	   4321	   4052	   3754	   3451	   3138	   2787	   2434	      0	      0	      0	      0	      0	      0	      0	
  235	      0	   7530	   7497	   7457	   7410	   7355	   7294	   7226	   7150	   7066	   6972	   6867	   6759	   6640	   6514	   6381	   6237	   6080	   5894	   5690	   5499	   5297	   5071	   4831	   4585	   4321	   4052	   3754	   3451	   3138	   2787	   2434	      0	      0	      0	      0	      0	      0	      0	
  236	      0	   7530	   7497	   7457	   7410	   7355	   7294	   7226	   7150	   7066	   6972	   6867	   6759	   6640	   6514	   6381	   6237	   6080	   5894	   5690	   5499	   5297	   5071	   4831	   4585	   4321	   4052	   3754	   3451	   3137	   2787	   2435	      0	      0	      0	      0	      0	      0	      0	
  237	      0	   7530	   7497	   7457	   7410	   7355	   7294	   7226	   7150	   7066	   6972	   6867	   6759	   6640	   6514	   6381	   6237	   6081	   5895	   5690	   5499	   5297	   5071	   4831	   4585	   4321	   4053	   3754	   3451	   3137	   2787	   2435	      0	      0	      0	      0	      0	      0	      0	
  238	      0	   7530	   7497	   7457	   7410	   7355	   7294	   7226	   7150	   7066	   6972	   6867	   6759	   6641	   6514	   6381	   6237	   6081	   5895	   5690	   5499	   5297	   5071	   4832	   4586	   4321	   4053	   3754	   3451	   3138	   2787	   2436	      0	      0	      0	      0	      0	      0	      0	
  239	      0	   7530	   7497	   7457	   7410	   7355	   7294	   7226	   7150	   7066	   6972	   6867	   6759	   6641	   6514	   6381	   6237	   6081	   5895	   5690	   5499	   5297	   5071	   4832	   4586	   4321	   4053	   3754	   3451	   3138	   2787	   2436	      0	      0	      0	      0	      0	      0	      0	
  240	      0	   7530	   7497	   7457	   7410	   7355	   7294	   7226	   7150	   7066	   6972	   6868	   6759	   6641	   6515	   6381	   6237	   6081	   5895	   5690	   5499	   5297	   5071	   4832	   4586	   4321	   4053	   3754	   3452	   3138	   2788	   2436	      0	      0	      0	      0	      0	      0	      0	
  241	      0	   7530	   7497	   7457	   7410	   7355	   7294	   7226	   7150	   7066	   6972	   6868	   6759	   6641	   6515	   6381	   6237	   6081	   5895	   5690	   5499	   5297	   5072	   4832	   4586	   4322	   4053	   3754	   3452	   3138	   2788	   2437	      0	      0	      0	      0	      0	      0	      0	
  242	      0	   7530	   7497	   7457	   7410	   7355	   7294	   7226	   7150	   7066	   6972	   6868	   6759	   6641	   6515	   6381	   6236	   6081	   5895	   5690	   5500	   5297	   5072	   4832	   4586	   4322	   4053	   3754	   3452	   3139	   2789	   2437	      0	      0	      0	      0	      0	      0	      0	
  243	      0	   7530	   7497	   7457	   7410	   7355	   7294	   7226	   7150	   7066	   6972	   6868	   6759	   6641	   6515	   6381	   6236	   6081	   5895	   5690	   5500	   5297	   5072	   4833	   4587	   4322	   4053	   3754	   3452	   3139	   2789	   2437	      0	      0	      0	      0	      0	      0	      0	
  244	      0	   7530	   7497	   7457	   7410	   7355	   7294	   7226	   7150	   7066	   6972	   6868	   6759	   6641	   6515	   6381	   6236	   6081	   5895	   5690	   5500	   5298	   5072	   4833	   4587	   4322	   4053	   3754	   3453	   3139	   2789	   2437	      0	      0	      0	      0	      0	      0	      0	
  245	      0	   7530	   7497	   7457	   7410	   7355	   7294	   7226	   7150	   7066	   6972	   6868	   6759	   6641	   6515	   6381	   6237	   6081	   5895	   5690	   5500	   5298	   5072	   4833	   4587	   4323	   4054	   3754	   3453	   3140	   2789	   2437	      0	      0	      0	      0	      0	      0	      0	
  246	      0	   7530	   7497	   7457	   7410	   7355	   7294	   7226	   7150	   7066	   6972	   6868	   6759	   6641	   6515	   6381	   6237	   6081	   5895	   5690	   5500	   5298	   5072	   4833	   4587	   4323	   4054	   3755	   3453	   3140	   2790	   2437	      0	      0	      0	      0	      0	      0	      0	
  247	      0	   7530	   7497	   7457	   7410	   7355	   7294	   7226	   7150	   7066	   6972	   6868	   6759	   6641	   6515	   6381	   6237	   6081	   5895	   5690	   5500	   5298	   5073	   4834	   4587	   4323	   4054	   3754	   3453	   3141	   2790	   2437	      0	      0	      0	      0	      0	      0	      0	
  248	      0	   7530	   7497	   7457	   7410	   7355	   7294	   7226	   7150	   7066	   6972	   6868	   6759	   6641	   6515	   6381	   6237	   6081	   5895	   5690	   5500	   5298	   5073	   4834	   4588	   4324	   4054	   3755	   3454	   3141	   2790	   2437	      0	      0	      0	      0	      0	      0	      0	
  249	      0	   7530	   7497	   7457	   7410	   7355	   7294	   7226	   7150	   7066	   6972	   6868	   6759	   6641	   6515	   6382	   6237	   6081	   5896	   5690	   5500	   5298	   5073	   4834	   4588	   4324	   4054	   3755	   3454	   3142	   2791	   2437	      0	      0	      0	      0	      0	      0	      0	
  250	      0	   7530	   7497	   7457	   7410	   7355	   7294	   7226	   7150	   7066	   6972	   6868	   6759	   6641	   6515	   6382	   6237	   6081	   5896	   5691	   5500	   5298	   5073	   4834	   4588	   4324	   4054	   3755	   3455	   3142	   2791	   2437	      0	      0	      0	      0	      0	      0	      0	
  251	      0	   7530	   7497	   7457	   7410	   7355	   7294	   7226	   7150	   7066	   6971	   6868	   6759	   6641	   6515	   6382	   6237	   6081	   5896	   5691	   5500	   5298	   5073	   4834	   4588	   4324	   4054	   3755	   3455	   3142	   2791	   2437	      0	      0	      0	      0	      0	      0	      0	
  252	      0	   7530	   7497	   7457	   7410	   7355	   7294	   7226	   7150	   7066	   6971	   6868	   6759	   6641	   6515	   6382	   6237	   6081	   5896	   5691	   5501	   5298	   5073	   4835	   4589	   4324	   4054	   3755	   3455	   3142	   2791	   2437	      0	      0	      0	      0	      0	      0	      0	
  253	      0	   7530	   7497	   7457	   7410	   7355	   7294	   7226	   7150	   7066	   6971	   6868	   6759	   6641	   6515	   6382	   6237	   6081	   5896	   5691	   5501	   5298	   5073	   4835	   4589	   4324	   4054	   3755	   3456	   3143	   2792	   2437	      0	      0	      0	      0	      0	      0	      0	
  254	      0	   7530	   7497	   7457	   7410	   7355	   7294	   7226	   7150	   7066	   6971	   6868	   6759	   6641	   6515	   6382	   6237	   6081	   5896	   5691	   5501	   5298	   5073	   4835	   4589	   4324	   4054	   3756	   3456	   3143	   2792	   2437	      0	      0	      0	      0	      0	      0	      0	
  255	      0	   7530	   7497	   7457	   7410	   7355	   7294	   7226	   7150	   7066	   6971	   6868	   6759	   6641	   6515	   6382	   6237	   6081	   5896	   5691	   5501	   5298	   5073	   4835	   4589	   4325	   4055	   3756	   3456	   3143	   2792	   2437	      0	      0	      0	      0	      0	      0	      0	
  256	      0	   7530	   7497	   7457	   7410	   7355	   7294	   7226	   7150	   7066	   6971	   6868	   6759	   6641	   6515	   6382	   6237	   6081	   5896	   5691	   5501	   5298	   5073	   4836	   4589	   4325	   4055	   3756	   3457	   3143	   2792	   2437	      0	      0	      0	      0	      0	      0	      0	
  257	      0	   7530	   7497	   7457	   7410	   7355	   7294	   7226	   7150	   7066	   6971	   6868	   6759	   6641	   6515	   6382	   6238	   6081	   5896	   5692	   5501	   5298	   5073	   4836	   4590	   4325	   4055	   3757	   3457	   3143	   2793	   2438	      0	      0	      0	      0	      0	      0	      0	
  258	      0	   7530	   7497	   7457	   7410	   7355	   7294	   7226	   7150	   7066	   6971	   6868	   6760	   6641	   6515	   6382	   6238	   6081	   5896	   5692	   5501	   5298	   5073	   4836	   4590	   4325	   4055	   3757	   3457	   3143	   2793	   2438	      0	      0	      0	      0	      0	      0	      0	
  259	      0	   7530	   7497	   7457	   7410	   7355	   7294	   7226	   7150	   7066	   6971	   6868	   6760	   6641	   6515	   6382	   6238	   6081	   5896	   5692	   5501	   5298	   5073	   4836	   4590	   4325	   4055	   3757	   3458	   3143	   2794	   2438	      0	      0	      0	      0	      0	      0	      0	
  260	      0	   7530	   7497	   7457	   7409	   7355	   7294	   7226	   7150	   7066	   6971	   6868	   6760	   6641	   6515	   6383	   6238	   6081	   5896	   5692	   5501	   5298	   5073	   4836	   4590	   4325	   4056	   3758	   3458	   3144	   2794	   2439	      0	      0	      0	      0	      0	      0	      0	
  261	      0	   7530	   7497	   7457	   7409	   7355	   7294	   7226	   7150	   7066	   6971	   6868	   6760	   6641	   6515	   6383	   6238	   6081	   5896	   5692	   5502	   5298	   5074	   4836	   4590	   4325	   4056	   3758	   3458	   3144	   2794	   2439	      0	      0	      0	      0	      0	      0	      0	
  262	      0	   7530	   7497	   7457	   7409	   7355	   7294	   7226	   7150	   7066	   6971	   6868	   6760	   6641	   6515	   6383	   6238	   6081	   5896	   5692	   5502	   5298	   5074	   4836	   4590	   4325	   4056	   3758	   3458	   3144	   2795	   2439	      0	      0	      0	      0	      0	      0	      0	
  263	      0	   7530	   7497	   7457	   7409	   7355	   7294	   7226	   7150	   7066	   6971	   6868	   6760	   6641	   6515	   6383	   6239	   6081	   5896	   5692	   5502	   5299	   5074	   4837	   4590	   4326	   4057	   3759	   3459	   3144	   2796	   2440	      0	      0	      0	      0	      0	      0	      0	
  264	      0	   7530	   7497	   7457	   7409	   7355	   7294	   7226	   7150	   7066	   6971	   6867	   6760	   6641	   6515	   6383	   6239	   6081	   5896	   5692	   5502	   5299	   5074	   4837	   4590	   4326	   4057	   3759	   3459	   3145	   2796	   2441	      0	      0	      0	      0	      0	      0	      0	
  265	      0	   7530	   7497	   7457	   7409	   7355	   7294	   7226	   7150	   7066	   6971	   6867	   6760	   6641	   6515	   6383	   6239	   6081	   5896	   5692	   5502	   5299	   5074	   4837	   4591	   4326	   4057	   3760	   3460	   3145	   2797	   2442	      0	      0	      0	      0	      0	      0	      0	
  266	      0	   7530	   7497	   7457	   7409	   7355	   7293	   7226	   7150	   7066	   6971	   6867	   6760	   6641	   6515	   6383	   6239	   6081	   5896	   5692	   5502	   5299	   5075	   4837	   4591	   4326	   4058	   3760	   3460	   3146	   2798	   2443	      0	      0	      0	      0	      0	      0	      0	
  267	      0	   7530	   7497	   7457	   7409	   7354	   7293	   7226	   7150	   7066	   6971	   6867	   6759	   6641	   6515	   6383	   6238	   6081	   5896	   5692	   5503	   5299	   5075	   4837	   4592	   4327	   4058	   3761	   3461	   3146	   2798	   2443	      0	      0	      0	      0	      0	      0	      0	
  268	      0	   7530	   7497	   7457	   7409	   7354	   7293	   7226	   7150	   7066	   6971	   6867	   6759	   6641	   6515	   6383	   6239	   6082	   5896	   5692	   5503	   5299	   5075	   4838	   4592	   4327	   4058	   3761	   3461	   3146	   2799	   2444	      0	      0	      0	      0	      0	      0	      0	
  269	      0	   7530	   7497	   7457	   7409	   7354	   7293	   7226	   7150	   7066	   6971	   6867	   6759	   6641	   6515	   6383	   6239	   6082	   5896	   5692	   5503	   5300	   5075	   4838	   4592	   4328	   4059	   3762	   3462	   3147	   2800	   2445	      0	      0	      0	      0	      0	      0	      0	
  270	      0	   7530	   7497	   7457	   7409	   7354	   7293	   7226	   7150	   7066	   6971	   6867	   6759	   6641	   6515	   6383	   6239	   6082	   5896	   5692	   5503	   5300	   5075	   4838	   4593	   4328	   4059	   3762	   3462	   3148	   2801	   2446	      0	      0	      0	      0	      0	      0	      0	
  271	      0	   7530	   7497	   7457	   7409	   7354	   7293	   7226	   7150	   7066	   6971	   6867	   6759	   6641	   6515	   6383	   6239	   6082	   5896	   5692	   5503	   5300	   5075	   4838	   4593	   4328	   4060	   3763	   3463	   3148	   2801	   2447	      0	      0	      0	      0	      0	      0	      0	
  272	      0	   7530	   7497	   7457	   7409	   7354	   7293	   7226	   7150	   7066	   6971	   6867	   6759	   6641	   6515	   6383	   6238	   6082	   5896	   5692	   5503	   5300	   5076	   4838	   4593	   4329	   4060	   3764	   3464	   3149	   2802	   2448	      0	      0	      0	      0	      0	      0	      0	
  273	      0	   7530	   7497	   7457	   7409	   7354	   7293	   7226	   7150	   7066	   6971	   6867	   6759	   6641	   6515	   6383	   6239	   6082	   5896	   5692	   5503	   5300	   5076	   4839	   4593	   4329	   4061	   3764	   3465	   3150	   2803	   2449	      0	      0	      0	      0	      0	      0	      0	
  274	      0	   7530	   7497	   7457	   7409	   7354	   7293	   7226	   7150	   7066	   6971	   6867	   6759	   6641	   6515	   6383	   6239	   6082	   5896	   5693	   5503	   5300	   5076	   4839	   4594	   4330	   4062	   3765	   3465	   3151	   2804	   2450	      0	      0	      0	      0	      0	      0	      0	
  275	      0	   7530	   7497	   7457	   7409	   7354	   7294	   7226	   7150	   7066	   6971	   6867	   6759	   6641	   6515	   6383	   6239	   6082	   5896	   5693	   5503	   5300	   5076	   4839	   4594	   4330	   4062	   3766	   3466	   3152	   2805	   2451	      0	      0	      0	      0	      0	      0	      0	
  276	      0	   7530	   7497	   7457	   7409	   7354	   7294	   7226	   7150	   7066	   6971	   6867	   6759	   6642	   6516	   6383	   6239	   6082	   5896	   5693	   5503	   5301	   5077	   4839	   4594	   4330	   4063	   3767	   3467	   3153	   2806	   2453	      0	      0	      0	      0	      0	      0	      0	
  277	      0	   7530	   7497	   7457	   7409	   7354	   7294	   7226	   7150	   7066	   6971	   6867	   6759	   6642	   6516	   6383	   6239	   6082	   5896	   5693	   5503	   5301	   5077	   4839	   4595	   4331	   4063	   3767	   3468	   3154	   2807	   2454	      0	      0	      0	      0	      0	      0	      0	
  278	      0	   7530	   7497	   7457	   7409	   7354	   7294	   7226	   7150	   7066	   6971	   6867	   6759	   6642	   6516	   6383	   6239	   6082	   5897	   5693	   5504	   5301	   5077	   4840	   4595	   4331	   4064	   3768	   3469	   3155	   2808	   2456	      0	      0	      0	      0	      0	      0	      0	
  279	      0	   7530	   7497	   7457	   7409	   7354	   7294	   7226	   7150	   7066	   6971	   6867	   6759	   6642	   6516	   6383	   6239	   6082	   5897	   5693	   5504	   5302	   5077	   4840	   4596	   4332	   4065	   3769	   3470	   3156	   2809	   2457	      0	      0	      0	      0	      0	      0	      0	
  280	      0	   7530	   7497	   7457	   7409	   7355	   7294	   7226	   7150	   7066	   6971	   6867	   6759	   6642	   6516	   6383	   6239	   6082	   5897	   5693	   5504	   5302	   5078	   4840	   4596	   4332	   4065	   3770	   3471	   3157	   2810	   2459	      0	      0	      0	      0	      0	      0	      0	
  281	      0	   7530	   7497	   7457	   7409	   7355	   7294	   7226	   7150	   7066	   6971	   6867	   6759	   6642	   6516	   6383	   6239	   6082	   5897	   5694	   5504	   5302	   5078	   4841	   4597	   4332	   4066	   3771	   3472	   3159	   2812	   2460	      0	      0	      0	      0	      0	      0	      0	
  282	      0	   7530	   7497	   7457	   7409	   7355	   7294	   7226	   7150	   7066	   6971	   6867	   6759	   6642	   6516	   6383	   6239	   6082	   5897	   5694	   5504	   5302	   5078	   4841	   4597	   4333	   4067	   3772	   3473	   3160	   2813	   2461	      0	      0	      0	      0	      0	      0	      0	
  283	      0	   7530	   7497	   7457	   7409	   7355	   7294	   7226	   7150	   7066	   6971	   6867	   6759	   6642	   6516	   6383	   6239	   6083	   5897	   5694	   5504	   5303	   5078	   4841	   4597	   4333	   4067	   3772	   3474	   3161	   2814	   2463	      0	      0	      0	      0	      0	      0	      0	
  284	      0	   7530	   7497	   7457	   7409	   7355	   7294	   7226	   7150	   7066	   6971	   6867	   6759	   6642	   6516	   6383	   6239	   6083	   5898	   5694	   5505	   5303	   5079	   4842	   4598	   4334	   4068	   3773	   3475	   3162	   2815	   2464	      0	      0	      0	      0	      0	      0	      0	
  285	      0	   7530	   7497	   7457	   7409	   7355	   7294	   7226	   7150	   7066	   6971	   6867	   6759	   6642	   6516	   6383	   6239	   6083	   5898	   5694	   5505	   5303	   5079	   4842	   4598	   4334	   4068	   3774	   3475	   3164	   2816	   2466	      0	      0	      0	      0	      0	      0	      0	
  286	      0	   7530	   7497	   7457	   7409	   7355	   7294	   7226	   7150	   7066	   6971	   6868	   6759	   6642	   6516	   6383	   6239	   6083	   5898	   5695	   5505	   5304	   5079	   4842	   4599	   4335	   4069	   3774	   3476	   3165	   2817	   2468	      0	      0	      0	      0	      0	      0	      0	
  287	      0	   7530	   7497	   7457	   7409	   7355	   7294	   7226	   7150	   7066	   6971	   6868	   6760	   6643	   6517	   6383	   6239	   6083	   5898	   5695	   5506	   5304	   5080	   4843	   4599	   4335	   4070	   3775	   3477	   3166	   2819	   2469	      0	      0	      0	      0	      0	      0	      0	
  288	      0	   7530	   7497	   7457	   7409	   7355	   7294	   7226	   7150	   7066	   6972	   6868	   6760	   6643	   6517	   6383	   6239	   6083	   5899	   5695	   5506	   5304	   5080	   4843	   4600	   4336	   4070	   3776	   3478	   3167	   2820	   2471	      0	      0	      0	      0	      0	      0	      0	
  289	      0	   7530	   7497	   7457	   7409	   7355	   7294	   7226	   7150	   7066	   6972	   6868	   6760	   6643	   6517	   6383	   6239	   6083	   5899	   5695	   5506	   5304	   5081	   4844	   4600	   4336	   4071	   3776	   3479	   3169	   2821	   2473	      0	      0	      0	      0	      0	      0	      0	
  290	      0	   7530	   7497	   7457	   7409	   7355	   7294	   7226	   7150	   7066	   6972	   6868	   6760	   6643	   6517	   6384	   6239	   6084	   5899	   5696	   5506	   5305	   5081	   4844	   4601	   4337	   4072	   3777	   3480	   3170	   2822	   2474	      0	      0	      0	      0	      0	      0	      0	
  291	      0	   7530	   7497	   7457	   7409	   7355	   7294	   7226	   7150	   7066	   6972	   6868	   6760	   6643	   6517	   6384	   6239	   6084	   5899	   5696	   5507	   5305	   5081	   4845	   4601	   4338	   4072	   3778	   3481	   3171	   2824	   2476	      0	      0	      0	      0	      0	      0	      0	
  292	      0	   7530	   7497	   7457	   7409	   7355	   7294	   7226	   7150	   7066	   6972	   6868	   6760	   6643	   6517	   6384	   6239	   6084	   5900	   5696	   5507	   5306	   5082	   4845	   4602	   4339	   4073	   3779	   3482	   3172	   2825	   2478	      0	      0	      0	      0	      0	      0	      0	
  293	      0	   7530	   7497	   7457	   7409	   7355	   7294	   7226	   7150	   7066	   6972	   6868	   6760	   6643	   6517	   6384	   6239	   6084	   5900	   5696	   5507	   5306	   5082	   4846	   4603	   4339	   4074	   3780	   3482	   3173	   2826	   2479	      0	      0	      0	      0	      0	      0	      0	
  294	      0	   7530	   7497	   7457	   7409	   7355	   7294	   7226	   7150	   7066	   6972	   6868	   6760	   6643	   6517	   6384	   6239	   6084	   5900	   5697	   5508	   5306	   5083	   4847	   4603	   4340	   4075	   3781	   3483	   3174	   2827	   2480	      0	      0	      0	      0	      0	      0	      0	
  295	      0	   7530	   7497	   7457	   7409	   7354	   7293	   7226	   7150	   7066	   6972	   6868	   6760	   6643	   6517	   6384	   6239	   6084	   5900	   5697	   5508	   5306	   5083	   4847	   4604	   4341	   4076	   3781	   3484	   3175	   2828	   2482	      0	      0	      0	      0	      0	      0	      0	
  296	      0	   7530	   7497	   7457	   7409	   7354	   7293	   7226	   7150	   7066	   6972	   6868	   6760	   6643	   6517	   6384	   6240	   6085	   5900	   5697	   5508	   5307	   5083	   4848	   4605	   4342	   4076	   3782	   3485	   3175	   2829	   2483	      0	      0	      0	      0	      0	      0	      0	
  297	      0	   7530	   7497	   7457	   7409	   7354	   7293	   7226	   7150	   7066	   6972	   6868	   6760	   6643	   6517	   6384	   6240	   6085	   5900	   5697	   5509	   5307	   5084	   4848	   4606	   4342	   4077	   3783	   3486	   3176	   2830	   2484	      0	      0	      0	      0	      0	      0	      0	
  298	      0	   7530	   7497	   7457	   7409	   7354	   7293	   7226	   7150	   7066	   6972	   6868	   6760	   6643	   6517	   6384	   6240	   6085	   5900	   5697	   5509	   5307	   5084	   4849	   4606	   4343	   4078	   3784	   3487	   3177	   2831	   2486	      0	      0	      0	      0	      0	      0	      0	
  299	      0	   7530	   7497	   7457	   7409	   7354	   7293	   7226	   7150	   7066	   6972	   6868	   6760	   6643	   6518	   6384	   6240	   6085	   5901	   5698	   5509	   5308	   5085	   4849	   4607	   4344	   4079	   3785	   3488	   3178	   2832	   2487	      0	      0	      0	      0	      0	      0	      0	
  300	      0	   7530	   7497	   7457	   7409	   7354	   7293	   7226	   7151	   7066	   6972	   6868	   6760	   6644	   6518	   6385	   6240	   6085	   5901	   5698	   5510	   5308	   5085	   4850	   4608	   4344	   4079	   3786	   3489	   3179	   2833	   2488	      0	      0	      0	      0	      0	      0	      0	
  301	      0	   7530	   7497	   7457	   7409	   7354	   7293	   7226	   7151	   7066	   6972	   6868	   6760	   6644	   6518	   6385	   6240	   6086	   5901	   5698	   5510	   5309	   5085	   4850	   4608	   4345	   4080	   3787	   3490	   3180	   2834	   2490	      0	      0	      0	      0	      0	      0	      0	
  302	      0	   7530	   7497	   7457	   7409	   7354	   7293	   7226	   7151	   7066	   6972	   6868	   6760	   6644	   6518	   6385	   6240	   6086	   5901	   5698	   5510	   5309	   5086	   4851	   4609	   4346	   4081	   3788	   3491	   3181	   2835	   2491	      0	      0	      0	      0	      0	      0	      0	
  303	      0	   7530	   7497	   7457	   7409	   7354	   7293	   7226	   7151	   7066	   6972	   6868	   6760	   6644	   6518	   6385	   6241	   6086	   5901	   5699	   5511	   5309	   5087	   4852	   4610	   4346	   4082	   3789	   3491	   3182	   2836	   2491	      0	      0	      0	      0	      0	      0	      0	
  304	      0	   7530	   7497	   7457	   7409	   7354	   7293	   7226	   7151	   7066	   6972	   6868	   6760	   6644	   6518	   6385	   6241	   6086	   5901	   5699	   5511	   5310	   5087	   4852	   4610	   4347	   4083	   3790	   3493	   3183	   2837	   2492	      0	      0	      0	      0	      0	      0	      0	
  305	      0	   7530	   7497	   7457	   7409	   7354	   7293	   7226	   7151	   7066	   6972	   6868	   6761	   6644	   6518	   6385	   6241	   6086	   5902	   5700	   5511	   5310	   5088	   4853	   4611	   4348	   4084	   3791	   3494	   3184	   2838	   2493	      0	      0	      0	      0	      0	      0	      0	
  306	      0	   7530	   7497	   7457	   7409	   7354	   7293	   7226	   7150	   7066	   6972	   6868	   6761	   6644	   6518	   6385	   6241	   6087	   5902	   5700	   5512	   5310	   5088	   4854	   4612	   4349	   4085	   3792	   3495	   3186	   2839	   2494	      0	      0	      0	      0	      0	      0	      0	
  307	      0	   7530	   7497	   7457	   7409	   7354	   7294	   7226	   7150	   7066	   6972	   6868	   6761	   6644	   6518	   6385	   6241	   6087	   5903	   5701	   5512	   5311	   5089	   4854	   4612	   4349	   4085	   3793	   3496	   3187	   2840	   2495	      0	      0	      0	      0	      0	      0	      0	
  308	      0	   7530	   7497	   7457	   7409	   7354	   7294	   7226	   7150	   7066	   6972	   6869	   6761	   6644	   6519	   6386	   6241	   6087	   5903	   5701	   5512	   5311	   5089	   4855	   4613	   4350	   4086	   3794	   3497	   3188	   2842	   2495	      0	      0	      0	      0	      0	      0	      0	
  309	      0	   7530	   7497	   7457	   7409	   7354	   7294	   7226	   7150	   7066	   6972	   6869	   6761	   6644	   6519	   6386	   6242	   6088	   5903	   5701	   5513	   5312	   5090	   4855	   4613	   4351	   4087	   3795	   3498	   3189	   2843	   2496	   2087	      0	      0	      0	      0	      0	      0	
  310	      0	   7530	   7497	   7457	   7409	   7354	   7294	   7226	   7150	   7066	   6972	   6869	   6761	   6644	   6519	   6386	   6242	   6088	   5903	   5702	   5513	   5312	   5091	   4856	   4614	   4351	   4088	   3796	   3499	   3190	   2844	   2497	   2088	      0	      0	      0	      0	      0	      0	
  311	      0	   7530	   7497	   7457	   7409	   7354	   7294	   7226	   7150	   7066	   6972	   6869	   6761	   6644	   6519	   6386	   6242	   6088	   5903	   5702	   5513	   5312	   5091	   4857	   4614	   4352	   4089	   3797	   3500	   3192	   2846	   2498	   2090	      0	      0	      0	      0	      0	      0	
  312	      0	   7530	   7497	   7456	   7409	   7354	   7294	   7226	   7150	   7066	   6973	   6869	   6761	   6644	   6519	   6386	   6242	   6088	   5904	   5702	   5513	   5312	   5092	   4857	   4615	   4353	   4090	   3798	   3501	   3193	   2847	   2498	   2091	      0	      0	      0	      0	      0	      0	
  313	      0	   7530	   7497	   7456	   7409	   7354	   7294	   7226	   7150	   7066	   6973	   6869	   6761	   6644	   6519	   6386	   6242	   6089	   5904	   5702	   5514	   5313	   5092	   4857	   4615	   4353	   4090	   3798	   3502	   3194	   2848	   2498	   2093	   1370	      0	      0	      0	      0	      0	
  314	      0	   7530	   7497	   7456	   7408	   7354	   7294	   7226	   7150	   7066	   6973	   6869	   6761	   6644	   6519	   6387	   6243	   6089	   5904	   5702	   5514	   5313	   5092	   4858	   4616	   4354	   4091	   3799	   3503	   3195	   2849	   2499	   2095	   1407	      0	      0	      0	      0	      0	
  315	      0	   7530	   7497	   7456	   7409	   7354	   7294	   7226	   7150	   7066	   6973	   6869	   6761	   6644	   6519	   6387	   6243	   6089	   5904	   5703	   5514	   5313	   5093	   4858	   4616	   4355	   4091	   3800	   3504	   3196	   2850	   2499	   2095	   1442	      0	      0	      0	      0	      0	
  316	      0	   7530	   7497	   7456	   7408	   7354	   7294	   7226	   7150	   7066	   6973	   6869	   6761	   6644	   6519	   6387	   6243	   6089	   5904	   5703	   5514	   5313	   5093	   4859	   4616	   4355	   4092	   3800	   3505	   3197	   2852	   2500	   2096	   1473	      0	      0	      0	      0	      0	
  317	      0	   7530	   7497	   7456	   7409	   7354	   7293	   7226	   7150	   7066	   6973	   6869	   6761	   6644	   6519	   6387	   6243	   6089	   5904	   5703	   5514	   5313	   5093	   4859	   4616	   4356	   4093	   3801	   3505	   3198	   2853	   2501	   2097	   1501	      0	      0	      0	      0	      0	
  318	      0	   7530	   7496	   7456	   7409	   7354	   7293	   7226	   7150	   7066	   6973	   6869	   6761	   6644	   6519	   6387	   6243	   6089	   5904	   5703	   5514	   5314	   5094	   4859	   4616	   4356	   4093	   3801	   3506	   3199	   2854	   2501	   2098	   1527	      0	      0	      0	      0	      0	
  319	      0	   7530	   7496	   7456	   7409	   7354	   7293	   7226	   7150	   7066	   6973	   6869	   6761	   6644	   6519	   6387	   6243	   6089	   5904	   5703	   5514	   5314	   5094	   4859	   4616	   4356	   4093	   3802	   3506	   3200	   2855	   2501	   2098	   1549	      0	      0	      0	      0	      0	
  320	      0	   7530	   7496	   7456	   7409	   7354	   7293	   7226	   7150	   7066	   6973	   6869	   6761	   6644	   6519	   6387	   6243	   6089	   5904	   5702	   5514	   5314	   5094	   4859	   4616	   4357	   4094	   3802	   3507	   3200	   2856	   2502	   2099	   1568	      0	      0	      0	      0	      0	
  321	      0	   7530	   7496	   7456	   7409	   7354	   7293	   7226	   7150	   7066	   6973	   6869	   6761	   6644	   6519	   6387	   6243	   6089	   5904	   5702	   5514	   5314	   5095	   4859	   4616	   4357	   4094	   3802	   3507	   3201	   2857	   2502	   2099	   1563	      0	      0	      0	      0	      0	
  322	      0	   7530	   7496	   7456	   7409	   7354	   7293	   7225	   7150	   7066	   6973	   6869	   6761	   6644	   6519	   6387	   6243	   6089	   5904	   5702	   5514	   5315	   5095	   4859	   4616	   4357	   4094	   3802	   3507	   3201	   2858	   2502	   2100	   1579	      0	      0	      0	      0	      0	
  323	      0	   7530	   7496	   7456	   7409	   7354	   7293	   7225	   7150	   7066	   6973	   6869	   6761	   6644	   6519	   6387	   6243	   6089	   5903	   5702	   5514	   5315	   5095	   4859	   4616	   4357	   4094	   3803	   3508	   3202	   2859	   2503	   2100	   1593	      0	      0	      0	      0	      0	
  324	      0	   7530	   7496	   7456	   7409	   7354	   7293	   7225	   7150	   7066	   6972	   6869	   6761	   6644	   6519	   6387	   6243	   6089	   5903	   5702	   5514	   5315	   5095	   4859	   4616	   4357	   4093	   3803	   3508	   3202	   2860	   2503	   2100	   1603	   1091	    780	      0	      0	      0	
  325	      0	   7530	   7496	   7456	   7409	   7354	   7293	   7225	   7150	   7066	   6972	   6869	   6761	   6644	   6519	   6387	   6243	   6089	   5903	   5701	   5514	   5315	   5095	   4859	   4616	   4357	   4093	   3803	   3508	   3202	   2861	   2503	   2100	   1612	   1088	    784	      0	      0	      0	
  326	      0	   7530	   7496	   7456	   7409	   7354	   7293	   7225	   7150	   7066	   6972	   6869	   6761	   6644	   6519	   6387	   6243	   6089	   5902	   5701	   5514	   5315	   5095	   4859	   4616	   4357	   4093	   3803	   3508	   3202	   2862	   2503	   2100	   1618	   1116	    786	    332	      0	      0	
  327	      0	   7530	   7496	   7456	   7409	   7354	   7293	   7225	   7150	   7066	   6972	   6868	   6761	   6644	   6519	   6387	   6242	   6088	   5902	   5701	   5514	   5315	   5095	   4859	   4616	   4357	   4093	   3803	   3508	   3203	   2862	   2503	   2101	   1623	   1139	    786	    330	   -145	      0	
  328	      0	   7530	   7496	   7456	   7409	   7354	   7293	   7225	   7149	   7066	   6972	   6868	   6761	   6644	   6519	   6386	   6242	   6088	   5902	   5701	   5514	   5316	   5095	   4859	   4616	   4358	   4093	   3803	   3509	   3203	   2863	   2503	   2101	   1626	   1157	    785	    329	   -150	      0	
  329	      0	   7530	   7496	   7456	   7409	   7354	   7293	   7225	   7149	   7066	   6972	   6868	   6761	   6644	   6519	   6386	   6242	   6088	   5902	   5701	   5514	   5316	   5095	   4859	   4616	   4358	   4093	   3803	   3509	   3203	   2863	   2503	   2101	   1628	   1171	    784	    329	   -154	      0	
  330	      0	   7530	   7496	   7456	   7409	   7354	   7293	   7225	   7149	   7066	   6972	   6868	   6761	   6644	   6519	   6386	   6242	   6088	   5902	   5701	   5514	   5316	   5095	   4859	   4616	   4358	   4093	   3804	   3510	   3203	   2864	   2503	   2101	   1629	   1183	    783	    328	   -159	      0	
  331	      0	   7530	   7496	   7456	   7408	   7354	   7293	   7225	   7149	   7066	   6972	   6868	   6761	   6644	   6519	   6386	   6242	   6088	   5902	   5701	   5514	   5316	   5095	   4859	   4616	   4358	   4092	   3804	   3510	   3203	   2864	   2503	   2101	   1630	   1191	    782	    327	   -162	      0	
  332	      0	   7530	   7496	   7456	   7408	   7354	   7293	   7225	   7149	   7065	   6971	   6868	   6761	   6644	   6519	   6386	   6242	   6088	   5902	   5701	   5514	   5316	   5095	   4859	   4616	   4358	   4092	   3804	   3510	   3204	   2865	   2503	   2101	   1630	   1197	    780	    326	   -166	      0	
  333	      0	   7530	   7496	   7456	   7408	   7354	   7293	   7225	   7149	   7065	   6971	   6868	   6761	   6644	   6519	   6386	   6242	   6088	   5902	   5701	   5514	   5316	   5095	   4859	   4615	   4358	   4092	   3804	   3510	   3204	   2865	   2503	   2100	   1631	   1202	    779	    326	   -169	      0	
  334	      0	   7530	   7496	   7456	   7408	   7354	   7293	   7225	   7149	   7065	   6971	   6868	   6761	   6644	   6519	   6386	   6242	   6088	   5902	   5701	   5514	   5316	   5095	   4859	   4615	   4358	   4092	   3804	   3511	   3204	   2866	   2503	   2099	   1631	   1205	    779	    327	   -171	      0	
  335	      0	   7530	   7496	   7456	   7408	   7354	   7293	   7225	   7149	   7065	   6971	   6868	   6761	   6644	   6519	   6386	   6242	   6088	   5903	   5701	   5515	   5316	   5095	   4859	   4615	   4358	   4092	   3804	   3511	   3204	   2866	   2503	   2099	   1631	   1206	    779	    327	   -174	      0	
  336	      0	   7530	   7496	   7456	   7408	   7354	   7293	   7225	   7149	   7065	   6971	   6868	   6761	   6644	   6519	   6386	   6242	   6088	   5903	   5701	   5515	   5316	   5095	   4859	   4615	   4358	   4092	   3804	   3511	   3204	   2865	   2503	   2099	   1631	   1207	    779	    327	   -176	      0	
  337	      0	   7530	   7496	   7456	   7408	   7354	   7293	   7225	   7149	   7065	   6971	   6868	   6761	   6644	   6519	   6386	   6242	   6088	   5903	   5701	   5515	   5316	   5095	   4859	   4616	   4359	   4092	   3805	   3511	   3204	   2865	   2503	   2098	   1631	   1207	    779	    327	   -178	      0	
  338	      0	   7529	   7496	   7456	   7408	   7354	   7293	   7225	   7149	   7065	   6971	   6868	   6761	   6644	   6519	   6386	   6242	   6089	   5902	   5701	   5515	   5315	   5095	   4859	   4615	   4359	   4091	   3805	   3512	   3204	   2866	   2503	   2097	   1631	   1208	    780	    328	   -180	      0	
  339	      0	   7529	   7496	   7456	   7408	   7354	   7293	   7225	   7149	   7065	   6971	   6868	   6761	   6644	   6519	   6386	   6242	   6089	   5902	   5701	   5515	   5315	   5094	   4859	   4615	   4358	   4091	   3804	   3512	   3204	   2866	   2503	   2096	   1631	   1208	    780	    329	   -181	      0	
  340	      0	   7529	   7496	   7456	   7408	   7354	   7293	   7225	   7149	   7065	   6971	   6868	   6761	   6644	   6519	   6386	   6242	   6089	   5902	   5701	   5515	   5315	   5094	   4859	   4615	   4358	   4091	   3804	   3512	   3204	   2866	   2503	   2095	   1632	   1209	    781	    329	   -182	      0	
  341	      0	   7529	   7496	   7456	   7408	   7354	   7293	   7225	   7149	   7065	   6971	   6868	   6761	   6644	   6518	   6386	   6242	   6089	   5902	   5701	   5515	   5315	   5094	   4859	   4615	   4358	   4091	   3805	   3512	   3204	   2866	   2503	   2095	   1632	   1209	    781	    329	   -183	      0	
  342	      0	   7529	   7496	   7456	   7408	   7354	   7293	   7225	   7149	   7065	   6971	   6868	   6761	   6644	   6518	   6386	   6242	   6089	   5903	   5701	   5515	   5315	   5094	   4859	   4615	   4358	   4091	   3805	   3512	   3204	   2867	   2503	   2094	   1632	   1210	    718	    -14	   -184	      0	
  343	      0	   7529	   7496	   7456	   7408	   7354	   7293	   7225	   7149	   7065	   6971	   6868	   6760	   6644	   6518	   6386	   6242	   6089	   5903	   5701	   5515	   5315	   5094	   4859	   4615	   4358	   4091	   3805	   3512	   3204	   2867	   2503	   2093	   1631	   1210	    732	     37	   -185	      0	
  344	      0	   7529	   7496	   7456	   7408	   7354	   7293	   7224	   7149	   7065	   6971	   6868	   6760	   6644	   6518	   6386	   6242	   6089	   5902	   5701	   5515	   5315	   5094	   4859	   4615	   4358	   4091	   3804	   3512	   3204	   2867	   2503	   2092	   1632	   1210	    744	     85	   -185	      0	
  345	      0	   7529	   7496	   7456	   7408	   7354	   7293	   7224	   7149	   7065	   6971	   6868	   6760	   6644	   6518	   6386	   6242	   6089	   5902	   5701	   5515	   5315	   5093	   4859	   4615	   4358	   4091	   3805	   3512	   3204	   2867	   2504	   2091	   1632	   1211	    754	    128	   -185	      0	
  346	      0	   7529	   7496	   7456	   7408	   7354	   7292	   7224	   7149	   7065	   6971	   6868	   6761	   6644	   6518	   6385	   6242	   6089	   5902	   5701	   5515	   5315	   5093	   4859	   4615	   4358	   4091	   3805	   3512	   3204	   2867	   2504	   2091	   1632	   1211	    762	    166	   -186	      0	
  347	      0	   7529	   7496	   7456	   7408	   7354	   7292	   7224	   7149	   7065	   6971	   6868	   6761	   6643	   6518	   6386	   6242	   6089	   5902	   5701	   5515	   5315	   5093	   4859	   4615	   4358	   4091	   3805	   3512	   3204	   2868	   2504	   2091	   1632	   1211	    768	    201	   -186	      0	
  348	      0	   7529	   7496	   7456	   7408	   7354	   7292	   7224	   7149	   7065	   6971	   6868	   6761	   6643	   6518	   6385	   6242	   6089	   5902	   5701	   5515	   5315	   5093	   4858	   4615	   4358	   4091	   3805	   3512	   3204	   2868	   2505	   2091	   1633	   1211	    774	    231	   -186	      0	
  349	      0	   7529	   7496	   7456	   7408	   7353	   7292	   7224	   7149	   7065	   6971	   6868	   6761	   6643	   6518	   6386	   6242	   6088	   5902	   5701	   5515	   5315	   5093	   4858	   4615	   4357	   4091	   3804	   3511	   3204	   2868	   2505	   2090	   1632	   1211	    778	    256	   -187	      0	
  350	      0	   7529	   7496	   7456	   7408	   7353	   7292	   7224	   7148	   7065	   6971	   6868	   6761	   6643	   6518	   6386	   6242	   6088	   5902	   5700	   5515	   5315	   5093	   4858	   4614	   4357	   4091	   3804	   3511	   3204	   2868	   2505	   2090	   1633	   1211	    781	    276	   -187	      0	
  351	      0	   7529	   7496	   7456	   7408	   7353	   7292	   7224	   7149	   7065	   6971	   6868	   6761	   6643	   6518	   6386	   6242	   6088	   5902	   5700	   5515	   5315	   5093	   4858	   4614	   4357	   4091	   3804	   3511	   3204	   2868	   2504	   2089	   1633	   1211	    783	    292	   -187	      0	
  352	      0	   7529	   7496	   7456	   7408	   7353	   7292	   7224	   7148	   7065	   6971	   6868	   6761	   6643	   6518	   6385	   6241	   6088	   5902	   5700	   5515	   5316	   5094	   4858	   4614	   4357	   4091	   3804	   3511	   3204	   2868	   2504	   2089	   1632	   1210	    784	    304	   -187	      0	
  353	      0	   7529	   7496	   7456	   7408	   7353	   7292	   7224	   7148	   7065	   6971	   6868	   6761	   6642	   6517	   6386	   6241	   6088	   5902	   5700	   5515	   5316	   5094	   4858	   4614	   4357	   4091	   3804	   3511	   3204	   2868	   2504	   2088	   1632	   1210	    784	    312	   -188	      0	
  354	      0	   7529	   7496	   7456	   7408	   7353	   7292	   7224	   7148	   7065	   6971	   6868	   6761	   6642	   6518	   6386	   6241	   6087	   5902	   5701	   5515	   5316	   5094	   4858	   4614	   4357	   4090	   3804	   3511	   3204	   2868	   2504	   2088	   1632	   1210	    784	    317	   -188	      0	
  355	      0	   7529	   7496	   7456	   7408	   7353	   7292	   7224	   7148	   7065	   6971	   6868	   6761	   6642	   6517	   6386	   6241	   6087	   5901	   5701	   5515	   5316	   5093	   4858	   4613	   4357	   4090	   3803	   3511	   3204	   2868	   2503	   2087	   1632	   1210	    784	    321	   -188	      0	
  356	      0	   7529	   7496	   7456	   7408	   7353	   7292	   7225	   7148	   7065	   6970	   6868	   6761	   6642	   6517	   6386	   6241	   6087	   5902	   5701	   5515	   5315	   5093	   4858	   4613	   4356	   4090	   3803	   3511	   3204	   2868	   2503	   2087	   1631	   1209	    783	    322	   -188	      0	
  357	      0	   7529	   7496	   7456	   7408	   7353	   7292	   7225	   7148	   7065	   6970	   6868	   6761	   6642	   6517	   6385	   6241	   6087	   5901	   5700	   5514	   5315	   5093	   4857	   4613	   4356	   4090	   3803	   3510	   3204	   2867	   2502	   2086	   1631	   1209	    783	    322	   -188	      0	
  358	      0	   7529	   7496	   7456	   7408	   7353	   7292	   7225	   7149	   7065	   6970	   6868	   6761	   6642	   6517	   6386	   6241	   6087	   5901	   5700	   5514	   5315	   5093	   4857	   4613	   4356	   4090	   3803	   3510	   3204	   2867	   2502	   2086	   1631	   1208	    783	    321	   -188	      0	
  359	      0	   7529	   7496	   7456	   7408	   7353	   7292	   7225	   7149	   7065	   6970	   6868	   6761	   6642	   6517	   6385	   6241	   6087	   5901	   5700	   5514	   5315	   5093	   4857	   4613	   4356	   4089	   3803	   3510	   3203	   2867	   2502	   2086	   1630	   1208	    782	    321	   -188	      0	

--------------- CT Offsets (R5.0, R6.5, R9.4, R10.0) ----------------- 
65526	65526	65526	65526
