FRONT;-7.000;-6.900;-6.800;-6.700;-6.600;-6.500;-6.400;-6.300;-6.200;-6.100;-6.000;-5.900;-5.800;-5.700;-5.600;-5.500;-5.400;-5.300;-5.200;-5.100;-5.000;-4.900;-4.800;-4.700;-4.600;-4.500;-4.400;-4.300;-4.200;-4.100;-4.000;-3.900;-3.800;-3.700;-3.600;-3.500;-3.400;-3.300;-3.200;-3.100;-3.000;-2.900;-2.800;-2.700;-2.600;-2.500;-2.400;-2.300;-2.200;-2.100;-2.000;-1.900;-1.800;-1.700;-1.600;-1.500;-1.400;-1.300;-1.200;-1.100;-1.000;-0.900;-0.800;-0.700;-0.600;-0.500;-0.400;-0.300;-0.200;-0.100;0.000;0.100;0.200;0.300;0.400;0.500;0.600;0.700;0.800;0.900;1.000;1.100;1.200;1.300;1.400;1.500;1.600;1.700;1.800;1.900;2.000;2.100;2.200;2.300;2.400;2.500;2.600;2.700;2.800;2.900;3.000;3.100;3.200;3.300;3.400;3.500;3.600;3.700;3.800;3.900;4.000;4.100;4.200;4.300;4.400;4.500;4.600;4.700;4.800;4.900;5.000;5.100;5.200;5.300;5.400;5.500;5.600;5.700;5.800;5.900;6.000;6.100;6.200;6.300;6.400;6.500;6.600;6.700;6.800;6.900;7.000;
7.000;;;;;;;;;;;;;;;;;;;;;;;;;;;;;;;;;;;;;;;;;;;;;;;;;;;;;;;;;;;;;;;;;;;;;;;;;;;;;;;;;;;;;;;;;;;;;;;;;;;;;;;;;;;;;;;;;;;;;;;;;;;;;;;;;;;;;;;;;;;;;;
6.900;;;;;;;;;;;;;;;;;;;;;;;;;;;;;;;;;;;;;;;;;;;;;;;;;;;;;;;;;;;;;;;;;;;;;;;;;;;;;;;;;;;;;;;;;;;;;;;;;;;;;;;;;;;;;;;;;;;;;;;;;;;;;;;;;;;;;;;;;;;;;;
6.800;;;;;;;;;;;;;;;;;;;;;;;;;;;;;;;;;;;;;;;;;;;;;;;;;;;;;;;;;;;;;;;;;;;;;;;;;;;;;;;;;;;;;;;;;;;;;;;;;;;;;;;;;;;;;;;;;;;;;;;;;;;;;;;;;;;;;;;;;;;;;;
6.700;;;;;;;;;;;;;;;;;;;;;;;;;;;;;;;;;;;;;;;;;;;;;;;;;;;;;;;;;;;;;;;;;;;;;;;;;;;;;;;;;;;;;;;;;;;;;;;;;;;;;;;;;;;;;;;;;;;;;;;;;;;;;;;;;;;;;;;;;;;;;;
6.600;;;;;;;;;;;;;;;;;;;;;;;;;;;;;;;;;;;;;;;;;;;;;;;;;;;;;;;;;;;;;;;;;;;;;;;;;;;;;;;;;;;;;;;;;;;;;;;;;;;;;;;;;;;;;;;;;;;;;;;;;;;;;;;;;;;;;;;;;;;;;;
6.500;;;;;;;;;;;;;;;;;;;;;;;;;;;;;;;;;;;;;;;;;;;;;;;;;;;;;;;;;;;;;;;;;;;;;;;;;;;;;;;;;;;;;;;;;;;;;;;;;;;;;;;;;;;;;;;;;;;;;;;;;;;;;;;;;;;;;;;;;;;;;;
6.400;;;;;;;;;;;;;;;;;;;;;;;;;;;;;;;;;;;;;;;;;;;;;;;;;;;;;;;;;;;;;;;;;;;;;;;;;;;;;;;;;;;;;;;;;;;;;;;;;;;;;;;;;;;;;;;;;;;;;;;;;;;;;;;;;;;;;;;;;;;;;;
6.300;;;;;;;;;;;;;;;;;;;;;;;;;;;;;;;;;;;;;;;;;;;;;;;;;;;;;;;;;;;;;;;;;;;;;;;;;;;;;;;;;;;;;;;;;;;;;;;;;;;;;;;;;;;;;;;;;;;;;;;;;;;;;;;;;;;;;;;;;;;;;;
6.200;;;;;;;;;;;;;;;;;;;;;;;;;;;;;;;;;;;;;;;;;;;;;;;;;;;;;;;;;;;;;;;;;;;;;;;;;;;;;;;;;;;;;;;;;;;;;;;;;;;;;;;;;;;;;;;;;;;;;;;;;;;;;;;;;;;;;;;;;;;;;;
6.100;;;;;;;;;;;;;;;;;;;;;;;;;;;;;;;;;;;;;;;;;;;;;;;;;;;;;;;;;;;;;;;;;;;;;;;;;;;;;;;;;;;;;;;;;;;;;;;;;;;;;;;;;;;;;;;;;;;;;;;;;;;;;;;;;;;;;;;;;;;;;;
6.000;;;;;;;;;;;;;;;;;;;;;;;;;;;;;;;;;;;;;;;;;;;;;;;;;;;;;;;;;;;;;;;;;;;;;;;;;;;;;;;;;;;;;;;;;;;;;;;;;;;;;;;;;;;;;;;;;;;;;;;;;;;;;;;;;;;;;;;;;;;;;;
5.900;;;;;;;;;;;;;;;;;;;;;;;;;;;;;;;;;;;;;;;;;;;;;;;;;;;;;;;;;;;;;;;;;;;;;;;;;;;;;;;;;;;;;;;;;;;;;;;;;;;;;;;;;;;;;;;;;;;;;;;;;;;;;;;;;;;;;;;;;;;;;;
5.800;;;;;;;;;;;;;;;;;;;;;;;;;;;;;;;;;;;;;;;;;;;;;;;;;;;;;;;;;;;;;;;;;;;;;;;;;;;;;;;;;;;;;;;;;;;;;;;;;;;;;;;;;;;;;;;;;;;;;;;;;;;;;;;;;;;;;;;;;;;;;;
5.700;;;;;;;;;;;;;;;;;;;;;;;;;;;;;;;;;;;;;;;;;;;;;;;;;;;;;;;;;;;;;;;;;;;;;;;;;;;;;;;;;;;;;;;;;;;;;;;;;;;;;;;;;;;;;;;;;;;;;;;;;;;;;;;;;;;;;;;;;;;;;;
5.600;;;;;;;;;;;;;;;;;;;;;;;;;;;;;;;;;;;;;;;;;;;;;;;;;;;;;;;;;;;;;;;;;;;;;;;;;;;;;;;;;;;;;;;;;;;;;;;;;;;;;;;;;;;;;;;;;;;;;;;;;;;;;;;;;;;;;;;;;;;;;;
5.500;;;;;;;;;;;;;;;;;;;;;;;;;;;;;;;;;;;;;;;;;;;;;;;;;;;;;;;;;;;;;;;;;;;;;;;;;;;;;;;;;;;;;;;;;;;;;;;;;;;;;;;;;;;;;;;;;;;;;;;;;;;;;;;;;;;;;;;;;;;;;;
5.400;;;;;;;;;;;;;;;;;;;;;;;;;;;;;;;;;;;;;;;;;;;;;;;;;;;;;;;;;;;;;;;;;;;;;;;;;;;;;;;;;;;;;;;;;;;;;;;;;;;;;;;;;;;;;;;;;;;;;;;;;;;;;;;;;;;;;;;;;;;;;;
5.300;;;;;;;;;;;;;;;;;;;;;;;;;;;;;;;;;;;;;;;;;;;;;;;;;;;;;;;;;;;;;;;;;;;;;;;;;;;;;;;;;;;;;;;;;;;;;;;;;;;;;;;;;;;;;;;;;;;;;;;;;;;;;;;;;;;;;;;;;;;;;;
5.200;;;;;;;;;;;;;;;;;;;;;;;;;;;;;;;;;;;;;;;;;;;;;;;;;;;;;;;;;;;;;;;;;;;;;;;;;;;;;;;;;;;;;;;;;;;;;;;;;;;;;;;;;;;;;;;;;;;;;;;;;;;;;;;;;;;;;;;;;;;;;;
5.100;;;;;;;;;;;;;;;;;;;;;;;;;;;;;;;;;;;;;;;;;;;;;;;;;;;;;;;;;;;;;;;;;;;;;;;;;;;;;;;;;;;;;;;;;;;;;;;;;;;;;;;;;;;;;;;;;;;;;;;;;;;;;;;;;;;;;;;;;;;;;;
5.000;;;;;;;;;;;;;;;;;;;;;;;;;;;;;;;;;;;;;;;;;;;;;;;;;;;;;;;;;;;;;;;;;;;;;;;;;;;1739;1746;1754;;;;;;;;;;;;;;;;;;;;;;;;;;;;;;;;;;;;;;;;;;;;;;;;;;;;;;;;;;;;;;;;;
4.900;;;;;;;;;;;;;;;;;;;;;;;;;;;;;;;;;;;;;;;;;;;;;;;;;;;;;;;;;;;;;;;;;1687;1678;1671;1665;1661;1659;1657;1658;1660;1663;1668;1674;1682;1691;1702;1714;1727;1742;1758;1775;1794;1814;1835;;;;;;;;;;;;;;;;;;;;;;;;;;;;;;;;;;;;;;;;;;;;;;;;;;;;;;;
4.800;;;;;;;;;;;;;;;;;;;;;;;;;;;;;;;;;;;;;;;;;;;;;;;;;;;;;;;;;;;;1689;1672;1656;1642;1630;1619;1610;1603;1597;1593;1590;1589;1589;1591;1594;1599;1605;1612;1621;1631;1643;1656;1671;1687;1704;1722;1742;1763;1786;1810;1835;1862;;;;;;;;;;;;;;;;;;;;;;;;;;;;;;;;;;;;;;;;;;;;;;;;;;;
4.700;;;;;;;;;;;;;;;;;;;;;;;;;;;;;;;;;;;;;;;;;;;;;;;;;;;;;;;;;1682;1661;1640;1622;1605;1589;1576;1563;1553;1544;1536;1530;1526;1523;1521;1521;1523;1526;1530;1536;1544;1552;1563;1574;1587;1601;1617;1634;1652;1672;1693;1716;1740;1765;1792;1820;1849;1880;1913;;;;;;;;;;;;;;;;;;;;;;;;;;;;;;;;;;;;;;;;;;;;;;;
4.600;;;;;;;;;;;;;;;;;;;;;;;;;;;;;;;;;;;;;;;;;;;;;;;;;;;;;;1690;1664;1639;1616;1595;1575;1556;1539;1524;1510;1498;1487;1478;1470;1464;1460;1457;1455;1455;1457;1459;1464;1469;1477;1485;1495;1507;1519;1534;1549;1566;1584;1604;1625;1648;1671;1697;1723;1751;1781;1812;1844;1878;1914;1951;;;;;;;;;;;;;;;;;;;;;;;;;;;;;;;;;;;;;;;;;;;;
4.500;;;;;;;;;;;;;;;;;;;;;;;;;;;;;;;;;;;;;;;;;;;;;;;;;;;1712;1681;1652;1625;1599;1574;1551;1530;1510;1491;1475;1459;1446;1433;1423;1414;1406;1400;1395;1392;1390;1390;1392;1394;1399;1404;1411;1420;1430;1441;1453;1468;1483;1500;1518;1538;1558;1581;1605;1630;1657;1685;1714;1745;1778;1812;1847;1884;1923;1963;;;;;;;;;;;;;;;;;;;;;;;;;;;;;;;;;;;;;;;;;;
4.400;;;;;;;;;;;;;;;;;;;;;;;;;;;;;;;;;;;;;;;;;;;;;;;;;1711;1678;1646;1616;1587;1560;1534;1510;1487;1466;1446;1428;1411;1396;1382;1370;1360;1350;1343;1337;1332;1329;1327;1327;1328;1331;1335;1340;1347;1356;1365;1377;1389;1403;1418;1435;1453;1473;1494;1516;1540;1565;1591;1619;1649;1680;1713;1747;1782;1819;1858;1898;1940;1984;;;;;;;;;;;;;;;;;;;;;;;;;;;;;;;;;;;;;;;;
4.300;;;;;;;;;;;;;;;;;;;;;;;;;;;;;;;;;;;;;;;;;;;;;;;1716;1681;1647;1614;1582;1552;1524;1497;1471;1447;1425;1404;1384;1366;1349;1334;1321;1308;1298;1289;1281;1275;1270;1267;1265;1265;1266;1269;1273;1278;1285;1293;1303;1314;1326;1340;1356;1372;1390;1410;1430;1453;1476;1501;1528;1556;1585;1616;1649;1683;1719;1756;1795;1835;1877;1921;1966;2013;;;;;;;;;;;;;;;;;;;;;;;;;;;;;;;;;;;;;;
4.200;;;;;;;;;;;;;;;;;;;;;;;;;;;;;;;;;;;;;;;;;;;;;1727;1689;1653;1617;1583;1551;1520;1490;1462;1435;1410;1386;1363;1342;1323;1305;1288;1273;1260;1248;1237;1228;1220;1214;1210;1206;1205;1204;1205;1208;1212;1217;1224;1232;1242;1253;1265;1279;1294;1311;1329;1348;1369;1391;1415;1440;1466;1494;1523;1554;1587;1621;1657;1694;1733;1773;1815;1859;1904;1951;2000;2050;;;;;;;;;;;;;;;;;;;;;;;;;;;;;;;;;;;;
4.100;;;;;;;;;;;;;;;;;;;;;;;;;;;;;;;;;;;;;;;;;;;1744;1704;1664;1627;1590;1555;1522;1489;1458;1429;1401;1374;1349;1326;1303;1283;1263;1245;1229;1214;1201;1189;1178;1169;1161;1155;1151;1147;1145;1145;1146;1149;1153;1158;1165;1173;1182;1193;1206;1219;1235;1251;1269;1288;1309;1331;1355;1380;1406;1434;1463;1494;1527;1561;1596;1633;1672;1713;1755;1798;1844;1891;1940;1990;2042;;;;;;;;;;;;;;;;;;;;;;;;;;;;;;;;;;;
4.000;;;;;;;;;;;;;;;;;;;;;;;;;;;;;;;;;;;;;;;;;;1724;1682;1642;1603;1566;1529;1495;1461;1429;1399;1369;1342;1315;1290;1267;1245;1224;1205;1187;1171;1156;1143;1131;1120;1111;1104;1097;1093;1090;1088;1087;1088;1091;1095;1100;1107;1115;1125;1135;1148;1161;1177;1193;1211;1230;1251;1273;1296;1321;1348;1375;1405;1436;1468;1502;1537;1574;1613;1653;1696;1739;1785;1832;1881;1931;1984;2038;2093;;;;;;;;;;;;;;;;;;;;;;;;;;;;;;;;;
3.900;;;;;;;;;;;;;;;;;;;;;;;;;;;;;;;;;;;;;;;;1750;1706;1663;1622;1582;1543;1506;1470;1436;1402;1371;1340;1311;1284;1257;1233;1209;1187;1167;1148;1130;1114;1099;1086;1074;1064;1055;1047;1041;1036;1033;1031;1031;1032;1035;1039;1044;1051;1059;1068;1079;1091;1105;1120;1137;1154;1174;1194;1216;1240;1265;1291;1319;1348;1379;1411;1445;1480;1517;1556;1596;1638;1682;1727;1774;1823;1874;1926;1980;2036;2093;;;;;;;;;;;;;;;;;;;;;;;;;;;;;;;;
3.800;;;;;;;;;;;;;;;;;;;;;;;;;;;;;;;;;;;;;;;1737;1691;1647;1605;1564;1524;1485;1448;1412;1378;1345;1313;1283;1254;1227;1201;1176;1153;1131;1111;1092;1075;1059;1044;1031;1019;1009;1000;992;986;982;978;977;976;977;980;984;989;996;1004;1013;1024;1037;1050;1065;1082;1099;1119;1139;1161;1185;1209;1236;1263;1293;1323;1356;1389;1425;1461;1500;1540;1582;1626;1671;1718;1767;1817;1870;1924;1980;2037;2096;2157;;;;;;;;;;;;;;;;;;;;;;;;;;;;;;
3.700;;;;;;;;;;;;;;;;;;;;;;;;;;;;;;;;;;;;;1774;1726;1679;1634;1590;1548;1507;1467;1429;1392;1356;1322;1289;1258;1228;1199;1172;1146;1122;1099;1077;1057;1038;1021;1005;990;977;965;955;946;939;933;928;925;923;923;924;927;931;936;943;951;960;971;983;997;1012;1028;1046;1065;1086;1108;1131;1156;1182;1210;1239;1270;1302;1335;1371;1408;1446;1486;1528;1571;1616;1663;1712;1762;1815;1869;1925;1982;2042;2103;2165;;;;;;;;;;;;;;;;;;;;;;;;;;;;;
3.600;;;;;;;;;;;;;;;;;;;;;;;;;;;;;;;;;;;;1767;1718;1670;1624;1579;1535;1493;1452;1412;1374;1337;1302;1268;1235;1204;1174;1146;1118;1093;1068;1046;1024;1004;985;968;952;938;925;913;903;894;887;881;876;873;871;871;872;875;879;884;891;899;908;919;932;945;960;977;995;1014;1034;1056;1080;1104;1130;1158;1187;1218;1250;1283;1318;1355;1393;1433;1475;1518;1563;1610;1659;1709;1761;1815;1871;1928;1988;2049;2112;2176;;;;;;;;;;;;;;;;;;;;;;;;;;;;
3.500;;;;;;;;;;;;;;;;;;;;;;;;;;;;;;;;;;;1764;1713;1664;1616;1570;1525;1481;1439;1398;1359;1321;1284;1249;1215;1182;1151;1122;1093;1066;1041;1017;994;973;953;934;917;901;887;874;862;852;844;836;830;826;823;821;821;822;825;829;834;841;849;858;869;882;895;910;927;944;964;984;1006;1029;1054;1080;1108;1137;1167;1199;1233;1268;1305;1343;1382;1424;1467;1512;1559;1607;1657;1709;1763;1818;1876;1935;1996;2059;2124;2190;;;;;;;;;;;;;;;;;;;;;;;;;;;
3.400;;;;;;;;;;;;;;;;;;;;;;;;;;;;;;;;;;1764;1712;1661;1612;1564;1518;1473;1429;1387;1346;1307;1269;1233;1198;1164;1131;1101;1071;1043;1016;991;967;944;923;903;884;867;852;837;825;813;803;794;787;781;777;774;772;772;773;776;780;785;792;800;810;821;833;847;862;878;896;915;936;958;981;1006;1032;1059;1088;1119;1151;1184;1219;1255;1294;1333;1375;1417;1462;1509;1557;1607;1659;1712;1768;1825;1884;1945;2008;2073;2139;2207;;;;;;;;;;;;;;;;;;;;;;;;;;
3.300;;;;;;;;;;;;;;;;;;;;;;;;;;;;;;;;;1768;1714;1661;1611;1561;1514;1467;1422;1379;1337;1296;1257;1219;1183;1148;1114;1082;1051;1022;994;967;942;918;895;874;855;836;819;804;790;777;766;756;747;740;734;730;727;725;725;726;729;733;738;745;753;763;774;786;800;815;831;849;868;889;911;934;959;985;1012;1041;1072;1103;1137;1172;1208;1246;1286;1327;1370;1414;1460;1508;1558;1610;1663;1718;1776;1835;1895;1958;2023;2089;2157;2227;;;;;;;;;;;;;;;;;;;;;;;;;
3.200;;;;;;;;;;;;;;;;;;;;;;;;;;;;;;;;1774;1719;1665;1613;1562;1513;1465;1418;1374;1330;1288;1248;1209;1171;1135;1100;1066;1034;1004;974;946;920;895;871;849;828;808;790;773;758;743;731;719;710;701;694;688;684;681;680;679;681;683;687;693;700;708;717;728;741;754;769;786;804;823;843;865;889;913;939;967;996;1026;1058;1091;1126;1162;1200;1240;1281;1323;1368;1414;1462;1511;1562;1616;1671;1728;1786;1847;1910;1974;2041;2109;2179;2250;;;;;;;;;;;;;;;;;;;;;;;;
3.100;;;;;;;;;;;;;;;;;;;;;;;;;;;;;;;1785;1727;1672;1618;1566;1515;1465;1418;1371;1327;1283;1241;1201;1162;1124;1088;1053;1020;988;958;928;901;874;849;826;803;782;763;745;728;713;699;686;675;665;657;650;644;640;637;635;635;637;639;643;649;656;664;673;684;697;710;726;742;760;779;800;822;845;870;896;923;952;982;1014;1047;1082;1118;1156;1195;1236;1279;1323;1369;1416;1466;1517;1570;1625;1681;1740;1801;1863;1927;1994;2062;2132;2203;2277;;;;;;;;;;;;;;;;;;;;;;;
3.000;;;;;;;;;;;;;;;;;;;;;;;;;;;;;;1798;1739;1682;1627;1573;1520;1469;1420;1372;1326;1281;1238;1196;1156;1117;1079;1043;1009;975;944;913;884;856;830;805;782;760;739;720;702;685;670;656;643;632;622;614;607;601;597;594;593;593;594;597;601;606;613;621;631;642;654;668;683;700;718;737;757;779;803;827;853;881;910;940;972;1005;1039;1076;1113;1152;1193;1236;1280;1325;1373;1422;1473;1526;1580;1637;1695;1756;1818;1882;1948;2016;2086;2158;2231;2306;;;;;;;;;;;;;;;;;;;;;;
2.900;;;;;;;;;;;;;;;;;;;;;;;;;;;;;1815;1755;1696;1639;1583;1529;1476;1426;1376;1328;1282;1237;1194;1152;1112;1073;1036;1000;965;932;901;870;841;814;788;763;740;718;697;678;660;643;628;614;602;591;581;573;566;560;556;553;552;552;553;556;560;566;572;581;590;601;614;627;643;659;677;696;717;739;762;787;813;840;869;899;931;964;999;1035;1072;1111;1152;1194;1238;1284;1331;1380;1431;1483;1538;1594;1652;1712;1774;1838;1904;1972;2042;2113;2187;2262;2339;;;;;;;;;;;;;;;;;;;;;
2.800;;;;;;;;;;;;;;;;;;;;;;;;;;;;1836;1773;1713;1654;1596;1541;1487;1434;1383;1334;1286;1240;1195;1152;1110;1070;1032;994;958;924;891;859;829;800;773;747;722;699;677;657;637;620;603;588;574;562;551;541;533;526;521;517;514;512;512;514;517;521;526;533;542;551;562;575;588;603;620;638;657;677;699;723;747;773;801;829;860;891;925;959;995;1033;1072;1112;1154;1198;1244;1291;1340;1390;1442;1497;1553;1611;1670;1732;1796;1862;1929;1999;2070;2144;2219;2296;;;;;;;;;;;;;;;;;;;;;
2.700;;;;;;;;;;;;;;;;;;;;;;;;;;;1859;1795;1733;1672;1613;1556;1500;1446;1394;1343;1293;1246;1200;1155;1112;1070;1030;991;954;918;884;851;820;790;761;734;708;683;660;638;618;599;581;565;550;536;524;513;503;495;488;483;479;476;475;475;476;479;483;489;496;504;514;525;537;551;566;582;600;619;640;661;685;709;735;763;791;822;853;886;921;957;995;1034;1074;1116;1160;1205;1252;1301;1351;1403;1457;1513;1571;1630;1692;1755;1821;1888;1958;2029;2103;2178;2255;2333;;;;;;;;;;;;;;;;;;;;
2.600;;;;;;;;;;;;;;;;;;;;;;;;;;;1821;1757;1694;1633;1574;1517;1461;1407;1355;1304;1254;1207;1161;1116;1073;1031;991;953;916;880;846;813;782;752;723;696;670;646;623;601;581;562;544;528;513;499;487;476;467;459;452;447;443;440;439;439;440;443;447;453;460;468;478;489;501;515;530;546;564;583;603;625;648;673;699;726;755;785;817;850;884;920;958;997;1037;1079;1123;1168;1215;1264;1314;1366;1420;1475;1533;1592;1653;1717;1782;1849;1918;1990;2063;2138;2215;2294;2374;;;;;;;;;;;;;;;;;;;
2.500;;;;;;;;;;;;;;;;;;;;;;;;;;1849;1783;1719;1657;1596;1537;1480;1424;1370;1317;1266;1217;1169;1123;1079;1036;994;954;916;879;843;809;776;745;715;687;660;634;610;587;565;545;526;509;493;478;464;452;441;432;424;417;412;408;405;404;404;406;409;413;419;426;434;443;454;467;480;495;512;529;548;569;590;613;638;664;691;720;750;781;814;849;885;922;961;1002;1044;1088;1133;1179;1228;1278;1330;1383;1439;1496;1555;1616;1680;1745;1812;1881;1952;2025;2100;2177;2255;2336;;;;;;;;;;;;;;;;;;;
2.400;;;;;;;;;;;;;;;;;;;;;;;;;1881;1813;1747;1683;1621;1560;1501;1444;1388;1334;1281;1230;1181;1134;1088;1043;1000;959;919;880;843;808;774;741;710;681;652;625;600;576;553;531;511;492;475;459;444;431;419;408;399;391;384;379;375;373;371;372;373;376;380;386;393;401;411;422;434;447;462;479;496;515;536;557;580;605;630;658;686;716;748;780;815;851;888;927;968;1010;1054;1099;1145;1194;1244;1295;1349;1404;1461;1520;1581;1644;1709;1776;1845;1915;1988;2063;2140;2219;2299;2382;;;;;;;;;;;;;;;;;;
2.300;;;;;;;;;;;;;;;;;;;;;;;;;1846;1779;1713;1649;1586;1526;1467;1409;1353;1299;1247;1196;1147;1099;1053;1009;966;925;885;847;810;774;740;708;677;647;619;592;567;543;520;499;479;460;443;427;412;399;387;376;367;359;353;348;344;341;340;341;342;345;349;355;362;370;380;390;403;416;431;447;465;484;504;526;548;573;599;626;654;684;715;748;782;818;856;895;935;977;1021;1066;1113;1161;1211;1263;1316;1371;1428;1487;1548;1610;1675;1742;1810;1881;1954;2028;2105;2184;2264;2347;2431;;;;;;;;;;;;;;;;;
2.200;;;;;;;;;;;;;;;;;;;;;;;;1882;1813;1746;1680;1616;1553;1493;1434;1376;1320;1266;1214;1163;1114;1067;1021;976;934;892;853;814;778;742;709;676;645;616;588;561;536;512;489;468;448;429;412;396;382;369;357;346;337;329;323;318;314;312;311;311;313;315;320;325;332;340;350;361;373;386;401;417;435;454;474;495;518;543;568;595;624;654;685;718;752;787;825;863;904;946;990;1035;1081;1130;1180;1231;1285;1340;1396;1455;1516;1578;1643;1709;1778;1848;1921;1995;2072;2150;2231;2313;2397;;;;;;;;;;;;;;;;;
2.100;;;;;;;;;;;;;;;;;;;;;;;1921;1850;1781;1714;1648;1584;1522;1461;1402;1345;1289;1235;1183;1132;1083;1035;990;945;903;861;822;784;747;712;678;646;615;586;558;531;506;482;460;438;419;400;383;367;353;340;328;318;309;301;295;290;286;284;283;283;284;287;292;297;304;312;322;333;345;358;373;389;406;425;445;467;490;514;539;566;595;625;656;688;723;758;795;834;874;916;960;1005;1052;1100;1150;1201;1255;1310;1366;1425;1485;1548;1612;1678;1747;1817;1889;1964;2040;2118;2199;2281;2365;2451;;;;;;;;;;;;;;;;
2.000;;;;;;;;;;;;;;;;;;;;;;;1891;1820;1751;1684;1618;1554;1492;1431;1372;1315;1259;1205;1153;1102;1053;1006;960;916;873;832;792;754;718;683;649;617;586;557;529;503;478;454;432;411;391;373;356;340;326;313;301;291;282;274;268;263;259;257;256;256;258;261;265;270;277;285;295;306;318;331;346;362;380;398;418;440;463;487;512;539;567;597;628;661;695;730;768;806;846;888;931;977;1023;1072;1122;1173;1226;1281;1338;1396;1457;1519;1583;1649;1717;1787;1859;1934;2010;2088;2169;2251;2335;2421;;;;;;;;;;;;;;;;
1.900;;;;;;;;;;;;;;;;;;;;;;1933;1861;1791;1722;1655;1589;1525;1463;1402;1343;1286;1230;1177;1124;1074;1025;977;932;888;845;804;765;727;690;655;622;590;559;530;502;476;451;427;405;384;365;346;330;314;300;287;276;265;256;249;243;238;234;232;231;231;233;235;240;245;252;260;270;280;293;306;321;337;354;373;393;414;437;461;486;513;541;571;602;635;669;704;741;780;820;861;905;950;996;1045;1095;1146;1199;1254;1311;1369;1429;1492;1556;1622;1689;1759;1832;1906;1982;2060;2140;2222;2306;2392;2480;;;;;;;;;;;;;;;
1.800;;;;;;;;;;;;;;;;;;;;;;1905;1833;1763;1694;1627;1561;1498;1435;1375;1316;1259;1203;1150;1097;1047;998;951;905;861;819;778;738;700;664;629;596;564;533;504;477;450;426;402;380;359;340;322;305;290;276;263;251;241;232;225;218;214;210;208;207;207;209;212;216;221;228;236;246;257;269;282;297;313;330;349;369;390;413;437;462;489;517;547;578;610;644;680;717;755;795;837;880;925;971;1019;1069;1121;1174;1229;1285;1344;1404;1466;1530;1596;1663;1733;1805;1879;1955;2033;2113;2195;2279;2365;2453;;;;;;;;;;;;;;;
1.700;;;;;;;;;;;;;;;;;;;;;1952;1878;1807;1736;1668;1601;1535;1472;1409;1349;1290;1233;1178;1124;1072;1021;973;925;880;836;794;753;713;676;639;605;571;539;509;480;453;426;402;378;356;336;317;299;282;267;253;240;228;218;210;202;196;191;187;185;184;185;186;189;193;199;206;214;223;234;246;259;274;290;307;326;346;367;390;414;439;466;494;524;555;587;621;656;693;732;772;813;856;901;947;995;1045;1097;1150;1205;1262;1320;1380;1442;1506;1571;1639;1709;1781;1854;1930;2008;2088;2170;2254;2340;2428;2517;;;;;;;;;;;;;;
1.600;;;;;;;;;;;;;;;;;;;;;1926;1853;1781;1711;1643;1576;1511;1447;1385;1325;1266;1209;1153;1100;1048;997;949;902;856;812;770;729;690;652;616;581;548;516;486;457;430;404;379;356;334;314;295;277;260;245;231;218;207;197;188;181;175;170;166;164;163;163;165;168;172;178;185;193;202;213;225;238;253;269;286;304;324;346;368;392;418;444;472;502;533;565;599;635;671;710;750;791;834;879;925;973;1023;1075;1128;1183;1239;1297;1357;1419;1483;1549;1616;1686;1758;1831;1907;1985;2065;2146;2230;2316;2404;2494;;;;;;;;;;;;;;
1.500;;;;;;;;;;;;;;;;;;;;;1902;1829;1757;1687;1619;1552;1487;1424;1362;1301;1243;1186;1131;1077;1025;975;926;879;834;790;748;707;668;630;594;560;527;495;465;436;409;383;358;335;314;293;274;256;240;224;211;198;187;177;168;161;155;150;146;144;143;144;145;148;152;158;165;173;182;193;205;218;233;249;266;284;304;326;348;372;397;424;452;482;513;545;579;614;651;689;729;771;814;858;905;953;1002;1054;1107;1162;1218;1277;1337;1398;1462;1528;1595;1665;1736;1810;1885;1963;2043;2124;2208;2294;2382;2471;;;;;;;;;;;;;;
1.400;;;;;;;;;;;;;;;;;;;;1953;1879;1806;1735;1665;1597;1530;1465;1402;1340;1280;1221;1164;1109;1056;1004;954;905;858;813;769;727;686;647;610;574;539;506;475;445;416;389;363;339;316;294;274;255;237;221;205;192;179;168;158;149;142;136;131;128;126;125;125;127;130;134;140;146;154;164;174;186;200;214;230;247;266;286;307;329;353;379;405;433;463;494;526;560;595;632;670;710;752;795;839;885;933;983;1034;1087;1142;1199;1257;1317;1379;1443;1508;1576;1645;1716;1790;1865;1943;2023;2104;2188;2273;2361;2451;2542;;;;;;;;;;;;;
1.300;;;;;;;;;;;;;;;;;;;;1931;1857;1785;1714;1644;1576;1510;1445;1381;1320;1260;1201;1144;1089;1036;984;934;886;839;793;750;708;667;628;591;555;520;487;456;426;398;370;345;321;298;276;256;237;219;203;188;174;162;150;141;132;125;119;114;111;108;108;108;110;113;117;122;129;137;147;157;169;183;197;213;230;249;268;290;312;336;361;388;416;445;476;509;542;578;614;653;693;734;777;821;868;916;965;1016;1069;1124;1181;1239;1299;1361;1425;1490;1558;1627;1698;1772;1847;1925;2004;2086;2169;2255;2342;2432;2523;;;;;;;;;;;;;
1.200;;;;;;;;;;;;;;;;;;;1986;1911;1837;1765;1694;1625;1557;1490;1426;1362;1301;1241;1182;1126;1071;1017;966;916;867;821;775;732;690;649;610;573;537;503;470;439;409;380;353;328;304;281;259;239;220;203;186;171;158;145;134;124;116;109;103;98;95;93;92;92;94;97;101;107;113;121;131;141;153;167;181;197;214;233;252;274;296;320;345;372;400;429;460;492;526;561;598;637;676;718;761;805;851;899;949;1000;1053;1108;1164;1223;1283;1345;1408;1474;1541;1610;1682;1755;1830;1908;1987;2069;2152;2237;2325;2414;2505;;;;;;;;;;;;;
1.100;;;;;;;;;;;;;;;;;;;1967;1892;1819;1747;1676;1607;1539;1473;1408;1345;1283;1223;1165;1109;1054;1000;949;899;850;804;759;715;673;633;594;557;521;486;454;423;393;364;338;312;288;265;244;224;205;187;171;156;143;130;119;110;101;94;88;83;80;78;77;78;79;82;87;92;99;107;116;127;139;152;167;182;200;218;238;259;281;305;330;357;385;414;445;478;511;547;583;622;661;703;746;790;836;884;934;985;1038;1093;1149;1208;1268;1330;1393;1459;1526;1595;1667;1740;1815;1893;1972;2053;2137;2222;2309;2398;2489;2582;;;;;;;;;;;;
1.000;;;;;;;;;;;;;;;;;;;1950;1875;1802;1730;1659;1590;1522;1456;1391;1328;1267;1207;1149;1093;1038;985;933;883;835;788;743;700;658;618;579;542;506;472;439;408;378;350;323;298;274;251;230;210;191;174;157;142;129;117;106;96;88;80;75;70;67;65;64;64;66;69;73;79;86;94;103;114;126;139;153;169;186;205;224;246;268;292;317;344;372;401;432;464;498;533;570;608;648;689;732;777;823;871;920;972;1024;1079;1136;1194;1254;1316;1380;1445;1513;1582;1653;1726;1802;1879;1958;2040;2123;2208;2295;2384;2475;2568;;;;;;;;;;;;
0.900;;;;;;;;;;;;;;;;;;;1934;1859;1786;1714;1644;1575;1507;1441;1377;1314;1252;1193;1135;1078;1024;970;919;869;821;774;730;686;644;604;565;528;492;458;426;394;365;337;310;285;261;238;217;197;178;161;145;130;117;104;93;84;75;68;62;58;54;52;52;52;54;57;61;67;74;82;91;102;114;127;141;157;174;193;212;234;256;280;305;332;360;389;420;452;486;521;558;596;636;677;720;765;811;859;908;959;1012;1067;1124;1182;1242;1304;1368;1433;1501;1570;1641;1715;1790;1867;1946;2028;2111;2196;2283;2372;2463;2555;;;;;;;;;;;;
0.800;;;;;;;;;;;;;;;;;;1995;1920;1845;1772;1700;1630;1561;1494;1428;1363;1300;1239;1180;1122;1065;1011;958;906;857;808;762;717;674;632;591;553;516;480;446;413;383;353;325;299;273;249;227;206;186;167;150;134;119;105;93;82;73;64;57;51;47;44;42;41;41;43;46;51;56;63;71;80;91;103;116;131;146;164;182;202;223;245;269;294;321;349;378;409;441;475;510;547;585;625;666;709;754;800;848;897;949;1002;1056;1113;1171;1231;1293;1357;1423;1490;1560;1631;1704;1780;1857;1936;2017;2100;2185;2272;2361;2452;2544;;;;;;;;;;;;
0.700;;;;;;;;;;;;;;;;;;1982;1907;1833;1760;1688;1618;1549;1481;1416;1351;1288;1227;1168;1110;1054;999;946;895;845;797;751;706;662;621;580;542;505;469;435;403;372;343;315;288;263;239;217;195;175;157;140;124;109;95;83;72;63;55;48;42;37;34;32;31;32;34;37;41;47;53;62;71;82;93;107;121;137;154;173;192;213;236;260;285;311;339;369;400;432;466;501;538;576;616;657;700;745;791;839;888;939;992;1047;1104;1162;1222;1284;1348;1414;1481;1551;1622;1696;1771;1848;1927;2008;2092;2177;2263;2352;2443;2535;2629;;;;;;;;;;;
0.600;;;;;;;;;;;;;;;;;;1971;1896;1822;1749;1677;1607;1538;1471;1405;1341;1278;1217;1158;1100;1044;989;936;885;835;787;741;696;653;611;571;532;495;460;426;393;363;334;306;279;254;230;208;187;167;148;131;115;100;87;75;64;54;46;39;33;29;26;24;23;24;25;29;33;38;45;53;63;73;85;99;113;129;146;164;184;205;228;252;277;303;331;361;392;424;458;493;530;568;608;649;692;737;783;831;880;931;984;1039;1096;1154;1214;1276;1340;1406;1474;1544;1615;1688;1764;1841;1920;2001;2084;2169;2256;2345;2435;2528;2621;;;;;;;;;;;
0.500;;;;;;;;;;;;;;;;;;1962;1886;1812;1739;1668;1598;1529;1462;1396;1332;1269;1208;1149;1091;1035;980;927;876;827;779;732;688;644;603;562;524;487;452;418;386;355;326;298;271;246;223;200;179;159;141;123;108;93;80;68;57;47;39;32;26;22;19;17;16;17;19;22;26;32;38;47;56;67;78;92;106;122;139;158;177;198;221;245;270;297;325;354;385;417;451;486;523;561;601;642;685;730;776;824;873;925;978;1032;1089;1147;1208;1270;1334;1400;1468;1538;1609;1683;1758;1835;1914;1996;2079;2164;2250;2339;2429;2522;2615;;;;;;;;;;;
0.400;;;;;;;;;;;;;;;;;2030;1954;1878;1804;1731;1660;1590;1521;1454;1388;1324;1261;1200;1141;1083;1027;973;920;869;820;772;725;681;637;596;555;517;480;445;411;379;349;319;292;265;240;216;194;173;153;134;117;101;87;74;62;51;41;33;26;20;16;13;11;10;11;13;16;20;26;33;41;50;61;73;86;101;116;134;152;172;193;215;239;265;291;319;349;379;412;446;481;518;556;596;637;680;725;771;819;868;920;973;1027;1084;1142;1203;1265;1329;1395;1463;1533;1605;1678;1754;1831;1910;1992;2075;2160;2246;2335;2425;2517;2611;;;;;;;;;;;
0.300;;;;;;;;;;;;;;;;;2024;1948;1872;1798;1725;1654;1583;1515;1448;1382;1318;1255;1194;1135;1078;1022;967;914;863;814;766;720;675;632;590;550;511;475;439;406;374;343;314;286;260;235;211;189;168;148;130;112;97;82;69;57;46;37;28;22;16;12;8;7;6;7;8;12;16;22;28;37;46;57;69;82;96;112;129;148;168;189;211;235;260;287;315;344;375;408;442;477;514;552;592;633;676;721;767;815;864;916;969;1024;1080;1139;1199;1262;1326;1392;1460;1530;1602;1676;1751;1829;1908;1989;2072;2157;2244;2333;2423;2515;2608;;;;;;;;;;;
0.200;;;;;;;;;;;;;;;;;2020;1943;1868;1793;1720;1649;1579;1510;1443;1377;1313;1251;1190;1131;1073;1017;963;910;859;810;762;715;671;627;586;546;507;471;435;402;370;340;310;283;256;231;208;185;164;144;126;109;93;79;65;53;43;33;25;18;13;8;5;3;3;3;5;8;13;18;25;33;43;54;66;79;93;109;126;145;165;186;208;232;258;284;312;342;373;405;439;474;511;549;589;631;674;718;765;812;862;913;966;1021;1078;1137;1197;1259;1324;1390;1459;1529;1601;1674;1750;1828;1907;1988;2071;2156;2243;2332;2422;2514;2607;;;;;;;;;;;
0.100;;;;;;;;;;;;;;;;;2017;1940;1865;1790;1717;1646;1576;1507;1440;1374;1310;1247;1187;1127;1070;1014;960;907;856;807;759;712;668;624;583;543;505;468;433;399;368;337;308;280;254;229;205;183;162;142;124;107;91;76;63;51;40;31;23;16;11;6;3;1;1;1;3;6;11;17;23;32;41;52;64;77;92;108;125;143;163;184;207;231;256;283;311;340;371;404;437;473;510;548;588;629;672;717;763;811;861;912;966;1020;1077;1136;1196;1259;1323;1390;1458;1529;1601;1675;1751;1828;1908;1989;2072;2157;2244;2333;2423;2515;2608;;;;;;;;;;;
0.000;;;;;;;;;;;;;;;;;2016;1939;1863;1789;1716;1644;1574;1505;1438;1372;1308;1246;1185;1126;1068;1012;958;905;854;805;757;711;666;623;581;542;503;467;432;398;366;336;307;279;253;228;204;182;161;141;123;106;90;75;62;50;40;30;22;15;10;5;2;1;0;1;3;6;10;16;23;31;41;51;63;77;91;107;124;143;163;184;207;230;256;282;311;340;371;404;437;473;510;548;588;630;673;717;764;812;861;913;966;1021;1078;1136;1197;1260;1324;1391;1460;1530;1602;1677;1753;1830;1910;1991;2075;2160;2247;2335;2425;2517;2610;2705;;;;;;;;;;
-0.100;;;;;;;;;;;;;;;;;2017;1940;1864;1789;1716;1644;1574;1505;1438;1372;1308;1246;1185;1125;1068;1012;958;905;854;805;757;711;666;623;581;542;503;467;432;399;367;336;307;279;253;228;204;182;161;141;123;106;90;76;63;51;40;31;23;16;10;6;3;1;1;1;3;6;11;17;24;32;41;52;64;77;92;108;125;144;164;185;208;232;257;284;312;341;372;405;439;474;511;550;590;631;674;719;765;814;863;915;968;1023;1080;1139;1199;1262;1327;1394;1462;1533;1606;1680;1756;1834;1914;1995;2079;2164;2251;2339;2429;2521;2615;2709;;;;;;;;;;
-0.200;;;;;;;;;;;;;;;;;2019;1942;1866;1791;1718;1646;1575;1507;1439;1373;1309;1247;1186;1127;1069;1013;959;906;855;806;758;712;667;624;583;543;505;468;433;400;368;338;309;281;255;230;206;184;163;143;125;108;92;77;64;52;42;32;24;18;12;8;5;3;2;3;5;8;13;19;26;34;43;54;66;80;94;110;127;146;166;187;210;234;259;286;314;344;375;407;441;477;514;552;592;634;677;722;769;817;867;918;971;1026;1083;1142;1203;1266;1331;1398;1467;1538;1610;1685;1761;1839;1919;2001;2084;2169;2256;2345;2435;2527;2620;2715;;;;;;;;;;
-0.300;;;;;;;;;;;;;;;;;2023;1946;1870;1795;1721;1649;1579;1509;1442;1376;1312;1249;1189;1129;1072;1016;962;909;858;809;761;715;670;627;586;546;508;471;436;403;371;341;311;284;257;232;209;187;166;146;128;111;95;80;67;55;45;35;27;21;15;11;8;6;6;6;8;12;16;22;29;37;47;58;70;83;98;114;131;150;170;191;214;238;263;290;318;348;379;411;446;481;518;557;597;638;682;727;773;821;871;923;976;1031;1088;1147;1208;1271;1336;1403;1472;1544;1617;1691;1768;1846;1926;2008;2091;2177;2264;2352;2443;2535;2628;2723;;;;;;;;;;
-0.400;;;;;;;;;;;;;;;;;2029;1952;1875;1800;1726;1654;1583;1514;1446;1381;1316;1254;1193;1133;1076;1020;966;913;862;813;765;719;674;631;590;550;512;475;441;407;375;345;316;288;262;237;213;191;170;150;132;115;99;85;71;60;49;40;32;25;19;15;12;10;10;11;13;16;21;26;33;42;51;62;74;88;102;118;136;154;174;196;219;243;268;295;323;353;384;417;451;486;524;562;602;644;687;732;779;827;877;929;982;1038;1095;1154;1215;1278;1343;1410;1480;1551;1624;1699;1776;1854;1934;2016;2100;2186;2273;2362;2452;2544;2637;2732;;;;;;;;;;
-0.500;;;;;;;;;;;;;;;;;2037;1959;1882;1807;1733;1660;1589;1520;1452;1386;1322;1259;1198;1139;1081;1025;971;919;868;818;770;724;680;637;595;556;517;481;446;413;381;350;321;294;267;242;219;196;175;156;137;120;105;90;77;65;55;45;37;30;25;21;18;16;16;16;18;22;26;32;39;48;57;68;80;94;108;125;142;161;181;202;225;249;275;301;330;360;391;423;458;493;530;569;609;651;695;740;786;835;885;937;990;1046;1103;1162;1223;1286;1351;1419;1489;1560;1634;1709;1786;1864;1945;2027;2111;2196;2283;2372;2463;2555;2648;2743;;;;;;;;;;
-0.600;;;;;;;;;;;;;;;;;2047;1968;1891;1815;1741;1668;1597;1528;1460;1394;1329;1266;1205;1146;1088;1032;978;925;874;825;777;731;687;644;602;563;524;488;453;420;388;357;328;300;274;249;225;203;182;162;144;127;111;97;84;72;61;52;44;37;32;28;25;23;23;23;25;29;33;39;46;55;64;75;87;101;116;132;149;168;188;210;232;257;282;309;338;367;399;432;466;501;539;578;618;660;703;748;795;844;894;946;999;1055;1112;1172;1233;1296;1362;1429;1499;1571;1644;1720;1797;1876;1956;2038;2123;2208;2296;2385;2475;2568;2661;2756;;;;;;;;;;
-0.700;;;;;;;;;;;;;;;;;2058;1979;1901;1825;1751;1678;1607;1537;1469;1403;1338;1275;1214;1155;1097;1041;986;934;883;833;786;739;695;652;611;571;533;496;461;428;396;365;336;309;282;257;234;211;190;171;152;135;120;105;92;80;70;60;52;46;40;36;33;31;31;32;34;37;42;48;55;63;73;84;96;110;124;141;158;177;197;219;241;266;291;318;347;377;408;441;475;511;548;587;628;670;713;758;805;854;904;956;1010;1066;1123;1183;1244;1307;1373;1441;1511;1583;1657;1732;1810;1889;1969;2052;2136;2222;2310;2399;2490;2582;2676;2771;;;;;;;;;;
-0.800;;;;;;;;;;;;;;;;;2071;1991;1914;1837;1762;1689;1618;1548;1479;1413;1348;1285;1224;1164;1107;1051;996;944;893;843;795;749;705;662;620;581;542;506;471;438;406;375;346;318;292;267;243;221;200;180;162;145;129;115;101;90;79;70;62;55;50;45;42;41;40;41;43;47;51;57;64;73;83;94;106;119;134;151;168;187;207;229;252;276;302;329;357;387;419;452;486;522;559;598;639;681;725;770;817;866;916;968;1022;1078;1136;1195;1257;1320;1386;1455;1525;1597;1671;1747;1824;1903;1984;2067;2151;2237;2325;2415;2506;2598;2692;2787;;;;;;;;;;
-0.900;;;;;;;;;;;;;;;;;2085;2006;1927;1851;1776;1702;1630;1560;1492;1425;1360;1297;1236;1176;1118;1062;1007;955;904;854;807;760;716;673;631;592;554;517;482;449;417;386;357;329;303;278;254;231;210;191;172;155;140;125;112;100;90;81;73;66;60;56;53;52;51;52;54;58;62;68;75;84;94;105;117;131;146;162;179;198;219;240;263;288;313;341;369;399;431;464;498;534;572;611;651;694;737;783;830;879;929;982;1036;1092;1150;1209;1271;1335;1401;1470;1540;1612;1686;1762;1840;1919;2001;2083;2168;2254;2342;2432;2523;2616;2710;;;;;;;;;;;
-1.000;;;;;;;;;;;;;;;;;2102;2022;1943;1866;1790;1716;1644;1574;1505;1438;1373;1310;1249;1189;1131;1075;1020;967;916;867;819;773;728;685;644;604;566;529;494;461;429;398;369;341;315;290;266;244;223;203;185;168;152;137;124;112;102;93;85;78;72;68;65;64;63;64;66;70;75;81;88;96;106;117;130;143;158;174;192;211;231;253;276;301;326;354;382;413;444;477;512;548;586;625;665;708;752;797;845;894;944;997;1051;1107;1165;1225;1287;1351;1418;1486;1557;1629;1704;1780;1858;1937;2018;2102;2186;2273;2361;2451;2543;2636;2730;;;;;;;;;;;
-1.100;;;;;;;;;;;;;;;;;2120;2039;1960;1883;1807;1733;1660;1589;1521;1454;1388;1325;1263;1203;1145;1089;1034;981;930;881;833;787;742;699;658;618;580;543;508;475;442;412;383;355;328;303;279;257;236;216;198;181;165;151;138;126;115;106;98;91;86;82;79;77;77;78;80;83;88;94;101;110;120;131;143;157;172;188;206;225;246;267;290;315;341;368;397;427;459;492;527;563;601;640;681;723;767;813;861;910;961;1013;1068;1124;1182;1242;1304;1369;1436;1504;1575;1648;1722;1799;1877;1956;2038;2121;2206;2293;2382;2472;2564;2657;2752;;;;;;;;;;;
-1.200;;;;;;;;;;;;;;;;;2139;2058;1979;1901;1825;1750;1678;1607;1537;1470;1405;1341;1279;1219;1161;1105;1050;997;946;896;848;802;758;715;673;633;595;558;523;490;457;427;397;370;343;318;294;272;251;231;213;196;180;165;152;141;130;121;113;106;101;96;94;92;92;93;95;98;103;109;116;125;135;146;158;172;187;204;221;241;261;283;306;331;357;384;413;443;475;508;543;579;617;657;698;740;785;830;878;927;978;1031;1086;1142;1201;1261;1323;1388;1455;1524;1595;1668;1743;1819;1897;1977;2059;2143;2228;2315;2404;2495;2587;2680;2775;;;;;;;;;;;
-1.300;;;;;;;;;;;;;;;;;2161;2079;1999;1921;1845;1770;1697;1625;1556;1488;1423;1359;1297;1237;1178;1122;1067;1014;963;913;865;819;774;731;690;650;612;575;540;506;474;443;414;386;359;334;310;288;267;247;229;212;196;182;168;157;146;137;129;122;117;113;110;108;108;109;111;114;119;125;133;141;151;162;175;189;204;220;238;257;278;300;323;348;374;401;430;461;493;526;561;597;635;675;716;759;803;849;897;946;998;1051;1105;1162;1221;1281;1344;1409;1476;1545;1617;1690;1764;1841;1920;2000;2082;2166;2252;2339;2428;2519;2611;2705;2801;;;;;;;;;;;
-1.400;;;;;;;;;;;;;;;;;2184;2102;2022;1943;1866;1791;1717;1646;1576;1508;1442;1378;1316;1256;1197;1141;1086;1033;981;932;884;837;793;750;708;668;630;593;558;524;492;461;431;403;377;352;328;305;284;265;246;229;213;199;186;174;163;154;146;139;134;130;127;126;125;126;128;132;137;143;150;159;169;180;193;207;222;238;256;275;296;318;341;366;392;420;449;480;512;545;580;617;655;694;736;779;823;869;917;967;1018;1072;1127;1184;1242;1303;1366;1432;1499;1568;1640;1713;1788;1865;1944;2024;2106;2191;2277;2364;2454;2545;2638;2732;2828;;;;;;;;;;;
-1.500;;;;;;;;;;;;;;;;;;2126;2046;1966;1889;1813;1740;1668;1598;1530;1463;1399;1337;1276;1218;1161;1106;1053;1001;951;903;857;812;769;728;688;649;612;577;543;511;480;450;422;396;370;347;324;303;283;265;248;232;218;204;193;182;173;165;158;153;149;146;144;144;145;147;151;156;162;169;178;188;199;212;226;241;258;276;295;316;338;361;386;412;440;469;500;532;566;601;637;676;715;757;800;845;891;939;989;1041;1094;1149;1207;1266;1327;1390;1456;1523;1593;1664;1738;1813;1890;1969;2050;2132;2217;2303;2391;2481;2573;2666;2761;2857;;;;;;;;;;;
-1.600;;;;;;;;;;;;;;;;;;2152;2071;1992;1914;1838;1764;1691;1621;1553;1486;1422;1359;1298;1240;1183;1127;1074;1023;973;925;878;833;790;749;709;670;633;598;564;531;500;471;443;416;391;367;344;323;303;285;268;252;238;224;213;202;193;185;178;173;169;166;164;164;165;167;171;176;182;189;198;208;220;232;246;262;278;296;316;336;359;382;407;434;461;491;521;554;587;623;659;698;738;779;823;868;914;962;1013;1064;1118;1174;1231;1290;1352;1416;1481;1549;1619;1691;1764;1840;1917;1996;2077;2160;2245;2332;2420;2510;2602;2696;2791;;;;;;;;;;;;
-1.700;;;;;;;;;;;;;;;;;;2180;2098;2018;1940;1864;1789;1717;1646;1578;1511;1446;1383;1322;1263;1206;1151;1097;1045;996;947;901;856;813;771;731;693;655;620;586;553;522;492;464;438;412;388;366;345;325;306;289;273;259;246;234;223;214;206;200;194;190;187;186;186;187;189;193;197;204;211;220;230;241;254;268;284;300;319;338;359;381;405;430;456;484;514;544;577;611;646;683;722;762;804;847;892;939;987;1038;1090;1144;1199;1257;1317;1379;1443;1509;1577;1647;1719;1792;1868;1946;2025;2106;2190;2275;2362;2451;2541;2634;2728;2824;;;;;;;;;;;;
-1.800;;;;;;;;;;;;;;;;;;2209;2127;2047;1969;1892;1817;1744;1673;1604;1537;1472;1409;1348;1288;1231;1175;1122;1070;1020;972;925;880;837;795;755;716;679;643;609;576;545;516;487;461;435;411;389;367;348;329;312;296;282;269;257;246;237;229;222;217;213;210;209;208;210;212;216;220;227;234;243;253;265;277;292;307;324;342;362;383;405;429;454;480;508;538;569;601;635;671;708;747;787;829;873;918;965;1014;1064;1117;1171;1227;1285;1345;1407;1471;1538;1606;1676;1748;1822;1898;1976;2055;2137;2221;2306;2394;2483;2574;2667;2762;2858;;;;;;;;;;;;
-1.900;;;;;;;;;;;;;;;;;;2240;2158;2077;1998;1921;1846;1773;1701;1632;1565;1499;1436;1375;1315;1257;1202;1148;1096;1046;997;951;906;862;821;780;742;704;669;634;601;570;540;512;485;460;436;413;392;372;353;336;320;306;293;281;270;261;253;247;241;237;234;233;233;234;236;240;245;251;259;268;278;289;302;316;332;349;367;387;408;430;454;479;506;534;564;595;628;662;697;735;774;814;856;900;946;993;1042;1092;1145;1200;1256;1314;1374;1437;1502;1568;1636;1707;1779;1853;1929;2007;2087;2170;2254;2339;2427;2517;2609;2702;2798;2895;;;;;;;;;;;;
-2.000;;;;;;;;;;;;;;;;;;;2190;2109;2030;1953;1877;1803;1732;1662;1594;1529;1465;1403;1343;1286;1230;1176;1124;1073;1025;978;933;889;847;807;768;731;695;661;628;596;566;538;511;485;461;439;417;397;379;362;346;331;318;306;296;287;279;272;267;263;260;258;258;259;262;266;271;277;285;294;304;315;328;343;358;375;394;413;434;457;481;506;533;561;591;622;655;689;725;763;802;843;885;929;975;1022;1071;1122;1175;1230;1287;1345;1406;1469;1533;1600;1669;1739;1812;1886;1963;2041;2121;2204;2288;2374;2463;2553;2645;2739;2835;;;;;;;;;;;;;
-2.100;;;;;;;;;;;;;;;;;;;2224;2143;2063;1986;1910;1836;1764;1694;1626;1560;1496;1434;1374;1316;1259;1205;1153;1102;1054;1007;961;918;876;836;797;759;723;689;656;624;594;565;538;513;489;466;445;425;406;389;373;358;345;333;323;314;306;299;294;290;287;285;285;287;289;293;298;304;312;321;331;343;356;370;386;403;421;441;462;485;509;535;562;590;620;651;684;719;755;792;832;873;915;959;1005;1053;1102;1154;1207;1262;1319;1378;1439;1502;1567;1634;1703;1774;1846;1921;1998;2076;2157;2240;2325;2411;2500;2591;2684;2778;2875;;;;;;;;;;;;;
-2.200;;;;;;;;;;;;;;;;;;;2260;2178;2099;2021;1944;1870;1798;1727;1659;1592;1528;1466;1405;1347;1291;1236;1184;1133;1084;1037;992;948;906;865;826;789;753;718;685;653;623;594;567;541;517;494;473;453;434;417;401;387;374;362;351;342;334;327;322;318;315;314;314;315;318;321;326;333;341;350;360;372;385;399;415;432;451;471;492;515;539;565;592;620;650;682;715;750;786;824;863;904;947;991;1037;1085;1135;1187;1240;1296;1353;1412;1474;1537;1602;1669;1738;1809;1882;1957;2034;2113;2194;2278;2363;2450;2539;2631;2724;2820;2917;;;;;;;;;;;;;
-2.300;;;;;;;;;;;;;;;;;;;;2215;2136;2057;1981;1906;1833;1763;1694;1627;1562;1500;1439;1380;1324;1269;1216;1165;1116;1069;1023;979;937;897;858;820;784;750;716;685;654;625;598;572;548;525;503;483;464;447;431;417;403;392;381;372;364;357;352;348;345;344;344;345;348;351;357;363;371;380;390;402;415;430;446;463;482;502;523;546;570;596;623;652;682;714;747;782;818;856;896;937;980;1025;1071;1120;1170;1221;1275;1331;1389;1448;1510;1573;1639;1706;1776;1847;1920;1995;2073;2152;2234;2317;2403;2491;2581;2673;2767;2863;;;;;;;;;;;;;;
-2.400;;;;;;;;;;;;;;;;;;;;2254;2174;2096;2019;1944;1871;1800;1731;1664;1599;1536;1475;1416;1359;1304;1251;1199;1150;1102;1057;1013;970;930;891;853;817;782;749;717;687;657;630;604;579;556;535;515;496;479;463;448;435;423;412;403;395;388;383;379;377;375;375;376;379;383;388;395;403;412;422;434;447;462;478;495;514;534;556;579;603;629;656;685;716;748;781;816;853;891;931;972;1015;1060;1107;1155;1206;1258;1312;1368;1426;1486;1548;1612;1677;1745;1815;1886;1960;2035;2113;2193;2275;2359;2445;2533;2624;2716;2811;2908;;;;;;;;;;;;;;
-2.500;;;;;;;;;;;;;;;;;;;;2295;2215;2136;2059;1984;1910;1839;1770;1702;1637;1573;1512;1453;1395;1340;1287;1235;1186;1138;1092;1048;1005;964;925;887;851;817;783;751;721;691;664;637;613;590;568;548;529;512;496;481;468;456;445;436;428;421;416;412;409;408;408;409;412;416;421;428;436;445;456;468;481;496;512;529;548;568;590;613;638;664;691;720;751;783;816;852;888;927;967;1009;1052;1097;1144;1193;1244;1296;1351;1407;1465;1526;1588;1652;1718;1785;1855;1927;2001;2077;2155;2235;2318;2402;2489;2578;2669;2762;2858;2956;;;;;;;;;;;;;;
-2.600;;;;;;;;;;;;;;;;;;;;;2257;2178;2101;2026;1952;1880;1810;1742;1677;1613;1551;1491;1434;1378;1324;1273;1223;1175;1129;1084;1041;1000;961;923;887;852;819;787;756;727;699;673;648;624;603;582;564;546;530;515;502;490;479;470;462;456;450;446;444;442;442;444;446;450;456;462;470;480;490;503;516;531;547;565;583;604;626;649;674;700;728;757;787;820;853;889;926;965;1005;1047;1091;1136;1183;1232;1283;1336;1391;1448;1506;1567;1629;1693;1760;1828;1898;1970;2044;2121;2199;2280;2363;2448;2535;2625;2717;2811;2907;;;;;;;;;;;;;;;
-2.700;;;;;;;;;;;;;;;;;;;;;2300;2222;2145;2069;1995;1923;1853;1785;1719;1654;1592;1532;1474;1418;1364;1312;1262;1214;1167;1122;1079;1038;999;961;925;890;856;824;794;764;737;710;685;661;639;619;600;582;566;551;538;526;515;506;498;491;486;482;480;478;478;480;482;487;492;499;507;516;527;539;553;568;584;601;621;641;663;686;711;738;766;795;826;858;892;928;965;1004;1045;1087;1131;1177;1224;1273;1325;1378;1433;1490;1549;1610;1672;1737;1803;1872;1942;2015;2089;2166;2245;2326;2410;2496;2583;2674;2766;2861;2958;;;;;;;;;;;;;;;
-2.800;;;;;;;;;;;;;;;;;;;;;;2267;2190;2115;2041;1968;1898;1829;1763;1698;1635;1575;1517;1460;1406;1353;1303;1254;1207;1162;1119;1078;1038;1000;964;929;895;863;833;803;775;749;724;700;677;657;638;620;604;589;576;564;553;543;535;529;524;520;517;516;516;517;520;524;530;536;545;554;565;577;591;606;622;640;659;680;702;726;751;777;805;835;866;898;933;969;1006;1045;1086;1129;1173;1219;1267;1316;1368;1422;1477;1534;1593;1654;1717;1782;1849;1918;1988;2061;2136;2214;2293;2375;2459;2545;2634;2725;2818;2914;;;;;;;;;;;;;;;;
-2.900;;;;;;;;;;;;;;;;;;;;;;2315;2238;2162;2088;2015;1944;1876;1809;1744;1681;1620;1561;1504;1449;1396;1345;1297;1249;1204;1161;1119;1079;1041;1004;969;936;904;873;844;816;789;764;740;718;697;677;660;643;628;615;603;592;583;575;568;563;559;556;555;555;556;559;563;569;576;584;594;605;617;631;646;662;680;700;720;743;766;792;818;847;876;908;940;975;1011;1049;1088;1129;1172;1217;1263;1311;1361;1413;1467;1523;1580;1640;1701;1764;1829;1896;1965;2037;2110;2186;2263;2344;2426;2510;2597;2687;2778;2872;2969;;;;;;;;;;;;;;;;
-3.000;;;;;;;;;;;;;;;;;;;;;;;2287;2211;2137;2064;1993;1924;1857;1791;1728;1667;1607;1550;1495;1441;1390;1341;1293;1248;1204;1162;1122;1083;1047;1011;978;945;915;886;858;831;806;782;760;739;719;701;684;669;656;644;633;623;615;609;603;599;597;596;596;597;600;604;610;617;625;635;646;658;672;687;704;722;742;763;785;809;834;861;890;920;951;984;1019;1055;1093;1133;1174;1217;1262;1309;1358;1408;1460;1515;1570;1628;1688;1749;1813;1878;1946;2015;2087;2161;2237;2315;2396;2479;2564;2652;2742;2834;2929;;;;;;;;;;;;;;;;;
-3.100;;;;;;;;;;;;;;;;;;;;;;;2337;2262;2188;2115;2044;1974;1907;1841;1777;1715;1656;1598;1542;1489;1437;1387;1339;1293;1249;1207;1166;1128;1091;1055;1021;989;958;929;901;875;849;826;803;782;762;744;727;712;698;686;675;666;658;651;646;642;639;638;638;640;643;647;653;660;668;678;689;701;715;731;748;766;786;807;829;853;879;906;935;965;997;1030;1065;1101;1140;1180;1221;1265;1310;1357;1406;1457;1509;1564;1620;1678;1738;1800;1864;1929;1997;2067;2139;2214;2290;2369;2450;2534;2620;2708;2799;2892;2988;;;;;;;;;;;;;;;;;
-3.200;;;;;;;;;;;;;;;;;;;;;;;;2315;2241;2168;2097;2027;1959;1893;1829;1767;1706;1648;1592;1538;1486;1435;1387;1341;1296;1254;1213;1174;1136;1101;1067;1034;1003;974;946;919;894;871;848;827;808;789;772;757;743;731;720;710;702;695;690;686;683;682;682;684;687;691;697;704;712;722;734;746;760;776;793;811;831;852;875;899;925;952;981;1012;1044;1077;1112;1149;1188;1228;1270;1314;1360;1407;1456;1507;1560;1615;1671;1730;1790;1852;1916;1982;2051;2121;2194;2269;2346;2426;2507;2592;2678;2767;2859;2953;;;;;;;;;;;;;;;;;;
-3.300;;;;;;;;;;;;;;;;;;;;;;;;2369;2295;2223;2151;2082;2013;1947;1882;1820;1759;1700;1644;1589;1536;1486;1437;1390;1345;1302;1261;1222;1184;1148;1114;1081;1050;1021;993;966;941;917;895;874;854;836;819;804;789;777;766;756;748;741;736;732;729;728;728;730;733;737;743;750;759;769;780;793;807;823;840;858;878;900;923;947;973;1001;1030;1060;1093;1127;1162;1199;1238;1279;1321;1365;1411;1459;1508;1560;1613;1668;1724;1783;1844;1906;1971;2038;2107;2178;2251;2326;2404;2484;2567;2652;2739;2829;2922;3017;;;;;;;;;;;;;;;;;;
-3.400;;;;;;;;;;;;;;;;;;;;;;;;;2351;2279;2208;2138;2070;2003;1938;1875;1814;1755;1697;1642;1589;1538;1489;1442;1396;1353;1311;1272;1234;1197;1163;1130;1099;1069;1041;1014;989;965;943;922;902;884;867;852;838;825;814;804;796;789;783;779;777;776;776;777;781;785;791;798;807;817;828;841;855;871;888;907;927;949;972;997;1023;1051;1080;1111;1144;1178;1213;1251;1290;1331;1374;1418;1464;1512;1562;1614;1667;1722;1780;1839;1900;1963;2028;2095;2165;2236;2310;2386;2465;2545;2628;2714;2802;2893;2987;;;;;;;;;;;;;;;;;;;
-3.500;;;;;;;;;;;;;;;;;;;;;;;;;;2337;2266;2196;2128;2061;1996;1932;1871;1811;1753;1698;1644;1593;1543;1495;1449;1406;1364;1323;1285;1248;1214;1180;1149;1119;1091;1064;1039;1015;992;971;952;934;917;902;888;875;864;854;845;838;833;829;826;825;825;827;830;834;840;848;856;867;878;891;906;922;939;958;978;1000;1023;1048;1075;1103;1132;1163;1196;1231;1267;1305;1344;1385;1428;1473;1520;1568;1618;1670;1724;1779;1837;1897;1958;2022;2087;2155;2225;2297;2372;2448;2527;2609;2693;2779;2868;2960;;;;;;;;;;;;;;;;;;;;
-3.600;;;;;;;;;;;;;;;;;;;;;;;;;;2397;2326;2256;2188;2121;2056;1992;1930;1870;1812;1755;1701;1649;1599;1551;1505;1460;1418;1377;1338;1302;1266;1233;1201;1171;1142;1115;1090;1066;1044;1023;1003;985;968;953;939;926;915;905;897;890;884;880;878;876;877;878;881;886;892;899;908;918;930;943;958;974;991;1010;1031;1053;1077;1102;1128;1157;1186;1218;1251;1286;1322;1360;1400;1441;1485;1530;1577;1625;1676;1728;1782;1838;1896;1956;2018;2083;2149;2217;2288;2360;2436;2513;2593;2675;2760;2847;2937;3030;;;;;;;;;;;;;;;;;;;;
-3.700;;;;;;;;;;;;;;;;;;;;;;;;;;;2387;2318;2250;2183;2117;2053;1991;1931;1872;1815;1761;1708;1657;1608;1562;1517;1474;1433;1394;1357;1321;1287;1255;1225;1196;1169;1143;1119;1097;1075;1056;1038;1021;1006;992;979;968;958;950;943;937;933;931;929;930;931;934;939;945;952;961;972;984;997;1012;1028;1046;1065;1086;1108;1132;1157;1184;1212;1242;1274;1307;1342;1379;1417;1458;1499;1543;1588;1636;1685;1736;1788;1843;1900;1958;2019;2081;2146;2213;2282;2353;2426;2502;2580;2661;2744;2829;2918;3009;;;;;;;;;;;;;;;;;;;;;
-3.800;;;;;;;;;;;;;;;;;;;;;;;;;;;;2381;2313;2246;2181;2117;2054;1993;1934;1877;1822;1769;1718;1668;1621;1576;1532;1491;1451;1414;1378;1344;1311;1281;1251;1224;1198;1174;1151;1130;1110;1092;1075;1060;1046;1034;1023;1013;1005;998;992;988;985;984;985;986;989;994;1000;1008;1017;1027;1039;1052;1067;1084;1102;1121;1142;1164;1188;1214;1241;1270;1300;1332;1366;1401;1438;1477;1517;1559;1603;1649;1697;1746;1798;1851;1906;1963;2022;2083;2146;2212;2279;2349;2420;2495;2571;2650;2731;2815;2902;2991;;;;;;;;;;;;;;;;;;;;;;
-3.900;;;;;;;;;;;;;;;;;;;;;;;;;;;;;2378;2311;2246;2182;2119;2058;1999;1941;1886;1832;1780;1730;1683;1637;1593;1551;1511;1473;1437;1402;1369;1338;1309;1281;1255;1231;1208;1187;1167;1148;1132;1116;1102;1090;1079;1069;1061;1054;1049;1045;1042;1041;1041;1043;1046;1051;1057;1064;1074;1084;1096;1110;1125;1141;1159;1179;1200;1222;1247;1272;1300;1329;1359;1392;1426;1461;1499;1538;1579;1621;1666;1712;1760;1810;1862;1916;1971;2029;2088;2150;2214;2280;2348;2418;2490;2565;2643;2722;2805;2890;2977;;;;;;;;;;;;;;;;;;;;;;;
-4.000;;;;;;;;;;;;;;;;;;;;;;;;;;;;;2444;2378;2313;2249;2186;2125;2065;2007;1951;1897;1845;1794;1746;1700;1656;1613;1573;1534;1497;1463;1429;1398;1368;1341;1314;1290;1267;1245;1225;1207;1190;1174;1160;1148;1137;1127;1119;1112;1107;1103;1100;1099;1099;1101;1104;1109;1115;1123;1132;1143;1155;1169;1184;1200;1219;1238;1260;1283;1307;1333;1361;1390;1421;1454;1488;1524;1562;1601;1642;1685;1730;1777;1826;1876;1928;1983;2039;2097;2157;2219;2284;2350;2419;2490;2563;2639;2717;2798;2881;2967;;;;;;;;;;;;;;;;;;;;;;;;
-4.100;;;;;;;;;;;;;;;;;;;;;;;;;;;;;;2445;2380;2317;2254;2193;2133;2075;2019;1964;1911;1861;1812;1765;1720;1677;1637;1598;1560;1525;1492;1460;1430;1402;1375;1350;1327;1306;1285;1267;1250;1234;1220;1208;1197;1187;1179;1172;1167;1163;1160;1159;1160;1161;1165;1170;1176;1184;1193;1204;1216;1230;1245;1262;1280;1300;1322;1345;1369;1396;1424;1453;1485;1518;1552;1589;1627;1667;1708;1752;1797;1844;1893;1944;1997;2052;2109;2167;2228;2291;2356;2423;2493;2564;2638;2715;2794;2876;2960;3047;;;;;;;;;;;;;;;;;;;;;;;;
-4.200;;;;;;;;;;;;;;;;;;;;;;;;;;;;;;;2449;2386;2323;2262;2203;2144;2088;2033;1980;1929;1880;1832;1787;1744;1702;1663;1626;1590;1556;1524;1494;1465;1439;1413;1390;1368;1348;1329;1312;1296;1282;1270;1258;1249;1241;1234;1229;1225;1222;1221;1222;1224;1227;1232;1238;1246;1256;1266;1279;1293;1308;1325;1344;1364;1386;1409;1434;1461;1489;1519;1550;1584;1619;1655;1694;1734;1776;1820;1866;1914;1963;2015;2068;2123;2181;2240;2302;2365;2431;2499;2569;2642;2716;2794;2874;2956;3042;;;;;;;;;;;;;;;;;;;;;;;;;
-4.300;;;;;;;;;;;;;;;;;;;;;;;;;;;;;;;;2456;2394;2333;2274;2215;2159;2104;2050;1999;1949;1902;1856;1812;1771;1731;1693;1657;1623;1590;1560;1531;1504;1479;1455;1433;1412;1394;1376;1361;1346;1334;1323;1313;1305;1298;1293;1289;1286;1285;1286;1288;1292;1296;1303;1311;1320;1331;1344;1358;1374;1391;1410;1430;1452;1475;1501;1528;1556;1586;1618;1652;1687;1725;1763;1804;1847;1891;1937;1986;2036;2088;2142;2197;2255;2315;2378;2442;2508;2577;2648;2721;2797;2875;2956;3040;;;;;;;;;;;;;;;;;;;;;;;;;;
-4.400;;;;;;;;;;;;;;;;;;;;;;;;;;;;;;;;;2465;2405;2345;2287;2231;2176;2122;2071;2021;1973;1927;1883;1841;1800;1762;1726;1691;1659;1628;1599;1571;1546;1522;1500;1479;1460;1443;1427;1413;1400;1389;1379;1371;1364;1359;1355;1353;1352;1352;1355;1358;1363;1370;1378;1387;1399;1411;1425;1441;1459;1478;1498;1520;1544;1570;1597;1626;1656;1689;1723;1758;1796;1835;1876;1919;1964;2011;2060;2110;2163;2217;2274;2332;2393;2456;2521;2588;2658;2729;2804;2880;2960;3042;;;;;;;;;;;;;;;;;;;;;;;;;;;
-4.500;;;;;;;;;;;;;;;;;;;;;;;;;;;;;;;;;;2476;2418;2360;2304;2249;2196;2144;2094;2046;1999;1955;1913;1872;1833;1797;1762;1729;1698;1669;1641;1615;1591;1569;1548;1529;1512;1496;1481;1469;1457;1448;1439;1433;1427;1424;1421;1420;1421;1423;1427;1432;1439;1447;1457;1468;1481;1495;1511;1529;1548;1569;1591;1615;1641;1668;1698;1728;1761;1795;1832;1870;1909;1951;1994;2040;2087;2136;2187;2240;2295;2353;2412;2473;2537;2602;2670;2741;2813;2889;2966;3047;;;;;;;;;;;;;;;;;;;;;;;;;;;;
-4.600;;;;;;;;;;;;;;;;;;;;;;;;;;;;;;;;;;;2490;2434;2378;2323;2270;2218;2168;2120;2074;2029;1986;1946;1907;1870;1835;1802;1770;1741;1713;1687;1663;1640;1620;1600;1583;1567;1552;1540;1528;1519;1510;1504;1498;1495;1492;1492;1492;1495;1498;1504;1510;1519;1528;1540;1553;1567;1583;1601;1621;1642;1664;1689;1715;1742;1772;1803;1836;1871;1907;1945;1986;2028;2072;2117;2165;2215;2266;2320;2376;2434;2493;2555;2620;2686;2755;2826;2900;2976;3055;;;;;;;;;;;;;;;;;;;;;;;;;;;;;
-4.700;;;;;;;;;;;;;;;;;;;;;;;;;;;;;;;;;;;;2507;2452;2398;2345;2294;2244;2196;2149;2105;2062;2021;1982;1945;1910;1876;1845;1815;1787;1761;1737;1714;1693;1674;1656;1640;1626;1613;1602;1592;1584;1577;1572;1568;1566;1565;1566;1568;1572;1577;1584;1593;1603;1614;1627;1642;1658;1676;1696;1717;1740;1764;1791;1818;1848;1880;1913;1948;1985;2024;2064;2107;2151;2197;2245;2296;2348;2402;2458;2517;2577;2640;2705;2772;2842;2914;2989;;;;;;;;;;;;;;;;;;;;;;;;;;;;;;;
-4.800;;;;;;;;;;;;;;;;;;;;;;;;;;;;;;;;;;;;;;2472;2420;2370;2320;2272;2226;2182;2139;2098;2059;2021;1986;1953;1921;1891;1863;1837;1813;1790;1769;1749;1732;1716;1701;1688;1677;1667;1659;1653;1647;1644;1642;1641;1642;1644;1648;1654;1661;1669;1679;1691;1704;1719;1735;1753;1773;1794;1817;1842;1869;1897;1927;1959;1992;2028;2065;2104;2145;2188;2233;2279;2328;2379;2431;2486;2543;2602;2664;2727;2793;2861;2931;3005;;;;;;;;;;;;;;;;;;;;;;;;;;;;;;;;
-4.900;;;;;;;;;;;;;;;;;;;;;;;;;;;;;;;;;;;;;;;2495;2445;2397;2349;2304;2259;2217;2176;2137;2100;2064;2031;1999;1969;1941;1915;1891;1868;1847;1827;1810;1794;1779;1766;1755;1745;1737;1731;1726;1722;1720;1719;1720;1723;1727;1732;1739;1748;1758;1770;1783;1798;1815;1833;1853;1874;1898;1923;1949;1978;2008;2040;2074;2109;2147;2186;2228;2271;2316;2363;2413;2464;2517;2572;2630;2690;2752;2816;2883;2952;3023;;;;;;;;;;;;;;;;;;;;;;;;;;;;;;;;;
-5.000;;;;;;;;;;;;;;;;;;;;;;;;;;;;;;;;;;;;;;;;2521;2473;2426;2381;2338;2295;2255;2216;2179;2144;2111;2079;2049;2021;1995;1971;1948;1927;1908;1890;1874;1860;1847;1836;1826;1818;1811;1806;1803;1801;1800;1801;1804;1808;1813;1821;1829;1840;1851;1865;1880;1897;1915;1935;1957;1980;2005;2032;2061;2091;2123;2157;2193;2231;2271;2313;2356;2402;2449;2499;2551;2605;2661;2719;2779;2842;2907;2974;3044;;;;;;;;;;;;;;;;;;;;;;;;;;;;;;;;;;
-5.100;;;;;;;;;;;;;;;;;;;;;;;;;;;;;;;;;;;;;;;;;;2503;2459;2416;2374;2335;2296;2260;2225;2192;2160;2131;2103;2077;2053;2030;2009;1990;1972;1956;1942;1929;1918;1909;1901;1894;1889;1886;1884;1883;1885;1887;1891;1897;1904;1913;1923;1935;1949;1964;1981;1999;2019;2041;2065;2090;2117;2146;2176;2209;2243;2279;2317;2358;2399;2443;2489;2537;2588;2640;2694;2751;2809;2870;2934;2999;;;;;;;;;;;;;;;;;;;;;;;;;;;;;;;;;;;;
-5.200;;;;;;;;;;;;;;;;;;;;;;;;;;;;;;;;;;;;;;;;;;;2535;2493;2453;2414;2377;2341;2306;2274;2243;2214;2186;2160;2136;2114;2093;2074;2057;2041;2027;2014;2003;1994;1986;1980;1975;1971;1970;1969;1970;1973;1977;1983;1990;1999;2010;2022;2035;2050;2067;2086;2106;2128;2152;2177;2204;2233;2264;2296;2331;2367;2406;2446;2488;2532;2579;2627;2678;2730;2785;2842;2901;2963;;;;;;;;;;;;;;;;;;;;;;;;;;;;;;;;;;;;;;
-5.300;;;;;;;;;;;;;;;;;;;;;;;;;;;;;;;;;;;;;;;;;;;;;2531;2493;2457;2422;2388;2356;2326;2297;2270;2245;2221;2199;2179;2160;2143;2128;2114;2101;2091;2081;2074;2067;2063;2059;2058;2057;2059;2061;2066;2072;2079;2088;2098;2110;2124;2139;2156;2175;2195;2217;2240;2266;2293;2322;2353;2386;2420;2457;2495;2536;2578;2623;2669;2718;2769;2822;2877;2935;2995;;;;;;;;;;;;;;;;;;;;;;;;;;;;;;;;;;;;;;;
-5.400;;;;;;;;;;;;;;;;;;;;;;;;;;;;;;;;;;;;;;;;;;;;;;;2536;2502;2470;2439;2409;2382;2355;2331;2308;2286;2266;2248;2231;2216;2203;2190;2180;2171;2163;2157;2153;2150;2148;2148;2149;2152;2156;2162;2170;2179;2189;2201;2215;2230;2247;2265;2286;2308;2331;2357;2384;2413;2444;2477;2511;2548;2587;2627;2670;2714;2761;2810;2861;2915;2970;;;;;;;;;;;;;;;;;;;;;;;;;;;;;;;;;;;;;;;;;
-5.500;;;;;;;;;;;;;;;;;;;;;;;;;;;;;;;;;;;;;;;;;;;;;;;;;2550;2521;2492;2466;2441;2417;2395;2374;2355;2337;2321;2306;2293;2281;2271;2262;2255;2249;2245;2242;2240;2240;2242;2245;2249;2255;2263;2272;2282;2294;2308;2323;2340;2358;2378;2400;2424;2449;2476;2505;2536;2569;2604;2640;2679;2720;2762;2807;2854;2903;2955;;;;;;;;;;;;;;;;;;;;;;;;;;;;;;;;;;;;;;;;;;;
-5.600;;;;;;;;;;;;;;;;;;;;;;;;;;;;;;;;;;;;;;;;;;;;;;;;;;;2574;2549;2525;2503;2481;2462;2443;2426;2411;2397;2384;2373;2363;2355;2348;2343;2339;2336;2335;2335;2337;2340;2344;2350;2357;2366;2377;2389;2402;2417;2434;2452;2473;2494;2518;2543;2570;2599;2630;2662;2697;2733;2772;2813;2855;2900;2947;;;;;;;;;;;;;;;;;;;;;;;;;;;;;;;;;;;;;;;;;;;;;
-5.700;;;;;;;;;;;;;;;;;;;;;;;;;;;;;;;;;;;;;;;;;;;;;;;;;;;;;;2588;2568;2549;2532;2516;2502;2489;2477;2466;2457;2449;2443;2438;2434;2432;2431;2431;2433;2436;2441;2447;2454;2463;2473;2485;2499;2513;2530;2548;2568;2590;2613;2638;2665;2693;2724;2756;2791;2827;2865;2906;;;;;;;;;;;;;;;;;;;;;;;;;;;;;;;;;;;;;;;;;;;;;;;;
-5.800;;;;;;;;;;;;;;;;;;;;;;;;;;;;;;;;;;;;;;;;;;;;;;;;;;;;;;;;2636;2620;2606;2592;2580;2569;2560;2551;2544;2539;2534;2531;2529;2528;2529;2531;2534;2539;2545;2552;2561;2571;2583;2596;2611;2627;2645;2665;2686;2709;2733;2760;2788;2818;2850;2885;;;;;;;;;;;;;;;;;;;;;;;;;;;;;;;;;;;;;;;;;;;;;;;;;;;
-5.900;;;;;;;;;;;;;;;;;;;;;;;;;;;;;;;;;;;;;;;;;;;;;;;;;;;;;;;;;;;;2671;2662;2653;2646;2640;2634;2631;2628;2626;2626;2627;2629;2633;2637;2643;2651;2659;2670;2681;2694;2709;2725;2742;2761;2782;2805;2829;2855;2883;;;;;;;;;;;;;;;;;;;;;;;;;;;;;;;;;;;;;;;;;;;;;;;;;;;;;;
-6.000;;;;;;;;;;;;;;;;;;;;;;;;;;;;;;;;;;;;;;;;;;;;;;;;;;;;;;;;;;;;;;;;;2730;2727;2725;2724;2724;2726;2728;2732;2737;2743;2750;2759;2769;2780;2793;2807;2822;2839;2858;;;;;;;;;;;;;;;;;;;;;;;;;;;;;;;;;;;;;;;;;;;;;;;;;;;;;;;;;;;
-6.100;;;;;;;;;;;;;;;;;;;;;;;;;;;;;;;;;;;;;;;;;;;;;;;;;;;;;;;;;;;;;;;;;;;;;;;;;;;;;;;;;;;;;;;;;;;;;;;;;;;;;;;;;;;;;;;;;;;;;;;;;;;;;;;;;;;;;;;;;;;;;;
-6.200;;;;;;;;;;;;;;;;;;;;;;;;;;;;;;;;;;;;;;;;;;;;;;;;;;;;;;;;;;;;;;;;;;;;;;;;;;;;;;;;;;;;;;;;;;;;;;;;;;;;;;;;;;;;;;;;;;;;;;;;;;;;;;;;;;;;;;;;;;;;;;
-6.300;;;;;;;;;;;;;;;;;;;;;;;;;;;;;;;;;;;;;;;;;;;;;;;;;;;;;;;;;;;;;;;;;;;;;;;;;;;;;;;;;;;;;;;;;;;;;;;;;;;;;;;;;;;;;;;;;;;;;;;;;;;;;;;;;;;;;;;;;;;;;;
-6.400;;;;;;;;;;;;;;;;;;;;;;;;;;;;;;;;;;;;;;;;;;;;;;;;;;;;;;;;;;;;;;;;;;;;;;;;;;;;;;;;;;;;;;;;;;;;;;;;;;;;;;;;;;;;;;;;;;;;;;;;;;;;;;;;;;;;;;;;;;;;;;
-6.500;;;;;;;;;;;;;;;;;;;;;;;;;;;;;;;;;;;;;;;;;;;;;;;;;;;;;;;;;;;;;;;;;;;;;;;;;;;;;;;;;;;;;;;;;;;;;;;;;;;;;;;;;;;;;;;;;;;;;;;;;;;;;;;;;;;;;;;;;;;;;;
-6.600;;;;;;;;;;;;;;;;;;;;;;;;;;;;;;;;;;;;;;;;;;;;;;;;;;;;;;;;;;;;;;;;;;;;;;;;;;;;;;;;;;;;;;;;;;;;;;;;;;;;;;;;;;;;;;;;;;;;;;;;;;;;;;;;;;;;;;;;;;;;;;
-6.700;;;;;;;;;;;;;;;;;;;;;;;;;;;;;;;;;;;;;;;;;;;;;;;;;;;;;;;;;;;;;;;;;;;;;;;;;;;;;;;;;;;;;;;;;;;;;;;;;;;;;;;;;;;;;;;;;;;;;;;;;;;;;;;;;;;;;;;;;;;;;;
-6.800;;;;;;;;;;;;;;;;;;;;;;;;;;;;;;;;;;;;;;;;;;;;;;;;;;;;;;;;;;;;;;;;;;;;;;;;;;;;;;;;;;;;;;;;;;;;;;;;;;;;;;;;;;;;;;;;;;;;;;;;;;;;;;;;;;;;;;;;;;;;;;
-6.900;;;;;;;;;;;;;;;;;;;;;;;;;;;;;;;;;;;;;;;;;;;;;;;;;;;;;;;;;;;;;;;;;;;;;;;;;;;;;;;;;;;;;;;;;;;;;;;;;;;;;;;;;;;;;;;;;;;;;;;;;;;;;;;;;;;;;;;;;;;;;;
-7.000;;;;;;;;;;;;;;;;;;;;;;;;;;;;;;;;;;;;;;;;;;;;;;;;;;;;;;;;;;;;;;;;;;;;;;;;;;;;;;;;;;;;;;;;;;;;;;;;;;;;;;;;;;;;;;;;;;;;;;;;;;;;;;;;;;;;;;;;;;;;;;
BACK;-7.000;-6.900;-6.800;-6.700;-6.600;-6.500;-6.400;-6.300;-6.200;-6.100;-6.000;-5.900;-5.800;-5.700;-5.600;-5.500;-5.400;-5.300;-5.200;-5.100;-5.000;-4.900;-4.800;-4.700;-4.600;-4.500;-4.400;-4.300;-4.200;-4.100;-4.000;-3.900;-3.800;-3.700;-3.600;-3.500;-3.400;-3.300;-3.200;-3.100;-3.000;-2.900;-2.800;-2.700;-2.600;-2.500;-2.400;-2.300;-2.200;-2.100;-2.000;-1.900;-1.800;-1.700;-1.600;-1.500;-1.400;-1.300;-1.200;-1.100;-1.000;-0.900;-0.800;-0.700;-0.600;-0.500;-0.400;-0.300;-0.200;-0.100;0.000;0.100;0.200;0.300;0.400;0.500;0.600;0.700;0.800;0.900;1.000;1.100;1.200;1.300;1.400;1.500;1.600;1.700;1.800;1.900;2.000;2.100;2.200;2.300;2.400;2.500;2.600;2.700;2.800;2.900;3.000;3.100;3.200;3.300;3.400;3.500;3.600;3.700;3.800;3.900;4.000;4.100;4.200;4.300;4.400;4.500;4.600;4.700;4.800;4.900;5.000;5.100;5.200;5.300;5.400;5.500;5.600;5.700;5.800;5.900;6.000;6.100;6.200;6.300;6.400;6.500;6.600;6.700;6.800;6.900;7.000;
7.000;;;;;;;;;;;;;;;;;;;;;;;;;;;;;;;;;;;;;;;;;;;;;;;;;;;;;;;;;;;;;;;;;;;;;;;;;;;;;;;;;;;;;;;;;;;;;;;;;;;;;;;;;;;;;;;;;;;;;;;;;;;;;;;;;;;;;;;;;;;;;;
6.900;;;;;;;;;;;;;;;;;;;;;;;;;;;;;;;;;;;;;;;;;;;;;;;;;;;;;;;;;;;;;;;;;;;;;;;;;;;;;;;;;;;;;;;;;;;;;;;;;;;;;;;;;;;;;;;;;;;;;;;;;;;;;;;;;;;;;;;;;;;;;;
6.800;;;;;;;;;;;;;;;;;;;;;;;;;;;;;;;;;;;;;;;;;;;;;;;;;;;;;;;;;;;;;;;;;;;;;;;;;;;;;;;;;;;;;;;;;;;;;;;;;;;;;;;;;;;;;;;;;;;;;;;;;;;;;;;;;;;;;;;;;;;;;;
6.700;;;;;;;;;;;;;;;;;;;;;;;;;;;;;;;;;;;;;;;;;;;;;;;;;;;;;;;;;;;;;;;;;;;;;;;;;;;;;;;;;;;;;;;;;;;;;;;;;;;;;;;;;;;;;;;;;;;;;;;;;;;;;;;;;;;;;;;;;;;;;;
6.600;;;;;;;;;;;;;;;;;;;;;;;;;;;;;;;;;;;;;;;;;;;;;;;;;;;;;;;;;;;;;;;;;;;;;;;;;;;;;;;;;;;;;;;;;;;;;;;;;;;;;;;;;;;;;;;;;;;;;;;;;;;;;;;;;;;;;;;;;;;;;;
6.500;;;;;;;;;;;;;;;;;;;;;;;;;;;;;;;;;;;;;;;;;;;;;;;;;;;;;;;;;;;;;;;;;;;;;;;;;;;;;;;;;;;;;;;;;;;;;;;;;;;;;;;;;;;;;;;;;;;;;;;;;;;;;;;;;;;;;;;;;;;;;;
6.400;;;;;;;;;;;;;;;;;;;;;;;;;;;;;;;;;;;;;;;;;;;;;;;;;;;;;;;;;;;;;;;;;;;;;;;;;;;;;;;;;;;;;;;;;;;;;;;;;;;;;;;;;;;;;;;;;;;;;;;;;;;;;;;;;;;;;;;;;;;;;;
6.300;;;;;;;;;;;;;;;;;;;;;;;;;;;;;;;;;;;;;;;;;;;;;;;;;;;;;;;;;;;;;;;;;;;;;;;;;;;;;;;;;;;;;;;;;;;;;;;;;;;;;;;;;;;;;;;;;;;;;;;;;;;;;;;;;;;;;;;;;;;;;;
6.200;;;;;;;;;;;;;;;;;;;;;;;;;;;;;;;;;;;;;;;;;;;;;;;;;;;;;;;;;;;;;;;;;;;;;;;;;;;;;;;;;;;;;;;;;;;;;;;;;;;;;;;;;;;;;;;;;;;;;;;;;;;;;;;;;;;;;;;;;;;;;;
6.100;;;;;;;;;;;;;;;;;;;;;;;;;;;;;;;;;;;;;;;;;;;;;;;;;;;;;;;;;;;;;;;;;;;;;;;;;;;;;;;;;;;;;;;;;;;;;;;;;;;;;;;;;;;;;;;;;;;;;;;;;;;;;;;;;;;;;;;;;;;;;;
6.000;;;;;;;;;;;;;;;;;;;;;;;;;;;;;;;;;;;;;;;;;;;;;;;;;;;;;;;;;;;;;;;;;;;;;;;;;;;;;;;;;;;;;;;;;;;;;;;;;;;;;;;;;;;;;;;;;;;;;;;;;;;;;;;;;;;;;;;;;;;;;;
5.900;;;;;;;;;;;;;;;;;;;;;;;;;;;;;;;;;;;;;;;;;;;;;;;;;;;;;;;;;;;;;;;;;;;;;;;;;;;;;;;;;;;;;;;;;;;;;;;;;;;;;;;;;;;;;;;;;;;;;;;;;;;;;;;;;;;;;;;;;;;;;;
5.800;;;;;;;;;;;;;;;;;;;;;;;;;;;;;;;;;;;;;;;;;;;;;;;;;;;;;;;;;;;;;;;;;;;;;;;;;;;;;;;;;;;;;;;;;;;;;;;;;;;;;;;;;;;;;;;;;;;;;;;;;;;;;;;;;;;;;;;;;;;;;;
5.700;;;;;;;;;;;;;;;;;;;;;;;;;;;;;;;;;;;;;;;;;;;;;;;;;;;;;;;;;;;;;;;;;;;;;;;;;;;;;;;;;;;;;;;;;;;;;;;;;;;;;;;;;;;;;;;;;;;;;;;;;;;;;;;;;;;;;;;;;;;;;;
5.600;;;;;;;;;;;;;;;;;;;;;;;;;;;;;;;;;;;;;;;;;;;;;;;;;;;;;;;;;;;;;;;;;;;;;;;;;;;;;;;;;;;;;;;;;;;;;;;;;;;;;;;;;;;;;;;;;;;;;;;;;;;;;;;;;;;;;;;;;;;;;;
5.500;;;;;;;;;;;;;;;;;;;;;;;;;;;;;;;;;;;;;;;;;;;;;;;;;;;;;;;;;;;;;;;;;;;;;;;;;;;;;;;;;;;;;;;;;;;;;;;;;;;;;;;;;;;;;;;;;;;;;;;;;;;;;;;;;;;;;;;;;;;;;;
5.400;;;;;;;;;;;;;;;;;;;;;;;;;;;;;;;;;;;;;;;;;;;;;;;;;;;;;;;;;;;;;;;;;;;;;;;;;;;;;;;;;;;;;;;;;;;;;;;;;;;;;;;;;;;;;;;;;;;;;;;;;;;;;;;;;;;;;;;;;;;;;;
5.300;;;;;;;;;;;;;;;;;;;;;;;;;;;;;;;;;;;;;;;;;;;;;;;;;;;;;;;;;;;;;;;;;;;;;;;;;;;;;;;;;;;;;;;;;;;;;;;;;;;;;;;;;;;;;;;;;;;;;;;;;;;;;;;;;;;;;;;;;;;;;;
5.200;;;;;;;;;;;;;;;;;;;;;;;;;;;;;;;;;;;;;;;;;;;;;;;;;;;;;;;;;;;;;;;;;;;;;;;;;;;;;;;;;;;;;;;;;;;;;;;;;;;;;;;;;;;;;;;;;;;;;;;;;;;;;;;;;;;;;;;;;;;;;;
5.100;;;;;;;;;;;;;;;;;;;;;;;;;;;;;;;;;;;;;;;;;;;;;;;;;;;;;;;;;;;;;;;;;;;;;;;;;;;;;;;;;;;;;;;;;;;;;;;;;;;;;;;;;;;;;;;;;;;;;;;;;;;;;;;;;;;;;;;;;;;;;;
5.000;;;;;;;;;;;;;;;;;;;;;;;;;;;;;;;;;;;;;;;;;;;;;;;;;;;;;;;;;;;;;;;;;;;;;;;;;;;;;;;;;;;;;;;;;;;;;;;;;;;;;;;;;;;;;;;;;;;;;;;;;;;;;;;;;;;;;;;;;;;;;;
4.900;;;;;;;;;;;;;;;;;;;;;;;;;;;;;;;;;;;;;;;;;;;;;;;;;;;;;;;;;;;;;;;;;;;;;;;;;;;;;;;;;;;;;;;;;;;;;;;;;;;;;;;;;;;;;;;;;;;;;;;;;;;;;;;;;;;;;;;;;;;;;;
4.800;;;;;;;;;;;;;;;;;;;;;;;;;;;;;;;;;;;;;;;;;;;;;;;;;;;;;;;;;;;;;;;;;;;;;;;;;;;;;;;;;;;;;;;;;;;;;;;;;;;;;;;;;;;;;;;;;;;;;;;;;;;;;;;;;;;;;;;;;;;;;;
4.700;;;;;;;;;;;;;;;;;;;;;;;;;;;;;;;;;;;;;;;;;;;;;;;;;;;;;;;;;;;;;;;;;;;;;;;;;;;;;;;;;;;;;;;;;;;;;;;;;;;;;;;;;;;;;;;;;;;;;;;;;;;;;;;;;;;;;;;;;;;;;;
4.600;;;;;;;;;;;;;;;;;;;;;;;;;;;;;;;;;;;;;;;;;;;;;;;;;;;;;;;;;;;;;;;;;;;;;;;;;;;;;;;;;;;;;;;;;;;;;;;;;;;;;;;;;;;;;;;;;;;;;;;;;;;;;;;;;;;;;;;;;;;;;;
4.500;;;;;;;;;;;;;;;;;;;;;;;;;;;;;;;;;;;;;;;;;;;;;;;;;;;;;;;;;;;;;;;;;;;;;;;;;;;;;;;;;;;;;;;;;;;;;;;;;;;;;;;;;;;;;;;;;;;;;;;;;;;;;;;;;;;;;;;;;;;;;;
4.400;;;;;;;;;;;;;;;;;;;;;;;;;;;;;;;;;;;;;;;;;;;;;;;;;;;;;;;;;;;;;;;;;;;;;;;;;;1560;1564;1570;1577;1586;1598;1611;;;;;;;;;;;;;;;;;;;;;;;;;;;;;;;;;;;;;;;;;;;;;;;;;;;;;;;;;;;;;;
4.300;;;;;;;;;;;;;;;;;;;;;;;;;;;;;;;;;;;;;;;;;;;;;;;;;;;;;;;;;;;;;;;;;;1520;1510;1501;1495;1490;1487;1486;1486;1488;1492;1498;1505;1515;1526;1539;1554;1571;1590;1611;1634;1659;1685;1713;;;;;;;;;;;;;;;;;;;;;;;;;;;;;;;;;;;;;;;;;;;;;;;;;;;;;;
4.200;;;;;;;;;;;;;;;;;;;;;;;;;;;;;;;;;;;;;;;;;;;;;;;;;;;;;;;;;;;;;1520;1503;1487;1472;1459;1448;1438;1430;1424;1419;1417;1415;1416;1418;1422;1428;1436;1445;1457;1470;1485;1502;1521;1541;1564;1588;1615;1643;1673;1704;1738;1773;;;;;;;;;;;;;;;;;;;;;;;;;;;;;;;;;;;;;;;;;;;;;;;;;;
4.100;;;;;;;;;;;;;;;;;;;;;;;;;;;;;;;;;;;;;;;;;;;;;;;;;;;;;;;;;;1512;1490;1469;1450;1433;1417;1402;1390;1379;1369;1362;1355;1351;1348;1347;1348;1350;1354;1360;1368;1378;1389;1402;1417;1434;1453;1473;1496;1520;1546;1574;1604;1635;1668;1704;1740;1779;1819;;;;;;;;;;;;;;;;;;;;;;;;;;;;;;;;;;;;;;;;;;;;;;;
4.000;;;;;;;;;;;;;;;;;;;;;;;;;;;;;;;;;;;;;;;;;;;;;;;;;;;;;;;1519;1492;1467;1443;1421;1401;1382;1365;1349;1335;1323;1312;1302;1295;1289;1285;1282;1281;1282;1284;1289;1295;1302;1312;1323;1336;1351;1368;1387;1407;1429;1453;1479;1507;1536;1568;1601;1635;1672;1710;1750;1792;1835;;;;;;;;;;;;;;;;;;;;;;;;;;;;;;;;;;;;;;;;;;;;;
3.900;;;;;;;;;;;;;;;;;;;;;;;;;;;;;;;;;;;;;;;;;;;;;;;;;;;;;1510;1480;1452;1425;1400;1377;1355;1335;1316;1299;1283;1270;1257;1247;1238;1230;1224;1220;1218;1217;1218;1220;1225;1231;1239;1248;1259;1273;1287;1304;1322;1343;1365;1389;1414;1442;1471;1502;1535;1569;1605;1643;1683;1724;1767;1811;1858;1905;;;;;;;;;;;;;;;;;;;;;;;;;;;;;;;;;;;;;;;;;;
3.800;;;;;;;;;;;;;;;;;;;;;;;;;;;;;;;;;;;;;;;;;;;;;;;;;;1544;1509;1476;1445;1415;1387;1360;1335;1312;1291;1271;1252;1235;1220;1206;1194;1184;1175;1168;1162;1158;1155;1155;1156;1158;1163;1169;1177;1186;1197;1210;1225;1242;1260;1280;1302;1326;1351;1378;1407;1438;1470;1505;1541;1578;1618;1658;1701;1745;1791;1839;1888;1938;;;;;;;;;;;;;;;;;;;;;;;;;;;;;;;;;;;;;;;;
3.700;;;;;;;;;;;;;;;;;;;;;;;;;;;;;;;;;;;;;;;;;;;;;;;;1556;1517;1481;1446;1413;1382;1352;1324;1298;1273;1250;1229;1209;1190;1174;1159;1145;1133;1123;1114;1107;1101;1097;1095;1094;1095;1098;1102;1109;1116;1126;1137;1150;1165;1181;1199;1219;1241;1264;1290;1317;1345;1376;1408;1442;1478;1515;1554;1595;1637;1681;1727;1774;1823;1873;1925;;;;;;;;;;;;;;;;;;;;;;;;;;;;;;;;;;;;;;;
3.600;;;;;;;;;;;;;;;;;;;;;;;;;;;;;;;;;;;;;;;;;;;;;;;1534;1494;1455;1419;1385;1352;1321;1291;1263;1237;1213;1190;1168;1149;1131;1114;1099;1086;1074;1064;1055;1048;1042;1039;1036;1036;1037;1040;1044;1050;1058;1067;1078;1091;1106;1122;1140;1160;1182;1205;1230;1257;1285;1315;1347;1381;1416;1454;1492;1533;1575;1619;1664;1711;1760;1810;1862;1915;1970;;;;;;;;;;;;;;;;;;;;;;;;;;;;;;;;;;;;;
3.500;;;;;;;;;;;;;;;;;;;;;;;;;;;;;;;;;;;;;;;;;;;;;1559;1516;1474;1434;1396;1360;1325;1293;1262;1232;1205;1179;1154;1132;1110;1091;1073;1056;1041;1028;1016;1006;998;991;985;982;980;979;980;983;987;993;1001;1010;1022;1034;1049;1065;1083;1103;1124;1147;1172;1198;1227;1257;1288;1322;1357;1394;1432;1473;1515;1558;1603;1650;1699;1749;1801;1854;1909;1966;2024;;;;;;;;;;;;;;;;;;;;;;;;;;;;;;;;;;;
3.400;;;;;;;;;;;;;;;;;;;;;;;;;;;;;;;;;;;;;;;;;;;1594;1547;1501;1458;1416;1376;1339;1302;1268;1236;1205;1176;1148;1122;1098;1075;1054;1035;1017;1000;986;973;961;951;942;935;930;926;924;924;925;928;932;938;946;955;966;979;993;1010;1027;1047;1068;1091;1116;1142;1170;1200;1231;1264;1299;1336;1374;1414;1456;1499;1545;1591;1640;1690;1742;1795;1850;1907;1965;2025;;;;;;;;;;;;;;;;;;;;;;;;;;;;;;;;;;
3.300;;;;;;;;;;;;;;;;;;;;;;;;;;;;;;;;;;;;;;;;;;1587;1538;1490;1445;1402;1360;1321;1283;1247;1213;1181;1150;1121;1093;1068;1043;1021;1000;981;963;946;932;919;907;897;889;882;877;873;871;870;872;874;879;885;893;902;913;925;940;956;973;993;1014;1037;1061;1087;1115;1145;1176;1209;1244;1280;1318;1358;1399;1443;1488;1534;1583;1633;1684;1738;1793;1849;1908;1968;2030;;;;;;;;;;;;;;;;;;;;;;;;;;;;;;;;;
3.200;;;;;;;;;;;;;;;;;;;;;;;;;;;;;;;;;;;;;;;;;1583;1532;1483;1436;1391;1348;1307;1267;1230;1194;1160;1128;1097;1068;1041;1015;991;968;947;928;910;894;880;866;855;845;837;830;825;821;819;819;820;823;827;833;841;850;861;873;888;904;921;940;961;984;1008;1034;1062;1091;1122;1155;1189;1226;1264;1303;1345;1388;1432;1479;1527;1577;1629;1682;1737;1794;1853;1913;1975;2038;;;;;;;;;;;;;;;;;;;;;;;;;;;;;;;;
3.100;;;;;;;;;;;;;;;;;;;;;;;;;;;;;;;;;;;;;;;1639;1584;1531;1480;1431;1384;1339;1296;1255;1216;1178;1143;1109;1076;1046;1017;990;964;940;917;897;877;860;844;829;816;805;795;786;780;775;771;769;769;770;773;777;783;791;800;811;823;837;853;870;889;910;933;957;983;1010;1039;1070;1103;1137;1173;1211;1250;1291;1334;1379;1425;1474;1523;1575;1629;1684;1741;1799;1860;1922;1986;2052;2119;;;;;;;;;;;;;;;;;;;;;;;;;;;;;;
3.000;;;;;;;;;;;;;;;;;;;;;;;;;;;;;;;;;;;;;;1645;1588;1533;1480;1429;1380;1334;1289;1246;1205;1166;1129;1093;1059;1027;996;967;940;915;891;868;848;828;811;795;780;767;756;746;738;731;726;723;721;720;721;724;729;734;742;751;762;774;788;804;821;840;861;883;907;933;960;989;1020;1052;1086;1122;1160;1199;1240;1283;1328;1374;1422;1472;1523;1577;1632;1689;1748;1808;1871;1935;2001;2069;2139;;;;;;;;;;;;;;;;;;;;;;;;;;;;;
2.900;;;;;;;;;;;;;;;;;;;;;;;;;;;;;;;;;;;;;1654;1595;1538;1484;1431;1380;1332;1285;1241;1198;1157;1118;1081;1045;1011;979;949;920;893;867;843;821;800;781;763;747;733;720;709;699;691;684;679;676;674;673;675;677;682;688;695;704;715;727;741;757;774;793;813;835;859;885;912;941;971;1004;1038;1073;1111;1150;1191;1233;1278;1324;1372;1422;1473;1527;1582;1639;1698;1759;1821;1886;1952;2021;2091;2163;;;;;;;;;;;;;;;;;;;;;;;;;;;;
2.800;;;;;;;;;;;;;;;;;;;;;;;;;;;;;;;;;;;;1668;1606;1548;1491;1436;1384;1334;1285;1239;1194;1152;1111;1072;1034;999;965;933;903;874;847;821;797;775;754;735;718;702;688;675;663;654;646;639;634;630;629;628;629;632;636;642;650;659;669;682;696;711;728;747;767;789;813;838;865;894;924;957;990;1026;1063;1102;1143;1186;1230;1276;1324;1374;1425;1479;1534;1591;1650;1711;1774;1839;1905;1974;2044;2117;;;;;;;;;;;;;;;;;;;;;;;;;;;;
2.700;;;;;;;;;;;;;;;;;;;;;;;;;;;;;;;;;;;1684;1621;1560;1502;1445;1391;1339;1289;1240;1194;1150;1107;1066;1027;990;955;921;889;858;830;803;777;753;731;710;691;674;658;644;631;620;610;602;595;590;587;585;585;586;588;593;599;606;615;626;638;652;667;684;703;723;745;768;794;820;849;879;911;945;980;1018;1057;1097;1140;1184;1230;1278;1328;1379;1433;1488;1545;1604;1665;1728;1793;1860;1929;2000;2073;2147;;;;;;;;;;;;;;;;;;;;;;;;;;;
2.600;;;;;;;;;;;;;;;;;;;;;;;;;;;;;;;;;;1705;1640;1577;1516;1458;1402;1347;1295;1245;1197;1151;1107;1064;1023;984;947;912;878;846;816;787;760;735;711;689;668;649;632;616;601;589;577;568;560;553;548;545;543;542;544;546;551;557;564;573;583;596;609;625;642;660;680;702;725;751;777;806;836;868;901;937;974;1013;1053;1096;1140;1186;1234;1283;1335;1388;1444;1501;1560;1621;1684;1749;1816;1886;1957;2030;2105;2182;;;;;;;;;;;;;;;;;;;;;;;;;;
2.500;;;;;;;;;;;;;;;;;;;;;;;;;;;;;;;;;1729;1662;1597;1534;1474;1416;1360;1306;1254;1204;1156;1109;1065;1023;982;943;906;871;837;805;775;746;719;694;670;648;627;608;591;575;561;548;537;527;519;513;508;504;502;502;503;506;510;516;523;532;543;555;569;584;601;619;639;661;684;709;736;764;794;826;860;895;932;970;1011;1053;1097;1143;1191;1241;1292;1346;1401;1458;1518;1579;1642;1707;1775;1844;1915;1989;2064;2142;2222;;;;;;;;;;;;;;;;;;;;;;;;;
2.400;;;;;;;;;;;;;;;;;;;;;;;;;;;;;;;;;1687;1620;1556;1493;1433;1375;1319;1266;1214;1164;1116;1070;1025;983;942;904;866;831;797;765;735;707;680;654;630;608;588;569;552;536;522;509;498;488;480;474;469;465;464;463;464;467;471;477;485;493;504;516;529;545;561;580;600;621;645;670;696;724;754;786;819;855;891;930;970;1013;1057;1103;1150;1200;1252;1305;1360;1418;1477;1538;1602;1667;1735;1804;1876;1950;2025;2103;2183;2266;;;;;;;;;;;;;;;;;;;;;;;;
2.300;;;;;;;;;;;;;;;;;;;;;;;;;;;;;;;;1716;1647;1580;1516;1454;1394;1336;1281;1227;1175;1125;1078;1032;987;945;904;866;828;793;759;728;697;669;642;616;593;571;550;531;514;498;484;471;460;451;443;436;432;428;426;426;427;430;434;440;447;456;467;478;492;507;524;542;562;584;607;632;658;686;716;748;781;816;853;891;932;974;1018;1064;1112;1161;1213;1266;1322;1379;1438;1500;1563;1629;1696;1766;1838;1912;1988;2066;2147;2229;;;;;;;;;;;;;;;;;;;;;;;;
2.200;;;;;;;;;;;;;;;;;;;;;;;;;;;;;;;1748;1677;1609;1542;1479;1417;1357;1299;1244;1190;1139;1089;1041;995;951;908;868;829;792;757;723;691;661;632;605;580;557;534;514;495;478;462;448;436;425;415;407;401;396;393;391;390;392;394;398;404;412;420;431;443;456;471;488;506;526;547;571;595;622;650;680;711;744;779;816;854;895;937;981;1027;1074;1124;1176;1229;1284;1342;1401;1463;1526;1592;1660;1730;1802;1876;1952;2031;2111;2194;2279;;;;;;;;;;;;;;;;;;;;;;;
2.100;;;;;;;;;;;;;;;;;;;;;;;;;;;;;;1783;1710;1640;1572;1506;1442;1381;1321;1264;1208;1155;1103;1054;1006;960;916;873;833;794;757;722;688;656;626;598;571;546;522;500;480;461;444;428;414;401;390;381;373;367;362;358;357;356;357;360;364;370;377;386;397;408;422;437;454;472;492;513;536;561;587;615;645;676;709;744;781;819;860;902;946;991;1039;1089;1140;1194;1249;1307;1366;1428;1491;1557;1625;1695;1767;1841;1918;1997;2078;2161;2246;2333;;;;;;;;;;;;;;;;;;;;;;
2.000;;;;;;;;;;;;;;;;;;;;;;;;;;;;;;1747;1675;1605;1537;1472;1408;1347;1287;1230;1175;1121;1070;1020;972;926;882;840;800;761;724;689;655;623;593;564;538;512;489;467;447;428;411;395;381;369;358;348;340;334;329;326;324;324;325;328;332;338;345;354;364;376;389;404;421;439;459;480;503;528;554;582;612;643;676;711;748;786;826;868;912;958;1006;1055;1107;1160;1216;1273;1333;1394;1458;1524;1592;1662;1734;1809;1885;1964;2045;2129;2214;2301;;;;;;;;;;;;;;;;;;;;;;
1.900;;;;;;;;;;;;;;;;;;;;;;;;;;;;;1787;1713;1641;1571;1504;1439;1375;1314;1255;1198;1142;1089;1038;988;940;894;850;808;768;729;692;657;623;591;561;533;506;481;457;435;415;396;379;364;350;337;327;317;309;303;298;295;293;293;294;297;301;307;314;323;333;345;358;373;390;408;428;449;472;496;523;551;580;611;644;679;716;754;794;836;880;926;974;1023;1075;1128;1184;1241;1301;1363;1426;1492;1560;1630;1703;1777;1854;1933;2015;2098;2184;2271;2361;;;;;;;;;;;;;;;;;;;;;
1.800;;;;;;;;;;;;;;;;;;;;;;;;;;;;;1754;1681;1609;1540;1472;1407;1344;1283;1224;1167;1112;1058;1007;958;910;864;820;778;737;699;662;626;593;561;531;503;476;451;427;406;385;367;350;334;320;308;297;288;280;274;269;266;264;264;265;268;272;278;285;294;304;316;329;344;360;378;398;419;442;467;493;521;550;582;615;649;686;724;764;806;850;896;944;993;1045;1098;1154;1211;1271;1333;1396;1462;1530;1601;1673;1748;1825;1904;1986;2069;2155;2243;2333;;;;;;;;;;;;;;;;;;;;;
1.700;;;;;;;;;;;;;;;;;;;;;;;;;;;;1799;1723;1650;1579;1509;1442;1377;1315;1254;1195;1138;1082;1029;978;929;881;835;791;749;708;670;633;598;564;533;503;474;447;422;399;377;357;338;321;306;292;280;269;260;252;246;241;238;236;236;237;240;244;250;257;266;276;288;301;316;333;351;370;391;414;439;465;493;522;553;586;621;658;696;736;778;822;868;915;965;1016;1070;1125;1183;1242;1304;1368;1434;1502;1573;1645;1720;1797;1877;1958;2042;2128;2216;2306;2398;;;;;;;;;;;;;;;;;;;;
1.600;;;;;;;;;;;;;;;;;;;;;;;;;;;1846;1769;1694;1621;1550;1481;1414;1349;1286;1226;1167;1110;1055;1002;950;901;853;808;764;722;681;643;606;571;537;505;475;447;421;396;372;350;330;312;295;280;266;253;243;234;226;220;215;212;210;210;211;214;218;224;231;240;250;262;275;290;306;324;344;365;388;412;438;466;496;527;560;595;631;669;710;751;795;841;889;938;990;1043;1099;1156;1216;1278;1341;1408;1476;1546;1619;1694;1771;1851;1932;2016;2102;2191;2281;2373;;;;;;;;;;;;;;;;;;;;
1.500;;;;;;;;;;;;;;;;;;;;;;;;;;;1818;1741;1666;1593;1522;1454;1387;1323;1260;1199;1141;1084;1029;976;924;875;827;782;738;696;655;617;580;545;512;480;450;422;395;370;347;325;305;287;270;255;241;229;218;209;201;195;190;187;185;185;186;189;193;199;206;215;225;237;250;265;282;300;319;340;363;388;414;442;471;502;535;570;606;645;685;727;770;816;864;913;965;1018;1074;1131;1191;1253;1317;1383;1451;1521;1594;1669;1747;1826;1908;1992;2079;2167;2257;2350;2444;;;;;;;;;;;;;;;;;;;
1.400;;;;;;;;;;;;;;;;;;;;;;;;;;;1791;1714;1640;1567;1497;1428;1362;1298;1235;1174;1116;1059;1004;951;900;851;803;757;713;671;631;593;556;521;487;456;426;398;371;346;323;302;282;263;246;231;217;205;195;186;178;172;167;164;162;162;163;166;170;176;183;192;202;214;227;242;259;277;296;317;340;365;391;418;448;479;512;547;583;621;661;703;747;793;840;890;941;995;1050;1108;1168;1229;1293;1359;1428;1498;1571;1646;1724;1803;1885;1970;2056;2145;2235;2328;2422;;;;;;;;;;;;;;;;;;;
1.300;;;;;;;;;;;;;;;;;;;;;;;;;;1844;1766;1689;1615;1543;1473;1405;1338;1274;1212;1151;1093;1036;981;928;877;828;780;734;691;649;608;570;533;498;465;433;404;375;349;324;301;279;260;241;224;209;196;184;173;164;156;150;146;143;141;141;142;145;149;155;162;171;181;193;206;221;237;255;275;296;319;343;369;397;426;457;490;525;561;600;640;682;725;771;819;868;920;973;1029;1086;1146;1208;1272;1338;1406;1477;1550;1625;1702;1782;1864;1949;2035;2124;2215;2308;2402;;;;;;;;;;;;;;;;;;;
1.200;;;;;;;;;;;;;;;;;;;;;;;;;;1820;1742;1666;1592;1520;1450;1382;1316;1252;1190;1129;1071;1014;959;907;855;806;759;713;669;627;587;549;512;477;444;412;383;355;328;303;280;259;239;221;204;189;175;163;153;144;136;130;126;123;121;121;122;125;129;135;142;151;161;173;186;201;217;235;255;276;299;323;349;377;406;438;470;505;542;580;620;662;706;751;799;848;900;953;1009;1066;1126;1188;1252;1318;1386;1457;1530;1605;1683;1763;1845;1929;2016;2105;2196;2289;2384;2481;;;;;;;;;;;;;;;;;;
1.100;;;;;;;;;;;;;;;;;;;;;;;;;1878;1798;1721;1645;1571;1499;1430;1362;1296;1232;1170;1109;1051;994;939;887;835;786;739;693;650;608;567;529;492;458;424;393;363;335;309;284;261;240;220;202;185;170;157;145;134;125;118;112;107;104;103;102;104;107;111;117;124;133;143;155;168;183;199;217;236;258;280;305;331;359;388;419;452;487;523;562;602;643;687;733;780;830;881;935;990;1048;1108;1170;1234;1300;1368;1439;1512;1587;1665;1745;1827;1912;1999;2088;2179;2272;2368;2464;;;;;;;;;;;;;;;;;;
1.000;;;;;;;;;;;;;;;;;;;;;;;;;1857;1778;1701;1625;1552;1480;1411;1343;1277;1213;1151;1091;1032;976;921;868;817;768;721;675;631;589;549;511;474;440;406;375;346;318;291;267;244;222;203;185;168;153;140;128;117;108;101;95;90;87;86;86;87;90;94;100;107;116;126;138;151;166;182;200;220;241;264;288;314;342;371;403;435;470;507;545;585;627;671;716;764;813;865;918;974;1031;1091;1153;1217;1283;1352;1422;1495;1571;1648;1729;1811;1896;1983;2072;2164;2257;2353;2450;;;;;;;;;;;;;;;;;;
0.900;;;;;;;;;;;;;;;;;;;;;;;;;1838;1759;1682;1607;1534;1463;1393;1325;1260;1196;1134;1074;1015;959;904;851;800;751;704;658;615;573;533;494;458;423;390;359;329;301;275;251;228;207;187;169;152;137;124;112;102;93;85;79;75;72;70;70;72;74;79;84;92;100;111;122;136;151;167;185;205;226;248;273;299;327;356;387;420;455;491;530;570;612;655;701;749;798;850;903;959;1016;1076;1138;1202;1268;1337;1407;1480;1556;1634;1714;1797;1882;1969;2058;2150;2244;2339;2437;2535;;;;;;;;;;;;;;;;;
0.800;;;;;;;;;;;;;;;;;;;;;;;;1902;1821;1743;1666;1591;1518;1447;1377;1310;1244;1180;1118;1058;1000;943;889;836;785;736;688;643;599;558;518;479;443;408;375;344;315;287;261;236;213;192;173;155;138;123;110;98;88;79;71;66;61;58;57;56;58;61;65;71;78;87;97;109;122;137;153;171;191;212;235;259;285;313;343;374;407;442;478;516;556;598;642;688;735;785;836;890;945;1003;1063;1124;1188;1255;1323;1394;1467;1543;1621;1701;1784;1869;1956;2046;2138;2232;2328;2426;2525;;;;;;;;;;;;;;;;;
0.700;;;;;;;;;;;;;;;;;;;;;;;;1887;1806;1728;1651;1577;1504;1432;1363;1296;1230;1166;1104;1044;986;929;875;822;771;722;675;629;586;544;504;466;430;395;362;331;302;274;248;223;201;179;160;142;126;111;97;86;75;66;59;53;49;46;44;44;46;48;53;58;66;75;85;97;110;125;141;159;179;200;223;247;273;301;331;362;395;430;466;504;544;586;630;676;723;773;824;878;933;991;1051;1113;1177;1243;1312;1382;1456;1531;1609;1690;1773;1858;1946;2036;2128;2222;2319;2417;2516;;;;;;;;;;;;;;;;;
0.600;;;;;;;;;;;;;;;;;;;;;;;;1873;1793;1715;1638;1564;1491;1420;1351;1283;1218;1154;1092;1032;974;917;863;810;759;710;663;617;574;532;492;454;418;383;350;319;290;262;236;212;189;168;149;131;115;100;86;75;64;56;48;42;38;35;33;33;35;38;42;48;55;64;74;86;99;114;131;149;168;189;212;237;263;291;320;352;385;419;456;494;534;576;620;666;713;763;814;868;923;981;1041;1102;1167;1233;1301;1372;1446;1521;1600;1680;1763;1849;1937;2027;2120;2214;2311;2409;2509;;;;;;;;;;;;;;;;;
0.500;;;;;;;;;;;;;;;;;;;;;;;;1862;1782;1704;1627;1553;1480;1409;1340;1273;1207;1143;1081;1021;963;907;852;799;748;699;652;607;563;522;482;444;408;373;340;309;280;252;227;202;180;159;139;121;105;90;77;65;55;46;39;33;29;26;24;24;26;28;33;39;46;55;65;77;90;105;121;139;159;180;203;228;254;282;311;343;376;411;447;485;526;567;611;657;705;754;806;859;915;972;1032;1094;1158;1224;1293;1364;1438;1513;1592;1672;1756;1841;1930;2020;2113;2208;2305;2404;2504;2605;;;;;;;;;;;;;;;;
0.400;;;;;;;;;;;;;;;;;;;;;;;1933;1852;1772;1694;1618;1544;1471;1400;1331;1263;1198;1134;1072;1012;954;897;843;790;739;690;643;598;554;513;473;435;399;364;332;301;272;244;218;194;171;150;131;113;97;82;69;57;47;38;31;25;21;18;16;16;18;21;25;31;38;47;57;69;82;97;114;132;152;173;196;220;247;275;304;335;368;403;440;478;518;560;604;650;698;747;799;852;908;965;1025;1087;1151;1218;1286;1357;1431;1507;1585;1666;1750;1836;1924;2015;2109;2204;2302;2401;2501;2603;;;;;;;;;;;;;;;;
0.300;;;;;;;;;;;;;;;;;;;;;;;1925;1844;1765;1687;1611;1536;1464;1393;1323;1256;1191;1127;1065;1005;946;890;835;783;732;683;636;591;547;506;466;428;392;357;325;294;265;237;212;187;165;144;125;107;91;76;63;51;41;32;25;19;14;12;10;10;11;14;19;25;32;41;51;63;76;91;108;126;146;167;190;214;241;269;298;330;363;398;434;473;513;555;599;644;692;742;793;847;902;960;1020;1082;1146;1212;1281;1352;1426;1502;1581;1662;1746;1832;1921;2012;2106;2202;2300;2399;2501;2603;;;;;;;;;;;;;;;;
0.200;;;;;;;;;;;;;;;;;;;;;;;1920;1838;1759;1681;1605;1531;1458;1387;1318;1250;1185;1121;1059;999;941;884;830;777;726;677;630;585;542;500;460;422;386;352;319;289;260;232;206;182;160;139;120;102;86;71;58;46;36;27;20;14;10;7;5;5;7;10;14;20;27;36;46;58;72;87;103;121;141;162;185;210;236;264;294;326;359;394;430;469;509;551;595;641;688;738;789;843;899;956;1016;1078;1142;1209;1278;1349;1423;1499;1578;1659;1743;1830;1919;2011;2105;2201;2300;2400;2502;2605;;;;;;;;;;;;;;;;
0.100;;;;;;;;;;;;;;;;;;;;;;;1916;1835;1755;1677;1601;1527;1454;1383;1314;1246;1181;1117;1055;995;937;880;826;773;722;673;626;581;538;496;456;419;382;348;316;285;256;229;203;179;156;135;116;98;82;68;54;43;33;24;17;11;6;4;2;2;3;6;11;17;24;33;43;55;69;84;100;118;138;160;183;207;234;262;291;323;356;391;428;466;507;549;593;638;686;736;787;841;897;954;1014;1076;1141;1207;1276;1348;1422;1498;1577;1659;1743;1830;1919;2012;2106;2203;2302;2403;2505;2609;;;;;;;;;;;;;;;;
0.000;;;;;;;;;;;;;;;;;;;;;;;1914;1833;1753;1675;1599;1525;1452;1381;1312;1244;1179;1115;1053;992;934;878;823;770;720;671;624;578;535;494;454;416;380;346;314;283;254;226;201;177;154;134;114;97;80;66;53;41;31;22;15;9;5;2;0;0;2;5;9;15;22;31;42;53;67;82;99;117;137;158;181;206;232;261;290;322;355;390;427;465;506;548;592;638;685;735;787;840;896;954;1014;1076;1140;1207;1276;1348;1422;1499;1578;1660;1744;1832;1922;2014;2109;2207;2306;2408;2511;2615;;;;;;;;;;;;;;;;
-0.100;;;;;;;;;;;;;;;;;;;;;;;1914;1833;1753;1676;1599;1525;1452;1381;1311;1244;1178;1114;1052;992;933;877;822;770;719;670;623;578;534;493;453;416;380;345;313;282;253;226;200;176;154;133;114;96;80;66;52;41;31;22;15;9;4;1;0;0;1;4;9;15;22;31;41;53;67;82;99;117;137;158;181;206;233;261;291;322;356;391;428;466;507;549;593;639;686;736;788;842;897;955;1015;1077;1142;1209;1278;1350;1424;1501;1581;1663;1748;1835;1926;2019;2114;2212;2312;2415;2518;2623;;;;;;;;;;;;;;;;
-0.200;;;;;;;;;;;;;;;;;;;;;;;1916;1835;1755;1677;1601;1526;1453;1382;1313;1245;1179;1115;1053;993;934;878;823;770;720;671;624;578;535;494;454;417;381;346;314;283;254;227;202;178;155;135;115;98;82;67;54;42;32;23;16;10;6;3;1;1;3;6;10;16;23;32;43;55;68;83;100;118;138;160;183;208;235;263;293;325;358;393;430;469;509;551;595;641;689;739;791;844;900;958;1018;1081;1145;1212;1282;1354;1428;1505;1585;1668;1753;1841;1932;2025;2121;2220;2321;2424;2528;2634;;;;;;;;;;;;;;;;
-0.300;;;;;;;;;;;;;;;;;;;;;;;1920;1839;1759;1681;1605;1530;1457;1386;1316;1248;1182;1118;1056;995;937;880;826;773;722;673;626;581;538;496;457;419;383;349;317;286;257;230;204;180;158;137;118;101;84;70;57;45;35;26;19;13;8;6;4;4;5;8;13;19;26;35;46;58;71;86;103;122;142;163;187;211;238;266;296;328;362;397;434;473;513;555;599;646;693;743;795;849;905;963;1023;1085;1150;1217;1287;1359;1434;1511;1591;1674;1760;1848;1940;2034;2131;2230;2331;2435;2540;2646;;;;;;;;;;;;;;;;
-0.400;;;;;;;;;;;;;;;;;;;;;;;1927;1845;1765;1687;1610;1535;1462;1391;1321;1253;1187;1123;1060;1000;941;885;830;777;726;677;630;585;542;501;461;423;388;353;321;290;262;234;209;185;163;142;123;105;89;74;61;49;39;30;23;17;13;10;8;8;10;13;17;23;31;39;50;62;76;91;108;126;146;168;191;216;243;272;302;333;367;402;439;478;519;561;605;651;699;749;801;855;911;969;1030;1092;1157;1224;1294;1367;1442;1519;1600;1683;1769;1858;1950;2044;2142;2242;2344;2448;2554;2661;;;;;;;;;;;;;;;;
-0.500;;;;;;;;;;;;;;;;;;;;;;;1935;1853;1773;1695;1618;1543;1469;1398;1328;1260;1193;1129;1067;1006;947;891;836;783;732;683;636;591;548;506;467;429;393;359;327;296;268;240;215;191;169;148;129;111;95;80;67;55;45;36;29;23;19;16;14;14;16;19;23;29;36;45;56;68;82;97;114;133;153;174;198;223;250;278;308;340;374;409;446;485;526;568;613;659;707;757;809;863;919;977;1038;1101;1166;1233;1303;1376;1451;1529;1610;1694;1780;1870;1962;2057;2155;2256;2358;2463;2570;2678;;;;;;;;;;;;;;;;
-0.600;;;;;;;;;;;;;;;;;;;;;;;1945;1863;1783;1704;1627;1552;1478;1406;1336;1268;1202;1137;1075;1014;955;898;844;791;740;691;644;599;555;514;475;437;401;367;335;304;275;248;222;199;176;155;136;119;102;88;75;63;53;44;36;31;26;23;22;22;23;26;30;36;44;53;64;76;89;105;122;140;161;182;206;231;258;287;317;349;383;418;455;494;535;578;622;668;716;766;819;873;929;987;1048;1111;1176;1244;1314;1387;1462;1541;1622;1706;1793;1883;1976;2072;2170;2272;2375;2481;2588;2697;;;;;;;;;;;;;;;;
-0.700;;;;;;;;;;;;;;;;;;;;;;;1957;1875;1795;1716;1638;1563;1489;1417;1347;1278;1212;1147;1084;1024;965;908;853;800;749;700;653;608;565;523;484;446;410;376;344;313;285;257;232;208;185;165;145;128;112;97;84;72;62;53;45;40;35;32;31;31;32;35;39;45;53;62;73;85;99;114;131;150;170;192;216;241;268;297;327;359;393;428;466;505;546;588;633;679;727;778;830;884;940;999;1060;1123;1188;1256;1327;1400;1476;1555;1636;1721;1808;1899;1992;2089;2188;2290;2394;2501;2609;2718;;;;;;;;;;;;;;;;
-0.800;;;;;;;;;;;;;;;;;;;;;;;1971;1889;1808;1729;1651;1576;1502;1429;1359;1290;1223;1159;1096;1035;976;919;864;811;760;711;664;619;576;534;495;457;421;387;355;324;295;268;243;219;196;176;156;139;122;108;94;83;72;63;56;50;46;43;41;41;43;46;50;56;64;73;83;96;109;125;142;161;181;203;227;252;279;308;339;371;405;440;478;517;558;601;645;692;740;791;843;897;954;1013;1073;1137;1202;1271;1341;1415;1491;1570;1652;1737;1826;1917;2011;2108;2208;2310;2415;2522;2631;2741;;;;;;;;;;;;;;;;
-0.900;;;;;;;;;;;;;;;;;;;;;;;1988;1905;1824;1744;1666;1590;1516;1443;1373;1304;1237;1172;1109;1048;989;932;877;824;773;724;677;632;588;547;507;470;434;400;368;337;308;281;255;231;209;188;169;151;135;120;107;95;85;76;68;62;58;55;53;53;55;58;62;68;76;85;96;108;122;137;155;174;194;216;240;265;293;322;352;384;418;454;492;531;572;615;660;706;755;805;858;912;969;1028;1089;1153;1219;1287;1358;1432;1509;1588;1671;1756;1845;1937;2031;2129;2230;2333;2439;2546;2656;2766;;;;;;;;;;;;;;;;
-1.000;;;;;;;;;;;;;;;;;;;;;;;2006;1923;1841;1761;1683;1607;1532;1459;1388;1319;1252;1187;1124;1063;1004;947;892;839;787;738;691;646;603;561;522;484;448;414;382;351;322;295;270;246;223;202;183;165;149;134;121;109;99;90;82;76;72;69;67;67;69;71;76;82;90;99;110;122;136;152;169;188;208;231;255;280;307;336;367;400;434;470;507;547;588;631;676;723;771;822;875;929;986;1045;1107;1170;1237;1305;1377;1451;1528;1608;1691;1777;1866;1959;2054;2152;2254;2358;2464;2572;2682;2793;;;;;;;;;;;;;;;;
-1.100;;;;;;;;;;;;;;;;;;;;;;;2026;1942;1860;1780;1702;1625;1550;1477;1406;1337;1270;1204;1141;1080;1021;963;908;855;804;755;707;662;619;577;538;500;464;430;398;367;338;311;285;261;239;218;199;181;165;150;136;125;114;105;98;92;87;84;83;82;84;87;91;98;105;114;125;138;152;167;185;204;225;247;271;297;324;353;384;417;451;487;525;564;606;649;694;741;789;840;893;948;1005;1064;1126;1190;1257;1326;1397;1472;1550;1630;1714;1800;1890;1983;2079;2178;2280;2384;2491;2600;2711;2822;;;;;;;;;;;;;;;;
-1.200;;;;;;;;;;;;;;;;;;;;;;;2047;1964;1882;1801;1722;1645;1570;1497;1426;1356;1289;1223;1160;1098;1039;982;926;873;822;773;725;680;637;595;556;518;482;448;416;385;356;329;303;279;257;236;216;198;182;167;154;142;131;122;115;109;104;101;100;100;101;104;109;115;122;132;143;155;169;185;202;222;242;265;289;315;342;372;403;435;470;506;544;583;625;668;713;761;810;860;914;969;1026;1085;1147;1212;1279;1348;1420;1495;1573;1654;1738;1825;1916;2009;2106;2205;2308;2413;2521;2630;2741;2853;;;;;;;;;;;;;;;;
-1.300;;;;;;;;;;;;;;;;;;;;;;;2071;1987;1905;1824;1745;1667;1592;1518;1447;1377;1309;1244;1180;1119;1059;1002;946;893;842;792;745;700;656;615;575;538;502;468;435;404;375;348;322;298;276;255;235;218;201;186;173;161;150;141;134;128;123;120;118;118;120;123;127;134;141;151;162;174;188;204;222;241;262;284;309;335;362;392;423;456;490;527;565;605;646;690;735;782;831;883;936;991;1049;1109;1171;1235;1303;1372;1445;1520;1599;1680;1765;1853;1944;2038;2135;2235;2339;2444;2552;2662;2774;2885;;;;;;;;;;;;;;;;
-1.400;;;;;;;;;;;;;;;;;;;;;;;2097;2012;1929;1848;1769;1691;1615;1542;1470;1400;1332;1266;1202;1141;1081;1024;968;915;863;814;767;721;678;636;597;559;523;489;456;426;397;369;344;319;297;276;256;238;222;207;193;181;171;162;154;148;144;140;139;139;140;143;148;154;162;171;182;195;209;225;243;262;283;306;330;356;384;414;445;478;513;549;587;627;669;713;758;806;855;907;960;1016;1074;1134;1196;1261;1329;1399;1472;1548;1627;1709;1794;1882;1974;2069;2166;2267;2371;2477;2586;2696;2808;;;;;;;;;;;;;;;;;
-1.500;;;;;;;;;;;;;;;;;;;;;;;2124;2039;1956;1875;1795;1717;1641;1567;1495;1425;1356;1290;1227;1165;1105;1047;992;938;887;837;790;745;701;660;620;582;546;512;479;449;420;392;366;342;320;298;279;261;244;229;216;204;193;184;176;170;166;163;161;161;162;165;170;176;184;194;205;217;232;248;266;285;306;329;354;380;408;437;469;502;537;574;612;652;694;738;784;831;881;933;986;1042;1100;1161;1224;1289;1357;1428;1501;1577;1657;1739;1825;1914;2006;2102;2200;2302;2406;2513;2622;2732;2844;;;;;;;;;;;;;;;;;
-1.600;;;;;;;;;;;;;;;;;;;;;;;;2068;1984;1903;1823;1744;1668;1594;1521;1451;1383;1317;1252;1190;1131;1073;1017;964;912;863;815;770;726;685;645;607;571;537;504;473;444;417;391;367;344;323;303;285;269;254;240;228;217;208;200;194;190;187;185;185;186;189;194;200;208;218;229;242;256;272;290;310;331;354;379;405;433;463;495;528;563;600;638;679;721;765;811;859;909;961;1015;1071;1129;1190;1253;1319;1387;1458;1532;1609;1689;1772;1859;1948;2041;2137;2236;2338;2443;2550;2659;2770;2881;;;;;;;;;;;;;;;;;
-1.700;;;;;;;;;;;;;;;;;;;;;;;;2098;2015;1932;1852;1774;1697;1622;1550;1479;1411;1344;1280;1218;1158;1100;1044;991;939;890;842;797;753;711;672;634;598;563;531;500;471;443;417;393;370;349;329;311;295;280;266;254;243;234;226;220;215;212;211;211;212;215;220;226;234;244;255;268;282;299;317;336;358;381;406;432;460;490;522;556;591;628;667;707;750;794;840;888;938;991;1045;1101;1160;1221;1285;1351;1420;1491;1566;1643;1724;1807;1894;1984;2078;2174;2274;2376;2482;2589;2699;2809;2921;;;;;;;;;;;;;;;;;
-1.800;;;;;;;;;;;;;;;;;;;;;;;;2131;2046;1964;1883;1805;1728;1653;1580;1509;1441;1374;1310;1248;1187;1129;1074;1020;968;919;871;825;782;740;700;662;626;592;559;528;499;471;446;421;398;377;357;339;323;307;294;281;271;261;254;248;243;240;238;238;240;243;247;254;262;271;283;296;310;327;345;365;386;409;434;461;489;520;552;585;621;658;697;738;780;825;871;920;970;1023;1077;1134;1193;1255;1319;1385;1455;1527;1602;1680;1761;1845;1932;2023;2117;2214;2314;2417;2523;2630;2740;2850;;;;;;;;;;;;;;;;;;
-1.900;;;;;;;;;;;;;;;;;;;;;;;;2164;2080;1997;1916;1837;1760;1685;1612;1541;1473;1406;1341;1279;1219;1161;1105;1051;999;949;902;856;812;771;731;693;656;622;589;558;529;502;476;451;428;407;387;369;352;337;323;311;300;291;283;277;272;269;267;267;269;272;277;283;291;301;312;325;340;357;375;395;416;440;465;492;520;551;583;617;652;690;729;770;813;858;904;953;1004;1057;1112;1169;1228;1290;1355;1422;1491;1564;1640;1718;1800;1885;1973;2064;2158;2256;2356;2460;2565;2673;2783;2893;;;;;;;;;;;;;;;;;;
-2.000;;;;;;;;;;;;;;;;;;;;;;;;;2115;2032;1951;1872;1795;1719;1646;1575;1506;1439;1375;1312;1252;1194;1138;1084;1032;982;934;889;845;803;763;725;689;654;622;590;561;533;507;483;460;439;419;400;384;368;354;342;331;322;314;308;303;300;298;298;300;303;308;314;323;332;344;357;372;388;407;427;449;472;497;524;553;584;616;650;686;724;763;804;848;893;940;989;1040;1093;1148;1206;1266;1328;1393;1460;1531;1604;1680;1759;1841;1927;2015;2107;2202;2300;2401;2504;2610;2718;2827;2937;;;;;;;;;;;;;;;;;;
-2.100;;;;;;;;;;;;;;;;;;;;;;;;;2152;2069;1988;1908;1831;1755;1682;1611;1542;1475;1410;1347;1287;1229;1172;1118;1066;1017;969;923;879;837;797;759;723;688;655;624;595;567;541;516;493;472;452;434;417;401;388;375;364;355;347;341;336;333;331;331;333;336;341;348;356;366;377;390;405;422;441;461;483;506;532;559;588;619;651;686;722;759;799;841;884;930;977;1026;1078;1131;1187;1245;1305;1368;1433;1501;1572;1646;1723;1802;1885;1971;2060;2153;2248;2346;2447;2551;2657;2764;2873;;;;;;;;;;;;;;;;;;;
-2.200;;;;;;;;;;;;;;;;;;;;;;;;;2191;2107;2026;1946;1869;1793;1720;1648;1579;1512;1447;1384;1324;1265;1209;1155;1103;1053;1005;959;915;873;833;795;759;724;691;660;631;603;577;552;529;507;487;469;452;436;423;410;399;390;382;376;371;368;366;366;368;371;376;382;391;401;412;426;441;458;476;497;519;543;568;596;625;656;688;723;759;797;837;879;923;968;1016;1066;1118;1171;1228;1286;1347;1410;1476;1545;1616;1690;1768;1848;1931;2018;2107;2200;2296;2395;2496;2600;2705;2812;2920;;;;;;;;;;;;;;;;;;;
-2.300;;;;;;;;;;;;;;;;;;;;;;;;;;2147;2066;1986;1908;1833;1759;1688;1618;1551;1486;1423;1363;1304;1248;1194;1141;1091;1044;998;954;912;871;833;797;762;729;698;668;640;614;589;566;545;524;506;489;473;459;447;436;427;419;412;408;404;403;403;404;408;413;419;428;438;449;463;478;495;514;534;557;581;606;634;663;694;727;762;799;837;877;919;963;1009;1057;1108;1160;1214;1271;1329;1391;1455;1521;1590;1662;1737;1815;1896;1980;2067;2157;2250;2346;2445;2547;2650;2756;2862;2969;;;;;;;;;;;;;;;;;;;
-2.400;;;;;;;;;;;;;;;;;;;;;;;;;;2189;2107;2028;1950;1874;1800;1729;1659;1592;1527;1464;1403;1345;1288;1234;1182;1132;1084;1038;994;952;911;873;837;802;769;737;708;680;653;629;605;584;564;545;528;512;498;486;475;465;457;451;446;443;441;441;443;446;451;458;466;477;488;502;517;534;553;574;596;621;646;674;704;735;768;803;840;879;919;962;1006;1053;1101;1151;1204;1259;1316;1375;1437;1501;1568;1638;1711;1786;1865;1946;2031;2118;2209;2302;2399;2498;2599;2703;2807;2913;;;;;;;;;;;;;;;;;;;;
-2.500;;;;;;;;;;;;;;;;;;;;;;;;;;;2151;2071;1993;1917;1843;1772;1702;1635;1570;1507;1446;1387;1331;1277;1224;1174;1126;1080;1036;994;953;915;878;844;810;779;749;721;695;670;646;625;604;586;569;553;539;526;515;506;498;491;487;483;482;482;483;487;492;499;507;517;529;543;558;576;595;615;638;662;689;717;746;778;811;847;884;923;964;1006;1051;1098;1147;1197;1250;1306;1363;1423;1486;1551;1618;1688;1762;1838;1917;1999;2084;2172;2263;2357;2453;2552;2654;2756;2860;2965;;;;;;;;;;;;;;;;;;;;
-2.600;;;;;;;;;;;;;;;;;;;;;;;;;;;2195;2116;2038;1962;1888;1817;1747;1680;1615;1552;1491;1432;1375;1321;1269;1219;1170;1124;1080;1038;997;959;922;887;854;823;793;764;738;713;690;668;647;629;611;596;581;569;558;548;540;534;529;526;524;524;526;529;534;541;550;560;572;586;602;619;638;659;682;706;733;761;791;823;856;892;929;969;1010;1053;1098;1145;1194;1246;1299;1355;1413;1473;1536;1602;1670;1741;1815;1892;1971;2054;2139;2228;2319;2413;2510;2609;2710;2812;2915;;;;;;;;;;;;;;;;;;;;;
-2.700;;;;;;;;;;;;;;;;;;;;;;;;;;;;2162;2085;2009;1935;1864;1794;1727;1661;1598;1537;1479;1422;1368;1315;1265;1217;1170;1126;1084;1043;1005;968;933;900;868;838;810;783;758;735;713;692;673;656;640;626;613;602;592;584;578;573;570;568;569;570;574;579;586;594;605;617;631;647;664;683;704;727;752;779;807;837;869;903;939;977;1017;1058;1102;1147;1195;1244;1296;1350;1406;1465;1526;1590;1656;1725;1796;1871;1948;2028;2111;2197;2286;2378;2472;2569;2667;2768;2869;2970;;;;;;;;;;;;;;;;;;;;;
-2.800;;;;;;;;;;;;;;;;;;;;;;;;;;;;2211;2133;2057;1984;1912;1843;1775;1710;1647;1586;1527;1471;1416;1364;1313;1265;1219;1174;1132;1091;1053;1016;981;947;916;885;857;830;805;782;759;739;720;703;687;672;660;648;639;631;624;619;616;615;615;617;620;625;632;641;651;664;678;694;711;731;752;775;800;827;855;886;918;953;989;1027;1067;1109;1152;1198;1246;1296;1349;1403;1460;1519;1581;1645;1712;1781;1854;1929;2007;2087;2171;2257;2347;2439;2533;2629;2727;2827;2927;;;;;;;;;;;;;;;;;;;;;;
-2.900;;;;;;;;;;;;;;;;;;;;;;;;;;;;;2183;2108;2034;1963;1893;1826;1761;1698;1637;1578;1521;1467;1414;1364;1315;1269;1225;1182;1141;1103;1066;1030;997;965;935;906;879;854;830;808;788;769;751;735;721;708;697;687;679;673;668;664;663;663;665;668;674;681;689;700;712;727;743;760;780;801;825;850;877;906;937;969;1004;1040;1078;1119;1161;1205;1252;1300;1351;1404;1459;1516;1576;1638;1703;1770;1841;1913;1989;2068;2149;2233;2320;2409;2501;2596;2692;2789;2888;2986;;;;;;;;;;;;;;;;;;;;;;
-3.000;;;;;;;;;;;;;;;;;;;;;;;;;;;;;2235;2160;2087;2015;1946;1879;1814;1751;1690;1631;1574;1519;1467;1416;1368;1321;1277;1234;1194;1155;1118;1082;1049;1017;986;958;931;905;881;859;839;819;802;786;771;758;747;737;729;723;718;715;713;713;715;719;724;731;740;751;763;777;794;811;831;853;876;902;929;958;989;1022;1057;1094;1132;1173;1216;1261;1307;1356;1408;1461;1517;1575;1635;1698;1763;1831;1902;1976;2052;2131;2213;2297;2385;2474;2566;2660;2756;2852;2949;;;;;;;;;;;;;;;;;;;;;;;
-3.100;;;;;;;;;;;;;;;;;;;;;;;;;;;;;;2214;2141;2070;2000;1933;1868;1805;1744;1686;1629;1574;1522;1471;1423;1376;1331;1289;1248;1209;1172;1136;1102;1070;1040;1011;984;958;935;912;891;872;855;838;824;811;800;790;782;775;770;767;765;766;767;771;776;784;793;803;816;830;847;865;885;906;930;956;983;1013;1044;1077;1112;1149;1188;1230;1273;1318;1365;1415;1466;1520;1577;1635;1696;1760;1826;1895;1966;2040;2117;2197;2279;2364;2452;2541;2633;2726;2821;2917;3012;;;;;;;;;;;;;;;;;;;;;;;
-3.200;;;;;;;;;;;;;;;;;;;;;;;;;;;;;;2269;2197;2126;2057;1990;1925;1862;1801;1743;1686;1631;1579;1528;1479;1433;1388;1345;1304;1265;1228;1192;1158;1126;1095;1067;1039;1014;990;967;946;927;909;893;878;865;854;844;836;829;824;821;820;820;822;825;831;838;847;858;871;885;902;920;940;962;986;1012;1039;1069;1101;1134;1170;1207;1247;1288;1332;1378;1425;1475;1528;1582;1639;1698;1760;1824;1891;1961;2033;2108;2185;2265;2348;2433;2521;2610;2702;2794;2888;2982;;;;;;;;;;;;;;;;;;;;;;;;
-3.300;;;;;;;;;;;;;;;;;;;;;;;;;;;;;;;2254;2184;2115;2049;1984;1921;1860;1802;1745;1690;1638;1587;1538;1491;1447;1404;1363;1323;1286;1250;1216;1184;1153;1124;1097;1071;1047;1024;1003;984;966;950;935;922;910;901;892;886;881;878;876;876;878;882;887;895;904;915;928;942;959;977;997;1020;1044;1070;1098;1128;1160;1193;1229;1267;1307;1349;1393;1439;1488;1538;1591;1646;1704;1764;1826;1891;1959;2029;2102;2177;2255;2336;2419;2504;2592;2681;2772;2864;2956;;;;;;;;;;;;;;;;;;;;;;;;;
-3.400;;;;;;;;;;;;;;;;;;;;;;;;;;;;;;;;2244;2176;2109;2045;1982;1921;1863;1806;1751;1699;1648;1599;1552;1508;1464;1423;1384;1346;1310;1276;1244;1213;1184;1156;1130;1106;1083;1062;1043;1025;1008;994;980;969;959;951;944;939;936;934;935;937;940;946;953;962;974;986;1001;1018;1036;1057;1079;1104;1130;1158;1189;1221;1255;1291;1329;1370;1412;1457;1503;1552;1604;1657;1713;1771;1832;1895;1960;2029;2100;2173;2249;2327;2408;2492;2577;2665;2754;2844;2935;;;;;;;;;;;;;;;;;;;;;;;;;;
-3.500;;;;;;;;;;;;;;;;;;;;;;;;;;;;;;;;;2238;2172;2107;2045;1984;1926;1869;1815;1762;1711;1662;1616;1571;1527;1486;1447;1409;1373;1338;1306;1275;1246;1218;1192;1168;1145;1123;1104;1086;1069;1054;1041;1030;1020;1011;1005;1000;996;995;995;997;1001;1007;1014;1023;1034;1047;1062;1079;1098;1119;1141;1166;1192;1221;1251;1284;1319;1355;1394;1435;1478;1523;1570;1619;1671;1725;1782;1841;1902;1966;2032;2101;2173;2247;2323;2402;2483;2567;2652;2739;2828;2917;3007;;;;;;;;;;;;;;;;;;;;;;;;;;
-3.600;;;;;;;;;;;;;;;;;;;;;;;;;;;;;;;;;2302;2236;2172;2110;2050;1991;1935;1880;1827;1777;1728;1681;1636;1592;1551;1511;1473;1437;1403;1370;1339;1310;1282;1256;1231;1208;1187;1167;1149;1132;1117;1104;1092;1082;1074;1067;1062;1059;1058;1058;1060;1064;1069;1077;1086;1097;1111;1126;1143;1162;1182;1205;1230;1257;1286;1317;1349;1384;1421;1461;1502;1545;1591;1639;1689;1741;1796;1853;1913;1975;2039;2106;2176;2248;2322;2399;2479;2560;2644;2729;2816;2903;2992;;;;;;;;;;;;;;;;;;;;;;;;;;;
-3.700;;;;;;;;;;;;;;;;;;;;;;;;;;;;;;;;;;2302;2239;2177;2117;2059;2002;1948;1895;1844;1795;1748;1703;1660;1618;1578;1540;1504;1470;1437;1405;1376;1348;1322;1297;1274;1252;1232;1214;1197;1182;1169;1157;1147;1139;1132;1127;1124;1122;1123;1125;1129;1134;1142;1151;1163;1176;1191;1208;1227;1248;1272;1297;1324;1353;1384;1417;1452;1490;1529;1571;1615;1661;1710;1760;1813;1869;1927;1987;2050;2115;2183;2253;2326;2401;2478;2558;2639;2723;2808;2894;2980;;;;;;;;;;;;;;;;;;;;;;;;;;;;
-3.800;;;;;;;;;;;;;;;;;;;;;;;;;;;;;;;;;;;2307;2246;2186;2128;2072;2017;1965;1914;1865;1818;1773;1729;1688;1648;1610;1573;1538;1505;1474;1444;1416;1390;1365;1342;1320;1300;1282;1265;1250;1236;1224;1214;1206;1199;1194;1191;1189;1190;1192;1196;1201;1209;1219;1230;1244;1259;1276;1295;1317;1340;1365;1393;1422;1454;1487;1523;1561;1601;1643;1687;1734;1783;1834;1888;1944;2003;2064;2127;2193;2261;2332;2406;2481;2559;2639;2720;2803;2888;2973;;;;;;;;;;;;;;;;;;;;;;;;;;;;;
-3.900;;;;;;;;;;;;;;;;;;;;;;;;;;;;;;;;;;;;2317;2257;2200;2144;2089;2037;1986;1937;1890;1845;1801;1759;1719;1681;1644;1609;1576;1545;1515;1486;1460;1435;1412;1390;1370;1351;1334;1319;1306;1294;1284;1275;1268;1263;1260;1259;1259;1261;1265;1271;1279;1288;1300;1313;1329;1346;1366;1387;1411;1436;1464;1494;1525;1559;1596;1634;1674;1717;1762;1809;1859;1911;1965;2022;2081;2143;2207;2274;2343;2414;2488;2564;2642;2721;2803;2886;2969;;;;;;;;;;;;;;;;;;;;;;;;;;;;;;
-4.000;;;;;;;;;;;;;;;;;;;;;;;;;;;;;;;;;;;;;2330;2273;2217;2163;2111;2060;2011;1964;1919;1875;1833;1793;1754;1718;1683;1649;1618;1587;1559;1532;1507;1484;1462;1442;1423;1406;1391;1377;1365;1355;1347;1340;1335;1331;1330;1330;1333;1337;1343;1350;1360;1372;1385;1401;1419;1438;1460;1484;1510;1538;1568;1600;1634;1671;1709;1750;1794;1839;1887;1937;1990;2045;2102;2162;2224;2289;2356;2426;2498;2572;2648;2726;2806;2887;2969;;;;;;;;;;;;;;;;;;;;;;;;;;;;;;;
-4.100;;;;;;;;;;;;;;;;;;;;;;;;;;;;;;;;;;;;;;2348;2293;2239;2187;2136;2087;2040;1995;1951;1909;1869;1830;1793;1758;1724;1693;1662;1634;1607;1582;1558;1536;1516;1497;1480;1465;1451;1439;1429;1420;1414;1408;1405;1404;1404;1406;1410;1416;1424;1434;1446;1460;1476;1493;1513;1535;1559;1585;1613;1644;1676;1711;1748;1787;1829;1872;1918;1967;2018;2071;2127;2185;2245;2308;2374;2441;2511;2584;2658;2735;2813;2892;2973;;;;;;;;;;;;;;;;;;;;;;;;;;;;;;;;
-4.200;;;;;;;;;;;;;;;;;;;;;;;;;;;;;;;;;;;;;;;2370;2317;2265;2214;2165;2118;2073;2029;1987;1947;1908;1871;1836;1802;1770;1740;1711;1684;1659;1635;1613;1592;1574;1557;1541;1527;1515;1505;1496;1490;1485;1481;1480;1480;1483;1487;1493;1501;1511;1523;1537;1553;1571;1591;1613;1637;1663;1692;1723;1755;1790;1828;1867;1909;1954;2000;2049;2101;2154;2211;2269;2331;2394;2460;2528;2599;2672;2746;2823;2900;2979;;;;;;;;;;;;;;;;;;;;;;;;;;;;;;;;;
-4.300;;;;;;;;;;;;;;;;;;;;;;;;;;;;;;;;;;;;;;;;2396;2344;2294;2245;2198;2153;2109;2067;2027;1988;1951;1915;1882;1850;1819;1790;1763;1738;1714;1692;1671;1652;1635;1620;1606;1594;1583;1575;1568;1563;1560;1558;1559;1561;1565;1572;1580;1590;1602;1616;1632;1650;1670;1693;1717;1744;1773;1804;1837;1872;1910;1950;1993;2037;2084;2134;2186;2240;2297;2357;2418;2482;2549;2618;2688;2761;2836;2912;2990;;;;;;;;;;;;;;;;;;;;;;;;;;;;;;;;;;
-4.400;;;;;;;;;;;;;;;;;;;;;;;;;;;;;;;;;;;;;;;;;;2376;2327;2280;2235;2191;2149;2109;2070;2033;1997;1963;1931;1901;1872;1844;1819;1795;1773;1752;1733;1716;1701;1687;1675;1664;1656;1649;1644;1641;1639;1640;1642;1647;1653;1661;1671;1683;1698;1714;1732;1753;1775;1800;1827;1856;1887;1921;1957;1995;2035;2078;2123;2171;2221;2274;2329;2386;2446;2508;2573;2640;2709;2780;2853;2927;3003;;;;;;;;;;;;;;;;;;;;;;;;;;;;;;;;;;;
-4.500;;;;;;;;;;;;;;;;;;;;;;;;;;;;;;;;;;;;;;;;;;;2411;2364;2319;2275;2233;2193;2154;2117;2081;2047;2015;1984;1955;1928;1902;1878;1856;1835;1817;1799;1784;1770;1758;1747;1739;1732;1727;1724;1723;1723;1726;1730;1737;1745;1755;1767;1782;1798;1817;1837;1860;1885;1912;1942;1973;2007;2043;2082;2123;2166;2212;2260;2311;2364;2419;2477;2537;2600;2665;2732;2801;2873;2945;;;;;;;;;;;;;;;;;;;;;;;;;;;;;;;;;;;;;
-4.600;;;;;;;;;;;;;;;;;;;;;;;;;;;;;;;;;;;;;;;;;;;;2450;2405;2361;2319;2279;2240;2203;2167;2133;2101;2070;2041;2014;1988;1964;1942;1921;1902;1885;1869;1855;1843;1833;1825;1818;1813;1810;1809;1809;1812;1816;1823;1831;1842;1854;1869;1885;1904;1925;1948;1973;2000;2030;2062;2096;2133;2172;2213;2257;2303;2351;2402;2456;2512;2570;2631;2694;2759;2826;2896;2967;;;;;;;;;;;;;;;;;;;;;;;;;;;;;;;;;;;;;;
-4.700;;;;;;;;;;;;;;;;;;;;;;;;;;;;;;;;;;;;;;;;;;;;;;2448;2406;2366;2327;2290;2255;2221;2188;2158;2129;2101;2076;2052;2029;2009;1990;1973;1957;1943;1931;1921;1913;1906;1901;1898;1897;1898;1900;1905;1911;1920;1931;1943;1958;1975;1994;2015;2038;2063;2091;2121;2153;2188;2224;2264;2305;2349;2396;2445;2496;2550;2607;2665;2726;2789;2855;2922;;;;;;;;;;;;;;;;;;;;;;;;;;;;;;;;;;;;;;;;
-4.800;;;;;;;;;;;;;;;;;;;;;;;;;;;;;;;;;;;;;;;;;;;;;;;;2455;2416;2379;2344;2310;2278;2247;2218;2191;2165;2141;2119;2099;2080;2063;2047;2033;2021;2011;2003;1996;1992;1989;1988;1989;1991;1996;2003;2011;2022;2035;2050;2067;2086;2107;2130;2156;2184;2214;2247;2281;2319;2358;2400;2445;2491;2541;2592;2647;2703;2762;2823;2886;2952;;;;;;;;;;;;;;;;;;;;;;;;;;;;;;;;;;;;;;;;;
-4.900;;;;;;;;;;;;;;;;;;;;;;;;;;;;;;;;;;;;;;;;;;;;;;;;;2507;2470;2435;2401;2369;2339;2310;2283;2257;2233;2211;2190;2172;2155;2139;2126;2114;2104;2096;2089;2085;2082;2081;2082;2085;2090;2097;2105;2116;2129;2144;2161;2181;2202;2226;2251;2279;2310;2343;2378;2415;2455;2497;2542;2589;2638;2690;2745;2801;2860;2921;;;;;;;;;;;;;;;;;;;;;;;;;;;;;;;;;;;;;;;;;;;
-5.000;;;;;;;;;;;;;;;;;;;;;;;;;;;;;;;;;;;;;;;;;;;;;;;;;;;2527;2493;2462;2431;2403;2376;2350;2327;2305;2284;2266;2249;2234;2220;2209;2199;2191;2184;2180;2177;2177;2178;2181;2186;2193;2202;2213;2226;2241;2258;2278;2299;2323;2349;2377;2408;2441;2476;2514;2554;2596;2641;2688;2738;2790;2844;2901;;;;;;;;;;;;;;;;;;;;;;;;;;;;;;;;;;;;;;;;;;;;;
-5.100;;;;;;;;;;;;;;;;;;;;;;;;;;;;;;;;;;;;;;;;;;;;;;;;;;;;;;2525;2497;2470;2445;2422;2400;2380;2362;2345;2330;2317;2305;2296;2288;2282;2278;2275;2275;2276;2280;2285;2292;2301;2312;2325;2341;2358;2378;2399;2423;2449;2478;2508;2541;2577;2615;2655;2697;2742;2789;2839;2891;;;;;;;;;;;;;;;;;;;;;;;;;;;;;;;;;;;;;;;;;;;;;;;
-5.200;;;;;;;;;;;;;;;;;;;;;;;;;;;;;;;;;;;;;;;;;;;;;;;;;;;;;;;;2566;2541;2518;2497;2477;2459;2443;2428;2415;2404;2395;2387;2382;2378;2375;2375;2377;2380;2386;2393;2402;2414;2427;2443;2460;2480;2502;2526;2552;2580;2611;2644;2679;2717;2757;2800;2845;;;;;;;;;;;;;;;;;;;;;;;;;;;;;;;;;;;;;;;;;;;;;;;;;;
-5.300;;;;;;;;;;;;;;;;;;;;;;;;;;;;;;;;;;;;;;;;;;;;;;;;;;;;;;;;;;;2595;2576;2558;2542;2528;2515;2505;2496;2489;2483;2480;2478;2478;2480;2483;2489;2497;2506;2518;2531;2547;2564;2584;2606;2630;2656;2685;2715;2748;2784;2821;;;;;;;;;;;;;;;;;;;;;;;;;;;;;;;;;;;;;;;;;;;;;;;;;;;;;
-5.400;;;;;;;;;;;;;;;;;;;;;;;;;;;;;;;;;;;;;;;;;;;;;;;;;;;;;;;;;;;;;;;2629;2617;2607;2598;2591;2586;2583;2582;2582;2584;2588;2594;2602;2612;2623;2637;2653;2671;2690;2712;2736;2762;2791;;;;;;;;;;;;;;;;;;;;;;;;;;;;;;;;;;;;;;;;;;;;;;;;;;;;;;;;;
-5.500;;;;;;;;;;;;;;;;;;;;;;;;;;;;;;;;;;;;;;;;;;;;;;;;;;;;;;;;;;;;;;;;;;;;;;2687;2688;2691;2695;2701;2709;2719;2731;2745;;;;;;;;;;;;;;;;;;;;;;;;;;;;;;;;;;;;;;;;;;;;;;;;;;;;;;;;;;;;;;;;
-5.600;;;;;;;;;;;;;;;;;;;;;;;;;;;;;;;;;;;;;;;;;;;;;;;;;;;;;;;;;;;;;;;;;;;;;;;;;;;;;;;;;;;;;;;;;;;;;;;;;;;;;;;;;;;;;;;;;;;;;;;;;;;;;;;;;;;;;;;;;;;;;;
-5.700;;;;;;;;;;;;;;;;;;;;;;;;;;;;;;;;;;;;;;;;;;;;;;;;;;;;;;;;;;;;;;;;;;;;;;;;;;;;;;;;;;;;;;;;;;;;;;;;;;;;;;;;;;;;;;;;;;;;;;;;;;;;;;;;;;;;;;;;;;;;;;
-5.800;;;;;;;;;;;;;;;;;;;;;;;;;;;;;;;;;;;;;;;;;;;;;;;;;;;;;;;;;;;;;;;;;;;;;;;;;;;;;;;;;;;;;;;;;;;;;;;;;;;;;;;;;;;;;;;;;;;;;;;;;;;;;;;;;;;;;;;;;;;;;;
-5.900;;;;;;;;;;;;;;;;;;;;;;;;;;;;;;;;;;;;;;;;;;;;;;;;;;;;;;;;;;;;;;;;;;;;;;;;;;;;;;;;;;;;;;;;;;;;;;;;;;;;;;;;;;;;;;;;;;;;;;;;;;;;;;;;;;;;;;;;;;;;;;
-6.000;;;;;;;;;;;;;;;;;;;;;;;;;;;;;;;;;;;;;;;;;;;;;;;;;;;;;;;;;;;;;;;;;;;;;;;;;;;;;;;;;;;;;;;;;;;;;;;;;;;;;;;;;;;;;;;;;;;;;;;;;;;;;;;;;;;;;;;;;;;;;;
-6.100;;;;;;;;;;;;;;;;;;;;;;;;;;;;;;;;;;;;;;;;;;;;;;;;;;;;;;;;;;;;;;;;;;;;;;;;;;;;;;;;;;;;;;;;;;;;;;;;;;;;;;;;;;;;;;;;;;;;;;;;;;;;;;;;;;;;;;;;;;;;;;
-6.200;;;;;;;;;;;;;;;;;;;;;;;;;;;;;;;;;;;;;;;;;;;;;;;;;;;;;;;;;;;;;;;;;;;;;;;;;;;;;;;;;;;;;;;;;;;;;;;;;;;;;;;;;;;;;;;;;;;;;;;;;;;;;;;;;;;;;;;;;;;;;;
-6.300;;;;;;;;;;;;;;;;;;;;;;;;;;;;;;;;;;;;;;;;;;;;;;;;;;;;;;;;;;;;;;;;;;;;;;;;;;;;;;;;;;;;;;;;;;;;;;;;;;;;;;;;;;;;;;;;;;;;;;;;;;;;;;;;;;;;;;;;;;;;;;
-6.400;;;;;;;;;;;;;;;;;;;;;;;;;;;;;;;;;;;;;;;;;;;;;;;;;;;;;;;;;;;;;;;;;;;;;;;;;;;;;;;;;;;;;;;;;;;;;;;;;;;;;;;;;;;;;;;;;;;;;;;;;;;;;;;;;;;;;;;;;;;;;;
-6.500;;;;;;;;;;;;;;;;;;;;;;;;;;;;;;;;;;;;;;;;;;;;;;;;;;;;;;;;;;;;;;;;;;;;;;;;;;;;;;;;;;;;;;;;;;;;;;;;;;;;;;;;;;;;;;;;;;;;;;;;;;;;;;;;;;;;;;;;;;;;;;
-6.600;;;;;;;;;;;;;;;;;;;;;;;;;;;;;;;;;;;;;;;;;;;;;;;;;;;;;;;;;;;;;;;;;;;;;;;;;;;;;;;;;;;;;;;;;;;;;;;;;;;;;;;;;;;;;;;;;;;;;;;;;;;;;;;;;;;;;;;;;;;;;;
-6.700;;;;;;;;;;;;;;;;;;;;;;;;;;;;;;;;;;;;;;;;;;;;;;;;;;;;;;;;;;;;;;;;;;;;;;;;;;;;;;;;;;;;;;;;;;;;;;;;;;;;;;;;;;;;;;;;;;;;;;;;;;;;;;;;;;;;;;;;;;;;;;
-6.800;;;;;;;;;;;;;;;;;;;;;;;;;;;;;;;;;;;;;;;;;;;;;;;;;;;;;;;;;;;;;;;;;;;;;;;;;;;;;;;;;;;;;;;;;;;;;;;;;;;;;;;;;;;;;;;;;;;;;;;;;;;;;;;;;;;;;;;;;;;;;;
-6.900;;;;;;;;;;;;;;;;;;;;;;;;;;;;;;;;;;;;;;;;;;;;;;;;;;;;;;;;;;;;;;;;;;;;;;;;;;;;;;;;;;;;;;;;;;;;;;;;;;;;;;;;;;;;;;;;;;;;;;;;;;;;;;;;;;;;;;;;;;;;;;
-7.000;;;;;;;;;;;;;;;;;;;;;;;;;;;;;;;;;;;;;;;;;;;;;;;;;;;;;;;;;;;;;;;;;;;;;;;;;;;;;;;;;;;;;;;;;;;;;;;;;;;;;;;;;;;;;;;;;;;;;;;;;;;;;;;;;;;;;;;;;;;;;;
BACK related to FRONT;-7.000;-6.900;-6.800;-6.700;-6.600;-6.500;-6.400;-6.300;-6.200;-6.100;-6.000;-5.900;-5.800;-5.700;-5.600;-5.500;-5.400;-5.300;-5.200;-5.100;-5.000;-4.900;-4.800;-4.700;-4.600;-4.500;-4.400;-4.300;-4.200;-4.100;-4.000;-3.900;-3.800;-3.700;-3.600;-3.500;-3.400;-3.300;-3.200;-3.100;-3.000;-2.900;-2.800;-2.700;-2.600;-2.500;-2.400;-2.300;-2.200;-2.100;-2.000;-1.900;-1.800;-1.700;-1.600;-1.500;-1.400;-1.300;-1.200;-1.100;-1.000;-0.900;-0.800;-0.700;-0.600;-0.500;-0.400;-0.300;-0.200;-0.100;0.000;0.100;0.200;0.300;0.400;0.500;0.600;0.700;0.800;0.900;1.000;1.100;1.200;1.300;1.400;1.500;1.600;1.700;1.800;1.900;2.000;2.100;2.200;2.300;2.400;2.500;2.600;2.700;2.800;2.900;3.000;3.100;3.200;3.300;3.400;3.500;3.600;3.700;3.800;3.900;4.000;4.100;4.200;4.300;4.400;4.500;4.600;4.700;4.800;4.900;5.000;5.100;5.200;5.300;5.400;5.500;5.600;5.700;5.800;5.900;6.000;6.100;6.200;6.300;6.400;6.500;6.600;6.700;6.800;6.900;7.000;
7.000;;;;;;;;;;;;;;;;;;;;;;;;;;;;;;;;;;;;;;;;;;;;;;;;;;;;;;;;;;;;;;;;;;;;;;;;;;;;;;;;;;;;;;;;;;;;;;;;;;;;;;;;;;;;;;;;;;;;;;;;;;;;;;;;;;;;;;;;;;;;;;
6.900;;;;;;;;;;;;;;;;;;;;;;;;;;;;;;;;;;;;;;;;;;;;;;;;;;;;;;;;;;;;;;;;;;;;;;;;;;;;;;;;;;;;;;;;;;;;;;;;;;;;;;;;;;;;;;;;;;;;;;;;;;;;;;;;;;;;;;;;;;;;;;
6.800;;;;;;;;;;;;;;;;;;;;;;;;;;;;;;;;;;;;;;;;;;;;;;;;;;;;;;;;;;;;;;;;;;;;;;;;;;;;;;;;;;;;;;;;;;;;;;;;;;;;;;;;;;;;;;;;;;;;;;;;;;;;;;;;;;;;;;;;;;;;;;
6.700;;;;;;;;;;;;;;;;;;;;;;;;;;;;;;;;;;;;;;;;;;;;;;;;;;;;;;;;;;;;;;;;;;;;;;;;;;;;;;;;;;;;;;;;;;;;;;;;;;;;;;;;;;;;;;;;;;;;;;;;;;;;;;;;;;;;;;;;;;;;;;
6.600;;;;;;;;;;;;;;;;;;;;;;;;;;;;;;;;;;;;;;;;;;;;;;;;;;;;;;;;;;;;;;;;;;;;;;;;;;;;;;;;;;;;;;;;;;;;;;;;;;;;;;;;;;;;;;;;;;;;;;;;;;;;;;;;;;;;;;;;;;;;;;
6.500;;;;;;;;;;;;;;;;;;;;;;;;;;;;;;;;;;;;;;;;;;;;;;;;;;;;;;;;;;;;;;;;;;;;;;;;;;;;;;;;;;;;;;;;;;;;;;;;;;;;;;;;;;;;;;;;;;;;;;;;;;;;;;;;;;;;;;;;;;;;;;
6.400;;;;;;;;;;;;;;;;;;;;;;;;;;;;;;;;;;;;;;;;;;;;;;;;;;;;;;;;;;;;;;;;;;;;;;;;;;;;;;;;;;;;;;;;;;;;;;;;;;;;;;;;;;;;;;;;;;;;;;;;;;;;;;;;;;;;;;;;;;;;;;
6.300;;;;;;;;;;;;;;;;;;;;;;;;;;;;;;;;;;;;;;;;;;;;;;;;;;;;;;;;;;;;;;;;;;;;;;;;;;;;;;;;;;;;;;;;;;;;;;;;;;;;;;;;;;;;;;;;;;;;;;;;;;;;;;;;;;;;;;;;;;;;;;
6.200;;;;;;;;;;;;;;;;;;;;;;;;;;;;;;;;;;;;;;;;;;;;;;;;;;;;;;;;;;;;;;;;;;;;;;;;;;;;;;;;;;;;;;;;;;;;;;;;;;;;;;;;;;;;;;;;;;;;;;;;;;;;;;;;;;;;;;;;;;;;;;
6.100;;;;;;;;;;;;;;;;;;;;;;;;;;;;;;;;;;;;;;;;;;;;;;;;;;;;;;;;;;;;;;;;;;;;;;;;;;;;;;;;;;;;;;;;;;;;;;;;;;;;;;;;;;;;;;;;;;;;;;;;;;;;;;;;;;;;;;;;;;;;;;
6.000;;;;;;;;;;;;;;;;;;;;;;;;;;;;;;;;;;;;;;;;;;;;;;;;;;;;;;;;;;;;;;;;;;;;;;;;;;;;;;;;;;;;;;;;;;;;;;;;;;;;;;;;;;;;;;;;;;;;;;;;;;;;;;;;;;;;;;;;;;;;;;
5.900;;;;;;;;;;;;;;;;;;;;;;;;;;;;;;;;;;;;;;;;;;;;;;;;;;;;;;;;;;;;;;;;;;;;;;;;;;;;;;;;;;;;;;;;;;;;;;;;;;;;;;;;;;;;;;;;;;;;;;;;;;;;;;;;;;;;;;;;;;;;;;
5.800;;;;;;;;;;;;;;;;;;;;;;;;;;;;;;;;;;;;;;;;;;;;;;;;;;;;;;;;;;;;;;;;;;;;;;;;;;;;;;;;;;;;;;;;;;;;;;;;;;;;;;;;;;;;;;;;;;;;;;;;;;;;;;;;;;;;;;;;;;;;;;
5.700;;;;;;;;;;;;;;;;;;;;;;;;;;;;;;;;;;;;;;;;;;;;;;;;;;;;;;;;;;;;;;;;;;;;;;;;;;;;;;;;;;;;;;;;;;;;;;;;;;;;;;;;;;;;;;;;;;;;;;;;;;;;;;;;;;;;;;;;;;;;;;
5.600;;;;;;;;;;;;;;;;;;;;;;;;;;;;;;;;;;;;;;;;;;;;;;;;;;;;;;;;;;;;;;;;;;;;;;;;;;;;;;;;;;;;;;;;;;;;;;;;;;;;;;;;;;;;;;;;;;;;;;;;;;;;;;;;;;;;;;;;;;;;;;
5.500;;;;;;;;;;;;;;;;;;;;;;;;;;;;;;;;;;;;;;;;;;;;;;;;;;;;;;;;;;;;;;;;;;;;;;;;;;;;;;;;;;;;;;;;;;;;;;;;;;;;;;;;;;;;;;;;;;;;;;;;;;;;;;;;;;;;;;;;;;;;;;
5.400;;;;;;;;;;;;;;;;;;;;;;;;;;;;;;;;;;;;;;;;;;;;;;;;;;;;;;;;;;;;;;;;;;;;;;;;;;;;;;;;;;;;;;;;;;;;;;;;;;;;;;;;;;;;;;;;;;;;;;;;;;;;;;;;;;;;;;;;;;;;;;
5.300;;;;;;;;;;;;;;;;;;;;;;;;;;;;;;;;;;;;;;;;;;;;;;;;;;;;;;;;;;;;;;;;;;;;;;;;;;;;;;;;;;;;;;;;;;;;;;;;;;;;;;;;;;;;;;;;;;;;;;;;;;;;;;;;;;;;;;;;;;;;;;
5.200;;;;;;;;;;;;;;;;;;;;;;;;;;;;;;;;;;;;;;;;;;;;;;;;;;;;;;;;;;;;;;;;;;;;;;;;;;;;;;;;;;;;;;;;;;;;;;;;;;;;;;;;;;;;;;;;;;;;;;;;;;;;;;;;;;;;;;;;;;;;;;
5.100;;;;;;;;;;;;;;;;;;;;;;;;;;;;;;;;;;;;;;;;;;;;;;;;;;;;;;;;;;;;;;;;;;;;;;;;;;;;;;;;;;;;;;;;;;;;;;;;;;;;;;;;;;;;;;;;;;;;;;;;;;;;;;;;;;;;;;;;;;;;;;
5.000;;;;;;;;;;;;;;;;;;;;;;;;;;;;;;;;;;;;;;;;;;;;;;;;;;;;;;;;;;;;;;;;;;;;;;;;;;;;;;;;;;;;;;;;;;;;;;;;;;;;;;;;;;;;;;;;;;;;;;;;;;;;;;;;;;;;;;;;;;;;;;
4.900;;;;;;;;;;;;;;;;;;;;;;;;;;;;;;;;;;;;;;;;;;;;;;;;;;;;;;;;;;;;;;;;;;;;;;;;;;;;;;;;;;;;;;;;;;;;;;;;;;;;;;;;;;;;;;;;;;;;;;;;;;;;;;;;;;;;;;;;;;;;;;
4.800;;;;;;;;;;;;;;;;;;;;;;;;;;;;;;;;;;;;;;;;;;;;;;;;;;;;;;;;;;;;;;;;;;;;;;;;;;;;;;;;;;;;;;;;;;;;;;;;;;;;;;;;;;;;;;;;;;;;;;;;;;;;;;;;;;;;;;;;;;;;;;
4.700;;;;;;;;;;;;;;;;;;;;;;;;;;;;;;;;;;;;;;;;;;;;;;;;;;;;;;;;;;;;;;;;;;;;;;;;;;;;;;;;;;;;;;;;;;;;;;;;;;;;;;;;;;;;;;;;;;;;;;;;;;;;;;;;;;;;;;;;;;;;;;
4.600;;;;;;;;;;;;;;;;;;;;;;;;;;;;;;;;;;;;;;;;;;;;;;;;;;;;;;;;;;;;;;;;;;;;;;;;;;;;;;;;;;;;;;;;;;;;;;;;;;;;;;;;;;;;;;;;;;;;;;;;;;;;;;;;;;;;;;;;;;;;;;
4.500;;;;;;;;;;;;;;;;;;;;;;;;;;;;;;;;;;;;;;;;;;;;;;;;;;;;;;;;;;;;;;;;;;;;;;;;;;;;;;;;;;;;;;;;;;;;;;;;;;;;;;;;;;;;;;;;;;;;;;;;;;;;;;;;;;;;;;;;;;;;;;
4.400;;;;;;;;;;;;;;;;;;;;;;;;;;;;;;;;;;;;;;;;;;;;;;;;;;;;;;;;;;;;;;;;;;;;;;;;;;2145;2149;2155;2162;2172;2183;2196;;;;;;;;;;;;;;;;;;;;;;;;;;;;;;;;;;;;;;;;;;;;;;;;;;;;;;;;;;;;;;
4.300;;;;;;;;;;;;;;;;;;;;;;;;;;;;;;;;;;;;;;;;;;;;;;;;;;;;;;;;;;;;;;;;;;2105;2095;2087;2080;2075;2072;2071;2071;2073;2077;2083;2091;2100;2111;2125;2140;2157;2176;2196;2219;2244;2270;2299;;;;;;;;;;;;;;;;;;;;;;;;;;;;;;;;;;;;;;;;;;;;;;;;;;;;;;
4.200;;;;;;;;;;;;;;;;;;;;;;;;;;;;;;;;;;;;;;;;;;;;;;;;;;;;;;;;;;;;;2106;2088;2072;2057;2045;2033;2024;2016;2009;2005;2002;2001;2001;2003;2007;2013;2021;2031;2042;2055;2070;2087;2106;2127;2149;2174;2200;2228;2258;2290;2323;2359;;;;;;;;;;;;;;;;;;;;;;;;;;;;;;;;;;;;;;;;;;;;;;;;;;
4.100;;;;;;;;;;;;;;;;;;;;;;;;;;;;;;;;;;;;;;;;;;;;;;;;;;;;;;;;;;2097;2075;2054;2035;2018;2002;1988;1975;1964;1955;1947;1941;1936;1933;1932;1933;1936;1940;1946;1953;1963;1974;1987;2002;2019;2038;2059;2081;2105;2131;2159;2189;2220;2254;2289;2326;2364;2404;;;;;;;;;;;;;;;;;;;;;;;;;;;;;;;;;;;;;;;;;;;;;;;
4.000;;;;;;;;;;;;;;;;;;;;;;;;;;;;;;;;;;;;;;;;;;;;;;;;;;;;;;;2104;2077;2052;2028;2006;1986;1967;1950;1934;1920;1908;1897;1888;1880;1874;1870;1867;1866;1867;1870;1874;1880;1888;1897;1909;1922;1937;1953;1972;1992;2015;2039;2064;2092;2122;2153;2186;2221;2257;2295;2335;2377;2420;;;;;;;;;;;;;;;;;;;;;;;;;;;;;;;;;;;;;;;;;;;;;
3.900;;;;;;;;;;;;;;;;;;;;;;;;;;;;;;;;;;;;;;;;;;;;;;;;;;;;;2095;2065;2037;2010;1985;1962;1940;1920;1901;1884;1869;1855;1843;1832;1823;1815;1810;1806;1803;1802;1803;1806;1810;1816;1824;1833;1845;1858;1873;1889;1908;1928;1950;1974;2000;2027;2056;2087;2120;2154;2191;2228;2268;2309;2352;2397;2443;2490;;;;;;;;;;;;;;;;;;;;;;;;;;;;;;;;;;;;;;;;;;
3.800;;;;;;;;;;;;;;;;;;;;;;;;;;;;;;;;;;;;;;;;;;;;;;;;;;2130;2095;2061;2030;2000;1972;1946;1921;1897;1876;1856;1837;1821;1805;1792;1779;1769;1760;1753;1747;1743;1741;1740;1741;1744;1748;1754;1762;1771;1783;1796;1810;1827;1845;1865;1887;1911;1936;1964;1993;2023;2056;2090;2126;2163;2203;2244;2286;2331;2376;2424;2473;2523;;;;;;;;;;;;;;;;;;;;;;;;;;;;;;;;;;;;;;;;
3.700;;;;;;;;;;;;;;;;;;;;;;;;;;;;;;;;;;;;;;;;;;;;;;;;2141;2102;2066;2031;1998;1967;1937;1909;1883;1858;1835;1814;1794;1776;1759;1744;1730;1718;1708;1699;1692;1686;1683;1680;1680;1681;1683;1688;1694;1702;1711;1722;1735;1750;1766;1785;1805;1826;1850;1875;1902;1931;1961;1993;2027;2063;2100;2139;2180;2222;2266;2312;2359;2408;2458;2510;;;;;;;;;;;;;;;;;;;;;;;;;;;;;;;;;;;;;;;
3.600;;;;;;;;;;;;;;;;;;;;;;;;;;;;;;;;;;;;;;;;;;;;;;;2119;2079;2041;2004;1970;1937;1906;1876;1849;1822;1798;1775;1754;1734;1716;1699;1684;1671;1659;1649;1640;1633;1628;1624;1622;1621;1622;1625;1629;1635;1643;1653;1664;1677;1691;1708;1726;1745;1767;1790;1815;1842;1870;1901;1933;1966;2002;2039;2078;2118;2160;2204;2249;2296;2345;2395;2447;2501;2556;;;;;;;;;;;;;;;;;;;;;;;;;;;;;;;;;;;;;
3.500;;;;;;;;;;;;;;;;;;;;;;;;;;;;;;;;;;;;;;;;;;;;;2145;2101;2059;2019;1981;1945;1911;1878;1847;1818;1790;1764;1740;1717;1696;1676;1658;1642;1627;1613;1602;1592;1583;1576;1571;1567;1565;1564;1565;1568;1573;1579;1586;1596;1607;1620;1634;1650;1668;1688;1709;1732;1757;1784;1812;1842;1874;1907;1942;1979;2018;2058;2100;2143;2189;2236;2284;2334;2386;2439;2494;2551;2609;;;;;;;;;;;;;;;;;;;;;;;;;;;;;;;;;;;
3.400;;;;;;;;;;;;;;;;;;;;;;;;;;;;;;;;;;;;;;;;;;;2179;2132;2086;2043;2001;1962;1924;1888;1853;1821;1790;1761;1733;1708;1683;1661;1640;1620;1602;1586;1571;1558;1546;1536;1528;1521;1515;1512;1510;1509;1510;1513;1517;1524;1531;1541;1552;1564;1579;1595;1613;1632;1653;1676;1701;1727;1755;1785;1817;1850;1885;1921;1960;2000;2041;2085;2130;2177;2225;2275;2327;2380;2435;2492;2550;2610;;;;;;;;;;;;;;;;;;;;;;;;;;;;;;;;;;
3.300;;;;;;;;;;;;;;;;;;;;;;;;;;;;;;;;;;;;;;;;;;2172;2123;2076;2030;1987;1946;1906;1868;1833;1798;1766;1735;1706;1679;1653;1629;1606;1585;1566;1548;1532;1517;1504;1492;1482;1474;1467;1462;1458;1456;1456;1457;1460;1464;1470;1478;1487;1498;1511;1525;1541;1559;1578;1599;1622;1646;1672;1700;1730;1761;1794;1829;1865;1903;1943;1985;2028;2073;2119;2168;2218;2269;2323;2378;2435;2493;2553;2615;;;;;;;;;;;;;;;;;;;;;;;;;;;;;;;;;
3.200;;;;;;;;;;;;;;;;;;;;;;;;;;;;;;;;;;;;;;;;;2169;2117;2068;2021;1976;1933;1892;1853;1815;1779;1745;1713;1682;1653;1626;1600;1576;1554;1533;1513;1496;1479;1465;1452;1440;1430;1422;1415;1410;1406;1404;1404;1405;1408;1412;1418;1426;1435;1446;1459;1473;1489;1506;1526;1546;1569;1593;1619;1647;1676;1707;1740;1775;1811;1849;1888;1930;1973;2018;2064;2112;2162;2214;2267;2322;2379;2438;2498;2560;2624;;;;;;;;;;;;;;;;;;;;;;;;;;;;;;;;
3.100;;;;;;;;;;;;;;;;;;;;;;;;;;;;;;;;;;;;;;;2224;2169;2116;2065;2016;1969;1924;1881;1840;1801;1763;1728;1694;1662;1631;1602;1575;1549;1525;1503;1482;1463;1445;1429;1414;1401;1390;1380;1372;1365;1360;1356;1354;1354;1355;1358;1362;1368;1376;1385;1396;1408;1422;1438;1456;1475;1495;1518;1542;1568;1595;1624;1655;1688;1722;1758;1796;1836;1877;1920;1964;2011;2059;2109;2160;2214;2269;2326;2384;2445;2507;2571;2637;2704;;;;;;;;;;;;;;;;;;;;;;;;;;;;;;
3.000;;;;;;;;;;;;;;;;;;;;;;;;;;;;;;;;;;;;;;2230;2173;2118;2065;2014;1966;1919;1874;1831;1790;1751;1714;1678;1644;1612;1582;1553;1526;1500;1476;1454;1433;1414;1396;1380;1365;1353;1341;1331;1323;1316;1311;1308;1306;1305;1307;1309;1314;1320;1327;1336;1347;1360;1374;1389;1407;1426;1446;1468;1492;1518;1545;1574;1605;1638;1672;1708;1745;1784;1825;1868;1913;1959;2007;2057;2109;2162;2217;2274;2333;2394;2456;2520;2586;2654;2724;;;;;;;;;;;;;;;;;;;;;;;;;;;;;
2.900;;;;;;;;;;;;;;;;;;;;;;;;;;;;;;;;;;;;;2240;2180;2124;2069;2016;1966;1917;1871;1826;1783;1742;1703;1666;1630;1597;1564;1534;1505;1478;1452;1429;1406;1385;1366;1349;1333;1318;1305;1294;1284;1276;1270;1264;1261;1259;1259;1260;1263;1267;1273;1280;1289;1300;1312;1326;1342;1359;1378;1399;1421;1444;1470;1497;1526;1557;1589;1623;1659;1696;1735;1776;1819;1863;1909;1957;2007;2059;2112;2167;2224;2283;2344;2407;2471;2537;2606;2676;2748;;;;;;;;;;;;;;;;;;;;;;;;;;;;
2.800;;;;;;;;;;;;;;;;;;;;;;;;;;;;;;;;;;;;2253;2192;2133;2076;2022;1969;1919;1870;1824;1779;1737;1696;1657;1620;1584;1550;1518;1488;1459;1432;1407;1383;1360;1340;1321;1303;1287;1273;1260;1249;1239;1231;1224;1219;1216;1214;1213;1215;1217;1222;1228;1235;1244;1255;1267;1281;1296;1313;1332;1353;1375;1398;1424;1451;1479;1510;1542;1576;1611;1649;1688;1728;1771;1815;1861;1909;1959;2011;2064;2119;2176;2235;2296;2359;2424;2490;2559;2630;2702;;;;;;;;;;;;;;;;;;;;;;;;;;;;
2.700;;;;;;;;;;;;;;;;;;;;;;;;;;;;;;;;;;;2270;2207;2146;2087;2031;1976;1924;1874;1826;1779;1735;1692;1651;1612;1575;1540;1506;1474;1444;1415;1388;1362;1339;1316;1296;1277;1259;1243;1229;1216;1205;1195;1187;1181;1176;1172;1170;1170;1171;1174;1178;1184;1191;1200;1211;1223;1237;1252;1269;1288;1308;1330;1354;1379;1406;1434;1465;1497;1530;1566;1603;1642;1683;1725;1769;1815;1863;1913;1964;2018;2073;2130;2189;2250;2313;2378;2445;2514;2585;2658;2733;;;;;;;;;;;;;;;;;;;;;;;;;;;
2.600;;;;;;;;;;;;;;;;;;;;;;;;;;;;;;;;;;2290;2225;2162;2101;2043;1987;1933;1881;1831;1782;1736;1692;1649;1609;1570;1532;1497;1463;1431;1401;1372;1345;1320;1296;1274;1253;1234;1217;1201;1187;1174;1163;1153;1145;1138;1133;1130;1128;1128;1129;1132;1136;1142;1149;1158;1169;1181;1195;1210;1227;1245;1265;1287;1311;1336;1363;1391;1421;1453;1487;1522;1559;1598;1638;1681;1725;1771;1819;1869;1920;1974;2029;2086;2145;2206;2270;2335;2402;2471;2542;2615;2690;2768;;;;;;;;;;;;;;;;;;;;;;;;;;
2.500;;;;;;;;;;;;;;;;;;;;;;;;;;;;;;;;;2314;2247;2182;2119;2059;2001;1945;1891;1839;1789;1741;1695;1650;1608;1567;1528;1491;1456;1422;1390;1360;1331;1304;1279;1255;1233;1212;1193;1176;1160;1146;1133;1122;1113;1104;1098;1093;1090;1088;1087;1088;1091;1095;1101;1109;1118;1128;1140;1154;1169;1186;1204;1224;1246;1269;1294;1321;1349;1380;1411;1445;1480;1517;1556;1596;1639;1683;1729;1776;1826;1878;1931;1986;2044;2103;2164;2227;2293;2360;2429;2501;2574;2650;2727;2807;;;;;;;;;;;;;;;;;;;;;;;;;
2.400;;;;;;;;;;;;;;;;;;;;;;;;;;;;;;;;;2272;2205;2141;2079;2018;1961;1905;1851;1799;1749;1701;1655;1611;1568;1528;1489;1452;1416;1383;1351;1320;1292;1265;1239;1216;1194;1173;1154;1137;1121;1107;1094;1083;1074;1066;1059;1054;1051;1049;1048;1050;1052;1057;1062;1070;1079;1089;1101;1115;1130;1147;1165;1185;1207;1230;1255;1281;1310;1340;1371;1405;1440;1477;1515;1556;1598;1642;1688;1736;1785;1837;1890;1946;2003;2062;2124;2187;2252;2320;2389;2461;2535;2611;2689;2769;2851;;;;;;;;;;;;;;;;;;;;;;;;
2.300;;;;;;;;;;;;;;;;;;;;;;;;;;;;;;;;2301;2232;2166;2101;2039;1980;1922;1866;1812;1761;1711;1663;1617;1573;1530;1490;1451;1414;1378;1345;1313;1283;1254;1227;1202;1178;1156;1135;1117;1099;1084;1069;1057;1046;1036;1028;1022;1017;1013;1012;1011;1012;1015;1019;1025;1032;1041;1052;1064;1077;1092;1109;1127;1147;1169;1192;1217;1243;1271;1301;1333;1366;1401;1438;1477;1517;1559;1603;1649;1697;1746;1798;1851;1907;1964;2024;2085;2148;2214;2282;2351;2423;2497;2573;2651;2732;2814;;;;;;;;;;;;;;;;;;;;;;;;
2.200;;;;;;;;;;;;;;;;;;;;;;;;;;;;;;;2333;2262;2194;2128;2064;2002;1942;1885;1829;1775;1724;1674;1626;1580;1536;1494;1453;1414;1377;1342;1308;1276;1246;1218;1191;1165;1142;1120;1099;1080;1063;1048;1033;1021;1010;1000;992;986;981;978;976;976;977;980;984;990;997;1006;1016;1028;1041;1056;1073;1091;1111;1133;1156;1181;1207;1235;1265;1296;1330;1364;1401;1440;1480;1522;1566;1612;1660;1709;1761;1814;1870;1927;1987;2048;2112;2177;2245;2315;2387;2461;2537;2616;2697;2779;2864;;;;;;;;;;;;;;;;;;;;;;;
2.100;;;;;;;;;;;;;;;;;;;;;;;;;;;;;;2368;2296;2225;2157;2091;2028;1966;1907;1849;1794;1740;1689;1639;1591;1545;1501;1459;1418;1379;1342;1307;1274;1242;1211;1183;1156;1131;1107;1085;1065;1046;1029;1013;999;987;976;966;958;952;947;944;942;942;943;945;950;955;963;972;982;994;1007;1022;1039;1057;1077;1098;1121;1146;1172;1200;1230;1261;1295;1329;1366;1405;1445;1487;1531;1577;1624;1674;1725;1779;1834;1892;1951;2013;2077;2142;2210;2280;2352;2427;2503;2582;2663;2746;2831;2918;;;;;;;;;;;;;;;;;;;;;;
2.000;;;;;;;;;;;;;;;;;;;;;;;;;;;;;;2332;2260;2190;2122;2057;1993;1932;1873;1815;1760;1706;1655;1605;1558;1512;1468;1425;1385;1346;1309;1274;1240;1208;1178;1150;1123;1098;1074;1052;1032;1013;996;980;966;954;943;934;926;919;914;911;909;909;910;913;917;923;930;939;949;961;975;990;1006;1024;1044;1065;1088;1113;1139;1167;1197;1228;1261;1296;1333;1371;1411;1453;1497;1543;1591;1640;1692;1745;1801;1858;1918;1979;2043;2109;2177;2247;2319;2394;2471;2549;2631;2714;2799;2887;;;;;;;;;;;;;;;;;;;;;;
1.900;;;;;;;;;;;;;;;;;;;;;;;;;;;;;2372;2298;2226;2157;2089;2024;1961;1899;1840;1783;1728;1674;1623;1573;1526;1480;1436;1393;1353;1314;1277;1242;1208;1177;1147;1118;1091;1066;1043;1021;1000;982;965;949;935;923;912;902;895;888;884;880;878;878;879;882;886;892;899;908;918;930;944;959;975;993;1013;1034;1057;1082;1108;1136;1165;1197;1230;1265;1301;1339;1380;1422;1466;1511;1559;1609;1660;1714;1769;1827;1886;1948;2012;2077;2145;2216;2288;2363;2440;2519;2600;2683;2769;2857;2946;;;;;;;;;;;;;;;;;;;;;
1.800;;;;;;;;;;;;;;;;;;;;;;;;;;;;;2340;2266;2194;2125;2058;1992;1929;1868;1809;1752;1697;1644;1592;1543;1495;1449;1405;1363;1323;1284;1247;1212;1178;1146;1116;1088;1061;1036;1013;991;971;952;935;919;906;893;882;873;865;859;854;851;849;849;850;853;857;863;870;879;889;901;914;929;946;964;983;1005;1027;1052;1078;1106;1136;1167;1200;1235;1271;1310;1350;1392;1435;1481;1529;1578;1630;1683;1739;1796;1856;1918;1982;2048;2116;2186;2258;2333;2410;2489;2571;2655;2740;2828;2918;;;;;;;;;;;;;;;;;;;;;
1.700;;;;;;;;;;;;;;;;;;;;;;;;;;;;2384;2308;2235;2164;2095;2028;1963;1900;1839;1780;1723;1668;1615;1563;1514;1466;1420;1376;1334;1294;1255;1218;1183;1150;1118;1088;1059;1033;1008;984;962;942;924;907;891;877;865;854;845;837;831;826;823;821;821;822;825;829;835;842;851;861;873;886;901;918;936;955;977;999;1024;1050;1078;1107;1139;1172;1206;1243;1281;1321;1363;1407;1453;1500;1550;1602;1655;1711;1768;1828;1889;1953;2019;2088;2158;2231;2305;2382;2462;2543;2627;2713;2801;2892;2984;;;;;;;;;;;;;;;;;;;;
1.600;;;;;;;;;;;;;;;;;;;;;;;;;;;2431;2354;2279;2206;2135;2066;1999;1934;1872;1811;1752;1695;1640;1587;1536;1486;1439;1393;1349;1307;1266;1228;1191;1156;1122;1091;1061;1032;1006;981;957;936;916;897;880;865;851;839;828;819;811;805;800;797;795;795;796;799;803;809;816;825;835;847;860;875;892;910;929;950;973;998;1024;1052;1081;1112;1145;1180;1216;1255;1295;1337;1381;1426;1474;1523;1575;1628;1684;1741;1801;1863;1927;1993;2061;2131;2204;2279;2356;2436;2518;2602;2688;2776;2866;2959;;;;;;;;;;;;;;;;;;;;
1.500;;;;;;;;;;;;;;;;;;;;;;;;;;;2403;2326;2251;2178;2108;2039;1972;1908;1845;1785;1726;1669;1614;1561;1510;1460;1413;1367;1323;1281;1241;1202;1165;1130;1097;1065;1035;1007;980;955;932;910;890;872;855;840;826;814;803;794;786;780;776;772;771;770;772;774;779;784;792;800;811;822;836;851;867;885;904;926;948;973;999;1027;1056;1087;1120;1155;1192;1230;1270;1312;1356;1401;1449;1498;1550;1603;1659;1717;1776;1838;1902;1968;2036;2107;2180;2255;2332;2411;2493;2577;2664;2752;2843;2935;3029;;;;;;;;;;;;;;;;;;;
1.400;;;;;;;;;;;;;;;;;;;;;;;;;;;2376;2299;2225;2152;2082;2014;1947;1883;1820;1760;1701;1644;1589;1536;1485;1436;1388;1343;1299;1257;1216;1178;1141;1106;1073;1041;1011;983;957;932;908;887;867;848;832;816;803;791;780;771;763;757;752;749;748;747;749;751;756;761;769;777;788;799;813;827;844;862;881;903;925;950;976;1004;1033;1064;1097;1132;1168;1207;1247;1289;1332;1378;1426;1475;1527;1580;1636;1693;1753;1815;1879;1945;2013;2084;2156;2232;2309;2389;2471;2555;2641;2730;2821;2913;3008;;;;;;;;;;;;;;;;;;;
1.300;;;;;;;;;;;;;;;;;;;;;;;;;;2429;2351;2275;2200;2128;2058;1990;1924;1859;1797;1736;1678;1621;1566;1513;1462;1413;1365;1320;1276;1234;1194;1155;1118;1083;1050;1019;989;961;934;909;886;865;845;826;810;795;781;769;758;749;742;735;731;728;726;726;727;730;734;740;747;756;766;778;791;806;822;840;860;881;904;928;954;982;1012;1043;1076;1110;1147;1185;1225;1267;1311;1356;1404;1454;1505;1558;1614;1672;1731;1793;1857;1923;1992;2062;2135;2210;2288;2368;2450;2534;2621;2709;2800;2893;2988;;;;;;;;;;;;;;;;;;;
1.200;;;;;;;;;;;;;;;;;;;;;;;;;;2405;2328;2252;2178;2106;2036;1968;1902;1837;1775;1715;1656;1599;1545;1492;1441;1391;1344;1298;1255;1213;1172;1134;1097;1062;1029;998;968;940;913;889;866;844;824;806;789;774;761;749;738;729;722;715;711;708;706;706;707;710;714;720;727;736;746;758;771;786;803;821;840;861;884;908;934;962;992;1023;1056;1090;1127;1165;1205;1247;1291;1336;1384;1434;1485;1539;1594;1652;1711;1773;1837;1903;1972;2042;2115;2191;2268;2348;2430;2515;2601;2690;2782;2875;2969;3066;;;;;;;;;;;;;;;;;;
1.100;;;;;;;;;;;;;;;;;;;;;;;;;2463;2383;2306;2230;2156;2085;2015;1947;1881;1817;1755;1694;1636;1579;1525;1472;1421;1372;1324;1279;1235;1193;1153;1114;1078;1043;1010;978;949;921;894;870;847;825;805;787;771;755;742;730;719;710;703;697;692;689;688;688;689;692;696;702;709;718;728;740;753;768;784;802;822;843;866;890;916;944;973;1005;1037;1072;1109;1147;1187;1229;1272;1318;1366;1415;1467;1520;1576;1633;1693;1755;1819;1885;1953;2024;2097;2172;2250;2330;2412;2497;2584;2673;2764;2858;2953;3049;;;;;;;;;;;;;;;;;;
1.000;;;;;;;;;;;;;;;;;;;;;;;;;2442;2363;2286;2210;2137;2065;1996;1928;1862;1798;1736;1676;1617;1561;1506;1453;1402;1353;1306;1260;1217;1175;1134;1096;1060;1025;992;960;931;903;877;852;829;808;788;770;753;738;725;713;702;693;686;680;676;672;671;671;672;675;679;685;692;701;711;723;736;751;767;785;805;826;849;873;899;927;957;988;1021;1055;1092;1130;1170;1212;1256;1301;1349;1399;1450;1504;1559;1617;1676;1738;1802;1868;1937;2008;2081;2156;2234;2314;2396;2481;2568;2658;2749;2843;2938;3035;;;;;;;;;;;;;;;;;;
0.900;;;;;;;;;;;;;;;;;;;;;;;;;2424;2345;2268;2193;2119;2048;1978;1911;1845;1781;1719;1659;1600;1544;1489;1436;1385;1336;1289;1243;1200;1158;1118;1080;1043;1008;975;944;915;887;861;836;813;792;772;754;738;723;709;697;687;678;671;665;660;657;656;655;657;660;664;670;677;686;696;708;721;736;752;770;790;811;834;858;884;912;942;973;1006;1040;1077;1115;1155;1197;1241;1286;1334;1383;1435;1488;1544;1602;1661;1723;1787;1853;1922;1993;2066;2141;2219;2299;2382;2467;2554;2644;2735;2829;2925;3022;3121;;;;;;;;;;;;;;;;;
0.800;;;;;;;;;;;;;;;;;;;;;;;;2487;2407;2328;2251;2176;2103;2032;1963;1895;1829;1765;1703;1643;1585;1528;1474;1421;1370;1321;1274;1228;1185;1143;1103;1065;1028;993;961;929;900;872;846;822;799;778;758;740;723;709;695;683;673;664;657;651;646;643;642;642;643;646;650;656;663;672;682;694;707;722;739;757;776;797;820;845;871;898;928;959;992;1027;1063;1102;1142;1184;1227;1273;1321;1370;1422;1475;1531;1588;1648;1710;1774;1840;1908;1979;2052;2128;2206;2286;2369;2454;2542;2631;2723;2817;2913;3011;3110;;;;;;;;;;;;;;;;;
0.700;;;;;;;;;;;;;;;;;;;;;;;;2472;2392;2313;2237;2162;2089;2018;1948;1881;1815;1751;1690;1629;1571;1515;1460;1407;1356;1307;1260;1215;1171;1129;1089;1051;1015;980;947;916;887;859;833;809;786;765;745;727;711;696;683;671;661;652;644;638;634;631;629;629;631;634;638;644;651;660;670;682;695;710;726;744;764;785;808;833;859;886;916;947;980;1015;1051;1090;1130;1172;1215;1261;1309;1358;1410;1463;1519;1576;1636;1698;1762;1828;1897;1968;2041;2117;2195;2275;2358;2443;2531;2621;2713;2808;2904;3002;3101;;;;;;;;;;;;;;;;;
0.600;;;;;;;;;;;;;;;;;;;;;;;;2458;2378;2300;2224;2149;2076;2005;1936;1869;1803;1739;1677;1617;1559;1502;1448;1395;1344;1295;1248;1203;1159;1117;1077;1039;1003;968;936;905;875;848;822;797;775;754;734;716;700;685;672;660;650;641;633;628;623;620;619;619;620;623;627;633;640;649;659;671;684;699;716;734;753;775;798;822;848;876;906;937;970;1005;1041;1079;1119;1161;1205;1251;1298;1348;1399;1453;1509;1566;1626;1688;1752;1818;1887;1958;2031;2107;2185;2266;2349;2434;2522;2612;2705;2800;2896;2995;3094;;;;;;;;;;;;;;;;;
0.500;;;;;;;;;;;;;;;;;;;;;;;;2447;2367;2289;2213;2138;2065;1994;1925;1858;1792;1728;1667;1606;1548;1492;1437;1384;1334;1285;1237;1192;1149;1107;1067;1029;993;958;926;895;865;838;812;787;765;744;724;707;690;675;662;650;640;631;624;618;614;611;609;609;611;614;618;624;631;640;650;662;675;690;707;725;744;766;789;813;839;867;897;928;961;996;1032;1071;1111;1153;1197;1242;1290;1339;1391;1444;1500;1558;1617;1679;1743;1810;1878;1949;2023;2099;2177;2258;2341;2427;2515;2606;2698;2794;2891;2989;3090;3191;;;;;;;;;;;;;;;;
0.400;;;;;;;;;;;;;;;;;;;;;;;2519;2437;2357;2280;2203;2129;2056;1985;1916;1849;1783;1719;1657;1597;1539;1483;1428;1375;1325;1276;1228;1183;1140;1098;1058;1020;984;950;917;886;857;829;803;779;757;736;716;699;682;668;654;643;632;624;616;610;606;603;602;602;603;606;610;616;623;632;642;654;668;683;699;717;737;758;781;806;832;860;889;921;954;989;1025;1063;1104;1146;1189;1235;1283;1332;1384;1437;1493;1551;1610;1672;1736;1803;1872;1943;2016;2092;2171;2252;2335;2421;2510;2601;2694;2789;2887;2986;3087;3188;;;;;;;;;;;;;;;;
0.300;;;;;;;;;;;;;;;;;;;;;;;2511;2429;2350;2272;2196;2121;2049;1978;1909;1841;1776;1712;1650;1590;1532;1475;1421;1368;1317;1268;1221;1176;1132;1091;1051;1013;977;943;910;879;850;823;797;773;750;729;710;692;676;661;648;636;626;617;610;604;600;597;595;595;597;600;604;610;617;626;636;648;662;677;693;711;731;752;775;800;826;854;884;915;948;983;1020;1058;1098;1140;1184;1230;1277;1327;1378;1432;1488;1545;1605;1667;1731;1798;1867;1938;2011;2087;2166;2247;2331;2417;2506;2597;2691;2787;2885;2985;3086;3188;;;;;;;;;;;;;;;;
0.200;;;;;;;;;;;;;;;;;;;;;;;2505;2424;2344;2266;2190;2116;2043;1972;1903;1836;1770;1706;1644;1584;1526;1470;1415;1362;1311;1263;1215;1170;1127;1085;1046;1008;972;937;905;874;845;817;792;768;745;724;705;687;671;656;643;631;621;612;605;599;595;592;591;591;592;595;599;605;612;621;632;643;657;672;688;707;726;748;771;795;822;850;879;911;944;979;1015;1054;1094;1136;1180;1226;1274;1323;1375;1428;1484;1542;1601;1663;1728;1794;1863;1934;2008;2085;2163;2245;2329;2415;2504;2596;2690;2787;2885;2985;3087;3190;;;;;;;;;;;;;;;;
0.100;;;;;;;;;;;;;;;;;;;;;;;2501;2420;2340;2263;2186;2112;2039;1968;1899;1832;1766;1702;1640;1580;1522;1465;1411;1358;1307;1258;1211;1166;1123;1081;1042;1004;968;933;901;870;841;814;788;764;742;721;701;684;668;653;640;628;618;609;602;596;592;589;587;587;589;592;596;602;609;618;628;640;654;669;685;704;723;745;768;793;819;847;877;908;941;976;1013;1051;1092;1134;1178;1224;1271;1321;1373;1426;1482;1540;1599;1662;1726;1792;1862;1933;2007;2083;2162;2244;2328;2415;2505;2597;2691;2788;2887;2988;3091;3194;;;;;;;;;;;;;;;;
0.000;;;;;;;;;;;;;;;;;;;;;;;2499;2418;2339;2261;2185;2110;2037;1966;1897;1830;1764;1700;1638;1578;1519;1463;1408;1356;1305;1256;1209;1164;1120;1079;1039;1001;965;931;899;868;839;812;786;762;740;719;700;682;666;651;638;626;616;607;600;594;590;587;586;586;587;590;594;600;607;616;627;639;652;667;684;702;722;743;767;791;818;846;876;907;940;975;1012;1051;1091;1133;1177;1223;1271;1320;1372;1426;1481;1539;1599;1661;1726;1792;1862;1933;2007;2084;2163;2245;2330;2417;2507;2599;2694;2792;2891;2993;3096;3200;;;;;;;;;;;;;;;;
-0.100;;;;;;;;;;;;;;;;;;;;;;;2499;2418;2339;2261;2185;2110;2037;1966;1897;1829;1763;1699;1637;1577;1519;1462;1408;1355;1304;1255;1208;1163;1120;1078;1039;1001;965;931;898;868;839;811;786;762;739;719;699;682;665;651;638;626;616;607;600;594;590;587;585;585;587;590;594;600;607;616;627;639;652;667;684;702;722;744;767;792;818;846;876;908;941;976;1013;1051;1092;1134;1178;1224;1272;1321;1373;1427;1483;1540;1600;1663;1727;1794;1863;1935;2009;2086;2166;2248;2333;2421;2511;2604;2700;2797;2898;3000;3104;3208;;;;;;;;;;;;;;;;
-0.200;;;;;;;;;;;;;;;;;;;;;;;2501;2420;2341;2263;2186;2112;2039;1968;1898;1830;1765;1700;1638;1578;1520;1463;1408;1356;1305;1256;1209;1164;1120;1079;1040;1002;966;932;899;869;840;812;787;763;741;720;701;683;667;652;639;627;617;608;601;595;591;588;587;587;588;591;595;601;609;618;628;640;654;669;685;704;724;745;768;793;820;848;878;910;943;978;1015;1054;1094;1136;1181;1227;1274;1324;1376;1430;1485;1543;1604;1666;1730;1797;1867;1939;2013;2090;2170;2253;2338;2426;2517;2611;2707;2805;2906;3009;3113;3219;;;;;;;;;;;;;;;;
-0.300;;;;;;;;;;;;;;;;;;;;;;;2506;2424;2345;2267;2190;2115;2042;1971;1901;1833;1767;1703;1641;1581;1522;1466;1411;1358;1307;1258;1211;1166;1123;1082;1042;1004;968;934;902;871;842;815;790;766;743;723;703;686;670;655;642;630;620;611;604;598;594;591;589;589;591;594;598;604;611;620;631;643;656;672;688;707;727;748;772;797;823;852;882;913;947;982;1019;1058;1098;1141;1185;1231;1279;1329;1380;1434;1490;1548;1608;1671;1736;1803;1872;1944;2019;2097;2177;2260;2345;2434;2525;2619;2716;2815;2916;3020;3125;3231;;;;;;;;;;;;;;;;
-0.400;;;;;;;;;;;;;;;;;;;;;;;2512;2430;2351;2272;2196;2121;2047;1976;1906;1838;1772;1708;1646;1585;1527;1470;1415;1362;1312;1263;1216;1170;1127;1086;1046;1009;973;939;906;876;847;820;794;770;748;727;708;690;674;659;646;635;624;616;608;602;598;595;594;594;595;598;602;608;616;625;635;647;661;676;693;712;732;753;777;802;828;857;887;919;952;988;1025;1063;1104;1146;1191;1237;1285;1335;1386;1440;1496;1554;1615;1677;1742;1810;1879;1952;2027;2104;2185;2268;2354;2443;2535;2630;2727;2827;2929;3033;3139;3246;;;;;;;;;;;;;;;;
-0.500;;;;;;;;;;;;;;;;;;;;;;;2520;2438;2358;2280;2203;2128;2055;1983;1913;1845;1779;1714;1652;1591;1533;1476;1421;1368;1317;1268;1221;1176;1133;1092;1052;1015;979;945;912;882;853;826;800;776;754;733;714;696;680;665;652;641;630;622;614;608;604;601;599;599;601;604;608;614;622;631;641;653;667;682;699;718;738;760;783;808;835;864;894;926;959;995;1032;1071;1111;1154;1198;1244;1292;1342;1394;1448;1504;1563;1623;1686;1751;1818;1888;1961;2036;2114;2195;2279;2365;2455;2547;2642;2740;2841;2944;3049;3155;3263;;;;;;;;;;;;;;;;
-0.600;;;;;;;;;;;;;;;;;;;;;;;2530;2448;2368;2289;2212;2137;2063;1992;1921;1853;1787;1722;1660;1599;1540;1484;1429;1376;1325;1276;1229;1184;1141;1099;1060;1022;986;952;920;889;860;833;808;784;761;741;721;704;688;673;660;648;638;629;622;616;611;608;607;607;608;611;616;622;629;638;649;661;675;690;707;726;746;768;791;816;843;872;902;934;968;1003;1041;1079;1120;1163;1207;1253;1302;1352;1404;1458;1514;1573;1633;1696;1761;1829;1899;1972;2048;2126;2207;2291;2378;2468;2561;2657;2756;2857;2961;3066;3173;3282;;;;;;;;;;;;;;;;
-0.700;;;;;;;;;;;;;;;;;;;;;;;2542;2460;2380;2301;2224;2148;2074;2002;1932;1863;1797;1732;1670;1609;1550;1493;1438;1385;1334;1285;1238;1193;1150;1109;1069;1031;996;961;929;899;870;843;817;793;771;750;731;713;697;682;669;657;647;638;631;625;620;617;616;616;617;620;625;631;638;647;658;670;684;699;716;735;755;777;801;826;853;882;912;944;978;1014;1051;1090;1131;1174;1218;1264;1313;1363;1415;1469;1526;1584;1645;1708;1774;1842;1912;1985;2061;2140;2221;2306;2394;2484;2578;2674;2773;2875;2979;3086;3194;3303;;;;;;;;;;;;;;;;
-0.800;;;;;;;;;;;;;;;;;;;;;;;2557;2474;2393;2314;2237;2161;2087;2014;1944;1875;1809;1744;1681;1620;1561;1504;1449;1396;1345;1296;1249;1204;1161;1119;1080;1042;1006;972;940;910;881;853;828;804;782;761;742;724;708;693;680;668;658;649;641;635;631;628;626;626;628;631;635;641;649;658;669;681;695;710;727;746;766;789;812;838;865;893;924;956;990;1026;1063;1102;1143;1186;1231;1277;1326;1376;1428;1483;1539;1598;1659;1722;1788;1856;1927;2000;2077;2156;2238;2323;2411;2502;2596;2693;2793;2896;3001;3108;3216;3326;;;;;;;;;;;;;;;;
-0.900;;;;;;;;;;;;;;;;;;;;;;;2573;2490;2409;2330;2252;2176;2101;2029;1958;1889;1822;1757;1694;1633;1574;1517;1462;1409;1358;1309;1262;1217;1173;1132;1093;1055;1019;985;953;922;893;866;841;817;794;773;754;736;720;705;692;680;670;661;654;648;643;640;639;639;640;643;647;653;661;670;681;693;707;723;740;759;779;801;825;851;878;907;937;970;1004;1039;1077;1116;1157;1200;1245;1292;1340;1391;1443;1498;1554;1613;1674;1738;1804;1872;1943;2017;2094;2173;2256;2341;2430;2522;2617;2714;2815;2918;3024;3132;3241;3351;;;;;;;;;;;;;;;;
-1.000;;;;;;;;;;;;;;;;;;;;;;;2591;2508;2426;2347;2268;2192;2117;2045;1974;1905;1838;1773;1709;1648;1589;1532;1477;1424;1373;1324;1276;1231;1188;1147;1107;1069;1033;999;967;937;908;880;855;831;808;788;768;750;734;719;706;694;684;675;667;661;657;654;652;652;654;657;661;667;675;684;695;707;721;737;754;773;794;816;840;865;893;922;952;985;1019;1055;1093;1132;1173;1216;1261;1308;1357;1407;1460;1515;1571;1630;1692;1756;1822;1891;1962;2036;2113;2193;2276;2362;2452;2544;2639;2738;2839;2943;3049;3157;3267;3378;;;;;;;;;;;;;;;;
-1.100;;;;;;;;;;;;;;;;;;;;;;;2611;2527;2446;2366;2287;2210;2136;2062;1991;1922;1855;1790;1726;1665;1606;1549;1493;1440;1389;1340;1293;1247;1204;1163;1123;1085;1050;1015;983;953;924;896;871;847;824;803;784;766;750;735;722;710;699;690;683;677;672;669;668;668;669;672;677;683;690;700;711;723;737;753;770;789;810;832;856;882;909;938;969;1002;1036;1072;1110;1149;1191;1234;1279;1326;1375;1426;1478;1533;1590;1650;1711;1775;1842;1911;1983;2057;2135;2215;2299;2385;2475;2568;2664;2763;2865;2970;3077;3186;3296;3407;;;;;;;;;;;;;;;;
-1.200;;;;;;;;;;;;;;;;;;;;;;;2633;2549;2467;2386;2308;2231;2155;2082;2011;1941;1874;1808;1745;1684;1624;1567;1512;1458;1407;1358;1311;1265;1222;1181;1141;1103;1067;1033;1001;970;941;914;888;864;842;821;801;784;767;752;739;727;717;708;700;694;689;686;685;685;686;689;694;700;708;717;728;740;754;770;788;807;828;850;874;900;928;957;988;1021;1055;1091;1129;1169;1210;1254;1299;1346;1395;1446;1499;1554;1611;1671;1733;1797;1864;1933;2005;2080;2158;2239;2323;2411;2501;2594;2691;2791;2893;2999;3106;3216;3327;3438;;;;;;;;;;;;;;;;
-1.300;;;;;;;;;;;;;;;;;;;;;;;2656;2572;2490;2409;2330;2253;2177;2104;2032;1962;1895;1829;1765;1704;1644;1587;1532;1478;1427;1378;1330;1285;1242;1200;1161;1123;1087;1053;1020;990;961;933;908;884;861;840;821;803;786;771;758;746;735;726;719;713;708;705;704;704;705;708;713;719;727;736;747;759;774;790;807;826;847;870;894;920;948;977;1008;1041;1076;1112;1150;1190;1231;1275;1320;1368;1417;1468;1521;1576;1634;1694;1756;1821;1888;1958;2030;2106;2184;2266;2350;2438;2529;2623;2720;2821;2924;3030;3138;3248;3359;3471;;;;;;;;;;;;;;;;
-1.400;;;;;;;;;;;;;;;;;;;;;;;2682;2597;2515;2434;2354;2276;2201;2127;2055;1985;1917;1851;1788;1726;1666;1609;1553;1500;1449;1399;1352;1306;1263;1222;1182;1144;1108;1074;1042;1011;982;955;929;905;882;861;842;824;807;792;779;767;756;747;739;733;729;726;724;724;726;729;733;739;747;757;768;780;795;810;828;847;868;891;916;942;969;999;1030;1063;1098;1134;1173;1213;1254;1298;1344;1391;1441;1492;1545;1601;1659;1719;1781;1846;1914;1984;2057;2133;2212;2294;2379;2467;2559;2654;2752;2853;2956;3063;3171;3282;3393;;;;;;;;;;;;;;;;;
-1.500;;;;;;;;;;;;;;;;;;;;;;;2709;2624;2541;2460;2380;2302;2226;2152;2080;2010;1942;1876;1812;1750;1690;1633;1577;1523;1472;1423;1375;1330;1286;1245;1205;1167;1131;1097;1065;1034;1005;977;952;927;905;884;864;846;830;815;801;789;778;769;762;756;751;748;746;746;748;751;755;762;769;779;790;803;817;833;851;870;891;914;939;965;993;1023;1054;1087;1122;1159;1197;1237;1279;1323;1369;1417;1466;1518;1572;1628;1686;1746;1809;1874;1942;2013;2086;2163;2242;2325;2410;2499;2591;2687;2785;2887;2991;3098;3207;3318;3429;;;;;;;;;;;;;;;;;
-1.600;;;;;;;;;;;;;;;;;;;;;;;;2653;2570;2488;2408;2330;2253;2179;2107;2036;1968;1902;1838;1776;1716;1658;1602;1549;1497;1448;1400;1355;1311;1270;1230;1192;1156;1122;1089;1059;1030;1002;976;952;929;908;889;870;854;839;825;813;802;793;786;780;775;772;770;770;772;775;779;786;794;803;814;827;842;858;876;895;916;939;964;990;1018;1048;1080;1113;1148;1185;1224;1264;1306;1350;1396;1444;1494;1546;1600;1656;1714;1775;1838;1904;1973;2044;2118;2195;2274;2358;2444;2533;2626;2722;2821;2923;3028;3135;3244;3355;3467;;;;;;;;;;;;;;;;;
-1.700;;;;;;;;;;;;;;;;;;;;;;;;2684;2600;2518;2437;2359;2282;2208;2135;2065;1996;1930;1865;1803;1743;1686;1630;1576;1524;1475;1427;1382;1338;1297;1257;1219;1183;1149;1116;1085;1056;1029;1003;978;956;934;915;897;880;865;851;839;828;819;811;805;801;797;796;796;797;800;805;811;819;829;840;853;868;884;902;922;943;966;991;1017;1046;1076;1107;1141;1176;1213;1252;1293;1335;1379;1425;1474;1524;1576;1630;1687;1745;1807;1870;1936;2005;2077;2151;2229;2309;2393;2480;2570;2663;2760;2859;2962;3067;3174;3284;3395;3506;;;;;;;;;;;;;;;;;
-1.800;;;;;;;;;;;;;;;;;;;;;;;;2716;2632;2549;2469;2390;2313;2238;2165;2095;2026;1960;1895;1833;1773;1715;1659;1605;1553;1504;1456;1411;1367;1325;1285;1248;1211;1177;1144;1114;1084;1057;1031;1006;984;962;943;924;908;893;879;867;856;847;839;833;828;825;823;823;825;828;833;839;847;857;868;881;896;912;930;950;971;995;1020;1046;1075;1105;1137;1170;1206;1243;1282;1323;1366;1410;1457;1505;1555;1608;1662;1719;1778;1840;1904;1971;2040;2112;2187;2265;2346;2430;2518;2608;2702;2799;2899;3002;3108;3216;3325;3435;;;;;;;;;;;;;;;;;;
-1.900;;;;;;;;;;;;;;;;;;;;;;;;2750;2665;2583;2502;2423;2346;2271;2198;2127;2058;1991;1927;1864;1804;1746;1690;1636;1584;1535;1487;1441;1398;1356;1316;1278;1242;1207;1175;1144;1114;1087;1061;1036;1013;992;972;954;937;922;908;896;885;876;868;862;857;854;853;853;854;857;862;868;877;886;898;911;925;942;960;980;1002;1025;1050;1077;1106;1136;1168;1202;1238;1275;1314;1355;1398;1443;1490;1538;1589;1642;1697;1754;1814;1875;1940;2007;2077;2149;2225;2303;2385;2470;2558;2649;2744;2841;2942;3045;3151;3258;3368;3478;;;;;;;;;;;;;;;;;;
-2.000;;;;;;;;;;;;;;;;;;;;;;;;;2700;2618;2536;2457;2380;2305;2232;2160;2091;2025;1960;1897;1837;1779;1723;1669;1617;1567;1520;1474;1430;1388;1348;1310;1274;1239;1207;1176;1146;1119;1093;1068;1045;1024;1004;986;969;953;940;927;917;907;899;893;888;885;884;884;885;888;893;900;908;918;929;942;957;974;992;1012;1034;1057;1083;1110;1139;1169;1201;1235;1271;1309;1348;1390;1433;1478;1525;1574;1625;1678;1733;1791;1851;1913;1978;2046;2116;2189;2265;2344;2427;2512;2601;2692;2787;2885;2986;3090;3196;3303;3412;3522;;;;;;;;;;;;;;;;;;
-2.100;;;;;;;;;;;;;;;;;;;;;;;;;2737;2654;2573;2494;2416;2341;2267;2196;2127;2060;1995;1933;1872;1814;1758;1704;1652;1602;1554;1508;1464;1423;1383;1344;1308;1274;1241;1210;1180;1152;1126;1102;1079;1057;1037;1019;1002;987;973;960;950;940;932;926;921;918;917;917;918;921;926;933;941;951;962;976;991;1007;1026;1046;1068;1092;1117;1144;1173;1204;1236;1271;1307;1345;1384;1426;1469;1515;1562;1611;1663;1716;1772;1830;1890;1953;2019;2087;2157;2231;2308;2388;2470;2556;2645;2738;2833;2932;3033;3136;3242;3350;3458;;;;;;;;;;;;;;;;;;;
-2.200;;;;;;;;;;;;;;;;;;;;;;;;;2776;2693;2611;2532;2454;2378;2305;2234;2164;2097;2032;1970;1909;1851;1794;1740;1688;1638;1590;1545;1501;1459;1419;1380;1344;1309;1277;1245;1216;1188;1162;1137;1114;1093;1073;1054;1037;1022;1008;995;984;975;967;961;956;953;951;951;953;956;961;968;976;986;998;1011;1026;1043;1061;1082;1104;1128;1153;1181;1210;1241;1274;1308;1344;1383;1422;1464;1508;1554;1601;1651;1703;1757;1813;1871;1932;1995;2061;2130;2201;2276;2353;2433;2516;2603;2693;2785;2881;2980;3081;3185;3291;3398;3505;;;;;;;;;;;;;;;;;;;
-2.300;;;;;;;;;;;;;;;;;;;;;;;;;;2733;2651;2571;2494;2418;2344;2273;2203;2136;2071;2008;1948;1889;1833;1779;1727;1677;1629;1583;1539;1497;1457;1418;1382;1347;1314;1283;1254;1226;1199;1175;1151;1130;1110;1091;1074;1059;1045;1032;1021;1012;1004;998;993;990;988;988;990;993;998;1005;1013;1023;1035;1048;1063;1080;1099;1120;1142;1166;1192;1219;1249;1280;1313;1347;1384;1422;1463;1505;1549;1595;1643;1693;1745;1799;1856;1915;1976;2040;2106;2176;2247;2322;2400;2481;2565;2652;2742;2835;2932;3031;3132;3236;3341;3447;3554;;;;;;;;;;;;;;;;;;;
-2.400;;;;;;;;;;;;;;;;;;;;;;;;;;2774;2693;2613;2535;2459;2386;2314;2245;2177;2112;2049;1989;1930;1874;1819;1767;1717;1669;1623;1579;1537;1497;1458;1422;1387;1354;1323;1293;1265;1239;1214;1191;1169;1149;1130;1113;1097;1083;1071;1060;1050;1042;1036;1031;1028;1027;1027;1028;1032;1037;1043;1052;1062;1074;1087;1103;1120;1139;1159;1182;1206;1232;1260;1289;1320;1354;1389;1425;1464;1505;1547;1591;1638;1686;1737;1789;1844;1901;1960;2022;2087;2154;2223;2296;2371;2450;2531;2616;2703;2794;2888;2984;3083;3184;3288;3393;3498;;;;;;;;;;;;;;;;;;;;
-2.500;;;;;;;;;;;;;;;;;;;;;;;;;;;2736;2656;2578;2502;2429;2357;2288;2220;2155;2092;2031;1973;1916;1862;1810;1759;1711;1665;1621;1579;1539;1500;1464;1429;1396;1364;1335;1306;1280;1255;1232;1210;1190;1171;1154;1138;1124;1111;1100;1091;1083;1077;1072;1069;1067;1067;1069;1072;1077;1084;1092;1103;1115;1128;1144;1161;1180;1201;1223;1248;1274;1302;1332;1363;1397;1432;1469;1508;1549;1592;1636;1683;1732;1783;1836;1891;1948;2008;2071;2136;2203;2274;2347;2423;2502;2584;2669;2757;2848;2942;3039;3138;3239;3342;3446;3550;;;;;;;;;;;;;;;;;;;;
-2.600;;;;;;;;;;;;;;;;;;;;;;;;;;;2781;2701;2623;2547;2474;2402;2332;2265;2200;2137;2076;2017;1961;1906;1854;1804;1756;1709;1665;1623;1583;1544;1507;1472;1439;1408;1378;1350;1323;1298;1275;1253;1233;1214;1197;1181;1167;1154;1143;1133;1125;1119;1114;1111;1109;1109;1111;1115;1120;1126;1135;1145;1157;1171;1187;1204;1223;1244;1267;1292;1318;1346;1376;1408;1442;1477;1515;1554;1595;1638;1683;1730;1780;1831;1884;1940;1998;2059;2122;2187;2255;2326;2400;2477;2556;2639;2725;2813;2905;2999;3095;3194;3295;3397;3500;;;;;;;;;;;;;;;;;;;;;
-2.700;;;;;;;;;;;;;;;;;;;;;;;;;;;;2748;2670;2594;2520;2449;2379;2312;2247;2184;2123;2064;2007;1953;1901;1850;1802;1756;1711;1669;1629;1590;1553;1518;1485;1453;1423;1395;1368;1343;1320;1298;1277;1259;1241;1225;1211;1198;1187;1178;1170;1163;1158;1155;1154;1154;1156;1159;1164;1171;1180;1190;1202;1216;1232;1249;1269;1290;1313;1337;1364;1392;1423;1455;1489;1525;1562;1602;1643;1687;1732;1780;1830;1881;1935;1992;2050;2111;2175;2241;2310;2381;2456;2533;2613;2696;2782;2871;2963;3057;3154;3253;3353;3454;3556;;;;;;;;;;;;;;;;;;;;;
-2.800;;;;;;;;;;;;;;;;;;;;;;;;;;;;2796;2718;2643;2569;2497;2428;2361;2295;2232;2171;2113;2056;2001;1949;1899;1850;1804;1760;1717;1677;1638;1601;1566;1532;1501;1471;1442;1416;1390;1367;1345;1324;1305;1288;1272;1258;1245;1234;1224;1216;1210;1205;1202;1200;1200;1202;1205;1211;1217;1226;1237;1249;1263;1279;1296;1316;1337;1360;1385;1412;1441;1471;1504;1538;1574;1612;1652;1694;1738;1784;1832;1882;1934;1989;2045;2105;2166;2230;2297;2367;2439;2514;2592;2673;2756;2843;2932;3024;3118;3214;3313;3412;3512;;;;;;;;;;;;;;;;;;;;;;
-2.900;;;;;;;;;;;;;;;;;;;;;;;;;;;;;2769;2693;2620;2548;2479;2411;2346;2283;2222;2163;2107;2052;2000;1949;1901;1854;1810;1767;1727;1688;1651;1616;1582;1550;1520;1492;1465;1439;1416;1394;1373;1354;1336;1321;1306;1293;1282;1272;1264;1258;1253;1250;1248;1248;1250;1254;1259;1266;1275;1285;1298;1312;1328;1346;1365;1387;1410;1435;1462;1491;1522;1554;1589;1625;1664;1704;1746;1791;1837;1886;1936;1989;2044;2101;2161;2223;2288;2356;2426;2499;2574;2653;2734;2818;2905;2995;3087;3181;3277;3374;3473;3571;;;;;;;;;;;;;;;;;;;;;;
-3.000;;;;;;;;;;;;;;;;;;;;;;;;;;;;;2820;2745;2672;2601;2531;2464;2399;2336;2275;2216;2159;2105;2052;2002;1953;1907;1862;1820;1779;1740;1703;1667;1634;1602;1572;1543;1516;1491;1467;1444;1424;1405;1387;1371;1357;1344;1332;1323;1315;1308;1303;1300;1298;1299;1300;1304;1309;1316;1325;1336;1348;1363;1379;1397;1416;1438;1462;1487;1514;1543;1574;1607;1642;1679;1718;1758;1801;1846;1893;1942;1993;2046;2102;2160;2220;2283;2349;2417;2487;2561;2637;2716;2798;2883;2970;3060;3151;3245;3341;3437;3535;;;;;;;;;;;;;;;;;;;;;;;
-3.100;;;;;;;;;;;;;;;;;;;;;;;;;;;;;;2799;2726;2655;2586;2519;2454;2391;2330;2271;2214;2160;2107;2056;2008;1961;1917;1874;1833;1794;1757;1721;1688;1655;1625;1596;1569;1544;1520;1497;1477;1457;1440;1424;1409;1396;1385;1375;1367;1360;1355;1352;1351;1351;1353;1356;1362;1369;1378;1389;1401;1416;1432;1450;1470;1492;1515;1541;1568;1598;1629;1662;1698;1735;1774;1815;1858;1903;1951;2000;2052;2106;2162;2221;2282;2345;2411;2480;2552;2626;2703;2782;2864;2949;3037;3126;3218;3312;3406;3502;3598;;;;;;;;;;;;;;;;;;;;;;;
-3.200;;;;;;;;;;;;;;;;;;;;;;;;;;;;;;2855;2782;2711;2642;2575;2510;2447;2387;2328;2271;2216;2164;2113;2065;2018;1973;1930;1889;1850;1813;1777;1743;1711;1681;1652;1625;1599;1575;1552;1532;1512;1494;1478;1464;1451;1439;1429;1421;1415;1410;1406;1405;1405;1407;1411;1416;1423;1432;1443;1456;1470;1487;1505;1525;1547;1571;1597;1625;1654;1686;1719;1755;1792;1832;1874;1917;1963;2011;2061;2113;2167;2224;2284;2345;2410;2476;2546;2618;2693;2770;2850;2933;3018;3106;3195;3287;3380;3473;3568;;;;;;;;;;;;;;;;;;;;;;;;
-3.300;;;;;;;;;;;;;;;;;;;;;;;;;;;;;;;2840;2769;2701;2634;2569;2506;2446;2387;2330;2275;2223;2172;2123;2077;2032;1989;1948;1909;1871;1835;1801;1769;1738;1709;1682;1656;1632;1609;1588;1569;1551;1535;1520;1507;1496;1486;1478;1471;1466;1463;1461;1461;1463;1467;1473;1480;1489;1500;1513;1527;1544;1562;1583;1605;1629;1655;1683;1713;1745;1779;1815;1852;1892;1934;1978;2025;2073;2124;2176;2232;2289;2349;2412;2476;2544;2614;2687;2762;2840;2921;3004;3089;3177;3266;3357;3449;3542;;;;;;;;;;;;;;;;;;;;;;;;;
-3.400;;;;;;;;;;;;;;;;;;;;;;;;;;;;;;;;2829;2761;2694;2630;2567;2507;2448;2391;2337;2284;2233;2185;2138;2093;2050;2008;1969;1931;1896;1861;1829;1798;1769;1742;1716;1691;1669;1648;1628;1610;1594;1579;1566;1554;1544;1536;1529;1524;1521;1520;1520;1522;1526;1531;1539;1548;1559;1572;1586;1603;1622;1642;1665;1689;1715;1744;1774;1806;1840;1876;1915;1955;1997;2042;2089;2138;2189;2242;2298;2356;2417;2480;2546;2614;2685;2758;2834;2913;2994;3077;3162;3250;3339;3429;3520;;;;;;;;;;;;;;;;;;;;;;;;;;
-3.500;;;;;;;;;;;;;;;;;;;;;;;;;;;;;;;;;2823;2757;2693;2630;2570;2511;2455;2400;2347;2297;2248;2201;2156;2113;2071;2032;1994;1958;1924;1891;1860;1831;1803;1777;1753;1730;1709;1689;1671;1655;1640;1626;1615;1605;1597;1590;1585;1582;1580;1580;1582;1586;1592;1599;1609;1620;1633;1648;1664;1683;1704;1727;1751;1778;1806;1837;1869;1904;1940;1979;2020;2063;2108;2155;2205;2256;2311;2367;2426;2487;2551;2617;2686;2758;2832;2908;2987;3069;3152;3237;3325;3413;3502;3592;;;;;;;;;;;;;;;;;;;;;;;;;;
-3.600;;;;;;;;;;;;;;;;;;;;;;;;;;;;;;;;;2887;2821;2757;2695;2635;2576;2520;2465;2413;2362;2313;2266;2221;2178;2136;2097;2059;2023;1988;1955;1924;1895;1867;1841;1816;1793;1772;1752;1734;1718;1703;1689;1678;1668;1659;1653;1648;1644;1643;1643;1645;1649;1655;1662;1671;1683;1696;1711;1728;1747;1768;1791;1815;1842;1871;1902;1935;1970;2007;2046;2087;2130;2176;2224;2274;2326;2381;2438;2498;2560;2624;2691;2761;2833;2908;2985;3064;3146;3229;3314;3401;3489;3577;;;;;;;;;;;;;;;;;;;;;;;;;;;
-3.700;;;;;;;;;;;;;;;;;;;;;;;;;;;;;;;;;;2888;2824;2762;2702;2644;2587;2533;2480;2430;2381;2334;2288;2245;2203;2164;2126;2089;2055;2022;1991;1961;1933;1907;1882;1859;1838;1818;1799;1783;1768;1754;1743;1732;1724;1717;1712;1709;1708;1708;1710;1714;1720;1727;1737;1748;1761;1776;1794;1813;1834;1857;1882;1909;1938;1969;2002;2038;2075;2115;2156;2200;2247;2295;2346;2399;2454;2512;2572;2635;2700;2768;2838;2911;2986;3063;3143;3225;3308;3393;3479;3566;;;;;;;;;;;;;;;;;;;;;;;;;;;;
-3.800;;;;;;;;;;;;;;;;;;;;;;;;;;;;;;;;;;;2893;2831;2771;2713;2657;2603;2550;2499;2450;2403;2358;2315;2273;2233;2195;2158;2124;2091;2059;2029;2001;1975;1950;1927;1905;1885;1867;1850;1835;1821;1810;1800;1791;1784;1779;1776;1775;1775;1777;1781;1787;1794;1804;1815;1829;1844;1861;1881;1902;1925;1951;1978;2007;2039;2072;2108;2146;2186;2228;2273;2319;2368;2420;2473;2529;2588;2649;2712;2778;2847;2918;2991;3066;3144;3224;3306;3389;3473;3558;;;;;;;;;;;;;;;;;;;;;;;;;;;;;
-3.900;;;;;;;;;;;;;;;;;;;;;;;;;;;;;;;;;;;;2902;2843;2785;2729;2674;2622;2571;2522;2475;2430;2386;2344;2304;2266;2230;2195;2161;2130;2100;2072;2045;2020;1997;1975;1955;1936;1920;1904;1891;1879;1869;1860;1854;1849;1845;1844;1844;1846;1850;1856;1864;1873;1885;1899;1914;1932;1951;1972;1996;2022;2049;2079;2111;2145;2181;2219;2260;2302;2347;2395;2444;2496;2550;2607;2666;2728;2792;2859;2928;2999;3073;3149;3227;3307;3388;3471;3554;;;;;;;;;;;;;;;;;;;;;;;;;;;;;;
-4.000;;;;;;;;;;;;;;;;;;;;;;;;;;;;;;;;;;;;;2916;2858;2802;2748;2696;2645;2596;2549;2504;2460;2418;2378;2340;2303;2268;2234;2203;2173;2144;2118;2092;2069;2047;2027;2008;1991;1976;1962;1951;1940;1932;1925;1920;1917;1915;1916;1918;1922;1928;1936;1945;1957;1971;1986;2004;2024;2045;2069;2095;2123;2153;2185;2219;2256;2295;2336;2379;2424;2472;2522;2575;2630;2687;2747;2810;2874;2942;3011;3083;3157;3233;3312;3391;3472;3554;;;;;;;;;;;;;;;;;;;;;;;;;;;;;;;
-4.100;;;;;;;;;;;;;;;;;;;;;;;;;;;;;;;;;;;;;;2934;2878;2824;2772;2721;2672;2625;2580;2536;2494;2454;2415;2378;2343;2310;2278;2248;2219;2192;2167;2143;2121;2101;2082;2065;2050;2036;2024;2014;2006;1999;1994;1990;1989;1989;1992;1996;2002;2010;2020;2031;2045;2061;2079;2099;2120;2144;2171;2199;2229;2262;2296;2333;2372;2414;2458;2504;2552;2603;2656;2712;2770;2830;2893;2959;3027;3097;3169;3243;3320;3398;3477;3558;;;;;;;;;;;;;;;;;;;;;;;;;;;;;;;;
-4.200;;;;;;;;;;;;;;;;;;;;;;;;;;;;;;;;;;;;;;;2956;2902;2850;2799;2751;2703;2658;2614;2572;2532;2493;2456;2421;2387;2355;2325;2296;2269;2244;2220;2198;2178;2159;2142;2126;2113;2101;2090;2082;2075;2070;2067;2065;2066;2068;2072;2078;2086;2096;2108;2122;2138;2156;2176;2198;2222;2249;2277;2308;2341;2376;2413;2453;2495;2539;2586;2635;2686;2740;2796;2855;2916;2979;3045;3114;3184;3257;3331;3408;3486;3565;;;;;;;;;;;;;;;;;;;;;;;;;;;;;;;;;
-4.300;;;;;;;;;;;;;;;;;;;;;;;;;;;;;;;;;;;;;;;;2981;2930;2879;2831;2784;2738;2694;2652;2612;2573;2536;2501;2467;2435;2404;2376;2348;2323;2299;2277;2256;2238;2220;2205;2191;2179;2169;2160;2153;2148;2145;2144;2144;2146;2151;2157;2165;2175;2187;2201;2217;2235;2256;2278;2302;2329;2358;2389;2422;2458;2495;2535;2578;2623;2670;2719;2771;2826;2883;2942;3004;3068;3134;3203;3274;3347;3421;3497;3575;;;;;;;;;;;;;;;;;;;;;;;;;;;;;;;;;;
-4.400;;;;;;;;;;;;;;;;;;;;;;;;;;;;;;;;;;;;;;;;;;2961;2913;2866;2820;2777;2734;2694;2655;2618;2582;2549;2516;2486;2457;2430;2404;2380;2358;2337;2319;2301;2286;2272;2260;2250;2241;2234;2229;2226;2225;2225;2228;2232;2238;2246;2256;2269;2283;2299;2317;2338;2360;2385;2412;2441;2472;2506;2542;2580;2621;2663;2709;2756;2806;2859;2914;2971;3031;3093;3158;3225;3294;3365;3438;3512;3588;;;;;;;;;;;;;;;;;;;;;;;;;;;;;;;;;;;
-4.500;;;;;;;;;;;;;;;;;;;;;;;;;;;;;;;;;;;;;;;;;;;2996;2949;2904;2861;2818;2778;2739;2702;2666;2632;2600;2570;2541;2513;2488;2464;2441;2421;2402;2385;2369;2355;2343;2333;2324;2317;2312;2309;2308;2309;2311;2315;2322;2330;2340;2353;2367;2383;2402;2423;2445;2470;2498;2527;2559;2592;2629;2667;2708;2751;2797;2845;2896;2949;3004;3062;3123;3185;3250;3317;3387;3458;3531;;;;;;;;;;;;;;;;;;;;;;;;;;;;;;;;;;;;;
-4.600;;;;;;;;;;;;;;;;;;;;;;;;;;;;;;;;;;;;;;;;;;;;3035;2990;2946;2904;2864;2825;2788;2752;2718;2686;2655;2626;2599;2573;2549;2527;2506;2487;2470;2454;2441;2429;2418;2410;2403;2398;2395;2394;2394;2397;2402;2408;2416;2427;2439;2454;2470;2489;2510;2533;2558;2586;2615;2647;2681;2718;2757;2798;2842;2888;2937;2988;3041;3097;3155;3216;3279;3344;3412;3481;3552;;;;;;;;;;;;;;;;;;;;;;;;;;;;;;;;;;;;;;
-4.700;;;;;;;;;;;;;;;;;;;;;;;;;;;;;;;;;;;;;;;;;;;;;;3033;2992;2951;2913;2875;2840;2806;2774;2743;2714;2687;2661;2637;2615;2594;2575;2558;2542;2529;2516;2506;2498;2491;2486;2483;2482;2483;2486;2490;2497;2505;2516;2528;2543;2560;2579;2600;2623;2648;2676;2706;2738;2773;2810;2849;2891;2935;2981;3030;3082;3136;3192;3250;3311;3375;3440;3507;;;;;;;;;;;;;;;;;;;;;;;;;;;;;;;;;;;;;;;;
-4.800;;;;;;;;;;;;;;;;;;;;;;;;;;;;;;;;;;;;;;;;;;;;;;;;3040;3002;2965;2929;2895;2863;2833;2804;2776;2751;2727;2704;2684;2665;2648;2632;2619;2607;2597;2588;2582;2577;2574;2573;2574;2577;2581;2588;2597;2607;2620;2635;2652;2671;2692;2716;2741;2769;2799;2832;2867;2904;2943;2985;3030;3077;3126;3178;3232;3288;3347;3408;3472;3537;;;;;;;;;;;;;;;;;;;;;;;;;;;;;;;;;;;;;;;;;
-4.900;;;;;;;;;;;;;;;;;;;;;;;;;;;;;;;;;;;;;;;;;;;;;;;;;3092;3055;3020;2986;2954;2924;2895;2868;2842;2818;2796;2776;2757;2740;2725;2711;2699;2689;2681;2675;2670;2667;2666;2667;2670;2675;2682;2691;2702;2715;2729;2747;2766;2787;2811;2837;2865;2895;2928;2963;3000;3040;3082;3127;3174;3224;3276;3330;3387;3446;3507;;;;;;;;;;;;;;;;;;;;;;;;;;;;;;;;;;;;;;;;;;;
-5.000;;;;;;;;;;;;;;;;;;;;;;;;;;;;;;;;;;;;;;;;;;;;;;;;;;;3112;3079;3047;3017;2988;2961;2936;2912;2890;2870;2851;2834;2819;2806;2794;2784;2776;2770;2765;2763;2762;2763;2766;2771;2778;2787;2798;2811;2826;2844;2863;2885;2908;2934;2963;2993;3026;3061;3099;3139;3181;3226;3273;3323;3375;3430;3486;;;;;;;;;;;;;;;;;;;;;;;;;;;;;;;;;;;;;;;;;;;;;
-5.100;;;;;;;;;;;;;;;;;;;;;;;;;;;;;;;;;;;;;;;;;;;;;;;;;;;;;;3111;3082;3055;3030;3007;2985;2965;2947;2930;2915;2902;2891;2881;2873;2867;2863;2861;2860;2861;2865;2870;2877;2886;2897;2911;2926;2943;2963;2985;3008;3035;3063;3094;3127;3162;3200;3240;3282;3327;3375;3424;3476;;;;;;;;;;;;;;;;;;;;;;;;;;;;;;;;;;;;;;;;;;;;;;;
-5.200;;;;;;;;;;;;;;;;;;;;;;;;;;;;;;;;;;;;;;;;;;;;;;;;;;;;;;;;3151;3127;3103;3082;3062;3044;3028;3013;3001;2990;2980;2973;2967;2963;2961;2960;2962;2966;2971;2978;2988;2999;3012;3028;3045;3065;3087;3111;3137;3165;3196;3229;3265;3302;3343;3385;3430;;;;;;;;;;;;;;;;;;;;;;;;;;;;;;;;;;;;;;;;;;;;;;;;;;
-5.300;;;;;;;;;;;;;;;;;;;;;;;;;;;;;;;;;;;;;;;;;;;;;;;;;;;;;;;;;;;3180;3161;3143;3127;3113;3101;3090;3081;3074;3068;3065;3063;3063;3065;3069;3074;3082;3091;3103;3116;3132;3150;3169;3191;3215;3241;3270;3301;3334;3369;3407;;;;;;;;;;;;;;;;;;;;;;;;;;;;;;;;;;;;;;;;;;;;;;;;;;;;;
-5.400;;;;;;;;;;;;;;;;;;;;;;;;;;;;;;;;;;;;;;;;;;;;;;;;;;;;;;;;;;;;;;;3214;3202;3192;3183;3177;3172;3168;3167;3167;3170;3174;3179;3187;3197;3209;3222;3238;3256;3276;3297;3322;3348;3376;;;;;;;;;;;;;;;;;;;;;;;;;;;;;;;;;;;;;;;;;;;;;;;;;;;;;;;;;
-5.500;;;;;;;;;;;;;;;;;;;;;;;;;;;;;;;;;;;;;;;;;;;;;;;;;;;;;;;;;;;;;;;;;;;;;;3273;3273;3276;3280;3286;3294;3304;3316;3330;;;;;;;;;;;;;;;;;;;;;;;;;;;;;;;;;;;;;;;;;;;;;;;;;;;;;;;;;;;;;;;;
-5.600;;;;;;;;;;;;;;;;;;;;;;;;;;;;;;;;;;;;;;;;;;;;;;;;;;;;;;;;;;;;;;;;;;;;;;;;;;;;;;;;;;;;;;;;;;;;;;;;;;;;;;;;;;;;;;;;;;;;;;;;;;;;;;;;;;;;;;;;;;;;;;
-5.700;;;;;;;;;;;;;;;;;;;;;;;;;;;;;;;;;;;;;;;;;;;;;;;;;;;;;;;;;;;;;;;;;;;;;;;;;;;;;;;;;;;;;;;;;;;;;;;;;;;;;;;;;;;;;;;;;;;;;;;;;;;;;;;;;;;;;;;;;;;;;;
-5.800;;;;;;;;;;;;;;;;;;;;;;;;;;;;;;;;;;;;;;;;;;;;;;;;;;;;;;;;;;;;;;;;;;;;;;;;;;;;;;;;;;;;;;;;;;;;;;;;;;;;;;;;;;;;;;;;;;;;;;;;;;;;;;;;;;;;;;;;;;;;;;
-5.900;;;;;;;;;;;;;;;;;;;;;;;;;;;;;;;;;;;;;;;;;;;;;;;;;;;;;;;;;;;;;;;;;;;;;;;;;;;;;;;;;;;;;;;;;;;;;;;;;;;;;;;;;;;;;;;;;;;;;;;;;;;;;;;;;;;;;;;;;;;;;;
-6.000;;;;;;;;;;;;;;;;;;;;;;;;;;;;;;;;;;;;;;;;;;;;;;;;;;;;;;;;;;;;;;;;;;;;;;;;;;;;;;;;;;;;;;;;;;;;;;;;;;;;;;;;;;;;;;;;;;;;;;;;;;;;;;;;;;;;;;;;;;;;;;
-6.100;;;;;;;;;;;;;;;;;;;;;;;;;;;;;;;;;;;;;;;;;;;;;;;;;;;;;;;;;;;;;;;;;;;;;;;;;;;;;;;;;;;;;;;;;;;;;;;;;;;;;;;;;;;;;;;;;;;;;;;;;;;;;;;;;;;;;;;;;;;;;;
-6.200;;;;;;;;;;;;;;;;;;;;;;;;;;;;;;;;;;;;;;;;;;;;;;;;;;;;;;;;;;;;;;;;;;;;;;;;;;;;;;;;;;;;;;;;;;;;;;;;;;;;;;;;;;;;;;;;;;;;;;;;;;;;;;;;;;;;;;;;;;;;;;
-6.300;;;;;;;;;;;;;;;;;;;;;;;;;;;;;;;;;;;;;;;;;;;;;;;;;;;;;;;;;;;;;;;;;;;;;;;;;;;;;;;;;;;;;;;;;;;;;;;;;;;;;;;;;;;;;;;;;;;;;;;;;;;;;;;;;;;;;;;;;;;;;;
-6.400;;;;;;;;;;;;;;;;;;;;;;;;;;;;;;;;;;;;;;;;;;;;;;;;;;;;;;;;;;;;;;;;;;;;;;;;;;;;;;;;;;;;;;;;;;;;;;;;;;;;;;;;;;;;;;;;;;;;;;;;;;;;;;;;;;;;;;;;;;;;;;
-6.500;;;;;;;;;;;;;;;;;;;;;;;;;;;;;;;;;;;;;;;;;;;;;;;;;;;;;;;;;;;;;;;;;;;;;;;;;;;;;;;;;;;;;;;;;;;;;;;;;;;;;;;;;;;;;;;;;;;;;;;;;;;;;;;;;;;;;;;;;;;;;;
-6.600;;;;;;;;;;;;;;;;;;;;;;;;;;;;;;;;;;;;;;;;;;;;;;;;;;;;;;;;;;;;;;;;;;;;;;;;;;;;;;;;;;;;;;;;;;;;;;;;;;;;;;;;;;;;;;;;;;;;;;;;;;;;;;;;;;;;;;;;;;;;;;
-6.700;;;;;;;;;;;;;;;;;;;;;;;;;;;;;;;;;;;;;;;;;;;;;;;;;;;;;;;;;;;;;;;;;;;;;;;;;;;;;;;;;;;;;;;;;;;;;;;;;;;;;;;;;;;;;;;;;;;;;;;;;;;;;;;;;;;;;;;;;;;;;;
-6.800;;;;;;;;;;;;;;;;;;;;;;;;;;;;;;;;;;;;;;;;;;;;;;;;;;;;;;;;;;;;;;;;;;;;;;;;;;;;;;;;;;;;;;;;;;;;;;;;;;;;;;;;;;;;;;;;;;;;;;;;;;;;;;;;;;;;;;;;;;;;;;
-6.900;;;;;;;;;;;;;;;;;;;;;;;;;;;;;;;;;;;;;;;;;;;;;;;;;;;;;;;;;;;;;;;;;;;;;;;;;;;;;;;;;;;;;;;;;;;;;;;;;;;;;;;;;;;;;;;;;;;;;;;;;;;;;;;;;;;;;;;;;;;;;;
-7.000;;;;;;;;;;;;;;;;;;;;;;;;;;;;;;;;;;;;;;;;;;;;;;;;;;;;;;;;;;;;;;;;;;;;;;;;;;;;;;;;;;;;;;;;;;;;;;;;;;;;;;;;;;;;;;;;;;;;;;;;;;;;;;;;;;;;;;;;;;;;;;
FRONT [mm];-7.000;-6.900;-6.800;-6.700;-6.600;-6.500;-6.400;-6.300;-6.200;-6.100;-6.000;-5.900;-5.800;-5.700;-5.600;-5.500;-5.400;-5.300;-5.200;-5.100;-5.000;-4.900;-4.800;-4.700;-4.600;-4.500;-4.400;-4.300;-4.200;-4.100;-4.000;-3.900;-3.800;-3.700;-3.600;-3.500;-3.400;-3.300;-3.200;-3.100;-3.000;-2.900;-2.800;-2.700;-2.600;-2.500;-2.400;-2.300;-2.200;-2.100;-2.000;-1.900;-1.800;-1.700;-1.600;-1.500;-1.400;-1.300;-1.200;-1.100;-1.000;-0.900;-0.800;-0.700;-0.600;-0.500;-0.400;-0.300;-0.200;-0.100;0.000;0.100;0.200;0.300;0.400;0.500;0.600;0.700;0.800;0.900;1.000;1.100;1.200;1.300;1.400;1.500;1.600;1.700;1.800;1.900;2.000;2.100;2.200;2.300;2.400;2.500;2.600;2.700;2.800;2.900;3.000;3.100;3.200;3.300;3.400;3.500;3.600;3.700;3.800;3.900;4.000;4.100;4.200;4.300;4.400;4.500;4.600;4.700;4.800;4.900;5.000;5.100;5.200;5.300;5.400;5.500;5.600;5.700;5.800;5.900;6.000;6.100;6.200;6.300;6.400;6.500;6.600;6.700;6.800;6.900;7.000;
7.000;;;;;;;;;;;;;;;;;;;;;;;;;;;;;;;;;;;;;;;;;;;;;;;;;;;;;;;;;;;;;;;;;;;;;;;;;;;;;;;;;;;;;;;;;;;;;;;;;;;;;;;;;;;;;;;;;;;;;;;;;;;;;;;;;;;;;;;;;;;;;;
6.900;;;;;;;;;;;;;;;;;;;;;;;;;;;;;;;;;;;;;;;;;;;;;;;;;;;;;;;;;;;;;;;;;;;;;;;;;;;;;;;;;;;;;;;;;;;;;;;;;;;;;;;;;;;;;;;;;;;;;;;;;;;;;;;;;;;;;;;;;;;;;;
6.800;;;;;;;;;;;;;;;;;;;;;;;;;;;;;;;;;;;;;;;;;;;;;;;;;;;;;;;;;;;;;;;;;;;;;;;;;;;;;;;;;;;;;;;;;;;;;;;;;;;;;;;;;;;;;;;;;;;;;;;;;;;;;;;;;;;;;;;;;;;;;;
6.700;;;;;;;;;;;;;;;;;;;;;;;;;;;;;;;;;;;;;;;;;;;;;;;;;;;;;;;;;;;;;;;;;;;;;;;;;;;;;;;;;;;;;;;;;;;;;;;;;;;;;;;;;;;;;;;;;;;;;;;;;;;;;;;;;;;;;;;;;;;;;;
6.600;;;;;;;;;;;;;;;;;;;;;;;;;;;;;;;;;;;;;;;;;;;;;;;;;;;;;;;;;;;;;;;;;;;;;;;;;;;;;;;;;;;;;;;;;;;;;;;;;;;;;;;;;;;;;;;;;;;;;;;;;;;;;;;;;;;;;;;;;;;;;;
6.500;;;;;;;;;;;;;;;;;;;;;;;;;;;;;;;;;;;;;;;;;;;;;;;;;;;;;;;;;;;;;;;;;;;;;;;;;;;;;;;;;;;;;;;;;;;;;;;;;;;;;;;;;;;;;;;;;;;;;;;;;;;;;;;;;;;;;;;;;;;;;;
6.400;;;;;;;;;;;;;;;;;;;;;;;;;;;;;;;;;;;;;;;;;;;;;;;;;;;;;;;;;;;;;;;;;;;;;;;;;;;;;;;;;;;;;;;;;;;;;;;;;;;;;;;;;;;;;;;;;;;;;;;;;;;;;;;;;;;;;;;;;;;;;;
6.300;;;;;;;;;;;;;;;;;;;;;;;;;;;;;;;;;;;;;;;;;;;;;;;;;;;;;;;;;;;;;;;;;;;;;;;;;;;;;;;;;;;;;;;;;;;;;;;;;;;;;;;;;;;;;;;;;;;;;;;;;;;;;;;;;;;;;;;;;;;;;;
6.200;;;;;;;;;;;;;;;;;;;;;;;;;;;;;;;;;;;;;;;;;;;;;;;;;;;;;;;;;;;;;;;;;;;;;;;;;;;;;;;;;;;;;;;;;;;;;;;;;;;;;;;;;;;;;;;;;;;;;;;;;;;;;;;;;;;;;;;;;;;;;;
6.100;;;;;;;;;;;;;;;;;;;;;;;;;;;;;;;;;;;;;;;;;;;;;;;;;;;;;;;;;;;;;;;;;;;;;;;;;;;;;;;;;;;;;;;;;;;;;;;;;;;;;;;;;;;;;;;;;;;;;;;;;;;;;;;;;;;;;;;;;;;;;;
6.000;;;;;;;;;;;;;;;;;;;;;;;;;;;;;;;;;;;;;;;;;;;;;;;;;;;;;;;;;;;;;;;;;;;;;;;;;;;;;;;;;;;;;;;;;;;;;;;;;;;;;;;;;;;;;;;;;;;;;;;;;;;;;;;;;;;;;;;;;;;;;;
5.900;;;;;;;;;;;;;;;;;;;;;;;;;;;;;;;;;;;;;;;;;;;;;;;;;;;;;;;;;;;;;;;;;;;;;;;;;;;;;;;;;;;;;;;;;;;;;;;;;;;;;;;;;;;;;;;;;;;;;;;;;;;;;;;;;;;;;;;;;;;;;;
5.800;;;;;;;;;;;;;;;;;;;;;;;;;;;;;;;;;;;;;;;;;;;;;;;;;;;;;;;;;;;;;;;;;;;;;;;;;;;;;;;;;;;;;;;;;;;;;;;;;;;;;;;;;;;;;;;;;;;;;;;;;;;;;;;;;;;;;;;;;;;;;;
5.700;;;;;;;;;;;;;;;;;;;;;;;;;;;;;;;;;;;;;;;;;;;;;;;;;;;;;;;;;;;;;;;;;;;;;;;;;;;;;;;;;;;;;;;;;;;;;;;;;;;;;;;;;;;;;;;;;;;;;;;;;;;;;;;;;;;;;;;;;;;;;;
5.600;;;;;;;;;;;;;;;;;;;;;;;;;;;;;;;;;;;;;;;;;;;;;;;;;;;;;;;;;;;;;;;;;;;;;;;;;;;;;;;;;;;;;;;;;;;;;;;;;;;;;;;;;;;;;;;;;;;;;;;;;;;;;;;;;;;;;;;;;;;;;;
5.500;;;;;;;;;;;;;;;;;;;;;;;;;;;;;;;;;;;;;;;;;;;;;;;;;;;;;;;;;;;;;;;;;;;;;;;;;;;;;;;;;;;;;;;;;;;;;;;;;;;;;;;;;;;;;;;;;;;;;;;;;;;;;;;;;;;;;;;;;;;;;;
5.400;;;;;;;;;;;;;;;;;;;;;;;;;;;;;;;;;;;;;;;;;;;;;;;;;;;;;;;;;;;;;;;;;;;;;;;;;;;;;;;;;;;;;;;;;;;;;;;;;;;;;;;;;;;;;;;;;;;;;;;;;;;;;;;;;;;;;;;;;;;;;;
5.300;;;;;;;;;;;;;;;;;;;;;;;;;;;;;;;;;;;;;;;;;;;;;;;;;;;;;;;;;;;;;;;;;;;;;;;;;;;;;;;;;;;;;;;;;;;;;;;;;;;;;;;;;;;;;;;;;;;;;;;;;;;;;;;;;;;;;;;;;;;;;;
5.200;;;;;;;;;;;;;;;;;;;;;;;;;;;;;;;;;;;;;;;;;;;;;;;;;;;;;;;;;;;;;;;;;;;;;;;;;;;;;;;;;;;;;;;;;;;;;;;;;;;;;;;;;;;;;;;;;;;;;;;;;;;;;;;;;;;;;;;;;;;;;;
5.100;;;;;;;;;;;;;;;;;;;;;;;;;;;;;;;;;;;;;;;;;;;;;;;;;;;;;;;;;;;;;;;;;;;;;;;;;;;;;;;;;;;;;;;;;;;;;;;;;;;;;;;;;;;;;;;;;;;;;;;;;;;;;;;;;;;;;;;;;;;;;;
5.000;;;;;;;;;;;;;;;;;;;;;;;;;;;;;;;;;;;;;;;;;;;;;;;;;;;;;;;;;;;;;;;;;;;;;;;;;;;1.739370107;1.745963954;1.753981686;;;;;;;;;;;;;;;;;;;;;;;;;;;;;;;;;;;;;;;;;;;;;;;;;;;;;;;;;;;;;;;;;
4.900;;;;;;;;;;;;;;;;;;;;;;;;;;;;;;;;;;;;;;;;;;;;;;;;;;;;;;;;;;;;;;;;;1.687339725;1.678396007;1.671059828;1.665315376;1.661145710;1.658532979;1.657458645;1.657903718;1.659848993;1.663275287;1.668163679;1.674495743;1.682253769;1.691420978;1.701981716;1.713921627;1.727227798;1.741888873;1.757895125;1.775238488;1.793912525;1.813912348;1.835234459;;;;;;;;;;;;;;;;;;;;;;;;;;;;;;;;;;;;;;;;;;;;;;;;;;;;;;;
4.800;;;;;;;;;;;;;;;;;;;;;;;;;;;;;;;;;;;;;;;;;;;;;;;;;;;;;;;;;;;;1.688648612;1.671554890;1.656088510;1.642243906;1.630013656;1.619388610;1.610358033;1.602909768;1.597030408;1.592705488;1.589919683;1.588657021;1.588901099;1.590635310;1.593843070;1.598508050;1.604614400;1.612146974;1.621091541;1.631434988;1.643165497;1.656272709;1.670747852;1.686583842;1.703775340;1.722318760;1.742212229;1.763455481;1.786049680;1.809997165;1.835301107;1.861965063;;;;;;;;;;;;;;;;;;;;;;;;;;;;;;;;;;;;;;;;;;;;;;;;;;;
4.700;;;;;;;;;;;;;;;;;;;;;;;;;;;;;;;;;;;;;;;;;;;;;;;;;;;;;;;;;1.682405416;1.660600382;1.640392076;1.621782045;1.604769904;1.589353393;1.575528454;1.563289319;1.552628626;1.543537545;1.536005914;1.530022407;1.525574697;1.522649642;1.521233479;1.521312033;1.522870921;1.525895776;1.530372461;1.536287298;1.543627277;1.552380277;1.562535260;1.574082467;1.587013583;1.601321886;1.617002366;1.634051807;1.652468830;1.672253889;1.693409210;1.715938666;1.739847584;1.765142467;1.791830629;1.819919727;1.849417182;1.880329477;1.912661316;;;;;;;;;;;;;;;;;;;;;;;;;;;;;;;;;;;;;;;;;;;;;;;
4.600;;;;;;;;;;;;;;;;;;;;;;;;;;;;;;;;;;;;;;;;;;;;;;;;;;;;;;1.690437068;1.664146125;1.639403513;1.616216818;1.594591867;1.574532712;1.556041639;1.539119190;1.523764207;1.509973888;1.497743868;1.487068311;1.477940015;1.470350545;1.464290364;1.459748994;1.456715178;1.455177061;1.455122378;1.456538653;1.459413404;1.463734353;1.469489641;1.476668035;1.485259143;1.495253618;1.506643344;1.519421622;1.533583323;1.549125028;1.566045131;1.584343910;1.604023557;1.625088153;1.647543597;1.671397462;1.696658779;1.723337745;1.751445334;1.780992803;1.811991095;1.844450103;1.878377811;1.913779272;1.950655432;;;;;;;;;;;;;;;;;;;;;;;;;;;;;;;;;;;;;;;;;;;;
4.500;;;;;;;;;;;;;;;;;;;;;;;;;;;;;;;;;;;;;;;;;;;;;;;;;;;1.711835736;1.681300884;1.652255382;1.624711101;1.598678531;1.574166714;1.551183181;1.529733915;1.509823329;1.491454258;1.474627974;1.459344213;1.445601219;1.433395805;1.422723430;1.413578293;1.405953437;1.399840874;1.395231720;1.392116348;1.390484546;1.390325696;1.391628954;1.394383444;1.398578458;1.404203660;1.411249289;1.419706370;1.429566910;1.440824096;1.453472480;1.467508144;1.482928854;1.499734179;1.517925592;1.537506519;1.558482362;1.580860460;1.604649994;1.629861837;1.656508313;1.684602886;1.714159750;1.745193318;1.777717590;1.811745403;1.847287532;1.884351652;1.922941119;1.963053581;;;;;;;;;;;;;;;;;;;;;;;;;;;;;;;;;;;;;;;;;;
4.400;;;;;;;;;;;;;;;;;;;;;;;;;;;;;;;;;;;;;;;;;;;;;;;;;1.711272005;1.678150020;1.646470296;1.616245900;1.587488944;1.560210475;1.534420380;1.510127304;1.487338594;1.466060247;1.446296882;1.428051722;1.411326600;1.396121965;1.382436923;1.370269271;1.359615568;1.350471207;1.342830503;1.336686803;1.332032604;1.328859686;1.327159258;1.326922120;1.328138827;1.330799875;1.334895882;1.340417789;1.347357050;1.355705840;1.365457250;1.376605482;1.389146037;1.403075890;1.418393654;1.435099713;1.453196344;1.472687793;1.493580327;1.515882231;1.539603762;1.564757039;1.591355871;1.619415504;1.648952289;1.679983250;1.712525550;1.746595837;1.782209466;1.819379579;1.858116026;1.898424123;1.940303230;1.983745123;;;;;;;;;;;;;;;;;;;;;;;;;;;;;;;;;;;;;;;;
4.300;;;;;;;;;;;;;;;;;;;;;;;;;;;;;;;;;;;;;;;;;;;;;;;1.716451442;1.680832088;1.646613868;1.613809665;1.582431876;1.552492268;1.524001856;1.496970792;1.471408268;1.447322437;1.424720348;1.403607893;1.383989767;1.365869445;1.349249167;1.334129949;1.320511590;1.308392710;1.297770796;1.288642256;1.281002502;1.274846033;1.270166538;1.266957019;1.265209916;1.264917251;1.266070786;1.268662187;1.272683199;1.278125830;1.284982542;1.293246441;1.302911475;1.313972624;1.326426095;1.340269495;1.355502004;1.372124527;1.390139827;1.409552623;1.430369670;1.452599792;1.476253867;1.501344768;1.527887241;1.555897710;1.585394015;1.616395052;1.648920328;1.682989398;1.718621193;1.755833213;1.794640576;1.835054917;1.877083109;1.920725808;1.965975792;2.012816088;;;;;;;;;;;;;;;;;;;;;;;;;;;;;;;;;;;;;;
4.200;;;;;;;;;;;;;;;;;;;;;;;;;;;;;;;;;;;;;;;;;;;;;1.727352973;1.689292536;1.652601136;1.617290135;1.583370898;1.550854625;1.519752200;1.490074063;1.461830083;1.435029459;1.409680620;1.385791145;1.363367694;1.342415952;1.322940580;1.304945181;1.288432283;1.273403328;1.259858677;1.247797625;1.237218439;1.228118394;1.220493840;1.214340273;1.209652419;1.206424337;1.204649539;1.204321107;1.205431846;1.207974427;1.211941553;1.217326133;1.224121460;1.232321396;1.241920563;1.252914533;1.265300014;1.279075039;1.294239133;1.310793483;1.328741077;1.348086830;1.368837681;1.391002649;1.414592866;1.439621547;1.466103915;1.494057066;1.523499761;1.554452139;1.586935346;1.620971061;1.656580920;1.693785809;1.732605040;1.773055368;1.815149859;1.858896584;1.904297124;1.951344880;2.000023156;2.050303016;;;;;;;;;;;;;;;;;;;;;;;;;;;;;;;;;;;;
4.100;;;;;;;;;;;;;;;;;;;;;;;;;;;;;;;;;;;;;;;;;;;1.744059180;1.703576483;1.664442337;1.626665361;1.590254662;1.555219645;1.521569851;1.489314804;1.458463872;1.429026147;1.401010324;1.374424604;1.349276597;1.325573243;1.303320739;1.282524475;1.263188983;1.245317897;1.228913922;1.213978813;1.200513371;1.188517444;1.177989949;1.168928900;1.161331455;1.155193967;1.150512067;1.147280737;1.145494421;1.145147130;1.146232571;1.148744285;1.152675799;1.158020783;1.164773223;1.172927595;1.182479050;1.193423601;1.205758306;1.219481452;1.234592740;1.251093448;1.268986588;1.288277047;1.308971701;1.331079498;1.354611520;1.379580986;1.406003222;1.433895572;1.463277242;1.494169083;1.526593280;1.560572967;1.596131727;1.633292997;1.672079337;1.712511574;1.754607796;1.798382188;1.843843695;1.890994492;1.939828255;1.990328216;2.042464967;;;;;;;;;;;;;;;;;;;;;;;;;;;;;;;;;;;
4.000;;;;;;;;;;;;;;;;;;;;;;;;;;;;;;;;;;;;;;;;;;1.723826816;1.682242644;1.642004929;1.603119441;1.565592701;1.529431798;1.494644225;1.461237731;1.429220181;1.398599436;1.369383230;1.341579064;1.315194111;1.290235122;1.266708344;1.244619448;1.223973459;1.204774703;1.187026757;1.170732409;1.155893630;1.142511557;1.130586485;1.120117874;1.111104360;1.103543795;1.097433281;1.092769232;1.089547442;1.087763173;1.087411248;1.088486167;1.090982232;1.094893678;1.100214829;1.106940253;1.115064932;1.124584433;1.135495093;1.147794200;1.161480175;1.176552757;1.193013173;1.210864306;1.230110840;1.250759400;1.272818652;1.296299387;1.321214560;1.347579295;1.375410837;1.404728449;1.435553245;1.467907949;1.501816575;1.537304017;1.574395530;1.613116108;1.653489733;1.695538486;1.739281520;1.784733861;1.831905033;1.880797507;1.931404922;1.983710109;2.037682857;2.093277435;;;;;;;;;;;;;;;;;;;;;;;;;;;;;;;;;
3.900;;;;;;;;;;;;;;;;;;;;;;;;;;;;;;;;;;;;;;;;1.750278082;1.706197974;1.663467545;1.622088363;1.582063161;1.543395635;1.506090283;1.470152242;1.435587144;1.402400986;1.370600004;1.340190562;1.311179041;1.283571740;1.257374784;1.232594032;1.209234999;1.187302779;1.166801976;1.147736642;1.130110222;1.113925509;1.099184608;1.085888902;1.074039041;1.063634930;1.054675736;1.047159904;1.041085185;1.036448683;1.033246905;1.031475835;1.031131015;1.032207648;1.034700701;1.038605036;1.043915542;1.050627285;1.058735665;1.068236584;1.079126619;1.091403199;1.105064789;1.120111069;1.136543112;1.154363554;1.173576756;1.194188948;1.216208351;1.239645284;1.264512229;1.290823866;1.318597068;1.347850832;1.378606174;1.410885937;1.444714542;1.480117643;1.517121696;1.555753424;1.596039167;1.638004106;1.681671350;1.727060871;1.774188283;1.823063432;1.873688802;1.926057713;1.980152295;2.035941218;2.093377174;;;;;;;;;;;;;;;;;;;;;;;;;;;;;;;;
3.800;;;;;;;;;;;;;;;;;;;;;;;;;;;;;;;;;;;;;;;1.736586447;1.691294525;1.647366806;1.604801560;1.563598380;1.523758003;1.485282149;1.448173372;1.412434928;1.378070648;1.345084822;1.313482092;1.283267348;1.254445629;1.227022031;1.201001621;1.176389346;1.153189958;1.131407933;1.111047406;1.092112100;1.074605268;1.058529641;1.043887382;1.030680046;1.018908556;1.008573185;0.999673542;0.992208586;0.986176632;0.981575388;0.978401995;0.976653078;0.976324824;0.977413059;0.979913347;0.983821106;0.989131724;0.995840703;1.003943799;1.013437188;1.024317628;1.036582630;1.050230639;1.065261213;1.081675200;1.099474914;1.118664303;1.139249102;1.161236974;1.184637632;1.209462927;1.235726915;1.263445875;1.292638295;1.323324795;1.355527999;1.389272336;1.424583767;1.461489424;1.500017160;1.540194989;1.582050409;1.625609604;1.670896502;1.717931681;1.766731110;1.817304715;1.869654740;1.923773916;1.979643390;2.037230419;2.096485807;2.157341063;;;;;;;;;;;;;;;;;;;;;;;;;;;;;;
3.700;;;;;;;;;;;;;;;;;;;;;;;;;;;;;;;;;;;;;1.773755241;1.725798818;1.679233520;1.634052746;1.590251521;1.547826306;1.506774834;1.467095956;1.428789509;1.391856192;1.356297453;1.322115385;1.289312625;1.257892260;1.227857736;1.199212769;1.171961261;1.146107214;1.121654652;1.098607541;1.076969711;1.056744788;1.037936121;1.020546718;1.004579190;0.990035695;0.976917896;0.965226922;0.954963337;0.946127126;0.938717684;0.932733823;0.928173784;0.925035269;0.923315482;0.923011187;0.924118776;0.926634354;0.930553838;0.935873069;0.942587935;0.950694511;0.960189205;0.971068916;0.983331202;0.996974453;1.011998064;1.028402618;1.046190062;1.065363874;1.085929236;1.107893176;1.131264708;1.156054945;1.182277182;1.209946949;1.239082027;1.269702414;1.301830242;1.335489629;1.370706466;1.407508126;1.445923082;1.485980438;1.527709341;1.571138285;1.616294282;1.663201889;1.711882089;1.762350997;1.814618387;1.868686027;1.924545801;1.982177604;2.041546995;2.102602592;2.165273186;;;;;;;;;;;;;;;;;;;;;;;;;;;;;
3.600;;;;;;;;;;;;;;;;;;;;;;;;;;;;;;;;;;;;1.767349420;1.718027243;1.670124631;1.623631853;1.578540852;1.534845066;1.492539274;1.451619464;1.412082709;1.373927060;1.337151451;1.301755602;1.267739935;1.235105490;1.203853845;1.173987037;1.145507483;1.118417903;1.092721243;1.068420595;1.045519124;1.024019993;1.003926286;0.985240940;0.967966676;0.952105935;0.937660818;0.924633037;0.913023865;0.902834101;0.894064039;0.886713450;0.880781578;0.876267137;0.873168334;0.871482894;0.871208106;0.872340880;0.874877817;0.878815296;0.884149571;0.890876889;0.898993614;0.908496362;0.919382157;0.931648585;0.945293963;0.960317512;0.976719531;0.994501578;1.013666642;1.034219317;1.056165954;1.079514819;1.104276213;1.130462582;1.158088595;1.187171187;1.217729560;1.249785144;1.283361490;1.318484120;1.355180283;1.393478656;1.433408937;1.475001351;1.518286042;1.563292351;1.610047953;1.658577866;1.708903285;1.761040269;1.814998227;1.870778215;1.928371024;1.987755033;2.048893823;2.111733530;2.176199915;;;;;;;;;;;;;;;;;;;;;;;;;;;;
3.500;;;;;;;;;;;;;;;;;;;;;;;;;;;;;;;;;;;1.764128750;1.713372434;1.664067885;1.616202560;1.569765580;1.524747564;1.481140491;1.438937583;1.398133197;1.358722739;1.320702576;1.284069965;1.248822979;1.214960440;1.182481851;1.151387333;1.121677552;1.093353657;1.066417204;1.040870091;1.016714481;0.993952729;0.972587313;0.952620752;0.934055540;0.916894074;0.901138583;0.886791066;0.873853232;0.862326449;0.852211693;0.843509513;0.836220004;0.830342786;0.825876994;0.822821290;0.821173873;0.820932516;0.822094605;0.824657204;0.828617122;0.833971006;0.840715441;0.848847064;0.858362693;0.869259470;0.881535059;0.895187724;0.910216406;0.926621073;0.944402910;0.963564486;0.984109835;1.006044656;1.029376407;1.054114507;1.080270516;1.107858170;1.136893464;1.167394683;1.199382394;1.232879394;1.267910590;1.304502823;1.342684625;1.382485878;1.423937403;1.467070433;1.511915984;1.558504103;1.606862980;1.657017923;1.708990163;1.762795503;1.818442773;1.875932089;1.935252902;1.996381810;2.059280137;2.123891239;2.190137537;;;;;;;;;;;;;;;;;;;;;;;;;;;
3.400;;;;;;;;;;;;;;;;;;;;;;;;;;;;;;;;;;1.764178524;1.711921805;1.661151715;1.611853307;1.564013237;1.517619605;1.472661840;1.429130589;1.387017637;1.346315829;1.307019011;1.269121965;1.232620365;1.197510718;1.163790321;1.131457205;1.100510083;1.070948298;1.042771760;1.015980888;0.990576545;0.966559970;0.943932708;0.922696535;0.902853392;0.884405305;0.867354312;0.851702397;0.837451415;0.824603031;0.813158659;0.803119407;0.794486030;0.787258897;0.781437957;0.777022723;0.774012265;0.772405220;0.772199806;0.773393856;0.775984871;0.779970147;0.785346876;0.792112155;0.800262884;0.809795972;0.820708480;0.832998362;0.846663237;0.861701644;0.878113115;0.895898333;0.915059798;0.935600542;0.957525723;0.980842400;1.005559600;1.031688378;1.059241767;1.088234837;1.118684551;1.150609615;1.184032078;1.218976237;1.255468298;1.293536366;1.333210176;1.374520740;1.417499905;1.462179809;1.508592220;1.556767758;1.606734982;1.658519324;1.712141872;1.767617975;1.824955670;1.884153898;1.945200518;2.008070082;2.072721367;2.139094649;2.207108689;;;;;;;;;;;;;;;;;;;;;;;;;;
3.300;;;;;;;;;;;;;;;;;;;;;;;;;;;;;;;;;1.767567299;1.713747810;1.661451283;1.610660872;1.561361209;1.513538272;1.467179274;1.422272576;1.378807620;1.336774873;1.296165784;1.256972743;1.219189052;1.182808892;1.147827292;1.114240093;1.082043922;1.051236142;1.021814815;0.993778653;0.967126965;0.941859597;0.917976873;0.895479527;0.874368633;0.854645534;0.836311770;0.819368997;0.803818920;0.789663216;0.776903468;0.765541094;0.755577291;0.747012979;0.739848756;0.734084858;0.729721136;0.726756900;0.725190622;0.725020712;0.726246274;0.728865862;0.732877548;0.738278646;0.745066879;0.753239574;0.762793656;0.773726126;0.786034786;0.799716898;0.814770555;0.831194686;0.848989645;0.868157155;0.888699185;0.910620042;0.933925878;0.958624840;0.984727568;1.012246052;1.041195011;1.071591480;1.103454715;1.136806005;1.171668342;1.208065889;1.246025063;1.285575612;1.326748412;1.369575530;1.414089751;1.460324014;1.508310725;1.558080945;1.609663448;1.663083628;1.718362241;1.775513982;1.834545869;1.895455428;1.958228668;2.022837811;2.089238794;2.157368496;2.227141688;;;;;;;;;;;;;;;;;;;;;;;;;
3.200;;;;;;;;;;;;;;;;;;;;;;;;;;;;;;;;1.774345577;1.718906571;1.665027090;1.612688962;1.561875331;1.512570526;1.464759972;1.418430115;1.373568374;1.330163104;1.288203574;1.247679945;1.208583263;1.170905446;1.134639277;1.099778388;1.066317246;1.034251136;1.003576131;0.974289062;0.946387482;0.919869618;0.894734323;0.870981020;0.848609636;0.827620541;0.808014472;0.789792464;0.772955770;0.757505792;0.743443996;0.730771847;0.719490734;0.709601904;0.701106401;0.694004530;0.688294783;0.683977806;0.681054406;0.679525056;0.679387232;0.680642697;0.683290648;0.687329593;0.692755987;0.699568872;0.707765829;0.717343662;0.728299100;0.740629584;0.754332409;0.769405199;0.785846341;0.803656254;0.822835136;0.843384532;0.865307856;0.888610264;0.913299259;0.939383869;0.966874923;0.995785987;1.026133054;1.057934612;1.091211638;1.125987525;1.162287841;1.200139871;1.239571948;1.280612596;1.323292496;1.367644725;1.413702923;1.461500727;1.511071055;1.562445276;1.615652222;1.670717071;1.727660054;1.786494996;1.847227662;1.909853908;1.974357615;2.040708386;2.108859002;2.178742617;2.250269668;;;;;;;;;;;;;;;;;;;;;;;;
3.100;;;;;;;;;;;;;;;;;;;;;;;;;;;;;;;1.784544796;1.727436807;1.671923843;1.617987061;1.565608714;1.514772040;1.465461178;1.417661115;1.371357650;1.326537376;1.283187681;1.241296745;1.200853556;1.161847918;1.124270466;1.088112674;1.053366865;1.020026206;0.988084711;0.957537220;0.928379385;0.900607641;0.874219168;0.849211850;0.825584223;0.803335420;0.782465103;0.762973399;0.744860826;0.728128217;0.712776643;0.698807338;0.686221617;0.675020365;0.665202244;0.656768352;0.649720303;0.644056880;0.639781898;0.636897127;0.635403816;0.635297524;0.636583174;0.639260327;0.643327684;0.648779986;0.655618477;0.663840488;0.673442625;0.684420890;0.696773042;0.710496273;0.725587913;0.742046198;0.759871199;0.779062393;0.799621134;0.821550222;0.844854146;0.869539858;0.895614437;0.923087803;0.951972042;0.982281563;1.014033250;1.047246589;1.081943852;1.118149959;1.155892392;1.195200861;1.236106717;1.278642009;1.322838109;1.368725769;1.416338790;1.465711395;1.516876892;1.569866800;1.624709846;1.681430803;1.740049166;1.800577656;1.863020536;1.927371718;1.993612662;2.061710036;2.131613138;2.203251048;2.276529508;;;;;;;;;;;;;;;;;;;;;;;
3.000;;;;;;;;;;;;;;;;;;;;;;;;;;;;;;1.798176636;1.739359043;1.682169607;1.626589516;1.572600802;1.520186230;1.469329234;1.420013867;1.372224786;1.325947256;1.281167159;1.237871025;1.196046059;1.155680180;1.116762056;1.079281133;1.043227672;1.008592766;0.975368363;0.943547271;0.913123160;0.884090556;0.856444817;0.830182114;0.805299387;0.781794306;0.759665218;0.738911083;0.719531415;0.701526205;0.684895851;0.669641071;0.655761054;0.643255221;0.632122722;0.622366249;0.613988388;0.606991929;0.601373535;0.597140123;0.594294414;0.592838134;0.592764709;0.594081992;0.596789619;0.600885949;0.606364373;0.613228072;0.621473808;0.631097953;0.642095361;0.654465023;0.668203734;0.683308791;0.699778619;0.717612694;0.736811010;0.757374896;0.779307007;0.802611979;0.827295201;0.853363547;0.880825838;0.909692753;0.939977011;0.971693507;1.004859749;1.039495868;1.075624858;1.113272674;1.152468185;1.193242945;1.235630312;1.279666013;1.325384937;1.372819737;1.422000691;1.472961743;1.525736443;1.580356303;1.636849754;1.695240957;1.755548442;1.817783576;1.881948841;1.948035913;2.016023514;2.085875044;2.157535965;2.230930916;2.305960562;;;;;;;;;;;;;;;;;;;;;;
2.900;;;;;;;;;;;;;;;;;;;;;;;;;;;;;1.815232640;1.754675124;1.695775210;1.638514874;1.582876644;1.528843496;1.476398792;1.425526246;1.376209924;1.328434258;1.282184081;1.237444674;1.194201816;1.152441845;1.112151716;1.073319056;1.035932225;0.999980354;0.965453394;0.932342149;0.900638290;0.870334381;0.841423870;0.813901088;0.787761231;0.763000325;0.739615196;0.717603416;0.696963253;0.677693604;0.659793854;0.643261434;0.628094696;0.614294099;0.601861208;0.590794673;0.581098133;0.572775855;0.565831319;0.560260478;0.556070863;0.553266742;0.551849997;0.551812265;0.553163473;0.555903024;0.560028035;0.565532604;0.572419698;0.580685722;0.590326175;0.601336528;0.613715675;0.627460449;0.642568434;0.659038101;0.676869547;0.696063424;0.716621603;0.738547264;0.761844986;0.786520152;0.812579599;0.840031496;0.868885452;0.899152650;0.930846164;0.963981183;0.998575309;1.034648877;1.072225235;1.111330937;1.151994945;1.194251304;1.238135712;1.283685647;1.330938999;1.379932067;1.430696397;1.483262124;1.537662701;1.593929445;1.652090287;1.712168542;1.774181520;1.838138959;1.904041264;1.971877548;2.041623458;2.113238768;2.186664725;2.261821142;2.338603207;;;;;;;;;;;;;;;;;;;;;
2.800;;;;;;;;;;;;;;;;;;;;;;;;;;;;1.835684172;1.773368015;1.712733927;1.653765463;1.596446405;1.540760664;1.486692217;1.434225092;1.383343367;1.334031208;1.286272919;1.240053001;1.195356235;1.152167754;1.110473129;1.070258452;1.031510410;0.994216364;0.958364409;0.923943436;0.890943175;0.859354238;0.829168136;0.800377300;0.772975077;0.746955726;0.722314393;0.699047078;0.677150598;0.656622392;0.637458757;0.619656838;0.603214348;0.588130473;0.574406910;0.562045922;0.551047043;0.541412157;0.533148064;0.526258636;0.520740080;0.516598709;0.513840437;0.512466963;0.512468976;0.513857090;0.516630159;0.520783852;0.526313720;0.533221267;0.541502434;0.551151763;0.562166128;0.574543560;0.588281255;0.603377119;0.619830505;0.637642438;0.656814692;0.677350291;0.699253172;0.722528809;0.747183524;0.773224506;0.800659849;0.829498595;0.859750858;0.891428057;0.924543216;0.959111328;0.995149763;1.032678685;1.071720581;1.112303050;1.154456680;1.198215599;1.243617052;1.290700554;1.339506498;1.390074098;1.442438417;1.496627729;1.552673528;1.610606731;1.670454531;1.732239143;1.795976376;1.861674030;1.929330105;1.998930807;2.070448339;2.143838462;2.219037814;2.295960967;;;;;;;;;;;;;;;;;;;;;
2.700;;;;;;;;;;;;;;;;;;;;;;;;;;;1.859482705;1.795401924;1.733021455;1.672327238;1.613305095;1.555940631;1.500219168;1.446125737;1.393645088;1.342761739;1.293460037;1.245724242;1.199538622;1.154887549;1.111755612;1.070127712;1.029989174;0.991325840;0.954124163;0.918371288;0.884055125;0.851164413;0.819688763;0.789618704;0.760945699;0.733662161;0.707761450;0.683237862;0.660086592;0.638302734;0.617880712;0.598816653;0.581108455;0.564754969;0.549753737;0.536108329;0.523821472;0.512894594;0.503325929;0.495125117;0.488296115;0.482836225;0.478749304;0.476042522;0.474717054;0.474763870;0.476192483;0.479000885;0.483183653;0.488737718;0.495662109;0.503952197;0.513602248;0.524609884;0.536972243;0.550687128;0.565752956;0.582170662;0.599942377;0.619071569;0.639562661;0.661421253;0.684654725;0.709270739;0.735277512;0.762683725;0.791498472;0.821731238;0.853392238;0.886492659;0.921045060;0.957063847;0.994565646;1.033569852;1.074099637;1.116182006;1.159847994;1.205132607;1.252074418;1.300714699;1.351095574;1.403259522;1.457244171;1.513078610;1.570791566;1.630413289;1.691969974;1.755482445;1.820964697;1.888422258;1.957850366;2.029231942;2.102535349;2.177711926;2.254693277;2.333388307;;;;;;;;;;;;;;;;;;;;
2.600;;;;;;;;;;;;;;;;;;;;;;;;;;;1.820722740;1.756596166;1.694169879;1.633432542;1.574372231;1.516976367;1.461231710;1.407124377;1.354639897;1.303763287;1.254479149;1.206771783;1.160625306;1.116023776;1.072951325;1.031392281;0.991331295;0.952753455;0.915644393;0.879990389;0.845778453;0.812996403;0.781632923;0.751677617;0.723121038;0.695954710;0.670171142;0.645764012;0.622725817;0.601049908;0.580730540;0.561764448;0.544149898;0.527886624;0.512971841;0.499408545;0.487200582;0.476351409;0.466855942;0.458725351;0.451963654;0.446569710;0.442544709;0.439896069;0.438624104;0.438721572;0.440194836;0.443040712;0.447253735;0.452830995;0.459768483;0.468060890;0.477703811;0.488693239;0.501026159;0.514701163;0.529718890;0.546081651;0.563791719;0.582852711;0.603270963;0.625060750;0.648228197;0.672783022;0.698735142;0.726094574;0.754870872;0.785073569;0.816712186;0.849796508;0.884336999;0.920346519;0.957836630;0.996823222;1.037325349;1.079365806;1.122971579;1.168174094;1.215009073;1.263515657;1.313737788;1.365720154;1.419506465;1.475136070;1.532639542;1.592043963;1.653378469;1.716667960;1.781931547;1.849181066;1.918419404;1.989638649;2.062818028;2.137921645;2.214895980;2.293667161;2.374137974;;;;;;;;;;;;;;;;;;;
2.500;;;;;;;;;;;;;;;;;;;;;;;;;;1.849258802;1.783399679;1.719247184;1.656793621;1.596030320;1.536947572;1.479534610;1.423779639;1.369669890;1.317191711;1.266330674;1.217071703;1.169399207;1.123297234;1.078749612;1.035740103;0.994252551;0.954271021;0.915779932;0.878764187;0.843209278;0.809101395;0.776427506;0.745175439;0.715333931;0.686892681;0.659842824;0.634176105;0.609882486;0.586953840;0.565383932;0.545167671;0.526301061;0.508782917;0.492613048;0.477790716;0.464315492;0.452192934;0.441426376;0.432013830;0.423961526;0.417274952;0.411954428;0.407999554;0.405416320;0.404203863;0.404358386;0.405880929;0.408766831;0.413012383;0.418612260;0.425548208;0.433825069;0.443441766;0.454397000;0.466690117;0.480321207;0.495291204;0.511601971;0.529256383;0.548258402;0.568613143;0.590326929;0.613407339;0.637863249;0.663704855;0.690943691;0.719619621;0.749777056;0.781381896;0.814443018;0.848972208;0.884974978;0.922461568;0.961444157;1.001937637;1.043960345;1.087534717;1.132687817;1.179450987;1.227861029;1.277959473;1.329791158;1.383402481;1.438838797;1.496140760;1.555339681;1.616461912;1.679535249;1.744582964;1.811622101;1.880661955;1.951702375;2.024731875;2.099725556;2.176642809;2.255424802;2.335991724;;;;;;;;;;;;;;;;;;;
2.400;;;;;;;;;;;;;;;;;;;;;;;;;1.880922022;1.813357750;1.747497748;1.683338746;1.620876109;1.560103763;1.501014169;1.443598353;1.387845961;1.333745358;1.281283742;1.230447286;1.181221288;1.133590339;1.087538484;1.043049402;1.000106567;0.958693422;0.918793529;0.880390726;0.843469264;0.808013931;0.774010169;0.741444174;0.710302977;0.680574569;0.652249469;0.625315914;0.599762682;0.575580275;0.552760759;0.531297967;0.511187301;0.492424116;0.475007073;0.458936032;0.444211820;0.430831968;0.418802210;0.408125792;0.398803484;0.390837917;0.384234576;0.378994500;0.375118142;0.372607761;0.371461032;0.371679287;0.373248254;0.376149628;0.380392701;0.385975033;0.392894420;0.401149004;0.410737371;0.421658658;0.433912646;0.447499861;0.462421655;0.478680291;0.496279018;0.515222136;0.535515062;0.557164378;0.580177882;0.604564620;0.630334919;0.657500406;0.686074014;0.716069981;0.747503831;0.780444618;0.814953319;0.850946387;0.888431302;0.927416831;0.967913884;1.009936384;1.053503627;1.098635514;1.145358836;1.193706632;1.243717203;1.295433503;1.348901949;1.404170497;1.461285804;1.520289263;1.581212052;1.644080001;1.708919451;1.775751676;1.844591262;1.915444551;1.988307915;2.063165850;2.139988865;2.218731170;2.299328143;2.381693560;;;;;;;;;;;;;;;;;;
2.300;;;;;;;;;;;;;;;;;;;;;;;;;1.846381495;1.778845953;1.713004651;1.648857748;1.586403559;1.525638523;1.466557219;1.409152427;1.353415228;1.299335123;1.246900185;1.196097223;1.146911962;1.099329226;1.053333128;1.008907265;0.966034903;0.924699158;0.884883174;0.846570285;0.809744170;0.774388989;0.740489513;0.708031233;0.677001017;0.647387713;0.619177027;0.592356473;0.566915416;0.542844723;0.520136353;0.498783850;0.478782289;0.460127862;0.442817587;0.426851516;0.412230153;0.398953567;0.387024022;0.376445172;0.367219132;0.359348390;0.352836029;0.347682418;0.343892581;0.341459751;0.340349436;0.340580366;0.342150210;0.345056623;0.349297336;0.354870252;0.361773544;0.370005753;0.379565887;0.390453515;0.402668855;0.416212863;0.431087309;0.447294856;0.464839122;0.483724748;0.503957448;0.525544059;0.548492585;0.572812235;0.598513448;0.625607919;0.654108612;0.684029764;0.715386881;0.748196713;0.782477219;0.818275574;0.855755275;0.894744601;0.935251000;0.977289004;1.020864605;1.065995399;1.112704125;1.161019131;1.210974543;1.262610036;1.315970115;1.371102768;1.428057295;1.486881280;1.547616538;1.610292837;1.674935378;1.741568777;1.810211909;1.880876471;1.953565405;2.028271145;2.104973689;2.183638471;2.264214028;2.346629461;2.430791653;;;;;;;;;;;;;;;;;
2.200;;;;;;;;;;;;;;;;;;;;;;;;1.882368958;1.813203285;1.745715468;1.679911191;1.615793888;1.553364702;1.492622488;1.433563876;1.376183361;1.320473430;1.266424721;1.214026194;1.163265323;1.114128295;1.066600220;1.020665339;0.976307231;0.933509021;0.892253576;0.852523694;0.814302283;0.777572526;0.742318030;0.708522965;0.676173376;0.645255457;0.615753748;0.587654724;0.560946635;0.535618973;0.511662353;0.489068584;0.467830606;0.447942947;0.429401633;0.412203900;0.396348730;0.381836292;0.368667480;0.356844752;0.346370033;0.337244842;0.329475484;0.323060852;0.317981284;0.314225714;0.311807524;0.310724758;0.310975339;0.312557144;0.315468080;0.319706175;0.325269669;0.332157106;0.340367423;0.349900045;0.360754969;0.372932848;0.386435067;0.401263817;0.417422156;0.434914079;0.453744562;0.473919618;0.495446340;0.518332939;0.542588777;0.568224398;0.595251552;0.623683214;0.653533594;0.684818140;0.717553531;0.751757658;0.787449580;0.824649465;0.863449748;0.903973135;0.946026192;0.989617781;1.034760855;1.081473294;1.129778565;1.179706124;1.231291506;1.284575983;1.339605555;1.396429651;1.455099292;1.515662757;1.578160594;1.642620490;1.709066737;1.777521677;1.848001343;1.920514081;1.995058956;2.071623972;2.150184131;2.230699286;2.313111802;2.397344009;;;;;;;;;;;;;;;;;
2.100;;;;;;;;;;;;;;;;;;;;;;;1.921207029;1.850469979;1.781384125;1.713961356;1.648210924;1.584139370;1.521750529;1.461045571;1.402023096;1.344679256;1.289007918;1.235000840;1.182647874;1.131937174;1.082855426;1.035388066;0.989519510;0.945233381;0.902512729;0.861340237;0.821698430;0.783569861;0.746937289;0.711783841;0.678094571;0.645853119;0.615043043;0.585650435;0.557662911;0.531068755;0.505857124;0.482018020;0.459542545;0.438423426;0.418654248;0.400230406;0.383148947;0.367409554;0.353010922;0.339953380;0.328241286;0.317875693;0.308856111;0.301153500;0.294775796;0.289730941;0.286017374;0.283633360;0.282577038;0.282846480;0.284439759;0.287355027;0.291590603;0.297145056;0.304017291;0.312206638;0.321712933;0.332536598;0.344678717;0.358141103;0.372926365;0.389037963;0.406480262;0.425258583;0.445379241;0.466849583;0.489678029;0.513874098;0.539448435;0.566412842;0.594780293;0.624564954;0.655782193;0.688448585;0.722581903;0.758201101;0.795326270;0.833978579;0.874180178;0.916166931;0.959776718;1.004938682;1.051666142;1.099977798;1.149898321;1.201459696;1.254697329;1.309654011;1.366378356;1.424921937;1.485336511;1.547670039;1.611961165;1.678234678;1.746513147;1.816816059;1.889156126;1.963537857;2.039955929;2.118393407;2.198819777;2.281188799;2.365436161;2.451476933;;;;;;;;;;;;;;;;
2.000;;;;;;;;;;;;;;;;;;;;;;;1.890537005;1.819914054;1.750923586;1.683581310;1.617899830;1.553888620;1.491554060;1.430899519;1.371925476;1.314629680;1.259007330;1.205051283;1.152752275;1.102099156;1.053079126;1.005677984;0.959880370;0.915669998;0.873029901;0.831942642;0.792390539;0.754355859;0.717821006;0.682769575;0.649183099;0.617044690;0.586340236;0.557056891;0.529182319;0.502704580;0.477612128;0.453894057;0.431540475;0.410543215;0.390896039;0.372593090;0.355630654;0.340008624;0.325726791;0.312783496;0.301181591;0.290878396;0.281901278;0.274252201;0.267929903;0.262932961;0.259259797;0.256908714;0.255877938;0.256165676;0.257770190;0.260689870;0.264923313;0.270469409;0.277327417;0.285497050;0.294978549;0.305772756;0.317881181;0.331306064;0.346050429;0.362118137;0.379513931;0.398243472;0.418313382;0.439731272;0.462505771;0.486646559;0.512164387;0.539071107;0.567379692;0.597104255;0.628260071;0.660863590;0.694932439;0.730485422;0.767542498;0.806124742;0.846254282;0.887954192;0.931364098;0.976545561;1.023292843;1.071622217;1.121553179;1.173107973;1.226320115;1.281229568;1.337882075;1.396327870;1.456619616;1.518809300;1.582943807;1.649058741;1.717175070;1.787312728;1.859487861;1.933709359;2.009977368;2.088281656;2.168599815;2.250895293;2.335115239;2.421188168;;;;;;;;;;;;;;;;
1.900;;;;;;;;;;;;;;;;;;;;;;1.933288382;1.861201239;1.790705419;1.721823684;1.654575304;1.588976014;1.525038030;1.462770124;1.402177735;1.343263125;1.286025561;1.230461522;1.176564933;1.124327399;1.073738462;1.024785858;0.977455774;0.931733104;0.887601707;0.845044646;0.804044424;0.764583212;0.726643054;0.690205872;0.655251307;0.621762142;0.589724401;0.559125411;0.529952667;0.502193429;0.475834780;0.450864300;0.427270019;0.405040944;0.384167513;0.364643291;0.346462709;0.329620668;0.314114338;0.299947905;0.287067275;0.275511376;0.265279038;0.256369078;0.248780233;0.242511130;0.237560276;0.233926072;0.231606845;0.230600898;0.230906568;0.232522294;0.235446689;0.239678621;0.245217287;0.252062292;0.260213721;0.269672214;0.280439022;0.292516079;0.305906043;0.320612354;0.336639272;0.353991915;0.372676292;0.392699333;0.414068915;0.436793886;0.460884091;0.486350393;0.513204700;0.541459983;0.571130307;0.602230847;0.634777916;0.668788979;0.704282660;0.741278746;0.779798167;0.819862953;0.861496170;0.904721801;0.949605120;0.996379828;1.044730946;1.094674682;1.146233495;1.199436443;1.254319245;1.310923946;1.369298107;1.429493334;1.491562956;1.555558560;1.621525024;1.689493535;1.759479980;1.831501205;1.905569529;1.981689484;2.059856318;2.140054347;2.222255156;2.306415626;2.392475791;2.480356514;;;;;;;;;;;;;;;
1.800;;;;;;;;;;;;;;;;;;;;;;1.905136565;1.833208680;1.762850499;1.694088509;1.626945271;1.561439420;1.497585716;1.435395157;1.374875117;1.316029529;1.258859094;1.203361512;1.149531728;1.097362196;1.046843143;0.997962843;0.950707892;0.905063471;0.861013617;0.818541472;0.777629531;0.738259874;0.700413041;0.664066501;0.629202744;0.595808259;0.563870819;0.533378259;0.504317926;0.476676197;0.450438942;0.425592057;0.402122903;0.380019181;0.359270306;0.339867562;0.321807717;0.305084719;0.289645873;0.275527782;0.262729916;0.251250809;0.241089086;0.232243381;0.224712277;0.218494284;0.213587832;0.209991290;0.207703004;0.206721342;0.207044758;0.208671854;0.211601459;0.215832694;0.221365056;0.228198479;0.236333414;0.245770882;0.256512541;0.268560733;0.281918536;0.296589795;0.312579169;0.329892148;0.348535090;0.368515237;0.389840735;0.412520658;0.436565022;0.461984811;0.488791992;0.516999547;0.546621491;0.577672905;0.610169962;0.644129954;0.679571312;0.716513623;0.754977633;0.794985227;0.836559384;0.879724107;0.924504288;0.970946716;1.019312231;1.069270104;1.120838828;1.174043226;1.228914691;1.285491133;1.343816539;1.403940020;1.465914154;1.529792055;1.595624575;1.663453891;1.733304070;1.805184910;1.879110372;1.955088403;2.033118628;2.113190843;2.195283369;2.279361248;2.365374283;2.453254912;;;;;;;;;;;;;;;
1.700;;;;;;;;;;;;;;;;;;;;;1.951608465;1.878331864;1.806570153;1.736357528;1.667723886;1.600694802;1.535291570;1.471531292;1.409427015;1.348987900;1.290219435;1.233123660;1.177699421;1.123942638;1.071846574;1.021402129;0.972598113;0.925421541;0.879857904;0.835891450;0.793505439;0.752682404;0.713402455;0.675640272;0.639377511;0.604601215;0.571300395;0.539463939;0.509079491;0.480133116;0.452610312;0.426495452;0.401772902;0.378427762;0.356448092;0.335821735;0.316539211;0.298559453;0.281889517;0.266538645;0.252504574;0.239785403;0.228379447;0.218285127;0.209500889;0.202025157;0.195856318;0.190992717;0.187432683;0.185174569;0.184216799;0.184557930;0.186196718;0.189132188;0.193363706;0.198891049;0.205714473;0.213834774;0.223253349;0.233972245;0.245994208;0.259322718;0.273962027;0.289917180;0.307194042;0.325799316;0.345740556;0.367026183;0.389665499;0.413668701;0.439046896;0.465812126;0.493977387;0.523556656;0.554564924;0.587018229;0.620933686;0.656329530;0.693225132;0.731641030;0.771598922;0.813121657;0.856233180;0.900958444;0.947323263;0.995380363;1.045349089;1.096928630;1.150140002;1.205010457;1.261573633;1.319869418;1.379942667;1.441843914;1.505626966;1.571345263;1.639047284;1.708769821;1.780525609;1.854321006;1.930166492;2.008065082;2.088010932;2.169987835;2.253967574;2.339908131;2.427751748;2.517422820;;;;;;;;;;;;;;
1.600;;;;;;;;;;;;;;;;;;;;;1.925972787;1.852889389;1.781297961;1.711236185;1.642737048;1.575828857;1.510535318;1.446875659;1.384864792;1.324513513;1.265828735;1.208813734;1.153468422;1.099789631;1.047771397;0.997405261;0.948680566;0.901584745;0.856103617;0.812221663;0.769922299;0.729186533;0.689986141;0.652300734;0.616117657;0.581427295;0.548220198;0.516485472;0.486210112;0.457379035;0.429975398;0.403982345;0.379382644;0.356159908;0.334299382;0.313777780;0.294557692;0.276658934;0.260077768;0.244811200;0.230856757;0.218212323;0.206875994;0.196845981;0.188120539;0.180697933;0.174576415;0.169754241;0.166229692;0.164001116;0.163066980;0.163425934;0.165076870;0.168019001;0.172251917;0.177775664;0.184590800;0.192698453;0.202100381;0.212799006;0.224797463;0.238099629;0.252710145;0.268634441;0.285878748;0.304450111;0.324356395;0.345606297;0.368209351;0.392175938;0.417517302;0.444245564;0.472373743;0.501915791;0.532886617;0.565302130;0.599179279;0.634536095;0.671391734;0.709766509;0.749681911;0.791160618;0.834226469;0.878904406;0.925220359;0.973201080;1.022920321;1.074507446;1.127726917;1.182602862;1.239163630;1.297443585;1.357485005;1.419335508;1.483046768;1.548672304;1.616263962;1.685866555;1.757508682;1.831188648;1.906913473;1.984688683;2.064511792;2.146370929;2.230243336;2.316093740;2.403872580;2.493514093;;;;;;;;;;;;;;
1.500;;;;;;;;;;;;;;;;;;;;;1.901715949;1.828825345;1.757405516;1.687497267;1.619136348;1.552353511;1.487174621;1.423620808;1.361708659;1.301450442;1.242854358;1.185924809;1.130662683;1.077065652;1.025128478;0.974843311;0.926200005;0.879186413;0.833788685;0.789991557;0.747778010;0.707118443;0.667988335;0.630374726;0.594269282;0.559664382;0.526551409;0.494919033;0.464753043;0.436036690;0.408751440;0.382877951;0.358397592;0.335292600;0.313520114;0.293068797;0.273939921;0.256128661;0.239631135;0.224444169;0.210565087;0.197991551;0.186721439;0.176752751;0.168083552;0.160711936;0.154636023;0.149853969;0.146363996;0.144164439;0.143253798;0.143630800;0.145294462;0.148244164;0.152479709;0.158001393;0.164810058;0.172907151;0.182294769;0.192975697;0.204953444;0.218232265;0.232817184;0.248714002;0.265929308;0.284470483;0.304345701;0.325563933;0.348134946;0.372069312;0.397378414;0.424074461;0.452170510;0.481680493;0.512619251;0.545002576;0.578847256;0.614171130;0.650993135;0.689333357;0.729213068;0.770654751;0.813682102;0.858319998;0.904594416;0.952532302;1.002161354;1.053581694;1.106808714;1.161690230;1.218252472;1.276527425;1.336552887;1.398372228;1.462033679;1.527588883;1.595090363;1.664587394;1.736119656;1.809699427;1.885317349;1.962979990;2.042687331;2.124430820;2.208192011;2.293941078;2.381635206;2.471216854;;;;;;;;;;;;;;
1.400;;;;;;;;;;;;;;;;;;;;1.952961417;1.878857791;1.806156660;1.734907003;1.665152381;1.596930981;1.530275708;1.465214323;1.401769634;1.339959702;1.279798099;1.221294168;1.164453316;1.109277310;1.055764588;1.003910574;0.953707991;0.905147177;0.858216392;0.812902121;0.769189366;0.727051733;0.686457217;0.647391285;0.609846441;0.573817467;0.539298251;0.506279868;0.474749836;0.444692541;0.416089285;0.388919474;0.363161769;0.338795338;0.315774780;0.294086726;0.273723987;0.254680484;0.236951304;0.220532425;0.205420491;0.191612620;0.179106260;0.167899069;0.157988835;0.149373428;0.142050772;0.136018847;0.131275702;0.127819497;0.125648540;0.124761352;0.125156724;0.126833785;0.129792066;0.134031566;0.139552812;0.146356913;0.154445616;0.163821338;0.174487208;0.186447093;0.199705612;0.214268153;0.230140877;0.247330721;0.265845392;0.285693369;0.306883890;0.329426958;0.353333335;0.378614548;0.405282905;0.433351506;0.462834276;0.493746000;0.526102364;0.559920011;0.595216594;0.632010841;0.670322612;0.710172955;0.751584148;0.794579720;0.839184444;0.885424293;0.933326329;0.982918535;1.034229551;1.087378475;1.142262561;1.198829888;1.257108345;1.317131134;1.378936869;1.442569358;1.508076829;1.575510277;1.644920462;1.716352961;1.789839049;1.865365168;1.942927994;2.022529182;2.104162597;2.187813075;2.273455078;2.361051231;2.450550753;2.541887754;;;;;;;;;;;;;
1.300;;;;;;;;;;;;;;;;;;;;1.931318778;1.857418448;1.784900645;1.713817066;1.644213666;1.576130736;1.509603035;1.444659963;1.381325765;1.319619779;1.259556698;1.201146858;1.144396543;1.089308293;1.035881227;0.984111367;0.933991957;0.885513789;0.838665509;0.793433933;0.749799652;0.707723814;0.667186961;0.628181364;0.590703687;0.554750801;0.520317101;0.487393079;0.455964909;0.426014670;0.397521562;0.370462933;0.344816014;0.320543910;0.297611068;0.276008266;0.255728011;0.236764202;0.219111833;0.202766742;0.187725394;0.173984707;0.161541910;0.150394443;0.140539886;0.131975911;0.124700271;0.118710799;0.114005437;0.110582267;0.108439568;0.107575868;0.107990012;0.109681222;0.112649167;0.116894022;0.122416528;0.129218044;0.137300592;0.146666894;0.157320402;0.169265320;0.182506612;0.197050017;0.212902038;0.230069945;0.248561763;0.268386263;0.289552949;0.312072053;0.335954527;0.361212049;0.387857026;0.415902612;0.445362736;0.476252138;0.508586413;0.542382070;0.577656592;0.614428508;0.652717462;0.692544279;0.733931028;0.776901057;0.821479016;0.867690828;0.915563619;0.965125579;1.016405736;1.069433628;1.124311095;1.180884868;1.239173004;1.299204168;1.361011942;1.424635022;1.490117031;1.557505654;1.626850661;1.698200230;1.771594753;1.847043644;1.924520829;2.004027519;2.085559196;2.169103065;2.254636837;2.342127410;2.431529448;2.522783845;;;;;;;;;;;;;
1.200;;;;;;;;;;;;;;;;;;;1.986140020;1.911126491;1.837418012;1.765074690;1.694150538;1.624693540;1.556745763;1.490343524;1.425517588;1.362293405;1.300691377;1.240727136;1.182411855;1.125752557;1.070752445;1.017411224;0.965725441;0.915688807;0.867292523;0.820525601;0.775374688;0.731803190;0.689780239;0.649296072;0.610348564;0.572937303;0.537060362;0.502711978;0.469881503;0.438553321;0.408707460;0.380320694;0.353370962;0.327835026;0.303646843;0.280795352;0.259271481;0.239067790;0.220178151;0.202597468;0.186321440;0.171346354;0.157668927;0.145286178;0.134195329;0.124393751;0.115878921;0.108648418;0.102699928;0.098031278;0.094640471;0.092525743;0.091685623;0.092118994;0.093825159;0.096803908;0.101055575;0.106581096;0.113382059;0.121460742;0.130820150;0.141464037;0.153396923;0.166624098;0.181151628;0.196986346;0.214135837;0.232608429;0.252413175;0.273559835;0.296058866;0.319921409;0.345159288;0.371785016;0.399811809;0.429253607;0.460125119;0.492441861;0.526220224;0.561477535;0.598232139;0.636503474;0.676312155;0.717680041;0.760630301;0.805187440;0.851377311;0.899227060;0.948765023;1.000020536;1.053023643;1.107825208;1.164405140;1.222707301;1.282756027;1.344579775;1.408211675;1.473689427;1.541054990;1.610357195;1.681644595;1.754962144;1.830339645;1.907746352;1.987171730;2.068612176;2.152056457;2.237484617;2.324866782;2.414161883;2.505316284;;;;;;;;;;;;;
1.100;;;;;;;;;;;;;;;;;;;1.967225935;1.892406998;1.818876238;1.746695987;1.675922182;1.606604473;1.538786373;1.472505457;1.407793588;1.344677180;1.283177484;1.223310885;1.165089225;1.108520129;1.053607338;1.000351050;0.948748252;0.898793057;0.850477033;0.803789520;0.758708259;0.715187463;0.673211454;0.632777196;0.593886466;0.556541059;0.520739765;0.486476133;0.453737855;0.422507263;0.392762048;0.364476560;0.337660751;0.312204229;0.288093042;0.265316377;0.243865303;0.223732427;0.204911590;0.187397607;0.171186038;0.156272997;0.142655004;0.130328868;0.119291601;0.109540365;0.101072446;0.093885249;0.087976311;0.083343341;0.079984257;0.077897248;0.077080831;0.077533917;0.079255877;0.082246605;0.086506578;0.092036908;0.098839389;0.106916538;0.116271618;0.126908662;0.138832485;0.152048682;0.166563626;0.182384454;0.199519055;0.217976040;0.237764732;0.258895135;0.281377922;0.305224419;0.330446595;0.357057072;0.385069127;0.414496726;0.445354553;0.477658061;0.511423536;0.546668167;0.583410131;0.621668676;0.661464218;0.702818418;0.745754263;0.790296116;0.836469739;0.884302272;0.933822153;0.985058957;1.038043149;1.092805701;1.149377483;1.207696665;1.267769482;1.329619520;1.393274541;1.458767075;1.526134884;1.595420684;1.666670613;1.739930749;1.815240732;1.892592593;1.971950952;2.053312346;2.136666401;2.221994680;2.309269615;2.398453364;2.489496581;2.582337107;;;;;;;;;;;;
1.000;;;;;;;;;;;;;;;;;;;1.949826189;1.875181956;1.801812278;1.729781293;1.659146475;1.589958782;1.522262847;1.456097204;1.391494547;1.328482009;1.267081472;1.207309883;1.149179583;1.092698651;1.037871244;0.984697942;0.933176088;0.883300126;0.835061933;0.788450295;0.743421859;0.699944254;0.658011298;0.617625307;0.578791105;0.541511740;0.505785707;0.471605495;0.438957240;0.407821280;0.378172563;0.350038465;0.323298231;0.297914022;0.273873127;0.251164968;0.229780741;0.209713095;0.190955841;0.173503701;0.157352100;0.142496983;0.128934678;0.116661789;0.105675121;0.095971636;0.087548427;0.080402729;0.074531933;0.069933626;0.066605639;0.064546106;0.063753524;0.064226824;0.065965430;0.068969327;0.073239116;0.078776068;0.085582163;0.093660132;0.103013477;0.113646487;0.125564246;0.138772631;0.153278301;0.169088678;0.186211928;0.204656934;0.224433268;0.245551167;0.268021510;0.291855797;0.317066144;0.343665275;0.371666539;0.401083927;0.431932110;0.464226492;0.497983268;0.533219507;0.569953232;0.608203523;0.647990609;0.689335969;0.732262419;0.776794177;0.822956912;0.870777739;0.920285165;0.971508957;1.024479924;1.079229579;1.135788051;1.194124055;1.254226611;1.316114520;1.379809622;1.445337943;1.512730684;1.582024676;1.653261829;1.726486861;1.801742426;1.879048108;1.958354489;2.039650264;2.122925299;2.208161971;2.295334207;2.384406468;2.475332655;2.568054952;;;;;;;;;;;;
0.900;;;;;;;;;;;;;;;;;;;1.933963802;1.859472000;1.786244462;1.714346724;1.643837416;1.574768458;1.507185278;1.441127077;1.376627106;1.313712977;1.252406983;1.192726435;1.134684002;1.078288065;1.023543064;0.970449849;0.919006025;0.869206290;0.821042771;0.774494625;0.729508420;0.686068966;0.644176784;0.603838343;0.565060610;0.527847219;0.492196093;0.458098309;0.425537988;0.394492973;0.364989941;0.336948319;0.310275508;0.284956747;0.260979660;0.238333884;0.217010736;0.197002898;0.178304146;0.160909114;0.144813092;0.130011862;0.116501565;0.104278607;0.093339595;0.083681292;0.075300608;0.068194611;0.062360545;0.057795878;0.054498351;0.052466038;0.051697414;0.052191414;0.053947508;0.056965757;0.061246870;0.066792257;0.073604067;0.081685222;0.091039438;0.101671239;0.113585956;0.126789721;0.141289455;0.157092843;0.174208308;0.192644982;0.212412670;0.233521826;0.255983523;0.279809427;0.305011790;0.331603442;0.359597799;0.389008885;0.419851368;0.452140611;0.485892735;0.521124702;0.557854406;0.596100771;0.635883863;0.677224994;0.720146819;0.764673425;0.810830387;0.858644785;0.908145174;0.959361477;1.012324795;1.067067097;1.123620778;1.181978406;1.242116875;1.304052987;1.367802725;1.433385377;1.500825015;1.570151620;1.641401409;1.714615686;1.789837353;1.867102232;1.946372139;2.027616629;2.110825283;2.195980674;2.283057522;2.372021784;2.462829691;2.555426733;;;;;;;;;;;;
0.800;;;;;;;;;;;;;;;;;;1.995207633;1.919660330;1.845296539;1.772190106;1.700407573;1.630008364;1.561045014;1.493563434;1.427603197;1.363197847;1.300375230;1.239157831;1.179563125;1.121603935;1.065288786;1.010622264;0.957605373;0.906235878;0.856508649;0.808415897;0.761915111;0.716964721;0.673560222;0.631707498;0.591416464;0.552695350;0.515547812;0.479970859;0.445953966;0.413479193;0.382540962;0.353178035;0.325198851;0.298586453;0.273326515;0.249406969;0.226817653;0.205549991;0.185596692;0.166951496;0.149608948;0.133564209;0.118812902;0.105350988;0.093174686;0.082280408;0.072664730;0.064324386;0.057256278;0.051457511;0.046925436;0.043657702;0.041652324;0.040907743;0.041422900;0.043197293;0.046231049;0.050524970;0.056080587;0.062900200;0.070986900;0.080344597;0.090978023;0.102892731;0.116095086;0.130592247;0.146392135;0.163503410;0.181935429;0.201698214;0.222802418;0.245259290;0.269080655;0.294278893;0.320866932;0.348858258;0.378266930;0.409107620;0.441395659;0.475147110;0.510378844;0.547108641;0.585355294;0.625138724;0.666480094;0.709401920;0.753928168;0.800084325;0.847897437;0.897396094;0.948610351;1.001571555;1.056312070;1.112864864;1.171248318;1.231428458;1.293422395;1.357240379;1.422894865;1.490402419;1.559785454;1.631073349;1.704302325;1.779513227;1.856746096;1.935994420;2.017202576;2.100358570;2.185444652;2.272435724;2.361298539;2.451990861;2.544460577;;;;;;;;;;;;
0.700;;;;;;;;;;;;;;;;;;1.982376950;1.906935689;1.832673588;1.759665361;1.687978180;1.617671906;1.548799364;1.481406638;1.415533389;1.351213191;1.288473880;1.227337914;1.167822734;1.109941136;1.053701631;0.999108810;0.946163708;0.894864143;0.845205070;0.797173178;0.750708892;0.705790220;0.662419280;0.620606132;0.580362666;0.541698067;0.504615761;0.469111726;0.435174052;0.402782391;0.372014632;0.342709159;0.314785262;0.288226521;0.263019015;0.239150959;0.216612375;0.195394777;0.175490899;0.156894441;0.139599861;0.123602195;0.108896911;0.095479804;0.083346910;0.072494458;0.062918847;0.054616639;0.047584585;0.041819652;0.037319078;0.034080424;0.032101642;0.031381141;0.031917856;0.033711309;0.036761680;0.041069851;0.046637459;0.053466931;0.061561514;0.070925284;0.081563161;0.093480896;0.106685062;0.121183028;0.136982932;0.154093642;0.172524722;0.192286388;0.213389473;0.235845390;0.259666106;0.284864119;0.311452454;0.339444660;0.368854835;0.399697659;0.431988443;0.465743201;0.500978731;0.537712720;0.575963847;0.615751910;0.657097947;0.700024352;0.744554988;0.790715267;0.838532206;0.888034427;0.939252097;0.992216780;1.046961185;1.103518779;1.161923244;1.222152149;1.284212962;1.348111906;1.413854622;1.481449962;1.550912270;1.622263223;1.695532641;1.770757434;1.847977604;1.927212735;2.008399889;2.091517745;2.176547786;2.263464582;2.352235086;2.442817906;2.535162538;2.629208573;;;;;;;;;;;
0.600;;;;;;;;;;;;;;;;;;1.971175004;1.895808022;1.821619649;1.748685097;1.677071812;1.606839757;1.538041728;1.470723685;1.404925099;1.340679315;1.278013925;1.216951138;1.157508166;1.099697592;1.043527753;0.989003103;0.936124577;0.884889941;0.835294133;0.787309304;0.740875731;0.695986216;0.652648174;0.610874842;0.570679653;0.532072099;0.495055000;0.459623038;0.425762356;0.393488724;0.362834927;0.333579604;0.305704114;0.279192532;0.254031304;0.230208903;0.207715513;0.186542732;0.166683306;0.148130894;0.130879869;0.114925146;0.100262049;0.086886212;0.074793500;0.063979972;0.054441857;0.046175561;0.039177687;0.033445077;0.028974858;0.025764509;0.023811921;0.023115467;0.023674072;0.025487280;0.028555308;0.032879110;0.038460412;0.045301755;0.053406516;0.062778923;0.073424056;0.085347842;0.098557037;0.113059198;0.128862651;0.145976453;0.164410347;0.184174724;0.205280578;0.227739468;0.251563489;0.276765250;0.303357858;0.331354929;0.360770597;0.391619554;0.423917099;0.457679211;0.492922630;0.529664965;0.567924806;0.607721849;0.649077029;0.692012642;0.736552466;0.782721856;0.830547810;0.880058983;0.931285648;0.984259562;1.039013739;1.095582085;1.153998884;1.214281859;1.276418141;1.340409904;1.406256083;1.473957424;1.543519647;1.614956689;1.688291270;1.763555241;1.840786825;1.920019469;2.001201150;2.084295955;2.169284238;2.256139806;2.344829308;2.435311612;2.527537154;2.621447273;;;;;;;;;;;
0.500;;;;;;;;;;;;;;;;;;1.961619403;1.886293601;1.812149622;1.739262825;1.667700597;1.597522687;1.528781561;1.461522768;1.395785323;1.331602093;1.269000189;1.208001360;1.148622384;1.090875459;1.034768581;0.980305917;0.927488176;0.876312953;0.826774879;0.778824089;0.732417415;0.687555750;0.644250638;0.602517643;0.562371160;0.523820630;0.486868104;0.451506994;0.417721845;0.385607738;0.354998998;0.325786813;0.297953123;0.271482454;0.246361585;0.222579219;0.200125683;0.178992642;0.159172849;0.140659919;0.123448141;0.107532315;0.092907629;0.079569565;0.067513831;0.056736327;0.047233125;0.039000485;0.032034876;0.026333021;0.021891949;0.018709058;0.016782183;0.016109661;0.016690409;0.018523980;0.021610629;0.025951365;0.031547994;0.038403153;0.046520333;0.055903889;0.066559047;0.078491883;0.091709311;0.106219054;0.122029600;0.139150170;0.157590667;0.177361632;0.198474200;0.220940060;0.244771421;0.269980986;0.296581944;0.324587965;0.354013223;0.384872424;0.417180865;0.450954496;0.486210017;0.522964978;0.561237898;0.601048398;0.642417330;0.685366917;0.729920877;0.776104525;0.823944854;0.873470563;0.924712025;0.977701178;1.032471310;1.089056719;1.147492215;1.207815202;1.270034639;1.334129235;1.400091435;1.467914725;1.537596836;1.609142830;1.682567508;1.757896337;1.835163860;1.914408042;1.995599829;2.078687049;2.163648638;2.250457286;2.339078927;2.429472200;2.521587920;2.615368520;;;;;;;;;;;
0.400;;;;;;;;;;;;;;;;;2.030149285;1.953725532;1.878406782;1.804276759;1.731410651;1.659875480;1.589730485;1.521027517;1.453811447;1.388120576;1.323987051;1.261437278;1.200492333;1.141168370;1.083477016;1.027425762;0.973018346;0.920255110;0.869133363;0.819643118;0.771719051;0.725336903;0.680502688;0.637231054;0.595539084;0.555441578;0.516947780;0.480058897;0.444767134;0.411062035;0.379075784;0.348504926;0.319329150;0.291530926;0.265095183;0.240008993;0.216261261;0.193842435;0.172744233;0.152959408;0.134481528;0.117304797;0.101423908;0.086833922;0.073530180;0.061508244;0.050763867;0.041292981;0.033091713;0.026156409;0.020483686;0.016070483;0.012914126;0.011012398;0.010363606;0.010966653;0.012821103;0.015927241;0.020286125;0.025899626;0.032770464;0.040902229;0.050299387;0.060967282;0.072912124;0.086140961;0.100661655;0.116482836;0.133613865;0.152064779;0.171846250;0.192969535;0.215446433;0.239289250;0.264510777;0.291124268;0.319143449;0.348582526;0.379456228;0.411779849;0.445569328;0.480841336;0.517613382;0.555903935;0.595732562;0.637120062;0.680088607;0.724661878;0.770865175;0.818725504;0.868271616;0.919533992;0.972544741;1.027337404;1.083946629;1.142407693;1.202756073;1.265066882;1.329274785;1.395366053;1.463326746;1.533146295;1.604821117;1.678357698;1.753774393;1.831100881;1.910373953;1.991590332;2.074685668;2.159636216;2.246413280;2.334981742;2.425299624;2.517317651;2.610978814;;;;;;;;;;;
0.300;;;;;;;;;;;;;;;;;2.023968781;1.947506536;1.872159987;1.798012652;1.725139267;1.653606212;1.583471942;1.514787434;1.447596625;1.381936863;1.317839345;1.255329552;1.194427686;1.135149080;1.077504618;1.021501123;0.967141749;0.914426342;0.863351801;0.813898364;0.765997038;0.719637936;0.674830998;0.631593116;0.589942453;0.549894008;0.511456444;0.474630095;0.439406067;0.405844968;0.373891354;0.343351498;0.314205691;0.286436871;0.260030323;0.234973373;0.211255097;0.188866041;0.167797962;0.148043601;0.129596476;0.112450712;0.096600897;0.082041972;0.068769151;0.056777864;0.046063731;0.036622558;0.028450351;0.021543353;0.015898083;0.011511404;0.008380579;0.006503344;0.005877982;0.006503386;0.008379130;0.011505522;0.015883663;0.021515482;0.028403769;0.036552198;0.045965328;0.056648606;0.068608351;0.081851727;0.096386710;0.112222052;0.129367227;0.147832389;0.167628316;0.188766368;0.211258436;0.235116912;0.260354654;0.286984981;0.315021662;0.344478940;0.375371561;0.407714829;0.441524679;0.476817766;0.513611577;0.551924555;0.591776232;0.633187380;0.676180148;0.720778205;0.767006860;0.814893152;0.864465902;0.915755704;0.968794837;1.023617078;1.080257394;1.138751479;1.199135108;1.261520986;1.325851939;1.392083739;1.460195277;1.530167858;1.601989292;1.675657594;1.751183554;1.828591146;1.907914458;1.989168013;2.072287286;2.157242892;2.244004544;2.332535820;2.422793813;2.514728792;2.608283872;;;;;;;;;;;
0.200;;;;;;;;;;;;;;;;;2.019513043;1.942973347;1.867563729;1.793367261;1.720457979;1.648901375;1.578754879;1.510068352;1.442884568;1.377239695;1.313163762;1.250681123;1.189810901;1.130567432;1.072960677;1.016996632;0.962677716;0.910003145;0.858969281;0.809543126;0.761662018;0.715325445;0.670546189;0.627342605;0.585733355;0.545733299;0.507350554;0.470584688;0.435425927;0.401981513;0.370053449;0.339538009;0.310416015;0.282670811;0.256287987;0.231255084;0.207561314;0.185197298;0.164154816;0.144426587;0.126006076;0.108887326;0.093064828;0.078533413;0.065288178;0.053324434;0.042637684;0.033223623;0.025078155;0.018197429;0.012577888;0.008216325;0.005109953;0.003256475;0.002654150;0.003301868;0.005199211;0.008346513;0.012744911;0.018396385;0.025303785;0.033470855;0.042902235;0.053603456;0.065580928;0.078841909;0.093394473;0.109247466;0.126410459;0.144893698;0.164708049;0.185864955;0.208376383;0.232254793;0.257513103;0.284164682;0.312223341;0.341703354;0.372619489;0.404987066;0.438822023;0.474141017;0.510961529;0.549301992;0.589181935;0.630622122;0.673644709;0.718273381;0.764533480;0.812452102;0.862058156;0.913382359;0.966457162;1.021316570;1.077995842;1.136531044;1.196958410;1.259405552;1.323868644;1.390251232;1.458525363;1.528664509;1.600648073;1.674465643;1.750120257;1.827629666;1.907024265;1.988329164;2.071488235;2.156465330;2.243228429;2.331739625;2.421954857;2.513823658;2.607288931;;;;;;;;;;;
0.100;;;;;;;;;;;;;;;;;2.016790734;1.940134737;1.864626675;1.790348973;1.717374763;1.645768439;1.575586193;1.506876560;1.439680941;1.374034116;1.309964747;1.247495864;1.186645330;1.127426299;1.069847645;1.013914377;0.959628034;0.906987062;0.855987163;0.806580670;0.758718159;0.712403997;0.667652839;0.624483820;0.582915670;0.542962891;0.504633030;0.467925010;0.432828421;0.399470703;0.367561399;0.337064080;0.307960024;0.280232921;0.253868613;0.228854810;0.205180832;0.182837346;0.161816136;0.142109891;0.123712013;0.106616470;0.090817656;0.076310303;0.063089399;0.051150153;0.040487965;0.031098436;0.022977383;0.016120880;0.010525304;0.006187399;0.003104338;0.001273799;0.000694029;0.001363918;0.003283062;0.006451819;0.010871361;0.016543711;0.023471774;0.031659353;0.041111154;0.051832779;0.063830712;0.077112288;0.091685657;0.107559743;0.124744191;0.143249319;0.163086064;0.184265931;0.206800950;0.230703632;0.255986947;0.282664302;0.310749547;0.340256984;0.371201407;0.403598153;0.437463179;0.472813154;0.509665571;0.548038878;0.587952619;0.629427582;0.672485954;0.717151464;0.763449515;0.811407284;0.861053787;0.912419881;0.965538193;1.020442949;1.077169681;1.135754787;1.196234904;1.258731980;1.323335699;1.389878147;1.458324925;1.528642062;1.600800898;1.674782832;1.750583203;1.828213296;1.907699178;1.989070985;2.072285700;2.157300963;2.244082939;2.332592126;2.422783156;2.514604633;2.607999002;;;;;;;;;;;
0.000;;;;;;;;;;;;;;;;;2.015808097;1.938997417;1.863355740;1.788964697;1.715896357;1.644213845;1.573971939;1.505217668;1.437990871;1.372324759;1.308246445;1.245777452;1.184934212;1.125728527;1.068168021;1.012256564;0.957994670;0.905379877;0.854406214;0.805014626;0.757169624;0.710877868;0.666155011;0.623020357;0.581492333;0.541584922;0.503305112;0.466651338;0.431641549;0.398311762;0.366414712;0.335929501;0.306837785;0.279123539;0.252772800;0.227773406;0.204114744;0.181787505;0.160783456;0.141095241;0.122716199;0.105640214;0.089861594;0.075374973;0.062175249;0.050257535;0.039617148;0.030249609;0.022150668;0.015316337;0.009742947;0.005427205;0.002366261;0.000557777;0.000000000;0.000691828;0.002632873;0.005823522;0.010264979;0.015959311;0.022909468;0.031119306;0.040593585;0.051337968;0.063358995;0.076664063;0.091261381;0.107159931;0.124369417;0.142900211;0.162763301;0.183970240;0.206533104;0.230464444;0.255777267;0.282485017;0.310601573;0.340141267;0.371118920;0.403549895;0.437450175;0.472836456;0.509726262;0.548138076;0.588091481;0.629607318;0.672707830;0.717416821;0.763759780;0.811763995;0.861458609;0.912874634;0.966044882;1.021003796;1.077787166;1.136431688;1.196974348;1.259513894;1.324266186;1.390976441;1.459604259;1.530108712;1.602453557;1.676612410;1.752573176;1.830340707;1.909936405;1.991391548;2.074677708;2.159748008;2.246566779;2.335092872;2.425279536;2.517074327;2.610419077;2.705249902;;;;;;;;;;
-0.100;;;;;;;;;;;;;;;;;2.016569089;1.939566162;1.863756212;1.789219987;1.716028381;1.644243123;1.573917441;1.505096704;1.437819040;1.372115930;1.308012772;1.245529426;1.184680725;1.125476967;1.067924372;1.012025522;0.957779765;0.905183602;0.854227754;0.804847352;0.757017957;0.710747540;0.666052032;0.622950413;0.581460516;0.541595690;0.503362403;0.466758765;0.431827681;0.398503984;0.366612956;0.336134109;0.307049406;0.279343038;0.253001182;0.228011758;0.204364185;0.182049144;0.161058369;0.141384442;0.123020631;0.105960735;0.090198977;0.075729905;0.062548329;0.050649286;0.040028022;0.030679995;0.022600902;0.015786715;0.010233734;0.005938646;0.002898590;0.001111229;0.000574818;0.001288272;0.003251229;0.006464106;0.010928143;0.016645446;0.023619011;0.031852737;0.041351433;0.052120807;0.064167449;0.077498800;0.092123115;0.108049420;0.125287457;0.143847638;0.163740987;0.184979092;0.207574057;0.231538465;0.256885353;0.283628190;0.311780884;0.341357795;0.372373776;0.404844223;0.438785155;0.474213311;0.511146263;0.549602551;0.589601825;0.631164998;0.674314406;0.719073951;0.765469242;0.813527698;0.863278616;0.914753182;0.967984400;1.023006932;1.079856809;1.138570999;1.199186784;1.261777232;1.326685053;1.393568809;1.462382760;1.533079793;1.605616909;1.679960773;1.756092580;1.834011254;1.913733664;1.995289757;2.078663104;2.163805469;2.250679382;2.339242059;2.429445347;2.521235719;2.614554317;2.709337068;;;;;;;;;;
-0.200;;;;;;;;;;;;;;;;;2.019075522;1.941843962;1.865831909;1.791119195;1.717775485;1.645861035;1.575427422;1.506518248;1.439169806;1.373411711;1.309267514;1.246755264;1.185888056;1.126674534;1.069119375;1.013223733;0.958985654;0.906400473;0.855455087;0.806083601;0.758269011;0.712019600;0.667350822;0.624280821;0.582826528;0.543000545;0.504808861;0.468249438;0.433370822;0.400046658;0.368155674;0.337677707;0.308594948;0.280891737;0.254554335;0.229570696;0.205930230;0.183623582;0.162642424;0.142979265;0.124627289;0.107580211;0.091832166;0.077377619;0.064211309;0.052328203;0.041723491;0.032392585;0.024331147;0.017535125;0.012000803;0.007724866;0.004704459;0.002937258;0.002421541;0.003156248;0.005141052;0.008376404;0.012863586;0.018604743;0.025602913;0.033862038;0.043386966;0.054183446;0.066258104;0.079618416;0.094272670;0.110229919;0.127499935;0.146093153;0.166020619;0.187293942;0.209925247;0.233927139;0.259312672;0.286095341;0.314289079;0.343908277;0.374967820;0.407483147;0.441470327;0.476946155;0.513928272;0.552435296;0.592486967;0.634104302;0.677309753;0.722127356;0.768582863;0.816703856;0.866519809;0.918062096;0.971363929;1.026460187;1.083387133;1.142181977;1.202882253;1.265531147;1.330601653;1.397664769;1.466669968;1.537564602;1.610299636;1.684835508;1.761147370;1.839228725;1.919092144;2.000765319;2.084241542;2.169473147;2.256420943;2.345040579;2.435282552;2.527092277;2.620410212;2.715172068;;;;;;;;;;
-0.300;;;;;;;;;;;;;;;;;2.023327240;1.945832200;1.869585351;1.794665648;1.721141524;1.649071738;1.578506169;1.509486579;1.442047336;1.376216095;1.312014440;1.249458494;1.188559486;1.129324281;1.071755879;1.015853876;0.961614892;0.909032966;0.858091574;0.808726776;0.760925926;0.714696688;0.670053338;0.627012691;0.585590491;0.545798468;0.507642171;0.471119582;0.436269996;0.402939037;0.371042353;0.340560018;0.311474376;0.283769845;0.257432716;0.232450924;0.208813831;0.186512012;0.165537055;0.145881376;0.127538064;0.110500742;0.094763459;0.080320604;0.067166844;0.055297095;0.044706500;0.035390440;0.027344559;0.020564795;0.015047440;0.010789187;0.007787204;0.006039197;0.005543477;0.006299024;0.008305552;0.011563556;0.016074361;0.021840158;0.028864026;0.037149946;0.046702804;0.057528381;0.069633335;0.083025165;0.097712182;0.113703459;0.131008780;0.149638596;0.169603963;0.190916501;0.213588347;0.237632117;0.263060882;0.289888157;0.318127900;0.347794534;0.378902986;0.411468746;0.445507943;0.481037448;0.518074989;0.556639284;0.596750190;0.638428855;0.681697879;0.726581455;0.773105516;0.821297829;0.871188068;0.922807818;0.976190507;1.031371236;1.088386487;1.147273687;1.208070575;1.270814371;1.336031477;1.403278921;1.472479135;1.543574654;1.616511220;1.691243890;1.767742585;1.845996071;1.926013057;2.007818716;2.091413470;2.176751640;2.263792444;2.352490081;2.442793807;2.534648073;2.627992732;2.722763332;;;;;;;;;;
-0.400;;;;;;;;;;;;;;;;;2.029322307;1.951530845;1.875017963;1.799861841;1.726129751;1.653878982;1.583157717;1.514005852;1.446455783;1.380533134;1.316257446;1.253642819;1.192698511;1.133429497;1.075836985;1.019918897;0.965670304;0.913083835;0.862140518;0.812779940;0.764991298;0.718780764;0.674160769;0.631146328;0.589751624;0.549987364;0.511858829;0.475364200;0.440524234;0.407180351;0.375272428;0.344780690;0.315687556;0.287977457;0.261636650;0.236653004;0.213015791;0.190715480;0.169743547;0.150092297;0.131754710;0.114724310;0.098995056;0.084561261;0.071417531;0.059558733;0.048979979;0.039676634;0.031644335;0.024879031;0.019377031;0.015135060;0.012150321;0.010420565;0.009944149;0.010720106;0.012748201;0.016028981;0.020563823;0.026354965;0.033405529;0.041719538;0.051301912;0.062158463;0.074295869;0.087721654;0.102444139;0.118472407;0.135816252;0.154486125;0.174493088;0.195848763;0.218565290;0.242655295;0.268131860;0.295008519;0.323299258;0.353018536;0.384181330;0.416803189;0.450900322;0.486489688;0.523589124;0.562217474;0.602394737;0.644142220;0.687482697;0.732440557;0.779041933;0.827314810;0.877289086;0.928996576;0.982470934;1.037747484;1.094862919;1.153854855;1.214761194;1.277619278;1.342989429;1.410425364;1.479823147;1.551121282;1.624261179;1.699193468;1.775883780;1.854316979;1.934498519;2.016451212;2.100180139;2.185642374;2.272795696;2.361593028;2.451982549;2.543907899;2.637308473;2.732119792;;;;;;;;;;
-0.500;;;;;;;;;;;;;;;;;2.037057202;1.958938661;1.882130283;1.806709657;1.732743029;1.660286313;1.589386048;1.520080291;1.452399459;1.386367120;1.322000718;1.259312265;1.198308971;1.138993828;1.081366156;1.025422094;0.971155060;0.918556161;0.867605128;0.818245675;0.770466862;0.724272573;0.679672790;0.636680295;0.595307598;0.555564317;0.517455162;0.480978560;0.446132642;0.412769868;0.380845336;0.350339341;0.321234296;0.293514581;0.267166358;0.242177377;0.218536777;0.196234886;0.175263038;0.155613405;0.137278843;0.120252764;0.104529034;0.090101889;0.076965877;0.065115826;0.054546824;0.045254231;0.037233692;0.030481182;0.024993042;0.020766044;0.017797442;0.016085045;0.015627273;0.016423222;0.018472719;0.021776374;0.026335621;0.032152752;0.039230937;0.047574239;0.057187616;0.068076905;0.080248809;0.093710863;0.108471401;0.124539507;0.141924976;0.160638258;0.180690410;0.202093054;0.224858329;0.248998866;0.274527759;0.301458563;0.329805294;0.359582455;0.390805081;0.423488796;0.457649899;0.493305462;0.530473450;0.569172856;0.609423849;0.651247924;0.694668062;0.739708870;0.786396717;0.834759832;0.884828360;0.936634361;0.990211731;1.045596015;1.102824107;1.161933786;1.222963070;1.285949359;1.351489303;1.419117166;1.488714009;1.560215144;1.633558614;1.708691669;1.785576699;1.864195626;1.944551387;2.026664813;2.110543624;2.196147631;2.283433396;2.372352778;2.462853094;2.554877393;2.648364818;2.743251069;;;;;;;;;;
-0.600;;;;;;;;;;;;;;;;;2.046527025;1.968053417;1.890922182;1.815210587;1.740984058;1.668297297;1.597195316;1.527714407;1.459883054;1.393722776;1.329248915;1.266471358;1.205395212;1.146021422;1.088347337;1.032367229;0.978072763;0.925453430;0.874488636;0.825126555;0.777354632;0.731173686;0.686590603;0.643615428;0.602258547;0.562528222;0.524428632;0.487958490;0.453094514;0.419707001;0.387760621;0.357235653;0.328114434;0.300381221;0.274022025;0.249024425;0.225377379;0.203071037;0.182096562;0.162445966;0.144111963;0.127087842;0.111367368;0.096944697;0.083814319;0.071971026;0.061409893;0.052126282;0.044115861;0.037374639;0.031899009;0.027685798;0.024732331;0.023036486;0.022596760;0.023412324;0.025483080;0.028809708;0.033393709;0.039237435;0.046344110;0.054717842;0.064363625;0.075287325;0.087495666;0.100996196;0.115797253;0.131907926;0.149338003;0.168097930;0.188198759;0.209652103;0.232470105;0.256665398;0.282251091;0.309240762;0.337648465;0.367488755;0.398776737;0.431528124;0.465759323;0.501487536;0.538730883;0.577508531;0.617840845;0.659749539;0.703257827;0.748390569;0.795174397;0.843637809;0.893811221;0.945726957;0.999419160;1.054923602;1.112277359;1.171518347;1.232684657;1.295813673;1.361547573;1.429367361;1.499162432;1.570865825;1.644411843;1.719745475;1.796827009;1.875636476;1.956175148;2.038462346;2.122506869;2.208270613;2.295709196;2.384773667;2.475410749;2.567563170;2.661170093;2.756167670;;;;;;;;;;
-0.700;;;;;;;;;;;;;;;;;2.057725690;1.978872095;1.901393085;1.825365954;1.750855605;1.677915756;1.606590073;1.536913221;1.468911843;1.402605473;1.338007372;1.275125306;1.213962258;1.154517084;1.096785105;1.040758656;0.986427570;0.933779630;0.882794669;0.833425526;0.785656775;0.739485439;0.694914690;0.651951337;0.610603271;0.570877148;0.532776480;0.496300240;0.461409495;0.427991465;0.396018076;0.365469514;0.336327967;0.308577503;0.282203922;0.257194577;0.233538204;0.211224734;0.190245127;0.170591207;0.152255525;0.135231234;0.119511984;0.105091847;0.091965254;0.080126963;0.069572039;0.060295854;0.052294109;0.045562858;0.040098555;0.035898101;0.032958899;0.031278914;0.030856729;0.031691603;0.033783524;0.037133254;0.041742369;0.047613287;0.054749292;0.063154544;0.072834074;0.083793782;0.096040411;0.109581524;0.124425465;0.140581322;0.158058879;0.176868576;0.197021456;0.218529132;0.241403743;0.265657932;0.291304825;0.318358032;0.346831651;0.376740302;0.408099173;0.440924081;0.475231563;0.511038972;0.548364605;0.587227831;0.627649239;0.669650791;0.713255965;0.758489904;0.805379530;0.853953636;0.904242932;0.956280019;1.010099299;1.065736763;1.123229660;1.182616009;1.243933923;1.307220701;1.373187475;1.441202391;1.511193398;1.583092670;1.656835117;1.732364958;1.809641717;1.888644600;1.969373883;2.051847534;2.136073751;2.222015521;2.309627797;2.398861126;2.489661945;2.581972979;2.675733749;2.770881191;;;;;;;;;;
-0.800;;;;;;;;;;;;;;;;;2.070646098;1.991391090;1.913542181;1.837177145;1.762360736;1.689146000;1.617575511;1.547682502;1.479491930;1.413021450;1.348282316;1.285280213;1.224016012;1.164486466;1.106684840;1.050601478;0.996224322;0.943539371;0.892527113;0.843145448;0.795375208;0.749208934;0.704645476;0.661687897;0.620341181;0.580610091;0.542497235;0.506001721;0.471077782;0.437623475;0.405617942;0.375041203;0.345875229;0.318103836;0.291712553;0.266688460;0.243020019;0.220696905;0.199709837;0.180050426;0.161711038;0.144684667;0.128964840;0.114545533;0.101421114;0.089586306;0.079036164;0.069766078;0.061771785;0.055049395;0.049595434;0.045406884;0.042481241;0.040816566;0.040411541;0.041265525;0.043378601;0.046751622;0.051386248;0.057284975;0.064451151;0.072888991;0.082603574;0.093600832;0.105887534;0.119471258;0.134360356;0.150563917;0.168091724;0.186954208;0.207162412;0.228727945;0.251662951;0.275980087;0.301692504;0.328813850;0.357358281;0.387340495;0.418775777;0.451680070;0.486070057;0.521963270;0.559378206;0.598334463;0.638852885;0.680955709;0.724666710;0.770011341;0.817016842;0.865712327;0.916128816;0.968299207;1.022258160;1.078041884;1.135687780;1.195233940;1.256718441;1.320229729;1.386401256;1.454612816;1.524799766;1.596894134;1.670831014;1.746555105;1.824026621;1.903225482;1.984152403;2.066825044;2.151249181;2.237387656;2.325195075;2.414621816;2.505614386;2.598115880;2.692066559;2.787404546;;;;;;;;;;
-0.900;;;;;;;;;;;;;;;;;2.085280297;2.005606386;1.927368624;1.850645817;1.775503039;1.701993063;1.630157694;1.560029006;1.491630478;1.424978051;1.360081096;1.296943296;1.235563462;1.175936265;1.118052906;1.061901717;1.007468704;0.954738028;0.903690507;0.854289689;0.806512284;0.760345730;0.715783968;0.672825774;0.631472764;0.591727387;0.553591133;0.517063080;0.482100372;0.448603981;0.416561132;0.385951611;0.356757106;0.328961123;0.302548865;0.277507084;0.253823926;0.231488766;0.210492050;0.190825145;0.172480202;0.155450041;0.139728047;0.125308089;0.112184464;0.100351854;0.089805307;0.080540227;0.072552395;0.065837981;0.060393589;0.056216293;0.053303689;0.051653944;0.051265850;0.052138875;0.054273208;0.057669803;0.062330411;0.068257612;0.075454829;0.083926338;0.093677269;0.104713594;0.117042111;0.130670418;0.145606878;0.161860584;0.179441322;0.198359522;0.218626225;0.240253047;0.263252142;0.287636188;0.313418371;0.340612391;0.369232474;0.399293411;0.430810604;0.463800139;0.498278873;0.534264536;0.571775855;0.610832685;0.651456154;0.693668804;0.737494736;0.782959742;0.830091407;0.878919188;0.929474435;0.981790351;1.035901860;1.091845377;1.149658435;1.209379156;1.271045529;1.334821881;1.401194399;1.469603574;1.539985118;1.612271918;1.686400403;1.762317001;1.839983864;1.919382772;2.000515772;2.083400591;2.168039222;2.254393564;2.342418225;2.432063790;2.523277233;2.616002438;2.710180840;;;;;;;;;;;
-1.000;;;;;;;;;;;;;;;;;2.101619590;2.021513699;1.942871700;1.865774091;1.790286837;1.716462921;1.644343796;1.573960710;1.505335950;1.438483967;1.373412418;1.310123120;1.248612909;1.188874434;1.130896860;1.074666507;1.020167425;0.967381899;0.916290345;0.866862447;0.819071130;0.772898146;0.728331954;0.685366519;0.643999609;0.604230966;0.566060581;0.529487229;0.494479327;0.460934941;0.428849501;0.398202501;0.368975289;0.341151005;0.314714472;0.289652067;0.265951576;0.243602031;0.222593570;0.202917282;0.184565081;0.167529584;0.151804017;0.137382129;0.124258132;0.112426662;0.101882752;0.092621823;0.084639695;0.077932604;0.072497234;0.068330759;0.065430880;0.063795879;0.063424666;0.064316825;0.066472659;0.069893232;0.074580395;0.080536820;0.087766009;0.096272309;0.106060906;0.117137819;0.129509880;0.143184712;0.158170695;0.174476934;0.192113219;0.211089989;0.231418291;0.253109751;0.276176548;0.300631388;0.326487508;0.353758670;0.382459188;0.412603963;0.444208536;0.477289159;0.511862883;0.547947665;0.585562490;0.624727499;0.665464132;0.707795267;0.751745362;0.797340572;0.844608856;0.893580032;0.944285797;0.996759664;1.051036822;1.107153880;1.165148475;1.225058716;1.286922436;1.350993690;1.417570634;1.486177897;1.556752392;1.629228895;1.703546346;1.779654148;1.857517627;1.937121522;2.018470036;2.101581108;2.186451243;2.273041189;2.361305936;2.451196685;2.542661313;2.635644952;2.730090702;;;;;;;;;;;
-1.100;;;;;;;;;;;;;;;;;2.119654597;2.039108580;1.960050961;1.882564712;1.806717365;1.732562698;1.660142308;1.589487044;1.520618347;1.453549468;1.388286586;1.324829828;1.263174197;1.203310413;1.145225666;1.088904300;1.034328412;0.981478394;0.930333401;0.880869028;0.833055840;0.786869442;0.742292293;0.699313005;0.657924976;0.618124756;0.579910410;0.543280052;0.508218077;0.474619612;0.442486134;0.411796795;0.382532553;0.354676130;0.328211925;0.303125894;0.279405415;0.257039144;0.236016870;0.216329373;0.197968299;0.180926041;0.165195642;0.150770711;0.137645366;0.125814181;0.115272168;0.106014757;0.098037808;0.091337619;0.085910959;0.081755098;0.078867852;0.077247619;0.076893434;0.077805004;0.079982753;0.083427858;0.088142282;0.094128793;0.101390981;0.109933268;0.119760906;0.130879964;0.143297317;0.157020620;0.172058276;0.188419408;0.206113821;0.225151967;0.245544911;0.267304303;0.290442350;0.314971809;0.340905973;0.368258689;0.397044376;0.427278066;0.458975458;0.492152994;0.526827949;0.563018533;0.600744015;0.640024853;0.680882830;0.723341190;0.767424772;0.813160127;0.860575604;0.909701405;0.960569584;1.013213972;1.067670015;1.123974496;1.182165124;1.242279946;1.304356566;1.368748188;1.435532247;1.504337618;1.575103290;1.647766978;1.722271305;1.798569880;1.876632393;1.956447568;2.038022465;2.121374908;2.206494106;2.293340075;2.381868600;2.472031942;2.563779350;2.657057709;2.751812318;;;;;;;;;;;
-1.200;;;;;;;;;;;;;;;;;2.139375250;2.058386450;1.978906305;1.901021165;1.824800920;1.750300833;1.677563236;1.606619090;1.537489421;1.470186636;1.404715731;1.341075384;1.279258948;1.219255356;1.161049927;1.104625089;1.049961022;0.997036237;0.945828067;0.896316230;0.848471928;0.802264261;0.757669231;0.714669576;0.673253779;0.633414666;0.595147879;0.558450374;0.523319216;0.489662862;0.457475658;0.426738881;0.397433059;0.369540456;0.343045003;0.317932193;0.294188960;0.271803541;0.250765344;0.231064806;0.212693276;0.195642893;0.179906496;0.165477535;0.152350012;0.140518429;0.129977762;0.120723444;0.112751364;0.106057881;0.100639844;0.096494622;0.093620142;0.092014924;0.091678128;0.092609588;0.094809855;0.098280227;0.103022777;0.109040380;0.116336719;0.124916299;0.134784440;0.145947274;0.158411722;0.172185477;0.187276977;0.203695371;0.221450487;0.240552801;0.261013408;0.282843991;0.306056804;0.330664663;0.356680942;0.384119587;0.412995143;0.443322794;0.475118424;0.508398690;0.543181114;0.579484192;0.617327506;0.656731859;0.697719405;0.740313786;0.784540250;0.830425764;0.877999093;0.927290836;0.978333413;1.031160971;1.085809203;1.142315044;1.200716234;1.261050699;1.323355734;1.388099288;1.455085353;1.524083590;1.595038715;1.667887557;1.742577588;1.819067809;1.897333389;1.977367940;2.059181914;2.142791891;2.228178371;2.315301583;2.404118547;2.494583053;2.586646233;2.680257266;2.775364229;;;;;;;;;;;
-1.300;;;;;;;;;;;;;;;;;2.160770703;2.079342569;1.999437992;1.921147732;1.844544954;1.769687206;1.696618254;1.625369768;1.555962873;1.488409572;1.422714037;1.358873796;1.296880797;1.236722373;1.178382113;1.121840634;1.067076268;1.014065674;0.962784371;0.913212672;0.865326571;0.819088791;0.774468504;0.731442091;0.689992586;0.650108514;0.611782514;0.575009920;0.539787467;0.506071483;0.473824557;0.443034930;0.413682673;0.385749558;0.359219015;0.334076039;0.310307083;0.287899933;0.266843579;0.247128085;0.228744470;0.211684596;0.195941067;0.181507154;0.168376722;0.156544183;0.146004463;0.136752983;0.128785655;0.122098886;0.116689602;0.112555264;0.109693908;0.108104176;0.107785352;0.108737399;0.110960995;0.114457562;0.119229291;0.125279162;0.132610961;0.141229277;0.151139510;0.162347855;0.174861291;0.188687558;0.203835134;0.220313204;0.238131630;0.257300926;0.277832226;0.299737263;0.323028353;0.347718389;0.373820842;0.401349780;0.430319895;0.460746548;0.492645831;0.526034645;0.560930790;0.597353069;0.635321413;0.674856998;0.715982380;0.758721624;0.803100413;0.849146154;0.896888044;0.946357092;0.997586087;1.050609488;1.105463218;1.162184333;1.220810555;1.281379623;1.343928433;1.409046995;1.476241703;1.545433609;1.616569461;1.689596658;1.764468957;1.841152368;1.919627099;1.999891340;2.081959232;2.165843771;2.251516542;2.338939147;2.428070307;2.518865842;2.611279307;2.705262757;2.800767668;;;;;;;;;;;
-1.400;;;;;;;;;;;;;;;;;2.183829143;2.101971915;2.021646576;1.942949480;1.865958111;1.790733219;1.717320812;1.645753969;1.576054521;1.508234580;1.442297938;1.378241335;1.316055613;1.255726751;1.197236797;1.140564699;1.085687044;1.032578710;0.981213434;0.931569102;0.883628893;0.837350957;0.792697418;0.749637910;0.708149476;0.668215758;0.629825792;0.592972677;0.557652246;0.523854487;0.491541479;0.460693209;0.431289276;0.403310945;0.376741116;0.351564260;0.327766321;0.305334601;0.284257643;0.264525106;0.246127651;0.229056832;0.213304996;0.198865206;0.185731168;0.173897185;0.163358114;0.154109348;0.146146806;0.139466935;0.134066722;0.129943718;0.127096059;0.125522503;0.125222455;0.126196006;0.128443961;0.131967864;0.136770026;0.142853538;0.150222287;0.158880955;0.168835023;0.180090759;0.192655205;0.206536155;0.221742138;0.238282384;0.256166803;0.275405956;0.296011032;0.317993830;0.341366744;0.366142763;0.392335477;0.419959096;0.449028483;0.479559201;0.511567578;0.545070785;0.580086928;0.616635151;0.654735759;0.694410332;0.735681857;0.778574846;0.823115442;0.869331513;0.917252699;0.966910428;1.018337858;1.071569749;1.126642226;1.183592432;1.242458014;1.303276444;1.366202166;1.431577949;1.498981279;1.568367168;1.639687336;1.712895462;1.787952588;1.864831959;1.943522346;2.024028585;2.106367684;2.190544335;2.276523332;2.364268553;2.453740903;2.544898769;2.637698697;2.732096235;2.828046920;;;;;;;;;;;
-1.500;;;;;;;;;;;;;;;;;;2.126268943;2.045532745;1.966432161;1.889050174;1.813451791;1.739686180;1.667788640;1.597782410;1.529680317;1.463486289;1.399196718;1.336801705;1.276286174;1.217630875;1.160813278;1.105808366;1.052589335;1.001128209;0.951398696;0.903390181;0.857060631;0.812365036;0.769265954;0.727733973;0.687747266;0.649290630;0.612354256;0.576932429;0.543023385;0.510637523;0.479724377;0.450263075;0.422234366;0.395620615;0.370405748;0.346575177;0.324115696;0.303015376;0.283263444;0.264850173;0.247766782;0.232005335;0.217558659;0.204420280;0.192584365;0.182045683;0.172799580;0.164841963;0.158169302;0.152778637;0.148667590;0.145834392;0.144277904;0.143997651;0.144993842;0.147267405;0.150820006;0.155654074;0.161772811;0.169180206;0.177881037;0.187880871;0.199186053;0.211803694;0.225741652;0.241008513;0.257613566;0.275566777;0.294878770;0.315560804;0.337624758;0.361083125;0.385949010;0.412236141;0.439958894;0.469132328;0.499772235;0.531895206;0.565518711;0.600661189;0.637342156;0.675582319;0.715403692;0.756829717;0.799885379;0.844597303;0.890993831;0.939105059;0.988962834;1.040600677;1.094053630;1.149357993;1.206550942;1.265669984;1.326752239;1.390090171;1.455692989;1.523304311;1.592883457;1.664388035;1.737778984;1.813025589;1.890109727;1.969028342;2.049792812;2.132423214;2.216909720;2.303215956;2.391308237;2.481150169;2.572703257;2.665927647;2.760783029;2.857229700;;;;;;;;;;;
-1.600;;;;;;;;;;;;;;;;;;2.152227225;2.071097034;1.991601996;1.913831931;1.837857280;1.763731425;1.691492807;1.621166877;1.552767884;1.486300491;1.421761263;1.359139995;1.298420918;1.239583782;1.182604817;1.127457591;1.074113759;1.022543727;0.972717397;0.924624367;0.878230004;0.833482330;0.790336687;0.748756822;0.708714894;0.670190802;0.633171125;0.597647879;0.563617242;0.531126488;0.500141747;0.470616868;0.442532099;0.415869266;0.390611748;0.366744413;0.344253533;0.323126683;0.303352634;0.284921252;0.267823391;0.252050804;0.237596062;0.224452480;0.212614067;0.202075479;0.192831991;0.184879481;0.178214423;0.172833888;0.168735557;0.165917740;0.164379393;0.164120143;0.165140315;0.167440950;0.171023832;0.175891501;0.182047270;0.189495230;0.198240256;0.208288000;0.219644889;0.232318110;0.246315590;0.261645984;0.278318645;0.296343613;0.315731584;0.336493903;0.358642549;0.382190129;0.407149886;0.433535709;0.461362165;0.490644533;0.521398860;0.553642029;0.587391835;0.622667082;0.659487685;0.697874782;0.737850845;0.779439800;0.822667124;0.867559941;0.914147077;0.962459094;1.012528251;1.064388421;1.118074899;1.173624119;1.231073235;1.290459537;1.351819688;1.415565030;1.481393983;1.549212297;1.618984426;1.690674768;1.764252435;1.839695798;1.916996030;1.996158576;2.077201178;2.160143321;2.244958724;2.331614444;2.420079616;2.510321083;2.602304049;2.695992891;2.791352127;;;;;;;;;;;;
-1.700;;;;;;;;;;;;;;;;;;2.179838931;2.098339403;2.018465348;1.940314908;1.863965295;1.789475284;1.716887502;1.646230538;1.577520859;1.510764569;1.445959001;1.383094157;1.322154009;1.263117667;1.205960415;1.150654638;1.097170636;1.045477334;0.995542906;0.947348162;0.900873702;0.856062288;0.812862109;0.771229829;0.731131122;0.692540359;0.655439778;0.619818350;0.585670531;0.553025059;0.521961501;0.492366286;0.464219190;0.437501524;0.412196127;0.388287326;0.365760861;0.344603801;0.324804448;0.306352233;0.289237629;0.273452053;0.258987791;0.245837924;0.233996277;0.223457366;0.214216374;0.206269124;0.199612071;0.194242297;0.190157525;0.187356124;0.185837128;0.185600255;0.186645931;0.188975301;0.192590258;0.197493446;0.203688283;0.211178960;0.219970443;0.230068476;0.241479568;0.254210984;0.268270728;0.283667529;0.300410818;0.318510713;0.337978003;0.358824133;0.381061196;0.404701936;0.429759752;0.456248718;0.484183614;0.513579966;0.544454104;0.576823227;0.610705487;0.646120079;0.683087345;0.721628880;0.761767640;0.803528053;0.846936110;0.892019443;0.938807377;0.987330929;1.037622767;1.089717090;1.143649414;1.199456258;1.257174679;1.316841663;1.378575977;1.442631009;1.508684301;1.576708577;1.646674252;1.718553381;1.792324076;1.867974491;1.945505527;2.024931150;2.106274875;2.189548404;2.274713119;2.361741972;2.450607431;2.541280126;2.633729572;2.727925037;2.823836580;;;;;;;;;;;;
-1.800;;;;;;;;;;;;;;;;;;2.209094131;2.127258654;2.047028230;1.968510985;1.891792387;1.816937930;1.743995607;1.672998179;1.603965252;1.536905166;1.471816713;1.408690701;1.347511348;1.288257548;1.230903995;1.175422181;1.121781277;1.069948909;1.019891825;0.971581332;0.925009100;0.880120147;0.836855868;0.795165801;0.755008790;0.716353115;0.679175956;0.643462439;0.609204455;0.576399382;0.545202827;0.515529951;0.487313648;0.460534754;0.435175597;0.411219976;0.388653109;0.367461556;0.347633139;0.329156845;0.312022745;0.296221901;0.281746289;0.268588734;0.256742848;0.246202985;0.236964207;0.229022257;0.222373544;0.217015144;0.212944792;0.210160898;0.208662556;0.208449557;0.209522409;0.211882351;0.215531368;0.220472204;0.226708369;0.234244148;0.243084598;0.253235549;0.264703593;0.277496076;0.291621083;0.307087423;0.323904614;0.342082865;0.361633067;0.382566781;0.404896232;0.428634317;0.453794615;0.480391407;0.508439709;0.537955320;0.568954876;0.601455923;0.635476994;0.671037702;0.708158842;0.746862489;0.787172107;0.829112644;0.872710616;0.917994177;0.964993143;1.013738987;1.064264764;1.116604969;1.170795296;1.226872281;1.284872810;1.344833455;1.407010734;1.471302097;1.537571370;1.605798899;1.675959983;1.748033053;1.822005931;1.897877057;1.975657224;2.055368566;2.137039287;2.220662104;2.306197984;2.393625208;2.482920097;2.574057650;2.667012323;2.761758961;2.858273913;;;;;;;;;;;;
-1.900;;;;;;;;;;;;;;;;;;2.239979904;2.157851651;2.077295646;1.998431835;1.921355592;1.846140609;1.772841560;1.701496552;1.632129359;1.564751462;1.499363909;1.435958990;1.374521762;1.315031403;1.257462433;1.201785800;1.147969829;1.095981067;1.045785012;0.997346913;0.950656623;0.905673706;0.862333496;0.820578642;0.780361000;0.741642313;0.704394043;0.668596674;0.634238660;0.601314612;0.569887964;0.540129562;0.511836556;0.484989372;0.459569874;0.435561372;0.412948579;0.391717560;0.371855657;0.353351413;0.336194482;0.320375556;0.305886284;0.292719210;0.280867711;0.270325952;0.261088846;0.253152031;0.246511846;0.241165328;0.237110205;0.234344902;0.232868549;0.232680990;0.233782797;0.236175283;0.239860511;0.244841310;0.251121273;0.258704770;0.267596941;0.277803697;0.289331711;0.302188411;0.316381964;0.331921266;0.348815927;0.367076258;0.386713263;0.407738632;0.430164740;0.454004656;0.479272155;0.505981748;0.534148711;0.563789139;0.594920002;0.627559214;0.661725716;0.697439565;0.734722029;0.773595688;0.814084529;0.856214033;0.900011255;0.945504866;0.992725174;1.041704088;1.092475025;1.145072735;1.199533033;1.255892400;1.314187454;1.374491237;1.437049095;1.501578519;1.568066094;1.636495927;1.706853029;1.779126962;1.853314448;1.929423624;2.007475004;2.087498094;2.169520911;2.253511525;2.339442051;2.427294660;2.517050073;2.608688256;2.702189258;2.797534217;2.894706546;;;;;;;;;;;;
-2.000;;;;;;;;;;;;;;;;;;;2.190112338;2.109270738;2.030088193;1.952671809;1.877105114;1.803450936;1.731754030;1.662043499;1.594334989;1.528632695;1.464931178;1.403217002;1.343470208;1.285665639;1.229774102;1.175763421;1.123599336;1.073246310;1.024668211;0.977840034;0.932743713;0.889312799;0.847483651;0.807201255;0.768420546;0.731106727;0.695234860;0.660788476;0.627759847;0.596147672;0.566189860;0.537812081;0.510888889;0.485401764;0.461333574;0.438668574;0.417392360;0.397491814;0.378955033;0.361771260;0.345930805;0.331424978;0.318246023;0.306387061;0.295842042;0.286605708;0.278673561;0.272041844;0.266707529;0.262668308;0.259922594;0.258469529;0.258308985;0.259441576;0.261868667;0.265592384;0.270615619;0.276942038;0.284576081;0.293522963;0.303788668;0.315379946;0.328304304;0.342569993;0.358185995;0.375162021;0.393508489;0.413236529;0.434357971;0.456885354;0.480831936;0.506211710;0.533039432;0.561330664;0.591101817;0.622370218;0.655154173;0.689473054;0.725347382;0.762798922;0.801850771;0.842527454;0.884854998;0.928860992;0.974574627;1.022026684;1.071249487;1.122276776;1.175143506;1.229885542;1.286539224;1.345140786;1.405888817;1.468701003;1.533463674;1.600167770;1.668803796;1.739365039;1.811850827;1.886269334;1.962639175;2.040988022;2.121351968;2.203747045;2.288127569;2.374478041;2.462785033;2.553034226;2.645211170;2.739302184;2.835295440;;;;;;;;;;;;;
-2.100;;;;;;;;;;;;;;;;;;;2.224030495;2.142953694;2.063488904;1.985756976;1.909853090;1.835849851;1.763800119;1.693739620;1.625689311;1.559657546;1.495642039;1.433631632;1.373607897;1.315546559;1.259418775;1.205192260;1.152832283;1.102302537;1.053565888;1.006586639;0.961354282;0.917814366;0.875898035;0.835543878;0.796700023;0.759324951;0.723387373;0.688866243;0.655749505;0.624032924;0.593738469;0.565267364;0.538259855;0.512697131;0.488561710;0.465837447;0.444509516;0.424564371;0.405989687;0.388774302;0.372908150;0.358382193;0.345188363;0.333319509;0.322769346;0.313532420;0.305604072;0.298980422;0.293658346;0.289635474;0.286910179;0.285481586;0.285349569;0.286514759;0.288978551;0.292743108;0.297811371;0.304187057;0.311874663;0.320879464;0.331207510;0.342865620;0.355861373;0.370203101;0.385899879;0.402961515;0.421398545;0.441222228;0.462444550;0.485078225;0.509136713;0.534634242;0.561585835;0.590007354;0.619915552;0.651328128;0.684263805;0.718742404;0.754784929;0.792413653;0.831652209;0.872525665;0.915060595;0.959285122;1.005228939;1.052923283;1.102400854;1.153695668;1.206842823;1.261878148;1.318837738;1.377795125;1.438919191;1.501978533;1.566970404;1.633890894;1.702737660;1.773512883;1.846226059;1.920896053;1.997551607;2.076229270;2.156967313;2.239750838;2.324545258;2.411343006;2.500135575;2.590914188;2.683670615;2.778398147;2.875092749;;;;;;;;;;;;;
-2.200;;;;;;;;;;;;;;;;;;;2.259590232;2.178340405;2.098639737;2.020625032;1.944405121;1.870064181;1.797664792;1.727250738;1.658849569;1.592474931;1.528128685;1.465802826;1.405481210;1.347141101;1.290754557;1.236289659;1.183711592;1.132983599;1.084067803;1.036925917;0.991533244;0.947862169;0.905841621;0.865404739;0.826493174;0.789058483;0.753063063;0.718479939;0.685292051;0.653491215;0.623076845;0.594232258;0.567131646;0.541484760;0.517273875;0.494482539;0.473095572;0.453099053;0.434480275;0.417227696;0.401330884;0.386780461;0.373568045;0.361686199;0.351128389;0.341888944;0.333963024;0.327346595;0.322036415;0.318030019;0.315325715;0.313922580;0.313820461;0.315019979;0.317522533;0.321330301;0.326446247;0.332874121;0.340618458;0.349684579;0.360078585;0.371807354;0.384878532;0.399300526;0.415082498;0.432234360;0.450766764;0.470691109;0.492019540;0.514764960;0.538941045;0.564562269;0.591643939;0.620202235;0.650254265;0.681818124;0.714912965;0.749559073;0.785777949;0.823592389;0.863026563;0.904106086;0.946858074;0.991311172;1.037495555;1.085442879;1.135186178;1.186759683;1.240198552;1.295538486;1.352815210;1.412213412;1.473596153;1.536896285;1.602114969;1.669254231;1.738319550;1.809322483;1.882282866;1.957229981;2.034201810;2.113241268;2.194378223;2.277569671;2.362804053;2.450078648;2.539390412;2.630736704;2.724116171;2.819529796;2.916982127;;;;;;;;;;;;;
-2.300;;;;;;;;;;;;;;;;;;;;2.215420826;2.135541919;2.057286616;1.980779587;1.906118562;1.833377617;1.762610192;1.693851849;1.627122789;1.562430139;1.499770026;1.439129447;1.380487948;1.323819130;1.269091981;1.216272061;1.165322543;1.116205115;1.068880761;1.023312288;0.979484142;0.937337714;0.896802348;0.857813809;0.820317261;0.784268409;0.749633834;0.716390668;0.684525799;0.654030903;0.624911081;0.597536101;0.571796045;0.547500889;0.524633990;0.503179918;0.483124451;0.464454558;0.447158361;0.431225093;0.416645052;0.403409547;0.391510859;0.380942194;0.371697652;0.363772189;0.357161600;0.351862495;0.347872291;0.345189197;0.343812216;0.343741140;0.344976551;0.347519823;0.351373122;0.356539412;0.363022452;0.370826795;0.379957789;0.390421572;0.402225067;0.415375975;0.429882773;0.445754706;0.463001784;0.481634780;0.501665234;0.523105457;0.545968546;0.570268405;0.596019766;0.623238230;0.651940312;0.682143488;0.713866260;0.747128225;0.781950144;0.818354022;0.856363182;0.896002333;0.937297631;0.980276721;1.024968747;1.071404334;1.119615516;1.169635599;1.221498955;1.275240710;1.330896318;1.388578533;1.448306082;1.509935496;1.573471874;1.638917611;1.706281397;1.775577093;1.846825915;1.920057931;1.995312173;2.072634449;2.152071659;2.233620887;2.317245437;2.402948141;2.490731626;2.580598861;2.672553956;2.766603110;2.862755740;;;;;;;;;;;;;;
-2.400;;;;;;;;;;;;;;;;;;;;2.254177004;2.174190367;2.095747481;2.018991255;1.944035140;1.870966666;1.799850688;1.730732353;1.663639822;1.598586733;1.535574445;1.474594061;1.415628252;1.358652885;1.303638484;1.250551516;1.199355527;1.150012137;1.102481903;1.056725058;1.012712545;0.970414093;0.929758793;0.890678353;0.853112173;0.817009401;0.782329885;0.749044323;0.717130936;0.686581539;0.657394986;0.629577146;0.603664512;0.579275888;0.556324408;0.534794517;0.514671799;0.495942983;0.478595920;0.462619557;0.448003901;0.434739976;0.422819790;0.412236292;0.402983344;0.395055690;0.388448934;0.383159518;0.379184714;0.376522610;0.375172104;0.375132903;0.376405522;0.378991282;0.382892309;0.388111541;0.394652720;0.402520396;0.411719923;0.422257455;0.434139947;0.447375143;0.461971578;0.477938572;0.495286230;0.514025443;0.534167891;0.555726055;0.578713233;0.603143558;0.629032032;0.656394560;0.685247996;0.715610198;0.747500083;0.780937699;0.815944289;0.852542365;0.890755772;0.930609752;0.972130988;1.015347632;1.060289295;1.106987008;1.155473124;1.205781152;1.257945512;1.312001187;1.368001893;1.426103657;1.486085925;1.547957162;1.611726199;1.677403175;1.745001462;1.814544041;1.886061825;1.959594642;2.035190136;2.112899917;2.192763034;2.274739620;2.358824800;2.445026706;2.533353825;2.623815711;2.716423852;2.811192696;2.908140853;;;;;;;;;;;;;;
-2.500;;;;;;;;;;;;;;;;;;;;2.294580744;2.214571573;2.136006589;2.059049560;1.983832035;1.910457144;1.839003089;1.769526343;1.702064578;1.636639326;1.573258405;1.511918106;1.452605170;1.395298560;1.339971046;1.286590610;1.235121690;1.185526274;1.137764842;1.091797195;1.047583737;1.005103064;0.964301014;0.925107353;0.887457081;0.851293444;0.816569646;0.783247813;0.751302802;0.720719164;0.691490726;0.663619333;0.637125117;0.612633723;0.589588340;0.567973454;0.547774596;0.528978367;0.511572438;0.495545542;0.480887449;0.467588938;0.455641768;0.445038647;0.435773206;0.427839971;0.421234346;0.415952590;0.411991810;0.409349947;0.408025773;0.408018882;0.409329692;0.411959442;0.415910194;0.421184828;0.427787046;0.435721369;0.444993136;0.455608497;0.467574419;0.480898675;0.495589844;0.511657312;0.529111271;0.547962723;0.568223488;0.589906214;0.613024401;0.637592416;0.663625533;0.691139966;0.720152916;0.750682623;0.782748426;0.816370824;0.851571541;0.888373588;0.926801328;0.966880517;1.008638341;1.052103425;1.097305804;1.144276860;1.193049193;1.243656426;1.296132919;1.350513383;1.406977519;1.465336818;1.525566160;1.587676618;1.651681410;1.717597678;1.785448352;1.855260748;1.927075698;2.000943098;2.076917494;2.155053547;2.235352637;2.317783502;2.402359404;2.489094143;2.578002587;2.669101460;2.762410275;2.857952441;2.955756546;;;;;;;;;;;;;;
-2.600;;;;;;;;;;;;;;;;;;;;;2.256661096;2.178053833;2.100956553;2.025521493;1.951869731;1.880094940;1.810266827;1.742434290;1.676628286;1.612864454;1.551145480;1.491463237;1.433800713;1.378133732;1.324432489;1.272662911;1.222787852;1.174768140;1.128563482;1.084133244;1.041442045;1.000461705;0.961127038;0.923370807;0.887131654;0.852355936;0.819000389;0.787032413;0.756429944;0.727180820;0.699281752;0.672728067;0.647610128;0.624461549;0.602752308;0.582468060;0.563595425;0.546122019;0.530036457;0.515328353;0.501988299;0.490007851;0.479379507;0.470096684;0.462153701;0.455545760;0.450268933;0.446320148;0.443697182;0.442398657;0.442424032;0.443773602;0.446448500;0.450450690;0.455782974;0.462448985;0.470453189;0.479800885;0.490498201;0.502552093;0.515970346;0.530761569;0.546935200;0.564501507;0.583471596;0.603857418;0.625671789;0.648928402;0.673641862;0.699827713;0.727502476;0.756683700;0.787390008;0.819641156;0.853458089;0.888863004;0.925879401;0.964532137;1.004847457;1.046853019;1.090577873;1.136052424;1.183308331;1.232378356;1.283296129;1.336095827;1.390928915;1.447686376;1.506295400;1.566768336;1.629119777;1.693368120;1.759537249;1.827658104;1.897769795;1.969919786;2.044159805;2.120553227;2.199142870;2.279891749;2.362806535;2.447906047;2.535210234;2.624740888;2.716522501;2.810583275;2.906956310;;;;;;;;;;;;;;;
-2.700;;;;;;;;;;;;;;;;;;;;;2.300420634;2.221867364;2.144704462;2.069107674;1.995218589;1.923148670;1.852982954;1.784783448;1.718592227;1.654434257;1.592319959;1.532247526;1.474205012;1.418172207;1.364122309;1.312023414;1.261839822;1.213533197;1.167063561;1.122390165;1.079472221;1.038279467;0.998770462;0.960879019;0.924541189;0.889698699;0.856302106;0.824311906;0.793698992;0.764444459;0.736533946;0.709966935;0.684751123;0.660980042;0.639167289;0.618788368;0.599830109;0.582280227;0.566127354;0.551361052;0.537971815;0.525951062;0.515291130;0.505985261;0.498027590;0.491413131;0.486137770;0.482198255;0.479592189;0.478318030;0.478375082;0.479763497;0.482484275;0.486539263;0.491931153;0.498663486;0.506740649;0.516167877;0.526951251;0.539097698;0.552614992;0.567511757;0.583797467;0.601482453;0.620577913;0.641095922;0.663049451;0.686452385;0.711319557;0.737666777;0.765510870;0.794869725;0.825762342;0.858208883;0.892230729;0.927850531;0.965092256;1.003981228;1.044544145;1.086809085;1.130805472;1.176564005;1.224116538;1.273495887;1.324735567;1.377964120;1.433136323;1.490144495;1.549000156;1.609718492;1.672318453;1.736824285;1.803267016;1.871685618;1.942127462;2.014647511;2.089305523;2.166160211;2.245208544;2.326436569;2.409867746;2.495526776;2.583440255;2.673637452;2.766151240;2.861019192;2.958284847;;;;;;;;;;;;;;;
-2.800;;;;;;;;;;;;;;;;;;;;;;2.267410464;2.190272834;2.114584044;2.040508985;1.968179440;1.897698069;1.829142057;1.762566451;1.698007212;1.635483980;1.575002583;1.516557309;1.460132935;1.405706556;1.353249207;1.302727303;1.254103904;1.207339823;1.162394586;1.119227255;1.077797716;1.038077774;1.000015776;0.963548146;0.928614176;0.895159489;0.863138232;0.832514258;0.803259393;0.775355211;0.748795835;0.723581947;0.699721010;0.677254128;0.656771672;0.637718729;0.620083316;0.603854249;0.589021180;0.575574619;0.563505944;0.552807408;0.543472133;0.535494111;0.528868201;0.523590119;0.519656444;0.517064605;0.515812889;0.515900435;0.517327237;0.520094143;0.524202860;0.529655950;0.536456838;0.544609809;0.554120009;0.564993449;0.577237006;0.590858426;0.605866323;0.622270194;0.640080415;0.659308264;0.679965924;0.702066512;0.725624095;0.750653722;0.777171459;0.805194426;0.834740838;0.865830057;0.898482638;0.932720374;0.968566345;1.006044954;1.045181951;1.086004439;1.128540859;1.172820933;1.218875570;1.266736711;1.316437108;1.368103921;1.421697616;1.477115820;1.534371538;1.593476547;1.654448342;1.717310949;1.782094948;1.848838648;1.917588718;1.988399818;2.061332608;2.136449355;2.213783662;2.293308628;2.375048126;2.459031209;2.545288919;2.633855003;2.724766778;2.818066129;2.913800694;;;;;;;;;;;;;;;;
-2.900;;;;;;;;;;;;;;;;;;;;;;2.314627916;2.237625201;2.161930323;2.087734504;2.015192607;1.944427413;1.875533546;1.808581067;1.743618761;1.680677126;1.619771090;1.560902463;1.504062156;1.449232162;1.396387330;1.345496944;1.296526108;1.249436977;1.204189811;1.160743902;1.119058354;1.079095035;1.040823253;1.004187892;0.969128803;0.935588822;0.903517036;0.872870314;0.843613062;0.815722115;0.789182948;0.763989782;0.740144476;0.717645323;0.696508738;0.677296834;0.659567229;0.643253235;0.628344776;0.614832531;0.602707961;0.591963338;0.582591747;0.574587107;0.567944165;0.562658510;0.558726570;0.556145619;0.554913778;0.555030019;0.556494171;0.559306920;0.563469816;0.568985276;0.575856588;0.584087911;0.593684285;0.604651628;0.616996747;0.630727335;0.645851983;0.662380186;0.680322353;0.699689820;0.720494866;0.742750738;0.766471668;0.791672910;0.818370769;0.846582639;0.876327049;0.907623699;0.940493511;0.974958662;1.011042626;1.048770198;1.088167502;1.129261986;1.172082377;1.216658610;1.263021700;1.311203553;1.361338517;1.413370682;1.467214914;1.522883684;1.580391621;1.639756115;1.700996426;1.764142934;1.829232780;1.896311355;1.965432243;2.036655843;2.110045997;2.185657271;2.263471860;2.343505865;2.425792221;2.510365990;2.597265019;2.686530738;2.778209086;2.872351609;2.969016726;;;;;;;;;;;;;;;;
-3.000;;;;;;;;;;;;;;;;;;;;;;;2.286705229;2.211108936;2.136873792;2.064180735;1.993175391;1.923972291;1.856658741;1.791298361;1.727934309;1.666592225;1.607282882;1.550004594;1.494745373;1.441484867;1.390196079;1.340846902;1.293401456;1.247821276;1.204066327;1.162095887;1.121869295;1.083350537;1.046505765;1.011280762;0.977618846;0.945466242;0.914774090;0.885502046;0.857618791;0.831102343;0.805939743;0.782123402;0.759650256;0.738533639;0.718786513;0.700766346;0.684359367;0.669367297;0.655781176;0.643592714;0.632794337;0.623379210;0.615341266;0.608675221;0.603376589;0.599441696;0.596867687;0.595652541;0.595795076;0.597294958;0.600152711;0.604369721;0.609948249;0.616891429;0.625203284;0.634888725;0.645953561;0.658404507;0.672249185;0.687496143;0.704154856;0.722235744;0.741750186;0.762710537;0.785130155;0.809023419;0.834405767;0.861293722;0.889704934;0.919658215;0.951173577;0.984272274;1.018976829;1.055311062;1.093300107;1.132970399;1.174349651;1.217466793;1.262351864;1.309035861;1.357667119;1.408150407;1.460435347;1.514534149;1.570461095;1.628233638;1.687873633;1.749408597;1.812868016;1.878298219;1.945751515;2.015287067;2.086968782;2.160859886;2.236965171;2.315288910;2.395867409;2.478739264;2.563945973;2.651532674;2.741549008;2.834050139;2.929097937;;;;;;;;;;;;;;;;;
-3.100;;;;;;;;;;;;;;;;;;;;;;;2.337432291;2.262060923;2.187886782;2.115120128;2.043932391;1.974460699;1.906812037;1.841067058;1.777283568;1.715499689;1.655736747;1.598001868;1.542290337;1.488587696;1.436871635;1.387113665;1.339280601;1.293335862;1.249240608;1.206954723;1.166437657;1.127649140;1.090554980;1.055119782;1.021292126;0.989018790;0.958248487;0.928935691;0.901042507;0.874539620;0.849406561;0.825625567;0.803194660;0.782116850;0.762400234;0.744057068;0.727205278;0.712122377;0.698454885;0.686194967;0.675335381;0.665869521;0.657791459;0.651095983;0.645778616;0.641835648;0.639264151;0.638061999;0.638227883;0.639761329;0.642662706;0.646933243;0.652575039;0.659591075;0.667985222;0.677762252;0.688927852;0.701488624;0.715452109;0.730826786;0.747622096;0.765848448;0.785517245;0.806640899;0.829232855;0.853307619;0.878880787;0.905969077;0.934590362;0.964763706;0.996509397;1.029848976;1.064805264;1.101402372;1.139665701;1.179621923;1.221298925;1.264725731;1.309932364;1.357082843;1.406030605;1.456771206;1.509316714;1.563681076;1.619881176;1.677938016;1.737877933;1.799733762;1.863545741;1.929359014;1.997231563;2.067228241;2.139413414;2.213817269;2.290434314;2.369302875;2.450464554;2.533964000;2.619849589;2.708174240;2.798996360;2.892380951;2.988400884;;;;;;;;;;;;;;;;;
-3.200;;;;;;;;;;;;;;;;;;;;;;;;2.314701247;2.240710352;2.167966818;2.096671087;2.026985806;1.959040295;1.892934645;1.828743472;1.766519339;1.706295868;1.648090565;1.591907369;1.537738947;1.485568754;1.435372864;1.387121601;1.340780976;1.296313944;1.253681501;1.212843629;1.173760102;1.136391167;1.100704170;1.066664363;1.034223825;1.003332174;0.973941295;0.946008269;0.919497262;0.894379153;0.870632563;0.848246692;0.827217290;0.807546545;0.789239010;0.772298686;0.756746781;0.742885344;0.730547444;0.719619935;0.710096628;0.701971902;0.695240749;0.689898822;0.685942467;0.683368761;0.682175535;0.682361404;0.683925785;0.686868924;0.691191909;0.696896689;0.703986094;0.712463844;0.722334569;0.733603820;0.746278082;0.760364794;0.775872357;0.792810155;0.811188573;0.831019014;0.852313924;0.875086815;0.899352292;0.925126082;0.952425064;0.981267302;1.011672071;1.043659888;1.077252533;1.112473061;1.149345805;1.187896357;1.228151528;1.270139276;1.313938066;1.359582945;1.407003591;1.456212008;1.507221717;1.560042477;1.614690682;1.671186478;1.729554949;1.789827249;1.852041538;1.916243507;1.982486184;2.050827879;2.121331978;2.194047001;2.268968386;2.346133166;2.425585398;2.507372342;2.591545101;2.678159386;2.767276406;2.858963900;2.953297336;;;;;;;;;;;;;;;;;;
-3.300;;;;;;;;;;;;;;;;;;;;;;;;2.368913442;2.295253356;2.222651956;2.151342174;2.081515345;2.013326010;1.946896317;1.882320065;1.819666393;1.758983144;1.700299922;1.643630861;1.588977115;1.536329108;1.485668537;1.436970160;1.390203380;1.345333636;1.302323623;1.261134348;1.221726037;1.184058911;1.148093841;1.113799607;1.081143599;1.050081394;1.020565989;0.992552075;0.965998985;0.940871528;0.917142416;0.894792434;0.873810062;0.854190787;0.835931074;0.819037642;0.803522725;0.789398904;0.776679852;0.765678654;0.756092279;0.747915139;0.741142613;0.735770630;0.731795726;0.729215085;0.728026589;0.728228846;0.729821227;0.732803898;0.737177841;0.742944885;0.750107722;0.758669936;0.768636016;0.780011381;0.792802393;0.807016381;0.822661656;0.839747535;0.858284356;0.878283508;0.899757446;0.922719723;0.947185016;0.973169151;1.000689132;1.029763171;1.060410710;1.092652439;1.126510315;1.162007558;1.199168639;1.238019248;1.278586227;1.320980874;1.365131674;1.411049248;1.458746422;1.508236279;1.559532957;1.612650648;1.667608231;1.724429587;1.783144170;1.843787956;1.906404037;1.971042620;2.037760048;2.106616418;2.177663920;2.250907104;2.326381513;2.404133094;2.484211163;2.566669006;2.651564601;2.738961462;2.828929608;2.921546694;3.016899299;;;;;;;;;;;;;;;;;;
-3.400;;;;;;;;;;;;;;;;;;;;;;;;;2.351390963;2.279076553;2.207869484;2.137993217;2.069630642;2.002928815;1.938003303;1.874942158;1.813809554;1.754649089;1.697486782;1.642333788;1.589188842;1.538040447;1.488868835;1.441647708;1.396345773;1.352928098;1.311357286;1.271594498;1.233600328;1.197335542;1.162761709;1.129848600;1.098566816;1.068875798;1.040731834;1.014092666;0.988919005;0.965177362;0.942841538;0.921892721;0.902319019;0.884111535;0.867272694;0.851807733;0.837725381;0.825035680;0.813743381;0.803884643;0.795650825;0.788832380;0.783425708;0.779427698;0.776835791;0.775648034;0.775863135;0.777480503;0.780500292;0.784923437;0.790751688;0.797987639;0.806634760;0.816697420;0.828180914;0.841091488;0.855436360;0.871223748;0.888462890;0.907164066;0.927338630;0.948999029;0.972158831;0.996832752;1.023036683;1.050787713;1.080104156;1.111005563;1.143512739;1.177647745;1.213433883;1.250895669;1.290091597;1.331026564;1.373705034;1.418141205;1.464348945;1.512342149;1.562135478;1.613745213;1.667190238;1.722489488;1.779672821;1.838774032;1.899833519;1.962898412;2.028021870;2.095261145;2.164669061;2.236256771;2.310060338;2.386127045;2.464507696;2.545257202;2.628435264;2.714107167;2.802344708;2.893227258;2.986842984;;;;;;;;;;;;;;;;;;;
-3.500;;;;;;;;;;;;;;;;;;;;;;;;;;2.337105495;2.266144416;2.196334306;2.127889803;2.060985962;1.995762931;1.932330229;1.870770664;1.811143905;1.753489728;1.697830956;1.644176121;1.592521854;1.542855023;1.495154650;1.449393601;1.405540084;1.363558961;1.323412889;1.285063302;1.248471259;1.213598147;1.180406281;1.148865591;1.118950573;1.090624930;1.063849007;1.038581959;1.014786647;0.992431213;0.971490207;0.951944683;0.933781481;0.916994563;0.901583393;0.887551872;0.874905350;0.863651077;0.853802420;0.845370334;0.838365027;0.832892836;0.828868376;0.826261786;0.825071440;0.825296280;0.826935869;0.829990449;0.834460990;0.840349229;0.847657719;0.856389858;0.866549929;0.878143132;0.891175610;0.905654485;0.921587881;0.938984955;0.957855925;0.978212093;1.000065880;1.023430842;1.048321707;1.074754391;1.102746026;1.132314971;1.163480832;1.196264454;1.230687920;1.266772651;1.304553924;1.344050627;1.385280027;1.428258237;1.473000037;1.519520291;1.567834356;1.617958864;1.669912618;1.723717567;1.779399796;1.836986677;1.896519236;1.958041402;2.021602830;2.087257329;2.155055872;2.225014856;2.297171992;2.371575348;2.448276671;2.527331938;2.608802014;2.692753410;2.779259167;2.868399863;2.960264775;;;;;;;;;;;;;;;;;;;;
-3.600;;;;;;;;;;;;;;;;;;;;;;;;;;2.396560776;2.326019609;2.256418588;2.188007769;2.120993560;2.055543746;1.991792090;1.929842554;1.869773153;1.811639467;1.755477831;1.701308218;1.649136849;1.598958531;1.550758747;1.504515527;1.460201095;1.417783326;1.377227018;1.338495000;1.301549078;1.266350854;1.232862403;1.201046841;1.170873236;1.142320226;1.115356169;1.089944033;1.066046195;1.043627538;1.022657519;1.003112418;0.984971860;0.968223056;0.952859225;0.938878718;0.926282892;0.915077010;0.905269546;0.896869765;0.889887204;0.884328662;0.880203630;0.877521210;0.876326200;0.876558627;0.878218361;0.881305864;0.885822251;0.891769346;0.899149736;0.907966818;0.918224840;0.929928948;0.943085218;0.957700697;0.973783431;0.991342505;1.010388070;1.030931373;1.052984789;1.076561844;1.101677244;1.128346894;1.156587919;1.186418672;1.217833576;1.250866652;1.285563740;1.321945099;1.360029990;1.399836648;1.441382382;1.484683276;1.529754997;1.576614525;1.625278969;1.675767203;1.728100748;1.782304678;1.838408481;1.896446724;1.956456883;2.018488152;2.082590470;2.148811267;2.217170993;2.287709657;2.360475608;2.435521001;2.512902338;2.592681099;2.674924473;2.759706199;2.847107529;2.937218341;3.030138385;;;;;;;;;;;;;;;;;;;;
-3.700;;;;;;;;;;;;;;;;;;;;;;;;;;;2.387301806;2.318084449;2.249851238;2.182843566;2.117260169;2.053262073;1.990977138;1.930504211;1.871916923;1.815267139;1.760588091;1.707897214;1.657198691;1.608485752;1.561742715;1.516946807;1.474069777;1.433079308;1.393940257;1.356615722;1.321067968;1.287259205;1.255152244;1.224711044;1.195903496;1.168710263;1.143104722;1.119053792;1.096522859;1.075479667;1.055895881;1.037745692;1.021010308;1.005676739;0.991737449;0.979190278;0.968035091;0.958276184;0.949920159;0.942974893;0.937448026;0.933348217;0.930683155;0.929459261;0.929681548;0.931353751;0.934476563;0.939037925;0.945043177;0.952495050;0.961397030;0.971753411;0.983569348;0.996850901;1.011605080;1.027839886;1.045564348;1.064788562;1.085523718;1.107782136;1.131577294;1.156904736;1.183756744;1.212197464;1.242247815;1.273928890;1.307259370;1.342261613;1.378956810;1.417363877;1.457500980;1.499385666;1.543035145;1.588465318;1.635694426;1.684742376;1.735630376;1.788382620;1.843027065;1.899596060;1.958126669;2.018660496;2.081242308;2.145916768;2.212708082;2.281658413;2.352815917;2.426232665;2.501965170;2.580075001;2.660629483;2.743702515;2.829375489;2.917738353;3.008890809;;;;;;;;;;;;;;;;;;;;;
-3.800;;;;;;;;;;;;;;;;;;;;;;;;;;;;2.381121145;2.313242272;2.246387491;2.180790079;2.116641603;2.054096801;1.993278067;1.934279535;1.877170821;1.822000411;1.768798741;1.717580976;1.668349511;1.621096217;1.575804434;1.532450758;1.491006606;1.451439593;1.413714738;1.377795500;1.343644668;1.311225119;1.280500447;1.251435487;1.223997273;1.198165152;1.173918226;1.151227827;1.130064226;1.110396599;1.092196654;1.075440839;1.060110690;1.046193468;1.033682353;1.022571320;1.012860424;1.004552788;0.997653739;0.992170996;0.988110796;0.985480736;0.984287969;0.984538852;0.986239813;0.989394585;0.994006678;1.000078830;1.007613295;1.016612684;1.027078974;1.039015132;1.052425109;1.067314153;1.083687130;1.101554047;1.120925840;1.141814890;1.164235372;1.188201805;1.213729445;1.240840787;1.269555249;1.299892769;1.331873509;1.365517328;1.400841000;1.437868185;1.476617588;1.517107439;1.559355682;1.603380277;1.649199633;1.696831239;1.746297829;1.797623175;1.850833803;1.905959923;1.963035729;2.022099250;2.083191531;2.146349685;2.211603472;2.278996384;2.348575967;2.420393758;2.494505808;2.570973279;2.649863125;2.731248879;2.815211549;2.901840628;2.991235252;;;;;;;;;;;;;;;;;;;;;;
-3.900;;;;;;;;;;;;;;;;;;;;;;;;;;;;;2.377950340;2.311428938;2.245967823;2.181792652;2.119088285;2.058003609;1.998655944;1.941135080;1.885506948;1.831816960;1.780093029;1.730348296;1.682583589;1.636789608;1.592948892;1.551037552;1.511026801;1.472884297;1.436575315;1.402063749;1.369312982;1.338286609;1.308949050;1.281266046;1.255205064;1.230740544;1.207856499;1.186530557;1.166735220;1.148442710;1.131627203;1.116266418;1.102343888;1.089846800;1.078764671;1.069092940;1.060830722;1.053980408;1.048547934;1.044537007;1.041954373;1.040807096;1.041102119;1.042847684;1.046048309;1.050709390;1.056835754;1.064431823;1.073502341;1.084051360;1.096083618;1.109604651;1.124621007;1.141139152;1.159168530;1.178721066;1.199809200;1.222446906;1.246649593;1.272429946;1.299809609;1.328807985;1.359444211;1.391737675;1.425707806;1.461372123;1.498750286;1.537863092;1.578728967;1.621366356;1.665794048;1.712031605;1.760099750;1.810019902;1.861819070;1.915525385;1.971170207;2.028787978;2.088415419;2.150084325;2.213830183;2.279695970;2.347728258;2.417977660;2.490499343;2.565353609;2.642606572;2.722330912;2.804606744;2.889522602;2.977176542;;;;;;;;;;;;;;;;;;;;;;;
-4.000;;;;;;;;;;;;;;;;;;;;;;;;;;;;;2.443683395;2.377715207;2.312576329;2.248530346;2.185795754;2.124551135;2.064939915;2.007074708;1.951041288;1.896902210;1.844700082;1.794460544;1.746194937;1.699902715;1.655573590;1.613189451;1.572726057;1.534154538;1.497442696;1.462556147;1.429459297;1.398116182;1.368491171;1.340549551;1.314258011;1.289585021;1.266501752;1.244990878;1.225035562;1.206613278;1.189699834;1.174271991;1.160311280;1.147799975;1.136724274;1.127075271;1.118847975;1.112041634;1.106658942;1.102701198;1.100173545;1.099082190;1.099433907;1.101237786;1.104498795;1.109223661;1.115418840;1.123090567;1.132245419;1.142889426;1.155029017;1.168671330;1.183824292;1.200496166;1.218696013;1.238436913;1.259731597;1.282594085;1.307039613;1.333082596;1.360740169;1.390033084;1.420979872;1.453599346;1.487910425;1.523932021;1.561680441;1.601177608;1.642442531;1.685494184;1.730352139;1.777036964;1.825570666;1.875976893;1.928281794;1.982514633;2.038706241;2.096888529;2.157093176;2.219358131;2.283725090;2.350239358;2.418950291;2.489911807;2.563182960;2.638828596;2.716920098;2.797536227;2.880764073;2.966700131;;;;;;;;;;;;;;;;;;;;;;;;
-4.100;;;;;;;;;;;;;;;;;;;;;;;;;;;;;;2.444927889;2.380338250;2.316614631;2.254012961;2.192744999;2.132983444;2.074866624;2.018502780;1.963973980;1.911339675;1.860639927;1.811898328;1.765124625;1.720317081;1.677464581;1.636548509;1.597544402;1.560423415;1.525153594;1.491700980;1.460030569;1.430107112;1.401895809;1.375362865;1.350475959;1.327204608;1.305520448;1.285399570;1.266828192;1.249789504;1.234263682;1.220232796;1.207677390;1.196581787;1.186933770;1.178724764;1.171950909;1.166611074;1.162704291;1.160233567;1.159203617;1.159620375;1.161492826;1.164826063;1.169627556;1.175904868;1.183665612;1.192917826;1.203669294;1.215927979;1.229702539;1.245002278;1.261837272;1.280216501;1.300154215;1.321663625;1.344759010;1.369455662;1.395769722;1.423714779;1.453312654;1.484581488;1.517539703;1.552205890;1.588598723;1.626736256;1.666637220;1.708322307;1.751810920;1.797123195;1.844280323;1.893304868;1.944221017;1.997054667;2.051833264;2.108586380;2.167348055;2.228155330;2.291048432;2.356071175;2.423271396;2.492701468;2.564418861;2.638486794;2.714974962;2.793960354;2.875528184;2.959772929;3.046799498;;;;;;;;;;;;;;;;;;;;;;;;
-4.200;;;;;;;;;;;;;;;;;;;;;;;;;;;;;;;2.448906047;2.385740920;2.323474444;2.262355319;2.202588961;2.144342551;2.087749659;2.032914463;1.979915606;1.928809700;1.879634493;1.832411743;1.787149795;1.743845897;1.702488260;1.663057903;1.625530266;1.589876640;1.556065413;1.524063144;1.493835491;1.465347999;1.438566760;1.413458959;1.389993321;1.368140458;1.347873143;1.329166503;1.312000586;1.296363277;1.282240886;1.269617483;1.258477717;1.248808106;1.240597856;1.233840520;1.228531579;1.224668091;1.222250737;1.221282372;1.221767599;1.223714472;1.227127949;1.232015674;1.238385795;1.246246833;1.255607871;1.266478126;1.278866878;1.292784145;1.308240520;1.325247283;1.343815127;1.363957940;1.385690025;1.409026087;1.433981665;1.460573053;1.488815503;1.518727630;1.550328615;1.583636664;1.618670170;1.655447668;1.693987843;1.734308962;1.776431258;1.820374586;1.866159183;1.913806176;1.963337709;2.014776926;2.068149309;2.123486441;2.180821174;2.240189031;2.301628656;2.365182218;2.430895847;2.498820141;2.569010730;2.641528907;2.716442349;2.793825922;2.873762577;2.956344372;3.041673600;;;;;;;;;;;;;;;;;;;;;;;;;
-4.300;;;;;;;;;;;;;;;;;;;;;;;;;;;;;;;;2.455529638;2.393845652;2.333088665;2.273500546;2.215280743;2.158591262;2.103561230;2.050291056;1.998856230;1.949310766;1.901690326;1.856015040;1.812292035;1.770517712;1.730679768;1.692758990;1.656730851;1.622566894;1.590235953;1.559705201;1.530941050;1.503909919;1.478578872;1.454916145;1.432891579;1.412476949;1.393646229;1.376375772;1.360644433;1.346434978;1.333737151;1.322540317;1.312833084;1.304604907;1.297848110;1.292556310;1.288725237;1.286353582;1.285442383;1.285994738;1.288017214;1.291514490;1.296493937;1.302963823;1.310933134;1.320411600;1.331409487;1.343937143;1.358005729;1.373626983;1.390813272;1.409576947;1.429931790;1.451893113;1.475476167;1.500696875;1.527571777;1.556117564;1.586350873;1.618291429;1.651957324;1.687366817;1.724538307;1.763490341;1.804241644;1.846811393;1.891219078;1.937484259;1.985626923;2.035669157;2.087639958;2.141568502;2.197486110;2.255426777;2.315427523;2.377528792;2.441774894;2.508214501;2.576901210;2.647894168;2.721258780;2.797067491;2.875400679;2.956347635;3.040007669;;;;;;;;;;;;;;;;;;;;;;;;;;
-4.400;;;;;;;;;;;;;;;;;;;;;;;;;;;;;;;;;2.464711913;2.404577636;2.345394087;2.287396682;2.230779251;2.175698956;2.122280785;2.070621659;2.020794172;1.972849982;1.926822884;1.882731580;1.840582170;1.800370377;1.762083537;1.725702359;1.691202476;1.658555811;1.627731760;1.598698217;1.571422455;1.545871862;1.522014567;1.499819949;1.479259048;1.460304892;1.442932737;1.427120244;1.412847591;1.400097534;1.388855565;1.379112430;1.370861583;1.364096787;1.358812348;1.355004005;1.352669518;1.351808742;1.352423577;1.354519001;1.358099470;1.363171852;1.369744235;1.377825733;1.387426399;1.398557173;1.411229232;1.425454642;1.441246103;1.458616941;1.477580898;1.498152034;1.520346467;1.544180044;1.569669158;1.596830683;1.625681903;1.656239716;1.688522935;1.722549815;1.758338426;1.795906884;1.835273342;1.876455990;1.919473167;1.964342834;2.011085624;2.059727771;2.110295112;2.162815403;2.217318632;2.273837327;2.332406913;2.393066106;2.455857351;2.520827322;2.588027471;2.657514652;2.729351813;2.803608769;2.880363071;2.959700969;3.041718486;;;;;;;;;;;;;;;;;;;;;;;;;;;
-4.500;;;;;;;;;;;;;;;;;;;;;;;;;;;;;;;;;;2.476369221;2.417866258;2.360332663;2.303997760;2.249050106;2.195642334;2.143895591;2.093903587;2.045736274;1.999443193;1.955056494;1.912593657;1.872059942;1.833450578;1.796752706;1.761947109;1.729009732;1.697913014;1.668627046;1.641120570;1.615361837;1.591319321;1.568962331;1.548261496;1.529189167;1.511719727;1.495829819;1.481498515;1.468707420;1.457440719;1.447685195;1.439430186;1.432667646;1.427393889;1.423607115;1.421306195;1.420491252;1.421163972;1.423328309;1.426988853;1.432152103;1.438825943;1.447019491;1.456742963;1.468007692;1.480825500;1.495209157;1.511172142;1.528728603;1.547893311;1.568681064;1.591108425;1.615191869;1.640948264;1.668394834;1.697549082;1.728428589;1.761051296;1.795435273;1.831598175;1.869557494;1.909330485;1.950934592;1.994391514;2.039723694;2.086954512;2.136108897;2.187213578;2.240297357;2.295391422;2.352529698;2.411749236;2.473090656;2.536598628;2.602322431;2.670316554;2.740641387;2.813363976;2.888558876;2.966309092;3.046707129;;;;;;;;;;;;;;;;;;;;;;;;;;;;
-4.600;;;;;;;;;;;;;;;;;;;;;;;;;;;;;;;;;;;2.490422255;2.433646154;2.377852367;2.323264491;2.270066141;2.218405738;2.168400883;2.120142350;2.073697712;2.029114635;1.986423851;1.945641835;1.906773211;1.869812902;1.834748035;1.801559643;1.770224143;1.740714651;1.713002102;1.687056235;1.662846417;1.640342353;1.619514660;1.600335355;1.582778229;1.566819146;1.552436269;1.539610205;1.528324109;1.518563722;1.510317379;1.503575964;1.498332851;1.494583806;1.492326850;1.491562754;1.492294769;1.494527332;1.498265943;1.503517397;1.510289786;1.518592443;1.528435859;1.539831680;1.552792334;1.567331182;1.583462371;1.601200750;1.620561800;1.641561377;1.664216182;1.688543273;1.714559924;1.742283628;1.771731999;1.802922668;1.835873198;1.870600860;1.907123054;1.945459256;1.985629395;2.027654197;2.071555378;2.117355838;2.165079863;2.214753372;2.266404187;2.320062336;2.375760405;2.433533915;2.493421761;2.555466691;2.619715848;2.686221372;2.755041069;2.826239161;2.899887117;2.976064574;3.054860368;;;;;;;;;;;;;;;;;;;;;;;;;;;;;
-4.700;;;;;;;;;;;;;;;;;;;;;;;;;;;;;;;;;;;;2.506796850;2.451857799;2.397907595;2.345164463;2.293807414;2.243980976;2.195799505;2.149351123;2.104701295;2.061896065;2.020964990;1.981923769;1.944776610;1.909518339;1.876136273;1.844611882;1.814922249;1.787041340;1.760941115;1.736592477;1.713966082;1.693033021;1.673765389;1.656136743;1.640122472;1.625700079;1.612849394;1.601552714;1.591794892;1.583563373;1.576848188;1.571641911;1.567939589;1.565738643;1.565038749;1.565841711;1.568151313;1.571973172;1.577314620;1.584184735;1.592593786;1.602553042;1.614074768;1.627172146;1.641859217;1.658150814;1.676062463;1.695610298;1.716810942;1.739681465;1.764239266;1.790501874;1.818486860;1.848211969;1.879695472;1.912956005;1.948012603;1.984884784;2.023592646;2.064156996;2.106599492;2.150942820;2.197210893;2.245429080;2.295624472;2.347826174;2.402065647;2.458377080;2.516797815;2.577368823;2.640135233;2.705146920;2.772459169;2.842133400;2.914237990;2.988849172;;;;;;;;;;;;;;;;;;;;;;;;;;;;;;;
-4.800;;;;;;;;;;;;;;;;;;;;;;;;;;;;;;;;;;;;;;2.472447578;2.420459018;2.369671795;2.320260664;2.272366587;2.226100988;2.181549638;2.138776175;2.097825298;2.058725648;2.021492400;1.986129587;1.952632170;1.920987882;1.891178852;1.863183037;1.836975465;1.812529322;1.789816874;1.768810260;1.749482154;1.731806313;1.715758024;1.701314459;1.688454940;1.677161145;1.667417238;1.659209944;1.652528583;1.647365053;1.643713783;1.641571657;1.640937907;1.641813997;1.644203487;1.648111882;1.653546486;1.660516241;1.669031573;1.679104235;1.690747160;1.703974317;1.718800574;1.735241577;1.753313635;1.773033622;1.794418887;1.817487191;1.842256641;1.868745665;1.896972979;1.926957596;1.958718836;1.992276368;2.027650267;2.064861098;2.103930020;2.144878915;2.187730547;2.232508747;2.279238629;2.327946839;2.378661839;2.431414232;2.486237128;2.543166552;2.602241911;2.663506508;2.727008121;2.792799646;2.860939812;2.931493980;3.004535025;;;;;;;;;;;;;;;;;;;;;;;;;;;;;;;;
-4.900;;;;;;;;;;;;;;;;;;;;;;;;;;;;;;;;;;;;;;;2.495367244;2.445472830;2.396766174;2.349418137;2.303566462;2.259319975;2.216762412;2.175955894;2.136944069;2.099754951;2.064403466;2.030893742;1.999221139;1.969374057;1.941335535;1.915084647;1.890597724;1.867849409;1.846813564;1.827464039;1.809775311;1.793723024;1.779284411;1.766438638;1.755167062;1.745453416;1.737283934;1.730647416;1.725535256;1.721941411;1.719862357;1.719296996;1.720246558;1.722714467;1.726706208;1.732229177;1.739292523;1.747906992;1.758084771;1.769839329;1.783185271;1.798138192;1.814714550;1.832931538;1.852806977;1.874359224;1.897607087;1.922569765;1.949266804;1.977718066;2.007943723;2.039964274;2.073800576;2.109473907;2.147006047;2.186419390;2.227737077;2.270983168;2.316182836;2.363362602;2.412550601;2.463776891;2.517073803;2.572476338;2.630022613;2.689754363;2.751717502;2.815962751;2.882546335;2.951530759;3.022985670;;;;;;;;;;;;;;;;;;;;;;;;;;;;;;;;;
-5.000;;;;;;;;;;;;;;;;;;;;;;;;;;;;;;;;;;;;;;;;2.520572698;2.472919293;2.426431177;2.381275696;2.337587746;2.295473911;2.255016241;2.216275674;2.179295134;2.144102324;2.110712233;2.079129383;2.049349828;2.021362926;1.995152908;1.970700245;1.947982841;1.926977070;1.907658654;1.890003412;1.873987888;1.859589862;1.846788764;1.835566004;1.825905213;1.817792417;1.811216156;1.806167536;1.802640246;1.800630527;1.800137111;1.801161134;1.803706021;1.807777356;1.813382743;1.820531651;1.829235255;1.839506282;1.851358847;1.864808298;1.879871074;1.896564555;1.914906940;1.934917124;1.956614597;1.980019356;2.005151831;2.032032835;2.060683528;2.091125406;2.123380314;2.157470472;2.193418543;2.231247711;2.270981799;2.312645415;2.356264122;2.401864656;2.449475172;2.499125529;2.550847627;2.604675778;2.660647143;2.718802204;2.779185317;2.841845310;2.906836167;2.974217776;3.044056773;;;;;;;;;;;;;;;;;;;;;;;;;;;;;;;;;;
-5.100;;;;;;;;;;;;;;;;;;;;;;;;;;;;;;;;;;;;;;;;;;2.502770507;2.458651804;2.415830126;2.374437918;2.334579913;2.296336855;2.259768871;2.224918520;2.191813549;2.160469355;2.130891194;2.103076147;2.077014859;2.052693073;2.030092974;2.009194353;1.989975621;1.972414662;1.956489567;1.942179236;1.929463876;1.918325402;1.908747745;1.900717086;1.894222018;1.889253647;1.885805646;1.883874253;1.883458238;1.884558833;1.887179638;1.891326503;1.897007393;1.904232244;1.913012806;1.923362484;1.935296177;1.948830120;1.963981729;1.980769456;1.999212649;2.019331427;2.041146571;2.064679423;2.089951812;2.116985988;2.145804589;2.176430620;2.208887459;2.243198891;2.279389164;2.317483082;2.357506118;2.399484566;2.443445735;2.489418162;2.537431887;2.587518757;2.639712779;2.694050532;2.750571623;2.809319206;2.870340572;2.933687795;2.999418466;;;;;;;;;;;;;;;;;;;;;;;;;;;;;;;;;;;;
-5.200;;;;;;;;;;;;;;;;;;;;;;;;;;;;;;;;;;;;;;;;;;;2.534997287;2.493411125;2.453075540;2.414120967;2.376650719;2.340744650;2.306462484;2.273846824;2.242925852;2.213715761;2.186222926;2.160445828;2.136376769;2.114003369;2.093309886;2.074278353;2.056889563;2.041123910;2.026962092;2.014385698;2.003377694;1.993922796;1.986007776;1.979621672;1.974755948;1.971404576;1.969564082;1.969233538;1.970414517;1.973111020;1.977329371;1.983078098;1.990367794;1.999210964;2.009621870;2.021616372;2.035211762;2.050426611;2.067280613;2.085794443;2.105989625;2.127888412;2.151513681;2.176888851;2.204037810;2.232984877;2.263754775;2.296372635;2.330864027;2.367255020;2.405572269;2.445843144;2.488095882;2.532359793;2.578665488;2.627045169;2.677532956;2.730165265;2.784981245;2.842023270;2.901337500;2.962974503;;;;;;;;;;;;;;;;;;;;;;;;;;;;;;;;;;;;;;
-5.300;;;;;;;;;;;;;;;;;;;;;;;;;;;;;;;;;;;;;;;;;;;;;2.530685921;2.492998780;2.456632555;2.421689608;2.388249370;2.356371621;2.326099452;2.297461925;2.270476466;2.245150992;2.221485812;2.199475298;2.179109359;2.160374729;2.143256081;2.127736987;2.113800732;2.101431004;2.090612457;2.081331177;2.073575048;2.067334032;2.062600374;2.059368742;2.057636307;2.057402771;2.058670351;2.061443732;2.065729977;2.071538425;2.078880563;2.087769881;2.098221720;2.110253114;2.123882626;2.139130192;2.156016959;2.174565142;2.194797882;2.216739119;2.240413487;2.265846218;2.293063068;2.322090270;2.352954505;2.385682904;2.420303075;2.456843164;2.495331949;2.535798968;2.578274683;2.622790693;2.669379984;2.718077228;2.768919133;2.821944851;2.877196440;2.934719392;2.994563233;;;;;;;;;;;;;;;;;;;;;;;;;;;;;;;;;;;;;;;
-5.400;;;;;;;;;;;;;;;;;;;;;;;;;;;;;;;;;;;;;;;;;;;;;;;2.535573711;2.501954048;2.469684189;2.438843658;2.409492799;2.381675691;2.355422771;2.330753179;2.307676862;2.286196423;2.266308774;2.248006572;2.231279480;2.216115257;2.202500692;2.190422396;2.179867469;2.170824047;2.163281748;2.157232021;2.152668411;2.149586754;2.147985299;2.147864777;2.149228423;2.152081948;2.156433481;2.162293478;2.169674613;2.178591638;2.189061243;2.201101901;2.214733703;2.229978202;2.246858252;2.265397856;2.285622024;2.307556641;2.331228350;2.356664456;2.383892847;2.412941938;2.443840642;2.476618367;2.511305047;2.547931198;2.586528017;2.627127517;2.669762699;2.714467775;2.761278433;2.810232156;2.861368591;2.914729986;2.970361678;;;;;;;;;;;;;;;;;;;;;;;;;;;;;;;;;;;;;;;;;
-5.500;;;;;;;;;;;;;;;;;;;;;;;;;;;;;;;;;;;;;;;;;;;;;;;;;2.550045314;2.520598936;2.492495333;2.465795974;2.440546486;2.416779229;2.394515604;2.373768115;2.354542193;2.336837806;2.320650872;2.305974489;2.292799999;2.281117895;2.270918593;2.262193078;2.254933429;2.249133247;2.244787991;2.241895223;2.240454789;2.240468932;2.241942348;2.244882193;2.249298053;2.255201874;2.262607866;2.271532384;2.281993791;2.294012314;2.307609879;2.322809960;2.339637415;2.358118333;2.378279887;2.400150201;2.423758226;2.449133640;2.476306763;2.505308501;2.536170309;2.568924191;2.603602725;2.640239126;2.678867346;2.719522214;2.762239621;2.807056750;2.854012357;2.903147110;2.954503984;;;;;;;;;;;;;;;;;;;;;;;;;;;;;;;;;;;;;;;;;;;
-5.600;;;;;;;;;;;;;;;;;;;;;;;;;;;;;;;;;;;;;;;;;;;;;;;;;;;2.574366336;2.549138263;2.525215152;2.502644794;2.481462081;2.461691277;2.443348039;2.426441209;2.410974390;2.396947329;2.384357116;2.373199226;2.363468395;2.355159377;2.348267558;2.342789470;2.338723198;2.336068693;2.334828011;2.335005473;2.336607767;2.339643994;2.344125662;2.350066649;2.357483123;2.366393444;2.376818036;2.388779254;2.402301225;2.417409699;2.434131890;2.452496320;2.472532670;2.494271644;2.517744846;2.542984670;2.570024216;2.598897228;2.629638060;2.662281666;2.696863634;2.733420246;2.771988583;2.812606674;2.855313686;2.900150172;2.947158363;;;;;;;;;;;;;;;;;;;;;;;;;;;;;;;;;;;;;;;;;;;;;
-5.700;;;;;;;;;;;;;;;;;;;;;;;;;;;;;;;;;;;;;;;;;;;;;;;;;;;;;;2.587637465;2.567854380;2.549350571;2.532153830;2.516283624;2.501752852;2.488569389;2.476737436;2.466258694;2.457133371;2.449361047;2.442941389;2.437874758;2.434162697;2.431808317;2.430816598;2.431194607;2.432951649;2.436099349;2.440651695;2.446625015;2.454037937;2.462911297;2.473268039;2.485133086;2.498533195;2.513496811;2.530053914;2.548235860;2.568075238;2.589605732;2.612861990;2.637879517;2.664694591;2.693344192;2.723865969;2.756298235;2.790679994;2.827051008;2.865451910;2.905924352;;;;;;;;;;;;;;;;;;;;;;;;;;;;;;;;;;;;;;;;;;;;;;;;
-5.800;;;;;;;;;;;;;;;;;;;;;;;;;;;;;;;;;;;;;;;;;;;;;;;;;;;;;;;;2.635996906;2.620259210;2.605709509;2.592371802;2.580263757;2.569398219;2.559784533;2.551429684;2.544339282;2.538518391;2.533972235;2.530706772;2.528729163;2.528048140;2.528674293;2.530620268;2.533900902;2.538533301;2.544536860;2.551933244;2.560746325;2.571002099;2.582728573;2.595955633;2.610714907;2.627039613;2.644964412;2.664525263;2.685759281;2.708704613;2.733400328;2.759886329;2.788203284;2.818392593;2.850496380;2.884557526;;;;;;;;;;;;;;;;;;;;;;;;;;;;;;;;;;;;;;;;;;;;;;;;;;;
-5.900;;;;;;;;;;;;;;;;;;;;;;;;;;;;;;;;;;;;;;;;;;;;;;;;;;;;;;;;;;;;2.671323783;2.661671858;2.653144610;2.645757278;2.639522872;2.634453121;2.630559290;2.627852848;2.626346028;2.626052270;2.626986579;2.629165781;2.632608717;2.637336360;2.643371879;2.650740651;2.659470231;2.669590286;2.681132506;2.694130484;2.708619592;2.724636838;2.742220724;2.761411106;2.782249055;2.804776734;2.829037289;2.855074758;2.882934011;;;;;;;;;;;;;;;;;;;;;;;;;;;;;;;;;;;;;;;;;;;;;;;;;;;;;;
-6.000;;;;;;;;;;;;;;;;;;;;;;;;;;;;;;;;;;;;;;;;;;;;;;;;;;;;;;;;;;;;;;;;;2.730074407;2.726991130;2.724979392;2.724057661;2.724245180;2.725562389;2.728031263;2.731675551;2.736520956;2.742595238;2.749928265;2.758552019;2.768500554;2.779809929;2.792518112;2.806664864;2.822291615;2.839441325;2.858158349;;;;;;;;;;;;;;;;;;;;;;;;;;;;;;;;;;;;;;;;;;;;;;;;;;;;;;;;;;;
-6.100;;;;;;;;;;;;;;;;;;;;;;;;;;;;;;;;;;;;;;;;;;;;;;;;;;;;;;;;;;;;;;;;;;;;;;;;;;;;;;;;;;;;;;;;;;;;;;;;;;;;;;;;;;;;;;;;;;;;;;;;;;;;;;;;;;;;;;;;;;;;;;
-6.200;;;;;;;;;;;;;;;;;;;;;;;;;;;;;;;;;;;;;;;;;;;;;;;;;;;;;;;;;;;;;;;;;;;;;;;;;;;;;;;;;;;;;;;;;;;;;;;;;;;;;;;;;;;;;;;;;;;;;;;;;;;;;;;;;;;;;;;;;;;;;;
-6.300;;;;;;;;;;;;;;;;;;;;;;;;;;;;;;;;;;;;;;;;;;;;;;;;;;;;;;;;;;;;;;;;;;;;;;;;;;;;;;;;;;;;;;;;;;;;;;;;;;;;;;;;;;;;;;;;;;;;;;;;;;;;;;;;;;;;;;;;;;;;;;
-6.400;;;;;;;;;;;;;;;;;;;;;;;;;;;;;;;;;;;;;;;;;;;;;;;;;;;;;;;;;;;;;;;;;;;;;;;;;;;;;;;;;;;;;;;;;;;;;;;;;;;;;;;;;;;;;;;;;;;;;;;;;;;;;;;;;;;;;;;;;;;;;;
-6.500;;;;;;;;;;;;;;;;;;;;;;;;;;;;;;;;;;;;;;;;;;;;;;;;;;;;;;;;;;;;;;;;;;;;;;;;;;;;;;;;;;;;;;;;;;;;;;;;;;;;;;;;;;;;;;;;;;;;;;;;;;;;;;;;;;;;;;;;;;;;;;
-6.600;;;;;;;;;;;;;;;;;;;;;;;;;;;;;;;;;;;;;;;;;;;;;;;;;;;;;;;;;;;;;;;;;;;;;;;;;;;;;;;;;;;;;;;;;;;;;;;;;;;;;;;;;;;;;;;;;;;;;;;;;;;;;;;;;;;;;;;;;;;;;;
-6.700;;;;;;;;;;;;;;;;;;;;;;;;;;;;;;;;;;;;;;;;;;;;;;;;;;;;;;;;;;;;;;;;;;;;;;;;;;;;;;;;;;;;;;;;;;;;;;;;;;;;;;;;;;;;;;;;;;;;;;;;;;;;;;;;;;;;;;;;;;;;;;
-6.800;;;;;;;;;;;;;;;;;;;;;;;;;;;;;;;;;;;;;;;;;;;;;;;;;;;;;;;;;;;;;;;;;;;;;;;;;;;;;;;;;;;;;;;;;;;;;;;;;;;;;;;;;;;;;;;;;;;;;;;;;;;;;;;;;;;;;;;;;;;;;;
-6.900;;;;;;;;;;;;;;;;;;;;;;;;;;;;;;;;;;;;;;;;;;;;;;;;;;;;;;;;;;;;;;;;;;;;;;;;;;;;;;;;;;;;;;;;;;;;;;;;;;;;;;;;;;;;;;;;;;;;;;;;;;;;;;;;;;;;;;;;;;;;;;
-7.000;;;;;;;;;;;;;;;;;;;;;;;;;;;;;;;;;;;;;;;;;;;;;;;;;;;;;;;;;;;;;;;;;;;;;;;;;;;;;;;;;;;;;;;;;;;;;;;;;;;;;;;;;;;;;;;;;;;;;;;;;;;;;;;;;;;;;;;;;;;;;;
BACK [mm];-7.000;-6.900;-6.800;-6.700;-6.600;-6.500;-6.400;-6.300;-6.200;-6.100;-6.000;-5.900;-5.800;-5.700;-5.600;-5.500;-5.400;-5.300;-5.200;-5.100;-5.000;-4.900;-4.800;-4.700;-4.600;-4.500;-4.400;-4.300;-4.200;-4.100;-4.000;-3.900;-3.800;-3.700;-3.600;-3.500;-3.400;-3.300;-3.200;-3.100;-3.000;-2.900;-2.800;-2.700;-2.600;-2.500;-2.400;-2.300;-2.200;-2.100;-2.000;-1.900;-1.800;-1.700;-1.600;-1.500;-1.400;-1.300;-1.200;-1.100;-1.000;-0.900;-0.800;-0.700;-0.600;-0.500;-0.400;-0.300;-0.200;-0.100;0.000;0.100;0.200;0.300;0.400;0.500;0.600;0.700;0.800;0.900;1.000;1.100;1.200;1.300;1.400;1.500;1.600;1.700;1.800;1.900;2.000;2.100;2.200;2.300;2.400;2.500;2.600;2.700;2.800;2.900;3.000;3.100;3.200;3.300;3.400;3.500;3.600;3.700;3.800;3.900;4.000;4.100;4.200;4.300;4.400;4.500;4.600;4.700;4.800;4.900;5.000;5.100;5.200;5.300;5.400;5.500;5.600;5.700;5.800;5.900;6.000;6.100;6.200;6.300;6.400;6.500;6.600;6.700;6.800;6.900;7.000;
7.000;;;;;;;;;;;;;;;;;;;;;;;;;;;;;;;;;;;;;;;;;;;;;;;;;;;;;;;;;;;;;;;;;;;;;;;;;;;;;;;;;;;;;;;;;;;;;;;;;;;;;;;;;;;;;;;;;;;;;;;;;;;;;;;;;;;;;;;;;;;;;;
6.900;;;;;;;;;;;;;;;;;;;;;;;;;;;;;;;;;;;;;;;;;;;;;;;;;;;;;;;;;;;;;;;;;;;;;;;;;;;;;;;;;;;;;;;;;;;;;;;;;;;;;;;;;;;;;;;;;;;;;;;;;;;;;;;;;;;;;;;;;;;;;;
6.800;;;;;;;;;;;;;;;;;;;;;;;;;;;;;;;;;;;;;;;;;;;;;;;;;;;;;;;;;;;;;;;;;;;;;;;;;;;;;;;;;;;;;;;;;;;;;;;;;;;;;;;;;;;;;;;;;;;;;;;;;;;;;;;;;;;;;;;;;;;;;;
6.700;;;;;;;;;;;;;;;;;;;;;;;;;;;;;;;;;;;;;;;;;;;;;;;;;;;;;;;;;;;;;;;;;;;;;;;;;;;;;;;;;;;;;;;;;;;;;;;;;;;;;;;;;;;;;;;;;;;;;;;;;;;;;;;;;;;;;;;;;;;;;;
6.600;;;;;;;;;;;;;;;;;;;;;;;;;;;;;;;;;;;;;;;;;;;;;;;;;;;;;;;;;;;;;;;;;;;;;;;;;;;;;;;;;;;;;;;;;;;;;;;;;;;;;;;;;;;;;;;;;;;;;;;;;;;;;;;;;;;;;;;;;;;;;;
6.500;;;;;;;;;;;;;;;;;;;;;;;;;;;;;;;;;;;;;;;;;;;;;;;;;;;;;;;;;;;;;;;;;;;;;;;;;;;;;;;;;;;;;;;;;;;;;;;;;;;;;;;;;;;;;;;;;;;;;;;;;;;;;;;;;;;;;;;;;;;;;;
6.400;;;;;;;;;;;;;;;;;;;;;;;;;;;;;;;;;;;;;;;;;;;;;;;;;;;;;;;;;;;;;;;;;;;;;;;;;;;;;;;;;;;;;;;;;;;;;;;;;;;;;;;;;;;;;;;;;;;;;;;;;;;;;;;;;;;;;;;;;;;;;;
6.300;;;;;;;;;;;;;;;;;;;;;;;;;;;;;;;;;;;;;;;;;;;;;;;;;;;;;;;;;;;;;;;;;;;;;;;;;;;;;;;;;;;;;;;;;;;;;;;;;;;;;;;;;;;;;;;;;;;;;;;;;;;;;;;;;;;;;;;;;;;;;;
6.200;;;;;;;;;;;;;;;;;;;;;;;;;;;;;;;;;;;;;;;;;;;;;;;;;;;;;;;;;;;;;;;;;;;;;;;;;;;;;;;;;;;;;;;;;;;;;;;;;;;;;;;;;;;;;;;;;;;;;;;;;;;;;;;;;;;;;;;;;;;;;;
6.100;;;;;;;;;;;;;;;;;;;;;;;;;;;;;;;;;;;;;;;;;;;;;;;;;;;;;;;;;;;;;;;;;;;;;;;;;;;;;;;;;;;;;;;;;;;;;;;;;;;;;;;;;;;;;;;;;;;;;;;;;;;;;;;;;;;;;;;;;;;;;;
6.000;;;;;;;;;;;;;;;;;;;;;;;;;;;;;;;;;;;;;;;;;;;;;;;;;;;;;;;;;;;;;;;;;;;;;;;;;;;;;;;;;;;;;;;;;;;;;;;;;;;;;;;;;;;;;;;;;;;;;;;;;;;;;;;;;;;;;;;;;;;;;;
5.900;;;;;;;;;;;;;;;;;;;;;;;;;;;;;;;;;;;;;;;;;;;;;;;;;;;;;;;;;;;;;;;;;;;;;;;;;;;;;;;;;;;;;;;;;;;;;;;;;;;;;;;;;;;;;;;;;;;;;;;;;;;;;;;;;;;;;;;;;;;;;;
5.800;;;;;;;;;;;;;;;;;;;;;;;;;;;;;;;;;;;;;;;;;;;;;;;;;;;;;;;;;;;;;;;;;;;;;;;;;;;;;;;;;;;;;;;;;;;;;;;;;;;;;;;;;;;;;;;;;;;;;;;;;;;;;;;;;;;;;;;;;;;;;;
5.700;;;;;;;;;;;;;;;;;;;;;;;;;;;;;;;;;;;;;;;;;;;;;;;;;;;;;;;;;;;;;;;;;;;;;;;;;;;;;;;;;;;;;;;;;;;;;;;;;;;;;;;;;;;;;;;;;;;;;;;;;;;;;;;;;;;;;;;;;;;;;;
5.600;;;;;;;;;;;;;;;;;;;;;;;;;;;;;;;;;;;;;;;;;;;;;;;;;;;;;;;;;;;;;;;;;;;;;;;;;;;;;;;;;;;;;;;;;;;;;;;;;;;;;;;;;;;;;;;;;;;;;;;;;;;;;;;;;;;;;;;;;;;;;;
5.500;;;;;;;;;;;;;;;;;;;;;;;;;;;;;;;;;;;;;;;;;;;;;;;;;;;;;;;;;;;;;;;;;;;;;;;;;;;;;;;;;;;;;;;;;;;;;;;;;;;;;;;;;;;;;;;;;;;;;;;;;;;;;;;;;;;;;;;;;;;;;;
5.400;;;;;;;;;;;;;;;;;;;;;;;;;;;;;;;;;;;;;;;;;;;;;;;;;;;;;;;;;;;;;;;;;;;;;;;;;;;;;;;;;;;;;;;;;;;;;;;;;;;;;;;;;;;;;;;;;;;;;;;;;;;;;;;;;;;;;;;;;;;;;;
5.300;;;;;;;;;;;;;;;;;;;;;;;;;;;;;;;;;;;;;;;;;;;;;;;;;;;;;;;;;;;;;;;;;;;;;;;;;;;;;;;;;;;;;;;;;;;;;;;;;;;;;;;;;;;;;;;;;;;;;;;;;;;;;;;;;;;;;;;;;;;;;;
5.200;;;;;;;;;;;;;;;;;;;;;;;;;;;;;;;;;;;;;;;;;;;;;;;;;;;;;;;;;;;;;;;;;;;;;;;;;;;;;;;;;;;;;;;;;;;;;;;;;;;;;;;;;;;;;;;;;;;;;;;;;;;;;;;;;;;;;;;;;;;;;;
5.100;;;;;;;;;;;;;;;;;;;;;;;;;;;;;;;;;;;;;;;;;;;;;;;;;;;;;;;;;;;;;;;;;;;;;;;;;;;;;;;;;;;;;;;;;;;;;;;;;;;;;;;;;;;;;;;;;;;;;;;;;;;;;;;;;;;;;;;;;;;;;;
5.000;;;;;;;;;;;;;;;;;;;;;;;;;;;;;;;;;;;;;;;;;;;;;;;;;;;;;;;;;;;;;;;;;;;;;;;;;;;;;;;;;;;;;;;;;;;;;;;;;;;;;;;;;;;;;;;;;;;;;;;;;;;;;;;;;;;;;;;;;;;;;;
4.900;;;;;;;;;;;;;;;;;;;;;;;;;;;;;;;;;;;;;;;;;;;;;;;;;;;;;;;;;;;;;;;;;;;;;;;;;;;;;;;;;;;;;;;;;;;;;;;;;;;;;;;;;;;;;;;;;;;;;;;;;;;;;;;;;;;;;;;;;;;;;;
4.800;;;;;;;;;;;;;;;;;;;;;;;;;;;;;;;;;;;;;;;;;;;;;;;;;;;;;;;;;;;;;;;;;;;;;;;;;;;;;;;;;;;;;;;;;;;;;;;;;;;;;;;;;;;;;;;;;;;;;;;;;;;;;;;;;;;;;;;;;;;;;;
4.700;;;;;;;;;;;;;;;;;;;;;;;;;;;;;;;;;;;;;;;;;;;;;;;;;;;;;;;;;;;;;;;;;;;;;;;;;;;;;;;;;;;;;;;;;;;;;;;;;;;;;;;;;;;;;;;;;;;;;;;;;;;;;;;;;;;;;;;;;;;;;;
4.600;;;;;;;;;;;;;;;;;;;;;;;;;;;;;;;;;;;;;;;;;;;;;;;;;;;;;;;;;;;;;;;;;;;;;;;;;;;;;;;;;;;;;;;;;;;;;;;;;;;;;;;;;;;;;;;;;;;;;;;;;;;;;;;;;;;;;;;;;;;;;;
4.500;;;;;;;;;;;;;;;;;;;;;;;;;;;;;;;;;;;;;;;;;;;;;;;;;;;;;;;;;;;;;;;;;;;;;;;;;;;;;;;;;;;;;;;;;;;;;;;;;;;;;;;;;;;;;;;;;;;;;;;;;;;;;;;;;;;;;;;;;;;;;;
4.400;;;;;;;;;;;;;;;;;;;;;;;;;;;;;;;;;;;;;;;;;;;;;;;;;;;;;;;;;;;;;;;;;;;;;;;;;;1.560076077;1.563880800;1.569528988;1.577040485;1.586433431;1.597723920;1.610925680;;;;;;;;;;;;;;;;;;;;;;;;;;;;;;;;;;;;;;;;;;;;;;;;;;;;;;;;;;;;;;
4.300;;;;;;;;;;;;;;;;;;;;;;;;;;;;;;;;;;;;;;;;;;;;;;;;;;;;;;;;;;;;;;;;;;1.519511134;1.509634909;1.501417835;1.494877996;1.490034782;1.486908503;1.485520005;1.485890305;1.488040222;1.491990028;1.497759106;1.505365617;1.514826184;1.526155591;1.539366488;1.554469122;1.571471074;1.590377019;1.611188499;1.633903720;1.658517361;1.685020409;1.713400009;;;;;;;;;;;;;;;;;;;;;;;;;;;;;;;;;;;;;;;;;;;;;;;;;;;;;;
4.200;;;;;;;;;;;;;;;;;;;;;;;;;;;;;;;;;;;;;;;;;;;;;;;;;;;;;;;;;;;;;1.520471255;1.502768446;1.486664028;1.472163017;1.459273437;1.448005960;1.438373545;1.430391075;1.424074991;1.419442936;1.416513400;1.415305373;1.415838012;1.418130303;1.422200751;1.428067068;1.435745874;1.445252418;1.456600303;1.469801228;1.484864746;1.501798030;1.520605662;1.541289435;1.563848169;1.588277548;1.614569976;1.642714451;1.672696458;1.704497887;1.738096969;1.773468240;;;;;;;;;;;;;;;;;;;;;;;;;;;;;;;;;;;;;;;;;;;;;;;;;;
4.100;;;;;;;;;;;;;;;;;;;;;;;;;;;;;;;;;;;;;;;;;;;;;;;;;;;;;;;;;;1.511970330;1.489723975;1.469079076;1.450029672;1.432573556;1.416711957;1.402449224;1.389792488;1.378751326;1.369337424;1.361564237;1.355446656;1.351000679;1.348243090;1.347191142;1.347862253;1.350273709;1.354442378;1.360384433;1.368115087;1.377648342;1.388996742;1.402171150;1.417180528;1.434031731;1.452729326;1.473275409;1.495669452;1.519908156;1.545985328;1.573891775;1.603615208;1.635140184;1.668448045;1.703516902;1.740321620;1.778833843;1.819022026;;;;;;;;;;;;;;;;;;;;;;;;;;;;;;;;;;;;;;;;;;;;;;;
4.000;;;;;;;;;;;;;;;;;;;;;;;;;;;;;;;;;;;;;;;;;;;;;;;;;;;;;;;1.518876166;1.491994837;1.466752719;1.443131842;1.421118525;1.400703135;1.381879819;1.364646213;1.349003147;1.334954333;1.322506050;1.311666832;1.302447151;1.294859109;1.288916129;1.284632656;1.282023866;1.281105385;1.281893006;1.284402433;1.288649019;1.294647520;1.302411865;1.311954923;1.323288298;1.336422117;1.351364846;1.368123107;1.386701516;1.407102522;1.429326277;1.453370506;1.479230402;1.506898531;1.536364758;1.567616195;1.600637155;1.635409143;1.671910852;1.710118191;1.750004326;1.791539747;1.834692351;;;;;;;;;;;;;;;;;;;;;;;;;;;;;;;;;;;;;;;;;;;;;
3.900;;;;;;;;;;;;;;;;;;;;;;;;;;;;;;;;;;;;;;;;;;;;;;;;;;;;;1.509974456;1.479979890;1.451666240;1.425007758;1.399983127;1.376575276;1.354771158;1.334561508;1.315940577;1.298905851;1.283457768;1.269599424;1.257336277;1.246675857;1.237627476;1.230201941;1.224411280;1.220268470;1.217787170;1.216981474;1.217865660;1.220453956;1.224760312;1.230798184;1.238580325;1.248118585;1.259423727;1.272505243;1.287371188;1.304028025;1.322480475;1.342731388;1.364781616;1.388629911;1.414272825;1.441704639;1.470917292;1.501900341;1.534640932;1.569123787;1.605331215;1.643243140;1.682837147;1.724088551;1.766970481;1.811453983;1.857508140;1.905100209;;;;;;;;;;;;;;;;;;;;;;;;;;;;;;;;;;;;;;;;;;
3.800;;;;;;;;;;;;;;;;;;;;;;;;;;;;;;;;;;;;;;;;;;;;;;;;;;1.544316216;1.509323900;1.476104502;1.444620328;1.414838207;1.386729433;1.360269643;1.335438656;1.312220277;1.290602070;1.270575117;1.252133757;1.235275319;1.219999847;1.206309830;1.194209926;1.183706692;1.174808321;1.167524382;1.161865573;1.157843473;1.155470310;1.154758738;1.155721613;1.158371791;1.162721925;1.168784275;1.176570523;1.186091602;1.197357530;1.210377249;1.225158488;1.241707612;1.260029507;1.280127454;1.302003027;1.325655998;1.351084256;1.378283741;1.407248390;1.437970098;1.470438701;1.504641969;1.540565619;1.578193348;1.617506879;1.658486033;1.701108809;1.745351489;1.791188747;1.838593786;1.887538471;1.937993474;;;;;;;;;;;;;;;;;;;;;;;;;;;;;;;;;;;;;;;;
3.700;;;;;;;;;;;;;;;;;;;;;;;;;;;;;;;;;;;;;;;;;;;;;;;;1.555573569;1.517154999;1.480581418;1.445808405;1.412795885;1.381508160;1.351913869;1.323985902;1.297701250;1.273040834;1.249989297;1.228534778;1.208668671;1.190385378;1.173682047;1.158558324;1.145016090;1.133059214;1.122693306;1.113925474;1.106764099;1.101218603;1.097299238;1.095016877;1.094382817;1.095408584;1.098105757;1.102485788;1.108559840;1.116338622;1.125832243;1.137050066;1.150000568;1.164691218;1.181128352;1.199317060;1.219261089;1.240962747;1.264422819;1.289640501;1.316613339;1.345337188;1.375806174;1.408012687;1.441947374;1.477599161;1.514955282;1.554001329;1.594721321;1.637097783;1.681111847;1.726743358;1.773971000;1.822772425;1.873124389;1.925002884;;;;;;;;;;;;;;;;;;;;;;;;;;;;;;;;;;;;;;;
3.600;;;;;;;;;;;;;;;;;;;;;;;;;;;;;;;;;;;;;;;;;;;;;;;1.533717836;1.493647240;1.455451839;1.419085333;1.384505581;1.351674666;1.320558877;1.291128643;1.263358408;1.237226475;1.212714812;1.189808850;1.168497252;1.148771684;1.130626570;1.114058856;1.099067766;1.085654572;1.073822360;1.063575810;1.054920979;1.047865097;1.042416367;1.038583773;1.036376906;1.035805784;1.036880690;1.039612012;1.044010095;1.050085095;1.057846842;1.067304708;1.078467483;1.091343255;1.105939301;1.122261978;1.140316628;1.160107488;1.181637606;1.204908771;1.229921455;1.256674755;1.285166359;1.315392522;1.347348051;1.381026308;1.416419231;1.453517364;1.492309908;1.532784784;1.574928715;1.618727316;1.664165199;1.711226093;1.759892958;1.810148115;1.861973372;1.915350130;1.970259498;;;;;;;;;;;;;;;;;;;;;;;;;;;;;;;;;;;;;
3.500;;;;;;;;;;;;;;;;;;;;;;;;;;;;;;;;;;;;;;;;;;;;;1.559272128;1.515552602;1.473790238;1.433933370;1.395934127;1.359748609;1.325336976;1.292663460;1.261696312;1.232407703;1.204773577;1.178773481;1.154390372;1.131610404;1.110422706;1.090819162;1.072794177;1.056344458;1.041468790;1.028167822;1.016443861;1.006300671;0.997743284;0.990777817;0.985411300;0.981651513;0.979506828;0.978986059;0.980098324;0.982852908;0.987259132;0.993326235;1.001063251;1.010478899;1.021581472;1.034378742;1.048877851;1.065085231;1.083006509;1.102646434;1.124008800;1.147096388;1.171910905;1.198452946;1.226721955;1.256716205;1.288432789;1.321867625;1.357015473;1.393869967;1.432423666;1.472668113;1.514593910;1.558190808;1.603447805;1.650353255;1.698894977;1.749060375;1.800836545;1.854210378;1.909168647;1.965698068;2.023785326;;;;;;;;;;;;;;;;;;;;;;;;;;;;;;;;;;;
3.400;;;;;;;;;;;;;;;;;;;;;;;;;;;;;;;;;;;;;;;;;;;1.594077443;1.546552508;1.501071887;1.457579626;1.416023008;1.376352886;1.338523890;1.302494547;1.268227309;1.235688526;1.204848361;1.175680662;1.148162801;1.122275500;1.098002624;1.075330980;1.054250097;1.034752019;1.016831083;1.000483721;0.985708250;0.972504686;0.960874553;0.950820712;0.942347192;0.935459033;0.930162140;0.926463141;0.924369252;0.923888157;0.925027883;0.927796690;0.932202961;0.938255096;0.945961416;0.955330063;0.966368911;0.979085471;0.993486816;1.009579491;1.027369444;1.046861950;1.068061554;1.090972007;1.115596221;1.141936226;1.169993141;1.199767155;1.231257517;1.264462544;1.299379633;1.336005299;1.374335217;1.414364279;1.456086668;1.499495939;1.544585112;1.591346772;1.639773173;1.689856342;1.741588178;1.794960541;1.849965321;1.906594481;1.964840065;2.024694155;;;;;;;;;;;;;;;;;;;;;;;;;;;;;;;;;;
3.300;;;;;;;;;;;;;;;;;;;;;;;;;;;;;;;;;;;;;;;;;;1.586896859;1.537544409;1.490267287;1.445009037;1.401716177;1.360338564;1.320829640;1.283146568;1.247250295;1.213105535;1.180680703;1.149947804;1.120882283;1.093462861;1.067671344;1.043492427;1.020913487;0.999924385;0.980517259;0.962686330;0.946427710;0.931739224;0.918620236;0.907071487;0.897094942;0.888693651;0.881871610;0.876633641;0.872985271;0.870932627;0.870482324;0.871641374;0.874417089;0.878816989;0.884848718;0.892519957;0.901838345;0.912811401;0.925446443;0.939750519;0.955730331;0.973392174;0.992741867;1.013784699;1.036525374;1.060967968;1.087115890;1.114971852;1.144537856;1.175815180;1.208804384;1.243505331;1.279917209;1.318038576;1.357867417;1.399401207;1.442636991;1.487571465;1.534201076;1.582522110;1.632530790;1.684223361;1.737596167;1.792645704;1.849368645;1.907761828;1.967822190;2.029546635;;;;;;;;;;;;;;;;;;;;;;;;;;;;;;;;;
3.200;;;;;;;;;;;;;;;;;;;;;;;;;;;;;;;;;;;;;;;;;1.583445594;1.532234070;1.483127694;1.436069789;1.391006379;1.347886596;1.306662956;1.267291525;1.229732001;1.193947720;1.159905604;1.127576061;1.096932852;1.067952935;1.040616281;1.014905689;0.990806590;0.968306853;0.947396592;0.928067975;0.910315051;0.894133575;0.879520845;0.866475560;0.854997672;0.845088262;0.836749419;0.829984129;0.824796172;0.821190028;0.819170789;0.818744071;0.819915939;0.822692830;0.827081476;0.833088837;0.840722031;0.849988263;0.860894757;0.873448696;0.887657148;0.903527012;0.921064953;0.940277342;0.961170208;0.983749187;1.008019477;1.033985806;1.061652402;1.091022974;1.122100706;1.154888256;1.189387774;1.225600928;1.263528939;1.303172634;1.344532508;1.387608796;1.432401548;1.478910719;1.527136251;1.577078163;1.628736618;1.682111995;1.737204920;1.794016281;1.852547189;1.912798894;1.974772631;2.038469377;;;;;;;;;;;;;;;;;;;;;;;;;;;;;;;;
3.100;;;;;;;;;;;;;;;;;;;;;;;;;;;;;;;;;;;;;;;1.638994314;1.583703362;1.530604431;1.479639060;1.430750618;1.383884897;1.338990561;1.296019452;1.254926793;1.215671282;1.178215125;1.142523995;1.108566947;1.076316297;1.045747468;1.016838825;0.989571490;0.963929154;0.939897892;0.917465977;0.896623697;0.877363187;0.859678267;0.843564290;0.829018004;0.816037421;0.804621705;0.794771060;0.786486636;0.779770439;0.774625249;0.771054551;0.769062457;0.768653649;0.769833314;0.772607081;0.776980970;0.782961329;0.790554778;0.799768153;0.810608447;0.823082755;0.837198214;0.852961949;0.870381013;0.889462341;0.910212693;0.932638610;0.956746373;0.982541968;1.010031056;1.039218956;1.070110633;1.102710701;1.137023432;1.173052781;1.210802420;1.250275783;1.291476125;1.334406586;1.379070264;1.425470291;1.473609916;1.523492573;1.575121952;1.628502045;1.683637172;1.740531976;1.799191366;1.859620412;1.921824165;1.985807386;2.051574180;2.119127489;;;;;;;;;;;;;;;;;;;;;;;;;;;;;;
3.000;;;;;;;;;;;;;;;;;;;;;;;;;;;;;;;;;;;;;;1.644875363;1.587646080;1.532634965;1.479784200;1.429037453;1.380340537;1.333641893;1.288892939;1.246048289;1.205065886;1.165907043;1.128536421;1.092921959;1.059034757;1.026848938;0.996341480;0.967492048;0.940282804;0.914698231;0.890724951;0.868351548;0.847568410;0.828367570;0.810742566;0.794688308;0.780200963;0.767277847;0.755917328;0.746118745;0.737882329;0.731209141;0.726101002;0.722560448;0.720590673;0.720195485;0.721379256;0.724146883;0.728503737;0.734455623;0.742008732;0.751169591;0.761945018;0.774342070;0.788367989;0.804030156;0.821336034;0.840293121;0.860908897;0.883190785;0.907146104;0.932782036;0.960105596;0.989123614;1.019842718;1.052269335;1.086409700;1.122269873;1.159855773;1.199173215;1.240227966;1.283025805;1.327572587;1.373874313;1.421937206;1.471767770;1.523372850;1.576759666;1.631935830;1.688909317;1.747688402;1.808281523;1.870697084;1.934943157;2.001027080;2.068954921;2.138730786;;;;;;;;;;;;;;;;;;;;;;;;;;;;;
2.900;;;;;;;;;;;;;;;;;;;;;;;;;;;;;;;;;;;;;1.654432201;1.595245783;1.538301572;1.483542651;1.430913245;1.380359429;1.331829661;1.285275164;1.240650183;1.197912133;1.157021663;1.117942655;1.080642157;1.045090283;1.011260078;0.979127359;0.948670547;0.919870490;0.892710280;0.867175085;0.843251972;0.820929753;0.800198836;0.781051086;0.763479706;0.747479126;0.733044904;0.720173644;0.708862921;0.699111221;0.690917879;0.684283039;0.679207610;0.675693228;0.673742224;0.673357593;0.674542961;0.677302553;0.681641164;0.687564119;0.695077243;0.704186814;0.714899526;0.727222443;0.741162951;0.756728711;0.773927608;0.792767705;0.813257192;0.835404341;0.859217467;0.884704886;0.911874890;0.940735719;0.971295547;1.003562482;1.037544562;1.073249780;1.110686103;1.149861516;1.190784065;1.233461910;1.277903394;1.324117096;1.372111906;1.421897072;1.473482254;1.526877546;1.582093478;1.639140980;1.698031291;1.758775814;1.821385890;1.885872476;1.952245710;2.020514343;2.090685007;2.162761301;;;;;;;;;;;;;;;;;;;;;;;;;;;;
2.800;;;;;;;;;;;;;;;;;;;;;;;;;;;;;;;;;;;;1.667628593;1.606470599;1.547576518;1.490890597;1.436357862;1.383924892;1.333540393;1.285155621;1.238724672;1.194204657;1.151555786;1.110741380;1.071727821;1.034484457;0.998983475;0.965199750;0.933110676;0.902695994;0.873937618;0.846819456;0.821327250;0.797448418;0.775171911;0.754488079;0.735388557;0.717866165;0.701914810;0.687529423;0.674705885;0.663440979;0.653732348;0.645578460;0.638978576;0.633932734;0.630441721;0.628507062;0.628130999;0.629316474;0.632067108;0.636387182;0.642281609;0.649755904;0.658816153;0.669468978;0.681721489;0.695581249;0.711056222;0.728154727;0.746885389;0.767257092;0.789278929;0.812960163;0.838310184;0.865338479;0.894054605;0.924468169;0.956588822;0.990426261;1.025990240;1.063290591;1.102337262;1.143140354;1.185710175;1.230057296;1.276192607;1.324127373;1.373873291;1.425442519;1.478847700;1.534101945;1.591218787;1.650212077;1.711095816;1.773883911;1.838589826;1.905226117;1.973803833;2.044331744;2.116815379;;;;;;;;;;;;;;;;;;;;;;;;;;;;
2.700;;;;;;;;;;;;;;;;;;;;;;;;;;;;;;;;;;;1.684424166;1.621284782;1.560428451;1.501800846;1.445348047;1.391017366;1.338757985;1.288521414;1.240261819;1.193936220;1.149504603;1.106929944;1.066178173;1.027218087;0.990021232;0.954561754;0.920816235;0.888763521;0.858384550;0.829662177;0.802581012;0.777127266;0.753288609;0.731054043;0.710413790;0.691359194;0.673882642;0.657977491;0.643638018;0.630859375;0.619637560;0.609969389;0.601852487;0.595285270;0.590266948;0.586797511;0.584877732;0.584509163;0.585694123;0.588435696;0.592737709;0.598604724;0.606042007;0.615055504;0.625651806;0.637838116;0.651622198;0.667012341;0.684017305;0.702646274;0.722908806;0.744814785;0.768374375;0.793597976;0.820496195;0.849079807;0.879359743;0.911347070;0.945052998;0.980488878;1.017666233;1.056596776;1.097292457;1.139765506;1.184028482;1.230094331;1.277976435;1.327688655;1.379245363;1.432661450;1.487952305;1.545133751;1.604221928;1.665233113;1.728183446;1.793088567;1.859963120;1.928820118;1.999670134;2.072520298;2.147373058;;;;;;;;;;;;;;;;;;;;;;;;;;;
2.600;;;;;;;;;;;;;;;;;;;;;;;;;;;;;;;;;;1.704774531;1.639648809;1.576822470;1.516242886;1.457857434;1.401614400;1.347463662;1.295357202;1.245249464;1.197097591;1.150861550;1.106504180;1.063991168;1.023290972;0.984374706;0.947215997;0.911790825;0.878077352;0.846055746;0.815708012;0.787017826;0.759970384;0.734552258;0.710751278;0.688556414;0.667957689;0.648946101;0.631513559;0.615652840;0.601357553;0.588622117;0.577441749;0.567812461;0.559731062;0.553195163;0.548203188;0.544754384;0.542848830;0.542487445;0.543671990;0.546405070;0.550690125;0.556531423;0.563934036;0.572903820;0.583447383;0.595572048;0.609285815;0.624597310;0.641515740;0.660050841;0.680212827;0.702012337;0.725460389;0.750568332;0.777347812;0.805810732;0.835969235;0.867835683;0.901422656;0.936742951;0.973809607;1.012635923;1.053235498;1.095622270;1.139810568;1.185815157;1.233651288;1.283334735;1.334881819;1.388309411;1.443634898;1.500876114;1.560051203;1.621178429;1.684275882;1.749361088;1.816450492;1.885558787;1.956698071;2.029876796;2.105098484;2.182360167;;;;;;;;;;;;;;;;;;;;;;;;;;
2.500;;;;;;;;;;;;;;;;;;;;;;;;;;;;;;;;;1.728631471;1.661519542;1.596720268;1.534182991;1.473856644;1.415690720;1.359636017;1.305645201;1.253673206;1.203677498;1.155618229;1.109458304;1.065163369;1.022701744;0.982044320;0.943164411;0.906037603;0.870641579;0.836955944;0.804962055;0.774642856;0.745982723;0.718967321;0.693583485;0.669819108;0.647663052;0.627105075;0.608135775;0.590746547;0.574929561;0.560677746;0.547984787;0.536845135;0.527254016;0.519207457;0.512702301;0.507736238;0.504307821;0.502416493;0.502062599;0.503247405;0.505973099;0.510242794;0.516060519;0.523431206;0.532360670;0.542855574;0.554923399;0.568572399;0.583811553;0.600650519;0.619099574;0.639169565;0.660871853;0.684218260;0.709221021;0.735892744;0.764246370;0.794295145;0.826052607;0.859532569;0.894749129;0.931716680;0.970449930;1.010963940;1.053274163;1.097396485;1.143347274;1.191143426;1.240802393;1.292342208;1.345781475;1.401139334;1.458435378;1.517689509;1.578921724;1.642151814;1.707398947;1.774681125;1.844014486;1.915412421;1.988884484;2.064435052;2.142061714;2.221753336;;;;;;;;;;;;;;;;;;;;;;;;;
2.400;;;;;;;;;;;;;;;;;;;;;;;;;;;;;;;;;1.686850462;1.620080335;1.555584410;1.493313438;1.433218357;1.375251113;1.319365269;1.265516452;1.213662653;1.163764406;1.115784880;1.069689875;1.025447778;0.983029449;0.942408097;0.903559115;0.866459911;0.831089732;0.797429493;0.765461604;0.735169818;0.706539089;0.679555444;0.654205877;0.630478259;0.608361268;0.587844337;0.568917616;0.551571953;0.535798890;0.521590668;0.508940243;0.497841312;0.488288345;0.480276619;0.473802253;0.468862248;0.465454520;0.463577931;0.463232317;0.464418505;0.467138328;0.471394629;0.477191256;0.484533053;0.493425834;0.503876359;0.515892295;0.529482171;0.544655332;0.561421883;0.579792633;0.599779039;0.621393145;0.644647528;0.669555247;0.696129793;0.724385055;0.754335282;0.785995065;0.819379328;0.854503322;0.891382640;0.930033237;0.970471461;1.012714092;1.056778382;1.102682102;1.150443583;1.200081746;1.251616116;1.305066817;1.360454520;1.417800357;1.477125769;1.538452273;1.601801147;1.667192997;1.734647183;1.804181094;1.875809230;1.949542072;2.025384691;2.103335081;2.183382150;2.265503358;;;;;;;;;;;;;;;;;;;;;;;;
2.300;;;;;;;;;;;;;;;;;;;;;;;;;;;;;;;;1.715591962;1.646858234;1.580407614;1.516192939;1.454166846;1.394282655;1.336495041;1.280760530;1.227037835;1.175288068;1.125474852;1.077564339;1.031525168;0.987328373;0.944947249;0.904357197;0.865535552;0.828461407;0.793115434;0.759479712;0.727537574;0.697273453;0.668672763;0.641721784;0.616407573;0.592717899;0.570641185;0.550166483;0.531283453;0.513982367;0.498254125;0.484090275;0.471483054;0.460425424;0.450911128;0.442934728;0.436491665;0.431578303;0.428191974;0.426331019;0.425994822;0.427183833;0.429899590;0.434144722;0.439922951;0.447239077;0.456098962;0.466509494;0.478478554;0.492014966;0.507128445;0.523829544;0.542129589;0.562040619;0.583575325;0.606746989;0.631569427;0.658056942;0.686224278;0.716086587;0.747659403;0.780958631;0.816000542;0.852801783;0.891379401;0.931750864;0.973934107;1.017947570;1.063810244;1.111541704;1.161162149;1.212692405;1.266153916;1.321568697;1.378959226;1.438348294;1.499758758;1.563213209;1.628733519;1.696340247;1.766051884;1.837883901;1.911847577;1.987948560;2.066185143;2.146546194;2.229008706;;;;;;;;;;;;;;;;;;;;;;;;
2.200;;;;;;;;;;;;;;;;;;;;;;;;;;;;;;;1.747691706;1.677006936;1.608610603;1.542457923;1.478503486;1.416702223;1.357010143;1.299384873;1.243786049;1.190175552;1.138517649;1.088779030;1.040928780;0.994938294;0.950781147;0.908432945;0.867871148;0.829074892;0.792024807;0.756702847;0.723092117;0.691176736;0.660941695;0.632372751;0.605456332;0.580179472;0.556529755;0.534495288;0.514064690;0.495227097;0.477972181;0.462290189;0.448171979;0.435609080;0.424593746;0.415119020;0.407178794;0.400767875;0.395882043;0.392518101;0.390673929;0.390348517;0.391542001;0.394255679;0.398492023;0.404254679;0.411548453;0.420379291;0.430754244;0.442681430;0.456169983;0.471229996;0.487872461;0.506109206;0.525952826;0.547416618;0.570514516;0.595261032;0.621671204;0.649760545;0.679545010;0.711040968;0.744265183;0.779234817;0.815967435;0.854481024;0.894794022;0.936925359;0.980894498;1.026721477;1.074426950;1.124032217;1.175559235;1.229030600;1.284469497;1.341899593;1.401344869;1.462829371;1.526376862;1.592010347;1.659751462;1.729619690;1.801631376;1.875798509;1.952127247;2.030616124;2.111253924;2.194017146;2.278867042;;;;;;;;;;;;;;;;;;;;;;;
2.100;;;;;;;;;;;;;;;;;;;;;;;;;;;;;;1.783095049;1.710477214;1.640149285;1.572069161;1.506193660;1.442479570;1.380884456;1.321367262;1.263888740;1.208411735;1.154901343;1.103324979;1.053652359;1.005855425;0.959908223;0.915786753;0.873468794;0.832933723;0.794162329;0.757136634;0.721839725;0.688255598;0.656369022;0.626165424;0.597630794;0.570751611;0.545514797;0.521907682;0.499917998;0.479533888;0.460743932;0.443537186;0.427903236;0.413832261;0.401315097;0.390343316;0.380909299;0.373006310;0.366628573;0.361771333;0.358430926;0.356604827;0.356291694;0.357491405;0.360205078;0.364435081;0.370185034;0.377459791;0.386265421;0.396609168;0.408499409;0.421945599;0.436958212;0.453548673;0.471729291;0.491513189;0.512914226;0.535946940;0.560626474;0.586968524;0.614989289;0.644705430;0.676134042;0.709292639;0.744199146;0.780871915;0.819329735;0.859591872;0.901678101;0.945608757;0.991404772;1.039087725;1.088679864;1.140204124;1.193684105;1.249144021;1.306608588;1.366102850;1.427651923;1.491280628;1.557013006;1.624871684;1.694877064;1.767046302;1.841392059;1.917920970;1.996631799;2.077513243;2.160541329;2.245676353;2.332859313;;;;;;;;;;;;;;;;;;;;;;
2.000;;;;;;;;;;;;;;;;;;;;;;;;;;;;;;1.747218102;1.674977905;1.604985832;1.537201222;1.471582977;1.408090455;1.346684127;1.287326070;1.229980280;1.174612872;1.121192169;1.069688697;1.020075130;0.972326170;0.926418398;0.882330103;0.840041096;0.799532520;0.760786667;0.723786799;0.688516993;0.654961994;0.623107097;0.592938045;0.564440954;0.537602262;0.512408698;0.488847272;0.466905291;0.446570382;0.427830546;0.410674210;0.395090303;0.381068331;0.368598464;0.357671620;0.348279559;0.340414961;0.334071517;0.329243998;0.325928325;0.324121630;0.323822298;0.325030007;0.327745752;0.331971848;0.337711937;0.344970963;0.353755153;0.364071970;0.375930070;0.389339238;0.404310328;0.420855190;0.438986593;0.458718153;0.480064256;0.503039983;0.527661047;0.553943731;0.581904831;0.611561623;0.642931827;0.676033593;0.710885495;0.747506543;0.785916204;0.826134434;0.868181720;0.912079127;0.957848347;1.005511740;1.055092372;1.106614021;1.160101166;1.215578931;1.273072967;1.332609282;1.394213965;1.457912817;1.523730850;1.591691628;1.661816430;1.734123205;1.808625276;1.885329764;1.964235690;2.045331708;2.128593427;2.213980260;2.301431756;;;;;;;;;;;;;;;;;;;;;;
1.900;;;;;;;;;;;;;;;;;;;;;;;;;;;;;1.787177399;1.713049526;1.641165980;1.571488928;1.503979664;1.438599581;1.375310908;1.314077247;1.254863944;1.197638320;1.142369784;1.089029858;1.037592124;0.988032120;0.940327195;0.894456332;0.850399967;0.808139790;0.767658556;0.728939904;0.691968190;0.656728334;0.623205696;0.591385969;0.561255100;0.532799231;0.506004670;0.480857880;0.457345494;0.435454343;0.415171513;0.396484403;0.379380808;0.363849002;0.349877840;0.337456846;0.326576325;0.317227453;0.309402380;0.303094312;0.298297604;0.295007822;0.293221813;0.292937749;0.294155168;0.296874991;0.301099536;0.306832508;0.314078984;0.322845378;0.333139399;0.344969996;0.358347293;0.373282521;0.389787940;0.407876758;0.427563052;0.448861686;0.471788238;0.496358922;0.522590534;0.550500389;0.580106284;0.611426465;0.644479612;0.679284837;0.715861692;0.754230198;0.794410878;0.836424806;0.880293653;0.926039744;0.973686101;1.023256486;1.074775411;1.128268127;1.183760568;1.241279236;1.300851021;1.362502924;1.426261674;1.492153213;1.560202021;1.630430251;1.702856653;1.777495238;1.854353660;1.933431257;2.014716718;2.098185329;2.183795731;2.271486145;2.361169995;;;;;;;;;;;;;;;;;;;;;
1.800;;;;;;;;;;;;;;;;;;;;;;;;;;;;;1.754316564;1.680567021;1.609018922;1.539636246;1.472382686;1.407222458;1.344120908;1.283044931;1.223963240;1.166846516;1.111667453;1.058400720;1.007022869;0.957512193;0.909848556;0.864013203;0.819988560;0.777758041;0.737305856;0.698616835;0.661676276;0.626469803;0.592983257;0.561202610;0.531113902;0.502703207;0.475956621;0.450860277;0.427400374;0.405563233;0.385335368;0.366703568;0.349654992;0.334177276;0.320258638;0.307887994;0.297055068;0.287750503;0.279965963;0.273694232;0.268929301;0.265666443;0.263902279;0.263634827;0.264863538;0.267589318;0.271814532;0.277542995;0.284779950;0.293532030;0.303807211;0.315614749;0.328965110;0.343869898;0.360341766;0.378394337;0.398042114;0.419300397;0.442185200;0.466713182;0.492901575;0.520768131;0.550331082;0.581609105;0.614621308;0.649387232;0.685926864;0.724260667;0.764409616;0.806395256;0.850239750;0.895965947;0.943597425;0.993158539;1.044674441;1.098171069;1.153675088;1.211213787;1.270814885;1.332506253;1.396315524;1.462269563;1.530393768;1.600711191;1.673241423;1.747999225;1.824992857;1.904222069;1.985675696;2.069328829;2.155139476;2.243044686;2.332956047;;;;;;;;;;;;;;;;;;;;;
1.700;;;;;;;;;;;;;;;;;;;;;;;;;;;;1.798731354;1.723146292;1.649753259;1.578519238;1.509410499;1.442393497;1.377435544;1.314505288;1.253573031;1.194610909;1.137592963;1.082495126;1.029295140;0.977972420;0.928507887;0.880883778;0.835083443;0.791091141;0.748891848;0.708471066;0.669814666;0.632908736;0.597739465;0.564293047;0.532555618;0.502513207;0.474151732;0.447457004;0.422414761;0.399010725;0.377230674;0.357060532;0.338486470;0.321495018;0.306073187;0.292208589;0.279889563;0.269105297;0.259845945;0.252102743;0.245868105;0.241135719;0.237900625;0.236159277;0.235909597;0.237151006;0.239884444;0.244112369;0.249838749;0.257069027;0.265810083;0.276070178;0.287858883;0.301187012;0.316066529;0.332510468;0.350532837;0.370148528;0.391373231;0.414223345;0.438715903;0.464868507;0.492699268;0.522226762;0.553470007;0.586448443;0.621181941;0.657690818;0.695995872;0.736118428;0.778080397;0.821904337;0.867613516;0.915231980;0.964784593;1.016297067;1.069795958;1.125308612;1.182863054;1.242487804;1.304211587;1.368062940;1.434069662;1.502258108;1.572652277;1.645272671;1.720134886;1.797247895;1.876611979;1.958216263;2.042035793;2.128028117;2.216129291;2.306249259;2.398266528;;;;;;;;;;;;;;;;;;;;
1.600;;;;;;;;;;;;;;;;;;;;;;;;;;;1.846246742;1.768861625;1.693654464;1.620595589;1.549654149;1.480799102;1.413999964;1.349227352;1.286453353;1.225651744;1.166798097;1.109869782;1.054845902;1.001707169;0.950435737;0.901015013;0.853429451;0.807664346;0.763705625;0.721539659;0.681153086;0.642532658;0.605665109;0.570537058;0.537134930;0.505444910;0.475452924;0.447144649;0.420505542;0.395520894;0.372175911;0.350455802;0.330345886;0.311831718;0.294899210;0.279534769;0.265725430;0.253458994;0.242724158;0.233510641;0.225809302;0.219612244;0.214912914;0.211706175;0.209988377;0.209757400;0.211012691;0.213755272;0.217987742;0.223714256;0.230940493;0.239673602;0.249922143;0.261696016;0.275006374;0.289865538;0.306286897;0.324284817;0.343874544;0.365072107;0.387894236;0.412358277;0.438482128;0.466284180;0.495783275;0.526998679;0.559950076;0.594657568;0.631141707;0.669423532;0.709524619;0.751467152;0.795273992;0.840968747;0.888575848;0.938120600;0.989629214;1.043128816;1.098647392;1.156213681;1.215856993;1.277606914;1.341492904;1.407543741;1.475786790;1.546247073;1.618946098;1.693900407;1.771119816;1.850605288;1.932346395;2.016318321;2.102478344;2.190761732;2.281076995;2.373300418;;;;;;;;;;;;;;;;;;;;
1.500;;;;;;;;;;;;;;;;;;;;;;;;;;;1.817671948;1.740686110;1.665833242;1.593085698;1.522415223;1.453793790;1.387194213;1.322590569;1.259958469;1.199275195;1.140519730;1.083672713;1.028716321;0.975634114;0.924410845;0.875032253;0.827484844;0.781755689;0.737832215;0.695702023;0.655352723;0.616771796;0.579946482;0.544863697;0.511509976;0.479871453;0.449933858;0.421682551;0.395102574;0.370178726;0.346895661;0.325238000;0.305190455;0.286737965;0.269865842;0.254559915;0.240806677;0.228593434;0.217908438;0.208741026;0.201081739;0.194922428;0.190256357;0.187078275;0.185384483;0.185172878;0.186442983;0.189195953;0.193434567;0.199163208;0.206387813;0.215115826;0.225356121;0.237118928;0.250415738;0.265259212;0.281663076;0.299642023;0.319211610;0.340388161;0.363188678;0.387630759;0.413732528;0.441512581;0.470989942;0.502184046;0.535114726;0.569802233;0.606267261;0.644530999;0.684615190;0.726542208;0.770335135;0.816017851;0.863615104;0.913152584;0.964656962;1.018155895;1.073677990;1.131252697;1.190910124;1.252680746;1.316594988;1.382682666;1.450972237;1.521489844;1.594258114;1.669294672;1.746610328;1.826206894;1.908074576;1.992188893;2.078507062;2.166963781;2.257466355;2.349889072;2.444066774;;;;;;;;;;;;;;;;;;;
1.400;;;;;;;;;;;;;;;;;;;;;;;;;;;1.790813405;1.714201706;1.639678697;1.567219221;1.496797977;1.428390215;1.361972222;1.297521640;1.235017647;1.174441017;1.115774095;1.059000695;1.004105953;0.951076139;0.899898448;0.850560782;0.803051535;0.757359377;0.713473062;0.671381254;0.631072377;0.592534493;0.555755205;0.520721602;0.487420216;0.455837031;0.425957497;0.397766587;0.371248875;0.346388627;0.323169920;0.301576774;0.281593290;0.263203806;0.246393054;0.231146314;0.217449578;0.205289698;0.194654538;0.185533106;0.177915680;0.171793923;0.167160974;0.164011528;0.162341896;0.162150046;0.163435628;0.166199974;0.170446088;0.176178608;0.183403762;0.192129303;0.202364431;0.214119707;0.227406956;0.242239161;0.258630363;0.276595548;0.296150543;0.317311918;0.340096893;0.364523253;0.390609279;0.418373700;0.447835645;0.479014633;0.511930569;0.546603763;0.583054972;0.621305453;0.661377036;0.703292212;0.747074219;0.792747143;0.840336004;0.889866834;0.941366728;0.994863864;1.050387465;1.107967704;1.167635514;1.229422302;1.293359524;1.359478115;1.427807720;1.498375722;1.571206002;1.646317421;1.723721955;1.803422450;1.885409945;1.969660509;2.056131519;2.144757335;2.235444289;2.328064910;2.422451320;;;;;;;;;;;;;;;;;;;
1.300;;;;;;;;;;;;;;;;;;;;;;;;;;1.844003770;1.765672626;1.689408747;1.615190410;1.542995334;1.472801464;1.404587522;1.338333393;1.274020343;1.211631116;1.151149938;1.092562428;1.035855467;0.981017009;0.928035879;0.876901549;0.827603913;0.780133067;0.734479107;0.690631944;0.648581136;0.608315765;0.569824323;0.533094647;0.498113873;0.464868428;0.433344050;0.403525832;0.375398302;0.348945514;0.324151168;0.300998745;0.279471657;0.259553400;0.241227726;0.224478813;0.209291428;0.195651102;0.183544286;0.172958502;0.163882489;0.156306326;0.150221542;0.145621215;0.142500044;0.140854407;0.140682396;0.141983838;0.144760287;0.149015004;0.154752920;0.161980573;0.170706042;0.180938861;0.192689922;0.205971372;0.220796502;0.237179638;0.255136025;0.274681722;0.295833493;0.318608718;0.343025308;0.369101638;0.396856491;0.426309030;0.457478781;0.490385641;0.525049903;0.561492308;0.599734109;0.639797153;0.681703983;0.725477936;0.771143256;0.818725194;0.868250097;0.919745471;0.973240009;1.028763565;1.086347061;1.146022302;1.207821689;1.271777789;1.337922751;1.406287527;1.476900872;1.549788077;1.624969407;1.702458186;1.782258497;1.864362425;1.948746809;2.035369421;2.124164518;2.215037696;2.307859959;2.402460938;;;;;;;;;;;;;;;;;;;
1.200;;;;;;;;;;;;;;;;;;;;;;;;;;1.820220334;1.742254040;1.666310593;1.592371051;1.520416331;1.450427839;1.382387920;1.316280128;1.252089365;1.189801912;1.129405367;1.070888518;1.014241175;0.959453959;0.906518080;0.855425110;0.806166752;0.758734626;0.713120074;0.669313986;0.627306655;0.587087662;0.548645790;0.511968977;0.477044294;0.443857959;0.412395379;0.382641223;0.354579514;0.328193747;0.303467030;0.280382235;0.258922162;0.239069715;0.220808082;0.204120913;0.188992505;0.175407972;0.163353412;0.152816066;0.143784460;0.136248531;0.130199740;0.125631161;0.122537556;0.120915426;0.120763039;0.122080444;0.124869460;0.129133641;0.134878235;0.142110115;0.150837700;0.161070859;0.172820812;0.186100018;0.200922054;0.217301505;0.235253840;0.254795302;0.275942802;0.298713826;0.323126347;0.349198764;0.376949852;0.406398733;0.437564866;0.470468065;0.505128536;0.541566933;0.579804436;0.619862853;0.661764719;0.705533427;0.751193340;0.798769912;0.848289790;0.899780889;0.953272428;1.008794921;1.066380080;1.126060644;1.187870085;1.251842174;1.318010390;1.386407124;1.457062652;1.530003838;1.605252534;1.682823612;1.762722597;1.844942844;1.929462191;2.016239038;2.105207779;2.196273505;2.289305926;2.384132396;2.480529973;;;;;;;;;;;;;;;;;;
1.100;;;;;;;;;;;;;;;;;;;;;;;;;1.877822351;1.798195867;1.720564566;1.644913198;1.571225952;1.499487184;1.429681934;1.361796256;1.295817403;1.231733892;1.169535470;1.109213004;1.050758321;0.994164007;0.939423179;0.886529256;0.835475721;0.786255901;0.738862754;0.693288689;0.649525403;0.607563760;0.567393688;0.529004126;0.492382986;0.457517166;0.424392581;0.392994229;0.363306288;0.335312228;0.308994954;0.284336959;0.261320497;0.239927764;0.220141087;0.201943112;0.185317003;0.170246622;0.156716717;0.144713087;0.134222749;0.125234074;0.117736920;0.111722737;0.107184658;0.104117565;0.102518134;0.102384861;0.103718062;0.106519856;0.110794127;0.116546465;0.123784094;0.132515782;0.142751737;0.154503502;0.167783831;0.182606567;0.198986523;0.216939352;0.236481442;0.257629798;0.280401953;0.304815886;0.330889955;0.358642859;0.388093606;0.419261524;0.452166275;0.486827907;0.523266926;0.561504383;0.601561986;0.643462224;0.687228504;0.732885282;0.780458201;0.829974203;0.881461621;0.934950230;0.990471238;1.048057210;1.107741889;1.169559910;1.233546359;1.299736172;1.368163319;1.438859760;1.511854111;1.587170001;1.664824051;1.744823451;1.827163046;1.911821905;1.998759291;2.087909962;2.179178738;2.272434245;2.367501760;2.464155058;;;;;;;;;;;;;;;;;;
1.000;;;;;;;;;;;;;;;;;;;;;;;;;1.857219067;1.777940579;1.700613187;1.625224687;1.551762671;1.480215127;1.410570835;1.342819601;1.276952368;1.212961208;1.150839236;1.090580463;1.032179602;0.975631844;0.920932622;0.868077375;0.817061306;0.767879174;0.720525088;0.674992344;0.631273277;0.589359160;0.549240125;0.510905129;0.474341943;0.439537188;0.406476386;0.375144058;0.345523830;0.317598582;0.291350595;0.266761737;0.243813642;0.222487911;0.202766314;0.184630988;0.168064644;0.153050760;0.139573764;0.127619216;0.117173962;0.108226282;0.100766015;0.094784662;0.090275472;0.087233502;0.085655657;0.085540707;0.086889279;0.089703831;0.093988602;0.099749549;0.106994260;0.115731861;0.125972898;0.137729228;0.151013882;0.165840947;0.182225430;0.200183132;0.219730538;0.240884697;0.263663137;0.288083779;0.314164880;0.341924994;0.371382957;0.402557892;0.435469248;0.470136858;0.506581017;0.544822596;0.584883162;0.626785117;0.670551856;0.716207912;0.763779110;0.813292697;0.864777446;0.918263722;0.973783485;1.031370218;1.091058758;1.152885003;1.216885478;1.283096710;1.351554407;1.422292381;1.495341184;1.570726419;1.648466671;1.728571006;1.811035987;1.895842142;1.982949823;2.072294375;2.163780556;2.257276108;2.352604408;2.449536091;;;;;;;;;;;;;;;;;;
0.900;;;;;;;;;;;;;;;;;;;;;;;;;1.838430712;1.759466168;1.682410522;1.607254921;1.533990576;1.462609231;1.393103467;1.325466847;1.259693951;1.195780317;1.133722307;1.073516924;1.015161597;0.958653942;0.903991515;0.851171576;0.800190855;0.751045347;0.703730127;0.658239197;0.614565363;0.572700152;0.532633756;0.494355023;0.457851473;0.423109349;0.390113704;0.358848510;0.329296799;0.301440817;0.275262207;0.250742198;0.227861810;0.206602065;0.186944199;0.168869875;0.152361395;0.137401896;0.123975544;0.112067713;0.101665140;0.092756075;0.085330396;0.079379715;0.074897456;0.071878906;0.070321250;0.070223576;0.071586862;0.074413937;0.078709425;0.084479667;0.091732631;0.100477800;0.110726059;0.122489564;0.135781608;0.150616491;0.167009383;0.184976196;0.204533461;0.225698226;0.248487953;0.272920451;0.299013812;0.326786387;0.356256772;0.387443830;0.420366735;0.455045045;0.491498801;0.529748645;0.569815964;0.611723051;0.655493265;0.701151211;0.748722901;0.798235905;0.849719471;0.903204602;0.958724073;1.016312366;1.076005508;1.137840779;1.201856267;1.268090243;1.336580311;1.407362313;1.480468926;1.555927931;1.633760083;1.713976545;1.796575815;1.881540101;1.968831057;2.058384824;2.150106290;2.243862484;2.339475025;2.436711522;2.535275823;;;;;;;;;;;;;;;;;
0.800;;;;;;;;;;;;;;;;;;;;;;;;1.902031149;1.821471325;1.742785394;1.665968405;1.591015091;1.517920429;1.446680004;1.377290209;1.309748326;1.244052492;1.180201592;1.118195087;1.058032806;0.999714709;0.943240641;0.888610082;0.835821912;0.784874186;0.735763942;0.688487034;0.643037992;0.599409929;0.557594474;0.517581744;0.479360357;0.442917471;0.408238866;0.375309049;0.344111387;0.314628268;0.286841282;0.260731414;0.236279253;0.213465215;0.192269760;0.172673622;0.154658027;0.138204910;0.123297121;0.109918617;0.098054644;0.087691891;0.078818635;0.071424858;0.065502341;0.061044737;0.058047618;0.056508494;0.056426818;0.057803954;0.060643135;0.064949391;0.070729466;0.077991714;0.086745982;0.097003481;0.108776656;0.122079041;0.136925121;0.153330193;0.171310238;0.190881791;0.212061844;0.234867744;0.259317126;0.285427862;0.313218037;0.342705951;0.373910147;0.406849473;0.441543162;0.478010953;0.516273225;0.556351158;0.598266908;0.642043795;0.687706497;0.735281228;0.784795910;0.836280309;0.889766124;0.945287019;1.002878567;1.062578092;1.124424376;1.188457212;1.254716765;1.323242706;1.394073085;1.467242900;1.542782306;1.620714438;1.701052765;1.783797934;1.868934037;1.956424232;2.046205641;2.138183444;2.232224100;2.328147579;2.425718526;2.524636253;;;;;;;;;;;;;;;;;
0.700;;;;;;;;;;;;;;;;;;;;;;;;1.886632048;1.806355395;1.727911677;1.651299484;1.576517313;1.503564005;1.432439013;1.363142522;1.295675457;1.230039400;1.166236441;1.104268975;1.044139470;0.985850222;0.929403101;0.874799304;0.822039122;0.771121737;0.722045035;0.674805461;0.629397903;0.585815620;0.544050194;0.504091537;0.465927920;0.429546043;0.394931137;0.362067095;0.330936627;0.301521444;0.273802451;0.247759967;0.223373945;0.200624210;0.179490685;0.159953634;0.141993886;0.125593058;0.110733764;0.097399809;0.085576369;0.075250146;0.066409505;0.059044590;0.053147410;0.048711900;0.045733968;0.044211498;0.044144344;0.045534293;0.048385008;0.052701949;0.058492274;0.065764731;0.074529526;0.084798194;0.096583447;0.109899038;0.124759608;0.141180547;0.159177859;0.178768041;0.199967977;0.222794844;0.247266051;0.273399191;0.301212030;0.330722513;0.361948813;0.394909399;0.429623140;0.466109433;0.504388363;0.544480880;0.586408994;0.630195986;0.675866614;0.723447322;0.772966420;0.824454244;0.877943260;0.933468103;0.991065536;1.050774293;1.112634789;1.176688667;1.242978144;1.311545128;1.382430061;1.455670447;1.531299019;1.609341490;1.689813836;1.772719051;1.858043303;1.945751428;2.035781687;2.128039690;2.222391424;2.318655271;2.416592932;2.515899135;;;;;;;;;;;;;;;;;
0.600;;;;;;;;;;;;;;;;;;;;;;;;1.873130825;1.793097475;1.714858699;1.638416833;1.563774254;1.490933716;1.419898529;1.350672605;1.283260411;1.217666837;1.153897012;1.091956080;1.031848954;0.973580056;0.917153070;0.862570697;0.809834436;0.758944387;0.709899094;0.662695411;0.617328414;0.573791348;0.532075614;0.492170789;0.454064689;0.417743463;0.383191717;0.350392669;0.319328326;0.289979687;0.262326962;0.236349796;0.212027514;0.189339367;0.168264771;0.148783556;0.130876197;0.114524044;0.099709527;0.086416356;0.074629698;0.064336326;0.055524755;0.048185349;0.042310397;0.037894176;0.034932973;0.033425089;0.033370820;0.034772407;0.037633967;0.041961407;0.047762312;0.055045825;0.063822511;0.074104210;0.085903890;0.099235495;0.114113791;0.130554222;0.148572778;0.168185868;0.189410219;0.212262788;0.236760701;0.262921222;0.290761739;0.320299797;0.351553148;0.384539840;0.419278336;0.455787664;0.494087588;0.534198816;0.576143209;0.619944012;0.665626088;0.713216139;0.762742914;0.814237380;0.867732843;0.923265003;0.980871916;1.040593850;1.102472988;1.166552968;1.232878222;1.301493067;1.372440515;1.445760766;1.521489318;1.599654653;1.680275443;1.763357207;1.848888358;1.936835561;2.027138340;2.119702830;2.214394605;2.311030471;2.409369133;2.509100632;;;;;;;;;;;;;;;;;
0.500;;;;;;;;;;;;;;;;;;;;;;;;1.861542642;1.781711800;1.703640045;1.627333598;1.552798786;1.480042281;1.409071199;1.339893086;1.272515817;1.206947433;1.143195919;1.081268970;1.021173732;0.962916541;0.906502678;0.851936133;0.799219401;0.748353303;0.699336847;0.652167118;0.606839213;0.563346217;0.521679209;0.481827316;0.443777797;0.407516161;0.373026320;0.340290762;0.309290754;0.280006558;0.252417673;0.226503076;0.202241474;0.179611567;0.158592295;0.139163095;0.121304133;0.104996541;0.090222623;0.076966052;0.065212042;0.054947501;0.046161149;0.038843628;0.032987565;0.028587623;0.025640517;0.024145008;0.024101866;0.025513815;0.028385450;0.032723137;0.038534897;0.045830268;0.054620166;0.064916727;0.076733151;0.090083546;0.104982771;0.121446288;0.139490029;0.159130269;0.180383530;0.203266497;0.227795965;0.253988813;0.281862008;0.311432642;0.342718004;0.375735683;0.410503704;0.447040699;0.485366099;0.525500360;0.567465196;0.611283835;0.656981270;0.704584506;0.754122782;0.805627766;0.859133687;0.914677406;0.972298390;1.032038561;1.093942007;1.158054518;1.224422898;1.293094039;1.364113704;1.437524965;1.513366264;1.591669031;1.672454804;1.755731784;1.841490767;1.929700367;2.020301458;2.113200751;2.208263411;2.305304619;2.404079977;2.504274646;2.605491096;;;;;;;;;;;;;;;;
0.400;;;;;;;;;;;;;;;;;;;;;;;1.933267818;1.851881738;1.772211947;1.694268855;1.618062660;1.543603661;1.470902410;1.399969748;1.330816730;1.263454489;1.197894031;1.134146003;1.072220442;1.012126508;0.953872229;0.897464263;0.842907674;0.790205743;0.739359815;0.690369171;0.643230953;0.597940122;0.554489453;0.512869580;0.473069064;0.435074512;0.398870716;0.364440828;0.331766559;0.300828401;0.271605863;0.244077726;0.218222302;0.194017701;0.171442095;0.150473986;0.131092455;0.113277412;0.097009821;0.082271916;0.069047391;0.057321568;0.047081543;0.038316306;0.031016827;0.025176125;0.020789297;0.017853531;0.016368083;0.016334231;0.017755206;0.020636099;0.024983751;0.030806619;0.038114638;0.046919063;0.057232309;0.069067788;0.082439744;0.097363093;0.113853280;0.131926132;0.151597750;0.172884402;0.195802450;0.220368311;0.246598430;0.274509306;0.304117537;0.335439911;0.368493523;0.403295935;0.439865364;0.478220897;0.518382740;0.560372471;0.604213325;0.649930460;0.697551230;0.747105429;0.798625499;0.852146684;0.907707111;0.965347767;1.025112361;1.087047030;1.151199859;1.217620184;1.286357641;1.357460906;1.430976094;1.506944760;1.585401437;1.666370675;1.749863491;1.835873172;1.924370359;2.015297321;2.108561343;2.204027130;2.301508120;2.400756626;2.501452659;2.603191346;;;;;;;;;;;;;;;;
0.300;;;;;;;;;;;;;;;;;;;;;;;1.925394866;1.844161094;1.764610510;1.686757520;1.610616341;1.536201223;1.463526532;1.392606716;1.323456197;1.256089187;1.190519464;1.126760129;1.064823336;1.004720038;0.946459730;0.890050225;0.835497445;0.782805253;0.731975315;0.683007007;0.635897358;0.590641036;0.547230372;0.505655428;0.465904098;0.427962246;0.391813874;0.357441319;0.324825473;0.293946026;0.264781719;0.237310615;0.211510373;0.187358522;0.164832742;0.143911128;0.124572456;0.106796422;0.090563882;0.075857053;0.062659707;0.050957334;0.040737278;0.031988850;0.024703405;0.018874401;0.014497417;0.011570153;0.010092395;0.010065958;0.011494603;0.014383933;0.018741271;0.024575514;0.031896986;0.040717272;0.051049048;0.062905913;0.076302216;0.091252900;0.107773350;0.125879251;0.145586479;0.166911005;0.189868824;0.214475924;0.240748276;0.268701865;0.298352758;0.329717207;0.362811788;0.397653579;0.434260369;0.472650900;0.512845133;0.554864532;0.598732365;0.644473999;0.692117194;0.741692366;0.793232813;0.846774889;0.902358091;0.960025050;1.019821391;1.081795435;1.145997714;1.212480250;1.281295577;1.352495444;1.426129164;1.502241549;1.580870377;1.662043330;1.745774337;1.832059249;1.920870769;2.012152555;2.105812408;2.201714453;2.299670200;2.399428399;2.500663549;2.602962962;;;;;;;;;;;;;;;;
0.200;;;;;;;;;;;;;;;;;;;;;;;1.919518916;1.838392149;1.758918824;1.681117407;1.605006134;1.530603154;1.457926544;1.386994226;1.317823815;1.250432412;1.184836363;1.121050996;1.059090363;0.998966977;0.940691577;0.884272905;0.829717529;0.777029688;0.726211181;0.677261298;0.630176792;0.584951891;0.541578349;0.500045543;0.460340601;0.422448561;0.386352572;0.352034103;0.319473193;0.288648708;0.259538615;0.232120261;0.206370666;0.182266805;0.159785894;0.138905667;0.119604635;0.101862336;0.085659567;0.070978587;0.057803305;0.046119432;0.035914619;0.027178550;0.019903018;0.014081968;0.009711502;0.006789870;0.005317420;0.005296528;0.006731507;0.009628483;0.013995266;0.019841194;0.027176972;0.036014501;0.046366697;0.058247320;0.071670797;0.086652061;0.103206396;0.121349306;0.141096401;0.162463307;0.185465608;0.210118821;0.236438400;0.264439780;0.294138462;0.325550135;0.358690833;0.393577136;0.430226400;0.468657026;0.508888743;0.550942928;0.594842918;0.640614340;0.688285419;0.737887267;0.789454128;0.843023561;0.898636546;0.956337476;1.016174021;1.078196828;1.142459014;1.209015435;1.277921670;1.349232686;1.423001131;1.499275200;1.578096027;1.659494515;1.743487570;1.830073634;1.919227459;2.010894028;2.104981537;2.201353340;2.299818747;2.400122585;2.501933375;2.604830031;;;;;;;;;;;;;;;;
0.100;;;;;;;;;;;;;;;;;;;;;;;1.915649554;1.834584537;1.755146705;1.677358609;1.601242470;1.526820249;1.454113607;1.383143780;1.313931394;1.246496234;1.180856992;1.117031001;1.055033976;0.994879764;0.936580116;0.880144488;0.825579881;0.772890710;0.722078721;0.673142946;0.626079705;0.580882643;0.537542817;0.496048809;0.456386889;0.418541199;0.382493970;0.348225764;0.315715737;0.284941915;0.255881485;0.228511090;0.202807128;0.178746046;0.156304636;0.135460308;0.116191358;0.098477216;0.082298676;0.067638094;0.054479569;0.042809096;0.032614681;0.023886437;0.016616644;0.010799773;0.006432494;0.003513638;0.002044147;0.002026980;0.003467014;0.006370912;0.010746971;0.016604968;0.023955979;0.032812203;0.043186778;0.055093596;0.068547130;0.083562267;0.100154157;0.118338077;0.138129330;0.159543157;0.182594688;0.207298929;0.233670778;0.261725088;0.291476765;0.322940912;0.356133006;0.391069119;0.427766178;0.466242249;0.506516856;0.548611315;0.592549080;0.638356090;0.686061104;0.735696011;0.787296087;0.840900201;0.896550924;0.954294535;1.014180876;1.076263049;1.140596897;1.207240245;1.276251850;1.347690025;1.421610868;1.498066063;1.577100177;1.658747391;1.743027607;1.829941839;1.919466819;2.011548730;2.106095970;2.202970851;2.301980126;2.402864234;2.505285144;2.608812667;;;;;;;;;;;;;;;;
0.000;;;;;;;;;;;;;;;;;;;;;;;1.913793999;1.832745865;1.753302241;1.675489747;1.599334522;1.524862229;1.452097964;1.381066101;1.311790076;1.244292146;1.178593121;1.114712111;1.052666261;0.992470520;0.934137426;0.877676935;0.823096272;0.770399835;0.719589135;0.670662784;0.623616516;0.578443265;0.535133268;0.493674217;0.454051439;0.416248110;0.380245495;0.346023210;0.313559504;0.282831554;0.253815770;0.226488100;0.200824344;0.176800453;0.154392829;0.133578603;0.114335905;0.096644110;0.080484060;0.065838264;0.052691071;0.041028806;0.030839889;0.022114909;0.014846676;0.009030235;0.004662856;0.001743985;0.000275178;0.000260001;0.001703909;0.004614103;0.008999373;0.014869924;0.022237193;0.031113660;0.041512659;0.053448189;0.066934736;0.081987107;0.098620277;0.116849261;0.136689012;0.158154345;0.181259900;0.206020134;0.232449357;0.260561810;0.290371781;0.321893769;0.355142682;0.390134087;0.426884485;0.465411628;0.505734860;0.547875475;0.591857092;0.637706026;0.685451641;0.735126683;0.786767558;0.840414544;0.896111919;0.953907961;1.013854812;1.076008154;1.140426683;1.207171317;1.276304111;1.347886828;1.421979113;1.498636208;1.577906160;1.659826443;1.744419929;1.831690131;1.921615633;2.014143623;2.109182430;2.206592966;2.306178969;2.407675923;2.510738548;2.614926715;;;;;;;;;;;;;;;;
-0.100;;;;;;;;;;;;;;;;;;;;;;;1.913956902;1.832881527;1.753391609;1.675517794;1.599290044;1.524737589;1.451888798;1.380770991;1.311410207;1.243830950;1.178055924;1.114105777;1.051998855;0.991750980;0.933375259;0.876881931;0.822278247;0.769568402;0.718753498;0.669831567;0.622797620;0.577643750;0.534359270;0.492930887;0.453342910;0.415577490;0.379614880;0.345433718;0.313011331;0.282324039;0.253347482;0.226056932;0.200427613;0.176435014;0.154055187;0.133265030;0.114042554;0.096367130;0.080219704;0.065582992;0.052441643;0.040782370;0.030594053;0.021867805;0.014597009;0.008777322;0.004406647;0.001485073;0.000014796;0.000000000;0.001446728;0.004362725;0.008757269;0.014640986;0.022025659;0.030924028;0.041349601;0.053316454;0.066839055;0.081932095;0.098610339;0.116888499;0.136781144;0.158302624;0.181467052;0.206288303;0.232780073;0.260955965;0.290829630;0.322414953;0.355726271;0.390778646;0.427588170;0.466172304;0.506550243;0.548743308;0.592775337;0.638673083;0.686466595;0.736189562;0.787879613;0.841578542;0.897332441;0.955191704;1.015210887;1.077448376;1.141965832;1.208827375;1.278098457;1.349844377;1.424128390;1.501009337;1.580538754;1.662757374;1.747690965;1.835345404;1.925700934;2.018705475;2.114266932;2.212244368;2.312437939;2.414577493;2.518309674;2.623183435;;;;;;;;;;;;;;;;
-0.200;;;;;;;;;;;;;;;;;;;;;;;1.916140199;1.834994556;1.755418936;1.677447941;1.601115240;1.526453479;1.453494123;1.382267236;1.312801246;1.245122678;1.179255899;1.115222865;1.053042892;0.992732451;0.934305001;0.877770859;0.823137111;0.770407564;0.719582753;0.670659977;0.623633391;0.578494133;0.535230489;0.493828099;0.454270186;0.416537822;0.380610209;0.346464985;0.314078540;0.283426341;0.254483264;0.227223926;0.201623007;0.177655565;0.155297344;0.134525055;0.115316641;0.097651518;0.081510790;0.066877432;0.053736445;0.042074980;0.031882425;0.023150461;0.015873084;0.010046598;0.005669569;0.002742754;0.001269005;0.001253139;0.002701794;0.005623259;0.010027294;0.015924935;0.023328295;0.032250355;0.042704769;0.054705663;0.068267453;0.083404681;0.100131866;0.118463382;0.138413375;0.159995700;0.183223909;0.208111269;0.234670832;0.262915549;0.292858422;0.324512712;0.357892190;0.393011424;0.429886117;0.468533467;0.508972563;0.551224800;0.595314296;0.641268315;0.689117667;0.738897074;0.790645485;0.844406310;0.900227564;0.958161867;1.018266300;1.080602057;1.145233868;1.212229146;1.281656816;1.353585775;1.428082916;1.505210683;1.585024066;1.667566978;1.752867946;1.840935018;1.931749823;2.025260664;2.121374574;2.219948209;2.320777475;2.423585765;2.528010688;2.633589146;;;;;;;;;;;;;;;;
-0.300;;;;;;;;;;;;;;;;;;;;;;;1.920342988;1.839085507;1.759386190;1.681283496;1.604814672;1.530015618;1.456920702;1.385562532;1.315971702;1.248176536;1.182202831;1.118073623;1.055808973;0.995425783;0.936937656;0.880354789;0.825683917;0.772928292;0.722087722;0.673158635;0.626134208;0.581004513;0.537756721;0.496375326;0.456842408;0.419137912;0.383239961;0.349125171;0.316768990;0.286146036;0.257230438;0.229996178;0.204417421;0.180468837;0.158125901;0.137365184;0.118164609;0.100503689;0.084363737;0.069728039;0.056581998;0.044913250;0.034711735;0.025969743;0.018681921;0.012845249;0.008458985;0.005524575;0.004045542;0.004027346;0.005477221;0.008403999;0.012817916;0.018730405;0.026153889;0.035101568;0.045587217;0.057624981;0.071229195;0.086414218;0.103194287;0.121583407;0.141595267;0.163243195;0.186540155;0.211498781;0.238131466;0.266450489;0.296468199;0.328197236;0.361650809;0.396843012;0.433789184;0.472506298;0.513013381;0.555331957;0.599486491;0.645504829;0.693418626;0.743263726;0.795080493;0.848914056;0.904814453;0.962836635;1.023040307;1.085489566;1.150252294;1.217399270;1.287002944;1.359135834;1.433868477;1.511266877;1.591389394;1.674282987;1.759978745;1.848486620;1.939789279;2.033834966;2.130529296;2.229725856;2.331215499;2.434714222;2.539849488;2.646144855;;;;;;;;;;;;;;;;
-0.400;;;;;;;;;;;;;;;;;;;;;;;1.926561448;1.845152388;1.765293108;1.687025821;1.610391203;1.535428237;1.462174005;1.390663445;1.320929102;1.253000872;1.186905760;1.122667657;1.060307151;0.999841367;0.941283848;0.884644485;0.829929486;0.777141388;0.726279125;0.677338129;0.630310477;0.585185085;0.541947921;0.500582271;0.461069015;0.423386937;0.387513052;0.353422944;0.321091118;0.290491351;0.261597043;0.234381570;0.208818615;0.184882494;0.162548461;0.141792991;0.122594038;0.104931261;0.088786232;0.074142595;0.060986206;0.049305228;0.039090197;0.030334048;0.023032113;0.017182078;0.012783914;0.009839773;0.008353862;0.008332289;0.009782888;0.012715027;0.017139407;0.023067842;0.030513049;0.039488424;0.050007833;0.062085414;0.075735389;0.090971901;0.107808876;0.126259915;0.146338223;0.168056573;0.191427316;0.216462435;0.243173649;0.271572561;0.301670860;0.333480575;0.367014368;0.402285882;0.439310125;0.478103884;0.518686179;0.561078722;0.605306391;0.651397695;0.699385217;0.749306012;0.801201953;0.855119986;0.911112267;0.969236172;1.029554120;1.092133188;1.157044478;1.224362180;1.294162293;1.366520953;1.441512295;1.519205801;1.599663066;1.682933898;1.769051687;1.858027943;1.949845936;2.044453315;2.141753626;2.241596600;2.343767112;2.447972674;2.553829333;2.660845841;;;;;;;;;;;;;;;;
-0.500;;;;;;;;;;;;;;;;;;;;;;;1.934788798;1.853190612;1.773137164;1.694674297;1.617845967;1.542694064;1.469258186;1.397575398;1.327679979;1.259603180;1.193372991;1.129013946;1.066546951;1.005989149;0.947353840;0.890650428;0.835884429;0.783057517;0.732167617;0.683209043;0.636172675;0.591046178;0.547814250;0.506458905;0.466959783;0.429294474;0.393438869;0.359367514;0.327053972;0.296471193;0.267591873;0.240388808;0.214835234;0.190905156;0.168573649;0.147817139;0.128613657;0.110943059;0.094787224;0.080130202;0.066958345;0.055260386;0.045027494;0.036253287;0.028933807;0.023067474;0.018654990;0.015699229;0.014205089;0.014179331;0.015630383;0.018568146;0.023003771;0.028949439;0.036418137;0.045423434;0.055979264;0.068099726;0.081798899;0.097090682;0.113988657;0.132505996;0.152655392;0.174449039;0.197898659;0.223015568;0.249810801;0.278295282;0.308480051;0.340376533;0.373996868;0.409354276;0.446463472;0.485341107;0.526006247;0.568480859;0.612790306;0.658963838;0.707035050;0.757042301;0.809029062;0.863044185;0.919142037;0.977382501;1.037830782;1.100557003;1.165635524;1.233143968;1.303161878;1.375768961;1.451042867;1.529056423;1.609874264;1.693548789;1.780115348;1.869586584;1.961945845;2.057139544;2.155068388;2.255577348;2.358444251;2.463366882;2.569948438;2.677681215;;;;;;;;;;;;;;;;
-0.600;;;;;;;;;;;;;;;;;;;;;;;1.945015282;1.863192993;1.782913557;1.704226322;1.627178369;1.551814318;1.478176094;1.406302683;1.336229891;1.267990111;1.201612111;1.137120862;1.074537388;1.013878665;0.955157567;0.898382849;0.843559184;0.790687243;0.739763820;0.690782003;0.643731383;0.598598295;0.555366103;0.514015504;0.474524859;0.436870542;0.401027308;0.366968661;0.334667238;0.304095176;0.275224492;0.248027432;0.222476826;0.198546407;0.176211114;0.155447373;0.136233337;0.118549108;0.102376916;0.087701264;0.074509039;0.062789587;0.052534743;0.043738836;0.036398652;0.030513358;0.026084408;0.023115406;0.021611949;0.021581448;0.023032924;0.025976797;0.030424657;0.036389034;0.043883163;0.052920761;0.063515803;0.075682322;0.089434228;0.104785143;0.121748284;0.140336363;0.160561541;0.182435415;0.205969062;0.231173122;0.258057947;0.286633784;0.316911032;0.348900536;0.382613938;0.418064073;0.455265407;0.494234510;0.534990552;0.577555823;0.621956250;0.668221902;0.716387471;0.766492705;0.818582764;0.872708489;0.928926537;0.987299367;1.047895032;1.110786736;1.176052121;1.243772233;1.314030111;1.386908955;1.462489795;1.540848611;1.622052828;1.706157102;1.793198326;1.883189763;1.976114211;2.071916098;2.170492402;2.271682289;2.375255326;2.480898164;2.588199538;2.696633446;;;;;;;;;;;;;;;;
-0.700;;;;;;;;;;;;;;;;;;;;;;;1.957228190;1.875149766;1.794615242;1.715677341;1.638386119;1.562788753;1.488929309;1.416848501;1.346583460;1.278167522;1.211630037;1.146996217;1.084287021;1.023519083;0.964704686;0.907851783;0.852964066;0.800041078;0.749078374;0.700067719;0.652997331;0.607852153;0.564614159;0.523262689;0.483774797;0.446125628;0.410288794;0.376236766;0.343941262;0.313373633;0.284505243;0.257307825;0.231753839;0.207816787;0.185471520;0.164694505;0.145464067;0.127760598;0.111566722;0.096867438;0.083650210;0.071905026;0.061624425;0.052803474;0.045439719;0.039533099;0.035085830;0.032102252;0.030588665;0.030553127;0.032005244;0.034955944;0.039417240;0.045401990;0.052923657;0.061996082;0.072633254;0.084849115;0.098657375;0.114071360;0.131103891;0.149767203;0.170072905;0.192031983;0.215654860;0.240951500;0.267931568;0.296604651;0.326980523;0.359069473;0.392882681;0.428432638;0.465733611;0.504802146;0.545657585;0.588322613;0.632823795;0.679192102;0.727463408;0.777678932;0.829885603;0.884136330;0.940490126;0.999012086;1.059773144;1.122849606;1.188322386;1.256275910;1.326796634;1.399971117;1.475883588;1.554612932;1.636229039;1.720788417;1.808329000;1.898864060;1.992375111;2.088803728;2.188042145;2.289922533;2.394204825;2.500562963;2.608569420;2.717677849;;;;;;;;;;;;;;;;
-0.800;;;;;;;;;;;;;;;;;;;;;;;1.971411911;1.889048641;1.808232978;1.729020898;1.651465284;1.575615708;1.501518199;1.429215016;1.358744431;1.290140533;1.223433072;1.158647323;1.095804011;1.034919266;0.976004631;0.919067121;0.864109322;0.811129538;0.760121988;0.711077033;0.663981448;0.618818727;0.575569413;0.534211457;0.494720590;0.457070716;0.421234309;0.387182816;0.354887057;0.324317621;0.295445250;0.268241202;0.242677604;0.218727774;0.196366513;0.175570379;0.156317913;0.138589836;0.122369215;0.107641579;0.094395005;0.082620159;0.072310309;0.063461283;0.056071411;0.050141414;0.045674278;0.042675088;0.041150841;0.041110239;0.042563463;0.045521936;0.049998075;0.056005047;0.063556523;0.072666438;0.083348776;0.095617360;0.109485676;0.124966730;0.142072928;0.160816008;0.181207016;0.203256317;0.226973677;0.252368383;0.279449430;0.308225753;0.338706531;0.370901529;0.404821502;0.440478648;0.477887090;0.517063412;0.558027199;0.600801603;0.645413907;0.691896064;0.740285212;0.790624120;0.842961562;0.897352577;0.953858594;1.012547376;1.073492762;1.136774150;1.202475684;1.270685092;1.341492122;1.414986517;1.491255460;1.570380432;1.652433390;1.737472206;1.825535264;1.916635127;2.010751185;2.107821164;2.207731395;2.310305716;2.415292889;2.522352387;2.631038421;2.740782036;;;;;;;;;;;;;;;;
-0.900;;;;;;;;;;;;;;;;;;;;;;;1.987548012;1.904874880;1.823755410;1.744248716;1.666410371;1.590292187;1.515941999;1.443403439;1.372715749;1.303913605;1.237026985;1.172081070;1.109096195;1.048087843;0.989066686;0.932038680;0.877005194;0.823963201;0.772905499;0.723820975;0.676694907;0.631509295;0.588243219;0.546873219;0.507373695;0.469717309;0.433875404;0.399818422;0.367516308;0.336938918;0.308056405;0.280839592;0.255260314;0.231291745;0.208908685;0.188087823;0.168807957;0.151050186;0.134798052;0.120037653;0.106757712;0.094949603;0.084607345;0.075727550;0.068309343;0.062354242;0.057866007;0.054850468;0.053315316;0.053269890;0.054724933;0.057692346;0.062184936;0.068216156;0.075799860;0.084950059;0.095680703;0.108005474;0.121937615;0.137489787;0.154673968;0.173501387;0.193982513;0.216127090;0.239944228;0.265442548;0.292630386;0.321516055;0.352108164;0.384415995;0.418449926;0.454221912;0.491745998;0.531038869;0.572120425;0.615014366;0.659748768;0.706356648;0.754876484;0.805352669;0.857835887;0.912383364;0.969058979;1.027933187;1.089082724;1.152590042;1.218542442;1.287030837;1.358148093;1.431986906;1.508637113;1.588182406;1.670696339;1.756237573;1.844844245;1.936527392;2.031263312;2.128984756;2.229570846;2.332835589;2.438514860;2.546251713;2.655579885;2.765905326;;;;;;;;;;;;;;;;
-1.000;;;;;;;;;;;;;;;;;;;;;;;2.005615332;1.922611398;1.841169169;1.761350795;1.683214418;1.606813958;1.532198905;1.459414119;1.388499658;1.319490632;1.252417101;1.187304009;1.124171169;1.063033292;1.003900064;0.946776275;0.891661992;0.838552774;0.787439930;0.738310819;0.691149178;0.645935481;0.602647325;0.561259830;0.521746059;0.484077443;0.448224211;0.414155818;0.381841365;0.351250006;0.322351347;0.295115809;0.269514981;0.245521936;0.223111515;0.202260581;0.182948234;0.165155983;0.148867887;0.134070646;0.120753656;0.108909025;0.098531546;0.089618630;0.082170210;0.076188604;0.071678353;0.068646027;0.067100006;0.067050255;0.068508066;0.071485802;0.075996637;0.082054292;0.089672780;0.098866168;0.109648348;0.122032841;0.136032626;0.151660006;0.168926514;0.187842862;0.208418941;0.230663874;0.254586124;0.280193661;0.307494185;0.336495416;0.367205432;0.399633076;0.433788401;0.469683181;0.507331443;0.546750051;0.587959293;0.630983491;0.675851598;0.722597769;0.771261895;0.821890060;0.874534912;0.929255905;0.986119392;1.045198514;1.106572871;1.170327903;1.236553956;1.305344962;1.376796689;1.451004492;1.528060498;1.608050151;1.691048049;1.777112967;1.866282004;1.958563731;2.053930258;2.152308095;2.253567696;2.357511566;2.463860791;2.572239852;2.682159584;2.792998112;;;;;;;;;;;;;;;;
-1.100;;;;;;;;;;;;;;;;;;;;;;;2.025590108;1.942238880;1.860458987;1.780315530;1.701869119;1.625175665;1.550286192;1.477246656;1.406097801;1.336875043;1.269608398;1.204322453;1.141036385;1.079764027;1.020513986;0.963289804;0.908090168;0.854909160;0.803736553;0.754558136;0.707356075;0.662109300;0.618793912;0.577383614;0.537850140;0.500163705;0.464293445;0.430207858;0.397875231;0.367264057;0.338343428;0.311083412;0.285455392;0.261432381;0.238989307;0.218103247;0.198753641;0.180922448;0.164594274;0.149756453;0.136399082;0.124515022;0.114099857;0.105151812;0.097671636;0.091662451;0.087129575;0.084080315;0.082523732;0.082470403;0.083932153;0.086921790;0.091452836;0.097539257;0.105195208;0.114434784;0.125271802;0.137719603;0.151790887;0.167497586;0.184850779;0.203860657;0.224536537;0.246886927;0.270919658;0.296642071;0.324061261;0.353184388;0.384019046;0.416573687;0.450858102;0.486883946;0.524665301;0.564219279;0.605566637;0.648732399;0.693746468;0.740644213;0.789467004;0.840262673;0.893085876;0.947998320;1.005068830;1.064373211;1.125993861;1.190019107;1.256542185;1.325659838;1.397470460;1.472071714;1.549557576;1.630014711;1.713518108;1.800125894;1.889873216;1.982765122;2.078768304;2.177801611;2.279725207;2.384328244;2.491314922;2.600288782;2.710735096;2.822001179;;;;;;;;;;;;;;;;
-1.200;;;;;;;;;;;;;;;;;;;;;;;2.047446109;1.963735917;1.881607830;1.801129841;1.722364945;1.645370955;1.570200330;1.496900018;1.425511344;1.356069922;1.288605624;1.223142581;1.159699247;1.098288495;1.038917778;0.981589325;0.926300389;0.873043533;0.821806957;0.772574855;0.725327808;0.680043195;0.636695627;0.595257395;0.555698924;0.517989238;0.482096406;0.447988005;0.415631545;0.384994897;0.356046685;0.328756663;0.303096052;0.279037853;0.256557116;0.235631176;0.216239850;0.198365580;0.181993554;0.167111761;0.153711025;0.141784979;0.131330012;0.122345169;0.114832021;0.108794495;0.104238683;0.101172619;0.099606036;0.099550105;0.101017170;0.104020464;0.108573838;0.114691482;0.122387669;0.131676507;0.142571719;0.155086449;0.169233105;0.185023239;0.202467477;0.221575487;0.242356018;0.264816981;0.288965596;0.314808601;0.342352522;0.371604005;0.402570208;0.435259254;0.469680731;0.505846246;0.543770011;0.583469465;0.624965910;0.668285149;0.713458113;0.760521451;0.809518074;0.860497606;0.913516740;0.968639443;1.025936993;1.085487800;1.147376973;1.211695577;1.278539546;1.348008173;1.420202138;1.495220999;1.573160065;1.654106599;1.738135244;1.825302596;1.915640832;2.009150282;2.105790845;2.205472135;2.308042228;2.413274886;2.520855116;2.630362928;2.741255126;2.852844972;;;;;;;;;;;;;;;;
-1.300;;;;;;;;;;;;;;;;;;;;;;;2.071154782;1.987079149;1.904597043;1.823779310;1.744691283;1.667392614;1.591937122;1.518372673;1.446741093;1.377078119;1.309413403;1.243770550;1.180167222;1.118615277;1.059120961;1.001685149;0.946303626;0.892967410;0.841663111;0.792373320;0.745077034;0.699750087;0.656365615;0.614894519;0.575305943;0.537567747;0.501646977;0.467510322;0.435124560;0.404456983;0.375475792;0.348150472;0.322452127;0.298353786;0.275830666;0.254860398;0.235423208;0.217502057;0.201082738;0.186153925;0.172707184;0.160736935;0.150240382;0.141217399;0.133670376;0.127604045;0.123025263;0.119942783;0.118366991;0.118309644;0.119783581;0.122802444;0.127380388;0.133531812;0.141271085;0.150612311;0.161569102;0.174154395;0.188380297;0.204257977;0.221797605;0.241008338;0.261898370;0.284475033;0.308744965;0.334714338;0.362389151;0.391775584;0.422880420;0.455711514;0.490278321;0.526592476;0.564668396;0.604523929;0.646180999;0.689666265;0.735011756;0.782255466;0.831441895;0.882622495;0.935856007;0.991208644;1.048754094;1.108573288;1.170753912;1.235389591;1.302578708;1.372422789;1.445024407;1.520484518;1.598899173;1.680355520;1.764927012;1.852667729;1.943605721;2.037735274;2.135007968;2.235322439;2.338512694;2.444334866;2.552452251;2.662418501;2.773658787;2.885448797;;;;;;;;;;;;;;;;
-1.400;;;;;;;;;;;;;;;;;;;;;;;2.096685400;2.012243415;1.929406493;1.848248332;1.768836583;1.691232703;1.615491836;1.541662718;1.469787630;1.399902383;1.332036361;1.266212604;1.202447943;1.140753186;1.081133346;1.023587926;0.968111229;0.914692722;0.863317428;0.813966347;0.766616902;0.721243407;0.677817550;0.636308875;0.596685281;0.558913507;0.522959613;0.488789452;0.456369114;0.425665360;0.396646016;0.369280342;0.343539373;0.319396208;0.296826270;0.275807522;0.256320636;0.238349118;0.221879392;0.206900838;0.193405778;0.181389433;0.170849828;0.161787666;0.154206158;0.148110830;0.143509299;0.140411019;0.138827021;0.138769622;0.140252143;0.143288611;0.147893471;0.154081305;0.161866565;0.171263332;0.182285098;0.194944582;0.209253586;0.225222897;0.242862236;0.262180262;0.283184634;0.305882134;0.330278851;0.356380433;0.384192401;0.413720530;0.444971286;0.477952328;0.512673055;0.549145203;0.587383481;0.627406219;0.669236048;0.712900556;0.758432934;0.805872577;0.855265614;0.906665343;0.960132549;1.015735656;1.073550685;1.133660975;1.196156619;1.261133574;1.328692374;1.398936404;1.471969658;1.547893929;1.626805325;1.708790072;1.793919480;1.882244004;1.973786287;2.068533091;2.166425993;2.267350732;2.371125074;2.477485074;2.586069570;2.696402777;2.807874810;;;;;;;;;;;;;;;;;
-1.500;;;;;;;;;;;;;;;;;;;;;;;2.124005215;2.039201900;1.956014719;1.874520255;1.794788493;1.716882701;1.640859341;1.566768012;1.494651434;1.424545477;1.356479244;1.290475194;1.226549318;1.164711369;1.104965130;1.047308731;0.991735006;0.938231889;0.886782835;0.837367278;0.789961104;0.744537141;0.701065669;0.659514920;0.619851593;0.582041357;0.546049339;0.511840603;0.479380608;0.448635630;0.419573170;0.392162317;0.366374076;0.342181661;0.319560741;0.298489646;0.278949524;0.260924453;0.244401513;0.229370802;0.215825416;0.203761382;0.193177549;0.184075448;0.176459106;0.170334836;0.165710998;0.162597739;0.161006710;0.160950776;0.162443716;0.165499924;0.170134113;0.176361034;0.184195204;0.193650671;0.204740793;0.217478069;0.231873995;0.247938984;0.265682320;0.285112182;0.306235722;0.329059203;0.353588210;0.379827915;0.407783419;0.437460152;0.468864336;0.502003508;0.536887089;0.573527002;0.611938323;0.652139954;0.694155303;0.738012961;0.783747342;0.831399285;0.881016574;0.932654360;0.986375445;1.042250402;1.100357483;1.160782278;1.223617083;1.288959904;1.356913076;1.427581398;1.501069754;1.577480115;1.656907880;1.739437435;1.825136886;1.914051824;2.006198062;2.101553211;2.200046987;2.301550127;2.405861784;2.512695267;2.621661965;2.732253326;2.843820698;;;;;;;;;;;;;;;;;
-1.600;;;;;;;;;;;;;;;;;;;;;;;;2.067926278;1.984399071;1.902577518;1.822533998;1.744333634;1.668034241;1.593686305;1.521333009;1.451010304;1.382747028;1.316565080;1.252479633;1.190499409;1.130626984;1.072859150;1.017187306;0.963597888;0.912072829;0.862590040;0.815123919;0.769645862;0.726124793;0.684527690;0.644820110;0.606966708;0.570931737;0.536679532;0.504174972;0.473383909;0.444273571;0.416812920;0.390972983;0.366727130;0.344051313;0.322924263;0.303327633;0.285246100;0.268667415;0.253582411;0.239984965;0.227871916;0.217242938;0.208100384;0.200449088;0.194296140;0.189650629;0.186523375;0.184926634;0.184873796;0.186379080;0.189457228;0.194123202;0.200391903;0.208277904;0.217795204;0.228957028;0.241775650;0.256262269;0.272426931;0.290278503;0.309824711;0.331072232;0.354026853;0.378693699;0.405077526;0.433183076;0.463015507;0.494580871;0.527886662;0.562942407;0.599760300;0.638355871;0.678748671;0.720962964;0.765028404;0.810980685;0.858862122;0.908722170;0.960617815;1.014613827;1.070782839;1.129205198;1.189968557;1.253167151;1.318900711;1.387272956;1.458389593;1.532355772;1.609272914;1.689234828;1.772323047;1.858601279;1.948108886;2.040853278;2.136801122;2.235868238;2.337908063;2.442698552;2.549927367;2.659175214;2.769897165;2.881401800;;;;;;;;;;;;;;;;;
-1.700;;;;;;;;;;;;;;;;;;;;;;;;2.098386836;2.014535835;1.932401782;1.852059550;1.773576205;1.697010993;1.622415355;1.549832999;1.479300013;1.410845030;1.344489438;1.280247651;1.218127409;1.158130143;1.100251361;1.044481086;0.990804321;0.939201537;0.889649191;0.842120257;0.796584768;0.753010360;0.711362825;0.671606648;0.633705538;0.597622938;0.563322520;0.530768645;0.499926798;0.470763989;0.443249107;0.417353245;0.393049971;0.370315560;0.349129176;0.329473003;0.311332337;0.294695619;0.279554428;0.265903428;0.253740269;0.243065448;0.233882135;0.226195957;0.220014766;0.215348367;0.212208232;0.210607201;0.210559170;0.212078779;0.215181096;0.219881317;0.226194481;0.234135200;0.243717423;0.254954236;0.267857694;0.282438708;0.298706976;0.316670972;0.336338000;0.357714302;0.380805236;0.405615528;0.432149574;0.460411833;0.490407261;0.522141825;0.555623060;0.590860687;0.627867256;0.666658836;0.707255708;0.749683061;0.793971674;0.840158559;0.888287535;0.938409720;0.990583899;1.044876739;1.101362812;1.160124388;1.221250945;1.284838355;1.350987686;1.419803561;1.491392011;1.565857757;1.643300834;1.723812488;1.807470258;1.894332143;1.984429761;2.077760394;2.174277800;2.273881681;2.376405674;2.481603723;2.589134705;2.698545140;2.809249837;2.920510299;;;;;;;;;;;;;;;;;
-1.800;;;;;;;;;;;;;;;;;;;;;;;;2.130552587;2.046400344;1.963974032;1.883351168;1.804600896;1.727784014;1.652953032;1.580152287;1.509418104;1.440779002;1.374255953;1.309862696;1.247606083;1.187486480;1.129498202;1.073629982;1.019865472;0.968183772;0.918559968;0.870965696;0.825369710;0.781738443;0.740036582;0.700227620;0.662274395;0.626139617;0.591786364;0.559178547;0.528281347;0.499061612;0.471488212;0.445532355;0.421167850;0.398371329;0.377122420;0.357403865;0.339201597;0.322504760;0.307305689;0.293599836;0.281385661;0.270664478;0.261440261;0.253719422;0.247510555;0.242824160;0.239672344;0.238068510;0.238027041;0.239562973;0.242691686;0.247428593;0.253788857;0.261787123;0.271437288;0.282752298;0.295744001;0.310423034;0.326798768;0.344879319;0.364671605;0.386181480;0.409413930;0.434373339;0.461063821;0.489489620;0.519655579;0.551567661;0.585233535;0.620663201;0.657869659;0.696869597;0.737684103;0.780339359;0.824867319;0.871306347;0.919701771;0.970106351;1.022580612;1.077193015;1.134019919;1.193145303;1.254660191;1.318661733;1.385251883;1.454535622;1.526618644;1.601604449;1.679590758;1.760665168;1.844899964;1.932345984;2.023025442;2.116923597;2.213979157;2.314073288;2.417017106;2.522537504;2.630261181;2.739696695;2.850214407;;;;;;;;;;;;;;;;;;
-1.900;;;;;;;;;;;;;;;;;;;;;;;;2.164391339;2.079967056;1.997274664;1.916394527;1.837398053;1.760347765;1.685297402;1.612292081;1.541368503;1.472555210;1.405872890;1.341334731;1.278946818;1.218708574;1.160613234;1.104648358;1.050796360;0.999035074;0.949338325;0.901676517;0.856017223;0.812325776;0.770565851;0.730700038;0.692690396;0.656498983;0.622088359;0.589422059;0.558465026;0.529184009;0.501547914;0.475528109;0.451098688;0.428236678;0.406922197;0.387138572;0.368872386;0.352113501;0.336855008;0.323093152;0.310827198;0.300059265;0.290794121;0.283038942;0.276803050;0.272097619;0.268935368;0.267330244;0.267297090;0.268851326;0.272008623;0.276784598;0.283194529;0.291253088;0.300974119;0.312370439;0.325453699;0.340234283;0.356721270;0.374922447;0.394844395;0.416492635;0.439871842;0.464986127;0.491839396;0.520435765;0.550780047;0.582878297;0.616738405;0.652370747;0.689788855;0.729010126;0.770056524;0.812955284;0.857739579;0.904449141;0.953130800;1.003838914;1.056635664;1.111591171;1.168783392;1.228297759;1.290226510;1.354667658;1.421723531;1.491498843;1.564098204;1.639623011;1.718167635;1.799814823;1.884630215;1.972655894;2.063902848;2.158342253;2.255895429;2.356422383;2.459708767;2.565451139;2.673240355;2.782542956;2.892680356;;;;;;;;;;;;;;;;;;
-2.000;;;;;;;;;;;;;;;;;;;;;;;;;2.115209596;2.032283527;1.951175002;1.871957938;1.794696805;1.719446782;1.646253965;1.575155621;1.506180492;1.439349153;1.374674407;1.312161731;1.251809757;1.193610791;1.137551358;1.083612776;1.031771748;0.982000967;0.934269728;0.888544547;0.844789766;0.802968161;0.763041524;0.724971229;0.688718774;0.654246289;0.621517008;0.590495710;0.561149106;0.533446196;0.507358560;0.482860617;0.459929824;0.438546822;0.418695536;0.400363223;0.383540464;0.368221115;0.354402205;0.342083800;0.331268812;0.321962786;0.314173646;0.307911419;0.303187932;0.300016495;0.298411573;0.298388455;0.299962921;0.303150918;0.307968257;0.314430322;0.322551812;0.332346521;0.343827150;0.357005172;0.371890745;0.388492687;0.406818505;0.426874495;0.448665902;0.472197158;0.497472183;0.524494753;0.553268945;0.583799636;0.616093064;0.650157440;0.686003605;0.723645716;0.763101953;0.804395228;0.847553880;0.892612330;0.939611686;0.988600249;1.039633909;1.092776391;1.148099308;1.205681983;1.265611002;1.327979433;1.392885671;1.460431834;1.530721668;1.603857863;1.679938731;1.759054147;1.841280676;1.926675789;2.015271068;2.107064292;2.202010302;2.300010505;2.400900902;2.504438505;2.610285991;2.717994443;2.826984018;2.936522370;;;;;;;;;;;;;;;;;;
-2.100;;;;;;;;;;;;;;;;;;;;;;;;;2.152100750;2.068979926;1.987677683;1.908270744;1.830825809;1.755399763;1.682039930;1.610784380;1.541662283;1.474694313;1.409893096;1.347263697;1.286804146;1.228506000;1.172354926;1.118331311;1.066410888;1.016565368;0.968763087;0.922969638;0.879148508;0.837261695;0.797270310;0.759135152;0.722817258;0.688278419;0.655481656;0.624391655;0.594975163;0.567201327;0.541041994;0.516471951;0.493469117;0.472014683;0.452093197;0.433692596;0.416804192;0.401422601;0.387545636;0.375174148;0.364311832;0.354964990;0.347142276;0.340854397;0.336113811;0.332934396;0.331331114;0.331319677;0.332916208;0.336136919;0.340997802;0.347514344;0.355701275;0.365572346;0.377140157;0.390416028;0.405409925;0.422130447;0.440584871;0.460779263;0.482718664;0.506407338;0.531849091;0.559047664;0.588007187;0.618732695;0.651230709;0.685509858;0.721581542;0.759460629;0.799166159;0.840722052;0.884157793;0.929509071;0.976818354;1.026135366;1.077517437;1.131029692;1.186745029;1.244743868;1.305113594;1.367947663;1.433344305;1.501404773;1.572231053;1.645922987;1.722574712;1.802270343;1.885078804;1.971047725;2.060196282;2.152506886;2.247915606;2.346301191;2.447472571;2.551154693;2.656972542;2.764433201;2.872905772;;;;;;;;;;;;;;;;;;;
-2.200;;;;;;;;;;;;;;;;;;;;;;;;;2.190612408;2.107342573;2.025887324;1.946326555;1.868729538;1.793155184;1.719652352;1.648260203;1.579008609;1.511918606;1.447002889;1.384266350;1.323706644;1.265314795;1.209075817;1.154969362;1.102970380;1.053049780;1.005175102;0.959311178;0.915420787;0.873465289;0.833405242;0.795200990;0.758813222;0.724203489;0.691334688;0.660171495;0.630680762;0.602831848;0.576596915;0.551951164;0.528873013;0.507344226;0.487349993;0.468878942;0.451923118;0.436477899;0.422541872;0.410116662;0.399206726;0.389819108;0.381963165;0.375650266;0.370893472;0.367707206;0.366106906;0.366108686;0.367728998;0.370984303;0.375890770;0.382463989;0.390718722;0.400668694;0.412326426;0.425703113;0.440808570;0.457651221;0.476238171;0.496575323;0.518667587;0.542519140;0.568133764;0.595515257;0.624667900;0.655596990;0.688309431;0.722814365;0.759123846;0.797253535;0.837223404;0.879058435;0.922789288;0.968452922;1.016093135;1.065761001;1.117515168;1.171421978;1.227555377;1.285996557;1.346833294;1.410158928;1.476070911;1.544668887;1.616052208;1.690316835;1.767551527;1.847833247;1.931221687;2.017752808;2.107431307;2.200221886;2.296039202;2.394736387;2.496091994;2.599795219;2.705429268;2.812452696;2.920178550;;;;;;;;;;;;;;;;;;;
-2.300;;;;;;;;;;;;;;;;;;;;;;;;;;2.147349467;2.065788245;1.986115258;1.908402756;1.832712062;1.759093929;1.687588954;1.618228037;1.551032885;1.486016558;1.423184052;1.362532914;1.304053886;1.247731571;1.193545113;1.141468891;1.091473216;1.043525023;0.997588561;0.953626068;0.911598421;0.871465769;0.833188134;0.796725974;0.762040710;0.729095212;0.697854235;0.668284806;0.640356564;0.614042042;0.589316896;0.566160076;0.544553949;0.524484360;0.505940642;0.488915572;0.473405286;0.459409133;0.446929500;0.435971588;0.426543160;0.418654251;0.412316867;0.407544651;0.404352543;0.402756437;0.402772830;0.404418486;0.407710110;0.412664039;0.419295969;0.427620707;0.437651969;0.449402221;0.462882571;0.478102723;0.495070986;0.513794351;0.534278635;0.556528692;0.580548702;0.606342518;0.633914094;0.663267963;0.694409788;0.727346958;0.762089228;0.798649396;0.837043995;0.877293991;0.919425472;0.963470292;1.009466662;1.057459659;1.107501607;1.159652318;1.213979138;1.270556767;1.329466798;1.390796937;1.454639830;1.521091463;1.590249046;1.662208321;1.737060230;1.814886833;1.895756419;1.979717702;2.066792993;2.156970262;2.250193961;2.346354489;2.445276174;2.546703632;2.650286358;2.755561397;2.861933933;2.968655621;;;;;;;;;;;;;;;;;;;
-2.400;;;;;;;;;;;;;;;;;;;;;;;;;;2.188977701;2.107364147;2.027626374;1.949840082;1.874069453;1.800367556;1.728776827;1.659329573;1.592048533;1.526947472;1.464031817;1.403299310;1.344740705;1.288340466;1.234077488;1.181925825;1.131855417;1.083832809;1.037821868;0.993784476;0.951681198;0.911471934;0.873116524;0.836575329;0.801809757;0.768782756;0.737459248;0.707806520;0.679794556;0.653396314;0.628587952;0.605348989;0.583662418;0.563514756;0.544896045;0.527799801;0.512222907;0.498165464;0.485630602;0.474624247;0.465154856;0.457233121;0.450871656;0.446084659;0.442887567;0.441296706;0.441328940;0.443001332;0.446330820;0.451333912;0.458026414;0.466423191;0.476537973;0.488383203;0.501969943;0.517307838;0.534405140;0.553268796;0.573904612;0.596317478;0.620511666;0.646491202;0.674260296;0.703823843;0.735187976;0.768360671;0.803352394;0.840176773;0.878851287;0.919397953;0.961843993;1.006222458;1.052572779;1.100941230;1.151381258;1.203953650;1.258726499;1.315774923;1.375180491;1.437030304;1.501415677;1.568430353;1.638168190;1.710720250;1.786171196;1.864594946;1.946049454;2.030570556;2.118164759;2.208800874;2.302400365;2.398826302;2.497870780;2.599240663;2.702541509;2.807259517;2.912741328;;;;;;;;;;;;;;;;;;;;
-2.500;;;;;;;;;;;;;;;;;;;;;;;;;;;2.150597851;2.070848813;1.993035758;1.917226237;1.843476129;1.771830164;1.702322495;1.634977306;1.569809461;1.506825182;1.446022764;1.387393297;1.330921419;1.276586069;1.224361250;1.174216786;1.126119075;1.080031820;1.035916753;0.993734319;0.953444339;0.915006630;0.878381597;0.843530761;0.810417260;0.779006283;0.749265458;0.721165186;0.694678910;0.669783336;0.646458585;0.624688302;0.604459693;0.585763516;0.568594021;0.552948832;0.538828789;0.526237747;0.515182334;0.505671675;0.497717093;0.491331784;0.486530477;0.483329081;0.481744332;0.481793446;0.483493773;0.486862479;0.491916245;0.498670996;0.507141675;0.517342051;0.529284582;0.542980330;0.558438938;0.575668663;0.594676489;0.615468293;0.638049090;0.662423348;0.688595364;0.716569715;0.746351765;0.777948223;0.811367757;0.846621636;0.883724401;0.922694544;0.963555176;1.006334673;1.051067262;1.097793540;1.146560874;1.197423671;1.250443468;1.305688801;1.363234819;1.423162578;1.485557981;1.550510289;1.618110142;1.688447036;1.761606161;1.837664538;1.916686353;1.998717418;2.083778634;2.171858373;2.262903656;2.356810008;2.453409871;2.552459426;2.653623698;2.756459779;2.860398016;2.964720994;;;;;;;;;;;;;;;;;;;;
-2.600;;;;;;;;;;;;;;;;;;;;;;;;;;;2.195470925;2.115770531;2.037983329;1.962180828;1.888422266;1.816755198;1.747216116;1.679831118;1.614616609;1.551580030;1.490720616;1.432030170;1.375493852;1.321090971;1.268795785;1.218578290;1.170404997;1.124239696;1.080044193;1.037779018;0.997404103;0.958879416;0.922165553;0.887224290;0.854019072;0.822515459;0.792681512;0.764488121;0.737909275;0.712922275;0.689507885;0.667650423;0.647337798;0.628561493;0.611316487;0.595601138;0.581417007;0.568768655;0.557663387;0.548110972;0.540123337;0.533714233;0.528898891;0.525693671;0.524115700;0.524182529;0.525911788;0.529320867;0.534426624;0.541245119;0.549791392;0.560079286;0.572121315;0.585928591;0.601510816;0.618876331;0.638032229;0.658984552;0.681738537;0.706298948;0.732670464;0.760858139;0.790867914;0.822707182;0.856385402;0.891914739;0.929310722;0.968592911;1.009785546;1.052918153;1.098026105;1.145151078;1.194341398;1.245652238;1.299145613;1.354890153;1.412960591;1.473436924;1.536403185;1.601945776;1.670151285;1.741103728;1.814881126;1.891551351;1.971167141;2.053760199;2.139334262;2.227857047;2.319250953;2.413382394;2.510049640;2.608969016;2.709759335;2.811924387;2.914833332;;;;;;;;;;;;;;;;;;;;;
-2.700;;;;;;;;;;;;;;;;;;;;;;;;;;;;2.162378072;2.084675218;2.008930765;1.935207939;1.863557707;1.794019459;1.726621736;1.661382980;1.598312321;1.537410376;1.478670074;1.422077485;1.367612655;1.315250434;1.264961305;1.216712186;1.170467221;1.126188538;1.083836980;1.043372793;1.004756279;0.967948397;0.932911318;0.899608927;0.868007263;0.838074916;0.809783343;0.783107144;0.758024267;0.734516150;0.712567814;0.692167886;0.673308576;0.655985591;0.640198009;0.625948100;0.613241106;0.602084986;0.592490126;0.584469027;0.578035968;0.573206660;0.569997886;0.568427150;0.568512321;0.570271302;0.573721709;0.578880584;0.585764139;0.594387540;0.604764736;0.616908345;0.630829590;0.646538296;0.664042962;0.683350883;0.704468355;0.727400941;0.752153808;0.778732127;0.807141540;0.837388676;0.869481718;0.903431014;0.939249708;0.976954387;1.016565724;1.058109102;1.101615184;1.147120425;1.194667473;1.244305445;1.296090041;1.350083444;1.406353971;1.464975437;1.526026157;1.589587548;1.655742264;1.724571791;1.796153435;1.870556628;1.947838459;2.028038347;2.111171755;2.197222848;2.286135975;2.377805866;2.472066416;2.568677925;2.667312651;2.767538522;2.868800869;2.970401986;;;;;;;;;;;;;;;;;;;;;
-2.800;;;;;;;;;;;;;;;;;;;;;;;;;;;;2.210655985;2.133102171;2.057472201;1.983833983;1.912242555;1.842740833;1.775360385;1.710122248;1.647037758;1.586109408;1.527331711;1.470692078;1.416171691;1.363746369;1.313387425;1.265062507;1.218736405;1.174371843;1.131930217;1.091372315;1.052658969;1.015751681;0.980613175;0.947207910;0.915502529;0.885466244;0.857071167;0.830292575;0.805109114;0.781502937;0.759459792;0.738969040;0.720023620;0.702619965;0.686757863;0.672440270;0.659673091;0.648464911;0.638826706;0.630771522;0.624314140;0.619470722;0.616258456;0.614695201;0.614799136;0.616588431;0.620080930;0.625293871;0.632243639;0.640945553;0.651413715;0.663660896;0.677698488;0.693536517;0.711183720;0.730647683;0.751935058;0.775051837;0.800003700;0.826796425;0.855436352;0.885930908;0.918289171;0.952522469;0.988645002;1.026674473;1.066632701;1.108546211;1.152446765;1.198371813;1.246364835;1.296475536;1.348759862;1.403279798;1.460102892;1.519301467;1.580951465;1.645130857;1.711917563;1.781386810;1.853607855;1.928639991;2.006527743;2.087295183;2.170939237;2.257421897;2.346661223;2.438521006;2.532798971;2.629213390;2.727387944;2.826834704;2.926935048;;;;;;;;;;;;;;;;;;;;;;
-2.900;;;;;;;;;;;;;;;;;;;;;;;;;;;;;2.183252571;2.107799247;2.034299482;1.962813121;1.893387292;1.826057245;1.760847222;1.697771345;1.636834520;1.578033355;1.521357073;1.466788433;1.414304630;1.363878190;1.315477837;1.269069330;1.224616279;1.182080905;1.141424772;1.102609464;1.065597212;1.030351464;0.996837404;0.965022397;0.934876391;0.906372239;0.879485964;0.854196966;0.830488154;0.808346030;0.787760701;0.768725844;0.751238611;0.735299485;0.720912095;0.708082980;0.696821327;0.687138672;0.679048580;0.672566303;0.667708432;0.664492537;0.662936815;0.663059747;0.664879764;0.668414945;0.673682740;0.680699727;0.689481420;0.700042112;0.712394785;0.726551070;0.742521267;0.760314438;0.779938556;0.801400731;0.824707492;0.849865146;0.876880188;0.905759772;0.936512229;0.969147628;1.003678366;1.040119769;1.078490698;1.118814136;1.161117731;1.205434278;1.251802111;1.300265365;1.350874086;1.403684144;1.458756907;1.516158631;1.575959508;1.638232334;1.703050712;1.770486746;1.840608139;1.913474633;1.989133691;2.067615351;2.148926141;2.233041969;2.319899859;2.409388445;2.501337070;2.595503386;2.691559296;2.789075108;2.887501726;2.986150742;;;;;;;;;;;;;;;;;;;;;;
-3.000;;;;;;;;;;;;;;;;;;;;;;;;;;;;;2.235111578;2.159903164;2.086601011;2.015270574;1.945963957;1.878720809;1.813569253;1.750526829;1.689601451;1.630792374;1.574091154;1.519482607;1.466945752;1.416454741;1.367979751;1.321487862;1.276943885;1.234311153;1.193552269;1.154629797;1.117506907;1.082147950;1.048518988;1.016588251;0.986326530;0.957707513;0.930708047;0.905308341;0.881492105;0.859246621;0.838562760;0.819434938;0.801861021;0.785842178;0.771382686;0.758489699;0.747172977;0.737444588;0.729318584;0.722810664;0.717937819;0.714717983;0.713169678;0.713311674;0.715162666;0.718740975;0.724064279;0.731149380;0.740012020;0.750666738;0.763126785;0.777404099;0.793509338;0.811451978;0.831240479;0.852882511;0.876385254;0.901755754;0.929001335;0.958130076;0.989151316;1.022076209;1.056918298;1.093694090;1.132423638;1.173131085;1.215845160;1.260599602;1.307433481;1.356391375;1.407523382;1.460884920;1.516536263;1.574541783;1.634968830;1.697886194;1.763362098;1.831461637;1.902243609;1.975756640;2.052034538;2.131090760;2.212911928;2.297450256;2.384614799;2.474261398;2.566181198;2.660087602;2.755601521;2.852234771;2.949371455;;;;;;;;;;;;;;;;;;;;;;;
-3.100;;;;;;;;;;;;;;;;;;;;;;;;;;;;;;2.213771386;2.140731703;2.069613001;2.000473193;1.933357113;1.868297503;1.805316015;1.744424220;1.685624627;1.628911686;1.574272796;1.521689287;1.471137380;1.422589122;1.376013288;1.331376233;1.288642713;1.247776648;1.208741833;1.171502595;1.136024385;1.102274310;1.070221605;1.039838029;1.011098203;0.983979876;0.958464131;0.934535519;0.912182133;0.891395625;0.872171156;0.854507301;0.838405899;0.823871859;0.810912921;0.799539393;0.789763844;0.781600786;0.775066335;0.770177861;0.766953640;0.765412505;0.765573508;0.767455612;0.771077388;0.776456762;0.783610794;0.792555493;0.803305696;0.815874989;0.830275691;0.846518901;0.864614604;0.884571846;0.906398967;0.930103907;0.955694563;0.983179205;1.012566937;1.043868208;1.077095343;1.112263096;1.149389201;1.188494916;1.229605519;1.272750755;1.317965187;1.365288436;1.414765270;1.466445502;1.520383664;1.576638398;1.635271534;1.696346780;1.759927974;1.826076841;1.894850167;1.966296333;2.040451118;2.117332687;2.196935666;2.279224217;2.364123988;2.451512841;2.541210227;2.632965080;2.726442102;2.821206281;2.916705503;3.012251081;;;;;;;;;;;;;;;;;;;;;;;
-3.200;;;;;;;;;;;;;;;;;;;;;;;;;;;;;;2.269386328;2.196680127;2.125834338;2.056913595;1.989968776;1.925038046;1.862147924;1.801314344;1.742543724;1.685834025;1.631175797;1.578553203;1.527945021;1.479325613;1.432665851;1.387934008;1.345096594;1.304119147;1.264966959;1.227605753;1.192002282;1.158124884;1.125943947;1.095432328;1.066565686;1.039322757;1.013685562;0.989639541;0.967173632;0.946280282;0.926955404;0.909198277;0.893011397;0.878400283;0.865373239;0.853941090;0.844116878;0.835915546;0.829353599;0.824448764;0.821219637;0.819685350;0.819865236;0.821778522;0.825444047;0.830880009;0.838103754;0.847131609;0.857978761;0.870659198;0.885185699;0.901569890;0.919822361;0.939952844;0.961970462;0.985884024;1.011702388;1.039434877;1.069091727;1.100684586;1.134227024;1.169735061;1.207227687;1.246727358;1.288260442;1.331857602;1.377554070;1.425389799;1.475409445;1.527662146;1.582201056;1.639082579;1.698365265;1.760108296;1.824369515;1.891202924;1.960655577;2.032763798;2.107548637;2.185010471;2.265122665;2.347824178;2.433011009;2.520526375;2.610149485;2.701582784;2.794437528;2.888217541;2.982300996;;;;;;;;;;;;;;;;;;;;;;;;
-3.300;;;;;;;;;;;;;;;;;;;;;;;;;;;;;;;2.254428949;2.183923103;2.115278793;2.048553870;1.983792798;1.921027779;1.860279877;1.801560133;1.744870680;1.690205832;1.637553157;1.586894510;1.538207045;1.491464171;1.446636473;1.403692577;1.362599957;1.323325691;1.285837146;1.250102606;1.216091822;1.183776505;1.153130743;1.124131346;1.096758128;1.070994116;1.046825691;1.024242667;1.003238308;0.983809283;0.965955572;0.949680314;0.934989618;0.921892328;0.910399755;0.900525386;0.892284565;0.885694161;0.880772230;0.877537676;0.876009914;0.876208554;0.878153096;0.881862659;0.887355737;0.894650001;0.903762139;0.914707751;0.927501294;0.942156087;0.958684370;0.977097437;0.997405813;1.019619503;1.043748298;1.069802130;1.097791473;1.127727793;1.159624016;1.193495023;1.229358140;1.267233621;1.307145092;1.349119937;1.393189607;1.439389814;1.487760577;1.538346091;1.591194371;1.646356636;1.703886371;1.763838024;1.826265280;1.891218836;1.958743634;2.028875445;2.101636754;2.177031846;2.255041000;2.335613701;2.418660757;2.504045216;2.591571958;2.680975841;2.771908257;2.863921967;2.956454059;;;;;;;;;;;;;;;;;;;;;;;;;
-3.400;;;;;;;;;;;;;;;;;;;;;;;;;;;;;;;;2.243860888;2.175556013;2.109104554;2.044558221;1.981955785;1.921324263;1.862680092;1.806030289;1.751373598;1.698701598;1.647999787;1.599248623;1.552424523;1.507500810;1.464448605;1.423237667;1.383837163;1.346216379;1.310345357;1.276195473;1.243739930;1.212954194;1.183816347;1.156307374;1.130411382;1.106115747;1.083411198;1.062291833;1.042755089;1.024801638;1.008435252;0.993662608;0.980493065;0.968938395;0.959012497;0.950731086;0.944111368;0.939171708;0.935931297;0.934409826;0.934627177;0.936603128;0.940357096;0.945907898;0.953273567;0.962471204;0.973516879;0.986425591;1.001211277;1.017886887;1.036464509;1.056955564;1.079371051;1.103721845;1.130019054;1.158274404;1.188500674;1.220712142;1.254925046;1.291158042;1.329432633;1.369773562;1.412209125;1.456771400;1.503496343;1.552423726;1.603596879;1.657062186;1.712868304;1.771065038;1.831701828;1.894825784;1.960479202;2.028696501;2.099500485;2.172897872;2.248873982;2.327386503;2.408358226;2.491668653;2.577144344;2.664547899;2.753565441;2.843792453;2.934717834;;;;;;;;;;;;;;;;;;;;;;;;;;
-3.500;;;;;;;;;;;;;;;;;;;;;;;;;;;;;;;;;2.237724391;2.171605474;2.107323807;2.044925686;1.984444970;1.925904319;1.869316407;1.814685115;1.762006692;1.711270880;1.662461994;1.615559961;1.570541295;1.527380028;1.486048567;1.446518496;1.408761306;1.372749052;1.338454948;1.305853876;1.274922835;1.245641304;1.217991544;1.191958821;1.167531561;1.144701447;1.123463437;1.103815740;1.085759722;1.069299772;1.054443119;1.041199606;1.029581439;1.019602900;1.011280047;1.004630396;0.999672595;0.996426107;0.994910888;0.995147090;0.997154779;1.000953684;1.006562975;1.014001087;1.023285583;1.034433065;1.047459145;1.062378461;1.079204758;1.097951020;1.118629662;1.141252777;1.165832430;1.192380999;1.220911551;1.251438254;1.283976792;1.318544795;1.355162249;1.393851871;1.434639436;1.477554014;1.522628106;1.569897635;1.619401763;1.671182488;1.725283990;1.781751659;1.840630776;1.901964768;1.965792992;2.032147968;2.101052002;2.172513104;2.246520135;2.323037082;2.401996359;2.483291050;2.566765964;2.652207395;2.739331458;2.827770873;2.917060048;3.006618322;;;;;;;;;;;;;;;;;;;;;;;;;;
-3.600;;;;;;;;;;;;;;;;;;;;;;;;;;;;;;;;;2.301752995;2.236031875;2.172070282;2.109923061;2.049631870;1.991226482;1.934726051;1.880140359;1.827471027;1.776712688;1.727854104;1.680879247;1.635768312;1.592498675;1.551045786;1.511383995;1.473487301;1.437330044;1.402887504;1.370136440;1.339055549;1.309625842;1.281830964;1.255657423;1.231094760;1.208135652;1.186775942;1.167014623;1.148853751;1.132298322;1.117356094;1.104037372;1.092354765;1.082322909;1.073958174;1.067278359;1.062302374;1.059049935;1.057541255;1.057796753;1.059836791;1.063681430;1.069350220;1.076862038;1.086234958;1.097486180;1.110631997;1.125687830;1.142668306;1.161587398;1.182458614;1.205295238;1.230110618;1.256918492;1.285733346;1.316570797;1.349447976;1.384383919;1.421399917;1.460519837;1.501770372;1.545181188;1.590784963;1.638617261;1.688716208;1.741121947;1.795875800;1.853019110;1.912591698;1.974629873;2.039163945;2.106215160;2.175791981;2.247885647;2.322464911;2.399469871;2.478804791;2.560329813;2.643851437;2.729111657;2.815775621;2.903417679;2.991505680;;;;;;;;;;;;;;;;;;;;;;;;;;;
-3.700;;;;;;;;;;;;;;;;;;;;;;;;;;;;;;;;;;2.302347407;2.238767511;2.176923328;2.116865342;2.058631390;2.002247988;1.947731638;1.895090083;1.844323534;1.795425832;1.748385568;1.703187135;1.659811722;1.618238238;1.578444166;1.540406347;1.504101683;1.469507770;1.436603453;1.405369300;1.375788001;1.347844698;1.321527232;1.296826326;1.273735695;1.252252097;1.232375318;1.214108106;1.197456050;1.182427417;1.169032951;1.157285634;1.147200424;1.138793975;1.132084340;1.127090669;1.123832914;1.122331533;1.122607213;1.124680619;1.128572159;1.134301797;1.141888888;1.151352070;1.162709198;1.175977319;1.191172714;1.208310978;1.227407162;1.248475958;1.271531932;1.296589802;1.323664743;1.352772725;1.383930858;1.417157745;1.452473811;1.489901608;1.529466056;1.571194611;1.615117321;1.661266745;1.709677703;1.760386807;1.813431742;1.868850249;1.926678751;1.986950573;2.049693696;2.114927971;2.182661736;2.252887740;2.325578311;2.400679665;2.478105269;2.557728149;2.639372046;2.722801286;2.807709264;2.893705389;2.980300367;;;;;;;;;;;;;;;;;;;;;;;;;;;;
-3.800;;;;;;;;;;;;;;;;;;;;;;;;;;;;;;;;;;;2.307372058;2.245889417;2.186114052;2.128092882;2.071860729;2.017441683;1.964850415;1.914093447;1.865170370;1.818075004;1.772796493;1.729320335;1.687629341;1.647704525;1.609525912;1.573073272;1.538326777;1.505267579;1.473878304;1.444143474;1.416049853;1.389586710;1.364746018;1.341522584;1.319914107;1.299921184;1.281547251;1.264798482;1.249683634;1.236213862;1.224402491;1.214264774;1.205817614;1.199079293;1.194069177;1.190807434;1.189314757;1.189612100;1.191720436;1.195660541;1.201452816;1.209117136;1.218672751;1.230138228;1.243531437;1.258869593;1.276169341;1.295446892;1.316718207;1.339999218;1.365306084;1.392655486;1.422064922;1.453553026;1.487139867;1.522847228;1.560698838;1.600720539;1.642940361;1.687388466;1.734096949;1.783099445;1.834430497;1.888124664;1.944215293;2.002732920;2.063703239;2.127144572;2.193064773;2.261457498;2.332297755;2.405536652;2.481095258;2.558857462;2.638661746;2.720291750;2.803465507;2.887823233;2.972913526;;;;;;;;;;;;;;;;;;;;;;;;;;;;;
-3.900;;;;;;;;;;;;;;;;;;;;;;;;;;;;;;;;;;;;2.316769074;2.257332377;2.199571367;2.143530177;2.089241414;2.036727527;1.986002135;1.937071294;1.889934700;1.844586835;1.801018034;1.759215483;1.719164143;1.680847591;1.644248788;1.609350758;1.576137195;1.544592983;1.514704639;1.486460677;1.459851898;1.434871603;1.411515741;1.389782988;1.369674765;1.351195201;1.334351040;1.319151514;1.305608160;1.293734620;1.283546403;1.275060638;1.268295801;1.263271449;1.260007951;1.258526222;1.258847476;1.260993002;1.264983961;1.270841214;1.278585193;1.288235807;1.299812389;1.313333697;1.328817948;1.346282910;1.365746034;1.387224624;1.410736045;1.436297967;1.463928617;1.493647056;1.525473445;1.559429293;1.595537673;1.633823379;1.674313006;1.717034916;1.762019074;1.809296707;1.858899753;1.910860069;1.965208330;2.021972587;2.081176425;2.142836657;2.206960493;2.273542115;2.342558576;2.413964951;2.487688645;2.563622767;2.641618475;2.721476168;2.802935439;2.885663633;2.969242916;;;;;;;;;;;;;;;;;;;;;;;;;;;;;;
-4.000;;;;;;;;;;;;;;;;;;;;;;;;;;;;;;;;;;;;;2.330457425;2.273010971;2.217206903;2.163087329;2.110683387;2.060016622;2.011100312;1.963940723;1.918538295;1.874888760;1.832984180;1.792813905;1.754365458;1.717625326;1.682579683;1.649215014;1.617518671;1.587479337;1.559087420;1.532335358;1.507217862;1.483732083;1.461877706;1.441656997;1.423074777;1.406138356;1.390857416;1.377243853;1.365311593;1.355076373;1.346555507;1.339767641;1.334732496;1.331470617;1.330003128;1.330351501;1.332537342;1.336582207;1.342507444;1.350334074;1.360082705;1.371773488;1.385426124;1.401059898;1.418693767;1.438346487;1.460036767;1.483783469;1.509605811;1.537523603;1.567557476;1.599729094;1.634061353;1.670578516;1.709306290;1.750271808;1.793503481;1.839030702;1.886883361;1.937091130;1.989682471;2.044683335;2.102115479;2.161994361;2.224326545;2.289106549;2.356313060;2.425904449;2.497813496;2.571941225;2.648149777;2.726254194;2.806013016;2.887117576;2.969179858;;;;;;;;;;;;;;;;;;;;;;;;;;;;;;;
-4.100;;;;;;;;;;;;;;;;;;;;;;;;;;;;;;;;;;;;;;2.348336246;2.292822988;2.238918488;2.186663532;2.136088476;2.087214625;2.040055541;1.994618288;1.950904585;1.908911900;1.868634445;1.830064097;1.793191236;1.758005490;1.724496406;1.692654024;1.662469378;1.633934916;1.607044831;1.581795331;1.558184826;1.536214056;1.515886147;1.497206620;1.480183337;1.464826412;1.451148075;1.439162502;1.428885623;1.420334906;1.413529131;1.408488153;1.405232673;1.403784007;1.404163872;1.406394194;1.410496934;1.416493944;1.424406860;1.434257027;1.446065460;1.459852850;1.475639605;1.493445927;1.513291931;1.535197785;1.559183881;1.585271021;1.613480602;1.643834806;1.676356757;1.711070644;1.748001784;1.787176606;1.828622513;1.872367627;1.918440339;1.966868667;2.017679358;2.070896698;2.126540975;2.184626548;2.245159462;2.308134534;2.373531866;2.441312680;2.511414420;2.583745019;2.658176251;2.734536059;2.812599753;2.892079981;2.972615332;;;;;;;;;;;;;;;;;;;;;;;;;;;;;;;;
-4.200;;;;;;;;;;;;;;;;;;;;;;;;;;;;;;;;;;;;;;;2.370288401;2.316653030;2.264593733;2.214150613;2.165353853;2.118225088;2.072778698;2.029023025;1.986961498;1.946593688;1.907916268;1.870923887;1.835609962;1.801967377;1.769989099;1.739668707;1.711000845;1.683981586;1.658608726;1.634882004;1.612803250;1.592376477;1.573607908;1.556505951;1.541081132;1.527345984;1.515314901;1.505003970;1.496430775;1.489614194;1.484574188;1.481331582;1.479907865;1.480324988;1.482605191;1.486770842;1.492844313;1.500847876;1.510803640;1.522733520;1.536659239;1.552602370;1.570584405;1.590626856;1.612751384;1.636979936;1.663334899;1.691839243;1.722516657;1.755391638;1.790489548;1.827836579;1.867459634;1.909386080;1.953643344;2.000258318;2.049256538;2.100661092;2.154491210;2.210760479;2.269474647;2.330628928;2.394204769;2.460165981;2.528454187;2.598983478;2.671634206;2.746245809;2.822608573;2.900454218;2.979445199;;;;;;;;;;;;;;;;;;;;;;;;;;;;;;;;;
-4.300;;;;;;;;;;;;;;;;;;;;;;;;;;;;;;;;;;;;;;;;2.396184162;2.344376139;2.294113592;2.245436486;2.198375345;2.152952609;2.109183898;2.067079202;2.026643974;1.987880142;1.950787033;1.915362196;1.881602151;1.849503039;1.819061194;1.790273621;1.763138401;1.737655020;1.713824612;1.691650147;1.671136547;1.652290741;1.635121676;1.619640269;1.605859326;1.593793424;1.583458767;1.574873016;1.568055110;1.563025073;1.559803831;1.558413016;1.558874796;1.561211712;1.565446541;1.571602177;1.579701542;1.589767530;1.601822980;1.615890677;1.631993388;1.650153923;1.670395218;1.692740437;1.717213083;1.743837109;1.772637013;1.803637911;1.836865561;1.872346324;1.910107044;1.950174809;1.992576572;2.037338601;2.084485719;2.134040290;2.186020918;2.240440798;2.297305674;2.356611344;2.418340652;2.482459894;2.548914568;2.617624389;2.688477485;2.761323682;2.835966779;2.912155710;2.989574483;;;;;;;;;;;;;;;;;;;;;;;;;;;;;;;;;;
-4.400;;;;;;;;;;;;;;;;;;;;;;;;;;;;;;;;;;;;;;;;;;2.375861365;2.327355788;2.280408410;2.235050508;2.191305685;2.149191113;2.108718684;2.069896071;2.032727698;1.997215618;1.963360300;1.931161323;1.900617991;1.871729846;1.844497120;1.818921088;1.795004357;1.772751085;1.752167126;1.733260126;1.716039557;1.700516706;1.686704623;1.674618028;1.664273200;1.655687833;1.648880881;1.643872398;1.640683365;1.639335530;1.639851253;1.642253360;1.646565023;1.652809654;1.661010831;1.671192241;1.683377660;1.697590949;1.713856086;1.732197207;1.752638675;1.775205150;1.799921667;1.826813695;1.855907182;1.887228558;1.920804680;1.956662702;1.994829841;2.035333016;2.078198332;2.123450364;2.171111213;2.221199297;2.273727814;2.328702841;2.386121016;2.445966727;2.508208762;2.572796340;2.639654448;2.708678407;2.779727574;2.852618091;2.927114580;3.002920677;;;;;;;;;;;;;;;;;;;;;;;;;;;;;;;;;;;
-4.500;;;;;;;;;;;;;;;;;;;;;;;;;;;;;;;;;;;;;;;;;;;2.410975095;2.364197955;2.318955918;2.275281309;2.233199141;2.192728328;2.153882804;2.116672540;2.081104479;2.047183368;2.014912504;1.984294389;1.955331291;1.928025734;1.902380897;1.878400937;1.856091249;1.835458651;1.816511509;1.799259812;1.783715193;1.769890909;1.757801786;1.747464129;1.738895616;1.732115172;1.727142826;1.723999576;1.722707248;1.723288357;1.725765989;1.730163689;1.736505378;1.744815276;1.755117861;1.767437842;1.781800157;1.798229988;1.816752790;1.837394333;1.860180739;1.885138518;1.912294575;1.941676196;1.973310971;2.007226650;2.043450916;2.082011026;2.122933322;2.166242551;2.211960980;2.260107260;2.310694987;2.363730929;2.419212853;2.477126901;2.537444451;2.600118404;2.665078813;2.732227782;2.801433556;2.872523703;2.945277298;;;;;;;;;;;;;;;;;;;;;;;;;;;;;;;;;;;;;
-4.600;;;;;;;;;;;;;;;;;;;;;;;;;;;;;;;;;;;;;;;;;;;;2.449584033;2.404520373;2.360973281;2.318976309;2.278556010;2.239733116;2.202523620;2.166939761;2.132990915;2.100684389;2.070026122;2.041021307;2.013674914;1.987992140;1.963978778;1.941641514;1.920988154;1.902027793;1.884770928;1.869229509;1.855416966;1.843348181;1.833039438;1.824508343;1.817773732;1.812855563;1.809774796;1.808553284;1.809213659;1.811779225;1.816273874;1.822722003;1.831148453;1.841578473;1.854037687;1.868552087;1.885148036;1.903852274;1.924691929;1.947694524;1.972887954;2.000300448;2.029960471;2.061896574;2.096137147;2.132710082;2.171642285;2.212959033;2.256683137;2.302833861;2.351425576;2.402466088;2.455954600;2.511879249;2.570214161;2.630915962;2.693919674;2.759133920;2.826435364;2.895662290;2.966607239;;;;;;;;;;;;;;;;;;;;;;;;;;;;;;;;;;;;;;
-4.700;;;;;;;;;;;;;;;;;;;;;;;;;;;;;;;;;;;;;;;;;;;;;;2.448208142;2.406361373;2.366052207;2.327308744;2.290153497;2.254604431;2.220675914;2.188379570;2.157725035;2.128720627;2.101373928;2.075692274;2.051683181;2.029354680;2.008715598;1.989775766;1.972546169;1.957039052;1.943267973;1.931247821;1.920994799;1.912526383;1.905861258;1.901019243;1.898021201;1.896888956;1.897645200;1.900313408;1.904917768;1.911483113;1.920034868;1.930599012;1.943202044;1.957870970;1.974633281;1.993516941;2.014550365;2.037762373;2.063182127;2.090839017;2.120762491;2.152981807;2.187525690;2.224421857;2.263696402;2.305372984;2.349471811;2.396008357;2.444991790;2.496423045;2.550292504;2.606577228;2.665237665;2.726213790;2.789420587;2.854742804;2.922028906;;;;;;;;;;;;;;;;;;;;;;;;;;;;;;;;;;;;;;;;
-4.800;;;;;;;;;;;;;;;;;;;;;;;;;;;;;;;;;;;;;;;;;;;;;;;;2.455028784;2.416434582;2.379399592;2.343947956;2.310099421;2.277870250;2.247274043;2.218322462;2.191025866;2.165393862;2.141435777;2.119161048;2.098579550;2.079701854;2.062539423;2.047104758;2.033411502;2.021474494;2.011309791;2.002934668;1.996367588;1.991628158;1.988737073;1.987716055;1.988587788;1.991375855;1.996104677;2.002799464;2.011486165;2.022191428;2.034942568;2.049767533;2.066694866;2.085753666;2.106973518;2.130384412;2.156016607;2.183900452;2.214066127;2.246543296;2.281360642;2.318545265;2.358121908;2.400111976;2.444532320;2.491393743;2.540699175;2.592441483;2.646600849;2.703141669;2.762008902;2.823123807;2.886378992;2.951632693;;;;;;;;;;;;;;;;;;;;;;;;;;;;;;;;;;;;;;;;;
-4.900;;;;;;;;;;;;;;;;;;;;;;;;;;;;;;;;;;;;;;;;;;;;;;;;;2.506892022;2.470057705;2.434780001;2.401084438;2.368992258;2.338521305;2.309686809;2.282502087;2.256979148;2.233129224;2.210963220;2.190492088;2.171727140;2.154680297;2.139364284;2.125792772;2.113980486;2.103943266;2.095698108;2.089263166;2.084657753;2.081902308;2.081018368;2.082028525;2.084956387;2.089826529;2.096664456;2.105496560;2.116350077;2.129253047;2.144234262;2.161323211;2.180549996;2.201945229;2.225539891;2.251365127;2.279451993;2.309831093;2.342532131;2.377583313;2.415010601;2.454836770;2.497080244;2.541753673;2.588862195;2.638401358;2.690354639;2.744690501;2.801358940;2.860287451;2.921376340;;;;;;;;;;;;;;;;;;;;;;;;;;;;;;;;;;;;;;;;;;;
-5.000;;;;;;;;;;;;;;;;;;;;;;;;;;;;;;;;;;;;;;;;;;;;;;;;;;;2.526863221;2.493408878;2.461538180;2.431273506;2.402633892;2.375635797;2.350293770;2.326621049;2.304630062;2.284332869;2.265741526;2.248868386;2.233726353;2.220329070;2.208691073;2.198827904;2.190756185;2.184493672;2.180059281;2.177473095;2.176756365;2.177931490;2.181022000;2.186052522;2.193048753;2.202037423;2.213046242;2.226103858;2.241239778;2.258484289;2.277868334;2.299423362;2.323181117;2.349173375;2.377431582;2.407986406;2.440867155;2.476101048;2.513712306;2.553721038;2.596141867;2.640982283;2.688240662;2.737903899;2.789944624;2.844317916;2.900957482;;;;;;;;;;;;;;;;;;;;;;;;;;;;;;;;;;;;;;;;;;;;;
-5.100;;;;;;;;;;;;;;;;;;;;;;;;;;;;;;;;;;;;;;;;;;;;;;;;;;;;;;2.525288168;2.496936628;2.470214667;2.445139523;2.421726534;2.399989717;2.379942264;2.361596969;2.344966595;2.330064169;2.316903240;2.305498074;2.295863818;2.288016619;2.281973722;2.277753532;2.275375660;2.274860949;2.276231482;2.279510588;2.284722820;2.291893938;2.301050872;2.312221669;2.325435428;2.340722208;2.358112906;2.377639100;2.399332834;2.423226348;2.449351723;2.477740429;2.508422763;2.541427132;2.576779178;2.614500696;2.654608327;2.697111973;2.742012900;2.789301496;2.838954603;2.890932402;;;;;;;;;;;;;;;;;;;;;;;;;;;;;;;;;;;;;;;;;;;;;;;
-5.200;;;;;;;;;;;;;;;;;;;;;;;;;;;;;;;;;;;;;;;;;;;;;;;;;;;;;;;;2.565972382;2.541266048;2.518210554;2.496821565;2.477113428;2.459099672;2.442793428;2.428207795;2.415356144;2.404252379;2.394911141;2.387347989;2.381579527;2.377623519;2.375498962;2.375226151;2.376826710;2.380323613;2.385741188;2.393105099;2.402442309;2.413781023;2.427150603;2.442581451;2.460104849;2.479752749;2.501557502;2.525551511;2.551766783;2.580234376;2.610983707;2.644041698;2.679431736;2.717172413;2.757276000;2.799746643;2.844578203;;;;;;;;;;;;;;;;;;;;;;;;;;;;;;;;;;;;;;;;;;;;;;;;;;
-5.300;;;;;;;;;;;;;;;;;;;;;;;;;;;;;;;;;;;;;;;;;;;;;;;;;;;;;;;;;;;2.594847020;2.575583229;2.558001113;2.542114128;2.527935375;2.515477961;2.504755315;2.495781455;2.488571211;2.483140406;2.479506004;2.477686234;2.477700671;2.479570309;2.483317593;2.488966440;2.496542222;2.506071735;2.517583127;2.531105790;2.546670217;2.564307794;2.584050540;2.605930766;2.629980642;2.656231655;2.684713938;2.715455442;2.748480935;2.783810780;2.821459477;;;;;;;;;;;;;;;;;;;;;;;;;;;;;;;;;;;;;;;;;;;;;;;;;;;;;
-5.400;;;;;;;;;;;;;;;;;;;;;;;;;;;;;;;;;;;;;;;;;;;;;;;;;;;;;;;;;;;;;;;2.628963089;2.616998220;2.606748754;2.598227946;2.591449741;2.586429013;2.583181754;2.581725234;2.582078120;2.584260571;2.588294294;2.594202573;2.602010264;2.611743750;2.623430864;2.637100749;2.652783686;2.670510833;2.690313908;2.712224770;2.736274895;2.762494727;2.790912883;;;;;;;;;;;;;;;;;;;;;;;;;;;;;;;;;;;;;;;;;;;;;;;;;;;;;;;;;
-5.500;;;;;;;;;;;;;;;;;;;;;;;;;;;;;;;;;;;;;;;;;;;;;;;;;;;;;;;;;;;;;;;;;;;;;;2.687337087;2.688085843;2.690629731;2.694989472;2.701187464;2.709247772;2.719196082;2.731059601;2.744866897;;;;;;;;;;;;;;;;;;;;;;;;;;;;;;;;;;;;;;;;;;;;;;;;;;;;;;;;;;;;;;;;
-5.600;;;;;;;;;;;;;;;;;;;;;;;;;;;;;;;;;;;;;;;;;;;;;;;;;;;;;;;;;;;;;;;;;;;;;;;;;;;;;;;;;;;;;;;;;;;;;;;;;;;;;;;;;;;;;;;;;;;;;;;;;;;;;;;;;;;;;;;;;;;;;;
-5.700;;;;;;;;;;;;;;;;;;;;;;;;;;;;;;;;;;;;;;;;;;;;;;;;;;;;;;;;;;;;;;;;;;;;;;;;;;;;;;;;;;;;;;;;;;;;;;;;;;;;;;;;;;;;;;;;;;;;;;;;;;;;;;;;;;;;;;;;;;;;;;
-5.800;;;;;;;;;;;;;;;;;;;;;;;;;;;;;;;;;;;;;;;;;;;;;;;;;;;;;;;;;;;;;;;;;;;;;;;;;;;;;;;;;;;;;;;;;;;;;;;;;;;;;;;;;;;;;;;;;;;;;;;;;;;;;;;;;;;;;;;;;;;;;;
-5.900;;;;;;;;;;;;;;;;;;;;;;;;;;;;;;;;;;;;;;;;;;;;;;;;;;;;;;;;;;;;;;;;;;;;;;;;;;;;;;;;;;;;;;;;;;;;;;;;;;;;;;;;;;;;;;;;;;;;;;;;;;;;;;;;;;;;;;;;;;;;;;
-6.000;;;;;;;;;;;;;;;;;;;;;;;;;;;;;;;;;;;;;;;;;;;;;;;;;;;;;;;;;;;;;;;;;;;;;;;;;;;;;;;;;;;;;;;;;;;;;;;;;;;;;;;;;;;;;;;;;;;;;;;;;;;;;;;;;;;;;;;;;;;;;;
-6.100;;;;;;;;;;;;;;;;;;;;;;;;;;;;;;;;;;;;;;;;;;;;;;;;;;;;;;;;;;;;;;;;;;;;;;;;;;;;;;;;;;;;;;;;;;;;;;;;;;;;;;;;;;;;;;;;;;;;;;;;;;;;;;;;;;;;;;;;;;;;;;
-6.200;;;;;;;;;;;;;;;;;;;;;;;;;;;;;;;;;;;;;;;;;;;;;;;;;;;;;;;;;;;;;;;;;;;;;;;;;;;;;;;;;;;;;;;;;;;;;;;;;;;;;;;;;;;;;;;;;;;;;;;;;;;;;;;;;;;;;;;;;;;;;;
-6.300;;;;;;;;;;;;;;;;;;;;;;;;;;;;;;;;;;;;;;;;;;;;;;;;;;;;;;;;;;;;;;;;;;;;;;;;;;;;;;;;;;;;;;;;;;;;;;;;;;;;;;;;;;;;;;;;;;;;;;;;;;;;;;;;;;;;;;;;;;;;;;
-6.400;;;;;;;;;;;;;;;;;;;;;;;;;;;;;;;;;;;;;;;;;;;;;;;;;;;;;;;;;;;;;;;;;;;;;;;;;;;;;;;;;;;;;;;;;;;;;;;;;;;;;;;;;;;;;;;;;;;;;;;;;;;;;;;;;;;;;;;;;;;;;;
-6.500;;;;;;;;;;;;;;;;;;;;;;;;;;;;;;;;;;;;;;;;;;;;;;;;;;;;;;;;;;;;;;;;;;;;;;;;;;;;;;;;;;;;;;;;;;;;;;;;;;;;;;;;;;;;;;;;;;;;;;;;;;;;;;;;;;;;;;;;;;;;;;
-6.600;;;;;;;;;;;;;;;;;;;;;;;;;;;;;;;;;;;;;;;;;;;;;;;;;;;;;;;;;;;;;;;;;;;;;;;;;;;;;;;;;;;;;;;;;;;;;;;;;;;;;;;;;;;;;;;;;;;;;;;;;;;;;;;;;;;;;;;;;;;;;;
-6.700;;;;;;;;;;;;;;;;;;;;;;;;;;;;;;;;;;;;;;;;;;;;;;;;;;;;;;;;;;;;;;;;;;;;;;;;;;;;;;;;;;;;;;;;;;;;;;;;;;;;;;;;;;;;;;;;;;;;;;;;;;;;;;;;;;;;;;;;;;;;;;
-6.800;;;;;;;;;;;;;;;;;;;;;;;;;;;;;;;;;;;;;;;;;;;;;;;;;;;;;;;;;;;;;;;;;;;;;;;;;;;;;;;;;;;;;;;;;;;;;;;;;;;;;;;;;;;;;;;;;;;;;;;;;;;;;;;;;;;;;;;;;;;;;;
-6.900;;;;;;;;;;;;;;;;;;;;;;;;;;;;;;;;;;;;;;;;;;;;;;;;;;;;;;;;;;;;;;;;;;;;;;;;;;;;;;;;;;;;;;;;;;;;;;;;;;;;;;;;;;;;;;;;;;;;;;;;;;;;;;;;;;;;;;;;;;;;;;
-7.000;;;;;;;;;;;;;;;;;;;;;;;;;;;;;;;;;;;;;;;;;;;;;;;;;;;;;;;;;;;;;;;;;;;;;;;;;;;;;;;;;;;;;;;;;;;;;;;;;;;;;;;;;;;;;;;;;;;;;;;;;;;;;;;;;;;;;;;;;;;;;;
BACK related to FRONT [mm];-7.000;-6.900;-6.800;-6.700;-6.600;-6.500;-6.400;-6.300;-6.200;-6.100;-6.000;-5.900;-5.800;-5.700;-5.600;-5.500;-5.400;-5.300;-5.200;-5.100;-5.000;-4.900;-4.800;-4.700;-4.600;-4.500;-4.400;-4.300;-4.200;-4.100;-4.000;-3.900;-3.800;-3.700;-3.600;-3.500;-3.400;-3.300;-3.200;-3.100;-3.000;-2.900;-2.800;-2.700;-2.600;-2.500;-2.400;-2.300;-2.200;-2.100;-2.000;-1.900;-1.800;-1.700;-1.600;-1.500;-1.400;-1.300;-1.200;-1.100;-1.000;-0.900;-0.800;-0.700;-0.600;-0.500;-0.400;-0.300;-0.200;-0.100;0.000;0.100;0.200;0.300;0.400;0.500;0.600;0.700;0.800;0.900;1.000;1.100;1.200;1.300;1.400;1.500;1.600;1.700;1.800;1.900;2.000;2.100;2.200;2.300;2.400;2.500;2.600;2.700;2.800;2.900;3.000;3.100;3.200;3.300;3.400;3.500;3.600;3.700;3.800;3.900;4.000;4.100;4.200;4.300;4.400;4.500;4.600;4.700;4.800;4.900;5.000;5.100;5.200;5.300;5.400;5.500;5.600;5.700;5.800;5.900;6.000;6.100;6.200;6.300;6.400;6.500;6.600;6.700;6.800;6.900;7.000;
7.000;;;;;;;;;;;;;;;;;;;;;;;;;;;;;;;;;;;;;;;;;;;;;;;;;;;;;;;;;;;;;;;;;;;;;;;;;;;;;;;;;;;;;;;;;;;;;;;;;;;;;;;;;;;;;;;;;;;;;;;;;;;;;;;;;;;;;;;;;;;;;;
6.900;;;;;;;;;;;;;;;;;;;;;;;;;;;;;;;;;;;;;;;;;;;;;;;;;;;;;;;;;;;;;;;;;;;;;;;;;;;;;;;;;;;;;;;;;;;;;;;;;;;;;;;;;;;;;;;;;;;;;;;;;;;;;;;;;;;;;;;;;;;;;;
6.800;;;;;;;;;;;;;;;;;;;;;;;;;;;;;;;;;;;;;;;;;;;;;;;;;;;;;;;;;;;;;;;;;;;;;;;;;;;;;;;;;;;;;;;;;;;;;;;;;;;;;;;;;;;;;;;;;;;;;;;;;;;;;;;;;;;;;;;;;;;;;;
6.700;;;;;;;;;;;;;;;;;;;;;;;;;;;;;;;;;;;;;;;;;;;;;;;;;;;;;;;;;;;;;;;;;;;;;;;;;;;;;;;;;;;;;;;;;;;;;;;;;;;;;;;;;;;;;;;;;;;;;;;;;;;;;;;;;;;;;;;;;;;;;;
6.600;;;;;;;;;;;;;;;;;;;;;;;;;;;;;;;;;;;;;;;;;;;;;;;;;;;;;;;;;;;;;;;;;;;;;;;;;;;;;;;;;;;;;;;;;;;;;;;;;;;;;;;;;;;;;;;;;;;;;;;;;;;;;;;;;;;;;;;;;;;;;;
6.500;;;;;;;;;;;;;;;;;;;;;;;;;;;;;;;;;;;;;;;;;;;;;;;;;;;;;;;;;;;;;;;;;;;;;;;;;;;;;;;;;;;;;;;;;;;;;;;;;;;;;;;;;;;;;;;;;;;;;;;;;;;;;;;;;;;;;;;;;;;;;;
6.400;;;;;;;;;;;;;;;;;;;;;;;;;;;;;;;;;;;;;;;;;;;;;;;;;;;;;;;;;;;;;;;;;;;;;;;;;;;;;;;;;;;;;;;;;;;;;;;;;;;;;;;;;;;;;;;;;;;;;;;;;;;;;;;;;;;;;;;;;;;;;;
6.300;;;;;;;;;;;;;;;;;;;;;;;;;;;;;;;;;;;;;;;;;;;;;;;;;;;;;;;;;;;;;;;;;;;;;;;;;;;;;;;;;;;;;;;;;;;;;;;;;;;;;;;;;;;;;;;;;;;;;;;;;;;;;;;;;;;;;;;;;;;;;;
6.200;;;;;;;;;;;;;;;;;;;;;;;;;;;;;;;;;;;;;;;;;;;;;;;;;;;;;;;;;;;;;;;;;;;;;;;;;;;;;;;;;;;;;;;;;;;;;;;;;;;;;;;;;;;;;;;;;;;;;;;;;;;;;;;;;;;;;;;;;;;;;;
6.100;;;;;;;;;;;;;;;;;;;;;;;;;;;;;;;;;;;;;;;;;;;;;;;;;;;;;;;;;;;;;;;;;;;;;;;;;;;;;;;;;;;;;;;;;;;;;;;;;;;;;;;;;;;;;;;;;;;;;;;;;;;;;;;;;;;;;;;;;;;;;;
6.000;;;;;;;;;;;;;;;;;;;;;;;;;;;;;;;;;;;;;;;;;;;;;;;;;;;;;;;;;;;;;;;;;;;;;;;;;;;;;;;;;;;;;;;;;;;;;;;;;;;;;;;;;;;;;;;;;;;;;;;;;;;;;;;;;;;;;;;;;;;;;;
5.900;;;;;;;;;;;;;;;;;;;;;;;;;;;;;;;;;;;;;;;;;;;;;;;;;;;;;;;;;;;;;;;;;;;;;;;;;;;;;;;;;;;;;;;;;;;;;;;;;;;;;;;;;;;;;;;;;;;;;;;;;;;;;;;;;;;;;;;;;;;;;;
5.800;;;;;;;;;;;;;;;;;;;;;;;;;;;;;;;;;;;;;;;;;;;;;;;;;;;;;;;;;;;;;;;;;;;;;;;;;;;;;;;;;;;;;;;;;;;;;;;;;;;;;;;;;;;;;;;;;;;;;;;;;;;;;;;;;;;;;;;;;;;;;;
5.700;;;;;;;;;;;;;;;;;;;;;;;;;;;;;;;;;;;;;;;;;;;;;;;;;;;;;;;;;;;;;;;;;;;;;;;;;;;;;;;;;;;;;;;;;;;;;;;;;;;;;;;;;;;;;;;;;;;;;;;;;;;;;;;;;;;;;;;;;;;;;;
5.600;;;;;;;;;;;;;;;;;;;;;;;;;;;;;;;;;;;;;;;;;;;;;;;;;;;;;;;;;;;;;;;;;;;;;;;;;;;;;;;;;;;;;;;;;;;;;;;;;;;;;;;;;;;;;;;;;;;;;;;;;;;;;;;;;;;;;;;;;;;;;;
5.500;;;;;;;;;;;;;;;;;;;;;;;;;;;;;;;;;;;;;;;;;;;;;;;;;;;;;;;;;;;;;;;;;;;;;;;;;;;;;;;;;;;;;;;;;;;;;;;;;;;;;;;;;;;;;;;;;;;;;;;;;;;;;;;;;;;;;;;;;;;;;;
5.400;;;;;;;;;;;;;;;;;;;;;;;;;;;;;;;;;;;;;;;;;;;;;;;;;;;;;;;;;;;;;;;;;;;;;;;;;;;;;;;;;;;;;;;;;;;;;;;;;;;;;;;;;;;;;;;;;;;;;;;;;;;;;;;;;;;;;;;;;;;;;;
5.300;;;;;;;;;;;;;;;;;;;;;;;;;;;;;;;;;;;;;;;;;;;;;;;;;;;;;;;;;;;;;;;;;;;;;;;;;;;;;;;;;;;;;;;;;;;;;;;;;;;;;;;;;;;;;;;;;;;;;;;;;;;;;;;;;;;;;;;;;;;;;;
5.200;;;;;;;;;;;;;;;;;;;;;;;;;;;;;;;;;;;;;;;;;;;;;;;;;;;;;;;;;;;;;;;;;;;;;;;;;;;;;;;;;;;;;;;;;;;;;;;;;;;;;;;;;;;;;;;;;;;;;;;;;;;;;;;;;;;;;;;;;;;;;;
5.100;;;;;;;;;;;;;;;;;;;;;;;;;;;;;;;;;;;;;;;;;;;;;;;;;;;;;;;;;;;;;;;;;;;;;;;;;;;;;;;;;;;;;;;;;;;;;;;;;;;;;;;;;;;;;;;;;;;;;;;;;;;;;;;;;;;;;;;;;;;;;;
5.000;;;;;;;;;;;;;;;;;;;;;;;;;;;;;;;;;;;;;;;;;;;;;;;;;;;;;;;;;;;;;;;;;;;;;;;;;;;;;;;;;;;;;;;;;;;;;;;;;;;;;;;;;;;;;;;;;;;;;;;;;;;;;;;;;;;;;;;;;;;;;;
4.900;;;;;;;;;;;;;;;;;;;;;;;;;;;;;;;;;;;;;;;;;;;;;;;;;;;;;;;;;;;;;;;;;;;;;;;;;;;;;;;;;;;;;;;;;;;;;;;;;;;;;;;;;;;;;;;;;;;;;;;;;;;;;;;;;;;;;;;;;;;;;;
4.800;;;;;;;;;;;;;;;;;;;;;;;;;;;;;;;;;;;;;;;;;;;;;;;;;;;;;;;;;;;;;;;;;;;;;;;;;;;;;;;;;;;;;;;;;;;;;;;;;;;;;;;;;;;;;;;;;;;;;;;;;;;;;;;;;;;;;;;;;;;;;;
4.700;;;;;;;;;;;;;;;;;;;;;;;;;;;;;;;;;;;;;;;;;;;;;;;;;;;;;;;;;;;;;;;;;;;;;;;;;;;;;;;;;;;;;;;;;;;;;;;;;;;;;;;;;;;;;;;;;;;;;;;;;;;;;;;;;;;;;;;;;;;;;;
4.600;;;;;;;;;;;;;;;;;;;;;;;;;;;;;;;;;;;;;;;;;;;;;;;;;;;;;;;;;;;;;;;;;;;;;;;;;;;;;;;;;;;;;;;;;;;;;;;;;;;;;;;;;;;;;;;;;;;;;;;;;;;;;;;;;;;;;;;;;;;;;;
4.500;;;;;;;;;;;;;;;;;;;;;;;;;;;;;;;;;;;;;;;;;;;;;;;;;;;;;;;;;;;;;;;;;;;;;;;;;;;;;;;;;;;;;;;;;;;;;;;;;;;;;;;;;;;;;;;;;;;;;;;;;;;;;;;;;;;;;;;;;;;;;;
4.400;;;;;;;;;;;;;;;;;;;;;;;;;;;;;;;;;;;;;;;;;;;;;;;;;;;;;;;;;;;;;;;;;;;;;;;;;;2.145327795;2.149132518;2.154780706;2.162292203;2.171685149;2.182975638;2.196177398;;;;;;;;;;;;;;;;;;;;;;;;;;;;;;;;;;;;;;;;;;;;;;;;;;;;;;;;;;;;;;
4.300;;;;;;;;;;;;;;;;;;;;;;;;;;;;;;;;;;;;;;;;;;;;;;;;;;;;;;;;;;;;;;;;;;2.104762852;2.094886627;2.086669552;2.080129714;2.075286500;2.072160221;2.070771723;2.071142023;2.073291940;2.077241746;2.083010824;2.090617335;2.100077902;2.111407309;2.124618206;2.139720840;2.156722792;2.175628737;2.196440217;2.219155438;2.243769079;2.270272126;2.298651726;;;;;;;;;;;;;;;;;;;;;;;;;;;;;;;;;;;;;;;;;;;;;;;;;;;;;;
4.200;;;;;;;;;;;;;;;;;;;;;;;;;;;;;;;;;;;;;;;;;;;;;;;;;;;;;;;;;;;;;2.105722973;2.088020164;2.071915746;2.057414735;2.044525155;2.033257677;2.023625263;2.015642793;2.009326709;2.004694654;2.001765117;2.000557091;2.001089729;2.003382021;2.007452469;2.013318786;2.020997592;2.030504136;2.041852021;2.055052946;2.070116464;2.087049747;2.105857380;2.126541153;2.149099887;2.173529266;2.199821694;2.227966169;2.257948176;2.289749605;2.323348687;2.358719958;;;;;;;;;;;;;;;;;;;;;;;;;;;;;;;;;;;;;;;;;;;;;;;;;;
4.100;;;;;;;;;;;;;;;;;;;;;;;;;;;;;;;;;;;;;;;;;;;;;;;;;;;;;;;;;;2.097222048;2.074975693;2.054330794;2.035281390;2.017825274;2.001963675;1.987700942;1.975044205;1.964003044;1.954589142;1.946815955;1.940698373;1.936252397;1.933494807;1.932442859;1.933113971;1.935525427;1.939694096;1.945636151;1.953366805;1.962900060;1.974248460;1.987422868;2.002432245;2.019283449;2.037981044;2.058527127;2.080921170;2.105159873;2.131237046;2.159143492;2.188866926;2.220391902;2.253699763;2.288768620;2.325573338;2.364085561;2.404273744;;;;;;;;;;;;;;;;;;;;;;;;;;;;;;;;;;;;;;;;;;;;;;;
4.000;;;;;;;;;;;;;;;;;;;;;;;;;;;;;;;;;;;;;;;;;;;;;;;;;;;;;;;2.104127883;2.077246555;2.052004437;2.028383559;2.006370243;1.985954853;1.967131537;1.949897931;1.934254865;1.920206051;1.907757768;1.896918550;1.887698869;1.880110827;1.874167847;1.869884373;1.867275584;1.866357102;1.867144724;1.869654151;1.873900737;1.879899238;1.887663583;1.897206641;1.908540016;1.921673834;1.936616563;1.953374825;1.971953233;1.992354240;2.014577995;2.038622224;2.064482120;2.092150248;2.121616476;2.152867913;2.185888873;2.220660860;2.257162570;2.295369909;2.335256044;2.376791465;2.419944069;;;;;;;;;;;;;;;;;;;;;;;;;;;;;;;;;;;;;;;;;;;;;
3.900;;;;;;;;;;;;;;;;;;;;;;;;;;;;;;;;;;;;;;;;;;;;;;;;;;;;;2.095226174;2.065231608;2.036917958;2.010259475;1.985234845;1.961826994;1.940022876;1.919813226;1.901192294;1.884157569;1.868709486;1.854851142;1.842587995;1.831927575;1.822879193;1.815453659;1.809662998;1.805520188;1.803038888;1.802233192;1.803117378;1.805705674;1.810012030;1.816049902;1.823832043;1.833370303;1.844675445;1.857756961;1.872622906;1.889279743;1.907732193;1.927983106;1.950033334;1.973881629;1.999524543;2.026956357;2.056169010;2.087152059;2.119892650;2.154375505;2.190582933;2.228494858;2.268088865;2.309340269;2.352222199;2.396705701;2.442759858;2.490351927;;;;;;;;;;;;;;;;;;;;;;;;;;;;;;;;;;;;;;;;;;
3.800;;;;;;;;;;;;;;;;;;;;;;;;;;;;;;;;;;;;;;;;;;;;;;;;;;2.129567934;2.094575618;2.061356220;2.029872045;2.000089925;1.971981151;1.945521361;1.920690374;1.897471995;1.875853788;1.855826835;1.837385475;1.820527037;1.805251565;1.791561548;1.779461644;1.768958410;1.760060039;1.752776100;1.747117291;1.743095191;1.740722028;1.740010455;1.740973330;1.743623509;1.747973643;1.754035993;1.761822241;1.771343320;1.782609247;1.795628967;1.810410205;1.826959330;1.845281225;1.865379172;1.887254745;1.910907716;1.936335974;1.963535459;1.992500107;2.023221816;2.055690419;2.089893687;2.125817337;2.163445065;2.202758597;2.243737751;2.286360527;2.330603207;2.376440465;2.423845504;2.472790189;2.523245191;;;;;;;;;;;;;;;;;;;;;;;;;;;;;;;;;;;;;;;;
3.700;;;;;;;;;;;;;;;;;;;;;;;;;;;;;;;;;;;;;;;;;;;;;;;;2.140825287;2.102406717;2.065833135;2.031060123;1.998047603;1.966759878;1.937165587;1.909237620;1.882952968;1.858292552;1.835241015;1.813786496;1.793920389;1.775637096;1.758933765;1.743810042;1.730267808;1.718310932;1.707945023;1.699177192;1.692015817;1.686470321;1.682550956;1.680268595;1.679634534;1.680660302;1.683357474;1.687737506;1.693811558;1.701590340;1.711083961;1.722301784;1.735252286;1.749942936;1.766380069;1.784568778;1.804512807;1.826214464;1.849674536;1.874892218;1.901865057;1.930588906;1.961057892;1.993264405;2.027199092;2.062850879;2.100207000;2.139253047;2.179973039;2.222349501;2.266363565;2.311995076;2.359222718;2.408024143;2.458376106;2.510254602;;;;;;;;;;;;;;;;;;;;;;;;;;;;;;;;;;;;;;;
3.600;;;;;;;;;;;;;;;;;;;;;;;;;;;;;;;;;;;;;;;;;;;;;;;2.118969553;2.078898958;2.040703557;2.004337051;1.969757299;1.936926383;1.905810595;1.876380361;1.848610126;1.822478192;1.797966530;1.775060567;1.753748970;1.734023402;1.715878288;1.699310574;1.684319484;1.670906290;1.659074078;1.648827528;1.640172697;1.633116815;1.627668084;1.623835491;1.621628624;1.621057502;1.622132408;1.624863730;1.629261813;1.635336813;1.643098560;1.652556426;1.663719200;1.676594973;1.691191019;1.707513696;1.725568346;1.745359206;1.766889323;1.790160489;1.815173173;1.841926473;1.870418077;1.900644240;1.932599769;1.966278026;2.001670949;2.038769082;2.077561626;2.118036502;2.160180433;2.203979034;2.249416917;2.296477811;2.345144675;2.395399833;2.447225089;2.500601848;2.555511216;;;;;;;;;;;;;;;;;;;;;;;;;;;;;;;;;;;;;
3.500;;;;;;;;;;;;;;;;;;;;;;;;;;;;;;;;;;;;;;;;;;;;;2.144523845;2.100804320;2.059041956;2.019185088;1.981185845;1.945000327;1.910588694;1.877915178;1.846948030;1.817659421;1.790025294;1.764025199;1.739642090;1.716862122;1.695674424;1.676070880;1.658045895;1.641596176;1.626720508;1.613419540;1.601695579;1.591552389;1.582995002;1.576029534;1.570663018;1.566903231;1.564758546;1.564237777;1.565350042;1.568104626;1.572510850;1.578577953;1.586314969;1.595730616;1.606833190;1.619630459;1.634129569;1.650336949;1.668258227;1.687898152;1.709260518;1.732348106;1.757162623;1.783704664;1.811973673;1.841967923;1.873684507;1.907119343;1.942267191;1.979121685;2.017675384;2.057919831;2.099845627;2.143442525;2.188699523;2.235604973;2.284146695;2.334312093;2.386088263;2.439462096;2.494420365;2.550949786;2.609037044;;;;;;;;;;;;;;;;;;;;;;;;;;;;;;;;;;;
3.400;;;;;;;;;;;;;;;;;;;;;;;;;;;;;;;;;;;;;;;;;;;2.179329161;2.131804226;2.086323605;2.042831344;2.001274726;1.961604604;1.923775608;1.887746265;1.853479026;1.820940244;1.790100079;1.760932380;1.733414519;1.707527218;1.683254342;1.660582698;1.639501815;1.620003736;1.602082801;1.585735438;1.570959968;1.557756404;1.546126271;1.536072430;1.527598910;1.520710751;1.515413858;1.511714859;1.509620970;1.509139875;1.510279601;1.513048408;1.517454678;1.523506814;1.531213134;1.540581781;1.551620629;1.564337189;1.578738534;1.594831209;1.612621161;1.632113668;1.653313272;1.676223725;1.700847939;1.727187943;1.755244859;1.785018873;1.816509235;1.849714261;1.884631351;1.921257017;1.959586935;1.999615997;2.041338386;2.084747657;2.129836830;2.176598490;2.225024891;2.275108060;2.326839896;2.380212259;2.435217039;2.491846199;2.550091783;2.609945873;;;;;;;;;;;;;;;;;;;;;;;;;;;;;;;;;;
3.300;;;;;;;;;;;;;;;;;;;;;;;;;;;;;;;;;;;;;;;;;;2.172148577;2.122796127;2.075519005;2.030260754;1.986967894;1.945590282;1.906081358;1.868398286;1.832502013;1.798357253;1.765932421;1.735199521;1.706134001;1.678714579;1.652923062;1.628744145;1.606165205;1.585176103;1.565768977;1.547938048;1.531679428;1.516990942;1.503871954;1.492323205;1.482346660;1.473945369;1.467123328;1.461885358;1.458236989;1.456184344;1.455734042;1.456893092;1.459668807;1.464068707;1.470100435;1.477771674;1.487090063;1.498063119;1.510698161;1.525002237;1.540982049;1.558643892;1.577993585;1.599036417;1.621777092;1.646219686;1.672367607;1.700223570;1.729789574;1.761066897;1.794056102;1.828757049;1.865168927;1.903290294;1.943119135;1.984652925;2.027888708;2.072823183;2.119452794;2.167773828;2.217782508;2.269475079;2.322847885;2.377897422;2.434620363;2.493013546;2.553073908;2.614798353;;;;;;;;;;;;;;;;;;;;;;;;;;;;;;;;;
3.200;;;;;;;;;;;;;;;;;;;;;;;;;;;;;;;;;;;;;;;;;2.168697312;2.117485788;2.068379412;2.021321507;1.976258097;1.933138314;1.891914674;1.852543243;1.814983719;1.779199438;1.745157322;1.712827778;1.682184570;1.653204653;1.625867999;1.600157407;1.576058308;1.553558571;1.532648310;1.513319693;1.495566769;1.479385292;1.464772563;1.451727277;1.440249389;1.430339980;1.422001137;1.415235847;1.410047890;1.406441746;1.404422507;1.403995789;1.405167657;1.407944547;1.412333193;1.418340555;1.425973749;1.435239981;1.446146475;1.458700414;1.472908866;1.488778730;1.506316670;1.525529059;1.546421926;1.569000905;1.593271195;1.619237524;1.646904120;1.676274692;1.707352423;1.740139973;1.774639492;1.810852646;1.848780656;1.888424352;1.929784226;1.972860514;2.017653266;2.064162436;2.112387969;2.162329880;2.213988336;2.267363713;2.322456638;2.379267999;2.437798907;2.498050612;2.560024349;2.623721095;;;;;;;;;;;;;;;;;;;;;;;;;;;;;;;;
3.100;;;;;;;;;;;;;;;;;;;;;;;;;;;;;;;;;;;;;;;2.224246031;2.168955080;2.115856148;2.064890778;2.016002336;1.969136615;1.924242278;1.881271170;1.840178511;1.800923000;1.763466843;1.727775713;1.693818665;1.661568015;1.630999186;1.602090543;1.574823208;1.549180872;1.525149610;1.502717695;1.481875415;1.462614905;1.444929985;1.428816008;1.414269721;1.401289139;1.389873423;1.380022778;1.371738354;1.365022157;1.359876967;1.356306269;1.354314175;1.353905367;1.355085031;1.357858799;1.362232688;1.368213047;1.375806496;1.385019871;1.395860165;1.408334473;1.422449932;1.438213666;1.455632731;1.474714059;1.495464411;1.517890328;1.541998091;1.567793686;1.595282774;1.624470674;1.655362351;1.687962419;1.722275150;1.758304499;1.796054138;1.835527501;1.876727843;1.919658304;1.964321982;2.010722009;2.058861634;2.108744291;2.160373670;2.213753763;2.268888890;2.325783694;2.384443084;2.444872130;2.507075882;2.571059104;2.636825898;2.704379207;;;;;;;;;;;;;;;;;;;;;;;;;;;;;;
3.000;;;;;;;;;;;;;;;;;;;;;;;;;;;;;;;;;;;;;;2.230127081;2.172897798;2.117886683;2.065035918;2.014289171;1.965592255;1.918893611;1.874144656;1.831300007;1.790317604;1.751158761;1.713788139;1.678173677;1.644286475;1.612100655;1.581593198;1.552743766;1.525534522;1.499949949;1.475976668;1.453603266;1.432820128;1.413619288;1.395994283;1.379940026;1.365452681;1.352529565;1.341169046;1.331370462;1.323134047;1.316460858;1.311352720;1.307812165;1.305842391;1.305447203;1.306630974;1.309398601;1.313755455;1.319707341;1.327260450;1.336421309;1.347196736;1.359593787;1.373619707;1.389281874;1.406587752;1.425544839;1.446160615;1.468442503;1.492397822;1.518033753;1.545357314;1.574375332;1.605094436;1.637521053;1.671661418;1.707521591;1.745107491;1.784424933;1.825479684;1.868277523;1.912824305;1.959126031;2.007188924;2.057019488;2.108624567;2.162011384;2.217187548;2.274161035;2.332940120;2.393533240;2.455948801;2.520194875;2.586278798;2.654206639;2.723982504;;;;;;;;;;;;;;;;;;;;;;;;;;;;;
2.900;;;;;;;;;;;;;;;;;;;;;;;;;;;;;;;;;;;;;2.239683919;2.180497500;2.123553290;2.068794369;2.016164963;1.965611146;1.917081379;1.870526882;1.825901901;1.783163851;1.742273381;1.703194373;1.665893875;1.630342001;1.596511796;1.564379077;1.533922265;1.505122207;1.477961998;1.452426803;1.428503690;1.406181471;1.385450554;1.366302804;1.348731424;1.332730844;1.318296621;1.305425361;1.294114639;1.284362939;1.276169596;1.269534757;1.264459327;1.260944945;1.258993942;1.258609311;1.259794679;1.262554271;1.266892882;1.272815837;1.280328961;1.289438532;1.300151244;1.312474161;1.326414669;1.341980428;1.359179326;1.378019423;1.398508910;1.420656059;1.444469185;1.469956604;1.497126608;1.525987436;1.556547265;1.588814200;1.622796280;1.658501497;1.695937821;1.735113234;1.776035782;1.818713628;1.863155111;1.909368814;1.957363624;2.007148790;2.058733972;2.112129264;2.167345196;2.224392698;2.283283008;2.344027532;2.406637608;2.471124193;2.537497427;2.605766060;2.675936725;2.748013019;;;;;;;;;;;;;;;;;;;;;;;;;;;;
2.800;;;;;;;;;;;;;;;;;;;;;;;;;;;;;;;;;;;;2.252880311;2.191722317;2.132828236;2.076142314;2.021609580;1.969176610;1.918792111;1.870407339;1.823976390;1.779456375;1.736807504;1.695993098;1.656979539;1.619736175;1.584235193;1.550451468;1.518362393;1.487947712;1.459189335;1.432071173;1.406578968;1.382700136;1.360423629;1.339739797;1.320640275;1.303117882;1.287166528;1.272781141;1.259957603;1.248692697;1.238984066;1.230830178;1.224230294;1.219184452;1.215693439;1.213758780;1.213382717;1.214568191;1.217318826;1.221638900;1.227533326;1.235007621;1.244067871;1.254720695;1.266973207;1.280832967;1.296307940;1.313406445;1.332137107;1.352508810;1.374530647;1.398211880;1.423561902;1.450590197;1.479306323;1.509719886;1.541840540;1.575677979;1.611241958;1.648542309;1.687588980;1.728392072;1.770961893;1.815309014;1.861444324;1.909379091;1.959125009;2.010694237;2.064099417;2.119353662;2.176470504;2.235463794;2.296347534;2.359135629;2.423841543;2.490477834;2.559055551;2.629583462;2.702067097;;;;;;;;;;;;;;;;;;;;;;;;;;;;
2.700;;;;;;;;;;;;;;;;;;;;;;;;;;;;;;;;;;;2.269675884;2.206536500;2.145680169;2.087052564;2.030599765;1.976269084;1.924009703;1.873773132;1.825513537;1.779187938;1.734756321;1.692181662;1.651429891;1.612469805;1.575272950;1.539813472;1.506067953;1.474015239;1.443636268;1.414913895;1.387832730;1.362378984;1.338540327;1.316305761;1.295665508;1.276610912;1.259134360;1.243229209;1.228889736;1.216111093;1.204889278;1.195221107;1.187104204;1.180536988;1.175518665;1.172049228;1.170129450;1.169760881;1.170945841;1.173687413;1.177989427;1.183856442;1.191293724;1.200307221;1.210903524;1.223089834;1.236873916;1.252264059;1.269269023;1.287897992;1.308160524;1.330066503;1.353626092;1.378849694;1.405747913;1.434331525;1.464611461;1.496598788;1.530304715;1.565740596;1.602917951;1.641848494;1.682544175;1.725017223;1.769280200;1.815346049;1.863228153;1.912940373;1.964497081;2.017913168;2.073204023;2.130385469;2.189473646;2.250484830;2.313435164;2.378340285;2.445214838;2.514071836;2.584921852;2.657772016;2.732624776;;;;;;;;;;;;;;;;;;;;;;;;;;;
2.600;;;;;;;;;;;;;;;;;;;;;;;;;;;;;;;;;;2.290026249;2.224900527;2.162074188;2.101494604;2.043109152;1.986866118;1.932715380;1.880608919;1.830501182;1.782349308;1.736113268;1.691755898;1.649242886;1.608542690;1.569626423;1.532467714;1.497042543;1.463329070;1.431307464;1.400959730;1.372269544;1.345222101;1.319803976;1.296002996;1.273808132;1.253209407;1.234197819;1.216765277;1.200904558;1.186609271;1.173873835;1.162693467;1.153064179;1.144982780;1.138446881;1.133454906;1.130006102;1.128100548;1.127739163;1.128923708;1.131656788;1.135941843;1.141783141;1.149185754;1.158155538;1.168699101;1.180823766;1.194537533;1.209849028;1.226767458;1.245302559;1.265464545;1.287264055;1.310712106;1.335820050;1.362599529;1.391062450;1.421220953;1.453087401;1.486674373;1.521994669;1.559061325;1.597887641;1.638487216;1.680873988;1.725062286;1.771066875;1.818903006;1.868586453;1.920133537;1.973561129;2.028886616;2.086127831;2.145302921;2.206430147;2.269527600;2.334612806;2.401702210;2.470810505;2.541949789;2.615128514;2.690350202;2.767611885;;;;;;;;;;;;;;;;;;;;;;;;;;
2.500;;;;;;;;;;;;;;;;;;;;;;;;;;;;;;;;;2.313883189;2.246771260;2.181971986;2.119434709;2.059108362;2.000942437;1.944887735;1.890896919;1.838924924;1.788929216;1.740869947;1.694710022;1.650415087;1.607953462;1.567296038;1.528416129;1.491289321;1.455893297;1.422207662;1.390213773;1.359894574;1.331234441;1.304219039;1.278835203;1.255070826;1.232914770;1.212356793;1.193387492;1.175998265;1.160181279;1.145929464;1.133236505;1.122096853;1.112505734;1.104459175;1.097954019;1.092987956;1.089559539;1.087668210;1.087314317;1.088499123;1.091224817;1.095494512;1.101312236;1.108682924;1.117612388;1.128107292;1.140175117;1.153824117;1.169063271;1.185902237;1.204351292;1.224421283;1.246123571;1.269469978;1.294472739;1.321144462;1.349498087;1.379546863;1.411304324;1.444784287;1.480000847;1.516968397;1.555701647;1.596215658;1.638525881;1.682648203;1.728598992;1.776395144;1.826054111;1.877593926;1.931033193;1.986391052;2.043687096;2.102941227;2.164173442;2.227403532;2.292650665;2.359932843;2.429266204;2.500664139;2.574136201;2.649686769;2.727313432;2.807005054;;;;;;;;;;;;;;;;;;;;;;;;;
2.400;;;;;;;;;;;;;;;;;;;;;;;;;;;;;;;;;2.272102180;2.205332053;2.140836128;2.078565156;2.018470075;1.960502831;1.904616987;1.850768170;1.798914370;1.749016124;1.701036597;1.654941593;1.610699495;1.568281167;1.527659815;1.488810833;1.451711628;1.416341450;1.382681211;1.350713322;1.320421536;1.291790807;1.264807162;1.239457594;1.215729976;1.193612986;1.173096055;1.154169334;1.136823671;1.121050608;1.106842386;1.094191961;1.083093030;1.073540063;1.065528337;1.059053971;1.054113966;1.050706238;1.048829649;1.048484035;1.049670223;1.052390046;1.056646347;1.062442974;1.069784770;1.078677552;1.089128077;1.101144013;1.114733889;1.129907050;1.146673601;1.165044351;1.185030757;1.206644863;1.229899246;1.254806965;1.281381511;1.309636773;1.339587000;1.371246783;1.404631046;1.439755040;1.476634358;1.515284955;1.555723179;1.597965810;1.642030100;1.687933820;1.735695301;1.785333463;1.836867834;1.890318535;1.945706238;2.003052075;2.062377487;2.123703990;2.187052865;2.252444715;2.319898901;2.389432811;2.461060948;2.534793790;2.610636409;2.688586798;2.768633868;2.850755076;;;;;;;;;;;;;;;;;;;;;;;;
2.300;;;;;;;;;;;;;;;;;;;;;;;;;;;;;;;;2.300843680;2.232109952;2.165659332;2.101444657;2.039418564;1.979534373;1.921746759;1.866012248;1.812289553;1.760539786;1.710726570;1.662816056;1.616776886;1.572580090;1.530198966;1.489608914;1.450787270;1.413713125;1.378367151;1.344731430;1.312789291;1.282525171;1.253924481;1.226973501;1.201659291;1.177969617;1.155892903;1.135418201;1.116535170;1.099234085;1.083505843;1.069341993;1.056734771;1.045677142;1.036162845;1.028186446;1.021743383;1.016830021;1.013443692;1.011582737;1.011246540;1.012435551;1.015151308;1.019396440;1.025174668;1.032490795;1.041350680;1.051761212;1.063730272;1.077266684;1.092380163;1.109081262;1.127381307;1.147292337;1.168827043;1.191998707;1.216821145;1.243308660;1.271475996;1.301338305;1.332911121;1.366210349;1.401252260;1.438053501;1.476631118;1.517002581;1.559185825;1.603199288;1.649061961;1.696793422;1.746413867;1.797944122;1.851405634;1.906820414;1.964210944;2.023600011;2.085010476;2.148464927;2.213985237;2.281591965;2.351303602;2.423135619;2.497099295;2.573200278;2.651436861;2.731797912;2.814260424;;;;;;;;;;;;;;;;;;;;;;;;
2.200;;;;;;;;;;;;;;;;;;;;;;;;;;;;;;;2.332943424;2.262258654;2.193862321;2.127709641;2.063755204;2.001953941;1.942261860;1.884636591;1.829037767;1.775427270;1.723769367;1.674030748;1.626180498;1.580190012;1.536032865;1.493684663;1.453122866;1.414326610;1.377276525;1.341954564;1.308343835;1.276428454;1.246193413;1.217624469;1.190708050;1.165431190;1.141781473;1.119747006;1.099316408;1.080478814;1.063223899;1.047541907;1.033423697;1.020860798;1.009845464;1.000370737;0.992430511;0.986019593;0.981133760;0.977769819;0.975925647;0.975600235;0.976793719;0.979507396;0.983743741;0.989506397;0.996800171;1.005631009;1.016005962;1.027933148;1.041421701;1.056481713;1.073124179;1.091360924;1.111204544;1.132668336;1.155766233;1.180512750;1.206922922;1.235012263;1.264796728;1.296292685;1.329516901;1.364486535;1.401219153;1.439732742;1.480045740;1.522177077;1.566146216;1.611973195;1.659678668;1.709283935;1.760810953;1.814282318;1.869721215;1.927151310;1.986596586;2.048081089;2.111628580;2.177262065;2.245003180;2.314871408;2.386883093;2.461050227;2.537378964;2.615867842;2.696505642;2.779268864;2.864118760;;;;;;;;;;;;;;;;;;;;;;;
2.100;;;;;;;;;;;;;;;;;;;;;;;;;;;;;;2.368346767;2.295728932;2.225401003;2.157320879;2.091445378;2.027731288;1.966136174;1.906618980;1.849140458;1.793663452;1.740153061;1.688576697;1.638904077;1.591107143;1.545159941;1.501038471;1.458720512;1.418185441;1.379414047;1.342388352;1.307091443;1.273507316;1.241620740;1.211417141;1.182882511;1.156003329;1.130766515;1.107159400;1.085169716;1.064785606;1.045995650;1.028788904;1.013154954;0.999083979;0.986566815;0.975595034;0.966161017;0.958258028;0.951880290;0.947023051;0.943682644;0.941856545;0.941543412;0.942743123;0.945456796;0.949686799;0.955436752;0.962711509;0.971517139;0.981860886;0.993751127;1.007197317;1.022209930;1.038800391;1.056981009;1.076764906;1.098165944;1.121198658;1.145878192;1.172220242;1.200241007;1.229957148;1.261385760;1.294544356;1.329450864;1.366123633;1.404581453;1.444843590;1.486929819;1.530860475;1.576656490;1.624339443;1.673931582;1.725455842;1.778935823;1.834395739;1.891860305;1.951354568;2.012903641;2.076532346;2.142264724;2.210123402;2.280128782;2.352298020;2.426643777;2.503172688;2.581883517;2.662764961;2.745793047;2.830928071;2.918111031;;;;;;;;;;;;;;;;;;;;;;
2.000;;;;;;;;;;;;;;;;;;;;;;;;;;;;;;2.332469820;2.260229622;2.190237550;2.122452940;2.056834695;1.993342172;1.931935845;1.872577788;1.815231998;1.759864590;1.706443887;1.654940415;1.605326848;1.557577888;1.511670116;1.467581821;1.425292814;1.384784238;1.346038384;1.309038517;1.273768711;1.240213712;1.208358815;1.178189763;1.149692672;1.122853980;1.097660416;1.074098990;1.052157009;1.031822100;1.013082263;0.995925928;0.980342021;0.966320049;0.953850182;0.942923338;0.933531277;0.925666679;0.919323235;0.914495716;0.911180043;0.909373348;0.909074016;0.910281725;0.912997469;0.917223566;0.922963655;0.930222681;0.939006871;0.949323688;0.961181787;0.974590956;0.989562046;1.006106908;1.024238311;1.043969871;1.065315974;1.088291701;1.112912765;1.139195448;1.167156549;1.196813341;1.228183545;1.261285311;1.296137213;1.332758261;1.371167922;1.411386152;1.453433438;1.497330845;1.543100064;1.590763458;1.640344090;1.691865739;1.745352884;1.800830649;1.858324685;1.917861000;1.979465682;2.043164535;2.108982568;2.176943346;2.247068148;2.319374923;2.393876994;2.470581482;2.549487408;2.630583426;2.713845145;2.799231978;2.886683474;;;;;;;;;;;;;;;;;;;;;;
1.900;;;;;;;;;;;;;;;;;;;;;;;;;;;;;2.372429117;2.298301244;2.226417698;2.156740646;2.089231382;2.023851299;1.960562626;1.899328965;1.840115662;1.782890038;1.727621502;1.674281576;1.622843842;1.573283838;1.525578913;1.479708050;1.435651685;1.393391508;1.352910274;1.314191622;1.277219908;1.241980052;1.208457414;1.176637687;1.146506817;1.118050948;1.091256387;1.066109598;1.042597212;1.020706061;1.000423231;0.981736121;0.964632526;0.949100720;0.935129557;0.922708564;0.911828043;0.902479171;0.894654097;0.888346030;0.883549322;0.880259540;0.878473531;0.878189467;0.879406886;0.882126709;0.886351254;0.892084226;0.899330702;0.908097096;0.918391117;0.930221714;0.943599011;0.958534239;0.975039658;0.993128476;1.012814770;1.034113404;1.057039955;1.081610640;1.107842252;1.135752107;1.165358002;1.196678183;1.229731330;1.264536554;1.301113409;1.339481915;1.379662596;1.421676524;1.465545371;1.511291461;1.558937819;1.608508204;1.660027129;1.713519845;1.769012286;1.826530954;1.886102739;1.947754641;2.011513392;2.077404931;2.145453739;2.215681969;2.288108371;2.362746956;2.439605378;2.518682974;2.599968436;2.683437047;2.769047449;2.856737863;2.946421713;;;;;;;;;;;;;;;;;;;;;
1.800;;;;;;;;;;;;;;;;;;;;;;;;;;;;;2.339568282;2.265818739;2.194270639;2.124887964;2.057634403;1.992474176;1.929372626;1.868296649;1.809214958;1.752098234;1.696919171;1.643652438;1.592274586;1.542763911;1.495100274;1.449264921;1.405240278;1.363009759;1.322557574;1.283868553;1.246927994;1.211721521;1.178234975;1.146454328;1.116365619;1.087954924;1.061208339;1.036111995;1.012652092;0.990814951;0.970587086;0.951955286;0.934906710;0.919428994;0.905510356;0.893139712;0.882306786;0.873002221;0.865217681;0.858945950;0.854181019;0.850918161;0.849153997;0.848886545;0.850115256;0.852841036;0.857066250;0.862794712;0.870031667;0.878783748;0.889058929;0.900866467;0.914216828;0.929121615;0.945593484;0.963646055;0.983293832;1.004552114;1.027436918;1.051964900;1.078153292;1.106019849;1.135582800;1.166860823;1.199873025;1.234638950;1.271178582;1.309512384;1.349661334;1.391646973;1.435491468;1.481217665;1.528849143;1.578410257;1.629926159;1.683422786;1.738926806;1.796465505;1.856066602;1.917757970;1.981567242;2.047521280;2.115645485;2.185962908;2.258493141;2.333250943;2.410244575;2.489473787;2.570927414;2.654580547;2.740391194;2.828296404;2.918207765;;;;;;;;;;;;;;;;;;;;;
1.700;;;;;;;;;;;;;;;;;;;;;;;;;;;;2.383983071;2.308398009;2.235004977;2.163770956;2.094662217;2.027645215;1.962687262;1.899757006;1.838824749;1.779862627;1.722844680;1.667746844;1.614546858;1.563224138;1.513759605;1.466135496;1.420335161;1.376342859;1.334143565;1.293722784;1.255066384;1.218160454;1.182991183;1.149544765;1.117807335;1.087764925;1.059403450;1.032708722;1.007666479;0.984262443;0.962482392;0.942312250;0.923738187;0.906746736;0.891324905;0.877460307;0.865141281;0.854357015;0.845097663;0.837354461;0.831119823;0.826387437;0.823152343;0.821410995;0.821161315;0.822402724;0.825136162;0.829364087;0.835090467;0.842320745;0.851061801;0.861321896;0.873110601;0.886438730;0.901318247;0.917762186;0.935784555;0.955400246;0.976624949;0.999475062;1.023967621;1.050120225;1.077950986;1.107478480;1.138721725;1.171700161;1.206433659;1.242942535;1.281247589;1.321370146;1.363332115;1.407156055;1.452865234;1.500483698;1.550036310;1.601548785;1.655047676;1.710560330;1.768114772;1.827739522;1.889463305;1.953314658;2.019321380;2.087509826;2.157903995;2.230524389;2.305386604;2.382499613;2.461863697;2.543467981;2.627287511;2.713279835;2.801381009;2.891500977;2.983518246;;;;;;;;;;;;;;;;;;;;
1.600;;;;;;;;;;;;;;;;;;;;;;;;;;;2.431498460;2.354113343;2.278906182;2.205847307;2.134905867;2.066050820;1.999251681;1.934479070;1.871705071;1.810903462;1.752049815;1.695121500;1.640097620;1.586958887;1.535687455;1.486266731;1.438681169;1.392916064;1.348957343;1.306791377;1.266404804;1.227784376;1.190916827;1.155788776;1.122386648;1.090696628;1.060704642;1.032396367;1.005757260;0.980772612;0.957427629;0.935707519;0.915597604;0.897083436;0.880150928;0.864786487;0.850977148;0.838710712;0.827975876;0.818762359;0.811061019;0.804863962;0.800164632;0.796957893;0.795240095;0.795009118;0.796264409;0.799006989;0.803239460;0.808965974;0.816192211;0.824925319;0.835173861;0.846947734;0.860258092;0.875117256;0.891538615;0.909536535;0.929126262;0.950323825;0.973145954;0.997609995;1.023733846;1.051535898;1.081034993;1.112250397;1.145201793;1.179909286;1.216393425;1.254675249;1.294776337;1.336718870;1.380525710;1.426220465;1.473827566;1.523372317;1.574880932;1.628380534;1.683899110;1.741465399;1.801108711;1.862858632;1.926744622;1.992795459;2.061038508;2.131498791;2.204197816;2.279152125;2.356371534;2.435857006;2.517598112;2.601570039;2.687730062;2.776013449;2.866328713;2.958552136;;;;;;;;;;;;;;;;;;;;
1.500;;;;;;;;;;;;;;;;;;;;;;;;;;;2.402923666;2.325937828;2.251084960;2.178337416;2.107666941;2.039045508;1.972445931;1.907842287;1.845210187;1.784526913;1.725771448;1.668924431;1.613968039;1.560885832;1.509662563;1.460283970;1.412736562;1.367007407;1.323083933;1.280953741;1.240604441;1.202023514;1.165198200;1.130115414;1.096761694;1.065123171;1.035185576;1.006934269;0.980354292;0.955430444;0.932147379;0.910489718;0.890442172;0.871989683;0.855117560;0.839811633;0.826058395;0.813845151;0.803160156;0.793992744;0.786333457;0.780174146;0.775508075;0.772329993;0.770636201;0.770424596;0.771694701;0.774447670;0.778686285;0.784414925;0.791639531;0.800367544;0.810607839;0.822370646;0.835667456;0.850510929;0.866914794;0.884893741;0.904463328;0.925639879;0.948440396;0.972882477;0.998984246;1.026764298;1.056241660;1.087435764;1.120366444;1.155053951;1.191518979;1.229782717;1.269866908;1.311793926;1.355586853;1.401269568;1.448866822;1.498404302;1.549908680;1.603407612;1.658929708;1.716504415;1.776161842;1.837932463;1.901846706;1.967934384;2.036223955;2.106741562;2.179509832;2.254546390;2.331862046;2.411458612;2.493326294;2.577440611;2.663758780;2.752215499;2.842718073;2.935140790;3.029318492;;;;;;;;;;;;;;;;;;;
1.400;;;;;;;;;;;;;;;;;;;;;;;;;;;2.376065123;2.299453424;2.224930415;2.152470939;2.082049695;2.013641933;1.947223940;1.882773358;1.820269365;1.759692735;1.701025813;1.644252413;1.589357671;1.536327857;1.485150165;1.435812500;1.388303253;1.342611095;1.298724780;1.256632972;1.216324095;1.177786211;1.141006923;1.105973319;1.072671934;1.041088749;1.011209214;0.983018305;0.956500593;0.931640345;0.908421638;0.886828492;0.866845007;0.848455524;0.831644771;0.816398032;0.802701296;0.790541416;0.779906256;0.770784824;0.763167398;0.757045641;0.752412692;0.749263246;0.747593613;0.747401764;0.748687345;0.751451692;0.755697806;0.761430326;0.768655480;0.777381021;0.787616149;0.799371425;0.812658674;0.827490879;0.843882081;0.861847266;0.881402261;0.902563636;0.925348611;0.949774970;0.975860997;1.003625418;1.033087363;1.064266351;1.097182287;1.131855481;1.168306690;1.206557171;1.246628754;1.288543930;1.332325937;1.377998861;1.425587722;1.475118552;1.526618446;1.580115581;1.635639183;1.693219421;1.752887232;1.814674019;1.878611242;1.944729833;2.013059438;2.083627439;2.156457720;2.231569139;2.308973673;2.388674168;2.470661663;2.554912227;2.641383237;2.730009053;2.820696007;2.913316628;3.007703038;;;;;;;;;;;;;;;;;;;
1.300;;;;;;;;;;;;;;;;;;;;;;;;;;2.429255488;2.350924344;2.274660465;2.200442128;2.128247052;2.058053182;1.989839240;1.923585111;1.859272061;1.796882834;1.736401656;1.677814146;1.621107185;1.566268727;1.513287597;1.462153267;1.412855630;1.365384785;1.319730825;1.275883661;1.233832854;1.193567483;1.155076041;1.118346365;1.083365591;1.050120146;1.018595768;0.988777550;0.960650020;0.934197231;0.909402886;0.886250463;0.864723375;0.844805117;0.826479444;0.809730531;0.794543146;0.780902820;0.768796003;0.758210220;0.749134207;0.741558043;0.735473260;0.730872933;0.727751762;0.726106124;0.725934114;0.727235556;0.730012005;0.734266722;0.740004638;0.747232290;0.755957760;0.766190579;0.777941640;0.791223090;0.806048220;0.822431356;0.840387743;0.859933440;0.881085211;0.903860436;0.928277026;0.954353356;0.982108209;1.011560748;1.042730499;1.075637359;1.110301621;1.146744026;1.184985827;1.225048871;1.266955700;1.310729654;1.356394974;1.403976912;1.453501815;1.504997189;1.558491727;1.614015283;1.671598779;1.731274020;1.793073407;1.857029507;1.923174469;1.991539245;2.062152590;2.135039795;2.210221125;2.287709904;2.367510215;2.449614143;2.533998527;2.620621139;2.709416236;2.800289414;2.893111677;2.987712656;;;;;;;;;;;;;;;;;;;
1.200;;;;;;;;;;;;;;;;;;;;;;;;;;2.405472052;2.327505758;2.251562311;2.177622769;2.105668048;2.035679557;1.967639638;1.901531845;1.837341083;1.775053630;1.714657085;1.656140236;1.599492893;1.544705676;1.491769798;1.440676828;1.391418470;1.343986344;1.298371791;1.254565704;1.212558373;1.172339379;1.133897508;1.097220695;1.062296011;1.029109676;0.997647097;0.967892941;0.939831232;0.913445465;0.888718748;0.865633953;0.844173880;0.824321433;0.806059800;0.789372631;0.774244223;0.760659690;0.748605130;0.738067784;0.729036178;0.721500249;0.715451458;0.710882879;0.707789274;0.706167144;0.706014757;0.707332162;0.710121177;0.714385359;0.720129953;0.727361833;0.736089418;0.746322577;0.758072530;0.771351735;0.786173772;0.802553223;0.820505558;0.840047020;0.861194520;0.883965544;0.908378064;0.934450482;0.962201570;0.991650451;1.022816583;1.055719783;1.090380254;1.126818650;1.165056154;1.205114570;1.247016437;1.290785145;1.336445058;1.384021630;1.433541508;1.485032606;1.538524146;1.594046639;1.651631798;1.711312362;1.773121802;1.837093891;1.903262108;1.971658842;2.042314370;2.115255556;2.190504252;2.268075330;2.347974315;2.430194561;2.514713908;2.601490756;2.690459496;2.781525223;2.874557644;2.969384114;3.065781691;;;;;;;;;;;;;;;;;;
1.100;;;;;;;;;;;;;;;;;;;;;;;;;2.463074069;2.383447585;2.305816284;2.230164916;2.156477670;2.084738902;2.014933652;1.947047974;1.881069121;1.816985610;1.754787187;1.694464722;1.636010039;1.579415725;1.524674897;1.471780974;1.420727439;1.371507619;1.324114472;1.278540407;1.234777121;1.192815477;1.152645406;1.114255844;1.077634704;1.042768884;1.009644299;0.978245947;0.948558006;0.920563946;0.894246672;0.869588676;0.846572215;0.825179482;0.805392805;0.787194830;0.770568721;0.755498340;0.741968435;0.729964805;0.719474467;0.710485792;0.702988638;0.696974455;0.692436376;0.689369283;0.687769852;0.687636579;0.688969780;0.691771574;0.696045845;0.701798183;0.709035812;0.717767500;0.728003455;0.739755220;0.753035549;0.767858285;0.784238240;0.802191070;0.821733160;0.842881515;0.865653671;0.890067603;0.916141673;0.943894577;0.973345324;1.004513242;1.037417993;1.072079625;1.108518644;1.146756101;1.186813703;1.228713942;1.272480221;1.318137000;1.365709919;1.415225920;1.466713339;1.520201948;1.575722956;1.633308928;1.692993607;1.754811628;1.818798077;1.884987890;1.953415037;2.024111478;2.097105829;2.172421718;2.250075769;2.330075169;2.412414763;2.497073623;2.584011009;2.673161680;2.764430456;2.857685962;2.952753478;3.049406776;;;;;;;;;;;;;;;;;;
1.000;;;;;;;;;;;;;;;;;;;;;;;;;2.442470784;2.363192297;2.285864905;2.210476405;2.137014389;2.065466845;1.995822553;1.928071319;1.862204086;1.798212925;1.736090954;1.675832181;1.617431320;1.560883561;1.506184340;1.453329092;1.402313024;1.353130892;1.305776806;1.260244062;1.216524995;1.174610878;1.134491843;1.096156846;1.059593661;1.024788906;0.991728104;0.960395776;0.930775548;0.902850300;0.876602313;0.852013455;0.829065360;0.807739629;0.788018032;0.769882706;0.753316362;0.738302478;0.724825482;0.712870934;0.702425680;0.693478000;0.686017733;0.680036380;0.675527189;0.672485219;0.670907375;0.670792425;0.672140997;0.674955549;0.679240320;0.685001267;0.692245978;0.700983578;0.711224616;0.722980945;0.736265600;0.751092665;0.767477147;0.785434850;0.804982256;0.826136415;0.848914855;0.873335497;0.899416598;0.927176712;0.956634674;0.987809610;1.020720966;1.055388575;1.091832735;1.130074314;1.170134879;1.212036835;1.255803574;1.301459630;1.349030828;1.398544415;1.450029164;1.503515440;1.559035203;1.616621936;1.676310476;1.738136721;1.802137195;1.868348428;1.936806125;2.007544099;2.080592901;2.155978137;2.233718389;2.313822724;2.396287705;2.481093860;2.568201541;2.657546093;2.749032274;2.842527826;2.937856126;3.034787809;;;;;;;;;;;;;;;;;;
0.900;;;;;;;;;;;;;;;;;;;;;;;;;2.423682430;2.344717886;2.267662240;2.192506639;2.119242293;2.047860949;1.978355185;1.910718565;1.844945669;1.781032035;1.718974025;1.658768642;1.600413315;1.543905660;1.489243233;1.436423294;1.385442573;1.336297065;1.288981845;1.243490915;1.199817081;1.157951869;1.117885474;1.079606741;1.043103191;1.008361067;0.975365422;0.944100228;0.914548517;0.886692535;0.860513925;0.835993916;0.813113528;0.791853783;0.772195917;0.754121593;0.737613113;0.722653614;0.709227262;0.697319431;0.686916858;0.678007793;0.670582113;0.664631433;0.660149174;0.657130624;0.655572967;0.655475294;0.656838580;0.659665655;0.663961143;0.669731385;0.676984349;0.685729518;0.695977777;0.707741281;0.721033326;0.735868209;0.752261101;0.770227913;0.789785179;0.810949943;0.833739671;0.858172168;0.884265530;0.912038105;0.941508490;0.972695548;1.005618452;1.040296763;1.076750519;1.115000362;1.155067682;1.196974769;1.240744983;1.286402928;1.333974618;1.383487623;1.434971189;1.488456320;1.543975791;1.601564084;1.661257226;1.723092497;1.787107985;1.853341961;1.921832029;1.992614031;2.065720644;2.141179649;2.219011801;2.299228263;2.381827533;2.466791818;2.554082775;2.643636542;2.735358008;2.829114201;2.924726743;3.021963240;3.120527541;;;;;;;;;;;;;;;;;
0.800;;;;;;;;;;;;;;;;;;;;;;;;2.487282867;2.406723042;2.328037112;2.251220123;2.176266809;2.103172147;2.031931721;1.962541927;1.895000044;1.829304210;1.765453310;1.703446805;1.643284523;1.584966427;1.528492359;1.473861800;1.421073630;1.370125903;1.321015660;1.273738751;1.228289710;1.184661647;1.142846192;1.102833462;1.064612075;1.028169189;0.993490584;0.960560766;0.929363104;0.899879986;0.872093000;0.845983132;0.821530971;0.798716933;0.777521478;0.757925340;0.739909745;0.723456628;0.708548839;0.695170335;0.683306362;0.672943608;0.664070353;0.656676576;0.650754059;0.646296455;0.643299335;0.641760212;0.641678536;0.643055672;0.645894853;0.650201109;0.655981184;0.663243432;0.671997699;0.682255199;0.694028374;0.707330759;0.722176839;0.738581911;0.756561955;0.776133509;0.797313562;0.820119462;0.844568844;0.870679580;0.898469755;0.927957669;0.959161865;0.992101190;1.026794880;1.063262671;1.101524943;1.141602876;1.183518626;1.227295513;1.272958215;1.320532946;1.370047628;1.421532026;1.475017841;1.530538737;1.588130285;1.647829810;1.709676094;1.773708930;1.839968483;1.908494424;1.979324803;2.052494617;2.128034024;2.205966156;2.286304483;2.369049651;2.454185755;2.541675950;2.631457359;2.723435162;2.817475818;2.913399297;3.010970244;3.109887971;;;;;;;;;;;;;;;;;
0.700;;;;;;;;;;;;;;;;;;;;;;;;2.471883766;2.391607113;2.313163395;2.236551202;2.161769030;2.088815723;2.017690731;1.948394239;1.880927174;1.815291118;1.751488159;1.689520693;1.629391188;1.571101940;1.514654819;1.460051022;1.407290840;1.356373455;1.307296753;1.260057179;1.214649621;1.171067338;1.129301912;1.089343255;1.051179637;1.014797760;0.980182855;0.947318812;0.916188345;0.886773161;0.859054169;0.833011685;0.808625663;0.785875927;0.764742403;0.745205352;0.727245604;0.710844776;0.695985482;0.682651527;0.670828087;0.660501863;0.651661223;0.644296308;0.638399127;0.633963618;0.630985686;0.629463216;0.629396061;0.630786011;0.633636726;0.637953667;0.643743992;0.651016449;0.659781244;0.670049911;0.681835165;0.695150756;0.710011326;0.726432264;0.744429577;0.764019759;0.785219695;0.808046562;0.832517769;0.858650909;0.886463747;0.915974231;0.947200531;0.980161117;1.014874857;1.051361151;1.089640081;1.129732598;1.171660712;1.215447704;1.261118332;1.308699039;1.358218138;1.409705962;1.463194978;1.518719821;1.576317254;1.636026011;1.697886507;1.761940385;1.828229862;1.896796846;1.967681778;2.040922165;2.116550737;2.194593208;2.275065554;2.357970769;2.443295020;2.531003146;2.621033405;2.713291408;2.807643141;2.903906989;3.001844650;3.101150853;;;;;;;;;;;;;;;;;
0.600;;;;;;;;;;;;;;;;;;;;;;;;2.458382542;2.378349193;2.300110417;2.223668551;2.149025972;2.076185434;2.005150247;1.935924323;1.868512129;1.802918555;1.739148730;1.677207798;1.617100671;1.558831774;1.502404788;1.447822415;1.395086154;1.344196105;1.295150812;1.247947129;1.202580132;1.159043066;1.117327332;1.077422507;1.039316407;1.002995181;0.968443435;0.935644386;0.904580043;0.875231405;0.847578680;0.821601513;0.797279232;0.774591084;0.753516489;0.734035274;0.716127915;0.699775762;0.684961245;0.671668074;0.659881416;0.649588044;0.640776473;0.633437067;0.627562115;0.623145894;0.620184691;0.618676807;0.618622538;0.620024125;0.622885685;0.627213125;0.633014030;0.640297543;0.649074229;0.659355928;0.671155608;0.684487213;0.699365509;0.715805940;0.733824496;0.753437586;0.774661937;0.797514506;0.822012419;0.848172939;0.876013457;0.905551515;0.936804866;0.969791558;1.004530054;1.041039381;1.079339306;1.119450534;1.161394927;1.205195730;1.250877806;1.298467857;1.347994632;1.399489098;1.452984561;1.508516720;1.566123634;1.625845568;1.687724705;1.751804686;1.818129940;1.886744784;1.957692233;2.031012484;2.106741035;2.184906371;2.265527161;2.348608925;2.434140076;2.522087279;2.612390058;2.704954548;2.799646323;2.896282188;2.994620851;3.094352350;;;;;;;;;;;;;;;;;
0.500;;;;;;;;;;;;;;;;;;;;;;;;2.446794360;2.366963518;2.288891763;2.212585316;2.138050504;2.065293999;1.994322917;1.925144803;1.857767535;1.792199150;1.728447636;1.666520688;1.606425450;1.548168259;1.491754396;1.437187850;1.384471118;1.333605021;1.284588565;1.237418836;1.192090931;1.148597935;1.106930927;1.067079034;1.029029515;0.992767879;0.958278038;0.925542480;0.894542472;0.865258276;0.837669391;0.811754793;0.787493192;0.764863285;0.743844013;0.724414812;0.706555851;0.690248259;0.675474341;0.662217770;0.650463760;0.640199218;0.631412867;0.624095346;0.618239283;0.613839340;0.610892235;0.609396726;0.609353584;0.610765533;0.613637167;0.617974855;0.623786614;0.631081986;0.639871884;0.650168445;0.661984869;0.675335264;0.690234489;0.706698006;0.724741747;0.744381987;0.765635248;0.788518215;0.813047683;0.839240531;0.867113725;0.896684359;0.927969722;0.960987401;0.995755422;1.032292417;1.070617817;1.110752077;1.152716913;1.196535553;1.242232988;1.289836224;1.339374500;1.390879484;1.444385404;1.499929124;1.557550108;1.617290278;1.679193725;1.743306236;1.809674616;1.878345757;1.949365422;2.022776682;2.098617982;2.176920749;2.257706522;2.340983502;2.426742485;2.514952084;2.605553176;2.698452469;2.793515129;2.890556337;2.989331695;3.089526363;3.190742814;;;;;;;;;;;;;;;;
0.400;;;;;;;;;;;;;;;;;;;;;;;2.518519536;2.437133456;2.357463664;2.279520572;2.203314378;2.128855379;2.056154128;1.985221466;1.916068448;1.848706207;1.783145748;1.719397721;1.657472160;1.597378226;1.539123947;1.482715981;1.428159391;1.375457461;1.324611533;1.275620889;1.228482671;1.183191840;1.139741171;1.098121298;1.058320782;1.020326230;0.984122434;0.949692546;0.917018277;0.886080119;0.856857581;0.829329444;0.803474020;0.779269419;0.756693813;0.735725704;0.716344173;0.698529130;0.682261539;0.667523634;0.654299109;0.642573285;0.632333261;0.623568024;0.616268545;0.610427842;0.606041015;0.603105249;0.601619801;0.601585949;0.603006924;0.605887817;0.610235469;0.616058337;0.623366356;0.632170781;0.642484027;0.654319506;0.667691461;0.682614811;0.699104997;0.717177850;0.736849468;0.758136119;0.781054168;0.805620029;0.831850148;0.859761024;0.889369255;0.920691629;0.953745241;0.988547653;1.025117082;1.063472615;1.103634457;1.145624189;1.189465043;1.235182178;1.282802948;1.332357147;1.383877217;1.437398402;1.492958829;1.550599485;1.610364079;1.672298748;1.736451577;1.802871902;1.871609359;1.942712624;2.016227812;2.092196478;2.170653155;2.251622393;2.335115209;2.421124890;2.509622077;2.600549039;2.693813061;2.789278848;2.886759838;2.986008344;3.086704377;3.188443064;;;;;;;;;;;;;;;;
0.300;;;;;;;;;;;;;;;;;;;;;;;2.510646584;2.429412812;2.349862228;2.272009238;2.195868059;2.121452941;2.048778250;1.977858434;1.908707915;1.841340904;1.775771182;1.712011846;1.650075054;1.589971755;1.531711448;1.475301943;1.420749163;1.368056971;1.317227032;1.268258725;1.221149076;1.175892754;1.132482089;1.090907146;1.051155816;1.013213964;0.977065592;0.942693037;0.910077191;0.879197744;0.850033437;0.822562333;0.796762090;0.772610240;0.750084459;0.729162846;0.709824173;0.692048140;0.675815600;0.661108771;0.647911425;0.636209052;0.625988996;0.617240568;0.609955123;0.604126119;0.599749135;0.596821871;0.595344113;0.595317676;0.596746321;0.599635651;0.603992988;0.609827232;0.617148704;0.625968990;0.636300766;0.648157630;0.661553934;0.676504618;0.693025067;0.711130968;0.730838197;0.752162723;0.775120542;0.799727642;0.825999994;0.853953583;0.883604476;0.914968925;0.948063506;0.982905297;1.019512087;1.057902618;1.098096851;1.140116250;1.183984083;1.229725717;1.277368912;1.326944083;1.378484531;1.432026607;1.487609809;1.545276767;1.605073108;1.667047153;1.731249432;1.797731968;1.866547294;1.937747162;2.011380882;2.087493267;2.166122095;2.247295048;2.331026055;2.417310967;2.506122487;2.597404273;2.691064126;2.786966171;2.884921918;2.984680117;3.085915267;3.188214679;;;;;;;;;;;;;;;;
0.200;;;;;;;;;;;;;;;;;;;;;;;2.504770634;2.423643867;2.344170542;2.266369125;2.190257852;2.115854872;2.043178262;1.972245944;1.903075533;1.835684130;1.770088080;1.706302714;1.644342081;1.584218695;1.525943294;1.469524623;1.414969247;1.362281406;1.311462899;1.262513016;1.215428510;1.170203608;1.126830066;1.085297261;1.045592318;1.007700279;0.971604289;0.937285820;0.904724911;0.873900426;0.844790333;0.817371979;0.791622384;0.767518523;0.745037612;0.724157385;0.704856353;0.687114054;0.670911285;0.656230305;0.643055022;0.631371150;0.621166336;0.612430267;0.605154736;0.599333686;0.594963220;0.592041588;0.590569138;0.590548246;0.591983225;0.594880201;0.599246984;0.605092912;0.612428690;0.621266219;0.631618415;0.643499038;0.656922515;0.671903779;0.688458114;0.706601024;0.726348119;0.747715024;0.770717326;0.795370539;0.821690118;0.849691498;0.879390180;0.910801853;0.943942551;0.978828854;1.015478118;1.053908744;1.094140461;1.136194646;1.180094636;1.225866058;1.273537137;1.323138985;1.374705846;1.428275279;1.483888264;1.541589193;1.601425739;1.663448546;1.727710732;1.794267153;1.863173388;1.934484404;2.008252849;2.084526918;2.163347745;2.244746233;2.328739288;2.415325352;2.504479177;2.596145746;2.690233255;2.786605058;2.885070465;2.985374303;3.087185093;3.190081749;;;;;;;;;;;;;;;;
0.100;;;;;;;;;;;;;;;;;;;;;;;2.500901272;2.419836255;2.340398423;2.262610327;2.186494188;2.112071967;2.039365325;1.968395498;1.899183112;1.831747952;1.766108710;1.702282719;1.640285694;1.580131482;1.521831834;1.465396206;1.410831599;1.358142428;1.307330439;1.258394664;1.211331422;1.166134361;1.122794534;1.081300527;1.041638607;1.003792917;0.967745688;0.933477482;0.900967455;0.870193633;0.841133203;0.813762808;0.788058845;0.763997764;0.741556354;0.720712026;0.701443076;0.683728934;0.667550394;0.652889811;0.639731287;0.628060813;0.617866399;0.609138155;0.601868361;0.596051491;0.591684212;0.588765356;0.587295864;0.587278698;0.588718732;0.591622629;0.595998689;0.601856686;0.609207697;0.618063921;0.628438496;0.640345314;0.653798848;0.668813985;0.685405875;0.703589795;0.723381048;0.744794875;0.767846406;0.792550647;0.818922496;0.846976806;0.876728483;0.908192630;0.941384724;0.976320837;1.013017896;1.051493967;1.091768574;1.133863033;1.177800798;1.223607808;1.271312822;1.320947729;1.372547805;1.426151919;1.481802642;1.539546253;1.599432594;1.661514767;1.725848615;1.792491962;1.861503568;1.932941743;2.006862586;2.083317781;2.162351895;2.243999109;2.328279325;2.415193557;2.504718536;2.596800448;2.691347688;2.788222569;2.887231844;2.988115952;3.090536862;3.194064384;;;;;;;;;;;;;;;;
0.000;;;;;;;;;;;;;;;;;;;;;;;2.499045717;2.417997583;2.338553959;2.260741465;2.184586240;2.110113947;2.037349682;1.966317819;1.897041794;1.829543863;1.763844839;1.699963829;1.637917979;1.577722237;1.519389144;1.462928653;1.408347990;1.355651553;1.304840853;1.255914502;1.208868234;1.163694983;1.120384986;1.078925935;1.039303157;1.001499828;0.965497213;0.931274928;0.898811222;0.868083272;0.839067487;0.811739818;0.786076061;0.762052171;0.739644547;0.718830321;0.699587623;0.681895828;0.665735778;0.651089982;0.637942789;0.626280524;0.616091607;0.607366627;0.600098394;0.594281953;0.589914573;0.586995702;0.585526896;0.585511719;0.586955627;0.589865821;0.594251091;0.600121642;0.607488911;0.616365378;0.626764377;0.638699907;0.652186454;0.667238825;0.683871995;0.702100978;0.721940729;0.743406063;0.766511618;0.791271852;0.817701075;0.845813528;0.875623499;0.907145486;0.940394400;0.975385805;1.012136203;1.050663346;1.090986577;1.133127192;1.177108810;1.222957744;1.270703359;1.320378401;1.372019275;1.425666262;1.481363637;1.539159679;1.599106529;1.661259872;1.725678401;1.792423035;1.861555829;1.933138546;2.007230831;2.083887925;2.163157878;2.245078161;2.329671647;2.416941849;2.506867351;2.599395341;2.694434148;2.791844684;2.891430687;2.992927641;3.095990266;3.200178433;;;;;;;;;;;;;;;;
-0.100;;;;;;;;;;;;;;;;;;;;;;;2.499208620;2.418133245;2.338643327;2.260769512;2.184541762;2.109989307;2.037140516;1.966022709;1.896661925;1.829082667;1.763307641;1.699357495;1.637250573;1.577002698;1.518626977;1.462133649;1.407529965;1.354820120;1.304005216;1.255083285;1.208049338;1.162895468;1.119610988;1.078182605;1.038594628;1.000829208;0.964866598;0.930685436;0.898263048;0.867575757;0.838599200;0.811308649;0.785679331;0.761686732;0.739306905;0.718516748;0.699294272;0.681618848;0.665471422;0.650834710;0.637693361;0.626034088;0.615845771;0.607119523;0.599848727;0.594029040;0.589658365;0.586736791;0.585266514;0.585251718;0.586698446;0.589614443;0.594008987;0.599892704;0.607277376;0.616175746;0.626601319;0.638568172;0.652090773;0.667183813;0.683862057;0.702140217;0.722032861;0.743554342;0.766718770;0.791540021;0.818031791;0.846207682;0.876081348;0.907666671;0.940977989;0.976030364;1.012839888;1.051424022;1.091801961;1.133995026;1.178027054;1.223924801;1.271718313;1.321441280;1.373131331;1.426830260;1.482584158;1.540443422;1.600462605;1.662700094;1.727217550;1.794079093;1.863350174;1.935096095;2.009380108;2.086261055;2.165790472;2.248009092;2.332942682;2.420597122;2.510952651;2.603957193;2.699518650;2.797496085;2.897689657;2.999829211;3.103561392;3.208435152;;;;;;;;;;;;;;;;
-0.200;;;;;;;;;;;;;;;;;;;;;;;2.501391917;2.420246273;2.340670654;2.262699659;2.186366957;2.111705197;2.038745840;1.967518954;1.898052964;1.830374396;1.764507617;1.700474583;1.638294610;1.577984169;1.519556719;1.463022577;1.408388829;1.355659282;1.304834471;1.255911695;1.208885109;1.163745851;1.120482207;1.079079817;1.039521904;1.001789539;0.965861927;0.931716703;0.899330258;0.868678058;0.839734982;0.812475644;0.786874724;0.762907283;0.740549062;0.719776773;0.700568359;0.682903236;0.666762508;0.652129149;0.638988163;0.627326698;0.617134143;0.608402179;0.601124802;0.595298316;0.590921287;0.587994472;0.586520723;0.586504857;0.587953512;0.590874976;0.595279012;0.601176653;0.608580013;0.617502073;0.627956487;0.639957381;0.653519171;0.668656399;0.685383583;0.703715100;0.723665093;0.745247418;0.768475627;0.793362986;0.819922550;0.848167267;0.878110140;0.909764430;0.943143908;0.978263142;1.015137835;1.053785184;1.094224281;1.136476518;1.180566014;1.226520033;1.274369385;1.324148792;1.375897202;1.429658028;1.485479281;1.543413585;1.603518018;1.665853775;1.730485586;1.797480864;1.866908534;1.938837492;2.013334634;2.090462401;2.170275784;2.252818696;2.338119664;2.426186736;2.517001541;2.610512381;2.706626292;2.805199927;2.906029193;3.008837483;3.113262406;3.218840864;;;;;;;;;;;;;;;;
-0.300;;;;;;;;;;;;;;;;;;;;;;;2.505594706;2.424337225;2.344637907;2.266535214;2.190066390;2.115267335;2.042172420;1.970814250;1.901223420;1.833428253;1.767454548;1.703325341;1.641060690;1.580677501;1.522189374;1.465606507;1.410935635;1.358180010;1.307339439;1.258410353;1.211385925;1.166256230;1.123008438;1.081627044;1.042094126;1.004389630;0.968491679;0.934376889;0.902020708;0.871397754;0.842482155;0.815247896;0.789669139;0.765720555;0.743377619;0.722616902;0.703416327;0.685755407;0.669615455;0.654979757;0.641833716;0.630164968;0.619963453;0.611221461;0.603933639;0.598096967;0.593710703;0.590776293;0.589297260;0.589279064;0.590728939;0.593655717;0.598069634;0.603982123;0.611405606;0.620353286;0.630838935;0.642876699;0.656480913;0.671665936;0.688446005;0.706835125;0.726846985;0.748494913;0.771791873;0.796750499;0.823383183;0.851702207;0.881719917;0.913448953;0.946902526;0.982094730;1.019040902;1.057758016;1.098265099;1.140583675;1.184738209;1.230756547;1.278670344;1.328515444;1.380332211;1.434165774;1.490066171;1.548088353;1.608292025;1.670741284;1.735504012;1.802650988;1.872254662;1.944387552;2.019120195;2.096518595;2.176641112;2.259534705;2.345230462;2.433738338;2.525040996;2.619086683;2.715781014;2.814977574;2.916467217;3.019965940;3.125101206;3.231396573;;;;;;;;;;;;;;;;
-0.400;;;;;;;;;;;;;;;;;;;;;;;2.511813166;2.430404106;2.350544826;2.272277539;2.195642921;2.120679955;2.047425723;1.975915163;1.906180820;1.838252590;1.772157478;1.707919375;1.645558869;1.585093084;1.526535566;1.469896203;1.415181204;1.362393106;1.311530843;1.262589847;1.215562195;1.170436802;1.127199639;1.085833989;1.046320733;1.008638655;0.972764770;0.938674662;0.906342836;0.875743069;0.846848761;0.819633288;0.794070332;0.770134212;0.747800179;0.727044709;0.707845755;0.690182979;0.674037949;0.659394313;0.646237924;0.634556946;0.624341914;0.615585766;0.608283831;0.602433796;0.598035632;0.595091491;0.593605580;0.593584007;0.595034605;0.597966745;0.602391125;0.608319560;0.615764767;0.624740142;0.635259551;0.647337132;0.660987107;0.676223619;0.693060594;0.711511633;0.731589941;0.753308291;0.776679034;0.801714153;0.828425367;0.856824279;0.886922578;0.918732292;0.952266086;0.987537600;1.024561843;1.063355602;1.103937897;1.146330440;1.190558109;1.236649413;1.284636934;1.334557729;1.386453671;1.440371704;1.496363985;1.554487890;1.614805838;1.677384906;1.742296196;1.809613898;1.879414011;1.951772671;2.026764012;2.104457518;2.184914784;2.268185616;2.354303405;2.443279661;2.535097653;2.629705033;2.727005344;2.826848318;2.929018830;3.033224392;3.139081051;3.246097559;;;;;;;;;;;;;;;;
-0.500;;;;;;;;;;;;;;;;;;;;;;;2.520040516;2.438442330;2.358388882;2.279926015;2.203097685;2.127945781;2.054509904;1.982827116;1.912931697;1.844854897;1.778624709;1.714265664;1.651798669;1.591240867;1.532605557;1.475902145;1.421136147;1.368309235;1.317419335;1.268460761;1.221424393;1.176297896;1.133065968;1.091710623;1.052211501;1.014546192;0.978690587;0.944619231;0.912305690;0.881722911;0.852843591;0.825640525;0.800086952;0.776156874;0.753825367;0.733068857;0.713865375;0.696194777;0.680038942;0.665381920;0.652210063;0.640512104;0.630279212;0.621505004;0.614185525;0.608319192;0.603906708;0.600950947;0.599456807;0.599431049;0.600882101;0.603819864;0.608255488;0.614201157;0.621669855;0.630675152;0.641230982;0.653351444;0.667050617;0.682342399;0.699240375;0.717757714;0.737907110;0.759700757;0.783150377;0.808267286;0.835062519;0.863547000;0.893731769;0.925628251;0.959248586;0.994605994;1.031715189;1.070592825;1.111257965;1.153732576;1.198042024;1.244215556;1.292286768;1.342294018;1.394280780;1.448295903;1.504393755;1.562634219;1.623082500;1.685808720;1.750887241;1.818395686;1.888413596;1.961020679;2.036294585;2.114308141;2.195125982;2.278800507;2.365367065;2.454838302;2.547197563;2.642391262;2.740320106;2.840829066;2.943695969;3.048618600;3.155200156;3.262932933;;;;;;;;;;;;;;;;
-0.600;;;;;;;;;;;;;;;;;;;;;;;2.530266999;2.448444711;2.368165275;2.289478040;2.212430087;2.137066036;2.063427812;1.991554401;1.921481609;1.853241829;1.786863829;1.722372580;1.659789106;1.599130383;1.540409285;1.483634567;1.428810902;1.375938960;1.325015538;1.276033721;1.228983101;1.183850013;1.140617821;1.099267222;1.059776577;1.022122260;0.986279025;0.952220379;0.919918956;0.889346894;0.860476209;0.833279150;0.807728544;0.783798125;0.761462832;0.740699091;0.721485055;0.703800826;0.687628634;0.672952982;0.659760757;0.648041304;0.637786461;0.628990554;0.621650370;0.615765076;0.611336126;0.608367124;0.606863667;0.606833165;0.608284642;0.611228515;0.615676375;0.621640751;0.629134881;0.638172478;0.648767520;0.660934040;0.674685945;0.690036861;0.707000002;0.725588081;0.745813259;0.767687133;0.791220779;0.816424840;0.843309664;0.871885502;0.902162750;0.934152254;0.967865656;1.003315791;1.040517125;1.079486227;1.120242270;1.162807541;1.207207968;1.253473620;1.301639189;1.351744423;1.403834482;1.457960207;1.514178254;1.572551085;1.633146750;1.696038454;1.761303839;1.829023950;1.899281829;1.972160673;2.047741513;2.126100329;2.207304546;2.291408820;2.378450044;2.468441481;2.561365929;2.657167815;2.755744120;2.856934007;2.960507044;3.066149882;3.173451256;3.281885164;;;;;;;;;;;;;;;;
-0.700;;;;;;;;;;;;;;;;;;;;;;;2.542479907;2.460401484;2.379866960;2.300929058;2.223637837;2.148040471;2.074181027;2.002100219;1.931835178;1.863419240;1.796881755;1.732247935;1.669538739;1.608770801;1.549956404;1.493103501;1.438215784;1.385292796;1.334330092;1.285319437;1.238249049;1.193103871;1.149865877;1.108514407;1.069026515;1.031377346;0.995540512;0.961488483;0.929192980;0.898625351;0.869756960;0.842559543;0.817005557;0.793068505;0.770723238;0.749946223;0.730715785;0.713012316;0.696818440;0.682119156;0.668901928;0.657156744;0.646876143;0.638055192;0.630691437;0.624784817;0.620337547;0.617353970;0.615840383;0.615804845;0.617256962;0.620207662;0.624668958;0.630653707;0.638175375;0.647247800;0.657884972;0.670100833;0.683909093;0.699323078;0.716355609;0.735018921;0.755324623;0.777283701;0.800906578;0.826203218;0.853183286;0.881856369;0.912232241;0.944321191;0.978134399;1.013684356;1.050985329;1.090053864;1.130909303;1.173574331;1.218075513;1.264443820;1.312715126;1.362930650;1.415137321;1.469388048;1.525741844;1.584263803;1.645024862;1.708101324;1.773574104;1.841527628;1.912048351;1.985222835;2.061135306;2.139864650;2.221480757;2.306040135;2.393580718;2.484115777;2.577626829;2.674055446;2.773293863;2.875174251;2.979456543;3.085814681;3.193821138;3.302929567;;;;;;;;;;;;;;;;
-0.800;;;;;;;;;;;;;;;;;;;;;;;2.556663629;2.474300359;2.393484695;2.314272616;2.236717002;2.160867426;2.086769917;2.014466734;1.943996148;1.875392251;1.808684790;1.743899041;1.681055729;1.620170983;1.561256349;1.504318839;1.449361040;1.396381256;1.345373706;1.296328751;1.249233166;1.204070445;1.160821131;1.119463175;1.079972308;1.042322434;1.006486027;0.972434533;0.940138775;0.909569339;0.880696968;0.853492920;0.827929322;0.803979491;0.781618231;0.760822097;0.741569631;0.723841554;0.707620933;0.692893297;0.679646722;0.667871877;0.657562027;0.648713001;0.641323129;0.635393132;0.630925996;0.627926806;0.626402559;0.626361957;0.627815181;0.630773654;0.635249793;0.641256765;0.648808241;0.657918156;0.668600494;0.680869078;0.694737394;0.710218448;0.727324645;0.746067726;0.766458734;0.788508035;0.812225395;0.837620101;0.864701147;0.893477471;0.923958249;0.956153247;0.990073220;1.025730365;1.063138808;1.102315130;1.143278917;1.186053321;1.230665625;1.277147782;1.325536930;1.375875838;1.428213280;1.482604295;1.539110312;1.597799094;1.658744480;1.722025868;1.787727402;1.855936810;1.926743840;2.000238235;2.076507178;2.155632150;2.237685108;2.322723924;2.410786982;2.501886845;2.596002903;2.693072882;2.792983113;2.895557434;3.000544607;3.107604105;3.216290138;3.326033754;;;;;;;;;;;;;;;;
-0.900;;;;;;;;;;;;;;;;;;;;;;;2.572799730;2.490126598;2.409007128;2.329500434;2.251662088;2.175543905;2.101193717;2.028655157;1.957967467;1.889165323;1.822278703;1.757332788;1.694347913;1.633339561;1.574318404;1.517290397;1.462256912;1.409214919;1.358157217;1.309072693;1.261946625;1.216761013;1.173494937;1.132124937;1.092625413;1.054969026;1.019127122;0.985070140;0.952768026;0.922190636;0.893308123;0.866091310;0.840512032;0.816543462;0.794160403;0.773339540;0.754059675;0.736301904;0.720049770;0.705289371;0.692009430;0.680201321;0.669859062;0.660979268;0.653561061;0.647605960;0.643117725;0.640102185;0.638567034;0.638521608;0.639976650;0.642944064;0.647436654;0.653467874;0.661051578;0.670201777;0.680932421;0.693257192;0.707189333;0.722741505;0.739925686;0.758753105;0.779234231;0.801378808;0.825195946;0.850694266;0.877882104;0.906767773;0.937359882;0.969667713;1.003701644;1.039473630;1.076997716;1.116290587;1.157372143;1.200266084;1.245000486;1.291608366;1.340128202;1.390604387;1.443087604;1.497635082;1.554310697;1.613184905;1.674334442;1.737841760;1.803794160;1.872282554;1.943399811;2.017238624;2.093888831;2.173434124;2.255948057;2.341489291;2.430095963;2.521779110;2.616515030;2.714236474;2.814822564;2.918087307;3.023766578;3.131503431;3.240831602;3.351157044;;;;;;;;;;;;;;;;
-1.000;;;;;;;;;;;;;;;;;;;;;;;2.590867049;2.507863116;2.426420887;2.346602513;2.268466136;2.192065676;2.117450623;2.044665837;1.973751376;1.904742350;1.837668819;1.772555727;1.709422887;1.648285009;1.589151781;1.532027993;1.476913710;1.423804492;1.372691648;1.323562537;1.276400896;1.231187199;1.187899043;1.146511548;1.106997776;1.069329161;1.033475929;0.999407536;0.967093083;0.936501724;0.907603064;0.880367526;0.854766699;0.830773653;0.808363232;0.787512299;0.768199952;0.750407701;0.734119605;0.719322364;0.706005374;0.694160743;0.683783264;0.674870348;0.667421928;0.661440322;0.656930071;0.653897744;0.652351724;0.652301973;0.653759783;0.656737519;0.661248354;0.667306009;0.674924498;0.684117886;0.694900066;0.707284559;0.721284343;0.736911724;0.754178232;0.773094580;0.793670658;0.815915591;0.839837842;0.865445378;0.892745903;0.921747134;0.952457150;0.984884794;1.019040119;1.054934899;1.092583161;1.132001769;1.173211011;1.216235209;1.261103316;1.307849487;1.356513613;1.407141778;1.459786630;1.514507623;1.571371110;1.630450232;1.691824589;1.755579621;1.821805674;1.890596679;1.962048407;2.036256210;2.113312215;2.193301869;2.276299767;2.362364685;2.451533721;2.543815449;2.639181976;2.737559813;2.838819414;2.942763284;3.049112509;3.157491570;3.267411302;3.378249830;;;;;;;;;;;;;;;;
-1.100;;;;;;;;;;;;;;;;;;;;;;;2.610841826;2.527490598;2.445710704;2.365567248;2.287120837;2.210427383;2.135537909;2.062498374;1.991349519;1.922126761;1.854860116;1.789574171;1.726288102;1.665015744;1.605765704;1.548541522;1.493341885;1.440160878;1.388988271;1.339809854;1.292607793;1.247361017;1.204045630;1.162635331;1.123101858;1.085415423;1.049545163;1.015459576;0.983126949;0.952515774;0.923595146;0.896335130;0.870707109;0.846684099;0.824241025;0.803354965;0.784005359;0.766174166;0.749845992;0.735008171;0.721650799;0.709766740;0.699351575;0.690403530;0.682923353;0.676914169;0.672381293;0.669332033;0.667775450;0.667722121;0.669183870;0.672173508;0.676704554;0.682790975;0.690446926;0.699686502;0.710523520;0.722971321;0.737042605;0.752749303;0.770102497;0.789112375;0.809788254;0.832138644;0.856171376;0.881893789;0.909312979;0.938436105;0.969270763;1.001825405;1.036109820;1.072135663;1.109917018;1.149470997;1.190818355;1.233984117;1.278998185;1.325895930;1.374718722;1.425514391;1.478337594;1.533250038;1.590320548;1.649624928;1.711245579;1.775270825;1.841793902;1.910911556;1.982722177;2.057323431;2.134809294;2.215266429;2.298769826;2.385377611;2.475124934;2.568016840;2.664020022;2.763053328;2.864976924;2.969579962;3.076566640;3.185540500;3.295986814;3.407252897;;;;;;;;;;;;;;;;
-1.200;;;;;;;;;;;;;;;;;;;;;;;2.632697827;2.548987634;2.466859548;2.386381558;2.307616662;2.230622673;2.155452048;2.082151736;2.010763061;1.941321640;1.873857341;1.808394299;1.744950965;1.683540213;1.624169496;1.566841043;1.511552107;1.458295251;1.407058675;1.357826573;1.310579526;1.265294913;1.221947345;1.180509112;1.140950642;1.103240955;1.067348124;1.033239723;1.000883263;0.970246615;0.941298403;0.914008381;0.888347770;0.864289571;0.841808833;0.820882894;0.801491568;0.783617298;0.767245272;0.752363479;0.738962743;0.727036697;0.716581730;0.707596887;0.700083738;0.694046213;0.689490401;0.686424337;0.684857753;0.684801823;0.686268888;0.689272182;0.693825556;0.699943200;0.707639387;0.716928225;0.727823436;0.740338166;0.754484822;0.770274957;0.787719194;0.806827205;0.827607736;0.850068699;0.874217314;0.900060319;0.927604240;0.956855723;0.987821926;1.020510972;1.054932449;1.091097964;1.129021729;1.168721183;1.210217628;1.253536867;1.298709830;1.345773169;1.394769791;1.445749324;1.498768458;1.553891161;1.611188710;1.670739518;1.732628691;1.796947295;1.863791264;1.933259891;2.005453856;2.080472716;2.158411783;2.239358317;2.323386962;2.410554314;2.500892550;2.594402000;2.691042563;2.790723853;2.893293946;2.998526603;3.106106833;3.215614646;3.326506844;3.438096690;;;;;;;;;;;;;;;;
-1.300;;;;;;;;;;;;;;;;;;;;;;;2.656406500;2.572330866;2.489848761;2.409031028;2.329943001;2.252644332;2.177188840;2.103624391;2.031992811;1.962329837;1.894665120;1.829022268;1.765418940;1.703866995;1.644372679;1.586936867;1.531555344;1.478219128;1.426914828;1.377625038;1.330328752;1.285001805;1.241617332;1.200146236;1.160557661;1.122819465;1.086898695;1.052762039;1.020376278;0.989708701;0.960727510;0.933402190;0.907703845;0.883605504;0.861082384;0.840112116;0.820674926;0.802753775;0.786334456;0.771405643;0.757958902;0.745988653;0.735492100;0.726469116;0.718922094;0.712855762;0.708276981;0.705194500;0.703618709;0.703561362;0.705035299;0.708054161;0.712632106;0.718783530;0.726522803;0.735864029;0.746820820;0.759406113;0.773632015;0.789509695;0.807049323;0.826260056;0.847150088;0.869726751;0.893996683;0.919966056;0.947640869;0.977027302;1.008132138;1.040963232;1.075530039;1.111844194;1.149920114;1.189775647;1.231432716;1.274917983;1.320263474;1.367507184;1.416693613;1.467874213;1.521107725;1.576460362;1.634005812;1.693825005;1.756005630;1.820641309;1.887830426;1.957674507;2.030276125;2.105736235;2.184150891;2.265607238;2.350178730;2.437919447;2.528857439;2.622986992;2.720259686;2.820574157;2.923764412;3.029586584;3.137703969;3.247670218;3.358910505;3.470700515;;;;;;;;;;;;;;;;
-1.400;;;;;;;;;;;;;;;;;;;;;;;2.681937118;2.597495133;2.514658211;2.433500050;2.354088301;2.276484421;2.200743554;2.126914436;2.055039347;1.985154101;1.917288079;1.851464322;1.787699661;1.726004903;1.666385064;1.608839644;1.553362946;1.499944440;1.448569146;1.399218065;1.351868619;1.306495125;1.263069268;1.221560593;1.181936999;1.144165225;1.108211331;1.074041169;1.041620832;1.010917078;0.981897733;0.954532060;0.928791091;0.904647926;0.882077988;0.861059240;0.841572354;0.823600836;0.807131110;0.792152556;0.778657496;0.766641151;0.756101546;0.747039384;0.739457875;0.733362548;0.728761016;0.725662737;0.724078739;0.724021340;0.725503861;0.728540329;0.733145189;0.739333023;0.747118283;0.756515050;0.767536816;0.780196300;0.794505304;0.810474615;0.828113954;0.847431980;0.868436352;0.891133852;0.915530569;0.941632150;0.969444119;0.998972248;1.030223004;1.063204046;1.097924772;1.134396921;1.172635198;1.212657937;1.254487766;1.298152274;1.343684652;1.391124295;1.440517332;1.491917061;1.545384267;1.600987374;1.658802403;1.718912693;1.781408337;1.846385292;1.913944092;1.984188121;2.057221376;2.133145647;2.212057043;2.294041790;2.379171198;2.467495722;2.559038004;2.653784809;2.751677711;2.852602449;2.956376792;3.062736792;3.171321288;3.281654495;3.393126528;;;;;;;;;;;;;;;;;
-1.500;;;;;;;;;;;;;;;;;;;;;;;2.709256933;2.624453618;2.541266437;2.459771973;2.380040210;2.302134419;2.226111059;2.152019730;2.079903151;2.009797195;1.941730962;1.875726912;1.811801036;1.749963087;1.690216848;1.632560448;1.576986724;1.523483607;1.472034553;1.422618996;1.375212821;1.329788859;1.286317387;1.244766638;1.205103311;1.167293075;1.131301057;1.097092321;1.064632326;1.033887348;1.004824888;0.977414035;0.951625794;0.927433379;0.904812459;0.883741364;0.864201241;0.846176171;0.829653231;0.814622520;0.801077134;0.789013099;0.778429267;0.769327166;0.761710824;0.755586553;0.750962716;0.747849457;0.746258428;0.746202494;0.747695434;0.750751642;0.755385831;0.761612752;0.769446922;0.778902389;0.789992511;0.802729786;0.817125713;0.833190702;0.850934037;0.870363900;0.891487440;0.914310921;0.938839928;0.965079633;0.993035136;1.022711869;1.054116054;1.087255226;1.122138807;1.158778720;1.197190041;1.237391672;1.279407021;1.323264679;1.368999059;1.416651002;1.466268292;1.517906078;1.571627163;1.627502120;1.685609200;1.746033996;1.808868801;1.874211622;1.942164793;2.012833116;2.086321471;2.162731833;2.242159597;2.324689153;2.410388604;2.499303541;2.591449780;2.686804929;2.785298705;2.886801845;2.991113502;3.097946984;3.206913683;3.317505044;3.429072416;;;;;;;;;;;;;;;;;
-1.600;;;;;;;;;;;;;;;;;;;;;;;;2.653177995;2.569650788;2.487829236;2.407785716;2.329585352;2.253285959;2.178938023;2.106584727;2.036262021;1.967998746;1.901816797;1.837731351;1.775751127;1.715878702;1.658110868;1.602439024;1.548849606;1.497324546;1.447841758;1.400375637;1.354897580;1.311376511;1.269779408;1.230071828;1.192218426;1.156183454;1.121931250;1.089426690;1.058635627;1.029525289;1.002064638;0.976224701;0.951978847;0.929303031;0.908175981;0.888579351;0.870497818;0.853919132;0.838834129;0.825236683;0.813123634;0.802494656;0.793352102;0.785700806;0.779547858;0.774902347;0.771775093;0.770178352;0.770125514;0.771630798;0.774708945;0.779374920;0.785643621;0.793529622;0.803046922;0.814208746;0.827027368;0.841513987;0.857678649;0.875530221;0.895076429;0.916323950;0.939278571;0.963945417;0.990329244;1.018434794;1.048267225;1.079832589;1.113138380;1.148194125;1.185012018;1.223607589;1.264000389;1.306214682;1.350280122;1.396232402;1.444113840;1.493973888;1.545869533;1.599865545;1.656034557;1.714456916;1.775220275;1.838418869;1.904152429;1.972524674;2.043641310;2.117607490;2.194524632;2.274486546;2.357574765;2.443852997;2.533360603;2.626104996;2.722052840;2.821119955;2.923159781;3.027950270;3.135179085;3.244426932;3.355148883;3.466653518;;;;;;;;;;;;;;;;;
-1.700;;;;;;;;;;;;;;;;;;;;;;;;2.683638554;2.599787552;2.517653500;2.437311268;2.358827923;2.282262711;2.207667072;2.135084717;2.064551731;1.996096748;1.929741156;1.865499368;1.803379127;1.743381861;1.685503079;1.629732804;1.576056039;1.524453255;1.474900909;1.427371975;1.381836485;1.338262078;1.296614543;1.256858366;1.218957256;1.182874656;1.148574238;1.116020363;1.085178516;1.056015707;1.028500825;1.002604962;0.978301689;0.955567278;0.934380894;0.914724721;0.896584055;0.879947337;0.864806146;0.851155146;0.838991987;0.828317166;0.819133852;0.811447675;0.805266484;0.800600085;0.797459949;0.795858918;0.795810888;0.797330497;0.800432814;0.805133035;0.811446199;0.819386918;0.828969141;0.840205954;0.853109412;0.867690426;0.883958693;0.901922690;0.921589718;0.942966020;0.966056954;0.990867245;1.017401292;1.045663551;1.075658979;1.107393543;1.140874778;1.176112404;1.213118974;1.251910554;1.292507426;1.334934778;1.379223392;1.425410277;1.473539252;1.523661438;1.575835617;1.630128456;1.686614530;1.745376106;1.806502662;1.870090073;1.936239404;2.005055278;2.076643729;2.151109475;2.228552552;2.309064206;2.392721976;2.479583861;2.569681479;2.663012112;2.759529518;2.859133399;2.961657392;3.066855441;3.174386423;3.283796858;3.394501555;3.505762017;;;;;;;;;;;;;;;;;
-1.800;;;;;;;;;;;;;;;;;;;;;;;;2.715804305;2.631652062;2.549225750;2.468602886;2.389852614;2.313035731;2.238204749;2.165404005;2.094669822;2.026030719;1.959507671;1.895114414;1.832857801;1.772738198;1.714749920;1.658881699;1.605117190;1.553435490;1.503811686;1.456217414;1.410621427;1.366990161;1.325288300;1.285479338;1.247526113;1.211391335;1.177038082;1.144430264;1.113533064;1.084313330;1.056739930;1.030784073;1.006419568;0.983623047;0.962374138;0.942655583;0.924453315;0.907756478;0.892557407;0.878851553;0.866637379;0.855916196;0.846691979;0.838971140;0.832762273;0.828075878;0.824924062;0.823320228;0.823278759;0.824814691;0.827943404;0.832680311;0.839040575;0.847038841;0.856689005;0.868004016;0.880995719;0.895674751;0.912050486;0.930131037;0.949923323;0.971433198;0.994665648;1.019625057;1.046315539;1.074741338;1.104907297;1.136819379;1.170485253;1.205914919;1.243121377;1.282121315;1.322935821;1.365591076;1.410119037;1.456558065;1.504953489;1.555358069;1.607832330;1.662444733;1.719271637;1.778397021;1.839911909;1.903913450;1.970503601;2.039787340;2.111870362;2.186856167;2.264842476;2.345916886;2.430151682;2.517597702;2.608277160;2.702175315;2.799230875;2.899325006;3.002268824;3.107789222;3.215512898;3.324948413;3.435466125;;;;;;;;;;;;;;;;;;
-1.900;;;;;;;;;;;;;;;;;;;;;;;;2.749643056;2.665218774;2.582526382;2.501646244;2.422649771;2.345599483;2.270549119;2.197543799;2.126620221;2.057806928;1.991124608;1.926586448;1.864198535;1.803960292;1.745864952;1.689900076;1.636048078;1.584286791;1.534590042;1.486928235;1.441268941;1.397577493;1.355817568;1.315951756;1.277942114;1.241750701;1.207340077;1.174673777;1.143716744;1.114435727;1.086799632;1.060779827;1.036350406;1.013488395;0.992173915;0.972390289;0.954124104;0.937365219;0.922106726;0.908344870;0.896078916;0.885310983;0.876045839;0.868290660;0.862054768;0.857349337;0.854187086;0.852581961;0.852548808;0.854103044;0.857260341;0.862036316;0.868446247;0.876504806;0.886225837;0.897622157;0.910705417;0.925486001;0.941972988;0.960174165;0.980096113;1.001744353;1.025123559;1.050237845;1.077091114;1.105687483;1.136031765;1.168130015;1.201990123;1.237622464;1.275040573;1.314261844;1.355308242;1.398207002;1.442991297;1.489700859;1.538382517;1.589090631;1.641887382;1.696842889;1.754035110;1.813549477;1.875478228;1.939919376;2.006975249;2.076750561;2.149349921;2.224874729;2.303419353;2.385066541;2.469881933;2.557907612;2.649154566;2.743593970;2.841147147;2.941674101;3.044960485;3.150702857;3.258492073;3.367794673;3.477932074;;;;;;;;;;;;;;;;;;
-2.000;;;;;;;;;;;;;;;;;;;;;;;;;2.700461314;2.617535245;2.536426720;2.457209656;2.379948523;2.304698500;2.231505683;2.160407338;2.091432210;2.024600871;1.959926125;1.897413448;1.837061475;1.778862509;1.722803075;1.668864494;1.617023466;1.567252685;1.519521446;1.473796264;1.430041484;1.388219879;1.348293241;1.310222947;1.273970492;1.239498007;1.206768726;1.175747428;1.146400824;1.118697914;1.092610278;1.068112335;1.045181542;1.023798540;1.003947254;0.985614941;0.968792182;0.953472832;0.939653923;0.927335518;0.916520530;0.907214503;0.899425364;0.893163137;0.888439650;0.885268213;0.883663291;0.883640173;0.885214638;0.888402636;0.893219975;0.899682039;0.907803530;0.917598239;0.929078868;0.942256889;0.957142462;0.973744404;0.992070223;1.012126212;1.033917620;1.057448876;1.082723901;1.109746471;1.138520663;1.169051354;1.201344782;1.235409158;1.271255322;1.308897434;1.348353671;1.389646946;1.432805598;1.477864048;1.524863404;1.573851967;1.624885627;1.678028109;1.733351025;1.790933700;1.850862720;1.913231151;1.978137389;2.045683552;2.115973386;2.189109581;2.265190449;2.344305865;2.426532394;2.511927507;2.600522786;2.692316010;2.787262020;2.885262223;2.986152620;3.089690223;3.195537709;3.303246161;3.412235736;3.521774088;;;;;;;;;;;;;;;;;;
-2.100;;;;;;;;;;;;;;;;;;;;;;;;;2.737352468;2.654231644;2.572929401;2.493522461;2.416077527;2.340651481;2.267291648;2.196036098;2.126914001;2.059946031;1.995144814;1.932515414;1.872055864;1.813757718;1.757606644;1.703583029;1.651662606;1.601817086;1.554014805;1.508221356;1.464400226;1.422513413;1.382522028;1.344386869;1.308068976;1.273530137;1.240733374;1.209643373;1.180226881;1.152453045;1.126293712;1.101723668;1.078720835;1.057266401;1.037344915;1.018944314;1.002055909;0.986674318;0.972797354;0.960425866;0.949563550;0.940216708;0.932393993;0.926106115;0.921365529;0.918186114;0.916582832;0.916571395;0.918167926;0.921388637;0.926249520;0.932766062;0.940952993;0.950824064;0.962391875;0.975667745;0.990661643;1.007382165;1.025836588;1.046030981;1.067970382;1.091659056;1.117100809;1.144299382;1.173258904;1.203984413;1.236482427;1.270761576;1.306833260;1.344712347;1.384417877;1.425973770;1.469409511;1.514760789;1.562070071;1.611387084;1.662769155;1.716281410;1.771996747;1.829995586;1.890365312;1.953199380;2.018596023;2.086656490;2.157482771;2.231174705;2.307826430;2.387522060;2.470330522;2.556299443;2.645448000;2.737758604;2.833167324;2.931552909;3.032724289;3.136406411;3.242224260;3.349684919;3.458157490;;;;;;;;;;;;;;;;;;;
-2.200;;;;;;;;;;;;;;;;;;;;;;;;;2.775864126;2.692594291;2.611139042;2.531578272;2.453981256;2.378406902;2.304904070;2.233511921;2.164260327;2.097170323;2.032254607;1.969518068;1.908958362;1.850566513;1.794327535;1.740221080;1.688222098;1.638301498;1.590426820;1.544562896;1.500672505;1.458717007;1.418656959;1.380452708;1.344064940;1.309455207;1.276586406;1.245423213;1.215932479;1.188083565;1.161848633;1.137202882;1.114124731;1.092595944;1.072601710;1.054130660;1.037174836;1.021729617;1.007793590;0.995368380;0.984458444;0.975070826;0.967214883;0.960901983;0.956145190;0.952958924;0.951358624;0.951360404;0.952980716;0.956236021;0.961142488;0.967715706;0.975970439;0.985920412;0.997578144;1.010954831;1.026060288;1.042902939;1.061489888;1.081827041;1.103919305;1.127770857;1.153385482;1.180766975;1.209919618;1.240848708;1.273561149;1.308066083;1.344375564;1.382505253;1.422475122;1.464310153;1.508041006;1.553704640;1.601344853;1.651012718;1.702766885;1.756673696;1.812807095;1.871248275;1.932085012;1.995410645;2.061322629;2.129920604;2.201303926;2.275568553;2.352803245;2.433084965;2.516473405;2.603004525;2.692683025;2.785473604;2.881290919;2.979988105;3.081343712;3.185046936;3.290680986;3.397704413;3.505430268;;;;;;;;;;;;;;;;;;;
-2.300;;;;;;;;;;;;;;;;;;;;;;;;;;2.732601185;2.651039963;2.571366975;2.493654474;2.417963780;2.344345647;2.272840672;2.203479755;2.136284603;2.071268276;2.008435770;1.947784632;1.889305604;1.832983289;1.778796831;1.726720609;1.676724934;1.628776740;1.582840279;1.538877786;1.496850139;1.456717487;1.418439852;1.381977692;1.347292428;1.314346930;1.283105952;1.253536524;1.225608282;1.199293760;1.174568613;1.151411793;1.129805667;1.109736078;1.091192359;1.074167290;1.058657004;1.044660851;1.032181218;1.021223306;1.011794877;1.003905969;0.997568585;0.992796369;0.989604261;0.988008155;0.988024548;0.989670204;0.992961828;0.997915757;1.004547687;1.012872425;1.022903687;1.034653938;1.048134288;1.063354441;1.080322704;1.099046069;1.119530353;1.141780410;1.165800420;1.191594236;1.219165812;1.248519681;1.279661506;1.312598676;1.347340946;1.383901114;1.422295712;1.462545709;1.504677190;1.548722009;1.594718380;1.642711377;1.692753325;1.744904036;1.799230856;1.855808485;1.914718516;1.976048655;2.039891548;2.106343181;2.175500764;2.247460039;2.322311948;2.400138550;2.481008137;2.564969420;2.652044711;2.742221980;2.835445679;2.931606207;3.030527892;3.131955350;3.235538075;3.340813115;3.447185651;3.553907339;;;;;;;;;;;;;;;;;;;
-2.400;;;;;;;;;;;;;;;;;;;;;;;;;;2.774229419;2.692615865;2.612878091;2.535091800;2.459321170;2.385619274;2.314028545;2.244581291;2.177300251;2.112199190;2.049283534;1.988551028;1.929992423;1.873592184;1.819329206;1.767177543;1.717107134;1.669084527;1.623073586;1.579036194;1.536932916;1.496723652;1.458368242;1.421827047;1.387061475;1.354034474;1.322710966;1.293058238;1.265046274;1.238648032;1.213839670;1.190600707;1.168914136;1.148766474;1.130147763;1.113051519;1.097474625;1.083417182;1.070882320;1.059875965;1.050406574;1.042484839;1.036123374;1.031336377;1.028139285;1.026548424;1.026580658;1.028253050;1.031582538;1.036585630;1.043278132;1.051674909;1.061789691;1.073634921;1.087221661;1.102559556;1.119656858;1.138520514;1.159156330;1.181569196;1.205763384;1.231742920;1.259512014;1.289075561;1.320439694;1.353612389;1.388604112;1.425428491;1.464103004;1.504649671;1.547095711;1.591474176;1.637824497;1.686192948;1.736632976;1.789205368;1.843978217;1.901026641;1.960432208;2.022282022;2.086667395;2.153682071;2.223419908;2.295971967;2.371422914;2.449846664;2.531301172;2.615822274;2.703416477;2.794052592;2.887652083;2.984078020;3.083122497;3.184492380;3.287793227;3.392511235;3.497993045;;;;;;;;;;;;;;;;;;;;
-2.500;;;;;;;;;;;;;;;;;;;;;;;;;;;2.735849569;2.656100531;2.578287476;2.502477955;2.428727846;2.357081882;2.287574213;2.220229024;2.155061178;2.092076900;2.031274482;1.972645015;1.916173137;1.861837787;1.809612968;1.759468504;1.711370792;1.665283538;1.621168471;1.578986037;1.538696056;1.500258348;1.463633315;1.428782479;1.395668978;1.364258000;1.334517176;1.306416904;1.279930628;1.255035054;1.231710303;1.209940020;1.189711411;1.171015234;1.153845739;1.138200550;1.124080507;1.111489465;1.100434052;1.090923392;1.082968811;1.076583502;1.071782195;1.068580799;1.066996050;1.067045164;1.068745491;1.072114197;1.077167962;1.083922714;1.092393393;1.102593769;1.114536300;1.128232048;1.143690655;1.160920381;1.179928207;1.200720011;1.223300808;1.247675066;1.273847082;1.301821433;1.331603483;1.363199941;1.396619475;1.431873354;1.468976119;1.507946262;1.548806894;1.591586391;1.636318980;1.683045258;1.731812592;1.782675389;1.835695186;1.890940519;1.948486537;2.008414296;2.070809699;2.135762007;2.203361860;2.273698754;2.346857879;2.422916255;2.501938071;2.583969136;2.669030352;2.757110091;2.848155374;2.942061726;3.038661589;3.137711144;3.238875416;3.341711497;3.445649734;3.549972712;;;;;;;;;;;;;;;;;;;;
-2.600;;;;;;;;;;;;;;;;;;;;;;;;;;;2.780722642;2.701022249;2.623235047;2.547432546;2.473673984;2.402006916;2.332467834;2.265082836;2.199868326;2.136831748;2.075972334;2.017281888;1.960745570;1.906342688;1.854047503;1.803830007;1.755656715;1.709491414;1.665295911;1.623030736;1.582655821;1.544131134;1.507417271;1.472476008;1.439270790;1.407767177;1.377933230;1.349739838;1.323160993;1.298173993;1.274759603;1.252902141;1.232589516;1.213813211;1.196568205;1.180852855;1.166668725;1.154020373;1.142915105;1.133362690;1.125375055;1.118965951;1.114150609;1.110945388;1.109367418;1.109434247;1.111163506;1.114572585;1.119678341;1.126496836;1.135043110;1.145331004;1.157373032;1.171180309;1.186762534;1.204128048;1.223283947;1.244236270;1.266990255;1.291550666;1.317922182;1.346109857;1.376119631;1.407958899;1.441637120;1.477166456;1.514562440;1.553844629;1.595037264;1.638169871;1.683277823;1.730402795;1.779593116;1.830903956;1.884397331;1.940141871;1.998212309;2.058688642;2.121654903;2.187197494;2.255403003;2.326355446;2.400132844;2.476803069;2.556418859;2.639011917;2.724585980;2.813108765;2.904502671;2.998634112;3.095301357;3.194220734;3.295011053;3.397176105;3.500085050;;;;;;;;;;;;;;;;;;;;;
-2.700;;;;;;;;;;;;;;;;;;;;;;;;;;;;2.747629790;2.669926936;2.594182483;2.520459657;2.448809424;2.379271177;2.311873453;2.246634698;2.183564039;2.122662094;2.063921792;2.007329203;1.952864373;1.900502152;1.850213023;1.801963904;1.755718939;1.711440256;1.669088698;1.628624511;1.590007997;1.553200115;1.518163036;1.484860644;1.453258981;1.423326634;1.395035060;1.368358862;1.343275984;1.319767868;1.297819532;1.277419604;1.258560294;1.241237308;1.225449727;1.211199818;1.198492824;1.187336704;1.177741844;1.169720745;1.163287686;1.158458378;1.155249604;1.153678867;1.153764039;1.155523019;1.158973427;1.164132302;1.171015857;1.179639258;1.190016454;1.202160063;1.216081307;1.231790014;1.249294680;1.268602601;1.289720073;1.312652659;1.337405526;1.363983845;1.392393258;1.422640394;1.454733436;1.488682732;1.524501426;1.562206105;1.601817442;1.643360820;1.686866902;1.732372143;1.779919190;1.829557163;1.881341759;1.935335162;1.991605689;2.050227155;2.111277874;2.174839266;2.240993982;2.309823509;2.381405153;2.455808346;2.533090177;2.613290065;2.696423473;2.782474566;2.871387693;2.963057583;3.057318134;3.153929643;3.252564368;3.352790240;3.454052587;3.555653704;;;;;;;;;;;;;;;;;;;;;
-2.800;;;;;;;;;;;;;;;;;;;;;;;;;;;;2.795907702;2.718353889;2.642723919;2.569085701;2.497494273;2.427992551;2.360612103;2.295373966;2.232289476;2.171361125;2.112583429;2.055943796;2.001423409;1.948998087;1.898639143;1.850314225;1.803988123;1.759623560;1.717181935;1.676624032;1.637910687;1.601003399;1.565864893;1.532459628;1.500754247;1.470717962;1.442322885;1.415544293;1.390360831;1.366754655;1.344711510;1.324220758;1.305275338;1.287871683;1.272009581;1.257691988;1.244924809;1.233716629;1.224078424;1.216023240;1.209565858;1.204722440;1.201510174;1.199946919;1.200050854;1.201840149;1.205332648;1.210545589;1.217495357;1.226197271;1.236665433;1.248912614;1.262950206;1.278788235;1.296435438;1.315899401;1.337186776;1.360303554;1.385255418;1.412048143;1.440688070;1.471182626;1.503540889;1.537774187;1.573896720;1.611926191;1.651884419;1.693797929;1.737698483;1.783623531;1.831616553;1.881727253;1.934011580;1.988531516;2.045354609;2.104553185;2.166203183;2.230382575;2.297169281;2.366638528;2.438859573;2.513891708;2.591779461;2.672546901;2.756190955;2.842673615;2.931912941;3.023772724;3.118050689;3.214465108;3.312639662;3.412086422;3.512186766;;;;;;;;;;;;;;;;;;;;;;
-2.900;;;;;;;;;;;;;;;;;;;;;;;;;;;;;2.768504289;2.693050964;2.619551200;2.548064839;2.478639009;2.411308962;2.346098940;2.283023063;2.222086238;2.163285073;2.106608791;2.052040151;1.999556348;1.949129908;1.900729554;1.854321048;1.809867997;1.767332622;1.726676489;1.687861182;1.650848930;1.615603182;1.582089121;1.550274115;1.520128109;1.491623956;1.464737682;1.439448683;1.415739872;1.393597748;1.373012419;1.353977562;1.336490329;1.320551203;1.306163813;1.293334698;1.282073045;1.272390390;1.264300298;1.257818021;1.252960150;1.249744254;1.248188533;1.248311464;1.250131482;1.253666663;1.258934458;1.265951445;1.274733138;1.285293830;1.297646503;1.311802788;1.327772985;1.345566156;1.365190274;1.386652448;1.409959210;1.435116864;1.462131906;1.491011490;1.521763947;1.554399346;1.588930084;1.625371487;1.663742416;1.704065854;1.746369449;1.790685996;1.837053829;1.885517083;1.936125803;1.988935862;2.044008625;2.101410349;2.161211226;2.223484052;2.288302430;2.355738464;2.425859857;2.498726351;2.574385409;2.652867069;2.734177859;2.818293687;2.905151577;2.994640163;3.086588788;3.180755104;3.276811014;3.374326825;3.472753444;3.571402460;;;;;;;;;;;;;;;;;;;;;;
-3.000;;;;;;;;;;;;;;;;;;;;;;;;;;;;;2.820363296;2.745154882;2.671852729;2.600522292;2.531215675;2.463972527;2.398820971;2.335778547;2.274853169;2.216044092;2.159342872;2.104734325;2.052197470;2.001706458;1.953231469;1.906739580;1.862195603;1.819562871;1.778803987;1.739881515;1.702758624;1.667399668;1.633770706;1.601839969;1.571578248;1.542959231;1.515959764;1.490560059;1.466743823;1.444498339;1.423814477;1.404686655;1.387112739;1.371093896;1.356634404;1.343741417;1.332424695;1.322696306;1.314570302;1.308062382;1.303189537;1.299969701;1.298421396;1.298563391;1.300414383;1.303992693;1.309315996;1.316401098;1.325263738;1.335918456;1.348378503;1.362655817;1.378761056;1.396703696;1.416492196;1.438134229;1.461636972;1.487007472;1.514253053;1.543381794;1.574403034;1.607327927;1.642170016;1.678945808;1.717675356;1.758382803;1.801096878;1.845851320;1.892685199;1.941643093;1.992775100;2.046136638;2.101787980;2.159793501;2.220220548;2.283137912;2.348613816;2.416713355;2.487495327;2.561008358;2.637286255;2.716342478;2.798163646;2.882701974;2.969866517;3.059513116;3.151432916;3.245339320;3.340853239;3.437486488;3.534623173;;;;;;;;;;;;;;;;;;;;;;;
-3.100;;;;;;;;;;;;;;;;;;;;;;;;;;;;;;2.799023104;2.725983421;2.654864719;2.585724910;2.518608830;2.453549221;2.390567733;2.329675938;2.270876345;2.214163404;2.159524514;2.106941005;2.056389097;2.007840840;1.961265006;1.916627951;1.873894431;1.833028366;1.793993551;1.756754313;1.721276103;1.687526028;1.655473323;1.625089747;1.596349921;1.569231594;1.543715849;1.519787237;1.497433851;1.476647343;1.457422874;1.439759019;1.423657617;1.409123577;1.396164639;1.384791111;1.375015562;1.366852504;1.360318053;1.355429579;1.352205358;1.350664222;1.350825226;1.352707329;1.356329105;1.361708480;1.368862512;1.377807211;1.388557414;1.401126707;1.415527409;1.431770619;1.449866322;1.469823563;1.491650685;1.515355625;1.540946281;1.568430922;1.597818655;1.629119926;1.662347061;1.697514814;1.734640919;1.773746634;1.814857237;1.858002473;1.903216905;1.950540154;2.000016988;2.051697220;2.105635381;2.161890115;2.220523252;2.281598497;2.345179692;2.411328559;2.480101885;2.551548051;2.625702836;2.702584404;2.782187384;2.864475935;2.949375706;3.036764559;3.126461945;3.218216798;3.311693819;3.406457999;3.501957221;3.597502799;;;;;;;;;;;;;;;;;;;;;;;
-3.200;;;;;;;;;;;;;;;;;;;;;;;;;;;;;;2.854638046;2.781931845;2.711086056;2.642165313;2.575220494;2.510289764;2.447399642;2.386566062;2.327795442;2.271085743;2.216427515;2.163804921;2.113196739;2.064577331;2.017917569;1.973185726;1.930348312;1.889370865;1.850218677;1.812857470;1.777254000;1.743376602;1.711195665;1.680684046;1.651817403;1.624574475;1.598937280;1.574891259;1.552425350;1.531532000;1.512207122;1.494449995;1.478263115;1.463652001;1.450624957;1.439192808;1.429368596;1.421167264;1.414605317;1.409700482;1.406471355;1.404937068;1.405116953;1.407030240;1.410695765;1.416131727;1.423355472;1.432383327;1.443230479;1.455910916;1.470437417;1.486821608;1.505074078;1.525204562;1.547222180;1.571135741;1.596954106;1.624686594;1.654343445;1.685936304;1.719478741;1.754986778;1.792479405;1.831979076;1.873512160;1.917109320;1.962805788;2.010641517;2.060661163;2.112913864;2.167452774;2.224334297;2.283616983;2.345360014;2.409621233;2.476454642;2.545907295;2.618015516;2.692800354;2.770262189;2.850374383;2.933075896;3.018262727;3.105778093;3.195401203;3.286834502;3.379689246;3.473469259;3.567552714;;;;;;;;;;;;;;;;;;;;;;;;
-3.300;;;;;;;;;;;;;;;;;;;;;;;;;;;;;;;2.839680667;2.769174821;2.700530511;2.633805587;2.569044515;2.506279497;2.445531595;2.386811851;2.330122398;2.275457550;2.222804875;2.172146228;2.123458763;2.076715889;2.031888191;1.988944295;1.947851674;1.908577408;1.871088864;1.835354324;1.801343540;1.769028223;1.738382460;1.709383063;1.682009846;1.656245834;1.632077409;1.609494385;1.588490026;1.569061001;1.551207290;1.534932032;1.520241336;1.507144045;1.495651473;1.485777104;1.477536283;1.470945879;1.466023948;1.462789393;1.461261632;1.461460272;1.463404814;1.467114377;1.472607455;1.479901718;1.489013857;1.499959469;1.512753012;1.527407804;1.543936088;1.562349155;1.582657530;1.604871221;1.629000016;1.655053847;1.683043191;1.712979510;1.744875734;1.778746741;1.814609858;1.852485339;1.892396810;1.934371654;1.978441325;2.024641532;2.073012295;2.123597808;2.176446089;2.231608354;2.289138089;2.349089742;2.411516997;2.476470554;2.543995352;2.614127163;2.686888472;2.762283564;2.840292718;2.920865419;3.003912475;3.089296934;3.176823676;3.266227559;3.357159975;3.449173685;3.541705777;;;;;;;;;;;;;;;;;;;;;;;;;
-3.400;;;;;;;;;;;;;;;;;;;;;;;;;;;;;;;;2.829112606;2.760807731;2.694356272;2.629809939;2.567207503;2.506575981;2.447931810;2.391282007;2.336625316;2.283953316;2.233251505;2.184500341;2.137676241;2.092752527;2.049700323;2.008489385;1.969088881;1.931468097;1.895597075;1.861447191;1.828991648;1.798205912;1.769068065;1.741559092;1.715663100;1.691367465;1.668662916;1.647543551;1.628006806;1.610053356;1.593686969;1.578914326;1.565744783;1.554190113;1.544264214;1.535982804;1.529363086;1.524423426;1.521183015;1.519661544;1.519878894;1.521854846;1.525608813;1.531159615;1.538525285;1.547722921;1.558768597;1.571677309;1.586462995;1.603138604;1.621716226;1.642207282;1.664622768;1.688973563;1.715270772;1.743526122;1.773752392;1.805963860;1.840176764;1.876409760;1.914684351;1.955025280;1.997460843;2.042023118;2.088748061;2.137675444;2.188848596;2.242313904;2.298120022;2.356316756;2.416953546;2.480077501;2.545730920;2.613948219;2.684752203;2.758149590;2.834125700;2.912638220;2.993609944;3.076920371;3.162396062;3.249799617;3.338817159;3.429044170;3.519969552;;;;;;;;;;;;;;;;;;;;;;;;;;
-3.500;;;;;;;;;;;;;;;;;;;;;;;;;;;;;;;;;2.822976108;2.756857191;2.692575525;2.630177404;2.569696688;2.511156037;2.454568125;2.399936833;2.347258410;2.296522597;2.247713712;2.200811679;2.155793013;2.112631746;2.071300285;2.031770214;1.994013024;1.958000770;1.923706666;1.891105594;1.860174553;1.830893022;1.803243262;1.777210539;1.752783279;1.729953165;1.708715155;1.689067457;1.671011439;1.654551490;1.639694836;1.626451324;1.614833156;1.604854618;1.596531765;1.589882113;1.584924313;1.581677824;1.580162605;1.580398807;1.582406497;1.586205401;1.591814693;1.599252805;1.608537301;1.619684783;1.632710863;1.647630179;1.664456476;1.683202738;1.703881380;1.726504495;1.751084148;1.777632717;1.806163269;1.836689972;1.869228510;1.903796513;1.940413967;1.979103589;2.019891154;2.062805732;2.107879824;2.155149353;2.204653481;2.256434206;2.310535707;2.367003377;2.425882493;2.487216486;2.551044710;2.617399686;2.686303720;2.757764822;2.831771853;2.908288800;2.987248076;3.068542768;3.152017682;3.237459113;3.324583176;3.413022591;3.502311765;3.591870040;;;;;;;;;;;;;;;;;;;;;;;;;;
-3.600;;;;;;;;;;;;;;;;;;;;;;;;;;;;;;;;;2.887004712;2.821283593;2.757322000;2.695174779;2.634883588;2.576478200;2.519977769;2.465392077;2.412722745;2.361964406;2.313105822;2.266130964;2.221020029;2.177750393;2.136297504;2.096635712;2.058739019;2.022581761;1.988139222;1.955388158;1.924307267;1.894877560;1.867082682;1.840909140;1.816346478;1.793387369;1.772027660;1.752266341;1.734105469;1.717550040;1.702607812;1.689289090;1.677606483;1.667574627;1.659209892;1.652530077;1.647554092;1.644301653;1.642792972;1.643048471;1.645088509;1.648933147;1.654601938;1.662113755;1.671486676;1.682737898;1.695883715;1.710939548;1.727920024;1.746839116;1.767710332;1.790546956;1.815362336;1.842170209;1.870985064;1.901822514;1.934699694;1.969635637;2.006651635;2.045771555;2.087022090;2.130432906;2.176036681;2.223868979;2.273967926;2.326373665;2.381127518;2.438270828;2.497843416;2.559881590;2.624415663;2.691466878;2.761043699;2.833137365;2.907716629;2.984721589;3.064056509;3.145581531;3.229103155;3.314363375;3.401027339;3.488669397;3.576757398;;;;;;;;;;;;;;;;;;;;;;;;;;;
-3.700;;;;;;;;;;;;;;;;;;;;;;;;;;;;;;;;;;2.887599125;2.824019229;2.762175045;2.702117060;2.643883108;2.587499706;2.532983355;2.480341801;2.429575252;2.380677550;2.333637286;2.288438853;2.245063440;2.203489956;2.163695884;2.125658065;2.089353400;2.054759488;2.021855171;1.990621018;1.961039719;1.933096416;1.906778950;1.882078044;1.858987413;1.837503815;1.817627036;1.799359824;1.782707768;1.767679135;1.754284669;1.742537352;1.732452142;1.724045693;1.717336058;1.712342387;1.709084632;1.707583251;1.707858931;1.709932337;1.713823877;1.719553514;1.727140605;1.736603788;1.747960916;1.761229037;1.776424431;1.793562696;1.812658880;1.833727676;1.856783650;1.881841520;1.908916461;1.938024443;1.969182576;2.002409463;2.037725529;2.075153326;2.114717774;2.156446329;2.200369039;2.246518463;2.294929421;2.345638525;2.398683460;2.454101967;2.511930469;2.572202291;2.634945414;2.700179689;2.767913454;2.838139458;2.910830029;2.985931383;3.063356987;3.142979867;3.224623764;3.308053004;3.392960982;3.478957107;3.565552084;;;;;;;;;;;;;;;;;;;;;;;;;;;;
-3.800;;;;;;;;;;;;;;;;;;;;;;;;;;;;;;;;;;;2.892623776;2.831141135;2.771365770;2.713344600;2.657112447;2.602693401;2.550102133;2.499345164;2.450422088;2.403326722;2.358048211;2.314572053;2.272881059;2.232956243;2.194777630;2.158324990;2.123578495;2.090519297;2.059130022;2.029395192;2.001301571;1.974838427;1.949997736;1.926774301;1.905165825;1.885172902;1.866798969;1.850050199;1.834935352;1.821465579;1.809654209;1.799516492;1.791069332;1.784331011;1.779320894;1.776059152;1.774566475;1.774863818;1.776972154;1.780912259;1.786704534;1.794368854;1.803924469;1.815389946;1.828783155;1.844121311;1.861421059;1.880698610;1.901969925;1.925250935;1.950557802;1.977907204;2.007316640;2.038804744;2.072391585;2.108098945;2.145950555;2.185972257;2.228192079;2.272640184;2.319348667;2.368351163;2.419682215;2.473376382;2.529467011;2.587984637;2.648954957;2.712396290;2.778316491;2.846709216;2.917549472;2.990788370;3.066346976;3.144109180;3.223913464;3.305543468;3.388717225;3.473074950;3.558165243;;;;;;;;;;;;;;;;;;;;;;;;;;;;;
-3.900;;;;;;;;;;;;;;;;;;;;;;;;;;;;;;;;;;;;2.902020792;2.842584095;2.784823085;2.728781895;2.674493132;2.621979245;2.571253853;2.522323011;2.475186418;2.429838553;2.386269751;2.344467201;2.304415861;2.266099309;2.229500506;2.194602476;2.161388913;2.129844701;2.099956357;2.071712395;2.045103616;2.020123321;1.996767459;1.975034706;1.954926483;1.936446919;1.919602758;1.904403232;1.890859878;1.878986337;1.868798121;1.860312356;1.853547518;1.848523167;1.845259669;1.843777940;1.844099194;1.846244720;1.850235679;1.856092932;1.863836911;1.873487525;1.885064107;1.898585415;1.914069665;1.931534628;1.950997752;1.972476342;1.995987763;2.021549685;2.049180335;2.078898774;2.110725163;2.144681011;2.180789390;2.219075097;2.259564724;2.302286634;2.347270792;2.394548424;2.444151471;2.496111787;2.550460048;2.607224305;2.666428143;2.728088375;2.792212211;2.858793833;2.927810294;2.999216669;3.072940362;3.148874485;3.226870192;3.306727886;3.388187156;3.470915351;3.554494634;;;;;;;;;;;;;;;;;;;;;;;;;;;;;;
-4.000;;;;;;;;;;;;;;;;;;;;;;;;;;;;;;;;;;;;;2.915709143;2.858262688;2.802458620;2.748339047;2.695935105;2.645268340;2.596352030;2.549192441;2.503790013;2.460140478;2.418235897;2.378065623;2.339617176;2.302877044;2.267831401;2.234466732;2.202770389;2.172731055;2.144339138;2.117587076;2.092469580;2.068983800;2.047129424;2.026908715;2.008326495;1.991390074;1.976109133;1.962495571;1.950563311;1.940328091;1.931807225;1.925019359;1.919984214;1.916722335;1.915254846;1.915603219;1.917789060;1.921833925;1.927759162;1.935585792;1.945334422;1.957025206;1.970677842;1.986311616;2.003945485;2.023598204;2.045288485;2.069035186;2.094857528;2.122775321;2.152809193;2.184980812;2.219313071;2.255830234;2.294558008;2.335523526;2.378755199;2.424282419;2.472135079;2.522342847;2.574934189;2.629935053;2.687367196;2.747246079;2.809578263;2.874358267;2.941564778;3.011156167;3.083065214;3.157192943;3.233401495;3.311505911;3.391264734;3.472369293;3.554431576;;;;;;;;;;;;;;;;;;;;;;;;;;;;;;;
-4.100;;;;;;;;;;;;;;;;;;;;;;;;;;;;;;;;;;;;;;2.933587964;2.878074706;2.824170206;2.771915250;2.721340194;2.672466343;2.625307259;2.579870006;2.536156303;2.494163618;2.453886163;2.415315815;2.378442954;2.343257208;2.309748124;2.277905742;2.247721096;2.219186633;2.192296549;2.167047049;2.143436544;2.121465774;2.101137865;2.082458337;2.065435054;2.050078130;2.036399793;2.024414220;2.014137341;2.005586624;1.998780849;1.993739871;1.990484391;1.989035725;1.989415590;1.991645912;1.995748652;2.001745661;2.009658578;2.019508745;2.031317178;2.045104568;2.060891323;2.078697645;2.098543649;2.120449503;2.144435599;2.170522739;2.198732320;2.229086524;2.261608475;2.296322362;2.333253502;2.372428323;2.413874231;2.457619345;2.503692056;2.552120384;2.602931076;2.656148416;2.711792693;2.769878266;2.830411180;2.893386252;2.958783584;3.026564398;3.096666137;3.168996737;3.243427969;3.319787776;3.397851471;3.477331699;3.557867050;;;;;;;;;;;;;;;;;;;;;;;;;;;;;;;;
-4.200;;;;;;;;;;;;;;;;;;;;;;;;;;;;;;;;;;;;;;;2.955540119;2.901904747;2.849845451;2.799402331;2.750605570;2.703476805;2.658030416;2.614274743;2.572213216;2.531845406;2.493167985;2.456175605;2.420861680;2.387219095;2.355240816;2.324920425;2.296252563;2.269233304;2.243860444;2.220133722;2.198054968;2.177628195;2.158859626;2.141757669;2.126332850;2.112597702;2.100566619;2.090255688;2.081682493;2.074865912;2.069825905;2.066583300;2.065159583;2.065576706;2.067856909;2.072022560;2.078096031;2.086099594;2.096055358;2.107985238;2.121910957;2.137854088;2.155836123;2.175878574;2.198003102;2.222231654;2.248586617;2.277090961;2.307768374;2.340643356;2.375741266;2.413088296;2.452711352;2.494637798;2.538895062;2.585510035;2.634508256;2.685912810;2.739742927;2.796012197;2.854726364;2.915880646;2.979456487;3.045417699;3.113705905;3.184235196;3.256885924;3.331497527;3.407860291;3.485705936;3.564696917;;;;;;;;;;;;;;;;;;;;;;;;;;;;;;;;;
-4.300;;;;;;;;;;;;;;;;;;;;;;;;;;;;;;;;;;;;;;;;2.981435880;2.929627857;2.879365310;2.830688204;2.783627063;2.738204327;2.694435616;2.652330920;2.611895691;2.573131860;2.536038751;2.500613914;2.466853868;2.434754757;2.404312912;2.375525338;2.348390119;2.322906737;2.299076329;2.276901865;2.256388264;2.237542459;2.220373394;2.204891987;2.191111044;2.179045142;2.168710485;2.160124734;2.153306827;2.148276791;2.145055549;2.143664734;2.144126513;2.146463430;2.150698259;2.156853895;2.164953259;2.175019248;2.187074698;2.201142395;2.217245106;2.235405641;2.255646936;2.277992154;2.302464801;2.329088827;2.357888731;2.388889629;2.422117278;2.457598042;2.495358762;2.535426527;2.577828290;2.622590319;2.669737437;2.719292008;2.771272636;2.825692516;2.882557392;2.941863062;3.003592370;3.067711612;3.134166286;3.202876106;3.273729202;3.346575400;3.421218497;3.497407428;3.574826201;;;;;;;;;;;;;;;;;;;;;;;;;;;;;;;;;;
-4.400;;;;;;;;;;;;;;;;;;;;;;;;;;;;;;;;;;;;;;;;;;2.961113083;2.912607506;2.865660128;2.820302226;2.776557403;2.734442831;2.693970402;2.655147789;2.617979416;2.582467336;2.548612017;2.516413041;2.485869708;2.456981564;2.429748838;2.404172806;2.380256075;2.358002803;2.337418844;2.318511844;2.301291275;2.285768424;2.271956340;2.259869746;2.249524918;2.240939550;2.234132599;2.229124116;2.225935083;2.224587248;2.225102971;2.227505078;2.231816741;2.238061372;2.246262549;2.256443959;2.268629378;2.282842667;2.299107804;2.317448925;2.337890393;2.360456868;2.385173385;2.412065413;2.441158900;2.472480276;2.506056398;2.541914420;2.580081559;2.620584734;2.663450050;2.708702082;2.756362931;2.806451015;2.858979532;2.913954559;2.971372734;3.031218445;3.093460479;3.158048057;3.224906166;3.293930125;3.364979291;3.437869809;3.512366298;3.588172395;;;;;;;;;;;;;;;;;;;;;;;;;;;;;;;;;;;
-4.500;;;;;;;;;;;;;;;;;;;;;;;;;;;;;;;;;;;;;;;;;;;2.996226812;2.949449672;2.904207636;2.860533026;2.818450859;2.777980046;2.739134522;2.701924258;2.666356197;2.632435086;2.600164222;2.569546106;2.540583009;2.513277452;2.487632614;2.463652655;2.441342967;2.420710369;2.401763227;2.384511529;2.368966910;2.355142627;2.343053503;2.332715847;2.324147334;2.317366889;2.312394543;2.309251294;2.307958966;2.308540075;2.311017706;2.315415407;2.321757096;2.330066994;2.340369579;2.352689560;2.367051875;2.383481706;2.402004508;2.422646051;2.445432457;2.470390235;2.497546293;2.526927914;2.558562688;2.592478368;2.628702633;2.667262744;2.708185040;2.751494269;2.797212698;2.845358977;2.895946704;2.948982647;3.004464571;3.062378618;3.122696169;3.185370122;3.250330531;3.317479499;3.386685273;3.457775420;3.530529016;;;;;;;;;;;;;;;;;;;;;;;;;;;;;;;;;;;;;
-4.600;;;;;;;;;;;;;;;;;;;;;;;;;;;;;;;;;;;;;;;;;;;;3.034835751;2.989772090;2.946224999;2.904228027;2.863807728;2.824984834;2.787775337;2.752191479;2.718242633;2.685936106;2.655277840;2.626273025;2.598926632;2.573243858;2.549230496;2.526893231;2.506239871;2.487279511;2.470022645;2.454481227;2.440668684;2.428599899;2.418291155;2.409760061;2.403025450;2.398107281;2.395026514;2.393805002;2.394465376;2.397030943;2.401525592;2.407973720;2.416400171;2.426830191;2.439289405;2.453803805;2.470399754;2.489103991;2.509943647;2.532946241;2.558139672;2.585552166;2.615212189;2.647148291;2.681388865;2.717961800;2.756894002;2.798210751;2.841934855;2.888085579;2.936677294;2.987717806;3.041206318;3.097130967;3.155465879;3.216167680;3.279171392;3.344385638;3.411687082;3.480914007;3.551858957;;;;;;;;;;;;;;;;;;;;;;;;;;;;;;;;;;;;;;
-4.700;;;;;;;;;;;;;;;;;;;;;;;;;;;;;;;;;;;;;;;;;;;;;;3.033459859;2.991613091;2.951303925;2.912560462;2.875405215;2.839856149;2.805927632;2.773631288;2.742976752;2.713972345;2.686625646;2.660943992;2.636934899;2.614606398;2.593967316;2.575027484;2.557797887;2.542290770;2.528519691;2.516499539;2.506246517;2.497778101;2.491112976;2.486270961;2.483272919;2.482140674;2.482896917;2.485565125;2.490169486;2.496734831;2.505286586;2.515850729;2.528453762;2.543122688;2.559884999;2.578768659;2.599802083;2.623014091;2.648433845;2.676090735;2.706014208;2.738233525;2.772777407;2.809673575;2.848948120;2.890624702;2.934723529;2.981260075;3.030243508;3.081674763;3.135544222;3.191828946;3.250489383;3.311465508;3.374672304;3.439994522;3.507280624;;;;;;;;;;;;;;;;;;;;;;;;;;;;;;;;;;;;;;;;
-4.800;;;;;;;;;;;;;;;;;;;;;;;;;;;;;;;;;;;;;;;;;;;;;;;;3.040280502;3.001686300;2.964651310;2.929199674;2.895351139;2.863121968;2.832525761;2.803574180;2.776277584;2.750645580;2.726687494;2.704412766;2.683831268;2.664953572;2.647791140;2.632356476;2.618663220;2.606726211;2.596561509;2.588186386;2.581619306;2.576879876;2.573988791;2.572967773;2.573839506;2.576627572;2.581356395;2.588051182;2.596737882;2.607443145;2.620194286;2.635019251;2.651946584;2.671005384;2.692225236;2.715636130;2.741268325;2.769152170;2.799317845;2.831795014;2.866612360;2.903796983;2.943373626;2.985363693;3.029784038;3.076645461;3.125950893;3.177693201;3.231852567;3.288393387;3.347260620;3.408375525;3.471630709;3.536884411;;;;;;;;;;;;;;;;;;;;;;;;;;;;;;;;;;;;;;;;;
-4.900;;;;;;;;;;;;;;;;;;;;;;;;;;;;;;;;;;;;;;;;;;;;;;;;;3.092143740;3.055309423;3.020031719;2.986336156;2.954243976;2.923773023;2.894938527;2.867753805;2.842230865;2.818380942;2.796214937;2.775743805;2.756978858;2.739932015;2.724616002;2.711044490;2.699232204;2.689194984;2.680949826;2.674514884;2.669909471;2.667154026;2.666270086;2.667280243;2.670208105;2.675078247;2.681916174;2.690748278;2.701601795;2.714504765;2.729485980;2.746574929;2.765801713;2.787196947;2.810791608;2.836616845;2.864703711;2.895082811;2.927783849;2.962835031;3.000262319;3.040088487;3.082331962;3.127005391;3.174113913;3.223653076;3.275606357;3.329942219;3.386610657;3.445539168;3.506628058;;;;;;;;;;;;;;;;;;;;;;;;;;;;;;;;;;;;;;;;;;;
-5.000;;;;;;;;;;;;;;;;;;;;;;;;;;;;;;;;;;;;;;;;;;;;;;;;;;;3.112114939;3.078660596;3.046789898;3.016525224;2.987885610;2.960887514;2.935545488;2.911872766;2.889881780;2.869584587;2.850993243;2.834120104;2.818978071;2.805580787;2.793942791;2.784079622;2.776007903;2.769745390;2.765310999;2.762724813;2.762008083;2.763183208;2.766273717;2.771304239;2.778300471;2.787289140;2.798297960;2.811355575;2.826491496;2.843736007;2.863120052;2.884675080;2.908432835;2.934425093;2.962683300;2.993238124;3.026118873;3.061352765;3.098964024;3.138972756;3.181393584;3.226234001;3.273492380;3.323155617;3.375196341;3.429569634;3.486209199;;;;;;;;;;;;;;;;;;;;;;;;;;;;;;;;;;;;;;;;;;;;;
-5.100;;;;;;;;;;;;;;;;;;;;;;;;;;;;;;;;;;;;;;;;;;;;;;;;;;;;;;3.110539886;3.082188345;3.055466385;3.030391241;3.006978252;2.985241435;2.965193982;2.946848687;2.930218313;2.915315887;2.902154958;2.890749792;2.881115535;2.873268337;2.867225440;2.863005250;2.860627378;2.860112667;2.861483200;2.864762306;2.869974538;2.877145656;2.886302590;2.897473387;2.910687146;2.925973925;2.943364624;2.962890818;2.984584552;3.008478066;3.034603440;3.062992147;3.093674481;3.126678850;3.162030895;3.199752414;3.239860045;3.282363690;3.327264618;3.374553214;3.424206320;3.476184120;;;;;;;;;;;;;;;;;;;;;;;;;;;;;;;;;;;;;;;;;;;;;;;
-5.200;;;;;;;;;;;;;;;;;;;;;;;;;;;;;;;;;;;;;;;;;;;;;;;;;;;;;;;;3.151224100;3.126517766;3.103462272;3.082073282;3.062365146;3.044351390;3.028045146;3.013459513;3.000607862;2.989504096;2.980162859;2.972599707;2.966831245;2.962875237;2.960750680;2.960477869;2.962078427;2.965575331;2.970992906;2.978356817;2.987694027;2.999032741;3.012402321;3.027833169;3.045356567;3.065004467;3.086809220;3.110803229;3.137018501;3.165486094;3.196235424;3.229293415;3.264683454;3.302424130;3.342527718;3.384998361;3.429829921;;;;;;;;;;;;;;;;;;;;;;;;;;;;;;;;;;;;;;;;;;;;;;;;;;
-5.300;;;;;;;;;;;;;;;;;;;;;;;;;;;;;;;;;;;;;;;;;;;;;;;;;;;;;;;;;;;3.180098737;3.160834947;3.143252830;3.127365846;3.113187093;3.100729678;3.090007032;3.081033173;3.073822929;3.068392124;3.064757722;3.062937952;3.062952389;3.064822027;3.068569311;3.074218157;3.081793940;3.091323453;3.102834845;3.116357508;3.131921935;3.149559511;3.169302258;3.191182484;3.215232360;3.241483373;3.269965655;3.300707160;3.333732653;3.369062497;3.406711195;;;;;;;;;;;;;;;;;;;;;;;;;;;;;;;;;;;;;;;;;;;;;;;;;;;;;
-5.400;;;;;;;;;;;;;;;;;;;;;;;;;;;;;;;;;;;;;;;;;;;;;;;;;;;;;;;;;;;;;;;3.214214807;3.202249937;3.192000472;3.183479664;3.176701459;3.171680731;3.168433472;3.166976952;3.167329838;3.169512289;3.173546011;3.179454291;3.187261981;3.196995468;3.208682582;3.222352467;3.238035404;3.255762551;3.275565626;3.297476488;3.321526613;3.347746445;3.376164601;;;;;;;;;;;;;;;;;;;;;;;;;;;;;;;;;;;;;;;;;;;;;;;;;;;;;;;;;
-5.500;;;;;;;;;;;;;;;;;;;;;;;;;;;;;;;;;;;;;;;;;;;;;;;;;;;;;;;;;;;;;;;;;;;;;;3.272588805;3.273337561;3.275881449;3.280241190;3.286439182;3.294499490;3.304447800;3.316311318;3.330118615;;;;;;;;;;;;;;;;;;;;;;;;;;;;;;;;;;;;;;;;;;;;;;;;;;;;;;;;;;;;;;;;
-5.600;;;;;;;;;;;;;;;;;;;;;;;;;;;;;;;;;;;;;;;;;;;;;;;;;;;;;;;;;;;;;;;;;;;;;;;;;;;;;;;;;;;;;;;;;;;;;;;;;;;;;;;;;;;;;;;;;;;;;;;;;;;;;;;;;;;;;;;;;;;;;;
-5.700;;;;;;;;;;;;;;;;;;;;;;;;;;;;;;;;;;;;;;;;;;;;;;;;;;;;;;;;;;;;;;;;;;;;;;;;;;;;;;;;;;;;;;;;;;;;;;;;;;;;;;;;;;;;;;;;;;;;;;;;;;;;;;;;;;;;;;;;;;;;;;
-5.800;;;;;;;;;;;;;;;;;;;;;;;;;;;;;;;;;;;;;;;;;;;;;;;;;;;;;;;;;;;;;;;;;;;;;;;;;;;;;;;;;;;;;;;;;;;;;;;;;;;;;;;;;;;;;;;;;;;;;;;;;;;;;;;;;;;;;;;;;;;;;;
-5.900;;;;;;;;;;;;;;;;;;;;;;;;;;;;;;;;;;;;;;;;;;;;;;;;;;;;;;;;;;;;;;;;;;;;;;;;;;;;;;;;;;;;;;;;;;;;;;;;;;;;;;;;;;;;;;;;;;;;;;;;;;;;;;;;;;;;;;;;;;;;;;
-6.000;;;;;;;;;;;;;;;;;;;;;;;;;;;;;;;;;;;;;;;;;;;;;;;;;;;;;;;;;;;;;;;;;;;;;;;;;;;;;;;;;;;;;;;;;;;;;;;;;;;;;;;;;;;;;;;;;;;;;;;;;;;;;;;;;;;;;;;;;;;;;;
-6.100;;;;;;;;;;;;;;;;;;;;;;;;;;;;;;;;;;;;;;;;;;;;;;;;;;;;;;;;;;;;;;;;;;;;;;;;;;;;;;;;;;;;;;;;;;;;;;;;;;;;;;;;;;;;;;;;;;;;;;;;;;;;;;;;;;;;;;;;;;;;;;
-6.200;;;;;;;;;;;;;;;;;;;;;;;;;;;;;;;;;;;;;;;;;;;;;;;;;;;;;;;;;;;;;;;;;;;;;;;;;;;;;;;;;;;;;;;;;;;;;;;;;;;;;;;;;;;;;;;;;;;;;;;;;;;;;;;;;;;;;;;;;;;;;;
-6.300;;;;;;;;;;;;;;;;;;;;;;;;;;;;;;;;;;;;;;;;;;;;;;;;;;;;;;;;;;;;;;;;;;;;;;;;;;;;;;;;;;;;;;;;;;;;;;;;;;;;;;;;;;;;;;;;;;;;;;;;;;;;;;;;;;;;;;;;;;;;;;
-6.400;;;;;;;;;;;;;;;;;;;;;;;;;;;;;;;;;;;;;;;;;;;;;;;;;;;;;;;;;;;;;;;;;;;;;;;;;;;;;;;;;;;;;;;;;;;;;;;;;;;;;;;;;;;;;;;;;;;;;;;;;;;;;;;;;;;;;;;;;;;;;;
-6.500;;;;;;;;;;;;;;;;;;;;;;;;;;;;;;;;;;;;;;;;;;;;;;;;;;;;;;;;;;;;;;;;;;;;;;;;;;;;;;;;;;;;;;;;;;;;;;;;;;;;;;;;;;;;;;;;;;;;;;;;;;;;;;;;;;;;;;;;;;;;;;
-6.600;;;;;;;;;;;;;;;;;;;;;;;;;;;;;;;;;;;;;;;;;;;;;;;;;;;;;;;;;;;;;;;;;;;;;;;;;;;;;;;;;;;;;;;;;;;;;;;;;;;;;;;;;;;;;;;;;;;;;;;;;;;;;;;;;;;;;;;;;;;;;;
-6.700;;;;;;;;;;;;;;;;;;;;;;;;;;;;;;;;;;;;;;;;;;;;;;;;;;;;;;;;;;;;;;;;;;;;;;;;;;;;;;;;;;;;;;;;;;;;;;;;;;;;;;;;;;;;;;;;;;;;;;;;;;;;;;;;;;;;;;;;;;;;;;
-6.800;;;;;;;;;;;;;;;;;;;;;;;;;;;;;;;;;;;;;;;;;;;;;;;;;;;;;;;;;;;;;;;;;;;;;;;;;;;;;;;;;;;;;;;;;;;;;;;;;;;;;;;;;;;;;;;;;;;;;;;;;;;;;;;;;;;;;;;;;;;;;;
-6.900;;;;;;;;;;;;;;;;;;;;;;;;;;;;;;;;;;;;;;;;;;;;;;;;;;;;;;;;;;;;;;;;;;;;;;;;;;;;;;;;;;;;;;;;;;;;;;;;;;;;;;;;;;;;;;;;;;;;;;;;;;;;;;;;;;;;;;;;;;;;;;
-7.000;;;;;;;;;;;;;;;;;;;;;;;;;;;;;;;;;;;;;;;;;;;;;;;;;;;;;;;;;;;;;;;;;;;;;;;;;;;;;;;;;;;;;;;;;;;;;;;;;;;;;;;;;;;;;;;;;;;;;;;;;;;;;;;;;;;;;;;;;;;;;;
[SYSTEM];;
Name;Pentacam;
Version;1.22r09;
SerialNo;0991  9170;
Registered User;...;
File Date;14-02-2022;
Matrixsize X;141;
Matrixsize Y;141;
Matrix-Res. X/Y;100;

[PATIENT];;
LastName;Borgia;
FirstName;Iago;
Eye;OS;
DateOfBirth;2-1-1662;
Sex;...;
PatientID;010101;

[EXAMINATION];;
Date;14-02-2022;
Time;14:44:25;
Surgeon;...;
OP;...;
TestNo;...;
Comments;...;
Max. Diameter;12.50;

[GENERAL DATA];;
Cornea Front Rh;8.08;
Cornea Front Rv;7.80;
Cornea Front Axis;35.9;
Cornea Front Astig;1.5;
Cornea Front Exz;-0.12;Q-val. (8mm);
Pachy Apex;586;
Pachy Min;579;
Pachy Min X;0.69;
Pachy Min Y;-0.69;
Chamber Height;3.53;
Chamber Angle;34.13;
KKS;# -;
QS Status;OK;
QS Error;0;
K Max (Front);43.76;
K Max X (Front);1.74;
K Max Y (Front);-3.26;

[PUPIL];
Pupil Dia;3.06;
XPupil;-31;
YPupil;-17;

X;Y;
1480;0;
1479;36;
1478;73;
1475;109;
1472;145;
1467;181;
1462;217;
1457;253;
1450;288;
1442;324;
1434;359;
1424;394;
1414;429;
1404;464;
1392;498;
1379;532;
1366;566;
1352;599;
1338;633;
1322;665;
1306;698;
1289;730;
1271;762;
1253;793;
1234;824;
1214;855;
1193;885;
1172;914;
1150;944;
1127;972;
1104;1000;
1080;1028;
1055;1055;
1030;1081;
1004;1107;
977;1133;
950;1157;
922;1181;
894;1205;
865;1228;
835;1250;
805;1271;
774;1292;
743;1312;
711;1331;
679;1349;
647;1367;
613;1384;
580;1400;
546;1415;
511;1429;
477;1443;
442;1456;
406;1467;
370;1478;
334;1488;
298;1497;
261;1505;
224;1513;
187;1519;
150;1524;
113;1529;
75;1532;
38;1534;
0;1536;
-38;1536;
-75;1536;
-113;1534;
-151;1532;
-189;1529;
-226;1524;
-264;1519;
-301;1512;
-338;1505;
-375;1497;
-412;1488;
-448;1478;
-484;1466;
-520;1454;
-556;1441;
-591;1428;
-626;1413;
-661;1397;
-695;1380;
-729;1363;
-762;1345;
-795;1326;
-827;1306;
-859;1285;
-890;1263;
-920;1241;
-951;1218;
-980;1194;
-1009;1170;
-1037;1144;
-1065;1118;
-1092;1092;
-1118;1064;
-1144;1036;
-1168;1008;
-1193;979;
-1216;949;
-1239;919;
-1261;888;
-1282;857;
-1303;825;
-1322;792;
-1341;760;
-1359;727;
-1377;693;
-1393;659;
-1409;624;
-1423;590;
-1437;554;
-1451;519;
-1463;483;
-1474;447;
-1485;411;
-1495;374;
-1503;338;
-1511;301;
-1518;263;
-1525;226;
-1530;189;
-1534;151;
-1537;113;
-1540;76;
-1542;38;
-1542;0;
-1542;-38;
-1541;-76;
-1539;-113;
-1535;-151;
-1531;-189;
-1527;-226;
-1521;-264;
-1514;-301;
-1507;-338;
-1498;-375;
-1489;-412;
-1479;-449;
-1468;-485;
-1456;-521;
-1443;-557;
-1429;-592;
-1415;-627;
-1400;-662;
-1384;-697;
-1367;-731;
-1349;-764;
-1331;-798;
-1311;-830;
-1291;-863;
-1270;-895;
-1249;-926;
-1226;-957;
-1203;-987;
-1179;-1017;
-1154;-1046;
-1129;-1075;
-1103;-1103;
-1076;-1130;
-1049;-1157;
-1021;-1183;
-992;-1209;
-962;-1233;
-932;-1257;
-902;-1280;
-870;-1303;
-839;-1324;
-806;-1345;
-773;-1365;
-740;-1384;
-706;-1403;
-672;-1420;
-637;-1437;
-602;-1452;
-566;-1467;
-530;-1481;
-493;-1493;
-457;-1505;
-420;-1516;
-382;-1526;
-345;-1535;
-307;-1543;
-269;-1550;
-231;-1556;
-193;-1561;
-154;-1565;
-116;-1568;
-77;-1570;
-39;-1571;
0;-1571;
39;-1569;
77;-1567;
115;-1564;
154;-1560;
192;-1555;
230;-1548;
267;-1541;
305;-1533;
342;-1524;
379;-1513;
416;-1502;
452;-1490;
488;-1477;
524;-1463;
559;-1449;
594;-1433;
628;-1416;
662;-1399;
695;-1381;
728;-1362;
760;-1342;
792;-1321;
823;-1300;
854;-1277;
883;-1254;
913;-1231;
942;-1206;
970;-1181;
997;-1156;
1024;-1130;
1050;-1103;
1075;-1075;
1100;-1047;
1124;-1019;
1147;-989;
1169;-960;
1191;-930;
1212;-899;
1232;-868;
1252;-837;
1271;-805;
1289;-772;
1306;-740;
1322;-707;
1338;-673;
1353;-640;
1367;-606;
1380;-571;
1392;-537;
1404;-502;
1415;-467;
1425;-432;
1434;-397;
1442;-361;
1450;-326;
1457;-290;
1462;-254;
1467;-218;
1472;-182;
1475;-145;
1478;-109;
1479;-73;
1480;-36;
[CORNEA EDGE];;
Cornea Center Pos X (related to apex, [mm]);0.19;
Cornea Center Pos Y (related to apex, [mm]);-0.11;
Iris Image existing in Examination;1;
Iris Image Apex Pixel Position X;246.85;
Iris Image Apex Pixel Position Y;163.91;
Iris Image mm per Pixel;0.0422;
Left Cornea-Edge X (related to Apex, [µm]);Left Cornea-Edge Y (related to Apex, [µm]);
-5576;1770;
-5641;1577;
-5699;1382;
-5751;1184;
-5796;985;
-5834;784;
-5866;582;
-5889;379;
-5906;174;
-5915;-31;
-5916;-236;
-5910;-441;
-5896;-646;
-5874;-851;
-5845;-1055;
-5809;-1257;
-5766;-1459;
-5715;-1658;
-5658;-1857;
-5595;-2053;
-5525;-2247;
-5449;-2439;
-5368;-2629;
-5281;-2817;
;;
;;
;;
;;
;;
;;
;;
;;
;;
;;
;;
;;
;;
;;
;;
;;
Right Cornea-Edge X (related to Apex, [µm]);Right Cornea-Edge Y (related to Apex, [µm]);
5517;-3214;
5612;-3013;
5702;-2809;
5786;-2603;
5865;-2395;
5937;-2186;
6004;-1975;
6064;-1762;
6117;-1547;
6163;-1331;
6203;-1114;
6236;-895;
6261;-676;
6279;-456;
6289;-235;
6292;-14;
6288;207;
6276;427;
6256;647;
6229;867;
6195;1085;
6154;1303;
6106;1518;
6052;1733;
5990;1946;
;;
;;
;;
;;
;;
;;
;;
;;
;;
;;
;;
;;
;;
;;
;;
[GENERAL DATA 2];;
Chamber Angle @ 180°;34.1;
Chamber Angle @ 0°;40.2;
Chamber Volume [mm³];245;
AXL Axial Length [mm];;
AXL SNR;;
HWTW;12.2;
