FRONT;-7.000;-6.900;-6.800;-6.700;-6.600;-6.500;-6.400;-6.300;-6.200;-6.100;-6.000;-5.900;-5.800;-5.700;-5.600;-5.500;-5.400;-5.300;-5.200;-5.100;-5.000;-4.900;-4.800;-4.700;-4.600;-4.500;-4.400;-4.300;-4.200;-4.100;-4.000;-3.900;-3.800;-3.700;-3.600;-3.500;-3.400;-3.300;-3.200;-3.100;-3.000;-2.900;-2.800;-2.700;-2.600;-2.500;-2.400;-2.300;-2.200;-2.100;-2.000;-1.900;-1.800;-1.700;-1.600;-1.500;-1.400;-1.300;-1.200;-1.100;-1.000;-0.900;-0.800;-0.700;-0.600;-0.500;-0.400;-0.300;-0.200;-0.100;0.000;0.100;0.200;0.300;0.400;0.500;0.600;0.700;0.800;0.900;1.000;1.100;1.200;1.300;1.400;1.500;1.600;1.700;1.800;1.900;2.000;2.100;2.200;2.300;2.400;2.500;2.600;2.700;2.800;2.900;3.000;3.100;3.200;3.300;3.400;3.500;3.600;3.700;3.800;3.900;4.000;4.100;4.200;4.300;4.400;4.500;4.600;4.700;4.800;4.900;5.000;5.100;5.200;5.300;5.400;5.500;5.600;5.700;5.800;5.900;6.000;6.100;6.200;6.300;6.400;6.500;6.600;6.700;6.800;6.900;7.000;
7.000;;;;;;;;;;;;;;;;;;;;;;;;;;;;;;;;;;;;;;;;;;;;;;;;;;;;;;;;;;;;;;;;;;;;;;;;;;;;;;;;;;;;;;;;;;;;;;;;;;;;;;;;;;;;;;;;;;;;;;;;;;;;;;;;;;;;;;;;;;;;;;
6.900;;;;;;;;;;;;;;;;;;;;;;;;;;;;;;;;;;;;;;;;;;;;;;;;;;;;;;;;;;;;;;;;;;;;;;;;;;;;;;;;;;;;;;;;;;;;;;;;;;;;;;;;;;;;;;;;;;;;;;;;;;;;;;;;;;;;;;;;;;;;;;
6.800;;;;;;;;;;;;;;;;;;;;;;;;;;;;;;;;;;;;;;;;;;;;;;;;;;;;;;;;;;;;;;;;;;;;;;;;;;;;;;;;;;;;;;;;;;;;;;;;;;;;;;;;;;;;;;;;;;;;;;;;;;;;;;;;;;;;;;;;;;;;;;
6.700;;;;;;;;;;;;;;;;;;;;;;;;;;;;;;;;;;;;;;;;;;;;;;;;;;;;;;;;;;;;;;;;;;;;;;;;;;;;;;;;;;;;;;;;;;;;;;;;;;;;;;;;;;;;;;;;;;;;;;;;;;;;;;;;;;;;;;;;;;;;;;
6.600;;;;;;;;;;;;;;;;;;;;;;;;;;;;;;;;;;;;;;;;;;;;;;;;;;;;;;;;;;;;;;;;;;;;;;;;;;;;;;;;;;;;;;;;;;;;;;;;;;;;;;;;;;;;;;;;;;;;;;;;;;;;;;;;;;;;;;;;;;;;;;
6.500;;;;;;;;;;;;;;;;;;;;;;;;;;;;;;;;;;;;;;;;;;;;;;;;;;;;;;;;;;;;;;;;;;;;;;;;;;;;;;;;;;;;;;;;;;;;;;;;;;;;;;;;;;;;;;;;;;;;;;;;;;;;;;;;;;;;;;;;;;;;;;
6.400;;;;;;;;;;;;;;;;;;;;;;;;;;;;;;;;;;;;;;;;;;;;;;;;;;;;;;;;;;;;;;;;;;;;;;;;;;;;;;;;;;;;;;;;;;;;;;;;;;;;;;;;;;;;;;;;;;;;;;;;;;;;;;;;;;;;;;;;;;;;;;
6.300;;;;;;;;;;;;;;;;;;;;;;;;;;;;;;;;;;;;;;;;;;;;;;;;;;;;;;;;;;;;;;;;;;;;;;;;;;;;;;;;;;;;;;;;;;;;;;;;;;;;;;;;;;;;;;;;;;;;;;;;;;;;;;;;;;;;;;;;;;;;;;
6.200;;;;;;;;;;;;;;;;;;;;;;;;;;;;;;;;;;;;;;;;;;;;;;;;;;;;;;;;;;;;;;;;;;;;;;;;;;;;;;;;;;;;;;;;;;;;;;;;;;;;;;;;;;;;;;;;;;;;;;;;;;;;;;;;;;;;;;;;;;;;;;
6.100;;;;;;;;;;;;;;;;;;;;;;;;;;;;;;;;;;;;;;;;;;;;;;;;;;;;;;;;;;;;;;;;;;;;;;;;;;;;;;;;;;;;;;;;;;;;;;;;;;;;;;;;;;;;;;;;;;;;;;;;;;;;;;;;;;;;;;;;;;;;;;
6.000;;;;;;;;;;;;;;;;;;;;;;;;;;;;;;;;;;;;;;;;;;;;;;;;;;;;;;;;;;;;;;;;;;;;;;;;;;;;;;;;;;;;;;;;;;;;;;;;;;;;;;;;;;;;;;;;;;;;;;;;;;;;;;;;;;;;;;;;;;;;;;
5.900;;;;;;;;;;;;;;;;;;;;;;;;;;;;;;;;;;;;;;;;;;;;;;;;;;;;;;;;;;;;;;;;;;;;;;;;;;;;;;;;;;;;;;;;;;;;;;;;;;;;;;;;;;;;;;;;;;;;;;;;;;;;;;;;;;;;;;;;;;;;;;
5.800;;;;;;;;;;;;;;;;;;;;;;;;;;;;;;;;;;;;;;;;;;;;;;;;;;;;;;;;;;;;;;;;;;;;;;;;;;;;;;;;;;;;;;;;;;;;;;;;;;;;;;;;;;;;;;;;;;;;;;;;;;;;;;;;;;;;;;;;;;;;;;
5.700;;;;;;;;;;;;;;;;;;;;;;;;;;;;;;;;;;;;;;;;;;;;;;;;;;;;;;;;;;;;;;;;;;;;;;;;;;;;;;;;;;;;;;;;;;;;;;;;;;;;;;;;;;;;;;;;;;;;;;;;;;;;;;;;;;;;;;;;;;;;;;
5.600;;;;;;;;;;;;;;;;;;;;;;;;;;;;;;;;;;;;;;;;;;;;;;;;;;;;;;;;;;;;;;;;;;;;;;;;;;;;;;;;;;;;;;;;;;;;;;;;;;;;;;;;;;;;;;;;;;;;;;;;;;;;;;;;;;;;;;;;;;;;;;
5.500;;;;;;;;;;;;;;;;;;;;;;;;;;;;;;;;;;;;;;;;;;;;;;;;;;;;;;;;;;;;;;;;;;;;;;;;;;;;;;;;;;;;;;;;;;;;;;;;;;;;;;;;;;;;;;;;;;;;;;;;;;;;;;;;;;;;;;;;;;;;;;
5.400;;;;;;;;;;;;;;;;;;;;;;;;;;;;;;;;;;;;;;;;;;;;;;;;;;;;;;;;;;;;;;;;;;;;;;;;;;;;;;;;;;;;;;;;;;;;;;;;;;;;;;;;;;;;;;;;;;;;;;;;;;;;;;;;;;;;;;;;;;;;;;
5.300;;;;;;;;;;;;;;;;;;;;;;;;;;;;;;;;;;;;;;;;;;;;;;;;;;;;;;;;;;;;;;;;;;;;;;;;;;;;;;;;;;;;;;;;;;;;;;;;;;;;;;;;;;;;;;;;;;;;;;;;;;;;;;;;;;;;;;;;;;;;;;
5.200;;;;;;;;;;;;;;;;;;;;;;;;;;;;;;;;;;;;;;;;;;;;;;;;;;;;;;;;;;;;;;;;;;;;;;;;;;;;;;;;;;;;;;;;;;;;;;;;;;;;;;;;;;;;;;;;;;;;;;;;;;;;;;;;;;;;;;;;;;;;;;
5.100;;;;;;;;;;;;;;;;;;;;;;;;;;;;;;;;;;;;;;;;;;;;;;;;;;;;;;;;;;;;;;;;;;;;;;;;;;;;;;;;;;;;;;;;;;;;;;;;;;;;;;;;;;;;;;;;;;;;;;;;;;;;;;;;;;;;;;;;;;;;;;
5.000;;;;;;;;;;;;;;;;;;;;;;;;;;;;;;;;;;;;;;;;;;;;;;;;;;;;;;;;;;;;;;;;;;;;;;;;;;;;;;;;;;;;;;;;;;;;;;;;;;;;;;;;;;;;;;;;;;;;;;;;;;;;;;;;;;;;;;;;;;;;;;
4.900;;;;;;;;;;;;;;;;;;;;;;;;;;;;;;;;;;;;;;;;;;;;;;;;;;;;;;;;;;;;;;;;;;;;;;;;;;;;;;;;;;;;;;;;;;;;;;;;;;;;;;;;;;;;;;;;;;;;;;;;;;;;;;;;;;;;;;;;;;;;;;
4.800;;;;;;;;;;;;;;;;;;;;;;;;;;;;;;;;;;;;;;;;;;;;;;;;;;;;;;;;;;;;;;;;;;;;;;;;;;;;;;;;;;;;;;;;;;;;;;;;;;;;;;;;;;;;;;;;;;;;;;;;;;;;;;;;;;;;;;;;;;;;;;
4.700;;;;;;;;;;;;;;;;;;;;;;;;;;;;;;;;;;;;;;;;;;;;;;;;;;;;;;;;;;;;;;;;;;;;;;;;;;;;;;;;;;;;;;;;;;;;;;;;;;;;;;;;;;;;;;;;;;;;;;;;;;;;;;;;;;;;;;;;;;;;;;
4.600;;;;;;;;;;;;;;;;;;;;;;;;;;;;;;;;;;;;;;;;;;;;;;;;;;;;;;;;;;;;;;;;;;;;;;;;;;;;;;;;;;;;;;;;;;;;;;;;;;;;;;;;;;;;;;;;;;;;;;;;;;;;;;;;;;;;;;;;;;;;;;
4.500;;;;;;;;;;;;;;;;;;;;;;;;;;;;;;;;;;;;;;;;;;;;;;;;;;;;;;;;;;;;;;;;;;;;;;;;;;;;;;;;;;;;;;;;;;;;;;;;;;;;;;;;;;;;;;;;;;;;;;;;;;;;;;;;;;;;;;;;;;;;;;
4.400;;;;;;;;;;;;;;;;;;;;;;;;;;;;;;;;;;;;;;;;;;;;;;;;;;;;;;;;;;;;;;;;;;;;;;;;;;;;;;;;;;;;;;;;;;;;;;;;;;;;;;;;;;;;;;;;;;;;;;;;;;;;;;;;;;;;;;;;;;;;;;
4.300;;;;;;;;;;;;;;;;;;;;;;;;;;;;;;;;;;;;;;;;;;;;;;;;;;;;;;;;;;;;;;;;;;;;;;;;;;;;;;;;;;;;;;;;;;;;;;;;;;;;;;;;;;;;;;;;;;;;;;;;;;;;;;;;;;;;;;;;;;;;;;
4.200;;;;;;;;;;;;;;;;;;;;;;;;;;;;;;;;;;;;;;;;;;;;;;;;;;;;;;;;;;;;;;;;;;;;;;;;;;;;;;;;;;;;;;;;;;;;;;;;;;;;;;;;;;;;;;;;;;;;;;;;;;;;;;;;;;;;;;;;;;;;;;
4.100;;;;;;;;;;;;;;;;;;;;;;;;;;;;;;;;;;;;;;;;;;;;;;;;;;;;;1454;1429;1406;1384;1363;1344;1327;1310;;;;;;;;;;;;;;;;;;;;;;;;;;;;;;;;;;;;;;;;;;;;;;;;;;;;;;;;;;;;;;;;;;;;;;;;;;;;;;;;;;
4.000;;;;;;;;;;;;;;;;;;;;;;;;;;;;;;;;;;;;;;;;;;;;;;;1572;1538;1505;1475;1445;1418;1391;1367;1343;1322;1301;1282;1264;1248;1233;1220;1208;1197;1187;1180;1173;;;;;;;;;;;;;;;;;;;;;;;;;;;;;;;;;;;;;;;;;;;;;;;;;;;;;;;;;;;;;;;;;;;;;;;;;;;
3.900;;;;;;;;;;;;;;;;;;;;;;;;;;;;;;;;;;;;;;;;;;;1666;1625;1585;1548;1512;1478;1445;1414;1385;1357;1331;1306;1283;1261;1241;1222;1204;1188;1173;1160;1148;1137;1128;1120;1113;1108;1105;1102;;;;;;;;;;;;;;;;;;;;;;;;;;;;;;;;;;;;;;;;;;;;;;;;;;;;;;;;;;;;;;;;;;;;;;;;
3.800;;;;;;;;;;;;;;;;;;;;;;;;;;;;;;;;;;;;;;;;1745;1697;1651;1608;1566;1527;1489;1453;1419;1386;1356;1326;1299;1272;1248;1224;1203;1182;1163;1146;1130;1115;1101;1089;1079;1070;1062;1055;1050;1047;1045;1044;1045;1047;1051;;;;;;;;;;;;;;;;;;;;;;;;;;;;;;;;;;;;;;;;;;;;;;;;;;;;;;;;;;;;;;;;;;;;
3.700;;;;;;;;;;;;;;;;;;;;;;;;;;;;;;;;;;;;;;1790;1738;1688;1640;1595;1551;1510;1470;1432;1396;1362;1330;1299;1270;1242;1216;1191;1168;1146;1126;1107;1089;1073;1058;1045;1033;1022;1013;1005;999;994;991;989;988;989;992;995;1001;1008;;;;;;;;;;;;;;;;;;;;;;;;;;;;;;;;;;;;;;;;;;;;;;;;;;;;;;;;;;;;;;;;;;
3.600;;;;;;;;;;;;;;;;;;;;;;;;;;;;;;;;;;;;1845;1789;1734;1682;1633;1585;1540;1496;1455;1415;1377;1341;1307;1275;1244;1215;1187;1161;1136;1113;1091;1071;1052;1034;1018;1003;990;978;968;959;951;945;940;936;934;934;935;937;941;947;954;962;973;;;;;;;;;;;;;;;;;;;;;;;;;;;;;;;;;;;;;;;;;;;;;;;;;;;;;;;;;;;;;;;;
3.500;;;;;;;;;;;;;;;;;;;;;;;;;;;;;;;;;;1911;1850;1791;1735;1681;1629;1579;1532;1486;1443;1401;1362;1324;1288;1254;1222;1191;1161;1134;1108;1083;1060;1038;1018;999;981;965;950;937;925;915;906;898;892;887;884;882;881;882;885;889;894;901;910;920;932;945;960;;;;;;;;;;;;;;;;;;;;;;;;;;;;;;;;;;;;;;;;;;;;;;;;;;;;;;;;;;;;;
3.400;;;;;;;;;;;;;;;;;;;;;;;;;;;;;;;;;1923;1859;1798;1739;1683;1629;1577;1528;1480;1435;1391;1350;1310;1273;1237;1203;1170;1139;1110;1082;1056;1031;1008;986;966;947;930;914;899;886;874;864;855;847;841;836;833;831;830;831;834;837;843;850;858;869;880;894;908;925;;;;;;;;;;;;;;;;;;;;;;;;;;;;;;;;;;;;;;;;;;;;;;;;;;;;;;;;;;;;
3.300;;;;;;;;;;;;;;;;;;;;;;;;;;;;;;;2006;1938;1872;1808;1748;1689;1633;1579;1527;1477;1430;1385;1341;1300;1261;1223;1187;1153;1120;1090;1060;1033;1006;982;958;937;916;898;880;864;850;836;824;814;805;797;791;786;783;781;781;782;784;788;793;800;809;819;831;844;859;875;893;913;;;;;;;;;;;;;;;;;;;;;;;;;;;;;;;;;;;;;;;;;;;;;;;;;;;;;;;;;;
3.200;;;;;;;;;;;;;;;;;;;;;;;;;;;;;;2026;1956;1888;1822;1759;1698;1640;1584;1530;1478;1429;1382;1336;1293;1252;1212;1175;1139;1105;1072;1041;1012;984;958;934;910;889;868;850;832;816;802;788;777;766;757;750;743;739;735;733;733;734;736;740;745;752;761;771;782;795;810;826;844;864;885;908;;;;;;;;;;;;;;;;;;;;;;;;;;;;;;;;;;;;;;;;;;;;;;;;;;;;;;;;
3.100;;;;;;;;;;;;;;;;;;;;;;;;;;;;;2051;1978;1908;1840;1775;1711;1651;1593;1537;1483;1431;1382;1335;1290;1247;1205;1166;1128;1092;1058;1026;995;966;938;912;887;864;842;822;803;786;770;755;742;730;720;711;703;697;692;689;687;687;687;690;694;699;706;714;724;736;749;763;779;797;817;838;861;885;;;;;;;;;;;;;;;;;;;;;;;;;;;;;;;;;;;;;;;;;;;;;;;;;;;;;;;
3.000;;;;;;;;;;;;;;;;;;;;;;;;;;;;2078;2003;1931;1861;1793;1728;1665;1605;1547;1491;1437;1386;1337;1290;1245;1201;1160;1121;1083;1047;1013;981;950;921;893;867;842;819;797;777;758;741;725;710;697;686;675;666;659;652;648;644;642;642;643;645;649;654;661;669;679;690;703;718;734;751;771;792;814;839;865;893;;;;;;;;;;;;;;;;;;;;;;;;;;;;;;;;;;;;;;;;;;;;;;;;;;;;;
2.900;;;;;;;;;;;;;;;;;;;;;;;;;;;2109;2032;1957;1885;1815;1748;1683;1620;1560;1502;1446;1393;1342;1293;1246;1201;1158;1117;1077;1040;1004;970;937;907;877;850;824;799;776;754;734;715;698;682;667;654;642;632;623;616;609;605;601;599;599;600;602;606;611;618;626;636;647;660;674;690;707;727;747;770;794;820;847;877;;;;;;;;;;;;;;;;;;;;;;;;;;;;;;;;;;;;;;;;;;;;;;;;;;;;
2.800;;;;;;;;;;;;;;;;;;;;;;;;;;2142;2064;1987;1913;1841;1771;1704;1639;1577;1517;1459;1403;1350;1299;1250;1203;1159;1116;1075;1035;998;962;928;896;865;836;808;782;757;734;712;692;673;656;640;626;613;601;590;582;574;568;563;560;558;557;558;560;564;569;576;584;594;605;617;632;647;665;684;704;727;751;776;804;833;863;896;;;;;;;;;;;;;;;;;;;;;;;;;;;;;;;;;;;;;;;;;;;;;;;;;;
2.700;;;;;;;;;;;;;;;;;;;;;;;;;2179;2099;2020;1944;1869;1798;1728;1661;1597;1535;1475;1417;1362;1309;1258;1209;1163;1118;1075;1034;995;958;922;888;855;825;795;768;741;717;694;672;652;633;616;600;586;572;561;550;542;534;528;523;520;518;517;518;520;524;529;536;544;553;564;577;591;607;624;643;663;685;709;734;762;790;821;853;887;;;;;;;;;;;;;;;;;;;;;;;;;;;;;;;;;;;;;;;;;;;;;;;;;
2.600;;;;;;;;;;;;;;;;;;;;;;;;2218;2136;2056;1977;1901;1827;1756;1687;1620;1556;1494;1434;1377;1322;1269;1218;1170;1123;1079;1036;995;956;919;883;849;817;786;756;729;703;678;655;633;613;594;577;561;547;534;522;512;503;496;489;485;481;479;479;479;482;485;490;497;505;514;525;538;552;567;584;603;623;645;669;694;721;750;780;812;846;881;;;;;;;;;;;;;;;;;;;;;;;;;;;;;;;;;;;;;;;;;;;;;;;;
2.500;;;;;;;;;;;;;;;;;;;;;;;2261;2177;2095;2014;1936;1860;1786;1715;1646;1580;1516;1454;1395;1338;1283;1231;1180;1132;1086;1041;999;958;919;881;846;812;779;748;719;691;665;641;617;596;576;557;540;524;510;497;485;475;466;459;452;448;444;442;442;442;445;448;453;460;468;477;488;500;514;529;546;565;585;607;630;655;682;710;741;772;806;841;878;;;;;;;;;;;;;;;;;;;;;;;;;;;;;;;;;;;;;;;;;;;;;;;
2.400;;;;;;;;;;;;;;;;;;;;;;2305;2220;2136;2054;1974;1896;1820;1747;1676;1607;1541;1477;1416;1357;1300;1246;1194;1143;1095;1049;1005;962;922;883;845;810;776;743;712;683;655;629;605;581;560;540;521;504;488;474;461;449;439;430;423;417;412;409;407;406;407;409;413;418;424;432;441;452;464;478;493;510;529;548;570;593;618;645;673;703;734;768;803;840;878;;;;;;;;;;;;;;;;;;;;;;;;;;;;;;;;;;;;;;;;;;;;;;
2.300;;;;;;;;;;;;;;;;;;;;;2353;2266;2180;2096;2014;1934;1857;1781;1708;1638;1569;1504;1440;1379;1321;1264;1210;1158;1108;1060;1014;970;928;887;848;811;775;741;709;678;649;621;595;570;547;525;505;486;469;453;439;426;415;405;396;389;383;378;375;373;372;373;375;379;384;390;398;407;418;430;444;459;475;494;513;535;558;583;609;637;667;698;731;766;803;841;881;;;;;;;;;;;;;;;;;;;;;;;;;;;;;;;;;;;;;;;;;;;;;
2.200;;;;;;;;;;;;;;;;;;;;;2315;2227;2142;2058;1976;1896;1819;1744;1671;1601;1533;1468;1405;1344;1286;1230;1176;1124;1074;1026;980;936;894;854;815;778;742;708;676;645;616;588;562;537;514;492;472;453;436;420;406;393;382;372;363;356;350;346;343;341;340;341;343;346;351;358;365;375;385;397;411;426;442;460;480;501;524;549;575;603;632;663;696;731;767;805;845;887;;;;;;;;;;;;;;;;;;;;;;;;;;;;;;;;;;;;;;;;;;;;
2.100;;;;;;;;;;;;;;;;;;;;2366;2277;2190;2104;2021;1939;1860;1782;1708;1635;1566;1498;1433;1370;1310;1252;1196;1142;1091;1041;994;948;904;862;822;783;746;710;676;644;613;584;556;530;506;482;461;441;422;405;389;375;362;350;341;332;325;319;315;311;310;309;310;312;316;320;327;334;343;354;366;379;394;411;429;448;469;492;516;542;570;599;630;663;697;733;771;811;852;895;;;;;;;;;;;;;;;;;;;;;;;;;;;;;;;;;;;;;;;;;;;
2.000;;;;;;;;;;;;;;;;;;;2419;2330;2241;2154;2068;1985;1903;1824;1747;1673;1601;1531;1464;1400;1337;1277;1220;1164;1111;1059;1010;962;917;873;831;791;752;715;680;646;614;583;554;526;500;476;453;431;411;392;375;360;345;332;321;311;302;295;289;285;282;280;280;281;283;286;291;297;305;314;324;336;350;364;381;399;418;439;461;486;511;539;568;599;631;665;701;739;778;819;862;906;;;;;;;;;;;;;;;;;;;;;;;;;;;;;;;;;;;;;;;;;;
1.900;;;;;;;;;;;;;;;;;;;2385;2295;2206;2119;2033;1950;1869;1790;1714;1640;1568;1499;1432;1368;1306;1246;1189;1133;1080;1029;980;932;887;843;801;761;723;686;651;617;585;554;525;498;472;448;425;403;383;365;347;332;317;305;293;283;274;267;261;257;254;252;252;253;255;258;263;269;277;286;296;308;321;336;352;370;389;410;433;456;482;509;538;569;601;635;671;708;747;788;830;875;921;;;;;;;;;;;;;;;;;;;;;;;;;;;;;;;;;;;;;;;;;
1.800;;;;;;;;;;;;;;;;;;2442;2351;2261;2172;2085;2000;1917;1836;1757;1681;1608;1536;1468;1401;1337;1276;1216;1159;1104;1051;1000;951;904;859;815;773;733;695;658;623;590;558;527;498;471;445;421;398;377;357;338;321;305;291;278;267;257;248;241;235;230;227;226;225;226;228;232;237;243;251;260;270;282;295;309;326;343;362;383;405;429;454;481;510;540;572;606;642;679;718;758;800;844;890;938;;;;;;;;;;;;;;;;;;;;;;;;;;;;;;;;;;;;;;;;
1.700;;;;;;;;;;;;;;;;;;2410;2319;2228;2139;2052;1967;1885;1804;1726;1650;1577;1506;1438;1372;1309;1247;1188;1131;1076;1023;973;924;877;832;788;747;707;669;632;597;564;532;502;473;446;420;396;373;352;332;313;296;281;266;254;242;232;223;216;210;206;203;201;200;201;204;207;212;218;226;235;245;257;270;284;300;318;337;357;379;403;428;455;484;514;545;579;614;651;690;730;772;816;861;909;;;;;;;;;;;;;;;;;;;;;;;;;;;;;;;;;;;;;;;;
1.600;;;;;;;;;;;;;;;;;2472;2379;2288;2197;2108;2021;1937;1854;1774;1696;1621;1548;1478;1410;1344;1281;1220;1161;1105;1050;997;947;898;851;806;763;722;682;644;607;573;539;508;478;449;422;396;372;349;328;308;290;273;257;243;230;219;209;200;193;187;183;179;178;177;178;180;184;189;195;202;211;221;233;246;261;276;294;313;333;355;379;404;430;459;489;520;553;588;625;663;704;745;789;834;881;930;;;;;;;;;;;;;;;;;;;;;;;;;;;;;;;;;;;;;;;
1.500;;;;;;;;;;;;;;;;;2443;2350;2258;2167;2079;1992;1907;1825;1745;1668;1593;1521;1451;1383;1318;1255;1195;1136;1080;1025;973;922;874;827;782;739;698;658;621;584;550;517;485;455;426;399;374;350;327;306;286;268;251;236;221;209;197;187;179;172;166;161;158;156;155;156;158;162;167;173;180;189;199;211;224;238;254;271;290;310;332;356;381;407;435;465;496;529;564;601;639;679;720;763;808;855;904;954;;;;;;;;;;;;;;;;;;;;;;;;;;;;;;;;;;;;;;
1.400;;;;;;;;;;;;;;;;2509;2415;2322;2230;2139;2051;1964;1880;1798;1719;1642;1567;1495;1426;1359;1294;1231;1171;1112;1056;1002;950;899;851;805;760;717;676;637;599;563;528;495;464;434;406;379;353;329;307;286;266;248;231;215;201;189;177;167;159;151;146;141;138;136;135;136;138;142;146;152;160;169;179;190;203;218;233;250;269;289;311;334;359;385;413;443;474;507;542;578;616;655;697;740;784;831;879;929;;;;;;;;;;;;;;;;;;;;;;;;;;;;;;;;;;;;;;
1.300;;;;;;;;;;;;;;;;2484;2389;2295;2203;2113;2024;1938;1854;1772;1693;1617;1543;1471;1402;1335;1271;1209;1149;1090;1034;980;928;878;830;784;740;697;656;617;579;543;508;476;444;414;386;359;334;310;288;267;247;229;212;196;182;170;159;149;140;133;127;122;119;117;117;117;119;123;128;134;141;150;160;171;184;198;214;231;250;270;291;314;339;365;393;422;453;486;520;556;594;634;675;717;762;808;856;906;957;;;;;;;;;;;;;;;;;;;;;;;;;;;;;;;;;;;;;
1.200;;;;;;;;;;;;;;;;2459;2364;2270;2178;2088;1999;1913;1830;1749;1670;1594;1520;1449;1380;1314;1250;1188;1128;1070;1014;961;909;859;811;765;721;678;637;598;560;524;490;457;426;396;368;341;316;292;270;249;229;211;195;179;165;153;141;131;123;116;110;105;102;100;99;100;102;106;110;116;124;132;142;154;166;180;196;213;231;251;273;296;320;346;374;403;434;467;501;537;574;613;654;697;741;787;835;884;935;;;;;;;;;;;;;;;;;;;;;;;;;;;;;;;;;;;;;
1.100;;;;;;;;;;;;;;;2533;2437;2341;2247;2155;2065;1976;1891;1807;1727;1648;1573;1499;1429;1360;1294;1231;1169;1109;1052;996;942;891;841;793;747;703;661;620;581;543;508;473;441;410;380;352;325;300;276;254;233;213;195;179;163;149;137;125;116;107;100;94;89;86;84;84;84;86;90;94;100;108;116;126;137;150;164;180;196;215;235;256;279;303;329;357;386;417;449;483;519;556;595;635;678;722;767;815;864;915;967;;;;;;;;;;;;;;;;;;;;;;;;;;;;;;;;;;;;
1.000;;;;;;;;;;;;;;;2512;2416;2320;2226;2133;2043;1955;1870;1787;1706;1628;1553;1480;1410;1342;1276;1213;1152;1092;1035;979;926;875;825;777;732;687;645;604;565;528;492;458;426;394;365;337;310;285;261;239;218;199;181;164;149;135;122;111;101;93;85;80;75;72;70;69;70;72;75;80;86;93;102;112;123;135;149;165;181;200;219;241;263;288;313;341;370;400;433;466;502;539;578;618;660;704;749;797;845;896;948;;;;;;;;;;;;;;;;;;;;;;;;;;;;;;;;;;;;
0.900;;;;;;;;;;;;;;;2493;2396;2300;2206;2114;2024;1936;1851;1768;1688;1611;1536;1463;1393;1326;1260;1197;1136;1077;1020;965;911;860;811;763;717;673;631;590;552;514;479;444;412;381;351;323;297;272;248;226;205;186;168;151;136;122;109;98;88;80;72;67;62;59;57;56;57;59;62;67;73;80;88;98;109;122;136;151;168;186;206;227;249;273;299;326;355;386;418;451;487;523;562;602;644;688;733;780;828;879;931;984;;;;;;;;;;;;;;;;;;;;;;;;;;;;;;;;;;;
0.800;;;;;;;;;;;;;;2575;2476;2379;2283;2189;2096;2006;1919;1834;1751;1672;1595;1520;1448;1378;1311;1246;1183;1122;1063;1006;951;898;847;798;750;705;661;619;578;539;502;466;432;400;369;339;311;285;260;236;214;193;174;156;139;124;110;98;86;77;68;61;55;50;47;45;45;45;47;51;55;61;68;77;87;98;110;124;139;156;174;193;214;237;261;286;313;342;372;404;438;473;510;548;588;630;673;718;765;813;863;915;968;;;;;;;;;;;;;;;;;;;;;;;;;;;;;;;;;;;
0.700;;;;;;;;;;;;;;2560;2461;2363;2267;2173;2081;1991;1904;1819;1737;1657;1581;1506;1435;1365;1298;1234;1171;1110;1052;995;940;887;836;786;739;694;650;608;567;528;491;456;422;389;358;329;301;274;249;226;204;183;163;145;129;114;100;87;76;66;58;51;45;40;37;35;34;35;37;40;45;51;58;66;76;87;100;113;129;145;163;182;203;226;249;275;302;331;361;392;426;461;497;535;575;617;660;705;751;799;849;901;954;;;;;;;;;;;;;;;;;;;;;;;;;;;;;;;;;;;
0.600;;;;;;;;;;;;;;2547;2448;2350;2253;2159;2067;1977;1890;1806;1724;1645;1568;1495;1423;1354;1288;1223;1161;1100;1041;985;930;877;826;777;730;684;640;598;558;519;482;446;412;380;349;320;292;265;240;217;194;174;154;136;120;105;91;78;67;57;49;42;36;31;28;26;26;26;28;31;36;42;49;57;67;78;91;104;119;136;154;173;194;216;240;265;292;320;350;382;415;450;486;524;564;605;648;693;739;787;837;888;941;996;;;;;;;;;;;;;;;;;;;;;;;;;;;;;;;;;;
0.500;;;;;;;;;;;;;;2536;2436;2338;2242;2147;2055;1966;1879;1795;1713;1634;1558;1485;1414;1345;1278;1214;1152;1091;1033;976;921;869;818;769;721;676;632;590;550;511;474;439;405;372;341;312;284;258;233;209;187;166;147;129;112;97;83;71;60;50;41;34;28;24;21;19;18;19;21;24;28;34;41;50;59;70;83;96;111;128;146;165;186;208;231;257;283;312;342;373;406;441;477;515;554;595;638;682;728;776;826;877;930;984;;;;;;;;;;;;;;;;;;;;;;;;;;;;;;;;;;
0.400;;;;;;;;;;;;;;2527;2427;2328;2232;2138;2046;1957;1870;1786;1705;1626;1550;1477;1406;1337;1271;1207;1145;1084;1026;969;915;862;811;762;715;669;626;584;543;505;468;432;398;366;335;306;278;251;226;203;181;160;141;123;106;91;77;65;53;44;35;28;22;18;14;12;12;12;14;18;22;28;35;43;53;64;76;90;105;121;139;158;179;201;224;249;276;304;334;365;398;433;469;506;546;587;629;674;720;767;816;867;920;974;;;;;;;;;;;;;;;;;;;;;;;;;;;;;;;;;;
0.300;;;;;;;;;;;;;2621;2519;2419;2321;2224;2130;2039;1949;1863;1779;1698;1619;1544;1471;1400;1332;1265;1201;1139;1079;1020;964;909;857;806;757;710;665;621;579;539;500;463;427;393;361;330;301;273;246;221;198;176;155;136;118;101;86;72;60;49;39;30;23;17;13;9;7;7;7;9;13;17;23;30;38;48;59;71;85;100;116;134;153;173;195;219;244;270;298;328;359;392;426;462;500;539;580;622;666;712;760;809;860;912;966;1022;;;;;;;;;;;;;;;;;;;;;;;;;;;;;;;;;
0.200;;;;;;;;;;;;;2616;2514;2414;2315;2219;2125;2033;1944;1858;1774;1693;1615;1539;1466;1396;1328;1262;1198;1136;1075;1017;960;906;853;802;754;706;661;617;575;535;496;459;424;390;357;327;297;269;243;218;194;172;151;132;114;98;82;69;56;45;35;27;19;14;9;6;4;3;4;6;9;14;19;26;35;44;55;68;81;96;112;130;149;169;191;215;240;266;294;324;355;387;421;457;495;534;574;617;661;706;754;803;853;906;960;1016;;;;;;;;;;;;;;;;;;;;;;;;;;;;;;;;;
0.100;;;;;;;;;;;;;2613;2511;2410;2312;2215;2121;2030;1941;1855;1771;1690;1612;1537;1464;1394;1325;1259;1195;1133;1073;1015;958;904;851;800;752;704;659;615;573;533;494;457;422;388;355;324;295;267;241;216;192;170;149;130;112;95;80;66;54;43;33;24;17;11;7;4;2;1;2;4;7;11;17;24;32;42;53;65;79;94;110;127;146;167;189;212;237;263;291;320;351;384;418;454;491;530;570;613;656;702;749;798;849;901;955;1011;;;;;;;;;;;;;;;;;;;;;;;;;;;;;;;;;
0.000;;;;;;;;;;;;;2611;2509;2409;2310;2214;2120;2029;1940;1854;1770;1690;1612;1536;1464;1393;1325;1259;1195;1133;1072;1014;958;903;851;800;751;704;658;615;573;532;494;457;421;387;355;324;294;266;240;215;191;169;148;129;111;94;79;65;53;42;32;23;16;10;6;3;1;0;1;3;6;10;16;23;31;41;52;64;78;92;109;126;145;166;187;211;235;262;289;319;350;382;416;452;489;527;568;610;654;699;746;795;846;898;952;1007;;;;;;;;;;;;;;;;;;;;;;;;;;;;;;;;;
-0.100;;;;;;;;;;;;;2612;2510;2409;2311;2215;2121;2029;1941;1855;1772;1691;1613;1538;1465;1394;1326;1260;1196;1134;1074;1015;959;904;852;801;752;705;659;616;574;533;494;457;422;388;355;324;295;267;240;215;192;170;149;129;112;95;80;66;53;42;32;24;17;11;6;3;1;0;1;3;6;11;16;23;32;41;52;64;78;93;109;126;145;166;187;210;235;261;289;318;349;381;415;451;488;527;567;609;653;698;745;794;844;897;950;1006;;;;;;;;;;;;;;;;;;;;;;;;;;;;;;;;;
-0.200;;;;;;;;;;;;;2615;2513;2412;2314;2217;2124;2032;1944;1858;1775;1694;1616;1541;1468;1397;1329;1263;1199;1137;1076;1018;961;907;854;803;754;707;662;618;576;535;497;459;424;390;357;326;297;269;242;217;194;171;151;131;113;97;81;68;55;44;34;26;18;12;8;5;3;2;3;5;8;12;18;25;33;43;54;66;79;94;110;128;147;167;189;212;236;262;290;319;350;382;416;452;489;527;568;610;653;699;746;794;845;897;951;1006;;;;;;;;;;;;;;;;;;;;;;;;;;;;;;;;;
-0.300;;;;;;;;;;;;;2620;2517;2417;2318;2222;2128;2037;1949;1863;1780;1699;1621;1546;1473;1402;1334;1268;1203;1141;1080;1022;966;911;858;807;758;711;666;622;580;539;500;463;427;393;361;330;300;272;246;221;197;175;154;134;116;100;85;71;58;47;37;29;21;15;11;8;6;5;6;7;11;15;21;28;36;46;57;69;82;97;113;131;150;170;191;214;239;265;293;322;352;385;418;454;491;530;570;612;655;701;748;796;847;899;952;1008;1065;;;;;;;;;;;;;;;;;;;;;;;;;;;;;;;;
-0.400;;;;;;;;;;;;;2626;2524;2423;2325;2229;2135;2044;1956;1870;1786;1706;1628;1553;1480;1409;1340;1274;1209;1147;1086;1028;971;917;864;813;764;716;671;627;585;544;505;468;432;398;366;335;305;277;250;225;201;179;158;139;121;104;89;75;62;51;41;33;26;20;15;12;10;9;10;12;15;19;25;32;40;50;61;73;87;101;117;135;154;174;195;218;243;269;296;325;356;388;422;458;495;533;573;615;659;704;751;800;850;902;956;1012;1069;;;;;;;;;;;;;;;;;;;;;;;;;;;;;;;;
-0.500;;;;;;;;;;;;;2635;2532;2432;2334;2238;2144;2053;1964;1879;1795;1715;1637;1561;1488;1417;1348;1282;1217;1154;1094;1035;979;924;871;820;771;723;678;634;591;551;512;474;439;404;372;341;311;283;256;231;207;185;164;145;127;110;95;81;68;57;47;38;31;25;21;17;15;15;15;17;21;25;31;38;46;56;67;79;92;107;123;140;159;179;201;224;248;274;302;331;361;394;427;463;500;538;579;621;664;710;757;805;856;908;961;1017;1074;;;;;;;;;;;;;;;;;;;;;;;;;;;;;;;;
-0.600;;;;;;;;;;;;;2645;2543;2442;2344;2248;2155;2064;1975;1889;1806;1725;1647;1571;1498;1427;1358;1291;1227;1164;1103;1044;987;932;880;828;779;732;686;642;599;559;520;482;446;412;379;348;319;290;264;238;215;192;171;152;134;117;102;88;75;64;54;45;38;32;28;24;22;22;22;24;27;32;38;45;53;63;73;86;99;114;130;147;166;186;208;231;255;281;308;337;368;400;434;469;506;545;585;627;671;716;763;812;863;915;969;1024;1081;;;;;;;;;;;;;;;;;;;;;;;;;;;;;;;;
-0.700;;;;;;;;;;;;;2657;2555;2455;2357;2261;2167;2076;1988;1902;1818;1738;1659;1584;1510;1439;1370;1303;1238;1174;1114;1055;998;943;890;838;789;741;695;651;609;568;529;491;455;421;388;357;327;299;272;247;223;201;180;160;142;125;110;96;83;72;62;54;46;40;36;33;31;30;30;32;36;40;46;53;61;71;82;94;107;122;138;155;174;194;216;239;263;289;316;345;376;408;442;478;515;553;594;636;680;725;772;821;871;923;977;1033;1090;;;;;;;;;;;;;;;;;;;;;;;;;;;;;;;;
-0.800;;;;;;;;;;;;;2671;2569;2469;2371;2275;2182;2091;2002;1916;1833;1752;1673;1597;1524;1452;1383;1316;1250;1187;1126;1067;1010;954;901;850;800;752;707;662;620;579;540;502;466;432;399;367;338;309;282;257;233;211;190;170;152;135;120;106;93;82;72;63;56;50;45;42;40;39;40;42;45;49;55;62;71;80;91;103;117;131;148;165;184;204;225;248;273;299;326;355;386;418;452;487;524;563;604;646;690;735;782;831;882;934;988;1044;1101;;;;;;;;;;;;;;;;;;;;;;;;;;;;;;;;
-0.900;;;;;;;;;;;;;2687;2585;2485;2387;2291;2198;2107;2018;1932;1849;1768;1689;1613;1539;1467;1398;1330;1265;1201;1140;1080;1023;968;914;863;813;765;719;675;632;591;552;514;478;443;410;379;349;321;294;269;245;222;201;181;163;146;131;117;104;93;83;74;67;61;56;53;51;50;51;53;56;60;66;73;81;91;102;114;128;142;158;176;195;215;236;259;284;309;337;366;396;429;463;498;536;575;615;657;701;747;794;843;894;946;1000;1056;1113;;;;;;;;;;;;;;;;;;;;;;;;;;;;;;;;
-1.000;;;;;;;;;;;;;2704;2603;2503;2405;2310;2216;2125;2036;1950;1866;1785;1706;1630;1556;1484;1414;1346;1281;1217;1155;1096;1038;983;929;877;827;779;733;689;646;605;565;527;491;457;424;392;362;334;307;281;257;235;214;194;176;159;143;129;116;105;95;86;79;73;68;65;63;62;63;65;68;72;78;85;93;103;114;126;140;154;171;188;207;227;248;271;296;322;349;378;409;441;475;511;549;588;628;671;714;760;808;857;907;960;1014;1070;1128;;;;;;;;;;;;;;;;;;;;;;;;;;;;;;;;
-1.100;;;;;;;;;;;;;2724;2622;2523;2425;2329;2236;2145;2056;1970;1886;1804;1726;1649;1575;1502;1432;1364;1298;1234;1172;1112;1055;999;945;893;843;795;749;704;661;620;580;542;506;471;438;407;377;348;321;295;271;249;227;208;189;172;157;143;130;118;108;100;92;86;82;78;76;75;76;78;81;86;91;99;107;117;127;140;153;168;184;202;220;241;262;285;310;336;363;392;423;455;490;525;563;602;643;685;729;775;823;872;923;975;1030;1086;1144;;;;;;;;;;;;;;;;;;;;;;;;;;;;;;;;
-1.200;;;;;;;;;;;;;2745;2644;2544;2447;2351;2258;2166;2078;1991;1907;1825;1746;1669;1595;1522;1452;1384;1317;1253;1191;1131;1073;1017;963;911;860;812;766;721;678;636;597;559;522;487;454;422;392;364;337;311;287;264;243;223;204;187;172;158;145;133;123;114;107;101;96;93;91;90;91;93;96;100;106;113;122;131;142;154;168;183;199;216;235;255;277;300;325;351;378;407;438;471;505;541;579;618;659;702;746;792;839;889;940;993;1047;1103;1161;;;;;;;;;;;;;;;;;;;;;;;;;;;;;;;;
-1.300;;;;;;;;;;;;;2768;2667;2568;2470;2375;2281;2190;2101;2014;1930;1848;1769;1692;1617;1544;1473;1405;1338;1273;1211;1151;1092;1036;982;930;879;831;784;739;696;654;614;576;540;505;471;440;409;381;353;328;304;281;259;239;221;204;188;174;161;149;139;131;123;117;112;109;107;106;107;109;112;116;122;129;138;147;158;170;184;199;215;233;252;272;294;317;341;367;395;424;455;488;523;559;596;636;677;719;764;810;858;907;958;1011;1066;1123;;;;;;;;;;;;;;;;;;;;;;;;;;;;;;;;;
-1.400;;;;;;;;;;;;;;2692;2593;2495;2400;2306;2215;2126;2039;1955;1873;1793;1715;1640;1567;1496;1427;1360;1296;1233;1172;1114;1057;1003;950;900;851;804;759;715;674;634;595;559;524;490;458;428;399;372;346;322;299;277;257;239;222;206;192;179;167;157;148;141;134;130;126;124;123;124;126;129;134;139;147;155;165;176;188;202;216;233;250;269;290;311;334;359;385;413;443;474;507;541;578;615;655;696;739;783;830;878;927;979;1032;1087;1143;;;;;;;;;;;;;;;;;;;;;;;;;;;;;;;;;
-1.500;;;;;;;;;;;;;;2719;2620;2523;2427;2334;2242;2153;2066;1981;1899;1819;1741;1665;1592;1521;1452;1384;1319;1256;1195;1136;1080;1025;972;921;872;825;780;736;695;655;616;579;544;511;478;448;419;392;366;341;318;297;277;258;241;225;211;198;186;176;167;159;153;148;145;143;142;143;145;148;152;158;165;174;183;194;207;220;235;252;269;288;309;330;354;378;405;433;463;494;527;562;598;636;676;717;760;805;851;899;949;1001;1054;1109;1166;;;;;;;;;;;;;;;;;;;;;;;;;;;;;;;;;
-1.600;;;;;;;;;;;;;;2747;2649;2552;2456;2362;2271;2181;2094;2009;1926;1846;1768;1692;1618;1547;1477;1410;1345;1281;1220;1161;1104;1049;996;945;896;848;803;759;717;677;638;601;566;532;500;469;440;413;387;362;339;318;297;279;261;245;231;218;206;196;187;179;173;169;165;163;162;163;165;168;172;178;185;194;203;214;227;240;255;272;290;309;329;351;374;399;426;454;484;516;549;584;620;658;698;740;783;827;874;922;972;1024;1077;1133;1190;;;;;;;;;;;;;;;;;;;;;;;;;;;;;;;;;
-1.700;;;;;;;;;;;;;;2778;2679;2582;2487;2393;2302;2212;2124;2039;1956;1875;1797;1721;1647;1575;1505;1437;1371;1308;1246;1187;1129;1074;1021;970;920;873;827;783;741;701;662;625;589;555;523;492;463;435;409;385;361;340;319;301;283;267;253;240;228;218;209;201;195;190;186;184;184;184;186;189;194;200;207;215;225;236;248;262;277;293;311;330;351;373;396;422;448;477;507;539;572;607;644;682;722;763;807;852;898;947;997;1049;1103;1158;1215;;;;;;;;;;;;;;;;;;;;;;;;;;;;;;;;;
-1.800;;;;;;;;;;;;;;;2712;2615;2520;2426;2334;2244;2156;2071;1987;1906;1827;1751;1676;1604;1534;1466;1400;1336;1274;1214;1157;1101;1048;996;947;899;853;809;766;726;687;650;614;580;548;517;487;460;433;409;385;363;343;324;307;291;276;263;251;241;232;224;218;213;209;207;206;207;209;212;216;222;229;238;248;259;271;285;300;317;334;354;374;396;420;445;472;501;531;563;597;632;669;707;747;789;832;878;924;973;1023;1075;1129;1185;1242;;;;;;;;;;;;;;;;;;;;;;;;;;;;;;;;;
-1.900;;;;;;;;;;;;;;;2747;2650;2554;2461;2368;2278;2190;2104;2021;1939;1860;1783;1708;1635;1565;1496;1430;1366;1304;1244;1186;1130;1076;1024;974;926;880;836;793;753;713;676;640;606;573;542;513;485;459;434;410;388;368;349;331;315;301;287;275;265;256;248;242;237;233;231;230;231;233;236;241;246;254;262;272;283;296;309;324;341;359;378;399;421;445;471;498;527;557;589;623;658;695;734;774;816;860;905;952;1001;1051;1103;1157;1213;;;;;;;;;;;;;;;;;;;;;;;;;;;;;;;;;;
-2.000;;;;;;;;;;;;;;;2784;2687;2591;2497;2405;2315;2226;2140;2056;1974;1894;1817;1741;1668;1597;1529;1462;1397;1335;1274;1216;1160;1106;1054;1004;956;909;865;822;781;742;704;668;634;601;570;540;512;486;461;437;415;394;375;358;341;327;313;301;291;282;274;268;263;259;257;256;257;258;262;266;272;279;288;298;309;321;335;350;367;385;404;425;448;472;498;525;554;585;617;651;686;723;762;802;844;888;934;981;1030;1080;1133;1187;1243;;;;;;;;;;;;;;;;;;;;;;;;;;;;;;;;;;
-2.100;;;;;;;;;;;;;;;;2726;2630;2536;2443;2353;2264;2177;2093;2010;1930;1852;1777;1703;1632;1563;1495;1430;1368;1307;1248;1192;1138;1085;1035;986;940;895;852;811;771;734;697;663;630;599;569;541;514;489;465;443;422;403;385;369;354;341;329;318;309;301;295;290;286;284;283;284;286;289;293;299;306;315;325;336;348;362;378;394;412;432;453;476;500;526;554;583;614;646;680;716;753;792;832;874;918;964;1011;1060;1111;1163;1218;1274;;;;;;;;;;;;;;;;;;;;;;;;;;;;;;;;;;
-2.200;;;;;;;;;;;;;;;;2767;2671;2577;2484;2393;2304;2217;2132;2049;1968;1890;1814;1740;1668;1598;1531;1465;1402;1341;1282;1226;1171;1118;1068;1019;972;927;884;842;803;765;728;694;661;629;599;571;544;519;495;473;452;432;415;398;383;370;358;347;338;330;324;319;315;313;312;312;314;317;322;328;335;343;353;365;377;391;406;423;441;461;482;505;530;556;584;613;644;677;711;746;784;823;863;906;950;995;1043;1092;1143;1195;1250;;;;;;;;;;;;;;;;;;;;;;;;;;;;;;;;;;;
-2.300;;;;;;;;;;;;;;;;2811;2715;2620;2527;2435;2346;2258;2173;2090;2008;1929;1853;1778;1706;1636;1568;1502;1439;1377;1318;1261;1206;1153;1102;1053;1006;961;917;875;836;797;761;726;693;661;631;602;575;550;526;504;483;463;445;429;414;400;388;377;368;360;354;349;345;343;342;342;344;347;352;358;365;374;383;395;407;421;437;454;472;492;513;537;561;588;616;645;676;709;743;779;816;855;896;938;983;1028;1076;1125;1176;1229;1283;;;;;;;;;;;;;;;;;;;;;;;;;;;;;;;;;;;
-2.400;;;;;;;;;;;;;;;;;2761;2666;2572;2480;2390;2302;2216;2132;2051;1971;1894;1819;1746;1675;1607;1541;1477;1415;1355;1298;1242;1189;1138;1089;1041;996;952;910;870;832;795;760;726;695;664;636;609;583;559;536;515;496;478;461;446;432;420;409;400;392;386;380;377;374;374;374;376;379;384;389;397;405;415;426;439;453;469;486;504;524;546;569;594;621;649;678;710;742;777;812;850;889;930;973;1017;1063;1110;1160;1211;1263;1318;;;;;;;;;;;;;;;;;;;;;;;;;;;;;;;;;;;
-2.500;;;;;;;;;;;;;;;;;2809;2714;2620;2527;2437;2348;2262;2177;2095;2015;1937;1861;1788;1717;1648;1582;1517;1455;1395;1337;1281;1227;1176;1126;1079;1033;989;947;906;868;831;795;762;730;699;671;643;618;593;571;549;530;512;495;480;466;454;443;433;425;419;414;410;408;407;407;409;412;417;423;430;438;448;460;472;486;502;519;538;558;580;604;629;655;683;713;744;777;812;848;885;925;965;1008;1052;1098;1146;1195;1246;1299;;;;;;;;;;;;;;;;;;;;;;;;;;;;;;;;;;;;
-2.600;;;;;;;;;;;;;;;;;;2764;2670;2577;2486;2397;2309;2224;2142;2061;1982;1906;1832;1761;1691;1624;1559;1496;1436;1378;1321;1267;1215;1166;1118;1072;1027;985;944;905;868;833;799;767;736;707;680;654;629;607;585;565;547;530;515;501;489;478;468;460;454;449;445;443;442;442;444;447;451;457;465;473;483;494;507;521;537;554;573;594;616;639;664;691;719;749;781;814;848;884;922;961;1002;1045;1089;1135;1183;1232;1283;1336;;;;;;;;;;;;;;;;;;;;;;;;;;;;;;;;;;;;
-2.700;;;;;;;;;;;;;;;;;;2818;2723;2629;2537;2447;2360;2274;2190;2109;2030;1953;1879;1807;1737;1669;1603;1540;1479;1420;1364;1309;1257;1207;1158;1112;1068;1025;984;945;908;872;838;805;774;745;718;692;667;644;623;603;584;567;552;538;526;515;505;497;490;485;481;479;478;478;480;483;488;494;501;509;519;531;543;558;574;591;610;631;653;677;702;729;757;787;818;851;886;922;960;999;1040;1083;1127;1173;1221;1270;1321;;;;;;;;;;;;;;;;;;;;;;;;;;;;;;;;;;;;;
-2.800;;;;;;;;;;;;;;;;;;;2778;2684;2592;2501;2412;2326;2242;2160;2080;2002;1927;1854;1784;1716;1650;1586;1525;1465;1408;1353;1301;1250;1201;1154;1110;1067;1026;986;949;913;878;846;815;785;757;731;706;683;662;642;623;606;591;577;564;553;543;535;529;523;520;517;516;516;518;521;526;532;539;547;557;569;581;596;612;629;649;669;691;715;741;768;796;826;857;891;925;961;999;1039;1080;1122;1167;1213;1260;1309;1360;;;;;;;;;;;;;;;;;;;;;;;;;;;;;;;;;;;;;
-2.900;;;;;;;;;;;;;;;;;;;2837;2742;2648;2557;2468;2380;2295;2212;2132;2054;1978;1905;1834;1765;1698;1634;1572;1512;1455;1399;1346;1295;1246;1199;1154;1110;1069;1029;991;955;921;888;857;827;799;772;748;724;703;682;664;647;631;617;604;593;583;575;568;563;559;557;556;556;558;561;565;571;578;586;596;608;621;635;652;669;688;709;732;756;781;808;836;866;898;931;966;1002;1040;1079;1120;1163;1207;1253;1301;1350;;;;;;;;;;;;;;;;;;;;;;;;;;;;;;;;;;;;;;
-3.000;;;;;;;;;;;;;;;;;;;;2803;2708;2616;2525;2437;2351;2268;2187;2108;2031;1957;1885;1816;1749;1684;1622;1562;1504;1448;1394;1342;1293;1245;1200;1156;1114;1074;1036;1000;965;932;900;870;842;816;790;767;745;725;706;689;673;659;646;635;625;617;610;605;601;598;597;597;599;602;606;612;619;627;637;649;662;677;693;711;730;751;773;797;823;850;878;908;940;973;1008;1044;1082;1121;1162;1205;1249;1295;1342;1391;;;;;;;;;;;;;;;;;;;;;;;;;;;;;;;;;;;;;;
-3.100;;;;;;;;;;;;;;;;;;;;2866;2771;2677;2586;2497;2410;2326;2243;2164;2087;2012;1939;1869;1802;1737;1674;1613;1554;1498;1444;1392;1342;1294;1248;1204;1162;1121;1083;1046;1011;978;946;916;887;860;835;812;789;769;750;733;717;702;690;678;668;660;653;648;644;641;640;640;641;644;648;654;661;670;680;691;705;719;736;754;773;794;816;841;866;893;922;952;984;1017;1051;1088;1125;1165;1206;1248;1292;1338;1385;;;;;;;;;;;;;;;;;;;;;;;;;;;;;;;;;;;;;;;
-3.200;;;;;;;;;;;;;;;;;;;;;2837;2742;2649;2559;2471;2386;2303;2222;2144;2069;1996;1925;1857;1791;1728;1666;1607;1551;1496;1444;1393;1345;1298;1254;1211;1171;1132;1095;1059;1026;993;963;934;907;882;858;836;815;796;778;762;748;735;723;713;705;698;692;688;685;684;684;685;688;692;698;705;714;724;735;749;764;780;798;818;839;861;885;911;938;967;997;1028;1062;1096;1133;1170;1210;1250;1293;1337;1382;;;;;;;;;;;;;;;;;;;;;;;;;;;;;;;;;;;;;;;;
-3.300;;;;;;;;;;;;;;;;;;;;;;2809;2716;2624;2535;2449;2365;2283;2205;2128;2054;1983;1914;1848;1784;1722;1662;1605;1550;1497;1446;1398;1351;1306;1263;1222;1183;1145;1110;1076;1043;1013;984;956;931;906;884;863;844;826;810;795;782;770;760;751;744;738;734;731;729;729;731;733;737;743;750;759;769;781;794;809;826;844;864;885;907;931;957;984;1013;1043;1075;1108;1143;1179;1216;1256;1296;1338;1382;1427;;;;;;;;;;;;;;;;;;;;;;;;;;;;;;;;;;;;;;;;
-3.400;;;;;;;;;;;;;;;;;;;;;;;2785;2692;2602;2514;2429;2347;2267;2190;2115;2043;1974;1906;1842;1780;1720;1662;1606;1553;1502;1453;1406;1360;1317;1276;1236;1198;1162;1128;1095;1064;1035;1007;981;957;934;913;894;876;859;844;831;819;809;800;792;786;782;778;777;776;778;780;785;790;797;806;817;828;842;857;874;892;911;932;955;979;1005;1032;1061;1091;1123;1156;1190;1226;1264;1303;1343;1385;1429;;;;;;;;;;;;;;;;;;;;;;;;;;;;;;;;;;;;;;;;;
-3.500;;;;;;;;;;;;;;;;;;;;;;;2857;2763;2671;2583;2496;2413;2332;2254;2178;2105;2035;1967;1902;1839;1779;1721;1665;1611;1559;1510;1462;1417;1373;1331;1291;1253;1217;1182;1149;1118;1089;1061;1034;1010;987;965;945;927;910;895;881;869;859;850;842;836;831;828;826;825;826;829;833;839;846;855;865;877;891;906;923;941;961;982;1004;1029;1054;1081;1110;1140;1172;1205;1239;1275;1313;1351;1392;1433;;;;;;;;;;;;;;;;;;;;;;;;;;;;;;;;;;;;;;;;;;
-3.600;;;;;;;;;;;;;;;;;;;;;;;;2837;2744;2653;2566;2481;2399;2320;2244;2170;2099;2030;1964;1901;1840;1781;1725;1671;1619;1569;1521;1475;1431;1389;1349;1310;1274;1239;1205;1174;1144;1116;1089;1064;1041;1019;999;980;963;948;934;922;911;901;893;887;882;878;876;876;877;880;884;890;897;906;916;928;942;957;974;992;1011;1033;1055;1080;1105;1132;1161;1191;1223;1255;1290;1326;1363;1401;1441;;;;;;;;;;;;;;;;;;;;;;;;;;;;;;;;;;;;;;;;;;;
-3.700;;;;;;;;;;;;;;;;;;;;;;;;;2818;2727;2638;2552;2469;2388;2311;2236;2165;2095;2029;1965;1903;1844;1787;1732;1680;1629;1581;1535;1491;1448;1408;1369;1332;1297;1263;1232;1201;1173;1146;1121;1097;1075;1055;1036;1018;1003;988;976;964;955;946;940;935;931;929;928;929;932;936;942;949;958;969;981;994;1009;1026;1044;1064;1085;1108;1132;1158;1185;1213;1243;1275;1308;1342;1377;1414;1453;;;;;;;;;;;;;;;;;;;;;;;;;;;;;;;;;;;;;;;;;;;;
-3.800;;;;;;;;;;;;;;;;;;;;;;;;;;2803;2712;2625;2540;2459;2381;2305;2232;2162;2095;2030;1968;1908;1851;1796;1743;1692;1643;1597;1552;1510;1469;1430;1392;1357;1323;1291;1261;1232;1205;1179;1155;1133;1112;1093;1075;1059;1044;1031;1020;1010;1002;995;989;986;983;983;984;986;990;996;1003;1012;1023;1035;1048;1063;1080;1098;1118;1139;1162;1186;1212;1239;1267;1297;1329;1361;1395;1431;1467;1505;;;;;;;;;;;;;;;;;;;;;;;;;;;;;;;;;;;;;;;;;;;;
-3.900;;;;;;;;;;;;;;;;;;;;;;;;;;;2789;2700;2614;2532;2452;2375;2302;2231;2163;2097;2034;1974;1916;1861;1807;1756;1707;1660;1615;1572;1531;1492;1454;1419;1385;1352;1322;1292;1265;1239;1215;1192;1171;1152;1134;1117;1102;1089;1077;1067;1058;1051;1046;1042;1040;1039;1040;1042;1046;1052;1059;1068;1079;1091;1104;1119;1136;1154;1174;1195;1218;1242;1268;1295;1323;1353;1384;1416;1450;1485;1522;;;;;;;;;;;;;;;;;;;;;;;;;;;;;;;;;;;;;;;;;;;;;
-4.000;;;;;;;;;;;;;;;;;;;;;;;;;;;;2777;2690;2606;2525;2448;2373;2301;2232;2166;2103;2042;1983;1927;1874;1822;1773;1725;1680;1637;1595;1556;1518;1482;1448;1415;1384;1355;1327;1301;1276;1253;1232;1212;1194;1177;1162;1148;1136;1126;1117;1110;1104;1100;1098;1097;1098;1100;1104;1110;1117;1126;1136;1148;1162;1177;1194;1212;1232;1253;1275;1300;1325;1352;1380;1410;1441;1473;1507;1542;;;;;;;;;;;;;;;;;;;;;;;;;;;;;;;;;;;;;;;;;;;;;;
-4.100;;;;;;;;;;;;;;;;;;;;;;;;;;;;;2768;2683;2601;2522;2446;2373;2303;2237;2172;2111;2052;1995;1941;1889;1839;1792;1746;1703;1661;1621;1583;1547;1512;1479;1448;1418;1390;1364;1339;1316;1294;1274;1255;1239;1223;1209;1197;1186;1177;1170;1164;1160;1157;1157;1157;1160;1164;1169;1176;1185;1196;1208;1221;1236;1253;1271;1291;1312;1335;1359;1384;1411;1439;1469;1500;1532;1565;;;;;;;;;;;;;;;;;;;;;;;;;;;;;;;;;;;;;;;;;;;;;;;
-4.200;;;;;;;;;;;;;;;;;;;;;;;;;;;;;;2761;2677;2597;2520;2446;2376;2308;2243;2181;2122;2065;2010;1958;1908;1860;1814;1770;1728;1688;1649;1613;1578;1545;1513;1483;1455;1428;1403;1380;1358;1338;1319;1302;1286;1272;1260;1249;1240;1232;1226;1222;1219;1218;1219;1221;1225;1230;1238;1246;1257;1269;1282;1297;1314;1332;1352;1373;1396;1420;1445;1472;1500;1529;1560;;;;;;;;;;;;;;;;;;;;;;;;;;;;;;;;;;;;;;;;;;;;;;;;;
-4.300;;;;;;;;;;;;;;;;;;;;;;;;;;;;;;;2755;2674;2596;2521;2449;2381;2315;2253;2192;2135;2080;2027;1977;1928;1882;1838;1796;1755;1717;1680;1645;1612;1580;1550;1521;1495;1469;1446;1423;1403;1384;1366;1351;1336;1324;1313;1304;1296;1290;1285;1282;1281;1282;1284;1288;1293;1301;1309;1320;1332;1345;1360;1377;1395;1415;1436;1459;1482;1508;1534;1562;1591;;;;;;;;;;;;;;;;;;;;;;;;;;;;;;;;;;;;;;;;;;;;;;;;;;
-4.400;;;;;;;;;;;;;;;;;;;;;;;;;;;;;;;;;2672;2596;2524;2455;2388;2325;2264;2206;2151;2098;2047;1998;1952;1907;1865;1824;1786;1749;1713;1680;1648;1618;1589;1562;1537;1513;1490;1470;1450;1433;1417;1402;1390;1379;1369;1361;1355;1351;1348;1346;1347;1349;1353;1358;1365;1374;1385;1397;1410;1425;1442;1460;1480;1501;1523;1547;1572;1599;1626;;;;;;;;;;;;;;;;;;;;;;;;;;;;;;;;;;;;;;;;;;;;;;;;;;;
-4.500;;;;;;;;;;;;;;;;;;;;;;;;;;;;;;;;;;2673;2599;2529;2462;2398;2336;2278;2222;2169;2118;2069;2022;1978;1935;1894;1855;1818;1783;1749;1717;1687;1658;1631;1605;1581;1559;1538;1518;1501;1485;1470;1457;1446;1436;1428;1422;1418;1415;1413;1414;1416;1420;1425;1432;1441;1451;1463;1477;1492;1508;1527;1546;1567;1590;1613;1638;;;;;;;;;;;;;;;;;;;;;;;;;;;;;;;;;;;;;;;;;;;;;;;;;;;;;
-4.600;;;;;;;;;;;;;;;;;;;;;;;;;;;;;;;;;;;2675;2603;2536;2471;2409;2350;2294;2240;2189;2140;2093;2048;2006;1965;1926;1889;1853;1819;1787;1757;1728;1701;1675;1651;1628;1607;1588;1570;1554;1539;1526;1515;1505;1497;1491;1486;1483;1482;1482;1484;1488;1494;1501;1509;1520;1532;1545;1560;1577;1595;1614;1635;1658;1681;;;;;;;;;;;;;;;;;;;;;;;;;;;;;;;;;;;;;;;;;;;;;;;;;;;;;;
-4.700;;;;;;;;;;;;;;;;;;;;;;;;;;;;;;;;;;;;;2610;2544;2482;2423;2366;2312;2261;2211;2165;2120;2077;2036;1997;1960;1924;1891;1858;1828;1799;1772;1746;1722;1699;1678;1659;1641;1625;1610;1597;1586;1576;1568;1561;1557;1554;1552;1553;1555;1558;1564;1571;1580;1590;1602;1616;1631;1647;1665;1685;1706;;;;;;;;;;;;;;;;;;;;;;;;;;;;;;;;;;;;;;;;;;;;;;;;;;;;;;;;
-4.800;;;;;;;;;;;;;;;;;;;;;;;;;;;;;;;;;;;;;;;2555;2495;2438;2384;2332;2283;2236;2191;2148;2108;2069;2031;1996;1962;1930;1900;1871;1844;1818;1794;1771;1750;1731;1713;1697;1682;1669;1658;1648;1640;1633;1629;1626;1624;1625;1627;1631;1636;1643;1652;1662;1674;1688;1703;1719;1737;1757;;;;;;;;;;;;;;;;;;;;;;;;;;;;;;;;;;;;;;;;;;;;;;;;;;;;;;;;;
-4.900;;;;;;;;;;;;;;;;;;;;;;;;;;;;;;;;;;;;;;;;;2510;2455;2403;2354;2307;2262;2220;2179;2140;2103;2068;2035;2003;1972;1944;1916;1891;1867;1844;1823;1804;1786;1770;1756;1743;1731;1721;1713;1707;1702;1699;1698;1699;1701;1704;1710;1717;1726;1736;1748;1762;1777;1793;;;;;;;;;;;;;;;;;;;;;;;;;;;;;;;;;;;;;;;;;;;;;;;;;;;;;;;;;;;
-5.000;;;;;;;;;;;;;;;;;;;;;;;;;;;;;;;;;;;;;;;;;;;2474;2425;2378;2334;2291;2251;2212;2175;2140;2107;2075;2045;2017;1990;1965;1941;1918;1898;1878;1861;1845;1830;1817;1806;1796;1789;1782;1778;1775;1773;1774;1776;1780;1785;1793;1801;1812;1824;;;;;;;;;;;;;;;;;;;;;;;;;;;;;;;;;;;;;;;;;;;;;;;;;;;;;;;;;;;;;;
-5.100;;;;;;;;;;;;;;;;;;;;;;;;;;;;;;;;;;;;;;;;;;;;;;2404;2362;2322;2284;2247;2213;2180;2148;2119;2090;2064;2039;2015;1993;1973;1954;1936;1920;1906;1893;1882;1873;1865;1859;1854;1852;1850;1851;1853;1857;1863;1870;1879;;;;;;;;;;;;;;;;;;;;;;;;;;;;;;;;;;;;;;;;;;;;;;;;;;;;;;;;;;;;;;;;
-5.200;;;;;;;;;;;;;;;;;;;;;;;;;;;;;;;;;;;;;;;;;;;;;;;;;2355;2319;2285;2252;2221;2192;2164;2138;2114;2090;2069;2049;2030;2013;1997;1983;1971;1960;1951;1943;1937;1933;1930;1929;1930;1932;;;;;;;;;;;;;;;;;;;;;;;;;;;;;;;;;;;;;;;;;;;;;;;;;;;;;;;;;;;;;;;;;;;;
-5.300;;;;;;;;;;;;;;;;;;;;;;;;;;;;;;;;;;;;;;;;;;;;;;;;;;;;;2294;2265;2238;2213;2189;2166;2145;2125;2107;2090;2075;2061;2049;2039;2030;2022;2016;2012;;;;;;;;;;;;;;;;;;;;;;;;;;;;;;;;;;;;;;;;;;;;;;;;;;;;;;;;;;;;;;;;;;;;;;;;
-5.400;;;;;;;;;;;;;;;;;;;;;;;;;;;;;;;;;;;;;;;;;;;;;;;;;;;;;;;;;;;;;;;;;;;;;;;;;;;;;;;;;;;;;;;;;;;;;;;;;;;;;;;;;;;;;;;;;;;;;;;;;;;;;;;;;;;;;;;;;;;;;;
-5.500;;;;;;;;;;;;;;;;;;;;;;;;;;;;;;;;;;;;;;;;;;;;;;;;;;;;;;;;;;;;;;;;;;;;;;;;;;;;;;;;;;;;;;;;;;;;;;;;;;;;;;;;;;;;;;;;;;;;;;;;;;;;;;;;;;;;;;;;;;;;;;
-5.600;;;;;;;;;;;;;;;;;;;;;;;;;;;;;;;;;;;;;;;;;;;;;;;;;;;;;;;;;;;;;;;;;;;;;;;;;;;;;;;;;;;;;;;;;;;;;;;;;;;;;;;;;;;;;;;;;;;;;;;;;;;;;;;;;;;;;;;;;;;;;;
-5.700;;;;;;;;;;;;;;;;;;;;;;;;;;;;;;;;;;;;;;;;;;;;;;;;;;;;;;;;;;;;;;;;;;;;;;;;;;;;;;;;;;;;;;;;;;;;;;;;;;;;;;;;;;;;;;;;;;;;;;;;;;;;;;;;;;;;;;;;;;;;;;
-5.800;;;;;;;;;;;;;;;;;;;;;;;;;;;;;;;;;;;;;;;;;;;;;;;;;;;;;;;;;;;;;;;;;;;;;;;;;;;;;;;;;;;;;;;;;;;;;;;;;;;;;;;;;;;;;;;;;;;;;;;;;;;;;;;;;;;;;;;;;;;;;;
-5.900;;;;;;;;;;;;;;;;;;;;;;;;;;;;;;;;;;;;;;;;;;;;;;;;;;;;;;;;;;;;;;;;;;;;;;;;;;;;;;;;;;;;;;;;;;;;;;;;;;;;;;;;;;;;;;;;;;;;;;;;;;;;;;;;;;;;;;;;;;;;;;
-6.000;;;;;;;;;;;;;;;;;;;;;;;;;;;;;;;;;;;;;;;;;;;;;;;;;;;;;;;;;;;;;;;;;;;;;;;;;;;;;;;;;;;;;;;;;;;;;;;;;;;;;;;;;;;;;;;;;;;;;;;;;;;;;;;;;;;;;;;;;;;;;;
-6.100;;;;;;;;;;;;;;;;;;;;;;;;;;;;;;;;;;;;;;;;;;;;;;;;;;;;;;;;;;;;;;;;;;;;;;;;;;;;;;;;;;;;;;;;;;;;;;;;;;;;;;;;;;;;;;;;;;;;;;;;;;;;;;;;;;;;;;;;;;;;;;
-6.200;;;;;;;;;;;;;;;;;;;;;;;;;;;;;;;;;;;;;;;;;;;;;;;;;;;;;;;;;;;;;;;;;;;;;;;;;;;;;;;;;;;;;;;;;;;;;;;;;;;;;;;;;;;;;;;;;;;;;;;;;;;;;;;;;;;;;;;;;;;;;;
-6.300;;;;;;;;;;;;;;;;;;;;;;;;;;;;;;;;;;;;;;;;;;;;;;;;;;;;;;;;;;;;;;;;;;;;;;;;;;;;;;;;;;;;;;;;;;;;;;;;;;;;;;;;;;;;;;;;;;;;;;;;;;;;;;;;;;;;;;;;;;;;;;
-6.400;;;;;;;;;;;;;;;;;;;;;;;;;;;;;;;;;;;;;;;;;;;;;;;;;;;;;;;;;;;;;;;;;;;;;;;;;;;;;;;;;;;;;;;;;;;;;;;;;;;;;;;;;;;;;;;;;;;;;;;;;;;;;;;;;;;;;;;;;;;;;;
-6.500;;;;;;;;;;;;;;;;;;;;;;;;;;;;;;;;;;;;;;;;;;;;;;;;;;;;;;;;;;;;;;;;;;;;;;;;;;;;;;;;;;;;;;;;;;;;;;;;;;;;;;;;;;;;;;;;;;;;;;;;;;;;;;;;;;;;;;;;;;;;;;
-6.600;;;;;;;;;;;;;;;;;;;;;;;;;;;;;;;;;;;;;;;;;;;;;;;;;;;;;;;;;;;;;;;;;;;;;;;;;;;;;;;;;;;;;;;;;;;;;;;;;;;;;;;;;;;;;;;;;;;;;;;;;;;;;;;;;;;;;;;;;;;;;;
-6.700;;;;;;;;;;;;;;;;;;;;;;;;;;;;;;;;;;;;;;;;;;;;;;;;;;;;;;;;;;;;;;;;;;;;;;;;;;;;;;;;;;;;;;;;;;;;;;;;;;;;;;;;;;;;;;;;;;;;;;;;;;;;;;;;;;;;;;;;;;;;;;
-6.800;;;;;;;;;;;;;;;;;;;;;;;;;;;;;;;;;;;;;;;;;;;;;;;;;;;;;;;;;;;;;;;;;;;;;;;;;;;;;;;;;;;;;;;;;;;;;;;;;;;;;;;;;;;;;;;;;;;;;;;;;;;;;;;;;;;;;;;;;;;;;;
-6.900;;;;;;;;;;;;;;;;;;;;;;;;;;;;;;;;;;;;;;;;;;;;;;;;;;;;;;;;;;;;;;;;;;;;;;;;;;;;;;;;;;;;;;;;;;;;;;;;;;;;;;;;;;;;;;;;;;;;;;;;;;;;;;;;;;;;;;;;;;;;;;
-7.000;;;;;;;;;;;;;;;;;;;;;;;;;;;;;;;;;;;;;;;;;;;;;;;;;;;;;;;;;;;;;;;;;;;;;;;;;;;;;;;;;;;;;;;;;;;;;;;;;;;;;;;;;;;;;;;;;;;;;;;;;;;;;;;;;;;;;;;;;;;;;;
BACK;-7.000;-6.900;-6.800;-6.700;-6.600;-6.500;-6.400;-6.300;-6.200;-6.100;-6.000;-5.900;-5.800;-5.700;-5.600;-5.500;-5.400;-5.300;-5.200;-5.100;-5.000;-4.900;-4.800;-4.700;-4.600;-4.500;-4.400;-4.300;-4.200;-4.100;-4.000;-3.900;-3.800;-3.700;-3.600;-3.500;-3.400;-3.300;-3.200;-3.100;-3.000;-2.900;-2.800;-2.700;-2.600;-2.500;-2.400;-2.300;-2.200;-2.100;-2.000;-1.900;-1.800;-1.700;-1.600;-1.500;-1.400;-1.300;-1.200;-1.100;-1.000;-0.900;-0.800;-0.700;-0.600;-0.500;-0.400;-0.300;-0.200;-0.100;0.000;0.100;0.200;0.300;0.400;0.500;0.600;0.700;0.800;0.900;1.000;1.100;1.200;1.300;1.400;1.500;1.600;1.700;1.800;1.900;2.000;2.100;2.200;2.300;2.400;2.500;2.600;2.700;2.800;2.900;3.000;3.100;3.200;3.300;3.400;3.500;3.600;3.700;3.800;3.900;4.000;4.100;4.200;4.300;4.400;4.500;4.600;4.700;4.800;4.900;5.000;5.100;5.200;5.300;5.400;5.500;5.600;5.700;5.800;5.900;6.000;6.100;6.200;6.300;6.400;6.500;6.600;6.700;6.800;6.900;7.000;
7.000;;;;;;;;;;;;;;;;;;;;;;;;;;;;;;;;;;;;;;;;;;;;;;;;;;;;;;;;;;;;;;;;;;;;;;;;;;;;;;;;;;;;;;;;;;;;;;;;;;;;;;;;;;;;;;;;;;;;;;;;;;;;;;;;;;;;;;;;;;;;;;
6.900;;;;;;;;;;;;;;;;;;;;;;;;;;;;;;;;;;;;;;;;;;;;;;;;;;;;;;;;;;;;;;;;;;;;;;;;;;;;;;;;;;;;;;;;;;;;;;;;;;;;;;;;;;;;;;;;;;;;;;;;;;;;;;;;;;;;;;;;;;;;;;
6.800;;;;;;;;;;;;;;;;;;;;;;;;;;;;;;;;;;;;;;;;;;;;;;;;;;;;;;;;;;;;;;;;;;;;;;;;;;;;;;;;;;;;;;;;;;;;;;;;;;;;;;;;;;;;;;;;;;;;;;;;;;;;;;;;;;;;;;;;;;;;;;
6.700;;;;;;;;;;;;;;;;;;;;;;;;;;;;;;;;;;;;;;;;;;;;;;;;;;;;;;;;;;;;;;;;;;;;;;;;;;;;;;;;;;;;;;;;;;;;;;;;;;;;;;;;;;;;;;;;;;;;;;;;;;;;;;;;;;;;;;;;;;;;;;
6.600;;;;;;;;;;;;;;;;;;;;;;;;;;;;;;;;;;;;;;;;;;;;;;;;;;;;;;;;;;;;;;;;;;;;;;;;;;;;;;;;;;;;;;;;;;;;;;;;;;;;;;;;;;;;;;;;;;;;;;;;;;;;;;;;;;;;;;;;;;;;;;
6.500;;;;;;;;;;;;;;;;;;;;;;;;;;;;;;;;;;;;;;;;;;;;;;;;;;;;;;;;;;;;;;;;;;;;;;;;;;;;;;;;;;;;;;;;;;;;;;;;;;;;;;;;;;;;;;;;;;;;;;;;;;;;;;;;;;;;;;;;;;;;;;
6.400;;;;;;;;;;;;;;;;;;;;;;;;;;;;;;;;;;;;;;;;;;;;;;;;;;;;;;;;;;;;;;;;;;;;;;;;;;;;;;;;;;;;;;;;;;;;;;;;;;;;;;;;;;;;;;;;;;;;;;;;;;;;;;;;;;;;;;;;;;;;;;
6.300;;;;;;;;;;;;;;;;;;;;;;;;;;;;;;;;;;;;;;;;;;;;;;;;;;;;;;;;;;;;;;;;;;;;;;;;;;;;;;;;;;;;;;;;;;;;;;;;;;;;;;;;;;;;;;;;;;;;;;;;;;;;;;;;;;;;;;;;;;;;;;
6.200;;;;;;;;;;;;;;;;;;;;;;;;;;;;;;;;;;;;;;;;;;;;;;;;;;;;;;;;;;;;;;;;;;;;;;;;;;;;;;;;;;;;;;;;;;;;;;;;;;;;;;;;;;;;;;;;;;;;;;;;;;;;;;;;;;;;;;;;;;;;;;
6.100;;;;;;;;;;;;;;;;;;;;;;;;;;;;;;;;;;;;;;;;;;;;;;;;;;;;;;;;;;;;;;;;;;;;;;;;;;;;;;;;;;;;;;;;;;;;;;;;;;;;;;;;;;;;;;;;;;;;;;;;;;;;;;;;;;;;;;;;;;;;;;
6.000;;;;;;;;;;;;;;;;;;;;;;;;;;;;;;;;;;;;;;;;;;;;;;;;;;;;;;;;;;;;;;;;;;;;;;;;;;;;;;;;;;;;;;;;;;;;;;;;;;;;;;;;;;;;;;;;;;;;;;;;;;;;;;;;;;;;;;;;;;;;;;
5.900;;;;;;;;;;;;;;;;;;;;;;;;;;;;;;;;;;;;;;;;;;;;;;;;;;;;;;;;;;;;;;;;;;;;;;;;;;;;;;;;;;;;;;;;;;;;;;;;;;;;;;;;;;;;;;;;;;;;;;;;;;;;;;;;;;;;;;;;;;;;;;
5.800;;;;;;;;;;;;;;;;;;;;;;;;;;;;;;;;;;;;;;;;;;;;;;;;;;;;;;;;;;;;;;;;;;;;;;;;;;;;;;;;;;;;;;;;;;;;;;;;;;;;;;;;;;;;;;;;;;;;;;;;;;;;;;;;;;;;;;;;;;;;;;
5.700;;;;;;;;;;;;;;;;;;;;;;;;;;;;;;;;;;;;;;;;;;;;;;;;;;;;;;;;;;;;;;;;;;;;;;;;;;;;;;;;;;;;;;;;;;;;;;;;;;;;;;;;;;;;;;;;;;;;;;;;;;;;;;;;;;;;;;;;;;;;;;
5.600;;;;;;;;;;;;;;;;;;;;;;;;;;;;;;;;;;;;;;;;;;;;;;;;;;;;;;;;;;;;;;;;;;;;;;;;;;;;;;;;;;;;;;;;;;;;;;;;;;;;;;;;;;;;;;;;;;;;;;;;;;;;;;;;;;;;;;;;;;;;;;
5.500;;;;;;;;;;;;;;;;;;;;;;;;;;;;;;;;;;;;;;;;;;;;;;;;;;;;;;;;;;;;;;;;;;;;;;;;;;;;;;;;;;;;;;;;;;;;;;;;;;;;;;;;;;;;;;;;;;;;;;;;;;;;;;;;;;;;;;;;;;;;;;
5.400;;;;;;;;;;;;;;;;;;;;;;;;;;;;;;;;;;;;;;;;;;;;;;;;;;;;;;;;;;;;;;;;;;;;;;;;;;;;;;;;;;;;;;;;;;;;;;;;;;;;;;;;;;;;;;;;;;;;;;;;;;;;;;;;;;;;;;;;;;;;;;
5.300;;;;;;;;;;;;;;;;;;;;;;;;;;;;;;;;;;;;;;;;;;;;;;;;;;;;;;;;;;;;;;;;;;;;;;;;;;;;;;;;;;;;;;;;;;;;;;;;;;;;;;;;;;;;;;;;;;;;;;;;;;;;;;;;;;;;;;;;;;;;;;
5.200;;;;;;;;;;;;;;;;;;;;;;;;;;;;;;;;;;;;;;;;;;;;;;;;;;;;;;;;;;;;;;;;;;;;;;;;;;;;;;;;;;;;;;;;;;;;;;;;;;;;;;;;;;;;;;;;;;;;;;;;;;;;;;;;;;;;;;;;;;;;;;
5.100;;;;;;;;;;;;;;;;;;;;;;;;;;;;;;;;;;;;;;;;;;;;;;;;;;;;;;;;;;;;;;;;;;;;;;;;;;;;;;;;;;;;;;;;;;;;;;;;;;;;;;;;;;;;;;;;;;;;;;;;;;;;;;;;;;;;;;;;;;;;;;
5.000;;;;;;;;;;;;;;;;;;;;;;;;;;;;;;;;;;;;;;;;;;;;;;;;;;;;;;;;;;;;;;;;;;;;;;;;;;;;;;;;;;;;;;;;;;;;;;;;;;;;;;;;;;;;;;;;;;;;;;;;;;;;;;;;;;;;;;;;;;;;;;
4.900;;;;;;;;;;;;;;;;;;;;;;;;;;;;;;;;;;;;;;;;;;;;;;;;;;;;;;;;;;;;;;;;;;;;;;;;;;;;;;;;;;;;;;;;;;;;;;;;;;;;;;;;;;;;;;;;;;;;;;;;;;;;;;;;;;;;;;;;;;;;;;
4.800;;;;;;;;;;;;;;;;;;;;;;;;;;;;;;;;;;;;;;;;;;;;;;;;;;;;;;;;;;;;;;;;;;;;;;;;;;;;;;;;;;;;;;;;;;;;;;;;;;;;;;;;;;;;;;;;;;;;;;;;;;;;;;;;;;;;;;;;;;;;;;
4.700;;;;;;;;;;;;;;;;;;;;;;;;;;;;;;;;;;;;;;;;;;;;;;;;;;;;;;;;;;;;;;;;;;;;;;;;;;;;;;;;;;;;;;;;;;;;;;;;;;;;;;;;;;;;;;;;;;;;;;;;;;;;;;;;;;;;;;;;;;;;;;
4.600;;;;;;;;;;;;;;;;;;;;;;;;;;;;;;;;;;;;;;;;;;;;;;;;;;;;;;;;;;;;;;;;;;;;;;;;;;;;;;;;;;;;;;;;;;;;;;;;;;;;;;;;;;;;;;;;;;;;;;;;;;;;;;;;;;;;;;;;;;;;;;
4.500;;;;;;;;;;;;;;;;;;;;;;;;;;;;;;;;;;;;;;;;;;;;;;;;;;;;;;;;;;;;;;;;;;;;;;;;;;;;;;;;;;;;;;;;;;;;;;;;;;;;;;;;;;;;;;;;;;;;;;;;;;;;;;;;;;;;;;;;;;;;;;
4.400;;;;;;;;;;;;;;;;;;;;;;;;;;;;;;;;;;;;;;;;;;;;;;;;;;;;;;;;;;;;;;;;;;;;;;;;;;;;;;;;;;;;;;;;;;;;;;;;;;;;;;;;;;;;;;;;;;;;;;;;;;;;;;;;;;;;;;;;;;;;;;
4.300;;;;;;;;;;;;;;;;;;;;;;;;;;;;;;;;;;;;;;;;;;;;;;;;;;;;;;;;;;;;;;;;;;;;;;;;;;;;;;;;;;;;;;;;;;;;;;;;;;;;;;;;;;;;;;;;;;;;;;;;;;;;;;;;;;;;;;;;;;;;;;
4.200;;;;;;;;;;;;;;;;;;;;;;;;;;;;;;;;;;;;;;;;;;;;;;;;;;;;;;;;;;;;;;;;;;;;;;;;;;;;;;;;;;;;;;;;;;;;;;;;;;;;;;;;;;;;;;;;;;;;;;;;;;;;;;;;;;;;;;;;;;;;;;
4.100;;;;;;;;;;;;;;;;;;;;;;;;;;;;;;;;;;;;;;;;;;;;;;;;;;;;;;;;;;;;;;;;;;;;;;;;;;;;;;;;;;;;;;;;;;;;;;;;;;;;;;;;;;;;;;;;;;;;;;;;;;;;;;;;;;;;;;;;;;;;;;
4.000;;;;;;;;;;;;;;;;;;;;;;;;;;;;;;;;;;;;;;;;;;;;;;;;;;;;;;;;;;;;;;;;;;;;;;;;;;;;;;;;;;;;;;;;;;;;;;;;;;;;;;;;;;;;;;;;;;;;;;;;;;;;;;;;;;;;;;;;;;;;;;
3.900;;;;;;;;;;;;;;;;;;;;;;;;;;;;;;;;;;;;;;;;;;;;;;;;;;;;;;;;;;;;;;;;;;;;;;;;;;;;;;;;;;;;;;;;;;;;;;;;;;;;;;;;;;;;;;;;;;;;;;;;;;;;;;;;;;;;;;;;;;;;;;
3.800;;;;;;;;;;;;;;;;;;;;;;;;;;;;;;;;;;;;;;;;;;;;;;;;;;;;;;;;;;;;;;;;;;;;;;;;;;;;;;;;;;;;;;;;;;;;;;;;;;;;;;;;;;;;;;;;;;;;;;;;;;;;;;;;;;;;;;;;;;;;;;
3.700;;;;;;;;;;;;;;;;;;;;;;;;;;;;;;;;;;;;;;;;;;;;;;;;;;;;;;1604;1570;1538;1507;1479;1454;1430;1409;1390;1374;1359;1347;;;;;;;;;;;;;;;;;;;;;;;;;;;;;;;;;;;;;;;;;;;;;;;;;;;;;;;;;;;;;;;;;;;;;;;;;;;;;
3.600;;;;;;;;;;;;;;;;;;;;;;;;;;;;;;;;;;;;;;;;;;;;;;;;;1734;1689;1646;1605;1567;1530;1496;1464;1434;1407;1381;1358;1337;1319;1302;1288;1276;1266;1258;1252;1248;1246;;;;;;;;;;;;;;;;;;;;;;;;;;;;;;;;;;;;;;;;;;;;;;;;;;;;;;;;;;;;;;;;;;;;;;;;
3.500;;;;;;;;;;;;;;;;;;;;;;;;;;;;;;;;;;;;;;;;;;;;;;1807;1756;1707;1660;1615;1573;1532;1494;1458;1424;1392;1363;1336;1311;1288;1267;1249;1233;1219;1207;1197;1190;1184;1180;1178;1178;1180;1183;1189;;;;;;;;;;;;;;;;;;;;;;;;;;;;;;;;;;;;;;;;;;;;;;;;;;;;;;;;;;;;;;;;;;;;
3.400;;;;;;;;;;;;;;;;;;;;;;;;;;;;;;;;;;;;;;;;;;;1899;1842;1787;1734;1683;1635;1588;1544;1501;1461;1423;1387;1354;1322;1293;1266;1242;1219;1199;1181;1165;1152;1140;1131;1123;1118;1114;1112;1112;1114;1118;1123;1130;1138;;;;;;;;;;;;;;;;;;;;;;;;;;;;;;;;;;;;;;;;;;;;;;;;;;;;;;;;;;;;;;;;;;
3.300;;;;;;;;;;;;;;;;;;;;;;;;;;;;;;;;;;;;;;;;;1948;1887;1828;1771;1716;1663;1613;1564;1518;1473;1431;1392;1354;1318;1285;1254;1226;1199;1175;1153;1133;1115;1100;1087;1075;1066;1059;1053;1050;1048;1048;1050;1054;1059;1066;1075;1085;1096;1110;;;;;;;;;;;;;;;;;;;;;;;;;;;;;;;;;;;;;;;;;;;;;;;;;;;;;;;;;;;;;;;
3.200;;;;;;;;;;;;;;;;;;;;;;;;;;;;;;;;;;;;;;;2009;1943;1879;1818;1758;1701;1647;1594;1543;1495;1449;1405;1363;1324;1287;1252;1219;1188;1160;1134;1110;1088;1069;1052;1036;1023;1012;1003;996;991;988;986;986;989;992;998;1005;1013;1023;1035;1048;1063;1079;;;;;;;;;;;;;;;;;;;;;;;;;;;;;;;;;;;;;;;;;;;;;;;;;;;;;;;;;;;;;
3.100;;;;;;;;;;;;;;;;;;;;;;;;;;;;;;;;;;;;;;2010;1942;1875;1812;1750;1691;1634;1579;1527;1476;1428;1382;1339;1298;1258;1221;1187;1154;1124;1096;1071;1047;1026;1007;990;975;962;951;942;936;931;927;926;927;929;932;938;945;954;964;975;989;1003;1019;1037;1056;;;;;;;;;;;;;;;;;;;;;;;;;;;;;;;;;;;;;;;;;;;;;;;;;;;;;;;;;;;
3.000;;;;;;;;;;;;;;;;;;;;;;;;;;;;;;;;;;;;2090;2016;1945;1876;1809;1746;1684;1625;1568;1513;1461;1411;1363;1318;1275;1234;1195;1158;1124;1092;1062;1035;1009;986;965;947;930;915;903;892;884;877;872;869;868;869;871;875;880;887;896;906;918;931;946;962;980;999;1020;1042;;;;;;;;;;;;;;;;;;;;;;;;;;;;;;;;;;;;;;;;;;;;;;;;;;;;;;;;;
2.900;;;;;;;;;;;;;;;;;;;;;;;;;;;;;;;;;;;2104;2027;1952;1881;1812;1745;1681;1620;1561;1504;1450;1398;1348;1301;1255;1213;1172;1134;1097;1064;1032;1002;975;950;928;907;888;872;858;845;835;827;820;816;813;812;812;815;819;824;832;840;851;862;876;890;907;924;944;965;987;1011;1037;;;;;;;;;;;;;;;;;;;;;;;;;;;;;;;;;;;;;;;;;;;;;;;;;;;;;;;
2.800;;;;;;;;;;;;;;;;;;;;;;;;;;;;;;;;;;2122;2042;1965;1890;1819;1750;1683;1619;1558;1499;1442;1388;1337;1287;1240;1195;1153;1112;1074;1039;1005;974;945;918;893;871;851;832;816;802;790;780;772;766;761;759;758;758;761;765;771;778;787;797;809;822;837;853;871;890;911;934;958;984;1011;;;;;;;;;;;;;;;;;;;;;;;;;;;;;;;;;;;;;;;;;;;;;;;;;;;;;;
2.700;;;;;;;;;;;;;;;;;;;;;;;;;;;;;;;;2232;2146;2062;1982;1904;1830;1758;1689;1623;1559;1498;1439;1383;1329;1277;1228;1182;1137;1095;1055;1017;982;949;918;889;863;839;816;796;778;763;749;737;727;719;713;709;706;705;706;709;713;719;726;735;745;757;770;785;802;819;839;860;882;907;933;960;990;1021;;;;;;;;;;;;;;;;;;;;;;;;;;;;;;;;;;;;;;;;;;;;;;;;;;;;
2.600;;;;;;;;;;;;;;;;;;;;;;;;;;;;;;;2265;2175;2088;2004;1923;1846;1771;1700;1631;1564;1501;1440;1381;1325;1272;1221;1172;1125;1081;1039;1000;963;928;895;864;836;810;786;764;744;727;711;697;686;676;668;662;658;656;655;656;659;663;669;676;685;695;707;721;735;752;770;789;810;833;858;884;911;941;972;1006;;;;;;;;;;;;;;;;;;;;;;;;;;;;;;;;;;;;;;;;;;;;;;;;;;;
2.500;;;;;;;;;;;;;;;;;;;;;;;;;;;;;;2302;2208;2118;2031;1947;1867;1789;1715;1643;1574;1508;1445;1384;1326;1270;1217;1166;1118;1072;1028;986;947;910;876;843;813;785;759;735;714;694;677;662;648;637;627;619;614;609;607;607;608;610;615;620;628;637;647;659;673;688;704;722;742;763;786;810;836;864;894;925;959;994;;;;;;;;;;;;;;;;;;;;;;;;;;;;;;;;;;;;;;;;;;;;;;;;;;
2.400;;;;;;;;;;;;;;;;;;;;;;;;;;;;;2345;2248;2154;2063;1976;1892;1812;1734;1660;1589;1520;1454;1391;1331;1273;1217;1164;1114;1066;1020;977;935;897;860;826;794;764;736;710;687;666;646;629;614;601;590;580;573;567;563;561;560;561;564;568;574;582;591;601;613;627;642;658;677;696;717;740;765;791;819;849;881;914;950;987;;;;;;;;;;;;;;;;;;;;;;;;;;;;;;;;;;;;;;;;;;;;;;;;;
2.300;;;;;;;;;;;;;;;;;;;;;;;;;;;;;2292;2194;2101;2010;1923;1839;1759;1682;1607;1536;1468;1402;1339;1279;1222;1167;1114;1064;1016;971;928;887;848;812;778;746;717;689;664;641;620;601;584;569;556;544;535;528;522;518;516;515;517;519;524;530;537;546;557;569;583;598;614;633;652;674;697;722;748;776;806;838;871;907;945;984;1026;;;;;;;;;;;;;;;;;;;;;;;;;;;;;;;;;;;;;;;;;;;;;;;
2.200;;;;;;;;;;;;;;;;;;;;;;;;;;;;2341;2240;2143;2049;1958;1872;1788;1708;1631;1557;1486;1418;1353;1290;1230;1173;1118;1066;1016;969;924;881;841;802;767;733;701;672;645;620;597;576;557;540;525;512;501;492;485;479;475;473;473;474;477;481;487;495;504;514;527;540;555;572;591;611;632;655;680;707;735;765;797;831;866;904;944;986;1030;;;;;;;;;;;;;;;;;;;;;;;;;;;;;;;;;;;;;;;;;;;;;;
2.100;;;;;;;;;;;;;;;;;;;;;;;;;;;2396;2291;2190;2093;1999;1909;1822;1739;1659;1582;1508;1438;1370;1305;1243;1184;1127;1072;1020;971;924;879;837;797;759;723;690;659;629;603;578;555;534;515;499;484;471;460;451;444;438;434;432;432;433;436;440;446;454;463;474;486;500;515;532;550;570;592;615;640;667;696;726;758;792;828;866;905;947;992;1038;;;;;;;;;;;;;;;;;;;;;;;;;;;;;;;;;;;;;;;;;;;;;
2.000;;;;;;;;;;;;;;;;;;;;;;;;;;2455;2347;2242;2141;2044;1951;1861;1774;1691;1612;1535;1462;1392;1325;1260;1198;1139;1083;1029;977;928;881;837;795;755;717;682;649;618;589;562;538;515;495;476;459;445;432;421;412;405;399;395;393;393;394;397;402;408;415;424;435;447;461;477;493;512;532;554;577;603;629;658;688;721;755;791;829;869;911;955;1002;1050;;;;;;;;;;;;;;;;;;;;;;;;;;;;;;;;;;;;;;;;;;;;
1.900;;;;;;;;;;;;;;;;;;;;;;;;;;2408;2300;2195;2095;1998;1904;1815;1729;1646;1567;1491;1418;1348;1281;1217;1156;1097;1041;987;936;887;841;797;755;716;678;643;610;579;551;524;500;477;457;438;422;407;395;384;375;368;362;358;356;356;357;360;365;371;378;387;398;410;424;440;457;475;496;518;541;566;594;622;653;685;720;756;794;834;876;921;967;1016;;;;;;;;;;;;;;;;;;;;;;;;;;;;;;;;;;;;;;;;;;;;
1.800;;;;;;;;;;;;;;;;;;;;;;;;;2473;2362;2254;2150;2049;1953;1860;1771;1685;1603;1524;1449;1376;1307;1240;1177;1116;1057;1002;948;897;849;803;759;718;678;641;606;574;543;515;488;464;442;421;403;387;372;359;349;340;332;327;323;321;321;322;325;329;335;343;352;363;375;389;405;422;441;461;483;507;532;559;588;619;652;686;723;761;801;844;888;934;983;1034;;;;;;;;;;;;;;;;;;;;;;;;;;;;;;;;;;;;;;;;;;;
1.700;;;;;;;;;;;;;;;;;;;;;;;;;2429;2317;2210;2106;2006;1910;1818;1729;1644;1562;1484;1409;1337;1268;1202;1138;1078;1020;964;912;861;813;767;724;682;643;607;572;539;509;481;454;430;408;388;370;353;339;326;315;306;299;294;290;288;287;289;292;296;302;310;319;330;342;356;372;389;408;428;450;474;500;527;556;587;620;655;691;730;770;813;857;904;952;1003;1056;;;;;;;;;;;;;;;;;;;;;;;;;;;;;;;;;;;;;;;;;;
1.600;;;;;;;;;;;;;;;;;;;;;;;;2500;2386;2275;2168;2064;1965;1869;1777;1689;1604;1523;1445;1371;1299;1231;1165;1102;1042;985;930;877;827;779;734;690;649;611;574;539;507;477;449;423;399;376;356;338;322;307;295;284;275;268;262;259;256;256;257;260;264;270;278;287;298;311;325;340;358;377;397;419;443;469;497;526;557;590;625;662;700;741;783;828;875;923;974;1027;1082;;;;;;;;;;;;;;;;;;;;;;;;;;;;;;;;;;;;;;;;;
1.500;;;;;;;;;;;;;;;;;;;;;;;;2459;2344;2234;2127;2024;1925;1830;1739;1651;1567;1486;1409;1335;1264;1196;1131;1069;1009;952;897;845;795;747;702;659;618;580;543;509;477;447;419;393;369;347;327;309;292;278;265;255;246;238;233;229;227;226;228;230;235;241;248;258;269;281;295;311;328;347;368;390;414;440;468;497;529;562;597;634;672;713;756;801;847;896;947;1000;1055;;;;;;;;;;;;;;;;;;;;;;;;;;;;;;;;;;;;;;;;;
1.400;;;;;;;;;;;;;;;;;;;;;;;2536;2419;2305;2195;2089;1986;1888;1793;1703;1616;1532;1452;1375;1302;1231;1164;1099;1037;978;921;866;815;765;718;673;630;590;551;515;481;449;419;391;365;341;319;299;281;265;250;238;227;218;211;205;201;199;199;200;203;207;213;221;230;241;253;267;283;300;320;340;363;387;413;441;471;502;535;570;607;646;687;730;775;822;870;921;974;1029;1086;;;;;;;;;;;;;;;;;;;;;;;;;;;;;;;;;;;;;;;;
1.300;;;;;;;;;;;;;;;;;;;;;;;2498;2381;2268;2158;2052;1951;1853;1759;1669;1582;1499;1420;1344;1271;1201;1134;1069;1008;949;892;838;787;737;690;646;603;563;525;489;455;423;393;365;339;315;293;273;255;239;225;212;201;192;185;179;175;173;173;174;176;181;187;194;204;215;227;241;257;275;294;315;337;362;388;416;445;477;510;546;583;622;663;706;751;798;847;897;950;1005;1062;1121;;;;;;;;;;;;;;;;;;;;;;;;;;;;;;;;;;;;;;;
1.200;;;;;;;;;;;;;;;;;;;;;;2581;2462;2345;2232;2123;2018;1917;1820;1726;1637;1551;1469;1390;1314;1242;1172;1106;1042;981;922;866;812;761;712;665;621;578;538;500;464;430;399;369;341;315;292;270;250;231;215;201;188;177;168;161;155;151;149;149;150;152;157;163;170;179;190;203;217;233;250;270;291;313;338;364;392;422;454;487;523;560;599;640;683;728;775;824;875;928;983;1040;1098;;;;;;;;;;;;;;;;;;;;;;;;;;;;;;;;;;;;;;;
1.100;;;;;;;;;;;;;;;;;;;;;;2547;2427;2311;2199;2090;1986;1885;1789;1696;1607;1522;1440;1362;1287;1215;1146;1080;1016;956;897;842;788;737;688;642;598;556;516;478;442;408;377;347;319;293;270;248;228;210;193;179;166;155;146;139;133;129;127;126;127;130;134;140;148;157;168;180;195;211;228;247;268;291;316;342;370;400;432;466;502;539;578;620;663;708;755;804;854;907;962;1019;1077;1138;;;;;;;;;;;;;;;;;;;;;;;;;;;;;;;;;;;;;;
1.000;;;;;;;;;;;;;;;;;;;;;;2514;2395;2279;2168;2060;1956;1856;1760;1668;1580;1496;1414;1337;1262;1191;1122;1056;993;933;875;819;766;716;667;621;577;535;495;457;422;388;356;327;299;273;250;228;208;190;173;159;146;135;126;119;113;109;106;106;107;109;114;120;127;136;147;160;174;190;208;227;248;271;296;322;350;381;412;446;482;520;559;600;644;689;736;785;835;888;943;1000;1058;1119;;;;;;;;;;;;;;;;;;;;;;;;;;;;;;;;;;;;;;
0.900;;;;;;;;;;;;;;;;;;;;;2606;2484;2365;2250;2139;2032;1928;1829;1734;1643;1555;1471;1391;1313;1239;1168;1100;1035;972;912;855;799;747;696;648;602;558;516;476;439;403;370;338;308;281;255;231;210;190;171;155;141;128;117;108;100;94;90;88;87;88;91;95;101;108;118;128;141;155;171;189;208;230;252;277;304;332;362;394;428;464;502;541;583;626;671;718;767;818;871;925;982;1040;1101;1163;;;;;;;;;;;;;;;;;;;;;;;;;;;;;;;;;;;;;
0.800;;;;;;;;;;;;;;;;;;;;;2578;2456;2338;2223;2112;2006;1903;1805;1710;1620;1533;1449;1369;1292;1219;1148;1081;1016;953;894;836;781;729;679;631;585;541;499;460;422;387;353;322;292;265;239;215;193;173;155;139;124;111;100;91;84;78;74;71;70;71;74;78;84;91;101;111;124;138;154;172;191;213;236;261;287;316;346;378;412;448;486;525;567;610;655;702;751;802;855;910;966;1024;1085;1147;;;;;;;;;;;;;;;;;;;;;;;;;;;;;;;;;;;;;
0.700;;;;;;;;;;;;;;;;;;;;;2552;2430;2313;2198;2088;1982;1881;1783;1689;1599;1512;1429;1350;1274;1201;1130;1063;999;937;877;820;766;713;663;615;570;526;484;445;407;372;339;307;278;250;224;201;179;159;140;124;110;97;86;76;69;63;59;56;55;56;59;63;69;76;85;96;109;123;139;157;176;198;221;246;272;301;331;363;397;433;471;511;552;596;641;688;737;788;841;895;951;1010;1070;1132;;;;;;;;;;;;;;;;;;;;;;;;;;;;;;;;;;;;;
0.600;;;;;;;;;;;;;;;;;;;;;2529;2407;2290;2177;2067;1962;1860;1763;1670;1580;1494;1412;1333;1257;1185;1115;1048;984;922;863;806;752;700;650;602;556;513;471;432;395;359;326;294;265;237;212;188;166;146;128;111;97;84;73;63;56;50;46;43;42;43;45;49;55;63;72;83;95;110;126;144;163;184;207;232;259;288;318;350;385;421;458;498;540;583;628;675;724;775;828;882;939;997;1057;1119;1183;;;;;;;;;;;;;;;;;;;;;;;;;;;;;;;;;;;;
0.500;;;;;;;;;;;;;;;;;;;;2632;2508;2387;2270;2157;2048;1943;1843;1746;1653;1564;1479;1397;1318;1243;1171;1101;1035;971;909;851;794;740;688;638;591;545;502;460;421;384;348;315;284;254;227;201;177;155;135;117;100;86;73;62;52;45;39;34;32;31;31;34;38;44;51;60;71;84;98;114;132;152;173;196;221;248;276;307;339;373;409;447;487;529;572;617;664;713;764;817;871;927;985;1045;1107;1171;;;;;;;;;;;;;;;;;;;;;;;;;;;;;;;;;;;;
0.400;;;;;;;;;;;;;;;;;;;;2614;2490;2370;2253;2140;2032;1928;1827;1731;1639;1550;1466;1384;1306;1231;1159;1090;1024;960;899;840;784;730;678;629;581;536;493;451;412;375;339;306;275;245;218;192;168;146;126;108;91;77;64;52;43;35;29;25;22;21;22;24;28;34;41;51;61;74;88;104;122;142;163;186;211;238;267;297;330;364;400;438;477;519;562;608;655;704;754;807;861;917;975;1035;1097;1160;;;;;;;;;;;;;;;;;;;;;;;;;;;;;;;;;;;;
0.300;;;;;;;;;;;;;;;;;;;;2599;2475;2355;2239;2127;2019;1915;1815;1719;1627;1539;1455;1374;1296;1221;1150;1081;1015;952;891;832;776;722;671;621;574;528;485;444;405;368;332;299;268;238;210;185;161;139;119;100;84;69;56;45;35;28;21;17;14;13;14;16;20;26;34;43;53;66;80;96;114;134;155;178;203;230;259;289;322;356;392;430;470;511;555;600;647;696;746;799;853;909;967;1027;1088;1152;;;;;;;;;;;;;;;;;;;;;;;;;;;;;;;;;;;;
0.200;;;;;;;;;;;;;;;;;;;;2586;2463;2343;2227;2115;2008;1904;1805;1710;1618;1531;1446;1366;1288;1214;1143;1074;1008;945;884;826;770;716;665;615;568;523;480;439;399;362;327;294;262;233;205;179;156;134;113;95;78;63;50;39;30;22;16;11;8;7;8;10;14;20;27;36;47;60;74;90;108;128;149;172;197;224;253;283;316;350;386;424;463;505;548;594;640;689;740;792;846;902;960;1020;1081;1144;1210;;;;;;;;;;;;;;;;;;;;;;;;;;;;;;;;;;;
0.100;;;;;;;;;;;;;;;;;;;;2577;2454;2334;2218;2107;2000;1897;1798;1703;1612;1524;1440;1360;1283;1209;1138;1069;1004;941;880;822;766;712;661;612;564;519;476;435;396;359;323;290;259;229;202;176;152;130;110;91;75;60;47;35;26;18;11;7;4;3;4;6;10;16;23;32;43;55;70;86;104;123;145;168;193;220;248;279;311;345;381;419;459;500;544;589;636;684;735;787;841;897;955;1014;1076;1139;1204;;;;;;;;;;;;;;;;;;;;;;;;;;;;;;;;;;;
0.000;;;;;;;;;;;;;;;;;;;;2570;2447;2328;2213;2102;1995;1892;1793;1698;1608;1521;1437;1357;1280;1206;1135;1067;1001;938;878;820;764;711;659;610;563;518;474;433;394;357;322;288;257;227;200;174;150;128;108;89;73;58;44;33;23;15;9;5;2;1;1;3;7;13;20;29;40;53;67;83;101;121;142;165;190;217;246;276;308;343;379;416;456;498;541;586;633;681;732;784;838;893;951;1010;1072;1135;1200;;;;;;;;;;;;;;;;;;;;;;;;;;;;;;;;;;;
-0.100;;;;;;;;;;;;;;;;;;;;2567;2444;2325;2210;2099;1992;1890;1791;1697;1606;1519;1436;1356;1279;1205;1134;1066;1001;938;878;820;764;711;659;610;563;518;475;433;394;357;322;289;257;228;200;174;150;128;108;89;72;57;44;33;23;15;9;4;1;0;1;3;7;12;20;29;39;52;66;82;100;120;141;164;189;216;245;275;308;342;378;415;455;496;539;584;631;680;730;782;836;891;949;1008;1069;1133;1198;;;;;;;;;;;;;;;;;;;;;;;;;;;;;;;;;;;
-0.200;;;;;;;;;;;;;;;;;;;;2567;2444;2325;2210;2099;1993;1890;1792;1698;1607;1521;1437;1357;1281;1207;1136;1068;1003;940;880;822;766;713;661;612;565;520;477;436;396;359;324;290;259;229;202;176;152;130;109;91;74;59;46;34;24;16;10;5;2;1;2;4;8;13;21;30;40;53;67;83;101;121;142;165;190;217;246;276;308;342;378;416;455;497;540;585;631;680;730;782;835;891;948;1008;1069;1132;1197;;;;;;;;;;;;;;;;;;;;;;;;;;;;;;;;;;;
-0.300;;;;;;;;;;;;;;;;;;;;2570;2447;2328;2213;2103;1996;1894;1796;1701;1611;1524;1441;1361;1285;1211;1140;1072;1007;944;884;826;770;717;665;616;569;524;481;439;400;363;328;294;263;233;205;179;155;133;113;94;77;62;49;37;27;19;13;8;5;4;4;7;11;16;23;32;43;56;70;86;104;123;145;168;193;220;248;278;311;345;381;418;458;499;542;587;633;681;731;783;837;892;950;1009;1070;1133;1198;;;;;;;;;;;;;;;;;;;;;;;;;;;;;;;;;;;
-0.400;;;;;;;;;;;;;;;;;;;;2576;2453;2335;2220;2109;2003;1900;1802;1708;1617;1531;1447;1368;1291;1217;1146;1078;1013;950;890;832;776;723;671;622;575;529;486;445;406;369;333;300;268;238;211;185;161;138;118;99;82;67;54;42;32;24;18;13;10;9;9;11;15;21;28;37;48;60;74;90;108;128;149;172;197;224;252;283;315;349;385;422;461;503;545;590;637;685;735;786;840;895;952;1011;1072;1136;1201;;;;;;;;;;;;;;;;;;;;;;;;;;;;;;;;;;;
-0.500;;;;;;;;;;;;;;;;;;;;2586;2463;2344;2229;2118;2012;1909;1811;1717;1626;1539;1456;1376;1299;1226;1155;1087;1021;958;898;840;784;730;679;630;582;537;494;453;413;376;341;307;275;246;218;192;168;145;125;106;89;74;61;49;39;31;24;20;16;15;16;18;21;27;34;43;54;66;81;97;114;134;155;178;203;230;258;289;321;355;390;428;467;508;551;595;642;690;740;791;845;900;957;1016;1077;1140;1205;;;;;;;;;;;;;;;;;;;;;;;;;;;;;;;;;;;
-0.600;;;;;;;;;;;;;;;;;;;;2598;2475;2356;2241;2130;2024;1921;1823;1728;1638;1551;1467;1387;1310;1236;1166;1097;1032;969;908;850;794;740;689;639;592;547;503;462;423;385;350;316;285;255;227;201;177;154;134;115;98;83;69;57;47;39;33;28;25;23;24;26;30;35;42;51;62;74;89;105;122;142;163;186;211;238;266;297;329;362;398;435;475;515;558;602;649;697;746;798;851;906;963;1022;1083;1146;1211;;;;;;;;;;;;;;;;;;;;;;;;;;;;;;;;;;;
-0.700;;;;;;;;;;;;;;;;;;;;2614;2491;2372;2256;2145;2039;1936;1837;1743;1652;1565;1481;1401;1324;1250;1178;1110;1044;981;920;862;806;752;701;651;604;558;515;473;434;397;361;327;296;266;238;212;187;165;144;125;108;93;79;68;58;49;43;38;35;33;34;36;39;45;52;61;72;84;98;114;132;152;173;196;221;247;276;306;338;372;407;445;484;524;567;611;657;705;755;806;859;914;971;1030;1091;1154;1219;;;;;;;;;;;;;;;;;;;;;;;;;;;;;;;;;;;
-0.800;;;;;;;;;;;;;;;;;;;;2632;2509;2390;2275;2163;2056;1954;1855;1760;1669;1581;1497;1417;1339;1265;1194;1125;1059;996;935;876;820;766;714;665;617;572;528;487;447;410;374;340;308;278;250;224;200;177;156;138;120;105;91;80;69;61;55;50;46;45;45;47;51;57;64;73;83;96;110;126;144;163;184;207;232;259;287;317;349;383;418;456;495;535;578;622;668;716;765;816;869;924;981;1040;1101;1164;1229;;;;;;;;;;;;;;;;;;;;;;;;;;;;;;;;;;;
-0.900;;;;;;;;;;;;;;;;;;;;2654;2531;2411;2296;2184;2077;1974;1875;1779;1688;1600;1516;1435;1357;1283;1211;1142;1076;1012;951;893;836;782;730;680;633;587;543;502;462;424;389;355;323;293;265;238;214;191;171;152;134;119;105;93;83;75;68;63;60;58;59;61;64;70;77;86;97;109;123;139;157;176;198;221;245;272;300;330;362;396;431;468;507;548;590;634;680;728;777;828;881;936;993;1052;1113;1176;1241;;;;;;;;;;;;;;;;;;;;;;;;;;;;;;;;;;;
-1.000;;;;;;;;;;;;;;;;;;;;2679;2555;2436;2320;2208;2101;1997;1897;1802;1710;1622;1537;1456;1378;1303;1231;1162;1095;1031;970;911;854;800;748;698;650;604;560;519;479;441;405;371;339;309;281;255;230;207;187;167;150;135;121;109;99;90;83;78;75;74;74;76;80;85;92;101;112;124;138;154;172;191;213;236;260;287;315;345;377;411;446;483;522;563;605;649;694;742;791;842;895;950;1007;1066;1126;1190;1255;;;;;;;;;;;;;;;;;;;;;;;;;;;;;;;;;;;
-1.100;;;;;;;;;;;;;;;;;;;;2706;2583;2463;2347;2235;2127;2023;1923;1827;1734;1646;1561;1479;1400;1325;1253;1183;1116;1052;990;931;874;820;767;717;669;623;579;538;498;460;424;390;358;328;299;273;248;225;204;185;168;152;138;126;116;107;101;96;92;91;91;93;96;102;109;118;129;141;155;171;189;208;229;252;277;304;332;362;394;427;463;500;538;579;621;665;711;758;807;858;911;966;1022;1081;1142;1205;1271;;;;;;;;;;;;;;;;;;;;;;;;;;;;;;;;;;;
-1.200;;;;;;;;;;;;;;;;;;;;2737;2613;2493;2377;2264;2156;2051;1951;1854;1762;1672;1587;1504;1426;1350;1277;1207;1140;1075;1013;954;897;842;789;739;691;644;600;558;518;480;444;410;378;348;319;293;268;245;224;205;187;171;157;145;135;126;119;114;111;109;110;111;115;120;128;136;147;159;174;190;207;227;248;271;296;322;351;381;413;446;481;518;557;597;639;683;729;776;825;876;929;983;1040;1099;1160;1223;1289;;;;;;;;;;;;;;;;;;;;;;;;;;;;;;;;;;;
-1.300;;;;;;;;;;;;;;;;;;;;;2646;2526;2409;2297;2188;2083;1982;1885;1791;1701;1615;1532;1453;1377;1303;1233;1165;1100;1038;978;921;866;813;762;714;668;623;581;541;503;467;432;400;369;341;314;289;266;245;226;208;192;178;166;156;147;140;135;132;130;130;132;135;141;148;157;167;180;194;210;228;247;269;292;316;343;371;401;433;466;502;539;577;617;659;703;749;796;845;896;948;1003;1060;1118;1179;1243;1308;;;;;;;;;;;;;;;;;;;;;;;;;;;;;;;;;;;
-1.400;;;;;;;;;;;;;;;;;;;;;2682;2562;2445;2332;2222;2117;2015;1917;1823;1733;1646;1563;1483;1406;1332;1261;1193;1128;1065;1005;947;892;839;788;739;693;648;606;565;527;491;456;424;393;365;338;313;290;268;249;231;215;201;189;178;170;163;157;154;152;152;154;158;163;170;179;190;202;216;232;250;269;291;314;339;365;394;424;455;489;524;561;599;640;682;725;771;818;867;918;970;1025;1081;1140;1201;1265;;;;;;;;;;;;;;;;;;;;;;;;;;;;;;;;;;;;
-1.500;;;;;;;;;;;;;;;;;;;;;2720;2600;2483;2369;2259;2153;2051;1953;1858;1767;1680;1596;1515;1438;1363;1292;1223;1157;1094;1034;976;920;866;815;766;720;675;632;592;553;517;482;450;419;390;363;338;315;293;274;256;240;226;213;203;194;187;181;178;176;176;178;181;187;194;203;213;226;240;256;274;294;315;338;363;389;418;448;480;513;548;585;624;664;706;749;795;842;891;942;994;1049;1105;1164;1225;1288;;;;;;;;;;;;;;;;;;;;;;;;;;;;;;;;;;;;
-1.600;;;;;;;;;;;;;;;;;;;;;2761;2641;2523;2410;2299;2193;2090;1991;1896;1804;1716;1631;1550;1472;1397;1325;1256;1189;1126;1065;1006;950;896;845;796;749;704;661;620;582;545;510;477;447;418;390;365;342;320;301;283;266;252;240;229;220;213;207;204;202;202;204;207;212;220;228;239;252;266;282;300;319;341;364;389;416;444;474;506;539;575;611;650;690;732;776;821;868;917;968;1020;1075;1131;1190;1251;1315;;;;;;;;;;;;;;;;;;;;;;;;;;;;;;;;;;;;
-1.700;;;;;;;;;;;;;;;;;;;;;;2684;2567;2452;2342;2235;2131;2031;1935;1843;1754;1669;1587;1508;1432;1360;1290;1223;1159;1098;1039;982;928;877;827;780;735;692;651;612;575;540;507;476;447;420;394;371;349;329;311;295;280;268;257;248;241;235;231;230;229;231;235;240;247;256;267;279;293;310;327;347;369;392;417;444;472;502;534;568;603;640;678;718;760;804;849;896;945;996;1048;1103;1159;1218;1279;;;;;;;;;;;;;;;;;;;;;;;;;;;;;;;;;;;;;
-1.800;;;;;;;;;;;;;;;;;;;;;;2730;2612;2498;2387;2279;2175;2075;1978;1885;1795;1709;1626;1547;1471;1397;1327;1260;1195;1133;1074;1017;962;910;861;813;768;724;683;644;607;572;539;508;478;451;425;402;380;360;341;325;310;298;287;278;270;265;261;259;259;260;264;269;276;285;296;309;323;339;357;377;398;422;447;474;502;532;564;598;633;670;709;749;791;834;880;927;976;1026;1079;1133;1190;1249;1310;;;;;;;;;;;;;;;;;;;;;;;;;;;;;;;;;;;;;
-1.900;;;;;;;;;;;;;;;;;;;;;;2778;2660;2546;2434;2326;2221;2120;2023;1929;1839;1752;1668;1588;1511;1437;1366;1298;1233;1171;1111;1054;999;946;896;848;803;759;718;678;641;606;572;541;511;484;458;434;412;392;374;357;342;330;318;309;302;296;292;290;290;292;295;300;307;316;327;340;354;370;389;408;430;453;479;505;534;564;596;630;665;702;741;781;823;867;912;959;1008;1059;1111;1166;1222;1281;1342;;;;;;;;;;;;;;;;;;;;;;;;;;;;;;;;;;;;;
-2.000;;;;;;;;;;;;;;;;;;;;;;;2711;2596;2484;2376;2270;2169;2070;1976;1885;1797;1713;1632;1554;1479;1408;1339;1274;1211;1150;1092;1037;984;934;886;840;796;754;715;677;642;608;576;547;519;493;469;447;426;408;391;376;363;352;343;335;329;325;323;323;325;328;333;340;349;360;373;387;404;422;442;464;487;512;539;568;599;631;665;700;737;776;816;858;902;947;994;1043;1093;1146;1200;1257;1316;;;;;;;;;;;;;;;;;;;;;;;;;;;;;;;;;;;;;;
-2.100;;;;;;;;;;;;;;;;;;;;;;;2764;2649;2537;2428;2322;2219;2120;2025;1933;1845;1759;1678;1599;1524;1452;1383;1316;1253;1192;1134;1078;1025;974;925;879;835;793;753;715;679;646;614;584;556;530;506;483;463;444;427;412;399;387;378;370;364;360;358;358;359;363;368;375;384;395;408;423;439;457;477;499;523;548;575;604;635;667;701;737;774;813;853;895;939;984;1031;1080;1131;1183;1237;1294;1353;;;;;;;;;;;;;;;;;;;;;;;;;;;;;;;;;;;;;;
-2.200;;;;;;;;;;;;;;;;;;;;;;;;2704;2592;2482;2376;2273;2173;2077;1984;1895;1809;1726;1647;1571;1498;1428;1361;1297;1236;1177;1121;1067;1016;967;920;876;834;794;755;719;685;653;623;595;569;544;522;501;482;465;450;436;425;415;407;401;397;395;395;396;400;405;412;421;432;445;460;476;494;515;537;561;586;613;642;673;706;740;775;813;851;892;934;978;1023;1070;1119;1170;1222;1277;1333;1392;;;;;;;;;;;;;;;;;;;;;;;;;;;;;;;;;;;;;;
-2.300;;;;;;;;;;;;;;;;;;;;;;;;2761;2649;2539;2432;2329;2228;2131;2038;1947;1861;1777;1697;1621;1547;1476;1409;1344;1282;1223;1166;1112;1060;1011;964;919;877;836;798;762;727;695;665;636;610;585;562;541;522;505;489;476;464;454;447;440;436;434;434;435;438;444;451;460;471;484;499;515;534;554;576;600;626;653;683;714;746;780;816;854;893;933;975;1019;1065;1112;1161;1211;1264;1318;1375;;;;;;;;;;;;;;;;;;;;;;;;;;;;;;;;;;;;;;;
-2.400;;;;;;;;;;;;;;;;;;;;;;;;;2708;2598;2491;2387;2286;2188;2094;2003;1915;1831;1750;1672;1598;1527;1458;1393;1331;1271;1214;1159;1107;1057;1010;965;922;881;842;806;771;739;708;679;653;628;605;584;564;547;531;518;506;496;488;481;477;475;474;476;479;484;492;501;512;525;540;556;575;596;618;642;668;696;725;756;789;823;859;897;936;977;1019;1063;1108;1155;1204;1255;1307;1362;;;;;;;;;;;;;;;;;;;;;;;;;;;;;;;;;;;;;;;;
-2.500;;;;;;;;;;;;;;;;;;;;;;;;;2770;2660;2552;2448;2346;2248;2152;2061;1972;1887;1805;1727;1652;1580;1511;1445;1382;1321;1264;1208;1156;1106;1058;1013;969;928;889;852;818;785;754;725;698;673;649;628;608;591;575;561;549;539;531;524;520;518;517;518;522;527;534;544;555;568;583;600;618;639;662;686;712;740;769;801;834;868;904;942;981;1022;1065;1109;1154;1201;1250;1301;1353;1408;;;;;;;;;;;;;;;;;;;;;;;;;;;;;;;;;;;;;;;;
-2.600;;;;;;;;;;;;;;;;;;;;;;;;;;2724;2616;2511;2409;2310;2214;2121;2032;1946;1863;1784;1708;1635;1566;1499;1435;1374;1316;1260;1207;1157;1109;1063;1019;978;938;901;866;833;802;773;745;720;696;675;655;637;621;607;595;584;576;570;565;563;562;563;567;572;579;588;600;613;628;645;664;685;707;732;758;786;816;847;881;915;952;990;1029;1070;1112;1156;1202;1249;1298;1349;1401;;;;;;;;;;;;;;;;;;;;;;;;;;;;;;;;;;;;;;;;;
-2.700;;;;;;;;;;;;;;;;;;;;;;;;;;2790;2682;2577;2474;2374;2277;2184;2094;2007;1924;1844;1767;1693;1623;1556;1491;1430;1371;1315;1261;1210;1161;1115;1071;1029;990;952;917;883;852;822;795;769;745;724;704;685;669;655;642;632;623;617;612;610;609;610;613;619;626;635;647;660;675;692;711;732;755;780;806;835;865;896;930;965;1001;1039;1079;1120;1162;1207;1252;1299;1348;1399;1451;;;;;;;;;;;;;;;;;;;;;;;;;;;;;;;;;;;;;;;;;
-2.800;;;;;;;;;;;;;;;;;;;;;;;;;;;2751;2645;2542;2441;2344;2250;2159;2071;1987;1906;1829;1754;1683;1615;1550;1488;1428;1371;1317;1266;1217;1170;1126;1084;1044;1006;970;936;904;875;847;821;797;775;754;736;720;705;692;682;673;666;662;659;658;659;662;668;675;684;696;709;724;742;761;782;805;830;857;885;916;947;981;1016;1053;1091;1131;1172;1215;1259;1304;1352;1400;1451;;;;;;;;;;;;;;;;;;;;;;;;;;;;;;;;;;;;;;;;;;
-2.900;;;;;;;;;;;;;;;;;;;;;;;;;;;;2715;2612;2511;2413;2318;2226;2138;2053;1971;1893;1818;1746;1677;1611;1548;1488;1431;1376;1324;1275;1228;1183;1140;1100;1062;1026;992;959;929;901;875;851;828;808;789;772;758;745;734;725;718;713;710;709;711;714;719;726;736;747;761;776;793;813;834;857;883;909;938;969;1001;1034;1070;1106;1145;1185;1226;1269;1313;1359;1406;1455;;;;;;;;;;;;;;;;;;;;;;;;;;;;;;;;;;;;;;;;;;;
-3.000;;;;;;;;;;;;;;;;;;;;;;;;;;;;;2684;2583;2485;2389;2297;2207;2122;2039;1960;1884;1811;1741;1675;1611;1551;1493;1438;1385;1335;1288;1243;1200;1159;1120;1084;1049;1017;986;958;931;907;884;863;844;827;812;799;788;779;772;767;764;763;764;767;772;780;789;801;814;830;847;867;888;912;937;964;993;1024;1056;1090;1125;1162;1201;1241;1282;1325;1369;1415;1462;1511;;;;;;;;;;;;;;;;;;;;;;;;;;;;;;;;;;;;;;;;;;;
-3.100;;;;;;;;;;;;;;;;;;;;;;;;;;;;;2759;2658;2559;2463;2369;2280;2193;2109;2029;1953;1879;1809;1742;1677;1616;1558;1502;1449;1398;1350;1305;1261;1220;1181;1144;1110;1077;1046;1017;990;965;942;921;902;885;870;856;845;836;828;823;820;819;820;823;828;836;845;856;870;886;903;923;945;968;994;1021;1050;1081;1113;1147;1183;1220;1259;1299;1340;1383;1427;1473;1520;;;;;;;;;;;;;;;;;;;;;;;;;;;;;;;;;;;;;;;;;;;;
-3.200;;;;;;;;;;;;;;;;;;;;;;;;;;;;;;2735;2636;2539;2445;2354;2267;2183;2102;2024;1950;1879;1811;1746;1684;1625;1569;1515;1464;1416;1370;1326;1284;1245;1208;1173;1139;1108;1079;1052;1027;1003;982;962;945;929;916;904;895;887;882;879;877;878;881;886;894;903;915;928;944;962;981;1003;1027;1053;1080;1109;1140;1173;1207;1243;1280;1319;1359;1400;1443;1487;1533;;;;;;;;;;;;;;;;;;;;;;;;;;;;;;;;;;;;;;;;;;;;;
-3.300;;;;;;;;;;;;;;;;;;;;;;;;;;;;;;;2715;2618;2523;2432;2344;2259;2177;2099;2024;1952;1883;1818;1755;1695;1639;1584;1533;1484;1437;1393;1351;1311;1274;1238;1205;1173;1144;1116;1090;1067;1045;1025;1008;992;978;966;956;949;943;939;938;939;942;947;954;963;975;989;1004;1022;1042;1064;1088;1113;1141;1170;1201;1234;1268;1304;1342;1380;1421;1462;1505;1549;;;;;;;;;;;;;;;;;;;;;;;;;;;;;;;;;;;;;;;;;;;;;;
-3.400;;;;;;;;;;;;;;;;;;;;;;;;;;;;;;;;2699;2604;2512;2423;2337;2255;2176;2100;2027;1958;1892;1829;1768;1711;1656;1604;1555;1508;1463;1421;1380;1342;1306;1273;1241;1211;1183;1157;1133;1111;1091;1073;1057;1043;1030;1020;1012;1007;1003;1001;1002;1005;1010;1017;1026;1038;1051;1067;1085;1105;1127;1151;1177;1204;1234;1265;1298;1332;1368;1405;1444;1484;1526;1569;;;;;;;;;;;;;;;;;;;;;;;;;;;;;;;;;;;;;;;;;;;;;;;
-3.500;;;;;;;;;;;;;;;;;;;;;;;;;;;;;;;;;2687;2595;2505;2419;2336;2256;2179;2106;2036;1969;1905;1844;1786;1731;1678;1628;1581;1536;1493;1452;1414;1378;1343;1311;1281;1253;1226;1202;1180;1159;1141;1124;1110;1097;1087;1079;1073;1069;1067;1068;1070;1075;1082;1091;1103;1116;1132;1150;1170;1192;1216;1242;1269;1299;1330;1363;1397;1433;1471;1509;1550;1591;;;;;;;;;;;;;;;;;;;;;;;;;;;;;;;;;;;;;;;;;;;;;;;;
-3.600;;;;;;;;;;;;;;;;;;;;;;;;;;;;;;;;;;2680;2590;2503;2419;2338;2261;2187;2116;2049;1984;1923;1864;1808;1755;1705;1657;1611;1568;1527;1488;1451;1417;1384;1354;1325;1298;1274;1251;1230;1211;1195;1180;1167;1157;1148;1142;1138;1136;1136;1138;1143;1150;1159;1170;1184;1199;1217;1237;1259;1283;1309;1337;1366;1397;1430;1465;1500;1538;1576;1616;;;;;;;;;;;;;;;;;;;;;;;;;;;;;;;;;;;;;;;;;;;;;;;;;
-3.700;;;;;;;;;;;;;;;;;;;;;;;;;;;;;;;;;;;2677;2589;2505;2423;2345;2271;2199;2131;2066;2004;1945;1888;1835;1784;1735;1689;1646;1604;1565;1528;1493;1460;1429;1400;1373;1348;1325;1304;1285;1268;1253;1240;1229;1220;1213;1209;1207;1207;1209;1213;1220;1229;1240;1254;1269;1287;1307;1329;1352;1378;1406;1435;1466;1499;1533;1569;1606;1645;;;;;;;;;;;;;;;;;;;;;;;;;;;;;;;;;;;;;;;;;;;;;;;;;;
-3.800;;;;;;;;;;;;;;;;;;;;;;;;;;;;;;;;;;;;;2593;2511;2432;2357;2285;2216;2151;2088;2028;1971;1917;1866;1817;1771;1726;1685;1645;1608;1572;1539;1508;1478;1451;1425;1402;1381;1361;1344;1328;1315;1304;1295;1288;1283;1280;1280;1282;1286;1293;1301;1312;1326;1341;1359;1378;1400;1424;1449;1477;1506;1537;1570;1604;1640;;;;;;;;;;;;;;;;;;;;;;;;;;;;;;;;;;;;;;;;;;;;;;;;;;;;
-3.900;;;;;;;;;;;;;;;;;;;;;;;;;;;;;;;;;;;;;;2601;2522;2446;2373;2304;2238;2174;2114;2057;2002;1950;1901;1854;1810;1768;1728;1690;1654;1621;1589;1559;1531;1506;1482;1460;1440;1422;1407;1393;1381;1372;1365;1360;1357;1356;1358;1362;1368;1376;1387;1400;1415;1433;1452;1474;1497;1523;1550;1579;1610;1642;1676;;;;;;;;;;;;;;;;;;;;;;;;;;;;;;;;;;;;;;;;;;;;;;;;;;;;;
-4.000;;;;;;;;;;;;;;;;;;;;;;;;;;;;;;;;;;;;;;;;2536;2463;2394;2327;2263;2203;2145;2090;2038;1988;1941;1896;1853;1813;1775;1739;1705;1673;1643;1615;1589;1565;1542;1522;1504;1488;1474;1462;1452;1444;1439;1436;1435;1436;1440;1445;1454;1464;1477;1492;1509;1528;1549;1572;1597;1625;1653;1684;;;;;;;;;;;;;;;;;;;;;;;;;;;;;;;;;;;;;;;;;;;;;;;;;;;;;;;
-4.100;;;;;;;;;;;;;;;;;;;;;;;;;;;;;;;;;;;;;;;;;2556;2485;2418;2354;2293;2235;2180;2127;2077;2030;1985;1942;1901;1863;1826;1792;1760;1730;1701;1675;1650;1628;1607;1589;1572;1558;1545;1535;1527;1521;1517;1516;1517;1520;1526;1533;1543;1556;1570;1587;1606;1627;1649;1674;1701;1729;;;;;;;;;;;;;;;;;;;;;;;;;;;;;;;;;;;;;;;;;;;;;;;;;;;;;;;;
-4.200;;;;;;;;;;;;;;;;;;;;;;;;;;;;;;;;;;;;;;;;;;;2511;2447;2386;2327;2272;2219;2169;2121;2076;2033;1992;1953;1917;1882;1849;1819;1790;1763;1739;1716;1695;1676;1659;1644;1631;1621;1612;1606;1602;1600;1600;1603;1608;1615;1625;1637;1651;1667;1685;1706;1728;1753;;;;;;;;;;;;;;;;;;;;;;;;;;;;;;;;;;;;;;;;;;;;;;;;;;;;;;;;;;
-4.300;;;;;;;;;;;;;;;;;;;;;;;;;;;;;;;;;;;;;;;;;;;;;2480;2421;2366;2313;2262;2214;2169;2126;2085;2046;2009;1974;1941;1911;1882;1855;1829;1806;1785;1766;1748;1733;1720;1709;1700;1693;1689;1686;1686;1689;1693;1700;1709;1720;1734;1749;1767;1787;;;;;;;;;;;;;;;;;;;;;;;;;;;;;;;;;;;;;;;;;;;;;;;;;;;;;;;;;;;;
-4.400;;;;;;;;;;;;;;;;;;;;;;;;;;;;;;;;;;;;;;;;;;;;;;;;2408;2357;2309;2264;2220;2179;2140;2104;2069;2036;2005;1976;1948;1923;1900;1878;1858;1841;1825;1811;1800;1790;1783;1778;1775;1775;1776;1780;1786;1795;1806;1819;;;;;;;;;;;;;;;;;;;;;;;;;;;;;;;;;;;;;;;;;;;;;;;;;;;;;;;;;;;;;;;
-4.500;;;;;;;;;;;;;;;;;;;;;;;;;;;;;;;;;;;;;;;;;;;;;;;;;;2406;2360;2317;2276;2237;2200;2165;2132;2101;2072;2044;2019;1995;1973;1953;1935;1919;1905;1893;1883;1876;1870;1867;1865;1866;1870;1875;;;;;;;;;;;;;;;;;;;;;;;;;;;;;;;;;;;;;;;;;;;;;;;;;;;;;;;;;;;;;;;;;;
-4.600;;;;;;;;;;;;;;;;;;;;;;;;;;;;;;;;;;;;;;;;;;;;;;;;;;;;;;2335;2298;2263;2230;2199;2170;2142;2117;2093;2071;2051;2032;2016;2001;1989;1979;1970;1964;1960;;;;;;;;;;;;;;;;;;;;;;;;;;;;;;;;;;;;;;;;;;;;;;;;;;;;;;;;;;;;;;;;;;;;;;
-4.700;;;;;;;;;;;;;;;;;;;;;;;;;;;;;;;;;;;;;;;;;;;;;;;;;;;;;;;;;;;;;;;;;;;;;;;;;;;;;;;;;;;;;;;;;;;;;;;;;;;;;;;;;;;;;;;;;;;;;;;;;;;;;;;;;;;;;;;;;;;;;;
-4.800;;;;;;;;;;;;;;;;;;;;;;;;;;;;;;;;;;;;;;;;;;;;;;;;;;;;;;;;;;;;;;;;;;;;;;;;;;;;;;;;;;;;;;;;;;;;;;;;;;;;;;;;;;;;;;;;;;;;;;;;;;;;;;;;;;;;;;;;;;;;;;
-4.900;;;;;;;;;;;;;;;;;;;;;;;;;;;;;;;;;;;;;;;;;;;;;;;;;;;;;;;;;;;;;;;;;;;;;;;;;;;;;;;;;;;;;;;;;;;;;;;;;;;;;;;;;;;;;;;;;;;;;;;;;;;;;;;;;;;;;;;;;;;;;;
-5.000;;;;;;;;;;;;;;;;;;;;;;;;;;;;;;;;;;;;;;;;;;;;;;;;;;;;;;;;;;;;;;;;;;;;;;;;;;;;;;;;;;;;;;;;;;;;;;;;;;;;;;;;;;;;;;;;;;;;;;;;;;;;;;;;;;;;;;;;;;;;;;
-5.100;;;;;;;;;;;;;;;;;;;;;;;;;;;;;;;;;;;;;;;;;;;;;;;;;;;;;;;;;;;;;;;;;;;;;;;;;;;;;;;;;;;;;;;;;;;;;;;;;;;;;;;;;;;;;;;;;;;;;;;;;;;;;;;;;;;;;;;;;;;;;;
-5.200;;;;;;;;;;;;;;;;;;;;;;;;;;;;;;;;;;;;;;;;;;;;;;;;;;;;;;;;;;;;;;;;;;;;;;;;;;;;;;;;;;;;;;;;;;;;;;;;;;;;;;;;;;;;;;;;;;;;;;;;;;;;;;;;;;;;;;;;;;;;;;
-5.300;;;;;;;;;;;;;;;;;;;;;;;;;;;;;;;;;;;;;;;;;;;;;;;;;;;;;;;;;;;;;;;;;;;;;;;;;;;;;;;;;;;;;;;;;;;;;;;;;;;;;;;;;;;;;;;;;;;;;;;;;;;;;;;;;;;;;;;;;;;;;;
-5.400;;;;;;;;;;;;;;;;;;;;;;;;;;;;;;;;;;;;;;;;;;;;;;;;;;;;;;;;;;;;;;;;;;;;;;;;;;;;;;;;;;;;;;;;;;;;;;;;;;;;;;;;;;;;;;;;;;;;;;;;;;;;;;;;;;;;;;;;;;;;;;
-5.500;;;;;;;;;;;;;;;;;;;;;;;;;;;;;;;;;;;;;;;;;;;;;;;;;;;;;;;;;;;;;;;;;;;;;;;;;;;;;;;;;;;;;;;;;;;;;;;;;;;;;;;;;;;;;;;;;;;;;;;;;;;;;;;;;;;;;;;;;;;;;;
-5.600;;;;;;;;;;;;;;;;;;;;;;;;;;;;;;;;;;;;;;;;;;;;;;;;;;;;;;;;;;;;;;;;;;;;;;;;;;;;;;;;;;;;;;;;;;;;;;;;;;;;;;;;;;;;;;;;;;;;;;;;;;;;;;;;;;;;;;;;;;;;;;
-5.700;;;;;;;;;;;;;;;;;;;;;;;;;;;;;;;;;;;;;;;;;;;;;;;;;;;;;;;;;;;;;;;;;;;;;;;;;;;;;;;;;;;;;;;;;;;;;;;;;;;;;;;;;;;;;;;;;;;;;;;;;;;;;;;;;;;;;;;;;;;;;;
-5.800;;;;;;;;;;;;;;;;;;;;;;;;;;;;;;;;;;;;;;;;;;;;;;;;;;;;;;;;;;;;;;;;;;;;;;;;;;;;;;;;;;;;;;;;;;;;;;;;;;;;;;;;;;;;;;;;;;;;;;;;;;;;;;;;;;;;;;;;;;;;;;
-5.900;;;;;;;;;;;;;;;;;;;;;;;;;;;;;;;;;;;;;;;;;;;;;;;;;;;;;;;;;;;;;;;;;;;;;;;;;;;;;;;;;;;;;;;;;;;;;;;;;;;;;;;;;;;;;;;;;;;;;;;;;;;;;;;;;;;;;;;;;;;;;;
-6.000;;;;;;;;;;;;;;;;;;;;;;;;;;;;;;;;;;;;;;;;;;;;;;;;;;;;;;;;;;;;;;;;;;;;;;;;;;;;;;;;;;;;;;;;;;;;;;;;;;;;;;;;;;;;;;;;;;;;;;;;;;;;;;;;;;;;;;;;;;;;;;
-6.100;;;;;;;;;;;;;;;;;;;;;;;;;;;;;;;;;;;;;;;;;;;;;;;;;;;;;;;;;;;;;;;;;;;;;;;;;;;;;;;;;;;;;;;;;;;;;;;;;;;;;;;;;;;;;;;;;;;;;;;;;;;;;;;;;;;;;;;;;;;;;;
-6.200;;;;;;;;;;;;;;;;;;;;;;;;;;;;;;;;;;;;;;;;;;;;;;;;;;;;;;;;;;;;;;;;;;;;;;;;;;;;;;;;;;;;;;;;;;;;;;;;;;;;;;;;;;;;;;;;;;;;;;;;;;;;;;;;;;;;;;;;;;;;;;
-6.300;;;;;;;;;;;;;;;;;;;;;;;;;;;;;;;;;;;;;;;;;;;;;;;;;;;;;;;;;;;;;;;;;;;;;;;;;;;;;;;;;;;;;;;;;;;;;;;;;;;;;;;;;;;;;;;;;;;;;;;;;;;;;;;;;;;;;;;;;;;;;;
-6.400;;;;;;;;;;;;;;;;;;;;;;;;;;;;;;;;;;;;;;;;;;;;;;;;;;;;;;;;;;;;;;;;;;;;;;;;;;;;;;;;;;;;;;;;;;;;;;;;;;;;;;;;;;;;;;;;;;;;;;;;;;;;;;;;;;;;;;;;;;;;;;
-6.500;;;;;;;;;;;;;;;;;;;;;;;;;;;;;;;;;;;;;;;;;;;;;;;;;;;;;;;;;;;;;;;;;;;;;;;;;;;;;;;;;;;;;;;;;;;;;;;;;;;;;;;;;;;;;;;;;;;;;;;;;;;;;;;;;;;;;;;;;;;;;;
-6.600;;;;;;;;;;;;;;;;;;;;;;;;;;;;;;;;;;;;;;;;;;;;;;;;;;;;;;;;;;;;;;;;;;;;;;;;;;;;;;;;;;;;;;;;;;;;;;;;;;;;;;;;;;;;;;;;;;;;;;;;;;;;;;;;;;;;;;;;;;;;;;
-6.700;;;;;;;;;;;;;;;;;;;;;;;;;;;;;;;;;;;;;;;;;;;;;;;;;;;;;;;;;;;;;;;;;;;;;;;;;;;;;;;;;;;;;;;;;;;;;;;;;;;;;;;;;;;;;;;;;;;;;;;;;;;;;;;;;;;;;;;;;;;;;;
-6.800;;;;;;;;;;;;;;;;;;;;;;;;;;;;;;;;;;;;;;;;;;;;;;;;;;;;;;;;;;;;;;;;;;;;;;;;;;;;;;;;;;;;;;;;;;;;;;;;;;;;;;;;;;;;;;;;;;;;;;;;;;;;;;;;;;;;;;;;;;;;;;
-6.900;;;;;;;;;;;;;;;;;;;;;;;;;;;;;;;;;;;;;;;;;;;;;;;;;;;;;;;;;;;;;;;;;;;;;;;;;;;;;;;;;;;;;;;;;;;;;;;;;;;;;;;;;;;;;;;;;;;;;;;;;;;;;;;;;;;;;;;;;;;;;;
-7.000;;;;;;;;;;;;;;;;;;;;;;;;;;;;;;;;;;;;;;;;;;;;;;;;;;;;;;;;;;;;;;;;;;;;;;;;;;;;;;;;;;;;;;;;;;;;;;;;;;;;;;;;;;;;;;;;;;;;;;;;;;;;;;;;;;;;;;;;;;;;;;
BACK related to FRONT;-7.000;-6.900;-6.800;-6.700;-6.600;-6.500;-6.400;-6.300;-6.200;-6.100;-6.000;-5.900;-5.800;-5.700;-5.600;-5.500;-5.400;-5.300;-5.200;-5.100;-5.000;-4.900;-4.800;-4.700;-4.600;-4.500;-4.400;-4.300;-4.200;-4.100;-4.000;-3.900;-3.800;-3.700;-3.600;-3.500;-3.400;-3.300;-3.200;-3.100;-3.000;-2.900;-2.800;-2.700;-2.600;-2.500;-2.400;-2.300;-2.200;-2.100;-2.000;-1.900;-1.800;-1.700;-1.600;-1.500;-1.400;-1.300;-1.200;-1.100;-1.000;-0.900;-0.800;-0.700;-0.600;-0.500;-0.400;-0.300;-0.200;-0.100;0.000;0.100;0.200;0.300;0.400;0.500;0.600;0.700;0.800;0.900;1.000;1.100;1.200;1.300;1.400;1.500;1.600;1.700;1.800;1.900;2.000;2.100;2.200;2.300;2.400;2.500;2.600;2.700;2.800;2.900;3.000;3.100;3.200;3.300;3.400;3.500;3.600;3.700;3.800;3.900;4.000;4.100;4.200;4.300;4.400;4.500;4.600;4.700;4.800;4.900;5.000;5.100;5.200;5.300;5.400;5.500;5.600;5.700;5.800;5.900;6.000;6.100;6.200;6.300;6.400;6.500;6.600;6.700;6.800;6.900;7.000;
7.000;;;;;;;;;;;;;;;;;;;;;;;;;;;;;;;;;;;;;;;;;;;;;;;;;;;;;;;;;;;;;;;;;;;;;;;;;;;;;;;;;;;;;;;;;;;;;;;;;;;;;;;;;;;;;;;;;;;;;;;;;;;;;;;;;;;;;;;;;;;;;;
6.900;;;;;;;;;;;;;;;;;;;;;;;;;;;;;;;;;;;;;;;;;;;;;;;;;;;;;;;;;;;;;;;;;;;;;;;;;;;;;;;;;;;;;;;;;;;;;;;;;;;;;;;;;;;;;;;;;;;;;;;;;;;;;;;;;;;;;;;;;;;;;;
6.800;;;;;;;;;;;;;;;;;;;;;;;;;;;;;;;;;;;;;;;;;;;;;;;;;;;;;;;;;;;;;;;;;;;;;;;;;;;;;;;;;;;;;;;;;;;;;;;;;;;;;;;;;;;;;;;;;;;;;;;;;;;;;;;;;;;;;;;;;;;;;;
6.700;;;;;;;;;;;;;;;;;;;;;;;;;;;;;;;;;;;;;;;;;;;;;;;;;;;;;;;;;;;;;;;;;;;;;;;;;;;;;;;;;;;;;;;;;;;;;;;;;;;;;;;;;;;;;;;;;;;;;;;;;;;;;;;;;;;;;;;;;;;;;;
6.600;;;;;;;;;;;;;;;;;;;;;;;;;;;;;;;;;;;;;;;;;;;;;;;;;;;;;;;;;;;;;;;;;;;;;;;;;;;;;;;;;;;;;;;;;;;;;;;;;;;;;;;;;;;;;;;;;;;;;;;;;;;;;;;;;;;;;;;;;;;;;;
6.500;;;;;;;;;;;;;;;;;;;;;;;;;;;;;;;;;;;;;;;;;;;;;;;;;;;;;;;;;;;;;;;;;;;;;;;;;;;;;;;;;;;;;;;;;;;;;;;;;;;;;;;;;;;;;;;;;;;;;;;;;;;;;;;;;;;;;;;;;;;;;;
6.400;;;;;;;;;;;;;;;;;;;;;;;;;;;;;;;;;;;;;;;;;;;;;;;;;;;;;;;;;;;;;;;;;;;;;;;;;;;;;;;;;;;;;;;;;;;;;;;;;;;;;;;;;;;;;;;;;;;;;;;;;;;;;;;;;;;;;;;;;;;;;;
6.300;;;;;;;;;;;;;;;;;;;;;;;;;;;;;;;;;;;;;;;;;;;;;;;;;;;;;;;;;;;;;;;;;;;;;;;;;;;;;;;;;;;;;;;;;;;;;;;;;;;;;;;;;;;;;;;;;;;;;;;;;;;;;;;;;;;;;;;;;;;;;;
6.200;;;;;;;;;;;;;;;;;;;;;;;;;;;;;;;;;;;;;;;;;;;;;;;;;;;;;;;;;;;;;;;;;;;;;;;;;;;;;;;;;;;;;;;;;;;;;;;;;;;;;;;;;;;;;;;;;;;;;;;;;;;;;;;;;;;;;;;;;;;;;;
6.100;;;;;;;;;;;;;;;;;;;;;;;;;;;;;;;;;;;;;;;;;;;;;;;;;;;;;;;;;;;;;;;;;;;;;;;;;;;;;;;;;;;;;;;;;;;;;;;;;;;;;;;;;;;;;;;;;;;;;;;;;;;;;;;;;;;;;;;;;;;;;;
6.000;;;;;;;;;;;;;;;;;;;;;;;;;;;;;;;;;;;;;;;;;;;;;;;;;;;;;;;;;;;;;;;;;;;;;;;;;;;;;;;;;;;;;;;;;;;;;;;;;;;;;;;;;;;;;;;;;;;;;;;;;;;;;;;;;;;;;;;;;;;;;;
5.900;;;;;;;;;;;;;;;;;;;;;;;;;;;;;;;;;;;;;;;;;;;;;;;;;;;;;;;;;;;;;;;;;;;;;;;;;;;;;;;;;;;;;;;;;;;;;;;;;;;;;;;;;;;;;;;;;;;;;;;;;;;;;;;;;;;;;;;;;;;;;;
5.800;;;;;;;;;;;;;;;;;;;;;;;;;;;;;;;;;;;;;;;;;;;;;;;;;;;;;;;;;;;;;;;;;;;;;;;;;;;;;;;;;;;;;;;;;;;;;;;;;;;;;;;;;;;;;;;;;;;;;;;;;;;;;;;;;;;;;;;;;;;;;;
5.700;;;;;;;;;;;;;;;;;;;;;;;;;;;;;;;;;;;;;;;;;;;;;;;;;;;;;;;;;;;;;;;;;;;;;;;;;;;;;;;;;;;;;;;;;;;;;;;;;;;;;;;;;;;;;;;;;;;;;;;;;;;;;;;;;;;;;;;;;;;;;;
5.600;;;;;;;;;;;;;;;;;;;;;;;;;;;;;;;;;;;;;;;;;;;;;;;;;;;;;;;;;;;;;;;;;;;;;;;;;;;;;;;;;;;;;;;;;;;;;;;;;;;;;;;;;;;;;;;;;;;;;;;;;;;;;;;;;;;;;;;;;;;;;;
5.500;;;;;;;;;;;;;;;;;;;;;;;;;;;;;;;;;;;;;;;;;;;;;;;;;;;;;;;;;;;;;;;;;;;;;;;;;;;;;;;;;;;;;;;;;;;;;;;;;;;;;;;;;;;;;;;;;;;;;;;;;;;;;;;;;;;;;;;;;;;;;;
5.400;;;;;;;;;;;;;;;;;;;;;;;;;;;;;;;;;;;;;;;;;;;;;;;;;;;;;;;;;;;;;;;;;;;;;;;;;;;;;;;;;;;;;;;;;;;;;;;;;;;;;;;;;;;;;;;;;;;;;;;;;;;;;;;;;;;;;;;;;;;;;;
5.300;;;;;;;;;;;;;;;;;;;;;;;;;;;;;;;;;;;;;;;;;;;;;;;;;;;;;;;;;;;;;;;;;;;;;;;;;;;;;;;;;;;;;;;;;;;;;;;;;;;;;;;;;;;;;;;;;;;;;;;;;;;;;;;;;;;;;;;;;;;;;;
5.200;;;;;;;;;;;;;;;;;;;;;;;;;;;;;;;;;;;;;;;;;;;;;;;;;;;;;;;;;;;;;;;;;;;;;;;;;;;;;;;;;;;;;;;;;;;;;;;;;;;;;;;;;;;;;;;;;;;;;;;;;;;;;;;;;;;;;;;;;;;;;;
5.100;;;;;;;;;;;;;;;;;;;;;;;;;;;;;;;;;;;;;;;;;;;;;;;;;;;;;;;;;;;;;;;;;;;;;;;;;;;;;;;;;;;;;;;;;;;;;;;;;;;;;;;;;;;;;;;;;;;;;;;;;;;;;;;;;;;;;;;;;;;;;;
5.000;;;;;;;;;;;;;;;;;;;;;;;;;;;;;;;;;;;;;;;;;;;;;;;;;;;;;;;;;;;;;;;;;;;;;;;;;;;;;;;;;;;;;;;;;;;;;;;;;;;;;;;;;;;;;;;;;;;;;;;;;;;;;;;;;;;;;;;;;;;;;;
4.900;;;;;;;;;;;;;;;;;;;;;;;;;;;;;;;;;;;;;;;;;;;;;;;;;;;;;;;;;;;;;;;;;;;;;;;;;;;;;;;;;;;;;;;;;;;;;;;;;;;;;;;;;;;;;;;;;;;;;;;;;;;;;;;;;;;;;;;;;;;;;;
4.800;;;;;;;;;;;;;;;;;;;;;;;;;;;;;;;;;;;;;;;;;;;;;;;;;;;;;;;;;;;;;;;;;;;;;;;;;;;;;;;;;;;;;;;;;;;;;;;;;;;;;;;;;;;;;;;;;;;;;;;;;;;;;;;;;;;;;;;;;;;;;;
4.700;;;;;;;;;;;;;;;;;;;;;;;;;;;;;;;;;;;;;;;;;;;;;;;;;;;;;;;;;;;;;;;;;;;;;;;;;;;;;;;;;;;;;;;;;;;;;;;;;;;;;;;;;;;;;;;;;;;;;;;;;;;;;;;;;;;;;;;;;;;;;;
4.600;;;;;;;;;;;;;;;;;;;;;;;;;;;;;;;;;;;;;;;;;;;;;;;;;;;;;;;;;;;;;;;;;;;;;;;;;;;;;;;;;;;;;;;;;;;;;;;;;;;;;;;;;;;;;;;;;;;;;;;;;;;;;;;;;;;;;;;;;;;;;;
4.500;;;;;;;;;;;;;;;;;;;;;;;;;;;;;;;;;;;;;;;;;;;;;;;;;;;;;;;;;;;;;;;;;;;;;;;;;;;;;;;;;;;;;;;;;;;;;;;;;;;;;;;;;;;;;;;;;;;;;;;;;;;;;;;;;;;;;;;;;;;;;;
4.400;;;;;;;;;;;;;;;;;;;;;;;;;;;;;;;;;;;;;;;;;;;;;;;;;;;;;;;;;;;;;;;;;;;;;;;;;;;;;;;;;;;;;;;;;;;;;;;;;;;;;;;;;;;;;;;;;;;;;;;;;;;;;;;;;;;;;;;;;;;;;;
4.300;;;;;;;;;;;;;;;;;;;;;;;;;;;;;;;;;;;;;;;;;;;;;;;;;;;;;;;;;;;;;;;;;;;;;;;;;;;;;;;;;;;;;;;;;;;;;;;;;;;;;;;;;;;;;;;;;;;;;;;;;;;;;;;;;;;;;;;;;;;;;;
4.200;;;;;;;;;;;;;;;;;;;;;;;;;;;;;;;;;;;;;;;;;;;;;;;;;;;;;;;;;;;;;;;;;;;;;;;;;;;;;;;;;;;;;;;;;;;;;;;;;;;;;;;;;;;;;;;;;;;;;;;;;;;;;;;;;;;;;;;;;;;;;;
4.100;;;;;;;;;;;;;;;;;;;;;;;;;;;;;;;;;;;;;;;;;;;;;;;;;;;;;;;;;;;;;;;;;;;;;;;;;;;;;;;;;;;;;;;;;;;;;;;;;;;;;;;;;;;;;;;;;;;;;;;;;;;;;;;;;;;;;;;;;;;;;;
4.000;;;;;;;;;;;;;;;;;;;;;;;;;;;;;;;;;;;;;;;;;;;;;;;;;;;;;;;;;;;;;;;;;;;;;;;;;;;;;;;;;;;;;;;;;;;;;;;;;;;;;;;;;;;;;;;;;;;;;;;;;;;;;;;;;;;;;;;;;;;;;;
3.900;;;;;;;;;;;;;;;;;;;;;;;;;;;;;;;;;;;;;;;;;;;;;;;;;;;;;;;;;;;;;;;;;;;;;;;;;;;;;;;;;;;;;;;;;;;;;;;;;;;;;;;;;;;;;;;;;;;;;;;;;;;;;;;;;;;;;;;;;;;;;;
3.800;;;;;;;;;;;;;;;;;;;;;;;;;;;;;;;;;;;;;;;;;;;;;;;;;;;;;;;;;;;;;;;;;;;;;;;;;;;;;;;;;;;;;;;;;;;;;;;;;;;;;;;;;;;;;;;;;;;;;;;;;;;;;;;;;;;;;;;;;;;;;;
3.700;;;;;;;;;;;;;;;;;;;;;;;;;;;;;;;;;;;;;;;;;;;;;;;;;;;;;;2161;2126;2094;2064;2036;2010;1987;1965;1947;1930;1915;1903;;;;;;;;;;;;;;;;;;;;;;;;;;;;;;;;;;;;;;;;;;;;;;;;;;;;;;;;;;;;;;;;;;;;;;;;;;;;;
3.600;;;;;;;;;;;;;;;;;;;;;;;;;;;;;;;;;;;;;;;;;;;;;;;;;2290;2245;2202;2162;2123;2087;2052;2020;1991;1963;1938;1914;1894;1875;1859;1844;1832;1822;1814;1808;1804;1802;;;;;;;;;;;;;;;;;;;;;;;;;;;;;;;;;;;;;;;;;;;;;;;;;;;;;;;;;;;;;;;;;;;;;;;;
3.500;;;;;;;;;;;;;;;;;;;;;;;;;;;;;;;;;;;;;;;;;;;;;;2363;2312;2263;2216;2172;2129;2089;2050;2014;1980;1949;1919;1892;1867;1844;1824;1805;1789;1775;1763;1754;1746;1740;1736;1734;1734;1736;1740;1745;;;;;;;;;;;;;;;;;;;;;;;;;;;;;;;;;;;;;;;;;;;;;;;;;;;;;;;;;;;;;;;;;;;;
3.400;;;;;;;;;;;;;;;;;;;;;;;;;;;;;;;;;;;;;;;;;;;2455;2398;2343;2290;2240;2191;2144;2100;2057;2017;1979;1944;1910;1879;1850;1823;1798;1776;1756;1738;1722;1708;1696;1687;1679;1674;1670;1668;1669;1670;1674;1679;1686;1695;;;;;;;;;;;;;;;;;;;;;;;;;;;;;;;;;;;;;;;;;;;;;;;;;;;;;;;;;;;;;;;;;;
3.300;;;;;;;;;;;;;;;;;;;;;;;;;;;;;;;;;;;;;;;;;2505;2443;2384;2327;2272;2219;2169;2120;2074;2030;1988;1948;1910;1875;1842;1811;1782;1755;1731;1709;1689;1672;1656;1643;1632;1622;1615;1610;1606;1604;1605;1607;1610;1616;1622;1631;1641;1653;1666;;;;;;;;;;;;;;;;;;;;;;;;;;;;;;;;;;;;;;;;;;;;;;;;;;;;;;;;;;;;;;;
3.200;;;;;;;;;;;;;;;;;;;;;;;;;;;;;;;;;;;;;;;2565;2499;2435;2374;2315;2258;2203;2150;2100;2051;2005;1961;1920;1880;1843;1808;1775;1745;1716;1690;1666;1645;1625;1608;1593;1580;1568;1559;1552;1547;1544;1542;1543;1545;1549;1554;1561;1569;1580;1591;1604;1619;1635;;;;;;;;;;;;;;;;;;;;;;;;;;;;;;;;;;;;;;;;;;;;;;;;;;;;;;;;;;;;;
3.100;;;;;;;;;;;;;;;;;;;;;;;;;;;;;;;;;;;;;;2566;2498;2432;2368;2306;2247;2190;2135;2083;2033;1985;1939;1895;1854;1815;1778;1743;1711;1681;1653;1627;1603;1582;1563;1546;1531;1518;1507;1499;1492;1487;1484;1482;1483;1485;1489;1494;1501;1510;1520;1532;1545;1560;1576;1593;1613;;;;;;;;;;;;;;;;;;;;;;;;;;;;;;;;;;;;;;;;;;;;;;;;;;;;;;;;;;;
3.000;;;;;;;;;;;;;;;;;;;;;;;;;;;;;;;;;;;;2646;2572;2501;2432;2366;2302;2240;2181;2124;2070;2017;1967;1920;1874;1831;1790;1751;1715;1680;1648;1619;1591;1566;1543;1522;1503;1486;1472;1459;1448;1440;1433;1428;1425;1424;1425;1427;1431;1436;1444;1452;1462;1474;1487;1502;1518;1536;1555;1576;1599;;;;;;;;;;;;;;;;;;;;;;;;;;;;;;;;;;;;;;;;;;;;;;;;;;;;;;;;;
2.900;;;;;;;;;;;;;;;;;;;;;;;;;;;;;;;;;;;2660;2583;2509;2437;2368;2302;2238;2176;2117;2060;2006;1954;1904;1857;1812;1769;1728;1690;1654;1620;1588;1559;1532;1507;1484;1463;1445;1428;1414;1402;1391;1383;1377;1372;1369;1368;1369;1371;1375;1381;1388;1397;1407;1419;1432;1447;1463;1481;1500;1521;1543;1567;1593;;;;;;;;;;;;;;;;;;;;;;;;;;;;;;;;;;;;;;;;;;;;;;;;;;;;;;;
2.800;;;;;;;;;;;;;;;;;;;;;;;;;;;;;;;;;;2678;2598;2521;2447;2375;2306;2239;2175;2114;2055;1999;1945;1893;1843;1796;1751;1709;1669;1631;1595;1561;1530;1501;1474;1450;1427;1407;1389;1373;1359;1346;1336;1328;1322;1317;1315;1314;1315;1317;1321;1327;1334;1343;1353;1365;1378;1393;1409;1427;1447;1467;1490;1514;1540;1568;;;;;;;;;;;;;;;;;;;;;;;;;;;;;;;;;;;;;;;;;;;;;;;;;;;;;;
2.700;;;;;;;;;;;;;;;;;;;;;;;;;;;;;;;;2789;2702;2619;2538;2461;2386;2314;2245;2179;2115;2054;1995;1939;1885;1834;1785;1738;1693;1651;1611;1574;1538;1505;1474;1446;1419;1395;1373;1353;1335;1319;1305;1293;1283;1275;1269;1265;1262;1262;1262;1265;1269;1275;1282;1291;1301;1313;1327;1341;1358;1376;1395;1416;1439;1463;1489;1517;1546;1578;;;;;;;;;;;;;;;;;;;;;;;;;;;;;;;;;;;;;;;;;;;;;;;;;;;;
2.600;;;;;;;;;;;;;;;;;;;;;;;;;;;;;;;2821;2731;2644;2560;2480;2402;2328;2256;2187;2121;2057;1996;1938;1882;1828;1777;1728;1682;1638;1596;1556;1519;1484;1451;1421;1392;1366;1342;1320;1301;1283;1267;1254;1242;1232;1225;1219;1214;1212;1211;1212;1215;1219;1225;1232;1241;1251;1263;1277;1292;1308;1326;1346;1367;1389;1414;1440;1468;1497;1529;1562;;;;;;;;;;;;;;;;;;;;;;;;;;;;;;;;;;;;;;;;;;;;;;;;;;;
2.500;;;;;;;;;;;;;;;;;;;;;;;;;;;;;;2858;2765;2674;2587;2504;2423;2345;2271;2199;2131;2064;2001;1940;1882;1826;1773;1722;1674;1628;1584;1543;1503;1467;1432;1399;1369;1341;1315;1292;1270;1251;1233;1218;1204;1193;1183;1176;1170;1166;1163;1163;1164;1167;1171;1177;1184;1193;1203;1215;1229;1244;1260;1279;1298;1319;1342;1367;1393;1421;1450;1482;1515;1551;;;;;;;;;;;;;;;;;;;;;;;;;;;;;;;;;;;;;;;;;;;;;;;;;;
2.400;;;;;;;;;;;;;;;;;;;;;;;;;;;;;2901;2804;2710;2620;2532;2449;2368;2291;2216;2145;2076;2010;1947;1887;1829;1774;1721;1670;1622;1576;1533;1492;1453;1416;1382;1350;1320;1292;1267;1243;1222;1203;1186;1170;1157;1146;1136;1129;1123;1119;1117;1116;1117;1120;1124;1130;1138;1147;1157;1169;1183;1198;1215;1233;1252;1274;1297;1321;1348;1376;1405;1437;1470;1506;1544;;;;;;;;;;;;;;;;;;;;;;;;;;;;;;;;;;;;;;;;;;;;;;;;;
2.300;;;;;;;;;;;;;;;;;;;;;;;;;;;;;2848;2751;2657;2566;2479;2396;2315;2238;2164;2092;2024;1959;1896;1836;1778;1723;1670;1620;1572;1527;1484;1443;1405;1368;1334;1303;1273;1246;1220;1197;1176;1157;1140;1125;1112;1101;1091;1084;1078;1074;1072;1072;1073;1076;1080;1086;1093;1103;1113;1125;1139;1154;1171;1189;1209;1230;1253;1278;1304;1332;1362;1394;1428;1463;1501;1541;1583;;;;;;;;;;;;;;;;;;;;;;;;;;;;;;;;;;;;;;;;;;;;;;;
2.200;;;;;;;;;;;;;;;;;;;;;;;;;;;;2897;2796;2699;2605;2515;2428;2344;2264;2187;2113;2042;1974;1909;1846;1787;1729;1675;1622;1573;1525;1480;1437;1397;1359;1323;1289;1258;1228;1201;1176;1153;1132;1113;1096;1082;1069;1058;1048;1041;1035;1032;1029;1029;1030;1033;1037;1043;1051;1060;1071;1083;1097;1112;1129;1147;1167;1188;1211;1236;1263;1291;1321;1353;1387;1423;1460;1500;1542;1586;;;;;;;;;;;;;;;;;;;;;;;;;;;;;;;;;;;;;;;;;;;;;;
2.100;;;;;;;;;;;;;;;;;;;;;;;;;;;2952;2847;2746;2649;2555;2465;2378;2295;2215;2138;2065;1994;1926;1861;1799;1740;1683;1629;1577;1527;1480;1436;1393;1353;1315;1279;1246;1215;1186;1159;1134;1111;1090;1072;1055;1040;1027;1016;1007;1000;995;991;989;988;989;992;997;1003;1010;1019;1030;1042;1056;1071;1088;1107;1127;1148;1172;1197;1223;1252;1282;1314;1348;1384;1422;1462;1504;1548;1594;;;;;;;;;;;;;;;;;;;;;;;;;;;;;;;;;;;;;;;;;;;;;
2.000;;;;;;;;;;;;;;;;;;;;;;;;;;3011;2903;2799;2698;2601;2507;2417;2331;2248;2168;2092;2018;1948;1881;1816;1755;1695;1639;1585;1533;1484;1438;1393;1351;1311;1274;1238;1205;1174;1145;1119;1094;1071;1051;1032;1016;1001;988;977;968;961;956;952;950;949;951;953;958;964;971;981;991;1004;1017;1033;1050;1068;1088;1110;1134;1159;1186;1214;1245;1277;1311;1347;1385;1425;1467;1511;1558;1606;;;;;;;;;;;;;;;;;;;;;;;;;;;;;;;;;;;;;;;;;;;;
1.900;;;;;;;;;;;;;;;;;;;;;;;;;;2964;2856;2752;2651;2554;2461;2371;2285;2202;2123;2047;1974;1904;1838;1773;1712;1653;1597;1544;1492;1444;1397;1353;1311;1272;1235;1199;1167;1136;1107;1081;1056;1034;1013;995;978;964;951;940;931;924;918;915;913;912;913;916;921;927;934;944;954;967;981;996;1013;1032;1052;1074;1097;1123;1150;1179;1209;1242;1276;1312;1350;1390;1433;1477;1523;1572;;;;;;;;;;;;;;;;;;;;;;;;;;;;;;;;;;;;;;;;;;;;
1.800;;;;;;;;;;;;;;;;;;;;;;;;;3029;2918;2810;2706;2606;2509;2416;2327;2241;2159;2080;2005;1932;1863;1797;1733;1672;1614;1558;1505;1454;1405;1359;1315;1274;1235;1198;1163;1130;1099;1071;1045;1020;998;978;959;943;928;916;905;896;889;883;880;877;877;878;881;886;892;899;908;919;932;946;961;978;997;1017;1039;1063;1089;1116;1145;1175;1208;1243;1279;1317;1358;1400;1444;1491;1539;1590;;;;;;;;;;;;;;;;;;;;;;;;;;;;;;;;;;;;;;;;;;;
1.700;;;;;;;;;;;;;;;;;;;;;;;;;2985;2874;2766;2662;2562;2466;2374;2285;2200;2118;2040;1965;1893;1824;1758;1695;1634;1576;1521;1468;1417;1369;1323;1280;1239;1200;1163;1128;1096;1065;1037;1011;987;964;944;926;909;895;882;872;863;855;850;846;844;844;845;848;852;858;866;875;886;898;912;928;945;964;984;1007;1030;1056;1083;1113;1143;1176;1211;1247;1286;1326;1369;1413;1460;1509;1559;1612;;;;;;;;;;;;;;;;;;;;;;;;;;;;;;;;;;;;;;;;;;
1.600;;;;;;;;;;;;;;;;;;;;;;;;3056;2942;2831;2724;2620;2521;2425;2333;2245;2161;2079;2002;1927;1856;1787;1721;1659;1598;1541;1486;1433;1383;1335;1290;1247;1206;1167;1130;1096;1063;1033;1005;979;955;933;913;894;878;864;851;840;831;824;819;815;813;812;813;816;821;827;834;844;854;867;881;897;914;933;953;976;1000;1025;1053;1082;1113;1146;1181;1218;1256;1297;1340;1384;1431;1480;1530;1583;1638;;;;;;;;;;;;;;;;;;;;;;;;;;;;;;;;;;;;;;;;;
1.500;;;;;;;;;;;;;;;;;;;;;;;;3015;2901;2790;2683;2581;2482;2386;2295;2207;2123;2043;1965;1891;1820;1752;1687;1625;1565;1508;1453;1401;1351;1304;1258;1215;1175;1136;1100;1065;1033;1003;975;949;925;903;883;865;849;834;822;811;802;795;789;785;783;783;784;787;791;797;805;814;825;837;851;867;884;903;924;947;971;997;1024;1054;1085;1118;1153;1190;1229;1269;1312;1357;1404;1452;1503;1556;1611;;;;;;;;;;;;;;;;;;;;;;;;;;;;;;;;;;;;;;;;;
1.400;;;;;;;;;;;;;;;;;;;;;;;3092;2975;2861;2751;2645;2543;2444;2350;2259;2172;2088;2008;1932;1858;1788;1720;1655;1593;1534;1477;1423;1371;1321;1274;1229;1186;1146;1108;1071;1037;1005;975;947;921;897;875;855;837;821;807;794;783;774;767;761;758;755;755;756;759;763;769;777;786;797;809;824;839;857;876;897;919;943;969;997;1027;1058;1091;1127;1164;1203;1243;1286;1331;1378;1427;1477;1530;1585;1642;;;;;;;;;;;;;;;;;;;;;;;;;;;;;;;;;;;;;;;;
1.300;;;;;;;;;;;;;;;;;;;;;;;3054;2937;2824;2714;2609;2507;2409;2315;2225;2139;2056;1976;1900;1827;1757;1690;1626;1564;1505;1449;1395;1343;1294;1247;1202;1159;1119;1081;1045;1011;979;949;921;895;872;850;830;812;795;781;768;757;748;741;736;732;729;729;730;733;737;743;751;760;771;783;798;813;831;850;871;893;918;944;972;1002;1033;1067;1102;1139;1178;1219;1262;1307;1354;1403;1454;1506;1561;1618;1677;;;;;;;;;;;;;;;;;;;;;;;;;;;;;;;;;;;;;;;
1.200;;;;;;;;;;;;;;;;;;;;;;3138;3018;2901;2788;2679;2574;2473;2376;2283;2193;2107;2025;1946;1870;1798;1728;1662;1598;1537;1478;1422;1368;1317;1268;1221;1177;1135;1095;1056;1021;987;955;925;897;872;848;826;806;788;772;757;744;734;725;717;712;708;705;705;706;709;713;719;726;736;747;759;773;789;807;826;847;870;894;920;948;978;1010;1044;1079;1116;1156;1197;1240;1285;1332;1381;1431;1484;1539;1596;1655;;;;;;;;;;;;;;;;;;;;;;;;;;;;;;;;;;;;;;;
1.100;;;;;;;;;;;;;;;;;;;;;;3103;2983;2867;2755;2647;2542;2442;2345;2253;2164;2078;1997;1918;1843;1771;1702;1636;1573;1512;1454;1398;1344;1293;1245;1198;1154;1112;1072;1034;998;965;933;903;875;850;826;804;784;766;750;735;723;712;703;695;689;685;683;683;684;686;691;696;704;713;724;737;751;767;784;804;825;848;872;899;927;957;989;1022;1058;1095;1135;1176;1219;1264;1311;1360;1411;1464;1518;1575;1634;1694;;;;;;;;;;;;;;;;;;;;;;;;;;;;;;;;;;;;;;
1.000;;;;;;;;;;;;;;;;;;;;;;3071;2951;2836;2724;2616;2512;2412;2317;2225;2136;2052;1971;1893;1818;1747;1678;1613;1549;1489;1431;1376;1323;1272;1223;1177;1133;1091;1051;1014;978;944;913;883;855;830;806;784;764;746;730;715;702;691;682;675;669;665;663;662;663;666;670;676;683;693;704;716;730;746;764;783;804;827;852;878;907;937;969;1003;1038;1076;1115;1157;1200;1245;1292;1341;1392;1445;1499;1556;1614;1675;;;;;;;;;;;;;;;;;;;;;;;;;;;;;;;;;;;;;;
0.900;;;;;;;;;;;;;;;;;;;;;3162;3040;2921;2806;2695;2588;2485;2386;2290;2199;2111;2027;1947;1870;1796;1725;1656;1591;1528;1468;1411;1356;1303;1252;1204;1158;1114;1072;1033;995;959;926;894;865;837;811;788;766;746;728;711;697;684;673;664;656;651;647;644;643;644;647;651;657;665;674;685;697;712;727;745;765;786;809;833;860;888;919;951;985;1020;1058;1098;1139;1182;1227;1275;1323;1374;1427;1482;1538;1597;1657;1720;;;;;;;;;;;;;;;;;;;;;;;;;;;;;;;;;;;;;
0.800;;;;;;;;;;;;;;;;;;;;;3134;3012;2894;2779;2669;2562;2460;2361;2267;2176;2089;2005;1925;1849;1775;1705;1637;1572;1510;1450;1393;1338;1285;1235;1187;1141;1097;1056;1016;978;943;909;878;848;821;795;771;749;729;711;695;680;668;657;647;640;634;630;627;627;627;630;634;640;648;657;668;680;695;711;728;748;769;792;817;843;872;902;934;968;1004;1042;1082;1123;1166;1212;1259;1308;1358;1411;1466;1522;1581;1641;1703;;;;;;;;;;;;;;;;;;;;;;;;;;;;;;;;;;;;;
0.700;;;;;;;;;;;;;;;;;;;;;3108;2987;2869;2755;2645;2539;2437;2339;2245;2155;2069;1986;1906;1830;1757;1687;1619;1555;1493;1433;1376;1322;1270;1219;1172;1126;1082;1041;1001;964;928;895;863;834;806;781;757;735;715;697;680;666;653;642;633;625;619;615;612;612;612;615;619;625;632;642;652;665;679;695;713;733;754;777;802;829;857;887;920;954;990;1027;1067;1109;1152;1197;1244;1293;1344;1397;1451;1508;1566;1626;1688;;;;;;;;;;;;;;;;;;;;;;;;;;;;;;;;;;;;;
0.600;;;;;;;;;;;;;;;;;;;;;3085;2964;2846;2733;2623;2518;2417;2319;2226;2136;2051;1968;1889;1813;1741;1671;1604;1540;1478;1419;1362;1308;1256;1206;1158;1113;1069;1028;988;951;916;882;851;821;794;768;744;722;702;684;668;653;640;629;620;612;606;602;599;598;599;602;606;612;619;628;639;652;666;682;700;719;741;764;789;815;844;874;907;941;977;1015;1054;1096;1139;1185;1232;1281;1331;1384;1439;1495;1553;1613;1675;1739;;;;;;;;;;;;;;;;;;;;;;;;;;;;;;;;;;;;
0.500;;;;;;;;;;;;;;;;;;;;3188;3064;2943;2826;2713;2604;2500;2399;2302;2209;2120;2035;1953;1875;1799;1727;1658;1591;1527;1466;1407;1350;1296;1244;1194;1147;1101;1058;1017;977;940;905;871;840;810;783;757;733;712;691;673;657;642;629;618;609;601;595;591;588;587;588;590;594;600;607;617;628;640;654;670;688;708;729;752;777;804;833;863;895;930;966;1003;1043;1085;1128;1174;1221;1270;1320;1373;1427;1483;1541;1601;1663;1727;;;;;;;;;;;;;;;;;;;;;;;;;;;;;;;;;;;;
0.400;;;;;;;;;;;;;;;;;;;;3170;3046;2926;2809;2697;2588;2484;2384;2288;2195;2107;2022;1940;1862;1787;1715;1646;1580;1516;1455;1397;1340;1286;1235;1185;1137;1092;1049;1008;968;931;896;862;831;802;774;748;724;702;682;664;648;633;620;609;599;591;585;581;578;577;578;580;585;590;598;607;618;630;645;661;678;698;719;743;768;794;823;854;886;920;956;994;1034;1075;1119;1164;1211;1260;1311;1363;1417;1474;1532;1591;1653;1717;;;;;;;;;;;;;;;;;;;;;;;;;;;;;;;;;;;;
0.300;;;;;;;;;;;;;;;;;;;;3155;3031;2911;2795;2683;2575;2471;2371;2275;2184;2096;2011;1930;1852;1778;1706;1637;1571;1508;1447;1388;1332;1278;1227;1177;1130;1085;1041;1000;961;924;889;855;824;794;767;741;717;695;675;657;640;625;612;601;592;584;578;573;571;570;570;573;577;582;590;599;610;622;637;653;670;690;711;735;760;786;815;846;878;912;948;986;1026;1067;1111;1156;1203;1252;1303;1355;1409;1465;1523;1583;1644;1708;;;;;;;;;;;;;;;;;;;;;;;;;;;;;;;;;;;;
0.200;;;;;;;;;;;;;;;;;;;;3142;3019;2899;2783;2672;2564;2461;2361;2266;2174;2087;2003;1922;1845;1770;1699;1630;1565;1501;1441;1382;1326;1273;1221;1172;1124;1079;1036;995;956;918;883;850;819;789;761;736;712;690;670;651;635;620;607;595;586;578;572;567;565;564;564;567;571;576;584;593;604;616;630;646;664;684;705;728;754;780;809;840;872;906;942;980;1020;1061;1105;1150;1197;1246;1296;1348;1403;1459;1516;1576;1637;1701;1766;;;;;;;;;;;;;;;;;;;;;;;;;;;;;;;;;;;
0.100;;;;;;;;;;;;;;;;;;;;3133;3010;2890;2775;2663;2556;2453;2354;2259;2168;2081;1997;1916;1839;1765;1694;1626;1560;1497;1436;1378;1322;1269;1217;1168;1121;1076;1032;991;952;915;880;846;815;785;758;732;708;686;666;647;631;616;603;591;582;574;568;563;560;559;560;562;566;572;579;588;599;612;626;642;660;679;701;724;749;776;805;835;867;902;938;976;1015;1057;1100;1145;1192;1241;1291;1343;1397;1453;1511;1570;1632;1695;1760;;;;;;;;;;;;;;;;;;;;;;;;;;;;;;;;;;;
0.000;;;;;;;;;;;;;;;;;;;;3127;3004;2884;2769;2658;2551;2448;2349;2255;2164;2077;1993;1913;1836;1762;1691;1623;1558;1495;1434;1376;1320;1267;1215;1166;1119;1074;1031;990;950;913;878;845;813;784;756;730;706;684;664;645;629;614;601;589;580;572;565;561;558;557;557;560;564;569;577;586;597;609;623;639;657;677;698;721;746;773;802;832;865;899;935;973;1012;1054;1097;1142;1189;1237;1288;1340;1394;1450;1507;1567;1628;1691;1756;;;;;;;;;;;;;;;;;;;;;;;;;;;;;;;;;;;
-0.100;;;;;;;;;;;;;;;;;;;;3123;3001;2881;2766;2655;2549;2446;2348;2253;2162;2076;1992;1912;1835;1762;1691;1623;1557;1495;1434;1376;1320;1267;1216;1166;1119;1074;1031;990;951;913;878;845;813;784;756;730;706;684;664;645;629;614;600;589;579;571;565;560;557;556;557;559;563;569;576;585;596;608;623;639;656;676;697;721;746;772;801;831;864;898;934;972;1011;1053;1096;1141;1187;1236;1286;1338;1392;1448;1505;1564;1626;1689;1754;;;;;;;;;;;;;;;;;;;;;;;;;;;;;;;;;;;
-0.200;;;;;;;;;;;;;;;;;;;;3123;3000;2881;2766;2656;2549;2447;2348;2254;2164;2077;1994;1914;1837;1763;1693;1625;1559;1496;1436;1378;1322;1269;1218;1168;1121;1076;1033;992;953;915;880;847;815;786;758;732;708;686;665;647;630;615;602;590;581;572;566;562;559;557;558;560;564;570;577;586;597;609;623;640;657;677;698;721;746;773;802;832;865;899;934;972;1012;1053;1096;1141;1187;1236;1286;1338;1392;1447;1505;1564;1625;1688;1753;;;;;;;;;;;;;;;;;;;;;;;;;;;;;;;;;;;
-0.300;;;;;;;;;;;;;;;;;;;;3126;3004;2885;2770;2659;2553;2450;2352;2258;2167;2081;1997;1918;1841;1767;1696;1629;1563;1500;1440;1382;1326;1273;1222;1172;1125;1080;1037;996;956;919;884;850;819;789;762;736;712;689;669;650;633;618;605;593;584;576;569;565;562;560;561;563;567;572;580;589;599;612;626;642;660;680;701;724;749;776;804;835;867;901;937;974;1014;1055;1098;1143;1189;1238;1288;1339;1393;1449;1506;1565;1626;1689;1754;;;;;;;;;;;;;;;;;;;;;;;;;;;;;;;;;;;
-0.400;;;;;;;;;;;;;;;;;;;;3133;3010;2891;2776;2665;2559;2457;2358;2264;2174;2087;2004;1924;1847;1773;1703;1635;1569;1507;1446;1388;1332;1279;1227;1178;1131;1086;1043;1001;962;925;889;856;824;795;767;741;717;695;674;655;638;623;610;598;589;580;574;569;566;565;565;568;571;577;584;593;604;616;631;647;664;684;705;728;753;780;809;839;871;905;941;978;1018;1059;1102;1146;1193;1241;1291;1343;1396;1451;1509;1568;1629;1692;1757;;;;;;;;;;;;;;;;;;;;;;;;;;;;;;;;;;;
-0.500;;;;;;;;;;;;;;;;;;;;3142;3019;2900;2785;2674;2568;2466;2367;2273;2183;2096;2012;1932;1856;1782;1711;1643;1578;1515;1454;1396;1340;1287;1235;1186;1139;1093;1050;1009;970;932;897;863;832;802;774;748;724;702;681;662;645;630;617;605;595;587;581;576;573;571;572;574;578;583;591;599;610;623;637;653;671;690;711;735;760;786;815;845;877;911;947;984;1023;1064;1107;1152;1198;1246;1296;1347;1401;1456;1513;1572;1633;1696;1761;;;;;;;;;;;;;;;;;;;;;;;;;;;;;;;;;;;
-0.600;;;;;;;;;;;;;;;;;;;;3154;3031;2912;2797;2687;2580;2478;2379;2285;2194;2107;2024;1944;1867;1793;1722;1654;1588;1525;1464;1406;1350;1297;1245;1196;1148;1103;1060;1018;979;942;906;873;841;811;783;757;733;710;690;671;654;639;625;614;604;595;589;584;581;580;580;582;586;591;599;608;618;631;645;661;679;698;719;743;767;794;823;853;885;919;954;992;1031;1072;1114;1159;1205;1253;1303;1354;1407;1463;1520;1578;1639;1702;1768;;;;;;;;;;;;;;;;;;;;;;;;;;;;;;;;;;;
-0.700;;;;;;;;;;;;;;;;;;;;3170;3047;2928;2813;2702;2595;2492;2394;2299;2208;2121;2037;1957;1880;1806;1735;1666;1601;1537;1477;1418;1362;1309;1257;1207;1160;1115;1071;1030;990;953;917;884;852;822;794;768;744;721;700;682;664;649;636;624;614;605;599;594;591;590;590;592;596;601;608;617;628;640;655;671;688;708;729;752;777;804;832;862;894;928;964;1001;1040;1081;1123;1168;1214;1261;1311;1362;1416;1471;1528;1587;1647;1710;1776;;;;;;;;;;;;;;;;;;;;;;;;;;;;;;;;;;;
-0.800;;;;;;;;;;;;;;;;;;;;3189;3065;2946;2831;2720;2613;2510;2411;2316;2225;2137;2054;1973;1896;1821;1750;1681;1615;1552;1491;1433;1376;1322;1271;1221;1173;1128;1084;1043;1003;966;930;896;865;835;807;780;756;733;713;694;677;661;648;636;626;617;611;606;603;601;602;604;607;613;620;629;640;652;666;682;700;719;741;764;788;815;843;874;906;939;975;1012;1051;1092;1134;1178;1224;1272;1321;1373;1426;1481;1538;1596;1657;1720;1786;;;;;;;;;;;;;;;;;;;;;;;;;;;;;;;;;;;
-0.900;;;;;;;;;;;;;;;;;;;;3210;3087;2968;2852;2741;2633;2530;2431;2336;2244;2156;2072;1991;1914;1839;1767;1698;1632;1569;1508;1449;1392;1338;1286;1237;1189;1143;1100;1058;1018;981;945;911;879;849;821;795;770;748;727;708;691;675;662;650;639;631;624;619;616;615;615;617;621;626;633;642;653;665;679;695;713;733;754;777;802;828;857;887;919;952;988;1025;1064;1104;1147;1191;1237;1284;1333;1385;1438;1493;1549;1608;1669;1732;1798;;;;;;;;;;;;;;;;;;;;;;;;;;;;;;;;;;;
-1.000;;;;;;;;;;;;;;;;;;;;3235;3112;2992;2876;2764;2657;2553;2454;2358;2266;2178;2093;2012;1934;1859;1787;1718;1651;1587;1526;1467;1410;1356;1304;1254;1206;1160;1117;1075;1035;997;962;928;896;866;837;811;786;764;743;724;706;691;677;665;655;646;640;635;632;630;630;632;636;641;648;657;668;680;695;710;728;748;769;792;817;843;872;902;933;967;1002;1039;1078;1119;1161;1205;1251;1298;1347;1399;1451;1506;1563;1622;1683;1746;1811;;;;;;;;;;;;;;;;;;;;;;;;;;;;;;;;;;;
-1.100;;;;;;;;;;;;;;;;;;;;3262;3139;3019;2903;2791;2683;2579;2479;2383;2291;2202;2117;2035;1957;1881;1809;1739;1673;1608;1547;1487;1431;1376;1324;1274;1226;1180;1136;1094;1054;1016;980;946;914;884;855;829;804;782;761;741;724;708;695;683;672;664;657;652;649;647;647;649;653;658;665;674;685;697;711;727;745;764;786;809;834;860;888;918;950;984;1019;1056;1095;1135;1177;1221;1267;1314;1363;1414;1467;1522;1579;1637;1698;1762;1827;;;;;;;;;;;;;;;;;;;;;;;;;;;;;;;;;;;
-1.200;;;;;;;;;;;;;;;;;;;;3293;3169;3049;2933;2821;2712;2608;2507;2411;2318;2229;2143;2061;1982;1906;1833;1763;1696;1631;1569;1510;1453;1398;1345;1295;1247;1201;1157;1115;1075;1037;1001;966;934;904;875;849;824;801;780;761;743;728;714;702;691;683;676;671;667;666;666;668;671;677;684;693;703;716;730;746;764;783;804;827;852;879;907;937;969;1002;1038;1074;1113;1153;1196;1239;1285;1332;1381;1432;1485;1540;1596;1655;1716;1779;1845;;;;;;;;;;;;;;;;;;;;;;;;;;;;;;;;;;;
-1.300;;;;;;;;;;;;;;;;;;;;;3202;3082;2966;2853;2744;2639;2538;2441;2347;2258;2172;2089;2009;1933;1860;1789;1722;1657;1594;1534;1477;1422;1369;1319;1270;1224;1180;1137;1097;1059;1023;989;956;926;897;870;846;823;801;782;764;749;735;722;712;703;696;691;688;686;686;688;692;697;704;713;724;736;750;766;784;804;825;848;873;899;927;957;989;1023;1058;1095;1133;1174;1216;1259;1305;1352;1401;1452;1505;1559;1616;1675;1736;1799;1865;;;;;;;;;;;;;;;;;;;;;;;;;;;;;;;;;;;
-1.400;;;;;;;;;;;;;;;;;;;;;3238;3118;3001;2888;2778;2673;2571;2474;2380;2289;2203;2119;2039;1962;1888;1818;1749;1684;1621;1561;1503;1448;1395;1344;1295;1249;1204;1162;1122;1083;1047;1013;980;950;921;894;869;846;825;805;787;772;757;745;735;726;719;714;710;708;708;710;714;719;726;735;746;758;772;788;806;826;847;870;895;921;950;980;1012;1045;1080;1117;1156;1196;1238;1282;1327;1374;1423;1474;1527;1581;1638;1696;1757;1821;;;;;;;;;;;;;;;;;;;;;;;;;;;;;;;;;;;;
-1.500;;;;;;;;;;;;;;;;;;;;;3277;3156;3039;2925;2816;2710;2608;2509;2414;2323;2236;2152;2071;1994;1920;1848;1780;1714;1651;1590;1532;1476;1423;1372;1323;1276;1231;1189;1148;1110;1073;1039;1006;975;946;919;894;871;850;830;812;796;782;770;759;750;743;738;734;732;732;734;738;743;750;759;770;782;796;812;830;850;871;894;919;946;974;1004;1036;1069;1105;1141;1180;1220;1262;1306;1351;1398;1447;1498;1550;1605;1662;1720;1781;1845;;;;;;;;;;;;;;;;;;;;;;;;;;;;;;;;;;;;
-1.600;;;;;;;;;;;;;;;;;;;;;3317;3197;3080;2966;2856;2749;2646;2547;2452;2360;2272;2187;2106;2028;1953;1881;1812;1746;1682;1621;1562;1506;1453;1401;1352;1305;1260;1217;1177;1138;1101;1067;1034;1003;974;947;922;898;877;857;839;823;808;796;785;776;769;764;760;758;758;760;763;769;776;785;795;808;822;838;856;876;897;920;945;972;1000;1030;1062;1096;1131;1168;1206;1246;1288;1332;1377;1424;1473;1524;1576;1631;1688;1746;1807;1871;;;;;;;;;;;;;;;;;;;;;;;;;;;;;;;;;;;;
-1.700;;;;;;;;;;;;;;;;;;;;;;3240;3123;3009;2898;2791;2687;2588;2492;2399;2311;2225;2143;2064;1989;1916;1847;1780;1716;1654;1595;1539;1485;1433;1383;1336;1291;1248;1207;1168;1131;1096;1063;1032;1003;976;951;927;905;885;867;851;837;824;813;804;797;791;788;786;786;787;791;796;803;812;823;835;850;866;884;903;925;948;973;1000;1028;1058;1090;1124;1159;1196;1235;1275;1317;1360;1406;1453;1501;1552;1605;1659;1716;1774;1836;;;;;;;;;;;;;;;;;;;;;;;;;;;;;;;;;;;;;
-1.800;;;;;;;;;;;;;;;;;;;;;;3286;3169;3054;2943;2835;2731;2631;2534;2441;2351;2265;2183;2103;2027;1954;1883;1816;1751;1689;1630;1573;1519;1467;1417;1369;1324;1281;1240;1200;1163;1128;1095;1064;1034;1007;982;958;936;916;898;881;867;854;843;834;826;821;817;815;815;817;820;825;833;842;852;865;879;895;913;933;955;978;1003;1030;1058;1089;1120;1154;1189;1226;1265;1305;1347;1391;1436;1483;1532;1582;1635;1689;1746;1805;1866;;;;;;;;;;;;;;;;;;;;;;;;;;;;;;;;;;;;;
-1.900;;;;;;;;;;;;;;;;;;;;;;3334;3217;3102;2991;2882;2778;2677;2579;2485;2395;2308;2225;2144;2067;1993;1923;1855;1789;1727;1667;1610;1555;1503;1452;1405;1359;1315;1274;1235;1197;1162;1129;1097;1068;1040;1014;991;968;948;930;913;899;886;875;865;858;852;848;846;846;848;851;857;864;873;883;896;910;927;945;965;986;1010;1035;1062;1090;1121;1153;1186;1222;1259;1297;1338;1380;1423;1469;1516;1564;1615;1668;1722;1779;1837;1899;;;;;;;;;;;;;;;;;;;;;;;;;;;;;;;;;;;;;
-2.000;;;;;;;;;;;;;;;;;;;;;;;3267;3152;3041;2932;2827;2725;2627;2532;2441;2353;2269;2188;2110;2036;1964;1896;1830;1767;1706;1649;1593;1541;1490;1442;1396;1352;1311;1271;1233;1198;1164;1133;1103;1075;1049;1025;1003;983;964;947;933;919;908;899;891;886;882;880;879;881;884;890;897;906;917;929;944;960;978;998;1020;1043;1069;1096;1124;1155;1187;1221;1256;1293;1332;1372;1414;1458;1503;1550;1599;1650;1702;1757;1813;1872;;;;;;;;;;;;;;;;;;;;;;;;;;;;;;;;;;;;;;
-2.100;;;;;;;;;;;;;;;;;;;;;;;3320;3205;3093;2984;2878;2776;2677;2581;2489;2401;2316;2234;2156;2080;2008;1939;1872;1809;1748;1690;1634;1581;1530;1481;1435;1391;1349;1309;1272;1236;1202;1170;1140;1112;1086;1062;1039;1019;1000;983;968;955;944;934;927;921;917;914;914;916;919;924;932;941;951;964;979;995;1013;1034;1055;1079;1104;1132;1161;1191;1223;1257;1293;1330;1369;1409;1451;1495;1540;1587;1636;1687;1739;1794;1850;1909;;;;;;;;;;;;;;;;;;;;;;;;;;;;;;;;;;;;;;
-2.200;;;;;;;;;;;;;;;;;;;;;;;;3260;3148;3038;2932;2829;2729;2633;2540;2451;2365;2283;2203;2127;2054;1984;1917;1853;1792;1733;1677;1623;1572;1523;1477;1432;1390;1350;1312;1276;1242;1210;1179;1151;1125;1100;1078;1057;1038;1021;1006;993;981;971;964;958;954;951;951;953;956;961;968;977;988;1001;1016;1032;1051;1071;1093;1117;1142;1170;1199;1229;1262;1296;1332;1369;1408;1448;1490;1534;1580;1627;1675;1726;1779;1833;1890;1948;;;;;;;;;;;;;;;;;;;;;;;;;;;;;;;;;;;;;;
-2.300;;;;;;;;;;;;;;;;;;;;;;;;3317;3205;3095;2989;2885;2784;2687;2594;2504;2417;2334;2254;2177;2103;2033;1965;1900;1838;1779;1722;1668;1616;1567;1520;1475;1433;1392;1354;1318;1284;1251;1221;1192;1166;1141;1118;1097;1078;1061;1046;1032;1021;1011;1003;997;993;990;990;991;995;1000;1007;1016;1027;1040;1055;1072;1090;1110;1133;1157;1182;1210;1239;1270;1302;1337;1372;1410;1449;1489;1532;1575;1621;1668;1717;1767;1820;1874;1931;;;;;;;;;;;;;;;;;;;;;;;;;;;;;;;;;;;;;;;
-2.400;;;;;;;;;;;;;;;;;;;;;;;;;3265;3155;3047;2943;2842;2744;2650;2559;2471;2387;2306;2229;2154;2083;2015;1949;1887;1827;1770;1715;1663;1613;1566;1521;1478;1437;1399;1362;1328;1295;1264;1236;1209;1184;1161;1140;1121;1103;1088;1074;1062;1052;1044;1038;1033;1031;1031;1032;1035;1041;1048;1057;1068;1081;1096;1113;1131;1152;1174;1198;1224;1252;1281;1312;1345;1379;1415;1453;1492;1533;1575;1619;1665;1712;1761;1811;1864;1918;;;;;;;;;;;;;;;;;;;;;;;;;;;;;;;;;;;;;;;;
-2.500;;;;;;;;;;;;;;;;;;;;;;;;;3326;3216;3109;3004;2902;2804;2709;2617;2528;2443;2362;2283;2208;2136;2067;2001;1938;1877;1820;1765;1712;1662;1614;1569;1526;1484;1446;1409;1374;1341;1310;1281;1254;1229;1206;1184;1165;1147;1131;1117;1105;1095;1087;1081;1076;1074;1073;1075;1078;1083;1091;1100;1111;1124;1139;1156;1175;1195;1218;1242;1268;1296;1326;1357;1390;1424;1461;1498;1538;1578;1621;1665;1710;1758;1806;1857;1909;1964;;;;;;;;;;;;;;;;;;;;;;;;;;;;;;;;;;;;;;;;
-2.600;;;;;;;;;;;;;;;;;;;;;;;;;;3280;3172;3067;2965;2866;2770;2677;2588;2502;2420;2340;2264;2192;2122;2055;1991;1930;1872;1817;1764;1713;1665;1619;1575;1534;1495;1457;1422;1389;1358;1329;1301;1276;1253;1231;1211;1193;1177;1163;1151;1141;1132;1126;1121;1119;1118;1120;1123;1128;1135;1145;1156;1169;1184;1201;1220;1241;1264;1288;1314;1342;1372;1404;1437;1472;1508;1546;1585;1626;1669;1713;1758;1806;1854;1905;1957;;;;;;;;;;;;;;;;;;;;;;;;;;;;;;;;;;;;;;;;;
-2.700;;;;;;;;;;;;;;;;;;;;;;;;;;3346;3238;3133;3030;2930;2834;2740;2650;2564;2480;2400;2323;2250;2179;2112;2047;1986;1927;1871;1817;1766;1718;1671;1627;1586;1546;1509;1473;1440;1408;1379;1351;1325;1302;1280;1260;1242;1225;1211;1199;1188;1180;1173;1169;1166;1165;1166;1170;1175;1182;1192;1203;1216;1231;1249;1268;1289;1312;1336;1363;1391;1421;1453;1486;1521;1557;1595;1635;1676;1719;1763;1808;1856;1905;1955;2007;;;;;;;;;;;;;;;;;;;;;;;;;;;;;;;;;;;;;;;;;
-2.800;;;;;;;;;;;;;;;;;;;;;;;;;;;3307;3201;3098;2998;2900;2806;2715;2628;2543;2462;2385;2310;2239;2171;2106;2044;1984;1928;1874;1822;1773;1726;1682;1640;1600;1562;1526;1493;1461;1431;1403;1377;1353;1331;1311;1292;1276;1261;1249;1238;1229;1223;1218;1215;1214;1216;1219;1224;1231;1241;1252;1265;1281;1298;1317;1338;1362;1386;1413;1442;1472;1504;1537;1572;1609;1647;1687;1728;1771;1815;1861;1908;1957;2007;;;;;;;;;;;;;;;;;;;;;;;;;;;;;;;;;;;;;;;;;;
-2.900;;;;;;;;;;;;;;;;;;;;;;;;;;;;3272;3168;3067;2969;2874;2783;2694;2609;2527;2449;2374;2302;2233;2167;2104;2044;1987;1933;1881;1831;1784;1739;1697;1656;1618;1582;1548;1516;1486;1457;1431;1407;1384;1364;1345;1329;1314;1301;1290;1281;1274;1269;1267;1266;1267;1270;1275;1283;1292;1303;1317;1332;1350;1369;1390;1414;1439;1466;1494;1525;1557;1591;1626;1663;1701;1741;1782;1825;1869;1915;1962;2011;;;;;;;;;;;;;;;;;;;;;;;;;;;;;;;;;;;;;;;;;;;
-3.000;;;;;;;;;;;;;;;;;;;;;;;;;;;;;3241;3139;3041;2945;2853;2764;2678;2595;2516;2440;2367;2298;2231;2168;2107;2049;1994;1942;1892;1844;1799;1756;1715;1677;1640;1606;1573;1543;1514;1488;1463;1440;1419;1401;1384;1369;1356;1345;1335;1328;1323;1320;1319;1320;1324;1329;1336;1345;1357;1370;1386;1404;1423;1445;1468;1493;1520;1549;1580;1612;1646;1681;1718;1757;1797;1838;1881;1925;1971;2018;2067;;;;;;;;;;;;;;;;;;;;;;;;;;;;;;;;;;;;;;;;;;;
-3.100;;;;;;;;;;;;;;;;;;;;;;;;;;;;;3316;3214;3115;3019;2926;2836;2749;2666;2586;2509;2435;2365;2298;2234;2172;2114;2058;2005;1955;1907;1861;1818;1777;1738;1701;1666;1633;1602;1573;1547;1522;1499;1478;1458;1441;1426;1413;1401;1392;1385;1379;1376;1375;1376;1379;1385;1392;1401;1413;1426;1442;1460;1479;1501;1525;1550;1577;1606;1637;1670;1704;1739;1776;1815;1855;1896;1939;1984;2029;2077;;;;;;;;;;;;;;;;;;;;;;;;;;;;;;;;;;;;;;;;;;;;
-3.200;;;;;;;;;;;;;;;;;;;;;;;;;;;;;;3291;3192;3095;3001;2911;2823;2739;2658;2581;2506;2435;2367;2302;2240;2181;2125;2072;2021;1972;1926;1882;1841;1801;1764;1729;1696;1665;1635;1608;1583;1560;1538;1519;1501;1486;1472;1461;1451;1444;1438;1435;1434;1434;1437;1443;1450;1459;1471;1484;1500;1518;1538;1559;1583;1609;1636;1665;1696;1729;1763;1799;1836;1875;1915;1957;1999;2044;2089;;;;;;;;;;;;;;;;;;;;;;;;;;;;;;;;;;;;;;;;;;;;;
-3.300;;;;;;;;;;;;;;;;;;;;;;;;;;;;;;;3271;3174;3079;2988;2900;2815;2733;2655;2580;2508;2439;2374;2311;2252;2195;2141;2089;2040;1994;1949;1907;1868;1830;1794;1761;1729;1700;1672;1647;1623;1601;1582;1564;1548;1534;1522;1513;1505;1499;1496;1494;1495;1498;1503;1510;1520;1531;1545;1561;1578;1598;1620;1644;1670;1697;1727;1758;1790;1825;1861;1898;1937;1977;2018;2061;2105;;;;;;;;;;;;;;;;;;;;;;;;;;;;;;;;;;;;;;;;;;;;;;
-3.400;;;;;;;;;;;;;;;;;;;;;;;;;;;;;;;;3255;3160;3068;2979;2894;2811;2732;2656;2584;2514;2448;2385;2325;2267;2213;2160;2111;2064;2019;1977;1937;1899;1863;1829;1797;1767;1739;1713;1689;1667;1647;1629;1613;1599;1587;1577;1569;1563;1559;1558;1558;1561;1566;1573;1582;1594;1608;1623;1641;1661;1683;1707;1733;1760;1790;1821;1854;1888;1924;1962;2000;2040;2082;2125;;;;;;;;;;;;;;;;;;;;;;;;;;;;;;;;;;;;;;;;;;;;;;;
-3.500;;;;;;;;;;;;;;;;;;;;;;;;;;;;;;;;;3243;3151;3061;2975;2892;2812;2735;2662;2592;2525;2461;2400;2342;2287;2235;2185;2137;2092;2049;2009;1970;1934;1900;1867;1837;1809;1782;1758;1736;1715;1697;1680;1666;1654;1643;1635;1629;1625;1623;1624;1627;1631;1638;1648;1659;1673;1688;1706;1726;1748;1772;1798;1826;1855;1886;1919;1954;1990;2027;2066;2106;2147;;;;;;;;;;;;;;;;;;;;;;;;;;;;;;;;;;;;;;;;;;;;;;;;
-3.600;;;;;;;;;;;;;;;;;;;;;;;;;;;;;;;;;;3236;3146;3059;2975;2895;2817;2743;2673;2605;2540;2479;2420;2365;2311;2261;2213;2167;2124;2083;2044;2008;1973;1940;1910;1881;1855;1830;1807;1786;1768;1751;1736;1723;1713;1704;1698;1694;1692;1692;1695;1699;1706;1715;1727;1740;1756;1774;1793;1815;1839;1865;1893;1922;1954;1986;2021;2057;2094;2133;2173;;;;;;;;;;;;;;;;;;;;;;;;;;;;;;;;;;;;;;;;;;;;;;;;;
-3.700;;;;;;;;;;;;;;;;;;;;;;;;;;;;;;;;;;;3233;3145;3061;2980;2902;2827;2756;2687;2622;2560;2501;2445;2391;2340;2292;2246;2202;2161;2121;2084;2049;2016;1985;1956;1929;1904;1881;1860;1841;1824;1809;1796;1785;1776;1770;1765;1763;1763;1765;1770;1776;1785;1796;1810;1825;1843;1863;1885;1909;1934;1962;1991;2023;2055;2090;2126;2163;2201;;;;;;;;;;;;;;;;;;;;;;;;;;;;;;;;;;;;;;;;;;;;;;;;;;
-3.800;;;;;;;;;;;;;;;;;;;;;;;;;;;;;;;;;;;;;3149;3067;2989;2913;2841;2772;2707;2644;2584;2528;2474;2422;2373;2327;2283;2241;2201;2164;2129;2095;2064;2035;2007;1982;1958;1937;1917;1900;1885;1871;1860;1851;1844;1839;1837;1836;1838;1842;1849;1858;1869;1882;1897;1915;1935;1956;1980;2006;2033;2062;2093;2126;2160;2196;;;;;;;;;;;;;;;;;;;;;;;;;;;;;;;;;;;;;;;;;;;;;;;;;;;;
-3.900;;;;;;;;;;;;;;;;;;;;;;;;;;;;;;;;;;;;;;3157;3078;3002;2929;2860;2794;2731;2670;2613;2559;2507;2457;2411;2366;2324;2284;2246;2211;2177;2145;2115;2088;2062;2038;2016;1997;1979;1963;1949;1938;1928;1921;1916;1913;1912;1914;1918;1924;1933;1943;1956;1971;1989;2008;2030;2053;2079;2106;2135;2166;2198;2232;;;;;;;;;;;;;;;;;;;;;;;;;;;;;;;;;;;;;;;;;;;;;;;;;;;;;
-4.000;;;;;;;;;;;;;;;;;;;;;;;;;;;;;;;;;;;;;;;;3093;3020;2950;2883;2819;2759;2701;2646;2594;2544;2497;2452;2410;2369;2331;2295;2261;2229;2199;2171;2145;2121;2099;2079;2060;2044;2030;2018;2008;2001;1995;1992;1991;1992;1996;2002;2010;2020;2033;2048;2065;2084;2105;2129;2154;2181;2210;2240;;;;;;;;;;;;;;;;;;;;;;;;;;;;;;;;;;;;;;;;;;;;;;;;;;;;;;;
-4.100;;;;;;;;;;;;;;;;;;;;;;;;;;;;;;;;;;;;;;;;;3112;3042;2974;2910;2849;2791;2736;2683;2633;2586;2541;2498;2458;2419;2383;2348;2316;2286;2257;2231;2206;2184;2163;2145;2128;2114;2102;2091;2083;2077;2074;2072;2073;2076;2082;2090;2100;2112;2126;2143;2162;2183;2206;2231;2257;2286;;;;;;;;;;;;;;;;;;;;;;;;;;;;;;;;;;;;;;;;;;;;;;;;;;;;;;;;
-4.200;;;;;;;;;;;;;;;;;;;;;;;;;;;;;;;;;;;;;;;;;;;3068;3003;2942;2884;2828;2775;2725;2677;2632;2589;2548;2509;2473;2438;2406;2375;2346;2320;2295;2272;2251;2232;2215;2200;2188;2177;2168;2162;2158;2156;2157;2159;2164;2172;2181;2193;2207;2223;2242;2262;2285;2309;;;;;;;;;;;;;;;;;;;;;;;;;;;;;;;;;;;;;;;;;;;;;;;;;;;;;;;;;;
-4.300;;;;;;;;;;;;;;;;;;;;;;;;;;;;;;;;;;;;;;;;;;;;;3036;2978;2922;2869;2818;2771;2725;2682;2641;2602;2565;2530;2498;2467;2438;2411;2386;2363;2341;2322;2305;2290;2276;2265;2256;2250;2245;2243;2243;2245;2249;2256;2265;2276;2290;2306;2324;2343;;;;;;;;;;;;;;;;;;;;;;;;;;;;;;;;;;;;;;;;;;;;;;;;;;;;;;;;;;;;
-4.400;;;;;;;;;;;;;;;;;;;;;;;;;;;;;;;;;;;;;;;;;;;;;;;;2964;2914;2866;2820;2777;2736;2697;2660;2625;2592;2561;2532;2505;2479;2456;2434;2415;2397;2381;2368;2356;2347;2339;2334;2332;2331;2333;2337;2343;2351;2362;2375;;;;;;;;;;;;;;;;;;;;;;;;;;;;;;;;;;;;;;;;;;;;;;;;;;;;;;;;;;;;;;;
-4.500;;;;;;;;;;;;;;;;;;;;;;;;;;;;;;;;;;;;;;;;;;;;;;;;;;2962;2916;2873;2832;2793;2756;2721;2688;2657;2628;2601;2575;2551;2530;2510;2492;2476;2462;2450;2440;2432;2426;2423;2422;2423;2426;2432;;;;;;;;;;;;;;;;;;;;;;;;;;;;;;;;;;;;;;;;;;;;;;;;;;;;;;;;;;;;;;;;;;
-4.600;;;;;;;;;;;;;;;;;;;;;;;;;;;;;;;;;;;;;;;;;;;;;;;;;;;;;;2891;2854;2820;2787;2755;2726;2699;2673;2649;2627;2607;2588;2572;2558;2545;2535;2527;2520;2516;;;;;;;;;;;;;;;;;;;;;;;;;;;;;;;;;;;;;;;;;;;;;;;;;;;;;;;;;;;;;;;;;;;;;;
-4.700;;;;;;;;;;;;;;;;;;;;;;;;;;;;;;;;;;;;;;;;;;;;;;;;;;;;;;;;;;;;;;;;;;;;;;;;;;;;;;;;;;;;;;;;;;;;;;;;;;;;;;;;;;;;;;;;;;;;;;;;;;;;;;;;;;;;;;;;;;;;;;
-4.800;;;;;;;;;;;;;;;;;;;;;;;;;;;;;;;;;;;;;;;;;;;;;;;;;;;;;;;;;;;;;;;;;;;;;;;;;;;;;;;;;;;;;;;;;;;;;;;;;;;;;;;;;;;;;;;;;;;;;;;;;;;;;;;;;;;;;;;;;;;;;;
-4.900;;;;;;;;;;;;;;;;;;;;;;;;;;;;;;;;;;;;;;;;;;;;;;;;;;;;;;;;;;;;;;;;;;;;;;;;;;;;;;;;;;;;;;;;;;;;;;;;;;;;;;;;;;;;;;;;;;;;;;;;;;;;;;;;;;;;;;;;;;;;;;
-5.000;;;;;;;;;;;;;;;;;;;;;;;;;;;;;;;;;;;;;;;;;;;;;;;;;;;;;;;;;;;;;;;;;;;;;;;;;;;;;;;;;;;;;;;;;;;;;;;;;;;;;;;;;;;;;;;;;;;;;;;;;;;;;;;;;;;;;;;;;;;;;;
-5.100;;;;;;;;;;;;;;;;;;;;;;;;;;;;;;;;;;;;;;;;;;;;;;;;;;;;;;;;;;;;;;;;;;;;;;;;;;;;;;;;;;;;;;;;;;;;;;;;;;;;;;;;;;;;;;;;;;;;;;;;;;;;;;;;;;;;;;;;;;;;;;
-5.200;;;;;;;;;;;;;;;;;;;;;;;;;;;;;;;;;;;;;;;;;;;;;;;;;;;;;;;;;;;;;;;;;;;;;;;;;;;;;;;;;;;;;;;;;;;;;;;;;;;;;;;;;;;;;;;;;;;;;;;;;;;;;;;;;;;;;;;;;;;;;;
-5.300;;;;;;;;;;;;;;;;;;;;;;;;;;;;;;;;;;;;;;;;;;;;;;;;;;;;;;;;;;;;;;;;;;;;;;;;;;;;;;;;;;;;;;;;;;;;;;;;;;;;;;;;;;;;;;;;;;;;;;;;;;;;;;;;;;;;;;;;;;;;;;
-5.400;;;;;;;;;;;;;;;;;;;;;;;;;;;;;;;;;;;;;;;;;;;;;;;;;;;;;;;;;;;;;;;;;;;;;;;;;;;;;;;;;;;;;;;;;;;;;;;;;;;;;;;;;;;;;;;;;;;;;;;;;;;;;;;;;;;;;;;;;;;;;;
-5.500;;;;;;;;;;;;;;;;;;;;;;;;;;;;;;;;;;;;;;;;;;;;;;;;;;;;;;;;;;;;;;;;;;;;;;;;;;;;;;;;;;;;;;;;;;;;;;;;;;;;;;;;;;;;;;;;;;;;;;;;;;;;;;;;;;;;;;;;;;;;;;
-5.600;;;;;;;;;;;;;;;;;;;;;;;;;;;;;;;;;;;;;;;;;;;;;;;;;;;;;;;;;;;;;;;;;;;;;;;;;;;;;;;;;;;;;;;;;;;;;;;;;;;;;;;;;;;;;;;;;;;;;;;;;;;;;;;;;;;;;;;;;;;;;;
-5.700;;;;;;;;;;;;;;;;;;;;;;;;;;;;;;;;;;;;;;;;;;;;;;;;;;;;;;;;;;;;;;;;;;;;;;;;;;;;;;;;;;;;;;;;;;;;;;;;;;;;;;;;;;;;;;;;;;;;;;;;;;;;;;;;;;;;;;;;;;;;;;
-5.800;;;;;;;;;;;;;;;;;;;;;;;;;;;;;;;;;;;;;;;;;;;;;;;;;;;;;;;;;;;;;;;;;;;;;;;;;;;;;;;;;;;;;;;;;;;;;;;;;;;;;;;;;;;;;;;;;;;;;;;;;;;;;;;;;;;;;;;;;;;;;;
-5.900;;;;;;;;;;;;;;;;;;;;;;;;;;;;;;;;;;;;;;;;;;;;;;;;;;;;;;;;;;;;;;;;;;;;;;;;;;;;;;;;;;;;;;;;;;;;;;;;;;;;;;;;;;;;;;;;;;;;;;;;;;;;;;;;;;;;;;;;;;;;;;
-6.000;;;;;;;;;;;;;;;;;;;;;;;;;;;;;;;;;;;;;;;;;;;;;;;;;;;;;;;;;;;;;;;;;;;;;;;;;;;;;;;;;;;;;;;;;;;;;;;;;;;;;;;;;;;;;;;;;;;;;;;;;;;;;;;;;;;;;;;;;;;;;;
-6.100;;;;;;;;;;;;;;;;;;;;;;;;;;;;;;;;;;;;;;;;;;;;;;;;;;;;;;;;;;;;;;;;;;;;;;;;;;;;;;;;;;;;;;;;;;;;;;;;;;;;;;;;;;;;;;;;;;;;;;;;;;;;;;;;;;;;;;;;;;;;;;
-6.200;;;;;;;;;;;;;;;;;;;;;;;;;;;;;;;;;;;;;;;;;;;;;;;;;;;;;;;;;;;;;;;;;;;;;;;;;;;;;;;;;;;;;;;;;;;;;;;;;;;;;;;;;;;;;;;;;;;;;;;;;;;;;;;;;;;;;;;;;;;;;;
-6.300;;;;;;;;;;;;;;;;;;;;;;;;;;;;;;;;;;;;;;;;;;;;;;;;;;;;;;;;;;;;;;;;;;;;;;;;;;;;;;;;;;;;;;;;;;;;;;;;;;;;;;;;;;;;;;;;;;;;;;;;;;;;;;;;;;;;;;;;;;;;;;
-6.400;;;;;;;;;;;;;;;;;;;;;;;;;;;;;;;;;;;;;;;;;;;;;;;;;;;;;;;;;;;;;;;;;;;;;;;;;;;;;;;;;;;;;;;;;;;;;;;;;;;;;;;;;;;;;;;;;;;;;;;;;;;;;;;;;;;;;;;;;;;;;;
-6.500;;;;;;;;;;;;;;;;;;;;;;;;;;;;;;;;;;;;;;;;;;;;;;;;;;;;;;;;;;;;;;;;;;;;;;;;;;;;;;;;;;;;;;;;;;;;;;;;;;;;;;;;;;;;;;;;;;;;;;;;;;;;;;;;;;;;;;;;;;;;;;
-6.600;;;;;;;;;;;;;;;;;;;;;;;;;;;;;;;;;;;;;;;;;;;;;;;;;;;;;;;;;;;;;;;;;;;;;;;;;;;;;;;;;;;;;;;;;;;;;;;;;;;;;;;;;;;;;;;;;;;;;;;;;;;;;;;;;;;;;;;;;;;;;;
-6.700;;;;;;;;;;;;;;;;;;;;;;;;;;;;;;;;;;;;;;;;;;;;;;;;;;;;;;;;;;;;;;;;;;;;;;;;;;;;;;;;;;;;;;;;;;;;;;;;;;;;;;;;;;;;;;;;;;;;;;;;;;;;;;;;;;;;;;;;;;;;;;
-6.800;;;;;;;;;;;;;;;;;;;;;;;;;;;;;;;;;;;;;;;;;;;;;;;;;;;;;;;;;;;;;;;;;;;;;;;;;;;;;;;;;;;;;;;;;;;;;;;;;;;;;;;;;;;;;;;;;;;;;;;;;;;;;;;;;;;;;;;;;;;;;;
-6.900;;;;;;;;;;;;;;;;;;;;;;;;;;;;;;;;;;;;;;;;;;;;;;;;;;;;;;;;;;;;;;;;;;;;;;;;;;;;;;;;;;;;;;;;;;;;;;;;;;;;;;;;;;;;;;;;;;;;;;;;;;;;;;;;;;;;;;;;;;;;;;
-7.000;;;;;;;;;;;;;;;;;;;;;;;;;;;;;;;;;;;;;;;;;;;;;;;;;;;;;;;;;;;;;;;;;;;;;;;;;;;;;;;;;;;;;;;;;;;;;;;;;;;;;;;;;;;;;;;;;;;;;;;;;;;;;;;;;;;;;;;;;;;;;;
FRONT [mm];-7.000;-6.900;-6.800;-6.700;-6.600;-6.500;-6.400;-6.300;-6.200;-6.100;-6.000;-5.900;-5.800;-5.700;-5.600;-5.500;-5.400;-5.300;-5.200;-5.100;-5.000;-4.900;-4.800;-4.700;-4.600;-4.500;-4.400;-4.300;-4.200;-4.100;-4.000;-3.900;-3.800;-3.700;-3.600;-3.500;-3.400;-3.300;-3.200;-3.100;-3.000;-2.900;-2.800;-2.700;-2.600;-2.500;-2.400;-2.300;-2.200;-2.100;-2.000;-1.900;-1.800;-1.700;-1.600;-1.500;-1.400;-1.300;-1.200;-1.100;-1.000;-0.900;-0.800;-0.700;-0.600;-0.500;-0.400;-0.300;-0.200;-0.100;0.000;0.100;0.200;0.300;0.400;0.500;0.600;0.700;0.800;0.900;1.000;1.100;1.200;1.300;1.400;1.500;1.600;1.700;1.800;1.900;2.000;2.100;2.200;2.300;2.400;2.500;2.600;2.700;2.800;2.900;3.000;3.100;3.200;3.300;3.400;3.500;3.600;3.700;3.800;3.900;4.000;4.100;4.200;4.300;4.400;4.500;4.600;4.700;4.800;4.900;5.000;5.100;5.200;5.300;5.400;5.500;5.600;5.700;5.800;5.900;6.000;6.100;6.200;6.300;6.400;6.500;6.600;6.700;6.800;6.900;7.000;
7.000;;;;;;;;;;;;;;;;;;;;;;;;;;;;;;;;;;;;;;;;;;;;;;;;;;;;;;;;;;;;;;;;;;;;;;;;;;;;;;;;;;;;;;;;;;;;;;;;;;;;;;;;;;;;;;;;;;;;;;;;;;;;;;;;;;;;;;;;;;;;;;
6.900;;;;;;;;;;;;;;;;;;;;;;;;;;;;;;;;;;;;;;;;;;;;;;;;;;;;;;;;;;;;;;;;;;;;;;;;;;;;;;;;;;;;;;;;;;;;;;;;;;;;;;;;;;;;;;;;;;;;;;;;;;;;;;;;;;;;;;;;;;;;;;
6.800;;;;;;;;;;;;;;;;;;;;;;;;;;;;;;;;;;;;;;;;;;;;;;;;;;;;;;;;;;;;;;;;;;;;;;;;;;;;;;;;;;;;;;;;;;;;;;;;;;;;;;;;;;;;;;;;;;;;;;;;;;;;;;;;;;;;;;;;;;;;;;
6.700;;;;;;;;;;;;;;;;;;;;;;;;;;;;;;;;;;;;;;;;;;;;;;;;;;;;;;;;;;;;;;;;;;;;;;;;;;;;;;;;;;;;;;;;;;;;;;;;;;;;;;;;;;;;;;;;;;;;;;;;;;;;;;;;;;;;;;;;;;;;;;
6.600;;;;;;;;;;;;;;;;;;;;;;;;;;;;;;;;;;;;;;;;;;;;;;;;;;;;;;;;;;;;;;;;;;;;;;;;;;;;;;;;;;;;;;;;;;;;;;;;;;;;;;;;;;;;;;;;;;;;;;;;;;;;;;;;;;;;;;;;;;;;;;
6.500;;;;;;;;;;;;;;;;;;;;;;;;;;;;;;;;;;;;;;;;;;;;;;;;;;;;;;;;;;;;;;;;;;;;;;;;;;;;;;;;;;;;;;;;;;;;;;;;;;;;;;;;;;;;;;;;;;;;;;;;;;;;;;;;;;;;;;;;;;;;;;
6.400;;;;;;;;;;;;;;;;;;;;;;;;;;;;;;;;;;;;;;;;;;;;;;;;;;;;;;;;;;;;;;;;;;;;;;;;;;;;;;;;;;;;;;;;;;;;;;;;;;;;;;;;;;;;;;;;;;;;;;;;;;;;;;;;;;;;;;;;;;;;;;
6.300;;;;;;;;;;;;;;;;;;;;;;;;;;;;;;;;;;;;;;;;;;;;;;;;;;;;;;;;;;;;;;;;;;;;;;;;;;;;;;;;;;;;;;;;;;;;;;;;;;;;;;;;;;;;;;;;;;;;;;;;;;;;;;;;;;;;;;;;;;;;;;
6.200;;;;;;;;;;;;;;;;;;;;;;;;;;;;;;;;;;;;;;;;;;;;;;;;;;;;;;;;;;;;;;;;;;;;;;;;;;;;;;;;;;;;;;;;;;;;;;;;;;;;;;;;;;;;;;;;;;;;;;;;;;;;;;;;;;;;;;;;;;;;;;
6.100;;;;;;;;;;;;;;;;;;;;;;;;;;;;;;;;;;;;;;;;;;;;;;;;;;;;;;;;;;;;;;;;;;;;;;;;;;;;;;;;;;;;;;;;;;;;;;;;;;;;;;;;;;;;;;;;;;;;;;;;;;;;;;;;;;;;;;;;;;;;;;
6.000;;;;;;;;;;;;;;;;;;;;;;;;;;;;;;;;;;;;;;;;;;;;;;;;;;;;;;;;;;;;;;;;;;;;;;;;;;;;;;;;;;;;;;;;;;;;;;;;;;;;;;;;;;;;;;;;;;;;;;;;;;;;;;;;;;;;;;;;;;;;;;
5.900;;;;;;;;;;;;;;;;;;;;;;;;;;;;;;;;;;;;;;;;;;;;;;;;;;;;;;;;;;;;;;;;;;;;;;;;;;;;;;;;;;;;;;;;;;;;;;;;;;;;;;;;;;;;;;;;;;;;;;;;;;;;;;;;;;;;;;;;;;;;;;
5.800;;;;;;;;;;;;;;;;;;;;;;;;;;;;;;;;;;;;;;;;;;;;;;;;;;;;;;;;;;;;;;;;;;;;;;;;;;;;;;;;;;;;;;;;;;;;;;;;;;;;;;;;;;;;;;;;;;;;;;;;;;;;;;;;;;;;;;;;;;;;;;
5.700;;;;;;;;;;;;;;;;;;;;;;;;;;;;;;;;;;;;;;;;;;;;;;;;;;;;;;;;;;;;;;;;;;;;;;;;;;;;;;;;;;;;;;;;;;;;;;;;;;;;;;;;;;;;;;;;;;;;;;;;;;;;;;;;;;;;;;;;;;;;;;
5.600;;;;;;;;;;;;;;;;;;;;;;;;;;;;;;;;;;;;;;;;;;;;;;;;;;;;;;;;;;;;;;;;;;;;;;;;;;;;;;;;;;;;;;;;;;;;;;;;;;;;;;;;;;;;;;;;;;;;;;;;;;;;;;;;;;;;;;;;;;;;;;
5.500;;;;;;;;;;;;;;;;;;;;;;;;;;;;;;;;;;;;;;;;;;;;;;;;;;;;;;;;;;;;;;;;;;;;;;;;;;;;;;;;;;;;;;;;;;;;;;;;;;;;;;;;;;;;;;;;;;;;;;;;;;;;;;;;;;;;;;;;;;;;;;
5.400;;;;;;;;;;;;;;;;;;;;;;;;;;;;;;;;;;;;;;;;;;;;;;;;;;;;;;;;;;;;;;;;;;;;;;;;;;;;;;;;;;;;;;;;;;;;;;;;;;;;;;;;;;;;;;;;;;;;;;;;;;;;;;;;;;;;;;;;;;;;;;
5.300;;;;;;;;;;;;;;;;;;;;;;;;;;;;;;;;;;;;;;;;;;;;;;;;;;;;;;;;;;;;;;;;;;;;;;;;;;;;;;;;;;;;;;;;;;;;;;;;;;;;;;;;;;;;;;;;;;;;;;;;;;;;;;;;;;;;;;;;;;;;;;
5.200;;;;;;;;;;;;;;;;;;;;;;;;;;;;;;;;;;;;;;;;;;;;;;;;;;;;;;;;;;;;;;;;;;;;;;;;;;;;;;;;;;;;;;;;;;;;;;;;;;;;;;;;;;;;;;;;;;;;;;;;;;;;;;;;;;;;;;;;;;;;;;
5.100;;;;;;;;;;;;;;;;;;;;;;;;;;;;;;;;;;;;;;;;;;;;;;;;;;;;;;;;;;;;;;;;;;;;;;;;;;;;;;;;;;;;;;;;;;;;;;;;;;;;;;;;;;;;;;;;;;;;;;;;;;;;;;;;;;;;;;;;;;;;;;
5.000;;;;;;;;;;;;;;;;;;;;;;;;;;;;;;;;;;;;;;;;;;;;;;;;;;;;;;;;;;;;;;;;;;;;;;;;;;;;;;;;;;;;;;;;;;;;;;;;;;;;;;;;;;;;;;;;;;;;;;;;;;;;;;;;;;;;;;;;;;;;;;
4.900;;;;;;;;;;;;;;;;;;;;;;;;;;;;;;;;;;;;;;;;;;;;;;;;;;;;;;;;;;;;;;;;;;;;;;;;;;;;;;;;;;;;;;;;;;;;;;;;;;;;;;;;;;;;;;;;;;;;;;;;;;;;;;;;;;;;;;;;;;;;;;
4.800;;;;;;;;;;;;;;;;;;;;;;;;;;;;;;;;;;;;;;;;;;;;;;;;;;;;;;;;;;;;;;;;;;;;;;;;;;;;;;;;;;;;;;;;;;;;;;;;;;;;;;;;;;;;;;;;;;;;;;;;;;;;;;;;;;;;;;;;;;;;;;
4.700;;;;;;;;;;;;;;;;;;;;;;;;;;;;;;;;;;;;;;;;;;;;;;;;;;;;;;;;;;;;;;;;;;;;;;;;;;;;;;;;;;;;;;;;;;;;;;;;;;;;;;;;;;;;;;;;;;;;;;;;;;;;;;;;;;;;;;;;;;;;;;
4.600;;;;;;;;;;;;;;;;;;;;;;;;;;;;;;;;;;;;;;;;;;;;;;;;;;;;;;;;;;;;;;;;;;;;;;;;;;;;;;;;;;;;;;;;;;;;;;;;;;;;;;;;;;;;;;;;;;;;;;;;;;;;;;;;;;;;;;;;;;;;;;
4.500;;;;;;;;;;;;;;;;;;;;;;;;;;;;;;;;;;;;;;;;;;;;;;;;;;;;;;;;;;;;;;;;;;;;;;;;;;;;;;;;;;;;;;;;;;;;;;;;;;;;;;;;;;;;;;;;;;;;;;;;;;;;;;;;;;;;;;;;;;;;;;
4.400;;;;;;;;;;;;;;;;;;;;;;;;;;;;;;;;;;;;;;;;;;;;;;;;;;;;;;;;;;;;;;;;;;;;;;;;;;;;;;;;;;;;;;;;;;;;;;;;;;;;;;;;;;;;;;;;;;;;;;;;;;;;;;;;;;;;;;;;;;;;;;
4.300;;;;;;;;;;;;;;;;;;;;;;;;;;;;;;;;;;;;;;;;;;;;;;;;;;;;;;;;;;;;;;;;;;;;;;;;;;;;;;;;;;;;;;;;;;;;;;;;;;;;;;;;;;;;;;;;;;;;;;;;;;;;;;;;;;;;;;;;;;;;;;
4.200;;;;;;;;;;;;;;;;;;;;;;;;;;;;;;;;;;;;;;;;;;;;;;;;;;;;;;;;;;;;;;;;;;;;;;;;;;;;;;;;;;;;;;;;;;;;;;;;;;;;;;;;;;;;;;;;;;;;;;;;;;;;;;;;;;;;;;;;;;;;;;
4.100;;;;;;;;;;;;;;;;;;;;;;;;;;;;;;;;;;;;;;;;;;;;;;;;;;;;;1.453671317;1.428959697;1.405687207;1.383830956;1.363372671;1.344298450;1.326598501;1.310266859;;;;;;;;;;;;;;;;;;;;;;;;;;;;;;;;;;;;;;;;;;;;;;;;;;;;;;;;;;;;;;;;;;;;;;;;;;;;;;;;;;
4.000;;;;;;;;;;;;;;;;;;;;;;;;;;;;;;;;;;;;;;;;;;;;;;;1.571981190;1.537838887;1.505380120;1.474553482;1.445312348;1.417615013;1.391424734;1.366709676;1.343442796;1.321601676;1.301168311;1.282128874;1.264473459;1.248195814;1.233293069;1.219765466;1.207616094;1.196850628;1.187477085;1.179505581;1.172948107;;;;;;;;;;;;;;;;;;;;;;;;;;;;;;;;;;;;;;;;;;;;;;;;;;;;;;;;;;;;;;;;;;;;;;;;;;;
3.900;;;;;;;;;;;;;;;;;;;;;;;;;;;;;;;;;;;;;;;;;;;1.666333767;1.624844980;1.585280823;1.547576487;1.511669959;1.477502760;1.445020476;1.414173133;1.384915420;1.357206801;1.331011531;1.306298588;1.283041549;1.261218416;1.240811412;1.221806743;1.204194360;1.187967695;1.173123409;1.159661139;1.147583249;1.136894589;1.127602269;1.119715441;1.113245093;1.108203852;1.104605798;1.102466286;;;;;;;;;;;;;;;;;;;;;;;;;;;;;;;;;;;;;;;;;;;;;;;;;;;;;;;;;;;;;;;;;;;;;;;;
3.800;;;;;;;;;;;;;;;;;;;;;;;;;;;;;;;;;;;;;;;;1.744506102;1.696861204;1.651333265;1.607856487;1.566364528;1.526791928;1.489075238;1.453153904;1.418970931;1.386473359;1.355612592;1.326344578;1.298629899;1.272433758;1.247725901;1.224480482;1.202675890;1.182294541;1.163322652;1.145750005;1.129569701;1.114777923;1.101373693;1.089358649;1.078736815;1.069514403;1.061699609;1.055302426;1.050334474;1.046808825;1.044739850;1.044143060;1.045034958;1.047432886;1.051354874;;;;;;;;;;;;;;;;;;;;;;;;;;;;;;;;;;;;;;;;;;;;;;;;;;;;;;;;;;;;;;;;;;;;
3.700;;;;;;;;;;;;;;;;;;;;;;;;;;;;;;;;;;;;;;1.789523414;1.737506015;1.687720105;1.640106012;1.594600274;1.551137622;1.509652620;1.470080973;1.432360569;1.396432280;1.362240561;1.329733870;1.298864947;1.269590965;1.241873583;1.215678917;1.190977451;1.167743888;1.145956978;1.125599310;1.106657094;1.089119933;1.072980590;1.058234763;1.044880862;1.032919798;1.022354781;1.013191129;1.005436095;0.999098694;0.994189550;0.990720748;0.988705691;0.988158963;0.989096195;0.991533928;0.995489477;1.000980785;1.008026269;;;;;;;;;;;;;;;;;;;;;;;;;;;;;;;;;;;;;;;;;;;;;;;;;;;;;;;;;;;;;;;;;;
3.600;;;;;;;;;;;;;;;;;;;;;;;;;;;;;;;;;;;;1.845135139;1.788576946;1.734342708;1.682385752;1.632651304;1.585079167;1.539605966;1.496166999;1.454697746;1.415135082;1.377418225;1.341489459;1.307294671;1.274783712;1.243910635;1.214633811;1.186915952;1.160724067;1.136029353;1.112807048;1.091036245;1.070699697;1.051783600;1.034277372;1.018173438;1.003467013;0.990155901;0.978240295;0.967722598;0.958607252;0.950900577;0.944610626;0.939747047;0.936320952;0.934344794;0.933832247;0.934798090;0.937258079;0.941228832;0.946727687;0.953772570;0.962381838;0.972574112;;;;;;;;;;;;;;;;;;;;;;;;;;;;;;;;;;;;;;;;;;;;;;;;;;;;;;;;;;;;;;;;
3.500;;;;;;;;;;;;;;;;;;;;;;;;;;;;;;;;;;1.911488381;1.850282340;1.791456909;1.734987227;1.680834731;1.628950670;1.579279102;1.531759398;1.486328339;1.442921835;1.401476315;1.361929842;1.324222971;1.288299399;1.254106433;1.221595312;1.190721386;1.161444211;1.133727538;1.107539256;1.082851265;1.059639325;1.037882871;1.017564814;0.998671334;0.981191670;0.965117912;0.950444801;0.937169543;0.925291628;0.914812666;0.905736236;0.898067744;0.891814298;0.886984584;0.883588761;0.881638348;0.881146128;0.882126037;0.884593066;0.888563143;0.894053019;0.901080135;0.909662480;0.919818431;0.931566583;0.944925550;0.959913755;;;;;;;;;;;;;;;;;;;;;;;;;;;;;;;;;;;;;;;;;;;;;;;;;;;;;;;;;;;;;
3.400;;;;;;;;;;;;;;;;;;;;;;;;;;;;;;;;;1.922695885;1.859207012;1.798110530;1.739393677;1.683027366;1.628970067;1.577171124;1.527573558;1.480116418;1.434736720;1.391371047;1.349956822;1.310433324;1.272742463;1.236829358;1.202642746;1.170135245;1.139263505;1.109988256;1.082274288;1.056090362;1.031409078;1.008206717;0.986463057;0.966161169;0.947287223;0.929830286;0.913782122;0.899137013;0.885891580;0.874044626;0.863596985;0.854551391;0.846912355;0.840686056;0.835880240;0.832504126;0.830568319;0.830084720;0.831066443;0.833527717;0.837483797;0.842950848;0.849945831;0.858486371;0.868590604;0.880277010;0.893564226;0.908470840;0.925015155;;;;;;;;;;;;;;;;;;;;;;;;;;;;;;;;;;;;;;;;;;;;;;;;;;;;;;;;;;;;
3.300;;;;;;;;;;;;;;;;;;;;;;;;;;;;;;;2.005716450;1.937590648;1.871833554;1.808470310;1.747501923;1.688910232;1.632662189;1.578713521;1.527011845;1.477499295;1.430114710;1.384795437;1.341478799;1.300103268;1.260609377;1.222940419;1.187042954;1.152867157;1.120367036;1.089500541;1.060229585;1.032519990;1.006341394;0.981667101;0.958473917;0.936741964;0.916454486;0.897597652;0.880160366;0.864134086;0.849512646;0.836292102;0.824470587;0.814048180;0.805026788;0.797410048;0.791203230;0.786413157;0.783048128;0.781117846;0.780633349;0.781606933;0.784052082;0.787983377;0.793416404;0.800367646;0.808854358;0.818894428;0.830506216;0.843708371;0.858519630;0.874958588;0.893043455;0.912791777;;;;;;;;;;;;;;;;;;;;;;;;;;;;;;;;;;;;;;;;;;;;;;;;;;;;;;;;;;
3.200;;;;;;;;;;;;;;;;;;;;;;;;;;;;;;2.026417049;1.956075731;1.888074306;1.822457006;1.759240387;1.698418763;1.639968903;1.583854071;1.530027482;1.478435215;1.429018671;1.381716605;1.336466792;1.293207376;1.251877934;1.212420302;1.174779187;1.138902616;1.104742219;1.072253408;1.041395443;1.012131421;0.984428211;0.958256329;0.933589790;0.910405935;0.888685241;0.868411133;0.849569795;0.832149985;0.816142867;0.801541849;0.788342443;0.776542132;0.766140259;0.757137930;0.749537925;0.743344628;0.738563958;0.735203310;0.733271503;0.732778720;0.733736457;0.736157453;0.740055621;0.745445969;0.752344497;0.760768085;0.770734363;0.782261554;0.795368302;0.810073473;0.826395932;0.844354298;0.863966677;0.885250362;0.908221529;;;;;;;;;;;;;;;;;;;;;;;;;;;;;;;;;;;;;;;;;;;;;;;;;;;;;;;;
3.100;;;;;;;;;;;;;;;;;;;;;;;;;;;;;2.050554352;1.978045137;1.907832735;1.839982658;1.774528915;1.711479943;1.650823752;1.592532377;1.536565679;1.482874592;1.431403855;1.382094296;1.334884713;1.289713416;1.246519452;1.205243567;1.165828948;1.128221759;1.092371519;1.058231338;1.025758045;0.994912222;0.965658167;0.937963800;0.911800527;0.887143085;0.863969357;0.842260192;0.821999208;0.803172621;0.785769060;0.769779416;0.755196693;0.742015876;0.730233823;0.719849166;0.710862229;0.703274962;0.697090880;0.692315018;0.688953887;0.687015434;0.686509005;0.687445299;0.689836319;0.693695315;0.699036710;0.705876016;0.714229730;0.724115205;0.735550513;0.748554267;0.763145437;0.779343126;0.797166332;0.816633678;0.837763125;0.860571656;0.885074947;;;;;;;;;;;;;;;;;;;;;;;;;;;;;;;;;;;;;;;;;;;;;;;;;;;;;;;
3.000;;;;;;;;;;;;;;;;;;;;;;;;;;;;2.078005952;2.003387096;1.931006601;1.860953618;1.793281653;1.728015031;1.665154533;1.604682269;1.546565872;1.490762088;1.437219809;1.385882632;1.336690970;1.289583804;1.244500082;1.201379837;1.160165057;1.120800330;1.083233317;1.047415059;1.013300251;0.980846966;0.950016443;0.920774322;0.893090162;0.866936890;0.842290293;0.819128786;0.797433457;0.777187636;0.758377062;0.740989967;0.725017180;0.710451698;0.697288082;0.685522579;0.675153131;0.666179307;0.658602247;0.652424620;0.647650599;0.644285827;0.642337396;0.641813825;0.642725026;0.645082272;0.648898148;0.654186493;0.660962321;0.669241729;0.679041783;0.690380375;0.703276065;0.717747892;0.733815162;0.751497211;0.770813139;0.791781524;0.814420113;0.838745484;0.864772707;0.892514968;;;;;;;;;;;;;;;;;;;;;;;;;;;;;;;;;;;;;;;;;;;;;;;;;;;;;
2.900;;;;;;;;;;;;;;;;;;;;;;;;;;;2.108646762;2.031987230;1.957491045;1.885273537;1.815409914;1.747942301;1.682885883;1.620234253;1.559964015;1.502038744;1.446412351;1.393031930;1.341840130;1.292777119;1.245782189;1.200795034;1.157756764;1.116611634;1.077309401;1.039794440;1.004015639;0.969927744;0.937490864;0.906670041;0.877434356;0.849756153;0.823610538;0.798974877;0.775827974;0.754151180;0.733927404;0.715141154;0.697778948;0.681829466;0.667284922;0.654139238;0.642388967;0.632033056;0.623071144;0.615503094;0.609330565;0.604556886;0.601186851;0.599226714;0.598684177;0.599568377;0.601889859;0.605660545;0.610893682;0.617603781;0.625806526;0.635518669;0.646757904;0.659542703;0.673892143;0.689825691;0.707362976;0.726523527;0.747326488;0.769790308;0.793932415;0.819768867;0.847313987;0.876579988;;;;;;;;;;;;;;;;;;;;;;;;;;;;;;;;;;;;;;;;;;;;;;;;;;;;
2.800;;;;;;;;;;;;;;;;;;;;;;;;;;2.142352030;2.063731555;1.987181540;1.912846251;1.840824990;1.771179741;1.703941872;1.639117970;1.576694899;1.516644159;1.458925600;1.403490587;1.350284649;1.299249687;1.250325786;1.203452965;1.158584190;1.115659189;1.074610108;1.035379407;0.997914237;0.962167649;0.928098313;0.895670058;0.864851347;0.835614771;0.807935667;0.781791678;0.757162189;0.734027648;0.712368913;0.692169587;0.673413282;0.656084830;0.640169997;0.625658760;0.612543107;0.600817157;0.590478535;0.581527446;0.573965395;0.567795749;0.563021932;0.559646353;0.557674180;0.557112311;0.557969115;0.560254416;0.563979470;0.569156933;0.575800796;0.583926318;0.593549919;0.604689065;0.617362109;0.631588127;0.647386707;0.664777723;0.683781077;0.704416421;0.726702849;0.750658570;0.776300564;0.803644219;0.832702957;0.863487854;0.896007254;;;;;;;;;;;;;;;;;;;;;;;;;;;;;;;;;;;;;;;;;;;;;;;;;;
2.700;;;;;;;;;;;;;;;;;;;;;;;;;2.179000031;2.098509218;2.019976645;1.943578518;1.869440833;1.797647680;1.728248534;1.661264625;1.596694475;1.534518686;1.474704039;1.417206997;1.361976657;1.308957218;1.258091648;1.209341238;1.162641760;1.117921936;1.075114684;1.034158015;0.994991999;0.957571015;0.921851396;0.887795104;0.855369282;0.824545635;0.795300051;0.767611387;0.741460202;0.716828469;0.693698907;0.672053440;0.651875555;0.633149414;0.615858722;0.599987337;0.585520176;0.572448638;0.560763345;0.550458152;0.541531455;0.533983779;0.527818116;0.523040547;0.519656623;0.517671920;0.517091560;0.517921849;0.520171875;0.523852233;0.528974977;0.535553575;0.543602840;0.553138841;0.564178788;0.576740885;0.590844166;0.606508295;0.623753340;0.642599523;0.663066942;0.685175269;0.708943426;0.734389241;0.761529090;0.790377525;0.820946896;0.853246967;0.887284538;;;;;;;;;;;;;;;;;;;;;;;;;;;;;;;;;;;;;;;;;;;;;;;;;
2.600;;;;;;;;;;;;;;;;;;;;;;;;2.218474383;2.136214912;2.055780486;1.977382529;1.901176575;1.827271274;1.755736315;1.686609368;1.619902139;1.555605615;1.493694585;1.434131503;1.376869771;1.321857046;1.269061417;1.218427355;1.169882243;1.123354665;1.078776036;1.036081858;0.995212664;0.956114668;0.918735952;0.883040965;0.848994527;0.816566795;0.785732634;0.756470840;0.728764235;0.702596616;0.677952987;0.654818762;0.633179076;0.613015788;0.594315481;0.577061552;0.561237095;0.546821727;0.533805006;0.522175277;0.511922191;0.503038369;0.495524036;0.489379370;0.484609204;0.481220701;0.479220623;0.478618083;0.479421968;0.481638574;0.485276287;0.490346430;0.496861935;0.504837158;0.514287795;0.525230772;0.537684113;0.551666769;0.567198434;0.584299321;0.602989914;0.623290695;0.645221846;0.668802927;0.694052538;0.720987962;0.749624798;0.779976580;0.812054407;0.845866555;0.881418117;;;;;;;;;;;;;;;;;;;;;;;;;;;;;;;;;;;;;;;;;;;;;;;;
2.500;;;;;;;;;;;;;;;;;;;;;;;2.260665867;2.176750874;2.094504885;2.014178130;1.935958802;1.859982807;1.786342360;1.715093549;1.646262937;1.579853309;1.515848638;1.454218346;1.394920938;1.337917651;1.283183042;1.230651536;1.180247823;1.131899113;1.085537953;1.041097527;0.998515183;0.957733375;0.918700321;0.881370377;0.845700322;0.811663359;0.779232354;0.748385086;0.719103459;0.691372811;0.665181842;0.640518291;0.617370680;0.595726912;0.575572028;0.556890652;0.539668813;0.523889142;0.509530450;0.496574154;0.485010186;0.474824063;0.466001494;0.458540291;0.452438281;0.447696226;0.444320672;0.442318121;0.441698111;0.442474057;0.444654014;0.448249239;0.453269596;0.459725122;0.467629498;0.476998027;0.487847326;0.500195203;0.514060492;0.529462872;0.546422647;0.564960505;0.585097251;0.606853506;0.630249396;0.655304213;0.682036063;0.710461502;0.740595161;0.772449374;0.806033802;0.841355070;0.878416416;;;;;;;;;;;;;;;;;;;;;;;;;;;;;;;;;;;;;;;;;;;;;;;
2.400;;;;;;;;;;;;;;;;;;;;;;2.305473651;2.220028370;2.136071044;2.053894664;1.973723516;1.895723729;1.820012602;1.746666820;1.675729658;1.607217256;1.541124073;1.477427575;1.416092343;1.357096333;1.300403068;1.245949823;1.193668674;1.143489096;1.095337526;1.049139428;1.004835576;0.962364910;0.921671578;0.882705570;0.845423086;0.809786670;0.775762512;0.743331154;0.712472915;0.683172456;0.655417851;0.629200462;0.604513175;0.581346838;0.559692416;0.539539280;0.520870341;0.503674155;0.487934517;0.473632651;0.460738026;0.449244238;0.439133970;0.430387287;0.422994806;0.416954774;0.412262656;0.408920872;0.406936488;0.406317083;0.407077535;0.409226569;0.412777617;0.417745813;0.424142079;0.431979100;0.441269536;0.452029247;0.464275792;0.478027852;0.493305044;0.510127717;0.528516706;0.548493072;0.570077810;0.593291535;0.618154152;0.644684505;0.672900016;0.702816320;0.734446889;0.767802669;0.802891713;0.839718844;0.878285320;;;;;;;;;;;;;;;;;;;;;;;;;;;;;;;;;;;;;;;;;;;;;;
2.300;;;;;;;;;;;;;;;;;;;;;2.352805823;2.265968553;2.180410697;2.096472355;2.014417696;1.934446361;1.856703563;1.781289006;1.708264733;1.637661977;1.569487131;1.503726905;1.440354607;1.379354078;1.320685232;1.264291354;1.210108583;1.158068773;1.108101901;1.060138092;1.014109293;0.969940438;0.927581432;0.886978413;0.848083087;0.810853348;0.775253415;0.741253752;0.708830295;0.677969197;0.648657325;0.620885192;0.594645934;0.569936318;0.546751338;0.525084127;0.504926999;0.486268010;0.469091163;0.453385232;0.439131784;0.426301757;0.414876981;0.404844894;0.396183178;0.388868417;0.382903578;0.378279294;0.374989068;0.373042926;0.372445122;0.373208496;0.375343023;0.378861947;0.383784369;0.390121037;0.397887944;0.407101565;0.417775745;0.429925683;0.443569280;0.458726056;0.475416352;0.493661095;0.513481545;0.534898999;0.557934489;0.582608452;0.608940385;0.636948488;0.666649302;0.698057341;0.731184730;0.766040849;0.802631993;0.840961051;0.881027220;;;;;;;;;;;;;;;;;;;;;;;;;;;;;;;;;;;;;;;;;;;;;
2.200;;;;;;;;;;;;;;;;;;;;;2.314502604;2.227466610;2.141863118;2.058000379;1.976115186;1.896383811;1.818931681;1.743841903;1.671162744;1.600914159;1.533093448;1.467682386;1.404665473;1.344005557;1.285652655;1.229547512;1.175625083;1.123817151;1.074054494;1.026268667;0.980393457;0.936366069;0.894121850;0.853611808;0.814792577;0.777623649;0.742070665;0.708105373;0.675705403;0.644856170;0.615547447;0.587771425;0.561550441;0.536857493;0.513676136;0.491995298;0.471804533;0.453113059;0.435953123;0.420274457;0.406062124;0.393293436;0.381931693;0.371973861;0.363397403;0.356164436;0.350280266;0.345733570;0.342507716;0.340614610;0.340055981;0.340839443;0.342977486;0.346482254;0.351373113;0.357661369;0.365364506;0.374502600;0.385089418;0.397143496;0.410683127;0.425724703;0.442287836;0.460393494;0.480063072;0.501318109;0.524179979;0.548669573;0.574806958;0.602611023;0.632099119;0.663286705;0.696186982;0.730810546;0.767165055;0.805254918;0.845081007;0.886640409;;;;;;;;;;;;;;;;;;;;;;;;;;;;;;;;;;;;;;;;;;;;
2.100;;;;;;;;;;;;;;;;;;;;2.365571010;2.277192331;2.190030716;2.104443145;2.020707618;1.939034973;1.859579372;1.782447567;1.707707042;1.635393146;1.565515294;1.498062921;1.433018268;1.370353568;1.310025983;1.251980376;1.196153032;1.142479660;1.090892541;1.041323894;0.993707365;0.947979218;0.904079283;0.861951692;0.821543014;0.782807287;0.745710185;0.710218513;0.676303763;0.643971974;0.613214905;0.584014142;0.556353418;0.530218309;0.505595933;0.482474645;0.460843767;0.440693325;0.422013820;0.404796033;0.389030868;0.374709231;0.361821961;0.350452591;0.340559591;0.332057979;0.324907761;0.319101690;0.314633462;0.311477866;0.309645053;0.309136404;0.309951914;0.312107812;0.315614226;0.320488442;0.326743155;0.334397213;0.343469911;0.353976208;0.365936713;0.379371518;0.394298638;0.410739009;0.428711075;0.448235212;0.469333132;0.492026488;0.516336549;0.542283868;0.569887936;0.599166825;0.630136836;0.662812144;0.697204456;0.733322685;0.771172640;0.810756752;0.852073831;0.895118867;;;;;;;;;;;;;;;;;;;;;;;;;;;;;;;;;;;;;;;;;;;
2.000;;;;;;;;;;;;;;;;;;;2.419121857;2.329551054;2.240950118;2.153729922;2.068214182;1.984652217;1.903230309;1.824081747;1.747295698;1.672924982;1.600992861;1.531498161;1.464421526;1.399741748;1.337422868;1.277416209;1.219664368;1.164104468;1.110668282;1.059289212;1.009902868;0.962445806;0.916857530;0.873081159;0.831063928;0.790757583;0.752115628;0.715087199;0.679694035;0.645909690;0.613710647;0.583076087;0.553987618;0.526428995;0.500385834;0.475845315;0.452795907;0.431227097;0.411129144;0.392492859;0.375309414;0.359570186;0.345266637;0.332390234;0.320932418;0.310884603;0.302238235;0.295140704;0.289402587;0.285005475;0.281917979;0.280144549;0.279688603;0.280541193;0.282723005;0.286240866;0.291109895;0.297344039;0.304962708;0.313982714;0.324420541;0.336299461;0.349637114;0.364453213;0.380770303;0.398609697;0.417992858;0.438939228;0.461469498;0.485605244;0.511367427;0.538776056;0.567849832;0.598605806;0.631059024;0.665222201;0.701105390;0.738715688;0.778056969;0.819129643;0.861930471;0.906452417;;;;;;;;;;;;;;;;;;;;;;;;;;;;;;;;;;;;;;;;;;
1.900;;;;;;;;;;;;;;;;;;;2.384513475;2.294605957;2.205855966;2.118637955;2.033244108;1.949896615;1.868758570;1.789943606;1.713524374;1.639539963;1.568001413;1.498890334;1.432190555;1.367872837;1.305893322;1.246198120;1.188727014;1.133416388;1.080201463;1.029017973;0.979801493;0.932493556;0.887037876;0.843381550;0.801475475;0.761266123;0.722744160;0.685877994;0.650638155;0.616998240;0.584934727;0.554426741;0.525455811;0.498005598;0.472061623;0.447610990;0.424642123;0.403144509;0.383108467;0.364524932;0.347385274;0.331681144;0.317404356;0.304546803;0.293100418;0.283057164;0.274409082;0.267148360;0.261267458;0.256888841;0.253859525;0.252136793;0.251728210;0.252615736;0.254824449;0.258356512;0.263226300;0.269448175;0.277040375;0.286018268;0.296399863;0.308208578;0.321460141;0.336175858;0.352380334;0.370092098;0.389333974;0.410129640;0.432501757;0.456468646;0.482050935;0.509269065;0.538142284;0.568688295;0.600922924;0.634859785;0.670509968;0.707881745;0.746980313;0.787807563;0.830361900;0.874638106;0.920627264;;;;;;;;;;;;;;;;;;;;;;;;;;;;;;;;;;;;;;;;;
1.800;;;;;;;;;;;;;;;;;;2.442054497;2.350989958;2.260825922;2.171993193;2.084831716;1.999603850;1.916506174;1.835679947;1.757220334;1.681184514;1.607598486;1.536450321;1.467726559;1.401404753;1.337445529;1.275797914;1.216403651;1.159200603;1.104125338;1.051115003;1.000108613;0.951047860;0.903877815;0.858547882;0.815027413;0.773275311;0.733239393;0.694883942;0.658176457;0.623087569;0.589590902;0.557662892;0.527282570;0.498431324;0.471092651;0.445251894;0.420895988;0.398013207;0.376592925;0.356625391;0.338101532;0.321012775;0.305350894;0.291107900;0.278275955;0.266847320;0.256814349;0.248169516;0.240905472;0.235015159;0.230491938;0.227340915;0.225653413;0.225279624;0.226193428;0.228423341;0.231965734;0.236836377;0.243048637;0.250617500;0.259559728;0.269894083;0.281639858;0.294815212;0.309443134;0.325544315;0.343139432;0.362251305;0.382903440;0.405117456;0.428917306;0.454325031;0.481357877;0.510035444;0.540376007;0.572396073;0.606110057;0.641529981;0.678665183;0.717522069;0.758103893;0.800410577;0.844438595;0.890180893;0.937626893;;;;;;;;;;;;;;;;;;;;;;;;;;;;;;;;;;;;;;;;
1.700;;;;;;;;;;;;;;;;;;2.410097172;2.318650819;2.228302988;2.139446871;2.052389788;1.967365953;1.884547827;1.804056151;1.725968790;1.650328475;1.577139476;1.506386107;1.438053828;1.372109690;1.308504023;1.247179674;1.188074969;1.131126799;1.076272856;1.023453129;0.972610792;0.923692617;0.876649023;0.831525253;0.788200430;0.746622935;0.706754203;0.668558823;0.632004510;0.597062021;0.563705021;0.531909906;0.501655598;0.472923328;0.445696392;0.419959914;0.395700605;0.372906522;0.351566850;0.331671688;0.313211858;0.296178741;0.280564129;0.266360115;0.253559007;0.242153275;0.232135539;0.223498578;0.216235389;0.210339272;0.205803949;0.202623726;0.200793673;0.200370239;0.201296334;0.203536141;0.207079704;0.211946102;0.218144573;0.225689608;0.234598086;0.244887058;0.256574955;0.269681184;0.284227743;0.300234384;0.317722926;0.336716824;0.357236893;0.379305409;0.402945048;0.428179335;0.455031027;0.483518120;0.513658105;0.545468084;0.578963180;0.614156243;0.651057574;0.689674677;0.730012049;0.772071014;0.815849606;0.861342507;0.908541051;;;;;;;;;;;;;;;;;;;;;;;;;;;;;;;;;;;;;;;;
1.600;;;;;;;;;;;;;;;;;2.471920913;2.379343861;2.287595844;2.197129445;2.108302317;2.021390998;1.936603207;1.854088749;1.773949146;1.696246097;1.621005163;1.548214994;1.477866335;1.409930060;1.344360142;1.281099816;1.220088224;1.161261152;1.104554625;1.049908344;0.997265977;0.946575645;0.897796406;0.851038003;0.806104764;0.762952667;0.721540593;0.681830444;0.643787182;0.607378795;0.572576213;0.539353174;0.507686060;0.477553704;0.448937178;0.421819578;0.396185794;0.372022286;0.349316863;0.328058478;0.308237025;0.289843163;0.272868157;0.257303741;0.243142007;0.230375323;0.218996276;0.208997655;0.200372453;0.193113914;0.187215605;0.182671522;0.179476231;0.177625031;0.177114150;0.177945173;0.180179423;0.183711489;0.188564560;0.194740854;0.202257963;0.211129576;0.221371485;0.233002898;0.246042147;0.260510100;0.276427906;0.293817266;0.312700124;0.333098259;0.355033279;0.378526979;0.403600809;0.430276730;0.458577091;0.488521664;0.520126427;0.553407118;0.588377324;0.625048203;0.663428251;0.703523099;0.745335353;0.788864486;0.834106786;0.881055363;0.929700228;;;;;;;;;;;;;;;;;;;;;;;;;;;;;;;;;;;;;;;
1.500;;;;;;;;;;;;;;;;;2.442914877;2.349901032;2.257923508;2.167396334;2.078643654;1.991913041;1.907387333;1.825195115;1.745419952;1.668108259;1.593265265;1.520885710;1.450947530;1.383407830;1.318210115;1.255290286;1.194581422;1.136017399;1.079536476;1.025084879;0.972607631;0.922076123;0.873633237;0.827053134;0.782289845;0.739300055;0.698043284;0.658481988;0.620581577;0.584310381;0.549639559;0.516542976;0.484997039;0.454980522;0.426474369;0.399461490;0.373926546;0.349855748;0.327236648;0.306057946;0.286309305;0.267981186;0.251064696;0.235551459;0.221433510;0.208703214;0.197353210;0.187376385;0.178765873;0.171515094;0.165617810;0.161068222;0.157861089;0.155991884;0.155456964;0.156253775;0.158381066;0.161871406;0.166699576;0.172843419;0.180325894;0.189153355;0.199345095;0.210917334;0.223887596;0.238278102;0.254108745;0.271401202;0.290178350;0.310461717;0.332271580;0.355629675;0.380556337;0.407071903;0.435196946;0.464952110;0.496356895;0.529428126;0.564180046;0.600624578;0.638771109;0.678626294;0.720193910;0.763474749;0.808466580;0.855164159;0.903559319;0.953641127;;;;;;;;;;;;;;;;;;;;;;;;;;;;;;;;;;;;;;
1.400;;;;;;;;;;;;;;;;2.509363280;2.415242569;2.321872253;2.229729510;2.139192042;2.050552476;1.964031202;1.879787761;1.797930922;1.718527532;1.641607125;1.567172689;1.495211596;1.425685975;1.358540405;1.293709038;1.231121442;1.170707177;1.112399165;1.056135951;1.001862971;0.949542143;0.899374677;0.851108214;0.804695291;0.760090796;0.717252224;0.676139833;0.636716714;0.598948807;0.562804854;0.528256310;0.495277220;0.463844072;0.433935627;0.405532736;0.378618152;0.353176335;0.329193260;0.306656229;0.285553690;0.265875068;0.247610609;0.230751240;0.215288444;0.201214165;0.188520721;0.177200755;0.167247201;0.158653283;0.151412538;0.145518869;0.140966627;0.137750717;0.135866736;0.135311132;0.136081391;0.138176234;0.141595838;0.146350610;0.152455189;0.159893272;0.168670413;0.178807360;0.190313909;0.203213226;0.217524259;0.233265760;0.250462696;0.269136923;0.289307483;0.310997883;0.334228121;0.359017454;0.385384407;0.413348402;0.442928621;0.474143666;0.507011220;0.541549977;0.577772937;0.615690280;0.655309588;0.696635696;0.739670605;0.784413442;0.830860485;0.879005253;0.928838669;;;;;;;;;;;;;;;;;;;;;;;;;;;;;;;;;;;;;;
1.300;;;;;;;;;;;;;;;;2.483631694;2.389011525;2.295356787;2.203105434;2.112601024;2.024106626;1.937817192;1.853870521;1.772356934;1.693327675;1.616804721;1.542788198;1.471248555;1.402133518;1.335376394;1.270903086;1.208637786;1.148507355;1.090444452;1.034389504;0.980291659;0.928319793;0.878327842;0.830226466;0.783969176;0.739511824;0.696812812;0.655833220;0.616536860;0.578890277;0.542862694;0.508425926;0.475554263;0.444224327;0.414414916;0.386106835;0.359282720;0.333926862;0.310025028;0.287564290;0.266532858;0.246919924;0.228715519;0.211910379;0.196495836;0.182463718;0.169806271;0.158516110;0.148586180;0.140009753;0.132780444;0.126892254;0.122339640;0.119117613;0.117221857;0.116648881;0.117396181;0.119462434;0.122847701;0.127553638;0.133583719;0.140956682;0.149679064;0.159752302;0.171190965;0.184016376;0.198241804;0.213894233;0.230995618;0.249563876;0.269624834;0.291199245;0.314306536;0.338964012;0.365190869;0.393004464;0.422422286;0.453461910;0.486139880;0.520471905;0.556478728;0.594172001;0.633560134;0.674648922;0.717441465;0.761938134;0.808136604;0.856031953;0.905616825;0.956881679;;;;;;;;;;;;;;;;;;;;;;;;;;;;;;;;;;;;;
1.200;;;;;;;;;;;;;;;;2.459361821;2.364323466;2.270448334;2.178137543;2.087702657;1.999379105;1.913338111;1.829697249;1.748529736;1.669877030;1.593761384;1.520166191;1.449045785;1.380335003;1.313957115;1.249830841;1.187875900;1.128017197;1.070187716;1.014330226;0.960518604;0.908763425;0.858935540;0.810987493;0.764873875;0.720551588;0.677980024;0.637121162;0.597939609;0.560402580;0.524479845;0.490143644;0.457368569;0.426131431;0.396411119;0.368188438;0.341445954;0.316167825;0.292339646;0.269948286;0.248981739;0.229428981;0.211279836;0.194524855;0.179155211;0.165162609;0.152539207;0.141277571;0.131370633;0.122811684;0.115594385;0.109712801;0.105161465;0.101935457;0.100030522;0.099443197;0.100170970;0.102212458;0.105567594;0.110237837;0.116226377;0.123538348;0.132181022;0.142176350;0.153544553;0.166287759;0.180429085;0.195991375;0.212991279;0.231456465;0.251408907;0.272868517;0.295854090;0.320384984;0.346477775;0.374148382;0.403412708;0.434287063;0.466787937;0.500929721;0.536727069;0.574202177;0.613364757;0.654221471;0.696776413;0.741031092;0.786984464;0.834633038;0.883971049;0.934990703;;;;;;;;;;;;;;;;;;;;;;;;;;;;;;;;;;;;;
1.100;;;;;;;;;;;;;;;2.532918603;2.436656751;2.341273146;2.247233933;2.154905745;2.064570253;1.976437130;1.890655546;1.807324333;1.726501564;1.648232041;1.572525242;1.499347944;1.428640120;1.360324474;1.294314652;1.230521290;1.168862347;1.109261436;1.051652373;0.996013651;0.942459479;0.890868534;0.841192766;0.793385866;0.747403580;0.703203935;0.660747379;0.619996855;0.580917819;0.543478218;0.507648425;0.473401158;0.440711364;0.409556100;0.379914391;0.351767094;0.325096745;0.299887416;0.276124561;0.253794883;0.232886185;0.213387250;0.195287711;0.178577943;0.163248967;0.149292361;0.136700191;0.125464958;0.115579567;0.107037307;0.099831861;0.093957334;0.089408303;0.086179895;0.084267885;0.083668819;0.084380157;0.086400436;0.089729458;0.094368478;0.100320411;0.107590039;0.116184201;0.126111982;0.137384859;0.150025143;0.164081814;0.179547383;0.196450030;0.214812682;0.234655573;0.256000687;0.278868284;0.303275665;0.329238463;0.356771030;0.385888088;0.416604587;0.448936211;0.482898392;0.518503138;0.555766810;0.594710384;0.635341329;0.677664641;0.721682862;0.767396120;0.814802239;0.863896916;0.914673966;0.967125654;;;;;;;;;;;;;;;;;;;;;;;;;;;;;;;;;;;;
1.000;;;;;;;;;;;;;;;2.512355589;2.415611265;2.319947373;2.225793037;2.133482705;2.043270221;1.955341341;1.869824822;1.786802206;1.706324898;1.628440334;1.553137147;1.480366806;1.410056565;1.342118958;1.276460052;1.212986287;1.151609872;1.092252735;1.034849413;0.979454272;0.926065517;0.874626524;0.825090401;0.777412051;0.731548434;0.687458754;0.645104562;0.604449809;0.565460848;0.528106399;0.492357487;0.458187351;0.425571340;0.394486798;0.364912939;0.336830710;0.310222664;0.285072822;0.261366541;0.239090387;0.218232005;0.198780007;0.180723857;0.164053771;0.148760624;0.134835873;0.122271490;0.111059908;0.101193990;0.092667010;0.085472656;0.079605048;0.075058791;0.071829033;0.069911557;0.069302895;0.070000459;0.072002697;0.075309263;0.079921208;0.085841173;0.093073594;0.101624896;0.111503683;0.122720897;0.135289938;0.149226740;0.164561514;0.181368378;0.199626649;0.219362031;0.240595933;0.263347595;0.287633681;0.313469293;0.340868012;0.369842741;0.400406889;0.432575099;0.466363067;0.501785662;0.538852392;0.577584434;0.617996979;0.660095835;0.703884482;0.749364117;0.796533767;0.845390470;0.895929523;0.948144808;;;;;;;;;;;;;;;;;;;;;;;;;;;;;;;;;;;;
0.900;;;;;;;;;;;;;;;2.493462475;2.396311002;2.300424228;2.206196768;2.113933146;2.023861400;1.936145172;1.850894406;1.768174778;1.688045462;1.610539873;1.535628195;1.463248278;1.393316166;1.325735545;1.260405926;1.197229383;1.136115825;1.076986779;1.019781459;0.964561805;0.911325575;0.860025565;0.810616093;0.763053314;0.717295440;0.673302877;0.631038310;0.590466725;0.551555400;0.514273860;0.478593810;0.444489045;0.411935354;0.380910406;0.351393636;0.323366125;0.296810480;0.271710709;0.248052107;0.225821135;0.205005312;0.185593104;0.167573829;0.150937559;0.135675039;0.121777612;0.109237157;0.098046038;0.088197072;0.079683504;0.072499013;0.066637721;0.062094237;0.058863711;0.056941915;0.056325348;0.057011355;0.058998278;0.062285615;0.066874202;0.072766405;0.079966317;0.088479961;0.098315473;0.109483281;0.121996234;0.135869703;0.151121597;0.167772311;0.185895421;0.205526886;0.226651741;0.249289314;0.273456766;0.299168444;0.326436777;0.355273271;0.385689856;0.417699884;0.451318346;0.486561681;0.523444026;0.561975163;0.602177738;0.644060511;0.687627812;0.732881809;0.779822628;0.828448534;0.878756182;0.930740937;0.984397274;;;;;;;;;;;;;;;;;;;;;;;;;;;;;;;;;;;
0.800;;;;;;;;;;;;;;2.574782488;2.476322867;2.378831817;2.282772454;2.188507351;2.096313316;2.006394562;1.918894380;1.833905469;1.751483494;1.671698625;1.594558786;1.520019893;1.448007812;1.378428837;1.311179092;1.246152614;1.183247998;1.122373523;1.063450784;1.006390023;0.951323654;0.898226158;0.847051474;0.797755155;0.750294627;0.704629361;0.660720977;0.618533299;0.578032357;0.539186365;0.501965667;0.466342665;0.432291733;0.399789121;0.368812851;0.339342613;0.311359651;0.284846656;0.259787659;0.236167922;0.213973836;0.193192818;0.173813218;0.155824227;0.139215794;0.123978546;0.110103722;0.097583114;0.086409018;0.076574197;0.068071867;0.060895680;0.055039750;0.050498671;0.047267578;0.045342213;0.044719021;0.045395266;0.047369167;0.050640050;0.055208530;0.061076690;0.068248282;0.076728926;0.086526304;0.097650337;0.110113344;0.123930148;0.139118131;0.155697210;0.173689711;0.193144300;0.214163135;0.236689952;0.260741693;0.286332409;0.313474162;0.342176820;0.372450436;0.404306803;0.437760336;0.472828093;0.509527715;0.547871953;0.587874053;0.629550306;0.672905814;0.717943630;0.764664880;0.813068950;0.863153734;0.914915955;0.968351553;;;;;;;;;;;;;;;;;;;;;;;;;;;;;;;;;;;
0.700;;;;;;;;;;;;;;2.559933037;2.461009656;2.363239345;2.267051053;2.172777728;2.080670631;1.990912080;1.903626744;1.818891601;1.736763494;1.657309766;1.580515699;1.506324645;1.434652055;1.365395897;1.298445972;1.233691907;1.171029669;1.110366561;1.051582890;0.994653812;0.939725700;0.886752254;0.835688569;0.786491435;0.739119537;0.693533595;0.649696427;0.607572983;0.567130328;0.528337603;0.491165970;0.455588530;0.421580245;0.389117837;0.358179700;0.328745795;0.300797554;0.274317780;0.249290553;0.225701130;0.203535856;0.182782076;0.163428045;0.145462849;0.128876332;0.113659018;0.099802053;0.087297148;0.076136531;0.066312915;0.057819473;0.050649828;0.044798068;0.040258762;0.037027010;0.035098507;0.034469628;0.035137536;0.037100310;0.040357094;0.044908266;0.050755619;0.057902559;0.066354303;0.076118078;0.087203310;0.099621790;0.113387806;0.128518221;0.145032480;0.162952532;0.182302617;0.203123997;0.225543350;0.249483145;0.274956608;0.301974875;0.330547187;0.360682377;0.392390610;0.425684978;0.460582311;0.497102298;0.535263689;0.575077731;0.616558199;0.659712772;0.704545303;0.751057831;0.799250761;0.849123119;0.900672861;0.953897262;;;;;;;;;;;;;;;;;;;;;;;;;;;;;;;;;;;
0.600;;;;;;;;;;;;;;2.546899638;2.447584747;2.349588750;2.253309061;2.159051364;2.067043493;1.977447769;1.890371917;1.805878686;1.724036253;1.644893409;1.568419793;1.494546619;1.423179886;1.354211270;1.287525464;1.223008714;1.160555203;1.100071892;1.041351369;0.984559041;0.929753049;0.876888113;0.825920471;0.776808120;0.729510977;0.683990971;0.640212087;0.598140365;0.557743874;0.518992662;0.481858687;0.446315740;0.412339360;0.379906746;0.348996666;0.319589367;0.291666481;0.265210942;0.240206898;0.216639625;0.194495446;0.173761651;0.154426427;0.136478773;0.119908443;0.104705874;0.090862129;0.078368844;0.067218185;0.057402809;0.048915846;0.041750881;0.035901964;0.031363626;0.028130917;0.026199469;0.025565567;0.026226258;0.028179463;0.031424129;0.035960384;0.041789723;0.048915196;0.057341612;0.067075742;0.078126515;0.090505199;0.104225548;0.119303906;0.135759245;0.153613123;0.172889526;0.193614571;0.215842499;0.239672390;0.265030909;0.291929086;0.320375469;0.350377632;0.381944202;0.415086507;0.449820435;0.486166557;0.524147624;0.563782121;0.605078687;0.648044449;0.692683988;0.739000171;0.786994332;0.836666525;0.888015827;0.941040720;0.995739522;;;;;;;;;;;;;;;;;;;;;;;;;;;;;;;;;;
0.500;;;;;;;;;;;;;;2.535739996;2.436098992;2.337924677;2.241585506;2.147362216;2.055461286;1.966026885;1.879151442;1.794887273;1.713312112;1.634450405;1.558260827;1.484666789;1.413567480;1.344848139;1.278389193;1.214074049;1.151795390;1.091457211;1.032765391;0.976091767;0.921390712;0.868617944;0.817730803;0.768688449;0.721451972;0.675984456;0.632250993;0.590218664;0.549856496;0.511135398;0.474028094;0.438509036;0.404554324;0.372141619;0.341250059;0.311860175;0.283953809;0.257514036;0.232525085;0.208972267;0.186841901;0.166121246;0.146798430;0.128862389;0.112302801;0.097110028;0.083275059;0.070789465;0.059645349;0.049835317;0.041352449;0.034190285;0.028342829;0.023804560;0.020570466;0.018636097;0.017997634;0.018651988;0.020596910;0.023831131;0.028354518;0.034168252;0.041275020;0.049679216;0.059387150;0.070407251;0.082750261;0.096429395;0.111460475;0.127861990;0.145655091;0.164863478;0.185513158;0.207632040;0.231297551;0.256544161;0.283326156;0.311651342;0.341526284;0.372958001;0.405956282;0.440535709;0.476716654;0.514524140;0.553983137;0.595107898;0.637898194;0.682358373;0.728492052;0.776301410;0.825787434;0.876950215;0.929789324;0.984304226;;;;;;;;;;;;;;;;;;;;;;;;;;;;;;;;;;
0.400;;;;;;;;;;;;;;2.526500335;2.426592314;2.328281382;2.231909555;2.137734885;2.045944521;1.956666290;1.869978922;1.785929983;1.704597833;1.625986324;1.550044663;1.476688725;1.405811959;1.337295497;1.271017145;1.206859000;1.144713582;1.084391528;1.025812612;0.969238435;0.914624175;0.861926503;0.811103801;0.762116318;0.714926246;0.669497745;0.625796942;0.583791888;0.543452502;0.504750501;0.467659321;0.432154038;0.398211279;0.365809146;0.334927130;0.305546039;0.277647922;0.251215996;0.226234580;0.202689032;0.180565679;0.159851762;0.140535371;0.122605388;0.106051430;0.090863795;0.077033411;0.064551785;0.053410966;0.043603505;0.035122430;0.027961233;0.022113861;0.017574729;0.014338749;0.012401376;0.011758673;0.012407396;0.014345110;0.017570316;0.022082604;0.027882833;0.034973314;0.043358017;0.053042784;0.064035541;0.076346494;0.089988320;0.104976303;0.121328439;0.139065450;0.158210717;0.178790085;0.200831518;0.224364564;0.249485175;0.276153459;0.304361406;0.334114909;0.365419636;0.398283577;0.432719535;0.468746851;0.506391370;0.545682260;0.586643642;0.629272981;0.673568699;0.719535096;0.767175118;0.816490596;0.867482538;0.920151490;0.974497941;;;;;;;;;;;;;;;;;;;;;;;;;;;;;;;;;;
0.300;;;;;;;;;;;;;2.620635338;2.519215700;2.419094016;2.320683041;2.224300816;2.130184922;2.038505155;1.949374759;1.862860327;1.779008970;1.697891568;1.619495800;1.543762792;1.470602242;1.399903161;1.331543802;1.265400452;1.201354865;1.139300199;1.078969141;1.020481400;0.963986328;0.909439867;0.856799571;0.806024789;0.757076768;0.709918706;0.664515749;0.620834965;0.578845287;0.538517450;0.499823905;0.462738741;0.427237602;0.393297602;0.360897245;0.330016354;0.300635995;0.272738411;0.246306962;0.221326057;0.197781104;0.175658450;0.154945327;0.135629798;0.117700704;0.101147615;0.085960774;0.072131055;0.059649909;0.048509333;0.038701824;0.030220359;0.023058372;0.017209746;0.012668825;0.009430433;0.007489914;0.006843196;0.007486871;0.009418299;0.012635737;0.017138488;0.022927072;0.030003416;0.038371059;0.048035369;0.059003756;0.071285892;0.084893901;0.099842526;0.116149248;0.133834340;0.152920828;0.173434345;0.195402837;0.218856086;0.243839577;0.270396942;0.298492044;0.328130456;0.359316712;0.392057025;0.426362170;0.462249820;0.499745445;0.538880452;0.579685895;0.622169397;0.666316735;0.712132354;0.759619894;0.808781950;0.859620356;0.912136528;0.966331861;1.022208163;;;;;;;;;;;;;;;;;;;;;;;;;;;;;;;;;
0.200;;;;;;;;;;;;;2.615618246;2.513910452;2.413623265;2.315144228;2.218769817;2.124719298;2.033147045;1.944153432;1.857794438;1.774119296;1.693185411;1.614968450;1.539402729;1.466393038;1.395825182;1.327575699;1.261520425;1.197541708;1.135534130;1.075180585;1.016761135;0.960323892;0.905825499;0.853224314;0.802480549;0.753556351;0.706415810;0.661024949;0.617351671;0.575365694;0.535038470;0.496343104;0.459254263;0.423748095;0.389802145;0.357395280;0.326507616;0.297120454;0.269216216;0.242778388;0.217791471;0.194240922;0.172113111;0.151395269;0.132075443;0.114142442;0.097585797;0.082395707;0.068562998;0.056079075;0.044935882;0.035125868;0.026641952;0.019477507;0.013626351;0.009082743;0.005841407;0.003897567;0.003247004;0.003886128;0.005812085;0.009022873;0.013517495;0.019296124;0.026360293;0.034713101;0.044359434;0.055306186;0.067562486;0.081139898;0.096052614;0.112317587;0.129954615;0.148986336;0.169438122;0.191337827;0.214715373;0.239602120;0.266044664;0.294031036;0.323560705;0.354637334;0.387265484;0.421453765;0.457217697;0.494581397;0.533576854;0.574239195;0.616589572;0.660605692;0.706288201;0.753641371;0.802668485;0.853372118;0.905754461;0.959817703;1.015564441;;;;;;;;;;;;;;;;;;;;;;;;;;;;;;;;;
0.100;;;;;;;;;;;;;2.612533172;2.510598930;2.410189741;2.311670551;2.215318620;2.121337007;2.029866541;1.940996401;1.854773425;1.771249909;1.690466358;1.612389824;1.536948979;1.464044878;1.393561279;1.325374103;1.259359757;1.195402090;1.133397876;1.073017411;1.014642418;0.958240961;0.903770306;0.851189520;0.800459572;0.751543382;0.704405815;0.659013647;0.615335498;0.573341756;0.533004489;0.494297358;0.457195525;0.421675568;0.387715401;0.355294199;0.324392334;0.294991305;0.267073691;0.240623092;0.215624085;0.192062178;0.169923762;0.149196075;0.129867148;0.111925772;0.095361445;0.080164331;0.066325216;0.053835462;0.042686967;0.032872130;0.024383815;0.017215333;0.011360424;0.006813259;0.003568455;0.001621103;0.000966825;0.001601840;0.003523065;0.006728232;0.011216031;0.016986279;0.024040109;0.032380175;0.042010877;0.052938589;0.065171891;0.078721786;0.093601906;0.109828662;0.127421359;0.146402215;0.166796291;0.188631286;0.211937166;0.236745595;0.263086450;0.290968022;0.320395345;0.351371494;0.383899519;0.417985820;0.453643430;0.490894355;0.529769813;0.570306822;0.612537056;0.656440086;0.702008188;0.749246207;0.798158051;0.848746954;0.901015795;0.954967453;1.010605197;;;;;;;;;;;;;;;;;;;;;;;;;;;;;;;;;
0.000;;;;;;;;;;;;;2.611390041;2.509286276;2.408794438;2.310259426;2.213941580;2.120029803;2.028653208;1.939891401;1.853784109;1.770384596;1.689717203;1.611742260;1.536383859;1.463540404;1.393094675;1.324923015;1.258903363;1.194921936;1.132838058;1.072472274;1.014117171;0.957728866;0.903265168;0.850685742;0.799952192;0.751028085;0.703878926;0.658472110;0.614776847;0.572764071;0.532406355;0.493677810;0.456553999;0.421011850;0.387029576;0.354586602;0.323663504;0.294241946;0.266304631;0.239835254;0.214818456;0.191239786;0.169085658;0.148343314;0.129000779;0.111046828;0.094470935;0.079263238;0.065414489;0.052916012;0.041759666;0.031937799;0.023443222;0.016269180;0.010409336;0.005857764;0.002608966;0.000657894;0.000000000;0.000631303;0.002548482;0.005748993;0.010231207;0.015994581;0.023039840;0.031369191;0.040986548;0.051897762;0.064110866;0.077636302;0.092487135;0.108679231;0.126231381;0.145165359;0.165505875;0.187280412;0.210518894;0.235253169;0.261514597;0.289295355;0.318626894;0.349511975;0.381952319;0.415952151;0.451521807;0.488680621;0.527457956;0.567890915;0.610016658;0.653825553;0.699298833;0.746441866;0.795259117;0.845754415;0.897931241;0.951793069;1.007343727;;;;;;;;;;;;;;;;;;;;;;;;;;;;;;;;;
-0.100;;;;;;;;;;;;;2.612190053;2.509969398;2.409430595;2.310900988;2.214626227;2.120783055;2.029490650;1.940820624;1.854807289;1.771500315;1.690912182;1.612997790;1.537677937;1.464849636;1.394395886;1.326194562;1.260126122;1.196079991;1.133904816;1.073538935;1.015178651;0.958780467;0.904302642;0.851705327;0.800950633;0.752002633;0.704827335;0.659392612;0.615668125;0.573625228;0.533236873;0.494477516;0.457323019;0.421750573;0.387738611;0.355266746;0.324315704;0.294867271;0.266904243;0.240410385;0.215370386;0.191769826;0.169595136;0.148833563;0.129473131;0.111502602;0.094911436;0.079689748;0.065828264;0.053318280;0.042151616;0.032320577;0.023817920;0.016636824;0.010770870;0.006214036;0.002960701;0.001005671;0.000344224;0.000972169;0.002885942;0.006082717;0.010560542;0.016318509;0.023356936;0.031677584;0.041283881;0.052181162;0.064376917;0.077881028;0.092705999;0.108867144;0.126382735;0.145274082;0.165565512;0.187284237;0.210460067;0.235124927;0.261312158;0.289009133;0.318251994;0.349055978;0.381421635;0.415351055;0.450851734;0.487939894;0.526642192;0.566994352;0.609034840;0.652768623;0.698167385;0.745236352;0.793980498;0.844404176;0.896511396;0.950306135;1.005792681;;;;;;;;;;;;;;;;;;;;;;;;;;;;;;;;;
-0.200;;;;;;;;;;;;;2.614926814;2.512638062;2.412084757;2.313579107;2.217354245;2.123576699;2.032357437;1.943761607;1.857819420;1.774575882;1.694033766;1.616143355;1.540822991;1.467969151;1.397465919;1.329193542;1.263035804;1.198886067;1.136605681;1.076212195;1.017821391;0.961390094;0.906876917;0.854242380;0.803448966;0.754461117;0.707245193;0.661769402;0.618003716;0.575919772;0.535490779;0.496691417;0.459497746;0.423887126;0.389838132;0.357330496;0.326345038;0.296863618;0.268869092;0.242345264;0.217276856;0.193649466;0.171449537;0.150664320;0.131281838;0.113290847;0.096680799;0.081441794;0.067564540;0.055040309;0.043860890;0.034018548;0.025505990;0.018316329;0.012443067;0.007880079;0.004621620;0.002662348;0.001997358;0.002622249;0.004533209;0.007727127;0.012201726;0.017955735;0.024989068;0.033303044;0.042900613;0.053786603;0.065967969;0.079454047;0.094256784;0.110390949;0.127874296;0.146727657;0.166974956;0.188643095;0.211761704;0.236362695;0.262479603;0.290107286;0.319269170;0.350002420;0.382306613;0.416181831;0.451632719;0.488672153;0.527323470;0.567619862;0.609599079;0.653276455;0.698621536;0.745637920;0.794331036;0.844705704;0.896766391;0.950517501;1.005963678;;;;;;;;;;;;;;;;;;;;;;;;;;;;;;;;;
-0.300;;;;;;;;;;;;;2.619587591;2.517276103;2.416737933;2.318272510;2.222102561;2.128386281;2.037228106;1.948688202;1.862793758;1.779585029;1.699056926;1.621155844;1.545798414;1.472881332;1.402290531;1.333909380;1.267625699;1.203337445;1.140936428;1.080487781;1.022041089;0.965553440;0.910983704;0.858292652;0.807443008;0.758399438;0.711128506;0.665598609;0.621779883;0.579644115;0.539164639;0.500316242;0.463075077;0.427418575;0.393325373;0.360775247;0.329749056;0.300228687;0.272197014;0.245637857;0.220535947;0.196876890;0.174647132;0.153833926;0.134425298;0.116410003;0.099777490;0.084517852;0.070621788;0.058080552;0.046885911;0.037030094;0.028505763;0.021305968;0.015424131;0.010854026;0.007589785;0.005625911;0.004957319;0.005579395;0.007488078;0.010679971;0.015152479;0.020903967;0.027933956;0.036243332;0.045834579;0.056712031;0.068882128;0.082353673;0.097138074;0.113249570;0.130705402;0.149525929;0.169734657;0.191358154;0.214425820;0.238969478;0.265022747;0.292590528;0.321680588;0.352354536;0.384611123;0.418448645;0.453868965;0.490881509;0.529505901;0.569771951;0.611715160;0.655356542;0.700669115;0.747654739;0.796319255;0.846667895;0.898705519;0.952436879;1.007866893;1.065000926;;;;;;;;;;;;;;;;;;;;;;;;;;;;;;;;
-0.400;;;;;;;;;;;;;2.626154660;2.523862716;2.423366843;2.324955979;2.228844491;2.135184068;2.044074234;1.955571612;1.869701335;1.786499614;1.705955107;1.628011001;1.552582872;1.479568297;1.408855713;1.340332259;1.273890408;1.209433281;1.146893331;1.086362195;1.027834457;0.971267407;0.916620084;0.863853395;0.812930172;0.763815162;0.716474990;0.670878093;0.626994630;0.584796395;0.544256721;0.505350385;0.468053521;0.432343539;0.398199052;0.365599811;0.334526652;0.304961439;0.276887030;0.250287230;0.225146759;0.201451215;0.179187044;0.158341500;0.138902611;0.120859138;0.104200531;0.088916889;0.074998908;0.062437835;0.051225419;0.041353865;0.032815790;0.025604189;0.019712406;0.015134117;0.011863329;0.009894395;0.009222050;0.009841465;0.011748334;0.014938981;0.019410493;0.025160886;0.032189296;0.040496190;0.050083607;0.060955407;0.073117536;0.086578289;0.101348562;0.117442084;0.134875605;0.153669022;0.173845427;0.195431039;0.218454997;0.242948979;0.268946595;0.296461535;0.325490763;0.356118165;0.388341947;0.422158690;0.457567638;0.494574797;0.533195868;0.573456672;0.615389277;0.659016387;0.704317749;0.751294550;0.799953000;0.850298696;0.902336832;0.956072441;1.011510629;1.068656819;;;;;;;;;;;;;;;;;;;;;;;;;;;;;;;;
-0.500;;;;;;;;;;;;;2.634606745;2.532373838;2.431945240;2.333601615;2.237550954;2.143940207;2.052865555;1.964381459;1.878511934;1.795290421;1.714700861;1.636683862;1.561154533;1.488011901;1.417147458;1.348452651;1.281825122;1.217173627;1.154473016;1.093832561;1.035199054;0.978529937;0.923784333;0.870923178;0.819909283;0.770707342;0.723283896;0.677607276;0.633647525;0.591376311;0.550766835;0.511793746;0.474433055;0.438662053;0.404459247;0.371804294;0.340677945;0.311061997;0.282939249;0.256293464;0.231109332;0.207372432;0.185069202;0.164186894;0.144713544;0.126637921;0.109949489;0.094638359;0.080695234;0.068111364;0.056878490;0.046988798;0.038434871;0.031209654;0.025306416;0.020718740;0.017440511;0.015465934;0.014789566;0.015406371;0.017311801;0.020501908;0.024973472;0.030724172;0.037752775;0.046059350;0.055645513;0.066514677;0.078672325;0.092126278;0.106886952;0.122967602;0.140384514;0.159157151;0.179308207;0.200863555;0.223852063;0.248305219;0.274256559;0.301725729;0.330707605;0.361303087;0.393509888;0.427323099;0.462739529;0.499761913;0.538402043;0.578681477;0.620628072;0.664263171;0.709574515;0.756564296;0.805239058;0.855604715;0.907666747;0.961430398;1.016900889;1.074083612;;;;;;;;;;;;;;;;;;;;;;;;;;;;;;;;
-0.600;;;;;;;;;;;;;2.644920514;2.542783578;2.442445279;2.344180152;2.248191732;2.154623933;2.063571106;1.975086885;1.889195083;1.805928021;1.725266524;1.647149238;1.571491338;1.498193217;1.427150267;1.358259548;1.291424738;1.226561021;1.163672326;1.102896478;1.044133131;0.987339843;0.932475747;0.879501707;0.828380399;0.779076329;0.731555819;0.685786956;0.641739530;0.599384949;0.558696161;0.519647573;0.482214964;0.446375421;0.412107260;0.379389974;0.348204173;0.318531538;0.290354775;0.263657579;0.238424589;0.214641354;0.192294297;0.171370670;0.151858519;0.133746631;0.117024491;0.101682231;0.087710573;0.075100781;0.063844597;0.053934199;0.045362145;0.038121332;0.032204967;0.027606540;0.024319823;0.022338876;0.021658083;0.022272207;0.024176468;0.027366654;0.031839253;0.037591623;0.044622182;0.052930628;0.062518181;0.073387844;0.085544673;0.098996055;0.113751971;0.129825244;0.147231743;0.165990533;0.186123941;0.207657519;0.230619863;0.255042261;0.280958127;0.308388662;0.337339940;0.367920287;0.400127301;0.433954851;0.469397513;0.506454960;0.545135188;0.585455395;0.627438740;0.671103401;0.716445579;0.763469755;0.812182774;0.862590829;0.914699632;0.968514585;1.024040953;1.081284012;;;;;;;;;;;;;;;;;;;;;;;;;;;;;;;;
-0.700;;;;;;;;;;;;;2.657072131;2.555065691;2.454838918;2.356662292;2.260736738;2.167204782;2.076160397;1.987657671;1.901720827;1.818382173;1.737621821;1.659377443;1.583565240;1.510089028;1.438848212;1.369744529;1.302687467;1.237598344;1.174488229;1.113551902;1.054635496;0.997696661;0.942694481;0.889589662;0.838344634;0.788923596;0.741292523;0.695419128;0.651272815;0.608824609;0.568047087;0.528914300;0.491401703;0.455486081;0.421145488;0.388359185;0.357107586;0.327372213;0.299135645;0.272381480;0.247094291;0.223259588;0.200863776;0.179894107;0.160338642;0.142186193;0.125426277;0.110049058;0.096045291;0.083406261;0.072123728;0.062189868;0.053597223;0.046338655;0.040407310;0.035796597;0.032500177;0.030511974;0.029826208;0.030437446;0.032340686;0.035531468;0.040006003;0.045761349;0.052795600;0.061108112;0.070699745;0.081573131;0.093732946;0.107186193;0.121942469;0.138014223;0.155416960;0.174169401;0.194293556;0.215814692;0.238761162;0.263164055;0.289056648;0.316457288;0.345397276;0.375981676;0.408207622;0.442067888;0.477555207;0.514666514;0.553406246;0.593787342;0.635828057;0.679542563;0.724935836;0.772015170;0.820787677;0.871259793;0.923437419;0.977326062;1.032930966;1.090257215;;;;;;;;;;;;;;;;;;;;;;;;;;;;;;;;
-0.800;;;;;;;;;;;;;2.671038823;2.569195073;2.469099344;2.371020058;2.275157311;2.181653816;2.090604569;2.002065336;1.916061381;1.832626181;1.751742960;1.673349085;1.597362041;1.523688480;1.452231997;1.382899568;1.315606607;1.250280654;1.186917782;1.125797082;1.066705423;1.009600541;0.954441427;0.901188554;0.849804013;0.800251589;0.752496788;0.706506830;0.662250611;0.619698657;0.578823060;0.539597417;0.501996757;0.465997487;0.431577320;0.398715226;0.367391373;0.337587080;0.309284768;0.282467918;0.257121022;0.233229541;0.210779860;0.189759236;0.170155749;0.151958247;0.135156290;0.119740086;0.105700434;0.093028656;0.081716538;0.071756268;0.063140380;0.055861710;0.049913353;0.045288643;0.041981138;0.039984632;0.039293189;0.039901193;0.041803433;0.044995212;0.049472487;0.055232037;0.062271663;0.070590413;0.080188829;0.091069216;0.103235923;0.116695628;0.131457608;0.147534003;0.164940024;0.183694115;0.203818034;0.225336821;0.248278629;0.272674383;0.298557224;0.325941041;0.354891739;0.385500998;0.417765555;0.451677170;0.487226916;0.524409408;0.563226006;0.603685691;0.645801849;0.689584773;0.735048557;0.782202885;0.831055108;0.881611871;0.933879224;0.987862729;1.043567553;1.100998519;;;;;;;;;;;;;;;;;;;;;;;;;;;;;;;;
-0.900;;;;;;;;;;;;;2.686800467;2.585149260;2.485202392;2.387228141;2.291427482;2.197944833;2.106877542;2.018284229;1.932192414;1.848636862;1.767607740;1.689042822;1.612861306;1.538972916;1.467285560;1.397711498;1.330172069;1.264601014;1.200958158;1.139630560;1.080342627;1.023052195;0.967718138;0.914300640;0.862761372;0.813063610;0.765172289;0.719054021;0.674677088;0.632011406;0.591028480;0.551701354;0.514004551;0.477914015;0.443407056;0.410462294;0.379059603;0.349180064;0.320805913;0.293920491;0.268508199;0.244554445;0.222045591;0.200968905;0.181312494;0.163065253;0.146216795;0.130757388;0.116677887;0.103969663;0.092624540;0.082634730;0.073992771;0.066691480;0.060723910;0.056083326;0.052763193;0.050757184;0.050059213;0.050663494;0.052564619;0.055757673;0.060238380;0.066003267;0.073049875;0.081376980;0.090984852;0.101875525;0.114053079;0.127523932;0.142297118;0.158384541;0.175801200;0.194565349;0.214698571;0.236225757;0.259174929;0.283576901;0.309464712;0.336848695;0.365834606;0.396491144;0.428814866;0.462796593;0.498425981;0.535695681;0.574604431;0.615157746;0.657364457;0.701232453;0.746785058;0.794033012;0.842983882;0.893644489;0.946020996;1.000118978;1.055943471;1.113498973;;;;;;;;;;;;;;;;;;;;;;;;;;;;;;;;
-1.000;;;;;;;;;;;;;2.704341158;2.602909913;2.503127942;2.405265218;2.309525229;2.216055539;2.124957125;2.036292576;1.950093257;1.866393605;1.785195822;1.706438953;1.630044383;1.555925141;1.483993501;1.414166967;1.346372701;1.280550505;1.216654466;1.155051247;1.095547305;1.038052914;0.982526826;0.928928896;0.877220316;0.827363771;0.779323534;0.733065516;0.688557281;0.645768041;0.604668619;0.565231421;0.527430381;0.491240914;0.456639864;0.423605450;0.392117210;0.362155955;0.333703710;0.306743664;0.281260115;0.257238414;0.234664907;0.213526873;0.193812460;0.175510619;0.158611030;0.143104033;0.128980553;0.116232025;0.104850323;0.094827692;0.086156684;0.078830106;0.072840979;0.068182505;0.064848061;0.062831209;0.062125725;0.062725660;0.064625425;0.067819908;0.072304617;0.078075862;0.085130954;0.093468444;0.103088378;0.113992576;0.126184917;0.139671635;0.154461599;0.170566570;0.188001430;0.206784336;0.226936799;0.248483654;0.271452884;0.295875268;0.321783810;0.349190356;0.378237728;0.408964983;0.441368166;0.475438212;0.511163342;0.548534585;0.587548603;0.628208037;0.670517660;0.714486019;0.760144381;0.807503112;0.856569968;0.907351918;0.959855207;1.014085382;1.070047301;1.127745080;;;;;;;;;;;;;;;;;;;;;;;;;;;;;;;;
-1.100;;;;;;;;;;;;;2.723650760;2.622464268;2.522861284;2.425115234;2.329433671;2.235968682;2.144826080;2.056073474;1.969747334;1.885880753;1.804491425;1.725521769;1.648895926;1.574530469;1.502342068;1.432253354;1.364197115;1.298119176;1.233984772;1.172058594;1.112320271;1.054604667;0.998870426;0.945077062;0.893185241;0.843156997;0.794955864;0.748546969;0.703897075;0.660974601;0.619749608;0.580193784;0.542280406;0.505984298;0.471281781;0.438150629;0.406570011;0.376520436;0.347983701;0.320942829;0.295382010;0.271286538;0.248642744;0.227437930;0.207660293;0.189298852;0.172343368;0.156784268;0.142612559;0.129819752;0.118397783;0.108338941;0.099635800;0.092281166;0.086268032;0.081589545;0.078239003;0.076209861;0.075495764;0.076090614;0.077988656;0.081184595;0.085673754;0.091452249;0.098517202;0.106866984;0.116501471;0.127422332;0.139633319;0.153140563;0.167952859;0.184081927;0.201542636;0.220353160;0.240535053;0.262113212;0.285115692;0.309573339;0.335519212;0.362978190;0.392113151;0.422934765;0.455438298;0.489613324;0.525447846;0.562932510;0.602062556;0.642838036;0.685260359;0.729343599;0.775123020;0.822607919;0.871806217;0.922725008;0.975370585;1.029748434;1.085863194;1.143718551;;;;;;;;;;;;;;;;;;;;;;;;;;;;;;;;
-1.200;;;;;;;;;;;;;2.744726402;2.643806540;2.544394436;2.446768631;2.351142223;2.257673122;2.166473114;2.077615828;1.991143694;1.907088609;1.825484417;1.746280705;1.669405071;1.594777927;1.522319898;1.451960919;1.383640339;1.317309914;1.252935064;1.190652857;1.130663175;1.072710280;1.016752754;0.962749767;0.910661440;0.860449110;0.812075516;0.765504932;0.720703248;0.677638017;0.636278467;0.596595503;0.558561681;0.522151179;0.487339753;0.454104692;0.422424761;0.392280152;0.363652413;0.336524394;0.310880173;0.286704989;0.263985166;0.242708035;0.222861856;0.204435728;0.187419508;0.171803718;0.157579464;0.144738344;0.133272365;0.123173868;0.114435460;0.107049949;0.101010304;0.096309625;0.092941133;0.090898180;0.090174291;0.090763227;0.092659077;0.095856388;0.100350315;0.106136814;0.113212859;0.121576684;0.131228055;0.142168559;0.154401896;0.167934186;0.182774249;0.198933875;0.216428039;0.235275060;0.255496668;0.277117954;0.300167181;0.324675395;0.350662896;0.378224305;0.407472251;0.438410418;0.471033103;0.505329172;0.541286137;0.578893935;0.618147376;0.659045857;0.701588494;0.745800794;0.791714681;0.839339106;0.888682135;0.939750961;0.992551901;1.047090349;1.103370689;1.161396129;;;;;;;;;;;;;;;;;;;;;;;;;;;;;;;;
-1.300;;;;;;;;;;;;;2.767573925;2.666939268;2.567727381;2.470223500;2.374647659;2.281164816;2.189893803;2.100915192;2.014278180;1.930014299;1.848170676;1.768708856;1.691562127;1.616656348;1.543918200;1.473281004;1.404688578;1.338097417;1.273477441;1.210835452;1.150578816;1.092373718;1.036178738;0.981952735;0.929655280;0.879246989;0.830689764;0.783946975;0.738983583;0.695766213;0.654263203;0.614444617;0.576282242;0.539749561;0.504821727;0.471475512;0.439689257;0.409442810;0.380717468;0.353495897;0.327762065;0.303501160;0.280699507;0.259344476;0.239424399;0.220928471;0.203846653;0.188169582;0.173888469;0.160995008;0.149481288;0.139339710;0.130562913;0.123143715;0.117075064;0.112350010;0.108961701;0.106903392;0.106168488;0.106750618;0.108643730;0.111842223;0.116341114;0.122136227;0.129224425;0.137603857;0.147274240;0.158237146;0.170496312;0.184057938;0.198930982;0.215127420;0.232662469;0.251554731;0.271826261;0.293502503;0.316612082;0.341186400;0.367245289;0.394941997;0.424326278;0.455400726;0.488159052;0.522589164;0.558678452;0.596417075;0.635800104;0.676826730;0.719497188;0.763850483;0.809910089;0.857685101;0.907183705;0.958413173;1.011379823;1.066088929;1.122544589;;;;;;;;;;;;;;;;;;;;;;;;;;;;;;;;;
-1.400;;;;;;;;;;;;;;2.691874570;2.592869234;2.495486652;2.399955100;2.306447729;2.215091413;2.125974532;2.039153788;1.954661681;1.872551423;1.792808200;1.715370785;1.640169864;1.567136607;1.496208729;1.427334405;1.360474372;1.295602512;1.232705215;1.172071555;1.113600440;1.057154748;1.002693076;0.950174464;0.899558800;0.850807128;0.803881880;0.758747043;0.715368271;0.673712963;0.633750297;0.595451248;0.558788573;0.523736785;0.490272116;0.458372462;0.428017320;0.399187722;0.371866152;0.346036471;0.321683820;0.298794530;0.277356027;0.257356724;0.238785923;0.221633704;0.205890824;0.191548612;0.178598867;0.167033763;0.156845763;0.148027542;0.140571927;0.134471843;0.129720292;0.126310342;0.124235152;0.123488012;0.124062419;0.125952189;0.129151592;0.133655522;0.139459707;0.146560934;0.154957321;0.164648593;0.175636385;0.187924557;0.201519493;0.216430403;0.232669582;0.250252628;0.269198586;0.289530001;0.311272844;0.334456283;0.359108857;0.385289204;0.413144609;0.442686086;0.473913836;0.506820176;0.541393988;0.577622540;0.615496706;0.655012829;0.696171107;0.738979190;0.783482669;0.829696856;0.877630963;0.927293281;0.978691140;1.031830836;1.086717504;1.143354930;;;;;;;;;;;;;;;;;;;;;;;;;;;;;;;;;
-1.500;;;;;;;;;;;;;;2.718635318;2.619839310;2.522574591;2.427078896;2.333534629;2.242077627;2.152804871;2.065781244;1.981045420;1.898643629;1.818594050;1.740842934;1.665326524;1.591980675;1.520747334;1.451578639;1.384439043;1.319305821;1.256168285;1.195147792;1.136397846;1.079688995;1.024979650;0.972228360;0.921394302;0.872437656;0.825319898;0.780004013;0.736454652;0.694638240;0.654523038;0.616079173;0.579278647;0.544095315;0.510504846;0.478484680;0.448013953;0.419073428;0.391645411;0.365713656;0.341263266;0.318280591;0.296753117;0.276669353;0.258018717;0.240791418;0.224978344;0.210570945;0.197561129;0.185941159;0.175703559;0.166841040;0.159346428;0.153212623;0.148432571;0.144999258;0.142905737;0.142145179;0.142710956;0.144596754;0.147796724;0.152305660;0.158119216;0.165234148;0.173648588;0.183362334;0.194377163;0.206697145;0.220328960;0.235282193;0.251569595;0.269207302;0.288214971;0.308615820;0.330436542;0.353707048;0.378451587;0.404811445;0.432844804;0.462559623;0.493953858;0.527018575;0.561741787;0.598112451;0.636124262;0.675775106;0.717067607;0.760024008;0.804684400;0.851059403;0.899158328;0.948989548;1.000560435;1.053877246;1.108944962;1.165767034;;;;;;;;;;;;;;;;;;;;;;;;;;;;;;;;;
-1.600;;;;;;;;;;;;;;2.747256197;2.648668083;2.551514375;2.456043394;2.362447773;2.270873151;2.181425828;2.094179479;2.009181003;1.926468326;1.846086574;1.767997101;1.692142723;1.618464360;1.546908128;1.477429778;1.409996963;1.344589750;1.281199777;1.219833203;1.160775785;1.103791999;1.048823497;0.995828403;0.944765214;0.895593263;0.848273065;0.802766593;0.759037475;0.717051139;0.676774904;0.638178031;0.601231746;0.565909224;0.532185567;0.500037743;0.469444527;0.440386415;0.412845533;0.386805536;0.362251497;0.339169794;0.317547982;0.297374677;0.278639421;0.261332560;0.245445115;0.230968665;0.217895224;0.206217141;0.195926998;0.187017531;0.179481561;0.173311949;0.168501572;0.165043324;0.162930143;0.162155073;0.162711353;0.164592545;0.167792686;0.172306486;0.178129553;0.185258646;0.193691960;0.203429433;0.214473058;0.226827217;0.240498993;0.255498477;0.271839026;0.289537482;0.308614295;0.329093558;0.351002895;0.374369360;0.399272265;0.425828526;0.454053988;0.483953367;0.515522123;0.548750203;0.583625905;0.620139885;0.658288302;0.698073968;0.739504581;0.782618374;0.827439741;0.873978961;0.922245419;0.972247556;1.023992769;1.077487267;1.132735859;1.189741653;;;;;;;;;;;;;;;;;;;;;;;;;;;;;;;;;
-1.700;;;;;;;;;;;;;;2.777784660;2.679398024;2.582344360;2.486883594;2.393219473;2.301508196;2.211866024;2.124375961;2.039093580;1.956054577;1.875314558;1.796860753;1.720643924;1.646610675;1.574711378;1.504905128;1.437162346;1.371468167;1.307816079;1.246207920;1.186747117;1.129477109;1.074238324;1.020988540;0.969685635;0.920288120;0.872755567;0.827048938;0.783130832;0.740965669;0.700519814;0.661761646;0.624661603;0.589192174;0.555327882;0.523045225;0.492322612;0.463140274;0.435480163;0.409325843;0.384662364;0.361476139;0.339754804;0.319487084;0.300662656;0.283272003;0.267306284;0.252757201;0.239616875;0.227877731;0.217532398;0.208573624;0.200994209;0.194786959;0.189944665;0.186460109;0.184326099;0.183535539;0.184081528;0.185957493;0.189157367;0.193675785;0.199508331;0.206651802;0.215104508;0.224866584;0.235940326;0.248330521;0.262044775;0.277093823;0.293491785;0.311256385;0.330409065;0.350975008;0.372983007;0.396478689;0.421591403;0.448355304;0.476781562;0.506871073;0.538617250;0.572009102;0.607035828;0.643690787;0.681974465;0.721895154;0.763472670;0.806746276;0.851729823;0.898433629;0.946867139;0.997038839;1.048956143;1.102625199;1.158050639;1.215235222;;;;;;;;;;;;;;;;;;;;;;;;;;;;;;;;;
-1.800;;;;;;;;;;;;;;;2.712084325;2.615114812;2.519645664;2.425892528;2.334022832;2.244163361;2.156406911;2.070818107;1.987438459;1.906314908;1.827470035;1.750864625;1.676451884;1.604185948;1.534030394;1.465959914;1.399958586;1.336020383;1.274147308;1.214346806;1.156761051;1.101241007;1.047725709;0.996172484;0.946539073;0.898784132;0.852867628;0.808751138;0.766398075;0.725773842;0.686845936;0.649584000;0.613959833;0.579947376;0.547522658;0.516663725;0.487350546;0.459564906;0.433290282;0.408511712;0.385215648;0.363389813;0.343023051;0.324105169;0.306626792;0.290579213;0.275954250;0.262744120;0.250941311;0.240538483;0.231528377;0.223903749;0.217657326;0.212781788;0.209269783;0.207113965;0.206307077;0.206842062;0.208712208;0.211911334;0.216434014;0.222275824;0.229433632;0.237905908;0.247693051;0.258797738;0.271225263;0.284983881;0.300085110;0.316544003;0.334379352;0.353613805;0.374273867;0.396396234;0.420096904;0.445426926;0.472403665;0.501033392;0.531313303;0.563234506;0.596786013;0.631958840;0.668750245;0.707166699;0.747224087;0.788956461;0.832389045;0.877532958;0.924398531;0.972995244;1.023331620;1.075415075;1.129251697;1.184845939;1.242200212;;;;;;;;;;;;;;;;;;;;;;;;;;;;;;;;;
-1.900;;;;;;;;;;;;;;;2.746795473;2.649888387;2.554387322;2.460520515;2.368467200;2.278365160;2.190317369;2.104397809;2.020656532;1.939131695;1.859869031;1.782845969;1.708025098;1.635367923;1.564840898;1.496419068;1.430087253;1.365839534;1.303677526;1.243607860;1.185664475;1.129852116;1.076060324;1.024245965;0.974366073;0.926378435;0.880242050;0.835917490;0.793367169;0.752555539;0.713449212;0.676017038;0.640230130;0.606061847;0.573487751;0.542485530;0.513034897;0.485117476;0.458716665;0.433817491;0.410406454;0.388471368;0.368001192;0.348985867;0.331416152;0.315283465;0.300579732;0.287297244;0.275428538;0.264966278;0.255903172;0.248231903;0.241945087;0.237035263;0.233494911;0.231316504;0.230492597;0.231015953;0.232879704;0.236077555;0.240604013;0.246454668;0.253626485;0.262118139;0.271930358;0.283066281;0.295531817;0.309335991;0.324491259;0.341013781;0.358923620;0.378244855;0.399008995;0.421322192;0.445242783;0.470792762;0.497981495;0.526811449;0.557276321;0.589365585;0.623068752;0.658379984;0.695302227;0.733849883;0.774050549;0.815937788;0.859525532;0.904824841;0.951846033;1.000598604;1.051091102;1.103330944;1.157324153;1.213075013;;;;;;;;;;;;;;;;;;;;;;;;;;;;;;;;;;
-2.000;;;;;;;;;;;;;;;2.783613690;2.686740465;2.591178078;2.497167944;2.404901580;2.314528152;2.226161118;2.139884047;2.055755695;1.973814634;1.894106155;1.816638521;1.741383743;1.668308884;1.597383601;1.528584434;1.461896563;1.397313672;1.334836460;1.274470267;1.216222198;1.160096394;1.106016732;1.053929996;1.003792591;0.955561490;0.909194766;0.864652013;0.821894667;0.780886237;0.741592462;0.703981407;0.668023499;0.633691526;0.600960586;0.569808014;0.540213274;0.512157833;0.485625014;0.460599839;0.437068859;0.415019974;0.394442259;0.375325782;0.357661426;0.341440720;0.326655676;0.313298643;0.301362173;0.290838908;0.281721487;0.274002484;0.267674365;0.262729488;0.259160127;0.256958534;0.256117045;0.256628215;0.258484998;0.261680968;0.266210570;0.272069414;0.279254591;0.287765026;0.297601835;0.308768707;0.321272272;0.335122458;0.350332817;0.366920801;0.384907958;0.404320201;0.425264182;0.447792385;0.471931200;0.497696003;0.525091776;0.554113200;0.584752596;0.616998613;0.650842534;0.686283157;0.723331090;0.762011324;0.802359880;0.844396359;0.888132352;0.933578825;0.980746058;1.029643549;1.080279860;1.132662408;1.186797163;1.242688250;;;;;;;;;;;;;;;;;;;;;;;;;;;;;;;;;;
-2.100;;;;;;;;;;;;;;;;2.725759344;2.630099330;2.535910259;2.443396312;2.352718330;2.264000467;2.177336028;2.092792568;2.010416328;1.930242188;1.852303099;1.776585900;1.703064770;1.631713168;1.562509209;1.495438187;1.430492967;1.367672847;1.306981416;1.248423665;1.192001244;1.137623621;1.085252600;1.034845984;0.986360002;0.939751848;0.894980179;0.852005476;0.810790327;0.771299611;0.733500617;0.697363098;0.662859275;0.629963790;0.598653632;0.568908019;0.540708266;0.514037626;0.488881114;0.465225329;0.443058258;0.422369083;0.403147984;0.385385954;0.369074613;0.354206034;0.340772592;0.328766824;0.318181307;0.309008572;0.301241038;0.294870976;0.289890515;0.286291676;0.284066447;0.283206902;0.283705353;0.285554549;0.288747917;0.293279832;0.299145931;0.306343457;0.314871625;0.324732007;0.335928926;0.348469843;0.362365730;0.377631402;0.394285796;0.412352174;0.431932108;0.453080939;0.475820223;0.500170454;0.526140761;0.553730427;0.582931439;0.613730784;0.646119146;0.680091177;0.715652392;0.752823600;0.791641554;0.832132953;0.874310040;0.918184201;0.963766276;1.011066482;1.060094304;1.110858316;1.163365941;1.217623108;1.273633808;;;;;;;;;;;;;;;;;;;;;;;;;;;;;;;;;;
-2.200;;;;;;;;;;;;;;;;2.767046287;2.671244308;2.576833702;2.484031578;2.393010646;2.303905880;2.216820384;2.131830525;2.048990401;1.968335795;1.889900226;1.813692827;1.739696748;1.667890218;1.598253265;1.530771228;1.465435834;1.402244545;1.341198252;1.282298380;1.225544425;1.170914320;1.118246196;1.067557784;1.018804640;0.971943146;0.926931060;0.883727944;0.842295488;0.802597730;0.764601196;0.728274977;0.693590734;0.660522662;0.629047406;0.599143946;0.570793445;0.543979084;0.518685873;0.494900453;0.472610886;0.451806448;0.432477418;0.414614874;0.398210499;0.383256397;0.369744934;0.357668585;0.347019820;0.337791012;0.329974372;0.323561922;0.318545507;0.314916841;0.312667597;0.311789538;0.312274694;0.314115575;0.317305438;0.321838576;0.327710662;0.334919112;0.343463474;0.353345841;0.364571259;0.377148138;0.391088638;0.406409011;0.423129893;0.441350120;0.461120120;0.482466919;0.505411623;0.529961985;0.556123928;0.583891516;0.613253305;0.644196420;0.676711085;0.710798725;0.746474165;0.783771317;0.822725097;0.863349214;0.905655222;0.949654262;0.995357013;1.042773610;1.091913514;1.142785313;1.195396448;1.249752831;;;;;;;;;;;;;;;;;;;;;;;;;;;;;;;;;;;
-2.300;;;;;;;;;;;;;;;;2.810715423;2.714717882;2.620035018;2.526897027;2.435488570;2.345955467;2.258410596;2.172939062;2.089602716;2.008444075;1.929491687;1.852767940;1.778268906;1.705978985;1.635880778;1.567959806;1.502206281;1.438615462;1.377185086;1.317913647;1.260798022;1.205831017;1.152947767;1.101963859;1.052930211;1.005802451;0.960537491;0.917094012;0.875432833;0.835517172;0.797312810;0.760788185;0.725914408;0.692665234;0.661016970;0.630948354;0.602440402;0.575476218;0.550040801;0.526120823;0.503704408;0.482780909;0.463340678;0.445374852;0.428875144;0.413833650;0.400242680;0.388094602;0.377381725;0.368096205;0.360229987;0.353774782;0.348722089;0.345063255;0.342789579;0.341892462;0.342363602;0.344195235;0.347380420;0.351913357;0.357789759;0.365007234;0.373565711;0.383467868;0.394719571;0.407330302;0.421313561;0.436687230;0.453548609;0.471939429;0.491890152;0.513426112;0.536561947;0.561300578;0.587636636;0.615562878;0.645065577;0.676132429;0.708758311;0.742951468;0.778739985;0.816164723;0.855243284;0.895987074;0.938407254;0.982514674;1.028319824;1.075832741;1.125062855;1.176018778;1.228707988;1.283136417;;;;;;;;;;;;;;;;;;;;;;;;;;;;;;;;;;;
-2.400;;;;;;;;;;;;;;;;;2.760636219;2.665621032;2.572091265;2.480243502;2.390234331;2.302186280;2.216193037;2.132324013;2.050628324;1.971138230;1.893874459;1.818845804;1.746044766;1.675457419;1.607070086;1.540871792;1.476854687;1.415013388;1.355343271;1.297838309;1.242488825;1.189279419;1.138104425;1.088775671;1.041367525;0.995836106;0.952139255;0.910236951;0.870091613;0.831668295;0.794934794;0.759861681;0.726422271;0.694592537;0.664350979;0.635678456;0.608557994;0.582974565;0.558914861;0.536367050;0.515320535;0.495765715;0.477693751;0.461096345;0.445965541;0.432293541;0.420072553;0.409294663;0.399951748;0.392035419;0.385537009;0.380447604;0.376758117;0.374459408;0.373542460;0.373998588;0.375819714;0.378998668;0.383529547;0.389408103;0.396632165;0.405202085;0.415121203;0.426396303;0.439038071;0.453064154;0.468554987;0.485561582;0.504116562;0.524240177;0.545953905;0.569265544;0.594173341;0.620665286;0.648728858;0.678351524;0.709523625;0.742246763;0.776540693;0.812445941;0.849987677;0.889176860;0.930024377;0.972540942;1.016737078;1.062623058;1.110208805;1.159503727;1.210516471;1.263254586;1.317724066;;;;;;;;;;;;;;;;;;;;;;;;;;;;;;;;;;;
-2.500;;;;;;;;;;;;;;;;;2.809126313;2.713708082;2.619721204;2.527374046;2.436833774;2.348232341;2.261671762;2.177228736;2.094958682;2.014899246;1.937073139;1.861490099;1.788151497;1.717048666;1.648169030;1.581500232;1.517031793;1.454755040;1.394661922;1.336743211;1.280986501;1.227374301;1.175876035;1.126383951;1.078679952;1.032867213;0.988902776;0.946745812;0.906357967;0.867703580;0.830749819;0.795466722;0.761827169;0.729806798;0.699383864;0.670539067;0.643255338;0.617517615;0.593312586;0.570628439;0.549454602;0.529781484;0.511600230;0.494902487;0.479680196;0.465925395;0.453630069;0.442786017;0.433384765;0.425417522;0.418875169;0.413748305;0.410027338;0.407702627;0.406764669;0.407204351;0.409013231;0.412183889;0.416710300;0.422588264;0.429815858;0.438393913;0.448326505;0.459621451;0.472288876;0.486400223;0.502012768;0.519160732;0.537871969;0.558161676;0.580039770;0.603510298;0.628565822;0.655192538;0.683372106;0.713094476;0.744355909;0.777168041;0.811565195;0.847579888;0.885223542;0.924506466;0.965438920;1.008031123;1.052293233;1.098235286;1.145867086;1.195198026;1.246236818;1.298991123;;;;;;;;;;;;;;;;;;;;;;;;;;;;;;;;;;;;
-2.600;;;;;;;;;;;;;;;;;;2.764421320;2.669901290;2.576985166;2.485850385;2.396637995;2.309457984;2.224393966;2.141507288;2.060840599;1.982420957;1.906260681;1.832359840;1.760715923;1.691318715;1.624155196;1.559212402;1.496478244;1.435940969;1.377587827;1.321403382;1.267362300;1.215438452;1.165598440;1.117784771;1.071674468;1.027426917;0.985000513;0.944356148;0.905457465;0.868271011;0.832766295;0.798915762;0.766694712;0.736081149;0.707055602;0.679600897;0.653701911;0.629345313;0.606519280;0.585213231;0.565417546;0.547123311;0.530322069;0.515005598;0.501165716;0.488794115;0.477882240;0.468421195;0.460401706;0.453814129;0.448648502;0.444894655;0.442542374;0.441581615;0.442002777;0.443797022;0.446956645;0.451475497;0.457349435;0.464576818;0.473159015;0.483100935;0.494380519;0.507101952;0.521315034;0.537050053;0.554336385;0.573195984;0.593641649;0.615669270;0.639280340;0.664462745;0.691199981;0.719475880;0.749280407;0.780620405;0.813521541;0.848019670;0.884128021;0.921856028;0.961213176;1.002209037;1.044853287;1.089155690;1.135126030;1.182773996;1.232108986;1.283139814;1.335874311;;;;;;;;;;;;;;;;;;;;;;;;;;;;;;;;;;;;
-2.700;;;;;;;;;;;;;;;;;;2.817893907;2.722752606;2.629187211;2.537385005;2.447495680;2.359636736;2.273898237;2.190346983;2.109030159;2.029978508;1.953209085;1.878722801;1.806513318;1.736574403;1.668893317;1.603454997;1.540243951;1.479244515;1.420439884;1.363808833;1.309327662;1.256967678;1.206694471;1.158467562;1.112240559;1.067756750;1.025044816;0.984128663;0.944971251;0.907538513;0.871799429;0.837726011;0.805293210;0.774478774;0.745263043;0.717628720;0.691560605;0.667045313;0.644070985;0.622626990;0.602703641;0.584291915;0.567383196;0.551969043;0.538040989;0.525590367;0.514608193;0.505085074;0.497011181;0.490376265;0.485169727;0.481380748;0.478998475;0.478012263;0.478411975;0.480188337;0.483333346;0.487840721;0.493706401;0.500929069;0.509469736;0.519349871;0.530674898;0.543479164;0.557797270;0.573655519;0.591076490;0.610076433;0.630661693;0.652826433;0.676558895;0.701847208;0.728674021;0.757026003;0.786901005;0.818317039;0.851309340;0.885893358;0.922077358;0.959869737;0.999279082;1.040314222;1.082984253;1.127298517;1.173266544;1.220897920;1.270202080;1.321187993;;;;;;;;;;;;;;;;;;;;;;;;;;;;;;;;;;;;;
-2.800;;;;;;;;;;;;;;;;;;;2.778401871;2.684094846;2.591541587;2.500899858;2.412294098;2.325820243;2.241549982;2.159534476;2.079807606;2.002388804;1.927285446;1.854486882;1.783982791;1.715762113;1.649808380;1.586102907;1.524626306;1.465356767;1.408270168;1.353339868;1.300535237;1.249820944;1.201156623;1.154496975;1.109792322;1.066924462;1.025719987;0.986288174;0.948594346;0.912606955;0.878297570;0.845640790;0.814614089;0.785197605;0.757373897;0.731127661;0.706445434;0.683315282;0.661726489;0.641669255;0.623134399;0.606113094;0.590596620;0.576576157;0.564042615;0.552986508;0.543397873;0.535266251;0.528580712;0.523329950;0.519502429;0.517086594;0.516071147;0.516445373;0.518199538;0.521325325;0.525816336;0.531651088;0.538726071;0.547205239;0.557125471;0.568517722;0.581411334;0.595837150;0.611818551;0.629369475;0.648500668;0.669212220;0.691495349;0.715330739;0.740704854;0.767602776;0.796017110;0.825957215;0.857454184;0.890525096;0.925176775;0.961416228;0.999250731;1.038687909;1.079735801;1.122402884;1.166698071;1.212630640;1.260210100;1.309445970;1.360347443;;;;;;;;;;;;;;;;;;;;;;;;;;;;;;;;;;;;;
-2.900;;;;;;;;;;;;;;;;;;;2.836980359;2.741825893;2.648425971;2.556945734;2.467515859;2.380237472;2.295186473;2.212417342;2.131966466;2.053855042;1.978091604;1.904673700;1.833580986;1.764798686;1.698310021;1.634094619;1.572127727;1.512383263;1.454833630;1.399448849;1.346195841;1.295037847;1.245934131;1.198840048;1.153699117;1.110465821;1.069088491;1.029452646;0.991481728;0.955230882;0.920671228;0.887777000;0.856525383;0.826896296;0.798872132;0.772437458;0.747578702;0.724283821;0.702541978;0.682343214;0.663678143;0.646537673;0.630912748;0.616794135;0.604172255;0.593037052;0.583377924;0.575183712;0.568442740;0.563142928;0.559271963;0.556817537;0.555767656;0.556111000;0.557837356;0.560915681;0.565205878;0.570883329;0.577960006;0.586466221;0.596436699;0.607904796;0.620893654;0.635429563;0.651532006;0.669206854;0.688458849;0.709282299;0.731663818;0.755584532;0.781026388;0.807981230;0.836451592;0.866462941;0.898031690;0.931162975;0.965862136;1.002134829;1.039987137;1.079425665;1.120457618;1.163090836;1.207333796;1.253195544;1.300685554;1.349813494;;;;;;;;;;;;;;;;;;;;;;;;;;;;;;;;;;;;;;
-3.000;;;;;;;;;;;;;;;;;;;;2.802500095;2.708144589;2.615727900;2.525386119;2.437224753;2.351323130;2.267738288;2.186508384;2.107655680;2.031189146;1.957106716;1.885396211;1.816029369;1.748986632;1.684243980;1.621773601;1.561545358;1.503527330;1.447685693;1.393984329;1.342384421;1.292844228;1.245315896;1.199753515;1.156108438;1.114331516;1.074374258;1.036190071;0.999713623;0.964888214;0.931741822;0.900251330;0.870396421;0.842159297;0.815524373;0.790477939;0.767007815;0.745103003;0.724753345;0.705949209;0.688681186;0.672939835;0.658715457;0.645997920;0.634776542;0.625040023;0.616776443;0.609973324;0.604617758;0.600696610;0.598196783;0.597105558;0.597329077;0.598838327;0.601709475;0.605959433;0.611624161;0.618713588;0.627257851;0.637288468;0.648839631;0.661928237;0.676574990;0.692793275;0.710585177;0.729945790;0.750865559;0.773327869;0.797314294;0.822809969;0.849814223;0.878348315;0.908424984;0.940047460;0.973219171;1.007943874;1.044225794;1.082069754;1.121481291;1.162466744;1.205033306;1.249189031;1.294942767;1.342304013;1.391282668;;;;;;;;;;;;;;;;;;;;;;;;;;;;;;;;;;;;;;
-3.100;;;;;;;;;;;;;;;;;;;;2.866237842;2.770803120;2.677338935;2.585985837;2.496852773;2.410021595;2.325551026;2.243480160;2.163831523;2.086613762;2.011823977;1.939449751;1.869469978;1.801849990;1.736561491;1.673573737;1.612852419;1.554361072;1.498061564;1.443914114;1.391877131;1.341907125;1.293957808;1.247982404;1.203933434;1.161763548;1.121426492;1.082878149;1.046077006;1.010987612;0.977578694;0.945830373;0.915735045;0.887270970;0.860422389;0.835175429;0.811517745;0.789438149;0.768926254;0.749972142;0.732566053;0.716698113;0.702358112;0.689535326;0.678218398;0.668395281;0.660053253;0.653178992;0.647758730;0.643725452;0.641032160;0.639707672;0.639765470;0.641196533;0.644012424;0.648231589;0.653891682;0.661004074;0.669596235;0.679696926;0.691335035;0.704525522;0.719281271;0.735609217;0.753506971;0.772961894;0.793961235;0.816487079;0.840523454;0.866064213;0.893127499;0.921720714;0.951845012;0.983501697;1.016692386;1.051419165;1.087684754;1.125492663;1.164847318;1.205754177;1.248219794;1.292251826;1.337858978;1.385050852;;;;;;;;;;;;;;;;;;;;;;;;;;;;;;;;;;;;;;;
-3.200;;;;;;;;;;;;;;;;;;;;;2.836505117;2.741867979;2.649391349;2.559186549;2.471336918;2.385901874;2.302920499;2.222414682;2.144391893;2.068847589;1.995767322;1.925128570;1.856901904;1.791046149;1.727524278;1.666298301;1.607327210;1.550568222;1.495977306;1.443510868;1.393121301;1.344761690;1.298384714;1.253943157;1.211390593;1.170682183;1.131776929;1.094636434;1.059225072;1.025512587;0.993473439;0.963086793;0.934338765;0.907217987;0.881712229;0.857843188;0.835574940;0.814887281;0.795769982;0.778212904;0.762205719;0.747737676;0.734797428;0.723372999;0.713434209;0.704952189;0.697905862;0.692280344;0.688056972;0.685224734;0.683778775;0.683736182;0.685090881;0.687856816;0.692053782;0.697716948;0.704860987;0.713508842;0.723685385;0.735413119;0.748704123;0.763563359;0.779991207;0.797979864;0.817513048;0.838574392;0.861147916;0.885226169;0.910822648;0.937939003;0.966574179;0.996727200;1.028397337;1.061584301;1.096288432;1.132510884;1.170253804;1.209520491;1.250315521;1.292644827;1.336515722;1.381936843;;;;;;;;;;;;;;;;;;;;;;;;;;;;;;;;;;;;;;;;
-3.300;;;;;;;;;;;;;;;;;;;;;;2.809399302;2.715672898;2.624283913;2.535316006;2.448828172;2.364858409;2.283426962;2.204539161;2.128187919;2.054355909;1.983017467;1.914140234;1.847686552;1.783609684;1.721863497;1.662402795;1.605180035;1.550148118;1.497256713;1.446456382;1.397697797;1.350932088;1.306111290;1.263188908;1.222121937;1.182871361;1.145396946;1.109664836;1.075645453;1.043313636;1.012648892;0.983641020;0.956270607;0.930526413;0.906398778;0.883878661;0.862958686;0.843626957;0.825869803;0.809672354;0.795017436;0.781885328;0.770256683;0.760110431;0.751425779;0.744185316;0.738376507;0.733984919;0.731003380;0.729430679;0.729286159;0.730566714;0.733287754;0.737469358;0.743142780;0.750324734;0.759032951;0.769287353;0.781103381;0.794488885;0.809441412;0.825955062;0.844017018;0.863609542;0.884715517;0.907330536;0.931461267;0.957104777;0.984257724;1.012916735;1.043078592;1.074740441;1.107900006;1.142555812;1.178707399;1.216355528;1.255502363;1.296151615;1.338308645;1.381980491;1.427175822;;;;;;;;;;;;;;;;;;;;;;;;;;;;;;;;;;;;;;;;
-3.400;;;;;;;;;;;;;;;;;;;;;;;2.784893182;2.692194022;2.601996097;2.514356723;2.429311625;2.346878266;2.267058769;2.189842495;2.115208294;2.043126479;1.973560531;1.906468597;1.841804768;1.779517681;1.719552510;1.661858067;1.606380567;1.553066194;1.501861475;1.452713746;1.405571571;1.360385173;1.317107325;1.275697779;1.236111700;1.198311310;1.162262849;1.127936784;1.095307844;1.064359835;1.035074214;1.007433612;0.981425591;0.957039153;0.934264162;0.913092601;0.893509430;0.875501312;0.859053192;0.844148193;0.830767844;0.818894754;0.808510138;0.799596247;0.792139637;0.786130301;0.781558210;0.778419841;0.776717198;0.776470516;0.777679541;0.780360175;0.784531681;0.790220316;0.797443001;0.806211928;0.816541155;0.828439041;0.841907158;0.856937334;0.873518010;0.891632937;0.911265270;0.932413768;0.955076468;0.979248088;1.004922983;1.032095329;1.060759325;1.090909417;1.122540540;1.155648366;1.190229553;1.226281998;1.263805068;1.302799806;1.343269103;1.385217813;1.428652799;;;;;;;;;;;;;;;;;;;;;;;;;;;;;;;;;;;;;;;;;
-3.500;;;;;;;;;;;;;;;;;;;;;;;2.857105969;2.762955921;2.671403286;2.582502298;2.496285082;2.412765056;2.331939949;2.253794451;2.178302542;2.105429529;2.035133826;1.967368503;1.902082628;1.839222422;1.778731692;1.720549729;1.664617744;1.610877149;1.559269891;1.509739195;1.462230126;1.416690068;1.373073091;1.331331264;1.291421417;1.253304863;1.216947110;1.182317975;1.149393102;1.118155870;1.088582309;1.060656766;1.034365812;1.009697490;0.986642260;0.965188616;0.945322662;0.927031272;0.910300149;0.895113470;0.881455469;0.869310935;0.858664223;0.849501169;0.841812365;0.835590612;0.830830202;0.827530954;0.825697557;0.825349826;0.826490047;0.829133611;0.833297861;0.839003347;0.846265002;0.855089473;0.865484295;0.877450864;0.890983687;0.906070265;0.922694999;0.940845408;0.960518282;0.981707021;1.004404265;1.028602105;1.054292275;1.081466358;1.110116032;1.140233328;1.171810901;1.204842318;1.239322343;1.275247220;1.312614933;1.351425447;1.391680897;1.433385731;;;;;;;;;;;;;;;;;;;;;;;;;;;;;;;;;;;;;;;;;;
-3.600;;;;;;;;;;;;;;;;;;;;;;;;2.836597210;2.743551148;2.653266224;2.565769480;2.481068900;2.399156499;2.320011059;2.243600526;2.169884122;2.098814183;2.030337769;1.964398058;1.900935551;1.839889115;1.781196872;1.724795173;1.670618704;1.618604657;1.568691670;1.520820591;1.474936911;1.430988404;1.388925370;1.348702962;1.310280643;1.273622347;1.238696507;1.205481555;1.173951602;1.144085607;1.115866912;1.089281228;1.064315941;1.040962390;1.019206305;0.999035719;0.980438490;0.963401882;0.947911940;0.933956307;0.921522562;0.910598726;0.901174576;0.893244620;0.886804735;0.881853202;0.878392746;0.876430092;0.875983470;0.877057152;0.879665008;0.883821416;0.889540868;0.896834084;0.905702423;0.916146616;0.928161296;0.941735033;0.956853284;0.973508057;0.991692150;1.011397182;1.032613851;1.055332092;1.079541264;1.105230374;1.132388328;1.161004203;1.191067546;1.222568687;1.255499058;1.289851520;1.325620677;1.362803173;1.401397960;1.441406520;;;;;;;;;;;;;;;;;;;;;;;;;;;;;;;;;;;;;;;;;;;
-3.700;;;;;;;;;;;;;;;;;;;;;;;;;2.818439490;2.726635092;2.637739973;2.551755135;2.468665431;2.388442363;2.311046568;2.236429982;2.164537751;2.095309894;2.028682742;1.964590201;1.902964822;1.843738734;1.786844431;1.732215403;1.679783814;1.629482711;1.581248865;1.535022836;1.490747713;1.448371110;1.407845100;1.369126435;1.332176661;1.296964031;1.263461972;1.231642734;1.201485270;1.172971802;1.146087218;1.120819390;1.097157572;1.075088745;1.054602234;1.035687478;1.018333918;1.002530145;0.988267586;0.975537083;0.964330631;0.954642099;0.946469628;0.939812302;0.934671845;0.931053308;0.928964705;0.928421723;0.929429825;0.932000399;0.936143933;0.941868808;0.949179757;0.958073284;0.968543583;0.980579597;0.994170907;1.009310063;1.025988462;1.044196218;1.063922286;1.085154612;1.107880324;1.132085958;1.157757712;1.184881738;1.213444455;1.243432882;1.274834997;1.307640092;1.341839142;1.377425154;1.414393502;1.452742227;;;;;;;;;;;;;;;;;;;;;;;;;;;;;;;;;;;;;;;;;;;;
-3.800;;;;;;;;;;;;;;;;;;;;;;;;;;2.802579641;2.712155007;2.624771687;2.540405768;2.459019973;2.380566216;2.304987833;2.232221553;2.162199212;2.094849246;2.030097988;1.967870788;1.908092965;1.850690632;1.795591380;1.742724862;1.692023179;1.643418490;1.596845549;1.552243586;1.509556195;1.468731721;1.429723513;1.392490048;1.356998477;1.323215264;1.291113320;1.260669900;1.231865921;1.204685398;1.179116560;1.155146702;1.132764914;1.111961874;1.092728990;1.075058067;1.058941348;1.044373450;1.031348971;1.019863948;1.009916258;1.001507268;0.994639151;0.989316357;0.985545557;0.983335226;0.982697838;0.983639026;0.986166862;0.990287246;0.996002625;1.003310956;1.012203965;1.022673043;1.034711717;1.048312007;1.063464336;1.080157597;1.098379261;1.118115523;1.139351488;1.162071396;1.186258884;1.211897278;1.238969923;1.267460541;1.297353606;1.328634742;1.361291126;1.395311892;1.430688524;1.467415231;1.505489281;;;;;;;;;;;;;;;;;;;;;;;;;;;;;;;;;;;;;;;;;;;;
-3.900;;;;;;;;;;;;;;;;;;;;;;;;;;;2.788955370;2.700048084;2.614297541;2.531656037;2.452065212;2.375458359;2.301762439;2.230899852;2.162789979;2.097350512;2.034498611;1.974151889;1.916229252;1.860651606;1.807342452;1.756228373;1.707239425;1.660309450;1.615374925;1.572374205;1.531251639;1.491956801;1.454445497;1.418678805;1.384621871;1.352245363;1.321524536;1.292438778;1.264971335;1.239109401;1.214840247;1.192154401;1.171044038;1.151502686;1.133524705;1.117106120;1.102244536;1.088938343;1.077187421;1.066993363;1.058360160;1.051292740;1.045797416;1.041881679;1.039553609;1.038822117;1.039691880;1.042167045;1.046248428;1.051931075;1.059210809;1.068082951;1.078540998;1.090576587;1.104179517;1.119337793;1.136037726;1.154264060;1.174000158;1.195228214;1.217929517;1.242084748;1.267674321;1.294678747;1.323079040;1.352857137;1.383996337;1.416481755;1.450300767;1.485443446;1.521902981;;;;;;;;;;;;;;;;;;;;;;;;;;;;;;;;;;;;;;;;;;;;;
-4.000;;;;;;;;;;;;;;;;;;;;;;;;;;;;2.777494712;2.690241014;2.606242444;2.525428679;2.447721377;2.373036255;2.301284904;2.232376370;2.166218529;2.102719266;2.041787490;1.983333991;1.927272165;1.873518610;1.821993624;1.772621590;1.725331290;1.680056123;1.636734271;1.595308789;1.555726063;1.517937032;1.481898860;1.447574229;1.414931143;1.383942631;1.354586359;1.326844610;1.300702875;1.276149461;1.253175678;1.231775128;1.211943384;1.193677435;1.176976513;1.161841157;1.148273201;1.136275910;1.125853970;1.117013567;1.109761498;1.104105126;1.100051920;1.097608759;1.096780805;1.097568960;1.099973872;1.103995042;1.109630159;1.116874975;1.125723222;1.136166550;1.148194527;1.161794662;1.176952481;1.193651646;1.211874118;1.231600369;1.252809632;1.275480205;1.299589786;1.325115857;1.352036099;1.380328836;1.409973506;1.440951150;1.473244911;1.506840527;1.541726813;;;;;;;;;;;;;;;;;;;;;;;;;;;;;;;;;;;;;;;;;;;;;;
-4.100;;;;;;;;;;;;;;;;;;;;;;;;;;;;;2.768116180;2.682650299;2.600520564;2.521635269;2.445897266;2.373205828;2.303458272;2.236551360;2.172382511;2.110850831;2.051857990;1.995308955;1.941112593;1.889182159;1.839435691;1.791796296;1.746192371;1.702557739;1.660831720;1.620959148;1.582890333;1.546580971;1.511992018;1.479088855;1.447841821;1.418226776;1.390224463;1.363819579;1.339000685;1.315759671;1.294091334;1.273992997;1.255464074;1.238506229;1.223122654;1.209318032;1.197098320;1.186470521;1.177442309;1.170021401;1.164214475;1.160027546;1.157465712;1.156532811;1.157231169;1.159561378;1.163522105;1.169109934;1.176319244;1.185142128;1.195568354;1.207585368;1.221178343;1.236330279;1.253022147;1.271233084;1.290940636;1.312121054;1.334749626;1.358801070;1.384249951;1.411071148;1.439240349;1.468734572;1.499532702;1.531616041;1.564968852;;;;;;;;;;;;;;;;;;;;;;;;;;;;;;;;;;;;;;;;;;;;;;;
-4.200;;;;;;;;;;;;;;;;;;;;;;;;;;;;;;2.760729705;2.677183401;2.597036713;2.520177861;2.446492153;2.375863645;2.308176567;2.243316559;2.181171721;2.121633494;2.064597404;2.009963661;1.957637646;1.907530289;1.859558350;1.813644612;1.769717998;1.727713616;1.687572744;1.649242760;1.612677012;1.577834661;1.544680465;1.513184540;1.483322086;1.455073083;1.428421969;1.403357288;1.379871328;1.357959745;1.337621169;1.318856805;1.301670032;1.286065996;1.272051200;1.259633102;1.248819722;1.239619249;1.232039673;1.226088419;1.221772013;1.219095761;1.218063461;1.218677134;1.220936799;1.224840270;1.230383006;1.237557987;1.246355643;1.256763826;1.268767835;1.282350478;1.297492202;1.314171267;1.332363969;1.352044925;1.373187400;1.395763696;1.419745575;1.445104735;1.471813325;1.499844486;1.529172933;1.559775541;;;;;;;;;;;;;;;;;;;;;;;;;;;;;;;;;;;;;;;;;;;;;;;;;
-4.300;;;;;;;;;;;;;;;;;;;;;;;;;;;;;;;2.755238420;2.673740761;2.595688604;2.520951496;2.449398556;2.380899932;2.315328050;2.252558677;2.192471810;2.134952414;2.079891024;2.027184218;1.976734981;1.928452964;1.882254656;1.838063473;1.795809769;1.755430789;1.716870557;1.680079714;1.645015306;1.611640531;1.579924451;1.549841673;1.521371989;1.494500010;1.469214764;1.445509282;1.423380174;1.402827184;1.383852748;1.366461544;1.350660037;1.336456034;1.323858239;1.312875819;1.303517983;1.295793574;1.289710684;1.285276290;1.282495911;1.281373308;1.281910198;1.284106021;1.287957739;1.293459672;1.300603393;1.309377659;1.319768399;1.331758749;1.345329151;1.360457497;1.377119338;1.395288142;1.414935618;1.436032086;1.458546904;1.482448948;1.507707137;1.534290995;1.562171256;1.591320493;;;;;;;;;;;;;;;;;;;;;;;;;;;;;;;;;;;;;;;;;;;;;;;;;;
-4.400;;;;;;;;;;;;;;;;;;;;;;;;;;;;;;;;;2.672218664;2.596369956;2.523847545;2.454505801;2.388202364;2.324799217;2.264163575;2.206168616;2.150694077;2.097626705;2.046860608;1.998297485;1.951846771;1.907425689;1.864959234;1.824380073;1.785628403;1.748651732;1.713404628;1.679848415;1.647950831;1.617685656;1.589032306;1.561975405;1.536504335;1.512612767;1.490298183;1.469561381;1.450405984;1.432837936;1.416865007;1.402496298;1.389741755;1.378611697;1.369116358;1.361265447;1.355067734;1.350530654;1.347659958;1.346459374;1.346930329;1.349071693;1.352879577;1.358347176;1.365464662;1.374219127;1.384594584;1.396572027;1.410129546;1.425242504;1.441883776;1.460024048;1.479632174;1.500675597;1.523120824;1.546933951;1.572081244;1.598529762;1.626248010;;;;;;;;;;;;;;;;;;;;;;;;;;;;;;;;;;;;;;;;;;;;;;;;;;;
-4.500;;;;;;;;;;;;;;;;;;;;;;;;;;;;;;;;;;2.672512937;2.598974400;2.528757811;2.461704314;2.397660518;2.336479392;2.278020980;2.222152981;2.168751184;2.117699787;2.068891602;2.022228161;1.977619735;1.934985271;1.894252251;1.855356499;1.818241915;1.782860168;1.749170341;1.717138531;1.686737422;1.657945821;1.630748172;1.605134051;1.581097638;1.558637181;1.537754452;1.518454196;1.500743581;1.484631647;1.470128770;1.457246131;1.445995199;1.436387237;1.428432831;1.422141439;1.417520977;1.414577437;1.413314540;1.413733440;1.415832457;1.419606880;1.425048799;1.432147012;1.440886975;1.451250823;1.463217443;1.476762622;1.491859250;1.508477591;1.526585625;1.546149449;1.567133737;1.589502274;1.613218528;1.638246292;;;;;;;;;;;;;;;;;;;;;;;;;;;;;;;;;;;;;;;;;;;;;;;;;;;;;
-4.600;;;;;;;;;;;;;;;;;;;;;;;;;;;;;;;;;;;2.674523381;2.603400071;2.535579274;2.470890497;2.409170860;2.350265796;2.294029611;2.240325889;2.189027782;2.140018177;2.093189767;2.048445019;2.005696066;1.964864522;1.925881224;1.888685920;1.853226904;1.819460593;1.787351078;1.756869631;1.727994176;1.700708748;1.675002920;1.650871221;1.628312535;1.607329500;1.587927903;1.570116070;1.553904269;1.539304122;1.526328023;1.514988587;1.505298110;1.497268061;1.490908604;1.486228155;1.483232974;1.481926805;1.482310558;1.484382045;1.488135765;1.493562751;1.500650474;1.509382811;1.519740075;1.531699119;1.545233502;1.560313729;1.576907559;1.594980382;1.614495669;1.635415484;1.657701063;1.681313451;;;;;;;;;;;;;;;;;;;;;;;;;;;;;;;;;;;;;;;;;;;;;;;;;;;;;;
-4.700;;;;;;;;;;;;;;;;;;;;;;;;;;;;;;;;;;;;;2.609554781;2.544219351;2.481972054;2.422642103;2.366068919;2.312102518;2.260603754;2.211444447;2.164507409;2.119686361;2.076885772;2.036020616;1.997016059;1.959807085;1.924338065;1.890562274;1.858441374;1.827944857;1.799049448;1.771738499;1.746001353;1.721832690;1.699231870;1.678202267;1.658750605;1.640886287;1.624620751;1.609966818;1.596938075;1.585548267;1.575810722;1.567737803;1.561340399;1.556627450;1.553605520;1.552278413;1.552646845;1.554708168;1.558456154;1.563880843;1.570968450;1.579701353;1.590058136;1.602013715;1.615539536;1.630603845;1.647172036;1.665207071;1.684669978;1.705520410;;;;;;;;;;;;;;;;;;;;;;;;;;;;;;;;;;;;;;;;;;;;;;;;;;;;;;;;
-4.800;;;;;;;;;;;;;;;;;;;;;;;;;;;;;;;;;;;;;;;2.554601495;2.494873573;2.438000752;2.383817978;2.332172436;2.282923622;2.235943317;2.191115454;2.148335890;2.107512107;2.068562832;2.031417593;1.996016226;1.962308320;1.930252630;1.899816441;1.870974918;1.843710413;1.818011763;1.793873573;1.771295487;1.750281456;1.730839010;1.712978534;1.696712553;1.682055038;1.669020729;1.657624483;1.647880656;1.639802516;1.633401699;1.628687702;1.625667434;1.624344814;1.624720423;1.626791224;1.630550341;1.635986908;1.643085989;1.651828569;1.662191624;1.674148272;1.687667995;1.702716949;1.719258349;1.737252938;1.756659528;;;;;;;;;;;;;;;;;;;;;;;;;;;;;;;;;;;;;;;;;;;;;;;;;;;;;;;;;
-4.900;;;;;;;;;;;;;;;;;;;;;;;;;;;;;;;;;;;;;;;;;2.509542165;2.455196606;2.403466260;2.354196920;2.307248073;2.262492711;2.219817034;2.179120082;2.140313285;2.103319950;2.068074687;2.034522785;2.002619545;1.972329574;1.943626050;1.916489961;1.890909326;1.866878406;1.844396899;1.823469148;1.804103336;1.786310703;1.770104771;1.755500589;1.742514006;1.731160965;1.721456844;1.713415826;1.707050316;1.702370412;1.699383421;1.698093439;1.698500993;1.700602748;1.704391282;1.709854938;1.716977754;1.725739469;1.736115609;1.748077667;1.761593355;1.776626952;1.793139729;;;;;;;;;;;;;;;;;;;;;;;;;;;;;;;;;;;;;;;;;;;;;;;;;;;;;;;;;;;
-5.000;;;;;;;;;;;;;;;;;;;;;;;;;;;;;;;;;;;;;;;;;;;2.474207985;2.424996081;2.378163010;2.333569551;2.291091094;2.250617186;2.212051014;2.175308802;2.140319167;2.107022410;2.075369766;2.045322618;2.016851684;1.989936168;1.964562913;1.940725521;1.918423487;1.897661319;1.878447673;1.860794500;1.844716203;1.830228827;1.817349271;1.806094533;1.796481002;1.788523786;1.782236091;1.777628662;1.774709267;1.773482264;1.773948220;1.776103613;1.779940604;1.785446890;1.792605644;1.801395535;1.811790839;1.823761639;;;;;;;;;;;;;;;;;;;;;;;;;;;;;;;;;;;;;;;;;;;;;;;;;;;;;;;;;;;;;;
-5.100;;;;;;;;;;;;;;;;;;;;;;;;;;;;;;;;;;;;;;;;;;;;;;2.404091145;2.361913844;2.321770095;2.283553786;2.247173113;2.212549841;2.179618513;2.148325614;2.118628693;2.090495466;2.063902886;2.038836202;2.015288007;1.993257283;1.972748453;1.953770433;1.936335711;1.920459440;1.906158559;1.893450948;1.882354621;1.872886963;1.865064020;1.858899834;1.854405849;1.851590377;1.850458130;1.851009835;1.853241919;1.857146280;1.862710146;1.869916020;1.878741719;;;;;;;;;;;;;;;;;;;;;;;;;;;;;;;;;;;;;;;;;;;;;;;;;;;;;;;;;;;;;;;;
-5.200;;;;;;;;;;;;;;;;;;;;;;;;;;;;;;;;;;;;;;;;;;;;;;;;;2.354596286;2.318698734;2.284563730;2.252119206;2.221306128;2.192077532;2.164397527;2.138240279;2.113588979;2.090434806;2.068775884;2.048616256;2.029964854;2.012834508;1.997240960;1.983201926;1.970736187;1.959862724;1.950599903;1.942964717;1.936972085;1.932634218;1.929960059;1.928954793;1.929619443;1.931950547;;;;;;;;;;;;;;;;;;;;;;;;;;;;;;;;;;;;;;;;;;;;;;;;;;;;;;;;;;;;;;;;;;;;
-5.300;;;;;;;;;;;;;;;;;;;;;;;;;;;;;;;;;;;;;;;;;;;;;;;;;;;;;2.294129426;2.265497633;2.238396411;2.212796541;2.188678631;2.166031990;2.144853492;2.125146466;2.106919582;2.090185782;2.074961219;2.061264251;2.049114463;2.038531745;2.029535424;2.022143455;2.016371678;2.012233148;;;;;;;;;;;;;;;;;;;;;;;;;;;;;;;;;;;;;;;;;;;;;;;;;;;;;;;;;;;;;;;;;;;;;;;;
-5.400;;;;;;;;;;;;;;;;;;;;;;;;;;;;;;;;;;;;;;;;;;;;;;;;;;;;;;;;;;;;;;;;;;;;;;;;;;;;;;;;;;;;;;;;;;;;;;;;;;;;;;;;;;;;;;;;;;;;;;;;;;;;;;;;;;;;;;;;;;;;;;
-5.500;;;;;;;;;;;;;;;;;;;;;;;;;;;;;;;;;;;;;;;;;;;;;;;;;;;;;;;;;;;;;;;;;;;;;;;;;;;;;;;;;;;;;;;;;;;;;;;;;;;;;;;;;;;;;;;;;;;;;;;;;;;;;;;;;;;;;;;;;;;;;;
-5.600;;;;;;;;;;;;;;;;;;;;;;;;;;;;;;;;;;;;;;;;;;;;;;;;;;;;;;;;;;;;;;;;;;;;;;;;;;;;;;;;;;;;;;;;;;;;;;;;;;;;;;;;;;;;;;;;;;;;;;;;;;;;;;;;;;;;;;;;;;;;;;
-5.700;;;;;;;;;;;;;;;;;;;;;;;;;;;;;;;;;;;;;;;;;;;;;;;;;;;;;;;;;;;;;;;;;;;;;;;;;;;;;;;;;;;;;;;;;;;;;;;;;;;;;;;;;;;;;;;;;;;;;;;;;;;;;;;;;;;;;;;;;;;;;;
-5.800;;;;;;;;;;;;;;;;;;;;;;;;;;;;;;;;;;;;;;;;;;;;;;;;;;;;;;;;;;;;;;;;;;;;;;;;;;;;;;;;;;;;;;;;;;;;;;;;;;;;;;;;;;;;;;;;;;;;;;;;;;;;;;;;;;;;;;;;;;;;;;
-5.900;;;;;;;;;;;;;;;;;;;;;;;;;;;;;;;;;;;;;;;;;;;;;;;;;;;;;;;;;;;;;;;;;;;;;;;;;;;;;;;;;;;;;;;;;;;;;;;;;;;;;;;;;;;;;;;;;;;;;;;;;;;;;;;;;;;;;;;;;;;;;;
-6.000;;;;;;;;;;;;;;;;;;;;;;;;;;;;;;;;;;;;;;;;;;;;;;;;;;;;;;;;;;;;;;;;;;;;;;;;;;;;;;;;;;;;;;;;;;;;;;;;;;;;;;;;;;;;;;;;;;;;;;;;;;;;;;;;;;;;;;;;;;;;;;
-6.100;;;;;;;;;;;;;;;;;;;;;;;;;;;;;;;;;;;;;;;;;;;;;;;;;;;;;;;;;;;;;;;;;;;;;;;;;;;;;;;;;;;;;;;;;;;;;;;;;;;;;;;;;;;;;;;;;;;;;;;;;;;;;;;;;;;;;;;;;;;;;;
-6.200;;;;;;;;;;;;;;;;;;;;;;;;;;;;;;;;;;;;;;;;;;;;;;;;;;;;;;;;;;;;;;;;;;;;;;;;;;;;;;;;;;;;;;;;;;;;;;;;;;;;;;;;;;;;;;;;;;;;;;;;;;;;;;;;;;;;;;;;;;;;;;
-6.300;;;;;;;;;;;;;;;;;;;;;;;;;;;;;;;;;;;;;;;;;;;;;;;;;;;;;;;;;;;;;;;;;;;;;;;;;;;;;;;;;;;;;;;;;;;;;;;;;;;;;;;;;;;;;;;;;;;;;;;;;;;;;;;;;;;;;;;;;;;;;;
-6.400;;;;;;;;;;;;;;;;;;;;;;;;;;;;;;;;;;;;;;;;;;;;;;;;;;;;;;;;;;;;;;;;;;;;;;;;;;;;;;;;;;;;;;;;;;;;;;;;;;;;;;;;;;;;;;;;;;;;;;;;;;;;;;;;;;;;;;;;;;;;;;
-6.500;;;;;;;;;;;;;;;;;;;;;;;;;;;;;;;;;;;;;;;;;;;;;;;;;;;;;;;;;;;;;;;;;;;;;;;;;;;;;;;;;;;;;;;;;;;;;;;;;;;;;;;;;;;;;;;;;;;;;;;;;;;;;;;;;;;;;;;;;;;;;;
-6.600;;;;;;;;;;;;;;;;;;;;;;;;;;;;;;;;;;;;;;;;;;;;;;;;;;;;;;;;;;;;;;;;;;;;;;;;;;;;;;;;;;;;;;;;;;;;;;;;;;;;;;;;;;;;;;;;;;;;;;;;;;;;;;;;;;;;;;;;;;;;;;
-6.700;;;;;;;;;;;;;;;;;;;;;;;;;;;;;;;;;;;;;;;;;;;;;;;;;;;;;;;;;;;;;;;;;;;;;;;;;;;;;;;;;;;;;;;;;;;;;;;;;;;;;;;;;;;;;;;;;;;;;;;;;;;;;;;;;;;;;;;;;;;;;;
-6.800;;;;;;;;;;;;;;;;;;;;;;;;;;;;;;;;;;;;;;;;;;;;;;;;;;;;;;;;;;;;;;;;;;;;;;;;;;;;;;;;;;;;;;;;;;;;;;;;;;;;;;;;;;;;;;;;;;;;;;;;;;;;;;;;;;;;;;;;;;;;;;
-6.900;;;;;;;;;;;;;;;;;;;;;;;;;;;;;;;;;;;;;;;;;;;;;;;;;;;;;;;;;;;;;;;;;;;;;;;;;;;;;;;;;;;;;;;;;;;;;;;;;;;;;;;;;;;;;;;;;;;;;;;;;;;;;;;;;;;;;;;;;;;;;;
-7.000;;;;;;;;;;;;;;;;;;;;;;;;;;;;;;;;;;;;;;;;;;;;;;;;;;;;;;;;;;;;;;;;;;;;;;;;;;;;;;;;;;;;;;;;;;;;;;;;;;;;;;;;;;;;;;;;;;;;;;;;;;;;;;;;;;;;;;;;;;;;;;
BACK [mm];-7.000;-6.900;-6.800;-6.700;-6.600;-6.500;-6.400;-6.300;-6.200;-6.100;-6.000;-5.900;-5.800;-5.700;-5.600;-5.500;-5.400;-5.300;-5.200;-5.100;-5.000;-4.900;-4.800;-4.700;-4.600;-4.500;-4.400;-4.300;-4.200;-4.100;-4.000;-3.900;-3.800;-3.700;-3.600;-3.500;-3.400;-3.300;-3.200;-3.100;-3.000;-2.900;-2.800;-2.700;-2.600;-2.500;-2.400;-2.300;-2.200;-2.100;-2.000;-1.900;-1.800;-1.700;-1.600;-1.500;-1.400;-1.300;-1.200;-1.100;-1.000;-0.900;-0.800;-0.700;-0.600;-0.500;-0.400;-0.300;-0.200;-0.100;0.000;0.100;0.200;0.300;0.400;0.500;0.600;0.700;0.800;0.900;1.000;1.100;1.200;1.300;1.400;1.500;1.600;1.700;1.800;1.900;2.000;2.100;2.200;2.300;2.400;2.500;2.600;2.700;2.800;2.900;3.000;3.100;3.200;3.300;3.400;3.500;3.600;3.700;3.800;3.900;4.000;4.100;4.200;4.300;4.400;4.500;4.600;4.700;4.800;4.900;5.000;5.100;5.200;5.300;5.400;5.500;5.600;5.700;5.800;5.900;6.000;6.100;6.200;6.300;6.400;6.500;6.600;6.700;6.800;6.900;7.000;
7.000;;;;;;;;;;;;;;;;;;;;;;;;;;;;;;;;;;;;;;;;;;;;;;;;;;;;;;;;;;;;;;;;;;;;;;;;;;;;;;;;;;;;;;;;;;;;;;;;;;;;;;;;;;;;;;;;;;;;;;;;;;;;;;;;;;;;;;;;;;;;;;
6.900;;;;;;;;;;;;;;;;;;;;;;;;;;;;;;;;;;;;;;;;;;;;;;;;;;;;;;;;;;;;;;;;;;;;;;;;;;;;;;;;;;;;;;;;;;;;;;;;;;;;;;;;;;;;;;;;;;;;;;;;;;;;;;;;;;;;;;;;;;;;;;
6.800;;;;;;;;;;;;;;;;;;;;;;;;;;;;;;;;;;;;;;;;;;;;;;;;;;;;;;;;;;;;;;;;;;;;;;;;;;;;;;;;;;;;;;;;;;;;;;;;;;;;;;;;;;;;;;;;;;;;;;;;;;;;;;;;;;;;;;;;;;;;;;
6.700;;;;;;;;;;;;;;;;;;;;;;;;;;;;;;;;;;;;;;;;;;;;;;;;;;;;;;;;;;;;;;;;;;;;;;;;;;;;;;;;;;;;;;;;;;;;;;;;;;;;;;;;;;;;;;;;;;;;;;;;;;;;;;;;;;;;;;;;;;;;;;
6.600;;;;;;;;;;;;;;;;;;;;;;;;;;;;;;;;;;;;;;;;;;;;;;;;;;;;;;;;;;;;;;;;;;;;;;;;;;;;;;;;;;;;;;;;;;;;;;;;;;;;;;;;;;;;;;;;;;;;;;;;;;;;;;;;;;;;;;;;;;;;;;
6.500;;;;;;;;;;;;;;;;;;;;;;;;;;;;;;;;;;;;;;;;;;;;;;;;;;;;;;;;;;;;;;;;;;;;;;;;;;;;;;;;;;;;;;;;;;;;;;;;;;;;;;;;;;;;;;;;;;;;;;;;;;;;;;;;;;;;;;;;;;;;;;
6.400;;;;;;;;;;;;;;;;;;;;;;;;;;;;;;;;;;;;;;;;;;;;;;;;;;;;;;;;;;;;;;;;;;;;;;;;;;;;;;;;;;;;;;;;;;;;;;;;;;;;;;;;;;;;;;;;;;;;;;;;;;;;;;;;;;;;;;;;;;;;;;
6.300;;;;;;;;;;;;;;;;;;;;;;;;;;;;;;;;;;;;;;;;;;;;;;;;;;;;;;;;;;;;;;;;;;;;;;;;;;;;;;;;;;;;;;;;;;;;;;;;;;;;;;;;;;;;;;;;;;;;;;;;;;;;;;;;;;;;;;;;;;;;;;
6.200;;;;;;;;;;;;;;;;;;;;;;;;;;;;;;;;;;;;;;;;;;;;;;;;;;;;;;;;;;;;;;;;;;;;;;;;;;;;;;;;;;;;;;;;;;;;;;;;;;;;;;;;;;;;;;;;;;;;;;;;;;;;;;;;;;;;;;;;;;;;;;
6.100;;;;;;;;;;;;;;;;;;;;;;;;;;;;;;;;;;;;;;;;;;;;;;;;;;;;;;;;;;;;;;;;;;;;;;;;;;;;;;;;;;;;;;;;;;;;;;;;;;;;;;;;;;;;;;;;;;;;;;;;;;;;;;;;;;;;;;;;;;;;;;
6.000;;;;;;;;;;;;;;;;;;;;;;;;;;;;;;;;;;;;;;;;;;;;;;;;;;;;;;;;;;;;;;;;;;;;;;;;;;;;;;;;;;;;;;;;;;;;;;;;;;;;;;;;;;;;;;;;;;;;;;;;;;;;;;;;;;;;;;;;;;;;;;
5.900;;;;;;;;;;;;;;;;;;;;;;;;;;;;;;;;;;;;;;;;;;;;;;;;;;;;;;;;;;;;;;;;;;;;;;;;;;;;;;;;;;;;;;;;;;;;;;;;;;;;;;;;;;;;;;;;;;;;;;;;;;;;;;;;;;;;;;;;;;;;;;
5.800;;;;;;;;;;;;;;;;;;;;;;;;;;;;;;;;;;;;;;;;;;;;;;;;;;;;;;;;;;;;;;;;;;;;;;;;;;;;;;;;;;;;;;;;;;;;;;;;;;;;;;;;;;;;;;;;;;;;;;;;;;;;;;;;;;;;;;;;;;;;;;
5.700;;;;;;;;;;;;;;;;;;;;;;;;;;;;;;;;;;;;;;;;;;;;;;;;;;;;;;;;;;;;;;;;;;;;;;;;;;;;;;;;;;;;;;;;;;;;;;;;;;;;;;;;;;;;;;;;;;;;;;;;;;;;;;;;;;;;;;;;;;;;;;
5.600;;;;;;;;;;;;;;;;;;;;;;;;;;;;;;;;;;;;;;;;;;;;;;;;;;;;;;;;;;;;;;;;;;;;;;;;;;;;;;;;;;;;;;;;;;;;;;;;;;;;;;;;;;;;;;;;;;;;;;;;;;;;;;;;;;;;;;;;;;;;;;
5.500;;;;;;;;;;;;;;;;;;;;;;;;;;;;;;;;;;;;;;;;;;;;;;;;;;;;;;;;;;;;;;;;;;;;;;;;;;;;;;;;;;;;;;;;;;;;;;;;;;;;;;;;;;;;;;;;;;;;;;;;;;;;;;;;;;;;;;;;;;;;;;
5.400;;;;;;;;;;;;;;;;;;;;;;;;;;;;;;;;;;;;;;;;;;;;;;;;;;;;;;;;;;;;;;;;;;;;;;;;;;;;;;;;;;;;;;;;;;;;;;;;;;;;;;;;;;;;;;;;;;;;;;;;;;;;;;;;;;;;;;;;;;;;;;
5.300;;;;;;;;;;;;;;;;;;;;;;;;;;;;;;;;;;;;;;;;;;;;;;;;;;;;;;;;;;;;;;;;;;;;;;;;;;;;;;;;;;;;;;;;;;;;;;;;;;;;;;;;;;;;;;;;;;;;;;;;;;;;;;;;;;;;;;;;;;;;;;
5.200;;;;;;;;;;;;;;;;;;;;;;;;;;;;;;;;;;;;;;;;;;;;;;;;;;;;;;;;;;;;;;;;;;;;;;;;;;;;;;;;;;;;;;;;;;;;;;;;;;;;;;;;;;;;;;;;;;;;;;;;;;;;;;;;;;;;;;;;;;;;;;
5.100;;;;;;;;;;;;;;;;;;;;;;;;;;;;;;;;;;;;;;;;;;;;;;;;;;;;;;;;;;;;;;;;;;;;;;;;;;;;;;;;;;;;;;;;;;;;;;;;;;;;;;;;;;;;;;;;;;;;;;;;;;;;;;;;;;;;;;;;;;;;;;
5.000;;;;;;;;;;;;;;;;;;;;;;;;;;;;;;;;;;;;;;;;;;;;;;;;;;;;;;;;;;;;;;;;;;;;;;;;;;;;;;;;;;;;;;;;;;;;;;;;;;;;;;;;;;;;;;;;;;;;;;;;;;;;;;;;;;;;;;;;;;;;;;
4.900;;;;;;;;;;;;;;;;;;;;;;;;;;;;;;;;;;;;;;;;;;;;;;;;;;;;;;;;;;;;;;;;;;;;;;;;;;;;;;;;;;;;;;;;;;;;;;;;;;;;;;;;;;;;;;;;;;;;;;;;;;;;;;;;;;;;;;;;;;;;;;
4.800;;;;;;;;;;;;;;;;;;;;;;;;;;;;;;;;;;;;;;;;;;;;;;;;;;;;;;;;;;;;;;;;;;;;;;;;;;;;;;;;;;;;;;;;;;;;;;;;;;;;;;;;;;;;;;;;;;;;;;;;;;;;;;;;;;;;;;;;;;;;;;
4.700;;;;;;;;;;;;;;;;;;;;;;;;;;;;;;;;;;;;;;;;;;;;;;;;;;;;;;;;;;;;;;;;;;;;;;;;;;;;;;;;;;;;;;;;;;;;;;;;;;;;;;;;;;;;;;;;;;;;;;;;;;;;;;;;;;;;;;;;;;;;;;
4.600;;;;;;;;;;;;;;;;;;;;;;;;;;;;;;;;;;;;;;;;;;;;;;;;;;;;;;;;;;;;;;;;;;;;;;;;;;;;;;;;;;;;;;;;;;;;;;;;;;;;;;;;;;;;;;;;;;;;;;;;;;;;;;;;;;;;;;;;;;;;;;
4.500;;;;;;;;;;;;;;;;;;;;;;;;;;;;;;;;;;;;;;;;;;;;;;;;;;;;;;;;;;;;;;;;;;;;;;;;;;;;;;;;;;;;;;;;;;;;;;;;;;;;;;;;;;;;;;;;;;;;;;;;;;;;;;;;;;;;;;;;;;;;;;
4.400;;;;;;;;;;;;;;;;;;;;;;;;;;;;;;;;;;;;;;;;;;;;;;;;;;;;;;;;;;;;;;;;;;;;;;;;;;;;;;;;;;;;;;;;;;;;;;;;;;;;;;;;;;;;;;;;;;;;;;;;;;;;;;;;;;;;;;;;;;;;;;
4.300;;;;;;;;;;;;;;;;;;;;;;;;;;;;;;;;;;;;;;;;;;;;;;;;;;;;;;;;;;;;;;;;;;;;;;;;;;;;;;;;;;;;;;;;;;;;;;;;;;;;;;;;;;;;;;;;;;;;;;;;;;;;;;;;;;;;;;;;;;;;;;
4.200;;;;;;;;;;;;;;;;;;;;;;;;;;;;;;;;;;;;;;;;;;;;;;;;;;;;;;;;;;;;;;;;;;;;;;;;;;;;;;;;;;;;;;;;;;;;;;;;;;;;;;;;;;;;;;;;;;;;;;;;;;;;;;;;;;;;;;;;;;;;;;
4.100;;;;;;;;;;;;;;;;;;;;;;;;;;;;;;;;;;;;;;;;;;;;;;;;;;;;;;;;;;;;;;;;;;;;;;;;;;;;;;;;;;;;;;;;;;;;;;;;;;;;;;;;;;;;;;;;;;;;;;;;;;;;;;;;;;;;;;;;;;;;;;
4.000;;;;;;;;;;;;;;;;;;;;;;;;;;;;;;;;;;;;;;;;;;;;;;;;;;;;;;;;;;;;;;;;;;;;;;;;;;;;;;;;;;;;;;;;;;;;;;;;;;;;;;;;;;;;;;;;;;;;;;;;;;;;;;;;;;;;;;;;;;;;;;
3.900;;;;;;;;;;;;;;;;;;;;;;;;;;;;;;;;;;;;;;;;;;;;;;;;;;;;;;;;;;;;;;;;;;;;;;;;;;;;;;;;;;;;;;;;;;;;;;;;;;;;;;;;;;;;;;;;;;;;;;;;;;;;;;;;;;;;;;;;;;;;;;
3.800;;;;;;;;;;;;;;;;;;;;;;;;;;;;;;;;;;;;;;;;;;;;;;;;;;;;;;;;;;;;;;;;;;;;;;;;;;;;;;;;;;;;;;;;;;;;;;;;;;;;;;;;;;;;;;;;;;;;;;;;;;;;;;;;;;;;;;;;;;;;;;
3.700;;;;;;;;;;;;;;;;;;;;;;;;;;;;;;;;;;;;;;;;;;;;;;;;;;;;;;1.604484599;1.569906071;1.537525395;1.507365570;1.479443484;1.453769415;1.430346703;1.409171600;1.390233295;1.373514101;1.358989810;1.346630185;;;;;;;;;;;;;;;;;;;;;;;;;;;;;;;;;;;;;;;;;;;;;;;;;;;;;;;;;;;;;;;;;;;;;;;;;;;;;
3.600;;;;;;;;;;;;;;;;;;;;;;;;;;;;;;;;;;;;;;;;;;;;;;;;;1.733954371;1.689042823;1.646196045;1.605448063;1.566831699;1.530377398;1.496112164;1.464058620;1.434234224;1.406650638;1.381313263;1.358220949;1.337365868;1.318733558;1.302303127;1.288047610;1.275934458;1.265926171;1.257981035;1.252053961;1.248097412;1.246062397;;;;;;;;;;;;;;;;;;;;;;;;;;;;;;;;;;;;;;;;;;;;;;;;;;;;;;;;;;;;;;;;;;;;;;;;
3.500;;;;;;;;;;;;;;;;;;;;;;;;;;;;;;;;;;;;;;;;;;;;;;1.806698644;1.755825754;1.706980947;1.660187995;1.615473251;1.572864396;1.532389197;1.494074305;1.457944138;1.424019860;1.392318503;1.362852214;1.335627674;1.310645666;1.287900814;1.267381480;1.249069829;1.232942038;1.218968655;1.207115093;1.197342246;1.189607205;1.183864083;1.180064903;1.178160560;1.178101822;1.179840364;1.183329819;1.188526818;;;;;;;;;;;;;;;;;;;;;;;;;;;;;;;;;;;;;;;;;;;;;;;;;;;;;;;;;;;;;;;;;;;;
3.400;;;;;;;;;;;;;;;;;;;;;;;;;;;;;;;;;;;;;;;;;;;1.898877372;1.841903166;1.786986326;1.734130247;1.683344043;1.634641627;1.588040634;1.543561256;1.501225035;1.461053660;1.423067824;1.387286144;1.353724202;1.322393695;1.293301741;1.266450325;1.241835902;1.219449165;1.199274966;1.181292387;1.165474968;1.151791063;1.140204327;1.130674321;1.123157213;1.117606573;1.113974231;1.112211206;1.112268658;1.114098884;1.117656312;1.122898493;1.129787078;1.138288751;;;;;;;;;;;;;;;;;;;;;;;;;;;;;;;;;;;;;;;;;;;;;;;;;;;;;;;;;;;;;;;;;;
3.300;;;;;;;;;;;;;;;;;;;;;;;;;;;;;;;;;;;;;;;;;1.948362941;1.887049214;1.827885661;1.770856828;1.715953973;1.663174682;1.612522187;1.564004458;1.517633161;1.473422523;1.431388167;1.391545953;1.353910879;1.318496046;1.285311743;1.254364643;1.225657141;1.199186842;1.174946192;1.152922269;1.133096727;1.115445879;1.099940932;1.086548340;1.075230291;1.065945293;1.058648857;1.053294266;1.049833406;1.048217648;1.048398767;1.050329886;1.053966421;1.059267022;1.066194488;1.074716653;1.084807216;1.096446523;1.109622269;;;;;;;;;;;;;;;;;;;;;;;;;;;;;;;;;;;;;;;;;;;;;;;;;;;;;;;;;;;;;;;
3.200;;;;;;;;;;;;;;;;;;;;;;;;;;;;;;;;;;;;;;;2.008846190;1.942855737;1.879151420;1.817699232;1.758471428;1.701446965;1.646611482;1.593956896;1.543480729;1.495185214;1.449076283;1.405162455;1.363453712;1.323960383;1.286692079;1.251656709;1.218859596;1.188302723;1.159984102;1.133897293;1.110031069;1.088369225;1.068890543;1.051568887;1.036373437;1.023269051;1.012216737;1.003174226;0.996096639;0.990937225;0.987648161;0.986181397;0.986489535;0.988526720;0.992249541;0.997617914;1.004595944;1.013152751;1.023263248;1.034908859;1.048078170;1.062767500;1.078981396;;;;;;;;;;;;;;;;;;;;;;;;;;;;;;;;;;;;;;;;;;;;;;;;;;;;;;;;;;;;;
3.100;;;;;;;;;;;;;;;;;;;;;;;;;;;;;;;;;;;;;;2.010198146;1.941575206;1.875362153;1.811514065;1.749991400;1.690760947;1.633796229;1.579077440;1.526591044;1.476329093;1.428288356;1.382469314;1.338875088;1.297510345;1.258380216;1.221489272;1.186840578;1.154434852;1.124269740;1.096339227;1.070633182;1.047137050;1.025831686;1.006693330;0.989693716;0.974800311;0.961976673;0.951182915;0.942376264;0.935511708;0.930542705;0.927421951;0.926102192;0.926537053;0.928681890;0.932494634;0.937936627;0.944973421;0.953575557;0.963719275;0.975387183;0.988568845;1.003261309;1.019469538;1.037206765;1.056494749;;;;;;;;;;;;;;;;;;;;;;;;;;;;;;;;;;;;;;;;;;;;;;;;;;;;;;;;;;;
3.000;;;;;;;;;;;;;;;;;;;;;;;;;;;;;;;;;;;;2.090064190;2.016080734;1.944695064;1.875851002;1.809494060;1.745573762;1.684045182;1.624869837;1.568016028;1.513458759;1.461179313;1.411164571;1.363406151;1.317899420;1.274642451;1.233634950;1.194877217;1.158369156;1.124109364;1.092094323;1.062317718;1.034769872;1.009437324;0.986302546;0.965343792;0.946535095;0.929846378;0.915243700;0.902689613;0.892143610;0.883562678;0.876901917;0.872115226;0.869156038;0.867978093;0.868536228;0.870787180;0.874690381;0.880208739;0.887309390;0.895964409;0.906151472;0.917854462;0.931064008;0.945777950;0.962001732;0.979748697;0.999040317;1.019906311;1.042384691;;;;;;;;;;;;;;;;;;;;;;;;;;;;;;;;;;;;;;;;;;;;;;;;;;;;;;;;;
2.900;;;;;;;;;;;;;;;;;;;;;;;;;;;;;;;;;;;2.103669853;2.026651770;1.952373949;1.880775124;1.811793039;1.745367547;1.681442811;1.619968755;1.560901873;1.504205528;1.449849835;1.397811221;1.348071740;1.300618212;1.255441262;1.212534288;1.171892423;1.133511525;1.097387219;1.063514020;1.031884565;1.002488955;0.975314225;0.950343949;0.927557976;0.906932303;0.888439080;0.872046735;0.857720217;0.845421352;0.835109282;0.826741003;0.820271960;0.815656711;0.812849626;0.811805626;0.812480929;0.814833807;0.818825337;0.824420124;0.831586999;0.840299679;0.850537366;0.862285304;0.875535257;0.890285923;0.906543273;0.924320810;0.943639745;0.964529089;0.987025665;1.011174030;1.037026318;;;;;;;;;;;;;;;;;;;;;;;;;;;;;;;;;;;;;;;;;;;;;;;;;;;;;;;
2.800;;;;;;;;;;;;;;;;;;;;;;;;;;;;;;;;;;2.122226099;2.042047743;1.964752177;1.890276028;1.818551560;1.749510651;1.683087732;1.619221872;1.557858128;1.498948282;1.442451089;1.388332123;1.336563317;1.287122270;1.239991396;1.195156967;1.152608107;1.112335779;1.074331801;1.038587919;1.005094966;0.973842123;0.944816290;0.918001587;0.893378983;0.870926055;0.850616877;0.832422036;0.816308767;0.802241198;0.790180695;0.780086306;0.771915267;0.765623588;0.761166685;0.758500053;0.757579957;0.758364151;0.760812584;0.764888097;0.770557106;0.777790238;0.786562940;0.796856022;0.808656156;0.821956302;0.836756071;0.853062010;0.870887816;0.890254472;0.911190302;0.933730956;0.957919311;0.983805297;1.011445657;;;;;;;;;;;;;;;;;;;;;;;;;;;;;;;;;;;;;;;;;;;;;;;;;;;;;;
2.700;;;;;;;;;;;;;;;;;;;;;;;;;;;;;;;;2.232357926;2.145835110;2.062381252;1.981949196;1.904477038;1.829894389;1.758127304;1.689102068;1.622747990;1.558999361;1.497796706;1.439087450;1.382826105;1.328974084;1.277499217;1.228375051;1.181579998;1.137096389;1.094909488;1.055006499;1.017375612;0.982005100;0.948882513;0.917993965;0.889323537;0.862852802;0.838560480;0.816422215;0.796410483;0.778494616;0.762640947;0.748813053;0.736972101;0.727077274;0.719086271;0.712955866;0.708642516;0.706103003;0.705295091;0.706178203;0.708714080;0.712867441;0.718606603;0.725904073;0.734737102;0.745088171;0.756945438;0.770303111;0.785161754;0.801528529;0.819417362;0.838849035;0.859851210;0.882458382;0.906711755;0.932659063;0.960354320;0.989857509;1.021234222;;;;;;;;;;;;;;;;;;;;;;;;;;;;;;;;;;;;;;;;;;;;;;;;;;;;
2.600;;;;;;;;;;;;;;;;;;;;;;;;;;;;;;;2.264589278;2.174569920;2.087739170;2.004061752;1.923481462;1.845928642;1.771326188;1.699594259;1.630653879;1.564429581;1.500851237;1.439855214;1.381384960;1.325391143;1.271831419;1.220669926;1.171876573;1.125426192;1.081297594;1.039472602;0.999935079;0.962669997;0.927662563;0.894897440;0.864358059;0.836026057;0.809880820;0.785899162;0.764055125;0.744319896;0.726661847;0.711046684;0.697437690;0.685796069;0.676081358;0.668251919;0.662265471;0.658079676;0.655652749;0.654944084;0.655914885;0.658528791;0.662752481;0.668556253;0.675914560;0.684806511;0.695216311;0.707133645;0.720554005;0.735478944;0.751916268;0.769880158;0.789391223;0.810476485;0.833169301;0.857509226;0.883541808;0.911318338;0.940895547;0.972335255;1.005703983;;;;;;;;;;;;;;;;;;;;;;;;;;;;;;;;;;;;;;;;;;;;;;;;;;;
2.500;;;;;;;;;;;;;;;;;;;;;;;;;;;;;;2.302055398;2.208473248;2.118181517;2.031162778;1.947371450;1.866742620;1.789199224;1.714657796;1.643032965;1.574240866;1.508201635;1.444841118;1.384091920;1.325893925;1.270194368;1.216947565;1.166114388;1.117661534;1.071560677;1.027787535;0.986320909;0.947141738;0.910232183;0.875574784;0.843151704;0.812944072;0.784931439;0.759091353;0.735399054;0.713827295;0.694346270;0.676923669;0.661524827;0.648112973;0.636649565;0.627094697;0.619407569;0.613547009;0.609472027;0.607142398;0.606519253;0.607565677;0.610247285;0.614532786;0.620394516;0.627808922;0.636757015;0.647224753;0.659203379;0.672689695;0.687686263;0.704201556;0.722250031;0.741852142;0.763034294;0.785828732;0.810273378;0.836411621;0.864292050;0.893968159;0.925498009;0.958943866;0.994371809;;;;;;;;;;;;;;;;;;;;;;;;;;;;;;;;;;;;;;;;;;;;;;;;;;
2.400;;;;;;;;;;;;;;;;;;;;;;;;;;;;;2.344741643;2.247556984;2.153740999;2.063300942;1.976207544;1.892405317;1.811821033;1.734370619;1.659964644;1.588512601;1.519926143;1.454121417;1.391020653;1.330553117;1.272655544;1.217272161;1.164354377;1.113860220;1.065753604;1.020003471;0.976582865;0.935467983;0.896637246;0.860070405;0.825747722;0.793649237;0.763754140;0.736040246;0.710483595;0.687058170;0.665735729;0.646485755;0.629275512;0.614070204;0.600833224;0.589526483;0.580110810;0.572546404;0.566793342;0.562812106;0.560564135;0.560012391;0.561121909;0.563860345;0.568198489;0.574110753;0.581575611;0.590575996;0.601099639;0.613139358;0.626693271;0.641764968;0.658363596;0.676503902;0.696206204;0.717496306;0.740405366;0.764969701;0.791230568;0.819233887;0.849029948;0.880673087;0.914221340;0.949736089;0.987281698;;;;;;;;;;;;;;;;;;;;;;;;;;;;;;;;;;;;;;;;;;;;;;;;;
2.300;;;;;;;;;;;;;;;;;;;;;;;;;;;;;2.291802215;2.194423136;2.100500826;2.010028857;1.922966580;1.839249044;1.758795149;1.681514237;1.607311343;1.536091250;1.467761550;1.402234828;1.339430123;1.279273787;1.221699838;1.166649923;1.114072966;1.063924583;1.016166326;0.970764823;0.927690857;0.886918428;0.848423836;0.812184808;0.778179704;0.746386805;0.716783705;0.689346817;0.664050988;0.640869240;0.619772616;0.600730142;0.583708899;0.568674176;0.555589730;0.544418102;0.535121012;0.527659803;0.521995916;0.518091407;0.515909469;0.515414958;0.516574921;0.519359094;0.523740379;0.529695286;0.537204328;0.546252370;0.556828920;0.568928365;0.582550149;0.597698880;0.614384388;0.632621715;0.652431052;0.673837624;0.696871517;0.721567480;0.747964670;0.776106383;0.806039751;0.837815431;0.871487283;0.907112040;0.944748992;0.984459671;1.026307551;;;;;;;;;;;;;;;;;;;;;;;;;;;;;;;;;;;;;;;;;;;;;;;
2.200;;;;;;;;;;;;;;;;;;;;;;;;;;;;2.341159678;2.240206867;2.142763638;2.048853832;1.958457865;1.871524214;1.787978952;1.707733572;1.630691293;1.556752058;1.485816385;1.417788242;1.352577083;1.290099191;1.230278431;1.173046531;1.118342984;1.066114653;1.016315156;0.968904099;0.923846204;0.881110395;0.840668864;0.802496173;0.766568397;0.732862352;0.701354901;0.672022374;0.644840093;0.619782009;0.596820457;0.575926023;0.557067517;0.540212049;0.525325196;0.512371252;0.501313547;0.492114833;0.484737706;0.479145078;0.475300658;0.473169455;0.472718274;0.473916207;0.476735094;0.481149962;0.487139424;0.494686028;0.503776561;0.514402298;0.526559184;0.540247970;0.555474278;0.572248611;0.590586306;0.610507435;0.632036651;0.655203001;0.680039687;0.706583815;0.734876103;0.764960585;0.796884308;0.830697023;0.866450890;0.904200196;0.944001093;0.985911360;1.029990197;;;;;;;;;;;;;;;;;;;;;;;;;;;;;;;;;;;;;;;;;;;;;;
2.100;;;;;;;;;;;;;;;;;;;;;;;;;;;2.395550461;2.291045513;2.190068332;2.092681469;1.998893516;1.908672307;1.821955979;1.738662142;1.658695373;1.581953241;1.508331059;1.437725528;1.370037433;1.305173536;1.243047790;1.183582000;1.126706025;1.072357617;1.020481992;0.971031176;0.923963227;0.879241356;0.836833008;0.796708945;0.758842353;0.723208008;0.689781518;0.658538654;0.629454791;0.602504449;0.577660956;0.554896217;0.534180597;0.515482905;0.498770480;0.484009358;0.471164529;0.460200247;0.451080409;0.443768967;0.438230378;0.434430067;0.432334907;0.431913679;0.433137538;0.435980433;0.440419512;0.446435477;0.454012893;0.463140447;0.473811151;0.486022484;0.499776481;0.515079754;0.531943466;0.550383239;0.570419027;0.592074924;0.615378954;0.640362814;0.667061596;0.695513502;0.725759538;0.757843218;0.791810277;0.827708395;0.865586958;0.905496837;0.947490214;0.991620442;1.037941946;;;;;;;;;;;;;;;;;;;;;;;;;;;;;;;;;;;;;;;;;;;;;
2.000;;;;;;;;;;;;;;;;;;;;;;;;;;2.454866757;2.346867893;2.242373004;2.141492902;2.044272448;1.950705629;1.860748295;1.774328808;1.691356843;1.611730563;1.535342371;1.462083415;1.391847030;1.324531258;1.260040596;1.198287092;1.139190905;1.082680433;1.028692093;0.977169844;0.928064513;0.881332992;0.836937349;0.794843920;0.755022389;0.717444908;0.682085284;0.648918233;0.617918737;0.589061500;0.562320510;0.537668725;0.515077850;0.494518244;0.475958910;0.459367587;0.444710929;0.431954754;0.421064355;0.412004870;0.404741682;0.399240853;0.395469567;0.393396584;0.392992677;0.394231059;0.397087780;0.401542087;0.407576740;0.415178287;0.424337277;0.435048420;0.447310691;0.461127373;0.476506037;0.493458481;0.512000601;0.532152222;0.553936891;0.577381628;0.602516656;0.629375108;0.657992730;0.688407580;0.720659733;0.754791010;0.790844733;0.828865508;0.868899057;0.910992093;0.955192249;1.001548053;1.050108965;;;;;;;;;;;;;;;;;;;;;;;;;;;;;;;;;;;;;;;;;;;;
1.900;;;;;;;;;;;;;;;;;;;;;;;;;;2.407579369;2.299616335;2.195253141;2.094580100;1.997625112;1.904368231;1.814753943;1.728701411;1.646112913;1.566880712;1.490892524;1.418035797;1.348200944;1.281283697;1.217186708;1.155820527;1.097104069;1.040964661;0.987337767;0.936166470;0.887400763;0.840996730;0.796915654;0.755123097;0.715587997;0.678281794;0.643177629;0.610249623;0.579472242;0.550819783;0.524265951;0.499783555;0.477344318;0.456918780;0.438476308;0.421985198;0.407412851;0.394726028;0.383891155;0.374874686;0.367643492;0.362165280;0.358409016;0.356345355;0.355947056;0.357189375;0.360050431;0.364511532;0.370557456;0.378176684;0.387361574;0.398108485;0.410417835;0.424294109;0.439745800;0.456785307;0.475428776;0.495695897;0.517609671;0.541196133;0.566484069;0.593504703;0.622291397;0.652879344;0.685305287;0.719607255;0.755824342;0.793996524;0.834164528;0.876369763;0.920654302;0.967060936;1.015633290;;;;;;;;;;;;;;;;;;;;;;;;;;;;;;;;;;;;;;;;;;;;
1.800;;;;;;;;;;;;;;;;;;;;;;;;;2.473062561;2.361718870;2.253912788;2.149790475;2.049422576;1.952820788;1.859951923;1.770749736;1.685124770;1.602972454;1.524179655;1.448629883;1.376207340;1.306799953;1.240301561;1.176613373;1.115644835;1.057313994;1.001547478;0.948280164;0.897454608;0.849020314;0.802932897;0.759153176;0.717646260;0.678380645;0.641327350;0.606459136;0.573749792;0.543173527;0.514704465;0.488316247;0.463981745;0.441672879;0.421360542;0.403014617;0.386604084;0.372097205;0.359461775;0.348665428;0.339675989;0.332461857;0.326992403;0.323238382;0.321172336;0.320768986;0.322005598;0.324862317;0.329322460;0.335372765;0.343003582;0.352209019;0.362987016;0.375339377;0.389271731;0.404793445;0.421917478;0.440660200;0.461041151;0.483082786;0.506810173;0.532250694;0.559433721;0.588390304;0.619152868;0.651754934;0.686230874;0.722615705;0.760944939;0.801254490;0.843580650;0.887960129;0.934430177;0.983028772;1.033794880;;;;;;;;;;;;;;;;;;;;;;;;;;;;;;;;;;;;;;;;;;;
1.700;;;;;;;;;;;;;;;;;;;;;;;;;2.428583803;2.317409437;2.209868024;2.106082984;2.006106156;1.909933806;1.817520202;1.728789007;1.643642733;1.561970495;1.483654266;1.408573819;1.336610552;1.267650324;1.201585480;1.138316170;1.077751102;1.019807817;0.964412590;0.911500043;0.861012534;0.812899400;0.767116091;0.723623265;0.682385866;0.643372224;0.606553211;0.571901457;0.539390664;0.508995008;0.480688658;0.454445387;0.430238307;0.408039703;0.387820964;0.369552617;0.353204437;0.338745638;0.326145121;0.315371783;0.306394860;0.299184295;0.293711131;0.289947898;0.287869002;0.287451089;0.288673385;0.291518005;0.295970210;0.302018626;0.309655401;0.318876314;0.329680818;0.342072027;0.356056653;0.371644876;0.388850176;0.407689107;0.428181043;0.450347888;0.474213761;0.499804674;0.527148203;0.556273164;0.587209313;0.619987075;0.654637305;0.691191111;0.729679723;0.770134445;0.812586664;0.857067954;0.903610253;0.952246123;1.003009090;1.055934059;;;;;;;;;;;;;;;;;;;;;;;;;;;;;;;;;;;;;;;;;;
1.600;;;;;;;;;;;;;;;;;;;;;;;;2.500096935;2.385668469;2.274769110;2.167586433;2.064222104;1.964710023;1.869031812;1.777129901;1.688918498;1.604292663;1.523135729;1.445325263;1.370737758;1.299252227;1.230752862;1.165130888;1.102285759;1.042125789;0.984568341;0.929539657;0.876974415;0.826815073;0.779011088;0.733518028;0.690296660;0.649312025;0.610532539;0.573929162;0.539474625;0.507142756;0.476907904;0.448744465;0.422626520;0.398527580;0.376420431;0.356277085;0.338068820;0.321766293;0.307339742;0.294759229;0.283994952;0.275017574;0.267798589;0.262310698;0.258528183;0.256427272;0.255986485;0.257186948;0.260012674;0.264450793;0.270491736;0.278129366;0.287361047;0.298187659;0.310613553;0.324646447;0.340297275;0.357579980;0.376511265;0.397110314;0.419398474;0.443398928;0.469136356;0.496636592;0.525926301;0.557032676;0.589983173;0.624805286;0.661526389;0.700173633;0.740773925;0.783353991;0.827940517;0.874560387;0.923241012;0.974010742;1.026899360;1.081938649;;;;;;;;;;;;;;;;;;;;;;;;;;;;;;;;;;;;;;;;;
1.500;;;;;;;;;;;;;;;;;;;;;;;;2.458602840;2.344442707;2.233909591;2.127166007;2.024292857;1.925306990;1.830176171;1.738831698;1.651178955;1.567106121;1.486491267;1.409208026;1.335130041;1.264134347;1.196103841;1.130928983;1.068508860;1.008751708;0.951575016;0.896905282;0.844677517;0.794834551;0.747326217;0.702108455;0.659142380;0.618393361;0.579830124;0.543423927;0.509147804;0.476975897;0.446882903;0.418843609;0.392832552;0.368823774;0.346790683;0.326706018;0.308541889;0.292269909;0.277861389;0.265287593;0.254520035;0.245530811;0.238292955;0.232780799;0.228970337;0.226839566;0.226368818;0.227541044;0.230342075;0.234760821;0.240789428;0.248423379;0.257661531;0.268506101;0.280962585;0.295039635;0.310748864;0.328104622;0.347123718;0.367825118;0.390229605;0.414359439;0.440238001;0.467889442;0.497338359;0.528609493;0.561727464;0.596716570;0.633600637;0.672402948;0.713146253;0.755852866;0.800544861;0.847244357;0.895973908;0.946756982;0.999618536;1.054585659;;;;;;;;;;;;;;;;;;;;;;;;;;;;;;;;;;;;;;;;;
1.400;;;;;;;;;;;;;;;;;;;;;;;2.536111426;2.418829936;2.305026216;2.194936177;2.088698414;1.986374071;1.887963839;1.793422411;1.702670654;1.615605751;1.532109561;1.452055389;1.375313389;1.301754768;1.231254957;1.163695907;1.098967637;1.036969169;0.977608948;0.920804860;0.866483916;0.814581709;0.765041677;0.717814260;0.672855985;0.630128529;0.589597789;0.551232994;0.515005885;0.480889968;0.448859865;0.418890767;0.390957995;0.365036663;0.341101456;0.319126503;0.299085347;0.280951001;0.264696082;0.250293014;0.237714277;0.226932708;0.217921826;0.210656176;0.205111686;0.201266005;0.199098840;0.198592255;0.199730948;0.202502472;0.206897424;0.212909565;0.220535894;0.229776661;0.240635321;0.253118426;0.267235472;0.282998680;0.300422743;0.319524531;0.340322758;0.362837636;0.387090511;0.413103498;0.440899128;0.470500013;0.501928552;0.535206676;0.570355649;0.607395948;0.646347211;0.687228279;0.730057330;0.774852115;0.821630296;0.870409893;0.921209824;0.974050545;1.028954771;1.085948269;;;;;;;;;;;;;;;;;;;;;;;;;;;;;;;;;;;;;;;;
1.300;;;;;;;;;;;;;;;;;;;;;;;2.497861955;2.380906343;2.267532110;2.157947768;2.052269148;1.950538648;1.852741692;1.758820688;1.668686762;1.582229510;1.499325007;1.419842275;1.343648421;1.270612600;1.200608990;1.133518916;1.069232249;1.007648218;0.948675732;0.892233309;0.838248703;0.786658301;0.737406354;0.690444106;0.645728860;0.603223031;0.562893218;0.524709316;0.488643703;0.454670504;0.422764954;0.392902866;0.365060204;0.339212766;0.315335968;0.293404734;0.273393475;0.255276155;0.239026429;0.224617851;0.212024123;0.201219394;0.192178582;0.184877708;0.179294239;0.175407422;0.173198594;0.172651474;0.173752407;0.176490578;0.180858159;0.186850421;0.194465772;0.203705749;0.214574939;0.227080855;0.241233744;0.257046357;0.274533666;0.293712548;0.314601436;0.337219955;0.361588548;0.387728098;0.415659573;0.445403690;0.476980620;0.510409746;0.545709477;0.582897142;0.621988966;0.663000141;0.705944993;0.750837260;0.797690478;0.846518475;0.897335972;0.950159285;1.005007115;1.061901407;1.120868270;;;;;;;;;;;;;;;;;;;;;;;;;;;;;;;;;;;;;;;
1.200;;;;;;;;;;;;;;;;;;;;;;2.581455669;2.461513625;2.344953237;2.232066864;2.123036950;2.017957726;1.916853864;1.819696411;1.726416267;1.636915497;1.551076706;1.468770707;1.389862700;1.314217146;1.241701510;1.172189039;1.105560719;1.041706535;0.980526163;0.921929195;0.865834990;0.812172234;0.760878291;0.711898397;0.665184761;0.620695619;0.578394274;0.538248167;0.500227994;0.464306895;0.430459732;0.398662464;0.368891626;0.341123917;0.315335896;0.291503779;0.269603342;0.249609908;0.231498422;0.215243596;0.200820116;0.188202899;0.177367383;0.168289847;0.160947739;0.155320007;0.151387420;0.149132866;0.148541624;0.149601590;0.152303470;0.156640908;0.162610567;0.170212154;0.179448378;0.190324854;0.202849948;0.217034571;0.232891919;0.250437174;0.269687166;0.290660013;0.313374740;0.337850892;0.364108155;0.392165993;0.422043314;0.453758180;0.487327572;0.522767220;0.560091516;0.599313512;0.640445016;0.683496801;0.728478914;0.775401107;0.824273381;0.875106639;0.927913440;0.982708857;1.039511396;1.098343981;;;;;;;;;;;;;;;;;;;;;;;;;;;;;;;;;;;;;;;
1.100;;;;;;;;;;;;;;;;;;;;;;2.546800261;2.427195605;2.311084719;2.198730314;2.090290113;1.985837914;1.885381688;1.788878988;1.696249980;1.607388334;1.522170239;1.440461749;1.362124677;1.287021217;1.215017474;1.145986055;1.079807866;1.016373232;0.955582486;0.897346088;0.841584407;0.788227223;0.737213022;0.688488164;0.642005955;0.597725687;0.555611669;0.515632296;0.477759169;0.441966289;0.408229348;0.376525112;0.346830915;0.319124260;0.293382523;0.269582771;0.247701669;0.227715479;0.209600142;0.193331430;0.178885153;0.166237419;0.155364922;0.146245255;0.138857235;0.133181221;0.129199426;0.126896199;0.126258280;0.127275012;0.129938512;0.134243778;0.140188753;0.147774322;0.157004253;0.167885076;0.180425909;0.194638227;0.210535588;0.228133312;0.247448128;0.268497802;0.291300740;0.315875600;0.342240902;0.370414664;0.400414073;0.432255199;0.465952771;0.501520021;0.538968614;0.578308672;0.619548899;0.662696815;0.707759111;0.754742111;0.803652368;0.854497360;0.907286300;0.962031042;1.018747062;1.077454501;1.138179231;;;;;;;;;;;;;;;;;;;;;;;;;;;;;;;;;;;;;;
1.000;;;;;;;;;;;;;;;;;;;;;;2.514245926;2.395029363;2.279407749;2.167615707;2.059787594;1.955977961;1.856179093;1.760335936;1.668358676;1.580133242;1.495529967;1.414410625;1.336634050;1.262060523;1.190555090;1.121989980;1.056246238;0.993214733;0.932796620;0.874903383;0.819456540;0.766387085;0.715634743;0.667147103;0.620878666;0.576789873;0.534846125;0.495016853;0.457274640;0.421594422;0.387952785;0.356327365;0.326696346;0.299038080;0.273330804;0.249552463;0.227680631;0.207692522;0.189565072;0.173275102;0.158799528;0.146115613;0.135201264;0.126035335;0.118597944;0.112870788;0.108837434;0.106483599;0.105797381;0.106769464;0.109393257;0.113664998;0.119583789;0.127151575;0.136373064;0.147255589;0.159808911;0.174044976;0.189977614;0.207622211;0.226995339;0.248114372;0.270997083;0.295661247;0.322124247;0.350402718;0.380512210;0.412466921;0.446279475;0.481960787;0.519520012;0.558964589;0.600300396;0.643532011;0.688663107;0.735696950;0.784637033;0.835487818;0.888255595;0.942949432;0.999582211;1.058171713;1.118741742;;;;;;;;;;;;;;;;;;;;;;;;;;;;;;;;;;;;;;
0.900;;;;;;;;;;;;;;;;;;;;;2.606072261;2.483920884;2.365128525;2.250022114;2.138809766;2.031603846;1.928440838;1.829298367;1.734109644;1.642775624;1.555175132;1.471173186;1.390627734;1.313395019;1.239333731;1.168308130;1.100190292;1.034861601;0.972213625;0.912148483;0.854578804;0.799427354;0.746626433;0.696117086;0.647848204;0.601775550;0.557860774;0.516070428;0.476375032;0.438748201;0.403165849;0.369605502;0.338045699;0.308465510;0.280844162;0.255160771;0.231394172;0.209522857;0.189524984;0.171378476;0.155061179;0.140551081;0.127826562;0.116866690;0.107651515;0.100162388;0.094382257;0.090295959;0.087890476;0.087155163;0.088081927;0.090665360;0.094902818;0.100794440;0.108343109;0.117554359;0.128436210;0.140998960;0.155254925;0.171218122;0.188903928;0.208328702;0.229509388;0.252463105;0.277206750;0.303756603;0.332127968;0.362334849;0.394389685;0.428303146;0.464084013;0.501739143;0.541273543;0.582690543;0.625992098;0.671179204;0.718252441;0.767212640;0.818061669;0.870803330;0.925444354;0.981995477;1.040472574;1.100897818;1.163300833;;;;;;;;;;;;;;;;;;;;;;;;;;;;;;;;;;;;;
0.800;;;;;;;;;;;;;;;;;;;;;2.577760838;2.455944612;2.337598772;2.223020424;2.112392778;2.005807588;1.903284464;1.804787389;1.710238708;1.619530886;1.532536261;1.449115058;1.369121835;1.292410602;1.218838753;1.148270007;1.080576484;1.015640065;0.953353151;0.893618930;0.836351256;0.781474218;0.728921479;0.678635450;0.630566365;0.584671286;0.540913102;0.499259546;0.459682253;0.422155890;0.386657376;0.353165190;0.321658792;0.292118149;0.264523370;0.238854452;0.215091122;0.193212774;0.173198499;0.155027179;0.138677657;0.124128950;0.111360508;0.100352497;0.091086100;0.083543821;0.077709779;0.073569982;0.071112583;0.070328081;0.071209499;0.073752491;0.077955412;0.083819318;0.091347914;0.100547435;0.111426478;0.123995772;0.138267902;0.154256987;0.171978322;0.191447993;0.212682475;0.235698215;0.260511236;0.287136743;0.315588765;0.345879845;0.378020779;0.412020431;0.447885627;0.485621141;0.525229794;0.566712654;0.610069363;0.655298589;0.702398599;0.751367968;0.802206393;0.854915634;0.909500543;0.965970179;1.024338975;1.084627929;1.146865791;;;;;;;;;;;;;;;;;;;;;;;;;;;;;;;;;;;;;
0.700;;;;;;;;;;;;;;;;;;;;;2.551888692;2.430427675;2.312537770;2.198488131;2.088438683;1.982461966;1.880561914;1.782689887;1.688758231;1.598651641;1.512236582;1.429368983;1.349900427;1.273683023;1.200573142;1.130434173;1.063138449;0.998568478;0.936617589;0.877190114;0.820201184;0.765576248;0.713250355;0.663167303;0.615278675;0.569542839;0.525923927;0.484390852;0.444916362;0.407476180;0.372048221;0.338611916;0.307147642;0.277636253;0.250058734;0.224395948;0.200628493;0.178736649;0.158700408;0.140499580;0.124113962;0.109523555;0.096708820;0.085650962;0.076332224;0.068736184;0.062848042;0.058654888;0.056145939;0.055312737;0.056149304;0.058652244;0.062820791;0.068656800;0.076164675;0.085351240;0.096225555;0.108798674;0.123083356;0.139093733;0.156844947;0.176352753;0.197633114;0.220701790;0.245573931;0.272263693;0.300783887;0.331145676;0.363358327;0.397429043;0.433362872;0.471162720;0.510829465;0.552362190;0.595758541;0.641015202;0.688128505;0.737095169;0.787913151;0.840582618;0.895107008;0.951494178;1.009757596;1.069917560;1.132002402;;;;;;;;;;;;;;;;;;;;;;;;;;;;;;;;;;;;;
0.600;;;;;;;;;;;;;;;;;;;;;2.528569870;2.407471601;2.290035127;2.176503553;2.067015163;1.961624694;1.860321609;1.763045667;1.669700073;1.580162471;1.494294043;1.411946910;1.332970069;1.257214042;1.184534418;1.114794444;1.047866803;0.983634729;0.921992548;0.862845772;0.806110837;0.751714551;0.699593350;0.649692398;0.601964614;0.556369643;0.512872839;0.471444267;0.432057765;0.394690082;0.359320108;0.325928202;0.294495631;0.265004114;0.237435483;0.211771441;0.187993429;0.166082577;0.146019742;0.127785620;0.111360913;0.096726554;0.083863955;0.072755292;0.063383794;0.055734035;0.049792208;0.045546389;0.042986762;0.042105802;0.042898424;0.045362067;0.049496728;0.055304944;0.062791701;0.071964301;0.082832154;0.095406536;0.109700285;0.125727463;0.143502983;0.163042214;0.184360570;0.207473100;0.232394084;0.259136655;0.287712460;0.318131360;0.350401206;0.384527678;0.420514222;0.458362082;0.498070436;0.539636661;0.583056711;0.628325630;0.675438188;0.724389649;0.775176661;0.827798244;0.882256893;0.938559739;0.996719771;1.056757070;1.118700021;1.182586461;;;;;;;;;;;;;;;;;;;;;;;;;;;;;;;;;;;;
0.500;;;;;;;;;;;;;;;;;;;;2.632046816;2.507908168;2.387168779;2.270172361;2.157137908;2.048183727;1.943348183;1.842607482;1.745890806;1.653093073;1.564085592;1.478724839;1.396859595;1.318336645;1.243005213;1.170720327;1.101345248;1.034753124;0.970827983;0.909465184;0.850571434;0.794064461;0.739872412;0.687933069;0.638192925;0.590606180;0.545133713;0.501742045;0.460402342;0.421089483;0.383781197;0.348457303;0.315099043;0.283688532;0.254208315;0.226641029;0.200969180;0.177175006;0.155240446;0.135147177;0.116876730;0.100410662;0.085730778;0.072819380;0.061659546;0.052235417;0.044532479;0.038537836;0.034240456;0.031631390;0.030703949;0.031453829;0.033879193;0.037980693;0.043761431;0.051226867;0.060384664;0.071244481;0.083817713;0.098117185;0.114156804;0.131951187;0.151515260;0.172863847;0.196011265;0.220970927;0.247754968;0.276373916;0.306836412;0.339148993;0.373315957;0.409339318;0.447218855;0.486952287;0.528535551;0.571963215;0.617229017;0.664326534;0.713249973;0.763995092;0.816560216;0.870947357;0.927163405;0.985221353;1.045141551;1.106952916;1.170694074;;;;;;;;;;;;;;;;;;;;;;;;;;;;;;;;;;;;
0.400;;;;;;;;;;;;;;;;;;;;2.613889539;2.489996986;2.369602386;2.253022888;2.140455346;2.031999790;1.927679655;1.827459117;1.731257812;1.638963233;1.550441049;1.465543607;1.384116803;1.306005564;1.231058086;1.159129032;1.090081815;1.023790130;0.960138844;0.899024359;0.840354559;0.784048426;0.730035395;0.678254530;0.628653580;0.581187957;0.535819693;0.492516400;0.451250276;0.411997165;0.374735710;0.339446592;0.306111876;0.274714470;0.245237685;0.217664913;0.191979407;0.168164157;0.146201856;0.126074950;0.107765750;0.091256613;0.076530152;0.063569496;0.052358558;0.042882316;0.035127091;0.029080809;0.024733245;0.022076223;0.021103787;0.021812315;0.024200589;0.028269805;0.034023525;0.041467571;0.050609865;0.061460210;0.074030025;0.088332030;0.104379900;0.122187885;0.141770412;0.163141678;0.186315249;0.211303667;0.238118091;0.266767980;0.297260825;0.329601954;0.363794412;0.399838943;0.437734062;0.477476252;0.519060273;0.562479603;0.607727002;0.654795212;0.703677773;0.754369969;0.806869869;0.861179464;0.917305872;0.975262580;1.035070688;1.096760125;1.160370771;;;;;;;;;;;;;;;;;;;;;;;;;;;;;;;;;;;;
0.300;;;;;;;;;;;;;;;;;;;;2.598577764;2.474919223;2.354846337;2.238652019;2.126512995;2.018512741;1.914661237;1.814911870;1.719175767;1.627333854;1.539246868;1.454763584;1.373727463;1.295981910;1.221374349;1.149759252;1.081000299;1.014971794;0.951559459;0.890660724;0.832184609;0.776051283;0.722191390;0.670545189;0.621061587;0.573697109;0.528414840;0.485183387;0.443975878;0.404769036;0.367542328;0.332277215;0.298956510;0.267563837;0.238083208;0.210498706;0.184794270;0.160953579;0.138960025;0.118796764;0.100446831;0.083893319;0.069119595;0.056109546;0.044847850;0.035320253;0.027513834;0.021417264;0.017021035;0.014317656;0.013301811;0.013970464;0.016322914;0.020360801;0.026088042;0.033510720;0.042636916;0.053476478;0.066040755;0.080342280;0.096394416;0.114210979;0.133805846;0.155192547;0.178383875;0.203391500;0.230225626;0.258894685;0.289405088;0.321761047;0.355964483;0.392015024;0.429910107;0.469645201;0.511214140;0.554609597;0.599823671;0.646848617;0.695677686;0.746306094;0.798732081;0.852958069;0.908991872;0.966847941;1.026548611;1.088125297;1.151619596;;;;;;;;;;;;;;;;;;;;;;;;;;;;;;;;;;;;
0.200;;;;;;;;;;;;;;;;;;;;2.586191745;2.462747203;2.342965255;2.227116967;2.115360992;2.007766014;1.904330054;1.804996968;1.709670430;1.618225662;1.530519170;1.446396723;1.365699777;1.288270549;1.213955924;1.142610346;1.074097855;1.008293403;0.945083565;0.884366758;0.826053068;0.770063770;0.716330607;0.664794922;0.615406661;0.568123339;0.522908972;0.479733041;0.438569491;0.399395810;0.362192186;0.326940765;0.293625011;0.262229183;0.232737912;0.205135898;0.179407696;0.155537610;0.133509666;0.113307670;0.094915319;0.078316384;0.063494920;0.050435511;0.039123539;0.029545444;0.021688992;0.015543523;0.011100167;0.008352036;0.007294365;0.007924612;0.010242504;0.014250025;0.019951354;0.027352739;0.036462322;0.047289906;0.059846683;0.074144914;0.090197578;0.108017995;0.127619437;0.149014733;0.172215877;0.197233666;0.224077366;0.252754420;0.283270223;0.315627963;0.349828553;0.385870652;0.423750798;0.463463651;0.505002364;0.548359075;0.593525529;0.640493825;0.689257292;0.739811467;0.792155181;0.846291721;0.902230048;0.959986045;1.019583750;1.081056532;1.144448158;1.209813698;;;;;;;;;;;;;;;;;;;;;;;;;;;;;;;;;;;
0.100;;;;;;;;;;;;;;;;;;;;2.576799694;2.453542624;2.334014463;2.218466872;2.107042537;1.999797149;1.896718298;1.797741596;1.702764327;1.611656889;1.524272264;1.440453772;1.360041298;1.282876192;1.208805025;1.137682357;1.069372666;1.003751575;0.940706488;0.880136748;0.821953420;0.766078769;0.712445519;0.660995957;0.611680929;0.564458795;0.519294361;0.476157842;0.435023867;0.395870564;0.358678719;0.323431049;0.290111568;0.258705071;0.229196722;0.201571752;0.175815258;0.151912096;0.129846861;0.109603942;0.091167640;0.074522341;0.059652729;0.046544027;0.035182253;0.025554480;0.017649097;0.011456039;0.006967004;0.004175627;0.003077616;0.003670841;0.005955367;0.009933440;0.015609409;0.022989596;0.032082117;0.042896644;0.055444130;0.069736487;0.085786240;0.103606150;0.123208837;0.144606386;0.167809975;0.192829523;0.219673367;0.248348000;0.278857856;0.311205185;0.345389999;0.381410126;0.419261371;0.458937785;0.500432063;0.543736068;0.588841478;0.635740560;0.684427065;0.734897228;0.787150867;0.841192555;0.897032838;0.954689481;1.014188676;1.075566200;1.138868439;1.204153234;;;;;;;;;;;;;;;;;;;;;;;;;;;;;;;;;;;
0.000;;;;;;;;;;;;;;;;;;;;2.570457726;2.447356550;2.328039999;2.212742836;2.101593940;1.994637856;1.891853304;1.793168967;1.698476828;1.607643347;1.520518703;1.436944331;1.356758974;1.279803429;1.205924172;1.134976015;1.066823938;1.001344239;0.938425110;0.877966744;0.819881076;0.764091233;0.710530773;0.659142772;0.609878816;0.562697948;0.517565604;0.474452578;0.433334031;0.394188588;0.356997502;0.321743935;0.288412335;0.256987928;0.227456311;0.199803159;0.174014028;0.150074252;0.127968924;0.107682952;0.089201179;0.072508549;0.057590317;0.044432285;0.033021052;0.023344268;0.015390879;0.009151356;0.004617897;0.001784593;0.000647552;0.001204981;0.003457208;0.007406657;0.013057767;0.020416854;0.029491927;0.040292446;0.052829047;0.067113222;0.083156974;0.100972451;0.120571567;0.141965631;0.165164979;0.190178643;0.217014046;0.245676757;0.276170303;0.308496068;0.342653264;0.378639017;0.416448549;0.456075487;0.497512281;0.540750761;0.585782811;0.632601165;0.681200325;0.731577580;0.783734114;0.837676187;0.893416347;0.950974667;1.010379932;1.071670762;1.134896590;1.200118439;;;;;;;;;;;;;;;;;;;;;;;;;;;;;;;;;;;
-0.100;;;;;;;;;;;;;;;;;;;;2.567209859;2.444229433;2.325078659;2.209977981;2.099044692;1.992314086;1.889757622;1.791298395;1.696824204;1.606198486;1.519269340;1.435876888;1.355859167;1.279056737;1.205316193;1.134492722;1.066451862;1.001070582;0.938237805;0.877854481;0.819833291;0.764098078;0.710583072;0.659231966;0.609996908;0.562837447;0.517719472;0.474614182;0.433497111;0.394347221;0.357146088;0.321877183;0.288525265;0.257075873;0.227514935;0.199828476;0.174002423;0.150022512;0.127874264;0.107543042;0.089014168;0.072273087;0.057305574;0.044097958;0.032637367;0.022911973;0.014911228;0.008626084;0.004049180;0.001175003;0.000000000;0.000522647;0.002743466;0.006664989;0.012291673;0.019629754;0.028687057;0.039472760;0.051997111;0.066271113;0.082306187;0.100113808;0.119705143;0.141090685;0.164279905;0.189280938;0.216100297;0.244742653;0.275210671;0.307504933;0.341623943;0.377564236;0.415320596;0.454886389;0.496254021;0.539415510;0.584363200;0.631090572;0.679593188;0.729869724;0.781923086;0.835761597;0.891400202;0.948861687;1.008177846;1.069390555;1.132552698;1.197728878;;;;;;;;;;;;;;;;;;;;;;;;;;;;;;;;;;;
-0.200;;;;;;;;;;;;;;;;;;;;2.567088048;2.444191166;2.325158063;2.210197524;2.099417541;1.992846113;1.890449089;1.792145363;1.697819699;1.607333439;1.520533355;1.437258841;1.357347667;1.280640477;1.206984195;1.136234509;1.068257562;1.002930979;0.940144351;0.879799276;0.821809046;0.766098059;0.712601041;0.661262115;0.612033801;0.564875957;0.519754737;0.476641564;0.435512164;0.396345673;0.359123830;0.323830273;0.290449936;0.258968554;0.229372275;0.201647374;0.175780065;0.151756402;0.129562264;0.109183407;0.090605575;0.073814663;0.058796913;0.045539135;0.034028942;0.024254982;0.016207170;0.009876889;0.005257173;0.002342853;0.001130660;0.001619285;0.003809382;0.007703532;0.013306144;0.020623307;0.029662601;0.040432850;0.052943852;0.067206060;0.083230252;0.101027181;0.120607217;0.141980003;0.165154119;0.190136790;0.216933621;0.245548402;0.275982974;0.308237172;0.342308871;0.378194116;0.415887379;0.455381918;0.496670269;0.539744847;0.584598684;0.631226270;0.679624511;0.729793775;0.781739026;0.835470998;0.891007401;0.948374117;1.007606331;1.068749564;1.131860540;1.197007805;;;;;;;;;;;;;;;;;;;;;;;;;;;;;;;;;;;
-0.300;;;;;;;;;;;;;;;;;;;;2.570112272;2.447261179;2.328296757;2.213418876;2.102728592;1.996248623;1.893940919;1.795721602;1.701473582;1.611057077;1.524318300;1.441096519;1.361229695;1.284558877;1.210931540;1.140203995;1.072243035;1.006926921;0.944145840;0.883801925;0.825808930;0.770091639;0.716585084;0.665233622;0.615989936;0.568813994;0.523672011;0.480535438;0.439380006;0.400184849;0.362931707;0.327604229;0.294187389;0.262666988;0.233029282;0.205260695;0.179347636;0.155276404;0.133033163;0.112603999;0.093975027;0.077132540;0.062063207;0.048754278;0.037193811;0.027370897;0.019275873;0.012900517;0.008238219;0.005284113;0.004035171;0.004490249;0.006650088;0.010517262;0.016096079;0.023392425;0.032413572;0.043167937;0.055664804;0.069914022;0.085925671;0.103709731;0.123275733;0.144632431;0.167787489;0.192747203;0.219516269;0.248097607;0.278492259;0.310699364;0.344716227;0.380538496;0.418160438;0.457575339;0.498776021;0.541755482;0.586507652;0.633028260;0.681315817;0.731372668;0.783206134;0.836829686;0.892264136;0.949538811;1.008692648;1.069775173;1.132847297;1.197981859;;;;;;;;;;;;;;;;;;;;;;;;;;;;;;;;;;;
-0.400;;;;;;;;;;;;;;;;;;;;2.576290659;2.453448570;2.334504346;2.219651780;2.108987433;2.002530836;1.900241805;1.802035177;1.707793232;1.617376067;1.530630136;1.447395209;1.367509905;1.290816024;1.217161812;1.146404335;1.078411081;1.013060927;0.950244582;0.889864592;0.831835021;0.776080858;0.722537246;0.671148564;0.621867450;0.574653764;0.529473573;0.486298150;0.445103040;0.405867187;0.368572159;0.333201464;0.299739966;0.268173408;0.238488033;0.210670316;0.184706769;0.160583855;0.138287960;0.117805441;0.099122731;0.082226483;0.067103752;0.053742197;0.042130291;0.032257537;0.024114668;0.017693830;0.012988739;0.009994801;0.008709193;0.009130904;0.011260718;0.015101164;0.020656398;0.027932058;0.036935059;0.047673354;0.060155667;0.074391184;0.090389242;0.108158998;0.127709100;0.149047379;0.172180550;0.197113963;0.223851393;0.252394896;0.282744732;0.314899378;0.348855626;0.384608795;0.422153042;0.461481794;0.502588299;0.545466298;0.590110802;0.636518992;0.684691212;0.734632038;0.786351423;0.839865864;0.895199586;0.952385677;1.011467150;1.072497865;1.135543246;1.200680727;;;;;;;;;;;;;;;;;;;;;;;;;;;;;;;;;;;
-0.500;;;;;;;;;;;;;;;;;;;;2.585619658;2.462752280;2.343781662;2.228898464;2.118197287;2.011696641;1.909356046;1.811090597;1.716783224;1.626294942;1.539473288;1.456159183;1.376192404;1.299415855;1.225678796;1.154839182;1.086765251;1.021336480;0.958444019;0.897990711;0.839890770;0.784069207;0.730461071;0.679010554;0.629670023;0.582399011;0.537163218;0.493933531;0.452685101;0.413396498;0.376048943;0.340625635;0.307111185;0.275491141;0.245751622;0.217879046;0.191859943;0.167680862;0.145328345;0.124788969;0.106049440;0.089096732;0.073918258;0.060502057;0.048836998;0.038912977;0.030721104;0.024253875;0.019505312;0.016471073;0.015148520;0.015536743;0.017636545;0.021450371;0.026982196;0.034237366;0.043222395;0.053944732;0.066412488;0.080634145;0.096618247;0.114373081;0.133906375;0.155224994;0.178334674;0.203239794;0.229943193;0.258446058;0.288747878;0.320846489;0.354738209;0.390418083;0.427880233;0.467118324;0.508126146;0.550898316;0.595431091;0.641723281;0.689777267;0.739600078;0.791204541;0.844610440;0.899845682;0.956947404;1.015962986;1.076950911;1.139981402;1.205136770;;;;;;;;;;;;;;;;;;;;;;;;;;;;;;;;;;;
-0.600;;;;;;;;;;;;;;;;;;;;2.598084268;2.475161309;2.356120975;2.241153842;2.130355190;2.023744759;1.921283693;1.822888946;1.728445438;1.637816196;1.550850714;1.467391755;1.387280779;1.310362173;1.236486469;1.165512662;1.097309805;1.031757960;0.968748652;0.908184898;0.849980906;0.794061523;0.740361500;0.688824619;0.639402754;0.592054887;0.546746127;0.503446756;0.462131330;0.422777849;0.385367004;0.349881524;0.316305616;0.284624503;0.254824059;0.226890543;0.200810416;0.176570242;0.154156657;0.133556407;0.114756434;0.097744003;0.082506859;0.069033408;0.057312900;0.047335612;0.039093026;0.032577977;0.027784787;0.024709354;0.023349211;0.023703539;0.025773135;0.029560341;0.035068920;0.042303896;0.051271349;0.061978184;0.074431861;0.088640112;0.104610644;0.122350836;0.141867447;0.163166341;0.186252239;0.211128520;0.237797067;0.266258182;0.296510581;0.328551469;0.362376716;0.397981133;0.435358861;0.474503876;0.515410604;0.558074651;0.602493650;0.648668195;0.696602874;0.746307362;0.797797566;0.851096783;0.906236839;0.963259166;1.022215764;1.083169995;1.146197134;1.211384601;;;;;;;;;;;;;;;;;;;;;;;;;;;;;;;;;;;
-0.700;;;;;;;;;;;;;;;;;;;;2.613658299;2.490654974;2.371506234;2.256405748;2.145452212;2.038668951;1.936020726;1.837428041;1.742779202;1.651940396;1.564764001;1.481095354;1.400778152;1.323658679;1.249589016;1.178429371;1.110049687;1.044330616;0.981163992;0.920452891;0.862111362;0.806063906;0.752244766;0.700597100;0.651072061;0.603627849;0.558228756;0.514844245;0.473448066;0.434017452;0.396532383;0.360974953;0.327328813;0.295578727;0.265710209;0.237709262;0.211562189;0.187255499;0.164775868;0.144110167;0.125245540;0.108169519;0.092870169;0.079336250;0.067557390;0.057524249;0.049228679;0.042663859;0.037824412;0.034706477;0.033307756;0.033627512;0.035666531;0.039427036;0.044912562;0.052127786;0.061078329;0.071770518;0.084211127;0.098407102;0.114365271;0.132092063;0.151593227;0.172873583;0.195936801;0.220785224;0.247419747;0.275839770;0.306043222;0.338026672;0.371785550;0.407314454;0.444607584;0.483659277;0.524464661;0.567020423;0.611325672;0.657382909;0.705199069;0.754786631;0.806164757;0.859360442;0.914409633;0.971358266;1.030263175;1.091192816;1.154227724;1.219460633;;;;;;;;;;;;;;;;;;;;;;;;;;;;;;;;;;;
-0.800;;;;;;;;;;;;;;;;;;;;2.632304687;2.509203213;2.389913361;2.274635200;2.163473703;2.056458235;1.953559270;1.854702620;1.759781453;1.668666327;1.581213488;1.497271622;1.416687262;1.339309032;1.264990871;1.193594397;1.124990540;1.059060554;0.995696535;0.934801514;0.876289232;0.820083663;0.766118345;0.714335591;0.664685606;0.617125581;0.571618769;0.528133590;0.486642779;0.447122605;0.409552159;0.373912727;0.340187260;0.308359929;0.278415775;0.250340442;0.224120000;0.199740835;0.177189611;0.156453287;0.137519182;0.120375079;0.105009355;0.091411125;0.079570399;0.069478229;0.061126849;0.054509795;0.049622001;0.046459860;0.045021248;0.045305519;0.047313447;0.051047131;0.056509867;0.063705975;0.072640592;0.083319445;0.095748591;0.109934154;0.125882049;0.143597708;0.163085832;0.184350154;0.207393248;0.232216382;0.258819428;0.287200850;0.317357763;0.349286088;0.382980803;0.418436299;0.455646849;0.494607180;0.535313171;0.577762642;0.621956258;0.667898516;0.715598809;0.765072539;0.816342262;0.869438823;0.924402450;0.981283750;1.040144568;1.101058627;1.164111891;1.229402565;;;;;;;;;;;;;;;;;;;;;;;;;;;;;;;;;;;
-0.900;;;;;;;;;;;;;;;;;;;;2.653975853;2.530766920;2.411310568;2.295816710;2.184399583;2.077097163;1.973887828;1.874704559;1.779446935;1.687991171;1.600198419;1.515921547;1.435010572;1.357316939;1.282696791;1.211013377;1.142138736;1.075954763;1.012353778;0.951238676;0.892522757;0.836129294;0.781990924;0.730048901;0.680252265;0.632556968;0.586924998;0.543323516;0.501724035;0.462101664;0.424434420;0.388702622;0.354888369;0.322975110;0.292947299;0.264790131;0.238489363;0.214031197;0.191402240;0.170589506;0.151580470;0.134363158;0.118926257;0.105259248;0.093352536;0.083197582;0.074787026;0.068114781;0.063176116;0.059967697;0.058487596;0.058735269;0.060711486;0.064418232;0.069858562;0.077036427;0.085956473;0.096623803;0.109043735;0.123221538;0.139162175;0.156870049;0.176348762;0.197600919;0.220627948;0.245429997;0.272005871;0.300353054;0.330467810;0.362345379;0.395980266;0.431366637;0.468498834;0.507371981;0.547982723;0.590330048;0.634416222;0.680247800;0.727836703;0.777201347;0.828367781;0.881370812;0.936255069;0.993075963;1.051900477;1.112807735;1.175889257;1.241248835;;;;;;;;;;;;;;;;;;;;;;;;;;;;;;;;;;;
-1.000;;;;;;;;;;;;;;;;;;;;2.678614094;2.555298330;2.435658718;2.319918618;2.208204655;2.100566107;1.996991564;1.897423127;1.801768431;1.709910706;1.621717124;1.537045627;1.455750414;1.377686282;1.302711959;1.230692584;1.161501456;1.095021171;1.031144261;0.969773411;0.910821353;0.854210505;0.799872414;0.747747071;0.697782130;0.649932089;0.604157448;0.560423893;0.518701511;0.478964057;0.441188295;0.405353412;0.371440513;0.339432199;0.309312226;0.281065251;0.254676642;0.230132366;0.207418930;0.186523376;0.167433324;0.150137041;0.134623535;0.120882666;0.108905257;0.098683209;0.090209595;0.083478741;0.078486280;0.075229182;0.073705743;0.073915545;0.075859375;0.079539112;0.084957581;0.092118365;0.101025608;0.111683778;0.124097431;0.138270955;0.154208327;0.171912876;0.191387068;0.212632322;0.235648878;0.260435704;0.286990485;0.315309674;0.345388635;0.377221879;0.410803394;0.446127091;0.483187350;0.521979678;0.562501477;0.604752909;0.648737855;0.694464954;0.741948698;0.791210568;0.842280170;0.895196344;0.950008204;1.006776049;1.065572092;1.126480946;1.189599770;1.255038015;;;;;;;;;;;;;;;;;;;;;;;;;;;;;;;;;;;
-1.100;;;;;;;;;;;;;;;;;;;;2.706152005;2.582741418;2.462911717;2.346903467;2.234858955;2.126841591;2.022852599;1.922845266;1.826737018;1.734419549;1.645767241;1.560644066;1.478909166;1.400421271;1.325042125;1.252639052;1.183086796;1.116268746;1.052077656;0.990415946;0.931195680;0.874338272;0.819774007;0.767441417;0.717286564;0.669262273;0.623327347;0.579445785;0.537586045;0.497720339;0.459824005;0.423874939;0.389853108;0.357740141;0.327518995;0.299173700;0.272689170;0.248051083;0.225245812;0.204260410;0.185082636;0.167701001;0.152104850;0.138284449;0.126231072;0.115937093;0.107396060;0.100602750;0.095553206;0.092244740;0.090675908;0.090846450;0.092757198;0.096409950;0.101807308;0.108952500;0.117849163;0.128501123;0.140912155;0.155085740;0.171024837;0.188731661;0.208207492;0.229452518;0.252465724;0.277244847;0.303786383;0.332085693;0.362137177;0.393934553;0.427471238;0.462740831;0.499737702;0.538457700;0.578898951;0.621062764;0.664954624;0.710585249;0.757971709;0.807138562;0.858118999;0.910955928;0.965702987;1.022425409;1.081200685;1.142118959;1.205283073;1.270808163;;;;;;;;;;;;;;;;;;;;;;;;;;;;;;;;;;;
-1.200;;;;;;;;;;;;;;;;;;;;2.736512929;2.613032337;2.493016920;2.376728390;2.264328125;2.155896638;2.051450344;1.950955898;1.854342357;1.761511422;1.672345956;1.586717000;1.504489460;1.425526641;1.349693782;1.276860737;1.206903918;1.139707629;1.075164888;1.013177823;0.953657745;0.896524940;0.841708270;0.789144627;0.738778283;0.690560188;0.644447236;0.600401541;0.558389734;0.518382302;0.480352983;0.444278228;0.410136730;0.377909028;0.347577179;0.319124505;0.292535403;0.267795216;0.244890156;0.223807273;0.204534462;0.187060496;0.171375081;0.157468917;0.145333771;0.134962536;0.126349281;0.119489286;0.114379052;0.111016283;0.109399839;0.109529661;0.111406659;0.115032577;0.120409820;0.127541268;0.136430060;0.147079371;0.159492181;0.173671041;0.189617861;0.207333699;0.226818601;0.248071465;0.271089963;0.295870527;0.322408399;0.350697767;0.380731991;0.412503924;0.446006330;0.481232423;0.518176498;0.556834674;0.597205745;0.639292118;0.683100831;0.728644648;0.775943187;0.825024067;0.875924049;0.928690104;0.983380396;1.040065094;1.098826973;1.159761714;1.222977830;1.288596134;;;;;;;;;;;;;;;;;;;;;;;;;;;;;;;;;;;
-1.300;;;;;;;;;;;;;;;;;;;;;2.646099854;2.525915559;2.409345516;2.296573795;2.187701139;2.082761849;1.981738251;1.884572996;1.791179435;1.701450277;1.615264748;1.532494415;1.453007865;1.376674371;1.303366706;1.232963222;1.165349300;1.100418295;1.038072046;0.978221051;0.920784363;0.865689283;0.812870894;0.762271497;0.713839970;0.667531106;0.623304936;0.581126077;0.540963111;0.502788014;0.466575642;0.432303283;0.399950271;0.369497667;0.340928009;0.314225120;0.289373968;0.266360581;0.245171998;0.225796259;0.208222416;0.192440566;0.178441887;0.166218684;0.155764419;0.147073742;0.140142493;0.134967688;0.131547478;0.129881082;0.129968689;0.131811330;0.135410731;0.140769125;0.147889062;0.156773192;0.167424037;0.179843770;0.194033993;0.209995527;0.227728237;0.247230880;0.268501005;0.291534901;0.316327621;0.342873068;0.371164174;0.401193168;0.432951942;0.466432519;0.501627632;0.538531406;0.577140147;0.617453229;0.659474074;0.703211205;0.748679359;0.795900642;0.844905679;0.895734751;0.948438851;1.003080629;1.059735154;1.118490446;1.179447682;1.242721007;1.308436845;;;;;;;;;;;;;;;;;;;;;;;;;;;;;;;;;;;
-1.400;;;;;;;;;;;;;;;;;;;;;2.681865795;2.561543171;2.444702384;2.331553982;2.222222227;2.116762153;2.015174202;1.917416699;1.823416398;1.733077321;1.646288085;1.562927898;1.482871403;1.405992510;1.332167361;1.261276563;1.193206783;1.127851822;1.065113267;1.004900773;0.947132081;0.891732809;0.838636088;0.787782075;0.739117402;0.692594571;0.648171347;0.605810153;0.565477497;0.527143435;0.490781085;0.456366202;0.423876807;0.393292876;0.364596094;0.337769653;0.312798115;0.289667303;0.268364245;0.248877139;0.231195342;0.215309379;0.201210952;0.188892956;0.178349487;0.169575834;0.162568463;0.157324971;0.153844021;0.152125248;0.152169145;0.153976913;0.157550298;0.162891396;0.170002450;0.178885629;0.189542807;0.201975339;0.216183853;0.232168055;0.249926566;0.269456803;0.290754897;0.313815683;0.338632748;0.365198567;0.393504717;0.423542193;0.455301816;0.488774758;0.523953158;0.560830861;0.599404243;0.639673152;0.681641917;0.725320439;0.770725332;0.817881095;0.866821270;0.917589574;0.970240941;1.024842426;1.081473926;1.140228628;1.201213126;1.264547105;;;;;;;;;;;;;;;;;;;;;;;;;;;;;;;;;;;;
-1.500;;;;;;;;;;;;;;;;;;;;;2.720245470;2.599830006;2.482742339;2.369223469;2.259424648;2.153424648;2.051244617;1.952860765;1.858215127;1.767224612;1.679788529;1.595794794;1.515124961;1.437658247;1.363274675;1.291857479;1.223294864;1.157481238;1.094318001;1.033713972;0.975585526;0.919856506;0.866457961;0.815327759;0.766410116;0.719655077;0.675017965;0.632458842;0.591941978;0.553435359;0.516910229;0.482340692;0.449703351;0.418977013;0.390142442;0.363182155;0.338080274;0.314822410;0.293395580;0.273788158;0.255989839;0.239991618;0.225785772;0.213365848;0.202726638;0.193864145;0.186775529;0.181459039;0.177913919;0.176140289;0.176139003;0.177911488;0.181459554;0.186785198;0.193890380;0.202776806;0.213445703;0.225897600;0.240132130;0.256147847;0.273942086;0.293510861;0.314848820;0.337949257;0.362804205;0.389404608;0.417740578;0.447801759;0.479577782;0.513058834;0.548236334;0.585103709;0.623657274;0.663897213;0.705828628;0.749462670;0.794817701;0.841920483;0.890807355;0.941525352;0.994133230;1.048702340;1.105317287;1.164076314;1.225091309;1.288487373;;;;;;;;;;;;;;;;;;;;;;;;;;;;;;;;;;;;
-1.600;;;;;;;;;;;;;;;;;;;;;2.761148066;2.640701413;2.523404904;2.409534171;2.299271110;2.192721411;2.089929672;1.990892346;1.895568752;1.803890372;1.715768621;1.631101280;1.549777755;1.471683316;1.396702445;1.324721436;1.255630341;1.189324373;1.125704861;1.064679825;1.006164256;0.950080153;0.896356382;0.844928390;0.795737836;0.748732146;0.703864045;0.661091072;0.620375111;0.581681934;0.544980785;0.510243998;0.477446666;0.446566348;0.417582822;0.390477890;0.365235209;0.341840167;0.320279782;0.300542626;0.282618767;0.266499716;0.252178386;0.239649040;0.228907236;0.219949765;0.212774558;0.207380595;0.203767773;0.201936767;0.201888859;0.203625758;0.207149392;0.212461694;0.219564373;0.228458689;0.239145226;0.251623680;0.265892665;0.281949549;0.299790331;0.319409563;0.340800329;0.363954297;0.388861847;0.415512279;0.443894121;0.473995534;0.505804822;0.539311047;0.574504753;0.611378797;0.649929278;0.690156557;0.732066352;0.775670902;0.820990159;0.868053000;0.916898401;0.967576565;1.020149921;1.074693963;1.131297862;1.190064758;1.251111683;1.314568987;;;;;;;;;;;;;;;;;;;;;;;;;;;;;;;;;;;;
-1.700;;;;;;;;;;;;;;;;;;;;;;2.684078168;2.566626105;2.452435449;2.341722595;2.234623511;2.131209158;2.031498737;1.935470995;1.843073801;1.754232197;1.668855091;1.586840773;1.508081393;1.432466545;1.359886080;1.290232262;1.223401364;1.159294800;1.097819872;1.038890199;0.982425902;0.928353584;0.876606170;0.827122630;0.779847635;0.734731165;0.691728092;0.650797770;0.611903628;0.575012784;0.540095701;0.507125868;0.476079519;0.446935396;0.419674544;0.394280136;0.370737332;0.349033163;0.329156425;0.311097599;0.294848767;0.280403534;0.267756950;0.256905417;0.247846589;0.240579252;0.235103194;0.231419047;0.229528112;0.229432173;0.231133279;0.234633529;0.239934835;0.247038686;0.255945916;0.266656470;0.279169202;0.293481687;0.309590069;0.327488959;0.347171377;0.368628767;0.391851076;0.416826919;0.443543836;0.471988638;0.502147863;0.534008333;0.567557825;0.602785844;0.639684506;0.678249514;0.718481225;0.760385795;0.803976365;0.849274297;0.896310393;0.945126089;0.995774571;1.048321762;1.102847120;1.159444194;1.218220843;1.279299048;;;;;;;;;;;;;;;;;;;;;;;;;;;;;;;;;;;;;
-1.800;;;;;;;;;;;;;;;;;;;;;;2.729876724;2.612338720;2.497874361;2.386738605;2.279101253;2.175062718;2.074667618;1.977916415;1.884775314;1.795184625;1.709065756;1.626327008;1.546868329;1.470585156;1.397371467;1.327122165;1.259734892;1.195111354;1.133158255;1.073787900;1.016918524;0.962474424;0.910385916;0.860589180;0.813026009;0.767643507;0.724393751;0.683233435;0.644123517;0.607028882;0.571918019;0.538762728;0.507537852;0.478221043;0.450792554;0.425235057;0.401533485;0.379674895;0.359648339;0.341444753;0.325056842;0.310478972;0.297707049;0.286738397;0.277571615;0.270206428;0.264643518;0.260884329;0.258930872;0.258785496;0.260450661;0.263928689;0.269221517;0.276330446;0.285255900;0.295997196;0.308552335;0.322917828;0.339088556;0.357057687;0.376816641;0.398355132;0.421661286;0.446721841;0.473522445;0.502048050;0.532283417;0.564213724;0.597825288;0.633106393;0.670048222;0.708645888;0.748899547;0.790815583;0.834407839;0.879698874;0.926721210;0.975518534;1.026146806;1.078675231;1.133187025;1.189779902;1.248566226;1.309672710;;;;;;;;;;;;;;;;;;;;;;;;;;;;;;;;;;;;;
-1.900;;;;;;;;;;;;;;;;;;;;;;2.778009352;2.660472431;2.545795818;2.434277327;2.326124349;2.221470024;2.120387228;2.022900583;1.928996720;1.838632988;1.751744781;1.668251648;1.588062347;1.511078972;1.437200273;1.366324289;1.298350397;1.233180860;1.170721953;1.110884757;1.053585657;0.998746625;0.946295316;0.896165038;0.848294606;0.802628136;0.759114788;0.717708480;0.678367589;0.641054661;0.605736119;0.572381995;0.540965675;0.511463676;0.483855427;0.458123083;0.434251355;0.412227340;0.392040380;0.373681910;0.357145315;0.342425787;0.329520162;0.318426765;0.309145228;0.301676298;0.296021633;0.292183578;0.290164929;0.289968677;0.291597755;0.295054765;0.300341715;0.307459750;0.316408906;0.327187874;0.339793794;0.354222088;0.370466332;0.388518191;0.408367410;0.430001886;0.453407814;0.478569932;0.505471860;0.534096541;0.564426793;0.596445975;0.630138757;0.665492003;0.702495761;0.741144341;0.781437478;0.823381564;0.866990915;0.912289061;0.959310012;1.008099471;1.058715944;1.111231684;1.165733426;1.222322819;1.281116489;1.342245641;;;;;;;;;;;;;;;;;;;;;;;;;;;;;;;;;;;;;
-2.000;;;;;;;;;;;;;;;;;;;;;;;2.710953843;2.596142620;2.484295677;2.375661969;2.270410841;2.168646445;2.070420172;1.975741322;1.884586192;1.796905772;1.712632206;1.631684176;1.553971340;1.479397943;1.407865732;1.339276255;1.273532643;1.210540967;1.150211221;1.092458011;1.037201002;0.984365166;0.933880877;0.885683894;0.839715253;0.795921094;0.754252454;0.714665028;0.677118925;0.641578417;0.608011695;0.576390631;0.546690558;0.518890057;0.492970754;0.468917136;0.446716364;0.426358101;0.407834325;0.391139161;0.376268690;0.363220757;0.351994766;0.342591463;0.335012708;0.329261221;0.325340330;0.323253695;0.323005025;0.324597791;0.328034932;0.333318569;0.340449729;0.349428075;0.360251678;0.372916805;0.387417762;0.403746775;0.421893945;0.441847266;0.463592718;0.487114455;0.512395086;0.539416059;0.568158146;0.598602054;0.630729131;0.664522204;0.699966509;0.737050739;0.775768174;0.816117898;0.858106069;0.901747233;0.947065643;0.994096549;1.042887420;1.093499052;1.146006497;1.200499752;1.257084142;1.315880301;;;;;;;;;;;;;;;;;;;;;;;;;;;;;;;;;;;;;;
-2.100;;;;;;;;;;;;;;;;;;;;;;;2.763706335;2.648855326;2.536749194;2.427682662;2.321864961;2.219434732;2.120472925;2.025013904;1.933054969;1.844564450;1.759488552;1.677757103;1.599288325;1.523992777;1.451776555;1.382543881;1.316199138;1.252648463;1.191800949;1.133569539;1.077871642;1.024629552;0.973770684;0.925227684;0.878938429;0.834845955;0.792898326;0.753048465;0.715253958;0.679476847;0.645683413;0.613843958;0.583932592;0.555927018;0.529808325;0.505560781;0.483171629;0.462630882;0.443931111;0.427067235;0.412036290;0.398837202;0.387470537;0.377938239;0.370243362;0.364389777;0.360381878;0.358224269;0.357921447;0.359477489;0.362895725;0.368178437;0.375326560;0.384339407;0.395214430;0.407947011;0.422530307;0.438955152;0.457210017;0.477281061;0.499152248;0.522805576;0.548221390;0.575378813;0.604256285;0.634832214;0.667085748;0.700997660;0.736551341;0.773733899;0.812537347;0.852959869;0.895007140;0.938693679;0.984044200;1.031094928;1.079894834;1.130506735;1.183008212;1.237492257;1.294067601;1.352858608;;;;;;;;;;;;;;;;;;;;;;;;;;;;;;;;;;;;;;
-2.200;;;;;;;;;;;;;;;;;;;;;;;;2.703871933;2.591591748;2.482154086;2.375811967;2.272741937;2.173057470;2.076820569;1.984051741;1.894738540;1.808842826;1.726306904;1.647058671;1.571015900;1.498089772;1.428187755;1.361215927;1.297080825;1.235690881;1.176957527;1.120796011;1.067125989;1.015871915;0.966963288;0.920334774;0.875926236;0.833682688;0.793554198;0.755495754;0.719467094;0.685432528;0.653360736;0.623224565;0.595000817;0.568670030;0.544216258;0.521626844;0.500892183;0.482005483;0.464962507;0.449761315;0.436401984;0.424886318;0.415217543;0.407399989;0.401438763;0.397339405;0.395107540;0.394748529;0.396267112;0.399667070;0.404950885;0.412119433;0.421171692;0.432104495;0.444912327;0.459587165;0.476118396;0.494492801;0.514694613;0.536705684;0.560505728;0.586072691;0.613383218;0.642413240;0.673138684;0.705536295;0.739584578;0.775264853;0.812562405;0.851467734;0.891977869;0.934097741;0.977841575;1.023234277;1.070312772;1.119127255;1.169742291;1.222237707;1.276709215;1.333268669;1.392043886;;;;;;;;;;;;;;;;;;;;;;;;;;;;;;;;;;;;;;
-2.300;;;;;;;;;;;;;;;;;;;;;;;;2.761127306;2.648775015;2.539042527;2.432230788;2.328557874;2.228172951;2.131168403;2.037590317;1.947447500;1.860719193;1.777361634;1.697313611;1.620501115;1.546841225;1.476245312;1.408621666;1.343877612;1.281921212;1.222662593;1.166014977;1.111895454;1.060225546;1.010931601;0.963945039;0.919202499;0.876645880;0.836222330;0.797884167;0.761588762;0.727298394;0.694980073;0.664605346;0.636150087;0.609594274;0.584921749;0.562119969;0.541179741;0.522094947;0.504862251;0.489480794;0.475951873;0.464278604;0.454465572;0.446518467;0.440443708;0.436248062;0.433938251;0.433520564;0.435000472;0.438382252;0.443668633;0.450860456;0.459956379;0.470952620;0.483842743;0.498617515;0.515264829;0.533769698;0.554114351;0.576278414;0.600239202;0.625972116;0.653451164;0.682649597;0.713540669;0.746098516;0.780299159;0.816121613;0.853549102;0.892570359;0.933181003;0.975384951;1.019195862;1.064638560;1.111750391;1.160582496;1.211200902;1.263687406;1.318140154;1.374673845;;;;;;;;;;;;;;;;;;;;;;;;;;;;;;;;;;;;;;;
-2.400;;;;;;;;;;;;;;;;;;;;;;;;;2.708247672;2.598312145;2.491098994;2.386871674;2.285818412;2.188064908;2.093685368;2.002712038;1.915143405;1.830951228;1.750086511;1.672484572;1.598069297;1.526756698;1.458457860;1.393081360;1.330535235;1.270728560;1.213572706;1.158982313;1.106876032;1.057177075;1.009813611;0.964719016;0.921832032;0.881096825;0.842462985;0.805885458;0.771324437;0.738745213;0.708117999;0.679417716;0.652623767;0.627719781;0.604693343;0.583535696;0.564241434;0.546808165;0.531236168;0.517528024;0.505688231;0.495722806;0.487638874;0.481444245;0.477146984;0.474754981;0.474275521;0.475714862;0.479077829;0.484367430;0.491584502;0.500727395;0.511791705;0.524770062;0.539651986;0.556423820;0.575068745;0.595566893;0.617895561;0.642029536;0.667941536;0.695602772;0.724983640;0.756054527;0.788786758;0.823153648;0.859131679;0.896701768;0.935850632;0.976572217;1.018869164;1.062754295;1.108252073;1.155399992;1.204249857;1.254868882;1.307340553;1.361765176;;;;;;;;;;;;;;;;;;;;;;;;;;;;;;;;;;;;;;;;
-2.500;;;;;;;;;;;;;;;;;;;;;;;;;2.769954266;2.659923907;2.552391792;2.447670839;2.345991918;2.247517176;2.152351657;2.060553393;1.972142136;1.887106877;1.805412294;1.727004244;1.651814427;1.579764321;1.510768471;1.444737229;1.381579016;1.321202164;1.263516415;1.208434106;1.155871112;1.105747563;1.057988381;1.012523671;0.969288980;0.928225451;0.889279893;0.852404772;0.817558146;0.784703544;0.753809805;0.724850870;0.697805553;0.672657266;0.649393728;0.628006637;0.608491329;0.590846400;0.575073315;0.561175995;0.549160385;0.539034000;0.530805471;0.524484068;0.520079226;0.517600069;0.517054937;0.518450930;0.521793464;0.527085866;0.534328988;0.543520883;0.554656521;0.567727578;0.582722291;0.599625400;0.618418182;0.639078586;0.661581473;0.685898980;0.712000999;0.739855789;0.769430713;0.800693107;0.833611278;0.868155622;0.904299855;0.942022354;0.981307572;1.022147525;1.064543318;1.108506670;1.154061418;1.201244933;1.250109415;1.300722996;1.353170587;1.407554388;;;;;;;;;;;;;;;;;;;;;;;;;;;;;;;;;;;;;;;;
-2.600;;;;;;;;;;;;;;;;;;;;;;;;;;2.723834146;2.616080663;2.510939952;2.408689335;2.309530739;2.213602953;2.120992317;2.031742017;1.945860138;1.863326605;1.784099146;1.708118386;1.635312183;1.565599287;1.498892425;1.435100872;1.374132578;1.315895924;1.260301142;1.207261455;1.156693987;1.108520453;1.062667691;1.019068035;0.977659573;0.938386287;0.901198118;0.866050941;0.832906478;0.801732155;0.772500908;0.745190937;0.719785430;0.696272240;0.674643537;0.654895420;0.637027504;0.621042485;0.606945675;0.594744517;0.584448090;0.576066590;0.569610813;0.565091627;0.562519449;0.561903731;0.563252464;0.566571698;0.571865106;0.579133581;0.588374883;0.599583353;0.612749690;0.627860811;0.644899804;0.663845970;0.684674989;0.707359183;0.731867917;0.758168121;0.786224948;0.816002560;0.847465059;0.880577538;0.915307261;0.951624965;0.989506250;1.028933069;1.069895266;1.112392159;1.156434114;1.202044085;1.249259067;1.298131403;1.348729894;1.401140629;;;;;;;;;;;;;;;;;;;;;;;;;;;;;;;;;;;;;;;;;
-2.700;;;;;;;;;;;;;;;;;;;;;;;;;;2.789992684;2.682131579;2.576658986;2.473902721;2.374108045;2.277450594;2.184047715;2.093968361;2.007241717;1.923864669;1.843808264;1.767023269;1.693444933;1.622997044;1.555595377;1.491150596;1.429570691;1.370763001;1.314635884;1.261100082;1.210069817;1.161463661;1.115205207;1.071223577;1.029453778;0.989836935;0.952320420;0.916857879;0.883409183;0.851940308;0.822423147;0.794835265;0.769159608;0.745384162;0.723501569;0.703508707;0.685406237;0.669198118;0.654891093;0.642494153;0.632017989;0.623474422;0.616875827;0.612234561;0.609562389;0.608869925;0.610166094;0.613457619;0.618748548;0.626039829;0.635328937;0.646609577;0.659871450;0.675100120;0.692276967;0.711379256;0.732380309;0.755249814;0.779954247;0.806457448;0.834721315;0.864706652;0.896374151;0.929685503;0.964604649;1.001099132;1.039141565;1.078711177;1.119795414;1.162391574;1.206508437;1.252167846;1.299406185;1.348275715;1.398845683;1.451203139;;;;;;;;;;;;;;;;;;;;;;;;;;;;;;;;;;;;;;;;;
-2.800;;;;;;;;;;;;;;;;;;;;;;;;;;;2.750502738;2.644801143;2.541618277;2.441246508;2.343901629;2.249734878;2.158843484;2.071279888;1.987059789;1.906169131;1.828570151;1.754206602;1.683008230;1.614894610;1.549778403;1.487568117;1.428170420;1.371492079;1.317441554;1.265930306;1.216873849;1.170192581;1.125812422;1.083665291;1.043689428;1.005829597;0.970037173;0.936270134;0.904492960;0.874676463;0.846797545;0.820838885;0.796788587;0.774639763;0.754390077;0.736041249;0.719598523;0.705070105;0.692466572;0.681800270;0.673084688;0.666333830;0.661561592;0.658781131;0.658004269;0.659240903;0.662498459;0.667781387;0.675090706;0.684423613;0.695773165;0.709128048;0.724472439;0.741785965;0.761043788;0.782216801;0.805271961;0.830172754;0.856879804;0.885351622;0.915545507;0.947418578;0.980928959;1.016037081;1.052707110;1.090908475;1.130617480;1.171818968;1.214508015;1.258691611;1.304390280;1.351639603;1.400491564;1.451015669;;;;;;;;;;;;;;;;;;;;;;;;;;;;;;;;;;;;;;;;;;
-2.900;;;;;;;;;;;;;;;;;;;;;;;;;;;;2.715330166;2.611813774;2.510936053;2.412956477;2.318063259;2.226384582;2.137998469;2.052941430;1.971216008;1.892797362;1.817638964;1.745677533;1.676837279;1.611033538;1.548175878;1.488170725;1.430923578;1.376340859;1.324331440;1.274807890;1.227687477;1.182892953;1.140353147;1.100003398;1.061785828;1.025649500;0.991550450;0.959451619;0.929322696;0.901139876;0.874885545;0.850547900;0.828120508;0.807601813;0.788994599;0.772305409;0.757543928;0.744722349;0.733854701;0.724956179;0.718042457;0.713129005;0.710230416;0.709359753;0.710527921;0.713743080;0.719010099;0.726330084;0.735699954;0.747112118;0.760554229;0.776009045;0.793454399;0.812863295;0.834204128;0.857441045;0.882534444;0.909441628;0.938117602;0.968516027;1.000590312;1.034294861;1.069586439;1.106425672;1.144778635;1.184618537;1.225927447;1.268698047;1.312935366;1.358658452;1.405901921;1.454717334;;;;;;;;;;;;;;;;;;;;;;;;;;;;;;;;;;;;;;;;;;;
-3.000;;;;;;;;;;;;;;;;;;;;;;;;;;;;;2.684455396;2.583156097;2.484606044;2.389033710;2.296601103;2.207414315;2.121532816;2.038977597;1.959738305;1.883779461;1.811045867;1.741467288;1.674962491;1.611442713;1.550814618;1.492982816;1.437851970;1.385328568;1.335322378;1.287747626;1.242523942;1.199577081;1.158839465;1.120250550;1.083757043;1.049312991;1.016879745;0.986425820;0.957926661;0.931364317;0.906727045;0.884008841;0.863208914;0.844331100;0.827383240;0.812376510;0.799324729;0.788243634;0.779150151;0.772061648;0.766995204;0.763966879;0.762991007;0.764079530;0.767241363;0.772481818;0.779802097;0.789198850;0.800663832;0.814183648;0.829739614;0.847307738;0.866858820;0.888358699;0.911768643;0.937045885;0.964144317;0.993015339;1.023608865;1.055874480;1.089762742;1.125226626;1.162223080;1.200714697;1.240671455;1.282072516;1.324908040;1.369180976;1.414908778;1.462124995;1.510880674;;;;;;;;;;;;;;;;;;;;;;;;;;;;;;;;;;;;;;;;;;;
-3.100;;;;;;;;;;;;;;;;;;;;;;;;;;;;;2.759493918;2.657871885;2.558828210;2.462635126;2.369491524;2.279534235;2.192847994;2.109474229;2.029418774;1.952658639;1.879147924;1.808822959;1.741606776;1.677412955;1.616148944;1.557718883;1.502026006;1.448974659;1.398471973;1.350429247;1.304763050;1.261396091;1.220257871;1.181285153;1.144422249;1.109621166;1.076841608;1.046050862;1.017223562;0.990341373;0.965392564;0.942371524;0.921278193;0.902117441;0.884898392;0.869633708;0.856338835;0.845031226;0.835729551;0.828452895;0.823219966;0.820048312;0.818953565;0.819948726;0.823043487;0.828243619;0.835550435;0.844960321;0.856464378;0.870048158;0.885691523;0.903368626;0.923048032;0.944692985;0.968261822;0.993708553;1.020983592;1.050034660;1.080807843;1.113248815;1.147304203;1.182923095;1.220058675;1.258669957;1.298723602;1.340195783;1.383074063;1.427359243;1.473067129;1.520230167;;;;;;;;;;;;;;;;;;;;;;;;;;;;;;;;;;;;;;;;;;;;
-3.200;;;;;;;;;;;;;;;;;;;;;;;;;;;;;;2.735030100;2.635583619;2.538840399;2.445039480;2.354351279;2.266888273;2.182714457;2.101853689;2.024297029;1.950009191;1.878934178;1.811000196;1.746123923;1.684214190;1.625175147;1.568908967;1.515318127;1.464307326;1.415785065;1.369664937;1.325866638;1.284316756;1.244949337;1.207706258;1.172537431;1.139400854;1.108262515;1.079096178;1.051883056;1.026611375;1.003275863;0.981877149;0.962421098;0.944918093;0.929382258;0.915830658;0.904282458;0.894758075;0.887278317;0.881863533;0.878532777;0.877302998;0.878188272;0.881199088;0.886341694;0.893617526;0.903022719;0.914547728;0.928177052;0.943889094;0.961656143;0.981444514;1.003214832;1.026922477;1.052518200;1.079948898;1.109158570;1.140089430;1.172683192;1.206882500;1.242632513;1.279882602;1.318588165;1.358712513;1.400228805;1.443121995;1.487390738;1.533049212;;;;;;;;;;;;;;;;;;;;;;;;;;;;;;;;;;;;;;;;;;;;;
-3.300;;;;;;;;;;;;;;;;;;;;;;;;;;;;;;;2.714810673;2.617601615;2.523209148;2.431840310;2.343637967;2.258690976;2.177043184;2.098701390;2.023642351;1.951818942;1.883165549;1.817602764;1.755041469;1.695386358;1.638538954;1.584400184;1.532872540;1.483861887;1.437278935;1.393040421;1.351070031;1.311299074;1.273666950;1.238121421;1.204618708;1.173123428;1.143608397;1.116054301;1.090449252;1.066788251;1.045072555;1.025308977;1.007509111;0.991688515;0.977865845;0.966061961;0.956299018;0.948599544;0.942985537;0.939477561;0.938093894;0.938849706;0.941756299;0.946820415;0.954043633;0.963421854;0.974944901;0.988596234;1.004352806;1.022185053;1.042057042;1.063926780;1.087746690;1.113464258;1.141022862;1.170362771;1.201422324;1.234139269;1.268452272;1.304302562;1.341635715;1.380403531;1.420566005;1.462093329;1.504967910;1.549186340;;;;;;;;;;;;;;;;;;;;;;;;;;;;;;;;;;;;;;;;;;;;;;
-3.400;;;;;;;;;;;;;;;;;;;;;;;;;;;;;;;;2.698844401;2.603939804;2.511952769;2.423059375;2.337375788;2.254967966;2.175860257;2.100043006;2.027479265;1.958110683;1.891862670;1.828648892;1.768375172;1.710942848;1.656251648;1.604202120;1.554697671;1.507646248;1.462961692;1.420564803;1.380384140;1.342356583;1.306427683;1.272551806;1.240692117;1.210820397;1.182916714;1.156968982;1.132972393;1.110928759;1.090845772;1.072736184;1.056616934;1.042508232;1.030432604;1.020413919;1.012476418;1.006643735;1.002937954;1.001378688;1.001982213;1.004760662;1.009721294;1.016865853;1.026190031;1.037683048;1.051327352;1.067098477;1.084965031;1.104888866;1.126825399;1.150724127;1.176529306;1.204180828;1.233615274;1.264767148;1.297570284;1.331959426;1.367871944;1.405249693;1.444040973;1.484202570;1.525701839;1.568518790;;;;;;;;;;;;;;;;;;;;;;;;;;;;;;;;;;;;;;;;;;;;;;;
-3.500;;;;;;;;;;;;;;;;;;;;;;;;;;;;;;;;;2.687139471;2.594610560;2.505086883;2.418714541;2.335583864;2.255738699;2.179184642;2.105896326;2.035823849;1.968898415;1.905037277;1.844148035;1.786132351;1.730889148;1.678317322;1.628318033;1.580796598;1.535664037;1.492838292;1.452245158;1.413818956;1.377502953;1.343249585;1.311020467;1.280786244;1.252526269;1.226228154;1.201887187;1.179505646;1.159092019;1.140660141;1.124228271;1.109818120;1.097453834;1.087160971;1.078965455;1.072892552;1.068965856;1.067206321;1.067631345;1.070253909;1.075081817;1.082117010;1.091355011;1.102784474;1.116386887;1.132136412;1.149999887;1.169937006;1.191900665;1.215837500;1.241688616;1.269390501;1.298876139;1.330076298;1.362921014;1.397341230;1.433270599;1.470647411;1.509416642;1.549532069;1.590958430;;;;;;;;;;;;;;;;;;;;;;;;;;;;;;;;;;;;;;;;;;;;;;;;
-3.600;;;;;;;;;;;;;;;;;;;;;;;;;;;;;;;;;;2.679698938;2.589620128;2.502619933;2.418815483;2.338272208;2.261012742;2.187024819;2.116268257;2.048681122;1.984185125;1.922690349;1.864099345;1.808310665;1.755221880;1.704732136;1.656744277;1.611166589;1.567914193;1.526910111;1.488086057;1.451382950;1.416751199;1.384150771;1.353551060;1.324930590;1.298276555;1.273584227;1.250856245;1.230101795;1.211335705;1.194577479;1.179850258;1.167179759;1.156593179;1.148118102;1.141781400;1.137608174;1.135620725;1.135837583;1.138272605;1.142934172;1.149824469;1.158938897;1.170265612;1.183785207;1.199470551;1.217286802;1.237191589;1.259135390;1.283062102;1.308909800;1.336611709;1.366097366;1.397293972;1.430127947;1.464526636;1.500420195;1.537743601;1.576438773;1.616456780;;;;;;;;;;;;;;;;;;;;;;;;;;;;;;;;;;;;;;;;;;;;;;;;;
-3.700;;;;;;;;;;;;;;;;;;;;;;;;;;;;;;;;;;;2.676516088;2.588964096;2.504548859;2.423359625;2.345437980;2.270786388;2.199375765;2.131152185;2.066042766;2.003960847;1.944810480;1.888490327;1.834896998;1.783927883;1.735483530;1.689469596;1.645798420;1.604390250;1.565174147;1.528088606;1.493081914;1.460112272;1.429147704;1.400165771;1.373153123;1.348104888;1.325023941;1.303920053;1.284808946;1.267711271;1.252651523;1.239656921;1.228756254;1.219978720;1.213352782;1.208905034;1.206659128;1.206634745;1.208846654;1.213303854;1.220008834;1.228956948;1.240135936;1.253525594;1.269097611;1.286815584;1.306635221;1.328504735;1.352365447;1.378152592;1.405796333;1.435222980;1.466356414;1.499119700;1.533436880;1.569234931;1.606445861;1.645008917;;;;;;;;;;;;;;;;;;;;;;;;;;;;;;;;;;;;;;;;;;;;;;;;;;
-3.800;;;;;;;;;;;;;;;;;;;;;;;;;;;;;;;;;;;;;2.592623040;2.510855019;2.432328385;2.357062080;2.285039599;2.216216259;2.150525615;2.087885095;2.028200924;1.971372401;1.917295569;1.865866358;1.816983213;1.770549280;1.726474174;1.684675361;1.645079209;1.607621708;1.572248919;1.538917153;1.507592926;1.478252698;1.450882424;1.425476949;1.402039248;1.380579547;1.361114341;1.343665324;1.328258255;1.314921778;1.303686210;1.294582327;1.287640148;1.282887756;1.280350160;1.280048221;1.281997658;1.286208155;1.292682577;1.301416330;1.312396849;1.325603266;1.341006241;1.358567978;1.378242449;1.399975812;1.423707043;1.449368786;1.476888420;1.506189333;1.537192412;1.569817729;1.603986413;1.639622689;;;;;;;;;;;;;;;;;;;;;;;;;;;;;;;;;;;;;;;;;;;;;;;;;;;;
-3.900;;;;;;;;;;;;;;;;;;;;;;;;;;;;;;;;;;;;;;2.600558393;2.521500380;2.445683704;2.373106024;2.303733236;2.237506434;2.174348043;2.114167190;2.056864380;2.002335532;1.950475430;1.901180642;1.854351935;1.809896262;1.767728313;1.727771716;1.689959876;1.654236514;1.620555919;1.588882953;1.559192814;1.531470610;1.505710740;1.481916128;1.460097313;1.440271429;1.422461098;1.406693238;1.392997834;1.381406667;1.371952038;1.364665500;1.359576617;1.356711770;1.356093036;1.357737141;1.361654533;1.367848560;1.376314799;1.387040532;1.400004396;1.415176214;1.432517021;1.451979298;1.473507418;1.497038313;1.522502367;1.549824533;1.578925671;1.609724102;1.642137371;1.676084198;;;;;;;;;;;;;;;;;;;;;;;;;;;;;;;;;;;;;;;;;;;;;;;;;;;;;
-4.000;;;;;;;;;;;;;;;;;;;;;;;;;;;;;;;;;;;;;;;;2.536424004;2.463364869;2.393509100;2.326806523;2.263185534;2.202558951;2.144829109;2.089892281;2.037642461;1.987974577;1.940787175;1.895984617;1.853478829;1.813190655;1.775050828;1.739000613;1.704992135;1.672988442;1.642963304;1.614900807;1.588794735;1.564647793;1.542470676;1.522281017;1.504102233;1.487962292;1.473892426;1.461925811;1.452096226;1.444436731;1.438978372;1.435748927;1.434771737;1.436064616;1.439638879;1.445498486;1.453639347;1.464048777;1.476705138;1.491577663;1.508626497;1.527802940;1.549049925;1.572302722;1.597489870;1.624534353;1.653354998;1.683868100;;;;;;;;;;;;;;;;;;;;;;;;;;;;;;;;;;;;;;;;;;;;;;;;;;;;;;;
-4.100;;;;;;;;;;;;;;;;;;;;;;;;;;;;;;;;;;;;;;;;;2.555538789;2.485285574;2.418185726;2.354174669;2.293169761;2.235075845;2.179790065;2.127206013;2.077217250;2.029720271;1.984616932;1.941816414;1.901236734;1.862805869;1.826462502;1.792156446;1.759848766;1.729511625;1.701127901;1.674690579;1.650201969;1.627672753;1.607120907;1.588570505;1.572050448;1.557593121;1.545233018;1.535005354;1.526944677;1.521083522;1.517451105;1.516072102;1.516965515;1.520143657;1.525611270;1.533364796;1.543391821;1.555670701;1.570170389;1.586850484;1.605661496;1.626545347;1.649436111;1.674261001;1.700941595;1.729395297;;;;;;;;;;;;;;;;;;;;;;;;;;;;;;;;;;;;;;;;;;;;;;;;;;;;;;;;
-4.200;;;;;;;;;;;;;;;;;;;;;;;;;;;;;;;;;;;;;;;;;;;2.511331176;2.447022950;2.385726584;2.327350160;2.271792262;2.218946498;2.168705365;2.120963494;2.075620341;2.032582363;1.991764718;1.953092536;1.916501793;1.881939834;1.849365563;1.818749348;1.790072662;1.763327498;1.738515580;1.715647399;1.694741111;1.675821306;1.658917692;1.644063711;1.631295107;1.620648488;1.612159882;1.605863335;1.601789562;1.599964666;1.600408968;1.603135950;1.608151343;1.615452373;1.625027183;1.636854459;1.650903255;1.667133049;1.685494031;1.705927632;1.728367308;1.752739570;;;;;;;;;;;;;;;;;;;;;;;;;;;;;;;;;;;;;;;;;;;;;;;;;;;;;;;;;;
-4.300;;;;;;;;;;;;;;;;;;;;;;;;;;;;;;;;;;;;;;;;;;;;;2.479878036;2.421322616;2.365590462;2.312575662;2.262169975;2.214266386;2.168762066;2.125560786;2.084574812;2.045726341;2.008948517;1.974186051;1.941395507;1.910545256;1.881615165;1.854596031;1.829488793;1.806303568;1.785058522;1.765778612;1.748494234;1.733239787;1.720052204;1.708969453;1.700029048;1.693266592;1.688714377;1.686400060;1.686345446;1.688565401;1.693066900;1.699848257;1.708898533;1.720197146;1.733713709;1.749408092;1.767230734;1.787123204;;;;;;;;;;;;;;;;;;;;;;;;;;;;;;;;;;;;;;;;;;;;;;;;;;;;;;;;;;;;
-4.400;;;;;;;;;;;;;;;;;;;;;;;;;;;;;;;;;;;;;;;;;;;;;;;;2.407724822;2.357265171;2.309304875;2.263738962;2.220468562;2.179403026;2.140461538;2.103574278;2.068683163;2.035742226;2.004717640;1.975587456;1.948341061;1.922978410;1.899509055;1.877951000;1.858329422;1.840675282;1.825023852;1.811413197;1.799882630;1.790471176;1.783216060;1.778151266;1.775306165;1.774704259;1.776362055;1.780288092;1.786482143;1.794934610;1.805626135;1.818527438;;;;;;;;;;;;;;;;;;;;;;;;;;;;;;;;;;;;;;;;;;;;;;;;;;;;;;;;;;;;;;;
-4.500;;;;;;;;;;;;;;;;;;;;;;;;;;;;;;;;;;;;;;;;;;;;;;;;;;2.405669146;2.360165858;2.316944150;2.275910445;2.236980836;2.200082415;2.165154142;2.132147328;2.101025743;2.071765405;2.044354081;2.018790535;1.995083563;1.973250838;1.953317614;1.935315303;1.919279970;1.905250774;1.893268378;1.883373365;1.875604686;1.869998163;1.866585088;1.865390919;1.866434128;1.869725197;1.875265804;;;;;;;;;;;;;;;;;;;;;;;;;;;;;;;;;;;;;;;;;;;;;;;;;;;;;;;;;;;;;;;;;;
-4.600;;;;;;;;;;;;;;;;;;;;;;;;;;;;;;;;;;;;;;;;;;;;;;;;;;;;;;2.334883996;2.298097089;2.263246441;2.230280452;2.199160282;2.169859703;2.142364649;2.116672488;2.092791073;2.070737582;2.050537208;2.032221714;2.015827899;2.001395995;1.988968047;1.978586277;1.970291495;1.964121563;1.960109945;;;;;;;;;;;;;;;;;;;;;;;;;;;;;;;;;;;;;;;;;;;;;;;;;;;;;;;;;;;;;;;;;;;;;;
-4.700;;;;;;;;;;;;;;;;;;;;;;;;;;;;;;;;;;;;;;;;;;;;;;;;;;;;;;;;;;;;;;;;;;;;;;;;;;;;;;;;;;;;;;;;;;;;;;;;;;;;;;;;;;;;;;;;;;;;;;;;;;;;;;;;;;;;;;;;;;;;;;
-4.800;;;;;;;;;;;;;;;;;;;;;;;;;;;;;;;;;;;;;;;;;;;;;;;;;;;;;;;;;;;;;;;;;;;;;;;;;;;;;;;;;;;;;;;;;;;;;;;;;;;;;;;;;;;;;;;;;;;;;;;;;;;;;;;;;;;;;;;;;;;;;;
-4.900;;;;;;;;;;;;;;;;;;;;;;;;;;;;;;;;;;;;;;;;;;;;;;;;;;;;;;;;;;;;;;;;;;;;;;;;;;;;;;;;;;;;;;;;;;;;;;;;;;;;;;;;;;;;;;;;;;;;;;;;;;;;;;;;;;;;;;;;;;;;;;
-5.000;;;;;;;;;;;;;;;;;;;;;;;;;;;;;;;;;;;;;;;;;;;;;;;;;;;;;;;;;;;;;;;;;;;;;;;;;;;;;;;;;;;;;;;;;;;;;;;;;;;;;;;;;;;;;;;;;;;;;;;;;;;;;;;;;;;;;;;;;;;;;;
-5.100;;;;;;;;;;;;;;;;;;;;;;;;;;;;;;;;;;;;;;;;;;;;;;;;;;;;;;;;;;;;;;;;;;;;;;;;;;;;;;;;;;;;;;;;;;;;;;;;;;;;;;;;;;;;;;;;;;;;;;;;;;;;;;;;;;;;;;;;;;;;;;
-5.200;;;;;;;;;;;;;;;;;;;;;;;;;;;;;;;;;;;;;;;;;;;;;;;;;;;;;;;;;;;;;;;;;;;;;;;;;;;;;;;;;;;;;;;;;;;;;;;;;;;;;;;;;;;;;;;;;;;;;;;;;;;;;;;;;;;;;;;;;;;;;;
-5.300;;;;;;;;;;;;;;;;;;;;;;;;;;;;;;;;;;;;;;;;;;;;;;;;;;;;;;;;;;;;;;;;;;;;;;;;;;;;;;;;;;;;;;;;;;;;;;;;;;;;;;;;;;;;;;;;;;;;;;;;;;;;;;;;;;;;;;;;;;;;;;
-5.400;;;;;;;;;;;;;;;;;;;;;;;;;;;;;;;;;;;;;;;;;;;;;;;;;;;;;;;;;;;;;;;;;;;;;;;;;;;;;;;;;;;;;;;;;;;;;;;;;;;;;;;;;;;;;;;;;;;;;;;;;;;;;;;;;;;;;;;;;;;;;;
-5.500;;;;;;;;;;;;;;;;;;;;;;;;;;;;;;;;;;;;;;;;;;;;;;;;;;;;;;;;;;;;;;;;;;;;;;;;;;;;;;;;;;;;;;;;;;;;;;;;;;;;;;;;;;;;;;;;;;;;;;;;;;;;;;;;;;;;;;;;;;;;;;
-5.600;;;;;;;;;;;;;;;;;;;;;;;;;;;;;;;;;;;;;;;;;;;;;;;;;;;;;;;;;;;;;;;;;;;;;;;;;;;;;;;;;;;;;;;;;;;;;;;;;;;;;;;;;;;;;;;;;;;;;;;;;;;;;;;;;;;;;;;;;;;;;;
-5.700;;;;;;;;;;;;;;;;;;;;;;;;;;;;;;;;;;;;;;;;;;;;;;;;;;;;;;;;;;;;;;;;;;;;;;;;;;;;;;;;;;;;;;;;;;;;;;;;;;;;;;;;;;;;;;;;;;;;;;;;;;;;;;;;;;;;;;;;;;;;;;
-5.800;;;;;;;;;;;;;;;;;;;;;;;;;;;;;;;;;;;;;;;;;;;;;;;;;;;;;;;;;;;;;;;;;;;;;;;;;;;;;;;;;;;;;;;;;;;;;;;;;;;;;;;;;;;;;;;;;;;;;;;;;;;;;;;;;;;;;;;;;;;;;;
-5.900;;;;;;;;;;;;;;;;;;;;;;;;;;;;;;;;;;;;;;;;;;;;;;;;;;;;;;;;;;;;;;;;;;;;;;;;;;;;;;;;;;;;;;;;;;;;;;;;;;;;;;;;;;;;;;;;;;;;;;;;;;;;;;;;;;;;;;;;;;;;;;
-6.000;;;;;;;;;;;;;;;;;;;;;;;;;;;;;;;;;;;;;;;;;;;;;;;;;;;;;;;;;;;;;;;;;;;;;;;;;;;;;;;;;;;;;;;;;;;;;;;;;;;;;;;;;;;;;;;;;;;;;;;;;;;;;;;;;;;;;;;;;;;;;;
-6.100;;;;;;;;;;;;;;;;;;;;;;;;;;;;;;;;;;;;;;;;;;;;;;;;;;;;;;;;;;;;;;;;;;;;;;;;;;;;;;;;;;;;;;;;;;;;;;;;;;;;;;;;;;;;;;;;;;;;;;;;;;;;;;;;;;;;;;;;;;;;;;
-6.200;;;;;;;;;;;;;;;;;;;;;;;;;;;;;;;;;;;;;;;;;;;;;;;;;;;;;;;;;;;;;;;;;;;;;;;;;;;;;;;;;;;;;;;;;;;;;;;;;;;;;;;;;;;;;;;;;;;;;;;;;;;;;;;;;;;;;;;;;;;;;;
-6.300;;;;;;;;;;;;;;;;;;;;;;;;;;;;;;;;;;;;;;;;;;;;;;;;;;;;;;;;;;;;;;;;;;;;;;;;;;;;;;;;;;;;;;;;;;;;;;;;;;;;;;;;;;;;;;;;;;;;;;;;;;;;;;;;;;;;;;;;;;;;;;
-6.400;;;;;;;;;;;;;;;;;;;;;;;;;;;;;;;;;;;;;;;;;;;;;;;;;;;;;;;;;;;;;;;;;;;;;;;;;;;;;;;;;;;;;;;;;;;;;;;;;;;;;;;;;;;;;;;;;;;;;;;;;;;;;;;;;;;;;;;;;;;;;;
-6.500;;;;;;;;;;;;;;;;;;;;;;;;;;;;;;;;;;;;;;;;;;;;;;;;;;;;;;;;;;;;;;;;;;;;;;;;;;;;;;;;;;;;;;;;;;;;;;;;;;;;;;;;;;;;;;;;;;;;;;;;;;;;;;;;;;;;;;;;;;;;;;
-6.600;;;;;;;;;;;;;;;;;;;;;;;;;;;;;;;;;;;;;;;;;;;;;;;;;;;;;;;;;;;;;;;;;;;;;;;;;;;;;;;;;;;;;;;;;;;;;;;;;;;;;;;;;;;;;;;;;;;;;;;;;;;;;;;;;;;;;;;;;;;;;;
-6.700;;;;;;;;;;;;;;;;;;;;;;;;;;;;;;;;;;;;;;;;;;;;;;;;;;;;;;;;;;;;;;;;;;;;;;;;;;;;;;;;;;;;;;;;;;;;;;;;;;;;;;;;;;;;;;;;;;;;;;;;;;;;;;;;;;;;;;;;;;;;;;
-6.800;;;;;;;;;;;;;;;;;;;;;;;;;;;;;;;;;;;;;;;;;;;;;;;;;;;;;;;;;;;;;;;;;;;;;;;;;;;;;;;;;;;;;;;;;;;;;;;;;;;;;;;;;;;;;;;;;;;;;;;;;;;;;;;;;;;;;;;;;;;;;;
-6.900;;;;;;;;;;;;;;;;;;;;;;;;;;;;;;;;;;;;;;;;;;;;;;;;;;;;;;;;;;;;;;;;;;;;;;;;;;;;;;;;;;;;;;;;;;;;;;;;;;;;;;;;;;;;;;;;;;;;;;;;;;;;;;;;;;;;;;;;;;;;;;
-7.000;;;;;;;;;;;;;;;;;;;;;;;;;;;;;;;;;;;;;;;;;;;;;;;;;;;;;;;;;;;;;;;;;;;;;;;;;;;;;;;;;;;;;;;;;;;;;;;;;;;;;;;;;;;;;;;;;;;;;;;;;;;;;;;;;;;;;;;;;;;;;;
BACK related to FRONT [mm];-7.000;-6.900;-6.800;-6.700;-6.600;-6.500;-6.400;-6.300;-6.200;-6.100;-6.000;-5.900;-5.800;-5.700;-5.600;-5.500;-5.400;-5.300;-5.200;-5.100;-5.000;-4.900;-4.800;-4.700;-4.600;-4.500;-4.400;-4.300;-4.200;-4.100;-4.000;-3.900;-3.800;-3.700;-3.600;-3.500;-3.400;-3.300;-3.200;-3.100;-3.000;-2.900;-2.800;-2.700;-2.600;-2.500;-2.400;-2.300;-2.200;-2.100;-2.000;-1.900;-1.800;-1.700;-1.600;-1.500;-1.400;-1.300;-1.200;-1.100;-1.000;-0.900;-0.800;-0.700;-0.600;-0.500;-0.400;-0.300;-0.200;-0.100;0.000;0.100;0.200;0.300;0.400;0.500;0.600;0.700;0.800;0.900;1.000;1.100;1.200;1.300;1.400;1.500;1.600;1.700;1.800;1.900;2.000;2.100;2.200;2.300;2.400;2.500;2.600;2.700;2.800;2.900;3.000;3.100;3.200;3.300;3.400;3.500;3.600;3.700;3.800;3.900;4.000;4.100;4.200;4.300;4.400;4.500;4.600;4.700;4.800;4.900;5.000;5.100;5.200;5.300;5.400;5.500;5.600;5.700;5.800;5.900;6.000;6.100;6.200;6.300;6.400;6.500;6.600;6.700;6.800;6.900;7.000;
7.000;;;;;;;;;;;;;;;;;;;;;;;;;;;;;;;;;;;;;;;;;;;;;;;;;;;;;;;;;;;;;;;;;;;;;;;;;;;;;;;;;;;;;;;;;;;;;;;;;;;;;;;;;;;;;;;;;;;;;;;;;;;;;;;;;;;;;;;;;;;;;;
6.900;;;;;;;;;;;;;;;;;;;;;;;;;;;;;;;;;;;;;;;;;;;;;;;;;;;;;;;;;;;;;;;;;;;;;;;;;;;;;;;;;;;;;;;;;;;;;;;;;;;;;;;;;;;;;;;;;;;;;;;;;;;;;;;;;;;;;;;;;;;;;;
6.800;;;;;;;;;;;;;;;;;;;;;;;;;;;;;;;;;;;;;;;;;;;;;;;;;;;;;;;;;;;;;;;;;;;;;;;;;;;;;;;;;;;;;;;;;;;;;;;;;;;;;;;;;;;;;;;;;;;;;;;;;;;;;;;;;;;;;;;;;;;;;;
6.700;;;;;;;;;;;;;;;;;;;;;;;;;;;;;;;;;;;;;;;;;;;;;;;;;;;;;;;;;;;;;;;;;;;;;;;;;;;;;;;;;;;;;;;;;;;;;;;;;;;;;;;;;;;;;;;;;;;;;;;;;;;;;;;;;;;;;;;;;;;;;;
6.600;;;;;;;;;;;;;;;;;;;;;;;;;;;;;;;;;;;;;;;;;;;;;;;;;;;;;;;;;;;;;;;;;;;;;;;;;;;;;;;;;;;;;;;;;;;;;;;;;;;;;;;;;;;;;;;;;;;;;;;;;;;;;;;;;;;;;;;;;;;;;;
6.500;;;;;;;;;;;;;;;;;;;;;;;;;;;;;;;;;;;;;;;;;;;;;;;;;;;;;;;;;;;;;;;;;;;;;;;;;;;;;;;;;;;;;;;;;;;;;;;;;;;;;;;;;;;;;;;;;;;;;;;;;;;;;;;;;;;;;;;;;;;;;;
6.400;;;;;;;;;;;;;;;;;;;;;;;;;;;;;;;;;;;;;;;;;;;;;;;;;;;;;;;;;;;;;;;;;;;;;;;;;;;;;;;;;;;;;;;;;;;;;;;;;;;;;;;;;;;;;;;;;;;;;;;;;;;;;;;;;;;;;;;;;;;;;;
6.300;;;;;;;;;;;;;;;;;;;;;;;;;;;;;;;;;;;;;;;;;;;;;;;;;;;;;;;;;;;;;;;;;;;;;;;;;;;;;;;;;;;;;;;;;;;;;;;;;;;;;;;;;;;;;;;;;;;;;;;;;;;;;;;;;;;;;;;;;;;;;;
6.200;;;;;;;;;;;;;;;;;;;;;;;;;;;;;;;;;;;;;;;;;;;;;;;;;;;;;;;;;;;;;;;;;;;;;;;;;;;;;;;;;;;;;;;;;;;;;;;;;;;;;;;;;;;;;;;;;;;;;;;;;;;;;;;;;;;;;;;;;;;;;;
6.100;;;;;;;;;;;;;;;;;;;;;;;;;;;;;;;;;;;;;;;;;;;;;;;;;;;;;;;;;;;;;;;;;;;;;;;;;;;;;;;;;;;;;;;;;;;;;;;;;;;;;;;;;;;;;;;;;;;;;;;;;;;;;;;;;;;;;;;;;;;;;;
6.000;;;;;;;;;;;;;;;;;;;;;;;;;;;;;;;;;;;;;;;;;;;;;;;;;;;;;;;;;;;;;;;;;;;;;;;;;;;;;;;;;;;;;;;;;;;;;;;;;;;;;;;;;;;;;;;;;;;;;;;;;;;;;;;;;;;;;;;;;;;;;;
5.900;;;;;;;;;;;;;;;;;;;;;;;;;;;;;;;;;;;;;;;;;;;;;;;;;;;;;;;;;;;;;;;;;;;;;;;;;;;;;;;;;;;;;;;;;;;;;;;;;;;;;;;;;;;;;;;;;;;;;;;;;;;;;;;;;;;;;;;;;;;;;;
5.800;;;;;;;;;;;;;;;;;;;;;;;;;;;;;;;;;;;;;;;;;;;;;;;;;;;;;;;;;;;;;;;;;;;;;;;;;;;;;;;;;;;;;;;;;;;;;;;;;;;;;;;;;;;;;;;;;;;;;;;;;;;;;;;;;;;;;;;;;;;;;;
5.700;;;;;;;;;;;;;;;;;;;;;;;;;;;;;;;;;;;;;;;;;;;;;;;;;;;;;;;;;;;;;;;;;;;;;;;;;;;;;;;;;;;;;;;;;;;;;;;;;;;;;;;;;;;;;;;;;;;;;;;;;;;;;;;;;;;;;;;;;;;;;;
5.600;;;;;;;;;;;;;;;;;;;;;;;;;;;;;;;;;;;;;;;;;;;;;;;;;;;;;;;;;;;;;;;;;;;;;;;;;;;;;;;;;;;;;;;;;;;;;;;;;;;;;;;;;;;;;;;;;;;;;;;;;;;;;;;;;;;;;;;;;;;;;;
5.500;;;;;;;;;;;;;;;;;;;;;;;;;;;;;;;;;;;;;;;;;;;;;;;;;;;;;;;;;;;;;;;;;;;;;;;;;;;;;;;;;;;;;;;;;;;;;;;;;;;;;;;;;;;;;;;;;;;;;;;;;;;;;;;;;;;;;;;;;;;;;;
5.400;;;;;;;;;;;;;;;;;;;;;;;;;;;;;;;;;;;;;;;;;;;;;;;;;;;;;;;;;;;;;;;;;;;;;;;;;;;;;;;;;;;;;;;;;;;;;;;;;;;;;;;;;;;;;;;;;;;;;;;;;;;;;;;;;;;;;;;;;;;;;;
5.300;;;;;;;;;;;;;;;;;;;;;;;;;;;;;;;;;;;;;;;;;;;;;;;;;;;;;;;;;;;;;;;;;;;;;;;;;;;;;;;;;;;;;;;;;;;;;;;;;;;;;;;;;;;;;;;;;;;;;;;;;;;;;;;;;;;;;;;;;;;;;;
5.200;;;;;;;;;;;;;;;;;;;;;;;;;;;;;;;;;;;;;;;;;;;;;;;;;;;;;;;;;;;;;;;;;;;;;;;;;;;;;;;;;;;;;;;;;;;;;;;;;;;;;;;;;;;;;;;;;;;;;;;;;;;;;;;;;;;;;;;;;;;;;;
5.100;;;;;;;;;;;;;;;;;;;;;;;;;;;;;;;;;;;;;;;;;;;;;;;;;;;;;;;;;;;;;;;;;;;;;;;;;;;;;;;;;;;;;;;;;;;;;;;;;;;;;;;;;;;;;;;;;;;;;;;;;;;;;;;;;;;;;;;;;;;;;;
5.000;;;;;;;;;;;;;;;;;;;;;;;;;;;;;;;;;;;;;;;;;;;;;;;;;;;;;;;;;;;;;;;;;;;;;;;;;;;;;;;;;;;;;;;;;;;;;;;;;;;;;;;;;;;;;;;;;;;;;;;;;;;;;;;;;;;;;;;;;;;;;;
4.900;;;;;;;;;;;;;;;;;;;;;;;;;;;;;;;;;;;;;;;;;;;;;;;;;;;;;;;;;;;;;;;;;;;;;;;;;;;;;;;;;;;;;;;;;;;;;;;;;;;;;;;;;;;;;;;;;;;;;;;;;;;;;;;;;;;;;;;;;;;;;;
4.800;;;;;;;;;;;;;;;;;;;;;;;;;;;;;;;;;;;;;;;;;;;;;;;;;;;;;;;;;;;;;;;;;;;;;;;;;;;;;;;;;;;;;;;;;;;;;;;;;;;;;;;;;;;;;;;;;;;;;;;;;;;;;;;;;;;;;;;;;;;;;;
4.700;;;;;;;;;;;;;;;;;;;;;;;;;;;;;;;;;;;;;;;;;;;;;;;;;;;;;;;;;;;;;;;;;;;;;;;;;;;;;;;;;;;;;;;;;;;;;;;;;;;;;;;;;;;;;;;;;;;;;;;;;;;;;;;;;;;;;;;;;;;;;;
4.600;;;;;;;;;;;;;;;;;;;;;;;;;;;;;;;;;;;;;;;;;;;;;;;;;;;;;;;;;;;;;;;;;;;;;;;;;;;;;;;;;;;;;;;;;;;;;;;;;;;;;;;;;;;;;;;;;;;;;;;;;;;;;;;;;;;;;;;;;;;;;;
4.500;;;;;;;;;;;;;;;;;;;;;;;;;;;;;;;;;;;;;;;;;;;;;;;;;;;;;;;;;;;;;;;;;;;;;;;;;;;;;;;;;;;;;;;;;;;;;;;;;;;;;;;;;;;;;;;;;;;;;;;;;;;;;;;;;;;;;;;;;;;;;;
4.400;;;;;;;;;;;;;;;;;;;;;;;;;;;;;;;;;;;;;;;;;;;;;;;;;;;;;;;;;;;;;;;;;;;;;;;;;;;;;;;;;;;;;;;;;;;;;;;;;;;;;;;;;;;;;;;;;;;;;;;;;;;;;;;;;;;;;;;;;;;;;;
4.300;;;;;;;;;;;;;;;;;;;;;;;;;;;;;;;;;;;;;;;;;;;;;;;;;;;;;;;;;;;;;;;;;;;;;;;;;;;;;;;;;;;;;;;;;;;;;;;;;;;;;;;;;;;;;;;;;;;;;;;;;;;;;;;;;;;;;;;;;;;;;;
4.200;;;;;;;;;;;;;;;;;;;;;;;;;;;;;;;;;;;;;;;;;;;;;;;;;;;;;;;;;;;;;;;;;;;;;;;;;;;;;;;;;;;;;;;;;;;;;;;;;;;;;;;;;;;;;;;;;;;;;;;;;;;;;;;;;;;;;;;;;;;;;;
4.100;;;;;;;;;;;;;;;;;;;;;;;;;;;;;;;;;;;;;;;;;;;;;;;;;;;;;;;;;;;;;;;;;;;;;;;;;;;;;;;;;;;;;;;;;;;;;;;;;;;;;;;;;;;;;;;;;;;;;;;;;;;;;;;;;;;;;;;;;;;;;;
4.000;;;;;;;;;;;;;;;;;;;;;;;;;;;;;;;;;;;;;;;;;;;;;;;;;;;;;;;;;;;;;;;;;;;;;;;;;;;;;;;;;;;;;;;;;;;;;;;;;;;;;;;;;;;;;;;;;;;;;;;;;;;;;;;;;;;;;;;;;;;;;;
3.900;;;;;;;;;;;;;;;;;;;;;;;;;;;;;;;;;;;;;;;;;;;;;;;;;;;;;;;;;;;;;;;;;;;;;;;;;;;;;;;;;;;;;;;;;;;;;;;;;;;;;;;;;;;;;;;;;;;;;;;;;;;;;;;;;;;;;;;;;;;;;;
3.800;;;;;;;;;;;;;;;;;;;;;;;;;;;;;;;;;;;;;;;;;;;;;;;;;;;;;;;;;;;;;;;;;;;;;;;;;;;;;;;;;;;;;;;;;;;;;;;;;;;;;;;;;;;;;;;;;;;;;;;;;;;;;;;;;;;;;;;;;;;;;;
3.700;;;;;;;;;;;;;;;;;;;;;;;;;;;;;;;;;;;;;;;;;;;;;;;;;;;;;;2.160755857;2.126177330;2.093796654;2.063636828;2.035714742;2.010040673;1.986617961;1.965442858;1.946504553;1.929785359;1.915261068;1.902901444;;;;;;;;;;;;;;;;;;;;;;;;;;;;;;;;;;;;;;;;;;;;;;;;;;;;;;;;;;;;;;;;;;;;;;;;;;;;;
3.600;;;;;;;;;;;;;;;;;;;;;;;;;;;;;;;;;;;;;;;;;;;;;;;;;2.290225629;2.245314082;2.202467303;2.161719321;2.123102957;2.086648657;2.052383422;2.020329878;1.990505482;1.962921896;1.937584522;1.914492207;1.893637126;1.875004816;1.858574386;1.844318868;1.832205716;1.822197429;1.814252293;1.808325219;1.804368670;1.802333655;;;;;;;;;;;;;;;;;;;;;;;;;;;;;;;;;;;;;;;;;;;;;;;;;;;;;;;;;;;;;;;;;;;;;;;;
3.500;;;;;;;;;;;;;;;;;;;;;;;;;;;;;;;;;;;;;;;;;;;;;;2.362969902;2.312097013;2.263252206;2.216459254;2.171744509;2.129135654;2.088660455;2.050345563;2.014215396;1.980291119;1.948589761;1.919123472;1.891898932;1.866916924;1.844172072;1.823652738;1.805341087;1.789213296;1.775239913;1.763386352;1.753613504;1.745878464;1.740135341;1.736336162;1.734431819;1.734373080;1.736111623;1.739601077;1.744798077;;;;;;;;;;;;;;;;;;;;;;;;;;;;;;;;;;;;;;;;;;;;;;;;;;;;;;;;;;;;;;;;;;;;
3.400;;;;;;;;;;;;;;;;;;;;;;;;;;;;;;;;;;;;;;;;;;;2.455148630;2.398174424;2.343257585;2.290401506;2.239615301;2.190912885;2.144311892;2.099832515;2.057496293;2.017324918;1.979339082;1.943557402;1.909995460;1.878664953;1.849573000;1.822721583;1.798107160;1.775720424;1.755546224;1.737563645;1.721746226;1.708062321;1.696475585;1.686945579;1.679428471;1.673877831;1.670245490;1.668482464;1.668539916;1.670370142;1.673927570;1.679169751;1.686058336;1.694560009;;;;;;;;;;;;;;;;;;;;;;;;;;;;;;;;;;;;;;;;;;;;;;;;;;;;;;;;;;;;;;;;;;
3.300;;;;;;;;;;;;;;;;;;;;;;;;;;;;;;;;;;;;;;;;;2.504634199;2.443320472;2.384156919;2.327128086;2.272225231;2.219445941;2.168793445;2.120275716;2.073904419;2.029693782;1.987659425;1.947817211;1.910182137;1.874767304;1.841583001;1.810635901;1.781928399;1.755458100;1.731217450;1.709193527;1.689367985;1.671717137;1.656212190;1.642819598;1.631501550;1.622216551;1.614920115;1.609565525;1.606104665;1.604488906;1.604670025;1.606601144;1.610237679;1.615538280;1.622465747;1.630987911;1.641078474;1.652717781;1.665893527;;;;;;;;;;;;;;;;;;;;;;;;;;;;;;;;;;;;;;;;;;;;;;;;;;;;;;;;;;;;;;;
3.200;;;;;;;;;;;;;;;;;;;;;;;;;;;;;;;;;;;;;;;2.565117448;2.499126995;2.435422678;2.373970490;2.314742686;2.257718223;2.202882740;2.150228155;2.099751987;2.051456473;2.005347541;1.961433713;1.919724970;1.880231641;1.842963337;1.807927967;1.775130855;1.744573982;1.716255361;1.690168552;1.666302327;1.644640483;1.625161802;1.607840145;1.592644695;1.579540310;1.568487995;1.559445484;1.552367897;1.547208483;1.543919419;1.542452655;1.542760793;1.544797978;1.548520800;1.553889173;1.560867202;1.569424010;1.579534507;1.591180118;1.604349428;1.619038759;1.635252654;;;;;;;;;;;;;;;;;;;;;;;;;;;;;;;;;;;;;;;;;;;;;;;;;;;;;;;;;;;;;
3.100;;;;;;;;;;;;;;;;;;;;;;;;;;;;;;;;;;;;;;2.566469404;2.497846465;2.431633411;2.367785323;2.306262658;2.247032206;2.190067487;2.135348698;2.082862302;2.032600352;1.984559614;1.938740572;1.895146346;1.853781603;1.814651474;1.777760530;1.743111836;1.710706110;1.680540999;1.652610486;1.626904440;1.603408308;1.582102944;1.562964588;1.545964974;1.531071569;1.518247931;1.507454173;1.498647523;1.491782966;1.486813963;1.483693209;1.482373450;1.482808311;1.484953148;1.488765893;1.494207885;1.501244680;1.509846815;1.519990534;1.531658441;1.544840104;1.559532567;1.575740796;1.593478023;1.612766007;;;;;;;;;;;;;;;;;;;;;;;;;;;;;;;;;;;;;;;;;;;;;;;;;;;;;;;;;;;
3.000;;;;;;;;;;;;;;;;;;;;;;;;;;;;;;;;;;;;2.646335449;2.572351993;2.500966322;2.432122260;2.365765318;2.301845020;2.240316441;2.181141096;2.124287286;2.069730017;2.017450571;1.967435829;1.919677409;1.874170678;1.830913709;1.789906208;1.751148475;1.714640415;1.680380622;1.648365581;1.618588976;1.591041130;1.565708582;1.542573804;1.521615051;1.502806353;1.486117636;1.471514959;1.458960871;1.448414868;1.439833936;1.433173175;1.428386484;1.425427296;1.424249351;1.424807486;1.427058438;1.430961639;1.436479997;1.443580648;1.452235667;1.462422730;1.474125720;1.487335266;1.502049209;1.518272990;1.536019955;1.555311575;1.576177569;1.598655949;;;;;;;;;;;;;;;;;;;;;;;;;;;;;;;;;;;;;;;;;;;;;;;;;;;;;;;;;
2.900;;;;;;;;;;;;;;;;;;;;;;;;;;;;;;;;;;;2.659941111;2.582923028;2.508645207;2.437046382;2.368064297;2.301638805;2.237714069;2.176240013;2.117173131;2.060476786;2.006121093;1.954082479;1.904342998;1.856889470;1.811712520;1.768805546;1.728163681;1.689782783;1.653658477;1.619785278;1.588155823;1.558760213;1.531585484;1.506615207;1.483829234;1.463203561;1.444710338;1.428317993;1.413991475;1.401692610;1.391380540;1.383012261;1.376543218;1.371927969;1.369120884;1.368076884;1.368752187;1.371105066;1.375096595;1.380691382;1.387858258;1.396570937;1.406808624;1.418556563;1.431806515;1.446557181;1.462814531;1.480592068;1.499911003;1.520800347;1.543296923;1.567445288;1.593297576;;;;;;;;;;;;;;;;;;;;;;;;;;;;;;;;;;;;;;;;;;;;;;;;;;;;;;;
2.800;;;;;;;;;;;;;;;;;;;;;;;;;;;;;;;;;;2.678497357;2.598319001;2.521023436;2.446547286;2.374822819;2.305781909;2.239358990;2.175493131;2.114129386;2.055219540;1.998722347;1.944603382;1.892834575;1.843393529;1.796262655;1.751428225;1.708879365;1.668607037;1.630603059;1.594859177;1.561366225;1.530113382;1.501087548;1.474272845;1.449650242;1.427197314;1.406888135;1.388693295;1.372580025;1.358512456;1.346451954;1.336357564;1.328186525;1.321894846;1.317437944;1.314771311;1.313851215;1.314635410;1.317083842;1.321159355;1.326828364;1.334061496;1.342834198;1.353127280;1.364927414;1.378227560;1.393027330;1.409333269;1.427159074;1.446525730;1.467461560;1.490002215;1.514190569;1.540076555;1.567716915;;;;;;;;;;;;;;;;;;;;;;;;;;;;;;;;;;;;;;;;;;;;;;;;;;;;;;
2.700;;;;;;;;;;;;;;;;;;;;;;;;;;;;;;;;2.788629185;2.702106369;2.618652510;2.538220454;2.460748296;2.386165647;2.314398562;2.245373326;2.179019248;2.115270619;2.054067965;1.995358708;1.939097363;1.885245342;1.833770475;1.784646309;1.737851256;1.693367647;1.651180746;1.611277757;1.573646870;1.538276358;1.505153771;1.474265223;1.445594795;1.419124060;1.394831738;1.372693473;1.352681741;1.334765874;1.318912205;1.305084311;1.293243360;1.283348533;1.275357529;1.269227124;1.264913774;1.262374261;1.261566349;1.262449461;1.264985339;1.269138699;1.274877861;1.282175332;1.291008360;1.301359429;1.313216697;1.326574369;1.341433012;1.357799788;1.375688620;1.395120293;1.416122468;1.438729640;1.462983013;1.488930322;1.516625578;1.546128767;1.577505480;;;;;;;;;;;;;;;;;;;;;;;;;;;;;;;;;;;;;;;;;;;;;;;;;;;;
2.600;;;;;;;;;;;;;;;;;;;;;;;;;;;;;;;2.820860536;2.730841178;2.644010428;2.560333010;2.479752720;2.402199900;2.327597446;2.255865517;2.186925137;2.120700839;2.057122495;1.996126472;1.937656218;1.881662401;1.828102677;1.776941184;1.728147832;1.681697450;1.637568852;1.595743860;1.556206337;1.518941255;1.483933821;1.451168698;1.420629317;1.392297315;1.366152078;1.342170421;1.320326383;1.300591154;1.282933105;1.267317942;1.253708948;1.242067327;1.232352617;1.224523177;1.218536729;1.214350934;1.211924007;1.211215342;1.212186143;1.214800049;1.219023740;1.224827511;1.232185818;1.241077769;1.251487569;1.263404903;1.276825263;1.291750202;1.308187526;1.326151417;1.345662481;1.366747743;1.389440560;1.413780484;1.439813066;1.467589596;1.497166805;1.528606513;1.561975242;;;;;;;;;;;;;;;;;;;;;;;;;;;;;;;;;;;;;;;;;;;;;;;;;;;
2.500;;;;;;;;;;;;;;;;;;;;;;;;;;;;;;2.858326656;2.764744507;2.674452775;2.587434036;2.503642709;2.423013878;2.345470482;2.270929055;2.199304223;2.130512124;2.064472893;2.001112376;1.940363178;1.882165184;1.826465626;1.773218823;1.722385646;1.673932792;1.627831935;1.584058793;1.542592168;1.503412997;1.466503441;1.431846042;1.399422962;1.369215330;1.341202697;1.315362611;1.291670313;1.270098553;1.250617528;1.233194927;1.217796085;1.204384231;1.192920824;1.183365955;1.175678827;1.169818267;1.165743285;1.163413656;1.162790512;1.163836935;1.166518543;1.170804044;1.176665774;1.184080181;1.193028273;1.203496011;1.215474638;1.228960953;1.243957521;1.260472814;1.278521289;1.298123400;1.319305552;1.342099990;1.366544637;1.392682879;1.420563308;1.450239417;1.481769267;1.515215125;1.550643067;;;;;;;;;;;;;;;;;;;;;;;;;;;;;;;;;;;;;;;;;;;;;;;;;;
2.400;;;;;;;;;;;;;;;;;;;;;;;;;;;;;2.901012901;2.803828243;2.710012258;2.619572200;2.532478802;2.448676575;2.368092292;2.290641877;2.216235902;2.144783859;2.076197401;2.010392675;1.947291912;1.886824375;1.828926802;1.773543419;1.720625635;1.670131478;1.622024862;1.576274730;1.532854123;1.491739242;1.452908505;1.416341663;1.382018980;1.349920496;1.320025398;1.292311504;1.266754853;1.243329428;1.222006987;1.202757013;1.185546770;1.170341462;1.157104483;1.145797742;1.136382068;1.128817662;1.123064600;1.119083364;1.116835393;1.116283649;1.117393167;1.120131603;1.124469748;1.130382011;1.137846869;1.146847254;1.157370898;1.169410616;1.182964530;1.198036226;1.214634854;1.232775160;1.252477462;1.273767565;1.296676624;1.321240959;1.347501826;1.375505145;1.405301206;1.436944346;1.470492598;1.506007347;1.543552956;;;;;;;;;;;;;;;;;;;;;;;;;;;;;;;;;;;;;;;;;;;;;;;;;
2.300;;;;;;;;;;;;;;;;;;;;;;;;;;;;;2.848073474;2.750694394;2.656772085;2.566300115;2.479237838;2.395520302;2.315066407;2.237785495;2.163582601;2.092362508;2.024032808;1.958506086;1.895701381;1.835545045;1.777971096;1.722921181;1.670344224;1.620195841;1.572437584;1.527036081;1.483962115;1.443189687;1.404695094;1.368456066;1.334450963;1.302658063;1.273054964;1.245618075;1.220322246;1.197140498;1.176043874;1.157001401;1.139980157;1.124945435;1.111860988;1.100689360;1.091392270;1.083931061;1.078267174;1.074362666;1.072180727;1.071686216;1.072846179;1.075630352;1.080011637;1.085966544;1.093475586;1.102523628;1.113100178;1.125199624;1.138821407;1.153970138;1.170655646;1.188892973;1.208702311;1.230108882;1.253142776;1.277838738;1.304235928;1.332377641;1.362311009;1.394086689;1.427758541;1.463383298;1.501020250;1.540730929;1.582578809;;;;;;;;;;;;;;;;;;;;;;;;;;;;;;;;;;;;;;;;;;;;;;;
2.200;;;;;;;;;;;;;;;;;;;;;;;;;;;;2.897430936;2.796478125;2.699034896;2.605125090;2.514729124;2.427795472;2.344250211;2.264004830;2.186962551;2.113023316;2.042087644;1.974059500;1.908848341;1.846370449;1.786549689;1.729317790;1.674614243;1.622385911;1.572586414;1.525175357;1.480117462;1.437381653;1.396940122;1.358767431;1.322839655;1.289133610;1.257626159;1.228293633;1.201111352;1.176053268;1.153091715;1.132197281;1.113338775;1.096483307;1.081596454;1.068642510;1.057584805;1.048386091;1.041008964;1.035416336;1.031571916;1.029440713;1.028989533;1.030187465;1.033006352;1.037421220;1.043410682;1.050957286;1.060047820;1.070673556;1.082830442;1.096519229;1.111745537;1.128519869;1.146857565;1.166778693;1.188307909;1.211474259;1.236310946;1.262855074;1.291147361;1.321231844;1.353155567;1.386968282;1.422722149;1.460471454;1.500272351;1.542182618;1.586261455;;;;;;;;;;;;;;;;;;;;;;;;;;;;;;;;;;;;;;;;;;;;;;
2.100;;;;;;;;;;;;;;;;;;;;;;;;;;;2.951821719;2.847316772;2.746339590;2.648952727;2.555164775;2.464943565;2.378227237;2.294933400;2.214966631;2.138224499;2.064602317;1.993996786;1.926308692;1.861444794;1.799319048;1.739853258;1.682977283;1.628628876;1.576753250;1.527302434;1.480234485;1.435512614;1.393104266;1.352980203;1.315113611;1.279479266;1.246052776;1.214809913;1.185726049;1.158775707;1.133932214;1.111167476;1.090451855;1.071754163;1.055041738;1.040280616;1.027435787;1.016471505;1.007351667;1.000040225;0.994501636;0.990701326;0.988606165;0.988184937;0.989408796;0.992251691;0.996690770;1.002706735;1.010284151;1.019411705;1.030082409;1.042293742;1.056047739;1.071351012;1.088214724;1.106654498;1.126690285;1.148346183;1.171650213;1.196634072;1.223332854;1.251784760;1.282030796;1.314114477;1.348081535;1.383979653;1.421858216;1.461768095;1.503761473;1.547891700;1.594213204;;;;;;;;;;;;;;;;;;;;;;;;;;;;;;;;;;;;;;;;;;;;;
2.000;;;;;;;;;;;;;;;;;;;;;;;;;;3.011138016;2.903139151;2.798644262;2.697764160;2.600543706;2.506976887;2.417019553;2.330600066;2.247628101;2.168001821;2.091613629;2.018354673;1.948118288;1.880802516;1.816311854;1.754558350;1.695462163;1.638951691;1.584963351;1.533441102;1.484335772;1.437604250;1.393208607;1.351115179;1.311293647;1.273716166;1.238356542;1.205189491;1.174189996;1.145332758;1.118591769;1.093939983;1.071349108;1.050789502;1.032230168;1.015638845;1.000982188;0.988226012;0.977335613;0.968276128;0.961012940;0.955512111;0.951740825;0.949667842;0.949263935;0.950502317;0.953359039;0.957813345;0.963847998;0.971449545;0.980608535;0.991319678;1.003581950;1.017398631;1.032777295;1.049729740;1.068271859;1.088423481;1.110208149;1.133652886;1.158787914;1.185646366;1.214263989;1.244678838;1.276930991;1.311062269;1.347115992;1.385136766;1.425170315;1.467263352;1.511463507;1.557819311;1.606380223;;;;;;;;;;;;;;;;;;;;;;;;;;;;;;;;;;;;;;;;;;;;
1.900;;;;;;;;;;;;;;;;;;;;;;;;;;2.963850627;2.855887593;2.751524400;2.650851358;2.553896370;2.460639489;2.371025202;2.284972669;2.202384172;2.123151970;2.047163782;1.974307055;1.904472202;1.837554955;1.773457966;1.712091786;1.653375327;1.597235919;1.543609025;1.492437728;1.443672021;1.397267988;1.353186912;1.311394356;1.271859255;1.234553052;1.199448888;1.166520881;1.135743501;1.107091042;1.080537209;1.056054814;1.033615576;1.013190038;0.994747566;0.978256456;0.963684109;0.950997286;0.940162413;0.931145944;0.923914750;0.918436538;0.914680274;0.912616613;0.912218314;0.913460633;0.916321689;0.920782790;0.926828715;0.934447942;0.943632832;0.954379743;0.966689094;0.980565367;0.996017058;1.013056565;1.031700034;1.051967155;1.073880929;1.097467392;1.122755327;1.149775961;1.178562655;1.209150602;1.241576545;1.275878513;1.312095600;1.350267782;1.390435786;1.432641021;1.476925560;1.523332195;1.571904548;;;;;;;;;;;;;;;;;;;;;;;;;;;;;;;;;;;;;;;;;;;;
1.800;;;;;;;;;;;;;;;;;;;;;;;;;3.029333819;2.917990128;2.810184046;2.706061733;2.605693834;2.509092047;2.416223182;2.327020994;2.241396028;2.159243713;2.080450913;2.004901141;1.932478598;1.863071211;1.796572819;1.732884631;1.671916093;1.613585252;1.557818737;1.504551423;1.453725866;1.405291572;1.359204155;1.315424434;1.273917519;1.234651903;1.197598608;1.162730394;1.130021050;1.099444785;1.070975723;1.044587505;1.020253003;0.997944138;0.977631800;0.959285875;0.942875342;0.928368463;0.915733033;0.904936686;0.895947247;0.888733115;0.883263661;0.879509640;0.877443594;0.877040244;0.878276856;0.881133575;0.885593718;0.891644023;0.899274840;0.908480277;0.919258274;0.931610635;0.945542990;0.961064703;0.978188737;0.996931458;1.017312410;1.039354044;1.063081432;1.088521953;1.115704980;1.144661562;1.175424126;1.208026192;1.242502132;1.278886963;1.317216197;1.357525748;1.399851908;1.444231387;1.490701435;1.539300030;1.590066138;;;;;;;;;;;;;;;;;;;;;;;;;;;;;;;;;;;;;;;;;;;
1.700;;;;;;;;;;;;;;;;;;;;;;;;;2.984855061;2.873680696;2.766139282;2.662354242;2.562377414;2.466205064;2.373791460;2.285060265;2.199913991;2.118241753;2.039925524;1.964845078;1.892881810;1.823921583;1.757856738;1.694587428;1.634022360;1.576079075;1.520683848;1.467771301;1.417283793;1.369170658;1.323387349;1.279894523;1.238657124;1.199643483;1.162824469;1.128172715;1.095661922;1.065266266;1.036959916;1.010716645;0.986509565;0.964310961;0.944092222;0.925823875;0.909475695;0.895016896;0.882416379;0.871643041;0.862666118;0.855455553;0.849982389;0.846219157;0.844140261;0.843722347;0.844944643;0.847789263;0.852241468;0.858289884;0.865926660;0.875147573;0.885952076;0.898343285;0.912327911;0.927916135;0.945121434;0.963960365;0.984452301;1.006619146;1.030485019;1.056075933;1.083419461;1.112544422;1.143480571;1.176258333;1.210908564;1.247462369;1.285950981;1.326405703;1.368857922;1.413339212;1.459881511;1.508517381;1.559280348;1.612205318;;;;;;;;;;;;;;;;;;;;;;;;;;;;;;;;;;;;;;;;;;
1.600;;;;;;;;;;;;;;;;;;;;;;;;3.056368194;2.941939727;2.831040368;2.723857692;2.620493362;2.520981281;2.425303070;2.333401159;2.245189756;2.160563921;2.079406987;2.001596522;1.927009016;1.855523485;1.787024120;1.721402146;1.658557017;1.598397047;1.540839599;1.485810916;1.433245673;1.383086332;1.335282346;1.289789286;1.246567919;1.205583283;1.166803797;1.130200420;1.095745883;1.063414014;1.033179162;1.005015723;0.978897779;0.954798838;0.932691689;0.912548344;0.894340078;0.878037552;0.863611000;0.851030488;0.840266210;0.831288832;0.824069847;0.818581957;0.814799442;0.812698531;0.812257743;0.813458207;0.816283932;0.820722051;0.826762994;0.834400624;0.843632305;0.854458917;0.866884811;0.880917705;0.896568534;0.913851238;0.932782524;0.953381572;0.975669732;0.999670186;1.025407614;1.052907850;1.082197559;1.113303934;1.146254431;1.181076544;1.217797647;1.256444891;1.297045184;1.339625249;1.384211775;1.430831645;1.479512270;1.530282000;1.583170618;1.638209907;;;;;;;;;;;;;;;;;;;;;;;;;;;;;;;;;;;;;;;;;
1.500;;;;;;;;;;;;;;;;;;;;;;;;3.014874098;2.900713966;2.790180849;2.683437266;2.580564115;2.481578249;2.386447429;2.295102956;2.207450213;2.123377379;2.042762525;1.965479284;1.891401299;1.820405606;1.752375099;1.687200242;1.624780118;1.565022966;1.507846274;1.453176540;1.400948775;1.351105809;1.303597475;1.258379713;1.215413639;1.174664619;1.136101382;1.099695186;1.065419062;1.033247156;1.003154161;0.975114867;0.949103810;0.925095032;0.903061942;0.882977276;0.864813147;0.848541167;0.834132647;0.821558851;0.810791293;0.801802069;0.794564213;0.789052058;0.785241595;0.783110824;0.782640076;0.783812302;0.786613333;0.791032079;0.797060687;0.804694638;0.813932790;0.824777359;0.837233844;0.851310893;0.867020122;0.884375880;0.903394976;0.924096376;0.946500863;0.970630698;0.996509259;1.024160700;1.053609617;1.084880751;1.117998723;1.152987829;1.189871895;1.228674206;1.269417511;1.312124124;1.356816119;1.403515615;1.452245166;1.503028240;1.555889795;1.610856917;;;;;;;;;;;;;;;;;;;;;;;;;;;;;;;;;;;;;;;;;
1.400;;;;;;;;;;;;;;;;;;;;;;;3.092382684;2.975101194;2.861297475;2.751207435;2.644969672;2.542645329;2.444235097;2.349693669;2.258941912;2.171877009;2.088380819;2.008326647;1.931584647;1.858026026;1.787526215;1.719967165;1.655238895;1.593240427;1.533880207;1.477076118;1.422755175;1.370852967;1.321312935;1.274085518;1.229127244;1.186399788;1.145869047;1.107504252;1.071277143;1.037161226;1.005131123;0.975162025;0.947229253;0.921307921;0.897372714;0.875397761;0.855356605;0.837222259;0.820967341;0.806564273;0.793985536;0.783203966;0.774193084;0.766927435;0.761382944;0.757537263;0.755370098;0.754863513;0.756002206;0.758773731;0.763168683;0.769180823;0.776807152;0.786047919;0.796906579;0.809389684;0.823506730;0.839269938;0.856694001;0.875795789;0.896594016;0.919108895;0.943361770;0.969374757;0.997170386;1.026771271;1.058199811;1.091477934;1.126626907;1.163667206;1.202618469;1.243499537;1.286328588;1.331123373;1.377901554;1.426681152;1.477481082;1.530321803;1.585226029;1.642219527;;;;;;;;;;;;;;;;;;;;;;;;;;;;;;;;;;;;;;;;
1.300;;;;;;;;;;;;;;;;;;;;;;;3.054133213;2.937177602;2.823803369;2.714219026;2.608540406;2.506809906;2.409012950;2.315091947;2.224958020;2.138500768;2.055596265;1.976113533;1.899919679;1.826883858;1.756880249;1.689790174;1.625503507;1.563919476;1.504946990;1.448504567;1.394519961;1.342929559;1.293677613;1.246715364;1.202000118;1.159494289;1.119164476;1.080980575;1.044914962;1.010941762;0.979036212;0.949174124;0.921331462;0.895484024;0.871607227;0.849675992;0.829664733;0.811547413;0.795297687;0.780889109;0.768295381;0.757490653;0.748449840;0.741148966;0.735565497;0.731678680;0.729469852;0.728922732;0.730023666;0.732761836;0.737129417;0.743121679;0.750737031;0.759977007;0.770846198;0.783352113;0.797505002;0.813317615;0.830804924;0.849983806;0.870872694;0.893491213;0.917859806;0.943999356;0.971930831;1.001674948;1.033251878;1.066681004;1.101980735;1.139168400;1.178260224;1.219271399;1.262216251;1.307108518;1.353961736;1.402789733;1.453607230;1.506430543;1.561278373;1.618172665;1.677139528;;;;;;;;;;;;;;;;;;;;;;;;;;;;;;;;;;;;;;;
1.200;;;;;;;;;;;;;;;;;;;;;;3.137726928;3.017784883;2.901224495;2.788338122;2.679308209;2.574228984;2.473125123;2.375967669;2.282687525;2.193186755;2.107347964;2.025041965;1.946133958;1.870488404;1.797972768;1.728460297;1.661831977;1.597977793;1.536797421;1.478200453;1.422106248;1.368443492;1.317149549;1.268169655;1.221456019;1.176966877;1.134665532;1.094519425;1.056499252;1.020578153;0.986730990;0.954933722;0.925162884;0.897395176;0.871607154;0.847775038;0.825874600;0.805881166;0.787769680;0.771514854;0.757091374;0.744474157;0.733638641;0.724561105;0.717218997;0.711591265;0.707658678;0.705404124;0.704812882;0.705872849;0.708574729;0.712912166;0.718881825;0.726483413;0.735719636;0.746596112;0.759121206;0.773305829;0.789163177;0.806708432;0.825958424;0.846931271;0.869645998;0.894122150;0.920379413;0.948437251;0.978314572;1.010029438;1.043598830;1.079038478;1.116362774;1.155584770;1.196716274;1.239768059;1.284750172;1.331672365;1.380544639;1.431377897;1.484184698;1.538980115;1.595782654;1.654615239;;;;;;;;;;;;;;;;;;;;;;;;;;;;;;;;;;;;;;;
1.100;;;;;;;;;;;;;;;;;;;;;;3.103071519;2.983466863;2.867355977;2.755001573;2.646561371;2.542109172;2.441652946;2.345150247;2.252521238;2.163659592;2.078441497;1.996733007;1.918395935;1.843292475;1.771288732;1.702257314;1.636079124;1.572644490;1.511853744;1.453617346;1.397855666;1.344498481;1.293484280;1.244759422;1.198277213;1.153996945;1.111882927;1.071903555;1.034030427;0.998237547;0.964500606;0.932796370;0.903102174;0.875395518;0.849653781;0.825854030;0.803972927;0.783986737;0.765871401;0.749602688;0.735156412;0.722508677;0.711636180;0.702516513;0.695128493;0.689452479;0.685470684;0.683167457;0.682529538;0.683546271;0.686209770;0.690515036;0.696460011;0.704045580;0.713275511;0.724156334;0.736697167;0.750909485;0.766806846;0.784404570;0.803719387;0.824769060;0.847571999;0.872146859;0.898512160;0.926685922;0.956685331;0.988526458;1.022224030;1.057791279;1.095239872;1.134579930;1.175820157;1.218968074;1.264030369;1.311013369;1.359923626;1.410768618;1.463557558;1.518302300;1.575018320;1.633725759;1.694450489;;;;;;;;;;;;;;;;;;;;;;;;;;;;;;;;;;;;;;
1.000;;;;;;;;;;;;;;;;;;;;;;3.070517184;2.951300621;2.835679007;2.723886965;2.616058853;2.512249219;2.412450352;2.316607195;2.224629934;2.136404500;2.051801225;1.970681883;1.892905308;1.818331781;1.746826349;1.678261238;1.612517496;1.549485991;1.489067878;1.431174641;1.375727799;1.322658343;1.271906001;1.223418361;1.177149924;1.133061131;1.091117383;1.051288112;1.013545898;0.977865680;0.944224044;0.912598623;0.882967604;0.855309338;0.829602062;0.805823721;0.783951890;0.763963780;0.745836330;0.729546361;0.715070786;0.702386871;0.691472522;0.682306593;0.674869202;0.669142046;0.665108692;0.662754857;0.662068640;0.663040722;0.665664515;0.669936256;0.675855048;0.683422833;0.692644322;0.703526847;0.716080170;0.730316234;0.746248872;0.763893469;0.783266597;0.804385630;0.827268342;0.851932505;0.878395506;0.906673976;0.936783469;0.968738180;1.002550733;1.038232045;1.075791270;1.115235848;1.156571654;1.199803270;1.244934366;1.291968208;1.340908291;1.391759076;1.444526853;1.499220690;1.555853469;1.614442971;1.675013000;;;;;;;;;;;;;;;;;;;;;;;;;;;;;;;;;;;;;;
0.900;;;;;;;;;;;;;;;;;;;;;3.162343519;3.040192143;2.921399784;2.806293372;2.695081025;2.587875104;2.484712096;2.385569625;2.290380902;2.199046882;2.111446391;2.027444444;1.946898993;1.869666278;1.795604989;1.724579389;1.656461551;1.591132859;1.528484883;1.468419741;1.410850062;1.355698612;1.302897691;1.252388344;1.204119462;1.158046808;1.114132032;1.072341686;1.032646291;0.995019459;0.959437108;0.925876761;0.894316957;0.864736768;0.837115420;0.811432029;0.787665431;0.765794115;0.745796242;0.727649734;0.711332437;0.696822339;0.684097821;0.673137948;0.663922773;0.656433646;0.650653515;0.646567217;0.644161734;0.643426421;0.644353185;0.646936619;0.651174076;0.657065698;0.664614368;0.673825617;0.684707468;0.697270219;0.711526183;0.727489380;0.745175186;0.764599961;0.785780646;0.808734363;0.833478008;0.860027861;0.888399226;0.918606107;0.950660943;0.984574404;1.020355271;1.058010402;1.097544801;1.138961801;1.182263356;1.227450462;1.274523699;1.323483898;1.374332927;1.427074588;1.481715612;1.538266735;1.596743832;1.657169076;1.719572091;;;;;;;;;;;;;;;;;;;;;;;;;;;;;;;;;;;;;
0.800;;;;;;;;;;;;;;;;;;;;;3.134032096;3.012215870;2.893870030;2.779291682;2.668664037;2.562078846;2.459555722;2.361058647;2.266509967;2.175802144;2.088807520;2.005386316;1.925393094;1.848681860;1.775110011;1.704541265;1.636847742;1.571911323;1.509624409;1.449890188;1.392622514;1.337745476;1.285192737;1.234906709;1.186837623;1.140942544;1.097184361;1.055530805;1.015953511;0.978427149;0.942928634;0.909436448;0.877930050;0.848389407;0.820794628;0.795125711;0.771362380;0.749484033;0.729469757;0.711298437;0.694948915;0.680400208;0.667631766;0.656623755;0.647357358;0.639815079;0.633981037;0.629841241;0.627383841;0.626599340;0.627480757;0.630023749;0.634226670;0.640090576;0.647619172;0.656818693;0.667697736;0.680267030;0.694539160;0.710528245;0.728249580;0.747719252;0.768953733;0.791969473;0.816782495;0.843408001;0.871860023;0.902151103;0.934292037;0.968291689;1.004156885;1.041892399;1.081501053;1.122983912;1.166340621;1.211569847;1.258669858;1.307639226;1.358477651;1.411186892;1.465771802;1.522241438;1.580610233;1.640899187;1.703137049;;;;;;;;;;;;;;;;;;;;;;;;;;;;;;;;;;;;;
0.700;;;;;;;;;;;;;;;;;;;;;3.108159951;2.986698934;2.868809028;2.754759389;2.644709942;2.538733224;2.436833172;2.338961145;2.245029489;2.154922899;2.068507840;1.985640241;1.906171685;1.829954281;1.756844400;1.686705431;1.619409707;1.554839736;1.492888848;1.433461372;1.376472443;1.321847506;1.269521613;1.219438561;1.171549933;1.125814097;1.082195186;1.040662110;1.001187621;0.963747438;0.928319479;0.894883175;0.863418900;0.833907511;0.806329992;0.780667206;0.756899751;0.735007907;0.714971666;0.696770838;0.680385220;0.665794813;0.652980078;0.641922221;0.632603482;0.625007442;0.619119300;0.614926146;0.612417197;0.611583995;0.612420562;0.614923502;0.619092049;0.624928058;0.632435933;0.641622498;0.652496814;0.665069933;0.679354614;0.695364992;0.713116205;0.732624011;0.753904372;0.776973048;0.801845189;0.828534951;0.857055145;0.887416934;0.919629586;0.953700302;0.989634131;1.027433978;1.067100723;1.108633449;1.152029800;1.197286460;1.244399763;1.293366427;1.344184409;1.396853876;1.451378266;1.507765436;1.566028854;1.626188818;1.688273661;;;;;;;;;;;;;;;;;;;;;;;;;;;;;;;;;;;;;
0.600;;;;;;;;;;;;;;;;;;;;;3.084841129;2.963742859;2.846306385;2.732774812;2.623286422;2.517895952;2.416592867;2.319316925;2.225971331;2.136433729;2.050565302;1.968218169;1.889241327;1.813485300;1.740805676;1.671065702;1.604138061;1.539905987;1.478263806;1.419117030;1.362382095;1.307985810;1.255864608;1.205963656;1.158235872;1.112640901;1.069144097;1.027715525;0.988329023;0.950961340;0.915591366;0.882199460;0.850766889;0.821275372;0.793706741;0.768042699;0.744264687;0.722353835;0.702291000;0.684056878;0.667632171;0.652997812;0.640135213;0.629026550;0.619655053;0.612005293;0.606063466;0.601817647;0.599258020;0.598377061;0.599169683;0.601633325;0.605767986;0.611576202;0.619062960;0.628235559;0.639103412;0.651677794;0.665971543;0.681998721;0.699774241;0.719313472;0.740631828;0.763744358;0.788665342;0.815407913;0.843983718;0.874402618;0.906672464;0.940798936;0.976785480;1.014633340;1.054341694;1.095907919;1.139327970;1.184596888;1.231709446;1.280660908;1.331447919;1.384069502;1.438528151;1.494830997;1.552991029;1.613028328;1.674971279;1.738857719;;;;;;;;;;;;;;;;;;;;;;;;;;;;;;;;;;;;
0.500;;;;;;;;;;;;;;;;;;;;3.188318074;3.064179426;2.943440037;2.826443619;2.713409166;2.604454986;2.499619441;2.398878740;2.302162064;2.209364332;2.120356851;2.034996097;1.953130854;1.874607903;1.799276472;1.726991585;1.657616506;1.591024383;1.527099241;1.465736442;1.406842693;1.350335719;1.296143671;1.244204328;1.194464183;1.146877438;1.101404972;1.058013303;1.016673600;0.977360741;0.940052455;0.904728561;0.871370301;0.839959790;0.810479573;0.782912288;0.757240438;0.733446264;0.711511704;0.691418435;0.673147988;0.656681921;0.642002036;0.629090638;0.617930804;0.608506675;0.600803737;0.594809094;0.590511714;0.587902649;0.586975207;0.587725087;0.590150452;0.594251952;0.600032690;0.607498125;0.616655922;0.627515739;0.640088971;0.654388443;0.670428062;0.688222446;0.707786518;0.729135105;0.752282524;0.777242185;0.804026226;0.832645175;0.863107670;0.895420251;0.929587216;0.965610576;1.003490113;1.043223546;1.084806809;1.128234473;1.173500275;1.220597792;1.269521231;1.320266350;1.372831474;1.427218616;1.483434663;1.541492611;1.601412809;1.663224174;1.726965332;;;;;;;;;;;;;;;;;;;;;;;;;;;;;;;;;;;;
0.400;;;;;;;;;;;;;;;;;;;;3.170160798;3.046268244;2.925873644;2.809294146;2.696726605;2.588271048;2.483950913;2.383730375;2.287529070;2.195234491;2.106712308;2.021814865;1.940388061;1.862276822;1.787329345;1.715400290;1.646353073;1.580061389;1.516410102;1.455295617;1.396625817;1.340319685;1.286306653;1.234525788;1.184924838;1.137459215;1.092090951;1.048787658;1.007521534;0.968268423;0.931006968;0.895717850;0.862383134;0.830985728;0.801508943;0.773936171;0.748250665;0.724435415;0.702473114;0.682346208;0.664037008;0.647527871;0.632801410;0.619840755;0.608629817;0.599153574;0.591398349;0.585352067;0.581004503;0.578347482;0.577375045;0.578083573;0.580471847;0.584541063;0.590294783;0.597738829;0.606881123;0.617731468;0.630301283;0.644603288;0.660651158;0.678459143;0.698041670;0.719412937;0.742586507;0.767574925;0.794389349;0.823039238;0.853532084;0.885873212;0.920065670;0.956110201;0.994005320;1.033747510;1.075331531;1.118750861;1.163998261;1.211066470;1.259949032;1.310641227;1.363141127;1.417450722;1.473577131;1.531533838;1.591341946;1.653031383;1.716642029;;;;;;;;;;;;;;;;;;;;;;;;;;;;;;;;;;;;
0.300;;;;;;;;;;;;;;;;;;;;3.154849022;3.031190482;2.911117595;2.794923277;2.682784253;2.574783999;2.470932495;2.371183128;2.275447026;2.183605112;2.095518126;2.011034842;1.929998721;1.852253168;1.777645607;1.706030510;1.637271557;1.571243052;1.507830717;1.446931982;1.388455867;1.332322542;1.278462648;1.226816447;1.177332845;1.129968367;1.084686099;1.041454645;1.000247136;0.961040294;0.923813586;0.888548473;0.855227768;0.823835095;0.794354467;0.766769964;0.741065528;0.717224837;0.695231283;0.675068022;0.656718089;0.640164578;0.625390853;0.612380804;0.601119109;0.591591512;0.583785093;0.577688522;0.573292293;0.570588915;0.569573069;0.570241722;0.572594172;0.576632059;0.582359300;0.589781978;0.598908174;0.609747736;0.622312014;0.636613538;0.652665674;0.670482237;0.690077104;0.711463806;0.734655133;0.759662758;0.786496884;0.815165943;0.845676346;0.878032305;0.912235741;0.948286282;0.986181366;1.025916459;1.067485398;1.110880855;1.156094930;1.203119875;1.251948944;1.302577352;1.355003339;1.409229327;1.465263130;1.523119199;1.582819869;1.644396556;1.707890855;;;;;;;;;;;;;;;;;;;;;;;;;;;;;;;;;;;;
0.200;;;;;;;;;;;;;;;;;;;;3.142463003;3.019018461;2.899236513;2.783388225;2.671632250;2.564037272;2.460601312;2.361268226;2.265941688;2.174496920;2.086790428;2.002667981;1.921971035;1.844541808;1.770227183;1.698881604;1.630369113;1.564564661;1.501354823;1.440638016;1.382324327;1.326335028;1.272601865;1.221066180;1.171677920;1.124394597;1.079180231;1.036004299;0.994840749;0.955667068;0.918463445;0.883212023;0.849896269;0.818500441;0.789009170;0.761407156;0.735678954;0.711808868;0.689780925;0.669578928;0.651186577;0.634587642;0.619766178;0.606706770;0.595394797;0.585816702;0.577960250;0.571814781;0.567371425;0.564623294;0.563565623;0.564195870;0.566513762;0.570521283;0.576222613;0.583623998;0.592733580;0.603561164;0.616117941;0.630416172;0.646468836;0.664289253;0.683890696;0.705285991;0.728487135;0.753504924;0.780348624;0.809025678;0.839541481;0.871899221;0.906099811;0.942141910;0.980022056;1.019734909;1.061273623;1.104630334;1.149796787;1.196765083;1.245528550;1.296082726;1.348426440;1.402562979;1.458501306;1.516257303;1.575855009;1.637327790;1.700719417;1.766084956;;;;;;;;;;;;;;;;;;;;;;;;;;;;;;;;;;;
0.100;;;;;;;;;;;;;;;;;;;;3.133070952;3.009813882;2.890285721;2.774738130;2.663313795;2.556068407;2.452989556;2.354012854;2.259035586;2.167928147;2.080543522;1.996725030;1.916312556;1.839147450;1.765076283;1.693953615;1.625643924;1.560022834;1.496977746;1.436408006;1.378224678;1.322350027;1.268716777;1.217267215;1.167952188;1.120730053;1.075565619;1.032429100;0.991295126;0.952141822;0.914949977;0.879702307;0.846382826;0.814976329;0.785467980;0.757843010;0.732086516;0.708183354;0.686118120;0.665875200;0.647438898;0.630793599;0.615923987;0.602815285;0.591453511;0.581825739;0.573920355;0.567727297;0.563238262;0.560446885;0.559348874;0.559942099;0.562226626;0.566204699;0.571880667;0.579260854;0.588353375;0.599167902;0.611715389;0.626007746;0.642057498;0.659877409;0.679480095;0.700877644;0.724081234;0.749100781;0.775944625;0.804619258;0.835129115;0.867476443;0.901661257;0.937681384;0.975532629;1.015209043;1.056703321;1.100007326;1.145112736;1.192011818;1.240698323;1.291168486;1.343422125;1.397463813;1.453304097;1.510960739;1.570459935;1.631837459;1.695139698;1.760424492;;;;;;;;;;;;;;;;;;;;;;;;;;;;;;;;;;;
0.000;;;;;;;;;;;;;;;;;;;;3.126728984;3.003627808;2.884311257;2.769014094;2.657865198;2.550909114;2.448124563;2.349440225;2.254748086;2.163914606;2.076789962;1.993215589;1.913030232;1.836074687;1.762195431;1.691247273;1.623095196;1.557615498;1.494696369;1.434238003;1.376152334;1.320362491;1.266802031;1.215414030;1.166150074;1.118969206;1.073836863;1.030723836;0.989605290;0.950459846;0.913268760;0.878015193;0.844683593;0.813259186;0.783727569;0.756074417;0.730285286;0.706345510;0.684240182;0.663954211;0.645472438;0.628779807;0.613861575;0.600703543;0.589292311;0.579615527;0.571662138;0.565422615;0.560889155;0.558055851;0.556918810;0.557476239;0.559728466;0.563677915;0.569329025;0.576688112;0.585763185;0.596563704;0.609100305;0.623384480;0.639428233;0.657243709;0.676842825;0.698236889;0.721436237;0.746449902;0.773285304;0.801948015;0.832441562;0.864767326;0.898924522;0.934910275;0.972719808;1.012346745;1.053783539;1.097022019;1.142054069;1.188872423;1.237471583;1.287848838;1.340005373;1.393947445;1.449687605;1.507245925;1.566651190;1.627942020;1.691167848;1.756389698;;;;;;;;;;;;;;;;;;;;;;;;;;;;;;;;;;;
-0.100;;;;;;;;;;;;;;;;;;;;3.123481117;3.000500691;2.881349917;2.766249239;2.655315950;2.548585344;2.446028880;2.347569653;2.253095463;2.162469744;2.075540598;1.992148146;1.912130425;1.835327995;1.761587451;1.690763980;1.622723120;1.557341840;1.494509063;1.434125739;1.376104549;1.320369336;1.266854330;1.215503224;1.166268167;1.119108705;1.073990730;1.030885440;0.989768369;0.950618479;0.913417346;0.878148442;0.844796523;0.813347131;0.783786193;0.756099734;0.730273682;0.706293771;0.684145522;0.663814300;0.645285426;0.628544345;0.613576832;0.600369216;0.588908625;0.579183231;0.571182486;0.564897342;0.560320438;0.557446261;0.556271258;0.556793905;0.559014724;0.562936247;0.568562931;0.575901012;0.584958315;0.595744018;0.608268369;0.622542371;0.638577445;0.656385067;0.675976402;0.697361943;0.720551163;0.745552196;0.772371555;0.801013911;0.831481929;0.863776191;0.897895201;0.933835494;0.971591854;1.011157647;1.052525279;1.095686769;1.140634458;1.187361830;1.235864446;1.286140982;1.338194345;1.392032855;1.447671460;1.505132946;1.564449104;1.625661813;1.688823956;1.754000136;;;;;;;;;;;;;;;;;;;;;;;;;;;;;;;;;;;
-0.200;;;;;;;;;;;;;;;;;;;;3.123359306;3.000462424;2.881429321;2.766468782;2.655688799;2.549117371;2.446720347;2.348416622;2.254090957;2.163604697;2.076804613;1.993530099;1.913618925;1.836911735;1.763255453;1.692505767;1.624528821;1.559202237;1.496415609;1.436070534;1.378080304;1.322369317;1.268872299;1.217533374;1.168305059;1.121147215;1.076025995;1.032912822;0.991783422;0.952616931;0.915395088;0.880101531;0.846721194;0.815239813;0.785643534;0.757918632;0.732051323;0.708027660;0.685833523;0.665454665;0.646876833;0.630085921;0.615068171;0.601810393;0.590300200;0.580526241;0.572478428;0.566148147;0.561528431;0.558614111;0.557401918;0.557890543;0.560080640;0.563974790;0.569577402;0.576894565;0.585933859;0.596704109;0.609215110;0.623477318;0.639501510;0.657298439;0.676878475;0.698251261;0.721425377;0.746408048;0.773204879;0.801819660;0.832254232;0.864508431;0.898580129;0.934465374;0.972158637;1.011653176;1.052941527;1.096016105;1.140869942;1.187497528;1.235895769;1.286065033;1.338010284;1.391742256;1.447278660;1.504645375;1.563877589;1.625020823;1.688131798;1.753279063;;;;;;;;;;;;;;;;;;;;;;;;;;;;;;;;;;;
-0.300;;;;;;;;;;;;;;;;;;;;3.126383530;3.003532437;2.884568015;2.769690135;2.658999850;2.552519881;2.450212177;2.351992860;2.257744840;2.167328335;2.080589558;1.997367778;1.917500953;1.840830135;1.767202798;1.696475254;1.628514293;1.563198179;1.500417098;1.440073183;1.382080188;1.326362898;1.272856343;1.221504881;1.172261194;1.125085252;1.079943269;1.036806696;0.995651265;0.956456108;0.919202965;0.883875488;0.850458647;0.818938246;0.789300540;0.761531953;0.735618895;0.711547662;0.689304421;0.668875258;0.650246285;0.633403798;0.618334465;0.605025536;0.593465069;0.583642155;0.575547131;0.569171775;0.564509477;0.561555371;0.560306429;0.560761507;0.562921346;0.566788521;0.572367337;0.579663683;0.588684830;0.599439195;0.611936062;0.626185280;0.642196929;0.659980989;0.679546991;0.700903689;0.724058747;0.749018461;0.775787527;0.804368866;0.834763517;0.866970622;0.900987485;0.936809754;0.974431696;1.013846597;1.055047279;1.098026741;1.142778910;1.189299519;1.237587075;1.287643926;1.339477393;1.393100944;1.448535394;1.505810069;1.564963906;1.626046431;1.689118556;1.754253117;;;;;;;;;;;;;;;;;;;;;;;;;;;;;;;;;;;
-0.400;;;;;;;;;;;;;;;;;;;;3.132561917;3.009719828;2.890775604;2.775923038;2.665258692;2.558802095;2.456513063;2.358306435;2.264064491;2.173647325;2.086901395;2.003666467;1.923781163;1.847087282;1.773433070;1.702675593;1.634682339;1.569332186;1.506515840;1.446135850;1.388106279;1.332352117;1.278808504;1.227419823;1.178138708;1.130925022;1.085744831;1.042569408;1.001374298;0.962138445;0.924843417;0.889472723;0.856011225;0.824444666;0.794759292;0.766941574;0.740978028;0.716855113;0.694559218;0.674076699;0.655393989;0.638497741;0.623375010;0.610013455;0.598401549;0.588528795;0.580385926;0.573965088;0.569259997;0.566266059;0.564980451;0.565402162;0.567531977;0.571372422;0.576927656;0.584203316;0.593206317;0.603944613;0.616426925;0.630662442;0.646660500;0.664430256;0.683980358;0.705318637;0.728451808;0.753385221;0.780122651;0.808666154;0.839015990;0.871170636;0.905126884;0.940880054;0.978424300;1.017753052;1.058859557;1.101737556;1.146382060;1.192790251;1.240962470;1.290903296;1.342622681;1.396137122;1.451470844;1.508656935;1.567738408;1.628769124;1.691814504;1.756951985;;;;;;;;;;;;;;;;;;;;;;;;;;;;;;;;;;;
-0.500;;;;;;;;;;;;;;;;;;;;3.141890917;3.019023538;2.900052920;2.785169722;2.674468545;2.567967899;2.465627305;2.367361855;2.273054482;2.182566200;2.095744546;2.012430441;1.932463662;1.855687113;1.781950054;1.711110440;1.643036509;1.577607738;1.514715277;1.454261969;1.396162028;1.340340465;1.286732330;1.235281813;1.185941281;1.138670269;1.093434476;1.050204789;1.008956359;0.969667757;0.932320201;0.896896893;0.863382443;0.831762399;0.802022881;0.774150304;0.748131201;0.723952120;0.701599603;0.681060227;0.662320698;0.645367990;0.630189516;0.616773315;0.605108257;0.595184235;0.586992362;0.580525133;0.575776571;0.572742332;0.571419778;0.571808001;0.573907803;0.577721630;0.583253455;0.590508624;0.599493653;0.610215990;0.622683746;0.636905404;0.652889505;0.670644340;0.690177633;0.711496252;0.734605932;0.759511052;0.786214451;0.814717317;0.845019137;0.877117747;0.911009467;0.946689341;0.984151492;1.023389582;1.064397404;1.107169575;1.151702349;1.197994540;1.246048525;1.295871336;1.347475799;1.400881698;1.456116941;1.513218662;1.572234244;1.633222169;1.696252660;1.761408028;;;;;;;;;;;;;;;;;;;;;;;;;;;;;;;;;;;
-0.600;;;;;;;;;;;;;;;;;;;;3.154355527;3.031432567;2.912392233;2.797425100;2.686626448;2.580016018;2.477554951;2.379160204;2.284716697;2.194087454;2.107121972;2.023663014;1.943552037;1.866633432;1.792757727;1.721783920;1.653581063;1.588029218;1.525019911;1.464456157;1.406252164;1.350332781;1.296632758;1.245095877;1.195674012;1.148326145;1.103017385;1.059718014;1.018402588;0.979049107;0.941638262;0.906152782;0.872576874;0.840895761;0.811095317;0.783161801;0.757081674;0.732841500;0.710427915;0.689827665;0.671027692;0.654015261;0.638778117;0.625304667;0.613584158;0.603606870;0.595364284;0.588849235;0.584056045;0.580980612;0.579620470;0.579974797;0.582044393;0.585831599;0.591340178;0.598575154;0.607542608;0.618249442;0.630703119;0.644911370;0.660881902;0.678622094;0.698138705;0.719437599;0.742523498;0.767399779;0.794068325;0.822529440;0.852781839;0.884822728;0.918647974;0.954252391;0.991630119;1.030775134;1.071681862;1.114345909;1.158764908;1.204939454;1.252874132;1.302578620;1.354068824;1.407368041;1.462508097;1.519530424;1.578487022;1.639441253;1.702468392;1.767655859;;;;;;;;;;;;;;;;;;;;;;;;;;;;;;;;;;;
-0.700;;;;;;;;;;;;;;;;;;;;3.169929557;3.046926232;2.927777492;2.812677006;2.701723470;2.594940209;2.492291985;2.393699299;2.299050460;2.208211654;2.121035259;2.037366612;1.957049410;1.879929938;1.805860274;1.734700629;1.666320946;1.600601874;1.537435250;1.476724150;1.418382621;1.362335164;1.308516024;1.256868358;1.207343319;1.159899107;1.114500014;1.071115503;1.029719324;0.990288710;0.952803642;0.917246211;0.883600071;0.851849985;0.821981468;0.793980520;0.767833447;0.743526757;0.721047126;0.700381425;0.681516798;0.664440777;0.649141427;0.635607508;0.623828648;0.613795507;0.605499937;0.598935118;0.594095670;0.590977735;0.589579014;0.589898770;0.591937789;0.595698294;0.601183820;0.608399044;0.617349587;0.628041776;0.640482385;0.654678360;0.670636530;0.688363321;0.707864485;0.729144842;0.752208060;0.777056482;0.803691005;0.832111029;0.862314480;0.894297930;0.928056808;0.963585712;1.000878842;1.039930535;1.080735920;1.123291681;1.167596930;1.213654167;1.261470328;1.311057889;1.362436015;1.415631700;1.470680891;1.527629524;1.586534433;1.647464074;1.710498982;1.775731891;;;;;;;;;;;;;;;;;;;;;;;;;;;;;;;;;;;
-0.800;;;;;;;;;;;;;;;;;;;;3.188575945;3.065474471;2.946184619;2.830906458;2.719744961;2.612729493;2.509830528;2.410973878;2.316052711;2.224937585;2.137484747;2.053542880;1.972958520;1.895580290;1.821262129;1.749865656;1.681261798;1.615331813;1.551967793;1.491072772;1.432560490;1.376354921;1.322389604;1.270606849;1.220956864;1.173396840;1.127890028;1.084404848;1.042914037;1.003393863;0.965823417;0.930183985;0.896458518;0.864631188;0.834687033;0.806611700;0.780391258;0.756012093;0.733460869;0.712724545;0.693790440;0.676646337;0.661280613;0.647682384;0.635841658;0.625749487;0.617398107;0.610781053;0.605893259;0.602731118;0.601292506;0.601576778;0.603584705;0.607318389;0.612781125;0.619977233;0.628911850;0.639590703;0.652019849;0.666205413;0.682153307;0.699868966;0.719357090;0.740621412;0.763664506;0.788487640;0.815090686;0.843472109;0.873629022;0.905557346;0.939252061;0.974707557;1.011918107;1.050878439;1.091584429;1.134033900;1.178227516;1.224169774;1.271870067;1.321343797;1.372613520;1.425710082;1.480673708;1.537555009;1.596415826;1.657329885;1.720383149;1.785673823;;;;;;;;;;;;;;;;;;;;;;;;;;;;;;;;;;;
-0.900;;;;;;;;;;;;;;;;;;;;3.210247112;3.087038178;2.967581826;2.852087968;2.740670841;2.633368421;2.530159086;2.430975817;2.335718193;2.244262429;2.156469677;2.072192805;1.991281830;1.913588197;1.838968049;1.767284636;1.698409994;1.632226021;1.568625036;1.507509935;1.448794015;1.392400552;1.338262182;1.286320159;1.236523523;1.188828226;1.143196256;1.099594774;1.057995293;1.018372922;0.980705679;0.944973880;0.911159627;0.879246368;0.849218557;0.821061390;0.794760621;0.770302456;0.747673498;0.726860764;0.707851728;0.690634416;0.675197515;0.661530506;0.649623794;0.639468841;0.631058284;0.624386039;0.619447375;0.616238955;0.614758855;0.615006527;0.616982745;0.620689490;0.626129820;0.633307686;0.642227731;0.652895061;0.665314993;0.679492796;0.695433433;0.713141307;0.732620021;0.753872177;0.776899207;0.801701256;0.828277129;0.856624312;0.886739068;0.918616638;0.952251524;0.987637896;1.024770092;1.063643239;1.104253981;1.146601306;1.190687480;1.236519058;1.284107961;1.333472605;1.384639039;1.437642070;1.492526327;1.549347221;1.608171735;1.669078993;1.732160515;1.797520093;;;;;;;;;;;;;;;;;;;;;;;;;;;;;;;;;;;
-1.000;;;;;;;;;;;;;;;;;;;;3.234885352;3.111569588;2.991929976;2.876189876;2.764475913;2.656837365;2.553262822;2.453694385;2.358039689;2.266181964;2.177988382;2.093316885;2.012021672;1.933957540;1.858983217;1.786963842;1.717772714;1.651292429;1.587415519;1.526044669;1.467092611;1.410481763;1.356143672;1.304018329;1.254053389;1.206203347;1.160428706;1.116695151;1.074972769;1.035235315;0.997459553;0.961624670;0.927711772;0.895703457;0.865583484;0.837336509;0.810947900;0.786403624;0.763690188;0.742794634;0.723704582;0.706408299;0.690894793;0.677153924;0.665176515;0.654954468;0.646480853;0.639749999;0.634757538;0.631500440;0.629977001;0.630186803;0.632130633;0.635810370;0.641228839;0.648389623;0.657296866;0.667955037;0.680368689;0.694542213;0.710479585;0.728184134;0.747658326;0.768903581;0.791920136;0.816706963;0.843261743;0.871580932;0.901659894;0.933493137;0.967074652;1.002398349;1.039458608;1.078250936;1.118772735;1.161024167;1.205009113;1.250736212;1.298219957;1.347481827;1.398551428;1.451467602;1.506279462;1.563047307;1.621843351;1.682752204;1.745871028;1.811309273;;;;;;;;;;;;;;;;;;;;;;;;;;;;;;;;;;;
-1.100;;;;;;;;;;;;;;;;;;;;3.262423263;3.139012677;3.019182975;2.903174726;2.791130213;2.683112849;2.579123857;2.479116525;2.383008276;2.290690807;2.202038499;2.116915325;2.035180424;1.956692529;1.881313383;1.808910310;1.739358055;1.672540005;1.608348914;1.546687204;1.487466938;1.430609530;1.376045265;1.323712675;1.273557822;1.225533531;1.179598605;1.135717043;1.093857303;1.053991598;1.016095264;0.980146197;0.946124366;0.914011399;0.883790253;0.855444958;0.828960428;0.804322341;0.781517070;0.760531669;0.741353894;0.723972259;0.708376108;0.694555707;0.682502330;0.672208351;0.663667318;0.656874008;0.651824464;0.648515998;0.646947166;0.647117708;0.649028456;0.652681208;0.658078566;0.665223758;0.674120421;0.684772382;0.697183413;0.711356998;0.727296095;0.745002919;0.764478750;0.785723776;0.808736983;0.833516105;0.860057642;0.888356951;0.918408435;0.950205811;0.983742496;1.019012089;1.056008960;1.094728958;1.135170209;1.177334022;1.221225882;1.266856508;1.314242967;1.363409821;1.414390257;1.467227186;1.521974245;1.578696667;1.637471943;1.698390218;1.761554331;1.827079421;;;;;;;;;;;;;;;;;;;;;;;;;;;;;;;;;;;
-1.200;;;;;;;;;;;;;;;;;;;;3.292784188;3.169303596;3.049288178;2.932999648;2.820599383;2.712167896;2.607721603;2.507227156;2.410613615;2.317782680;2.228617214;2.142988258;2.060760718;1.981797899;1.905965040;1.833131995;1.763175176;1.695978887;1.631436146;1.569449082;1.509929004;1.452796198;1.397979529;1.345415885;1.295049542;1.246831446;1.200718494;1.156672800;1.114660993;1.074653560;1.036624241;1.000549486;0.966407988;0.934180286;0.903848437;0.875395763;0.848806662;0.824066474;0.801161414;0.780078531;0.760805720;0.743331754;0.727646339;0.713740175;0.701605029;0.691233794;0.682620539;0.675760545;0.670650311;0.667287541;0.665671097;0.665800919;0.667677917;0.671303835;0.676681079;0.683812526;0.692701318;0.703350629;0.715763439;0.729942300;0.745889119;0.763604958;0.783089860;0.804342723;0.827361221;0.852141785;0.878679657;0.906969025;0.937003250;0.968775182;1.002277588;1.037503682;1.074447756;1.113105932;1.153477004;1.195563376;1.239372089;1.284915907;1.332214445;1.381295326;1.432195307;1.484961362;1.539651654;1.596336353;1.655098232;1.716032972;1.779249089;1.844867392;;;;;;;;;;;;;;;;;;;;;;;;;;;;;;;;;;;
-1.300;;;;;;;;;;;;;;;;;;;;;3.202371112;3.082186818;2.965616774;2.852845053;2.743972397;2.639033107;2.538009509;2.440844254;2.347450693;2.257721535;2.171536006;2.088765673;2.009279123;1.932945629;1.859637965;1.789234481;1.721620559;1.656689553;1.594343304;1.534492309;1.477055622;1.421960541;1.369142152;1.318542755;1.270111228;1.223802364;1.179576195;1.137397335;1.097234369;1.059059272;1.022846900;0.988574541;0.956221529;0.925768925;0.897199267;0.870496378;0.845645227;0.822631839;0.801443256;0.782067517;0.764493674;0.748711824;0.734713146;0.722489942;0.712035678;0.703345001;0.696413751;0.691238946;0.687818736;0.686152340;0.686239947;0.688082589;0.691681989;0.697040383;0.704160321;0.713044450;0.723695295;0.736115029;0.750305251;0.766266785;0.783999495;0.803502139;0.824772263;0.847806159;0.872598879;0.899144326;0.927435432;0.957464427;0.989223200;1.022703777;1.057898890;1.094802664;1.133411405;1.173724487;1.215745332;1.259482463;1.304950617;1.352171900;1.401176937;1.452006009;1.504710110;1.559351887;1.616006412;1.674761704;1.735718940;1.798992265;1.864708103;;;;;;;;;;;;;;;;;;;;;;;;;;;;;;;;;;;
-1.400;;;;;;;;;;;;;;;;;;;;;3.238137053;3.117814429;3.000973642;2.887825240;2.778493485;2.673033411;2.571445461;2.473687957;2.379687656;2.289348579;2.202559343;2.119199156;2.039142661;1.962263768;1.888438620;1.817547822;1.749478041;1.684123080;1.621384525;1.561172032;1.503403339;1.448004068;1.394907346;1.344053333;1.295388660;1.248865829;1.204442605;1.162081411;1.121748755;1.083414693;1.047052343;1.012637460;0.980148065;0.949564135;0.920867352;0.894040912;0.869069373;0.845938561;0.824635503;0.805148397;0.787466600;0.771580637;0.757482210;0.745164215;0.734620745;0.725847092;0.718839721;0.713596229;0.710115279;0.708396506;0.708440403;0.710248171;0.713821556;0.719162654;0.726273708;0.735156887;0.745814065;0.758246598;0.772455111;0.788439313;0.806197824;0.825728061;0.847026155;0.870086941;0.894904006;0.921469825;0.949775975;0.979813451;1.011573074;1.045046016;1.080224417;1.117102119;1.155675502;1.195944411;1.237913175;1.281591697;1.326996591;1.374152353;1.423092528;1.473860833;1.526512199;1.581113684;1.637745184;1.696499886;1.757484384;1.820818363;;;;;;;;;;;;;;;;;;;;;;;;;;;;;;;;;;;;
-1.500;;;;;;;;;;;;;;;;;;;;;3.276516729;3.156101264;3.039013597;2.925494727;2.815695906;2.709695906;2.607515875;2.509132023;2.414486386;2.323495870;2.236059787;2.152066052;2.071396219;1.993929505;1.919545933;1.848128737;1.779566122;1.713752496;1.650589259;1.589985230;1.531856784;1.476127764;1.422729219;1.371599017;1.322681374;1.275926335;1.231289223;1.188730100;1.148213237;1.109706617;1.073181488;1.038611950;1.005974609;0.975248272;0.946413700;0.919453413;0.894351533;0.871093668;0.849666838;0.830059416;0.812261098;0.796262876;0.782057030;0.769637106;0.758997896;0.750135403;0.743046787;0.737730297;0.734185178;0.732411547;0.732410261;0.734182746;0.737730813;0.743056456;0.750161638;0.759048064;0.769716961;0.782168859;0.796403388;0.812419105;0.830213344;0.849782119;0.871120078;0.894220515;0.919075463;0.945675866;0.974011837;1.004073017;1.035849040;1.069330092;1.104507592;1.141374967;1.179928532;1.220168471;1.262099887;1.305733928;1.351088959;1.398191741;1.447078614;1.497796611;1.550404488;1.604973598;1.661588545;1.720347572;1.781362567;1.844758631;;;;;;;;;;;;;;;;;;;;;;;;;;;;;;;;;;;;
-1.600;;;;;;;;;;;;;;;;;;;;;3.317419324;3.196972671;3.079676162;2.965805429;2.855542368;2.748992669;2.646200930;2.547163604;2.451840010;2.360161630;2.272039879;2.187372538;2.106049014;2.027954574;1.952973703;1.880992695;1.811901599;1.745595631;1.681976119;1.620951083;1.562435514;1.506351411;1.452627640;1.401199648;1.352009094;1.305003404;1.260135303;1.217362331;1.176646370;1.137953193;1.101252043;1.066515257;1.033717925;1.002837606;0.973854080;0.946749148;0.921506467;0.898111425;0.876551040;0.856813884;0.838890025;0.822770975;0.808449645;0.795920298;0.785178495;0.776221023;0.769045816;0.763651853;0.760039031;0.758208025;0.758160117;0.759897016;0.763420651;0.768732952;0.775835631;0.784729947;0.795416484;0.807894938;0.822163923;0.838220807;0.856061590;0.875680821;0.897071587;0.920225555;0.945133105;0.971783537;1.000165379;1.030266792;1.062076081;1.095582305;1.130776011;1.167650055;1.206200537;1.246427815;1.288337610;1.331942160;1.377261418;1.424324258;1.473169659;1.523847823;1.576421179;1.630965222;1.687569120;1.746336017;1.807382941;1.870840245;;;;;;;;;;;;;;;;;;;;;;;;;;;;;;;;;;;;
-1.700;;;;;;;;;;;;;;;;;;;;;;3.240349427;3.122897363;3.008706707;2.897993853;2.790894769;2.687480416;2.587769995;2.491742253;2.399345060;2.310503456;2.225126350;2.143112032;2.064352651;1.988737803;1.916157338;1.846503520;1.779672622;1.715566058;1.654091130;1.595161457;1.538697160;1.484624842;1.432877428;1.383393889;1.336118894;1.291002423;1.247999350;1.207069029;1.168174886;1.131284042;1.096366959;1.063397126;1.032350777;1.003206655;0.975945802;0.950551394;0.927008591;0.905304421;0.885427683;0.867368857;0.851120025;0.836674793;0.824028209;0.813176676;0.804117847;0.796850510;0.791374452;0.787690305;0.785799370;0.785703431;0.787404537;0.790904787;0.796206093;0.803309945;0.812217174;0.822927728;0.835440460;0.849752945;0.865861327;0.883760217;0.903442635;0.924900025;0.948122334;0.973098177;0.999815094;1.028259896;1.058419121;1.090279591;1.123829083;1.159057102;1.195955764;1.234520772;1.274752483;1.316657053;1.360247623;1.405545555;1.452581651;1.501397347;1.552045830;1.604593020;1.659118379;1.715715452;1.774492101;1.835570306;;;;;;;;;;;;;;;;;;;;;;;;;;;;;;;;;;;;;
-1.800;;;;;;;;;;;;;;;;;;;;;;3.286147982;3.168609978;3.054145619;2.943009863;2.835372511;2.731333976;2.630938876;2.534187673;2.441046572;2.351455884;2.265337014;2.182598266;2.103139588;2.026856415;1.953642725;1.883393424;1.816006150;1.751382612;1.689429514;1.630059158;1.573189782;1.518745682;1.466657174;1.416860438;1.369297267;1.323914766;1.280665010;1.239504693;1.200394775;1.163300140;1.128189277;1.095033986;1.063809110;1.034492301;1.007063812;0.981506315;0.957804744;0.935946153;0.915919597;0.897716011;0.881328101;0.866750230;0.853978308;0.843009655;0.833842873;0.826477687;0.820914776;0.817155587;0.815202130;0.815056755;0.816721919;0.820199947;0.825492775;0.832601704;0.841527158;0.852268454;0.864823593;0.879189086;0.895359814;0.913328945;0.933087899;0.954626390;0.977932544;1.002993099;1.029793703;1.058319308;1.088554675;1.120484982;1.154096546;1.189377651;1.226319480;1.264917146;1.305170805;1.347086841;1.390679097;1.435970132;1.482992468;1.531789792;1.582418064;1.634946490;1.689458283;1.746051160;1.804837484;1.865943969;;;;;;;;;;;;;;;;;;;;;;;;;;;;;;;;;;;;;
-1.900;;;;;;;;;;;;;;;;;;;;;;3.334280610;3.216743689;3.102067076;2.990548585;2.882395607;2.777741283;2.676658487;2.579171841;2.485267978;2.394904246;2.308016039;2.224522906;2.144333605;2.067350231;1.993471531;1.922595547;1.854621655;1.789452118;1.726993211;1.667156015;1.609856915;1.555017883;1.502566575;1.452436296;1.404565864;1.358899394;1.315386046;1.273979738;1.234638847;1.197325920;1.162007377;1.128653253;1.097236934;1.067734934;1.040126685;1.014394342;0.990522613;0.968498598;0.948311638;0.929953168;0.913416574;0.898697045;0.885791420;0.874698024;0.865416486;0.857947556;0.852292891;0.848454837;0.846436187;0.846239935;0.847869013;0.851326023;0.856612973;0.863731008;0.872680164;0.883459132;0.896065053;0.910493346;0.926737590;0.944789449;0.964638668;0.986273144;1.009679072;1.034841191;1.061743118;1.090367799;1.120698051;1.152717234;1.186410015;1.221763261;1.258767019;1.297415599;1.337708736;1.379652822;1.423262174;1.468560319;1.515581270;1.564370729;1.614987202;1.667502942;1.722004685;1.778594077;1.837387747;1.898516899;;;;;;;;;;;;;;;;;;;;;;;;;;;;;;;;;;;;;
-2.000;;;;;;;;;;;;;;;;;;;;;;;3.267225101;3.152413878;3.040566935;2.931933227;2.826682099;2.724917703;2.626691430;2.532012580;2.440857450;2.353177030;2.268903464;2.187955435;2.110242598;2.035669201;1.964136991;1.895547513;1.829803901;1.766812225;1.706482479;1.648729269;1.593472261;1.540636424;1.490152135;1.441955152;1.395986511;1.352192352;1.310523712;1.270936286;1.233390183;1.197849675;1.164282953;1.132661889;1.102961817;1.075161315;1.049242012;1.025188394;1.002987623;0.982629359;0.964105583;0.947410420;0.932539949;0.919492015;0.908266024;0.898862722;0.891283966;0.885532479;0.881611588;0.879524953;0.879276283;0.880869049;0.884306190;0.889589828;0.896720987;0.905699333;0.916522936;0.929188064;0.943689020;0.960018033;0.978165204;0.998118524;1.019863976;1.043385713;1.068666344;1.095687317;1.124429404;1.154873312;1.187000389;1.220793462;1.256237767;1.293321997;1.332039432;1.372389156;1.414377327;1.458018491;1.503336901;1.550367807;1.599158678;1.649770311;1.702277755;1.756771010;1.813355400;1.872151559;;;;;;;;;;;;;;;;;;;;;;;;;;;;;;;;;;;;;;
-2.100;;;;;;;;;;;;;;;;;;;;;;;3.319977593;3.205126584;3.093020452;2.983953920;2.878136219;2.775705991;2.676744183;2.581285162;2.489326227;2.400835708;2.315759811;2.234028361;2.155559584;2.080264035;2.008047814;1.938815140;1.872470396;1.808919721;1.748072208;1.689840797;1.634142901;1.580900810;1.530041943;1.481498942;1.435209687;1.391117213;1.349169585;1.309319724;1.271525217;1.235748105;1.201954671;1.170115216;1.140203850;1.112198276;1.086079583;1.061832039;1.039442887;1.018902140;1.000202369;0.983338493;0.968307548;0.955108460;0.943741795;0.934209497;0.926514620;0.920661035;0.916653136;0.914495527;0.914192705;0.915748747;0.919166983;0.924449695;0.931597818;0.940610665;0.951485688;0.964218269;0.978801566;0.995226410;1.013481276;1.033552319;1.055423506;1.079076834;1.104492648;1.131650071;1.160527543;1.191103472;1.223357006;1.257268918;1.292822599;1.330005157;1.368808605;1.409231127;1.451278398;1.494964937;1.540315458;1.587366186;1.636166092;1.686777994;1.739279470;1.793763515;1.850338859;1.909129866;;;;;;;;;;;;;;;;;;;;;;;;;;;;;;;;;;;;;;
-2.200;;;;;;;;;;;;;;;;;;;;;;;;3.260143191;3.147863007;3.038425344;2.932083225;2.829013195;2.729328729;2.633091827;2.540322999;2.451009799;2.365114085;2.282578162;2.203329929;2.127287159;2.054361030;1.984459013;1.917487186;1.853352084;1.791962140;1.733228785;1.677067270;1.623397247;1.572143173;1.523234546;1.476606032;1.432197494;1.389953946;1.349825457;1.311767012;1.275738352;1.241703786;1.209631994;1.179495823;1.151272075;1.124941288;1.100487516;1.077898102;1.057163442;1.038276741;1.021233765;1.006032573;0.992673242;0.981157576;0.971488801;0.963671247;0.957710022;0.953610663;0.951378799;0.951019787;0.952538370;0.955938328;0.961222143;0.968390691;0.977442950;0.988375754;1.001183585;1.015858423;1.032389655;1.050764059;1.070965872;1.092976942;1.116776986;1.142343949;1.169654476;1.198684498;1.229409942;1.261807553;1.295855836;1.331536111;1.368833663;1.407738992;1.448249127;1.490368999;1.534112833;1.579505535;1.626584030;1.675398514;1.726013549;1.778508965;1.832980473;1.889539927;1.948315145;;;;;;;;;;;;;;;;;;;;;;;;;;;;;;;;;;;;;;
-2.300;;;;;;;;;;;;;;;;;;;;;;;;3.317398564;3.205046274;3.095313785;2.988502046;2.884829132;2.784444209;2.687439661;2.593861575;2.503718758;2.416990451;2.333632893;2.253584869;2.176772373;2.103112483;2.032516570;1.964892924;1.900148870;1.838192470;1.778933851;1.722286235;1.668166712;1.616496804;1.567202859;1.520216298;1.475473757;1.432917138;1.392493588;1.354155425;1.317860020;1.283569652;1.251251331;1.220876604;1.192421345;1.165865532;1.141193008;1.118391227;1.097451000;1.078366206;1.061133510;1.045752053;1.032223131;1.020549862;1.010736830;1.002789725;0.996714967;0.992519321;0.990209509;0.989791822;0.991271730;0.994653511;0.999939891;1.007131714;1.016227638;1.027223878;1.040114001;1.054888773;1.071536087;1.090040956;1.110385609;1.132549672;1.156510460;1.182243374;1.209722422;1.238920855;1.269811927;1.302369774;1.336570417;1.372392871;1.409820360;1.448841618;1.489452261;1.531656209;1.575467121;1.620909818;1.668021650;1.716853754;1.767472160;1.819958664;1.874411412;1.930945103;;;;;;;;;;;;;;;;;;;;;;;;;;;;;;;;;;;;;;;
-2.400;;;;;;;;;;;;;;;;;;;;;;;;;3.264518931;3.154583403;3.047370252;2.943142932;2.842089670;2.744336166;2.649956627;2.558983296;2.471414664;2.387222486;2.306357770;2.228755830;2.154340555;2.083027956;2.014729119;1.949352619;1.886806493;1.826999818;1.769843965;1.715253571;1.663147290;1.613448334;1.566084869;1.520990275;1.478103290;1.437368083;1.398734244;1.362156716;1.327595695;1.295016472;1.264389257;1.235688974;1.208895025;1.183991039;1.160964601;1.139806955;1.120512692;1.103079423;1.087507426;1.073799282;1.061959489;1.051994064;1.043910132;1.037715503;1.033418242;1.031026239;1.030546779;1.031986120;1.035349087;1.040638688;1.047855760;1.056998653;1.068062963;1.081041320;1.095923244;1.112695078;1.131340003;1.151838151;1.174166819;1.198300794;1.224212794;1.251874031;1.281254898;1.312325785;1.345058016;1.379424907;1.415402937;1.452973026;1.492121890;1.532843475;1.575140422;1.619025553;1.664523331;1.711671250;1.760521115;1.811140140;1.863611811;1.918036435;;;;;;;;;;;;;;;;;;;;;;;;;;;;;;;;;;;;;;;;
-2.500;;;;;;;;;;;;;;;;;;;;;;;;;3.326225524;3.216195165;3.108663050;3.003942097;2.902263176;2.803788435;2.708622915;2.616824651;2.528413394;2.443378136;2.361683553;2.283275502;2.208085685;2.136035579;2.067039729;2.001008488;1.937850274;1.877473423;1.819787673;1.764705364;1.712142371;1.662018821;1.614259639;1.568794929;1.525560238;1.484496709;1.445551151;1.408676030;1.373829404;1.340974802;1.310081063;1.281122128;1.254076811;1.228928524;1.205664986;1.184277895;1.164762587;1.147117658;1.131344573;1.117447254;1.105431643;1.095305258;1.087076729;1.080755326;1.076350484;1.073871327;1.073326196;1.074722188;1.078064723;1.083357124;1.090600246;1.099792141;1.110927779;1.123998836;1.138993549;1.155896658;1.174689440;1.195349844;1.217852731;1.242170238;1.268272257;1.296127047;1.325701971;1.356964365;1.389882536;1.424426880;1.460571114;1.498293613;1.537578830;1.578418783;1.620814576;1.664777929;1.710332677;1.757516191;1.806380673;1.856994254;1.909441845;1.963825646;;;;;;;;;;;;;;;;;;;;;;;;;;;;;;;;;;;;;;;;
-2.600;;;;;;;;;;;;;;;;;;;;;;;;;;3.280105404;3.172351921;3.067211210;2.964960593;2.865801997;2.769874211;2.677263575;2.588013275;2.502131396;2.419597863;2.340370404;2.264389645;2.191583441;2.121870545;2.055163684;1.991372130;1.930403836;1.872167183;1.816572400;1.763532713;1.712965245;1.664791711;1.618938949;1.575339294;1.533930831;1.494657545;1.457469377;1.422322199;1.389177736;1.358003414;1.328772166;1.301462195;1.276056688;1.252543499;1.230914796;1.211166678;1.193298762;1.177313744;1.163216933;1.151015775;1.140719348;1.132337848;1.125882071;1.121362885;1.118790707;1.118174990;1.119523722;1.122842956;1.128136364;1.135404839;1.144646142;1.155854612;1.169020948;1.184132070;1.201171062;1.220117229;1.240946247;1.263630441;1.288139175;1.314439379;1.342496206;1.372273818;1.403736318;1.436848796;1.471578520;1.507896223;1.545777508;1.585204327;1.626166524;1.668663417;1.712705372;1.758315343;1.805530325;1.854402661;1.905001152;1.957411887;;;;;;;;;;;;;;;;;;;;;;;;;;;;;;;;;;;;;;;;;
-2.700;;;;;;;;;;;;;;;;;;;;;;;;;;3.346263943;3.238402837;3.132930244;3.030173979;2.930379303;2.833721853;2.740318973;2.650239620;2.563512976;2.480135927;2.400079522;2.323294527;2.249716191;2.179268302;2.111866635;2.047421854;1.985841949;1.927034259;1.870907142;1.817371340;1.766341075;1.717734919;1.671476465;1.627494835;1.585725036;1.546108194;1.508591678;1.473129137;1.439680441;1.408211566;1.378694405;1.351106523;1.325430866;1.301655420;1.279772827;1.259779965;1.241677495;1.225469377;1.211162351;1.198765411;1.188289248;1.179745680;1.173147085;1.168505819;1.165833647;1.165141184;1.166437353;1.169728877;1.175019806;1.182311087;1.191600196;1.202880835;1.216142708;1.231371378;1.248548226;1.267650514;1.288651568;1.311521072;1.336225506;1.362728706;1.390992573;1.420977911;1.452645409;1.485956762;1.520875907;1.557370390;1.595412824;1.634982435;1.676066672;1.718662832;1.762779696;1.808439104;1.855677443;1.904546974;1.955116941;2.007474397;;;;;;;;;;;;;;;;;;;;;;;;;;;;;;;;;;;;;;;;;
-2.800;;;;;;;;;;;;;;;;;;;;;;;;;;;3.306773996;3.201072401;3.097889535;2.997517766;2.900172887;2.806006136;2.715114742;2.627551146;2.543331047;2.462440389;2.384841410;2.310477860;2.239279488;2.171165868;2.106049662;2.043839375;1.984441678;1.927763337;1.873712812;1.822201564;1.773145108;1.726463839;1.682083680;1.639936549;1.599960686;1.562100855;1.526308432;1.492541392;1.460764218;1.430947722;1.403068803;1.377110143;1.353059846;1.330911021;1.310661335;1.292312507;1.275869781;1.261341363;1.248737831;1.238071528;1.229355946;1.222605088;1.217832850;1.215052389;1.214275527;1.215512161;1.218769717;1.224052646;1.231361965;1.240694871;1.252044423;1.265399307;1.280743697;1.298057224;1.317315046;1.338488059;1.361543219;1.386444012;1.413151062;1.441622881;1.471816765;1.503689836;1.537200217;1.572308339;1.608978368;1.647179733;1.686888738;1.728090226;1.770779273;1.814962869;1.860661538;1.907910861;1.956762822;2.007286927;;;;;;;;;;;;;;;;;;;;;;;;;;;;;;;;;;;;;;;;;;
-2.900;;;;;;;;;;;;;;;;;;;;;;;;;;;;3.271601424;3.168085032;3.067207311;2.969227735;2.874334517;2.782655840;2.694269728;2.609212688;2.527487266;2.449068620;2.373910222;2.301948792;2.233108537;2.167304796;2.104447136;2.044441983;1.987194836;1.932612117;1.880602698;1.831079148;1.783958735;1.739164211;1.696624406;1.656274656;1.618057086;1.581920759;1.547821708;1.515722877;1.485593954;1.457411134;1.431156804;1.406819158;1.384391766;1.363873072;1.345265858;1.328576667;1.313815186;1.300993607;1.290125959;1.281227437;1.274313715;1.269400263;1.266501674;1.265631011;1.266799180;1.270014338;1.275281357;1.282601342;1.291971212;1.303383377;1.316825488;1.332280303;1.349725657;1.369134553;1.390475386;1.413712303;1.438805702;1.465712886;1.494388860;1.524787285;1.556861570;1.590566119;1.625857698;1.662696930;1.701049893;1.740889796;1.782198705;1.824969305;1.869206624;1.914929710;1.962173179;2.010988592;;;;;;;;;;;;;;;;;;;;;;;;;;;;;;;;;;;;;;;;;;;
-3.000;;;;;;;;;;;;;;;;;;;;;;;;;;;;;3.240726654;3.139427355;3.040877302;2.945304968;2.852872361;2.763685573;2.677804074;2.595248855;2.516009563;2.440050719;2.367317125;2.297738546;2.231233749;2.167713971;2.107085877;2.049254074;1.994123228;1.941599826;1.891593636;1.844018884;1.798795200;1.755848339;1.715110723;1.676521808;1.640028301;1.605584249;1.573151003;1.542697078;1.514197919;1.487635575;1.462998303;1.440280099;1.419480172;1.400602358;1.383654498;1.368647768;1.355595987;1.344514893;1.335421409;1.328332906;1.323266462;1.320238137;1.319262265;1.320350788;1.323512621;1.328753076;1.336073355;1.345470108;1.356935090;1.370454906;1.386010873;1.403578996;1.423130078;1.444629957;1.468039901;1.493317143;1.520415575;1.549286597;1.579880124;1.612145738;1.646034000;1.681497884;1.718494338;1.756985955;1.796942713;1.838343774;1.881179298;1.925452234;1.971180036;2.018396253;2.067151932;;;;;;;;;;;;;;;;;;;;;;;;;;;;;;;;;;;;;;;;;;;
-3.100;;;;;;;;;;;;;;;;;;;;;;;;;;;;;3.315765176;3.214143143;3.115099469;3.018906384;2.925762782;2.835805493;2.749119253;2.665745487;2.585690032;2.508929897;2.435419182;2.365094218;2.297878034;2.233684213;2.172420202;2.113990141;2.058297264;2.005245917;1.954743231;1.906700505;1.861034308;1.817667349;1.776529130;1.737556411;1.700693507;1.665892424;1.633112867;1.602322120;1.573494821;1.546612631;1.521663822;1.498642782;1.477549451;1.458388699;1.441169650;1.425904966;1.412610093;1.401302484;1.392000809;1.384724153;1.379491224;1.376319570;1.375224823;1.376219984;1.379314745;1.384514878;1.391821693;1.401231579;1.412735636;1.426319417;1.441962781;1.459639884;1.479319290;1.500964243;1.524533080;1.549979811;1.577254850;1.606305918;1.637079101;1.669520074;1.703575461;1.739194353;1.776329933;1.814941215;1.854994861;1.896467042;1.939345322;1.983630501;2.029338388;2.076501425;;;;;;;;;;;;;;;;;;;;;;;;;;;;;;;;;;;;;;;;;;;;
-3.200;;;;;;;;;;;;;;;;;;;;;;;;;;;;;;3.291301359;3.191854877;3.095111657;3.001310739;2.910622537;2.823159531;2.738985716;2.658124947;2.580568287;2.506280449;2.435205436;2.367271454;2.302395182;2.240485448;2.181446406;2.125180225;2.071589385;2.020578584;1.972056324;1.925936195;1.882137896;1.840588014;1.801220595;1.763977516;1.728808689;1.695672112;1.664533773;1.635367436;1.608154314;1.582882633;1.559547121;1.538148407;1.518692356;1.501189351;1.485653516;1.472101916;1.460553716;1.451029333;1.443549575;1.438134791;1.434804035;1.433574256;1.434459530;1.437470346;1.442612952;1.449888784;1.459293977;1.470818986;1.484448311;1.500160352;1.517927401;1.537715772;1.559486090;1.583193736;1.608789458;1.636220156;1.665429828;1.696360688;1.728954450;1.763153758;1.798903771;1.836153860;1.874859423;1.914983771;1.956500063;1.999393253;2.043661996;2.089320471;;;;;;;;;;;;;;;;;;;;;;;;;;;;;;;;;;;;;;;;;;;;;
-3.300;;;;;;;;;;;;;;;;;;;;;;;;;;;;;;;3.271081931;3.173872873;3.079480406;2.988111568;2.899909225;2.814962234;2.733314442;2.654972648;2.579913609;2.508090201;2.439436807;2.373874022;2.311312728;2.251657616;2.194810213;2.140671442;2.089143799;2.040133146;1.993550193;1.949311680;1.907341289;1.867570332;1.829938208;1.794392680;1.760889966;1.729394686;1.699879656;1.672325559;1.646720511;1.623059509;1.601343814;1.581580235;1.563780369;1.547959774;1.534137103;1.522333220;1.512570276;1.504870803;1.499256795;1.495748819;1.494365152;1.495120964;1.498027557;1.503091673;1.510314891;1.519693113;1.531216159;1.544867492;1.560624064;1.578456311;1.598328300;1.620198039;1.644017948;1.669735516;1.697294120;1.726634029;1.757693582;1.790410527;1.824723530;1.860573820;1.897906973;1.936674789;1.976837263;2.018364587;2.061239169;2.105457598;;;;;;;;;;;;;;;;;;;;;;;;;;;;;;;;;;;;;;;;;;;;;;
-3.400;;;;;;;;;;;;;;;;;;;;;;;;;;;;;;;;3.255115659;3.160211062;3.068224027;2.979330633;2.893647046;2.811239224;2.732131515;2.656314265;2.583750523;2.514381941;2.448133928;2.384920150;2.324646430;2.267214107;2.212522906;2.160473378;2.110968929;2.063917506;2.019232950;1.976836061;1.936655398;1.898627842;1.862698941;1.828823064;1.796963376;1.767091655;1.739187972;1.713240240;1.689243651;1.667200017;1.647117030;1.629007442;1.612888193;1.598779491;1.586703862;1.576685177;1.568747676;1.562914993;1.559209213;1.557649947;1.558253472;1.561031920;1.565992552;1.573137111;1.582461289;1.593954306;1.607598611;1.623369735;1.641236289;1.661160124;1.683096657;1.706995385;1.732800564;1.760452086;1.789886533;1.821038406;1.853841542;1.888230684;1.924143202;1.961520951;2.000312232;2.040473829;2.081973097;2.124790048;;;;;;;;;;;;;;;;;;;;;;;;;;;;;;;;;;;;;;;;;;;;;;;
-3.500;;;;;;;;;;;;;;;;;;;;;;;;;;;;;;;;;3.243410729;3.150881818;3.061358142;2.974985799;2.891855123;2.812009957;2.735455900;2.662167584;2.592095107;2.525169673;2.461308535;2.400419293;2.342403609;2.287160406;2.234588580;2.184589291;2.137067856;2.091935295;2.049109550;2.008516417;1.970090214;1.933774211;1.899520843;1.867291725;1.837057502;1.808797527;1.782499412;1.758158445;1.735776904;1.715363277;1.696931399;1.680499530;1.666089378;1.653725093;1.643432229;1.635236714;1.629163810;1.625237114;1.623477580;1.623902603;1.626525168;1.631353075;1.638388269;1.647626269;1.659055732;1.672658146;1.688407670;1.706271146;1.726208264;1.748171923;1.772108758;1.797959874;1.825661760;1.855147397;1.886347556;1.919192272;1.953612489;1.989541857;2.026918670;2.065687901;2.105803327;2.147229688;;;;;;;;;;;;;;;;;;;;;;;;;;;;;;;;;;;;;;;;;;;;;;;;
-3.600;;;;;;;;;;;;;;;;;;;;;;;;;;;;;;;;;;3.235970197;3.145891386;3.058891191;2.975086741;2.894543466;2.817284000;2.743296077;2.672539516;2.604952380;2.540456383;2.478961607;2.420370603;2.364581923;2.311493138;2.261003394;2.213015535;2.167437848;2.124185451;2.083181369;2.044357315;2.007654208;1.973022457;1.940422029;1.909822318;1.881201848;1.854547813;1.829855485;1.807127504;1.786373053;1.767606964;1.750848737;1.736121516;1.723451017;1.712864438;1.704389360;1.698052658;1.693879433;1.691891984;1.692108841;1.694543864;1.699205430;1.706095727;1.715210155;1.726536870;1.740056465;1.755741809;1.773558060;1.793462847;1.815406648;1.839333360;1.865181058;1.892882968;1.922368624;1.953565231;1.986399205;2.020797894;2.056691454;2.094014859;2.132710032;2.172728038;;;;;;;;;;;;;;;;;;;;;;;;;;;;;;;;;;;;;;;;;;;;;;;;;
-3.700;;;;;;;;;;;;;;;;;;;;;;;;;;;;;;;;;;;3.232787347;3.145235355;3.060820118;2.979630884;2.901709239;2.827057646;2.755647024;2.687423443;2.622314024;2.560232105;2.501081738;2.444761585;2.391168256;2.340199142;2.291754789;2.245740854;2.202069679;2.160661509;2.121445405;2.084359864;2.049353172;2.016383530;1.985418962;1.956437029;1.929424381;1.904376146;1.881295199;1.860191311;1.841080205;1.823982529;1.808922781;1.795928179;1.785027512;1.776249979;1.769624040;1.765176292;1.762930386;1.762906003;1.765117912;1.769575113;1.776280093;1.785228206;1.796407194;1.809796852;1.825368869;1.843086843;1.862906480;1.884775993;1.908636706;1.934423850;1.962067591;1.991494238;2.022627672;2.055390958;2.089708138;2.125506189;2.162717119;2.201280175;;;;;;;;;;;;;;;;;;;;;;;;;;;;;;;;;;;;;;;;;;;;;;;;;;
-3.800;;;;;;;;;;;;;;;;;;;;;;;;;;;;;;;;;;;;;3.148894298;3.067126277;2.988599643;2.913333338;2.841310857;2.772487517;2.706796873;2.644156353;2.584472182;2.527643659;2.473566827;2.422137616;2.373254471;2.326820538;2.282745432;2.240946620;2.201350467;2.163892966;2.128520177;2.095188411;2.063864184;2.034523956;2.007153682;1.981748208;1.958310507;1.936850806;1.917385599;1.899936582;1.884529513;1.871193036;1.859957468;1.850853585;1.843911406;1.839159014;1.836621418;1.836319479;1.838268916;1.842479413;1.848953835;1.857687588;1.868668107;1.881874525;1.897277499;1.914839236;1.934513708;1.956247070;1.979978301;2.005640044;2.033159678;2.062460591;2.093463670;2.126088987;2.160257671;2.195893947;;;;;;;;;;;;;;;;;;;;;;;;;;;;;;;;;;;;;;;;;;;;;;;;;;;;
-3.900;;;;;;;;;;;;;;;;;;;;;;;;;;;;;;;;;;;;;;3.156829651;3.077771638;3.001954962;2.929377282;2.860004494;2.793777693;2.730619302;2.670438448;2.613135638;2.558606790;2.506746689;2.457451900;2.410623194;2.366167520;2.323999572;2.284042975;2.246231134;2.210507772;2.176827177;2.145154211;2.115464072;2.087741868;2.061981999;2.038187386;2.016368571;1.996542688;1.978732356;1.962964497;1.949269092;1.937677925;1.928223296;1.920936758;1.915847875;1.912983029;1.912364294;1.914008400;1.917925791;1.924119818;1.932586057;1.943311790;1.956275654;1.971447472;1.988788280;2.008250557;2.029778676;2.053309571;2.078773625;2.106095792;2.135196929;2.165995360;2.198408629;2.232355457;;;;;;;;;;;;;;;;;;;;;;;;;;;;;;;;;;;;;;;;;;;;;;;;;;;;;
-4.000;;;;;;;;;;;;;;;;;;;;;;;;;;;;;;;;;;;;;;;;3.092695262;3.019636127;2.949780359;2.883077781;2.819456792;2.758830209;2.701100368;2.646163539;2.593913719;2.544245835;2.497058434;2.452255875;2.409750088;2.369461913;2.331322087;2.295271871;2.261263394;2.229259700;2.199234563;2.171172065;2.145065993;2.120919051;2.098741934;2.078552275;2.060373491;2.044233550;2.030163685;2.018197069;2.008367484;2.000707989;1.995249630;1.992020185;1.991042995;1.992335875;1.995910137;2.001769744;2.009910605;2.020320036;2.032976396;2.047848922;2.064897755;2.084074198;2.105321183;2.128573980;2.153761128;2.180805611;2.209626256;2.240139359;;;;;;;;;;;;;;;;;;;;;;;;;;;;;;;;;;;;;;;;;;;;;;;;;;;;;;;
-4.100;;;;;;;;;;;;;;;;;;;;;;;;;;;;;;;;;;;;;;;;;3.111810047;3.041556832;2.974456984;2.910445927;2.849441019;2.791347103;2.736061323;2.683477271;2.633488509;2.585991529;2.540888191;2.498087672;2.457507993;2.419077127;2.382733760;2.348427704;2.316120024;2.285782883;2.257399159;2.230961838;2.206473227;2.183944012;2.163392165;2.144841763;2.128321706;2.113864379;2.101504277;2.091276612;2.083215936;2.077354780;2.073722363;2.072343360;2.073236773;2.076414915;2.081882528;2.089636055;2.099663080;2.111941959;2.126441647;2.143121743;2.161932755;2.182816605;2.205707369;2.230532260;2.257212853;2.285666555;;;;;;;;;;;;;;;;;;;;;;;;;;;;;;;;;;;;;;;;;;;;;;;;;;;;;;;;
-4.200;;;;;;;;;;;;;;;;;;;;;;;;;;;;;;;;;;;;;;;;;;;3.067602435;3.003294208;2.941997842;2.883621418;2.828063520;2.775217756;2.724976623;2.677234752;2.631891599;2.588853621;2.548035976;2.509363794;2.472773051;2.438211092;2.405636821;2.375020606;2.346343920;2.319598756;2.294786838;2.271918657;2.251012369;2.232092564;2.215188950;2.200334969;2.187566366;2.176919746;2.168431140;2.162134594;2.158060820;2.156235924;2.156680226;2.159407208;2.164422602;2.171723631;2.181298441;2.193125717;2.207174513;2.223404308;2.241765289;2.262198890;2.284638566;2.309010828;;;;;;;;;;;;;;;;;;;;;;;;;;;;;;;;;;;;;;;;;;;;;;;;;;;;;;;;;;
-4.300;;;;;;;;;;;;;;;;;;;;;;;;;;;;;;;;;;;;;;;;;;;;;3.036149294;2.977593874;2.921861720;2.868846921;2.818441234;2.770537644;2.725033324;2.681832045;2.640846070;2.601997600;2.565219775;2.530457310;2.497666765;2.466816514;2.437886424;2.410867289;2.385760051;2.362574826;2.341329780;2.322049871;2.304765492;2.289511045;2.276323462;2.265240711;2.256300306;2.249537850;2.244985635;2.242671318;2.242616704;2.244836659;2.249338158;2.256119515;2.265169791;2.276468404;2.289984967;2.305679350;2.323501992;2.343394463;;;;;;;;;;;;;;;;;;;;;;;;;;;;;;;;;;;;;;;;;;;;;;;;;;;;;;;;;;;;
-4.400;;;;;;;;;;;;;;;;;;;;;;;;;;;;;;;;;;;;;;;;;;;;;;;;2.963996081;2.913536429;2.865576133;2.820010220;2.776739821;2.735674285;2.696732797;2.659845536;2.624954421;2.592013484;2.560988899;2.531858714;2.504612319;2.479249668;2.455780313;2.434222258;2.414600680;2.396946540;2.381295111;2.367684455;2.356153889;2.346742434;2.339487318;2.334422525;2.331577423;2.330975517;2.332633313;2.336559350;2.342753401;2.351205868;2.361897394;2.374798696;;;;;;;;;;;;;;;;;;;;;;;;;;;;;;;;;;;;;;;;;;;;;;;;;;;;;;;;;;;;;;;
-4.500;;;;;;;;;;;;;;;;;;;;;;;;;;;;;;;;;;;;;;;;;;;;;;;;;;2.961940405;2.916437116;2.873215408;2.832181703;2.793252095;2.756353673;2.721425400;2.688418586;2.657297001;2.628036663;2.600625339;2.575061793;2.551354821;2.529522097;2.509588872;2.491586561;2.475551228;2.461522032;2.449539636;2.439644623;2.431875944;2.426269422;2.422856346;2.421662177;2.422705386;2.425996455;2.431537062;;;;;;;;;;;;;;;;;;;;;;;;;;;;;;;;;;;;;;;;;;;;;;;;;;;;;;;;;;;;;;;;;;
-4.600;;;;;;;;;;;;;;;;;;;;;;;;;;;;;;;;;;;;;;;;;;;;;;;;;;;;;;2.891155255;2.854368348;2.819517699;2.786551711;2.755431540;2.726130962;2.698635907;2.672943746;2.649062331;2.627008840;2.606808466;2.588492973;2.572099157;2.557667253;2.545239305;2.534857535;2.526562753;2.520392821;2.516381203;;;;;;;;;;;;;;;;;;;;;;;;;;;;;;;;;;;;;;;;;;;;;;;;;;;;;;;;;;;;;;;;;;;;;;
-4.700;;;;;;;;;;;;;;;;;;;;;;;;;;;;;;;;;;;;;;;;;;;;;;;;;;;;;;;;;;;;;;;;;;;;;;;;;;;;;;;;;;;;;;;;;;;;;;;;;;;;;;;;;;;;;;;;;;;;;;;;;;;;;;;;;;;;;;;;;;;;;;
-4.800;;;;;;;;;;;;;;;;;;;;;;;;;;;;;;;;;;;;;;;;;;;;;;;;;;;;;;;;;;;;;;;;;;;;;;;;;;;;;;;;;;;;;;;;;;;;;;;;;;;;;;;;;;;;;;;;;;;;;;;;;;;;;;;;;;;;;;;;;;;;;;
-4.900;;;;;;;;;;;;;;;;;;;;;;;;;;;;;;;;;;;;;;;;;;;;;;;;;;;;;;;;;;;;;;;;;;;;;;;;;;;;;;;;;;;;;;;;;;;;;;;;;;;;;;;;;;;;;;;;;;;;;;;;;;;;;;;;;;;;;;;;;;;;;;
-5.000;;;;;;;;;;;;;;;;;;;;;;;;;;;;;;;;;;;;;;;;;;;;;;;;;;;;;;;;;;;;;;;;;;;;;;;;;;;;;;;;;;;;;;;;;;;;;;;;;;;;;;;;;;;;;;;;;;;;;;;;;;;;;;;;;;;;;;;;;;;;;;
-5.100;;;;;;;;;;;;;;;;;;;;;;;;;;;;;;;;;;;;;;;;;;;;;;;;;;;;;;;;;;;;;;;;;;;;;;;;;;;;;;;;;;;;;;;;;;;;;;;;;;;;;;;;;;;;;;;;;;;;;;;;;;;;;;;;;;;;;;;;;;;;;;
-5.200;;;;;;;;;;;;;;;;;;;;;;;;;;;;;;;;;;;;;;;;;;;;;;;;;;;;;;;;;;;;;;;;;;;;;;;;;;;;;;;;;;;;;;;;;;;;;;;;;;;;;;;;;;;;;;;;;;;;;;;;;;;;;;;;;;;;;;;;;;;;;;
-5.300;;;;;;;;;;;;;;;;;;;;;;;;;;;;;;;;;;;;;;;;;;;;;;;;;;;;;;;;;;;;;;;;;;;;;;;;;;;;;;;;;;;;;;;;;;;;;;;;;;;;;;;;;;;;;;;;;;;;;;;;;;;;;;;;;;;;;;;;;;;;;;
-5.400;;;;;;;;;;;;;;;;;;;;;;;;;;;;;;;;;;;;;;;;;;;;;;;;;;;;;;;;;;;;;;;;;;;;;;;;;;;;;;;;;;;;;;;;;;;;;;;;;;;;;;;;;;;;;;;;;;;;;;;;;;;;;;;;;;;;;;;;;;;;;;
-5.500;;;;;;;;;;;;;;;;;;;;;;;;;;;;;;;;;;;;;;;;;;;;;;;;;;;;;;;;;;;;;;;;;;;;;;;;;;;;;;;;;;;;;;;;;;;;;;;;;;;;;;;;;;;;;;;;;;;;;;;;;;;;;;;;;;;;;;;;;;;;;;
-5.600;;;;;;;;;;;;;;;;;;;;;;;;;;;;;;;;;;;;;;;;;;;;;;;;;;;;;;;;;;;;;;;;;;;;;;;;;;;;;;;;;;;;;;;;;;;;;;;;;;;;;;;;;;;;;;;;;;;;;;;;;;;;;;;;;;;;;;;;;;;;;;
-5.700;;;;;;;;;;;;;;;;;;;;;;;;;;;;;;;;;;;;;;;;;;;;;;;;;;;;;;;;;;;;;;;;;;;;;;;;;;;;;;;;;;;;;;;;;;;;;;;;;;;;;;;;;;;;;;;;;;;;;;;;;;;;;;;;;;;;;;;;;;;;;;
-5.800;;;;;;;;;;;;;;;;;;;;;;;;;;;;;;;;;;;;;;;;;;;;;;;;;;;;;;;;;;;;;;;;;;;;;;;;;;;;;;;;;;;;;;;;;;;;;;;;;;;;;;;;;;;;;;;;;;;;;;;;;;;;;;;;;;;;;;;;;;;;;;
-5.900;;;;;;;;;;;;;;;;;;;;;;;;;;;;;;;;;;;;;;;;;;;;;;;;;;;;;;;;;;;;;;;;;;;;;;;;;;;;;;;;;;;;;;;;;;;;;;;;;;;;;;;;;;;;;;;;;;;;;;;;;;;;;;;;;;;;;;;;;;;;;;
-6.000;;;;;;;;;;;;;;;;;;;;;;;;;;;;;;;;;;;;;;;;;;;;;;;;;;;;;;;;;;;;;;;;;;;;;;;;;;;;;;;;;;;;;;;;;;;;;;;;;;;;;;;;;;;;;;;;;;;;;;;;;;;;;;;;;;;;;;;;;;;;;;
-6.100;;;;;;;;;;;;;;;;;;;;;;;;;;;;;;;;;;;;;;;;;;;;;;;;;;;;;;;;;;;;;;;;;;;;;;;;;;;;;;;;;;;;;;;;;;;;;;;;;;;;;;;;;;;;;;;;;;;;;;;;;;;;;;;;;;;;;;;;;;;;;;
-6.200;;;;;;;;;;;;;;;;;;;;;;;;;;;;;;;;;;;;;;;;;;;;;;;;;;;;;;;;;;;;;;;;;;;;;;;;;;;;;;;;;;;;;;;;;;;;;;;;;;;;;;;;;;;;;;;;;;;;;;;;;;;;;;;;;;;;;;;;;;;;;;
-6.300;;;;;;;;;;;;;;;;;;;;;;;;;;;;;;;;;;;;;;;;;;;;;;;;;;;;;;;;;;;;;;;;;;;;;;;;;;;;;;;;;;;;;;;;;;;;;;;;;;;;;;;;;;;;;;;;;;;;;;;;;;;;;;;;;;;;;;;;;;;;;;
-6.400;;;;;;;;;;;;;;;;;;;;;;;;;;;;;;;;;;;;;;;;;;;;;;;;;;;;;;;;;;;;;;;;;;;;;;;;;;;;;;;;;;;;;;;;;;;;;;;;;;;;;;;;;;;;;;;;;;;;;;;;;;;;;;;;;;;;;;;;;;;;;;
-6.500;;;;;;;;;;;;;;;;;;;;;;;;;;;;;;;;;;;;;;;;;;;;;;;;;;;;;;;;;;;;;;;;;;;;;;;;;;;;;;;;;;;;;;;;;;;;;;;;;;;;;;;;;;;;;;;;;;;;;;;;;;;;;;;;;;;;;;;;;;;;;;
-6.600;;;;;;;;;;;;;;;;;;;;;;;;;;;;;;;;;;;;;;;;;;;;;;;;;;;;;;;;;;;;;;;;;;;;;;;;;;;;;;;;;;;;;;;;;;;;;;;;;;;;;;;;;;;;;;;;;;;;;;;;;;;;;;;;;;;;;;;;;;;;;;
-6.700;;;;;;;;;;;;;;;;;;;;;;;;;;;;;;;;;;;;;;;;;;;;;;;;;;;;;;;;;;;;;;;;;;;;;;;;;;;;;;;;;;;;;;;;;;;;;;;;;;;;;;;;;;;;;;;;;;;;;;;;;;;;;;;;;;;;;;;;;;;;;;
-6.800;;;;;;;;;;;;;;;;;;;;;;;;;;;;;;;;;;;;;;;;;;;;;;;;;;;;;;;;;;;;;;;;;;;;;;;;;;;;;;;;;;;;;;;;;;;;;;;;;;;;;;;;;;;;;;;;;;;;;;;;;;;;;;;;;;;;;;;;;;;;;;
-6.900;;;;;;;;;;;;;;;;;;;;;;;;;;;;;;;;;;;;;;;;;;;;;;;;;;;;;;;;;;;;;;;;;;;;;;;;;;;;;;;;;;;;;;;;;;;;;;;;;;;;;;;;;;;;;;;;;;;;;;;;;;;;;;;;;;;;;;;;;;;;;;
-7.000;;;;;;;;;;;;;;;;;;;;;;;;;;;;;;;;;;;;;;;;;;;;;;;;;;;;;;;;;;;;;;;;;;;;;;;;;;;;;;;;;;;;;;;;;;;;;;;;;;;;;;;;;;;;;;;;;;;;;;;;;;;;;;;;;;;;;;;;;;;;;;
[SYSTEM];;
Name;Pentacam;
Version;1.25r15;
SerialNo;xxxx;
Registered User;...;
File Date;xxxx;
Matrixsize X;141;
Matrixsize Y;141;
Matrix-Res. X/Y;100;

[PATIENT];;
LastName;last;
FirstName;first;
Eye;OD;
DateOfBirth;xxxx;
Sex;...;
PatientID;;

[EXAMINATION];;
Date;;
Time;;
Surgeon;...;
OP;...;
TestNo;...;
Comments;...;
Max. Diameter;11.96;

[GENERAL DATA];;
Cornea Front Rh;7.76;
Cornea Front Rv;7.58;
Cornea Front Axis;155.0;
Cornea Front Astig;1.1;
Cornea Front Exz;-0.06;Q-val. (8mm);
Pachy Apex;557;
Pachy Min;553;
Pachy Min X;-0.46;
Pachy Min Y;-0.33;
Chamber Height;4.45;
Chamber Angle;48.25;
KKS;# C.Surg.?;
QS Status;OK;
QS Error;0;
K Max (Front);46.83;
K Max X (Front);2.46;
K Max Y (Front);2.06;

[PUPIL];
Pupil Dia;5.42;
XPupil;-274;
YPupil;-129;

X;Y;
2441;0;
2438;60;
2434;120;
2428;179;
2421;238;
2412;297;
2402;356;
2391;415;
2379;473;
2366;531;
2350;589;
2334;646;
2317;703;
2298;759;
2278;815;
2257;871;
2234;925;
2211;980;
2186;1034;
2160;1087;
2132;1140;
2104;1192;
2074;1243;
2043;1294;
2011;1344;
1978;1393;
1943;1441;
1908;1489;
1872;1536;
1834;1582;
1796;1627;
1756;1672;
1715;1715;
1674;1758;
1631;1800;
1588;1841;
1543;1880;
1498;1919;
1452;1957;
1405;1994;
1357;2030;
1308;2065;
1258;2099;
1208;2132;
1156;2164;
1105;2194;
1052;2224;
998;2252;
944;2279;
889;2306;
834;2331;
778;2355;
721;2377;
664;2399;
606;2419;
547;2438;
489;2456;
429;2472;
369;2487;
308;2501;
248;2514;
186;2525;
125;2535;
62;2543;
0;2550;
-63;2556;
-126;2561;
-189;2564;
-253;2565;
-316;2565;
-380;2564;
-444;2561;
-508;2556;
-573;2550;
-637;2543;
-701;2534;
-765;2523;
-830;2511;
-894;2497;
-957;2482;
-1021;2465;
-1085;2447;
-1148;2427;
-1211;2405;
-1273;2382;
-1335;2357;
-1397;2330;
-1458;2302;
-1518;2273;
-1578;2241;
-1638;2208;
-1697;2174;
-1754;2138;
-1812;2100;
-1868;2061;
-1923;2020;
-1978;1978;
-2032;1934;
-2084;1889;
-2136;1842;
-2186;1794;
-2235;1745;
-2283;1693;
-2330;1641;
-2376;1587;
-2420;1532;
-2463;1476;
-2504;1419;
-2544;1360;
-2582;1300;
-2619;1239;
-2654;1177;
-2688;1114;
-2720;1049;
-2750;984;
-2779;918;
-2806;851;
-2831;784;
-2855;715;
-2876;646;
-2896;576;
-2913;506;
-2930;435;
-2944;363;
-2955;291;
-2965;219;
-2974;146;
-2980;73;
-2985;0;
-2986;-73;
-2986;-147;
-2985;-220;
-2981;-294;
-2976;-367;
-2968;-440;
-2958;-513;
-2946;-586;
-2932;-658;
-2917;-731;
-2899;-802;
-2879;-873;
-2858;-944;
-2834;-1014;
-2809;-1084;
-2783;-1153;
-2753;-1220;
-2722;-1287;
-2689;-1354;
-2655;-1419;
-2619;-1484;
-2581;-1547;
-2541;-1609;
-2500;-1670;
-2457;-1730;
-2413;-1789;
-2367;-1847;
-2319;-1903;
-2270;-1958;
-2219;-2011;
-2167;-2064;
-2114;-2114;
-2060;-2163;
-2004;-2211;
-1947;-2257;
-1888;-2301;
-1829;-2344;
-1769;-2385;
-1707;-2424;
-1645;-2462;
-1582;-2498;
-1518;-2532;
-1453;-2565;
-1387;-2595;
-1321;-2623;
-1254;-2650;
-1186;-2676;
-1118;-2699;
-1049;-2720;
-980;-2739;
-911;-2757;
-841;-2773;
-771;-2787;
-701;-2799;
-631;-2808;
-560;-2817;
-490;-2823;
-419;-2828;
-349;-2830;
-279;-2831;
-209;-2830;
-139;-2827;
-69;-2823;
0;-2816;
69;-2808;
137;-2798;
206;-2787;
273;-2774;
340;-2759;
407;-2742;
473;-2724;
538;-2704;
602;-2683;
666;-2660;
729;-2636;
792;-2610;
853;-2582;
914;-2554;
973;-2524;
1032;-2492;
1090;-2459;
1147;-2425;
1203;-2390;
1258;-2353;
1312;-2315;
1365;-2277;
1416;-2237;
1467;-2195;
1516;-2153;
1565;-2110;
1612;-2065;
1658;-2020;
1703;-1974;
1746;-1927;
1789;-1879;
1830;-1830;
1870;-1780;
1908;-1729;
1946;-1678;
1982;-1626;
2016;-1573;
2050;-1520;
2082;-1466;
2113;-1412;
2142;-1356;
2170;-1301;
2197;-1244;
2222;-1188;
2246;-1131;
2269;-1073;
2290;-1015;
2310;-957;
2329;-898;
2346;-839;
2362;-780;
2376;-721;
2389;-661;
2401;-601;
2411;-541;
2420;-481;
2428;-421;
2433;-361;
2438;-301;
2442;-240;
2444;-180;
2444;-120;
2444;-60;
[CORNEA EDGE];;
Cornea Center Pos X (related to apex, [mm]);-0.62;
Cornea Center Pos Y (related to apex, [mm]);-0.04;
Iris Image existing in Examination;1;
Iris Image Apex Pixel Position X;363.96;
Iris Image Apex Pixel Position Y;235.72;
Iris Image mm per Pixel;0.0210;
Left Cornea-Edge X (related to Apex, [µm]);Left Cornea-Edge Y (related to Apex, [µm]);
-5919;1923;
-5983;1706;
-6039;1486;
-6088;1265;
-6129;1043;
-6161;819;
-6186;594;
-6202;369;
-6210;143;
-6210;-83;
-6201;-308;
-6184;-533;
-6159;-756;
-6125;-979;
-6084;-1200;
-6035;-1419;
-5979;-1636;
-5915;-1851;
-5845;-2063;
-5769;-2274;
-5686;-2481;
-5597;-2686;
-5502;-2889;
-5402;-3088;
;;
;;
;;
;;
;;
;;
;;
;;
;;
;;
;;
;;
;;
;;
;;
;;
Right Cornea-Edge X (related to Apex, [µm]);Right Cornea-Edge Y (related to Apex, [µm]);
4525;-2543;
4583;-2379;
4636;-2214;
4685;-2050;
4730;-1886;
4771;-1722;
4808;-1558;
4841;-1393;
4870;-1229;
4895;-1065;
4916;-900;
4934;-736;
4947;-571;
4956;-407;
4961;-243;
4962;-78;
4959;86;
4952;250;
4941;415;
4925;579;
4906;743;
4883;907;
4856;1070;
4826;1234;
4791;1397;
;;
;;
;;
;;
;;
;;
;;
;;
;;
;;
;;
;;
;;
;;
;;
[GENERAL DATA 2];;
Chamber Angle @ 180°;48.2;
Chamber Angle @ 0°;81.4;
Chamber Volume [mm³];172;
AXL Axial Length [mm];;
AXL SNR;;
HWTW;11.2;
