C:\RK-3\Data\PA000001\ED0000010003R.DAT;
000:  0.3960   0.6795   0.9045   1.1260   1.3705   1.6185   1.9075   2.1970   2.4240   2.6530   2.9540   3.2700   3.5550   3.8535   4.1465   4.4735   4.7845   5.0180   5.2330   0.0000   0.0000   0.0000   0.0000;
001:  0.3955   0.6790   0.9045   1.1260   1.3705   1.6185   1.9070   2.1965   2.4235   2.6520   2.9530   3.2695   3.5550   3.8540   4.1475   4.4715   4.7785   5.0110   5.2230   0.0000   0.0000   0.0000   0.0000;
002:  0.3955   0.6790   0.9045   1.1260   1.3705   1.6185   1.9065   2.1955   2.4225   2.6510   2.9520   3.2690   3.5550   3.8545   4.1485   4.4695   4.7720   5.0030   5.2130   0.0000   0.0000   0.0000   0.0000;
003:  0.3955   0.6790   0.9045   1.1260   1.3705   1.6185   1.9065   2.1955   2.4220   2.6500   2.9510   3.2680   3.5545   3.8550   4.1495   4.4670   4.7650   4.9955   5.2035   0.0000   0.0000   0.0000   0.0000;
004:  0.3955   0.6790   0.9040   1.1255   1.3700   1.6180   1.9060   2.1945   2.4210   2.6485   2.9490   3.2670   3.5545   3.8555   4.1505   4.4650   4.7585   4.9875   5.1935   0.0000   0.0000   0.0000   0.0000;
005:  0.3955   0.6785   0.9035   1.1255   1.3700   1.6180   1.9055   2.1935   2.4195   2.6470   2.9480   3.2660   3.5540   3.8560   4.1520   4.4635   4.7515   4.9790   5.1845   0.0000   0.0000   0.0000   0.0000;
006:  0.3955   0.6785   0.9030   1.1245   1.3695   1.6175   1.9045   2.1925   2.4185   2.6455   2.9460   3.2645   3.5530   3.8560   4.1525   4.4605   4.7445   4.9710   5.1760   0.0000   0.0000   0.0000   0.0000;
007:  0.3955   0.6785   0.9030   1.1245   1.3690   1.6170   1.9040   2.1915   2.4175   2.6445   2.9450   3.2635   3.5520   3.8555   4.1530   4.4585   4.7375   4.9620   5.1670   0.0000   0.0000   0.0000   0.0000;
008:  0.3945   0.6775   0.9020   1.1240   1.3690   1.6165   1.9030   2.1905   2.4160   2.6425   2.9430   3.2620   3.5510   3.8550   4.1535   4.4560   4.7305   4.9540   5.1600   0.0000   0.0000   0.0000   0.0000;
009:  0.3945   0.6770   0.9015   1.1240   1.3690   1.6165   1.9020   2.1890   2.4150   2.6410   2.9410   3.2605   3.5500   3.8550   4.1540   4.4535   4.7240   4.9455   5.1525   0.0000   0.0000   0.0000   0.0000;
010:  0.3945   0.6770   0.9010   1.1230   1.3685   1.6160   1.9010   2.1875   2.4130   2.6390   2.9390   3.2585   3.5480   3.8540   4.1545   4.4515   4.7175   4.9375   5.1465   0.0000   0.0000   0.0000   0.0000;
011:  0.3945   0.6770   0.9010   1.1230   1.3680   1.6155   1.9005   2.1865   2.4115   2.6370   2.9370   3.2570   3.5470   3.8530   4.1540   4.4485   4.7105   4.9290   5.1405   0.0000   0.0000   0.0000   0.0000;
012:  0.3945   0.6765   0.9000   1.1220   1.3675   1.6150   1.8990   2.1845   2.4100   2.6355   2.9350   3.2550   3.5450   3.8520   4.1540   4.4460   4.7045   4.9215   5.1355   0.0000   0.0000   0.0000   0.0000;
013:  0.3945   0.6760   0.8995   1.1220   1.3670   1.6145   1.8985   2.1835   2.4085   2.6335   2.9330   3.2530   3.5430   3.8505   4.1535   4.4435   4.6985   4.9135   5.1305   0.0000   0.0000   0.0000   0.0000;
014:  0.3945   0.6760   0.8990   1.1215   1.3670   1.6140   1.8975   2.1820   2.4065   2.6315   2.9310   3.2510   3.5410   3.8495   4.1530   4.4405   4.6925   4.9065   5.1270   0.0000   0.0000   0.0000   0.0000;
015:  0.3940   0.6750   0.8985   1.1210   1.3665   1.6135   1.8960   2.1805   2.4050   2.6295   2.9285   3.2490   3.5395   3.8480   4.1525   4.4385   4.6875   4.8995   5.1235   0.0000   0.0000   0.0000   0.0000;
016:  0.3940   0.6745   0.8975   1.1205   1.3660   1.6125   1.8950   2.1790   2.4030   2.6275   2.9265   3.2470   3.5375   3.8465   4.1515   4.4355   4.6820   4.8930   5.1205   0.0000   0.0000   0.0000   0.0000;
017:  0.3940   0.6745   0.8970   1.1195   1.3650   1.6115   1.8935   2.1770   2.4010   2.6255   2.9245   3.2450   3.5355   3.8445   4.1500   4.4330   4.6775   4.8870   5.1185   0.0000   0.0000   0.0000   0.0000;
018:  0.3940   0.6740   0.8965   1.1190   1.3645   1.6115   1.8930   2.1755   2.3985   2.6230   2.9225   3.2430   3.5335   3.8430   4.1490   4.4305   4.6735   4.8815   5.1165   0.0000   0.0000   0.0000   0.0000;
019:  0.3940   0.6735   0.8955   1.1185   1.3640   1.6105   1.8915   2.1735   2.3965   2.6210   2.9205   3.2410   3.5315   3.8410   4.1475   4.4280   4.6695   4.8765   5.1160   0.0000   0.0000   0.0000   0.0000;
020:  0.3940   0.6735   0.8950   1.1175   1.3635   1.6100   1.8900   2.1710   2.3940   2.6190   2.9180   3.2385   3.5295   3.8395   4.1465   4.4255   4.6655   0.0000   0.0000   0.0000   0.0000   0.0000   0.0000;
021:  0.3940   0.6730   0.8945   1.1170   1.3625   1.6090   1.8890   2.1695   2.3920   2.6170   2.9160   3.2365   3.5275   3.8375   4.1445   4.4230   4.6625   0.0000   0.0000   0.0000   0.0000   0.0000   0.0000;
022:  0.3930   0.6720   0.8935   1.1165   1.3625   1.6085   1.8875   2.1675   2.3895   2.6145   2.9140   3.2350   3.5260   3.8355   4.1425   4.4200   4.6595   0.0000   0.0000   0.0000   0.0000   0.0000   0.0000;
023:  0.3930   0.6715   0.8925   1.1155   1.3615   1.6075   1.8865   2.1660   2.3875   2.6125   2.9120   3.2330   3.5240   3.8335   4.1410   4.4180   4.6570   0.0000   0.0000   0.0000   0.0000   0.0000   0.0000;
024:  0.3930   0.6715   0.8920   1.1145   1.3605   1.6065   1.8850   2.1635   2.3845   2.6100   2.9100   3.2310   3.5225   3.8320   4.1390   4.4155   4.6545   0.0000   0.0000   0.0000   0.0000   0.0000   0.0000;
025:  0.3930   0.6710   0.8915   1.1145   1.3605   1.6060   1.8835   2.1615   2.3825   2.6080   2.9080   3.2295   3.5210   3.8300   4.1370   4.4130   4.6525   0.0000   0.0000   0.0000   0.0000   0.0000   0.0000;
026:  0.3925   0.6700   0.8905   1.1135   1.3595   1.6050   1.8820   2.1590   2.3800   2.6060   2.9060   3.2280   3.5200   3.8285   4.1350   4.4105   4.6505   0.0000   0.0000   0.0000   0.0000   0.0000   0.0000;
027:  0.3925   0.6700   0.8900   1.1125   1.3585   1.6040   1.8810   2.1575   2.3775   2.6040   2.9050   3.2265   3.5180   3.8265   4.1330   4.4080   4.6490   0.0000   0.0000   0.0000   0.0000   0.0000   0.0000;
028:  0.3920   0.6695   0.8895   1.1120   1.3575   1.6030   1.8795   2.1555   2.3755   2.6020   2.9030   3.2250   3.5170   3.8250   4.1310   4.4055   4.6475   0.0000   0.0000   0.0000   0.0000   0.0000   0.0000;
029:  0.3915   0.6685   0.8885   1.1110   1.3570   1.6025   1.8780   2.1530   2.3725   2.5995   2.9010   3.2235   3.5160   3.8240   4.1295   4.4030   4.6460   0.0000   0.0000   0.0000   0.0000   0.0000   0.0000;
030:  0.3915   0.6685   0.8880   1.1100   1.3560   1.6015   1.8770   2.1515   2.3705   2.5975   2.8995   3.2225   3.5150   3.8225   4.1275   4.4005   4.6445   0.0000   0.0000   0.0000   0.0000   0.0000   0.0000;
031:  0.3910   0.6675   0.8870   1.1095   1.3555   1.6005   1.8755   2.1490   2.3680   2.5960   2.8985   3.2215   3.5145   3.8220   4.1260   4.3980   4.6435   0.0000   0.0000   0.0000   0.0000   0.0000   0.0000;
032:  0.3910   0.6670   0.8860   1.1085   1.3545   1.5995   1.8740   2.1470   2.3655   2.5935   2.8970   3.2205   3.5135   3.8205   4.1240   4.3950   0.0000   0.0000   0.0000   0.0000   0.0000   0.0000   0.0000;
033:  0.3905   0.6670   0.8855   1.1075   1.3535   1.5985   1.8730   2.1455   2.3635   2.5920   2.8960   3.2200   3.5135   3.8200   4.1225   4.3925   0.0000   0.0000   0.0000   0.0000   0.0000   0.0000   0.0000;
034:  0.3900   0.6660   0.8850   1.1070   1.3525   1.5975   1.8715   2.1430   2.3605   2.5895   2.8945   3.2190   3.5130   3.8195   4.1210   4.3895   0.0000   0.0000   0.0000   0.0000   0.0000   0.0000   0.0000;
035:  0.3900   0.6660   0.8845   1.1060   1.3515   1.5965   1.8700   2.1410   2.3585   2.5880   2.8935   3.2185   3.5130   3.8190   4.1190   4.3860   0.0000   0.0000   0.0000   0.0000   0.0000   0.0000   0.0000;
036:  0.3895   0.6650   0.8835   1.1050   1.3505   1.5955   1.8685   2.1390   2.3565   2.5860   2.8920   3.2175   3.5125   3.8185   4.1180   4.3840   0.0000   0.0000   0.0000   0.0000   0.0000   0.0000   0.0000;
037:  0.3895   0.6650   0.8830   1.1040   1.3495   1.5940   1.8665   2.1370   2.3545   2.5845   2.8910   3.2170   3.5125   3.8180   4.1165   4.3805   0.0000   0.0000   0.0000   0.0000   0.0000   0.0000   0.0000;
038:  0.3890   0.6640   0.8820   1.1030   1.3485   1.5930   1.8655   2.1355   2.3525   2.5830   2.8905   3.2170   3.5125   3.8175   4.1150   4.3775   0.0000   0.0000   0.0000   0.0000   0.0000   0.0000   0.0000;
039:  0.3885   0.6635   0.8820   1.1025   1.3475   1.5920   1.8640   2.1335   2.3505   2.5810   2.8890   3.2165   3.5125   3.8175   4.1135   4.3735   0.0000   0.0000   0.0000   0.0000   0.0000   0.0000   0.0000;
040:  0.3885   0.6630   0.8810   1.1015   1.3465   1.5910   1.8625   2.1315   2.3485   2.5795   2.8885   3.2160   3.5125   3.8175   4.1120   4.3700   0.0000   0.0000   0.0000   0.0000   0.0000   0.0000   0.0000;
041:  0.3885   0.6625   0.8805   1.1005   1.3450   1.5895   1.8610   2.1295   2.3470   2.5780   2.8875   3.2160   3.5125   3.8175   4.1110   4.3665   0.0000   0.0000   0.0000   0.0000   0.0000   0.0000   0.0000;
042:  0.3885   0.6620   0.8795   1.0995   1.3440   1.5885   1.8595   2.1275   2.3450   2.5765   2.8865   3.2155   3.5125   3.8175   4.1100   4.3630   0.0000   0.0000   0.0000   0.0000   0.0000   0.0000   0.0000;
043:  0.3880   0.6615   0.8790   1.0985   1.3430   1.5875   1.8580   2.1255   2.3430   2.5750   2.8860   3.2155   3.5130   3.8175   4.1085   4.3590   0.0000   0.0000   0.0000   0.0000   0.0000   0.0000   0.0000;
044:  0.3880   0.6615   0.8790   1.0980   1.3420   1.5865   1.8570   2.1245   2.3420   2.5740   2.8855   3.2155   3.5130   3.8175   4.1070   4.3545   0.0000   0.0000   0.0000   0.0000   0.0000   0.0000   0.0000;
045:  0.3880   0.6605   0.8780   1.0970   1.3410   1.5850   1.8550   2.1225   2.3405   2.5725   2.8845   3.2155   3.5130   3.8170   4.1055   4.3500   0.0000   0.0000   0.0000   0.0000   0.0000   0.0000   0.0000;
046:  0.3880   0.6605   0.8775   1.0960   1.3400   1.5840   1.8535   2.1210   2.3390   2.5710   2.8840   3.2155   3.5130   3.8170   4.1045   4.3460   0.0000   0.0000   0.0000   0.0000   0.0000   0.0000   0.0000;
047:  0.3875   0.6595   0.8765   1.0950   1.3385   1.5825   1.8520   2.1195   2.3380   2.5700   2.8835   3.2150   3.5125   3.8170   4.1030   4.3410   0.0000   0.0000   0.0000   0.0000   0.0000   0.0000   0.0000;
048:  0.3875   0.6590   0.8765   1.0945   1.3375   1.5815   1.8505   2.1175   2.3365   2.5690   2.8830   3.2150   3.5125   3.8165   4.1010   4.3360   0.0000   0.0000   0.0000   0.0000   0.0000   0.0000   0.0000;
049:  0.3875   0.6590   0.8760   1.0940   1.3370   1.5800   1.8490   2.1165   2.3355   2.5680   2.8825   3.2150   3.5120   3.8155   4.0990   4.3315   0.0000   0.0000   0.0000   0.0000   0.0000   0.0000   0.0000;
050:  0.3880   0.6585   0.8750   1.0930   1.3355   1.5785   1.8475   2.1150   2.3345   2.5665   2.8815   3.2145   3.5115   3.8150   4.0970   4.3265   0.0000   0.0000   0.0000   0.0000   0.0000   0.0000   0.0000;
051:  0.3875   0.6580   0.8745   1.0920   1.3345   1.5775   1.8460   2.1135   2.3340   2.5660   2.8810   3.2145   3.5110   3.8140   4.0950   4.3215   0.0000   0.0000   0.0000   0.0000   0.0000   0.0000   0.0000;
052:  0.3880   0.6580   0.8745   1.0915   1.3335   1.5760   1.8440   2.1120   2.3330   2.5650   2.8805   3.2140   3.5100   3.8130   4.0930   4.3160   0.0000   0.0000   0.0000   0.0000   0.0000   0.0000   0.0000;
053:  0.3875   0.6570   0.8735   1.0905   1.3325   1.5750   1.8430   2.1110   2.3320   2.5640   2.8800   3.2135   3.5090   3.8115   4.0900   4.3105   0.0000   0.0000   0.0000   0.0000   0.0000   0.0000   0.0000;
054:  0.3880   0.6570   0.8730   1.0895   1.3310   1.5735   1.8415   2.1095   2.3315   2.5635   2.8800   3.2140   3.5080   3.8095   4.0870   4.3055   0.0000   0.0000   0.0000   0.0000   0.0000   0.0000   0.0000;
055:  0.3880   0.6570   0.8730   1.0890   1.3300   1.5720   1.8400   2.1085   2.3305   2.5625   2.8795   3.2135   3.5070   3.8080   4.0845   4.3005   0.0000   0.0000   0.0000   0.0000   0.0000   0.0000   0.0000;
056:  0.3880   0.6565   0.8725   1.0880   1.3290   1.5710   1.8385   2.1075   2.3305   2.5620   2.8790   3.2130   3.5055   3.8060   4.0815   4.2950   0.0000   0.0000   0.0000   0.0000   0.0000   0.0000   0.0000;
057:  0.3885   0.6560   0.8715   1.0875   1.3280   1.5690   1.8370   2.1065   2.3295   2.5610   2.8785   3.2125   3.5040   3.8035   4.0780   4.2900   0.0000   0.0000   0.0000   0.0000   0.0000   0.0000   0.0000;
058:  0.3885   0.6560   0.8715   1.0870   1.3270   1.5680   1.8355   2.1050   2.3290   2.5610   2.8785   3.2120   3.5020   3.8010   4.0745   4.2840   0.0000   0.0000   0.0000   0.0000   0.0000   0.0000   0.0000;
059:  0.3885   0.6555   0.8705   1.0860   1.3260   1.5665   1.8340   2.1045   2.3290   2.5605   2.8780   3.2110   3.5000   3.7980   4.0705   4.2790   0.0000   0.0000   0.0000   0.0000   0.0000   0.0000   0.0000;
060:  0.3885   0.6550   0.8705   1.0855   1.3250   1.5655   1.8330   2.1035   2.3280   2.5595   2.8770   3.2100   3.4980   3.7950   4.0670   4.2745   0.0000   0.0000   0.0000   0.0000   0.0000   0.0000   0.0000;
061:  0.3885   0.6550   0.8700   1.0845   1.3235   1.5635   1.8310   2.1020   2.3275   2.5595   2.8770   3.2095   3.4960   3.7915   4.0625   4.2695   0.0000   0.0000   0.0000   0.0000   0.0000   0.0000   0.0000;
062:  0.3885   0.6550   0.8700   1.0845   1.3230   1.5625   1.8300   2.1015   2.3275   2.5590   2.8765   3.2085   3.4940   3.7885   4.0585   4.2650   0.0000   0.0000   0.0000   0.0000   0.0000   0.0000   0.0000;
063:  0.3890   0.6545   0.8690   1.0835   1.3220   1.5615   1.8290   2.1010   2.3275   2.5590   2.8765   3.2080   3.4920   3.7850   4.0540   4.2605   0.0000   0.0000   0.0000   0.0000   0.0000   0.0000   0.0000;
064:  0.3885   0.6540   0.8690   1.0835   1.3215   1.5605   1.8285   2.1005   2.3270   2.5585   2.8760   3.2070   3.4890   3.7805   4.0495   4.2565   0.0000   0.0000   0.0000   0.0000   0.0000   0.0000   0.0000;
065:  0.3885   0.6535   0.8680   1.0825   1.3205   1.5590   1.8270   2.1000   2.3270   2.5585   2.8755   3.2060   3.4870   3.7770   4.0450   4.2520   0.0000   0.0000   0.0000   0.0000   0.0000   0.0000   0.0000;
066:  0.3885   0.6535   0.8680   1.0820   1.3195   1.5580   1.8260   2.0990   2.3265   2.5585   2.8755   3.2050   3.4845   3.7730   4.0405   4.2485   0.0000   0.0000   0.0000   0.0000   0.0000   0.0000   0.0000;
067:  0.3885   0.6535   0.8680   1.0820   1.3190   1.5570   1.8250   2.0985   2.3265   2.5585   2.8755   3.2045   3.4825   3.7690   4.0355   4.2450   0.0000   0.0000   0.0000   0.0000   0.0000   0.0000   0.0000;
068:  0.3885   0.6530   0.8670   1.0810   1.3180   1.5555   1.8235   2.0980   2.3260   2.5580   2.8755   3.2035   3.4800   3.7650   4.0310   4.2420   0.0000   0.0000   0.0000   0.0000   0.0000   0.0000   0.0000;
069:  0.3885   0.6530   0.8670   1.0805   1.3170   1.5545   1.8230   2.0980   2.3260   2.5580   2.8750   3.2025   3.4775   3.7605   4.0265   4.2395   0.0000   0.0000   0.0000   0.0000   0.0000   0.0000   0.0000;
070:  0.3880   0.6525   0.8665   1.0800   1.3165   1.5535   1.8220   2.0975   2.3260   2.5580   2.8750   3.2015   3.4750   3.7565   4.0220   4.2370   0.0000   0.0000   0.0000   0.0000   0.0000   0.0000   0.0000;
071:  0.3880   0.6525   0.8665   1.0795   1.3155   1.5525   1.8215   2.0970   2.3255   2.5580   2.8745   3.2000   3.4730   3.7530   4.0180   4.2350   0.0000   0.0000   0.0000   0.0000   0.0000   0.0000   0.0000;
072:  0.3875   0.6520   0.8660   1.0795   1.3150   1.5515   1.8210   2.0970   2.3255   2.5580   2.8745   3.1995   3.4710   3.7490   4.0135   4.2330   0.0000   0.0000   0.0000   0.0000   0.0000   0.0000   0.0000;
073:  0.3875   0.6520   0.8655   1.0785   1.3140   1.5505   1.8200   2.0965   2.3255   2.5580   2.8745   3.1990   3.4690   3.7450   4.0095   4.2320   0.0000   0.0000   0.0000   0.0000   0.0000   0.0000   0.0000;
074:  0.3870   0.6510   0.8650   1.0785   1.3135   1.5495   1.8195   2.0965   2.3255   2.5585   2.8745   3.1975   3.4665   3.7410   4.0055   4.2310   0.0000   0.0000   0.0000   0.0000   0.0000   0.0000   0.0000;
075:  0.3865   0.6510   0.8645   1.0775   1.3130   1.5490   1.8190   2.0965   2.3255   2.5585   2.8745   3.1970   3.4650   3.7380   4.0020   4.2300   0.0000   0.0000   0.0000   0.0000   0.0000   0.0000   0.0000;
076:  0.3865   0.6510   0.8645   1.0775   1.3125   1.5480   1.8185   2.0965   2.3255   2.5590   2.8745   3.1960   3.4635   3.7345   3.9985   4.2300   0.0000   0.0000   0.0000   0.0000   0.0000   0.0000   0.0000;
077:  0.3865   0.6505   0.8640   1.0770   1.3115   1.5475   1.8185   2.0965   2.3255   2.5590   2.8745   3.1955   3.4620   3.7315   3.9955   4.2300   0.0000   0.0000   0.0000   0.0000   0.0000   0.0000   0.0000;
078:  0.3860   0.6505   0.8635   1.0765   1.3115   1.5470   1.8180   2.0965   2.3255   2.5595   2.8745   3.1940   3.4600   3.7285   3.9925   4.2300   0.0000   0.0000   0.0000   0.0000   0.0000   0.0000   0.0000;
079:  0.3855   0.6500   0.8635   1.0765   1.3115   1.5470   1.8175   2.0960   2.3255   2.5595   2.8745   3.1935   3.4590   3.7260   3.9900   4.2310   0.0000   0.0000   0.0000   0.0000   0.0000   0.0000   0.0000;
080:  0.3855   0.6495   0.8630   1.0765   1.3110   1.5460   1.8170   2.0960   2.3255   2.5600   2.8745   3.1925   3.4580   3.7240   3.9880   4.2315   0.0000   0.0000   0.0000   0.0000   0.0000   0.0000   0.0000;
081:  0.3850   0.6495   0.8625   1.0755   1.3105   1.5460   1.8170   2.0960   2.3255   2.5600   2.8745   3.1920   3.4570   3.7220   3.9860   4.2325   0.0000   0.0000   0.0000   0.0000   0.0000   0.0000   0.0000;
082:  0.3845   0.6490   0.8625   1.0755   1.3105   1.5455   1.8165   2.0960   2.3255   2.5605   2.8750   3.1915   3.4560   3.7205   3.9845   4.2335   0.0000   0.0000   0.0000   0.0000   0.0000   0.0000   0.0000;
083:  0.3845   0.6490   0.8625   1.0755   1.3105   1.5455   1.8165   2.0960   2.3255   2.5605   2.8745   3.1910   3.4555   3.7185   3.9830   4.2350   0.0000   0.0000   0.0000   0.0000   0.0000   0.0000   0.0000;
084:  0.3840   0.6485   0.8620   1.0755   1.3105   1.5455   1.8165   2.0960   2.3255   2.5610   2.8750   3.1905   3.4550   3.7175   3.9820   4.2365   0.0000   0.0000   0.0000   0.0000   0.0000   0.0000   0.0000;
085:  0.3835   0.6480   0.8620   1.0755   1.3105   1.5455   1.8165   2.0960   2.3255   2.5615   2.8750   3.1895   3.4545   3.7170   3.9820   4.2385   0.0000   0.0000   0.0000   0.0000   0.0000   0.0000   0.0000;
086:  0.3835   0.6480   0.8615   1.0750   1.3105   1.5455   1.8165   2.0960   2.3255   2.5615   2.8750   3.1890   3.4540   3.7165   3.9820   4.2405   0.0000   0.0000   0.0000   0.0000   0.0000   0.0000   0.0000;
087:  0.3835   0.6480   0.8615   1.0750   1.3105   1.5455   1.8165   2.0960   2.3260   2.5620   2.8750   3.1890   3.4540   3.7160   3.9815   4.2420   0.0000   0.0000   0.0000   0.0000   0.0000   0.0000   0.0000;
088:  0.3830   0.6470   0.8610   1.0750   1.3105   1.5455   1.8165   2.0960   2.3260   2.5625   2.8750   3.1880   3.4535   3.7160   3.9820   4.2440   0.0000   0.0000   0.0000   0.0000   0.0000   0.0000   0.0000;
089:  0.3830   0.6470   0.8610   1.0750   1.3105   1.5455   1.8165   2.0960   2.3260   2.5625   2.8750   3.1875   3.4530   3.7160   3.9830   4.2460   0.0000   0.0000   0.0000   0.0000   0.0000   0.0000   0.0000;
090:  0.3830   0.6470   0.8610   1.0750   1.3105   1.5455   1.8165   2.0965   2.3265   2.5625   2.8750   3.1875   3.4535   3.7165   3.9835   4.2480   0.0000   0.0000   0.0000   0.0000   0.0000   0.0000   0.0000;
091:  0.3825   0.6465   0.8610   1.0750   1.3110   1.5460   1.8165   2.0965   2.3265   2.5630   2.8750   3.1865   3.4530   3.7170   3.9850   4.2500   0.0000   0.0000   0.0000   0.0000   0.0000   0.0000   0.0000;
092:  0.3825   0.6465   0.8610   1.0750   1.3110   1.5465   1.8170   2.0965   2.3265   2.5630   2.8750   3.1865   3.4535   3.7180   3.9865   4.2520   0.0000   0.0000   0.0000   0.0000   0.0000   0.0000   0.0000;
093:  0.3830   0.6465   0.8610   1.0750   1.3110   1.5465   1.8170   2.0965   2.3270   2.5635   2.8750   3.1860   3.4535   3.7190   3.9875   4.2535   0.0000   0.0000   0.0000   0.0000   0.0000   0.0000   0.0000;
094:  0.3830   0.6465   0.8610   1.0755   1.3120   1.5475   1.8175   2.0965   2.3270   2.5635   2.8745   3.1850   3.4530   3.7195   3.9890   4.2555   0.0000   0.0000   0.0000   0.0000   0.0000   0.0000   0.0000;
095:  0.3830   0.6465   0.8610   1.0755   1.3120   1.5475   1.8175   2.0965   2.3270   2.5635   2.8745   3.1850   3.4535   3.7210   3.9910   4.2570   0.0000   0.0000   0.0000   0.0000   0.0000   0.0000   0.0000;
096:  0.3830   0.6460   0.8610   1.0755   1.3125   1.5480   1.8175   2.0970   2.3275   2.5635   2.8745   3.1845   3.4530   3.7220   3.9930   4.2590   0.0000   0.0000   0.0000   0.0000   0.0000   0.0000   0.0000;
097:  0.3830   0.6460   0.8610   1.0755   1.3125   1.5485   1.8180   2.0970   2.3275   2.5630   2.8740   3.1840   3.4525   3.7230   3.9950   4.2605   0.0000   0.0000   0.0000   0.0000   0.0000   0.0000   0.0000;
098:  0.3835   0.6460   0.8610   1.0755   1.3125   1.5485   1.8180   2.0970   2.3280   2.5635   2.8735   3.1835   3.4530   3.7245   3.9970   4.2620   0.0000   0.0000   0.0000   0.0000   0.0000   0.0000   0.0000;
099:  0.3835   0.6460   0.8610   1.0760   1.3135   1.5495   1.8185   2.0970   2.3280   2.5635   2.8735   3.1830   3.4525   3.7255   3.9985   4.2630   0.0000   0.0000   0.0000   0.0000   0.0000   0.0000   0.0000;
100:  0.3840   0.6460   0.8610   1.0760   1.3140   1.5500   1.8185   2.0975   2.3285   2.5635   2.8735   3.1825   3.4520   3.7265   4.0005   4.2640   0.0000   0.0000   0.0000   0.0000   0.0000   0.0000   0.0000;
101:  0.3845   0.6460   0.8610   1.0765   1.3145   1.5505   1.8195   2.0980   2.3285   2.5630   2.8730   3.1825   3.4520   3.7275   4.0025   4.2655   0.0000   0.0000   0.0000   0.0000   0.0000   0.0000   0.0000;
102:  0.3845   0.6460   0.8610   1.0765   1.3145   1.5510   1.8200   2.0980   2.3290   2.5635   2.8725   3.1815   3.4510   3.7280   4.0040   4.2660   0.0000   0.0000   0.0000   0.0000   0.0000   0.0000   0.0000;
103:  0.3850   0.6460   0.8615   1.0770   1.3150   1.5515   1.8200   2.0980   2.3290   2.5635   2.8725   3.1810   3.4505   3.7290   4.0055   4.2670   4.4965   0.0000   0.0000   0.0000   0.0000   0.0000   0.0000;
104:  0.3850   0.6465   0.8620   1.0770   1.3155   1.5525   1.8210   2.0990   2.3295   2.5630   2.8720   3.1810   3.4500   3.7300   4.0075   4.2675   4.4965   0.0000   0.0000   0.0000   0.0000   0.0000   0.0000;
105:  0.3855   0.6465   0.8620   1.0775   1.3160   1.5530   1.8215   2.0990   2.3295   2.5630   2.8720   3.1805   3.4490   3.7300   4.0085   4.2680   4.4970   0.0000   0.0000   0.0000   0.0000   0.0000   0.0000;
106:  0.3860   0.6465   0.8620   1.0775   1.3165   1.5535   1.8220   2.0995   2.3295   2.5625   2.8710   3.1795   3.4480   3.7305   4.0100   4.2690   4.4980   4.7315   0.0000   0.0000   0.0000   0.0000   0.0000;
107:  0.3865   0.6470   0.8625   1.0785   1.3170   1.5540   1.8230   2.1005   2.3305   2.5630   2.8710   3.1790   3.4470   3.7310   4.0110   4.2690   4.4990   4.7320   0.0000   0.0000   0.0000   0.0000   0.0000;
108:  0.3870   0.6470   0.8625   1.0785   1.3175   1.5550   1.8240   2.1010   2.3305   2.5625   2.8700   3.1785   3.4460   3.7305   4.0120   4.2700   4.5010   4.7330   0.0000   0.0000   0.0000   0.0000   0.0000;
109:  0.3875   0.6475   0.8630   1.0785   1.3175   1.5550   1.8245   2.1020   2.3310   2.5625   2.8700   3.1780   3.4450   3.7305   4.0125   4.2705   4.5030   4.7340   0.0000   0.0000   0.0000   0.0000   0.0000;
110:  0.3875   0.6475   0.8635   1.0795   1.3185   1.5560   1.8255   2.1025   2.3315   2.5630   2.8700   3.1775   3.4435   3.7305   4.0135   4.2705   4.5050   4.7360   0.0000   0.0000   0.0000   0.0000   0.0000;
111:  0.3880   0.6480   0.8635   1.0795   1.3185   1.5565   1.8265   2.1035   2.3320   2.5630   2.8695   3.1770   3.4425   3.7295   4.0135   4.2710   4.5075   4.7380   0.0000   0.0000   0.0000   0.0000   0.0000;
112:  0.3885   0.6480   0.8635   1.0800   1.3195   1.5575   1.8275   2.1040   2.3320   2.5625   2.8690   3.1765   3.4410   3.7290   4.0135   4.2710   4.5105   4.7405   0.0000   0.0000   0.0000   0.0000   0.0000;
113:  0.3885   0.6480   0.8640   1.0805   1.3200   1.5585   1.8285   2.1050   2.3325   2.5625   2.8690   3.1765   3.4400   3.7280   4.0135   4.2720   4.5145   4.7440   0.0000   0.0000   0.0000   0.0000   0.0000;
114:  0.3895   0.6490   0.8645   1.0805   1.3200   1.5590   1.8300   2.1065   2.3335   2.5630   2.8685   3.1755   3.4385   3.7270   4.0130   4.2720   4.5175   4.7470   0.0000   0.0000   0.0000   0.0000   0.0000;
115:  0.3895   0.6490   0.8650   1.0815   1.3210   1.5600   1.8310   2.1070   2.3335   2.5630   2.8685   3.1755   3.4370   3.7255   4.0125   4.2725   4.5220   4.7515   0.0000   0.0000   0.0000   0.0000   0.0000;
116:  0.3900   0.6495   0.8650   1.0815   1.3210   1.5605   1.8325   2.1085   2.3340   2.5630   2.8680   3.1745   3.4355   3.7245   4.0120   4.2730   4.5260   4.7560   0.0000   0.0000   0.0000   0.0000   0.0000;
117:  0.3900   0.6500   0.8655   1.0820   1.3220   1.5615   1.8335   2.1095   2.3350   2.5635   2.8680   3.1745   3.4340   3.7225   4.0110   4.2735   4.5305   4.7610   0.0000   0.0000   0.0000   0.0000   0.0000;
118:  0.3905   0.6500   0.8660   1.0825   1.3225   1.5625   1.8350   2.1110   2.3355   2.5635   2.8680   3.1745   3.4330   3.7215   4.0105   4.2740   4.5350   4.7665   0.0000   0.0000   0.0000   0.0000   0.0000;
119:  0.3910   0.6505   0.8660   1.0830   1.3230   1.5630   1.8365   2.1125   2.3365   2.5645   2.8680   3.1735   3.4310   3.7195   4.0095   4.2745   4.5395   4.7720   0.0000   0.0000   0.0000   0.0000   0.0000;
120:  0.3910   0.6510   0.8670   1.0835   1.3235   1.5640   1.8380   2.1140   2.3370   2.5645   2.8680   3.1735   3.4300   3.7175   4.0075   4.2750   4.5445   4.7775   0.0000   0.0000   0.0000   0.0000   0.0000;
121:  0.3915   0.6515   0.8670   1.0835   1.3240   1.5650   1.8395   2.1160   2.3385   2.5650   2.8675   3.1730   3.4285   3.7155   4.0065   4.2760   4.5495   4.7840   0.0000   0.0000   0.0000   0.0000   0.0000;
122:  0.3915   0.6515   0.8670   1.0840   1.3245   1.5655   1.8410   2.1175   2.3395   2.5660   2.8680   3.1730   3.4275   3.7135   4.0045   4.2760   4.5540   4.7900   0.0000   0.0000   0.0000   0.0000   0.0000;
123:  0.3915   0.6520   0.8680   1.0845   1.3250   1.5670   1.8425   2.1185   2.3400   2.5660   2.8680   3.1730   3.4260   3.7115   4.0035   4.2770   4.5590   4.7965   0.0000   0.0000   0.0000   0.0000   0.0000;
124:  0.3920   0.6525   0.8680   1.0850   1.3260   1.5680   1.8440   2.1200   2.3410   2.5670   2.8685   3.1730   3.4250   3.7095   4.0015   4.2775   4.5640   4.8035   0.0000   0.0000   0.0000   0.0000   0.0000;
125:  0.3920   0.6525   0.8680   1.0850   1.3265   1.5690   1.8455   2.1220   2.3425   2.5680   2.8685   3.1725   3.4240   3.7075   3.9995   4.2780   4.5685   4.8100   0.0000   0.0000   0.0000   0.0000   0.0000;
126:  0.3925   0.6535   0.8690   1.0860   1.3275   1.5705   1.8475   2.1235   2.3435   2.5690   2.8690   3.1725   3.4230   3.7055   3.9975   4.2785   4.5730   4.8165   0.0000   0.0000   0.0000   0.0000   0.0000;
127:  0.3920   0.6535   0.8690   1.0860   1.3280   1.5715   1.8490   2.1255   2.3450   2.5700   2.8695   3.1725   3.4220   3.7030   3.9955   4.2790   4.5770   4.8230   0.0000   0.0000   0.0000   0.0000   0.0000;
128:  0.3925   0.6540   0.8690   1.0865   1.3290   1.5725   1.8505   2.1270   2.3460   2.5710   2.8700   3.1725   3.4210   3.7010   3.9935   4.2795   4.5810   4.8295   0.0000   0.0000   0.0000   0.0000   0.0000;
129:  0.3925   0.6545   0.8700   1.0870   1.3290   1.5735   1.8525   2.1290   2.3475   2.5720   2.8705   3.1730   3.4205   3.6985   3.9910   4.2800   4.5850   4.8360   0.0000   0.0000   0.0000   0.0000   0.0000;
130:  0.3930   0.6550   0.8700   1.0875   1.3305   1.5750   1.8540   2.1310   2.3495   2.5740   2.8715   3.1730   3.4200   3.6970   3.9890   4.2800   4.5880   4.8420   0.0000   0.0000   0.0000   0.0000   0.0000;
131:  0.3930   0.6555   0.8705   1.0880   1.3315   1.5765   1.8560   2.1325   2.3505   2.5750   2.8720   3.1730   3.4190   3.6945   3.9865   4.2800   4.5905   4.8475   0.0000   0.0000   0.0000   0.0000   0.0000;
132:  0.3930   0.6555   0.8710   1.0885   1.3320   1.5775   1.8575   2.1345   2.3525   2.5765   2.8725   3.1730   3.4185   3.6930   3.9845   4.2800   4.5930   4.8530   0.0000   0.0000   0.0000   0.0000   0.0000;
133:  0.3935   0.6560   0.8710   1.0890   1.3330   1.5790   1.8590   2.1360   2.3540   2.5780   2.8740   3.1740   3.4185   3.6910   3.9820   4.2800   4.5950   4.8580   0.0000   0.0000   0.0000   0.0000   0.0000;
134:  0.3935   0.6565   0.8715   1.0895   1.3340   1.5800   1.8605   2.1380   2.3560   2.5795   2.8745   3.1740   3.4180   3.6895   3.9800   4.2795   4.5960   4.8625   0.0000   0.0000   0.0000   0.0000   0.0000;
135:  0.3940   0.6570   0.8720   1.0900   1.3345   1.5815   1.8625   2.1400   2.3580   2.5815   2.8760   3.1745   3.4175   3.6875   3.9775   4.2790   4.5970   4.8665   0.0000   0.0000   0.0000   0.0000   0.0000;
136:  0.3940   0.6575   0.8725   1.0905   1.3355   1.5825   1.8635   2.1415   2.3600   2.5835   2.8770   3.1750   3.4180   3.6865   3.9750   4.2780   4.5975   4.8705   0.0000   0.0000   0.0000   0.0000   0.0000;
137:  0.3940   0.6575   0.8725   1.0905   1.3365   1.5840   1.8645   2.1425   2.3610   2.5845   2.8780   3.1755   3.4175   3.6845   3.9725   4.2775   4.5980   4.8740   0.0000   0.0000   0.0000   0.0000   0.0000;
138:  0.3945   0.6585   0.8735   1.0915   1.3375   1.5855   1.8665   2.1445   2.3630   2.5865   2.8795   3.1760   3.4170   3.6825   3.9700   4.2765   4.5975   4.8770   5.1595   0.0000   0.0000   0.0000   0.0000;
139:  0.3945   0.6585   0.8735   1.0920   1.3385   1.5865   1.8675   2.1460   2.3650   2.5885   2.8810   3.1770   3.4175   3.6815   3.9680   4.2755   4.5965   4.8790   5.1675   0.0000   0.0000   0.0000   0.0000;
140:  0.3950   0.6595   0.8745   1.0925   1.3390   1.5880   1.8695   2.1480   2.3670   2.5900   2.8820   3.1775   3.4175   3.6805   3.9660   4.2740   4.5950   4.8810   5.1745   0.0000   0.0000   0.0000   0.0000;
141:  0.3950   0.6595   0.8745   1.0930   1.3405   1.5895   1.8705   2.1495   2.3695   2.5925   2.8835   3.1780   3.4175   3.6795   3.9640   4.2725   4.5935   4.8830   5.1815   0.0000   0.0000   0.0000   0.0000;
142:  0.3960   0.6605   0.8755   1.0940   1.3415   1.5905   1.8715   2.1510   2.3710   2.5940   2.8850   3.1790   3.4180   3.6780   3.9610   4.2705   4.5915   4.8840   5.1865   5.4645   0.0000   0.0000   0.0000;
143:  0.3960   0.6610   0.8760   1.0940   1.3420   1.5915   1.8725   2.1525   2.3730   2.5955   2.8865   3.1800   3.4180   3.6770   3.9590   4.2690   4.5890   4.8845   5.1910   5.4730   0.0000   0.0000   0.0000;
144:  0.3960   0.6610   0.8765   1.0950   1.3430   1.5925   1.8735   2.1535   2.3750   2.5980   2.8880   3.1805   3.4185   3.6765   3.9570   4.2670   4.5865   4.8850   5.1945   5.4810   0.0000   0.0000   0.0000;
145:  0.3965   0.6620   0.8770   1.0955   1.3445   1.5940   1.8745   2.1550   2.3770   2.6000   2.8895   3.1815   3.4190   3.6760   3.9555   4.2650   4.5835   4.8850   5.1970   5.4880   0.0000   0.0000   0.0000;
146:  0.3965   0.6620   0.8775   1.0960   1.3450   1.5950   1.8755   2.1565   2.3790   2.6020   2.8915   3.1825   3.4190   3.6750   3.9535   4.2625   4.5800   4.8845   5.1985   5.4940   5.7400   0.0000   0.0000;
147:  0.3975   0.6630   0.8785   1.0970   1.3460   1.5960   1.8765   2.1575   2.3805   2.6040   2.8935   3.1840   3.4200   3.6745   3.9515   4.2605   4.5765   4.8830   5.1995   5.4985   5.7470   0.0000   0.0000;
148:  0.3975   0.6630   0.8785   1.0975   1.3470   1.5970   1.8775   2.1590   2.3825   2.6055   2.8945   3.1845   3.4200   3.6740   3.9500   4.2580   4.5730   4.8820   5.2005   5.5015   5.7520   0.0000   0.0000;
149:  0.3980   0.6640   0.8795   1.0985   1.3480   1.5975   1.8780   2.1600   2.3840   2.6075   2.8965   3.1860   3.4210   3.6740   3.9490   4.2560   4.5690   4.8805   5.2020   5.5030   5.7530   0.0000   0.0000;
150:  0.3980   0.6640   0.8795   1.0985   1.3485   1.5985   1.8790   2.1615   2.3855   2.6090   2.8985   3.1870   3.4210   3.6735   3.9475   4.2535   4.5655   4.8790   5.2035   5.5040   5.7520   0.0000   0.0000;
151:  0.3985   0.6650   0.8805   1.0995   1.3495   1.5995   1.8795   2.1620   2.3870   2.6105   2.9000   3.1885   3.4220   3.6735   3.9460   4.2510   4.5620   4.8770   5.2050   5.5040   5.7480   0.0000   0.0000;
152:  0.3985   0.6655   0.8815   1.1005   1.3505   1.6000   1.8800   2.1630   2.3885   2.6125   2.9020   3.1895   3.4220   3.6730   3.9450   4.2485   4.5580   4.8750   5.2080   5.5050   5.7425   0.0000   0.0000;
153:  0.3990   0.6660   0.8815   1.1005   1.3510   1.6005   1.8805   2.1645   2.3900   2.6140   2.9040   3.1910   3.4230   3.6735   3.9440   4.2460   4.5545   4.8730   5.2115   5.5055   5.7345   0.0000   0.0000;
154:  0.3995   0.6665   0.8825   1.1015   1.3520   1.6015   1.8815   2.1655   2.3915   2.6155   2.9055   3.1925   3.4240   3.6735   3.9430   4.2440   4.5510   4.8705   5.2155   5.5070   5.7260   0.0000   0.0000;
155:  0.4000   0.6670   0.8830   1.1025   1.3530   1.6020   1.8820   2.1665   2.3925   2.6165   2.9065   3.1935   3.4245   3.6735   3.9425   4.2415   4.5470   4.8675   5.2200   5.5100   5.7180   0.0000   0.0000;
156:  0.4000   0.6675   0.8840   1.1030   1.3535   1.6025   1.8825   2.1675   2.3940   2.6185   2.9085   3.1945   3.4250   3.6740   3.9420   4.2395   4.5440   4.8655   5.2255   5.5150   5.7120   0.0000   0.0000;
157:  0.4000   0.6675   0.8845   1.1040   1.3540   1.6025   1.8830   2.1685   2.3950   2.6195   2.9100   3.1960   3.4260   3.6745   3.9415   4.2370   4.5405   4.8630   5.2305   5.5205   5.7080   0.0000   0.0000;
158:  0.4000   0.6685   0.8850   1.1040   1.3545   1.6035   1.8840   2.1690   2.3955   2.6210   2.9120   3.1975   3.4265   3.6745   3.9410   4.2350   4.5380   4.8605   5.2350   5.5280   5.7075   0.0000   0.0000;
159:  0.4000   0.6685   0.8855   1.1050   1.3555   1.6040   1.8845   2.1700   2.3965   2.6220   2.9135   3.1990   3.4275   3.6755   3.9410   4.2330   4.5350   4.8580   5.2400   5.5375   5.7120   0.0000   0.0000;
160:  0.4005   0.6695   0.8865   1.1055   1.3555   1.6040   1.8850   2.1710   2.3970   2.6225   2.9145   3.2000   3.4285   3.6765   3.9415   4.2315   4.5325   4.8555   5.2430   5.5465   5.7195   0.0000   0.0000;
161:  0.4005   0.6695   0.8865   1.1060   1.3565   1.6045   1.8850   2.1710   2.3975   2.6235   2.9160   3.2015   3.4290   3.6765   3.9415   4.2305   4.5310   4.8535   5.2450   5.5560   5.7315   0.0000   0.0000;
162:  0.4010   0.6705   0.8875   1.1070   1.3570   1.6045   1.8860   2.1725   2.3985   2.6245   2.9175   3.2030   3.4300   3.6775   3.9420   4.2290   4.5285   4.8510   5.2460   5.5660   5.7470   0.0000   0.0000;
163:  0.4010   0.6705   0.8880   1.1075   1.3575   1.6050   1.8860   2.1725   2.3985   2.6250   2.9185   3.2040   3.4310   3.6785   3.9425   4.2280   4.5270   4.8490   5.2455   5.5750   5.7660   0.0000   0.0000;
164:  0.4010   0.6715   0.8890   1.1080   1.3575   1.6050   1.8865   2.1735   2.3990   2.6255   2.9195   3.2050   3.4315   3.6795   3.9435   4.2265   4.5250   4.8465   5.2430   5.5825   5.7860   0.0000   0.0000;
165:  0.4010   0.6715   0.8890   1.1085   1.3580   1.6050   1.8870   2.1740   2.3995   2.6265   2.9205   3.2060   3.4325   3.6805   3.9440   4.2255   4.5240   4.8450   5.2395   5.5885   5.8075   0.0000   0.0000;
166:  0.4010   0.6715   0.8895   1.1090   1.3580   1.6050   1.8875   2.1745   2.3995   2.6270   2.9215   3.2070   3.4335   3.6815   3.9450   4.2250   4.5225   4.8430   5.2350   5.5930   5.8285   0.0000   0.0000;
167:  0.4010   0.6725   0.8900   1.1095   1.3590   1.6055   1.8880   2.1750   2.3995   2.6270   2.9220   3.2080   3.4340   3.6825   3.9460   4.2245   4.5220   4.8410   5.2290   5.5960   5.8485   0.0000   0.0000;
168:  0.4010   0.6725   0.8905   1.1100   1.3590   1.6050   1.8880   2.1755   2.3995   2.6275   2.9230   3.2090   3.4350   3.6835   3.9470   4.2240   4.5210   4.8395   5.2235   5.5975   5.8660   0.0000   0.0000;
169:  0.4010   0.6725   0.8905   1.1100   1.3590   1.6050   1.8885   2.1760   2.3995   2.6275   2.9230   3.2095   3.4355   3.6845   3.9480   4.2235   4.5205   4.8375   5.2170   5.5975   5.8810   0.0000   0.0000;
170:  0.4010   0.6730   0.8910   1.1110   1.3595   1.6050   1.8890   2.1765   2.3990   2.6275   2.9240   3.2105   3.4365   3.6855   3.9490   4.2235   4.5200   4.8360   5.2110   0.0000   0.0000   0.0000   0.0000;
171:  0.4010   0.6735   0.8915   1.1110   1.3595   1.6050   1.8890   2.1765   2.3990   2.6275   2.9240   3.2110   3.4370   3.6860   3.9500   4.2235   4.5190   4.8340   5.2065   0.0000   0.0000   0.0000   0.0000;
172:  0.4010   0.6735   0.8920   1.1115   1.3595   1.6050   1.8895   2.1770   2.3990   2.6275   2.9240   3.2110   3.4375   3.6875   3.9510   4.2225   4.5180   4.8320   5.2020   0.0000   0.0000   0.0000   0.0000;
173:  0.4010   0.6740   0.8920   1.1115   1.3595   1.6050   1.8895   2.1770   2.3990   2.6275   2.9240   3.2115   3.4380   3.6880   3.9520   4.2230   4.5180   4.8305   5.1995   0.0000   0.0000   0.0000   0.0000;
174:  0.4010   0.6740   0.8920   1.1120   1.3600   1.6050   1.8900   2.1775   2.3985   2.6270   2.9240   3.2120   3.4385   3.6885   3.9525   4.2225   4.5175   4.8290   5.1985   0.0000   0.0000   0.0000   0.0000;
175:  0.4010   0.6740   0.8925   1.1125   1.3600   1.6050   1.8900   2.1770   2.3980   2.6270   2.9240   3.2120   3.4390   3.6900   3.9540   4.2225   4.5165   4.8270   5.1990   0.0000   0.0000   0.0000   0.0000;
176:  0.4010   0.6745   0.8930   1.1125   1.3600   1.6050   1.8900   2.1770   2.3975   2.6265   2.9235   3.2115   3.4390   3.6905   3.9545   4.2220   4.5155   4.8250   5.2010   0.0000   0.0000   0.0000   0.0000;
177:  0.4005   0.6745   0.8930   1.1125   1.3595   1.6045   1.8900   2.1765   2.3970   2.6260   2.9230   3.2115   3.4390   3.6905   3.9545   4.2215   4.5145   4.8230   5.2045   0.0000   0.0000   0.0000   0.0000;
178:  0.4005   0.6745   0.8930   1.1125   1.3595   1.6045   1.8900   2.1765   2.3965   2.6255   2.9225   3.2110   3.4390   3.6910   3.9550   4.2210   4.5135   4.8210   5.2095   0.0000   0.0000   0.0000   0.0000;
179:  0.4010   0.6750   0.8930   1.1125   1.3595   1.6045   1.8900   2.1765   2.3965   2.6250   2.9215   3.2105   3.4390   3.6915   3.9555   4.2205   4.5120   4.8180   5.2145   5.6335   5.9145   0.0000   0.0000;
180:  0.4010   0.6750   0.8930   1.1125   1.3595   1.6045   1.8900   2.1760   2.3955   2.6240   2.9205   3.2100   3.4390   3.6915   3.9555   4.2200   4.5105   4.8155   5.2205   5.6440   5.9155   0.0000   0.0000;
181:  0.4010   0.6750   0.8930   1.1125   1.3590   1.6035   1.8895   2.1760   2.3950   2.6235   2.9200   3.2095   3.4385   3.6910   3.9550   4.2190   4.5090   4.8130   5.2260   5.6540   5.9170   0.0000   0.0000;
182:  0.4010   0.6750   0.8930   1.1125   1.3590   1.6035   1.8895   2.1755   2.3945   2.6230   2.9190   3.2085   3.4380   3.6910   3.9545   4.2180   4.5070   4.8100   5.2320   5.6635   5.9180   0.0000   0.0000;
183:  0.4015   0.6750   0.8930   1.1125   1.3590   1.6035   1.8890   2.1745   2.3935   2.6220   2.9180   3.2075   3.4370   3.6900   3.9535   4.2165   4.5050   4.8075   5.2370   5.6720   5.9195   0.0000   0.0000;
184:  0.4015   0.6750   0.8925   1.1120   1.3585   1.6030   1.8885   2.1740   2.3935   2.6215   2.9170   3.2065   3.4365   3.6895   3.9525   4.2150   4.5020   4.8040   5.2410   5.6775   5.9190   0.0000   0.0000;
185:  0.4015   0.6745   0.8920   1.1120   1.3585   1.6030   1.8885   2.1735   2.3925   2.6205   2.9155   3.2050   3.4355   3.6890   3.9515   4.2135   4.5000   4.8010   5.2435   5.6805   5.9170   0.0000   0.0000;
186:  0.4015   0.6745   0.8920   1.1120   1.3580   1.6020   1.8870   2.1720   2.3920   2.6195   2.9140   3.2040   3.4345   3.6875   3.9495   4.2115   4.4970   4.7970   5.2445   5.6815   5.9145   0.0000   0.0000;
187:  0.4015   0.6745   0.8920   1.1115   1.3570   1.6015   1.8870   2.1720   2.3915   2.6185   2.9125   3.2025   3.4335   3.6865   3.9480   4.2090   4.4935   4.7930   5.2440   5.6790   5.9090   0.0000   0.0000;
188:  0.4015   0.6740   0.8915   1.1110   1.3570   1.6015   1.8860   2.1705   2.3905   2.6175   2.9115   3.2010   3.4320   3.6850   3.9460   4.2070   4.4900   4.7890   5.2425   5.6740   5.9015   0.0000   0.0000;
189:  0.4015   0.6740   0.8915   1.1110   1.3565   1.6005   1.8850   2.1695   2.3900   2.6165   2.9095   3.1990   3.4305   3.6835   3.9435   4.2040   4.4865   4.7850   5.2390   5.6665   5.8930   0.0000   0.0000;
190:  0.4020   0.6740   0.8910   1.1105   1.3560   1.6000   1.8845   2.1685   2.3890   2.6150   2.9075   3.1975   3.4295   3.6820   3.9410   4.2010   4.4825   4.7805   5.2350   5.6575   5.8825   0.0000   0.0000;
191:  0.4020   0.6735   0.8905   1.1100   1.3555   1.5995   1.8835   2.1675   2.3880   2.6140   2.9060   3.1955   3.4275   3.6795   3.9380   4.1980   4.4785   4.7760   5.2300   5.6475   5.8720   0.0000   0.0000;
192:  0.4025   0.6735   0.8900   1.1095   1.3550   1.5990   1.8825   2.1665   2.3880   2.6130   2.9045   3.1940   3.4260   3.6775   3.9350   4.1950   4.4745   4.7710   5.2240   5.6370   5.8605   0.0000   0.0000;
193:  0.4025   0.6735   0.8900   1.1090   1.3540   1.5980   1.8810   2.1650   2.3870   2.6115   2.9025   3.1915   3.4235   3.6750   3.9320   4.1915   4.4700   4.7665   5.2180   5.6270   5.8500   0.0000   0.0000;
194:  0.4025   0.6730   0.8895   1.1085   1.3535   1.5970   1.8800   2.1640   2.3860   2.6105   2.9010   3.1895   3.4220   3.6730   3.9285   4.1880   4.4655   4.7615   5.2120   5.6175   5.8395   0.0000   0.0000;
195:  0.4025   0.6725   0.8885   1.1075   1.3530   1.5965   1.8785   2.1625   2.3850   2.6090   2.8990   3.1875   3.4200   3.6705   3.9250   4.1840   4.4610   4.7565   5.2050   5.6085   5.8300   0.0000   0.0000;
196:  0.4030   0.6725   0.8885   1.1070   1.3520   1.5960   1.8780   2.1615   2.3840   2.6075   2.8970   3.1850   3.4175   3.6675   3.9210   4.1800   4.4560   4.7510   5.1990   5.6020   5.8220   0.0000   0.0000;
197:  0.4025   0.6720   0.8880   1.1065   1.3515   1.5950   1.8765   2.1600   2.3830   2.6060   2.8950   3.1830   3.4155   3.6650   3.9175   4.1760   4.4515   4.7460   5.1925   5.5955   5.8150   0.0000   0.0000;
198:  0.4030   0.6715   0.8875   1.1060   1.3500   1.5935   1.8750   2.1585   2.3820   2.6045   2.8930   3.1810   3.4135   3.6620   3.9135   4.1720   4.4465   4.7405   5.1865   5.5910   5.8090   0.0000   0.0000;
199:  0.4035   0.6715   0.8870   1.1050   1.3495   1.5930   1.8740   2.1575   2.3810   2.6030   2.8910   3.1785   3.4110   3.6590   3.9095   4.1680   4.4420   4.7355   5.1805   5.5870   5.8035   0.0000   0.0000;
200:  0.4030   0.6710   0.8865   1.1040   1.3480   1.5915   1.8725   2.1555   2.3795   2.6015   2.8895   3.1770   3.4090   3.6560   3.9055   4.1635   4.4365   4.7300   5.1745   5.5835   5.7985   0.0000   0.0000;
201:  0.4035   0.6705   0.8855   1.1030   1.3470   1.5905   1.8710   2.1540   2.3785   2.6000   2.8875   3.1745   3.4060   3.6530   3.9020   4.1595   4.4320   4.7245   5.1675   5.5790   5.7930   0.0000   0.0000;
202:  0.4030   0.6700   0.8855   1.1025   1.3460   1.5890   1.8690   2.1525   2.3770   2.5980   2.8850   3.1720   3.4040   3.6500   3.8980   4.1550   4.4270   4.7195   5.1610   5.5745   5.7875   0.0000   0.0000;
203:  0.4035   0.6695   0.8845   1.1020   1.3455   1.5880   1.8680   2.1515   2.3760   2.5960   2.8825   3.1695   3.4015   3.6470   3.8940   4.1510   4.4225   4.7140   5.1530   5.5675   5.7805   0.0000   0.0000;
204:  0.4035   0.6695   0.8840   1.1010   1.3445   1.5870   1.8665   2.1500   2.3745   2.5940   2.8805   3.1675   3.3995   3.6440   3.8900   4.1465   4.4175   4.7090   5.1450   5.5590   5.7730   0.0000   0.0000;
205:  0.4030   0.6685   0.8830   1.1000   1.3435   1.5860   1.8650   2.1480   2.3730   2.5925   2.8785   3.1650   3.3965   3.6410   3.8865   4.1425   4.4130   4.7035   5.1360   5.5485   5.7640   0.0000   0.0000;
206:  0.4035   0.6685   0.8825   1.0990   1.3420   1.5845   1.8640   2.1470   2.3715   2.5905   2.8765   3.1630   3.3945   3.6380   3.8825   4.1380   4.4080   4.6985   5.1265   5.5360   5.7545   0.0000   0.0000;
207:  0.4030   0.6675   0.8820   1.0985   1.3410   1.5830   1.8620   2.1450   2.3695   2.5885   2.8740   3.1605   3.3925   3.6355   3.8795   4.1345   4.4035   4.6935   5.1170   5.5220   5.7445   0.0000   0.0000;
208:  0.4030   0.6670   0.8810   1.0975   1.3400   1.5820   1.8610   2.1440   2.3680   2.5865   2.8720   3.1580   3.3900   3.6330   3.8760   4.1305   4.3995   4.6885   5.1060   5.5060   5.7340   0.0000   0.0000;
209:  0.4025   0.6665   0.8805   1.0965   1.3390   1.5810   1.8595   2.1425   2.3665   2.5840   2.8695   3.1560   3.3875   3.6295   3.8725   4.1265   4.3950   4.6840   5.0955   5.4890   5.7240   0.0000   0.0000;
210:  0.4030   0.6660   0.8795   1.0955   1.3380   1.5800   1.8585   2.1410   2.3645   2.5820   2.8670   3.1535   3.3855   3.6270   3.8695   4.1230   4.3905   4.6790   5.0845   5.4720   5.7160   0.0000   0.0000;
211:  0.4025   0.6655   0.8795   1.0945   1.3360   1.5780   1.8565   2.1390   2.3625   2.5800   2.8650   3.1515   3.3835   3.6250   3.8670   4.1195   4.3865   4.6745   5.0745   5.4565   0.0000   0.0000   0.0000;
212:  0.4020   0.6645   0.8785   1.0935   1.3350   1.5770   1.8555   2.1380   2.3610   2.5780   2.8625   3.1490   3.3815   3.6225   3.8640   4.1160   4.3825   4.6700   5.0650   5.4420   0.0000   0.0000   0.0000;
213:  0.4020   0.6640   0.8775   1.0925   1.3340   1.5760   1.8545   2.1365   2.3590   2.5760   2.8605   3.1470   3.3790   3.6195   3.8610   4.1125   4.3785   4.6655   5.0565   5.4305   0.0000   0.0000   0.0000;
214:  0.4015   0.6635   0.8770   1.0915   1.3330   1.5750   1.8530   2.1345   2.3565   2.5735   2.8580   3.1445   3.3770   3.6175   3.8585   4.1090   4.3750   4.6620   5.0495   5.4215   0.0000   0.0000   0.0000;
215:  0.4015   0.6630   0.8760   1.0905   1.3320   1.5740   1.8520   2.1330   2.3545   2.5710   2.8550   3.1420   3.3750   3.6155   3.8565   4.1065   4.3715   4.6575   5.0440   5.4170   0.0000   0.0000   0.0000;
216:  0.4010   0.6620   0.8750   1.0895   1.3305   1.5720   1.8500   2.1315   2.3530   2.5690   2.8525   3.1395   3.3730   3.6135   3.8540   4.1030   4.3675   4.6535   5.0400   5.4150   0.0000   0.0000   0.0000;
217:  0.4010   0.6620   0.8745   1.0885   1.3295   1.5710   1.8490   2.1300   2.3505   2.5665   2.8505   3.1375   3.3710   3.6115   3.8520   4.1005   4.3640   4.6495   5.0380   0.0000   0.0000   0.0000   0.0000;
218:  0.4005   0.6610   0.8735   1.0875   1.3285   1.5700   1.8480   2.1285   2.3485   2.5645   2.8480   3.1350   3.3685   3.6090   3.8500   4.0975   4.3605   4.6460   0.0000   0.0000   0.0000   0.0000   0.0000;
219:  0.4000   0.6600   0.8730   1.0870   1.3275   1.5690   1.8465   2.1265   2.3460   2.5620   2.8455   3.1325   3.3665   3.6070   3.8475   4.0945   4.3570   4.6425   0.0000   0.0000   0.0000   0.0000   0.0000;
220:  0.4000   0.6600   0.8720   1.0855   1.3265   1.5685   1.8460   2.1250   2.3435   2.5595   2.8430   3.1300   3.3645   3.6050   3.8455   4.0920   4.3540   4.6390   0.0000   0.0000   0.0000   0.0000   0.0000;
221:  0.3995   0.6590   0.8715   1.0850   1.3255   1.5675   1.8450   2.1235   2.3415   2.5575   2.8405   3.1275   3.3625   3.6030   3.8435   4.0895   4.3505   4.6355   0.0000   0.0000   0.0000   0.0000   0.0000;
222:  0.3995   0.6585   0.8705   1.0840   1.3245   1.5665   1.8435   2.1215   2.3390   2.5550   2.8380   3.1250   3.3600   3.6005   3.8410   4.0865   4.3470   4.6320   0.0000   0.0000   0.0000   0.0000   0.0000;
223:  0.3990   0.6575   0.8695   1.0830   1.3235   1.5655   1.8420   2.1195   2.3370   2.5530   2.8355   3.1225   3.3580   3.5990   3.8395   4.0840   4.3440   4.6290   0.0000   0.0000   0.0000   0.0000   0.0000;
224:  0.3990   0.6570   0.8685   1.0820   1.3225   1.5645   1.8410   2.1180   2.3345   2.5505   2.8330   3.1200   3.3560   3.5970   3.8375   4.0815   4.3405   4.6255   0.0000   0.0000   0.0000   0.0000   0.0000;
225:  0.3985   0.6565   0.8680   1.0810   1.3215   1.5635   1.8395   2.1155   2.3320   2.5485   2.8305   3.1175   3.3540   3.5950   3.8350   4.0785   4.3370   4.6225   0.0000   0.0000   0.0000   0.0000   0.0000;
226:  0.3980   0.6555   0.8670   1.0800   1.3205   1.5625   1.8385   2.1140   2.3295   2.5460   2.8280   3.1150   3.3515   3.5925   3.8330   4.0760   4.3340   4.6195   0.0000   0.0000   0.0000   0.0000   0.0000;
227:  0.3985   0.6550   0.8660   1.0790   1.3200   1.5625   1.8375   2.1120   2.3270   2.5430   2.8250   3.1125   3.3495   3.5905   3.8305   4.0735   4.3310   4.6165   0.0000   0.0000   0.0000   0.0000   0.0000;
228:  0.3985   0.6550   0.8660   1.0790   1.3195   1.5615   1.8365   2.1105   2.3250   2.5410   2.8225   3.1100   3.3470   3.5880   3.8280   4.0710   4.3280   4.6135   0.0000   0.0000   0.0000   0.0000   0.0000;
229:  0.3980   0.6540   0.8650   1.0780   1.3185   1.5605   1.8350   2.1085   2.3230   2.5390   2.8200   3.1070   3.3445   3.5860   3.8255   4.0680   4.3250   4.6110   0.0000   0.0000   0.0000   0.0000   0.0000;
230:  0.3980   0.6535   0.8640   1.0770   1.3175   1.5600   1.8340   2.1065   2.3205   2.5365   2.8180   3.1050   3.3420   3.5830   3.8225   4.0655   4.3220   4.6080   0.0000   0.0000   0.0000   0.0000   0.0000;
231:  0.3975   0.6530   0.8635   1.0760   1.3165   1.5590   1.8325   2.1040   2.3180   2.5345   2.8155   3.1025   3.3400   3.5810   3.8200   4.0630   4.3195   4.6055   0.0000   0.0000   0.0000   0.0000   0.0000;
232:  0.3975   0.6525   0.8625   1.0755   1.3165   1.5585   1.8315   2.1025   2.3160   2.5330   2.8135   3.0995   3.3370   3.5780   3.8165   4.0600   4.3165   4.6025   0.0000   0.0000   0.0000   0.0000   0.0000;
233:  0.3970   0.6515   0.8620   1.0750   1.3155   1.5580   1.8305   2.1005   2.3140   2.5310   2.8115   3.0975   3.3345   3.5755   3.8140   4.0575   4.3140   4.6005   0.0000   0.0000   0.0000   0.0000   0.0000;
234:  0.3975   0.6515   0.8615   1.0740   1.3145   1.5570   1.8290   2.0985   2.3120   2.5290   2.8090   3.0950   3.3325   3.5730   3.8105   4.0545   4.3110   4.5975   0.0000   0.0000   0.0000   0.0000   0.0000;
235:  0.3975   0.6510   0.8605   1.0735   1.3145   1.5565   1.8275   2.0965   2.3100   2.5270   2.8070   3.0925   3.3295   3.5700   3.8070   4.0515   4.3085   4.5950   0.0000   0.0000   0.0000   0.0000   0.0000;
236:  0.3975   0.6510   0.8600   1.0725   1.3135   1.5555   1.8260   2.0945   2.3080   2.5250   2.8050   3.0905   3.3270   3.5665   3.8030   4.0485   4.3060   4.5930   0.0000   0.0000   0.0000   0.0000   0.0000;
237:  0.3970   0.6500   0.8595   1.0725   1.3130   1.5550   1.8250   2.0925   2.3060   2.5230   2.8030   3.0880   3.3240   3.5635   3.8000   4.0465   4.3040   4.5905   0.0000   0.0000   0.0000   0.0000   0.0000;
238:  0.3970   0.6495   0.8585   1.0715   1.3120   1.5540   1.8240   2.0910   2.3045   2.5220   2.8010   3.0850   3.3210   3.5600   3.7955   4.0430   4.3015   4.5885   0.0000   0.0000   0.0000   0.0000   0.0000;
239:  0.3965   0.6490   0.8580   1.0710   1.3120   1.5535   1.8225   2.0890   2.3025   2.5200   2.7995   3.0835   3.3190   3.5575   3.7920   4.0405   4.3000   4.5865   0.0000   0.0000   0.0000   0.0000   0.0000;
240:  0.3965   0.6485   0.8575   1.0705   1.3110   1.5525   1.8210   2.0875   2.3015   2.5185   2.7975   3.0810   3.3160   3.5540   3.7880   4.0380   4.2980   4.5840   0.0000   0.0000   0.0000   0.0000   0.0000;
241:  0.3965   0.6485   0.8575   1.0700   1.3100   1.5515   1.8195   2.0855   2.2995   2.5170   2.7960   3.0790   3.3135   3.5505   3.7840   4.0355   4.2965   4.5825   0.0000   0.0000   0.0000   0.0000   0.0000;
242:  0.3965   0.6480   0.8565   1.0695   1.3100   1.5515   1.8190   2.0840   2.2980   2.5155   2.7945   3.0775   3.3110   3.5470   3.7805   4.0335   4.2950   4.5805   0.0000   0.0000   0.0000   0.0000   0.0000;
243:  0.3965   0.6480   0.8560   1.0690   1.3095   1.5505   1.8175   2.0825   2.2970   2.5145   2.7930   3.0750   3.3080   3.5435   3.7765   4.0310   4.2940   4.5795   0.0000   0.0000   0.0000   0.0000   0.0000;
244:  0.3960   0.6475   0.8560   1.0685   1.3085   1.5495   1.8160   2.0810   2.2960   2.5130   2.7915   3.0735   3.3060   3.5410   3.7730   4.0285   4.2925   4.5775   0.0000   0.0000   0.0000   0.0000   0.0000;
245:  0.3960   0.6470   0.8555   1.0685   1.3080   1.5485   1.8150   2.0795   2.2945   2.5120   2.7905   3.0720   3.3035   3.5375   3.7690   4.0265   4.2920   4.5760   0.0000   0.0000   0.0000   0.0000   0.0000;
246:  0.3960   0.6470   0.8550   1.0675   1.3075   1.5480   1.8140   2.0785   2.2930   2.5105   2.7895   3.0705   3.3015   3.5345   3.7655   4.0245   4.2910   4.5750   0.0000   0.0000   0.0000   0.0000   0.0000;
247:  0.3955   0.6465   0.8550   1.0675   1.3070   1.5470   1.8125   2.0770   2.2925   2.5100   2.7885   3.0685   3.2985   3.5310   3.7620   4.0230   4.2905   4.5735   0.0000   0.0000   0.0000   0.0000   0.0000;
248:  0.3955   0.6460   0.8545   1.0675   1.3065   1.5460   1.8115   2.0760   2.2915   2.5085   2.7870   3.0670   3.2965   3.5285   3.7590   4.0215   4.2900   4.5720   0.0000   0.0000   0.0000   0.0000   0.0000;
249:  0.3955   0.6460   0.8545   1.0670   1.3060   1.5455   1.8105   2.0750   2.2905   2.5075   2.7860   3.0660   3.2945   3.5255   3.7560   4.0200   4.2900   4.5715   0.0000   0.0000   0.0000   0.0000   0.0000;
250:  0.3955   0.6455   0.8535   1.0665   1.3055   1.5445   1.8095   2.0745   2.2900   2.5065   2.7850   3.0645   3.2925   3.5225   3.7530   4.0190   4.2900   4.5705   0.0000   0.0000   0.0000   0.0000   0.0000;
251:  0.3955   0.6455   0.8535   1.0665   1.3050   1.5435   1.8085   2.0735   2.2895   2.5060   2.7840   3.0630   3.2905   3.5200   3.7505   4.0180   4.2900   4.5695   0.0000   0.0000   0.0000   0.0000   0.0000;
252:  0.3945   0.6450   0.8535   1.0660   1.3045   1.5430   1.8075   2.0730   2.2895   2.5055   2.7835   3.0625   3.2890   3.5180   3.7485   4.0175   4.2910   4.5695   0.0000   0.0000   0.0000   0.0000   0.0000;
253:  0.3945   0.6450   0.8535   1.0660   1.3040   1.5425   1.8075   2.0725   2.2885   2.5045   2.7825   3.0610   3.2875   3.5160   3.7465   4.0170   4.2910   4.5685   0.0000   0.0000   0.0000   0.0000   0.0000;
254:  0.3945   0.6450   0.8535   1.0660   1.3035   1.5415   1.8065   2.0720   2.2885   2.5040   2.7820   3.0605   3.2860   3.5140   3.7450   4.0170   4.2920   4.5680   0.0000   0.0000   0.0000   0.0000   0.0000;
255:  0.3940   0.6445   0.8525   1.0655   1.3035   1.5410   1.8060   2.0720   2.2880   2.5035   2.7815   3.0595   3.2850   3.5125   3.7440   4.0170   4.2925   4.5680   0.0000   0.0000   0.0000   0.0000   0.0000;
256:  0.3940   0.6445   0.8525   1.0650   1.3025   1.5400   1.8050   2.0715   2.2880   2.5030   2.7810   3.0590   3.2835   3.5110   3.7435   4.0175   4.2935   4.5675   0.0000   0.0000   0.0000   0.0000   0.0000;
257:  0.3935   0.6440   0.8525   1.0650   1.3025   1.5395   1.8045   2.0715   2.2880   2.5030   2.7805   3.0580   3.2825   3.5100   3.7430   4.0175   4.2940   4.5670   0.0000   0.0000   0.0000   0.0000   0.0000;
258:  0.3930   0.6440   0.8525   1.0650   1.3020   1.5390   1.8045   2.0720   2.2885   2.5025   2.7800   3.0580   3.2820   3.5090   3.7425   4.0180   4.2950   4.5670   0.0000   0.0000   0.0000   0.0000   0.0000;
259:  0.3930   0.6440   0.8525   1.0650   1.3020   1.5385   1.8040   2.0720   2.2885   2.5025   2.7795   3.0570   3.2810   3.5085   3.7430   4.0185   4.2960   4.5675   0.0000   0.0000   0.0000   0.0000   0.0000;
260:  0.3925   0.6440   0.8525   1.0650   1.3020   1.5385   1.8040   2.0720   2.2885   2.5020   2.7790   3.0570   3.2805   3.5080   3.7435   4.0195   4.2970   4.5670   0.0000   0.0000   0.0000   0.0000   0.0000;
261:  0.3925   0.6440   0.8525   1.0650   1.3015   1.5375   1.8040   2.0730   2.2890   2.5020   2.7790   3.0565   3.2800   3.5080   3.7445   4.0205   4.2980   4.5675   0.0000   0.0000   0.0000   0.0000   0.0000;
262:  0.3925   0.6440   0.8530   1.0655   1.3015   1.5375   1.8040   2.0730   2.2890   2.5020   2.7785   3.0560   3.2795   3.5075   3.7455   4.0215   4.2985   4.5675   0.0000   0.0000   0.0000   0.0000   0.0000;
263:  0.3920   0.6440   0.8530   1.0655   1.3015   1.5375   1.8045   2.0740   2.2900   2.5025   2.7785   3.0560   3.2795   3.5080   3.7470   4.0230   4.3000   4.5680   0.0000   0.0000   0.0000   0.0000   0.0000;
264:  0.3920   0.6440   0.8530   1.0655   1.3015   1.5370   1.8040   2.0745   2.2905   2.5025   2.7785   3.0560   3.2795   3.5085   3.7490   4.0245   4.3010   4.5685   0.0000   0.0000   0.0000   0.0000   0.0000;
265:  0.3915   0.6440   0.8530   1.0655   1.3015   1.5370   1.8045   2.0755   2.2915   2.5030   2.7780   3.0555   3.2795   3.5090   3.7505   4.0255   4.3020   4.5690   0.0000   0.0000   0.0000   0.0000   0.0000;
266:  0.3915   0.6440   0.8530   1.0655   1.3015   1.5370   1.8045   2.0755   2.2915   2.5030   2.7780   3.0560   3.2800   3.5100   3.7530   4.0270   4.3030   4.5695   0.0000   0.0000   0.0000   0.0000   0.0000;
267:  0.3915   0.6440   0.8530   1.0655   1.3015   1.5370   1.8050   2.0765   2.2920   2.5035   2.7785   3.0560   3.2800   3.5110   3.7555   4.0285   4.3035   4.5695   0.0000   0.0000   0.0000   0.0000   0.0000;
268:  0.3910   0.6440   0.8535   1.0660   1.3020   1.5380   1.8060   2.0775   2.2930   2.5040   2.7780   3.0555   3.2800   3.5120   3.7580   4.0300   4.3045   4.5700   0.0000   0.0000   0.0000   0.0000   0.0000;
269:  0.3910   0.6440   0.8535   1.0660   1.3020   1.5380   1.8065   2.0785   2.2940   2.5050   2.7785   3.0560   3.2810   3.5135   3.7610   4.0320   4.3055   4.5710   0.0000   0.0000   0.0000   0.0000   0.0000;
270:  0.3910   0.6440   0.8535   1.0665   1.3025   1.5380   1.8065   2.0790   2.2950   2.5055   2.7785   3.0565   3.2815   3.5150   3.7640   4.0330   4.3060   4.5715   0.0000   0.0000   0.0000   0.0000   0.0000;
271:  0.3905   0.6445   0.8540   1.0665   1.3030   1.5390   1.8075   2.0800   2.2955   2.5060   2.7790   3.0565   3.2820   3.5165   3.7665   4.0345   4.3075   4.5730   0.0000   0.0000   0.0000   0.0000   0.0000;
272:  0.3905   0.6445   0.8545   1.0670   1.3030   1.5390   1.8080   2.0805   2.2960   2.5065   2.7790   3.0570   3.2825   3.5180   3.7700   4.0360   4.3080   4.5740   0.0000   0.0000   0.0000   0.0000   0.0000;
273:  0.3905   0.6445   0.8545   1.0670   1.3035   1.5400   1.8090   2.0815   2.2970   2.5075   2.7795   3.0575   3.2835   3.5200   3.7730   4.0375   4.3090   4.5750   0.0000   0.0000   0.0000   0.0000   0.0000;
274:  0.3910   0.6450   0.8545   1.0675   1.3040   1.5400   1.8095   2.0825   2.2980   2.5085   2.7800   3.0580   3.2845   3.5220   3.7765   4.0390   4.3095   4.5760   0.0000   0.0000   0.0000   0.0000   0.0000;
275:  0.3910   0.6455   0.8555   1.0680   1.3045   1.5410   1.8105   2.0835   2.2990   2.5095   2.7805   3.0585   3.2855   3.5240   3.7795   4.0405   4.3110   4.5775   0.0000   0.0000   0.0000   0.0000   0.0000;
276:  0.3910   0.6455   0.8555   1.0685   1.3055   1.5420   1.8115   2.0845   2.3005   2.5110   2.7815   3.0595   3.2865   3.5260   3.7830   4.0420   4.3120   4.5790   0.0000   0.0000   0.0000   0.0000   0.0000;
277:  0.3915   0.6465   0.8565   1.0690   1.3055   1.5425   1.8125   2.0855   2.3015   2.5125   2.7830   3.0610   3.2885   3.5285   3.7860   4.0430   4.3130   4.5810   0.0000   0.0000   0.0000   0.0000   0.0000;
278:  0.3910   0.6465   0.8565   1.0695   1.3065   1.5435   1.8135   2.0860   2.3020   2.5135   2.7835   3.0615   3.2895   3.5305   3.7890   4.0445   4.3145   4.5825   0.0000   0.0000   0.0000   0.0000   0.0000;
279:  0.3915   0.6475   0.8575   1.0700   1.3070   1.5445   1.8145   2.0870   2.3030   2.5145   2.7845   3.0630   3.2910   3.5325   3.7920   4.0455   4.3155   4.5845   0.0000   0.0000   0.0000   0.0000   0.0000;
280:  0.3915   0.6475   0.8575   1.0705   1.3080   1.5455   1.8155   2.0880   2.3045   2.5165   2.7860   3.0640   3.2925   3.5350   3.7955   4.0475   4.3170   4.5865   0.0000   0.0000   0.0000   0.0000   0.0000;
281:  0.3920   0.6485   0.8585   1.0710   1.3085   1.5465   1.8165   2.0890   2.3055   2.5180   2.7880   3.0660   3.2945   3.5375   3.7985   4.0485   4.3185   4.5890   0.0000   0.0000   0.0000   0.0000   0.0000;
282:  0.3920   0.6485   0.8585   1.0715   1.3095   1.5475   1.8175   2.0900   2.3070   2.5195   2.7890   3.0675   3.2965   3.5400   3.8015   4.0500   4.3205   4.5915   0.0000   0.0000   0.0000   0.0000   0.0000;
283:  0.3925   0.6495   0.8595   1.0725   1.3105   1.5485   1.8185   2.0910   2.3080   2.5210   2.7910   3.0695   3.2985   3.5425   3.8045   4.0515   4.3225   4.5940   0.0000   0.0000   0.0000   0.0000   0.0000;
284:  0.3925   0.6495   0.8600   1.0735   1.3115   1.5500   1.8200   2.0915   2.3090   2.5230   2.7930   3.0715   3.3005   3.5450   3.8075   4.0535   4.3250   4.5965   0.0000   0.0000   0.0000   0.0000   0.0000;
285:  0.3930   0.6505   0.8605   1.0735   1.3120   1.5510   1.8210   2.0925   2.3105   2.5250   2.7950   3.0735   3.3025   3.5475   3.8105   4.0550   4.3270   4.5995   0.0000   0.0000   0.0000   0.0000   0.0000;
286:  0.3930   0.6510   0.8615   1.0745   1.3130   1.5520   1.8220   2.0935   2.3120   2.5270   2.7970   3.0760   3.3055   3.5505   3.8135   4.0570   4.3300   4.6030   0.0000   0.0000   0.0000   0.0000   0.0000;
287:  0.3935   0.6515   0.8620   1.0755   1.3140   1.5530   1.8230   2.0945   2.3130   2.5285   2.7995   3.0785   3.3075   3.5530   3.8165   4.0590   4.3330   4.6060   0.0000   0.0000   0.0000   0.0000   0.0000;
288:  0.3940   0.6525   0.8625   1.0760   1.3150   1.5545   1.8245   2.0955   2.3145   2.5310   2.8025   3.0815   3.3105   3.5560   3.8195   4.0615   4.3365   4.6100   0.0000   0.0000   0.0000   0.0000   0.0000;
289:  0.3940   0.6530   0.8635   1.0770   1.3165   1.5560   1.8260   2.0970   2.3160   2.5330   2.8050   3.0840   3.3130   3.5590   3.8230   4.0645   4.3405   4.6140   0.0000   0.0000   0.0000   0.0000   0.0000;
290:  0.3940   0.6540   0.8645   1.0775   1.3170   1.5570   1.8270   2.0980   2.3175   2.5350   2.8075   3.0870   3.3165   3.5625   3.8260   4.0675   4.3450   4.6180   0.0000   0.0000   0.0000   0.0000   0.0000;
291:  0.3945   0.6550   0.8650   1.0780   1.3180   1.5580   1.8280   2.0995   2.3195   2.5375   2.8110   3.0910   3.3200   3.5660   3.8300   4.0710   4.3495   4.6225   0.0000   0.0000   0.0000   0.0000   0.0000;
292:  0.3945   0.6550   0.8655   1.0790   1.3190   1.5590   1.8290   2.1005   2.3210   2.5395   2.8135   3.0940   3.3235   3.5695   3.8335   4.0745   4.3540   4.6265   0.0000   0.0000   0.0000   0.0000   0.0000;
293:  0.3950   0.6560   0.8665   1.0800   1.3200   1.5605   1.8305   2.1015   2.3225   2.5420   2.8170   3.0980   3.3275   3.5735   3.8375   4.0790   4.3595   4.6315   0.0000   0.0000   0.0000   0.0000   0.0000;
294:  0.3950   0.6570   0.8675   1.0810   1.3210   1.5615   1.8320   2.1035   2.3250   2.5445   2.8205   3.1020   3.3310   3.5775   3.8420   4.0835   4.3650   4.6365   0.0000   0.0000   0.0000   0.0000   0.0000;
295:  0.3950   0.6575   0.8685   1.0820   1.3220   1.5625   1.8330   2.1045   2.3265   2.5470   2.8240   3.1060   3.3350   3.5815   3.8460   4.0880   4.3710   4.6415   0.0000   0.0000   0.0000   0.0000   0.0000;
296:  0.3955   0.6580   0.8690   1.0830   1.3230   1.5635   1.8345   2.1065   2.3285   2.5495   2.8275   3.1100   3.3395   3.5860   3.8510   4.0940   4.3775   4.6470   0.0000   0.0000   0.0000   0.0000   0.0000;
297:  0.3955   0.6590   0.8695   1.0835   1.3240   1.5650   1.8360   2.1080   2.3305   2.5520   2.8315   3.1145   3.3440   3.5905   3.8555   4.0995   4.3840   4.6525   0.0000   0.0000   0.0000   0.0000   0.0000;
298:  0.3955   0.6595   0.8705   1.0845   1.3250   1.5660   1.8375   2.1095   2.3320   2.5540   2.8350   3.1190   3.3485   3.5955   3.8610   4.1060   0.0000   0.0000   0.0000   0.0000   0.0000   0.0000   0.0000;
299:  0.3955   0.6605   0.8715   1.0855   1.3265   1.5675   1.8385   2.1110   2.3345   2.5570   2.8385   3.1235   3.3535   3.6005   3.8665   4.1130   0.0000   0.0000   0.0000   0.0000   0.0000   0.0000   0.0000;
300:  0.3955   0.6610   0.8725   1.0865   1.3275   1.5685   1.8400   2.1130   2.3365   2.5595   2.8430   3.1285   3.3585   3.6060   3.8720   4.1200   0.0000   0.0000   0.0000   0.0000   0.0000   0.0000   0.0000;
301:  0.3955   0.6615   0.8730   1.0875   1.3285   1.5695   1.8410   2.1145   2.3385   2.5620   2.8465   3.1330   3.3635   3.6115   3.8785   4.1280   0.0000   0.0000   0.0000   0.0000   0.0000   0.0000   0.0000;
302:  0.3960   0.6625   0.8740   1.0885   1.3295   1.5710   1.8430   2.1165   2.3410   2.5645   2.8500   3.1380   3.3690   3.6175   3.8855   4.1365   0.0000   0.0000   0.0000   0.0000   0.0000   0.0000   0.0000;
303:  0.3955   0.6630   0.8750   1.0895   1.3305   1.5720   1.8445   2.1190   2.3435   2.5670   2.8540   3.1430   3.3745   3.6235   3.8920   4.1445   0.0000   0.0000   0.0000   0.0000   0.0000   0.0000   0.0000;
304:  0.3960   0.6640   0.8760   1.0905   1.3315   1.5730   1.8460   2.1210   2.3460   2.5700   2.8585   3.1485   3.3800   3.6295   3.8990   4.1540   0.0000   0.0000   0.0000   0.0000   0.0000   0.0000   0.0000;
305:  0.3960   0.6645   0.8765   1.0910   1.3325   1.5740   1.8475   2.1235   2.3485   2.5720   2.8620   3.1535   3.3860   3.6365   3.9070   4.1635   0.0000   0.0000   0.0000   0.0000   0.0000   0.0000   0.0000;
306:  0.3960   0.6650   0.8770   1.0920   1.3335   1.5750   1.8490   2.1255   2.3510   2.5750   2.8660   3.1580   3.3910   3.6430   3.9145   4.1730   0.0000   0.0000   0.0000   0.0000   0.0000   0.0000   0.0000;
307:  0.3955   0.6655   0.8780   1.0930   1.3345   1.5760   1.8505   2.1280   2.3540   2.5780   2.8700   3.1630   3.3970   3.6500   3.9225   4.1835   0.0000   0.0000   0.0000   0.0000   0.0000   0.0000   0.0000;
308:  0.3960   0.6665   0.8790   1.0940   1.3355   1.5775   1.8525   2.1300   2.3560   2.5805   2.8740   3.1685   3.4030   3.6565   3.9305   4.1940   0.0000   0.0000   0.0000   0.0000   0.0000   0.0000   0.0000;
309:  0.3960   0.6665   0.8795   1.0950   1.3365   1.5785   1.8540   2.1325   2.3590   2.5830   2.8770   3.1725   3.4085   3.6640   3.9395   4.2050   0.0000   0.0000   0.0000   0.0000   0.0000   0.0000   0.0000;
310:  0.3955   0.6670   0.8805   1.0960   1.3380   1.5800   1.8555   2.1350   2.3615   2.5855   2.8810   3.1775   3.4140   3.6710   3.9480   4.2160   0.0000   0.0000   0.0000   0.0000   0.0000   0.0000   0.0000;
311:  0.3960   0.6680   0.8815   1.0970   1.3390   1.5810   1.8570   2.1375   2.3645   2.5880   2.8845   3.1825   3.4200   3.6785   3.9570   4.2275   0.0000   0.0000   0.0000   0.0000   0.0000   0.0000   0.0000;
312:  0.3960   0.6680   0.8820   1.0980   1.3400   1.5820   1.8585   2.1400   2.3670   2.5905   2.8880   3.1870   3.4255   3.6855   3.9660   4.2390   0.0000   0.0000   0.0000   0.0000   0.0000   0.0000   0.0000;
313:  0.3960   0.6690   0.8830   1.0990   1.3410   1.5835   1.8605   2.1425   2.3700   2.5930   2.8910   3.1915   3.4315   3.6930   3.9745   4.2500   0.0000   0.0000   0.0000   0.0000   0.0000   0.0000   0.0000;
314:  0.3960   0.6695   0.8840   1.1000   1.3420   1.5845   1.8620   2.1450   2.3730   2.5955   2.8945   3.1960   3.4365   3.7000   3.9835   4.2615   0.0000   0.0000   0.0000   0.0000   0.0000   0.0000   0.0000;
315:  0.3960   0.6695   0.8845   1.1010   1.3435   1.5860   1.8640   2.1475   2.3755   2.5985   2.8980   3.2005   3.4420   3.7070   3.9925   4.2735   0.0000   0.0000   0.0000   0.0000   0.0000   0.0000   0.0000;
316:  0.3965   0.6705   0.8855   1.1020   1.3445   1.5870   1.8655   2.1500   2.3780   2.6005   2.9005   3.2040   3.4475   3.7145   4.0010   4.2845   0.0000   0.0000   0.0000   0.0000   0.0000   0.0000   0.0000;
317:  0.3960   0.6705   0.8860   1.1030   1.3455   1.5885   1.8675   2.1525   2.3810   2.6030   2.9035   3.2080   3.4525   3.7215   4.0100   4.2965   0.0000   0.0000   0.0000   0.0000   0.0000   0.0000   0.0000;
318:  0.3965   0.6715   0.8870   1.1040   1.3465   1.5895   1.8690   2.1550   2.3835   2.6055   2.9070   3.2125   3.4580   3.7285   4.0185   4.3080   0.0000   0.0000   0.0000   0.0000   0.0000   0.0000   0.0000;
319:  0.3965   0.6715   0.8875   1.1050   1.3475   1.5905   1.8705   2.1575   2.3865   2.6080   2.9095   3.2160   3.4625   3.7350   4.0270   4.3190   0.0000   0.0000   0.0000   0.0000   0.0000   0.0000   0.0000;
320:  0.3965   0.6720   0.8885   1.1060   1.3490   1.5920   1.8720   2.1595   2.3890   2.6105   2.9120   3.2190   3.4670   3.7420   4.0355   4.3300   0.0000   0.0000   0.0000   0.0000   0.0000   0.0000   0.0000;
321:  0.3970   0.6725   0.8890   1.1070   1.3500   1.5935   1.8740   2.1620   2.3915   2.6125   2.9145   3.2225   3.4715   3.7480   4.0430   4.3410   0.0000   0.0000   0.0000   0.0000   0.0000   0.0000   0.0000;
322:  0.3970   0.6730   0.8900   1.1080   1.3510   1.5945   1.8755   2.1640   2.3940   2.6155   2.9175   3.2255   3.4760   3.7545   4.0505   4.3515   0.0000   0.0000   0.0000   0.0000   0.0000   0.0000   0.0000;
323:  0.3970   0.6730   0.8905   1.1090   1.3520   1.5955   1.8770   2.1665   2.3965   2.6175   2.9195   3.2285   3.4805   3.7605   4.0575   4.3610   0.0000   0.0000   0.0000   0.0000   0.0000   0.0000   0.0000;
324:  0.3975   0.6740   0.8915   1.1095   1.3530   1.5970   1.8785   2.1685   2.3985   2.6195   2.9215   3.2310   3.4845   3.7665   4.0650   4.3715   0.0000   0.0000   0.0000   0.0000   0.0000   0.0000   0.0000;
325:  0.3975   0.6740   0.8920   1.1105   1.3540   1.5985   1.8805   2.1710   2.4015   2.6220   2.9240   3.2340   3.4880   3.7715   4.0710   4.3805   0.0000   0.0000   0.0000   0.0000   0.0000   0.0000   0.0000;
326:  0.3980   0.6745   0.8930   1.1115   1.3550   1.5995   1.8820   2.1730   2.4035   2.6240   2.9260   3.2365   3.4920   3.7770   4.0775   4.3900   0.0000   0.0000   0.0000   0.0000   0.0000   0.0000   0.0000;
327:  0.3985   0.6750   0.8935   1.1125   1.3560   1.6005   1.8835   2.1750   2.4055   2.6260   2.9280   3.2385   3.4950   3.7820   4.0835   4.3990   0.0000   0.0000   0.0000   0.0000   0.0000   0.0000   0.0000;
328:  0.3985   0.6755   0.8940   1.1130   1.3570   1.6015   1.8850   2.1770   2.4075   2.6280   2.9300   3.2410   3.4985   3.7865   4.0885   4.4070   0.0000   0.0000   0.0000   0.0000   0.0000   0.0000   0.0000;
329:  0.3985   0.6755   0.8945   1.1140   1.3580   1.6025   1.8860   2.1785   2.4095   2.6300   2.9315   3.2425   3.5015   3.7910   4.0935   4.4145   0.0000   0.0000   0.0000   0.0000   0.0000   0.0000   0.0000;
330:  0.3990   0.6765   0.8955   1.1145   1.3585   1.6040   1.8880   2.1800   2.4110   2.6320   2.9335   3.2450   3.5045   3.7950   4.0980   4.4220   4.7165   0.0000   0.0000   0.0000   0.0000   0.0000   0.0000;
331:  0.3990   0.6765   0.8960   1.1155   1.3595   1.6050   1.8895   2.1820   2.4130   2.6340   2.9350   3.2465   3.5075   3.7990   4.1025   4.4290   4.7255   0.0000   0.0000   0.0000   0.0000   0.0000   0.0000;
332:  0.3990   0.6765   0.8965   1.1165   1.3605   1.6060   1.8910   2.1835   2.4145   2.6360   2.9370   3.2485   3.5100   3.8025   4.1060   4.4355   4.7355   4.9520   5.1845   0.0000   0.0000   0.0000   0.0000;
333:  0.3990   0.6770   0.8975   1.1175   1.3615   1.6070   1.8920   2.1850   2.4165   2.6380   2.9385   3.2500   3.5130   3.8060   4.1090   4.4410   4.7440   4.9615   5.1950   0.0000   0.0000   0.0000   0.0000;
334:  0.3990   0.6770   0.8980   1.1180   1.3620   1.6080   1.8935   2.1865   2.4175   2.6395   2.9400   3.2515   3.5155   3.8095   4.1125   4.4470   4.7530   4.9710   5.2050   0.0000   0.0000   0.0000   0.0000;
335:  0.3995   0.6780   0.8985   1.1185   1.3630   1.6090   1.8945   2.1875   2.4190   2.6415   2.9415   3.2530   3.5180   3.8120   4.1150   4.4520   4.7610   4.9805   5.2150   0.0000   0.0000   0.0000   0.0000;
336:  0.3995   0.6780   0.8990   1.1195   1.3640   1.6100   1.8955   2.1885   2.4200   2.6430   2.9435   3.2545   3.5200   3.8150   4.1175   4.4565   4.7685   4.9890   5.2240   0.0000   0.0000   0.0000   0.0000;
337:  0.3995   0.6785   0.9000   1.1200   1.3645   1.6110   1.8970   2.1900   2.4210   2.6445   2.9450   3.2560   3.5220   3.8175   4.1200   4.4610   4.7760   4.9975   5.2325   0.0000   0.0000   0.0000   0.0000;
338:  0.3995   0.6785   0.9005   1.1210   1.3650   1.6115   1.8980   2.1910   2.4225   2.6460   2.9460   3.2575   3.5245   3.8200   4.1215   4.4645   4.7830   5.0055   5.2400   0.0000   0.0000   0.0000   0.0000;
339:  0.3995   0.6790   0.9010   1.1210   1.3655   1.6125   1.8990   2.1920   2.4235   2.6475   2.9470   3.2580   3.5265   3.8225   4.1235   4.4680   4.7895   5.0135   0.0000   0.0000   0.0000   0.0000   0.0000;
340:  0.3995   0.6790   0.9015   1.1220   1.3665   1.6135   1.9005   2.1930   2.4240   2.6490   2.9485   3.2595   3.5285   3.8240   4.1245   4.4710   4.7955   5.0205   0.0000   0.0000   0.0000   0.0000   0.0000;
341:  0.3995   0.6790   0.9015   1.1225   1.3670   1.6140   1.9015   2.1940   2.4250   2.6500   2.9495   3.2605   3.5305   3.8265   4.1260   4.4740   4.8010   5.0270   0.0000   0.0000   0.0000   0.0000   0.0000;
342:  0.3995   0.6795   0.9025   1.1230   1.3675   1.6145   1.9020   2.1950   2.4255   2.6510   2.9510   3.2620   3.5325   3.8280   4.1270   4.4760   4.8055   5.0330   0.0000   0.0000   0.0000   0.0000   0.0000;
343:  0.3995   0.6795   0.9025   1.1235   1.3680   1.6150   1.9030   2.1955   2.4260   2.6520   2.9515   3.2625   3.5340   3.8300   4.1280   4.4775   4.8095   5.0385   0.0000   0.0000   0.0000   0.0000   0.0000;
344:  0.3990   0.6800   0.9035   1.1240   1.3685   1.6160   1.9040   2.1960   2.4265   2.6530   2.9525   3.2640   3.5365   3.8320   4.1290   4.4795   4.8135   5.0430   0.0000   0.0000   0.0000   0.0000   0.0000;
345:  0.3990   0.6800   0.9035   1.1240   1.3685   1.6160   1.9040   2.1965   2.4270   2.6535   2.9535   3.2650   3.5380   3.8335   4.1300   4.4810   4.8160   5.0465   0.0000   0.0000   0.0000   0.0000   0.0000;
346:  0.3990   0.6800   0.9040   1.1250   1.3695   1.6170   1.9050   2.1970   2.4270   2.6545   2.9545   3.2660   3.5400   3.8350   4.1305   4.4815   4.8185   5.0505   0.0000   0.0000   0.0000   0.0000   0.0000;
347:  0.3990   0.6805   0.9045   1.1250   1.3695   1.6175   1.9060   2.1975   2.4275   2.6555   2.9555   3.2670   3.5415   3.8365   4.1315   4.4825   4.8200   5.0530   0.0000   0.0000   0.0000   0.0000   0.0000;
348:  0.3985   0.6805   0.9045   1.1250   1.3695   1.6175   1.9060   2.1975   2.4275   2.6560   2.9560   3.2675   3.5430   3.8380   4.1325   4.4830   4.8210   5.0550   0.0000   0.0000   0.0000   0.0000   0.0000;
349:  0.3985   0.6805   0.9050   1.1260   1.3700   1.6175   1.9065   2.1980   2.4275   2.6560   2.9560   3.2680   3.5445   3.8395   4.1335   4.4835   4.8210   5.0555   0.0000   0.0000   0.0000   0.0000   0.0000;
350:  0.3985   0.6805   0.9050   1.1260   1.3700   1.6180   1.9070   2.1980   2.4275   2.6565   2.9570   3.2690   3.5460   3.8415   4.1345   4.4830   4.8205   5.0555   0.0000   0.0000   0.0000   0.0000   0.0000;
351:  0.3975   0.6800   0.9050   1.1260   1.3700   1.6180   1.9075   2.1985   2.4275   2.6565   2.9570   3.2695   3.5475   3.8430   4.1355   4.4830   4.8195   5.0550   0.0000   0.0000   0.0000   0.0000   0.0000;
352:  0.3975   0.6805   0.9055   1.1260   1.3700   1.6185   1.9080   2.1985   2.4275   2.6570   2.9575   3.2700   3.5485   3.8440   4.1365   4.4825   4.8180   5.0540   0.0000   0.0000   0.0000   0.0000   0.0000;
353:  0.3975   0.6805   0.9055   1.1265   1.3710   1.6190   1.9080   2.1985   2.4270   2.6565   2.9575   3.2705   3.5500   3.8455   4.1375   4.4820   4.8155   5.0515   0.0000   0.0000   0.0000   0.0000   0.0000;
354:  0.3975   0.6805   0.9055   1.1265   1.3710   1.6190   1.9080   2.1985   2.4270   2.6565   2.9575   3.2710   3.5510   3.8465   4.1385   4.4810   4.8125   5.0485   0.0000   0.0000   0.0000   0.0000   0.0000;
355:  0.3970   0.6805   0.9055   1.1265   1.3705   1.6185   1.9080   2.1985   2.4265   2.6560   2.9570   3.2710   3.5525   3.8485   4.1400   4.4800   4.8090   5.0450   0.0000   0.0000   0.0000   0.0000   0.0000;
356:  0.3970   0.6805   0.9055   1.1265   1.3705   1.6185   1.9080   2.1985   2.4265   2.6560   2.9570   3.2710   3.5530   3.8495   4.1415   4.4795   4.8055   5.0410   0.0000   0.0000   0.0000   0.0000   0.0000;
357:  0.3965   0.6800   0.9055   1.1265   1.3705   1.6190   1.9085   2.1985   2.4260   2.6550   2.9560   3.2710   3.5540   3.8505   4.1425   4.4780   4.8005   5.0360   0.0000   0.0000   0.0000   0.0000   0.0000;
358:  0.3960   0.6800   0.9055   1.1265   1.3705   1.6190   1.9080   2.1975   2.4255   2.6545   2.9555   3.2710   3.5545   3.8520   4.1440   4.4765   4.7955   5.0300   5.2500   0.0000   0.0000   0.0000   0.0000;
359:  0.3960   0.6800   0.9055   1.1265   1.3705   1.6190   1.9080   2.1975   2.4250   2.6540   2.9550   3.2705   3.5545   3.8525   4.1450   4.4745   4.7900   5.0245   0.0000   0.0000   0.0000   0.0000   0.0000;
#AFTER_DB_V3;
000:  0.2290   0.5630   0.7960   1.0130   1.2390   1.5020   1.7350   2.0800   2.3140   2.5340   2.7720   3.1360   3.4040   3.7060   4.0010   4.2920   4.6550   4.9140   5.1220   5.3440   0.0000   0.0000   0.0000;
001:  0.2290   0.5620   0.7960   1.0130   1.2390   1.5020   1.7350   2.0790   2.3140   2.5330   2.7710   3.1350   3.4040   3.7060   4.0020   4.2930   4.6500   4.9070   5.1150   5.3310   0.0000   0.0000   0.0000;
002:  0.2290   0.5620   0.7960   1.0130   1.2390   1.5020   1.7350   2.0780   2.3130   2.5320   2.7700   3.1340   3.4040   3.7060   4.0030   4.2940   4.6450   4.8990   5.1070   5.3190   0.0000   0.0000   0.0000;
003:  0.2290   0.5620   0.7960   1.0130   1.2390   1.5020   1.7350   2.0780   2.3130   2.5310   2.7690   3.1330   3.4030   3.7060   4.0040   4.2950   4.6390   4.8910   5.1000   5.3070   0.0000   0.0000   0.0000;
004:  0.2290   0.5620   0.7960   1.0120   1.2390   1.5010   1.7350   2.0770   2.3120   2.5300   2.7670   3.1310   3.4030   3.7060   4.0050   4.2960   4.6340   4.8830   5.0920   5.2950   0.0000   0.0000   0.0000;
005:  0.2290   0.5620   0.7950   1.0120   1.2390   1.5010   1.7350   2.0760   2.3110   2.5280   2.7660   3.1300   3.4020   3.7060   4.0060   4.2980   4.6290   4.8740   5.0840   5.2850   0.0000   0.0000   0.0000;
006:  0.2290   0.5620   0.7950   1.0110   1.2380   1.5010   1.7340   2.0750   2.3100   2.5270   2.7640   3.1280   3.4010   3.7050   4.0070   4.2980   4.6230   4.8660   5.0760   5.2760   0.0000   0.0000   0.0000;
007:  0.2290   0.5620   0.7950   1.0110   1.2380   1.5000   1.7340   2.0740   2.3090   2.5260   2.7630   3.1270   3.4000   3.7040   4.0070   4.2990   4.6180   4.8570   5.0670   5.2670   0.0000   0.0000   0.0000;
008:  0.2280   0.5610   0.7940   1.0100   1.2380   1.5000   1.7330   2.0730   2.3080   2.5240   2.7610   3.1250   3.3990   3.7030   4.0070   4.3000   4.6120   4.8490   5.0590   5.2610   0.0000   0.0000   0.0000;
009:  0.2280   0.5610   0.7930   1.0100   1.2380   1.5000   1.7330   2.0710   2.3070   2.5230   2.7590   3.1230   3.3980   3.7020   4.0080   4.3000   4.6070   4.8410   5.0500   5.2550   0.0000   0.0000   0.0000;
010:  0.2280   0.5610   0.7930   1.0090   1.2370   1.5000   1.7320   2.0700   2.3050   2.5210   2.7570   3.1210   3.3960   3.7000   4.0080   4.3010   4.6020   4.8330   5.0420   5.2510   0.0000   0.0000   0.0000;
011:  0.2280   0.5610   0.7930   1.0090   1.2370   1.4990   1.7320   2.0690   2.3040   2.5190   2.7550   3.1190   3.3950   3.6990   4.0070   4.3010   4.5960   4.8250   5.0330   5.2480   0.0000   0.0000   0.0000;
012:  0.2280   0.5610   0.7920   1.0080   1.2360   1.4990   1.7310   2.0670   2.3020   2.5180   2.7530   3.1170   3.3930   3.6970   4.0070   4.3010   4.5910   4.8180   5.0250   5.2460   0.0000   0.0000   0.0000;
013:  0.2280   0.5610   0.7910   1.0080   1.2360   1.4980   1.7310   2.0660   2.3010   2.5160   2.7510   3.1150   3.3910   3.6950   4.0060   4.3010   4.5860   4.8110   5.0160   5.2450   0.0000   0.0000   0.0000;
014:  0.2280   0.5610   0.7910   1.0070   1.2360   1.4980   1.7300   2.0650   2.2990   2.5140   2.7490   3.1130   3.3890   3.6930   4.0060   4.3000   4.5810   4.8040   5.0090   5.2450   0.0000   0.0000   0.0000;
015:  0.2280   0.5600   0.7900   1.0070   1.2350   1.4980   1.7290   2.0630   2.2980   2.5120   2.7470   3.1100   3.3880   3.6910   4.0050   4.3000   4.5770   4.7980   5.0010   5.2460   0.0000   0.0000   0.0000;
016:  0.2280   0.5600   0.7890   1.0060   1.2350   1.4970   1.7280   2.0620   2.2960   2.5100   2.7450   3.1080   3.3860   3.6890   4.0040   4.2990   4.5720   4.7920   4.9940   5.2470   0.0000   0.0000   0.0000;
017:  0.2280   0.5600   0.7890   1.0050   1.2340   1.4960   1.7270   2.0600   2.2940   2.5080   2.7430   3.1060   3.3840   3.6870   4.0020   4.2980   4.5680   4.7870   4.9870   5.2500   0.0000   0.0000   0.0000;
018:  0.2280   0.5600   0.7880   1.0050   1.2330   1.4960   1.7270   2.0590   2.2920   2.5050   2.7410   3.1040   3.3820   3.6850   4.0010   4.2970   4.5640   4.7830   4.9800   5.2530   0.0000   0.0000   0.0000;
019:  0.2280   0.5600   0.7870   1.0040   1.2330   1.4950   1.7260   2.0570   2.2900   2.5030   2.7390   3.1020   3.3800   3.6830   3.9990   4.2960   4.5600   4.7790   4.9740   5.2580   0.0000   0.0000   0.0000;
020:  0.2280   0.5600   0.7870   1.0030   1.2320   1.4950   1.7250   2.0550   2.2870   2.5010   2.7370   3.0990   3.3780   3.6810   3.9980   4.2950   4.5560   4.7750   0.0000   0.0000   0.0000   0.0000   0.0000;
021:  0.2280   0.5600   0.7860   1.0030   1.2310   1.4940   1.7240   2.0540   2.2850   2.4990   2.7350   3.0970   3.3760   3.6790   3.9960   4.2930   4.5530   4.7720   0.0000   0.0000   0.0000   0.0000   0.0000;
022:  0.2270   0.5590   0.7850   1.0020   1.2310   1.4940   1.7230   2.0520   2.2830   2.4960   2.7330   3.0950   3.3750   3.6770   3.9940   4.2910   4.5490   4.7700   0.0000   0.0000   0.0000   0.0000   0.0000;
023:  0.2270   0.5590   0.7840   1.0010   1.2300   1.4930   1.7220   2.0510   2.2810   2.4940   2.7310   3.0930   3.3730   3.6750   3.9920   4.2900   4.5460   4.7680   0.0000   0.0000   0.0000   0.0000   0.0000;
024:  0.2270   0.5590   0.7840   1.0000   1.2290   1.4920   1.7210   2.0490   2.2780   2.4910   2.7290   3.0910   3.3710   3.6740   3.9900   4.2880   4.5430   4.7660   0.0000   0.0000   0.0000   0.0000   0.0000;
025:  0.2270   0.5590   0.7830   1.0000   1.2290   1.4920   1.7200   2.0470   2.2760   2.4890   2.7270   3.0890   3.3700   3.6720   3.9880   4.2860   4.5400   4.7650   0.0000   0.0000   0.0000   0.0000   0.0000;
026:  0.2270   0.5580   0.7820   0.9990   1.2280   1.4910   1.7190   2.0450   2.2730   2.4870   2.7250   3.0870   3.3690   3.6710   3.9860   4.2840   4.5370   4.7640   0.0000   0.0000   0.0000   0.0000   0.0000;
027:  0.2270   0.5580   0.7820   0.9980   1.2270   1.4900   1.7180   2.0440   2.2710   2.4840   2.7240   3.0860   3.3670   3.6690   3.9840   4.2820   4.5340   4.7640   0.0000   0.0000   0.0000   0.0000   0.0000;
028:  0.2260   0.5580   0.7810   0.9980   1.2260   1.4890   1.7170   2.0420   2.2690   2.4820   2.7220   3.0840   3.3660   3.6680   3.9820   4.2800   4.5310   4.7640   0.0000   0.0000   0.0000   0.0000   0.0000;
029:  0.2260   0.5570   0.7800   0.9970   1.2250   1.4890   1.7160   2.0400   2.2660   2.4790   2.7200   3.0820   3.3650   3.6670   3.9810   4.2780   4.5280   4.7640   0.0000   0.0000   0.0000   0.0000   0.0000;
030:  0.2260   0.5570   0.7800   0.9960   1.2240   1.4880   1.7150   2.0390   2.2640   2.4770   2.7180   3.0810   3.3640   3.6660   3.9790   4.2760   4.5250   4.7640   0.0000   0.0000   0.0000   0.0000   0.0000;
031:  0.2260   0.5560   0.7790   0.9950   1.2240   1.4870   1.7140   2.0370   2.2610   2.4750   2.7170   3.0800   3.3630   3.6660   3.9780   4.2740   4.5220   4.7650   0.0000   0.0000   0.0000   0.0000   0.0000;
032:  0.2260   0.5560   0.7780   0.9940   1.2230   1.4860   1.7130   2.0350   2.2590   2.4720   2.7150   3.0790   3.3620   3.6650   3.9760   4.2720   4.5180   0.0000   0.0000   0.0000   0.0000   0.0000   0.0000;
033:  0.2250   0.5560   0.7780   0.9930   1.2220   1.4850   1.7120   2.0340   2.2570   2.4700   2.7140   3.0780   3.3620   3.6650   3.9750   4.2700   4.5150   0.0000   0.0000   0.0000   0.0000   0.0000   0.0000;
034:  0.2250   0.5550   0.7770   0.9930   1.2210   1.4840   1.7110   2.0320   2.2540   2.4670   2.7120   3.0770   3.3610   3.6650   3.9740   4.2680   4.5110   0.0000   0.0000   0.0000   0.0000   0.0000   0.0000;
035:  0.2250   0.5550   0.7770   0.9920   1.2200   1.4830   1.7100   2.0300   2.2520   2.4650   2.7110   3.0760   3.3610   3.6650   3.9730   4.2650   4.5070   0.0000   0.0000   0.0000   0.0000   0.0000   0.0000;
036:  0.2250   0.5540   0.7760   0.9910   1.2190   1.4820   1.7090   2.0280   2.2500   2.4630   2.7090   3.0750   3.3600   3.6650   3.9720   4.2640   4.5040   0.0000   0.0000   0.0000   0.0000   0.0000   0.0000;
037:  0.2250   0.5540   0.7760   0.9900   1.2180   1.4810   1.7070   2.0260   2.2480   2.4610   2.7080   3.0740   3.3600   3.6650   3.9710   4.2620   4.4990   0.0000   0.0000   0.0000   0.0000   0.0000   0.0000;
038:  0.2250   0.5530   0.7750   0.9890   1.2170   1.4800   1.7060   2.0250   2.2460   2.4590   2.7070   3.0740   3.3600   3.6650   3.9700   4.2600   4.4950   0.0000   0.0000   0.0000   0.0000   0.0000   0.0000;
039:  0.2250   0.5520   0.7750   0.9890   1.2160   1.4790   1.7050   2.0230   2.2440   2.4570   2.7050   3.0730   3.3600   3.6650   3.9700   4.2570   4.4900   0.0000   0.0000   0.0000   0.0000   0.0000   0.0000;
040:  0.2250   0.5520   0.7740   0.9880   1.2150   1.4780   1.7040   2.0210   2.2420   2.4550   2.7040   3.0730   3.3590   3.6660   3.9690   4.2550   4.4850   0.0000   0.0000   0.0000   0.0000   0.0000   0.0000;
041:  0.2260   0.5510   0.7740   0.9870   1.2140   1.4760   1.7030   2.0190   2.2400   2.4540   2.7020   3.0730   3.3590   3.6660   3.9690   4.2530   4.4800   0.0000   0.0000   0.0000   0.0000   0.0000   0.0000;
042:  0.2260   0.5510   0.7730   0.9860   1.2130   1.4750   1.7020   2.0170   2.2380   2.4520   2.7010   3.0720   3.3590   3.6660   3.9690   4.2510   4.4750   0.0000   0.0000   0.0000   0.0000   0.0000   0.0000;
043:  0.2260   0.5500   0.7730   0.9850   1.2120   1.4740   1.7010   2.0150   2.2360   2.4500   2.7000   3.0720   3.3590   3.6670   3.9680   4.2490   4.4690   0.0000   0.0000   0.0000   0.0000   0.0000   0.0000;
044:  0.2260   0.5500   0.7730   0.9850   1.2110   1.4730   1.7000   2.0140   2.2350   2.4490   2.6990   3.0720   3.3590   3.6670   3.9680   4.2460   4.4630   0.0000   0.0000   0.0000   0.0000   0.0000   0.0000;
045:  0.2270   0.5490   0.7720   0.9840   1.2100   1.4720   1.6980   2.0120   2.2330   2.4480   2.6970   3.0720   3.3590   3.6670   3.9670   4.2440   4.4560   0.0000   0.0000   0.0000   0.0000   0.0000   0.0000;
046:  0.2270   0.5490   0.7720   0.9830   1.2090   1.4710   1.6970   2.0100   2.2320   2.4460   2.6960   3.0720   3.3590   3.6670   3.9670   4.2420   4.4500   0.0000   0.0000   0.0000   0.0000   0.0000   0.0000;
047:  0.2270   0.5480   0.7710   0.9820   1.2080   1.4690   1.6960   2.0080   2.2310   2.4450   2.6950   3.0720   3.3580   3.6670   3.9670   4.2390   4.4430   0.0000   0.0000   0.0000   0.0000   0.0000   0.0000;
048:  0.2280   0.5470   0.7710   0.9820   1.2070   1.4680   1.6950   2.0060   2.2290   2.4440   2.6940   3.0720   3.3580   3.6670   3.9660   4.2360   4.4360   0.0000   0.0000   0.0000   0.0000   0.0000   0.0000;
049:  0.2280   0.5470   0.7710   0.9810   1.2070   1.4670   1.6930   2.0050   2.2280   2.4430   2.6930   3.0720   3.3580   3.6660   3.9650   4.2330   4.4300   0.0000   0.0000   0.0000   0.0000   0.0000   0.0000;
050:  0.2290   0.5470   0.7700   0.9800   1.2060   1.4650   1.6920   2.0030   2.2270   2.4420   2.6910   3.0720   3.3570   3.6660   3.9640   4.2300   4.4230   0.0000   0.0000   0.0000   0.0000   0.0000   0.0000;
051:  0.2290   0.5460   0.7700   0.9790   1.2050   1.4640   1.6910   2.0010   2.2260   2.4420   2.6900   3.0720   3.3570   3.6650   3.9630   4.2270   4.4160   0.0000   0.0000   0.0000   0.0000   0.0000   0.0000;
052:  0.2300   0.5460   0.7700   0.9790   1.2040   1.4630   1.6890   1.9990   2.2250   2.4410   2.6890   3.0720   3.3560   3.6640   3.9620   4.2240   4.4080   0.0000   0.0000   0.0000   0.0000   0.0000   0.0000;
053:  0.2300   0.5450   0.7690   0.9780   1.2030   1.4620   1.6880   1.9980   2.2240   2.4400   2.6880   3.0720   3.3550   3.6630   3.9600   4.2200   4.4010   0.0000   0.0000   0.0000   0.0000   0.0000   0.0000;
054:  0.2310   0.5450   0.7690   0.9770   1.2020   1.4600   1.6870   1.9960   2.2230   2.4400   2.6870   3.0730   3.3550   3.6610   3.9580   4.2160   4.3950   0.0000   0.0000   0.0000   0.0000   0.0000   0.0000;
055:  0.2310   0.5450   0.7690   0.9770   1.2010   1.4590   1.6850   1.9950   2.2220   2.4390   2.6860   3.0730   3.3540   3.6600   3.9560   4.2130   4.3880   0.0000   0.0000   0.0000   0.0000   0.0000   0.0000;
056:  0.2320   0.5440   0.7690   0.9760   1.2000   1.4580   1.6840   1.9930   2.2220   2.4390   2.6850   3.0730   3.3530   3.6580   3.9540   4.2090   4.3810   0.0000   0.0000   0.0000   0.0000   0.0000   0.0000;
057:  0.2330   0.5440   0.7680   0.9750   1.2000   1.4560   1.6820   1.9920   2.2210   2.4380   2.6840   3.0730   3.3520   3.6560   3.9510   4.2050   4.3750   0.0000   0.0000   0.0000   0.0000   0.0000   0.0000;
058:  0.2330   0.5440   0.7680   0.9750   1.1990   1.4550   1.6810   1.9900   2.2200   2.4380   2.6840   3.0730   3.3510   3.6530   3.9490   4.2000   4.3680   0.0000   0.0000   0.0000   0.0000   0.0000   0.0000;
059:  0.2330   0.5440   0.7670   0.9740   1.1980   1.4540   1.6790   1.9890   2.2200   2.4380   2.6830   3.0730   3.3490   3.6510   3.9450   4.1960   4.3620   0.0000   0.0000   0.0000   0.0000   0.0000   0.0000;
060:  0.2340   0.5430   0.7670   0.9740   1.1970   1.4530   1.6780   1.9880   2.2190   2.4370   2.6820   3.0720   3.3480   3.6480   3.9420   4.1920   4.3570   0.0000   0.0000   0.0000   0.0000   0.0000   0.0000;
061:  0.2340   0.5430   0.7670   0.9730   1.1960   1.4510   1.6760   1.9860   2.2180   2.4370   2.6820   3.0720   3.3470   3.6450   3.9380   4.1870   4.3520   0.0000   0.0000   0.0000   0.0000   0.0000   0.0000;
062:  0.2340   0.5430   0.7670   0.9730   1.1960   1.4500   1.6750   1.9850   2.2180   2.4370   2.6810   3.0720   3.3450   3.6430   3.9340   4.1830   4.3470   0.0000   0.0000   0.0000   0.0000   0.0000   0.0000;
063:  0.2350   0.5430   0.7660   0.9720   1.1950   1.4490   1.6740   1.9840   2.2180   2.4370   2.6810   3.0720   3.3440   3.6400   3.9300   4.1780   4.3430   0.0000   0.0000   0.0000   0.0000   0.0000   0.0000;
064:  0.2350   0.5420   0.7660   0.9720   1.1950   1.4480   1.6730   1.9840   2.2170   2.4370   2.6800   3.0720   3.3420   3.6360   3.9250   4.1740   4.3390   0.0000   0.0000   0.0000   0.0000   0.0000   0.0000;
065:  0.2350   0.5420   0.7650   0.9710   1.1940   1.4470   1.6710   1.9830   2.2170   2.4370   2.6800   3.0710   3.3410   3.6330   3.9210   4.1690   4.3350   0.0000   0.0000   0.0000   0.0000   0.0000   0.0000;
066:  0.2350   0.5420   0.7650   0.9710   1.1930   1.4460   1.6700   1.9820   2.2160   2.4370   2.6800   3.0710   3.3390   3.6300   3.9160   4.1650   4.3320   0.0000   0.0000   0.0000   0.0000   0.0000   0.0000;
067:  0.2350   0.5420   0.7650   0.9710   1.1930   1.4450   1.6690   1.9810   2.2160   2.4370   2.6800   3.0710   3.3380   3.6270   3.9110   4.1600   4.3300   0.0000   0.0000   0.0000   0.0000   0.0000   0.0000;
068:  0.2350   0.5420   0.7640   0.9700   1.1920   1.4440   1.6670   1.9800   2.2160   2.4360   2.6800   3.0710   3.3360   3.6240   3.9060   4.1560   4.3280   0.0000   0.0000   0.0000   0.0000   0.0000   0.0000;
069:  0.2350   0.5420   0.7640   0.9700   1.1910   1.4430   1.6660   1.9800   2.2160   2.4360   2.6800   3.0700   3.3350   3.6200   3.9010   4.1520   4.3270   0.0000   0.0000   0.0000   0.0000   0.0000   0.0000;
070:  0.2350   0.5410   0.7640   0.9690   1.1910   1.4420   1.6650   1.9790   2.2160   2.4360   2.6800   3.0700   3.3330   3.6170   3.8960   4.1480   4.3260   0.0000   0.0000   0.0000   0.0000   0.0000   0.0000;
071:  0.2350   0.5410   0.7640   0.9690   1.1900   1.4410   1.6640   1.9790   2.2150   2.4360   2.6800   3.0690   3.3310   3.6150   3.8910   4.1450   4.3250   0.0000   0.0000   0.0000   0.0000   0.0000   0.0000;
072:  0.2340   0.5410   0.7630   0.9690   1.1900   1.4400   1.6630   1.9790   2.2150   2.4360   2.6800   3.0690   3.3300   3.6120   3.8860   4.1410   4.3250   0.0000   0.0000   0.0000   0.0000   0.0000   0.0000;
073:  0.2340   0.5410   0.7630   0.9680   1.1890   1.4390   1.6620   1.9780   2.2150   2.4360   2.6800   3.0690   3.3290   3.6090   3.8810   4.1380   4.3260   0.0000   0.0000   0.0000   0.0000   0.0000   0.0000;
074:  0.2340   0.5400   0.7620   0.9680   1.1890   1.4380   1.6610   1.9780   2.2150   2.4360   2.6810   3.0680   3.3270   3.6060   3.8760   4.1350   4.3270   0.0000   0.0000   0.0000   0.0000   0.0000   0.0000;
075:  0.2330   0.5400   0.7620   0.9670   1.1880   1.4380   1.6600   1.9780   2.2150   2.4360   2.6810   3.0680   3.3260   3.6040   3.8720   4.1320   4.3280   0.0000   0.0000   0.0000   0.0000   0.0000   0.0000;
076:  0.2330   0.5400   0.7620   0.9670   1.1880   1.4370   1.6590   1.9780   2.2150   2.4360   2.6820   3.0670   3.3250   3.6020   3.8670   4.1300   4.3300   0.0000   0.0000   0.0000   0.0000   0.0000   0.0000;
077:  0.2330   0.5400   0.7610   0.9670   1.1870   1.4360   1.6590   1.9780   2.2150   2.4360   2.6820   3.0670   3.3240   3.6000   3.8630   4.1280   4.3320   0.0000   0.0000   0.0000   0.0000   0.0000   0.0000;
078:  0.2320   0.5400   0.7610   0.9660   1.1870   1.4360   1.6580   1.9780   2.2150   2.4360   2.6830   3.0660   3.3220   3.5980   3.8590   4.1260   4.3340   0.0000   0.0000   0.0000   0.0000   0.0000   0.0000;
079:  0.2320   0.5390   0.7610   0.9660   1.1870   1.4360   1.6580   1.9770   2.2150   2.4360   2.6830   3.0660   3.3210   3.5970   3.8550   4.1250   4.3370   0.0000   0.0000   0.0000   0.0000   0.0000   0.0000;
080:  0.2320   0.5390   0.7600   0.9660   1.1870   1.4350   1.6570   1.9770   2.2150   2.4360   2.6840   3.0650   3.3200   3.5960   3.8520   4.1240   4.3390   0.0000   0.0000   0.0000   0.0000   0.0000   0.0000;
081:  0.2310   0.5390   0.7600   0.9650   1.1860   1.4350   1.6570   1.9770   2.2150   2.4360   2.6840   3.0650   3.3190   3.5950   3.8490   4.1230   4.3420   0.0000   0.0000   0.0000   0.0000   0.0000   0.0000;
082:  0.2310   0.5380   0.7600   0.9650   1.1860   1.4350   1.6560   1.9770   2.2150   2.4360   2.6850   3.0650   3.3180   3.5940   3.8470   4.1220   4.3450   0.0000   0.0000   0.0000   0.0000   0.0000   0.0000;
083:  0.2310   0.5380   0.7600   0.9650   1.1860   1.4350   1.6560   1.9770   2.2150   2.4360   2.6850   3.0640   3.3180   3.5930   3.8440   4.1220   4.3480   0.0000   0.0000   0.0000   0.0000   0.0000   0.0000;
084:  0.2300   0.5380   0.7590   0.9650   1.1860   1.4350   1.6560   1.9770   2.2150   2.4360   2.6860   3.0640   3.3170   3.5930   3.8420   4.1220   4.3510   0.0000   0.0000   0.0000   0.0000   0.0000   0.0000;
085:  0.2300   0.5370   0.7590   0.9650   1.1860   1.4350   1.6560   1.9770   2.2150   2.4360   2.6870   3.0630   3.3160   3.5930   3.8410   4.1230   4.3540   0.0000   0.0000   0.0000   0.0000   0.0000   0.0000;
086:  0.2300   0.5370   0.7590   0.9640   1.1860   1.4350   1.6560   1.9770   2.2150   2.4360   2.6870   3.0630   3.3150   3.5930   3.8400   4.1240   4.3570   0.0000   0.0000   0.0000   0.0000   0.0000   0.0000;
087:  0.2300   0.5370   0.7590   0.9640   1.1860   1.4350   1.6560   1.9770   2.2150   2.4370   2.6870   3.0630   3.3150   3.5930   3.8390   4.1240   4.3600   0.0000   0.0000   0.0000   0.0000   0.0000   0.0000;
088:  0.2300   0.5360   0.7580   0.9640   1.1860   1.4350   1.6560   1.9770   2.2150   2.4370   2.6880   3.0620   3.3140   3.5930   3.8390   4.1250   4.3630   0.0000   0.0000   0.0000   0.0000   0.0000   0.0000;
089:  0.2300   0.5360   0.7580   0.9640   1.1860   1.4350   1.6560   1.9770   2.2150   2.4370   2.6880   3.0620   3.3130   3.5930   3.8390   4.1270   4.3650   0.0000   0.0000   0.0000   0.0000   0.0000   0.0000;
090:  0.2300   0.5360   0.7580   0.9640   1.1860   1.4350   1.6560   1.9770   2.2160   2.4370   2.6880   3.0620   3.3130   3.5940   3.8390   4.1280   4.3680   0.0000   0.0000   0.0000   0.0000   0.0000   0.0000;
091:  0.2300   0.5350   0.7580   0.9640   1.1860   1.4360   1.6560   1.9770   2.2160   2.4370   2.6890   3.0610   3.3120   3.5940   3.8400   4.1300   4.3700   0.0000   0.0000   0.0000   0.0000   0.0000   0.0000;
092:  0.2300   0.5350   0.7580   0.9640   1.1860   1.4360   1.6570   1.9770   2.2160   2.4370   2.6890   3.0610   3.3120   3.5950   3.8410   4.1320   4.3720   0.0000   0.0000   0.0000   0.0000   0.0000   0.0000;
093:  0.2310   0.5350   0.7580   0.9640   1.1860   1.4360   1.6570   1.9770   2.2160   2.4380   2.6890   3.0610   3.3110   3.5960   3.8420   4.1330   4.3740   0.0000   0.0000   0.0000   0.0000   0.0000   0.0000;
094:  0.2310   0.5350   0.7580   0.9640   1.1870   1.4370   1.6580   1.9770   2.2160   2.4380   2.6890   3.0600   3.3100   3.5960   3.8430   4.1350   4.3760   0.0000   0.0000   0.0000   0.0000   0.0000   0.0000;
095:  0.2310   0.5350   0.7580   0.9640   1.1870   1.4370   1.6580   1.9770   2.2160   2.4380   2.6890   3.0600   3.3100   3.5970   3.8450   4.1370   4.3770   0.0000   0.0000   0.0000   0.0000   0.0000   0.0000;
096:  0.2320   0.5340   0.7580   0.9640   1.1870   1.4380   1.6580   1.9770   2.2170   2.4380   2.6890   3.0600   3.3090   3.5970   3.8470   4.1390   4.3790   0.0000   0.0000   0.0000   0.0000   0.0000   0.0000;
097:  0.2320   0.5340   0.7580   0.9640   1.1870   1.4380   1.6590   1.9770   2.2170   2.4380   2.6880   3.0600   3.3080   3.5970   3.8490   4.1410   4.3800   0.0000   0.0000   0.0000   0.0000   0.0000   0.0000;
098:  0.2330   0.5340   0.7580   0.9640   1.1870   1.4380   1.6590   1.9770   2.2170   2.4390   2.6880   3.0590   3.3080   3.5980   3.8510   4.1430   4.3810   0.0000   0.0000   0.0000   0.0000   0.0000   0.0000;
099:  0.2330   0.5340   0.7580   0.9640   1.1880   1.4390   1.6600   1.9770   2.2170   2.4390   2.6880   3.0590   3.3070   3.5980   3.8530   4.1440   4.3820   0.0000   0.0000   0.0000   0.0000   0.0000   0.0000;
100:  0.2340   0.5340   0.7580   0.9640   1.1880   1.4400   1.6600   1.9770   2.2180   2.4390   2.6880   3.0590   3.3060   3.5980   3.8550   4.1460   4.3820   0.0000   0.0000   0.0000   0.0000   0.0000   0.0000;
101:  0.2350   0.5340   0.7580   0.9640   1.1890   1.4400   1.6610   1.9780   2.2180   2.4390   2.6870   3.0590   3.3060   3.5980   3.8570   4.1480   4.3830   0.0000   0.0000   0.0000   0.0000   0.0000   0.0000;
102:  0.2350   0.5340   0.7580   0.9640   1.1890   1.4400   1.6620   1.9780   2.2180   2.4400   2.6870   3.0580   3.3050   3.5970   3.8590   4.1490   4.3830   0.0000   0.0000   0.0000   0.0000   0.0000   0.0000;
103:  0.2360   0.5340   0.7580   0.9650   1.1890   1.4410   1.6620   1.9780   2.2180   2.4400   2.6870   3.0580   3.3040   3.5970   3.8610   4.1500   4.3840   4.6090   0.0000   0.0000   0.0000   0.0000   0.0000;
104:  0.2360   0.5340   0.7590   0.9650   1.1890   1.4420   1.6630   1.9790   2.2190   2.4400   2.6860   3.0580   3.3040   3.5960   3.8640   4.1510   4.3840   4.6090   0.0000   0.0000   0.0000   0.0000   0.0000;
105:  0.2370   0.5340   0.7590   0.9650   1.1900   1.4420   1.6640   1.9790   2.2190   2.4400   2.6860   3.0580   3.3030   3.5950   3.8650   4.1520   4.3840   4.6100   0.0000   0.0000   0.0000   0.0000   0.0000;
106:  0.2380   0.5340   0.7590   0.9650   1.1900   1.4430   1.6640   1.9800   2.2190   2.4400   2.6850   3.0570   3.3020   3.5940   3.8670   4.1530   4.3850   4.6110   4.8520   0.0000   0.0000   0.0000   0.0000;
107:  0.2380   0.5350   0.7590   0.9660   1.1910   1.4430   1.6650   1.9810   2.2200   2.4410   2.6850   3.0570   3.3010   3.5930   3.8690   4.1530   4.3850   4.6130   4.8510   0.0000   0.0000   0.0000   0.0000;
108:  0.2390   0.5350   0.7590   0.9660   1.1910   1.4440   1.6660   1.9820   2.2200   2.4410   2.6840   3.0560   3.3010   3.5910   3.8700   4.1540   4.3860   4.6160   4.8500   0.0000   0.0000   0.0000   0.0000;
109:  0.2400   0.5350   0.7600   0.9660   1.1910   1.4440   1.6660   1.9830   2.2210   2.4410   2.6840   3.0560   3.3000   3.5900   3.8710   4.1540   4.3870   4.6190   4.8490   0.0000   0.0000   0.0000   0.0000;
110:  0.2400   0.5350   0.7600   0.9670   1.1920   1.4450   1.6670   1.9840   2.2210   2.4420   2.6840   3.0560   3.2990   3.5880   3.8730   4.1540   4.3870   4.6230   4.8490   0.0000   0.0000   0.0000   0.0000;
111:  0.2400   0.5360   0.7600   0.9670   1.1920   1.4450   1.6680   1.9850   2.2220   2.4420   2.6840   3.0550   3.2990   3.5860   3.8730   4.1540   4.3880   4.6270   4.8490   0.0000   0.0000   0.0000   0.0000;
112:  0.2410   0.5360   0.7600   0.9670   1.1930   1.4460   1.6690   1.9860   2.2220   2.4420   2.6830   3.0550   3.2980   3.5840   3.8740   4.1530   4.3890   4.6320   4.8490   0.0000   0.0000   0.0000   0.0000;
113:  0.2410   0.5360   0.7600   0.9680   1.1930   1.4470   1.6700   1.9870   2.2230   2.4420   2.6830   3.0550   3.2980   3.5820   3.8740   4.1530   4.3910   4.6380   4.8500   0.0000   0.0000   0.0000   0.0000;
114:  0.2420   0.5370   0.7610   0.9680   1.1930   1.4470   1.6710   1.9890   2.2240   2.4430   2.6830   3.0540   3.2970   3.5800   3.8740   4.1520   4.3920   4.6430   4.8510   0.0000   0.0000   0.0000   0.0000;
115:  0.2420   0.5370   0.7610   0.9690   1.1940   1.4480   1.6720   1.9900   2.2240   2.4430   2.6830   3.0540   3.2970   3.5770   3.8740   4.1510   4.3940   4.6500   4.8530   0.0000   0.0000   0.0000   0.0000;
116:  0.2420   0.5380   0.7610   0.9690   1.1940   1.4480   1.6730   1.9920   2.2250   2.4430   2.6830   3.0530   3.2960   3.5750   3.8740   4.1500   4.3960   4.6560   4.8560   0.0000   0.0000   0.0000   0.0000;
117:  0.2420   0.5380   0.7620   0.9690   1.1950   1.4490   1.6740   1.9930   2.2260   2.4440   2.6830   3.0530   3.2960   3.5720   3.8730   4.1490   4.3980   4.6630   4.8590   0.0000   0.0000   0.0000   0.0000;
118:  0.2430   0.5380   0.7620   0.9700   1.1950   1.4500   1.6750   1.9950   2.2270   2.4440   2.6830   3.0530   3.2960   3.5700   3.8730   4.1480   4.4000   4.6700   4.8630   0.0000   0.0000   0.0000   0.0000;
119:  0.2430   0.5390   0.7620   0.9700   1.1960   1.4500   1.6760   1.9970   2.2280   2.4450   2.6840   3.0520   3.2950   3.5670   3.8720   4.1470   4.4020   4.6770   4.8670   0.0000   0.0000   0.0000   0.0000;
120:  0.2430   0.5390   0.7630   0.9710   1.1960   1.4510   1.6770   1.9990   2.2290   2.4450   2.6840   3.0520   3.2950   3.5650   3.8700   4.1450   4.4050   4.6840   4.8710   0.0000   0.0000   0.0000   0.0000;
121:  0.2430   0.5400   0.7630   0.9710   1.1960   1.4520   1.6780   2.0010   2.2310   2.4460   2.6840   3.0510   3.2950   3.5620   3.8690   4.1440   4.4080   4.6910   4.8770   0.0000   0.0000   0.0000   0.0000;
122:  0.2430   0.5400   0.7630   0.9710   1.1970   1.4520   1.6790   2.0030   2.2320   2.4470   2.6850   3.0510   3.2950   3.5600   3.8670   4.1420   4.4100   4.6980   4.8820   0.0000   0.0000   0.0000   0.0000;
123:  0.2430   0.5400   0.7640   0.9720   1.1970   1.4530   1.6810   2.0040   2.2330   2.4470   2.6850   3.0510   3.2950   3.5570   3.8660   4.1410   4.4130   4.7050   4.8880   0.0000   0.0000   0.0000   0.0000;
124:  0.2430   0.5410   0.7640   0.9720   1.1980   1.4540   1.6820   2.0060   2.2340   2.4480   2.6860   3.0510   3.2950   3.5550   3.8640   4.1390   4.4160   4.7120   4.8950   0.0000   0.0000   0.0000   0.0000;
125:  0.2430   0.5410   0.7640   0.9720   1.1980   1.4550   1.6830   2.0080   2.2360   2.4490   2.6870   3.0500   3.2950   3.5530   3.8620   4.1370   4.4190   4.7180   4.9020   0.0000   0.0000   0.0000   0.0000;
126:  0.2430   0.5420   0.7650   0.9730   1.1990   1.4560   1.6850   2.0100   2.2370   2.4500   2.6880   3.0500   3.2950   3.5510   3.8600   4.1350   4.4220   4.7240   4.9090   0.0000   0.0000   0.0000   0.0000;
127:  0.2420   0.5420   0.7650   0.9730   1.1990   1.4570   1.6860   2.0120   2.2390   2.4510   2.6890   3.0500   3.2950   3.5490   3.8570   4.1340   4.4240   4.7300   4.9160   0.0000   0.0000   0.0000   0.0000;
128:  0.2420   0.5430   0.7650   0.9730   1.2000   1.4580   1.6870   2.0140   2.2400   2.4520   2.6900   3.0500   3.2950   3.5470   3.8550   4.1320   4.4270   4.7350   4.9240   0.0000   0.0000   0.0000   0.0000;
129:  0.2420   0.5430   0.7660   0.9740   1.2000   1.4580   1.6890   2.0160   2.2420   2.4530   2.6910   3.0500   3.2960   3.5450   3.8520   4.1300   4.4300   4.7400   4.9320   0.0000   0.0000   0.0000   0.0000;
130:  0.2420   0.5440   0.7660   0.9740   1.2010   1.4600   1.6900   2.0180   2.2440   2.4550   2.6930   3.0500   3.2960   3.5440   3.8500   4.1280   4.4320   4.7440   4.9400   0.0000   0.0000   0.0000   0.0000;
131:  0.2420   0.5440   0.7670   0.9740   1.2020   1.4610   1.6920   2.0200   2.2450   2.4560   2.6940   3.0500   3.2960   3.5420   3.8470   4.1260   4.4340   4.7470   4.9480   0.0000   0.0000   0.0000   0.0000;
132:  0.2420   0.5440   0.7670   0.9750   1.2020   1.4620   1.6930   2.0220   2.2470   2.4580   2.6950   3.0500   3.2960   3.5410   3.8450   4.1240   4.4360   4.7500   4.9560   0.0000   0.0000   0.0000   0.0000;
133:  0.2420   0.5450   0.7670   0.9750   1.2030   1.4630   1.6950   2.0230   2.2490   2.4590   2.6970   3.0510   3.2970   3.5400   3.8420   4.1220   4.4380   4.7520   4.9640   0.0000   0.0000   0.0000   0.0000;
134:  0.2420   0.5450   0.7680   0.9750   1.2040   1.4640   1.6960   2.0250   2.2510   2.4610   2.6980   3.0510   3.2970   3.5390   3.8400   4.1200   4.4390   4.7530   4.9720   0.0000   0.0000   0.0000   0.0000;
135:  0.2420   0.5460   0.7680   0.9760   1.2040   1.4650   1.6980   2.0270   2.2530   2.4630   2.7000   3.0520   3.2970   3.5380   3.8370   4.1180   4.4400   4.7540   4.9790   0.0000   0.0000   0.0000   0.0000;
136:  0.2420   0.5460   0.7690   0.9760   1.2050   1.4660   1.6990   2.0280   2.2550   2.4650   2.7020   3.0520   3.2980   3.5380   3.8350   4.1150   4.4410   4.7540   4.9870   0.0000   0.0000   0.0000   0.0000;
137:  0.2420   0.5460   0.7690   0.9760   1.2050   1.4680   1.7000   2.0290   2.2560   2.4660   2.7030   3.0530   3.2980   3.5370   3.8320   4.1130   4.4420   4.7540   4.9940   0.0000   0.0000   0.0000   0.0000;
138:  0.2420   0.5470   0.7700   0.9770   1.2060   1.4690   1.7020   2.0310   2.2580   2.4680   2.7050   3.0540   3.2980   3.5360   3.8290   4.1110   4.4420   4.7530   5.0010   5.3180   0.0000   0.0000   0.0000;
139:  0.2420   0.5470   0.7700   0.9770   1.2070   1.4700   1.7030   2.0320   2.2600   2.4700   2.7070   3.0550   3.2990   3.5360   3.8270   4.1090   4.4420   4.7510   5.0070   5.3280   0.0000   0.0000   0.0000;
140:  0.2420   0.5480   0.7710   0.9780   1.2070   1.4710   1.7050   2.0340   2.2620   2.4720   2.7080   3.0560   3.2990   3.5360   3.8250   4.1070   4.4410   4.7490   5.0130   5.3360   0.0000   0.0000   0.0000;
141:  0.2420   0.5480   0.7710   0.9780   1.2080   1.4730   1.7060   2.0350   2.2640   2.4750   2.7100   3.0570   3.2990   3.5360   3.8230   4.1050   4.4400   4.7470   5.0190   5.3440   0.0000   0.0000   0.0000;
142:  0.2430   0.5490   0.7720   0.9790   1.2090   1.4740   1.7070   2.0360   2.2660   2.4760   2.7120   3.0580   3.3000   3.5360   3.8200   4.1020   4.4390   4.7440   5.0240   5.3490   5.5800   0.0000   0.0000;
143:  0.2430   0.5490   0.7730   0.9790   1.2090   1.4750   1.7080   2.0370   2.2680   2.4780   2.7130   3.0600   3.3000   3.5360   3.8180   4.1000   4.4380   4.7400   5.0290   5.3530   5.5930   0.0000   0.0000;
144:  0.2430   0.5490   0.7730   0.9800   1.2100   1.4760   1.7090   2.0380   2.2690   2.4810   2.7150   3.0610   3.3000   3.5370   3.8160   4.0980   4.4360   4.7370   5.0330   5.3560   5.6060   0.0000   0.0000;
145:  0.2430   0.5500   0.7740   0.9800   1.2110   1.4780   1.7100   2.0390   2.2710   2.4830   2.7170   3.0620   3.3010   3.5370   3.8150   4.0960   4.4340   4.7330   5.0370   5.3570   5.6190   0.0000   0.0000;
146:  0.2430   0.5500   0.7740   0.9810   1.2110   1.4790   1.7110   2.0400   2.2730   2.4850   2.7190   3.0640   3.3010   3.5370   3.8130   4.0940   4.4310   4.7290   5.0400   5.3570   5.6310   5.8490   0.0000;
147:  0.2440   0.5510   0.7750   0.9820   1.2120   1.4800   1.7120   2.0410   2.2740   2.4870   2.7210   3.0660   3.3020   3.5380   3.8110   4.0920   4.4290   4.7240   5.0420   5.3570   5.6400   5.8540   0.0000;
148:  0.2440   0.5510   0.7750   0.9820   1.2130   1.4810   1.7130   2.0420   2.2760   2.4890   2.7220   3.0670   3.3020   3.5380   3.8100   4.0900   4.4260   4.7200   5.0440   5.3570   5.6460   5.8580   0.0000;
149:  0.2440   0.5520   0.7760   0.9830   1.2140   1.4820   1.7130   2.0430   2.2770   2.4910   2.7240   3.0690   3.3030   3.5390   3.8090   4.0890   4.4230   4.7150   5.0460   5.3580   5.6480   5.8580   0.0000;
150:  0.2440   0.5520   0.7760   0.9830   1.2140   1.4830   1.7140   2.0440   2.2790   2.4920   2.7260   3.0710   3.3030   3.5390   3.8080   4.0870   4.4200   4.7110   5.0470   5.3600   5.6480   5.8560   0.0000;
151:  0.2440   0.5530   0.7770   0.9840   1.2150   1.4840   1.7150   2.0440   2.2800   2.4940   2.7270   3.0730   3.3040   3.5400   3.8070   4.0850   4.4170   4.7070   5.0470   5.3630   5.6450   5.8510   0.0000;
152:  0.2440   0.5530   0.7780   0.9850   1.2160   1.4850   1.7150   2.0450   2.2810   2.4960   2.7290   3.0750   3.3040   3.5400   3.8060   4.0840   4.4130   4.7030   5.0470   5.3690   5.6410   5.8440   0.0000;
153:  0.2440   0.5540   0.7780   0.9850   1.2160   1.4860   1.7150   2.0460   2.2830   2.4970   2.7310   3.0770   3.3050   3.5410   3.8060   4.0820   4.4100   4.6990   5.0470   5.3760   5.6350   5.8340   0.0000;
154:  0.2450   0.5540   0.7790   0.9860   1.2170   1.4870   1.7160   2.0470   2.2840   2.4990   2.7320   3.0790   3.3060   3.5420   3.8050   4.0810   4.4070   4.6950   5.0460   5.3850   5.6290   5.8230   0.0000;
155:  0.2450   0.5550   0.7790   0.9870   1.2180   1.4880   1.7160   2.0480   2.2850   2.5000   2.7330   3.0800   3.3070   3.5420   3.8050   4.0800   4.4030   4.6910   5.0440   5.3960   5.6240   5.8120   0.0000;
156:  0.2450   0.5550   0.7800   0.9880   1.2180   1.4890   1.7160   2.0490   2.2860   2.5020   2.7350   3.0820   3.3070   3.5430   3.8050   4.0790   4.4000   4.6880   5.0430   5.4080   5.6220   5.8020   0.0000;
157:  0.2450   0.5550   0.7800   0.9890   1.2190   1.4890   1.7160   2.0500   2.2870   2.5030   2.7360   3.0840   3.3080   3.5440   3.8050   4.0780   4.3960   4.6850   5.0410   5.4200   5.6210   5.7950   0.0000;
158:  0.2440   0.5560   0.7810   0.9890   1.2190   1.4900   1.7170   2.0510   2.2870   2.5040   2.7380   3.0860   3.3090   3.5440   3.8050   4.0770   4.3930   4.6830   5.0380   5.4320   5.6240   5.7910   0.0000;
159:  0.2440   0.5560   0.7810   0.9900   1.2200   1.4910   1.7170   2.0520   2.2880   2.5050   2.7390   3.0880   3.3100   3.5450   3.8060   4.0760   4.3900   4.6800   5.0360   5.4440   5.6310   5.7930   0.0000;
160:  0.2440   0.5570   0.7820   0.9910   1.2200   1.4910   1.7170   2.0530   2.2890   2.5050   2.7400   3.0890   3.3110   3.5460   3.8070   4.0760   4.3870   4.6780   5.0330   5.4530   5.6400   5.7990   0.0000;
161:  0.2440   0.5570   0.7820   0.9910   1.2210   1.4920   1.7170   2.0530   2.2890   2.5060   2.7410   3.0910   3.3120   3.5460   3.8070   4.0760   4.3850   4.6770   5.0300   5.4600   5.6520   5.8110   0.0000;
162:  0.2440   0.5580   0.7830   0.9920   1.2220   1.4920   1.7170   2.0550   2.2900   2.5070   2.7420   3.0930   3.3130   3.5470   3.8080   4.0760   4.3820   4.6750   5.0270   5.4650   5.6670   5.8270   0.0000;
163:  0.2440   0.5580   0.7830   0.9930   1.2220   1.4930   1.7170   2.0550   2.2900   2.5070   2.7430   3.0940   3.3140   3.5480   3.8090   4.0760   4.3800   4.6740   5.0240   5.4670   5.6830   5.8490   0.0000;
164:  0.2430   0.5590   0.7840   0.9940   1.2220   1.4930   1.7170   2.0560   2.2910   2.5070   2.7440   3.0950   3.3150   3.5480   3.8110   4.0760   4.3770   4.6730   5.0200   5.4660   5.6990   5.8730   0.0000;
165:  0.2430   0.5590   0.7840   0.9940   1.2230   1.4930   1.7170   2.0570   2.2910   2.5080   2.7450   3.0960   3.3160   3.5490   3.8120   4.0760   4.3750   4.6730   5.0170   5.4620   5.7150   5.9000   0.0000;
166:  0.2430   0.5590   0.7840   0.9950   1.2230   1.4930   1.7170   2.0580   2.2910   2.5080   2.7460   3.0970   3.3170   3.5500   3.8130   4.0770   4.3730   4.6720   5.0140   5.4560   5.7300   5.9270   0.0000;
167:  0.2420   0.5600   0.7850   0.9950   1.2240   1.4940   1.7170   2.0590   2.2910   2.5080   2.7460   3.0980   3.3180   3.5500   3.8150   4.0770   4.3720   4.6720   5.0100   5.4480   5.7440   5.9530   0.0000;
168:  0.2420   0.5600   0.7850   0.9960   1.2240   1.4940   1.7160   2.0600   2.2910   2.5080   2.7470   3.0990   3.3190   3.5510   3.8160   4.0780   4.3700   4.6720   5.0070   5.4400   5.7550   5.9770   0.0000;
169:  0.2420   0.5600   0.7850   0.9960   1.2240   1.4940   1.7160   2.0610   2.2910   2.5080   2.7470   3.0990   3.3200   3.5510   3.8180   4.0780   4.3690   4.6720   5.0030   5.4310   5.7640   5.9980   0.0000;
170:  0.2410   0.5610   0.7850   0.9970   1.2250   1.4940   1.7160   2.0620   2.2910   2.5070   2.7480   3.1000   3.3210   3.5520   3.8190   4.0790   4.3680   4.6720   5.0000   5.4220   0.0000   0.0000   0.0000;
171:  0.2410   0.5610   0.7860   0.9970   1.2250   1.4940   1.7160   2.0620   2.2910   2.5070   2.7480   3.1000   3.3220   3.5520   3.8200   4.0800   4.3670   4.6710   4.9970   5.4160   0.0000   0.0000   0.0000;
172:  0.2410   0.5610   0.7860   0.9980   1.2250   1.4940   1.7160   2.0630   2.2910   2.5070   2.7480   3.1000   3.3220   3.5530   3.8220   4.0800   4.3650   4.6710   4.9930   5.4110   0.0000   0.0000   0.0000;
173:  0.2400   0.5620   0.7860   0.9980   1.2250   1.4940   1.7160   2.0630   2.2910   2.5070   2.7480   3.1000   3.3230   3.5530   3.8230   4.0810   4.3650   4.6710   4.9900   5.4090   0.0000   0.0000   0.0000;
174:  0.2400   0.5620   0.7860   0.9980   1.2260   1.4940   1.7160   2.0640   2.2910   2.5060   2.7480   3.1000   3.3240   3.5530   3.8240   4.0810   4.3640   4.6710   4.9870   5.4100   0.0000   0.0000   0.0000;
175:  0.2400   0.5620   0.7860   0.9990   1.2260   1.4940   1.7160   2.0640   2.2900   2.5060   2.7480   3.1000   3.3240   3.5540   3.8260   4.0820   4.3630   4.6700   4.9840   5.4140   0.0000   0.0000   0.0000;
176:  0.2400   0.5620   0.7870   0.9990   1.2260   1.4940   1.7160   2.0640   2.2900   2.5050   2.7480   3.0990   3.3240   3.5540   3.8270   4.0820   4.3620   4.6690   4.9810   5.4210   0.0000   0.0000   0.0000;
177:  0.2390   0.5620   0.7870   0.9990   1.2260   1.4930   1.7160   2.0640   2.2890   2.5050   2.7470   3.0990   3.3240   3.5540   3.8270   4.0820   4.3610   4.6680   4.9780   5.4310   0.0000   0.0000   0.0000;
178:  0.2390   0.5620   0.7870   0.9990   1.2260   1.4930   1.7160   2.0640   2.2890   2.5040   2.7470   3.0980   3.3240   3.5540   3.8280   4.0820   4.3600   4.6670   4.9750   5.4440   0.0000   0.0000   0.0000;
179:  0.2390   0.5630   0.7870   0.9990   1.2260   1.4930   1.7160   2.0640   2.2890   2.5040   2.7460   3.0970   3.3240   3.5540   3.8290   4.0820   4.3590   4.6650   4.9710   5.4580   5.8090   6.0200   0.0000;
180:  0.2390   0.5630   0.7870   0.9990   1.2260   1.4930   1.7160   2.0640   2.2880   2.5030   2.7450   3.0960   3.3240   3.5540   3.8290   4.0820   4.3580   4.6630   4.9680   5.4730   5.8150   6.0160   0.0000;
181:  0.2390   0.5630   0.7870   0.9990   1.2260   1.4920   1.7150   2.0640   2.2880   2.5020   2.7450   3.0950   3.3240   3.5530   3.8290   4.0810   4.3570   4.6610   4.9650   5.4870   5.8210   6.0130   0.0000;
182:  0.2390   0.5630   0.7870   0.9990   1.2260   1.4920   1.7150   2.0640   2.2870   2.5020   2.7440   3.0940   3.3230   3.5530   3.8290   4.0800   4.3560   4.6580   4.9620   5.5020   5.8250   6.0110   0.0000;
183:  0.2400   0.5630   0.7870   0.9990   1.2260   1.4920   1.7150   2.0630   2.2860   2.5010   2.7430   3.0930   3.3220   3.5520   3.8280   4.0790   4.3540   4.6560   4.9590   5.5150   5.8290   6.0100   0.0000;
184:  0.2400   0.5630   0.7870   0.9980   1.2260   1.4910   1.7150   2.0620   2.2860   2.5010   2.7420   3.0920   3.3210   3.5520   3.8270   4.0780   4.3520   4.6520   4.9560   5.5260   5.8290   6.0090   0.0000;
185:  0.2400   0.5630   0.7860   0.9980   1.2260   1.4910   1.7150   2.0620   2.2850   2.5000   2.7410   3.0900   3.3200   3.5510   3.8270   4.0760   4.3510   4.6490   4.9530   5.5340   5.8270   6.0070   0.0000;
186:  0.2400   0.5630   0.7860   0.9980   1.2260   1.4900   1.7140   2.0600   2.2840   2.5000   2.7390   3.0890   3.3190   3.5500   3.8250   4.0740   4.3490   4.6450   4.9490   5.5400   5.8230   6.0060   0.0000;
187:  0.2400   0.5630   0.7860   0.9980   1.2250   1.4890   1.7140   2.0600   2.2840   2.4990   2.7380   3.0870   3.3180   3.5490   3.8240   4.0720   4.3460   4.6410   4.9450   5.5430   5.8150   6.0030   0.0000;
188:  0.2410   0.5620   0.7860   0.9970   1.2250   1.4890   1.7140   2.0580   2.2830   2.4980   2.7370   3.0860   3.3160   3.5480   3.8220   4.0700   4.3440   4.6360   4.9420   5.5430   5.8050   5.9980   0.0000;
189:  0.2410   0.5620   0.7860   0.9970   1.2250   1.4880   1.7130   2.0570   2.2820   2.4980   2.7350   3.0840   3.3140   3.5470   3.8200   4.0670   4.3410   4.6320   4.9380   5.5400   5.7930   5.9930   0.0000;
190:  0.2420   0.5620   0.7860   0.9960   1.2250   1.4870   1.7130   2.0560   2.2810   2.4970   2.7330   3.0820   3.3130   3.5460   3.8180   4.0640   4.3380   4.6270   4.9340   5.5360   5.7790   5.9860   0.0000;
191:  0.2420   0.5620   0.7850   0.9960   1.2240   1.4870   1.7120   2.0550   2.2800   2.4960   2.7320   3.0800   3.3110   3.5440   3.8150   4.0610   4.3350   4.6220   4.9300   5.5300   5.7650   5.9790   0.0000;
192:  0.2430   0.5620   0.7850   0.9950   1.2240   1.4860   1.7120   2.0530   2.2800   2.4960   2.7300   3.0790   3.3090   3.5430   3.8120   4.0580   4.3320   4.6170   4.9250   5.5230   5.7510   5.9700   0.0000;
193:  0.2430   0.5620   0.7850   0.9950   1.2230   1.4850   1.7110   2.0510   2.2790   2.4950   2.7280   3.0770   3.3060   3.5410   3.8090   4.0550   4.3280   4.6120   4.9210   5.5150   5.7390   5.9610   0.0000;
194:  0.2440   0.5610   0.7850   0.9940   1.2230   1.4840   1.7100   2.0500   2.2780   2.4940   2.7270   3.0750   3.3040   3.5400   3.8060   4.0510   4.3250   4.6060   4.9170   5.5070   5.7280   5.9510   0.0000;
195:  0.2440   0.5610   0.7840   0.9930   1.2220   1.4840   1.7090   2.0480   2.2770   2.4930   2.7250   3.0730   3.3020   3.5380   3.8030   4.0470   4.3210   4.6010   4.9120   5.4980   5.7190   5.9410   0.0000;
196:  0.2450   0.5610   0.7840   0.9930   1.2210   1.4830   1.7090   2.0470   2.2760   2.4920   2.7230   3.0710   3.2990   3.5360   3.7990   4.0430   4.3170   4.5950   4.9070   5.4910   5.7130   5.9310   0.0000;
197:  0.2450   0.5600   0.7840   0.9920   1.2210   1.4820   1.7080   2.0450   2.2750   2.4910   2.7210   3.0690   3.2970   3.5340   3.7960   4.0390   4.3130   4.5900   4.9020   5.4830   5.7080   5.9220   0.0000;
198:  0.2460   0.5600   0.7830   0.9920   1.2200   1.4800   1.7070   2.0430   2.2740   2.4900   2.7190   3.0670   3.2950   3.5320   3.7920   4.0350   4.3090   4.5840   4.8970   5.4760   5.7060   5.9120   0.0000;
199:  0.2470   0.5600   0.7830   0.9910   1.2190   1.4800   1.7060   2.0420   2.2730   2.4890   2.7170   3.0650   3.2920   3.5300   3.7880   4.0310   4.3050   4.5790   4.8920   5.4690   5.7050   5.9020   0.0000;
200:  0.2470   0.5590   0.7830   0.9900   1.2180   1.4780   1.7050   2.0400   2.2710   2.4880   2.7150   3.0640   3.2900   3.5280   3.7840   4.0270   4.3000   4.5730   4.8870   5.4620   5.7050   5.8920   0.0000;
201:  0.2480   0.5590   0.7820   0.9890   1.2170   1.4770   1.7040   2.0380   2.2700   2.4870   2.7130   3.0620   3.2870   3.5250   3.7810   4.0230   4.2960   4.5680   4.8810   5.4540   5.7040   5.8820   0.0000;
202:  0.2480   0.5580   0.7820   0.9890   1.2160   1.4760   1.7020   2.0360   2.2690   2.4850   2.7110   3.0590   3.2850   3.5230   3.7770   4.0190   4.2910   4.5630   4.8760   5.4460   5.7030   5.8720   0.0000;
203:  0.2490   0.5580   0.7810   0.9880   1.2160   1.4750   1.7010   2.0350   2.2680   2.4840   2.7080   3.0570   3.2820   3.5210   3.7730   4.0150   4.2870   4.5580   4.8700   5.4360   5.6990   5.8620   0.0000;
204:  0.2490   0.5580   0.7810   0.9870   1.2150   1.4740   1.7000   2.0330   2.2670   2.4820   2.7060   3.0550   3.2800   3.5190   3.7690   4.0110   4.2820   4.5530   4.8650   5.4250   5.6930   5.8530   0.0000;
205:  0.2490   0.5570   0.7800   0.9860   1.2140   1.4730   1.6990   2.0310   2.2650   2.4810   2.7040   3.0530   3.2770   3.5160   3.7660   4.0070   4.2780   4.5480   4.8590   5.4130   5.6840   5.8440   0.0000;
206:  0.2500   0.5570   0.7800   0.9850   1.2130   1.4710   1.6980   2.0300   2.2640   2.4790   2.7020   3.0510   3.2750   3.5140   3.7620   4.0030   4.2730   4.5430   4.8540   5.3990   5.6730   5.8360   0.0000;
207:  0.2500   0.5560   0.7790   0.9850   1.2120   1.4700   1.6960   2.0280   2.2620   2.4770   2.7000   3.0480   3.2730   3.5120   3.7590   4.0000   4.2690   4.5380   4.8490   5.3850   5.6590   5.8300   0.0000;
208:  0.2500   0.5560   0.7780   0.9840   1.2110   1.4690   1.6950   2.0270   2.2610   2.4750   2.6980   3.0460   3.2700   3.5100   3.7560   3.9960   4.2650   4.5340   4.8430   5.3690   5.6430   5.8250   0.0000;
209:  0.2500   0.5550   0.7780   0.9830   1.2100   1.4680   1.6940   2.0250   2.2600   2.4730   2.6950   3.0440   3.2680   3.5070   3.7520   3.9930   4.2600   4.5300   4.8380   5.3530   5.6250   5.8230   0.0000;
210:  0.2510   0.5550   0.7770   0.9820   1.2090   1.4670   1.6930   2.0240   2.2580   2.4710   2.6930   3.0410   3.2660   3.5050   3.7490   3.9900   4.2560   4.5250   4.8330   5.3360   5.6080   5.8240   0.0000;
211:  0.2510   0.5540   0.7770   0.9820   1.2070   1.4650   1.6910   2.0220   2.2560   2.4690   2.6910   3.0390   3.2640   3.5030   3.7470   3.9870   4.2520   4.5210   4.8280   5.3210   5.5920   0.0000   0.0000;
212:  0.2510   0.5530   0.7760   0.9810   1.2060   1.4640   1.6900   2.0210   2.2550   2.4670   2.6890   3.0360   3.2620   3.5010   3.7440   3.9840   4.2480   4.5170   4.8230   5.3070   5.5770   0.0000   0.0000;
213:  0.2510   0.5530   0.7750   0.9800   1.2050   1.4630   1.6890   2.0200   2.2530   2.4650   2.6870   3.0340   3.2600   3.4980   3.7410   3.9810   4.2440   4.5130   4.8180   5.2950   5.5660   0.0000   0.0000;
214:  0.2510   0.5520   0.7750   0.9790   1.2040   1.4620   1.6880   2.0180   2.2510   2.4620   2.6850   3.0310   3.2580   3.4960   3.7390   3.9780   4.2400   4.5100   4.8140   5.2850   5.5580   0.0000   0.0000;
215:  0.2510   0.5520   0.7740   0.9780   1.2030   1.4610   1.6870   2.0170   2.2490   2.4600   2.6820   3.0280   3.2560   3.4940   3.7370   3.9760   4.2370   4.5060   4.8090   5.2790   5.5550   0.0000   0.0000;
216:  0.2510   0.5510   0.7730   0.9770   1.2020   1.4590   1.6850   2.0150   2.2480   2.4580   2.6800   3.0250   3.2540   3.4920   3.7350   3.9730   4.2330   4.5020   4.8050   5.2750   5.5550   0.0000   0.0000;
217:  0.2510   0.5510   0.7730   0.9760   1.2010   1.4580   1.6840   2.0140   2.2460   2.4550   2.6780   3.0230   3.2520   3.4900   3.7330   3.9710   4.2300   4.4980   4.8010   5.2750   0.0000   0.0000   0.0000;
218:  0.2510   0.5500   0.7720   0.9750   1.2000   1.4570   1.6830   2.0130   2.2440   2.4530   2.6760   3.0200   3.2500   3.4870   3.7310   3.9690   4.2260   4.4950   4.7970   0.0000   0.0000   0.0000   0.0000;
219:  0.2510   0.5490   0.7710   0.9750   1.1990   1.4560   1.6820   2.0110   2.2420   2.4500   2.6740   3.0170   3.2480   3.4850   3.7290   3.9660   4.2230   4.4910   4.7940   0.0000   0.0000   0.0000   0.0000;
220:  0.2510   0.5490   0.7710   0.9730   1.1980   1.4550   1.6820   2.0100   2.2400   2.4470   2.6720   3.0140   3.2460   3.4830   3.7270   3.9640   4.2200   4.4880   4.7900   0.0000   0.0000   0.0000   0.0000;
221:  0.2510   0.5480   0.7700   0.9730   1.1970   1.4540   1.6810   2.0090   2.2380   2.4450   2.6700   3.0110   3.2440   3.4810   3.7250   3.9620   4.2170   4.4840   4.7870   0.0000   0.0000   0.0000   0.0000;
222:  0.2510   0.5480   0.7690   0.9720   1.1960   1.4530   1.6800   2.0070   2.2360   2.4420   2.6680   3.0080   3.2420   3.4780   3.7230   3.9590   4.2140   4.4800   4.7840   0.0000   0.0000   0.0000   0.0000;
223:  0.2510   0.5470   0.7680   0.9710   1.1950   1.4520   1.6790   2.0050   2.2340   2.4400   2.6660   3.0050   3.2400   3.4760   3.7220   3.9570   4.2110   4.4770   4.7810   0.0000   0.0000   0.0000   0.0000;
224:  0.2510   0.5470   0.7670   0.9700   1.1940   1.4510   1.6780   2.0040   2.2320   2.4370   2.6640   3.0020   3.2380   3.4740   3.7200   3.9550   4.2080   4.4730   4.7780   0.0000   0.0000   0.0000   0.0000;
225:  0.2510   0.5460   0.7670   0.9690   1.1930   1.4500   1.6770   2.0020   2.2290   2.4350   2.6620   2.9990   3.2360   3.4720   3.7180   3.9520   4.2050   4.4690   4.7760   0.0000   0.0000   0.0000   0.0000;
226:  0.2510   0.5450   0.7660   0.9680   1.1920   1.4490   1.6760   2.0010   2.2270   2.4320   2.6600   2.9960   3.2340   3.4690   3.7160   3.9500   4.2020   4.4660   4.7730   0.0000   0.0000   0.0000   0.0000;
227:  0.2520   0.5450   0.7650   0.9670   1.1910   1.4490   1.6760   1.9990   2.2250   2.4290   2.6570   2.9930   3.2320   3.4670   3.7140   3.9470   4.2000   4.4620   4.7710   0.0000   0.0000   0.0000   0.0000;
228:  0.2520   0.5450   0.7650   0.9670   1.1910   1.4480   1.6750   1.9980   2.2230   2.4270   2.6550   2.9900   3.2300   3.4640   3.7120   3.9440   4.1980   4.4580   4.7690   0.0000   0.0000   0.0000   0.0000;
229:  0.2520   0.5440   0.7640   0.9660   1.1900   1.4470   1.6740   1.9960   2.2210   2.4250   2.6530   2.9870   3.2270   3.4620   3.7100   3.9410   4.1950   4.4550   4.7670   0.0000   0.0000   0.0000   0.0000;
230:  0.2520   0.5440   0.7630   0.9650   1.1890   1.4460   1.6740   1.9940   2.2190   2.4220   2.6510   2.9850   3.2250   3.4590   3.7070   3.9380   4.1930   4.4510   4.7650   0.0000   0.0000   0.0000   0.0000;
231:  0.2520   0.5430   0.7630   0.9640   1.1880   1.4450   1.6730   1.9920   2.2160   2.4200   2.6490   2.9820   3.2230   3.4570   3.7050   3.9350   4.1910   4.4480   4.7630   0.0000   0.0000   0.0000   0.0000;
232:  0.2520   0.5430   0.7620   0.9630   1.1880   1.4450   1.6720   1.9910   2.2140   2.4180   2.6480   2.9790   3.2200   3.4540   3.7020   3.9310   4.1890   4.4440   4.7610   0.0000   0.0000   0.0000   0.0000;
233:  0.2520   0.5420   0.7610   0.9630   1.1870   1.4440   1.6720   1.9890   2.2120   2.4160   2.6460   2.9770   3.2180   3.4510   3.7000   3.9280   4.1870   4.4410   4.7600   0.0000   0.0000   0.0000   0.0000;
234:  0.2530   0.5420   0.7610   0.9620   1.1860   1.4430   1.6710   1.9870   2.2100   2.4140   2.6440   2.9740   3.2160   3.4490   3.6970   3.9240   4.1850   4.4370   4.7580   0.0000   0.0000   0.0000   0.0000;
235:  0.2530   0.5420   0.7600   0.9610   1.1860   1.4430   1.6700   1.9850   2.2080   2.4120   2.6420   2.9720   3.2130   3.4460   3.6940   3.9200   4.1830   4.4340   4.7560   0.0000   0.0000   0.0000   0.0000;
236:  0.2530   0.5420   0.7600   0.9600   1.1850   1.4420   1.6690   1.9830   2.2060   2.4100   2.6400   2.9700   3.2110   3.4430   3.6900   3.9160   4.1810   4.4310   4.7550   0.0000   0.0000   0.0000   0.0000;
237:  0.2530   0.5410   0.7590   0.9600   1.1850   1.4410   1.6690   1.9810   2.2040   2.4080   2.6380   2.9680   3.2080   3.4400   3.6870   3.9130   4.1800   4.4280   4.7530   0.0000   0.0000   0.0000   0.0000;
238:  0.2530   0.5410   0.7580   0.9590   1.1840   1.4400   1.6680   1.9800   2.2020   2.4070   2.6370   2.9650   3.2050   3.4370   3.6830   3.9080   4.1780   4.4250   4.7520   0.0000   0.0000   0.0000   0.0000;
239:  0.2530   0.5400   0.7580   0.9580   1.1840   1.4400   1.6670   1.9780   2.2000   2.4050   2.6350   2.9640   3.2030   3.4350   3.6800   3.9040   4.1770   4.4230   4.7500   0.0000   0.0000   0.0000   0.0000;
240:  0.2530   0.5400   0.7570   0.9580   1.1830   1.4390   1.6660   1.9760   2.1990   2.4040   2.6330   2.9620   3.2000   3.4320   3.6760   3.9000   4.1760   4.4200   4.7480   0.0000   0.0000   0.0000   0.0000;
241:  0.2530   0.5400   0.7570   0.9580   1.1820   1.4380   1.6650   1.9740   2.1970   2.4020   2.6320   2.9600   3.1980   3.4290   3.6720   3.8960   4.1750   4.4180   4.7470   0.0000   0.0000   0.0000   0.0000;
242:  0.2530   0.5400   0.7560   0.9570   1.1820   1.4380   1.6650   1.9730   2.1950   2.4010   2.6300   2.9590   3.1960   3.4260   3.6680   3.8930   4.1740   4.4160   4.7450   0.0000   0.0000   0.0000   0.0000;
243:  0.2530   0.5400   0.7560   0.9560   1.1820   1.4370   1.6640   1.9710   2.1940   2.4000   2.6290   2.9570   3.1930   3.4230   3.6640   3.8890   4.1730   4.4150   4.7440   0.0000   0.0000   0.0000   0.0000;
244:  0.2530   0.5390   0.7560   0.9560   1.1810   1.4360   1.6630   1.9690   2.1930   2.3990   2.6270   2.9560   3.1910   3.4210   3.6610   3.8850   4.1720   4.4130   4.7420   0.0000   0.0000   0.0000   0.0000;
245:  0.2530   0.5390   0.7550   0.9560   1.1810   1.4350   1.6620   1.9680   2.1910   2.3980   2.6260   2.9550   3.1890   3.4180   3.6570   3.8810   4.1720   4.4120   4.7400   0.0000   0.0000   0.0000   0.0000;
246:  0.2530   0.5390   0.7550   0.9550   1.1800   1.4350   1.6610   1.9670   2.1900   2.3960   2.6250   2.9540   3.1870   3.4160   3.6530   3.8780   4.1710   4.4110   4.7390   0.0000   0.0000   0.0000   0.0000;
247:  0.2530   0.5380   0.7550   0.9550   1.1800   1.4340   1.6600   1.9650   2.1890   2.3960   2.6240   2.9530   3.1840   3.4130   3.6490   3.8750   4.1710   4.4100   4.7370   0.0000   0.0000   0.0000   0.0000;
248:  0.2530   0.5380   0.7540   0.9550   1.1800   1.4330   1.6590   1.9640   2.1880   2.3950   2.6220   2.9520   3.1820   3.4110   3.6460   3.8720   4.1710   4.4090   4.7350   0.0000   0.0000   0.0000   0.0000;
249:  0.2530   0.5380   0.7540   0.9550   1.1790   1.4330   1.6580   1.9630   2.1870   2.3940   2.6210   2.9510   3.1810   3.4080   3.6430   3.8690   4.1710   4.4090   4.7340   0.0000   0.0000   0.0000   0.0000;
250:  0.2530   0.5380   0.7530   0.9540   1.1790   1.4320   1.6570   1.9620   2.1870   2.3930   2.6200   2.9500   3.1790   3.4060   3.6390   3.8670   4.1710   4.4090   4.7320   0.0000   0.0000   0.0000   0.0000;
251:  0.2530   0.5380   0.7530   0.9540   1.1790   1.4310   1.6560   1.9610   2.1860   2.3930   2.6190   2.9490   3.1770   3.4040   3.6360   3.8650   4.1710   4.4090   4.7300   0.0000   0.0000   0.0000   0.0000;
252:  0.2520   0.5370   0.7530   0.9540   1.1780   1.4310   1.6550   1.9600   2.1860   2.3930   2.6180   2.9490   3.1760   3.4020   3.6340   3.8630   4.1720   4.4100   4.7290   0.0000   0.0000   0.0000   0.0000;
253:  0.2520   0.5370   0.7530   0.9540   1.1780   1.4300   1.6550   1.9600   2.1850   2.3920   2.6170   2.9480   3.1740   3.4010   3.6310   3.8620   4.1720   4.4100   4.7270   0.0000   0.0000   0.0000   0.0000;
254:  0.2520   0.5370   0.7530   0.9540   1.1780   1.4290   1.6540   1.9590   2.1850   2.3920   2.6160   2.9480   3.1730   3.3990   3.6290   3.8610   4.1730   4.4110   4.7250   0.0000   0.0000   0.0000   0.0000;
255:  0.2510   0.5370   0.7520   0.9530   1.1780   1.4290   1.6530   1.9590   2.1850   2.3910   2.6160   2.9470   3.1720   3.3980   3.6270   3.8610   4.1730   4.4120   4.7240   0.0000   0.0000   0.0000   0.0000;
256:  0.2510   0.5370   0.7520   0.9530   1.1770   1.4280   1.6520   1.9580   2.1850   2.3910   2.6150   2.9470   3.1710   3.3960   3.6260   3.8610   4.1740   4.4130   4.7220   0.0000   0.0000   0.0000   0.0000;
257:  0.2510   0.5360   0.7520   0.9530   1.1770   1.4280   1.6510   1.9580   2.1850   2.3910   2.6150   2.9460   3.1700   3.3950   3.6250   3.8610   4.1740   4.4140   4.7200   0.0000   0.0000   0.0000   0.0000;
258:  0.2500   0.5360   0.7520   0.9530   1.1770   1.4270   1.6510   1.9580   2.1860   2.3910   2.6140   2.9460   3.1700   3.3940   3.6240   3.8610   4.1750   4.4150   4.7190   0.0000   0.0000   0.0000   0.0000;
259:  0.2500   0.5360   0.7520   0.9530   1.1770   1.4270   1.6500   1.9580   2.1860   2.3910   2.6140   2.9450   3.1690   3.3930   3.6240   3.8620   4.1750   4.4170   4.7180   0.0000   0.0000   0.0000   0.0000;
260:  0.2490   0.5360   0.7520   0.9530   1.1770   1.4270   1.6500   1.9580   2.1860   2.3910   2.6130   2.9450   3.1690   3.3920   3.6240   3.8630   4.1760   4.4180   4.7160   0.0000   0.0000   0.0000   0.0000;
261:  0.2490   0.5360   0.7520   0.9530   1.1770   1.4260   1.6490   1.9590   2.1870   2.3910   2.6130   2.9450   3.1680   3.3920   3.6240   3.8650   4.1760   4.4200   4.7150   0.0000   0.0000   0.0000   0.0000;
262:  0.2490   0.5360   0.7520   0.9540   1.1770   1.4260   1.6490   1.9590   2.1870   2.3910   2.6130   2.9440   3.1680   3.3910   3.6240   3.8670   4.1760   4.4210   4.7140   0.0000   0.0000   0.0000   0.0000;
263:  0.2480   0.5360   0.7520   0.9540   1.1770   1.4260   1.6490   1.9600   2.1880   2.3920   2.6130   2.9440   3.1680   3.3910   3.6250   3.8690   4.1770   4.4230   4.7130   0.0000   0.0000   0.0000   0.0000;
264:  0.2480   0.5360   0.7520   0.9540   1.1770   1.4260   1.6480   1.9600   2.1890   2.3920   2.6130   2.9440   3.1680   3.3910   3.6260   3.8720   4.1770   4.4250   4.7120   0.0000   0.0000   0.0000   0.0000;
265:  0.2470   0.5360   0.7520   0.9540   1.1770   1.4260   1.6480   1.9610   2.1900   2.3930   2.6130   2.9430   3.1680   3.3910   3.6270   3.8740   4.1770   4.4270   4.7110   0.0000   0.0000   0.0000   0.0000;
266:  0.2470   0.5360   0.7520   0.9540   1.1770   1.4260   1.6480   1.9610   2.1900   2.3930   2.6130   2.9430   3.1690   3.3910   3.6290   3.8770   4.1770   4.4290   4.7100   0.0000   0.0000   0.0000   0.0000;
267:  0.2470   0.5360   0.7520   0.9540   1.1770   1.4260   1.6480   1.9620   2.1910   2.3930   2.6140   2.9430   3.1690   3.3910   3.6310   3.8800   4.1770   4.4300   4.7090   0.0000   0.0000   0.0000   0.0000;
268:  0.2460   0.5360   0.7520   0.9550   1.1770   1.4270   1.6490   1.9630   2.1920   2.3940   2.6140   2.9420   3.1690   3.3910   3.6330   3.8830   4.1770   4.4320   4.7080   0.0000   0.0000   0.0000   0.0000;
269:  0.2460   0.5360   0.7520   0.9550   1.1770   1.4270   1.6490   1.9640   2.1930   2.3950   2.6150   2.9420   3.1700   3.3920   3.6350   3.8870   4.1770   4.4340   4.7080   0.0000   0.0000   0.0000   0.0000;
270:  0.2460   0.5360   0.7520   0.9550   1.1780   1.4270   1.6490   1.9640   2.1940   2.3960   2.6150   2.9420   3.1710   3.3920   3.6380   3.8900   4.1760   4.4360   4.7070   0.0000   0.0000   0.0000   0.0000;
271:  0.2450   0.5360   0.7530   0.9550   1.1780   1.4280   1.6500   1.9650   2.1950   2.3960   2.6160   2.9420   3.1710   3.3930   3.6400   3.8930   4.1760   4.4390   4.7070   0.0000   0.0000   0.0000   0.0000;
272:  0.2450   0.5360   0.7530   0.9560   1.1780   1.4280   1.6500   1.9660   2.1950   2.3970   2.6160   2.9420   3.1720   3.3930   3.6430   3.8970   4.1750   4.4410   4.7070   0.0000   0.0000   0.0000   0.0000;
273:  0.2450   0.5360   0.7530   0.9560   1.1780   1.4290   1.6510   1.9670   2.1960   2.3980   2.6170   2.9420   3.1730   3.3940   3.6460   3.9000   4.1750   4.4430   4.7070   0.0000   0.0000   0.0000   0.0000;
274:  0.2450   0.5370   0.7530   0.9560   1.1790   1.4290   1.6510   1.9680   2.1970   2.3990   2.6180   2.9420   3.1740   3.3950   3.6490   3.9040   4.1740   4.4450   4.7070   0.0000   0.0000   0.0000   0.0000;
275:  0.2450   0.5370   0.7540   0.9570   1.1790   1.4300   1.6520   1.9690   2.1980   2.4000   2.6190   2.9420   3.1750   3.3960   3.6520   3.9070   4.1740   4.4480   4.7070   0.0000   0.0000   0.0000   0.0000;
276:  0.2450   0.5370   0.7540   0.9570   1.1800   1.4310   1.6530   1.9700   2.1990   2.4020   2.6200   2.9430   3.1760   3.3970   3.6550   3.9110   4.1730   4.4510   4.7070   0.0000   0.0000   0.0000   0.0000;
277:  0.2450   0.5380   0.7550   0.9580   1.1800   1.4310   1.6540   1.9710   2.2000   2.4030   2.6220   2.9440   3.1780   3.3990   3.6580   3.9140   4.1720   4.4540   4.7080   0.0000   0.0000   0.0000   0.0000;
278:  0.2440   0.5380   0.7550   0.9580   1.1810   1.4320   1.6550   1.9720   2.2000   2.4040   2.6230   2.9440   3.1790   3.4000   3.6610   3.9170   4.1720   4.4570   4.7080   0.0000   0.0000   0.0000   0.0000;
279:  0.2440   0.5390   0.7560   0.9590   1.1810   1.4330   1.6560   1.9730   2.2010   2.4050   2.6240   2.9450   3.1810   3.4010   3.6640   3.9200   4.1710   4.4600   4.7090   0.0000   0.0000   0.0000   0.0000;
280:  0.2440   0.5390   0.7560   0.9590   1.1820   1.4340   1.6570   1.9740   2.2020   2.4070   2.6260   2.9460   3.1820   3.4030   3.6670   3.9240   4.1710   4.4630   4.7100   0.0000   0.0000   0.0000   0.0000;
281:  0.2440   0.5400   0.7570   0.9600   1.1820   1.4350   1.6580   1.9750   2.2030   2.4080   2.6280   2.9480   3.1840   3.4050   3.6700   3.9270   4.1700   4.4670   4.7110   0.0000   0.0000   0.0000   0.0000;
282:  0.2440   0.5400   0.7570   0.9600   1.1830   1.4360   1.6590   1.9760   2.2040   2.4100   2.6290   2.9490   3.1860   3.4070   3.6730   3.9300   4.1700   4.4710   4.7120   0.0000   0.0000   0.0000   0.0000;
283:  0.2440   0.5410   0.7580   0.9610   1.1840   1.4370   1.6600   1.9770   2.2050   2.4110   2.6310   2.9510   3.1880   3.4090   3.6760   3.9330   4.1700   4.4750   4.7130   0.0000   0.0000   0.0000   0.0000;
284:  0.2440   0.5410   0.7580   0.9620   1.1850   1.4380   1.6620   1.9780   2.2050   2.4130   2.6330   2.9530   3.1900   3.4110   3.6790   3.9360   4.1710   4.4790   4.7140   0.0000   0.0000   0.0000   0.0000;
285:  0.2440   0.5420   0.7590   0.9620   1.1850   1.4390   1.6630   1.9790   2.2060   2.4150   2.6350   2.9550   3.1920   3.4130   3.6820   3.9390   4.1710   4.4830   4.7160   0.0000   0.0000   0.0000   0.0000;
286:  0.2440   0.5420   0.7600   0.9630   1.1860   1.4400   1.6640   1.9800   2.2070   2.4170   2.6370   2.9570   3.1950   3.4160   3.6850   3.9420   4.1720   4.4880   4.7180   0.0000   0.0000   0.0000   0.0000;
287:  0.2440   0.5430   0.7600   0.9640   1.1870   1.4410   1.6650   1.9810   2.2080   2.4180   2.6390   2.9600   3.1970   3.4180   3.6880   3.9450   4.1730   4.4930   4.7190   0.0000   0.0000   0.0000   0.0000;
288:  0.2440   0.5440   0.7610   0.9640   1.1880   1.4420   1.6670   1.9820   2.2090   2.4200   2.6420   2.9630   3.2000   3.4210   3.6910   3.9480   4.1750   4.4980   4.7220   0.0000   0.0000   0.0000   0.0000;
289:  0.2440   0.5440   0.7620   0.9650   1.1890   1.4440   1.6680   1.9840   2.2100   2.4220   2.6440   2.9660   3.2020   3.4240   3.6940   3.9520   4.1770   4.5040   4.7240   0.0000   0.0000   0.0000   0.0000;
290:  0.2430   0.5450   0.7630   0.9660   1.1890   1.4450   1.6690   1.9850   2.2110   2.4240   2.6460   2.9690   3.2050   3.4280   3.6970   3.9550   4.1800   4.5100   4.7260   0.0000   0.0000   0.0000   0.0000;
291:  0.2430   0.5460   0.7640   0.9660   1.1900   1.4460   1.6700   1.9860   2.2130   2.4260   2.6490   2.9730   3.2090   3.4310   3.7010   3.9590   4.1830   4.5160   4.7290   0.0000   0.0000   0.0000   0.0000;
292:  0.2430   0.5460   0.7640   0.9670   1.1910   1.4470   1.6710   1.9870   2.2140   2.4280   2.6510   2.9760   3.2120   3.4350   3.7040   3.9630   4.1860   4.5220   4.7310   0.0000   0.0000   0.0000   0.0000;
293:  0.2430   0.5470   0.7650   0.9680   1.1920   1.4480   1.6730   1.9880   2.2150   2.4300   2.6540   2.9800   3.2160   3.4390   3.7080   3.9670   4.1910   4.5280   4.7350   0.0000   0.0000   0.0000   0.0000;
294:  0.2420   0.5480   0.7660   0.9690   1.1930   1.4490   1.6740   1.9900   2.2170   2.4330   2.6560   2.9850   3.2190   3.4430   3.7120   3.9720   4.1950   4.5350   4.7380   0.0000   0.0000   0.0000   0.0000;
295:  0.2420   0.5480   0.7670   0.9700   1.1940   1.4500   1.6750   1.9910   2.2180   2.4350   2.6590   2.9890   3.2230   3.4470   3.7160   3.9760   4.2000   4.5420   4.7410   0.0000   0.0000   0.0000   0.0000;
296:  0.2420   0.5490   0.7670   0.9710   1.1950   1.4510   1.6760   1.9930   2.2200   2.4370   2.6620   2.9930   3.2270   3.4520   3.7200   3.9820   4.2060   4.5490   4.7450   0.0000   0.0000   0.0000   0.0000;
297:  0.2410   0.5500   0.7680   0.9710   1.1960   1.4520   1.6780   1.9940   2.2220   2.4390   2.6650   2.9980   3.2310   3.4570   3.7240   3.9870   4.2120   4.5560   4.7490   0.0000   0.0000   0.0000   0.0000;
298:  0.2410   0.5500   0.7690   0.9720   1.1970   1.4530   1.6790   1.9960   2.2230   2.4410   2.6670   3.0030   3.2350   3.4620   3.7290   3.9930   4.2190   0.0000   0.0000   0.0000   0.0000   0.0000   0.0000;
299:  0.2400   0.5510   0.7700   0.9730   1.1980   1.4550   1.6800   1.9970   2.2250   2.4440   2.6700   3.0070   3.2400   3.4670   3.7340   3.9990   4.2270   0.0000   0.0000   0.0000   0.0000   0.0000   0.0000;
300:  0.2400   0.5510   0.7710   0.9740   1.1990   1.4560   1.6810   1.9990   2.2270   2.4460   2.6730   3.0130   3.2440   3.4730   3.7390   4.0050   4.2350   0.0000   0.0000   0.0000   0.0000   0.0000   0.0000;
301:  0.2390   0.5520   0.7710   0.9750   1.2000   1.4570   1.6820   2.0000   2.2290   2.4480   2.6760   3.0170   3.2490   3.4780   3.7450   4.0120   4.2440   0.0000   0.0000   0.0000   0.0000   0.0000   0.0000;
302:  0.2390   0.5530   0.7720   0.9760   1.2010   1.4580   1.6840   2.0020   2.2310   2.4510   2.6780   3.0220   3.2540   3.4840   3.7510   4.0200   4.2530   0.0000   0.0000   0.0000   0.0000   0.0000   0.0000;
303:  0.2380   0.5530   0.7730   0.9770   1.2020   1.4590   1.6850   2.0040   2.2340   2.4530   2.6810   3.0270   3.2590   3.4900   3.7570   4.0270   4.2620   0.0000   0.0000   0.0000   0.0000   0.0000   0.0000;
304:  0.2380   0.5540   0.7740   0.9780   1.2030   1.4600   1.6860   2.0060   2.2360   2.4560   2.6840   3.0330   3.2640   3.4960   3.7630   4.0350   4.2730   0.0000   0.0000   0.0000   0.0000   0.0000   0.0000;
305:  0.2380   0.5540   0.7750   0.9780   1.2040   1.4610   1.6870   2.0080   2.2390   2.4580   2.6860   3.0380   3.2690   3.5030   3.7700   4.0440   4.2830   0.0000   0.0000   0.0000   0.0000   0.0000   0.0000;
306:  0.2370   0.5550   0.7750   0.9790   1.2050   1.4620   1.6880   2.0100   2.2410   2.4610   2.6890   3.0430   3.2730   3.5090   3.7770   4.0520   4.2940   0.0000   0.0000   0.0000   0.0000   0.0000   0.0000;
307:  0.2360   0.5550   0.7760   0.9800   1.2060   1.4630   1.6890   2.0120   2.2440   2.4640   2.6920   3.0480   3.2780   3.5160   3.7840   4.0610   4.3060   0.0000   0.0000   0.0000   0.0000   0.0000   0.0000;
308:  0.2360   0.5560   0.7770   0.9810   1.2070   1.4640   1.6910   2.0140   2.2460   2.4660   2.6950   3.0530   3.2840   3.5220   3.7910   4.0700   4.3180   0.0000   0.0000   0.0000   0.0000   0.0000   0.0000;
309:  0.2360   0.5560   0.7770   0.9820   1.2080   1.4650   1.6920   2.0160   2.2490   2.4690   2.6970   3.0570   3.2880   3.5290   3.7990   4.0800   4.3300   0.0000   0.0000   0.0000   0.0000   0.0000   0.0000;
310:  0.2350   0.5560   0.7780   0.9830   1.2090   1.4670   1.6930   2.0180   2.2520   2.4710   2.7000   3.0620   3.2930   3.5350   3.8070   4.0890   4.3430   0.0000   0.0000   0.0000   0.0000   0.0000   0.0000;
311:  0.2350   0.5570   0.7790   0.9840   1.2100   1.4680   1.6940   2.0200   2.2550   2.4740   2.7020   3.0670   3.2980   3.5420   3.8150   4.0990   4.3560   0.0000   0.0000   0.0000   0.0000   0.0000   0.0000;
312:  0.2350   0.5570   0.7790   0.9850   1.2110   1.4690   1.6950   2.0220   2.2580   2.4760   2.7050   3.0710   3.3030   3.5480   3.8230   4.1090   4.3690   0.0000   0.0000   0.0000   0.0000   0.0000   0.0000;
313:  0.2340   0.5580   0.7800   0.9860   1.2120   1.4700   1.6970   2.0240   2.2610   2.4790   2.7070   3.0750   3.3080   3.5550   3.8310   4.1180   4.3820   0.0000   0.0000   0.0000   0.0000   0.0000   0.0000;
314:  0.2340   0.5580   0.7810   0.9870   1.2130   1.4710   1.6980   2.0260   2.2640   2.4820   2.7090   3.0800   3.3120   3.5610   3.8390   4.1280   4.3950   0.0000   0.0000   0.0000   0.0000   0.0000   0.0000;
315:  0.2340   0.5580   0.7810   0.9880   1.2140   1.4730   1.6990   2.0290   2.2660   2.4850   2.7120   3.0840   3.3170   3.5670   3.8470   4.1380   4.4090   0.0000   0.0000   0.0000   0.0000   0.0000   0.0000;
316:  0.2340   0.5590   0.7820   0.9890   1.2150   1.4740   1.7000   2.0310   2.2690   2.4870   2.7140   3.0870   3.3210   3.5740   3.8550   4.1470   4.4220   0.0000   0.0000   0.0000   0.0000   0.0000   0.0000;
317:  0.2330   0.5590   0.7820   0.9900   1.2160   1.4750   1.7020   2.0330   2.2720   2.4900   2.7160   3.0910   3.3250   3.5800   3.8630   4.1570   4.4360   0.0000   0.0000   0.0000   0.0000   0.0000   0.0000;
318:  0.2330   0.5600   0.7830   0.9910   1.2170   1.4760   1.7030   2.0350   2.2750   2.4920   2.7190   3.0950   3.3300   3.5860   3.8710   4.1660   4.4500   0.0000   0.0000   0.0000   0.0000   0.0000   0.0000;
319:  0.2330   0.5600   0.7830   0.9920   1.2180   1.4770   1.7040   2.0370   2.2780   2.4950   2.7210   3.0980   3.3340   3.5910   3.8790   4.1750   4.4630   0.0000   0.0000   0.0000   0.0000   0.0000   0.0000;
320:  0.2330   0.5600   0.7840   0.9930   1.2190   1.4790   1.7050   2.0390   2.2800   2.4980   2.7230   3.1010   3.3370   3.5970   3.8870   4.1840   4.4760   0.0000   0.0000   0.0000   0.0000   0.0000   0.0000;
321:  0.2330   0.5610   0.7840   0.9940   1.2200   1.4800   1.7070   2.0410   2.2830   2.5000   2.7250   3.1040   3.3410   3.6020   3.8940   4.1920   4.4900   0.0000   0.0000   0.0000   0.0000   0.0000   0.0000;
322:  0.2330   0.5610   0.7850   0.9950   1.2210   1.4810   1.7080   2.0430   2.2850   2.5030   2.7280   3.1070   3.3440   3.6080   3.9010   4.2000   4.5030   0.0000   0.0000   0.0000   0.0000   0.0000   0.0000;
323:  0.2330   0.5610   0.7850   0.9960   1.2220   1.4820   1.7090   2.0450   2.2880   2.5050   2.7300   3.1090   3.3480   3.6130   3.9080   4.2070   4.5150   0.0000   0.0000   0.0000   0.0000   0.0000   0.0000;
324:  0.2330   0.5620   0.7860   0.9970   1.2220   1.4840   1.7100   2.0470   2.2900   2.5070   2.7320   3.1110   3.3510   3.6180   3.9150   4.2150   4.5280   0.0000   0.0000   0.0000   0.0000   0.0000   0.0000;
325:  0.2330   0.5620   0.7860   0.9980   1.2230   1.4850   1.7120   2.0490   2.2930   2.5100   2.7340   3.1140   3.3540   3.6220   3.9210   4.2210   4.5400   0.0000   0.0000   0.0000   0.0000   0.0000   0.0000;
326:  0.2340   0.5620   0.7870   0.9990   1.2240   1.4860   1.7130   2.0510   2.2950   2.5120   2.7360   3.1160   3.3570   3.6270   3.9270   4.2280   4.5520   0.0000   0.0000   0.0000   0.0000   0.0000   0.0000;
327:  0.2340   0.5630   0.7870   1.0000   1.2250   1.4870   1.7140   2.0530   2.2970   2.5140   2.7380   3.1180   3.3590   3.6310   3.9330   4.2340   4.5640   0.0000   0.0000   0.0000   0.0000   0.0000   0.0000;
328:  0.2340   0.5630   0.7880   1.0000   1.2260   1.4880   1.7150   2.0550   2.2990   2.5160   2.7400   3.1200   3.3620   3.6350   3.9380   4.2390   4.5750   0.0000   0.0000   0.0000   0.0000   0.0000   0.0000;
329:  0.2340   0.5630   0.7880   1.0010   1.2270   1.4890   1.7160   2.0560   2.3010   2.5180   2.7420   3.1210   3.3640   3.6390   3.9430   4.2440   4.5850   0.0000   0.0000   0.0000   0.0000   0.0000   0.0000;
330:  0.2340   0.5640   0.7890   1.0020   1.2270   1.4900   1.7180   2.0580   2.3020   2.5200   2.7440   3.1230   3.3670   3.6420   3.9480   4.2480   4.5960   4.8370   0.0000   0.0000   0.0000   0.0000   0.0000;
331:  0.2340   0.5640   0.7890   1.0030   1.2280   1.4910   1.7190   2.0600   2.3040   2.5220   2.7460   3.1240   3.3690   3.6460   3.9520   4.2530   4.6050   4.8460   0.0000   0.0000   0.0000   0.0000   0.0000;
332:  0.2340   0.5640   0.7890   1.0040   1.2290   1.4920   1.7200   2.0620   2.3050   2.5240   2.7480   3.1260   3.3710   3.6490   3.9560   4.2560   4.6150   4.8560   5.0480   5.3210   0.0000   0.0000   0.0000;
333:  0.2340   0.5640   0.7900   1.0050   1.2300   1.4930   1.7210   2.0630   2.3070   2.5260   2.7500   3.1270   3.3730   3.6530   3.9590   4.2590   4.6230   4.8650   5.0580   5.3320   0.0000   0.0000   0.0000;
334:  0.2340   0.5640   0.7900   1.0060   1.2300   1.4940   1.7220   2.0650   2.3080   2.5270   2.7520   3.1280   3.3750   3.6560   3.9630   4.2620   4.6320   4.8740   5.0680   5.3420   0.0000   0.0000   0.0000;
335:  0.2340   0.5650   0.7910   1.0060   1.2310   1.4950   1.7230   2.0660   2.3090   2.5290   2.7540   3.1290   3.3770   3.6590   3.9650   4.2650   4.6390   4.8830   5.0780   5.3520   0.0000   0.0000   0.0000;
336:  0.2340   0.5650   0.7910   1.0070   1.2320   1.4960   1.7240   2.0670   2.3100   2.5300   2.7560   3.1310   3.3780   3.6620   3.9680   4.2670   4.6460   4.8910   5.0870   5.3610   0.0000   0.0000   0.0000;
337:  0.2340   0.5650   0.7920   1.0080   1.2320   1.4970   1.7250   2.0690   2.3110   2.5310   2.7580   3.1320   3.3800   3.6640   3.9710   4.2690   4.6530   4.8990   5.0960   5.3690   0.0000   0.0000   0.0000;
338:  0.2340   0.5650   0.7920   1.0090   1.2330   1.4970   1.7260   2.0700   2.3120   2.5330   2.7590   3.1330   3.3820   3.6670   3.9730   4.2700   4.6590   4.9070   5.1040   5.3760   0.0000   0.0000   0.0000;
339:  0.2340   0.5650   0.7930   1.0090   1.2330   1.4980   1.7270   2.0710   2.3130   2.5340   2.7610   3.1330   3.3830   3.6700   3.9750   4.2720   4.6640   4.9150   5.1120   0.0000   0.0000   0.0000   0.0000;
340:  0.2340   0.5650   0.7930   1.0100   1.2340   1.4990   1.7280   2.0730   2.3130   2.5350   2.7630   3.1340   3.3850   3.6720   3.9760   4.2730   4.6690   4.9220   5.1190   0.0000   0.0000   0.0000   0.0000;
341:  0.2340   0.5650   0.7930   1.0100   1.2350   1.4990   1.7290   2.0740   2.3140   2.5360   2.7640   3.1350   3.3860   3.6750   3.9780   4.2740   4.6740   4.9280   5.1260   0.0000   0.0000   0.0000   0.0000;
342:  0.2340   0.5650   0.7940   1.0110   1.2350   1.5000   1.7290   2.0750   2.3150   2.5360   2.7660   3.1360   3.3880   3.6770   3.9790   4.2750   4.6770   4.9340   5.1320   0.0000   0.0000   0.0000   0.0000;
343:  0.2340   0.5650   0.7940   1.0110   1.2360   1.5000   1.7300   2.0760   2.3150   2.5370   2.7670   3.1360   3.3890   3.6790   3.9810   4.2750   4.6800   4.9390   5.1380   0.0000   0.0000   0.0000   0.0000;
344:  0.2330   0.5650   0.7950   1.0120   1.2360   1.5010   1.7310   2.0770   2.3150   2.5380   2.7680   3.1370   3.3910   3.6820   3.9820   4.2760   4.6830   4.9440   5.1420   0.0000   0.0000   0.0000   0.0000;
345:  0.2330   0.5650   0.7950   1.0120   1.2360   1.5010   1.7310   2.0770   2.3160   2.5380   2.7690   3.1380   3.3920   3.6840   3.9830   4.2770   4.6850   4.9470   5.1460   0.0000   0.0000   0.0000   0.0000;
346:  0.2330   0.5650   0.7950   1.0130   1.2370   1.5020   1.7320   2.0780   2.3160   2.5380   2.7710   3.1380   3.3940   3.6860   3.9840   4.2770   4.6860   4.9510   5.1500   0.0000   0.0000   0.0000   0.0000;
347:  0.2330   0.5650   0.7960   1.0130   1.2370   1.5020   1.7330   2.0790   2.3160   2.5390   2.7720   3.1390   3.3950   3.6880   3.9850   4.2780   4.6870   4.9530   5.1530   0.0000   0.0000   0.0000   0.0000;
348:  0.2320   0.5650   0.7960   1.0130   1.2370   1.5020   1.7330   2.0790   2.3160   2.5390   2.7730   3.1390   3.3960   3.6900   3.9860   4.2790   4.6870   4.9550   5.1550   0.0000   0.0000   0.0000   0.0000;
349:  0.2320   0.5650   0.7960   1.0140   1.2380   1.5020   1.7330   2.0800   2.3160   2.5390   2.7730   3.1390   3.3970   3.6920   3.9870   4.2800   4.6870   4.9550   5.1560   0.0000   0.0000   0.0000   0.0000;
350:  0.2320   0.5650   0.7960   1.0140   1.2380   1.5020   1.7340   2.0800   2.3160   2.5390   2.7740   3.1400   3.3980   3.6940   3.9890   4.2800   4.6860   4.9550   5.1560   0.0000   0.0000   0.0000   0.0000;
351:  0.2310   0.5640   0.7960   1.0140   1.2380   1.5020   1.7340   2.0810   2.3160   2.5390   2.7740   3.1400   3.3990   3.6960   3.9900   4.2810   4.6850   4.9540   5.1560   0.0000   0.0000   0.0000   0.0000;
352:  0.2310   0.5640   0.7970   1.0140   1.2380   1.5020   1.7350   2.0810   2.3160   2.5390   2.7750   3.1400   3.4000   3.6970   3.9910   4.2820   4.6830   4.9530   5.1550   0.0000   0.0000   0.0000   0.0000;
353:  0.2310   0.5640   0.7970   1.0140   1.2390   1.5030   1.7350   2.0810   2.3160   2.5380   2.7750   3.1400   3.4010   3.6990   3.9920   4.2830   4.6810   4.9500   5.1530   0.0000   0.0000   0.0000   0.0000;
354:  0.2310   0.5640   0.7970   1.0140   1.2390   1.5030   1.7350   2.0810   2.3160   2.5380   2.7750   3.1400   3.4020   3.7000   3.9930   4.2840   4.6780   4.9470   5.1500   0.0000   0.0000   0.0000   0.0000;
355:  0.2300   0.5640   0.7970   1.0140   1.2390   1.5020   1.7350   2.0810   2.3160   2.5370   2.7750   3.1390   3.4030   3.7020   3.9950   4.2850   4.6750   4.9430   5.1470   0.0000   0.0000   0.0000   0.0000;
356:  0.2300   0.5640   0.7970   1.0140   1.2390   1.5020   1.7350   2.0810   2.3160   2.5370   2.7750   3.1390   3.4030   3.7030   3.9960   4.2870   4.6720   4.9390   5.1430   0.0000   0.0000   0.0000   0.0000;
357:  0.2300   0.5630   0.7970   1.0140   1.2390   1.5020   1.7360   2.0810   2.3160   2.5360   2.7740   3.1380   3.4040   3.7040   3.9970   4.2880   4.6680   4.9330   5.1390   0.0000   0.0000   0.0000   0.0000;
358:  0.2290   0.5630   0.7970   1.0140   1.2390   1.5020   1.7360   2.0800   2.3150   2.5360   2.7730   3.1380   3.4040   3.7050   3.9990   4.2890   4.6640   4.9270   5.1330   5.3670   0.0000   0.0000   0.0000;
359:  0.2290   0.5630   0.7970   1.0140   1.2390   1.5020   1.7360   2.0800   2.3150   2.5350   2.7730   3.1370   3.4040   3.7050   4.0000   4.2900   4.6590   4.9210   5.1280   0.0000   0.0000   0.0000   0.0000;
