C:\RK-3\Data\PA000001\ED0000010002R.DAT;
000:  0.4240   0.7295   0.9690   1.2125   1.4805   1.7480   2.0630   2.3750   2.6120   2.8545   3.1575   3.4355   3.6490   3.8870   4.1185   4.3185   4.5525   4.8510   5.2490   0.0000   0.0000   0.0000   0.0000;
001:  0.4240   0.7295   0.9690   1.2125   1.4805   1.7480   2.0630   2.3755   2.6125   2.8545   3.1560   3.4320   3.6475   3.8890   4.1230   4.3275   4.5665   4.8675   5.2650   0.0000   0.0000   0.0000   0.0000;
002:  0.4240   0.7295   0.9690   1.2125   1.4805   1.7485   2.0640   2.3765   2.6135   2.8550   3.1545   3.4285   3.6460   3.8910   4.1280   4.3370   4.5805   4.8840   5.2790   0.0000   0.0000   0.0000   0.0000;
003:  0.4240   0.7295   0.9690   1.2125   1.4805   1.7485   2.0645   2.3775   2.6145   2.8555   3.1530   3.4250   3.6440   3.8925   4.1330   4.3475   4.5960   4.9010   5.2915   0.0000   0.0000   0.0000   0.0000;
004:  0.4240   0.7295   0.9685   1.2115   1.4805   1.7495   2.0655   2.3785   2.6150   2.8555   3.1515   3.4220   3.6430   3.8945   4.1380   4.3575   4.6110   4.9175   5.3020   0.0000   0.0000   0.0000   0.0000;
005:  0.4240   0.7295   0.9685   1.2115   1.4805   1.7495   2.0655   2.3790   2.6160   2.8555   3.1495   3.4190   3.6420   3.8970   4.1435   4.3680   4.6265   4.9340   5.3115   0.0000   0.0000   0.0000   0.0000;
006:  0.4245   0.7300   0.9685   1.2115   1.4805   1.7500   2.0665   2.3800   2.6170   2.8560   3.1475   3.4155   3.6410   3.8995   4.1495   4.3795   4.6425   4.9495   5.3195   0.0000   0.0000   0.0000   0.0000;
007:  0.4250   0.7300   0.9680   1.2110   1.4810   1.7510   2.0670   2.3805   2.6175   2.8555   3.1455   3.4130   3.6405   3.9020   4.1555   4.3905   4.6575   4.9645   5.3270   0.0000   0.0000   0.0000   0.0000;
008:  0.4250   0.7305   0.9685   1.2110   1.4810   1.7515   2.0680   2.3810   2.6175   2.8550   3.1435   3.4105   3.6405   3.9050   4.1610   4.4015   4.6730   4.9790   5.3335   0.0000   0.0000   0.0000   0.0000;
009:  0.4255   0.7305   0.9680   1.2105   1.4815   1.7520   2.0680   2.3815   2.6185   2.8550   3.1415   3.4080   3.6400   3.9080   4.1675   4.4130   4.6880   4.9920   5.3395   0.0000   0.0000   0.0000   0.0000;
010:  0.4255   0.7305   0.9675   1.2100   1.4820   1.7530   2.0685   2.3820   2.6190   2.8545   3.1395   3.4060   3.6405   3.9110   4.1735   4.4240   4.7025   5.0050   5.3450   0.0000   0.0000   0.0000   0.0000;
011:  0.4265   0.7310   0.9675   1.2100   1.4825   1.7540   2.0695   2.3825   2.6195   2.8545   3.1375   3.4040   3.6405   3.9135   4.1795   4.4350   4.7160   5.0160   5.3490   0.0000   0.0000   0.0000   0.0000;
012:  0.4270   0.7310   0.9670   1.2095   1.4830   1.7550   2.0700   2.3825   2.6195   2.8540   3.1355   3.4025   3.6415   3.9170   4.1860   4.4460   4.7295   5.0260   5.3520   0.0000   0.0000   0.0000   0.0000;
013:  0.4270   0.7310   0.9665   1.2090   1.4830   1.7555   2.0705   2.3830   2.6200   2.8530   3.1335   3.4015   3.6420   3.9195   4.1920   4.4565   4.7420   5.0350   0.0000   0.0000   0.0000   0.0000   0.0000;
014:  0.4280   0.7320   0.9665   1.2085   1.4840   1.7570   2.0710   2.3830   2.6200   2.8525   3.1315   3.4000   3.6430   3.9230   4.1980   4.4665   4.7540   5.0430   0.0000   0.0000   0.0000   0.0000   0.0000;
015:  0.4280   0.7320   0.9660   1.2080   1.4845   1.7580   2.0710   2.3825   2.6200   2.8515   3.1295   3.3995   3.6445   3.9260   4.2040   4.4765   4.7645   5.0490   0.0000   0.0000   0.0000   0.0000   0.0000;
016:  0.4285   0.7320   0.9655   1.2075   1.4850   1.7590   2.0715   2.3825   2.6200   2.8510   3.1280   3.3995   3.6470   3.9295   4.2095   4.4855   4.7745   5.0545   0.0000   0.0000   0.0000   0.0000   0.0000;
017:  0.4285   0.7320   0.9655   1.2075   1.4855   1.7600   2.0720   2.3825   2.6200   2.8500   3.1265   3.4000   3.6490   3.9330   4.2155   4.4940   4.7830   5.0580   0.0000   0.0000   0.0000   0.0000   0.0000;
018:  0.4290   0.7320   0.9650   1.2070   1.4860   1.7610   2.0725   2.3825   2.6200   2.8495   3.1255   3.4005   3.6510   3.9360   4.2210   4.5025   4.7910   5.0605   0.0000   0.0000   0.0000   0.0000   0.0000;
019:  0.4290   0.7320   0.9645   1.2065   1.4865   1.7620   2.0725   2.3815   2.6195   2.8485   3.1240   3.4015   3.6535   3.9390   4.2260   4.5100   4.7980   5.0620   0.0000   0.0000   0.0000   0.0000   0.0000;
020:  0.4295   0.7320   0.9640   1.2060   1.4870   1.7630   2.0730   2.3815   2.6190   2.8475   3.1235   3.4030   3.6565   3.9425   4.2310   4.5170   4.8040   5.0620   0.0000   0.0000   0.0000   0.0000   0.0000;
021:  0.4295   0.7325   0.9640   1.2055   1.4875   1.7640   2.0730   2.3810   2.6190   2.8465   3.1225   3.4045   3.6590   3.9455   4.2360   4.5235   4.8090   5.0610   0.0000   0.0000   0.0000   0.0000   0.0000;
022:  0.4300   0.7325   0.9635   1.2050   1.4880   1.7650   2.0735   2.3805   2.6180   2.8455   3.1220   3.4065   3.6625   3.9485   4.2400   4.5290   4.8125   5.0580   0.0000   0.0000   0.0000   0.0000   0.0000;
023:  0.4300   0.7325   0.9630   1.2045   1.4885   1.7660   2.0735   2.3795   2.6175   2.8450   3.1220   3.4090   3.6655   3.9515   4.2445   4.5340   4.8150   5.0545   0.0000   0.0000   0.0000   0.0000   0.0000;
024:  0.4300   0.7325   0.9625   1.2040   1.4890   1.7670   2.0735   2.3790   2.6170   2.8440   3.1220   3.4115   3.6690   3.9545   4.2485   4.5385   4.8170   5.0505   0.0000   0.0000   0.0000   0.0000   0.0000;
025:  0.4300   0.7325   0.9625   1.2040   1.4895   1.7675   2.0735   2.3785   2.6165   2.8435   3.1220   3.4140   3.6725   3.9575   4.2525   4.5430   4.8180   5.0450   0.0000   0.0000   0.0000   0.0000   0.0000;
026:  0.4305   0.7325   0.9620   1.2035   1.4900   1.7685   2.0735   2.3775   2.6155   2.8430   3.1230   3.4175   3.6760   3.9600   4.2560   4.5460   4.8180   5.0390   0.0000   0.0000   0.0000   0.0000   0.0000;
027:  0.4305   0.7325   0.9615   1.2030   1.4905   1.7695   2.0740   2.3770   2.6150   2.8425   3.1235   3.4210   3.6800   3.9630   4.2595   4.5490   4.8170   5.0315   0.0000   0.0000   0.0000   0.0000   0.0000;
028:  0.4305   0.7325   0.9615   1.2030   1.4905   1.7695   2.0735   2.3760   2.6140   2.8420   3.1245   3.4240   3.6830   3.9655   4.2630   4.5515   4.8160   5.0245   0.0000   0.0000   0.0000   0.0000   0.0000;
029:  0.4300   0.7315   0.9605   1.2025   1.4910   1.7705   2.0735   2.3750   2.6130   2.8410   3.1255   3.4280   3.6865   3.9675   4.2655   4.5530   4.8135   5.0165   0.0000   0.0000   0.0000   0.0000   0.0000;
030:  0.4300   0.7315   0.9605   1.2030   1.4920   1.7710   2.0735   2.3745   2.6125   2.8410   3.1270   3.4315   3.6900   3.9705   4.2685   4.5540   4.8105   5.0080   0.0000   0.0000   0.0000   0.0000   0.0000;
031:  0.4300   0.7315   0.9605   1.2030   1.4920   1.7710   2.0730   2.3735   2.6115   2.8410   3.1290   3.4355   3.6935   3.9725   4.2710   4.5550   4.8075   5.0000   0.0000   0.0000   0.0000   0.0000   0.0000;
032:  0.4290   0.7310   0.9605   1.2030   1.4920   1.7715   2.0730   2.3725   2.6105   2.8405   3.1305   3.4395   3.6970   3.9745   4.2735   4.5555   4.8035   4.9910   0.0000   0.0000   0.0000   0.0000   0.0000;
033:  0.4290   0.7310   0.9605   1.2030   1.4925   1.7720   2.0730   2.3720   2.6100   2.8405   3.1320   3.4430   3.7000   3.9765   4.2755   4.5555   4.8000   4.9830   0.0000   0.0000   0.0000   0.0000   0.0000;
034:  0.4285   0.7305   0.9605   1.2035   1.4930   1.7720   2.0725   2.3710   2.6090   2.8405   3.1345   3.4470   3.7030   3.9785   4.2775   4.5550   4.7955   4.9745   0.0000   0.0000   0.0000   0.0000   0.0000;
035:  0.4285   0.7305   0.9605   1.2035   1.4930   1.7720   2.0725   2.3705   2.6085   2.8410   3.1365   3.4505   3.7055   3.9795   4.2790   4.5545   4.7910   4.9660   0.0000   0.0000   0.0000   0.0000   0.0000;
036:  0.4280   0.7300   0.9610   1.2045   1.4935   1.7720   2.0720   2.3695   2.6075   2.8410   3.1390   3.4545   3.7085   3.9815   4.2810   4.5535   4.7865   4.9580   0.0000   0.0000   0.0000   0.0000   0.0000;
037:  0.4275   0.7295   0.9605   1.2045   1.4935   1.7720   2.0720   2.3690   2.6070   2.8415   3.1410   3.4580   3.7110   3.9825   4.2825   4.5525   4.7815   4.9505   0.0000   0.0000   0.0000   0.0000   0.0000;
038:  0.4275   0.7295   0.9610   1.2050   1.4935   1.7720   2.0720   2.3685   2.6065   2.8420   3.1435   3.4615   3.7130   3.9835   4.2835   4.5510   4.7770   4.9435   0.0000   0.0000   0.0000   0.0000   0.0000;
039:  0.4270   0.7290   0.9610   1.2055   1.4940   1.7715   2.0710   2.3675   2.6060   2.8425   3.1455   3.4650   3.7160   3.9850   4.2850   4.5500   4.7725   4.9365   0.0000   0.0000   0.0000   0.0000   0.0000;
040:  0.4270   0.7290   0.9615   1.2060   1.4935   1.7710   2.0710   2.3675   2.6055   2.8425   3.1480   3.4685   3.7180   3.9860   4.2860   4.5480   4.7680   0.0000   0.0000   0.0000   0.0000   0.0000   0.0000;
041:  0.4260   0.7285   0.9620   1.2070   1.4940   1.7710   2.0710   2.3670   2.6050   2.8430   3.1500   3.4710   3.7195   3.9870   4.2870   4.5460   4.7630   0.0000   0.0000   0.0000   0.0000   0.0000   0.0000;
042:  0.4260   0.7285   0.9625   1.2075   1.4935   1.7700   2.0705   2.3665   2.6045   2.8440   3.1525   3.4740   3.7210   3.9875   4.2880   4.5440   0.0000   0.0000   0.0000   0.0000   0.0000   0.0000   0.0000;
043:  0.4260   0.7285   0.9630   1.2085   1.4940   1.7700   2.0705   2.3665   2.6050   2.8450   3.1545   3.4765   3.7225   3.9880   4.2880   4.5415   0.0000   0.0000   0.0000   0.0000   0.0000   0.0000   0.0000;
044:  0.4260   0.7285   0.9635   1.2090   1.4935   1.7695   2.0710   2.3665   2.6045   2.8460   3.1570   3.4790   3.7235   3.9885   4.2890   4.5400   0.0000   0.0000   0.0000   0.0000   0.0000   0.0000   0.0000;
045:  0.4255   0.7280   0.9640   1.2100   1.4940   1.7690   2.0705   2.3665   2.6045   2.8465   3.1585   3.4810   3.7250   3.9890   4.2890   4.5375   0.0000   0.0000   0.0000   0.0000   0.0000   0.0000   0.0000;
046:  0.4255   0.7280   0.9645   1.2105   1.4935   1.7685   2.0705   2.3665   2.6050   2.8475   3.1600   3.4825   3.7255   3.9890   4.2890   4.5350   0.0000   0.0000   0.0000   0.0000   0.0000   0.0000   0.0000;
047:  0.4255   0.7280   0.9650   1.2115   1.4940   1.7680   2.0700   2.3665   2.6050   2.8480   3.1615   3.4840   3.7265   3.9900   4.2895   4.5325   0.0000   0.0000   0.0000   0.0000   0.0000   0.0000   0.0000;
048:  0.4255   0.7280   0.9655   1.2125   1.4940   1.7675   2.0705   2.3665   2.6050   2.8490   3.1630   3.4855   3.7270   3.9900   4.2895   4.5300   0.0000   0.0000   0.0000   0.0000   0.0000   0.0000   0.0000;
049:  0.4255   0.7280   0.9660   1.2130   1.4935   1.7665   2.0705   2.3670   2.6050   2.8495   3.1640   3.4865   3.7275   3.9900   4.2890   4.5270   0.0000   0.0000   0.0000   0.0000   0.0000   0.0000   0.0000;
050:  0.4255   0.7280   0.9665   1.2135   1.4935   1.7660   2.0700   2.3670   2.6055   2.8505   3.1655   3.4880   3.7285   3.9905   4.2885   4.5245   0.0000   0.0000   0.0000   0.0000   0.0000   0.0000   0.0000;
051:  0.4260   0.7280   0.9670   1.2145   1.4935   1.7655   2.0705   2.3675   2.6060   2.8515   3.1665   3.4885   3.7285   3.9905   4.2880   4.5215   0.0000   0.0000   0.0000   0.0000   0.0000   0.0000   0.0000;
052:  0.4260   0.7280   0.9675   1.2150   1.4930   1.7645   2.0705   2.3685   2.6065   2.8520   3.1675   3.4890   3.7290   3.9905   4.2870   4.5185   0.0000   0.0000   0.0000   0.0000   0.0000   0.0000   0.0000;
053:  0.4260   0.7280   0.9680   1.2160   1.4935   1.7645   2.0710   2.3690   2.6070   2.8525   3.1675   3.4895   3.7295   3.9905   4.2860   4.5155   0.0000   0.0000   0.0000   0.0000   0.0000   0.0000   0.0000;
054:  0.4265   0.7280   0.9685   1.2165   1.4930   1.7635   2.0710   2.3695   2.6075   2.8535   3.1680   3.4895   3.7300   3.9910   4.2850   4.5125   0.0000   0.0000   0.0000   0.0000   0.0000   0.0000   0.0000;
055:  0.4265   0.7285   0.9695   1.2175   1.4930   1.7630   2.0715   2.3700   2.6075   2.8535   3.1685   3.4900   3.7305   3.9910   4.2835   4.5095   0.0000   0.0000   0.0000   0.0000   0.0000   0.0000   0.0000;
056:  0.4270   0.7285   0.9700   1.2180   1.4930   1.7625   2.0710   2.3705   2.6085   2.8540   3.1685   3.4900   3.7310   3.9915   4.2820   4.5055   0.0000   0.0000   0.0000   0.0000   0.0000   0.0000   0.0000;
057:  0.4270   0.7285   0.9705   1.2185   1.4925   1.7620   2.0720   2.3715   2.6085   2.8540   3.1680   3.4895   3.7315   3.9915   4.2805   4.5030   0.0000   0.0000   0.0000   0.0000   0.0000   0.0000   0.0000;
058:  0.4275   0.7285   0.9710   1.2195   1.4930   1.7615   2.0715   2.3715   2.6090   2.8545   3.1680   3.4890   3.7315   3.9915   4.2780   4.4990   0.0000   0.0000   0.0000   0.0000   0.0000   0.0000   0.0000;
059:  0.4280   0.7290   0.9710   1.2195   1.4925   1.7610   2.0725   2.3730   2.6095   2.8540   3.1675   3.4890   3.7325   3.9920   4.2760   4.4955   0.0000   0.0000   0.0000   0.0000   0.0000   0.0000   0.0000;
060:  0.4285   0.7295   0.9720   1.2205   1.4930   1.7610   2.0725   2.3735   2.6105   2.8545   3.1670   3.4885   3.7335   3.9925   4.2735   4.4915   0.0000   0.0000   0.0000   0.0000   0.0000   0.0000   0.0000;
061:  0.4290   0.7295   0.9720   1.2205   1.4925   1.7600   2.0730   2.3745   2.6105   2.8540   3.1665   3.4885   3.7340   3.9925   4.2710   4.4880   0.0000   0.0000   0.0000   0.0000   0.0000   0.0000   0.0000;
062:  0.4290   0.7295   0.9725   1.2210   1.4925   1.7600   2.0730   2.3750   2.6110   2.8535   3.1655   3.4875   3.7345   3.9930   4.2685   4.4840   0.0000   0.0000   0.0000   0.0000   0.0000   0.0000   0.0000;
063:  0.4295   0.7295   0.9725   1.2210   1.4920   1.7595   2.0735   2.3755   2.6110   2.8530   3.1650   3.4875   3.7355   3.9935   4.2655   4.4800   0.0000   0.0000   0.0000   0.0000   0.0000   0.0000   0.0000;
064:  0.4295   0.7300   0.9730   1.2210   1.4920   1.7595   2.0740   2.3765   2.6115   2.8525   3.1640   3.4870   3.7365   3.9940   4.2630   4.4765   0.0000   0.0000   0.0000   0.0000   0.0000   0.0000   0.0000;
065:  0.4300   0.7300   0.9730   1.2215   1.4925   1.7595   2.0745   2.3770   2.6115   2.8520   3.1635   3.4865   3.7375   3.9945   4.2595   4.4725   0.0000   0.0000   0.0000   0.0000   0.0000   0.0000   0.0000;
066:  0.4300   0.7300   0.9735   1.2220   1.4920   1.7590   2.0745   2.3775   2.6120   2.8510   3.1620   3.4860   3.7385   3.9950   4.2565   4.4690   0.0000   0.0000   0.0000   0.0000   0.0000   0.0000   0.0000;
067:  0.4305   0.7300   0.9735   1.2220   1.4920   1.7585   2.0745   2.3780   2.6115   2.8500   3.1615   3.4855   3.7395   3.9955   4.2525   0.0000   0.0000   0.0000   0.0000   0.0000   0.0000   0.0000   0.0000;
068:  0.4305   0.7300   0.9735   1.2220   1.4915   1.7580   2.0750   2.3785   2.6115   2.8490   3.1600   3.4850   3.7405   3.9955   4.2490   0.0000   0.0000   0.0000   0.0000   0.0000   0.0000   0.0000   0.0000;
069:  0.4310   0.7300   0.9735   1.2220   1.4915   1.7580   2.0750   2.3790   2.6115   2.8480   3.1595   3.4850   3.7420   3.9965   4.2455   0.0000   0.0000   0.0000   0.0000   0.0000   0.0000   0.0000   0.0000;
070:  0.4310   0.7300   0.9735   1.2220   1.4915   1.7585   2.0755   2.3790   2.6110   2.8470   3.1590   3.4845   3.7425   3.9965   4.2420   0.0000   0.0000   0.0000   0.0000   0.0000   0.0000   0.0000   0.0000;
071:  0.4310   0.7300   0.9735   1.2220   1.4910   1.7580   2.0760   2.3795   2.6105   2.8455   3.1580   3.4840   3.7430   3.9965   4.2380   0.0000   0.0000   0.0000   0.0000   0.0000   0.0000   0.0000   0.0000;
072:  0.4310   0.7300   0.9735   1.2220   1.4910   1.7580   2.0760   2.3800   2.6105   2.8445   3.1575   3.4840   3.7445   3.9970   4.2340   0.0000   0.0000   0.0000   0.0000   0.0000   0.0000   0.0000   0.0000;
073:  0.4315   0.7305   0.9740   1.2220   1.4910   1.7580   2.0760   2.3800   2.6100   2.8430   3.1565   3.4835   3.7450   3.9970   4.2305   0.0000   0.0000   0.0000   0.0000   0.0000   0.0000   0.0000   0.0000;
074:  0.4310   0.7300   0.9735   1.2215   1.4905   1.7575   2.0760   2.3800   2.6095   2.8415   3.1560   3.4840   3.7465   3.9975   4.2265   0.0000   0.0000   0.0000   0.0000   0.0000   0.0000   0.0000   0.0000;
075:  0.4310   0.7300   0.9735   1.2215   1.4905   1.7575   2.0755   2.3795   2.6090   2.8405   3.1555   3.4835   3.7470   3.9975   4.2230   0.0000   0.0000   0.0000   0.0000   0.0000   0.0000   0.0000   0.0000;
076:  0.4310   0.7300   0.9735   1.2220   1.4910   1.7580   2.0760   2.3795   2.6080   2.8385   3.1545   3.4830   3.7475   3.9970   4.2185   0.0000   0.0000   0.0000   0.0000   0.0000   0.0000   0.0000   0.0000;
077:  0.4310   0.7300   0.9735   1.2220   1.4910   1.7580   2.0755   2.3790   2.6075   2.8375   3.1545   3.4835   3.7485   3.9970   4.2150   0.0000   0.0000   0.0000   0.0000   0.0000   0.0000   0.0000   0.0000;
078:  0.4305   0.7295   0.9735   1.2220   1.4905   1.7575   2.0755   2.3790   2.6070   2.8365   3.1545   3.4835   3.7485   3.9965   4.2115   0.0000   0.0000   0.0000   0.0000   0.0000   0.0000   0.0000   0.0000;
079:  0.4305   0.7295   0.9735   1.2220   1.4905   1.7580   2.0755   2.3785   2.6060   2.8345   3.1535   3.4830   3.7490   3.9965   4.2080   0.0000   0.0000   0.0000   0.0000   0.0000   0.0000   0.0000   0.0000;
080:  0.4305   0.7290   0.9735   1.2225   1.4905   1.7580   2.0750   2.3775   2.6050   2.8335   3.1535   3.4830   3.7490   3.9960   4.2050   0.0000   0.0000   0.0000   0.0000   0.0000   0.0000   0.0000   0.0000;
081:  0.4305   0.7290   0.9735   1.2225   1.4900   1.7580   2.0750   2.3770   2.6045   2.8325   3.1535   3.4835   3.7495   3.9955   4.2015   0.0000   0.0000   0.0000   0.0000   0.0000   0.0000   0.0000   0.0000;
082:  0.4300   0.7285   0.9735   1.2225   1.4900   1.7580   2.0745   2.3765   2.6035   2.8310   3.1535   3.4835   3.7495   3.9955   4.1990   0.0000   0.0000   0.0000   0.0000   0.0000   0.0000   0.0000   0.0000;
083:  0.4300   0.7285   0.9735   1.2225   1.4900   1.7580   2.0740   2.3755   2.6025   2.8300   3.1535   3.4835   3.7490   3.9945   4.1965   0.0000   0.0000   0.0000   0.0000   0.0000   0.0000   0.0000   0.0000;
084:  0.4300   0.7285   0.9735   1.2225   1.4900   1.7585   2.0740   2.3750   2.6020   2.8290   3.1530   3.4830   3.7490   3.9940   4.1940   0.0000   0.0000   0.0000   0.0000   0.0000   0.0000   0.0000   0.0000;
085:  0.4300   0.7285   0.9740   1.2230   1.4900   1.7585   2.0730   2.3735   2.6010   2.8285   3.1535   3.4835   3.7490   3.9935   4.1920   0.0000   0.0000   0.0000   0.0000   0.0000   0.0000   0.0000   0.0000;
086:  0.4295   0.7285   0.9740   1.2230   1.4900   1.7590   2.0730   2.3730   2.6005   2.8275   3.1535   3.4835   3.7480   3.9920   4.1895   0.0000   0.0000   0.0000   0.0000   0.0000   0.0000   0.0000   0.0000;
087:  0.4295   0.7285   0.9740   1.2230   1.4895   1.7585   2.0725   2.3725   2.6000   2.8265   3.1535   3.4835   3.7475   3.9915   4.1880   0.0000   0.0000   0.0000   0.0000   0.0000   0.0000   0.0000   0.0000;
088:  0.4290   0.7280   0.9745   1.2235   1.4895   1.7585   2.0715   2.3710   2.5990   2.8260   3.1535   3.4835   3.7475   3.9910   4.1865   0.0000   0.0000   0.0000   0.0000   0.0000   0.0000   0.0000   0.0000;
089:  0.4290   0.7280   0.9745   1.2235   1.4895   1.7590   2.0715   2.3700   2.5980   2.8255   3.1540   3.4835   3.7465   3.9900   4.1855   0.0000   0.0000   0.0000   0.0000   0.0000   0.0000   0.0000   0.0000;
090:  0.4290   0.7280   0.9745   1.2240   1.4900   1.7590   2.0705   2.3690   2.5980   2.8250   3.1540   3.4840   3.7460   3.9895   4.1850   0.0000   0.0000   0.0000   0.0000   0.0000   0.0000   0.0000   0.0000;
091:  0.4290   0.7280   0.9750   1.2245   1.4900   1.7590   2.0700   2.3680   2.5970   2.8245   3.1540   3.4840   3.7455   3.9885   4.1845   0.0000   0.0000   0.0000   0.0000   0.0000   0.0000   0.0000   0.0000;
092:  0.4290   0.7280   0.9750   1.2245   1.4900   1.7595   2.0695   2.3670   2.5970   2.8245   3.1540   3.4835   3.7445   3.9880   4.1845   0.0000   0.0000   0.0000   0.0000   0.0000   0.0000   0.0000   0.0000;
093:  0.4290   0.7280   0.9755   1.2250   1.4900   1.7595   2.0690   2.3660   2.5965   2.8245   3.1540   3.4835   3.7435   3.9870   4.1845   0.0000   0.0000   0.0000   0.0000   0.0000   0.0000   0.0000   0.0000;
094:  0.4290   0.7280   0.9755   1.2250   1.4900   1.7595   2.0680   2.3650   2.5965   2.8245   3.1540   3.4835   3.7430   3.9865   4.1845   0.0000   0.0000   0.0000   0.0000   0.0000   0.0000   0.0000   0.0000;
095:  0.4285   0.7280   0.9755   1.2250   1.4905   1.7600   2.0675   2.3640   2.5960   2.8245   3.1540   3.4835   3.7425   3.9865   4.1855   0.0000   0.0000   0.0000   0.0000   0.0000   0.0000   0.0000   0.0000;
096:  0.4290   0.7285   0.9760   1.2255   1.4905   1.7600   2.0670   2.3635   2.5960   2.8245   3.1540   3.4840   3.7425   3.9860   4.1865   0.0000   0.0000   0.0000   0.0000   0.0000   0.0000   0.0000   0.0000;
097:  0.4290   0.7285   0.9760   1.2255   1.4905   1.7600   2.0665   2.3625   2.5955   2.8245   3.1540   3.4840   3.7415   3.9855   4.1875   0.0000   0.0000   0.0000   0.0000   0.0000   0.0000   0.0000   0.0000;
098:  0.4290   0.7285   0.9760   1.2255   1.4905   1.7600   2.0655   2.3615   2.5955   2.8250   3.1545   3.4845   3.7415   3.9860   4.1900   0.0000   0.0000   0.0000   0.0000   0.0000   0.0000   0.0000   0.0000;
099:  0.4290   0.7285   0.9765   1.2260   1.4910   1.7605   2.0650   2.3605   2.5955   2.8255   3.1540   3.4840   3.7410   3.9860   4.1915   0.0000   0.0000   0.0000   0.0000   0.0000   0.0000   0.0000   0.0000;
100:  0.4290   0.7285   0.9765   1.2255   1.4905   1.7605   2.0645   2.3600   2.5955   2.8255   3.1535   3.4840   3.7410   3.9865   4.1940   0.0000   0.0000   0.0000   0.0000   0.0000   0.0000   0.0000   0.0000;
101:  0.4290   0.7285   0.9765   1.2255   1.4910   1.7610   2.0645   2.3595   2.5955   2.8260   3.1535   3.4845   3.7410   3.9865   4.1960   0.0000   0.0000   0.0000   0.0000   0.0000   0.0000   0.0000   0.0000;
102:  0.4290   0.7285   0.9765   1.2255   1.4910   1.7610   2.0640   2.3590   2.5960   2.8270   3.1535   3.4845   3.7410   3.9870   4.1985   0.0000   0.0000   0.0000   0.0000   0.0000   0.0000   0.0000   0.0000;
103:  0.4295   0.7290   0.9765   1.2255   1.4910   1.7610   2.0635   2.3580   2.5955   2.8270   3.1530   3.4845   3.7415   3.9885   4.2020   0.0000   0.0000   0.0000   0.0000   0.0000   0.0000   0.0000   0.0000;
104:  0.4295   0.7290   0.9765   1.2255   1.4915   1.7615   2.0635   2.3580   2.5960   2.8280   3.1530   3.4845   3.7415   3.9890   4.2050   0.0000   0.0000   0.0000   0.0000   0.0000   0.0000   0.0000   0.0000;
105:  0.4295   0.7290   0.9765   1.2250   1.4915   1.7615   2.0630   2.3580   2.5965   2.8285   3.1530   3.4855   3.7425   3.9905   4.2085   0.0000   0.0000   0.0000   0.0000   0.0000   0.0000   0.0000   0.0000;
106:  0.4295   0.7290   0.9765   1.2250   1.4915   1.7615   2.0625   2.3575   2.5965   2.8290   3.1525   3.4850   3.7430   3.9915   4.2115   0.0000   0.0000   0.0000   0.0000   0.0000   0.0000   0.0000   0.0000;
107:  0.4290   0.7290   0.9760   1.2245   1.4920   1.7620   2.0625   2.3570   2.5965   2.8295   3.1525   3.4855   3.7435   3.9930   4.2150   0.0000   0.0000   0.0000   0.0000   0.0000   0.0000   0.0000   0.0000;
108:  0.4290   0.7290   0.9760   1.2240   1.4915   1.7615   2.0620   2.3570   2.5970   2.8300   3.1520   3.4855   3.7445   3.9950   4.2190   0.0000   0.0000   0.0000   0.0000   0.0000   0.0000   0.0000   0.0000;
109:  0.4290   0.7290   0.9760   1.2240   1.4920   1.7620   2.0620   2.3570   2.5970   2.8305   3.1520   3.4860   3.7460   3.9970   4.2230   0.0000   0.0000   0.0000   0.0000   0.0000   0.0000   0.0000   0.0000;
110:  0.4290   0.7285   0.9750   1.2235   1.4925   1.7625   2.0625   2.3575   2.5975   2.8310   3.1515   3.4860   3.7465   3.9990   4.2275   0.0000   0.0000   0.0000   0.0000   0.0000   0.0000   0.0000   0.0000;
111:  0.4290   0.7285   0.9750   1.2230   1.4920   1.7625   2.0625   2.3575   2.5975   2.8315   3.1515   3.4860   3.7475   4.0010   4.2315   0.0000   0.0000   0.0000   0.0000   0.0000   0.0000   0.0000   0.0000;
112:  0.4285   0.7285   0.9745   1.2225   1.4925   1.7625   2.0620   2.3570   2.5970   2.8315   3.1510   3.4860   3.7485   4.0030   4.2355   0.0000   0.0000   0.0000   0.0000   0.0000   0.0000   0.0000   0.0000;
113:  0.4285   0.7280   0.9735   1.2215   1.4920   1.7625   2.0620   2.3570   2.5975   2.8325   3.1510   3.4860   3.7500   4.0055   4.2400   0.0000   0.0000   0.0000   0.0000   0.0000   0.0000   0.0000   0.0000;
114:  0.4285   0.7280   0.9735   1.2215   1.4925   1.7625   2.0620   2.3575   2.5975   2.8325   3.1505   3.4855   3.7505   4.0080   4.2445   0.0000   0.0000   0.0000   0.0000   0.0000   0.0000   0.0000   0.0000;
115:  0.4275   0.7275   0.9730   1.2205   1.4920   1.7625   2.0625   2.3580   2.5975   2.8330   3.1505   3.4855   3.7515   4.0100   4.2485   0.0000   0.0000   0.0000   0.0000   0.0000   0.0000   0.0000   0.0000;
116:  0.4275   0.7270   0.9725   1.2205   1.4925   1.7630   2.0625   2.3580   2.5975   2.8330   3.1500   3.4850   3.7525   4.0125   4.2530   0.0000   0.0000   0.0000   0.0000   0.0000   0.0000   0.0000   0.0000;
117:  0.4275   0.7270   0.9720   1.2195   1.4920   1.7630   2.0630   2.3585   2.5975   2.8335   3.1500   3.4845   3.7530   4.0145   4.2570   4.4500   0.0000   0.0000   0.0000   0.0000   0.0000   0.0000   0.0000;
118:  0.4275   0.7270   0.9715   1.2190   1.4925   1.7630   2.0625   2.3585   2.5975   2.8335   3.1500   3.4845   3.7540   4.0170   4.2610   4.4535   0.0000   0.0000   0.0000   0.0000   0.0000   0.0000   0.0000;
119:  0.4265   0.7260   0.9710   1.2185   1.4920   1.7630   2.0630   2.3590   2.5975   2.8340   3.1500   3.4835   3.7540   4.0185   4.2650   4.4580   0.0000   0.0000   0.0000   0.0000   0.0000   0.0000   0.0000;
120:  0.4265   0.7260   0.9705   1.2180   1.4920   1.7630   2.0630   2.3590   2.5970   2.8335   3.1495   3.4830   3.7545   4.0205   4.2690   4.4625   0.0000   0.0000   0.0000   0.0000   0.0000   0.0000   0.0000;
121:  0.4255   0.7250   0.9695   1.2175   1.4925   1.7635   2.0635   2.3595   2.5970   2.8340   3.1495   3.4820   3.7545   4.0220   4.2725   4.4670   0.0000   0.0000   0.0000   0.0000   0.0000   0.0000   0.0000;
122:  0.4255   0.7250   0.9695   1.2170   1.4920   1.7635   2.0640   2.3600   2.5965   2.8335   3.1495   3.4815   3.7545   4.0240   4.2765   4.4715   0.0000   0.0000   0.0000   0.0000   0.0000   0.0000   0.0000;
123:  0.4255   0.7250   0.9690   1.2165   1.4920   1.7635   2.0640   2.3605   2.5970   2.8340   3.1495   3.4805   3.7545   4.0255   4.2800   4.4765   0.0000   0.0000   0.0000   0.0000   0.0000   0.0000   0.0000;
124:  0.4245   0.7240   0.9680   1.2160   1.4920   1.7635   2.0640   2.3605   2.5965   2.8335   3.1490   3.4790   3.7540   4.0265   4.2830   4.4815   0.0000   0.0000   0.0000   0.0000   0.0000   0.0000   0.0000;
125:  0.4245   0.7240   0.9680   1.2160   1.4920   1.7635   2.0645   2.3610   2.5965   2.8335   3.1490   3.4780   3.7530   4.0275   4.2865   4.4870   0.0000   0.0000   0.0000   0.0000   0.0000   0.0000   0.0000;
126:  0.4235   0.7235   0.9680   1.2155   1.4915   1.7635   2.0645   2.3610   2.5960   2.8335   3.1490   3.4765   3.7520   4.0285   4.2900   4.4925   0.0000   0.0000   0.0000   0.0000   0.0000   0.0000   0.0000;
127:  0.4235   0.7230   0.9670   1.2150   1.4915   1.7635   2.0650   2.3615   2.5960   2.8335   3.1485   3.4750   3.7510   4.0290   4.2925   4.4975   0.0000   0.0000   0.0000   0.0000   0.0000   0.0000   0.0000;
128:  0.4235   0.7230   0.9670   1.2150   1.4915   1.7635   2.0650   2.3620   2.5960   2.8335   3.1485   3.4730   3.7495   4.0295   4.2950   4.5025   0.0000   0.0000   0.0000   0.0000   0.0000   0.0000   0.0000;
129:  0.4230   0.7230   0.9670   1.2150   1.4915   1.7635   2.0650   2.3620   2.5955   2.8330   3.1485   3.4720   3.7480   4.0290   4.2970   4.5080   0.0000   0.0000   0.0000   0.0000   0.0000   0.0000   0.0000;
130:  0.4225   0.7225   0.9665   1.2145   1.4910   1.7630   2.0650   2.3620   2.5955   2.8330   3.1480   3.4700   3.7460   4.0290   4.2995   4.5135   0.0000   0.0000   0.0000   0.0000   0.0000   0.0000   0.0000;
131:  0.4225   0.7220   0.9660   1.2145   1.4910   1.7630   2.0650   2.3620   2.5950   2.8325   3.1475   3.4680   3.7435   4.0280   4.3010   4.5185   0.0000   0.0000   0.0000   0.0000   0.0000   0.0000   0.0000;
132:  0.4225   0.7220   0.9660   1.2145   1.4910   1.7635   2.0655   2.3620   2.5950   2.8330   3.1475   3.4660   3.7410   4.0270   4.3025   4.5235   4.7345   4.9100   0.0000   0.0000   0.0000   0.0000   0.0000;
133:  0.4220   0.7220   0.9660   1.2145   1.4905   1.7630   2.0655   2.3625   2.5950   2.8325   3.1470   3.4640   3.7385   4.0260   4.3040   4.5290   4.7395   4.9125   0.0000   0.0000   0.0000   0.0000   0.0000;
134:  0.4220   0.7220   0.9665   1.2150   1.4905   1.7630   2.0650   2.3620   2.5950   2.8325   3.1465   3.4620   3.7360   4.0245   4.3050   4.5340   4.7440   4.9155   0.0000   0.0000   0.0000   0.0000   0.0000;
135:  0.4215   0.7220   0.9670   1.2150   1.4900   1.7625   2.0650   2.3620   2.5945   2.8320   3.1460   3.4600   3.7330   4.0230   4.3060   4.5385   4.7490   4.9190   0.0000   0.0000   0.0000   0.0000   0.0000;
136:  0.4215   0.7220   0.9670   1.2155   1.4905   1.7625   2.0650   2.3625   2.5950   2.8320   3.1455   3.4580   3.7300   4.0210   4.3065   4.5430   4.7535   4.9225   0.0000   0.0000   0.0000   0.0000   0.0000;
137:  0.4220   0.7225   0.9675   1.2160   1.4900   1.7620   2.0645   2.3620   2.5950   2.8325   3.1455   3.4560   3.7270   4.0190   4.3070   4.5470   4.7580   4.9265   0.0000   0.0000   0.0000   0.0000   0.0000;
138:  0.4220   0.7225   0.9675   1.2160   1.4895   1.7620   2.0650   2.3620   2.5950   2.8325   3.1450   3.4540   3.7235   4.0160   4.3070   4.5515   4.7635   4.9315   0.0000   0.0000   0.0000   0.0000   0.0000;
139:  0.4220   0.7230   0.9680   1.2160   1.4895   1.7620   2.0645   2.3615   2.5950   2.8325   3.1440   3.4515   3.7200   4.0135   4.3070   4.5550   4.7680   4.9365   0.0000   0.0000   0.0000   0.0000   0.0000;
140:  0.4220   0.7230   0.9685   1.2170   1.4895   1.7615   2.0645   2.3620   2.5955   2.8325   3.1435   3.4495   3.7165   4.0110   4.3070   4.5585   4.7730   4.9425   0.0000   0.0000   0.0000   0.0000   0.0000;
141:  0.4220   0.7230   0.9685   1.2170   1.4895   1.7615   2.0640   2.3615   2.5960   2.8330   3.1430   3.4480   3.7135   4.0080   4.3060   4.5615   4.7775   4.9475   0.0000   0.0000   0.0000   0.0000   0.0000;
142:  0.4225   0.7240   0.9695   1.2175   1.4890   1.7610   2.0640   2.3615   2.5960   2.8330   3.1420   3.4455   3.7100   4.0050   4.3050   4.5640   4.7820   4.9540   0.0000   0.0000   0.0000   0.0000   0.0000;
143:  0.4225   0.7240   0.9695   1.2175   1.4885   1.7605   2.0635   2.3615   2.5970   2.8335   3.1415   3.4440   3.7070   4.0025   4.3045   4.5665   4.7865   4.9605   0.0000   0.0000   0.0000   0.0000   0.0000;
144:  0.4225   0.7245   0.9705   1.2180   1.4885   1.7605   2.0635   2.3615   2.5970   2.8335   3.1410   3.4425   3.7040   3.9995   4.3035   4.5690   4.7910   4.9670   0.0000   0.0000   0.0000   0.0000   0.0000;
145:  0.4230   0.7250   0.9705   1.2180   1.4880   1.7600   2.0630   2.3610   2.5975   2.8340   3.1405   3.4410   3.7010   3.9965   4.3025   4.5710   4.7950   4.9740   0.0000   0.0000   0.0000   0.0000   0.0000;
146:  0.4230   0.7255   0.9715   1.2185   1.4875   1.7595   2.0630   2.3610   2.5980   2.8345   3.1395   3.4395   3.6985   3.9935   4.3010   4.5720   4.7980   4.9800   0.0000   0.0000   0.0000   0.0000   0.0000;
147:  0.4225   0.7260   0.9720   1.2185   1.4875   1.7595   2.0625   2.3610   2.5990   2.8350   3.1390   3.4385   3.6960   3.9905   4.2995   4.5735   4.8020   4.9875   0.0000   0.0000   0.0000   0.0000   0.0000;
148:  0.4230   0.7265   0.9725   1.2190   1.4870   1.7585   2.0620   2.3610   2.5990   2.8350   3.1385   3.4375   3.6935   3.9880   4.2985   4.5745   4.8055   4.9945   0.0000   0.0000   0.0000   0.0000   0.0000;
149:  0.4230   0.7270   0.9730   1.2190   1.4870   1.7585   2.0615   2.3605   2.5995   2.8360   3.1385   3.4365   3.6910   3.9850   4.2970   4.5750   4.8080   5.0015   0.0000   0.0000   0.0000   0.0000   0.0000;
150:  0.4235   0.7275   0.9730   1.2190   1.4865   1.7580   2.0615   2.3605   2.6000   2.8365   3.1380   3.4360   3.6895   3.9825   4.2955   4.5755   4.8110   5.0085   0.0000   0.0000   0.0000   0.0000   0.0000;
151:  0.4235   0.7280   0.9740   1.2195   1.4860   1.7570   2.0610   2.3605   2.6005   2.8370   3.1375   3.4355   3.6875   3.9795   4.2935   4.5755   4.8135   5.0155   5.2505   0.0000   0.0000   0.0000   0.0000;
152:  0.4240   0.7290   0.9745   1.2190   1.4855   1.7570   2.0610   2.3610   2.6015   2.8375   3.1370   3.4350   3.6860   3.9775   4.2920   4.5755   4.8160   5.0225   5.2630   0.0000   0.0000   0.0000   0.0000;
153:  0.4235   0.7290   0.9745   1.2190   1.4850   1.7560   2.0600   2.3605   2.6020   2.8380   3.1365   3.4345   3.6850   3.9755   4.2905   4.5755   4.8180   5.0295   5.2750   0.0000   0.0000   0.0000   0.0000;
154:  0.4235   0.7295   0.9750   1.2190   1.4850   1.7555   2.0595   2.3605   2.6025   2.8385   3.1365   3.4350   3.6840   3.9735   4.2890   4.5750   4.8195   5.0355   5.2860   0.0000   0.0000   0.0000   0.0000;
155:  0.4235   0.7300   0.9750   1.2185   1.4840   1.7550   2.0595   2.3605   2.6030   2.8390   3.1360   3.4350   3.6835   3.9715   4.2870   4.5740   4.8205   5.0415   5.2960   0.0000   0.0000   0.0000   0.0000;
156:  0.4235   0.7305   0.9755   1.2185   1.4840   1.7545   2.0590   2.3605   2.6035   2.8400   3.1365   3.4350   3.6825   3.9700   4.2860   4.5740   4.8220   5.0475   5.3055   0.0000   0.0000   0.0000   0.0000;
157:  0.4230   0.7305   0.9755   1.2180   1.4830   1.7535   2.0585   2.3605   2.6040   2.8405   3.1360   3.4355   3.6830   3.9690   4.2845   4.5730   4.8230   5.0535   5.3140   0.0000   0.0000   0.0000   0.0000;
158:  0.4230   0.7305   0.9755   1.2175   1.4825   1.7530   2.0580   2.3605   2.6045   2.8415   3.1365   3.4360   3.6830   3.9680   4.2830   4.5725   4.8240   5.0590   5.3220   0.0000   0.0000   0.0000   0.0000;
159:  0.4230   0.7315   0.9760   1.2175   1.4825   1.7525   2.0580   2.3610   2.6045   2.8415   3.1365   3.4365   3.6830   3.9670   4.2820   4.5720   4.8250   5.0640   5.3295   0.0000   0.0000   0.0000   0.0000;
160:  0.4225   0.7315   0.9760   1.2170   1.4815   1.7520   2.0580   2.3605   2.6045   2.8420   3.1365   3.4370   3.6830   3.9660   4.2810   4.5715   4.8255   5.0690   5.3375   0.0000   0.0000   0.0000   0.0000;
161:  0.4225   0.7320   0.9765   1.2165   1.4810   1.7510   2.0570   2.3605   2.6045   2.8425   3.1370   3.4380   3.6840   3.9655   4.2795   4.5705   4.8260   5.0735   5.3450   0.0000   0.0000   0.0000   0.0000;
162:  0.4220   0.7320   0.9765   1.2165   1.4810   1.7510   2.0570   2.3605   2.6050   2.8430   3.1370   3.4385   3.6845   3.9650   4.2785   4.5705   4.8265   5.0770   5.3535   0.0000   0.0000   0.0000   0.0000;
163:  0.4220   0.7325   0.9765   1.2160   1.4800   1.7495   2.0560   2.3605   2.6050   2.8435   3.1380   3.4395   3.6850   3.9650   4.2780   4.5700   4.8265   5.0805   5.3630   0.0000   0.0000   0.0000   0.0000;
164:  0.4215   0.7325   0.9760   1.2150   1.4795   1.7495   2.0565   2.3610   2.6050   2.8435   3.1380   3.4405   3.6865   3.9650   4.2770   4.5695   4.8270   5.0845   5.3730   0.0000   0.0000   0.0000   0.0000;
165:  0.4215   0.7325   0.9760   1.2145   1.4790   1.7490   2.0560   2.3605   2.6045   2.8440   3.1390   3.4415   3.6875   3.9655   4.2765   4.5695   4.8275   5.0870   5.3840   0.0000   0.0000   0.0000   0.0000;
166:  0.4210   0.7325   0.9755   1.2135   1.4780   1.7480   2.0555   2.3605   2.6045   2.8440   3.1390   3.4425   3.6890   3.9660   4.2760   4.5695   4.8275   5.0890   5.3960   0.0000   0.0000   0.0000   0.0000;
167:  0.4205   0.7325   0.9755   1.2130   1.4775   1.7475   2.0555   2.3610   2.6045   2.8445   3.1395   3.4430   3.6905   3.9665   4.2755   4.5695   4.8275   5.0915   5.4090   0.0000   0.0000   0.0000   0.0000;
168:  0.4200   0.7325   0.9755   1.2130   1.4775   1.7470   2.0550   2.3605   2.6040   2.8445   3.1400   3.4440   3.6915   3.9670   4.2750   4.5700   4.8285   0.0000   0.0000   0.0000   0.0000   0.0000   0.0000;
169:  0.4200   0.7325   0.9750   1.2120   1.4770   1.7465   2.0545   2.3605   2.6040   2.8450   3.1405   3.4445   3.6930   3.9675   4.2745   4.5705   4.8285   0.0000   0.0000   0.0000   0.0000   0.0000   0.0000;
170:  0.4195   0.7325   0.9750   1.2115   1.4760   1.7455   2.0540   2.3600   2.6035   2.8450   3.1410   3.4455   3.6945   3.9685   4.2745   4.5710   0.0000   0.0000   0.0000   0.0000   0.0000   0.0000   0.0000;
171:  0.4190   0.7325   0.9745   1.2105   1.4755   1.7450   2.0540   2.3605   2.6030   2.8450   3.1415   3.4460   3.6955   3.9690   4.2740   4.5710   0.0000   0.0000   0.0000   0.0000   0.0000   0.0000   0.0000;
172:  0.4190   0.7325   0.9745   1.2105   1.4755   1.7450   2.0540   2.3600   2.6025   2.8450   3.1420   3.4465   3.6965   3.9700   4.2740   4.5715   0.0000   0.0000   0.0000   0.0000   0.0000   0.0000   0.0000;
173:  0.4185   0.7325   0.9745   1.2100   1.4745   1.7440   2.0535   2.3595   2.6015   2.8450   3.1425   3.4470   3.6980   3.9710   4.2740   4.5725   0.0000   0.0000   0.0000   0.0000   0.0000   0.0000   0.0000;
174:  0.4185   0.7330   0.9740   1.2095   1.4745   1.7435   2.0530   2.3595   2.6010   2.8445   3.1425   3.4470   3.6990   3.9715   4.2735   4.5730   0.0000   0.0000   0.0000   0.0000   0.0000   0.0000   0.0000;
175:  0.4185   0.7325   0.9735   1.2090   1.4740   1.7430   2.0525   2.3590   2.6005   2.8445   3.1430   3.4475   3.7000   3.9725   4.2735   4.5740   0.0000   0.0000   0.0000   0.0000   0.0000   0.0000   0.0000;
176:  0.4185   0.7325   0.9735   1.2085   1.4735   1.7430   2.0520   2.3580   2.5995   2.8445   3.1435   3.4475   3.7010   3.9730   4.2730   4.5745   0.0000   0.0000   0.0000   0.0000   0.0000   0.0000   0.0000;
177:  0.4180   0.7325   0.9730   1.2080   1.4735   1.7425   2.0515   2.3580   2.5990   2.8440   3.1435   3.4475   3.7020   3.9740   4.2730   4.5755   0.0000   0.0000   0.0000   0.0000   0.0000   0.0000   0.0000;
178:  0.4185   0.7330   0.9730   1.2080   1.4735   1.7425   2.0515   2.3575   2.5980   2.8435   3.1435   3.4475   3.7025   3.9745   4.2725   4.5755   0.0000   0.0000   0.0000   0.0000   0.0000   0.0000   0.0000;
179:  0.4185   0.7330   0.9730   1.2080   1.4730   1.7420   2.0510   2.3570   2.5975   2.8430   3.1435   3.4475   3.7035   3.9750   4.2720   4.5760   0.0000   0.0000   0.0000   0.0000   0.0000   0.0000   0.0000;
180:  0.4185   0.7325   0.9725   1.2075   1.4725   1.7415   2.0505   2.3565   2.5965   2.8425   3.1435   3.4475   3.7040   3.9755   4.2720   4.5765   0.0000   0.0000   0.0000   0.0000   0.0000   0.0000   0.0000;
181:  0.4190   0.7330   0.9725   1.2075   1.4725   1.7415   2.0500   2.3555   2.5955   2.8420   3.1430   3.4465   3.7045   3.9760   4.2710   4.5765   0.0000   0.0000   0.0000   0.0000   0.0000   0.0000   0.0000;
182:  0.4190   0.7330   0.9725   1.2075   1.4725   1.7415   2.0500   2.3555   2.5950   2.8410   3.1425   3.4465   3.7050   3.9760   4.2705   4.5765   0.0000   0.0000   0.0000   0.0000   0.0000   0.0000   0.0000;
183:  0.4195   0.7335   0.9725   1.2075   1.4725   1.7415   2.0495   2.3545   2.5945   2.8410   3.1420   3.4455   3.7050   3.9765   4.2700   4.5760   0.0000   0.0000   0.0000   0.0000   0.0000   0.0000   0.0000;
184:  0.4195   0.7335   0.9725   1.2075   1.4720   1.7405   2.0485   2.3535   2.5935   2.8405   3.1420   3.4450   3.7050   3.9765   4.2690   4.5755   0.0000   0.0000   0.0000   0.0000   0.0000   0.0000   0.0000;
185:  0.4200   0.7340   0.9725   1.2075   1.4720   1.7405   2.0485   2.3535   2.5930   2.8395   3.1410   3.4445   3.7055   3.9765   4.2675   4.5740   0.0000   0.0000   0.0000   0.0000   0.0000   0.0000   0.0000;
186:  0.4205   0.7340   0.9725   1.2075   1.4720   1.7405   2.0480   2.3525   2.5920   2.8385   3.1400   3.4435   3.7050   3.9760   4.2665   4.5730   0.0000   0.0000   0.0000   0.0000   0.0000   0.0000   0.0000;
187:  0.4210   0.7345   0.9725   1.2075   1.4720   1.7405   2.0475   2.3515   2.5910   2.8380   3.1395   3.4425   3.7050   3.9760   4.2650   4.5715   0.0000   0.0000   0.0000   0.0000   0.0000   0.0000   0.0000;
188:  0.4210   0.7345   0.9725   1.2080   1.4725   1.7405   2.0470   2.3510   2.5905   2.8370   3.1385   3.4415   3.7045   3.9755   4.2635   4.5695   0.0000   0.0000   0.0000   0.0000   0.0000   0.0000   0.0000;
189:  0.4220   0.7350   0.9725   1.2080   1.4725   1.7405   2.0465   2.3500   2.5895   2.8360   3.1375   3.4410   3.7045   3.9750   4.2620   4.5675   0.0000   0.0000   0.0000   0.0000   0.0000   0.0000   0.0000;
190:  0.4230   0.7355   0.9725   1.2080   1.4720   1.7400   2.0460   2.3490   2.5890   2.8355   3.1365   3.4400   3.7040   3.9745   4.2605   4.5655   0.0000   0.0000   0.0000   0.0000   0.0000   0.0000   0.0000;
191:  0.4230   0.7355   0.9725   1.2080   1.4720   1.7400   2.0455   2.3485   2.5885   2.8345   3.1355   3.4390   3.7035   3.9740   4.2590   4.5630   0.0000   0.0000   0.0000   0.0000   0.0000   0.0000   0.0000;
192:  0.4235   0.7360   0.9725   1.2080   1.4720   1.7400   2.0450   2.3475   2.5875   2.8335   3.1345   3.4385   3.7035   3.9735   4.2570   4.5595   0.0000   0.0000   0.0000   0.0000   0.0000   0.0000   0.0000;
193:  0.4240   0.7360   0.9725   1.2085   1.4725   1.7400   2.0445   2.3465   2.5870   2.8330   3.1335   3.4375   3.7030   3.9730   4.2550   4.5560   0.0000   0.0000   0.0000   0.0000   0.0000   0.0000   0.0000;
194:  0.4250   0.7365   0.9725   1.2085   1.4720   1.7395   2.0440   2.3460   2.5865   2.8320   3.1325   3.4365   3.7025   3.9720   4.2525   4.5525   0.0000   0.0000   0.0000   0.0000   0.0000   0.0000   0.0000;
195:  0.4255   0.7370   0.9725   1.2085   1.4720   1.7395   2.0435   2.3450   2.5855   2.8305   3.1310   3.4360   3.7020   3.9710   4.2500   4.5485   0.0000   0.0000   0.0000   0.0000   0.0000   0.0000   0.0000;
196:  0.4260   0.7370   0.9725   1.2085   1.4720   1.7395   2.0430   2.3440   2.5850   2.8300   3.1300   3.4350   3.7015   3.9705   4.2480   4.5445   0.0000   0.0000   0.0000   0.0000   0.0000   0.0000   0.0000;
197:  0.4260   0.7370   0.9725   1.2085   1.4720   1.7395   2.0425   2.3435   2.5845   2.8290   3.1290   3.4345   3.7010   3.9695   4.2460   4.5405   0.0000   0.0000   0.0000   0.0000   0.0000   0.0000   0.0000;
198:  0.4265   0.7375   0.9725   1.2090   1.4720   1.7390   2.0420   2.3425   2.5840   2.8285   3.1285   3.4345   3.7010   3.9685   4.2430   4.5355   0.0000   0.0000   0.0000   0.0000   0.0000   0.0000   0.0000;
199:  0.4270   0.7375   0.9725   1.2090   1.4720   1.7390   2.0415   2.3420   2.5835   2.8270   3.1270   3.4335   3.7000   3.9675   4.2405   4.5310   0.0000   0.0000   0.0000   0.0000   0.0000   0.0000   0.0000;
200:  0.4275   0.7380   0.9725   1.2090   1.4720   1.7390   2.0410   2.3410   2.5825   2.8260   3.1260   3.4330   3.7000   3.9670   4.2385   4.5265   0.0000   0.0000   0.0000   0.0000   0.0000   0.0000   0.0000;
201:  0.4275   0.7380   0.9725   1.2090   1.4715   1.7380   2.0400   2.3400   2.5820   2.8255   3.1255   3.4325   3.6990   3.9655   4.2355   4.5215   0.0000   0.0000   0.0000   0.0000   0.0000   0.0000   0.0000;
202:  0.4280   0.7380   0.9725   1.2090   1.4715   1.7380   2.0400   2.3400   2.5815   2.8240   3.1240   3.4320   3.6985   3.9645   4.2330   4.5165   0.0000   0.0000   0.0000   0.0000   0.0000   0.0000   0.0000;
203:  0.4280   0.7380   0.9725   1.2090   1.4715   1.7380   2.0395   2.3390   2.5810   2.8235   3.1235   3.4320   3.6985   3.9640   4.2305   4.5115   0.0000   0.0000   0.0000   0.0000   0.0000   0.0000   0.0000;
204:  0.4285   0.7390   0.9730   1.2085   1.4705   1.7375   2.0390   2.3380   2.5800   2.8225   3.1225   3.4310   3.6975   3.9630   4.2285   4.5070   0.0000   0.0000   0.0000   0.0000   0.0000   0.0000   0.0000;
205:  0.4285   0.7390   0.9730   1.2085   1.4705   1.7370   2.0385   2.3380   2.5795   2.8215   3.1220   3.4310   3.6970   3.9615   4.2255   4.5025   0.0000   0.0000   0.0000   0.0000   0.0000   0.0000   0.0000;
206:  0.4285   0.7390   0.9730   1.2085   1.4700   1.7365   2.0380   2.3370   2.5790   2.8210   3.1215   3.4305   3.6960   3.9605   4.2235   4.4980   0.0000   0.0000   0.0000   0.0000   0.0000   0.0000   0.0000;
207:  0.4280   0.7385   0.9725   1.2080   1.4700   1.7365   2.0380   2.3370   2.5785   2.8200   3.1210   3.4305   3.6960   3.9600   4.2210   4.4930   0.0000   0.0000   0.0000   0.0000   0.0000   0.0000   0.0000;
208:  0.4280   0.7385   0.9725   1.2075   1.4690   1.7355   2.0375   2.3365   2.5780   2.8195   3.1210   3.4305   3.6950   3.9585   4.2185   4.4890   0.0000   0.0000   0.0000   0.0000   0.0000   0.0000   0.0000;
209:  0.4280   0.7385   0.9725   1.2075   1.4690   1.7355   2.0370   2.3360   2.5775   2.8185   3.1205   3.4305   3.6945   3.9575   4.2165   4.4845   0.0000   0.0000   0.0000   0.0000   0.0000   0.0000   0.0000;
210:  0.4275   0.7385   0.9725   1.2075   1.4690   1.7350   2.0365   2.3355   2.5765   2.8175   3.1200   3.4300   3.6935   3.9560   4.2140   4.4805   0.0000   0.0000   0.0000   0.0000   0.0000   0.0000   0.0000;
211:  0.4275   0.7385   0.9725   1.2075   1.4685   1.7345   2.0365   2.3355   2.5760   2.8165   3.1200   3.4300   3.6925   3.9550   4.2115   4.4765   0.0000   0.0000   0.0000   0.0000   0.0000   0.0000   0.0000;
212:  0.4270   0.7380   0.9720   1.2065   1.4680   1.7340   2.0355   2.3345   2.5755   2.8160   3.1195   3.4295   3.6920   3.9545   4.2100   4.4730   0.0000   0.0000   0.0000   0.0000   0.0000   0.0000   0.0000;
213:  0.4270   0.7380   0.9720   1.2065   1.4675   1.7335   2.0355   2.3345   2.5750   2.8150   3.1190   3.4290   3.6910   3.9530   4.2075   4.4695   0.0000   0.0000   0.0000   0.0000   0.0000   0.0000   0.0000;
214:  0.4265   0.7380   0.9720   1.2060   1.4670   1.7335   2.0355   2.3340   2.5740   2.8140   3.1190   3.4295   3.6905   3.9515   4.2055   4.4665   0.0000   0.0000   0.0000   0.0000   0.0000   0.0000   0.0000;
215:  0.4260   0.7375   0.9720   1.2060   1.4665   1.7325   2.0350   2.3340   2.5740   2.8140   3.1195   3.4295   3.6895   3.9505   4.2035   4.4630   0.0000   0.0000   0.0000   0.0000   0.0000   0.0000   0.0000;
216:  0.4260   0.7375   0.9720   1.2060   1.4665   1.7325   2.0350   2.3335   2.5730   2.8130   3.1190   3.4285   3.6880   3.9490   4.2015   4.4600   0.0000   0.0000   0.0000   0.0000   0.0000   0.0000   0.0000;
217:  0.4250   0.7370   0.9720   1.2055   1.4655   1.7315   2.0345   2.3335   2.5725   2.8120   3.1190   3.4285   3.6870   3.9480   4.1995   4.4570   0.0000   0.0000   0.0000   0.0000   0.0000   0.0000   0.0000;
218:  0.4250   0.7370   0.9715   1.2050   1.4655   1.7315   2.0345   2.3330   2.5715   2.8115   3.1190   3.4280   3.6855   3.9460   4.1975   4.4545   4.7155   0.0000   0.0000   0.0000   0.0000   0.0000   0.0000;
219:  0.4245   0.7365   0.9715   1.2050   1.4655   1.7310   2.0335   2.3325   2.5715   2.8110   3.1190   3.4280   3.6845   3.9445   4.1955   4.4520   4.7135   0.0000   0.0000   0.0000   0.0000   0.0000   0.0000;
220:  0.4245   0.7365   0.9715   1.2045   1.4645   1.7305   2.0335   2.3320   2.5705   2.8100   3.1185   3.4275   3.6835   3.9430   4.1935   4.4495   4.7110   0.0000   0.0000   0.0000   0.0000   0.0000   0.0000;
221:  0.4240   0.7365   0.9720   1.2045   1.4645   1.7305   2.0335   2.3320   2.5700   2.8095   3.1185   3.4265   3.6815   3.9410   4.1915   4.4475   4.7090   4.9945   0.0000   0.0000   0.0000   0.0000   0.0000;
222:  0.4240   0.7365   0.9720   1.2045   1.4645   1.7300   2.0330   2.3315   2.5695   2.8090   3.1185   3.4265   3.6805   3.9395   4.1900   4.4455   4.7065   4.9910   0.0000   0.0000   0.0000   0.0000   0.0000;
223:  0.4235   0.7360   0.9720   1.2045   1.4640   1.7295   2.0330   2.3315   2.5690   2.8085   3.1185   3.4260   3.6790   3.9375   4.1880   4.4435   4.7045   4.9870   0.0000   0.0000   0.0000   0.0000   0.0000;
224:  0.4235   0.7360   0.9720   1.2045   1.4640   1.7290   2.0320   2.3310   2.5685   2.8075   3.1180   3.4250   3.6770   3.9355   4.1860   4.4415   4.7025   4.9830   0.0000   0.0000   0.0000   0.0000   0.0000;
225:  0.4230   0.7355   0.9720   1.2045   1.4640   1.7290   2.0320   2.3305   2.5680   2.8075   3.1180   3.4245   3.6760   3.9340   4.1840   4.4390   4.7000   4.9790   0.0000   0.0000   0.0000   0.0000   0.0000;
226:  0.4230   0.7355   0.9720   1.2045   1.4640   1.7290   2.0320   2.3305   2.5675   2.8065   3.1175   3.4240   3.6745   3.9320   4.1820   4.4370   4.6980   4.9745   0.0000   0.0000   0.0000   0.0000   0.0000;
227:  0.4230   0.7355   0.9720   1.2045   1.4640   1.7285   2.0315   2.3300   2.5670   2.8065   3.1175   3.4230   3.6725   3.9300   4.1800   4.4350   4.6960   4.9700   0.0000   0.0000   0.0000   0.0000   0.0000;
228:  0.4225   0.7350   0.9720   1.2045   1.4640   1.7285   2.0310   2.3295   2.5665   2.8055   3.1170   3.4225   3.6715   3.9285   4.1780   4.4330   4.6935   4.9650   0.0000   0.0000   0.0000   0.0000   0.0000;
229:  0.4225   0.7350   0.9720   1.2045   1.4640   1.7285   2.0310   2.3295   2.5665   2.8055   3.1170   3.4220   3.6700   3.9260   4.1755   4.4305   4.6910   4.9600   0.0000   0.0000   0.0000   0.0000   0.0000;
230:  0.4230   0.7355   0.9725   1.2045   1.4640   1.7285   2.0305   2.3290   2.5665   2.8050   3.1160   3.4210   3.6685   3.9240   4.1735   4.4285   4.6890   4.9550   0.0000   0.0000   0.0000   0.0000   0.0000;
231:  0.4225   0.7350   0.9725   1.2045   1.4640   1.7285   2.0305   2.3285   2.5655   2.8045   3.1160   3.4205   3.6670   3.9220   4.1710   4.4255   4.6860   4.9495   0.0000   0.0000   0.0000   0.0000   0.0000;
232:  0.4230   0.7350   0.9725   1.2050   1.4645   1.7280   2.0295   2.3280   2.5655   2.8040   3.1150   3.4195   3.6655   3.9200   4.1690   4.4230   4.6835   4.9440   0.0000   0.0000   0.0000   0.0000   0.0000;
233:  0.4230   0.7350   0.9725   1.2050   1.4645   1.7280   2.0295   2.3275   2.5650   2.8040   3.1150   3.4190   3.6645   3.9180   4.1665   4.4210   4.6810   4.9385   0.0000   0.0000   0.0000   0.0000   0.0000;
234:  0.4235   0.7350   0.9725   1.2050   1.4645   1.7280   2.0290   2.3270   2.5645   2.8035   3.1145   3.4185   3.6635   3.9160   4.1640   4.4180   4.6785   4.9330   0.0000   0.0000   0.0000   0.0000   0.0000;
235:  0.4230   0.7345   0.9725   1.2055   1.4650   1.7280   2.0290   2.3270   2.5645   2.8030   3.1140   3.4180   3.6620   3.9140   4.1615   4.4150   4.6755   4.9275   0.0000   0.0000   0.0000   0.0000   0.0000;
236:  0.4235   0.7350   0.9735   1.2060   1.4650   1.7280   2.0285   2.3265   2.5645   2.8030   3.1135   3.4175   3.6615   3.9125   4.1595   4.4125   4.6725   4.9215   0.0000   0.0000   0.0000   0.0000   0.0000;
237:  0.4235   0.7350   0.9735   1.2060   1.4650   1.7280   2.0285   2.3260   2.5640   2.8030   3.1130   3.4165   3.6600   3.9105   4.1570   4.4095   4.6695   4.9160   0.0000   0.0000   0.0000   0.0000   0.0000;
238:  0.4240   0.7350   0.9735   1.2065   1.4660   1.7285   2.0280   2.3255   2.5640   2.8025   3.1125   3.4165   3.6590   3.9085   4.1545   4.4065   4.6665   4.9105   0.0000   0.0000   0.0000   0.0000   0.0000;
239:  0.4245   0.7350   0.9735   1.2070   1.4665   1.7285   2.0275   2.3250   2.5640   2.8025   3.1120   3.4160   3.6585   3.9070   4.1520   4.4035   4.6635   4.9050   0.0000   0.0000   0.0000   0.0000   0.0000;
240:  0.4240   0.7345   0.9735   1.2070   1.4665   1.7285   2.0275   2.3250   2.5640   2.8025   3.1115   3.4155   3.6575   3.9055   4.1505   4.4005   4.6600   4.9000   0.0000   0.0000   0.0000   0.0000   0.0000;
241:  0.4245   0.7345   0.9735   1.2070   1.4665   1.7285   2.0270   2.3240   2.5630   2.8015   3.1110   3.4155   3.6570   3.9040   4.1480   4.3975   4.6565   4.8945   0.0000   0.0000   0.0000   0.0000   0.0000;
242:  0.4250   0.7345   0.9735   1.2075   1.4675   1.7290   2.0270   2.3240   2.5630   2.8015   3.1105   3.4150   3.6565   3.9030   4.1460   4.3950   4.6540   4.8895   0.0000   0.0000   0.0000   0.0000   0.0000;
243:  0.4250   0.7345   0.9735   1.2075   1.4675   1.7290   2.0265   2.3235   2.5630   2.8015   3.1100   3.4145   3.6555   3.9010   4.1440   4.3925   4.6515   4.8855   0.0000   0.0000   0.0000   0.0000   0.0000;
244:  0.4255   0.7340   0.9730   1.2080   1.4680   1.7290   2.0265   2.3235   2.5630   2.8015   3.1100   3.4145   3.6550   3.9000   4.1420   4.3895   4.6480   4.8810   0.0000   0.0000   0.0000   0.0000   0.0000;
245:  0.4255   0.7340   0.9730   1.2080   1.4680   1.7290   2.0260   2.3230   2.5630   2.8015   3.1095   3.4145   3.6550   3.8990   4.1405   4.3875   4.6460   4.8775   0.0000   0.0000   0.0000   0.0000   0.0000;
246:  0.4255   0.7335   0.9730   1.2085   1.4690   1.7295   2.0260   2.3225   2.5625   2.8010   3.1090   3.4145   3.6545   3.8980   4.1385   4.3850   4.6435   4.8735   0.0000   0.0000   0.0000   0.0000   0.0000;
247:  0.4260   0.7335   0.9730   1.2085   1.4690   1.7295   2.0255   2.3220   2.5625   2.8010   3.1085   3.4140   3.6540   3.8970   4.1370   4.3830   4.6415   4.8710   0.0000   0.0000   0.0000   0.0000   0.0000;
248:  0.4260   0.7330   0.9725   1.2085   1.4690   1.7295   2.0255   2.3220   2.5620   2.8005   3.1085   3.4145   3.6540   3.8960   4.1360   4.3815   4.6395   4.8685   0.0000   0.0000   0.0000   0.0000   0.0000;
249:  0.4260   0.7330   0.9725   1.2090   1.4700   1.7300   2.0255   2.3220   2.5620   2.8005   3.1085   3.4145   3.6540   3.8960   4.1350   4.3800   4.6375   4.8655   0.0000   0.0000   0.0000   0.0000   0.0000;
250:  0.4260   0.7325   0.9725   1.2090   1.4700   1.7300   2.0255   2.3220   2.5620   2.8005   3.1085   3.4145   3.6535   3.8950   4.1335   4.3785   4.6365   4.8645   0.0000   0.0000   0.0000   0.0000   0.0000;
251:  0.4260   0.7325   0.9725   1.2090   1.4700   1.7300   2.0250   2.3215   2.5620   2.8005   3.1085   3.4150   3.6535   3.8945   4.1330   4.3780   4.6355   4.8630   0.0000   0.0000   0.0000   0.0000   0.0000;
252:  0.4260   0.7320   0.9720   1.2090   1.4700   1.7300   2.0250   2.3210   2.5615   2.8010   3.1090   3.4150   3.6530   3.8940   4.1325   4.3775   4.6350   4.8625   0.0000   0.0000   0.0000   0.0000   0.0000;
253:  0.4265   0.7320   0.9720   1.2090   1.4700   1.7300   2.0250   2.3210   2.5615   2.8010   3.1090   3.4150   3.6530   3.8940   4.1325   4.3775   4.6345   4.8620   0.0000   0.0000   0.0000   0.0000   0.0000;
254:  0.4260   0.7310   0.9715   1.2090   1.4700   1.7300   2.0250   2.3210   2.5610   2.8005   3.1090   3.4150   3.6525   3.8935   4.1320   4.3775   4.6345   4.8620   0.0000   0.0000   0.0000   0.0000   0.0000;
255:  0.4260   0.7310   0.9715   1.2090   1.4705   1.7305   2.0250   2.3210   2.5610   2.8005   3.1090   3.4150   3.6520   3.8930   4.1320   4.3780   4.6350   4.8625   0.0000   0.0000   0.0000   0.0000   0.0000;
256:  0.4260   0.7305   0.9710   1.2090   1.4705   1.7305   2.0250   2.3210   2.5610   2.8005   3.1090   3.4155   3.6520   3.8925   4.1320   4.3790   4.6360   4.8635   0.0000   0.0000   0.0000   0.0000   0.0000;
257:  0.4255   0.7300   0.9710   1.2090   1.4705   1.7305   2.0250   2.3210   2.5605   2.8000   3.1090   3.4155   3.6520   3.8925   4.1325   4.3805   4.6370   4.8650   0.0000   0.0000   0.0000   0.0000   0.0000;
258:  0.4260   0.7295   0.9705   1.2090   1.4705   1.7305   2.0250   2.3210   2.5605   2.8005   3.1095   3.4155   3.6515   3.8920   4.1325   4.3815   4.6385   4.8670   0.0000   0.0000   0.0000   0.0000   0.0000;
259:  0.4260   0.7290   0.9695   1.2085   1.4705   1.7305   2.0250   2.3210   2.5605   2.8005   3.1095   3.4150   3.6505   3.8920   4.1335   4.3835   4.6405   4.8690   0.0000   0.0000   0.0000   0.0000   0.0000;
260:  0.4260   0.7290   0.9695   1.2085   1.4705   1.7305   2.0255   2.3215   2.5605   2.8005   3.1100   3.4155   3.6500   3.8915   4.1340   4.3855   4.6425   4.8710   0.0000   0.0000   0.0000   0.0000   0.0000;
261:  0.4255   0.7280   0.9690   1.2085   1.4710   1.7315   2.0260   2.3215   2.5605   2.8005   3.1100   3.4155   3.6495   3.8910   4.1345   4.3875   4.6445   4.8735   0.0000   0.0000   0.0000   0.0000   0.0000;
262:  0.4255   0.7280   0.9690   1.2085   1.4710   1.7315   2.0260   2.3215   2.5600   2.8000   3.1100   3.4155   3.6490   3.8910   4.1360   4.3900   4.6465   4.8760   0.0000   0.0000   0.0000   0.0000   0.0000;
263:  0.4255   0.7275   0.9685   1.2085   1.4710   1.7315   2.0260   2.3215   2.5600   2.8005   3.1105   3.4155   3.6485   3.8905   4.1365   4.3920   4.6490   4.8785   0.0000   0.0000   0.0000   0.0000   0.0000;
264:  0.4255   0.7275   0.9685   1.2080   1.4705   1.7315   2.0260   2.3215   2.5600   2.8005   3.1110   3.4155   3.6475   3.8900   4.1375   4.3950   4.6520   4.8815   0.0000   0.0000   0.0000   0.0000   0.0000;
265:  0.4255   0.7270   0.9675   1.2075   1.4705   1.7315   2.0265   2.3220   2.5600   2.8005   3.1110   3.4155   3.6470   3.8895   4.1380   4.3970   4.6545   4.8845   0.0000   0.0000   0.0000   0.0000   0.0000;
266:  0.4255   0.7270   0.9675   1.2075   1.4705   1.7320   2.0270   2.3220   2.5600   2.8005   3.1110   3.4155   3.6465   3.8890   4.1390   4.4000   4.6575   4.8870   0.0000   0.0000   0.0000   0.0000   0.0000;
267:  0.4255   0.7265   0.9670   1.2070   1.4700   1.7320   2.0270   2.3220   2.5600   2.8005   3.1110   3.4150   3.6455   3.8885   4.1400   4.4025   4.6600   4.8895   0.0000   0.0000   0.0000   0.0000   0.0000;
268:  0.4260   0.7265   0.9670   1.2070   1.4700   1.7320   2.0275   2.3225   2.5600   2.8005   3.1110   3.4150   3.6450   3.8880   4.1405   4.4040   4.6620   4.8920   0.0000   0.0000   0.0000   0.0000   0.0000;
269:  0.4260   0.7260   0.9665   1.2070   1.4700   1.7320   2.0275   2.3225   2.5600   2.8005   3.1110   3.4150   3.6440   3.8870   4.1415   4.4065   4.6645   4.8945   0.0000   0.0000   0.0000   0.0000   0.0000;
270:  0.4260   0.7260   0.9665   1.2070   1.4700   1.7325   2.0280   2.3230   2.5605   2.8005   3.1110   3.4150   3.6435   3.8865   4.1420   4.4080   4.6660   4.8960   0.0000   0.0000   0.0000   0.0000   0.0000;
271:  0.4260   0.7260   0.9660   1.2065   1.4700   1.7325   2.0285   2.3235   2.5605   2.8005   3.1110   3.4150   3.6430   3.8860   4.1425   4.4095   4.6680   4.8975   0.0000   0.0000   0.0000   0.0000   0.0000;
272:  0.4265   0.7255   0.9655   1.2060   1.4695   1.7325   2.0285   2.3235   2.5605   2.8005   3.1110   3.4145   3.6420   3.8850   4.1425   4.4105   4.6690   4.8985   0.0000   0.0000   0.0000   0.0000   0.0000;
273:  0.4265   0.7255   0.9655   1.2060   1.4695   1.7330   2.0290   2.3235   2.5605   2.8005   3.1105   3.4140   3.6415   3.8845   4.1430   4.4115   4.6705   4.8995   0.0000   0.0000   0.0000   0.0000   0.0000;
274:  0.4265   0.7255   0.9655   1.2060   1.4695   1.7330   2.0295   2.3245   2.5615   2.8005   3.1100   3.4140   3.6410   3.8835   4.1430   4.4120   4.6705   4.8995   0.0000   0.0000   0.0000   0.0000   0.0000;
275:  0.4265   0.7255   0.9655   1.2060   1.4695   1.7330   2.0295   2.3245   2.5615   2.8005   3.1100   3.4145   3.6410   3.8825   4.1425   4.4120   4.6710   4.8995   0.0000   0.0000   0.0000   0.0000   0.0000;
276:  0.4270   0.7250   0.9650   1.2060   1.4695   1.7330   2.0295   2.3245   2.5615   2.8005   3.1100   3.4145   3.6405   3.8820   4.1430   4.4120   4.6705   4.8985   0.0000   0.0000   0.0000   0.0000   0.0000;
277:  0.4275   0.7255   0.9645   1.2055   1.4695   1.7335   2.0305   2.3255   2.5625   2.8010   3.1095   3.4140   3.6400   3.8810   4.1425   4.4110   4.6695   4.8975   0.0000   0.0000   0.0000   0.0000   0.0000;
278:  0.4275   0.7255   0.9645   1.2050   1.4695   1.7340   2.0305   2.3255   2.5625   2.8010   3.1095   3.4145   3.6400   3.8800   4.1415   4.4095   4.6685   4.8960   0.0000   0.0000   0.0000   0.0000   0.0000;
279:  0.4280   0.7255   0.9645   1.2050   1.4695   1.7340   2.0305   2.3255   2.5630   2.8010   3.1090   3.4145   3.6400   3.8795   4.1405   4.4075   4.6665   4.8935   0.0000   0.0000   0.0000   0.0000   0.0000;
280:  0.4280   0.7255   0.9645   1.2050   1.4695   1.7340   2.0310   2.3265   2.5635   2.8010   3.1085   3.4140   3.6395   3.8785   4.1400   4.4060   4.6645   4.8910   0.0000   0.0000   0.0000   0.0000   0.0000;
281:  0.4280   0.7255   0.9640   1.2045   1.4695   1.7340   2.0310   2.3265   2.5640   2.8015   3.1085   3.4145   3.6400   3.8780   4.1385   4.4025   4.6615   4.8880   0.0000   0.0000   0.0000   0.0000   0.0000;
282:  0.4285   0.7260   0.9640   1.2045   1.4695   1.7345   2.0315   2.3270   2.5650   2.8020   3.1085   3.4150   3.6405   3.8775   4.1375   4.4000   4.6585   4.8845   0.0000   0.0000   0.0000   0.0000   0.0000;
283:  0.4285   0.7255   0.9635   1.2045   1.4695   1.7345   2.0320   2.3275   2.5650   2.8020   3.1085   3.4150   3.6405   3.8765   4.1355   4.3965   4.6550   4.8810   0.0000   0.0000   0.0000   0.0000   0.0000;
284:  0.4290   0.7255   0.9635   1.2045   1.4695   1.7345   2.0320   2.3280   2.5660   2.8025   3.1080   3.4150   3.6410   3.8760   4.1340   4.3925   4.6505   4.8765   0.0000   0.0000   0.0000   0.0000   0.0000;
285:  0.4290   0.7255   0.9635   1.2050   1.4700   1.7345   2.0320   2.3280   2.5665   2.8030   3.1080   3.4155   3.6415   3.8755   4.1325   4.3885   4.6465   4.8720   0.0000   0.0000   0.0000   0.0000   0.0000;
286:  0.4290   0.7255   0.9630   1.2045   1.4700   1.7345   2.0325   2.3290   2.5670   2.8030   3.1080   3.4160   3.6425   3.8755   4.1310   4.3845   4.6420   4.8675   0.0000   0.0000   0.0000   0.0000   0.0000;
287:  0.4290   0.7255   0.9630   1.2045   1.4700   1.7350   2.0330   2.3290   2.5675   2.8035   3.1080   3.4160   3.6425   3.8750   4.1295   4.3800   4.6370   4.8625   0.0000   0.0000   0.0000   0.0000   0.0000;
288:  0.4295   0.7260   0.9630   1.2045   1.4700   1.7350   2.0330   2.3295   2.5685   2.8040   3.1080   3.4165   3.6435   3.8750   4.1280   4.3760   4.6325   4.8575   0.0000   0.0000   0.0000   0.0000   0.0000;
289:  0.4295   0.7260   0.9630   1.2045   1.4700   1.7350   2.0335   2.3300   2.5685   2.8045   3.1085   3.4170   3.6445   3.8755   4.1265   4.3710   4.6270   4.8520   0.0000   0.0000   0.0000   0.0000   0.0000;
290:  0.4295   0.7260   0.9630   1.2045   1.4700   1.7350   2.0335   2.3305   2.5695   2.8050   3.1085   3.4175   3.6455   3.8755   4.1250   4.3665   4.6220   4.8470   0.0000   0.0000   0.0000   0.0000   0.0000;
291:  0.4290   0.7255   0.9625   1.2040   1.4700   1.7350   2.0335   2.3305   2.5700   2.8055   3.1085   3.4175   3.6460   3.8760   4.1240   4.3625   4.6170   4.8415   0.0000   0.0000   0.0000   0.0000   0.0000;
292:  0.4285   0.7255   0.9625   1.2040   1.4695   1.7345   2.0340   2.3315   2.5705   2.8060   3.1095   3.4185   3.6470   3.8760   4.1220   4.3575   4.6120   4.8365   0.0000   0.0000   0.0000   0.0000   0.0000;
293:  0.4285   0.7255   0.9625   1.2040   1.4695   1.7345   2.0340   2.3315   2.5710   2.8065   3.1095   3.4185   3.6480   3.8770   4.1210   4.3535   4.6070   4.8315   0.0000   0.0000   0.0000   0.0000   0.0000;
294:  0.4285   0.7255   0.9625   1.2040   1.4695   1.7345   2.0345   2.3325   2.5715   2.8070   3.1100   3.4190   3.6490   3.8775   4.1200   4.3500   4.6030   4.8270   0.0000   0.0000   0.0000   0.0000   0.0000;
295:  0.4285   0.7255   0.9625   1.2040   1.4695   1.7345   2.0345   2.3325   2.5720   2.8080   3.1105   3.4190   3.6495   3.8780   4.1190   4.3460   4.5985   4.8225   0.0000   0.0000   0.0000   0.0000   0.0000;
296:  0.4280   0.7255   0.9625   1.2040   1.4695   1.7345   2.0350   2.3335   2.5730   2.8090   3.1115   3.4195   3.6505   3.8790   4.1185   4.3430   4.5945   4.8180   0.0000   0.0000   0.0000   0.0000   0.0000;
297:  0.4275   0.7250   0.9620   1.2035   1.4695   1.7345   2.0350   2.3335   2.5730   2.8090   3.1115   3.4200   3.6520   3.8805   4.1185   4.3405   0.0000   0.0000   0.0000   0.0000   0.0000   0.0000   0.0000;
298:  0.4270   0.7245   0.9615   1.2035   1.4695   1.7345   2.0355   2.3345   2.5735   2.8095   3.1125   3.4205   3.6525   3.8815   4.1185   4.3385   0.0000   0.0000   0.0000   0.0000   0.0000   0.0000   0.0000;
299:  0.4270   0.7245   0.9615   1.2035   1.4695   1.7345   2.0355   2.3345   2.5740   2.8105   3.1135   3.4205   3.6530   3.8825   4.1180   4.3365   0.0000   0.0000   0.0000   0.0000   0.0000   0.0000   0.0000;
300:  0.4265   0.7245   0.9615   1.2035   1.4695   1.7350   2.0365   2.3355   2.5745   2.8115   3.1145   3.4205   3.6535   3.8835   4.1185   4.3355   0.0000   0.0000   0.0000   0.0000   0.0000   0.0000   0.0000;
301:  0.4260   0.7240   0.9615   1.2035   1.4695   1.7350   2.0365   2.3355   2.5750   2.8120   3.1150   3.4210   3.6540   3.8845   4.1190   4.3345   0.0000   0.0000   0.0000   0.0000   0.0000   0.0000   0.0000;
302:  0.4255   0.7240   0.9615   1.2035   1.4695   1.7350   2.0370   2.3365   2.5755   2.8130   3.1160   3.4205   3.6545   3.8865   4.1200   4.3345   0.0000   0.0000   0.0000   0.0000   0.0000   0.0000   0.0000;
303:  0.4250   0.7240   0.9615   1.2035   1.4695   1.7350   2.0370   2.3365   2.5755   2.8135   3.1170   3.4210   3.6550   3.8875   4.1210   4.3350   0.0000   0.0000   0.0000   0.0000   0.0000   0.0000   0.0000;
304:  0.4245   0.7235   0.9615   1.2035   1.4695   1.7350   2.0375   2.3370   2.5760   2.8145   3.1180   3.4210   3.6550   3.8890   4.1225   4.3355   0.0000   0.0000   0.0000   0.0000   0.0000   0.0000   0.0000;
305:  0.4240   0.7235   0.9615   1.2035   1.4695   1.7355   2.0380   2.3375   2.5765   2.8150   3.1185   3.4210   3.6555   3.8900   4.1235   4.3370   0.0000   0.0000   0.0000   0.0000   0.0000   0.0000   0.0000;
306:  0.4240   0.7235   0.9615   1.2030   1.4690   1.7355   2.0385   2.3380   2.5770   2.8160   3.1195   3.4210   3.6555   3.8915   4.1250   4.3385   0.0000   0.0000   0.0000   0.0000   0.0000   0.0000   0.0000;
307:  0.4230   0.7230   0.9615   1.2030   1.4690   1.7355   2.0385   2.3385   2.5775   2.8165   3.1205   3.4215   3.6560   3.8930   4.1270   4.3405   0.0000   0.0000   0.0000   0.0000   0.0000   0.0000   0.0000;
308:  0.4230   0.7230   0.9615   1.2030   1.4690   1.7355   2.0390   2.3390   2.5775   2.8170   3.1210   3.4210   3.6555   3.8940   4.1290   4.3435   0.0000   0.0000   0.0000   0.0000   0.0000   0.0000   0.0000;
309:  0.4225   0.7230   0.9615   1.2030   1.4690   1.7360   2.0395   2.3395   2.5785   2.8180   3.1220   3.4210   3.6555   3.8955   4.1310   4.3460   0.0000   0.0000   0.0000   0.0000   0.0000   0.0000   0.0000;
310:  0.4225   0.7230   0.9615   1.2030   1.4695   1.7365   2.0400   2.3400   2.5785   2.8190   3.1235   3.4215   3.6555   3.8965   4.1335   4.3495   0.0000   0.0000   0.0000   0.0000   0.0000   0.0000   0.0000;
311:  0.4225   0.7230   0.9615   1.2030   1.4695   1.7370   2.0405   2.3405   2.5790   2.8190   3.1235   3.4210   3.6550   3.8975   4.1355   4.3530   0.0000   0.0000   0.0000   0.0000   0.0000   0.0000   0.0000;
312:  0.4220   0.7230   0.9615   1.2030   1.4700   1.7375   2.0410   2.3410   2.5795   2.8200   3.1245   3.4215   3.6550   3.8980   4.1375   4.3565   0.0000   0.0000   0.0000   0.0000   0.0000   0.0000   0.0000;
313:  0.4220   0.7230   0.9615   1.2030   1.4700   1.7380   2.0415   2.3415   2.5800   2.8205   3.1255   3.4215   3.6540   3.8985   4.1395   4.3600   0.0000   0.0000   0.0000   0.0000   0.0000   0.0000   0.0000;
314:  0.4220   0.7230   0.9615   1.2030   1.4700   1.7380   2.0420   2.3420   2.5805   2.8215   3.1260   3.4215   3.6540   3.8995   4.1420   4.3640   0.0000   0.0000   0.0000   0.0000   0.0000   0.0000   0.0000;
315:  0.4220   0.7230   0.9615   1.2030   1.4705   1.7390   2.0425   2.3420   2.5805   2.8220   3.1270   3.4220   3.6535   3.8995   4.1435   4.3670   0.0000   0.0000   0.0000   0.0000   0.0000   0.0000   0.0000;
316:  0.4220   0.7230   0.9615   1.2030   1.4710   1.7395   2.0430   2.3430   2.5810   2.8220   3.1270   3.4225   3.6535   3.9000   4.1455   4.3705   0.0000   0.0000   0.0000   0.0000   0.0000   0.0000   0.0000;
317:  0.4220   0.7235   0.9620   1.2030   1.4710   1.7400   2.0435   2.3430   2.5815   2.8230   3.1280   3.4230   3.6530   3.9000   4.1475   4.3740   0.0000   0.0000   0.0000   0.0000   0.0000   0.0000   0.0000;
318:  0.4225   0.7240   0.9620   1.2030   1.4715   1.7405   2.0435   2.3435   2.5825   2.8235   3.1285   3.4240   3.6530   3.9000   4.1485   4.3760   0.0000   0.0000   0.0000   0.0000   0.0000   0.0000   0.0000;
319:  0.4225   0.7240   0.9620   1.2030   1.4720   1.7415   2.0445   2.3440   2.5825   2.8240   3.1290   3.4240   3.6525   3.9000   4.1500   4.3790   0.0000   0.0000   0.0000   0.0000   0.0000   0.0000   0.0000;
320:  0.4230   0.7245   0.9620   1.2030   1.4720   1.7420   2.0450   2.3440   2.5830   2.8245   3.1295   3.4250   3.6525   3.9000   4.1515   4.3810   0.0000   0.0000   0.0000   0.0000   0.0000   0.0000   0.0000;
321:  0.4230   0.7250   0.9625   1.2030   1.4725   1.7425   2.0450   2.3445   2.5840   2.8255   3.1305   3.4265   3.6530   3.9000   4.1520   4.3820   0.0000   0.0000   0.0000   0.0000   0.0000   0.0000   0.0000;
322:  0.4235   0.7250   0.9625   1.2030   1.4730   1.7435   2.0460   2.3450   2.5840   2.8255   3.1310   3.4275   3.6530   3.8995   4.1525   4.3835   0.0000   0.0000   0.0000   0.0000   0.0000   0.0000   0.0000;
323:  0.4240   0.7260   0.9635   1.2035   1.4735   1.7445   2.0465   2.3455   2.5850   2.8260   3.1310   3.4285   3.6530   3.8985   4.1525   4.3835   0.0000   0.0000   0.0000   0.0000   0.0000   0.0000   0.0000;
324:  0.4240   0.7260   0.9635   1.2035   1.4740   1.7450   2.0465   2.3455   2.5855   2.8265   3.1315   3.4295   3.6530   3.8980   4.1525   4.3835   0.0000   0.0000   0.0000   0.0000   0.0000   0.0000   0.0000;
325:  0.4250   0.7265   0.9635   1.2035   1.4745   1.7460   2.0475   2.3465   2.5860   2.8270   3.1325   3.4310   3.6535   3.8975   4.1525   4.3830   0.0000   0.0000   0.0000   0.0000   0.0000   0.0000   0.0000;
326:  0.4250   0.7270   0.9640   1.2035   1.4750   1.7465   2.0475   2.3465   2.5865   2.8275   3.1330   3.4325   3.6535   3.8960   4.1515   4.3815   0.0000   0.0000   0.0000   0.0000   0.0000   0.0000   0.0000;
327:  0.4255   0.7275   0.9640   1.2035   1.4755   1.7475   2.0480   2.3470   2.5875   2.8280   3.1340   3.4350   3.6545   3.8955   4.1505   4.3790   0.0000   0.0000   0.0000   0.0000   0.0000   0.0000   0.0000;
328:  0.4260   0.7280   0.9645   1.2040   1.4760   1.7475   2.0485   2.3475   2.5880   2.8285   3.1345   3.4365   3.6550   3.8945   4.1490   4.3765   4.5765   4.7495   0.0000   0.0000   0.0000   0.0000   0.0000;
329:  0.4265   0.7285   0.9645   1.2040   1.4765   1.7485   2.0490   2.3475   2.5880   2.8290   3.1355   3.4380   3.6555   3.8935   4.1475   4.3730   4.5700   4.7430   0.0000   0.0000   0.0000   0.0000   0.0000;
330:  0.4265   0.7285   0.9645   1.2040   1.4770   1.7490   2.0495   2.3485   2.5890   2.8295   3.1365   3.4405   3.6565   3.8920   4.1450   4.3690   4.5640   4.7375   0.0000   0.0000   0.0000   0.0000   0.0000;
331:  0.4270   0.7295   0.9650   1.2045   1.4780   1.7495   2.0495   2.3490   2.5900   2.8300   3.1370   3.4425   3.6575   3.8910   4.1430   4.3645   4.5570   4.7310   0.0000   0.0000   0.0000   0.0000   0.0000;
332:  0.4275   0.7295   0.9650   1.2045   1.4780   1.7500   2.0505   2.3495   2.5905   2.8310   3.1385   3.4445   3.6580   3.8895   4.1405   4.3595   4.5495   4.7250   0.0000   0.0000   0.0000   0.0000   0.0000;
333:  0.4280   0.7305   0.9655   1.2045   1.4785   1.7505   2.0505   2.3500   2.5915   2.8315   3.1390   3.4465   3.6590   3.8880   4.1375   4.3540   4.5415   4.7180   0.0000   0.0000   0.0000   0.0000   0.0000;
334:  0.4280   0.7305   0.9660   1.2055   1.4795   1.7510   2.0510   2.3505   2.5915   2.8320   3.1405   3.4485   3.6600   3.8870   4.1345   4.3485   4.5340   4.7120   0.0000   0.0000   0.0000   0.0000   0.0000;
335:  0.4285   0.7310   0.9660   1.2055   1.4795   1.7510   2.0510   2.3510   2.5925   2.8325   3.1415   3.4505   3.6605   3.8855   4.1315   4.3420   4.5255   4.7065   0.0000   0.0000   0.0000   0.0000   0.0000;
336:  0.4285   0.7310   0.9660   1.2055   1.4795   1.7510   2.0515   2.3515   2.5930   2.8335   3.1425   3.4520   3.6615   3.8845   4.1285   4.3360   4.5180   4.7010   0.0000   0.0000   0.0000   0.0000   0.0000;
337:  0.4285   0.7310   0.9660   1.2060   1.4805   1.7515   2.0520   2.3525   2.5940   2.8345   3.1440   3.4540   3.6625   3.8835   4.1250   4.3290   4.5095   4.6960   0.0000   0.0000   0.0000   0.0000   0.0000;
338:  0.4285   0.7315   0.9670   1.2065   1.4805   1.7515   2.0525   2.3535   2.5945   2.8345   3.1450   3.4560   3.6635   3.8825   4.1220   4.3230   4.5020   4.6915   0.0000   0.0000   0.0000   0.0000   0.0000;
339:  0.4290   0.7320   0.9670   1.2065   1.4805   1.7515   2.0530   2.3540   2.5950   2.8355   3.1465   3.4575   3.6640   3.8815   4.1190   4.3165   4.4945   4.6880   0.0000   0.0000   0.0000   0.0000   0.0000;
340:  0.4290   0.7320   0.9670   1.2070   1.4815   1.7520   2.0530   2.3545   2.5960   2.8365   3.1475   3.4585   3.6645   3.8805   4.1155   4.3100   4.4880   4.6855   0.0000   0.0000   0.0000   0.0000   0.0000;
341:  0.4285   0.7320   0.9670   1.2070   1.4815   1.7520   2.0535   2.3550   2.5960   2.8370   3.1490   3.4600   3.6650   3.8795   4.1125   4.3040   4.4815   4.6835   0.0000   0.0000   0.0000   0.0000   0.0000;
342:  0.4285   0.7320   0.9675   1.2075   1.4815   1.7515   2.0535   2.3560   2.5970   2.8385   3.1510   3.4615   3.6655   3.8785   4.1095   4.2980   4.4755   4.6825   0.0000   0.0000   0.0000   0.0000   0.0000;
343:  0.4285   0.7320   0.9675   1.2080   1.4820   1.7515   2.0540   2.3570   2.5980   2.8395   3.1520   3.4620   3.6660   3.8780   4.1070   4.2930   4.4705   4.6825   0.0000   0.0000   0.0000   0.0000   0.0000;
344:  0.4280   0.7320   0.9680   1.2085   1.4815   1.7510   2.0545   2.3580   2.5985   2.8400   3.1530   3.4625   3.6660   3.8775   4.1045   4.2880   4.4665   4.6835   0.0000   0.0000   0.0000   0.0000   0.0000;
345:  0.4280   0.7320   0.9680   1.2085   1.4815   1.7510   2.0550   2.3590   2.5995   2.8415   3.1545   3.4625   3.6660   3.8770   4.1020   4.2835   4.4630   4.6855   0.0000   0.0000   0.0000   0.0000   0.0000;
346:  0.4275   0.7320   0.9680   1.2090   1.4820   1.7505   2.0550   2.3600   2.6005   2.8425   3.1555   3.4625   3.6655   3.8765   4.1005   4.2800   4.4605   4.6885   0.0000   0.0000   0.0000   0.0000   0.0000;
347:  0.4270   0.7310   0.9680   1.2095   1.4815   1.7500   2.0555   2.3610   2.6010   2.8430   3.1565   3.4625   3.6655   3.8765   4.0990   4.2770   4.4595   4.6935   0.0000   0.0000   0.0000   0.0000   0.0000;
348:  0.4265   0.7310   0.9680   1.2095   1.4815   1.7500   2.0560   2.3615   2.6015   2.8445   3.1580   3.4620   3.6645   3.8760   4.0975   4.2750   4.4595   4.6990   0.0000   0.0000   0.0000   0.0000   0.0000;
349:  0.4265   0.7310   0.9680   1.2095   1.4815   1.7500   2.0565   2.3630   2.6030   2.8455   3.1585   3.4610   3.6640   3.8760   4.0970   4.2740   4.4610   4.7065   0.0000   0.0000   0.0000   0.0000   0.0000;
350:  0.4260   0.7310   0.9685   1.2105   1.4815   1.7490   2.0570   2.3640   2.6030   2.8460   3.1590   3.4600   3.6635   3.8765   4.0970   4.2740   4.4635   4.7145   0.0000   0.0000   0.0000   0.0000   0.0000;
351:  0.4260   0.7310   0.9685   1.2105   1.4815   1.7490   2.0575   2.3650   2.6040   2.8475   3.1600   3.4585   3.6620   3.8765   4.0970   4.2740   4.4670   4.7240   0.0000   0.0000   0.0000   0.0000   0.0000;
352:  0.4255   0.7310   0.9690   1.2110   1.4815   1.7490   2.0580   2.3665   2.6055   2.8485   3.1600   3.4565   3.6610   3.8770   4.0970   4.2750   4.4720   4.7345   0.0000   0.0000   0.0000   0.0000   0.0000;
353:  0.4255   0.7305   0.9685   1.2110   1.4810   1.7485   2.0585   2.3675   2.6060   2.8490   3.1605   3.4550   3.6600   3.8780   4.0985   4.2775   4.4780   4.7460   0.0000   0.0000   0.0000   0.0000   0.0000;
354:  0.4245   0.7300   0.9685   1.2110   1.4810   1.7485   2.0590   2.3685   2.6070   2.8500   3.1605   3.4525   3.6585   3.8790   4.1000   4.2810   4.4855   4.7585   0.0000   0.0000   0.0000   0.0000   0.0000;
355:  0.4245   0.7300   0.9690   1.2115   1.4805   1.7480   2.0595   2.3695   2.6075   2.8505   3.1605   3.4500   3.6565   3.8795   4.1020   4.2850   4.4940   4.7725   0.0000   0.0000   0.0000   0.0000   0.0000;
356:  0.4240   0.7300   0.9690   1.2115   1.4805   1.7480   2.0605   2.3710   2.6085   2.8515   3.1600   3.4470   3.6550   3.8810   4.1045   4.2900   4.5040   4.7870   0.0000   0.0000   0.0000   0.0000   0.0000;
357:  0.4240   0.7300   0.9690   1.2115   1.4805   1.7480   2.0610   2.3720   2.6095   2.8525   3.1595   3.4445   3.6540   3.8820   4.1070   4.2960   4.5145   4.8020   0.0000   0.0000   0.0000   0.0000   0.0000;
358:  0.4240   0.7295   0.9690   1.2125   1.4810   1.7480   2.0615   2.3730   2.6100   2.8530   3.1590   3.4415   3.6520   3.8835   4.1110   4.3030   4.5265   4.8180   0.0000   0.0000   0.0000   0.0000   0.0000;
359:  0.4240   0.7295   0.9690   1.2125   1.4805   1.7475   2.0620   2.3740   2.6110   2.8535   3.1580   3.4385   3.6505   3.8850   4.1145   4.3105   4.5390   4.8340   0.0000   0.0000   0.0000   0.0000   0.0000;
#AFTER_DB_V3;
000:  0.2380   0.6100   0.8490   1.0890   1.3360   1.6250   1.8710   2.2550   2.4950   2.7290   2.9800   3.3350   3.5360   3.7620   4.0120   4.2250   4.4120   4.6930   5.0090   5.4890   0.0000   0.0000   0.0000;
001:  0.2380   0.6100   0.8490   1.0890   1.3360   1.6250   1.8710   2.2550   2.4960   2.7290   2.9800   3.3320   3.5320   3.7630   4.0150   4.2310   4.4240   4.7090   5.0260   5.5040   0.0000   0.0000   0.0000;
002:  0.2380   0.6100   0.8490   1.0890   1.3360   1.6250   1.8720   2.2560   2.4970   2.7300   2.9800   3.3290   3.5280   3.7640   4.0180   4.2380   4.4360   4.7250   5.0430   5.5150   0.0000   0.0000   0.0000;
003:  0.2380   0.6100   0.8490   1.0890   1.3360   1.6250   1.8720   2.2570   2.4980   2.7310   2.9800   3.3260   3.5240   3.7640   4.0210   4.2450   4.4500   4.7420   5.0600   5.5230   0.0000   0.0000   0.0000;
004:  0.2380   0.6100   0.8490   1.0880   1.3350   1.6260   1.8730   2.2580   2.4990   2.7310   2.9800   3.3230   3.5210   3.7650   4.0240   4.2520   4.4630   4.7590   5.0760   5.5280   0.0000   0.0000   0.0000;
005:  0.2380   0.6100   0.8490   1.0880   1.3350   1.6260   1.8730   2.2580   2.5000   2.7320   2.9790   3.3200   3.5180   3.7660   4.0280   4.2590   4.4770   4.7760   5.0920   5.5310   0.0000   0.0000   0.0000;
006:  0.2380   0.6110   0.8490   1.0880   1.3350   1.6260   1.8740   2.2590   2.5010   2.7330   2.9790   3.3160   3.5150   3.7670   4.0320   4.2670   4.4920   4.7930   5.1060   5.5330   0.0000   0.0000   0.0000;
007:  0.2390   0.6110   0.8490   1.0870   1.3350   1.6270   1.8750   2.2590   2.5020   2.7330   2.9780   3.3130   3.5130   3.7680   4.0360   4.2750   4.5060   4.8090   5.1200   5.5340   0.0000   0.0000   0.0000;
008:  0.2390   0.6110   0.8500   1.0870   1.3350   1.6270   1.8760   2.2600   2.5020   2.7330   2.9770   3.3100   3.5110   3.7700   4.0400   4.2820   4.5210   4.8250   5.1330   5.5340   0.0000   0.0000   0.0000;
009:  0.2400   0.6110   0.8500   1.0860   1.3350   1.6280   1.8760   2.2600   2.5030   2.7340   2.9760   3.3070   3.5090   3.7710   4.0450   4.2900   4.5360   4.8400   5.1440   5.5350   0.0000   0.0000   0.0000;
010:  0.2400   0.6110   0.8500   1.0850   1.3350   1.6290   1.8770   2.2600   2.5040   2.7340   2.9750   3.3040   3.5080   3.7730   4.0490   4.2980   4.5500   4.8550   5.1550   5.5350   0.0000   0.0000   0.0000;
011:  0.2410   0.6120   0.8500   1.0850   1.3350   1.6300   1.8780   2.2610   2.5040   2.7350   2.9740   3.3010   3.5070   3.7740   4.0530   4.3060   4.5640   4.8680   5.1640   5.5340   0.0000   0.0000   0.0000;
012:  0.2420   0.6120   0.8500   1.0840   1.3350   1.6310   1.8790   2.2610   2.5040   2.7350   2.9730   3.2980   3.5070   3.7760   4.0580   4.3140   4.5780   4.8810   5.1710   5.5330   0.0000   0.0000   0.0000;
013:  0.2420   0.6120   0.8500   1.0830   1.3350   1.6310   1.8800   2.2610   2.5050   2.7350   2.9710   3.2960   3.5070   3.7770   4.0620   4.3220   4.5910   4.8930   5.1770   0.0000   0.0000   0.0000   0.0000;
014:  0.2430   0.6130   0.8510   1.0820   1.3350   1.6330   1.8810   2.2610   2.5050   2.7350   2.9700   3.2930   3.5070   3.7790   4.0670   4.3290   4.6040   4.9040   5.1820   0.0000   0.0000   0.0000   0.0000;
015:  0.2430   0.6130   0.8510   1.0810   1.3350   1.6340   1.8820   2.2600   2.5050   2.7350   2.9680   3.2910   3.5080   3.7810   4.0710   4.3370   4.6160   4.9130   5.1850   0.0000   0.0000   0.0000   0.0000;
016:  0.2440   0.6130   0.8510   1.0800   1.3350   1.6350   1.8830   2.2600   2.5050   2.7350   2.9670   3.2890   3.5100   3.7840   4.0750   4.3440   4.6270   4.9220   5.1870   0.0000   0.0000   0.0000   0.0000;
017:  0.2440   0.6130   0.8510   1.0800   1.3350   1.6360   1.8840   2.2600   2.5050   2.7350   2.9650   3.2880   3.5120   3.7860   4.0800   4.3510   4.6370   4.9290   5.1870   0.0000   0.0000   0.0000   0.0000;
018:  0.2450   0.6130   0.8510   1.0790   1.3350   1.6370   1.8850   2.2600   2.5050   2.7350   2.9640   3.2870   3.5140   3.7880   4.0840   4.3580   4.6470   4.9350   5.1860   0.0000   0.0000   0.0000   0.0000;
019:  0.2450   0.6130   0.8510   1.0780   1.3350   1.6380   1.8860   2.2590   2.5040   2.7350   2.9620   3.2860   3.5170   3.7900   4.0880   4.3640   4.6560   4.9400   5.1840   0.0000   0.0000   0.0000   0.0000;
020:  0.2460   0.6130   0.8510   1.0770   1.3350   1.6390   1.8870   2.2590   2.5040   2.7340   2.9610   3.2860   3.5200   3.7930   4.0920   4.3700   4.6640   4.9440   5.1800   0.0000   0.0000   0.0000   0.0000;
021:  0.2460   0.6130   0.8520   1.0760   1.3350   1.6400   1.8880   2.2580   2.5040   2.7340   2.9590   3.2860   3.5230   3.7950   4.0960   4.3760   4.6710   4.9470   5.1750   0.0000   0.0000   0.0000   0.0000;
022:  0.2470   0.6130   0.8520   1.0750   1.3350   1.6410   1.8890   2.2580   2.5030   2.7330   2.9580   3.2860   3.5270   3.7980   4.0990   4.3810   4.6770   4.9480   5.1680   0.0000   0.0000   0.0000   0.0000;
023:  0.2470   0.6130   0.8520   1.0740   1.3350   1.6420   1.8900   2.2570   2.5020   2.7330   2.9570   3.2870   3.5310   3.8000   4.1030   4.3860   4.6820   4.9480   5.1610   0.0000   0.0000   0.0000   0.0000;
024:  0.2470   0.6130   0.8520   1.0730   1.3350   1.6430   1.8910   2.2560   2.5020   2.7320   2.9560   3.2880   3.5350   3.8030   4.1060   4.3910   4.6860   4.9480   5.1530   0.0000   0.0000   0.0000   0.0000;
025:  0.2470   0.6130   0.8520   1.0730   1.3350   1.6440   1.8910   2.2560   2.5010   2.7320   2.9550   3.2890   3.5390   3.8060   4.1090   4.3960   4.6900   4.9460   5.1440   0.0000   0.0000   0.0000   0.0000;
026:  0.2480   0.6130   0.8520   1.0720   1.3350   1.6450   1.8920   2.2550   2.5000   2.7310   2.9550   3.2910   3.5440   3.8080   4.1120   4.4000   4.6920   4.9440   5.1340   0.0000   0.0000   0.0000   0.0000;
027:  0.2480   0.6130   0.8520   1.0710   1.3350   1.6460   1.8930   2.2550   2.4990   2.7310   2.9540   3.2930   3.5490   3.8110   4.1150   4.4040   4.6940   4.9400   5.1230   0.0000   0.0000   0.0000   0.0000;
028:  0.2480   0.6130   0.8520   1.0710   1.3350   1.6460   1.8930   2.2540   2.4980   2.7300   2.9540   3.2950   3.5530   3.8130   4.1180   4.4080   4.6950   4.9370   5.1120   0.0000   0.0000   0.0000   0.0000;
029:  0.2480   0.6120   0.8510   1.0700   1.3350   1.6470   1.8940   2.2530   2.4970   2.7290   2.9530   3.2980   3.5580   3.8150   4.1200   4.4110   4.6950   4.9320   5.1010   0.0000   0.0000   0.0000   0.0000;
030:  0.2480   0.6120   0.8510   1.0700   1.3360   1.6480   1.8940   2.2530   2.4960   2.7290   2.9530   3.3010   3.5620   3.8180   4.1230   4.4140   4.6940   4.9270   5.0890   0.0000   0.0000   0.0000   0.0000;
031:  0.2480   0.6120   0.8510   1.0700   1.3360   1.6480   1.8940   2.2520   2.4950   2.7280   2.9540   3.3040   3.5670   3.8200   4.1250   4.4170   4.6930   4.9220   5.0780   0.0000   0.0000   0.0000   0.0000;
032:  0.2470   0.6110   0.8510   1.0700   1.3360   1.6480   1.8950   2.2510   2.4940   2.7270   2.9540   3.3070   3.5720   3.8220   4.1270   4.4200   4.6910   4.9160   5.0660   0.0000   0.0000   0.0000   0.0000;
033:  0.2470   0.6110   0.8510   1.0700   1.3360   1.6490   1.8950   2.2510   2.4930   2.7270   2.9540   3.3100   3.5760   3.8240   4.1290   4.4220   4.6890   4.9110   5.0550   0.0000   0.0000   0.0000   0.0000;
034:  0.2470   0.6100   0.8510   1.0700   1.3370   1.6490   1.8950   2.2500   2.4920   2.7260   2.9550   3.3140   3.5800   3.8260   4.1310   4.4240   4.6860   4.9050   5.0440   0.0000   0.0000   0.0000   0.0000;
035:  0.2470   0.6100   0.8510   1.0700   1.3370   1.6490   1.8950   2.2500   2.4910   2.7260   2.9560   3.3170   3.5840   3.8270   4.1320   4.4260   4.6830   4.8990   5.0330   0.0000   0.0000   0.0000   0.0000;
036:  0.2470   0.6090   0.8510   1.0710   1.3380   1.6490   1.8950   2.2490   2.4900   2.7250   2.9570   3.3210   3.5880   3.8290   4.1340   4.4280   4.6790   4.8940   5.0220   0.0000   0.0000   0.0000   0.0000;
037:  0.2460   0.6090   0.8500   1.0710   1.3380   1.6490   1.8950   2.2490   2.4890   2.7250   2.9580   3.3240   3.5920   3.8300   4.1350   4.4300   4.6750   4.8880   5.0130   0.0000   0.0000   0.0000   0.0000;
038:  0.2460   0.6090   0.8500   1.0720   1.3380   1.6490   1.8950   2.2490   2.4880   2.7250   2.9590   3.3280   3.5950   3.8310   4.1360   4.4310   4.6710   4.8830   5.0040   0.0000   0.0000   0.0000   0.0000;
039:  0.2460   0.6080   0.8500   1.0720   1.3390   1.6490   1.8940   2.2480   2.4870   2.7250   2.9600   3.3310   3.5990   3.8330   4.1370   4.4330   4.6670   4.8780   4.9950   0.0000   0.0000   0.0000   0.0000;
040:  0.2460   0.6080   0.8500   1.0730   1.3390   1.6480   1.8940   2.2480   2.4870   2.7240   2.9610   3.3350   3.6020   3.8340   4.1380   4.4340   4.6620   4.8740   0.0000   0.0000   0.0000   0.0000   0.0000;
041:  0.2450   0.6070   0.8500   1.0740   1.3400   1.6480   1.8940   2.2480   2.4860   2.7240   2.9620   3.3380   3.6040   3.8350   4.1390   4.4350   4.6570   4.8690   0.0000   0.0000   0.0000   0.0000   0.0000;
042:  0.2450   0.6070   0.8500   1.0750   1.3400   1.6470   1.8930   2.2480   2.4850   2.7240   2.9640   3.3410   3.6070   3.8350   4.1400   4.4360   4.6520   0.0000   0.0000   0.0000   0.0000   0.0000   0.0000;
043:  0.2450   0.6070   0.8500   1.0760   1.3410   1.6470   1.8930   2.2480   2.4850   2.7250   2.9650   3.3440   3.6090   3.8360   4.1400   4.4360   4.6470   0.0000   0.0000   0.0000   0.0000   0.0000   0.0000;
044:  0.2450   0.6070   0.8500   1.0770   1.3410   1.6460   1.8930   2.2490   2.4840   2.7250   2.9670   3.3470   3.6110   3.8360   4.1410   4.4370   4.6430   0.0000   0.0000   0.0000   0.0000   0.0000   0.0000;
045:  0.2450   0.6060   0.8500   1.0780   1.3420   1.6460   1.8920   2.2490   2.4840   2.7250   2.9680   3.3490   3.6130   3.8370   4.1410   4.4370   4.6380   0.0000   0.0000   0.0000   0.0000   0.0000   0.0000;
046:  0.2450   0.6060   0.8500   1.0790   1.3420   1.6450   1.8920   2.2490   2.4840   2.7260   2.9690   3.3510   3.6140   3.8370   4.1410   4.4370   4.6330   0.0000   0.0000   0.0000   0.0000   0.0000   0.0000;
047:  0.2450   0.6060   0.8500   1.0800   1.3430   1.6450   1.8910   2.2490   2.4840   2.7260   2.9700   3.3530   3.6150   3.8380   4.1420   4.4370   4.6280   0.0000   0.0000   0.0000   0.0000   0.0000   0.0000;
048:  0.2450   0.6060   0.8500   1.0810   1.3440   1.6440   1.8910   2.2500   2.4830   2.7270   2.9710   3.3550   3.6160   3.8380   4.1420   4.4370   4.6230   0.0000   0.0000   0.0000   0.0000   0.0000   0.0000;
049:  0.2450   0.6060   0.8500   1.0820   1.3440   1.6430   1.8900   2.2510   2.4830   2.7270   2.9720   3.3560   3.6170   3.8380   4.1420   4.4360   4.6180   0.0000   0.0000   0.0000   0.0000   0.0000   0.0000;
050:  0.2450   0.6060   0.8500   1.0830   1.3440   1.6430   1.8890   2.2510   2.4830   2.7280   2.9730   3.3580   3.6180   3.8390   4.1420   4.4350   4.6140   0.0000   0.0000   0.0000   0.0000   0.0000   0.0000;
051:  0.2460   0.6060   0.8500   1.0840   1.3450   1.6420   1.8890   2.2520   2.4830   2.7290   2.9740   3.3590   3.6180   3.8390   4.1420   4.4340   4.6090   0.0000   0.0000   0.0000   0.0000   0.0000   0.0000;
052:  0.2460   0.6060   0.8500   1.0850   1.3450   1.6410   1.8880   2.2530   2.4840   2.7290   2.9750   3.3600   3.6180   3.8400   4.1410   4.4330   4.6040   0.0000   0.0000   0.0000   0.0000   0.0000   0.0000;
053:  0.2460   0.6060   0.8500   1.0860   1.3460   1.6410   1.8880   2.2540   2.4840   2.7300   2.9750   3.3600   3.6190   3.8400   4.1410   4.4310   4.6000   0.0000   0.0000   0.0000   0.0000   0.0000   0.0000;
054:  0.2470   0.6060   0.8500   1.0870   1.3460   1.6400   1.8870   2.2550   2.4840   2.7310   2.9760   3.3600   3.6190   3.8410   4.1410   4.4290   4.5960   0.0000   0.0000   0.0000   0.0000   0.0000   0.0000;
055:  0.2470   0.6060   0.8510   1.0880   1.3470   1.6390   1.8870   2.2560   2.4840   2.7310   2.9760   3.3610   3.6190   3.8420   4.1400   4.4270   4.5920   0.0000   0.0000   0.0000   0.0000   0.0000   0.0000;
056:  0.2480   0.6060   0.8510   1.0890   1.3470   1.6390   1.8860   2.2560   2.4850   2.7320   2.9760   3.3610   3.6190   3.8430   4.1400   4.4240   4.5870   0.0000   0.0000   0.0000   0.0000   0.0000   0.0000;
057:  0.2480   0.6060   0.8510   1.0900   1.3470   1.6380   1.8860   2.2580   2.4850   2.7320   2.9760   3.3600   3.6190   3.8440   4.1390   4.4220   4.5840   0.0000   0.0000   0.0000   0.0000   0.0000   0.0000;
058:  0.2490   0.6060   0.8510   1.0910   1.3480   1.6380   1.8850   2.2580   2.4850   2.7330   2.9760   3.3600   3.6180   3.8450   4.1380   4.4180   4.5800   0.0000   0.0000   0.0000   0.0000   0.0000   0.0000;
059:  0.2490   0.6070   0.8510   1.0910   1.3480   1.6370   1.8850   2.2600   2.4860   2.7330   2.9750   3.3600   3.6180   3.8470   4.1370   4.4150   4.5760   0.0000   0.0000   0.0000   0.0000   0.0000   0.0000;
060:  0.2500   0.6070   0.8520   1.0920   1.3490   1.6370   1.8850   2.2600   2.4870   2.7340   2.9750   3.3590   3.6180   3.8490   4.1360   4.4110   4.5720   0.0000   0.0000   0.0000   0.0000   0.0000   0.0000;
061:  0.2510   0.6070   0.8520   1.0920   1.3490   1.6360   1.8840   2.2620   2.4870   2.7340   2.9740   3.3590   3.6180   3.8500   4.1350   4.4070   4.5690   0.0000   0.0000   0.0000   0.0000   0.0000   0.0000;
062:  0.2510   0.6070   0.8520   1.0930   1.3490   1.6360   1.8840   2.2620   2.4880   2.7340   2.9730   3.3580   3.6170   3.8520   4.1340   4.4030   4.5650   0.0000   0.0000   0.0000   0.0000   0.0000   0.0000;
063:  0.2520   0.6070   0.8520   1.0930   1.3490   1.6350   1.8840   2.2630   2.4880   2.7340   2.9720   3.3580   3.6170   3.8540   4.1330   4.3980   4.5620   0.0000   0.0000   0.0000   0.0000   0.0000   0.0000;
064:  0.2520   0.6070   0.8530   1.0930   1.3490   1.6350   1.8840   2.2640   2.4890   2.7340   2.9710   3.3570   3.6170   3.8560   4.1320   4.3940   4.5590   0.0000   0.0000   0.0000   0.0000   0.0000   0.0000;
065:  0.2530   0.6070   0.8530   1.0930   1.3500   1.6350   1.8840   2.2650   2.4890   2.7340   2.9700   3.3570   3.6160   3.8590   4.1300   4.3890   4.5560   0.0000   0.0000   0.0000   0.0000   0.0000   0.0000;
066:  0.2530   0.6070   0.8530   1.0940   1.3500   1.6340   1.8840   2.2650   2.4900   2.7340   2.9680   3.3560   3.6160   3.8610   4.1290   4.3840   4.5540   0.0000   0.0000   0.0000   0.0000   0.0000   0.0000;
067:  0.2540   0.6070   0.8530   1.0940   1.3500   1.6340   1.8830   2.2660   2.4900   2.7330   2.9670   3.3560   3.6150   3.8640   4.1270   4.3780   0.0000   0.0000   0.0000   0.0000   0.0000   0.0000   0.0000;
068:  0.2540   0.6070   0.8530   1.0940   1.3500   1.6330   1.8830   2.2670   2.4900   2.7330   2.9650   3.3550   3.6150   3.8660   4.1250   4.3730   0.0000   0.0000   0.0000   0.0000   0.0000   0.0000   0.0000;
069:  0.2550   0.6070   0.8530   1.0940   1.3500   1.6330   1.8830   2.2670   2.4910   2.7320   2.9640   3.3550   3.6150   3.8690   4.1240   4.3670   0.0000   0.0000   0.0000   0.0000   0.0000   0.0000   0.0000;
070:  0.2550   0.6070   0.8530   1.0940   1.3500   1.6330   1.8840   2.2670   2.4910   2.7310   2.9630   3.3550   3.6140   3.8710   4.1220   4.3620   0.0000   0.0000   0.0000   0.0000   0.0000   0.0000   0.0000;
071:  0.2550   0.6070   0.8530   1.0940   1.3500   1.6320   1.8840   2.2680   2.4910   2.7300   2.9610   3.3550   3.6130   3.8730   4.1200   4.3560   0.0000   0.0000   0.0000   0.0000   0.0000   0.0000   0.0000;
072:  0.2550   0.6070   0.8530   1.0940   1.3500   1.6320   1.8840   2.2680   2.4920   2.7290   2.9600   3.3550   3.6130   3.8760   4.1180   4.3500   0.0000   0.0000   0.0000   0.0000   0.0000   0.0000   0.0000;
073:  0.2560   0.6070   0.8540   1.0940   1.3500   1.6320   1.8840   2.2680   2.4920   2.7280   2.9580   3.3550   3.6120   3.8780   4.1160   4.3450   0.0000   0.0000   0.0000   0.0000   0.0000   0.0000   0.0000;
074:  0.2560   0.6060   0.8540   1.0930   1.3500   1.6310   1.8840   2.2680   2.4920   2.7270   2.9560   3.3560   3.6120   3.8810   4.1140   4.3390   0.0000   0.0000   0.0000   0.0000   0.0000   0.0000   0.0000;
075:  0.2560   0.6060   0.8540   1.0930   1.3500   1.6310   1.8840   2.2670   2.4920   2.7260   2.9550   3.3560   3.6110   3.8830   4.1120   4.3340   0.0000   0.0000   0.0000   0.0000   0.0000   0.0000   0.0000;
076:  0.2560   0.6060   0.8540   1.0930   1.3510   1.6310   1.8850   2.2670   2.4920   2.7240   2.9530   3.3560   3.6100   3.8850   4.1090   4.3280   0.0000   0.0000   0.0000   0.0000   0.0000   0.0000   0.0000;
077:  0.2560   0.6060   0.8540   1.0930   1.3510   1.6310   1.8850   2.2660   2.4920   2.7230   2.9520   3.3570   3.6100   3.8870   4.1070   4.3230   0.0000   0.0000   0.0000   0.0000   0.0000   0.0000   0.0000;
078:  0.2560   0.6050   0.8540   1.0930   1.3510   1.6300   1.8850   2.2660   2.4920   2.7220   2.9510   3.3580   3.6090   3.8880   4.1050   4.3180   0.0000   0.0000   0.0000   0.0000   0.0000   0.0000   0.0000;
079:  0.2560   0.6050   0.8540   1.0930   1.3510   1.6300   1.8860   2.2650   2.4920   2.7200   2.9490   3.3580   3.6080   3.8900   4.1030   4.3130   0.0000   0.0000   0.0000   0.0000   0.0000   0.0000   0.0000;
080:  0.2560   0.6050   0.8530   1.0940   1.3510   1.6300   1.8860   2.2640   2.4910   2.7190   2.9480   3.3590   3.6070   3.8910   4.1010   4.3090   0.0000   0.0000   0.0000   0.0000   0.0000   0.0000   0.0000;
081:  0.2560   0.6050   0.8530   1.0940   1.3510   1.6290   1.8870   2.2630   2.4910   2.7180   2.9470   3.3600   3.6070   3.8920   4.0990   4.3040   0.0000   0.0000   0.0000   0.0000   0.0000   0.0000   0.0000;
082:  0.2560   0.6040   0.8530   1.0940   1.3510   1.6290   1.8870   2.2620   2.4910   2.7160   2.9460   3.3610   3.6060   3.8930   4.0980   4.3000   0.0000   0.0000   0.0000   0.0000   0.0000   0.0000   0.0000;
083:  0.2560   0.6040   0.8530   1.0940   1.3510   1.6290   1.8870   2.2610   2.4900   2.7150   2.9450   3.3620   3.6050   3.8930   4.0960   4.2970   0.0000   0.0000   0.0000   0.0000   0.0000   0.0000   0.0000;
084:  0.2560   0.6040   0.8530   1.0940   1.3510   1.6290   1.8880   2.2600   2.4900   2.7140   2.9440   3.3620   3.6040   3.8940   4.0940   4.2940   0.0000   0.0000   0.0000   0.0000   0.0000   0.0000   0.0000;
085:  0.2560   0.6040   0.8530   1.0950   1.3510   1.6290   1.8880   2.2580   2.4890   2.7130   2.9440   3.3630   3.6040   3.8940   4.0930   4.2910   0.0000   0.0000   0.0000   0.0000   0.0000   0.0000   0.0000;
086:  0.2550   0.6040   0.8530   1.0950   1.3510   1.6290   1.8890   2.2570   2.4890   2.7120   2.9430   3.3640   3.6030   3.8930   4.0910   4.2880   0.0000   0.0000   0.0000   0.0000   0.0000   0.0000   0.0000;
087:  0.2550   0.6040   0.8530   1.0950   1.3510   1.6280   1.8890   2.2560   2.4890   2.7110   2.9420   3.3650   3.6020   3.8930   4.0900   4.2860   0.0000   0.0000   0.0000   0.0000   0.0000   0.0000   0.0000;
088:  0.2550   0.6030   0.8530   1.0960   1.3510   1.6280   1.8890   2.2540   2.4880   2.7100   2.9420   3.3650   3.6020   3.8930   4.0890   4.2840   0.0000   0.0000   0.0000   0.0000   0.0000   0.0000   0.0000;
089:  0.2550   0.6030   0.8530   1.0960   1.3510   1.6280   1.8900   2.2530   2.4870   2.7090   2.9420   3.3660   3.6010   3.8920   4.0880   4.2830   0.0000   0.0000   0.0000   0.0000   0.0000   0.0000   0.0000;
090:  0.2550   0.6030   0.8530   1.0960   1.3520   1.6280   1.8900   2.2510   2.4870   2.7090   2.9410   3.3670   3.6010   3.8910   4.0880   4.2820   0.0000   0.0000   0.0000   0.0000   0.0000   0.0000   0.0000;
091:  0.2550   0.6030   0.8530   1.0970   1.3520   1.6280   1.8900   2.2500   2.4860   2.7080   2.9410   3.3670   3.6010   3.8900   4.0870   4.2820   0.0000   0.0000   0.0000   0.0000   0.0000   0.0000   0.0000;
092:  0.2550   0.6030   0.8530   1.0970   1.3520   1.6280   1.8910   2.2480   2.4860   2.7080   2.9410   3.3670   3.6000   3.8890   4.0870   4.2820   0.0000   0.0000   0.0000   0.0000   0.0000   0.0000   0.0000;
093:  0.2550   0.6030   0.8530   1.0980   1.3520   1.6280   1.8910   2.2470   2.4850   2.7080   2.9410   3.3670   3.6000   3.8870   4.0870   4.2820   0.0000   0.0000   0.0000   0.0000   0.0000   0.0000   0.0000;
094:  0.2550   0.6030   0.8530   1.0980   1.3520   1.6280   1.8910   2.2450   2.4850   2.7080   2.9410   3.3670   3.6000   3.8860   4.0870   4.2820   0.0000   0.0000   0.0000   0.0000   0.0000   0.0000   0.0000;
095:  0.2540   0.6030   0.8530   1.0980   1.3520   1.6290   1.8910   2.2440   2.4840   2.7080   2.9410   3.3670   3.6000   3.8850   4.0880   4.2830   0.0000   0.0000   0.0000   0.0000   0.0000   0.0000   0.0000;
096:  0.2540   0.6040   0.8530   1.0990   1.3520   1.6290   1.8910   2.2430   2.4840   2.7080   2.9410   3.3670   3.6010   3.8840   4.0880   4.2850   0.0000   0.0000   0.0000   0.0000   0.0000   0.0000   0.0000;
097:  0.2540   0.6040   0.8530   1.0990   1.3520   1.6290   1.8910   2.2420   2.4830   2.7080   2.9410   3.3670   3.6010   3.8820   4.0890   4.2860   0.0000   0.0000   0.0000   0.0000   0.0000   0.0000   0.0000;
098:  0.2540   0.6040   0.8530   1.0990   1.3520   1.6290   1.8910   2.2400   2.4830   2.7080   2.9420   3.3670   3.6020   3.8810   4.0910   4.2890   0.0000   0.0000   0.0000   0.0000   0.0000   0.0000   0.0000;
099:  0.2540   0.6040   0.8530   1.1000   1.3520   1.6300   1.8910   2.2390   2.4820   2.7090   2.9420   3.3660   3.6020   3.8800   4.0920   4.2910   0.0000   0.0000   0.0000   0.0000   0.0000   0.0000   0.0000;
100:  0.2540   0.6040   0.8530   1.1000   1.3510   1.6300   1.8910   2.2380   2.4820   2.7090   2.9420   3.3650   3.6030   3.8790   4.0940   4.2940   0.0000   0.0000   0.0000   0.0000   0.0000   0.0000   0.0000;
101:  0.2540   0.6040   0.8530   1.1000   1.3510   1.6310   1.8910   2.2380   2.4810   2.7100   2.9420   3.3650   3.6040   3.8780   4.0950   4.2970   0.0000   0.0000   0.0000   0.0000   0.0000   0.0000   0.0000;
102:  0.2540   0.6040   0.8530   1.1000   1.3510   1.6310   1.8910   2.2370   2.4810   2.7110   2.9430   3.3640   3.6050   3.8770   4.0970   4.3000   0.0000   0.0000   0.0000   0.0000   0.0000   0.0000   0.0000;
103:  0.2540   0.6050   0.8530   1.1000   1.3510   1.6310   1.8910   2.2360   2.4800   2.7110   2.9430   3.3630   3.6060   3.8770   4.1000   4.3040   0.0000   0.0000   0.0000   0.0000   0.0000   0.0000   0.0000;
104:  0.2540   0.6050   0.8530   1.1000   1.3510   1.6320   1.8910   2.2360   2.4800   2.7120   2.9440   3.3620   3.6070   3.8760   4.1020   4.3080   0.0000   0.0000   0.0000   0.0000   0.0000   0.0000   0.0000;
105:  0.2540   0.6050   0.8530   1.1000   1.3500   1.6330   1.8900   2.2360   2.4800   2.7130   2.9440   3.3620   3.6090   3.8760   4.1050   4.3120   0.0000   0.0000   0.0000   0.0000   0.0000   0.0000   0.0000;
106:  0.2540   0.6050   0.8530   1.1000   1.3500   1.6330   1.8900   2.2350   2.4800   2.7130   2.9450   3.3600   3.6100   3.8760   4.1070   4.3160   0.0000   0.0000   0.0000   0.0000   0.0000   0.0000   0.0000;
107:  0.2530   0.6050   0.8530   1.0990   1.3500   1.6340   1.8900   2.2350   2.4790   2.7140   2.9450   3.3600   3.6110   3.8760   4.1100   4.3200   0.0000   0.0000   0.0000   0.0000   0.0000   0.0000   0.0000;
108:  0.2530   0.6050   0.8530   1.0990   1.3490   1.6340   1.8890   2.2350   2.4790   2.7150   2.9450   3.3590   3.6120   3.8770   4.1130   4.3250   0.0000   0.0000   0.0000   0.0000   0.0000   0.0000   0.0000;
109:  0.2530   0.6050   0.8530   1.0990   1.3490   1.6350   1.8890   2.2350   2.4790   2.7150   2.9460   3.3580   3.6140   3.8780   4.1160   4.3300   0.0000   0.0000   0.0000   0.0000   0.0000   0.0000   0.0000;
110:  0.2530   0.6050   0.8520   1.0980   1.3490   1.6360   1.8890   2.2360   2.4790   2.7160   2.9460   3.3570   3.6150   3.8780   4.1200   4.3350   0.0000   0.0000   0.0000   0.0000   0.0000   0.0000   0.0000;
111:  0.2530   0.6050   0.8520   1.0980   1.3480   1.6360   1.8890   2.2360   2.4790   2.7160   2.9470   3.3560   3.6160   3.8790   4.1230   4.3400   0.0000   0.0000   0.0000   0.0000   0.0000   0.0000   0.0000;
112:  0.2520   0.6050   0.8520   1.0970   1.3480   1.6370   1.8880   2.2360   2.4780   2.7160   2.9470   3.3550   3.6170   3.8800   4.1260   4.3450   0.0000   0.0000   0.0000   0.0000   0.0000   0.0000   0.0000;
113:  0.2520   0.6050   0.8510   1.0960   1.3470   1.6370   1.8880   2.2360   2.4780   2.7170   2.9480   3.3540   3.6180   3.8820   4.1290   4.3510   0.0000   0.0000   0.0000   0.0000   0.0000   0.0000   0.0000;
114:  0.2520   0.6050   0.8510   1.0960   1.3470   1.6380   1.8870   2.2370   2.4780   2.7170   2.9480   3.3530   3.6180   3.8830   4.1330   4.3560   0.0000   0.0000   0.0000   0.0000   0.0000   0.0000   0.0000;
115:  0.2510   0.6040   0.8510   1.0950   1.3460   1.6380   1.8870   2.2380   2.4780   2.7170   2.9490   3.3520   3.6190   3.8840   4.1360   4.3610   0.0000   0.0000   0.0000   0.0000   0.0000   0.0000   0.0000;
116:  0.2510   0.6040   0.8500   1.0950   1.3460   1.6390   1.8870   2.2380   2.4780   2.7170   2.9490   3.3510   3.6190   3.8860   4.1390   4.3670   0.0000   0.0000   0.0000   0.0000   0.0000   0.0000   0.0000;
117:  0.2510   0.6040   0.8500   1.0940   1.3450   1.6390   1.8870   2.2390   2.4780   2.7170   2.9500   3.3500   3.6190   3.8870   4.1420   4.3720   4.5280   0.0000   0.0000   0.0000   0.0000   0.0000   0.0000;
118:  0.2510   0.6040   0.8500   1.0930   1.3450   1.6400   1.8860   2.2390   2.4780   2.7170   2.9500   3.3500   3.6190   3.8890   4.1450   4.3770   4.5300   0.0000   0.0000   0.0000   0.0000   0.0000   0.0000;
119:  0.2500   0.6030   0.8490   1.0930   1.3440   1.6400   1.8860   2.2400   2.4780   2.7170   2.9510   3.3490   3.6180   3.8900   4.1470   4.3830   4.5330   0.0000   0.0000   0.0000   0.0000   0.0000   0.0000;
120:  0.2500   0.6030   0.8490   1.0920   1.3440   1.6400   1.8860   2.2400   2.4780   2.7160   2.9510   3.3480   3.6180   3.8910   4.1500   4.3880   4.5370   0.0000   0.0000   0.0000   0.0000   0.0000   0.0000;
121:  0.2490   0.6020   0.8480   1.0910   1.3440   1.6410   1.8860   2.2410   2.4780   2.7160   2.9520   3.3470   3.6170   3.8920   4.1520   4.3930   4.5410   0.0000   0.0000   0.0000   0.0000   0.0000   0.0000;
122:  0.2490   0.6020   0.8480   1.0910   1.3430   1.6410   1.8860   2.2420   2.4780   2.7150   2.9520   3.3470   3.6160   3.8930   4.1550   4.3980   4.5450   0.0000   0.0000   0.0000   0.0000   0.0000   0.0000;
123:  0.2490   0.6020   0.8480   1.0900   1.3430   1.6410   1.8860   2.2420   2.4790   2.7150   2.9530   3.3460   3.6150   3.8940   4.1570   4.4030   4.5500   0.0000   0.0000   0.0000   0.0000   0.0000   0.0000;
124:  0.2480   0.6010   0.8470   1.0890   1.3430   1.6410   1.8860   2.2420   2.4790   2.7140   2.9530   3.3450   3.6130   3.8950   4.1580   4.4080   4.5550   0.0000   0.0000   0.0000   0.0000   0.0000   0.0000;
125:  0.2480   0.6010   0.8470   1.0890   1.3430   1.6410   1.8860   2.2430   2.4790   2.7140   2.9530   3.3450   3.6110   3.8950   4.1600   4.4130   4.5610   0.0000   0.0000   0.0000   0.0000   0.0000   0.0000;
126:  0.2470   0.6000   0.8470   1.0890   1.3420   1.6410   1.8860   2.2430   2.4790   2.7130   2.9540   3.3440   3.6090   3.8950   4.1620   4.4180   4.5670   0.0000   0.0000   0.0000   0.0000   0.0000   0.0000;
127:  0.2470   0.6000   0.8460   1.0880   1.3420   1.6410   1.8860   2.2440   2.4790   2.7130   2.9540   3.3430   3.6070   3.8950   4.1630   4.4220   4.5730   0.0000   0.0000   0.0000   0.0000   0.0000   0.0000;
128:  0.2470   0.6000   0.8460   1.0880   1.3420   1.6410   1.8860   2.2440   2.4800   2.7120   2.9550   3.3420   3.6040   3.8950   4.1640   4.4260   4.5790   0.0000   0.0000   0.0000   0.0000   0.0000   0.0000;
129:  0.2460   0.6000   0.8460   1.0880   1.3420   1.6410   1.8860   2.2440   2.4800   2.7110   2.9550   3.3420   3.6020   3.8940   4.1640   4.4300   4.5860   0.0000   0.0000   0.0000   0.0000   0.0000   0.0000;
130:  0.2460   0.5990   0.8460   1.0870   1.3420   1.6400   1.8860   2.2440   2.4800   2.7110   2.9550   3.3410   3.5990   3.8930   4.1650   4.4340   4.5930   0.0000   0.0000   0.0000   0.0000   0.0000   0.0000;
131:  0.2460   0.5990   0.8450   1.0870   1.3420   1.6400   1.8860   2.2440   2.4800   2.7100   2.9550   3.3400   3.5960   3.8910   4.1650   4.4370   4.6000   0.0000   0.0000   0.0000   0.0000   0.0000   0.0000;
132:  0.2460   0.5990   0.8450   1.0870   1.3420   1.6400   1.8870   2.2440   2.4800   2.7100   2.9560   3.3390   3.5930   3.8890   4.1650   4.4400   4.6070   4.8620   4.9580   0.0000   0.0000   0.0000   0.0000;
133:  0.2450   0.5990   0.8450   1.0870   1.3420   1.6390   1.8870   2.2440   2.4810   2.7090   2.9560   3.3380   3.5900   3.8870   4.1650   4.4430   4.6150   4.8640   4.9610   0.0000   0.0000   0.0000   0.0000;
134:  0.2450   0.5990   0.8450   1.0880   1.3420   1.6390   1.8870   2.2430   2.4810   2.7090   2.9560   3.3370   3.5870   3.8850   4.1640   4.4460   4.6220   4.8660   4.9650   0.0000   0.0000   0.0000   0.0000;
135:  0.2450   0.5980   0.8460   1.0880   1.3420   1.6380   1.8870   2.2430   2.4810   2.7080   2.9560   3.3360   3.5840   3.8820   4.1640   4.4480   4.6290   4.8690   4.9690   0.0000   0.0000   0.0000   0.0000;
136:  0.2450   0.5980   0.8460   1.0880   1.3430   1.6380   1.8870   2.2430   2.4820   2.7080   2.9560   3.3350   3.5810   3.8790   4.1630   4.4500   4.6360   4.8710   4.9740   0.0000   0.0000   0.0000   0.0000;
137:  0.2450   0.5990   0.8460   1.0890   1.3430   1.6370   1.8870   2.2420   2.4820   2.7080   2.9570   3.3340   3.5780   3.8760   4.1620   4.4520   4.6420   4.8740   4.9790   0.0000   0.0000   0.0000   0.0000;
138:  0.2450   0.5990   0.8460   1.0890   1.3430   1.6360   1.8880   2.2420   2.4820   2.7080   2.9570   3.3330   3.5750   3.8720   4.1600   4.4540   4.6490   4.8780   4.9850   0.0000   0.0000   0.0000   0.0000;
139:  0.2450   0.5990   0.8470   1.0890   1.3430   1.6360   1.8880   2.2410   2.4820   2.7080   2.9570   3.3310   3.5720   3.8680   4.1590   4.4550   4.6550   4.8810   4.9920   0.0000   0.0000   0.0000   0.0000;
140:  0.2450   0.5990   0.8470   1.0900   1.3440   1.6350   1.8880   2.2410   2.4830   2.7080   2.9570   3.3300   3.5690   3.8640   4.1580   4.4560   4.6610   4.8850   5.0000   0.0000   0.0000   0.0000   0.0000;
141:  0.2450   0.5990   0.8470   1.0900   1.3440   1.6350   1.8880   2.2400   2.4830   2.7090   2.9570   3.3290   3.5670   3.8600   4.1560   4.4560   4.6670   4.8880   5.0070   0.0000   0.0000   0.0000   0.0000;
142:  0.2450   0.6000   0.8480   1.0910   1.3440   1.6340   1.8880   2.2400   2.4830   2.7090   2.9570   3.3270   3.5640   3.8560   4.1540   4.4560   4.6720   4.8920   5.0160   0.0000   0.0000   0.0000   0.0000;
143:  0.2450   0.6000   0.8480   1.0910   1.3440   1.6330   1.8880   2.2390   2.4840   2.7100   2.9570   3.3260   3.5620   3.8520   4.1530   4.4560   4.6770   4.8960   5.0250   0.0000   0.0000   0.0000   0.0000;
144:  0.2450   0.6000   0.8490   1.0920   1.3440   1.6330   1.8880   2.2390   2.4840   2.7100   2.9570   3.3250   3.5600   3.8480   4.1510   4.4560   4.6820   4.9000   5.0340   0.0000   0.0000   0.0000   0.0000;
145:  0.2450   0.6010   0.8490   1.0920   1.3440   1.6320   1.8880   2.2380   2.4840   2.7110   2.9570   3.3240   3.5580   3.8440   4.1490   4.4560   4.6860   4.9040   5.0440   0.0000   0.0000   0.0000   0.0000;
146:  0.2450   0.6010   0.8500   1.0930   1.3440   1.6310   1.8880   2.2380   2.4840   2.7120   2.9570   3.3220   3.5570   3.8400   4.1470   4.4550   4.6890   4.9070   5.0530   0.0000   0.0000   0.0000   0.0000;
147:  0.2440   0.6010   0.8510   1.0930   1.3440   1.6310   1.8880   2.2370   2.4850   2.7130   2.9570   3.3210   3.5560   3.8360   4.1450   4.4540   4.6930   4.9110   5.0640   0.0000   0.0000   0.0000   0.0000;
148:  0.2440   0.6020   0.8510   1.0940   1.3440   1.6300   1.8870   2.2370   2.4850   2.7130   2.9570   3.3200   3.5550   3.8320   4.1440   4.4530   4.6960   4.9150   5.0740   0.0000   0.0000   0.0000   0.0000;
149:  0.2440   0.6020   0.8520   1.0940   1.3440   1.6300   1.8870   2.2360   2.4850   2.7140   2.9580   3.3190   3.5540   3.8280   4.1420   4.4520   4.6980   4.9180   5.0850   0.0000   0.0000   0.0000   0.0000;
150:  0.2440   0.6030   0.8520   1.0940   1.3440   1.6290   1.8870   2.2360   2.4850   2.7150   2.9580   3.3180   3.5540   3.8250   4.1400   4.4510   4.7000   4.9220   5.0950   0.0000   0.0000   0.0000   0.0000;
151:  0.2440   0.6030   0.8530   1.0950   1.3440   1.6280   1.8860   2.2360   2.4850   2.7160   2.9580   3.3170   3.5540   3.8210   4.1380   4.4490   4.7020   4.9250   5.1060   5.3950   0.0000   0.0000   0.0000;
152:  0.2440   0.6040   0.8540   1.0950   1.3430   1.6280   1.8860   2.2360   2.4860   2.7170   2.9580   3.3160   3.5540   3.8180   4.1370   4.4470   4.7040   4.9280   5.1170   5.4090   0.0000   0.0000   0.0000;
153:  0.2430   0.6040   0.8540   1.0950   1.3430   1.6270   1.8850   2.2350   2.4860   2.7180   2.9580   3.3150   3.5540   3.8160   4.1350   4.4460   4.7050   4.9310   5.1280   5.4220   0.0000   0.0000   0.0000;
154:  0.2430   0.6040   0.8550   1.0950   1.3430   1.6270   1.8840   2.2350   2.4860   2.7190   2.9580   3.3150   3.5550   3.8130   4.1340   4.4440   4.7060   4.9330   5.1380   5.4340   0.0000   0.0000   0.0000;
155:  0.2420   0.6050   0.8550   1.0950   1.3420   1.6260   1.8840   2.2350   2.4860   2.7200   2.9580   3.3140   3.5560   3.8110   4.1320   4.4420   4.7060   4.9350   5.1480   5.4440   0.0000   0.0000   0.0000;
156:  0.2420   0.6050   0.8560   1.0950   1.3420   1.6260   1.8830   2.2350   2.4860   2.7210   2.9590   3.3140   3.5560   3.8090   4.1310   4.4410   4.7070   4.9370   5.1580   5.4530   0.0000   0.0000   0.0000;
157:  0.2410   0.6050   0.8560   1.0950   1.3410   1.6250   1.8820   2.2350   2.4860   2.7220   2.9590   3.3130   3.5580   3.8080   4.1300   4.4390   4.7070   4.9390   5.1680   5.4600   0.0000   0.0000   0.0000;
158:  0.2410   0.6050   0.8560   1.0950   1.3400   1.6250   1.8810   2.2350   2.4860   2.7230   2.9600   3.3130   3.5590   3.8070   4.1290   4.4370   4.7080   4.9400   5.1780   5.4660   0.0000   0.0000   0.0000;
159:  0.2400   0.6060   0.8570   1.0950   1.3400   1.6250   1.8800   2.2360   2.4860   2.7230   2.9600   3.3130   3.5600   3.8060   4.1280   4.4360   4.7080   4.9420   5.1860   5.4730   0.0000   0.0000   0.0000;
160:  0.2390   0.6060   0.8570   1.0950   1.3390   1.6240   1.8800   2.2360   2.4850   2.7240   2.9600   3.3130   3.5610   3.8050   4.1270   4.4350   4.7080   4.9430   5.1950   5.4800   0.0000   0.0000   0.0000;
161:  0.2390   0.6060   0.8580   1.0950   1.3380   1.6240   1.8780   2.2360   2.4850   2.7240   2.9610   3.3130   3.5630   3.8050   4.1260   4.4330   4.7080   4.9440   5.2030   5.4870   0.0000   0.0000   0.0000;
162:  0.2380   0.6060   0.8580   1.0950   1.3380   1.6240   1.8780   2.2360   2.4850   2.7250   2.9610   3.3130   3.5640   3.8050   4.1250   4.4320   4.7090   4.9440   5.2100   5.4970   0.0000   0.0000   0.0000;
163:  0.2370   0.6070   0.8580   1.0950   1.3370   1.6230   1.8760   2.2360   2.4850   2.7250   2.9620   3.3140   3.5650   3.8050   4.1250   4.4310   4.7090   4.9440   5.2170   5.5090   0.0000   0.0000   0.0000;
164:  0.2360   0.6070   0.8580   1.0940   1.3360   1.6230   1.8760   2.2370   2.4850   2.7250   2.9620   3.3140   3.5670   3.8060   4.1240   4.4300   4.7090   4.9450   5.2240   5.5220   0.0000   0.0000   0.0000;
165:  0.2360   0.6070   0.8580   1.0940   1.3350   1.6230   1.8750   2.2370   2.4840   2.7250   2.9630   3.3150   3.5680   3.8070   4.1240   4.4290   4.7100   4.9450   5.2290   5.5390   0.0000   0.0000   0.0000;
166:  0.2350   0.6070   0.8580   1.0930   1.3340   1.6220   1.8740   2.2370   2.4840   2.7250   2.9630   3.3150   3.5700   3.8080   4.1240   4.4280   4.7110   4.9440   5.2340   5.5580   0.0000   0.0000   0.0000;
167:  0.2340   0.6070   0.8580   1.0930   1.3330   1.6220   1.8730   2.2380   2.4840   2.7250   2.9640   3.3150   3.5710   3.8100   4.1230   4.4280   4.7110   4.9440   5.2390   5.5790   0.0000   0.0000   0.0000;
168:  0.2330   0.6070   0.8580   1.0930   1.3330   1.6220   1.8720   2.2380   2.4830   2.7250   2.9640   3.3160   3.5720   3.8110   4.1230   4.4270   4.7130   4.9440   0.0000   0.0000   0.0000   0.0000   0.0000;
169:  0.2330   0.6070   0.8580   1.0920   1.3320   1.6220   1.8710   2.2380   2.4830   2.7250   2.9650   3.3160   3.5730   3.8130   4.1220   4.4270   4.7140   4.9430   0.0000   0.0000   0.0000   0.0000   0.0000;
170:  0.2320   0.6070   0.8580   1.0920   1.3310   1.6210   1.8700   2.2380   2.4820   2.7250   2.9650   3.3170   3.5740   3.8150   4.1220   4.4270   4.7150   0.0000   0.0000   0.0000   0.0000   0.0000   0.0000;
171:  0.2310   0.6070   0.8580   1.0910   1.3300   1.6210   1.8690   2.2390   2.4820   2.7240   2.9660   3.3170   3.5750   3.8160   4.1220   4.4260   4.7160   0.0000   0.0000   0.0000   0.0000   0.0000   0.0000;
172:  0.2310   0.6070   0.8580   1.0910   1.3300   1.6210   1.8690   2.2390   2.4810   2.7240   2.9660   3.3180   3.5750   3.8180   4.1220   4.4260   4.7170   0.0000   0.0000   0.0000   0.0000   0.0000   0.0000;
173:  0.2300   0.6070   0.8580   1.0910   1.3290   1.6200   1.8680   2.2390   2.4800   2.7230   2.9670   3.3180   3.5760   3.8200   4.1220   4.4260   4.7190   0.0000   0.0000   0.0000   0.0000   0.0000   0.0000;
174:  0.2290   0.6080   0.8580   1.0900   1.3290   1.6200   1.8670   2.2390   2.4800   2.7220   2.9670   3.3180   3.5760   3.8220   4.1210   4.4260   4.7200   0.0000   0.0000   0.0000   0.0000   0.0000   0.0000;
175:  0.2290   0.6080   0.8570   1.0900   1.3280   1.6200   1.8660   2.2390   2.4790   2.7220   2.9670   3.3190   3.5760   3.8240   4.1210   4.4260   4.7220   0.0000   0.0000   0.0000   0.0000   0.0000   0.0000;
176:  0.2290   0.6080   0.8570   1.0900   1.3270   1.6200   1.8660   2.2380   2.4780   2.7210   2.9680   3.3190   3.5760   3.8260   4.1200   4.4260   4.7230   0.0000   0.0000   0.0000   0.0000   0.0000   0.0000;
177:  0.2280   0.6080   0.8570   1.0890   1.3270   1.6200   1.8650   2.2380   2.4780   2.7200   2.9680   3.3190   3.5760   3.8280   4.1200   4.4260   4.7250   0.0000   0.0000   0.0000   0.0000   0.0000   0.0000;
178:  0.2280   0.6090   0.8570   1.0890   1.3270   1.6200   1.8650   2.2380   2.4770   2.7190   2.9680   3.3190   3.5760   3.8290   4.1200   4.4250   4.7260   0.0000   0.0000   0.0000   0.0000   0.0000   0.0000;
179:  0.2280   0.6090   0.8570   1.0890   1.3270   1.6190   1.8650   2.2370   2.4770   2.7180   2.9680   3.3190   3.5760   3.8310   4.1190   4.4250   4.7270   0.0000   0.0000   0.0000   0.0000   0.0000   0.0000;
180:  0.2280   0.6090   0.8560   1.0890   1.3260   1.6190   1.8640   2.2370   2.4760   2.7170   2.9680   3.3190   3.5760   3.8320   4.1190   4.4250   4.7280   0.0000   0.0000   0.0000   0.0000   0.0000   0.0000;
181:  0.2280   0.6100   0.8560   1.0890   1.3260   1.6190   1.8640   2.2360   2.4750   2.7160   2.9680   3.3180   3.5750   3.8340   4.1180   4.4240   4.7290   0.0000   0.0000   0.0000   0.0000   0.0000   0.0000;
182:  0.2280   0.6100   0.8560   1.0890   1.3260   1.6190   1.8640   2.2360   2.4750   2.7150   2.9670   3.3180   3.5750   3.8350   4.1170   4.4240   4.7290   0.0000   0.0000   0.0000   0.0000   0.0000   0.0000;
183:  0.2280   0.6110   0.8560   1.0890   1.3260   1.6190   1.8640   2.2350   2.4740   2.7150   2.9670   3.3170   3.5740   3.8360   4.1170   4.4230   4.7290   0.0000   0.0000   0.0000   0.0000   0.0000   0.0000;
184:  0.2280   0.6110   0.8560   1.0890   1.3260   1.6180   1.8630   2.2340   2.4730   2.7140   2.9670   3.3170   3.5730   3.8370   4.1160   4.4220   4.7290   0.0000   0.0000   0.0000   0.0000   0.0000   0.0000;
185:  0.2280   0.6120   0.8560   1.0890   1.3260   1.6180   1.8630   2.2340   2.4730   2.7130   2.9660   3.3160   3.5730   3.8380   4.1150   4.4200   4.7280   0.0000   0.0000   0.0000   0.0000   0.0000   0.0000;
186:  0.2290   0.6120   0.8560   1.0890   1.3260   1.6180   1.8630   2.2330   2.4720   2.7120   2.9650   3.3150   3.5720   3.8380   4.1140   4.4190   4.7270   0.0000   0.0000   0.0000   0.0000   0.0000   0.0000;
187:  0.2290   0.6130   0.8560   1.0890   1.3260   1.6180   1.8630   2.2320   2.4710   2.7110   2.9650   3.3140   3.5710   3.8390   4.1130   4.4170   4.7260   0.0000   0.0000   0.0000   0.0000   0.0000   0.0000;
188:  0.2290   0.6130   0.8560   1.0890   1.3270   1.6180   1.8630   2.2310   2.4710   2.7100   2.9640   3.3130   3.5700   3.8390   4.1120   4.4150   4.7240   0.0000   0.0000   0.0000   0.0000   0.0000   0.0000;
189:  0.2300   0.6140   0.8560   1.0890   1.3270   1.6180   1.8630   2.2300   2.4700   2.7090   2.9630   3.3120   3.5700   3.8390   4.1110   4.4130   4.7220   0.0000   0.0000   0.0000   0.0000   0.0000   0.0000;
190:  0.2310   0.6150   0.8560   1.0890   1.3270   1.6170   1.8630   2.2290   2.4690   2.7090   2.9620   3.3110   3.5690   3.8390   4.1100   4.4110   4.7200   0.0000   0.0000   0.0000   0.0000   0.0000   0.0000;
191:  0.2310   0.6150   0.8560   1.0890   1.3270   1.6170   1.8630   2.2280   2.4690   2.7080   2.9610   3.3100   3.5680   3.8390   4.1090   4.4090   4.7170   0.0000   0.0000   0.0000   0.0000   0.0000   0.0000;
192:  0.2310   0.6160   0.8560   1.0890   1.3270   1.6170   1.8630   2.2270   2.4680   2.7070   2.9600   3.3090   3.5680   3.8390   4.1080   4.4060   4.7130   0.0000   0.0000   0.0000   0.0000   0.0000   0.0000;
193:  0.2320   0.6160   0.8560   1.0890   1.3280   1.6170   1.8630   2.2260   2.4670   2.7070   2.9590   3.3080   3.5670   3.8390   4.1070   4.4030   4.7090   0.0000   0.0000   0.0000   0.0000   0.0000   0.0000;
194:  0.2330   0.6170   0.8560   1.0890   1.3280   1.6160   1.8630   2.2250   2.4670   2.7060   2.9580   3.3070   3.5660   3.8390   4.1050   4.4000   4.7050   0.0000   0.0000   0.0000   0.0000   0.0000   0.0000;
195:  0.2330   0.6180   0.8560   1.0890   1.3280   1.6160   1.8630   2.2240   2.4660   2.7050   2.9560   3.3060   3.5660   3.8380   4.1040   4.3960   4.7010   0.0000   0.0000   0.0000   0.0000   0.0000   0.0000;
196:  0.2340   0.6180   0.8560   1.0890   1.3280   1.6160   1.8630   2.2230   2.4650   2.7050   2.9550   3.3050   3.5650   3.8380   4.1030   4.3930   4.6960   0.0000   0.0000   0.0000   0.0000   0.0000   0.0000;
197:  0.2340   0.6180   0.8560   1.0890   1.3280   1.6160   1.8630   2.2220   2.4650   2.7040   2.9540   3.3040   3.5650   3.8370   4.1020   4.3900   4.6910   0.0000   0.0000   0.0000   0.0000   0.0000   0.0000;
198:  0.2340   0.6190   0.8560   1.0890   1.3290   1.6150   1.8630   2.2210   2.4640   2.7040   2.9530   3.3040   3.5650   3.8370   4.1000   4.3860   4.6850   0.0000   0.0000   0.0000   0.0000   0.0000   0.0000;
199:  0.2350   0.6190   0.8560   1.0890   1.3290   1.6150   1.8630   2.2200   2.4640   2.7030   2.9510   3.3030   3.5640   3.8360   4.0990   4.3820   4.6800   0.0000   0.0000   0.0000   0.0000   0.0000   0.0000;
200:  0.2350   0.6200   0.8560   1.0890   1.3290   1.6150   1.8630   2.2190   2.4630   2.7020   2.9500   3.3020   3.5640   3.8360   4.0980   4.3790   4.6740   0.0000   0.0000   0.0000   0.0000   0.0000   0.0000;
201:  0.2350   0.6200   0.8560   1.0890   1.3290   1.6140   1.8620   2.2180   2.4620   2.7020   2.9490   3.3020   3.5630   3.8350   4.0960   4.3750   4.6680   0.0000   0.0000   0.0000   0.0000   0.0000   0.0000;
202:  0.2360   0.6200   0.8560   1.0890   1.3290   1.6140   1.8620   2.2180   2.4620   2.7010   2.9470   3.3010   3.5630   3.8340   4.0950   4.3710   4.6620   0.0000   0.0000   0.0000   0.0000   0.0000   0.0000;
203:  0.2360   0.6200   0.8560   1.0890   1.3290   1.6140   1.8620   2.2170   2.4610   2.7010   2.9460   3.3010   3.5630   3.8340   4.0940   4.3670   4.6560   0.0000   0.0000   0.0000   0.0000   0.0000   0.0000;
204:  0.2360   0.6210   0.8570   1.0890   1.3280   1.6130   1.8620   2.2160   2.4600   2.7000   2.9450   3.3000   3.5620   3.8330   4.0930   4.3640   4.6500   0.0000   0.0000   0.0000   0.0000   0.0000   0.0000;
205:  0.2360   0.6210   0.8570   1.0890   1.3280   1.6130   1.8610   2.2160   2.4600   2.6990   2.9440   3.3000   3.5620   3.8320   4.0910   4.3600   4.6450   0.0000   0.0000   0.0000   0.0000   0.0000   0.0000;
206:  0.2360   0.6210   0.8570   1.0890   1.3280   1.6120   1.8610   2.2150   2.4590   2.6990   2.9430   3.3000   3.5610   3.8310   4.0900   4.3570   4.6390   0.0000   0.0000   0.0000   0.0000   0.0000   0.0000;
207:  0.2360   0.6200   0.8570   1.0880   1.3280   1.6120   1.8610   2.2150   2.4590   2.6980   2.9420   3.3000   3.5610   3.8310   4.0890   4.3530   4.6330   0.0000   0.0000   0.0000   0.0000   0.0000   0.0000;
208:  0.2360   0.6200   0.8570   1.0880   1.3270   1.6110   1.8600   2.2150   2.4580   2.6980   2.9410   3.3010   3.5600   3.8300   4.0870   4.3500   4.6280   0.0000   0.0000   0.0000   0.0000   0.0000   0.0000;
209:  0.2360   0.6200   0.8570   1.0880   1.3270   1.6110   1.8600   2.2140   2.4580   2.6970   2.9400   3.3010   3.5600   3.8290   4.0860   4.3470   4.6220   0.0000   0.0000   0.0000   0.0000   0.0000   0.0000;
210:  0.2350   0.6200   0.8570   1.0880   1.3270   1.6110   1.8590   2.2140   2.4570   2.6960   2.9390   3.3010   3.5590   3.8280   4.0840   4.3440   4.6170   0.0000   0.0000   0.0000   0.0000   0.0000   0.0000;
211:  0.2350   0.6200   0.8570   1.0880   1.3270   1.6100   1.8590   2.2140   2.4570   2.6950   2.9380   3.3020   3.5580   3.8270   4.0830   4.3400   4.6130   0.0000   0.0000   0.0000   0.0000   0.0000   0.0000;
212:  0.2350   0.6190   0.8570   1.0870   1.3260   1.6100   1.8580   2.2130   2.4560   2.6950   2.9370   3.3020   3.5570   3.8270   4.0820   4.3380   4.6080   0.0000   0.0000   0.0000   0.0000   0.0000   0.0000;
213:  0.2350   0.6190   0.8570   1.0870   1.3260   1.6090   1.8580   2.2130   2.4560   2.6940   2.9360   3.3020   3.5560   3.8260   4.0800   4.3350   4.6040   0.0000   0.0000   0.0000   0.0000   0.0000   0.0000;
214:  0.2340   0.6190   0.8570   1.0870   1.3250   1.6090   1.8580   2.2130   2.4550   2.6930   2.9350   3.3030   3.5560   3.8250   4.0780   4.3330   4.6000   0.0000   0.0000   0.0000   0.0000   0.0000   0.0000;
215:  0.2340   0.6180   0.8570   1.0870   1.3250   1.6080   1.8570   2.2130   2.4550   2.6930   2.9350   3.3040   3.5550   3.8240   4.0770   4.3300   4.5960   0.0000   0.0000   0.0000   0.0000   0.0000   0.0000;
216:  0.2340   0.6180   0.8570   1.0870   1.3250   1.6080   1.8570   2.2130   2.4540   2.6920   2.9340   3.3040   3.5530   3.8230   4.0750   4.3280   4.5920   0.0000   0.0000   0.0000   0.0000   0.0000   0.0000;
217:  0.2330   0.6170   0.8570   1.0870   1.3240   1.6070   1.8560   2.2130   2.4540   2.6910   2.9330   3.3050   3.5520   3.8220   4.0740   4.3250   4.5890   0.0000   0.0000   0.0000   0.0000   0.0000   0.0000;
218:  0.2330   0.6170   0.8570   1.0860   1.3240   1.6070   1.8560   2.2130   2.4530   2.6900   2.9330   3.3050   3.5510   3.8200   4.0720   4.3230   4.5860   4.8450   0.0000   0.0000   0.0000   0.0000   0.0000;
219:  0.2330   0.6160   0.8570   1.0860   1.3240   1.6070   1.8550   2.2120   2.4530   2.6900   2.9320   3.3060   3.5500   3.8190   4.0700   4.3210   4.5830   4.8440   0.0000   0.0000   0.0000   0.0000   0.0000;
220:  0.2330   0.6160   0.8570   1.0860   1.3230   1.6060   1.8550   2.2120   2.4520   2.6890   2.9310   3.3060   3.5490   3.8180   4.0680   4.3190   4.5800   4.8420   0.0000   0.0000   0.0000   0.0000   0.0000;
221:  0.2330   0.6150   0.8580   1.0860   1.3230   1.6060   1.8550   2.2120   2.4520   2.6880   2.9310   3.3060   3.5470   3.8160   4.0660   4.3170   4.5780   4.8400   5.1490   0.0000   0.0000   0.0000   0.0000;
222:  0.2330   0.6150   0.8580   1.0860   1.3230   1.6060   1.8540   2.2120   2.4510   2.6880   2.9300   3.3070   3.5460   3.8150   4.0640   4.3160   4.5750   4.8380   5.1440   0.0000   0.0000   0.0000   0.0000;
223:  0.2330   0.6140   0.8580   1.0860   1.3230   1.6050   1.8540   2.2120   2.4510   2.6870   2.9300   3.3070   3.5450   3.8130   4.0620   4.3140   4.5730   4.8360   5.1380   0.0000   0.0000   0.0000   0.0000;
224:  0.2330   0.6140   0.8580   1.0860   1.3230   1.6050   1.8530   2.2110   2.4510   2.6860   2.9290   3.3070   3.5430   3.8110   4.0600   4.3120   4.5710   4.8340   5.1320   0.0000   0.0000   0.0000   0.0000;
225:  0.2330   0.6130   0.8580   1.0860   1.3230   1.6050   1.8530   2.2110   2.4500   2.6860   2.9290   3.3070   3.5420   3.8100   4.0580   4.3100   4.5680   4.8320   5.1260   0.0000   0.0000   0.0000   0.0000;
226:  0.2330   0.6130   0.8580   1.0860   1.3230   1.6050   1.8530   2.2110   2.4500   2.6850   2.9280   3.3070   3.5410   3.8080   4.0560   4.3080   4.5660   4.8300   5.1190   0.0000   0.0000   0.0000   0.0000;
227:  0.2330   0.6130   0.8580   1.0860   1.3230   1.6050   1.8520   2.2110   2.4490   2.6850   2.9280   3.3070   3.5390   3.8060   4.0540   4.3060   4.5640   4.8280   5.1120   0.0000   0.0000   0.0000   0.0000;
228:  0.2330   0.6120   0.8580   1.0860   1.3230   1.6050   1.8520   2.2100   2.4490   2.6840   2.9270   3.3070   3.5380   3.8050   4.0520   4.3040   4.5620   4.8250   5.1050   0.0000   0.0000   0.0000   0.0000;
229:  0.2330   0.6120   0.8580   1.0860   1.3230   1.6050   1.8520   2.2100   2.4490   2.6840   2.9270   3.3070   3.5370   3.8030   4.0490   4.3020   4.5590   4.8230   5.0970   0.0000   0.0000   0.0000   0.0000;
230:  0.2340   0.6120   0.8590   1.0860   1.3230   1.6050   1.8520   2.2090   2.4490   2.6840   2.9260   3.3060   3.5360   3.8010   4.0470   4.3000   4.5570   4.8210   5.0890   0.0000   0.0000   0.0000   0.0000;
231:  0.2340   0.6110   0.8590   1.0860   1.3230   1.6050   1.8520   2.2090   2.4480   2.6830   2.9260   3.3060   3.5350   3.7990   4.0450   4.2970   4.5540   4.8180   5.0810   0.0000   0.0000   0.0000   0.0000;
232:  0.2350   0.6110   0.8590   1.0860   1.3240   1.6050   1.8510   2.2080   2.4480   2.6830   2.9250   3.3050   3.5340   3.7970   4.0430   4.2950   4.5510   4.8160   5.0720   0.0000   0.0000   0.0000   0.0000;
233:  0.2350   0.6110   0.8590   1.0860   1.3240   1.6050   1.8510   2.2080   2.4470   2.6830   2.9250   3.3050   3.5330   3.7960   4.0400   4.2930   4.5490   4.8130   5.0640   0.0000   0.0000   0.0000   0.0000;
234:  0.2360   0.6110   0.8590   1.0860   1.3240   1.6050   1.8510   2.2070   2.4470   2.6820   2.9250   3.3040   3.5330   3.7940   4.0380   4.2900   4.5460   4.8110   5.0550   0.0000   0.0000   0.0000   0.0000;
235:  0.2360   0.6100   0.8590   1.0860   1.3250   1.6050   1.8510   2.2070   2.4470   2.6820   2.9240   3.3040   3.5320   3.7920   4.0360   4.2870   4.5430   4.8080   5.0470   0.0000   0.0000   0.0000   0.0000;
236:  0.2370   0.6100   0.8600   1.0870   1.3250   1.6050   1.8510   2.2060   2.4470   2.6820   2.9240   3.3030   3.5320   3.7910   4.0340   4.2850   4.5400   4.8050   5.0380   0.0000   0.0000   0.0000   0.0000;
237:  0.2370   0.6100   0.8600   1.0870   1.3250   1.6050   1.8510   2.2060   2.4460   2.6820   2.9240   3.3020   3.5310   3.7890   4.0320   4.2820   4.5370   4.8020   5.0300   0.0000   0.0000   0.0000   0.0000;
238:  0.2380   0.6100   0.8600   1.0870   1.3260   1.6060   1.8510   2.2050   2.4460   2.6820   2.9230   3.3020   3.5310   3.7870   4.0300   4.2790   4.5340   4.7990   5.0220   0.0000   0.0000   0.0000   0.0000;
239:  0.2390   0.6100   0.8600   1.0870   1.3270   1.6060   1.8510   2.2040   2.4460   2.6820   2.9230   3.3010   3.5310   3.7860   4.0280   4.2760   4.5310   4.7960   5.0140   0.0000   0.0000   0.0000   0.0000;
240:  0.2390   0.6090   0.8600   1.0870   1.3270   1.6060   1.8510   2.2040   2.4460   2.6820   2.9230   3.3000   3.5310   3.7840   4.0270   4.2740   4.5270   4.7930   5.0070   0.0000   0.0000   0.0000   0.0000;
241:  0.2400   0.6090   0.8600   1.0870   1.3270   1.6060   1.8510   2.2030   2.4450   2.6810   2.9220   3.3000   3.5310   3.7830   4.0250   4.2710   4.5240   4.7890   5.0000   0.0000   0.0000   0.0000   0.0000;
242:  0.2410   0.6090   0.8600   1.0870   1.3280   1.6070   1.8510   2.2030   2.4450   2.6810   2.9220   3.2990   3.5310   3.7820   4.0240   4.2680   4.5220   4.7860   4.9930   0.0000   0.0000   0.0000   0.0000;
243:  0.2410   0.6090   0.8600   1.0870   1.3280   1.6070   1.8510   2.2020   2.4450   2.6810   2.9220   3.2980   3.5310   3.7800   4.0220   4.2660   4.5190   4.7840   4.9870   0.0000   0.0000   0.0000   0.0000;
244:  0.2420   0.6090   0.8590   1.0870   1.3290   1.6070   1.8510   2.2020   2.4450   2.6810   2.9220   3.2980   3.5310   3.7790   4.0210   4.2630   4.5160   4.7800   4.9820   0.0000   0.0000   0.0000   0.0000;
245:  0.2420   0.6090   0.8590   1.0870   1.3290   1.6070   1.8510   2.2010   2.4450   2.6810   2.9220   3.2970   3.5320   3.7780   4.0200   4.2610   4.5140   4.7780   4.9770   0.0000   0.0000   0.0000   0.0000;
246:  0.2430   0.6080   0.8590   1.0870   1.3300   1.6080   1.8510   2.2010   2.4440   2.6810   2.9210   3.2970   3.5320   3.7770   4.0190   4.2580   4.5120   4.7750   4.9720   0.0000   0.0000   0.0000   0.0000;
247:  0.2440   0.6080   0.8590   1.0870   1.3300   1.6080   1.8510   2.2000   2.4440   2.6810   2.9210   3.2960   3.5320   3.7760   4.0180   4.2560   4.5100   4.7730   4.9690   0.0000   0.0000   0.0000   0.0000;
248:  0.2440   0.6080   0.8580   1.0870   1.3300   1.6080   1.8510   2.2000   2.4440   2.6800   2.9210   3.2960   3.5330   3.7750   4.0170   4.2550   4.5080   4.7710   4.9660   0.0000   0.0000   0.0000   0.0000;
249:  0.2440   0.6080   0.8580   1.0870   1.3310   1.6090   1.8510   2.2000   2.4440   2.6800   2.9210   3.2960   3.5330   3.7750   4.0170   4.2530   4.5070   4.7680   4.9630   0.0000   0.0000   0.0000   0.0000;
250:  0.2450   0.6070   0.8580   1.0870   1.3310   1.6090   1.8510   2.2000   2.4440   2.6800   2.9210   3.2960   3.5330   3.7740   4.0160   4.2510   4.5060   4.7670   4.9620   0.0000   0.0000   0.0000   0.0000;
251:  0.2450   0.6070   0.8580   1.0870   1.3310   1.6090   1.8510   2.1990   2.4440   2.6800   2.9210   3.2960   3.5340   3.7730   4.0160   4.2500   4.5060   4.7650   4.9610   0.0000   0.0000   0.0000   0.0000;
252:  0.2450   0.6070   0.8570   1.0870   1.3310   1.6090   1.8510   2.1990   2.4430   2.6800   2.9220   3.2960   3.5340   3.7720   4.0160   4.2490   4.5060   4.7640   4.9610   0.0000   0.0000   0.0000   0.0000;
253:  0.2460   0.6070   0.8570   1.0870   1.3310   1.6090   1.8510   2.1990   2.4430   2.6800   2.9220   3.2960   3.5340   3.7720   4.0160   4.2490   4.5060   4.7630   4.9610   0.0000   0.0000   0.0000   0.0000;
254:  0.2460   0.6060   0.8560   1.0870   1.3310   1.6090   1.8510   2.1990   2.4430   2.6790   2.9220   3.2960   3.5340   3.7710   4.0160   4.2480   4.5070   4.7620   4.9620   0.0000   0.0000   0.0000   0.0000;
255:  0.2460   0.6060   0.8560   1.0870   1.3310   1.6100   1.8510   2.1990   2.4430   2.6790   2.9220   3.2960   3.5340   3.7700   4.0160   4.2480   4.5080   4.7620   4.9630   0.0000   0.0000   0.0000   0.0000;
256:  0.2460   0.6060   0.8550   1.0870   1.3310   1.6100   1.8510   2.1990   2.4430   2.6790   2.9220   3.2960   3.5350   3.7690   4.0160   4.2480   4.5100   4.7620   4.9650   0.0000   0.0000   0.0000   0.0000;
257:  0.2460   0.6050   0.8550   1.0870   1.3310   1.6100   1.8510   2.1990   2.4430   2.6780   2.9220   3.2960   3.5350   3.7690   4.0160   4.2490   4.5120   4.7620   4.9680   0.0000   0.0000   0.0000   0.0000;
258:  0.2470   0.6050   0.8540   1.0870   1.3310   1.6100   1.8510   2.1990   2.4430   2.6780   2.9230   3.2960   3.5350   3.7680   4.0160   4.2490   4.5140   4.7630   4.9710   0.0000   0.0000   0.0000   0.0000;
259:  0.2470   0.6050   0.8530   1.0860   1.3310   1.6100   1.8510   2.1990   2.4430   2.6780   2.9230   3.2960   3.5340   3.7670   4.0170   4.2500   4.5170   4.7640   4.9740   0.0000   0.0000   0.0000   0.0000;
260:  0.2470   0.6050   0.8530   1.0860   1.3310   1.6100   1.8510   2.2000   2.4430   2.6780   2.9230   3.2970   3.5340   3.7660   4.0170   4.2510   4.5200   4.7650   4.9770   0.0000   0.0000   0.0000   0.0000;
261:  0.2470   0.6040   0.8520   1.0860   1.3310   1.6110   1.8520   2.2000   2.4430   2.6780   2.9230   3.2970   3.5340   3.7650   4.0170   4.2520   4.5230   4.7660   4.9810   0.0000   0.0000   0.0000   0.0000;
262:  0.2470   0.6040   0.8520   1.0860   1.3310   1.6110   1.8520   2.2000   2.4430   2.6770   2.9230   3.2970   3.5340   3.7640   4.0180   4.2540   4.5260   4.7670   4.9850   0.0000   0.0000   0.0000   0.0000;
263:  0.2470   0.6040   0.8510   1.0860   1.3310   1.6110   1.8520   2.2000   2.4430   2.6770   2.9240   3.2970   3.5340   3.7630   4.0180   4.2550   4.5290   4.7690   4.9880   0.0000   0.0000   0.0000   0.0000;
264:  0.2470   0.6040   0.8510   1.0860   1.3300   1.6110   1.8520   2.2000   2.4430   2.6770   2.9240   3.2980   3.5330   3.7620   4.0180   4.2570   4.5330   4.7710   4.9920   0.0000   0.0000   0.0000   0.0000;
265:  0.2470   0.6040   0.8500   1.0850   1.3300   1.6110   1.8520   2.2010   2.4430   2.6770   2.9240   3.2980   3.5330   3.7610   4.0180   4.2580   4.5360   4.7730   4.9960   0.0000   0.0000   0.0000   0.0000;
266:  0.2470   0.6040   0.8500   1.0850   1.3300   1.6110   1.8530   2.2010   2.4430   2.6770   2.9240   3.2980   3.5330   3.7600   4.0180   4.2600   4.5400   4.7750   4.9990   0.0000   0.0000   0.0000   0.0000;
267:  0.2470   0.6040   0.8490   1.0850   1.3290   1.6110   1.8530   2.2010   2.4430   2.6770   2.9240   3.2980   3.5320   3.7590   4.0180   4.2620   4.5430   4.7770   5.0020   0.0000   0.0000   0.0000   0.0000;
268:  0.2480   0.6040   0.8490   1.0850   1.3290   1.6110   1.8530   2.2020   2.4430   2.6770   2.9240   3.2980   3.5320   3.7580   4.0180   4.2630   4.5450   4.7790   5.0050   0.0000   0.0000   0.0000   0.0000;
269:  0.2480   0.6040   0.8480   1.0850   1.3290   1.6110   1.8530   2.2020   2.4430   2.6770   2.9240   3.2980   3.5320   3.7560   4.0180   4.2650   4.5480   4.7810   5.0080   0.0000   0.0000   0.0000   0.0000;
270:  0.2480   0.6040   0.8480   1.0850   1.3290   1.6110   1.8540   2.2020   2.4440   2.6770   2.9240   3.2980   3.5320   3.7550   4.0180   4.2660   4.5500   4.7820   5.0100   0.0000   0.0000   0.0000   0.0000;
271:  0.2480   0.6040   0.8480   1.0840   1.3290   1.6110   1.8540   2.2030   2.4440   2.6770   2.9240   3.2980   3.5320   3.7540   4.0180   4.2670   4.5520   4.7840   5.0110   0.0000   0.0000   0.0000   0.0000;
272:  0.2490   0.6040   0.8470   1.0840   1.3280   1.6110   1.8540   2.2030   2.4440   2.6770   2.9240   3.2980   3.5310   3.7530   4.0170   4.2680   4.5530   4.7850   5.0120   0.0000   0.0000   0.0000   0.0000;
273:  0.2490   0.6040   0.8470   1.0840   1.3280   1.6110   1.8550   2.2030   2.4440   2.6770   2.9240   3.2970   3.5310   3.7520   4.0170   4.2690   4.5540   4.7870   5.0120   0.0000   0.0000   0.0000   0.0000;
274:  0.2490   0.6040   0.8470   1.0840   1.3280   1.6110   1.8550   2.2040   2.4450   2.6780   2.9230   3.2970   3.5310   3.7510   4.0160   4.2700   4.5540   4.7870   5.0120   0.0000   0.0000   0.0000   0.0000;
275:  0.2490   0.6040   0.8470   1.0840   1.3280   1.6110   1.8550   2.2040   2.4450   2.6780   2.9230   3.2970   3.5320   3.7500   4.0150   4.2700   4.5540   4.7880   5.0110   0.0000   0.0000   0.0000   0.0000;
276:  0.2500   0.6040   0.8460   1.0840   1.3280   1.6110   1.8550   2.2040   2.4450   2.6780   2.9230   3.2970   3.5320   3.7490   4.0150   4.2710   4.5530   4.7880   5.0090   0.0000   0.0000   0.0000   0.0000;
277:  0.2500   0.6050   0.8460   1.0830   1.3280   1.6110   1.8560   2.2050   2.4460   2.6790   2.9230   3.2960   3.5320   3.7480   4.0140   4.2710   4.5510   4.7880   5.0070   0.0000   0.0000   0.0000   0.0000;
278:  0.2500   0.6050   0.8460   1.0830   1.3270   1.6120   1.8560   2.2050   2.4460   2.6790   2.9230   3.2960   3.5330   3.7470   4.0130   4.2700   4.5490   4.7880   5.0040   0.0000   0.0000   0.0000   0.0000;
279:  0.2510   0.6050   0.8460   1.0830   1.3270   1.6120   1.8560   2.2050   2.4460   2.6800   2.9220   3.2960   3.5330   3.7470   4.0120   4.2690   4.5460   4.7870   5.0000   0.0000   0.0000   0.0000   0.0000;
280:  0.2510   0.6050   0.8460   1.0830   1.3270   1.6120   1.8560   2.2060   2.4470   2.6800   2.9220   3.2950   3.5330   3.7460   4.0110   4.2690   4.5430   4.7860   4.9960   0.0000   0.0000   0.0000   0.0000;
281:  0.2510   0.6050   0.8460   1.0820   1.3270   1.6120   1.8560   2.2060   2.4470   2.6810   2.9220   3.2950   3.5340   3.7460   4.0100   4.2670   4.5380   4.7850   4.9910   0.0000   0.0000   0.0000   0.0000;
282:  0.2510   0.6060   0.8460   1.0820   1.3270   1.6120   1.8570   2.2060   2.4480   2.6820   2.9220   3.2950   3.5350   3.7460   4.0090   4.2660   4.5340   4.7830   4.9860   0.0000   0.0000   0.0000   0.0000;
283:  0.2510   0.6060   0.8450   1.0820   1.3270   1.6120   1.8570   2.2070   2.4480   2.6820   2.9220   3.2950   3.5350   3.7460   4.0070   4.2640   4.5290   4.7810   4.9810   0.0000   0.0000   0.0000   0.0000;
284:  0.2520   0.6060   0.8450   1.0820   1.3270   1.6120   1.8570   2.2070   2.4490   2.6830   2.9220   3.2940   3.5360   3.7460   4.0060   4.2620   4.5230   4.7780   4.9750   0.0000   0.0000   0.0000   0.0000;
285:  0.2520   0.6060   0.8450   1.0820   1.3280   1.6120   1.8570   2.2070   2.4490   2.6840   2.9220   3.2940   3.5370   3.7460   4.0050   4.2600   4.5170   4.7760   4.9680   0.0000   0.0000   0.0000   0.0000;
286:  0.2520   0.6060   0.8450   1.0810   1.3280   1.6120   1.8570   2.2080   2.4500   2.6840   2.9220   3.2940   3.5380   3.7470   4.0040   4.2580   4.5110   4.7730   4.9620   0.0000   0.0000   0.0000   0.0000;
287:  0.2520   0.6060   0.8450   1.0810   1.3280   1.6120   1.8580   2.2080   2.4500   2.6850   2.9220   3.2940   3.5380   3.7470   4.0030   4.2560   4.5040   4.7700   4.9550   0.0000   0.0000   0.0000   0.0000;
288:  0.2520   0.6070   0.8450   1.0810   1.3280   1.6120   1.8580   2.2080   2.4510   2.6860   2.9220   3.2940   3.5390   3.7480   4.0020   4.2540   4.4980   4.7670   4.9480   0.0000   0.0000   0.0000   0.0000;
289:  0.2520   0.6070   0.8450   1.0810   1.3280   1.6120   1.8580   2.2090   2.4510   2.6860   2.9230   3.2940   3.5400   3.7490   4.0020   4.2510   4.4910   4.7630   4.9410   0.0000   0.0000   0.0000   0.0000;
290:  0.2520   0.6070   0.8450   1.0810   1.3280   1.6120   1.8580   2.2090   2.4520   2.6870   2.9230   3.2940   3.5410   3.7500   4.0010   4.2490   4.4840   4.7600   4.9340   0.0000   0.0000   0.0000   0.0000;
291:  0.2520   0.6060   0.8450   1.0800   1.3280   1.6120   1.8580   2.2090   2.4520   2.6880   2.9230   3.2940   3.5410   3.7510   4.0010   4.2470   4.4780   4.7560   4.9270   0.0000   0.0000   0.0000   0.0000;
292:  0.2510   0.6060   0.8450   1.0800   1.3280   1.6110   1.8580   2.2100   2.4530   2.6880   2.9240   3.2950   3.5420   3.7520   4.0000   4.2440   4.4710   4.7530   4.9200   0.0000   0.0000   0.0000   0.0000;
293:  0.2510   0.6060   0.8450   1.0800   1.3280   1.6110   1.8580   2.2100   2.4530   2.6890   2.9240   3.2950   3.5420   3.7540   4.0000   4.2420   4.4650   4.7490   4.9140   0.0000   0.0000   0.0000   0.0000;
294:  0.2510   0.6060   0.8450   1.0800   1.3280   1.6110   1.8580   2.2110   2.4540   2.6890   2.9250   3.2950   3.5430   3.7550   4.0000   4.2400   4.4600   4.7460   4.9080   0.0000   0.0000   0.0000   0.0000;
295:  0.2510   0.6060   0.8450   1.0800   1.3280   1.6110   1.8580   2.2110   2.4540   2.6900   2.9260   3.2950   3.5430   3.7560   4.0000   4.2380   4.4540   4.7430   4.9020   0.0000   0.0000   0.0000   0.0000;
296:  0.2500   0.6060   0.8450   1.0800   1.3280   1.6110   1.8580   2.2120   2.4550   2.6910   2.9270   3.2960   3.5430   3.7580   4.0000   4.2370   4.4490   4.7400   4.8960   0.0000   0.0000   0.0000   0.0000;
297:  0.2500   0.6050   0.8450   1.0790   1.3280   1.6110   1.8580   2.2120   2.4550   2.6910   2.9270   3.2960   3.5440   3.7600   4.0010   4.2360   4.4450   0.0000   0.0000   0.0000   0.0000   0.0000   0.0000;
298:  0.2490   0.6050   0.8440   1.0790   1.3280   1.6110   1.8580   2.2130   2.4560   2.6910   2.9280   3.2970   3.5440   3.7610   4.0020   4.2350   4.4420   0.0000   0.0000   0.0000   0.0000   0.0000   0.0000;
299:  0.2490   0.6050   0.8440   1.0790   1.3280   1.6110   1.8580   2.2130   2.4560   2.6920   2.9290   3.2980   3.5430   3.7630   4.0020   4.2340   4.4390   0.0000   0.0000   0.0000   0.0000   0.0000   0.0000;
300:  0.2480   0.6050   0.8440   1.0790   1.3280   1.6110   1.8590   2.2140   2.4570   2.6920   2.9310   3.2980   3.5430   3.7640   4.0030   4.2340   4.4370   0.0000   0.0000   0.0000   0.0000   0.0000   0.0000;
301:  0.2480   0.6040   0.8440   1.0790   1.3280   1.6110   1.8590   2.2140   2.4570   2.6930   2.9310   3.2990   3.5430   3.7650   4.0040   4.2340   4.4350   0.0000   0.0000   0.0000   0.0000   0.0000   0.0000;
302:  0.2470   0.6040   0.8440   1.0790   1.3280   1.6110   1.8590   2.2150   2.4580   2.6930   2.9330   3.2990   3.5420   3.7670   4.0060   4.2340   4.4350   0.0000   0.0000   0.0000   0.0000   0.0000   0.0000;
303:  0.2460   0.6040   0.8440   1.0790   1.3280   1.6110   1.8590   2.2150   2.4580   2.6930   2.9340   3.3000   3.5420   3.7680   4.0070   4.2350   4.4350   0.0000   0.0000   0.0000   0.0000   0.0000   0.0000;
304:  0.2460   0.6030   0.8440   1.0790   1.3280   1.6110   1.8590   2.2160   2.4580   2.6940   2.9350   3.3010   3.5410   3.7690   4.0090   4.2360   4.4350   0.0000   0.0000   0.0000   0.0000   0.0000   0.0000;
305:  0.2450   0.6030   0.8440   1.0790   1.3280   1.6110   1.8600   2.2160   2.4590   2.6940   2.9360   3.3010   3.5410   3.7700   4.0100   4.2370   4.4370   0.0000   0.0000   0.0000   0.0000   0.0000   0.0000;
306:  0.2450   0.6030   0.8440   1.0790   1.3270   1.6110   1.8600   2.2170   2.4590   2.6950   2.9370   3.3020   3.5400   3.7710   4.0120   4.2380   4.4390   0.0000   0.0000   0.0000   0.0000   0.0000   0.0000;
307:  0.2440   0.6020   0.8440   1.0790   1.3270   1.6110   1.8600   2.2170   2.4600   2.6950   2.9380   3.3030   3.5400   3.7720   4.0140   4.2400   4.4410   0.0000   0.0000   0.0000   0.0000   0.0000   0.0000;
308:  0.2440   0.6020   0.8440   1.0790   1.3270   1.6110   1.8600   2.2180   2.4600   2.6950   2.9390   3.3030   3.5390   3.7720   4.0160   4.2420   4.4450   0.0000   0.0000   0.0000   0.0000   0.0000   0.0000;
309:  0.2430   0.6020   0.8440   1.0790   1.3270   1.6110   1.8610   2.2180   2.4610   2.6960   2.9400   3.3040   3.5380   3.7730   4.0180   4.2440   4.4480   0.0000   0.0000   0.0000   0.0000   0.0000   0.0000;
310:  0.2430   0.6020   0.8440   1.0790   1.3270   1.6120   1.8610   2.2190   2.4610   2.6960   2.9420   3.3050   3.5380   3.7730   4.0200   4.2470   4.4520   0.0000   0.0000   0.0000   0.0000   0.0000   0.0000;
311:  0.2430   0.6020   0.8440   1.0790   1.3270   1.6120   1.8620   2.2190   2.4620   2.6960   2.9420   3.3050   3.5370   3.7730   4.0220   4.2490   4.4570   0.0000   0.0000   0.0000   0.0000   0.0000   0.0000;
312:  0.2420   0.6020   0.8440   1.0790   1.3270   1.6130   1.8620   2.2200   2.4620   2.6970   2.9430   3.3060   3.5370   3.7730   4.0230   4.2520   4.4610   0.0000   0.0000   0.0000   0.0000   0.0000   0.0000;
313:  0.2420   0.6020   0.8440   1.0790   1.3270   1.6130   1.8630   2.2200   2.4630   2.6970   2.9440   3.3070   3.5360   3.7720   4.0250   4.2540   4.4660   0.0000   0.0000   0.0000   0.0000   0.0000   0.0000;
314:  0.2420   0.6020   0.8440   1.0790   1.3270   1.6130   1.8630   2.2210   2.4630   2.6980   2.9450   3.3070   3.5360   3.7720   4.0270   4.2570   4.4710   0.0000   0.0000   0.0000   0.0000   0.0000   0.0000;
315:  0.2420   0.6020   0.8440   1.0790   1.3270   1.6140   1.8640   2.2210   2.4630   2.6980   2.9460   3.3080   3.5360   3.7710   4.0280   4.2590   4.4750   0.0000   0.0000   0.0000   0.0000   0.0000   0.0000;
316:  0.2420   0.6020   0.8440   1.0790   1.3270   1.6150   1.8640   2.2220   2.4640   2.6980   2.9460   3.3080   3.5370   3.7700   4.0300   4.2610   4.4800   0.0000   0.0000   0.0000   0.0000   0.0000   0.0000;
317:  0.2420   0.6020   0.8450   1.0790   1.3270   1.6150   1.8650   2.2220   2.4640   2.6990   2.9470   3.3090   3.5370   3.7690   4.0310   4.2640   4.4840   0.0000   0.0000   0.0000   0.0000   0.0000   0.0000;
318:  0.2420   0.6030   0.8450   1.0790   1.3270   1.6160   1.8650   2.2220   2.4650   2.7000   2.9470   3.3100   3.5380   3.7680   4.0320   4.2650   4.4870   0.0000   0.0000   0.0000   0.0000   0.0000   0.0000;
319:  0.2420   0.6030   0.8450   1.0790   1.3270   1.6170   1.8660   2.2230   2.4650   2.7000   2.9480   3.3100   3.5380   3.7670   4.0330   4.2670   4.4910   0.0000   0.0000   0.0000   0.0000   0.0000   0.0000;
320:  0.2420   0.6040   0.8450   1.0790   1.3270   1.6170   1.8670   2.2230   2.4650   2.7010   2.9480   3.3110   3.5390   3.7660   4.0340   4.2690   4.4930   0.0000   0.0000   0.0000   0.0000   0.0000   0.0000;
321:  0.2420   0.6040   0.8460   1.0790   1.3270   1.6180   1.8670   2.2230   2.4660   2.7020   2.9490   3.3120   3.5410   3.7650   4.0350   4.2690   4.4950   0.0000   0.0000   0.0000   0.0000   0.0000   0.0000;
322:  0.2430   0.6040   0.8460   1.0790   1.3270   1.6190   1.8680   2.2240   2.4660   2.7020   2.9490   3.3130   3.5420   3.7640   4.0350   4.2700   4.4970   0.0000   0.0000   0.0000   0.0000   0.0000   0.0000;
323:  0.2430   0.6050   0.8470   1.0800   1.3270   1.6200   1.8690   2.2240   2.4670   2.7030   2.9490   3.3130   3.5440   3.7620   4.0350   4.2700   4.4970   0.0000   0.0000   0.0000   0.0000   0.0000   0.0000;
324:  0.2430   0.6050   0.8470   1.0800   1.3270   1.6210   1.8690   2.2240   2.4670   2.7040   2.9490   3.3140   3.5450   3.7610   4.0350   4.2700   4.4970   0.0000   0.0000   0.0000   0.0000   0.0000   0.0000;
325:  0.2440   0.6060   0.8470   1.0800   1.3270   1.6220   1.8700   2.2250   2.4680   2.7040   2.9500   3.3150   3.5470   3.7600   4.0350   4.2700   4.4960   0.0000   0.0000   0.0000   0.0000   0.0000   0.0000;
326:  0.2440   0.6060   0.8480   1.0800   1.3270   1.6230   1.8700   2.2250   2.4680   2.7050   2.9500   3.3160   3.5490   3.7580   4.0340   4.2690   4.4940   0.0000   0.0000   0.0000   0.0000   0.0000   0.0000;
327:  0.2440   0.6070   0.8480   1.0800   1.3270   1.6240   1.8710   2.2250   2.4690   2.7060   2.9500   3.3180   3.5520   3.7570   4.0340   4.2670   4.4910   0.0000   0.0000   0.0000   0.0000   0.0000   0.0000;
328:  0.2450   0.6070   0.8490   1.0800   1.3280   1.6240   1.8710   2.2260   2.4690   2.7070   2.9500   3.3190   3.5540   3.7560   4.0330   4.2650   4.4880   4.6650   4.8340   0.0000   0.0000   0.0000   0.0000;
329:  0.2450   0.6080   0.8490   1.0800   1.3280   1.6250   1.8720   2.2260   2.4690   2.7070   2.9510   3.3200   3.5560   3.7550   4.0320   4.2630   4.4830   4.6570   4.8290   0.0000   0.0000   0.0000   0.0000;
330:  0.2450   0.6080   0.8490   1.0800   1.3280   1.6260   1.8720   2.2270   2.4700   2.7080   2.9510   3.3220   3.5590   3.7540   4.0300   4.2600   4.4780   4.6500   4.8250   0.0000   0.0000   0.0000   0.0000;
331:  0.2450   0.6090   0.8500   1.0800   1.3290   1.6270   1.8720   2.2270   2.4710   2.7090   2.9510   3.3230   3.5620   3.7530   4.0290   4.2570   4.4720   4.6420   4.8200   0.0000   0.0000   0.0000   0.0000;
332:  0.2460   0.6090   0.8500   1.0800   1.3290   1.6270   1.8730   2.2280   2.4710   2.7100   2.9520   3.3250   3.5640   3.7520   4.0270   4.2540   4.4650   4.6340   4.8160   0.0000   0.0000   0.0000   0.0000;
333:  0.2460   0.6100   0.8510   1.0800   1.3290   1.6280   1.8730   2.2280   2.4720   2.7110   2.9520   3.3260   3.5670   3.7510   4.0250   4.2500   4.4580   4.6250   4.8110   0.0000   0.0000   0.0000   0.0000;
334:  0.2460   0.6100   0.8510   1.0810   1.3300   1.6290   1.8730   2.2290   2.4720   2.7110   2.9530   3.3280   3.5690   3.7510   4.0230   4.2460   4.4510   4.6170   4.8070   0.0000   0.0000   0.0000   0.0000;
335:  0.2460   0.6110   0.8510   1.0810   1.3300   1.6290   1.8730   2.2290   2.4730   2.7120   2.9530   3.3300   3.5710   3.7500   4.0210   4.2420   4.4420   4.6090   4.8040   0.0000   0.0000   0.0000   0.0000;
336:  0.2460   0.6110   0.8510   1.0810   1.3300   1.6290   1.8730   2.2300   2.4730   2.7130   2.9540   3.3310   3.5730   3.7500   4.0190   4.2380   4.4340   4.6020   4.8000   0.0000   0.0000   0.0000   0.0000;
337:  0.2460   0.6110   0.8510   1.0810   1.3310   1.6300   1.8730   2.2310   2.4740   2.7140   2.9550   3.3330   3.5750   3.7500   4.0170   4.2330   4.4250   4.5940   4.7980   0.0000   0.0000   0.0000   0.0000;
338:  0.2460   0.6110   0.8520   1.0820   1.3310   1.6300   1.8730   2.2320   2.4750   2.7140   2.9550   3.3350   3.5770   3.7500   4.0150   4.2290   4.4170   4.5870   4.7960   0.0000   0.0000   0.0000   0.0000;
339:  0.2460   0.6120   0.8520   1.0820   1.3310   1.6300   1.8730   2.2330   2.4750   2.7150   2.9560   3.3370   3.5780   3.7500   4.0130   4.2250   4.4080   4.5810   4.7950   0.0000   0.0000   0.0000   0.0000;
340:  0.2460   0.6120   0.8520   1.0820   1.3320   1.6310   1.8730   2.2330   2.4760   2.7160   2.9570   3.3380   3.5790   3.7500   4.0110   4.2200   4.4000   4.5760   4.7950   0.0000   0.0000   0.0000   0.0000;
341:  0.2450   0.6120   0.8520   1.0820   1.3320   1.6310   1.8730   2.2340   2.4760   2.7160   2.9580   3.3400   3.5800   3.7500   4.0090   4.2160   4.3920   4.5710   4.7960   0.0000   0.0000   0.0000   0.0000;
342:  0.2450   0.6120   0.8520   1.0830   1.3320   1.6310   1.8720   2.2350   2.4770   2.7170   2.9600   3.3420   3.5810   3.7500   4.0070   4.2120   4.3840   4.5670   4.7980   0.0000   0.0000   0.0000   0.0000;
343:  0.2450   0.6120   0.8520   1.0830   1.3330   1.6310   1.8720   2.2360   2.4780   2.7180   2.9610   3.3430   3.5810   3.7510   4.0050   4.2090   4.3770   4.5640   4.8010   0.0000   0.0000   0.0000   0.0000;
344:  0.2440   0.6120   0.8520   1.0840   1.3330   1.6300   1.8720   2.2370   2.4790   2.7180   2.9620   3.3440   3.5810   3.7510   4.0040   4.2050   4.3710   4.5620   4.8050   0.0000   0.0000   0.0000   0.0000;
345:  0.2440   0.6120   0.8520   1.0840   1.3330   1.6300   1.8720   2.2380   2.4800   2.7190   2.9640   3.3450   3.5800   3.7520   4.0020   4.2020   4.3650   4.5610   4.8100   0.0000   0.0000   0.0000   0.0000;
346:  0.2430   0.6120   0.8520   1.0840   1.3340   1.6300   1.8710   2.2390   2.4810   2.7200   2.9650   3.3460   3.5790   3.7520   4.0010   4.2000   4.3600   4.5610   4.8160   0.0000   0.0000   0.0000   0.0000;
347:  0.2430   0.6110   0.8510   1.0850   1.3340   1.6290   1.8710   2.2400   2.4820   2.7200   2.9660   3.3470   3.5780   3.7530   4.0000   4.1980   4.3560   4.5630   4.8240   0.0000   0.0000   0.0000   0.0000;
348:  0.2420   0.6110   0.8510   1.0850   1.3340   1.6290   1.8710   2.2410   2.4820   2.7210   2.9680   3.3480   3.5760   3.7530   3.9990   4.1960   4.3540   4.5650   4.8330   0.0000   0.0000   0.0000   0.0000;
349:  0.2420   0.6110   0.8510   1.0850   1.3340   1.6290   1.8710   2.2420   2.4840   2.7220   2.9690   3.3480   3.5740   3.7540   3.9980   4.1960   4.3520   4.5700   4.8430   0.0000   0.0000   0.0000   0.0000;
350:  0.2410   0.6110   0.8510   1.0860   1.3350   1.6280   1.8700   2.2440   2.4840   2.7220   2.9700   3.3480   3.5720   3.7550   3.9980   4.1960   4.3520   4.5750   4.8540   0.0000   0.0000   0.0000   0.0000;
351:  0.2410   0.6110   0.8510   1.0860   1.3350   1.6280   1.8700   2.2450   2.4850   2.7230   2.9720   3.3480   3.5690   3.7550   3.9980   4.1960   4.3520   4.5820   4.8660   0.0000   0.0000   0.0000   0.0000;
352:  0.2400   0.6110   0.8510   1.0870   1.3350   1.6280   1.8700   2.2460   2.4870   2.7240   2.9730   3.3470   3.5660   3.7560   3.9980   4.1960   4.3540   4.5900   4.8790   0.0000   0.0000   0.0000   0.0000;
353:  0.2400   0.6110   0.8500   1.0870   1.3350   1.6270   1.8700   2.2470   2.4880   2.7240   2.9740   3.3470   3.5630   3.7570   3.9990   4.1980   4.3570   4.5990   4.8930   0.0000   0.0000   0.0000   0.0000;
354:  0.2390   0.6100   0.8500   1.0870   1.3350   1.6270   1.8700   2.2480   2.4890   2.7250   2.9750   3.3460   3.5590   3.7580   4.0000   4.2000   4.3620   4.6090   4.9080   0.0000   0.0000   0.0000   0.0000;
355:  0.2390   0.6100   0.8500   1.0880   1.3350   1.6260   1.8700   2.2490   2.4900   2.7250   2.9760   3.3450   3.5550   3.7580   4.0010   4.2030   4.3670   4.6210   4.9240   0.0000   0.0000   0.0000   0.0000;
356:  0.2380   0.6100   0.8500   1.0880   1.3350   1.6260   1.8700   2.2510   2.4910   2.7260   2.9770   3.3430   3.5510   3.7590   4.0030   4.2060   4.3740   4.6340   4.9400   0.0000   0.0000   0.0000   0.0000;
357:  0.2380   0.6100   0.8500   1.0880   1.3350   1.6260   1.8700   2.2520   2.4920   2.7270   2.9780   3.3410   3.5480   3.7600   4.0040   4.2100   4.3820   4.6470   4.9570   0.0000   0.0000   0.0000   0.0000;
358:  0.2380   0.6100   0.8490   1.0890   1.3360   1.6260   1.8700   2.2530   2.4930   2.7270   2.9790   3.3390   3.5440   3.7600   4.0070   4.2150   4.3910   4.6620   4.9740   0.0000   0.0000   0.0000   0.0000;
359:  0.2380   0.6100   0.8490   1.0890   1.3360   1.6250   1.8700   2.2540   2.4940   2.7280   2.9790   3.3370   3.5400   3.7610   4.0090   4.2200   4.4010   4.6770   4.9910   0.0000   0.0000   0.0000   0.0000;
