C:\RK-3\Data\PA000001\ED0000010004R.DAT;
000:  0.3225   0.5800   0.7910   1.0180   1.2710   1.5260   1.8170   2.1190   2.3670   2.6070   2.9230   3.2400   3.4865   3.5910   0.0000   0.0000   0.0000   0.0000   0.0000   0.0000   0.0000   0.0000   0.0000;
001:  0.3230   0.5815   0.7930   1.0210   1.2750   1.5305   1.8215   2.1240   2.3735   2.6145   2.9310   3.2485   3.4970   3.6165   0.0000   0.0000   0.0000   0.0000   0.0000   0.0000   0.0000   0.0000   0.0000;
002:  0.3235   0.5825   0.7950   1.0240   1.2785   1.5350   1.8260   2.1290   2.3800   2.6220   2.9390   3.2575   3.5080   3.6415   0.0000   0.0000   0.0000   0.0000   0.0000   0.0000   0.0000   0.0000   0.0000;
003:  0.3240   0.5840   0.7970   1.0265   1.2820   1.5390   1.8305   2.1345   2.3865   2.6290   2.9465   3.2660   3.5180   3.6660   0.0000   0.0000   0.0000   0.0000   0.0000   0.0000   0.0000   0.0000   0.0000;
004:  0.3245   0.5855   0.7990   1.0290   1.2855   1.5430   1.8345   2.1390   2.3920   2.6360   2.9545   3.2745   3.5285   3.6905   0.0000   0.0000   0.0000   0.0000   0.0000   0.0000   0.0000   0.0000   0.0000;
005:  0.3245   0.5860   0.8005   1.0315   1.2895   1.5480   1.8390   2.1440   2.3985   2.6430   2.9615   3.2820   3.5375   3.7140   0.0000   0.0000   0.0000   0.0000   0.0000   0.0000   0.0000   0.0000   0.0000;
006:  0.3245   0.5870   0.8020   1.0335   1.2925   1.5520   1.8430   2.1485   2.4040   2.6495   2.9685   3.2895   3.5470   3.7365   0.0000   0.0000   0.0000   0.0000   0.0000   0.0000   0.0000   0.0000   0.0000;
007:  0.3250   0.5885   0.8040   1.0360   1.2960   1.5560   1.8475   2.1540   2.4105   2.6565   2.9760   3.2975   3.5560   3.7585   0.0000   0.0000   0.0000   0.0000   0.0000   0.0000   0.0000   0.0000   0.0000;
008:  0.3250   0.5890   0.8055   1.0380   1.2990   1.5600   1.8515   2.1585   2.4160   2.6630   2.9830   3.3045   3.5640   3.7790   0.0000   0.0000   0.0000   0.0000   0.0000   0.0000   0.0000   0.0000   0.0000;
009:  0.3255   0.5900   0.8070   1.0405   1.3020   1.5635   1.8555   2.1630   2.4215   2.6690   2.9895   3.3115   3.5720   3.7980   0.0000   0.0000   0.0000   0.0000   0.0000   0.0000   0.0000   0.0000   0.0000;
010:  0.3255   0.5905   0.8085   1.0425   1.3050   1.5670   1.8590   2.1675   2.4270   2.6750   2.9960   3.3185   3.5795   3.8160   0.0000   0.0000   0.0000   0.0000   0.0000   0.0000   0.0000   0.0000   0.0000;
011:  0.3260   0.5915   0.8100   1.0445   1.3080   1.5710   1.8630   2.1715   2.4320   2.6810   3.0020   3.3245   3.5865   3.8325   0.0000   0.0000   0.0000   0.0000   0.0000   0.0000   0.0000   0.0000   0.0000;
012:  0.3260   0.5920   0.8110   1.0460   1.3110   1.5745   1.8670   2.1765   2.4375   2.6875   3.0090   3.3315   3.5935   3.8475   0.0000   0.0000   0.0000   0.0000   0.0000   0.0000   0.0000   0.0000   0.0000;
013:  0.3260   0.5925   0.8125   1.0480   1.3135   1.5780   1.8710   2.1805   2.4420   2.6925   3.0145   3.3370   3.5990   3.8610   0.0000   0.0000   0.0000   0.0000   0.0000   0.0000   0.0000   0.0000   0.0000;
014:  0.3265   0.5935   0.8140   1.0500   1.3165   1.5815   1.8745   2.1850   2.4470   2.6980   3.0210   3.3435   3.6050   3.8730   0.0000   0.0000   0.0000   0.0000   0.0000   0.0000   0.0000   0.0000   0.0000;
015:  0.3265   0.5940   0.8150   1.0515   1.3190   1.5845   1.8780   2.1890   2.4515   2.7030   3.0265   3.3490   3.6105   3.8835   0.0000   0.0000   0.0000   0.0000   0.0000   0.0000   0.0000   0.0000   0.0000;
016:  0.3265   0.5940   0.8155   1.0525   1.3210   1.5875   1.8815   2.1935   2.4565   2.7085   3.0325   3.3540   3.6145   3.8920   0.0000   0.0000   0.0000   0.0000   0.0000   0.0000   0.0000   0.0000   0.0000;
017:  0.3265   0.5945   0.8170   1.0545   1.3235   1.5905   1.8850   2.1975   2.4610   2.7130   3.0370   3.3590   3.6190   3.8990   0.0000   0.0000   0.0000   0.0000   0.0000   0.0000   0.0000   0.0000   0.0000;
018:  0.3265   0.5950   0.8175   1.0555   1.3250   1.5930   1.8885   2.2010   2.4650   2.7180   3.0425   3.3640   3.6230   3.9050   0.0000   0.0000   0.0000   0.0000   0.0000   0.0000   0.0000   0.0000   0.0000;
019:  0.3265   0.5955   0.8185   1.0570   1.3275   1.5960   1.8920   2.2050   2.4690   2.7225   3.0475   3.3685   3.6265   3.9090   0.0000   0.0000   0.0000   0.0000   0.0000   0.0000   0.0000   0.0000   0.0000;
020:  0.3265   0.5955   0.8190   1.0580   1.3290   1.5985   1.8955   2.2090   2.4730   2.7265   3.0520   3.3725   3.6290   3.9115   0.0000   0.0000   0.0000   0.0000   0.0000   0.0000   0.0000   0.0000   0.0000;
021:  0.3260   0.5950   0.8200   1.0600   1.3315   1.6010   1.8985   2.2130   2.4770   2.7305   3.0565   3.3765   3.6310   0.0000   0.0000   0.0000   0.0000   0.0000   0.0000   0.0000   0.0000   0.0000   0.0000;
022:  0.3260   0.5950   0.8200   1.0605   1.3330   1.6035   1.9020   2.2165   2.4805   2.7345   3.0610   3.3805   3.6335   0.0000   0.0000   0.0000   0.0000   0.0000   0.0000   0.0000   0.0000   0.0000   0.0000;
023:  0.3255   0.5950   0.8205   1.0615   1.3345   1.6055   1.9045   2.2200   2.4845   2.7385   3.0650   3.3835   0.0000   0.0000   0.0000   0.0000   0.0000   0.0000   0.0000   0.0000   0.0000   0.0000   0.0000;
024:  0.3255   0.5950   0.8210   1.0625   1.3360   1.6080   1.9080   2.2235   2.4880   2.7420   3.0685   3.3865   0.0000   0.0000   0.0000   0.0000   0.0000   0.0000   0.0000   0.0000   0.0000   0.0000   0.0000;
025:  0.3250   0.5945   0.8215   1.0635   1.3370   1.6095   1.9110   2.2270   2.4910   2.7450   3.0720   3.3890   0.0000   0.0000   0.0000   0.0000   0.0000   0.0000   0.0000   0.0000   0.0000   0.0000   0.0000;
026:  0.3245   0.5945   0.8220   1.0645   1.3385   1.6115   1.9135   2.2300   2.4940   2.7480   3.0755   3.3915   0.0000   0.0000   0.0000   0.0000   0.0000   0.0000   0.0000   0.0000   0.0000   0.0000   0.0000;
027:  0.3245   0.5945   0.8220   1.0650   1.3395   1.6130   1.9160   2.2330   2.4970   2.7510   3.0785   3.3935   0.0000   0.0000   0.0000   0.0000   0.0000   0.0000   0.0000   0.0000   0.0000   0.0000   0.0000;
028:  0.3240   0.5940   0.8220   1.0655   1.3405   1.6145   1.9190   2.2365   2.5000   2.7540   3.0815   3.3950   0.0000   0.0000   0.0000   0.0000   0.0000   0.0000   0.0000   0.0000   0.0000   0.0000   0.0000;
029:  0.3230   0.5935   0.8225   1.0665   1.3415   1.6160   1.9215   2.2395   2.5030   2.7565   3.0835   3.3960   0.0000   0.0000   0.0000   0.0000   0.0000   0.0000   0.0000   0.0000   0.0000   0.0000   0.0000;
030:  0.3230   0.5930   0.8220   1.0670   1.3425   1.6175   1.9240   2.2420   2.5050   2.7585   3.0860   3.3975   0.0000   0.0000   0.0000   0.0000   0.0000   0.0000   0.0000   0.0000   0.0000   0.0000   0.0000;
031:  0.3225   0.5925   0.8220   1.0670   1.3425   1.6180   1.9260   2.2445   2.5075   2.7610   3.0880   3.3980   0.0000   0.0000   0.0000   0.0000   0.0000   0.0000   0.0000   0.0000   0.0000   0.0000   0.0000;
032:  0.3215   0.5915   0.8215   1.0675   1.3435   1.6195   1.9280   2.2470   2.5100   2.7625   3.0890   3.3985   0.0000   0.0000   0.0000   0.0000   0.0000   0.0000   0.0000   0.0000   0.0000   0.0000   0.0000;
033:  0.3215   0.5915   0.8210   1.0670   1.3440   1.6210   1.9305   2.2495   2.5120   2.7645   3.0910   3.3985   0.0000   0.0000   0.0000   0.0000   0.0000   0.0000   0.0000   0.0000   0.0000   0.0000   0.0000;
034:  0.3210   0.5905   0.8205   1.0675   1.3445   1.6215   1.9325   2.2520   2.5140   2.7660   3.0920   3.3985   0.0000   0.0000   0.0000   0.0000   0.0000   0.0000   0.0000   0.0000   0.0000   0.0000   0.0000;
035:  0.3200   0.5895   0.8200   1.0675   1.3445   1.6225   1.9345   2.2535   2.5150   2.7670   3.0925   3.3975   0.0000   0.0000   0.0000   0.0000   0.0000   0.0000   0.0000   0.0000   0.0000   0.0000   0.0000;
036:  0.3195   0.5885   0.8190   1.0675   1.3450   1.6230   1.9360   2.2555   2.5170   2.7685   3.0935   3.3970   0.0000   0.0000   0.0000   0.0000   0.0000   0.0000   0.0000   0.0000   0.0000   0.0000   0.0000;
037:  0.3190   0.5880   0.8185   1.0670   1.3450   1.6235   1.9375   2.2570   2.5180   2.7695   3.0940   3.3960   0.0000   0.0000   0.0000   0.0000   0.0000   0.0000   0.0000   0.0000   0.0000   0.0000   0.0000;
038:  0.3180   0.5870   0.8180   1.0670   1.3455   1.6245   1.9390   2.2585   2.5190   2.7700   3.0940   3.3945   0.0000   0.0000   0.0000   0.0000   0.0000   0.0000   0.0000   0.0000   0.0000   0.0000   0.0000;
039:  0.3175   0.5860   0.8165   1.0660   1.3455   1.6250   1.9405   2.2600   2.5200   2.7705   3.0935   3.3925   0.0000   0.0000   0.0000   0.0000   0.0000   0.0000   0.0000   0.0000   0.0000   0.0000   0.0000;
040:  0.3170   0.5850   0.8160   1.0660   1.3455   1.6255   1.9415   2.2610   2.5205   2.7705   3.0930   0.0000   0.0000   0.0000   0.0000   0.0000   0.0000   0.0000   0.0000   0.0000   0.0000   0.0000   0.0000;
041:  0.3160   0.5835   0.8145   1.0650   1.3450   1.6255   1.9430   2.2625   2.5215   2.7710   3.0925   0.0000   0.0000   0.0000   0.0000   0.0000   0.0000   0.0000   0.0000   0.0000   0.0000   0.0000   0.0000;
042:  0.3155   0.5820   0.8130   1.0640   1.3445   1.6260   1.9440   2.2630   2.5215   2.7710   3.0920   0.0000   0.0000   0.0000   0.0000   0.0000   0.0000   0.0000   0.0000   0.0000   0.0000   0.0000   0.0000;
043:  0.3145   0.5810   0.8120   1.0635   1.3445   1.6260   1.9445   2.2640   2.5220   2.7710   3.0915   0.0000   0.0000   0.0000   0.0000   0.0000   0.0000   0.0000   0.0000   0.0000   0.0000   0.0000   0.0000;
044:  0.3140   0.5800   0.8105   1.0625   1.3445   1.6265   1.9455   2.2645   2.5220   2.7705   3.0900   0.0000   0.0000   0.0000   0.0000   0.0000   0.0000   0.0000   0.0000   0.0000   0.0000   0.0000   0.0000;
045:  0.3130   0.5785   0.8095   1.0615   1.3440   1.6265   1.9460   2.2650   2.5220   2.7705   3.0890   0.0000   0.0000   0.0000   0.0000   0.0000   0.0000   0.0000   0.0000   0.0000   0.0000   0.0000   0.0000;
046:  0.3125   0.5770   0.8075   1.0600   1.3435   1.6265   1.9465   2.2655   2.5220   2.7700   3.0875   0.0000   0.0000   0.0000   0.0000   0.0000   0.0000   0.0000   0.0000   0.0000   0.0000   0.0000   0.0000;
047:  0.3120   0.5760   0.8065   1.0590   1.3430   1.6265   1.9465   2.2650   2.5210   2.7690   0.0000   0.0000   0.0000   0.0000   0.0000   0.0000   0.0000   0.0000   0.0000   0.0000   0.0000   0.0000   0.0000;
048:  0.3110   0.5745   0.8050   1.0575   1.3425   1.6265   1.9470   2.2650   2.5200   2.7680   0.0000   0.0000   0.0000   0.0000   0.0000   0.0000   0.0000   0.0000   0.0000   0.0000   0.0000   0.0000   0.0000;
049:  0.3105   0.5730   0.8030   1.0560   1.3415   1.6260   1.9470   2.2650   2.5195   2.7670   0.0000   0.0000   0.0000   0.0000   0.0000   0.0000   0.0000   0.0000   0.0000   0.0000   0.0000   0.0000   0.0000;
050:  0.3095   0.5720   0.8015   1.0545   1.3410   1.6260   1.9470   2.2645   2.5185   2.7660   0.0000   0.0000   0.0000   0.0000   0.0000   0.0000   0.0000   0.0000   0.0000   0.0000   0.0000   0.0000   0.0000;
051:  0.3085   0.5700   0.8000   1.0535   1.3405   1.6255   1.9465   2.2640   2.5170   2.7640   0.0000   0.0000   0.0000   0.0000   0.0000   0.0000   0.0000   0.0000   0.0000   0.0000   0.0000   0.0000   0.0000;
052:  0.3080   0.5685   0.7980   1.0515   1.3390   1.6250   1.9465   2.2635   2.5160   2.7630   0.0000   0.0000   0.0000   0.0000   0.0000   0.0000   0.0000   0.0000   0.0000   0.0000   0.0000   0.0000   0.0000;
053:  0.3070   0.5670   0.7965   1.0500   1.3385   1.6245   1.9460   2.2625   2.5140   2.7610   0.0000   0.0000   0.0000   0.0000   0.0000   0.0000   0.0000   0.0000   0.0000   0.0000   0.0000   0.0000   0.0000;
054:  0.3065   0.5655   0.7945   1.0480   1.3375   1.6240   1.9450   2.2615   2.5125   2.7595   0.0000   0.0000   0.0000   0.0000   0.0000   0.0000   0.0000   0.0000   0.0000   0.0000   0.0000   0.0000   0.0000;
055:  0.3055   0.5635   0.7925   1.0465   1.3365   1.6230   1.9445   2.2605   2.5105   2.7575   0.0000   0.0000   0.0000   0.0000   0.0000   0.0000   0.0000   0.0000   0.0000   0.0000   0.0000   0.0000   0.0000;
056:  0.3045   0.5625   0.7910   1.0445   1.3355   1.6225   1.9435   2.2590   2.5085   2.7555   0.0000   0.0000   0.0000   0.0000   0.0000   0.0000   0.0000   0.0000   0.0000   0.0000   0.0000   0.0000   0.0000;
057:  0.3035   0.5605   0.7890   1.0425   1.3340   1.6215   1.9425   2.2575   2.5065   2.7535   0.0000   0.0000   0.0000   0.0000   0.0000   0.0000   0.0000   0.0000   0.0000   0.0000   0.0000   0.0000   0.0000;
058:  0.3030   0.5590   0.7870   1.0405   1.3330   1.6205   1.9410   2.2560   2.5040   2.7510   0.0000   0.0000   0.0000   0.0000   0.0000   0.0000   0.0000   0.0000   0.0000   0.0000   0.0000   0.0000   0.0000;
059:  0.3020   0.5570   0.7845   1.0380   1.3315   1.6195   1.9400   2.2545   2.5020   2.7490   0.0000   0.0000   0.0000   0.0000   0.0000   0.0000   0.0000   0.0000   0.0000   0.0000   0.0000   0.0000   0.0000;
060:  0.3015   0.5555   0.7825   1.0360   1.3300   1.6180   1.9385   2.2530   2.4995   2.7460   0.0000   0.0000   0.0000   0.0000   0.0000   0.0000   0.0000   0.0000   0.0000   0.0000   0.0000   0.0000   0.0000;
061:  0.3005   0.5540   0.7810   1.0340   1.3285   1.6170   1.9370   2.2505   2.4965   2.7435   0.0000   0.0000   0.0000   0.0000   0.0000   0.0000   0.0000   0.0000   0.0000   0.0000   0.0000   0.0000   0.0000;
062:  0.2995   0.5525   0.7790   1.0320   1.3270   1.6155   1.9355   2.2485   2.4935   2.7405   0.0000   0.0000   0.0000   0.0000   0.0000   0.0000   0.0000   0.0000   0.0000   0.0000   0.0000   0.0000   0.0000;
063:  0.2985   0.5505   0.7770   1.0300   1.3255   1.6140   1.9335   2.2465   2.4915   2.7380   0.0000   0.0000   0.0000   0.0000   0.0000   0.0000   0.0000   0.0000   0.0000   0.0000   0.0000   0.0000   0.0000;
064:  0.2980   0.5490   0.7750   1.0280   1.3235   1.6120   1.9315   2.2440   2.4880   2.7350   0.0000   0.0000   0.0000   0.0000   0.0000   0.0000   0.0000   0.0000   0.0000   0.0000   0.0000   0.0000   0.0000;
065:  0.2965   0.5470   0.7730   1.0260   1.3220   1.6105   1.9295   2.2415   2.4850   2.7320   0.0000   0.0000   0.0000   0.0000   0.0000   0.0000   0.0000   0.0000   0.0000   0.0000   0.0000   0.0000   0.0000;
066:  0.2960   0.5455   0.7705   1.0230   1.3195   1.6085   1.9275   2.2390   2.4820   2.7290   0.0000   0.0000   0.0000   0.0000   0.0000   0.0000   0.0000   0.0000   0.0000   0.0000   0.0000   0.0000   0.0000;
067:  0.2950   0.5435   0.7685   1.0210   1.3175   1.6060   1.9250   2.2365   2.4790   2.7260   0.0000   0.0000   0.0000   0.0000   0.0000   0.0000   0.0000   0.0000   0.0000   0.0000   0.0000   0.0000   0.0000;
068:  0.2945   0.5420   0.7665   1.0190   1.3155   1.6040   1.9225   2.2335   2.4760   2.7225   0.0000   0.0000   0.0000   0.0000   0.0000   0.0000   0.0000   0.0000   0.0000   0.0000   0.0000   0.0000   0.0000;
069:  0.2935   0.5405   0.7645   1.0165   1.3130   1.6020   1.9205   2.2310   2.4730   2.7195   0.0000   0.0000   0.0000   0.0000   0.0000   0.0000   0.0000   0.0000   0.0000   0.0000   0.0000   0.0000   0.0000;
070:  0.2925   0.5385   0.7625   1.0145   1.3110   1.5995   1.9175   2.2280   2.4700   2.7160   0.0000   0.0000   0.0000   0.0000   0.0000   0.0000   0.0000   0.0000   0.0000   0.0000   0.0000   0.0000   0.0000;
071:  0.2920   0.5370   0.7600   1.0120   1.3085   1.5965   1.9145   2.2245   2.4665   2.7130   0.0000   0.0000   0.0000   0.0000   0.0000   0.0000   0.0000   0.0000   0.0000   0.0000   0.0000   0.0000   0.0000;
072:  0.2910   0.5355   0.7580   1.0095   1.3060   1.5945   1.9120   2.2215   2.4635   2.7095   0.0000   0.0000   0.0000   0.0000   0.0000   0.0000   0.0000   0.0000   0.0000   0.0000   0.0000   0.0000   0.0000;
073:  0.2900   0.5335   0.7560   1.0075   1.3035   1.5915   1.9090   2.2185   2.4605   2.7065   0.0000   0.0000   0.0000   0.0000   0.0000   0.0000   0.0000   0.0000   0.0000   0.0000   0.0000   0.0000   0.0000;
074:  0.2895   0.5320   0.7535   1.0045   1.3005   1.5890   1.9065   2.2150   2.4570   2.7030   0.0000   0.0000   0.0000   0.0000   0.0000   0.0000   0.0000   0.0000   0.0000   0.0000   0.0000   0.0000   0.0000;
075:  0.2890   0.5305   0.7515   1.0025   1.2980   1.5860   1.9035   2.2120   2.4540   2.6995   0.0000   0.0000   0.0000   0.0000   0.0000   0.0000   0.0000   0.0000   0.0000   0.0000   0.0000   0.0000   0.0000;
076:  0.2880   0.5290   0.7495   1.0000   1.2950   1.5830   1.9005   2.2085   2.4505   2.6960   0.0000   0.0000   0.0000   0.0000   0.0000   0.0000   0.0000   0.0000   0.0000   0.0000   0.0000   0.0000   0.0000;
077:  0.2870   0.5270   0.7475   0.9980   1.2925   1.5805   1.8975   2.2050   2.4475   2.6920   0.0000   0.0000   0.0000   0.0000   0.0000   0.0000   0.0000   0.0000   0.0000   0.0000   0.0000   0.0000   0.0000;
078:  0.2865   0.5255   0.7450   0.9950   1.2890   1.5770   1.8945   2.2015   2.4440   2.6885   0.0000   0.0000   0.0000   0.0000   0.0000   0.0000   0.0000   0.0000   0.0000   0.0000   0.0000   0.0000   0.0000;
079:  0.2860   0.5240   0.7430   0.9930   1.2865   1.5740   1.8910   2.1980   2.4410   2.6850   0.0000   0.0000   0.0000   0.0000   0.0000   0.0000   0.0000   0.0000   0.0000   0.0000   0.0000   0.0000   0.0000;
080:  0.2850   0.5225   0.7405   0.9900   1.2830   1.5705   1.8880   2.1945   2.4375   2.6815   0.0000   0.0000   0.0000   0.0000   0.0000   0.0000   0.0000   0.0000   0.0000   0.0000   0.0000   0.0000   0.0000;
081:  0.2845   0.5210   0.7385   0.9875   1.2800   1.5675   1.8845   2.1910   2.4350   2.6785   0.0000   0.0000   0.0000   0.0000   0.0000   0.0000   0.0000   0.0000   0.0000   0.0000   0.0000   0.0000   0.0000;
082:  0.2840   0.5200   0.7365   0.9850   1.2770   1.5645   1.8815   2.1870   2.4315   2.6745   0.0000   0.0000   0.0000   0.0000   0.0000   0.0000   0.0000   0.0000   0.0000   0.0000   0.0000   0.0000   0.0000;
083:  0.2835   0.5185   0.7345   0.9825   1.2735   1.5610   1.8780   2.1835   2.4285   2.6710   0.0000   0.0000   0.0000   0.0000   0.0000   0.0000   0.0000   0.0000   0.0000   0.0000   0.0000   0.0000   0.0000;
084:  0.2830   0.5170   0.7325   0.9805   1.2705   1.5575   1.8750   2.1800   2.4250   2.6675   0.0000   0.0000   0.0000   0.0000   0.0000   0.0000   0.0000   0.0000   0.0000   0.0000   0.0000   0.0000   0.0000;
085:  0.2825   0.5160   0.7305   0.9775   1.2675   1.5545   1.8715   2.1765   2.4225   2.6640   0.0000   0.0000   0.0000   0.0000   0.0000   0.0000   0.0000   0.0000   0.0000   0.0000   0.0000   0.0000   0.0000;
086:  0.2820   0.5145   0.7285   0.9750   1.2640   1.5510   1.8680   2.1725   2.4190   2.6605   0.0000   0.0000   0.0000   0.0000   0.0000   0.0000   0.0000   0.0000   0.0000   0.0000   0.0000   0.0000   0.0000;
087:  0.2820   0.5140   0.7265   0.9720   1.2605   1.5475   1.8645   2.1690   2.4160   2.6570   0.0000   0.0000   0.0000   0.0000   0.0000   0.0000   0.0000   0.0000   0.0000   0.0000   0.0000   0.0000   0.0000;
088:  0.2815   0.5125   0.7245   0.9695   1.2570   1.5440   1.8610   2.1650   2.4125   2.6530   0.0000   0.0000   0.0000   0.0000   0.0000   0.0000   0.0000   0.0000   0.0000   0.0000   0.0000   0.0000   0.0000;
089:  0.2810   0.5110   0.7225   0.9670   1.2535   1.5405   1.8580   2.1620   2.4100   2.6500   0.0000   0.0000   0.0000   0.0000   0.0000   0.0000   0.0000   0.0000   0.0000   0.0000   0.0000   0.0000   0.0000;
090:  0.2805   0.5100   0.7205   0.9645   1.2510   1.5375   1.8545   2.1585   2.4070   2.6465   0.0000   0.0000   0.0000   0.0000   0.0000   0.0000   0.0000   0.0000   0.0000   0.0000   0.0000   0.0000   0.0000;
091:  0.2805   0.5095   0.7190   0.9620   1.2475   1.5340   1.8510   2.1545   2.4035   2.6430   0.0000   0.0000   0.0000   0.0000   0.0000   0.0000   0.0000   0.0000   0.0000   0.0000   0.0000   0.0000   0.0000;
092:  0.2800   0.5080   0.7170   0.9595   1.2440   1.5305   1.8475   2.1510   2.4005   2.6395   0.0000   0.0000   0.0000   0.0000   0.0000   0.0000   0.0000   0.0000   0.0000   0.0000   0.0000   0.0000   0.0000;
093:  0.2800   0.5075   0.7150   0.9565   1.2410   1.5275   1.8445   2.1480   2.3975   2.6360   2.9455   0.0000   0.0000   0.0000   0.0000   0.0000   0.0000   0.0000   0.0000   0.0000   0.0000   0.0000   0.0000;
094:  0.2795   0.5065   0.7135   0.9540   1.2375   1.5240   1.8410   2.1445   2.3945   2.6325   2.9420   0.0000   0.0000   0.0000   0.0000   0.0000   0.0000   0.0000   0.0000   0.0000   0.0000   0.0000   0.0000;
095:  0.2795   0.5060   0.7120   0.9515   1.2340   1.5205   1.8380   2.1410   2.3910   2.6290   2.9380   0.0000   0.0000   0.0000   0.0000   0.0000   0.0000   0.0000   0.0000   0.0000   0.0000   0.0000   0.0000;
096:  0.2790   0.5045   0.7100   0.9490   1.2310   1.5175   1.8345   2.1375   2.3875   2.6250   2.9340   0.0000   0.0000   0.0000   0.0000   0.0000   0.0000   0.0000   0.0000   0.0000   0.0000   0.0000   0.0000;
097:  0.2790   0.5040   0.7085   0.9465   1.2280   1.5145   1.8315   2.1345   2.3845   2.6215   2.9305   0.0000   0.0000   0.0000   0.0000   0.0000   0.0000   0.0000   0.0000   0.0000   0.0000   0.0000   0.0000;
098:  0.2785   0.5030   0.7070   0.9435   1.2240   1.5105   1.8275   2.1310   2.3810   2.6180   2.9270   3.2180   0.0000   0.0000   0.0000   0.0000   0.0000   0.0000   0.0000   0.0000   0.0000   0.0000   0.0000;
099:  0.2785   0.5025   0.7055   0.9410   1.2210   1.5075   1.8245   2.1280   2.3780   2.6145   2.9230   3.2145   0.0000   0.0000   0.0000   0.0000   0.0000   0.0000   0.0000   0.0000   0.0000   0.0000   0.0000;
100:  0.2790   0.5020   0.7040   0.9385   1.2180   1.5045   1.8215   2.1250   2.3745   2.6110   2.9200   3.2115   0.0000   0.0000   0.0000   0.0000   0.0000   0.0000   0.0000   0.0000   0.0000   0.0000   0.0000;
101:  0.2785   0.5010   0.7025   0.9360   1.2145   1.5010   1.8185   2.1220   2.3715   2.6075   2.9160   3.2085   0.0000   0.0000   0.0000   0.0000   0.0000   0.0000   0.0000   0.0000   0.0000   0.0000   0.0000;
102:  0.2785   0.5005   0.7010   0.9335   1.2115   1.4975   1.8150   2.1190   2.3680   2.6040   2.9125   3.2050   0.0000   0.0000   0.0000   0.0000   0.0000   0.0000   0.0000   0.0000   0.0000   0.0000   0.0000;
103:  0.2785   0.5000   0.6995   0.9310   1.2085   1.4945   1.8115   2.1155   2.3645   2.6005   2.9090   3.2015   0.0000   0.0000   0.0000   0.0000   0.0000   0.0000   0.0000   0.0000   0.0000   0.0000   0.0000;
104:  0.2785   0.4995   0.6985   0.9290   1.2055   1.4910   1.8080   2.1125   2.3610   2.5965   2.9050   3.1985   0.0000   0.0000   0.0000   0.0000   0.0000   0.0000   0.0000   0.0000   0.0000   0.0000   0.0000;
105:  0.2785   0.4990   0.6970   0.9265   1.2020   1.4875   1.8050   2.1100   2.3580   2.5930   2.9015   3.1950   0.0000   0.0000   0.0000   0.0000   0.0000   0.0000   0.0000   0.0000   0.0000   0.0000   0.0000;
106:  0.2785   0.4980   0.6960   0.9245   1.1990   1.4840   1.8015   2.1070   2.3545   2.5895   2.8980   3.1920   0.0000   0.0000   0.0000   0.0000   0.0000   0.0000   0.0000   0.0000   0.0000   0.0000   0.0000;
107:  0.2785   0.4975   0.6945   0.9220   1.1960   1.4810   1.7985   2.1040   2.3510   2.5860   2.8945   3.1885   0.0000   0.0000   0.0000   0.0000   0.0000   0.0000   0.0000   0.0000   0.0000   0.0000   0.0000;
108:  0.2785   0.4975   0.6940   0.9200   1.1930   1.4775   1.7950   2.1010   2.3475   2.5830   2.8915   3.1850   0.0000   0.0000   0.0000   0.0000   0.0000   0.0000   0.0000   0.0000   0.0000   0.0000   0.0000;
109:  0.2785   0.4970   0.6930   0.9180   1.1900   1.4745   1.7920   2.0980   2.3440   2.5790   2.8870   3.1815   0.0000   0.0000   0.0000   0.0000   0.0000   0.0000   0.0000   0.0000   0.0000   0.0000   0.0000;
110:  0.2785   0.4965   0.6915   0.9160   1.1875   1.4710   1.7885   2.0955   2.3410   2.5760   2.8840   3.1780   0.0000   0.0000   0.0000   0.0000   0.0000   0.0000   0.0000   0.0000   0.0000   0.0000   0.0000;
111:  0.2785   0.4960   0.6905   0.9140   1.1845   1.4675   1.7855   2.0930   2.3370   2.5720   2.8805   3.1745   0.0000   0.0000   0.0000   0.0000   0.0000   0.0000   0.0000   0.0000   0.0000   0.0000   0.0000;
112:  0.2785   0.4960   0.6900   0.9125   1.1820   1.4645   1.7825   2.0900   2.3335   2.5685   2.8765   3.1705   3.4095   0.0000   0.0000   0.0000   0.0000   0.0000   0.0000   0.0000   0.0000   0.0000   0.0000;
113:  0.2785   0.4955   0.6890   0.9105   1.1790   1.4610   1.7790   2.0870   2.3300   2.5650   2.8730   3.1675   3.4070   0.0000   0.0000   0.0000   0.0000   0.0000   0.0000   0.0000   0.0000   0.0000   0.0000;
114:  0.2790   0.4950   0.6880   0.9090   1.1765   1.4580   1.7760   2.0845   2.3270   2.5620   2.8700   3.1640   3.4035   3.6525   0.0000   0.0000   0.0000   0.0000   0.0000   0.0000   0.0000   0.0000   0.0000;
115:  0.2795   0.4955   0.6880   0.9080   1.1740   1.4545   1.7725   2.0815   2.3235   2.5585   2.8660   3.1600   3.4005   3.6480   0.0000   0.0000   0.0000   0.0000   0.0000   0.0000   0.0000   0.0000   0.0000;
116:  0.2795   0.4950   0.6870   0.9065   1.1715   1.4510   1.7690   2.0785   2.3200   2.5550   2.8625   3.1565   3.3975   3.6435   0.0000   0.0000   0.0000   0.0000   0.0000   0.0000   0.0000   0.0000   0.0000;
117:  0.2795   0.4950   0.6865   0.9050   1.1690   1.4480   1.7660   2.0755   2.3165   2.5520   2.8595   3.1530   3.3945   3.6390   0.0000   0.0000   0.0000   0.0000   0.0000   0.0000   0.0000   0.0000   0.0000;
118:  0.2795   0.4945   0.6860   0.9040   1.1665   1.4450   1.7630   2.0725   2.3130   2.5485   2.8555   3.1490   3.3915   3.6345   3.8575   0.0000   0.0000   0.0000   0.0000   0.0000   0.0000   0.0000   0.0000;
119:  0.2800   0.4945   0.6855   0.9025   1.1640   1.4415   1.7595   2.0695   2.3095   2.5450   2.8520   3.1455   3.3885   3.6305   3.8535   0.0000   0.0000   0.0000   0.0000   0.0000   0.0000   0.0000   0.0000;
120:  0.2805   0.4950   0.6855   0.9015   1.1615   1.4385   1.7565   2.0670   2.3065   2.5420   2.8485   3.1415   3.3855   3.6265   3.8495   4.0560   0.0000   0.0000   0.0000   0.0000   0.0000   0.0000   0.0000;
121:  0.2805   0.4950   0.6850   0.9005   1.1595   1.4350   1.7530   2.0640   2.3035   2.5390   2.8450   3.1375   3.3820   3.6225   3.8455   4.0550   0.0000   0.0000   0.0000   0.0000   0.0000   0.0000   0.0000;
122:  0.2810   0.4950   0.6845   0.8995   1.1570   1.4320   1.7500   2.0610   2.3000   2.5355   2.8415   3.1340   3.3790   3.6190   3.8425   4.0540   0.0000   0.0000   0.0000   0.0000   0.0000   0.0000   0.0000;
123:  0.2815   0.4950   0.6845   0.8990   1.1550   1.4290   1.7470   2.0580   2.2970   2.5330   2.8380   3.1300   3.3760   3.6155   3.8390   4.0530   0.0000   0.0000   0.0000   0.0000   0.0000   0.0000   0.0000;
124:  0.2815   0.4950   0.6840   0.8980   1.1530   1.4260   1.7435   2.0545   2.2935   2.5295   2.8345   3.1265   3.3735   3.6130   3.8370   4.0535   0.0000   0.0000   0.0000   0.0000   0.0000   0.0000   0.0000;
125:  0.2825   0.4955   0.6840   0.8975   1.1515   1.4235   1.7405   2.0515   2.2905   2.5265   2.8310   3.1230   3.3705   3.6100   3.8345   4.0530   0.0000   0.0000   0.0000   0.0000   0.0000   0.0000   0.0000;
126:  0.2830   0.4960   0.6840   0.8965   1.1490   1.4205   1.7375   2.0485   2.2875   2.5240   2.8280   3.1195   3.3680   3.6085   3.8335   4.0540   0.0000   0.0000   0.0000   0.0000   0.0000   0.0000   0.0000;
127:  0.2830   0.4965   0.6845   0.8965   1.1480   1.4180   1.7345   2.0455   2.2845   2.5210   2.8245   3.1160   3.3650   3.6060   3.8320   4.0545   0.0000   0.0000   0.0000   0.0000   0.0000   0.0000   0.0000;
128:  0.2840   0.4970   0.6845   0.8960   1.1460   1.4150   1.7315   2.0425   2.2815   2.5180   2.8215   3.1130   3.3625   3.6045   3.8310   4.0555   4.3030   0.0000   0.0000   0.0000   0.0000   0.0000   0.0000;
129:  0.2850   0.4975   0.6850   0.8960   1.1445   1.4125   1.7285   2.0395   2.2785   2.5155   2.8185   3.1095   3.3600   3.6030   3.8300   4.0565   4.3055   0.0000   0.0000   0.0000   0.0000   0.0000   0.0000;
130:  0.2850   0.4980   0.6855   0.8955   1.1430   1.4105   1.7260   2.0365   2.2755   2.5125   2.8155   3.1070   3.3580   3.6020   3.8300   4.0580   4.3080   0.0000   0.0000   0.0000   0.0000   0.0000   0.0000;
131:  0.2860   0.4985   0.6855   0.8955   1.1415   1.4075   1.7230   2.0335   2.2725   2.5095   2.8120   3.1040   3.3555   3.6010   3.8305   4.0600   4.3105   0.0000   0.0000   0.0000   0.0000   0.0000   0.0000;
132:  0.2865   0.4995   0.6865   0.8955   1.1400   1.4055   1.7205   2.0305   2.2700   2.5075   2.8095   3.1010   3.3530   3.6005   3.8310   4.0620   4.3135   0.0000   0.0000   0.0000   0.0000   0.0000   0.0000;
133:  0.2875   0.5005   0.6870   0.8955   1.1395   1.4035   1.7175   2.0275   2.2670   2.5045   2.8065   3.0985   3.3510   3.6000   3.8315   4.0640   4.3170   4.5390   0.0000   0.0000   0.0000   0.0000   0.0000;
134:  0.2885   0.5015   0.6875   0.8955   1.1385   1.4015   1.7150   2.0245   2.2645   2.5025   2.8040   3.0960   3.3490   3.5995   3.8325   4.0665   4.3195   4.5425   0.0000   0.0000   0.0000   0.0000   0.0000;
135:  0.2890   0.5020   0.6880   0.8960   1.1375   1.3995   1.7125   2.0215   2.2615   2.4995   2.8010   3.0940   3.3480   3.6000   3.8340   4.0690   4.3230   4.5475   0.0000   0.0000   0.0000   0.0000   0.0000;
136:  0.2900   0.5030   0.6890   0.8960   1.1365   1.3975   1.7095   2.0185   2.2585   2.4970   2.7990   3.0920   3.3460   3.6000   3.8350   4.0710   4.3260   4.5515   0.0000   0.0000   0.0000   0.0000   0.0000;
137:  0.2910   0.5040   0.6895   0.8960   1.1360   1.3960   1.7070   2.0155   2.2560   2.4945   2.7965   3.0900   3.3440   3.6000   3.8365   4.0730   4.3285   4.5560   0.0000   0.0000   0.0000   0.0000   0.0000;
138:  0.2915   0.5050   0.6905   0.8965   1.1350   1.3940   1.7045   2.0125   2.2535   2.4925   2.7945   3.0885   3.3425   3.6000   3.8375   4.0750   4.3315   4.5605   0.0000   0.0000   0.0000   0.0000   0.0000;
139:  0.2930   0.5070   0.6920   0.8970   1.1350   1.3935   1.7025   2.0090   2.2500   2.4895   2.7920   3.0870   3.3410   3.6000   3.8390   4.0775   4.3340   4.5645   0.0000   0.0000   0.0000   0.0000   0.0000;
140:  0.2940   0.5080   0.6930   0.8980   1.1350   1.3920   1.7005   2.0065   2.2475   2.4875   2.7900   3.0855   3.3395   3.5995   3.8395   4.0790   4.3365   4.5690   0.0000   0.0000   0.0000   0.0000   0.0000;
141:  0.2950   0.5090   0.6940   0.8985   1.1345   1.3905   1.6980   2.0035   2.2450   2.4855   2.7880   3.0840   3.3380   3.5995   3.8405   4.0805   4.3385   4.5725   0.0000   0.0000   0.0000   0.0000   0.0000;
142:  0.2960   0.5105   0.6955   0.8990   1.1345   1.3895   1.6960   2.0010   2.2420   2.4825   2.7860   3.0830   3.3365   3.5990   3.8410   4.0815   4.3395   4.5760   4.8520   0.0000   0.0000   0.0000   0.0000;
143:  0.2970   0.5120   0.6965   0.8995   1.1340   1.3885   1.6940   1.9980   2.2395   2.4805   2.7840   3.0820   3.3355   3.5985   3.8415   4.0830   4.3415   4.5795   4.8655   5.1945   0.0000   0.0000   0.0000;
144:  0.2980   0.5135   0.6980   0.9000   1.1340   1.3875   1.6920   1.9955   2.2370   2.4780   2.7820   3.0810   3.3340   3.5975   3.8415   4.0840   4.3425   4.5825   4.8770   5.2260   0.0000   0.0000   0.0000;
145:  0.2990   0.5145   0.6995   0.9015   1.1345   1.3870   1.6900   1.9925   2.2340   2.4755   2.7805   3.0805   3.3325   3.5960   3.8410   4.0840   4.3430   4.5850   4.8850   5.2520   0.0000   0.0000   0.0000;
146:  0.3005   0.5165   0.7010   0.9020   1.1345   1.3860   1.6880   1.9905   2.2320   2.4735   2.7790   3.0795   3.3310   3.5950   3.8405   4.0840   4.3430   4.5865   4.8905   5.2720   0.0000   0.0000   0.0000;
147:  0.3010   0.5175   0.7020   0.9030   1.1350   1.3855   1.6865   1.9880   2.2290   2.4710   2.7775   3.0790   3.3300   3.5935   3.8390   4.0835   4.3430   4.5880   4.8940   5.2855   0.0000   0.0000   0.0000;
148:  0.3025   0.5195   0.7040   0.9040   1.1350   1.3850   1.6850   1.9855   2.2265   2.4685   2.7755   3.0780   3.3280   3.5915   3.8380   4.0830   4.3425   4.5890   4.8950   5.2930   0.0000   0.0000   0.0000;
149:  0.3035   0.5210   0.7055   0.9050   1.1360   1.3845   1.6830   1.9830   2.2235   2.4660   2.7740   3.0775   3.3270   3.5895   3.8360   4.0820   4.3415   4.5895   4.8950   5.2945   0.0000   0.0000   0.0000;
150:  0.3050   0.5225   0.7070   0.9065   1.1365   1.3840   1.6815   1.9805   2.2210   2.4640   2.7725   3.0765   3.3250   3.5870   3.8340   4.0810   4.3405   4.5890   4.8930   5.2920   0.0000   0.0000   0.0000;
151:  0.3060   0.5240   0.7085   0.9070   1.1365   1.3835   1.6800   1.9785   2.2185   2.4615   2.7710   3.0760   3.3235   3.5840   3.8315   4.0795   4.3390   4.5885   4.8905   5.2850   0.0000   0.0000   0.0000;
152:  0.3070   0.5255   0.7100   0.9085   1.1375   1.3835   1.6785   1.9760   2.2160   2.4595   2.7695   3.0750   3.3215   3.5810   3.8285   4.0775   4.3370   4.5875   4.8885   5.2765   5.9040   0.0000   0.0000;
153:  0.3080   0.5270   0.7115   0.9095   1.1385   1.3835   1.6770   1.9735   2.2130   2.4565   2.7680   3.0745   3.3195   3.5780   3.8255   4.0750   4.3350   4.5865   4.8860   5.2665   5.8975   0.0000   0.0000;
154:  0.3095   0.5290   0.7135   0.9110   1.1390   1.3830   1.6755   1.9715   2.2110   2.4545   2.7660   3.0730   3.3175   3.5745   3.8220   4.0730   4.3330   4.5845   4.8840   5.2570   5.8900   0.0000   0.0000;
155:  0.3105   0.5300   0.7150   0.9120   1.1395   1.3825   1.6735   1.9695   2.2085   2.4520   2.7650   3.0725   3.3155   3.5710   3.8190   4.0710   4.3305   4.5825   4.8830   5.2490   5.8825   0.0000   0.0000;
156:  0.3115   0.5320   0.7165   0.9130   1.1405   1.3830   1.6730   1.9675   2.2060   2.4500   2.7630   3.0710   3.3135   3.5675   3.8155   4.0685   4.3280   4.5805   4.8830   5.2430   5.8770   0.0000   0.0000;
157:  0.3125   0.5330   0.7180   0.9145   1.1415   1.3825   1.6710   1.9655   2.2035   2.4470   2.7610   3.0695   3.3110   3.5635   3.8115   4.0655   4.3250   4.5780   4.8835   5.2395   5.8730   0.0000   0.0000;
158:  0.3140   0.5350   0.7200   0.9160   1.1425   1.3830   1.6700   1.9630   2.2010   2.4450   2.7595   3.0680   3.3085   3.5600   3.8080   4.0630   4.3225   4.5750   4.8845   5.2385   5.8710   0.0000   0.0000;
159:  0.3145   0.5365   0.7215   0.9170   1.1435   1.3825   1.6680   1.9610   2.1985   2.4425   2.7580   3.0665   3.3060   3.5560   3.8040   4.0605   4.3200   4.5725   4.8860   5.2395   5.8720   0.0000   0.0000;
160:  0.3160   0.5380   0.7230   0.9185   1.1440   1.3825   1.6670   1.9590   2.1965   2.4400   2.7555   3.0645   3.3035   3.5525   3.8005   4.0575   4.3170   4.5695   4.8880   5.2425   5.8750   0.0000   0.0000;
161:  0.3170   0.5395   0.7250   0.9200   1.1450   1.3825   1.6660   1.9570   2.1935   2.4375   2.7535   3.0625   3.3010   3.5490   3.7975   4.0555   4.3145   4.5670   4.8900   5.2465   5.8795   0.0000   0.0000;
162:  0.3185   0.5410   0.7260   0.9215   1.1465   1.3825   1.6645   1.9550   2.1910   2.4345   2.7515   3.0605   3.2980   3.5455   3.7945   4.0535   4.3125   4.5645   4.8910   5.2505   5.8855   0.0000   0.0000;
163:  0.3195   0.5425   0.7280   0.9230   1.1475   1.3825   1.6630   1.9530   2.1890   2.4325   2.7495   3.0580   3.2950   3.5420   3.7915   4.0515   4.3105   4.5620   4.8910   5.2535   5.8920   0.0000   0.0000;
164:  0.3205   0.5440   0.7295   0.9245   1.1480   1.3820   1.6615   1.9505   2.1860   2.4295   2.7470   3.0555   3.2920   3.5385   3.7885   4.0490   4.3080   4.5600   4.8910   5.2555   5.8985   0.0000   0.0000;
165:  0.3215   0.5450   0.7305   0.9255   1.1490   1.3820   1.6605   1.9490   2.1840   2.4270   2.7440   3.0520   3.2885   3.5355   3.7860   4.0475   4.3065   4.5580   4.8895   5.2550   5.9040   0.0000   0.0000;
166:  0.3225   0.5460   0.7320   0.9270   1.1500   1.3825   1.6595   1.9470   2.1820   2.4245   2.7415   3.0495   3.2855   3.5325   3.7840   4.0460   4.3050   4.5565   4.8870   5.2530   5.9090   0.0000   0.0000;
167:  0.3240   0.5480   0.7335   0.9280   1.1505   1.3820   1.6580   1.9445   2.1790   2.4220   2.7390   3.0460   3.2820   3.5300   3.7825   4.0445   4.3035   4.5550   4.8830   5.2480   5.9125   0.0000   0.0000;
168:  0.3250   0.5490   0.7350   0.9295   1.1515   1.3820   1.6565   1.9425   2.1770   2.4195   2.7365   3.0430   3.2785   3.5270   3.7810   4.0440   4.3025   4.5540   4.8790   5.2415   5.9145   0.0000   0.0000;
169:  0.3255   0.5500   0.7365   0.9310   1.1520   1.3815   1.6550   1.9405   2.1750   2.4170   2.7335   3.0395   3.2750   3.5250   3.7800   4.0430   4.3015   4.5530   4.8740   5.2330   5.9160   0.0000   0.0000;
170:  0.3270   0.5520   0.7380   0.9320   1.1525   1.3810   1.6535   1.9380   2.1720   2.4140   2.7305   3.0355   3.2715   3.5235   3.7795   4.0425   4.3010   4.5525   4.8685   5.2235   5.9165   0.0000   0.0000;
171:  0.3280   0.5530   0.7390   0.9330   1.1535   1.3810   1.6520   1.9360   2.1700   2.4115   2.7275   3.0320   3.2680   3.5215   3.7790   4.0420   4.3005   4.5525   4.8630   5.2140   5.9170   0.0000   0.0000;
172:  0.3290   0.5540   0.7405   0.9345   1.1540   1.3805   1.6505   1.9335   2.1670   2.4085   2.7245   3.0280   3.2640   3.5200   3.7790   4.0415   4.3005   4.5530   4.8575   5.2040   5.9170   0.0000   0.0000;
173:  0.3305   0.5555   0.7415   0.9355   1.1545   1.3800   1.6485   1.9310   2.1650   2.4060   2.7210   3.0240   3.2610   3.5190   3.7795   4.0415   4.3000   4.5530   4.8530   5.1965   5.9185   0.0000   0.0000;
174:  0.3315   0.5565   0.7425   0.9365   1.1550   1.3795   1.6470   1.9285   2.1620   2.4030   2.7180   3.0200   3.2570   3.5175   3.7795   4.0415   4.3005   4.5540   4.8490   5.1895   5.9200   0.0000   0.0000;
175:  0.3325   0.5575   0.7440   0.9375   1.1550   1.3795   1.6460   1.9260   2.1595   2.4000   2.7145   3.0160   3.2535   3.5165   3.7800   4.0415   4.3000   4.5545   4.8460   5.1850   5.9225   0.0000   0.0000;
176:  0.3335   0.5585   0.7450   0.9385   1.1555   1.3790   1.6440   1.9235   2.1570   2.3970   2.7110   3.0115   3.2500   3.5160   3.7810   4.0415   4.3000   4.5555   4.8440   5.1820   5.9255   0.0000   0.0000;
177:  0.3340   0.5595   0.7460   0.9395   1.1555   1.3775   1.6420   1.9210   2.1545   2.3945   2.7075   3.0075   3.2465   3.5150   3.7815   4.0415   4.3000   4.5560   4.8430   5.1810   5.9290   0.0000   0.0000;
178:  0.3355   0.5605   0.7470   0.9400   1.1555   1.3770   1.6400   1.9180   2.1515   2.3910   2.7040   3.0035   3.2430   3.5145   3.7825   4.0415   4.3000   4.5570   4.8425   5.1810   5.9330   0.0000   0.0000;
179:  0.3360   0.5615   0.7480   0.9410   1.1555   1.3760   1.6380   1.9150   2.1485   2.3880   2.7005   2.9990   3.2390   3.5135   3.7830   4.0410   4.2995   4.5575   4.8430   5.1820   5.9365   0.0000   0.0000;
180:  0.3370   0.5625   0.7490   0.9415   1.1555   1.3755   1.6365   1.9125   2.1455   2.3845   2.6965   2.9950   3.2360   3.5130   3.7835   4.0405   4.2990   4.5580   4.8440   5.1830   5.9385   0.0000   0.0000;
181:  0.3385   0.5640   0.7500   0.9420   1.1550   1.3745   1.6345   1.9090   2.1420   2.3815   2.6930   2.9905   3.2325   3.5120   3.7835   4.0400   4.2980   4.5580   4.8455   5.1835   5.9395   0.0000   0.0000;
182:  0.3390   0.5645   0.7510   0.9425   1.1545   1.3730   1.6320   1.9060   2.1390   2.3780   2.6890   2.9865   3.2290   3.5105   3.7835   4.0390   4.2970   4.5580   4.8465   5.1830   5.9395   0.0000   0.0000;
183:  0.3400   0.5655   0.7515   0.9425   1.1540   1.3720   1.6300   1.9025   2.1355   2.3745   2.6850   2.9820   3.2250   3.5090   3.7830   4.0375   4.2950   4.5570   4.8470   5.1800   5.9365   0.0000   0.0000;
184:  0.3410   0.5665   0.7525   0.9430   1.1540   1.3710   1.6270   1.8985   2.1315   2.3710   2.6815   2.9780   3.2220   3.5080   3.7820   4.0355   4.2935   4.5565   4.8475   5.1755   5.9325   0.0000   0.0000;
185:  0.3415   0.5670   0.7525   0.9430   1.1530   1.3695   1.6250   1.8955   2.1285   2.3675   2.6775   2.9740   3.2185   3.5060   3.7805   4.0330   4.2910   4.5545   4.8465   5.1685   5.9260   0.0000   0.0000;
186:  0.3425   0.5680   0.7535   0.9430   1.1520   1.3680   1.6225   1.8920   2.1245   2.3635   2.6735   2.9695   3.2145   3.5040   3.7790   4.0305   4.2880   4.5525   4.8450   5.1600   5.9190   0.0000   0.0000;
187:  0.3430   0.5685   0.7540   0.9430   1.1515   1.3665   1.6195   1.8880   2.1205   2.3595   2.6695   2.9655   3.2110   3.5015   3.7765   4.0275   4.2850   4.5495   4.8420   5.1495   5.9110   0.0000   0.0000;
188:  0.3440   0.5690   0.7545   0.9430   1.1500   1.3650   1.6170   1.8835   2.1160   2.3555   2.6650   2.9610   3.2075   3.4985   3.7735   4.0235   4.2805   4.5460   4.8385   5.1385   5.9030   0.0000   0.0000;
189:  0.3445   0.5700   0.7550   0.9430   1.1495   1.3630   1.6140   1.8800   2.1115   2.3505   2.6605   2.9570   3.2040   3.4955   3.7695   4.0190   4.2765   4.5420   4.8345   5.1280   5.8950   0.0000   0.0000;
190:  0.3450   0.5705   0.7555   0.9425   1.1480   1.3610   1.6110   1.8760   2.1075   2.3465   2.6560   2.9525   3.2000   3.4915   3.7655   4.0145   4.2715   4.5370   4.8290   5.1175   5.8880   0.0000   0.0000;
191:  0.3455   0.5710   0.7555   0.9420   1.1465   1.3590   1.6080   1.8715   2.1025   2.3420   2.6520   2.9490   3.1965   3.4870   3.7605   4.0095   4.2660   4.5310   4.8230   5.1085   5.8820   0.0000   0.0000;
192:  0.3460   0.5710   0.7555   0.9415   1.1450   1.3570   1.6050   1.8670   2.0975   2.3370   2.6470   2.9445   3.1925   3.4825   3.7550   4.0035   4.2600   4.5250   4.8170   5.1020   5.8780   0.0000   0.0000;
193:  0.3460   0.5715   0.7560   0.9410   1.1435   1.3545   1.6010   1.8620   2.0925   2.3320   2.6425   2.9405   3.1885   3.4770   3.7480   3.9970   4.2535   4.5180   4.8110   5.0980   5.8750   0.0000   0.0000;
194:  0.3470   0.5720   0.7555   0.9395   1.1415   1.3525   1.5980   1.8575   2.0870   2.3270   2.6380   2.9360   3.1845   3.4720   3.7415   3.9905   4.2470   4.5105   4.8045   5.0965   5.8735   0.0000   0.0000;
195:  0.3470   0.5720   0.7555   0.9390   1.1400   1.3500   1.5940   1.8525   2.0820   2.3220   2.6330   2.9315   3.1800   3.4655   3.7340   3.9835   4.2400   4.5025   4.7980   5.0975   5.8720   0.0000   0.0000;
196:  0.3470   0.5720   0.7550   0.9375   1.1375   1.3470   1.5905   1.8480   2.0765   2.3165   2.6280   2.9270   3.1760   3.4595   3.7260   3.9760   4.2325   4.4935   4.7910   5.1000   5.8710   0.0000   0.0000;
197:  0.3475   0.5720   0.7550   0.9370   1.1360   1.3445   1.5865   1.8425   2.0705   2.3105   2.6225   2.9220   3.1710   3.4525   3.7170   3.9680   4.2250   4.4850   4.7850   5.1040   5.8690   0.0000   0.0000;
198:  0.3475   0.5720   0.7545   0.9355   1.1335   1.3415   1.5825   1.8375   2.0650   2.3050   2.6170   2.9170   3.1660   3.4450   3.7085   3.9600   4.2165   4.4750   4.7780   5.1080   5.8650   0.0000   0.0000;
199:  0.3475   0.5720   0.7540   0.9340   1.1315   1.3390   1.5785   1.8320   2.0590   2.2990   2.6115   2.9125   3.1615   3.4380   3.6995   3.9515   4.2080   4.4650   4.7710   5.1105   5.8585   0.0000   0.0000;
200:  0.3470   0.5710   0.7530   0.9325   1.1290   1.3360   1.5745   1.8265   2.0525   2.2930   2.6060   2.9070   3.1560   3.4300   3.6895   3.9425   4.2000   4.4555   4.7635   5.1110   5.8490   0.0000   0.0000;
201:  0.3470   0.5710   0.7520   0.9305   1.1265   1.3325   1.5700   1.8210   2.0465   2.2870   2.6000   2.9015   3.1505   3.4215   3.6795   3.9340   4.1915   4.4450   4.7550   5.1085   5.8360   0.0000   0.0000;
202:  0.3470   0.5705   0.7510   0.9290   1.1240   1.3290   1.5655   1.8155   2.0400   2.2805   2.5940   2.8960   3.1450   3.4135   3.6695   3.9250   4.1830   4.4345   4.7455   5.1020   5.8200   0.0000   0.0000;
203:  0.3470   0.5705   0.7500   0.9270   1.1210   1.3255   1.5610   1.8095   2.0335   2.2740   2.5880   2.8905   3.1395   3.4050   3.6590   3.9160   4.1745   4.4240   4.7350   5.0915   5.8010   0.0000   0.0000;
204:  0.3465   0.5695   0.7490   0.9255   1.1185   1.3220   1.5565   1.8040   2.0270   2.2670   2.5810   2.8840   3.1330   3.3965   3.6495   3.9075   4.1660   4.4135   4.7230   5.0760   5.7790   0.0000   0.0000;
205:  0.3460   0.5685   0.7475   0.9235   1.1160   1.3185   1.5515   1.7980   2.0205   2.2605   2.5745   2.8780   3.1270   3.3875   3.6390   3.8985   4.1575   4.4035   4.7105   5.0575   5.7565   0.0000   0.0000;
206:  0.3460   0.5680   0.7460   0.9215   1.1135   1.3150   1.5465   1.7915   2.0135   2.2535   2.5680   2.8720   3.1205   3.3790   3.6290   3.8895   4.1495   4.3935   4.6960   5.0350   5.7335   0.0000   0.0000;
207:  0.3450   0.5670   0.7445   0.9195   1.1105   1.3110   1.5415   1.7855   2.0065   2.2460   2.5605   2.8645   3.1135   3.3700   3.6190   3.8815   4.1420   4.3840   4.6810   5.0105   5.7110   0.0000   0.0000;
208:  0.3445   0.5660   0.7430   0.9170   1.1075   1.3075   1.5365   1.7790   1.9995   2.2390   2.5535   2.8580   3.1070   3.3620   3.6100   3.8730   4.1340   4.3745   4.6650   4.9855   0.0000   0.0000   0.0000;
209:  0.3440   0.5650   0.7410   0.9145   1.1045   1.3035   1.5320   1.7735   1.9930   2.2320   2.5465   2.8510   3.0995   3.3530   3.6005   3.8650   4.1265   4.3655   4.6495   4.9620   0.0000   0.0000   0.0000;
210:  0.3435   0.5635   0.7390   0.9125   1.1015   1.2990   1.5265   1.7670   1.9855   2.2245   2.5390   2.8435   3.0925   3.3450   3.5915   3.8570   4.1195   4.3570   4.6345   4.9415   0.0000   0.0000   0.0000;
211:  0.3430   0.5625   0.7370   0.9095   1.0985   1.2955   1.5210   1.7600   1.9785   2.2170   2.5310   2.8360   3.0850   3.3365   3.5825   3.8490   4.1125   4.3485   4.6195   4.9250   0.0000   0.0000   0.0000;
212:  0.3425   0.5610   0.7350   0.9075   1.0955   1.2910   1.5155   1.7540   1.9715   2.2095   2.5235   2.8285   3.0775   3.3280   3.5740   3.8415   4.1060   4.3415   4.6075   4.9150   0.0000   0.0000   0.0000;
213:  0.3415   0.5595   0.7325   0.9045   1.0920   1.2870   1.5105   1.7475   1.9645   2.2020   2.5155   2.8210   3.0700   3.3200   3.5655   3.8335   4.0990   4.3335   4.5960   4.9110   0.0000   0.0000   0.0000;
214:  0.3410   0.5585   0.7310   0.9025   1.0895   1.2830   1.5050   1.7410   1.9570   2.1945   2.5080   2.8130   3.0620   3.3125   3.5585   3.8270   4.0935   4.3275   4.5885   4.9155   0.0000   0.0000   0.0000;
215:  0.3405   0.5570   0.7285   0.8995   1.0860   1.2790   1.5000   1.7345   1.9500   2.1870   2.4995   2.8045   3.0540   3.3050   3.5510   3.8195   4.0870   4.3210   4.5835   4.9275   0.0000   0.0000   0.0000;
216:  0.3395   0.5550   0.7260   0.8970   1.0830   1.2745   1.4945   1.7285   1.9435   2.1795   2.4915   2.7965   3.0460   3.2980   3.5445   3.8130   4.0815   4.3150   4.5815   4.9470   0.0000   0.0000   0.0000;
217:  0.3385   0.5535   0.7235   0.8940   1.0795   1.2700   1.4890   1.7220   1.9360   2.1715   2.4830   2.7880   3.0375   3.2905   3.5380   3.8065   4.0755   4.3090   4.5830   4.9730   0.0000   0.0000   0.0000;
218:  0.3380   0.5520   0.7210   0.8915   1.0765   1.2660   1.4835   1.7150   1.9290   2.1640   2.4750   2.7800   3.0295   3.2835   3.5315   3.7995   4.0695   4.3035   4.5875   0.0000   0.0000   0.0000   0.0000;
219:  0.3370   0.5500   0.7185   0.8885   1.0735   1.2620   1.4780   1.7085   1.9220   2.1565   2.4665   2.7715   3.0215   3.2770   3.5255   3.7930   4.0640   4.2985   0.0000   0.0000   0.0000   0.0000   0.0000;
220:  0.3365   0.5485   0.7160   0.8860   1.0705   1.2575   1.4725   1.7020   1.9145   2.1485   2.4585   2.7635   3.0130   3.2700   3.5195   3.7865   4.0585   4.2935   0.0000   0.0000   0.0000   0.0000   0.0000;
221:  0.3355   0.5465   0.7135   0.8830   1.0670   1.2530   1.4670   1.6960   1.9080   2.1415   2.4505   2.7550   3.0050   3.2635   3.5140   3.7800   4.0525   4.2885   0.0000   0.0000   0.0000   0.0000   0.0000;
222:  0.3345   0.5450   0.7110   0.8800   1.0640   1.2495   1.4620   1.6895   1.9010   2.1340   2.4425   2.7470   2.9970   3.2575   3.5085   3.7730   4.0465   4.2840   0.0000   0.0000   0.0000   0.0000   0.0000;
223:  0.3335   0.5430   0.7085   0.8775   1.0610   1.2450   1.4565   1.6830   1.8940   2.1265   2.4340   2.7385   2.9885   3.2505   3.5025   3.7665   4.0410   4.2790   0.0000   0.0000   0.0000   0.0000   0.0000;
224:  0.3330   0.5415   0.7060   0.8745   1.0575   1.2405   1.4515   1.6775   1.8875   2.1190   2.4260   2.7305   2.9805   3.2445   3.4975   3.7595   4.0340   4.2735   0.0000   0.0000   0.0000   0.0000   0.0000;
225:  0.3320   0.5395   0.7035   0.8720   1.0550   1.2365   1.4460   1.6710   1.8805   2.1120   2.4180   2.7220   2.9720   3.2380   3.4920   3.7525   4.0275   4.2680   0.0000   0.0000   0.0000   0.0000   0.0000;
226:  0.3315   0.5380   0.7015   0.8695   1.0515   1.2325   1.4410   1.6650   1.8740   2.1045   2.4100   2.7140   2.9640   3.2315   3.4860   3.7450   4.0205   4.2620   0.0000   0.0000   0.0000   0.0000   0.0000;
227:  0.3305   0.5360   0.6990   0.8665   1.0480   1.2280   1.4360   1.6590   1.8670   2.0975   2.4025   2.7065   2.9565   3.2255   3.4800   3.7370   4.0135   4.2565   0.0000   0.0000   0.0000   0.0000   0.0000;
228:  0.3290   0.5340   0.6965   0.8640   1.0455   1.2240   1.4305   1.6530   1.8605   2.0900   2.3950   2.6995   2.9485   3.2185   3.4740   3.7295   4.0055   4.2490   0.0000   0.0000   0.0000   0.0000   0.0000;
229:  0.3285   0.5325   0.6940   0.8610   1.0420   1.2200   1.4260   1.6470   1.8535   2.0830   2.3875   2.6915   2.9405   3.2115   3.4670   3.7210   3.9975   0.0000   0.0000   0.0000   0.0000   0.0000   0.0000;
230:  0.3275   0.5305   0.6920   0.8590   1.0395   1.2160   1.4210   1.6415   1.8475   2.0765   2.3800   2.6840   2.9330   3.2050   3.4605   3.7120   3.9880   0.0000   0.0000   0.0000   0.0000   0.0000   0.0000;
231:  0.3270   0.5290   0.6895   0.8560   1.0365   1.2120   1.4155   1.6355   1.8410   2.0700   2.3735   2.6770   2.9255   3.1980   3.4535   3.7035   3.9790   0.0000   0.0000   0.0000   0.0000   0.0000   0.0000;
232:  0.3260   0.5270   0.6875   0.8535   1.0330   1.2080   1.4110   1.6300   1.8350   2.0635   2.3665   2.6705   2.9180   3.1900   3.4460   3.6945   3.9695   0.0000   0.0000   0.0000   0.0000   0.0000   0.0000;
233:  0.3250   0.5255   0.6855   0.8515   1.0305   1.2040   1.4060   1.6245   1.8290   2.0570   2.3595   2.6635   2.9105   3.1825   3.4380   3.6845   3.9590   0.0000   0.0000   0.0000   0.0000   0.0000   0.0000;
234:  0.3240   0.5235   0.6835   0.8490   1.0270   1.2000   1.4015   1.6195   1.8230   2.0505   2.3530   2.6570   2.9035   3.1745   3.4295   3.6750   3.9485   0.0000   0.0000   0.0000   0.0000   0.0000   0.0000;
235:  0.3235   0.5220   0.6810   0.8460   1.0240   1.1965   1.3975   1.6145   1.8170   2.0445   2.3465   2.6500   2.8965   3.1670   3.4205   3.6645   3.9375   0.0000   0.0000   0.0000   0.0000   0.0000   0.0000;
236:  0.3220   0.5205   0.6795   0.8440   1.0210   1.1920   1.3925   1.6095   1.8115   2.0385   2.3405   2.6445   2.8900   3.1590   3.4120   3.6540   3.9255   0.0000   0.0000   0.0000   0.0000   0.0000   0.0000;
237:  0.3215   0.5190   0.6775   0.8415   1.0180   1.1885   1.3880   1.6040   1.8055   2.0325   2.3345   2.6385   2.8830   3.1505   3.4025   3.6435   3.9140   0.0000   0.0000   0.0000   0.0000   0.0000   0.0000;
238:  0.3205   0.5170   0.6755   0.8390   1.0150   1.1850   1.3840   1.5995   1.8005   2.0275   2.3290   2.6325   2.8765   3.1420   3.3925   3.6325   3.9015   0.0000   0.0000   0.0000   0.0000   0.0000   0.0000;
239:  0.3195   0.5155   0.6740   0.8375   1.0120   1.1810   1.3800   1.5950   1.7950   2.0220   2.3235   2.6265   2.8695   3.1330   3.3825   3.6215   3.8890   0.0000   0.0000   0.0000   0.0000   0.0000   0.0000;
240:  0.3185   0.5140   0.6725   0.8350   1.0090   1.1775   1.3760   1.5905   1.7895   2.0165   2.3180   2.6210   2.8635   3.1240   3.3720   3.6110   3.8770   4.1175   0.0000   0.0000   0.0000   0.0000   0.0000;
241:  0.3175   0.5125   0.6705   0.8330   1.0065   1.1740   1.3715   1.5860   1.7850   2.0115   2.3130   2.6160   2.8575   3.1150   3.3615   3.6000   3.8640   4.1025   0.0000   0.0000   0.0000   0.0000   0.0000;
242:  0.3170   0.5115   0.6695   0.8310   1.0030   1.1700   1.3675   1.5815   1.7800   2.0065   2.3080   2.6105   2.8510   3.1060   3.3510   3.5890   3.8515   4.0880   0.0000   0.0000   0.0000   0.0000   0.0000;
243:  0.3155   0.5095   0.6675   0.8290   1.0005   1.1670   1.3640   1.5775   1.7755   2.0015   2.3025   2.6050   2.8455   3.0975   3.3405   3.5785   3.8390   4.0725   0.0000   0.0000   0.0000   0.0000   0.0000;
244:  0.3150   0.5085   0.6665   0.8270   0.9975   1.1635   1.3605   1.5740   1.7710   1.9970   2.2980   2.6000   2.8395   3.0885   3.3305   3.5685   3.8270   4.0575   0.0000   0.0000   0.0000   0.0000   0.0000;
245:  0.3140   0.5070   0.6645   0.8250   0.9950   1.1605   1.3570   1.5700   1.7670   1.9930   2.2935   2.5950   2.8340   3.0795   3.3200   3.5585   3.8145   4.0420   0.0000   0.0000   0.0000   0.0000   0.0000;
246:  0.3135   0.5060   0.6635   0.8230   0.9915   1.1565   1.3535   1.5665   1.7625   1.9885   2.2895   2.5905   2.8285   3.0710   3.3100   3.5490   3.8030   4.0270   0.0000   0.0000   0.0000   0.0000   0.0000;
247:  0.3125   0.5045   0.6620   0.8215   0.9890   1.1535   1.3500   1.5630   1.7590   1.9845   2.2850   2.5855   2.8230   3.0625   3.3005   3.5400   3.7920   4.0125   0.0000   0.0000   0.0000   0.0000   0.0000;
248:  0.3115   0.5035   0.6605   0.8190   0.9860   1.1505   1.3470   1.5600   1.7560   1.9810   2.2810   2.5810   2.8175   3.0540   3.2910   3.5315   3.7810   3.9975   0.0000   0.0000   0.0000   0.0000   0.0000;
249:  0.3100   0.5020   0.6595   0.8175   0.9835   1.1475   1.3440   1.5570   1.7525   1.9775   2.2770   2.5760   2.8125   3.0465   3.2825   3.5240   3.7710   3.9835   0.0000   0.0000   0.0000   0.0000   0.0000;
250:  0.3100   0.5010   0.6580   0.8160   0.9810   1.1445   1.3410   1.5540   1.7490   1.9740   2.2735   2.5715   2.8075   3.0390   3.2740   3.5165   3.7615   3.9705   0.0000   0.0000   0.0000   0.0000   0.0000;
251:  0.3085   0.4995   0.6565   0.8135   0.9780   1.1415   1.3380   1.5510   1.7460   1.9705   2.2695   2.5670   2.8025   3.0315   3.2660   3.5100   3.7530   3.9580   0.0000   0.0000   0.0000   0.0000   0.0000;
252:  0.3080   0.4990   0.6555   0.8120   0.9755   1.1390   1.3355   1.5485   1.7440   1.9685   2.2665   2.5625   2.7975   3.0245   3.2590   3.5045   3.7450   3.9460   0.0000   0.0000   0.0000   0.0000   0.0000;
253:  0.3075   0.4980   0.6545   0.8105   0.9730   1.1360   1.3330   1.5465   1.7415   1.9655   2.2630   2.5585   2.7935   3.0185   3.2530   3.4995   3.7380   3.9355   0.0000   0.0000   0.0000   0.0000   0.0000;
254:  0.3065   0.4965   0.6530   0.8090   0.9710   1.1340   1.3305   1.5440   1.7395   1.9630   2.2595   2.5540   2.7890   3.0130   3.2475   3.4950   3.7315   3.9250   0.0000   0.0000   0.0000   0.0000   0.0000;
255:  0.3055   0.4955   0.6515   0.8070   0.9685   1.1315   1.3285   1.5420   1.7375   1.9605   2.2560   2.5495   2.7845   3.0080   3.2430   3.4915   3.7260   3.9160   0.0000   0.0000   0.0000   0.0000   0.0000;
256:  0.3045   0.4945   0.6505   0.8055   0.9660   1.1290   1.3265   1.5405   1.7360   1.9585   2.2535   2.5460   2.7810   3.0035   3.2390   3.4890   3.7215   3.9080   0.0000   0.0000   0.0000   0.0000   0.0000;
257:  0.3040   0.4935   0.6495   0.8040   0.9640   1.1270   1.3245   1.5390   1.7350   1.9570   2.2510   2.5420   2.7765   2.9990   3.2360   3.4875   3.7175   3.9010   0.0000   0.0000   0.0000   0.0000   0.0000;
258:  0.3035   0.4930   0.6480   0.8020   0.9615   1.1245   1.3225   1.5375   1.7340   1.9555   2.2480   2.5380   2.7730   2.9955   3.2335   3.4860   3.7145   3.8950   0.0000   0.0000   0.0000   0.0000   0.0000;
259:  0.3025   0.4920   0.6470   0.8010   0.9600   1.1225   1.3210   1.5365   1.7330   1.9540   2.2455   2.5345   2.7700   2.9930   3.2320   3.4855   3.7125   3.8905   0.0000   0.0000   0.0000   0.0000   0.0000;
260:  0.3020   0.4910   0.6460   0.7995   0.9580   1.1210   1.3195   1.5355   1.7325   1.9525   2.2430   2.5310   2.7665   2.9905   3.2315   3.4860   3.7110   0.0000   0.0000   0.0000   0.0000   0.0000   0.0000;
261:  0.3015   0.4905   0.6450   0.7980   0.9560   1.1195   1.3185   1.5350   1.7325   1.9515   2.2410   2.5280   2.7635   2.9890   3.2315   3.4865   0.0000   0.0000   0.0000   0.0000   0.0000   0.0000   0.0000;
262:  0.3010   0.4895   0.6435   0.7965   0.9545   1.1180   1.3175   1.5345   1.7325   1.9510   2.2390   2.5245   2.7605   2.9880   3.2325   3.4880   0.0000   0.0000   0.0000   0.0000   0.0000   0.0000   0.0000;
263:  0.3005   0.4890   0.6425   0.7950   0.9530   1.1165   1.3165   1.5345   1.7325   1.9500   2.2370   2.5220   2.7585   2.9875   3.2335   3.4895   0.0000   0.0000   0.0000   0.0000   0.0000   0.0000   0.0000;
264:  0.3000   0.4880   0.6415   0.7940   0.9515   1.1155   1.3160   1.5345   1.7335   1.9500   2.2355   2.5195   2.7560   2.9870   3.2355   3.4915   0.0000   0.0000   0.0000   0.0000   0.0000   0.0000   0.0000;
265:  0.2995   0.4875   0.6405   0.7930   0.9505   1.1145   1.3155   1.5350   1.7345   1.9500   2.2340   2.5175   2.7545   2.9875   3.2375   3.4935   0.0000   0.0000   0.0000   0.0000   0.0000   0.0000   0.0000;
266:  0.2990   0.4870   0.6390   0.7910   0.9490   1.1135   1.3150   1.5355   1.7350   1.9500   2.2335   2.5155   2.7525   2.9880   3.2400   3.4960   0.0000   0.0000   0.0000   0.0000   0.0000   0.0000   0.0000;
267:  0.2985   0.4865   0.6385   0.7900   0.9480   1.1130   1.3155   1.5365   1.7365   1.9505   2.2320   2.5135   2.7510   2.9890   3.2430   3.4985   0.0000   0.0000   0.0000   0.0000   0.0000   0.0000   0.0000;
268:  0.2985   0.4860   0.6375   0.7890   0.9470   1.1125   1.3155   1.5375   1.7380   1.9510   2.2315   2.5125   2.7505   2.9905   3.2460   3.5010   0.0000   0.0000   0.0000   0.0000   0.0000   0.0000   0.0000;
269:  0.2980   0.4855   0.6365   0.7880   0.9460   1.1120   1.3160   1.5385   1.7395   1.9520   2.2315   2.5120   2.7500   2.9925   3.2495   3.5030   0.0000   0.0000   0.0000   0.0000   0.0000   0.0000   0.0000;
270:  0.2980   0.4850   0.6355   0.7870   0.9455   1.1120   1.3165   1.5400   1.7410   1.9525   2.2315   2.5115   2.7495   2.9940   3.2525   3.5055   0.0000   0.0000   0.0000   0.0000   0.0000   0.0000   0.0000;
271:  0.2970   0.4845   0.6350   0.7865   0.9455   1.1120   1.3175   1.5420   1.7430   1.9535   2.2315   2.5115   2.7495   2.9960   3.2560   3.5075   0.0000   0.0000   0.0000   0.0000   0.0000   0.0000   0.0000;
272:  0.2970   0.4840   0.6340   0.7855   0.9450   1.1125   1.3185   1.5435   1.7455   1.9555   2.2320   2.5115   2.7495   2.9980   3.2590   3.5090   0.0000   0.0000   0.0000   0.0000   0.0000   0.0000   0.0000;
273:  0.2970   0.4840   0.6335   0.7850   0.9450   1.1125   1.3195   1.5460   1.7480   1.9570   2.2330   2.5125   2.7505   3.0005   3.2620   3.5105   0.0000   0.0000   0.0000   0.0000   0.0000   0.0000   0.0000;
274:  0.2970   0.4835   0.6325   0.7840   0.9445   1.1130   1.3210   1.5485   1.7505   1.9585   2.2340   2.5135   2.7515   3.0025   3.2640   3.5115   0.0000   0.0000   0.0000   0.0000   0.0000   0.0000   0.0000;
275:  0.2970   0.4835   0.6325   0.7840   0.9450   1.1140   1.3230   1.5515   1.7535   1.9605   2.2350   2.5150   2.7530   3.0050   3.2670   3.5125   0.0000   0.0000   0.0000   0.0000   0.0000   0.0000   0.0000;
276:  0.2965   0.4835   0.6320   0.7830   0.9445   1.1145   1.3245   1.5535   1.7555   1.9625   2.2370   2.5170   2.7545   3.0065   3.2680   3.5120   0.0000   0.0000   0.0000   0.0000   0.0000   0.0000   0.0000;
277:  0.2965   0.4830   0.6315   0.7830   0.9450   1.1155   1.3265   1.5570   1.7590   1.9645   2.2385   2.5190   2.7560   3.0085   3.2695   3.5115   0.0000   0.0000   0.0000   0.0000   0.0000   0.0000   0.0000;
278:  0.2965   0.4830   0.6310   0.7825   0.9455   1.1170   1.3290   1.5600   1.7620   1.9675   2.2410   2.5215   2.7580   3.0105   3.2710   3.5105   0.0000   0.0000   0.0000   0.0000   0.0000   0.0000   0.0000;
279:  0.2965   0.4830   0.6310   0.7825   0.9460   1.1180   1.3315   1.5640   1.7655   1.9700   2.2435   2.5245   2.7605   3.0120   3.2705   3.5085   0.0000   0.0000   0.0000   0.0000   0.0000   0.0000   0.0000;
280:  0.2960   0.4830   0.6310   0.7830   0.9470   1.1195   1.3340   1.5670   1.7685   1.9730   2.2465   2.5280   2.7635   3.0140   3.2710   3.5065   0.0000   0.0000   0.0000   0.0000   0.0000   0.0000   0.0000;
281:  0.2960   0.4830   0.6305   0.7825   0.9480   1.1215   1.3370   1.5710   1.7720   1.9755   2.2490   2.5315   2.7665   3.0155   3.2705   3.5040   0.0000   0.0000   0.0000   0.0000   0.0000   0.0000   0.0000;
282:  0.2960   0.4830   0.6305   0.7830   0.9490   1.1230   1.3400   1.5750   1.7760   1.9795   2.2530   2.5360   2.7700   3.0170   3.2695   3.5010   0.0000   0.0000   0.0000   0.0000   0.0000   0.0000   0.0000;
283:  0.2960   0.4830   0.6305   0.7830   0.9500   1.1250   1.3430   1.5790   1.7795   1.9825   2.2565   2.5400   2.7735   3.0185   3.2680   3.4975   0.0000   0.0000   0.0000   0.0000   0.0000   0.0000   0.0000;
284:  0.2960   0.4830   0.6310   0.7840   0.9515   1.1270   1.3460   1.5830   1.7830   1.9860   2.2605   2.5445   2.7775   3.0200   3.2665   3.4940   0.0000   0.0000   0.0000   0.0000   0.0000   0.0000   0.0000;
285:  0.2960   0.4830   0.6310   0.7840   0.9525   1.1295   1.3500   1.5875   1.7870   1.9900   2.2650   2.5495   2.7810   3.0205   3.2640   3.4900   0.0000   0.0000   0.0000   0.0000   0.0000   0.0000   0.0000;
286:  0.2955   0.4830   0.6310   0.7850   0.9545   1.1320   1.3535   1.5920   1.7915   1.9940   2.2690   2.5540   2.7855   3.0220   3.2615   3.4855   0.0000   0.0000   0.0000   0.0000   0.0000   0.0000   0.0000;
287:  0.2955   0.4830   0.6315   0.7855   0.9555   1.1340   1.3570   1.5965   1.7955   1.9985   2.2740   2.5595   2.7900   3.0230   3.2590   3.4815   0.0000   0.0000   0.0000   0.0000   0.0000   0.0000   0.0000;
288:  0.2955   0.4830   0.6315   0.7865   0.9575   1.1365   1.3610   1.6015   1.8000   2.0025   2.2785   2.5645   2.7945   3.0245   3.2565   3.4770   0.0000   0.0000   0.0000   0.0000   0.0000   0.0000   0.0000;
289:  0.2955   0.4835   0.6325   0.7875   0.9595   1.1400   1.3655   1.6065   1.8045   2.0070   2.2840   2.5700   2.7990   3.0260   3.2540   3.4725   0.0000   0.0000   0.0000   0.0000   0.0000   0.0000   0.0000;
290:  0.2955   0.4835   0.6325   0.7880   0.9610   1.1425   1.3695   1.6115   1.8090   2.0115   2.2890   2.5755   2.8040   3.0275   3.2515   3.4685   0.0000   0.0000   0.0000   0.0000   0.0000   0.0000   0.0000;
291:  0.2955   0.4835   0.6330   0.7895   0.9635   1.1460   1.3740   1.6165   1.8140   2.0170   2.2950   2.5810   2.8085   3.0290   3.2490   3.4645   0.0000   0.0000   0.0000   0.0000   0.0000   0.0000   0.0000;
292:  0.2950   0.4840   0.6340   0.7910   0.9660   1.1495   1.3790   1.6220   1.8185   2.0220   2.3005   2.5865   2.8140   3.0305   3.2465   3.4610   0.0000   0.0000   0.0000   0.0000   0.0000   0.0000   0.0000;
293:  0.2950   0.4840   0.6345   0.7920   0.9680   1.1525   1.3830   1.6270   1.8235   2.0270   2.3060   2.5920   2.8190   3.0330   3.2445   3.4575   0.0000   0.0000   0.0000   0.0000   0.0000   0.0000   0.0000;
294:  0.2955   0.4850   0.6355   0.7935   0.9705   1.1560   1.3875   1.6320   1.8285   2.0325   2.3120   2.5980   2.8250   3.0355   3.2425   3.4545   0.0000   0.0000   0.0000   0.0000   0.0000   0.0000   0.0000;
295:  0.2955   0.4850   0.6360   0.7950   0.9730   1.1600   1.3930   1.6380   1.8340   2.0385   2.3185   2.6035   2.8300   3.0380   3.2415   3.4520   0.0000   0.0000   0.0000   0.0000   0.0000   0.0000   0.0000;
296:  0.2950   0.4855   0.6370   0.7970   0.9760   1.1635   1.3980   1.6440   1.8400   2.0445   2.3245   2.6090   2.8360   3.0415   3.2405   3.4500   0.0000   0.0000   0.0000   0.0000   0.0000   0.0000   0.0000;
297:  0.2950   0.4855   0.6375   0.7985   0.9790   1.1680   1.4035   1.6495   1.8450   2.0505   2.3310   2.6145   2.8415   3.0450   3.2405   3.4490   0.0000   0.0000   0.0000   0.0000   0.0000   0.0000   0.0000;
298:  0.2950   0.4860   0.6390   0.8005   0.9815   1.1720   1.4085   1.6550   1.8510   2.0570   2.3380   2.6200   2.8465   3.0485   3.2405   0.0000   0.0000   0.0000   0.0000   0.0000   0.0000   0.0000   0.0000;
299:  0.2950   0.4865   0.6400   0.8025   0.9850   1.1765   1.4140   1.6610   1.8570   2.0635   2.3445   2.6255   2.8525   3.0530   3.2415   0.0000   0.0000   0.0000   0.0000   0.0000   0.0000   0.0000   0.0000;
300:  0.2955   0.4870   0.6405   0.8040   0.9880   1.1810   1.4195   1.6670   1.8630   2.0700   2.3510   2.6310   2.8590   3.0580   3.2425   0.0000   0.0000   0.0000   0.0000   0.0000   0.0000   0.0000   0.0000;
301:  0.2955   0.4875   0.6420   0.8065   0.9910   1.1850   1.4250   1.6730   1.8695   2.0770   2.3580   2.6365   2.8645   3.0630   0.0000   0.0000   0.0000   0.0000   0.0000   0.0000   0.0000   0.0000   0.0000;
302:  0.2950   0.4880   0.6430   0.8085   0.9950   1.1905   1.4310   1.6795   1.8765   2.0845   2.3650   2.6415   2.8705   3.0690   0.0000   0.0000   0.0000   0.0000   0.0000   0.0000   0.0000   0.0000   0.0000;
303:  0.2950   0.4885   0.6440   0.8100   0.9980   1.1950   1.4370   1.6860   1.8830   2.0915   2.3720   2.6470   2.8765   3.0750   0.0000   0.0000   0.0000   0.0000   0.0000   0.0000   0.0000   0.0000   0.0000;
304:  0.2950   0.4890   0.6455   0.8125   1.0015   1.2000   1.4430   1.6925   1.8900   2.0990   2.3790   2.6525   2.8835   3.0815   0.0000   0.0000   0.0000   0.0000   0.0000   0.0000   0.0000   0.0000   0.0000;
305:  0.2955   0.4900   0.6470   0.8150   1.0055   1.2055   1.4495   1.6990   1.8970   2.1070   2.3865   2.6575   2.8890   0.0000   0.0000   0.0000   0.0000   0.0000   0.0000   0.0000   0.0000   0.0000   0.0000;
306:  0.2955   0.4905   0.6480   0.8170   1.0095   1.2110   1.4555   1.7060   1.9050   2.1150   2.3940   2.6630   2.8955   0.0000   0.0000   0.0000   0.0000   0.0000   0.0000   0.0000   0.0000   0.0000   0.0000;
307:  0.2960   0.4915   0.6495   0.8200   1.0140   1.2165   1.4620   1.7130   1.9125   2.1230   2.4015   2.6690   2.9025   0.0000   0.0000   0.0000   0.0000   0.0000   0.0000   0.0000   0.0000   0.0000   0.0000;
308:  0.2960   0.4920   0.6510   0.8225   1.0180   1.2220   1.4685   1.7200   1.9200   2.1310   2.4090   2.6745   0.0000   0.0000   0.0000   0.0000   0.0000   0.0000   0.0000   0.0000   0.0000   0.0000   0.0000;
309:  0.2965   0.4930   0.6525   0.8250   1.0220   1.2280   1.4750   1.7265   1.9280   2.1400   2.4170   2.6800   0.0000   0.0000   0.0000   0.0000   0.0000   0.0000   0.0000   0.0000   0.0000   0.0000   0.0000;
310:  0.2965   0.4935   0.6535   0.8275   1.0265   1.2335   1.4815   1.7335   1.9355   2.1480   2.4245   2.6855   0.0000   0.0000   0.0000   0.0000   0.0000   0.0000   0.0000   0.0000   0.0000   0.0000   0.0000;
311:  0.2970   0.4950   0.6555   0.8300   1.0310   1.2400   1.4885   1.7410   1.9440   2.1570   2.4330   2.6920   0.0000   0.0000   0.0000   0.0000   0.0000   0.0000   0.0000   0.0000   0.0000   0.0000   0.0000;
312:  0.2970   0.4955   0.6570   0.8330   1.0355   1.2455   1.4955   1.7490   1.9525   2.1660   2.4415   2.6980   0.0000   0.0000   0.0000   0.0000   0.0000   0.0000   0.0000   0.0000   0.0000   0.0000   0.0000;
313:  0.2975   0.4970   0.6590   0.8355   1.0400   1.2520   1.5025   1.7565   1.9615   2.1750   2.4495   2.7045   0.0000   0.0000   0.0000   0.0000   0.0000   0.0000   0.0000   0.0000   0.0000   0.0000   0.0000;
314:  0.2980   0.4980   0.6610   0.8390   1.0450   1.2585   1.5100   1.7645   1.9700   2.1840   2.4580   2.7115   0.0000   0.0000   0.0000   0.0000   0.0000   0.0000   0.0000   0.0000   0.0000   0.0000   0.0000;
315:  0.2985   0.4995   0.6630   0.8420   1.0500   1.2650   1.5170   1.7720   1.9790   2.1935   2.4665   2.7180   0.0000   0.0000   0.0000   0.0000   0.0000   0.0000   0.0000   0.0000   0.0000   0.0000   0.0000;
316:  0.2985   0.5005   0.6650   0.8450   1.0550   1.2715   1.5245   1.7800   1.9875   2.2030   2.4760   2.7260   0.0000   0.0000   0.0000   0.0000   0.0000   0.0000   0.0000   0.0000   0.0000   0.0000   0.0000;
317:  0.2990   0.5015   0.6670   0.8485   1.0600   1.2775   1.5315   1.7880   1.9965   2.2125   2.4845   2.7330   0.0000   0.0000   0.0000   0.0000   0.0000   0.0000   0.0000   0.0000   0.0000   0.0000   0.0000;
318:  0.2995   0.5030   0.6690   0.8515   1.0655   1.2845   1.5390   1.7965   2.0060   2.2220   2.4935   2.7410   0.0000   0.0000   0.0000   0.0000   0.0000   0.0000   0.0000   0.0000   0.0000   0.0000   0.0000;
319:  0.3000   0.5045   0.6715   0.8545   1.0700   1.2910   1.5465   1.8045   2.0150   2.2315   2.5030   2.7495   0.0000   0.0000   0.0000   0.0000   0.0000   0.0000   0.0000   0.0000   0.0000   0.0000   0.0000;
320:  0.3010   0.5060   0.6740   0.8585   1.0755   1.2975   1.5540   1.8130   2.0245   2.2415   2.5130   2.7585   0.0000   0.0000   0.0000   0.0000   0.0000   0.0000   0.0000   0.0000   0.0000   0.0000   0.0000;
321:  0.3015   0.5075   0.6765   0.8620   1.0810   1.3050   1.5620   1.8215   2.0340   2.2515   2.5225   2.7675   0.0000   0.0000   0.0000   0.0000   0.0000   0.0000   0.0000   0.0000   0.0000   0.0000   0.0000;
322:  0.3020   0.5090   0.6790   0.8655   1.0860   1.3115   1.5700   1.8305   2.0440   2.2615   2.5325   2.7775   0.0000   0.0000   0.0000   0.0000   0.0000   0.0000   0.0000   0.0000   0.0000   0.0000   0.0000;
323:  0.3030   0.5110   0.6815   0.8690   1.0915   1.3185   1.5775   1.8390   2.0535   2.2715   2.5425   2.7870   0.0000   0.0000   0.0000   0.0000   0.0000   0.0000   0.0000   0.0000   0.0000   0.0000   0.0000;
324:  0.3035   0.5125   0.6840   0.8730   1.0970   1.3250   1.5850   1.8475   2.0630   2.2815   2.5530   2.7975   0.0000   0.0000   0.0000   0.0000   0.0000   0.0000   0.0000   0.0000   0.0000   0.0000   0.0000;
325:  0.3040   0.5145   0.6870   0.8765   1.1025   1.3320   1.5930   1.8565   2.0725   2.2910   2.5630   2.8085   0.0000   0.0000   0.0000   0.0000   0.0000   0.0000   0.0000   0.0000   0.0000   0.0000   0.0000;
326:  0.3045   0.5160   0.6900   0.8805   1.1075   1.3385   1.6005   1.8650   2.0820   2.3010   2.5735   2.8195   0.0000   0.0000   0.0000   0.0000   0.0000   0.0000   0.0000   0.0000   0.0000   0.0000   0.0000;
327:  0.3055   0.5185   0.6930   0.8845   1.1135   1.3455   1.6085   1.8740   2.0915   2.3110   2.5845   2.8310   0.0000   0.0000   0.0000   0.0000   0.0000   0.0000   0.0000   0.0000   0.0000   0.0000   0.0000;
328:  0.3060   0.5200   0.6960   0.8885   1.1185   1.3520   1.6165   1.8835   2.1015   2.3210   2.5950   2.8430   0.0000   0.0000   0.0000   0.0000   0.0000   0.0000   0.0000   0.0000   0.0000   0.0000   0.0000;
329:  0.3065   0.5225   0.6990   0.8925   1.1240   1.3585   1.6240   1.8920   2.1110   2.3310   2.6060   2.8550   0.0000   0.0000   0.0000   0.0000   0.0000   0.0000   0.0000   0.0000   0.0000   0.0000   0.0000;
330:  0.3070   0.5240   0.7020   0.8970   1.1300   1.3655   1.6320   1.9010   2.1205   2.3410   2.6170   2.8675   0.0000   0.0000   0.0000   0.0000   0.0000   0.0000   0.0000   0.0000   0.0000   0.0000   0.0000;
331:  0.3080   0.5265   0.7055   0.9010   1.1350   1.3715   1.6390   1.9100   2.1305   2.3510   2.6280   2.8805   0.0000   0.0000   0.0000   0.0000   0.0000   0.0000   0.0000   0.0000   0.0000   0.0000   0.0000;
332:  0.3085   0.5280   0.7080   0.9050   1.1405   1.3780   1.6470   1.9190   2.1400   2.3615   2.6395   2.8935   0.0000   0.0000   0.0000   0.0000   0.0000   0.0000   0.0000   0.0000   0.0000   0.0000   0.0000;
333:  0.3095   0.5305   0.7115   0.9095   1.1460   1.3845   1.6545   1.9275   2.1490   2.3705   2.6505   2.9070   0.0000   0.0000   0.0000   0.0000   0.0000   0.0000   0.0000   0.0000   0.0000   0.0000   0.0000;
334:  0.3095   0.5320   0.7145   0.9140   1.1510   1.3900   1.6615   1.9365   2.1585   2.3805   2.6620   2.9200   0.0000   0.0000   0.0000   0.0000   0.0000   0.0000   0.0000   0.0000   0.0000   0.0000   0.0000;
335:  0.3100   0.5340   0.7180   0.9185   1.1565   1.3965   1.6690   1.9450   2.1680   2.3905   2.6735   2.9340   0.0000   0.0000   0.0000   0.0000   0.0000   0.0000   0.0000   0.0000   0.0000   0.0000   0.0000;
336:  0.3110   0.5365   0.7215   0.9230   1.1620   1.4030   1.6765   1.9535   2.1770   2.4000   2.6845   2.9475   0.0000   0.0000   0.0000   0.0000   0.0000   0.0000   0.0000   0.0000   0.0000   0.0000   0.0000;
337:  0.3120   0.5390   0.7250   0.9275   1.1670   1.4085   1.6835   1.9620   2.1860   2.4095   2.6960   2.9615   0.0000   0.0000   0.0000   0.0000   0.0000   0.0000   0.0000   0.0000   0.0000   0.0000   0.0000;
338:  0.3120   0.5405   0.7280   0.9320   1.1725   1.4150   1.6910   1.9705   2.1950   2.4190   2.7070   2.9755   0.0000   0.0000   0.0000   0.0000   0.0000   0.0000   0.0000   0.0000   0.0000   0.0000   0.0000;
339:  0.3130   0.5430   0.7315   0.9365   1.1775   1.4205   1.6980   1.9790   2.2040   2.4285   2.7185   2.9895   0.0000   0.0000   0.0000   0.0000   0.0000   0.0000   0.0000   0.0000   0.0000   0.0000   0.0000;
340:  0.3130   0.5450   0.7350   0.9410   1.1825   1.4260   1.7045   1.9870   2.2130   2.4380   2.7295   3.0035   0.0000   0.0000   0.0000   0.0000   0.0000   0.0000   0.0000   0.0000   0.0000   0.0000   0.0000;
341:  0.3135   0.5465   0.7380   0.9455   1.1875   1.4315   1.7110   1.9950   2.2220   2.4475   2.7405   3.0170   0.0000   0.0000   0.0000   0.0000   0.0000   0.0000   0.0000   0.0000   0.0000   0.0000   0.0000;
342:  0.3145   0.5490   0.7415   0.9500   1.1925   1.4375   1.7180   2.0030   2.2305   2.4565   2.7515   3.0310   0.0000   0.0000   0.0000   0.0000   0.0000   0.0000   0.0000   0.0000   0.0000   0.0000   0.0000;
343:  0.3145   0.5510   0.7450   0.9545   1.1975   1.4430   1.7245   2.0105   2.2390   2.4655   2.7620   3.0445   0.0000   0.0000   0.0000   0.0000   0.0000   0.0000   0.0000   0.0000   0.0000   0.0000   0.0000;
344:  0.3155   0.5530   0.7480   0.9590   1.2025   1.4485   1.7310   2.0180   2.2470   2.4745   2.7730   3.0580   0.0000   0.0000   0.0000   0.0000   0.0000   0.0000   0.0000   0.0000   0.0000   0.0000   0.0000;
345:  0.3155   0.5550   0.7510   0.9625   1.2065   1.4535   1.7375   2.0260   2.2555   2.4835   2.7835   3.0710   0.0000   0.0000   0.0000   0.0000   0.0000   0.0000   0.0000   0.0000   0.0000   0.0000   0.0000;
346:  0.3160   0.5565   0.7540   0.9675   1.2120   1.4590   1.7435   2.0330   2.2640   2.4925   2.7940   3.0845   0.0000   0.0000   0.0000   0.0000   0.0000   0.0000   0.0000   0.0000   0.0000   0.0000   0.0000;
347:  0.3170   0.5590   0.7575   0.9715   1.2160   1.4640   1.7495   2.0400   2.2720   2.5015   2.8045   3.0970   0.0000   0.0000   0.0000   0.0000   0.0000   0.0000   0.0000   0.0000   0.0000   0.0000   0.0000;
348:  0.3170   0.5605   0.7600   0.9755   1.2210   1.4690   1.7550   2.0470   2.2800   2.5100   2.8145   3.1100   0.0000   0.0000   0.0000   0.0000   0.0000   0.0000   0.0000   0.0000   0.0000   0.0000   0.0000;
349:  0.3175   0.5625   0.7635   0.9800   1.2255   1.4740   1.7610   2.0540   2.2880   2.5185   2.8245   3.1225   0.0000   0.0000   0.0000   0.0000   0.0000   0.0000   0.0000   0.0000   0.0000   0.0000   0.0000;
350:  0.3185   0.5645   0.7660   0.9835   1.2300   1.4795   1.7670   2.0605   2.2955   2.5270   2.8340   3.1340   0.0000   0.0000   0.0000   0.0000   0.0000   0.0000   0.0000   0.0000   0.0000   0.0000   0.0000;
351:  0.3190   0.5660   0.7685   0.9875   1.2345   1.4840   1.7720   2.0670   2.3035   2.5355   2.8435   3.1460   0.0000   0.0000   0.0000   0.0000   0.0000   0.0000   0.0000   0.0000   0.0000   0.0000   0.0000;
352:  0.3190   0.5680   0.7715   0.9910   1.2385   1.4890   1.7780   2.0735   2.3105   2.5435   2.8535   3.1580   0.0000   0.0000   0.0000   0.0000   0.0000   0.0000   0.0000   0.0000   0.0000   0.0000   0.0000;
353:  0.3195   0.5695   0.7745   0.9950   1.2425   1.4935   1.7830   2.0795   2.3180   2.5520   2.8625   3.1690   0.0000   0.0000   0.0000   0.0000   0.0000   0.0000   0.0000   0.0000   0.0000   0.0000   0.0000;
354:  0.3200   0.5710   0.7770   0.9990   1.2475   1.4985   1.7880   2.0855   2.3255   2.5605   2.8720   3.1800   0.0000   0.0000   0.0000   0.0000   0.0000   0.0000   0.0000   0.0000   0.0000   0.0000   0.0000;
355:  0.3200   0.5725   0.7795   1.0025   1.2515   1.5030   1.7930   2.0915   2.3325   2.5680   2.8805   3.1905   0.0000   0.0000   0.0000   0.0000   0.0000   0.0000   0.0000   0.0000   0.0000   0.0000   0.0000;
356:  0.3205   0.5740   0.7820   1.0060   1.2555   1.5080   1.7985   2.0975   2.3400   2.5765   2.8895   3.2010   0.0000   0.0000   0.0000   0.0000   0.0000   0.0000   0.0000   0.0000   0.0000   0.0000   0.0000;
357:  0.3210   0.5755   0.7840   1.0090   1.2595   1.5125   1.8030   2.1025   2.3465   2.5840   2.8980   3.2110   3.4515   0.0000   0.0000   0.0000   0.0000   0.0000   0.0000   0.0000   0.0000   0.0000   0.0000;
358:  0.3220   0.5775   0.7865   1.0120   1.2630   1.5170   1.8080   2.1085   2.3540   2.5920   2.9065   3.2210   3.4635   0.0000   0.0000   0.0000   0.0000   0.0000   0.0000   0.0000   0.0000   0.0000   0.0000;
359:  0.3220   0.5785   0.7885   1.0150   1.2675   1.5215   1.8120   2.1135   2.3605   2.5995   2.9150   3.2305   3.4750   0.0000   0.0000   0.0000   0.0000   0.0000   0.0000   0.0000   0.0000   0.0000   0.0000;
#AFTER_DB_V3;
000:  0.1730   0.4720   0.6880   0.8940   1.1420   1.4000   1.6520   1.9820   2.2560   2.4780   2.7360   3.1100   3.3700   3.6030   3.5790   0.0000   0.0000   0.0000   0.0000   0.0000   0.0000   0.0000   0.0000;
001:  0.1730   0.4730   0.6900   0.8960   1.1460   1.4040   1.6570   1.9860   2.2620   2.4850   2.7440   3.1180   3.3790   3.6150   3.6180   0.0000   0.0000   0.0000   0.0000   0.0000   0.0000   0.0000   0.0000;
002:  0.1730   0.4740   0.6910   0.8990   1.1490   1.4080   1.6620   1.9900   2.2680   2.4920   2.7520   3.1260   3.3890   3.6270   3.6560   0.0000   0.0000   0.0000   0.0000   0.0000   0.0000   0.0000   0.0000;
003:  0.1730   0.4750   0.6930   0.9010   1.1520   1.4120   1.6660   1.9950   2.2740   2.4990   2.7590   3.1340   3.3980   3.6380   3.6940   0.0000   0.0000   0.0000   0.0000   0.0000   0.0000   0.0000   0.0000;
004:  0.1730   0.4760   0.6950   0.9030   1.1550   1.4160   1.6700   1.9990   2.2790   2.5050   2.7670   3.1420   3.4070   3.6500   3.7310   0.0000   0.0000   0.0000   0.0000   0.0000   0.0000   0.0000   0.0000;
005:  0.1730   0.4760   0.6960   0.9050   1.1580   1.4210   1.6750   2.0030   2.2850   2.5120   2.7740   3.1490   3.4150   3.6600   3.7680   0.0000   0.0000   0.0000   0.0000   0.0000   0.0000   0.0000   0.0000;
006:  0.1720   0.4770   0.6970   0.9070   1.1600   1.4250   1.6790   2.0070   2.2900   2.5180   2.7810   3.1560   3.4230   3.6710   3.8020   0.0000   0.0000   0.0000   0.0000   0.0000   0.0000   0.0000   0.0000;
007:  0.1720   0.4780   0.6990   0.9090   1.1630   1.4290   1.6830   2.0120   2.2960   2.5250   2.7880   3.1640   3.4310   3.6810   3.8360   0.0000   0.0000   0.0000   0.0000   0.0000   0.0000   0.0000   0.0000;
008:  0.1720   0.4780   0.7000   0.9110   1.1650   1.4330   1.6870   2.0160   2.3010   2.5310   2.7950   3.1710   3.4380   3.6900   3.8680   0.0000   0.0000   0.0000   0.0000   0.0000   0.0000   0.0000   0.0000;
009:  0.1720   0.4790   0.7010   0.9130   1.1680   1.4360   1.6910   2.0200   2.3060   2.5370   2.8010   3.1780   3.4450   3.6990   3.8970   0.0000   0.0000   0.0000   0.0000   0.0000   0.0000   0.0000   0.0000;
010:  0.1720   0.4790   0.7020   0.9150   1.1700   1.4400   1.6940   2.0240   2.3110   2.5430   2.8070   3.1850   3.4520   3.7070   3.9250   0.0000   0.0000   0.0000   0.0000   0.0000   0.0000   0.0000   0.0000;
011:  0.1720   0.4800   0.7030   0.9170   1.1720   1.4440   1.6980   2.0280   2.3150   2.5490   2.8130   3.1910   3.4580   3.7150   3.9500   0.0000   0.0000   0.0000   0.0000   0.0000   0.0000   0.0000   0.0000;
012:  0.1720   0.4800   0.7040   0.9180   1.1740   1.4480   1.7010   2.0330   2.3200   2.5550   2.8200   3.1980   3.4650   3.7220   3.9730   0.0000   0.0000   0.0000   0.0000   0.0000   0.0000   0.0000   0.0000;
013:  0.1720   0.4800   0.7050   0.9200   1.1760   1.4510   1.7050   2.0370   2.3240   2.5600   2.8250   3.2040   3.4700   3.7280   3.9940   0.0000   0.0000   0.0000   0.0000   0.0000   0.0000   0.0000   0.0000;
014:  0.1720   0.4810   0.7060   0.9220   1.1780   1.4550   1.7080   2.0410   2.3290   2.5650   2.8310   3.2110   3.4760   3.7340   4.0120   0.0000   0.0000   0.0000   0.0000   0.0000   0.0000   0.0000   0.0000;
015:  0.1720   0.4810   0.7070   0.9230   1.1800   1.4580   1.7110   2.0450   2.3330   2.5700   2.8360   3.2170   3.4810   3.7400   4.0270   0.0000   0.0000   0.0000   0.0000   0.0000   0.0000   0.0000   0.0000;
016:  0.1720   0.4810   0.7070   0.9240   1.1810   1.4610   1.7140   2.0490   2.3380   2.5750   2.8420   3.2230   3.4850   3.7440   4.0400   0.0000   0.0000   0.0000   0.0000   0.0000   0.0000   0.0000   0.0000;
017:  0.1720   0.4810   0.7080   0.9260   1.1830   1.4640   1.7170   2.0530   2.3420   2.5800   2.8460   3.2280   3.4900   3.7480   4.0500   0.0000   0.0000   0.0000   0.0000   0.0000   0.0000   0.0000   0.0000;
018:  0.1710   0.4820   0.7080   0.9270   1.1840   1.4660   1.7200   2.0570   2.3450   2.5850   2.8510   3.2340   3.4940   3.7520   4.0580   0.0000   0.0000   0.0000   0.0000   0.0000   0.0000   0.0000   0.0000;
019:  0.1710   0.4820   0.7090   0.9280   1.1860   1.4690   1.7230   2.0610   2.3490   2.5890   2.8560   3.2390   3.4980   3.7550   4.0630   0.0000   0.0000   0.0000   0.0000   0.0000   0.0000   0.0000   0.0000;
020:  0.1710   0.4820   0.7090   0.9290   1.1870   1.4710   1.7260   2.0650   2.3530   2.5930   2.8600   3.2440   3.5010   3.7570   4.0660   0.0000   0.0000   0.0000   0.0000   0.0000   0.0000   0.0000   0.0000;
021:  0.1710   0.4810   0.7090   0.9310   1.1890   1.4740   1.7280   2.0690   2.3570   2.5970   2.8640   3.2490   3.5040   3.7580   0.0000   0.0000   0.0000   0.0000   0.0000   0.0000   0.0000   0.0000   0.0000;
022:  0.1710   0.4810   0.7090   0.9310   1.1900   1.4760   1.7310   2.0730   2.3600   2.6010   2.8680   3.2540   3.5070   3.7600   0.0000   0.0000   0.0000   0.0000   0.0000   0.0000   0.0000   0.0000   0.0000;
023:  0.1700   0.4810   0.7090   0.9320   1.1910   1.4780   1.7330   2.0760   2.3640   2.6050   2.8720   3.2580   3.5090   0.0000   0.0000   0.0000   0.0000   0.0000   0.0000   0.0000   0.0000   0.0000   0.0000;
024:  0.1700   0.4810   0.7090   0.9330   1.1920   1.4800   1.7360   2.0800   2.3670   2.6090   2.8750   3.2620   3.5110   0.0000   0.0000   0.0000   0.0000   0.0000   0.0000   0.0000   0.0000   0.0000   0.0000;
025:  0.1700   0.4800   0.7090   0.9340   1.1930   1.4810   1.7380   2.0840   2.3700   2.6120   2.8780   3.2660   3.5120   0.0000   0.0000   0.0000   0.0000   0.0000   0.0000   0.0000   0.0000   0.0000   0.0000;
026:  0.1690   0.4800   0.7090   0.9350   1.1940   1.4830   1.7400   2.0870   2.3730   2.6150   2.8810   3.2700   3.5130   0.0000   0.0000   0.0000   0.0000   0.0000   0.0000   0.0000   0.0000   0.0000   0.0000;
027:  0.1690   0.4800   0.7090   0.9350   1.1950   1.4840   1.7420   2.0900   2.3760   2.6180   2.8840   3.2730   3.5140   0.0000   0.0000   0.0000   0.0000   0.0000   0.0000   0.0000   0.0000   0.0000   0.0000;
028:  0.1690   0.4790   0.7090   0.9350   1.1960   1.4850   1.7440   2.0940   2.3790   2.6210   2.8870   3.2760   3.5140   0.0000   0.0000   0.0000   0.0000   0.0000   0.0000   0.0000   0.0000   0.0000   0.0000;
029:  0.1680   0.4780   0.7090   0.9360   1.1970   1.4860   1.7460   2.0970   2.3820   2.6240   2.8890   3.2780   3.5140   0.0000   0.0000   0.0000   0.0000   0.0000   0.0000   0.0000   0.0000   0.0000   0.0000;
030:  0.1680   0.4780   0.7080   0.9360   1.1980   1.4870   1.7480   2.1000   2.3840   2.6260   2.8910   3.2810   3.5140   0.0000   0.0000   0.0000   0.0000   0.0000   0.0000   0.0000   0.0000   0.0000   0.0000;
031:  0.1680   0.4770   0.7080   0.9360   1.1980   1.4870   1.7490   2.1030   2.3860   2.6290   2.8930   3.2830   3.5130   0.0000   0.0000   0.0000   0.0000   0.0000   0.0000   0.0000   0.0000   0.0000   0.0000;
032:  0.1670   0.4760   0.7070   0.9360   1.1990   1.4880   1.7510   2.1050   2.3890   2.6310   2.8940   3.2840   3.5130   0.0000   0.0000   0.0000   0.0000   0.0000   0.0000   0.0000   0.0000   0.0000   0.0000;
033:  0.1670   0.4760   0.7070   0.9350   1.1990   1.4890   1.7530   2.1080   2.3910   2.6330   2.8960   3.2860   3.5110   0.0000   0.0000   0.0000   0.0000   0.0000   0.0000   0.0000   0.0000   0.0000   0.0000;
034:  0.1670   0.4750   0.7060   0.9350   1.2000   1.4890   1.7540   2.1110   2.3930   2.6350   2.8970   3.2870   3.5100   0.0000   0.0000   0.0000   0.0000   0.0000   0.0000   0.0000   0.0000   0.0000   0.0000;
035:  0.1660   0.4740   0.7050   0.9350   1.2000   1.4890   1.7560   2.1130   2.3940   2.6360   2.8980   3.2870   3.5080   0.0000   0.0000   0.0000   0.0000   0.0000   0.0000   0.0000   0.0000   0.0000   0.0000;
036:  0.1660   0.4730   0.7040   0.9340   1.2010   1.4890   1.7570   2.1150   2.3960   2.6380   2.8990   3.2880   3.5060   0.0000   0.0000   0.0000   0.0000   0.0000   0.0000   0.0000   0.0000   0.0000   0.0000;
037:  0.1660   0.4720   0.7040   0.9330   1.2010   1.4890   1.7580   2.1170   2.3970   2.6390   2.9000   3.2880   3.5040   0.0000   0.0000   0.0000   0.0000   0.0000   0.0000   0.0000   0.0000   0.0000   0.0000;
038:  0.1650   0.4710   0.7030   0.9330   1.2010   1.4900   1.7590   2.1190   2.3980   2.6400   2.9000   3.2880   3.5010   0.0000   0.0000   0.0000   0.0000   0.0000   0.0000   0.0000   0.0000   0.0000   0.0000;
039:  0.1650   0.4700   0.7020   0.9310   1.2010   1.4900   1.7600   2.1210   2.3990   2.6410   2.9000   3.2870   3.4980   0.0000   0.0000   0.0000   0.0000   0.0000   0.0000   0.0000   0.0000   0.0000   0.0000;
040:  0.1650   0.4690   0.7010   0.9310   1.2010   1.4900   1.7610   2.1220   2.4000   2.6410   2.9000   3.2860   0.0000   0.0000   0.0000   0.0000   0.0000   0.0000   0.0000   0.0000   0.0000   0.0000   0.0000;
041:  0.1650   0.4670   0.7000   0.9290   1.2010   1.4890   1.7620   2.1240   2.4010   2.6420   2.9000   3.2850   0.0000   0.0000   0.0000   0.0000   0.0000   0.0000   0.0000   0.0000   0.0000   0.0000   0.0000;
042:  0.1650   0.4660   0.6980   0.9280   1.2000   1.4890   1.7630   2.1250   2.4010   2.6420   2.9000   3.2840   0.0000   0.0000   0.0000   0.0000   0.0000   0.0000   0.0000   0.0000   0.0000   0.0000   0.0000;
043:  0.1640   0.4650   0.6970   0.9270   1.2000   1.4890   1.7630   2.1260   2.4020   2.6420   2.9000   3.2830   0.0000   0.0000   0.0000   0.0000   0.0000   0.0000   0.0000   0.0000   0.0000   0.0000   0.0000;
044:  0.1640   0.4640   0.6960   0.9250   1.2000   1.4890   1.7640   2.1270   2.4020   2.6420   2.8990   3.2810   0.0000   0.0000   0.0000   0.0000   0.0000   0.0000   0.0000   0.0000   0.0000   0.0000   0.0000;
045:  0.1640   0.4620   0.6950   0.9240   1.1990   1.4890   1.7640   2.1280   2.4020   2.6420   2.8990   3.2790   0.0000   0.0000   0.0000   0.0000   0.0000   0.0000   0.0000   0.0000   0.0000   0.0000   0.0000;
046:  0.1640   0.4610   0.6930   0.9220   1.1980   1.4890   1.7640   2.1290   2.4020   2.6420   2.8980   3.2770   0.0000   0.0000   0.0000   0.0000   0.0000   0.0000   0.0000   0.0000   0.0000   0.0000   0.0000;
047:  0.1640   0.4600   0.6920   0.9210   1.1970   1.4890   1.7640   2.1290   2.4010   2.6410   2.8970   0.0000   0.0000   0.0000   0.0000   0.0000   0.0000   0.0000   0.0000   0.0000   0.0000   0.0000   0.0000;
048:  0.1640   0.4580   0.6910   0.9190   1.1960   1.4890   1.7640   2.1300   2.4000   2.6400   2.8960   0.0000   0.0000   0.0000   0.0000   0.0000   0.0000   0.0000   0.0000   0.0000   0.0000   0.0000   0.0000;
049:  0.1640   0.4570   0.6890   0.9170   1.1950   1.4880   1.7640   2.1300   2.4000   2.6390   2.8950   0.0000   0.0000   0.0000   0.0000   0.0000   0.0000   0.0000   0.0000   0.0000   0.0000   0.0000   0.0000;
050:  0.1630   0.4560   0.6880   0.9150   1.1940   1.4880   1.7640   2.1300   2.3990   2.6380   2.8940   0.0000   0.0000   0.0000   0.0000   0.0000   0.0000   0.0000   0.0000   0.0000   0.0000   0.0000   0.0000;
051:  0.1630   0.4540   0.6860   0.9140   1.1930   1.4880   1.7630   2.1300   2.3980   2.6360   2.8920   0.0000   0.0000   0.0000   0.0000   0.0000   0.0000   0.0000   0.0000   0.0000   0.0000   0.0000   0.0000;
052:  0.1630   0.4530   0.6840   0.9120   1.1910   1.4870   1.7630   2.1300   2.3970   2.6350   2.8910   0.0000   0.0000   0.0000   0.0000   0.0000   0.0000   0.0000   0.0000   0.0000   0.0000   0.0000   0.0000;
053:  0.1630   0.4510   0.6830   0.9100   1.1900   1.4870   1.7620   2.1300   2.3950   2.6330   2.8890   0.0000   0.0000   0.0000   0.0000   0.0000   0.0000   0.0000   0.0000   0.0000   0.0000   0.0000   0.0000;
054:  0.1630   0.4500   0.6810   0.9080   1.1880   1.4870   1.7610   2.1290   2.3940   2.6310   2.8880   0.0000   0.0000   0.0000   0.0000   0.0000   0.0000   0.0000   0.0000   0.0000   0.0000   0.0000   0.0000;
055:  0.1630   0.4480   0.6790   0.9060   1.1870   1.4860   1.7600   2.1290   2.3920   2.6290   2.8860   0.0000   0.0000   0.0000   0.0000   0.0000   0.0000   0.0000   0.0000   0.0000   0.0000   0.0000   0.0000;
056:  0.1620   0.4470   0.6780   0.9040   1.1850   1.4860   1.7590   2.1280   2.3900   2.6270   2.8840   0.0000   0.0000   0.0000   0.0000   0.0000   0.0000   0.0000   0.0000   0.0000   0.0000   0.0000   0.0000;
057:  0.1620   0.4450   0.6760   0.9020   1.1830   1.4850   1.7580   2.1270   2.3880   2.6250   2.8820   0.0000   0.0000   0.0000   0.0000   0.0000   0.0000   0.0000   0.0000   0.0000   0.0000   0.0000   0.0000;
058:  0.1620   0.4440   0.6740   0.9000   1.1810   1.4850   1.7560   2.1260   2.3860   2.6220   2.8800   0.0000   0.0000   0.0000   0.0000   0.0000   0.0000   0.0000   0.0000   0.0000   0.0000   0.0000   0.0000;
059:  0.1620   0.4420   0.6720   0.8970   1.1790   1.4840   1.7550   2.1250   2.3840   2.6200   2.8780   0.0000   0.0000   0.0000   0.0000   0.0000   0.0000   0.0000   0.0000   0.0000   0.0000   0.0000   0.0000;
060:  0.1620   0.4410   0.6700   0.8950   1.1770   1.4830   1.7530   2.1240   2.3820   2.6170   2.8750   0.0000   0.0000   0.0000   0.0000   0.0000   0.0000   0.0000   0.0000   0.0000   0.0000   0.0000   0.0000;
061:  0.1620   0.4390   0.6690   0.8930   1.1750   1.4820   1.7520   2.1220   2.3790   2.6140   2.8730   0.0000   0.0000   0.0000   0.0000   0.0000   0.0000   0.0000   0.0000   0.0000   0.0000   0.0000   0.0000;
062:  0.1610   0.4380   0.6670   0.8910   1.1730   1.4810   1.7500   2.1210   2.3760   2.6110   2.8700   0.0000   0.0000   0.0000   0.0000   0.0000   0.0000   0.0000   0.0000   0.0000   0.0000   0.0000   0.0000;
063:  0.1610   0.4360   0.6650   0.8890   1.1710   1.4800   1.7480   2.1190   2.3740   2.6090   2.8670   0.0000   0.0000   0.0000   0.0000   0.0000   0.0000   0.0000   0.0000   0.0000   0.0000   0.0000   0.0000;
064:  0.1610   0.4350   0.6630   0.8870   1.1690   1.4780   1.7460   2.1170   2.3710   2.6050   2.8650   0.0000   0.0000   0.0000   0.0000   0.0000   0.0000   0.0000   0.0000   0.0000   0.0000   0.0000   0.0000;
065:  0.1600   0.4330   0.6610   0.8850   1.1670   1.4770   1.7440   2.1150   2.3680   2.6020   2.8620   0.0000   0.0000   0.0000   0.0000   0.0000   0.0000   0.0000   0.0000   0.0000   0.0000   0.0000   0.0000;
066:  0.1600   0.4320   0.6590   0.8820   1.1640   1.4750   1.7420   2.1130   2.3650   2.5990   2.8590   0.0000   0.0000   0.0000   0.0000   0.0000   0.0000   0.0000   0.0000   0.0000   0.0000   0.0000   0.0000;
067:  0.1600   0.4300   0.6570   0.8800   1.1620   1.4730   1.7390   2.1110   2.3620   2.5960   2.8560   0.0000   0.0000   0.0000   0.0000   0.0000   0.0000   0.0000   0.0000   0.0000   0.0000   0.0000   0.0000;
068:  0.1600   0.4290   0.6550   0.8780   1.1600   1.4710   1.7370   2.1080   2.3590   2.5930   2.8520   0.0000   0.0000   0.0000   0.0000   0.0000   0.0000   0.0000   0.0000   0.0000   0.0000   0.0000   0.0000;
069:  0.1590   0.4280   0.6530   0.8760   1.1570   1.4690   1.7350   2.1060   2.3560   2.5900   2.8490   0.0000   0.0000   0.0000   0.0000   0.0000   0.0000   0.0000   0.0000   0.0000   0.0000   0.0000   0.0000;
070:  0.1590   0.4260   0.6510   0.8740   1.1550   1.4670   1.7320   2.1030   2.3530   2.5870   2.8450   0.0000   0.0000   0.0000   0.0000   0.0000   0.0000   0.0000   0.0000   0.0000   0.0000   0.0000   0.0000;
071:  0.1590   0.4250   0.6490   0.8710   1.1530   1.4640   1.7290   2.1000   2.3490   2.5840   2.8420   0.0000   0.0000   0.0000   0.0000   0.0000   0.0000   0.0000   0.0000   0.0000   0.0000   0.0000   0.0000;
072:  0.1580   0.4240   0.6470   0.8690   1.1500   1.4620   1.7270   2.0970   2.3460   2.5810   2.8380   0.0000   0.0000   0.0000   0.0000   0.0000   0.0000   0.0000   0.0000   0.0000   0.0000   0.0000   0.0000;
073:  0.1580   0.4220   0.6450   0.8670   1.1480   1.4590   1.7240   2.0940   2.3430   2.5780   2.8350   0.0000   0.0000   0.0000   0.0000   0.0000   0.0000   0.0000   0.0000   0.0000   0.0000   0.0000   0.0000;
074:  0.1580   0.4210   0.6430   0.8640   1.1450   1.4560   1.7220   2.0910   2.3390   2.5750   2.8310   0.0000   0.0000   0.0000   0.0000   0.0000   0.0000   0.0000   0.0000   0.0000   0.0000   0.0000   0.0000;
075:  0.1580   0.4200   0.6410   0.8620   1.1430   1.4530   1.7190   2.0880   2.3360   2.5720   2.8270   0.0000   0.0000   0.0000   0.0000   0.0000   0.0000   0.0000   0.0000   0.0000   0.0000   0.0000   0.0000;
076:  0.1570   0.4190   0.6390   0.8600   1.1400   1.4500   1.7160   2.0850   2.3320   2.5690   2.8230   0.0000   0.0000   0.0000   0.0000   0.0000   0.0000   0.0000   0.0000   0.0000   0.0000   0.0000   0.0000;
077:  0.1570   0.4170   0.6370   0.8580   1.1380   1.4470   1.7140   2.0810   2.3290   2.5660   2.8180   0.0000   0.0000   0.0000   0.0000   0.0000   0.0000   0.0000   0.0000   0.0000   0.0000   0.0000   0.0000;
078:  0.1570   0.4160   0.6350   0.8550   1.1350   1.4430   1.7110   2.0780   2.3250   2.5630   2.8140   0.0000   0.0000   0.0000   0.0000   0.0000   0.0000   0.0000   0.0000   0.0000   0.0000   0.0000   0.0000;
079:  0.1570   0.4150   0.6330   0.8530   1.1330   1.4400   1.7080   2.0740   2.3220   2.5600   2.8100   0.0000   0.0000   0.0000   0.0000   0.0000   0.0000   0.0000   0.0000   0.0000   0.0000   0.0000   0.0000;
080:  0.1560   0.4140   0.6310   0.8500   1.1300   1.4360   1.7050   2.0710   2.3180   2.5570   2.8060   0.0000   0.0000   0.0000   0.0000   0.0000   0.0000   0.0000   0.0000   0.0000   0.0000   0.0000   0.0000;
081:  0.1560   0.4130   0.6290   0.8480   1.1270   1.4330   1.7020   2.0670   2.3150   2.5550   2.8020   0.0000   0.0000   0.0000   0.0000   0.0000   0.0000   0.0000   0.0000   0.0000   0.0000   0.0000   0.0000;
082:  0.1560   0.4120   0.6280   0.8450   1.1250   1.4290   1.7000   2.0630   2.3110   2.5520   2.7970   0.0000   0.0000   0.0000   0.0000   0.0000   0.0000   0.0000   0.0000   0.0000   0.0000   0.0000   0.0000;
083:  0.1560   0.4110   0.6260   0.8430   1.1220   1.4250   1.6970   2.0590   2.3080   2.5490   2.7930   0.0000   0.0000   0.0000   0.0000   0.0000   0.0000   0.0000   0.0000   0.0000   0.0000   0.0000   0.0000;
084:  0.1560   0.4100   0.6240   0.8410   1.1200   1.4210   1.6940   2.0560   2.3040   2.5460   2.7890   0.0000   0.0000   0.0000   0.0000   0.0000   0.0000   0.0000   0.0000   0.0000   0.0000   0.0000   0.0000;
085:  0.1560   0.4090   0.6230   0.8380   1.1170   1.4180   1.6910   2.0520   2.3010   2.5440   2.7840   0.0000   0.0000   0.0000   0.0000   0.0000   0.0000   0.0000   0.0000   0.0000   0.0000   0.0000   0.0000;
086:  0.1560   0.4080   0.6210   0.8360   1.1140   1.4140   1.6880   2.0480   2.2970   2.5410   2.7800   0.0000   0.0000   0.0000   0.0000   0.0000   0.0000   0.0000   0.0000   0.0000   0.0000   0.0000   0.0000;
087:  0.1560   0.4080   0.6200   0.8330   1.1110   1.4100   1.6850   2.0440   2.2940   2.5380   2.7760   0.0000   0.0000   0.0000   0.0000   0.0000   0.0000   0.0000   0.0000   0.0000   0.0000   0.0000   0.0000;
088:  0.1560   0.4070   0.6180   0.8310   1.1080   1.4060   1.6820   2.0400   2.2900   2.5350   2.7710   0.0000   0.0000   0.0000   0.0000   0.0000   0.0000   0.0000   0.0000   0.0000   0.0000   0.0000   0.0000;
089:  0.1560   0.4060   0.6160   0.8290   1.1050   1.4020   1.6790   2.0370   2.2870   2.5330   2.7670   0.0000   0.0000   0.0000   0.0000   0.0000   0.0000   0.0000   0.0000   0.0000   0.0000   0.0000   0.0000;
090:  0.1560   0.4050   0.6150   0.8260   1.1030   1.3990   1.6760   2.0330   2.2840   2.5300   2.7630   0.0000   0.0000   0.0000   0.0000   0.0000   0.0000   0.0000   0.0000   0.0000   0.0000   0.0000   0.0000;
091:  0.1560   0.4050   0.6140   0.8240   1.1000   1.3950   1.6730   2.0290   2.2800   2.5270   2.7590   0.0000   0.0000   0.0000   0.0000   0.0000   0.0000   0.0000   0.0000   0.0000   0.0000   0.0000   0.0000;
092:  0.1560   0.4040   0.6120   0.8220   1.0970   1.3910   1.6700   2.0250   2.2770   2.5240   2.7550   0.0000   0.0000   0.0000   0.0000   0.0000   0.0000   0.0000   0.0000   0.0000   0.0000   0.0000   0.0000;
093:  0.1560   0.4040   0.6110   0.8190   1.0940   1.3880   1.6670   2.0220   2.2740   2.5210   2.7510   3.1400   0.0000   0.0000   0.0000   0.0000   0.0000   0.0000   0.0000   0.0000   0.0000   0.0000   0.0000;
094:  0.1560   0.4030   0.6100   0.8170   1.0910   1.3840   1.6640   2.0180   2.2710   2.5180   2.7470   3.1370   0.0000   0.0000   0.0000   0.0000   0.0000   0.0000   0.0000   0.0000   0.0000   0.0000   0.0000;
095:  0.1560   0.4030   0.6090   0.8150   1.0880   1.3800   1.6610   2.0150   2.2670   2.5150   2.7430   3.1330   0.0000   0.0000   0.0000   0.0000   0.0000   0.0000   0.0000   0.0000   0.0000   0.0000   0.0000;
096:  0.1560   0.4020   0.6070   0.8130   1.0850   1.3770   1.6580   2.0110   2.2640   2.5110   2.7390   3.1290   0.0000   0.0000   0.0000   0.0000   0.0000   0.0000   0.0000   0.0000   0.0000   0.0000   0.0000;
097:  0.1560   0.4020   0.6060   0.8110   1.0820   1.3740   1.6550   2.0080   2.2610   2.5080   2.7350   3.1260   0.0000   0.0000   0.0000   0.0000   0.0000   0.0000   0.0000   0.0000   0.0000   0.0000   0.0000;
098:  0.1560   0.4010   0.6050   0.8090   1.0780   1.3700   1.6510   2.0040   2.2580   2.5040   2.7320   3.1220   3.3140   0.0000   0.0000   0.0000   0.0000   0.0000   0.0000   0.0000   0.0000   0.0000   0.0000;
099:  0.1560   0.4010   0.6040   0.8070   1.0750   1.3670   1.6480   2.0010   2.2550   2.5010   2.7280   3.1180   3.3110   0.0000   0.0000   0.0000   0.0000   0.0000   0.0000   0.0000   0.0000   0.0000   0.0000;
100:  0.1570   0.4010   0.6030   0.8050   1.0720   1.3640   1.6450   1.9980   2.2520   2.4970   2.7250   3.1150   3.3080   0.0000   0.0000   0.0000   0.0000   0.0000   0.0000   0.0000   0.0000   0.0000   0.0000;
101:  0.1570   0.4000   0.6020   0.8030   1.0690   1.3600   1.6420   1.9950   2.2490   2.4940   2.7210   3.1110   3.3060   0.0000   0.0000   0.0000   0.0000   0.0000   0.0000   0.0000   0.0000   0.0000   0.0000;
102:  0.1570   0.4000   0.6010   0.8010   1.0660   1.3570   1.6380   1.9920   2.2460   2.4900   2.7180   3.1070   3.3030   0.0000   0.0000   0.0000   0.0000   0.0000   0.0000   0.0000   0.0000   0.0000   0.0000;
103:  0.1570   0.4000   0.6000   0.7990   1.0630   1.3540   1.6350   1.9880   2.2430   2.4860   2.7150   3.1030   3.3000   0.0000   0.0000   0.0000   0.0000   0.0000   0.0000   0.0000   0.0000   0.0000   0.0000;
104:  0.1570   0.4000   0.5990   0.7980   1.0600   1.3510   1.6310   1.9850   2.2400   2.4820   2.7110   3.0990   3.2980   0.0000   0.0000   0.0000   0.0000   0.0000   0.0000   0.0000   0.0000   0.0000   0.0000;
105:  0.1570   0.4000   0.5980   0.7960   1.0570   1.3470   1.6280   1.9820   2.2380   2.4780   2.7080   3.0950   3.2950   0.0000   0.0000   0.0000   0.0000   0.0000   0.0000   0.0000   0.0000   0.0000   0.0000;
106:  0.1580   0.3990   0.5970   0.7950   1.0540   1.3440   1.6240   1.9790   2.2350   2.4740   2.7050   3.0910   3.2930   0.0000   0.0000   0.0000   0.0000   0.0000   0.0000   0.0000   0.0000   0.0000   0.0000;
107:  0.1580   0.3990   0.5960   0.7930   1.0510   1.3410   1.6210   1.9760   2.2320   2.4700   2.7020   3.0870   3.2900   0.0000   0.0000   0.0000   0.0000   0.0000   0.0000   0.0000   0.0000   0.0000   0.0000;
108:  0.1580   0.3990   0.5960   0.7920   1.0480   1.3380   1.6170   1.9730   2.2290   2.4660   2.7000   3.0830   3.2870   0.0000   0.0000   0.0000   0.0000   0.0000   0.0000   0.0000   0.0000   0.0000   0.0000;
109:  0.1580   0.3990   0.5950   0.7910   1.0450   1.3350   1.6140   1.9700   2.2260   2.4620   2.6960   3.0780   3.2850   0.0000   0.0000   0.0000   0.0000   0.0000   0.0000   0.0000   0.0000   0.0000   0.0000;
110:  0.1580   0.3990   0.5940   0.7890   1.0430   1.3320   1.6100   1.9670   2.2240   2.4580   2.6940   3.0740   3.2820   0.0000   0.0000   0.0000   0.0000   0.0000   0.0000   0.0000   0.0000   0.0000   0.0000;
111:  0.1580   0.3990   0.5930   0.7880   1.0400   1.3290   1.6060   1.9650   2.2210   2.4530   2.6910   3.0700   3.2790   0.0000   0.0000   0.0000   0.0000   0.0000   0.0000   0.0000   0.0000   0.0000   0.0000;
112:  0.1580   0.3990   0.5930   0.7870   1.0380   1.3260   1.6030   1.9620   2.2180   2.4490   2.6880   3.0650   3.2760   3.5430   0.0000   0.0000   0.0000   0.0000   0.0000   0.0000   0.0000   0.0000   0.0000;
113:  0.1580   0.3990   0.5920   0.7860   1.0350   1.3230   1.5990   1.9590   2.2150   2.4450   2.6850   3.0610   3.2740   3.5400   0.0000   0.0000   0.0000   0.0000   0.0000   0.0000   0.0000   0.0000   0.0000;
114:  0.1590   0.3990   0.5910   0.7850   1.0330   1.3200   1.5960   1.9560   2.2130   2.4410   2.6830   3.0570   3.2710   3.5360   3.7690   0.0000   0.0000   0.0000   0.0000   0.0000   0.0000   0.0000   0.0000;
115:  0.1590   0.4000   0.5910   0.7850   1.0310   1.3170   1.5920   1.9530   2.2100   2.4370   2.6800   3.0520   3.2680   3.5330   3.7630   0.0000   0.0000   0.0000   0.0000   0.0000   0.0000   0.0000   0.0000;
116:  0.1590   0.4000   0.5900   0.7840   1.0290   1.3140   1.5880   1.9500   2.2070   2.4330   2.6770   3.0480   3.2650   3.5300   3.7570   0.0000   0.0000   0.0000   0.0000   0.0000   0.0000   0.0000   0.0000;
117:  0.1590   0.4000   0.5900   0.7830   1.0270   1.3110   1.5850   1.9470   2.2040   2.4290   2.6750   3.0440   3.2620   3.5270   3.7510   0.0000   0.0000   0.0000   0.0000   0.0000   0.0000   0.0000   0.0000;
118:  0.1590   0.4000   0.5890   0.7830   1.0250   1.3080   1.5820   1.9440   2.2010   2.4250   2.6720   3.0390   3.2590   3.5240   3.7450   3.9700   0.0000   0.0000   0.0000   0.0000   0.0000   0.0000   0.0000;
119:  0.1600   0.4000   0.5890   0.7820   1.0230   1.3050   1.5780   1.9410   2.1980   2.4210   2.6690   3.0350   3.2560   3.5210   3.7400   3.9670   0.0000   0.0000   0.0000   0.0000   0.0000   0.0000   0.0000;
120:  0.1600   0.4010   0.5890   0.7820   1.0210   1.3020   1.5750   1.9380   2.1960   2.4170   2.6670   3.0300   3.2530   3.5180   3.7350   3.9640   4.1480   0.0000   0.0000   0.0000   0.0000   0.0000   0.0000;
121:  0.1600   0.4010   0.5890   0.7810   1.0200   1.2990   1.5710   1.9350   2.1930   2.4140   2.6640   3.0260   3.2490   3.5150   3.7300   3.9610   4.1490   0.0000   0.0000   0.0000   0.0000   0.0000   0.0000;
122:  0.1600   0.4020   0.5880   0.7810   1.0180   1.2960   1.5680   1.9320   2.1900   2.4100   2.6610   3.0220   3.2460   3.5120   3.7260   3.9590   4.1490   0.0000   0.0000   0.0000   0.0000   0.0000   0.0000;
123:  0.1610   0.4020   0.5880   0.7810   1.0170   1.2930   1.5650   1.9290   2.1870   2.4070   2.6590   3.0170   3.2430   3.5090   3.7220   3.9560   4.1500   0.0000   0.0000   0.0000   0.0000   0.0000   0.0000;
124:  0.1610   0.4020   0.5880   0.7800   1.0160   1.2900   1.5620   1.9250   2.1840   2.4030   2.6560   3.0130   3.2400   3.5070   3.7190   3.9550   4.1520   0.0000   0.0000   0.0000   0.0000   0.0000   0.0000;
125:  0.1620   0.4030   0.5880   0.7800   1.0150   1.2880   1.5590   1.9220   2.1810   2.4000   2.6530   3.0090   3.2370   3.5040   3.7160   3.9530   4.1530   0.0000   0.0000   0.0000   0.0000   0.0000   0.0000;
126:  0.1620   0.4040   0.5880   0.7800   1.0130   1.2850   1.5560   1.9190   2.1780   2.3970   2.6510   3.0050   3.2340   3.5020   3.7150   3.9520   4.1560   0.0000   0.0000   0.0000   0.0000   0.0000   0.0000;
127:  0.1620   0.4040   0.5890   0.7800   1.0130   1.2830   1.5530   1.9160   2.1750   2.3940   2.6480   3.0010   3.2310   3.4990   3.7130   3.9510   4.1580   0.0000   0.0000   0.0000   0.0000   0.0000   0.0000;
128:  0.1630   0.4050   0.5890   0.7800   1.0120   1.2800   1.5500   1.9130   2.1720   2.3910   2.6450   2.9980   3.2280   3.4970   3.7120   3.9500   4.1610   4.4450   0.0000   0.0000   0.0000   0.0000   0.0000;
129:  0.1640   0.4060   0.5890   0.7810   1.0110   1.2780   1.5470   1.9100   2.1690   2.3880   2.6430   2.9940   3.2250   3.4950   3.7110   3.9490   4.1640   4.4470   0.0000   0.0000   0.0000   0.0000   0.0000;
130:  0.1640   0.4060   0.5900   0.7810   1.0100   1.2760   1.5450   1.9070   2.1660   2.3850   2.6400   2.9910   3.2230   3.4930   3.7110   3.9490   4.1670   4.4490   0.0000   0.0000   0.0000   0.0000   0.0000;
131:  0.1650   0.4070   0.5900   0.7810   1.0100   1.2730   1.5420   1.9040   2.1630   2.3820   2.6370   2.9870   3.2210   3.4900   3.7120   3.9490   4.1710   4.4500   0.0000   0.0000   0.0000   0.0000   0.0000;
132:  0.1650   0.4080   0.5910   0.7820   1.0090   1.2710   1.5400   1.9010   2.1600   2.3800   2.6350   2.9840   3.2180   3.4880   3.7130   3.9490   4.1750   4.4520   0.0000   0.0000   0.0000   0.0000   0.0000;
133:  0.1660   0.4090   0.5920   0.7820   1.0090   1.2700   1.5370   1.8980   2.1570   2.3770   2.6320   2.9810   3.2160   3.4860   3.7140   3.9490   4.1790   4.4550   4.6230   0.0000   0.0000   0.0000   0.0000;
134:  0.1670   0.4100   0.5930   0.7820   1.0090   1.2680   1.5350   1.8950   2.1540   2.3750   2.6300   2.9780   3.2140   3.4840   3.7150   3.9500   4.1830   4.4560   4.6290   0.0000   0.0000   0.0000   0.0000;
135:  0.1670   0.4110   0.5930   0.7830   1.0090   1.2660   1.5330   1.8920   2.1510   2.3720   2.6270   2.9750   3.2130   3.4830   3.7170   3.9510   4.1870   4.4590   4.6360   0.0000   0.0000   0.0000   0.0000;
136:  0.1680   0.4120   0.5940   0.7840   1.0080   1.2650   1.5300   1.8890   2.1480   2.3690   2.6250   2.9730   3.2110   3.4810   3.7190   3.9510   4.1910   4.4610   4.6420   0.0000   0.0000   0.0000   0.0000;
137:  0.1690   0.4130   0.5950   0.7840   1.0080   1.2640   1.5280   1.8860   2.1450   2.3670   2.6220   2.9710   3.2090   3.4790   3.7210   3.9520   4.1940   4.4630   4.6490   0.0000   0.0000   0.0000   0.0000;
138:  0.1690   0.4140   0.5960   0.7850   1.0080   1.2620   1.5260   1.8830   2.1420   2.3650   2.6200   2.9690   3.2080   3.4770   3.7230   3.9520   4.1980   4.4650   4.6560   0.0000   0.0000   0.0000   0.0000;
139:  0.1700   0.4160   0.5980   0.7860   1.0080   1.2620   1.5250   1.8800   2.1380   2.3620   2.6170   2.9670   3.2070   3.4750   3.7250   3.9530   4.2020   4.4660   4.6630   0.0000   0.0000   0.0000   0.0000;
140:  0.1710   0.4170   0.5990   0.7870   1.0090   1.2610   1.5230   1.8780   2.1350   2.3600   2.6150   2.9650   3.2060   3.4730   3.7260   3.9530   4.2050   4.4680   4.6700   0.0000   0.0000   0.0000   0.0000;
141:  0.1720   0.4180   0.6000   0.7880   1.0090   1.2600   1.5210   1.8750   2.1320   2.3580   2.6130   2.9630   3.2050   3.4710   3.7280   3.9530   4.2080   4.4690   4.6760   0.0000   0.0000   0.0000   0.0000;
142:  0.1730   0.4190   0.6020   0.7890   1.0090   1.2600   1.5190   1.8730   2.1290   2.3550   2.6100   2.9620   3.2040   3.4690   3.7290   3.9530   4.2100   4.4690   4.6830   5.0210   0.0000   0.0000   0.0000;
143:  0.1730   0.4210   0.6030   0.7900   1.0090   1.2590   1.5180   1.8700   2.1260   2.3530   2.6080   2.9600   3.2040   3.4670   3.7300   3.9530   4.2130   4.4700   4.6890   5.0420   5.3470   0.0000   0.0000;
144:  0.1740   0.4220   0.6050   0.7910   1.0090   1.2590   1.5160   1.8680   2.1230   2.3510   2.6050   2.9590   3.2030   3.4650   3.7300   3.9530   4.2150   4.4700   4.6950   5.0590   5.3930   0.0000   0.0000;
145:  0.1750   0.4230   0.6060   0.7930   1.0100   1.2590   1.5150   1.8650   2.1200   2.3480   2.6030   2.9580   3.2030   3.4620   3.7300   3.9520   4.2160   4.4700   4.7000   5.0700   5.4340   0.0000   0.0000;
146:  0.1760   0.4250   0.6080   0.7940   1.0100   1.2590   1.5130   1.8630   2.1180   2.3460   2.6010   2.9570   3.2020   3.4600   3.7300   3.9510   4.2170   4.4690   4.7040   5.0770   5.4670   0.0000   0.0000;
147:  0.1760   0.4260   0.6090   0.7950   1.0110   1.2590   1.5120   1.8610   2.1150   2.3430   2.5990   2.9560   3.2020   3.4580   3.7290   3.9490   4.2180   4.4680   4.7080   5.0800   5.4910   0.0000   0.0000;
148:  0.1770   0.4280   0.6110   0.7970   1.0110   1.2590   1.5110   1.8590   2.1120   2.3410   2.5960   2.9550   3.2010   3.4550   3.7280   3.9480   4.2180   4.4670   4.7110   5.0790   5.5070   0.0000   0.0000;
149:  0.1780   0.4290   0.6130   0.7980   1.0120   1.2600   1.5090   1.8570   2.1090   2.3380   2.5940   2.9540   3.2010   3.4530   3.7260   3.9460   4.2180   4.4650   4.7140   5.0760   5.5130   0.0000   0.0000;
150:  0.1790   0.4310   0.6140   0.8000   1.0130   1.2600   1.5080   1.8550   2.1060   2.3360   2.5920   2.9530   3.2000   3.4500   3.7240   3.9440   4.2180   4.4630   4.7150   5.0710   5.5130   0.0000   0.0000;
151:  0.1800   0.4320   0.6160   0.8010   1.0130   1.2600   1.5070   1.8530   2.1040   2.3330   2.5900   2.9520   3.2000   3.4470   3.7210   3.9420   4.2170   4.4610   4.7160   5.0650   5.5050   0.0000   0.0000;
152:  0.1800   0.4340   0.6170   0.8030   1.0140   1.2610   1.5060   1.8510   2.1010   2.3310   2.5880   2.9510   3.1990   3.4440   3.7180   3.9390   4.2160   4.4580   4.7170   5.0600   5.4930   6.3150   0.0000;
153:  0.1810   0.4350   0.6190   0.8040   1.0150   1.2620   1.5050   1.8490   2.0980   2.3280   2.5850   2.9510   3.1980   3.4410   3.7150   3.9360   4.2140   4.4560   4.7170   5.0550   5.4780   6.3170   0.0000;
154:  0.1820   0.4370   0.6210   0.8060   1.0160   1.2620   1.5040   1.8470   2.0960   2.3260   2.5830   2.9490   3.1970   3.4380   3.7110   3.9330   4.2130   4.4530   4.7160   5.0520   5.4620   6.3180   0.0000;
155:  0.1830   0.4380   0.6220   0.8080   1.0160   1.2630   1.5020   1.8450   2.0940   2.3230   2.5810   2.9490   3.1960   3.4350   3.7070   3.9310   4.2110   4.4500   4.7150   5.0510   5.4470   6.3180   0.0000;
156:  0.1830   0.4400   0.6240   0.8090   1.0170   1.2640   1.5020   1.8440   2.0910   2.3210   2.5790   2.9470   3.1950   3.4320   3.7030   3.9280   4.2090   4.4470   4.7140   5.0520   5.4340   6.3200   0.0000;
157:  0.1840   0.4410   0.6250   0.8110   1.0180   1.2650   1.5000   1.8420   2.0890   2.3180   2.5760   2.9460   3.1930   3.4290   3.6980   3.9250   4.2060   4.4440   4.7120   5.0550   5.4240   6.3220   0.0000;
158:  0.1850   0.4430   0.6270   0.8130   1.0190   1.2660   1.5000   1.8400   2.0860   2.3160   2.5740   2.9450   3.1910   3.4260   3.6940   3.9220   4.2040   4.4410   4.7090   5.0600   5.4170   6.3250   0.0000;
159:  0.1850   0.4440   0.6290   0.8140   1.0200   1.2670   1.4980   1.8380   2.0840   2.3130   2.5720   2.9440   3.1890   3.4230   3.6890   3.9190   4.2020   4.4380   4.7070   5.0650   5.4140   6.3300   0.0000;
160:  0.1860   0.4460   0.6300   0.8160   1.0210   1.2670   1.4980   1.8360   2.0820   2.3110   2.5690   2.9420   3.1870   3.4200   3.6850   3.9160   4.1990   4.4350   4.7040   5.0720   5.4130   6.3370   0.0000;
161:  0.1870   0.4470   0.6320   0.8180   1.0220   1.2680   1.4970   1.8350   2.0790   2.3080   2.5670   2.9400   3.1850   3.4170   3.6810   3.9140   4.1970   4.4320   4.7020   5.0780   5.4150   6.3440   0.0000;
162:  0.1880   0.4490   0.6330   0.8190   1.0240   1.2690   1.4960   1.8330   2.0770   2.3050   2.5640   2.9390   3.1820   3.4140   3.6770   3.9120   4.1950   4.4300   4.6990   5.0830   5.4180   6.3530   0.0000;
163:  0.1890   0.4500   0.6350   0.8210   1.0250   1.2700   1.4950   1.8310   2.0750   2.3030   2.5620   2.9370   3.1790   3.4110   3.6730   3.9100   4.1930   4.4280   4.6960   5.0860   5.4210   6.3630   0.0000;
164:  0.1890   0.4520   0.6360   0.8230   1.0260   1.2700   1.4940   1.8290   2.0720   2.3000   2.5590   2.9350   3.1760   3.4080   3.6690   3.9080   4.1900   4.4260   4.6940   5.0880   5.4230   6.3740   0.0000;
165:  0.1900   0.4530   0.6370   0.8240   1.0270   1.2710   1.4930   1.8280   2.0700   2.2980   2.5560   2.9320   3.1720   3.4050   3.6660   3.9060   4.1890   4.4240   4.6920   5.0870   5.4230   6.3850   0.0000;
166:  0.1910   0.4540   0.6380   0.8260   1.0280   1.2720   1.4930   1.8260   2.0680   2.2960   2.5530   2.9300   3.1690   3.4020   3.6630   3.9050   4.1870   4.4230   4.6900   5.0840   5.4220   6.3960   0.0000;
167:  0.1920   0.4560   0.6400   0.8270   1.0290   1.2720   1.4920   1.8240   2.0650   2.2930   2.5510   2.9270   3.1650   3.3990   3.6610   3.9040   4.1850   4.4220   4.6880   5.0780   5.4180   6.4070   0.0000;
168:  0.1930   0.4570   0.6410   0.8290   1.0300   1.2730   1.4910   1.8220   2.0630   2.2910   2.5480   2.9250   3.1610   3.3960   3.6580   3.9040   4.1840   4.4210   4.6870   5.0710   5.4120   6.4170   0.0000;
169:  0.1930   0.4580   0.6420   0.8310   1.0310   1.2730   1.4900   1.8200   2.0610   2.2890   2.5450   2.9220   3.1570   3.3930   3.6570   3.9030   4.1830   4.4200   4.6860   5.0620   5.4040   6.4280   0.0000;
170:  0.1940   0.4600   0.6440   0.8320   1.0320   1.2730   1.4890   1.8180   2.0580   2.2860   2.5420   2.9190   3.1520   3.3910   3.6560   3.9030   4.1820   4.4200   4.6850   5.0520   5.3950   6.4380   0.0000;
171:  0.1950   0.4610   0.6450   0.8330   1.0330   1.2740   1.4880   1.8160   2.0560   2.2840   2.5390   2.9160   3.1480   3.3880   3.6550   3.9030   4.1810   4.4200   4.6850   5.0410   5.3870   6.4470   0.0000;
172:  0.1960   0.4620   0.6460   0.8350   1.0340   1.2740   1.4870   1.8140   2.0530   2.2810   2.5360   2.9130   3.1430   3.3850   3.6550   3.9030   4.1800   4.4210   4.6850   5.0300   5.3780   6.4560   0.0000;
173:  0.1970   0.4640   0.6470   0.8360   1.0350   1.2740   1.4860   1.8110   2.0510   2.2790   2.5330   2.9090   3.1390   3.3830   3.6550   3.9040   4.1790   4.4210   4.6850   5.0210   5.3720   6.4650   0.0000;
174:  0.1980   0.4650   0.6480   0.8370   1.0360   1.2740   1.4850   1.8090   2.0480   2.2760   2.5300   2.9060   3.1340   3.3800   3.6550   3.9040   4.1790   4.4220   4.6860   5.0120   5.3670   6.4730   0.0000;
175:  0.1990   0.4660   0.6490   0.8390   1.0360   1.2740   1.4850   1.8070   2.0450   2.2740   2.5260   2.9030   3.1290   3.3780   3.6550   3.9050   4.1780   4.4220   4.6870   5.0050   5.3650   6.4800   0.0000;
176:  0.2000   0.4670   0.6500   0.8400   1.0370   1.2740   1.4840   1.8040   2.0430   2.2710   2.5230   2.8990   3.1240   3.3760   3.6560   3.9060   4.1770   4.4230   4.6880   5.0000   5.3640   6.4870   0.0000;
177:  0.2000   0.4680   0.6510   0.8410   1.0380   1.2730   1.4820   1.8020   2.0400   2.2690   2.5200   2.8950   3.1200   3.3730   3.6570   3.9060   4.1770   4.4230   4.6890   4.9970   5.3650   6.4930   0.0000;
178:  0.2020   0.4690   0.6520   0.8420   1.0380   1.2730   1.4810   1.7990   2.0370   2.2660   2.5160   2.8920   3.1150   3.3710   3.6580   3.9070   4.1760   4.4240   4.6900   4.9950   5.3670   6.4990   0.0000;
179:  0.2020   0.4700   0.6530   0.8430   1.0390   1.2720   1.4800   1.7960   2.0340   2.2630   2.5130   2.8880   3.1100   3.3680   3.6590   3.9070   4.1750   4.4240   4.6910   4.9950   5.3690   6.5040   0.0000;
180:  0.2030   0.4710   0.6540   0.8440   1.0390   1.2720   1.4790   1.7940   2.0310   2.2600   2.5090   2.8840   3.1060   3.3660   3.6600   3.9070   4.1740   4.4240   4.6920   4.9960   5.3700   6.5070   0.0000;
181:  0.2040   0.4730   0.6550   0.8450   1.0390   1.2710   1.4780   1.7910   2.0270   2.2570   2.5060   2.8800   3.1010   3.3640   3.6600   3.9070   4.1730   4.4230   4.6930   4.9980   5.3690   6.5100   0.0000;
182:  0.2050   0.4730   0.6560   0.8460   1.0390   1.2700   1.4760   1.7880   2.0240   2.2540   2.5020   2.8760   3.0970   3.3610   3.6600   3.9070   4.1710   4.4230   4.6930   5.0000   5.3660   6.5130   0.0000;
183:  0.2060   0.4740   0.6570   0.8460   1.0390   1.2690   1.4750   1.7850   2.0200   2.2510   2.4980   2.8720   3.0920   3.3580   3.6600   3.9060   4.1690   4.4210   4.6930   5.0010   5.3590   6.5140   0.0000;
184:  0.2070   0.4750   0.6580   0.8470   1.0390   1.2690   1.4730   1.7810   2.0160   2.2470   2.4950   2.8680   3.0880   3.3560   3.6600   3.9040   4.1670   4.4200   4.6930   5.0020   5.3490   6.5160   0.0000;
185:  0.2070   0.4760   0.6580   0.8470   1.0390   1.2670   1.4720   1.7780   2.0130   2.2440   2.4910   2.8640   3.0840   3.3530   3.6590   3.9020   4.1640   4.4180   4.6910   5.0020   5.3350   6.5170   0.0000;
186:  0.2080   0.4770   0.6590   0.8480   1.0380   1.2660   1.4700   1.7750   2.0090   2.2400   2.4870   2.8600   3.0790   3.3500   3.6580   3.9000   4.1610   4.4150   4.6900   5.0000   5.3200   6.5180   0.0000;
187:  0.2090   0.4770   0.6600   0.8480   1.0380   1.2650   1.4680   1.7710   2.0050   2.2360   2.4830   2.8560   3.0750   3.3470   3.6560   3.8970   4.1580   4.4120   4.6870   4.9970   5.3020   6.5200   0.0000;
188:  0.2100   0.4780   0.6600   0.8490   1.0370   1.2630   1.4670   1.7670   2.0000   2.2320   2.4790   2.8510   3.0710   3.3440   3.6530   3.8940   4.1530   4.4080   4.6840   4.9930   5.2840   6.5220   0.0000;
189:  0.2100   0.4790   0.6610   0.8490   1.0370   1.2620   1.4640   1.7640   1.9960   2.2270   2.4740   2.8470   3.0670   3.3410   3.6500   3.8890   4.1490   4.4040   4.6800   4.9890   5.2670   6.5230   0.0000;
190:  0.2110   0.4790   0.6620   0.8490   1.0360   1.2600   1.4620   1.7600   1.9920   2.2230   2.4700   2.8420   3.0630   3.3370   3.6460   3.8850   4.1440   4.3990   4.6750   4.9830   5.2520   6.5240   0.0000;
191:  0.2110   0.4800   0.6620   0.8490   1.0350   1.2580   1.4600   1.7560   1.9870   2.2180   2.4660   2.8380   3.0600   3.3330   3.6410   3.8800   4.1390   4.3930   4.6690   4.9770   5.2400   6.5240   0.0000;
192:  0.2120   0.4800   0.6620   0.8490   1.0340   1.2560   1.4580   1.7520   1.9820   2.2130   2.4610   2.8330   3.0560   3.3290   3.6360   3.8740   4.1330   4.3870   4.6630   4.9710   5.2330   6.5230   0.0000;
193:  0.2120   0.4800   0.6630   0.8490   1.0330   1.2540   1.4550   1.7470   1.9770   2.2080   2.4560   2.8290   3.0520   3.3250   3.6290   3.8670   4.1270   4.3800   4.6560   4.9660   5.2300   6.5200   0.0000;
194:  0.2130   0.4810   0.6630   0.8480   1.0310   1.2520   1.4530   1.7430   1.9720   2.2020   2.4520   2.8240   3.0480   3.3210   3.6230   3.8600   4.1210   4.3730   4.6480   4.9610   5.2320   6.5150   0.0000;
195:  0.2130   0.4810   0.6630   0.8480   1.0300   1.2500   1.4500   1.7380   1.9670   2.1970   2.4470   2.8190   3.0440   3.3160   3.6150   3.8530   4.1140   4.3660   4.6390   4.9570   5.2380   6.5060   0.0000;
196:  0.2130   0.4810   0.6630   0.8470   1.0280   1.2470   1.4470   1.7340   1.9620   2.1910   2.4420   2.8140   3.0400   3.3120   3.6070   3.8450   4.1070   4.3580   4.6290   4.9530   5.2470   6.4950   0.0000;
197:  0.2140   0.4810   0.6630   0.8470   1.0270   1.2450   1.4440   1.7290   1.9560   2.1850   2.4360   2.8090   3.0350   3.3070   3.5980   3.8360   4.1000   4.3500   4.6200   4.9500   5.2580   6.4800   0.0000;
198:  0.2140   0.4810   0.6630   0.8460   1.0250   1.2420   1.4410   1.7240   1.9510   2.1790   2.4310   2.8030   3.0310   3.3010   3.5890   3.8280   4.0920   4.3410   4.6090   4.9470   5.2690   6.4610   0.0000;
199:  0.2140   0.4810   0.6630   0.8450   1.0230   1.2400   1.4380   1.7190   1.9450   2.1730   2.4250   2.7980   3.0270   3.2960   3.5800   3.8190   4.0840   4.3320   4.5980   4.9440   5.2770   6.4400   0.0000;
200:  0.2140   0.4800   0.6620   0.8440   1.0210   1.2370   1.4350   1.7140   1.9390   2.1660   2.4200   2.7920   3.0220   3.2900   3.5700   3.8090   4.0760   4.3240   4.5870   4.9400   5.2820   6.4160   0.0000;
201:  0.2140   0.4800   0.6620   0.8420   1.0190   1.2340   1.4310   1.7090   1.9330   2.1600   2.4140   2.7860   3.0170   3.2840   3.5590   3.8000   4.0680   4.3150   4.5750   4.9350   5.2820   6.3900   0.0000;
202:  0.2140   0.4800   0.6610   0.8410   1.0170   1.2310   1.4270   1.7040   1.9270   2.1530   2.4080   2.7800   3.0120   3.2780   3.5490   3.7900   4.0600   4.3060   4.5630   4.9280   5.2760   6.3640   0.0000;
203:  0.2140   0.4800   0.6610   0.8390   1.0150   1.2270   1.4240   1.6980   1.9210   2.1460   2.4020   2.7740   3.0070   3.2720   3.5380   3.7800   4.0520   4.2970   4.5510   4.9190   5.2640   6.3380   0.0000;
204:  0.2140   0.4790   0.6600   0.8380   1.0130   1.2240   1.4200   1.6930   1.9150   2.1390   2.3950   2.7670   3.0010   3.2650   3.5280   3.7710   4.0440   4.2880   4.5390   4.9070   5.2450   6.3130   0.0000;
205:  0.2140   0.4780   0.6590   0.8360   1.0110   1.2210   1.4160   1.6870   1.9090   2.1320   2.3890   2.7600   2.9960   3.2580   3.5170   3.7610   4.0360   4.2790   4.5280   4.8930   5.2220   6.2910   0.0000;
206:  0.2140   0.4780   0.6580   0.8340   1.0090   1.2180   1.4120   1.6810   1.9020   2.1250   2.3820   2.7540   2.9900   3.2510   3.5070   3.7510   4.0280   4.2710   4.5160   4.8760   5.1940   6.2730   0.0000;
207:  0.2130   0.4770   0.6570   0.8320   1.0070   1.2140   1.4080   1.6750   1.8960   2.1170   2.3750   2.7460   2.9830   3.2440   3.4960   3.7420   4.0210   4.2630   4.5050   4.8570   5.1640   6.2580   0.0000;
208:  0.2130   0.4760   0.6560   0.8300   1.0040   1.2110   1.4040   1.6690   1.8890   2.1100   2.3680   2.7390   2.9770   3.2370   3.4870   3.7330   4.0130   4.2550   4.4940   4.8360   5.1350   0.0000   0.0000;
209:  0.2130   0.4750   0.6550   0.8270   1.0020   1.2070   1.4000   1.6640   1.8830   2.1030   2.3610   2.7320   2.9700   3.2290   3.4770   3.7240   4.0060   4.2470   4.4840   4.8150   5.1090   0.0000   0.0000;
210:  0.2130   0.4740   0.6530   0.8250   1.0000   1.2030   1.3950   1.6580   1.8760   2.0950   2.3540   2.7240   2.9630   3.2220   3.4680   3.7150   3.9990   4.2400   4.4740   4.7950   5.0880   0.0000   0.0000;
211:  0.2130   0.4730   0.6520   0.8220   0.9970   1.2000   1.3910   1.6510   1.8690   2.0880   2.3460   2.7160   2.9560   3.2140   3.4590   3.7060   3.9920   4.2330   4.4640   4.7750   5.0750   0.0000   0.0000;
212:  0.2130   0.4720   0.6500   0.8200   0.9950   1.1960   1.3860   1.6450   1.8630   2.0800   2.3390   2.7080   2.9490   3.2060   3.4500   3.6980   3.9850   4.2270   4.4560   4.7590   5.0710   0.0000   0.0000;
213:  0.2120   0.4710   0.6480   0.8170   0.9920   1.1920   1.3820   1.6390   1.8560   2.0730   2.3310   2.7000   2.9420   3.1980   3.4420   3.6890   3.9780   4.2200   4.4470   4.7450   5.0770   0.0000   0.0000;
214:  0.2120   0.4700   0.6470   0.8150   0.9900   1.1890   1.3770   1.6330   1.8490   2.0650   2.3240   2.6920   2.9340   3.1900   3.4350   3.6820   3.9720   4.2150   4.4400   4.7370   5.0940   0.0000   0.0000;
215:  0.2120   0.4690   0.6450   0.8120   0.9870   1.1850   1.3730   1.6270   1.8420   2.0580   2.3160   2.6830   2.9260   3.1820   3.4280   3.6740   3.9650   4.2090   4.4330   4.7340   5.1210   0.0000   0.0000;
216:  0.2120   0.4670   0.6430   0.8090   0.9850   1.1810   1.3680   1.6210   1.8360   2.0510   2.3080   2.6750   2.9180   3.1740   3.4220   3.6670   3.9590   4.2040   4.4260   4.7370   5.1570   0.0000   0.0000;
217:  0.2110   0.4660   0.6410   0.8060   0.9820   1.1770   1.3630   1.6150   1.8290   2.0430   2.3000   2.6660   2.9100   3.1650   3.4160   3.6600   3.9530   4.1980   4.4200   4.7460   5.2000   0.0000   0.0000;
218:  0.2110   0.4650   0.6390   0.8030   0.9800   1.1730   1.3590   1.6080   1.8220   2.0360   2.2920   2.6580   2.9020   3.1570   3.4100   3.6530   3.9460   4.1930   4.4140   4.7610   0.0000   0.0000   0.0000;
219:  0.2110   0.4630   0.6370   0.8000   0.9770   1.1700   1.3540   1.6020   1.8150   2.0290   2.2840   2.6490   2.8940   3.1490   3.4050   3.6460   3.9400   4.1880   4.4090   0.0000   0.0000   0.0000   0.0000;
220:  0.2110   0.4620   0.6350   0.7970   0.9750   1.1660   1.3490   1.5960   1.8080   2.0210   2.2760   2.6410   2.8860   3.1400   3.4000   3.6390   3.9340   4.1830   4.4040   0.0000   0.0000   0.0000   0.0000;
221:  0.2110   0.4600   0.6330   0.7940   0.9720   1.1620   1.3440   1.5900   1.8020   2.0140   2.2690   2.6320   2.8780   3.1320   3.3950   3.6330   3.9270   4.1780   4.3990   0.0000   0.0000   0.0000   0.0000;
222:  0.2100   0.4590   0.6310   0.7910   0.9690   1.1590   1.3400   1.5840   1.7950   2.0070   2.2610   2.6240   2.8700   3.1240   3.3910   3.6260   3.9200   4.1730   4.3950   0.0000   0.0000   0.0000   0.0000;
223:  0.2100   0.4570   0.6290   0.7880   0.9670   1.1550   1.3350   1.5780   1.7880   2.0000   2.2530   2.6150   2.8620   3.1150   3.3860   3.6190   3.9140   4.1680   4.3900   0.0000   0.0000   0.0000   0.0000;
224:  0.2100   0.4560   0.6270   0.7850   0.9640   1.1510   1.3300   1.5730   1.7820   1.9930   2.2450   2.6070   2.8540   3.1070   3.3820   3.6130   3.9060   4.1620   4.3850   0.0000   0.0000   0.0000   0.0000;
225:  0.2100   0.4540   0.6250   0.7820   0.9620   1.1480   1.3250   1.5670   1.7750   1.9860   2.2380   2.5980   2.8460   3.0980   3.3780   3.6060   3.8990   4.1560   4.3800   0.0000   0.0000   0.0000   0.0000;
226:  0.2100   0.4530   0.6230   0.7800   0.9590   1.1440   1.3210   1.5610   1.7690   1.9790   2.2300   2.5900   2.8380   3.0900   3.3730   3.5990   3.8910   4.1500   4.3740   0.0000   0.0000   0.0000   0.0000;
227:  0.2100   0.4510   0.6210   0.7770   0.9560   1.1400   1.3160   1.5560   1.7620   1.9720   2.2230   2.5820   2.8310   3.0820   3.3690   3.5910   3.8830   4.1440   4.3690   0.0000   0.0000   0.0000   0.0000;
228:  0.2090   0.4490   0.6190   0.7740   0.9540   1.1370   1.3110   1.5500   1.7560   1.9650   2.2150   2.5750   2.8240   3.0730   3.3640   3.5840   3.8750   4.1360   4.3620   0.0000   0.0000   0.0000   0.0000;
229:  0.2090   0.4480   0.6170   0.7710   0.9510   1.1330   1.3070   1.5450   1.7490   1.9580   2.2080   2.5670   2.8160   3.0650   3.3580   3.5760   3.8660   4.1290   4.3550   0.0000   0.0000   0.0000   0.0000;
230:  0.2090   0.4460   0.6150   0.7690   0.9490   1.1300   1.3020   1.5400   1.7430   1.9520   2.2010   2.5590   2.8090   3.0570   3.3530   3.5680   3.8560   4.1200   4.3480   0.0000   0.0000   0.0000   0.0000;
231:  0.2090   0.4450   0.6130   0.7660   0.9460   1.1270   1.2970   1.5340   1.7370   1.9450   2.1950   2.5520   2.8020   3.0490   3.3470   3.5600   3.8470   4.1110   4.3400   0.0000   0.0000   0.0000   0.0000;
232:  0.2090   0.4430   0.6110   0.7640   0.9430   1.1230   1.2930   1.5290   1.7310   1.9390   2.1880   2.5450   2.7960   3.0400   3.3400   3.5520   3.8370   4.1020   4.3310   0.0000   0.0000   0.0000   0.0000;
233:  0.2080   0.4420   0.6090   0.7620   0.9410   1.1200   1.2880   1.5240   1.7250   1.9330   2.1810   2.5380   2.7890   3.0320   3.3330   3.5430   3.8260   4.0920   4.3200   0.0000   0.0000   0.0000   0.0000;
234:  0.2080   0.4400   0.6070   0.7600   0.9380   1.1160   1.2840   1.5190   1.7200   1.9260   2.1750   2.5310   2.7830   3.0240   3.3250   3.5340   3.8160   4.0810   4.3100   0.0000   0.0000   0.0000   0.0000;
235:  0.2080   0.4390   0.6050   0.7570   0.9350   1.1130   1.2800   1.5150   1.7140   1.9200   2.1690   2.5240   2.7760   3.0170   3.3170   3.5240   3.8050   4.0700   4.2980   0.0000   0.0000   0.0000   0.0000;
236:  0.2070   0.4370   0.6040   0.7550   0.9330   1.1090   1.2750   1.5100   1.7090   1.9140   2.1630   2.5180   2.7710   3.0090   3.3090   3.5150   3.7930   4.0580   4.2860   0.0000   0.0000   0.0000   0.0000;
237:  0.2070   0.4360   0.6020   0.7530   0.9300   1.1060   1.2710   1.5050   1.7030   1.9080   2.1570   2.5120   2.7650   3.0010   3.3000   3.5050   3.7820   4.0460   4.2720   0.0000   0.0000   0.0000   0.0000;
238:  0.2070   0.4340   0.6000   0.7510   0.9270   1.1030   1.2670   1.5010   1.6980   1.9030   2.1520   2.5060   2.7590   2.9940   3.2900   3.4950   3.7700   4.0330   4.2580   0.0000   0.0000   0.0000   0.0000;
239:  0.2060   0.4330   0.5980   0.7500   0.9250   1.0990   1.2630   1.4970   1.6930   1.8970   2.1470   2.5000   2.7530   2.9860   3.2800   3.4850   3.7580   4.0200   4.2440   0.0000   0.0000   0.0000   0.0000;
240:  0.2060   0.4310   0.5970   0.7480   0.9220   1.0960   1.2590   1.4930   1.6880   1.8910   2.1420   2.4940   2.7480   2.9790   3.2690   3.4750   3.7470   4.0070   4.2280   0.0000   0.0000   0.0000   0.0000;
241:  0.2050   0.4300   0.5950   0.7460   0.9200   1.0930   1.2550   1.4880   1.6840   1.8860   2.1370   2.4890   2.7430   2.9720   3.2580   3.4650   3.7350   3.9930   4.2120   0.0000   0.0000   0.0000   0.0000;
242:  0.2050   0.4290   0.5940   0.7450   0.9170   1.0890   1.2510   1.4840   1.6790   1.8810   2.1320   2.4840   2.7370   2.9650   3.2470   3.4550   3.7230   3.9800   4.1960   0.0000   0.0000   0.0000   0.0000;
243:  0.2040   0.4270   0.5920   0.7430   0.9150   1.0860   1.2480   1.4800   1.6750   1.8760   2.1270   2.4780   2.7320   2.9590   3.2360   3.4450   3.7120   3.9660   4.1790   0.0000   0.0000   0.0000   0.0000;
244:  0.2040   0.4260   0.5910   0.7420   0.9120   1.0830   1.2440   1.4770   1.6710   1.8710   2.1230   2.4730   2.7270   2.9520   3.2250   3.4360   3.7010   3.9530   4.1620   0.0000   0.0000   0.0000   0.0000;
245:  0.2030   0.4250   0.5890   0.7400   0.9100   1.0800   1.2410   1.4730   1.6670   1.8670   2.1190   2.4680   2.7220   2.9460   3.2130   3.4270   3.6900   3.9390   4.1450   0.0000   0.0000   0.0000   0.0000;
246:  0.2030   0.4240   0.5880   0.7390   0.9070   1.0760   1.2370   1.4700   1.6630   1.8620   2.1150   2.4640   2.7170   2.9400   3.2020   3.4180   3.6800   3.9260   4.1280   0.0000   0.0000   0.0000   0.0000;
247:  0.2020   0.4230   0.5860   0.7380   0.9050   1.0730   1.2340   1.4660   1.6600   1.8580   2.1110   2.4590   2.7120   2.9340   3.1910   3.4100   3.6700   3.9140   4.1110   0.0000   0.0000   0.0000   0.0000;
248:  0.2010   0.4220   0.5850   0.7360   0.9020   1.0700   1.2310   1.4630   1.6570   1.8550   2.1070   2.4550   2.7070   2.9280   3.1800   3.4020   3.6610   3.9010   4.0940   0.0000   0.0000   0.0000   0.0000;
249:  0.2000   0.4200   0.5840   0.7350   0.9000   1.0670   1.2280   1.4600   1.6540   1.8510   2.1040   2.4500   2.7020   2.9230   3.1700   3.3950   3.6530   3.8890   4.0780   0.0000   0.0000   0.0000   0.0000;
250:  0.2000   0.4200   0.5820   0.7340   0.8980   1.0640   1.2250   1.4570   1.6510   1.8470   2.1010   2.4460   2.6970   2.9180   3.1600   3.3880   3.6450   3.8780   4.0630   0.0000   0.0000   0.0000   0.0000;
251:  0.1990   0.4180   0.5810   0.7320   0.8950   1.0610   1.2220   1.4540   1.6480   1.8440   2.0970   2.4420   2.6920   2.9130   3.1500   3.3820   3.6380   3.8680   4.0480   0.0000   0.0000   0.0000   0.0000;
252:  0.1980   0.4180   0.5800   0.7310   0.8930   1.0580   1.2200   1.4510   1.6460   1.8420   2.0950   2.4380   2.6870   2.9080   3.1410   3.3770   3.6320   3.8580   4.0340   0.0000   0.0000   0.0000   0.0000;
253:  0.1980   0.4170   0.5790   0.7300   0.8910   1.0550   1.2170   1.4490   1.6440   1.8390   2.0920   2.4340   2.6830   2.9040   3.1330   3.3730   3.6260   3.8500   4.0210   0.0000   0.0000   0.0000   0.0000;
254:  0.1970   0.4160   0.5770   0.7290   0.8890   1.0530   1.2150   1.4460   1.6420   1.8370   2.0890   2.4300   2.6780   2.9000   3.1260   3.3690   3.6210   3.8420   4.0080   0.0000   0.0000   0.0000   0.0000;
255:  0.1960   0.4150   0.5760   0.7270   0.8870   1.0500   1.2130   1.4440   1.6400   1.8350   2.0860   2.4260   2.6730   2.8960   3.1200   3.3660   3.6170   3.8350   3.9970   0.0000   0.0000   0.0000   0.0000;
256:  0.1950   0.4140   0.5750   0.7260   0.8850   1.0470   1.2110   1.4420   1.6390   1.8330   2.0840   2.4230   2.6690   2.8930   3.1140   3.3640   3.6140   3.8290   3.9870   0.0000   0.0000   0.0000   0.0000;
257:  0.1950   0.4130   0.5740   0.7250   0.8830   1.0450   1.2090   1.4400   1.6380   1.8320   2.0820   2.4200   2.6640   2.8890   3.1090   3.3630   3.6120   3.8230   3.9790   0.0000   0.0000   0.0000   0.0000;
258:  0.1940   0.4130   0.5730   0.7230   0.8810   1.0420   1.2070   1.4380   1.6370   1.8310   2.0800   2.4160   2.6600   2.8860   3.1050   3.3620   3.6100   3.8190   3.9710   0.0000   0.0000   0.0000   0.0000;
259:  0.1930   0.4120   0.5720   0.7220   0.8800   1.0400   1.2050   1.4370   1.6360   1.8300   2.0780   2.4130   2.6560   2.8840   3.1020   3.3620   3.6090   3.8160   3.9650   0.0000   0.0000   0.0000   0.0000;
260:  0.1930   0.4110   0.5710   0.7210   0.8780   1.0380   1.2040   1.4350   1.6360   1.8290   2.0760   2.4100   2.6520   2.8810   3.1000   3.3630   3.6090   3.8130   0.0000   0.0000   0.0000   0.0000   0.0000;
261:  0.1920   0.4110   0.5700   0.7200   0.8760   1.0360   1.2030   1.4340   1.6360   1.8290   2.0740   2.4080   2.6480   2.8790   3.0990   3.3640   3.6090   0.0000   0.0000   0.0000   0.0000   0.0000   0.0000;
262:  0.1920   0.4100   0.5690   0.7180   0.8750   1.0340   1.2020   1.4330   1.6360   1.8290   2.0730   2.4050   2.6440   2.8770   3.0990   3.3660   3.6100   0.0000   0.0000   0.0000   0.0000   0.0000   0.0000;
263:  0.1910   0.4100   0.5680   0.7170   0.8730   1.0330   1.2000   1.4330   1.6360   1.8290   2.0710   2.4030   2.6410   2.8760   3.0990   3.3680   3.6110   0.0000   0.0000   0.0000   0.0000   0.0000   0.0000;
264:  0.1910   0.4090   0.5670   0.7160   0.8720   1.0310   1.2000   1.4320   1.6370   1.8300   2.0700   2.4010   2.6380   2.8740   3.1000   3.3710   3.6120   0.0000   0.0000   0.0000   0.0000   0.0000   0.0000;
265:  0.1900   0.4090   0.5660   0.7150   0.8710   1.0300   1.1990   1.4320   1.6380   1.8310   2.0690   2.3990   2.6360   2.8730   3.1020   3.3730   3.6140   0.0000   0.0000   0.0000   0.0000   0.0000   0.0000;
266:  0.1890   0.4090   0.5650   0.7130   0.8690   1.0290   1.1980   1.4320   1.6390   1.8310   2.0690   2.3980   2.6330   2.8720   3.1040   3.3760   3.6160   0.0000   0.0000   0.0000   0.0000   0.0000   0.0000;
267:  0.1890   0.4080   0.5650   0.7120   0.8680   1.0280   1.1980   1.4330   1.6400   1.8330   2.0680   2.3960   2.6310   2.8710   3.1070   3.3790   3.6180   0.0000   0.0000   0.0000   0.0000   0.0000   0.0000;
268:  0.1890   0.4080   0.5640   0.7110   0.8670   1.0270   1.1980   1.4330   1.6420   1.8340   2.0680   2.3950   2.6300   2.8710   3.1100   3.3820   3.6200   0.0000   0.0000   0.0000   0.0000   0.0000   0.0000;
269:  0.1880   0.4080   0.5630   0.7100   0.8660   1.0260   1.1980   1.4340   1.6430   1.8360   2.0680   2.3950   2.6290   2.8710   3.1140   3.3850   3.6210   0.0000   0.0000   0.0000   0.0000   0.0000   0.0000;
270:  0.1880   0.4080   0.5620   0.7090   0.8650   1.0260   1.1980   1.4350   1.6450   1.8370   2.0680   2.3950   2.6280   2.8710   3.1170   3.3880   3.6230   0.0000   0.0000   0.0000   0.0000   0.0000   0.0000;
271:  0.1870   0.4070   0.5620   0.7080   0.8650   1.0260   1.1980   1.4370   1.6470   1.8390   2.0680   2.3950   2.6280   2.8710   3.1210   3.3910   3.6240   0.0000   0.0000   0.0000   0.0000   0.0000   0.0000;
272:  0.1870   0.4070   0.5610   0.7070   0.8640   1.0260   1.1990   1.4380   1.6490   1.8420   2.0690   2.3950   2.6280   2.8710   3.1250   3.3930   3.6250   0.0000   0.0000   0.0000   0.0000   0.0000   0.0000;
273:  0.1870   0.4070   0.5610   0.7060   0.8640   1.0260   1.1990   1.4400   1.6520   1.8440   2.0700   2.3960   2.6290   2.8720   3.1290   3.3950   3.6260   0.0000   0.0000   0.0000   0.0000   0.0000   0.0000;
274:  0.1870   0.4070   0.5600   0.7050   0.8630   1.0260   1.2000   1.4420   1.6550   1.8460   2.0710   2.3970   2.6300   2.8730   3.1320   3.3960   3.6270   0.0000   0.0000   0.0000   0.0000   0.0000   0.0000;
275:  0.1870   0.4070   0.5600   0.7050   0.8630   1.0270   1.2010   1.4450   1.6580   1.8490   2.0720   2.3980   2.6320   2.8740   3.1360   3.3980   3.6270   0.0000   0.0000   0.0000   0.0000   0.0000   0.0000;
276:  0.1860   0.4070   0.5600   0.7040   0.8620   1.0270   1.2020   1.4470   1.6600   1.8510   2.0740   2.4000   2.6340   2.8750   3.1380   3.3980   3.6260   0.0000   0.0000   0.0000   0.0000   0.0000   0.0000;
277:  0.1860   0.4070   0.5590   0.7040   0.8620   1.0280   1.2030   1.4500   1.6640   1.8540   2.0750   2.4020   2.6360   2.8760   3.1410   3.3980   3.6250   0.0000   0.0000   0.0000   0.0000   0.0000   0.0000;
278:  0.1860   0.4070   0.5590   0.7030   0.8620   1.0290   1.2050   1.4530   1.6670   1.8570   2.0780   2.4040   2.6390   2.8770   3.1440   3.3980   3.6230   0.0000   0.0000   0.0000   0.0000   0.0000   0.0000;
279:  0.1860   0.4070   0.5590   0.7030   0.8620   1.0300   1.2060   1.4570   1.6710   1.8600   2.0800   2.4070   2.6420   2.8790   3.1450   3.3960   3.6210   0.0000   0.0000   0.0000   0.0000   0.0000   0.0000;
280:  0.1850   0.4070   0.5590   0.7030   0.8630   1.0310   1.2080   1.4600   1.6740   1.8630   2.0830   2.4100   2.6460   2.8810   3.1470   3.3950   3.6180   0.0000   0.0000   0.0000   0.0000   0.0000   0.0000;
281:  0.1850   0.4070   0.5590   0.7020   0.8630   1.0330   1.2100   1.4640   1.6780   1.8660   2.0850   2.4130   2.6500   2.8830   3.1480   3.3930   3.6150   0.0000   0.0000   0.0000   0.0000   0.0000   0.0000;
282:  0.1850   0.4070   0.5590   0.7020   0.8640   1.0340   1.2120   1.4680   1.6820   1.8700   2.0890   2.4170   2.6550   2.8850   3.1490   3.3900   3.6120   0.0000   0.0000   0.0000   0.0000   0.0000   0.0000;
283:  0.1850   0.4070   0.5590   0.7020   0.8640   1.0360   1.2140   1.4720   1.6860   1.8730   2.0920   2.4210   2.6590   2.8880   3.1490   3.3870   3.6080   0.0000   0.0000   0.0000   0.0000   0.0000   0.0000;
284:  0.1850   0.4070   0.5590   0.7030   0.8650   1.0380   1.2160   1.4760   1.6900   1.8760   2.0960   2.4250   2.6640   2.8910   3.1490   3.3840   3.6040   0.0000   0.0000   0.0000   0.0000   0.0000   0.0000;
285:  0.1850   0.4070   0.5590   0.7030   0.8650   1.0400   1.2190   1.4810   1.6940   1.8800   2.1000   2.4300   2.6690   2.8930   3.1480   3.3800   3.6000   0.0000   0.0000   0.0000   0.0000   0.0000   0.0000;
286:  0.1840   0.4070   0.5590   0.7030   0.8670   1.0420   1.2220   1.4850   1.6990   1.8840   2.1040   2.4340   2.6740   2.8970   3.1470   3.3760   3.5950   0.0000   0.0000   0.0000   0.0000   0.0000   0.0000;
287:  0.1840   0.4070   0.5590   0.7040   0.8670   1.0440   1.2240   1.4900   1.7030   1.8880   2.1090   2.4390   2.6800   2.9000   3.1460   3.3720   3.5910   0.0000   0.0000   0.0000   0.0000   0.0000   0.0000;
288:  0.1840   0.4070   0.5590   0.7040   0.8690   1.0460   1.2270   1.4950   1.7080   1.8920   2.1130   2.4440   2.6850   2.9040   3.1450   3.3680   3.5860   0.0000   0.0000   0.0000   0.0000   0.0000   0.0000;
289:  0.1840   0.4070   0.5600   0.7050   0.8700   1.0490   1.2310   1.5000   1.7130   1.8960   2.1180   2.4500   2.6900   2.9080   3.1440   3.3640   3.5810   0.0000   0.0000   0.0000   0.0000   0.0000   0.0000;
290:  0.1840   0.4070   0.5600   0.7050   0.8710   1.0510   1.2340   1.5050   1.7180   1.9000   2.1230   2.4550   2.6960   2.9120   3.1430   3.3600   3.5770   0.0000   0.0000   0.0000   0.0000   0.0000   0.0000;
291:  0.1840   0.4070   0.5600   0.7060   0.8730   1.0540   1.2380   1.5100   1.7230   1.9050   2.1290   2.4610   2.7010   2.9160   3.1420   3.3560   3.5730   0.0000   0.0000   0.0000   0.0000   0.0000   0.0000;
292:  0.1830   0.4070   0.5610   0.7070   0.8750   1.0570   1.2420   1.5160   1.7280   1.9090   2.1350   2.4660   2.7070   2.9210   3.1400   3.3530   3.5690   0.0000   0.0000   0.0000   0.0000   0.0000   0.0000;
293:  0.1830   0.4070   0.5610   0.7080   0.8760   1.0600   1.2450   1.5210   1.7330   1.9140   2.1400   2.4720   2.7120   2.9260   3.1400   3.3490   3.5660   0.0000   0.0000   0.0000   0.0000   0.0000   0.0000;
294:  0.1830   0.4080   0.5620   0.7090   0.8780   1.0630   1.2490   1.5260   1.7380   1.9190   2.1460   2.4780   2.7180   2.9320   3.1390   3.3460   3.5630   0.0000   0.0000   0.0000   0.0000   0.0000   0.0000;
295:  0.1830   0.4080   0.5620   0.7100   0.8800   1.0660   1.2540   1.5320   1.7440   1.9240   2.1530   2.4840   2.7230   2.9370   3.1390   3.3440   3.5600   0.0000   0.0000   0.0000   0.0000   0.0000   0.0000;
296:  0.1820   0.4080   0.5630   0.7110   0.8830   1.0690   1.2580   1.5380   1.7500   1.9300   2.1590   2.4900   2.7280   2.9440   3.1390   3.3420   3.5580   0.0000   0.0000   0.0000   0.0000   0.0000   0.0000;
297:  0.1820   0.4080   0.5630   0.7120   0.8850   1.0730   1.2630   1.5440   1.7550   1.9350   2.1660   2.4960   2.7330   2.9500   3.1400   3.3410   3.5570   0.0000   0.0000   0.0000   0.0000   0.0000   0.0000;
298:  0.1820   0.4080   0.5640   0.7140   0.8870   1.0760   1.2680   1.5490   1.7610   1.9410   2.1730   2.5030   2.7370   2.9560   3.1410   3.3400   0.0000   0.0000   0.0000   0.0000   0.0000   0.0000   0.0000;
299:  0.1820   0.4080   0.5650   0.7150   0.8900   1.0800   1.2730   1.5550   1.7670   1.9470   2.1800   2.5090   2.7420   2.9630   3.1430   3.3400   0.0000   0.0000   0.0000   0.0000   0.0000   0.0000   0.0000;
300:  0.1820   0.4090   0.5650   0.7160   0.8920   1.0840   1.2780   1.5610   1.7730   1.9530   2.1870   2.5150   2.7470   2.9710   3.1450   3.3400   0.0000   0.0000   0.0000   0.0000   0.0000   0.0000   0.0000;
301:  0.1820   0.4090   0.5660   0.7180   0.8950   1.0870   1.2830   1.5670   1.7790   1.9600   2.1940   2.5220   2.7510   2.9780   3.1480   0.0000   0.0000   0.0000   0.0000   0.0000   0.0000   0.0000   0.0000;
302:  0.1810   0.4090   0.5670   0.7190   0.8980   1.0920   1.2890   1.5730   1.7860   1.9670   2.2020   2.5280   2.7550   2.9860   3.1520   0.0000   0.0000   0.0000   0.0000   0.0000   0.0000   0.0000   0.0000;
303:  0.1810   0.4090   0.5680   0.7200   0.9000   1.0960   1.2940   1.5800   1.7920   1.9740   2.2090   2.5350   2.7590   2.9940   3.1560   0.0000   0.0000   0.0000   0.0000   0.0000   0.0000   0.0000   0.0000;
304:  0.1810   0.4090   0.5690   0.7220   0.9030   1.1000   1.3000   1.5860   1.7990   1.9810   2.2170   2.5410   2.7640   3.0030   3.1600   0.0000   0.0000   0.0000   0.0000   0.0000   0.0000   0.0000   0.0000;
305:  0.1810   0.4100   0.5700   0.7240   0.9060   1.1050   1.3060   1.5930   1.8050   1.9890   2.2250   2.5480   2.7670   3.0110   0.0000   0.0000   0.0000   0.0000   0.0000   0.0000   0.0000   0.0000   0.0000;
306:  0.1810   0.4100   0.5710   0.7250   0.9090   1.1100   1.3120   1.5990   1.8130   1.9970   2.2330   2.5550   2.7710   3.0200   0.0000   0.0000   0.0000   0.0000   0.0000   0.0000   0.0000   0.0000   0.0000;
307:  0.1810   0.4110   0.5720   0.7270   0.9130   1.1150   1.3180   1.6060   1.8200   2.0050   2.2410   2.5620   2.7760   3.0290   0.0000   0.0000   0.0000   0.0000   0.0000   0.0000   0.0000   0.0000   0.0000;
308:  0.1810   0.4110   0.5730   0.7290   0.9160   1.1200   1.3240   1.6130   1.8270   2.0130   2.2490   2.5690   2.7800   0.0000   0.0000   0.0000   0.0000   0.0000   0.0000   0.0000   0.0000   0.0000   0.0000;
309:  0.1810   0.4120   0.5740   0.7310   0.9190   1.1250   1.3310   1.6190   1.8340   2.0220   2.2580   2.5760   2.7840   0.0000   0.0000   0.0000   0.0000   0.0000   0.0000   0.0000   0.0000   0.0000   0.0000;
310:  0.1810   0.4120   0.5750   0.7320   0.9230   1.1300   1.3370   1.6260   1.8410   2.0300   2.2660   2.5830   2.7880   0.0000   0.0000   0.0000   0.0000   0.0000   0.0000   0.0000   0.0000   0.0000   0.0000;
311:  0.1810   0.4130   0.5770   0.7340   0.9260   1.1360   1.3440   1.6330   1.8490   2.0390   2.2750   2.5910   2.7930   0.0000   0.0000   0.0000   0.0000   0.0000   0.0000   0.0000   0.0000   0.0000   0.0000;
312:  0.1810   0.4130   0.5780   0.7360   0.9300   1.1410   1.3500   1.6410   1.8570   2.0480   2.2840   2.5990   2.7970   0.0000   0.0000   0.0000   0.0000   0.0000   0.0000   0.0000   0.0000   0.0000   0.0000;
313:  0.1810   0.4140   0.5800   0.7380   0.9330   1.1470   1.3570   1.6480   1.8650   2.0580   2.2920   2.6070   2.8020   0.0000   0.0000   0.0000   0.0000   0.0000   0.0000   0.0000   0.0000   0.0000   0.0000;
314:  0.1810   0.4150   0.5810   0.7410   0.9370   1.1530   1.3640   1.6560   1.8730   2.0670   2.3010   2.6150   2.8080   0.0000   0.0000   0.0000   0.0000   0.0000   0.0000   0.0000   0.0000   0.0000   0.0000;
315:  0.1810   0.4160   0.5830   0.7430   0.9410   1.1590   1.3710   1.6630   1.8810   2.0770   2.3100   2.6230   2.8130   0.0000   0.0000   0.0000   0.0000   0.0000   0.0000   0.0000   0.0000   0.0000   0.0000;
316:  0.1810   0.4160   0.5850   0.7450   0.9450   1.1650   1.3780   1.6710   1.8890   2.0860   2.3200   2.6320   2.8200   0.0000   0.0000   0.0000   0.0000   0.0000   0.0000   0.0000   0.0000   0.0000   0.0000;
317:  0.1810   0.4170   0.5860   0.7480   0.9490   1.1710   1.3840   1.6790   1.8970   2.0960   2.3290   2.6400   2.8260   0.0000   0.0000   0.0000   0.0000   0.0000   0.0000   0.0000   0.0000   0.0000   0.0000;
318:  0.1810   0.4180   0.5880   0.7500   0.9530   1.1780   1.3910   1.6870   1.9060   2.1060   2.3380   2.6490   2.8330   0.0000   0.0000   0.0000   0.0000   0.0000   0.0000   0.0000   0.0000   0.0000   0.0000;
319:  0.1810   0.4190   0.5900   0.7530   0.9560   1.1840   1.3980   1.6950   1.9140   2.1160   2.3470   2.6590   2.8400   0.0000   0.0000   0.0000   0.0000   0.0000   0.0000   0.0000   0.0000   0.0000   0.0000;
320:  0.1820   0.4200   0.5920   0.7560   0.9610   1.1900   1.4050   1.7030   1.9230   2.1260   2.3570   2.6690   2.8480   0.0000   0.0000   0.0000   0.0000   0.0000   0.0000   0.0000   0.0000   0.0000   0.0000;
321:  0.1820   0.4210   0.5940   0.7590   0.9650   1.1970   1.4130   1.7110   1.9320   2.1360   2.3670   2.6780   2.8570   0.0000   0.0000   0.0000   0.0000   0.0000   0.0000   0.0000   0.0000   0.0000   0.0000;
322:  0.1820   0.4220   0.5960   0.7620   0.9690   1.2030   1.4200   1.7200   1.9410   2.1470   2.3760   2.6890   2.8660   0.0000   0.0000   0.0000   0.0000   0.0000   0.0000   0.0000   0.0000   0.0000   0.0000;
323:  0.1820   0.4240   0.5980   0.7650   0.9730   1.2100   1.4270   1.7280   1.9500   2.1570   2.3860   2.6990   2.8750   0.0000   0.0000   0.0000   0.0000   0.0000   0.0000   0.0000   0.0000   0.0000   0.0000;
324:  0.1820   0.4250   0.6000   0.7680   0.9780   1.2160   1.4340   1.7360   1.9590   2.1670   2.3960   2.7100   2.8850   0.0000   0.0000   0.0000   0.0000   0.0000   0.0000   0.0000   0.0000   0.0000   0.0000;
325:  0.1820   0.4260   0.6030   0.7710   0.9820   1.2230   1.4410   1.7450   1.9680   2.1770   2.4050   2.7210   2.8960   0.0000   0.0000   0.0000   0.0000   0.0000   0.0000   0.0000   0.0000   0.0000   0.0000;
326:  0.1820   0.4270   0.6050   0.7750   0.9860   1.2290   1.4480   1.7530   1.9770   2.1870   2.4150   2.7320   2.9070   0.0000   0.0000   0.0000   0.0000   0.0000   0.0000   0.0000   0.0000   0.0000   0.0000;
327:  0.1820   0.4290   0.6080   0.7780   0.9910   1.2360   1.4550   1.7620   1.9860   2.1970   2.4250   2.7440   2.9180   0.0000   0.0000   0.0000   0.0000   0.0000   0.0000   0.0000   0.0000   0.0000   0.0000;
328:  0.1820   0.4300   0.6100   0.7820   0.9950   1.2420   1.4620   1.7710   1.9960   2.2070   2.4350   2.7550   2.9310   0.0000   0.0000   0.0000   0.0000   0.0000   0.0000   0.0000   0.0000   0.0000   0.0000;
329:  0.1810   0.4320   0.6130   0.7850   1.0000   1.2480   1.4690   1.7790   2.0050   2.2170   2.4450   2.7670   2.9430   0.0000   0.0000   0.0000   0.0000   0.0000   0.0000   0.0000   0.0000   0.0000   0.0000;
330:  0.1810   0.4330   0.6150   0.7890   1.0050   1.2550   1.4760   1.7880   2.0140   2.2270   2.4550   2.7790   2.9560   0.0000   0.0000   0.0000   0.0000   0.0000   0.0000   0.0000   0.0000   0.0000   0.0000;
331:  0.1810   0.4350   0.6180   0.7930   1.0090   1.2610   1.4820   1.7960   2.0240   2.2370   2.4650   2.7910   2.9700   0.0000   0.0000   0.0000   0.0000   0.0000   0.0000   0.0000   0.0000   0.0000   0.0000;
332:  0.1810   0.4360   0.6200   0.7960   1.0140   1.2670   1.4890   1.8050   2.0330   2.2470   2.4760   2.8030   2.9840   0.0000   0.0000   0.0000   0.0000   0.0000   0.0000   0.0000   0.0000   0.0000   0.0000;
333:  0.1810   0.4380   0.6230   0.8000   1.0190   1.2730   1.4960   1.8130   2.0420   2.2560   2.4850   2.8160   2.9980   0.0000   0.0000   0.0000   0.0000   0.0000   0.0000   0.0000   0.0000   0.0000   0.0000;
334:  0.1800   0.4390   0.6250   0.8040   1.0240   1.2780   1.5020   1.8210   2.0520   2.2650   2.4960   2.8280   3.0120   0.0000   0.0000   0.0000   0.0000   0.0000   0.0000   0.0000   0.0000   0.0000   0.0000;
335:  0.1800   0.4400   0.6280   0.8080   1.0290   1.2840   1.5090   1.8290   2.0610   2.2750   2.5060   2.8410   3.0270   0.0000   0.0000   0.0000   0.0000   0.0000   0.0000   0.0000   0.0000   0.0000   0.0000;
336:  0.1800   0.4420   0.6310   0.8120   1.0340   1.2900   1.5160   1.8370   2.0700   2.2840   2.5160   2.8530   3.0420   0.0000   0.0000   0.0000   0.0000   0.0000   0.0000   0.0000   0.0000   0.0000   0.0000;
337:  0.1800   0.4440   0.6340   0.8160   1.0390   1.2950   1.5220   1.8450   2.0790   2.2930   2.5260   2.8660   3.0570   0.0000   0.0000   0.0000   0.0000   0.0000   0.0000   0.0000   0.0000   0.0000   0.0000;
338:  0.1790   0.4450   0.6360   0.8200   1.0440   1.3010   1.5290   1.8530   2.0880   2.3020   2.5360   2.8780   3.0730   0.0000   0.0000   0.0000   0.0000   0.0000   0.0000   0.0000   0.0000   0.0000   0.0000;
339:  0.1790   0.4470   0.6390   0.8240   1.0490   1.3060   1.5350   1.8610   2.0970   2.3110   2.5460   2.8910   3.0880   0.0000   0.0000   0.0000   0.0000   0.0000   0.0000   0.0000   0.0000   0.0000   0.0000;
340:  0.1780   0.4480   0.6420   0.8280   1.0540   1.3110   1.5410   1.8680   2.1060   2.3200   2.5560   2.9030   3.1040   0.0000   0.0000   0.0000   0.0000   0.0000   0.0000   0.0000   0.0000   0.0000   0.0000;
341:  0.1780   0.4490   0.6440   0.8320   1.0590   1.3160   1.5470   1.8750   2.1150   2.3290   2.5660   2.9150   3.1190   0.0000   0.0000   0.0000   0.0000   0.0000   0.0000   0.0000   0.0000   0.0000   0.0000;
342:  0.1780   0.4510   0.6470   0.8360   1.0640   1.3210   1.5540   1.8820   2.1240   2.3370   2.5760   2.9270   3.1350   0.0000   0.0000   0.0000   0.0000   0.0000   0.0000   0.0000   0.0000   0.0000   0.0000;
343:  0.1770   0.4520   0.6500   0.8400   1.0690   1.3260   1.5600   1.8890   2.1320   2.3460   2.5850   2.9390   3.1500   0.0000   0.0000   0.0000   0.0000   0.0000   0.0000   0.0000   0.0000   0.0000   0.0000;
344:  0.1770   0.4540   0.6520   0.8440   1.0740   1.3310   1.5660   1.8960   2.1400   2.3540   2.5950   2.9510   3.1650   0.0000   0.0000   0.0000   0.0000   0.0000   0.0000   0.0000   0.0000   0.0000   0.0000;
345:  0.1760   0.4550   0.6550   0.8470   1.0780   1.3350   1.5720   1.9030   2.1490   2.3620   2.6050   2.9620   3.1800   0.0000   0.0000   0.0000   0.0000   0.0000   0.0000   0.0000   0.0000   0.0000   0.0000;
346:  0.1760   0.4560   0.6570   0.8510   1.0840   1.3400   1.5780   1.9090   2.1570   2.3710   2.6140   2.9740   3.1950   0.0000   0.0000   0.0000   0.0000   0.0000   0.0000   0.0000   0.0000   0.0000   0.0000;
347:  0.1760   0.4580   0.6600   0.8550   1.0880   1.3440   1.5840   1.9150   2.1650   2.3790   2.6240   2.9850   3.2090   0.0000   0.0000   0.0000   0.0000   0.0000   0.0000   0.0000   0.0000   0.0000   0.0000;
348:  0.1750   0.4590   0.6620   0.8580   1.0930   1.3490   1.5890   1.9210   2.1730   2.3870   2.6330   2.9960   3.2240   0.0000   0.0000   0.0000   0.0000   0.0000   0.0000   0.0000   0.0000   0.0000   0.0000;
349:  0.1750   0.4600   0.6650   0.8620   1.0980   1.3530   1.5950   1.9270   2.1810   2.3950   2.6420   3.0070   3.2380   0.0000   0.0000   0.0000   0.0000   0.0000   0.0000   0.0000   0.0000   0.0000   0.0000;
350:  0.1750   0.4620   0.6670   0.8650   1.1020   1.3580   1.6010   1.9330   2.1880   2.4030   2.6510   3.0170   3.2510   0.0000   0.0000   0.0000   0.0000   0.0000   0.0000   0.0000   0.0000   0.0000   0.0000;
351:  0.1750   0.4630   0.6690   0.8680   1.1070   1.3620   1.6060   1.9380   2.1960   2.4110   2.6600   3.0270   3.2650   0.0000   0.0000   0.0000   0.0000   0.0000   0.0000   0.0000   0.0000   0.0000   0.0000;
352:  0.1740   0.4640   0.6720   0.8710   1.1110   1.3660   1.6120   1.9440   2.2030   2.4180   2.6690   3.0380   3.2780   0.0000   0.0000   0.0000   0.0000   0.0000   0.0000   0.0000   0.0000   0.0000   0.0000;
353:  0.1740   0.4650   0.6740   0.8750   1.1150   1.3700   1.6170   1.9490   2.2100   2.4260   2.6780   3.0470   3.2910   0.0000   0.0000   0.0000   0.0000   0.0000   0.0000   0.0000   0.0000   0.0000   0.0000;
354:  0.1740   0.4660   0.6760   0.8780   1.1200   1.3750   1.6220   1.9540   2.2170   2.4340   2.6870   3.0570   3.3030   0.0000   0.0000   0.0000   0.0000   0.0000   0.0000   0.0000   0.0000   0.0000   0.0000;
355:  0.1730   0.4670   0.6780   0.8810   1.1240   1.3790   1.6270   1.9590   2.2240   2.4410   2.6950   3.0660   3.3150   0.0000   0.0000   0.0000   0.0000   0.0000   0.0000   0.0000   0.0000   0.0000   0.0000;
356:  0.1730   0.4680   0.6800   0.8840   1.1280   1.3830   1.6330   1.9640   2.2310   2.4490   2.7040   3.0750   3.3270   0.0000   0.0000   0.0000   0.0000   0.0000   0.0000   0.0000   0.0000   0.0000   0.0000;
357:  0.1730   0.4690   0.6820   0.8860   1.1320   1.3870   1.6380   1.9680   2.2370   2.4560   2.7120   3.0840   3.3380   3.5650   0.0000   0.0000   0.0000   0.0000   0.0000   0.0000   0.0000   0.0000   0.0000;
358:  0.1730   0.4710   0.6840   0.8890   1.1350   1.3910   1.6430   1.9730   2.2440   2.4640   2.7200   3.0930   3.3490   3.5780   0.0000   0.0000   0.0000   0.0000   0.0000   0.0000   0.0000   0.0000   0.0000;
359:  0.1730   0.4710   0.6860   0.8910   1.1390   1.3960   1.6470   1.9770   2.2500   2.4710   2.7280   3.1020   3.3590   3.5910   0.0000   0.0000   0.0000   0.0000   0.0000   0.0000   0.0000   0.0000   0.0000;
