C:\RK-3\Data\PA000001\ED0000010009R.DAT;
000:  0.4035   0.6830   0.9050   1.1305   1.3830   1.6330   1.9225   2.2125   2.4340   2.6700   2.9890   3.3125   3.5900   3.9155   0.0000   0.0000   0.0000   0.0000   0.0000   0.0000   0.0000   0.0000   0.0000;
001:  0.4030   0.6830   0.9050   1.1310   1.3835   1.6330   1.9225   2.2125   2.4345   2.6710   2.9905   3.3155   3.5935   3.9190   0.0000   0.0000   0.0000   0.0000   0.0000   0.0000   0.0000   0.0000   0.0000;
002:  0.4030   0.6830   0.9045   1.1305   1.3835   1.6335   1.9235   2.2135   2.4355   2.6720   2.9920   3.3185   3.5975   3.9230   0.0000   0.0000   0.0000   0.0000   0.0000   0.0000   0.0000   0.0000   0.0000;
003:  0.4030   0.6830   0.9045   1.1305   1.3840   1.6340   1.9235   2.2135   2.4360   2.6735   2.9945   3.3215   3.6010   3.9265   0.0000   0.0000   0.0000   0.0000   0.0000   0.0000   0.0000   0.0000   0.0000;
004:  0.4025   0.6830   0.9045   1.1305   1.3840   1.6340   1.9240   2.2145   2.4370   2.6745   2.9965   3.3250   3.6050   3.9305   0.0000   0.0000   0.0000   0.0000   0.0000   0.0000   0.0000   0.0000   0.0000;
005:  0.4025   0.6830   0.9045   1.1305   1.3840   1.6340   1.9240   2.2150   2.4380   2.6755   2.9980   3.3280   3.6085   3.9335   0.0000   0.0000   0.0000   0.0000   0.0000   0.0000   0.0000   0.0000   0.0000;
006:  0.4025   0.6830   0.9050   1.1310   1.3840   1.6345   1.9250   2.2155   2.4385   2.6770   3.0005   3.3315   3.6125   3.9370   0.0000   0.0000   0.0000   0.0000   0.0000   0.0000   0.0000   0.0000   0.0000;
007:  0.4025   0.6830   0.9050   1.1310   1.3845   1.6350   1.9250   2.2155   2.4390   2.6780   3.0025   3.3350   3.6165   3.9400   0.0000   0.0000   0.0000   0.0000   0.0000   0.0000   0.0000   0.0000   0.0000;
008:  0.4020   0.6830   0.9050   1.1310   1.3845   1.6350   1.9250   2.2160   2.4405   2.6800   3.0050   3.3385   3.6205   3.9430   0.0000   0.0000   0.0000   0.0000   0.0000   0.0000   0.0000   0.0000   0.0000;
009:  0.4020   0.6830   0.9050   1.1310   1.3845   1.6355   1.9255   2.2165   2.4415   2.6810   3.0070   3.3415   3.6240   3.9460   0.0000   0.0000   0.0000   0.0000   0.0000   0.0000   0.0000   0.0000   0.0000;
010:  0.4020   0.6830   0.9050   1.1310   1.3845   1.6355   1.9255   2.2165   2.4420   2.6820   3.0090   3.3450   3.6275   3.9485   0.0000   0.0000   0.0000   0.0000   0.0000   0.0000   0.0000   0.0000   0.0000;
011:  0.4020   0.6830   0.9050   1.1310   1.3845   1.6360   1.9260   2.2170   2.4435   2.6840   3.0110   3.3475   3.6310   3.9510   0.0000   0.0000   0.0000   0.0000   0.0000   0.0000   0.0000   0.0000   0.0000;
012:  0.4020   0.6830   0.9050   1.1310   1.3845   1.6360   1.9260   2.2175   2.4450   2.6855   3.0130   3.3505   3.6345   3.9535   0.0000   0.0000   0.0000   0.0000   0.0000   0.0000   0.0000   0.0000   0.0000;
013:  0.4015   0.6830   0.9050   1.1310   1.3850   1.6370   1.9265   2.2175   2.4455   2.6870   3.0155   3.3535   3.6375   3.9555   0.0000   0.0000   0.0000   0.0000   0.0000   0.0000   0.0000   0.0000   0.0000;
014:  0.4015   0.6830   0.9050   1.1310   1.3850   1.6370   1.9265   2.2180   2.4470   2.6890   3.0180   3.3565   3.6405   3.9570   0.0000   0.0000   0.0000   0.0000   0.0000   0.0000   0.0000   0.0000   0.0000;
015:  0.4010   0.6825   0.9050   1.1310   1.3850   1.6375   1.9270   2.2185   2.4485   2.6905   3.0200   3.3595   3.6440   3.9595   0.0000   0.0000   0.0000   0.0000   0.0000   0.0000   0.0000   0.0000   0.0000;
016:  0.4005   0.6825   0.9050   1.1310   1.3850   1.6375   1.9265   2.2185   2.4500   2.6925   3.0220   3.3615   3.6465   3.9610   0.0000   0.0000   0.0000   0.0000   0.0000   0.0000   0.0000   0.0000   0.0000;
017:  0.4005   0.6825   0.9050   1.1310   1.3850   1.6380   1.9270   2.2190   2.4515   2.6945   3.0245   3.3640   3.6490   3.9620   0.0000   0.0000   0.0000   0.0000   0.0000   0.0000   0.0000   0.0000   0.0000;
018:  0.4005   0.6825   0.9050   1.1310   1.3850   1.6380   1.9270   2.2195   2.4530   2.6965   3.0265   3.3660   3.6510   0.0000   0.0000   0.0000   0.0000   0.0000   0.0000   0.0000   0.0000   0.0000   0.0000;
019:  0.4005   0.6825   0.9045   1.1305   1.3850   1.6385   1.9275   2.2200   2.4545   2.6985   3.0290   3.3680   3.6530   0.0000   0.0000   0.0000   0.0000   0.0000   0.0000   0.0000   0.0000   0.0000   0.0000;
020:  0.3995   0.6815   0.9040   1.1305   1.3855   1.6390   1.9275   2.2205   2.4560   2.7000   3.0305   3.3695   3.6545   0.0000   0.0000   0.0000   0.0000   0.0000   0.0000   0.0000   0.0000   0.0000   0.0000;
021:  0.3995   0.6815   0.9040   1.1305   1.3855   1.6395   1.9280   2.2210   2.4580   2.7025   3.0325   3.3710   3.6565   0.0000   0.0000   0.0000   0.0000   0.0000   0.0000   0.0000   0.0000   0.0000   0.0000;
022:  0.3990   0.6815   0.9040   1.1305   1.3855   1.6395   1.9280   2.2215   2.4595   2.7045   3.0345   3.3725   3.6575   0.0000   0.0000   0.0000   0.0000   0.0000   0.0000   0.0000   0.0000   0.0000   0.0000;
023:  0.3990   0.6815   0.9040   1.1305   1.3855   1.6400   1.9285   2.2225   2.4615   2.7065   3.0365   3.3735   3.6585   0.0000   0.0000   0.0000   0.0000   0.0000   0.0000   0.0000   0.0000   0.0000   0.0000;
024:  0.3985   0.6810   0.9040   1.1305   1.3855   1.6400   1.9285   2.2230   2.4630   2.7085   3.0380   3.3740   3.6595   0.0000   0.0000   0.0000   0.0000   0.0000   0.0000   0.0000   0.0000   0.0000   0.0000;
025:  0.3985   0.6810   0.9035   1.1295   1.3850   1.6405   1.9290   2.2240   2.4655   2.7110   3.0400   3.3750   3.6600   0.0000   0.0000   0.0000   0.0000   0.0000   0.0000   0.0000   0.0000   0.0000   0.0000;
026:  0.3980   0.6810   0.9035   1.1295   1.3850   1.6405   1.9290   2.2245   2.4670   2.7130   3.0415   3.3750   3.6600   0.0000   0.0000   0.0000   0.0000   0.0000   0.0000   0.0000   0.0000   0.0000   0.0000;
027:  0.3980   0.6810   0.9035   1.1295   1.3850   1.6405   1.9295   2.2255   2.4685   2.7150   3.0430   3.3755   3.6605   0.0000   0.0000   0.0000   0.0000   0.0000   0.0000   0.0000   0.0000   0.0000   0.0000;
028:  0.3970   0.6805   0.9035   1.1295   1.3850   1.6410   1.9300   2.2265   2.4705   2.7170   3.0445   3.3750   0.0000   0.0000   0.0000   0.0000   0.0000   0.0000   0.0000   0.0000   0.0000   0.0000   0.0000;
029:  0.3970   0.6805   0.9030   1.1285   1.3845   1.6410   1.9305   2.2275   2.4725   2.7195   3.0460   3.3750   0.0000   0.0000   0.0000   0.0000   0.0000   0.0000   0.0000   0.0000   0.0000   0.0000   0.0000;
030:  0.3970   0.6800   0.9025   1.1285   1.3845   1.6410   1.9310   2.2290   2.4745   2.7215   3.0470   3.3745   0.0000   0.0000   0.0000   0.0000   0.0000   0.0000   0.0000   0.0000   0.0000   0.0000   0.0000;
031:  0.3960   0.6795   0.9025   1.1285   1.3850   1.6420   1.9320   2.2300   2.4760   2.7235   3.0480   3.3740   0.0000   0.0000   0.0000   0.0000   0.0000   0.0000   0.0000   0.0000   0.0000   0.0000   0.0000;
032:  0.3960   0.6795   0.9020   1.1280   1.3850   1.6420   1.9325   2.2310   2.4775   2.7255   3.0490   3.3730   0.0000   0.0000   0.0000   0.0000   0.0000   0.0000   0.0000   0.0000   0.0000   0.0000   0.0000;
033:  0.3955   0.6795   0.9020   1.1275   1.3845   1.6425   1.9335   2.2325   2.4795   2.7270   3.0495   3.3720   0.0000   0.0000   0.0000   0.0000   0.0000   0.0000   0.0000   0.0000   0.0000   0.0000   0.0000;
034:  0.3955   0.6795   0.9020   1.1275   1.3845   1.6425   1.9340   2.2335   2.4810   2.7290   3.0505   3.3710   0.0000   0.0000   0.0000   0.0000   0.0000   0.0000   0.0000   0.0000   0.0000   0.0000   0.0000;
035:  0.3955   0.6790   0.9010   1.1270   1.3845   1.6425   1.9345   2.2345   2.4825   2.7305   3.0510   0.0000   0.0000   0.0000   0.0000   0.0000   0.0000   0.0000   0.0000   0.0000   0.0000   0.0000   0.0000;
036:  0.3950   0.6785   0.9010   1.1265   1.3840   1.6425   1.9355   2.2360   2.4840   2.7325   3.0520   0.0000   0.0000   0.0000   0.0000   0.0000   0.0000   0.0000   0.0000   0.0000   0.0000   0.0000   0.0000;
037:  0.3945   0.6785   0.9010   1.1265   1.3840   1.6430   1.9365   2.2370   2.4855   2.7340   0.0000   0.0000   0.0000   0.0000   0.0000   0.0000   0.0000   0.0000   0.0000   0.0000   0.0000   0.0000   0.0000;
038:  0.3945   0.6785   0.9005   1.1260   1.3840   1.6430   1.9370   2.2380   2.4865   2.7350   0.0000   0.0000   0.0000   0.0000   0.0000   0.0000   0.0000   0.0000   0.0000   0.0000   0.0000   0.0000   0.0000;
039:  0.3940   0.6775   0.9000   1.1255   1.3840   1.6435   1.9380   2.2390   2.4875   2.7365   0.0000   0.0000   0.0000   0.0000   0.0000   0.0000   0.0000   0.0000   0.0000   0.0000   0.0000   0.0000   0.0000;
040:  0.3935   0.6775   0.9000   1.1255   1.3840   1.6440   1.9395   2.2400   2.4880   2.7375   0.0000   0.0000   0.0000   0.0000   0.0000   0.0000   0.0000   0.0000   0.0000   0.0000   0.0000   0.0000   0.0000;
041:  0.3935   0.6775   0.9000   1.1255   1.3840   1.6440   1.9400   2.2410   2.4895   2.7390   0.0000   0.0000   0.0000   0.0000   0.0000   0.0000   0.0000   0.0000   0.0000   0.0000   0.0000   0.0000   0.0000;
042:  0.3935   0.6775   0.8995   1.1245   1.3835   1.6445   1.9415   2.2420   2.4900   2.7395   0.0000   0.0000   0.0000   0.0000   0.0000   0.0000   0.0000   0.0000   0.0000   0.0000   0.0000   0.0000   0.0000;
043:  0.3935   0.6775   0.8995   1.1245   1.3835   1.6445   1.9420   2.2425   2.4905   2.7400   0.0000   0.0000   0.0000   0.0000   0.0000   0.0000   0.0000   0.0000   0.0000   0.0000   0.0000   0.0000   0.0000;
044:  0.3935   0.6775   0.8995   1.1245   1.3835   1.6445   1.9430   2.2430   2.4905   2.7410   0.0000   0.0000   0.0000   0.0000   0.0000   0.0000   0.0000   0.0000   0.0000   0.0000   0.0000   0.0000   0.0000;
045:  0.3930   0.6770   0.8990   1.1240   1.3830   1.6450   1.9440   2.2435   2.4910   2.7415   0.0000   0.0000   0.0000   0.0000   0.0000   0.0000   0.0000   0.0000   0.0000   0.0000   0.0000   0.0000   0.0000;
046:  0.3930   0.6770   0.8990   1.1240   1.3830   1.6455   1.9450   2.2435   0.0000   0.0000   0.0000   0.0000   0.0000   0.0000   0.0000   0.0000   0.0000   0.0000   0.0000   0.0000   0.0000   0.0000   0.0000;
047:  0.3925   0.6765   0.8990   1.1240   1.3835   1.6460   1.9455   2.2440   0.0000   0.0000   0.0000   0.0000   0.0000   0.0000   0.0000   0.0000   0.0000   0.0000   0.0000   0.0000   0.0000   0.0000   0.0000;
048:  0.3925   0.6765   0.8990   1.1240   1.3835   1.6465   1.9465   2.2435   0.0000   0.0000   0.0000   0.0000   0.0000   0.0000   0.0000   0.0000   0.0000   0.0000   0.0000   0.0000   0.0000   0.0000   0.0000;
049:  0.3925   0.6765   0.8990   1.1240   1.3835   1.6470   1.9475   2.2435   0.0000   0.0000   0.0000   0.0000   0.0000   0.0000   0.0000   0.0000   0.0000   0.0000   0.0000   0.0000   0.0000   0.0000   0.0000;
050:  0.3925   0.6765   0.8990   1.1240   1.3835   1.6475   1.9485   2.2435   0.0000   0.0000   0.0000   0.0000   0.0000   0.0000   0.0000   0.0000   0.0000   0.0000   0.0000   0.0000   0.0000   0.0000   0.0000;
051:  0.3925   0.6765   0.8990   1.1240   1.3835   1.6475   1.9490   2.2430   0.0000   0.0000   0.0000   0.0000   0.0000   0.0000   0.0000   0.0000   0.0000   0.0000   0.0000   0.0000   0.0000   0.0000   0.0000;
052:  0.3925   0.6760   0.8985   1.1240   1.3835   1.6480   1.9495   2.2420   0.0000   0.0000   0.0000   0.0000   0.0000   0.0000   0.0000   0.0000   0.0000   0.0000   0.0000   0.0000   0.0000   0.0000   0.0000;
053:  0.3925   0.6760   0.8985   1.1240   1.3840   1.6490   1.9500   2.2415   0.0000   0.0000   0.0000   0.0000   0.0000   0.0000   0.0000   0.0000   0.0000   0.0000   0.0000   0.0000   0.0000   0.0000   0.0000;
054:  0.3925   0.6760   0.8985   1.1240   1.3840   1.6495   1.9505   2.2405   0.0000   0.0000   0.0000   0.0000   0.0000   0.0000   0.0000   0.0000   0.0000   0.0000   0.0000   0.0000   0.0000   0.0000   0.0000;
055:  0.3925   0.6760   0.8985   1.1240   1.3840   1.6500   1.9510   2.2395   0.0000   0.0000   0.0000   0.0000   0.0000   0.0000   0.0000   0.0000   0.0000   0.0000   0.0000   0.0000   0.0000   0.0000   0.0000;
056:  0.3925   0.6760   0.8990   1.1245   1.3840   1.6505   1.9515   2.2385   0.0000   0.0000   0.0000   0.0000   0.0000   0.0000   0.0000   0.0000   0.0000   0.0000   0.0000   0.0000   0.0000   0.0000   0.0000;
057:  0.3925   0.6760   0.8990   1.1245   1.3840   1.6510   1.9515   2.2365   0.0000   0.0000   0.0000   0.0000   0.0000   0.0000   0.0000   0.0000   0.0000   0.0000   0.0000   0.0000   0.0000   0.0000   0.0000;
058:  0.3925   0.6760   0.8990   1.1245   1.3845   1.6525   1.9525   2.2355   0.0000   0.0000   0.0000   0.0000   0.0000   0.0000   0.0000   0.0000   0.0000   0.0000   0.0000   0.0000   0.0000   0.0000   0.0000;
059:  0.3925   0.6760   0.8990   1.1250   1.3850   1.6530   1.9525   2.2340   0.0000   0.0000   0.0000   0.0000   0.0000   0.0000   0.0000   0.0000   0.0000   0.0000   0.0000   0.0000   0.0000   0.0000   0.0000;
060:  0.3930   0.6765   0.8990   1.1250   1.3850   1.6535   1.9525   2.2320   0.0000   0.0000   0.0000   0.0000   0.0000   0.0000   0.0000   0.0000   0.0000   0.0000   0.0000   0.0000   0.0000   0.0000   0.0000;
061:  0.3930   0.6765   0.8995   1.1255   1.3850   1.6540   1.9525   2.2305   0.0000   0.0000   0.0000   0.0000   0.0000   0.0000   0.0000   0.0000   0.0000   0.0000   0.0000   0.0000   0.0000   0.0000   0.0000;
062:  0.3930   0.6765   0.8995   1.1260   1.3855   1.6545   1.9520   2.2285   0.0000   0.0000   0.0000   0.0000   0.0000   0.0000   0.0000   0.0000   0.0000   0.0000   0.0000   0.0000   0.0000   0.0000   0.0000;
063:  0.3930   0.6770   0.9000   1.1260   1.3860   1.6555   1.9515   2.2265   0.0000   0.0000   0.0000   0.0000   0.0000   0.0000   0.0000   0.0000   0.0000   0.0000   0.0000   0.0000   0.0000   0.0000   0.0000;
064:  0.3930   0.6770   0.9000   1.1265   1.3865   1.6560   1.9515   2.2250   0.0000   0.0000   0.0000   0.0000   0.0000   0.0000   0.0000   0.0000   0.0000   0.0000   0.0000   0.0000   0.0000   0.0000   0.0000;
065:  0.3930   0.6770   0.9005   1.1270   1.3865   1.6560   1.9505   2.2230   0.0000   0.0000   0.0000   0.0000   0.0000   0.0000   0.0000   0.0000   0.0000   0.0000   0.0000   0.0000   0.0000   0.0000   0.0000;
066:  0.3925   0.6770   0.9005   1.1275   1.3875   1.6570   1.9500   2.2210   0.0000   0.0000   0.0000   0.0000   0.0000   0.0000   0.0000   0.0000   0.0000   0.0000   0.0000   0.0000   0.0000   0.0000   0.0000;
067:  0.3925   0.6770   0.9005   1.1275   1.3875   1.6570   1.9490   2.2190   0.0000   0.0000   0.0000   0.0000   0.0000   0.0000   0.0000   0.0000   0.0000   0.0000   0.0000   0.0000   0.0000   0.0000   0.0000;
068:  0.3925   0.6770   0.9005   1.1280   1.3880   1.6575   1.9485   2.2170   0.0000   0.0000   0.0000   0.0000   0.0000   0.0000   0.0000   0.0000   0.0000   0.0000   0.0000   0.0000   0.0000   0.0000   0.0000;
069:  0.3925   0.6770   0.9010   1.1285   1.3880   1.6575   1.9475   2.2150   0.0000   0.0000   0.0000   0.0000   0.0000   0.0000   0.0000   0.0000   0.0000   0.0000   0.0000   0.0000   0.0000   0.0000   0.0000;
070:  0.3920   0.6770   0.9010   1.1290   1.3890   1.6580   1.9465   2.2135   0.0000   0.0000   0.0000   0.0000   0.0000   0.0000   0.0000   0.0000   0.0000   0.0000   0.0000   0.0000   0.0000   0.0000   0.0000;
071:  0.3920   0.6770   0.9010   1.1295   1.3895   1.6580   1.9455   2.2120   0.0000   0.0000   0.0000   0.0000   0.0000   0.0000   0.0000   0.0000   0.0000   0.0000   0.0000   0.0000   0.0000   0.0000   0.0000;
072:  0.3920   0.6770   0.9010   1.1295   1.3900   1.6585   1.9445   2.2105   0.0000   0.0000   0.0000   0.0000   0.0000   0.0000   0.0000   0.0000   0.0000   0.0000   0.0000   0.0000   0.0000   0.0000   0.0000;
073:  0.3920   0.6775   0.9015   1.1300   1.3905   1.6585   1.9435   2.2090   0.0000   0.0000   0.0000   0.0000   0.0000   0.0000   0.0000   0.0000   0.0000   0.0000   0.0000   0.0000   0.0000   0.0000   0.0000;
074:  0.3915   0.6775   0.9015   1.1300   1.3905   1.6580   1.9420   2.2075   0.0000   0.0000   0.0000   0.0000   0.0000   0.0000   0.0000   0.0000   0.0000   0.0000   0.0000   0.0000   0.0000   0.0000   0.0000;
075:  0.3915   0.6775   0.9020   1.1310   1.3910   1.6580   1.9410   2.2060   0.0000   0.0000   0.0000   0.0000   0.0000   0.0000   0.0000   0.0000   0.0000   0.0000   0.0000   0.0000   0.0000   0.0000   0.0000;
076:  0.3910   0.6775   0.9020   1.1310   1.3915   1.6580   1.9395   2.2050   0.0000   0.0000   0.0000   0.0000   0.0000   0.0000   0.0000   0.0000   0.0000   0.0000   0.0000   0.0000   0.0000   0.0000   0.0000;
077:  0.3910   0.6775   0.9020   1.1315   1.3920   1.6575   1.9385   2.2045   0.0000   0.0000   0.0000   0.0000   0.0000   0.0000   0.0000   0.0000   0.0000   0.0000   0.0000   0.0000   0.0000   0.0000   0.0000;
078:  0.3910   0.6775   0.9020   1.1315   1.3920   1.6565   1.9365   2.2035   0.0000   0.0000   0.0000   0.0000   0.0000   0.0000   0.0000   0.0000   0.0000   0.0000   0.0000   0.0000   0.0000   0.0000   0.0000;
079:  0.3910   0.6780   0.9020   1.1320   1.3930   1.6565   1.9355   2.2030   0.0000   0.0000   0.0000   0.0000   0.0000   0.0000   0.0000   0.0000   0.0000   0.0000   0.0000   0.0000   0.0000   0.0000   0.0000;
080:  0.3910   0.6780   0.9020   1.1320   1.3930   1.6555   1.9340   2.2025   0.0000   0.0000   0.0000   0.0000   0.0000   0.0000   0.0000   0.0000   0.0000   0.0000   0.0000   0.0000   0.0000   0.0000   0.0000;
081:  0.3910   0.6780   0.9020   1.1320   1.3930   1.6545   1.9325   2.2020   0.0000   0.0000   0.0000   0.0000   0.0000   0.0000   0.0000   0.0000   0.0000   0.0000   0.0000   0.0000   0.0000   0.0000   0.0000;
082:  0.3905   0.6780   0.9020   1.1320   1.3930   1.6535   1.9310   2.2015   0.0000   0.0000   0.0000   0.0000   0.0000   0.0000   0.0000   0.0000   0.0000   0.0000   0.0000   0.0000   0.0000   0.0000   0.0000;
083:  0.3905   0.6780   0.9020   1.1325   1.3935   1.6525   1.9295   2.2015   0.0000   0.0000   0.0000   0.0000   0.0000   0.0000   0.0000   0.0000   0.0000   0.0000   0.0000   0.0000   0.0000   0.0000   0.0000;
084:  0.3905   0.6785   0.9025   1.1325   1.3940   1.6520   1.9285   2.2015   0.0000   0.0000   0.0000   0.0000   0.0000   0.0000   0.0000   0.0000   0.0000   0.0000   0.0000   0.0000   0.0000   0.0000   0.0000;
085:  0.3900   0.6785   0.9025   1.1325   1.3940   1.6510   1.9270   2.2015   0.0000   0.0000   0.0000   0.0000   0.0000   0.0000   0.0000   0.0000   0.0000   0.0000   0.0000   0.0000   0.0000   0.0000   0.0000;
086:  0.3900   0.6785   0.9025   1.1325   1.3940   1.6495   1.9255   2.2020   0.0000   0.0000   0.0000   0.0000   0.0000   0.0000   0.0000   0.0000   0.0000   0.0000   0.0000   0.0000   0.0000   0.0000   0.0000;
087:  0.3900   0.6785   0.9025   1.1330   1.3945   1.6485   1.9245   2.2025   0.0000   0.0000   0.0000   0.0000   0.0000   0.0000   0.0000   0.0000   0.0000   0.0000   0.0000   0.0000   0.0000   0.0000   0.0000;
088:  0.3895   0.6785   0.9025   1.1330   1.3945   1.6470   1.9230   2.2025   0.0000   0.0000   0.0000   0.0000   0.0000   0.0000   0.0000   0.0000   0.0000   0.0000   0.0000   0.0000   0.0000   0.0000   0.0000;
089:  0.3895   0.6785   0.9025   1.1330   1.3945   1.6455   1.9215   2.2030   0.0000   0.0000   0.0000   0.0000   0.0000   0.0000   0.0000   0.0000   0.0000   0.0000   0.0000   0.0000   0.0000   0.0000   0.0000;
090:  0.3895   0.6785   0.9030   1.1335   1.3945   1.6445   1.9205   2.2035   0.0000   0.0000   0.0000   0.0000   0.0000   0.0000   0.0000   0.0000   0.0000   0.0000   0.0000   0.0000   0.0000   0.0000   0.0000;
091:  0.3895   0.6785   0.9030   1.1335   1.3945   1.6430   1.9195   2.2045   0.0000   0.0000   0.0000   0.0000   0.0000   0.0000   0.0000   0.0000   0.0000   0.0000   0.0000   0.0000   0.0000   0.0000   0.0000;
092:  0.3895   0.6790   0.9035   1.1335   1.3945   1.6415   1.9180   2.2050   0.0000   0.0000   0.0000   0.0000   0.0000   0.0000   0.0000   0.0000   0.0000   0.0000   0.0000   0.0000   0.0000   0.0000   0.0000;
093:  0.3895   0.6790   0.9035   1.1335   1.3945   1.6405   1.9170   2.2050   0.0000   0.0000   0.0000   0.0000   0.0000   0.0000   0.0000   0.0000   0.0000   0.0000   0.0000   0.0000   0.0000   0.0000   0.0000;
094:  0.3895   0.6790   0.9035   1.1335   1.3945   1.6390   1.9160   2.2060   0.0000   0.0000   0.0000   0.0000   0.0000   0.0000   0.0000   0.0000   0.0000   0.0000   0.0000   0.0000   0.0000   0.0000   0.0000;
095:  0.3895   0.6790   0.9035   1.1335   1.3945   1.6380   1.9150   2.2065   0.0000   0.0000   0.0000   0.0000   0.0000   0.0000   0.0000   0.0000   0.0000   0.0000   0.0000   0.0000   0.0000   0.0000   0.0000;
096:  0.3895   0.6790   0.9035   1.1335   1.3945   1.6365   1.9140   2.2070   0.0000   0.0000   0.0000   0.0000   0.0000   0.0000   0.0000   0.0000   0.0000   0.0000   0.0000   0.0000   0.0000   0.0000   0.0000;
097:  0.3895   0.6790   0.9035   1.1335   1.3940   1.6350   1.9130   2.2075   0.0000   0.0000   0.0000   0.0000   0.0000   0.0000   0.0000   0.0000   0.0000   0.0000   0.0000   0.0000   0.0000   0.0000   0.0000;
098:  0.3895   0.6790   0.9040   1.1335   1.3935   1.6340   1.9125   2.2080   0.0000   0.0000   0.0000   0.0000   0.0000   0.0000   0.0000   0.0000   0.0000   0.0000   0.0000   0.0000   0.0000   0.0000   0.0000;
099:  0.3895   0.6790   0.9040   1.1335   1.3935   1.6330   1.9120   2.2090   0.0000   0.0000   0.0000   0.0000   0.0000   0.0000   0.0000   0.0000   0.0000   0.0000   0.0000   0.0000   0.0000   0.0000   0.0000;
100:  0.3895   0.6790   0.9040   1.1335   1.3935   1.6325   1.9115   2.2090   0.0000   0.0000   0.0000   0.0000   0.0000   0.0000   0.0000   0.0000   0.0000   0.0000   0.0000   0.0000   0.0000   0.0000   0.0000;
101:  0.3895   0.6795   0.9045   1.1335   1.3935   1.6315   1.9105   2.2090   0.0000   0.0000   0.0000   0.0000   0.0000   0.0000   0.0000   0.0000   0.0000   0.0000   0.0000   0.0000   0.0000   0.0000   0.0000;
102:  0.3895   0.6795   0.9045   1.1335   1.3935   1.6310   1.9105   2.2095   0.0000   0.0000   0.0000   0.0000   0.0000   0.0000   0.0000   0.0000   0.0000   0.0000   0.0000   0.0000   0.0000   0.0000   0.0000;
103:  0.3895   0.6795   0.9045   1.1335   1.3930   1.6300   1.9100   2.2095   0.0000   0.0000   0.0000   0.0000   0.0000   0.0000   0.0000   0.0000   0.0000   0.0000   0.0000   0.0000   0.0000   0.0000   0.0000;
104:  0.3895   0.6795   0.9050   1.1340   1.3930   1.6295   1.9095   2.2095   0.0000   0.0000   0.0000   0.0000   0.0000   0.0000   0.0000   0.0000   0.0000   0.0000   0.0000   0.0000   0.0000   0.0000   0.0000;
105:  0.3895   0.6795   0.9050   1.1340   1.3930   1.6290   1.9090   2.2095   0.0000   0.0000   0.0000   0.0000   0.0000   0.0000   0.0000   0.0000   0.0000   0.0000   0.0000   0.0000   0.0000   0.0000   0.0000;
106:  0.3890   0.6790   0.9050   1.1340   1.3930   1.6290   1.9090   2.2095   0.0000   0.0000   0.0000   0.0000   0.0000   0.0000   0.0000   0.0000   0.0000   0.0000   0.0000   0.0000   0.0000   0.0000   0.0000;
107:  0.3890   0.6790   0.9050   1.1335   1.3925   1.6285   1.9085   2.2095   0.0000   0.0000   0.0000   0.0000   0.0000   0.0000   0.0000   0.0000   0.0000   0.0000   0.0000   0.0000   0.0000   0.0000   0.0000;
108:  0.3890   0.6790   0.9050   1.1335   1.3920   1.6280   1.9085   2.2095   0.0000   0.0000   0.0000   0.0000   0.0000   0.0000   0.0000   0.0000   0.0000   0.0000   0.0000   0.0000   0.0000   0.0000   0.0000;
109:  0.3890   0.6795   0.9060   1.1340   1.3920   1.6285   1.9090   2.2095   0.0000   0.0000   0.0000   0.0000   0.0000   0.0000   0.0000   0.0000   0.0000   0.0000   0.0000   0.0000   0.0000   0.0000   0.0000;
110:  0.3890   0.6795   0.9060   1.1340   1.3920   1.6285   1.9090   2.2095   0.0000   0.0000   0.0000   0.0000   0.0000   0.0000   0.0000   0.0000   0.0000   0.0000   0.0000   0.0000   0.0000   0.0000   0.0000;
111:  0.3890   0.6795   0.9060   1.1340   1.3920   1.6290   1.9090   2.2090   0.0000   0.0000   0.0000   0.0000   0.0000   0.0000   0.0000   0.0000   0.0000   0.0000   0.0000   0.0000   0.0000   0.0000   0.0000;
112:  0.3890   0.6795   0.9060   1.1340   1.3920   1.6295   1.9095   2.2085   0.0000   0.0000   0.0000   0.0000   0.0000   0.0000   0.0000   0.0000   0.0000   0.0000   0.0000   0.0000   0.0000   0.0000   0.0000;
113:  0.3890   0.6795   0.9060   1.1340   1.3920   1.6300   1.9100   2.2085   0.0000   0.0000   0.0000   0.0000   0.0000   0.0000   0.0000   0.0000   0.0000   0.0000   0.0000   0.0000   0.0000   0.0000   0.0000;
114:  0.3890   0.6795   0.9060   1.1340   1.3920   1.6305   1.9100   2.2080   0.0000   0.0000   0.0000   0.0000   0.0000   0.0000   0.0000   0.0000   0.0000   0.0000   0.0000   0.0000   0.0000   0.0000   0.0000;
115:  0.3885   0.6790   0.9060   1.1340   1.3920   1.6310   1.9105   2.2080   0.0000   0.0000   0.0000   0.0000   0.0000   0.0000   0.0000   0.0000   0.0000   0.0000   0.0000   0.0000   0.0000   0.0000   0.0000;
116:  0.3885   0.6795   0.9065   1.1345   1.3925   1.6320   1.9110   2.2075   0.0000   0.0000   0.0000   0.0000   0.0000   0.0000   0.0000   0.0000   0.0000   0.0000   0.0000   0.0000   0.0000   0.0000   0.0000;
117:  0.3885   0.6795   0.9070   1.1350   1.3925   1.6325   1.9115   2.2075   0.0000   0.0000   0.0000   0.0000   0.0000   0.0000   0.0000   0.0000   0.0000   0.0000   0.0000   0.0000   0.0000   0.0000   0.0000;
118:  0.3885   0.6795   0.9070   1.1350   1.3925   1.6335   1.9120   2.2070   0.0000   0.0000   0.0000   0.0000   0.0000   0.0000   0.0000   0.0000   0.0000   0.0000   0.0000   0.0000   0.0000   0.0000   0.0000;
119:  0.3885   0.6795   0.9070   1.1350   1.3925   1.6345   1.9130   2.2070   0.0000   0.0000   0.0000   0.0000   0.0000   0.0000   0.0000   0.0000   0.0000   0.0000   0.0000   0.0000   0.0000   0.0000   0.0000;
120:  0.3885   0.6795   0.9070   1.1350   1.3925   1.6350   1.9135   2.2070   0.0000   0.0000   0.0000   0.0000   0.0000   0.0000   0.0000   0.0000   0.0000   0.0000   0.0000   0.0000   0.0000   0.0000   0.0000;
121:  0.3885   0.6795   0.9070   1.1350   1.3925   1.6360   1.9140   2.2065   0.0000   0.0000   0.0000   0.0000   0.0000   0.0000   0.0000   0.0000   0.0000   0.0000   0.0000   0.0000   0.0000   0.0000   0.0000;
122:  0.3880   0.6795   0.9070   1.1350   1.3925   1.6370   1.9150   2.2070   0.0000   0.0000   0.0000   0.0000   0.0000   0.0000   0.0000   0.0000   0.0000   0.0000   0.0000   0.0000   0.0000   0.0000   0.0000;
123:  0.3880   0.6795   0.9070   1.1355   1.3930   1.6380   1.9160   2.2070   0.0000   0.0000   0.0000   0.0000   0.0000   0.0000   0.0000   0.0000   0.0000   0.0000   0.0000   0.0000   0.0000   0.0000   0.0000;
124:  0.3880   0.6795   0.9070   1.1355   1.3930   1.6390   1.9170   2.2070   0.0000   0.0000   0.0000   0.0000   0.0000   0.0000   0.0000   0.0000   0.0000   0.0000   0.0000   0.0000   0.0000   0.0000   0.0000;
125:  0.3880   0.6795   0.9070   1.1355   1.3930   1.6395   1.9175   2.2070   0.0000   0.0000   0.0000   0.0000   0.0000   0.0000   0.0000   0.0000   0.0000   0.0000   0.0000   0.0000   0.0000   0.0000   0.0000;
126:  0.3880   0.6795   0.9070   1.1355   1.3930   1.6405   1.9185   2.2075   0.0000   0.0000   0.0000   0.0000   0.0000   0.0000   0.0000   0.0000   0.0000   0.0000   0.0000   0.0000   0.0000   0.0000   0.0000;
127:  0.3885   0.6800   0.9075   1.1360   1.3930   1.6415   1.9195   2.2080   0.0000   0.0000   0.0000   0.0000   0.0000   0.0000   0.0000   0.0000   0.0000   0.0000   0.0000   0.0000   0.0000   0.0000   0.0000;
128:  0.3885   0.6800   0.9075   1.1360   1.3930   1.6420   1.9200   2.2080   0.0000   0.0000   0.0000   0.0000   0.0000   0.0000   0.0000   0.0000   0.0000   0.0000   0.0000   0.0000   0.0000   0.0000   0.0000;
129:  0.3885   0.6800   0.9075   1.1360   1.3930   1.6430   1.9210   2.2080   0.0000   0.0000   0.0000   0.0000   0.0000   0.0000   0.0000   0.0000   0.0000   0.0000   0.0000   0.0000   0.0000   0.0000   0.0000;
130:  0.3885   0.6805   0.9080   1.1365   1.3935   1.6435   1.9220   2.2090   0.0000   0.0000   0.0000   0.0000   0.0000   0.0000   0.0000   0.0000   0.0000   0.0000   0.0000   0.0000   0.0000   0.0000   0.0000;
131:  0.3885   0.6805   0.9080   1.1365   1.3935   1.6440   1.9230   2.2100   0.0000   0.0000   0.0000   0.0000   0.0000   0.0000   0.0000   0.0000   0.0000   0.0000   0.0000   0.0000   0.0000   0.0000   0.0000;
132:  0.3890   0.6810   0.9085   1.1370   1.3935   1.6445   1.9235   2.2100   0.0000   0.0000   0.0000   0.0000   0.0000   0.0000   0.0000   0.0000   0.0000   0.0000   0.0000   0.0000   0.0000   0.0000   0.0000;
133:  0.3890   0.6810   0.9085   1.1370   1.3935   1.6450   1.9245   2.2110   0.0000   0.0000   0.0000   0.0000   0.0000   0.0000   0.0000   0.0000   0.0000   0.0000   0.0000   0.0000   0.0000   0.0000   0.0000;
134:  0.3890   0.6810   0.9085   1.1370   1.3930   1.6450   1.9255   2.2115   0.0000   0.0000   0.0000   0.0000   0.0000   0.0000   0.0000   0.0000   0.0000   0.0000   0.0000   0.0000   0.0000   0.0000   0.0000;
135:  0.3895   0.6815   0.9085   1.1370   1.3930   1.6455   1.9265   2.2125   0.0000   0.0000   0.0000   0.0000   0.0000   0.0000   0.0000   0.0000   0.0000   0.0000   0.0000   0.0000   0.0000   0.0000   0.0000;
136:  0.3895   0.6815   0.9090   1.1375   1.3930   1.6460   1.9275   2.2130   0.0000   0.0000   0.0000   0.0000   0.0000   0.0000   0.0000   0.0000   0.0000   0.0000   0.0000   0.0000   0.0000   0.0000   0.0000;
137:  0.3895   0.6820   0.9095   1.1380   1.3930   1.6455   1.9280   2.2140   0.0000   0.0000   0.0000   0.0000   0.0000   0.0000   0.0000   0.0000   0.0000   0.0000   0.0000   0.0000   0.0000   0.0000   0.0000;
138:  0.3900   0.6825   0.9095   1.1380   1.3930   1.6455   1.9285   2.2145   0.0000   0.0000   0.0000   0.0000   0.0000   0.0000   0.0000   0.0000   0.0000   0.0000   0.0000   0.0000   0.0000   0.0000   0.0000;
139:  0.3900   0.6825   0.9100   1.1385   1.3930   1.6460   1.9295   2.2155   0.0000   0.0000   0.0000   0.0000   0.0000   0.0000   0.0000   0.0000   0.0000   0.0000   0.0000   0.0000   0.0000   0.0000   0.0000;
140:  0.3900   0.6825   0.9100   1.1385   1.3925   1.6455   1.9300   2.2160   0.0000   0.0000   0.0000   0.0000   0.0000   0.0000   0.0000   0.0000   0.0000   0.0000   0.0000   0.0000   0.0000   0.0000   0.0000;
141:  0.3905   0.6830   0.9100   1.1385   1.3925   1.6455   1.9305   2.2165   0.0000   0.0000   0.0000   0.0000   0.0000   0.0000   0.0000   0.0000   0.0000   0.0000   0.0000   0.0000   0.0000   0.0000   0.0000;
142:  0.3905   0.6830   0.9105   1.1390   1.3925   1.6455   1.9315   2.2175   0.0000   0.0000   0.0000   0.0000   0.0000   0.0000   0.0000   0.0000   0.0000   0.0000   0.0000   0.0000   0.0000   0.0000   0.0000;
143:  0.3910   0.6835   0.9105   1.1395   1.3925   1.6450   1.9320   2.2180   0.0000   0.0000   0.0000   0.0000   0.0000   0.0000   0.0000   0.0000   0.0000   0.0000   0.0000   0.0000   0.0000   0.0000   0.0000;
144:  0.3910   0.6840   0.9115   1.1400   1.3925   1.6445   1.9320   2.2190   0.0000   0.0000   0.0000   0.0000   0.0000   0.0000   0.0000   0.0000   0.0000   0.0000   0.0000   0.0000   0.0000   0.0000   0.0000;
145:  0.3915   0.6840   0.9115   1.1400   1.3920   1.6440   1.9325   2.2195   0.0000   0.0000   0.0000   0.0000   0.0000   0.0000   0.0000   0.0000   0.0000   0.0000   0.0000   0.0000   0.0000   0.0000   0.0000;
146:  0.3915   0.6840   0.9120   1.1405   1.3920   1.6440   1.9330   2.2195   0.0000   0.0000   0.0000   0.0000   0.0000   0.0000   0.0000   0.0000   0.0000   0.0000   0.0000   0.0000   0.0000   0.0000   0.0000;
147:  0.3920   0.6845   0.9120   1.1405   1.3915   1.6430   1.9330   2.2200   0.0000   0.0000   0.0000   0.0000   0.0000   0.0000   0.0000   0.0000   0.0000   0.0000   0.0000   0.0000   0.0000   0.0000   0.0000;
148:  0.3920   0.6850   0.9130   1.1410   1.3915   1.6430   1.9335   2.2205   0.0000   0.0000   0.0000   0.0000   0.0000   0.0000   0.0000   0.0000   0.0000   0.0000   0.0000   0.0000   0.0000   0.0000   0.0000;
149:  0.3920   0.6850   0.9130   1.1410   1.3910   1.6420   1.9335   2.2210   0.0000   0.0000   0.0000   0.0000   0.0000   0.0000   0.0000   0.0000   0.0000   0.0000   0.0000   0.0000   0.0000   0.0000   0.0000;
150:  0.3925   0.6855   0.9130   1.1410   1.3910   1.6420   1.9335   2.2210   0.0000   0.0000   0.0000   0.0000   0.0000   0.0000   0.0000   0.0000   0.0000   0.0000   0.0000   0.0000   0.0000   0.0000   0.0000;
151:  0.3925   0.6855   0.9135   1.1415   1.3910   1.6415   1.9335   2.2210   2.4450   0.0000   0.0000   0.0000   0.0000   0.0000   0.0000   0.0000   0.0000   0.0000   0.0000   0.0000   0.0000   0.0000   0.0000;
152:  0.3925   0.6855   0.9135   1.1415   1.3905   1.6410   1.9335   2.2210   2.4450   0.0000   0.0000   0.0000   0.0000   0.0000   0.0000   0.0000   0.0000   0.0000   0.0000   0.0000   0.0000   0.0000   0.0000;
153:  0.3925   0.6855   0.9135   1.1415   1.3905   1.6405   1.9335   2.2210   2.4445   0.0000   0.0000   0.0000   0.0000   0.0000   0.0000   0.0000   0.0000   0.0000   0.0000   0.0000   0.0000   0.0000   0.0000;
154:  0.3925   0.6860   0.9145   1.1420   1.3900   1.6400   1.9335   2.2210   2.4445   0.0000   0.0000   0.0000   0.0000   0.0000   0.0000   0.0000   0.0000   0.0000   0.0000   0.0000   0.0000   0.0000   0.0000;
155:  0.3925   0.6860   0.9145   1.1420   1.3900   1.6395   1.9330   2.2205   2.4435   0.0000   0.0000   0.0000   0.0000   0.0000   0.0000   0.0000   0.0000   0.0000   0.0000   0.0000   0.0000   0.0000   0.0000;
156:  0.3930   0.6865   0.9145   1.1420   1.3900   1.6395   1.9330   2.2200   2.4430   0.0000   0.0000   0.0000   0.0000   0.0000   0.0000   0.0000   0.0000   0.0000   0.0000   0.0000   0.0000   0.0000   0.0000;
157:  0.3930   0.6865   0.9145   1.1420   1.3900   1.6390   1.9325   2.2200   2.4430   0.0000   0.0000   0.0000   0.0000   0.0000   0.0000   0.0000   0.0000   0.0000   0.0000   0.0000   0.0000   0.0000   0.0000;
158:  0.3930   0.6865   0.9150   1.1425   1.3895   1.6385   1.9325   2.2195   2.4425   2.6620   0.0000   0.0000   0.0000   0.0000   0.0000   0.0000   0.0000   0.0000   0.0000   0.0000   0.0000   0.0000   0.0000;
159:  0.3930   0.6870   0.9155   1.1425   1.3895   1.6385   1.9325   2.2190   2.4420   2.6620   0.0000   0.0000   0.0000   0.0000   0.0000   0.0000   0.0000   0.0000   0.0000   0.0000   0.0000   0.0000   0.0000;
160:  0.3930   0.6870   0.9155   1.1420   1.3890   1.6380   1.9315   2.2185   2.4420   2.6620   0.0000   0.0000   0.0000   0.0000   0.0000   0.0000   0.0000   0.0000   0.0000   0.0000   0.0000   0.0000   0.0000;
161:  0.3930   0.6870   0.9155   1.1420   1.3890   1.6380   1.9315   2.2180   2.4415   2.6625   0.0000   0.0000   0.0000   0.0000   0.0000   0.0000   0.0000   0.0000   0.0000   0.0000   0.0000   0.0000   0.0000;
162:  0.3930   0.6870   0.9155   1.1420   1.3890   1.6380   1.9310   2.2170   2.4410   2.6625   0.0000   0.0000   0.0000   0.0000   0.0000   0.0000   0.0000   0.0000   0.0000   0.0000   0.0000   0.0000   0.0000;
163:  0.3925   0.6865   0.9155   1.1420   1.3890   1.6375   1.9305   2.2170   2.4405   2.6620   0.0000   0.0000   0.0000   0.0000   0.0000   0.0000   0.0000   0.0000   0.0000   0.0000   0.0000   0.0000   0.0000;
164:  0.3925   0.6865   0.9155   1.1415   1.3880   1.6370   1.9300   2.2160   2.4400   2.6625   0.0000   0.0000   0.0000   0.0000   0.0000   0.0000   0.0000   0.0000   0.0000   0.0000   0.0000   0.0000   0.0000;
165:  0.3925   0.6865   0.9155   1.1415   1.3880   1.6370   1.9295   2.2150   2.4395   2.6625   2.9485   0.0000   0.0000   0.0000   0.0000   0.0000   0.0000   0.0000   0.0000   0.0000   0.0000   0.0000   0.0000;
166:  0.3925   0.6870   0.9155   1.1410   1.3880   1.6370   1.9290   2.2145   2.4395   2.6625   2.9480   3.2445   0.0000   0.0000   0.0000   0.0000   0.0000   0.0000   0.0000   0.0000   0.0000   0.0000   0.0000;
167:  0.3925   0.6870   0.9155   1.1410   1.3880   1.6370   1.9290   2.2140   2.4385   2.6625   2.9485   3.2435   0.0000   0.0000   0.0000   0.0000   0.0000   0.0000   0.0000   0.0000   0.0000   0.0000   0.0000;
168:  0.3925   0.6870   0.9155   1.1405   1.3875   1.6370   1.9285   2.2135   2.4385   2.6625   2.9480   3.2425   0.0000   0.0000   0.0000   0.0000   0.0000   0.0000   0.0000   0.0000   0.0000   0.0000   0.0000;
169:  0.3925   0.6870   0.9155   1.1405   1.3875   1.6365   1.9275   2.2125   2.4380   2.6625   2.9475   3.2410   0.0000   0.0000   0.0000   0.0000   0.0000   0.0000   0.0000   0.0000   0.0000   0.0000   0.0000;
170:  0.3925   0.6870   0.9155   1.1405   1.3880   1.6370   1.9270   2.2115   2.4370   2.6625   2.9480   3.2405   0.0000   0.0000   0.0000   0.0000   0.0000   0.0000   0.0000   0.0000   0.0000   0.0000   0.0000;
171:  0.3925   0.6870   0.9150   1.1400   1.3880   1.6370   1.9265   2.2110   2.4370   2.6625   2.9475   3.2390   3.4860   0.0000   0.0000   0.0000   0.0000   0.0000   0.0000   0.0000   0.0000   0.0000   0.0000;
172:  0.3925   0.6870   0.9150   1.1395   1.3875   1.6370   1.9260   2.2100   2.4360   2.6620   2.9470   3.2380   3.4840   0.0000   0.0000   0.0000   0.0000   0.0000   0.0000   0.0000   0.0000   0.0000   0.0000;
173:  0.3925   0.6870   0.9150   1.1395   1.3875   1.6370   1.9255   2.2095   2.4360   2.6620   2.9470   3.2375   3.4825   0.0000   0.0000   0.0000   0.0000   0.0000   0.0000   0.0000   0.0000   0.0000   0.0000;
174:  0.3925   0.6870   0.9145   1.1385   1.3870   1.6370   1.9250   2.2085   2.4350   2.6615   2.9465   3.2365   3.4810   3.7315   0.0000   0.0000   0.0000   0.0000   0.0000   0.0000   0.0000   0.0000   0.0000;
175:  0.3925   0.6870   0.9145   1.1385   1.3870   1.6370   1.9245   2.2080   2.4350   2.6615   2.9460   3.2355   3.4790   3.7290   0.0000   0.0000   0.0000   0.0000   0.0000   0.0000   0.0000   0.0000   0.0000;
176:  0.3925   0.6870   0.9145   1.1385   1.3865   1.6365   1.9245   2.2080   2.4345   2.6610   2.9455   3.2350   3.4780   3.7270   0.0000   0.0000   0.0000   0.0000   0.0000   0.0000   0.0000   0.0000   0.0000;
177:  0.3925   0.6870   0.9145   1.1380   1.3860   1.6365   1.9240   2.2070   2.4335   2.6605   2.9455   3.2345   3.4760   3.7245   3.9815   0.0000   0.0000   0.0000   0.0000   0.0000   0.0000   0.0000   0.0000;
178:  0.3925   0.6870   0.9140   1.1375   1.3860   1.6365   1.9235   2.2065   2.4335   2.6605   2.9450   3.2335   3.4745   3.7230   3.9800   0.0000   0.0000   0.0000   0.0000   0.0000   0.0000   0.0000   0.0000;
179:  0.3930   0.6875   0.9145   1.1370   1.3855   1.6365   1.9230   2.2055   2.4325   2.6600   2.9445   3.2330   3.4735   3.7210   3.9775   4.2135   0.0000   0.0000   0.0000   0.0000   0.0000   0.0000   0.0000;
180:  0.3930   0.6875   0.9145   1.1370   1.3855   1.6360   1.9225   2.2055   2.4320   2.6595   2.9445   3.2330   3.4725   3.7190   3.9755   4.2130   0.0000   0.0000   0.0000   0.0000   0.0000   0.0000   0.0000;
181:  0.3930   0.6875   0.9140   1.1365   1.3855   1.6360   1.9220   2.2045   2.4310   2.6585   2.9435   3.2320   3.4710   3.7175   3.9735   4.2115   0.0000   0.0000   0.0000   0.0000   0.0000   0.0000   0.0000;
182:  0.3935   0.6875   0.9140   1.1360   1.3850   1.6360   1.9215   2.2040   2.4305   2.6575   2.9425   3.2315   3.4700   3.7155   3.9715   4.2105   0.0000   0.0000   0.0000   0.0000   0.0000   0.0000   0.0000;
183:  0.3935   0.6875   0.9140   1.1360   1.3845   1.6355   1.9210   2.2035   2.4305   2.6575   2.9425   3.2315   3.4690   3.7135   3.9695   4.2100   4.4660   4.7525   0.0000   0.0000   0.0000   0.0000   0.0000;
184:  0.3935   0.6875   0.9140   1.1360   1.3845   1.6350   1.9205   2.2030   2.4295   2.6565   2.9415   3.2310   3.4680   3.7115   3.9670   4.2090   4.4650   4.7495   0.0000   0.0000   0.0000   0.0000   0.0000;
185:  0.3940   0.6875   0.9140   1.1355   1.3840   1.6350   1.9200   2.2025   2.4290   2.6555   2.9405   3.2305   3.4670   3.7100   3.9655   4.2080   4.4635   4.7470   5.0460   0.0000   0.0000   0.0000   0.0000;
186:  0.3940   0.6875   0.9135   1.1350   1.3835   1.6345   1.9200   2.2020   2.4280   2.6545   2.9395   3.2300   3.4665   3.7085   3.9635   4.2075   4.4625   4.7440   5.0520   0.0000   0.0000   0.0000   0.0000;
187:  0.3945   0.6875   0.9135   1.1350   1.3835   1.6345   1.9195   2.2015   2.4275   2.6535   2.9390   3.2300   3.4655   3.7065   3.9615   4.2065   4.4605   4.7405   5.0575   0.0000   0.0000   0.0000   0.0000;
188:  0.3950   0.6880   0.9135   1.1345   1.3825   1.6335   1.9185   2.2010   2.4270   2.6525   2.9380   3.2300   3.4655   3.7050   3.9590   4.2055   4.4600   4.7385   5.0630   0.0000   0.0000   0.0000   0.0000;
189:  0.3955   0.6880   0.9135   1.1345   1.3825   1.6335   1.9185   2.2005   2.4260   2.6515   2.9370   3.2295   3.4650   3.7040   3.9575   4.2045   4.4585   4.7360   5.0685   0.0000   0.0000   0.0000   0.0000;
190:  0.3955   0.6880   0.9135   1.1345   1.3820   1.6325   1.9175   2.2000   2.4260   2.6510   2.9365   3.2295   3.4640   3.7020   3.9555   4.2035   4.4570   4.7335   5.0730   0.0000   0.0000   0.0000   0.0000;
191:  0.3960   0.6880   0.9135   1.1345   1.3820   1.6325   1.9175   2.1995   2.4250   2.6500   2.9355   3.2290   3.4635   3.7005   3.9535   4.2030   4.4560   4.7310   5.0770   0.0000   0.0000   0.0000   0.0000;
192:  0.3960   0.6880   0.9135   1.1340   1.3810   1.6320   1.9170   2.1990   2.4245   2.6490   2.9345   3.2285   3.4630   3.6990   3.9510   4.2015   4.4550   4.7290   5.0800   0.0000   0.0000   0.0000   0.0000;
193:  0.3965   0.6880   0.9135   1.1340   1.3810   1.6315   1.9165   2.1985   2.4235   2.6480   2.9335   3.2275   3.4620   3.6980   3.9495   4.2005   4.4540   4.7270   5.0825   0.0000   0.0000   0.0000   0.0000;
194:  0.3970   0.6880   0.9135   1.1340   1.3810   1.6315   1.9160   2.1980   2.4230   2.6470   2.9325   3.2270   3.4615   3.6965   3.9475   4.1995   4.4535   4.7260   5.0845   0.0000   0.0000   0.0000   0.0000;
195:  0.3970   0.6880   0.9130   1.1335   1.3805   1.6305   1.9155   2.1975   2.4220   2.6460   2.9320   3.2270   3.4615   3.6955   3.9455   4.1985   4.4525   4.7245   5.0855   0.0000   0.0000   0.0000   0.0000;
196:  0.3970   0.6880   0.9130   1.1335   1.3800   1.6300   1.9150   2.1970   2.4220   2.6455   2.9310   3.2265   3.4610   3.6945   3.9440   4.1975   4.4520   4.7230   5.0855   0.0000   0.0000   0.0000   0.0000;
197:  0.3975   0.6880   0.9130   1.1335   1.3800   1.6300   1.9145   2.1960   2.4210   2.6445   2.9305   3.2260   3.4600   3.6930   3.9420   4.1960   4.4510   4.7225   5.0855   0.0000   0.0000   0.0000   0.0000;
198:  0.3975   0.6880   0.9130   1.1335   1.3795   1.6290   1.9140   2.1960   2.4205   2.6440   2.9300   3.2250   3.4590   3.6915   3.9400   4.1950   4.4505   4.7215   5.0845   5.4935   5.8735   0.0000   0.0000;
199:  0.3980   0.6880   0.9130   1.1335   1.3795   1.6290   1.9135   2.1950   2.4200   2.6435   2.9290   3.2245   3.4590   3.6910   3.9385   4.1935   4.4500   4.7215   5.0830   5.4935   5.8800   0.0000   0.0000;
200:  0.3980   0.6880   0.9130   1.1335   1.3790   1.6280   1.9125   2.1945   2.4195   2.6425   2.9280   3.2235   3.4580   3.6895   3.9365   4.1920   4.4495   4.7210   5.0795   5.4895   5.8795   0.0000   0.0000;
201:  0.3985   0.6880   0.9130   1.1335   1.3790   1.6280   1.9125   2.1940   2.4185   2.6420   2.9275   3.2225   3.4575   3.6890   3.9350   4.1905   4.4490   4.7210   5.0765   5.4830   5.8725   0.0000   0.0000;
202:  0.3985   0.6875   0.9125   1.1330   1.3785   1.6275   1.9115   2.1935   2.4185   2.6415   2.9270   3.2220   3.4565   3.6875   3.9330   4.1890   4.4485   4.7210   5.0720   5.4730   5.8595   0.0000   0.0000;
203:  0.3985   0.6875   0.9125   1.1330   1.3780   1.6270   1.9110   2.1925   2.4175   2.6405   2.9260   3.2210   3.4560   3.6870   3.9315   4.1875   4.4480   4.7210   5.0670   5.4600   5.8415   0.0000   0.0000;
204:  0.3985   0.6875   0.9120   1.1325   1.3780   1.6270   1.9105   2.1920   2.4170   2.6400   2.9255   3.2195   3.4545   3.6860   3.9300   4.1855   4.4475   4.7215   5.0615   5.4450   5.8200   0.0000   0.0000;
205:  0.3985   0.6870   0.9120   1.1325   1.3775   1.6260   1.9100   2.1920   2.4170   2.6400   2.9250   3.2185   3.4535   3.6845   3.9285   4.1845   4.4470   4.7215   5.0550   5.4275   5.7965   0.0000   0.0000;
206:  0.3985   0.6870   0.9120   1.1325   1.3775   1.6255   1.9090   2.1910   2.4160   2.6390   2.9240   3.2175   3.4530   3.6840   3.9270   4.1825   4.4465   4.7220   5.0480   5.4085   5.7730   0.0000   0.0000;
207:  0.3985   0.6865   0.9115   1.1325   1.3775   1.6255   1.9085   2.1905   2.4155   2.6385   2.9240   3.2165   3.4515   3.6830   3.9260   4.1810   4.4455   4.7220   5.0410   5.3890   5.7505   0.0000   0.0000;
208:  0.3985   0.6865   0.9110   1.1320   1.3770   1.6250   1.9080   2.1895   2.4150   2.6385   2.9235   3.2155   3.4505   3.6820   3.9250   4.1795   4.4450   4.7225   5.0340   5.3700   5.7310   0.0000   0.0000;
209:  0.3985   0.6865   0.9110   1.1315   1.3765   1.6245   1.9075   2.1895   2.4145   2.6380   2.9230   3.2140   3.4495   3.6820   3.9245   4.1780   4.4440   4.7225   5.0280   5.3535   5.7155   0.0000   0.0000;
210:  0.3985   0.6855   0.9105   1.1315   1.3765   1.6240   1.9065   2.1885   2.4140   2.6375   2.9220   3.2130   3.4485   3.6810   3.9235   4.1765   4.4435   4.7230   5.0220   5.3385   5.7050   0.0000   0.0000;
211:  0.3985   0.6855   0.9100   1.1310   1.3765   1.6240   1.9060   2.1880   2.4135   2.6370   2.9215   3.2115   3.4475   3.6805   3.9225   4.1750   4.4425   4.7230   5.0175   5.3275   5.6995   0.0000   0.0000;
212:  0.3985   0.6855   0.9100   1.1310   1.3760   1.6235   1.9055   2.1875   2.4135   2.6370   2.9215   3.2110   3.4465   3.6800   3.9220   4.1735   4.4415   4.7225   5.0140   5.3205   5.6985   0.0000   0.0000;
213:  0.3980   0.6845   0.9090   1.1305   1.3760   1.6230   1.9050   2.1870   2.4125   2.6365   2.9210   3.2095   3.4450   3.6795   3.9220   4.1725   4.4405   4.7225   5.0125   5.3180   0.0000   0.0000   0.0000;
214:  0.3980   0.6845   0.9090   1.1300   1.3755   1.6225   1.9040   2.1865   2.4125   2.6365   2.9205   3.2085   3.4440   3.6790   3.9215   4.1715   4.4400   4.7220   5.0125   5.3200   0.0000   0.0000   0.0000;
215:  0.3980   0.6845   0.9090   1.1300   1.3755   1.6225   1.9035   2.1855   2.4115   2.6360   2.9200   3.2070   3.4430   3.6790   3.9215   4.1705   4.4390   4.7215   5.0140   5.3265   0.0000   0.0000   0.0000;
216:  0.3980   0.6840   0.9080   1.1295   1.3755   1.6220   1.9025   2.1850   2.4110   2.6355   2.9195   3.2060   3.4420   3.6785   3.9215   4.1700   4.4385   4.7210   5.0180   5.3370   0.0000   0.0000   0.0000;
217:  0.3975   0.6835   0.9080   1.1295   1.3755   1.6220   1.9020   2.1840   2.4105   2.6355   2.9190   3.2050   3.4410   3.6780   3.9215   4.1695   4.4375   4.7200   5.0240   0.0000   0.0000   0.0000   0.0000;
218:  0.3975   0.6830   0.9070   1.1285   1.3745   1.6210   1.9015   2.1840   2.4100   2.6350   2.9190   3.2045   3.4400   3.6780   3.9225   4.1695   4.4365   4.7185   5.0310   0.0000   0.0000   0.0000   0.0000;
219:  0.3970   0.6825   0.9065   1.1280   1.3745   1.6205   1.9005   2.1830   2.4090   2.6345   2.9185   3.2040   3.4400   3.6780   3.9225   4.1690   4.4360   4.7180   5.0405   0.0000   0.0000   0.0000   0.0000;
220:  0.3970   0.6820   0.9060   1.1275   1.3740   1.6205   1.9000   2.1825   2.4090   2.6345   2.9180   3.2030   3.4390   3.6780   3.9235   4.1695   4.4355   4.7165   5.0505   0.0000   0.0000   0.0000   0.0000;
221:  0.3970   0.6820   0.9055   1.1270   1.3740   1.6200   1.8995   2.1820   2.4080   2.6340   2.9175   3.2020   3.4385   3.6785   3.9245   4.1700   4.4350   4.7150   0.0000   0.0000   0.0000   0.0000   0.0000;
222:  0.3970   0.6815   0.9050   1.1265   1.3730   1.6195   1.8990   2.1815   2.4075   2.6330   2.9170   3.2020   3.4380   3.6785   3.9255   4.1705   4.4345   4.7135   0.0000   0.0000   0.0000   0.0000   0.0000;
223:  0.3970   0.6815   0.9045   1.1260   1.3730   1.6190   1.8980   2.1805   2.4065   2.6325   2.9165   3.2015   3.4380   3.6790   3.9265   4.1715   4.4345   4.7120   0.0000   0.0000   0.0000   0.0000   0.0000;
224:  0.3970   0.6810   0.9045   1.1255   1.3725   1.6185   1.8975   2.1805   2.4065   2.6320   2.9160   3.2015   3.4375   3.6790   3.9280   4.1730   4.4345   4.7105   0.0000   0.0000   0.0000   0.0000   0.0000;
225:  0.3970   0.6805   0.9035   1.1250   1.3720   1.6180   1.8970   2.1795   2.4055   2.6315   2.9155   3.2010   3.4375   3.6800   3.9295   4.1745   4.4350   4.7090   0.0000   0.0000   0.0000   0.0000   0.0000;
226:  0.3970   0.6805   0.9030   1.1240   1.3715   1.6175   1.8960   2.1785   2.4045   2.6305   2.9150   3.2010   3.4375   3.6805   3.9310   4.1765   4.4360   4.7080   0.0000   0.0000   0.0000   0.0000   0.0000;
227:  0.3970   0.6800   0.9025   1.1235   1.3710   1.6170   1.8950   2.1775   2.4035   2.6300   2.9145   3.2005   3.4375   3.6810   3.9325   4.1785   4.4365   4.7065   0.0000   0.0000   0.0000   0.0000   0.0000;
228:  0.3975   0.6800   0.9020   1.1230   1.3705   1.6165   1.8950   2.1775   2.4035   2.6295   2.9140   3.2010   3.4380   3.6820   3.9345   4.1810   4.4380   4.7055   0.0000   0.0000   0.0000   0.0000   0.0000;
229:  0.3975   0.6800   0.9020   1.1225   1.3695   1.6155   1.8940   2.1765   2.4025   2.6285   2.9135   3.2010   3.4380   3.6830   3.9365   4.1835   4.4400   4.7050   0.0000   0.0000   0.0000   0.0000   0.0000;
230:  0.3975   0.6795   0.9010   1.1220   1.3695   1.6150   1.8930   2.1755   2.4015   2.6280   2.9130   3.2010   3.4385   3.6835   3.9380   4.1865   4.4420   4.7040   0.0000   0.0000   0.0000   0.0000   0.0000;
231:  0.3975   0.6795   0.9010   1.1215   1.3685   1.6145   1.8930   2.1750   2.4005   2.6270   2.9125   3.2015   3.4395   3.6850   3.9405   4.1900   4.4445   4.7035   0.0000   0.0000   0.0000   0.0000   0.0000;
232:  0.3980   0.6795   0.9005   1.1210   1.3685   1.6140   1.8920   2.1740   2.3995   2.6260   2.9120   3.2020   3.4400   3.6860   3.9425   4.1930   4.4475   4.7035   0.0000   0.0000   0.0000   0.0000   0.0000;
233:  0.3980   0.6790   0.9000   1.1205   1.3675   1.6135   1.8915   2.1730   2.3985   2.6250   2.9115   3.2025   3.4410   3.6870   3.9445   4.1970   4.4510   4.7035   0.0000   0.0000   0.0000   0.0000   0.0000;
234:  0.3985   0.6790   0.8995   1.1200   1.3670   1.6125   1.8905   2.1720   2.3980   2.6245   2.9110   3.2030   3.4415   3.6880   3.9470   4.2005   4.4545   4.7045   0.0000   0.0000   0.0000   0.0000   0.0000;
235:  0.3985   0.6790   0.8995   1.1195   1.3665   1.6120   1.8900   2.1715   2.3970   2.6235   2.9105   3.2035   3.4425   3.6895   3.9495   4.2045   4.4590   4.7060   0.0000   0.0000   0.0000   0.0000   0.0000;
236:  0.3985   0.6790   0.8995   1.1195   1.3660   1.6115   1.8895   2.1705   2.3960   2.6225   2.9105   3.2045   3.4435   3.6910   3.9520   4.2085   4.4635   4.7075   0.0000   0.0000   0.0000   0.0000   0.0000;
237:  0.3990   0.6785   0.8985   1.1185   1.3650   1.6105   1.8885   2.1695   2.3950   2.6220   2.9105   3.2050   3.4445   3.6920   3.9540   4.2130   4.4690   4.7095   0.0000   0.0000   0.0000   0.0000   0.0000;
238:  0.3990   0.6785   0.8985   1.1185   1.3645   1.6100   1.8880   2.1685   2.3940   2.6210   2.9100   3.2055   3.4455   3.6935   3.9565   4.2170   4.4745   4.7125   0.0000   0.0000   0.0000   0.0000   0.0000;
239:  0.3995   0.6785   0.8985   1.1180   1.3640   1.6100   1.8875   2.1675   2.3930   2.6200   2.9100   3.2065   3.4465   3.6950   3.9595   4.2220   4.4810   4.7160   0.0000   0.0000   0.0000   0.0000   0.0000;
240:  0.3995   0.6785   0.8980   1.1175   1.3635   1.6090   1.8865   2.1665   2.3925   2.6195   2.9095   3.2070   3.4475   3.6965   3.9620   4.2260   4.4875   4.7200   0.0000   0.0000   0.0000   0.0000   0.0000;
241:  0.3995   0.6785   0.8980   1.1170   1.3625   1.6085   1.8860   2.1655   2.3915   2.6185   2.9095   3.2080   3.4485   3.6975   3.9640   4.2305   4.4945   4.7240   0.0000   0.0000   0.0000   0.0000   0.0000;
242:  0.4000   0.6785   0.8980   1.1170   1.3620   1.6075   1.8855   2.1650   2.3905   2.6175   2.9095   3.2090   3.4500   3.6995   3.9670   4.2350   4.5020   4.7295   0.0000   0.0000   0.0000   0.0000   0.0000;
243:  0.4000   0.6785   0.8980   1.1170   1.3620   1.6075   1.8850   2.1640   2.3895   2.6170   2.9095   3.2095   3.4510   3.7010   3.9695   4.2395   4.5100   4.7350   0.0000   0.0000   0.0000   0.0000   0.0000;
244:  0.4000   0.6785   0.8975   1.1165   1.3615   1.6070   1.8845   2.1635   2.3890   2.6160   2.9095   3.2100   3.4515   3.7020   3.9720   4.2440   4.5180   4.7410   0.0000   0.0000   0.0000   0.0000   0.0000;
245:  0.4000   0.6785   0.8975   1.1165   1.3610   1.6060   1.8835   2.1625   2.3885   2.6160   2.9095   3.2105   3.4525   3.7035   3.9750   4.2480   4.5265   4.7480   0.0000   0.0000   0.0000   0.0000   0.0000;
246:  0.4005   0.6785   0.8975   1.1160   1.3605   1.6060   1.8830   2.1615   2.3875   2.6150   2.9095   3.2110   3.4535   3.7050   3.9770   4.2520   4.5350   4.7550   0.0000   0.0000   0.0000   0.0000   0.0000;
247:  0.4005   0.6785   0.8975   1.1160   1.3600   1.6055   1.8825   2.1605   2.3865   2.6145   2.9100   3.2120   3.4545   3.7065   3.9800   4.2560   0.0000   0.0000   0.0000   0.0000   0.0000   0.0000   0.0000;
248:  0.4005   0.6785   0.8975   1.1160   1.3600   1.6055   1.8820   2.1595   2.3860   2.6145   2.9105   3.2125   3.4550   3.7075   3.9825   4.2605   0.0000   0.0000   0.0000   0.0000   0.0000   0.0000   0.0000;
249:  0.4010   0.6785   0.8970   1.1155   1.3595   1.6050   1.8815   2.1590   2.3855   2.6135   2.9105   3.2130   3.4560   3.7095   3.9855   4.2640   0.0000   0.0000   0.0000   0.0000   0.0000   0.0000   0.0000;
250:  0.4010   0.6785   0.8970   1.1155   1.3595   1.6045   1.8810   2.1585   2.3850   2.6135   2.9105   3.2130   3.4565   3.7105   3.9880   4.2680   0.0000   0.0000   0.0000   0.0000   0.0000   0.0000   0.0000;
251:  0.4010   0.6785   0.8970   1.1155   1.3590   1.6040   1.8805   2.1580   2.3845   2.6130   2.9110   3.2135   3.4570   3.7120   3.9910   4.2710   0.0000   0.0000   0.0000   0.0000   0.0000   0.0000   0.0000;
252:  0.4010   0.6785   0.8970   1.1155   1.3590   1.6040   1.8800   2.1570   2.3840   2.6130   2.9115   3.2140   3.4575   3.7135   3.9940   4.2745   0.0000   0.0000   0.0000   0.0000   0.0000   0.0000   0.0000;
253:  0.4010   0.6785   0.8970   1.1155   1.3590   1.6040   1.8800   2.1570   2.3835   2.6125   2.9115   3.2140   3.4580   3.7145   3.9965   4.2780   0.0000   0.0000   0.0000   0.0000   0.0000   0.0000   0.0000;
254:  0.4010   0.6785   0.8970   1.1155   1.3585   1.6035   1.8795   2.1560   2.3830   2.6125   2.9120   3.2145   3.4585   3.7160   3.9995   4.2810   0.0000   0.0000   0.0000   0.0000   0.0000   0.0000   0.0000;
255:  0.4010   0.6785   0.8965   1.1150   1.3585   1.6035   1.8795   2.1560   2.3830   2.6130   2.9130   3.2145   3.4585   3.7175   4.0025   4.2835   0.0000   0.0000   0.0000   0.0000   0.0000   0.0000   0.0000;
256:  0.4010   0.6785   0.8965   1.1150   1.3585   1.6035   1.8790   2.1555   2.3825   2.6125   2.9130   3.2145   3.4590   3.7185   4.0055   4.2865   0.0000   0.0000   0.0000   0.0000   0.0000   0.0000   0.0000;
257:  0.4010   0.6785   0.8965   1.1150   1.3585   1.6035   1.8790   2.1555   2.3825   2.6125   2.9135   3.2150   3.4590   3.7195   4.0085   4.2890   0.0000   0.0000   0.0000   0.0000   0.0000   0.0000   0.0000;
258:  0.4010   0.6785   0.8965   1.1150   1.3585   1.6035   1.8790   2.1550   2.3820   2.6130   2.9145   3.2150   3.4590   3.7210   4.0115   4.2915   0.0000   0.0000   0.0000   0.0000   0.0000   0.0000   0.0000;
259:  0.4010   0.6785   0.8965   1.1150   1.3585   1.6035   1.8785   2.1545   2.3820   2.6130   2.9145   3.2150   3.4595   3.7225   4.0150   4.2945   0.0000   0.0000   0.0000   0.0000   0.0000   0.0000   0.0000;
260:  0.4010   0.6785   0.8965   1.1150   1.3585   1.6030   1.8780   2.1545   2.3820   2.6135   2.9155   3.2155   3.4600   3.7240   4.0180   4.2965   0.0000   0.0000   0.0000   0.0000   0.0000   0.0000   0.0000;
261:  0.4005   0.6780   0.8965   1.1150   1.3585   1.6030   1.8780   2.1545   2.3820   2.6135   2.9155   3.2150   3.4595   3.7250   4.0210   4.2985   0.0000   0.0000   0.0000   0.0000   0.0000   0.0000   0.0000;
262:  0.4005   0.6780   0.8965   1.1150   1.3585   1.6030   1.8780   2.1545   2.3820   2.6140   2.9160   3.2150   3.4600   3.7265   4.0245   4.3010   0.0000   0.0000   0.0000   0.0000   0.0000   0.0000   0.0000;
263:  0.4005   0.6780   0.8965   1.1150   1.3585   1.6030   1.8780   2.1545   2.3820   2.6140   2.9165   3.2155   3.4605   3.7280   4.0275   4.3030   0.0000   0.0000   0.0000   0.0000   0.0000   0.0000   0.0000;
264:  0.4005   0.6780   0.8965   1.1150   1.3585   1.6030   1.8780   2.1545   2.3820   2.6145   2.9170   3.2155   3.4605   3.7290   4.0305   4.3050   0.0000   0.0000   0.0000   0.0000   0.0000   0.0000   0.0000;
265:  0.4005   0.6780   0.8960   1.1145   1.3590   1.6035   1.8780   2.1545   2.3820   2.6145   2.9175   3.2155   3.4605   3.7310   4.0340   4.3070   0.0000   0.0000   0.0000   0.0000   0.0000   0.0000   0.0000;
266:  0.4010   0.6785   0.8965   1.1145   1.3590   1.6035   1.8780   2.1550   2.3825   2.6150   2.9180   3.2155   3.4605   3.7320   4.0370   4.3090   0.0000   0.0000   0.0000   0.0000   0.0000   0.0000   0.0000;
267:  0.4010   0.6785   0.8965   1.1145   1.3590   1.6035   1.8785   2.1555   2.3830   2.6155   2.9180   3.2160   3.4615   3.7335   4.0400   4.3110   0.0000   0.0000   0.0000   0.0000   0.0000   0.0000   0.0000;
268:  0.4010   0.6785   0.8965   1.1145   1.3590   1.6035   1.8785   2.1555   2.3830   2.6160   2.9185   3.2160   3.4620   3.7355   4.0435   4.3130   0.0000   0.0000   0.0000   0.0000   0.0000   0.0000   0.0000;
269:  0.4010   0.6785   0.8965   1.1145   1.3590   1.6035   1.8785   2.1555   2.3835   2.6165   2.9185   3.2160   3.4625   3.7375   4.0470   4.3155   0.0000   0.0000   0.0000   0.0000   0.0000   0.0000   0.0000;
270:  0.4010   0.6785   0.8965   1.1145   1.3595   1.6040   1.8790   2.1560   2.3835   2.6170   2.9195   3.2170   3.4630   3.7385   4.0495   4.3175   0.0000   0.0000   0.0000   0.0000   0.0000   0.0000   0.0000;
271:  0.4010   0.6785   0.8965   1.1145   1.3595   1.6040   1.8790   2.1560   2.3840   2.6175   2.9195   3.2170   3.4635   3.7405   4.0530   4.3195   0.0000   0.0000   0.0000   0.0000   0.0000   0.0000   0.0000;
272:  0.4015   0.6785   0.8965   1.1150   1.3600   1.6040   1.8795   2.1570   2.3845   2.6175   2.9195   3.2175   3.4645   3.7425   4.0560   4.3215   0.0000   0.0000   0.0000   0.0000   0.0000   0.0000   0.0000;
273:  0.4015   0.6780   0.8960   1.1150   1.3600   1.6040   1.8795   2.1570   2.3850   2.6185   2.9200   3.2175   3.4650   3.7445   4.0590   4.3240   0.0000   0.0000   0.0000   0.0000   0.0000   0.0000   0.0000;
274:  0.4015   0.6780   0.8960   1.1150   1.3600   1.6040   1.8795   2.1570   2.3850   2.6185   2.9205   3.2185   3.4660   3.7460   4.0610   4.3255   0.0000   0.0000   0.0000   0.0000   0.0000   0.0000   0.0000;
275:  0.4015   0.6780   0.8960   1.1150   1.3600   1.6040   1.8800   2.1580   2.3860   2.6190   2.9205   3.2190   3.4670   3.7480   4.0640   4.3280   0.0000   0.0000   0.0000   0.0000   0.0000   0.0000   0.0000;
276:  0.4020   0.6780   0.8960   1.1150   1.3600   1.6040   1.8800   2.1580   2.3865   2.6200   2.9210   3.2200   3.4685   3.7500   4.0665   4.3300   0.0000   0.0000   0.0000   0.0000   0.0000   0.0000   0.0000;
277:  0.4025   0.6785   0.8960   1.1150   1.3605   1.6045   1.8805   2.1585   2.3870   2.6205   2.9210   3.2205   3.4695   3.7520   4.0690   4.3325   0.0000   0.0000   0.0000   0.0000   0.0000   0.0000   0.0000;
278:  0.4025   0.6785   0.8960   1.1150   1.3605   1.6045   1.8805   2.1585   2.3870   2.6205   2.9210   3.2210   3.4710   3.7545   4.0715   4.3350   0.0000   0.0000   0.0000   0.0000   0.0000   0.0000   0.0000;
279:  0.4030   0.6785   0.8965   1.1155   1.3605   1.6045   1.8810   2.1595   2.3880   2.6210   2.9215   3.2225   3.4725   3.7560   4.0730   4.3370   0.0000   0.0000   0.0000   0.0000   0.0000   0.0000   0.0000;
280:  0.4030   0.6785   0.8965   1.1155   1.3605   1.6045   1.8810   2.1595   2.3885   2.6220   2.9220   3.2230   3.4740   3.7585   4.0750   4.3390   0.0000   0.0000   0.0000   0.0000   0.0000   0.0000   0.0000;
281:  0.4030   0.6785   0.8965   1.1155   1.3605   1.6045   1.8815   2.1600   2.3890   2.6225   2.9220   3.2235   3.4750   3.7600   4.0765   4.3410   0.0000   0.0000   0.0000   0.0000   0.0000   0.0000   0.0000;
282:  0.4035   0.6785   0.8965   1.1155   1.3605   1.6045   1.8815   2.1605   2.3900   2.6230   2.9225   3.2250   3.4770   3.7625   4.0785   4.3435   0.0000   0.0000   0.0000   0.0000   0.0000   0.0000   0.0000;
283:  0.4035   0.6785   0.8965   1.1155   1.3605   1.6050   1.8825   2.1610   2.3905   2.6240   2.9230   3.2255   3.4780   3.7645   4.0800   4.3455   0.0000   0.0000   0.0000   0.0000   0.0000   0.0000   0.0000;
284:  0.4045   0.6790   0.8965   1.1155   1.3605   1.6050   1.8825   2.1610   2.3910   2.6245   2.9235   3.2270   3.4800   3.7665   4.0810   4.3470   0.0000   0.0000   0.0000   0.0000   0.0000   0.0000   0.0000;
285:  0.4045   0.6790   0.8965   1.1155   1.3605   1.6050   1.8825   2.1615   2.3915   2.6245   2.9235   3.2280   3.4820   3.7685   4.0815   4.3485   0.0000   0.0000   0.0000   0.0000   0.0000   0.0000   0.0000;
286:  0.4045   0.6790   0.8970   1.1160   1.3605   1.6050   1.8830   2.1620   2.3920   2.6250   2.9240   3.2295   3.4840   3.7705   4.0820   4.3500   0.0000   0.0000   0.0000   0.0000   0.0000   0.0000   0.0000;
287:  0.4050   0.6790   0.8970   1.1160   1.3605   1.6055   1.8835   2.1625   2.3930   2.6260   2.9245   3.2300   3.4855   3.7725   4.0825   4.3515   0.0000   0.0000   0.0000   0.0000   0.0000   0.0000   0.0000;
288:  0.4050   0.6790   0.8970   1.1160   1.3605   1.6055   1.8840   2.1630   2.3935   2.6265   2.9250   3.2315   3.4870   3.7740   4.0830   4.3530   0.0000   0.0000   0.0000   0.0000   0.0000   0.0000   0.0000;
289:  0.4055   0.6795   0.8970   1.1160   1.3605   1.6060   1.8845   2.1635   2.3945   2.6275   2.9255   3.2320   3.4885   3.7760   4.0835   4.3545   0.0000   0.0000   0.0000   0.0000   0.0000   0.0000   0.0000;
290:  0.4055   0.6795   0.8975   1.1165   1.3605   1.6060   1.8850   2.1640   2.3950   2.6280   2.9260   3.2335   3.4905   3.7775   4.0830   4.3550   0.0000   0.0000   0.0000   0.0000   0.0000   0.0000   0.0000;
291:  0.4060   0.6795   0.8975   1.1170   1.3610   1.6060   1.8850   2.1645   2.3960   2.6290   2.9270   3.2345   3.4915   3.7790   4.0830   4.3560   0.0000   0.0000   0.0000   0.0000   0.0000   0.0000   0.0000;
292:  0.4065   0.6800   0.8975   1.1170   1.3610   1.6065   1.8855   2.1650   2.3965   2.6290   2.9270   3.2355   3.4935   3.7805   4.0825   4.3565   0.0000   0.0000   0.0000   0.0000   0.0000   0.0000   0.0000;
293:  0.4065   0.6800   0.8975   1.1170   1.3615   1.6070   1.8860   2.1660   2.3975   2.6300   2.9280   3.2365   3.4945   3.7815   4.0815   4.3565   0.0000   0.0000   0.0000   0.0000   0.0000   0.0000   0.0000;
294:  0.4065   0.6800   0.8980   1.1175   1.3615   1.6075   1.8865   2.1660   2.3980   2.6310   2.9290   3.2380   3.4965   3.7830   4.0810   4.3565   0.0000   0.0000   0.0000   0.0000   0.0000   0.0000   0.0000;
295:  0.4065   0.6800   0.8980   1.1180   1.3620   1.6075   1.8870   2.1670   2.3985   2.6310   2.9295   3.2390   3.4975   3.7840   4.0805   4.3565   0.0000   0.0000   0.0000   0.0000   0.0000   0.0000   0.0000;
296:  0.4065   0.6800   0.8980   1.1180   1.3620   1.6080   1.8875   2.1675   2.3995   2.6320   2.9305   3.2400   3.4990   3.7855   4.0795   4.3560   0.0000   0.0000   0.0000   0.0000   0.0000   0.0000   0.0000;
297:  0.4070   0.6805   0.8985   1.1185   1.3620   1.6080   1.8880   2.1685   2.4005   2.6330   2.9310   3.2410   3.5005   3.7865   4.0790   4.3560   0.0000   0.0000   0.0000   0.0000   0.0000   0.0000   0.0000;
298:  0.4070   0.6805   0.8985   1.1185   1.3625   1.6090   1.8885   2.1690   2.4010   2.6335   2.9320   3.2420   3.5015   3.7870   4.0775   4.3550   0.0000   0.0000   0.0000   0.0000   0.0000   0.0000   0.0000;
299:  0.4070   0.6805   0.8985   1.1190   1.3630   1.6090   1.8890   2.1695   2.4015   2.6340   2.9325   3.2430   3.5030   3.7885   4.0770   4.3545   0.0000   0.0000   0.0000   0.0000   0.0000   0.0000   0.0000;
300:  0.4070   0.6805   0.8990   1.1195   1.3635   1.6100   1.8895   2.1700   2.4020   2.6345   2.9335   3.2440   3.5035   3.7885   4.0755   4.3530   0.0000   0.0000   0.0000   0.0000   0.0000   0.0000   0.0000;
301:  0.4075   0.6815   0.8995   1.1200   1.3640   1.6100   1.8900   2.1710   2.4025   2.6350   2.9345   3.2450   3.5050   3.7895   4.0745   4.3520   0.0000   0.0000   0.0000   0.0000   0.0000   0.0000   0.0000;
302:  0.4075   0.6815   0.8995   1.1200   1.3645   1.6110   1.8905   2.1715   2.4035   2.6360   2.9355   3.2460   3.5055   3.7895   4.0735   4.3510   0.0000   0.0000   0.0000   0.0000   0.0000   0.0000   0.0000;
303:  0.4075   0.6815   0.8995   1.1200   1.3650   1.6120   1.8915   2.1725   2.4040   2.6365   2.9365   3.2470   3.5065   3.7900   4.0725   4.3500   0.0000   0.0000   0.0000   0.0000   0.0000   0.0000   0.0000;
304:  0.4070   0.6815   0.9000   1.1210   1.3655   1.6120   1.8920   2.1735   2.4045   2.6370   2.9375   3.2480   3.5075   3.7905   4.0720   4.3490   0.0000   0.0000   0.0000   0.0000   0.0000   0.0000   0.0000;
305:  0.4070   0.6815   0.9000   1.1210   1.3660   1.6130   1.8930   2.1745   2.4055   2.6380   2.9380   3.2485   3.5080   3.7905   4.0710   4.3475   0.0000   0.0000   0.0000   0.0000   0.0000   0.0000   0.0000;
306:  0.4070   0.6815   0.9005   1.1215   1.3660   1.6130   1.8930   2.1750   2.4060   2.6380   2.9385   3.2495   3.5090   3.7905   4.0700   4.3465   0.0000   0.0000   0.0000   0.0000   0.0000   0.0000   0.0000;
307:  0.4070   0.6820   0.9010   1.1220   1.3670   1.6140   1.8940   2.1760   2.4065   2.6385   2.9395   3.2505   3.5095   3.7905   4.0700   4.3455   0.0000   0.0000   0.0000   0.0000   0.0000   0.0000   0.0000;
308:  0.4075   0.6825   0.9010   1.1220   1.3675   1.6145   1.8945   2.1770   2.4070   2.6390   2.9405   3.2515   3.5105   3.7910   4.0695   4.3440   0.0000   0.0000   0.0000   0.0000   0.0000   0.0000   0.0000;
309:  0.4070   0.6825   0.9015   1.1230   1.3685   1.6155   1.8955   2.1780   2.4075   2.6395   2.9415   3.2525   3.5110   3.7905   4.0690   4.3435   0.0000   0.0000   0.0000   0.0000   0.0000   0.0000   0.0000;
310:  0.4070   0.6825   0.9015   1.1230   1.3690   1.6160   1.8960   2.1790   2.4080   2.6400   2.9425   3.2535   3.5120   3.7910   4.0695   4.3430   0.0000   0.0000   0.0000   0.0000   0.0000   0.0000   0.0000;
311:  0.4070   0.6825   0.9015   1.1230   1.3690   1.6165   1.8965   2.1795   2.4085   2.6400   2.9430   3.2545   3.5125   3.7910   4.0700   4.3425   0.0000   0.0000   0.0000   0.0000   0.0000   0.0000   0.0000;
312:  0.4070   0.6830   0.9025   1.1240   1.3700   1.6170   1.8970   2.1805   2.4095   2.6410   2.9440   3.2555   3.5130   3.7910   4.0705   4.3420   0.0000   0.0000   0.0000   0.0000   0.0000   0.0000   0.0000;
313:  0.4070   0.6830   0.9025   1.1240   1.3705   1.6180   1.8980   2.1810   2.4095   2.6415   2.9445   3.2560   3.5140   3.7915   4.0715   4.3425   0.0000   0.0000   0.0000   0.0000   0.0000   0.0000   0.0000;
314:  0.4065   0.6830   0.9025   1.1245   1.3715   1.6185   1.8985   2.1820   2.4100   2.6415   2.9450   3.2570   3.5145   3.7915   4.0725   4.3425   0.0000   0.0000   0.0000   0.0000   0.0000   0.0000   0.0000;
315:  0.4070   0.6835   0.9030   1.1250   1.3720   1.6195   1.8995   2.1830   2.4105   2.6415   2.9455   3.2580   3.5150   3.7915   4.0735   4.3430   0.0000   0.0000   0.0000   0.0000   0.0000   0.0000   0.0000;
316:  0.4070   0.6840   0.9035   1.1255   1.3725   1.6195   1.9000   2.1840   2.4110   2.6420   2.9465   3.2590   3.5160   3.7920   4.0750   4.3440   0.0000   0.0000   0.0000   0.0000   0.0000   0.0000   0.0000;
317:  0.4070   0.6840   0.9035   1.1255   1.3730   1.6205   1.9005   2.1840   2.4110   2.6420   2.9470   3.2600   3.5165   3.7920   4.0770   4.3450   0.0000   0.0000   0.0000   0.0000   0.0000   0.0000   0.0000;
318:  0.4070   0.6840   0.9040   1.1265   1.3740   1.6210   1.9010   2.1850   2.4115   2.6425   2.9480   3.2605   3.5170   3.7925   4.0790   4.3470   0.0000   0.0000   0.0000   0.0000   0.0000   0.0000   0.0000;
319:  0.4070   0.6845   0.9045   1.1265   1.3745   1.6215   1.9015   2.1860   2.4125   2.6430   2.9485   3.2615   3.5175   3.7930   4.0815   4.3485   0.0000   0.0000   0.0000   0.0000   0.0000   0.0000   0.0000;
320:  0.4070   0.6845   0.9045   1.1265   1.3745   1.6220   1.9025   2.1865   2.4125   2.6430   2.9490   3.2625   3.5185   3.7935   4.0840   4.3510   0.0000   0.0000   0.0000   0.0000   0.0000   0.0000   0.0000;
321:  0.4065   0.6845   0.9050   1.1275   1.3755   1.6225   1.9030   2.1875   2.4130   2.6435   2.9500   3.2635   3.5190   3.7940   4.0870   4.3535   0.0000   0.0000   0.0000   0.0000   0.0000   0.0000   0.0000;
322:  0.4065   0.6845   0.9050   1.1275   1.3760   1.6235   1.9035   2.1875   2.4130   2.6435   2.9500   3.2640   3.5200   3.7950   4.0900   4.3565   0.0000   0.0000   0.0000   0.0000   0.0000   0.0000   0.0000;
323:  0.4065   0.6845   0.9050   1.1280   1.3765   1.6235   1.9040   2.1885   2.4135   2.6435   2.9505   3.2650   3.5210   3.7960   4.0935   4.3595   0.0000   0.0000   0.0000   0.0000   0.0000   0.0000   0.0000;
324:  0.4065   0.6850   0.9060   1.1285   1.3770   1.6245   1.9050   2.1890   2.4140   2.6440   2.9510   3.2655   3.5215   3.7970   4.0970   4.3635   0.0000   0.0000   0.0000   0.0000   0.0000   0.0000   0.0000;
325:  0.4065   0.6850   0.9060   1.1285   1.3770   1.6245   1.9050   2.1890   2.4140   2.6445   2.9520   3.2665   3.5225   3.7985   4.1010   4.3670   4.8330   0.0000   0.0000   0.0000   0.0000   0.0000   0.0000;
326:  0.4065   0.6850   0.9060   1.1285   1.3775   1.6255   1.9060   2.1900   2.4150   2.6450   2.9520   3.2670   3.5235   3.8000   4.1055   4.3710   4.8360   0.0000   0.0000   0.0000   0.0000   0.0000   0.0000;
327:  0.4065   0.6850   0.9060   1.1290   1.3780   1.6255   1.9065   2.1905   2.4150   2.6450   2.9525   3.2675   3.5240   3.8015   4.1100   4.3755   4.8395   0.0000   0.0000   0.0000   0.0000   0.0000   0.0000;
328:  0.4065   0.6850   0.9065   1.1295   1.3785   1.6260   1.9065   2.1910   2.4155   2.6455   2.9535   3.2685   3.5250   3.8030   4.1145   4.3800   4.8430   0.0000   0.0000   0.0000   0.0000   0.0000   0.0000;
329:  0.4065   0.6855   0.9070   1.1295   1.3785   1.6265   1.9075   2.1915   2.4160   2.6460   2.9540   3.2690   3.5260   3.8050   4.1190   4.3845   4.8460   0.0000   0.0000   0.0000   0.0000   0.0000   0.0000;
330:  0.4070   0.6855   0.9070   1.1300   1.3790   1.6265   1.9075   2.1920   2.4165   2.6460   2.9545   3.2700   3.5270   3.8070   4.1245   4.3895   4.8495   0.0000   0.0000   0.0000   0.0000   0.0000   0.0000;
331:  0.4070   0.6855   0.9070   1.1300   1.3795   1.6275   1.9085   2.1925   2.4170   2.6470   2.9550   3.2700   3.5280   3.8095   4.1295   4.3940   4.8520   0.0000   0.0000   0.0000   0.0000   0.0000   0.0000;
332:  0.4070   0.6855   0.9070   1.1300   1.3795   1.6275   1.9085   2.1930   2.4175   2.6470   2.9555   3.2710   3.5290   3.8110   4.1345   4.3990   4.8550   0.0000   0.0000   0.0000   0.0000   0.0000   0.0000;
333:  0.4070   0.6855   0.9075   1.1305   1.3795   1.6280   1.9095   2.1935   2.4180   2.6480   2.9565   3.2715   3.5300   3.8140   4.1405   4.4040   4.8570   0.0000   0.0000   0.0000   0.0000   0.0000   0.0000;
334:  0.4070   0.6855   0.9075   1.1310   1.3800   1.6280   1.9095   2.1935   2.4180   2.6480   2.9570   3.2725   3.5315   3.8165   4.1460   4.4090   4.8590   0.0000   0.0000   0.0000   0.0000   0.0000   0.0000;
335:  0.4070   0.6855   0.9075   1.1310   1.3800   1.6280   1.9100   2.1945   2.4190   2.6490   2.9580   3.2730   3.5325   3.8195   4.1520   4.4135   4.8600   0.0000   0.0000   0.0000   0.0000   0.0000   0.0000;
336:  0.4070   0.6855   0.9075   1.1310   1.3805   1.6290   1.9110   2.1955   2.4195   2.6490   2.9580   3.2735   3.5340   3.8225   4.1580   4.4185   4.8610   0.0000   0.0000   0.0000   0.0000   0.0000   0.0000;
337:  0.4070   0.6855   0.9075   1.1310   1.3805   1.6290   1.9110   2.1955   2.4200   2.6500   2.9590   3.2740   3.5350   3.8255   4.1640   4.4230   4.8610   0.0000   0.0000   0.0000   0.0000   0.0000   0.0000;
338:  0.4065   0.6855   0.9075   1.1310   1.3805   1.6290   1.9115   2.1965   2.4205   2.6505   2.9600   3.2750   3.5365   3.8285   4.1695   4.4270   4.8605   0.0000   0.0000   0.0000   0.0000   0.0000   0.0000;
339:  0.4065   0.6855   0.9075   1.1310   1.3805   1.6295   1.9120   2.1965   2.4210   2.6515   2.9610   3.2755   3.5375   3.8320   4.1760   4.4310   4.8590   0.0000   0.0000   0.0000   0.0000   0.0000   0.0000;
340:  0.4065   0.6855   0.9075   1.1310   1.3805   1.6295   1.9125   2.1975   2.4220   2.6525   2.9615   3.2760   3.5390   3.8350   4.1820   4.4350   4.8570   0.0000   0.0000   0.0000   0.0000   0.0000   0.0000;
341:  0.4065   0.6855   0.9075   1.1315   1.3810   1.6295   1.9130   2.1980   2.4220   2.6525   2.9620   3.2770   3.5410   3.8390   4.1885   4.4385   4.8535   0.0000   0.0000   0.0000   0.0000   0.0000   0.0000;
342:  0.4065   0.6855   0.9075   1.1315   1.3815   1.6300   1.9130   2.1985   2.4230   2.6535   2.9630   3.2775   3.5420   3.8425   4.1945   4.4415   4.8495   0.0000   0.0000   0.0000   0.0000   0.0000   0.0000;
343:  0.4065   0.6850   0.9070   1.1315   1.3815   1.6305   1.9140   2.1995   2.4235   2.6540   2.9640   3.2785   3.5435   3.8460   4.2010   4.4445   4.8445   0.0000   0.0000   0.0000   0.0000   0.0000   0.0000;
344:  0.4065   0.6850   0.9065   1.1310   1.3815   1.6305   1.9145   2.2000   2.4240   2.6555   2.9655   3.2795   3.5455   3.8500   4.2070   4.4470   4.8385   0.0000   0.0000   0.0000   0.0000   0.0000   0.0000;
345:  0.4060   0.6845   0.9065   1.1310   1.3815   1.6305   1.9150   2.2010   2.4245   2.6560   2.9665   3.2805   3.5475   3.8540   4.2130   4.4490   4.8315   0.0000   0.0000   0.0000   0.0000   0.0000   0.0000;
346:  0.4055   0.6845   0.9065   1.1310   1.3815   1.6305   1.9155   2.2020   2.4255   2.6570   2.9675   3.2820   3.5495   3.8575   4.2195   4.4515   4.8240   0.0000   0.0000   0.0000   0.0000   0.0000   0.0000;
347:  0.4055   0.6845   0.9065   1.1310   1.3815   1.6310   1.9160   2.2025   2.4260   2.6575   2.9690   3.2835   3.5515   3.8620   4.2255   4.4525   4.8150   0.0000   0.0000   0.0000   0.0000   0.0000   0.0000;
348:  0.4055   0.6845   0.9065   1.1310   1.3815   1.6310   1.9165   2.2030   2.4265   2.6585   2.9700   3.2850   3.5540   3.8660   4.2315   4.4535   4.8050   0.0000   0.0000   0.0000   0.0000   0.0000   0.0000;
349:  0.4055   0.6840   0.9060   1.1310   1.3820   1.6315   1.9170   2.2040   2.4270   2.6590   2.9710   3.2865   3.5565   3.8705   4.2380   4.4545   4.7945   0.0000   0.0000   0.0000   0.0000   0.0000   0.0000;
350:  0.4050   0.6840   0.9055   1.1305   1.3820   1.6315   1.9175   2.2050   2.4280   2.6605   2.9725   3.2880   3.5590   3.8745   4.2435   4.4550   4.7830   0.0000   0.0000   0.0000   0.0000   0.0000   0.0000;
351:  0.4050   0.6840   0.9055   1.1305   1.3820   1.6315   1.9180   2.2055   2.4285   2.6615   2.9740   3.2900   3.5610   3.8780   4.2495   4.4550   4.7705   0.0000   0.0000   0.0000   0.0000   0.0000   0.0000;
352:  0.4050   0.6840   0.9055   1.1305   1.3820   1.6315   1.9185   2.2065   2.4290   2.6620   2.9755   3.2920   3.5635   3.8825   4.2555   4.4550   4.7575   0.0000   0.0000   0.0000   0.0000   0.0000   0.0000;
353:  0.4050   0.6840   0.9055   1.1305   1.3820   1.6315   1.9190   2.2075   2.4300   2.6635   2.9770   3.2940   3.5670   3.8870   4.2605   4.4540   4.7440   0.0000   0.0000   0.0000   0.0000   0.0000   0.0000;
354:  0.4045   0.6840   0.9055   1.1305   1.3820   1.6315   1.9195   2.2080   2.4300   2.6640   2.9785   3.2960   3.5695   3.8910   4.2660   4.4530   4.7295   0.0000   0.0000   0.0000   0.0000   0.0000   0.0000;
355:  0.4045   0.6840   0.9055   1.1305   1.3825   1.6320   1.9200   2.2090   2.4310   2.6650   2.9800   3.2985   3.5725   3.8950   4.2710   4.4520   4.7150   0.0000   0.0000   0.0000   0.0000   0.0000   0.0000;
356:  0.4045   0.6840   0.9055   1.1305   1.3825   1.6325   1.9210   2.2100   2.4315   2.6660   2.9820   3.3010   3.5760   3.8995   4.2765   4.4510   4.6995   0.0000   0.0000   0.0000   0.0000   0.0000   0.0000;
357:  0.4040   0.6835   0.9050   1.1305   1.3825   1.6325   1.9215   2.2105   2.4320   2.6670   2.9835   3.3035   3.5790   3.9035   4.2815   4.4490   4.6835   0.0000   0.0000   0.0000   0.0000   0.0000   0.0000;
358:  0.4040   0.6835   0.9050   1.1305   1.3830   1.6330   1.9215   2.2110   2.4330   2.6680   2.9850   3.3065   3.5825   3.9070   4.2855   4.4470   4.6680   0.0000   0.0000   0.0000   0.0000   0.0000   0.0000;
359:  0.4040   0.6835   0.9050   1.1305   1.3830   1.6330   1.9220   2.2115   2.4330   2.6685   2.9865   3.3090   3.5860   3.9115   0.0000   0.0000   0.0000   0.0000   0.0000   0.0000   0.0000   0.0000   0.0000;
#AFTER_DB_V3;
000:  0.2380   0.5690   0.7970   1.0130   1.2480   1.5180   1.7480   2.0970   2.3280   2.5400   2.8000   3.1780   3.4470   3.7330   4.0980   0.0000   0.0000   0.0000   0.0000   0.0000   0.0000   0.0000   0.0000;
001:  0.2370   0.5690   0.7970   1.0130   1.2490   1.5180   1.7480   2.0970   2.3280   2.5410   2.8010   3.1800   3.4510   3.7360   4.1020   0.0000   0.0000   0.0000   0.0000   0.0000   0.0000   0.0000   0.0000;
002:  0.2370   0.5690   0.7970   1.0120   1.2490   1.5180   1.7490   2.0980   2.3290   2.5420   2.8020   3.1820   3.4550   3.7400   4.1060   0.0000   0.0000   0.0000   0.0000   0.0000   0.0000   0.0000   0.0000;
003:  0.2370   0.5690   0.7970   1.0120   1.2490   1.5190   1.7490   2.0980   2.3290   2.5430   2.8040   3.1850   3.4580   3.7440   4.1090   0.0000   0.0000   0.0000   0.0000   0.0000   0.0000   0.0000   0.0000;
004:  0.2360   0.5690   0.7970   1.0120   1.2490   1.5190   1.7490   2.0990   2.3300   2.5440   2.8050   3.1880   3.4620   3.7480   4.1130   0.0000   0.0000   0.0000   0.0000   0.0000   0.0000   0.0000   0.0000;
005:  0.2360   0.5690   0.7970   1.0120   1.2490   1.5190   1.7490   2.0990   2.3310   2.5450   2.8060   3.1900   3.4660   3.7510   4.1160   0.0000   0.0000   0.0000   0.0000   0.0000   0.0000   0.0000   0.0000;
006:  0.2360   0.5690   0.7970   1.0130   1.2490   1.5190   1.7500   2.1000   2.3310   2.5460   2.8080   3.1930   3.4700   3.7550   4.1190   0.0000   0.0000   0.0000   0.0000   0.0000   0.0000   0.0000   0.0000;
007:  0.2360   0.5690   0.7970   1.0130   1.2490   1.5200   1.7500   2.1000   2.3310   2.5470   2.8090   3.1960   3.4740   3.7590   4.1210   0.0000   0.0000   0.0000   0.0000   0.0000   0.0000   0.0000   0.0000;
008:  0.2350   0.5690   0.7970   1.0130   1.2490   1.5200   1.7500   2.1000   2.3320   2.5490   2.8110   3.1990   3.4780   3.7630   4.1230   0.0000   0.0000   0.0000   0.0000   0.0000   0.0000   0.0000   0.0000;
009:  0.2350   0.5690   0.7970   1.0130   1.2490   1.5200   1.7510   2.1000   2.3330   2.5500   2.8120   3.2020   3.4810   3.7670   4.1250   0.0000   0.0000   0.0000   0.0000   0.0000   0.0000   0.0000   0.0000;
010:  0.2350   0.5690   0.7970   1.0130   1.2490   1.5200   1.7510   2.1000   2.3330   2.5510   2.8130   3.2050   3.4850   3.7700   4.1270   0.0000   0.0000   0.0000   0.0000   0.0000   0.0000   0.0000   0.0000;
011:  0.2350   0.5690   0.7970   1.0130   1.2490   1.5200   1.7520   2.1000   2.3340   2.5530   2.8150   3.2070   3.4880   3.7740   4.1280   0.0000   0.0000   0.0000   0.0000   0.0000   0.0000   0.0000   0.0000;
012:  0.2350   0.5690   0.7970   1.0130   1.2490   1.5200   1.7520   2.1000   2.3350   2.5550   2.8160   3.2100   3.4910   3.7780   4.1290   0.0000   0.0000   0.0000   0.0000   0.0000   0.0000   0.0000   0.0000;
013:  0.2340   0.5690   0.7970   1.0130   1.2490   1.5210   1.7530   2.1000   2.3350   2.5560   2.8180   3.2130   3.4940   3.7810   4.1300   0.0000   0.0000   0.0000   0.0000   0.0000   0.0000   0.0000   0.0000;
014:  0.2340   0.5690   0.7970   1.0130   1.2490   1.5210   1.7530   2.1000   2.3360   2.5580   2.8200   3.2160   3.4970   3.7840   4.1300   0.0000   0.0000   0.0000   0.0000   0.0000   0.0000   0.0000   0.0000;
015:  0.2340   0.5680   0.7970   1.0130   1.2490   1.5210   1.7540   2.1000   2.3370   2.5600   2.8210   3.2190   3.5000   3.7880   4.1310   0.0000   0.0000   0.0000   0.0000   0.0000   0.0000   0.0000   0.0000;
016:  0.2330   0.5680   0.7970   1.0130   1.2490   1.5210   1.7540   2.0990   2.3380   2.5620   2.8230   3.2210   3.5020   3.7910   4.1310   0.0000   0.0000   0.0000   0.0000   0.0000   0.0000   0.0000   0.0000;
017:  0.2330   0.5680   0.7970   1.0130   1.2490   1.5210   1.7550   2.0990   2.3390   2.5640   2.8250   3.2240   3.5040   3.7940   4.1300   0.0000   0.0000   0.0000   0.0000   0.0000   0.0000   0.0000   0.0000;
018:  0.2330   0.5680   0.7970   1.0130   1.2490   1.5210   1.7550   2.0990   2.3400   2.5660   2.8270   3.2260   3.5060   3.7960   0.0000   0.0000   0.0000   0.0000   0.0000   0.0000   0.0000   0.0000   0.0000;
019:  0.2330   0.5680   0.7970   1.0120   1.2490   1.5210   1.7560   2.0990   2.3410   2.5680   2.8290   3.2290   3.5070   3.7990   0.0000   0.0000   0.0000   0.0000   0.0000   0.0000   0.0000   0.0000   0.0000;
020:  0.2320   0.5670   0.7960   1.0120   1.2490   1.5220   1.7560   2.0990   2.3420   2.5700   2.8300   3.2310   3.5080   3.8010   0.0000   0.0000   0.0000   0.0000   0.0000   0.0000   0.0000   0.0000   0.0000;
021:  0.2320   0.5670   0.7960   1.0120   1.2490   1.5220   1.7570   2.0990   2.3430   2.5730   2.8320   3.2330   3.5090   3.8040   0.0000   0.0000   0.0000   0.0000   0.0000   0.0000   0.0000   0.0000   0.0000;
022:  0.2310   0.5670   0.7960   1.0120   1.2490   1.5220   1.7570   2.0990   2.3440   2.5750   2.8340   3.2350   3.5100   3.8050   0.0000   0.0000   0.0000   0.0000   0.0000   0.0000   0.0000   0.0000   0.0000;
023:  0.2310   0.5670   0.7960   1.0120   1.2490   1.5220   1.7580   2.0990   2.3460   2.5770   2.8360   3.2370   3.5100   3.8070   0.0000   0.0000   0.0000   0.0000   0.0000   0.0000   0.0000   0.0000   0.0000;
024:  0.2310   0.5660   0.7960   1.0120   1.2490   1.5220   1.7580   2.0990   2.3470   2.5790   2.8380   3.2380   3.5100   3.8090   0.0000   0.0000   0.0000   0.0000   0.0000   0.0000   0.0000   0.0000   0.0000;
025:  0.2310   0.5660   0.7960   1.0110   1.2480   1.5220   1.7590   2.0990   2.3490   2.5820   2.8400   3.2400   3.5100   3.8100   0.0000   0.0000   0.0000   0.0000   0.0000   0.0000   0.0000   0.0000   0.0000;
026:  0.2300   0.5660   0.7960   1.0110   1.2480   1.5220   1.7590   2.0990   2.3500   2.5840   2.8420   3.2410   3.5090   3.8110   0.0000   0.0000   0.0000   0.0000   0.0000   0.0000   0.0000   0.0000   0.0000;
027:  0.2300   0.5660   0.7960   1.0110   1.2480   1.5220   1.7590   2.1000   2.3510   2.5860   2.8440   3.2420   3.5090   3.8120   0.0000   0.0000   0.0000   0.0000   0.0000   0.0000   0.0000   0.0000   0.0000;
028:  0.2290   0.5650   0.7960   1.0110   1.2480   1.5220   1.7600   2.1000   2.3530   2.5880   2.8460   3.2430   3.5070   0.0000   0.0000   0.0000   0.0000   0.0000   0.0000   0.0000   0.0000   0.0000   0.0000;
029:  0.2290   0.5650   0.7960   1.0100   1.2470   1.5220   1.7600   2.1010   2.3540   2.5910   2.8480   3.2440   3.5060   0.0000   0.0000   0.0000   0.0000   0.0000   0.0000   0.0000   0.0000   0.0000   0.0000;
030:  0.2290   0.5650   0.7950   1.0100   1.2470   1.5220   1.7600   2.1020   2.3560   2.5930   2.8500   3.2440   3.5050   0.0000   0.0000   0.0000   0.0000   0.0000   0.0000   0.0000   0.0000   0.0000   0.0000;
031:  0.2280   0.5640   0.7950   1.0100   1.2470   1.5230   1.7610   2.1030   2.3570   2.5950   2.8520   3.2440   3.5040   0.0000   0.0000   0.0000   0.0000   0.0000   0.0000   0.0000   0.0000   0.0000   0.0000;
032:  0.2280   0.5640   0.7950   1.0090   1.2470   1.5230   1.7610   2.1040   2.3580   2.5970   2.8540   3.2440   3.5020   0.0000   0.0000   0.0000   0.0000   0.0000   0.0000   0.0000   0.0000   0.0000   0.0000;
033:  0.2270   0.5640   0.7950   1.0090   1.2460   1.5230   1.7620   2.1050   2.3600   2.5990   2.8550   3.2440   3.5000   0.0000   0.0000   0.0000   0.0000   0.0000   0.0000   0.0000   0.0000   0.0000   0.0000;
034:  0.2270   0.5640   0.7950   1.0090   1.2460   1.5230   1.7620   2.1060   2.3610   2.6010   2.8570   3.2440   3.4980   0.0000   0.0000   0.0000   0.0000   0.0000   0.0000   0.0000   0.0000   0.0000   0.0000;
035:  0.2270   0.5640   0.7940   1.0080   1.2460   1.5230   1.7620   2.1070   2.3620   2.6030   2.8580   3.2440   0.0000   0.0000   0.0000   0.0000   0.0000   0.0000   0.0000   0.0000   0.0000   0.0000   0.0000;
036:  0.2270   0.5630   0.7940   1.0080   1.2450   1.5230   1.7620   2.1090   2.3630   2.6050   2.8600   3.2440   0.0000   0.0000   0.0000   0.0000   0.0000   0.0000   0.0000   0.0000   0.0000   0.0000   0.0000;
037:  0.2260   0.5630   0.7940   1.0080   1.2450   1.5230   1.7630   2.1100   2.3640   2.6070   2.8610   0.0000   0.0000   0.0000   0.0000   0.0000   0.0000   0.0000   0.0000   0.0000   0.0000   0.0000   0.0000;
038:  0.2260   0.5630   0.7940   1.0070   1.2450   1.5230   1.7630   2.1110   2.3650   2.6080   2.8620   0.0000   0.0000   0.0000   0.0000   0.0000   0.0000   0.0000   0.0000   0.0000   0.0000   0.0000   0.0000;
039:  0.2260   0.5620   0.7930   1.0070   1.2440   1.5240   1.7630   2.1130   2.3650   2.6100   2.8630   0.0000   0.0000   0.0000   0.0000   0.0000   0.0000   0.0000   0.0000   0.0000   0.0000   0.0000   0.0000;
040:  0.2250   0.5620   0.7930   1.0070   1.2440   1.5240   1.7640   2.1150   2.3650   2.6110   2.8640   0.0000   0.0000   0.0000   0.0000   0.0000   0.0000   0.0000   0.0000   0.0000   0.0000   0.0000   0.0000;
041:  0.2250   0.5620   0.7930   1.0070   1.2440   1.5240   1.7640   2.1160   2.3660   2.6130   2.8650   0.0000   0.0000   0.0000   0.0000   0.0000   0.0000   0.0000   0.0000   0.0000   0.0000   0.0000   0.0000;
042:  0.2250   0.5620   0.7930   1.0060   1.2430   1.5240   1.7650   2.1180   2.3660   2.6140   2.8650   0.0000   0.0000   0.0000   0.0000   0.0000   0.0000   0.0000   0.0000   0.0000   0.0000   0.0000   0.0000;
043:  0.2250   0.5620   0.7930   1.0060   1.2430   1.5240   1.7650   2.1190   2.3660   2.6150   2.8650   0.0000   0.0000   0.0000   0.0000   0.0000   0.0000   0.0000   0.0000   0.0000   0.0000   0.0000   0.0000;
044:  0.2250   0.5620   0.7930   1.0060   1.2430   1.5240   1.7650   2.1210   2.3650   2.6160   2.8660   0.0000   0.0000   0.0000   0.0000   0.0000   0.0000   0.0000   0.0000   0.0000   0.0000   0.0000   0.0000;
045:  0.2240   0.5620   0.7920   1.0060   1.2420   1.5240   1.7660   2.1220   2.3650   2.6170   2.8660   0.0000   0.0000   0.0000   0.0000   0.0000   0.0000   0.0000   0.0000   0.0000   0.0000   0.0000   0.0000;
046:  0.2240   0.5620   0.7920   1.0060   1.2420   1.5240   1.7670   2.1230   2.3640   0.0000   0.0000   0.0000   0.0000   0.0000   0.0000   0.0000   0.0000   0.0000   0.0000   0.0000   0.0000   0.0000   0.0000;
047:  0.2240   0.5610   0.7920   1.0060   1.2420   1.5250   1.7670   2.1240   2.3640   0.0000   0.0000   0.0000   0.0000   0.0000   0.0000   0.0000   0.0000   0.0000   0.0000   0.0000   0.0000   0.0000   0.0000;
048:  0.2240   0.5610   0.7920   1.0060   1.2420   1.5250   1.7680   2.1250   2.3620   0.0000   0.0000   0.0000   0.0000   0.0000   0.0000   0.0000   0.0000   0.0000   0.0000   0.0000   0.0000   0.0000   0.0000;
049:  0.2240   0.5610   0.7920   1.0060   1.2420   1.5250   1.7690   2.1260   2.3610   0.0000   0.0000   0.0000   0.0000   0.0000   0.0000   0.0000   0.0000   0.0000   0.0000   0.0000   0.0000   0.0000   0.0000;
050:  0.2240   0.5610   0.7920   1.0060   1.2420   1.5250   1.7700   2.1270   2.3600   0.0000   0.0000   0.0000   0.0000   0.0000   0.0000   0.0000   0.0000   0.0000   0.0000   0.0000   0.0000   0.0000   0.0000;
051:  0.2240   0.5610   0.7920   1.0060   1.2420   1.5250   1.7700   2.1280   2.3580   0.0000   0.0000   0.0000   0.0000   0.0000   0.0000   0.0000   0.0000   0.0000   0.0000   0.0000   0.0000   0.0000   0.0000;
052:  0.2240   0.5610   0.7910   1.0060   1.2420   1.5250   1.7710   2.1280   2.3560   0.0000   0.0000   0.0000   0.0000   0.0000   0.0000   0.0000   0.0000   0.0000   0.0000   0.0000   0.0000   0.0000   0.0000;
053:  0.2240   0.5610   0.7910   1.0060   1.2420   1.5260   1.7720   2.1280   2.3550   0.0000   0.0000   0.0000   0.0000   0.0000   0.0000   0.0000   0.0000   0.0000   0.0000   0.0000   0.0000   0.0000   0.0000;
054:  0.2240   0.5610   0.7910   1.0060   1.2420   1.5260   1.7730   2.1280   2.3530   0.0000   0.0000   0.0000   0.0000   0.0000   0.0000   0.0000   0.0000   0.0000   0.0000   0.0000   0.0000   0.0000   0.0000;
055:  0.2240   0.5610   0.7910   1.0060   1.2420   1.5260   1.7740   2.1280   2.3510   0.0000   0.0000   0.0000   0.0000   0.0000   0.0000   0.0000   0.0000   0.0000   0.0000   0.0000   0.0000   0.0000   0.0000;
056:  0.2240   0.5610   0.7910   1.0070   1.2420   1.5260   1.7750   2.1280   2.3490   0.0000   0.0000   0.0000   0.0000   0.0000   0.0000   0.0000   0.0000   0.0000   0.0000   0.0000   0.0000   0.0000   0.0000;
057:  0.2240   0.5610   0.7910   1.0070   1.2420   1.5260   1.7760   2.1270   2.3460   0.0000   0.0000   0.0000   0.0000   0.0000   0.0000   0.0000   0.0000   0.0000   0.0000   0.0000   0.0000   0.0000   0.0000;
058:  0.2240   0.5610   0.7910   1.0070   1.2420   1.5270   1.7780   2.1270   2.3440   0.0000   0.0000   0.0000   0.0000   0.0000   0.0000   0.0000   0.0000   0.0000   0.0000   0.0000   0.0000   0.0000   0.0000;
059:  0.2240   0.5610   0.7910   1.0070   1.2430   1.5270   1.7790   2.1260   2.3420   0.0000   0.0000   0.0000   0.0000   0.0000   0.0000   0.0000   0.0000   0.0000   0.0000   0.0000   0.0000   0.0000   0.0000;
060:  0.2240   0.5620   0.7910   1.0070   1.2430   1.5270   1.7800   2.1250   2.3390   0.0000   0.0000   0.0000   0.0000   0.0000   0.0000   0.0000   0.0000   0.0000   0.0000   0.0000   0.0000   0.0000   0.0000;
061:  0.2240   0.5620   0.7910   1.0080   1.2430   1.5270   1.7810   2.1240   2.3370   0.0000   0.0000   0.0000   0.0000   0.0000   0.0000   0.0000   0.0000   0.0000   0.0000   0.0000   0.0000   0.0000   0.0000;
062:  0.2240   0.5620   0.7910   1.0080   1.2440   1.5270   1.7820   2.1220   2.3350   0.0000   0.0000   0.0000   0.0000   0.0000   0.0000   0.0000   0.0000   0.0000   0.0000   0.0000   0.0000   0.0000   0.0000;
063:  0.2240   0.5620   0.7920   1.0080   1.2440   1.5280   1.7830   2.1200   2.3330   0.0000   0.0000   0.0000   0.0000   0.0000   0.0000   0.0000   0.0000   0.0000   0.0000   0.0000   0.0000   0.0000   0.0000;
064:  0.2240   0.5620   0.7920   1.0080   1.2450   1.5280   1.7840   2.1190   2.3310   0.0000   0.0000   0.0000   0.0000   0.0000   0.0000   0.0000   0.0000   0.0000   0.0000   0.0000   0.0000   0.0000   0.0000;
065:  0.2240   0.5620   0.7920   1.0090   1.2450   1.5280   1.7840   2.1170   2.3290   0.0000   0.0000   0.0000   0.0000   0.0000   0.0000   0.0000   0.0000   0.0000   0.0000   0.0000   0.0000   0.0000   0.0000;
066:  0.2230   0.5620   0.7920   1.0090   1.2460   1.5290   1.7850   2.1150   2.3270   0.0000   0.0000   0.0000   0.0000   0.0000   0.0000   0.0000   0.0000   0.0000   0.0000   0.0000   0.0000   0.0000   0.0000;
067:  0.2230   0.5620   0.7920   1.0090   1.2460   1.5290   1.7850   2.1130   2.3250   0.0000   0.0000   0.0000   0.0000   0.0000   0.0000   0.0000   0.0000   0.0000   0.0000   0.0000   0.0000   0.0000   0.0000;
068:  0.2230   0.5620   0.7920   1.0090   1.2470   1.5290   1.7860   2.1110   2.3230   0.0000   0.0000   0.0000   0.0000   0.0000   0.0000   0.0000   0.0000   0.0000   0.0000   0.0000   0.0000   0.0000   0.0000;
069:  0.2230   0.5620   0.7920   1.0100   1.2470   1.5290   1.7860   2.1090   2.3210   0.0000   0.0000   0.0000   0.0000   0.0000   0.0000   0.0000   0.0000   0.0000   0.0000   0.0000   0.0000   0.0000   0.0000;
070:  0.2220   0.5620   0.7920   1.0100   1.2480   1.5300   1.7860   2.1070   2.3200   0.0000   0.0000   0.0000   0.0000   0.0000   0.0000   0.0000   0.0000   0.0000   0.0000   0.0000   0.0000   0.0000   0.0000;
071:  0.2220   0.5620   0.7920   1.0100   1.2490   1.5300   1.7860   2.1050   2.3190   0.0000   0.0000   0.0000   0.0000   0.0000   0.0000   0.0000   0.0000   0.0000   0.0000   0.0000   0.0000   0.0000   0.0000;
072:  0.2220   0.5620   0.7920   1.0100   1.2490   1.5310   1.7860   2.1030   2.3180   0.0000   0.0000   0.0000   0.0000   0.0000   0.0000   0.0000   0.0000   0.0000   0.0000   0.0000   0.0000   0.0000   0.0000;
073:  0.2220   0.5620   0.7930   1.0100   1.2500   1.5310   1.7860   2.1010   2.3170   0.0000   0.0000   0.0000   0.0000   0.0000   0.0000   0.0000   0.0000   0.0000   0.0000   0.0000   0.0000   0.0000   0.0000;
074:  0.2210   0.5620   0.7930   1.0100   1.2500   1.5310   1.7850   2.0990   2.3160   0.0000   0.0000   0.0000   0.0000   0.0000   0.0000   0.0000   0.0000   0.0000   0.0000   0.0000   0.0000   0.0000   0.0000;
075:  0.2210   0.5620   0.7930   1.0110   1.2510   1.5310   1.7850   2.0970   2.3150   0.0000   0.0000   0.0000   0.0000   0.0000   0.0000   0.0000   0.0000   0.0000   0.0000   0.0000   0.0000   0.0000   0.0000;
076:  0.2200   0.5620   0.7930   1.0110   1.2510   1.5320   1.7840   2.0950   2.3150   0.0000   0.0000   0.0000   0.0000   0.0000   0.0000   0.0000   0.0000   0.0000   0.0000   0.0000   0.0000   0.0000   0.0000;
077:  0.2200   0.5620   0.7930   1.0110   1.2520   1.5320   1.7830   2.0940   2.3150   0.0000   0.0000   0.0000   0.0000   0.0000   0.0000   0.0000   0.0000   0.0000   0.0000   0.0000   0.0000   0.0000   0.0000;
078:  0.2200   0.5620   0.7930   1.0110   1.2520   1.5320   1.7810   2.0920   2.3150   0.0000   0.0000   0.0000   0.0000   0.0000   0.0000   0.0000   0.0000   0.0000   0.0000   0.0000   0.0000   0.0000   0.0000;
079:  0.2190   0.5630   0.7930   1.0110   1.2530   1.5330   1.7800   2.0910   2.3150   0.0000   0.0000   0.0000   0.0000   0.0000   0.0000   0.0000   0.0000   0.0000   0.0000   0.0000   0.0000   0.0000   0.0000;
080:  0.2190   0.5630   0.7930   1.0110   1.2530   1.5330   1.7780   2.0900   2.3150   0.0000   0.0000   0.0000   0.0000   0.0000   0.0000   0.0000   0.0000   0.0000   0.0000   0.0000   0.0000   0.0000   0.0000;
081:  0.2190   0.5630   0.7930   1.0110   1.2530   1.5330   1.7760   2.0890   2.3150   0.0000   0.0000   0.0000   0.0000   0.0000   0.0000   0.0000   0.0000   0.0000   0.0000   0.0000   0.0000   0.0000   0.0000;
082:  0.2180   0.5630   0.7930   1.0110   1.2530   1.5330   1.7740   2.0880   2.3150   0.0000   0.0000   0.0000   0.0000   0.0000   0.0000   0.0000   0.0000   0.0000   0.0000   0.0000   0.0000   0.0000   0.0000;
083:  0.2180   0.5630   0.7930   1.0110   1.2540   1.5330   1.7720   2.0870   2.3160   0.0000   0.0000   0.0000   0.0000   0.0000   0.0000   0.0000   0.0000   0.0000   0.0000   0.0000   0.0000   0.0000   0.0000;
084:  0.2180   0.5630   0.7940   1.0110   1.2540   1.5340   1.7700   2.0870   2.3160   0.0000   0.0000   0.0000   0.0000   0.0000   0.0000   0.0000   0.0000   0.0000   0.0000   0.0000   0.0000   0.0000   0.0000;
085:  0.2170   0.5630   0.7940   1.0110   1.2540   1.5340   1.7680   2.0860   2.3170   0.0000   0.0000   0.0000   0.0000   0.0000   0.0000   0.0000   0.0000   0.0000   0.0000   0.0000   0.0000   0.0000   0.0000;
086:  0.2170   0.5630   0.7940   1.0110   1.2540   1.5340   1.7650   2.0860   2.3180   0.0000   0.0000   0.0000   0.0000   0.0000   0.0000   0.0000   0.0000   0.0000   0.0000   0.0000   0.0000   0.0000   0.0000;
087:  0.2170   0.5630   0.7940   1.0110   1.2550   1.5340   1.7630   2.0860   2.3190   0.0000   0.0000   0.0000   0.0000   0.0000   0.0000   0.0000   0.0000   0.0000   0.0000   0.0000   0.0000   0.0000   0.0000;
088:  0.2160   0.5630   0.7940   1.0110   1.2550   1.5340   1.7600   2.0860   2.3190   0.0000   0.0000   0.0000   0.0000   0.0000   0.0000   0.0000   0.0000   0.0000   0.0000   0.0000   0.0000   0.0000   0.0000;
089:  0.2160   0.5630   0.7940   1.0110   1.2550   1.5340   1.7570   2.0860   2.3200   0.0000   0.0000   0.0000   0.0000   0.0000   0.0000   0.0000   0.0000   0.0000   0.0000   0.0000   0.0000   0.0000   0.0000;
090:  0.2160   0.5630   0.7940   1.0120   1.2550   1.5340   1.7550   2.0860   2.3210   0.0000   0.0000   0.0000   0.0000   0.0000   0.0000   0.0000   0.0000   0.0000   0.0000   0.0000   0.0000   0.0000   0.0000;
091:  0.2160   0.5630   0.7940   1.0120   1.2550   1.5340   1.7520   2.0870   2.3220   0.0000   0.0000   0.0000   0.0000   0.0000   0.0000   0.0000   0.0000   0.0000   0.0000   0.0000   0.0000   0.0000   0.0000;
092:  0.2160   0.5630   0.7950   1.0120   1.2550   1.5340   1.7490   2.0870   2.3230   0.0000   0.0000   0.0000   0.0000   0.0000   0.0000   0.0000   0.0000   0.0000   0.0000   0.0000   0.0000   0.0000   0.0000;
093:  0.2160   0.5630   0.7950   1.0120   1.2550   1.5340   1.7470   2.0870   2.3230   0.0000   0.0000   0.0000   0.0000   0.0000   0.0000   0.0000   0.0000   0.0000   0.0000   0.0000   0.0000   0.0000   0.0000;
094:  0.2160   0.5630   0.7950   1.0120   1.2550   1.5340   1.7440   2.0880   2.3240   0.0000   0.0000   0.0000   0.0000   0.0000   0.0000   0.0000   0.0000   0.0000   0.0000   0.0000   0.0000   0.0000   0.0000;
095:  0.2160   0.5630   0.7950   1.0120   1.2550   1.5340   1.7420   2.0880   2.3250   0.0000   0.0000   0.0000   0.0000   0.0000   0.0000   0.0000   0.0000   0.0000   0.0000   0.0000   0.0000   0.0000   0.0000;
096:  0.2160   0.5630   0.7950   1.0120   1.2550   1.5340   1.7390   2.0890   2.3250   0.0000   0.0000   0.0000   0.0000   0.0000   0.0000   0.0000   0.0000   0.0000   0.0000   0.0000   0.0000   0.0000   0.0000;
097:  0.2160   0.5630   0.7950   1.0120   1.2550   1.5330   1.7370   2.0890   2.3260   0.0000   0.0000   0.0000   0.0000   0.0000   0.0000   0.0000   0.0000   0.0000   0.0000   0.0000   0.0000   0.0000   0.0000;
098:  0.2160   0.5630   0.7950   1.0130   1.2540   1.5330   1.7350   2.0900   2.3260   0.0000   0.0000   0.0000   0.0000   0.0000   0.0000   0.0000   0.0000   0.0000   0.0000   0.0000   0.0000   0.0000   0.0000;
099:  0.2160   0.5630   0.7950   1.0130   1.2540   1.5330   1.7330   2.0910   2.3270   0.0000   0.0000   0.0000   0.0000   0.0000   0.0000   0.0000   0.0000   0.0000   0.0000   0.0000   0.0000   0.0000   0.0000;
100:  0.2160   0.5630   0.7950   1.0130   1.2540   1.5330   1.7320   2.0910   2.3270   0.0000   0.0000   0.0000   0.0000   0.0000   0.0000   0.0000   0.0000   0.0000   0.0000   0.0000   0.0000   0.0000   0.0000;
101:  0.2160   0.5630   0.7960   1.0130   1.2540   1.5330   1.7300   2.0910   2.3270   0.0000   0.0000   0.0000   0.0000   0.0000   0.0000   0.0000   0.0000   0.0000   0.0000   0.0000   0.0000   0.0000   0.0000;
102:  0.2160   0.5630   0.7960   1.0130   1.2540   1.5330   1.7290   2.0920   2.3270   0.0000   0.0000   0.0000   0.0000   0.0000   0.0000   0.0000   0.0000   0.0000   0.0000   0.0000   0.0000   0.0000   0.0000;
103:  0.2160   0.5630   0.7960   1.0130   1.2540   1.5320   1.7280   2.0920   2.3270   0.0000   0.0000   0.0000   0.0000   0.0000   0.0000   0.0000   0.0000   0.0000   0.0000   0.0000   0.0000   0.0000   0.0000;
104:  0.2160   0.5630   0.7960   1.0140   1.2540   1.5320   1.7270   2.0920   2.3270   0.0000   0.0000   0.0000   0.0000   0.0000   0.0000   0.0000   0.0000   0.0000   0.0000   0.0000   0.0000   0.0000   0.0000;
105:  0.2160   0.5630   0.7960   1.0140   1.2540   1.5320   1.7260   2.0920   2.3270   0.0000   0.0000   0.0000   0.0000   0.0000   0.0000   0.0000   0.0000   0.0000   0.0000   0.0000   0.0000   0.0000   0.0000;
106:  0.2160   0.5620   0.7960   1.0140   1.2540   1.5320   1.7260   2.0920   2.3270   0.0000   0.0000   0.0000   0.0000   0.0000   0.0000   0.0000   0.0000   0.0000   0.0000   0.0000   0.0000   0.0000   0.0000;
107:  0.2160   0.5620   0.7960   1.0140   1.2530   1.5320   1.7250   2.0920   2.3270   0.0000   0.0000   0.0000   0.0000   0.0000   0.0000   0.0000   0.0000   0.0000   0.0000   0.0000   0.0000   0.0000   0.0000;
108:  0.2160   0.5620   0.7960   1.0140   1.2530   1.5310   1.7250   2.0920   2.3270   0.0000   0.0000   0.0000   0.0000   0.0000   0.0000   0.0000   0.0000   0.0000   0.0000   0.0000   0.0000   0.0000   0.0000;
109:  0.2160   0.5620   0.7970   1.0150   1.2530   1.5310   1.7260   2.0920   2.3270   0.0000   0.0000   0.0000   0.0000   0.0000   0.0000   0.0000   0.0000   0.0000   0.0000   0.0000   0.0000   0.0000   0.0000;
110:  0.2160   0.5620   0.7970   1.0150   1.2530   1.5310   1.7260   2.0920   2.3270   0.0000   0.0000   0.0000   0.0000   0.0000   0.0000   0.0000   0.0000   0.0000   0.0000   0.0000   0.0000   0.0000   0.0000;
111:  0.2160   0.5620   0.7970   1.0150   1.2530   1.5310   1.7270   2.0910   2.3270   0.0000   0.0000   0.0000   0.0000   0.0000   0.0000   0.0000   0.0000   0.0000   0.0000   0.0000   0.0000   0.0000   0.0000;
112:  0.2160   0.5620   0.7970   1.0150   1.2530   1.5310   1.7280   2.0910   2.3260   0.0000   0.0000   0.0000   0.0000   0.0000   0.0000   0.0000   0.0000   0.0000   0.0000   0.0000   0.0000   0.0000   0.0000;
113:  0.2160   0.5620   0.7970   1.0150   1.2530   1.5310   1.7290   2.0910   2.3260   0.0000   0.0000   0.0000   0.0000   0.0000   0.0000   0.0000   0.0000   0.0000   0.0000   0.0000   0.0000   0.0000   0.0000;
114:  0.2160   0.5620   0.7970   1.0150   1.2530   1.5310   1.7300   2.0900   2.3260   0.0000   0.0000   0.0000   0.0000   0.0000   0.0000   0.0000   0.0000   0.0000   0.0000   0.0000   0.0000   0.0000   0.0000;
115:  0.2160   0.5610   0.7970   1.0150   1.2530   1.5310   1.7310   2.0900   2.3260   0.0000   0.0000   0.0000   0.0000   0.0000   0.0000   0.0000   0.0000   0.0000   0.0000   0.0000   0.0000   0.0000   0.0000;
116:  0.2160   0.5610   0.7980   1.0150   1.2540   1.5310   1.7330   2.0890   2.3260   0.0000   0.0000   0.0000   0.0000   0.0000   0.0000   0.0000   0.0000   0.0000   0.0000   0.0000   0.0000   0.0000   0.0000;
117:  0.2160   0.5610   0.7980   1.0160   1.2540   1.5310   1.7340   2.0890   2.3260   0.0000   0.0000   0.0000   0.0000   0.0000   0.0000   0.0000   0.0000   0.0000   0.0000   0.0000   0.0000   0.0000   0.0000;
118:  0.2160   0.5610   0.7980   1.0160   1.2540   1.5310   1.7360   2.0880   2.3260   0.0000   0.0000   0.0000   0.0000   0.0000   0.0000   0.0000   0.0000   0.0000   0.0000   0.0000   0.0000   0.0000   0.0000;
119:  0.2160   0.5610   0.7980   1.0160   1.2540   1.5310   1.7380   2.0880   2.3260   0.0000   0.0000   0.0000   0.0000   0.0000   0.0000   0.0000   0.0000   0.0000   0.0000   0.0000   0.0000   0.0000   0.0000;
120:  0.2160   0.5610   0.7980   1.0160   1.2540   1.5310   1.7390   2.0880   2.3260   0.0000   0.0000   0.0000   0.0000   0.0000   0.0000   0.0000   0.0000   0.0000   0.0000   0.0000   0.0000   0.0000   0.0000;
121:  0.2160   0.5610   0.7980   1.0160   1.2540   1.5310   1.7410   2.0870   2.3260   0.0000   0.0000   0.0000   0.0000   0.0000   0.0000   0.0000   0.0000   0.0000   0.0000   0.0000   0.0000   0.0000   0.0000;
122:  0.2150   0.5610   0.7980   1.0160   1.2540   1.5310   1.7430   2.0870   2.3270   0.0000   0.0000   0.0000   0.0000   0.0000   0.0000   0.0000   0.0000   0.0000   0.0000   0.0000   0.0000   0.0000   0.0000;
123:  0.2150   0.5610   0.7980   1.0160   1.2550   1.5310   1.7450   2.0870   2.3270   0.0000   0.0000   0.0000   0.0000   0.0000   0.0000   0.0000   0.0000   0.0000   0.0000   0.0000   0.0000   0.0000   0.0000;
124:  0.2150   0.5610   0.7980   1.0160   1.2550   1.5310   1.7470   2.0870   2.3270   0.0000   0.0000   0.0000   0.0000   0.0000   0.0000   0.0000   0.0000   0.0000   0.0000   0.0000   0.0000   0.0000   0.0000;
125:  0.2150   0.5610   0.7980   1.0160   1.2550   1.5310   1.7480   2.0870   2.3270   0.0000   0.0000   0.0000   0.0000   0.0000   0.0000   0.0000   0.0000   0.0000   0.0000   0.0000   0.0000   0.0000   0.0000;
126:  0.2150   0.5610   0.7980   1.0160   1.2550   1.5310   1.7500   2.0870   2.3280   0.0000   0.0000   0.0000   0.0000   0.0000   0.0000   0.0000   0.0000   0.0000   0.0000   0.0000   0.0000   0.0000   0.0000;
127:  0.2150   0.5620   0.7980   1.0170   1.2550   1.5310   1.7520   2.0870   2.3290   0.0000   0.0000   0.0000   0.0000   0.0000   0.0000   0.0000   0.0000   0.0000   0.0000   0.0000   0.0000   0.0000   0.0000;
128:  0.2150   0.5620   0.7980   1.0170   1.2550   1.5310   1.7530   2.0870   2.3290   0.0000   0.0000   0.0000   0.0000   0.0000   0.0000   0.0000   0.0000   0.0000   0.0000   0.0000   0.0000   0.0000   0.0000;
129:  0.2150   0.5620   0.7980   1.0170   1.2550   1.5310   1.7550   2.0870   2.3290   0.0000   0.0000   0.0000   0.0000   0.0000   0.0000   0.0000   0.0000   0.0000   0.0000   0.0000   0.0000   0.0000   0.0000;
130:  0.2150   0.5620   0.7990   1.0170   1.2560   1.5310   1.7560   2.0880   2.3300   0.0000   0.0000   0.0000   0.0000   0.0000   0.0000   0.0000   0.0000   0.0000   0.0000   0.0000   0.0000   0.0000   0.0000;
131:  0.2150   0.5620   0.7990   1.0170   1.2560   1.5310   1.7570   2.0890   2.3310   0.0000   0.0000   0.0000   0.0000   0.0000   0.0000   0.0000   0.0000   0.0000   0.0000   0.0000   0.0000   0.0000   0.0000;
132:  0.2150   0.5630   0.7990   1.0180   1.2560   1.5310   1.7580   2.0890   2.3310   0.0000   0.0000   0.0000   0.0000   0.0000   0.0000   0.0000   0.0000   0.0000   0.0000   0.0000   0.0000   0.0000   0.0000;
133:  0.2150   0.5630   0.7990   1.0180   1.2560   1.5310   1.7590   2.0900   2.3320   0.0000   0.0000   0.0000   0.0000   0.0000   0.0000   0.0000   0.0000   0.0000   0.0000   0.0000   0.0000   0.0000   0.0000;
134:  0.2150   0.5630   0.7990   1.0180   1.2560   1.5300   1.7600   2.0910   2.3320   0.0000   0.0000   0.0000   0.0000   0.0000   0.0000   0.0000   0.0000   0.0000   0.0000   0.0000   0.0000   0.0000   0.0000;
135:  0.2150   0.5640   0.7990   1.0180   1.2560   1.5300   1.7610   2.0920   2.3330   0.0000   0.0000   0.0000   0.0000   0.0000   0.0000   0.0000   0.0000   0.0000   0.0000   0.0000   0.0000   0.0000   0.0000;
136:  0.2150   0.5640   0.7990   1.0190   1.2560   1.5300   1.7620   2.0930   2.3330   0.0000   0.0000   0.0000   0.0000   0.0000   0.0000   0.0000   0.0000   0.0000   0.0000   0.0000   0.0000   0.0000   0.0000;
137:  0.2150   0.5640   0.8000   1.0190   1.2570   1.5290   1.7620   2.0940   2.3340   0.0000   0.0000   0.0000   0.0000   0.0000   0.0000   0.0000   0.0000   0.0000   0.0000   0.0000   0.0000   0.0000   0.0000;
138:  0.2150   0.5650   0.8000   1.0190   1.2570   1.5290   1.7620   2.0950   2.3340   0.0000   0.0000   0.0000   0.0000   0.0000   0.0000   0.0000   0.0000   0.0000   0.0000   0.0000   0.0000   0.0000   0.0000;
139:  0.2150   0.5650   0.8000   1.0200   1.2570   1.5290   1.7630   2.0960   2.3350   0.0000   0.0000   0.0000   0.0000   0.0000   0.0000   0.0000   0.0000   0.0000   0.0000   0.0000   0.0000   0.0000   0.0000;
140:  0.2150   0.5650   0.8000   1.0200   1.2570   1.5280   1.7630   2.0970   2.3350   0.0000   0.0000   0.0000   0.0000   0.0000   0.0000   0.0000   0.0000   0.0000   0.0000   0.0000   0.0000   0.0000   0.0000;
141:  0.2150   0.5660   0.8000   1.0200   1.2570   1.5280   1.7630   2.0980   2.3350   0.0000   0.0000   0.0000   0.0000   0.0000   0.0000   0.0000   0.0000   0.0000   0.0000   0.0000   0.0000   0.0000   0.0000;
142:  0.2150   0.5660   0.8000   1.0210   1.2570   1.5280   1.7630   2.1000   2.3350   0.0000   0.0000   0.0000   0.0000   0.0000   0.0000   0.0000   0.0000   0.0000   0.0000   0.0000   0.0000   0.0000   0.0000;
143:  0.2150   0.5670   0.8000   1.0210   1.2580   1.5270   1.7630   2.1010   2.3350   0.0000   0.0000   0.0000   0.0000   0.0000   0.0000   0.0000   0.0000   0.0000   0.0000   0.0000   0.0000   0.0000   0.0000;
144:  0.2150   0.5670   0.8010   1.0220   1.2580   1.5270   1.7620   2.1020   2.3360   0.0000   0.0000   0.0000   0.0000   0.0000   0.0000   0.0000   0.0000   0.0000   0.0000   0.0000   0.0000   0.0000   0.0000;
145:  0.2160   0.5670   0.8010   1.0220   1.2580   1.5260   1.7620   2.1030   2.3360   0.0000   0.0000   0.0000   0.0000   0.0000   0.0000   0.0000   0.0000   0.0000   0.0000   0.0000   0.0000   0.0000   0.0000;
146:  0.2160   0.5670   0.8010   1.0230   1.2580   1.5260   1.7620   2.1040   2.3350   0.0000   0.0000   0.0000   0.0000   0.0000   0.0000   0.0000   0.0000   0.0000   0.0000   0.0000   0.0000   0.0000   0.0000;
147:  0.2160   0.5680   0.8010   1.0230   1.2580   1.5250   1.7610   2.1050   2.3350   0.0000   0.0000   0.0000   0.0000   0.0000   0.0000   0.0000   0.0000   0.0000   0.0000   0.0000   0.0000   0.0000   0.0000;
148:  0.2160   0.5680   0.8020   1.0240   1.2580   1.5250   1.7610   2.1060   2.3350   0.0000   0.0000   0.0000   0.0000   0.0000   0.0000   0.0000   0.0000   0.0000   0.0000   0.0000   0.0000   0.0000   0.0000;
149:  0.2160   0.5680   0.8020   1.0240   1.2580   1.5240   1.7600   2.1070   2.3350   0.0000   0.0000   0.0000   0.0000   0.0000   0.0000   0.0000   0.0000   0.0000   0.0000   0.0000   0.0000   0.0000   0.0000;
150:  0.2160   0.5690   0.8020   1.0240   1.2580   1.5240   1.7600   2.1070   2.3350   0.0000   0.0000   0.0000   0.0000   0.0000   0.0000   0.0000   0.0000   0.0000   0.0000   0.0000   0.0000   0.0000   0.0000;
151:  0.2160   0.5690   0.8020   1.0250   1.2580   1.5240   1.7590   2.1080   2.3340   2.5560   0.0000   0.0000   0.0000   0.0000   0.0000   0.0000   0.0000   0.0000   0.0000   0.0000   0.0000   0.0000   0.0000;
152:  0.2160   0.5690   0.8020   1.0250   1.2580   1.5230   1.7590   2.1080   2.3340   2.5560   0.0000   0.0000   0.0000   0.0000   0.0000   0.0000   0.0000   0.0000   0.0000   0.0000   0.0000   0.0000   0.0000;
153:  0.2160   0.5690   0.8020   1.0250   1.2580   1.5230   1.7580   2.1090   2.3330   2.5560   0.0000   0.0000   0.0000   0.0000   0.0000   0.0000   0.0000   0.0000   0.0000   0.0000   0.0000   0.0000   0.0000;
154:  0.2160   0.5690   0.8030   1.0260   1.2580   1.5220   1.7580   2.1090   2.3330   2.5560   0.0000   0.0000   0.0000   0.0000   0.0000   0.0000   0.0000   0.0000   0.0000   0.0000   0.0000   0.0000   0.0000;
155:  0.2160   0.5690   0.8030   1.0260   1.2580   1.5220   1.7570   2.1090   2.3320   2.5550   0.0000   0.0000   0.0000   0.0000   0.0000   0.0000   0.0000   0.0000   0.0000   0.0000   0.0000   0.0000   0.0000;
156:  0.2160   0.5700   0.8030   1.0260   1.2580   1.5220   1.7570   2.1090   2.3310   2.5550   0.0000   0.0000   0.0000   0.0000   0.0000   0.0000   0.0000   0.0000   0.0000   0.0000   0.0000   0.0000   0.0000;
157:  0.2160   0.5700   0.8030   1.0260   1.2580   1.5220   1.7560   2.1090   2.3310   2.5550   0.0000   0.0000   0.0000   0.0000   0.0000   0.0000   0.0000   0.0000   0.0000   0.0000   0.0000   0.0000   0.0000;
158:  0.2160   0.5700   0.8030   1.0270   1.2580   1.5210   1.7560   2.1090   2.3300   2.5550   2.7690   0.0000   0.0000   0.0000   0.0000   0.0000   0.0000   0.0000   0.0000   0.0000   0.0000   0.0000   0.0000;
159:  0.2160   0.5700   0.8040   1.0270   1.2580   1.5210   1.7560   2.1090   2.3290   2.5550   2.7690   0.0000   0.0000   0.0000   0.0000   0.0000   0.0000   0.0000   0.0000   0.0000   0.0000   0.0000   0.0000;
160:  0.2160   0.5700   0.8040   1.0270   1.2570   1.5210   1.7550   2.1080   2.3290   2.5550   2.7690   0.0000   0.0000   0.0000   0.0000   0.0000   0.0000   0.0000   0.0000   0.0000   0.0000   0.0000   0.0000;
161:  0.2160   0.5700   0.8040   1.0270   1.2570   1.5210   1.7550   2.1080   2.3280   2.5550   2.7700   0.0000   0.0000   0.0000   0.0000   0.0000   0.0000   0.0000   0.0000   0.0000   0.0000   0.0000   0.0000;
162:  0.2160   0.5700   0.8040   1.0270   1.2570   1.5210   1.7550   2.1070   2.3270   2.5550   2.7700   0.0000   0.0000   0.0000   0.0000   0.0000   0.0000   0.0000   0.0000   0.0000   0.0000   0.0000   0.0000;
163:  0.2160   0.5690   0.8040   1.0270   1.2570   1.5210   1.7540   2.1070   2.3270   2.5540   2.7700   0.0000   0.0000   0.0000   0.0000   0.0000   0.0000   0.0000   0.0000   0.0000   0.0000   0.0000   0.0000;
164:  0.2160   0.5690   0.8040   1.0270   1.2560   1.5200   1.7540   2.1060   2.3260   2.5540   2.7710   0.0000   0.0000   0.0000   0.0000   0.0000   0.0000   0.0000   0.0000   0.0000   0.0000   0.0000   0.0000;
165:  0.2160   0.5690   0.8040   1.0270   1.2560   1.5200   1.7540   2.1050   2.3250   2.5540   2.7710   3.1260   0.0000   0.0000   0.0000   0.0000   0.0000   0.0000   0.0000   0.0000   0.0000   0.0000   0.0000;
166:  0.2160   0.5690   0.8050   1.0260   1.2560   1.5200   1.7540   2.1040   2.3250   2.5540   2.7710   3.1250   3.3640   0.0000   0.0000   0.0000   0.0000   0.0000   0.0000   0.0000   0.0000   0.0000   0.0000;
167:  0.2160   0.5690   0.8050   1.0260   1.2560   1.5200   1.7540   2.1040   2.3240   2.5530   2.7720   3.1250   3.3620   0.0000   0.0000   0.0000   0.0000   0.0000   0.0000   0.0000   0.0000   0.0000   0.0000;
168:  0.2160   0.5690   0.8050   1.0260   1.2550   1.5200   1.7540   2.1030   2.3240   2.5530   2.7720   3.1240   3.3610   0.0000   0.0000   0.0000   0.0000   0.0000   0.0000   0.0000   0.0000   0.0000   0.0000;
169:  0.2160   0.5690   0.8050   1.0260   1.2550   1.5200   1.7530   2.1020   2.3230   2.5530   2.7720   3.1230   3.3590   0.0000   0.0000   0.0000   0.0000   0.0000   0.0000   0.0000   0.0000   0.0000   0.0000;
170:  0.2160   0.5690   0.8050   1.0260   1.2550   1.5210   1.7530   2.1010   2.3220   2.5520   2.7730   3.1230   3.3580   0.0000   0.0000   0.0000   0.0000   0.0000   0.0000   0.0000   0.0000   0.0000   0.0000;
171:  0.2160   0.5690   0.8050   1.0250   1.2550   1.5210   1.7530   2.1000   2.3220   2.5520   2.7730   3.1220   3.3560   3.6160   0.0000   0.0000   0.0000   0.0000   0.0000   0.0000   0.0000   0.0000   0.0000;
172:  0.2160   0.5690   0.8050   1.0250   1.2540   1.5210   1.7530   2.0990   2.3210   2.5510   2.7730   3.1210   3.3550   3.6130   0.0000   0.0000   0.0000   0.0000   0.0000   0.0000   0.0000   0.0000   0.0000;
173:  0.2160   0.5690   0.8050   1.0250   1.2540   1.5210   1.7530   2.0980   2.3210   2.5510   2.7730   3.1210   3.3540   3.6110   0.0000   0.0000   0.0000   0.0000   0.0000   0.0000   0.0000   0.0000   0.0000;
174:  0.2160   0.5690   0.8050   1.0240   1.2530   1.5210   1.7530   2.0970   2.3200   2.5500   2.7730   3.1200   3.3530   3.6090   3.8540   0.0000   0.0000   0.0000   0.0000   0.0000   0.0000   0.0000   0.0000;
175:  0.2160   0.5690   0.8050   1.0240   1.2530   1.5210   1.7530   2.0960   2.3200   2.5500   2.7730   3.1190   3.3520   3.6060   3.8520   0.0000   0.0000   0.0000   0.0000   0.0000   0.0000   0.0000   0.0000;
176:  0.2160   0.5690   0.8050   1.0240   1.2530   1.5200   1.7530   2.0960   2.3200   2.5490   2.7730   3.1180   3.3520   3.6040   3.8500   0.0000   0.0000   0.0000   0.0000   0.0000   0.0000   0.0000   0.0000;
177:  0.2160   0.5690   0.8050   1.0240   1.2520   1.5200   1.7530   2.0950   2.3190   2.5480   2.7730   3.1180   3.3510   3.6010   3.8480   4.1150   0.0000   0.0000   0.0000   0.0000   0.0000   0.0000   0.0000;
178:  0.2160   0.5690   0.8050   1.0230   1.2520   1.5200   1.7530   2.0940   2.3190   2.5480   2.7730   3.1170   3.3500   3.5990   3.8470   4.1130   0.0000   0.0000   0.0000   0.0000   0.0000   0.0000   0.0000;
179:  0.2170   0.5690   0.8060   1.0230   1.2510   1.5200   1.7530   2.0930   2.3180   2.5470   2.7730   3.1160   3.3500   3.5970   3.8450   4.1100   4.3170   0.0000   0.0000   0.0000   0.0000   0.0000   0.0000;
180:  0.2170   0.5690   0.8060   1.0230   1.2510   1.5200   1.7520   2.0930   2.3180   2.5460   2.7730   3.1160   3.3500   3.5950   3.8430   4.1080   4.3180   0.0000   0.0000   0.0000   0.0000   0.0000   0.0000;
181:  0.2170   0.5690   0.8060   1.0220   1.2510   1.5200   1.7520   2.0920   2.3170   2.5450   2.7720   3.1150   3.3490   3.5930   3.8420   4.1050   4.3180   0.0000   0.0000   0.0000   0.0000   0.0000   0.0000;
182:  0.2180   0.5690   0.8060   1.0220   1.2500   1.5200   1.7520   2.0910   2.3170   2.5440   2.7710   3.1140   3.3490   3.5910   3.8400   4.1030   4.3180   0.0000   0.0000   0.0000   0.0000   0.0000   0.0000;
183:  0.2180   0.5690   0.8060   1.0220   1.2500   1.5190   1.7520   2.0900   2.3170   2.5440   2.7710   3.1140   3.3490   3.5890   3.8380   4.1010   4.3190   4.6130   4.8920   0.0000   0.0000   0.0000   0.0000;
184:  0.2180   0.5690   0.8060   1.0220   1.2500   1.5190   1.7510   2.0900   2.3160   2.5430   2.7700   3.1130   3.3490   3.5870   3.8360   4.0980   4.3200   4.6100   4.8890   0.0000   0.0000   0.0000   0.0000;
185:  0.2190   0.5690   0.8060   1.0220   1.2490   1.5190   1.7510   2.0890   2.3160   2.5420   2.7690   3.1120   3.3490   3.5850   3.8350   4.0960   4.3200   4.6070   4.8870   5.2050   0.0000   0.0000   0.0000;
186:  0.2190   0.5690   0.8060   1.0210   1.2490   1.5180   1.7510   2.0890   2.3150   2.5410   2.7680   3.1110   3.3490   3.5840   3.8330   4.0940   4.3210   4.6040   4.8840   5.2200   0.0000   0.0000   0.0000;
187:  0.2200   0.5690   0.8060   1.0210   1.2490   1.5180   1.7510   2.0880   2.3150   2.5400   2.7670   3.1110   3.3490   3.5820   3.8310   4.0920   4.3210   4.6000   4.8810   5.2340   0.0000   0.0000   0.0000;
188:  0.2200   0.5700   0.8060   1.0210   1.2480   1.5170   1.7500   2.0870   2.3150   2.5390   2.7660   3.1100   3.3500   3.5810   3.8290   4.0890   4.3220   4.5980   4.8790   5.2470   0.0000   0.0000   0.0000;
189:  0.2210   0.5700   0.8060   1.0210   1.2480   1.5170   1.7500   2.0870   2.3140   2.5380   2.7650   3.1090   3.3500   3.5800   3.8280   4.0870   4.3220   4.5950   4.8770   5.2600   0.0000   0.0000   0.0000;
190:  0.2210   0.5700   0.8060   1.0210   1.2480   1.5160   1.7490   2.0860   2.3140   2.5380   2.7640   3.1090   3.3500   3.5780   3.8260   4.0850   4.3220   4.5920   4.8750   5.2710   0.0000   0.0000   0.0000;
191:  0.2220   0.5700   0.8060   1.0210   1.2480   1.5160   1.7490   2.0860   2.3130   2.5370   2.7630   3.1080   3.3500   3.5770   3.8240   4.0830   4.3230   4.5890   4.8730   5.2810   0.0000   0.0000   0.0000;
192:  0.2220   0.5700   0.8060   1.0210   1.2470   1.5150   1.7490   2.0850   2.3130   2.5360   2.7620   3.1070   3.3500   3.5760   3.8220   4.0800   4.3230   4.5870   4.8710   5.2890   0.0000   0.0000   0.0000;
193:  0.2230   0.5700   0.8060   1.0210   1.2470   1.5150   1.7480   2.0850   2.3120   2.5350   2.7610   3.1060   3.3490   3.5750   3.8210   4.0780   4.3230   4.5850   4.8690   5.2960   0.0000   0.0000   0.0000;
194:  0.2240   0.5700   0.8060   1.0210   1.2470   1.5150   1.7480   2.0840   2.3120   2.5340   2.7600   3.1050   3.3490   3.5740   3.8190   4.0760   4.3230   4.5840   4.8680   5.3010   0.0000   0.0000   0.0000;
195:  0.2240   0.5700   0.8060   1.0200   1.2470   1.5140   1.7470   2.0840   2.3110   2.5330   2.7590   3.1050   3.3490   3.5740   3.8170   4.0740   4.3230   4.5820   4.8670   5.3040   0.0000   0.0000   0.0000;
196:  0.2240   0.5700   0.8060   1.0200   1.2470   1.5130   1.7470   2.0830   2.3110   2.5330   2.7580   3.1040   3.3490   3.5730   3.8160   4.0720   4.3230   4.5810   4.8650   5.3060   0.0000   0.0000   0.0000;
197:  0.2250   0.5700   0.8060   1.0200   1.2470   1.5130   1.7470   2.0820   2.3100   2.5320   2.7570   3.1040   3.3480   3.5720   3.8140   4.0700   4.3220   4.5800   4.8650   5.3060   0.0000   0.0000   0.0000;
198:  0.2250   0.5700   0.8060   1.0200   1.2470   1.5120   1.7460   2.0820   2.3100   2.5310   2.7570   3.1030   3.3470   3.5710   3.8120   4.0680   4.3220   4.5790   4.8640   5.3050   5.6820   6.0650   0.0000;
199:  0.2260   0.5700   0.8060   1.0200   1.2470   1.5120   1.7460   2.0810   2.3090   2.5310   2.7560   3.1020   3.3470   3.5710   3.8110   4.0660   4.3210   4.5790   4.8640   5.3020   5.6850   6.0750   0.0000;
200:  0.2260   0.5700   0.8060   1.0200   1.2470   1.5110   1.7450   2.0800   2.3090   2.5300   2.7550   3.1010   3.3460   3.5700   3.8090   4.0640   4.3200   4.5790   4.8630   5.2960   5.6830   6.0760   0.0000;
201:  0.2270   0.5700   0.8060   1.0200   1.2470   1.5110   1.7450   2.0800   2.3080   2.5290   2.7550   3.1000   3.3450   3.5700   3.8080   4.0620   4.3190   4.5790   4.8630   5.2900   5.6760   6.0690   0.0000;
202:  0.2270   0.5700   0.8050   1.0200   1.2460   1.5110   1.7440   2.0790   2.3080   2.5290   2.7540   3.1000   3.3440   3.5690   3.8060   4.0600   4.3180   4.5790   4.8630   5.2810   5.6650   6.0540   0.0000;
203:  0.2270   0.5700   0.8050   1.0200   1.2460   1.5100   1.7440   2.0780   2.3070   2.5280   2.7530   3.0990   3.3430   3.5690   3.8050   4.0580   4.3170   4.5790   4.8630   5.2710   5.6490   6.0340   0.0000;
204:  0.2270   0.5700   0.8050   1.0190   1.2460   1.5100   1.7440   2.0770   2.3070   2.5270   2.7530   3.0980   3.3410   3.5680   3.8040   4.0560   4.3150   4.5800   4.8630   5.2600   5.6300   6.0100   0.0000;
205:  0.2280   0.5690   0.8050   1.0190   1.2460   1.5090   1.7430   2.0770   2.3070   2.5270   2.7530   3.0970   3.3400   3.5670   3.8020   4.0550   4.3140   4.5800   4.8630   5.2470   5.6080   5.9850   0.0000;
206:  0.2280   0.5690   0.8050   1.0190   1.2460   1.5090   1.7420   2.0760   2.3060   2.5260   2.7520   3.0960   3.3390   3.5670   3.8010   4.0530   4.3120   4.5810   4.8630   5.2330   5.5840   5.9620   0.0000;
207:  0.2280   0.5690   0.8040   1.0190   1.2460   1.5090   1.7420   2.0750   2.3060   2.5250   2.7520   3.0960   3.3370   3.5660   3.8000   4.0520   4.3100   4.5810   4.8630   5.2190   5.5590   5.9420   0.0000;
208:  0.2280   0.5690   0.8040   1.0180   1.2460   1.5080   1.7420   2.0740   2.3050   2.5250   2.7520   3.0950   3.3360   3.5650   3.7990   4.0510   4.3080   4.5820   4.8630   5.2050   5.5350   5.9270   0.0000;
209:  0.2280   0.5690   0.8040   1.0180   1.2450   1.5080   1.7410   2.0740   2.3050   2.5240   2.7520   3.0940   3.3340   3.5650   3.7990   4.0500   4.3060   4.5820   4.8630   5.1930   5.5140   5.9170   0.0000;
210:  0.2290   0.5680   0.8030   1.0180   1.2450   1.5080   1.7400   2.0730   2.3040   2.5240   2.7510   3.0930   3.3330   3.5640   3.7980   4.0490   4.3040   4.5830   4.8630   5.1810   5.4960   5.9140   0.0000;
211:  0.2290   0.5680   0.8030   1.0170   1.2450   1.5080   1.7400   2.0720   2.3040   2.5230   2.7510   3.0920   3.3310   3.5640   3.7970   4.0480   4.3020   4.5830   4.8630   5.1720   5.4830   5.9160   0.0000;
212:  0.2290   0.5680   0.8030   1.0170   1.2450   1.5070   1.7400   2.0710   2.3040   2.5230   2.7510   3.0920   3.3300   3.5630   3.7970   4.0470   4.3000   4.5830   4.8620   5.1660   5.4750   5.9220   0.0000;
213:  0.2290   0.5670   0.8020   1.0160   1.2450   1.5070   1.7390   2.0710   2.3030   2.5220   2.7510   3.0910   3.3280   3.5620   3.7970   4.0470   4.2980   4.5830   4.8620   5.1630   5.4730   0.0000   0.0000;
214:  0.2290   0.5670   0.8020   1.0160   1.2440   1.5070   1.7380   2.0700   2.3030   2.5220   2.7510   3.0900   3.3270   3.5610   3.7970   4.0460   4.2970   4.5830   4.8610   5.1640   5.4760   0.0000   0.0000;
215:  0.2290   0.5670   0.8020   1.0160   1.2440   1.5070   1.7380   2.0690   2.3020   2.5210   2.7510   3.0890   3.3250   3.5610   3.7970   4.0460   4.2950   4.5830   4.8600   5.1680   5.4850   0.0000   0.0000;
216:  0.2290   0.5670   0.8010   1.0150   1.2440   1.5070   1.7370   2.0680   2.3020   2.5200   2.7510   3.0880   3.3240   3.5600   3.7970   4.0460   4.2940   4.5830   4.8590   5.1770   5.4970   0.0000   0.0000;
217:  0.2290   0.5660   0.8010   1.0150   1.2440   1.5070   1.7370   2.0670   2.3010   2.5200   2.7510   3.0870   3.3230   3.5590   3.7970   4.0460   4.2930   4.5820   4.8580   5.1900   0.0000   0.0000   0.0000;
218:  0.2290   0.5660   0.8000   1.0140   1.2430   1.5060   1.7360   2.0670   2.3010   2.5190   2.7510   3.0870   3.3220   3.5580   3.7980   4.0470   4.2920   4.5810   4.8560   5.2060   0.0000   0.0000   0.0000;
219:  0.2290   0.5650   0.8000   1.0130   1.2430   1.5060   1.7350   2.0660   2.3000   2.5180   2.7510   3.0860   3.3220   3.5580   3.7980   4.0470   4.2910   4.5810   4.8550   5.2260   0.0000   0.0000   0.0000;
220:  0.2290   0.5650   0.7990   1.0130   1.2420   1.5060   1.7350   2.0650   2.3000   2.5180   2.7510   3.0850   3.3210   3.5570   3.7990   4.0480   4.2910   4.5800   4.8530   5.2480   0.0000   0.0000   0.0000;
221:  0.2290   0.5650   0.7990   1.0120   1.2420   1.5060   1.7340   2.0650   2.2990   2.5170   2.7510   3.0840   3.3200   3.5570   3.8000   4.0490   4.2910   4.5790   4.8510   0.0000   0.0000   0.0000   0.0000;
222:  0.2290   0.5650   0.7980   1.0120   1.2410   1.5050   1.7340   2.0640   2.2990   2.5160   2.7500   3.0840   3.3200   3.5560   3.8010   4.0500   4.2910   4.5780   4.8490   0.0000   0.0000   0.0000   0.0000;
223:  0.2290   0.5650   0.7980   1.0110   1.2410   1.5050   1.7330   2.0630   2.2980   2.5150   2.7500   3.0830   3.3200   3.5560   3.8020   4.0510   4.2920   4.5770   4.8470   0.0000   0.0000   0.0000   0.0000;
224:  0.2300   0.5640   0.7980   1.0110   1.2400   1.5050   1.7320   2.0630   2.2980   2.5150   2.7490   3.0830   3.3200   3.5550   3.8030   4.0530   4.2930   4.5760   4.8450   0.0000   0.0000   0.0000   0.0000;
225:  0.2300   0.5640   0.7970   1.0100   1.2400   1.5040   1.7320   2.0620   2.2970   2.5140   2.7490   3.0820   3.3200   3.5550   3.8050   4.0540   4.2950   4.5750   4.8430   0.0000   0.0000   0.0000   0.0000;
226:  0.2300   0.5640   0.7970   1.0090   1.2390   1.5040   1.7310   2.0610   2.2960   2.5130   2.7480   3.0820   3.3200   3.5550   3.8060   4.0560   4.2970   4.5750   4.8410   0.0000   0.0000   0.0000   0.0000;
227:  0.2300   0.5640   0.7960   1.0090   1.2380   1.5040   1.7300   2.0600   2.2950   2.5120   2.7480   3.0810   3.3200   3.5550   3.8070   4.0580   4.2990   4.5740   4.8390   0.0000   0.0000   0.0000   0.0000;
228:  0.2310   0.5640   0.7960   1.0080   1.2380   1.5030   1.7300   2.0600   2.2950   2.5120   2.7470   3.0810   3.3210   3.5550   3.8090   4.0600   4.3020   4.5740   4.8370   0.0000   0.0000   0.0000   0.0000;
229:  0.2310   0.5640   0.7960   1.0080   1.2370   1.5020   1.7290   2.0590   2.2940   2.5110   2.7460   3.0810   3.3210   3.5550   3.8110   4.0620   4.3050   4.5750   4.8350   0.0000   0.0000   0.0000   0.0000;
230:  0.2310   0.5640   0.7950   1.0070   1.2370   1.5020   1.7280   2.0580   2.2930   2.5100   2.7460   3.0800   3.3220   3.5550   3.8120   4.0640   4.3090   4.5750   4.8330   0.0000   0.0000   0.0000   0.0000;
231:  0.2310   0.5640   0.7950   1.0070   1.2360   1.5010   1.7280   2.0580   2.2920   2.5090   2.7450   3.0800   3.3230   3.5560   3.8140   4.0670   4.3130   4.5760   4.8310   0.0000   0.0000   0.0000   0.0000;
232:  0.2320   0.5640   0.7950   1.0060   1.2360   1.5010   1.7270   2.0570   2.2910   2.5080   2.7440   3.0800   3.3240   3.5560   3.8160   4.0690   4.3170   4.5780   4.8290   0.0000   0.0000   0.0000   0.0000;
233:  0.2320   0.5640   0.7940   1.0060   1.2350   1.5000   1.7270   2.0560   2.2900   2.5070   2.7430   3.0800   3.3250   3.5570   3.8170   4.0720   4.3220   4.5800   4.8270   0.0000   0.0000   0.0000   0.0000;
234:  0.2330   0.5640   0.7940   1.0050   1.2350   1.4990   1.7260   2.0550   2.2890   2.5070   2.7420   3.0800   3.3260   3.5570   3.8190   4.0750   4.3260   4.5830   4.8260   0.0000   0.0000   0.0000   0.0000;
235:  0.2330   0.5640   0.7940   1.0050   1.2340   1.4990   1.7250   2.0550   2.2880   2.5060   2.7410   3.0800   3.3270   3.5580   3.8210   4.0780   4.3310   4.5870   4.8250   0.0000   0.0000   0.0000   0.0000;
236:  0.2330   0.5640   0.7940   1.0050   1.2340   1.4980   1.7250   2.0540   2.2870   2.5050   2.7400   3.0810   3.3280   3.5590   3.8230   4.0810   4.3360   4.5910   4.8240   0.0000   0.0000   0.0000   0.0000;
237:  0.2340   0.5640   0.7930   1.0040   1.2330   1.4970   1.7240   2.0530   2.2860   2.5040   2.7400   3.0810   3.3290   3.5600   3.8240   4.0840   4.3420   4.5960   4.8230   0.0000   0.0000   0.0000   0.0000;
238:  0.2340   0.5640   0.7930   1.0040   1.2330   1.4960   1.7240   2.0520   2.2850   2.5030   2.7390   3.0810   3.3300   3.5610   3.8260   4.0870   4.3470   4.6020   4.8230   0.0000   0.0000   0.0000   0.0000;
239:  0.2350   0.5640   0.7930   1.0040   1.2320   1.4960   1.7240   2.0510   2.2840   2.5020   2.7380   3.0820   3.3310   3.5620   3.8280   4.0910   4.3530   4.6090   4.8230   0.0000   0.0000   0.0000   0.0000;
240:  0.2350   0.5640   0.7930   1.0030   1.2320   1.4950   1.7230   2.0500   2.2830   2.5020   2.7370   3.0820   3.3320   3.5630   3.8300   4.0940   4.3580   4.6170   4.8230   0.0000   0.0000   0.0000   0.0000;
241:  0.2350   0.5640   0.7930   1.0030   1.2310   1.4940   1.7230   2.0490   2.2820   2.5010   2.7360   3.0830   3.3330   3.5640   3.8310   4.0970   4.3640   4.6250   4.8230   0.0000   0.0000   0.0000   0.0000;
242:  0.2360   0.5640   0.7930   1.0030   1.2310   1.4930   1.7220   2.0490   2.2810   2.5000   2.7350   3.0840   3.3340   3.5660   3.8330   4.1010   4.3690   4.6350   4.8240   0.0000   0.0000   0.0000   0.0000;
243:  0.2360   0.5640   0.7930   1.0030   1.2310   1.4930   1.7220   2.0480   2.2800   2.4990   2.7350   3.0840   3.3350   3.5670   3.8350   4.1040   4.3750   4.6450   4.8250   0.0000   0.0000   0.0000   0.0000;
244:  0.2360   0.5640   0.7930   1.0020   1.2310   1.4920   1.7220   2.0470   2.2800   2.4980   2.7340   3.0850   3.3350   3.5680   3.8360   4.1080   4.3800   4.6560   4.8260   0.0000   0.0000   0.0000   0.0000;
245:  0.2360   0.5640   0.7930   1.0020   1.2310   1.4910   1.7210   2.0460   2.2790   2.4980   2.7340   3.0850   3.3360   3.5690   3.8380   4.1120   4.3840   4.6690   4.8270   0.0000   0.0000   0.0000   0.0000;
246:  0.2370   0.5640   0.7930   1.0020   1.2300   1.4910   1.7210   2.0450   2.2780   2.4970   2.7330   3.0860   3.3360   3.5710   3.8390   4.1150   4.3890   4.6810   4.8290   0.0000   0.0000   0.0000   0.0000;
247:  0.2370   0.5640   0.7930   1.0020   1.2300   1.4900   1.7210   2.0440   2.2770   2.4960   2.7330   3.0870   3.3370   3.5720   3.8410   4.1190   4.3930   0.0000   0.0000   0.0000   0.0000   0.0000   0.0000;
248:  0.2370   0.5640   0.7930   1.0020   1.2300   1.4900   1.7210   2.0430   2.2760   2.4960   2.7330   3.0880   3.3370   3.5730   3.8420   4.1230   4.3980   0.0000   0.0000   0.0000   0.0000   0.0000   0.0000;
249:  0.2380   0.5640   0.7930   1.0010   1.2300   1.4890   1.7210   2.0420   2.2760   2.4950   2.7320   3.0890   3.3370   3.5750   3.8440   4.1270   4.4010   0.0000   0.0000   0.0000   0.0000   0.0000   0.0000;
250:  0.2380   0.5640   0.7930   1.0010   1.2300   1.4890   1.7200   2.0420   2.2750   2.4950   2.7320   3.0890   3.3370   3.5760   3.8450   4.1310   4.4050   0.0000   0.0000   0.0000   0.0000   0.0000   0.0000;
251:  0.2380   0.5640   0.7930   1.0010   1.2300   1.4880   1.7200   2.0410   2.2750   2.4940   2.7320   3.0900   3.3370   3.5770   3.8470   4.1350   4.4070   0.0000   0.0000   0.0000   0.0000   0.0000   0.0000;
252:  0.2380   0.5640   0.7930   1.0010   1.2300   1.4880   1.7200   2.0400   2.2740   2.4940   2.7320   3.0910   3.3370   3.5780   3.8490   4.1390   4.4100   0.0000   0.0000   0.0000   0.0000   0.0000   0.0000;
253:  0.2380   0.5640   0.7930   1.0010   1.2300   1.4880   1.7200   2.0400   2.2740   2.4930   2.7320   3.0910   3.3370   3.5790   3.8500   4.1430   4.4130   0.0000   0.0000   0.0000   0.0000   0.0000   0.0000;
254:  0.2380   0.5640   0.7930   1.0010   1.2300   1.4870   1.7200   2.0390   2.2730   2.4930   2.7320   3.0920   3.3370   3.5800   3.8520   4.1470   4.4150   0.0000   0.0000   0.0000   0.0000   0.0000   0.0000;
255:  0.2380   0.5640   0.7930   1.0000   1.2300   1.4870   1.7200   2.0390   2.2730   2.4930   2.7330   3.0930   3.3360   3.5810   3.8540   4.1510   4.4160   0.0000   0.0000   0.0000   0.0000   0.0000   0.0000;
256:  0.2380   0.5640   0.7930   1.0000   1.2300   1.4870   1.7200   2.0380   2.2730   2.4920   2.7330   3.0930   3.3360   3.5820   3.8550   4.1560   4.4170   0.0000   0.0000   0.0000   0.0000   0.0000   0.0000;
257:  0.2380   0.5640   0.7930   1.0000   1.2300   1.4870   1.7200   2.0380   2.2730   2.4920   2.7330   3.0940   3.3360   3.5820   3.8570   4.1600   4.4180   0.0000   0.0000   0.0000   0.0000   0.0000   0.0000;
258:  0.2380   0.5640   0.7930   1.0000   1.2300   1.4870   1.7200   2.0380   2.2720   2.4920   2.7340   3.0950   3.3350   3.5830   3.8590   4.1640   4.4190   0.0000   0.0000   0.0000   0.0000   0.0000   0.0000;
259:  0.2380   0.5640   0.7930   1.0000   1.2300   1.4870   1.7200   2.0370   2.2720   2.4920   2.7340   3.0950   3.3350   3.5840   3.8610   4.1690   4.4200   0.0000   0.0000   0.0000   0.0000   0.0000   0.0000;
260:  0.2380   0.5640   0.7930   1.0000   1.2300   1.4870   1.7190   2.0370   2.2720   2.4920   2.7350   3.0960   3.3350   3.5850   3.8630   4.1730   4.4200   0.0000   0.0000   0.0000   0.0000   0.0000   0.0000;
261:  0.2380   0.5630   0.7930   1.0000   1.2300   1.4870   1.7190   2.0370   2.2720   2.4920   2.7350   3.0960   3.3340   3.5850   3.8650   4.1770   4.4200   0.0000   0.0000   0.0000   0.0000   0.0000   0.0000;
262:  0.2380   0.5630   0.7930   1.0000   1.2300   1.4870   1.7190   2.0370   2.2720   2.4920   2.7360   3.0960   3.3340   3.5860   3.8670   4.1820   4.4200   0.0000   0.0000   0.0000   0.0000   0.0000   0.0000;
263:  0.2380   0.5630   0.7930   1.0000   1.2300   1.4870   1.7190   2.0370   2.2720   2.4920   2.7360   3.0970   3.3340   3.5870   3.8690   4.1860   4.4200   0.0000   0.0000   0.0000   0.0000   0.0000   0.0000;
264:  0.2380   0.5630   0.7930   1.0000   1.2300   1.4870   1.7190   2.0370   2.2720   2.4920   2.7370   3.0970   3.3340   3.5870   3.8710   4.1900   4.4200   0.0000   0.0000   0.0000   0.0000   0.0000   0.0000;
265:  0.2380   0.5630   0.7930   0.9990   1.2300   1.4880   1.7190   2.0370   2.2720   2.4920   2.7370   3.0980   3.3330   3.5880   3.8740   4.1940   4.4200   0.0000   0.0000   0.0000   0.0000   0.0000   0.0000;
266:  0.2390   0.5630   0.7940   0.9990   1.2300   1.4880   1.7190   2.0370   2.2730   2.4920   2.7380   3.0980   3.3330   3.5880   3.8760   4.1980   4.4200   0.0000   0.0000   0.0000   0.0000   0.0000   0.0000;
267:  0.2390   0.5630   0.7940   0.9990   1.2300   1.4880   1.7190   2.0380   2.2730   2.4930   2.7380   3.0980   3.3340   3.5890   3.8780   4.2020   4.4200   0.0000   0.0000   0.0000   0.0000   0.0000   0.0000;
268:  0.2390   0.5630   0.7940   0.9990   1.2300   1.4880   1.7190   2.0380   2.2730   2.4930   2.7390   3.0980   3.3340   3.5900   3.8810   4.2060   4.4200   0.0000   0.0000   0.0000   0.0000   0.0000   0.0000;
269:  0.2390   0.5630   0.7940   0.9990   1.2300   1.4880   1.7190   2.0380   2.2730   2.4940   2.7390   3.0980   3.3340   3.5910   3.8840   4.2100   4.4210   0.0000   0.0000   0.0000   0.0000   0.0000   0.0000;
270:  0.2390   0.5630   0.7940   0.9990   1.2300   1.4890   1.7190   2.0390   2.2730   2.4940   2.7400   3.0990   3.3350   3.5910   3.8860   4.2130   4.4220   0.0000   0.0000   0.0000   0.0000   0.0000   0.0000;
271:  0.2390   0.5630   0.7940   0.9990   1.2300   1.4890   1.7190   2.0390   2.2730   2.4950   2.7400   3.0990   3.3350   3.5920   3.8890   4.2170   4.4220   0.0000   0.0000   0.0000   0.0000   0.0000   0.0000;
272:  0.2400   0.5630   0.7940   0.9990   1.2310   1.4890   1.7190   2.0400   2.2740   2.4950   2.7400   3.0990   3.3360   3.5930   3.8920   4.2200   4.4230   0.0000   0.0000   0.0000   0.0000   0.0000   0.0000;
273:  0.2400   0.5630   0.7930   0.9990   1.2310   1.4890   1.7190   2.0400   2.2740   2.4960   2.7410   3.0990   3.3360   3.5940   3.8950   4.2230   4.4250   0.0000   0.0000   0.0000   0.0000   0.0000   0.0000;
274:  0.2400   0.5630   0.7930   0.9990   1.2310   1.4890   1.7190   2.0400   2.2740   2.4960   2.7410   3.1000   3.3370   3.5950   3.8970   4.2250   4.4260   0.0000   0.0000   0.0000   0.0000   0.0000   0.0000;
275:  0.2400   0.5630   0.7930   0.9990   1.2310   1.4890   1.7190   2.0410   2.2750   2.4970   2.7410   3.1000   3.3380   3.5960   3.9000   4.2280   4.4280   0.0000   0.0000   0.0000   0.0000   0.0000   0.0000;
276:  0.2410   0.5630   0.7930   0.9990   1.2310   1.4890   1.7190   2.0410   2.2750   2.4980   2.7420   3.1000   3.3400   3.5970   3.9030   4.2300   4.4300   0.0000   0.0000   0.0000   0.0000   0.0000   0.0000;
277:  0.2410   0.5640   0.7930   0.9990   1.2310   1.4900   1.7190   2.0420   2.2750   2.4990   2.7420   3.1000   3.3410   3.5980   3.9060   4.2320   4.4330   0.0000   0.0000   0.0000   0.0000   0.0000   0.0000;
278:  0.2410   0.5640   0.7930   0.9990   1.2310   1.4900   1.7190   2.0420   2.2750   2.4990   2.7420   3.1000   3.3420   3.6000   3.9090   4.2340   4.4360   0.0000   0.0000   0.0000   0.0000   0.0000   0.0000;
279:  0.2420   0.5640   0.7930   1.0000   1.2310   1.4900   1.7190   2.0430   2.2760   2.5000   2.7420   3.1010   3.3440   3.6010   3.9110   4.2350   4.4390   0.0000   0.0000   0.0000   0.0000   0.0000   0.0000;
280:  0.2420   0.5640   0.7930   1.0000   1.2310   1.4900   1.7190   2.0430   2.2760   2.5010   2.7430   3.1010   3.3450   3.6030   3.9140   4.2360   4.4420   0.0000   0.0000   0.0000   0.0000   0.0000   0.0000;
281:  0.2420   0.5640   0.7930   1.0000   1.2310   1.4900   1.7190   2.0440   2.2760   2.5020   2.7430   3.1010   3.3460   3.6040   3.9160   4.2370   4.4450   0.0000   0.0000   0.0000   0.0000   0.0000   0.0000;
282:  0.2430   0.5640   0.7930   1.0000   1.2310   1.4900   1.7190   2.0440   2.2770   2.5030   2.7430   3.1020   3.3480   3.6060   3.9190   4.2380   4.4490   0.0000   0.0000   0.0000   0.0000   0.0000   0.0000;
283:  0.2430   0.5640   0.7930   1.0000   1.2310   1.4900   1.7200   2.0450   2.2770   2.5040   2.7440   3.1020   3.3490   3.6070   3.9220   4.2380   4.4530   0.0000   0.0000   0.0000   0.0000   0.0000   0.0000;
284:  0.2440   0.5650   0.7930   1.0000   1.2310   1.4900   1.7200   2.0450   2.2770   2.5050   2.7440   3.1030   3.3510   3.6090   3.9240   4.2380   4.4560   0.0000   0.0000   0.0000   0.0000   0.0000   0.0000;
285:  0.2440   0.5650   0.7930   1.0000   1.2310   1.4900   1.7200   2.0450   2.2780   2.5050   2.7440   3.1030   3.3530   3.6110   3.9260   4.2370   4.4600   0.0000   0.0000   0.0000   0.0000   0.0000   0.0000;
286:  0.2440   0.5650   0.7930   1.0010   1.2310   1.4900   1.7200   2.0460   2.2780   2.5060   2.7440   3.1040   3.3550   3.6130   3.9280   4.2360   4.4640   0.0000   0.0000   0.0000   0.0000   0.0000   0.0000;
287:  0.2450   0.5650   0.7930   1.0010   1.2310   1.4900   1.7210   2.0460   2.2790   2.5070   2.7450   3.1040   3.3560   3.6150   3.9300   4.2350   4.4680   0.0000   0.0000   0.0000   0.0000   0.0000   0.0000;
288:  0.2450   0.5650   0.7930   1.0010   1.2310   1.4900   1.7210   2.0470   2.2790   2.5080   2.7450   3.1050   3.3580   3.6160   3.9320   4.2340   4.4720   0.0000   0.0000   0.0000   0.0000   0.0000   0.0000;
289:  0.2450   0.5660   0.7930   1.0010   1.2310   1.4900   1.7220   2.0470   2.2800   2.5090   2.7460   3.1050   3.3590   3.6180   3.9340   4.2330   4.4760   0.0000   0.0000   0.0000   0.0000   0.0000   0.0000;
290:  0.2450   0.5660   0.7930   1.0020   1.2310   1.4900   1.7220   2.0480   2.2800   2.5100   2.7460   3.1060   3.3610   3.6200   3.9350   4.2310   4.4790   0.0000   0.0000   0.0000   0.0000   0.0000   0.0000;
291:  0.2460   0.5660   0.7930   1.0020   1.2320   1.4900   1.7220   2.0480   2.2810   2.5110   2.7470   3.1070   3.3620   3.6210   3.9370   4.2290   4.4830   0.0000   0.0000   0.0000   0.0000   0.0000   0.0000;
292:  0.2460   0.5670   0.7930   1.0020   1.2320   1.4900   1.7230   2.0480   2.2820   2.5110   2.7470   3.1070   3.3640   3.6230   3.9380   4.2270   4.4860   0.0000   0.0000   0.0000   0.0000   0.0000   0.0000;
293:  0.2460   0.5670   0.7930   1.0020   1.2320   1.4910   1.7230   2.0490   2.2830   2.5120   2.7480   3.1080   3.3650   3.6240   3.9390   4.2240   4.4890   0.0000   0.0000   0.0000   0.0000   0.0000   0.0000;
294:  0.2460   0.5670   0.7930   1.0030   1.2320   1.4910   1.7240   2.0490   2.2830   2.5130   2.7490   3.1090   3.3670   3.6260   3.9400   4.2220   4.4910   0.0000   0.0000   0.0000   0.0000   0.0000   0.0000;
295:  0.2460   0.5670   0.7930   1.0030   1.2330   1.4910   1.7240   2.0500   2.2840   2.5130   2.7490   3.1100   3.3680   3.6270   3.9410   4.2200   4.4930   0.0000   0.0000   0.0000   0.0000   0.0000   0.0000;
296:  0.2460   0.5670   0.7930   1.0030   1.2330   1.4910   1.7250   2.0500   2.2850   2.5140   2.7500   3.1110   3.3690   3.6290   3.9420   4.2170   4.4950   0.0000   0.0000   0.0000   0.0000   0.0000   0.0000;
297:  0.2460   0.5680   0.7930   1.0040   1.2330   1.4910   1.7250   2.0510   2.2860   2.5150   2.7510   3.1110   3.3710   3.6300   3.9430   4.2150   4.4970   0.0000   0.0000   0.0000   0.0000   0.0000   0.0000;
298:  0.2460   0.5680   0.7930   1.0040   1.2330   1.4920   1.7260   2.0510   2.2870   2.5150   2.7520   3.1120   3.3720   3.6310   3.9430   4.2120   4.4980   0.0000   0.0000   0.0000   0.0000   0.0000   0.0000;
299:  0.2460   0.5680   0.7930   1.0040   1.2340   1.4920   1.7260   2.0520   2.2870   2.5160   2.7520   3.1130   3.3730   3.6330   3.9440   4.2100   4.4990   0.0000   0.0000   0.0000   0.0000   0.0000   0.0000;
300:  0.2460   0.5680   0.7930   1.0050   1.2340   1.4930   1.7270   2.0520   2.2880   2.5160   2.7530   3.1140   3.3740   3.6330   3.9440   4.2070   4.4990   0.0000   0.0000   0.0000   0.0000   0.0000   0.0000;
301:  0.2460   0.5690   0.7940   1.0050   1.2350   1.4930   1.7270   2.0530   2.2890   2.5160   2.7540   3.1150   3.3750   3.6350   3.9440   4.2050   4.4990   0.0000   0.0000   0.0000   0.0000   0.0000   0.0000;
302:  0.2460   0.5690   0.7940   1.0050   1.2350   1.4940   1.7280   2.0530   2.2900   2.5170   2.7550   3.1160   3.3760   3.6350   3.9440   4.2030   4.4990   0.0000   0.0000   0.0000   0.0000   0.0000   0.0000;
303:  0.2460   0.5690   0.7940   1.0050   1.2350   1.4950   1.7290   2.0540   2.2910   2.5170   2.7560   3.1170   3.3770   3.6360   3.9440   4.2010   4.4990   0.0000   0.0000   0.0000   0.0000   0.0000   0.0000;
304:  0.2450   0.5690   0.7940   1.0060   1.2360   1.4950   1.7290   2.0550   2.2920   2.5170   2.7570   3.1180   3.3780   3.6370   3.9440   4.2000   4.4980   0.0000   0.0000   0.0000   0.0000   0.0000   0.0000;
305:  0.2450   0.5690   0.7940   1.0060   1.2360   1.4960   1.7300   2.0560   2.2930   2.5180   2.7580   3.1180   3.3790   3.6370   3.9440   4.1980   4.4970   0.0000   0.0000   0.0000   0.0000   0.0000   0.0000;
306:  0.2450   0.5690   0.7940   1.0070   1.2360   1.4960   1.7300   2.0560   2.2940   2.5180   2.7580   3.1190   3.3800   3.6380   3.9430   4.1970   4.4960   0.0000   0.0000   0.0000   0.0000   0.0000   0.0000;
307:  0.2450   0.5690   0.7950   1.0070   1.2370   1.4970   1.7310   2.0570   2.2950   2.5180   2.7590   3.1200   3.3810   3.6380   3.9430   4.1970   4.4940   0.0000   0.0000   0.0000   0.0000   0.0000   0.0000;
308:  0.2450   0.5700   0.7950   1.0070   1.2370   1.4980   1.7310   2.0580   2.2960   2.5180   2.7600   3.1210   3.3820   3.6390   3.9430   4.1960   4.4920   0.0000   0.0000   0.0000   0.0000   0.0000   0.0000;
309:  0.2440   0.5700   0.7950   1.0080   1.2380   1.4990   1.7320   2.0590   2.2970   2.5180   2.7610   3.1220   3.3830   3.6390   3.9420   4.1960   4.4910   0.0000   0.0000   0.0000   0.0000   0.0000   0.0000;
310:  0.2440   0.5700   0.7950   1.0080   1.2380   1.5000   1.7320   2.0600   2.2980   2.5180   2.7620   3.1230   3.3840   3.6400   3.9420   4.1970   4.4890   0.0000   0.0000   0.0000   0.0000   0.0000   0.0000;
311:  0.2440   0.5700   0.7950   1.0080   1.2380   1.5000   1.7330   2.0600   2.2990   2.5180   2.7620   3.1240   3.3850   3.6400   3.9420   4.1980   4.4870   0.0000   0.0000   0.0000   0.0000   0.0000   0.0000;
312:  0.2440   0.5700   0.7960   1.0090   1.2390   1.5010   1.7330   2.0610   2.3000   2.5190   2.7630   3.1250   3.3860   3.6400   3.9420   4.1990   4.4850   0.0000   0.0000   0.0000   0.0000   0.0000   0.0000;
313:  0.2440   0.5700   0.7960   1.0090   1.2390   1.5020   1.7340   2.0620   2.3000   2.5190   2.7640   3.1250   3.3870   3.6410   3.9420   4.2010   4.4840   0.0000   0.0000   0.0000   0.0000   0.0000   0.0000;
314:  0.2430   0.5700   0.7960   1.0090   1.2400   1.5030   1.7340   2.0630   2.3010   2.5190   2.7640   3.1260   3.3880   3.6410   3.9420   4.2030   4.4820   0.0000   0.0000   0.0000   0.0000   0.0000   0.0000;
315:  0.2430   0.5710   0.7960   1.0100   1.2400   1.5040   1.7350   2.0640   2.3020   2.5190   2.7640   3.1270   3.3890   3.6410   3.9420   4.2050   4.4810   0.0000   0.0000   0.0000   0.0000   0.0000   0.0000;
316:  0.2430   0.5710   0.7970   1.0100   1.2410   1.5040   1.7350   2.0650   2.3030   2.5190   2.7650   3.1280   3.3900   3.6420   3.9420   4.2080   4.4800   0.0000   0.0000   0.0000   0.0000   0.0000   0.0000;
317:  0.2430   0.5710   0.7970   1.0100   1.2410   1.5050   1.7360   2.0650   2.3030   2.5190   2.7650   3.1290   3.3910   3.6420   3.9420   4.2120   4.4780   0.0000   0.0000   0.0000   0.0000   0.0000   0.0000;
318:  0.2430   0.5710   0.7970   1.0110   1.2420   1.5060   1.7360   2.0660   2.3040   2.5190   2.7660   3.1300   3.3910   3.6430   3.9420   4.2160   4.4780   0.0000   0.0000   0.0000   0.0000   0.0000   0.0000;
319:  0.2430   0.5710   0.7980   1.0110   1.2420   1.5070   1.7360   2.0670   2.3050   2.5200   2.7660   3.1310   3.3920   3.6430   3.9430   4.2200   4.4770   0.0000   0.0000   0.0000   0.0000   0.0000   0.0000;
320:  0.2430   0.5710   0.7980   1.0110   1.2420   1.5070   1.7370   2.0680   2.3050   2.5200   2.7660   3.1320   3.3930   3.6440   3.9430   4.2250   4.4770   0.0000   0.0000   0.0000   0.0000   0.0000   0.0000;
321:  0.2420   0.5710   0.7980   1.0120   1.2430   1.5080   1.7370   2.0690   2.3060   2.5200   2.7670   3.1330   3.3940   3.6440   3.9440   4.2300   4.4770   0.0000   0.0000   0.0000   0.0000   0.0000   0.0000;
322:  0.2420   0.5710   0.7980   1.0120   1.2430   1.5090   1.7380   2.0690   2.3060   2.5200   2.7670   3.1330   3.3950   3.6450   3.9450   4.2350   4.4780   0.0000   0.0000   0.0000   0.0000   0.0000   0.0000;
323:  0.2420   0.5710   0.7980   1.0120   1.2440   1.5090   1.7380   2.0700   2.3070   2.5200   2.7670   3.1340   3.3960   3.6460   3.9460   4.2410   4.4780   0.0000   0.0000   0.0000   0.0000   0.0000   0.0000;
324:  0.2420   0.5710   0.7990   1.0130   1.2440   1.5100   1.7390   2.0710   2.3070   2.5210   2.7670   3.1350   3.3960   3.6470   3.9470   4.2470   4.4800   0.0000   0.0000   0.0000   0.0000   0.0000   0.0000;
325:  0.2420   0.5710   0.7990   1.0130   1.2440   1.5100   1.7390   2.0710   2.3070   2.5210   2.7680   3.1360   3.3970   3.6480   3.9490   4.2530   4.4810   5.1850   0.0000   0.0000   0.0000   0.0000   0.0000;
326:  0.2420   0.5710   0.7990   1.0130   1.2440   1.5110   1.7400   2.0720   2.3080   2.5220   2.7680   3.1360   3.3980   3.6490   3.9510   4.2600   4.4820   5.1900   0.0000   0.0000   0.0000   0.0000   0.0000;
327:  0.2420   0.5710   0.7990   1.0130   1.2450   1.5110   1.7400   2.0730   2.3080   2.5220   2.7680   3.1370   3.3980   3.6500   3.9530   4.2670   4.4840   5.1950   0.0000   0.0000   0.0000   0.0000   0.0000;
328:  0.2420   0.5710   0.7990   1.0140   1.2450   1.5120   1.7400   2.0730   2.3090   2.5220   2.7690   3.1380   3.3990   3.6510   3.9550   4.2740   4.4860   5.2000   0.0000   0.0000   0.0000   0.0000   0.0000;
329:  0.2420   0.5710   0.8000   1.0140   1.2450   1.5120   1.7410   2.0740   2.3090   2.5230   2.7690   3.1390   3.3990   3.6530   3.9570   4.2810   4.4880   5.2040   0.0000   0.0000   0.0000   0.0000   0.0000;
330:  0.2430   0.5710   0.8000   1.0140   1.2460   1.5120   1.7410   2.0740   2.3100   2.5230   2.7690   3.1400   3.4000   3.6540   3.9600   4.2890   4.4900   5.2090   0.0000   0.0000   0.0000   0.0000   0.0000;
331:  0.2430   0.5710   0.8000   1.0140   1.2460   1.5130   1.7420   2.0750   2.3100   2.5240   2.7700   3.1400   3.4000   3.6560   3.9630   4.2960   4.4920   5.2120   0.0000   0.0000   0.0000   0.0000   0.0000;
332:  0.2430   0.5710   0.8000   1.0140   1.2460   1.5130   1.7420   2.0750   2.3110   2.5240   2.7700   3.1410   3.4010   3.6570   3.9650   4.3040   4.4940   5.2160   0.0000   0.0000   0.0000   0.0000   0.0000;
333:  0.2430   0.5710   0.8000   1.0150   1.2460   1.5130   1.7430   2.0760   2.3110   2.5250   2.7710   3.1420   3.4010   3.6590   3.9690   4.3120   4.4960   5.2180   0.0000   0.0000   0.0000   0.0000   0.0000;
334:  0.2430   0.5710   0.8000   1.0150   1.2470   1.5130   1.7430   2.0760   2.3110   2.5250   2.7710   3.1430   3.4020   3.6610   3.9720   4.3200   4.4980   5.2200   0.0000   0.0000   0.0000   0.0000   0.0000;
335:  0.2430   0.5710   0.8000   1.0150   1.2470   1.5130   1.7430   2.0770   2.3120   2.5260   2.7720   3.1440   3.4020   3.6630   3.9760   4.3280   4.4990   5.2210   0.0000   0.0000   0.0000   0.0000   0.0000;
336:  0.2430   0.5710   0.8000   1.0150   1.2470   1.5140   1.7440   2.0780   2.3130   2.5260   2.7720   3.1440   3.4030   3.6650   3.9800   4.3360   4.5010   5.2210   0.0000   0.0000   0.0000   0.0000   0.0000;
337:  0.2430   0.5710   0.8000   1.0150   1.2470   1.5140   1.7440   2.0780   2.3130   2.5270   2.7730   3.1450   3.4030   3.6670   3.9840   4.3440   4.5020   5.2200   0.0000   0.0000   0.0000   0.0000   0.0000;
338:  0.2420   0.5710   0.8000   1.0150   1.2470   1.5140   1.7440   2.0790   2.3140   2.5270   2.7740   3.1460   3.4040   3.6690   3.9880   4.3510   4.5030   5.2180   0.0000   0.0000   0.0000   0.0000   0.0000;
339:  0.2420   0.5710   0.8000   1.0150   1.2470   1.5140   1.7450   2.0790   2.3140   2.5280   2.7750   3.1470   3.4040   3.6710   3.9930   4.3590   4.5030   5.2150   0.0000   0.0000   0.0000   0.0000   0.0000;
340:  0.2420   0.5710   0.8000   1.0150   1.2470   1.5140   1.7450   2.0800   2.3150   2.5290   2.7760   3.1470   3.4050   3.6730   3.9970   4.3670   4.5030   5.2110   0.0000   0.0000   0.0000   0.0000   0.0000;
341:  0.2420   0.5710   0.8000   1.0150   1.2480   1.5140   1.7450   2.0810   2.3150   2.5290   2.7760   3.1480   3.4060   3.6760   4.0020   4.3750   4.5020   5.2050   0.0000   0.0000   0.0000   0.0000   0.0000;
342:  0.2420   0.5710   0.8000   1.0150   1.2480   1.5150   1.7450   2.0810   2.3160   2.5300   2.7770   3.1490   3.4060   3.6780   4.0070   4.3820   4.5010   5.1980   0.0000   0.0000   0.0000   0.0000   0.0000;
343:  0.2420   0.5710   0.7990   1.0150   1.2480   1.5150   1.7460   2.0820   2.3170   2.5300   2.7780   3.1500   3.4070   3.6800   4.0120   4.3900   4.4990   5.1900   0.0000   0.0000   0.0000   0.0000   0.0000;
344:  0.2420   0.5710   0.7990   1.0140   1.2480   1.5150   1.7460   2.0830   2.3170   2.5310   2.7800   3.1510   3.4080   3.6830   4.0170   4.3970   4.4970   5.1800   0.0000   0.0000   0.0000   0.0000   0.0000;
345:  0.2420   0.5700   0.7990   1.0140   1.2480   1.5150   1.7460   2.0840   2.3180   2.5310   2.7810   3.1520   3.4090   3.6860   4.0220   4.4040   4.4940   5.1690   0.0000   0.0000   0.0000   0.0000   0.0000;
346:  0.2410   0.5700   0.7990   1.0140   1.2480   1.5150   1.7460   2.0850   2.3190   2.5320   2.7820   3.1530   3.4110   3.6880   4.0270   4.4120   4.4910   5.1570   0.0000   0.0000   0.0000   0.0000   0.0000;
347:  0.2410   0.5700   0.7990   1.0140   1.2480   1.5150   1.7470   2.0850   2.3200   2.5320   2.7830   3.1550   3.4120   3.6910   4.0330   4.4180   4.4870   5.1430   0.0000   0.0000   0.0000   0.0000   0.0000;
348:  0.2410   0.5700   0.7990   1.0140   1.2480   1.5150   1.7470   2.0860   2.3200   2.5330   2.7840   3.1560   3.4140   3.6940   4.0380   4.4250   4.4820   5.1280   0.0000   0.0000   0.0000   0.0000   0.0000;
349:  0.2410   0.5700   0.7980   1.0140   1.2480   1.5160   1.7470   2.0870   2.3210   2.5330   2.7850   3.1570   3.4160   3.6970   4.0440   4.4320   4.4770   5.1120   0.0000   0.0000   0.0000   0.0000   0.0000;
350:  0.2400   0.5700   0.7980   1.0130   1.2480   1.5160   1.7470   2.0880   2.3220   2.5340   2.7870   3.1580   3.4180   3.7000   4.0490   4.4380   4.4720   5.0940   0.0000   0.0000   0.0000   0.0000   0.0000;
351:  0.2400   0.5700   0.7980   1.0130   1.2480   1.5160   1.7470   2.0890   2.3220   2.5350   2.7880   3.1600   3.4200   3.7020   4.0540   4.4450   4.4650   5.0760   0.0000   0.0000   0.0000   0.0000   0.0000;
352:  0.2400   0.5700   0.7980   1.0130   1.2480   1.5160   1.7470   2.0900   2.3230   2.5350   2.7890   3.1620   3.4220   3.7050   4.0600   4.4510   4.4590   5.0560   0.0000   0.0000   0.0000   0.0000   0.0000;
353:  0.2400   0.5700   0.7980   1.0130   1.2480   1.5160   1.7470   2.0910   2.3240   2.5360   2.7910   3.1630   3.4250   3.7090   4.0650   4.4560   4.4520   5.0360   0.0000   0.0000   0.0000   0.0000   0.0000;
354:  0.2390   0.5700   0.7980   1.0130   1.2480   1.5160   1.7470   2.0920   2.3240   2.5360   2.7920   3.1650   3.4270   3.7120   4.0700   4.4620   4.4440   5.0150   0.0000   0.0000   0.0000   0.0000   0.0000;
355:  0.2390   0.5700   0.7980   1.0130   1.2480   1.5170   1.7470   2.0930   2.3250   2.5370   2.7930   3.1670   3.4300   3.7150   4.0750   4.4670   4.4370   4.9930   0.0000   0.0000   0.0000   0.0000   0.0000;
356:  0.2390   0.5700   0.7980   1.0130   1.2480   1.5170   1.7480   2.0940   2.3260   2.5370   2.7950   3.1690   3.4330   3.7190   4.0800   4.4730   4.4290   4.9700   0.0000   0.0000   0.0000   0.0000   0.0000;
357:  0.2380   0.5700   0.7970   1.0130   1.2480   1.5170   1.7480   2.0950   2.3260   2.5380   2.7960   3.1710   3.4360   3.7220   4.0850   4.4780   4.4200   4.9470   0.0000   0.0000   0.0000   0.0000   0.0000;
358:  0.2380   0.5700   0.7970   1.0130   1.2480   1.5180   1.7480   2.0950   2.3270   2.5390   2.7970   3.1730   3.4400   3.7250   4.0890   4.4820   4.4120   4.9240   0.0000   0.0000   0.0000   0.0000   0.0000;
359:  0.2380   0.5700   0.7970   1.0130   1.2480   1.5180   1.7480   2.0960   2.3270   2.5390   2.7980   3.1750   3.4430   3.7290   4.0940   0.0000   0.0000   0.0000   0.0000   0.0000   0.0000   0.0000   0.0000;
