C:\RK-3\Data\PA000001\ED0000010006L.DAT;
000:  0.3595   0.6050   0.8010   1.0005   1.2310   1.4635   1.7335   2.0025   2.2175   2.4415   2.7370   3.0455   3.3000   3.5680   3.8395   4.0920   4.3610   0.0000   0.0000   0.0000   0.0000   0.0000   0.0000;
001:  0.3600   0.6060   0.8025   1.0025   1.2335   1.4660   1.7360   2.0065   2.2230   2.4475   2.7430   3.0510   3.3045   3.5735   3.8460   4.0980   4.3660   0.0000   0.0000   0.0000   0.0000   0.0000   0.0000;
002:  0.3605   0.6070   0.8035   1.0035   1.2350   1.4685   1.7395   2.0105   2.2275   2.4525   2.7485   3.0560   3.3090   3.5790   3.8520   4.1045   4.3710   0.0000   0.0000   0.0000   0.0000   0.0000   0.0000;
003:  0.3605   0.6080   0.8050   1.0050   1.2370   1.4705   1.7420   2.0140   2.2320   2.4575   2.7540   3.0615   3.3135   3.5835   3.8575   4.1105   4.3755   0.0000   0.0000   0.0000   0.0000   0.0000   0.0000;
004:  0.3615   0.6090   0.8065   1.0070   1.2395   1.4735   1.7455   2.0185   2.2370   2.4625   2.7595   3.0665   3.3170   3.5880   3.8630   4.1165   4.3800   0.0000   0.0000   0.0000   0.0000   0.0000   0.0000;
005:  0.3620   0.6100   0.8080   1.0090   1.2415   1.4760   1.7485   2.0220   2.2420   2.4685   2.7655   3.0715   3.3205   3.5920   3.8685   4.1225   0.0000   0.0000   0.0000   0.0000   0.0000   0.0000   0.0000;
006:  0.3625   0.6115   0.8100   1.0110   1.2440   1.4785   1.7515   2.0265   2.2470   2.4735   2.7710   3.0765   3.3240   3.5960   3.8735   4.1285   0.0000   0.0000   0.0000   0.0000   0.0000   0.0000   0.0000;
007:  0.3635   0.6125   0.8110   1.0125   1.2465   1.4815   1.7545   2.0300   2.2515   2.4785   2.7765   3.0815   3.3275   3.6000   3.8785   4.1340   0.0000   0.0000   0.0000   0.0000   0.0000   0.0000   0.0000;
008:  0.3645   0.6135   0.8125   1.0145   1.2485   1.4840   1.7580   2.0345   2.2565   2.4840   2.7825   3.0860   3.3300   3.6035   3.8830   4.1395   0.0000   0.0000   0.0000   0.0000   0.0000   0.0000   0.0000;
009:  0.3650   0.6150   0.8145   1.0165   1.2510   1.4870   1.7610   2.0380   2.2610   2.4890   2.7880   3.0910   3.3330   3.6065   3.8870   4.1445   0.0000   0.0000   0.0000   0.0000   0.0000   0.0000   0.0000;
010:  0.3660   0.6165   0.8165   1.0190   1.2535   1.4900   1.7650   2.0425   2.2660   2.4945   2.7935   3.0950   3.3350   3.6095   3.8915   4.1500   0.0000   0.0000   0.0000   0.0000   0.0000   0.0000   0.0000;
011:  0.3670   0.6180   0.8180   1.0210   1.2560   1.4930   1.7680   2.0460   2.2705   2.4995   2.7990   3.0995   3.3370   3.6115   3.8950   4.1550   0.0000   0.0000   0.0000   0.0000   0.0000   0.0000   0.0000;
012:  0.3680   0.6195   0.8200   1.0230   1.2585   1.4960   1.7710   2.0500   2.2750   2.5045   2.8045   3.1040   3.3395   3.6140   3.8985   4.1595   0.0000   0.0000   0.0000   0.0000   0.0000   0.0000   0.0000;
013:  0.3690   0.6205   0.8215   1.0255   1.2615   1.4990   1.7745   2.0540   2.2795   2.5095   2.8095   3.1080   3.3415   3.6165   3.9020   4.1640   0.0000   0.0000   0.0000   0.0000   0.0000   0.0000   0.0000;
014:  0.3700   0.6220   0.8235   1.0275   1.2635   1.5020   1.7780   2.0575   2.2835   2.5140   2.8145   3.1120   3.3430   3.6180   3.9050   4.1685   0.0000   0.0000   0.0000   0.0000   0.0000   0.0000   0.0000;
015:  0.3705   0.6235   0.8255   1.0295   1.2660   1.5050   1.7815   2.0615   2.2875   2.5185   2.8195   3.1160   3.3445   3.6190   3.9075   4.1730   0.0000   0.0000   0.0000   0.0000   0.0000   0.0000   0.0000;
016:  0.3715   0.6245   0.8270   1.0320   1.2690   1.5080   1.7845   2.0650   2.2920   2.5240   2.8250   3.1200   3.3460   3.6205   3.9100   4.1765   0.0000   0.0000   0.0000   0.0000   0.0000   0.0000   0.0000;
017:  0.3730   0.6265   0.8290   1.0345   1.2720   1.5115   1.7880   2.0685   2.2955   2.5275   2.8290   3.1230   3.3470   3.6220   3.9120   4.1800   0.0000   0.0000   0.0000   0.0000   0.0000   0.0000   0.0000;
018:  0.3740   0.6280   0.8315   1.0370   1.2745   1.5145   1.7915   2.0725   2.2995   2.5320   2.8340   3.1270   3.3485   3.6230   3.9140   4.1835   0.0000   0.0000   0.0000   0.0000   0.0000   0.0000   0.0000;
019:  0.3745   0.6295   0.8335   1.0395   1.2770   1.5170   1.7945   2.0760   2.3035   2.5365   2.8380   3.1300   3.3500   3.6240   3.9160   4.1865   0.0000   0.0000   0.0000   0.0000   0.0000   0.0000   0.0000;
020:  0.3760   0.6310   0.8350   1.0415   1.2795   1.5205   1.7980   2.0795   2.3075   2.5405   2.8420   3.1335   3.3510   3.6245   3.9175   4.1895   0.0000   0.0000   0.0000   0.0000   0.0000   0.0000   0.0000;
021:  0.3770   0.6325   0.8375   1.0445   1.2825   1.5235   1.8010   2.0825   2.3105   2.5445   2.8465   3.1365   3.3520   3.6255   3.9190   4.1920   0.0000   0.0000   0.0000   0.0000   0.0000   0.0000   0.0000;
022:  0.3780   0.6340   0.8395   1.0465   1.2850   1.5270   1.8045   2.0860   2.3140   2.5480   2.8500   3.1395   3.3535   3.6260   3.9195   4.1940   0.0000   0.0000   0.0000   0.0000   0.0000   0.0000   0.0000;
023:  0.3790   0.6355   0.8415   1.0490   1.2875   1.5295   1.8080   2.0895   2.3175   2.5520   2.8540   3.1430   3.3545   3.6260   3.9205   4.1965   0.0000   0.0000   0.0000   0.0000   0.0000   0.0000   0.0000;
024:  0.3800   0.6365   0.8430   1.0515   1.2905   1.5325   1.8110   2.0930   2.3210   2.5550   2.8570   3.1460   3.3560   3.6270   3.9215   4.1985   0.0000   0.0000   0.0000   0.0000   0.0000   0.0000   0.0000;
025:  0.3805   0.6380   0.8450   1.0535   1.2930   1.5355   1.8140   2.0960   2.3240   2.5585   2.8600   3.1480   3.3570   3.6275   3.9220   4.2000   0.0000   0.0000   0.0000   0.0000   0.0000   0.0000   0.0000;
026:  0.3820   0.6400   0.8470   1.0560   1.2955   1.5380   1.8170   2.0990   2.3270   2.5615   2.8630   3.1510   3.3580   3.6275   3.9225   4.2015   0.0000   0.0000   0.0000   0.0000   0.0000   0.0000   0.0000;
027:  0.3830   0.6415   0.8495   1.0590   1.2985   1.5415   1.8205   2.1020   2.3300   2.5645   2.8660   3.1540   3.3595   3.6275   3.9225   4.2030   0.0000   0.0000   0.0000   0.0000   0.0000   0.0000   0.0000;
028:  0.3840   0.6425   0.8510   1.0615   1.3015   1.5445   1.8235   2.1050   2.3330   2.5675   2.8685   3.1565   3.3610   3.6280   3.9230   4.2040   0.0000   0.0000   0.0000   0.0000   0.0000   0.0000   0.0000;
029:  0.3850   0.6440   0.8530   1.0635   1.3035   1.5470   1.8265   2.1080   2.3360   2.5705   2.8710   3.1590   3.3630   3.6290   3.9235   4.2050   0.0000   0.0000   0.0000   0.0000   0.0000   0.0000   0.0000;
030:  0.3860   0.6460   0.8555   1.0665   1.3065   1.5500   1.8295   2.1110   2.3390   2.5735   2.8735   3.1615   3.3645   3.6290   3.9235   0.0000   0.0000   0.0000   0.0000   0.0000   0.0000   0.0000   0.0000;
031:  0.3870   0.6475   0.8575   1.0685   1.3090   1.5525   1.8315   2.1130   2.3415   2.5760   2.8755   3.1640   3.3660   3.6295   0.0000   0.0000   0.0000   0.0000   0.0000   0.0000   0.0000   0.0000   0.0000;
032:  0.3880   0.6485   0.8590   1.0710   1.3115   1.5550   1.8345   2.1160   2.3445   2.5790   2.8780   3.1665   3.3680   3.6300   0.0000   0.0000   0.0000   0.0000   0.0000   0.0000   0.0000   0.0000   0.0000;
033:  0.3885   0.6500   0.8610   1.0735   1.3145   1.5580   1.8375   2.1190   2.3475   2.5815   2.8800   3.1690   3.3695   0.0000   0.0000   0.0000   0.0000   0.0000   0.0000   0.0000   0.0000   0.0000   0.0000;
034:  0.3895   0.6515   0.8630   1.0760   1.3170   1.5605   1.8405   2.1215   2.3500   2.5840   2.8820   3.1715   3.3715   0.0000   0.0000   0.0000   0.0000   0.0000   0.0000   0.0000   0.0000   0.0000   0.0000;
035:  0.3910   0.6530   0.8645   1.0780   1.3195   1.5630   1.8430   2.1245   2.3525   2.5860   2.8835   3.1735   3.3735   0.0000   0.0000   0.0000   0.0000   0.0000   0.0000   0.0000   0.0000   0.0000   0.0000;
036:  0.3915   0.6545   0.8670   1.0810   1.3220   1.5655   1.8460   2.1275   2.3555   2.5885   2.8855   3.1760   0.0000   0.0000   0.0000   0.0000   0.0000   0.0000   0.0000   0.0000   0.0000   0.0000   0.0000;
037:  0.3925   0.6560   0.8690   1.0830   1.3245   1.5685   1.8490   2.1300   2.3580   2.5905   2.8865   3.1780   0.0000   0.0000   0.0000   0.0000   0.0000   0.0000   0.0000   0.0000   0.0000   0.0000   0.0000;
038:  0.3940   0.6575   0.8705   1.0855   1.3270   1.5705   1.8510   2.1325   2.3610   2.5930   2.8885   3.1805   0.0000   0.0000   0.0000   0.0000   0.0000   0.0000   0.0000   0.0000   0.0000   0.0000   0.0000;
039:  0.3945   0.6590   0.8730   1.0885   1.3300   1.5735   1.8540   2.1350   2.3635   2.5955   2.8900   3.1825   0.0000   0.0000   0.0000   0.0000   0.0000   0.0000   0.0000   0.0000   0.0000   0.0000   0.0000;
040:  0.3955   0.6605   0.8750   1.0905   1.3320   1.5755   1.8565   2.1375   2.3660   2.5975   2.8915   3.1850   0.0000   0.0000   0.0000   0.0000   0.0000   0.0000   0.0000   0.0000   0.0000   0.0000   0.0000;
041:  0.3970   0.6625   0.8770   1.0930   1.3350   1.5780   1.8590   2.1405   2.3690   2.6000   2.8930   3.1870   0.0000   0.0000   0.0000   0.0000   0.0000   0.0000   0.0000   0.0000   0.0000   0.0000   0.0000;
042:  0.3975   0.6635   0.8785   1.0950   1.3370   1.5805   1.8615   2.1425   2.3715   2.6020   2.8945   3.1895   0.0000   0.0000   0.0000   0.0000   0.0000   0.0000   0.0000   0.0000   0.0000   0.0000   0.0000;
043:  0.3990   0.6655   0.8805   1.0970   1.3395   1.5830   1.8640   2.1455   2.3745   2.6045   2.8965   3.1920   0.0000   0.0000   0.0000   0.0000   0.0000   0.0000   0.0000   0.0000   0.0000   0.0000   0.0000;
044:  0.3995   0.6670   0.8825   1.0995   1.3420   1.5850   1.8665   2.1485   2.3775   2.6065   2.8975   3.1940   0.0000   0.0000   0.0000   0.0000   0.0000   0.0000   0.0000   0.0000   0.0000   0.0000   0.0000;
045:  0.4005   0.6680   0.8840   1.1015   1.3445   1.5880   1.8690   2.1505   2.3800   2.6090   2.8995   3.1965   0.0000   0.0000   0.0000   0.0000   0.0000   0.0000   0.0000   0.0000   0.0000   0.0000   0.0000;
046:  0.4020   0.6700   0.8865   1.1045   1.3470   1.5900   1.8715   2.1535   2.3830   2.6115   2.9015   3.1995   0.0000   0.0000   0.0000   0.0000   0.0000   0.0000   0.0000   0.0000   0.0000   0.0000   0.0000;
047:  0.4025   0.6715   0.8885   1.1065   1.3495   1.5925   1.8740   2.1560   2.3855   2.6135   2.9030   3.2015   0.0000   0.0000   0.0000   0.0000   0.0000   0.0000   0.0000   0.0000   0.0000   0.0000   0.0000;
048:  0.4040   0.6730   0.8900   1.1085   1.3515   1.5945   1.8760   2.1585   2.3885   2.6160   2.9050   3.2040   0.0000   0.0000   0.0000   0.0000   0.0000   0.0000   0.0000   0.0000   0.0000   0.0000   0.0000;
049:  0.4050   0.6745   0.8920   1.1105   1.3535   1.5965   1.8785   2.1610   2.3910   2.6185   2.9070   3.2070   0.0000   0.0000   0.0000   0.0000   0.0000   0.0000   0.0000   0.0000   0.0000   0.0000   0.0000;
050:  0.4060   0.6765   0.8940   1.1130   1.3565   1.5995   1.8810   2.1635   2.3940   2.6210   2.9090   3.2090   0.0000   0.0000   0.0000   0.0000   0.0000   0.0000   0.0000   0.0000   0.0000   0.0000   0.0000;
051:  0.4070   0.6775   0.8955   1.1150   1.3585   1.6015   1.8835   2.1665   2.3970   2.6235   2.9115   3.2120   0.0000   0.0000   0.0000   0.0000   0.0000   0.0000   0.0000   0.0000   0.0000   0.0000   0.0000;
052:  0.4080   0.6790   0.8975   1.1170   1.3605   1.6035   1.8855   2.1685   2.3995   2.6260   2.9135   3.2145   0.0000   0.0000   0.0000   0.0000   0.0000   0.0000   0.0000   0.0000   0.0000   0.0000   0.0000;
053:  0.4090   0.6810   0.8995   1.1190   1.3625   1.6055   1.8875   2.1710   2.4020   2.6280   2.9160   3.2175   0.0000   0.0000   0.0000   0.0000   0.0000   0.0000   0.0000   0.0000   0.0000   0.0000   0.0000;
054:  0.4105   0.6825   0.9010   1.1210   1.3650   1.6080   1.8900   2.1735   2.4045   2.6305   2.9180   3.2200   0.0000   0.0000   0.0000   0.0000   0.0000   0.0000   0.0000   0.0000   0.0000   0.0000   0.0000;
055:  0.4115   0.6840   0.9030   1.1230   1.3670   1.6100   1.8920   2.1760   2.4070   2.6325   2.9205   3.2230   0.0000   0.0000   0.0000   0.0000   0.0000   0.0000   0.0000   0.0000   0.0000   0.0000   0.0000;
056:  0.4125   0.6855   0.9050   1.1250   1.3690   1.6120   1.8940   2.1785   2.4100   2.6350   2.9230   3.2260   0.0000   0.0000   0.0000   0.0000   0.0000   0.0000   0.0000   0.0000   0.0000   0.0000   0.0000;
057:  0.4140   0.6870   0.9065   1.1270   1.3710   1.6140   1.8960   2.1805   2.4120   2.6375   2.9260   3.2290   0.0000   0.0000   0.0000   0.0000   0.0000   0.0000   0.0000   0.0000   0.0000   0.0000   0.0000;
058:  0.4150   0.6885   0.9085   1.1290   1.3730   1.6160   1.8980   2.1830   2.4145   2.6395   2.9285   3.2320   0.0000   0.0000   0.0000   0.0000   0.0000   0.0000   0.0000   0.0000   0.0000   0.0000   0.0000;
059:  0.4160   0.6900   0.9095   1.1305   1.3750   1.6180   1.9000   2.1850   2.4165   2.6420   2.9315   3.2350   0.0000   0.0000   0.0000   0.0000   0.0000   0.0000   0.0000   0.0000   0.0000   0.0000   0.0000;
060:  0.4170   0.6915   0.9115   1.1320   1.3760   1.6195   1.9020   2.1875   2.4195   2.6445   2.9340   3.2385   0.0000   0.0000   0.0000   0.0000   0.0000   0.0000   0.0000   0.0000   0.0000   0.0000   0.0000;
061:  0.4180   0.6925   0.9130   1.1340   1.3780   1.6215   1.9040   2.1895   2.4210   2.6465   2.9370   3.2415   0.0000   0.0000   0.0000   0.0000   0.0000   0.0000   0.0000   0.0000   0.0000   0.0000   0.0000;
062:  0.4195   0.6945   0.9145   1.1355   1.3800   1.6235   1.9060   2.1915   2.4230   2.6485   2.9390   3.2440   0.0000   0.0000   0.0000   0.0000   0.0000   0.0000   0.0000   0.0000   0.0000   0.0000   0.0000;
063:  0.4205   0.6955   0.9160   1.1375   1.3820   1.6255   1.9080   2.1935   2.4250   2.6510   2.9420   3.2470   0.0000   0.0000   0.0000   0.0000   0.0000   0.0000   0.0000   0.0000   0.0000   0.0000   0.0000;
064:  0.4215   0.6965   0.9170   1.1385   1.3830   1.6265   1.9090   2.1955   2.4275   2.6530   2.9445   3.2500   0.0000   0.0000   0.0000   0.0000   0.0000   0.0000   0.0000   0.0000   0.0000   0.0000   0.0000;
065:  0.4230   0.6985   0.9185   1.1400   1.3850   1.6285   1.9110   2.1975   2.4290   2.6550   2.9475   3.2535   0.0000   0.0000   0.0000   0.0000   0.0000   0.0000   0.0000   0.0000   0.0000   0.0000   0.0000;
066:  0.4235   0.6995   0.9200   1.1415   1.3860   1.6300   1.9130   2.1995   2.4310   2.6570   2.9500   3.2565   0.0000   0.0000   0.0000   0.0000   0.0000   0.0000   0.0000   0.0000   0.0000   0.0000   0.0000;
067:  0.4245   0.7010   0.9215   1.1425   1.3870   1.6310   1.9140   2.2005   2.4320   2.6590   2.9530   3.2595   0.0000   0.0000   0.0000   0.0000   0.0000   0.0000   0.0000   0.0000   0.0000   0.0000   0.0000;
068:  0.4255   0.7020   0.9225   1.1440   1.3890   1.6325   1.9155   2.2025   2.4335   2.6605   2.9550   3.2620   0.0000   0.0000   0.0000   0.0000   0.0000   0.0000   0.0000   0.0000   0.0000   0.0000   0.0000;
069:  0.4265   0.7030   0.9235   1.1450   1.3900   1.6340   1.9170   2.2040   2.4350   2.6620   2.9575   3.2655   0.0000   0.0000   0.0000   0.0000   0.0000   0.0000   0.0000   0.0000   0.0000   0.0000   0.0000;
070:  0.4270   0.7040   0.9245   1.1460   1.3910   1.6350   1.9180   2.2050   2.4360   2.6635   2.9595   3.2680   0.0000   0.0000   0.0000   0.0000   0.0000   0.0000   0.0000   0.0000   0.0000   0.0000   0.0000;
071:  0.4280   0.7050   0.9255   1.1470   1.3920   1.6360   1.9195   2.2070   2.4375   2.6650   2.9615   3.2705   0.0000   0.0000   0.0000   0.0000   0.0000   0.0000   0.0000   0.0000   0.0000   0.0000   0.0000;
072:  0.4290   0.7065   0.9270   1.1480   1.3930   1.6370   1.9205   2.2080   2.4385   2.6665   2.9635   3.2730   0.0000   0.0000   0.0000   0.0000   0.0000   0.0000   0.0000   0.0000   0.0000   0.0000   0.0000;
073:  0.4290   0.7070   0.9275   1.1485   1.3935   1.6375   1.9215   2.2090   2.4395   2.6680   2.9655   3.2755   0.0000   0.0000   0.0000   0.0000   0.0000   0.0000   0.0000   0.0000   0.0000   0.0000   0.0000;
074:  0.4300   0.7080   0.9285   1.1495   1.3945   1.6385   1.9225   2.2100   2.4405   2.6695   2.9670   3.2775   0.0000   0.0000   0.0000   0.0000   0.0000   0.0000   0.0000   0.0000   0.0000   0.0000   0.0000;
075:  0.4305   0.7085   0.9285   1.1500   1.3955   1.6395   1.9235   2.2110   2.4415   2.6705   2.9685   3.2800   0.0000   0.0000   0.0000   0.0000   0.0000   0.0000   0.0000   0.0000   0.0000   0.0000   0.0000;
076:  0.4310   0.7090   0.9295   1.1505   1.3955   1.6400   1.9245   2.2120   2.4420   2.6710   2.9695   3.2820   0.0000   0.0000   0.0000   0.0000   0.0000   0.0000   0.0000   0.0000   0.0000   0.0000   0.0000;
077:  0.4315   0.7100   0.9300   1.1510   1.3965   1.6405   1.9245   2.2120   2.4425   2.6720   2.9705   3.2835   0.0000   0.0000   0.0000   0.0000   0.0000   0.0000   0.0000   0.0000   0.0000   0.0000   0.0000;
078:  0.4325   0.7110   0.9310   1.1515   1.3965   1.6410   1.9255   2.2130   2.4435   2.6730   2.9715   3.2855   0.0000   0.0000   0.0000   0.0000   0.0000   0.0000   0.0000   0.0000   0.0000   0.0000   0.0000;
079:  0.4325   0.7110   0.9310   1.1520   1.3975   1.6415   1.9260   2.2135   2.4435   2.6735   2.9720   3.2865   0.0000   0.0000   0.0000   0.0000   0.0000   0.0000   0.0000   0.0000   0.0000   0.0000   0.0000;
080:  0.4325   0.7115   0.9315   1.1520   1.3975   1.6415   1.9260   2.2140   2.4440   2.6740   2.9730   3.2885   0.0000   0.0000   0.0000   0.0000   0.0000   0.0000   0.0000   0.0000   0.0000   0.0000   0.0000;
081:  0.4330   0.7125   0.9320   1.1520   1.3975   1.6420   1.9270   2.2145   2.4445   2.6745   2.9730   3.2890   0.0000   0.0000   0.0000   0.0000   0.0000   0.0000   0.0000   0.0000   0.0000   0.0000   0.0000;
082:  0.4335   0.7125   0.9320   1.1525   1.3980   1.6420   1.9270   2.2145   2.4445   2.6745   2.9730   3.2900   0.0000   0.0000   0.0000   0.0000   0.0000   0.0000   0.0000   0.0000   0.0000   0.0000   0.0000;
083:  0.4335   0.7125   0.9320   1.1525   1.3980   1.6420   1.9270   2.2140   2.4440   2.6745   2.9730   3.2905   0.0000   0.0000   0.0000   0.0000   0.0000   0.0000   0.0000   0.0000   0.0000   0.0000   0.0000;
084:  0.4335   0.7125   0.9320   1.1525   1.3980   1.6420   1.9270   2.2140   2.4440   2.6745   2.9725   3.2910   0.0000   0.0000   0.0000   0.0000   0.0000   0.0000   0.0000   0.0000   0.0000   0.0000   0.0000;
085:  0.4335   0.7130   0.9325   1.1520   1.3975   1.6420   1.9270   2.2135   2.4435   2.6745   2.9725   3.2915   0.0000   0.0000   0.0000   0.0000   0.0000   0.0000   0.0000   0.0000   0.0000   0.0000   0.0000;
086:  0.4335   0.7130   0.9320   1.1515   1.3975   1.6415   1.9265   2.2135   2.4435   2.6740   2.9715   3.2910   0.0000   0.0000   0.0000   0.0000   0.0000   0.0000   0.0000   0.0000   0.0000   0.0000   0.0000;
087:  0.4335   0.7130   0.9320   1.1515   1.3975   1.6415   1.9265   2.2130   2.4430   2.6740   2.9710   3.2905   0.0000   0.0000   0.0000   0.0000   0.0000   0.0000   0.0000   0.0000   0.0000   0.0000   0.0000;
088:  0.4330   0.7130   0.9320   1.1515   1.3970   1.6410   1.9265   2.2125   2.4425   2.6735   2.9700   3.2900   0.0000   0.0000   0.0000   0.0000   0.0000   0.0000   0.0000   0.0000   0.0000   0.0000   0.0000;
089:  0.4330   0.7125   0.9310   1.1505   1.3965   1.6405   1.9255   2.2115   2.4420   2.6730   2.9685   3.2890   0.0000   0.0000   0.0000   0.0000   0.0000   0.0000   0.0000   0.0000   0.0000   0.0000   0.0000;
090:  0.4330   0.7125   0.9310   1.1500   1.3960   1.6405   1.9255   2.2110   2.4410   2.6720   2.9675   3.2885   0.0000   0.0000   0.0000   0.0000   0.0000   0.0000   0.0000   0.0000   0.0000   0.0000   0.0000;
091:  0.4330   0.7125   0.9305   1.1495   1.3955   1.6395   1.9245   2.2100   2.4405   2.6715   2.9665   3.2875   0.0000   0.0000   0.0000   0.0000   0.0000   0.0000   0.0000   0.0000   0.0000   0.0000   0.0000;
092:  0.4320   0.7115   0.9300   1.1490   1.3950   1.6395   1.9245   2.2095   2.4400   2.6710   2.9650   3.2860   0.0000   0.0000   0.0000   0.0000   0.0000   0.0000   0.0000   0.0000   0.0000   0.0000   0.0000;
093:  0.4320   0.7115   0.9295   1.1480   1.3940   1.6385   1.9235   2.2080   2.4385   2.6695   2.9635   3.2850   0.0000   0.0000   0.0000   0.0000   0.0000   0.0000   0.0000   0.0000   0.0000   0.0000   0.0000;
094:  0.4315   0.7105   0.9290   1.1475   1.3930   1.6375   1.9225   2.2070   2.4375   2.6685   2.9620   3.2830   0.0000   0.0000   0.0000   0.0000   0.0000   0.0000   0.0000   0.0000   0.0000   0.0000   0.0000;
095:  0.4310   0.7100   0.9280   1.1465   1.3925   1.6375   1.9220   2.2055   2.4360   2.6675   2.9605   3.2810   0.0000   0.0000   0.0000   0.0000   0.0000   0.0000   0.0000   0.0000   0.0000   0.0000   0.0000;
096:  0.4305   0.7095   0.9275   1.1455   1.3915   1.6365   1.9205   2.2040   2.4350   2.6660   2.9585   3.2790   0.0000   0.0000   0.0000   0.0000   0.0000   0.0000   0.0000   0.0000   0.0000   0.0000   0.0000;
097:  0.4300   0.7090   0.9265   1.1445   1.3905   1.6355   1.9195   2.2025   2.4335   2.6650   2.9570   3.2770   0.0000   0.0000   0.0000   0.0000   0.0000   0.0000   0.0000   0.0000   0.0000   0.0000   0.0000;
098:  0.4295   0.7080   0.9255   1.1435   1.3895   1.6345   1.9185   2.2010   2.4320   2.6635   2.9555   3.2750   0.0000   0.0000   0.0000   0.0000   0.0000   0.0000   0.0000   0.0000   0.0000   0.0000   0.0000;
099:  0.4285   0.7070   0.9250   1.1425   1.3880   1.6335   1.9170   2.1990   2.4305   2.6620   2.9535   3.2730   0.0000   0.0000   0.0000   0.0000   0.0000   0.0000   0.0000   0.0000   0.0000   0.0000   0.0000;
100:  0.4280   0.7060   0.9240   1.1415   1.3870   1.6325   1.9160   2.1980   2.4290   2.6605   2.9520   3.2705   0.0000   0.0000   0.0000   0.0000   0.0000   0.0000   0.0000   0.0000   0.0000   0.0000   0.0000;
101:  0.4270   0.7045   0.9225   1.1405   1.3860   1.6315   1.9145   2.1960   2.4275   2.6590   2.9500   3.2680   0.0000   0.0000   0.0000   0.0000   0.0000   0.0000   0.0000   0.0000   0.0000   0.0000   0.0000;
102:  0.4265   0.7035   0.9215   1.1395   1.3850   1.6305   1.9130   2.1940   2.4255   2.6570   2.9480   3.2655   0.0000   0.0000   0.0000   0.0000   0.0000   0.0000   0.0000   0.0000   0.0000   0.0000   0.0000;
103:  0.4255   0.7025   0.9205   1.1380   1.3835   1.6295   1.9120   2.1925   2.4235   2.6550   2.9465   3.2635   0.0000   0.0000   0.0000   0.0000   0.0000   0.0000   0.0000   0.0000   0.0000   0.0000   0.0000;
104:  0.4245   0.7010   0.9190   1.1365   1.3820   1.6285   1.9105   2.1905   2.4215   2.6530   2.9445   3.2605   0.0000   0.0000   0.0000   0.0000   0.0000   0.0000   0.0000   0.0000   0.0000   0.0000   0.0000;
105:  0.4240   0.7000   0.9175   1.1350   1.3805   1.6270   1.9090   2.1885   2.4195   2.6510   2.9430   3.2585   0.0000   0.0000   0.0000   0.0000   0.0000   0.0000   0.0000   0.0000   0.0000   0.0000   0.0000;
106:  0.4230   0.6990   0.9165   1.1340   1.3795   1.6260   1.9075   2.1865   2.4175   2.6490   2.9410   3.2560   0.0000   0.0000   0.0000   0.0000   0.0000   0.0000   0.0000   0.0000   0.0000   0.0000   0.0000;
107:  0.4220   0.6975   0.9150   1.1325   1.3780   1.6245   1.9055   2.1845   2.4155   2.6470   2.9395   3.2540   0.0000   0.0000   0.0000   0.0000   0.0000   0.0000   0.0000   0.0000   0.0000   0.0000   0.0000;
108:  0.4210   0.6960   0.9135   1.1310   1.3760   1.6230   1.9035   2.1820   2.4135   2.6450   2.9380   3.2520   0.0000   0.0000   0.0000   0.0000   0.0000   0.0000   0.0000   0.0000   0.0000   0.0000   0.0000;
109:  0.4200   0.6945   0.9120   1.1295   1.3745   1.6210   1.9015   2.1800   2.4115   2.6435   2.9370   3.2500   0.0000   0.0000   0.0000   0.0000   0.0000   0.0000   0.0000   0.0000   0.0000   0.0000   0.0000;
110:  0.4190   0.6930   0.9105   1.1280   1.3730   1.6200   1.9000   2.1780   2.4090   2.6410   2.9355   3.2480   0.0000   0.0000   0.0000   0.0000   0.0000   0.0000   0.0000   0.0000   0.0000   0.0000   0.0000;
111:  0.4180   0.6915   0.9090   1.1265   1.3710   1.6180   1.8980   2.1760   2.4070   2.6385   2.9330   3.2455   0.0000   0.0000   0.0000   0.0000   0.0000   0.0000   0.0000   0.0000   0.0000   0.0000   0.0000;
112:  0.4165   0.6900   0.9075   1.1250   1.3695   1.6165   1.8960   2.1735   2.4045   2.6360   2.9315   3.2440   0.0000   0.0000   0.0000   0.0000   0.0000   0.0000   0.0000   0.0000   0.0000   0.0000   0.0000;
113:  0.4160   0.6885   0.9055   1.1230   1.3680   1.6150   1.8940   2.1715   2.4020   2.6335   2.9300   3.2420   0.0000   0.0000   0.0000   0.0000   0.0000   0.0000   0.0000   0.0000   0.0000   0.0000   0.0000;
114:  0.4145   0.6865   0.9040   1.1215   1.3660   1.6130   1.8920   2.1695   2.4000   2.6315   2.9290   3.2410   0.0000   0.0000   0.0000   0.0000   0.0000   0.0000   0.0000   0.0000   0.0000   0.0000   0.0000;
115:  0.4135   0.6850   0.9020   1.1200   1.3645   1.6110   1.8895   2.1670   2.3975   2.6290   2.9275   3.2395   0.0000   0.0000   0.0000   0.0000   0.0000   0.0000   0.0000   0.0000   0.0000   0.0000   0.0000;
116:  0.4125   0.6840   0.9010   1.1185   1.3625   1.6090   1.8875   2.1650   2.3955   2.6270   2.9260   3.2380   0.0000   0.0000   0.0000   0.0000   0.0000   0.0000   0.0000   0.0000   0.0000   0.0000   0.0000;
117:  0.4110   0.6820   0.8990   1.1165   1.3605   1.6070   1.8850   2.1625   2.3930   2.6245   2.9245   3.2365   0.0000   0.0000   0.0000   0.0000   0.0000   0.0000   0.0000   0.0000   0.0000   0.0000   0.0000;
118:  0.4095   0.6800   0.8970   1.1150   1.3590   1.6050   1.8830   2.1605   2.3905   2.6220   2.9230   3.2355   0.0000   0.0000   0.0000   0.0000   0.0000   0.0000   0.0000   0.0000   0.0000   0.0000   0.0000;
119:  0.4085   0.6785   0.8950   1.1130   1.3570   1.6030   1.8805   2.1585   2.3885   2.6195   2.9215   3.2340   0.0000   0.0000   0.0000   0.0000   0.0000   0.0000   0.0000   0.0000   0.0000   0.0000   0.0000;
120:  0.4075   0.6765   0.8930   1.1110   1.3550   1.6010   1.8785   2.1565   2.3865   2.6175   2.9200   3.2330   0.0000   0.0000   0.0000   0.0000   0.0000   0.0000   0.0000   0.0000   0.0000   0.0000   0.0000;
121:  0.4060   0.6750   0.8915   1.1095   1.3525   1.5980   1.8760   2.1545   2.3840   2.6145   2.9180   3.2320   0.0000   0.0000   0.0000   0.0000   0.0000   0.0000   0.0000   0.0000   0.0000   0.0000   0.0000;
122:  0.4050   0.6735   0.8900   1.1080   1.3510   1.5960   1.8735   2.1520   2.3815   2.6120   2.9170   3.2310   0.0000   0.0000   0.0000   0.0000   0.0000   0.0000   0.0000   0.0000   0.0000   0.0000   0.0000;
123:  0.4040   0.6720   0.8880   1.1060   1.3490   1.5935   1.8710   2.1500   2.3790   2.6095   2.9150   3.2300   0.0000   0.0000   0.0000   0.0000   0.0000   0.0000   0.0000   0.0000   0.0000   0.0000   0.0000;
124:  0.4025   0.6700   0.8860   1.1040   1.3470   1.5915   1.8685   2.1475   2.3770   2.6070   2.9130   3.2290   0.0000   0.0000   0.0000   0.0000   0.0000   0.0000   0.0000   0.0000   0.0000   0.0000   0.0000;
125:  0.4015   0.6685   0.8835   1.1015   1.3445   1.5885   1.8660   2.1460   2.3750   2.6045   2.9115   3.2280   3.4390   3.6725   0.0000   0.0000   0.0000   0.0000   0.0000   0.0000   0.0000   0.0000   0.0000;
126:  0.4000   0.6670   0.8820   1.0995   1.3425   1.5860   1.8630   2.1435   2.3730   2.6020   2.9095   3.2270   3.4395   3.6750   0.0000   0.0000   0.0000   0.0000   0.0000   0.0000   0.0000   0.0000   0.0000;
127:  0.3990   0.6655   0.8800   1.0975   1.3400   1.5830   1.8605   2.1415   2.3705   2.5995   2.9075   3.2255   3.4395   3.6765   0.0000   0.0000   0.0000   0.0000   0.0000   0.0000   0.0000   0.0000   0.0000;
128:  0.3975   0.6635   0.8780   1.0955   1.3380   1.5805   1.8575   2.1390   2.3680   2.5965   2.9055   3.2245   3.4400   3.6790   0.0000   0.0000   0.0000   0.0000   0.0000   0.0000   0.0000   0.0000   0.0000;
129:  0.3965   0.6620   0.8760   1.0935   1.3355   1.5775   1.8550   2.1370   2.3660   2.5945   2.9035   3.2230   3.4405   3.6810   0.0000   0.0000   0.0000   0.0000   0.0000   0.0000   0.0000   0.0000   0.0000;
130:  0.3950   0.6605   0.8745   1.0915   1.3330   1.5745   1.8520   2.1345   2.3635   2.5915   2.9010   3.2215   3.4410   3.6830   0.0000   0.0000   0.0000   0.0000   0.0000   0.0000   0.0000   0.0000   0.0000;
131:  0.3940   0.6590   0.8725   1.0895   1.3310   1.5720   1.8495   2.1325   2.3610   2.5890   2.8990   3.2200   3.4415   3.6850   0.0000   0.0000   0.0000   0.0000   0.0000   0.0000   0.0000   0.0000   0.0000;
132:  0.3925   0.6570   0.8705   1.0875   1.3285   1.5690   1.8465   2.1300   2.3585   2.5860   2.8960   3.2180   3.4420   3.6870   0.0000   0.0000   0.0000   0.0000   0.0000   0.0000   0.0000   0.0000   0.0000;
133:  0.3915   0.6555   0.8680   1.0850   1.3265   1.5665   1.8440   2.1275   2.3560   2.5835   2.8935   3.2160   3.4415   3.6885   0.0000   0.0000   0.0000   0.0000   0.0000   0.0000   0.0000   0.0000   0.0000;
134:  0.3905   0.6545   0.8665   1.0830   1.3240   1.5635   1.8410   2.1250   2.3535   2.5805   2.8905   3.2135   3.4415   3.6905   0.0000   0.0000   0.0000   0.0000   0.0000   0.0000   0.0000   0.0000   0.0000;
135:  0.3890   0.6525   0.8645   1.0810   1.3215   1.5600   1.8375   2.1225   2.3515   2.5780   2.8875   3.2110   3.4415   3.6920   0.0000   0.0000   0.0000   0.0000   0.0000   0.0000   0.0000   0.0000   0.0000;
136:  0.3885   0.6510   0.8625   1.0785   1.3185   1.5570   1.8350   2.1200   2.3485   2.5755   2.8850   3.2085   3.4410   3.6930   0.0000   0.0000   0.0000   0.0000   0.0000   0.0000   0.0000   0.0000   0.0000;
137:  0.3875   0.6500   0.8605   1.0760   1.3160   1.5540   1.8320   2.1175   2.3460   2.5725   2.8820   3.2060   3.4405   3.6940   0.0000   0.0000   0.0000   0.0000   0.0000   0.0000   0.0000   0.0000   0.0000;
138:  0.3860   0.6480   0.8585   1.0740   1.3135   1.5510   1.8295   2.1150   2.3430   2.5695   2.8785   3.2025   3.4395   3.6945   3.9730   0.0000   0.0000   0.0000   0.0000   0.0000   0.0000   0.0000   0.0000;
139:  0.3850   0.6465   0.8565   1.0715   1.3110   1.5480   1.8260   2.1120   2.3400   2.5665   2.8750   3.1990   3.4385   3.6950   3.9730   0.0000   0.0000   0.0000   0.0000   0.0000   0.0000   0.0000   0.0000;
140:  0.3840   0.6455   0.8550   1.0695   1.3085   1.5450   1.8230   2.1090   2.3370   2.5635   2.8715   3.1950   3.4365   3.6950   3.9730   4.2565   0.0000   0.0000   0.0000   0.0000   0.0000   0.0000   0.0000;
141:  0.3830   0.6440   0.8525   1.0665   1.3055   1.5420   1.8200   2.1060   2.3340   2.5600   2.8675   3.1910   3.4345   3.6945   3.9725   4.2565   0.0000   0.0000   0.0000   0.0000   0.0000   0.0000   0.0000;
142:  0.3820   0.6420   0.8505   1.0640   1.3025   1.5390   1.8170   2.1030   2.3310   2.5570   2.8640   3.1875   3.4330   3.6940   3.9720   4.2565   0.0000   0.0000   0.0000   0.0000   0.0000   0.0000   0.0000;
143:  0.3810   0.6410   0.8490   1.0620   1.3000   1.5355   1.8135   2.1000   2.3280   2.5540   2.8600   3.1825   3.4300   3.6925   3.9705   4.2560   0.0000   0.0000   0.0000   0.0000   0.0000   0.0000   0.0000;
144:  0.3800   0.6395   0.8470   1.0595   1.2970   1.5325   1.8110   2.0970   2.3240   2.5500   2.8555   3.1775   3.4270   3.6910   3.9690   4.2550   0.0000   0.0000   0.0000   0.0000   0.0000   0.0000   0.0000;
145:  0.3795   0.6380   0.8450   1.0575   1.2945   1.5295   1.8080   2.0940   2.3210   2.5470   2.8515   3.1725   3.4235   3.6885   3.9665   4.2530   0.0000   0.0000   0.0000   0.0000   0.0000   0.0000   0.0000;
146:  0.3780   0.6365   0.8430   1.0545   1.2915   1.5260   1.8045   2.0905   2.3170   2.5435   2.8475   3.1675   3.4200   3.6860   3.9640   4.2510   0.0000   0.0000   0.0000   0.0000   0.0000   0.0000   0.0000;
147:  0.3770   0.6350   0.8410   1.0520   1.2880   1.5225   1.8015   2.0870   2.3135   2.5400   2.8430   3.1620   3.4155   3.6825   3.9610   4.2490   0.0000   0.0000   0.0000   0.0000   0.0000   0.0000   0.0000;
148:  0.3760   0.6335   0.8390   1.0500   1.2855   1.5195   1.7980   2.0835   2.3100   2.5360   2.8380   3.1560   3.4115   3.6795   3.9575   4.2460   0.0000   0.0000   0.0000   0.0000   0.0000   0.0000   0.0000;
149:  0.3755   0.6325   0.8375   1.0475   1.2825   1.5165   1.7950   2.0800   2.3060   2.5325   2.8340   3.1505   3.4065   3.6750   3.9535   4.2425   0.0000   0.0000   0.0000   0.0000   0.0000   0.0000   0.0000;
150:  0.3745   0.6310   0.8355   1.0450   1.2795   1.5130   1.7915   2.0765   2.3020   2.5285   2.8290   3.1440   3.4010   3.6705   3.9495   4.2390   0.0000   0.0000   0.0000   0.0000   0.0000   0.0000   0.0000;
151:  0.3735   0.6295   0.8335   1.0430   1.2770   1.5100   1.7885   2.0730   2.2980   2.5245   2.8240   3.1375   3.3955   3.6660   3.9450   4.2345   0.0000   0.0000   0.0000   0.0000   0.0000   0.0000   0.0000;
152:  0.3730   0.6285   0.8315   1.0400   1.2740   1.5070   1.7855   2.0695   2.2940   2.5205   2.8190   3.1315   3.3900   3.6600   3.9395   4.2300   0.0000   0.0000   0.0000   0.0000   0.0000   0.0000   0.0000;
153:  0.3715   0.6265   0.8295   1.0375   1.2710   1.5040   1.7825   2.0655   2.2895   2.5165   2.8140   3.1245   3.3835   3.6545   3.9345   4.2245   0.0000   0.0000   0.0000   0.0000   0.0000   0.0000   0.0000;
154:  0.3710   0.6255   0.8280   1.0350   1.2680   1.5010   1.7795   2.0620   2.2855   2.5125   2.8090   3.1180   3.3770   3.6480   3.9285   4.2190   0.0000   0.0000   0.0000   0.0000   0.0000   0.0000   0.0000;
155:  0.3700   0.6240   0.8260   1.0330   1.2655   1.4980   1.7765   2.0585   2.2815   2.5080   2.8035   3.1110   3.3700   3.6410   3.9215   4.2120   0.0000   0.0000   0.0000   0.0000   0.0000   0.0000   0.0000;
156:  0.3690   0.6230   0.8245   1.0305   1.2625   1.4950   1.7730   2.0540   2.2765   2.5035   2.7980   3.1040   3.3635   3.6340   3.9150   4.2055   0.0000   0.0000   0.0000   0.0000   0.0000   0.0000   0.0000;
157:  0.3685   0.6215   0.8225   1.0280   1.2590   1.4915   1.7700   2.0505   2.2725   2.4990   2.7925   3.0970   3.3560   3.6265   3.9080   4.1985   0.0000   0.0000   0.0000   0.0000   0.0000   0.0000   0.0000;
158:  0.3675   0.6200   0.8205   1.0260   1.2565   1.4885   1.7670   2.0470   2.2680   2.4945   2.7870   3.0895   3.3485   3.6190   3.9010   4.1910   0.0000   0.0000   0.0000   0.0000   0.0000   0.0000   0.0000;
159:  0.3665   0.6190   0.8195   1.0245   1.2540   1.4850   1.7635   2.0430   2.2635   2.4900   2.7815   3.0830   3.3410   3.6105   3.8935   4.1830   0.0000   0.0000   0.0000   0.0000   0.0000   0.0000   0.0000;
160:  0.3660   0.6180   0.8180   1.0220   1.2510   1.4825   1.7605   2.0390   2.2590   2.4850   2.7755   3.0755   3.3330   3.6020   3.8860   4.1750   0.0000   0.0000   0.0000   0.0000   0.0000   0.0000   0.0000;
161:  0.3655   0.6170   0.8160   1.0200   1.2485   1.4795   1.7575   2.0350   2.2540   2.4800   2.7700   3.0685   3.3250   3.5935   3.8780   4.1665   0.0000   0.0000   0.0000   0.0000   0.0000   0.0000   0.0000;
162:  0.3650   0.6160   0.8145   1.0175   1.2455   1.4760   1.7540   2.0315   2.2500   2.4755   2.7640   3.0610   3.3170   3.5845   3.8695   4.1575   0.0000   0.0000   0.0000   0.0000   0.0000   0.0000   0.0000;
163:  0.3640   0.6150   0.8130   1.0155   1.2435   1.4740   1.7515   2.0275   2.2450   2.4705   2.7585   3.0540   3.3085   3.5755   3.8615   4.1480   0.0000   0.0000   0.0000   0.0000   0.0000   0.0000   0.0000;
164:  0.3630   0.6140   0.8120   1.0140   1.2410   1.4710   1.7485   2.0240   2.2405   2.4655   2.7525   3.0470   3.3005   3.5660   3.8530   4.1390   0.0000   0.0000   0.0000   0.0000   0.0000   0.0000   0.0000;
165:  0.3625   0.6125   0.8100   1.0120   1.2385   1.4680   1.7450   2.0200   2.2365   2.4610   2.7470   3.0400   3.2925   3.5570   3.8440   4.1290   0.0000   0.0000   0.0000   0.0000   0.0000   0.0000   0.0000;
166:  0.3620   0.6120   0.8090   1.0105   1.2365   1.4655   1.7420   2.0160   2.2315   2.4560   2.7410   3.0325   3.2840   3.5480   3.8360   4.1195   0.0000   0.0000   0.0000   0.0000   0.0000   0.0000   0.0000;
167:  0.3615   0.6110   0.8075   1.0085   1.2340   1.4625   1.7390   2.0125   2.2270   2.4505   2.7350   3.0260   3.2760   3.5385   3.8270   4.1095   0.0000   0.0000   0.0000   0.0000   0.0000   0.0000   0.0000;
168:  0.3605   0.6100   0.8065   1.0070   1.2315   1.4595   1.7360   2.0090   2.2225   2.4455   2.7290   3.0190   3.2680   3.5295   3.8190   4.0995   0.0000   0.0000   0.0000   0.0000   0.0000   0.0000   0.0000;
169:  0.3600   0.6095   0.8050   1.0050   1.2295   1.4570   1.7325   2.0045   2.2180   2.4405   2.7230   3.0125   3.2600   3.5205   3.8105   4.0895   0.0000   0.0000   0.0000   0.0000   0.0000   0.0000   0.0000;
170:  0.3595   0.6085   0.8040   1.0040   1.2280   1.4545   1.7295   2.0010   2.2135   2.4355   2.7175   3.0055   3.2515   3.5115   3.8020   4.0790   0.0000   0.0000   0.0000   0.0000   0.0000   0.0000   0.0000;
171:  0.3590   0.6085   0.8035   1.0025   1.2255   1.4520   1.7270   1.9975   2.2090   2.4300   2.7110   2.9985   3.2435   3.5025   3.7940   4.0695   0.0000   0.0000   0.0000   0.0000   0.0000   0.0000   0.0000;
172:  0.3585   0.6075   0.8025   1.0010   1.2235   1.4495   1.7240   1.9940   2.2045   2.4245   2.7050   2.9920   3.2355   3.4935   3.7855   4.0595   0.0000   0.0000   0.0000   0.0000   0.0000   0.0000   0.0000;
173:  0.3580   0.6070   0.8015   1.0000   1.2220   1.4470   1.7205   1.9900   2.2005   2.4200   2.6995   2.9855   3.2275   3.4850   3.7780   4.0495   0.0000   0.0000   0.0000   0.0000   0.0000   0.0000   0.0000;
174:  0.3580   0.6070   0.8010   0.9990   1.2205   1.4450   1.7180   1.9865   2.1960   2.4145   2.6930   2.9790   3.2205   3.4770   0.0000   0.0000   0.0000   0.0000   0.0000   0.0000   0.0000   0.0000   0.0000;
175:  0.3580   0.6065   0.8000   0.9980   1.2190   1.4425   1.7150   1.9830   2.1915   2.4090   2.6870   2.9725   3.2130   3.4690   0.0000   0.0000   0.0000   0.0000   0.0000   0.0000   0.0000   0.0000   0.0000;
176:  0.3575   0.6060   0.7990   0.9965   1.2175   1.4410   1.7125   1.9795   2.1875   2.4040   2.6810   2.9660   3.2055   3.4615   0.0000   0.0000   0.0000   0.0000   0.0000   0.0000   0.0000   0.0000   0.0000;
177:  0.3575   0.6060   0.7985   0.9955   1.2160   1.4385   1.7095   1.9765   2.1835   2.3990   2.6755   2.9595   3.1980   3.4545   0.0000   0.0000   0.0000   0.0000   0.0000   0.0000   0.0000   0.0000   0.0000;
178:  0.3575   0.6060   0.7980   0.9945   1.2145   1.4365   1.7065   1.9725   2.1795   2.3940   2.6690   2.9530   3.1915   3.4475   0.0000   0.0000   0.0000   0.0000   0.0000   0.0000   0.0000   0.0000   0.0000;
179:  0.3570   0.6060   0.7980   0.9940   1.2135   1.4350   1.7040   1.9695   2.1760   2.3895   2.6635   2.9465   3.1845   3.4415   0.0000   0.0000   0.0000   0.0000   0.0000   0.0000   0.0000   0.0000   0.0000;
180:  0.3570   0.6055   0.7970   0.9930   1.2125   1.4335   1.7015   1.9660   2.1715   2.3840   2.6575   2.9405   3.1780   3.4350   0.0000   0.0000   0.0000   0.0000   0.0000   0.0000   0.0000   0.0000   0.0000;
181:  0.3570   0.6055   0.7970   0.9930   1.2115   1.4315   1.6990   1.9625   2.1675   2.3795   2.6520   2.9340   3.1710   3.4290   0.0000   0.0000   0.0000   0.0000   0.0000   0.0000   0.0000   0.0000   0.0000;
182:  0.3570   0.6055   0.7970   0.9925   1.2105   1.4300   1.6965   1.9595   2.1640   2.3745   2.6460   2.9275   3.1645   3.4240   0.0000   0.0000   0.0000   0.0000   0.0000   0.0000   0.0000   0.0000   0.0000;
183:  0.3570   0.6055   0.7965   0.9915   1.2095   1.4290   1.6940   1.9560   2.1605   2.3700   2.6405   2.9210   3.1580   3.4190   0.0000   0.0000   0.0000   0.0000   0.0000   0.0000   0.0000   0.0000   0.0000;
184:  0.3570   0.6055   0.7965   0.9915   1.2095   1.4280   1.6915   1.9530   2.1565   2.3650   2.6350   2.9150   3.1525   3.4145   0.0000   0.0000   0.0000   0.0000   0.0000   0.0000   0.0000   0.0000   0.0000;
185:  0.3575   0.6060   0.7965   0.9915   1.2090   1.4265   1.6890   1.9500   2.1530   2.3600   2.6290   2.9085   3.1460   3.4100   0.0000   0.0000   0.0000   0.0000   0.0000   0.0000   0.0000   0.0000   0.0000;
186:  0.3575   0.6065   0.7970   0.9910   1.2080   1.4255   1.6870   1.9470   2.1495   2.3560   2.6240   2.9020   3.1400   3.4060   0.0000   0.0000   0.0000   0.0000   0.0000   0.0000   0.0000   0.0000   0.0000;
187:  0.3580   0.6065   0.7970   0.9910   1.2080   1.4250   1.6855   1.9445   2.1460   2.3515   2.6185   2.8955   3.1345   3.4030   0.0000   0.0000   0.0000   0.0000   0.0000   0.0000   0.0000   0.0000   0.0000;
188:  0.3585   0.6070   0.7970   0.9910   1.2080   1.4245   1.6835   1.9415   2.1430   2.3475   2.6135   2.8895   3.1290   3.4000   0.0000   0.0000   0.0000   0.0000   0.0000   0.0000   0.0000   0.0000   0.0000;
189:  0.3585   0.6070   0.7975   0.9915   1.2075   1.4235   1.6815   1.9390   2.1400   2.3435   2.6085   2.8830   3.1235   3.3970   0.0000   0.0000   0.0000   0.0000   0.0000   0.0000   0.0000   0.0000   0.0000;
190:  0.3595   0.6080   0.7980   0.9915   1.2075   1.4235   1.6805   1.9365   2.1370   2.3395   2.6030   2.8765   3.1180   3.3945   0.0000   0.0000   0.0000   0.0000   0.0000   0.0000   0.0000   0.0000   0.0000;
191:  0.3595   0.6080   0.7985   0.9925   1.2080   1.4230   1.6785   1.9340   2.1340   2.3355   2.5985   2.8705   3.1130   3.3920   0.0000   0.0000   0.0000   0.0000   0.0000   0.0000   0.0000   0.0000   0.0000;
192:  0.3600   0.6090   0.7990   0.9925   1.2085   1.4235   1.6775   1.9320   2.1315   2.3320   2.5935   2.8640   3.1075   3.3900   0.0000   0.0000   0.0000   0.0000   0.0000   0.0000   0.0000   0.0000   0.0000;
193:  0.3605   0.6090   0.7995   0.9930   1.2085   1.4235   1.6765   1.9300   2.1290   2.3285   2.5890   2.8575   3.1020   0.0000   0.0000   0.0000   0.0000   0.0000   0.0000   0.0000   0.0000   0.0000   0.0000;
194:  0.3610   0.6100   0.8000   0.9935   1.2090   1.4235   1.6755   1.9280   2.1265   2.3255   2.5850   2.8515   0.0000   0.0000   0.0000   0.0000   0.0000   0.0000   0.0000   0.0000   0.0000   0.0000   0.0000;
195:  0.3620   0.6110   0.8010   0.9940   1.2095   1.4240   1.6745   1.9260   2.1240   2.3220   2.5805   2.8455   0.0000   0.0000   0.0000   0.0000   0.0000   0.0000   0.0000   0.0000   0.0000   0.0000   0.0000;
196:  0.3620   0.6110   0.8015   0.9950   1.2105   1.4250   1.6745   1.9250   2.1220   2.3190   2.5765   2.8395   0.0000   0.0000   0.0000   0.0000   0.0000   0.0000   0.0000   0.0000   0.0000   0.0000   0.0000;
197:  0.3630   0.6120   0.8025   0.9960   1.2115   1.4255   1.6735   1.9235   2.1205   2.3165   2.5725   2.8335   0.0000   0.0000   0.0000   0.0000   0.0000   0.0000   0.0000   0.0000   0.0000   0.0000   0.0000;
198:  0.3640   0.6130   0.8035   0.9970   1.2125   1.4265   1.6735   1.9225   2.1190   2.3140   2.5690   2.8280   0.0000   0.0000   0.0000   0.0000   0.0000   0.0000   0.0000   0.0000   0.0000   0.0000   0.0000;
199:  0.3640   0.6135   0.8045   0.9980   1.2135   1.4275   1.6735   1.9215   2.1175   2.3120   2.5655   2.8220   0.0000   0.0000   0.0000   0.0000   0.0000   0.0000   0.0000   0.0000   0.0000   0.0000   0.0000;
200:  0.3650   0.6145   0.8055   0.9990   1.2145   1.4290   1.6745   1.9210   2.1160   2.3095   2.5620   2.8165   0.0000   0.0000   0.0000   0.0000   0.0000   0.0000   0.0000   0.0000   0.0000   0.0000   0.0000;
201:  0.3655   0.6155   0.8065   1.0005   1.2165   1.4305   1.6750   1.9210   2.1155   2.3080   2.5590   2.8115   0.0000   0.0000   0.0000   0.0000   0.0000   0.0000   0.0000   0.0000   0.0000   0.0000   0.0000;
202:  0.3665   0.6165   0.8075   1.0015   1.2175   1.4320   1.6760   1.9210   2.1145   2.3065   2.5565   2.8060   0.0000   0.0000   0.0000   0.0000   0.0000   0.0000   0.0000   0.0000   0.0000   0.0000   0.0000;
203:  0.3665   0.6170   0.8090   1.0035   1.2195   1.4335   1.6765   1.9210   2.1145   2.3055   2.5540   2.8015   0.0000   0.0000   0.0000   0.0000   0.0000   0.0000   0.0000   0.0000   0.0000   0.0000   0.0000;
204:  0.3675   0.6180   0.8100   1.0045   1.2210   1.4360   1.6785   1.9215   2.1140   2.3045   2.5515   2.7965   0.0000   0.0000   0.0000   0.0000   0.0000   0.0000   0.0000   0.0000   0.0000   0.0000   0.0000;
205:  0.3680   0.6190   0.8110   1.0060   1.2230   1.4380   1.6800   1.9225   2.1145   2.3040   2.5495   2.7920   0.0000   0.0000   0.0000   0.0000   0.0000   0.0000   0.0000   0.0000   0.0000   0.0000   0.0000;
206:  0.3690   0.6200   0.8125   1.0080   1.2250   1.4400   1.6820   1.9240   2.1150   2.3040   2.5485   2.7885   0.0000   0.0000   0.0000   0.0000   0.0000   0.0000   0.0000   0.0000   0.0000   0.0000   0.0000;
207:  0.3695   0.6215   0.8145   1.0100   1.2270   1.4425   1.6840   1.9250   2.1155   2.3035   2.5465   2.7845   0.0000   0.0000   0.0000   0.0000   0.0000   0.0000   0.0000   0.0000   0.0000   0.0000   0.0000;
208:  0.3705   0.6225   0.8155   1.0115   1.2295   1.4455   1.6865   1.9270   2.1165   2.3035   2.5455   2.7810   0.0000   0.0000   0.0000   0.0000   0.0000   0.0000   0.0000   0.0000   0.0000   0.0000   0.0000;
209:  0.3710   0.6235   0.8170   1.0140   1.2320   1.4480   1.6895   1.9295   2.1180   2.3040   2.5445   2.7775   0.0000   0.0000   0.0000   0.0000   0.0000   0.0000   0.0000   0.0000   0.0000   0.0000   0.0000;
210:  0.3720   0.6250   0.8190   1.0160   1.2345   1.4510   1.6925   1.9320   2.1195   2.3050   2.5440   2.7745   0.0000   0.0000   0.0000   0.0000   0.0000   0.0000   0.0000   0.0000   0.0000   0.0000   0.0000;
211:  0.3725   0.6260   0.8205   1.0185   1.2375   1.4540   1.6950   1.9340   2.1215   2.3060   2.5435   2.7725   0.0000   0.0000   0.0000   0.0000   0.0000   0.0000   0.0000   0.0000   0.0000   0.0000   0.0000;
212:  0.3735   0.6275   0.8225   1.0205   1.2400   1.4570   1.6985   1.9370   2.1230   2.3070   2.5435   2.7705   0.0000   0.0000   0.0000   0.0000   0.0000   0.0000   0.0000   0.0000   0.0000   0.0000   0.0000;
213:  0.3740   0.6290   0.8245   1.0230   1.2435   1.4610   1.7020   1.9400   2.1255   2.3085   2.5440   2.7690   0.0000   0.0000   0.0000   0.0000   0.0000   0.0000   0.0000   0.0000   0.0000   0.0000   0.0000;
214:  0.3745   0.6300   0.8265   1.0260   1.2465   1.4645   1.7060   1.9435   2.1285   2.3110   2.5445   2.7675   0.0000   0.0000   0.0000   0.0000   0.0000   0.0000   0.0000   0.0000   0.0000   0.0000   0.0000;
215:  0.3760   0.6320   0.8285   1.0285   1.2500   1.4685   1.7100   1.9475   2.1315   2.3130   2.5455   2.7665   0.0000   0.0000   0.0000   0.0000   0.0000   0.0000   0.0000   0.0000   0.0000   0.0000   0.0000;
216:  0.3765   0.6335   0.8305   1.0310   1.2530   1.4720   1.7145   1.9515   2.1345   2.3155   2.5465   2.7655   0.0000   0.0000   0.0000   0.0000   0.0000   0.0000   0.0000   0.0000   0.0000   0.0000   0.0000;
217:  0.3775   0.6355   0.8330   1.0345   1.2570   1.4760   1.7185   1.9555   2.1380   2.3180   2.5480   2.7655   0.0000   0.0000   0.0000   0.0000   0.0000   0.0000   0.0000   0.0000   0.0000   0.0000   0.0000;
218:  0.3785   0.6370   0.8355   1.0375   1.2605   1.4805   1.7235   1.9600   2.1415   2.3205   2.5495   2.7660   0.0000   0.0000   0.0000   0.0000   0.0000   0.0000   0.0000   0.0000   0.0000   0.0000   0.0000;
219:  0.3795   0.6395   0.8380   1.0405   1.2645   1.4845   1.7280   1.9645   2.1455   2.3240   2.5515   2.7665   0.0000   0.0000   0.0000   0.0000   0.0000   0.0000   0.0000   0.0000   0.0000   0.0000   0.0000;
220:  0.3800   0.6410   0.8405   1.0435   1.2680   1.4890   1.7330   1.9695   2.1500   2.3275   2.5535   2.7670   0.0000   0.0000   0.0000   0.0000   0.0000   0.0000   0.0000   0.0000   0.0000   0.0000   0.0000;
221:  0.3810   0.6430   0.8430   1.0470   1.2725   1.4935   1.7380   1.9745   2.1535   2.3305   2.5560   2.7685   0.0000   0.0000   0.0000   0.0000   0.0000   0.0000   0.0000   0.0000   0.0000   0.0000   0.0000;
222:  0.3820   0.6445   0.8455   1.0505   1.2765   1.4980   1.7430   1.9795   2.1585   2.3345   2.5585   2.7700   0.0000   0.0000   0.0000   0.0000   0.0000   0.0000   0.0000   0.0000   0.0000   0.0000   0.0000;
223:  0.3830   0.6470   0.8485   1.0540   1.2810   1.5030   1.7480   1.9840   2.1625   2.3385   2.5615   2.7715   0.0000   0.0000   0.0000   0.0000   0.0000   0.0000   0.0000   0.0000   0.0000   0.0000   0.0000;
224:  0.3840   0.6490   0.8510   1.0575   1.2850   1.5075   1.7535   1.9895   2.1670   2.3420   2.5640   2.7735   0.0000   0.0000   0.0000   0.0000   0.0000   0.0000   0.0000   0.0000   0.0000   0.0000   0.0000;
225:  0.3845   0.6510   0.8545   1.0615   1.2895   1.5125   1.7585   1.9945   2.1715   2.3460   2.5675   2.7760   0.0000   0.0000   0.0000   0.0000   0.0000   0.0000   0.0000   0.0000   0.0000   0.0000   0.0000;
226:  0.3860   0.6530   0.8570   1.0650   1.2940   1.5175   1.7640   2.0000   2.1765   2.3505   2.5705   2.7780   0.0000   0.0000   0.0000   0.0000   0.0000   0.0000   0.0000   0.0000   0.0000   0.0000   0.0000;
227:  0.3870   0.6555   0.8605   1.0690   1.2985   1.5225   1.7690   2.0050   2.1810   2.3545   2.5740   2.7810   0.0000   0.0000   0.0000   0.0000   0.0000   0.0000   0.0000   0.0000   0.0000   0.0000   0.0000;
228:  0.3880   0.6580   0.8635   1.0725   1.3030   1.5275   1.7745   2.0105   2.1860   2.3590   2.5775   2.7840   0.0000   0.0000   0.0000   0.0000   0.0000   0.0000   0.0000   0.0000   0.0000   0.0000   0.0000;
229:  0.3895   0.6605   0.8670   1.0770   1.3080   1.5330   1.7800   2.0155   2.1905   2.3630   2.5810   2.7870   0.0000   0.0000   0.0000   0.0000   0.0000   0.0000   0.0000   0.0000   0.0000   0.0000   0.0000;
230:  0.3905   0.6630   0.8700   1.0805   1.3125   1.5380   1.7850   2.0205   2.1950   2.3670   2.5845   2.7900   0.0000   0.0000   0.0000   0.0000   0.0000   0.0000   0.0000   0.0000   0.0000   0.0000   0.0000;
231:  0.3915   0.6655   0.8735   1.0845   1.3170   1.5430   1.7900   2.0255   2.2000   2.3715   2.5880   2.7930   0.0000   0.0000   0.0000   0.0000   0.0000   0.0000   0.0000   0.0000   0.0000   0.0000   0.0000;
232:  0.3930   0.6675   0.8765   1.0890   1.3220   1.5485   1.7955   2.0305   2.2045   2.3755   2.5915   2.7965   0.0000   0.0000   0.0000   0.0000   0.0000   0.0000   0.0000   0.0000   0.0000   0.0000   0.0000;
233:  0.3945   0.6700   0.8800   1.0930   1.3265   1.5535   1.8000   2.0345   2.2085   2.3795   2.5955   2.8000   2.9920   0.0000   0.0000   0.0000   0.0000   0.0000   0.0000   0.0000   0.0000   0.0000   0.0000;
234:  0.3955   0.6725   0.8835   1.0975   1.3315   1.5585   1.8050   2.0395   2.2135   2.3840   2.5990   2.8035   2.9915   0.0000   0.0000   0.0000   0.0000   0.0000   0.0000   0.0000   0.0000   0.0000   0.0000;
235:  0.3960   0.6745   0.8865   1.1010   1.3360   1.5635   1.8095   2.0435   2.2175   2.3880   2.6025   2.8065   2.9910   0.0000   0.0000   0.0000   0.0000   0.0000   0.0000   0.0000   0.0000   0.0000   0.0000;
236:  0.3975   0.6770   0.8900   1.1055   1.3415   1.5690   1.8140   2.0480   2.2220   2.3920   2.6060   2.8100   2.9910   0.0000   0.0000   0.0000   0.0000   0.0000   0.0000   0.0000   0.0000   0.0000   0.0000;
237:  0.3990   0.6795   0.8935   1.1095   1.3455   1.5740   1.8190   2.0520   2.2260   2.3960   2.6095   2.8135   2.9910   0.0000   0.0000   0.0000   0.0000   0.0000   0.0000   0.0000   0.0000   0.0000   0.0000;
238:  0.4000   0.6820   0.8970   1.1140   1.3510   1.5795   1.8235   2.0560   2.2295   2.3995   2.6130   2.8165   2.9910   3.1850   0.0000   0.0000   0.0000   0.0000   0.0000   0.0000   0.0000   0.0000   0.0000;
239:  0.4015   0.6845   0.9005   1.1180   1.3555   1.5845   1.8275   2.0595   2.2335   2.4035   2.6160   2.8190   2.9910   3.1800   0.0000   0.0000   0.0000   0.0000   0.0000   0.0000   0.0000   0.0000   0.0000;
240:  0.4025   0.6870   0.9040   1.1220   1.3595   1.5890   1.8315   2.0630   2.2370   2.4065   2.6190   2.8220   2.9910   3.1750   0.0000   0.0000   0.0000   0.0000   0.0000   0.0000   0.0000   0.0000   0.0000;
241:  0.4035   0.6890   0.9075   1.1265   1.3645   1.5935   1.8350   2.0660   2.2405   2.4105   2.6225   2.8250   2.9910   3.1705   0.0000   0.0000   0.0000   0.0000   0.0000   0.0000   0.0000   0.0000   0.0000;
242:  0.4045   0.6915   0.9110   1.1305   1.3690   1.5985   1.8390   2.0695   2.2440   2.4135   2.6250   2.8275   2.9915   3.1665   0.0000   0.0000   0.0000   0.0000   0.0000   0.0000   0.0000   0.0000   0.0000;
243:  0.4055   0.6930   0.9135   1.1340   1.3730   1.6025   1.8420   2.0720   2.2470   2.4165   2.6275   2.8300   2.9920   3.1630   3.3395   0.0000   0.0000   0.0000   0.0000   0.0000   0.0000   0.0000   0.0000;
244:  0.4065   0.6955   0.9170   1.1380   1.3775   1.6075   1.8455   2.0745   2.2500   2.4195   2.6300   2.8325   2.9925   3.1595   3.3340   0.0000   0.0000   0.0000   0.0000   0.0000   0.0000   0.0000   0.0000;
245:  0.4075   0.6975   0.9200   1.1415   1.3815   1.6115   1.8485   2.0770   2.2530   2.4225   2.6325   2.8345   2.9925   3.1560   3.3285   3.4965   0.0000   0.0000   0.0000   0.0000   0.0000   0.0000   0.0000;
246:  0.4085   0.6995   0.9230   1.1455   1.3855   1.6155   1.8515   2.0795   2.2555   2.4250   2.6350   2.8365   2.9930   3.1540   3.3245   3.4915   0.0000   0.0000   0.0000   0.0000   0.0000   0.0000   0.0000;
247:  0.4095   0.7015   0.9265   1.1495   1.3895   1.6195   1.8545   2.0820   2.2585   2.4275   2.6370   2.8385   2.9935   3.1515   3.3200   3.4865   0.0000   0.0000   0.0000   0.0000   0.0000   0.0000   0.0000;
248:  0.4105   0.7035   0.9290   1.1530   1.3935   1.6235   1.8570   2.0835   2.2605   2.4300   2.6390   2.8400   2.9940   3.1495   3.3160   3.4820   0.0000   0.0000   0.0000   0.0000   0.0000   0.0000   0.0000;
249:  0.4115   0.7055   0.9320   1.1565   1.3975   1.6275   1.8595   2.0850   2.2630   2.4325   2.6410   2.8420   2.9950   3.1485   3.3130   3.4775   3.6425   3.8055   0.0000   0.0000   0.0000   0.0000   0.0000;
250:  0.4120   0.7070   0.9345   1.1595   1.4005   1.6305   1.8615   2.0870   2.2655   2.4345   2.6425   2.8430   2.9955   3.1475   3.3100   3.4735   3.6390   3.8045   0.0000   0.0000   0.0000   0.0000   0.0000;
251:  0.4130   0.7085   0.9370   1.1630   1.4045   1.6345   1.8640   2.0885   2.2675   2.4365   2.6440   2.8445   2.9965   3.1470   3.3080   3.4705   3.6365   3.8040   0.0000   0.0000   0.0000   0.0000   0.0000;
252:  0.4135   0.7100   0.9395   1.1660   1.4075   1.6375   1.8660   2.0900   2.2695   2.4380   2.6450   2.8455   2.9970   3.1465   3.3060   3.4670   3.6330   3.8025   0.0000   0.0000   0.0000   0.0000   0.0000;
253:  0.4145   0.7115   0.9415   1.1685   1.4105   1.6405   1.8680   2.0910   2.2710   2.4400   2.6465   2.8465   2.9980   3.1465   3.3045   3.4645   3.6305   3.8015   0.0000   0.0000   0.0000   0.0000   0.0000;
254:  0.4150   0.7125   0.9435   1.1715   1.4130   1.6425   1.8695   2.0925   2.2730   2.4420   2.6480   2.8470   2.9985   3.1470   3.3035   3.4620   3.6280   3.8000   0.0000   0.0000   0.0000   0.0000   0.0000;
255:  0.4155   0.7140   0.9455   1.1740   1.4160   1.6455   1.8710   2.0935   2.2750   2.4435   2.6490   2.8480   2.9995   3.1475   3.3025   3.4595   3.6260   3.7985   0.0000   0.0000   0.0000   0.0000   0.0000;
256:  0.4165   0.7150   0.9470   1.1765   1.4190   1.6480   1.8725   2.0945   2.2760   2.4445   2.6495   2.8485   3.0005   3.1485   3.3025   3.4580   3.6245   3.7970   0.0000   0.0000   0.0000   0.0000   0.0000;
257:  0.4165   0.7155   0.9485   1.1785   1.4210   1.6500   1.8740   2.0960   2.2780   2.4460   2.6505   2.8490   3.0010   3.1490   3.3025   3.4570   3.6230   3.7955   0.0000   0.0000   0.0000   0.0000   0.0000;
258:  0.4170   0.7170   0.9505   1.1805   1.4230   1.6520   1.8750   2.0965   2.2790   2.4470   2.6510   2.8495   3.0025   3.1510   3.3035   3.4565   3.6220   3.7935   0.0000   0.0000   0.0000   0.0000   0.0000;
259:  0.4170   0.7175   0.9515   1.1820   1.4250   1.6540   1.8765   2.0975   2.2805   2.4485   2.6520   2.8500   3.0030   3.1520   3.3040   3.4560   3.6215   3.7920   0.0000   0.0000   0.0000   0.0000   0.0000;
260:  0.4175   0.7185   0.9530   1.1840   1.4265   1.6550   1.8770   2.0980   2.2815   2.4495   2.6525   2.8505   3.0045   3.1540   3.3055   3.4560   3.6210   3.7905   0.0000   0.0000   0.0000   0.0000   0.0000;
261:  0.4175   0.7185   0.9535   1.1850   1.4280   1.6565   1.8780   2.0990   2.2830   2.4510   2.6535   2.8510   3.0055   3.1560   3.3070   3.4565   3.6210   3.7890   0.0000   0.0000   0.0000   0.0000   0.0000;
262:  0.4175   0.7190   0.9545   1.1865   1.4295   1.6575   1.8785   2.0995   2.2840   2.4515   2.6535   2.8510   3.0065   3.1580   3.3090   3.4575   3.6215   3.7875   0.0000   0.0000   0.0000   0.0000   0.0000;
263:  0.4180   0.7195   0.9550   1.1875   1.4305   1.6585   1.8795   2.1005   2.2850   2.4525   2.6545   2.8515   3.0075   3.1600   3.3110   3.4585   3.6220   3.7865   0.0000   0.0000   0.0000   0.0000   0.0000;
264:  0.4180   0.7195   0.9550   1.1880   1.4315   1.6595   1.8800   2.1010   2.2860   2.4535   2.6555   2.8525   3.0090   3.1620   3.3135   3.4605   3.6230   3.7860   0.0000   0.0000   0.0000   0.0000   0.0000;
265:  0.4180   0.7200   0.9560   1.1885   1.4315   1.6595   1.8805   2.1020   2.2875   2.4545   2.6555   2.8525   3.0100   3.1645   3.3165   3.4625   3.6245   3.7855   0.0000   0.0000   0.0000   0.0000   0.0000;
266:  0.4180   0.7200   0.9560   1.1890   1.4325   1.6600   1.8810   2.1030   2.2885   2.4555   2.6565   2.8535   3.0110   3.1660   3.3190   3.4650   3.6265   3.7855   0.0000   0.0000   0.0000   0.0000   0.0000;
267:  0.4180   0.7195   0.9555   1.1890   1.4325   1.6600   1.8810   2.1035   2.2895   2.4560   2.6570   2.8540   3.0120   3.1685   3.3225   3.4680   3.6285   3.7860   0.0000   0.0000   0.0000   0.0000   0.0000;
268:  0.4180   0.7195   0.9550   1.1885   1.4325   1.6600   1.8815   2.1040   2.2900   2.4570   2.6575   2.8545   3.0135   3.1710   3.3260   3.4710   3.6305   3.7870   0.0000   0.0000   0.0000   0.0000   0.0000;
269:  0.4175   0.7185   0.9545   1.1885   1.4320   1.6595   1.8820   2.1050   2.2910   2.4575   2.6580   2.8555   3.0150   3.1735   3.3295   3.4745   3.6335   3.7885   0.0000   0.0000   0.0000   0.0000   0.0000;
270:  0.4175   0.7185   0.9545   1.1880   1.4315   1.6590   1.8815   2.1050   2.2910   2.4580   2.6590   2.8565   3.0165   3.1760   3.3330   3.4780   3.6370   3.7915   0.0000   0.0000   0.0000   0.0000   0.0000;
271:  0.4175   0.7180   0.9535   1.1870   1.4305   1.6585   1.8820   2.1060   2.2920   2.4585   2.6595   2.8570   3.0175   3.1785   3.3365   3.4820   3.6405   3.7940   0.0000   0.0000   0.0000   0.0000   0.0000;
272:  0.4165   0.7170   0.9525   1.1860   1.4295   1.6575   1.8820   2.1065   2.2920   2.4590   2.6610   2.8590   3.0195   3.1810   3.3405   3.4865   3.6450   3.7985   0.0000   0.0000   0.0000   0.0000   0.0000;
273:  0.4165   0.7165   0.9515   1.1850   1.4285   1.6565   1.8815   2.1065   2.2925   2.4600   2.6620   2.8600   3.0210   3.1835   3.3445   3.4915   3.6495   3.8030   0.0000   0.0000   0.0000   0.0000   0.0000;
274:  0.4160   0.7155   0.9500   1.1835   1.4275   1.6550   1.8810   2.1070   2.2925   2.4600   2.6625   2.8610   3.0225   3.1860   3.3485   3.4965   3.6545   3.8085   0.0000   0.0000   0.0000   0.0000   0.0000;
275:  0.4155   0.7145   0.9490   1.1820   1.4255   1.6535   1.8805   2.1070   2.2925   2.4605   2.6640   2.8630   3.0245   3.1890   3.3530   3.5015   3.6595   3.8145   0.0000   0.0000   0.0000   0.0000   0.0000;
276:  0.4150   0.7130   0.9470   1.1800   1.4240   1.6520   1.8800   2.1075   2.2925   2.4610   2.6650   2.8640   3.0260   3.1915   3.3570   3.5070   3.6655   3.8220   0.0000   0.0000   0.0000   0.0000   0.0000;
277:  0.4145   0.7125   0.9455   1.1780   1.4220   1.6500   1.8790   2.1075   2.2925   2.4610   2.6660   2.8660   3.0280   3.1940   3.3610   3.5125   3.6715   3.8300   0.0000   0.0000   0.0000   0.0000   0.0000;
278:  0.4140   0.7110   0.9435   1.1760   1.4200   1.6480   1.8780   2.1070   2.2920   2.4615   2.6670   2.8675   3.0300   3.1970   3.3660   3.5185   3.6775   3.8385   0.0000   0.0000   0.0000   0.0000   0.0000;
279:  0.4135   0.7100   0.9420   1.1735   1.4170   1.6455   1.8770   2.1070   2.2920   2.4615   2.6680   2.8695   3.0320   3.1995   3.3700   3.5240   3.6840   3.8480   0.0000   0.0000   0.0000   0.0000   0.0000;
280:  0.4125   0.7080   0.9400   1.1710   1.4145   1.6435   1.8760   2.1065   2.2910   2.4615   2.6695   2.8715   3.0340   3.2020   3.3740   3.5300   3.6910   3.8585   0.0000   0.0000   0.0000   0.0000   0.0000;
281:  0.4120   0.7065   0.9375   1.1685   1.4120   1.6405   1.8745   2.1060   2.2905   2.4615   2.6705   2.8735   3.0360   3.2050   3.3790   3.5370   3.6990   3.8700   0.0000   0.0000   0.0000   0.0000   0.0000;
282:  0.4115   0.7050   0.9355   1.1655   1.4090   1.6380   1.8730   2.1055   2.2895   2.4610   2.6715   2.8760   3.0385   3.2075   3.3830   3.5430   3.7065   3.8815   0.0000   0.0000   0.0000   0.0000   0.0000;
283:  0.4105   0.7035   0.9330   1.1625   1.4060   1.6350   1.8710   2.1045   2.2885   2.4610   2.6725   2.8775   3.0410   3.2110   3.3875   3.5495   3.7150   3.8945   0.0000   0.0000   0.0000   0.0000   0.0000;
284:  0.4095   0.7015   0.9305   1.1595   1.4030   1.6320   1.8695   2.1035   2.2870   2.4605   2.6735   2.8800   3.0435   3.2140   3.3920   3.5560   3.7235   3.9075   0.0000   0.0000   0.0000   0.0000   0.0000;
285:  0.4090   0.7000   0.9285   1.1570   1.3995   1.6285   1.8675   2.1025   2.2860   2.4600   2.6745   2.8820   3.0455   3.2170   3.3970   3.5630   3.7325   3.9215   0.0000   0.0000   0.0000   0.0000   0.0000;
286:  0.4080   0.6980   0.9260   1.1535   1.3960   1.6255   1.8655   2.1010   2.2840   2.4590   2.6755   2.8845   3.0485   3.2205   3.4015   3.5695   3.7415   3.9360   0.0000   0.0000   0.0000   0.0000   0.0000;
287:  0.4065   0.6955   0.9230   1.1500   1.3920   1.6215   1.8630   2.0995   2.2825   2.4585   2.6765   2.8865   3.0505   3.2235   3.4065   3.5770   3.7510   3.9505   0.0000   0.0000   0.0000   0.0000   0.0000;
288:  0.4060   0.6940   0.9205   1.1470   1.3890   1.6185   1.8605   2.0975   2.2805   2.4575   2.6770   2.8885   3.0535   3.2270   3.4110   3.5840   3.7610   3.9655   0.0000   0.0000   0.0000   0.0000   0.0000;
289:  0.4050   0.6920   0.9175   1.1430   1.3850   1.6145   1.8580   2.0960   2.2790   2.4565   2.6775   2.8905   3.0560   3.2305   3.4155   3.5910   3.7710   3.9805   0.0000   0.0000   0.0000   0.0000   0.0000;
290:  0.4040   0.6895   0.9145   1.1395   1.3810   1.6105   1.8550   2.0940   2.2770   2.4555   2.6780   2.8925   3.0590   3.2340   3.4205   3.5985   3.7815   3.9960   0.0000   0.0000   0.0000   0.0000   0.0000;
291:  0.4030   0.6875   0.9120   1.1360   1.3770   1.6065   1.8520   2.0915   2.2745   2.4540   2.6785   2.8950   3.0620   3.2380   3.4255   3.6055   3.7920   4.0115   0.0000   0.0000   0.0000   0.0000   0.0000;
292:  0.4015   0.6850   0.9090   1.1325   1.3730   1.6025   1.8485   2.0885   2.2715   2.4520   2.6785   2.8965   3.0645   3.2415   3.4305   3.6135   3.8035   4.0275   0.0000   0.0000   0.0000   0.0000   0.0000;
293:  0.4005   0.6830   0.9060   1.1285   1.3685   1.5980   1.8455   2.0860   2.2690   2.4505   2.6785   2.8980   3.0670   3.2455   3.4360   3.6210   3.8145   4.0430   0.0000   0.0000   0.0000   0.0000   0.0000;
294:  0.3995   0.6805   0.9030   1.1250   1.3645   1.5935   1.8415   2.0835   2.2670   2.4490   2.6785   2.9000   3.0700   3.2490   3.4405   3.6285   3.8260   4.0585   0.0000   0.0000   0.0000   0.0000   0.0000;
295:  0.3980   0.6785   0.9000   1.1210   1.3605   1.5895   1.8380   2.0800   2.2640   2.4470   2.6780   2.9015   3.0725   3.2530   3.4460   3.6365   3.8375   4.0735   0.0000   0.0000   0.0000   0.0000   0.0000;
296:  0.3970   0.6760   0.8970   1.1175   1.3560   1.5850   1.8345   2.0770   2.2610   2.4450   2.6780   2.9030   3.0755   3.2575   3.4515   3.6445   3.8495   4.0885   0.0000   0.0000   0.0000   0.0000   0.0000;
297:  0.3950   0.6730   0.8935   1.1130   1.3515   1.5805   1.8305   2.0740   2.2585   2.4430   2.6775   2.9045   3.0780   3.2615   3.4570   3.6525   3.8615   4.1035   0.0000   0.0000   0.0000   0.0000   0.0000;
298:  0.3940   0.6710   0.8910   1.1095   1.3470   1.5755   1.8265   2.0705   2.2550   2.4410   2.6770   2.9055   3.0810   3.2660   3.4630   3.6610   3.8730   4.1170   0.0000   0.0000   0.0000   0.0000   0.0000;
299:  0.3930   0.6685   0.8875   1.1055   1.3425   1.5705   1.8220   2.0670   2.2520   2.4385   2.6760   2.9065   3.0835   3.2700   3.4685   3.6690   3.8855   4.1315   0.0000   0.0000   0.0000   0.0000   0.0000;
300:  0.3915   0.6660   0.8845   1.1020   1.3380   1.5660   1.8180   2.0630   2.2490   2.4360   2.6745   2.9075   3.0865   3.2745   3.4745   3.6775   3.8975   4.1450   0.0000   0.0000   0.0000   0.0000   0.0000;
301:  0.3905   0.6640   0.8815   1.0980   1.3340   1.5615   1.8135   2.0590   2.2455   2.4335   2.6735   2.9085   3.0895   3.2790   3.4800   3.6855   3.9095   4.1580   0.0000   0.0000   0.0000   0.0000   0.0000;
302:  0.3885   0.6610   0.8785   1.0945   1.3295   1.5565   1.8090   2.0555   2.2425   2.4310   2.6725   2.9090   3.0915   3.2835   3.4865   3.6945   3.9220   4.1705   0.0000   0.0000   0.0000   0.0000   0.0000;
303:  0.3875   0.6585   0.8755   1.0910   1.3250   1.5515   1.8050   2.0520   2.2390   2.4280   2.6710   2.9095   3.0940   3.2880   3.4925   3.7030   3.9340   4.1830   0.0000   0.0000   0.0000   0.0000   0.0000;
304:  0.3860   0.6565   0.8725   1.0870   1.3205   1.5465   1.8000   2.0475   2.2355   2.4255   2.6700   2.9100   3.0960   3.2920   3.4985   3.7115   3.9460   4.1945   0.0000   0.0000   0.0000   0.0000   0.0000;
305:  0.3845   0.6540   0.8695   1.0835   1.3160   1.5415   1.7955   2.0435   2.2325   2.4230   2.6680   2.9105   3.0990   3.2965   3.5045   3.7205   3.9590   4.2070   0.0000   0.0000   0.0000   0.0000   0.0000;
306:  0.3835   0.6515   0.8660   1.0795   1.3120   1.5370   1.7910   2.0395   2.2290   2.4205   2.6665   2.9100   3.1005   3.3005   3.5110   3.7295   3.9705   4.2175   0.0000   0.0000   0.0000   0.0000   0.0000;
307:  0.3820   0.6495   0.8635   1.0760   1.3075   1.5325   1.7870   2.0355   2.2255   2.4175   2.6650   2.9105   3.1025   3.3050   3.5175   3.7380   3.9825   4.2290   0.0000   0.0000   0.0000   0.0000   0.0000;
308:  0.3805   0.6465   0.8605   1.0725   1.3035   1.5280   1.7820   2.0310   2.2220   2.4145   2.6630   2.9105   3.1050   3.3095   3.5240   3.7475   3.9945   4.2395   0.0000   0.0000   0.0000   0.0000   0.0000;
309:  0.3790   0.6445   0.8580   1.0690   1.2990   1.5230   1.7775   2.0275   2.2190   2.4115   2.6610   2.9105   3.1070   3.3135   3.5305   3.7565   4.0060   4.2500   0.0000   0.0000   0.0000   0.0000   0.0000;
310:  0.3775   0.6420   0.8550   1.0660   1.2950   1.5180   1.7730   2.0235   2.2155   2.4085   2.6590   2.9100   3.1085   3.3175   3.5370   3.7655   4.0175   4.2605   0.0000   0.0000   0.0000   0.0000   0.0000;
311:  0.3770   0.6405   0.8520   1.0620   1.2910   1.5140   1.7685   2.0190   2.2120   2.4055   2.6570   2.9100   3.1105   3.3215   3.5430   3.7740   4.0285   4.2705   0.0000   0.0000   0.0000   0.0000   0.0000;
312:  0.3755   0.6380   0.8490   1.0585   1.2870   1.5095   1.7640   2.0150   2.2090   2.4035   2.6550   2.9090   3.1120   3.3255   3.5495   3.7830   4.0395   4.2810   0.0000   0.0000   0.0000   0.0000   0.0000;
313:  0.3745   0.6360   0.8465   1.0555   1.2830   1.5050   1.7600   2.0115   2.2060   2.4005   2.6530   2.9085   3.1135   3.3295   3.5560   3.7920   4.0505   4.2910   0.0000   0.0000   0.0000   0.0000   0.0000;
314:  0.3730   0.6335   0.8435   1.0520   1.2790   1.5010   1.7560   2.0075   2.2025   2.3975   2.6510   2.9080   3.1145   3.3325   3.5620   3.8010   4.0610   4.3015   0.0000   0.0000   0.0000   0.0000   0.0000;
315:  0.3720   0.6315   0.8410   1.0490   1.2755   1.4970   1.7520   2.0040   2.1995   2.3950   2.6495   2.9080   3.1165   3.3365   3.5685   3.8100   4.0715   4.3120   0.0000   0.0000   0.0000   0.0000   0.0000;
316:  0.3710   0.6300   0.8385   1.0460   1.2720   1.4925   1.7475   2.0000   2.1965   2.3930   2.6480   2.9075   3.1175   3.3400   3.5750   3.8190   4.0815   4.3225   0.0000   0.0000   0.0000   0.0000   0.0000;
317:  0.3695   0.6275   0.8360   1.0430   1.2680   1.4890   1.7440   1.9965   2.1935   2.3900   2.6455   2.9065   3.1190   3.3440   3.5815   3.8275   4.0910   4.3335   0.0000   0.0000   0.0000   0.0000   0.0000;
318:  0.3690   0.6260   0.8335   1.0400   1.2645   1.4850   1.7400   1.9930   2.1905   2.3875   2.6440   2.9065   3.1205   3.3470   3.5875   3.8360   4.1000   4.3445   0.0000   0.0000   0.0000   0.0000   0.0000;
319:  0.3680   0.6245   0.8310   1.0370   1.2615   1.4815   1.7365   1.9900   2.1875   2.3850   2.6425   2.9060   3.1220   3.3510   3.5935   3.8445   4.1095   4.3560   0.0000   0.0000   0.0000   0.0000   0.0000;
320:  0.3670   0.6225   0.8290   1.0345   1.2580   1.4780   1.7330   1.9860   2.1845   2.3830   2.6410   2.9060   3.1235   3.3540   3.5995   3.8530   4.1185   4.3675   4.6100   0.0000   0.0000   0.0000   0.0000;
321:  0.3660   0.6210   0.8265   1.0315   1.2550   1.4750   1.7300   1.9835   2.1820   2.3805   2.6400   2.9060   3.1245   3.3570   3.6050   3.8605   4.1265   4.3795   4.6565   0.0000   0.0000   0.0000   0.0000;
322:  0.3655   0.6195   0.8245   1.0290   1.2520   1.4715   1.7265   1.9805   2.1795   2.3790   2.6390   2.9060   3.1260   3.3605   3.6110   3.8685   4.1350   4.3920   4.7000   0.0000   0.0000   0.0000   0.0000;
323:  0.3645   0.6170   0.8215   1.0260   1.2490   1.4685   1.7235   1.9775   2.1770   2.3770   2.6375   2.9060   3.1280   3.3640   3.6170   3.8765   4.1425   4.4045   4.7390   0.0000   0.0000   0.0000   0.0000;
324:  0.3635   0.6160   0.8200   1.0235   1.2460   1.4660   1.7210   1.9745   2.1740   2.3750   2.6370   2.9065   3.1295   3.3675   3.6230   3.8840   4.1505   4.4175   4.7730   0.0000   0.0000   0.0000   0.0000;
325:  0.3630   0.6145   0.8180   1.0215   1.2435   1.4630   1.7180   1.9720   2.1720   2.3735   2.6365   2.9070   3.1310   3.3705   3.6285   3.8915   4.1580   4.4305   4.8010   5.1305   0.0000   0.0000   0.0000;
326:  0.3625   0.6130   0.8160   1.0190   1.2405   1.4605   1.7160   1.9700   2.1700   2.3720   2.6360   2.9080   3.1335   3.3745   3.6340   3.8985   4.1650   4.4435   4.8235   5.1900   0.0000   0.0000   0.0000;
327:  0.3615   0.6115   0.8140   1.0165   1.2380   1.4585   1.7140   1.9680   2.1680   2.3705   2.6355   2.9085   3.1355   3.3780   3.6395   3.9055   4.1720   4.4570   4.8395   5.2350   0.0000   0.0000   0.0000;
328:  0.3610   0.6100   0.8120   1.0145   1.2360   1.4565   1.7115   1.9655   2.1660   2.3695   2.6355   2.9095   3.1375   3.3815   3.6450   3.9120   4.1785   4.4705   4.8510   5.2660   0.0000   0.0000   0.0000;
329:  0.3610   0.6095   0.8105   1.0120   1.2330   1.4540   1.7100   1.9640   2.1645   2.3690   2.6355   2.9105   3.1400   3.3850   3.6505   3.9190   4.1850   4.4835   4.8570   5.2815   5.5665   0.0000   0.0000;
330:  0.3605   0.6080   0.8085   1.0100   1.2310   1.4520   1.7080   1.9620   2.1625   2.3680   2.6360   2.9125   3.1430   3.3890   3.6560   3.9250   4.1910   4.4965   4.8595   5.2850   5.6265   0.0000   0.0000;
331:  0.3600   0.6070   0.8070   1.0080   1.2290   1.4500   1.7060   1.9605   2.1615   2.3675   2.6365   2.9140   3.1460   3.3935   3.6615   3.9315   4.1970   4.5090   4.8600   5.2770   5.6675   0.0000   0.0000;
332:  0.3590   0.6060   0.8055   1.0060   1.2275   1.4490   1.7050   1.9595   2.1605   2.3670   2.6370   2.9160   3.1490   3.3975   3.6670   3.9375   4.2030   4.5215   4.8595   5.2615   5.6905   5.8820   0.0000;
333:  0.3590   0.6050   0.8040   1.0045   1.2255   1.4475   1.7040   1.9585   2.1595   2.3670   2.6380   2.9180   3.1525   3.4015   3.6715   3.9430   4.2090   4.5335   4.8590   5.2410   5.6975   5.9285   0.0000;
334:  0.3585   0.6040   0.8025   1.0025   1.2240   1.4465   1.7030   1.9575   2.1585   2.3665   2.6390   2.9205   3.1560   3.4065   3.6775   3.9485   4.2145   4.5450   4.8600   5.2195   5.6920   5.9605   0.0000;
335:  0.3585   0.6035   0.8015   1.0015   1.2225   1.4450   1.7025   1.9570   2.1580   2.3670   2.6405   2.9235   3.1600   3.4110   3.6830   3.9545   4.2200   4.5550   4.8625   5.1990   5.6770   5.9780   0.0000;
336:  0.3580   0.6025   0.8005   1.0000   1.2210   1.4440   1.7015   1.9560   2.1570   2.3670   2.6420   2.9265   3.1645   3.4165   3.6885   3.9595   4.2255   4.5650   4.8680   5.1840   5.6585   0.0000   0.0000;
337:  0.3580   0.6020   0.7990   0.9985   1.2200   1.4430   1.7010   1.9560   2.1570   2.3680   2.6440   2.9295   3.1690   3.4215   3.6940   3.9650   4.2310   4.5740   4.8765   5.1755   5.6400   0.0000   0.0000;
338:  0.3575   0.6010   0.7980   0.9970   1.2190   1.4430   1.7010   1.9560   2.1570   2.3685   2.6460   2.9330   3.1735   3.4270   3.6995   3.9700   4.2365   4.5815   4.8870   5.1755   5.6260   0.0000   0.0000;
339:  0.3575   0.6005   0.7970   0.9960   1.2180   1.4425   1.7010   1.9560   2.1575   2.3700   2.6485   2.9370   3.1785   3.4325   3.7055   3.9755   4.2420   4.5880   4.9000   5.1845   5.6185   0.0000   0.0000;
340:  0.3575   0.6000   0.7960   0.9950   1.2175   1.4420   1.7005   1.9560   2.1580   2.3715   2.6510   2.9405   3.1830   3.4380   3.7110   3.9805   4.2475   4.5935   4.9150   5.2020   5.6195   0.0000   0.0000;
341:  0.3565   0.5995   0.7955   0.9940   1.2170   1.4420   1.7010   1.9570   2.1590   2.3730   2.6535   2.9445   3.1885   3.4440   3.7170   3.9855   4.2530   4.5970   4.9290   5.2270   5.6310   5.9670   0.0000;
342:  0.3565   0.5990   0.7950   0.9935   1.2160   1.4415   1.7015   1.9580   2.1600   2.3745   2.6565   2.9490   3.1940   3.4500   3.7225   3.9905   4.2585   4.6000   4.9440   5.2575   5.6515   5.9750   0.0000;
343:  0.3565   0.5990   0.7945   0.9930   1.2160   1.4420   1.7025   1.9590   2.1615   2.3765   2.6590   2.9535   3.2000   3.4565   3.7290   3.9955   4.2640   4.6010   4.9560   5.2910   5.6800   5.9910   0.0000;
344:  0.3565   0.5990   0.7940   0.9920   1.2160   1.4425   1.7030   1.9600   2.1630   2.3790   2.6625   2.9580   3.2060   3.4630   3.7350   4.0010   4.2700   4.6010   4.9660   5.3255   5.7135   6.0120   0.0000;
345:  0.3565   0.5985   0.7935   0.9920   1.2160   1.4430   1.7040   1.9610   2.1645   2.3815   2.6660   2.9625   3.2115   3.4695   3.7415   4.0060   4.2750   4.5985   4.9710   5.3565   5.7490   6.0380   0.0000;
346:  0.3560   0.5980   0.7935   0.9915   1.2155   1.4430   1.7050   1.9630   2.1665   2.3840   2.6700   2.9680   3.2180   3.4765   3.7475   4.0110   4.2810   4.5945   4.9710   5.3830   5.7845   6.0665   0.0000;
347:  0.3560   0.5980   0.7935   0.9915   1.2160   1.4440   1.7060   1.9645   2.1690   2.3870   2.6735   2.9730   3.2245   3.4835   3.7545   4.0165   4.2865   4.5895   4.9655   5.4010   5.8155   6.0930   0.0000;
348:  0.3565   0.5985   0.7935   0.9915   1.2165   1.4450   1.7075   1.9665   2.1715   2.3900   2.6775   2.9780   3.2300   3.4900   3.7610   4.0220   4.2925   4.5825   4.9540   5.4110   5.8410   6.1165   0.0000;
349:  0.3565   0.5985   0.7935   0.9920   1.2175   1.4460   1.7090   1.9685   2.1740   2.3930   2.6815   2.9835   3.2365   3.4970   3.7675   4.0275   4.2985   4.5740   4.9365   5.4105   5.8585   0.0000   0.0000;
350:  0.3565   0.5990   0.7940   0.9920   1.2175   1.4465   1.7110   1.9715   2.1775   2.3970   2.6860   2.9890   3.2430   3.5040   3.7740   4.0325   4.3040   4.5640   4.9135   5.4000   5.8660   0.0000   0.0000;
351:  0.3565   0.5990   0.7940   0.9920   1.2185   1.4480   1.7125   1.9735   2.1805   2.4005   2.6905   2.9945   3.2490   3.5110   3.7805   4.0380   4.3100   4.5525   4.8850   0.0000   0.0000   0.0000   0.0000;
352:  0.3565   0.5995   0.7945   0.9925   1.2195   1.4490   1.7140   1.9760   2.1840   2.4045   2.6950   3.0000   3.2550   3.5175   3.7875   4.0440   4.3160   4.5400   0.0000   0.0000   0.0000   0.0000   0.0000;
353:  0.3570   0.6000   0.7950   0.9935   1.2205   1.4505   1.7165   1.9790   2.1875   2.4085   2.7000   3.0060   3.2615   3.5245   3.7940   4.0500   4.3220   4.5255   0.0000   0.0000   0.0000   0.0000   0.0000;
354:  0.3570   0.6005   0.7960   0.9945   1.2220   1.4520   1.7185   1.9820   2.1910   2.4130   2.7055   3.0120   3.2675   3.5310   3.8005   4.0555   4.3275   4.5100   0.0000   0.0000   0.0000   0.0000   0.0000;
355:  0.3575   0.6010   0.7960   0.9945   1.2230   1.4540   1.7210   1.9855   2.1955   2.4175   2.7100   3.0170   3.2730   3.5375   3.8075   4.0615   4.3330   4.4935   0.0000   0.0000   0.0000   0.0000   0.0000;
356:  0.3575   0.6015   0.7970   0.9960   1.2245   1.4555   1.7235   1.9890   2.2000   2.4220   2.7150   3.0225   3.2790   3.5445   3.8140   4.0675   4.3390   4.4760   0.0000   0.0000   0.0000   0.0000   0.0000;
357:  0.3580   0.6025   0.7980   0.9970   1.2260   1.4570   1.7250   1.9915   2.2040   2.4270   2.7205   3.0285   3.2845   3.5505   3.8205   4.0735   4.3450   4.4585   0.0000   0.0000   0.0000   0.0000   0.0000;
358:  0.3580   0.6030   0.7990   0.9980   1.2275   1.4590   1.7280   1.9955   2.2085   2.4320   2.7260   3.0340   3.2900   3.5565   3.8270   4.0800   4.3505   4.4395   0.0000   0.0000   0.0000   0.0000   0.0000;
359:  0.3585   0.6040   0.8000   0.9990   1.2290   1.4615   1.7310   1.9990   2.2130   2.4365   2.7310   3.0395   3.2950   3.5625   3.8335   4.0860   0.0000   0.0000   0.0000   0.0000   0.0000   0.0000   0.0000;
#AFTER_DB_V3;
000:  0.2170   0.5020   0.7080   0.8940   1.1070   1.3550   1.5720   1.8950   2.1100   2.3250   2.5580   2.9160   3.1750   3.4250   3.7110   3.9680   4.2160   4.5060   0.0000   0.0000   0.0000   0.0000   0.0000;
001:  0.2170   0.5030   0.7090   0.8960   1.1090   1.3580   1.5740   1.8980   2.1150   2.3310   2.5640   2.9220   3.1800   3.4290   3.7180   3.9740   4.2220   4.5100   0.0000   0.0000   0.0000   0.0000   0.0000;
002:  0.2170   0.5040   0.7100   0.8970   1.1100   1.3600   1.5770   1.9020   2.1190   2.3360   2.5690   2.9280   3.1840   3.4340   3.7240   3.9800   4.2290   4.5130   0.0000   0.0000   0.0000   0.0000   0.0000;
003:  0.2170   0.5040   0.7120   0.8980   1.1120   1.3620   1.5790   1.9050   2.1230   2.3410   2.5740   2.9340   3.1890   3.4380   3.7290   3.9860   4.2350   4.5160   0.0000   0.0000   0.0000   0.0000   0.0000;
004:  0.2180   0.5050   0.7130   0.9000   1.1140   1.3650   1.5820   1.9090   2.1280   2.3460   2.5790   2.9400   3.1930   3.4410   3.7350   3.9910   4.2420   4.5180   0.0000   0.0000   0.0000   0.0000   0.0000;
005:  0.2180   0.5060   0.7140   0.9020   1.1160   1.3670   1.5850   1.9120   2.1320   2.3520   2.5850   2.9460   3.1970   3.4440   3.7400   3.9970   4.2480   0.0000   0.0000   0.0000   0.0000   0.0000   0.0000;
006:  0.2180   0.5070   0.7160   0.9040   1.1180   1.3700   1.5870   1.9160   2.1370   2.3570   2.5900   2.9520   3.2010   3.4470   3.7450   4.0020   4.2550   0.0000   0.0000   0.0000   0.0000   0.0000   0.0000;
007:  0.2190   0.5080   0.7170   0.9050   1.1200   1.3730   1.5900   1.9190   2.1410   2.3620   2.5950   2.9580   3.2050   3.4500   3.7500   4.0070   4.2610   0.0000   0.0000   0.0000   0.0000   0.0000   0.0000;
008:  0.2200   0.5090   0.7180   0.9070   1.1220   1.3750   1.5930   1.9230   2.1460   2.3670   2.6010   2.9640   3.2080   3.4520   3.7550   4.0110   4.2680   0.0000   0.0000   0.0000   0.0000   0.0000   0.0000;
009:  0.2200   0.5100   0.7200   0.9090   1.1240   1.3780   1.5960   1.9260   2.1500   2.3720   2.6060   2.9700   3.2120   3.4540   3.7590   4.0150   4.2740   0.0000   0.0000   0.0000   0.0000   0.0000   0.0000;
010:  0.2210   0.5110   0.7220   0.9110   1.1270   1.3800   1.6000   1.9300   2.1550   2.3770   2.6120   2.9750   3.2150   3.4550   3.7640   4.0190   4.2810   0.0000   0.0000   0.0000   0.0000   0.0000   0.0000;
011:  0.2210   0.5130   0.7230   0.9130   1.1290   1.3830   1.6030   1.9330   2.1590   2.3820   2.6170   2.9810   3.2180   3.4560   3.7670   4.0230   4.2870   0.0000   0.0000   0.0000   0.0000   0.0000   0.0000;
012:  0.2220   0.5140   0.7250   0.9150   1.1310   1.3860   1.6060   1.9360   2.1640   2.3860   2.6230   2.9860   3.2220   3.4570   3.7710   4.0260   4.2930   0.0000   0.0000   0.0000   0.0000   0.0000   0.0000;
013:  0.2230   0.5150   0.7260   0.9170   1.1340   1.3890   1.6090   1.9400   2.1680   2.3910   2.6280   2.9910   3.2250   3.4580   3.7750   4.0290   4.2990   0.0000   0.0000   0.0000   0.0000   0.0000   0.0000;
014:  0.2240   0.5160   0.7280   0.9190   1.1360   1.3910   1.6130   1.9430   2.1720   2.3950   2.6330   2.9960   3.2280   3.4580   3.7780   4.0320   4.3050   0.0000   0.0000   0.0000   0.0000   0.0000   0.0000;
015:  0.2240   0.5170   0.7300   0.9210   1.1380   1.3940   1.6160   1.9470   2.1760   2.3990   2.6380   3.0010   3.2310   3.4580   3.7800   4.0350   4.3110   0.0000   0.0000   0.0000   0.0000   0.0000   0.0000;
016:  0.2250   0.5180   0.7310   0.9230   1.1410   1.3970   1.6190   1.9500   2.1800   2.4040   2.6440   3.0060   3.2340   3.4580   3.7830   4.0370   4.3160   0.0000   0.0000   0.0000   0.0000   0.0000   0.0000;
017:  0.2260   0.5200   0.7330   0.9250   1.1440   1.4000   1.6230   1.9530   2.1840   2.4070   2.6480   3.0100   3.2360   3.4580   3.7860   4.0380   4.3220   0.0000   0.0000   0.0000   0.0000   0.0000   0.0000;
018:  0.2270   0.5210   0.7350   0.9280   1.1460   1.4030   1.6260   1.9570   2.1880   2.4110   2.6530   3.0150   3.2390   3.4580   3.7880   4.0400   4.3270   0.0000   0.0000   0.0000   0.0000   0.0000   0.0000;
019:  0.2270   0.5220   0.7370   0.9300   1.1490   1.4050   1.6290   1.9600   2.1920   2.4150   2.6580   3.0180   3.2420   3.4580   3.7900   4.0420   4.3310   0.0000   0.0000   0.0000   0.0000   0.0000   0.0000;
020:  0.2280   0.5240   0.7380   0.9320   1.1510   1.4080   1.6330   1.9630   2.1960   2.4190   2.6620   3.0220   3.2450   3.4570   3.7920   4.0430   4.3360   0.0000   0.0000   0.0000   0.0000   0.0000   0.0000;
021:  0.2290   0.5250   0.7400   0.9350   1.1540   1.4110   1.6360   1.9660   2.1990   2.4220   2.6670   3.0260   3.2470   3.4570   3.7940   4.0440   4.3400   0.0000   0.0000   0.0000   0.0000   0.0000   0.0000;
022:  0.2300   0.5260   0.7420   0.9370   1.1560   1.4140   1.6400   1.9690   2.2030   2.4250   2.6710   3.0290   3.2500   3.4570   3.7950   4.0440   4.3440   0.0000   0.0000   0.0000   0.0000   0.0000   0.0000;
023:  0.2310   0.5270   0.7440   0.9390   1.1590   1.4160   1.6430   1.9730   2.2060   2.4290   2.6750   3.0330   3.2530   3.4560   3.7960   4.0450   4.3480   0.0000   0.0000   0.0000   0.0000   0.0000   0.0000;
024:  0.2320   0.5280   0.7450   0.9410   1.1620   1.4190   1.6460   1.9760   2.2100   2.4320   2.6780   3.0360   3.2560   3.4560   3.7980   4.0450   4.3520   0.0000   0.0000   0.0000   0.0000   0.0000   0.0000;
025:  0.2320   0.5290   0.7470   0.9430   1.1640   1.4220   1.6490   1.9790   2.2130   2.4350   2.6820   3.0380   3.2580   3.4560   3.7990   4.0450   4.3550   0.0000   0.0000   0.0000   0.0000   0.0000   0.0000;
026:  0.2330   0.5310   0.7490   0.9450   1.1670   1.4240   1.6520   1.9820   2.2160   2.4380   2.6850   3.0410   3.2610   3.4550   3.8000   4.0450   4.3580   0.0000   0.0000   0.0000   0.0000   0.0000   0.0000;
027:  0.2340   0.5320   0.7510   0.9480   1.1700   1.4270   1.6560   1.9850   2.2190   2.4410   2.6880   3.0440   3.2640   3.4550   3.8000   4.0450   4.3610   0.0000   0.0000   0.0000   0.0000   0.0000   0.0000;
028:  0.2350   0.5330   0.7520   0.9500   1.1730   1.4300   1.6590   1.9880   2.2220   2.4440   2.6910   3.0460   3.2670   3.4550   3.8010   4.0450   4.3630   0.0000   0.0000   0.0000   0.0000   0.0000   0.0000;
029:  0.2360   0.5340   0.7540   0.9520   1.1750   1.4320   1.6620   1.9910   2.2250   2.4470   2.6940   3.0480   3.2700   3.4560   3.8020   4.0450   4.3650   0.0000   0.0000   0.0000   0.0000   0.0000   0.0000;
030:  0.2360   0.5360   0.7560   0.9550   1.1780   1.4350   1.6650   1.9940   2.2280   2.4500   2.6970   3.0500   3.2730   3.4560   3.8020   4.0450   0.0000   0.0000   0.0000   0.0000   0.0000   0.0000   0.0000;
031:  0.2370   0.5370   0.7580   0.9570   1.1800   1.4380   1.6670   1.9960   2.2300   2.4530   2.6990   3.0520   3.2760   3.4560   3.8030   0.0000   0.0000   0.0000   0.0000   0.0000   0.0000   0.0000   0.0000;
032:  0.2380   0.5380   0.7590   0.9590   1.1830   1.4400   1.6700   1.9990   2.2330   2.4560   2.7020   3.0540   3.2790   3.4570   3.8030   0.0000   0.0000   0.0000   0.0000   0.0000   0.0000   0.0000   0.0000;
033:  0.2380   0.5390   0.7610   0.9610   1.1860   1.4430   1.6730   2.0020   2.2360   2.4590   2.7040   3.0560   3.2820   3.4570   0.0000   0.0000   0.0000   0.0000   0.0000   0.0000   0.0000   0.0000   0.0000;
034:  0.2390   0.5400   0.7630   0.9630   1.1890   1.4450   1.6760   2.0050   2.2380   2.4620   2.7060   3.0580   3.2850   3.4580   0.0000   0.0000   0.0000   0.0000   0.0000   0.0000   0.0000   0.0000   0.0000;
035:  0.2400   0.5420   0.7640   0.9650   1.1910   1.4480   1.6780   2.0080   2.2410   2.4640   2.7080   3.0590   3.2880   3.4590   0.0000   0.0000   0.0000   0.0000   0.0000   0.0000   0.0000   0.0000   0.0000;
036:  0.2400   0.5430   0.7660   0.9680   1.1940   1.4500   1.6810   2.0110   2.2440   2.4670   2.7100   3.0610   3.2910   0.0000   0.0000   0.0000   0.0000   0.0000   0.0000   0.0000   0.0000   0.0000   0.0000;
037:  0.2410   0.5440   0.7680   0.9700   1.1960   1.4530   1.6840   2.0140   2.2460   2.4700   2.7110   3.0620   3.2940   0.0000   0.0000   0.0000   0.0000   0.0000   0.0000   0.0000   0.0000   0.0000   0.0000;
038:  0.2420   0.5460   0.7690   0.9720   1.1990   1.4550   1.6860   2.0160   2.2490   2.4730   2.7130   3.0640   3.2970   0.0000   0.0000   0.0000   0.0000   0.0000   0.0000   0.0000   0.0000   0.0000   0.0000;
039:  0.2420   0.5470   0.7710   0.9750   1.2020   1.4580   1.6890   2.0190   2.2510   2.4760   2.7150   3.0650   3.3000   0.0000   0.0000   0.0000   0.0000   0.0000   0.0000   0.0000   0.0000   0.0000   0.0000;
040:  0.2430   0.5480   0.7730   0.9770   1.2040   1.4600   1.6910   2.0220   2.2530   2.4790   2.7160   3.0670   3.3030   0.0000   0.0000   0.0000   0.0000   0.0000   0.0000   0.0000   0.0000   0.0000   0.0000;
041:  0.2440   0.5500   0.7750   0.9790   1.2070   1.4630   1.6930   2.0250   2.2560   2.4820   2.7180   3.0680   3.3060   0.0000   0.0000   0.0000   0.0000   0.0000   0.0000   0.0000   0.0000   0.0000   0.0000;
042:  0.2440   0.5510   0.7760   0.9810   1.2090   1.4650   1.6960   2.0270   2.2580   2.4850   2.7190   3.0700   3.3090   0.0000   0.0000   0.0000   0.0000   0.0000   0.0000   0.0000   0.0000   0.0000   0.0000;
043:  0.2450   0.5530   0.7780   0.9830   1.2110   1.4680   1.6980   2.0300   2.2610   2.4880   2.7210   3.0720   3.3120   0.0000   0.0000   0.0000   0.0000   0.0000   0.0000   0.0000   0.0000   0.0000   0.0000;
044:  0.2450   0.5540   0.7800   0.9850   1.2140   1.4700   1.7000   2.0330   2.2640   2.4910   2.7220   3.0730   3.3150   0.0000   0.0000   0.0000   0.0000   0.0000   0.0000   0.0000   0.0000   0.0000   0.0000;
045:  0.2460   0.5550   0.7810   0.9870   1.2160   1.4730   1.7030   2.0350   2.2660   2.4940   2.7240   3.0750   3.3180   0.0000   0.0000   0.0000   0.0000   0.0000   0.0000   0.0000   0.0000   0.0000   0.0000;
046:  0.2470   0.5570   0.7830   0.9900   1.2190   1.4750   1.7050   2.0380   2.2690   2.4970   2.7260   3.0770   3.3220   0.0000   0.0000   0.0000   0.0000   0.0000   0.0000   0.0000   0.0000   0.0000   0.0000;
047:  0.2470   0.5580   0.7850   0.9920   1.2210   1.4780   1.7070   2.0410   2.2710   2.5000   2.7270   3.0790   3.3240   0.0000   0.0000   0.0000   0.0000   0.0000   0.0000   0.0000   0.0000   0.0000   0.0000;
048:  0.2480   0.5600   0.7860   0.9940   1.2230   1.4800   1.7090   2.0430   2.2740   2.5030   2.7290   3.0810   3.3270   0.0000   0.0000   0.0000   0.0000   0.0000   0.0000   0.0000   0.0000   0.0000   0.0000;
049:  0.2490   0.5610   0.7880   0.9960   1.2250   1.4820   1.7110   2.0460   2.2760   2.5060   2.7310   3.0830   3.3310   0.0000   0.0000   0.0000   0.0000   0.0000   0.0000   0.0000   0.0000   0.0000   0.0000;
050:  0.2490   0.5630   0.7900   0.9980   1.2280   1.4850   1.7140   2.0480   2.2790   2.5090   2.7330   3.0850   3.3330   0.0000   0.0000   0.0000   0.0000   0.0000   0.0000   0.0000   0.0000   0.0000   0.0000;
051:  0.2500   0.5640   0.7910   1.0000   1.2300   1.4870   1.7160   2.0510   2.2820   2.5120   2.7350   3.0880   3.3360   0.0000   0.0000   0.0000   0.0000   0.0000   0.0000   0.0000   0.0000   0.0000   0.0000;
052:  0.2510   0.5650   0.7930   1.0020   1.2320   1.4890   1.7180   2.0530   2.2840   2.5150   2.7370   3.0900   3.3390   0.0000   0.0000   0.0000   0.0000   0.0000   0.0000   0.0000   0.0000   0.0000   0.0000;
053:  0.2510   0.5670   0.7950   1.0040   1.2340   1.4910   1.7200   2.0550   2.2870   2.5170   2.7390   3.0930   3.3420   0.0000   0.0000   0.0000   0.0000   0.0000   0.0000   0.0000   0.0000   0.0000   0.0000;
054:  0.2520   0.5690   0.7960   1.0060   1.2360   1.4940   1.7220   2.0580   2.2890   2.5200   2.7410   3.0950   3.3450   0.0000   0.0000   0.0000   0.0000   0.0000   0.0000   0.0000   0.0000   0.0000   0.0000;
055:  0.2530   0.5700   0.7980   1.0080   1.2380   1.4960   1.7240   2.0600   2.2920   2.5220   2.7430   3.0980   3.3480   0.0000   0.0000   0.0000   0.0000   0.0000   0.0000   0.0000   0.0000   0.0000   0.0000;
056:  0.2540   0.5710   0.8000   1.0100   1.2400   1.4980   1.7260   2.0620   2.2950   2.5250   2.7450   3.1010   3.3510   0.0000   0.0000   0.0000   0.0000   0.0000   0.0000   0.0000   0.0000   0.0000   0.0000;
057:  0.2550   0.5730   0.8010   1.0120   1.2420   1.5000   1.7280   2.0640   2.2970   2.5270   2.7480   3.1040   3.3540   0.0000   0.0000   0.0000   0.0000   0.0000   0.0000   0.0000   0.0000   0.0000   0.0000;
058:  0.2560   0.5740   0.8030   1.0140   1.2440   1.5020   1.7300   2.0660   2.3000   2.5290   2.7500   3.1070   3.3570   0.0000   0.0000   0.0000   0.0000   0.0000   0.0000   0.0000   0.0000   0.0000   0.0000;
059:  0.2560   0.5760   0.8040   1.0150   1.2460   1.5040   1.7320   2.0680   2.3020   2.5310   2.7530   3.1100   3.3600   0.0000   0.0000   0.0000   0.0000   0.0000   0.0000   0.0000   0.0000   0.0000   0.0000;
060:  0.2570   0.5770   0.8060   1.0170   1.2470   1.5050   1.7340   2.0700   2.3050   2.5340   2.7550   3.1130   3.3640   0.0000   0.0000   0.0000   0.0000   0.0000   0.0000   0.0000   0.0000   0.0000   0.0000;
061:  0.2580   0.5780   0.8070   1.0190   1.2490   1.5070   1.7360   2.0720   2.3070   2.5350   2.7580   3.1160   3.3670   0.0000   0.0000   0.0000   0.0000   0.0000   0.0000   0.0000   0.0000   0.0000   0.0000;
062:  0.2590   0.5800   0.8090   1.0200   1.2510   1.5090   1.7380   2.0740   2.3090   2.5370   2.7600   3.1180   3.3700   0.0000   0.0000   0.0000   0.0000   0.0000   0.0000   0.0000   0.0000   0.0000   0.0000;
063:  0.2600   0.5810   0.8100   1.0220   1.2530   1.5110   1.7400   2.0760   2.3110   2.5390   2.7630   3.1210   3.3730   0.0000   0.0000   0.0000   0.0000   0.0000   0.0000   0.0000   0.0000   0.0000   0.0000;
064:  0.2610   0.5820   0.8110   1.0230   1.2540   1.5120   1.7410   2.0770   2.3140   2.5410   2.7650   3.1240   3.3760   0.0000   0.0000   0.0000   0.0000   0.0000   0.0000   0.0000   0.0000   0.0000   0.0000;
065:  0.2620   0.5840   0.8130   1.0240   1.2560   1.5140   1.7430   2.0790   2.3160   2.5420   2.7680   3.1270   3.3800   0.0000   0.0000   0.0000   0.0000   0.0000   0.0000   0.0000   0.0000   0.0000   0.0000;
066:  0.2620   0.5850   0.8140   1.0260   1.2570   1.5150   1.7450   2.0810   2.3180   2.5440   2.7700   3.1300   3.3830   0.0000   0.0000   0.0000   0.0000   0.0000   0.0000   0.0000   0.0000   0.0000   0.0000;
067:  0.2630   0.5860   0.8160   1.0270   1.2580   1.5160   1.7460   2.0820   2.3190   2.5450   2.7730   3.1330   3.3860   0.0000   0.0000   0.0000   0.0000   0.0000   0.0000   0.0000   0.0000   0.0000   0.0000;
068:  0.2640   0.5870   0.8170   1.0280   1.2600   1.5180   1.7470   2.0840   2.3210   2.5460   2.7750   3.1350   3.3890   0.0000   0.0000   0.0000   0.0000   0.0000   0.0000   0.0000   0.0000   0.0000   0.0000;
069:  0.2650   0.5880   0.8180   1.0290   1.2610   1.5190   1.7490   2.0850   2.3230   2.5470   2.7770   3.1380   3.3930   0.0000   0.0000   0.0000   0.0000   0.0000   0.0000   0.0000   0.0000   0.0000   0.0000;
070:  0.2650   0.5890   0.8190   1.0300   1.2620   1.5200   1.7500   2.0860   2.3240   2.5480   2.7790   3.1400   3.3960   0.0000   0.0000   0.0000   0.0000   0.0000   0.0000   0.0000   0.0000   0.0000   0.0000;
071:  0.2660   0.5900   0.8200   1.0310   1.2630   1.5210   1.7510   2.0880   2.3260   2.5490   2.7810   3.1420   3.3990   0.0000   0.0000   0.0000   0.0000   0.0000   0.0000   0.0000   0.0000   0.0000   0.0000;
072:  0.2670   0.5910   0.8220   1.0320   1.2640   1.5220   1.7520   2.0890   2.3270   2.5500   2.7830   3.1440   3.4020   0.0000   0.0000   0.0000   0.0000   0.0000   0.0000   0.0000   0.0000   0.0000   0.0000;
073:  0.2670   0.5910   0.8230   1.0320   1.2650   1.5220   1.7530   2.0900   2.3280   2.5510   2.7850   3.1460   3.4050   0.0000   0.0000   0.0000   0.0000   0.0000   0.0000   0.0000   0.0000   0.0000   0.0000;
074:  0.2680   0.5920   0.8240   1.0330   1.2660   1.5230   1.7540   2.0910   2.3290   2.5520   2.7870   3.1470   3.4080   0.0000   0.0000   0.0000   0.0000   0.0000   0.0000   0.0000   0.0000   0.0000   0.0000;
075:  0.2680   0.5930   0.8240   1.0330   1.2670   1.5240   1.7550   2.0920   2.3300   2.5530   2.7880   3.1490   3.4110   0.0000   0.0000   0.0000   0.0000   0.0000   0.0000   0.0000   0.0000   0.0000   0.0000;
076:  0.2690   0.5930   0.8250   1.0340   1.2670   1.5240   1.7560   2.0930   2.3310   2.5530   2.7890   3.1500   3.4140   0.0000   0.0000   0.0000   0.0000   0.0000   0.0000   0.0000   0.0000   0.0000   0.0000;
077:  0.2690   0.5940   0.8260   1.0340   1.2680   1.5250   1.7560   2.0930   2.3310   2.5540   2.7900   3.1510   3.4160   0.0000   0.0000   0.0000   0.0000   0.0000   0.0000   0.0000   0.0000   0.0000   0.0000;
078:  0.2700   0.5950   0.8270   1.0350   1.2680   1.5250   1.7570   2.0940   2.3320   2.5550   2.7910   3.1520   3.4190   0.0000   0.0000   0.0000   0.0000   0.0000   0.0000   0.0000   0.0000   0.0000   0.0000;
079:  0.2700   0.5950   0.8270   1.0350   1.2690   1.5260   1.7570   2.0950   2.3320   2.5550   2.7920   3.1520   3.4210   0.0000   0.0000   0.0000   0.0000   0.0000   0.0000   0.0000   0.0000   0.0000   0.0000;
080:  0.2700   0.5950   0.8280   1.0350   1.2690   1.5260   1.7570   2.0950   2.3330   2.5550   2.7930   3.1530   3.4240   0.0000   0.0000   0.0000   0.0000   0.0000   0.0000   0.0000   0.0000   0.0000   0.0000;
081:  0.2700   0.5960   0.8290   1.0350   1.2690   1.5260   1.7580   2.0960   2.3330   2.5560   2.7930   3.1530   3.4250   0.0000   0.0000   0.0000   0.0000   0.0000   0.0000   0.0000   0.0000   0.0000   0.0000;
082:  0.2710   0.5960   0.8290   1.0350   1.2700   1.5260   1.7580   2.0960   2.3330   2.5560   2.7930   3.1530   3.4270   0.0000   0.0000   0.0000   0.0000   0.0000   0.0000   0.0000   0.0000   0.0000   0.0000;
083:  0.2710   0.5960   0.8290   1.0350   1.2700   1.5260   1.7580   2.0960   2.3320   2.5560   2.7930   3.1530   3.4280   0.0000   0.0000   0.0000   0.0000   0.0000   0.0000   0.0000   0.0000   0.0000   0.0000;
084:  0.2710   0.5960   0.8290   1.0350   1.2700   1.5260   1.7580   2.0960   2.3320   2.5560   2.7930   3.1520   3.4300   0.0000   0.0000   0.0000   0.0000   0.0000   0.0000   0.0000   0.0000   0.0000   0.0000;
085:  0.2710   0.5960   0.8300   1.0350   1.2690   1.5260   1.7580   2.0960   2.3310   2.5560   2.7930   3.1520   3.4310   0.0000   0.0000   0.0000   0.0000   0.0000   0.0000   0.0000   0.0000   0.0000   0.0000;
086:  0.2710   0.5960   0.8300   1.0340   1.2690   1.5260   1.7570   2.0960   2.3310   2.5560   2.7920   3.1510   3.4310   0.0000   0.0000   0.0000   0.0000   0.0000   0.0000   0.0000   0.0000   0.0000   0.0000;
087:  0.2710   0.5960   0.8300   1.0340   1.2690   1.5260   1.7570   2.0960   2.3300   2.5560   2.7920   3.1500   3.4310   0.0000   0.0000   0.0000   0.0000   0.0000   0.0000   0.0000   0.0000   0.0000   0.0000;
088:  0.2700   0.5960   0.8300   1.0340   1.2690   1.5250   1.7570   2.0960   2.3290   2.5560   2.7910   3.1490   3.4310   0.0000   0.0000   0.0000   0.0000   0.0000   0.0000   0.0000   0.0000   0.0000   0.0000;
089:  0.2700   0.5960   0.8290   1.0330   1.2680   1.5250   1.7560   2.0950   2.3280   2.5560   2.7900   3.1470   3.4310   0.0000   0.0000   0.0000   0.0000   0.0000   0.0000   0.0000   0.0000   0.0000   0.0000;
090:  0.2700   0.5960   0.8290   1.0330   1.2670   1.5250   1.7560   2.0950   2.3270   2.5550   2.7890   3.1460   3.4310   0.0000   0.0000   0.0000   0.0000   0.0000   0.0000   0.0000   0.0000   0.0000   0.0000;
091:  0.2700   0.5960   0.8290   1.0320   1.2670   1.5240   1.7550   2.0940   2.3260   2.5550   2.7880   3.1450   3.4300   0.0000   0.0000   0.0000   0.0000   0.0000   0.0000   0.0000   0.0000   0.0000   0.0000;
092:  0.2690   0.5950   0.8280   1.0320   1.2660   1.5240   1.7550   2.0940   2.3250   2.5550   2.7870   3.1430   3.4290   0.0000   0.0000   0.0000   0.0000   0.0000   0.0000   0.0000   0.0000   0.0000   0.0000;
093:  0.2690   0.5950   0.8280   1.0310   1.2650   1.5230   1.7540   2.0930   2.3230   2.5540   2.7850   3.1420   3.4280   0.0000   0.0000   0.0000   0.0000   0.0000   0.0000   0.0000   0.0000   0.0000   0.0000;
094:  0.2690   0.5940   0.8270   1.0310   1.2640   1.5220   1.7530   2.0920   2.3220   2.5530   2.7840   3.1400   3.4260   0.0000   0.0000   0.0000   0.0000   0.0000   0.0000   0.0000   0.0000   0.0000   0.0000;
095:  0.2680   0.5940   0.8260   1.0300   1.2630   1.5220   1.7530   2.0910   2.3200   2.5520   2.7830   3.1380   3.4240   0.0000   0.0000   0.0000   0.0000   0.0000   0.0000   0.0000   0.0000   0.0000   0.0000;
096:  0.2680   0.5930   0.8260   1.0290   1.2620   1.5210   1.7520   2.0890   2.3190   2.5510   2.7810   3.1360   3.4220   0.0000   0.0000   0.0000   0.0000   0.0000   0.0000   0.0000   0.0000   0.0000   0.0000;
097:  0.2670   0.5930   0.8250   1.0280   1.2610   1.5200   1.7510   2.0880   2.3170   2.5500   2.7800   3.1340   3.4200   0.0000   0.0000   0.0000   0.0000   0.0000   0.0000   0.0000   0.0000   0.0000   0.0000;
098:  0.2670   0.5920   0.8240   1.0270   1.2600   1.5190   1.7500   2.0870   2.3150   2.5490   2.7780   3.1330   3.4170   0.0000   0.0000   0.0000   0.0000   0.0000   0.0000   0.0000   0.0000   0.0000   0.0000;
099:  0.2660   0.5910   0.8230   1.0270   1.2580   1.5180   1.7490   2.0850   2.3130   2.5480   2.7760   3.1310   3.4150   0.0000   0.0000   0.0000   0.0000   0.0000   0.0000   0.0000   0.0000   0.0000   0.0000;
100:  0.2660   0.5900   0.8220   1.0260   1.2570   1.5170   1.7480   2.0840   2.3120   2.5460   2.7750   3.1290   3.4120   0.0000   0.0000   0.0000   0.0000   0.0000   0.0000   0.0000   0.0000   0.0000   0.0000;
101:  0.2650   0.5890   0.8200   1.0250   1.2560   1.5160   1.7470   2.0820   2.3100   2.5450   2.7730   3.1270   3.4090   0.0000   0.0000   0.0000   0.0000   0.0000   0.0000   0.0000   0.0000   0.0000   0.0000;
102:  0.2650   0.5880   0.8190   1.0240   1.2550   1.5150   1.7460   2.0800   2.3080   2.5430   2.7710   3.1250   3.4060   0.0000   0.0000   0.0000   0.0000   0.0000   0.0000   0.0000   0.0000   0.0000   0.0000;
103:  0.2640   0.5870   0.8180   1.0230   1.2530   1.5140   1.7450   2.0790   2.3060   2.5410   2.7690   3.1240   3.4030   0.0000   0.0000   0.0000   0.0000   0.0000   0.0000   0.0000   0.0000   0.0000   0.0000;
104:  0.2630   0.5860   0.8160   1.0220   1.2510   1.5130   1.7440   2.0770   2.3040   2.5390   2.7670   3.1220   3.3990   0.0000   0.0000   0.0000   0.0000   0.0000   0.0000   0.0000   0.0000   0.0000   0.0000;
105:  0.2630   0.5850   0.8150   1.0200   1.2500   1.5110   1.7430   2.0750   2.3020   2.5370   2.7650   3.1210   3.3960   0.0000   0.0000   0.0000   0.0000   0.0000   0.0000   0.0000   0.0000   0.0000   0.0000;
106:  0.2620   0.5840   0.8140   1.0190   1.2490   1.5100   1.7420   2.0730   2.3000   2.5350   2.7630   3.1190   3.3930   0.0000   0.0000   0.0000   0.0000   0.0000   0.0000   0.0000   0.0000   0.0000   0.0000;
107:  0.2610   0.5830   0.8120   1.0180   1.2470   1.5090   1.7400   2.0710   2.2980   2.5330   2.7610   3.1180   3.3900   0.0000   0.0000   0.0000   0.0000   0.0000   0.0000   0.0000   0.0000   0.0000   0.0000;
108:  0.2600   0.5820   0.8100   1.0170   1.2450   1.5070   1.7390   2.0680   2.2960   2.5310   2.7590   3.1170   3.3870   0.0000   0.0000   0.0000   0.0000   0.0000   0.0000   0.0000   0.0000   0.0000   0.0000;
109:  0.2600   0.5800   0.8090   1.0150   1.2440   1.5050   1.7370   2.0660   2.2940   2.5290   2.7580   3.1160   3.3840   0.0000   0.0000   0.0000   0.0000   0.0000   0.0000   0.0000   0.0000   0.0000   0.0000;
110:  0.2590   0.5790   0.8070   1.0140   1.2420   1.5040   1.7360   2.0640   2.2920   2.5260   2.7560   3.1150   3.3810   0.0000   0.0000   0.0000   0.0000   0.0000   0.0000   0.0000   0.0000   0.0000   0.0000;
111:  0.2580   0.5780   0.8050   1.0130   1.2400   1.5020   1.7340   2.0620   2.2900   2.5240   2.7530   3.1130   3.3780   0.0000   0.0000   0.0000   0.0000   0.0000   0.0000   0.0000   0.0000   0.0000   0.0000;
112:  0.2570   0.5760   0.8040   1.0110   1.2390   1.5000   1.7330   2.0590   2.2880   2.5210   2.7510   3.1120   3.3760   0.0000   0.0000   0.0000   0.0000   0.0000   0.0000   0.0000   0.0000   0.0000   0.0000;
113:  0.2570   0.5750   0.8020   1.0090   1.2370   1.4990   1.7310   2.0570   2.2860   2.5180   2.7490   3.1110   3.3730   0.0000   0.0000   0.0000   0.0000   0.0000   0.0000   0.0000   0.0000   0.0000   0.0000;
114:  0.2560   0.5730   0.8000   1.0080   1.2350   1.4970   1.7290   2.0550   2.2840   2.5160   2.7470   3.1110   3.3710   0.0000   0.0000   0.0000   0.0000   0.0000   0.0000   0.0000   0.0000   0.0000   0.0000;
115:  0.2550   0.5720   0.7980   1.0060   1.2340   1.4950   1.7270   2.0520   2.2820   2.5130   2.7450   3.1100   3.3690   0.0000   0.0000   0.0000   0.0000   0.0000   0.0000   0.0000   0.0000   0.0000   0.0000;
116:  0.2540   0.5710   0.7970   1.0050   1.2320   1.4930   1.7250   2.0500   2.2800   2.5110   2.7430   3.1090   3.3670   0.0000   0.0000   0.0000   0.0000   0.0000   0.0000   0.0000   0.0000   0.0000   0.0000;
117:  0.2530   0.5690   0.7950   1.0030   1.2300   1.4910   1.7230   2.0470   2.2780   2.5080   2.7410   3.1080   3.3650   0.0000   0.0000   0.0000   0.0000   0.0000   0.0000   0.0000   0.0000   0.0000   0.0000;
118:  0.2520   0.5670   0.7930   1.0010   1.2290   1.4890   1.7210   2.0450   2.2760   2.5050   2.7390   3.1070   3.3640   0.0000   0.0000   0.0000   0.0000   0.0000   0.0000   0.0000   0.0000   0.0000   0.0000;
119:  0.2510   0.5660   0.7910   0.9990   1.2270   1.4870   1.7190   2.0420   2.2750   2.5020   2.7370   3.1060   3.3620   0.0000   0.0000   0.0000   0.0000   0.0000   0.0000   0.0000   0.0000   0.0000   0.0000;
120:  0.2510   0.5640   0.7890   0.9970   1.2250   1.4850   1.7170   2.0400   2.2730   2.5000   2.7350   3.1050   3.3610   0.0000   0.0000   0.0000   0.0000   0.0000   0.0000   0.0000   0.0000   0.0000   0.0000;
121:  0.2490   0.5630   0.7870   0.9960   1.2230   1.4820   1.7140   2.0380   2.2710   2.4970   2.7320   3.1040   3.3600   0.0000   0.0000   0.0000   0.0000   0.0000   0.0000   0.0000   0.0000   0.0000   0.0000;
122:  0.2490   0.5610   0.7860   0.9940   1.2220   1.4800   1.7120   2.0350   2.2690   2.4940   2.7300   3.1040   3.3580   0.0000   0.0000   0.0000   0.0000   0.0000   0.0000   0.0000   0.0000   0.0000   0.0000;
123:  0.2480   0.5600   0.7840   0.9920   1.2200   1.4780   1.7090   2.0330   2.2670   2.4910   2.7280   3.1020   3.3580   0.0000   0.0000   0.0000   0.0000   0.0000   0.0000   0.0000   0.0000   0.0000   0.0000;
124:  0.2470   0.5580   0.7820   0.9900   1.2180   1.4760   1.7070   2.0300   2.2650   2.4890   2.7250   3.1010   3.3570   0.0000   0.0000   0.0000   0.0000   0.0000   0.0000   0.0000   0.0000   0.0000   0.0000;
125:  0.2460   0.5570   0.7800   0.9870   1.2160   1.4730   1.7040   2.0280   2.2640   2.4860   2.7230   3.1000   3.3560   3.5220   3.8230   0.0000   0.0000   0.0000   0.0000   0.0000   0.0000   0.0000   0.0000;
126:  0.2450   0.5550   0.7790   0.9850   1.2140   1.4710   1.7010   2.0250   2.2620   2.4840   2.7200   3.0990   3.3550   3.5240   3.8260   0.0000   0.0000   0.0000   0.0000   0.0000   0.0000   0.0000   0.0000;
127:  0.2440   0.5540   0.7770   0.9830   1.2120   1.4680   1.6980   2.0230   2.2600   2.4810   2.7180   3.0970   3.3540   3.5250   3.8280   0.0000   0.0000   0.0000   0.0000   0.0000   0.0000   0.0000   0.0000;
128:  0.2430   0.5520   0.7750   0.9810   1.2100   1.4660   1.6950   2.0200   2.2580   2.4780   2.7150   3.0960   3.3530   3.5270   3.8310   0.0000   0.0000   0.0000   0.0000   0.0000   0.0000   0.0000   0.0000;
129:  0.2420   0.5510   0.7730   0.9790   1.2080   1.4630   1.6920   2.0180   2.2560   2.4760   2.7130   3.0940   3.3520   3.5290   3.8330   0.0000   0.0000   0.0000   0.0000   0.0000   0.0000   0.0000   0.0000;
130:  0.2410   0.5490   0.7720   0.9770   1.2060   1.4600   1.6890   2.0150   2.2540   2.4730   2.7100   3.0920   3.3510   3.5310   3.8350   0.0000   0.0000   0.0000   0.0000   0.0000   0.0000   0.0000   0.0000;
131:  0.2400   0.5480   0.7700   0.9750   1.2040   1.4580   1.6860   2.0130   2.2520   2.4700   2.7080   3.0900   3.3500   3.5330   3.8370   0.0000   0.0000   0.0000   0.0000   0.0000   0.0000   0.0000   0.0000;
132:  0.2390   0.5460   0.7680   0.9730   1.2020   1.4550   1.6830   2.0100   2.2500   2.4670   2.7050   3.0870   3.3490   3.5350   3.8390   0.0000   0.0000   0.0000   0.0000   0.0000   0.0000   0.0000   0.0000;
133:  0.2380   0.5450   0.7660   0.9700   1.2000   1.4530   1.6800   2.0080   2.2470   2.4650   2.7020   3.0850   3.3470   3.5360   3.8410   0.0000   0.0000   0.0000   0.0000   0.0000   0.0000   0.0000   0.0000;
134:  0.2370   0.5440   0.7650   0.9680   1.1980   1.4500   1.6770   2.0050   2.2450   2.4620   2.6990   3.0820   3.3450   3.5380   3.8430   0.0000   0.0000   0.0000   0.0000   0.0000   0.0000   0.0000   0.0000;
135:  0.2360   0.5420   0.7630   0.9660   1.1960   1.4470   1.6730   2.0020   2.2430   2.4600   2.6960   3.0790   3.3430   3.5400   3.8440   0.0000   0.0000   0.0000   0.0000   0.0000   0.0000   0.0000   0.0000;
136:  0.2360   0.5410   0.7610   0.9640   1.1930   1.4440   1.6700   2.0000   2.2400   2.4570   2.6940   3.0760   3.3410   3.5410   3.8450   0.0000   0.0000   0.0000   0.0000   0.0000   0.0000   0.0000   0.0000;
137:  0.2350   0.5400   0.7600   0.9610   1.1910   1.4410   1.6670   1.9970   2.2380   2.4540   2.6910   3.0730   3.3390   3.5420   3.8460   0.0000   0.0000   0.0000   0.0000   0.0000   0.0000   0.0000   0.0000;
138:  0.2340   0.5380   0.7580   0.9590   1.1890   1.4380   1.6640   1.9950   2.2350   2.4510   2.6880   3.0690   3.3360   3.5430   3.8460   4.1000   0.0000   0.0000   0.0000   0.0000   0.0000   0.0000   0.0000;
139:  0.2330   0.5370   0.7560   0.9570   1.1860   1.4360   1.6600   1.9920   2.2320   2.4480   2.6850   3.0650   3.3330   3.5440   3.8460   4.1000   0.0000   0.0000   0.0000   0.0000   0.0000   0.0000   0.0000;
140:  0.2320   0.5360   0.7550   0.9550   1.1840   1.4330   1.6570   1.9890   2.2290   2.4450   2.6820   3.0610   3.3290   3.5440   3.8460   4.1000   4.4130   0.0000   0.0000   0.0000   0.0000   0.0000   0.0000;
141:  0.2310   0.5350   0.7530   0.9520   1.1810   1.4300   1.6540   1.9860   2.2260   2.4420   2.6780   3.0570   3.3250   3.5440   3.8450   4.1000   4.4130   0.0000   0.0000   0.0000   0.0000   0.0000   0.0000;
142:  0.2310   0.5330   0.7510   0.9500   1.1780   1.4270   1.6510   1.9830   2.2230   2.4390   2.6750   3.0530   3.3220   3.5440   3.8440   4.1000   4.4130   0.0000   0.0000   0.0000   0.0000   0.0000   0.0000;
143:  0.2300   0.5320   0.7500   0.9480   1.1760   1.4240   1.6470   1.9800   2.2200   2.4360   2.6720   3.0480   3.3170   3.5430   3.8420   4.0990   4.4130   0.0000   0.0000   0.0000   0.0000   0.0000   0.0000;
144:  0.2290   0.5310   0.7480   0.9460   1.1730   1.4210   1.6440   1.9780   2.2160   2.4320   2.6680   3.0430   3.3120   3.5420   3.8400   4.0980   4.4120   0.0000   0.0000   0.0000   0.0000   0.0000   0.0000;
145:  0.2290   0.5300   0.7460   0.9440   1.1710   1.4180   1.6410   1.9750   2.2130   2.4290   2.6650   3.0380   3.3070   3.5400   3.8370   4.0960   4.4100   0.0000   0.0000   0.0000   0.0000   0.0000   0.0000;
146:  0.2280   0.5280   0.7450   0.9410   1.1680   1.4150   1.6370   1.9720   2.2090   2.4250   2.6620   3.0330   3.3020   3.5380   3.8340   4.0940   4.4080   0.0000   0.0000   0.0000   0.0000   0.0000   0.0000;
147:  0.2270   0.5270   0.7430   0.9390   1.1650   1.4110   1.6340   1.9690   2.2050   2.4220   2.6580   3.0280   3.2960   3.5350   3.8300   4.0920   4.4060   0.0000   0.0000   0.0000   0.0000   0.0000   0.0000;
148:  0.2260   0.5260   0.7410   0.9370   1.1630   1.4080   1.6310   1.9650   2.2020   2.4180   2.6540   3.0220   3.2900   3.5330   3.8260   4.0890   4.4030   0.0000   0.0000   0.0000   0.0000   0.0000   0.0000;
149:  0.2260   0.5250   0.7400   0.9350   1.1600   1.4050   1.6280   1.9620   2.1980   2.4140   2.6510   3.0170   3.2840   3.5290   3.8210   4.0860   4.3990   0.0000   0.0000   0.0000   0.0000   0.0000   0.0000;
150:  0.2250   0.5240   0.7380   0.9330   1.1570   1.4020   1.6240   1.9590   2.1940   2.4100   2.6470   3.0110   3.2770   3.5250   3.8160   4.0830   4.3950   0.0000   0.0000   0.0000   0.0000   0.0000   0.0000;
151:  0.2240   0.5230   0.7360   0.9310   1.1550   1.3990   1.6210   1.9560   2.1900   2.4060   2.6430   3.0050   3.2700   3.5210   3.8110   4.0790   4.3900   0.0000   0.0000   0.0000   0.0000   0.0000   0.0000;
152:  0.2240   0.5220   0.7350   0.9280   1.1520   1.3960   1.6180   1.9530   2.1860   2.4020   2.6390   2.9990   3.2640   3.5160   3.8040   4.0750   4.3850   0.0000   0.0000   0.0000   0.0000   0.0000   0.0000;
153:  0.2230   0.5200   0.7330   0.9260   1.1490   1.3930   1.6150   1.9500   2.1810   2.3980   2.6350   2.9930   3.2560   3.5110   3.7980   4.0710   4.3780   0.0000   0.0000   0.0000   0.0000   0.0000   0.0000;
154:  0.2230   0.5190   0.7320   0.9240   1.1460   1.3900   1.6120   1.9470   2.1770   2.3940   2.6310   2.9870   3.2490   3.5050   3.7910   4.0660   4.3720   0.0000   0.0000   0.0000   0.0000   0.0000   0.0000;
155:  0.2220   0.5180   0.7300   0.9220   1.1440   1.3870   1.6090   1.9440   2.1730   2.3900   2.6260   2.9810   3.2410   3.4990   3.7830   4.0600   4.3640   0.0000   0.0000   0.0000   0.0000   0.0000   0.0000;
156:  0.2210   0.5170   0.7290   0.9200   1.1410   1.3840   1.6060   1.9400   2.1680   2.3850   2.6220   2.9740   3.2340   3.4930   3.7750   4.0550   4.3560   0.0000   0.0000   0.0000   0.0000   0.0000   0.0000;
157:  0.2210   0.5160   0.7270   0.9180   1.1380   1.3800   1.6030   1.9370   2.1640   2.3810   2.6170   2.9680   3.2260   3.4860   3.7670   4.0490   4.3480   0.0000   0.0000   0.0000   0.0000   0.0000   0.0000;
158:  0.2200   0.5150   0.7250   0.9160   1.1360   1.3770   1.6000   1.9340   2.1600   2.3760   2.6130   2.9610   3.2180   3.4790   3.7590   4.0430   4.3390   0.0000   0.0000   0.0000   0.0000   0.0000   0.0000;
159:  0.2190   0.5140   0.7240   0.9150   1.1340   1.3740   1.5960   1.9310   2.1550   2.3720   2.6080   2.9550   3.2110   3.4710   3.7500   4.0370   4.3290   0.0000   0.0000   0.0000   0.0000   0.0000   0.0000;
160:  0.2190   0.5130   0.7230   0.9130   1.1310   1.3710   1.5940   1.9270   2.1510   2.3670   2.6030   2.9480   3.2030   3.4630   3.7410   4.0310   4.3190   0.0000   0.0000   0.0000   0.0000   0.0000   0.0000;
161:  0.2180   0.5130   0.7210   0.9110   1.1290   1.3680   1.5910   1.9240   2.1460   2.3620   2.5980   2.9420   3.1950   3.4550   3.7320   4.0240   4.3090   0.0000   0.0000   0.0000   0.0000   0.0000   0.0000;
162:  0.2180   0.5120   0.7200   0.9090   1.1260   1.3650   1.5870   1.9210   2.1420   2.3580   2.5930   2.9350   3.1870   3.4470   3.7220   4.0170   4.2980   0.0000   0.0000   0.0000   0.0000   0.0000   0.0000;
163:  0.2170   0.5110   0.7190   0.9070   1.1240   1.3630   1.5850   1.9180   2.1370   2.3530   2.5880   2.9290   3.1790   3.4380   3.7130   4.0100   4.2860   0.0000   0.0000   0.0000   0.0000   0.0000   0.0000;
164:  0.2160   0.5100   0.7180   0.9060   1.1220   1.3600   1.5820   1.9150   2.1330   2.3480   2.5830   2.9220   3.1720   3.4290   3.7030   4.0030   4.2750   0.0000   0.0000   0.0000   0.0000   0.0000   0.0000;
165:  0.2160   0.5090   0.7160   0.9040   1.1200   1.3570   1.5790   1.9110   2.1290   2.3440   2.5780   2.9160   3.1640   3.4210   3.6930   3.9950   4.2630   0.0000   0.0000   0.0000   0.0000   0.0000   0.0000;
166:  0.2150   0.5090   0.7150   0.9030   1.1180   1.3550   1.5760   1.9080   2.1240   2.3390   2.5730   2.9090   3.1560   3.4120   3.6840   3.9880   4.2510   0.0000   0.0000   0.0000   0.0000   0.0000   0.0000;
167:  0.2150   0.5080   0.7140   0.9010   1.1160   1.3520   1.5730   1.9050   2.1200   2.3340   2.5670   2.9030   3.1490   3.4030   3.6740   3.9800   4.2390   0.0000   0.0000   0.0000   0.0000   0.0000   0.0000;
168:  0.2140   0.5070   0.7130   0.9000   1.1140   1.3490   1.5700   1.9020   2.1160   2.3290   2.5620   2.8960   3.1420   3.3940   3.6650   3.9730   4.2260   0.0000   0.0000   0.0000   0.0000   0.0000   0.0000;
169:  0.2130   0.5070   0.7120   0.8980   1.1120   1.3470   1.5670   1.8980   2.1110   2.3250   2.5560   2.8900   3.1350   3.3850   3.6560   3.9650   4.2140   0.0000   0.0000   0.0000   0.0000   0.0000   0.0000;
170:  0.2130   0.5060   0.7110   0.8970   1.1110   1.3450   1.5640   1.8950   2.1070   2.3200   2.5510   2.8840   3.1270   3.3760   3.6470   3.9570   4.2010   0.0000   0.0000   0.0000   0.0000   0.0000   0.0000;
171:  0.2120   0.5060   0.7110   0.8960   1.1090   1.3420   1.5620   1.8920   2.1030   2.3150   2.5450   2.8770   3.1200   3.3670   3.6380   3.9500   4.1890   0.0000   0.0000   0.0000   0.0000   0.0000   0.0000;
172:  0.2120   0.5050   0.7100   0.8950   1.1070   1.3400   1.5590   1.8890   2.0990   2.3100   2.5390   2.8710   3.1130   3.3580   3.6290   3.9420   4.1770   0.0000   0.0000   0.0000   0.0000   0.0000   0.0000;
173:  0.2110   0.5050   0.7090   0.8940   1.1060   1.3380   1.5560   1.8850   2.0950   2.3060   2.5340   2.8650   3.1060   3.3490   3.6210   3.9350   4.1640   0.0000   0.0000   0.0000   0.0000   0.0000   0.0000;
174:  0.2110   0.5050   0.7090   0.8930   1.1050   1.3360   1.5540   1.8820   2.0910   2.3010   2.5280   2.8580   3.1000   3.3410   3.6130   0.0000   0.0000   0.0000   0.0000   0.0000   0.0000   0.0000   0.0000;
175:  0.2110   0.5050   0.7080   0.8920   1.1040   1.3340   1.5510   1.8790   2.0870   2.2960   2.5220   2.8520   3.0930   3.3330   3.6050   0.0000   0.0000   0.0000   0.0000   0.0000   0.0000   0.0000   0.0000;
176:  0.2100   0.5050   0.7070   0.8910   1.1020   1.3330   1.5490   1.8760   2.0830   2.2920   2.5160   2.8460   3.0860   3.3250   3.5980   0.0000   0.0000   0.0000   0.0000   0.0000   0.0000   0.0000   0.0000;
177:  0.2100   0.5050   0.7070   0.8900   1.1010   1.3310   1.5460   1.8730   2.0800   2.2870   2.5110   2.8400   3.0790   3.3170   3.5920   0.0000   0.0000   0.0000   0.0000   0.0000   0.0000   0.0000   0.0000;
178:  0.2100   0.5050   0.7070   0.8890   1.1000   1.3290   1.5440   1.8690   2.0760   2.2830   2.5050   2.8330   3.0730   3.3100   3.5850   0.0000   0.0000   0.0000   0.0000   0.0000   0.0000   0.0000   0.0000;
179:  0.2090   0.5050   0.7070   0.8890   1.0990   1.3280   1.5420   1.8660   2.0730   2.2790   2.5000   2.8270   3.0660   3.3030   3.5800   0.0000   0.0000   0.0000   0.0000   0.0000   0.0000   0.0000   0.0000;
180:  0.2090   0.5050   0.7060   0.8880   1.0980   1.3270   1.5400   1.8630   2.0690   2.2740   2.4940   2.8210   3.0600   3.2960   3.5740   0.0000   0.0000   0.0000   0.0000   0.0000   0.0000   0.0000   0.0000;
181:  0.2090   0.5050   0.7060   0.8880   1.0980   1.3250   1.5380   1.8600   2.0650   2.2700   2.4890   2.8150   3.0530   3.2890   3.5690   0.0000   0.0000   0.0000   0.0000   0.0000   0.0000   0.0000   0.0000;
182:  0.2090   0.5050   0.7060   0.8880   1.0970   1.3240   1.5360   1.8570   2.0620   2.2660   2.4830   2.8090   3.0460   3.2830   3.5650   0.0000   0.0000   0.0000   0.0000   0.0000   0.0000   0.0000   0.0000;
183:  0.2090   0.5050   0.7060   0.8870   1.0960   1.3230   1.5350   1.8530   2.0590   2.2620   2.4780   2.8030   3.0390   3.2770   3.5610   0.0000   0.0000   0.0000   0.0000   0.0000   0.0000   0.0000   0.0000;
184:  0.2090   0.5050   0.7060   0.8870   1.0960   1.3230   1.5330   1.8500   2.0560   2.2570   2.4730   2.7970   3.0330   3.2720   3.5570   0.0000   0.0000   0.0000   0.0000   0.0000   0.0000   0.0000   0.0000;
185:  0.2090   0.5060   0.7060   0.8870   1.0960   1.3220   1.5310   1.8470   2.0530   2.2530   2.4670   2.7910   3.0260   3.2660   3.5540   0.0000   0.0000   0.0000   0.0000   0.0000   0.0000   0.0000   0.0000;
186:  0.2090   0.5060   0.7070   0.8870   1.0950   1.3210   1.5300   1.8440   2.0500   2.2490   2.4630   2.7850   3.0190   3.2610   3.5510   0.0000   0.0000   0.0000   0.0000   0.0000   0.0000   0.0000   0.0000;
187:  0.2100   0.5060   0.7070   0.8870   1.0950   1.3210   1.5290   1.8420   2.0470   2.2450   2.4580   2.7790   3.0120   3.2570   3.5490   0.0000   0.0000   0.0000   0.0000   0.0000   0.0000   0.0000   0.0000;
188:  0.2100   0.5070   0.7070   0.8870   1.0950   1.3210   1.5280   1.8390   2.0440   2.2420   2.4530   2.7740   3.0050   3.2530   3.5470   0.0000   0.0000   0.0000   0.0000   0.0000   0.0000   0.0000   0.0000;
189:  0.2100   0.5070   0.7070   0.8880   1.0950   1.3200   1.5270   1.8360   2.0420   2.2380   2.4490   2.7680   2.9980   3.2490   3.5450   0.0000   0.0000   0.0000   0.0000   0.0000   0.0000   0.0000   0.0000;
190:  0.2110   0.5080   0.7080   0.8880   1.0950   1.3200   1.5270   1.8340   2.0390   2.2350   2.4440   2.7620   2.9910   3.2450   3.5440   0.0000   0.0000   0.0000   0.0000   0.0000   0.0000   0.0000   0.0000;
191:  0.2110   0.5080   0.7080   0.8890   1.0960   1.3200   1.5260   1.8310   2.0370   2.2310   2.4400   2.7570   2.9840   3.2420   3.5420   0.0000   0.0000   0.0000   0.0000   0.0000   0.0000   0.0000   0.0000;
192:  0.2110   0.5090   0.7090   0.8890   1.0960   1.3210   1.5260   1.8290   2.0350   2.2280   2.4360   2.7510   2.9770   3.2380   3.5420   0.0000   0.0000   0.0000   0.0000   0.0000   0.0000   0.0000   0.0000;
193:  0.2120   0.5090   0.7090   0.8900   1.0960   1.3210   1.5260   1.8270   2.0330   2.2250   2.4320   2.7460   2.9690   3.2350   0.0000   0.0000   0.0000   0.0000   0.0000   0.0000   0.0000   0.0000   0.0000;
194:  0.2120   0.5100   0.7100   0.8900   1.0970   1.3210   1.5260   1.8250   2.0310   2.2220   2.4290   2.7410   2.9620   0.0000   0.0000   0.0000   0.0000   0.0000   0.0000   0.0000   0.0000   0.0000   0.0000;
195:  0.2130   0.5110   0.7110   0.8910   1.0970   1.3220   1.5260   1.8230   2.0290   2.2190   2.4250   2.7360   2.9550   0.0000   0.0000   0.0000   0.0000   0.0000   0.0000   0.0000   0.0000   0.0000   0.0000;
196:  0.2130   0.5110   0.7110   0.8920   1.0980   1.3230   1.5270   1.8220   2.0280   2.2160   2.4220   2.7310   2.9480   0.0000   0.0000   0.0000   0.0000   0.0000   0.0000   0.0000   0.0000   0.0000   0.0000;
197:  0.2140   0.5120   0.7120   0.8930   1.0990   1.3240   1.5270   1.8200   2.0270   2.2140   2.4190   2.7260   2.9410   0.0000   0.0000   0.0000   0.0000   0.0000   0.0000   0.0000   0.0000   0.0000   0.0000;
198:  0.2150   0.5130   0.7130   0.8940   1.1000   1.3250   1.5280   1.8190   2.0260   2.2120   2.4160   2.7220   2.9340   0.0000   0.0000   0.0000   0.0000   0.0000   0.0000   0.0000   0.0000   0.0000   0.0000;
199:  0.2150   0.5130   0.7140   0.8950   1.1010   1.3260   1.5290   1.8180   2.0250   2.2100   2.4140   2.7170   2.9270   0.0000   0.0000   0.0000   0.0000   0.0000   0.0000   0.0000   0.0000   0.0000   0.0000;
200:  0.2160   0.5140   0.7150   0.8960   1.1020   1.3270   1.5310   1.8180   2.0240   2.2080   2.4110   2.7130   2.9200   0.0000   0.0000   0.0000   0.0000   0.0000   0.0000   0.0000   0.0000   0.0000   0.0000;
201:  0.2160   0.5150   0.7160   0.8970   1.1040   1.3290   1.5320   1.8180   2.0240   2.2070   2.4090   2.7090   2.9140   0.0000   0.0000   0.0000   0.0000   0.0000   0.0000   0.0000   0.0000   0.0000   0.0000;
202:  0.2170   0.5160   0.7170   0.8980   1.1050   1.3300   1.5340   1.8180   2.0240   2.2050   2.4080   2.7050   2.9070   0.0000   0.0000   0.0000   0.0000   0.0000   0.0000   0.0000   0.0000   0.0000   0.0000;
203:  0.2170   0.5160   0.7180   0.9000   1.1070   1.3320   1.5350   1.8180   2.0240   2.2050   2.4060   2.7020   2.9010   0.0000   0.0000   0.0000   0.0000   0.0000   0.0000   0.0000   0.0000   0.0000   0.0000;
204:  0.2180   0.5170   0.7190   0.9010   1.1080   1.3340   1.5380   1.8190   2.0240   2.2040   2.4050   2.6980   2.8950   0.0000   0.0000   0.0000   0.0000   0.0000   0.0000   0.0000   0.0000   0.0000   0.0000;
205:  0.2180   0.5180   0.7200   0.9020   1.1100   1.3360   1.5400   1.8200   2.0250   2.2040   2.4040   2.6950   2.8890   0.0000   0.0000   0.0000   0.0000   0.0000   0.0000   0.0000   0.0000   0.0000   0.0000;
206:  0.2190   0.5190   0.7210   0.9040   1.1120   1.3380   1.5420   1.8220   2.0260   2.2040   2.4040   2.6930   2.8840   0.0000   0.0000   0.0000   0.0000   0.0000   0.0000   0.0000   0.0000   0.0000   0.0000;
207:  0.2190   0.5200   0.7230   0.9060   1.1140   1.3400   1.5450   1.8230   2.0270   2.2040   2.4030   2.6900   2.8790   0.0000   0.0000   0.0000   0.0000   0.0000   0.0000   0.0000   0.0000   0.0000   0.0000;
208:  0.2200   0.5210   0.7240   0.9070   1.1160   1.3430   1.5480   1.8250   2.0290   2.2040   2.4030   2.6880   2.8740   0.0000   0.0000   0.0000   0.0000   0.0000   0.0000   0.0000   0.0000   0.0000   0.0000;
209:  0.2200   0.5220   0.7250   0.9090   1.1190   1.3450   1.5510   1.8280   2.0310   2.2050   2.4030   2.6860   2.8690   0.0000   0.0000   0.0000   0.0000   0.0000   0.0000   0.0000   0.0000   0.0000   0.0000;
210:  0.2210   0.5230   0.7270   0.9110   1.1210   1.3480   1.5540   1.8310   2.0330   2.2060   2.4040   2.6840   2.8650   0.0000   0.0000   0.0000   0.0000   0.0000   0.0000   0.0000   0.0000   0.0000   0.0000;
211:  0.2210   0.5240   0.7280   0.9130   1.1240   1.3510   1.5570   1.8330   2.0350   2.2080   2.4040   2.6830   2.8620   0.0000   0.0000   0.0000   0.0000   0.0000   0.0000   0.0000   0.0000   0.0000   0.0000;
212:  0.2220   0.5250   0.7300   0.9150   1.1260   1.3540   1.5600   1.8370   2.0370   2.2090   2.4050   2.6820   2.8590   0.0000   0.0000   0.0000   0.0000   0.0000   0.0000   0.0000   0.0000   0.0000   0.0000;
213:  0.2220   0.5260   0.7320   0.9170   1.1290   1.3580   1.5640   1.8400   2.0400   2.2110   2.4060   2.6820   2.8560   0.0000   0.0000   0.0000   0.0000   0.0000   0.0000   0.0000   0.0000   0.0000   0.0000;
214:  0.2220   0.5270   0.7330   0.9200   1.1320   1.3610   1.5680   1.8440   2.0430   2.2140   2.4080   2.6810   2.8540   0.0000   0.0000   0.0000   0.0000   0.0000   0.0000   0.0000   0.0000   0.0000   0.0000;
215:  0.2230   0.5290   0.7350   0.9220   1.1350   1.3650   1.5720   1.8480   2.0470   2.2160   2.4100   2.6810   2.8520   0.0000   0.0000   0.0000   0.0000   0.0000   0.0000   0.0000   0.0000   0.0000   0.0000;
216:  0.2230   0.5300   0.7370   0.9240   1.1380   1.3680   1.5760   1.8530   2.0500   2.2190   2.4120   2.6810   2.8500   0.0000   0.0000   0.0000   0.0000   0.0000   0.0000   0.0000   0.0000   0.0000   0.0000;
217:  0.2230   0.5320   0.7390   0.9270   1.1420   1.3720   1.5800   1.8570   2.0540   2.2220   2.4140   2.6820   2.8490   0.0000   0.0000   0.0000   0.0000   0.0000   0.0000   0.0000   0.0000   0.0000   0.0000;
218:  0.2240   0.5330   0.7410   0.9300   1.1450   1.3760   1.5850   1.8620   2.0580   2.2250   2.4160   2.6830   2.8490   0.0000   0.0000   0.0000   0.0000   0.0000   0.0000   0.0000   0.0000   0.0000   0.0000;
219:  0.2240   0.5350   0.7440   0.9320   1.1490   1.3800   1.5890   1.8670   2.0620   2.2290   2.4190   2.6840   2.8490   0.0000   0.0000   0.0000   0.0000   0.0000   0.0000   0.0000   0.0000   0.0000   0.0000;
220:  0.2240   0.5360   0.7460   0.9350   1.1520   1.3840   1.5940   1.8720   2.0670   2.2330   2.4220   2.6850   2.8490   0.0000   0.0000   0.0000   0.0000   0.0000   0.0000   0.0000   0.0000   0.0000   0.0000;
221:  0.2240   0.5380   0.7480   0.9380   1.1560   1.3890   1.5980   1.8780   2.0710   2.2360   2.4250   2.6870   2.8500   0.0000   0.0000   0.0000   0.0000   0.0000   0.0000   0.0000   0.0000   0.0000   0.0000;
222:  0.2250   0.5390   0.7500   0.9410   1.1600   1.3930   1.6030   1.8830   2.0760   2.2410   2.4280   2.6890   2.8510   0.0000   0.0000   0.0000   0.0000   0.0000   0.0000   0.0000   0.0000   0.0000   0.0000;
223:  0.2250   0.5410   0.7530   0.9440   1.1640   1.3980   1.6080   1.8880   2.0800   2.2450   2.4320   2.6910   2.8520   0.0000   0.0000   0.0000   0.0000   0.0000   0.0000   0.0000   0.0000   0.0000   0.0000;
224:  0.2250   0.5430   0.7550   0.9470   1.1680   1.4020   1.6130   1.8940   2.0850   2.2490   2.4350   2.6930   2.8540   0.0000   0.0000   0.0000   0.0000   0.0000   0.0000   0.0000   0.0000   0.0000   0.0000;
225:  0.2250   0.5440   0.7580   0.9510   1.1720   1.4070   1.6180   1.8990   2.0900   2.2530   2.4390   2.6960   2.8560   0.0000   0.0000   0.0000   0.0000   0.0000   0.0000   0.0000   0.0000   0.0000   0.0000;
226:  0.2260   0.5460   0.7600   0.9540   1.1760   1.4120   1.6230   1.9050   2.0950   2.2580   2.4430   2.6980   2.8580   0.0000   0.0000   0.0000   0.0000   0.0000   0.0000   0.0000   0.0000   0.0000   0.0000;
227:  0.2260   0.5480   0.7630   0.9580   1.1800   1.4170   1.6280   1.9100   2.1000   2.2620   2.4470   2.7010   2.8610   0.0000   0.0000   0.0000   0.0000   0.0000   0.0000   0.0000   0.0000   0.0000   0.0000;
228:  0.2260   0.5500   0.7660   0.9610   1.1840   1.4220   1.6330   1.9160   2.1050   2.2670   2.4510   2.7040   2.8640   0.0000   0.0000   0.0000   0.0000   0.0000   0.0000   0.0000   0.0000   0.0000   0.0000;
229:  0.2270   0.5520   0.7690   0.9650   1.1890   1.4270   1.6390   1.9210   2.1100   2.2710   2.4550   2.7070   2.8670   0.0000   0.0000   0.0000   0.0000   0.0000   0.0000   0.0000   0.0000   0.0000   0.0000;
230:  0.2270   0.5540   0.7720   0.9680   1.1930   1.4320   1.6440   1.9260   2.1150   2.2750   2.4590   2.7100   2.8700   0.0000   0.0000   0.0000   0.0000   0.0000   0.0000   0.0000   0.0000   0.0000   0.0000;
231:  0.2270   0.5560   0.7750   0.9720   1.1970   1.4370   1.6490   1.9310   2.1200   2.2800   2.4630   2.7130   2.8730   0.0000   0.0000   0.0000   0.0000   0.0000   0.0000   0.0000   0.0000   0.0000   0.0000;
232:  0.2280   0.5580   0.7770   0.9760   1.2020   1.4420   1.6550   1.9360   2.1250   2.2840   2.4670   2.7160   2.8770   0.0000   0.0000   0.0000   0.0000   0.0000   0.0000   0.0000   0.0000   0.0000   0.0000;
233:  0.2290   0.5600   0.7800   0.9800   1.2060   1.4470   1.6600   1.9400   2.1290   2.2880   2.4710   2.7200   2.8800   3.1040   0.0000   0.0000   0.0000   0.0000   0.0000   0.0000   0.0000   0.0000   0.0000;
234:  0.2290   0.5620   0.7830   0.9840   1.2110   1.4520   1.6650   1.9450   2.1340   2.2930   2.4750   2.7230   2.8840   3.0990   0.0000   0.0000   0.0000   0.0000   0.0000   0.0000   0.0000   0.0000   0.0000;
235:  0.2290   0.5630   0.7860   0.9870   1.2150   1.4570   1.6700   1.9490   2.1380   2.2970   2.4790   2.7260   2.8870   3.0950   0.0000   0.0000   0.0000   0.0000   0.0000   0.0000   0.0000   0.0000   0.0000;
236:  0.2300   0.5650   0.7890   0.9910   1.2200   1.4630   1.6750   1.9530   2.1430   2.3010   2.4830   2.7290   2.8910   3.0910   0.0000   0.0000   0.0000   0.0000   0.0000   0.0000   0.0000   0.0000   0.0000;
237:  0.2310   0.5670   0.7920   0.9950   1.2240   1.4670   1.6810   1.9570   2.1470   2.3050   2.4870   2.7320   2.8950   3.0870   0.0000   0.0000   0.0000   0.0000   0.0000   0.0000   0.0000   0.0000   0.0000;
238:  0.2310   0.5690   0.7950   0.9990   1.2290   1.4730   1.6860   1.9610   2.1510   2.3080   2.4910   2.7350   2.8980   3.0840   3.2860   0.0000   0.0000   0.0000   0.0000   0.0000   0.0000   0.0000   0.0000;
239:  0.2320   0.5710   0.7980   1.0030   1.2330   1.4780   1.6910   1.9640   2.1550   2.3120   2.4950   2.7370   2.9010   3.0810   3.2790   0.0000   0.0000   0.0000   0.0000   0.0000   0.0000   0.0000   0.0000;
240:  0.2320   0.5730   0.8010   1.0070   1.2370   1.4820   1.6960   1.9670   2.1590   2.3150   2.4980   2.7400   2.9040   3.0780   3.2720   0.0000   0.0000   0.0000   0.0000   0.0000   0.0000   0.0000   0.0000;
241:  0.2330   0.5740   0.8040   1.0110   1.2420   1.4870   1.7000   1.9700   2.1620   2.3190   2.5020   2.7430   2.9070   3.0750   3.2660   0.0000   0.0000   0.0000   0.0000   0.0000   0.0000   0.0000   0.0000;
242:  0.2330   0.5760   0.8070   1.0150   1.2460   1.4920   1.7050   1.9730   2.1660   2.3220   2.5050   2.7450   2.9100   3.0730   3.2600   0.0000   0.0000   0.0000   0.0000   0.0000   0.0000   0.0000   0.0000;
243:  0.2340   0.5770   0.8090   1.0180   1.2500   1.4960   1.7090   1.9750   2.1690   2.3250   2.5080   2.7470   2.9130   3.0710   3.2550   3.4240   0.0000   0.0000   0.0000   0.0000   0.0000   0.0000   0.0000;
244:  0.2340   0.5790   0.8120   1.0220   1.2540   1.5010   1.7140   1.9770   2.1720   2.3280   2.5110   2.7490   2.9160   3.0690   3.2500   3.4180   0.0000   0.0000   0.0000   0.0000   0.0000   0.0000   0.0000;
245:  0.2350   0.5800   0.8150   1.0250   1.2580   1.5050   1.7180   1.9790   2.1750   2.3310   2.5140   2.7510   2.9180   3.0670   3.2450   3.4120   3.5810   0.0000   0.0000   0.0000   0.0000   0.0000   0.0000;
246:  0.2350   0.5820   0.8170   1.0290   1.2620   1.5090   1.7220   1.9810   2.1780   2.3330   2.5170   2.7530   2.9200   3.0660   3.2420   3.4070   3.5760   0.0000   0.0000   0.0000   0.0000   0.0000   0.0000;
247:  0.2360   0.5830   0.8200   1.0330   1.2660   1.5130   1.7260   1.9830   2.1810   2.3360   2.5190   2.7550   2.9220   3.0650   3.2380   3.4020   3.5710   0.0000   0.0000   0.0000   0.0000   0.0000   0.0000;
248:  0.2360   0.5850   0.8220   1.0360   1.2700   1.5170   1.7300   1.9840   2.1830   2.3380   2.5220   2.7560   2.9240   3.0640   3.2350   3.3970   3.5670   0.0000   0.0000   0.0000   0.0000   0.0000   0.0000;
249:  0.2370   0.5860   0.8250   1.0390   1.2740   1.5210   1.7340   1.9850   2.1850   2.3410   2.5240   2.7580   2.9260   3.0640   3.2330   3.3930   3.5620   3.7230   3.8880   0.0000   0.0000   0.0000   0.0000;
250:  0.2370   0.5870   0.8270   1.0420   1.2770   1.5240   1.7370   1.9860   2.1880   2.3430   2.5260   2.7590   2.9270   3.0640   3.2310   3.3890   3.5580   3.7200   3.8890   0.0000   0.0000   0.0000   0.0000;
251:  0.2380   0.5880   0.8290   1.0450   1.2810   1.5280   1.7410   1.9870   2.1900   2.3450   2.5280   2.7600   2.9290   3.0640   3.2300   3.3860   3.5550   3.7180   3.8900   0.0000   0.0000   0.0000   0.0000;
252:  0.2380   0.5890   0.8310   1.0480   1.2840   1.5310   1.7440   1.9880   2.1920   2.3470   2.5290   2.7610   2.9300   3.0640   3.2290   3.3830   3.5510   3.7150   3.8900   0.0000   0.0000   0.0000   0.0000;
253:  0.2390   0.5900   0.8330   1.0500   1.2870   1.5340   1.7470   1.9890   2.1930   2.3490   2.5310   2.7620   2.9310   3.0650   3.2280   3.3810   3.5480   3.7130   3.8900   0.0000   0.0000   0.0000   0.0000;
254:  0.2390   0.5910   0.8340   1.0530   1.2900   1.5360   1.7490   1.9900   2.1950   2.3510   2.5330   2.7630   2.9310   3.0660   3.2280   3.3790   3.5450   3.7110   3.8890   0.0000   0.0000   0.0000   0.0000;
255:  0.2390   0.5920   0.8360   1.0550   1.2930   1.5390   1.7520   1.9900   2.1970   2.3530   2.5340   2.7640   2.9320   3.0670   3.2280   3.3770   3.5420   3.7100   3.8870   0.0000   0.0000   0.0000   0.0000;
256:  0.2400   0.5930   0.8370   1.0570   1.2960   1.5420   1.7540   1.9910   2.1980   2.3540   2.5350   2.7640   2.9330   3.0680   3.2290   3.3760   3.5400   3.7090   3.8850   0.0000   0.0000   0.0000   0.0000;
257:  0.2400   0.5930   0.8380   1.0590   1.2980   1.5440   1.7560   1.9920   2.2000   2.3560   2.5360   2.7650   2.9330   3.0690   3.2290   3.3760   3.5380   3.7080   3.8830   0.0000   0.0000   0.0000   0.0000;
258:  0.2400   0.5940   0.8400   1.0610   1.3000   1.5460   1.7580   1.9920   2.2010   2.3570   2.5370   2.7650   2.9340   3.0710   3.2310   3.3760   3.5370   3.7070   3.8800   0.0000   0.0000   0.0000   0.0000;
259:  0.2400   0.5940   0.8410   1.0620   1.3020   1.5480   1.7600   1.9930   2.2020   2.3590   2.5380   2.7660   2.9340   3.0720   3.2320   3.3760   3.5360   3.7070   3.8770   0.0000   0.0000   0.0000   0.0000;
260:  0.2400   0.5950   0.8420   1.0640   1.3040   1.5490   1.7610   1.9930   2.2030   2.3600   2.5390   2.7660   2.9350   3.0740   3.2340   3.3770   3.5350   3.7070   3.8740   0.0000   0.0000   0.0000   0.0000;
261:  0.2400   0.5950   0.8420   1.0650   1.3050   1.5510   1.7620   1.9940   2.2040   2.3620   2.5400   2.7670   2.9350   3.0760   3.2360   3.3780   3.5350   3.7070   3.8710   0.0000   0.0000   0.0000   0.0000;
262:  0.2400   0.5950   0.8430   1.0660   1.3070   1.5520   1.7630   1.9940   2.2050   2.3630   2.5400   2.7670   2.9350   3.0780   3.2380   3.3800   3.5350   3.7080   3.8670   0.0000   0.0000   0.0000   0.0000;
263:  0.2400   0.5960   0.8430   1.0670   1.3080   1.5530   1.7640   1.9950   2.2060   2.3640   2.5410   2.7680   2.9350   3.0800   3.2400   3.3820   3.5350   3.7090   3.8640   0.0000   0.0000   0.0000   0.0000;
264:  0.2400   0.5960   0.8430   1.0670   1.3090   1.5540   1.7650   1.9950   2.2070   2.3650   2.5420   2.7690   2.9360   3.0820   3.2420   3.3850   3.5360   3.7100   3.8620   0.0000   0.0000   0.0000   0.0000;
265:  0.2400   0.5960   0.8440   1.0680   1.3090   1.5540   1.7650   1.9960   2.2080   2.3670   2.5420   2.7690   2.9360   3.0840   3.2450   3.3880   3.5370   3.7120   3.8590   0.0000   0.0000   0.0000   0.0000;
266:  0.2400   0.5960   0.8440   1.0680   1.3100   1.5550   1.7650   1.9970   2.2090   2.3680   2.5430   2.7700   2.9370   3.0850   3.2470   3.3910   3.5390   3.7140   3.8570   0.0000   0.0000   0.0000   0.0000;
267:  0.2400   0.5960   0.8430   1.0680   1.3100   1.5550   1.7650   1.9970   2.2100   2.3690   2.5430   2.7710   2.9370   3.0870   3.2500   3.3950   3.5410   3.7160   3.8560   0.0000   0.0000   0.0000   0.0000;
268:  0.2400   0.5960   0.8430   1.0670   1.3100   1.5550   1.7650   1.9980   2.2100   2.3700   2.5440   2.7710   2.9380   3.0890   3.2530   3.3990   3.5430   3.7180   3.8560   0.0000   0.0000   0.0000   0.0000;
269:  0.2400   0.5950   0.8420   1.0670   1.3100   1.5540   1.7650   1.9990   2.2110   2.3710   2.5440   2.7720   2.9390   3.0910   3.2560   3.4030   3.5460   3.7210   3.8560   0.0000   0.0000   0.0000   0.0000;
270:  0.2400   0.5950   0.8420   1.0670   1.3090   1.5540   1.7640   1.9990   2.2110   2.3710   2.5450   2.7730   2.9400   3.0930   3.2590   3.4070   3.5490   3.7250   3.8580   0.0000   0.0000   0.0000   0.0000;
271:  0.2400   0.5950   0.8410   1.0660   1.3080   1.5530   1.7640   2.0000   2.2120   2.3720   2.5450   2.7740   2.9400   3.0950   3.2620   3.4110   3.5530   3.7280   3.8600   0.0000   0.0000   0.0000   0.0000;
272:  0.2390   0.5940   0.8400   1.0650   1.3070   1.5520   1.7630   2.0010   2.2120   2.3720   2.5460   2.7760   2.9420   3.0970   3.2650   3.4160   3.5570   3.7330   3.8640   0.0000   0.0000   0.0000   0.0000;
273:  0.2390   0.5940   0.8390   1.0640   1.3060   1.5510   1.7620   2.0010   2.2120   2.3730   2.5470   2.7770   2.9430   3.0990   3.2680   3.4210   3.5620   3.7370   3.8690   0.0000   0.0000   0.0000   0.0000;
274:  0.2390   0.5930   0.8380   1.0620   1.3050   1.5500   1.7600   2.0020   2.2120   2.3730   2.5470   2.7780   2.9440   3.1010   3.2710   3.4260   3.5670   3.7420   3.8750   0.0000   0.0000   0.0000   0.0000;
275:  0.2390   0.5920   0.8370   1.0610   1.3030   1.5480   1.7590   2.0020   2.2120   2.3730   2.5480   2.7800   2.9460   3.1030   3.2750   3.4310   3.5720   3.7470   3.8820   0.0000   0.0000   0.0000   0.0000;
276:  0.2390   0.5910   0.8350   1.0590   1.3010   1.5470   1.7570   2.0030   2.2120   2.3730   2.5490   2.7810   2.9470   3.1050   3.2780   3.4360   3.5780   3.7530   3.8910   0.0000   0.0000   0.0000   0.0000;
277:  0.2380   0.5910   0.8340   1.0570   1.2990   1.5450   1.7550   2.0030   2.2120   2.3730   2.5490   2.7830   2.9490   3.1070   3.2810   3.4410   3.5840   3.7590   3.9010   0.0000   0.0000   0.0000   0.0000;
278:  0.2380   0.5900   0.8320   1.0550   1.2970   1.5430   1.7530   2.0030   2.2110   2.3730   2.5500   2.7840   2.9510   3.1090   3.2850   3.4470   3.5900   3.7650   3.9120   0.0000   0.0000   0.0000   0.0000;
279:  0.2380   0.5890   0.8310   1.0530   1.2940   1.5400   1.7510   2.0030   2.2110   2.3730   2.5500   2.7860   2.9530   3.1110   3.2880   3.4520   3.5960   3.7720   3.9240   0.0000   0.0000   0.0000   0.0000;
280:  0.2380   0.5870   0.8290   1.0510   1.2910   1.5380   1.7490   2.0030   2.2100   2.3720   2.5510   2.7880   2.9550   3.1130   3.2910   3.4570   3.6030   3.7790   3.9380   0.0000   0.0000   0.0000   0.0000;
281:  0.2380   0.5860   0.8270   1.0480   1.2890   1.5350   1.7460   2.0030   2.2090   2.3720   2.5510   2.7900   2.9570   3.1150   3.2950   3.4630   3.6110   3.7870   3.9530   0.0000   0.0000   0.0000   0.0000;
282:  0.2380   0.5850   0.8250   1.0460   1.2850   1.5330   1.7430   2.0030   2.2080   2.3710   2.5510   2.7920   2.9600   3.1170   3.2980   3.4680   3.6180   3.7950   3.9680   0.0000   0.0000   0.0000   0.0000;
283:  0.2370   0.5840   0.8230   1.0430   1.2820   1.5300   1.7400   2.0020   2.2070   2.3700   2.5520   2.7930   2.9620   3.1200   3.3020   3.4730   3.6260   3.8040   3.9850   0.0000   0.0000   0.0000   0.0000;
284:  0.2370   0.5820   0.8210   1.0400   1.2790   1.5270   1.7370   2.0020   2.2050   2.3690   2.5520   2.7950   2.9650   3.1220   3.3060   3.4780   3.6340   3.8130   4.0020   0.0000   0.0000   0.0000   0.0000;
285:  0.2370   0.5810   0.8190   1.0380   1.2760   1.5230   1.7340   2.0010   2.2040   2.3680   2.5520   2.7970   2.9670   3.1240   3.3100   3.4840   3.6420   3.8230   4.0200   0.0000   0.0000   0.0000   0.0000;
286:  0.2370   0.5790   0.8170   1.0350   1.2720   1.5200   1.7310   2.0000   2.2020   2.3660   2.5520   2.7990   2.9700   3.1270   3.3140   3.4890   3.6500   3.8330   4.0390   0.0000   0.0000   0.0000   0.0000;
287:  0.2360   0.5770   0.8140   1.0320   1.2680   1.5160   1.7270   1.9990   2.2000   2.3650   2.5520   2.8010   2.9720   3.1290   3.3180   3.4950   3.6590   3.8430   4.0580   0.0000   0.0000   0.0000   0.0000;
288:  0.2360   0.5760   0.8120   1.0290   1.2650   1.5130   1.7240   1.9970   2.1980   2.3630   2.5520   2.8020   2.9750   3.1320   3.3220   3.5000   3.6680   3.8540   4.0770   0.0000   0.0000   0.0000   0.0000;
289:  0.2360   0.5740   0.8100   1.0250   1.2610   1.5090   1.7200   1.9960   2.1960   2.3620   2.5510   2.8040   2.9770   3.1350   3.3260   3.5050   3.6770   3.8650   4.0960   0.0000   0.0000   0.0000   0.0000;
290:  0.2360   0.5720   0.8070   1.0220   1.2570   1.5050   1.7160   1.9940   2.1940   2.3600   2.5510   2.8050   2.9800   3.1380   3.3300   3.5110   3.6860   3.8770   4.1150   0.0000   0.0000   0.0000   0.0000;
291:  0.2360   0.5700   0.8050   1.0190   1.2530   1.5010   1.7120   1.9920   2.1910   2.3580   2.5500   2.8070   2.9830   3.1410   3.3350   3.5160   3.6950   3.8890   4.1340   0.0000   0.0000   0.0000   0.0000;
292:  0.2350   0.5680   0.8020   1.0160   1.2490   1.4970   1.7080   1.9890   2.1880   2.3550   2.5490   2.8080   2.9850   3.1440   3.3390   3.5220   3.7050   3.9020   4.1530   0.0000   0.0000   0.0000   0.0000;
293:  0.2350   0.5660   0.8000   1.0120   1.2450   1.4920   1.7040   1.9870   2.1850   2.3530   2.5480   2.8090   2.9870   3.1470   3.3440   3.5280   3.7140   3.9150   4.1710   0.0000   0.0000   0.0000   0.0000;
294:  0.2350   0.5640   0.7970   1.0090   1.2410   1.4880   1.6990   1.9840   2.1830   2.3510   2.5470   2.8100   2.9900   3.1500   3.3480   3.5330   3.7240   3.9280   4.1890   0.0000   0.0000   0.0000   0.0000;
295:  0.2340   0.5620   0.7950   1.0050   1.2370   1.4840   1.6950   1.9810   2.1790   2.3490   2.5450   2.8110   2.9920   3.1530   3.3530   3.5390   3.7340   3.9410   4.2060   0.0000   0.0000   0.0000   0.0000;
296:  0.2340   0.5600   0.7920   1.0020   1.2330   1.4790   1.6910   1.9780   2.1760   2.3460   2.5440   2.8120   2.9940   3.1570   3.3580   3.5450   3.7440   3.9550   4.2220   0.0000   0.0000   0.0000   0.0000;
297:  0.2330   0.5570   0.7890   0.9980   1.2280   1.4750   1.6860   1.9750   2.1730   2.3440   2.5420   2.8130   2.9960   3.1600   3.3630   3.5510   3.7540   3.9690   4.2380   0.0000   0.0000   0.0000   0.0000;
298:  0.2330   0.5550   0.7870   0.9950   1.2240   1.4700   1.6810   1.9720   2.1690   2.3410   2.5410   2.8130   2.9980   3.1640   3.3680   3.5580   3.7640   3.9820   4.2520   0.0000   0.0000   0.0000   0.0000;
299:  0.2330   0.5530   0.7840   0.9910   1.2200   1.4650   1.6760   1.9680   2.1660   2.3380   2.5390   2.8130   3.0000   3.1670   3.3730   3.5640   3.7740   3.9970   4.2660   0.0000   0.0000   0.0000   0.0000;
300:  0.2320   0.5510   0.7810   0.9880   1.2160   1.4600   1.6720   1.9640   2.1620   2.3360   2.5360   2.8130   3.0020   3.1710   3.3780   3.5710   3.7840   4.0110   4.2790   0.0000   0.0000   0.0000   0.0000;
301:  0.2320   0.5490   0.7790   0.9840   1.2120   1.4560   1.6670   1.9600   2.1580   2.3330   2.5340   2.8130   3.0040   3.1750   3.3830   3.5770   3.7940   4.0250   4.2910   0.0000   0.0000   0.0000   0.0000;
302:  0.2310   0.5460   0.7760   0.9810   1.2080   1.4510   1.6620   1.9560   2.1550   2.3300   2.5320   2.8130   3.0050   3.1780   3.3890   3.5840   3.8050   4.0390   4.3020   0.0000   0.0000   0.0000   0.0000;
303:  0.2310   0.5440   0.7730   0.9780   1.2040   1.4460   1.6570   1.9530   2.1510   2.3270   2.5290   2.8130   3.0060   3.1820   3.3940   3.5910   3.8150   4.0530   4.3130   0.0000   0.0000   0.0000   0.0000;
304:  0.2300   0.5420   0.7710   0.9740   1.2000   1.4410   1.6520   1.9480   2.1470   2.3240   2.5270   2.8130   3.0070   3.1850   3.3990   3.5980   3.8250   4.0670   4.3220   0.0000   0.0000   0.0000   0.0000;
305:  0.2290   0.5400   0.7680   0.9710   1.1960   1.4360   1.6470   1.9440   2.1430   2.3220   2.5240   2.8120   3.0090   3.1890   3.4040   3.6050   3.8360   4.0820   4.3320   0.0000   0.0000   0.0000   0.0000;
306:  0.2290   0.5380   0.7650   0.9670   1.1920   1.4320   1.6420   1.9400   2.1390   2.3190   2.5220   2.8110   3.0090   3.1920   3.4090   3.6130   3.8460   4.0950   4.3400   0.0000   0.0000   0.0000   0.0000;
307:  0.2280   0.5360   0.7630   0.9640   1.1880   1.4270   1.6380   1.9360   2.1350   2.3160   2.5190   2.8110   3.0100   3.1950   3.4150   3.6200   3.8560   4.1090   4.3490   0.0000   0.0000   0.0000   0.0000;
308:  0.2280   0.5330   0.7600   0.9610   1.1840   1.4230   1.6330   1.9310   2.1310   2.3130   2.5160   2.8100   3.0110   3.1990   3.4200   3.6280   3.8670   4.1220   4.3570   0.0000   0.0000   0.0000   0.0000;
309:  0.2270   0.5310   0.7580   0.9580   1.1800   1.4180   1.6280   1.9270   2.1280   2.3100   2.5130   2.8090   3.0120   3.2020   3.4250   3.6360   3.8770   4.1350   4.3650   0.0000   0.0000   0.0000   0.0000;
310:  0.2260   0.5290   0.7550   0.9550   1.1770   1.4130   1.6230   1.9230   2.1240   2.3070   2.5100   2.8080   3.0120   3.2050   3.4300   3.6440   3.8870   4.1480   4.3730   0.0000   0.0000   0.0000   0.0000;
311:  0.2260   0.5280   0.7530   0.9510   1.1730   1.4090   1.6190   1.9180   2.1200   2.3040   2.5070   2.8070   3.0130   3.2080   3.4350   3.6510   3.8970   4.1600   4.3810   0.0000   0.0000   0.0000   0.0000;
312:  0.2250   0.5260   0.7500   0.9480   1.1690   1.4050   1.6140   1.9140   2.1160   2.3020   2.5050   2.8050   3.0130   3.2110   3.4400   3.6590   3.9070   4.1720   4.3900   0.0000   0.0000   0.0000   0.0000;
313:  0.2250   0.5240   0.7480   0.9450   1.1660   1.4000   1.6100   1.9100   2.1130   2.2990   2.5020   2.8040   3.0130   3.2140   3.4450   3.6670   3.9170   4.1840   4.3980   0.0000   0.0000   0.0000   0.0000;
314:  0.2240   0.5220   0.7450   0.9420   1.1620   1.3960   1.6060   1.9060   2.1090   2.2960   2.4990   2.8030   3.0130   3.2160   3.4490   3.6750   3.9270   4.1950   4.4080   0.0000   0.0000   0.0000   0.0000;
315:  0.2240   0.5200   0.7430   0.9390   1.1590   1.3920   1.6020   1.9020   2.1060   2.2930   2.4970   2.8020   3.0140   3.2190   3.4540   3.6830   3.9370   4.2060   4.4180   0.0000   0.0000   0.0000   0.0000;
316:  0.2230   0.5190   0.7410   0.9360   1.1560   1.3880   1.5970   1.8980   2.1020   2.2910   2.4950   2.8010   3.0140   3.2210   3.4590   3.6910   3.9470   4.2160   4.4290   0.0000   0.0000   0.0000   0.0000;
317:  0.2220   0.5170   0.7380   0.9340   1.1520   1.3840   1.5940   1.8940   2.0990   2.2880   2.4920   2.7990   3.0140   3.2240   3.4640   3.6990   3.9560   4.2260   4.4410   0.0000   0.0000   0.0000   0.0000;
318:  0.2220   0.5160   0.7360   0.9310   1.1490   1.3800   1.5900   1.8900   2.0960   2.2850   2.4900   2.7980   3.0150   3.2260   3.4680   3.7070   3.9650   4.2350   4.4540   0.0000   0.0000   0.0000   0.0000;
319:  0.2210   0.5150   0.7340   0.9280   1.1460   1.3770   1.5860   1.8870   2.0930   2.2820   2.4880   2.7970   3.0150   3.2290   3.4730   3.7140   3.9750   4.2440   4.4680   0.0000   0.0000   0.0000   0.0000;
320:  0.2210   0.5130   0.7320   0.9260   1.1430   1.3730   1.5830   1.8830   2.0890   2.2800   2.4860   2.7960   3.0160   3.2310   3.4770   3.7220   3.9840   4.2530   4.4820   4.7380   0.0000   0.0000   0.0000;
321:  0.2200   0.5120   0.7300   0.9230   1.1400   1.3700   1.5800   1.8800   2.0870   2.2770   2.4840   2.7960   3.0160   3.2330   3.4810   3.7290   3.9920   4.2610   4.4980   4.8150   0.0000   0.0000   0.0000;
322:  0.2200   0.5110   0.7280   0.9210   1.1370   1.3670   1.5760   1.8770   2.0840   2.2750   2.4830   2.7950   3.0170   3.2350   3.4860   3.7360   4.0010   4.2690   4.5150   4.8850   0.0000   0.0000   0.0000;
323:  0.2200   0.5090   0.7250   0.9180   1.1340   1.3640   1.5730   1.8740   2.0810   2.2730   2.4810   2.7940   3.0180   3.2380   3.4900   3.7440   4.0090   4.2760   4.5330   4.9450   0.0000   0.0000   0.0000;
324:  0.2190   0.5080   0.7240   0.9160   1.1310   1.3610   1.5710   1.8710   2.0780   2.2700   2.4800   2.7940   3.0190   3.2400   3.4950   3.7510   4.0170   4.2840   4.5510   4.9950   0.0000   0.0000   0.0000;
325:  0.2190   0.5070   0.7220   0.9140   1.1290   1.3580   1.5680   1.8680   2.0760   2.2680   2.4790   2.7940   3.0200   3.2420   3.4990   3.7580   4.0250   4.2910   4.5700   5.0320   5.2290   0.0000   0.0000;
326:  0.2190   0.5060   0.7200   0.9120   1.1260   1.3550   1.5660   1.8660   2.0740   2.2660   2.4780   2.7940   3.0220   3.2450   3.5040   3.7640   4.0330   4.2970   4.5900   5.0570   5.3230   0.0000   0.0000;
327:  0.2180   0.5050   0.7180   0.9100   1.1230   1.3530   1.5640   1.8640   2.0720   2.2640   2.4770   2.7940   3.0230   3.2480   3.5080   3.7710   4.0400   4.3040   4.6100   5.0690   5.4010   0.0000   0.0000;
328:  0.2180   0.5040   0.7160   0.9080   1.1210   1.3510   1.5620   1.8610   2.0700   2.2620   2.4770   2.7940   3.0250   3.2500   3.5130   3.7770   4.0470   4.3100   4.6310   5.0710   5.4610   0.0000   0.0000;
329:  0.2180   0.5040   0.7150   0.9060   1.1180   1.3480   1.5600   1.8600   2.0680   2.2610   2.4770   2.7940   3.0270   3.2530   3.5170   3.7840   4.0540   4.3160   4.6510   5.0630   5.5000   5.6330   0.0000;
330:  0.2180   0.5030   0.7130   0.9040   1.1160   1.3460   1.5580   1.8580   2.0660   2.2590   2.4770   2.7950   3.0300   3.2560   3.5220   3.7900   4.0600   4.3220   4.6710   5.0480   5.5220   5.7310   0.0000;
331:  0.2180   0.5020   0.7120   0.9020   1.1140   1.3440   1.5560   1.8560   2.0650   2.2580   2.4770   2.7960   3.0320   3.2600   3.5270   3.7960   4.0670   4.3270   4.6910   5.0290   5.5250   5.8100   0.0000;
332:  0.2170   0.5010   0.7110   0.9000   1.1120   1.3430   1.5550   1.8550   2.0640   2.2570   2.4770   2.7970   3.0350   3.2630   3.5320   3.8020   4.0730   4.3330   4.7100   5.0090   5.5140   5.8670   5.8970;
333:  0.2170   0.5010   0.7090   0.8990   1.1100   1.3410   1.5540   1.8540   2.0630   2.2560   2.4780   2.7980   3.0380   3.2670   3.5360   3.8070   4.0790   4.3390   4.7280   4.9900   5.4920   5.9030   5.9540;
334:  0.2170   0.5000   0.7080   0.8970   1.1080   1.3400   1.5530   1.8530   2.0620   2.2550   2.4780   2.8000   3.0410   3.2710   3.5420   3.8130   4.0840   4.3450   4.7450   4.9750   5.4640   5.9200   6.0010;
335:  0.2170   0.5000   0.7070   0.8960   1.1070   1.3380   1.5520   1.8530   2.0610   2.2550   2.4790   2.8020   3.0450   3.2750   3.5470   3.8190   4.0900   4.3500   4.7600   4.9650   5.4330   5.9210   6.0350;
336:  0.2170   0.4990   0.7060   0.8950   1.1050   1.3370   1.5510   1.8520   2.0600   2.2540   2.4800   2.8040   3.0490   3.2800   3.5530   3.8240   4.0950   4.3560   4.7740   4.9620   5.4060   5.9110   6.0580;
337:  0.2170   0.4990   0.7050   0.8930   1.1040   1.3360   1.5500   1.8520   2.0600   2.2540   2.4820   2.8060   3.0530   3.2850   3.5580   3.8300   4.1000   4.3620   4.7860   4.9670   5.3840   5.8960   6.0700;
338:  0.2170   0.4980   0.7040   0.8920   1.1020   1.3360   1.5500   1.8520   2.0600   2.2540   2.4830   2.8090   3.0570   3.2900   3.5640   3.8350   4.1050   4.3680   4.7950   4.9790   5.3720   5.8800   6.0740;
339:  0.2170   0.4980   0.7030   0.8910   1.1010   1.3350   1.5500   1.8520   2.0600   2.2550   2.4850   2.8120   3.0620   3.2950   3.5700   3.8410   4.1100   4.3740   4.8020   4.9980   5.3710   5.8660   6.0740;
340:  0.2170   0.4980   0.7020   0.8900   1.1000   1.3350   1.5490   1.8520   2.0600   2.2560   2.4870   2.8150   3.0660   3.3000   3.5760   3.8460   4.1150   4.3800   4.8070   5.0230   5.3810   5.8580   6.0730;
341:  0.2160   0.4970   0.7020   0.8890   1.0990   1.3350   1.5490   1.8530   2.0610   2.2570   2.4890   2.8180   3.0710   3.3060   3.5820   3.8520   4.1190   4.3870   4.8070   5.0510   5.4030   5.8590   6.0750;
342:  0.2160   0.4970   0.7010   0.8890   1.0980   1.3340   1.5490   1.8540   2.0620   2.2580   2.4910   2.8220   3.0760   3.3120   3.5880   3.8570   4.1240   4.3930   4.8070   5.0810   5.4340   5.8690   6.0810;
343:  0.2160   0.4970   0.7010   0.8880   1.0980   1.3340   1.5500   1.8550   2.0630   2.2600   2.4930   2.8250   3.0820   3.3180   3.5950   3.8630   4.1280   4.4000   4.8020   5.1100   5.4720   5.8880   6.0940;
344:  0.2160   0.4970   0.7010   0.8870   1.0970   1.3350   1.5500   1.8560   2.0640   2.2620   2.4960   2.8290   3.0870   3.3250   3.6010   3.8690   4.1330   4.4070   4.7950   5.1370   5.5140   5.9130   6.1110;
345:  0.2160   0.4970   0.7000   0.8870   1.0970   1.3350   1.5510   1.8570   2.0650   2.2640   2.4990   2.8330   3.0920   3.3310   3.6080   3.8750   4.1370   4.4130   4.7840   5.1580   5.5550   5.9430   6.1330;
346:  0.2160   0.4960   0.7000   0.8870   1.0960   1.3350   1.5510   1.8590   2.0670   2.2660   2.5020   2.8380   3.0980   3.3380   3.6150   3.8800   4.1420   4.4200   4.7690   5.1730   5.5930   5.9760   6.1570;
347:  0.2160   0.4960   0.7000   0.8870   1.0960   1.3360   1.5520   1.8600   2.0690   2.2690   2.5050   2.8420   3.1040   3.3450   3.6220   3.8870   4.1460   4.4270   4.7520   5.1790   5.6230   6.0080   6.1780;
348:  0.2160   0.4970   0.7000   0.8870   1.0960   1.3370   1.5530   1.8620   2.0710   2.2720   2.5080   2.8470   3.1090   3.3510   3.6290   3.8930   4.1510   4.4340   4.7310   5.1770   5.6450   6.0370   6.1960;
349:  0.2160   0.4970   0.7000   0.8870   1.0970   1.3380   1.5540   1.8640   2.0730   2.2750   2.5110   2.8520   3.1150   3.3580   3.6360   3.8990   4.1560   4.4410   4.7070   5.1660   5.6550   6.0620   0.0000;
350:  0.2160   0.4970   0.7010   0.8870   1.0970   1.3380   1.5550   1.8670   2.0760   2.2790   2.5150   2.8570   3.1210   3.3650   3.6430   3.9050   4.1600   4.4480   4.6800   5.1470   5.6530   6.0790   0.0000;
351:  0.2160   0.4970   0.7010   0.8870   1.0970   1.3400   1.5560   1.8690   2.0780   2.2830   2.5180   2.8630   3.1260   3.3720   3.6500   3.9110   4.1650   4.4550   4.6500   5.1200   0.0000   0.0000   0.0000;
352:  0.2160   0.4970   0.7020   0.8870   1.0980   1.3410   1.5570   1.8710   2.0810   2.2870   2.5220   2.8680   3.1320   3.3780   3.6570   3.9180   4.1700   4.4620   4.6180   0.0000   0.0000   0.0000   0.0000;
353:  0.2160   0.4980   0.7020   0.8880   1.0990   1.3420   1.5590   1.8740   2.0840   2.2910   2.5260   2.8740   3.1380   3.3850   3.6640   3.9240   4.1760   4.4680   4.5830   0.0000   0.0000   0.0000   0.0000;
354:  0.2160   0.4980   0.7030   0.8890   1.1000   1.3440   1.5600   1.8770   2.0870   2.2950   2.5310   2.8800   3.1440   3.3910   3.6710   3.9300   4.1810   4.4740   4.5460   0.0000   0.0000   0.0000   0.0000;
355:  0.2160   0.4990   0.7030   0.8890   1.1000   1.3460   1.5620   1.8800   2.0910   2.3000   2.5350   2.8850   3.1490   3.3970   3.6780   3.9370   4.1860   4.4800   4.5070   0.0000   0.0000   0.0000   0.0000;
356:  0.2160   0.4990   0.7040   0.8900   1.1020   1.3470   1.5640   1.8830   2.0950   2.3050   2.5390   2.8910   3.1540   3.4040   3.6850   3.9430   4.1920   4.4860   4.4660   0.0000   0.0000   0.0000   0.0000;
357:  0.2160   0.5000   0.7050   0.8910   1.1030   1.3490   1.5650   1.8850   2.0980   2.3100   2.5440   2.8970   3.1600   3.4090   3.6920   3.9490   4.1980   4.4920   4.4250   0.0000   0.0000   0.0000   0.0000;
358:  0.2160   0.5000   0.7060   0.8920   1.1040   1.3510   1.5670   1.8890   2.1020   2.3150   2.5490   2.9030   3.1650   3.4150   3.6980   3.9560   4.2040   4.4970   4.3820   0.0000   0.0000   0.0000   0.0000;
359:  0.2160   0.5010   0.7070   0.8930   1.1050   1.3530   1.5700   1.8920   2.1060   2.3200   2.5530   2.9090   3.1700   3.4200   3.7050   3.9620   4.2100   0.0000   0.0000   0.0000   0.0000   0.0000   0.0000;
