C:\RK-3\Data\PA000001\ED0000010007L.DAT;
000:  0.4180   0.7315   0.9680   1.2060   1.4750   1.7410   2.0455   2.3505   2.5860   2.8280   3.1415   3.4515   3.6965   3.9500   4.2070   4.4635   4.7245   4.9940   5.3415   5.7550   6.3330   0.0000   0.0000;
001:  0.4180   0.7315   0.9680   1.2060   1.4755   1.7415   2.0455   2.3510   2.5870   2.8290   3.1425   3.4525   3.6980   3.9520   4.2095   4.4660   4.7270   4.9970   5.3420   5.7560   6.3285   0.0000   0.0000;
002:  0.4180   0.7320   0.9690   1.2065   1.4755   1.7420   2.0460   2.3515   2.5875   2.8295   3.1435   3.4540   3.6995   3.9535   4.2115   4.4685   4.7295   4.9995   5.3430   5.7570   6.3205   0.0000   0.0000;
003:  0.4180   0.7320   0.9690   1.2065   1.4760   1.7425   2.0460   2.3515   2.5880   2.8305   3.1440   3.4550   3.7015   3.9560   4.2140   4.4705   4.7320   5.0030   5.3445   5.7580   6.3095   0.0000   0.0000;
004:  0.4185   0.7325   0.9695   1.2070   1.4765   1.7430   2.0465   2.3520   2.5890   2.8315   3.1450   3.4560   3.7025   3.9575   4.2160   4.4725   4.7340   5.0055   5.3470   5.7605   6.2965   0.0000   0.0000;
005:  0.4185   0.7325   0.9695   1.2070   1.4765   1.7435   2.0470   2.3525   2.5900   2.8325   3.1455   3.4570   3.7040   3.9590   4.2180   4.4745   4.7360   5.0085   5.3500   5.7625   6.2820   0.0000   0.0000;
006:  0.4185   0.7330   0.9700   1.2070   1.4770   1.7440   2.0470   2.3525   2.5900   2.8325   3.1460   3.4580   3.7055   3.9610   4.2195   4.4760   4.7380   5.0110   5.3535   5.7645   6.2655   0.0000   0.0000;
007:  0.4185   0.7330   0.9700   1.2070   1.4770   1.7445   2.0475   2.3530   2.5910   2.8335   3.1470   3.4590   3.7065   3.9620   4.2210   4.4780   4.7405   5.0145   5.3580   5.7665   6.2485   0.0000   0.0000;
008:  0.4185   0.7330   0.9695   1.2070   1.4775   1.7445   2.0470   2.3530   2.5920   2.8340   3.1470   3.4600   3.7085   3.9640   4.2225   4.4800   4.7430   5.0170   5.3630   5.7690   6.2320   0.0000   0.0000;
009:  0.4190   0.7335   0.9700   1.2070   1.4780   1.7455   2.0475   2.3530   2.5920   2.8345   3.1480   3.4610   3.7095   3.9650   4.2240   4.4820   4.7450   5.0195   5.3675   5.7695   6.2155   0.0000   0.0000;
010:  0.4190   0.7335   0.9700   1.2070   1.4780   1.7460   2.0475   2.3530   2.5930   2.8350   3.1485   3.4620   3.7105   3.9660   4.2250   4.4835   4.7475   5.0225   5.3730   5.7710   6.2000   0.0000   0.0000;
011:  0.4195   0.7335   0.9700   1.2070   1.4780   1.7460   2.0475   2.3530   2.5935   2.8360   3.1490   3.4625   3.7120   3.9680   4.2265   4.4850   4.7495   5.0255   5.3780   5.7700   6.1850   0.0000   0.0000;
012:  0.4200   0.7340   0.9700   1.2070   1.4780   1.7465   2.0475   2.3525   2.5935   2.8360   3.1495   3.4635   3.7130   3.9685   4.2275   4.4870   4.7520   5.0285   5.3825   5.7690   6.1710   0.0000   0.0000;
013:  0.4200   0.7345   0.9705   1.2070   1.4780   1.7470   2.0480   2.3530   2.5945   2.8365   3.1495   3.4635   3.7135   3.9695   4.2285   4.4885   4.7540   5.0310   5.3865   5.7670   6.1585   0.0000   0.0000;
014:  0.4200   0.7345   0.9705   1.2070   1.4780   1.7470   2.0475   2.3525   2.5945   2.8370   3.1505   3.4645   3.7150   3.9710   4.2295   4.4900   4.7565   5.0340   5.3890   5.7635   6.1475   0.0000   0.0000;
015:  0.4205   0.7345   0.9705   1.2070   1.4780   1.7475   2.0475   2.3520   2.5945   2.8370   3.1510   3.4655   3.7160   3.9720   4.2305   4.4915   4.7590   5.0370   5.3915   5.7600   6.1380   0.0000   0.0000;
016:  0.4200   0.7340   0.9700   1.2065   1.4780   1.7480   2.0480   2.3520   2.5950   2.8375   3.1510   3.4655   3.7165   3.9725   4.2310   4.4930   4.7615   5.0400   5.3925   5.7555   6.1305   0.0000   0.0000;
017:  0.4205   0.7340   0.9700   1.2065   1.4780   1.7480   2.0475   2.3515   2.5950   2.8375   3.1515   3.4665   3.7175   3.9735   4.2320   4.4950   4.7650   5.0435   5.3935   5.7515   6.1245   0.0000   0.0000;
018:  0.4205   0.7335   0.9695   1.2065   1.4780   1.7485   2.0475   2.3510   2.5950   2.8375   3.1520   3.4670   3.7180   3.9740   4.2325   4.4965   4.7675   5.0460   5.3930   5.7465   6.1195   0.0000   0.0000;
019:  0.4205   0.7335   0.9695   1.2065   1.4780   1.7485   2.0475   2.3510   2.5955   2.8380   3.1525   3.4675   3.7185   3.9745   4.2330   4.4980   4.7700   5.0490   5.3930   5.7430   6.1175   0.0000   0.0000;
020:  0.4205   0.7335   0.9695   1.2065   1.4780   1.7490   2.0475   2.3505   2.5955   2.8380   3.1525   3.4675   3.7190   3.9755   4.2345   4.5000   4.7730   5.0520   5.3925   5.7400   6.1175   0.0000   0.0000;
021:  0.4205   0.7335   0.9695   1.2065   1.4775   1.7485   2.0470   2.3495   2.5950   2.8375   3.1525   3.4680   3.7195   3.9760   4.2350   4.5020   4.7765   5.0555   5.3930   5.7380   6.1190   0.0000   0.0000;
022:  0.4205   0.7330   0.9685   1.2055   1.4770   1.7485   2.0470   2.3495   2.5950   2.8375   3.1525   3.4680   3.7200   3.9765   4.2360   4.5040   4.7795   5.0590   5.3945   5.7375   6.1230   0.0000   0.0000;
023:  0.4205   0.7325   0.9685   1.2055   1.4770   1.7485   2.0465   2.3490   2.5950   2.8375   3.1530   3.4685   3.7205   3.9770   4.2365   4.5055   4.7825   5.0620   5.3960   5.7385   6.1295   0.0000   0.0000;
024:  0.4205   0.7325   0.9685   1.2055   1.4765   1.7480   2.0465   2.3485   2.5945   2.8375   3.1535   3.4690   3.7210   3.9780   4.2380   4.5080   4.7860   5.0650   5.3990   5.7410   6.1370   0.0000   0.0000;
025:  0.4205   0.7320   0.9675   1.2045   1.4755   1.7475   2.0460   2.3480   2.5945   2.8375   3.1535   3.4690   3.7215   3.9785   4.2390   4.5100   4.7890   5.0685   5.4035   5.7450   6.1460   0.0000   0.0000;
026:  0.4205   0.7320   0.9675   1.2045   1.4755   1.7475   2.0460   2.3475   2.5940   2.8370   3.1530   3.4690   3.7215   3.9785   4.2400   4.5120   4.7920   5.0715   5.4085   5.7495   6.1555   0.0000   0.0000;
027:  0.4205   0.7315   0.9670   1.2045   1.4750   1.7470   2.0455   2.3470   2.5940   2.8370   3.1535   3.4695   3.7220   3.9795   4.2415   4.5145   4.7960   5.0750   5.4145   5.7555   6.1655   0.0000   0.0000;
028:  0.4200   0.7310   0.9670   1.2040   1.4740   1.7465   2.0455   2.3470   2.5940   2.8370   3.1535   3.4695   3.7225   3.9800   4.2425   4.5165   4.7990   5.0780   5.4215   5.7615   6.1740   0.0000   0.0000;
029:  0.4200   0.7305   0.9665   1.2040   1.4740   1.7465   2.0455   2.3465   2.5935   2.8370   3.1535   3.4690   3.7220   3.9805   4.2440   4.5185   4.8020   5.0810   5.4280   5.7665   6.1810   0.0000   0.0000;
030:  0.4200   0.7305   0.9660   1.2035   1.4735   1.7460   2.0455   2.3465   2.5935   2.8370   3.1535   3.4690   3.7220   3.9810   4.2460   4.5215   4.8060   5.0845   5.4345   5.7705   6.1850   0.0000   0.0000;
031:  0.4190   0.7300   0.9660   1.2030   1.4725   1.7450   2.0450   2.3460   2.5930   2.8370   3.1535   3.4690   3.7225   3.9815   4.2470   4.5235   4.8090   5.0875   5.4405   5.7735   6.1870   0.0000   0.0000;
032:  0.4190   0.7295   0.9655   1.2030   1.4720   1.7445   2.0450   2.3460   2.5930   2.8370   3.1535   3.4690   3.7230   3.9825   4.2490   4.5260   4.8120   5.0905   5.4450   5.7750   6.1860   0.0000   0.0000;
033:  0.4190   0.7295   0.9650   1.2020   1.4710   1.7435   2.0445   2.3455   2.5925   2.8365   3.1530   3.4690   3.7230   3.9830   4.2510   4.5285   4.8150   5.0935   5.4480   0.0000   0.0000   0.0000   0.0000;
034:  0.4190   0.7290   0.9645   1.2020   1.4710   1.7430   2.0440   2.3455   2.5925   2.8365   3.1530   3.4690   3.7230   3.9840   4.2535   4.5315   4.8185   5.0965   5.4485   0.0000   0.0000   0.0000   0.0000;
035:  0.4185   0.7285   0.9645   1.2020   1.4705   1.7425   2.0440   2.3450   2.5920   2.8365   3.1530   3.4690   3.7235   3.9850   4.2555   4.5340   4.8215   5.0990   5.4465   0.0000   0.0000   0.0000   0.0000;
036:  0.4185   0.7285   0.9645   1.2015   1.4695   1.7415   2.0435   2.3450   2.5915   2.8360   3.1530   3.4690   3.7235   3.9860   4.2580   4.5365   4.8245   5.1020   5.4420   0.0000   0.0000   0.0000   0.0000;
037:  0.4180   0.7280   0.9635   1.2010   1.4690   1.7405   2.0430   2.3450   2.5915   2.8360   3.1525   3.4685   3.7240   3.9870   4.2600   4.5390   4.8270   5.1040   5.4350   0.0000   0.0000   0.0000   0.0000;
038:  0.4175   0.7275   0.9635   1.2005   1.4680   1.7395   2.0425   2.3445   2.5910   2.8360   3.1525   3.4685   3.7240   3.9880   4.2625   4.5415   4.8300   5.1070   0.0000   0.0000   0.0000   0.0000   0.0000;
039:  0.4175   0.7270   0.9630   1.2005   1.4675   1.7390   2.0425   2.3445   2.5910   2.8360   3.1525   3.4690   3.7250   3.9895   4.2650   4.5440   4.8325   5.1090   0.0000   0.0000   0.0000   0.0000   0.0000;
040:  0.4175   0.7270   0.9630   1.2005   1.4670   1.7380   2.0420   2.3445   2.5910   2.8365   3.1525   3.4685   3.7255   3.9910   4.2675   4.5465   4.8345   5.1105   0.0000   0.0000   0.0000   0.0000   0.0000;
041:  0.4175   0.7270   0.9625   1.1995   1.4660   1.7370   2.0415   2.3440   2.5900   2.8360   3.1525   3.4685   3.7260   3.9925   4.2700   4.5490   4.8370   5.1125   0.0000   0.0000   0.0000   0.0000   0.0000;
042:  0.4170   0.7265   0.9625   1.1995   1.4660   1.7365   2.0410   2.3440   2.5900   2.8360   3.1520   3.4685   3.7265   3.9935   4.2725   4.5515   4.8390   5.1140   0.0000   0.0000   0.0000   0.0000   0.0000;
043:  0.4165   0.7260   0.9620   1.1995   1.4655   1.7355   2.0405   2.3440   2.5900   2.8360   3.1520   3.4685   3.7275   3.9955   4.2750   4.5540   4.8410   5.1155   0.0000   0.0000   0.0000   0.0000   0.0000;
044:  0.4165   0.7260   0.9620   1.1990   1.4645   1.7345   2.0400   2.3440   2.5895   2.8355   3.1520   3.4690   3.7285   3.9975   4.2780   4.5560   4.8425   5.1170   0.0000   0.0000   0.0000   0.0000   0.0000;
045:  0.4165   0.7260   0.9620   1.1990   1.4640   1.7335   2.0395   2.3440   2.5895   2.8355   3.1515   3.4690   3.7295   3.9990   4.2800   4.5580   4.8440   0.0000   0.0000   0.0000   0.0000   0.0000   0.0000;
046:  0.4165   0.7260   0.9615   1.1985   1.4635   1.7325   2.0390   2.3440   2.5895   2.8355   3.1515   3.4695   3.7310   4.0010   4.2825   4.5605   4.8460   0.0000   0.0000   0.0000   0.0000   0.0000   0.0000;
047:  0.4165   0.7260   0.9615   1.1985   1.4635   1.7325   2.0390   2.3440   2.5890   2.8355   3.1520   3.4695   3.7315   4.0030   4.2850   4.5620   4.8470   0.0000   0.0000   0.0000   0.0000   0.0000   0.0000;
048:  0.4170   0.7255   0.9610   1.1985   1.4630   1.7315   2.0385   2.3435   2.5885   2.8355   3.1520   3.4700   3.7330   4.0055   4.2880   4.5645   4.8480   0.0000   0.0000   0.0000   0.0000   0.0000   0.0000;
049:  0.4170   0.7255   0.9610   1.1980   1.4625   1.7310   2.0380   2.3435   2.5880   2.8350   3.1520   3.4705   3.7345   4.0075   4.2900   4.5660   4.8490   0.0000   0.0000   0.0000   0.0000   0.0000   0.0000;
050:  0.4170   0.7255   0.9610   1.1980   1.4620   1.7305   2.0380   2.3435   2.5880   2.8350   3.1520   3.4715   3.7365   4.0100   4.2925   4.5680   4.8500   0.0000   0.0000   0.0000   0.0000   0.0000   0.0000;
051:  0.4170   0.7255   0.9610   1.1980   1.4620   1.7300   2.0370   2.3430   2.5880   2.8355   3.1525   3.4720   3.7380   4.0120   4.2945   4.5695   4.8505   0.0000   0.0000   0.0000   0.0000   0.0000   0.0000;
052:  0.4165   0.7250   0.9605   1.1975   1.4615   1.7290   2.0365   2.3430   2.5875   2.8350   3.1530   3.4730   3.7395   4.0145   4.2970   4.5715   0.0000   0.0000   0.0000   0.0000   0.0000   0.0000   0.0000;
053:  0.4170   0.7250   0.9605   1.1975   1.4615   1.7290   2.0365   2.3430   2.5875   2.8350   3.1530   3.4735   3.7415   4.0170   4.2985   4.5725   0.0000   0.0000   0.0000   0.0000   0.0000   0.0000   0.0000;
054:  0.4170   0.7245   0.9600   1.1975   1.4615   1.7285   2.0355   2.3425   2.5870   2.8345   3.1530   3.4745   3.7435   4.0190   4.3000   4.5735   0.0000   0.0000   0.0000   0.0000   0.0000   0.0000   0.0000;
055:  0.4170   0.7245   0.9600   1.1975   1.4610   1.7280   2.0355   2.3425   2.5870   2.8345   3.1535   3.4755   3.7455   4.0220   4.3025   4.5755   0.0000   0.0000   0.0000   0.0000   0.0000   0.0000   0.0000;
056:  0.4170   0.7245   0.9595   1.1970   1.4610   1.7280   2.0355   2.3425   2.5870   2.8345   3.1540   3.4770   3.7480   4.0245   4.3040   4.5765   0.0000   0.0000   0.0000   0.0000   0.0000   0.0000   0.0000;
057:  0.4175   0.7245   0.9595   1.1965   1.4605   1.7275   2.0345   2.3420   2.5865   2.8340   3.1545   3.4780   3.7500   4.0270   4.3055   4.5775   0.0000   0.0000   0.0000   0.0000   0.0000   0.0000   0.0000;
058:  0.4175   0.7240   0.9590   1.1965   1.4600   1.7270   2.0345   2.3420   2.5865   2.8340   3.1550   3.4795   3.7525   4.0295   4.3070   4.5790   0.0000   0.0000   0.0000   0.0000   0.0000   0.0000   0.0000;
059:  0.4180   0.7240   0.9590   1.1965   1.4600   1.7270   2.0340   2.3415   2.5865   2.8345   3.1565   3.4810   3.7545   4.0320   4.3080   0.0000   0.0000   0.0000   0.0000   0.0000   0.0000   0.0000   0.0000;
060:  0.4175   0.7235   0.9585   1.1960   1.4600   1.7265   2.0335   2.3415   2.5865   2.8345   3.1570   3.4825   3.7570   4.0345   4.3095   0.0000   0.0000   0.0000   0.0000   0.0000   0.0000   0.0000   0.0000;
061:  0.4175   0.7230   0.9580   1.1960   1.4600   1.7265   2.0330   2.3410   2.5860   2.8340   3.1580   3.4845   3.7600   4.0370   4.3105   0.0000   0.0000   0.0000   0.0000   0.0000   0.0000   0.0000   0.0000;
062:  0.4180   0.7230   0.9575   1.1955   1.4600   1.7265   2.0330   2.3410   2.5860   2.8340   3.1585   3.4860   3.7625   4.0395   4.3115   0.0000   0.0000   0.0000   0.0000   0.0000   0.0000   0.0000   0.0000;
063:  0.4180   0.7230   0.9575   1.1955   1.4600   1.7265   2.0325   2.3405   2.5860   2.8340   3.1595   3.4875   3.7645   4.0415   4.3125   0.0000   0.0000   0.0000   0.0000   0.0000   0.0000   0.0000   0.0000;
064:  0.4185   0.7225   0.9570   1.1955   1.4595   1.7260   2.0320   2.3400   2.5855   2.8335   3.1605   3.4895   3.7675   4.0440   4.3130   0.0000   0.0000   0.0000   0.0000   0.0000   0.0000   0.0000   0.0000;
065:  0.4180   0.7220   0.9565   1.1950   1.4595   1.7260   2.0320   2.3395   2.5850   2.8335   3.1615   3.4915   3.7700   4.0465   4.3145   0.0000   0.0000   0.0000   0.0000   0.0000   0.0000   0.0000   0.0000;
066:  0.4185   0.7215   0.9560   1.1950   1.4595   1.7260   2.0315   2.3390   2.5850   2.8335   3.1625   3.4935   3.7725   4.0485   0.0000   0.0000   0.0000   0.0000   0.0000   0.0000   0.0000   0.0000   0.0000;
067:  0.4185   0.7215   0.9555   1.1940   1.4590   1.7260   2.0315   2.3390   2.5850   2.8335   3.1635   3.4955   3.7750   4.0505   0.0000   0.0000   0.0000   0.0000   0.0000   0.0000   0.0000   0.0000   0.0000;
068:  0.4180   0.7205   0.9550   1.1940   1.4590   1.7260   2.0310   2.3385   2.5850   2.8335   3.1645   3.4975   3.7775   4.0520   0.0000   0.0000   0.0000   0.0000   0.0000   0.0000   0.0000   0.0000   0.0000;
069:  0.4185   0.7205   0.9550   1.1940   1.4590   1.7260   2.0310   2.3380   2.5845   2.8340   3.1655   3.4985   3.7795   4.0540   0.0000   0.0000   0.0000   0.0000   0.0000   0.0000   0.0000   0.0000   0.0000;
070:  0.4180   0.7195   0.9540   1.1935   1.4590   1.7260   2.0305   2.3375   2.5845   2.8340   3.1665   3.5005   3.7820   4.0560   0.0000   0.0000   0.0000   0.0000   0.0000   0.0000   0.0000   0.0000   0.0000;
071:  0.4185   0.7195   0.9540   1.1930   1.4585   1.7260   2.0305   2.3375   2.5845   2.8340   3.1675   3.5025   3.7840   4.0575   0.0000   0.0000   0.0000   0.0000   0.0000   0.0000   0.0000   0.0000   0.0000;
072:  0.4180   0.7185   0.9530   1.1925   1.4580   1.7250   2.0300   2.3370   2.5840   2.8345   3.1690   3.5045   3.7865   4.0590   0.0000   0.0000   0.0000   0.0000   0.0000   0.0000   0.0000   0.0000   0.0000;
073:  0.4180   0.7185   0.9530   1.1925   1.4580   1.7250   2.0295   2.3365   2.5840   2.8345   3.1700   3.5065   3.7885   4.0605   0.0000   0.0000   0.0000   0.0000   0.0000   0.0000   0.0000   0.0000   0.0000;
074:  0.4175   0.7175   0.9520   1.1920   1.4580   1.7250   2.0295   2.3365   2.5840   2.8345   3.1710   3.5085   3.7905   4.0615   0.0000   0.0000   0.0000   0.0000   0.0000   0.0000   0.0000   0.0000   0.0000;
075:  0.4180   0.7175   0.9520   1.1915   1.4575   1.7250   2.0295   2.3360   2.5835   2.8345   3.1720   3.5105   3.7925   4.0630   0.0000   0.0000   0.0000   0.0000   0.0000   0.0000   0.0000   0.0000   0.0000;
076:  0.4175   0.7170   0.9515   1.1910   1.4575   1.7250   2.0295   2.3360   2.5840   2.8355   3.1730   3.5115   3.7940   4.0640   0.0000   0.0000   0.0000   0.0000   0.0000   0.0000   0.0000   0.0000   0.0000;
077:  0.4175   0.7165   0.9510   1.1905   1.4570   1.7250   2.0290   2.3355   2.5840   2.8360   3.1745   3.5135   3.7955   4.0645   0.0000   0.0000   0.0000   0.0000   0.0000   0.0000   0.0000   0.0000   0.0000;
078:  0.4170   0.7160   0.9510   1.1905   1.4570   1.7245   2.0285   2.3350   2.5835   2.8360   3.1755   3.5155   3.7975   4.0660   0.0000   0.0000   0.0000   0.0000   0.0000   0.0000   0.0000   0.0000   0.0000;
079:  0.4175   0.7155   0.9500   1.1900   1.4570   1.7245   2.0285   2.3350   2.5840   2.8370   3.1765   3.5170   3.7990   4.0665   0.0000   0.0000   0.0000   0.0000   0.0000   0.0000   0.0000   0.0000   0.0000;
080:  0.4170   0.7150   0.9500   1.1900   1.4570   1.7245   2.0285   2.3350   2.5840   2.8370   3.1770   3.5185   3.8005   4.0675   0.0000   0.0000   0.0000   0.0000   0.0000   0.0000   0.0000   0.0000   0.0000;
081:  0.4170   0.7150   0.9495   1.1890   1.4565   1.7245   2.0285   2.3350   2.5840   2.8375   3.1780   3.5195   3.8015   4.0680   0.0000   0.0000   0.0000   0.0000   0.0000   0.0000   0.0000   0.0000   0.0000;
082:  0.4165   0.7145   0.9495   1.1890   1.4560   1.7240   2.0285   2.3350   2.5845   2.8385   3.1790   3.5210   3.8025   0.0000   0.0000   0.0000   0.0000   0.0000   0.0000   0.0000   0.0000   0.0000   0.0000;
083:  0.4165   0.7140   0.9490   1.1890   1.4560   1.7235   2.0280   2.3350   2.5845   2.8385   3.1795   3.5225   3.8040   0.0000   0.0000   0.0000   0.0000   0.0000   0.0000   0.0000   0.0000   0.0000   0.0000;
084:  0.4165   0.7140   0.9485   1.1880   1.4555   1.7235   2.0280   2.3350   2.5845   2.8390   3.1805   3.5235   3.8050   0.0000   0.0000   0.0000   0.0000   0.0000   0.0000   0.0000   0.0000   0.0000   0.0000;
085:  0.4160   0.7135   0.9485   1.1880   1.4555   1.7235   2.0280   2.3350   2.5850   2.8400   3.1810   3.5245   3.8060   0.0000   0.0000   0.0000   0.0000   0.0000   0.0000   0.0000   0.0000   0.0000   0.0000;
086:  0.4165   0.7135   0.9485   1.1875   1.4550   1.7230   2.0280   2.3355   2.5850   2.8405   3.1820   3.5255   3.8070   0.0000   0.0000   0.0000   0.0000   0.0000   0.0000   0.0000   0.0000   0.0000   0.0000;
087:  0.4165   0.7135   0.9485   1.1875   1.4550   1.7230   2.0280   2.3355   2.5855   2.8415   3.1825   3.5265   3.8080   0.0000   0.0000   0.0000   0.0000   0.0000   0.0000   0.0000   0.0000   0.0000   0.0000;
088:  0.4165   0.7135   0.9485   1.1875   1.4550   1.7230   2.0280   2.3355   2.5855   2.8415   3.1830   3.5275   3.8085   0.0000   0.0000   0.0000   0.0000   0.0000   0.0000   0.0000   0.0000   0.0000   0.0000;
089:  0.4160   0.7130   0.9485   1.1875   1.4550   1.7230   2.0280   2.3360   2.5860   2.8420   3.1835   3.5285   3.8100   0.0000   0.0000   0.0000   0.0000   0.0000   0.0000   0.0000   0.0000   0.0000   0.0000;
090:  0.4160   0.7130   0.9485   1.1875   1.4550   1.7230   2.0280   2.3360   2.5865   2.8430   3.1840   3.5290   3.8105   0.0000   0.0000   0.0000   0.0000   0.0000   0.0000   0.0000   0.0000   0.0000   0.0000;
091:  0.4165   0.7130   0.9485   1.1870   1.4545   1.7230   2.0285   2.3365   2.5865   2.8435   3.1845   3.5295   3.8115   0.0000   0.0000   0.0000   0.0000   0.0000   0.0000   0.0000   0.0000   0.0000   0.0000;
092:  0.4165   0.7130   0.9485   1.1870   1.4545   1.7225   2.0280   2.3370   2.5875   2.8445   3.1855   3.5310   3.8125   0.0000   0.0000   0.0000   0.0000   0.0000   0.0000   0.0000   0.0000   0.0000   0.0000;
093:  0.4165   0.7130   0.9485   1.1870   1.4545   1.7225   2.0280   2.3370   2.5875   2.8450   3.1860   3.5315   3.8135   0.0000   0.0000   0.0000   0.0000   0.0000   0.0000   0.0000   0.0000   0.0000   0.0000;
094:  0.4165   0.7130   0.9485   1.1870   1.4545   1.7225   2.0285   2.3380   2.5885   2.8460   3.1865   3.5320   3.8145   0.0000   0.0000   0.0000   0.0000   0.0000   0.0000   0.0000   0.0000   0.0000   0.0000;
095:  0.4170   0.7130   0.9485   1.1870   1.4545   1.7225   2.0285   2.3380   2.5885   2.8465   3.1870   3.5325   3.8155   0.0000   0.0000   0.0000   0.0000   0.0000   0.0000   0.0000   0.0000   0.0000   0.0000;
096:  0.4170   0.7130   0.9485   1.1870   1.4545   1.7225   2.0285   2.3385   2.5895   2.8475   3.1875   3.5330   3.8165   0.0000   0.0000   0.0000   0.0000   0.0000   0.0000   0.0000   0.0000   0.0000   0.0000;
097:  0.4175   0.7135   0.9485   1.1865   1.4540   1.7225   2.0290   2.3390   2.5895   2.8480   3.1880   3.5335   3.8175   0.0000   0.0000   0.0000   0.0000   0.0000   0.0000   0.0000   0.0000   0.0000   0.0000;
098:  0.4180   0.7140   0.9490   1.1865   1.4545   1.7235   2.0295   2.3395   2.5900   2.8480   3.1880   3.5340   3.8185   0.0000   0.0000   0.0000   0.0000   0.0000   0.0000   0.0000   0.0000   0.0000   0.0000;
099:  0.4180   0.7140   0.9490   1.1865   1.4545   1.7235   2.0300   2.3405   2.5910   2.8490   3.1885   3.5345   3.8200   0.0000   0.0000   0.0000   0.0000   0.0000   0.0000   0.0000   0.0000   0.0000   0.0000;
100:  0.4180   0.7140   0.9490   1.1870   1.4550   1.7235   2.0300   2.3410   2.5915   2.8495   3.1895   3.5355   3.8215   0.0000   0.0000   0.0000   0.0000   0.0000   0.0000   0.0000   0.0000   0.0000   0.0000;
101:  0.4185   0.7145   0.9490   1.1870   1.4550   1.7235   2.0305   2.3415   2.5920   2.8505   3.1900   3.5355   3.8220   0.0000   0.0000   0.0000   0.0000   0.0000   0.0000   0.0000   0.0000   0.0000   0.0000;
102:  0.4190   0.7145   0.9495   1.1875   1.4550   1.7235   2.0305   2.3420   2.5925   2.8505   3.1900   3.5360   3.8240   0.0000   0.0000   0.0000   0.0000   0.0000   0.0000   0.0000   0.0000   0.0000   0.0000;
103:  0.4190   0.7145   0.9495   1.1875   1.4550   1.7240   2.0315   2.3430   2.5935   2.8515   3.1910   3.5370   3.8255   0.0000   0.0000   0.0000   0.0000   0.0000   0.0000   0.0000   0.0000   0.0000   0.0000;
104:  0.4190   0.7145   0.9495   1.1875   1.4550   1.7240   2.0315   2.3435   2.5945   2.8525   3.1915   3.5375   3.8275   0.0000   0.0000   0.0000   0.0000   0.0000   0.0000   0.0000   0.0000   0.0000   0.0000;
105:  0.4200   0.7150   0.9495   1.1875   1.4555   1.7250   2.0325   2.3440   2.5945   2.8525   3.1920   3.5380   3.8285   0.0000   0.0000   0.0000   0.0000   0.0000   0.0000   0.0000   0.0000   0.0000   0.0000;
106:  0.4200   0.7150   0.9495   1.1875   1.4555   1.7250   2.0330   2.3450   2.5955   2.8535   3.1930   3.5390   3.8305   0.0000   0.0000   0.0000   0.0000   0.0000   0.0000   0.0000   0.0000   0.0000   0.0000;
107:  0.4200   0.7150   0.9500   1.1885   1.4560   1.7250   2.0330   2.3455   2.5960   2.8540   3.1940   3.5400   3.8325   0.0000   0.0000   0.0000   0.0000   0.0000   0.0000   0.0000   0.0000   0.0000   0.0000;
108:  0.4210   0.7155   0.9500   1.1885   1.4560   1.7255   2.0340   2.3465   2.5970   2.8545   3.1945   3.5410   3.8345   0.0000   0.0000   0.0000   0.0000   0.0000   0.0000   0.0000   0.0000   0.0000   0.0000;
109:  0.4210   0.7155   0.9500   1.1885   1.4560   1.7260   2.0345   2.3470   2.5980   2.8555   3.1955   3.5415   3.8360   0.0000   0.0000   0.0000   0.0000   0.0000   0.0000   0.0000   0.0000   0.0000   0.0000;
110:  0.4210   0.7155   0.9500   1.1885   1.4565   1.7265   2.0350   2.3475   2.5980   2.8555   3.1965   3.5430   3.8380   0.0000   0.0000   0.0000   0.0000   0.0000   0.0000   0.0000   0.0000   0.0000   0.0000;
111:  0.4215   0.7155   0.9500   1.1890   1.4570   1.7270   2.0360   2.3485   2.5990   2.8565   3.1975   3.5440   3.8400   0.0000   0.0000   0.0000   0.0000   0.0000   0.0000   0.0000   0.0000   0.0000   0.0000;
112:  0.4215   0.7155   0.9500   1.1890   1.4570   1.7270   2.0360   2.3490   2.6000   2.8575   3.1985   3.5445   3.8415   0.0000   0.0000   0.0000   0.0000   0.0000   0.0000   0.0000   0.0000   0.0000   0.0000;
113:  0.4220   0.7160   0.9500   1.1890   1.4570   1.7275   2.0370   2.3495   2.6005   2.8580   3.1995   3.5460   3.8435   0.0000   0.0000   0.0000   0.0000   0.0000   0.0000   0.0000   0.0000   0.0000   0.0000;
114:  0.4220   0.7160   0.9505   1.1900   1.4575   1.7275   2.0375   2.3505   2.6015   2.8590   3.2005   3.5470   3.8455   0.0000   0.0000   0.0000   0.0000   0.0000   0.0000   0.0000   0.0000   0.0000   0.0000;
115:  0.4225   0.7160   0.9505   1.1900   1.4580   1.7285   2.0385   2.3515   2.6020   2.8595   3.2020   3.5485   3.8475   0.0000   0.0000   0.0000   0.0000   0.0000   0.0000   0.0000   0.0000   0.0000   0.0000;
116:  0.4225   0.7160   0.9505   1.1900   1.4580   1.7285   2.0385   2.3520   2.6030   2.8600   3.2030   3.5500   3.8490   0.0000   0.0000   0.0000   0.0000   0.0000   0.0000   0.0000   0.0000   0.0000   0.0000;
117:  0.4225   0.7160   0.9505   1.1900   1.4580   1.7290   2.0395   2.3525   2.6035   2.8610   3.2045   3.5515   3.8510   0.0000   0.0000   0.0000   0.0000   0.0000   0.0000   0.0000   0.0000   0.0000   0.0000;
118:  0.4225   0.7160   0.9505   1.1905   1.4590   1.7295   2.0400   2.3535   2.6045   2.8620   3.2060   3.5530   3.8530   0.0000   0.0000   0.0000   0.0000   0.0000   0.0000   0.0000   0.0000   0.0000   0.0000;
119:  0.4225   0.7160   0.9505   1.1905   1.4590   1.7300   2.0410   2.3545   2.6055   2.8630   3.2075   3.5545   3.8545   0.0000   0.0000   0.0000   0.0000   0.0000   0.0000   0.0000   0.0000   0.0000   0.0000;
120:  0.4225   0.7160   0.9505   1.1905   1.4590   1.7300   2.0410   2.3545   2.6060   2.8635   3.2080   3.5555   3.8560   0.0000   0.0000   0.0000   0.0000   0.0000   0.0000   0.0000   0.0000   0.0000   0.0000;
121:  0.4230   0.7170   0.9510   1.1910   1.4595   1.7305   2.0420   2.3555   2.6075   2.8650   3.2095   3.5570   3.8575   0.0000   0.0000   0.0000   0.0000   0.0000   0.0000   0.0000   0.0000   0.0000   0.0000;
122:  0.4230   0.7170   0.9515   1.1915   1.4600   1.7310   2.0425   2.3565   2.6085   2.8660   3.2110   3.5590   3.8590   0.0000   0.0000   0.0000   0.0000   0.0000   0.0000   0.0000   0.0000   0.0000   0.0000;
123:  0.4230   0.7170   0.9515   1.1920   1.4605   1.7315   2.0435   2.3570   2.6090   2.8670   3.2125   3.5605   3.8605   0.0000   0.0000   0.0000   0.0000   0.0000   0.0000   0.0000   0.0000   0.0000   0.0000;
124:  0.4230   0.7170   0.9515   1.1920   1.4605   1.7315   2.0435   2.3575   2.6100   2.8680   3.2140   3.5620   3.8615   0.0000   0.0000   0.0000   0.0000   0.0000   0.0000   0.0000   0.0000   0.0000   0.0000;
125:  0.4230   0.7170   0.9515   1.1920   1.4610   1.7325   2.0445   2.3585   2.6110   2.8690   3.2155   3.5635   3.8625   0.0000   0.0000   0.0000   0.0000   0.0000   0.0000   0.0000   0.0000   0.0000   0.0000;
126:  0.4235   0.7170   0.9520   1.1930   1.4615   1.7325   2.0450   2.3590   2.6120   2.8705   3.2170   3.5650   3.8630   0.0000   0.0000   0.0000   0.0000   0.0000   0.0000   0.0000   0.0000   0.0000   0.0000;
127:  0.4235   0.7175   0.9525   1.1930   1.4620   1.7335   2.0455   2.3595   2.6130   2.8715   3.2180   3.5665   3.8645   0.0000   0.0000   0.0000   0.0000   0.0000   0.0000   0.0000   0.0000   0.0000   0.0000;
128:  0.4235   0.7175   0.9525   1.1935   1.4625   1.7335   2.0460   2.3605   2.6140   2.8730   3.2200   3.5680   3.8650   4.1440   0.0000   0.0000   0.0000   0.0000   0.0000   0.0000   0.0000   0.0000   0.0000;
129:  0.4235   0.7175   0.9525   1.1935   1.4625   1.7335   2.0465   2.3610   2.6145   2.8740   3.2215   3.5695   3.8655   4.1445   0.0000   0.0000   0.0000   0.0000   0.0000   0.0000   0.0000   0.0000   0.0000;
130:  0.4240   0.7185   0.9535   1.1940   1.4630   1.7345   2.0470   2.3615   2.6155   2.8750   3.2225   3.5705   3.8655   4.1445   0.0000   0.0000   0.0000   0.0000   0.0000   0.0000   0.0000   0.0000   0.0000;
131:  0.4240   0.7185   0.9535   1.1945   1.4640   1.7350   2.0475   2.3625   2.6165   2.8760   3.2240   3.5725   3.8660   4.1445   0.0000   0.0000   0.0000   0.0000   0.0000   0.0000   0.0000   0.0000   0.0000;
132:  0.4240   0.7190   0.9545   1.1950   1.4640   1.7355   2.0485   2.3635   2.6180   2.8775   3.2250   3.5735   3.8660   4.1445   0.0000   0.0000   0.0000   0.0000   0.0000   0.0000   0.0000   0.0000   0.0000;
133:  0.4240   0.7190   0.9545   1.1955   1.4650   1.7360   2.0485   2.3635   2.6185   2.8785   3.2260   3.5745   3.8660   4.1445   0.0000   0.0000   0.0000   0.0000   0.0000   0.0000   0.0000   0.0000   0.0000;
134:  0.4240   0.7190   0.9545   1.1955   1.4655   1.7370   2.0490   2.3640   2.6195   2.8795   3.2270   3.5755   3.8660   4.1445   4.4125   0.0000   0.0000   0.0000   0.0000   0.0000   0.0000   0.0000   0.0000;
135:  0.4245   0.7200   0.9555   1.1965   1.4660   1.7370   2.0495   2.3650   2.6205   2.8805   3.2280   3.5765   3.8660   4.1440   4.4135   0.0000   0.0000   0.0000   0.0000   0.0000   0.0000   0.0000   0.0000;
136:  0.4250   0.7205   0.9560   1.1965   1.4665   1.7375   2.0500   2.3655   2.6210   2.8820   3.2295   3.5775   3.8655   4.1435   4.4145   0.0000   0.0000   0.0000   0.0000   0.0000   0.0000   0.0000   0.0000;
137:  0.4250   0.7205   0.9565   1.1975   1.4675   1.7385   2.0505   2.3660   2.6220   2.8825   3.2300   3.5785   3.8650   4.1430   4.4155   0.0000   0.0000   0.0000   0.0000   0.0000   0.0000   0.0000   0.0000;
138:  0.4255   0.7215   0.9570   1.1975   1.4675   1.7385   2.0505   2.3665   2.6225   2.8835   3.2315   3.5790   3.8640   4.1420   4.4160   0.0000   0.0000   0.0000   0.0000   0.0000   0.0000   0.0000   0.0000;
139:  0.4255   0.7215   0.9575   1.1985   1.4685   1.7395   2.0515   2.3675   2.6235   2.8840   3.2320   3.5800   3.8640   4.1415   4.4165   0.0000   0.0000   0.0000   0.0000   0.0000   0.0000   0.0000   0.0000;
140:  0.4260   0.7225   0.9585   1.1990   1.4690   1.7400   2.0515   2.3680   2.6245   2.8850   3.2325   3.5800   3.8630   4.1410   4.4175   0.0000   0.0000   0.0000   0.0000   0.0000   0.0000   0.0000   0.0000;
141:  0.4265   0.7225   0.9585   1.1990   1.4695   1.7410   2.0520   2.3680   2.6250   2.8860   3.2335   3.5810   3.8625   4.1400   4.4175   0.0000   0.0000   0.0000   0.0000   0.0000   0.0000   0.0000   0.0000;
142:  0.4270   0.7235   0.9595   1.2000   1.4700   1.7415   2.0530   2.3690   2.6255   2.8865   3.2340   3.5810   3.8615   4.1390   4.4180   0.0000   0.0000   0.0000   0.0000   0.0000   0.0000   0.0000   0.0000;
143:  0.4275   0.7235   0.9600   1.2010   1.4710   1.7420   2.0530   2.3695   2.6265   2.8870   3.2340   3.5810   3.8605   4.1380   4.4180   0.0000   0.0000   0.0000   0.0000   0.0000   0.0000   0.0000   0.0000;
144:  0.4275   0.7240   0.9605   1.2010   1.4715   1.7430   2.0540   2.3700   2.6265   2.8875   3.2345   3.5810   3.8595   4.1370   4.4180   4.6665   0.0000   0.0000   0.0000   0.0000   0.0000   0.0000   0.0000;
145:  0.4280   0.7250   0.9615   1.2015   1.4720   1.7435   2.0540   2.3705   2.6270   2.8875   3.2345   3.5805   3.8580   4.1360   4.4180   4.6670   0.0000   0.0000   0.0000   0.0000   0.0000   0.0000   0.0000;
146:  0.4290   0.7255   0.9615   1.2020   1.4725   1.7440   2.0545   2.3705   2.6275   2.8885   3.2350   3.5805   3.8575   4.1355   4.4180   4.6680   0.0000   0.0000   0.0000   0.0000   0.0000   0.0000   0.0000;
147:  0.4290   0.7260   0.9625   1.2030   1.4735   1.7445   2.0550   2.3715   2.6280   2.8885   3.2350   3.5805   3.8565   4.1345   4.4180   4.6690   0.0000   0.0000   0.0000   0.0000   0.0000   0.0000   0.0000;
148:  0.4295   0.7260   0.9630   1.2035   1.4740   1.7455   2.0555   2.3715   2.6280   2.8885   3.2350   3.5800   3.8555   4.1340   4.4175   4.6695   0.0000   0.0000   0.0000   0.0000   0.0000   0.0000   0.0000;
149:  0.4300   0.7270   0.9635   1.2035   1.4745   1.7465   2.0565   2.3725   2.6285   2.8885   3.2345   3.5790   3.8540   4.1330   4.4175   4.6710   0.0000   0.0000   0.0000   0.0000   0.0000   0.0000   0.0000;
150:  0.4300   0.7270   0.9640   1.2045   1.4750   1.7465   2.0565   2.3725   2.6285   2.8885   3.2345   3.5785   3.8530   4.1325   4.4175   4.6725   0.0000   0.0000   0.0000   0.0000   0.0000   0.0000   0.0000;
151:  0.4310   0.7280   0.9645   1.2045   1.4755   1.7475   2.0570   2.3725   2.6285   2.8885   3.2340   3.5775   3.8520   4.1320   4.4170   4.6735   0.0000   0.0000   0.0000   0.0000   0.0000   0.0000   0.0000;
152:  0.4310   0.7280   0.9650   1.2055   1.4765   1.7485   2.0580   2.3730   2.6285   2.8885   3.2335   3.5765   3.8510   4.1310   4.4165   4.6750   0.0000   0.0000   0.0000   0.0000   0.0000   0.0000   0.0000;
153:  0.4320   0.7285   0.9650   1.2055   1.4765   1.7485   2.0580   2.3735   2.6290   2.8885   3.2335   3.5755   3.8495   4.1305   4.4160   4.6760   0.0000   0.0000   0.0000   0.0000   0.0000   0.0000   0.0000;
154:  0.4320   0.7290   0.9660   1.2065   1.4775   1.7495   2.0590   2.3740   2.6290   2.8880   3.2325   3.5745   3.8485   4.1300   4.4160   4.6780   0.0000   0.0000   0.0000   0.0000   0.0000   0.0000   0.0000;
155:  0.4325   0.7290   0.9660   1.2065   1.4775   1.7495   2.0590   2.3740   2.6290   2.8880   3.2320   3.5730   3.8470   4.1295   4.4155   4.6795   4.9090   0.0000   0.0000   0.0000   0.0000   0.0000   0.0000;
156:  0.4330   0.7295   0.9665   1.2075   1.4785   1.7505   2.0600   2.3745   2.6285   2.8870   3.2310   3.5720   3.8460   4.1290   4.4155   4.6810   4.9130   0.0000   0.0000   0.0000   0.0000   0.0000   0.0000;
157:  0.4335   0.7295   0.9665   1.2075   1.4785   1.7505   2.0605   2.3750   2.6285   2.8870   3.2305   3.5705   3.8450   4.1290   4.4150   4.6830   4.9185   0.0000   0.0000   0.0000   0.0000   0.0000   0.0000;
158:  0.4335   0.7295   0.9665   1.2075   1.4790   1.7515   2.0610   2.3750   2.6285   2.8865   3.2290   3.5685   3.8440   4.1290   4.4150   4.6850   4.9235   0.0000   0.0000   0.0000   0.0000   0.0000   0.0000;
159:  0.4340   0.7305   0.9675   1.2085   1.4795   1.7515   2.0615   2.3755   2.6280   2.8855   3.2280   3.5670   3.8425   4.1285   4.4150   4.6870   4.9285   0.0000   0.0000   0.0000   0.0000   0.0000   0.0000;
160:  0.4345   0.7305   0.9675   1.2085   1.4795   1.7520   2.0620   2.3750   2.6275   2.8850   3.2265   3.5650   3.8415   4.1285   4.4150   4.6890   4.9335   0.0000   0.0000   0.0000   0.0000   0.0000   0.0000;
161:  0.4345   0.7305   0.9675   1.2090   1.4805   1.7525   2.0625   2.3755   2.6270   2.8845   3.2260   3.5635   3.8400   4.1280   4.4150   4.6915   4.9395   0.0000   0.0000   0.0000   0.0000   0.0000   0.0000;
162:  0.4345   0.7305   0.9680   1.2095   1.4805   1.7530   2.0635   2.3760   2.6270   2.8840   3.2245   3.5615   3.8390   4.1280   4.4150   4.6935   4.9450   0.0000   0.0000   0.0000   0.0000   0.0000   0.0000;
163:  0.4350   0.7305   0.9680   1.2095   1.4805   1.7530   2.0635   2.3760   2.6270   2.8835   3.2235   3.5600   3.8375   4.1275   4.4155   4.6960   4.9505   0.0000   0.0000   0.0000   0.0000   0.0000   0.0000;
164:  0.4350   0.7305   0.9680   1.2095   1.4810   1.7535   2.0640   2.3760   2.6260   2.8825   3.2220   3.5580   3.8365   4.1275   4.4155   4.6980   4.9560   0.0000   0.0000   0.0000   0.0000   0.0000   0.0000;
165:  0.4350   0.7305   0.9680   1.2100   1.4815   1.7535   2.0645   2.3765   2.6260   2.8820   3.2205   3.5560   3.8350   4.1270   4.4160   4.7010   4.9620   0.0000   0.0000   0.0000   0.0000   0.0000   0.0000;
166:  0.4355   0.7305   0.9680   1.2100   1.4815   1.7535   2.0645   2.3760   2.6250   2.8810   3.2190   3.5540   3.8335   4.1260   4.4160   4.7035   4.9680   0.0000   0.0000   0.0000   0.0000   0.0000   0.0000;
167:  0.4355   0.7305   0.9680   1.2100   1.4815   1.7535   2.0650   2.3765   2.6250   2.8805   3.2175   3.5515   3.8320   4.1260   4.4160   4.7055   4.9735   0.0000   0.0000   0.0000   0.0000   0.0000   0.0000;
168:  0.4355   0.7305   0.9680   1.2100   1.4815   1.7540   2.0655   2.3760   2.6240   2.8795   3.2160   3.5495   3.8305   4.1255   4.4165   4.7075   4.9785   0.0000   0.0000   0.0000   0.0000   0.0000   0.0000;
169:  0.4355   0.7305   0.9680   1.2100   1.4815   1.7540   2.0660   2.3765   2.6240   2.8790   3.2145   3.5475   3.8290   4.1250   4.4170   4.7100   4.9835   5.2285   0.0000   0.0000   0.0000   0.0000   0.0000;
170:  0.4355   0.7305   0.9680   1.2105   1.4820   1.7535   2.0655   2.3760   2.6230   2.8780   3.2130   3.5455   3.8270   4.1240   4.4175   4.7120   4.9885   5.2345   0.0000   0.0000   0.0000   0.0000   0.0000;
171:  0.4355   0.7305   0.9680   1.2105   1.4820   1.7535   2.0660   2.3760   2.6225   2.8775   3.2115   3.5435   3.8255   4.1235   4.4185   4.7145   4.9930   5.2395   0.0000   0.0000   0.0000   0.0000   0.0000;
172:  0.4355   0.7305   0.9680   1.2105   1.4820   1.7535   2.0660   2.3760   2.6220   2.8765   3.2100   3.5415   3.8240   4.1225   4.4185   4.7165   4.9970   5.2445   0.0000   0.0000   0.0000   0.0000   0.0000;
173:  0.4360   0.7300   0.9675   1.2105   1.4820   1.7535   2.0665   2.3760   2.6215   2.8760   3.2080   3.5390   3.8220   4.1215   4.4190   4.7180   5.0010   5.2495   0.0000   0.0000   0.0000   0.0000   0.0000;
174:  0.4360   0.7300   0.9675   1.2105   1.4820   1.7535   2.0665   2.3755   2.6205   2.8750   3.2065   3.5370   3.8200   4.1200   4.4190   4.7195   5.0045   5.2540   0.0000   0.0000   0.0000   0.0000   0.0000;
175:  0.4360   0.7300   0.9675   1.2105   1.4820   1.7535   2.0665   2.3755   2.6205   2.8745   3.2050   3.5350   3.8180   4.1190   4.4200   4.7215   5.0075   5.2580   0.0000   0.0000   0.0000   0.0000   0.0000;
176:  0.4360   0.7300   0.9675   1.2105   1.4820   1.7530   2.0660   2.3750   2.6195   2.8735   3.2035   3.5330   3.8160   4.1175   4.4200   4.7225   5.0100   5.2620   0.0000   0.0000   0.0000   0.0000   0.0000;
177:  0.4360   0.7300   0.9675   1.2105   1.4820   1.7530   2.0660   2.3745   2.6190   2.8730   3.2015   3.5310   3.8140   4.1155   4.4200   4.7235   5.0120   5.2650   0.0000   0.0000   0.0000   0.0000   0.0000;
178:  0.4360   0.7300   0.9675   1.2105   1.4820   1.7525   2.0655   2.3745   2.6185   2.8725   3.2005   3.5290   3.8120   4.1140   4.4200   4.7240   5.0130   0.0000   0.0000   0.0000   0.0000   0.0000   0.0000;
179:  0.4360   0.7300   0.9675   1.2105   1.4820   1.7525   2.0655   2.3740   2.6175   2.8710   3.1985   3.5270   3.8095   4.1120   4.4195   4.7240   5.0140   0.0000   0.0000   0.0000   0.0000   0.0000   0.0000;
180:  0.4360   0.7300   0.9675   1.2105   1.4820   1.7525   2.0655   2.3735   2.6170   2.8705   3.1970   3.5250   3.8070   4.1095   4.4190   0.0000   0.0000   0.0000   0.0000   0.0000   0.0000   0.0000   0.0000;
181:  0.4365   0.7305   0.9680   1.2110   1.4820   1.7520   2.0645   2.3730   2.6165   2.8695   3.1955   3.5230   3.8045   4.1075   4.4185   0.0000   0.0000   0.0000   0.0000   0.0000   0.0000   0.0000   0.0000;
182:  0.4365   0.7305   0.9680   1.2110   1.4820   1.7520   2.0645   2.3725   2.6155   2.8685   3.1935   3.5205   3.8020   4.1050   4.4180   0.0000   0.0000   0.0000   0.0000   0.0000   0.0000   0.0000   0.0000;
183:  0.4360   0.7305   0.9680   1.2105   1.4810   1.7510   2.0635   2.3715   2.6150   2.8680   3.1920   3.5185   3.7995   4.1025   4.4170   0.0000   0.0000   0.0000   0.0000   0.0000   0.0000   0.0000   0.0000;
184:  0.4360   0.7305   0.9680   1.2105   1.4810   1.7510   2.0635   2.3710   2.6140   2.8670   3.1905   3.5165   3.7970   4.1000   4.4155   0.0000   0.0000   0.0000   0.0000   0.0000   0.0000   0.0000   0.0000;
185:  0.4360   0.7305   0.9680   1.2105   1.4810   1.7505   2.0625   2.3705   2.6135   2.8660   3.1890   3.5145   3.7940   4.0970   4.4145   0.0000   0.0000   0.0000   0.0000   0.0000   0.0000   0.0000   0.0000;
186:  0.4360   0.7305   0.9680   1.2105   1.4810   1.7505   2.0620   2.3695   2.6125   2.8650   3.1875   3.5125   3.7915   4.0945   4.4130   0.0000   0.0000   0.0000   0.0000   0.0000   0.0000   0.0000   0.0000;
187:  0.4360   0.7305   0.9680   1.2105   1.4810   1.7500   2.0610   2.3685   2.6115   2.8635   3.1855   3.5110   3.7890   4.0910   4.4110   0.0000   0.0000   0.0000   0.0000   0.0000   0.0000   0.0000   0.0000;
188:  0.4365   0.7310   0.9680   1.2100   1.4805   1.7500   2.0605   2.3675   2.6105   2.8625   3.1840   3.5090   3.7865   4.0880   4.4085   0.0000   0.0000   0.0000   0.0000   0.0000   0.0000   0.0000   0.0000;
189:  0.4365   0.7310   0.9680   1.2100   1.4800   1.7490   2.0595   2.3665   2.6095   2.8615   3.1830   3.5075   3.7835   4.0845   4.4065   0.0000   0.0000   0.0000   0.0000   0.0000   0.0000   0.0000   0.0000;
190:  0.4365   0.7310   0.9680   1.2100   1.4800   1.7485   2.0585   2.3660   2.6090   2.8600   3.1810   3.5050   3.7805   4.0815   4.4035   0.0000   0.0000   0.0000   0.0000   0.0000   0.0000   0.0000   0.0000;
191:  0.4365   0.7310   0.9685   1.2100   1.4795   1.7485   2.0580   2.3650   2.6080   2.8590   3.1795   3.5030   3.7775   4.0780   4.4010   0.0000   0.0000   0.0000   0.0000   0.0000   0.0000   0.0000   0.0000;
192:  0.4365   0.7310   0.9685   1.2100   1.4795   1.7480   2.0570   2.3640   2.6070   2.8575   3.1775   3.5010   3.7750   4.0750   4.3980   0.0000   0.0000   0.0000   0.0000   0.0000   0.0000   0.0000   0.0000;
193:  0.4370   0.7310   0.9680   1.2095   1.4785   1.7475   2.0565   2.3630   2.6055   2.8555   3.1755   3.4990   3.7725   4.0715   4.3945   0.0000   0.0000   0.0000   0.0000   0.0000   0.0000   0.0000   0.0000;
194:  0.4370   0.7310   0.9680   1.2095   1.4785   1.7470   2.0550   2.3615   2.6045   2.8545   3.1740   3.4965   3.7695   4.0680   4.3905   0.0000   0.0000   0.0000   0.0000   0.0000   0.0000   0.0000   0.0000;
195:  0.4365   0.7310   0.9680   1.2095   1.4785   1.7465   2.0540   2.3605   2.6035   2.8530   3.1725   3.4950   3.7665   4.0640   4.3865   0.0000   0.0000   0.0000   0.0000   0.0000   0.0000   0.0000   0.0000;
196:  0.4365   0.7310   0.9680   1.2090   1.4780   1.7465   2.0535   2.3595   2.6020   2.8510   3.1705   3.4930   3.7640   4.0605   4.3825   0.0000   0.0000   0.0000   0.0000   0.0000   0.0000   0.0000   0.0000;
197:  0.4365   0.7310   0.9680   1.2085   1.4770   1.7455   2.0520   2.3580   2.6010   2.8500   3.1690   3.4905   3.7610   4.0570   4.3780   0.0000   0.0000   0.0000   0.0000   0.0000   0.0000   0.0000   0.0000;
198:  0.4365   0.7305   0.9675   1.2085   1.4770   1.7455   2.0515   2.3570   2.5995   2.8480   3.1675   3.4890   3.7585   4.0535   4.3735   0.0000   0.0000   0.0000   0.0000   0.0000   0.0000   0.0000   0.0000;
199:  0.4365   0.7305   0.9675   1.2080   1.4760   1.7445   2.0500   2.3555   2.5985   2.8465   3.1655   3.4865   3.7555   4.0500   4.3690   0.0000   0.0000   0.0000   0.0000   0.0000   0.0000   0.0000   0.0000;
200:  0.4360   0.7305   0.9675   1.2080   1.4760   1.7440   2.0490   2.3545   2.5975   2.8450   3.1635   3.4845   3.7535   4.0465   4.3635   0.0000   0.0000   0.0000   0.0000   0.0000   0.0000   0.0000   0.0000;
201:  0.4360   0.7305   0.9675   1.2075   1.4750   1.7435   2.0480   2.3530   2.5960   2.8430   3.1615   3.4820   3.7505   4.0430   4.3590   0.0000   0.0000   0.0000   0.0000   0.0000   0.0000   0.0000   0.0000;
202:  0.4360   0.7300   0.9670   1.2075   1.4745   1.7425   2.0470   2.3520   2.5950   2.8415   3.1600   3.4800   3.7475   4.0390   4.3535   0.0000   0.0000   0.0000   0.0000   0.0000   0.0000   0.0000   0.0000;
203:  0.4360   0.7300   0.9665   1.2065   1.4740   1.7420   2.0455   2.3505   2.5935   2.8395   3.1580   3.4780   3.7455   4.0360   4.3480   0.0000   0.0000   0.0000   0.0000   0.0000   0.0000   0.0000   0.0000;
204:  0.4360   0.7295   0.9660   1.2060   1.4730   1.7415   2.0450   2.3495   2.5920   2.8375   3.1560   3.4755   3.7430   4.0330   4.3430   0.0000   0.0000   0.0000   0.0000   0.0000   0.0000   0.0000   0.0000;
205:  0.4355   0.7295   0.9660   1.2060   1.4725   1.7405   2.0440   2.3480   2.5905   2.8360   3.1540   3.4730   3.7400   4.0290   4.3370   0.0000   0.0000   0.0000   0.0000   0.0000   0.0000   0.0000   0.0000;
206:  0.4355   0.7295   0.9660   1.2055   1.4720   1.7400   2.0425   2.3465   2.5890   2.8340   3.1520   3.4710   3.7380   4.0260   4.3320   0.0000   0.0000   0.0000   0.0000   0.0000   0.0000   0.0000   0.0000;
207:  0.4350   0.7285   0.9650   1.2045   1.4710   1.7395   2.0420   2.3455   2.5880   2.8325   3.1500   3.4685   3.7355   4.0225   4.3260   0.0000   0.0000   0.0000   0.0000   0.0000   0.0000   0.0000   0.0000;
208:  0.4345   0.7285   0.9650   1.2045   1.4705   1.7385   2.0410   2.3445   2.5865   2.8305   3.1480   3.4665   3.7335   4.0195   4.3205   0.0000   0.0000   0.0000   0.0000   0.0000   0.0000   0.0000   0.0000;
209:  0.4345   0.7280   0.9640   1.2035   1.4695   1.7375   2.0395   2.3430   2.5855   2.8290   3.1460   3.4640   3.7310   4.0165   4.3150   0.0000   0.0000   0.0000   0.0000   0.0000   0.0000   0.0000   0.0000;
210:  0.4345   0.7280   0.9640   1.2035   1.4690   1.7365   2.0385   2.3415   2.5835   2.8270   3.1435   3.4610   3.7285   4.0130   4.3090   0.0000   0.0000   0.0000   0.0000   0.0000   0.0000   0.0000   0.0000;
211:  0.4340   0.7275   0.9635   1.2025   1.4680   1.7355   2.0375   2.3405   2.5820   2.8250   3.1415   3.4590   3.7265   4.0100   4.3035   0.0000   0.0000   0.0000   0.0000   0.0000   0.0000   0.0000   0.0000;
212:  0.4340   0.7270   0.9630   1.2020   1.4675   1.7355   2.0370   2.3395   2.5810   2.8235   3.1395   3.4570   3.7245   4.0070   4.2980   0.0000   0.0000   0.0000   0.0000   0.0000   0.0000   0.0000   0.0000;
213:  0.4330   0.7265   0.9625   1.2015   1.4665   1.7340   2.0360   2.3385   2.5795   2.8215   3.1370   3.4540   3.7220   4.0040   4.2925   0.0000   0.0000   0.0000   0.0000   0.0000   0.0000   0.0000   0.0000;
214:  0.4330   0.7265   0.9620   1.2005   1.4660   1.7335   2.0345   2.3370   2.5785   2.8200   3.1350   3.4520   3.7200   4.0010   4.2870   0.0000   0.0000   0.0000   0.0000   0.0000   0.0000   0.0000   0.0000;
215:  0.4325   0.7255   0.9615   1.2000   1.4650   1.7325   2.0335   2.3360   2.5770   2.8180   3.1330   3.4500   3.7180   3.9980   4.2815   0.0000   0.0000   0.0000   0.0000   0.0000   0.0000   0.0000   0.0000;
216:  0.4325   0.7255   0.9610   1.1995   1.4645   1.7315   2.0325   2.3345   2.5755   2.8170   3.1310   3.4475   3.7160   3.9950   4.2760   0.0000   0.0000   0.0000   0.0000   0.0000   0.0000   0.0000   0.0000;
217:  0.4315   0.7250   0.9605   1.1985   1.4635   1.7305   2.0315   2.3335   2.5740   2.8150   3.1285   3.4445   3.7135   3.9920   4.2710   0.0000   0.0000   0.0000   0.0000   0.0000   0.0000   0.0000   0.0000;
218:  0.4315   0.7245   0.9600   1.1980   1.4625   1.7300   2.0310   2.3325   2.5730   2.8135   3.1265   3.4425   3.7115   3.9890   4.2655   0.0000   0.0000   0.0000   0.0000   0.0000   0.0000   0.0000   0.0000;
219:  0.4310   0.7240   0.9595   1.1975   1.4620   1.7290   2.0300   2.3315   2.5720   2.8125   3.1245   3.4400   3.7090   3.9860   4.2610   0.0000   0.0000   0.0000   0.0000   0.0000   0.0000   0.0000   0.0000;
220:  0.4310   0.7240   0.9590   1.1965   1.4610   1.7280   2.0290   2.3305   2.5705   2.8105   3.1225   3.4380   3.7070   3.9830   4.2560   0.0000   0.0000   0.0000   0.0000   0.0000   0.0000   0.0000   0.0000;
221:  0.4305   0.7230   0.9580   1.1960   1.4605   1.7270   2.0280   2.3295   2.5695   2.8095   3.1205   3.4360   3.7055   3.9800   4.2505   0.0000   0.0000   0.0000   0.0000   0.0000   0.0000   0.0000   0.0000;
222:  0.4305   0.7230   0.9580   1.1955   1.4595   1.7260   2.0270   2.3285   2.5685   2.8080   3.1185   3.4340   3.7030   3.9770   4.2460   0.0000   0.0000   0.0000   0.0000   0.0000   0.0000   0.0000   0.0000;
223:  0.4300   0.7225   0.9575   1.1950   1.4590   1.7250   2.0265   2.3280   2.5670   2.8065   3.1165   3.4315   3.7010   3.9740   4.2415   0.0000   0.0000   0.0000   0.0000   0.0000   0.0000   0.0000   0.0000;
224:  0.4295   0.7225   0.9570   1.1940   1.4585   1.7245   2.0255   2.3270   2.5660   2.8050   3.1145   3.4295   3.6985   3.9710   4.2370   0.0000   0.0000   0.0000   0.0000   0.0000   0.0000   0.0000   0.0000;
225:  0.4290   0.7215   0.9560   1.1935   1.4580   1.7240   2.0250   2.3260   2.5650   2.8040   3.1125   3.4275   3.6965   3.9675   4.2320   0.0000   0.0000   0.0000   0.0000   0.0000   0.0000   0.0000   0.0000;
226:  0.4290   0.7215   0.9560   1.1935   1.4575   1.7230   2.0240   2.3250   2.5640   2.8030   3.1110   3.4255   3.6940   3.9645   4.2280   0.0000   0.0000   0.0000   0.0000   0.0000   0.0000   0.0000   0.0000;
227:  0.4285   0.7210   0.9555   1.1925   1.4565   1.7220   2.0230   2.3240   2.5625   2.8010   3.1090   3.4240   3.6925   3.9615   4.2235   0.0000   0.0000   0.0000   0.0000   0.0000   0.0000   0.0000   0.0000;
228:  0.4285   0.7210   0.9550   1.1920   1.4560   1.7210   2.0220   2.3230   2.5615   2.8000   3.1075   3.4220   3.6900   3.9585   4.2200   0.0000   0.0000   0.0000   0.0000   0.0000   0.0000   0.0000   0.0000;
229:  0.4285   0.7210   0.9545   1.1910   1.4550   1.7205   2.0220   2.3225   2.5605   2.7990   3.1060   3.4205   3.6880   3.9550   4.2155   0.0000   0.0000   0.0000   0.0000   0.0000   0.0000   0.0000   0.0000;
230:  0.4280   0.7205   0.9545   1.1910   1.4550   1.7200   2.0210   2.3215   2.5595   2.7980   3.1045   3.4185   3.6855   3.9520   4.2115   0.0000   0.0000   0.0000   0.0000   0.0000   0.0000   0.0000   0.0000;
231:  0.4280   0.7200   0.9535   1.1905   1.4545   1.7190   2.0200   2.3210   2.5590   2.7970   3.1030   3.4165   3.6830   3.9490   4.2080   0.0000   0.0000   0.0000   0.0000   0.0000   0.0000   0.0000   0.0000;
232:  0.4275   0.7195   0.9535   1.1900   1.4535   1.7180   2.0190   2.3200   2.5580   2.7955   3.1010   3.4150   3.6810   3.9455   4.2040   0.0000   0.0000   0.0000   0.0000   0.0000   0.0000   0.0000   0.0000;
233:  0.4275   0.7195   0.9530   1.1895   1.4535   1.7175   2.0180   2.3190   2.5565   2.7940   3.0995   3.4130   3.6785   3.9425   4.2005   0.0000   0.0000   0.0000   0.0000   0.0000   0.0000   0.0000   0.0000;
234:  0.4275   0.7195   0.9525   1.1885   1.4525   1.7170   2.0175   2.3180   2.5555   2.7930   3.0980   3.4115   3.6760   3.9390   4.1970   0.0000   0.0000   0.0000   0.0000   0.0000   0.0000   0.0000   0.0000;
235:  0.4275   0.7195   0.9525   1.1885   1.4520   1.7160   2.0170   2.3175   2.5545   2.7920   3.0970   3.4100   3.6735   3.9355   4.1935   0.0000   0.0000   0.0000   0.0000   0.0000   0.0000   0.0000   0.0000;
236:  0.4275   0.7190   0.9520   1.1880   1.4520   1.7155   2.0160   2.3165   2.5535   2.7910   3.0960   3.4085   3.6710   3.9325   4.1905   0.0000   0.0000   0.0000   0.0000   0.0000   0.0000   0.0000   0.0000;
237:  0.4275   0.7185   0.9515   1.1875   1.4510   1.7150   2.0155   2.3155   2.5525   2.7900   3.0945   3.4065   3.6685   3.9290   4.1870   0.0000   0.0000   0.0000   0.0000   0.0000   0.0000   0.0000   0.0000;
238:  0.4275   0.7185   0.9510   1.1870   1.4505   1.7140   2.0145   2.3150   2.5520   2.7890   3.0935   3.4055   3.6660   3.9255   4.1840   0.0000   0.0000   0.0000   0.0000   0.0000   0.0000   0.0000   0.0000;
239:  0.4270   0.7180   0.9510   1.1865   1.4500   1.7135   2.0135   2.3140   2.5510   2.7880   3.0925   3.4040   3.6635   3.9225   4.1810   4.4400   0.0000   0.0000   0.0000   0.0000   0.0000   0.0000   0.0000;
240:  0.4270   0.7180   0.9505   1.1860   1.4495   1.7130   2.0135   2.3135   2.5500   2.7870   3.0915   3.4025   3.6610   3.9195   4.1780   4.4370   0.0000   0.0000   0.0000   0.0000   0.0000   0.0000   0.0000;
241:  0.4265   0.7180   0.9505   1.1860   1.4490   1.7120   2.0125   2.3125   2.5490   2.7860   3.0900   3.4005   3.6585   3.9160   4.1745   4.4335   0.0000   0.0000   0.0000   0.0000   0.0000   0.0000   0.0000;
242:  0.4265   0.7180   0.9505   1.1855   1.4485   1.7115   2.0115   2.3115   2.5480   2.7845   3.0890   3.3995   3.6560   3.9130   4.1720   4.4310   0.0000   0.0000   0.0000   0.0000   0.0000   0.0000   0.0000;
243:  0.4260   0.7170   0.9495   1.1850   1.4480   1.7110   2.0110   2.3105   2.5470   2.7835   3.0875   3.3975   3.6530   3.9095   4.1695   4.4285   0.0000   0.0000   0.0000   0.0000   0.0000   0.0000   0.0000;
244:  0.4260   0.7170   0.9495   1.1845   1.4475   1.7105   2.0100   2.3095   2.5460   2.7825   3.0870   3.3965   3.6505   3.9060   4.1665   4.4260   0.0000   0.0000   0.0000   0.0000   0.0000   0.0000   0.0000;
245:  0.4260   0.7170   0.9490   1.1840   1.4470   1.7095   2.0095   2.3090   2.5450   2.7815   3.0860   3.3945   3.6475   3.9030   4.1635   4.4230   4.6900   0.0000   0.0000   0.0000   0.0000   0.0000   0.0000;
246:  0.4260   0.7170   0.9490   1.1840   1.4470   1.7095   2.0090   2.3080   2.5440   2.7805   3.0850   3.3930   3.6450   3.9000   4.1610   4.4210   4.6860   0.0000   0.0000   0.0000   0.0000   0.0000   0.0000;
247:  0.4255   0.7165   0.9490   1.1835   1.4460   1.7085   2.0080   2.3070   2.5430   2.7795   3.0840   3.3915   3.6425   3.8970   4.1585   4.4185   4.6820   4.9380   0.0000   0.0000   0.0000   0.0000   0.0000;
248:  0.4255   0.7160   0.9480   1.1830   1.4455   1.7075   2.0070   2.3065   2.5425   2.7785   3.0830   3.3900   3.6400   3.8940   4.1565   4.4170   4.6790   4.9335   0.0000   0.0000   0.0000   0.0000   0.0000;
249:  0.4250   0.7160   0.9480   1.1825   1.4450   1.7075   2.0070   2.3055   2.5410   2.7775   3.0820   3.3880   3.6370   3.8910   4.1540   4.4150   4.6755   4.9295   0.0000   0.0000   0.0000   0.0000   0.0000;
250:  0.4250   0.7160   0.9480   1.1825   1.4445   1.7065   2.0060   2.3050   2.5405   2.7770   3.0820   3.3870   3.6350   3.8885   4.1515   4.4130   4.6725   4.9255   0.0000   0.0000   0.0000   0.0000   0.0000;
251:  0.4245   0.7155   0.9475   1.1815   1.4440   1.7060   2.0050   2.3040   2.5395   2.7755   3.0805   3.3850   3.6320   3.8860   4.1495   4.4110   4.6695   4.9220   0.0000   0.0000   0.0000   0.0000   0.0000;
252:  0.4240   0.7150   0.9470   1.1815   1.4435   1.7055   2.0045   2.3030   2.5385   2.7750   3.0800   3.3835   3.6295   3.8830   4.1475   4.4095   4.6665   4.9185   0.0000   0.0000   0.0000   0.0000   0.0000;
253:  0.4240   0.7150   0.9470   1.1810   1.4430   1.7050   2.0040   2.3025   2.5375   2.7740   3.0790   3.3820   3.6270   3.8800   4.1450   4.4075   4.6640   4.9155   0.0000   0.0000   0.0000   0.0000   0.0000;
254:  0.4235   0.7145   0.9465   1.1805   1.4425   1.7045   2.0035   2.3015   2.5370   2.7735   3.0780   3.3800   3.6240   3.8775   4.1435   4.4060   4.6610   4.9125   0.0000   0.0000   0.0000   0.0000   0.0000;
255:  0.4230   0.7145   0.9465   1.1800   1.4420   1.7040   2.0025   2.3005   2.5360   2.7725   3.0770   3.3785   3.6220   3.8750   4.1410   4.4040   4.6585   4.9100   0.0000   0.0000   0.0000   0.0000   0.0000;
256:  0.4230   0.7145   0.9465   1.1800   1.4415   1.7030   2.0020   2.3000   2.5350   2.7720   3.0765   3.3770   3.6195   3.8725   4.1390   4.4025   4.6570   4.9085   0.0000   0.0000   0.0000   0.0000   0.0000;
257:  0.4220   0.7135   0.9460   1.1800   1.4415   1.7030   2.0015   2.2990   2.5340   2.7710   3.0755   3.3755   3.6170   3.8700   4.1375   4.4010   4.6545   4.9065   0.0000   0.0000   0.0000   0.0000   0.0000;
258:  0.4220   0.7135   0.9455   1.1790   1.4405   1.7020   2.0005   2.2985   2.5340   2.7705   3.0745   3.3740   3.6150   3.8675   4.1350   4.3990   4.6525   4.9045   0.0000   0.0000   0.0000   0.0000   0.0000;
259:  0.4215   0.7135   0.9455   1.1790   1.4405   1.7020   2.0000   2.2975   2.5330   2.7695   3.0735   3.3725   3.6130   3.8655   4.1330   4.3975   4.6510   4.9035   0.0000   0.0000   0.0000   0.0000   0.0000;
260:  0.4215   0.7135   0.9455   1.1785   1.4395   1.7010   1.9995   2.2970   2.5325   2.7695   3.0730   3.3710   3.6105   3.8630   4.1310   4.3955   4.6490   4.9020   0.0000   0.0000   0.0000   0.0000   0.0000;
261:  0.4205   0.7125   0.9445   1.1780   1.4395   1.7005   1.9985   2.2960   2.5315   2.7685   3.0720   3.3695   3.6085   3.8610   4.1295   4.3945   4.6475   4.9010   0.0000   0.0000   0.0000   0.0000   0.0000;
262:  0.4205   0.7125   0.9445   1.1780   1.4395   1.7005   1.9985   2.2960   2.5310   2.7680   3.0710   3.3675   3.6065   3.8590   4.1275   4.3925   4.6455   4.9000   0.0000   0.0000   0.0000   0.0000   0.0000;
263:  0.4205   0.7125   0.9445   1.1775   1.4385   1.6995   1.9975   2.2950   2.5305   2.7675   3.0700   3.3660   3.6040   3.8570   4.1260   4.3905   4.6435   4.8990   0.0000   0.0000   0.0000   0.0000   0.0000;
264:  0.4200   0.7125   0.9445   1.1775   1.4385   1.6995   1.9970   2.2945   2.5300   2.7670   3.0695   3.3650   3.6025   3.8550   4.1240   4.3890   4.6425   4.8985   0.0000   0.0000   0.0000   0.0000   0.0000;
265:  0.4195   0.7120   0.9445   1.1775   1.4385   1.6990   1.9965   2.2940   2.5295   2.7665   3.0685   3.3635   3.6005   3.8535   4.1225   4.3870   4.6405   4.8980   0.0000   0.0000   0.0000   0.0000   0.0000;
266:  0.4190   0.7120   0.9445   1.1770   1.4380   1.6990   1.9960   2.2935   2.5290   2.7660   3.0680   3.3625   3.5990   3.8515   4.1205   4.3850   4.6390   4.8975   0.0000   0.0000   0.0000   0.0000   0.0000;
267:  0.4190   0.7120   0.9440   1.1765   1.4375   1.6985   1.9955   2.2925   2.5285   2.7660   3.0675   3.3610   3.5970   3.8500   4.1190   4.3835   4.6380   4.8970   0.0000   0.0000   0.0000   0.0000   0.0000;
268:  0.4185   0.7120   0.9440   1.1765   1.4375   1.6980   1.9950   2.2925   2.5280   2.7650   3.0665   3.3600   3.5955   3.8480   4.1170   4.3815   4.6365   4.8970   0.0000   0.0000   0.0000   0.0000   0.0000;
269:  0.4185   0.7120   0.9440   1.1765   1.4375   1.6980   1.9945   2.2915   2.5275   2.7650   3.0660   3.3590   3.5945   3.8470   4.1150   4.3790   4.6345   4.8960   0.0000   0.0000   0.0000   0.0000   0.0000;
270:  0.4180   0.7120   0.9440   1.1765   1.4375   1.6980   1.9945   2.2915   2.5275   2.7645   3.0650   3.3580   3.5930   3.8455   4.1135   4.3770   4.6330   4.8955   0.0000   0.0000   0.0000   0.0000   0.0000;
271:  0.4180   0.7120   0.9440   1.1765   1.4375   1.6975   1.9935   2.2910   2.5270   2.7640   3.0645   3.3575   3.5925   3.8440   4.1115   4.3750   4.6315   4.8955   0.0000   0.0000   0.0000   0.0000   0.0000;
272:  0.4180   0.7115   0.9435   1.1760   1.4370   1.6975   1.9935   2.2905   2.5265   2.7640   3.0645   3.3570   3.5915   3.8430   4.1095   4.3725   4.6300   4.8950   0.0000   0.0000   0.0000   0.0000   0.0000;
273:  0.4175   0.7115   0.9435   1.1760   1.4370   1.6975   1.9930   2.2900   2.5260   2.7630   3.0635   3.3560   3.5900   3.8415   4.1080   4.3705   4.6280   4.8935   0.0000   0.0000   0.0000   0.0000   0.0000;
274:  0.4175   0.7115   0.9435   1.1760   1.4370   1.6975   1.9930   2.2900   2.5260   2.7630   3.0630   3.3555   3.5895   3.8405   4.1065   4.3685   4.6265   4.8930   0.0000   0.0000   0.0000   0.0000   0.0000;
275:  0.4175   0.7115   0.9435   1.1760   1.4370   1.6975   1.9925   2.2895   2.5260   2.7630   3.0630   3.3555   3.5890   3.8395   4.1045   4.3665   4.6255   4.8925   0.0000   0.0000   0.0000   0.0000   0.0000;
276:  0.4170   0.7115   0.9435   1.1760   1.4370   1.6975   1.9925   2.2890   2.5250   2.7620   3.0625   3.3555   3.5890   3.8390   4.1030   4.3645   4.6235   4.8910   0.0000   0.0000   0.0000   0.0000   0.0000;
277:  0.4170   0.7115   0.9435   1.1760   1.4370   1.6975   1.9920   2.2885   2.5250   2.7620   3.0620   3.3550   3.5885   3.8380   4.1015   4.3625   4.6220   4.8900   0.0000   0.0000   0.0000   0.0000   0.0000;
278:  0.4170   0.7115   0.9435   1.1760   1.4370   1.6975   1.9920   2.2885   2.5250   2.7620   3.0620   3.3550   3.5880   3.8370   4.1000   4.3605   4.6205   4.8890   0.0000   0.0000   0.0000   0.0000   0.0000;
279:  0.4170   0.7120   0.9435   1.1760   1.4370   1.6975   1.9920   2.2885   2.5245   2.7615   3.0620   3.3550   3.5880   3.8365   4.0980   4.3580   4.6185   4.8870   0.0000   0.0000   0.0000   0.0000   0.0000;
280:  0.4170   0.7120   0.9435   1.1760   1.4370   1.6975   1.9915   2.2880   2.5245   2.7610   3.0615   3.3550   3.5880   3.8360   4.0965   4.3565   4.6175   4.8860   0.0000   0.0000   0.0000   0.0000   0.0000;
281:  0.4170   0.7120   0.9435   1.1760   1.4370   1.6975   1.9915   2.2880   2.5245   2.7610   3.0615   3.3550   3.5880   3.8355   4.0950   4.3545   4.6155   4.8840   0.0000   0.0000   0.0000   0.0000   0.0000;
282:  0.4170   0.7120   0.9440   1.1765   1.4370   1.6975   1.9915   2.2880   2.5245   2.7610   3.0620   3.3560   3.5885   3.8350   4.0940   4.3535   4.6145   4.8825   0.0000   0.0000   0.0000   0.0000   0.0000;
283:  0.4165   0.7120   0.9440   1.1765   1.4370   1.6975   1.9915   2.2880   2.5240   2.7600   3.0615   3.3560   3.5885   3.8350   4.0930   4.3515   4.6130   4.8810   0.0000   0.0000   0.0000   0.0000   0.0000;
284:  0.4170   0.7130   0.9445   1.1765   1.4370   1.6975   1.9915   2.2880   2.5240   2.7600   3.0615   3.3565   3.5895   3.8350   4.0915   4.3500   4.6115   4.8790   0.0000   0.0000   0.0000   0.0000   0.0000;
285:  0.4170   0.7130   0.9445   1.1770   1.4375   1.6980   1.9920   2.2880   2.5240   2.7600   3.0620   3.3570   3.5900   3.8355   4.0910   4.3490   4.6105   4.8775   0.0000   0.0000   0.0000   0.0000   0.0000;
286:  0.4165   0.7130   0.9445   1.1770   1.4380   1.6985   1.9920   2.2880   2.5240   2.7595   3.0620   3.3580   3.5905   3.8350   4.0900   4.3475   4.6090   4.8755   0.0000   0.0000   0.0000   0.0000   0.0000;
287:  0.4165   0.7130   0.9445   1.1770   1.4380   1.6985   1.9920   2.2880   2.5235   2.7590   3.0620   3.3585   3.5915   3.8355   4.0895   4.3465   4.6080   4.8740   0.0000   0.0000   0.0000   0.0000   0.0000;
288:  0.4165   0.7130   0.9445   1.1770   1.4380   1.6985   1.9920   2.2880   2.5235   2.7590   3.0625   3.3590   3.5920   3.8355   4.0885   4.3455   4.6070   4.8720   0.0000   0.0000   0.0000   0.0000   0.0000;
289:  0.4160   0.7130   0.9445   1.1770   1.4380   1.6990   1.9925   2.2880   2.5235   2.7590   3.0630   3.3600   3.5930   3.8360   4.0880   4.3450   4.6065   4.8705   0.0000   0.0000   0.0000   0.0000   0.0000;
290:  0.4165   0.7135   0.9445   1.1770   1.4380   1.6990   1.9925   2.2885   2.5240   2.7585   3.0630   3.3610   3.5940   3.8365   4.0880   4.3445   4.6055   4.8685   0.0000   0.0000   0.0000   0.0000   0.0000;
291:  0.4165   0.7135   0.9450   1.1775   1.4380   1.6990   1.9930   2.2890   2.5240   2.7585   3.0630   3.3615   3.5955   3.8375   4.0875   4.3440   4.6055   4.8670   0.0000   0.0000   0.0000   0.0000   0.0000;
292:  0.4160   0.7135   0.9450   1.1775   1.4380   1.6990   1.9930   2.2890   2.5240   2.7585   3.0635   3.3625   3.5965   3.8380   4.0875   4.3440   4.6050   4.8655   0.0000   0.0000   0.0000   0.0000   0.0000;
293:  0.4160   0.7135   0.9450   1.1775   1.4380   1.6990   1.9930   2.2890   2.5240   2.7585   3.0640   3.3635   3.5975   3.8385   4.0875   4.3435   4.6045   4.8645   0.0000   0.0000   0.0000   0.0000   0.0000;
294:  0.4160   0.7135   0.9450   1.1780   1.4385   1.6995   1.9940   2.2895   2.5240   2.7585   3.0645   3.3640   3.5985   3.8395   4.0880   4.3440   4.6045   4.8635   0.0000   0.0000   0.0000   0.0000   0.0000;
295:  0.4155   0.7135   0.9450   1.1780   1.4385   1.6995   1.9940   2.2895   2.5245   2.7590   3.0650   3.3650   3.5995   3.8400   4.0880   4.3440   4.6045   4.8625   0.0000   0.0000   0.0000   0.0000   0.0000;
296:  0.4160   0.7140   0.9450   1.1780   1.4385   1.6995   1.9945   2.2900   2.5245   2.7590   3.0655   3.3660   3.6010   3.8415   4.0890   4.3450   4.6050   4.8615   0.0000   0.0000   0.0000   0.0000   0.0000;
297:  0.4155   0.7145   0.9460   1.1785   1.4385   1.7000   1.9950   2.2905   2.5250   2.7590   3.0660   3.3670   3.6020   3.8420   4.0895   4.3455   4.6050   4.8610   0.0000   0.0000   0.0000   0.0000   0.0000;
298:  0.4155   0.7145   0.9460   1.1785   1.4385   1.7000   1.9955   2.2910   2.5250   2.7590   3.0660   3.3675   3.6035   3.8435   4.0905   4.3460   4.6050   4.8605   0.0000   0.0000   0.0000   0.0000   0.0000;
299:  0.4150   0.7145   0.9460   1.1790   1.4390   1.7000   1.9955   2.2910   2.5255   2.7595   3.0665   3.3685   3.6045   3.8445   4.0915   4.3470   4.6060   4.8605   0.0000   0.0000   0.0000   0.0000   0.0000;
300:  0.4150   0.7145   0.9460   1.1790   1.4390   1.7000   1.9960   2.2915   2.5255   2.7595   3.0670   3.3695   3.6060   3.8460   4.0930   4.3485   4.6065   4.8600   0.0000   0.0000   0.0000   0.0000   0.0000;
301:  0.4150   0.7150   0.9465   1.1790   1.4395   1.7010   1.9970   2.2925   2.5265   2.7605   3.0675   3.3700   3.6070   3.8470   4.0940   4.3495   4.6075   4.8605   0.0000   0.0000   0.0000   0.0000   0.0000;
302:  0.4145   0.7150   0.9465   1.1790   1.4395   1.7010   1.9970   2.2925   2.5265   2.7605   3.0680   3.3715   3.6090   3.8485   4.0955   4.3505   4.6080   4.8610   0.0000   0.0000   0.0000   0.0000   0.0000;
303:  0.4145   0.7150   0.9465   1.1795   1.4400   1.7010   1.9975   2.2935   2.5275   2.7615   3.0685   3.3720   3.6105   3.8500   4.0970   4.3520   4.6085   4.8610   0.0000   0.0000   0.0000   0.0000   0.0000;
304:  0.4140   0.7150   0.9465   1.1795   1.4400   1.7015   1.9985   2.2940   2.5275   2.7615   3.0690   3.3730   3.6115   3.8510   4.0985   4.3535   4.6095   4.8620   0.0000   0.0000   0.0000   0.0000   0.0000;
305:  0.4140   0.7155   0.9475   1.1800   1.4400   1.7015   1.9985   2.2940   2.5280   2.7625   3.0695   3.3735   3.6125   3.8525   4.1005   4.3555   4.6110   4.8630   0.0000   0.0000   0.0000   0.0000   0.0000;
306:  0.4140   0.7160   0.9475   1.1805   1.4410   1.7020   1.9990   2.2950   2.5290   2.7635   3.0705   3.3745   3.6140   3.8540   4.1020   4.3570   4.6120   4.8640   0.0000   0.0000   0.0000   0.0000   0.0000;
307:  0.4140   0.7160   0.9475   1.1805   1.4410   1.7025   2.0000   2.2955   2.5295   2.7640   3.0705   3.3750   3.6150   3.8555   4.1040   4.3585   4.6130   4.8655   0.0000   0.0000   0.0000   0.0000   0.0000;
308:  0.4135   0.7165   0.9480   1.1805   1.4410   1.7025   2.0000   2.2960   2.5305   2.7650   3.0710   3.3755   3.6165   3.8570   4.1055   4.3600   4.6145   4.8675   0.0000   0.0000   0.0000   0.0000   0.0000;
309:  0.4135   0.7165   0.9485   1.1815   1.4420   1.7035   2.0010   2.2970   2.5315   2.7660   3.0715   3.3760   3.6175   3.8585   4.1070   4.3615   4.6160   4.8690   0.0000   0.0000   0.0000   0.0000   0.0000;
310:  0.4135   0.7170   0.9490   1.1815   1.4425   1.7040   2.0010   2.2970   2.5315   2.7670   3.0730   3.3770   3.6185   3.8600   4.1090   4.3630   4.6170   4.8710   0.0000   0.0000   0.0000   0.0000   0.0000;
311:  0.4135   0.7170   0.9490   1.1820   1.4430   1.7045   2.0020   2.2980   2.5325   2.7680   3.0735   3.3780   3.6200   3.8615   4.1110   4.3645   4.6180   4.8725   0.0000   0.0000   0.0000   0.0000   0.0000;
312:  0.4135   0.7175   0.9490   1.1820   1.4435   1.7050   2.0025   2.2990   2.5335   2.7690   3.0740   3.3785   3.6215   3.8630   4.1125   4.3665   4.6195   4.8745   0.0000   0.0000   0.0000   0.0000   0.0000;
313:  0.4135   0.7180   0.9500   1.1830   1.4440   1.7055   2.0030   2.2995   2.5350   2.7705   3.0750   3.3795   3.6225   3.8645   4.1145   4.3680   4.6205   4.8765   0.0000   0.0000   0.0000   0.0000   0.0000;
314:  0.4135   0.7180   0.9500   1.1830   1.4445   1.7065   2.0040   2.3005   2.5360   2.7715   3.0755   3.3800   3.6235   3.8660   4.1165   4.3700   4.6220   4.8785   0.0000   0.0000   0.0000   0.0000   0.0000;
315:  0.4135   0.7190   0.9510   1.1840   1.4455   1.7070   2.0045   2.3015   2.5370   2.7730   3.0770   3.3810   3.6245   3.8675   4.1180   4.3710   4.6230   4.8810   0.0000   0.0000   0.0000   0.0000   0.0000;
316:  0.4135   0.7190   0.9510   1.1840   1.4455   1.7075   2.0050   2.3020   2.5380   2.7740   3.0775   3.3820   3.6260   3.8690   4.1200   4.3730   4.6250   4.8835   0.0000   0.0000   0.0000   0.0000   0.0000;
317:  0.4135   0.7190   0.9515   1.1850   1.4465   1.7085   2.0060   2.3025   2.5385   2.7755   3.0790   3.3830   3.6270   3.8700   4.1210   4.3740   4.6260   4.8855   0.0000   0.0000   0.0000   0.0000   0.0000;
318:  0.4140   0.7200   0.9520   1.1850   1.4470   1.7095   2.0070   2.3035   2.5395   2.7765   3.0795   3.3835   3.6285   3.8720   4.1230   4.3760   4.6275   4.8880   0.0000   0.0000   0.0000   0.0000   0.0000;
319:  0.4140   0.7200   0.9525   1.1860   1.4480   1.7105   2.0075   2.3045   2.5410   2.7775   3.0805   3.3845   3.6295   3.8735   4.1245   4.3770   4.6285   4.8900   5.2435   0.0000   0.0000   0.0000   0.0000;
320:  0.4140   0.7205   0.9530   1.1865   1.4490   1.7115   2.0085   2.3050   2.5415   2.7790   3.0820   3.3855   3.6305   3.8750   4.1260   4.3785   4.6300   4.8925   5.2350   0.0000   0.0000   0.0000   0.0000;
321:  0.4145   0.7210   0.9535   1.1870   1.4495   1.7125   2.0095   2.3065   2.5435   2.7810   3.0835   3.3870   3.6320   3.8760   4.1270   4.3800   4.6315   4.8945   5.2280   0.0000   0.0000   0.0000   0.0000;
322:  0.4145   0.7210   0.9535   1.1875   1.4505   1.7130   2.0095   2.3070   2.5445   2.7820   3.0845   3.3880   3.6330   3.8775   4.1285   4.3810   4.6325   4.8970   5.2245   5.6265   0.0000   0.0000   0.0000;
323:  0.4150   0.7215   0.9540   1.1885   1.4515   1.7140   2.0105   2.3080   2.5455   2.7835   3.0860   3.3890   3.6345   3.8795   4.1305   4.3830   4.6340   4.8990   5.2225   5.6220   0.0000   0.0000   0.0000;
324:  0.4150   0.7220   0.9550   1.1890   1.4520   1.7150   2.0115   2.3090   2.5465   2.7845   3.0870   3.3900   3.6355   3.8805   4.1310   4.3835   4.6355   4.9015   5.2235   5.6215   0.0000   0.0000   0.0000;
325:  0.4155   0.7225   0.9550   1.1895   1.4535   1.7165   2.0125   2.3100   2.5475   2.7860   3.0890   3.3920   3.6370   3.8820   4.1330   4.3855   4.6370   4.9035   5.2270   5.6250   0.0000   0.0000   0.0000;
326:  0.4155   0.7225   0.9555   1.1905   1.4545   1.7180   2.0135   2.3105   2.5490   2.7875   3.0900   3.3930   3.6385   3.8835   4.1335   4.3865   4.6385   4.9055   5.2325   5.6320   6.1545   0.0000   0.0000;
327:  0.4160   0.7230   0.9560   1.1910   1.4550   1.7185   2.0140   2.3115   2.5500   2.7890   3.0920   3.3945   3.6395   3.8850   4.1350   4.3880   4.6400   4.9075   5.2395   5.6420   6.1495   0.0000   0.0000;
328:  0.4160   0.7235   0.9565   1.1915   1.4560   1.7200   2.0155   2.3125   2.5510   2.7900   3.0935   3.3965   3.6415   3.8870   4.1365   4.3895   4.6420   4.9100   5.2480   5.6540   6.1435   0.0000   0.0000;
329:  0.4165   0.7240   0.9570   1.1925   1.4570   1.7210   2.0165   2.3140   2.5525   2.7915   3.0950   3.3975   3.6425   3.8880   4.1375   4.3910   4.6440   4.9125   5.2565   5.6680   6.1385   0.0000   0.0000;
330:  0.4165   0.7240   0.9575   1.1930   1.4575   1.7220   2.0175   2.3150   2.5535   2.7925   3.0965   3.3990   3.6440   3.8900   4.1390   4.3925   4.6455   4.9140   5.2650   5.6830   6.1340   0.0000   0.0000;
331:  0.4170   0.7245   0.9575   1.1935   1.4585   1.7230   2.0190   2.3165   2.5545   2.7935   3.0980   3.4010   3.6455   3.8910   4.1400   4.3940   4.6475   4.9165   5.2735   5.6985   6.1310   0.0000   0.0000;
332:  0.4170   0.7245   0.9580   1.1945   1.4595   1.7235   2.0195   2.3175   2.5560   2.7955   3.1000   3.4025   3.6470   3.8930   4.1415   4.3955   4.6495   4.9185   5.2800   5.7125   6.1285   0.0000   0.0000;
333:  0.4170   0.7245   0.9585   1.1950   1.4600   1.7245   2.0205   2.3185   2.5570   2.7965   3.1015   3.4040   3.6485   3.8945   4.1425   4.3970   4.6515   4.9205   5.2855   5.7260   6.1285   0.0000   0.0000;
334:  0.4175   0.7250   0.9585   1.1955   1.4610   1.7255   2.0215   2.3195   2.5580   2.7980   3.1040   3.4065   3.6505   3.8965   4.1445   4.3990   4.6535   4.9230   5.2900   5.7380   6.1305   0.0000   0.0000;
335:  0.4175   0.7250   0.9590   1.1960   1.4615   1.7265   2.0230   2.3210   2.5590   2.7990   3.1055   3.4080   3.6520   3.8985   4.1460   4.4010   4.6560   4.9250   5.2925   5.7480   6.1340   0.0000   0.0000;
336:  0.4180   0.7255   0.9595   1.1970   1.4625   1.7275   2.0240   2.3220   2.5600   2.8000   3.1070   3.4100   3.6535   3.9000   4.1475   4.4025   4.6585   4.9275   5.2935   5.7560   6.1390   0.0000   0.0000;
337:  0.4180   0.7255   0.9595   1.1975   1.4635   1.7285   2.0250   2.3235   2.5615   2.8015   3.1090   3.4115   3.6550   3.9015   4.1490   4.4045   4.6605   4.9295   5.2930   5.7615   6.1455   0.0000   0.0000;
338:  0.4175   0.7260   0.9605   1.1980   1.4640   1.7295   2.0265   2.3250   2.5625   2.8025   3.1110   3.4140   3.6570   3.9035   4.1510   4.4070   4.6635   4.9320   5.2915   5.7650   6.1525   0.0000   0.0000;
339:  0.4175   0.7260   0.9610   1.1990   1.4650   1.7300   2.0270   2.3260   2.5635   2.8035   3.1125   3.4155   3.6585   3.9055   4.1525   4.4090   4.6665   4.9345   5.2890   5.7665   6.1600   0.0000   0.0000;
340:  0.4180   0.7265   0.9610   1.1990   1.4655   1.7310   2.0285   2.3275   2.5650   2.8055   3.1145   3.4175   3.6605   3.9075   4.1545   4.4110   4.6690   4.9370   5.2865   5.7665   6.1680   0.0000   0.0000;
341:  0.4180   0.7265   0.9615   1.2000   1.4665   1.7320   2.0300   2.3290   2.5660   2.8065   3.1165   3.4200   3.6625   3.9095   4.1565   4.4135   4.6715   4.9390   5.2845   5.7660   6.1755   0.0000   0.0000;
342:  0.4180   0.7265   0.9615   1.2000   1.4665   1.7320   2.0305   2.3300   2.5670   2.8075   3.1180   3.4215   3.6640   3.9115   4.1590   4.4160   4.6745   4.9420   5.2830   5.7645   6.1830   0.0000   0.0000;
343:  0.4180   0.7265   0.9620   1.2010   1.4675   1.7330   2.0320   2.3315   2.5680   2.8090   3.1200   3.4235   3.6660   3.9135   4.1610   4.4185   4.6775   4.9445   5.2820   5.7620   6.1895   0.0000   0.0000;
344:  0.4180   0.7270   0.9620   1.2010   1.4680   1.7335   2.0325   2.3325   2.5690   2.8100   3.1215   3.4255   3.6675   3.9155   4.1635   4.4210   4.6805   4.9470   5.2825   5.7605   6.1970   0.0000   0.0000;
345:  0.4180   0.7275   0.9630   1.2020   1.4685   1.7340   2.0340   2.3340   2.5700   2.8110   3.1230   3.4275   3.6695   3.9175   4.1660   4.4235   4.6830   4.9495   5.2840   5.7580   6.2030   0.0000   0.0000;
346:  0.4180   0.7275   0.9630   1.2020   1.4690   1.7345   2.0350   2.3355   2.5710   2.8120   3.1245   3.4290   3.6710   3.9195   4.1685   4.4265   4.6865   4.9530   5.2875   5.7570   6.2105   0.0000   0.0000;
347:  0.4180   0.7275   0.9630   1.2020   1.4695   1.7355   2.0360   2.3365   2.5720   2.8135   3.1265   3.4310   3.6730   3.9220   4.1710   4.4285   4.6890   4.9555   5.2910   5.7555   6.2185   0.0000   0.0000;
348:  0.4180   0.7280   0.9640   1.2030   1.4700   1.7355   2.0370   2.3380   2.5730   2.8145   3.1280   3.4330   3.6750   3.9240   4.1735   4.4315   4.6920   4.9580   5.2960   5.7550   6.2270   0.0000   0.0000;
349:  0.4180   0.7280   0.9640   1.2030   1.4705   1.7360   2.0375   2.3395   2.5745   2.8155   3.1290   3.4345   3.6770   3.9265   4.1765   4.4345   4.6950   4.9610   5.3020   5.7545   6.2365   0.0000   0.0000;
350:  0.4175   0.7280   0.9645   1.2035   1.4705   1.7365   2.0385   2.3405   2.5760   2.8175   3.1310   3.4365   3.6785   3.9285   4.1795   4.4370   4.6975   4.9640   5.3085   5.7550   6.2475   0.0000   0.0000;
351:  0.4175   0.7285   0.9650   1.2040   1.4715   1.7370   2.0395   2.3420   2.5770   2.8185   3.1320   3.4380   3.6805   3.9310   4.1825   4.4400   4.7010   4.9670   5.3140   5.7550   6.2595   0.0000   0.0000;
352:  0.4175   0.7285   0.9650   1.2040   1.4720   1.7380   2.0405   2.3430   2.5780   2.8195   3.1335   3.4400   3.6825   3.9330   4.1850   4.4430   4.7040   4.9700   5.3200   5.7555   6.2720   0.0000   0.0000;
353:  0.4175   0.7290   0.9655   1.2040   1.4720   1.7380   2.0410   2.3440   2.5790   2.8205   3.1345   3.4415   3.6840   3.9350   4.1880   4.4455   4.7065   4.9730   5.3255   5.7555   6.2850   0.0000   0.0000;
354:  0.4175   0.7290   0.9655   1.2045   1.4725   1.7380   2.0415   2.3450   2.5800   2.8215   3.1355   3.4430   3.6860   3.9375   4.1910   4.4485   4.7095   4.9760   5.3300   5.7555   6.2975   0.0000   0.0000;
355:  0.4175   0.7295   0.9665   1.2050   1.4730   1.7390   2.0425   2.3460   2.5810   2.8230   3.1370   3.4445   3.6880   3.9400   4.1940   4.4510   4.7120   4.9790   5.3335   5.7555   6.3095   0.0000   0.0000;
356:  0.4175   0.7295   0.9665   1.2050   1.4735   1.7395   2.0430   2.3470   2.5820   2.8240   3.1380   3.4460   3.6895   3.9415   4.1965   4.4540   4.7150   4.9820   5.3365   5.7555   6.3190   0.0000   0.0000;
357:  0.4175   0.7300   0.9670   1.2055   1.4740   1.7395   2.0435   2.3480   2.5830   2.8250   3.1390   3.4475   3.6915   3.9440   4.1990   4.4560   4.7170   4.9850   5.3390   5.7555   6.3270   0.0000   0.0000;
358:  0.4175   0.7300   0.9670   1.2055   1.4740   1.7400   2.0445   2.3490   2.5840   2.8260   3.1400   3.4490   3.6930   3.9455   4.2015   4.4585   4.7195   4.9880   5.3400   5.7550   6.3320   0.0000   0.0000;
359:  0.4180   0.7310   0.9675   1.2055   1.4745   1.7405   2.0445   2.3495   2.5850   2.8270   3.1410   3.4505   3.6950   3.9480   4.2045   4.4615   4.7225   4.9910   5.3410   5.7555   6.3345   0.0000   0.0000;
#AFTER_DB_V3;
000:  0.2260   0.6100   0.8530   1.0830   1.3290   1.6210   1.8610   2.2300   2.4710   2.7010   2.9550   3.3280   3.5750   3.8180   4.0820   4.3320   4.5950   4.8540   5.1340   5.5490   5.9610   6.7050   0.0000;
001:  0.2260   0.6100   0.8530   1.0830   1.3290   1.6220   1.8610   2.2300   2.4720   2.7020   2.9560   3.3290   3.5760   3.8200   4.0840   4.3350   4.5970   4.8570   5.1370   5.5470   5.9650   6.6920   0.0000;
002:  0.2260   0.6100   0.8540   1.0840   1.3290   1.6220   1.8620   2.2300   2.4730   2.7020   2.9570   3.3300   3.5780   3.8210   4.0860   4.3370   4.6000   4.8590   5.1400   5.5460   5.9680   6.6730   0.0000;
003:  0.2260   0.6100   0.8540   1.0840   1.3290   1.6230   1.8620   2.2300   2.4730   2.7030   2.9580   3.3300   3.5800   3.8230   4.0890   4.3390   4.6020   4.8620   5.1440   5.5450   5.9710   6.6480   0.0000;
004:  0.2270   0.6100   0.8550   1.0840   1.3300   1.6230   1.8630   2.2300   2.4740   2.7040   2.9590   3.3310   3.5810   3.8240   4.0910   4.3410   4.6040   4.8640   5.1470   5.5470   5.9740   6.6190   0.0000;
005:  0.2270   0.6100   0.8550   1.0840   1.3300   1.6230   1.8640   2.2300   2.4750   2.7050   2.9600   3.3310   3.5830   3.8250   4.0930   4.3430   4.6060   4.8660   5.1510   5.5490   5.9760   6.5880   0.0000;
006:  0.2270   0.6100   0.8560   1.0840   1.3300   1.6240   1.8640   2.2300   2.4750   2.7050   2.9600   3.3320   3.5840   3.8270   4.0950   4.3440   4.6080   4.8680   5.1540   5.5530   5.9760   6.5550   0.0000;
007:  0.2270   0.6100   0.8560   1.0840   1.3300   1.6240   1.8650   2.2300   2.4760   2.7060   2.9610   3.3330   3.5850   3.8280   4.0960   4.3460   4.6100   4.8710   5.1580   5.5580   5.9750   6.5220   0.0000;
008:  0.2270   0.6100   0.8560   1.0830   1.3310   1.6240   1.8650   2.2290   2.4770   2.7070   2.9610   3.3330   3.5870   3.8300   4.0980   4.3470   4.6130   4.8730   5.1610   5.5650   5.9730   6.4910   0.0000;
009:  0.2280   0.6100   0.8570   1.0830   1.3310   1.6250   1.8660   2.2290   2.4770   2.7070   2.9620   3.3340   3.5880   3.8310   4.0990   4.3490   4.6150   4.8750   5.1640   5.5710   5.9680   6.4630   0.0000;
010:  0.2280   0.6100   0.8570   1.0830   1.3310   1.6250   1.8670   2.2280   2.4780   2.7080   2.9620   3.3350   3.5890   3.8320   4.1000   4.3500   4.6170   4.8780   5.1670   5.5790   5.9630   6.4370   0.0000;
011:  0.2290   0.6100   0.8570   1.0830   1.3310   1.6250   1.8670   2.2280   2.4780   2.7090   2.9630   3.3350   3.5900   3.8340   4.1020   4.3510   4.6190   4.8800   5.1710   5.5850   5.9550   6.4150   0.0000;
012:  0.2290   0.6110   0.8570   1.0830   1.3310   1.6250   1.8680   2.2270   2.4780   2.7090   2.9630   3.3360   3.5910   3.8350   4.1020   4.3530   4.6210   4.8830   5.1740   5.5910   5.9470   6.3950   0.0000;
013:  0.2290   0.6110   0.8580   1.0830   1.3310   1.6250   1.8690   2.2270   2.4790   2.7100   2.9630   3.3360   3.5910   3.8360   4.1030   4.3540   4.6230   4.8850   5.1770   5.5960   5.9380   6.3790   0.0000;
014:  0.2290   0.6110   0.8580   1.0830   1.3310   1.6250   1.8690   2.2260   2.4790   2.7100   2.9640   3.3370   3.5920   3.8380   4.1040   4.3550   4.6250   4.8880   5.1800   5.5980   5.9290   6.3660   0.0000;
015:  0.2300   0.6110   0.8580   1.0830   1.3310   1.6250   1.8700   2.2250   2.4790   2.7100   2.9640   3.3380   3.5930   3.8390   4.1050   4.3560   4.6270   4.8910   5.1830   5.6000   5.9200   6.3560   0.0000;
016:  0.2300   0.6100   0.8580   1.0820   1.3310   1.6250   1.8710   2.2250   2.4790   2.7110   2.9640   3.3380   3.5930   3.8400   4.1050   4.3570   4.6290   4.8940   5.1860   5.5990   5.9120   6.3490   0.0000;
017:  0.2310   0.6100   0.8580   1.0820   1.3310   1.6250   1.8710   2.2240   2.4790   2.7110   2.9640   3.3390   3.5940   3.8410   4.1060   4.3580   4.6320   4.8980   5.1890   5.5980   5.9050   6.3440   0.0000;
018:  0.2310   0.6100   0.8570   1.0820   1.3310   1.6250   1.8720   2.2230   2.4790   2.7110   2.9640   3.3400   3.5940   3.8420   4.1060   4.3590   4.6340   4.9010   5.1910   5.5950   5.8980   6.3410   0.0000;
019:  0.2310   0.6100   0.8570   1.0820   1.3310   1.6250   1.8720   2.2230   2.4790   2.7120   2.9640   3.3410   3.5940   3.8430   4.1060   4.3600   4.6360   4.9040   5.1940   5.5920   5.8940   6.3410   0.0000;
020:  0.2310   0.6100   0.8570   1.0820   1.3310   1.6250   1.8730   2.2220   2.4790   2.7120   2.9640   3.3410   3.5940   3.8440   4.1070   4.3620   4.6380   4.9080   5.1960   5.5890   5.8910   6.3440   0.0000;
021:  0.2310   0.6100   0.8570   1.0820   1.3310   1.6240   1.8730   2.2210   2.4780   2.7120   2.9630   3.3420   3.5940   3.8450   4.1070   4.3630   4.6410   4.9120   5.1990   5.5870   5.8890   6.3490   0.0000;
022:  0.2310   0.6100   0.8560   1.0810   1.3300   1.6240   1.8730   2.2210   2.4780   2.7120   2.9630   3.3420   3.5940   3.8460   4.1070   4.3650   4.6430   4.9160   5.2020   5.5870   5.8880   6.3580   0.0000;
023:  0.2320   0.6090   0.8560   1.0810   1.3300   1.6240   1.8730   2.2200   2.4780   2.7120   2.9630   3.3430   3.5940   3.8470   4.1070   4.3660   4.6450   4.9200   5.2040   5.5880   5.8890   6.3700   0.0000;
024:  0.2320   0.6090   0.8560   1.0810   1.3300   1.6230   1.8730   2.2200   2.4770   2.7120   2.9630   3.3440   3.5940   3.8480   4.1080   4.3680   4.6480   4.9240   5.2060   5.5920   5.8900   6.3840   0.0000;
025:  0.2320   0.6090   0.8550   1.0800   1.3290   1.6220   1.8730   2.2190   2.4770   2.7120   2.9630   3.3440   3.5940   3.8490   4.1080   4.3700   4.6500   4.9280   5.2090   5.5980   5.8920   6.4000   0.0000;
026:  0.2320   0.6090   0.8550   1.0800   1.3290   1.6220   1.8730   2.2190   2.4760   2.7120   2.9620   3.3440   3.5940   3.8490   4.1080   4.3720   4.6520   4.9320   5.2110   5.6060   5.8930   6.4180   0.0000;
027:  0.2320   0.6090   0.8540   1.0800   1.3290   1.6210   1.8730   2.2180   2.4760   2.7120   2.9620   3.3450   3.5940   3.8500   4.1090   4.3740   4.6550   4.9370   5.2130   5.6160   5.8950   6.4360   0.0000;
028:  0.2320   0.6080   0.8540   1.0800   1.3280   1.6200   1.8730   2.2180   2.4760   2.7120   2.9620   3.3450   3.5940   3.8510   4.1090   4.3760   4.6570   4.9410   5.2150   5.6280   5.8950   6.4530   0.0000;
029:  0.2320   0.6080   0.8530   1.0800   1.3280   1.6200   1.8730   2.2180   2.4750   2.7120   2.9620   3.3450   3.5930   3.8510   4.1100   4.3780   4.6590   4.9450   5.2170   5.6390   5.8940   6.4680   0.0000;
030:  0.2320   0.6080   0.8530   1.0790   1.3280   1.6190   1.8730   2.2180   2.4750   2.7120   2.9620   3.3450   3.5930   3.8510   4.1110   4.3810   4.6620   4.9500   5.2190   5.6500   5.8910   6.4790   0.0000;
031:  0.2310   0.6070   0.8530   1.0790   1.3270   1.6180   1.8720   2.2180   2.4740   2.7120   2.9620   3.3450   3.5930   3.8520   4.1110   4.3830   4.6640   4.9540   5.2210   5.6600   5.8870   6.4870   0.0000;
032:  0.2310   0.6070   0.8520   1.0790   1.3270   1.6170   1.8720   2.2180   2.4740   2.7120   2.9620   3.3450   3.5930   3.8530   4.1120   4.3860   4.6660   4.9580   5.2230   5.6670   5.8830   6.4890   0.0000;
033:  0.2310   0.6070   0.8520   1.0780   1.3260   1.6160   1.8710   2.2180   2.4730   2.7120   2.9610   3.3450   3.5930   3.8530   4.1130   4.3890   4.6680   4.9620   5.2250   5.6710   0.0000   0.0000   0.0000;
034:  0.2310   0.6070   0.8510   1.0780   1.3260   1.6160   1.8700   2.2180   2.4730   2.7120   2.9610   3.3450   3.5930   3.8530   4.1150   4.3920   4.6710   4.9660   5.2270   5.6700   0.0000   0.0000   0.0000;
035:  0.2310   0.6060   0.8510   1.0780   1.3260   1.6150   1.8700   2.2180   2.4720   2.7120   2.9610   3.3450   3.5930   3.8540   4.1160   4.3950   4.6730   4.9700   5.2280   5.6650   0.0000   0.0000   0.0000;
036:  0.2310   0.6060   0.8510   1.0780   1.3250   1.6140   1.8690   2.2180   2.4720   2.7110   2.9610   3.3450   3.5930   3.8540   4.1180   4.3980   4.6750   4.9740   5.2300   5.6540   0.0000   0.0000   0.0000;
037:  0.2300   0.6060   0.8500   1.0770   1.3250   1.6130   1.8680   2.2180   2.4720   2.7110   2.9610   3.3440   3.5930   3.8550   4.1190   4.4010   4.6770   4.9770   5.2310   5.6390   0.0000   0.0000   0.0000;
038:  0.2300   0.6050   0.8500   1.0770   1.3240   1.6120   1.8670   2.2180   2.4710   2.7110   2.9610   3.3440   3.5930   3.8550   4.1210   4.4040   4.6790   4.9810   5.2330   0.0000   0.0000   0.0000   0.0000;
039:  0.2300   0.6050   0.8490   1.0770   1.3240   1.6110   1.8670   2.2180   2.4710   2.7110   2.9610   3.3440   3.5940   3.8560   4.1230   4.4070   4.6810   4.9840   5.2340   0.0000   0.0000   0.0000   0.0000;
040:  0.2300   0.6050   0.8490   1.0770   1.3240   1.6100   1.8660   2.2180   2.4710   2.7110   2.9620   3.3430   3.5940   3.8570   4.1250   4.4100   4.6830   4.9860   5.2350   0.0000   0.0000   0.0000   0.0000;
041:  0.2300   0.6050   0.8490   1.0760   1.3230   1.6090   1.8650   2.2180   2.4700   2.7100   2.9620   3.3430   3.5940   3.8580   4.1270   4.4130   4.6850   4.9890   5.2360   0.0000   0.0000   0.0000   0.0000;
042:  0.2300   0.6040   0.8490   1.0760   1.3230   1.6090   1.8640   2.2180   2.4700   2.7100   2.9620   3.3420   3.5950   3.8580   4.1290   4.4160   4.6870   4.9910   5.2370   0.0000   0.0000   0.0000   0.0000;
043:  0.2290   0.6040   0.8480   1.0760   1.3230   1.6080   1.8630   2.2180   2.4700   2.7100   2.9620   3.3420   3.5950   3.8600   4.1310   4.4190   4.6890   4.9930   5.2380   0.0000   0.0000   0.0000   0.0000;
044:  0.2290   0.6040   0.8480   1.0760   1.3220   1.6070   1.8620   2.2180   2.4700   2.7090   2.9620   3.3420   3.5960   3.8610   4.1340   4.4220   4.6900   4.9950   5.2390   0.0000   0.0000   0.0000   0.0000;
045:  0.2290   0.6040   0.8480   1.0760   1.3220   1.6060   1.8610   2.2180   2.4700   2.7090   2.9620   3.3410   3.5970   3.8620   4.1360   4.4240   4.6920   4.9960   0.0000   0.0000   0.0000   0.0000   0.0000;
046:  0.2290   0.6040   0.8480   1.0750   1.3220   1.6050   1.8600   2.2180   2.4700   2.7090   2.9620   3.3410   3.5980   3.8640   4.1380   4.4270   4.6940   4.9980   0.0000   0.0000   0.0000   0.0000   0.0000;
047:  0.2290   0.6040   0.8480   1.0750   1.3220   1.6050   1.8600   2.2180   2.4700   2.7080   2.9630   3.3410   3.5980   3.8650   4.1410   4.4290   4.6950   4.9990   0.0000   0.0000   0.0000   0.0000   0.0000;
048:  0.2300   0.6040   0.8470   1.0750   1.3220   1.6040   1.8590   2.2180   2.4690   2.7080   2.9630   3.3410   3.5990   3.8670   4.1440   4.4320   4.6970   4.9990   0.0000   0.0000   0.0000   0.0000   0.0000;
049:  0.2300   0.6040   0.8470   1.0750   1.3210   1.6040   1.8580   2.2180   2.4690   2.7070   2.9630   3.3410   3.6000   3.8690   4.1460   4.4340   4.6980   5.0000   0.0000   0.0000   0.0000   0.0000   0.0000;
050:  0.2300   0.6040   0.8470   1.0750   1.3210   1.6030   1.8580   2.2180   2.4690   2.7070   2.9630   3.3410   3.6020   3.8710   4.1490   4.4360   4.7000   5.0000   0.0000   0.0000   0.0000   0.0000   0.0000;
051:  0.2300   0.6040   0.8470   1.0750   1.3210   1.6030   1.8570   2.2170   2.4690   2.7070   2.9640   3.3410   3.6030   3.8730   4.1510   4.4380   4.7010   5.0000   0.0000   0.0000   0.0000   0.0000   0.0000;
052:  0.2300   0.6030   0.8470   1.0740   1.3210   1.6020   1.8560   2.2170   2.4690   2.7060   2.9640   3.3420   3.6040   3.8750   4.1540   4.4400   4.7030   0.0000   0.0000   0.0000   0.0000   0.0000   0.0000;
053:  0.2310   0.6030   0.8470   1.0740   1.3210   1.6020   1.8560   2.2170   2.4690   2.7060   2.9640   3.3420   3.6050   3.8780   4.1560   4.4410   4.7040   0.0000   0.0000   0.0000   0.0000   0.0000   0.0000;
054:  0.2310   0.6030   0.8460   1.0740   1.3210   1.6020   1.8550   2.2160   2.4690   2.7050   2.9640   3.3420   3.6070   3.8800   4.1580   4.4420   4.7050   0.0000   0.0000   0.0000   0.0000   0.0000   0.0000;
055:  0.2310   0.6030   0.8460   1.0740   1.3210   1.6010   1.8550   2.2160   2.4690   2.7050   2.9640   3.3430   3.6080   3.8830   4.1610   4.4440   4.7070   0.0000   0.0000   0.0000   0.0000   0.0000   0.0000;
056:  0.2310   0.6030   0.8460   1.0730   1.3210   1.6010   1.8550   2.2160   2.4690   2.7050   2.9640   3.3440   3.6100   3.8860   4.1630   4.4450   4.7080   0.0000   0.0000   0.0000   0.0000   0.0000   0.0000;
057:  0.2320   0.6030   0.8460   1.0730   1.3200   1.6010   1.8540   2.2150   2.4690   2.7040   2.9640   3.3450   3.6110   3.8890   4.1650   4.4460   4.7090   0.0000   0.0000   0.0000   0.0000   0.0000   0.0000;
058:  0.2320   0.6030   0.8450   1.0730   1.3200   1.6000   1.8540   2.2150   2.4690   2.7040   2.9640   3.3460   3.6130   3.8920   4.1670   4.4470   4.7110   0.0000   0.0000   0.0000   0.0000   0.0000   0.0000;
059:  0.2330   0.6030   0.8450   1.0730   1.3200   1.6000   1.8540   2.2140   2.4690   2.7040   2.9650   3.3480   3.6140   3.8950   4.1690   4.4470   0.0000   0.0000   0.0000   0.0000   0.0000   0.0000   0.0000;
060:  0.2330   0.6020   0.8450   1.0720   1.3200   1.6000   1.8530   2.2140   2.4690   2.7040   2.9650   3.3490   3.6160   3.8980   4.1710   4.4480   0.0000   0.0000   0.0000   0.0000   0.0000   0.0000   0.0000;
061:  0.2330   0.6020   0.8440   1.0720   1.3200   1.6000   1.8530   2.2130   2.4690   2.7030   2.9650   3.3510   3.6180   3.9020   4.1720   4.4490   0.0000   0.0000   0.0000   0.0000   0.0000   0.0000   0.0000;
062:  0.2340   0.6020   0.8440   1.0710   1.3200   1.6000   1.8530   2.2130   2.4690   2.7030   2.9650   3.3520   3.6200   3.9050   4.1740   4.4490   0.0000   0.0000   0.0000   0.0000   0.0000   0.0000   0.0000;
063:  0.2340   0.6020   0.8440   1.0710   1.3200   1.6000   1.8530   2.2120   2.4690   2.7030   2.9650   3.3540   3.6210   3.9080   4.1750   4.4500   0.0000   0.0000   0.0000   0.0000   0.0000   0.0000   0.0000;
064:  0.2350   0.6020   0.8430   1.0710   1.3200   1.5990   1.8530   2.2110   2.4690   2.7020   2.9650   3.3560   3.6230   3.9120   4.1760   4.4500   0.0000   0.0000   0.0000   0.0000   0.0000   0.0000   0.0000;
065:  0.2350   0.6010   0.8430   1.0700   1.3200   1.5990   1.8530   2.2110   2.4680   2.7020   2.9650   3.3580   3.6250   3.9150   4.1780   4.4510   0.0000   0.0000   0.0000   0.0000   0.0000   0.0000   0.0000;
066:  0.2360   0.6010   0.8420   1.0700   1.3200   1.5990   1.8530   2.2100   2.4680   2.7020   2.9650   3.3600   3.6270   3.9180   4.1790   0.0000   0.0000   0.0000   0.0000   0.0000   0.0000   0.0000   0.0000;
067:  0.2360   0.6010   0.8420   1.0690   1.3190   1.5990   1.8530   2.2100   2.4680   2.7020   2.9650   3.3620   3.6290   3.9210   4.1800   0.0000   0.0000   0.0000   0.0000   0.0000   0.0000   0.0000   0.0000;
068:  0.2360   0.6000   0.8410   1.0690   1.3190   1.5990   1.8530   2.2090   2.4680   2.7020   2.9650   3.3640   3.6310   3.9240   4.1800   0.0000   0.0000   0.0000   0.0000   0.0000   0.0000   0.0000   0.0000;
069:  0.2370   0.6000   0.8410   1.0690   1.3190   1.5990   1.8530   2.2090   2.4670   2.7020   2.9660   3.3650   3.6320   3.9270   4.1810   0.0000   0.0000   0.0000   0.0000   0.0000   0.0000   0.0000   0.0000;
070:  0.2370   0.5990   0.8400   1.0680   1.3190   1.5990   1.8530   2.2080   2.4670   2.7020   2.9660   3.3670   3.6340   3.9300   4.1820   0.0000   0.0000   0.0000   0.0000   0.0000   0.0000   0.0000   0.0000;
071:  0.2380   0.5990   0.8400   1.0680   1.3180   1.5990   1.8530   2.2080   2.4670   2.7020   2.9660   3.3690   3.6360   3.9320   4.1830   0.0000   0.0000   0.0000   0.0000   0.0000   0.0000   0.0000   0.0000;
072:  0.2380   0.5980   0.8390   1.0670   1.3180   1.5980   1.8520   2.2080   2.4660   2.7020   2.9670   3.3710   3.6380   3.9350   4.1830   0.0000   0.0000   0.0000   0.0000   0.0000   0.0000   0.0000   0.0000;
073:  0.2380   0.5980   0.8390   1.0670   1.3180   1.5980   1.8520   2.2070   2.4660   2.7020   2.9670   3.3730   3.6400   3.9370   4.1840   0.0000   0.0000   0.0000   0.0000   0.0000   0.0000   0.0000   0.0000;
074:  0.2380   0.5970   0.8380   1.0660   1.3180   1.5980   1.8520   2.2070   2.4660   2.7020   2.9670   3.3750   3.6420   3.9390   4.1840   0.0000   0.0000   0.0000   0.0000   0.0000   0.0000   0.0000   0.0000;
075:  0.2390   0.5970   0.8380   1.0660   1.3170   1.5980   1.8520   2.2070   2.4650   2.7020   2.9670   3.3770   3.6440   3.9410   4.1850   0.0000   0.0000   0.0000   0.0000   0.0000   0.0000   0.0000   0.0000;
076:  0.2390   0.5960   0.8380   1.0650   1.3170   1.5980   1.8520   2.2070   2.4650   2.7030   2.9680   3.3780   3.6450   3.9430   4.1850   0.0000   0.0000   0.0000   0.0000   0.0000   0.0000   0.0000   0.0000;
077:  0.2390   0.5960   0.8370   1.0650   1.3160   1.5980   1.8520   2.2060   2.4650   2.7030   2.9690   3.3800   3.6470   3.9440   4.1850   0.0000   0.0000   0.0000   0.0000   0.0000   0.0000   0.0000   0.0000;
078:  0.2390   0.5950   0.8370   1.0650   1.3160   1.5980   1.8510   2.2060   2.4640   2.7030   2.9690   3.3820   3.6490   3.9460   4.1860   0.0000   0.0000   0.0000   0.0000   0.0000   0.0000   0.0000   0.0000;
079:  0.2400   0.5950   0.8360   1.0640   1.3160   1.5980   1.8510   2.2060   2.4640   2.7040   2.9700   3.3830   3.6510   3.9470   4.1860   0.0000   0.0000   0.0000   0.0000   0.0000   0.0000   0.0000   0.0000;
080:  0.2400   0.5940   0.8360   1.0640   1.3160   1.5980   1.8510   2.2060   2.4640   2.7040   2.9700   3.3840   3.6530   3.9480   4.1870   0.0000   0.0000   0.0000   0.0000   0.0000   0.0000   0.0000   0.0000;
081:  0.2400   0.5940   0.8360   1.0630   1.3150   1.5980   1.8510   2.2060   2.4640   2.7040   2.9710   3.3850   3.6540   3.9490   4.1870   0.0000   0.0000   0.0000   0.0000   0.0000   0.0000   0.0000   0.0000;
082:  0.2400   0.5930   0.8360   1.0630   1.3150   1.5970   1.8510   2.2060   2.4640   2.7050   2.9720   3.3860   3.6560   3.9490   0.0000   0.0000   0.0000   0.0000   0.0000   0.0000   0.0000   0.0000   0.0000;
083:  0.2400   0.5930   0.8350   1.0630   1.3150   1.5970   1.8500   2.2060   2.4640   2.7050   2.9720   3.3870   3.6580   3.9500   0.0000   0.0000   0.0000   0.0000   0.0000   0.0000   0.0000   0.0000   0.0000;
084:  0.2400   0.5930   0.8350   1.0620   1.3140   1.5970   1.8500   2.2060   2.4640   2.7050   2.9730   3.3880   3.6590   3.9510   0.0000   0.0000   0.0000   0.0000   0.0000   0.0000   0.0000   0.0000   0.0000;
085:  0.2400   0.5920   0.8350   1.0620   1.3140   1.5970   1.8500   2.2060   2.4640   2.7060   2.9740   3.3880   3.6610   3.9510   0.0000   0.0000   0.0000   0.0000   0.0000   0.0000   0.0000   0.0000   0.0000;
086:  0.2410   0.5920   0.8350   1.0620   1.3130   1.5970   1.8490   2.2070   2.4640   2.7060   2.9750   3.3890   3.6620   3.9520   0.0000   0.0000   0.0000   0.0000   0.0000   0.0000   0.0000   0.0000   0.0000;
087:  0.2410   0.5920   0.8350   1.0620   1.3130   1.5970   1.8490   2.2070   2.4640   2.7070   2.9760   3.3890   3.6640   3.9520   0.0000   0.0000   0.0000   0.0000   0.0000   0.0000   0.0000   0.0000   0.0000;
088:  0.2410   0.5920   0.8350   1.0620   1.3130   1.5970   1.8490   2.2070   2.4640   2.7070   2.9760   3.3900   3.6650   3.9520   0.0000   0.0000   0.0000   0.0000   0.0000   0.0000   0.0000   0.0000   0.0000;
089:  0.2410   0.5910   0.8350   1.0620   1.3130   1.5970   1.8490   2.2070   2.4650   2.7070   2.9770   3.3900   3.6670   3.9530   0.0000   0.0000   0.0000   0.0000   0.0000   0.0000   0.0000   0.0000   0.0000;
090:  0.2410   0.5910   0.8350   1.0620   1.3130   1.5970   1.8490   2.2070   2.4650   2.7080   2.9780   3.3900   3.6680   3.9530   0.0000   0.0000   0.0000   0.0000   0.0000   0.0000   0.0000   0.0000   0.0000;
091:  0.2420   0.5910   0.8350   1.0620   1.3120   1.5970   1.8490   2.2080   2.4650   2.7080   2.9790   3.3900   3.6690   3.9540   0.0000   0.0000   0.0000   0.0000   0.0000   0.0000   0.0000   0.0000   0.0000;
092:  0.2420   0.5910   0.8350   1.0620   1.3120   1.5970   1.8480   2.2080   2.4660   2.7090   2.9800   3.3910   3.6710   3.9540   0.0000   0.0000   0.0000   0.0000   0.0000   0.0000   0.0000   0.0000   0.0000;
093:  0.2420   0.5910   0.8350   1.0620   1.3120   1.5970   1.8480   2.2080   2.4660   2.7090   2.9810   3.3910   3.6720   3.9550   0.0000   0.0000   0.0000   0.0000   0.0000   0.0000   0.0000   0.0000   0.0000;
094:  0.2420   0.5910   0.8350   1.0620   1.3120   1.5970   1.8480   2.2090   2.4670   2.7100   2.9820   3.3910   3.6730   3.9560   0.0000   0.0000   0.0000   0.0000   0.0000   0.0000   0.0000   0.0000   0.0000;
095:  0.2430   0.5910   0.8350   1.0620   1.3120   1.5970   1.8480   2.2090   2.4670   2.7100   2.9830   3.3910   3.6740   3.9570   0.0000   0.0000   0.0000   0.0000   0.0000   0.0000   0.0000   0.0000   0.0000;
096:  0.2430   0.5910   0.8350   1.0620   1.3120   1.5970   1.8480   2.2090   2.4680   2.7110   2.9840   3.3910   3.6750   3.9580   0.0000   0.0000   0.0000   0.0000   0.0000   0.0000   0.0000   0.0000   0.0000;
097:  0.2430   0.5920   0.8350   1.0620   1.3110   1.5970   1.8480   2.2100   2.4680   2.7110   2.9850   3.3910   3.6760   3.9590   0.0000   0.0000   0.0000   0.0000   0.0000   0.0000   0.0000   0.0000   0.0000;
098:  0.2440   0.5920   0.8360   1.0620   1.3110   1.5980   1.8490   2.2100   2.4690   2.7110   2.9850   3.3910   3.6770   3.9600   0.0000   0.0000   0.0000   0.0000   0.0000   0.0000   0.0000   0.0000   0.0000;
099:  0.2440   0.5920   0.8360   1.0620   1.3110   1.5980   1.8490   2.2110   2.4700   2.7120   2.9860   3.3910   3.6780   3.9620   0.0000   0.0000   0.0000   0.0000   0.0000   0.0000   0.0000   0.0000   0.0000;
100:  0.2440   0.5920   0.8360   1.0620   1.3120   1.5980   1.8490   2.2110   2.4710   2.7120   2.9870   3.3920   3.6790   3.9640   0.0000   0.0000   0.0000   0.0000   0.0000   0.0000   0.0000   0.0000   0.0000;
101:  0.2440   0.5930   0.8360   1.0620   1.3120   1.5980   1.8490   2.2120   2.4710   2.7130   2.9880   3.3920   3.6790   3.9650   0.0000   0.0000   0.0000   0.0000   0.0000   0.0000   0.0000   0.0000   0.0000;
102:  0.2450   0.5930   0.8360   1.0630   1.3120   1.5980   1.8490   2.2120   2.4720   2.7130   2.9880   3.3920   3.6800   3.9680   0.0000   0.0000   0.0000   0.0000   0.0000   0.0000   0.0000   0.0000   0.0000;
103:  0.2450   0.5930   0.8360   1.0630   1.3120   1.5980   1.8500   2.2130   2.4730   2.7140   2.9890   3.3930   3.6810   3.9700   0.0000   0.0000   0.0000   0.0000   0.0000   0.0000   0.0000   0.0000   0.0000;
104:  0.2450   0.5930   0.8360   1.0630   1.3120   1.5980   1.8500   2.2130   2.4740   2.7150   2.9900   3.3930   3.6820   3.9730   0.0000   0.0000   0.0000   0.0000   0.0000   0.0000   0.0000   0.0000   0.0000;
105:  0.2460   0.5940   0.8360   1.0630   1.3120   1.5990   1.8510   2.2140   2.4740   2.7150   2.9900   3.3940   3.6820   3.9750   0.0000   0.0000   0.0000   0.0000   0.0000   0.0000   0.0000   0.0000   0.0000;
106:  0.2460   0.5940   0.8360   1.0630   1.3120   1.5990   1.8510   2.2150   2.4750   2.7160   2.9910   3.3950   3.6830   3.9780   0.0000   0.0000   0.0000   0.0000   0.0000   0.0000   0.0000   0.0000   0.0000;
107:  0.2460   0.5940   0.8360   1.0640   1.3130   1.5990   1.8510   2.2150   2.4760   2.7160   2.9920   3.3960   3.6840   3.9810   0.0000   0.0000   0.0000   0.0000   0.0000   0.0000   0.0000   0.0000   0.0000;
108:  0.2470   0.5950   0.8360   1.0640   1.3130   1.5990   1.8520   2.2160   2.4770   2.7170   2.9920   3.3970   3.6850   3.9840   0.0000   0.0000   0.0000   0.0000   0.0000   0.0000   0.0000   0.0000   0.0000;
109:  0.2470   0.5950   0.8360   1.0640   1.3130   1.5990   1.8530   2.2160   2.4780   2.7180   2.9930   3.3980   3.6850   3.9870   0.0000   0.0000   0.0000   0.0000   0.0000   0.0000   0.0000   0.0000   0.0000;
110:  0.2470   0.5950   0.8360   1.0640   1.3130   1.6000   1.8530   2.2170   2.4780   2.7180   2.9930   3.4000   3.6860   3.9900   0.0000   0.0000   0.0000   0.0000   0.0000   0.0000   0.0000   0.0000   0.0000;
111:  0.2480   0.5950   0.8360   1.0640   1.3140   1.6000   1.8540   2.2180   2.4790   2.7190   2.9940   3.4010   3.6870   3.9930   0.0000   0.0000   0.0000   0.0000   0.0000   0.0000   0.0000   0.0000   0.0000;
112:  0.2480   0.5950   0.8360   1.0640   1.3140   1.6000   1.8540   2.2180   2.4800   2.7200   2.9950   3.4020   3.6870   3.9960   0.0000   0.0000   0.0000   0.0000   0.0000   0.0000   0.0000   0.0000   0.0000;
113:  0.2480   0.5960   0.8360   1.0640   1.3140   1.6000   1.8550   2.2190   2.4800   2.7210   2.9950   3.4040   3.6880   3.9990   0.0000   0.0000   0.0000   0.0000   0.0000   0.0000   0.0000   0.0000   0.0000;
114:  0.2480   0.5960   0.8360   1.0650   1.3150   1.6000   1.8550   2.2200   2.4810   2.7220   2.9960   3.4050   3.6890   4.0020   0.0000   0.0000   0.0000   0.0000   0.0000   0.0000   0.0000   0.0000   0.0000;
115:  0.2490   0.5960   0.8360   1.0650   1.3150   1.6010   1.8560   2.2210   2.4820   2.7220   2.9970   3.4070   3.6900   4.0050   0.0000   0.0000   0.0000   0.0000   0.0000   0.0000   0.0000   0.0000   0.0000;
116:  0.2490   0.5960   0.8360   1.0650   1.3150   1.6010   1.8560   2.2210   2.4830   2.7230   2.9970   3.4090   3.6910   4.0070   0.0000   0.0000   0.0000   0.0000   0.0000   0.0000   0.0000   0.0000   0.0000;
117:  0.2490   0.5960   0.8360   1.0650   1.3150   1.6010   1.8570   2.2220   2.4830   2.7240   2.9980   3.4110   3.6920   4.0100   0.0000   0.0000   0.0000   0.0000   0.0000   0.0000   0.0000   0.0000   0.0000;
118:  0.2490   0.5960   0.8360   1.0650   1.3160   1.6020   1.8570   2.2230   2.4840   2.7250   2.9990   3.4130   3.6930   4.0130   0.0000   0.0000   0.0000   0.0000   0.0000   0.0000   0.0000   0.0000   0.0000;
119:  0.2490   0.5960   0.8360   1.0650   1.3160   1.6020   1.8580   2.2240   2.4850   2.7260   3.0000   3.4150   3.6940   4.0150   0.0000   0.0000   0.0000   0.0000   0.0000   0.0000   0.0000   0.0000   0.0000;
120:  0.2490   0.5960   0.8360   1.0650   1.3160   1.6020   1.8580   2.2240   2.4850   2.7270   3.0000   3.4160   3.6950   4.0170   0.0000   0.0000   0.0000   0.0000   0.0000   0.0000   0.0000   0.0000   0.0000;
121:  0.2490   0.5970   0.8370   1.0650   1.3170   1.6020   1.8590   2.2250   2.4860   2.7290   3.0010   3.4180   3.6960   4.0190   0.0000   0.0000   0.0000   0.0000   0.0000   0.0000   0.0000   0.0000   0.0000;
122:  0.2490   0.5970   0.8370   1.0660   1.3170   1.6030   1.8590   2.2260   2.4870   2.7300   3.0020   3.4200   3.6980   4.0200   0.0000   0.0000   0.0000   0.0000   0.0000   0.0000   0.0000   0.0000   0.0000;
123:  0.2490   0.5970   0.8370   1.0660   1.3180   1.6030   1.8600   2.2270   2.4870   2.7310   3.0030   3.4220   3.6990   4.0220   0.0000   0.0000   0.0000   0.0000   0.0000   0.0000   0.0000   0.0000   0.0000;
124:  0.2490   0.5970   0.8370   1.0660   1.3180   1.6030   1.8600   2.2270   2.4880   2.7320   3.0040   3.4240   3.7000   4.0230   0.0000   0.0000   0.0000   0.0000   0.0000   0.0000   0.0000   0.0000   0.0000;
125:  0.2490   0.5970   0.8370   1.0660   1.3180   1.6040   1.8610   2.2280   2.4890   2.7330   3.0050   3.4260   3.7010   4.0240   0.0000   0.0000   0.0000   0.0000   0.0000   0.0000   0.0000   0.0000   0.0000;
126:  0.2500   0.5970   0.8370   1.0670   1.3190   1.6040   1.8610   2.2290   2.4890   2.7350   3.0060   3.4280   3.7020   4.0240   0.0000   0.0000   0.0000   0.0000   0.0000   0.0000   0.0000   0.0000   0.0000;
127:  0.2500   0.5970   0.8380   1.0670   1.3190   1.6050   1.8620   2.2290   2.4900   2.7360   3.0070   3.4290   3.7040   4.0250   0.0000   0.0000   0.0000   0.0000   0.0000   0.0000   0.0000   0.0000   0.0000;
128:  0.2500   0.5970   0.8380   1.0670   1.3200   1.6050   1.8620   2.2300   2.4910   2.7370   3.0090   3.4310   3.7050   4.0250   4.2630   0.0000   0.0000   0.0000   0.0000   0.0000   0.0000   0.0000   0.0000;
129:  0.2500   0.5970   0.8380   1.0670   1.3200   1.6050   1.8620   2.2310   2.4910   2.7380   3.0100   3.4330   3.7060   4.0250   4.2640   0.0000   0.0000   0.0000   0.0000   0.0000   0.0000   0.0000   0.0000;
130:  0.2500   0.5980   0.8390   1.0680   1.3200   1.6060   1.8630   2.2310   2.4920   2.7390   3.0110   3.4340   3.7070   4.0240   4.2650   0.0000   0.0000   0.0000   0.0000   0.0000   0.0000   0.0000   0.0000;
131:  0.2500   0.5980   0.8390   1.0680   1.3210   1.6070   1.8630   2.2320   2.4930   2.7400   3.0120   3.4360   3.7090   4.0230   4.2660   0.0000   0.0000   0.0000   0.0000   0.0000   0.0000   0.0000   0.0000;
132:  0.2500   0.5980   0.8400   1.0690   1.3210   1.6070   1.8640   2.2330   2.4940   2.7420   3.0130   3.4370   3.7100   4.0220   4.2670   0.0000   0.0000   0.0000   0.0000   0.0000   0.0000   0.0000   0.0000;
133:  0.2500   0.5980   0.8400   1.0690   1.3220   1.6080   1.8640   2.2330   2.4940   2.7430   3.0140   3.4380   3.7110   4.0210   4.2680   0.0000   0.0000   0.0000   0.0000   0.0000   0.0000   0.0000   0.0000;
134:  0.2500   0.5980   0.8400   1.0690   1.3220   1.6090   1.8650   2.2330   2.4950   2.7440   3.0150   3.4390   3.7120   4.0200   4.2690   4.5560   0.0000   0.0000   0.0000   0.0000   0.0000   0.0000   0.0000;
135:  0.2500   0.5990   0.8410   1.0700   1.3230   1.6090   1.8650   2.2340   2.4960   2.7450   3.0160   3.4400   3.7130   4.0190   4.2690   4.5580   0.0000   0.0000   0.0000   0.0000   0.0000   0.0000   0.0000;
136:  0.2510   0.5990   0.8420   1.0700   1.3230   1.6100   1.8650   2.2350   2.4960   2.7460   3.0180   3.4410   3.7140   4.0170   4.2700   4.5590   0.0000   0.0000   0.0000   0.0000   0.0000   0.0000   0.0000;
137:  0.2510   0.5990   0.8420   1.0710   1.3240   1.6110   1.8660   2.2350   2.4970   2.7470   3.0180   3.4420   3.7150   4.0150   4.2710   4.5600   0.0000   0.0000   0.0000   0.0000   0.0000   0.0000   0.0000;
138:  0.2510   0.6000   0.8430   1.0710   1.3240   1.6110   1.8660   2.2350   2.4980   2.7470   3.0200   3.4430   3.7150   4.0130   4.2710   4.5610   0.0000   0.0000   0.0000   0.0000   0.0000   0.0000   0.0000;
139:  0.2510   0.6000   0.8430   1.0720   1.3250   1.6120   1.8670   2.2360   2.4990   2.7480   3.0200   3.4440   3.7160   4.0120   4.2710   4.5620   0.0000   0.0000   0.0000   0.0000   0.0000   0.0000   0.0000;
140:  0.2510   0.6010   0.8440   1.0730   1.3250   1.6130   1.8670   2.2360   2.5000   2.7490   3.0210   3.4440   3.7160   4.0100   4.2720   4.5630   0.0000   0.0000   0.0000   0.0000   0.0000   0.0000   0.0000;
141:  0.2520   0.6010   0.8440   1.0730   1.3250   1.6140   1.8680   2.2360   2.5000   2.7500   3.0220   3.4450   3.7170   4.0080   4.2720   4.5630   0.0000   0.0000   0.0000   0.0000   0.0000   0.0000   0.0000;
142:  0.2520   0.6020   0.8450   1.0740   1.3260   1.6140   1.8690   2.2370   2.5010   2.7500   3.0230   3.4450   3.7170   4.0060   4.2720   4.5640   0.0000   0.0000   0.0000   0.0000   0.0000   0.0000   0.0000;
143:  0.2530   0.6020   0.8450   1.0750   1.3270   1.6150   1.8690   2.2370   2.5020   2.7510   3.0230   3.4450   3.7170   4.0040   4.2720   4.5640   0.0000   0.0000   0.0000   0.0000   0.0000   0.0000   0.0000;
144:  0.2530   0.6020   0.8460   1.0750   1.3270   1.6160   1.8700   2.2380   2.5020   2.7510   3.0240   3.4450   3.7170   4.0020   4.2720   4.5640   4.7690   0.0000   0.0000   0.0000   0.0000   0.0000   0.0000;
145:  0.2530   0.6030   0.8470   1.0760   1.3270   1.6170   1.8700   2.2380   2.5030   2.7510   3.0240   3.4450   3.7160   4.0000   4.2720   4.5640   4.7700   0.0000   0.0000   0.0000   0.0000   0.0000   0.0000;
146:  0.2540   0.6040   0.8470   1.0760   1.3280   1.6170   1.8710   2.2380   2.5030   2.7520   3.0250   3.4450   3.7160   3.9990   4.2720   4.5640   4.7720   0.0000   0.0000   0.0000   0.0000   0.0000   0.0000;
147:  0.2540   0.6040   0.8480   1.0770   1.3290   1.6180   1.8710   2.2390   2.5040   2.7520   3.0250   3.4450   3.7160   3.9970   4.2720   4.5640   4.7740   0.0000   0.0000   0.0000   0.0000   0.0000   0.0000;
148:  0.2550   0.6040   0.8480   1.0780   1.3290   1.6190   1.8720   2.2390   2.5040   2.7520   3.0250   3.4450   3.7150   3.9960   4.2720   4.5630   4.7760   0.0000   0.0000   0.0000   0.0000   0.0000   0.0000;
149:  0.2550   0.6050   0.8490   1.0780   1.3290   1.6200   1.8730   2.2400   2.5050   2.7520   3.0250   3.4440   3.7140   3.9940   4.2720   4.5630   4.7790   0.0000   0.0000   0.0000   0.0000   0.0000   0.0000;
150:  0.2550   0.6050   0.8490   1.0790   1.3300   1.6200   1.8730   2.2400   2.5050   2.7520   3.0250   3.4440   3.7130   3.9930   4.2720   4.5630   4.7820   0.0000   0.0000   0.0000   0.0000   0.0000   0.0000;
151:  0.2560   0.6060   0.8500   1.0790   1.3300   1.6210   1.8740   2.2400   2.5050   2.7520   3.0250   3.4430   3.7120   3.9920   4.2720   4.5620   4.7850   0.0000   0.0000   0.0000   0.0000   0.0000   0.0000;
152:  0.2560   0.6060   0.8500   1.0800   1.3310   1.6220   1.8750   2.2410   2.5050   2.7520   3.0250   3.4420   3.7110   3.9910   4.2710   4.5620   4.7880   0.0000   0.0000   0.0000   0.0000   0.0000   0.0000;
153:  0.2570   0.6070   0.8500   1.0800   1.3310   1.6220   1.8750   2.2410   2.5060   2.7520   3.0250   3.4420   3.7090   3.9900   4.2710   4.5610   4.7910   0.0000   0.0000   0.0000   0.0000   0.0000   0.0000;
154:  0.2570   0.6070   0.8510   1.0810   1.3320   1.6230   1.8760   2.2420   2.5060   2.7520   3.0240   3.4410   3.7080   3.9890   4.2710   4.5610   4.7950   0.0000   0.0000   0.0000   0.0000   0.0000   0.0000;
155:  0.2580   0.6070   0.8510   1.0810   1.3320   1.6230   1.8760   2.2420   2.5060   2.7520   3.0240   3.4400   3.7060   3.9880   4.2710   4.5600   4.7990   5.0190   0.0000   0.0000   0.0000   0.0000   0.0000;
156:  0.2580   0.6080   0.8510   1.0820   1.3330   1.6240   1.8770   2.2430   2.5060   2.7510   3.0230   3.4390   3.7050   3.9870   4.2710   4.5600   4.8020   5.0240   0.0000   0.0000   0.0000   0.0000   0.0000;
157:  0.2590   0.6080   0.8510   1.0820   1.3330   1.6240   1.8770   2.2440   2.5060   2.7510   3.0230   3.4380   3.7030   3.9870   4.2710   4.5590   4.8070   5.0300   0.0000   0.0000   0.0000   0.0000   0.0000;
158:  0.2590   0.6080   0.8510   1.0820   1.3330   1.6250   1.8780   2.2440   2.5060   2.7510   3.0220   3.4360   3.7010   3.9870   4.2710   4.5590   4.8110   5.0360   0.0000   0.0000   0.0000   0.0000   0.0000;
159:  0.2590   0.6090   0.8520   1.0830   1.3340   1.6250   1.8780   2.2450   2.5060   2.7500   3.0210   3.4350   3.6990   3.9860   4.2710   4.5590   4.8150   5.0420   0.0000   0.0000   0.0000   0.0000   0.0000;
160:  0.2600   0.6090   0.8520   1.0830   1.3340   1.6250   1.8790   2.2450   2.5050   2.7500   3.0200   3.4330   3.6970   3.9860   4.2710   4.5590   4.8190   5.0480   0.0000   0.0000   0.0000   0.0000   0.0000;
161:  0.2600   0.6090   0.8520   1.0830   1.3350   1.6260   1.8790   2.2460   2.5050   2.7490   3.0200   3.4320   3.6950   3.9850   4.2710   4.5590   4.8240   5.0550   0.0000   0.0000   0.0000   0.0000   0.0000;
162:  0.2600   0.6090   0.8520   1.0840   1.3350   1.6260   1.8800   2.2470   2.5050   2.7490   3.0190   3.4300   3.6930   3.9850   4.2710   4.5590   4.8280   5.0620   0.0000   0.0000   0.0000   0.0000   0.0000;
163:  0.2610   0.6090   0.8520   1.0840   1.3350   1.6260   1.8800   2.2470   2.5050   2.7490   3.0180   3.4290   3.6910   3.9840   4.2710   4.5600   4.8320   5.0690   0.0000   0.0000   0.0000   0.0000   0.0000;
164:  0.2610   0.6090   0.8520   1.0840   1.3350   1.6270   1.8800   2.2480   2.5040   2.7480   3.0170   3.4270   3.6890   3.9840   4.2710   4.5600   4.8360   5.0760   0.0000   0.0000   0.0000   0.0000   0.0000;
165:  0.2610   0.6090   0.8520   1.0840   1.3360   1.6270   1.8800   2.2490   2.5040   2.7480   3.0160   3.4250   3.6870   3.9830   4.2710   4.5610   4.8410   5.0830   0.0000   0.0000   0.0000   0.0000   0.0000;
166:  0.2620   0.6090   0.8520   1.0840   1.3360   1.6270   1.8800   2.2490   2.5030   2.7470   3.0150   3.4230   3.6850   3.9820   4.2700   4.5620   4.8450   5.0910   0.0000   0.0000   0.0000   0.0000   0.0000;
167:  0.2620   0.6090   0.8520   1.0840   1.3360   1.6270   1.8800   2.2500   2.5030   2.7470   3.0140   3.4210   3.6820   3.9820   4.2700   4.5620   4.8490   5.0980   0.0000   0.0000   0.0000   0.0000   0.0000;
168:  0.2620   0.6090   0.8520   1.0840   1.3360   1.6270   1.8810   2.2500   2.5020   2.7460   3.0130   3.4190   3.6800   3.9810   4.2700   4.5630   4.8520   5.1050   0.0000   0.0000   0.0000   0.0000   0.0000;
169:  0.2620   0.6090   0.8520   1.0840   1.3360   1.6270   1.8810   2.2510   2.5020   2.7460   3.0120   3.4170   3.6780   3.9800   4.2700   4.5640   4.8560   5.1110   5.3460   0.0000   0.0000   0.0000   0.0000;
170:  0.2620   0.6090   0.8520   1.0840   1.3370   1.6270   1.8800   2.2510   2.5010   2.7450   3.0110   3.4150   3.6760   3.9780   4.2700   4.5650   4.8590   5.1180   5.3510   0.0000   0.0000   0.0000   0.0000;
171:  0.2620   0.6090   0.8520   1.0840   1.3370   1.6270   1.8800   2.2520   2.5000   2.7450   3.0100   3.4130   3.6740   3.9770   4.2700   4.5670   4.8620   5.1240   5.3550   0.0000   0.0000   0.0000   0.0000;
172:  0.2620   0.6090   0.8520   1.0840   1.3370   1.6270   1.8800   2.2520   2.5000   2.7440   3.0090   3.4110   3.6720   3.9760   4.2690   4.5680   4.8650   5.1290   5.3600   0.0000   0.0000   0.0000   0.0000;
173:  0.2630   0.6090   0.8510   1.0840   1.3370   1.6270   1.8800   2.2530   2.4990   2.7440   3.0080   3.4080   3.6700   3.9740   4.2690   4.5690   4.8670   5.1350   5.3640   0.0000   0.0000   0.0000   0.0000;
174:  0.2630   0.6090   0.8510   1.0840   1.3370   1.6270   1.8800   2.2530   2.4980   2.7430   3.0070   3.4060   3.6680   3.9720   4.2680   4.5700   4.8690   5.1400   5.3680   0.0000   0.0000   0.0000   0.0000;
175:  0.2630   0.6090   0.8510   1.0840   1.3370   1.6270   1.8800   2.2530   2.4980   2.7430   3.0060   3.4040   3.6660   3.9700   4.2680   4.5720   4.8710   5.1440   5.3720   0.0000   0.0000   0.0000   0.0000;
176:  0.2630   0.6090   0.8510   1.0840   1.3370   1.6270   1.8790   2.2530   2.4970   2.7420   3.0050   3.4020   3.6640   3.9680   4.2670   4.5730   4.8720   5.1480   5.3760   0.0000   0.0000   0.0000   0.0000;
177:  0.2630   0.6090   0.8510   1.0840   1.3370   1.6270   1.8790   2.2530   2.4960   2.7420   3.0040   3.3990   3.6630   3.9650   4.2660   4.5740   4.8730   5.1510   5.3790   0.0000   0.0000   0.0000   0.0000;
178:  0.2630   0.6090   0.8510   1.0840   1.3370   1.6270   1.8780   2.2530   2.4960   2.7410   3.0040   3.3970   3.6610   3.9630   4.2650   4.5750   4.8730   5.1530   0.0000   0.0000   0.0000   0.0000   0.0000;
179:  0.2630   0.6090   0.8510   1.0840   1.3370   1.6270   1.8780   2.2530   2.4950   2.7400   3.0020   3.3950   3.6590   3.9600   4.2640   4.5750   4.8730   5.1550   0.0000   0.0000   0.0000   0.0000   0.0000;
180:  0.2630   0.6090   0.8510   1.0840   1.3370   1.6270   1.8780   2.2530   2.4940   2.7400   3.0010   3.3930   3.6570   3.9570   4.2620   4.5760   0.0000   0.0000   0.0000   0.0000   0.0000   0.0000   0.0000;
181:  0.2630   0.6100   0.8510   1.0850   1.3370   1.6270   1.8770   2.2520   2.4940   2.7390   3.0000   3.3910   3.6550   3.9540   4.2610   4.5760   0.0000   0.0000   0.0000   0.0000   0.0000   0.0000   0.0000;
182:  0.2630   0.6100   0.8510   1.0850   1.3370   1.6270   1.8770   2.2520   2.4930   2.7380   2.9990   3.3880   3.6530   3.9510   4.2590   4.5770   0.0000   0.0000   0.0000   0.0000   0.0000   0.0000   0.0000;
183:  0.2620   0.6100   0.8510   1.0850   1.3360   1.6260   1.8760   2.2510   2.4920   2.7380   2.9980   3.3860   3.6510   3.9480   4.2570   4.5770   0.0000   0.0000   0.0000   0.0000   0.0000   0.0000   0.0000;
184:  0.2620   0.6100   0.8510   1.0850   1.3360   1.6260   1.8760   2.2510   2.4910   2.7370   2.9970   3.3840   3.6490   3.9450   4.2550   4.5760   0.0000   0.0000   0.0000   0.0000   0.0000   0.0000   0.0000;
185:  0.2620   0.6100   0.8510   1.0850   1.3360   1.6260   1.8750   2.2500   2.4910   2.7360   2.9960   3.3820   3.6470   3.9410   4.2530   4.5760   0.0000   0.0000   0.0000   0.0000   0.0000   0.0000   0.0000;
186:  0.2620   0.6100   0.8510   1.0850   1.3360   1.6260   1.8750   2.2490   2.4900   2.7350   2.9950   3.3800   3.6450   3.9380   4.2510   4.5750   0.0000   0.0000   0.0000   0.0000   0.0000   0.0000   0.0000;
187:  0.2620   0.6100   0.8510   1.0850   1.3360   1.6260   1.8740   2.2480   2.4890   2.7340   2.9930   3.3780   3.6440   3.9340   4.2480   4.5740   0.0000   0.0000   0.0000   0.0000   0.0000   0.0000   0.0000;
188:  0.2620   0.6110   0.8510   1.0850   1.3350   1.6260   1.8740   2.2470   2.4880   2.7330   2.9920   3.3760   3.6420   3.9310   4.2450   4.5720   0.0000   0.0000   0.0000   0.0000   0.0000   0.0000   0.0000;
189:  0.2620   0.6110   0.8510   1.0850   1.3350   1.6250   1.8730   2.2460   2.4870   2.7320   2.9910   3.3750   3.6400   3.9270   4.2420   4.5710   0.0000   0.0000   0.0000   0.0000   0.0000   0.0000   0.0000;
190:  0.2620   0.6110   0.8510   1.0850   1.3350   1.6250   1.8720   2.2450   2.4870   2.7310   2.9890   3.3730   3.6370   3.9240   4.2390   4.5680   0.0000   0.0000   0.0000   0.0000   0.0000   0.0000   0.0000;
191:  0.2620   0.6110   0.8510   1.0860   1.3340   1.6250   1.8720   2.2440   2.4860   2.7300   2.9880   3.3710   3.6350   3.9200   4.2360   4.5660   0.0000   0.0000   0.0000   0.0000   0.0000   0.0000   0.0000;
192:  0.2620   0.6110   0.8510   1.0860   1.3340   1.6250   1.8710   2.2430   2.4850   2.7290   2.9860   3.3690   3.6330   3.9170   4.2330   4.5630   0.0000   0.0000   0.0000   0.0000   0.0000   0.0000   0.0000;
193:  0.2620   0.6120   0.8500   1.0860   1.3330   1.6240   1.8710   2.2420   2.4840   2.7270   2.9840   3.3670   3.6310   3.9140   4.2290   4.5600   0.0000   0.0000   0.0000   0.0000   0.0000   0.0000   0.0000;
194:  0.2620   0.6120   0.8500   1.0860   1.3330   1.6240   1.8700   2.2400   2.4830   2.7260   2.9830   3.3650   3.6280   3.9110   4.2250   4.5560   0.0000   0.0000   0.0000   0.0000   0.0000   0.0000   0.0000;
195:  0.2610   0.6120   0.8500   1.0860   1.3330   1.6240   1.8690   2.2390   2.4820   2.7250   2.9810   3.3640   3.6260   3.9070   4.2210   4.5520   0.0000   0.0000   0.0000   0.0000   0.0000   0.0000   0.0000;
196:  0.2610   0.6120   0.8500   1.0860   1.3320   1.6240   1.8690   2.2380   2.4810   2.7230   2.9790   3.3620   3.6240   3.9040   4.2170   4.5480   0.0000   0.0000   0.0000   0.0000   0.0000   0.0000   0.0000;
197:  0.2610   0.6120   0.8500   1.0860   1.3310   1.6230   1.8680   2.2360   2.4800   2.7220   2.9780   3.3600   3.6210   3.9010   4.2130   4.5430   0.0000   0.0000   0.0000   0.0000   0.0000   0.0000   0.0000;
198:  0.2610   0.6120   0.8490   1.0860   1.3310   1.6230   1.8680   2.2350   2.4790   2.7200   2.9760   3.3590   3.6190   3.8980   4.2090   4.5380   0.0000   0.0000   0.0000   0.0000   0.0000   0.0000   0.0000;
199:  0.2610   0.6120   0.8490   1.0860   1.3300   1.6220   1.8670   2.2330   2.4780   2.7190   2.9740   3.3570   3.6160   3.8950   4.2050   4.5330   0.0000   0.0000   0.0000   0.0000   0.0000   0.0000   0.0000;
200:  0.2600   0.6120   0.8490   1.0860   1.3300   1.6220   1.8660   2.2320   2.4770   2.7180   2.9720   3.3550   3.6140   3.8930   4.2000   4.5270   0.0000   0.0000   0.0000   0.0000   0.0000   0.0000   0.0000;
201:  0.2600   0.6120   0.8490   1.0860   1.3290   1.6210   1.8660   2.2300   2.4760   2.7160   2.9700   3.3530   3.6110   3.8900   4.1960   4.5220   0.0000   0.0000   0.0000   0.0000   0.0000   0.0000   0.0000;
202:  0.2600   0.6120   0.8480   1.0860   1.3290   1.6200   1.8650   2.2290   2.4750   2.7150   2.9680   3.3520   3.6080   3.8870   4.1910   4.5160   0.0000   0.0000   0.0000   0.0000   0.0000   0.0000   0.0000;
203:  0.2600   0.6120   0.8480   1.0850   1.3280   1.6200   1.8640   2.2270   2.4740   2.7130   2.9660   3.3500   3.6060   3.8850   4.1870   4.5090   0.0000   0.0000   0.0000   0.0000   0.0000   0.0000   0.0000;
204:  0.2600   0.6120   0.8470   1.0850   1.3270   1.6190   1.8640   2.2260   2.4730   2.7110   2.9640   3.3480   3.6030   3.8830   4.1830   4.5030   0.0000   0.0000   0.0000   0.0000   0.0000   0.0000   0.0000;
205:  0.2590   0.6120   0.8470   1.0850   1.3270   1.6180   1.8630   2.2250   2.4710   2.7100   2.9620   3.3460   3.6000   3.8800   4.1780   4.4960   0.0000   0.0000   0.0000   0.0000   0.0000   0.0000   0.0000;
206:  0.2590   0.6120   0.8470   1.0850   1.3260   1.6180   1.8620   2.2230   2.4700   2.7080   2.9600   3.3440   3.5980   3.8780   4.1740   4.4900   0.0000   0.0000   0.0000   0.0000   0.0000   0.0000   0.0000;
207:  0.2590   0.6110   0.8460   1.0840   1.3250   1.6170   1.8620   2.2220   2.4690   2.7070   2.9580   3.3420   3.5950   3.8760   4.1690   4.4830   0.0000   0.0000   0.0000   0.0000   0.0000   0.0000   0.0000;
208:  0.2580   0.6110   0.8460   1.0840   1.3250   1.6160   1.8610   2.2210   2.4680   2.7050   2.9560   3.3400   3.5930   3.8740   4.1650   4.4760   0.0000   0.0000   0.0000   0.0000   0.0000   0.0000   0.0000;
209:  0.2580   0.6110   0.8450   1.0830   1.3240   1.6150   1.8600   2.2190   2.4670   2.7040   2.9540   3.3380   3.5900   3.8720   4.1610   4.4690   0.0000   0.0000   0.0000   0.0000   0.0000   0.0000   0.0000;
210:  0.2580   0.6110   0.8450   1.0830   1.3240   1.6140   1.8590   2.2180   2.4650   2.7020   2.9520   3.3350   3.5870   3.8700   4.1560   4.4620   0.0000   0.0000   0.0000   0.0000   0.0000   0.0000   0.0000;
211:  0.2580   0.6100   0.8450   1.0820   1.3230   1.6130   1.8580   2.2170   2.4640   2.7000   2.9500   3.3330   3.5850   3.8680   4.1520   4.4550   0.0000   0.0000   0.0000   0.0000   0.0000   0.0000   0.0000;
212:  0.2580   0.6100   0.8440   1.0820   1.3220   1.6130   1.8580   2.2160   2.4630   2.6990   2.9480   3.3310   3.5830   3.8660   4.1480   4.4480   0.0000   0.0000   0.0000   0.0000   0.0000   0.0000   0.0000;
213:  0.2570   0.6090   0.8440   1.0810   1.3220   1.6110   1.8570   2.2150   2.4620   2.6970   2.9460   3.3280   3.5800   3.8640   4.1440   4.4410   0.0000   0.0000   0.0000   0.0000   0.0000   0.0000   0.0000;
214:  0.2570   0.6090   0.8440   1.0800   1.3210   1.6110   1.8560   2.2130   2.4610   2.6960   2.9440   3.3260   3.5780   3.8620   4.1400   4.4340   0.0000   0.0000   0.0000   0.0000   0.0000   0.0000   0.0000;
215:  0.2570   0.6080   0.8430   1.0800   1.3200   1.6100   1.8550   2.2120   2.4600   2.6940   2.9420   3.3240   3.5760   3.8600   4.1360   4.4270   0.0000   0.0000   0.0000   0.0000   0.0000   0.0000   0.0000;
216:  0.2570   0.6080   0.8430   1.0790   1.3200   1.6090   1.8540   2.2110   2.4580   2.6930   2.9410   3.3210   3.5740   3.8580   4.1320   4.4200   0.0000   0.0000   0.0000   0.0000   0.0000   0.0000   0.0000;
217:  0.2560   0.6070   0.8430   1.0780   1.3190   1.6080   1.8530   2.2100   2.4570   2.6910   2.9390   3.3180   3.5710   3.8560   4.1280   4.4140   0.0000   0.0000   0.0000   0.0000   0.0000   0.0000   0.0000;
218:  0.2560   0.6070   0.8420   1.0780   1.3180   1.6070   1.8530   2.2090   2.4560   2.6900   2.9370   3.3160   3.5690   3.8540   4.1240   4.4070   0.0000   0.0000   0.0000   0.0000   0.0000   0.0000   0.0000;
219:  0.2560   0.6060   0.8420   1.0770   1.3180   1.6060   1.8520   2.2080   2.4550   2.6890   2.9360   3.3130   3.5670   3.8510   4.1210   4.4010   0.0000   0.0000   0.0000   0.0000   0.0000   0.0000   0.0000;
220:  0.2560   0.6060   0.8420   1.0760   1.3170   1.6050   1.8510   2.2070   2.4540   2.6870   2.9340   3.3110   3.5650   3.8490   4.1170   4.3950   0.0000   0.0000   0.0000   0.0000   0.0000   0.0000   0.0000;
221:  0.2560   0.6050   0.8410   1.0750   1.3170   1.6040   1.8500   2.2060   2.4530   2.6860   2.9330   3.3080   3.5640   3.8470   4.1130   4.3880   0.0000   0.0000   0.0000   0.0000   0.0000   0.0000   0.0000;
222:  0.2560   0.6050   0.8410   1.0750   1.3160   1.6030   1.8490   2.2050   2.4520   2.6850   2.9310   3.3060   3.5620   3.8440   4.1100   4.3820   0.0000   0.0000   0.0000   0.0000   0.0000   0.0000   0.0000;
223:  0.2560   0.6040   0.8410   1.0740   1.3160   1.6020   1.8480   2.2050   2.4510   2.6830   2.9300   3.3030   3.5600   3.8420   4.1060   4.3770   0.0000   0.0000   0.0000   0.0000   0.0000   0.0000   0.0000;
224:  0.2550   0.6040   0.8410   1.0730   1.3150   1.6020   1.8470   2.2040   2.4500   2.6820   2.9280   3.3010   3.5580   3.8390   4.1030   4.3710   0.0000   0.0000   0.0000   0.0000   0.0000   0.0000   0.0000;
225:  0.2550   0.6030   0.8400   1.0720   1.3150   1.6010   1.8470   2.2030   2.4490   2.6810   2.9270   3.2980   3.5570   3.8360   4.0990   4.3650   0.0000   0.0000   0.0000   0.0000   0.0000   0.0000   0.0000;
226:  0.2550   0.6030   0.8400   1.0720   1.3150   1.6000   1.8460   2.2020   2.4480   2.6800   2.9260   3.2960   3.5550   3.8330   4.0960   4.3600   0.0000   0.0000   0.0000   0.0000   0.0000   0.0000   0.0000;
227:  0.2550   0.6020   0.8400   1.0710   1.3140   1.5990   1.8450   2.2010   2.4470   2.6780   2.9240   3.2940   3.5540   3.8310   4.0920   4.3550   0.0000   0.0000   0.0000   0.0000   0.0000   0.0000   0.0000;
228:  0.2550   0.6020   0.8400   1.0700   1.3140   1.5980   1.8440   2.2000   2.4460   2.6770   2.9230   3.2920   3.5520   3.8280   4.0890   4.3510   0.0000   0.0000   0.0000   0.0000   0.0000   0.0000   0.0000;
229:  0.2550   0.6020   0.8400   1.0690   1.3130   1.5970   1.8440   2.2000   2.4450   2.6760   2.9220   3.2900   3.5510   3.8250   4.0850   4.3460   0.0000   0.0000   0.0000   0.0000   0.0000   0.0000   0.0000;
230:  0.2550   0.6010   0.8400   1.0690   1.3130   1.5970   1.8430   2.1990   2.4440   2.6750   2.9210   3.2880   3.5490   3.8220   4.0820   4.3410   0.0000   0.0000   0.0000   0.0000   0.0000   0.0000   0.0000;
231:  0.2550   0.6010   0.8390   1.0680   1.3130   1.5960   1.8420   2.1980   2.4440   2.6740   2.9200   3.2860   3.5470   3.8190   4.0790   4.3370   0.0000   0.0000   0.0000   0.0000   0.0000   0.0000   0.0000;
232:  0.2550   0.6000   0.8390   1.0680   1.3120   1.5950   1.8410   2.1970   2.4430   2.6730   2.9180   3.2840   3.5460   3.8160   4.0750   4.3330   0.0000   0.0000   0.0000   0.0000   0.0000   0.0000   0.0000;
233:  0.2550   0.6000   0.8390   1.0670   1.3120   1.5950   1.8400   2.1960   2.4420   2.6710   2.9170   3.2820   3.5440   3.8130   4.0720   4.3290   0.0000   0.0000   0.0000   0.0000   0.0000   0.0000   0.0000;
234:  0.2550   0.6000   0.8390   1.0660   1.3110   1.5940   1.8400   2.1950   2.4410   2.6700   2.9160   3.2800   3.5430   3.8090   4.0690   4.3250   0.0000   0.0000   0.0000   0.0000   0.0000   0.0000   0.0000;
235:  0.2550   0.6000   0.8390   1.0660   1.3110   1.5930   1.8390   2.1950   2.4400   2.6690   2.9150   3.2790   3.5410   3.8060   4.0650   4.3220   0.0000   0.0000   0.0000   0.0000   0.0000   0.0000   0.0000;
236:  0.2560   0.5990   0.8390   1.0650   1.3110   1.5930   1.8380   2.1940   2.4390   2.6680   2.9140   3.2780   3.5390   3.8030   4.0620   4.3190   0.0000   0.0000   0.0000   0.0000   0.0000   0.0000   0.0000;
237:  0.2560   0.5990   0.8380   1.0650   1.3100   1.5920   1.8380   2.1930   2.4380   2.6670   2.9130   3.2760   3.5370   3.8000   4.0580   4.3160   0.0000   0.0000   0.0000   0.0000   0.0000   0.0000   0.0000;
238:  0.2560   0.5990   0.8380   1.0640   1.3100   1.5910   1.8370   2.1920   2.4380   2.6660   2.9120   3.2750   3.5360   3.7960   4.0550   4.3130   0.0000   0.0000   0.0000   0.0000   0.0000   0.0000   0.0000;
239:  0.2560   0.5980   0.8380   1.0640   1.3090   1.5910   1.8360   2.1910   2.4370   2.6650   2.9110   3.2740   3.5340   3.7930   4.0520   4.3100   4.5700   0.0000   0.0000   0.0000   0.0000   0.0000   0.0000;
240:  0.2560   0.5980   0.8380   1.0630   1.3090   1.5900   1.8360   2.1910   2.4360   2.6640   2.9100   3.2730   3.5320   3.7900   4.0490   4.3070   4.5670   0.0000   0.0000   0.0000   0.0000   0.0000   0.0000;
241:  0.2550   0.5980   0.8380   1.0630   1.3090   1.5890   1.8350   2.1900   2.4350   2.6630   2.9090   3.2710   3.5300   3.7870   4.0450   4.3040   4.5630   0.0000   0.0000   0.0000   0.0000   0.0000   0.0000;
242:  0.2550   0.5980   0.8380   1.0630   1.3080   1.5890   1.8340   2.1890   2.4340   2.6620   2.9070   3.2710   3.5280   3.7840   4.0420   4.3020   4.5600   0.0000   0.0000   0.0000   0.0000   0.0000   0.0000;
243:  0.2550   0.5970   0.8370   1.0620   1.3080   1.5880   1.8340   2.1880   2.4330   2.6610   2.9060   3.2690   3.5260   3.7800   4.0390   4.3000   4.5570   0.0000   0.0000   0.0000   0.0000   0.0000   0.0000;
244:  0.2550   0.5970   0.8370   1.0620   1.3070   1.5880   1.8330   2.1870   2.4320   2.6600   2.9050   3.2690   3.5240   3.7770   4.0350   4.2980   4.5540   0.0000   0.0000   0.0000   0.0000   0.0000   0.0000;
245:  0.2550   0.5970   0.8370   1.0610   1.3070   1.5870   1.8320   2.1870   2.4310   2.6590   2.9040   3.2680   3.5210   3.7740   4.0320   4.2950   4.5510   4.8290   0.0000   0.0000   0.0000   0.0000   0.0000;
246:  0.2550   0.5970   0.8370   1.0610   1.3070   1.5870   1.8320   2.1860   2.4300   2.6580   2.9030   3.2670   3.5190   3.7710   4.0290   4.2930   4.5490   4.8230   0.0000   0.0000   0.0000   0.0000   0.0000;
247:  0.2550   0.5960   0.8370   1.0610   1.3060   1.5860   1.8310   2.1850   2.4290   2.6570   2.9020   3.2660   3.5170   3.7680   4.0260   4.2910   4.5460   4.8180   5.0580   0.0000   0.0000   0.0000   0.0000;
248:  0.2550   0.5960   0.8360   1.0600   1.3060   1.5850   1.8300   2.1840   2.4290   2.6560   2.9010   3.2650   3.5150   3.7650   4.0230   4.2900   4.5440   4.8140   5.0530   0.0000   0.0000   0.0000   0.0000;
249:  0.2540   0.5960   0.8360   1.0600   1.3050   1.5850   1.8300   2.1840   2.4270   2.6550   2.9000   3.2640   3.5120   3.7620   4.0200   4.2880   4.5420   4.8090   5.0500   0.0000   0.0000   0.0000   0.0000;
250:  0.2540   0.5960   0.8360   1.0600   1.3050   1.5840   1.8290   2.1830   2.4270   2.6540   2.9000   3.2640   3.5100   3.7600   4.0170   4.2860   4.5400   4.8050   5.0460   0.0000   0.0000   0.0000   0.0000;
251:  0.2540   0.5950   0.8360   1.0590   1.3040   1.5840   1.8280   2.1820   2.4260   2.6530   2.8980   3.2630   3.5070   3.7570   4.0150   4.2840   4.5380   4.8010   5.0430   0.0000   0.0000   0.0000   0.0000;
252:  0.2530   0.5950   0.8350   1.0590   1.3040   1.5830   1.8280   2.1810   2.4250   2.6520   2.8980   3.2620   3.5050   3.7540   4.0120   4.2830   4.5360   4.7970   5.0400   0.0000   0.0000   0.0000   0.0000;
253:  0.2530   0.5950   0.8350   1.0590   1.3030   1.5830   1.8270   2.1810   2.4240   2.6510   2.8970   3.2610   3.5030   3.7510   4.0090   4.2810   4.5340   4.7940   5.0370   0.0000   0.0000   0.0000   0.0000;
254:  0.2530   0.5940   0.8350   1.0580   1.3030   1.5820   1.8270   2.1800   2.4230   2.6510   2.8960   3.2600   3.5000   3.7480   4.0070   4.2800   4.5320   4.7900   5.0350   0.0000   0.0000   0.0000   0.0000;
255:  0.2520   0.5940   0.8350   1.0580   1.3020   1.5820   1.8260   2.1790   2.4220   2.6500   2.8950   3.2590   3.4980   3.7460   4.0040   4.2780   4.5300   4.7870   5.0330   0.0000   0.0000   0.0000   0.0000;
256:  0.2520   0.5940   0.8350   1.0580   1.3020   1.5810   1.8250   2.1790   2.4210   2.6490   2.8950   3.2580   3.4960   3.7430   4.0020   4.2760   4.5290   4.7850   5.0320   0.0000   0.0000   0.0000   0.0000;
257:  0.2510   0.5930   0.8340   1.0580   1.3020   1.5810   1.8250   2.1780   2.4200   2.6480   2.8940   3.2570   3.4940   3.7400   4.0000   4.2750   4.5270   4.7820   5.0310   0.0000   0.0000   0.0000   0.0000;
258:  0.2510   0.5930   0.8340   1.0570   1.3010   1.5800   1.8240   2.1770   2.4200   2.6480   2.8930   3.2560   3.4920   3.7380   3.9970   4.2730   4.5250   4.7800   5.0290   0.0000   0.0000   0.0000   0.0000;
259:  0.2500   0.5930   0.8340   1.0570   1.3010   1.5800   1.8240   2.1760   2.4190   2.6470   2.8920   3.2550   3.4900   3.7360   3.9950   4.2710   4.5240   4.7780   5.0290   0.0000   0.0000   0.0000   0.0000;
260:  0.2500   0.5930   0.8340   1.0570   1.3000   1.5790   1.8230   2.1760   2.4180   2.6470   2.8920   3.2540   3.4880   3.7330   3.9930   4.2690   4.5220   4.7760   5.0280   0.0000   0.0000   0.0000   0.0000;
261:  0.2490   0.5920   0.8330   1.0560   1.3000   1.5790   1.8220   2.1750   2.4170   2.6460   2.8910   3.2530   3.4860   3.7310   3.9910   4.2680   4.5210   4.7740   5.0280   0.0000   0.0000   0.0000   0.0000;
262:  0.2490   0.5920   0.8330   1.0560   1.3000   1.5790   1.8220   2.1750   2.4170   2.6450   2.8910   3.2510   3.4840   3.7290   3.9890   4.2660   4.5190   4.7720   5.0280   0.0000   0.0000   0.0000   0.0000;
263:  0.2490   0.5920   0.8330   1.0560   1.2990   1.5780   1.8210   2.1740   2.4160   2.6450   2.8900   3.2500   3.4820   3.7260   3.9880   4.2640   4.5170   4.7700   5.0280   0.0000   0.0000   0.0000   0.0000;
264:  0.2480   0.5920   0.8330   1.0560   1.2990   1.5780   1.8210   2.1730   2.4160   2.6440   2.8900   3.2490   3.4810   3.7240   3.9860   4.2620   4.5160   4.7690   5.0280   0.0000   0.0000   0.0000   0.0000;
265:  0.2480   0.5910   0.8330   1.0560   1.2990   1.5780   1.8200   2.1730   2.4150   2.6440   2.8890   3.2480   3.4790   3.7220   3.9850   4.2600   4.5140   4.7670   5.0290   0.0000   0.0000   0.0000   0.0000;
266:  0.2470   0.5910   0.8330   1.0560   1.2980   1.5780   1.8200   2.1720   2.4150   2.6430   2.8890   3.2470   3.4780   3.7200   3.9830   4.2580   4.5120   4.7660   5.0290   0.0000   0.0000   0.0000   0.0000;
267:  0.2470   0.5910   0.8330   1.0550   1.2980   1.5770   1.8200   2.1710   2.4140   2.6430   2.8890   3.2460   3.4760   3.7180   3.9820   4.2560   4.5110   4.7650   5.0290   0.0000   0.0000   0.0000   0.0000;
268:  0.2460   0.5910   0.8330   1.0550   1.2980   1.5770   1.8190   2.1710   2.4140   2.6420   2.8880   3.2450   3.4750   3.7160   3.9800   4.2540   4.5090   4.7640   5.0300   0.0000   0.0000   0.0000   0.0000;
269:  0.2460   0.5910   0.8330   1.0550   1.2980   1.5770   1.8190   2.1700   2.4130   2.6420   2.8880   3.2440   3.4740   3.7150   3.9790   4.2510   4.5070   4.7620   5.0300   0.0000   0.0000   0.0000   0.0000;
270:  0.2450   0.5910   0.8330   1.0550   1.2980   1.5770   1.8190   2.1700   2.4130   2.6420   2.8870   3.2430   3.4730   3.7130   3.9780   4.2490   4.5050   4.7610   5.0300   0.0000   0.0000   0.0000   0.0000;
271:  0.2450   0.5910   0.8330   1.0550   1.2980   1.5770   1.8180   2.1690   2.4130   2.6410   2.8870   3.2420   3.4730   3.7120   3.9760   4.2470   4.5030   4.7600   5.0310   0.0000   0.0000   0.0000   0.0000;
272:  0.2450   0.5910   0.8320   1.0550   1.2970   1.5770   1.8180   2.1690   2.4120   2.6410   2.8870   3.2420   3.4720   3.7110   3.9750   4.2440   4.5010   4.7590   5.0310   0.0000   0.0000   0.0000   0.0000;
273:  0.2440   0.5910   0.8320   1.0550   1.2970   1.5770   1.8180   2.1680   2.4120   2.6400   2.8860   3.2410   3.4710   3.7090   3.9740   4.2420   4.4990   4.7570   5.0300   0.0000   0.0000   0.0000   0.0000;
274:  0.2440   0.5910   0.8320   1.0550   1.2970   1.5770   1.8180   2.1680   2.4120   2.6400   2.8860   3.2400   3.4710   3.7080   3.9730   4.2400   4.4970   4.7560   5.0300   0.0000   0.0000   0.0000   0.0000;
275:  0.2440   0.5910   0.8320   1.0550   1.2970   1.5770   1.8180   2.1670   2.4120   2.6400   2.8860   3.2400   3.4710   3.7070   3.9720   4.2370   4.4960   4.7550   5.0300   0.0000   0.0000   0.0000   0.0000;
276:  0.2430   0.5910   0.8320   1.0550   1.2970   1.5770   1.8180   2.1670   2.4110   2.6390   2.8850   3.2400   3.4710   3.7070   3.9710   4.2350   4.4940   4.7530   5.0290   0.0000   0.0000   0.0000   0.0000;
277:  0.2430   0.5910   0.8320   1.0550   1.2970   1.5770   1.8180   2.1660   2.4110   2.6390   2.8850   3.2390   3.4710   3.7060   3.9700   4.2330   4.4920   4.7520   5.0280   0.0000   0.0000   0.0000   0.0000;
278:  0.2430   0.5910   0.8320   1.0550   1.2970   1.5770   1.8180   2.1660   2.4110   2.6390   2.8850   3.2390   3.4710   3.7050   3.9690   4.2310   4.4900   4.7510   5.0270   0.0000   0.0000   0.0000   0.0000;
279:  0.2420   0.5920   0.8320   1.0550   1.2970   1.5770   1.8180   2.1660   2.4110   2.6380   2.8850   3.2390   3.4710   3.7050   3.9680   4.2280   4.4880   4.7490   5.0250   0.0000   0.0000   0.0000   0.0000;
280:  0.2420   0.5920   0.8320   1.0550   1.2970   1.5770   1.8180   2.1650   2.4110   2.6380   2.8840   3.2390   3.4710   3.7050   3.9670   4.2260   4.4870   4.7480   5.0240   0.0000   0.0000   0.0000   0.0000;
281:  0.2420   0.5920   0.8320   1.0550   1.2970   1.5770   1.8180   2.1650   2.4110   2.6380   2.8840   3.2390   3.4710   3.7050   3.9660   4.2240   4.4850   4.7460   5.0220   0.0000   0.0000   0.0000   0.0000;
282:  0.2420   0.5920   0.8320   1.0560   1.2970   1.5770   1.8180   2.1650   2.4110   2.6380   2.8840   3.2400   3.4720   3.7050   3.9650   4.2230   4.4840   4.7450   5.0200   0.0000   0.0000   0.0000   0.0000;
283:  0.2410   0.5920   0.8320   1.0560   1.2970   1.5770   1.8180   2.1650   2.4110   2.6370   2.8830   3.2400   3.4720   3.7050   3.9650   4.2210   4.4820   4.7440   5.0180   0.0000   0.0000   0.0000   0.0000;
284:  0.2410   0.5930   0.8330   1.0560   1.2970   1.5770   1.8180   2.1650   2.4110   2.6370   2.8830   3.2400   3.4730   3.7060   3.9640   4.2190   4.4810   4.7420   5.0160   0.0000   0.0000   0.0000   0.0000;
285:  0.2410   0.5930   0.8330   1.0560   1.2980   1.5770   1.8190   2.1650   2.4110   2.6370   2.8830   3.2410   3.4730   3.7070   3.9640   4.2180   4.4800   4.7410   5.0140   0.0000   0.0000   0.0000   0.0000;
286:  0.2400   0.5930   0.8330   1.0560   1.2980   1.5780   1.8190   2.1650   2.4110   2.6370   2.8820   3.2420   3.4740   3.7070   3.9630   4.2170   4.4780   4.7400   5.0110   0.0000   0.0000   0.0000   0.0000;
287:  0.2400   0.5930   0.8330   1.0560   1.2980   1.5780   1.8190   2.1650   2.4110   2.6360   2.8820   3.2420   3.4750   3.7080   3.9630   4.2160   4.4770   4.7390   5.0090   0.0000   0.0000   0.0000   0.0000;
288:  0.2400   0.5930   0.8330   1.0560   1.2980   1.5780   1.8190   2.1650   2.4110   2.6360   2.8820   3.2430   3.4750   3.7090   3.9620   4.2150   4.4760   4.7380   5.0060   0.0000   0.0000   0.0000   0.0000;
289:  0.2390   0.5930   0.8330   1.0560   1.2980   1.5780   1.8200   2.1650   2.4110   2.6360   2.8820   3.2440   3.4760   3.7100   3.9620   4.2140   4.4760   4.7370   5.0040   0.0000   0.0000   0.0000   0.0000;
290:  0.2390   0.5940   0.8330   1.0560   1.2980   1.5780   1.8200   2.1650   2.4120   2.6360   2.8810   3.2450   3.4770   3.7110   3.9620   4.2140   4.4750   4.7360   5.0010   0.0000   0.0000   0.0000   0.0000;
291:  0.2390   0.5940   0.8330   1.0570   1.2980   1.5780   1.8200   2.1660   2.4120   2.6360   2.8810   3.2450   3.4780   3.7130   3.9620   4.2130   4.4750   4.7360   4.9980   0.0000   0.0000   0.0000   0.0000;
292:  0.2380   0.5940   0.8330   1.0570   1.2980   1.5780   1.8200   2.1660   2.4120   2.6360   2.8810   3.2460   3.4790   3.7140   3.9620   4.2130   4.4750   4.7350   4.9960   0.0000   0.0000   0.0000   0.0000;
293:  0.2380   0.5940   0.8330   1.0570   1.2980   1.5780   1.8200   2.1660   2.4120   2.6360   2.8810   3.2470   3.4800   3.7150   3.9620   4.2130   4.4740   4.7350   4.9940   0.0000   0.0000   0.0000   0.0000;
294:  0.2380   0.5940   0.8330   1.0570   1.2990   1.5780   1.8210   2.1670   2.4120   2.6360   2.8810   3.2480   3.4800   3.7170   3.9620   4.2140   4.4740   4.7350   4.9920   0.0000   0.0000   0.0000   0.0000;
295:  0.2370   0.5940   0.8330   1.0570   1.2990   1.5780   1.8210   2.1670   2.4120   2.6370   2.8810   3.2490   3.4810   3.7180   3.9620   4.2140   4.4740   4.7350   4.9900   0.0000   0.0000   0.0000   0.0000;
296:  0.2370   0.5950   0.8330   1.0570   1.2990   1.5780   1.8210   2.1680   2.4120   2.6370   2.8810   3.2500   3.4820   3.7200   3.9630   4.2150   4.4750   4.7350   4.9880   0.0000   0.0000   0.0000   0.0000;
297:  0.2360   0.5950   0.8340   1.0580   1.2990   1.5780   1.8220   2.1680   2.4130   2.6370   2.8810   3.2510   3.4830   3.7210   3.9630   4.2160   4.4750   4.7350   4.9870   0.0000   0.0000   0.0000   0.0000;
298:  0.2360   0.5950   0.8340   1.0580   1.2990   1.5780   1.8220   2.1690   2.4130   2.6370   2.8810   3.2510   3.4840   3.7230   3.9640   4.2170   4.4750   4.7350   4.9860   0.0000   0.0000   0.0000   0.0000;
299:  0.2350   0.5950   0.8340   1.0580   1.3000   1.5780   1.8220   2.1690   2.4130   2.6380   2.8810   3.2520   3.4850   3.7240   3.9650   4.2180   4.4760   4.7360   4.9850   0.0000   0.0000   0.0000   0.0000;
300:  0.2350   0.5950   0.8340   1.0580   1.3000   1.5780   1.8220   2.1700   2.4130   2.6380   2.8810   3.2530   3.4860   3.7260   3.9660   4.2200   4.4770   4.7360   4.9840   0.0000   0.0000   0.0000   0.0000;
301:  0.2350   0.5950   0.8350   1.0580   1.3000   1.5790   1.8230   2.1710   2.4140   2.6390   2.8820   3.2530   3.4870   3.7270   3.9670   4.2210   4.4780   4.7370   4.9840   0.0000   0.0000   0.0000   0.0000;
302:  0.2340   0.5950   0.8350   1.0580   1.3000   1.5790   1.8230   2.1710   2.4140   2.6390   2.8820   3.2540   3.4890   3.7290   3.9680   4.2230   4.4780   4.7380   4.9840   0.0000   0.0000   0.0000   0.0000;
303:  0.2340   0.5950   0.8350   1.0580   1.3010   1.5790   1.8230   2.1720   2.4150   2.6400   2.8830   3.2540   3.4900   3.7310   3.9690   4.2250   4.4790   4.7380   4.9840   0.0000   0.0000   0.0000   0.0000;
304:  0.2330   0.5950   0.8350   1.0580   1.3010   1.5790   1.8240   2.1730   2.4150   2.6400   2.8830   3.2550   3.4910   3.7320   3.9700   4.2270   4.4800   4.7390   4.9850   0.0000   0.0000   0.0000   0.0000;
305:  0.2330   0.5950   0.8360   1.0590   1.3010   1.5790   1.8240   2.1730   2.4150   2.6410   2.8840   3.2550   3.4920   3.7330   3.9720   4.2290   4.4820   4.7400   4.9860   0.0000   0.0000   0.0000   0.0000;
306:  0.2320   0.5960   0.8360   1.0590   1.3020   1.5800   1.8240   2.1740   2.4160   2.6420   2.8850   3.2560   3.4930   3.7350   3.9730   4.2310   4.4830   4.7410   4.9870   0.0000   0.0000   0.0000   0.0000;
307:  0.2320   0.5960   0.8360   1.0590   1.3020   1.5800   1.8250   2.1750   2.4160   2.6430   2.8850   3.2560   3.4940   3.7360   3.9750   4.2330   4.4840   4.7420   4.9890   0.0000   0.0000   0.0000   0.0000;
308:  0.2310   0.5960   0.8370   1.0590   1.3020   1.5800   1.8250   2.1750   2.4170   2.6440   2.8860   3.2560   3.4950   3.7380   3.9760   4.2350   4.4850   4.7440   4.9910   0.0000   0.0000   0.0000   0.0000;
309:  0.2310   0.5960   0.8370   1.0600   1.3030   1.5810   1.8260   2.1760   2.4180   2.6450   2.8870   3.2560   3.4960   3.7390   3.9780   4.2360   4.4870   4.7450   4.9930   0.0000   0.0000   0.0000   0.0000;
310:  0.2310   0.5960   0.8380   1.0600   1.3030   1.5820   1.8260   2.1760   2.4180   2.6450   2.8890   3.2570   3.4970   3.7400   3.9800   4.2380   4.4880   4.7460   4.9960   0.0000   0.0000   0.0000   0.0000;
311:  0.2310   0.5960   0.8380   1.0600   1.3040   1.5820   1.8270   2.1770   2.4190   2.6460   2.8900   3.2570   3.4990   3.7410   3.9820   4.2400   4.4890   4.7470   4.9980   0.0000   0.0000   0.0000   0.0000;
312:  0.2300   0.5970   0.8380   1.0600   1.3040   1.5830   1.8270   2.1780   2.4200   2.6470   2.8910   3.2570   3.5000   3.7430   3.9830   4.2420   4.4910   4.7480   5.0010   0.0000   0.0000   0.0000   0.0000;
313:  0.2300   0.5970   0.8390   1.0610   1.3050   1.5830   1.8280   2.1780   2.4210   2.6490   2.8920   3.2580   3.5010   3.7440   3.9850   4.2440   4.4920   4.7490   5.0040   0.0000   0.0000   0.0000   0.0000;
314:  0.2300   0.5970   0.8390   1.0610   1.3050   1.5840   1.8290   2.1790   2.4220   2.6500   2.8930   3.2580   3.5020   3.7450   3.9870   4.2460   4.4940   4.7500   5.0070   0.0000   0.0000   0.0000   0.0000;
315:  0.2290   0.5980   0.8400   1.0620   1.3060   1.5850   1.8290   2.1800   2.4230   2.6510   2.8950   3.2590   3.5030   3.7460   3.9890   4.2470   4.4950   4.7510   5.0110   0.0000   0.0000   0.0000   0.0000;
316:  0.2290   0.5980   0.8400   1.0620   1.3060   1.5850   1.8300   2.1800   2.4240   2.6520   2.8960   3.2590   3.5050   3.7470   3.9910   4.2490   4.4970   4.7530   5.0140   0.0000   0.0000   0.0000   0.0000;
317:  0.2290   0.5980   0.8400   1.0630   1.3070   1.5860   1.8310   2.1810   2.4240   2.6530   2.8980   3.2600   3.5060   3.7480   3.9920   4.2500   4.4980   4.7540   5.0170   0.0000   0.0000   0.0000   0.0000;
318:  0.2290   0.5990   0.8410   1.0630   1.3070   1.5870   1.8320   2.1820   2.4250   2.6540   2.8990   3.2600   3.5070   3.7500   3.9940   4.2520   4.5000   4.7550   5.0210   0.0000   0.0000   0.0000   0.0000;
319:  0.2290   0.5990   0.8410   1.0640   1.3080   1.5880   1.8330   2.1820   2.4270   2.6550   2.9000   3.2610   3.5080   3.7510   3.9960   4.2530   4.5010   4.7560   5.0240   5.4630   0.0000   0.0000   0.0000;
320:  0.2290   0.5990   0.8420   1.0640   1.3090   1.5890   1.8340   2.1830   2.4270   2.6560   2.9020   3.2620   3.5090   3.7520   3.9980   4.2540   4.5030   4.7570   5.0280   5.4420   0.0000   0.0000   0.0000;
321:  0.2290   0.6000   0.8420   1.0650   1.3090   1.5900   1.8350   2.1840   2.4290   2.6580   2.9040   3.2630   3.5110   3.7530   3.9990   4.2550   4.5050   4.7580   5.0310   5.4250   0.0000   0.0000   0.0000;
322:  0.2290   0.6000   0.8420   1.0650   1.3100   1.5910   1.8350   2.1840   2.4300   2.6590   2.9050   3.2640   3.5120   3.7540   4.0010   4.2560   4.5060   4.7590   5.0350   5.4140   5.8390   0.0000   0.0000;
323:  0.2290   0.6010   0.8420   1.0660   1.3110   1.5920   1.8360   2.1850   2.4310   2.6600   2.9070   3.2650   3.5130   3.7560   4.0030   4.2580   4.5080   4.7600   5.0380   5.4070   5.8370   0.0000   0.0000;
324:  0.2290   0.6010   0.8430   1.0670   1.3110   1.5930   1.8370   2.1860   2.4320   2.6610   2.9080   3.2660   3.5140   3.7570   4.0040   4.2580   4.5090   4.7620   5.0410   5.4060   5.8370   0.0000   0.0000;
325:  0.2290   0.6020   0.8430   1.0670   1.3120   1.5950   1.8380   2.1870   2.4330   2.6620   2.9100   3.2680   3.5160   3.7580   4.0060   4.2600   4.5110   4.7630   5.0440   5.4100   5.8400   0.0000   0.0000;
326:  0.2290   0.6020   0.8430   1.0680   1.3130   1.5960   1.8400   2.1870   2.4340   2.6640   2.9110   3.2690   3.5170   3.7600   4.0070   4.2600   4.5130   4.7640   5.0470   5.4180   5.8460   6.4630   0.0000;
327:  0.2290   0.6030   0.8430   1.0690   1.3130   1.5970   1.8400   2.1880   2.4350   2.6650   2.9130   3.2710   3.5180   3.7610   4.0090   4.2610   4.5150   4.7650   5.0500   5.4290   5.8550   6.4440   0.0000;
328:  0.2290   0.6030   0.8440   1.0690   1.3140   1.5980   1.8420   2.1890   2.4360   2.6660   2.9140   3.2730   3.5200   3.7630   4.0110   4.2620   4.5170   4.7670   5.0530   5.4430   5.8650   6.4220   0.0000;
329:  0.2290   0.6040   0.8440   1.0700   1.3150   1.5990   1.8430   2.1900   2.4380   2.6670   2.9160   3.2740   3.5210   3.7640   4.0120   4.2630   4.5190   4.7690   5.0560   5.4570   5.8790   6.3980   0.0000;
330:  0.2290   0.6040   0.8440   1.0710   1.3150   1.6000   1.8440   2.1910   2.4390   2.6680   2.9170   3.2760   3.5220   3.7660   4.0140   4.2640   4.5210   4.7700   5.0580   5.4720   5.8940   6.3740   0.0000;
331:  0.2290   0.6050   0.8440   1.0710   1.3160   1.6010   1.8450   2.1930   2.4400   2.6690   2.9180   3.2780   3.5240   3.7670   4.0150   4.2650   4.5230   4.7720   5.0610   5.4860   5.9110   6.3510   0.0000;
332:  0.2290   0.6050   0.8440   1.0720   1.3170   1.6020   1.8450   2.1940   2.4410   2.6710   2.9200   3.2800   3.5250   3.7690   4.0170   4.2660   4.5250   4.7740   5.0630   5.4970   5.9280   6.3290   0.0000;
333:  0.2290   0.6050   0.8440   1.0730   1.3170   1.6030   1.8460   2.1950   2.4420   2.6720   2.9210   3.2820   3.5260   3.7710   4.0180   4.2670   4.5270   4.7760   5.0650   5.5060   5.9460   6.3110   0.0000;
334:  0.2290   0.6060   0.8440   1.0730   1.3180   1.6040   1.8470   2.1960   2.4430   2.6730   2.9230   3.2850   3.5280   3.7730   4.0200   4.2690   4.5290   4.7780   5.0680   5.5120   5.9640   6.2970   0.0000;
335:  0.2290   0.6060   0.8440   1.0740   1.3180   1.6050   1.8480   2.1980   2.4440   2.6740   2.9240   3.2870   3.5290   3.7750   4.0220   4.2700   4.5320   4.7800   5.0700   5.5150   5.9810   6.2870   0.0000;
336:  0.2290   0.6070   0.8440   1.0750   1.3190   1.6060   1.8490   2.1990   2.4450   2.6750   2.9250   3.2890   3.5310   3.7760   4.0240   4.2710   4.5340   4.7830   5.0720   5.5150   5.9970   6.2810   0.0000;
337:  0.2290   0.6070   0.8440   1.0750   1.3200   1.6070   1.8500   2.2000   2.4470   2.6760   2.9270   3.2910   3.5320   3.7780   4.0250   4.2730   4.5360   4.7850   5.0740   5.5120   6.0110   6.2800   0.0000;
338:  0.2280   0.6070   0.8450   1.0760   1.3200   1.6080   1.8510   2.2020   2.4480   2.6770   2.9280   3.2940   3.5340   3.7800   4.0270   4.2750   4.5390   4.7880   5.0760   5.5070   6.0230   6.2820   0.0000;
339:  0.2280   0.6070   0.8450   1.0770   1.3210   1.6090   1.8510   2.2030   2.4490   2.6780   2.9290   3.2960   3.5350   3.7820   4.0290   4.2760   4.5420   4.7910   5.0780   5.5000   6.0330   6.2870   0.0000;
340:  0.2280   0.6080   0.8450   1.0770   1.3210   1.6100   1.8520   2.2050   2.4500   2.6800   2.9310   3.2980   3.5370   3.7840   4.0310   4.2780   4.5440   4.7940   5.0800   5.4930   6.0400   6.2960   0.0000;
341:  0.2280   0.6080   0.8450   1.0780   1.3220   1.6110   1.8530   2.2070   2.4510   2.6810   2.9320   3.3010   3.5390   3.7860   4.0330   4.2800   4.5470   4.7960   5.0820   5.4870   6.0450   6.3060   0.0000;
342:  0.2280   0.6080   0.8450   1.0780   1.3220   1.6110   1.8530   2.2080   2.4520   2.6820   2.9330   3.3030   3.5400   3.7880   4.0350   4.2830   4.5490   4.8000   5.0840   5.4820   6.0470   6.3190   0.0000;
343:  0.2280   0.6080   0.8450   1.0790   1.3230   1.6120   1.8540   2.2100   2.4530   2.6830   2.9350   3.3050   3.5420   3.7900   4.0370   4.2850   4.5520   4.8030   5.0860   5.4780   6.0460   6.3330   0.0000;
344:  0.2270   0.6090   0.8450   1.0790   1.3230   1.6130   1.8540   2.2110   2.4540   2.6840   2.9360   3.3070   3.5440   3.7910   4.0400   4.2870   4.5550   4.8060   5.0880   5.4770   6.0440   6.3500   0.0000;
345:  0.2270   0.6090   0.8460   1.0800   1.3240   1.6130   1.8550   2.2130   2.4550   2.6850   2.9370   3.3090   3.5460   3.7930   4.0420   4.2900   4.5570   4.8090   5.0900   5.4780   6.0380   6.3680   0.0000;
346:  0.2270   0.6090   0.8460   1.0800   1.3240   1.6140   1.8550   2.2150   2.4560   2.6860   2.9380   3.3110   3.5470   3.7950   4.0440   4.2930   4.5600   4.8130   5.0930   5.4820   6.0320   6.3890   0.0000;
347:  0.2270   0.6090   0.8460   1.0800   1.3240   1.6150   1.8560   2.2160   2.4570   2.6870   2.9400   3.3130   3.5490   3.7970   4.0470   4.2950   4.5620   4.8160   5.0950   5.4870   6.0240   6.4130   0.0000;
348:  0.2270   0.6090   0.8470   1.0810   1.3250   1.6150   1.8560   2.2180   2.4580   2.6880   2.9410   3.3150   3.5510   3.7990   4.0490   4.2980   4.5650   4.8190   5.0970   5.4950   6.0150   6.4390   0.0000;
349:  0.2270   0.6090   0.8470   1.0810   1.3250   1.6160   1.8560   2.2190   2.4600   2.6890   2.9420   3.3160   3.5530   3.8010   4.0520   4.3010   4.5680   4.8220   5.1000   5.5040   6.0050   6.4680   0.0000;
350:  0.2260   0.6090   0.8470   1.0820   1.3250   1.6160   1.8570   2.2200   2.4610   2.6910   2.9440   3.3180   3.5550   3.8020   4.0550   4.3040   4.5700   4.8250   5.1030   5.5140   5.9960   6.4990   0.0000;
351:  0.2260   0.6090   0.8480   1.0820   1.3260   1.6170   1.8570   2.2220   2.4620   2.6920   2.9450   3.3190   3.5570   3.8040   4.0580   4.3070   4.5730   4.8290   5.1050   5.5230   5.9870   6.5320   0.0000;
352:  0.2260   0.6090   0.8480   1.0820   1.3260   1.6180   1.8580   2.2230   2.4630   2.6930   2.9460   3.3210   3.5590   3.8060   4.0600   4.3100   4.5760   4.8320   5.1080   5.5320   5.9790   6.5650   0.0000;
353:  0.2260   0.6090   0.8490   1.0820   1.3260   1.6180   1.8580   2.2240   2.4640   2.6940   2.9470   3.3220   3.5610   3.8070   4.0630   4.3130   4.5780   4.8350   5.1110   5.5400   5.9710   6.5990   0.0000;
354:  0.2260   0.6090   0.8490   1.0820   1.3270   1.6180   1.8580   2.2250   2.4650   2.6950   2.9480   3.3230   3.5630   3.8090   4.0660   4.3160   4.5810   4.8380   5.1140   5.5460   5.9650   6.6300   0.0000;
355:  0.2260   0.6090   0.8500   1.0830   1.3270   1.6190   1.8590   2.2260   2.4660   2.6960   2.9500   3.3240   3.5650   3.8110   4.0690   4.3190   4.5830   4.8410   5.1170   5.5500   5.9610   6.6580   0.0000;
356:  0.2260   0.6090   0.8500   1.0830   1.3270   1.6200   1.8590   2.2270   2.4670   2.6970   2.9510   3.3250   3.5670   3.8120   4.0710   4.3220   4.5860   4.8440   5.1200   5.5530   5.9580   6.6800   0.0000;
357:  0.2260   0.6090   0.8510   1.0830   1.3280   1.6200   1.8590   2.2280   2.4680   2.6980   2.9520   3.3260   3.5690   3.8140   4.0740   4.3240   4.5880   4.8460   5.1240   5.5540   5.9570   6.6970   0.0000;
358:  0.2260   0.6090   0.8510   1.0830   1.3280   1.6200   1.8600   2.2290   2.4690   2.6990   2.9530   3.3270   3.5710   3.8150   4.0760   4.3270   4.5900   4.8490   5.1270   5.5530   5.9570   6.7070   0.0000;
359:  0.2260   0.6100   0.8520   1.0830   1.3280   1.6210   1.8600   2.2290   2.4700   2.7000   2.9540   3.3280   3.5730   3.8170   4.0790   4.3300   4.5930   4.8520   5.1300   5.5520   5.9590   6.7100   0.0000;
