C:\RK-3\Data\PA000001\ED0000010003L.DAT;
000:  0.3985   0.6755   0.8960   1.1155   1.3585   1.6045   1.8885   2.1660   2.3815   2.6060   2.8995   3.1950   3.4305   3.6740   3.9270   4.1990   4.5030   4.8205   5.2200   5.6300   5.9720   0.0000   0.0000;
001:  0.3985   0.6755   0.8960   1.1155   1.3585   1.6040   1.8880   2.1660   2.3815   2.6065   2.9000   3.1955   3.4310   3.6735   3.9275   4.2005   4.5045   4.8235   5.2180   5.6220   5.9645   0.0000   0.0000;
002:  0.3985   0.6750   0.8955   1.1155   1.3585   1.6040   1.8875   2.1650   2.3810   2.6065   2.9000   3.1955   3.4305   3.6730   3.9280   4.2010   4.5055   4.8265   5.2170   5.6155   5.9560   0.0000   0.0000;
003:  0.3985   0.6745   0.8955   1.1155   1.3580   1.6035   1.8870   2.1645   2.3810   2.6070   2.9005   3.1950   3.4300   3.6725   3.9280   4.2020   4.5065   4.8290   5.2170   5.6100   5.9455   0.0000   0.0000;
004:  0.3985   0.6745   0.8950   1.1150   1.3580   1.6030   1.8860   2.1640   2.3810   2.6070   2.9005   3.1950   3.4295   3.6715   3.9280   4.2030   4.5080   4.8320   5.2180   5.6065   5.9350   0.0000   0.0000;
005:  0.3985   0.6745   0.8950   1.1150   1.3580   1.6030   1.8855   2.1630   2.3805   2.6075   2.9010   3.1945   3.4290   3.6715   3.9290   4.2045   4.5090   4.8345   5.2195   5.6030   5.9230   0.0000   0.0000;
006:  0.3980   0.6745   0.8945   1.1145   1.3580   1.6025   1.8845   2.1625   2.3800   2.6070   2.9010   3.1945   3.4285   3.6705   3.9290   4.2055   4.5105   4.8380   5.2225   5.6010   5.9105   0.0000   0.0000;
007:  0.3980   0.6740   0.8940   1.1145   1.3580   1.6025   1.8840   2.1615   2.3795   2.6075   2.9015   3.1940   3.4280   3.6700   3.9290   4.2070   4.5120   4.8405   5.2250   5.5990   5.8975   0.0000   0.0000;
008:  0.3980   0.6740   0.8940   1.1145   1.3575   1.6015   1.8825   2.1605   2.3795   2.6075   2.9010   3.1930   3.4270   3.6690   3.9290   4.2080   4.5130   4.8435   5.2285   5.5975   5.8850   0.0000   0.0000;
009:  0.3980   0.6740   0.8935   1.1140   1.3575   1.6015   1.8820   2.1600   2.3790   2.6070   2.9010   3.1920   3.4255   3.6680   3.9290   4.2095   4.5150   4.8465   5.2315   5.5955   5.8730   0.0000   0.0000;
010:  0.3980   0.6740   0.8935   1.1140   1.3570   1.6005   1.8810   2.1590   2.3785   2.6070   2.9005   3.1910   3.4245   3.6670   3.9295   4.2120   4.5170   4.8495   5.2350   5.5935   5.8610   0.0000   0.0000;
011:  0.3975   0.6730   0.8925   1.1130   1.3565   1.6000   1.8795   2.1580   2.3785   2.6070   2.9005   3.1905   3.4235   3.6660   3.9295   4.2135   4.5185   4.8520   5.2380   5.5920   5.8510   0.0000   0.0000;
012:  0.3975   0.6730   0.8925   1.1130   1.3560   1.5990   1.8785   2.1570   2.3775   2.6065   2.9000   3.1890   3.4225   3.6655   3.9300   4.2165   4.5215   4.8550   5.2410   5.5900   5.8410   0.0000   0.0000;
013:  0.3975   0.6730   0.8920   1.1125   1.3560   1.5985   1.8770   2.1560   2.3770   2.6055   2.8990   3.1880   3.4215   3.6650   3.9305   4.2185   4.5240   4.8580   5.2435   5.5875   5.8320   0.0000   0.0000;
014:  0.3975   0.6725   0.8910   1.1115   1.3550   1.5980   1.8765   2.1550   2.3765   2.6055   2.8985   3.1865   3.4200   3.6640   3.9310   4.2210   4.5260   4.8600   5.2450   5.5845   5.8235   0.0000   0.0000;
015:  0.3970   0.6720   0.8910   1.1115   1.3550   1.5975   1.8750   2.1535   2.3755   2.6045   2.8975   3.1855   3.4190   3.6635   3.9315   4.2235   4.5290   4.8630   5.2465   5.5815   5.8155   0.0000   0.0000;
016:  0.3965   0.6720   0.8905   1.1105   1.3540   1.5965   1.8740   2.1530   2.3750   2.6040   2.8970   3.1840   3.4175   3.6625   3.9320   4.2265   4.5325   4.8660   5.2475   5.5785   5.8080   0.0000   0.0000;
017:  0.3965   0.6720   0.8900   1.1100   1.3535   1.5955   1.8730   2.1520   2.3745   2.6035   2.8955   3.1820   3.4165   3.6625   3.9330   4.2300   4.5360   4.8680   5.2475   5.5750   5.8005   0.0000   0.0000;
018:  0.3965   0.6715   0.8895   1.1095   1.3525   1.5945   1.8715   2.1510   2.3740   2.6025   2.8945   3.1810   3.4155   3.6625   3.9345   4.2335   4.5395   4.8705   5.2475   5.5705   5.7920   0.0000   0.0000;
019:  0.3960   0.6710   0.8890   1.1085   1.3520   1.5940   1.8705   2.1500   2.3730   2.6015   2.8935   3.1795   3.4140   3.6620   3.9355   4.2370   4.5435   4.8725   5.2465   5.5665   5.7840   0.0000   0.0000;
020:  0.3960   0.6705   0.8880   1.1080   1.3515   1.5930   1.8695   2.1490   2.3720   2.6000   2.8915   3.1780   3.4135   3.6625   3.9370   4.2400   4.5470   4.8750   5.2450   5.5615   5.7760   0.0000   0.0000;
021:  0.3960   0.6705   0.8880   1.1075   1.3505   1.5920   1.8685   2.1485   2.3715   2.5990   2.8905   3.1765   3.4120   3.6620   3.9380   4.2435   4.5510   4.8765   5.2425   5.5560   5.7675   0.0000   0.0000;
022:  0.3955   0.6695   0.8870   1.1065   1.3495   1.5915   1.8680   2.1475   2.3705   2.5980   2.8890   3.1745   3.4110   3.6625   3.9395   4.2470   4.5550   4.8780   5.2390   5.5490   5.7590   0.0000   0.0000;
023:  0.3955   0.6695   0.8865   1.1055   1.3485   1.5905   1.8670   2.1465   2.3690   2.5960   2.8870   3.1730   3.4100   3.6630   3.9415   4.2510   4.5595   4.8795   5.2360   5.5425   5.7510   0.0000   0.0000;
024:  0.3955   0.6690   0.8855   1.1045   1.3475   1.5895   1.8660   2.1455   2.3680   2.5945   2.8850   3.1715   3.4095   3.6635   3.9430   4.2540   4.5630   4.8805   5.2315   5.5335   5.7430   0.0000   0.0000;
025:  0.3945   0.6685   0.8850   1.1030   1.3455   1.5880   1.8650   2.1445   2.3670   2.5935   2.8840   3.1700   3.4085   3.6645   3.9450   4.2575   4.5670   4.8815   5.2270   5.5245   5.7365   0.0000   0.0000;
026:  0.3945   0.6685   0.8845   1.1020   1.3445   1.5870   1.8640   2.1435   2.3660   2.5920   2.8820   3.1685   3.4075   3.6645   3.9470   4.2615   4.5710   4.8815   5.2210   5.5145   5.7310   0.0000   0.0000;
027:  0.3940   0.6675   0.8840   1.1015   1.3435   1.5860   1.8630   2.1425   2.3645   2.5900   2.8800   3.1665   3.4065   3.6655   3.9490   4.2645   4.5745   4.8815   5.2145   5.5030   5.7255   0.0000   0.0000;
028:  0.3940   0.6670   0.8830   1.1005   1.3425   1.5850   1.8620   2.1415   2.3635   2.5885   2.8780   3.1650   3.4060   3.6670   3.9515   4.2675   4.5780   4.8815   5.2080   5.4910   5.7220   0.0000   0.0000;
029:  0.3935   0.6665   0.8825   1.0995   1.3415   1.5840   1.8610   2.1405   2.3625   2.5870   2.8760   3.1635   3.4055   3.6680   3.9540   4.2710   4.5815   4.8810   5.2005   5.4790   5.7195   0.0000   0.0000;
030:  0.3935   0.6660   0.8815   1.0980   1.3395   1.5825   1.8605   2.1400   2.3610   2.5850   2.8740   3.1620   3.4055   3.6695   3.9560   4.2735   4.5840   4.8795   5.1925   5.4665   5.7180   0.0000   0.0000;
031:  0.3935   0.6655   0.8805   1.0970   1.3385   1.5815   1.8595   2.1390   2.3600   2.5830   2.8715   3.1605   3.4050   3.6710   3.9585   4.2760   4.5865   4.8775   5.1840   5.4550   5.7175   0.0000   0.0000;
032:  0.3930   0.6650   0.8800   1.0960   1.3375   1.5810   1.8590   2.1380   2.3585   2.5810   2.8700   3.1595   3.4050   3.6725   3.9610   4.2785   4.5885   4.8755   5.1755   5.4440   5.7175   0.0000   0.0000;
033:  0.3925   0.6640   0.8790   1.0945   1.3355   1.5790   1.8575   2.1365   2.3570   2.5795   2.8680   3.1580   3.4045   3.6740   3.9635   4.2805   4.5900   4.8725   5.1665   5.4340   0.0000   0.0000   0.0000;
034:  0.3925   0.6640   0.8785   1.0935   1.3345   1.5785   1.8570   2.1355   2.3560   2.5785   2.8665   3.1570   3.4050   3.6755   3.9655   4.2820   4.5910   4.8690   5.1580   0.0000   0.0000   0.0000   0.0000;
035:  0.3925   0.6635   0.8775   1.0925   1.3335   1.5775   1.8560   2.1345   2.3545   2.5765   2.8650   3.1560   3.4045   3.6770   3.9680   4.2835   4.5920   4.8655   5.1495   0.0000   0.0000   0.0000   0.0000;
036:  0.3920   0.6625   0.8765   1.0910   1.3320   1.5765   1.8550   2.1330   2.3530   2.5750   2.8630   3.1545   3.4045   3.6785   3.9700   4.2845   4.5920   4.8610   5.1415   0.0000   0.0000   0.0000   0.0000;
037:  0.3915   0.6615   0.8755   1.0900   1.3305   1.5745   1.8535   2.1320   2.3515   2.5730   2.8615   3.1540   3.4050   3.6805   3.9725   4.2850   4.5910   4.8560   5.1345   0.0000   0.0000   0.0000   0.0000;
038:  0.3915   0.6610   0.8745   1.0890   1.3295   1.5740   1.8530   2.1310   2.3505   2.5715   2.8600   3.1530   3.4050   3.6820   3.9745   4.2855   4.5895   4.8505   5.1280   0.0000   0.0000   0.0000   0.0000;
039:  0.3915   0.6605   0.8740   1.0875   1.3280   1.5725   1.8515   2.1295   2.3485   2.5695   2.8585   3.1525   3.4055   3.6835   3.9765   4.2855   4.5875   4.8445   5.1225   0.0000   0.0000   0.0000   0.0000;
040:  0.3915   0.6600   0.8730   1.0865   1.3265   1.5710   1.8505   2.1285   2.3475   2.5685   2.8575   3.1515   3.4055   3.6855   3.9785   4.2850   4.5855   4.8380   5.1175   0.0000   0.0000   0.0000   0.0000;
041:  0.3910   0.6590   0.8720   1.0855   1.3255   1.5700   1.8495   2.1270   2.3455   2.5670   2.8570   3.1515   3.4060   3.6865   3.9800   4.2845   4.5825   4.8315   0.0000   0.0000   0.0000   0.0000   0.0000;
042:  0.3910   0.6585   0.8710   1.0845   1.3245   1.5690   1.8480   2.1250   2.3440   2.5655   2.8555   3.1510   3.4070   3.6885   3.9815   4.2830   4.5785   4.8240   0.0000   0.0000   0.0000   0.0000   0.0000;
043:  0.3905   0.6575   0.8700   1.0830   1.3230   1.5680   1.8470   2.1240   2.3430   2.5645   2.8550   3.1505   3.4070   3.6900   3.9835   4.2820   4.5740   4.8160   0.0000   0.0000   0.0000   0.0000   0.0000;
044:  0.3905   0.6575   0.8690   1.0815   1.3220   1.5670   1.8455   2.1220   2.3410   2.5630   2.8545   3.1505   3.4075   3.6910   3.9845   4.2805   4.5695   4.8075   0.0000   0.0000   0.0000   0.0000   0.0000;
045:  0.3905   0.6565   0.8685   1.0810   1.3210   1.5655   1.8440   2.1205   2.3395   2.5620   2.8540   3.1505   3.4085   3.6925   3.9850   4.2780   4.5640   4.7990   0.0000   0.0000   0.0000   0.0000   0.0000;
046:  0.3905   0.6560   0.8670   1.0795   1.3195   1.5640   1.8425   2.1190   2.3385   2.5615   2.8540   3.1505   3.4090   3.6935   3.9860   4.2755   4.5580   4.7905   0.0000   0.0000   0.0000   0.0000   0.0000;
047:  0.3900   0.6550   0.8660   1.0785   1.3185   1.5630   1.8410   2.1170   2.3370   2.5605   2.8540   3.1510   3.4100   3.6945   3.9860   4.2725   4.5515   4.7810   0.0000   0.0000   0.0000   0.0000   0.0000;
048:  0.3900   0.6540   0.8650   1.0775   1.3175   1.5615   1.8390   2.1150   2.3350   2.5595   2.8540   3.1510   3.4110   3.6960   3.9870   4.2700   4.5445   4.7715   0.0000   0.0000   0.0000   0.0000   0.0000;
049:  0.3900   0.6535   0.8640   1.0765   1.3165   1.5605   1.8380   2.1140   2.3340   2.5585   2.8540   3.1520   3.4120   3.6965   3.9870   4.2670   4.5380   4.7625   0.0000   0.0000   0.0000   0.0000   0.0000;
050:  0.3895   0.6530   0.8635   1.0760   1.3160   1.5595   1.8365   2.1120   2.3325   2.5580   2.8545   3.1525   3.4130   3.6975   3.9865   4.2630   4.5300   4.7525   0.0000   0.0000   0.0000   0.0000   0.0000;
051:  0.3900   0.6525   0.8625   1.0750   1.3150   1.5580   1.8345   2.1105   2.3315   2.5575   2.8550   3.1530   3.4135   3.6975   3.9860   4.2595   4.5225   4.7435   0.0000   0.0000   0.0000   0.0000   0.0000;
052:  0.3895   0.6515   0.8620   1.0745   1.3140   1.5570   1.8330   2.1085   2.3300   2.5570   2.8555   3.1540   3.4150   3.6985   3.9855   4.2555   4.5145   4.7335   0.0000   0.0000   0.0000   0.0000   0.0000;
053:  0.3895   0.6510   0.8610   1.0735   1.3130   1.5555   1.8310   2.1065   2.3285   2.5565   2.8565   3.1550   3.4155   3.6985   3.9845   4.2515   4.5065   4.7245   0.0000   0.0000   0.0000   0.0000   0.0000;
054:  0.3895   0.6500   0.8600   1.0730   1.3125   1.5545   1.8295   2.1050   2.3275   2.5565   2.8575   3.1560   3.4170   3.6990   3.9835   4.2475   4.4985   4.7150   0.0000   0.0000   0.0000   0.0000   0.0000;
055:  0.3895   0.6500   0.8595   1.0720   1.3115   1.5530   1.8275   2.1030   2.3260   2.5560   2.8585   3.1575   3.4180   3.6990   3.9825   4.2435   4.4905   4.7060   0.0000   0.0000   0.0000   0.0000   0.0000;
056:  0.3895   0.6490   0.8585   1.0715   1.3110   1.5520   1.8255   2.1010   2.3250   2.5555   2.8590   3.1580   3.4190   3.6990   3.9805   4.2385   4.4815   4.6970   0.0000   0.0000   0.0000   0.0000   0.0000;
057:  0.3895   0.6485   0.8575   1.0705   1.3100   1.5510   1.8240   2.0990   2.3235   2.5555   2.8605   3.1595   3.4200   3.6990   3.9795   4.2350   4.4745   4.6885   0.0000   0.0000   0.0000   0.0000   0.0000;
058:  0.3890   0.6480   0.8570   1.0700   1.3095   1.5495   1.8220   2.0975   2.3225   2.5550   2.8610   3.1605   3.4210   3.6985   3.9775   4.2305   4.4665   4.6805   0.0000   0.0000   0.0000   0.0000   0.0000;
059:  0.3895   0.6475   0.8565   1.0695   1.3085   1.5480   1.8200   2.0960   2.3215   2.5550   2.8625   3.1620   3.4225   3.6990   3.9755   4.2255   4.4585   4.6725   0.0000   0.0000   0.0000   0.0000   0.0000;
060:  0.3890   0.6465   0.8555   1.0690   1.3080   1.5470   1.8185   2.0940   2.3205   2.5550   2.8630   3.1630   3.4235   3.6985   3.9735   4.2215   4.4515   4.6650   0.0000   0.0000   0.0000   0.0000   0.0000;
061:  0.3890   0.6465   0.8550   1.0680   1.3070   1.5455   1.8170   2.0930   2.3195   2.5550   2.8645   3.1645   3.4245   3.6980   3.9715   4.2170   4.4445   4.6585   0.0000   0.0000   0.0000   0.0000   0.0000;
062:  0.3890   0.6455   0.8540   1.0675   1.3065   1.5445   1.8155   2.0915   2.3185   2.5545   2.8650   3.1660   3.4255   3.6970   3.9690   4.2125   4.4380   4.6525   0.0000   0.0000   0.0000   0.0000   0.0000;
063:  0.3890   0.6450   0.8535   1.0670   1.3055   1.5435   1.8140   2.0900   2.3180   2.5550   2.8660   3.1670   3.4265   3.6965   3.9665   4.2085   4.4320   4.6465   0.0000   0.0000   0.0000   0.0000   0.0000;
064:  0.3885   0.6445   0.8530   1.0665   1.3050   1.5420   1.8125   2.0890   2.3170   2.5545   2.8670   3.1685   3.4275   3.6960   3.9640   4.2040   4.4260   0.0000   0.0000   0.0000   0.0000   0.0000   0.0000;
065:  0.3885   0.6440   0.8525   1.0660   1.3045   1.5415   1.8110   2.0875   2.3165   2.5550   2.8680   3.1695   3.4285   3.6955   3.9620   4.2005   0.0000   0.0000   0.0000   0.0000   0.0000   0.0000   0.0000;
066:  0.3885   0.6435   0.8520   1.0655   1.3035   1.5395   1.8095   2.0865   2.3155   2.5545   2.8685   3.1710   3.4295   3.6945   3.9595   4.1965   0.0000   0.0000   0.0000   0.0000   0.0000   0.0000   0.0000;
067:  0.3885   0.6430   0.8515   1.0650   1.3030   1.5390   1.8080   2.0855   2.3155   2.5545   2.8690   3.1720   3.4305   3.6940   3.9565   4.1925   0.0000   0.0000   0.0000   0.0000   0.0000   0.0000   0.0000;
068:  0.3885   0.6430   0.8510   1.0645   1.3025   1.5380   1.8070   2.0845   2.3150   2.5550   2.8700   3.1730   3.4310   3.6930   3.9540   4.1890   0.0000   0.0000   0.0000   0.0000   0.0000   0.0000   0.0000;
069:  0.3880   0.6420   0.8500   1.0635   1.3015   1.5365   1.8055   2.0835   2.3140   2.5545   2.8705   3.1745   3.4320   3.6920   3.9515   4.1855   0.0000   0.0000   0.0000   0.0000   0.0000   0.0000   0.0000;
070:  0.3885   0.6420   0.8500   1.0635   1.3010   1.5355   1.8045   2.0830   2.3140   2.5545   2.8705   3.1750   3.4325   3.6910   3.9490   4.1825   0.0000   0.0000   0.0000   0.0000   0.0000   0.0000   0.0000;
071:  0.3880   0.6410   0.8495   1.0630   1.3000   1.5345   1.8040   2.0830   2.3140   2.5545   2.8710   3.1760   3.4335   3.6910   3.9470   4.1795   0.0000   0.0000   0.0000   0.0000   0.0000   0.0000   0.0000;
072:  0.3880   0.6410   0.8490   1.0625   1.2995   1.5335   1.8030   2.0820   2.3130   2.5540   2.8710   3.1770   3.4345   3.6900   3.9445   4.1765   0.0000   0.0000   0.0000   0.0000   0.0000   0.0000   0.0000;
073:  0.3875   0.6400   0.8485   1.0620   1.2985   1.5325   1.8020   2.0815   2.3130   2.5540   2.8710   3.1775   3.4350   3.6895   3.9425   4.1735   0.0000   0.0000   0.0000   0.0000   0.0000   0.0000   0.0000;
074:  0.3875   0.6400   0.8480   1.0615   1.2980   1.5315   1.8015   2.0815   2.3130   2.5540   2.8710   3.1780   3.4350   3.6885   3.9405   4.1710   0.0000   0.0000   0.0000   0.0000   0.0000   0.0000   0.0000;
075:  0.3875   0.6400   0.8480   1.0610   1.2970   1.5305   1.8005   2.0805   2.3125   2.5540   2.8710   3.1790   3.4360   3.6880   3.9385   4.1685   0.0000   0.0000   0.0000   0.0000   0.0000   0.0000   0.0000;
076:  0.3870   0.6395   0.8480   1.0605   1.2960   1.5300   1.8005   2.0805   2.3125   2.5540   2.8710   3.1795   3.4365   3.6875   3.9365   4.1660   0.0000   0.0000   0.0000   0.0000   0.0000   0.0000   0.0000;
077:  0.3870   0.6390   0.8470   1.0600   1.2955   1.5290   1.7995   2.0800   2.3125   2.5540   2.8710   3.1800   3.4370   3.6870   3.9350   4.1645   0.0000   0.0000   0.0000   0.0000   0.0000   0.0000   0.0000;
078:  0.3870   0.6390   0.8470   1.0595   1.2950   1.5285   1.7990   2.0800   2.3125   2.5535   2.8700   3.1800   3.4375   3.6870   3.9335   4.1625   0.0000   0.0000   0.0000   0.0000   0.0000   0.0000   0.0000;
079:  0.3865   0.6385   0.8470   1.0595   1.2945   1.5280   1.7990   2.0800   2.3125   2.5535   2.8700   3.1805   3.4380   3.6865   3.9320   4.1610   0.0000   0.0000   0.0000   0.0000   0.0000   0.0000   0.0000;
080:  0.3865   0.6380   0.8460   1.0585   1.2935   1.5270   1.7985   2.0800   2.3125   2.5535   2.8695   3.1805   3.4385   3.6865   3.9310   4.1595   0.0000   0.0000   0.0000   0.0000   0.0000   0.0000   0.0000;
081:  0.3865   0.6380   0.8460   1.0580   1.2925   1.5265   1.7985   2.0800   2.3125   2.5535   2.8695   3.1810   3.4390   3.6865   3.9300   4.1585   0.0000   0.0000   0.0000   0.0000   0.0000   0.0000   0.0000;
082:  0.3860   0.6375   0.8460   1.0580   1.2925   1.5260   1.7980   2.0800   2.3125   2.5530   2.8685   3.1810   3.4395   3.6865   3.9295   4.1580   0.0000   0.0000   0.0000   0.0000   0.0000   0.0000   0.0000;
083:  0.3860   0.6375   0.8460   1.0575   1.2915   1.5255   1.7980   2.0800   2.3125   2.5530   2.8685   3.1815   3.4400   3.6865   3.9285   4.1570   0.0000   0.0000   0.0000   0.0000   0.0000   0.0000   0.0000;
084:  0.3860   0.6375   0.8460   1.0575   1.2915   1.5255   1.7980   2.0800   2.3125   2.5530   2.8680   3.1815   3.4405   3.6865   3.9280   4.1565   0.0000   0.0000   0.0000   0.0000   0.0000   0.0000   0.0000;
085:  0.3860   0.6375   0.8460   1.0570   1.2910   1.5255   1.7980   2.0800   2.3125   2.5525   2.8675   3.1815   3.4410   3.6875   3.9280   4.1560   0.0000   0.0000   0.0000   0.0000   0.0000   0.0000   0.0000;
086:  0.3855   0.6365   0.8450   1.0565   1.2905   1.5250   1.7980   2.0800   2.3125   2.5525   2.8675   3.1820   3.4415   3.6880   3.9285   4.1565   0.0000   0.0000   0.0000   0.0000   0.0000   0.0000   0.0000;
087:  0.3855   0.6365   0.8450   1.0560   1.2900   1.5250   1.7980   2.0800   2.3125   2.5525   2.8670   3.1820   3.4425   3.6885   3.9280   4.1565   0.0000   0.0000   0.0000   0.0000   0.0000   0.0000   0.0000;
088:  0.3855   0.6365   0.8450   1.0560   1.2900   1.5250   1.7980   2.0800   2.3125   2.5520   2.8665   3.1820   3.4430   3.6900   3.9290   4.1570   0.0000   0.0000   0.0000   0.0000   0.0000   0.0000   0.0000;
089:  0.3855   0.6365   0.8450   1.0555   1.2890   1.5245   1.7980   2.0800   2.3125   2.5520   2.8660   3.1820   3.4440   3.6910   3.9295   4.1575   0.0000   0.0000   0.0000   0.0000   0.0000   0.0000   0.0000;
090:  0.3855   0.6365   0.8450   1.0555   1.2890   1.5245   1.7985   2.0805   2.3125   2.5520   2.8660   3.1820   3.4445   3.6920   3.9300   0.0000   0.0000   0.0000   0.0000   0.0000   0.0000   0.0000   0.0000;
091:  0.3855   0.6365   0.8450   1.0555   1.2890   1.5250   1.7990   2.0810   2.3130   2.5520   2.8660   3.1825   3.4455   3.6930   3.9310   0.0000   0.0000   0.0000   0.0000   0.0000   0.0000   0.0000   0.0000;
092:  0.3860   0.6365   0.8450   1.0555   1.2895   1.5255   1.7990   2.0810   2.3130   2.5515   2.8655   3.1825   3.4460   3.6945   3.9325   0.0000   0.0000   0.0000   0.0000   0.0000   0.0000   0.0000   0.0000;
093:  0.3860   0.6365   0.8450   1.0555   1.2895   1.5255   1.7990   2.0810   2.3130   2.5515   2.8655   3.1825   3.4470   3.6965   3.9340   0.0000   0.0000   0.0000   0.0000   0.0000   0.0000   0.0000   0.0000;
094:  0.3860   0.6370   0.8455   1.0555   1.2895   1.5260   1.7995   2.0810   2.3130   2.5515   2.8655   3.1830   3.4485   3.6985   3.9355   0.0000   0.0000   0.0000   0.0000   0.0000   0.0000   0.0000   0.0000;
095:  0.3860   0.6370   0.8455   1.0555   1.2895   1.5260   1.7995   2.0810   2.3130   2.5515   2.8660   3.1835   3.4490   3.7000   3.9375   0.0000   0.0000   0.0000   0.0000   0.0000   0.0000   0.0000   0.0000;
096:  0.3860   0.6370   0.8455   1.0555   1.2900   1.5270   1.8005   2.0815   2.3125   2.5510   2.8660   3.1835   3.4500   3.7020   3.9395   0.0000   0.0000   0.0000   0.0000   0.0000   0.0000   0.0000   0.0000;
097:  0.3865   0.6370   0.8455   1.0555   1.2900   1.5275   1.8010   2.0815   2.3125   2.5510   2.8660   3.1840   3.4515   3.7040   0.0000   0.0000   0.0000   0.0000   0.0000   0.0000   0.0000   0.0000   0.0000;
098:  0.3865   0.6370   0.8455   1.0555   1.2905   1.5280   1.8010   2.0815   2.3125   2.5510   2.8665   3.1845   3.4530   3.7065   0.0000   0.0000   0.0000   0.0000   0.0000   0.0000   0.0000   0.0000   0.0000;
099:  0.3865   0.6370   0.8455   1.0555   1.2905   1.5285   1.8015   2.0815   2.3125   2.5510   2.8665   3.1850   3.4545   3.7090   0.0000   0.0000   0.0000   0.0000   0.0000   0.0000   0.0000   0.0000   0.0000;
100:  0.3865   0.6375   0.8460   1.0555   1.2910   1.5295   1.8025   2.0820   2.3125   2.5510   2.8670   3.1855   3.4560   3.7120   0.0000   0.0000   0.0000   0.0000   0.0000   0.0000   0.0000   0.0000   0.0000;
101:  0.3875   0.6380   0.8465   1.0565   1.2915   1.5295   1.8025   2.0820   2.3125   2.5510   2.8675   3.1865   3.4575   3.7140   0.0000   0.0000   0.0000   0.0000   0.0000   0.0000   0.0000   0.0000   0.0000;
102:  0.3875   0.6380   0.8465   1.0565   1.2920   1.5305   1.8035   2.0825   2.3120   2.5500   2.8670   3.1865   3.4590   3.7170   0.0000   0.0000   0.0000   0.0000   0.0000   0.0000   0.0000   0.0000   0.0000;
103:  0.3875   0.6385   0.8470   1.0570   1.2930   1.5315   1.8040   2.0825   2.3120   2.5500   2.8675   3.1875   3.4610   3.7200   0.0000   0.0000   0.0000   0.0000   0.0000   0.0000   0.0000   0.0000   0.0000;
104:  0.3880   0.6385   0.8470   1.0570   1.2935   1.5325   1.8050   2.0830   2.3120   2.5500   2.8680   3.1880   3.4620   3.7225   0.0000   0.0000   0.0000   0.0000   0.0000   0.0000   0.0000   0.0000   0.0000;
105:  0.3885   0.6390   0.8470   1.0570   1.2940   1.5335   1.8055   2.0830   2.3120   2.5500   2.8685   3.1890   3.4640   3.7260   0.0000   0.0000   0.0000   0.0000   0.0000   0.0000   0.0000   0.0000   0.0000;
106:  0.3890   0.6390   0.8475   1.0580   1.2950   1.5345   1.8065   2.0840   2.3125   2.5500   2.8685   3.1895   3.4660   3.7290   0.0000   0.0000   0.0000   0.0000   0.0000   0.0000   0.0000   0.0000   0.0000;
107:  0.3890   0.6395   0.8480   1.0585   1.2960   1.5355   1.8075   2.0845   2.3125   2.5500   2.8690   3.1900   3.4675   3.7320   0.0000   0.0000   0.0000   0.0000   0.0000   0.0000   0.0000   0.0000   0.0000;
108:  0.3895   0.6400   0.8485   1.0590   1.2965   1.5365   1.8085   2.0850   2.3120   2.5495   2.8695   3.1910   3.4690   3.7345   0.0000   0.0000   0.0000   0.0000   0.0000   0.0000   0.0000   0.0000   0.0000;
109:  0.3900   0.6405   0.8490   1.0595   1.2975   1.5380   1.8100   2.0855   2.3120   2.5495   2.8695   3.1915   3.4710   3.7380   0.0000   0.0000   0.0000   0.0000   0.0000   0.0000   0.0000   0.0000   0.0000;
110:  0.3900   0.6405   0.8490   1.0595   1.2980   1.5390   1.8110   2.0865   2.3125   2.5495   2.8700   3.1925   3.4725   3.7405   0.0000   0.0000   0.0000   0.0000   0.0000   0.0000   0.0000   0.0000   0.0000;
111:  0.3910   0.6410   0.8495   1.0605   1.2990   1.5400   1.8120   2.0870   2.3125   2.5495   2.8700   3.1925   3.4735   3.7435   0.0000   0.0000   0.0000   0.0000   0.0000   0.0000   0.0000   0.0000   0.0000;
112:  0.3910   0.6415   0.8500   1.0610   1.3000   1.5410   1.8130   2.0880   2.3135   2.5495   2.8695   3.1930   3.4755   3.7465   0.0000   0.0000   0.0000   0.0000   0.0000   0.0000   0.0000   0.0000   0.0000;
113:  0.3915   0.6420   0.8505   1.0620   1.3010   1.5425   1.8145   2.0890   2.3140   2.5495   2.8695   3.1935   3.4770   3.7495   0.0000   0.0000   0.0000   0.0000   0.0000   0.0000   0.0000   0.0000   0.0000;
114:  0.3920   0.6425   0.8510   1.0620   1.3015   1.5435   1.8160   2.0900   2.3140   2.5495   2.8695   3.1940   3.4785   3.7525   0.0000   0.0000   0.0000   0.0000   0.0000   0.0000   0.0000   0.0000   0.0000;
115:  0.3925   0.6430   0.8515   1.0630   1.3025   1.5445   1.8170   2.0910   2.3145   2.5495   2.8695   3.1945   3.4795   3.7545   0.0000   0.0000   0.0000   0.0000   0.0000   0.0000   0.0000   0.0000   0.0000;
116:  0.3925   0.6430   0.8515   1.0635   1.3035   1.5460   1.8190   2.0925   2.3155   2.5500   2.8695   3.1950   3.4810   3.7575   0.0000   0.0000   0.0000   0.0000   0.0000   0.0000   0.0000   0.0000   0.0000;
117:  0.3925   0.6435   0.8525   1.0640   1.3045   1.5475   1.8200   2.0935   2.3160   2.5500   2.8695   3.1955   3.4820   3.7595   0.0000   0.0000   0.0000   0.0000   0.0000   0.0000   0.0000   0.0000   0.0000;
118:  0.3935   0.6440   0.8525   1.0645   1.3055   1.5485   1.8215   2.0950   2.3170   2.5505   2.8690   3.1955   3.4830   3.7615   0.0000   0.0000   0.0000   0.0000   0.0000   0.0000   0.0000   0.0000   0.0000;
119:  0.3935   0.6445   0.8535   1.0655   1.3065   1.5500   1.8235   2.0965   2.3175   2.5505   2.8690   3.1955   3.4835   3.7640   0.0000   0.0000   0.0000   0.0000   0.0000   0.0000   0.0000   0.0000   0.0000;
120:  0.3940   0.6450   0.8540   1.0665   1.3075   1.5510   1.8250   2.0980   2.3185   2.5510   2.8685   3.1955   3.4845   3.7660   0.0000   0.0000   0.0000   0.0000   0.0000   0.0000   0.0000   0.0000   0.0000;
121:  0.3940   0.6455   0.8545   1.0670   1.3085   1.5525   1.8265   2.0990   2.3195   2.5515   2.8680   3.1955   3.4850   3.7675   0.0000   0.0000   0.0000   0.0000   0.0000   0.0000   0.0000   0.0000   0.0000;
122:  0.3945   0.6460   0.8550   1.0680   1.3100   1.5545   1.8285   2.1010   2.3210   2.5520   2.8675   3.1950   3.4855   3.7695   0.0000   0.0000   0.0000   0.0000   0.0000   0.0000   0.0000   0.0000   0.0000;
123:  0.3945   0.6465   0.8560   1.0685   1.3105   1.5555   1.8300   2.1025   2.3220   2.5525   2.8670   3.1950   3.4860   3.7710   0.0000   0.0000   0.0000   0.0000   0.0000   0.0000   0.0000   0.0000   0.0000;
124:  0.3950   0.6470   0.8560   1.0690   1.3115   1.5570   1.8320   2.1045   2.3235   2.5530   2.8665   3.1950   3.4860   3.7720   0.0000   0.0000   0.0000   0.0000   0.0000   0.0000   0.0000   0.0000   0.0000;
125:  0.3950   0.6470   0.8565   1.0700   1.3130   1.5585   1.8335   2.1060   2.3245   2.5540   2.8665   3.1945   3.4860   3.7735   0.0000   0.0000   0.0000   0.0000   0.0000   0.0000   0.0000   0.0000   0.0000;
126:  0.3955   0.6480   0.8575   1.0710   1.3140   1.5600   1.8355   2.1080   2.3260   2.5545   2.8660   3.1940   3.4855   3.7740   0.0000   0.0000   0.0000   0.0000   0.0000   0.0000   0.0000   0.0000   0.0000;
127:  0.3955   0.6480   0.8580   1.0720   1.3150   1.5610   1.8370   2.1100   2.3280   2.5560   2.8660   3.1940   3.4855   3.7750   0.0000   0.0000   0.0000   0.0000   0.0000   0.0000   0.0000   0.0000   0.0000;
128:  0.3960   0.6490   0.8585   1.0725   1.3160   1.5625   1.8390   2.1120   2.3295   2.5565   2.8655   3.1935   3.4850   3.7755   0.0000   0.0000   0.0000   0.0000   0.0000   0.0000   0.0000   0.0000   0.0000;
129:  0.3965   0.6495   0.8590   1.0735   1.3175   1.5645   1.8410   2.1140   2.3315   2.5580   2.8655   3.1930   3.4845   3.7760   0.0000   0.0000   0.0000   0.0000   0.0000   0.0000   0.0000   0.0000   0.0000;
130:  0.3960   0.6500   0.8600   1.0745   1.3185   1.5660   1.8430   2.1160   2.3330   2.5590   2.8655   3.1930   3.4845   3.7765   0.0000   0.0000   0.0000   0.0000   0.0000   0.0000   0.0000   0.0000   0.0000;
131:  0.3965   0.6505   0.8605   1.0755   1.3200   1.5675   1.8440   2.1175   2.3350   2.5605   2.8655   3.1925   3.4840   3.7770   0.0000   0.0000   0.0000   0.0000   0.0000   0.0000   0.0000   0.0000   0.0000;
132:  0.3970   0.6515   0.8615   1.0765   1.3210   1.5690   1.8460   2.1195   2.3370   2.5620   2.8655   3.1920   3.4830   3.7770   0.0000   0.0000   0.0000   0.0000   0.0000   0.0000   0.0000   0.0000   0.0000;
133:  0.3970   0.6520   0.8625   1.0775   1.3220   1.5700   1.8475   2.1215   2.3390   2.5635   2.8660   3.1920   3.4825   3.7770   0.0000   0.0000   0.0000   0.0000   0.0000   0.0000   0.0000   0.0000   0.0000;
134:  0.3970   0.6525   0.8630   1.0785   1.3235   1.5720   1.8495   2.1235   2.3410   2.5650   2.8660   3.1915   3.4815   3.7770   0.0000   0.0000   0.0000   0.0000   0.0000   0.0000   0.0000   0.0000   0.0000;
135:  0.3970   0.6530   0.8640   1.0800   1.3250   1.5730   1.8510   2.1255   2.3430   2.5670   2.8665   3.1910   3.4810   3.7770   0.0000   0.0000   0.0000   0.0000   0.0000   0.0000   0.0000   0.0000   0.0000;
136:  0.3975   0.6535   0.8640   1.0805   1.3265   1.5750   1.8530   2.1280   2.3455   2.5685   2.8670   3.1910   3.4800   3.7765   0.0000   0.0000   0.0000   0.0000   0.0000   0.0000   0.0000   0.0000   0.0000;
137:  0.3980   0.6545   0.8650   1.0815   1.3275   1.5765   1.8545   2.1295   2.3475   2.5705   2.8680   3.1910   3.4795   3.7770   0.0000   0.0000   0.0000   0.0000   0.0000   0.0000   0.0000   0.0000   0.0000;
138:  0.3975   0.6550   0.8660   1.0825   1.3290   1.5780   1.8560   2.1315   2.3500   2.5730   2.8690   3.1910   3.4785   3.7765   0.0000   0.0000   0.0000   0.0000   0.0000   0.0000   0.0000   0.0000   0.0000;
139:  0.3980   0.6555   0.8665   1.0840   1.3305   1.5790   1.8575   2.1340   2.3525   2.5750   2.8700   3.1910   3.4780   3.7765   4.0715   0.0000   0.0000   0.0000   0.0000   0.0000   0.0000   0.0000   0.0000;
140:  0.3985   0.6565   0.8675   1.0850   1.3320   1.5810   1.8595   2.1360   2.3545   2.5770   2.8710   3.1910   3.4775   3.7765   4.0740   0.0000   0.0000   0.0000   0.0000   0.0000   0.0000   0.0000   0.0000;
141:  0.3980   0.6570   0.8685   1.0865   1.3335   1.5820   1.8610   2.1380   2.3570   2.5795   2.8725   3.1915   3.4770   3.7765   4.0760   0.0000   0.0000   0.0000   0.0000   0.0000   0.0000   0.0000   0.0000;
142:  0.3985   0.6575   0.8690   1.0875   1.3350   1.5840   1.8625   2.1400   2.3595   2.5815   2.8740   3.1920   3.4765   3.7765   4.0785   0.0000   0.0000   0.0000   0.0000   0.0000   0.0000   0.0000   0.0000;
143:  0.3990   0.6585   0.8700   1.0885   1.3360   1.5850   1.8640   2.1420   2.3615   2.5835   2.8755   3.1930   3.4765   3.7765   4.0815   0.0000   0.0000   0.0000   0.0000   0.0000   0.0000   0.0000   0.0000;
144:  0.3990   0.6590   0.8710   1.0900   1.3380   1.5865   1.8655   2.1440   2.3640   2.5865   2.8775   3.1935   3.4765   3.7770   4.0840   0.0000   0.0000   0.0000   0.0000   0.0000   0.0000   0.0000   0.0000;
145:  0.3995   0.6600   0.8720   1.0910   1.3390   1.5880   1.8670   2.1460   2.3665   2.5885   2.8790   3.1940   3.4765   3.7775   4.0865   4.3275   0.0000   0.0000   0.0000   0.0000   0.0000   0.0000   0.0000;
146:  0.4000   0.6610   0.8730   1.0920   1.3405   1.5895   1.8685   2.1480   2.3690   2.5910   2.8810   3.1955   3.4770   3.7780   4.0890   4.3325   0.0000   0.0000   0.0000   0.0000   0.0000   0.0000   0.0000;
147:  0.3995   0.6610   0.8735   1.0935   1.3420   1.5905   1.8700   2.1500   2.3710   2.5935   2.8830   3.1960   3.4770   3.7785   4.0915   4.3385   0.0000   0.0000   0.0000   0.0000   0.0000   0.0000   0.0000;
148:  0.4000   0.6620   0.8745   1.0945   1.3435   1.5925   1.8720   2.1520   2.3730   2.5955   2.8850   3.1975   3.4775   3.7795   4.0945   4.3445   0.0000   0.0000   0.0000   0.0000   0.0000   0.0000   0.0000;
149:  0.4005   0.6630   0.8755   1.0960   1.3450   1.5935   1.8730   2.1540   2.3760   2.5980   2.8870   3.1990   3.4785   3.7805   4.0965   4.3500   0.0000   0.0000   0.0000   0.0000   0.0000   0.0000   0.0000;
150:  0.4005   0.6635   0.8765   1.0970   1.3460   1.5945   1.8745   2.1560   2.3780   2.6005   2.8895   3.2005   3.4790   3.7810   4.0990   4.3560   0.0000   0.0000   0.0000   0.0000   0.0000   0.0000   0.0000;
151:  0.4010   0.6645   0.8775   1.0980   1.3475   1.5960   1.8760   2.1580   2.3805   2.6030   2.8915   3.2015   3.4795   3.7825   4.1020   4.3625   0.0000   0.0000   0.0000   0.0000   0.0000   0.0000   0.0000;
152:  0.4015   0.6650   0.8780   1.0995   1.3490   1.5970   1.8775   2.1595   2.3820   2.6050   2.8940   3.2040   3.4810   3.7835   4.1045   4.3695   0.0000   0.0000   0.0000   0.0000   0.0000   0.0000   0.0000;
153:  0.4015   0.6655   0.8790   1.1005   1.3500   1.5980   1.8790   2.1615   2.3840   2.6075   2.8965   3.2055   3.4825   3.7855   4.1070   4.3755   0.0000   0.0000   0.0000   0.0000   0.0000   0.0000   0.0000;
154:  0.4020   0.6665   0.8800   1.1015   1.3510   1.5990   1.8805   2.1635   2.3865   2.6100   2.8990   3.2075   3.4840   3.7870   4.1095   4.3825   0.0000   0.0000   0.0000   0.0000   0.0000   0.0000   0.0000;
155:  0.4020   0.6670   0.8810   1.1025   1.3520   1.6000   1.8815   2.1650   2.3885   2.6120   2.9010   3.2090   3.4850   3.7885   4.1120   4.3890   0.0000   0.0000   0.0000   0.0000   0.0000   0.0000   0.0000;
156:  0.4025   0.6675   0.8815   1.1035   1.3530   1.6010   1.8830   2.1670   2.3905   2.6140   2.9035   3.2115   3.4870   3.7905   4.1145   4.3955   0.0000   0.0000   0.0000   0.0000   0.0000   0.0000   0.0000;
157:  0.4025   0.6680   0.8825   1.1045   1.3540   1.6020   1.8845   2.1690   2.3925   2.6160   2.9055   3.2130   3.4885   3.7920   4.1165   4.4020   0.0000   0.0000   0.0000   0.0000   0.0000   0.0000   0.0000;
158:  0.4030   0.6690   0.8835   1.1055   1.3550   1.6030   1.8860   2.1705   2.3940   2.6180   2.9080   3.2150   3.4900   3.7940   4.1190   4.4085   0.0000   0.0000   0.0000   0.0000   0.0000   0.0000   0.0000;
159:  0.4030   0.6690   0.8835   1.1060   1.3560   1.6040   1.8875   2.1725   2.3960   2.6200   2.9105   3.2175   3.4925   3.7965   4.1215   4.4150   0.0000   0.0000   0.0000   0.0000   0.0000   0.0000   0.0000;
160:  0.4030   0.6695   0.8845   1.1070   1.3570   1.6050   1.8890   2.1740   2.3975   2.6215   2.9120   3.2195   3.4945   3.7980   4.1230   4.4210   0.0000   0.0000   0.0000   0.0000   0.0000   0.0000   0.0000;
161:  0.4035   0.6705   0.8855   1.1080   1.3580   1.6060   1.8905   2.1760   2.3995   2.6235   2.9145   3.2215   3.4960   3.8000   4.1255   4.4275   0.0000   0.0000   0.0000   0.0000   0.0000   0.0000   0.0000;
162:  0.4035   0.6705   0.8860   1.1085   1.3580   1.6065   1.8920   2.1775   2.4005   2.6245   2.9160   3.2235   3.4985   3.8025   4.1275   4.4330   0.0000   0.0000   0.0000   0.0000   0.0000   0.0000   0.0000;
163:  0.4040   0.6715   0.8865   1.1090   1.3590   1.6070   1.8925   2.1785   2.4020   2.6265   2.9185   3.2255   3.5005   3.8050   4.1295   4.4390   0.0000   0.0000   0.0000   0.0000   0.0000   0.0000   0.0000;
164:  0.4040   0.6715   0.8870   1.1100   1.3600   1.6080   1.8940   2.1800   2.4030   2.6275   2.9200   3.2275   3.5025   3.8065   4.1310   4.4440   0.0000   0.0000   0.0000   0.0000   0.0000   0.0000   0.0000;
165:  0.4040   0.6720   0.8880   1.1105   1.3600   1.6085   1.8950   2.1810   2.4045   2.6290   2.9215   3.2290   3.5040   3.8085   4.1325   4.4490   0.0000   0.0000   0.0000   0.0000   0.0000   0.0000   0.0000;
166:  0.4045   0.6720   0.8880   1.1105   1.3605   1.6090   1.8960   2.1825   2.4055   2.6300   2.9235   3.2315   3.5060   3.8100   4.1335   4.4535   0.0000   0.0000   0.0000   0.0000   0.0000   0.0000   0.0000;
167:  0.4045   0.6725   0.8890   1.1115   1.3610   1.6095   1.8970   2.1835   2.4065   2.6310   2.9250   3.2335   3.5085   3.8120   4.1345   4.4580   0.0000   0.0000   0.0000   0.0000   0.0000   0.0000   0.0000;
168:  0.4050   0.6730   0.8890   1.1115   1.3610   1.6095   1.8980   2.1850   2.4075   2.6315   2.9260   3.2350   3.5100   3.8140   4.1360   4.4620   0.0000   0.0000   0.0000   0.0000   0.0000   0.0000   0.0000;
169:  0.4050   0.6735   0.8900   1.1120   1.3615   1.6105   1.8990   2.1860   2.4085   2.6325   2.9275   3.2365   3.5110   3.8150   4.1370   4.4660   0.0000   0.0000   0.0000   0.0000   0.0000   0.0000   0.0000;
170:  0.4050   0.6735   0.8900   1.1125   1.3620   1.6105   1.8995   2.1865   2.4090   2.6335   2.9290   3.2380   3.5125   3.8165   4.1375   4.4690   0.0000   0.0000   0.0000   0.0000   0.0000   0.0000   0.0000;
171:  0.4050   0.6735   0.8905   1.1130   1.3620   1.6105   1.9000   2.1875   2.4100   2.6340   2.9295   3.2395   3.5145   3.8175   4.1375   4.4720   4.7940   0.0000   0.0000   0.0000   0.0000   0.0000   0.0000;
172:  0.4050   0.6735   0.8905   1.1130   1.3620   1.6110   1.9010   2.1880   2.4105   2.6345   2.9305   3.2410   3.5155   3.8185   4.1380   4.4745   4.7995   0.0000   0.0000   0.0000   0.0000   0.0000   0.0000;
173:  0.4050   0.6735   0.8910   1.1135   1.3620   1.6110   1.9010   2.1885   2.4110   2.6345   2.9310   3.2420   3.5165   3.8190   4.1380   4.4765   4.8045   0.0000   0.0000   0.0000   0.0000   0.0000   0.0000;
174:  0.4050   0.6740   0.8915   1.1135   1.3620   1.6110   1.9015   2.1890   2.4115   2.6350   2.9320   3.2430   3.5170   3.8195   4.1375   4.4780   4.8095   0.0000   0.0000   0.0000   0.0000   0.0000   0.0000;
175:  0.4050   0.6740   0.8915   1.1135   1.3620   1.6110   1.9015   2.1890   2.4115   2.6350   2.9325   3.2440   3.5175   3.8195   4.1375   4.4795   4.8140   0.0000   0.0000   0.0000   0.0000   0.0000   0.0000;
176:  0.4050   0.6740   0.8915   1.1135   1.3620   1.6110   1.9015   2.1890   2.4115   2.6350   2.9330   3.2450   3.5185   3.8195   4.1365   4.4805   4.8180   0.0000   0.0000   0.0000   0.0000   0.0000   0.0000;
177:  0.4050   0.6740   0.8915   1.1135   1.3620   1.6110   1.9015   2.1890   2.4115   2.6350   2.9335   3.2455   3.5185   3.8195   4.1355   4.4805   4.8215   0.0000   0.0000   0.0000   0.0000   0.0000   0.0000;
178:  0.4050   0.6740   0.8920   1.1140   1.3620   1.6110   1.9015   2.1890   2.4115   2.6350   2.9335   3.2455   3.5180   3.8185   4.1345   4.4805   4.8240   0.0000   0.0000   0.0000   0.0000   0.0000   0.0000;
179:  0.4050   0.6740   0.8920   1.1140   1.3620   1.6110   1.9015   2.1885   2.4110   2.6350   2.9340   3.2460   3.5180   3.8180   4.1330   4.4800   4.8265   0.0000   0.0000   0.0000   0.0000   0.0000   0.0000;
180:  0.4050   0.6740   0.8920   1.1135   1.3610   1.6105   1.9010   2.1880   2.4110   2.6345   2.9340   3.2465   3.5175   3.8170   4.1320   4.4795   4.8285   0.0000   0.0000   0.0000   0.0000   0.0000   0.0000;
181:  0.4050   0.6740   0.8920   1.1135   1.3610   1.6105   1.9005   2.1870   2.4100   2.6335   2.9335   3.2465   3.5170   3.8155   4.1300   4.4785   4.8300   0.0000   0.0000   0.0000   0.0000   0.0000   0.0000;
182:  0.4050   0.6740   0.8920   1.1135   1.3610   1.6105   1.9000   2.1865   2.4100   2.6335   2.9340   3.2465   3.5155   3.8135   4.1275   4.4765   4.8305   0.0000   0.0000   0.0000   0.0000   0.0000   0.0000;
183:  0.4050   0.6740   0.8920   1.1135   1.3605   1.6095   1.8990   2.1855   2.4090   2.6325   2.9335   3.2465   3.5145   3.8120   4.1260   4.4745   4.8300   0.0000   0.0000   0.0000   0.0000   0.0000   0.0000;
184:  0.4050   0.6735   0.8910   1.1125   1.3600   1.6095   1.8985   2.1845   2.4080   2.6315   2.9330   3.2460   3.5130   3.8095   4.1230   4.4720   4.8295   0.0000   0.0000   0.0000   0.0000   0.0000   0.0000;
185:  0.4045   0.6735   0.8910   1.1125   1.3595   1.6085   1.8975   2.1840   2.4075   2.6305   2.9325   3.2455   3.5115   3.8075   4.1210   4.4700   0.0000   0.0000   0.0000   0.0000   0.0000   0.0000   0.0000;
186:  0.4045   0.6735   0.8910   1.1125   1.3595   1.6085   1.8970   2.1830   2.4065   2.6300   2.9325   3.2450   3.5100   3.8055   4.1185   4.4670   0.0000   0.0000   0.0000   0.0000   0.0000   0.0000   0.0000;
187:  0.4040   0.6730   0.8910   1.1125   1.3590   1.6075   1.8955   2.1815   2.4055   2.6285   2.9310   3.2440   3.5080   3.8025   4.1155   4.4635   0.0000   0.0000   0.0000   0.0000   0.0000   0.0000   0.0000;
188:  0.4040   0.6730   0.8910   1.1120   1.3585   1.6075   1.8945   2.1800   2.4040   2.6270   2.9305   3.2435   3.5060   3.7995   4.1125   4.4600   0.0000   0.0000   0.0000   0.0000   0.0000   0.0000   0.0000;
189:  0.4040   0.6725   0.8900   1.1115   1.3585   1.6070   1.8935   2.1785   2.4025   2.6260   2.9295   3.2420   3.5035   3.7965   4.1090   4.4555   0.0000   0.0000   0.0000   0.0000   0.0000   0.0000   0.0000;
190:  0.4040   0.6725   0.8900   1.1115   1.3580   1.6060   1.8920   2.1770   2.4015   2.6250   2.9285   3.2410   3.5010   3.7930   4.1060   4.4515   0.0000   0.0000   0.0000   0.0000   0.0000   0.0000   0.0000;
191:  0.4035   0.6725   0.8895   1.1105   1.3570   1.6050   1.8905   2.1755   2.4000   2.6230   2.9270   3.2395   3.4985   3.7900   4.1025   4.4470   0.0000   0.0000   0.0000   0.0000   0.0000   0.0000   0.0000;
192:  0.4035   0.6720   0.8890   1.1105   1.3570   1.6045   1.8890   2.1735   2.3980   2.6215   2.9260   3.2380   3.4955   3.7865   4.0990   4.4420   0.0000   0.0000   0.0000   0.0000   0.0000   0.0000   0.0000;
193:  0.4035   0.6720   0.8890   1.1105   1.3565   1.6035   1.8875   2.1720   2.3970   2.6200   2.9245   3.2365   3.4925   3.7830   4.0955   4.4370   0.0000   0.0000   0.0000   0.0000   0.0000   0.0000   0.0000;
194:  0.4030   0.6715   0.8885   1.1095   1.3555   1.6025   1.8865   2.1705   2.3950   2.6185   2.9230   3.2345   3.4895   3.7790   4.0910   4.4310   0.0000   0.0000   0.0000   0.0000   0.0000   0.0000   0.0000;
195:  0.4030   0.6710   0.8880   1.1095   1.3550   1.6015   1.8850   2.1690   2.3935   2.6165   2.9215   3.2330   3.4865   3.7755   4.0875   4.4250   0.0000   0.0000   0.0000   0.0000   0.0000   0.0000   0.0000;
196:  0.4030   0.6710   0.8875   1.1085   1.3545   1.6010   1.8835   2.1670   2.3915   2.6145   2.9195   3.2310   3.4835   3.7715   4.0830   4.4190   0.0000   0.0000   0.0000   0.0000   0.0000   0.0000   0.0000;
197:  0.4025   0.6705   0.8865   1.1080   1.3540   1.6000   1.8820   2.1655   2.3900   2.6125   2.9175   3.2285   3.4800   3.7675   4.0790   4.4125   0.0000   0.0000   0.0000   0.0000   0.0000   0.0000   0.0000;
198:  0.4020   0.6700   0.8865   1.1075   1.3530   1.5990   1.8805   2.1635   2.3880   2.6105   2.9150   3.2260   3.4770   3.7640   4.0750   4.4060   0.0000   0.0000   0.0000   0.0000   0.0000   0.0000   0.0000;
199:  0.4020   0.6700   0.8860   1.1070   1.3525   1.5980   1.8790   2.1615   2.3860   2.6085   2.9130   3.2235   3.4730   3.7595   4.0705   4.3990   0.0000   0.0000   0.0000   0.0000   0.0000   0.0000   0.0000;
200:  0.4020   0.6695   0.8850   1.1060   1.3515   1.5965   1.8770   2.1595   2.3835   2.6060   2.9105   3.2205   3.4695   3.7555   4.0655   4.3910   0.0000   0.0000   0.0000   0.0000   0.0000   0.0000   0.0000;
201:  0.4015   0.6690   0.8850   1.1055   1.3505   1.5955   1.8755   2.1575   2.3815   2.6040   2.9080   3.2175   3.4660   3.7515   4.0610   4.3835   0.0000   0.0000   0.0000   0.0000   0.0000   0.0000   0.0000;
202:  0.4015   0.6685   0.8840   1.1045   1.3495   1.5945   1.8745   2.1560   2.3795   2.6020   2.9055   3.2145   3.4620   3.7470   4.0560   4.3755   0.0000   0.0000   0.0000   0.0000   0.0000   0.0000   0.0000;
203:  0.4010   0.6685   0.8835   1.1040   1.3490   1.5930   1.8725   2.1540   2.3770   2.5995   2.9030   3.2110   3.4580   3.7430   4.0515   4.3675   0.0000   0.0000   0.0000   0.0000   0.0000   0.0000   0.0000;
204:  0.4005   0.6675   0.8825   1.1030   1.3480   1.5920   1.8710   2.1520   2.3750   2.5970   2.8995   3.2075   3.4545   3.7390   4.0460   4.3585   0.0000   0.0000   0.0000   0.0000   0.0000   0.0000   0.0000;
205:  0.4005   0.6670   0.8820   1.1025   1.3470   1.5910   1.8695   2.1500   2.3730   2.5950   2.8970   3.2040   3.4505   3.7350   4.0410   4.3500   0.0000   0.0000   0.0000   0.0000   0.0000   0.0000   0.0000;
206:  0.4000   0.6665   0.8815   1.1015   1.3460   1.5900   1.8685   2.1485   2.3705   2.5920   2.8935   3.2005   3.4470   3.7310   4.0360   4.3410   0.0000   0.0000   0.0000   0.0000   0.0000   0.0000   0.0000;
207:  0.4000   0.6660   0.8805   1.1005   1.3450   1.5885   1.8665   2.1465   2.3685   2.5900   2.8905   3.1965   3.4425   3.7260   4.0305   4.3315   0.0000   0.0000   0.0000   0.0000   0.0000   0.0000   0.0000;
208:  0.3990   0.6655   0.8800   1.0995   1.3435   1.5870   1.8650   2.1445   2.3665   2.5875   2.8870   3.1925   3.4385   3.7220   4.0250   4.3220   0.0000   0.0000   0.0000   0.0000   0.0000   0.0000   0.0000;
209:  0.3990   0.6650   0.8790   1.0985   1.3425   1.5860   1.8640   2.1430   2.3640   2.5850   2.8835   3.1880   3.4345   3.7175   4.0190   4.3120   0.0000   0.0000   0.0000   0.0000   0.0000   0.0000   0.0000;
210:  0.3985   0.6640   0.8780   1.0975   1.3415   1.5845   1.8620   2.1410   2.3615   2.5820   2.8800   3.1840   3.4305   3.7130   4.0130   4.3015   0.0000   0.0000   0.0000   0.0000   0.0000   0.0000   0.0000;
211:  0.3980   0.6635   0.8775   1.0965   1.3400   1.5830   1.8610   2.1395   2.3595   2.5800   2.8765   3.1795   3.4265   3.7085   4.0070   4.2915   0.0000   0.0000   0.0000   0.0000   0.0000   0.0000   0.0000;
212:  0.3980   0.6630   0.8770   1.0960   1.3390   1.5815   1.8590   2.1375   2.3575   2.5775   2.8725   3.1745   3.4220   3.7040   4.0010   4.2810   0.0000   0.0000   0.0000   0.0000   0.0000   0.0000   0.0000;
213:  0.3975   0.6620   0.8755   1.0945   1.3380   1.5805   1.8580   2.1360   2.3550   2.5745   2.8685   3.1700   3.4185   3.7000   3.9950   4.2705   0.0000   0.0000   0.0000   0.0000   0.0000   0.0000   0.0000;
214:  0.3970   0.6615   0.8755   1.0935   1.3360   1.5790   1.8565   2.1340   2.3530   2.5725   2.8650   3.1650   3.4140   3.6955   3.9890   4.2600   0.0000   0.0000   0.0000   0.0000   0.0000   0.0000   0.0000;
215:  0.3970   0.6610   0.8745   1.0925   1.3350   1.5775   1.8550   2.1320   2.3500   2.5695   2.8610   3.1605   3.4100   3.6910   3.9825   4.2490   0.0000   0.0000   0.0000   0.0000   0.0000   0.0000   0.0000;
216:  0.3965   0.6600   0.8735   1.0915   1.3335   1.5760   1.8535   2.1305   2.3485   2.5675   2.8575   3.1555   3.4055   3.6860   3.9760   4.2385   0.0000   0.0000   0.0000   0.0000   0.0000   0.0000   0.0000;
217:  0.3960   0.6590   0.8725   1.0905   1.3325   1.5745   1.8515   2.1280   2.3460   2.5650   2.8535   3.1505   3.4015   3.6815   3.9690   4.2275   0.0000   0.0000   0.0000   0.0000   0.0000   0.0000   0.0000;
218:  0.3950   0.6585   0.8720   1.0895   1.3315   1.5735   1.8505   2.1265   2.3435   2.5625   2.8500   3.1460   3.3975   3.6765   3.9625   4.2170   0.0000   0.0000   0.0000   0.0000   0.0000   0.0000   0.0000;
219:  0.3950   0.6580   0.8710   1.0880   1.3295   1.5715   1.8485   2.1245   2.3415   2.5600   2.8460   3.1410   3.3935   3.6725   3.9560   4.2060   0.0000   0.0000   0.0000   0.0000   0.0000   0.0000   0.0000;
220:  0.3945   0.6570   0.8700   1.0870   1.3285   1.5705   1.8470   2.1225   2.3390   2.5575   2.8425   3.1360   3.3890   3.6670   3.9485   4.1950   0.0000   0.0000   0.0000   0.0000   0.0000   0.0000   0.0000;
221:  0.3940   0.6560   0.8690   1.0860   1.3270   1.5685   1.8455   2.1210   2.3370   2.5550   2.8385   3.1310   3.3845   3.6620   3.9420   4.1850   0.0000   0.0000   0.0000   0.0000   0.0000   0.0000   0.0000;
222:  0.3935   0.6555   0.8685   1.0850   1.3260   1.5675   1.8440   2.1185   2.3340   2.5525   2.8350   3.1260   3.3805   3.6575   3.9350   4.1745   0.0000   0.0000   0.0000   0.0000   0.0000   0.0000   0.0000;
223:  0.3935   0.6550   0.8675   1.0835   1.3240   1.5660   1.8425   2.1165   2.3320   2.5505   2.8315   3.1210   3.3760   3.6520   3.9275   4.1640   0.0000   0.0000   0.0000   0.0000   0.0000   0.0000   0.0000;
224:  0.3930   0.6540   0.8665   1.0825   1.3230   1.5645   1.8405   2.1145   2.3295   2.5475   2.8280   3.1170   3.3725   3.6475   3.9210   4.1545   0.0000   0.0000   0.0000   0.0000   0.0000   0.0000   0.0000;
225:  0.3925   0.6530   0.8655   1.0815   1.3215   1.5630   1.8390   2.1125   2.3275   2.5455   2.8245   3.1120   3.3680   3.6420   3.9135   4.1445   0.0000   0.0000   0.0000   0.0000   0.0000   0.0000   0.0000;
226:  0.3920   0.6525   0.8650   1.0805   1.3205   1.5615   1.8370   2.1100   2.3250   2.5435   2.8215   3.1075   3.3640   3.6370   3.9065   4.1355   0.0000   0.0000   0.0000   0.0000   0.0000   0.0000   0.0000;
227:  0.3920   0.6520   0.8640   1.0795   1.3195   1.5605   1.8355   2.1080   2.3225   2.5405   2.8180   3.1030   3.3595   3.6320   3.9000   4.1270   0.0000   0.0000   0.0000   0.0000   0.0000   0.0000   0.0000;
228:  0.3920   0.6510   0.8635   1.0790   1.3180   1.5585   1.8335   2.1060   2.3205   2.5385   2.8145   3.0985   3.3555   3.6265   3.8925   4.1175   0.0000   0.0000   0.0000   0.0000   0.0000   0.0000   0.0000;
229:  0.3915   0.6505   0.8630   1.0775   1.3165   1.5575   1.8320   2.1040   2.3180   2.5360   2.8120   3.0945   3.3515   3.6215   3.8855   4.1095   0.0000   0.0000   0.0000   0.0000   0.0000   0.0000   0.0000;
230:  0.3910   0.6495   0.8620   1.0765   1.3150   1.5555   1.8295   2.1015   2.3160   2.5340   2.8090   3.0905   3.3475   3.6160   3.8790   4.1025   0.0000   0.0000   0.0000   0.0000   0.0000   0.0000   0.0000;
231:  0.3910   0.6490   0.8610   1.0755   1.3140   1.5545   1.8280   2.0990   2.3130   2.5310   2.8055   3.0865   3.3435   3.6110   3.8725   4.0950   0.0000   0.0000   0.0000   0.0000   0.0000   0.0000   0.0000;
232:  0.3905   0.6485   0.8605   1.0745   1.3130   1.5530   1.8260   2.0970   2.3110   2.5290   2.8030   3.0830   3.3395   3.6055   3.8655   4.0875   0.0000   0.0000   0.0000   0.0000   0.0000   0.0000   0.0000;
233:  0.3905   0.6480   0.8595   1.0735   1.3115   1.5515   1.8245   2.0950   2.3090   2.5270   2.8005   3.0795   3.3355   3.6005   3.8595   4.0815   0.0000   0.0000   0.0000   0.0000   0.0000   0.0000   0.0000;
234:  0.3900   0.6470   0.8590   1.0730   1.3105   1.5505   1.8225   2.0925   2.3065   2.5245   2.7980   3.0760   3.3315   3.5950   3.8530   4.0760   0.0000   0.0000   0.0000   0.0000   0.0000   0.0000   0.0000;
235:  0.3895   0.6465   0.8585   1.0720   1.3095   1.5490   1.8205   2.0900   2.3040   2.5225   2.7960   3.0735   3.3285   3.5905   3.8470   4.0705   0.0000   0.0000   0.0000   0.0000   0.0000   0.0000   0.0000;
236:  0.3895   0.6460   0.8575   1.0710   1.3085   1.5475   1.8185   2.0880   2.3015   2.5195   2.7930   3.0705   3.3250   3.5855   3.8410   4.0655   0.0000   0.0000   0.0000   0.0000   0.0000   0.0000   0.0000;
237:  0.3890   0.6455   0.8570   1.0705   1.3075   1.5460   1.8170   2.0860   2.2995   2.5175   2.7910   3.0675   3.3210   3.5805   3.8350   4.0605   0.0000   0.0000   0.0000   0.0000   0.0000   0.0000   0.0000;
238:  0.3890   0.6450   0.8560   1.0695   1.3065   1.5450   1.8155   2.0840   2.2975   2.5155   2.7890   3.0655   3.3175   3.5750   3.8295   4.0565   0.0000   0.0000   0.0000   0.0000   0.0000   0.0000   0.0000;
239:  0.3885   0.6440   0.8550   1.0685   1.3055   1.5435   1.8135   2.0820   2.2950   2.5130   2.7870   3.0630   3.3140   3.5700   3.8240   4.0530   0.0000   0.0000   0.0000   0.0000   0.0000   0.0000   0.0000;
240:  0.3885   0.6440   0.8550   1.0680   1.3045   1.5425   1.8120   2.0800   2.2930   2.5110   2.7850   3.0605   3.3105   3.5655   3.8190   4.0500   0.0000   0.0000   0.0000   0.0000   0.0000   0.0000   0.0000;
241:  0.3885   0.6435   0.8540   1.0670   1.3035   1.5410   1.8100   2.0775   2.2905   2.5085   2.7825   3.0585   3.3075   3.5610   3.8145   4.0475   0.0000   0.0000   0.0000   0.0000   0.0000   0.0000   0.0000;
242:  0.3880   0.6430   0.8535   1.0665   1.3025   1.5395   1.8085   2.0755   2.2880   2.5060   2.7810   3.0565   3.3040   3.5565   3.8095   4.0450   0.0000   0.0000   0.0000   0.0000   0.0000   0.0000   0.0000;
243:  0.3880   0.6425   0.8530   1.0660   1.3015   1.5385   1.8070   2.0735   2.2860   2.5040   2.7790   3.0545   3.3010   3.5520   3.8050   4.0430   4.3475   4.6045   0.0000   0.0000   0.0000   0.0000   0.0000;
244:  0.3875   0.6420   0.8525   1.0650   1.3005   1.5370   1.8050   2.0715   2.2840   2.5020   2.7775   3.0530   3.2980   3.5480   3.8010   4.0415   4.3445   4.6000   0.0000   0.0000   0.0000   0.0000   0.0000;
245:  0.3875   0.6415   0.8515   1.0640   1.2995   1.5360   1.8040   2.0700   2.2820   2.4995   2.7755   3.0515   3.2945   3.5430   3.7965   4.0400   4.3415   4.5955   0.0000   0.0000   0.0000   0.0000   0.0000;
246:  0.3875   0.6415   0.8510   1.0635   1.2990   1.5350   1.8025   2.0680   2.2800   2.4975   2.7740   3.0505   3.2920   3.5390   3.7930   4.0390   4.3385   4.5910   0.0000   0.0000   0.0000   0.0000   0.0000;
247:  0.3875   0.6410   0.8505   1.0630   1.2980   1.5335   1.8005   2.0665   2.2785   2.4955   2.7725   3.0490   3.2890   3.5355   3.7895   4.0380   4.3365   4.5875   0.0000   0.0000   0.0000   0.0000   0.0000;
248:  0.3865   0.6405   0.8500   1.0620   1.2970   1.5325   1.7995   2.0650   2.2765   2.4935   2.7710   3.0480   3.2865   3.5315   3.7860   4.0370   4.3340   4.5835   0.0000   0.0000   0.0000   0.0000   0.0000;
249:  0.3865   0.6400   0.8490   1.0615   1.2965   1.5315   1.7985   2.0635   2.2745   2.4910   2.7690   3.0470   3.2840   3.5280   3.7830   4.0365   4.3320   4.5800   0.0000   0.0000   0.0000   0.0000   0.0000;
250:  0.3865   0.6400   0.8490   1.0610   1.2960   1.5310   1.7975   2.0625   2.2730   2.4890   2.7675   3.0455   3.2810   3.5245   3.7800   4.0360   4.3305   4.5765   0.0000   0.0000   0.0000   0.0000   0.0000;
251:  0.3860   0.6395   0.8485   1.0600   1.2950   1.5295   1.7960   2.0610   2.2710   2.4870   2.7660   3.0445   3.2790   3.5215   3.7775   4.0360   4.3285   4.5730   0.0000   0.0000   0.0000   0.0000   0.0000;
252:  0.3860   0.6390   0.8480   1.0600   1.2945   1.5285   1.7950   2.0600   2.2700   2.4855   2.7650   3.0440   3.2765   3.5180   3.7745   4.0355   4.3275   4.5705   0.0000   0.0000   0.0000   0.0000   0.0000;
253:  0.3855   0.6390   0.8475   1.0590   1.2935   1.5275   1.7940   2.0585   2.2680   2.4835   2.7635   3.0430   3.2740   3.5145   3.7715   4.0350   4.3260   4.5675   0.0000   0.0000   0.0000   0.0000   0.0000;
254:  0.3855   0.6385   0.8465   1.0585   1.2930   1.5265   1.7930   2.0575   2.2665   2.4815   2.7620   3.0420   3.2720   3.5120   3.7695   4.0345   4.3245   4.5650   0.0000   0.0000   0.0000   0.0000   0.0000;
255:  0.3855   0.6385   0.8465   1.0580   1.2920   1.5255   1.7920   2.0565   2.2655   2.4805   2.7615   3.0415   3.2695   3.5090   3.7675   4.0345   4.3235   4.5625   0.0000   0.0000   0.0000   0.0000   0.0000;
256:  0.3855   0.6385   0.8465   1.0580   1.2920   1.5255   1.7915   2.0550   2.2640   2.4790   2.7600   3.0405   3.2675   3.5065   3.7650   4.0335   4.3225   4.5605   0.0000   0.0000   0.0000   0.0000   0.0000;
257:  0.3845   0.6375   0.8455   1.0570   1.2910   1.5245   1.7910   2.0545   2.2630   2.4775   2.7590   3.0400   3.2655   3.5040   3.7630   4.0330   4.3210   4.5580   0.0000   0.0000   0.0000   0.0000   0.0000;
258:  0.3845   0.6375   0.8455   1.0570   1.2910   1.5240   1.7900   2.0535   2.2620   2.4765   2.7580   3.0395   3.2640   3.5015   3.7610   4.0325   4.3200   4.5565   0.0000   0.0000   0.0000   0.0000   0.0000;
259:  0.3845   0.6375   0.8450   1.0560   1.2900   1.5230   1.7895   2.0530   2.2610   2.4750   2.7565   3.0385   3.2620   3.4990   3.7590   4.0315   4.3185   4.5545   0.0000   0.0000   0.0000   0.0000   0.0000;
260:  0.3840   0.6370   0.8445   1.0560   1.2900   1.5230   1.7895   2.0530   2.2605   2.4740   2.7560   3.0380   3.2605   3.4970   3.7570   4.0305   4.3170   4.5530   0.0000   0.0000   0.0000   0.0000   0.0000;
261:  0.3840   0.6370   0.8445   1.0560   1.2895   1.5220   1.7885   2.0520   2.2595   2.4730   2.7555   3.0375   3.2585   3.4945   3.7550   4.0290   4.3155   4.5520   0.0000   0.0000   0.0000   0.0000   0.0000;
262:  0.3835   0.6365   0.8440   1.0550   1.2890   1.5220   1.7885   2.0515   2.2585   2.4720   2.7545   3.0365   3.2570   3.4930   3.7535   4.0280   4.3140   4.5500   0.0000   0.0000   0.0000   0.0000   0.0000;
263:  0.3835   0.6365   0.8440   1.0550   1.2885   1.5210   1.7880   2.0515   2.2585   2.4715   2.7540   3.0360   3.2555   3.4910   3.7515   4.0265   4.3125   4.5490   0.0000   0.0000   0.0000   0.0000   0.0000;
264:  0.3830   0.6365   0.8440   1.0550   1.2885   1.5210   1.7875   2.0505   2.2575   2.4705   2.7535   3.0355   3.2540   3.4895   3.7505   4.0250   4.3105   4.5480   0.0000   0.0000   0.0000   0.0000   0.0000;
265:  0.3830   0.6360   0.8435   1.0545   1.2880   1.5210   1.7875   2.0505   2.2575   2.4705   2.7530   3.0350   3.2535   3.4880   3.7485   4.0235   4.3090   4.5470   0.0000   0.0000   0.0000   0.0000   0.0000;
266:  0.3830   0.6360   0.8435   1.0545   1.2880   1.5205   1.7870   2.0505   2.2575   2.4700   2.7525   3.0345   3.2520   3.4865   3.7470   4.0215   4.3070   4.5460   0.0000   0.0000   0.0000   0.0000   0.0000;
267:  0.3825   0.6360   0.8435   1.0545   1.2880   1.5205   1.7870   2.0500   2.2565   2.4695   2.7525   3.0340   3.2510   3.4850   3.7450   4.0195   4.3055   4.5455   0.0000   0.0000   0.0000   0.0000   0.0000;
268:  0.3825   0.6360   0.8430   1.0540   1.2880   1.5205   1.7870   2.0500   2.2565   2.4695   2.7525   3.0335   3.2500   3.4840   3.7435   4.0175   4.3035   4.5445   0.0000   0.0000   0.0000   0.0000   0.0000;
269:  0.3825   0.6360   0.8430   1.0540   1.2880   1.5205   1.7870   2.0500   2.2565   2.4695   2.7525   3.0335   3.2495   3.4825   3.7420   4.0155   4.3010   4.5435   0.0000   0.0000   0.0000   0.0000   0.0000;
270:  0.3825   0.6360   0.8435   1.0545   1.2880   1.5205   1.7870   2.0505   2.2575   2.4705   2.7530   3.0330   3.2490   3.4820   3.7405   4.0135   4.2995   4.5430   0.0000   0.0000   0.0000   0.0000   0.0000;
271:  0.3820   0.6360   0.8435   1.0545   1.2880   1.5205   1.7870   2.0505   2.2575   2.4705   2.7530   3.0325   3.2485   3.4815   3.7390   4.0115   4.2975   4.5420   0.0000   0.0000   0.0000   0.0000   0.0000;
272:  0.3820   0.6360   0.8435   1.0545   1.2880   1.5205   1.7870   2.0505   2.2575   2.4710   2.7535   3.0325   3.2485   3.4810   3.7380   4.0095   4.2950   4.5405   0.0000   0.0000   0.0000   0.0000   0.0000;
273:  0.3820   0.6360   0.8435   1.0545   1.2880   1.5210   1.7875   2.0510   2.2580   2.4710   2.7540   3.0325   3.2480   3.4800   3.7360   4.0070   4.2930   4.5400   0.0000   0.0000   0.0000   0.0000   0.0000;
274:  0.3820   0.6360   0.8435   1.0545   1.2885   1.5215   1.7875   2.0510   2.2585   2.4720   2.7545   3.0325   3.2480   3.4795   3.7350   4.0055   4.2910   4.5390   0.0000   0.0000   0.0000   0.0000   0.0000;
275:  0.3820   0.6365   0.8440   1.0545   1.2885   1.5215   1.7875   2.0515   2.2595   2.4730   2.7550   3.0325   3.2480   3.4795   3.7340   4.0035   4.2895   4.5385   0.0000   0.0000   0.0000   0.0000   0.0000;
276:  0.3820   0.6365   0.8445   1.0550   1.2890   1.5225   1.7880   2.0515   2.2595   2.4735   2.7560   3.0330   3.2485   3.4795   3.7330   4.0015   4.2875   4.5380   0.0000   0.0000   0.0000   0.0000   0.0000;
277:  0.3815   0.6365   0.8445   1.0555   1.2895   1.5225   1.7880   2.0520   2.2605   2.4745   2.7570   3.0335   3.2490   3.4795   3.7320   4.0000   4.2855   4.5370   0.0000   0.0000   0.0000   0.0000   0.0000;
278:  0.3815   0.6365   0.8445   1.0555   1.2895   1.5230   1.7890   2.0530   2.2615   2.4760   2.7585   3.0340   3.2495   3.4800   3.7310   3.9980   4.2840   4.5365   0.0000   0.0000   0.0000   0.0000   0.0000;
279:  0.3815   0.6370   0.8455   1.0560   1.2900   1.5235   1.7890   2.0535   2.2625   2.4770   2.7590   3.0340   3.2500   3.4800   3.7305   3.9975   4.2830   4.5360   0.0000   0.0000   0.0000   0.0000   0.0000;
280:  0.3815   0.6370   0.8455   1.0565   1.2910   1.5245   1.7895   2.0540   2.2635   2.4785   2.7610   3.0355   3.2510   3.4805   3.7300   3.9965   4.2815   4.5350   0.0000   0.0000   0.0000   0.0000   0.0000;
281:  0.3815   0.6370   0.8460   1.0570   1.2910   1.5250   1.7905   2.0550   2.2645   2.4795   2.7620   3.0365   3.2525   3.4815   3.7295   3.9955   4.2805   4.5345   0.0000   0.0000   0.0000   0.0000   0.0000;
282:  0.3820   0.6380   0.8465   1.0570   1.2915   1.5260   1.7910   2.0555   2.2655   2.4810   2.7635   3.0375   3.2540   3.4825   3.7290   3.9945   4.2795   4.5340   0.0000   0.0000   0.0000   0.0000   0.0000;
283:  0.3820   0.6380   0.8465   1.0575   1.2925   1.5265   1.7915   2.0565   2.2665   2.4825   2.7650   3.0385   3.2550   3.4835   3.7295   3.9945   4.2795   4.5340   0.0000   0.0000   0.0000   0.0000   0.0000;
284:  0.3820   0.6385   0.8475   1.0580   1.2925   1.5270   1.7925   2.0580   2.2685   2.4840   2.7660   3.0395   3.2565   3.4845   3.7290   3.9940   4.2790   4.5335   0.0000   0.0000   0.0000   0.0000   0.0000;
285:  0.3820   0.6385   0.8480   1.0590   1.2935   1.5280   1.7935   2.0590   2.2695   2.4855   2.7680   3.0410   3.2580   3.4860   3.7295   3.9940   4.2785   4.5330   0.0000   0.0000   0.0000   0.0000   0.0000;
286:  0.3825   0.6395   0.8485   1.0590   1.2940   1.5290   1.7945   2.0605   2.2715   2.4875   2.7695   3.0425   3.2605   3.4880   3.7300   3.9940   4.2785   4.5335   0.0000   0.0000   0.0000   0.0000   0.0000;
287:  0.3825   0.6400   0.8495   1.0600   1.2950   1.5300   1.7955   2.0615   2.2725   2.4890   2.7715   3.0445   3.2625   3.4900   3.7315   3.9950   4.2790   4.5335   0.0000   0.0000   0.0000   0.0000   0.0000;
288:  0.3825   0.6400   0.8500   1.0605   1.2955   1.5315   1.7970   2.0630   2.2745   2.4910   2.7735   3.0465   3.2645   3.4915   3.7320   3.9955   4.2795   4.5340   0.0000   0.0000   0.0000   0.0000   0.0000;
289:  0.3830   0.6410   0.8505   1.0610   1.2965   1.5325   1.7980   2.0640   2.2760   2.4930   2.7750   3.0480   3.2670   3.4940   3.7335   3.9970   4.2805   4.5345   0.0000   0.0000   0.0000   0.0000   0.0000;
290:  0.3825   0.6415   0.8515   1.0615   1.2970   1.5335   1.7995   2.0660   2.2775   2.4945   2.7770   3.0500   3.2690   3.4965   3.7355   3.9980   4.2810   4.5345   0.0000   0.0000   0.0000   0.0000   0.0000;
291:  0.3830   0.6420   0.8520   1.0625   1.2980   1.5345   1.8005   2.0675   2.2795   2.4960   2.7785   3.0525   3.2720   3.4990   3.7370   3.9995   4.2820   4.5350   0.0000   0.0000   0.0000   0.0000   0.0000;
292:  0.3830   0.6425   0.8525   1.0630   1.2990   1.5355   1.8020   2.0690   2.2810   2.4980   2.7800   3.0540   3.2740   3.5015   3.7390   4.0015   4.2840   4.5365   0.0000   0.0000   0.0000   0.0000   0.0000;
293:  0.3835   0.6435   0.8535   1.0635   1.2990   1.5365   1.8035   2.0705   2.2830   2.5000   2.7820   3.0565   3.2770   3.5045   3.7410   4.0030   4.2855   4.5375   0.0000   0.0000   0.0000   0.0000   0.0000;
294:  0.3840   0.6440   0.8540   1.0645   1.3005   1.5380   1.8050   2.0725   2.2850   2.5020   2.7840   3.0590   3.2795   3.5065   3.7430   4.0050   4.2870   4.5390   0.0000   0.0000   0.0000   0.0000   0.0000;
295:  0.3840   0.6445   0.8545   1.0650   1.3015   1.5390   1.8065   2.0745   2.2870   2.5040   2.7860   3.0615   3.2825   3.5100   3.7460   4.0075   4.2895   4.5410   0.0000   0.0000   0.0000   0.0000   0.0000;
296:  0.3845   0.6455   0.8555   1.0655   1.3020   1.5405   1.8080   2.0760   2.2890   2.5060   2.7875   3.0635   3.2855   3.5130   3.7485   4.0095   4.2910   4.5430   0.0000   0.0000   0.0000   0.0000   0.0000;
297:  0.3845   0.6460   0.8565   1.0665   1.3030   1.5415   1.8095   2.0780   2.2915   2.5085   2.7895   3.0660   3.2885   3.5165   3.7515   4.0120   4.2935   4.5450   0.0000   0.0000   0.0000   0.0000   0.0000;
298:  0.3845   0.6465   0.8570   1.0675   1.3040   1.5430   1.8115   2.0805   2.2940   2.5105   2.7915   3.0685   3.2910   3.5190   3.7545   4.0145   4.2955   4.5475   0.0000   0.0000   0.0000   0.0000   0.0000;
299:  0.3850   0.6475   0.8575   1.0675   1.3045   1.5440   1.8130   2.0825   2.2960   2.5125   2.7935   3.0710   3.2940   3.5225   3.7575   4.0170   4.2980   4.5500   0.0000   0.0000   0.0000   0.0000   0.0000;
300:  0.3850   0.6480   0.8585   1.0685   1.3055   1.5450   1.8150   2.0850   2.2985   2.5150   2.7955   3.0735   3.2970   3.5260   3.7610   4.0200   4.3010   4.5535   0.0000   0.0000   0.0000   0.0000   0.0000;
301:  0.3855   0.6490   0.8595   1.0695   1.3070   1.5470   1.8170   2.0870   2.3005   2.5170   2.7975   3.0760   3.3000   3.5295   3.7645   4.0225   4.3030   4.5565   0.0000   0.0000   0.0000   0.0000   0.0000;
302:  0.3855   0.6500   0.8600   1.0700   1.3080   1.5480   1.8185   2.0895   2.3030   2.5190   2.7995   3.0785   3.3025   3.5325   3.7680   4.0255   4.3060   4.5600   0.0000   0.0000   0.0000   0.0000   0.0000;
303:  0.3855   0.6500   0.8605   1.0710   1.3090   1.5495   1.8205   2.0915   2.3055   2.5215   2.8010   3.0805   3.3055   3.5360   3.7715   4.0280   4.3080   4.5630   0.0000   0.0000   0.0000   0.0000   0.0000;
304:  0.3860   0.6510   0.8615   1.0720   1.3100   1.5505   1.8220   2.0935   2.3075   2.5235   2.8030   3.0830   3.3085   3.5395   3.7755   4.0315   4.3110   4.5670   0.0000   0.0000   0.0000   0.0000   0.0000;
305:  0.3865   0.6520   0.8625   1.0725   1.3110   1.5525   1.8240   2.0955   2.3100   2.5260   2.8050   3.0855   3.3115   3.5430   3.7790   4.0340   4.3135   4.5710   0.0000   0.0000   0.0000   0.0000   0.0000;
306:  0.3865   0.6530   0.8635   1.0735   1.3120   1.5535   1.8255   2.0980   2.3130   2.5285   2.8070   3.0880   3.3145   3.5465   3.7830   4.0370   4.3160   4.5755   0.0000   0.0000   0.0000   0.0000   0.0000;
307:  0.3865   0.6535   0.8640   1.0740   1.3130   1.5550   1.8275   2.1000   2.3150   2.5305   2.8090   3.0905   3.3170   3.5495   3.7865   4.0400   4.3195   4.5805   0.0000   0.0000   0.0000   0.0000   0.0000;
308:  0.3865   0.6540   0.8645   1.0750   1.3145   1.5565   1.8290   2.1020   2.3175   2.5330   2.8110   3.0925   3.3195   3.5530   3.7905   4.0430   4.3220   4.5850   0.0000   0.0000   0.0000   0.0000   0.0000;
309:  0.3870   0.6550   0.8655   1.0760   1.3155   1.5580   1.8310   2.1045   2.3200   2.5350   2.8130   3.0950   3.3225   3.5565   3.7945   4.0460   4.3245   4.5895   0.0000   0.0000   0.0000   0.0000   0.0000;
310:  0.3870   0.6555   0.8665   1.0770   1.3165   1.5590   1.8325   2.1065   2.3225   2.5375   2.8150   3.0970   3.3250   3.5600   3.7985   4.0490   4.3270   4.5945   0.0000   0.0000   0.0000   0.0000   0.0000;
311:  0.3870   0.6565   0.8675   1.0785   1.3185   1.5610   1.8345   2.1090   2.3250   2.5400   2.8175   3.0990   3.3275   3.5630   3.8020   4.0520   4.3295   4.5995   0.0000   0.0000   0.0000   0.0000   0.0000;
312:  0.3875   0.6570   0.8680   1.0795   1.3195   1.5620   1.8360   2.1110   2.3275   2.5425   2.8195   3.1010   3.3300   3.5665   3.8060   4.0550   4.3325   4.6050   0.0000   0.0000   0.0000   0.0000   0.0000;
313:  0.3880   0.6580   0.8685   1.0800   1.3210   1.5635   1.8375   2.1130   2.3300   2.5450   2.8220   3.1035   3.3325   3.5695   3.8095   4.0580   4.3350   4.6100   0.0000   0.0000   0.0000   0.0000   0.0000;
314:  0.3880   0.6590   0.8695   1.0810   1.3220   1.5650   1.8395   2.1155   2.3325   2.5470   2.8240   3.1055   3.3350   3.5725   3.8130   4.0610   4.3375   4.6150   0.0000   0.0000   0.0000   0.0000   0.0000;
315:  0.3880   0.6595   0.8705   1.0820   1.3235   1.5665   1.8410   2.1175   2.3350   2.5500   2.8265   3.1075   3.3375   3.5760   3.8170   4.0640   4.3400   4.6205   0.0000   0.0000   0.0000   0.0000   0.0000;
316:  0.3885   0.6605   0.8715   1.0835   1.3250   1.5680   1.8425   2.1190   2.3370   2.5520   2.8290   3.1100   3.3400   3.5790   3.8205   4.0670   4.3430   4.6265   0.0000   0.0000   0.0000   0.0000   0.0000;
317:  0.3890   0.6610   0.8720   1.0845   1.3265   1.5695   1.8440   2.1210   2.3390   2.5540   2.8310   3.1120   3.3420   3.5815   3.8240   4.0700   4.3455   4.6315   0.0000   0.0000   0.0000   0.0000   0.0000;
318:  0.3885   0.6615   0.8730   1.0855   1.3275   1.5710   1.8460   2.1235   2.3420   2.5570   2.8335   3.1140   3.3450   3.5850   3.8275   4.0735   4.3485   4.6370   0.0000   0.0000   0.0000   0.0000   0.0000;
319:  0.3890   0.6625   0.8740   1.0865   1.3290   1.5725   1.8470   2.1250   2.3440   2.5590   2.8360   3.1160   3.3470   3.5880   3.8310   4.0765   4.3510   4.6425   0.0000   0.0000   0.0000   0.0000   0.0000;
320:  0.3895   0.6635   0.8750   1.0880   1.3305   1.5735   1.8485   2.1270   2.3460   2.5610   2.8385   3.1185   3.3495   3.5905   3.8340   4.0800   4.3545   4.6485   5.0570   0.0000   0.0000   0.0000   0.0000;
321:  0.3895   0.6635   0.8755   1.0890   1.3320   1.5755   1.8505   2.1290   2.3480   2.5635   2.8410   3.1205   3.3520   3.5935   3.8375   4.0835   4.3575   4.6540   5.0670   0.0000   0.0000   0.0000   0.0000;
322:  0.3900   0.6645   0.8765   1.0900   1.3330   1.5765   1.8515   2.1305   2.3505   2.5660   2.8435   3.1225   3.3540   3.5965   3.8410   4.0870   4.3605   4.6595   5.0770   5.4530   0.0000   0.0000   0.0000;
323:  0.3905   0.6655   0.8775   1.0915   1.3345   1.5775   1.8530   2.1325   2.3525   2.5680   2.8455   3.1245   3.3565   3.5990   3.8440   4.0910   4.3645   4.6650   5.0865   5.4655   0.0000   0.0000   0.0000;
324:  0.3905   0.6660   0.8785   1.0925   1.3360   1.5795   1.8545   2.1340   2.3545   2.5700   2.8480   3.1270   3.3590   3.6020   3.8475   4.0945   4.3675   4.6705   5.0970   5.4800   0.0000   0.0000   0.0000;
325:  0.3910   0.6665   0.8795   1.0940   1.3370   1.5805   1.8560   2.1360   2.3565   2.5725   2.8510   3.1290   3.3615   3.6050   3.8505   4.0985   4.3715   4.6760   5.1065   5.4940   0.0000   0.0000   0.0000;
326:  0.3910   0.6670   0.8805   1.0950   1.3385   1.5820   1.8570   2.1370   2.3580   2.5745   2.8530   3.1310   3.3640   3.6080   3.8535   4.1020   4.3750   4.6810   5.1160   5.5085   5.7630   0.0000   0.0000;
327:  0.3915   0.6680   0.8815   1.0965   1.3400   1.5835   1.8590   2.1390   2.3595   2.5760   2.8555   3.1335   3.3665   3.6105   3.8565   4.1065   4.3795   4.6865   5.1255   5.5235   5.7740   0.0000   0.0000;
328:  0.3915   0.6685   0.8825   1.0975   1.3415   1.5850   1.8600   2.1405   2.3615   2.5780   2.8580   3.1360   3.3690   3.6135   3.8595   4.1100   4.3835   4.6920   5.1345   5.5370   5.7830   0.0000   0.0000;
329:  0.3920   0.6690   0.8830   1.0985   1.3425   1.5860   1.8615   2.1420   2.3630   2.5800   2.8600   3.1380   3.3715   3.6160   3.8625   4.1145   4.3880   4.6975   5.1430   5.5500   5.7910   0.0000   0.0000;
330:  0.3920   0.6695   0.8840   1.0995   1.3435   1.5870   1.8625   2.1435   2.3645   2.5815   2.8625   3.1405   3.3740   3.6190   3.8655   4.1185   4.3925   4.7025   5.1510   5.5620   5.7980   0.0000   0.0000;
331:  0.3920   0.6700   0.8850   1.1005   1.3445   1.5880   1.8640   2.1450   2.3660   2.5830   2.8645   3.1430   3.3765   3.6220   3.8685   4.1225   4.3970   4.7075   5.1590   5.5730   5.8045   0.0000   0.0000;
332:  0.3930   0.6705   0.8855   1.1015   1.3455   1.5895   1.8660   2.1470   2.3675   2.5845   2.8665   3.1450   3.3790   3.6245   3.8715   4.1270   4.4015   4.7125   5.1665   5.5835   5.8115   0.0000   0.0000;
333:  0.3930   0.6710   0.8865   1.1025   1.3465   1.5905   1.8670   2.1480   2.3685   2.5860   2.8690   3.1480   3.3820   3.6275   3.8745   4.1315   4.4070   4.7180   5.1745   5.5930   5.8185   0.0000   0.0000;
334:  0.3935   0.6715   0.8870   1.1035   1.3475   1.5915   1.8685   2.1495   2.3700   2.5875   2.8710   3.1505   3.3845   3.6305   3.8775   4.1355   4.4115   4.7225   5.1815   5.6020   5.8275   0.0000   0.0000;
335:  0.3935   0.6720   0.8880   1.1045   1.3485   1.5925   1.8700   2.1510   2.3710   2.5885   2.8725   3.1530   3.3875   3.6335   3.8805   4.1395   4.4165   4.7275   5.1895   5.6120   5.8380   0.0000   0.0000;
336:  0.3940   0.6720   0.8885   1.1055   1.3495   1.5935   1.8710   2.1520   2.3720   2.5900   2.8745   3.1550   3.3900   3.6360   3.8830   4.1440   4.4215   4.7320   5.1970   5.6210   5.8505   0.0000   0.0000;
337:  0.3945   0.6730   0.8895   1.1065   1.3505   1.5945   1.8725   2.1535   2.3730   2.5910   2.8765   3.1580   3.3930   3.6390   3.8855   4.1475   4.4265   4.7370   5.2050   5.6310   5.8650   0.0000   0.0000;
338:  0.3945   0.6730   0.8900   1.1075   1.3515   1.5955   1.8740   2.1550   2.3740   2.5920   2.8780   3.1605   3.3955   3.6415   3.8885   4.1515   4.4315   4.7415   5.2125   5.6410   5.8805   0.0000   0.0000;
339:  0.3950   0.6735   0.8910   1.1080   1.3520   1.5965   1.8750   2.1560   2.3750   2.5930   2.8795   3.1625   3.3980   3.6445   3.8915   4.1560   4.4370   4.7460   5.2200   5.6515   5.8980   0.0000   0.0000;
340:  0.3955   0.6740   0.8915   1.1090   1.3530   1.5975   1.8765   2.1570   2.3755   2.5940   2.8810   3.1650   3.4005   3.6470   3.8940   4.1595   4.4420   4.7505   5.2275   5.6625   5.9160   0.0000   0.0000;
341:  0.3955   0.6745   0.8925   1.1100   1.3535   1.5980   1.8780   2.1585   2.3765   2.5950   2.8825   3.1675   3.4035   3.6500   3.8970   4.1635   4.4470   4.7545   5.2345   5.6735   5.9335   0.0000   0.0000;
342:  0.3960   0.6745   0.8930   1.1105   1.3540   1.5990   1.8790   2.1595   2.3770   2.5955   2.8840   3.1700   3.4060   3.6520   3.8990   4.1665   4.4515   4.7590   5.2410   5.6840   5.9505   0.0000   0.0000;
343:  0.3960   0.6745   0.8935   1.1115   1.3545   1.5995   1.8805   2.1605   2.3775   2.5965   2.8855   3.1720   3.4080   3.6545   3.9015   4.1700   4.4565   4.7630   5.2470   5.6950   5.9665   0.0000   0.0000;
344:  0.3960   0.6745   0.8935   1.1120   1.3555   1.6005   1.8815   2.1615   2.3785   2.5975   2.8870   3.1745   3.4105   3.6570   3.9040   4.1730   4.4610   4.7670   5.2525   5.7050   5.9800   0.0000   0.0000;
345:  0.3965   0.6750   0.8945   1.1125   1.3555   1.6010   1.8830   2.1625   2.3790   2.5985   2.8880   3.1765   3.4130   3.6590   3.9065   4.1765   4.4655   4.7710   5.2565   5.7130   5.9910   0.0000   0.0000;
346:  0.3965   0.6750   0.8950   1.1130   1.3560   1.6015   1.8835   2.1635   2.3795   2.5990   2.8895   3.1785   3.4150   3.6615   3.9090   4.1790   4.4690   4.7745   5.2600   5.7205   6.0005   0.0000   0.0000;
347:  0.3970   0.6755   0.8950   1.1135   1.3565   1.6020   1.8845   2.1640   2.3800   2.6000   2.8905   3.1805   3.4170   3.6630   3.9110   4.1815   4.4730   4.7785   5.2620   5.7250   6.0060   0.0000   0.0000;
348:  0.3975   0.6755   0.8950   1.1135   1.3565   1.6020   1.8855   2.1650   2.3800   2.6000   2.8910   3.1820   3.4190   3.6650   3.9125   4.1835   4.4770   4.7825   5.2630   5.7275   6.0095   0.0000   0.0000;
349:  0.3975   0.6755   0.8955   1.1140   1.3570   1.6030   1.8865   2.1655   2.3805   2.6010   2.8925   3.1845   3.4210   3.6665   3.9145   4.1860   4.4805   4.7855   5.2620   5.7275   6.0110   0.0000   0.0000;
350:  0.3975   0.6760   0.8960   1.1140   1.3570   1.6035   1.8870   2.1655   2.3805   2.6010   2.8930   3.1860   3.4225   3.6680   3.9165   4.1880   4.4835   4.7890   5.2600   5.7245   6.0105   0.0000   0.0000;
351:  0.3980   0.6760   0.8965   1.1150   1.3575   1.6035   1.8875   2.1660   2.3810   2.6020   2.8940   3.1875   3.4240   3.6695   3.9180   4.1895   4.4865   4.7925   5.2575   5.7200   6.0085   0.0000   0.0000;
352:  0.3980   0.6760   0.8965   1.1150   1.3575   1.6035   1.8880   2.1665   2.3810   2.6025   2.8945   3.1885   3.4255   3.6705   3.9195   4.1910   4.4890   4.7960   5.2540   5.7130   6.0060   0.0000   0.0000;
353:  0.3980   0.6760   0.8965   1.1150   1.3575   1.6035   1.8880   2.1665   2.3810   2.6030   2.8955   3.1895   3.4265   3.6720   3.9210   4.1925   4.4920   4.7995   5.2495   5.7040   6.0030   0.0000   0.0000;
354:  0.3980   0.6760   0.8965   1.1150   1.3580   1.6045   1.8890   2.1670   2.3815   2.6035   2.8960   3.1910   3.4275   3.6720   3.9220   4.1940   4.4940   4.8025   5.2450   5.6940   5.9990   0.0000   0.0000;
355:  0.3985   0.6760   0.8965   1.1155   1.3585   1.6045   1.8890   2.1670   2.3815   2.6040   2.8970   3.1925   3.4290   3.6730   3.9230   4.1950   4.4960   4.8055   5.2395   5.6825   5.9955   0.0000   0.0000;
356:  0.3985   0.6755   0.8960   1.1155   1.3585   1.6045   1.8890   2.1670   2.3815   2.6045   2.8975   3.1930   3.4295   3.6735   3.9245   4.1965   4.4980   4.8085   5.2345   5.6715   5.9920   0.0000   0.0000;
357:  0.3985   0.6755   0.8960   1.1155   1.3585   1.6045   1.8890   2.1670   2.3815   2.6045   2.8980   3.1940   3.4300   3.6735   3.9250   4.1970   4.4995   4.8120   5.2300   5.6600   5.9880   0.0000   0.0000;
358:  0.3985   0.6755   0.8960   1.1155   1.3585   1.6045   1.8890   2.1670   2.3820   2.6055   2.8985   3.1940   3.4300   3.6740   3.9260   4.1980   4.5010   4.8145   5.2260   5.6495   5.9835   0.0000   0.0000;
359:  0.3985   0.6755   0.8960   1.1155   1.3585   1.6045   1.8890   2.1665   2.3815   2.6060   2.8995   3.1950   3.4305   3.6740   3.9265   4.1985   4.5020   4.8175   5.2225   5.6390   0.0000   0.0000   0.0000;
#AFTER_DB_V3;
000:  0.2340   0.5630   0.7880   1.0040   1.2270   1.4900   1.7190   2.0580   2.2740   2.4890   2.7230   3.0760   3.3140   3.5470   3.8010   4.0530   4.3450   4.6610   4.9800   5.4600   5.8000   6.1440   0.0000;
001:  0.2340   0.5630   0.7880   1.0040   1.2270   1.4900   1.7180   2.0580   2.2740   2.4890   2.7240   3.0760   3.3150   3.5470   3.8000   4.0550   4.3460   4.6630   4.9840   5.4520   5.7920   6.1370   0.0000;
002:  0.2340   0.5630   0.7870   1.0040   1.2270   1.4900   1.7180   2.0570   2.2730   2.4890   2.7240   3.0760   3.3150   3.5460   3.8000   4.0560   4.3460   4.6650   4.9880   5.4460   5.7850   6.1270   0.0000;
003:  0.2350   0.5620   0.7870   1.0040   1.2270   1.4890   1.7180   2.0560   2.2730   2.4890   2.7250   3.0760   3.3140   3.5460   3.7990   4.0570   4.3470   4.6660   4.9920   5.4420   5.7780   6.1130   0.0000;
004:  0.2350   0.5620   0.7870   1.0030   1.2270   1.4890   1.7170   2.0550   2.2730   2.4890   2.7250   3.0760   3.3140   3.5450   3.7980   4.0580   4.3480   4.6680   4.9960   5.4400   5.7730   6.0970   0.0000;
005:  0.2350   0.5620   0.7870   1.0030   1.2270   1.4890   1.7170   2.0540   2.2720   2.4890   2.7260   3.0760   3.3130   3.5450   3.7980   4.0600   4.3490   4.6690   5.0000   5.4390   5.7670   6.0790   0.0000;
006:  0.2340   0.5620   0.7870   1.0020   1.2270   1.4890   1.7160   2.0530   2.2720   2.4880   2.7260   3.0760   3.3130   3.5440   3.7970   4.0610   4.3500   4.6710   5.0050   5.4400   5.7620   6.0590   0.0000;
007:  0.2340   0.5620   0.7860   1.0020   1.2270   1.4890   1.7160   2.0520   2.2710   2.4880   2.7270   3.0760   3.3120   3.5440   3.7960   4.0620   4.3520   4.6720   5.0090   5.4410   5.7570   6.0380   0.0000;
008:  0.2340   0.5620   0.7860   1.0020   1.2270   1.4880   1.7150   2.0500   2.2710   2.4880   2.7270   3.0750   3.3110   3.5430   3.7950   4.0630   4.3530   4.6730   5.0140   5.4430   5.7520   6.0180   0.0000;
009:  0.2340   0.5620   0.7860   1.0010   1.2270   1.4880   1.7150   2.0490   2.2710   2.4870   2.7270   3.0750   3.3090   3.5420   3.7940   4.0640   4.3550   4.6750   5.0180   5.4450   5.7460   6.0000   0.0000;
010:  0.2340   0.5620   0.7860   1.0010   1.2270   1.4870   1.7140   2.0480   2.2700   2.4870   2.7270   3.0740   3.3080   3.5410   3.7930   4.0660   4.3580   4.6760   5.0230   5.4470   5.7400   5.9820   0.0000;
011:  0.2340   0.5610   0.7850   1.0000   1.2260   1.4870   1.7130   2.0460   2.2700   2.4870   2.7270   3.0740   3.3070   3.5400   3.7920   4.0670   4.3600   4.6770   5.0270   5.4490   5.7350   5.9670   0.0000;
012:  0.2340   0.5610   0.7850   1.0000   1.2260   1.4860   1.7120   2.0450   2.2690   2.4860   2.7270   3.0730   3.3050   3.5400   3.7910   4.0690   4.3640   4.6790   5.0310   5.4510   5.7290   5.9530   0.0000;
013:  0.2340   0.5610   0.7850   0.9990   1.2260   1.4860   1.7110   2.0430   2.2690   2.4850   2.7260   3.0720   3.3040   3.5390   3.7910   4.0700   4.3670   4.6810   5.0350   5.4520   5.7230   5.9410   0.0000;
014:  0.2340   0.5610   0.7840   0.9980   1.2250   1.4850   1.7110   2.0420   2.2680   2.4850   2.7260   3.0710   3.3020   3.5380   3.7900   4.0720   4.3700   4.6820   5.0380   5.4520   5.7170   5.9300   0.0000;
015:  0.2340   0.5600   0.7840   0.9980   1.2250   1.4850   1.7100   2.0400   2.2670   2.4840   2.7250   3.0700   3.3010   3.5370   3.7900   4.0730   4.3740   4.6840   5.0420   5.4510   5.7120   5.9190   0.0000;
016:  0.2330   0.5600   0.7840   0.9970   1.2240   1.4840   1.7090   2.0390   2.2670   2.4830   2.7250   3.0690   3.2990   3.5360   3.7890   4.0750   4.3780   4.6870   5.0450   5.4500   5.7070   5.9090   0.0000;
017:  0.2330   0.5600   0.7840   0.9960   1.2240   1.4830   1.7080   2.0380   2.2660   2.4830   2.7240   3.0670   3.2970   3.5360   3.7890   4.0770   4.3830   4.6890   5.0470   5.4480   5.7020   5.8990   0.0000;
018:  0.2330   0.5600   0.7830   0.9960   1.2230   1.4820   1.7070   2.0360   2.2660   2.4820   2.7230   3.0660   3.2960   3.5350   3.7900   4.0790   4.3880   4.6910   5.0500   5.4450   5.6960   5.8880   0.0000;
019:  0.2330   0.5590   0.7830   0.9950   1.2220   1.4820   1.7060   2.0350   2.2650   2.4810   2.7220   3.0650   3.2940   3.5340   3.7900   4.0810   4.3930   4.6940   5.0510   5.4420   5.6910   5.8770   0.0000;
020:  0.2330   0.5590   0.7820   0.9940   1.2220   1.4810   1.7050   2.0340   2.2640   2.4800   2.7200   3.0630   3.2930   3.5340   3.7910   4.0830   4.3970   4.6970   5.0530   5.4370   5.6860   5.8660   0.0000;
021:  0.2330   0.5590   0.7820   0.9940   1.2210   1.4800   1.7040   2.0330   2.2640   2.4790   2.7190   3.0620   3.2910   3.5330   3.7910   4.0850   4.4020   4.7000   5.0530   5.4320   5.6800   5.8550   0.0000;
022:  0.2330   0.5580   0.7810   0.9930   1.2200   1.4790   1.7040   2.0320   2.2630   2.4780   2.7180   3.0600   3.2890   3.5330   3.7920   4.0870   4.4070   4.7030   5.0530   5.4250   5.6730   5.8450   0.0000;
023:  0.2330   0.5580   0.7810   0.9920   1.2190   1.4780   1.7030   2.0310   2.2620   2.4760   2.7160   3.0580   3.2880   3.5320   3.7940   4.0890   4.4130   4.7060   5.0530   5.4190   5.6660   5.8360   0.0000;
024:  0.2330   0.5580   0.7800   0.9910   1.2180   1.4770   1.7020   2.0300   2.2610   2.4750   2.7140   3.0560   3.2870   3.5320   3.7950   4.0910   4.4170   4.7090   5.0520   5.4110   5.6560   5.8300   0.0000;
025:  0.2320   0.5570   0.7800   0.9900   1.2160   1.4750   1.7010   2.0290   2.2600   2.4740   2.7130   3.0550   3.2850   3.5320   3.7970   4.0930   4.4220   4.7120   5.0510   5.4030   5.6460   5.8270   0.0000;
026:  0.2320   0.5570   0.7800   0.9890   1.2150   1.4740   1.7000   2.0280   2.2590   2.4730   2.7110   3.0530   3.2840   3.5310   3.7980   4.0960   4.4270   4.7150   5.0480   5.3940   5.6350   5.8270   0.0000;
027:  0.2320   0.5560   0.7790   0.9890   1.2140   1.4730   1.6990   2.0270   2.2580   2.4710   2.7090   3.0510   3.2820   3.5310   3.8000   4.0980   4.4310   4.7180   5.0450   5.3840   5.6220   5.8290   0.0000;
028:  0.2320   0.5560   0.7780   0.9880   1.2130   1.4720   1.6980   2.0260   2.2570   2.4700   2.7070   3.0490   3.2810   3.5310   3.8030   4.1000   4.4350   4.7210   5.0420   5.3740   5.6080   5.8360   0.0000;
029:  0.2320   0.5550   0.7780   0.9870   1.2120   1.4710   1.6970   2.0250   2.2560   2.4690   2.7050   3.0470   3.2800   3.5310   3.8050   4.1030   4.4390   4.7240   5.0380   5.3630   5.5950   5.8440   0.0000;
030:  0.2320   0.5550   0.7770   0.9860   1.2100   1.4690   1.6960   2.0250   2.2550   2.4670   2.7030   3.0450   3.2790   3.5320   3.8070   4.1050   4.4420   4.7260   5.0330   5.3520   5.5810   5.8550   0.0000;
031:  0.2320   0.5550   0.7760   0.9850   1.2090   1.4680   1.6950   2.0240   2.2540   2.4660   2.7000   3.0430   3.2780   3.5320   3.8100   4.1070   4.4450   4.7280   5.0270   5.3410   5.5690   5.8660   0.0000;
032:  0.2320   0.5540   0.7760   0.9840   1.2080   1.4670   1.6950   2.0230   2.2530   2.4640   2.6980   3.0420   3.2770   3.5330   3.8120   4.1100   4.4470   4.7300   5.0210   5.3300   5.5580   5.8770   0.0000;
033:  0.2320   0.5530   0.7750   0.9830   1.2060   1.4650   1.6930   2.0220   2.2510   2.4630   2.6960   3.0400   3.2760   3.5330   3.8150   4.1120   4.4490   4.7310   5.0140   5.3190   5.5490   0.0000   0.0000;
034:  0.2320   0.5530   0.7750   0.9820   1.2050   1.4640   1.6930   2.0210   2.2500   2.4620   2.6950   3.0380   3.2760   3.5340   3.8170   4.1140   4.4500   4.7320   5.0060   5.3100   0.0000   0.0000   0.0000;
035:  0.2320   0.5530   0.7740   0.9810   1.2040   1.4630   1.6920   2.0200   2.2490   2.4600   2.6930   3.0370   3.2750   3.5340   3.8200   4.1160   4.4510   4.7330   4.9980   5.3010   0.0000   0.0000   0.0000;
036:  0.2320   0.5520   0.7730   0.9800   1.2020   1.4620   1.6910   2.0190   2.2470   2.4590   2.6910   3.0350   3.2740   3.5350   3.8220   4.1180   4.4510   4.7330   4.9890   5.2940   0.0000   0.0000   0.0000;
037:  0.2320   0.5510   0.7720   0.9790   1.2010   1.4600   1.6890   2.0180   2.2460   2.4570   2.6890   3.0340   3.2740   3.5360   3.8250   4.1200   4.4500   4.7320   4.9800   5.2890   0.0000   0.0000   0.0000;
038:  0.2320   0.5510   0.7710   0.9780   1.2000   1.4590   1.6890   2.0170   2.2450   2.4560   2.6870   3.0330   3.2730   3.5370   3.8270   4.1220   4.4490   4.7300   4.9710   5.2850   0.0000   0.0000   0.0000;
039:  0.2330   0.5500   0.7710   0.9770   1.1980   1.4580   1.6870   2.0160   2.2430   2.4540   2.6850   3.0320   3.2730   3.5380   3.8290   4.1240   4.4470   4.7280   4.9610   5.2840   0.0000   0.0000   0.0000;
040:  0.2330   0.5500   0.7700   0.9760   1.1970   1.4560   1.6860   2.0150   2.2420   2.4530   2.6840   3.0310   3.2720   3.5390   3.8320   4.1250   4.4450   4.7260   4.9500   5.2850   0.0000   0.0000   0.0000;
041:  0.2330   0.5490   0.7690   0.9750   1.1960   1.4550   1.6850   2.0140   2.2400   2.4510   2.6830   3.0310   3.2720   3.5400   3.8330   4.1270   4.4420   4.7230   4.9400   0.0000   0.0000   0.0000   0.0000;
042:  0.2330   0.5490   0.7680   0.9740   1.1950   1.4540   1.6840   2.0120   2.2380   2.4500   2.6810   3.0300   3.2720   3.5420   3.8350   4.1280   4.4380   4.7190   4.9290   0.0000   0.0000   0.0000   0.0000;
043:  0.2330   0.5480   0.7670   0.9730   1.1930   1.4530   1.6830   2.0110   2.2370   2.4490   2.6800   3.0300   3.2710   3.5430   3.8370   4.1300   4.4340   4.7140   4.9180   0.0000   0.0000   0.0000   0.0000;
044:  0.2330   0.5480   0.7670   0.9710   1.1920   1.4520   1.6820   2.0090   2.2350   2.4470   2.6790   3.0300   3.2710   3.5440   3.8380   4.1310   4.4300   4.7090   4.9060   0.0000   0.0000   0.0000   0.0000;
045:  0.2340   0.5470   0.7660   0.9710   1.1910   1.4510   1.6800   2.0080   2.2330   2.4460   2.6780   3.0300   3.2710   3.5460   3.8390   4.1310   4.4250   4.7030   4.8950   0.0000   0.0000   0.0000   0.0000;
046:  0.2340   0.5470   0.7650   0.9690   1.1900   1.4490   1.6790   2.0060   2.2320   2.4450   2.6780   3.0300   3.2710   3.5470   3.8400   4.1320   4.4190   4.6970   4.8840   0.0000   0.0000   0.0000   0.0000;
047:  0.2340   0.5460   0.7640   0.9680   1.1890   1.4480   1.6780   2.0040   2.2300   2.4440   2.6770   3.0310   3.2710   3.5490   3.8400   4.1320   4.4130   4.6900   4.8720   0.0000   0.0000   0.0000   0.0000;
048:  0.2350   0.5450   0.7630   0.9670   1.1880   1.4470   1.6760   2.0020   2.2280   2.4420   2.6770   3.0310   3.2710   3.5510   3.8410   4.1330   4.4070   4.6820   4.8610   0.0000   0.0000   0.0000   0.0000;
049:  0.2350   0.5450   0.7620   0.9660   1.1870   1.4460   1.6750   2.0010   2.2270   2.4410   2.6760   3.0320   3.2720   3.5520   3.8410   4.1330   4.4010   4.6750   4.8500   0.0000   0.0000   0.0000   0.0000;
050:  0.2350   0.5440   0.7620   0.9650   1.1870   1.4450   1.6740   1.9990   2.2250   2.4400   2.6760   3.0330   3.2720   3.5540   3.8410   4.1320   4.3940   4.6660   4.8390   0.0000   0.0000   0.0000   0.0000;
051:  0.2360   0.5440   0.7610   0.9640   1.1860   1.4440   1.6720   1.9970   2.2240   2.4390   2.6760   3.0340   3.2720   3.5550   3.8400   4.1320   4.3870   4.6580   4.8290   0.0000   0.0000   0.0000   0.0000;
052:  0.2360   0.5430   0.7600   0.9640   1.1850   1.4430   1.6710   1.9950   2.2220   2.4380   2.6760   3.0350   3.2730   3.5570   3.8400   4.1310   4.3800   4.6490   4.8180   0.0000   0.0000   0.0000   0.0000;
053:  0.2360   0.5430   0.7590   0.9630   1.1840   1.4420   1.6690   1.9930   2.2200   2.4370   2.6760   3.0370   3.2730   3.5580   3.8390   4.1300   4.3730   4.6400   4.8090   0.0000   0.0000   0.0000   0.0000;
054:  0.2370   0.5420   0.7580   0.9620   1.1840   1.4410   1.6680   1.9910   2.2190   2.4360   2.6770   3.0380   3.2740   3.5600   3.8380   4.1290   4.3660   4.6310   4.7990   0.0000   0.0000   0.0000   0.0000;
055:  0.2370   0.5420   0.7580   0.9610   1.1830   1.4400   1.6660   1.9890   2.2170   2.4350   2.6770   3.0400   3.2750   3.5610   3.8370   4.1280   4.3590   4.6220   4.7900   0.0000   0.0000   0.0000   0.0000;
056:  0.2380   0.5410   0.7570   0.9600   1.1830   1.4390   1.6650   1.9860   2.2160   2.4340   2.6770   3.0410   3.2750   3.5630   3.8350   4.1260   4.3510   4.6120   4.7820   0.0000   0.0000   0.0000   0.0000;
057:  0.2380   0.5410   0.7560   0.9590   1.1820   1.4380   1.6640   1.9840   2.2140   2.4330   2.6780   3.0430   3.2760   3.5640   3.8340   4.1250   4.3450   4.6040   4.7730   0.0000   0.0000   0.0000   0.0000;
058:  0.2380   0.5400   0.7560   0.9580   1.1820   1.4370   1.6620   1.9820   2.2130   2.4320   2.6780   3.0440   3.2770   3.5650   3.8320   4.1230   4.3380   4.5950   4.7660   0.0000   0.0000   0.0000   0.0000;
059:  0.2390   0.5400   0.7550   0.9580   1.1810   1.4360   1.6600   1.9800   2.2120   2.4310   2.6790   3.0460   3.2780   3.5670   3.8310   4.1200   4.3310   4.5860   4.7590   0.0000   0.0000   0.0000   0.0000;
060:  0.2390   0.5390   0.7540   0.9570   1.1810   1.4350   1.6590   1.9780   2.2100   2.4310   2.6790   3.0470   3.2790   3.5680   3.8290   4.1180   4.3250   4.5780   4.7520   0.0000   0.0000   0.0000   0.0000;
061:  0.2390   0.5390   0.7540   0.9560   1.1800   1.4340   1.6570   1.9770   2.2090   2.4300   2.6800   3.0490   3.2800   3.5690   3.8270   4.1160   4.3180   4.5710   4.7460   0.0000   0.0000   0.0000   0.0000;
062:  0.2400   0.5380   0.7530   0.9550   1.1800   1.4330   1.6560   1.9750   2.2080   2.4290   2.6800   3.0500   3.2820   3.5690   3.8250   4.1130   4.3120   4.5640   4.7410   0.0000   0.0000   0.0000   0.0000;
063:  0.2400   0.5380   0.7520   0.9550   1.1790   1.4320   1.6550   1.9730   2.2070   2.4290   2.6810   3.0510   3.2830   3.5700   3.8230   4.1100   4.3070   4.5570   4.7360   0.0000   0.0000   0.0000   0.0000;
064:  0.2400   0.5370   0.7520   0.9540   1.1790   1.4310   1.6530   1.9720   2.2060   2.4280   2.6810   3.0530   3.2840   3.5710   3.8210   4.1070   4.3010   4.5510   0.0000   0.0000   0.0000   0.0000   0.0000;
065:  0.2400   0.5370   0.7510   0.9540   1.1780   1.4310   1.6520   1.9700   2.2050   2.4280   2.6820   3.0540   3.2850   3.5720   3.8190   4.1050   4.2960   0.0000   0.0000   0.0000   0.0000   0.0000   0.0000;
066:  0.2410   0.5360   0.7510   0.9530   1.1780   1.4290   1.6500   1.9690   2.2040   2.4270   2.6820   3.0550   3.2870   3.5720   3.8170   4.1020   4.2910   0.0000   0.0000   0.0000   0.0000   0.0000   0.0000;
067:  0.2410   0.5360   0.7500   0.9530   1.1770   1.4290   1.6490   1.9670   2.2040   2.4270   2.6820   3.0560   3.2880   3.5730   3.8150   4.0980   4.2870   0.0000   0.0000   0.0000   0.0000   0.0000   0.0000;
068:  0.2410   0.5360   0.7500   0.9520   1.1770   1.4280   1.6480   1.9660   2.2030   2.4270   2.6830   3.0570   3.2890   3.5730   3.8130   4.0950   4.2830   0.0000   0.0000   0.0000   0.0000   0.0000   0.0000;
069:  0.2410   0.5350   0.7490   0.9510   1.1760   1.4270   1.6460   1.9650   2.2020   2.4260   2.6830   3.0580   3.2910   3.5730   3.8110   4.0920   4.2790   0.0000   0.0000   0.0000   0.0000   0.0000   0.0000;
070:  0.2420   0.5350   0.7490   0.9510   1.1760   1.4260   1.6450   1.9640   2.2020   2.4260   2.6830   3.0580   3.2920   3.5730   3.8090   4.0890   4.2760   0.0000   0.0000   0.0000   0.0000   0.0000   0.0000;
071:  0.2420   0.5340   0.7480   0.9510   1.1750   1.4250   1.6440   1.9640   2.2020   2.4260   2.6830   3.0590   3.2930   3.5740   3.8080   4.0860   4.2730   0.0000   0.0000   0.0000   0.0000   0.0000   0.0000;
072:  0.2420   0.5340   0.7480   0.9500   1.1750   1.4240   1.6430   1.9630   2.2010   2.4250   2.6830   3.0590   3.2950   3.5740   3.8060   4.0830   4.2700   0.0000   0.0000   0.0000   0.0000   0.0000   0.0000;
073:  0.2420   0.5330   0.7470   0.9500   1.1740   1.4230   1.6420   1.9620   2.2010   2.4250   2.6830   3.0590   3.2960   3.5740   3.8050   4.0800   4.2670   0.0000   0.0000   0.0000   0.0000   0.0000   0.0000;
074:  0.2420   0.5330   0.7470   0.9490   1.1740   1.4220   1.6410   1.9620   2.2010   2.4250   2.6830   3.0590   3.2970   3.5730   3.8040   4.0770   4.2650   0.0000   0.0000   0.0000   0.0000   0.0000   0.0000;
075:  0.2420   0.5330   0.7470   0.9490   1.1730   1.4210   1.6400   1.9610   2.2000   2.4250   2.6830   3.0590   3.2990   3.5730   3.8030   4.0740   4.2630   0.0000   0.0000   0.0000   0.0000   0.0000   0.0000;
076:  0.2420   0.5320   0.7470   0.9490   1.1720   1.4200   1.6400   1.9610   2.2000   2.4250   2.6830   3.0590   3.3000   3.5730   3.8020   4.0710   4.2610   0.0000   0.0000   0.0000   0.0000   0.0000   0.0000;
077:  0.2420   0.5320   0.7460   0.9480   1.1720   1.4190   1.6390   1.9600   2.2000   2.4250   2.6830   3.0590   3.3010   3.5730   3.8010   4.0690   4.2600   0.0000   0.0000   0.0000   0.0000   0.0000   0.0000;
078:  0.2420   0.5320   0.7460   0.9480   1.1710   1.4190   1.6380   1.9600   2.2000   2.4250   2.6820   3.0580   3.3020   3.5730   3.8010   4.0660   4.2590   0.0000   0.0000   0.0000   0.0000   0.0000   0.0000;
079:  0.2420   0.5310   0.7460   0.9480   1.1710   1.4180   1.6380   1.9600   2.2000   2.4250   2.6820   3.0580   3.3030   3.5730   3.8000   4.0640   4.2580   0.0000   0.0000   0.0000   0.0000   0.0000   0.0000;
080:  0.2420   0.5310   0.7450   0.9470   1.1700   1.4170   1.6370   1.9600   2.2000   2.4250   2.6820   3.0570   3.3040   3.5730   3.8000   4.0620   4.2570   0.0000   0.0000   0.0000   0.0000   0.0000   0.0000;
081:  0.2420   0.5310   0.7450   0.9470   1.1690   1.4160   1.6370   1.9600   2.2000   2.4250   2.6820   3.0570   3.3050   3.5730   3.8000   4.0600   4.2570   0.0000   0.0000   0.0000   0.0000   0.0000   0.0000;
082:  0.2420   0.5300   0.7450   0.9470   1.1690   1.4160   1.6360   1.9600   2.2000   2.4250   2.6810   3.0560   3.3060   3.5730   3.8000   4.0590   4.2570   0.0000   0.0000   0.0000   0.0000   0.0000   0.0000;
083:  0.2420   0.5300   0.7450   0.9470   1.1680   1.4150   1.6360   1.9600   2.2000   2.4250   2.6810   3.0560   3.3070   3.5730   3.8000   4.0570   4.2570   0.0000   0.0000   0.0000   0.0000   0.0000   0.0000;
084:  0.2420   0.5300   0.7450   0.9470   1.1680   1.4150   1.6360   1.9600   2.2000   2.4250   2.6810   3.0550   3.3080   3.5730   3.8000   4.0560   4.2570   0.0000   0.0000   0.0000   0.0000   0.0000   0.0000;
085:  0.2420   0.5300   0.7450   0.9470   1.1670   1.4150   1.6360   1.9600   2.2000   2.4250   2.6800   3.0550   3.3080   3.5740   3.8010   4.0550   4.2570   0.0000   0.0000   0.0000   0.0000   0.0000   0.0000;
086:  0.2420   0.5290   0.7440   0.9460   1.1670   1.4140   1.6360   1.9600   2.2000   2.4250   2.6800   3.0550   3.3090   3.5740   3.8020   4.0550   4.2580   0.0000   0.0000   0.0000   0.0000   0.0000   0.0000;
087:  0.2420   0.5290   0.7440   0.9460   1.1660   1.4140   1.6360   1.9600   2.2000   2.4250   2.6800   3.0540   3.3100   3.5750   3.8020   4.0540   4.2590   0.0000   0.0000   0.0000   0.0000   0.0000   0.0000;
088:  0.2420   0.5290   0.7440   0.9460   1.1660   1.4140   1.6360   1.9600   2.2000   2.4250   2.6790   3.0540   3.3100   3.5760   3.8040   4.0540   4.2600   0.0000   0.0000   0.0000   0.0000   0.0000   0.0000;
089:  0.2420   0.5290   0.7440   0.9460   1.1650   1.4130   1.6360   1.9600   2.2000   2.4250   2.6790   3.0530   3.3110   3.5770   3.8050   4.0540   4.2610   0.0000   0.0000   0.0000   0.0000   0.0000   0.0000;
090:  0.2420   0.5290   0.7440   0.9460   1.1650   1.4130   1.6360   1.9610   2.2000   2.4250   2.6790   3.0530   3.3110   3.5780   3.8060   4.0540   0.0000   0.0000   0.0000   0.0000   0.0000   0.0000   0.0000;
091:  0.2420   0.5290   0.7440   0.9460   1.1650   1.4130   1.6370   1.9610   2.2010   2.4250   2.6790   3.0530   3.3120   3.5790   3.8070   4.0550   0.0000   0.0000   0.0000   0.0000   0.0000   0.0000   0.0000;
092:  0.2430   0.5290   0.7440   0.9460   1.1650   1.4140   1.6370   1.9610   2.2010   2.4250   2.6780   3.0530   3.3120   3.5800   3.8090   4.0560   0.0000   0.0000   0.0000   0.0000   0.0000   0.0000   0.0000;
093:  0.2430   0.5290   0.7440   0.9460   1.1650   1.4140   1.6370   1.9610   2.2010   2.4250   2.6780   3.0530   3.3120   3.5820   3.8110   4.0570   0.0000   0.0000   0.0000   0.0000   0.0000   0.0000   0.0000;
094:  0.2430   0.5290   0.7450   0.9460   1.1650   1.4140   1.6380   1.9610   2.2010   2.4250   2.6780   3.0530   3.3130   3.5840   3.8130   4.0580   0.0000   0.0000   0.0000   0.0000   0.0000   0.0000   0.0000;
095:  0.2430   0.5290   0.7450   0.9460   1.1650   1.4140   1.6380   1.9610   2.2010   2.4250   2.6780   3.0540   3.3130   3.5850   3.8150   4.0600   0.0000   0.0000   0.0000   0.0000   0.0000   0.0000   0.0000;
096:  0.2430   0.5290   0.7450   0.9460   1.1650   1.4150   1.6390   1.9620   2.2010   2.4240   2.6780   3.0540   3.3130   3.5870   3.8170   4.0620   0.0000   0.0000   0.0000   0.0000   0.0000   0.0000   0.0000;
097:  0.2440   0.5290   0.7450   0.9460   1.1650   1.4150   1.6400   1.9620   2.2010   2.4240   2.6780   3.0540   3.3140   3.5890   3.8190   0.0000   0.0000   0.0000   0.0000   0.0000   0.0000   0.0000   0.0000;
098:  0.2440   0.5290   0.7450   0.9460   1.1650   1.4160   1.6400   1.9620   2.2010   2.4240   2.6780   3.0550   3.3140   3.5920   3.8210   0.0000   0.0000   0.0000   0.0000   0.0000   0.0000   0.0000   0.0000;
099:  0.2440   0.5290   0.7450   0.9460   1.1650   1.4160   1.6410   1.9620   2.2010   2.4240   2.6780   3.0550   3.3150   3.5940   3.8240   0.0000   0.0000   0.0000   0.0000   0.0000   0.0000   0.0000   0.0000;
100:  0.2440   0.5290   0.7460   0.9460   1.1650   1.4170   1.6420   1.9630   2.2010   2.4240   2.6780   3.0560   3.3150   3.5970   3.8270   0.0000   0.0000   0.0000   0.0000   0.0000   0.0000   0.0000   0.0000;
101:  0.2450   0.5300   0.7460   0.9470   1.1660   1.4170   1.6420   1.9630   2.2010   2.4240   2.6780   3.0570   3.3160   3.5990   3.8290   0.0000   0.0000   0.0000   0.0000   0.0000   0.0000   0.0000   0.0000;
102:  0.2450   0.5300   0.7460   0.9470   1.1660   1.4180   1.6430   1.9640   2.2010   2.4230   2.6770   3.0570   3.3160   3.6020   3.8320   0.0000   0.0000   0.0000   0.0000   0.0000   0.0000   0.0000   0.0000;
103:  0.2450   0.5300   0.7470   0.9470   1.1670   1.4190   1.6440   1.9640   2.2010   2.4230   2.6770   3.0580   3.3170   3.6050   3.8350   0.0000   0.0000   0.0000   0.0000   0.0000   0.0000   0.0000   0.0000;
104:  0.2460   0.5300   0.7470   0.9470   1.1670   1.4200   1.6450   1.9650   2.2010   2.4230   2.6770   3.0590   3.3170   3.6070   3.8380   0.0000   0.0000   0.0000   0.0000   0.0000   0.0000   0.0000   0.0000;
105:  0.2460   0.5310   0.7470   0.9470   1.1670   1.4210   1.6460   1.9650   2.2010   2.4230   2.6770   3.0600   3.3180   3.6100   3.8420   0.0000   0.0000   0.0000   0.0000   0.0000   0.0000   0.0000   0.0000;
106:  0.2470   0.5310   0.7470   0.9480   1.1680   1.4220   1.6470   1.9660   2.2020   2.4230   2.6770   3.0600   3.3190   3.6130   3.8450   0.0000   0.0000   0.0000   0.0000   0.0000   0.0000   0.0000   0.0000;
107:  0.2470   0.5310   0.7480   0.9480   1.1690   1.4230   1.6480   1.9670   2.2020   2.4230   2.6770   3.0610   3.3190   3.6160   3.8480   0.0000   0.0000   0.0000   0.0000   0.0000   0.0000   0.0000   0.0000;
108:  0.2470   0.5320   0.7480   0.9490   1.1690   1.4240   1.6490   1.9680   2.2020   2.4220   2.6770   3.0620   3.3200   3.6180   3.8510   0.0000   0.0000   0.0000   0.0000   0.0000   0.0000   0.0000   0.0000;
109:  0.2480   0.5320   0.7490   0.9490   1.1700   1.4250   1.6510   1.9690   2.2020   2.4220   2.6770   3.0620   3.3210   3.6210   3.8550   0.0000   0.0000   0.0000   0.0000   0.0000   0.0000   0.0000   0.0000;
110:  0.2480   0.5320   0.7490   0.9490   1.1700   1.4260   1.6520   1.9700   2.2030   2.4220   2.6770   3.0630   3.3220   3.6230   3.8580   0.0000   0.0000   0.0000   0.0000   0.0000   0.0000   0.0000   0.0000;
111:  0.2490   0.5330   0.7490   0.9500   1.1710   1.4270   1.6530   1.9710   2.2030   2.4220   2.6770   3.0630   3.3220   3.6250   3.8620   0.0000   0.0000   0.0000   0.0000   0.0000   0.0000   0.0000   0.0000;
112:  0.2490   0.5330   0.7500   0.9500   1.1720   1.4280   1.6540   1.9720   2.2040   2.4230   2.6760   3.0630   3.3230   3.6280   3.8650   0.0000   0.0000   0.0000   0.0000   0.0000   0.0000   0.0000   0.0000;
113:  0.2490   0.5340   0.7500   0.9510   1.1730   1.4290   1.6560   1.9730   2.2050   2.4230   2.6760   3.0630   3.3240   3.6300   3.8690   0.0000   0.0000   0.0000   0.0000   0.0000   0.0000   0.0000   0.0000;
114:  0.2500   0.5340   0.7510   0.9510   1.1730   1.4300   1.6570   1.9750   2.2050   2.4230   2.6760   3.0630   3.3250   3.6320   3.8730   0.0000   0.0000   0.0000   0.0000   0.0000   0.0000   0.0000   0.0000;
115:  0.2500   0.5350   0.7510   0.9520   1.1740   1.4310   1.6580   1.9760   2.2060   2.4230   2.6760   3.0630   3.3260   3.6330   3.8760   0.0000   0.0000   0.0000   0.0000   0.0000   0.0000   0.0000   0.0000;
116:  0.2500   0.5350   0.7510   0.9520   1.1750   1.4320   1.6600   1.9780   2.2070   2.4240   2.6760   3.0630   3.3270   3.6350   3.8800   0.0000   0.0000   0.0000   0.0000   0.0000   0.0000   0.0000   0.0000;
117:  0.2500   0.5350   0.7520   0.9530   1.1750   1.4340   1.6610   1.9790   2.2080   2.4240   2.6760   3.0630   3.3280   3.6360   3.8830   0.0000   0.0000   0.0000   0.0000   0.0000   0.0000   0.0000   0.0000;
118:  0.2510   0.5360   0.7520   0.9530   1.1760   1.4350   1.6620   1.9810   2.2090   2.4250   2.6760   3.0620   3.3290   3.6370   3.8860   0.0000   0.0000   0.0000   0.0000   0.0000   0.0000   0.0000   0.0000;
119:  0.2510   0.5360   0.7530   0.9540   1.1770   1.4360   1.6640   1.9830   2.2100   2.4250   2.6760   3.0620   3.3290   3.6380   3.8900   0.0000   0.0000   0.0000   0.0000   0.0000   0.0000   0.0000   0.0000;
120:  0.2510   0.5370   0.7530   0.9550   1.1780   1.4370   1.6650   1.9850   2.2110   2.4260   2.6760   3.0610   3.3300   3.6390   3.8930   0.0000   0.0000   0.0000   0.0000   0.0000   0.0000   0.0000   0.0000;
121:  0.2510   0.5370   0.7540   0.9550   1.1790   1.4380   1.6670   1.9860   2.2120   2.4270   2.6760   3.0600   3.3310   3.6390   3.8960   0.0000   0.0000   0.0000   0.0000   0.0000   0.0000   0.0000   0.0000;
122:  0.2510   0.5380   0.7540   0.9560   1.1800   1.4400   1.6690   1.9880   2.2140   2.4280   2.6760   3.0590   3.3310   3.6400   3.8990   0.0000   0.0000   0.0000   0.0000   0.0000   0.0000   0.0000   0.0000;
123:  0.2510   0.5380   0.7550   0.9570   1.1800   1.4410   1.6700   1.9900   2.2150   2.4290   2.6760   3.0580   3.3320   3.6400   3.9020   0.0000   0.0000   0.0000   0.0000   0.0000   0.0000   0.0000   0.0000;
124:  0.2510   0.5390   0.7550   0.9570   1.1810   1.4420   1.6720   1.9920   2.2170   2.4300   2.6760   3.0570   3.3330   3.6390   3.9050   0.0000   0.0000   0.0000   0.0000   0.0000   0.0000   0.0000   0.0000;
125:  0.2510   0.5390   0.7550   0.9580   1.1820   1.4440   1.6730   1.9940   2.2180   2.4310   2.6770   3.0560   3.3330   3.6390   3.9080   0.0000   0.0000   0.0000   0.0000   0.0000   0.0000   0.0000   0.0000;
126:  0.2510   0.5400   0.7560   0.9590   1.1830   1.4450   1.6750   1.9960   2.2200   2.4320   2.6770   3.0550   3.3330   3.6380   3.9100   0.0000   0.0000   0.0000   0.0000   0.0000   0.0000   0.0000   0.0000;
127:  0.2510   0.5400   0.7560   0.9600   1.1840   1.4460   1.6760   1.9980   2.2220   2.4340   2.6780   3.0540   3.3340   3.6370   3.9130   0.0000   0.0000   0.0000   0.0000   0.0000   0.0000   0.0000   0.0000;
128:  0.2510   0.5410   0.7570   0.9600   1.1850   1.4470   1.6780   2.0000   2.2240   2.4350   2.6780   3.0530   3.3340   3.6360   3.9150   0.0000   0.0000   0.0000   0.0000   0.0000   0.0000   0.0000   0.0000;
129:  0.2510   0.5420   0.7570   0.9610   1.1860   1.4490   1.6800   2.0020   2.2260   2.4370   2.6790   3.0520   3.3340   3.6350   3.9170   0.0000   0.0000   0.0000   0.0000   0.0000   0.0000   0.0000   0.0000;
130:  0.2500   0.5420   0.7580   0.9620   1.1870   1.4500   1.6820   2.0040   2.2280   2.4380   2.6800   3.0510   3.3350   3.6340   3.9190   0.0000   0.0000   0.0000   0.0000   0.0000   0.0000   0.0000   0.0000;
131:  0.2500   0.5430   0.7580   0.9630   1.1880   1.4520   1.6830   2.0050   2.2300   2.4400   2.6810   3.0500   3.3350   3.6330   3.9210   0.0000   0.0000   0.0000   0.0000   0.0000   0.0000   0.0000   0.0000;
132:  0.2500   0.5440   0.7590   0.9640   1.1890   1.4530   1.6850   2.0070   2.2320   2.4420   2.6820   3.0490   3.3350   3.6310   3.9230   0.0000   0.0000   0.0000   0.0000   0.0000   0.0000   0.0000   0.0000;
133:  0.2500   0.5440   0.7600   0.9650   1.1900   1.4540   1.6860   2.0090   2.2340   2.4440   2.6830   3.0490   3.3350   3.6300   3.9240   0.0000   0.0000   0.0000   0.0000   0.0000   0.0000   0.0000   0.0000;
134:  0.2490   0.5450   0.7600   0.9660   1.1910   1.4560   1.6880   2.0110   2.2360   2.4460   2.6840   3.0480   3.3350   3.6280   3.9260   0.0000   0.0000   0.0000   0.0000   0.0000   0.0000   0.0000   0.0000;
135:  0.2490   0.5450   0.7610   0.9670   1.1930   1.4570   1.6890   2.0130   2.2380   2.4480   2.6860   3.0470   3.3350   3.6270   3.9270   0.0000   0.0000   0.0000   0.0000   0.0000   0.0000   0.0000   0.0000;
136:  0.2490   0.5460   0.7610   0.9670   1.1940   1.4590   1.6910   2.0150   2.2410   2.4500   2.6870   3.0470   3.3350   3.6250   3.9280   0.0000   0.0000   0.0000   0.0000   0.0000   0.0000   0.0000   0.0000;
137:  0.2490   0.5470   0.7620   0.9680   1.1950   1.4600   1.6930   2.0160   2.2430   2.4520   2.6890   3.0470   3.3350   3.6240   3.9300   0.0000   0.0000   0.0000   0.0000   0.0000   0.0000   0.0000   0.0000;
138:  0.2480   0.5470   0.7630   0.9690   1.1960   1.4620   1.6940   2.0180   2.2450   2.4550   2.6910   3.0470   3.3350   3.6220   3.9310   0.0000   0.0000   0.0000   0.0000   0.0000   0.0000   0.0000   0.0000;
139:  0.2480   0.5480   0.7630   0.9700   1.1980   1.4630   1.6950   2.0200   2.2480   2.4570   2.6930   3.0470   3.3350   3.6210   3.9320   4.2110   0.0000   0.0000   0.0000   0.0000   0.0000   0.0000   0.0000;
140:  0.2480   0.5490   0.7640   0.9710   1.1990   1.4650   1.6970   2.0220   2.2500   2.4590   2.6950   3.0470   3.3350   3.6200   3.9330   4.2150   0.0000   0.0000   0.0000   0.0000   0.0000   0.0000   0.0000;
141:  0.2470   0.5490   0.7650   0.9720   1.2010   1.4660   1.6980   2.0240   2.2520   2.4620   2.6970   3.0480   3.3350   3.6190   3.9340   4.2180   0.0000   0.0000   0.0000   0.0000   0.0000   0.0000   0.0000;
142:  0.2470   0.5500   0.7650   0.9730   1.2020   1.4680   1.7000   2.0250   2.2550   2.4640   2.6990   3.0490   3.3350   3.6180   3.9350   4.2220   0.0000   0.0000   0.0000   0.0000   0.0000   0.0000   0.0000;
143:  0.2470   0.5510   0.7660   0.9740   1.2030   1.4690   1.7010   2.0270   2.2570   2.4660   2.7010   3.0500   3.3360   3.6170   3.9360   4.2270   0.0000   0.0000   0.0000   0.0000   0.0000   0.0000   0.0000;
144:  0.2470   0.5510   0.7670   0.9750   1.2050   1.4710   1.7020   2.0290   2.2590   2.4690   2.7040   3.0510   3.3360   3.6170   3.9370   4.2310   0.0000   0.0000   0.0000   0.0000   0.0000   0.0000   0.0000;
145:  0.2470   0.5520   0.7680   0.9760   1.2060   1.4720   1.7040   2.0300   2.2620   2.4710   2.7060   3.0520   3.3360   3.6170   3.9380   4.2350   4.4200   0.0000   0.0000   0.0000   0.0000   0.0000   0.0000;
146:  0.2470   0.5530   0.7690   0.9770   1.2070   1.4740   1.7050   2.0320   2.2640   2.4740   2.7080   3.0540   3.3370   3.6170   3.9390   4.2390   4.4260   0.0000   0.0000   0.0000   0.0000   0.0000   0.0000;
147:  0.2460   0.5530   0.7690   0.9780   1.2090   1.4750   1.7060   2.0340   2.2660   2.4760   2.7110   3.0550   3.3370   3.6170   3.9400   4.2430   4.4340   0.0000   0.0000   0.0000   0.0000   0.0000   0.0000;
148:  0.2460   0.5540   0.7700   0.9790   1.2100   1.4770   1.7080   2.0360   2.2680   2.4780   2.7130   3.0570   3.3380   3.6170   3.9420   4.2470   4.4420   0.0000   0.0000   0.0000   0.0000   0.0000   0.0000;
149:  0.2460   0.5550   0.7710   0.9800   1.2120   1.4780   1.7090   2.0370   2.2710   2.4810   2.7150   3.0590   3.3390   3.6180   3.9430   4.2500   4.4500   0.0000   0.0000   0.0000   0.0000   0.0000   0.0000;
150:  0.2460   0.5550   0.7720   0.9810   1.2130   1.4790   1.7100   2.0390   2.2730   2.4830   2.7180   3.0610   3.3400   3.6180   3.9440   4.2540   4.4580   0.0000   0.0000   0.0000   0.0000   0.0000   0.0000;
151:  0.2460   0.5560   0.7730   0.9820   1.2140   1.4810   1.7110   2.0410   2.2750   2.4860   2.7200   3.0630   3.3400   3.6190   3.9460   4.2580   4.4670   0.0000   0.0000   0.0000   0.0000   0.0000   0.0000;
152:  0.2460   0.5570   0.7730   0.9830   1.2160   1.4820   1.7120   2.0430   2.2760   2.4880   2.7220   3.0660   3.3420   3.6200   3.9470   4.2620   4.4770   0.0000   0.0000   0.0000   0.0000   0.0000   0.0000;
153:  0.2460   0.5570   0.7740   0.9840   1.2170   1.4830   1.7130   2.0450   2.2780   2.4900   2.7250   3.0680   3.3430   3.6220   3.9490   4.2650   4.4860   0.0000   0.0000   0.0000   0.0000   0.0000   0.0000;
154:  0.2460   0.5580   0.7750   0.9850   1.2180   1.4840   1.7140   2.0470   2.2800   2.4930   2.7270   3.0710   3.3440   3.6240   3.9500   4.2690   4.4960   0.0000   0.0000   0.0000   0.0000   0.0000   0.0000;
155:  0.2460   0.5580   0.7760   0.9860   1.2190   1.4850   1.7150   2.0480   2.2820   2.4950   2.7290   3.0730   3.3450   3.6250   3.9520   4.2720   4.5060   0.0000   0.0000   0.0000   0.0000   0.0000   0.0000;
156:  0.2460   0.5590   0.7760   0.9870   1.2200   1.4860   1.7160   2.0500   2.2840   2.4970   2.7310   3.0760   3.3470   3.6270   3.9540   4.2750   4.5160   0.0000   0.0000   0.0000   0.0000   0.0000   0.0000;
157:  0.2460   0.5590   0.7770   0.9880   1.2210   1.4870   1.7170   2.0520   2.2860   2.4990   2.7330   3.0780   3.3480   3.6290   3.9550   4.2780   4.5260   0.0000   0.0000   0.0000   0.0000   0.0000   0.0000;
158:  0.2460   0.5600   0.7780   0.9890   1.2220   1.4880   1.7180   2.0540   2.2870   2.5010   2.7350   3.0810   3.3490   3.6310   3.9570   4.2810   4.5360   0.0000   0.0000   0.0000   0.0000   0.0000   0.0000;
159:  0.2460   0.5600   0.7780   0.9890   1.2230   1.4890   1.7190   2.0560   2.2890   2.5030   2.7370   3.0840   3.3510   3.6340   3.9590   4.2840   4.5460   0.0000   0.0000   0.0000   0.0000   0.0000   0.0000;
160:  0.2460   0.5600   0.7790   0.9900   1.2240   1.4900   1.7200   2.0580   2.2900   2.5050   2.7380   3.0860   3.3530   3.6360   3.9600   4.2860   4.5560   0.0000   0.0000   0.0000   0.0000   0.0000   0.0000;
161:  0.2460   0.5610   0.7800   0.9910   1.2250   1.4910   1.7210   2.0600   2.2920   2.5070   2.7400   3.0890   3.3540   3.6380   3.9620   4.2890   4.5660   0.0000   0.0000   0.0000   0.0000   0.0000   0.0000;
162:  0.2460   0.5610   0.7800   0.9920   1.2250   1.4910   1.7220   2.0620   2.2930   2.5080   2.7410   3.0910   3.3560   3.6410   3.9640   4.2910   4.5750   0.0000   0.0000   0.0000   0.0000   0.0000   0.0000;
163:  0.2460   0.5620   0.7810   0.9920   1.2260   1.4920   1.7220   2.0630   2.2940   2.5100   2.7430   3.0940   3.3570   3.6440   3.9660   4.2930   4.5850   0.0000   0.0000   0.0000   0.0000   0.0000   0.0000;
164:  0.2460   0.5620   0.7810   0.9930   1.2270   1.4930   1.7230   2.0650   2.2950   2.5110   2.7440   3.0960   3.3590   3.6460   3.9670   4.2950   4.5930   0.0000   0.0000   0.0000   0.0000   0.0000   0.0000;
165:  0.2460   0.5620   0.7820   0.9940   1.2270   1.4930   1.7240   2.0660   2.2960   2.5130   2.7450   3.0980   3.3600   3.6480   3.9690   4.2960   4.6020   0.0000   0.0000   0.0000   0.0000   0.0000   0.0000;
166:  0.2470   0.5620   0.7820   0.9940   1.2270   1.4940   1.7240   2.0680   2.2970   2.5140   2.7460   3.1010   3.3620   3.6500   3.9700   4.2970   4.6100   0.0000   0.0000   0.0000   0.0000   0.0000   0.0000;
167:  0.2470   0.5620   0.7830   0.9950   1.2280   1.4940   1.7250   2.0690   2.2980   2.5150   2.7470   3.1030   3.3640   3.6530   3.9710   4.2980   4.6180   0.0000   0.0000   0.0000   0.0000   0.0000   0.0000;
168:  0.2470   0.5630   0.7830   0.9950   1.2280   1.4940   1.7250   2.0710   2.2990   2.5160   2.7470   3.1050   3.3650   3.6550   3.9730   4.2990   4.6250   0.0000   0.0000   0.0000   0.0000   0.0000   0.0000;
169:  0.2470   0.5630   0.7840   0.9960   1.2280   1.4950   1.7260   2.0720   2.3000   2.5170   2.7480   3.1070   3.3660   3.6560   3.9740   4.3000   4.6320   0.0000   0.0000   0.0000   0.0000   0.0000   0.0000;
170:  0.2470   0.5630   0.7840   0.9960   1.2290   1.4950   1.7260   2.0730   2.3000   2.5180   2.7490   3.1090   3.3670   3.6580   3.9750   4.3000   4.6380   0.0000   0.0000   0.0000   0.0000   0.0000   0.0000;
171:  0.2470   0.5630   0.7840   0.9970   1.2290   1.4950   1.7260   2.0740   2.3010   2.5190   2.7490   3.1100   3.3690   3.6600   3.9750   4.3000   4.6440   4.9440   0.0000   0.0000   0.0000   0.0000   0.0000;
172:  0.2470   0.5630   0.7840   0.9970   1.2290   1.4950   1.7270   2.0750   2.3010   2.5200   2.7490   3.1120   3.3700   3.6610   3.9760   4.3000   4.6490   4.9500   0.0000   0.0000   0.0000   0.0000   0.0000;
173:  0.2470   0.5630   0.7840   0.9980   1.2290   1.4950   1.7270   2.0750   2.3020   2.5200   2.7490   3.1130   3.3710   3.6620   3.9760   4.3000   4.6530   4.9560   0.0000   0.0000   0.0000   0.0000   0.0000;
174:  0.2470   0.5630   0.7850   0.9980   1.2290   1.4950   1.7270   2.0760   2.3020   2.5210   2.7490   3.1150   3.3710   3.6630   3.9760   4.2990   4.6570   4.9620   0.0000   0.0000   0.0000   0.0000   0.0000;
175:  0.2470   0.5630   0.7850   0.9980   1.2290   1.4950   1.7270   2.0760   2.3020   2.5210   2.7490   3.1160   3.3720   3.6630   3.9760   4.2990   4.6600   4.9680   0.0000   0.0000   0.0000   0.0000   0.0000;
176:  0.2470   0.5630   0.7850   0.9980   1.2290   1.4950   1.7270   2.0760   2.3020   2.5210   2.7490   3.1170   3.3730   3.6640   3.9750   4.2980   4.6630   4.9730   0.0000   0.0000   0.0000   0.0000   0.0000;
177:  0.2470   0.5630   0.7850   0.9980   1.2290   1.4950   1.7270   2.0760   2.3020   2.5210   2.7490   3.1180   3.3730   3.6640   3.9750   4.2960   4.6650   4.9780   0.0000   0.0000   0.0000   0.0000   0.0000;
178:  0.2470   0.5630   0.7850   0.9990   1.2290   1.4950   1.7270   2.0760   2.3020   2.5210   2.7490   3.1180   3.3730   3.6630   3.9740   4.2950   4.6660   4.9820   0.0000   0.0000   0.0000   0.0000   0.0000;
179:  0.2470   0.5630   0.7850   0.9990   1.2290   1.4950   1.7270   2.0760   2.3010   2.5210   2.7490   3.1190   3.3730   3.6630   3.9730   4.2930   4.6670   4.9860   0.0000   0.0000   0.0000   0.0000   0.0000;
180:  0.2470   0.5630   0.7850   0.9990   1.2280   1.4940   1.7270   2.0750   2.3010   2.5210   2.7480   3.1200   3.3730   3.6620   3.9720   4.2920   4.6670   4.9900   0.0000   0.0000   0.0000   0.0000   0.0000;
181:  0.2470   0.5630   0.7850   0.9990   1.2280   1.4940   1.7270   2.0740   2.3000   2.5200   2.7470   3.1200   3.3730   3.6610   3.9700   4.2900   4.6670   4.9930   0.0000   0.0000   0.0000   0.0000   0.0000;
182:  0.2470   0.5630   0.7850   0.9990   1.2280   1.4940   1.7270   2.0730   2.3000   2.5200   2.7470   3.1210   3.3720   3.6590   3.9680   4.2870   4.6660   4.9950   0.0000   0.0000   0.0000   0.0000   0.0000;
183:  0.2470   0.5630   0.7850   0.9990   1.2280   1.4930   1.7260   2.0720   2.2990   2.5190   2.7460   3.1210   3.3720   3.6570   3.9670   4.2850   4.6640   4.9960   0.0000   0.0000   0.0000   0.0000   0.0000;
184:  0.2470   0.5630   0.7840   0.9980   1.2270   1.4930   1.7260   2.0710   2.2980   2.5180   2.7450   3.1210   3.3710   3.6550   3.9640   4.2820   4.6620   4.9970   0.0000   0.0000   0.0000   0.0000   0.0000;
185:  0.2460   0.5630   0.7840   0.9980   1.2270   1.4920   1.7250   2.0700   2.2980   2.5170   2.7440   3.1210   3.3700   3.6530   3.9620   4.2800   4.6600   0.0000   0.0000   0.0000   0.0000   0.0000   0.0000;
186:  0.2460   0.5630   0.7840   0.9980   1.2270   1.4920   1.7250   2.0690   2.2970   2.5160   2.7440   3.1210   3.3690   3.6510   3.9600   4.2770   4.6570   0.0000   0.0000   0.0000   0.0000   0.0000   0.0000;
187:  0.2460   0.5620   0.7840   0.9980   1.2270   1.4910   1.7240   2.0670   2.2960   2.5150   2.7420   3.1200   3.3680   3.6480   3.9570   4.2740   4.6530   0.0000   0.0000   0.0000   0.0000   0.0000   0.0000;
188:  0.2460   0.5620   0.7840   0.9980   1.2260   1.4910   1.7240   2.0650   2.2950   2.5130   2.7410   3.1200   3.3670   3.6450   3.9540   4.2710   4.6490   0.0000   0.0000   0.0000   0.0000   0.0000   0.0000;
189:  0.2460   0.5620   0.7830   0.9970   1.2260   1.4910   1.7230   2.0640   2.2930   2.5120   2.7400   3.1190   3.3650   3.6420   3.9510   4.2670   4.6440   0.0000   0.0000   0.0000   0.0000   0.0000   0.0000;
190:  0.2460   0.5620   0.7830   0.9970   1.2260   1.4900   1.7220   2.0620   2.2920   2.5110   2.7390   3.1180   3.3640   3.6380   3.9480   4.2640   4.6390   0.0000   0.0000   0.0000   0.0000   0.0000   0.0000;
191:  0.2450   0.5620   0.7830   0.9960   1.2250   1.4890   1.7210   2.0600   2.2910   2.5090   2.7370   3.1170   3.3620   3.6350   3.9450   4.2600   4.6340   0.0000   0.0000   0.0000   0.0000   0.0000   0.0000;
192:  0.2450   0.5620   0.7820   0.9960   1.2250   1.4890   1.7200   2.0580   2.2890   2.5070   2.7360   3.1160   3.3600   3.6310   3.9420   4.2560   4.6280   0.0000   0.0000   0.0000   0.0000   0.0000   0.0000;
193:  0.2450   0.5620   0.7820   0.9960   1.2250   1.4880   1.7190   2.0560   2.2880   2.5060   2.7340   3.1150   3.3580   3.6270   3.9390   4.2520   4.6220   0.0000   0.0000   0.0000   0.0000   0.0000   0.0000;
194:  0.2450   0.5610   0.7820   0.9950   1.2240   1.4870   1.7180   2.0550   2.2860   2.5040   2.7330   3.1130   3.3560   3.6230   3.9350   4.2470   4.6150   0.0000   0.0000   0.0000   0.0000   0.0000   0.0000;
195:  0.2450   0.5610   0.7810   0.9950   1.2240   1.4860   1.7170   2.0530   2.2850   2.5020   2.7310   3.1120   3.3540   3.6190   3.9320   4.2430   4.6070   0.0000   0.0000   0.0000   0.0000   0.0000   0.0000;
196:  0.2450   0.5610   0.7810   0.9940   1.2230   1.4860   1.7160   2.0510   2.2830   2.5000   2.7290   3.1100   3.3520   3.6150   3.9280   4.2380   4.6000   0.0000   0.0000   0.0000   0.0000   0.0000   0.0000;
197:  0.2440   0.5610   0.7800   0.9930   1.2230   1.4850   1.7150   2.0490   2.2820   2.4980   2.7270   3.1080   3.3490   3.6110   3.9240   4.2340   4.5910   0.0000   0.0000   0.0000   0.0000   0.0000   0.0000;
198:  0.2440   0.5600   0.7800   0.9930   1.2220   1.4840   1.7140   2.0470   2.2800   2.4960   2.7250   3.1050   3.3470   3.6070   3.9210   4.2290   4.5830   0.0000   0.0000   0.0000   0.0000   0.0000   0.0000;
199:  0.2440   0.5600   0.7800   0.9920   1.2220   1.4830   1.7130   2.0450   2.2780   2.4940   2.7230   3.1030   3.3440   3.6020   3.9170   4.2240   4.5740   0.0000   0.0000   0.0000   0.0000   0.0000   0.0000;
200:  0.2440   0.5600   0.7790   0.9910   1.2210   1.4820   1.7110   2.0430   2.2760   2.4910   2.7210   3.1000   3.3410   3.5980   3.9130   4.2180   4.5640   0.0000   0.0000   0.0000   0.0000   0.0000   0.0000;
201:  0.2440   0.5590   0.7790   0.9910   1.2200   1.4810   1.7100   2.0410   2.2740   2.4890   2.7190   3.0970   3.3380   3.5940   3.9090   4.2130   4.5540   0.0000   0.0000   0.0000   0.0000   0.0000   0.0000;
202:  0.2440   0.5590   0.7780   0.9900   1.2190   1.4800   1.7090   2.0400   2.2720   2.4870   2.7170   3.0940   3.3350   3.5890   3.9050   4.2070   4.5440   0.0000   0.0000   0.0000   0.0000   0.0000   0.0000;
203:  0.2430   0.5590   0.7780   0.9890   1.2190   1.4790   1.7070   2.0380   2.2700   2.4840   2.7150   3.0910   3.3310   3.5850   3.9010   4.2020   4.5330   0.0000   0.0000   0.0000   0.0000   0.0000   0.0000;
204:  0.2430   0.5580   0.7770   0.9880   1.2180   1.4780   1.7060   2.0360   2.2680   2.4820   2.7120   3.0870   3.3280   3.5810   3.8970   4.1950   4.5220   0.0000   0.0000   0.0000   0.0000   0.0000   0.0000;
205:  0.2430   0.5580   0.7760   0.9880   1.2170   1.4770   1.7050   2.0340   2.2660   2.4800   2.7100   3.0840   3.3240   3.5770   3.8930   4.1890   4.5110   0.0000   0.0000   0.0000   0.0000   0.0000   0.0000;
206:  0.2430   0.5570   0.7760   0.9870   1.2160   1.4760   1.7040   2.0330   2.2640   2.4770   2.7070   3.0800   3.3210   3.5730   3.8890   4.1830   4.4990   0.0000   0.0000   0.0000   0.0000   0.0000   0.0000;
207:  0.2430   0.5570   0.7750   0.9860   1.2150   1.4750   1.7020   2.0310   2.2620   2.4750   2.7050   3.0760   3.3170   3.5680   3.8840   4.1770   4.4860   0.0000   0.0000   0.0000   0.0000   0.0000   0.0000;
208:  0.2420   0.5560   0.7750   0.9850   1.2140   1.4730   1.7010   2.0290   2.2600   2.4730   2.7020   3.0720   3.3130   3.5640   3.8800   4.1700   4.4740   0.0000   0.0000   0.0000   0.0000   0.0000   0.0000;
209:  0.2420   0.5560   0.7740   0.9840   1.2130   1.4720   1.7000   2.0280   2.2580   2.4700   2.7000   3.0670   3.3090   3.5600   3.8750   4.1630   4.4610   0.0000   0.0000   0.0000   0.0000   0.0000   0.0000;
210:  0.2420   0.5550   0.7730   0.9830   1.2120   1.4710   1.6980   2.0260   2.2560   2.4670   2.6970   3.0630   3.3050   3.5560   3.8700   4.1560   4.4470   0.0000   0.0000   0.0000   0.0000   0.0000   0.0000;
211:  0.2420   0.5540   0.7730   0.9820   1.2110   1.4690   1.6970   2.0250   2.2540   2.4650   2.6950   3.0580   3.3010   3.5520   3.8650   4.1490   4.4340   0.0000   0.0000   0.0000   0.0000   0.0000   0.0000;
212:  0.2420   0.5540   0.7720   0.9820   1.2100   1.4680   1.6950   2.0230   2.2520   2.4630   2.6920   3.0530   3.2960   3.5480   3.8600   4.1420   4.4200   0.0000   0.0000   0.0000   0.0000   0.0000   0.0000;
213:  0.2420   0.5530   0.7710   0.9800   1.2090   1.4670   1.6940   2.0220   2.2500   2.4600   2.6890   3.0480   3.2920   3.5450   3.8550   4.1350   4.4060   0.0000   0.0000   0.0000   0.0000   0.0000   0.0000;
214:  0.2420   0.5520   0.7710   0.9800   1.2070   1.4650   1.6930   2.0200   2.2480   2.4580   2.6870   3.0430   3.2870   3.5410   3.8500   4.1280   4.3920   0.0000   0.0000   0.0000   0.0000   0.0000   0.0000;
215:  0.2420   0.5520   0.7700   0.9790   1.2060   1.4640   1.6910   2.0190   2.2450   2.4550   2.6840   3.0380   3.2830   3.5370   3.8450   4.1200   4.3780   0.0000   0.0000   0.0000   0.0000   0.0000   0.0000;
216:  0.2420   0.5510   0.7690   0.9780   1.2050   1.4620   1.6900   2.0170   2.2440   2.4530   2.6820   3.0330   3.2780   3.5330   3.8390   4.1130   4.3640   0.0000   0.0000   0.0000   0.0000   0.0000   0.0000;
217:  0.2420   0.5500   0.7680   0.9770   1.2040   1.4610   1.6880   2.0150   2.2410   2.4510   2.6790   3.0280   3.2730   3.5300   3.8330   4.1050   4.3500   0.0000   0.0000   0.0000   0.0000   0.0000   0.0000;
218:  0.2410   0.5490   0.7680   0.9760   1.2030   1.4600   1.6870   2.0140   2.2390   2.4480   2.6770   3.0230   3.2690   3.5260   3.8270   4.0980   4.3360   0.0000   0.0000   0.0000   0.0000   0.0000   0.0000;
219:  0.2410   0.5490   0.7670   0.9750   1.2010   1.4580   1.6850   2.0120   2.2370   2.4460   2.6740   3.0180   3.2640   3.5230   3.8220   4.0900   4.3220   0.0000   0.0000   0.0000   0.0000   0.0000   0.0000;
220:  0.2410   0.5480   0.7660   0.9740   1.2000   1.4570   1.6840   2.0100   2.2350   2.4430   2.6720   3.0130   3.2590   3.5190   3.8150   4.0820   4.3080   0.0000   0.0000   0.0000   0.0000   0.0000   0.0000;
221:  0.2410   0.5470   0.7650   0.9730   1.1990   1.4550   1.6820   2.0090   2.2330   2.4410   2.6690   3.0080   3.2540   3.5150   3.8090   4.0750   4.2950   0.0000   0.0000   0.0000   0.0000   0.0000   0.0000;
222:  0.2410   0.5460   0.7650   0.9720   1.1980   1.4540   1.6810   2.0070   2.2300   2.4380   2.6670   3.0030   3.2490   3.5120   3.8030   4.0670   4.2820   0.0000   0.0000   0.0000   0.0000   0.0000   0.0000;
223:  0.2410   0.5460   0.7640   0.9710   1.1960   1.4520   1.6800   2.0050   2.2280   2.4360   2.6650   2.9980   3.2440   3.5080   3.7960   4.0590   4.2690   0.0000   0.0000   0.0000   0.0000   0.0000   0.0000;
224:  0.2410   0.5450   0.7630   0.9700   1.1950   1.4510   1.6780   2.0030   2.2260   2.4330   2.6620   2.9940   3.2400   3.5050   3.7900   4.0520   4.2570   0.0000   0.0000   0.0000   0.0000   0.0000   0.0000;
225:  0.2410   0.5440   0.7620   0.9690   1.1940   1.4490   1.6770   2.0010   2.2240   2.4310   2.6600   2.9890   3.2350   3.5010   3.7830   4.0440   4.2450   0.0000   0.0000   0.0000   0.0000   0.0000   0.0000;
226:  0.2410   0.5430   0.7620   0.9680   1.1930   1.4480   1.6750   1.9990   2.2210   2.4290   2.6580   2.9850   3.2300   3.4980   3.7760   4.0370   4.2340   0.0000   0.0000   0.0000   0.0000   0.0000   0.0000;
227:  0.2410   0.5430   0.7610   0.9670   1.1920   1.4470   1.6740   1.9970   2.2190   2.4260   2.6550   2.9810   3.2250   3.4940   3.7700   4.0300   4.2240   0.0000   0.0000   0.0000   0.0000   0.0000   0.0000;
228:  0.2420   0.5420   0.7600   0.9670   1.1910   1.4450   1.6720   1.9950   2.2170   2.4240   2.6530   2.9760   3.2210   3.4900   3.7630   4.0220   4.2130   0.0000   0.0000   0.0000   0.0000   0.0000   0.0000;
229:  0.2420   0.5410   0.7600   0.9660   1.1890   1.4440   1.6710   1.9930   2.2150   2.4210   2.6510   2.9730   3.2160   3.4870   3.7560   4.0150   4.2040   0.0000   0.0000   0.0000   0.0000   0.0000   0.0000;
230:  0.2420   0.5400   0.7590   0.9650   1.1880   1.4420   1.6690   1.9900   2.2130   2.4190   2.6490   2.9690   3.2120   3.4830   3.7490   4.0090   4.1960   0.0000   0.0000   0.0000   0.0000   0.0000   0.0000;
231:  0.2420   0.5400   0.7580   0.9640   1.1870   1.4410   1.6680   1.9880   2.2100   2.4160   2.6460   2.9650   3.2080   3.4790   3.7430   4.0020   4.1880   0.0000   0.0000   0.0000   0.0000   0.0000   0.0000;
232:  0.2420   0.5390   0.7580   0.9630   1.1860   1.4400   1.6660   1.9860   2.2080   2.4140   2.6440   2.9620   3.2040   3.4750   3.7360   3.9950   4.1800   0.0000   0.0000   0.0000   0.0000   0.0000   0.0000;
233:  0.2420   0.5390   0.7570   0.9620   1.1850   1.4380   1.6650   1.9840   2.2060   2.4120   2.6420   2.9590   3.2000   3.4710   3.7300   3.9890   4.1740   0.0000   0.0000   0.0000   0.0000   0.0000   0.0000;
234:  0.2420   0.5380   0.7560   0.9620   1.1840   1.4370   1.6640   1.9810   2.2040   2.4090   2.6400   2.9560   3.1960   3.4670   3.7230   3.9830   4.1690   0.0000   0.0000   0.0000   0.0000   0.0000   0.0000;
235:  0.2420   0.5370   0.7560   0.9610   1.1830   1.4360   1.6620   1.9790   2.2010   2.4070   2.6380   2.9540   3.1930   3.4640   3.7170   3.9770   4.1640   0.0000   0.0000   0.0000   0.0000   0.0000   0.0000;
236:  0.2420   0.5370   0.7550   0.9600   1.1820   1.4350   1.6600   1.9770   2.1990   2.4040   2.6350   2.9510   3.1900   3.4600   3.7110   3.9710   4.1600   0.0000   0.0000   0.0000   0.0000   0.0000   0.0000;
237:  0.2420   0.5360   0.7550   0.9590   1.1820   1.4330   1.6590   1.9750   2.1970   2.4020   2.6330   2.9490   3.1860   3.4560   3.7050   3.9650   4.1560   0.0000   0.0000   0.0000   0.0000   0.0000   0.0000;
238:  0.2420   0.5360   0.7540   0.9580   1.1810   1.4320   1.6580   1.9730   2.1950   2.4000   2.6310   2.9470   3.1840   3.4510   3.6990   3.9600   4.1530   0.0000   0.0000   0.0000   0.0000   0.0000   0.0000;
239:  0.2420   0.5350   0.7530   0.9570   1.1800   1.4310   1.6560   1.9710   2.1930   2.3970   2.6290   2.9450   3.1810   3.4470   3.6930   3.9550   4.1510   0.0000   0.0000   0.0000   0.0000   0.0000   0.0000;
240:  0.2420   0.5350   0.7530   0.9570   1.1790   1.4300   1.6550   1.9690   2.1910   2.3950   2.6270   2.9430   3.1780   3.4430   3.6880   3.9500   4.1500   0.0000   0.0000   0.0000   0.0000   0.0000   0.0000;
241:  0.2420   0.5350   0.7520   0.9560   1.1780   1.4290   1.6530   1.9670   2.1880   2.3930   2.6240   2.9410   3.1760   3.4390   3.6830   3.9460   4.1490   0.0000   0.0000   0.0000   0.0000   0.0000   0.0000;
242:  0.2420   0.5340   0.7520   0.9550   1.1780   1.4270   1.6520   1.9650   2.1860   2.3900   2.6220   2.9400   3.1730   3.4350   3.6780   3.9410   4.1490   0.0000   0.0000   0.0000   0.0000   0.0000   0.0000;
243:  0.2420   0.5340   0.7510   0.9550   1.1770   1.4260   1.6510   1.9630   2.1840   2.3880   2.6200   2.9380   3.1710   3.4310   3.6730   3.9370   4.1490   4.5460   4.6630   0.0000   0.0000   0.0000   0.0000;
244:  0.2420   0.5330   0.7510   0.9540   1.1760   1.4250   1.6490   1.9610   2.1820   2.3860   2.6180   2.9370   3.1690   3.4270   3.6690   3.9330   4.1500   4.5390   4.6610   0.0000   0.0000   0.0000   0.0000;
245:  0.2420   0.5330   0.7500   0.9530   1.1750   1.4240   1.6480   1.9600   2.1800   2.3840   2.6150   2.9360   3.1670   3.4220   3.6640   3.9290   4.1510   4.5320   4.6590   0.0000   0.0000   0.0000   0.0000;
246:  0.2420   0.5330   0.7500   0.9520   1.1750   1.4230   1.6470   1.9580   2.1780   2.3820   2.6130   2.9350   3.1660   3.4180   3.6600   3.9260   4.1520   4.5250   4.6570   0.0000   0.0000   0.0000   0.0000;
247:  0.2420   0.5330   0.7490   0.9520   1.1740   1.4220   1.6450   1.9560   2.1770   2.3800   2.6110   2.9340   3.1640   3.4140   3.6570   3.9220   4.1540   4.5190   4.6560   0.0000   0.0000   0.0000   0.0000;
248:  0.2410   0.5320   0.7490   0.9510   1.1730   1.4210   1.6440   1.9550   2.1750   2.3780   2.6090   2.9330   3.1630   3.4100   3.6530   3.9190   4.1550   4.5130   4.6540   0.0000   0.0000   0.0000   0.0000;
249:  0.2410   0.5320   0.7480   0.9500   1.1730   1.4200   1.6430   1.9540   2.1730   2.3760   2.6060   2.9320   3.1620   3.4060   3.6500   3.9160   4.1570   4.5070   4.6530   0.0000   0.0000   0.0000   0.0000;
250:  0.2410   0.5320   0.7480   0.9500   1.1720   1.4200   1.6420   1.9530   2.1720   2.3740   2.6040   2.9310   3.1600   3.4020   3.6470   3.9130   4.1590   4.5020   4.6510   0.0000   0.0000   0.0000   0.0000;
251:  0.2410   0.5310   0.7480   0.9490   1.1710   1.4190   1.6400   1.9520   2.1700   2.3720   2.6020   2.9300   3.1590   3.3990   3.6440   3.9110   4.1610   4.4960   4.6500   0.0000   0.0000   0.0000   0.0000;
252:  0.2410   0.5310   0.7470   0.9490   1.1710   1.4180   1.6390   1.9510   2.1690   2.3710   2.6000   2.9300   3.1580   3.3950   3.6410   3.9080   4.1630   4.4920   4.6490   0.0000   0.0000   0.0000   0.0000;
253:  0.2400   0.5310   0.7470   0.9480   1.1700   1.4170   1.6380   1.9500   2.1670   2.3690   2.5980   2.9290   3.1570   3.3910   3.6380   3.9050   4.1650   4.4870   4.6480   0.0000   0.0000   0.0000   0.0000;
254:  0.2400   0.5310   0.7460   0.9470   1.1700   1.4160   1.6370   1.9490   2.1660   2.3670   2.5960   2.9280   3.1560   3.3880   3.6360   3.9030   4.1660   4.4830   4.6470   0.0000   0.0000   0.0000   0.0000;
255:  0.2400   0.5310   0.7460   0.9470   1.1690   1.4150   1.6360   1.9480   2.1650   2.3660   2.5950   2.9280   3.1550   3.3840   3.6340   3.9010   4.1680   4.4790   4.6460   0.0000   0.0000   0.0000   0.0000;
256:  0.2400   0.5310   0.7460   0.9470   1.1690   1.4150   1.6360   1.9470   2.1630   2.3650   2.5930   2.9270   3.1540   3.3810   3.6320   3.8980   4.1690   4.4760   4.6450   0.0000   0.0000   0.0000   0.0000;
257:  0.2390   0.5300   0.7450   0.9460   1.1680   1.4140   1.6350   1.9470   2.1620   2.3640   2.5910   2.9270   3.1530   3.3780   3.6300   3.8960   4.1700   4.4720   4.6440   0.0000   0.0000   0.0000   0.0000;
258:  0.2390   0.5300   0.7450   0.9460   1.1680   1.4140   1.6340   1.9460   2.1610   2.3630   2.5900   2.9260   3.1530   3.3750   3.6280   3.8940   4.1710   4.4690   4.6440   0.0000   0.0000   0.0000   0.0000;
259:  0.2390   0.5300   0.7450   0.9450   1.1670   1.4130   1.6330   1.9460   2.1600   2.3620   2.5880   2.9250   3.1520   3.3720   3.6260   3.8920   4.1710   4.4660   4.6430   0.0000   0.0000   0.0000   0.0000;
260:  0.2380   0.5300   0.7440   0.9450   1.1670   1.4130   1.6330   1.9460   2.1600   2.3610   2.5870   2.9250   3.1510   3.3700   3.6240   3.8900   4.1710   4.4630   4.6430   0.0000   0.0000   0.0000   0.0000;
261:  0.2380   0.5300   0.7440   0.9450   1.1670   1.4120   1.6320   1.9450   2.1590   2.3600   2.5860   2.9250   3.1500   3.3670   3.6220   3.8880   4.1700   4.4610   4.6430   0.0000   0.0000   0.0000   0.0000;
262:  0.2380   0.5290   0.7440   0.9440   1.1660   1.4120   1.6320   1.9450   2.1580   2.3590   2.5850   2.9240   3.1490   3.3650   3.6210   3.8860   4.1700   4.4580   4.6420   0.0000   0.0000   0.0000   0.0000;
263:  0.2380   0.5290   0.7440   0.9440   1.1660   1.4110   1.6310   1.9450   2.1580   2.3590   2.5840   2.9240   3.1480   3.3630   3.6190   3.8840   4.1690   4.4560   4.6420   0.0000   0.0000   0.0000   0.0000;
264:  0.2370   0.5290   0.7440   0.9440   1.1660   1.4110   1.6310   1.9440   2.1570   2.3580   2.5830   2.9240   3.1470   3.3610   3.6180   3.8830   4.1670   4.4540   4.6420   0.0000   0.0000   0.0000   0.0000;
265:  0.2370   0.5290   0.7430   0.9440   1.1650   1.4110   1.6310   1.9440   2.1570   2.3580   2.5830   2.9230   3.1470   3.3600   3.6160   3.8810   4.1660   4.4520   4.6420   0.0000   0.0000   0.0000   0.0000;
266:  0.2370   0.5290   0.7430   0.9440   1.1650   1.4110   1.6300   1.9440   2.1570   2.3580   2.5820   2.9230   3.1460   3.3580   3.6150   3.8790   4.1640   4.4500   4.6420   0.0000   0.0000   0.0000   0.0000;
267:  0.2360   0.5290   0.7430   0.9440   1.1650   1.4110   1.6300   1.9440   2.1560   2.3570   2.5820   2.9230   3.1450   3.3570   3.6130   3.8770   4.1620   4.4490   4.6420   0.0000   0.0000   0.0000   0.0000;
268:  0.2360   0.5290   0.7430   0.9430   1.1650   1.4110   1.6300   1.9440   2.1560   2.3570   2.5820   2.9230   3.1440   3.3560   3.6120   3.8750   4.1600   4.4470   4.6420   0.0000   0.0000   0.0000   0.0000;
269:  0.2360   0.5290   0.7430   0.9430   1.1650   1.4110   1.6300   1.9440   2.1560   2.3570   2.5820   2.9230   3.1440   3.3550   3.6100   3.8740   4.1570   4.4450   4.6420   0.0000   0.0000   0.0000   0.0000;
270:  0.2360   0.5290   0.7430   0.9440   1.1650   1.4110   1.6300   1.9440   2.1570   2.3580   2.5830   2.9230   3.1430   3.3550   3.6090   3.8720   4.1550   4.4440   4.6420   0.0000   0.0000   0.0000   0.0000;
271:  0.2350   0.5290   0.7430   0.9440   1.1650   1.4110   1.6300   1.9440   2.1570   2.3580   2.5830   2.9230   3.1420   3.3550   3.6080   3.8700   4.1530   4.4420   4.6420   0.0000   0.0000   0.0000   0.0000;
272:  0.2350   0.5290   0.7430   0.9440   1.1650   1.4110   1.6300   1.9440   2.1570   2.3580   2.5840   2.9230   3.1420   3.3550   3.6070   3.8690   4.1500   4.4400   4.6410   0.0000   0.0000   0.0000   0.0000;
273:  0.2350   0.5290   0.7430   0.9440   1.1650   1.4110   1.6310   1.9440   2.1580   2.3580   2.5840   2.9240   3.1410   3.3550   3.6050   3.8670   4.1470   4.4390   4.6410   0.0000   0.0000   0.0000   0.0000;
274:  0.2350   0.5290   0.7430   0.9440   1.1650   1.4120   1.6310   1.9440   2.1580   2.3590   2.5850   2.9240   3.1410   3.3550   3.6040   3.8660   4.1450   4.4370   4.6410   0.0000   0.0000   0.0000   0.0000;
275:  0.2350   0.5290   0.7440   0.9440   1.1650   1.4120   1.6310   1.9440   2.1590   2.3600   2.5860   2.9240   3.1410   3.3550   3.6040   3.8640   4.1430   4.4360   4.6410   0.0000   0.0000   0.0000   0.0000;
276:  0.2350   0.5290   0.7440   0.9450   1.1650   1.4130   1.6320   1.9440   2.1590   2.3600   2.5870   2.9250   3.1410   3.3560   3.6030   3.8630   4.1400   4.4350   4.6410   0.0000   0.0000   0.0000   0.0000;
277:  0.2340   0.5290   0.7440   0.9450   1.1660   1.4130   1.6320   1.9440   2.1600   2.3610   2.5880   2.9260   3.1410   3.3570   3.6020   3.8620   4.1380   4.4330   4.6410   0.0000   0.0000   0.0000   0.0000;
278:  0.2340   0.5290   0.7440   0.9450   1.1660   1.4130   1.6330   1.9450   2.1610   2.3620   2.5900   2.9270   3.1410   3.3580   3.6020   3.8600   4.1360   4.4320   4.6410   0.0000   0.0000   0.0000   0.0000;
279:  0.2340   0.5290   0.7450   0.9460   1.1660   1.4140   1.6330   1.9450   2.1620   2.3630   2.5910   2.9270   3.1410   3.3590   3.6010   3.8600   4.1350   4.4310   4.6410   0.0000   0.0000   0.0000   0.0000;
280:  0.2340   0.5290   0.7450   0.9460   1.1670   1.4150   1.6340   1.9450   2.1630   2.3640   2.5930   2.9290   3.1420   3.3600   3.6010   3.8590   4.1340   4.4290   4.6410   0.0000   0.0000   0.0000   0.0000;
281:  0.2340   0.5290   0.7450   0.9470   1.1670   1.4150   1.6350   1.9460   2.1640   2.3650   2.5940   2.9300   3.1430   3.3620   3.6010   3.8580   4.1330   4.4280   4.6410   0.0000   0.0000   0.0000   0.0000;
282:  0.2340   0.5300   0.7460   0.9470   1.1670   1.4160   1.6360   1.9460   2.1650   2.3660   2.5960   2.9310   3.1440   3.3640   3.6010   3.8570   4.1320   4.4270   4.6410   0.0000   0.0000   0.0000   0.0000;
283:  0.2340   0.5300   0.7460   0.9470   1.1680   1.4170   1.6360   1.9470   2.1660   2.3670   2.5980   2.9320   3.1450   3.3650   3.6020   3.8570   4.1320   4.4270   4.6410   0.0000   0.0000   0.0000   0.0000;
284:  0.2340   0.5300   0.7470   0.9480   1.1680   1.4170   1.6370   1.9480   2.1680   2.3690   2.5990   2.9330   3.1460   3.3670   3.6020   3.8560   4.1320   4.4260   4.6410   0.0000   0.0000   0.0000   0.0000;
285:  0.2340   0.5300   0.7470   0.9490   1.1690   1.4180   1.6380   1.9490   2.1690   2.3700   2.6010   2.9350   3.1470   3.3690   3.6030   3.8560   4.1320   4.4250   4.6410   0.0000   0.0000   0.0000   0.0000;
286:  0.2340   0.5310   0.7480   0.9490   1.1690   1.4190   1.6390   1.9500   2.1710   2.3720   2.6030   2.9360   3.1490   3.3720   3.6040   3.8560   4.1320   4.4250   4.6420   0.0000   0.0000   0.0000   0.0000;
287:  0.2340   0.5310   0.7490   0.9500   1.1700   1.4200   1.6400   1.9510   2.1720   2.3730   2.6050   2.9380   3.1510   3.3740   3.6060   3.8570   4.1330   4.4250   4.6420   0.0000   0.0000   0.0000   0.0000;
288:  0.2340   0.5310   0.7490   0.9510   1.1700   1.4210   1.6420   1.9520   2.1740   2.3750   2.6070   2.9400   3.1530   3.3760   3.6070   3.8570   4.1340   4.4250   4.6430   0.0000   0.0000   0.0000   0.0000;
289:  0.2340   0.5320   0.7500   0.9510   1.1710   1.4220   1.6430   1.9530   2.1750   2.3770   2.6090   2.9410   3.1550   3.3790   3.6090   3.8580   4.1360   4.4250   4.6440   0.0000   0.0000   0.0000   0.0000;
290:  0.2330   0.5320   0.7510   0.9520   1.1710   1.4230   1.6440   1.9550   2.1770   2.3780   2.6110   2.9430   3.1570   3.3810   3.6120   3.8590   4.1370   4.4250   4.6440   0.0000   0.0000   0.0000   0.0000;
291:  0.2330   0.5330   0.7510   0.9530   1.1720   1.4240   1.6450   1.9560   2.1790   2.3800   2.6120   2.9450   3.1600   3.3840   3.6140   3.8600   4.1390   4.4250   4.6450   0.0000   0.0000   0.0000   0.0000;
292:  0.2330   0.5330   0.7520   0.9530   1.1730   1.4250   1.6460   1.9580   2.1800   2.3820   2.6140   2.9460   3.1620   3.3860   3.6170   3.8610   4.1420   4.4260   4.6470   0.0000   0.0000   0.0000   0.0000;
293:  0.2330   0.5340   0.7530   0.9540   1.1730   1.4250   1.6480   1.9590   2.1820   2.3840   2.6160   2.9480   3.1650   3.3890   3.6200   3.8620   4.1440   4.4270   4.6480   0.0000   0.0000   0.0000   0.0000;
294:  0.2330   0.5350   0.7530   0.9550   1.1740   1.4270   1.6490   1.9610   2.1840   2.3860   2.6180   2.9500   3.1680   3.3910   3.6220   3.8640   4.1460   4.4280   4.6500   0.0000   0.0000   0.0000   0.0000;
295:  0.2330   0.5350   0.7540   0.9550   1.1750   1.4280   1.6500   1.9630   2.1860   2.3880   2.6200   2.9520   3.1710   3.3940   3.6260   3.8660   4.1490   4.4300   4.6520   0.0000   0.0000   0.0000   0.0000;
296:  0.2330   0.5360   0.7550   0.9560   1.1750   1.4290   1.6520   1.9640   2.1880   2.3900   2.6220   2.9530   3.1740   3.3970   3.6290   3.8680   4.1510   4.4310   4.6550   0.0000   0.0000   0.0000   0.0000;
297:  0.2330   0.5360   0.7560   0.9570   1.1760   1.4300   1.6530   1.9660   2.1900   2.3930   2.6240   2.9550   3.1770   3.4000   3.6330   3.8700   4.1540   4.4330   4.6570   0.0000   0.0000   0.0000   0.0000;
298:  0.2320   0.5370   0.7560   0.9580   1.1770   1.4310   1.6550   1.9680   2.1930   2.3950   2.6260   2.9570   3.1800   3.4020   3.6360   3.8730   4.1560   4.4350   4.6600   0.0000   0.0000   0.0000   0.0000;
299:  0.2320   0.5380   0.7570   0.9580   1.1770   1.4320   1.6560   1.9700   2.1950   2.3970   2.6280   2.9590   3.1830   3.4050   3.6400   3.8750   4.1590   4.4370   4.6630   0.0000   0.0000   0.0000   0.0000;
300:  0.2320   0.5380   0.7580   0.9590   1.1780   1.4330   1.6570   1.9730   2.1970   2.4000   2.6300   2.9610   3.1860   3.4080   3.6440   3.8780   4.1620   4.4400   4.6670   0.0000   0.0000   0.0000   0.0000;
301:  0.2320   0.5390   0.7590   0.9600   1.1790   1.4350   1.6590   1.9750   2.1990   2.4020   2.6320   2.9630   3.1890   3.4110   3.6480   3.8810   4.1640   4.4420   4.6710   0.0000   0.0000   0.0000   0.0000;
302:  0.2310   0.5400   0.7600   0.9600   1.1800   1.4360   1.6600   1.9770   2.2020   2.4040   2.6340   2.9650   3.1920   3.4130   3.6520   3.8840   4.1670   4.4450   4.6750   0.0000   0.0000   0.0000   0.0000;
303:  0.2310   0.5400   0.7600   0.9610   1.1810   1.4370   1.6620   1.9790   2.2040   2.4070   2.6360   2.9660   3.1950   3.4160   3.6560   3.8870   4.1690   4.4470   4.6790   0.0000   0.0000   0.0000   0.0000;
304:  0.2310   0.5410   0.7610   0.9620   1.1820   1.4380   1.6630   1.9810   2.2060   2.4090   2.6380   2.9680   3.1980   3.4190   3.6600   3.8910   4.1720   4.4500   4.6840   0.0000   0.0000   0.0000   0.0000;
305:  0.2310   0.5420   0.7620   0.9630   1.1820   1.4400   1.6650   1.9830   2.2080   2.4120   2.6400   2.9700   3.2010   3.4220   3.6640   3.8940   4.1740   4.4530   4.6890   0.0000   0.0000   0.0000   0.0000;
306:  0.2300   0.5430   0.7630   0.9640   1.1830   1.4410   1.6660   1.9850   2.2110   2.4150   2.6420   2.9720   3.2040   3.4250   3.6680   3.8980   4.1760   4.4560   4.6950   0.0000   0.0000   0.0000   0.0000;
307:  0.2300   0.5430   0.7640   0.9640   1.1840   1.4420   1.6680   1.9870   2.2130   2.4170   2.6440   2.9740   3.2070   3.4270   3.6720   3.9010   4.1790   4.4600   4.7010   0.0000   0.0000   0.0000   0.0000;
308:  0.2290   0.5440   0.7640   0.9650   1.1850   1.4440   1.6690   1.9890   2.2150   2.4200   2.6460   2.9760   3.2090   3.4300   3.6760   3.9050   4.1810   4.4630   4.7070   0.0000   0.0000   0.0000   0.0000;
309:  0.2290   0.5450   0.7650   0.9660   1.1860   1.4450   1.6710   1.9910   2.2180   2.4220   2.6480   2.9780   3.2120   3.4330   3.6800   3.9090   4.1830   4.4660   4.7130   0.0000   0.0000   0.0000   0.0000;
310:  0.2290   0.5450   0.7660   0.9670   1.1870   1.4460   1.6720   1.9930   2.2200   2.4250   2.6500   2.9800   3.2140   3.4360   3.6840   3.9130   4.1850   4.4690   4.7200   0.0000   0.0000   0.0000   0.0000;
311:  0.2280   0.5460   0.7670   0.9680   1.1890   1.4480   1.6740   1.9950   2.2230   2.4270   2.6530   2.9820   3.2160   3.4390   3.6870   3.9170   4.1870   4.4720   4.7270   0.0000   0.0000   0.0000   0.0000;
312:  0.2280   0.5470   0.7670   0.9690   1.1900   1.4490   1.6750   1.9970   2.2250   2.4300   2.6550   2.9840   3.2180   3.4420   3.6910   3.9210   4.1890   4.4760   4.7340   0.0000   0.0000   0.0000   0.0000;
313:  0.2280   0.5480   0.7680   0.9690   1.1910   1.4510   1.6760   1.9990   2.2270   2.4330   2.6570   2.9870   3.2200   3.4450   3.6940   3.9250   4.1910   4.4790   4.7410   0.0000   0.0000   0.0000   0.0000;
314:  0.2270   0.5490   0.7690   0.9700   1.1920   1.4520   1.6780   2.0010   2.2300   2.4350   2.6590   2.9890   3.2220   3.4480   3.6970   3.9290   4.1930   4.4820   4.7480   0.0000   0.0000   0.0000   0.0000;
315:  0.2270   0.5490   0.7700   0.9710   1.1930   1.4540   1.6790   2.0030   2.2320   2.4380   2.6620   2.9910   3.2240   3.4510   3.7010   3.9330   4.1950   4.4850   4.7560   0.0000   0.0000   0.0000   0.0000;
316:  0.2270   0.5500   0.7710   0.9720   1.1950   1.4550   1.6810   2.0040   2.2340   2.4400   2.6640   2.9940   3.2260   3.4540   3.7040   3.9370   4.1970   4.4890   4.7640   0.0000   0.0000   0.0000   0.0000;
317:  0.2270   0.5510   0.7710   0.9730   1.1960   1.4570   1.6820   2.0060   2.2360   2.4420   2.6660   2.9960   3.2280   3.4560   3.7070   3.9410   4.1990   4.4920   4.7710   0.0000   0.0000   0.0000   0.0000;
318:  0.2260   0.5510   0.7720   0.9740   1.1970   1.4580   1.6840   2.0080   2.2390   2.4450   2.6690   2.9980   3.2300   3.4600   3.7100   3.9450   4.2020   4.4950   4.7790   0.0000   0.0000   0.0000   0.0000;
319:  0.2260   0.5520   0.7730   0.9750   1.1980   1.4600   1.6850   2.0090   2.2410   2.4470   2.6710   3.0010   3.2310   3.4630   3.7130   3.9490   4.2040   4.4980   4.7870   0.0000   0.0000   0.0000   0.0000;
320:  0.2260   0.5530   0.7740   0.9760   1.2000   1.4610   1.6860   2.0110   2.2430   2.4490   2.6730   3.0040   3.2330   3.4660   3.7150   3.9530   4.2070   4.5020   4.7950   5.3190   0.0000   0.0000   0.0000;
321:  0.2260   0.5530   0.7740   0.9770   1.2010   1.4630   1.6880   2.0130   2.2450   2.4510   2.6760   3.0060   3.2350   3.4690   3.7180   3.9570   4.2100   4.5050   4.8030   5.3310   0.0000   0.0000   0.0000;
322:  0.2260   0.5540   0.7750   0.9780   1.2020   1.4640   1.6890   2.0140   2.2470   2.4540   2.6780   3.0090   3.2360   3.4720   3.7210   3.9610   4.2130   4.5080   4.8110   5.3430   5.5630   0.0000   0.0000;
323:  0.2260   0.5550   0.7760   0.9790   1.2040   1.4650   1.6900   2.0160   2.2490   2.4560   2.6800   3.0110   3.2380   3.4750   3.7230   3.9650   4.2170   4.5120   4.8180   5.3550   5.5760   0.0000   0.0000;
324:  0.2260   0.5550   0.7770   0.9800   1.2050   1.4670   1.6920   2.0170   2.2510   2.4580   2.6820   3.0140   3.2400   3.4780   3.7260   3.9690   4.2200   4.5150   4.8260   5.3680   5.5920   0.0000   0.0000;
325:  0.2260   0.5560   0.7770   0.9820   1.2060   1.4680   1.6930   2.0190   2.2530   2.4600   2.6850   3.0170   3.2410   3.4820   3.7280   3.9730   4.2240   4.5190   4.8330   5.3800   5.6080   0.0000   0.0000;
326:  0.2260   0.5560   0.7780   0.9830   1.2070   1.4700   1.6940   2.0200   2.2540   2.4620   2.6870   3.0190   3.2430   3.4850   3.7310   3.9760   4.2280   4.5220   4.8400   5.3920   5.6250   5.9010   0.0000;
327:  0.2260   0.5570   0.7790   0.9840   1.2090   1.4710   1.6960   2.0220   2.2560   2.4630   2.6890   3.0220   3.2450   3.4880   3.7330   3.9800   4.2330   4.5260   4.8470   5.4040   5.6430   5.9050   0.0000;
328:  0.2260   0.5570   0.7800   0.9850   1.2100   1.4730   1.6970   2.0230   2.2580   2.4650   2.6910   3.0250   3.2470   3.4910   3.7360   3.9830   4.2370   4.5300   4.8540   5.4150   5.6590   5.9070   0.0000;
329:  0.2260   0.5580   0.7800   0.9860   1.2110   1.4740   1.6980   2.0250   2.2590   2.4670   2.6930   3.0270   3.2490   3.4940   3.7380   3.9870   4.2420   4.5340   4.8610   5.4250   5.6750   5.9070   0.0000;
330:  0.2260   0.5580   0.7810   0.9870   1.2120   1.4750   1.6990   2.0260   2.2610   2.4680   2.6950   3.0300   3.2510   3.4970   3.7410   3.9900   4.2470   4.5380   4.8670   5.4350   5.6890   5.9070   0.0000;
331:  0.2260   0.5580   0.7820   0.9880   1.2130   1.4760   1.7000   2.0280   2.2620   2.4700   2.6960   3.0330   3.2530   3.5000   3.7440   3.9930   4.2520   4.5420   4.8730   5.4450   5.7010   5.9080   0.0000;
332:  0.2270   0.5590   0.7820   0.9890   1.2140   1.4770   1.7020   2.0300   2.2640   2.4710   2.6980   3.0350   3.2550   3.5030   3.7460   3.9970   4.2570   4.5460   4.8790   5.4540   5.7130   5.9100   0.0000;
333:  0.2270   0.5590   0.7830   0.9900   1.2150   1.4780   1.7030   2.0310   2.2650   2.4720   2.7000   3.0380   3.2580   3.5060   3.7490   4.0000   4.2630   4.5510   4.8850   5.4640   5.7220   5.9150   0.0000;
334:  0.2270   0.5600   0.7830   0.9910   1.2160   1.4790   1.7040   2.0330   2.2660   2.4740   2.7010   3.0410   3.2600   3.5090   3.7520   4.0030   4.2680   4.5550   4.8900   5.4730   5.7310   5.9240   0.0000;
335:  0.2270   0.5600   0.7840   0.9920   1.2170   1.4800   1.7050   2.0350   2.2670   2.4750   2.7020   3.0430   3.2630   3.5120   3.7550   4.0060   4.2730   4.5600   4.8950   5.4840   5.7400   5.9360   0.0000;
336:  0.2280   0.5600   0.7840   0.9930   1.2180   1.4810   1.7060   2.0360   2.2680   2.4760   2.7040   3.0450   3.2650   3.5150   3.7570   4.0090   4.2790   4.5640   4.9000   5.4940   5.7480   5.9530   0.0000;
337:  0.2280   0.5610   0.7850   0.9940   1.2190   1.4820   1.7070   2.0380   2.2690   2.4770   2.7050   3.0480   3.2680   3.5180   3.7600   4.0110   4.2840   4.5690   4.9050   5.5050   5.7570   5.9730   0.0000;
338:  0.2280   0.5610   0.7850   0.9950   1.2200   1.4830   1.7080   2.0400   2.2700   2.4780   2.7060   3.0500   3.2710   3.5200   3.7630   4.0140   4.2890   4.5740   4.9090   5.5160   5.7660   5.9950   0.0000;
339:  0.2290   0.5610   0.7860   0.9960   1.2200   1.4840   1.7090   2.0410   2.2710   2.4790   2.7070   3.0520   3.2730   3.5230   3.7660   4.0170   4.2950   4.5790   4.9130   5.5270   5.7760   6.0200   0.0000;
340:  0.2290   0.5620   0.7860   0.9970   1.2210   1.4850   1.7100   2.0430   2.2710   2.4800   2.7080   3.0540   3.2760   3.5250   3.7690   4.0190   4.3000   4.5840   4.9170   5.5380   5.7870   6.0450   0.0000;
341:  0.2290   0.5620   0.7870   0.9980   1.2220   1.4850   1.7110   2.0450   2.2720   2.4810   2.7090   3.0560   3.2790   3.5280   3.7720   4.0220   4.3050   4.5890   4.9200   5.5490   5.7980   6.0690   0.0000;
342:  0.2300   0.5620   0.7870   0.9990   1.2220   1.4860   1.7120   2.0460   2.2730   2.4810   2.7100   3.0580   3.2820   3.5300   3.7740   4.0240   4.3090   4.5940   4.9240   5.5580   5.8100   6.0910   0.0000;
343:  0.2300   0.5620   0.7870   1.0000   1.2230   1.4860   1.7130   2.0480   2.2730   2.4820   2.7110   3.0600   3.2840   3.5320   3.7770   4.0260   4.3140   4.5990   4.9270   5.5670   5.8230   6.1100   0.0000;
344:  0.2300   0.5620   0.7870   1.0000   1.2240   1.4870   1.7140   2.0490   2.2740   2.4830   2.7120   3.0620   3.2870   3.5340   3.7800   4.0280   4.3180   4.6040   4.9300   5.5750   5.8350   6.1250   0.0000;
345:  0.2310   0.5620   0.7880   1.0010   1.2240   1.4870   1.7150   2.0510   2.2740   2.4840   2.7130   3.0630   3.2900   3.5360   3.7820   4.0310   4.3220   4.6090   4.9330   5.5800   5.8460   6.1360   0.0000;
346:  0.2310   0.5620   0.7880   1.0020   1.2240   1.4880   1.7150   2.0520   2.2750   2.4840   2.7140   3.0650   3.2920   3.5380   3.7850   4.0330   4.3250   4.6130   4.9360   5.5840   5.8570   6.1440   0.0000;
347:  0.2310   0.5630   0.7880   1.0020   1.2250   1.4880   1.7160   2.0530   2.2750   2.4850   2.7150   3.0660   3.2950   3.5390   3.7870   4.0350   4.3280   4.6180   4.9390   5.5850   5.8650   6.1470   0.0000;
348:  0.2320   0.5630   0.7880   1.0020   1.2250   1.4880   1.7160   2.0550   2.2750   2.4850   2.7150   3.0670   3.2970   3.5410   3.7890   4.0360   4.3310   4.6230   4.9420   5.5840   5.8710   6.1480   0.0000;
349:  0.2320   0.5630   0.7880   1.0030   1.2250   1.4890   1.7170   2.0560   2.2750   2.4860   2.7160   3.0690   3.3000   3.5420   3.7910   4.0380   4.3340   4.6270   4.9440   5.5800   5.8750   6.1470   0.0000;
350:  0.2320   0.5630   0.7890   1.0030   1.2250   1.4890   1.7180   2.0560   2.2750   2.4860   2.7160   3.0700   3.3020   3.5430   3.7930   4.0400   4.3360   4.6310   4.9470   5.5730   5.8760   6.1450   0.0000;
351:  0.2330   0.5630   0.7890   1.0040   1.2260   1.4890   1.7180   2.0570   2.2750   2.4870   2.7170   3.0710   3.3040   3.5440   3.7950   4.0410   4.3380   4.6350   4.9500   5.5650   5.8750   6.1420   0.0000;
352:  0.2330   0.5630   0.7890   1.0040   1.2260   1.4890   1.7180   2.0580   2.2750   2.4870   2.7180   3.0710   3.3060   3.5450   3.7960   4.0430   4.3390   4.6390   4.9530   5.5550   5.8710   6.1410   0.0000;
353:  0.2330   0.5630   0.7890   1.0040   1.2260   1.4890   1.7180   2.0580   2.2750   2.4870   2.7190   3.0720   3.3070   3.5460   3.7980   4.0440   4.3410   4.6430   4.9560   5.5430   5.8650   6.1410   0.0000;
354:  0.2330   0.5630   0.7890   1.0040   1.2260   1.4900   1.7190   2.0590   2.2750   2.4880   2.7190   3.0730   3.3090   3.5460   3.7980   4.0460   4.3420   4.6460   4.9590   5.5310   5.8570   6.1410   0.0000;
355:  0.2340   0.5630   0.7890   1.0040   1.2270   1.4900   1.7190   2.0590   2.2750   2.4880   2.7200   3.0740   3.3110   3.5470   3.7990   4.0470   4.3430   4.6490   4.9620   5.5170   5.8480   6.1430   0.0000;
356:  0.2340   0.5630   0.7880   1.0040   1.2270   1.4900   1.7190   2.0590   2.2750   2.4880   2.7210   3.0740   3.3120   3.5470   3.8000   4.0490   4.3440   4.6520   4.9650   5.5040   5.8390   6.1450   0.0000;
357:  0.2340   0.5630   0.7880   1.0040   1.2270   1.4900   1.7190   2.0590   2.2750   2.4880   2.7210   3.0750   3.3130   3.5470   3.8000   4.0500   4.3440   4.6550   4.9690   5.4910   5.8290   6.1470   0.0000;
358:  0.2340   0.5630   0.7880   1.0040   1.2270   1.4900   1.7190   2.0590   2.2750   2.4890   2.7220   3.0750   3.3130   3.5470   3.8010   4.0510   4.3450   4.6570   4.9720   5.4800   5.8190   6.1480   0.0000;
359:  0.2340   0.5630   0.7880   1.0040   1.2270   1.4900   1.7190   2.0590   2.2740   2.4890   2.7230   3.0760   3.3140   3.5470   3.8010   4.0520   4.3450   4.6590   4.9760   5.4690   5.8090   0.0000   0.0000;
