C:\RK-3\Data\PA000001\ED0000010011R.DAT;
000:  0.3810   0.6610   0.8875   1.1255   1.3905   1.6495   1.9455   2.2375   2.4645   2.6930   3.0120   3.3430   3.6140   3.9085   4.2340   4.5790   4.8475   0.0000   0.0000   0.0000   0.0000   0.0000   0.0000;
001:  0.3810   0.6610   0.8880   1.1265   1.3910   1.6490   1.9445   2.2365   2.4630   2.6920   3.0105   3.3400   3.6095   3.9035   4.2260   4.5655   4.8350   0.0000   0.0000   0.0000   0.0000   0.0000   0.0000;
002:  0.3815   0.6620   0.8885   1.1265   1.3905   1.6485   1.9440   2.2350   2.4610   2.6905   3.0080   3.3365   3.6045   3.8970   4.2175   4.5515   4.8210   0.0000   0.0000   0.0000   0.0000   0.0000   0.0000;
003:  0.3815   0.6625   0.8895   1.1270   1.3905   1.6480   1.9430   2.2340   2.4595   2.6890   3.0050   3.3325   3.5995   3.8900   4.2085   4.5370   4.8060   0.0000   0.0000   0.0000   0.0000   0.0000   0.0000;
004:  0.3815   0.6625   0.8895   1.1275   1.3905   1.6475   1.9420   2.2325   2.4580   2.6870   3.0020   3.3285   3.5940   3.8830   4.1990   4.5215   4.7905   0.0000   0.0000   0.0000   0.0000   0.0000   0.0000;
005:  0.3815   0.6630   0.8900   1.1280   1.3905   1.6470   1.9410   2.2310   2.4560   2.6850   2.9990   3.3250   3.5895   3.8765   4.1895   4.5065   4.7755   0.0000   0.0000   0.0000   0.0000   0.0000   0.0000;
006:  0.3815   0.6635   0.8905   1.1280   1.3900   1.6465   1.9400   2.2290   2.4535   2.6825   2.9960   3.3210   3.5835   3.8685   4.1795   4.4915   4.7600   0.0000   0.0000   0.0000   0.0000   0.0000   0.0000;
007:  0.3815   0.6635   0.8910   1.1280   1.3885   1.6445   1.9375   2.2270   2.4520   2.6810   2.9930   3.3165   3.5785   3.8610   4.1690   4.4760   4.7430   0.0000   0.0000   0.0000   0.0000   0.0000   0.0000;
008:  0.3815   0.6635   0.8910   1.1280   1.3880   1.6440   1.9365   2.2250   2.4500   2.6785   2.9890   3.3120   3.5735   3.8540   4.1600   4.4615   4.7265   0.0000   0.0000   0.0000   0.0000   0.0000   0.0000;
009:  0.3815   0.6635   0.8910   1.1280   1.3875   1.6425   1.9345   2.2230   2.4480   2.6765   2.9860   3.3075   3.5675   3.8465   4.1505   4.4465   4.7090   0.0000   0.0000   0.0000   0.0000   0.0000   0.0000;
010:  0.3815   0.6640   0.8915   1.1275   1.3860   1.6410   1.9325   2.2200   2.4450   2.6740   2.9825   3.3030   3.5625   3.8390   4.1410   4.4315   4.6905   0.0000   0.0000   0.0000   0.0000   0.0000   0.0000;
011:  0.3810   0.6640   0.8915   1.1270   1.3845   1.6390   1.9300   2.2175   2.4430   2.6715   2.9790   3.2990   3.5575   3.8325   4.1320   4.4170   4.6735   0.0000   0.0000   0.0000   0.0000   0.0000   0.0000;
012:  0.3810   0.6640   0.8915   1.1265   1.3835   1.6380   1.9280   2.2145   2.4405   2.6690   2.9750   3.2940   3.5515   3.8250   4.1220   4.4020   4.6560   0.0000   0.0000   0.0000   0.0000   0.0000   0.0000;
013:  0.3810   0.6635   0.8910   1.1260   1.3815   1.6355   1.9255   2.2115   2.4380   2.6665   2.9715   3.2895   3.5465   3.8180   4.1115   4.3875   4.6385   0.0000   0.0000   0.0000   0.0000   0.0000   0.0000;
014:  0.3810   0.6635   0.8905   1.1250   1.3800   1.6330   1.9225   2.2085   2.4350   2.6635   2.9680   3.2850   3.5410   3.8105   4.1015   4.3735   4.6215   0.0000   0.0000   0.0000   0.0000   0.0000   0.0000;
015:  0.3810   0.6635   0.8905   1.1245   1.3785   1.6310   1.9200   2.2055   2.4325   2.6615   2.9650   3.2800   3.5355   3.8035   4.0915   4.3590   4.6040   0.0000   0.0000   0.0000   0.0000   0.0000   0.0000;
016:  0.3805   0.6635   0.8905   1.1235   1.3765   1.6290   1.9180   2.2030   2.4295   2.6585   2.9610   3.2750   3.5310   3.7970   4.0815   4.3445   4.5865   0.0000   0.0000   0.0000   0.0000   0.0000   0.0000;
017:  0.3800   0.6625   0.8895   1.1225   1.3745   1.6260   1.9150   2.2000   2.4270   2.6555   2.9570   3.2700   3.5255   3.7895   4.0705   4.3300   4.5700   0.0000   0.0000   0.0000   0.0000   0.0000   0.0000;
018:  0.3800   0.6625   0.8890   1.1210   1.3720   1.6230   1.9120   2.1970   2.4240   2.6530   2.9535   3.2645   3.5200   3.7820   4.0595   4.3150   4.5530   0.0000   0.0000   0.0000   0.0000   0.0000   0.0000;
019:  0.3800   0.6625   0.8885   1.1195   1.3695   1.6200   1.9090   2.1940   2.4210   2.6500   2.9500   3.2590   3.5135   3.7735   4.0475   4.2995   4.5365   0.0000   0.0000   0.0000   0.0000   0.0000   0.0000;
020:  0.3790   0.6615   0.8875   1.1180   1.3670   1.6170   1.9055   2.1900   2.4175   2.6470   2.9465   3.2540   3.5080   3.7660   4.0365   4.2835   0.0000   0.0000   0.0000   0.0000   0.0000   0.0000   0.0000;
021:  0.3790   0.6610   0.8865   1.1165   1.3645   1.6140   1.9025   2.1870   2.4145   2.6440   2.9425   3.2485   3.5015   3.7580   4.0250   4.2675   0.0000   0.0000   0.0000   0.0000   0.0000   0.0000   0.0000;
022:  0.3785   0.6605   0.8855   1.1145   1.3620   1.6110   1.8990   2.1835   2.4115   2.6405   2.9385   3.2435   3.4950   3.7495   4.0130   4.2520   0.0000   0.0000   0.0000   0.0000   0.0000   0.0000   0.0000;
023:  0.3785   0.6600   0.8845   1.1130   1.3595   1.6080   1.8960   2.1800   2.4075   2.6370   2.9350   3.2390   3.4890   3.7410   4.0010   4.2370   0.0000   0.0000   0.0000   0.0000   0.0000   0.0000   0.0000;
024:  0.3775   0.6595   0.8835   1.1105   1.3565   1.6045   1.8920   2.1760   2.4040   2.6335   2.9305   3.2335   3.4825   3.7320   3.9885   4.2225   0.0000   0.0000   0.0000   0.0000   0.0000   0.0000   0.0000;
025:  0.3770   0.6585   0.8825   1.1090   1.3535   1.6010   1.8890   2.1725   2.4000   2.6300   2.9260   3.2270   3.4750   3.7230   3.9765   4.2080   0.0000   0.0000   0.0000   0.0000   0.0000   0.0000   0.0000;
026:  0.3770   0.6580   0.8810   1.1070   1.3510   1.5980   1.8855   2.1690   2.3970   2.6265   2.9215   3.2210   3.4680   3.7140   3.9640   4.1940   0.0000   0.0000   0.0000   0.0000   0.0000   0.0000   0.0000;
027:  0.3765   0.6570   0.8795   1.1050   1.3480   1.5945   1.8825   2.1655   2.3930   2.6225   2.9170   3.2150   3.4600   3.7040   3.9510   4.1800   0.0000   0.0000   0.0000   0.0000   0.0000   0.0000   0.0000;
028:  0.3755   0.6565   0.8785   1.1025   1.3450   1.5915   1.8790   2.1615   2.3890   2.6185   2.9125   3.2095   3.4520   3.6935   3.9390   4.1670   0.0000   0.0000   0.0000   0.0000   0.0000   0.0000   0.0000;
029:  0.3750   0.6555   0.8770   1.1005   1.3420   1.5880   1.8760   2.1580   2.3850   2.6145   2.9080   3.2035   3.4440   3.6835   3.9265   4.1545   0.0000   0.0000   0.0000   0.0000   0.0000   0.0000   0.0000;
030:  0.3750   0.6550   0.8755   1.0985   1.3395   1.5850   1.8725   2.1545   2.3820   2.6110   2.9030   3.1970   3.4360   3.6735   3.9145   4.1425   0.0000   0.0000   0.0000   0.0000   0.0000   0.0000   0.0000;
031:  0.3740   0.6540   0.8740   1.0960   1.3360   1.5815   1.8695   2.1510   2.3780   2.6065   2.8975   3.1905   3.4280   3.6635   3.9030   4.1315   0.0000   0.0000   0.0000   0.0000   0.0000   0.0000   0.0000;
032:  0.3735   0.6530   0.8725   1.0940   1.3330   1.5780   1.8665   2.1475   2.3740   2.6020   2.8925   3.1845   3.4205   3.6545   3.8930   4.1220   0.0000   0.0000   0.0000   0.0000   0.0000   0.0000   0.0000;
033:  0.3730   0.6520   0.8710   1.0915   1.3300   1.5750   1.8635   2.1440   2.3700   2.5975   2.8870   3.1775   3.4120   3.6455   3.8835   0.0000   0.0000   0.0000   0.0000   0.0000   0.0000   0.0000   0.0000;
034:  0.3725   0.6510   0.8695   1.0895   1.3275   1.5725   1.8610   2.1405   2.3660   2.5930   2.8815   3.1710   3.4045   3.6365   3.8735   0.0000   0.0000   0.0000   0.0000   0.0000   0.0000   0.0000   0.0000;
035:  0.3715   0.6500   0.8680   1.0870   1.3245   1.5695   1.8580   2.1370   2.3625   2.5890   2.8755   3.1640   3.3970   3.6285   3.8650   0.0000   0.0000   0.0000   0.0000   0.0000   0.0000   0.0000   0.0000;
036:  0.3710   0.6490   0.8665   1.0850   1.3220   1.5670   1.8555   2.1335   2.3585   2.5845   2.8700   3.1575   3.3895   3.6205   3.8565   0.0000   0.0000   0.0000   0.0000   0.0000   0.0000   0.0000   0.0000;
037:  0.3700   0.6480   0.8650   1.0830   1.3195   1.5640   1.8525   2.1305   2.3550   2.5800   2.8645   3.1505   3.3820   3.6130   3.8475   0.0000   0.0000   0.0000   0.0000   0.0000   0.0000   0.0000   0.0000;
038:  0.3695   0.6470   0.8635   1.0805   1.3170   1.5620   1.8500   2.1270   2.3510   2.5755   2.8585   3.1435   3.3755   3.6065   3.8395   0.0000   0.0000   0.0000   0.0000   0.0000   0.0000   0.0000   0.0000;
039:  0.3690   0.6460   0.8620   1.0785   1.3150   1.5595   1.8470   2.1240   2.3480   2.5715   2.8525   3.1365   3.3690   3.6000   3.8315   0.0000   0.0000   0.0000   0.0000   0.0000   0.0000   0.0000   0.0000;
040:  0.3685   0.6450   0.8605   1.0765   1.3125   1.5570   1.8445   2.1205   2.3440   2.5665   2.8460   3.1295   3.3620   3.5940   3.8240   0.0000   0.0000   0.0000   0.0000   0.0000   0.0000   0.0000   0.0000;
041:  0.3675   0.6435   0.8585   1.0745   1.3105   1.5545   1.8415   2.1175   2.3405   2.5620   2.8400   3.1225   3.3555   3.5875   3.8160   0.0000   0.0000   0.0000   0.0000   0.0000   0.0000   0.0000   0.0000;
042:  0.3670   0.6425   0.8570   1.0725   1.3085   1.5525   1.8390   2.1145   2.3370   2.5575   2.8345   3.1160   3.3490   3.5815   3.8085   0.0000   0.0000   0.0000   0.0000   0.0000   0.0000   0.0000   0.0000;
043:  0.3665   0.6415   0.8555   1.0700   1.3065   1.5510   1.8370   2.1115   2.3330   2.5530   2.8290   3.1090   3.3420   3.5755   3.8015   0.0000   0.0000   0.0000   0.0000   0.0000   0.0000   0.0000   0.0000;
044:  0.3655   0.6405   0.8540   1.0680   1.3045   1.5485   1.8340   2.1085   2.3295   2.5485   2.8235   3.1035   3.3370   3.5705   3.7945   0.0000   0.0000   0.0000   0.0000   0.0000   0.0000   0.0000   0.0000;
045:  0.3650   0.6395   0.8525   1.0660   1.3025   1.5465   1.8310   2.1055   2.3260   2.5430   2.8180   3.0985   3.3315   3.5645   3.7880   0.0000   0.0000   0.0000   0.0000   0.0000   0.0000   0.0000   0.0000;
046:  0.3645   0.6380   0.8510   1.0645   1.3010   1.5445   1.8285   2.1030   2.3225   2.5385   2.8125   3.0930   3.3265   3.5590   3.7805   0.0000   0.0000   0.0000   0.0000   0.0000   0.0000   0.0000   0.0000;
047:  0.3635   0.6365   0.8495   1.0620   1.2985   1.5420   1.8255   2.1000   2.3185   2.5335   2.8075   3.0885   3.3220   3.5545   3.7745   0.0000   0.0000   0.0000   0.0000   0.0000   0.0000   0.0000   0.0000;
048:  0.3625   0.6355   0.8480   1.0600   1.2970   1.5405   1.8230   2.0975   2.3150   2.5280   2.8025   3.0845   3.3180   3.5500   3.7675   0.0000   0.0000   0.0000   0.0000   0.0000   0.0000   0.0000   0.0000;
049:  0.3620   0.6345   0.8465   1.0580   1.2950   1.5380   1.8200   2.0945   2.3110   2.5230   2.7975   3.0800   3.3135   3.5450   3.7600   0.0000   0.0000   0.0000   0.0000   0.0000   0.0000   0.0000   0.0000;
050:  0.3615   0.6330   0.8450   1.0565   1.2930   1.5355   1.8170   2.0915   2.3070   2.5185   2.7935   3.0760   3.3090   3.5400   3.7535   0.0000   0.0000   0.0000   0.0000   0.0000   0.0000   0.0000   0.0000;
051:  0.3605   0.6320   0.8435   1.0545   1.2915   1.5335   1.8140   2.0890   2.3035   2.5135   2.7885   3.0720   3.3055   3.5355   3.7465   0.0000   0.0000   0.0000   0.0000   0.0000   0.0000   0.0000   0.0000;
052:  0.3600   0.6310   0.8425   1.0530   1.2895   1.5315   1.8115   2.0855   2.2990   2.5085   2.7845   3.0685   3.3010   3.5305   3.7395   0.0000   0.0000   0.0000   0.0000   0.0000   0.0000   0.0000   0.0000;
053:  0.3595   0.6295   0.8405   1.0510   1.2875   1.5290   1.8090   2.0835   2.2955   2.5035   2.7800   3.0655   3.2975   3.5255   3.7325   0.0000   0.0000   0.0000   0.0000   0.0000   0.0000   0.0000   0.0000;
054:  0.3585   0.6285   0.8395   1.0495   1.2850   1.5265   1.8065   2.0805   2.2910   2.4985   2.7760   3.0620   3.2935   3.5205   3.7255   0.0000   0.0000   0.0000   0.0000   0.0000   0.0000   0.0000   0.0000;
055:  0.3580   0.6275   0.8380   1.0475   1.2830   1.5240   1.8040   2.0780   2.2870   2.4940   2.7720   3.0590   3.2895   3.5155   3.7190   0.0000   0.0000   0.0000   0.0000   0.0000   0.0000   0.0000   0.0000;
056:  0.3575   0.6260   0.8360   1.0455   1.2810   1.5220   1.8015   2.0750   2.2835   2.4900   2.7685   3.0560   3.2855   3.5105   3.7125   0.0000   0.0000   0.0000   0.0000   0.0000   0.0000   0.0000   0.0000;
057:  0.3570   0.6250   0.8350   1.0440   1.2785   1.5190   1.7985   2.0720   2.2795   2.4850   2.7640   3.0530   3.2820   3.5055   3.7055   0.0000   0.0000   0.0000   0.0000   0.0000   0.0000   0.0000   0.0000;
058:  0.3565   0.6235   0.8330   1.0420   1.2765   1.5165   1.7960   2.0695   2.2760   2.4810   2.7605   3.0505   3.2780   3.5000   3.6985   0.0000   0.0000   0.0000   0.0000   0.0000   0.0000   0.0000   0.0000;
059:  0.3555   0.6225   0.8320   1.0405   1.2745   1.5145   1.7940   2.0670   2.2725   2.4775   2.7575   3.0485   3.2750   3.4950   3.6920   0.0000   0.0000   0.0000   0.0000   0.0000   0.0000   0.0000   0.0000;
060:  0.3550   0.6215   0.8310   1.0395   1.2730   1.5125   1.7920   2.0640   2.2680   2.4735   2.7545   3.0460   3.2725   3.4910   3.6860   0.0000   0.0000   0.0000   0.0000   0.0000   0.0000   0.0000   0.0000;
061:  0.3545   0.6200   0.8290   1.0375   1.2710   1.5100   1.7890   2.0610   2.2645   2.4695   2.7505   3.0430   3.2695   3.4865   3.6800   0.0000   0.0000   0.0000   0.0000   0.0000   0.0000   0.0000   0.0000;
062:  0.3535   0.6190   0.8275   1.0355   1.2685   1.5075   1.7870   2.0580   2.2610   2.4665   2.7475   3.0400   3.2660   3.4815   3.6735   0.0000   0.0000   0.0000   0.0000   0.0000   0.0000   0.0000   0.0000;
063:  0.3530   0.6175   0.8260   1.0340   1.2665   1.5055   1.7850   2.0555   2.2575   2.4630   2.7440   3.0365   3.2630   3.4770   3.6675   0.0000   0.0000   0.0000   0.0000   0.0000   0.0000   0.0000   0.0000;
064:  0.3525   0.6165   0.8245   1.0320   1.2645   1.5035   1.7830   2.0525   2.2540   2.4600   2.7410   3.0340   3.2605   3.4725   3.6615   0.0000   0.0000   0.0000   0.0000   0.0000   0.0000   0.0000   0.0000;
065:  0.3520   0.6155   0.8230   1.0305   1.2630   1.5015   1.7805   2.0495   2.2510   2.4570   2.7380   3.0310   3.2575   3.4675   3.6555   0.0000   0.0000   0.0000   0.0000   0.0000   0.0000   0.0000   0.0000;
066:  0.3515   0.6140   0.8210   1.0285   1.2610   1.4995   1.7785   2.0465   2.2475   2.4545   2.7355   3.0275   3.2540   3.4630   3.6500   0.0000   0.0000   0.0000   0.0000   0.0000   0.0000   0.0000   0.0000;
067:  0.3505   0.6130   0.8200   1.0270   1.2595   1.4980   1.7760   2.0435   2.2445   2.4520   2.7330   3.0250   3.2520   3.4590   3.6450   0.0000   0.0000   0.0000   0.0000   0.0000   0.0000   0.0000   0.0000;
068:  0.3505   0.6120   0.8180   1.0250   1.2575   1.4960   1.7740   2.0410   2.2420   2.4500   2.7310   3.0225   3.2490   3.4545   3.6400   0.0000   0.0000   0.0000   0.0000   0.0000   0.0000   0.0000   0.0000;
069:  0.3500   0.6110   0.8165   1.0230   1.2555   1.4940   1.7720   2.0385   2.2390   2.4470   2.7285   3.0205   3.2475   3.4515   3.6360   0.0000   0.0000   0.0000   0.0000   0.0000   0.0000   0.0000   0.0000;
070:  0.3495   0.6100   0.8150   1.0210   1.2540   1.4925   1.7695   2.0355   2.2365   2.4450   2.7260   3.0180   3.2460   3.4495   3.6330   0.0000   0.0000   0.0000   0.0000   0.0000   0.0000   0.0000   0.0000;
071:  0.3490   0.6085   0.8135   1.0195   1.2520   1.4910   1.7680   2.0330   2.2335   2.4430   2.7245   3.0155   3.2440   3.4470   3.6300   0.0000   0.0000   0.0000   0.0000   0.0000   0.0000   0.0000   0.0000;
072:  0.3480   0.6075   0.8120   1.0175   1.2505   1.4895   1.7655   2.0300   2.2315   2.4415   2.7225   3.0130   3.2420   3.4460   3.6285   0.0000   0.0000   0.0000   0.0000   0.0000   0.0000   0.0000   0.0000;
073:  0.3475   0.6065   0.8105   1.0155   1.2485   1.4875   1.7630   2.0275   2.2295   2.4395   2.7205   3.0110   3.2410   3.4455   3.6275   0.0000   0.0000   0.0000   0.0000   0.0000   0.0000   0.0000   0.0000;
074:  0.3475   0.6055   0.8090   1.0140   1.2465   1.4855   1.7610   2.0250   2.2270   2.4375   2.7190   3.0095   3.2400   3.4455   3.6270   0.0000   0.0000   0.0000   0.0000   0.0000   0.0000   0.0000   0.0000;
075:  0.3470   0.6045   0.8075   1.0120   1.2445   1.4835   1.7585   2.0225   2.2250   2.4355   2.7175   3.0080   3.2390   3.4460   3.6265   0.0000   0.0000   0.0000   0.0000   0.0000   0.0000   0.0000   0.0000;
076:  0.3465   0.6035   0.8065   1.0105   1.2430   1.4820   1.7565   2.0200   2.2230   2.4340   2.7160   3.0065   3.2380   3.4465   3.6265   0.0000   0.0000   0.0000   0.0000   0.0000   0.0000   0.0000   0.0000;
077:  0.3460   0.6020   0.8045   1.0085   1.2410   1.4800   1.7545   2.0180   2.2215   2.4325   2.7145   3.0050   3.2370   3.4480   3.6285   0.0000   0.0000   0.0000   0.0000   0.0000   0.0000   0.0000   0.0000;
078:  0.3450   0.6010   0.8035   1.0070   1.2390   1.4780   1.7525   2.0155   2.2190   2.4305   2.7130   3.0035   3.2355   3.4490   3.6300   0.0000   0.0000   0.0000   0.0000   0.0000   0.0000   0.0000   0.0000;
079:  0.3445   0.6000   0.8020   1.0050   1.2370   1.4760   1.7505   2.0135   2.2175   2.4290   2.7115   3.0025   3.2350   3.4505   3.6320   0.0000   0.0000   0.0000   0.0000   0.0000   0.0000   0.0000   0.0000;
080:  0.3445   0.5995   0.8010   1.0035   1.2350   1.4740   1.7485   2.0115   2.2160   2.4275   2.7095   3.0010   3.2345   3.4525   3.6340   0.0000   0.0000   0.0000   0.0000   0.0000   0.0000   0.0000   0.0000;
081:  0.3440   0.5980   0.7995   1.0025   1.2335   1.4725   1.7470   2.0090   2.2140   2.4260   2.7085   3.0000   3.2335   3.4545   3.6365   0.0000   0.0000   0.0000   0.0000   0.0000   0.0000   0.0000   0.0000;
082:  0.3435   0.5970   0.7985   1.0010   1.2315   1.4705   1.7450   2.0070   2.2125   2.4245   2.7070   2.9990   3.2330   3.4560   3.6385   0.0000   0.0000   0.0000   0.0000   0.0000   0.0000   0.0000   0.0000;
083:  0.3430   0.5960   0.7975   0.9995   1.2300   1.4690   1.7430   2.0050   2.2110   2.4235   2.7065   2.9985   3.2325   3.4580   3.6415   0.0000   0.0000   0.0000   0.0000   0.0000   0.0000   0.0000   0.0000;
084:  0.3430   0.5955   0.7965   0.9985   1.2285   1.4670   1.7415   2.0035   2.2100   2.4225   2.7050   2.9980   3.2325   3.4600   3.6445   0.0000   0.0000   0.0000   0.0000   0.0000   0.0000   0.0000   0.0000;
085:  0.3420   0.5940   0.7945   0.9970   1.2270   1.4650   1.7395   2.0015   2.2085   2.4215   2.7045   2.9975   3.2320   3.4620   3.6475   0.0000   0.0000   0.0000   0.0000   0.0000   0.0000   0.0000   0.0000;
086:  0.3415   0.5930   0.7935   0.9955   1.2255   1.4635   1.7375   1.9995   2.2070   2.4200   2.7030   2.9965   3.2315   3.4630   3.6495   0.0000   0.0000   0.0000   0.0000   0.0000   0.0000   0.0000   0.0000;
087:  0.3415   0.5925   0.7925   0.9945   1.2240   1.4615   1.7360   1.9985   2.2065   2.4195   2.7025   2.9965   3.2315   3.4640   3.6520   0.0000   0.0000   0.0000   0.0000   0.0000   0.0000   0.0000   0.0000;
088:  0.3410   0.5915   0.7915   0.9935   1.2225   1.4595   1.7340   1.9965   2.2050   2.4185   2.7020   2.9960   3.2310   3.4640   3.6535   0.0000   0.0000   0.0000   0.0000   0.0000   0.0000   0.0000   0.0000;
089:  0.3405   0.5905   0.7905   0.9925   1.2215   1.4585   1.7330   1.9955   2.2040   2.4180   2.7015   2.9955   3.2310   3.4640   3.6555   0.0000   0.0000   0.0000   0.0000   0.0000   0.0000   0.0000   0.0000;
090:  0.3405   0.5900   0.7895   0.9915   1.2200   1.4565   1.7315   1.9940   2.2025   2.4170   2.7005   2.9945   3.2305   3.4640   3.6570   0.0000   0.0000   0.0000   0.0000   0.0000   0.0000   0.0000   0.0000;
091:  0.3400   0.5890   0.7880   0.9900   1.2190   1.4550   1.7295   1.9925   2.2020   2.4165   2.7000   2.9950   3.2310   3.4630   3.6580   0.0000   0.0000   0.0000   0.0000   0.0000   0.0000   0.0000   0.0000;
092:  0.3395   0.5880   0.7870   0.9890   1.2180   1.4540   1.7285   1.9920   2.2015   2.4160   2.7000   2.9950   3.2310   3.4620   3.6590   0.0000   0.0000   0.0000   0.0000   0.0000   0.0000   0.0000   0.0000;
093:  0.3395   0.5875   0.7860   0.9880   1.2170   1.4525   1.7265   1.9905   2.2005   2.4155   2.6995   2.9945   3.2310   3.4615   3.6605   0.0000   0.0000   0.0000   0.0000   0.0000   0.0000   0.0000   0.0000;
094:  0.3390   0.5865   0.7850   0.9870   1.2160   1.4515   1.7255   1.9895   2.1995   2.4150   2.6995   2.9945   3.2310   3.4605   3.6615   0.0000   0.0000   0.0000   0.0000   0.0000   0.0000   0.0000   0.0000;
095:  0.3390   0.5860   0.7840   0.9860   1.2145   1.4500   1.7245   1.9890   2.1990   2.4145   2.6995   2.9945   3.2310   3.4595   3.6630   0.0000   0.0000   0.0000   0.0000   0.0000   0.0000   0.0000   0.0000;
096:  0.3385   0.5850   0.7825   0.9850   1.2140   1.4485   1.7225   1.9875   2.1980   2.4145   2.6995   2.9945   3.2315   3.4590   3.6645   0.0000   0.0000   0.0000   0.0000   0.0000   0.0000   0.0000   0.0000;
097:  0.3380   0.5840   0.7815   0.9835   1.2125   1.4475   1.7215   1.9870   2.1980   2.4150   2.7000   2.9945   3.2315   3.4595   3.6670   0.0000   0.0000   0.0000   0.0000   0.0000   0.0000   0.0000   0.0000;
098:  0.3380   0.5835   0.7805   0.9825   1.2115   1.4465   1.7205   1.9865   2.1975   2.4145   2.6995   2.9940   3.2315   3.4595   3.6690   0.0000   0.0000   0.0000   0.0000   0.0000   0.0000   0.0000   0.0000;
099:  0.3375   0.5825   0.7790   0.9810   1.2105   1.4455   1.7190   1.9850   2.1970   2.4145   2.6995   2.9935   3.2310   3.4600   3.6715   0.0000   0.0000   0.0000   0.0000   0.0000   0.0000   0.0000   0.0000;
100:  0.3375   0.5820   0.7780   0.9800   1.2095   1.4445   1.7180   1.9845   2.1965   2.4140   2.6990   2.9925   3.2305   3.4605   3.6740   0.0000   0.0000   0.0000   0.0000   0.0000   0.0000   0.0000   0.0000;
101:  0.3370   0.5810   0.7770   0.9790   1.2085   1.4435   1.7170   1.9840   2.1960   2.4135   2.6985   2.9920   3.2305   3.4615   3.6770   0.0000   0.0000   0.0000   0.0000   0.0000   0.0000   0.0000   0.0000;
102:  0.3370   0.5805   0.7760   0.9775   1.2065   1.4415   1.7155   1.9840   2.1965   2.4135   2.6985   2.9920   3.2310   3.4630   3.6800   0.0000   0.0000   0.0000   0.0000   0.0000   0.0000   0.0000   0.0000;
103:  0.3370   0.5805   0.7750   0.9760   1.2055   1.4405   1.7145   1.9835   2.1955   2.4125   2.6980   2.9910   3.2305   3.4640   3.6830   0.0000   0.0000   0.0000   0.0000   0.0000   0.0000   0.0000   0.0000;
104:  0.3370   0.5800   0.7740   0.9750   1.2045   1.4395   1.7135   1.9825   2.1950   2.4120   2.6975   2.9905   3.2300   3.4650   3.6860   0.0000   0.0000   0.0000   0.0000   0.0000   0.0000   0.0000   0.0000;
105:  0.3365   0.5790   0.7730   0.9735   1.2025   1.4380   1.7130   1.9825   2.1945   2.4115   2.6970   2.9895   3.2295   3.4665   3.6895   0.0000   0.0000   0.0000   0.0000   0.0000   0.0000   0.0000   0.0000;
106:  0.3365   0.5790   0.7725   0.9725   1.2015   1.4365   1.7115   1.9820   2.1940   2.4105   2.6965   2.9890   3.2295   3.4685   3.6930   0.0000   0.0000   0.0000   0.0000   0.0000   0.0000   0.0000   0.0000;
107:  0.3365   0.5785   0.7715   0.9715   1.2005   1.4355   1.7105   1.9810   2.1930   2.4095   2.6955   2.9880   3.2290   3.4695   3.6960   0.0000   0.0000   0.0000   0.0000   0.0000   0.0000   0.0000   0.0000;
108:  0.3365   0.5780   0.7705   0.9700   1.1985   1.4335   1.7090   1.9805   2.1925   2.4085   2.6945   2.9865   3.2285   3.4710   3.6990   0.0000   0.0000   0.0000   0.0000   0.0000   0.0000   0.0000   0.0000;
109:  0.3370   0.5780   0.7700   0.9690   1.1975   1.4325   1.7075   1.9790   2.1915   2.4080   2.6945   2.9860   3.2285   3.4725   3.7015   0.0000   0.0000   0.0000   0.0000   0.0000   0.0000   0.0000   0.0000;
110:  0.3365   0.5770   0.7690   0.9680   1.1965   1.4310   1.7065   1.9790   2.1905   2.4065   2.6935   2.9850   3.2280   3.4730   3.7040   0.0000   0.0000   0.0000   0.0000   0.0000   0.0000   0.0000   0.0000;
111:  0.3365   0.5770   0.7685   0.9670   1.1950   1.4290   1.7045   1.9775   2.1895   2.4055   2.6930   2.9840   3.2270   3.4745   3.7075   0.0000   0.0000   0.0000   0.0000   0.0000   0.0000   0.0000   0.0000;
112:  0.3365   0.5765   0.7675   0.9655   1.1935   1.4280   1.7035   1.9765   2.1885   2.4045   2.6920   2.9830   3.2265   3.4750   3.7095   0.0000   0.0000   0.0000   0.0000   0.0000   0.0000   0.0000   0.0000;
113:  0.3370   0.5765   0.7675   0.9650   1.1920   1.4260   1.7020   1.9755   2.1880   2.4040   2.6910   2.9820   3.2265   3.4765   3.7120   0.0000   0.0000   0.0000   0.0000   0.0000   0.0000   0.0000   0.0000;
114:  0.3370   0.5765   0.7670   0.9640   1.1910   1.4245   1.7000   1.9740   2.1870   2.4030   2.6905   2.9815   3.2265   3.4780   3.7145   0.0000   0.0000   0.0000   0.0000   0.0000   0.0000   0.0000   0.0000;
115:  0.3370   0.5760   0.7660   0.9630   1.1895   1.4225   1.6985   1.9730   2.1860   2.4025   2.6900   2.9805   3.2260   3.4785   3.7165   0.0000   0.0000   0.0000   0.0000   0.0000   0.0000   0.0000   0.0000;
116:  0.3375   0.5765   0.7660   0.9625   1.1885   1.4215   1.6970   1.9720   2.1855   2.4015   2.6895   2.9800   3.2260   3.4795   3.7180   3.9515   0.0000   0.0000   0.0000   0.0000   0.0000   0.0000   0.0000;
117:  0.3375   0.5765   0.7655   0.9615   1.1870   1.4195   1.6955   1.9710   2.1850   2.4015   2.6890   2.9795   3.2260   3.4795   3.7195   3.9535   0.0000   0.0000   0.0000   0.0000   0.0000   0.0000   0.0000;
118:  0.3380   0.5765   0.7655   0.9610   1.1860   1.4180   1.6935   1.9690   2.1835   2.4005   2.6880   2.9790   3.2260   3.4800   3.7215   3.9555   0.0000   0.0000   0.0000   0.0000   0.0000   0.0000   0.0000;
119:  0.3380   0.5765   0.7655   0.9605   1.1845   1.4160   1.6915   1.9675   2.1830   2.4000   2.6875   2.9795   3.2265   3.4805   3.7230   3.9575   0.0000   0.0000   0.0000   0.0000   0.0000   0.0000   0.0000;
120:  0.3385   0.5760   0.7645   0.9595   1.1835   1.4145   1.6895   1.9660   2.1825   2.4000   2.6875   2.9795   3.2265   3.4810   3.7250   3.9600   0.0000   0.0000   0.0000   0.0000   0.0000   0.0000   0.0000;
121:  0.3390   0.5765   0.7640   0.9590   1.1825   1.4125   1.6875   1.9640   2.1810   2.3990   2.6870   2.9795   3.2265   3.4810   3.7260   3.9620   0.0000   0.0000   0.0000   0.0000   0.0000   0.0000   0.0000;
122:  0.3390   0.5765   0.7640   0.9585   1.1810   1.4110   1.6860   1.9620   2.1800   2.3990   2.6870   2.9795   3.2265   3.4815   3.7280   3.9645   0.0000   0.0000   0.0000   0.0000   0.0000   0.0000   0.0000;
123:  0.3395   0.5765   0.7640   0.9580   1.1800   1.4095   1.6835   1.9600   2.1790   2.3985   2.6870   2.9800   3.2270   3.4815   3.7295   3.9670   4.1920   0.0000   0.0000   0.0000   0.0000   0.0000   0.0000;
124:  0.3400   0.5775   0.7640   0.9575   1.1795   1.4085   1.6815   1.9580   2.1785   2.3990   2.6875   2.9805   3.2270   3.4810   3.7305   3.9690   4.1940   0.0000   0.0000   0.0000   0.0000   0.0000   0.0000;
125:  0.3400   0.5775   0.7640   0.9570   1.1780   1.4065   1.6795   1.9560   2.1775   2.4000   2.6885   2.9810   3.2275   3.4805   3.7315   3.9720   4.1970   0.0000   0.0000   0.0000   0.0000   0.0000   0.0000;
126:  0.3410   0.5780   0.7635   0.9560   1.1770   1.4055   1.6775   1.9540   2.1765   2.4000   2.6885   2.9810   3.2275   3.4795   3.7320   3.9740   4.1995   0.0000   0.0000   0.0000   0.0000   0.0000   0.0000;
127:  0.3410   0.5780   0.7635   0.9560   1.1765   1.4040   1.6750   1.9515   2.1755   2.4010   2.6895   2.9815   3.2280   3.4790   3.7320   3.9760   4.2020   0.0000   0.0000   0.0000   0.0000   0.0000   0.0000;
128:  0.3420   0.5785   0.7635   0.9555   1.1750   1.4020   1.6730   1.9500   2.1750   2.4020   2.6905   2.9820   3.2280   3.4785   3.7335   3.9785   4.2045   0.0000   0.0000   0.0000   0.0000   0.0000   0.0000;
129:  0.3420   0.5790   0.7635   0.9545   1.1740   1.4010   1.6710   1.9480   2.1745   2.4025   2.6915   2.9830   3.2280   3.4780   3.7345   3.9805   4.2075   0.0000   0.0000   0.0000   0.0000   0.0000   0.0000;
130:  0.3430   0.5795   0.7635   0.9540   1.1730   1.4000   1.6690   1.9455   2.1735   2.4035   2.6925   2.9835   3.2285   3.4780   3.7355   3.9825   4.2110   0.0000   0.0000   0.0000   0.0000   0.0000   0.0000;
131:  0.3430   0.5800   0.7640   0.9540   1.1730   1.3990   1.6670   1.9440   2.1730   2.4040   2.6930   2.9840   3.2290   3.4775   3.7355   3.9835   4.2140   4.4585   0.0000   0.0000   0.0000   0.0000   0.0000;
132:  0.3440   0.5805   0.7640   0.9535   1.1720   1.3980   1.6650   1.9420   2.1725   2.4045   2.6940   2.9855   3.2295   3.4770   3.7365   3.9850   4.2175   4.4615   0.0000   0.0000   0.0000   0.0000   0.0000;
133:  0.3445   0.5815   0.7645   0.9530   1.1710   1.3965   1.6625   1.9400   2.1720   2.4050   2.6945   2.9860   3.2300   3.4765   3.7370   3.9860   4.2200   4.4640   0.0000   0.0000   0.0000   0.0000   0.0000;
134:  0.3450   0.5820   0.7650   0.9530   1.1710   1.3960   1.6610   1.9390   2.1725   2.4060   2.6955   2.9875   3.2305   3.4760   3.7375   3.9870   4.2235   4.4670   0.0000   0.0000   0.0000   0.0000   0.0000;
135:  0.3455   0.5825   0.7650   0.9525   1.1705   1.3950   1.6590   1.9375   2.1725   2.4065   2.6955   2.9880   3.2310   3.4755   3.7375   3.9875   4.2265   4.4700   0.0000   0.0000   0.0000   0.0000   0.0000;
136:  0.3465   0.5835   0.7655   0.9525   1.1700   1.3935   1.6570   1.9365   2.1725   2.4065   2.6960   2.9895   3.2320   3.4755   3.7380   3.9880   4.2290   4.4730   0.0000   0.0000   0.0000   0.0000   0.0000;
137:  0.3470   0.5845   0.7665   0.9525   1.1695   1.3930   1.6555   1.9355   2.1725   2.4060   2.6960   2.9905   3.2320   3.4750   3.7385   3.9890   4.2315   4.4750   0.0000   0.0000   0.0000   0.0000   0.0000;
138:  0.3475   0.5850   0.7670   0.9525   1.1695   1.3920   1.6535   1.9350   2.1735   2.4065   2.6965   2.9915   3.2325   3.4750   3.7390   3.9895   4.2330   4.4765   0.0000   0.0000   0.0000   0.0000   0.0000;
139:  0.3485   0.5855   0.7675   0.9530   1.1695   1.3910   1.6515   1.9345   2.1735   2.4055   2.6960   2.9920   3.2330   3.4750   3.7390   3.9895   4.2335   4.4770   0.0000   0.0000   0.0000   0.0000   0.0000;
140:  0.3490   0.5870   0.7685   0.9530   1.1700   1.3905   1.6495   1.9340   2.1740   2.4050   2.6955   2.9930   3.2335   3.4745   3.7390   3.9895   4.2350   4.4785   0.0000   0.0000   0.0000   0.0000   0.0000;
141:  0.3500   0.5875   0.7690   0.9535   1.1700   1.3900   1.6485   1.9345   2.1750   2.4045   2.6955   2.9940   3.2340   3.4745   3.7390   3.9890   4.2355   4.4795   0.0000   0.0000   0.0000   0.0000   0.0000;
142:  0.3505   0.5885   0.7705   0.9540   1.1700   1.3890   1.6465   1.9340   2.1755   2.4040   2.6950   2.9940   3.2340   3.4745   3.7390   3.9890   4.2360   4.4800   0.0000   0.0000   0.0000   0.0000   0.0000;
143:  0.3510   0.5895   0.7710   0.9540   1.1700   1.3885   1.6455   1.9345   2.1760   2.4025   2.6945   2.9950   3.2345   3.4745   3.7390   3.9890   4.2365   4.4805   0.0000   0.0000   0.0000   0.0000   0.0000;
144:  0.3520   0.5905   0.7720   0.9550   1.1705   1.3875   1.6440   1.9345   2.1760   2.4005   2.6935   2.9955   3.2340   3.4745   3.7390   3.9885   4.2370   4.4805   4.7485   5.0675   0.0000   0.0000   0.0000;
145:  0.3525   0.5915   0.7730   0.9560   1.1715   1.3875   1.6430   1.9345   2.1760   2.3985   2.6920   2.9955   3.2340   3.4750   3.7395   3.9880   4.2360   4.4795   4.7485   5.0665   0.0000   0.0000   0.0000;
146:  0.3535   0.5925   0.7740   0.9565   1.1715   1.3870   1.6420   1.9345   2.1760   2.3965   2.6910   2.9955   3.2335   3.4760   3.7400   3.9865   4.2350   4.4795   4.7480   5.0650   0.0000   0.0000   0.0000;
147:  0.3545   0.5940   0.7750   0.9570   1.1720   1.3865   1.6415   1.9345   2.1750   2.3945   2.6905   2.9960   3.2330   3.4755   3.7400   3.9855   4.2335   4.4790   4.7480   5.0640   0.0000   0.0000   0.0000;
148:  0.3550   0.5950   0.7760   0.9585   1.1735   1.3865   1.6405   1.9340   2.1745   2.3930   2.6895   2.9960   3.2330   3.4750   3.7390   3.9835   4.2310   4.4770   4.7465   5.0625   0.0000   0.0000   0.0000;
149:  0.3560   0.5965   0.7775   0.9595   1.1740   1.3865   1.6405   1.9340   2.1730   2.3900   2.6875   2.9950   3.2325   3.4750   3.7385   3.9815   4.2280   4.4755   4.7465   5.0620   5.3710   0.0000   0.0000;
150:  0.3570   0.5975   0.7785   0.9610   1.1750   1.3865   1.6410   1.9345   2.1715   2.3880   2.6865   2.9940   3.2320   3.4750   3.7380   3.9805   4.2255   4.4730   4.7455   5.0610   5.3700   0.0000   0.0000;
151:  0.3575   0.5990   0.7800   0.9620   1.1760   1.3870   1.6410   1.9345   2.1705   2.3860   2.6855   2.9935   3.2310   3.4745   3.7380   3.9800   4.2220   4.4695   4.7450   5.0610   5.3695   0.0000   0.0000;
152:  0.3585   0.6000   0.7810   0.9635   1.1770   1.3870   1.6415   1.9345   2.1685   2.3840   2.6845   2.9920   3.2295   3.4740   3.7380   3.9795   4.2185   4.4660   4.7445   5.0610   5.3690   0.0000   0.0000;
153:  0.3595   0.6015   0.7825   0.9650   1.1785   1.3875   1.6420   1.9345   2.1670   2.3825   2.6835   2.9905   3.2275   3.4730   3.7380   3.9785   4.2140   4.4620   4.7435   5.0610   5.3690   0.0000   0.0000;
154:  0.3600   0.6025   0.7835   0.9665   1.1800   1.3885   1.6430   1.9340   2.1645   2.3805   2.6825   2.9890   3.2260   3.4725   3.7375   3.9770   4.2095   4.4580   4.7430   5.0615   5.3690   0.0000   0.0000;
155:  0.3610   0.6040   0.7850   0.9680   1.1815   1.3895   1.6440   1.9340   2.1630   2.3790   2.6815   2.9875   3.2240   3.4720   3.7380   3.9755   4.2045   4.4545   4.7430   5.0620   5.3695   0.0000   0.0000;
156:  0.3620   0.6055   0.7865   0.9695   1.1830   1.3905   1.6450   1.9335   2.1615   2.3780   2.6810   2.9865   3.2220   3.4705   3.7370   3.9740   4.2000   4.4510   4.7430   5.0620   5.3695   0.0000   0.0000;
157:  0.3625   0.6065   0.7880   0.9715   1.1845   1.3915   1.6465   1.9330   2.1590   2.3770   2.6800   2.9845   3.2195   3.4685   3.7360   3.9730   4.1960   4.4470   4.7430   5.0630   5.3705   0.0000   0.0000;
158:  0.3640   0.6085   0.7895   0.9730   1.1860   1.3925   1.6480   1.9330   2.1575   2.3760   2.6790   2.9830   3.2170   3.4670   3.7355   3.9715   4.1910   4.4430   4.7435   5.0640   5.3710   0.0000   0.0000;
159:  0.3650   0.6100   0.7915   0.9750   1.1875   1.3940   1.6500   1.9330   2.1560   2.3750   2.6780   2.9820   3.2145   3.4645   3.7345   3.9705   4.1870   4.4395   4.7440   5.0645   5.3720   0.0000   0.0000;
160:  0.3660   0.6110   0.7930   0.9770   1.1895   1.3960   1.6520   1.9325   2.1545   2.3750   2.6770   2.9800   3.2120   3.4625   3.7335   3.9695   4.1830   4.4360   4.7445   5.0655   5.3735   0.0000   0.0000;
161:  0.3665   0.6125   0.7950   0.9790   1.1910   1.3975   1.6540   1.9325   2.1530   2.3740   2.6760   2.9785   3.2090   3.4600   3.7320   3.9680   4.1785   4.4325   4.7450   5.0655   5.3745   0.0000   0.0000;
162:  0.3675   0.6140   0.7970   0.9810   1.1930   1.3990   1.6560   1.9335   2.1525   2.3735   2.6745   2.9770   3.2065   3.4575   3.7305   3.9665   4.1750   4.4295   4.7450   5.0660   5.3765   0.0000   0.0000;
163:  0.3690   0.6160   0.7995   0.9835   1.1950   1.4010   1.6580   1.9335   2.1510   2.3730   2.6740   2.9755   3.2035   3.4550   3.7290   3.9650   4.1710   4.4260   4.7445   5.0655   5.3785   0.0000   0.0000;
164:  0.3695   0.6170   0.8010   0.9855   1.1970   1.4030   1.6600   1.9345   2.1510   2.3725   2.6730   2.9745   3.2015   3.4525   3.7270   3.9635   4.1670   4.4225   4.7445   5.0650   5.3800   0.0000   0.0000;
165:  0.3705   0.6185   0.8035   0.9880   1.1990   1.4050   1.6625   1.9360   2.1510   2.3725   2.6720   2.9730   3.1990   3.4500   3.7255   3.9630   4.1645   4.4190   4.7435   5.0645   5.3825   0.0000   0.0000;
166:  0.3720   0.6205   0.8055   0.9905   1.2015   1.4070   1.6645   1.9370   2.1510   2.3720   2.6715   2.9725   3.1970   3.4480   3.7245   3.9625   4.1620   4.4160   4.7425   5.0640   5.3850   0.0000   0.0000;
167:  0.3725   0.6215   0.8075   0.9930   1.2040   1.4095   1.6665   1.9380   2.1515   2.3725   2.6710   2.9720   3.1955   3.4455   3.7225   3.9620   4.1600   4.4125   4.7410   5.0630   5.3870   0.0000   0.0000;
168:  0.3735   0.6230   0.8100   0.9955   1.2060   1.4115   1.6690   1.9395   2.1515   2.3725   2.6705   2.9710   3.1935   3.4430   3.7200   3.9610   4.1585   4.4100   4.7395   5.0610   5.3885   0.0000   0.0000;
169:  0.3750   0.6250   0.8125   0.9980   1.2085   1.4140   1.6710   1.9410   2.1525   2.3730   2.6705   2.9710   3.1925   3.4415   3.7185   3.9600   4.1565   4.4070   4.7375   5.0590   5.3895   0.0000   0.0000;
170:  0.3755   0.6265   0.8150   1.0000   1.2105   1.4165   1.6735   1.9425   2.1525   2.3730   2.6700   2.9705   3.1915   3.4400   3.7160   3.9565   4.1540   4.4050   4.7345   5.0560   5.3910   0.0000   0.0000;
171:  0.3765   0.6275   0.8170   1.0025   1.2125   1.4185   1.6760   1.9445   2.1535   2.3735   2.6700   2.9705   3.1910   3.4390   3.7140   3.9540   4.1515   4.4020   4.7315   5.0535   5.3925   0.0000   0.0000;
172:  0.3780   0.6295   0.8195   1.0050   1.2150   1.4210   1.6780   1.9460   2.1545   2.3740   2.6700   2.9705   3.1910   3.4380   3.7115   3.9515   4.1500   4.4005   4.7295   5.0510   5.3935   0.0000   0.0000;
173:  0.3790   0.6305   0.8215   1.0075   1.2175   1.4235   1.6805   1.9480   2.1555   2.3750   2.6705   2.9705   3.1915   3.4380   3.7095   3.9495   4.1485   4.3980   4.7260   5.0475   5.3940   0.0000   0.0000;
174:  0.3795   0.6320   0.8235   1.0095   1.2200   1.4260   1.6830   1.9500   2.1565   2.3755   2.6705   2.9710   3.1925   3.4380   3.7080   3.9480   4.1475   4.3960   4.7230   5.0450   5.3955   0.0000   0.0000;
175:  0.3810   0.6335   0.8255   1.0125   1.2230   1.4285   1.6855   1.9520   2.1575   2.3765   2.6710   2.9710   3.1930   3.4375   3.7055   3.9455   4.1465   4.3940   4.7195   5.0425   5.3965   0.0000   0.0000;
176:  0.3820   0.6350   0.8280   1.0150   1.2255   1.4310   1.6880   1.9545   2.1595   2.3780   2.6715   2.9715   3.1945   3.4380   3.7040   3.9435   4.1450   4.3915   4.7155   5.0395   5.3975   0.0000   0.0000;
177:  0.3825   0.6360   0.8300   1.0175   1.2280   1.4335   1.6900   1.9560   2.1605   2.3790   2.6720   2.9715   3.1960   3.4390   3.7025   3.9415   4.1435   4.3895   4.7125   5.0375   5.3990   0.0000   0.0000;
178:  0.3840   0.6375   0.8320   1.0205   1.2315   1.4370   1.6930   1.9585   2.1625   2.3810   2.6735   2.9725   3.1975   3.4395   3.7010   3.9390   4.1415   4.3880   4.7100   5.0350   5.3995   0.0000   0.0000;
179:  0.3850   0.6390   0.8340   1.0230   1.2345   1.4395   1.6950   1.9600   2.1635   2.3825   2.6745   2.9725   3.1990   3.4400   3.6990   3.9370   4.1400   4.3860   4.7070   5.0330   5.4010   0.0000   0.0000;
180:  0.3855   0.6400   0.8360   1.0255   1.2370   1.4420   1.6970   1.9620   2.1650   2.3835   2.6755   2.9735   3.2005   3.4410   3.6975   3.9345   4.1395   4.3855   4.7045   5.0300   5.4010   0.0000   0.0000;
181:  0.3865   0.6410   0.8375   1.0280   1.2400   1.4445   1.6990   1.9640   2.1670   2.3855   2.6770   2.9745   3.2025   3.4415   3.6960   3.9335   4.1395   4.3850   4.7025   5.0275   5.4010   0.0000   0.0000;
182:  0.3875   0.6420   0.8390   1.0300   1.2430   1.4480   1.7015   1.9660   2.1685   2.3870   2.6785   2.9750   3.2035   3.4425   3.6950   3.9315   4.1390   4.3845   4.7000   5.0255   5.4020   0.0000   0.0000;
183:  0.3880   0.6430   0.8405   1.0320   1.2455   1.4505   1.7035   1.9685   2.1710   2.3890   2.6800   2.9760   3.2055   3.4430   3.6935   3.9305   4.1395   4.3845   4.6975   5.0230   5.4025   0.0000   0.0000;
184:  0.3895   0.6445   0.8420   1.0345   1.2485   1.4530   1.7050   1.9695   2.1720   2.3905   2.6810   2.9760   3.2065   3.4440   3.6925   3.9290   4.1405   4.3860   4.6965   5.0220   5.4035   0.0000   0.0000;
185:  0.3895   0.6450   0.8435   1.0365   1.2510   1.4560   1.7075   1.9715   2.1740   2.3925   2.6825   2.9770   3.2080   3.4445   3.6915   3.9275   4.1410   4.3870   4.6950   5.0200   5.4035   0.0000   0.0000;
186:  0.3910   0.6465   0.8450   1.0385   1.2535   1.4585   1.7090   1.9735   2.1765   2.3950   2.6845   2.9775   3.2090   3.4450   3.6905   3.9265   4.1420   4.3880   4.6940   5.0190   5.4040   0.0000   0.0000;
187:  0.3915   0.6470   0.8465   1.0405   1.2560   1.4615   1.7110   1.9750   2.1780   2.3965   2.6860   2.9780   3.2100   3.4460   3.6900   3.9255   4.1435   4.3895   4.6930   5.0180   5.4045   0.0000   0.0000;
188:  0.3920   0.6480   0.8480   1.0425   1.2585   1.4640   1.7125   1.9765   2.1800   2.3985   2.6875   2.9785   3.2105   3.4465   3.6900   3.9250   4.1450   4.3910   4.6925   5.0175   5.4050   0.0000   0.0000;
189:  0.3930   0.6490   0.8490   1.0440   1.2605   1.4665   1.7145   1.9780   2.1820   2.4005   2.6885   2.9790   3.2120   3.4470   3.6890   3.9240   4.1465   4.3925   4.6920   5.0170   5.4055   0.0000   0.0000;
190:  0.3935   0.6495   0.8500   1.0460   1.2630   1.4690   1.7155   1.9790   2.1840   2.4025   2.6900   2.9795   3.2125   3.4470   3.6885   3.9245   4.1490   4.3940   4.6915   5.0165   5.4055   0.0000   0.0000;
191:  0.3945   0.6505   0.8510   1.0475   1.2650   1.4715   1.7175   1.9805   2.1860   2.4045   2.6915   2.9800   3.2125   3.4470   3.6885   3.9240   4.1505   4.3955   4.6900   5.0155   5.4055   0.0000   0.0000;
192:  0.3945   0.6510   0.8520   1.0490   1.2670   1.4735   1.7185   1.9815   2.1880   2.4060   2.6925   2.9805   3.2130   3.4475   3.6880   3.9235   4.1525   4.3970   4.6890   5.0150   5.4055   0.0000   0.0000;
193:  0.3955   0.6515   0.8525   1.0505   1.2685   1.4755   1.7205   1.9830   2.1900   2.4080   2.6935   2.9805   3.2130   3.4475   3.6880   3.9240   4.1550   4.3980   4.6880   5.0150   5.4055   0.0000   0.0000;
194:  0.3955   0.6515   0.8535   1.0520   1.2700   1.4775   1.7215   1.9835   2.1910   2.4095   2.6950   2.9810   3.2130   3.4475   3.6875   3.9235   4.1565   4.3985   4.6865   5.0145   5.4055   5.7400   0.0000;
195:  0.3965   0.6525   0.8540   1.0525   1.2710   1.4795   1.7235   1.9850   2.1930   2.4110   2.6955   2.9810   3.2135   3.4480   3.6880   3.9245   4.1585   4.3990   4.6845   5.0140   5.4055   5.7375   0.0000;
196:  0.3965   0.6525   0.8545   1.0540   1.2720   1.4805   1.7245   1.9855   2.1945   2.4125   2.6965   2.9815   3.2135   3.4480   3.6880   3.9245   4.1600   4.4000   4.6830   5.0130   5.4050   5.7355   0.0000;
197:  0.3975   0.6535   0.8555   1.0550   1.2730   1.4820   1.7260   1.9870   2.1965   2.4140   2.6970   2.9815   3.2135   3.4480   3.6880   3.9255   4.1625   4.4005   4.6810   5.0120   5.4035   5.7325   0.0000;
198:  0.3975   0.6535   0.8555   1.0555   1.2735   1.4825   1.7265   1.9875   2.1980   2.4155   2.6980   2.9815   3.2130   3.4485   3.6880   3.9255   4.1640   4.4005   4.6795   5.0120   5.4020   5.7285   0.0000;
199:  0.3980   0.6535   0.8555   1.0560   1.2740   1.4835   1.7280   1.9890   2.2000   2.4170   2.6985   2.9815   3.2135   3.4490   3.6880   3.9255   4.1645   4.4000   4.6780   5.0110   5.4000   5.7255   0.0000;
200:  0.3980   0.6535   0.8555   1.0565   1.2745   1.4840   1.7285   1.9895   2.2010   2.4180   2.6995   2.9820   3.2135   3.4490   3.6880   3.9260   4.1645   4.3990   4.6765   5.0105   5.3985   5.7215   0.0000;
201:  0.3980   0.6535   0.8555   1.0565   1.2745   1.4845   1.7295   1.9905   2.2020   2.4190   2.7000   2.9815   3.2130   3.4485   3.6875   3.9260   4.1640   4.3980   4.6760   5.0110   5.3970   5.7175   0.0000;
202:  0.3985   0.6535   0.8555   1.0570   1.2745   1.4845   1.7305   1.9915   2.2035   2.4200   2.7005   2.9820   3.2130   3.4485   3.6870   3.9260   4.1640   4.3970   4.6755   5.0110   5.3950   5.7135   0.0000;
203:  0.3985   0.6535   0.8550   1.0570   1.2750   1.4845   1.7305   1.9915   2.2040   2.4210   2.7010   2.9815   3.2125   3.4480   3.6865   3.9260   4.1640   4.3960   4.6745   5.0105   5.3925   5.7100   0.0000;
204:  0.3990   0.6530   0.8540   1.0565   1.2745   1.4845   1.7310   1.9920   2.2050   2.4215   2.7015   2.9820   3.2120   3.4475   3.6860   3.9255   4.1630   4.3945   4.6730   5.0085   5.3890   5.7055   0.0000;
205:  0.3990   0.6530   0.8540   1.0565   1.2740   1.4840   1.7310   1.9925   2.2055   2.4215   2.7015   2.9815   3.2115   3.4470   3.6855   3.9260   4.1625   4.3935   4.6720   5.0065   5.3860   5.7020   0.0000;
206:  0.3985   0.6525   0.8530   1.0555   1.2735   1.4830   1.7305   1.9925   2.2060   2.4220   2.7015   2.9815   3.2115   3.4470   3.6855   3.9260   4.1620   4.3930   4.6710   5.0035   5.3815   5.6980   0.0000;
207:  0.3985   0.6520   0.8520   1.0545   1.2725   1.4825   1.7310   1.9930   2.2060   2.4220   2.7020   2.9815   3.2110   3.4465   3.6845   3.9250   4.1615   4.3935   4.6710   5.0015   5.3775   0.0000   0.0000;
208:  0.3985   0.6515   0.8515   1.0535   1.2715   1.4815   1.7305   1.9930   2.2065   2.4225   2.7020   2.9815   3.2110   3.4465   3.6845   3.9250   4.1610   4.3930   4.6705   4.9990   0.0000   0.0000   0.0000;
209:  0.3985   0.6515   0.8510   1.0525   1.2700   1.4805   1.7300   1.9925   2.2060   2.4220   2.7020   2.9815   3.2110   3.4465   3.6845   3.9245   4.1600   4.3925   4.6700   4.9960   0.0000   0.0000   0.0000;
210:  0.3980   0.6505   0.8495   1.0510   1.2690   1.4795   1.7295   1.9925   2.2060   2.4220   2.7020   2.9810   3.2105   3.4460   3.6835   3.9240   4.1595   4.3925   4.6705   4.9925   0.0000   0.0000   0.0000;
211:  0.3985   0.6500   0.8480   1.0495   1.2675   1.4780   1.7290   1.9920   2.2055   2.4220   2.7020   2.9810   3.2105   3.4460   3.6830   3.9230   4.1590   4.3925   4.6705   4.9890   0.0000   0.0000   0.0000;
212:  0.3980   0.6495   0.8475   1.0485   1.2665   1.4770   1.7285   1.9920   2.2050   2.4220   2.7025   2.9810   3.2110   3.4465   3.6830   3.9225   4.1580   4.3925   4.6715   4.9855   0.0000   0.0000   0.0000;
213:  0.3975   0.6485   0.8460   1.0465   1.2645   1.4755   1.7280   1.9915   2.2045   2.4220   2.7025   2.9815   3.2115   3.4460   3.6820   3.9210   4.1570   4.3935   4.6730   4.9825   0.0000   0.0000   0.0000;
214:  0.3970   0.6475   0.8445   1.0445   1.2630   1.4745   1.7270   1.9910   2.2045   2.4220   2.7025   2.9815   3.2115   3.4460   3.6820   3.9200   4.1560   4.3940   4.6745   4.9795   0.0000   0.0000   0.0000;
215:  0.3965   0.6465   0.8430   1.0430   1.2615   1.4725   1.7260   1.9905   2.2035   2.4220   2.7025   2.9815   3.2120   3.4460   3.6815   3.9190   4.1555   4.3945   4.6765   4.9770   0.0000   0.0000   0.0000;
216:  0.3960   0.6460   0.8420   1.0410   1.2595   1.4710   1.7250   1.9900   2.2035   2.4220   2.7025   2.9815   3.2125   3.4465   3.6810   3.9175   4.1540   4.3945   4.6785   4.9755   0.0000   0.0000   0.0000;
217:  0.3955   0.6450   0.8405   1.0385   1.2570   1.4695   1.7245   1.9895   2.2030   2.4220   2.7025   2.9820   3.2130   3.4465   3.6810   3.9165   4.1525   4.3940   4.6800   4.9735   0.0000   0.0000   0.0000;
218:  0.3950   0.6440   0.8390   1.0365   1.2550   1.4680   1.7235   1.9885   2.2020   2.4215   2.7025   2.9825   3.2135   3.4465   3.6810   3.9160   4.1520   4.3945   4.6825   4.9725   0.0000   0.0000   0.0000;
219:  0.3945   0.6430   0.8380   1.0350   1.2525   1.4660   1.7230   1.9880   2.2010   2.4215   2.7030   2.9830   3.2135   3.4460   3.6810   3.9155   4.1515   4.3945   4.6845   4.9720   0.0000   0.0000   0.0000;
220:  0.3945   0.6420   0.8365   1.0330   1.2505   1.4645   1.7220   1.9870   2.2005   2.4215   2.7030   2.9830   3.2140   3.4465   3.6805   3.9155   4.1515   4.3940   0.0000   0.0000   0.0000   0.0000   0.0000;
221:  0.3935   0.6400   0.8345   1.0310   1.2485   1.4630   1.7210   1.9860   2.1995   2.4210   2.7030   2.9835   3.2145   3.4465   3.6810   3.9160   4.1515   4.3945   0.0000   0.0000   0.0000   0.0000   0.0000;
222:  0.3930   0.6390   0.8330   1.0285   1.2460   1.4615   1.7200   1.9855   2.1995   2.4210   2.7025   2.9835   3.2150   3.4470   3.6815   3.9165   4.1515   4.3950   0.0000   0.0000   0.0000   0.0000   0.0000;
223:  0.3920   0.6380   0.8315   1.0265   1.2435   1.4595   1.7190   1.9845   2.1990   2.4210   2.7025   2.9840   3.2155   3.4470   3.6815   3.9165   4.1505   4.3950   0.0000   0.0000   0.0000   0.0000   0.0000;
224:  0.3910   0.6365   0.8300   1.0245   1.2415   1.4575   1.7175   1.9840   2.1990   2.4210   2.7025   2.9845   3.2160   3.4475   3.6815   3.9165   4.1505   4.3955   0.0000   0.0000   0.0000   0.0000   0.0000;
225:  0.3905   0.6350   0.8280   1.0220   1.2385   1.4555   1.7165   1.9835   2.1985   2.4205   2.7030   2.9855   3.2165   3.4480   3.6820   3.9170   4.1510   4.3960   0.0000   0.0000   0.0000   0.0000   0.0000;
226:  0.3900   0.6340   0.8265   1.0200   1.2365   1.4540   1.7150   1.9820   2.1980   2.4205   2.7030   2.9855   3.2165   3.4480   3.6810   3.9165   4.1510   4.3965   0.0000   0.0000   0.0000   0.0000   0.0000;
227:  0.3890   0.6325   0.8250   1.0175   1.2340   1.4525   1.7140   1.9815   2.1975   2.4200   2.7030   2.9860   3.2165   3.4480   3.6810   3.9170   4.1515   4.3965   0.0000   0.0000   0.0000   0.0000   0.0000;
228:  0.3885   0.6310   0.8230   1.0155   1.2320   1.4505   1.7125   1.9810   2.1975   2.4195   2.7025   2.9860   3.2160   3.4475   3.6800   3.9165   4.1520   4.3975   0.0000   0.0000   0.0000   0.0000   0.0000;
229:  0.3875   0.6295   0.8215   1.0135   1.2305   1.4490   1.7110   1.9805   2.1975   2.4190   2.7025   2.9870   3.2165   3.4475   3.6795   3.9170   4.1530   4.3985   0.0000   0.0000   0.0000   0.0000   0.0000;
230:  0.3870   0.6285   0.8200   1.0110   1.2280   1.4475   1.7100   1.9800   2.1970   2.4180   2.7025   2.9880   3.2170   3.4475   3.6790   3.9175   4.1540   4.3995   0.0000   0.0000   0.0000   0.0000   0.0000;
231:  0.3860   0.6265   0.8180   1.0090   1.2260   1.4455   1.7085   1.9795   2.1970   2.4180   2.7025   2.9880   3.2170   3.4480   3.6790   3.9180   4.1550   4.4010   0.0000   0.0000   0.0000   0.0000   0.0000;
232:  0.3855   0.6255   0.8165   1.0065   1.2235   1.4440   1.7075   1.9790   2.1965   2.4170   2.7025   2.9885   3.2170   3.4485   3.6790   3.9190   4.1570   4.4030   0.0000   0.0000   0.0000   0.0000   0.0000;
233:  0.3840   0.6235   0.8145   1.0045   1.2215   1.4420   1.7060   1.9780   2.1960   2.4170   2.7025   2.9885   3.2165   3.4480   3.6785   3.9195   4.1585   4.4045   0.0000   0.0000   0.0000   0.0000   0.0000;
234:  0.3835   0.6220   0.8125   1.0025   1.2195   1.4405   1.7055   1.9780   2.1960   2.4165   2.7020   2.9885   3.2165   3.4480   3.6785   3.9205   4.1605   4.4065   0.0000   0.0000   0.0000   0.0000   0.0000;
235:  0.3825   0.6205   0.8110   1.0000   1.2175   1.4395   1.7045   1.9770   2.1950   2.4155   2.7020   2.9890   3.2160   3.4475   3.6785   3.9220   4.1635   4.4095   0.0000   0.0000   0.0000   0.0000   0.0000;
236:  0.3815   0.6185   0.8090   0.9980   1.2155   1.4375   1.7030   1.9765   2.1950   2.4155   2.7020   2.9885   3.2155   3.4475   3.6785   3.9245   4.1675   4.4115   0.0000   0.0000   0.0000   0.0000   0.0000;
237:  0.3805   0.6175   0.8075   0.9955   1.2130   1.4360   1.7025   1.9760   2.1945   2.4150   2.7015   2.9885   3.2150   3.4470   3.6785   3.9270   4.1715   4.4140   0.0000   0.0000   0.0000   0.0000   0.0000;
238:  0.3795   0.6155   0.8055   0.9935   1.2115   1.4350   1.7015   1.9755   2.1945   2.4150   2.7020   2.9890   3.2150   3.4470   3.6785   3.9300   4.1755   4.4160   0.0000   0.0000   0.0000   0.0000   0.0000;
239:  0.3790   0.6145   0.8045   0.9920   1.2095   1.4335   1.7010   1.9755   2.1940   2.4145   2.7020   2.9895   3.2150   3.4465   3.6785   3.9325   4.1795   4.4180   0.0000   0.0000   0.0000   0.0000   0.0000;
240:  0.3775   0.6125   0.8025   0.9900   1.2075   1.4320   1.7005   1.9750   2.1935   2.4145   2.7020   2.9895   3.2150   3.4470   3.6790   3.9350   4.1830   4.4190   0.0000   0.0000   0.0000   0.0000   0.0000;
241:  0.3770   0.6110   0.8005   0.9880   1.2060   1.4305   1.6990   1.9745   2.1935   2.4145   2.7020   2.9895   3.2150   3.4470   3.6790   3.9375   4.1870   4.4200   0.0000   0.0000   0.0000   0.0000   0.0000;
242:  0.3760   0.6095   0.7990   0.9865   1.2045   1.4295   1.6990   1.9745   2.1935   2.4145   2.7020   2.9900   3.2150   3.4475   3.6805   3.9405   4.1905   4.4205   0.0000   0.0000   0.0000   0.0000   0.0000;
243:  0.3750   0.6080   0.7975   0.9850   1.2025   1.4280   1.6985   1.9745   2.1935   2.4150   2.7025   2.9905   3.2155   3.4480   3.6815   3.9435   4.1940   4.4205   0.0000   0.0000   0.0000   0.0000   0.0000;
244:  0.3740   0.6060   0.7955   0.9830   1.2010   1.4270   1.6980   1.9740   2.1930   2.4150   2.7030   2.9915   3.2160   3.4490   3.6835   3.9470   4.1970   4.4205   0.0000   0.0000   0.0000   0.0000   0.0000;
245:  0.3735   0.6050   0.7940   0.9810   1.1995   1.4260   1.6975   1.9740   2.1930   2.4155   2.7035   2.9915   3.2165   3.4505   3.6865   3.9510   4.1995   4.4200   0.0000   0.0000   0.0000   0.0000   0.0000;
246:  0.3720   0.6030   0.7925   0.9800   1.1980   1.4245   1.6970   1.9740   2.1930   2.4160   2.7040   2.9920   3.2175   3.4525   3.6895   3.9545   4.2020   4.4190   0.0000   0.0000   0.0000   0.0000   0.0000;
247:  0.3715   0.6020   0.7915   0.9790   1.1970   1.4235   1.6965   1.9735   2.1925   2.4170   2.7050   2.9925   3.2185   3.4545   3.6930   3.9585   4.2040   4.4180   0.0000   0.0000   0.0000   0.0000   0.0000;
248:  0.3705   0.6005   0.7895   0.9770   1.1950   1.4220   1.6960   1.9735   2.1925   2.4175   2.7055   2.9930   3.2190   3.4565   3.6965   3.9620   4.2060   4.4165   0.0000   0.0000   0.0000   0.0000   0.0000;
249:  0.3695   0.5990   0.7885   0.9760   1.1940   1.4215   1.6960   1.9735   2.1930   2.4190   2.7065   2.9935   3.2200   3.4585   3.7000   3.9655   4.2075   4.4150   0.0000   0.0000   0.0000   0.0000   0.0000;
250:  0.3685   0.5975   0.7865   0.9745   1.1930   1.4205   1.6955   1.9735   2.1930   2.4195   2.7065   2.9935   3.2210   3.4610   3.7035   3.9685   4.2085   0.0000   0.0000   0.0000   0.0000   0.0000   0.0000;
251:  0.3680   0.5965   0.7850   0.9730   1.1920   1.4200   1.6955   1.9735   2.1935   2.4210   2.7075   2.9940   3.2220   3.4635   3.7070   3.9715   4.2095   0.0000   0.0000   0.0000   0.0000   0.0000   0.0000;
252:  0.3670   0.5950   0.7835   0.9720   1.1910   1.4190   1.6950   1.9735   2.1935   2.4215   2.7080   2.9945   3.2235   3.4665   3.7105   3.9735   4.2095   0.0000   0.0000   0.0000   0.0000   0.0000   0.0000;
253:  0.3660   0.5935   0.7820   0.9700   1.1900   1.4190   1.6950   1.9735   2.1935   2.4225   2.7090   2.9955   3.2260   3.4705   3.7145   3.9760   4.2095   0.0000   0.0000   0.0000   0.0000   0.0000   0.0000;
254:  0.3650   0.5925   0.7810   0.9690   1.1890   1.4180   1.6945   1.9740   2.1945   2.4240   2.7100   2.9960   3.2280   3.4750   3.7185   3.9775   4.2090   0.0000   0.0000   0.0000   0.0000   0.0000   0.0000;
255:  0.3645   0.5910   0.7795   0.9680   1.1880   1.4175   1.6945   1.9740   2.1950   2.4250   2.7105   2.9970   3.2305   3.4790   3.7225   3.9790   4.2075   0.0000   0.0000   0.0000   0.0000   0.0000   0.0000;
256:  0.3640   0.5900   0.7780   0.9670   1.1880   1.4175   1.6945   1.9745   2.1955   2.4260   2.7115   2.9980   3.2335   3.4835   3.7265   3.9800   4.2065   0.0000   0.0000   0.0000   0.0000   0.0000   0.0000;
257:  0.3630   0.5890   0.7770   0.9660   1.1875   1.4175   1.6945   1.9745   2.1965   2.4275   2.7125   2.9995   3.2365   3.4885   3.7305   3.9805   4.2055   0.0000   0.0000   0.0000   0.0000   0.0000   0.0000;
258:  0.3620   0.5875   0.7755   0.9650   1.1870   1.4175   1.6945   1.9745   2.1970   2.4290   2.7135   3.0005   3.2395   3.4925   3.7340   3.9810   0.0000   0.0000   0.0000   0.0000   0.0000   0.0000   0.0000;
259:  0.3610   0.5860   0.7745   0.9645   1.1865   1.4170   1.6950   1.9755   2.1980   2.4300   2.7145   3.0020   3.2430   3.4975   3.7375   3.9820   0.0000   0.0000   0.0000   0.0000   0.0000   0.0000   0.0000;
260:  0.3600   0.5850   0.7735   0.9635   1.1860   1.4175   1.6955   1.9760   2.1995   2.4315   2.7155   3.0040   3.2470   3.5025   3.7415   3.9830   0.0000   0.0000   0.0000   0.0000   0.0000   0.0000   0.0000;
261:  0.3595   0.5840   0.7725   0.9625   1.1855   1.4175   1.6960   1.9770   2.2010   2.4335   2.7170   3.0060   3.2515   3.5075   3.7455   3.9845   0.0000   0.0000   0.0000   0.0000   0.0000   0.0000   0.0000;
262:  0.3585   0.5830   0.7720   0.9625   1.1860   1.4180   1.6960   1.9775   2.2020   2.4345   2.7180   3.0080   3.2555   3.5120   3.7495   3.9860   0.0000   0.0000   0.0000   0.0000   0.0000   0.0000   0.0000;
263:  0.3580   0.5820   0.7710   0.9615   1.1855   1.4185   1.6970   1.9785   2.2035   2.4365   2.7200   3.0105   3.2605   3.5175   3.7530   3.9875   0.0000   0.0000   0.0000   0.0000   0.0000   0.0000   0.0000;
264:  0.3570   0.5810   0.7700   0.9610   1.1855   1.4190   1.6980   1.9795   2.2050   2.4380   2.7215   3.0135   3.2655   3.5225   3.7560   3.9890   0.0000   0.0000   0.0000   0.0000   0.0000   0.0000   0.0000;
265:  0.3560   0.5800   0.7695   0.9610   1.1855   1.4190   1.6980   1.9800   2.2065   2.4400   2.7235   3.0160   3.2695   3.5265   3.7585   3.9905   0.0000   0.0000   0.0000   0.0000   0.0000   0.0000   0.0000;
266:  0.3555   0.5790   0.7690   0.9610   1.1855   1.4195   1.6990   1.9815   2.2085   2.4415   2.7250   3.0190   3.2745   3.5310   3.7615   3.9920   0.0000   0.0000   0.0000   0.0000   0.0000   0.0000   0.0000;
267:  0.3550   0.5790   0.7690   0.9610   1.1860   1.4205   1.7000   1.9830   2.2105   2.4435   2.7275   3.0225   3.2790   3.5355   3.7645   3.9935   0.0000   0.0000   0.0000   0.0000   0.0000   0.0000   0.0000;
268:  0.3540   0.5775   0.7680   0.9605   1.1865   1.4215   1.7015   1.9850   2.2125   2.4455   2.7300   3.0260   3.2830   3.5395   3.7675   3.9950   0.0000   0.0000   0.0000   0.0000   0.0000   0.0000   0.0000;
269:  0.3535   0.5775   0.7680   0.9605   1.1865   1.4220   1.7025   1.9860   2.2140   2.4475   2.7325   3.0295   3.2875   3.5440   3.7710   3.9975   0.0000   0.0000   0.0000   0.0000   0.0000   0.0000   0.0000;
270:  0.3530   0.5765   0.7675   0.9605   1.1870   1.4230   1.7035   1.9875   2.2165   2.4500   2.7355   3.0335   3.2920   3.5480   3.7740   3.9995   0.0000   0.0000   0.0000   0.0000   0.0000   0.0000   0.0000;
271:  0.3520   0.5760   0.7675   0.9605   1.1875   1.4240   1.7045   1.9890   2.2185   2.4520   2.7385   3.0370   3.2955   3.5520   3.7770   4.0020   0.0000   0.0000   0.0000   0.0000   0.0000   0.0000   0.0000;
272:  0.3510   0.5750   0.7670   0.9605   1.1875   1.4250   1.7065   1.9910   2.2210   2.4550   2.7415   3.0405   3.3000   3.5560   3.7800   4.0045   0.0000   0.0000   0.0000   0.0000   0.0000   0.0000   0.0000;
273:  0.3505   0.5745   0.7675   0.9615   1.1885   1.4260   1.7075   1.9925   2.2230   2.4575   2.7450   3.0445   3.3040   3.5600   3.7835   4.0075   0.0000   0.0000   0.0000   0.0000   0.0000   0.0000   0.0000;
274:  0.3495   0.5740   0.7675   0.9615   1.1890   1.4270   1.7090   1.9950   2.2260   2.4605   2.7480   3.0480   3.3080   3.5640   3.7870   4.0105   0.0000   0.0000   0.0000   0.0000   0.0000   0.0000   0.0000;
275:  0.3490   0.5735   0.7675   0.9620   1.1900   1.4285   1.7110   1.9970   2.2280   2.4635   2.7520   3.0520   3.3110   3.5665   3.7900   4.0135   0.0000   0.0000   0.0000   0.0000   0.0000   0.0000   0.0000;
276:  0.3485   0.5735   0.7680   0.9625   1.1905   1.4300   1.7130   1.9990   2.2305   2.4665   2.7550   3.0550   3.3140   3.5705   3.7940   4.0165   0.0000   0.0000   0.0000   0.0000   0.0000   0.0000   0.0000;
277:  0.3480   0.5730   0.7685   0.9635   1.1915   1.4310   1.7145   2.0015   2.2335   2.4695   2.7585   3.0590   3.3170   3.5735   3.7980   4.0205   0.0000   0.0000   0.0000   0.0000   0.0000   0.0000   0.0000;
278:  0.3470   0.5725   0.7685   0.9635   1.1925   1.4330   1.7170   2.0040   2.2355   2.4725   2.7620   3.0620   3.3195   3.5770   3.8025   4.0245   0.0000   0.0000   0.0000   0.0000   0.0000   0.0000   0.0000;
279:  0.3465   0.5720   0.7690   0.9645   1.1935   1.4345   1.7190   2.0065   2.2385   2.4755   2.7650   3.0655   3.3225   3.5810   3.8080   4.0295   0.0000   0.0000   0.0000   0.0000   0.0000   0.0000   0.0000;
280:  0.3460   0.5725   0.7705   0.9660   1.1950   1.4365   1.7215   2.0095   2.2410   2.4785   2.7695   3.0695   3.3250   3.5840   3.8120   4.0340   0.0000   0.0000   0.0000   0.0000   0.0000   0.0000   0.0000;
281:  0.3450   0.5720   0.7710   0.9665   1.1960   1.4390   1.7240   2.0120   2.2440   2.4820   2.7735   3.0735   3.3275   3.5870   3.8165   4.0390   0.0000   0.0000   0.0000   0.0000   0.0000   0.0000   0.0000;
282:  0.3450   0.5725   0.7725   0.9680   1.1975   1.4410   1.7265   2.0145   2.2465   2.4850   2.7765   3.0765   3.3300   3.5905   3.8215   4.0450   4.2535   4.3975   0.0000   0.0000   0.0000   0.0000   0.0000;
283:  0.3440   0.5720   0.7735   0.9695   1.1990   1.4430   1.7285   2.0170   2.2495   2.4885   2.7810   3.0810   3.3325   3.5930   3.8260   4.0510   4.2600   4.4020   0.0000   0.0000   0.0000   0.0000   0.0000;
284:  0.3440   0.5725   0.7750   0.9715   1.2010   1.4450   1.7310   2.0205   2.2530   2.4920   2.7850   3.0845   3.3355   3.5970   3.8310   4.0570   4.2670   4.4070   0.0000   0.0000   0.0000   0.0000   0.0000;
285:  0.3435   0.5725   0.7760   0.9730   1.2025   1.4475   1.7340   2.0235   2.2560   2.4955   2.7895   3.0890   3.3390   3.6005   3.8355   4.0630   4.2740   4.4125   0.0000   0.0000   0.0000   0.0000   0.0000;
286:  0.3435   0.5730   0.7775   0.9745   1.2040   1.4500   1.7370   2.0265   2.2590   2.4990   2.7940   3.0935   3.3425   3.6040   3.8400   4.0695   4.2815   4.4185   0.0000   0.0000   0.0000   0.0000   0.0000;
287:  0.3425   0.5730   0.7790   0.9760   1.2055   1.4520   1.7395   2.0295   2.2625   2.5025   2.7980   3.0975   3.3455   3.6075   3.8450   4.0760   4.2895   4.4260   0.0000   0.0000   0.0000   0.0000   0.0000;
288:  0.3425   0.5735   0.7810   0.9780   1.2075   1.4545   1.7420   2.0330   2.2660   2.5065   2.8025   3.1015   3.3490   3.6105   3.8490   4.0820   4.2975   4.4335   0.0000   0.0000   0.0000   0.0000   0.0000;
289:  0.3420   0.5740   0.7825   0.9800   1.2095   1.4570   1.7450   2.0360   2.2690   2.5100   2.8070   3.1065   3.3530   3.6135   3.8535   4.0885   4.3055   4.4415   0.0000   0.0000   0.0000   0.0000   0.0000;
290:  0.3425   0.5755   0.7845   0.9815   1.2115   1.4600   1.7480   2.0395   2.2725   2.5135   2.8115   3.1110   3.3565   3.6170   3.8580   4.0945   4.3135   4.4490   0.0000   0.0000   0.0000   0.0000   0.0000;
291:  0.3425   0.5760   0.7865   0.9840   1.2135   1.4620   1.7510   2.0430   2.2760   2.5175   2.8165   3.1160   3.3600   3.6200   3.8620   4.1005   4.3215   4.4570   0.0000   0.0000   0.0000   0.0000   0.0000;
292:  0.3420   0.5765   0.7880   0.9855   1.2155   1.4645   1.7535   2.0465   2.2795   2.5215   2.8220   3.1215   3.3640   3.6235   3.8670   4.1070   4.3300   4.4655   0.0000   0.0000   0.0000   0.0000   0.0000;
293:  0.3425   0.5775   0.7895   0.9875   1.2180   1.4675   1.7565   2.0495   2.2830   2.5255   2.8265   3.1265   3.3680   3.6265   3.8715   4.1135   4.3380   4.4740   0.0000   0.0000   0.0000   0.0000   0.0000;
294:  0.3425   0.5780   0.7910   0.9895   1.2200   1.4700   1.7595   2.0530   2.2870   2.5295   2.8320   3.1320   3.3720   3.6300   3.8760   4.1195   4.3460   4.4820   0.0000   0.0000   0.0000   0.0000   0.0000;
295:  0.3425   0.5795   0.7925   0.9910   1.2225   1.4725   1.7625   2.0570   2.2910   2.5340   2.8370   3.1370   3.3770   3.6345   3.8805   4.1255   4.3540   4.4900   0.0000   0.0000   0.0000   0.0000   0.0000;
296:  0.3430   0.5805   0.7940   0.9930   1.2250   1.4755   1.7655   2.0605   2.2950   2.5380   2.8420   3.1420   3.3815   3.6385   3.8850   4.1320   4.3620   4.4970   0.0000   0.0000   0.0000   0.0000   0.0000;
297:  0.3430   0.5815   0.7950   0.9945   1.2275   1.4785   1.7690   2.0640   2.2985   2.5425   2.8470   3.1470   3.3865   3.6425   3.8895   4.1375   4.3690   0.0000   0.0000   0.0000   0.0000   0.0000   0.0000;
298:  0.3430   0.5825   0.7965   0.9960   1.2295   1.4810   1.7720   2.0675   2.3025   2.5465   2.8520   3.1525   3.3920   3.6475   3.8950   4.1430   4.3755   0.0000   0.0000   0.0000   0.0000   0.0000   0.0000;
299:  0.3440   0.5840   0.7975   0.9980   1.2325   1.4840   1.7755   2.0715   2.3065   2.5510   2.8570   3.1580   3.3975   3.6520   3.9010   4.1485   4.3815   0.0000   0.0000   0.0000   0.0000   0.0000   0.0000;
300:  0.3440   0.5850   0.7985   0.9995   1.2350   1.4870   1.7790   2.0760   2.3115   2.5555   2.8620   3.1635   3.4025   3.6570   3.9075   4.1540   4.3875   0.0000   0.0000   0.0000   0.0000   0.0000   0.0000;
301:  0.3445   0.5865   0.8000   1.0015   1.2375   1.4900   1.7830   2.0800   2.3155   2.5600   2.8670   3.1685   3.4080   3.6625   3.9145   4.1590   0.0000   0.0000   0.0000   0.0000   0.0000   0.0000   0.0000;
302:  0.3450   0.5875   0.8010   1.0035   1.2405   1.4930   1.7865   2.0840   2.3195   2.5640   2.8720   3.1740   3.4130   3.6680   3.9225   4.1650   0.0000   0.0000   0.0000   0.0000   0.0000   0.0000   0.0000;
303:  0.3460   0.5890   0.8015   1.0050   1.2435   1.4965   1.7905   2.0885   2.3245   2.5685   2.8770   3.1800   3.4185   3.6735   3.9305   4.1705   0.0000   0.0000   0.0000   0.0000   0.0000   0.0000   0.0000;
304:  0.3465   0.5910   0.8030   1.0065   1.2460   1.4995   1.7945   2.0930   2.3285   2.5725   2.8820   3.1855   3.4240   3.6795   3.9385   4.1765   0.0000   0.0000   0.0000   0.0000   0.0000   0.0000   0.0000;
305:  0.3470   0.5920   0.8035   1.0080   1.2490   1.5030   1.7985   2.0975   2.3335   2.5770   2.8870   3.1910   3.4290   3.6850   3.9470   4.1830   0.0000   0.0000   0.0000   0.0000   0.0000   0.0000   0.0000;
306:  0.3480   0.5935   0.8045   1.0100   1.2520   1.5065   1.8025   2.1015   2.3380   2.5815   2.8920   3.1970   3.4355   3.6920   3.9560   4.1910   0.0000   0.0000   0.0000   0.0000   0.0000   0.0000   0.0000;
307:  0.3490   0.5950   0.8055   1.0120   1.2550   1.5100   1.8070   2.1065   2.3430   2.5855   2.8970   3.2035   3.4420   3.6985   3.9645   4.1990   0.0000   0.0000   0.0000   0.0000   0.0000   0.0000   0.0000;
308:  0.3490   0.5965   0.8070   1.0140   1.2580   1.5135   1.8110   2.1105   2.3475   2.5900   2.9025   3.2100   3.4490   3.7060   3.9735   4.2070   0.0000   0.0000   0.0000   0.0000   0.0000   0.0000   0.0000;
309:  0.3500   0.5980   0.8075   1.0155   1.2610   1.5165   1.8150   2.1155   2.3525   2.5945   2.9080   3.2165   3.4560   3.7135   3.9830   4.2155   0.0000   0.0000   0.0000   0.0000   0.0000   0.0000   0.0000;
310:  0.3510   0.5995   0.8085   1.0175   1.2640   1.5200   1.8190   2.1195   2.3565   2.5980   2.9130   3.2235   3.4635   3.7215   3.9925   4.2245   0.0000   0.0000   0.0000   0.0000   0.0000   0.0000   0.0000;
311:  0.3520   0.6010   0.8095   1.0200   1.2675   1.5235   1.8235   2.1245   2.3615   2.6020   2.9180   3.2300   3.4700   3.7290   4.0020   4.2335   0.0000   0.0000   0.0000   0.0000   0.0000   0.0000   0.0000;
312:  0.3530   0.6025   0.8110   1.0225   1.2705   1.5270   1.8280   2.1290   2.3660   2.6060   2.9230   3.2365   3.4770   3.7370   4.0110   4.2430   0.0000   0.0000   0.0000   0.0000   0.0000   0.0000   0.0000;
313:  0.3540   0.6040   0.8120   1.0245   1.2735   1.5305   1.8320   2.1335   2.3710   2.6105   2.9285   3.2430   3.4835   3.7450   4.0205   4.2525   0.0000   0.0000   0.0000   0.0000   0.0000   0.0000   0.0000;
314:  0.3545   0.6055   0.8135   1.0265   1.2760   1.5340   1.8365   2.1380   2.3755   2.6145   2.9335   3.2495   3.4900   3.7525   4.0290   4.2615   0.0000   0.0000   0.0000   0.0000   0.0000   0.0000   0.0000;
315:  0.3555   0.6070   0.8145   1.0285   1.2790   1.5370   1.8400   2.1420   2.3795   2.6180   2.9380   3.2560   3.4965   3.7600   4.0390   4.2725   0.0000   0.0000   0.0000   0.0000   0.0000   0.0000   0.0000;
316:  0.3565   0.6085   0.8160   1.0310   1.2825   1.5410   1.8445   2.1470   2.3845   2.6220   2.9430   3.2625   3.5035   3.7685   4.0490   4.2840   0.0000   0.0000   0.0000   0.0000   0.0000   0.0000   0.0000;
317:  0.3575   0.6105   0.8180   1.0335   1.2855   1.5445   1.8485   2.1510   2.3890   2.6255   2.9470   3.2685   3.5100   3.7760   4.0580   4.2955   0.0000   0.0000   0.0000   0.0000   0.0000   0.0000   0.0000;
318:  0.3585   0.6120   0.8195   1.0360   1.2890   1.5480   1.8520   2.1550   2.3935   2.6295   2.9515   3.2745   3.5165   3.7845   4.0675   4.3075   0.0000   0.0000   0.0000   0.0000   0.0000   0.0000   0.0000;
319:  0.3595   0.6135   0.8210   1.0385   1.2925   1.5520   1.8565   2.1595   2.3980   2.6330   2.9555   3.2805   3.5230   3.7925   4.0765   4.3195   0.0000   0.0000   0.0000   0.0000   0.0000   0.0000   0.0000;
320:  0.3605   0.6150   0.8225   1.0410   1.2955   1.5555   1.8605   2.1635   2.4020   2.6360   2.9585   3.2860   3.5295   3.8000   4.0855   4.3320   0.0000   0.0000   0.0000   0.0000   0.0000   0.0000   0.0000;
321:  0.3610   0.6160   0.8245   1.0440   1.2990   1.5595   1.8645   2.1675   2.4065   2.6400   2.9620   3.2910   3.5360   3.8080   4.0950   4.3455   0.0000   0.0000   0.0000   0.0000   0.0000   0.0000   0.0000;
322:  0.3620   0.6175   0.8260   1.0465   1.3030   1.5640   1.8680   2.1710   2.4110   2.6440   2.9660   3.2965   3.5430   3.8170   4.1050   4.3590   0.0000   0.0000   0.0000   0.0000   0.0000   0.0000   0.0000;
323:  0.3630   0.6190   0.8280   1.0495   1.3065   1.5680   1.8720   2.1750   2.4150   2.6475   2.9700   3.3020   3.5495   3.8250   4.1145   4.3725   0.0000   0.0000   0.0000   0.0000   0.0000   0.0000   0.0000;
324:  0.3640   0.6205   0.8295   1.0515   1.3095   1.5720   1.8755   2.1790   2.4200   2.6515   2.9735   3.3070   3.5560   3.8330   4.1245   4.3865   0.0000   0.0000   0.0000   0.0000   0.0000   0.0000   0.0000;
325:  0.3645   0.6215   0.8310   1.0540   1.3135   1.5765   1.8795   2.1830   2.4240   2.6555   2.9780   3.3130   3.5630   3.8410   4.1345   4.4010   0.0000   0.0000   0.0000   0.0000   0.0000   0.0000   0.0000;
326:  0.3655   0.6235   0.8335   1.0570   1.3170   1.5805   1.8830   2.1865   2.4280   2.6595   2.9820   3.3175   3.5690   3.8490   4.1445   4.4155   0.0000   0.0000   0.0000   0.0000   0.0000   0.0000   0.0000;
327:  0.3665   0.6250   0.8355   1.0600   1.3210   1.5850   1.8860   2.1900   2.4325   2.6635   2.9860   3.3225   3.5755   3.8565   4.1535   4.4300   0.0000   0.0000   0.0000   0.0000   0.0000   0.0000   0.0000;
328:  0.3670   0.6260   0.8370   1.0620   1.3240   1.5890   1.8895   2.1935   2.4365   2.6675   2.9895   3.3265   3.5815   3.8640   4.1625   4.4450   0.0000   0.0000   0.0000   0.0000   0.0000   0.0000   0.0000;
329:  0.3675   0.6270   0.8390   1.0650   1.3280   1.5940   1.8935   2.1975   2.4410   2.6720   2.9940   3.3310   3.5875   3.8715   4.1720   4.4610   0.0000   0.0000   0.0000   0.0000   0.0000   0.0000   0.0000;
330:  0.3685   0.6290   0.8415   1.0675   1.3310   1.5980   1.8965   2.2005   2.4450   2.6765   2.9985   3.3360   3.5940   3.8785   4.1800   4.4755   0.0000   0.0000   0.0000   0.0000   0.0000   0.0000   0.0000;
331:  0.3690   0.6300   0.8430   1.0700   1.3350   1.6025   1.9000   2.2045   2.4495   2.6815   3.0035   3.3405   3.5995   3.8850   4.1890   4.4910   0.0000   0.0000   0.0000   0.0000   0.0000   0.0000   0.0000;
332:  0.3695   0.6310   0.8450   1.0725   1.3380   1.6065   1.9030   2.2075   2.4530   2.6860   3.0080   3.3445   3.6055   3.8920   4.1970   4.5055   0.0000   0.0000   0.0000   0.0000   0.0000   0.0000   0.0000;
333:  0.3705   0.6330   0.8470   1.0745   1.3410   1.6105   1.9060   2.2105   2.4565   2.6905   3.0125   3.3480   3.6105   3.8985   4.2050   4.5200   0.0000   0.0000   0.0000   0.0000   0.0000   0.0000   0.0000;
334:  0.3710   0.6340   0.8490   1.0775   1.3445   1.6140   1.9085   2.2140   2.4605   2.6955   3.0175   3.3520   3.6160   3.9050   4.2125   4.5340   0.0000   0.0000   0.0000   0.0000   0.0000   0.0000   0.0000;
335:  0.3715   0.6350   0.8505   1.0795   1.3475   1.6180   1.9115   2.2165   2.4630   2.6995   3.0220   3.3550   3.6205   3.9110   4.2190   4.5470   0.0000   0.0000   0.0000   0.0000   0.0000   0.0000   0.0000;
336:  0.3720   0.6365   0.8525   1.0815   1.3500   1.6210   1.9140   2.2195   2.4665   2.7045   3.0270   3.3585   3.6250   3.9170   4.2255   4.5590   0.0000   0.0000   0.0000   0.0000   0.0000   0.0000   0.0000;
337:  0.3725   0.6380   0.8550   1.0845   1.3535   1.6245   1.9165   2.2220   2.4690   2.7080   3.0310   3.3615   3.6285   3.9220   4.2315   4.5710   0.0000   0.0000   0.0000   0.0000   0.0000   0.0000   0.0000;
338:  0.3730   0.6390   0.8570   1.0875   1.3565   1.6270   1.9190   2.2250   2.4715   2.7120   3.0350   3.3635   3.6315   3.9265   4.2375   4.5830   0.0000   0.0000   0.0000   0.0000   0.0000   0.0000   0.0000;
339:  0.3735   0.6405   0.8590   1.0895   1.3590   1.6300   1.9210   2.2270   2.4740   2.7150   3.0380   3.3655   3.6350   3.9310   4.2425   4.5940   0.0000   0.0000   0.0000   0.0000   0.0000   0.0000   0.0000;
340:  0.3740   0.6415   0.8605   1.0920   1.3615   1.6320   1.9235   2.2295   2.4755   2.7170   3.0405   3.3675   3.6375   3.9345   4.2485   4.6050   0.0000   0.0000   0.0000   0.0000   0.0000   0.0000   0.0000;
341:  0.3745   0.6430   0.8630   1.0945   1.3640   1.6345   1.9255   2.2315   2.4775   2.7190   3.0425   3.3690   3.6390   3.9365   4.2530   4.6145   0.0000   0.0000   0.0000   0.0000   0.0000   0.0000   0.0000;
342:  0.3750   0.6440   0.8645   1.0970   1.3665   1.6365   1.9275   2.2330   2.4785   2.7200   3.0440   3.3700   3.6400   3.9380   4.2570   4.6235   0.0000   0.0000   0.0000   0.0000   0.0000   0.0000   0.0000;
343:  0.3755   0.6455   0.8665   1.0995   1.3690   1.6385   1.9295   2.2345   2.4795   2.7205   3.0440   3.3700   3.6405   3.9395   4.2605   4.6310   0.0000   0.0000   0.0000   0.0000   0.0000   0.0000   0.0000;
344:  0.3755   0.6460   0.8680   1.1020   1.3710   1.6400   1.9315   2.2355   2.4800   2.7210   3.0440   3.3705   3.6420   3.9410   4.2640   4.6380   4.9175   0.0000   0.0000   0.0000   0.0000   0.0000   0.0000;
345:  0.3760   0.6475   0.8700   1.1040   1.3730   1.6415   1.9330   2.2365   2.4805   2.7210   3.0435   3.3700   3.6415   3.9410   4.2665   4.6430   4.9230   0.0000   0.0000   0.0000   0.0000   0.0000   0.0000;
346:  0.3765   0.6485   0.8715   1.1065   1.3750   1.6430   1.9350   2.2375   2.4805   2.7200   3.0425   3.3695   3.6410   3.9415   4.2700   4.6480   4.9280   0.0000   0.0000   0.0000   0.0000   0.0000   0.0000;
347:  0.3770   0.6500   0.8735   1.1085   1.3770   1.6445   1.9365   2.2380   2.4805   2.7190   3.0410   3.3690   3.6410   3.9420   4.2725   4.6510   4.9305   0.0000   0.0000   0.0000   0.0000   0.0000   0.0000;
348:  0.3770   0.6505   0.8745   1.1105   1.3790   1.6455   1.9385   2.2390   2.4800   2.7175   3.0395   3.3685   3.6405   3.9415   4.2740   4.6530   4.9320   0.0000   0.0000   0.0000   0.0000   0.0000   0.0000;
349:  0.3775   0.6515   0.8760   1.1125   1.3805   1.6460   1.9395   2.2395   2.4790   2.7155   3.0380   3.3680   3.6400   3.9410   4.2750   4.6540   4.9320   0.0000   0.0000   0.0000   0.0000   0.0000   0.0000;
350:  0.3780   0.6525   0.8770   1.1145   1.3825   1.6470   1.9410   2.2400   2.4785   2.7135   3.0355   3.3665   3.6390   3.9400   4.2755   4.6545   4.9310   0.0000   0.0000   0.0000   0.0000   0.0000   0.0000;
351:  0.3785   0.6540   0.8790   1.1165   1.3840   1.6475   1.9420   2.2405   2.4775   2.7110   3.0330   3.3650   3.6385   3.9390   4.2755   4.6540   4.9285   0.0000   0.0000   0.0000   0.0000   0.0000   0.0000;
352:  0.3785   0.6545   0.8800   1.1175   1.3850   1.6480   1.9425   2.2405   2.4765   2.7085   3.0305   3.3630   3.6370   3.9370   4.2740   4.6515   4.9240   0.0000   0.0000   0.0000   0.0000   0.0000   0.0000;
353:  0.3790   0.6555   0.8810   1.1190   1.3865   1.6490   1.9440   2.2410   2.4755   2.7060   3.0280   3.3615   3.6360   3.9355   4.2725   4.6475   4.9180   0.0000   0.0000   0.0000   0.0000   0.0000   0.0000;
354:  0.3795   0.6565   0.8825   1.1210   1.3875   1.6490   1.9445   2.2405   2.4740   2.7035   3.0255   3.3600   3.6350   3.9335   4.2695   4.6420   4.9110   0.0000   0.0000   0.0000   0.0000   0.0000   0.0000;
355:  0.3795   0.6570   0.8835   1.1220   1.3885   1.6495   1.9450   2.2405   2.4725   2.7010   3.0230   3.3580   3.6330   3.9310   4.2660   4.6350   4.9030   0.0000   0.0000   0.0000   0.0000   0.0000   0.0000;
356:  0.3800   0.6580   0.8845   1.1230   1.3890   1.6500   1.9460   2.2405   2.4710   2.6990   3.0205   3.3550   3.6305   3.9280   4.2610   4.6260   4.8940   0.0000   0.0000   0.0000   0.0000   0.0000   0.0000;
357:  0.3800   0.6585   0.8850   1.1240   1.3900   1.6500   1.9460   2.2395   2.4695   2.6975   3.0180   3.3525   3.6275   3.9240   4.2555   4.6155   4.8830   0.0000   0.0000   0.0000   0.0000   0.0000   0.0000;
358:  0.3805   0.6595   0.8860   1.1245   1.3900   1.6495   1.9455   2.2390   2.4680   2.6960   3.0165   3.3500   3.6235   3.9195   4.2495   4.6045   4.8720   0.0000   0.0000   0.0000   0.0000   0.0000   0.0000;
359:  0.3805   0.6600   0.8865   1.1250   1.3905   1.6495   1.9455   2.2380   2.4660   2.6945   3.0140   3.3460   3.6185   3.9140   4.2420   4.5920   4.8600   0.0000   0.0000   0.0000   0.0000   0.0000   0.0000;
#AFTER_DB_V3;
000:  0.2090   0.5530   0.7690   1.0060   1.2450   1.5360   1.7630   2.1280   2.3470   2.5820   2.8040   3.2200   3.4660   3.7620   4.0550   4.4130   4.7450   4.9500   0.0000   0.0000   0.0000   0.0000   0.0000;
001:  0.2090   0.5530   0.7690   1.0070   1.2460   1.5360   1.7620   2.1270   2.3460   2.5800   2.8040   3.2170   3.4630   3.7560   4.0510   4.4010   4.7300   4.9400   0.0000   0.0000   0.0000   0.0000   0.0000;
002:  0.2090   0.5540   0.7700   1.0070   1.2460   1.5350   1.7620   2.1260   2.3440   2.5780   2.8030   3.2130   3.4600   3.7490   4.0450   4.3900   4.7130   4.9290   0.0000   0.0000   0.0000   0.0000   0.0000;
003:  0.2090   0.5540   0.7710   1.0080   1.2460   1.5350   1.7610   2.1250   2.3430   2.5760   2.8020   3.2080   3.4570   3.7420   4.0380   4.3790   4.6950   4.9170   0.0000   0.0000   0.0000   0.0000   0.0000;
004:  0.2090   0.5540   0.7710   1.0080   1.2470   1.5340   1.7610   2.1230   2.3420   2.5740   2.8000   3.2040   3.4530   3.7350   4.0310   4.3670   4.6760   4.9050   0.0000   0.0000   0.0000   0.0000   0.0000;
005:  0.2080   0.5550   0.7710   1.0090   1.2470   1.5340   1.7600   2.1220   2.3400   2.5720   2.7980   3.2000   3.4500   3.7290   4.0240   4.3550   4.6580   4.8930   0.0000   0.0000   0.0000   0.0000   0.0000;
006:  0.2080   0.5550   0.7720   1.0090   1.2470   1.5330   1.7600   2.1200   2.3380   2.5690   2.7960   3.1960   3.4460   3.7210   4.0160   4.3430   4.6400   4.8800   0.0000   0.0000   0.0000   0.0000   0.0000;
007:  0.2080   0.5550   0.7720   1.0100   1.2460   1.5310   1.7580   2.1170   2.3370   2.5670   2.7950   3.1910   3.4420   3.7150   4.0070   4.3310   4.6210   4.8650   0.0000   0.0000   0.0000   0.0000   0.0000;
008:  0.2080   0.5550   0.7720   1.0100   1.2460   1.5300   1.7580   2.1150   2.3350   2.5650   2.7920   3.1860   3.4380   3.7090   3.9990   4.3210   4.6020   4.8510   0.0000   0.0000   0.0000   0.0000   0.0000;
009:  0.2080   0.5550   0.7720   1.0100   1.2460   1.5290   1.7560   2.1130   2.3330   2.5630   2.7900   3.1820   3.4330   3.7020   3.9910   4.3100   4.5830   4.8350   0.0000   0.0000   0.0000   0.0000   0.0000;
010:  0.2080   0.5550   0.7730   1.0100   1.2450   1.5270   1.7550   2.1100   2.3300   2.5600   2.7880   3.1770   3.4290   3.6960   3.9820   4.3000   4.5630   4.8180   0.0000   0.0000   0.0000   0.0000   0.0000;
011:  0.2070   0.5550   0.7730   1.0100   1.2440   1.5250   1.7530   2.1070   2.3280   2.5580   2.7850   3.1730   3.4250   3.6900   3.9750   4.2890   4.5450   4.8020   0.0000   0.0000   0.0000   0.0000   0.0000;
012:  0.2070   0.5550   0.7730   1.0100   1.2430   1.5240   1.7520   2.1040   2.3250   2.5560   2.7820   3.1680   3.4200   3.6830   3.9670   4.2770   4.5270   4.7850   0.0000   0.0000   0.0000   0.0000   0.0000;
013:  0.2070   0.5550   0.7720   1.0100   1.2420   1.5210   1.7500   2.1010   2.3220   2.5540   2.7790   3.1640   3.4150   3.6780   3.9580   4.2650   4.5100   4.7670   0.0000   0.0000   0.0000   0.0000   0.0000;
014:  0.2070   0.5550   0.7720   1.0090   1.2410   1.5190   1.7470   2.0980   2.3190   2.5510   2.7760   3.1600   3.4100   3.6720   3.9490   4.2540   4.4930   4.7500   0.0000   0.0000   0.0000   0.0000   0.0000;
015:  0.2070   0.5550   0.7720   1.0090   1.2400   1.5170   1.7450   2.0950   2.3160   2.5490   2.7740   3.1560   3.4040   3.6670   3.9400   4.2430   4.4750   4.7330   0.0000   0.0000   0.0000   0.0000   0.0000;
016:  0.2060   0.5550   0.7720   1.0090   1.2380   1.5150   1.7430   2.0930   2.3130   2.5460   2.7710   3.1510   3.3990   3.6630   3.9310   4.2320   4.4570   4.7160   0.0000   0.0000   0.0000   0.0000   0.0000;
017:  0.2060   0.5540   0.7710   1.0080   1.2370   1.5120   1.7400   2.0900   2.3100   2.5440   2.7670   3.1470   3.3930   3.6580   3.9210   4.2200   4.4400   4.7000   0.0000   0.0000   0.0000   0.0000   0.0000;
018:  0.2060   0.5540   0.7710   1.0070   1.2350   1.5090   1.7370   2.0870   2.3070   2.5410   2.7650   3.1420   3.3870   3.6530   3.9110   4.2080   4.4220   4.6840   0.0000   0.0000   0.0000   0.0000   0.0000;
019:  0.2060   0.5540   0.7710   1.0060   1.2330   1.5060   1.7340   2.0840   2.3040   2.5380   2.7620   3.1380   3.3800   3.6470   3.9000   4.1950   4.4040   4.6690   0.0000   0.0000   0.0000   0.0000   0.0000;
020:  0.2050   0.5530   0.7700   1.0050   1.2310   1.5030   1.7310   2.0800   2.3000   2.5350   2.7590   3.1340   3.3740   3.6420   3.8900   4.1830   4.3840   0.0000   0.0000   0.0000   0.0000   0.0000   0.0000;
021:  0.2050   0.5530   0.7690   1.0040   1.2290   1.5000   1.7280   2.0770   2.2970   2.5320   2.7560   3.1290   3.3680   3.6350   3.8810   4.1690   4.3660   0.0000   0.0000   0.0000   0.0000   0.0000   0.0000;
022:  0.2050   0.5520   0.7690   1.0020   1.2270   1.4970   1.7250   2.0730   2.2940   2.5290   2.7520   3.1250   3.3620   3.6280   3.8710   4.1550   4.3490   0.0000   0.0000   0.0000   0.0000   0.0000   0.0000;
023:  0.2050   0.5520   0.7680   1.0010   1.2250   1.4940   1.7220   2.0700   2.2900   2.5250   2.7490   3.1210   3.3570   3.6210   3.8610   4.1410   4.3330   0.0000   0.0000   0.0000   0.0000   0.0000   0.0000;
024:  0.2040   0.5510   0.7680   0.9990   1.2220   1.4910   1.7180   2.0660   2.2860   2.5220   2.7450   3.1160   3.3510   3.6140   3.8500   4.1270   4.3180   0.0000   0.0000   0.0000   0.0000   0.0000   0.0000;
025:  0.2040   0.5500   0.7670   0.9980   1.2200   1.4870   1.7150   2.0630   2.2820   2.5180   2.7420   3.1100   3.3440   3.6060   3.8400   4.1130   4.3030   0.0000   0.0000   0.0000   0.0000   0.0000   0.0000;
026:  0.2040   0.5500   0.7660   0.9960   1.2180   1.4840   1.7120   2.0590   2.2790   2.5150   2.7380   3.1050   3.3370   3.5990   3.8290   4.0990   4.2890   0.0000   0.0000   0.0000   0.0000   0.0000   0.0000;
027:  0.2040   0.5490   0.7650   0.9940   1.2160   1.4800   1.7090   2.0560   2.2750   2.5110   2.7340   3.1000   3.3300   3.5900   3.8180   4.0840   4.2760   0.0000   0.0000   0.0000   0.0000   0.0000   0.0000;
028:  0.2030   0.5480   0.7650   0.9920   1.2130   1.4770   1.7060   2.0520   2.2710   2.5070   2.7300   3.0950   3.3240   3.5800   3.8070   4.0710   4.2630   0.0000   0.0000   0.0000   0.0000   0.0000   0.0000;
029:  0.2030   0.5470   0.7640   0.9900   1.2110   1.4730   1.7030   2.0490   2.2670   2.5030   2.7260   3.0900   3.3170   3.5710   3.7960   4.0570   4.2520   0.0000   0.0000   0.0000   0.0000   0.0000   0.0000;
030:  0.2030   0.5470   0.7630   0.9880   1.2090   1.4700   1.7000   2.0450   2.2640   2.5000   2.7220   3.0840   3.3100   3.5620   3.7850   4.0440   4.2410   0.0000   0.0000   0.0000   0.0000   0.0000   0.0000;
031:  0.2020   0.5460   0.7620   0.9860   1.2060   1.4660   1.6970   2.0420   2.2600   2.4960   2.7170   3.0780   3.3030   3.5530   3.7740   4.0320   4.2310   0.0000   0.0000   0.0000   0.0000   0.0000   0.0000;
032:  0.2020   0.5450   0.7610   0.9840   1.2040   1.4620   1.6940   2.0390   2.2560   2.4920   2.7120   3.0730   3.2960   3.5450   3.7640   4.0220   4.2220   0.0000   0.0000   0.0000   0.0000   0.0000   0.0000;
033:  0.2020   0.5440   0.7600   0.9820   1.2010   1.4590   1.6910   2.0360   2.2520   2.4880   2.7070   3.0670   3.2880   3.5360   3.7550   4.0120   0.0000   0.0000   0.0000   0.0000   0.0000   0.0000   0.0000;
034:  0.2020   0.5430   0.7590   0.9800   1.1990   1.4560   1.6890   2.0330   2.2480   2.4840   2.7020   3.0610   3.2810   3.5280   3.7450   4.0020   0.0000   0.0000   0.0000   0.0000   0.0000   0.0000   0.0000;
035:  0.2010   0.5420   0.7580   0.9780   1.1960   1.4530   1.6860   2.0300   2.2440   2.4810   2.6970   3.0540   3.2740   3.5200   3.7370   3.9930   0.0000   0.0000   0.0000   0.0000   0.0000   0.0000   0.0000;
036:  0.2010   0.5410   0.7570   0.9760   1.1940   1.4500   1.6840   2.0270   2.2400   2.4770   2.6920   3.0480   3.2670   3.5120   3.7290   3.9840   0.0000   0.0000   0.0000   0.0000   0.0000   0.0000   0.0000;
037:  0.2000   0.5400   0.7560   0.9740   1.1920   1.4470   1.6810   2.0240   2.2370   2.4730   2.6870   3.0420   3.2590   3.5050   3.7210   3.9740   0.0000   0.0000   0.0000   0.0000   0.0000   0.0000   0.0000;
038:  0.2000   0.5390   0.7550   0.9720   1.1890   1.4450   1.6790   2.0210   2.2330   2.4690   2.6820   3.0350   3.2520   3.4990   3.7140   3.9650   0.0000   0.0000   0.0000   0.0000   0.0000   0.0000   0.0000;
039:  0.2000   0.5380   0.7540   0.9700   1.1870   1.4430   1.6760   2.0180   2.2300   2.4660   2.6770   3.0280   3.2450   3.4930   3.7070   3.9560   0.0000   0.0000   0.0000   0.0000   0.0000   0.0000   0.0000;
040:  0.2000   0.5370   0.7530   0.9680   1.1850   1.4400   1.6740   2.0150   2.2260   2.4620   2.6710   3.0210   3.2380   3.4860   3.7020   3.9460   0.0000   0.0000   0.0000   0.0000   0.0000   0.0000   0.0000;
041:  0.1990   0.5360   0.7510   0.9660   1.1830   1.4380   1.6710   2.0120   2.2230   2.4580   2.6660   3.0140   3.2310   3.4800   3.6950   3.9370   0.0000   0.0000   0.0000   0.0000   0.0000   0.0000   0.0000;
042:  0.1990   0.5350   0.7500   0.9640   1.1810   1.4360   1.6690   2.0090   2.2200   2.4540   2.6610   3.0080   3.2240   3.4740   3.6890   3.9280   0.0000   0.0000   0.0000   0.0000   0.0000   0.0000   0.0000;
043:  0.1990   0.5340   0.7490   0.9620   1.1780   1.4350   1.6670   2.0070   2.2160   2.4500   2.6560   3.0020   3.2160   3.4680   3.6830   3.9200   0.0000   0.0000   0.0000   0.0000   0.0000   0.0000   0.0000;
044:  0.1980   0.5330   0.7480   0.9600   1.1760   1.4330   1.6640   2.0040   2.2130   2.4460   2.6510   2.9960   3.2110   3.4630   3.6780   3.9110   0.0000   0.0000   0.0000   0.0000   0.0000   0.0000   0.0000;
045:  0.1980   0.5320   0.7470   0.9580   1.1740   1.4310   1.6620   2.0000   2.2110   2.4410   2.6450   2.9910   3.2060   3.4570   3.6720   3.9040   0.0000   0.0000   0.0000   0.0000   0.0000   0.0000   0.0000;
046:  0.1980   0.5310   0.7450   0.9570   1.1720   1.4300   1.6590   1.9980   2.2080   2.4370   2.6400   2.9850   3.2010   3.4520   3.6660   3.8950   0.0000   0.0000   0.0000   0.0000   0.0000   0.0000   0.0000;
047:  0.1980   0.5290   0.7440   0.9550   1.1690   1.4280   1.6560   1.9950   2.2050   2.4320   2.6350   2.9800   3.1970   3.4470   3.6620   3.8870   0.0000   0.0000   0.0000   0.0000   0.0000   0.0000   0.0000;
048:  0.1970   0.5280   0.7430   0.9530   1.1670   1.4270   1.6540   1.9920   2.2030   2.4270   2.6290   2.9760   3.1930   3.4430   3.6570   3.8780   0.0000   0.0000   0.0000   0.0000   0.0000   0.0000   0.0000;
049:  0.1970   0.5270   0.7420   0.9510   1.1650   1.4250   1.6510   1.9890   2.2000   2.4220   2.6240   2.9710   3.1890   3.4380   3.6520   3.8680   0.0000   0.0000   0.0000   0.0000   0.0000   0.0000   0.0000;
050:  0.1970   0.5260   0.7400   0.9500   1.1630   1.4230   1.6480   1.9860   2.1970   2.4170   2.6200   2.9670   3.1850   3.4330   3.6470   3.8600   0.0000   0.0000   0.0000   0.0000   0.0000   0.0000   0.0000;
051:  0.1960   0.5250   0.7390   0.9480   1.1610   1.4220   1.6450   1.9830   2.1950   2.4120   2.6150   2.9620   3.1820   3.4290   3.6420   3.8510   0.0000   0.0000   0.0000   0.0000   0.0000   0.0000   0.0000;
052:  0.1960   0.5240   0.7380   0.9470   1.1590   1.4200   1.6430   1.9800   2.1910   2.4070   2.6100   2.9590   3.1780   3.4240   3.6370   3.8420   0.0000   0.0000   0.0000   0.0000   0.0000   0.0000   0.0000;
053:  0.1960   0.5230   0.7360   0.9450   1.1570   1.4180   1.6400   1.9780   2.1890   2.4020   2.6050   2.9550   3.1760   3.4190   3.6320   3.8330   0.0000   0.0000   0.0000   0.0000   0.0000   0.0000   0.0000;
054:  0.1950   0.5220   0.7350   0.9440   1.1550   1.4150   1.6380   1.9750   2.1860   2.3960   2.6010   2.9510   3.1730   3.4140   3.6270   3.8240   0.0000   0.0000   0.0000   0.0000   0.0000   0.0000   0.0000;
055:  0.1950   0.5210   0.7340   0.9420   1.1530   1.4130   1.6350   1.9730   2.1830   2.3910   2.5970   2.9470   3.1710   3.4080   3.6230   3.8150   0.0000   0.0000   0.0000   0.0000   0.0000   0.0000   0.0000;
056:  0.1950   0.5200   0.7320   0.9400   1.1510   1.4110   1.6330   1.9700   2.1800   2.3870   2.5930   2.9440   3.1680   3.4030   3.6180   3.8070   0.0000   0.0000   0.0000   0.0000   0.0000   0.0000   0.0000;
057:  0.1950   0.5190   0.7310   0.9390   1.1490   1.4080   1.6300   1.9670   2.1770   2.3820   2.5880   2.9400   3.1660   3.3980   3.6130   3.7980   0.0000   0.0000   0.0000   0.0000   0.0000   0.0000   0.0000;
058:  0.1950   0.5180   0.7290   0.9370   1.1470   1.4060   1.6270   1.9650   2.1740   2.3780   2.5840   2.9370   3.1640   3.3920   3.6080   3.7890   0.0000   0.0000   0.0000   0.0000   0.0000   0.0000   0.0000;
059:  0.1940   0.5170   0.7280   0.9360   1.1450   1.4040   1.6250   1.9630   2.1710   2.3740   2.5810   2.9340   3.1630   3.3870   3.6030   3.7810   0.0000   0.0000   0.0000   0.0000   0.0000   0.0000   0.0000;
060:  0.1940   0.5160   0.7270   0.9350   1.1440   1.4020   1.6230   1.9610   2.1670   2.3690   2.5780   2.9310   3.1610   3.3840   3.5980   3.7740   0.0000   0.0000   0.0000   0.0000   0.0000   0.0000   0.0000;
061:  0.1940   0.5150   0.7250   0.9330   1.1420   1.4000   1.6200   1.9580   2.1640   2.3650   2.5740   2.9270   3.1590   3.3800   3.5930   3.7670   0.0000   0.0000   0.0000   0.0000   0.0000   0.0000   0.0000;
062:  0.1930   0.5140   0.7240   0.9310   1.1400   1.3970   1.6180   1.9560   2.1600   2.3620   2.5710   2.9240   3.1560   3.3760   3.5870   3.7600   0.0000   0.0000   0.0000   0.0000   0.0000   0.0000   0.0000;
063:  0.1930   0.5130   0.7220   0.9300   1.1380   1.3950   1.6160   1.9540   2.1570   2.3580   2.5680   2.9200   3.1530   3.3730   3.5810   3.7540   0.0000   0.0000   0.0000   0.0000   0.0000   0.0000   0.0000;
064:  0.1930   0.5120   0.7210   0.9280   1.1360   1.3930   1.6140   1.9520   2.1530   2.3550   2.5650   2.9170   3.1510   3.3700   3.5750   3.7480   0.0000   0.0000   0.0000   0.0000   0.0000   0.0000   0.0000;
065:  0.1930   0.5110   0.7200   0.9260   1.1350   1.3910   1.6120   1.9490   2.1500   2.3520   2.5620   2.9140   3.1480   3.3670   3.5680   3.7430   0.0000   0.0000   0.0000   0.0000   0.0000   0.0000   0.0000;
066:  0.1930   0.5100   0.7180   0.9240   1.1330   1.3890   1.6100   1.9470   2.1460   2.3490   2.5600   2.9110   3.1440   3.3640   3.5620   3.7380   0.0000   0.0000   0.0000   0.0000   0.0000   0.0000   0.0000;
067:  0.1920   0.5090   0.7170   0.9230   1.1310   1.3880   1.6080   1.9440   2.1430   2.3460   2.5580   2.9080   3.1420   3.3620   3.5560   3.7340   0.0000   0.0000   0.0000   0.0000   0.0000   0.0000   0.0000;
068:  0.1920   0.5090   0.7150   0.9210   1.1290   1.3860   1.6060   1.9420   2.1400   2.3440   2.5560   2.9060   3.1390   3.3590   3.5500   3.7300   0.0000   0.0000   0.0000   0.0000   0.0000   0.0000   0.0000;
069:  0.1920   0.5080   0.7140   0.9190   1.1270   1.3840   1.6040   1.9400   2.1370   2.3410   2.5530   2.9040   3.1370   3.3580   3.5450   3.7270   0.0000   0.0000   0.0000   0.0000   0.0000   0.0000   0.0000;
070:  0.1920   0.5070   0.7130   0.9170   1.1250   1.3830   1.6020   1.9370   2.1340   2.3390   2.5510   2.9010   3.1350   3.3570   3.5420   3.7240   0.0000   0.0000   0.0000   0.0000   0.0000   0.0000   0.0000;
071:  0.1920   0.5060   0.7110   0.9160   1.1230   1.3810   1.6010   1.9350   2.1310   2.3360   2.5500   2.8990   3.1320   3.3560   3.5380   3.7220   0.0000   0.0000   0.0000   0.0000   0.0000   0.0000   0.0000;
072:  0.1910   0.5050   0.7100   0.9140   1.1210   1.3800   1.5990   1.9320   2.1280   2.3350   2.5480   2.8970   3.1290   3.3550   3.5370   3.7200   0.0000   0.0000   0.0000   0.0000   0.0000   0.0000   0.0000;
073:  0.1910   0.5040   0.7090   0.9120   1.1190   1.3780   1.5970   1.9290   2.1260   2.3330   2.5460   2.8950   3.1270   3.3550   3.5360   3.7190   0.0000   0.0000   0.0000   0.0000   0.0000   0.0000   0.0000;
074:  0.1910   0.5040   0.7070   0.9110   1.1170   1.3760   1.5950   1.9270   2.1230   2.3310   2.5440   2.8940   3.1250   3.3550   3.5360   3.7180   0.0000   0.0000   0.0000   0.0000   0.0000   0.0000   0.0000;
075:  0.1910   0.5030   0.7060   0.9090   1.1150   1.3740   1.5930   1.9240   2.1210   2.3290   2.5420   2.8930   3.1230   3.3550   3.5370   3.7160   0.0000   0.0000   0.0000   0.0000   0.0000   0.0000   0.0000;
076:  0.1910   0.5020   0.7050   0.9080   1.1130   1.3730   1.5910   1.9220   2.1180   2.3280   2.5400   2.8920   3.1210   3.3550   3.5380   3.7150   0.0000   0.0000   0.0000   0.0000   0.0000   0.0000   0.0000;
077:  0.1910   0.5010   0.7030   0.9060   1.1110   1.3710   1.5890   1.9200   2.1160   2.3270   2.5380   2.8910   3.1190   3.3550   3.5410   3.7160   0.0000   0.0000   0.0000   0.0000   0.0000   0.0000   0.0000;
078:  0.1900   0.5000   0.7020   0.9050   1.1090   1.3690   1.5870   1.9180   2.1130   2.3250   2.5360   2.8900   3.1170   3.3540   3.5440   3.7160   0.0000   0.0000   0.0000   0.0000   0.0000   0.0000   0.0000;
079:  0.1900   0.4990   0.7010   0.9030   1.1070   1.3670   1.5850   1.9160   2.1110   2.3240   2.5340   2.8890   3.1160   3.3540   3.5470   3.7170   0.0000   0.0000   0.0000   0.0000   0.0000   0.0000   0.0000;
080:  0.1900   0.4990   0.7000   0.9020   1.1050   1.3650   1.5830   1.9140   2.1090   2.3230   2.5320   2.8870   3.1150   3.3540   3.5510   3.7170   0.0000   0.0000   0.0000   0.0000   0.0000   0.0000   0.0000;
081:  0.1900   0.4980   0.6980   0.9010   1.1040   1.3630   1.5820   1.9120   2.1060   2.3220   2.5300   2.8870   3.1130   3.3540   3.5550   3.7180   0.0000   0.0000   0.0000   0.0000   0.0000   0.0000   0.0000;
082:  0.1900   0.4970   0.6970   0.9000   1.1020   1.3610   1.5800   1.9100   2.1040   2.3210   2.5280   2.8860   3.1120   3.3540   3.5580   3.7190   0.0000   0.0000   0.0000   0.0000   0.0000   0.0000   0.0000;
083:  0.1900   0.4960   0.6960   0.8990   1.1000   1.3600   1.5780   1.9080   2.1020   2.3200   2.5270   2.8860   3.1110   3.3540   3.5620   3.7210   0.0000   0.0000   0.0000   0.0000   0.0000   0.0000   0.0000;
084:  0.1900   0.4960   0.6950   0.8980   1.0990   1.3580   1.5760   1.9070   2.1000   2.3200   2.5250   2.8850   3.1110   3.3540   3.5660   3.7230   0.0000   0.0000   0.0000   0.0000   0.0000   0.0000   0.0000;
085:  0.1890   0.4950   0.6930   0.8960   1.0980   1.3560   1.5740   1.9050   2.0980   2.3190   2.5240   2.8850   3.1100   3.3540   3.5700   3.7250   0.0000   0.0000   0.0000   0.0000   0.0000   0.0000   0.0000;
086:  0.1890   0.4940   0.6920   0.8950   1.0960   1.3550   1.5720   1.9030   2.0960   2.3180   2.5220   2.8840   3.1090   3.3540   3.5720   3.7270   0.0000   0.0000   0.0000   0.0000   0.0000   0.0000   0.0000;
087:  0.1890   0.4940   0.6910   0.8940   1.0950   1.3530   1.5700   1.9020   2.0950   2.3180   2.5210   2.8840   3.1090   3.3540   3.5740   3.7300   0.0000   0.0000   0.0000   0.0000   0.0000   0.0000   0.0000;
088:  0.1890   0.4930   0.6900   0.8930   1.0940   1.3510   1.5680   1.9000   2.0930   2.3170   2.5200   2.8840   3.1080   3.3540   3.5740   3.7330   0.0000   0.0000   0.0000   0.0000   0.0000   0.0000   0.0000;
089:  0.1890   0.4920   0.6890   0.8920   1.0930   1.3500   1.5670   1.8990   2.0920   2.3160   2.5200   2.8830   3.1080   3.3540   3.5740   3.7370   0.0000   0.0000   0.0000   0.0000   0.0000   0.0000   0.0000;
090:  0.1890   0.4920   0.6880   0.8910   1.0920   1.3480   1.5650   1.8980   2.0900   2.3150   2.5190   2.8820   3.1070   3.3540   3.5740   3.7400   0.0000   0.0000   0.0000   0.0000   0.0000   0.0000   0.0000;
091:  0.1890   0.4910   0.6870   0.8890   1.0910   1.3470   1.5630   1.8960   2.0890   2.3150   2.5180   2.8820   3.1080   3.3540   3.5720   3.7440   0.0000   0.0000   0.0000   0.0000   0.0000   0.0000   0.0000;
092:  0.1890   0.4900   0.6860   0.8880   1.0900   1.3460   1.5620   1.8950   2.0890   2.3140   2.5180   2.8820   3.1080   3.3540   3.5700   3.7480   0.0000   0.0000   0.0000   0.0000   0.0000   0.0000   0.0000;
093:  0.1890   0.4900   0.6850   0.8870   1.0890   1.3450   1.5600   1.8930   2.0880   2.3130   2.5180   2.8810   3.1080   3.3540   3.5690   3.7520   0.0000   0.0000   0.0000   0.0000   0.0000   0.0000   0.0000;
094:  0.1890   0.4890   0.6840   0.8860   1.0880   1.3440   1.5590   1.8920   2.0870   2.3120   2.5180   2.8810   3.1080   3.3540   3.5670   3.7560   0.0000   0.0000   0.0000   0.0000   0.0000   0.0000   0.0000;
095:  0.1890   0.4890   0.6830   0.8850   1.0870   1.3420   1.5580   1.8910   2.0870   2.3110   2.5180   2.8810   3.1080   3.3540   3.5650   3.7610   0.0000   0.0000   0.0000   0.0000   0.0000   0.0000   0.0000;
096:  0.1890   0.4880   0.6820   0.8830   1.0870   1.3410   1.5560   1.8890   2.0860   2.3100   2.5190   2.8800   3.1090   3.3540   3.5640   3.7650   0.0000   0.0000   0.0000   0.0000   0.0000   0.0000   0.0000;
097:  0.1890   0.4870   0.6810   0.8820   1.0850   1.3400   1.5550   1.8880   2.0860   2.3100   2.5200   2.8800   3.1090   3.3540   3.5650   3.7690   0.0000   0.0000   0.0000   0.0000   0.0000   0.0000   0.0000;
098:  0.1890   0.4870   0.6800   0.8810   1.0840   1.3390   1.5540   1.8870   2.0860   2.3090   2.5200   2.8790   3.1090   3.3540   3.5650   3.7730   0.0000   0.0000   0.0000   0.0000   0.0000   0.0000   0.0000;
099:  0.1890   0.4860   0.6790   0.8790   1.0830   1.3380   1.5530   1.8850   2.0850   2.3090   2.5200   2.8790   3.1080   3.3540   3.5660   3.7770   0.0000   0.0000   0.0000   0.0000   0.0000   0.0000   0.0000;
100:  0.1890   0.4860   0.6780   0.8780   1.0820   1.3370   1.5520   1.8840   2.0850   2.3080   2.5200   2.8780   3.1070   3.3540   3.5670   3.7810   0.0000   0.0000   0.0000   0.0000   0.0000   0.0000   0.0000;
101:  0.1890   0.4850   0.6770   0.8770   1.0810   1.3360   1.5510   1.8830   2.0850   2.3070   2.5200   2.8770   3.1070   3.3540   3.5690   3.7850   0.0000   0.0000   0.0000   0.0000   0.0000   0.0000   0.0000;
102:  0.1890   0.4850   0.6760   0.8760   1.0790   1.3340   1.5490   1.8820   2.0860   2.3070   2.5200   2.8770   3.1070   3.3550   3.5710   3.7890   0.0000   0.0000   0.0000   0.0000   0.0000   0.0000   0.0000;
103:  0.1890   0.4850   0.6760   0.8740   1.0780   1.3330   1.5480   1.8810   2.0860   2.3050   2.5200   2.8760   3.1060   3.3550   3.5730   3.7930   0.0000   0.0000   0.0000   0.0000   0.0000   0.0000   0.0000;
104:  0.1890   0.4850   0.6750   0.8730   1.0770   1.3320   1.5470   1.8800   2.0850   2.3050   2.5190   2.8760   3.1050   3.3550   3.5750   3.7970   0.0000   0.0000   0.0000   0.0000   0.0000   0.0000   0.0000;
105:  0.1890   0.4840   0.6740   0.8720   1.0750   1.3300   1.5460   1.8800   2.0850   2.3040   2.5190   2.8750   3.1040   3.3550   3.5780   3.8010   0.0000   0.0000   0.0000   0.0000   0.0000   0.0000   0.0000;
106:  0.1890   0.4840   0.6740   0.8710   1.0740   1.3290   1.5440   1.8790   2.0850   2.3030   2.5180   2.8750   3.1030   3.3560   3.5810   3.8050   0.0000   0.0000   0.0000   0.0000   0.0000   0.0000   0.0000;
107:  0.1890   0.4840   0.6730   0.8700   1.0730   1.3280   1.5430   1.8780   2.0840   2.3020   2.5170   2.8740   3.1020   3.3560   3.5830   3.8090   0.0000   0.0000   0.0000   0.0000   0.0000   0.0000   0.0000;
108:  0.1890   0.4840   0.6720   0.8690   1.0710   1.3260   1.5410   1.8770   2.0840   2.3010   2.5160   2.8730   3.1000   3.3570   3.5850   3.8130   0.0000   0.0000   0.0000   0.0000   0.0000   0.0000   0.0000;
109:  0.1900   0.4840   0.6720   0.8680   1.0700   1.3250   1.5400   1.8750   2.0830   2.3000   2.5160   2.8730   3.0990   3.3580   3.5870   3.8160   0.0000   0.0000   0.0000   0.0000   0.0000   0.0000   0.0000;
110:  0.1900   0.4830   0.6710   0.8670   1.0690   1.3240   1.5380   1.8750   2.0830   2.2980   2.5150   2.8720   3.0980   3.3580   3.5880   3.8200   0.0000   0.0000   0.0000   0.0000   0.0000   0.0000   0.0000;
111:  0.1900   0.4830   0.6710   0.8660   1.0680   1.3220   1.5360   1.8730   2.0820   2.2970   2.5140   2.8720   3.0960   3.3580   3.5910   3.8240   0.0000   0.0000   0.0000   0.0000   0.0000   0.0000   0.0000;
112:  0.1900   0.4830   0.6700   0.8650   1.0660   1.3210   1.5350   1.8720   2.0810   2.2960   2.5130   2.8710   3.0950   3.3580   3.5920   3.8270   0.0000   0.0000   0.0000   0.0000   0.0000   0.0000   0.0000;
113:  0.1910   0.4830   0.6700   0.8650   1.0650   1.3190   1.5330   1.8710   2.0800   2.2960   2.5120   2.8700   3.0940   3.3590   3.5940   3.8300   0.0000   0.0000   0.0000   0.0000   0.0000   0.0000   0.0000;
114:  0.1910   0.4830   0.6700   0.8640   1.0640   1.3180   1.5310   1.8690   2.0790   2.2950   2.5110   2.8700   3.0930   3.3600   3.5960   3.8330   0.0000   0.0000   0.0000   0.0000   0.0000   0.0000   0.0000;
115:  0.1910   0.4830   0.6690   0.8630   1.0630   1.3160   1.5290   1.8680   2.0780   2.2940   2.5110   2.8690   3.0920   3.3600   3.5970   3.8360   0.0000   0.0000   0.0000   0.0000   0.0000   0.0000   0.0000;
116:  0.1910   0.4840   0.6690   0.8630   1.0620   1.3150   1.5280   1.8660   2.0780   2.2930   2.5100   2.8690   3.0910   3.3610   3.5980   3.8380   4.0650   0.0000   0.0000   0.0000   0.0000   0.0000   0.0000;
117:  0.1910   0.4840   0.6690   0.8620   1.0610   1.3130   1.5260   1.8650   2.0770   2.2930   2.5100   2.8680   3.0910   3.3610   3.5980   3.8410   4.0660   0.0000   0.0000   0.0000   0.0000   0.0000   0.0000;
118:  0.1920   0.4840   0.6690   0.8620   1.0600   1.3120   1.5240   1.8630   2.0750   2.2920   2.5090   2.8670   3.0910   3.3610   3.5990   3.8440   4.0670   0.0000   0.0000   0.0000   0.0000   0.0000   0.0000;
119:  0.1920   0.4840   0.6690   0.8620   1.0590   1.3100   1.5220   1.8610   2.0740   2.2920   2.5080   2.8670   3.0920   3.3610   3.6000   3.8460   4.0690   0.0000   0.0000   0.0000   0.0000   0.0000   0.0000;
120:  0.1930   0.4840   0.6680   0.8610   1.0580   1.3090   1.5200   1.8590   2.0730   2.2920   2.5080   2.8670   3.0920   3.3610   3.6010   3.8490   4.0710   0.0000   0.0000   0.0000   0.0000   0.0000   0.0000;
121:  0.1930   0.4850   0.6680   0.8600   1.0580   1.3070   1.5180   1.8570   2.0710   2.2910   2.5070   2.8670   3.0920   3.3610   3.6010   3.8510   4.0730   0.0000   0.0000   0.0000   0.0000   0.0000   0.0000;
122:  0.1930   0.4850   0.6680   0.8600   1.0570   1.3050   1.5170   1.8550   2.0690   2.2910   2.5070   2.8670   3.0920   3.3610   3.6020   3.8540   4.0750   0.0000   0.0000   0.0000   0.0000   0.0000   0.0000;
123:  0.1940   0.4850   0.6680   0.8600   1.0560   1.3040   1.5150   1.8520   2.0680   2.2900   2.5070   2.8670   3.0930   3.3610   3.6020   3.8570   4.0770   4.3070   0.0000   0.0000   0.0000   0.0000   0.0000;
124:  0.1940   0.4860   0.6690   0.8590   1.0560   1.3030   1.5140   1.8490   2.0670   2.2900   2.5080   2.8670   3.0940   3.3600   3.6020   3.8590   4.0790   4.3090   0.0000   0.0000   0.0000   0.0000   0.0000;
125:  0.1940   0.4860   0.6690   0.8590   1.0550   1.3010   1.5120   1.8470   2.0650   2.2900   2.5100   2.8670   3.0950   3.3600   3.6010   3.8620   4.0820   4.3120   0.0000   0.0000   0.0000   0.0000   0.0000;
126:  0.1950   0.4870   0.6690   0.8580   1.0540   1.3000   1.5110   1.8440   2.0640   2.2890   2.5110   2.8660   3.0960   3.3590   3.6000   3.8640   4.0840   4.3150   0.0000   0.0000   0.0000   0.0000   0.0000;
127:  0.1950   0.4870   0.6690   0.8580   1.0540   1.2990   1.5090   1.8410   2.0620   2.2890   2.5130   2.8660   3.0970   3.3590   3.5990   3.8650   4.0870   4.3170   0.0000   0.0000   0.0000   0.0000   0.0000;
128:  0.1960   0.4880   0.6690   0.8580   1.0530   1.2970   1.5070   1.8390   2.0610   2.2890   2.5150   2.8660   3.0980   3.3580   3.5990   3.8680   4.0890   4.3200   0.0000   0.0000   0.0000   0.0000   0.0000;
129:  0.1960   0.4880   0.6700   0.8570   1.0520   1.2960   1.5060   1.8360   2.0600   2.2890   2.5160   2.8670   3.0990   3.3570   3.5990   3.8700   4.0910   4.3240   0.0000   0.0000   0.0000   0.0000   0.0000;
130:  0.1970   0.4890   0.6700   0.8570   1.0510   1.2950   1.5050   1.8330   2.0580   2.2890   2.5180   2.8670   3.1000   3.3570   3.5990   3.8720   4.0930   4.3290   0.0000   0.0000   0.0000   0.0000   0.0000;
131:  0.1970   0.4890   0.6710   0.8570   1.0510   1.2950   1.5030   1.8310   2.0570   2.2890   2.5190   2.8670   3.1010   3.3570   3.5980   3.8730   4.0940   4.3340   4.5830   0.0000   0.0000   0.0000   0.0000;
132:  0.1980   0.4900   0.6710   0.8570   1.0500   1.2940   1.5020   1.8280   2.0560   2.2890   2.5200   2.8680   3.1030   3.3560   3.5980   3.8750   4.0950   4.3400   4.5830   0.0000   0.0000   0.0000   0.0000;
133:  0.1980   0.4910   0.6720   0.8570   1.0490   1.2930   1.5000   1.8250   2.0550   2.2890   2.5210   2.8680   3.1040   3.3560   3.5970   3.8770   4.0950   4.3450   4.5830   0.0000   0.0000   0.0000   0.0000;
134:  0.1990   0.4910   0.6730   0.8570   1.0490   1.2930   1.4990   1.8230   2.0550   2.2900   2.5220   2.8690   3.1060   3.3550   3.5970   3.8780   4.0960   4.3510   4.5830   0.0000   0.0000   0.0000   0.0000;
135:  0.1990   0.4920   0.6730   0.8570   1.0480   1.2930   1.4970   1.8210   2.0540   2.2910   2.5220   2.8690   3.1070   3.3550   3.5960   3.8790   4.0960   4.3570   4.5830   0.0000   0.0000   0.0000   0.0000;
136:  0.2000   0.4930   0.6740   0.8570   1.0480   1.2920   1.4950   1.8190   2.0540   2.2910   2.5220   2.8700   3.1090   3.3550   3.5960   3.8800   4.0960   4.3620   4.5840   0.0000   0.0000   0.0000   0.0000;
137:  0.2000   0.4940   0.6750   0.8580   1.0470   1.2920   1.4940   1.8170   2.0540   2.2910   2.5210   2.8710   3.1100   3.3540   3.5960   3.8810   4.0970   4.3660   4.5840   0.0000   0.0000   0.0000   0.0000;
138:  0.2010   0.4940   0.6760   0.8580   1.0470   1.2920   1.4920   1.8150   2.0550   2.2920   2.5210   2.8720   3.1110   3.3540   3.5960   3.8820   4.0970   4.3690   4.5840   0.0000   0.0000   0.0000   0.0000;
139:  0.2020   0.4950   0.6760   0.8590   1.0470   1.2920   1.4900   1.8130   2.0560   2.2910   2.5200   2.8720   3.1120   3.3540   3.5960   3.8820   4.0970   4.3700   4.5840   0.0000   0.0000   0.0000   0.0000;
140:  0.2020   0.4960   0.6780   0.8590   1.0470   1.2930   1.4880   1.8110   2.0570   2.2910   2.5190   2.8720   3.1140   3.3530   3.5960   3.8820   4.0970   4.3730   4.5840   0.0000   0.0000   0.0000   0.0000;
141:  0.2030   0.4970   0.6780   0.8600   1.0470   1.2930   1.4870   1.8100   2.0590   2.2910   2.5180   2.8730   3.1150   3.3530   3.5960   3.8820   4.0960   4.3750   4.5840   0.0000   0.0000   0.0000   0.0000;
142:  0.2040   0.4970   0.6800   0.8610   1.0470   1.2930   1.4850   1.8080   2.0600   2.2910   2.5170   2.8730   3.1150   3.3530   3.5960   3.8820   4.0960   4.3760   4.5840   0.0000   0.0000   0.0000   0.0000;
143:  0.2040   0.4980   0.6810   0.8610   1.0470   1.2930   1.4840   1.8070   2.0620   2.2900   2.5150   2.8740   3.1160   3.3530   3.5960   3.8820   4.0960   4.3770   4.5840   0.0000   0.0000   0.0000   0.0000;
144:  0.2050   0.4990   0.6820   0.8620   1.0480   1.2930   1.4820   1.8060   2.0630   2.2890   2.5120   2.8750   3.1160   3.3520   3.5970   3.8810   4.0960   4.3780   4.5830   4.9140   5.2210   0.0000   0.0000;
145:  0.2050   0.5000   0.6830   0.8630   1.0490   1.2940   1.4810   1.8050   2.0640   2.2880   2.5090   2.8750   3.1160   3.3520   3.5980   3.8810   4.0950   4.3770   4.5820   4.9150   5.2180   0.0000   0.0000;
146:  0.2060   0.5010   0.6840   0.8640   1.0490   1.2940   1.4800   1.8040   2.0650   2.2870   2.5060   2.8760   3.1150   3.3520   3.6000   3.8800   4.0930   4.3770   4.5820   4.9140   5.2160   0.0000   0.0000;
147:  0.2070   0.5020   0.6860   0.8640   1.0500   1.2940   1.4790   1.8040   2.0650   2.2850   2.5040   2.8770   3.1150   3.3510   3.6000   3.8800   4.0910   4.3760   4.5820   4.9140   5.2140   0.0000   0.0000;
148:  0.2070   0.5030   0.6870   0.8650   1.0520   1.2950   1.4780   1.8030   2.0650   2.2840   2.5020   2.8770   3.1150   3.3510   3.5990   3.8790   4.0880   4.3740   4.5800   4.9130   5.2120   0.0000   0.0000;
149:  0.2080   0.5040   0.6890   0.8660   1.0530   1.2950   1.4780   1.8030   2.0650   2.2810   2.4990   2.8760   3.1140   3.3510   3.5990   3.8780   4.0850   4.3710   4.5800   4.9130   5.2110   5.5310   0.0000;
150:  0.2090   0.5050   0.6900   0.8670   1.0550   1.2950   1.4780   1.8040   2.0650   2.2780   2.4980   2.8750   3.1130   3.3510   3.5990   3.8770   4.0840   4.3670   4.5790   4.9120   5.2100   5.5300   0.0000;
151:  0.2090   0.5060   0.6920   0.8680   1.0560   1.2960   1.4780   1.8040   2.0650   2.2760   2.4960   2.8750   3.1120   3.3500   3.5990   3.8770   4.0830   4.3610   4.5780   4.9120   5.2100   5.5290   0.0000;
152:  0.2100   0.5070   0.6930   0.8690   1.0580   1.2960   1.4780   1.8050   2.0640   2.2730   2.4950   2.8740   3.1100   3.3490   3.5990   3.8770   4.0820   4.3550   4.5770   4.9120   5.2100   5.5280   0.0000;
153:  0.2110   0.5080   0.6950   0.8700   1.0600   1.2970   1.4780   1.8060   2.0630   2.2710   2.4940   2.8730   3.1080   3.3470   3.5990   3.8770   4.0800   4.3480   4.5760   4.9110   5.2110   5.5270   0.0000;
154:  0.2110   0.5090   0.6960   0.8710   1.0620   1.2980   1.4790   1.8070   2.0610   2.2680   2.4930   2.8720   3.1060   3.3460   3.5990   3.8760   4.0780   4.3410   4.5750   4.9110   5.2120   5.5260   0.0000;
155:  0.2120   0.5100   0.6980   0.8720   1.0640   1.2990   1.4800   1.8080   2.0600   2.2660   2.4920   2.8710   3.1040   3.3440   3.6000   3.8760   4.0750   4.3340   4.5750   4.9110   5.2130   5.5260   0.0000;
156:  0.2130   0.5110   0.7000   0.8730   1.0660   1.3000   1.4810   1.8090   2.0580   2.2650   2.4910   2.8710   3.1020   3.3420   3.5990   3.8750   4.0730   4.3270   4.5750   4.9110   5.2130   5.5260   0.0000;
157:  0.2130   0.5120   0.7010   0.8750   1.0680   1.3010   1.4820   1.8110   2.0550   2.2630   2.4910   2.8690   3.1000   3.3390   3.5980   3.8740   4.0720   4.3200   4.5740   4.9120   5.2140   5.5270   0.0000;
158:  0.2140   0.5140   0.7030   0.8760   1.0700   1.3020   1.4830   1.8130   2.0530   2.2620   2.4900   2.8680   3.0980   3.3360   3.5980   3.8730   4.0700   4.3120   4.5740   4.9130   5.2150   5.5270   0.0000;
159:  0.2150   0.5150   0.7050   0.8780   1.0720   1.3030   1.4850   1.8150   2.0510   2.2610   2.4890   2.8670   3.0970   3.3320   3.5970   3.8720   4.0690   4.3050   4.5740   4.9140   5.2150   5.5290   0.0000;
160:  0.2160   0.5160   0.7060   0.8800   1.0740   1.3050   1.4870   1.8170   2.0480   2.2610   2.4890   2.8650   3.0950   3.3290   3.5960   3.8710   4.0680   4.2980   4.5740   4.9150   5.2160   5.5310   0.0000;
161:  0.2160   0.5170   0.7080   0.8820   1.0760   1.3060   1.4890   1.8190   2.0460   2.2600   2.4880   2.8640   3.0930   3.3250   3.5950   3.8690   4.0670   4.2900   4.5750   4.9150   5.2160   5.5330   0.0000;
162:  0.2170   0.5180   0.7100   0.8840   1.0780   1.3080   1.4900   1.8220   2.0450   2.2600   2.4870   2.8620   3.0920   3.3210   3.5940   3.8670   4.0660   4.2840   4.5750   4.9150   5.2170   5.5360   0.0000;
163:  0.2180   0.5200   0.7120   0.8870   1.0800   1.3100   1.4920   1.8240   2.0430   2.2590   2.4870   2.8610   3.0900   3.3170   3.5930   3.8650   4.0650   4.2770   4.5750   4.9140   5.2170   5.5400   0.0000;
164:  0.2180   0.5210   0.7130   0.8890   1.0820   1.3120   1.4940   1.8260   2.0430   2.2590   2.4860   2.8600   3.0890   3.3140   3.5910   3.8630   4.0640   4.2700   4.5750   4.9140   5.2160   5.5440   0.0000;
165:  0.2190   0.5220   0.7150   0.8920   1.0840   1.3140   1.4960   1.8290   2.0430   2.2590   2.4860   2.8580   3.0880   3.3100   3.5900   3.8610   4.0650   4.2640   4.5740   4.9130   5.2160   5.5490   0.0000;
166:  0.2200   0.5240   0.7170   0.8940   1.0870   1.3160   1.4980   1.8310   2.0430   2.2590   2.4850   2.8580   3.0870   3.3070   3.5890   3.8600   4.0650   4.2590   4.5730   4.9120   5.2160   5.5540   0.0000;
167:  0.2200   0.5250   0.7180   0.8970   1.0890   1.3190   1.5000   1.8330   2.0430   2.2600   2.4850   2.8570   3.0870   3.3040   3.5870   3.8580   4.0660   4.2540   4.5710   4.9110   5.2150   5.5590   0.0000;
168:  0.2210   0.5260   0.7200   0.9000   1.0910   1.3210   1.5020   1.8360   2.0430   2.2600   2.4850   2.8560   3.0860   3.3010   3.5850   3.8550   4.0670   4.2500   4.5700   4.9090   5.2130   5.5640   0.0000;
169:  0.2220   0.5280   0.7220   0.9030   1.0930   1.3240   1.5040   1.8380   2.0440   2.2610   2.4850   2.8560   3.0860   3.2990   3.5840   3.8530   4.0670   4.2460   4.5680   4.9070   5.2110   5.5680   0.0000;
170:  0.2220   0.5290   0.7240   0.9060   1.0940   1.3270   1.5060   1.8410   2.0440   2.2610   2.4850   2.8550   3.0860   3.2970   3.5830   3.8490   4.0640   4.2440   4.5660   4.9030   5.2090   5.5730   0.0000;
171:  0.2230   0.5300   0.7250   0.9090   1.0960   1.3290   1.5080   1.8440   2.0450   2.2620   2.4850   2.8550   3.0860   3.2960   3.5820   3.8460   4.0620   4.2410   4.5630   4.9000   5.2070   5.5780   0.0000;
172:  0.2240   0.5320   0.7270   0.9120   1.0980   1.3320   1.5100   1.8460   2.0460   2.2630   2.4850   2.8550   3.0860   3.2960   3.5800   3.8430   4.0600   4.2400   4.5610   4.8980   5.2040   5.5830   0.0000;
173:  0.2250   0.5330   0.7280   0.9150   1.1000   1.3350   1.5120   1.8490   2.0470   2.2640   2.4860   2.8550   3.0860   3.2970   3.5790   3.8400   4.0590   4.2380   4.5580   4.8940   5.2010   5.5870   0.0000;
174:  0.2250   0.5340   0.7300   0.9170   1.1020   1.3380   1.5140   1.8520   2.0480   2.2650   2.4860   2.8550   3.0870   3.2980   3.5780   3.8380   4.0580   4.2370   4.5550   4.8910   5.1990   5.5920   0.0000;
175:  0.2260   0.5360   0.7310   0.9200   1.1050   1.3410   1.5160   1.8550   2.0490   2.2660   2.4870   2.8550   3.0870   3.2990   3.5760   3.8350   4.0560   4.2370   4.5510   4.8880   5.1970   5.5960   0.0000;
176:  0.2270   0.5370   0.7330   0.9230   1.1070   1.3440   1.5180   1.8580   2.0510   2.2680   2.4880   2.8550   3.0880   3.3010   3.5750   3.8330   4.0540   4.2360   4.5470   4.8840   5.1950   5.6000   0.0000;
177:  0.2270   0.5380   0.7340   0.9260   1.1090   1.3470   1.5200   1.8600   2.0520   2.2690   2.4890   2.8550   3.0880   3.3040   3.5740   3.8310   4.0520   4.2350   4.5440   4.8810   5.1940   5.6040   0.0000;
178:  0.2280   0.5400   0.7350   0.9290   1.1120   1.3510   1.5230   1.8630   2.0540   2.2710   2.4910   2.8560   3.0890   3.3060   3.5730   3.8290   4.0490   4.2340   4.5420   4.8780   5.1920   5.6070   0.0000;
179:  0.2290   0.5410   0.7370   0.9310   1.1150   1.3540   1.5250   1.8650   2.0550   2.2720   2.4930   2.8560   3.0890   3.3090   3.5710   3.8270   4.0470   4.2330   4.5390   4.8750   5.1910   5.6110   0.0000;
180:  0.2290   0.5420   0.7380   0.9340   1.1170   1.3570   1.5270   1.8670   2.0570   2.2730   2.4940   2.8570   3.0900   3.3110   3.5710   3.8240   4.0450   4.2340   4.5370   4.8720   5.1880   5.6140   0.0000;
181:  0.2300   0.5430   0.7390   0.9360   1.1200   1.3600   1.5290   1.8690   2.0590   2.2750   2.4960   2.8580   3.0910   3.3140   3.5690   3.8230   4.0440   4.2350   4.5350   4.8700   5.1850   5.6170   0.0000;
182:  0.2310   0.5440   0.7400   0.9380   1.1220   1.3640   1.5320   1.8710   2.0610   2.2760   2.4980   2.8590   3.0910   3.3160   3.5690   3.8210   4.0420   4.2360   4.5330   4.8670   5.1840   5.6200   0.0000;
183:  0.2310   0.5450   0.7410   0.9400   1.1240   1.3670   1.5340   1.8730   2.0640   2.2780   2.5000   2.8600   3.0920   3.3190   3.5670   3.8200   4.0410   4.2380   4.5310   4.8640   5.1820   5.6230   0.0000;
184:  0.2320   0.5470   0.7420   0.9420   1.1270   1.3700   1.5360   1.8740   2.0650   2.2790   2.5020   2.8600   3.0920   3.3210   3.5670   3.8180   4.0400   4.2410   4.5310   4.8620   5.1820   5.6250   0.0000;
185:  0.2320   0.5470   0.7430   0.9440   1.1290   1.3730   1.5390   1.8760   2.0670   2.2810   2.5040   2.8610   3.0930   3.3230   3.5660   3.8170   4.0380   4.2440   4.5300   4.8600   5.1800   5.6270   0.0000;
186:  0.2330   0.5490   0.7440   0.9460   1.1310   1.3760   1.5410   1.8770   2.0700   2.2830   2.5070   2.8620   3.0930   3.3250   3.5650   3.8160   4.0370   4.2470   4.5290   4.8590   5.1790   5.6290   0.0000;
187:  0.2340   0.5490   0.7450   0.9480   1.1330   1.3790   1.5440   1.8780   2.0720   2.2840   2.5090   2.8630   3.0930   3.3270   3.5650   3.8150   4.0360   4.2510   4.5280   4.8580   5.1780   5.6310   0.0000;
188:  0.2340   0.5500   0.7460   0.9500   1.1350   1.3820   1.5460   1.8790   2.0740   2.2860   2.5110   2.8640   3.0930   3.3280   3.5650   3.8150   4.0350   4.2550   4.5270   4.8580   5.1770   5.6330   0.0000;
189:  0.2350   0.5510   0.7470   0.9510   1.1370   1.3840   1.5490   1.8800   2.0760   2.2880   2.5130   2.8640   3.0940   3.3300   3.5640   3.8140   4.0340   4.2590   4.5260   4.8580   5.1760   5.6350   0.0000;
190:  0.2350   0.5520   0.7470   0.9530   1.1390   1.3870   1.5510   1.8800   2.0780   2.2900   2.5150   2.8650   3.0940   3.3310   3.5630   3.8140   4.0350   4.2630   4.5250   4.8580   5.1750   5.6360   0.0000;
191:  0.2360   0.5530   0.7480   0.9540   1.1410   1.3890   1.5540   1.8810   2.0800   2.2920   2.5170   2.8660   3.0940   3.3310   3.5630   3.8140   4.0340   4.2670   4.5240   4.8560   5.1750   5.6360   0.0000;
192:  0.2360   0.5530   0.7490   0.9550   1.1430   1.3910   1.5560   1.8810   2.0820   2.2940   2.5180   2.8670   3.0940   3.3320   3.5630   3.8130   4.0340   4.2710   4.5230   4.8550   5.1750   5.6360   0.0000;
193:  0.2370   0.5540   0.7490   0.9560   1.1450   1.3920   1.5590   1.8820   2.0840   2.2960   2.5200   2.8670   3.0940   3.3320   3.5630   3.8130   4.0350   4.2750   4.5210   4.8550   5.1750   5.6360   0.0000;
194:  0.2370   0.5540   0.7490   0.9580   1.1460   1.3940   1.5610   1.8820   2.0850   2.2970   2.5220   2.8680   3.0940   3.3320   3.5630   3.8120   4.0350   4.2780   4.5190   4.8540   5.1750   5.6360   5.8440;
195:  0.2380   0.5550   0.7500   0.9580   1.1470   1.3950   1.5640   1.8830   2.0870   2.2990   2.5230   2.8680   3.0940   3.3330   3.5630   3.8130   4.0360   4.2810   4.5170   4.8520   5.1760   5.6350   5.8400;
196:  0.2380   0.5550   0.7500   0.9590   1.1490   1.3950   1.5660   1.8830   2.0880   2.3010   2.5240   2.8690   3.0940   3.3330   3.5630   3.8130   4.0360   4.2840   4.5160   4.8500   5.1760   5.6340   5.8370;
197:  0.2390   0.5560   0.7510   0.9600   1.1500   1.3960   1.5680   1.8840   2.0900   2.3030   2.5250   2.8690   3.0940   3.3330   3.5630   3.8130   4.0380   4.2870   4.5140   4.8480   5.1760   5.6310   5.8340;
198:  0.2390   0.5560   0.7510   0.9600   1.1510   1.3960   1.5690   1.8840   2.0910   2.3050   2.5260   2.8700   3.0930   3.3330   3.5640   3.8120   4.0390   4.2890   4.5120   4.8470   5.1770   5.6270   5.8300;
199:  0.2400   0.5560   0.7510   0.9600   1.1520   1.3960   1.5710   1.8850   2.0930   2.3070   2.5270   2.8700   3.0930   3.3340   3.5640   3.8120   4.0390   4.2900   4.5100   4.8460   5.1760   5.6240   5.8270;
200:  0.2400   0.5560   0.7510   0.9600   1.1530   1.3960   1.5720   1.8850   2.0940   2.3080   2.5280   2.8710   3.0930   3.3340   3.5640   3.8120   4.0400   4.2890   4.5090   4.8440   5.1770   5.6200   5.8230;
201:  0.2400   0.5560   0.7510   0.9600   1.1530   1.3960   1.5730   1.8860   2.0950   2.3090   2.5290   2.8710   3.0920   3.3340   3.5630   3.8120   4.0400   4.2880   4.5080   4.8440   5.1780   5.6160   5.8190;
202:  0.2410   0.5560   0.7510   0.9600   1.1540   1.3950   1.5740   1.8870   2.0960   2.3110   2.5290   2.8720   3.0920   3.3340   3.5630   3.8110   4.0410   4.2870   4.5070   4.8440   5.1780   5.6120   5.8150;
203:  0.2410   0.5560   0.7510   0.9590   1.1550   1.3950   1.5740   1.8870   2.0960   2.3120   2.5300   2.8720   3.0910   3.3340   3.5620   3.8110   4.0410   4.2870   4.5050   4.8440   5.1770   5.6080   5.8120;
204:  0.2420   0.5560   0.7500   0.9580   1.1550   1.3940   1.5750   1.8870   2.0970   2.3130   2.5300   2.8730   3.0910   3.3330   3.5620   3.8100   4.0410   4.2850   4.5040   4.8420   5.1750   5.6030   5.8080;
205:  0.2420   0.5560   0.7500   0.9580   1.1550   1.3930   1.5750   1.8870   2.0980   2.3130   2.5300   2.8730   3.0900   3.3330   3.5610   3.8100   4.0420   4.2830   4.5040   4.8400   5.1730   5.5990   5.8050;
206:  0.2420   0.5550   0.7500   0.9560   1.1550   1.3920   1.5740   1.8870   2.0980   2.3140   2.5300   2.8730   3.0900   3.3330   3.5610   3.8100   4.0420   4.2820   4.5040   4.8380   5.1690   5.5940   5.8020;
207:  0.2420   0.5550   0.7490   0.9550   1.1540   1.3910   1.5740   1.8880   2.0980   2.3140   2.5300   2.8740   3.0890   3.3330   3.5600   3.8090   4.0410   4.2820   4.5050   4.8370   5.1660   5.5890   0.0000;
208:  0.2430   0.5540   0.7490   0.9540   1.1530   1.3900   1.5730   1.8880   2.0980   2.3150   2.5300   2.8740   3.0890   3.3330   3.5600   3.8090   4.0410   4.2810   4.5050   4.8360   5.1620   0.0000   0.0000;
209:  0.2430   0.5540   0.7490   0.9530   1.1520   1.3880   1.5730   1.8870   2.0980   2.3140   2.5300   2.8740   3.0890   3.3330   3.5600   3.8090   4.0400   4.2800   4.5050   4.8350   5.1570   0.0000   0.0000;
210:  0.2430   0.5530   0.7480   0.9510   1.1510   1.3870   1.5720   1.8870   2.0980   2.3140   2.5300   2.8740   3.0880   3.3330   3.5590   3.8080   4.0400   4.2790   4.5060   4.8350   5.1500   0.0000   0.0000;
211:  0.2440   0.5530   0.7470   0.9490   1.1500   1.3850   1.5710   1.8870   2.0970   2.3140   2.5300   2.8740   3.0880   3.3330   3.5590   3.8070   4.0390   4.2790   4.5060   4.8350   5.1430   0.0000   0.0000;
212:  0.2440   0.5520   0.7470   0.9480   1.1490   1.3840   1.5700   1.8870   2.0970   2.3130   2.5310   2.8740   3.0880   3.3340   3.5590   3.8070   4.0380   4.2780   4.5070   4.8360   5.1350   0.0000   0.0000;
213:  0.2440   0.5510   0.7460   0.9460   1.1470   1.3820   1.5690   1.8870   2.0960   2.3130   2.5310   2.8740   3.0890   3.3340   3.5580   3.8060   4.0360   4.2780   4.5090   4.8370   5.1280   0.0000   0.0000;
214:  0.2440   0.5500   0.7450   0.9440   1.1450   1.3810   1.5680   1.8860   2.0960   2.3130   2.5310   2.8740   3.0890   3.3340   3.5580   3.8060   4.0340   4.2780   4.5100   4.8390   5.1200   0.0000   0.0000;
215:  0.2440   0.5490   0.7440   0.9420   1.1440   1.3790   1.5660   1.8860   2.0950   2.3120   2.5320   2.8730   3.0900   3.3340   3.5580   3.8050   4.0330   4.2780   4.5110   4.8420   5.1120   0.0000   0.0000;
216:  0.2440   0.5480   0.7440   0.9400   1.1420   1.3770   1.5650   1.8850   2.0950   2.3120   2.5320   2.8730   3.0900   3.3350   3.5580   3.8040   4.0310   4.2770   4.5120   4.8450   5.1060   0.0000   0.0000;
217:  0.2440   0.5470   0.7430   0.9380   1.1390   1.3750   1.5640   1.8850   2.0940   2.3120   2.5320   2.8730   3.0910   3.3350   3.5580   3.8040   4.0290   4.2760   4.5120   4.8480   5.0990   0.0000   0.0000;
218:  0.2440   0.5460   0.7420   0.9360   1.1370   1.3730   1.5630   1.8840   2.0930   2.3110   2.5320   2.8730   3.0920   3.3350   3.5580   3.8040   4.0280   4.2760   4.5130   4.8520   5.0930   0.0000   0.0000;
219:  0.2440   0.5450   0.7410   0.9350   1.1350   1.3700   1.5620   1.8840   2.0920   2.3100   2.5330   2.8730   3.0930   3.3340   3.5580   3.8040   4.0270   4.2760   4.5130   4.8560   5.0880   0.0000   0.0000;
220:  0.2450   0.5440   0.7400   0.9330   1.1330   1.3680   1.5610   1.8830   2.0910   2.3100   2.5330   2.8730   3.0930   3.3350   3.5580   3.8030   4.0280   4.2750   4.5130   0.0000   0.0000   0.0000   0.0000;
221:  0.2450   0.5420   0.7380   0.9310   1.1310   1.3660   1.5600   1.8820   2.0900   2.3090   2.5330   2.8730   3.0940   3.3350   3.5580   3.8040   4.0280   4.2750   4.5140   0.0000   0.0000   0.0000   0.0000;
222:  0.2450   0.5410   0.7370   0.9290   1.1280   1.3640   1.5590   1.8810   2.0900   2.3090   2.5330   2.8720   3.0950   3.3350   3.5590   3.8040   4.0290   4.2740   4.5160   0.0000   0.0000   0.0000   0.0000;
223:  0.2440   0.5400   0.7360   0.9270   1.1260   1.3610   1.5580   1.8800   2.0890   2.3090   2.5330   2.8720   3.0960   3.3350   3.5590   3.8040   4.0290   4.2720   4.5180   0.0000   0.0000   0.0000   0.0000;
224:  0.2440   0.5380   0.7350   0.9250   1.1240   1.3590   1.5560   1.8790   2.0890   2.3090   2.5330   2.8720   3.0970   3.3350   3.5600   3.8030   4.0300   4.2710   4.5200   0.0000   0.0000   0.0000   0.0000;
225:  0.2440   0.5370   0.7330   0.9230   1.1210   1.3560   1.5550   1.8780   2.0890   2.3080   2.5330   2.8730   3.0980   3.3350   3.5610   3.8030   4.0310   4.2710   4.5210   0.0000   0.0000   0.0000   0.0000;
226:  0.2440   0.5360   0.7320   0.9210   1.1190   1.3540   1.5540   1.8760   2.0880   2.3080   2.5330   2.8730   3.0980   3.3350   3.5610   3.8010   4.0320   4.2700   4.5230   0.0000   0.0000   0.0000   0.0000;
227:  0.2440   0.5340   0.7310   0.9190   1.1160   1.3520   1.5530   1.8750   2.0880   2.3070   2.5330   2.8730   3.0990   3.3340   3.5620   3.8000   4.0340   4.2690   4.5240   0.0000   0.0000   0.0000   0.0000;
228:  0.2440   0.5330   0.7290   0.9170   1.1140   1.3500   1.5510   1.8740   2.0880   2.3070   2.5320   2.8730   3.0990   3.3330   3.5620   3.7980   4.0350   4.2690   4.5260   0.0000   0.0000   0.0000   0.0000;
229:  0.2440   0.5310   0.7280   0.9150   1.1120   1.3490   1.5490   1.8730   2.0880   2.3070   2.5310   2.8740   3.1000   3.3330   3.5620   3.7970   4.0370   4.2690   4.5280   0.0000   0.0000   0.0000   0.0000;
230:  0.2440   0.5300   0.7270   0.9130   1.1090   1.3470   1.5480   1.8720   2.0880   2.3060   2.5300   2.8750   3.1010   3.3330   3.5620   3.7960   4.0390   4.2690   4.5300   0.0000   0.0000   0.0000   0.0000;
231:  0.2440   0.5280   0.7250   0.9110   1.1070   1.3450   1.5460   1.8710   2.0880   2.3060   2.5300   2.8750   3.1010   3.3330   3.5630   3.7950   4.0410   4.2690   4.5330   0.0000   0.0000   0.0000   0.0000;
232:  0.2440   0.5270   0.7240   0.9090   1.1040   1.3430   1.5450   1.8700   2.0880   2.3050   2.5290   2.8760   3.1010   3.3330   3.5640   3.7940   4.0440   4.2700   4.5360   0.0000   0.0000   0.0000   0.0000;
233:  0.2430   0.5250   0.7220   0.9070   1.1020   1.3410   1.5430   1.8690   2.0870   2.3050   2.5290   2.8760   3.1010   3.3320   3.5640   3.7930   4.0460   4.2710   4.5380   0.0000   0.0000   0.0000   0.0000;
234:  0.2430   0.5240   0.7200   0.9050   1.1000   1.3390   1.5420   1.8690   2.0870   2.3050   2.5280   2.8760   3.1010   3.3320   3.5640   3.7930   4.0480   4.2730   4.5400   0.0000   0.0000   0.0000   0.0000;
235:  0.2430   0.5220   0.7190   0.9030   1.0970   1.3380   1.5410   1.8680   2.0860   2.3040   2.5270   2.8770   3.1010   3.3310   3.5640   3.7930   4.0510   4.2760   4.5430   0.0000   0.0000   0.0000   0.0000;
236:  0.2430   0.5200   0.7170   0.9010   1.0950   1.3360   1.5390   1.8670   2.0860   2.3040   2.5270   2.8770   3.1000   3.3310   3.5640   3.7930   4.0560   4.2790   4.5440   0.0000   0.0000   0.0000   0.0000;
237:  0.2420   0.5190   0.7160   0.8990   1.0920   1.3340   1.5380   1.8670   2.0850   2.3040   2.5260   2.8770   3.1000   3.3300   3.5640   3.7930   4.0610   4.2820   4.5460   0.0000   0.0000   0.0000   0.0000;
238:  0.2420   0.5170   0.7140   0.8970   1.0900   1.3330   1.5370   1.8660   2.0850   2.3040   2.5260   2.8780   3.1000   3.3300   3.5640   3.7930   4.0670   4.2840   4.5480   0.0000   0.0000   0.0000   0.0000;
239:  0.2420   0.5160   0.7130   0.8960   1.0880   1.3310   1.5360   1.8660   2.0850   2.3030   2.5260   2.8780   3.1010   3.3290   3.5640   3.7930   4.0720   4.2870   4.5490   0.0000   0.0000   0.0000   0.0000;
240:  0.2410   0.5140   0.7110   0.8940   1.0860   1.3290   1.5350   1.8660   2.0840   2.3030   2.5260   2.8780   3.1010   3.3290   3.5650   3.7930   4.0770   4.2890   4.5490   0.0000   0.0000   0.0000   0.0000;
241:  0.2410   0.5130   0.7090   0.8920   1.0840   1.3280   1.5330   1.8650   2.0840   2.3030   2.5260   2.8780   3.1010   3.3290   3.5650   3.7930   4.0820   4.2920   4.5480   0.0000   0.0000   0.0000   0.0000;
242:  0.2410   0.5110   0.7080   0.8900   1.0830   1.3260   1.5330   1.8650   2.0840   2.3030   2.5260   2.8780   3.1020   3.3280   3.5670   3.7940   4.0870   4.2940   4.5470   0.0000   0.0000   0.0000   0.0000;
243:  0.2400   0.5100   0.7060   0.8890   1.0810   1.3240   1.5320   1.8650   2.0840   2.3030   2.5270   2.8780   3.1030   3.3280   3.5680   3.7950   4.0920   4.2960   4.5450   0.0000   0.0000   0.0000   0.0000;
244:  0.2400   0.5080   0.7040   0.8870   1.0790   1.3230   1.5310   1.8650   2.0830   2.3030   2.5270   2.8790   3.1040   3.3280   3.5700   3.7970   4.0970   4.2970   4.5440   0.0000   0.0000   0.0000   0.0000;
245:  0.2400   0.5070   0.7030   0.8850   1.0770   1.3220   1.5300   1.8650   2.0830   2.3030   2.5280   2.8790   3.1040   3.3290   3.5720   3.8010   4.1010   4.2980   4.5420   0.0000   0.0000   0.0000   0.0000;
246:  0.2390   0.5050   0.7010   0.8840   1.0760   1.3200   1.5290   1.8650   2.0830   2.3030   2.5290   2.8790   3.1050   3.3300   3.5750   3.8040   4.1050   4.2990   4.5390   0.0000   0.0000   0.0000   0.0000;
247:  0.2390   0.5040   0.7000   0.8830   1.0750   1.3190   1.5280   1.8650   2.0820   2.3030   2.5310   2.8790   3.1060   3.3310   3.5780   3.8080   4.1090   4.2990   4.5370   0.0000   0.0000   0.0000   0.0000;
248:  0.2380   0.5030   0.6980   0.8810   1.0730   1.3170   1.5270   1.8650   2.0820   2.3030   2.5320   2.8790   3.1070   3.3310   3.5820   3.8110   4.1130   4.2990   4.5340   0.0000   0.0000   0.0000   0.0000;
249:  0.2380   0.5010   0.6970   0.8800   1.0720   1.3160   1.5270   1.8650   2.0820   2.3040   2.5340   2.8790   3.1080   3.3320   3.5850   3.8150   4.1160   4.2990   4.5310   0.0000   0.0000   0.0000   0.0000;
250:  0.2370   0.5000   0.6950   0.8780   1.0710   1.3150   1.5260   1.8650   2.0820   2.3040   2.5350   2.8780   3.1090   3.3330   3.5890   3.8180   4.1190   4.2980   0.0000   0.0000   0.0000   0.0000   0.0000;
251:  0.2370   0.4990   0.6940   0.8760   1.0700   1.3140   1.5260   1.8650   2.0820   2.3050   2.5370   2.8780   3.1100   3.3340   3.5930   3.8210   4.1220   4.2970   0.0000   0.0000   0.0000   0.0000   0.0000;
252:  0.2360   0.4980   0.6920   0.8750   1.0690   1.3130   1.5250   1.8650   2.0820   2.3050   2.5380   2.8780   3.1110   3.3360   3.5970   3.8240   4.1230   4.2960   0.0000   0.0000   0.0000   0.0000   0.0000;
253:  0.2360   0.4960   0.6910   0.8730   1.0670   1.3130   1.5250   1.8650   2.0820   2.3050   2.5400   2.8780   3.1130   3.3390   3.6020   3.8270   4.1250   4.2940   0.0000   0.0000   0.0000   0.0000   0.0000;
254:  0.2350   0.4950   0.6900   0.8720   1.0660   1.3120   1.5240   1.8650   2.0830   2.3060   2.5420   2.8780   3.1140   3.3420   3.6080   3.8290   4.1260   4.2920   0.0000   0.0000   0.0000   0.0000   0.0000;
255:  0.2350   0.4940   0.6880   0.8710   1.0650   1.3110   1.5240   1.8650   2.0830   2.3070   2.5430   2.8780   3.1160   3.3450   3.6130   3.8320   4.1260   4.2890   0.0000   0.0000   0.0000   0.0000   0.0000;
256:  0.2350   0.4930   0.6870   0.8690   1.0650   1.3110   1.5240   1.8650   2.0840   2.3070   2.5450   2.8780   3.1180   3.3490   3.6180   3.8350   4.1250   4.2880   0.0000   0.0000   0.0000   0.0000   0.0000;
257:  0.2340   0.4920   0.6860   0.8680   1.0640   1.3110   1.5240   1.8650   2.0840   2.3090   2.5460   2.8790   3.1200   3.3530   3.6240   3.8370   4.1240   4.2870   0.0000   0.0000   0.0000   0.0000   0.0000;
258:  0.2330   0.4910   0.6840   0.8670   1.0630   1.3110   1.5240   1.8650   2.0840   2.3100   2.5480   2.8790   3.1220   3.3570   3.6280   3.8400   4.1220   0.0000   0.0000   0.0000   0.0000   0.0000   0.0000;
259:  0.2330   0.4890   0.6830   0.8660   1.0630   1.3100   1.5240   1.8660   2.0850   2.3110   2.5490   2.8800   3.1240   3.3620   3.6330   3.8420   4.1220   0.0000   0.0000   0.0000   0.0000   0.0000   0.0000;
260:  0.2320   0.4880   0.6820   0.8650   1.0620   1.3100   1.5250   1.8660   2.0860   2.3130   2.5500   2.8810   3.1270   3.3670   3.6380   3.8450   4.1210   0.0000   0.0000   0.0000   0.0000   0.0000   0.0000;
261:  0.2320   0.4870   0.6810   0.8640   1.0610   1.3100   1.5250   1.8670   2.0870   2.3150   2.5520   2.8820   3.1300   3.3730   3.6420   3.8490   4.1200   0.0000   0.0000   0.0000   0.0000   0.0000   0.0000;
262:  0.2310   0.4860   0.6800   0.8640   1.0610   1.3110   1.5250   1.8670   2.0880   2.3160   2.5530   2.8830   3.1330   3.3780   3.6460   3.8530   4.1190   0.0000   0.0000   0.0000   0.0000   0.0000   0.0000;
263:  0.2310   0.4850   0.6790   0.8630   1.0600   1.3110   1.5260   1.8680   2.0890   2.3180   2.5550   2.8850   3.1360   3.3850   3.6500   3.8560   4.1190   0.0000   0.0000   0.0000   0.0000   0.0000   0.0000;
264:  0.2300   0.4840   0.6780   0.8620   1.0600   1.3110   1.5270   1.8690   2.0900   2.3200   2.5560   2.8870   3.1400   3.3910   3.6540   3.8580   4.1200   0.0000   0.0000   0.0000   0.0000   0.0000   0.0000;
265:  0.2290   0.4830   0.6770   0.8620   1.0600   1.3110   1.5270   1.8690   2.0910   2.3220   2.5580   2.8890   3.1430   3.3960   3.6570   3.8600   4.1210   0.0000   0.0000   0.0000   0.0000   0.0000   0.0000;
266:  0.2290   0.4820   0.6760   0.8620   1.0600   1.3110   1.5280   1.8700   2.0930   2.3240   2.5590   2.8910   3.1470   3.4020   3.6600   3.8630   4.1210   0.0000   0.0000   0.0000   0.0000   0.0000   0.0000;
267:  0.2280   0.4820   0.6760   0.8620   1.0600   1.3120   1.5290   1.8710   2.0950   2.3260   2.5610   2.8940   3.1510   3.4070   3.6640   3.8650   4.1220   0.0000   0.0000   0.0000   0.0000   0.0000   0.0000;
268:  0.2280   0.4800   0.6750   0.8610   1.0600   1.3130   1.5300   1.8730   2.0970   2.3280   2.5630   2.8970   3.1550   3.4110   3.6680   3.8670   4.1230   0.0000   0.0000   0.0000   0.0000   0.0000   0.0000;
269:  0.2270   0.4800   0.6750   0.8610   1.0600   1.3130   1.5310   1.8740   2.0980   2.3300   2.5650   2.9000   3.1590   3.4160   3.6720   3.8700   4.1250   0.0000   0.0000   0.0000   0.0000   0.0000   0.0000;
270:  0.2270   0.4790   0.6740   0.8610   1.0600   1.3140   1.5320   1.8750   2.1000   2.3330   2.5670   2.9040   3.1630   3.4210   3.6750   3.8730   4.1260   0.0000   0.0000   0.0000   0.0000   0.0000   0.0000;
271:  0.2260   0.4780   0.6740   0.8610   1.0600   1.3150   1.5330   1.8760   2.1020   2.3350   2.5690   2.9080   3.1660   3.4250   3.6790   3.8750   4.1290   0.0000   0.0000   0.0000   0.0000   0.0000   0.0000;
272:  0.2250   0.4770   0.6730   0.8610   1.0600   1.3150   1.5350   1.8780   2.1040   2.3380   2.5720   2.9110   3.1700   3.4300   3.6820   3.8780   4.1310   0.0000   0.0000   0.0000   0.0000   0.0000   0.0000;
273:  0.2250   0.4760   0.6730   0.8620   1.0610   1.3160   1.5360   1.8790   2.1060   2.3400   2.5750   2.9150   3.1740   3.4340   3.6860   3.8810   4.1340   0.0000   0.0000   0.0000   0.0000   0.0000   0.0000;
274:  0.2240   0.4750   0.6730   0.8620   1.0610   1.3170   1.5370   1.8810   2.1090   2.3430   2.5780   2.9180   3.1780   3.4380   3.6900   3.8840   4.1370   0.0000   0.0000   0.0000   0.0000   0.0000   0.0000;
275:  0.2240   0.4740   0.6730   0.8620   1.0620   1.3180   1.5390   1.8830   2.1110   2.3450   2.5820   2.9220   3.1820   3.4400   3.6930   3.8870   4.1400   0.0000   0.0000   0.0000   0.0000   0.0000   0.0000;
276:  0.2230   0.4740   0.6730   0.8630   1.0620   1.3190   1.5410   1.8850   2.1130   2.3480   2.5850   2.9250   3.1850   3.4430   3.6980   3.8900   4.1430   0.0000   0.0000   0.0000   0.0000   0.0000   0.0000;
277:  0.2230   0.4730   0.6730   0.8640   1.0630   1.3200   1.5420   1.8870   2.1160   2.3510   2.5880   2.9290   3.1890   3.4450   3.7020   3.8940   4.1470   0.0000   0.0000   0.0000   0.0000   0.0000   0.0000;
278:  0.2220   0.4720   0.6730   0.8640   1.0630   1.3220   1.5440   1.8900   2.1180   2.3530   2.5920   2.9320   3.1920   3.4470   3.7070   3.8980   4.1510   0.0000   0.0000   0.0000   0.0000   0.0000   0.0000;
279:  0.2220   0.4710   0.6730   0.8650   1.0640   1.3230   1.5460   1.8920   2.1210   2.3560   2.5950   2.9350   3.1960   3.4490   3.7130   3.9030   4.1560   0.0000   0.0000   0.0000   0.0000   0.0000   0.0000;
280:  0.2210   0.4710   0.6740   0.8670   1.0650   1.3250   1.5480   1.8950   2.1240   2.3580   2.5990   2.9400   3.1990   3.4510   3.7170   3.9070   4.1610   0.0000   0.0000   0.0000   0.0000   0.0000   0.0000;
281:  0.2200   0.4700   0.6740   0.8680   1.0650   1.3270   1.5510   1.8970   2.1270   2.3610   2.6030   2.9440   3.2030   3.4520   3.7220   3.9110   4.1670   0.0000   0.0000   0.0000   0.0000   0.0000   0.0000;
282:  0.2200   0.4700   0.6750   0.8700   1.0660   1.3290   1.5530   1.9000   2.1290   2.3640   2.6060   2.9470   3.2060   3.4540   3.7270   3.9160   4.1740   4.3330   4.4620   0.0000   0.0000   0.0000   0.0000;
283:  0.2190   0.4690   0.6750   0.8720   1.0670   1.3310   1.5550   1.9020   2.1320   2.3670   2.6100   2.9520   3.2100   3.4550   3.7310   3.9210   4.1810   4.3390   4.4650   0.0000   0.0000   0.0000   0.0000;
284:  0.2190   0.4690   0.6760   0.8740   1.0690   1.3330   1.5570   1.9050   2.1360   2.3700   2.6140   2.9560   3.2130   3.4580   3.7360   3.9260   4.1880   4.3460   4.4680   0.0000   0.0000   0.0000   0.0000;
285:  0.2180   0.4690   0.6760   0.8760   1.0700   1.3350   1.5600   1.9080   2.1390   2.3730   2.6180   2.9610   3.2170   3.4610   3.7400   3.9310   4.1950   4.3530   4.4720   0.0000   0.0000   0.0000   0.0000;
286:  0.2180   0.4690   0.6770   0.8780   1.0710   1.3370   1.5630   1.9110   2.1420   2.3760   2.6220   2.9660   3.2210   3.4640   3.7440   3.9360   4.2030   4.3600   4.4770   0.0000   0.0000   0.0000   0.0000;
287:  0.2170   0.4680   0.6780   0.8800   1.0720   1.3390   1.5650   1.9140   2.1450   2.3800   2.6250   2.9710   3.2240   3.4670   3.7480   3.9420   4.2100   4.3690   4.4830   0.0000   0.0000   0.0000   0.0000;
288:  0.2170   0.4680   0.6790   0.8830   1.0730   1.3420   1.5670   1.9170   2.1490   2.3830   2.6300   2.9750   3.2280   3.4700   3.7510   3.9470   4.2170   4.3780   4.4890   0.0000   0.0000   0.0000   0.0000;
289:  0.2160   0.4680   0.6800   0.8850   1.0750   1.3440   1.5700   1.9200   2.1520   2.3860   2.6340   2.9800   3.2330   3.4730   3.7540   3.9530   4.2240   4.3870   4.4960   0.0000   0.0000   0.0000   0.0000;
290:  0.2160   0.4690   0.6820   0.8870   1.0760   1.3470   1.5730   1.9230   2.1560   2.3890   2.6380   2.9850   3.2370   3.4760   3.7580   3.9580   4.2310   4.3960   4.5020   0.0000   0.0000   0.0000   0.0000;
291:  0.2160   0.4690   0.6830   0.8900   1.0780   1.3490   1.5750   1.9270   2.1590   2.3930   2.6420   2.9910   3.2410   3.4790   3.7610   3.9630   4.2380   4.4050   4.5090   0.0000   0.0000   0.0000   0.0000;
292:  0.2150   0.4690   0.6840   0.8920   1.0790   1.3520   1.5770   1.9300   2.1630   2.3960   2.6470   2.9970   3.2460   3.4820   3.7650   3.9690   4.2450   4.4150   4.5160   0.0000   0.0000   0.0000   0.0000;
293:  0.2150   0.4700   0.6850   0.8940   1.0810   1.3550   1.5800   1.9330   2.1660   2.4000   2.6510   3.0020   3.2510   3.4850   3.7680   3.9750   4.2520   4.4240   4.5240   0.0000   0.0000   0.0000   0.0000;
294:  0.2150   0.4700   0.6860   0.8960   1.0830   1.3570   1.5830   1.9360   2.1700   2.4040   2.6550   3.0090   3.2550   3.4890   3.7710   3.9810   4.2580   4.4340   4.5300   0.0000   0.0000   0.0000   0.0000;
295:  0.2140   0.4710   0.6880   0.8970   1.0850   1.3600   1.5850   1.9400   2.1740   2.4080   2.6600   3.0140   3.2600   3.4940   3.7750   3.9860   4.2650   4.4430   4.5370   0.0000   0.0000   0.0000   0.0000;
296:  0.2140   0.4720   0.6890   0.8990   1.0870   1.3630   1.5880   1.9430   2.1780   2.4120   2.6640   3.0200   3.2640   3.4990   3.7780   3.9920   4.2720   4.4520   4.5420   0.0000   0.0000   0.0000   0.0000;
297:  0.2130   0.4730   0.6900   0.9000   1.0890   1.3660   1.5910   1.9470   2.1810   2.4160   2.6690   3.0250   3.2690   3.5040   3.7810   3.9980   4.2770   4.4610   0.0000   0.0000   0.0000   0.0000   0.0000;
298:  0.2130   0.4730   0.6920   0.9010   1.0910   1.3680   1.5940   1.9500   2.1850   2.4200   2.6730   3.0310   3.2740   3.5100   3.7850   4.0050   4.2810   4.4700   0.0000   0.0000   0.0000   0.0000   0.0000;
299:  0.2130   0.4750   0.6930   0.9020   1.0940   1.3710   1.5970   1.9540   2.1890   2.4240   2.6780   3.0360   3.2800   3.5150   3.7890   4.0130   4.2840   4.4790   0.0000   0.0000   0.0000   0.0000   0.0000;
300:  0.2120   0.4760   0.6940   0.9030   1.0960   1.3740   1.6000   1.9580   2.1940   2.4290   2.6820   3.0420   3.2850   3.5200   3.7940   4.0210   4.2870   4.4880   0.0000   0.0000   0.0000   0.0000   0.0000;
301:  0.2120   0.4770   0.6960   0.9040   1.0990   1.3760   1.6040   1.9620   2.1980   2.4330   2.6870   3.0470   3.2900   3.5260   3.7990   4.0300   4.2880   0.0000   0.0000   0.0000   0.0000   0.0000   0.0000;
302:  0.2120   0.4780   0.6970   0.9050   1.1020   1.3790   1.6070   1.9660   2.2020   2.4370   2.6910   3.0530   3.2950   3.5310   3.8050   4.0400   4.2900   0.0000   0.0000   0.0000   0.0000   0.0000   0.0000;
303:  0.2120   0.4800   0.6980   0.9050   1.1050   1.3820   1.6110   1.9700   2.2070   2.4420   2.6950   3.0590   3.3010   3.5360   3.8110   4.0500   4.2910   0.0000   0.0000   0.0000   0.0000   0.0000   0.0000;
304:  0.2110   0.4820   0.7000   0.9060   1.1070   1.3850   1.6140   1.9750   2.2110   2.4460   2.6990   3.0650   3.3060   3.5420   3.8170   4.0600   4.2930   0.0000   0.0000   0.0000   0.0000   0.0000   0.0000;
305:  0.2110   0.4830   0.7010   0.9060   1.1100   1.3880   1.6180   1.9790   2.2160   2.4510   2.7030   3.0710   3.3110   3.5470   3.8230   4.0710   4.2950   0.0000   0.0000   0.0000   0.0000   0.0000   0.0000;
306:  0.2110   0.4850   0.7020   0.9070   1.1130   1.3910   1.6220   1.9830   2.2200   2.4560   2.7070   3.0770   3.3170   3.5540   3.8300   4.0820   4.3000   0.0000   0.0000   0.0000   0.0000   0.0000   0.0000;
307:  0.2110   0.4870   0.7030   0.9080   1.1160   1.3940   1.6260   1.9880   2.2250   2.4610   2.7100   3.0840   3.3230   3.5610   3.8360   4.0930   4.3050   0.0000   0.0000   0.0000   0.0000   0.0000   0.0000;
308:  0.2100   0.4880   0.7050   0.9090   1.1190   1.3970   1.6300   1.9920   2.2290   2.4660   2.7140   3.0910   3.3290   3.5690   3.8430   4.1040   4.3100   0.0000   0.0000   0.0000   0.0000   0.0000   0.0000;
309:  0.2100   0.4900   0.7060   0.9090   1.1220   1.4000   1.6330   1.9970   2.2340   2.4710   2.7180   3.0980   3.3350   3.5770   3.8500   4.1160   4.3150   0.0000   0.0000   0.0000   0.0000   0.0000   0.0000;
310:  0.2100   0.4920   0.7070   0.9100   1.1250   1.4030   1.6370   2.0010   2.2380   2.4750   2.7210   3.1050   3.3420   3.5850   3.8580   4.1270   4.3220   0.0000   0.0000   0.0000   0.0000   0.0000   0.0000;
311:  0.2100   0.4940   0.7080   0.9110   1.1290   1.4060   1.6410   2.0060   2.2430   2.4800   2.7240   3.1120   3.3480   3.5920   3.8660   4.1380   4.3290   0.0000   0.0000   0.0000   0.0000   0.0000   0.0000;
312:  0.2100   0.4960   0.7090   0.9130   1.1320   1.4090   1.6450   2.0110   2.2470   2.4850   2.7270   3.1190   3.3540   3.6000   3.8740   4.1480   4.3380   0.0000   0.0000   0.0000   0.0000   0.0000   0.0000;
313:  0.2100   0.4980   0.7100   0.9140   1.1350   1.4120   1.6490   2.0150   2.2520   2.4900   2.7310   3.1260   3.3600   3.6070   3.8830   4.1580   4.3470   0.0000   0.0000   0.0000   0.0000   0.0000   0.0000;
314:  0.2090   0.5000   0.7110   0.9160   1.1370   1.4150   1.6530   2.0200   2.2560   2.4950   2.7340   3.1330   3.3660   3.6140   3.8910   4.1670   4.3560   0.0000   0.0000   0.0000   0.0000   0.0000   0.0000;
315:  0.2090   0.5020   0.7120   0.9170   1.1400   1.4180   1.6560   2.0240   2.2600   2.4990   2.7370   3.1390   3.3730   3.6200   3.9000   4.1780   4.3670   0.0000   0.0000   0.0000   0.0000   0.0000   0.0000;
316:  0.2090   0.5040   0.7130   0.9190   1.1430   1.4220   1.6600   2.0290   2.2650   2.5040   2.7400   3.1460   3.3790   3.6280   3.9090   4.1890   4.3790   0.0000   0.0000   0.0000   0.0000   0.0000   0.0000;
317:  0.2090   0.5060   0.7150   0.9210   1.1460   1.4250   1.6640   2.0330   2.2690   2.5090   2.7420   3.1520   3.3850   3.6350   3.9170   4.1990   4.3920   0.0000   0.0000   0.0000   0.0000   0.0000   0.0000;
318:  0.2090   0.5080   0.7160   0.9230   1.1490   1.4290   1.6670   2.0370   2.2730   2.5140   2.7450   3.1580   3.3910   3.6420   3.9270   4.2080   4.4070   0.0000   0.0000   0.0000   0.0000   0.0000   0.0000;
319:  0.2090   0.5100   0.7170   0.9250   1.1520   1.4330   1.6710   2.0420   2.2770   2.5190   2.7470   3.1640   3.3970   3.6490   3.9360   4.2170   4.4220   0.0000   0.0000   0.0000   0.0000   0.0000   0.0000;
320:  0.2090   0.5120   0.7180   0.9270   1.1550   1.4360   1.6750   2.0460   2.2810   2.5230   2.7490   3.1680   3.4040   3.6550   3.9450   4.2260   4.4380   0.0000   0.0000   0.0000   0.0000   0.0000   0.0000;
321:  0.2090   0.5130   0.7190   0.9300   1.1580   1.4400   1.6790   2.0500   2.2850   2.5280   2.7520   3.1720   3.4100   3.6620   3.9540   4.2360   4.4550   0.0000   0.0000   0.0000   0.0000   0.0000   0.0000;
322:  0.2090   0.5150   0.7200   0.9320   1.1610   1.4450   1.6830   2.0530   2.2890   2.5330   2.7550   3.1770   3.4160   3.6700   3.9640   4.2460   4.4720   0.0000   0.0000   0.0000   0.0000   0.0000   0.0000;
323:  0.2090   0.5170   0.7210   0.9350   1.1640   1.4490   1.6870   2.0570   2.2930   2.5370   2.7580   3.1820   3.4220   3.6770   3.9730   4.2560   4.4890   0.0000   0.0000   0.0000   0.0000   0.0000   0.0000;
324:  0.2090   0.5190   0.7220   0.9370   1.1660   1.4530   1.6910   2.0600   2.2980   2.5420   2.7610   3.1860   3.4280   3.6840   3.9820   4.2670   4.5060   0.0000   0.0000   0.0000   0.0000   0.0000   0.0000;
325:  0.2090   0.5200   0.7230   0.9390   1.1690   1.4580   1.6950   2.0640   2.3020   2.5460   2.7650   3.1910   3.4350   3.6910   3.9910   4.2780   4.5240   0.0000   0.0000   0.0000   0.0000   0.0000   0.0000;
326:  0.2090   0.5220   0.7250   0.9420   1.1720   1.4620   1.6990   2.0670   2.3060   2.5500   2.7690   3.1950   3.4400   3.6980   4.0000   4.2890   4.5420   0.0000   0.0000   0.0000   0.0000   0.0000   0.0000;
327:  0.2090   0.5240   0.7260   0.9450   1.1750   1.4670   1.7030   2.0690   2.3110   2.5540   2.7730   3.1990   3.4460   3.7050   4.0080   4.2990   4.5610   0.0000   0.0000   0.0000   0.0000   0.0000   0.0000;
328:  0.2090   0.5250   0.7270   0.9470   1.1770   1.4710   1.7070   2.0720   2.3150   2.5580   2.7770   3.2020   3.4510   3.7120   4.0160   4.3090   4.5810   0.0000   0.0000   0.0000   0.0000   0.0000   0.0000;
329:  0.2090   0.5260   0.7280   0.9500   1.1800   1.4760   1.7120   2.0750   2.3200   2.5620   2.7820   3.2060   3.4560   3.7190   4.0240   4.3200   4.6020   0.0000   0.0000   0.0000   0.0000   0.0000   0.0000;
330:  0.2090   0.5280   0.7300   0.9530   1.1820   1.4800   1.7160   2.0770   2.3240   2.5660   2.7870   3.2100   3.4620   3.7260   4.0310   4.3290   4.6220   0.0000   0.0000   0.0000   0.0000   0.0000   0.0000;
331:  0.2090   0.5290   0.7310   0.9550   1.1850   1.4850   1.7200   2.0800   2.3290   2.5700   2.7930   3.2140   3.4670   3.7320   4.0380   4.3400   4.6420   0.0000   0.0000   0.0000   0.0000   0.0000   0.0000;
332:  0.2090   0.5300   0.7320   0.9580   1.1870   1.4890   1.7240   2.0820   2.3330   2.5730   2.7990   3.2170   3.4720   3.7390   4.0450   4.3490   4.6620   0.0000   0.0000   0.0000   0.0000   0.0000   0.0000;
333:  0.2090   0.5320   0.7340   0.9600   1.1890   1.4930   1.7280   2.0840   2.3370   2.5760   2.8050   3.2200   3.4760   3.7450   4.0520   4.3580   4.6820   0.0000   0.0000   0.0000   0.0000   0.0000   0.0000;
334:  0.2090   0.5330   0.7350   0.9630   1.1920   1.4970   1.7310   2.0860   2.3420   2.5790   2.8120   3.2230   3.4810   3.7510   4.0590   4.3660   4.7020   0.0000   0.0000   0.0000   0.0000   0.0000   0.0000;
335:  0.2090   0.5340   0.7360   0.9650   1.1940   1.5010   1.7350   2.0880   2.3450   2.5810   2.8180   3.2260   3.4840   3.7570   4.0650   4.3730   4.7210   0.0000   0.0000   0.0000   0.0000   0.0000   0.0000;
336:  0.2090   0.5350   0.7380   0.9670   1.1960   1.5040   1.7380   2.0900   2.3490   2.5840   2.8250   3.2290   3.4880   3.7620   4.0720   4.3790   4.7390   0.0000   0.0000   0.0000   0.0000   0.0000   0.0000;
337:  0.2090   0.5360   0.7400   0.9700   1.1990   1.5080   1.7410   2.0920   2.3520   2.5860   2.8300   3.2320   3.4910   3.7660   4.0780   4.3850   4.7570   0.0000   0.0000   0.0000   0.0000   0.0000   0.0000;
338:  0.2090   0.5370   0.7410   0.9730   1.2020   1.5110   1.7430   2.0950   2.3550   2.5880   2.8360   3.2340   3.4930   3.7700   4.0830   4.3920   4.7740   0.0000   0.0000   0.0000   0.0000   0.0000   0.0000;
339:  0.2090   0.5380   0.7430   0.9750   1.2040   1.5140   1.7460   2.0960   2.3580   2.5900   2.8400   3.2360   3.4950   3.7750   4.0870   4.3980   4.7900   0.0000   0.0000   0.0000   0.0000   0.0000   0.0000;
340:  0.2090   0.5390   0.7440   0.9770   1.2070   1.5160   1.7480   2.0990   2.3600   2.5910   2.8430   3.2380   3.4970   3.7780   4.0910   4.4060   4.8040   0.0000   0.0000   0.0000   0.0000   0.0000   0.0000;
341:  0.2090   0.5400   0.7460   0.9800   1.2090   1.5190   1.7500   2.1010   2.3620   2.5930   2.8450   3.2400   3.4980   3.7800   4.0930   4.4130   4.8160   0.0000   0.0000   0.0000   0.0000   0.0000   0.0000;
342:  0.2090   0.5410   0.7470   0.9820   1.2120   1.5210   1.7520   2.1030   2.3630   2.5940   2.8460   3.2420   3.4980   3.7820   4.0940   4.4200   4.8270   0.0000   0.0000   0.0000   0.0000   0.0000   0.0000;
343:  0.2090   0.5420   0.7490   0.9840   1.2150   1.5230   1.7540   2.1050   2.3640   2.5950   2.8460   3.2420   3.4980   3.7830   4.0960   4.4250   4.8370   0.0000   0.0000   0.0000   0.0000   0.0000   0.0000;
344:  0.2090   0.5420   0.7500   0.9860   1.2180   1.5240   1.7560   2.1070   2.3640   2.5960   2.8460   3.2420   3.4990   3.7850   4.0970   4.4310   4.8450   4.9900   0.0000   0.0000   0.0000   0.0000   0.0000;
345:  0.2090   0.5430   0.7520   0.9880   1.2200   1.5260   1.7570   2.1090   2.3640   2.5970   2.8450   3.2420   3.4980   3.7850   4.0970   4.4360   4.8500   4.9960   0.0000   0.0000   0.0000   0.0000   0.0000;
346:  0.2090   0.5440   0.7530   0.9900   1.2230   1.5270   1.7590   2.1110   2.3640   2.5970   2.8430   3.2420   3.4970   3.7850   4.0980   4.4420   4.8540   5.0020   0.0000   0.0000   0.0000   0.0000   0.0000;
347:  0.2090   0.5450   0.7550   0.9920   1.2250   1.5290   1.7600   2.1130   2.3630   2.5980   2.8400   3.2420   3.4960   3.7860   4.0980   4.4470   4.8550   5.0060   0.0000   0.0000   0.0000   0.0000   0.0000;
348:  0.2090   0.5450   0.7560   0.9930   1.2280   1.5300   1.7610   2.1160   2.3620   2.5980   2.8370   3.2420   3.4950   3.7860   4.0970   4.4510   4.8550   5.0090   0.0000   0.0000   0.0000   0.0000   0.0000;
349:  0.2090   0.5460   0.7570   0.9950   1.2300   1.5310   1.7610   2.1180   2.3610   2.5970   2.8340   3.2420   3.4940   3.7860   4.0960   4.4540   4.8540   5.0100   0.0000   0.0000   0.0000   0.0000   0.0000;
350:  0.2090   0.5470   0.7580   0.9960   1.2330   1.5320   1.7620   2.1200   2.3600   2.5970   2.8300   3.2410   3.4920   3.7860   4.0940   4.4570   4.8520   5.0100   0.0000   0.0000   0.0000   0.0000   0.0000;
351:  0.2090   0.5480   0.7600   0.9980   1.2350   1.5330   1.7620   2.1220   2.3590   2.5960   2.8260   3.2400   3.4900   3.7870   4.0910   4.4600   4.8480   5.0090   0.0000   0.0000   0.0000   0.0000   0.0000;
352:  0.2090   0.5480   0.7610   0.9990   1.2360   1.5340   1.7620   2.1230   2.3580   2.5950   2.8220   3.2390   3.4870   3.7870   4.0870   4.4610   4.8420   5.0060   0.0000   0.0000   0.0000   0.0000   0.0000;
353:  0.2090   0.5490   0.7620   1.0000   1.2380   1.5350   1.7630   2.1250   2.3570   2.5940   2.8180   3.2380   3.4850   3.7870   4.0840   4.4610   4.8340   5.0020   0.0000   0.0000   0.0000   0.0000   0.0000;
354:  0.2090   0.5500   0.7630   1.0020   1.2400   1.5350   1.7630   2.1260   2.3550   2.5930   2.8140   3.2370   3.4830   3.7870   4.0800   4.4590   4.8250   4.9970   0.0000   0.0000   0.0000   0.0000   0.0000;
355:  0.2090   0.5500   0.7640   1.0030   1.2410   1.5360   1.7630   2.1270   2.3540   2.5910   2.8110   3.2350   3.4810   3.7850   4.0770   4.4550   4.8150   4.9910   0.0000   0.0000   0.0000   0.0000   0.0000;
356:  0.2090   0.5510   0.7650   1.0040   1.2420   1.5360   1.7640   2.1280   2.3530   2.5890   2.8090   3.2320   3.4780   3.7830   4.0730   4.4490   4.8030   4.9850   0.0000   0.0000   0.0000   0.0000   0.0000;
357:  0.2090   0.5510   0.7660   1.0040   1.2440   1.5360   1.7640   2.1280   2.3510   2.5880   2.8070   3.2290   3.4760   3.7790   4.0690   4.4420   4.7890   4.9770   0.0000   0.0000   0.0000   0.0000   0.0000;
358:  0.2090   0.5520   0.7670   1.0050   1.2440   1.5360   1.7630   2.1280   2.3500   2.5860   2.8060   3.2270   3.4730   3.7740   4.0650   4.4340   4.7750   4.9690   0.0000   0.0000   0.0000   0.0000   0.0000;
359:  0.2090   0.5520   0.7680   1.0050   1.2450   1.5360   1.7630   2.1280   2.3480   2.5840   2.8050   3.2230   3.4690   3.7680   4.0600   4.4240   4.7600   4.9600   0.0000   0.0000   0.0000   0.0000   0.0000;
#AFTER_DB_V4;
000:  0.2090   0.5530   0.7690   1.0060   1.2450   1.5360   1.7630   2.1280   2.3470   2.5820   2.8040   3.2200   3.4660   3.7620   4.0550   4.4130   4.7450   4.9500   0.0000   0.0000   0.0000   0.0000   0.0000;
001:  0.2090   0.5530   0.7690   1.0070   1.2460   1.5360   1.7620   2.1270   2.3460   2.5800   2.8040   3.2170   3.4630   3.7560   4.0510   4.4010   4.7300   4.9400   0.0000   0.0000   0.0000   0.0000   0.0000;
002:  0.2090   0.5540   0.7700   1.0070   1.2460   1.5350   1.7620   2.1260   2.3440   2.5780   2.8030   3.2130   3.4600   3.7490   4.0450   4.3900   4.7130   4.9290   0.0000   0.0000   0.0000   0.0000   0.0000;
003:  0.2090   0.5540   0.7710   1.0080   1.2460   1.5350   1.7610   2.1250   2.3430   2.5760   2.8020   3.2080   3.4570   3.7420   4.0380   4.3790   4.6950   4.9170   0.0000   0.0000   0.0000   0.0000   0.0000;
004:  0.2090   0.5540   0.7710   1.0080   1.2470   1.5340   1.7610   2.1230   2.3420   2.5740   2.8000   3.2040   3.4530   3.7350   4.0310   4.3670   4.6760   4.9050   0.0000   0.0000   0.0000   0.0000   0.0000;
005:  0.2080   0.5550   0.7710   1.0090   1.2470   1.5340   1.7600   2.1220   2.3400   2.5720   2.7980   3.2000   3.4500   3.7290   4.0240   4.3550   4.6580   4.8930   0.0000   0.0000   0.0000   0.0000   0.0000;
006:  0.2080   0.5550   0.7720   1.0090   1.2470   1.5330   1.7600   2.1200   2.3380   2.5690   2.7960   3.1960   3.4460   3.7210   4.0160   4.3430   4.6400   4.8800   0.0000   0.0000   0.0000   0.0000   0.0000;
007:  0.2080   0.5550   0.7720   1.0100   1.2460   1.5310   1.7580   2.1170   2.3370   2.5670   2.7950   3.1910   3.4420   3.7150   4.0070   4.3310   4.6210   4.8650   0.0000   0.0000   0.0000   0.0000   0.0000;
008:  0.2080   0.5550   0.7720   1.0100   1.2460   1.5300   1.7580   2.1150   2.3350   2.5650   2.7920   3.1860   3.4380   3.7090   3.9990   4.3210   4.6020   4.8510   0.0000   0.0000   0.0000   0.0000   0.0000;
009:  0.2080   0.5550   0.7720   1.0100   1.2460   1.5290   1.7560   2.1130   2.3330   2.5630   2.7900   3.1820   3.4330   3.7020   3.9910   4.3100   4.5830   4.8350   0.0000   0.0000   0.0000   0.0000   0.0000;
010:  0.2080   0.5550   0.7730   1.0100   1.2450   1.5270   1.7550   2.1100   2.3300   2.5600   2.7880   3.1770   3.4290   3.6960   3.9820   4.3000   4.5630   4.8180   0.0000   0.0000   0.0000   0.0000   0.0000;
011:  0.2070   0.5550   0.7730   1.0100   1.2440   1.5250   1.7530   2.1070   2.3280   2.5580   2.7850   3.1730   3.4250   3.6900   3.9750   4.2890   4.5450   4.8020   0.0000   0.0000   0.0000   0.0000   0.0000;
012:  0.2070   0.5550   0.7730   1.0100   1.2430   1.5240   1.7520   2.1040   2.3250   2.5560   2.7820   3.1680   3.4200   3.6830   3.9670   4.2770   4.5270   4.7850   0.0000   0.0000   0.0000   0.0000   0.0000;
013:  0.2070   0.5550   0.7720   1.0100   1.2420   1.5210   1.7500   2.1010   2.3220   2.5540   2.7790   3.1640   3.4150   3.6780   3.9580   4.2650   4.5100   4.7670   0.0000   0.0000   0.0000   0.0000   0.0000;
014:  0.2070   0.5550   0.7720   1.0090   1.2410   1.5190   1.7470   2.0980   2.3190   2.5510   2.7760   3.1600   3.4100   3.6720   3.9490   4.2540   4.4930   4.7500   0.0000   0.0000   0.0000   0.0000   0.0000;
015:  0.2070   0.5550   0.7720   1.0090   1.2400   1.5170   1.7450   2.0950   2.3160   2.5490   2.7740   3.1560   3.4040   3.6670   3.9400   4.2430   4.4750   4.7330   0.0000   0.0000   0.0000   0.0000   0.0000;
016:  0.2060   0.5550   0.7720   1.0090   1.2380   1.5150   1.7430   2.0930   2.3130   2.5460   2.7710   3.1510   3.3990   3.6630   3.9310   4.2320   4.4570   4.7160   0.0000   0.0000   0.0000   0.0000   0.0000;
017:  0.2060   0.5540   0.7710   1.0080   1.2370   1.5120   1.7400   2.0900   2.3100   2.5440   2.7670   3.1470   3.3930   3.6580   3.9210   4.2200   4.4400   4.7000   0.0000   0.0000   0.0000   0.0000   0.0000;
018:  0.2060   0.5540   0.7710   1.0070   1.2350   1.5090   1.7370   2.0870   2.3070   2.5410   2.7650   3.1420   3.3870   3.6530   3.9110   4.2080   4.4220   4.6840   0.0000   0.0000   0.0000   0.0000   0.0000;
019:  0.2060   0.5540   0.7710   1.0060   1.2330   1.5060   1.7340   2.0840   2.3040   2.5380   2.7620   3.1380   3.3800   3.6470   3.9000   4.1950   4.4040   4.6690   0.0000   0.0000   0.0000   0.0000   0.0000;
020:  0.2050   0.5530   0.7700   1.0050   1.2310   1.5030   1.7310   2.0800   2.3000   2.5350   2.7590   3.1340   3.3740   3.6420   3.8900   4.1830   4.3840   0.0000   0.0000   0.0000   0.0000   0.0000   0.0000;
021:  0.2050   0.5530   0.7690   1.0040   1.2290   1.5000   1.7280   2.0770   2.2970   2.5320   2.7560   3.1290   3.3680   3.6350   3.8810   4.1690   4.3660   0.0000   0.0000   0.0000   0.0000   0.0000   0.0000;
022:  0.2050   0.5520   0.7690   1.0020   1.2270   1.4970   1.7250   2.0730   2.2940   2.5290   2.7520   3.1250   3.3620   3.6280   3.8710   4.1550   4.3490   0.0000   0.0000   0.0000   0.0000   0.0000   0.0000;
023:  0.2050   0.5520   0.7680   1.0010   1.2250   1.4940   1.7220   2.0700   2.2900   2.5250   2.7490   3.1210   3.3570   3.6210   3.8610   4.1410   4.3330   0.0000   0.0000   0.0000   0.0000   0.0000   0.0000;
024:  0.2040   0.5510   0.7680   0.9990   1.2220   1.4910   1.7180   2.0660   2.2860   2.5220   2.7450   3.1160   3.3510   3.6140   3.8500   4.1270   4.3180   0.0000   0.0000   0.0000   0.0000   0.0000   0.0000;
025:  0.2040   0.5500   0.7670   0.9980   1.2200   1.4870   1.7150   2.0630   2.2820   2.5180   2.7420   3.1100   3.3440   3.6060   3.8400   4.1130   4.3030   0.0000   0.0000   0.0000   0.0000   0.0000   0.0000;
026:  0.2040   0.5500   0.7660   0.9960   1.2180   1.4840   1.7120   2.0590   2.2790   2.5150   2.7380   3.1050   3.3370   3.5990   3.8290   4.0990   4.2890   0.0000   0.0000   0.0000   0.0000   0.0000   0.0000;
027:  0.2040   0.5490   0.7650   0.9940   1.2160   1.4800   1.7090   2.0560   2.2750   2.5110   2.7340   3.1000   3.3300   3.5900   3.8180   4.0840   4.2760   0.0000   0.0000   0.0000   0.0000   0.0000   0.0000;
028:  0.2030   0.5480   0.7650   0.9920   1.2130   1.4770   1.7060   2.0520   2.2710   2.5070   2.7300   3.0950   3.3240   3.5800   3.8070   4.0710   4.2630   0.0000   0.0000   0.0000   0.0000   0.0000   0.0000;
029:  0.2030   0.5470   0.7640   0.9900   1.2110   1.4730   1.7030   2.0490   2.2670   2.5030   2.7260   3.0900   3.3170   3.5710   3.7960   4.0570   4.2520   0.0000   0.0000   0.0000   0.0000   0.0000   0.0000;
030:  0.2030   0.5470   0.7630   0.9880   1.2090   1.4700   1.7000   2.0450   2.2640   2.5000   2.7220   3.0840   3.3100   3.5620   3.7850   4.0440   4.2410   0.0000   0.0000   0.0000   0.0000   0.0000   0.0000;
031:  0.2020   0.5460   0.7620   0.9860   1.2060   1.4660   1.6970   2.0420   2.2600   2.4960   2.7170   3.0780   3.3030   3.5530   3.7740   4.0320   4.2310   0.0000   0.0000   0.0000   0.0000   0.0000   0.0000;
032:  0.2020   0.5450   0.7610   0.9840   1.2040   1.4620   1.6940   2.0390   2.2560   2.4920   2.7120   3.0730   3.2960   3.5450   3.7640   4.0220   4.2220   0.0000   0.0000   0.0000   0.0000   0.0000   0.0000;
033:  0.2020   0.5440   0.7600   0.9820   1.2010   1.4590   1.6910   2.0360   2.2520   2.4880   2.7070   3.0670   3.2880   3.5360   3.7550   4.0120   0.0000   0.0000   0.0000   0.0000   0.0000   0.0000   0.0000;
034:  0.2020   0.5430   0.7590   0.9800   1.1990   1.4560   1.6890   2.0330   2.2480   2.4840   2.7020   3.0610   3.2810   3.5280   3.7450   4.0020   0.0000   0.0000   0.0000   0.0000   0.0000   0.0000   0.0000;
035:  0.2010   0.5420   0.7580   0.9780   1.1960   1.4530   1.6860   2.0300   2.2440   2.4810   2.6970   3.0540   3.2740   3.5200   3.7370   3.9930   0.0000   0.0000   0.0000   0.0000   0.0000   0.0000   0.0000;
036:  0.2010   0.5410   0.7570   0.9760   1.1940   1.4500   1.6840   2.0270   2.2400   2.4770   2.6920   3.0480   3.2670   3.5120   3.7290   3.9840   0.0000   0.0000   0.0000   0.0000   0.0000   0.0000   0.0000;
037:  0.2000   0.5400   0.7560   0.9740   1.1920   1.4470   1.6810   2.0240   2.2370   2.4730   2.6870   3.0420   3.2590   3.5050   3.7210   3.9740   0.0000   0.0000   0.0000   0.0000   0.0000   0.0000   0.0000;
038:  0.2000   0.5390   0.7550   0.9720   1.1890   1.4450   1.6790   2.0210   2.2330   2.4690   2.6820   3.0350   3.2520   3.4990   3.7140   3.9650   0.0000   0.0000   0.0000   0.0000   0.0000   0.0000   0.0000;
039:  0.2000   0.5380   0.7540   0.9700   1.1870   1.4430   1.6760   2.0180   2.2300   2.4660   2.6770   3.0280   3.2450   3.4930   3.7070   3.9560   0.0000   0.0000   0.0000   0.0000   0.0000   0.0000   0.0000;
040:  0.2000   0.5370   0.7530   0.9680   1.1850   1.4400   1.6740   2.0150   2.2260   2.4620   2.6710   3.0210   3.2380   3.4860   3.7020   3.9460   0.0000   0.0000   0.0000   0.0000   0.0000   0.0000   0.0000;
041:  0.1990   0.5360   0.7510   0.9660   1.1830   1.4380   1.6710   2.0120   2.2230   2.4580   2.6660   3.0140   3.2310   3.4800   3.6950   3.9370   0.0000   0.0000   0.0000   0.0000   0.0000   0.0000   0.0000;
042:  0.1990   0.5350   0.7500   0.9640   1.1810   1.4360   1.6690   2.0090   2.2200   2.4540   2.6610   3.0080   3.2240   3.4740   3.6890   3.9280   0.0000   0.0000   0.0000   0.0000   0.0000   0.0000   0.0000;
043:  0.1990   0.5340   0.7490   0.9620   1.1780   1.4350   1.6670   2.0070   2.2160   2.4500   2.6560   3.0020   3.2160   3.4680   3.6830   3.9200   0.0000   0.0000   0.0000   0.0000   0.0000   0.0000   0.0000;
044:  0.1980   0.5330   0.7480   0.9600   1.1760   1.4330   1.6640   2.0040   2.2130   2.4460   2.6510   2.9960   3.2110   3.4630   3.6780   3.9110   0.0000   0.0000   0.0000   0.0000   0.0000   0.0000   0.0000;
045:  0.1980   0.5320   0.7470   0.9580   1.1740   1.4310   1.6620   2.0000   2.2110   2.4410   2.6450   2.9910   3.2060   3.4570   3.6720   3.9040   0.0000   0.0000   0.0000   0.0000   0.0000   0.0000   0.0000;
046:  0.1980   0.5310   0.7450   0.9570   1.1720   1.4300   1.6590   1.9980   2.2080   2.4370   2.6400   2.9850   3.2010   3.4520   3.6660   3.8950   0.0000   0.0000   0.0000   0.0000   0.0000   0.0000   0.0000;
047:  0.1980   0.5290   0.7440   0.9550   1.1690   1.4280   1.6560   1.9950   2.2050   2.4320   2.6350   2.9800   3.1970   3.4470   3.6620   3.8870   0.0000   0.0000   0.0000   0.0000   0.0000   0.0000   0.0000;
048:  0.1970   0.5280   0.7430   0.9530   1.1670   1.4270   1.6540   1.9920   2.2030   2.4270   2.6290   2.9760   3.1930   3.4430   3.6570   3.8780   0.0000   0.0000   0.0000   0.0000   0.0000   0.0000   0.0000;
049:  0.1970   0.5270   0.7420   0.9510   1.1650   1.4250   1.6510   1.9890   2.2000   2.4220   2.6240   2.9710   3.1890   3.4380   3.6520   3.8680   0.0000   0.0000   0.0000   0.0000   0.0000   0.0000   0.0000;
050:  0.1970   0.5260   0.7400   0.9500   1.1630   1.4230   1.6480   1.9860   2.1970   2.4170   2.6200   2.9670   3.1850   3.4330   3.6470   3.8600   0.0000   0.0000   0.0000   0.0000   0.0000   0.0000   0.0000;
051:  0.1960   0.5250   0.7390   0.9480   1.1610   1.4220   1.6450   1.9830   2.1950   2.4120   2.6150   2.9620   3.1820   3.4290   3.6420   3.8510   0.0000   0.0000   0.0000   0.0000   0.0000   0.0000   0.0000;
052:  0.1960   0.5240   0.7380   0.9470   1.1590   1.4200   1.6430   1.9800   2.1910   2.4070   2.6100   2.9590   3.1780   3.4240   3.6370   3.8420   0.0000   0.0000   0.0000   0.0000   0.0000   0.0000   0.0000;
053:  0.1960   0.5230   0.7360   0.9450   1.1570   1.4180   1.6400   1.9780   2.1890   2.4020   2.6050   2.9550   3.1760   3.4190   3.6320   3.8330   0.0000   0.0000   0.0000   0.0000   0.0000   0.0000   0.0000;
054:  0.1950   0.5220   0.7350   0.9440   1.1550   1.4150   1.6380   1.9750   2.1860   2.3960   2.6010   2.9510   3.1730   3.4140   3.6270   3.8240   0.0000   0.0000   0.0000   0.0000   0.0000   0.0000   0.0000;
055:  0.1950   0.5210   0.7340   0.9420   1.1530   1.4130   1.6350   1.9730   2.1830   2.3910   2.5970   2.9470   3.1710   3.4080   3.6230   3.8150   0.0000   0.0000   0.0000   0.0000   0.0000   0.0000   0.0000;
056:  0.1950   0.5200   0.7320   0.9400   1.1510   1.4110   1.6330   1.9700   2.1800   2.3870   2.5930   2.9440   3.1680   3.4030   3.6180   3.8070   0.0000   0.0000   0.0000   0.0000   0.0000   0.0000   0.0000;
057:  0.1950   0.5190   0.7310   0.9390   1.1490   1.4080   1.6300   1.9670   2.1770   2.3820   2.5880   2.9400   3.1660   3.3980   3.6130   3.7980   0.0000   0.0000   0.0000   0.0000   0.0000   0.0000   0.0000;
058:  0.1950   0.5180   0.7290   0.9370   1.1470   1.4060   1.6270   1.9650   2.1740   2.3780   2.5840   2.9370   3.1640   3.3920   3.6080   3.7890   0.0000   0.0000   0.0000   0.0000   0.0000   0.0000   0.0000;
059:  0.1940   0.5170   0.7280   0.9360   1.1450   1.4040   1.6250   1.9630   2.1710   2.3740   2.5810   2.9340   3.1630   3.3870   3.6030   3.7810   0.0000   0.0000   0.0000   0.0000   0.0000   0.0000   0.0000;
060:  0.1940   0.5160   0.7270   0.9350   1.1440   1.4020   1.6230   1.9610   2.1670   2.3690   2.5780   2.9310   3.1610   3.3840   3.5980   3.7740   0.0000   0.0000   0.0000   0.0000   0.0000   0.0000   0.0000;
061:  0.1940   0.5150   0.7250   0.9330   1.1420   1.4000   1.6200   1.9580   2.1640   2.3650   2.5740   2.9270   3.1590   3.3800   3.5930   3.7670   0.0000   0.0000   0.0000   0.0000   0.0000   0.0000   0.0000;
062:  0.1930   0.5140   0.7240   0.9310   1.1400   1.3970   1.6180   1.9560   2.1600   2.3620   2.5710   2.9240   3.1560   3.3760   3.5870   3.7600   0.0000   0.0000   0.0000   0.0000   0.0000   0.0000   0.0000;
063:  0.1930   0.5130   0.7220   0.9300   1.1380   1.3950   1.6160   1.9540   2.1570   2.3580   2.5680   2.9200   3.1530   3.3730   3.5810   3.7540   0.0000   0.0000   0.0000   0.0000   0.0000   0.0000   0.0000;
064:  0.1930   0.5120   0.7210   0.9280   1.1360   1.3930   1.6140   1.9520   2.1530   2.3550   2.5650   2.9170   3.1510   3.3700   3.5750   3.7480   0.0000   0.0000   0.0000   0.0000   0.0000   0.0000   0.0000;
065:  0.1930   0.5110   0.7200   0.9260   1.1350   1.3910   1.6120   1.9490   2.1500   2.3520   2.5620   2.9140   3.1480   3.3670   3.5680   3.7430   0.0000   0.0000   0.0000   0.0000   0.0000   0.0000   0.0000;
066:  0.1930   0.5100   0.7180   0.9240   1.1330   1.3890   1.6100   1.9470   2.1460   2.3490   2.5600   2.9110   3.1440   3.3640   3.5620   3.7380   0.0000   0.0000   0.0000   0.0000   0.0000   0.0000   0.0000;
067:  0.1920   0.5090   0.7170   0.9230   1.1310   1.3880   1.6080   1.9440   2.1430   2.3460   2.5580   2.9080   3.1420   3.3620   3.5560   3.7340   0.0000   0.0000   0.0000   0.0000   0.0000   0.0000   0.0000;
068:  0.1920   0.5090   0.7150   0.9210   1.1290   1.3860   1.6060   1.9420   2.1400   2.3440   2.5560   2.9060   3.1390   3.3590   3.5500   3.7300   0.0000   0.0000   0.0000   0.0000   0.0000   0.0000   0.0000;
069:  0.1920   0.5080   0.7140   0.9190   1.1270   1.3840   1.6040   1.9400   2.1370   2.3410   2.5530   2.9040   3.1370   3.3580   3.5450   3.7270   0.0000   0.0000   0.0000   0.0000   0.0000   0.0000   0.0000;
070:  0.1920   0.5070   0.7130   0.9170   1.1250   1.3830   1.6020   1.9370   2.1340   2.3390   2.5510   2.9010   3.1350   3.3570   3.5420   3.7240   0.0000   0.0000   0.0000   0.0000   0.0000   0.0000   0.0000;
071:  0.1920   0.5060   0.7110   0.9160   1.1230   1.3810   1.6010   1.9350   2.1310   2.3360   2.5500   2.8990   3.1320   3.3560   3.5380   3.7220   0.0000   0.0000   0.0000   0.0000   0.0000   0.0000   0.0000;
072:  0.1910   0.5050   0.7100   0.9140   1.1210   1.3800   1.5990   1.9320   2.1280   2.3350   2.5480   2.8970   3.1290   3.3550   3.5370   3.7200   0.0000   0.0000   0.0000   0.0000   0.0000   0.0000   0.0000;
073:  0.1910   0.5040   0.7090   0.9120   1.1190   1.3780   1.5970   1.9290   2.1260   2.3330   2.5460   2.8950   3.1270   3.3550   3.5360   3.7190   0.0000   0.0000   0.0000   0.0000   0.0000   0.0000   0.0000;
074:  0.1910   0.5040   0.7070   0.9110   1.1170   1.3760   1.5950   1.9270   2.1230   2.3310   2.5440   2.8940   3.1250   3.3550   3.5360   3.7180   0.0000   0.0000   0.0000   0.0000   0.0000   0.0000   0.0000;
075:  0.1910   0.5030   0.7060   0.9090   1.1150   1.3740   1.5930   1.9240   2.1210   2.3290   2.5420   2.8930   3.1230   3.3550   3.5370   3.7160   0.0000   0.0000   0.0000   0.0000   0.0000   0.0000   0.0000;
076:  0.1910   0.5020   0.7050   0.9080   1.1130   1.3730   1.5910   1.9220   2.1180   2.3280   2.5400   2.8920   3.1210   3.3550   3.5380   3.7150   0.0000   0.0000   0.0000   0.0000   0.0000   0.0000   0.0000;
077:  0.1910   0.5010   0.7030   0.9060   1.1110   1.3710   1.5890   1.9200   2.1160   2.3270   2.5380   2.8910   3.1190   3.3550   3.5410   3.7160   0.0000   0.0000   0.0000   0.0000   0.0000   0.0000   0.0000;
078:  0.1900   0.5000   0.7020   0.9050   1.1090   1.3690   1.5870   1.9180   2.1130   2.3250   2.5360   2.8900   3.1170   3.3540   3.5440   3.7160   0.0000   0.0000   0.0000   0.0000   0.0000   0.0000   0.0000;
079:  0.1900   0.4990   0.7010   0.9030   1.1070   1.3670   1.5850   1.9160   2.1110   2.3240   2.5340   2.8890   3.1160   3.3540   3.5470   3.7170   0.0000   0.0000   0.0000   0.0000   0.0000   0.0000   0.0000;
080:  0.1900   0.4990   0.7000   0.9020   1.1050   1.3650   1.5830   1.9140   2.1090   2.3230   2.5320   2.8870   3.1150   3.3540   3.5510   3.7170   0.0000   0.0000   0.0000   0.0000   0.0000   0.0000   0.0000;
081:  0.1900   0.4980   0.6980   0.9010   1.1040   1.3630   1.5820   1.9120   2.1060   2.3220   2.5300   2.8870   3.1130   3.3540   3.5550   3.7180   0.0000   0.0000   0.0000   0.0000   0.0000   0.0000   0.0000;
082:  0.1900   0.4970   0.6970   0.9000   1.1020   1.3610   1.5800   1.9100   2.1040   2.3210   2.5280   2.8860   3.1120   3.3540   3.5580   3.7190   0.0000   0.0000   0.0000   0.0000   0.0000   0.0000   0.0000;
083:  0.1900   0.4960   0.6960   0.8990   1.1000   1.3600   1.5780   1.9080   2.1020   2.3200   2.5270   2.8860   3.1110   3.3540   3.5620   3.7210   0.0000   0.0000   0.0000   0.0000   0.0000   0.0000   0.0000;
084:  0.1900   0.4960   0.6950   0.8980   1.0990   1.3580   1.5760   1.9070   2.1000   2.3200   2.5250   2.8850   3.1110   3.3540   3.5660   3.7230   0.0000   0.0000   0.0000   0.0000   0.0000   0.0000   0.0000;
085:  0.1890   0.4950   0.6930   0.8960   1.0980   1.3560   1.5740   1.9050   2.0980   2.3190   2.5240   2.8850   3.1100   3.3540   3.5700   3.7250   0.0000   0.0000   0.0000   0.0000   0.0000   0.0000   0.0000;
086:  0.1890   0.4940   0.6920   0.8950   1.0960   1.3550   1.5720   1.9030   2.0960   2.3180   2.5220   2.8840   3.1090   3.3540   3.5720   3.7270   0.0000   0.0000   0.0000   0.0000   0.0000   0.0000   0.0000;
087:  0.1890   0.4940   0.6910   0.8940   1.0950   1.3530   1.5700   1.9020   2.0950   2.3180   2.5210   2.8840   3.1090   3.3540   3.5740   3.7300   0.0000   0.0000   0.0000   0.0000   0.0000   0.0000   0.0000;
088:  0.1890   0.4930   0.6900   0.8930   1.0940   1.3510   1.5680   1.9000   2.0930   2.3170   2.5200   2.8840   3.1080   3.3540   3.5740   3.7330   0.0000   0.0000   0.0000   0.0000   0.0000   0.0000   0.0000;
089:  0.1890   0.4920   0.6890   0.8920   1.0930   1.3500   1.5670   1.8990   2.0920   2.3160   2.5200   2.8830   3.1080   3.3540   3.5740   3.7370   0.0000   0.0000   0.0000   0.0000   0.0000   0.0000   0.0000;
090:  0.1890   0.4920   0.6880   0.8910   1.0920   1.3480   1.5650   1.8980   2.0900   2.3150   2.5190   2.8820   3.1070   3.3540   3.5740   3.7400   0.0000   0.0000   0.0000   0.0000   0.0000   0.0000   0.0000;
091:  0.1890   0.4910   0.6870   0.8890   1.0910   1.3470   1.5630   1.8960   2.0890   2.3150   2.5180   2.8820   3.1080   3.3540   3.5720   3.7440   0.0000   0.0000   0.0000   0.0000   0.0000   0.0000   0.0000;
092:  0.1890   0.4900   0.6860   0.8880   1.0900   1.3460   1.5620   1.8950   2.0890   2.3140   2.5180   2.8820   3.1080   3.3540   3.5700   3.7480   0.0000   0.0000   0.0000   0.0000   0.0000   0.0000   0.0000;
093:  0.1890   0.4900   0.6850   0.8870   1.0890   1.3450   1.5600   1.8930   2.0880   2.3130   2.5180   2.8810   3.1080   3.3540   3.5690   3.7520   0.0000   0.0000   0.0000   0.0000   0.0000   0.0000   0.0000;
094:  0.1890   0.4890   0.6840   0.8860   1.0880   1.3440   1.5590   1.8920   2.0870   2.3120   2.5180   2.8810   3.1080   3.3540   3.5670   3.7560   0.0000   0.0000   0.0000   0.0000   0.0000   0.0000   0.0000;
095:  0.1890   0.4890   0.6830   0.8850   1.0870   1.3420   1.5580   1.8910   2.0870   2.3110   2.5180   2.8810   3.1080   3.3540   3.5650   3.7610   0.0000   0.0000   0.0000   0.0000   0.0000   0.0000   0.0000;
096:  0.1890   0.4880   0.6820   0.8830   1.0870   1.3410   1.5560   1.8890   2.0860   2.3100   2.5190   2.8800   3.1090   3.3540   3.5640   3.7650   0.0000   0.0000   0.0000   0.0000   0.0000   0.0000   0.0000;
097:  0.1890   0.4870   0.6810   0.8820   1.0850   1.3400   1.5550   1.8880   2.0860   2.3100   2.5200   2.8800   3.1090   3.3540   3.5650   3.7690   0.0000   0.0000   0.0000   0.0000   0.0000   0.0000   0.0000;
098:  0.1890   0.4870   0.6800   0.8810   1.0840   1.3390   1.5540   1.8870   2.0860   2.3090   2.5200   2.8790   3.1090   3.3540   3.5650   3.7730   0.0000   0.0000   0.0000   0.0000   0.0000   0.0000   0.0000;
099:  0.1890   0.4860   0.6790   0.8790   1.0830   1.3380   1.5530   1.8850   2.0850   2.3090   2.5200   2.8790   3.1080   3.3540   3.5660   3.7770   0.0000   0.0000   0.0000   0.0000   0.0000   0.0000   0.0000;
100:  0.1890   0.4860   0.6780   0.8780   1.0820   1.3370   1.5520   1.8840   2.0850   2.3080   2.5200   2.8780   3.1070   3.3540   3.5670   3.7810   0.0000   0.0000   0.0000   0.0000   0.0000   0.0000   0.0000;
101:  0.1890   0.4850   0.6770   0.8770   1.0810   1.3360   1.5510   1.8830   2.0850   2.3070   2.5200   2.8770   3.1070   3.3540   3.5690   3.7850   0.0000   0.0000   0.0000   0.0000   0.0000   0.0000   0.0000;
102:  0.1890   0.4850   0.6760   0.8760   1.0790   1.3340   1.5490   1.8820   2.0860   2.3070   2.5200   2.8770   3.1070   3.3550   3.5710   3.7890   0.0000   0.0000   0.0000   0.0000   0.0000   0.0000   0.0000;
103:  0.1890   0.4850   0.6760   0.8740   1.0780   1.3330   1.5480   1.8810   2.0860   2.3050   2.5200   2.8760   3.1060   3.3550   3.5730   3.7930   0.0000   0.0000   0.0000   0.0000   0.0000   0.0000   0.0000;
104:  0.1890   0.4850   0.6750   0.8730   1.0770   1.3320   1.5470   1.8800   2.0850   2.3050   2.5190   2.8760   3.1050   3.3550   3.5750   3.7970   0.0000   0.0000   0.0000   0.0000   0.0000   0.0000   0.0000;
105:  0.1890   0.4840   0.6740   0.8720   1.0750   1.3300   1.5460   1.8800   2.0850   2.3040   2.5190   2.8750   3.1040   3.3550   3.5780   3.8010   0.0000   0.0000   0.0000   0.0000   0.0000   0.0000   0.0000;
106:  0.1890   0.4840   0.6740   0.8710   1.0740   1.3290   1.5440   1.8790   2.0850   2.3030   2.5180   2.8750   3.1030   3.3560   3.5810   3.8050   0.0000   0.0000   0.0000   0.0000   0.0000   0.0000   0.0000;
107:  0.1890   0.4840   0.6730   0.8700   1.0730   1.3280   1.5430   1.8780   2.0840   2.3020   2.5170   2.8740   3.1020   3.3560   3.5830   3.8090   0.0000   0.0000   0.0000   0.0000   0.0000   0.0000   0.0000;
108:  0.1890   0.4840   0.6720   0.8690   1.0710   1.3260   1.5410   1.8770   2.0840   2.3010   2.5160   2.8730   3.1000   3.3570   3.5850   3.8130   0.0000   0.0000   0.0000   0.0000   0.0000   0.0000   0.0000;
109:  0.1900   0.4840   0.6720   0.8680   1.0700   1.3250   1.5400   1.8750   2.0830   2.3000   2.5160   2.8730   3.0990   3.3580   3.5870   3.8160   0.0000   0.0000   0.0000   0.0000   0.0000   0.0000   0.0000;
110:  0.1900   0.4830   0.6710   0.8670   1.0690   1.3240   1.5380   1.8750   2.0830   2.2980   2.5150   2.8720   3.0980   3.3580   3.5880   3.8200   0.0000   0.0000   0.0000   0.0000   0.0000   0.0000   0.0000;
111:  0.1900   0.4830   0.6710   0.8660   1.0680   1.3220   1.5360   1.8730   2.0820   2.2970   2.5140   2.8720   3.0960   3.3580   3.5910   3.8240   0.0000   0.0000   0.0000   0.0000   0.0000   0.0000   0.0000;
112:  0.1900   0.4830   0.6700   0.8650   1.0660   1.3210   1.5350   1.8720   2.0810   2.2960   2.5130   2.8710   3.0950   3.3580   3.5920   3.8270   0.0000   0.0000   0.0000   0.0000   0.0000   0.0000   0.0000;
113:  0.1910   0.4830   0.6700   0.8650   1.0650   1.3190   1.5330   1.8710   2.0800   2.2960   2.5120   2.8700   3.0940   3.3590   3.5940   3.8300   0.0000   0.0000   0.0000   0.0000   0.0000   0.0000   0.0000;
114:  0.1910   0.4830   0.6700   0.8640   1.0640   1.3180   1.5310   1.8690   2.0790   2.2950   2.5110   2.8700   3.0930   3.3600   3.5960   3.8330   0.0000   0.0000   0.0000   0.0000   0.0000   0.0000   0.0000;
115:  0.1910   0.4830   0.6690   0.8630   1.0630   1.3160   1.5290   1.8680   2.0780   2.2940   2.5110   2.8690   3.0920   3.3600   3.5970   3.8360   0.0000   0.0000   0.0000   0.0000   0.0000   0.0000   0.0000;
116:  0.1910   0.4840   0.6690   0.8630   1.0620   1.3150   1.5280   1.8660   2.0780   2.2930   2.5100   2.8690   3.0910   3.3610   3.5980   3.8380   4.0650   0.0000   0.0000   0.0000   0.0000   0.0000   0.0000;
117:  0.1910   0.4840   0.6690   0.8620   1.0610   1.3130   1.5260   1.8650   2.0770   2.2930   2.5100   2.8680   3.0910   3.3610   3.5980   3.8410   4.0660   0.0000   0.0000   0.0000   0.0000   0.0000   0.0000;
118:  0.1920   0.4840   0.6690   0.8620   1.0600   1.3120   1.5240   1.8630   2.0750   2.2920   2.5090   2.8670   3.0910   3.3610   3.5990   3.8440   4.0670   0.0000   0.0000   0.0000   0.0000   0.0000   0.0000;
119:  0.1920   0.4840   0.6690   0.8620   1.0590   1.3100   1.5220   1.8610   2.0740   2.2920   2.5080   2.8670   3.0920   3.3610   3.6000   3.8460   4.0690   0.0000   0.0000   0.0000   0.0000   0.0000   0.0000;
120:  0.1930   0.4840   0.6680   0.8610   1.0580   1.3090   1.5200   1.8590   2.0730   2.2920   2.5080   2.8670   3.0920   3.3610   3.6010   3.8490   4.0710   0.0000   0.0000   0.0000   0.0000   0.0000   0.0000;
121:  0.1930   0.4850   0.6680   0.8600   1.0580   1.3070   1.5180   1.8570   2.0710   2.2910   2.5070   2.8670   3.0920   3.3610   3.6010   3.8510   4.0730   0.0000   0.0000   0.0000   0.0000   0.0000   0.0000;
122:  0.1930   0.4850   0.6680   0.8600   1.0570   1.3050   1.5170   1.8550   2.0690   2.2910   2.5070   2.8670   3.0920   3.3610   3.6020   3.8540   4.0750   0.0000   0.0000   0.0000   0.0000   0.0000   0.0000;
123:  0.1940   0.4850   0.6680   0.8600   1.0560   1.3040   1.5150   1.8520   2.0680   2.2900   2.5070   2.8670   3.0930   3.3610   3.6020   3.8570   4.0770   4.3070   0.0000   0.0000   0.0000   0.0000   0.0000;
124:  0.1940   0.4860   0.6690   0.8590   1.0560   1.3030   1.5140   1.8490   2.0670   2.2900   2.5080   2.8670   3.0940   3.3600   3.6020   3.8590   4.0790   4.3090   0.0000   0.0000   0.0000   0.0000   0.0000;
125:  0.1940   0.4860   0.6690   0.8590   1.0550   1.3010   1.5120   1.8470   2.0650   2.2900   2.5100   2.8670   3.0950   3.3600   3.6010   3.8620   4.0820   4.3120   0.0000   0.0000   0.0000   0.0000   0.0000;
126:  0.1950   0.4870   0.6690   0.8580   1.0540   1.3000   1.5110   1.8440   2.0640   2.2890   2.5110   2.8660   3.0960   3.3590   3.6000   3.8640   4.0840   4.3150   0.0000   0.0000   0.0000   0.0000   0.0000;
127:  0.1950   0.4870   0.6690   0.8580   1.0540   1.2990   1.5090   1.8410   2.0620   2.2890   2.5130   2.8660   3.0970   3.3590   3.5990   3.8650   4.0870   4.3170   0.0000   0.0000   0.0000   0.0000   0.0000;
128:  0.1960   0.4880   0.6690   0.8580   1.0530   1.2970   1.5070   1.8390   2.0610   2.2890   2.5150   2.8660   3.0980   3.3580   3.5990   3.8680   4.0890   4.3200   0.0000   0.0000   0.0000   0.0000   0.0000;
129:  0.1960   0.4880   0.6700   0.8570   1.0520   1.2960   1.5060   1.8360   2.0600   2.2890   2.5160   2.8670   3.0990   3.3570   3.5990   3.8700   4.0910   4.3240   0.0000   0.0000   0.0000   0.0000   0.0000;
130:  0.1970   0.4890   0.6700   0.8570   1.0510   1.2950   1.5050   1.8330   2.0580   2.2890   2.5180   2.8670   3.1000   3.3570   3.5990   3.8720   4.0930   4.3290   0.0000   0.0000   0.0000   0.0000   0.0000;
131:  0.1970   0.4890   0.6710   0.8570   1.0510   1.2950   1.5030   1.8310   2.0570   2.2890   2.5190   2.8670   3.1010   3.3570   3.5980   3.8730   4.0940   4.3340   4.5830   0.0000   0.0000   0.0000   0.0000;
132:  0.1980   0.4900   0.6710   0.8570   1.0500   1.2940   1.5020   1.8280   2.0560   2.2890   2.5200   2.8680   3.1030   3.3560   3.5980   3.8750   4.0950   4.3400   4.5830   0.0000   0.0000   0.0000   0.0000;
133:  0.1980   0.4910   0.6720   0.8570   1.0490   1.2930   1.5000   1.8250   2.0550   2.2890   2.5210   2.8680   3.1040   3.3560   3.5970   3.8770   4.0950   4.3450   4.5830   0.0000   0.0000   0.0000   0.0000;
134:  0.1990   0.4910   0.6730   0.8570   1.0490   1.2930   1.4990   1.8230   2.0550   2.2900   2.5220   2.8690   3.1060   3.3550   3.5970   3.8780   4.0960   4.3510   4.5830   0.0000   0.0000   0.0000   0.0000;
135:  0.1990   0.4920   0.6730   0.8570   1.0480   1.2930   1.4970   1.8210   2.0540   2.2910   2.5220   2.8690   3.1070   3.3550   3.5960   3.8790   4.0960   4.3570   4.5830   0.0000   0.0000   0.0000   0.0000;
136:  0.2000   0.4930   0.6740   0.8570   1.0480   1.2920   1.4950   1.8190   2.0540   2.2910   2.5220   2.8700   3.1090   3.3550   3.5960   3.8800   4.0960   4.3620   4.5840   0.0000   0.0000   0.0000   0.0000;
137:  0.2000   0.4940   0.6750   0.8580   1.0470   1.2920   1.4940   1.8170   2.0540   2.2910   2.5210   2.8710   3.1100   3.3540   3.5960   3.8810   4.0970   4.3660   4.5840   0.0000   0.0000   0.0000   0.0000;
138:  0.2010   0.4940   0.6760   0.8580   1.0470   1.2920   1.4920   1.8150   2.0550   2.2920   2.5210   2.8720   3.1110   3.3540   3.5960   3.8820   4.0970   4.3690   4.5840   0.0000   0.0000   0.0000   0.0000;
139:  0.2020   0.4950   0.6760   0.8590   1.0470   1.2920   1.4900   1.8130   2.0560   2.2910   2.5200   2.8720   3.1120   3.3540   3.5960   3.8820   4.0970   4.3700   4.5840   0.0000   0.0000   0.0000   0.0000;
140:  0.2020   0.4960   0.6780   0.8590   1.0470   1.2930   1.4880   1.8110   2.0570   2.2910   2.5190   2.8720   3.1140   3.3530   3.5960   3.8820   4.0970   4.3730   4.5840   0.0000   0.0000   0.0000   0.0000;
141:  0.2030   0.4970   0.6780   0.8600   1.0470   1.2930   1.4870   1.8100   2.0590   2.2910   2.5180   2.8730   3.1150   3.3530   3.5960   3.8820   4.0960   4.3750   4.5840   0.0000   0.0000   0.0000   0.0000;
142:  0.2040   0.4970   0.6800   0.8610   1.0470   1.2930   1.4850   1.8080   2.0600   2.2910   2.5170   2.8730   3.1150   3.3530   3.5960   3.8820   4.0960   4.3760   4.5840   0.0000   0.0000   0.0000   0.0000;
143:  0.2040   0.4980   0.6810   0.8610   1.0470   1.2930   1.4840   1.8070   2.0620   2.2900   2.5150   2.8740   3.1160   3.3530   3.5960   3.8820   4.0960   4.3770   4.5840   0.0000   0.0000   0.0000   0.0000;
144:  0.2050   0.4990   0.6820   0.8620   1.0480   1.2930   1.4820   1.8060   2.0630   2.2890   2.5120   2.8750   3.1160   3.3520   3.5970   3.8810   4.0960   4.3780   4.5830  -4.9140   5.2210   0.0000   0.0000;
145:  0.2050   0.5000   0.6830   0.8630   1.0490   1.2940   1.4810   1.8050   2.0640   2.2880   2.5090   2.8750   3.1160   3.3520   3.5980   3.8810   4.0950   4.3770   4.5820   4.9150   5.2180   0.0000   0.0000;
146:  0.2060   0.5010   0.6840   0.8640   1.0490   1.2940   1.4800   1.8040   2.0650   2.2870   2.5060   2.8760   3.1150   3.3520   3.6000   3.8800   4.0930   4.3770   4.5820   4.9140   5.2160   0.0000   0.0000;
147:  0.2070   0.5020   0.6860   0.8640   1.0500   1.2940   1.4790   1.8040   2.0650   2.2850   2.5040   2.8770   3.1150   3.3510   3.6000   3.8800   4.0910   4.3760   4.5820   4.9140   5.2140   0.0000   0.0000;
148:  0.2070   0.5030   0.6870   0.8650   1.0520   1.2950   1.4780   1.8030   2.0650   2.2840   2.5020   2.8770   3.1150   3.3510   3.5990   3.8790   4.0880   4.3740   4.5800   4.9130   5.2120   0.0000   0.0000;
149:  0.2080   0.5040   0.6890   0.8660   1.0530   1.2950   1.4780   1.8030   2.0650   2.2810   2.4990   2.8760   3.1140   3.3510   3.5990   3.8780   4.0850   4.3710   4.5800   4.9130   5.2110   5.5310   0.0000;
150:  0.2090   0.5050   0.6900   0.8670   1.0550   1.2950   1.4780   1.8040   2.0650   2.2780   2.4980   2.8750   3.1130   3.3510   3.5990   3.8770   4.0840   4.3670   4.5790   4.9120   5.2100   5.5300   0.0000;
151:  0.2090   0.5060   0.6920   0.8680   1.0560   1.2960   1.4780   1.8040   2.0650   2.2760   2.4960   2.8750   3.1120   3.3500   3.5990   3.8770   4.0830   4.3610   4.5780   4.9120   5.2100   5.5290   0.0000;
152:  0.2100   0.5070   0.6930   0.8690   1.0580   1.2960   1.4780   1.8050   2.0640   2.2730   2.4950   2.8740   3.1100   3.3490   3.5990   3.8770   4.0820   4.3550   4.5770   4.9120   5.2100   5.5280   0.0000;
153:  0.2110   0.5080   0.6950   0.8700   1.0600   1.2970   1.4780   1.8060   2.0630   2.2710   2.4940   2.8730   3.1080   3.3470   3.5990   3.8770   4.0800   4.3480   4.5760   4.9110   5.2110   5.5270   0.0000;
154:  0.2110   0.5090   0.6960   0.8710   1.0620   1.2980   1.4790   1.8070   2.0610   2.2680   2.4930   2.8720   3.1060   3.3460   3.5990   3.8760   4.0780   4.3410   4.5750   4.9110   5.2120   5.5260   0.0000;
155:  0.2120   0.5100   0.6980   0.8720   1.0640   1.2990   1.4800   1.8080   2.0600   2.2660   2.4920   2.8710   3.1040   3.3440   3.6000   3.8760   4.0750   4.3340   4.5750   4.9110   5.2130   5.5260   0.0000;
156:  0.2130   0.5110   0.7000   0.8730   1.0660   1.3000   1.4810   1.8090   2.0580   2.2650   2.4910   2.8710   3.1020   3.3420   3.5990   3.8750   4.0730   4.3270   4.5750   4.9110   5.2130   5.5260   0.0000;
157:  0.2130   0.5120   0.7010   0.8750   1.0680   1.3010   1.4820   1.8110   2.0550   2.2630   2.4910   2.8690   3.1000   3.3390   3.5980   3.8740   4.0720   4.3200   4.5740   4.9120   5.2140   5.5270   0.0000;
158:  0.2140   0.5140   0.7030   0.8760   1.0700   1.3020   1.4830   1.8130   2.0530   2.2620   2.4900   2.8680   3.0980   3.3360   3.5980   3.8730   4.0700   4.3120   4.5740   4.9130   5.2150   5.5270   0.0000;
159:  0.2150   0.5150   0.7050   0.8780   1.0720   1.3030   1.4850   1.8150   2.0510   2.2610   2.4890   2.8670   3.0970   3.3320   3.5970   3.8720   4.0690   4.3050   4.5740   4.9140   5.2150   5.5290   0.0000;
160:  0.2160   0.5160   0.7060   0.8800   1.0740   1.3050   1.4870   1.8170   2.0480   2.2610   2.4890   2.8650   3.0950   3.3290   3.5960   3.8710   4.0680   4.2980   4.5740   4.9150   5.2160   5.5310   0.0000;
161:  0.2160   0.5170   0.7080   0.8820   1.0760   1.3060   1.4890   1.8190   2.0460   2.2600   2.4880   2.8640   3.0930   3.3250   3.5950   3.8690   4.0670   4.2900   4.5750   4.9150   5.2160   5.5330   0.0000;
162:  0.2170   0.5180   0.7100   0.8840   1.0780   1.3080   1.4900   1.8220   2.0450   2.2600   2.4870   2.8620   3.0920   3.3210   3.5940   3.8670   4.0660   4.2840   4.5750   4.9150   5.2170   5.5360   0.0000;
163:  0.2180   0.5200   0.7120   0.8870   1.0800   1.3100   1.4920   1.8240   2.0430   2.2590   2.4870   2.8610   3.0900   3.3170   3.5930   3.8650   4.0650   4.2770   4.5750   4.9140   5.2170   5.5400   0.0000;
164:  0.2180   0.5210   0.7130   0.8890   1.0820   1.3120   1.4940   1.8260   2.0430   2.2590   2.4860   2.8600   3.0890   3.3140   3.5910   3.8630   4.0640   4.2700   4.5750   4.9140   5.2160   5.5440   0.0000;
165:  0.2190   0.5220   0.7150   0.8920   1.0840   1.3140   1.4960   1.8290   2.0430   2.2590   2.4860   2.8580   3.0880   3.3100   3.5900   3.8610   4.0650   4.2640   4.5740   4.9130   5.2160   5.5490   0.0000;
166:  0.2200   0.5240   0.7170   0.8940   1.0870   1.3160   1.4980   1.8310   2.0430   2.2590   2.4850   2.8580   3.0870   3.3070   3.5890   3.8600   4.0650   4.2590   4.5730   4.9120   5.2160   5.5540   0.0000;
167:  0.2200   0.5250   0.7180   0.8970   1.0890   1.3190   1.5000   1.8330   2.0430   2.2600   2.4850   2.8570   3.0870   3.3040   3.5870   3.8580   4.0660   4.2540   4.5710   4.9110   5.2150   5.5590   0.0000;
168:  0.2210   0.5260   0.7200   0.9000   1.0910   1.3210   1.5020   1.8360   2.0430   2.2600   2.4850   2.8560   3.0860   3.3010   3.5850   3.8550   4.0670   4.2500   4.5700   4.9090   5.2130   5.5640   0.0000;
169:  0.2220   0.5280   0.7220   0.9030   1.0930   1.3240   1.5040   1.8380   2.0440   2.2610   2.4850   2.8560   3.0860   3.2990   3.5840   3.8530   4.0670   4.2460   4.5680   4.9070   5.2110   5.5680   0.0000;
170:  0.2220   0.5290   0.7240   0.9060   1.0940   1.3270   1.5060   1.8410   2.0440   2.2610   2.4850   2.8550   3.0860   3.2970   3.5830   3.8490   4.0640   4.2440   4.5660   4.9030   5.2090   5.5730   0.0000;
171:  0.2230   0.5300   0.7250   0.9090   1.0960   1.3290   1.5080   1.8440   2.0450   2.2620   2.4850   2.8550   3.0860   3.2960   3.5820   3.8460   4.0620   4.2410   4.5630   4.9000   5.2070   5.5780   0.0000;
172:  0.2240   0.5320   0.7270   0.9120   1.0980   1.3320   1.5100   1.8460   2.0460   2.2630   2.4850   2.8550   3.0860   3.2960   3.5800   3.8430   4.0600   4.2400   4.5610   4.8980   5.2040   5.5830   0.0000;
173:  0.2250   0.5330   0.7280   0.9150   1.1000   1.3350   1.5120   1.8490   2.0470   2.2640   2.4860   2.8550   3.0860   3.2970   3.5790   3.8400   4.0590   4.2380   4.5580   4.8940   5.2010   5.5870   0.0000;
174:  0.2250   0.5340   0.7300   0.9170   1.1020   1.3380   1.5140   1.8520   2.0480   2.2650   2.4860   2.8550   3.0870   3.2980   3.5780   3.8380   4.0580   4.2370   4.5550   4.8910   5.1990   5.5920   0.0000;
175:  0.2260   0.5360   0.7310   0.9200   1.1050   1.3410   1.5160   1.8550   2.0490   2.2660   2.4870   2.8550   3.0870   3.2990   3.5760   3.8350   4.0560   4.2370   4.5510   4.8880   5.1970   5.5960   0.0000;
176:  0.2270   0.5370   0.7330   0.9230   1.1070   1.3440   1.5180   1.8580   2.0510   2.2680   2.4880   2.8550   3.0880   3.3010   3.5750   3.8330   4.0540   4.2360   4.5470   4.8840   5.1950   5.6000   0.0000;
177:  0.2270   0.5380   0.7340   0.9260   1.1090   1.3470   1.5200   1.8600   2.0520   2.2690   2.4890   2.8550   3.0880   3.3040   3.5740   3.8310   4.0520   4.2350   4.5440   4.8810   5.1940   5.6040   0.0000;
178:  0.2280   0.5400   0.7350   0.9290   1.1120   1.3510   1.5230   1.8630   2.0540   2.2710   2.4910   2.8560   3.0890   3.3060   3.5730   3.8290   4.0490   4.2340   4.5420   4.8780   5.1920   5.6070   0.0000;
179:  0.2290   0.5410   0.7370   0.9310   1.1150   1.3540   1.5250   1.8650   2.0550   2.2720   2.4930   2.8560   3.0890   3.3090   3.5710   3.8270   4.0470   4.2330   4.5390   4.8750   5.1910   5.6110   0.0000;
180:  0.2290   0.5420   0.7380   0.9340   1.1170   1.3570   1.5270   1.8670   2.0570   2.2730   2.4940   2.8570   3.0900   3.3110   3.5710   3.8240   4.0450   4.2340   4.5370   4.8720   5.1880   5.6140   0.0000;
181:  0.2300   0.5430   0.7390   0.9360   1.1200   1.3600   1.5290   1.8690   2.0590   2.2750   2.4960   2.8580   3.0910   3.3140   3.5690   3.8230   4.0440   4.2350   4.5350   4.8700   5.1850   5.6170   0.0000;
182:  0.2310   0.5440   0.7400   0.9380   1.1220   1.3640   1.5320   1.8710   2.0610   2.2760   2.4980   2.8590   3.0910   3.3160   3.5690   3.8210   4.0420   4.2360   4.5330   4.8670   5.1840   5.6200   0.0000;
183:  0.2310   0.5450   0.7410   0.9400   1.1240   1.3670   1.5340   1.8730   2.0640   2.2780   2.5000   2.8600   3.0920   3.3190   3.5670   3.8200   4.0410   4.2380   4.5310   4.8640   5.1820   5.6230   0.0000;
184:  0.2320   0.5470   0.7420   0.9420   1.1270   1.3700   1.5360   1.8740   2.0650   2.2790   2.5020   2.8600   3.0920   3.3210   3.5670   3.8180   4.0400   4.2410   4.5310   4.8620   5.1820   5.6250   0.0000;
185:  0.2320   0.5470   0.7430   0.9440   1.1290   1.3730   1.5390   1.8760   2.0670   2.2810   2.5040   2.8610   3.0930   3.3230   3.5660   3.8170   4.0380   4.2440   4.5300   4.8600   5.1800   5.6270   0.0000;
186:  0.2330   0.5490   0.7440   0.9460   1.1310   1.3760   1.5410   1.8770   2.0700   2.2830   2.5070   2.8620   3.0930   3.3250   3.5650   3.8160   4.0370   4.2470   4.5290   4.8590   5.1790   5.6290   0.0000;
187:  0.2340   0.5490   0.7450   0.9480   1.1330   1.3790   1.5440   1.8780   2.0720   2.2840   2.5090   2.8630   3.0930   3.3270   3.5650   3.8150   4.0360   4.2510   4.5280   4.8580   5.1780   5.6310   0.0000;
188:  0.2340   0.5500   0.7460   0.9500   1.1350   1.3820   1.5460   1.8790   2.0740   2.2860   2.5110   2.8640   3.0930   3.3280   3.5650   3.8150   4.0350   4.2550   4.5270   4.8580   5.1770   5.6330   0.0000;
189:  0.2350   0.5510   0.7470   0.9510   1.1370   1.3840   1.5490   1.8800   2.0760   2.2880   2.5130   2.8640   3.0940   3.3300   3.5640   3.8140   4.0340   4.2590   4.5260   4.8580   5.1760   5.6350   0.0000;
190:  0.2350   0.5520   0.7470   0.9530   1.1390   1.3870   1.5510   1.8800   2.0780   2.2900   2.5150   2.8650   3.0940   3.3310   3.5630   3.8140   4.0350   4.2630   4.5250   4.8580   5.1750   5.6360   0.0000;
191:  0.2360   0.5530   0.7480   0.9540   1.1410   1.3890   1.5540   1.8810   2.0800   2.2920   2.5170   2.8660   3.0940   3.3310   3.5630   3.8140   4.0340   4.2670   4.5240   4.8560   5.1750   5.6360   0.0000;
192:  0.2360   0.5530   0.7490   0.9550   1.1430   1.3910   1.5560   1.8810   2.0820   2.2940   2.5180   2.8670   3.0940   3.3320   3.5630   3.8130   4.0340   4.2710   4.5230   4.8550   5.1750   5.6360   0.0000;
193:  0.2370   0.5540   0.7490   0.9560   1.1450   1.3920   1.5590   1.8820   2.0840   2.2960   2.5200   2.8670   3.0940   3.3320   3.5630   3.8130   4.0350   4.2750   4.5210   4.8550   5.1750   5.6360   0.0000;
194:  0.2370   0.5540   0.7490   0.9580   1.1460   1.3940   1.5610   1.8820   2.0850   2.2970   2.5220   2.8680   3.0940   3.3320   3.5630   3.8120   4.0350   4.2780   4.5190   4.8540   5.1750   5.6360   5.8440;
195:  0.2380   0.5550   0.7500   0.9580   1.1470   1.3950   1.5640   1.8830   2.0870   2.2990   2.5230   2.8680   3.0940   3.3330   3.5630   3.8130   4.0360   4.2810   4.5170   4.8520   5.1760   5.6350   5.8400;
196:  0.2380   0.5550   0.7500   0.9590   1.1490   1.3950   1.5660   1.8830   2.0880   2.3010   2.5240   2.8690   3.0940   3.3330   3.5630   3.8130   4.0360   4.2840   4.5160   4.8500   5.1760   5.6340   5.8370;
197:  0.2390   0.5560   0.7510   0.9600   1.1500   1.3960   1.5680   1.8840   2.0900   2.3030   2.5250   2.8690   3.0940   3.3330   3.5630   3.8130   4.0380   4.2870   4.5140   4.8480   5.1760   5.6310   5.8340;
198:  0.2390   0.5560   0.7510   0.9600   1.1510   1.3960   1.5690   1.8840   2.0910   2.3050   2.5260   2.8700   3.0930   3.3330   3.5640   3.8120   4.0390   4.2890   4.5120   4.8470   5.1770   5.6270   5.8300;
199:  0.2400   0.5560   0.7510   0.9600   1.1520   1.3960   1.5710   1.8850   2.0930   2.3070   2.5270   2.8700   3.0930   3.3340   3.5640   3.8120   4.0390   4.2900   4.5100   4.8460   5.1760   5.6240   5.8270;
200:  0.2400   0.5560   0.7510   0.9600   1.1530   1.3960   1.5720   1.8850   2.0940   2.3080   2.5280   2.8710   3.0930   3.3340   3.5640   3.8120   4.0400   4.2890   4.5090   4.8440   5.1770   5.6200   5.8230;
201:  0.2400   0.5560   0.7510   0.9600   1.1530   1.3960   1.5730   1.8860   2.0950   2.3090   2.5290   2.8710   3.0920   3.3340   3.5630   3.8120   4.0400   4.2880   4.5080   4.8440   5.1780   5.6160   5.8190;
202:  0.2410   0.5560   0.7510   0.9600   1.1540   1.3950   1.5740   1.8870   2.0960   2.3110   2.5290   2.8720   3.0920   3.3340   3.5630   3.8110   4.0410   4.2870   4.5070   4.8440   5.1780   5.6120   5.8150;
203:  0.2410   0.5560   0.7510   0.9590   1.1550   1.3950   1.5740   1.8870   2.0960   2.3120   2.5300   2.8720   3.0910   3.3340   3.5620   3.8110   4.0410   4.2870   4.5050   4.8440   5.1770   5.6080   5.8120;
204:  0.2420   0.5560   0.7500   0.9580   1.1550   1.3940   1.5750   1.8870   2.0970   2.3130   2.5300   2.8730   3.0910   3.3330   3.5620   3.8100   4.0410   4.2850   4.5040   4.8420   5.1750   5.6030   5.8080;
205:  0.2420   0.5560   0.7500   0.9580   1.1550   1.3930   1.5750   1.8870   2.0980   2.3130   2.5300   2.8730   3.0900   3.3330   3.5610   3.8100   4.0420   4.2830   4.5040   4.8400   5.1730   5.5990   5.8050;
206:  0.2420   0.5550   0.7500   0.9560   1.1550   1.3920   1.5740   1.8870   2.0980   2.3140   2.5300   2.8730   3.0900   3.3330   3.5610   3.8100   4.0420   4.2820   4.5040   4.8380   5.1690   5.5940   5.8020;
207:  0.2420   0.5550   0.7490   0.9550   1.1540   1.3910   1.5740   1.8880   2.0980   2.3140   2.5300   2.8740   3.0890   3.3330   3.5600   3.8090   4.0410   4.2820   4.5050   4.8370   5.1660   5.5890   0.0000;
208:  0.2430   0.5540   0.7490   0.9540   1.1530   1.3900   1.5730   1.8880   2.0980   2.3150   2.5300   2.8740   3.0890   3.3330   3.5600   3.8090   4.0410   4.2810   4.5050   4.8360   5.1620   0.0000   0.0000;
209:  0.2430   0.5540   0.7490   0.9530   1.1520   1.3880   1.5730   1.8870   2.0980   2.3140   2.5300   2.8740   3.0890   3.3330   3.5600   3.8090   4.0400   4.2800   4.5050   4.8350   5.1570   0.0000   0.0000;
210:  0.2430   0.5530   0.7480   0.9510   1.1510   1.3870   1.5720   1.8870   2.0980   2.3140   2.5300   2.8740   3.0880   3.3330   3.5590   3.8080   4.0400   4.2790   4.5060   4.8350   5.1500   0.0000   0.0000;
211:  0.2440   0.5530   0.7470   0.9490   1.1500   1.3850   1.5710   1.8870   2.0970   2.3140   2.5300   2.8740   3.0880   3.3330   3.5590   3.8070   4.0390   4.2790   4.5060   4.8350   5.1430   0.0000   0.0000;
212:  0.2440   0.5520   0.7470   0.9480   1.1490   1.3840   1.5700   1.8870   2.0970   2.3130   2.5310   2.8740   3.0880   3.3340   3.5590   3.8070   4.0380   4.2780   4.5070   4.8360   5.1350   0.0000   0.0000;
213:  0.2440   0.5510   0.7460   0.9460   1.1470   1.3820   1.5690   1.8870   2.0960   2.3130   2.5310   2.8740   3.0890   3.3340   3.5580   3.8060   4.0360   4.2780   4.5090   4.8370   5.1280   0.0000   0.0000;
214:  0.2440   0.5500   0.7450   0.9440   1.1450   1.3810   1.5680   1.8860   2.0960   2.3130   2.5310   2.8740   3.0890   3.3340   3.5580   3.8060   4.0340   4.2780   4.5100   4.8390   5.1200   0.0000   0.0000;
215:  0.2440   0.5490   0.7440   0.9420   1.1440   1.3790   1.5660   1.8860   2.0950   2.3120   2.5320   2.8730   3.0900   3.3340   3.5580   3.8050   4.0330   4.2780   4.5110   4.8420   5.1120   0.0000   0.0000;
216:  0.2440   0.5480   0.7440   0.9400   1.1420   1.3770   1.5650   1.8850   2.0950   2.3120   2.5320   2.8730   3.0900   3.3350   3.5580   3.8040   4.0310   4.2770   4.5120   4.8450   5.1060   0.0000   0.0000;
217:  0.2440   0.5470   0.7430   0.9380   1.1390   1.3750   1.5640   1.8850   2.0940   2.3120   2.5320   2.8730   3.0910   3.3350   3.5580   3.8040   4.0290   4.2760   4.5120   4.8480   5.0990   0.0000   0.0000;
218:  0.2440   0.5460   0.7420   0.9360   1.1370   1.3730   1.5630   1.8840   2.0930   2.3110   2.5320   2.8730   3.0920   3.3350   3.5580   3.8040   4.0280   4.2760   4.5130   4.8520   5.0930   0.0000   0.0000;
219:  0.2440   0.5450   0.7410   0.9350   1.1350   1.3700   1.5620   1.8840   2.0920   2.3100   2.5330   2.8730   3.0930   3.3340   3.5580   3.8040   4.0270   4.2760   4.5130   4.8560   5.0880   0.0000   0.0000;
220:  0.2450   0.5440   0.7400   0.9330   1.1330   1.3680   1.5610   1.8830   2.0910   2.3100   2.5330   2.8730   3.0930   3.3350   3.5580   3.8030   4.0280   4.2750   4.5130   0.0000   0.0000   0.0000   0.0000;
221:  0.2450   0.5420   0.7380   0.9310   1.1310   1.3660   1.5600   1.8820   2.0900   2.3090   2.5330   2.8730   3.0940   3.3350   3.5580   3.8040   4.0280   4.2750   4.5140   0.0000   0.0000   0.0000   0.0000;
222:  0.2450   0.5410   0.7370   0.9290   1.1280   1.3640   1.5590   1.8810   2.0900   2.3090   2.5330   2.8720   3.0950   3.3350   3.5590   3.8040   4.0290   4.2740   4.5160   0.0000   0.0000   0.0000   0.0000;
223:  0.2440   0.5400   0.7360   0.9270   1.1260   1.3610   1.5580   1.8800   2.0890   2.3090   2.5330   2.8720   3.0960   3.3350   3.5590   3.8040   4.0290   4.2720   4.5180   0.0000   0.0000   0.0000   0.0000;
224:  0.2440   0.5380   0.7350   0.9250   1.1240   1.3590   1.5560   1.8790   2.0890   2.3090   2.5330   2.8720   3.0970   3.3350   3.5600   3.8030   4.0300   4.2710   4.5200   0.0000   0.0000   0.0000   0.0000;
225:  0.2440   0.5370   0.7330   0.9230   1.1210   1.3560   1.5550   1.8780   2.0890   2.3080   2.5330   2.8730   3.0980   3.3350   3.5610   3.8030   4.0310   4.2710   4.5210   0.0000   0.0000   0.0000   0.0000;
226:  0.2440   0.5360   0.7320   0.9210   1.1190   1.3540   1.5540   1.8760   2.0880   2.3080   2.5330   2.8730   3.0980   3.3350   3.5610   3.8010   4.0320   4.2700   4.5230   0.0000   0.0000   0.0000   0.0000;
227:  0.2440   0.5340   0.7310   0.9190   1.1160   1.3520   1.5530   1.8750   2.0880   2.3070   2.5330   2.8730   3.0990   3.3340   3.5620   3.8000   4.0340   4.2690   4.5240   0.0000   0.0000   0.0000   0.0000;
228:  0.2440   0.5330   0.7290   0.9170   1.1140   1.3500   1.5510   1.8740   2.0880   2.3070   2.5320   2.8730   3.0990   3.3330   3.5620   3.7980   4.0350   4.2690   4.5260   0.0000   0.0000   0.0000   0.0000;
229:  0.2440   0.5310   0.7280   0.9150   1.1120   1.3490   1.5490   1.8730   2.0880   2.3070   2.5310   2.8740   3.1000   3.3330   3.5620   3.7970   4.0370   4.2690   4.5280   0.0000   0.0000   0.0000   0.0000;
230:  0.2440   0.5300   0.7270   0.9130   1.1090   1.3470   1.5480   1.8720   2.0880   2.3060   2.5300   2.8750   3.1010   3.3330   3.5620   3.7960   4.0390   4.2690   4.5300   0.0000   0.0000   0.0000   0.0000;
231:  0.2440   0.5280   0.7250   0.9110   1.1070   1.3450   1.5460   1.8710   2.0880   2.3060   2.5300   2.8750   3.1010   3.3330   3.5630   3.7950   4.0410   4.2690   4.5330   0.0000   0.0000   0.0000   0.0000;
232:  0.2440   0.5270   0.7240   0.9090   1.1040   1.3430   1.5450   1.8700   2.0880   2.3050   2.5290   2.8760   3.1010   3.3330   3.5640   3.7940   4.0440   4.2700   4.5360   0.0000   0.0000   0.0000   0.0000;
233:  0.2430   0.5250   0.7220   0.9070   1.1020   1.3410   1.5430   1.8690   2.0870   2.3050   2.5290   2.8760   3.1010   3.3320   3.5640   3.7930   4.0460   4.2710   4.5380   0.0000   0.0000   0.0000   0.0000;
234:  0.2430   0.5240   0.7200   0.9050   1.1000   1.3390   1.5420   1.8690   2.0870   2.3050   2.5280   2.8760   3.1010   3.3320   3.5640   3.7930   4.0480   4.2730   4.5400   0.0000   0.0000   0.0000   0.0000;
235:  0.2430   0.5220   0.7190   0.9030   1.0970   1.3380   1.5410   1.8680   2.0860   2.3040   2.5270   2.8770   3.1010   3.3310   3.5640   3.7930   4.0510   4.2760   4.5430   0.0000   0.0000   0.0000   0.0000;
236:  0.2430   0.5200   0.7170   0.9010   1.0950   1.3360   1.5390   1.8670   2.0860   2.3040   2.5270   2.8770   3.1000   3.3310   3.5640   3.7930   4.0560   4.2790   4.5440   0.0000   0.0000   0.0000   0.0000;
237:  0.2420   0.5190   0.7160   0.8990   1.0920   1.3340   1.5380   1.8670   2.0850   2.3040   2.5260   2.8770   3.1000   3.3300   3.5640   3.7930   4.0610   4.2820   4.5460   0.0000   0.0000   0.0000   0.0000;
238:  0.2420   0.5170   0.7140   0.8970   1.0900   1.3330   1.5370   1.8660   2.0850   2.3040   2.5260   2.8780   3.1000   3.3300   3.5640   3.7930   4.0670   4.2840   4.5480   0.0000   0.0000   0.0000   0.0000;
239:  0.2420   0.5160   0.7130   0.8960   1.0880   1.3310   1.5360   1.8660   2.0850   2.3030   2.5260   2.8780   3.1010   3.3290   3.5640   3.7930   4.0720   4.2870   4.5490   0.0000   0.0000   0.0000   0.0000;
240:  0.2410   0.5140   0.7110   0.8940   1.0860   1.3290   1.5350   1.8660   2.0840   2.3030   2.5260   2.8780   3.1010   3.3290   3.5650   3.7930   4.0770   4.2890   4.5490   0.0000   0.0000   0.0000   0.0000;
241:  0.2410   0.5130   0.7090   0.8920   1.0840   1.3280   1.5330   1.8650   2.0840   2.3030   2.5260   2.8780   3.1010   3.3290   3.5650   3.7930   4.0820   4.2920   4.5480   0.0000   0.0000   0.0000   0.0000;
242:  0.2410   0.5110   0.7080   0.8900   1.0830   1.3260   1.5330   1.8650   2.0840   2.3030   2.5260   2.8780   3.1020   3.3280   3.5670   3.7940   4.0870   4.2940   4.5470   0.0000   0.0000   0.0000   0.0000;
243:  0.2400   0.5100   0.7060   0.8890   1.0810   1.3240   1.5320   1.8650   2.0840   2.3030   2.5270   2.8780   3.1030   3.3280   3.5680   3.7950   4.0920   4.2960   4.5450   0.0000   0.0000   0.0000   0.0000;
244:  0.2400   0.5080   0.7040   0.8870   1.0790   1.3230   1.5310   1.8650   2.0830   2.3030   2.5270   2.8790   3.1040   3.3280   3.5700   3.7970   4.0970   4.2970   4.5440   0.0000   0.0000   0.0000   0.0000;
245:  0.2400   0.5070   0.7030   0.8850   1.0770   1.3220   1.5300   1.8650   2.0830   2.3030   2.5280   2.8790   3.1040   3.3290   3.5720   3.8010   4.1010   4.2980   4.5420   0.0000   0.0000   0.0000   0.0000;
246:  0.2390   0.5050   0.7010   0.8840   1.0760   1.3200   1.5290   1.8650   2.0830   2.3030   2.5290   2.8790   3.1050   3.3300   3.5750   3.8040   4.1050   4.2990   4.5390   0.0000   0.0000   0.0000   0.0000;
247:  0.2390   0.5040   0.7000   0.8830   1.0750   1.3190   1.5280   1.8650   2.0820   2.3030   2.5310   2.8790   3.1060   3.3310   3.5780   3.8080   4.1090   4.2990   4.5370   0.0000   0.0000   0.0000   0.0000;
248:  0.2380   0.5030   0.6980   0.8810   1.0730   1.3170   1.5270   1.8650   2.0820   2.3030   2.5320   2.8790   3.1070   3.3310   3.5820   3.8110   4.1130   4.2990   4.5340   0.0000   0.0000   0.0000   0.0000;
249:  0.2380   0.5010   0.6970   0.8800   1.0720   1.3160   1.5270   1.8650   2.0820   2.3040   2.5340   2.8790   3.1080   3.3320   3.5850   3.8150   4.1160   4.2990   4.5310   0.0000   0.0000   0.0000   0.0000;
250:  0.2370   0.5000   0.6950   0.8780   1.0710   1.3150   1.5260   1.8650   2.0820   2.3040   2.5350   2.8780   3.1090   3.3330   3.5890   3.8180   4.1190   4.2980   0.0000   0.0000   0.0000   0.0000   0.0000;
251:  0.2370   0.4990   0.6940   0.8760   1.0700   1.3140   1.5260   1.8650   2.0820   2.3050   2.5370   2.8780   3.1100   3.3340   3.5930   3.8210   4.1220   4.2970   0.0000   0.0000   0.0000   0.0000   0.0000;
252:  0.2360   0.4980   0.6920   0.8750   1.0690   1.3130   1.5250   1.8650   2.0820   2.3050   2.5380   2.8780   3.1110   3.3360   3.5970   3.8240   4.1230   4.2960   0.0000   0.0000   0.0000   0.0000   0.0000;
253:  0.2360   0.4960   0.6910   0.8730   1.0670   1.3130   1.5250   1.8650   2.0820   2.3050   2.5400   2.8780   3.1130   3.3390   3.6020   3.8270   4.1250   4.2940   0.0000   0.0000   0.0000   0.0000   0.0000;
254:  0.2350   0.4950   0.6900   0.8720   1.0660   1.3120   1.5240   1.8650   2.0830   2.3060   2.5420   2.8780   3.1140   3.3420   3.6080   3.8290   4.1260   4.2920   0.0000   0.0000   0.0000   0.0000   0.0000;
255:  0.2350   0.4940   0.6880   0.8710   1.0650   1.3110   1.5240   1.8650   2.0830   2.3070   2.5430   2.8780   3.1160   3.3450   3.6130   3.8320   4.1260   4.2890   0.0000   0.0000   0.0000   0.0000   0.0000;
256:  0.2350   0.4930   0.6870   0.8690   1.0650   1.3110   1.5240   1.8650   2.0840   2.3070   2.5450   2.8780   3.1180   3.3490   3.6180   3.8350   4.1250   4.2880   0.0000   0.0000   0.0000   0.0000   0.0000;
257:  0.2340   0.4920   0.6860   0.8680   1.0640   1.3110   1.5240   1.8650   2.0840   2.3090   2.5460   2.8790   3.1200   3.3530   3.6240   3.8370   4.1240   4.2870   0.0000   0.0000   0.0000   0.0000   0.0000;
258:  0.2330   0.4910   0.6840   0.8670   1.0630   1.3110   1.5240   1.8650   2.0840   2.3100   2.5480   2.8790   3.1220   3.3570   3.6280   3.8400   4.1220   0.0000   0.0000   0.0000   0.0000   0.0000   0.0000;
259:  0.2330   0.4890   0.6830   0.8660   1.0630   1.3100   1.5240   1.8660   2.0850   2.3110   2.5490   2.8800   3.1240   3.3620   3.6330   3.8420   4.1220   0.0000   0.0000   0.0000   0.0000   0.0000   0.0000;
260:  0.2320   0.4880   0.6820   0.8650   1.0620   1.3100   1.5250   1.8660   2.0860   2.3130   2.5500   2.8810   3.1270   3.3670   3.6380   3.8450   4.1210   0.0000   0.0000   0.0000   0.0000   0.0000   0.0000;
261:  0.2320   0.4870   0.6810   0.8640   1.0610   1.3100   1.5250   1.8670   2.0870   2.3150   2.5520   2.8820   3.1300   3.3730   3.6420   3.8490   4.1200   0.0000   0.0000   0.0000   0.0000   0.0000   0.0000;
262:  0.2310   0.4860   0.6800   0.8640   1.0610   1.3110   1.5250   1.8670   2.0880   2.3160   2.5530   2.8830   3.1330   3.3780   3.6460   3.8530   4.1190   0.0000   0.0000   0.0000   0.0000   0.0000   0.0000;
263:  0.2310   0.4850   0.6790   0.8630   1.0600   1.3110   1.5260   1.8680   2.0890   2.3180   2.5550   2.8850   3.1360   3.3850   3.6500   3.8560   4.1190   0.0000   0.0000   0.0000   0.0000   0.0000   0.0000;
264:  0.2300   0.4840   0.6780   0.8620   1.0600   1.3110   1.5270   1.8690   2.0900   2.3200   2.5560   2.8870   3.1400   3.3910   3.6540   3.8580   4.1200   0.0000   0.0000   0.0000   0.0000   0.0000   0.0000;
265:  0.2290   0.4830   0.6770   0.8620   1.0600   1.3110   1.5270   1.8690   2.0910   2.3220   2.5580   2.8890   3.1430   3.3960   3.6570   3.8600   4.1210   0.0000   0.0000   0.0000   0.0000   0.0000   0.0000;
266:  0.2290   0.4820   0.6760   0.8620   1.0600   1.3110   1.5280   1.8700   2.0930   2.3240   2.5590   2.8910   3.1470   3.4020   3.6600   3.8630   4.1210   0.0000   0.0000   0.0000   0.0000   0.0000   0.0000;
267:  0.2280   0.4820   0.6760   0.8620   1.0600   1.3120   1.5290   1.8710   2.0950   2.3260   2.5610   2.8940   3.1510   3.4070   3.6640   3.8650   4.1220   0.0000   0.0000   0.0000   0.0000   0.0000   0.0000;
268:  0.2280   0.4800   0.6750   0.8610   1.0600   1.3130   1.5300   1.8730   2.0970   2.3280   2.5630   2.8970   3.1550   3.4110   3.6680   3.8670   4.1230   0.0000   0.0000   0.0000   0.0000   0.0000   0.0000;
269:  0.2270   0.4800   0.6750   0.8610   1.0600   1.3130   1.5310   1.8740   2.0980   2.3300   2.5650   2.9000   3.1590   3.4160   3.6720   3.8700   4.1250   0.0000   0.0000   0.0000   0.0000   0.0000   0.0000;
270:  0.2270   0.4790   0.6740   0.8610   1.0600   1.3140   1.5320   1.8750   2.1000   2.3330   2.5670   2.9040   3.1630   3.4210   3.6750   3.8730   4.1260   0.0000   0.0000   0.0000   0.0000   0.0000   0.0000;
271:  0.2260   0.4780   0.6740   0.8610   1.0600   1.3150   1.5330   1.8760   2.1020   2.3350   2.5690   2.9080   3.1660   3.4250   3.6790   3.8750   4.1290   0.0000   0.0000   0.0000   0.0000   0.0000   0.0000;
272:  0.2250   0.4770   0.6730   0.8610   1.0600   1.3150   1.5350   1.8780   2.1040   2.3380   2.5720   2.9110   3.1700   3.4300   3.6820   3.8780   4.1310   0.0000   0.0000   0.0000   0.0000   0.0000   0.0000;
273:  0.2250   0.4760   0.6730   0.8620   1.0610   1.3160   1.5360   1.8790   2.1060   2.3400   2.5750   2.9150   3.1740   3.4340   3.6860   3.8810   4.1340   0.0000   0.0000   0.0000   0.0000   0.0000   0.0000;
274:  0.2240   0.4750   0.6730   0.8620   1.0610   1.3170   1.5370   1.8810   2.1090   2.3430   2.5780   2.9180   3.1780   3.4380   3.6900   3.8840   4.1370   0.0000   0.0000   0.0000   0.0000   0.0000   0.0000;
275:  0.2240   0.4740   0.6730   0.8620   1.0620   1.3180   1.5390   1.8830   2.1110   2.3450   2.5820   2.9220   3.1820   3.4400   3.6930   3.8870   4.1400   0.0000   0.0000   0.0000   0.0000   0.0000   0.0000;
276:  0.2230   0.4740   0.6730   0.8630   1.0620   1.3190   1.5410   1.8850   2.1130   2.3480   2.5850   2.9250   3.1850   3.4430   3.6980   3.8900   4.1430   0.0000   0.0000   0.0000   0.0000   0.0000   0.0000;
277:  0.2230   0.4730   0.6730   0.8640   1.0630   1.3200   1.5420   1.8870   2.1160   2.3510   2.5880   2.9290   3.1890   3.4450   3.7020   3.8940   4.1470   0.0000   0.0000   0.0000   0.0000   0.0000   0.0000;
278:  0.2220   0.4720   0.6730   0.8640   1.0630   1.3220   1.5440   1.8900   2.1180   2.3530   2.5920   2.9320   3.1920   3.4470   3.7070   3.8980   4.1510   0.0000   0.0000   0.0000   0.0000   0.0000   0.0000;
279:  0.2220   0.4710   0.6730   0.8650   1.0640   1.3230   1.5460   1.8920   2.1210   2.3560   2.5950   2.9350   3.1960   3.4490   3.7130   3.9030   4.1560   0.0000   0.0000   0.0000   0.0000   0.0000   0.0000;
280:  0.2210   0.4710   0.6740   0.8670   1.0650   1.3250   1.5480   1.8950   2.1240   2.3580   2.5990   2.9400   3.1990   3.4510   3.7170   3.9070   4.1610   0.0000   0.0000   0.0000   0.0000   0.0000   0.0000;
281:  0.2200   0.4700   0.6740   0.8680   1.0650   1.3270   1.5510   1.8970   2.1270   2.3610   2.6030   2.9440   3.2030   3.4520   3.7220   3.9110   4.1670   0.0000   0.0000   0.0000   0.0000   0.0000   0.0000;
282:  0.2200   0.4700   0.6750   0.8700   1.0660   1.3290   1.5530   1.9000   2.1290   2.3640   2.6060   2.9470   3.2060   3.4540   3.7270   3.9160   4.1740   4.3330   4.4620   0.0000   0.0000   0.0000   0.0000;
283:  0.2190   0.4690   0.6750   0.8720   1.0670   1.3310   1.5550   1.9020   2.1320   2.3670   2.6100   2.9520   3.2100   3.4550   3.7310   3.9210   4.1810   4.3390   4.4650   0.0000   0.0000   0.0000   0.0000;
284:  0.2190   0.4690   0.6760   0.8740   1.0690   1.3330   1.5570   1.9050   2.1360   2.3700   2.6140   2.9560   3.2130   3.4580   3.7360   3.9260   4.1880   4.3460   4.4680   0.0000   0.0000   0.0000   0.0000;
285:  0.2180   0.4690   0.6760   0.8760   1.0700   1.3350   1.5600   1.9080   2.1390   2.3730   2.6180   2.9610   3.2170   3.4610   3.7400   3.9310   4.1950   4.3530   4.4720   0.0000   0.0000   0.0000   0.0000;
286:  0.2180   0.4690   0.6770   0.8780   1.0710   1.3370   1.5630   1.9110   2.1420   2.3760   2.6220   2.9660   3.2210   3.4640   3.7440   3.9360   4.2030   4.3600   4.4770   0.0000   0.0000   0.0000   0.0000;
287:  0.2170   0.4680   0.6780   0.8800   1.0720   1.3390   1.5650   1.9140   2.1450   2.3800   2.6250   2.9710   3.2240   3.4670   3.7480   3.9420   4.2100   4.3690   4.4830   0.0000   0.0000   0.0000   0.0000;
288:  0.2170   0.4680   0.6790   0.8830   1.0730   1.3420   1.5670   1.9170   2.1490   2.3830   2.6300   2.9750   3.2280   3.4700   3.7510   3.9470   4.2170   4.3780   4.4890   0.0000   0.0000   0.0000   0.0000;
289:  0.2160   0.4680   0.6800   0.8850   1.0750   1.3440   1.5700   1.9200   2.1520   2.3860   2.6340   2.9800   3.2330   3.4730   3.7540   3.9530   4.2240   4.3870   4.4960   0.0000   0.0000   0.0000   0.0000;
290:  0.2160   0.4690   0.6820   0.8870   1.0760   1.3470   1.5730   1.9230   2.1560   2.3890   2.6380   2.9850   3.2370   3.4760   3.7580   3.9580   4.2310   4.3960   4.5020   0.0000   0.0000   0.0000   0.0000;
291:  0.2160   0.4690   0.6830   0.8900   1.0780   1.3490   1.5750   1.9270   2.1590   2.3930   2.6420   2.9910   3.2410   3.4790   3.7610   3.9630   4.2380   4.4050   4.5090   0.0000   0.0000   0.0000   0.0000;
292:  0.2150   0.4690   0.6840   0.8920   1.0790   1.3520   1.5770   1.9300   2.1630   2.3960   2.6470   2.9970   3.2460   3.4820   3.7650   3.9690   4.2450   4.4150   4.5160   0.0000   0.0000   0.0000   0.0000;
293:  0.2150   0.4700   0.6850   0.8940   1.0810   1.3550   1.5800   1.9330   2.1660   2.4000   2.6510   3.0020   3.2510   3.4850   3.7680   3.9750   4.2520   4.4240   4.5240   0.0000   0.0000   0.0000   0.0000;
294:  0.2150   0.4700   0.6860   0.8960   1.0830   1.3570   1.5830   1.9360   2.1700   2.4040   2.6550   3.0090   3.2550   3.4890   3.7710   3.9810   4.2580   4.4340   4.5300   0.0000   0.0000   0.0000   0.0000;
295:  0.2140   0.4710   0.6880   0.8970   1.0850   1.3600   1.5850   1.9400   2.1740   2.4080   2.6600   3.0140   3.2600   3.4940   3.7750   3.9860   4.2650   4.4430   4.5370   0.0000   0.0000   0.0000   0.0000;
296:  0.2140   0.4720   0.6890   0.8990   1.0870   1.3630   1.5880   1.9430   2.1780   2.4120   2.6640   3.0200   3.2640   3.4990   3.7780   3.9920   4.2720   4.4520   4.5420   0.0000   0.0000   0.0000   0.0000;
297:  0.2130   0.4730   0.6900   0.9000   1.0890   1.3660   1.5910   1.9470   2.1810   2.4160   2.6690   3.0250   3.2690   3.5040   3.7810   3.9980   4.2770   4.4610   0.0000   0.0000   0.0000   0.0000   0.0000;
298:  0.2130   0.4730   0.6920   0.9010   1.0910   1.3680   1.5940   1.9500   2.1850   2.4200   2.6730   3.0310   3.2740   3.5100   3.7850   4.0050   4.2810   4.4700   0.0000   0.0000   0.0000   0.0000   0.0000;
299:  0.2130   0.4750   0.6930   0.9020   1.0940   1.3710   1.5970   1.9540   2.1890   2.4240   2.6780   3.0360   3.2800   3.5150   3.7890   4.0130   4.2840   4.4790   0.0000   0.0000   0.0000   0.0000   0.0000;
300:  0.2120   0.4760   0.6940   0.9030   1.0960   1.3740   1.6000   1.9580   2.1940   2.4290   2.6820   3.0420   3.2850   3.5200   3.7940   4.0210   4.2870   4.4880   0.0000   0.0000   0.0000   0.0000   0.0000;
301:  0.2120   0.4770   0.6960   0.9040   1.0990   1.3760   1.6040   1.9620   2.1980   2.4330   2.6870   3.0470   3.2900   3.5260   3.7990   4.0300   4.2880   0.0000   0.0000   0.0000   0.0000   0.0000   0.0000;
302:  0.2120   0.4780   0.6970   0.9050   1.1020   1.3790   1.6070   1.9660   2.2020   2.4370   2.6910   3.0530   3.2950   3.5310   3.8050   4.0400   4.2900   0.0000   0.0000   0.0000   0.0000   0.0000   0.0000;
303:  0.2120   0.4800   0.6980   0.9050   1.1050   1.3820   1.6110   1.9700   2.2070   2.4420   2.6950   3.0590   3.3010   3.5360   3.8110   4.0500   4.2910   0.0000   0.0000   0.0000   0.0000   0.0000   0.0000;
304:  0.2110   0.4820   0.7000   0.9060   1.1070   1.3850   1.6140   1.9750   2.2110   2.4460   2.6990   3.0650   3.3060   3.5420   3.8170   4.0600   4.2930   0.0000   0.0000   0.0000   0.0000   0.0000   0.0000;
305:  0.2110   0.4830   0.7010   0.9060   1.1100   1.3880   1.6180   1.9790   2.2160   2.4510   2.7030   3.0710   3.3110   3.5470   3.8230   4.0710   4.2950   0.0000   0.0000   0.0000   0.0000   0.0000   0.0000;
306:  0.2110   0.4850   0.7020   0.9070   1.1130   1.3910   1.6220   1.9830   2.2200   2.4560   2.7070   3.0770   3.3170   3.5540   3.8300   4.0820   4.3000   0.0000   0.0000   0.0000   0.0000   0.0000   0.0000;
307:  0.2110   0.4870   0.7030   0.9080   1.1160   1.3940   1.6260   1.9880   2.2250   2.4610   2.7100   3.0840   3.3230   3.5610   3.8360   4.0930   4.3050   0.0000   0.0000   0.0000   0.0000   0.0000   0.0000;
308:  0.2100   0.4880   0.7050   0.9090   1.1190   1.3970   1.6300   1.9920   2.2290   2.4660   2.7140   3.0910   3.3290   3.5690   3.8430   4.1040   4.3100   0.0000   0.0000   0.0000   0.0000   0.0000   0.0000;
309:  0.2100   0.4900   0.7060   0.9090   1.1220   1.4000   1.6330   1.9970   2.2340   2.4710   2.7180   3.0980   3.3350   3.5770   3.8500   4.1160   4.3150   0.0000   0.0000   0.0000   0.0000   0.0000   0.0000;
310:  0.2100   0.4920   0.7070   0.9100   1.1250   1.4030   1.6370   2.0010   2.2380   2.4750   2.7210   3.1050   3.3420   3.5850   3.8580   4.1270   4.3220   0.0000   0.0000   0.0000   0.0000   0.0000   0.0000;
311:  0.2100   0.4940   0.7080   0.9110   1.1290   1.4060   1.6410   2.0060   2.2430   2.4800   2.7240   3.1120   3.3480   3.5920   3.8660   4.1380   4.3290   0.0000   0.0000   0.0000   0.0000   0.0000   0.0000;
312:  0.2100   0.4960   0.7090   0.9130   1.1320   1.4090   1.6450   2.0110   2.2470   2.4850   2.7270   3.1190   3.3540   3.6000   3.8740   4.1480   4.3380   0.0000   0.0000   0.0000   0.0000   0.0000   0.0000;
313:  0.2100   0.4980   0.7100   0.9140   1.1350   1.4120   1.6490   2.0150   2.2520   2.4900   2.7310   3.1260   3.3600   3.6070   3.8830   4.1580   4.3470   0.0000   0.0000   0.0000   0.0000   0.0000   0.0000;
314:  0.2090   0.5000   0.7110   0.9160   1.1370   1.4150   1.6530   2.0200   2.2560   2.4950   2.7340   3.1330   3.3660   3.6140   3.8910   4.1670   4.3560   0.0000   0.0000   0.0000   0.0000   0.0000   0.0000;
315:  0.2090   0.5020   0.7120   0.9170   1.1400   1.4180   1.6560   2.0240   2.2600   2.4990   2.7370   3.1390   3.3730   3.6200   3.9000   4.1780   4.3670   0.0000   0.0000   0.0000   0.0000   0.0000   0.0000;
316:  0.2090   0.5040   0.7130   0.9190   1.1430   1.4220   1.6600   2.0290   2.2650   2.5040   2.7400   3.1460   3.3790   3.6280   3.9090   4.1890   4.3790   0.0000   0.0000   0.0000   0.0000   0.0000   0.0000;
317:  0.2090   0.5060   0.7150   0.9210   1.1460   1.4250   1.6640   2.0330   2.2690   2.5090   2.7420   3.1520   3.3850   3.6350   3.9170   4.1990   4.3920   0.0000   0.0000   0.0000   0.0000   0.0000   0.0000;
318:  0.2090   0.5080   0.7160   0.9230   1.1490   1.4290   1.6670   2.0370   2.2730   2.5140   2.7450   3.1580   3.3910   3.6420   3.9270   4.2080   4.4070   0.0000   0.0000   0.0000   0.0000   0.0000   0.0000;
319:  0.2090   0.5100   0.7170   0.9250   1.1520   1.4330   1.6710   2.0420   2.2770   2.5190   2.7470   3.1640   3.3970   3.6490   3.9360   4.2170   4.4220   0.0000   0.0000   0.0000   0.0000   0.0000   0.0000;
320:  0.2090   0.5120   0.7180   0.9270   1.1550   1.4360   1.6750   2.0460   2.2810   2.5230   2.7490   3.1680   3.4040   3.6550   3.9450   4.2260   4.4380   0.0000   0.0000   0.0000   0.0000   0.0000   0.0000;
321:  0.2090   0.5130   0.7190   0.9300   1.1580   1.4400   1.6790   2.0500   2.2850   2.5280   2.7520   3.1720   3.4100   3.6620   3.9540   4.2360   4.4550   0.0000   0.0000   0.0000   0.0000   0.0000   0.0000;
322:  0.2090   0.5150   0.7200   0.9320   1.1610   1.4450   1.6830   2.0530   2.2890   2.5330   2.7550   3.1770   3.4160   3.6700   3.9640   4.2460   4.4720   0.0000   0.0000   0.0000   0.0000   0.0000   0.0000;
323:  0.2090   0.5170   0.7210   0.9350   1.1640   1.4490   1.6870   2.0570   2.2930   2.5370   2.7580   3.1820   3.4220   3.6770   3.9730   4.2560   4.4890   0.0000   0.0000   0.0000   0.0000   0.0000   0.0000;
324:  0.2090   0.5190   0.7220   0.9370   1.1660   1.4530   1.6910   2.0600   2.2980   2.5420   2.7610   3.1860   3.4280   3.6840   3.9820   4.2670   4.5060   0.0000   0.0000   0.0000   0.0000   0.0000   0.0000;
325:  0.2090   0.5200   0.7230   0.9390   1.1690   1.4580   1.6950   2.0640   2.3020   2.5460   2.7650   3.1910   3.4350   3.6910   3.9910   4.2780   4.5240   0.0000   0.0000   0.0000   0.0000   0.0000   0.0000;
326:  0.2090   0.5220   0.7250   0.9420   1.1720   1.4620   1.6990   2.0670   2.3060   2.5500   2.7690   3.1950   3.4400   3.6980   4.0000   4.2890   4.5420   0.0000   0.0000   0.0000   0.0000   0.0000   0.0000;
327:  0.2090   0.5240   0.7260   0.9450   1.1750   1.4670   1.7030   2.0690   2.3110   2.5540   2.7730   3.1990   3.4460   3.7050   4.0080   4.2990   4.5610   0.0000   0.0000   0.0000   0.0000   0.0000   0.0000;
328:  0.2090   0.5250   0.7270   0.9470   1.1770   1.4710   1.7070   2.0720   2.3150   2.5580   2.7770   3.2020   3.4510   3.7120   4.0160   4.3090   4.5810   0.0000   0.0000   0.0000   0.0000   0.0000   0.0000;
329:  0.2090   0.5260   0.7280   0.9500   1.1800   1.4760   1.7120   2.0750   2.3200   2.5620   2.7820   3.2060   3.4560   3.7190   4.0240   4.3200   4.6020   0.0000   0.0000   0.0000   0.0000   0.0000   0.0000;
330:  0.2090   0.5280   0.7300   0.9530   1.1820   1.4800   1.7160   2.0770   2.3240   2.5660   2.7870   3.2100   3.4620   3.7260   4.0310   4.3290   4.6220   0.0000   0.0000   0.0000   0.0000   0.0000   0.0000;
331:  0.2090   0.5290   0.7310   0.9550   1.1850   1.4850   1.7200   2.0800   2.3290   2.5700   2.7930   3.2140   3.4670   3.7320   4.0380   4.3400   4.6420   0.0000   0.0000   0.0000   0.0000   0.0000   0.0000;
332:  0.2090   0.5300   0.7320   0.9580   1.1870   1.4890   1.7240   2.0820   2.3330   2.5730   2.7990   3.2170   3.4720   3.7390   4.0450   4.3490   4.6620   0.0000   0.0000   0.0000   0.0000   0.0000   0.0000;
333:  0.2090   0.5320   0.7340   0.9600   1.1890   1.4930   1.7280   2.0840   2.3370   2.5760   2.8050   3.2200   3.4760   3.7450   4.0520   4.3580   4.6820   0.0000   0.0000   0.0000   0.0000   0.0000   0.0000;
334:  0.2090   0.5330   0.7350   0.9630   1.1920   1.4970   1.7310   2.0860   2.3420   2.5790   2.8120   3.2230   3.4810   3.7510   4.0590   4.3660   4.7020   0.0000   0.0000   0.0000   0.0000   0.0000   0.0000;
335:  0.2090   0.5340   0.7360   0.9650   1.1940   1.5010   1.7350   2.0880   2.3450   2.5810   2.8180   3.2260   3.4840   3.7570   4.0650   4.3730   4.7210   0.0000   0.0000   0.0000   0.0000   0.0000   0.0000;
336:  0.2090   0.5350   0.7380   0.9670   1.1960   1.5040   1.7380   2.0900   2.3490   2.5840   2.8250   3.2290   3.4880   3.7620   4.0720   4.3790   4.7390   0.0000   0.0000   0.0000   0.0000   0.0000   0.0000;
337:  0.2090   0.5360   0.7400   0.9700   1.1990   1.5080   1.7410   2.0920   2.3520   2.5860   2.8300   3.2320   3.4910   3.7660   4.0780   4.3850   4.7570   0.0000   0.0000   0.0000   0.0000   0.0000   0.0000;
338:  0.2090   0.5370   0.7410   0.9730   1.2020   1.5110   1.7430   2.0950   2.3550   2.5880   2.8360   3.2340   3.4930   3.7700   4.0830   4.3920   4.7740   0.0000   0.0000   0.0000   0.0000   0.0000   0.0000;
339:  0.2090   0.5380   0.7430   0.9750   1.2040   1.5140   1.7460   2.0960   2.3580   2.5900   2.8400   3.2360   3.4950   3.7750   4.0870   4.3980   4.7900   0.0000   0.0000   0.0000   0.0000   0.0000   0.0000;
340:  0.2090   0.5390   0.7440   0.9770   1.2070   1.5160   1.7480   2.0990   2.3600   2.5910   2.8430   3.2380   3.4970   3.7780   4.0910   4.4060   4.8040   0.0000   0.0000   0.0000   0.0000   0.0000   0.0000;
341:  0.2090   0.5400   0.7460   0.9800   1.2090   1.5190   1.7500   2.1010   2.3620   2.5930   2.8450   3.2400   3.4980   3.7800   4.0930   4.4130   4.8160   0.0000   0.0000   0.0000   0.0000   0.0000   0.0000;
342:  0.2090   0.5410   0.7470   0.9820   1.2120   1.5210   1.7520   2.1030   2.3630   2.5940   2.8460   3.2420   3.4980   3.7820   4.0940   4.4200   4.8270   0.0000   0.0000   0.0000   0.0000   0.0000   0.0000;
343:  0.2090   0.5420   0.7490   0.9840   1.2150   1.5230   1.7540   2.1050   2.3640   2.5950   2.8460   3.2420   3.4980   3.7830   4.0960   4.4250   4.8370   0.0000   0.0000   0.0000   0.0000   0.0000   0.0000;
344:  0.2090   0.5420   0.7500   0.9860   1.2180   1.5240   1.7560   2.1070   2.3640   2.5960   2.8460   3.2420   3.4990   3.7850   4.0970   4.4310   4.8450   4.9900   0.0000   0.0000   0.0000   0.0000   0.0000;
345:  0.2090   0.5430   0.7520   0.9880   1.2200   1.5260   1.7570   2.1090   2.3640   2.5970   2.8450   3.2420   3.4980   3.7850   4.0970   4.4360   4.8500   4.9960   0.0000   0.0000   0.0000   0.0000   0.0000;
346:  0.2090   0.5440   0.7530   0.9900   1.2230   1.5270   1.7590   2.1110   2.3640   2.5970   2.8430   3.2420   3.4970   3.7850   4.0980   4.4420   4.8540   5.0020   0.0000   0.0000   0.0000   0.0000   0.0000;
347:  0.2090   0.5450   0.7550   0.9920   1.2250   1.5290   1.7600   2.1130   2.3630   2.5980   2.8400   3.2420   3.4960   3.7860   4.0980   4.4470   4.8550   5.0060   0.0000   0.0000   0.0000   0.0000   0.0000;
348:  0.2090   0.5450   0.7560   0.9930   1.2280   1.5300   1.7610   2.1160   2.3620   2.5980   2.8370   3.2420   3.4950   3.7860   4.0970   4.4510   4.8550   5.0090   0.0000   0.0000   0.0000   0.0000   0.0000;
349:  0.2090   0.5460   0.7570   0.9950   1.2300   1.5310   1.7610   2.1180   2.3610   2.5970   2.8340   3.2420   3.4940   3.7860   4.0960   4.4540   4.8540   5.0100   0.0000   0.0000   0.0000   0.0000   0.0000;
350:  0.2090   0.5470   0.7580   0.9960   1.2330   1.5320   1.7620   2.1200   2.3600   2.5970   2.8300   3.2410   3.4920   3.7860   4.0940   4.4570   4.8520   5.0100   0.0000   0.0000   0.0000   0.0000   0.0000;
351:  0.2090   0.5480   0.7600   0.9980   1.2350   1.5330   1.7620   2.1220   2.3590   2.5960   2.8260   3.2400   3.4900   3.7870   4.0910   4.4600   4.8480   5.0090   0.0000   0.0000   0.0000   0.0000   0.0000;
352:  0.2090   0.5480   0.7610   0.9990   1.2360   1.5340   1.7620   2.1230   2.3580   2.5950   2.8220   3.2390   3.4870   3.7870   4.0870   4.4610   4.8420   5.0060   0.0000   0.0000   0.0000   0.0000   0.0000;
353:  0.2090   0.5490   0.7620   1.0000   1.2380   1.5350   1.7630   2.1250   2.3570   2.5940   2.8180   3.2380   3.4850   3.7870   4.0840   4.4610   4.8340   5.0020   0.0000   0.0000   0.0000   0.0000   0.0000;
354:  0.2090   0.5500   0.7630   1.0020   1.2400   1.5350   1.7630   2.1260   2.3550   2.5930   2.8140   3.2370   3.4830   3.7870   4.0800   4.4590   4.8250   4.9970   0.0000   0.0000   0.0000   0.0000   0.0000;
355:  0.2090   0.5500   0.7640   1.0030   1.2410   1.5360   1.7630   2.1270   2.3540   2.5910   2.8110   3.2350   3.4810   3.7850   4.0770   4.4550   4.8150   4.9910   0.0000   0.0000   0.0000   0.0000   0.0000;
356:  0.2090   0.5510   0.7650   1.0040   1.2420   1.5360   1.7640   2.1280   2.3530   2.5890   2.8090   3.2320   3.4780   3.7830   4.0730   4.4490   4.8030   4.9850   0.0000   0.0000   0.0000   0.0000   0.0000;
357:  0.2090   0.5510   0.7660   1.0040   1.2440   1.5360   1.7640   2.1280   2.3510   2.5880   2.8070   3.2290   3.4760   3.7790   4.0690   4.4420   4.7890   4.9770   0.0000   0.0000   0.0000   0.0000   0.0000;
358:  0.2090   0.5520   0.7670   1.0050   1.2440   1.5360   1.7630   2.1280   2.3500   2.5860   2.8060   3.2270   3.4730   3.7740   4.0650   4.4340   4.7750   4.9690   0.0000   0.0000   0.0000   0.0000   0.0000;
359:  0.2090   0.5520   0.7680   1.0050   1.2450   1.5360   1.7630   2.1280   2.3480   2.5840   2.8050   3.2230   3.4690   3.7680   4.0600   4.4240   4.7600   4.9600   0.0000   0.0000   0.0000   0.0000   0.0000;
