C:\RK-3\Data\PA000001\ED0000010011L.DAT;
000:  0.4035   0.6700   0.8830   1.0955   1.3245   1.5575   1.8265   2.0905   2.3010   2.5200   2.7975   3.0730   3.3020   3.5440   3.7855   4.0130   4.2415   4.4830   4.7660   5.0760   5.4170   0.0000   0.0000;
001:  0.4025   0.6695   0.8830   1.0950   1.3230   1.5555   1.8245   2.0885   2.2990   2.5180   2.7955   3.0720   3.3015   3.5430   3.7850   4.0135   4.2420   4.4835   4.7675   5.0775   5.4205   0.0000   0.0000;
002:  0.4020   0.6690   0.8820   1.0935   1.3215   1.5545   1.8230   2.0865   2.2975   2.5165   2.7940   3.0710   3.3005   3.5420   3.7845   4.0140   4.2430   4.4845   4.7690   5.0795   5.4250   0.0000   0.0000;
003:  0.4015   0.6680   0.8815   1.0930   1.3200   1.5525   1.8210   2.0845   2.2955   2.5145   2.7925   3.0705   3.3000   3.5410   3.7845   4.0145   4.2435   4.4855   4.7710   5.0820   5.4290   0.0000   0.0000;
004:  0.4015   0.6675   0.8805   1.0920   1.3185   1.5510   1.8195   2.0825   2.2935   2.5125   2.7910   3.0700   3.2995   3.5395   3.7835   4.0145   4.2445   4.4870   4.7725   5.0840   5.4330   0.0000   0.0000;
005:  0.4005   0.6670   0.8800   1.0905   1.3165   1.5490   1.8170   2.0800   2.2920   2.5110   2.7890   3.0690   3.2990   3.5385   3.7830   4.0145   4.2450   4.4880   4.7740   5.0855   5.4360   0.0000   0.0000;
006:  0.4000   0.6665   0.8795   1.0900   1.3150   1.5475   1.8155   2.0780   2.2900   2.5085   2.7870   3.0685   3.2985   3.5375   3.7825   4.0145   4.2455   4.4885   4.7750   5.0875   5.4390   0.0000   0.0000;
007:  0.3995   0.6655   0.8785   1.0885   1.3130   1.5455   1.8130   2.0755   2.2880   2.5065   2.7855   3.0680   3.2980   3.5365   3.7820   4.0150   4.2470   4.4895   4.7760   5.0895   5.4415   0.0000   0.0000;
008:  0.3985   0.6645   0.8775   1.0875   1.3115   1.5435   1.8110   2.0730   2.2860   2.5050   2.7845   3.0680   3.2975   3.5355   3.7815   4.0155   4.2480   4.4905   4.7775   5.0920   5.4440   0.0000   0.0000;
009:  0.3985   0.6640   0.8765   1.0860   1.3100   1.5420   1.8090   2.0710   2.2840   2.5030   2.7830   3.0675   3.2975   3.5350   3.7810   4.0160   4.2490   4.4910   4.7790   5.0945   0.0000   0.0000   0.0000;
010:  0.3975   0.6630   0.8755   1.0850   1.3085   1.5405   1.8070   2.0685   2.2820   2.5010   2.7815   3.0670   3.2970   3.5345   3.7810   4.0160   4.2490   4.4915   4.7810   5.0970   0.0000   0.0000   0.0000;
011:  0.3970   0.6620   0.8745   1.0840   1.3070   1.5385   1.8050   2.0665   2.2800   2.4990   2.7805   3.0670   3.2965   3.5335   3.7805   4.0165   4.2500   4.4915   4.7815   5.0980   0.0000   0.0000   0.0000;
012:  0.3965   0.6620   0.8740   1.0830   1.3055   1.5365   1.8030   2.0640   2.2775   2.4970   2.7790   3.0665   3.2965   3.5330   3.7795   4.0160   4.2505   4.4915   4.7820   5.0995   0.0000   0.0000   0.0000;
013:  0.3960   0.6610   0.8730   1.0820   1.3040   1.5345   1.8010   2.0620   2.2760   2.4955   2.7775   3.0655   3.2955   3.5325   3.7795   4.0155   4.2505   4.4915   4.7830   5.1015   0.0000   0.0000   0.0000;
014:  0.3950   0.6600   0.8715   1.0805   1.3030   1.5330   1.7995   2.0605   2.2745   2.4945   2.7770   3.0655   3.2955   3.5320   3.7790   4.0155   4.2510   4.4920   4.7840   5.1030   0.0000   0.0000   0.0000;
015:  0.3940   0.6590   0.8705   1.0800   1.3020   1.5310   1.7975   2.0585   2.2725   2.4930   2.7760   3.0650   3.2950   3.5310   3.7785   4.0150   4.2510   4.4925   4.7850   5.1045   0.0000   0.0000   0.0000;
016:  0.3935   0.6580   0.8690   1.0785   1.3010   1.5290   1.7955   2.0570   2.2705   2.4910   2.7745   3.0640   3.2945   3.5315   3.7785   4.0145   4.2515   4.4930   4.7860   5.1060   0.0000   0.0000   0.0000;
017:  0.3930   0.6575   0.8675   1.0775   1.3000   1.5270   1.7940   2.0560   2.2695   2.4900   2.7735   3.0635   3.2940   3.5310   3.7785   4.0140   4.2515   4.4935   4.7865   5.1065   0.0000   0.0000   0.0000;
018:  0.3925   0.6565   0.8660   1.0760   1.2990   1.5255   1.7920   2.0540   2.2675   2.4885   2.7725   3.0630   3.2935   3.5305   3.7785   4.0140   4.2520   4.4945   4.7875   5.1075   0.0000   0.0000   0.0000;
019:  0.3915   0.6555   0.8645   1.0750   1.2980   1.5235   1.7905   2.0530   2.2660   2.4870   2.7715   3.0625   3.2930   3.5295   3.7780   4.0140   4.2525   4.4950   4.7875   5.1080   0.0000   0.0000   0.0000;
020:  0.3910   0.6545   0.8630   1.0740   1.2970   1.5210   1.7880   2.0510   2.2645   2.4860   2.7705   3.0615   3.2925   3.5295   3.7785   4.0145   4.2530   4.4955   4.7875   5.1085   0.0000   0.0000   0.0000;
021:  0.3900   0.6535   0.8610   1.0725   1.2965   1.5195   1.7865   2.0500   2.2635   2.4845   2.7690   3.0610   3.2920   3.5290   3.7785   4.0145   4.2535   4.4965   4.7875   5.1080   0.0000   0.0000   0.0000;
022:  0.3895   0.6530   0.8595   1.0710   1.2960   1.5180   1.7845   2.0485   2.2625   2.4835   2.7680   3.0600   3.2910   3.5280   3.7785   4.0145   4.2530   4.4965   4.7875   5.1080   0.0000   0.0000   0.0000;
023:  0.3885   0.6520   0.8580   1.0700   1.2950   1.5160   1.7825   2.0470   2.2615   2.4825   2.7670   3.0590   3.2900   3.5275   3.7785   4.0145   4.2530   4.4965   4.7865   5.1080   5.4235   0.0000   0.0000;
024:  0.3880   0.6510   0.8560   1.0685   1.2945   1.5140   1.7805   2.0460   2.2605   2.4815   2.7660   3.0585   3.2900   3.5275   3.7790   4.0150   4.2535   4.4970   4.7855   5.1070   5.4200   0.0000   0.0000;
025:  0.3870   0.6500   0.8540   1.0670   1.2940   1.5125   1.7785   2.0445   2.2595   2.4805   2.7655   3.0585   3.2895   3.5265   3.7785   4.0150   4.2535   4.4970   4.7845   5.1055   5.4160   0.0000   0.0000;
026:  0.3860   0.6490   0.8520   1.0655   1.2935   1.5110   1.7765   2.0430   2.2585   2.4800   2.7650   3.0575   3.2885   3.5260   3.7790   4.0155   4.2540   4.4970   4.7830   5.1030   5.4110   0.0000   0.0000;
027:  0.3860   0.6485   0.8500   1.0640   1.2925   1.5090   1.7750   2.0420   2.2580   2.4795   2.7640   3.0570   3.2885   3.5260   3.7790   4.0150   4.2530   4.4965   4.7820   5.1010   5.4060   0.0000   0.0000;
028:  0.3850   0.6475   0.8480   1.0625   1.2925   1.5080   1.7735   2.0410   2.2570   2.4785   2.7630   3.0560   3.2875   3.5255   3.7790   4.0145   4.2525   4.4960   4.7800   5.0970   5.3995   0.0000   0.0000;
029:  0.3845   0.6465   0.8465   1.0615   1.2915   1.5060   1.7715   2.0390   2.2555   2.4775   2.7620   3.0555   3.2870   3.5245   3.7785   4.0135   4.2515   4.4955   4.7780   5.0930   5.3925   0.0000   0.0000;
030:  0.3835   0.6455   0.8445   1.0600   1.2910   1.5050   1.7705   2.0380   2.2545   2.4765   2.7615   3.0555   3.2865   3.5235   3.7780   4.0125   4.2505   4.4945   4.7760   5.0895   5.3855   0.0000   0.0000;
031:  0.3830   0.6445   0.8430   1.0590   1.2905   1.5040   1.7695   2.0370   2.2535   2.4760   2.7615   3.0555   3.2865   3.5235   3.7775   4.0115   4.2495   4.4940   4.7750   5.0860   5.3785   0.0000   0.0000;
032:  0.3820   0.6435   0.8415   1.0580   1.2900   1.5025   1.7675   2.0350   2.2520   2.4750   2.7610   3.0555   3.2860   3.5230   3.7775   4.0110   4.2480   4.4930   4.7740   5.0820   5.3705   0.0000   0.0000;
033:  0.3815   0.6430   0.8405   1.0565   1.2890   1.5015   1.7665   2.0340   2.2510   2.4745   2.7605   3.0550   3.2855   3.5220   3.7765   4.0095   4.2465   4.4920   4.7725   5.0785   5.3625   0.0000   0.0000;
034:  0.3810   0.6420   0.8390   1.0550   1.2880   1.5000   1.7650   2.0330   2.2495   2.4730   2.7600   3.0550   3.2855   3.5220   3.7760   4.0085   4.2450   4.4900   4.7705   5.0740   5.3535   0.0000   0.0000;
035:  0.3805   0.6415   0.8375   1.0535   1.2870   1.4990   1.7635   2.0310   2.2480   2.4725   2.7600   3.0550   3.2850   3.5210   3.7745   4.0065   4.2430   4.4885   4.7700   5.0710   0.0000   0.0000   0.0000;
036:  0.3795   0.6405   0.8365   1.0525   1.2860   1.4980   1.7625   2.0300   2.2465   2.4715   2.7600   3.0550   3.2845   3.5200   3.7735   4.0055   4.2415   4.4870   4.7690   5.0675   0.0000   0.0000   0.0000;
037:  0.3790   0.6395   0.8355   1.0515   1.2850   1.4970   1.7615   2.0290   2.2455   2.4710   2.7600   3.0545   3.2835   3.5185   3.7720   4.0040   4.2390   4.4845   4.7680   5.0645   0.0000   0.0000   0.0000;
038:  0.3785   0.6385   0.8345   1.0500   1.2840   1.4965   1.7605   2.0275   2.2440   2.4700   2.7595   3.0545   3.2835   3.5185   3.7705   4.0015   4.2365   4.4820   4.7670   0.0000   0.0000   0.0000   0.0000;
039:  0.3780   0.6385   0.8340   1.0485   1.2825   1.4955   1.7595   2.0265   2.2425   2.4690   2.7595   3.0545   3.2830   3.5175   3.7685   3.9985   4.2340   4.4800   4.7665   0.0000   0.0000   0.0000   0.0000;
040:  0.3775   0.6375   0.8335   1.0475   1.2810   1.4950   1.7595   2.0260   2.2415   2.4685   2.7600   3.0555   3.2830   3.5165   3.7670   3.9965   4.2315   4.4770   0.0000   0.0000   0.0000   0.0000   0.0000;
041:  0.3765   0.6365   0.8325   1.0460   1.2800   1.4945   1.7580   2.0240   2.2405   2.4680   2.7595   3.0555   3.2825   3.5150   3.7650   3.9945   4.2290   4.4740   0.0000   0.0000   0.0000   0.0000   0.0000;
042:  0.3765   0.6360   0.8320   1.0445   1.2780   1.4940   1.7580   2.0235   2.2395   2.4675   2.7595   3.0555   3.2820   3.5140   3.7630   3.9925   4.2270   4.4710   0.0000   0.0000   0.0000   0.0000   0.0000;
043:  0.3755   0.6350   0.8315   1.0435   1.2770   1.4935   1.7570   2.0225   2.2390   2.4675   2.7600   3.0560   3.2820   3.5130   3.7605   3.9900   4.2240   4.4670   0.0000   0.0000   0.0000   0.0000   0.0000;
044:  0.3750   0.6345   0.8315   1.0425   1.2760   1.4935   1.7565   2.0220   2.2385   2.4670   2.7605   3.0570   3.2820   3.5115   3.7585   3.9885   4.2215   4.4625   0.0000   0.0000   0.0000   0.0000   0.0000;
045:  0.3750   0.6340   0.8310   1.0410   1.2740   1.4930   1.7565   2.0220   2.2385   2.4670   2.7605   3.0570   3.2815   3.5100   3.7565   3.9865   4.2190   4.4590   0.0000   0.0000   0.0000   0.0000   0.0000;
046:  0.3740   0.6330   0.8305   1.0400   1.2730   1.4930   1.7560   2.0215   2.2385   2.4665   2.7600   3.0565   3.2810   3.5090   3.7550   3.9850   4.2160   4.4540   0.0000   0.0000   0.0000   0.0000   0.0000;
047:  0.3740   0.6330   0.8300   1.0380   1.2710   1.4920   1.7555   2.0215   2.2385   2.4665   2.7605   3.0570   3.2805   3.5075   3.7530   3.9835   4.2135   4.4495   0.0000   0.0000   0.0000   0.0000   0.0000;
048:  0.3735   0.6320   0.8295   1.0365   1.2690   1.4915   1.7550   2.0215   2.2395   2.4665   2.7600   3.0570   3.2805   3.5065   3.7505   3.9810   4.2105   4.4445   0.0000   0.0000   0.0000   0.0000   0.0000;
049:  0.3730   0.6315   0.8290   1.0355   1.2675   1.4910   1.7550   2.0215   2.2400   2.4670   2.7605   3.0570   3.2795   3.5050   3.7485   3.9795   4.2080   4.4400   0.0000   0.0000   0.0000   0.0000   0.0000;
050:  0.3725   0.6310   0.8290   1.0345   1.2665   1.4905   1.7545   2.0220   2.2405   2.4665   2.7600   3.0570   3.2790   3.5035   3.7465   3.9780   4.2055   4.4350   0.0000   0.0000   0.0000   0.0000   0.0000;
051:  0.3725   0.6305   0.8285   1.0335   1.2650   1.4900   1.7545   2.0225   2.2415   2.4670   2.7600   3.0565   3.2785   3.5025   3.7445   3.9765   4.2035   4.4300   0.0000   0.0000   0.0000   0.0000   0.0000;
052:  0.3715   0.6300   0.8285   1.0325   1.2635   1.4895   1.7545   2.0230   2.2420   2.4665   2.7600   3.0565   3.2775   3.5010   3.7425   3.9745   4.2005   4.4250   0.0000   0.0000   0.0000   0.0000   0.0000;
053:  0.3715   0.6295   0.8275   1.0315   1.2625   1.4890   1.7545   2.0235   2.2430   2.4670   2.7605   3.0565   3.2765   3.4995   3.7405   3.9720   4.1965   4.4200   0.0000   0.0000   0.0000   0.0000   0.0000;
054:  0.3710   0.6295   0.8275   1.0305   1.2610   1.4880   1.7540   2.0240   2.2440   2.4675   2.7605   3.0560   3.2760   3.4985   3.7390   3.9705   4.1930   4.4145   0.0000   0.0000   0.0000   0.0000   0.0000;
055:  0.3705   0.6285   0.8270   1.0300   1.2600   1.4870   1.7540   2.0250   2.2455   2.4685   2.7605   3.0555   3.2750   3.4975   3.7375   3.9675   4.1880   4.4085   0.0000   0.0000   0.0000   0.0000   0.0000;
056:  0.3705   0.6285   0.8270   1.0295   1.2590   1.4865   1.7540   2.0250   2.2455   2.4685   2.7605   3.0550   3.2740   3.4965   3.7360   3.9650   4.1840   0.0000   0.0000   0.0000   0.0000   0.0000   0.0000;
057:  0.3705   0.6280   0.8260   1.0285   1.2585   1.4860   1.7540   2.0260   2.2465   2.4695   2.7615   3.0545   3.2725   3.4950   3.7340   3.9625   4.1800   0.0000   0.0000   0.0000   0.0000   0.0000   0.0000;
058:  0.3695   0.6275   0.8260   1.0280   1.2575   1.4850   1.7540   2.0270   2.2470   2.4700   2.7620   3.0535   3.2710   3.4940   3.7325   3.9605   4.1760   0.0000   0.0000   0.0000   0.0000   0.0000   0.0000;
059:  0.3695   0.6275   0.8255   1.0275   1.2570   1.4845   1.7540   2.0275   2.2475   2.4700   2.7620   3.0525   3.2695   3.4930   3.7310   3.9575   4.1710   0.0000   0.0000   0.0000   0.0000   0.0000   0.0000;
060:  0.3695   0.6270   0.8245   1.0265   1.2560   1.4835   1.7540   2.0285   2.2480   2.4705   2.7620   3.0510   3.2680   3.4915   3.7290   3.9550   4.1660   0.0000   0.0000   0.0000   0.0000   0.0000   0.0000;
061:  0.3690   0.6270   0.8245   1.0260   1.2550   1.4825   1.7540   2.0295   2.2485   2.4710   2.7625   3.0500   3.2665   3.4910   3.7280   3.9525   4.1610   0.0000   0.0000   0.0000   0.0000   0.0000   0.0000;
062:  0.3690   0.6270   0.8240   1.0255   1.2550   1.4820   1.7535   2.0300   2.2490   2.4715   2.7625   3.0490   3.2650   3.4895   3.7265   3.9500   4.1565   0.0000   0.0000   0.0000   0.0000   0.0000   0.0000;
063:  0.3685   0.6265   0.8240   1.0250   1.2540   1.4810   1.7535   2.0310   2.2495   2.4715   2.7620   3.0475   3.2635   3.4885   3.7245   3.9465   4.1510   0.0000   0.0000   0.0000   0.0000   0.0000   0.0000;
064:  0.3685   0.6260   0.8230   1.0245   1.2535   1.4800   1.7530   2.0315   2.2500   2.4720   2.7625   3.0465   3.2620   3.4875   3.7230   3.9440   4.1455   0.0000   0.0000   0.0000   0.0000   0.0000   0.0000;
065:  0.3685   0.6260   0.8230   1.0240   1.2530   1.4800   1.7530   2.0320   2.2505   2.4725   2.7630   3.0455   3.2600   3.4865   3.7220   3.9410   4.1400   0.0000   0.0000   0.0000   0.0000   0.0000   0.0000;
066:  0.3685   0.6260   0.8225   1.0235   1.2530   1.4795   1.7525   2.0320   2.2505   2.4730   2.7635   3.0450   3.2590   3.4855   3.7205   3.9385   4.1345   0.0000   0.0000   0.0000   0.0000   0.0000   0.0000;
067:  0.3680   0.6260   0.8225   1.0235   1.2530   1.4790   1.7520   2.0325   2.2515   2.4740   2.7635   3.0440   3.2580   3.4845   3.7190   3.9355   4.1290   0.0000   0.0000   0.0000   0.0000   0.0000   0.0000;
068:  0.3680   0.6260   0.8225   1.0235   1.2530   1.4790   1.7520   2.0325   2.2515   2.4745   2.7640   3.0430   3.2565   3.4835   3.7175   3.9330   4.1235   0.0000   0.0000   0.0000   0.0000   0.0000   0.0000;
069:  0.3680   0.6260   0.8220   1.0230   1.2530   1.4785   1.7515   2.0330   2.2525   2.4755   2.7640   3.0420   3.2555   3.4825   3.7160   3.9295   4.1175   0.0000   0.0000   0.0000   0.0000   0.0000   0.0000;
070:  0.3680   0.6260   0.8220   1.0230   1.2530   1.4785   1.7520   2.0335   2.2525   2.4760   2.7645   3.0410   3.2540   3.4820   3.7150   3.9265   4.1120   0.0000   0.0000   0.0000   0.0000   0.0000   0.0000;
071:  0.3680   0.6260   0.8220   1.0230   1.2530   1.4785   1.7520   2.0340   2.2535   2.4770   2.7650   3.0405   3.2530   3.4805   3.7130   3.9240   4.1075   0.0000   0.0000   0.0000   0.0000   0.0000   0.0000;
072:  0.3680   0.6260   0.8225   1.0235   1.2530   1.4785   1.7520   2.0345   2.2540   2.4775   2.7650   3.0395   3.2525   3.4805   3.7125   3.9215   4.1030   0.0000   0.0000   0.0000   0.0000   0.0000   0.0000;
073:  0.3675   0.6260   0.8225   1.0235   1.2530   1.4785   1.7520   2.0345   2.2540   2.4775   2.7650   3.0395   3.2520   3.4795   3.7115   3.9190   4.0990   0.0000   0.0000   0.0000   0.0000   0.0000   0.0000;
074:  0.3675   0.6260   0.8230   1.0245   1.2535   1.4785   1.7520   2.0350   2.2550   2.4785   2.7650   3.0385   3.2510   3.4790   3.7105   3.9160   4.0955   0.0000   0.0000   0.0000   0.0000   0.0000   0.0000;
075:  0.3675   0.6260   0.8230   1.0245   1.2535   1.4785   1.7525   2.0355   2.2550   2.4785   2.7650   3.0380   3.2505   3.4780   3.7085   3.9125   4.0925   0.0000   0.0000   0.0000   0.0000   0.0000   0.0000;
076:  0.3675   0.6260   0.8235   1.0250   1.2530   1.4780   1.7525   2.0355   2.2555   2.4795   2.7655   3.0380   3.2505   3.4780   3.7080   3.9095   4.0890   0.0000   0.0000   0.0000   0.0000   0.0000   0.0000;
077:  0.3675   0.6265   0.8240   1.0250   1.2535   1.4785   1.7530   2.0360   2.2555   2.4800   2.7660   3.0375   3.2500   3.4775   3.7070   3.9070   4.0865   0.0000   0.0000   0.0000   0.0000   0.0000   0.0000;
078:  0.3675   0.6265   0.8245   1.0255   1.2535   1.4790   1.7535   2.0365   2.2565   2.4805   2.7660   3.0375   3.2500   3.4770   3.7065   3.9045   0.0000   0.0000   0.0000   0.0000   0.0000   0.0000   0.0000;
079:  0.3675   0.6265   0.8245   1.0255   1.2535   1.4790   1.7540   2.0370   2.2570   2.4815   2.7665   3.0370   3.2490   3.4760   3.7065   3.9030   0.0000   0.0000   0.0000   0.0000   0.0000   0.0000   0.0000;
080:  0.3675   0.6265   0.8250   1.0260   1.2535   1.4790   1.7540   2.0370   2.2575   2.4825   2.7675   3.0375   3.2490   3.4755   3.7060   3.9015   0.0000   0.0000   0.0000   0.0000   0.0000   0.0000   0.0000;
081:  0.3675   0.6265   0.8255   1.0265   1.2535   1.4795   1.7550   2.0375   2.2575   2.4830   2.7680   3.0370   3.2485   3.4750   3.7060   3.9000   0.0000   0.0000   0.0000   0.0000   0.0000   0.0000   0.0000;
082:  0.3675   0.6265   0.8255   1.0265   1.2535   1.4795   1.7555   2.0380   2.2580   2.4840   2.7685   3.0370   3.2480   3.4740   3.7070   3.9005   0.0000   0.0000   0.0000   0.0000   0.0000   0.0000   0.0000;
083:  0.3680   0.6275   0.8265   1.0270   1.2540   1.4805   1.7565   2.0380   2.2580   2.4850   2.7690   3.0360   3.2470   3.4735   3.7075   3.9000   0.0000   0.0000   0.0000   0.0000   0.0000   0.0000   0.0000;
084:  0.3680   0.6275   0.8270   1.0275   1.2540   1.4805   1.7570   2.0385   2.2580   2.4855   2.7700   3.0365   3.2470   3.4735   3.7095   3.9010   0.0000   0.0000   0.0000   0.0000   0.0000   0.0000   0.0000;
085:  0.3680   0.6275   0.8270   1.0275   1.2545   1.4815   1.7585   2.0395   2.2585   2.4860   2.7700   3.0360   3.2465   3.4730   3.7115   3.9030   0.0000   0.0000   0.0000   0.0000   0.0000   0.0000   0.0000;
086:  0.3685   0.6280   0.8280   1.0285   1.2555   1.4825   1.7595   2.0400   2.2590   2.4870   2.7710   3.0360   3.2465   3.4730   3.7135   3.9055   0.0000   0.0000   0.0000   0.0000   0.0000   0.0000   0.0000;
087:  0.3685   0.6280   0.8285   1.0290   1.2555   1.4825   1.7600   2.0405   2.2595   2.4880   2.7720   3.0365   3.2465   3.4730   3.7165   0.0000   0.0000   0.0000   0.0000   0.0000   0.0000   0.0000   0.0000;
088:  0.3685   0.6280   0.8285   1.0290   1.2560   1.4835   1.7610   2.0415   2.2605   2.4890   2.7730   3.0365   3.2460   3.4730   3.7200   0.0000   0.0000   0.0000   0.0000   0.0000   0.0000   0.0000   0.0000;
089:  0.3690   0.6290   0.8295   1.0295   1.2565   1.4845   1.7620   2.0420   2.2605   2.4895   2.7740   3.0365   3.2455   3.4730   3.7240   0.0000   0.0000   0.0000   0.0000   0.0000   0.0000   0.0000   0.0000;
090:  0.3690   0.6290   0.8295   1.0295   1.2570   1.4855   1.7630   2.0430   2.2615   2.4905   2.7750   3.0370   3.2460   3.4735   3.7285   0.0000   0.0000   0.0000   0.0000   0.0000   0.0000   0.0000   0.0000;
091:  0.3690   0.6290   0.8300   1.0305   1.2575   1.4860   1.7640   2.0440   2.2630   2.4915   2.7750   3.0375   3.2470   3.4740   3.7325   0.0000   0.0000   0.0000   0.0000   0.0000   0.0000   0.0000   0.0000;
092:  0.3695   0.6300   0.8310   1.0310   1.2580   1.4870   1.7650   2.0445   2.2635   2.4925   2.7765   3.0385   3.2470   3.4740   3.7365   0.0000   0.0000   0.0000   0.0000   0.0000   0.0000   0.0000   0.0000;
093:  0.3700   0.6300   0.8310   1.0315   1.2590   1.4875   1.7660   2.0460   2.2645   2.4935   2.7775   3.0395   3.2480   3.4745   3.7410   0.0000   0.0000   0.0000   0.0000   0.0000   0.0000   0.0000   0.0000;
094:  0.3700   0.6300   0.8315   1.0320   1.2595   1.4890   1.7675   2.0470   2.2655   2.4940   2.7785   3.0410   3.2495   3.4755   3.7455   0.0000   0.0000   0.0000   0.0000   0.0000   0.0000   0.0000   0.0000;
095:  0.3700   0.6305   0.8320   1.0325   1.2600   1.4890   1.7680   2.0480   2.2665   2.4950   2.7795   3.0425   3.2510   3.4760   3.7505   0.0000   0.0000   0.0000   0.0000   0.0000   0.0000   0.0000   0.0000;
096:  0.3705   0.6310   0.8325   1.0335   1.2610   1.4905   1.7700   2.0495   2.2675   2.4960   2.7810   3.0440   3.2525   3.4775   3.7560   0.0000   0.0000   0.0000   0.0000   0.0000   0.0000   0.0000   0.0000;
097:  0.3705   0.6315   0.8330   1.0340   1.2620   1.4915   1.7715   2.0515   2.2690   2.4965   2.7820   3.0460   3.2545   3.4785   3.7605   0.0000   0.0000   0.0000   0.0000   0.0000   0.0000   0.0000   0.0000;
098:  0.3715   0.6320   0.8330   1.0345   1.2625   1.4920   1.7730   2.0530   2.2700   2.4975   2.7835   3.0485   3.2565   3.4795   3.7650   0.0000   0.0000   0.0000   0.0000   0.0000   0.0000   0.0000   0.0000;
099:  0.3715   0.6320   0.8335   1.0355   1.2635   1.4930   1.7745   2.0545   2.2710   2.4980   2.7845   3.0510   3.2595   3.4815   3.7700   0.0000   0.0000   0.0000   0.0000   0.0000   0.0000   0.0000   0.0000;
100:  0.3715   0.6325   0.8345   1.0365   1.2645   1.4940   1.7755   2.0555   2.2720   2.4990   2.7865   3.0540   3.2620   3.4825   0.0000   0.0000   0.0000   0.0000   0.0000   0.0000   0.0000   0.0000   0.0000;
101:  0.3720   0.6335   0.8350   1.0370   1.2660   1.4960   1.7775   2.0570   2.2735   2.5005   2.7880   3.0565   3.2650   3.4845   0.0000   0.0000   0.0000   0.0000   0.0000   0.0000   0.0000   0.0000   0.0000;
102:  0.3725   0.6335   0.8350   1.0375   1.2670   1.4970   1.7785   2.0585   2.2750   2.5010   2.7890   3.0595   3.2685   3.4870   0.0000   0.0000   0.0000   0.0000   0.0000   0.0000   0.0000   0.0000   0.0000;
103:  0.3725   0.6335   0.8355   1.0385   1.2680   1.4985   1.7800   2.0595   2.2760   2.5020   2.7905   3.0625   3.2715   3.4890   0.0000   0.0000   0.0000   0.0000   0.0000   0.0000   0.0000   0.0000   0.0000;
104:  0.3730   0.6345   0.8360   1.0390   1.2690   1.5000   1.7820   2.0610   2.2770   2.5030   2.7920   3.0655   3.2750   3.4915   0.0000   0.0000   0.0000   0.0000   0.0000   0.0000   0.0000   0.0000   0.0000;
105:  0.3730   0.6345   0.8365   1.0400   1.2705   1.5020   1.7835   2.0625   2.2785   2.5045   2.7940   3.0690   3.2785   3.4935   0.0000   0.0000   0.0000   0.0000   0.0000   0.0000   0.0000   0.0000   0.0000;
106:  0.3740   0.6355   0.8370   1.0405   1.2715   1.5035   1.7850   2.0635   2.2800   2.5060   2.7950   3.0720   3.2830   3.4970   0.0000   0.0000   0.0000   0.0000   0.0000   0.0000   0.0000   0.0000   0.0000;
107:  0.3740   0.6360   0.8380   1.0415   1.2730   1.5050   1.7860   2.0650   2.2815   2.5075   2.7970   3.0750   3.2870   3.5010   0.0000   0.0000   0.0000   0.0000   0.0000   0.0000   0.0000   0.0000   0.0000;
108:  0.3745   0.6365   0.8380   1.0420   1.2745   1.5070   1.7875   2.0665   2.2830   2.5085   2.7980   3.0780   3.2910   3.5045   0.0000   0.0000   0.0000   0.0000   0.0000   0.0000   0.0000   0.0000   0.0000;
109:  0.3750   0.6370   0.8390   1.0430   1.2760   1.5090   1.7885   2.0675   2.2845   2.5100   2.8000   3.0815   3.2955   3.5085   0.0000   0.0000   0.0000   0.0000   0.0000   0.0000   0.0000   0.0000   0.0000;
110:  0.3750   0.6370   0.8395   1.0440   1.2775   1.5110   1.7900   2.0685   2.2855   2.5115   2.8025   3.0855   3.3000   3.5125   0.0000   0.0000   0.0000   0.0000   0.0000   0.0000   0.0000   0.0000   0.0000;
111:  0.3755   0.6380   0.8400   1.0445   1.2790   1.5130   1.7915   2.0700   2.2875   2.5135   2.8045   3.0890   3.3045   3.5170   0.0000   0.0000   0.0000   0.0000   0.0000   0.0000   0.0000   0.0000   0.0000;
112:  0.3755   0.6380   0.8405   1.0455   1.2810   1.5155   1.7930   2.0715   2.2890   2.5155   2.8075   3.0930   3.3095   3.5220   0.0000   0.0000   0.0000   0.0000   0.0000   0.0000   0.0000   0.0000   0.0000;
113:  0.3765   0.6390   0.8415   1.0465   1.2825   1.5170   1.7935   2.0725   2.2910   2.5175   2.8095   3.0965   3.3145   3.5270   0.0000   0.0000   0.0000   0.0000   0.0000   0.0000   0.0000   0.0000   0.0000;
114:  0.3765   0.6395   0.8425   1.0475   1.2840   1.5190   1.7950   2.0740   2.2930   2.5200   2.8125   3.1005   3.3195   3.5320   0.0000   0.0000   0.0000   0.0000   0.0000   0.0000   0.0000   0.0000   0.0000;
115:  0.3770   0.6400   0.8430   1.0490   1.2860   1.5210   1.7965   2.0750   2.2945   2.5220   2.8155   3.1050   3.3250   3.5375   0.0000   0.0000   0.0000   0.0000   0.0000   0.0000   0.0000   0.0000   0.0000;
116:  0.3770   0.6405   0.8440   1.0500   1.2875   1.5225   1.7975   2.0765   2.2965   2.5245   2.8185   3.1095   3.3310   3.5435   0.0000   0.0000   0.0000   0.0000   0.0000   0.0000   0.0000   0.0000   0.0000;
117:  0.3780   0.6415   0.8450   1.0515   1.2895   1.5245   1.7990   2.0780   2.2985   2.5270   2.8215   3.1140   3.3370   3.5500   0.0000   0.0000   0.0000   0.0000   0.0000   0.0000   0.0000   0.0000   0.0000;
118:  0.3780   0.6415   0.8455   1.0525   1.2910   1.5265   1.8010   2.0800   2.3010   2.5300   2.8250   3.1185   3.3430   3.5570   0.0000   0.0000   0.0000   0.0000   0.0000   0.0000   0.0000   0.0000   0.0000;
119:  0.3785   0.6425   0.8470   1.0545   1.2930   1.5285   1.8025   2.0815   2.3030   2.5325   2.8285   3.1235   3.3495   3.5640   0.0000   0.0000   0.0000   0.0000   0.0000   0.0000   0.0000   0.0000   0.0000;
120:  0.3790   0.6430   0.8480   1.0560   1.2950   1.5305   1.8040   2.0835   2.3060   2.5355   2.8320   3.1285   3.3560   3.5715   0.0000   0.0000   0.0000   0.0000   0.0000   0.0000   0.0000   0.0000   0.0000;
121:  0.3795   0.6440   0.8490   1.0575   1.2970   1.5320   1.8055   2.0855   2.3080   2.5380   2.8360   3.1335   3.3620   3.5785   0.0000   0.0000   0.0000   0.0000   0.0000   0.0000   0.0000   0.0000   0.0000;
122:  0.3795   0.6440   0.8495   1.0585   1.2980   1.5335   1.8075   2.0875   2.3105   2.5415   2.8405   3.1385   3.3680   3.5860   0.0000   0.0000   0.0000   0.0000   0.0000   0.0000   0.0000   0.0000   0.0000;
123:  0.3800   0.6450   0.8505   1.0600   1.3000   1.5355   1.8100   2.0905   2.3135   2.5445   2.8445   3.1440   3.3750   3.5945   0.0000   0.0000   0.0000   0.0000   0.0000   0.0000   0.0000   0.0000   0.0000;
124:  0.3800   0.6455   0.8520   1.0620   1.3020   1.5375   1.8120   2.0925   2.3155   2.5475   2.8490   3.1490   3.3815   3.6025   0.0000   0.0000   0.0000   0.0000   0.0000   0.0000   0.0000   0.0000   0.0000;
125:  0.3810   0.6465   0.8530   1.0635   1.3035   1.5390   1.8140   2.0945   2.3180   2.5510   2.8535   3.1545   3.3885   3.6110   0.0000   0.0000   0.0000   0.0000   0.0000   0.0000   0.0000   0.0000   0.0000;
126:  0.3815   0.6470   0.8540   1.0655   1.3055   1.5410   1.8165   2.0970   2.3205   2.5545   2.8580   3.1595   3.3945   3.6195   0.0000   0.0000   0.0000   0.0000   0.0000   0.0000   0.0000   0.0000   0.0000;
127:  0.3815   0.6475   0.8550   1.0670   1.3070   1.5425   1.8185   2.0995   2.3240   2.5580   2.8620   3.1640   3.4000   3.6275   0.0000   0.0000   0.0000   0.0000   0.0000   0.0000   0.0000   0.0000   0.0000;
128:  0.3825   0.6485   0.8560   1.0685   1.3085   1.5445   1.8210   2.1015   2.3265   2.5615   2.8665   3.1690   3.4060   3.6355   0.0000   0.0000   0.0000   0.0000   0.0000   0.0000   0.0000   0.0000   0.0000;
129:  0.3825   0.6490   0.8575   1.0700   1.3100   1.5465   1.8235   2.1045   2.3300   2.5655   2.8700   3.1730   3.4125   3.6450   0.0000   0.0000   0.0000   0.0000   0.0000   0.0000   0.0000   0.0000   0.0000;
130:  0.3830   0.6500   0.8590   1.0720   1.3120   1.5485   1.8255   2.1070   2.3335   2.5690   2.8735   3.1775   3.4190   3.6540   0.0000   0.0000   0.0000   0.0000   0.0000   0.0000   0.0000   0.0000   0.0000;
131:  0.3835   0.6510   0.8600   1.0735   1.3135   1.5505   1.8285   2.1100   2.3370   2.5725   2.8770   3.1815   3.4250   3.6635   0.0000   0.0000   0.0000   0.0000   0.0000   0.0000   0.0000   0.0000   0.0000;
132:  0.3835   0.6510   0.8610   1.0755   1.3155   1.5530   1.8315   2.1130   2.3400   2.5760   2.8805   3.1855   3.4310   3.6720   0.0000   0.0000   0.0000   0.0000   0.0000   0.0000   0.0000   0.0000   0.0000;
133:  0.3845   0.6520   0.8620   1.0765   1.3170   1.5550   1.8335   2.1155   2.3435   2.5795   2.8840   3.1895   3.4365   3.6815   0.0000   0.0000   0.0000   0.0000   0.0000   0.0000   0.0000   0.0000   0.0000;
134:  0.3850   0.6530   0.8635   1.0785   1.3190   1.5575   1.8365   2.1190   2.3470   2.5825   2.8870   3.1935   3.4420   3.6895   0.0000   0.0000   0.0000   0.0000   0.0000   0.0000   0.0000   0.0000   0.0000;
135:  0.3850   0.6535   0.8645   1.0795   1.3200   1.5595   1.8390   2.1215   2.3505   2.5860   2.8900   3.1970   3.4475   3.6985   0.0000   0.0000   0.0000   0.0000   0.0000   0.0000   0.0000   0.0000   0.0000;
136:  0.3855   0.6540   0.8655   1.0810   1.3215   1.5615   1.8415   2.1250   2.3540   2.5890   2.8935   3.2010   3.4525   3.7065   0.0000   0.0000   0.0000   0.0000   0.0000   0.0000   0.0000   0.0000   0.0000;
137:  0.3865   0.6550   0.8670   1.0830   1.3235   1.5640   1.8440   2.1275   2.3575   2.5925   2.8965   3.2040   3.4575   3.7150   0.0000   0.0000   0.0000   0.0000   0.0000   0.0000   0.0000   0.0000   0.0000;
138:  0.3865   0.6555   0.8680   1.0840   1.3250   1.5665   1.8470   2.1305   2.3605   2.5950   2.8990   3.2075   3.4625   3.7225   0.0000   0.0000   0.0000   0.0000   0.0000   0.0000   0.0000   0.0000   0.0000;
139:  0.3870   0.6565   0.8695   1.0855   1.3265   1.5690   1.8500   2.1340   2.3640   2.5980   2.9020   3.2110   3.4680   3.7305   0.0000   0.0000   0.0000   0.0000   0.0000   0.0000   0.0000   0.0000   0.0000;
140:  0.3870   0.6570   0.8710   1.0870   1.3280   1.5710   1.8525   2.1370   2.3670   2.6005   2.9045   3.2145   3.4730   3.7380   0.0000   0.0000   0.0000   0.0000   0.0000   0.0000   0.0000   0.0000   0.0000;
141:  0.3875   0.6575   0.8715   1.0880   1.3295   1.5735   1.8550   2.1395   2.3705   2.6040   2.9075   3.2180   3.4780   3.7455   0.0000   0.0000   0.0000   0.0000   0.0000   0.0000   0.0000   0.0000   0.0000;
142:  0.3880   0.6585   0.8730   1.0895   1.3310   1.5760   1.8580   2.1430   2.3740   2.6065   2.9105   3.2220   3.4830   3.7530   0.0000   0.0000   0.0000   0.0000   0.0000   0.0000   0.0000   0.0000   0.0000;
143:  0.3880   0.6590   0.8740   1.0905   1.3320   1.5775   1.8605   2.1460   2.3770   2.6095   2.9135   3.2260   3.4880   3.7595   4.0360   0.0000   0.0000   0.0000   0.0000   0.0000   0.0000   0.0000   0.0000;
144:  0.3890   0.6595   0.8750   1.0915   1.3330   1.5800   1.8630   2.1485   2.3800   2.6120   2.9165   3.2300   3.4920   3.7655   4.0435   0.0000   0.0000   0.0000   0.0000   0.0000   0.0000   0.0000   0.0000;
145:  0.3890   0.6600   0.8760   1.0925   1.3345   1.5825   1.8660   2.1515   2.3825   2.6145   2.9195   3.2330   3.4965   3.7725   4.0515   4.2585   0.0000   0.0000   0.0000   0.0000   0.0000   0.0000   0.0000;
146:  0.3895   0.6610   0.8770   1.0935   1.3360   1.5845   1.8680   2.1540   2.3850   2.6165   2.9225   3.2375   3.5015   3.7790   4.0590   4.2685   0.0000   0.0000   0.0000   0.0000   0.0000   0.0000   0.0000;
147:  0.3895   0.6610   0.8780   1.0950   1.3375   1.5865   1.8705   2.1570   2.3880   2.6195   2.9255   3.2410   3.5065   3.7860   4.0670   4.2795   0.0000   0.0000   0.0000   0.0000   0.0000   0.0000   0.0000;
148:  0.3900   0.6620   0.8790   1.0955   1.3380   1.5885   1.8735   2.1600   2.3905   2.6215   2.9285   3.2450   3.5115   3.7930   4.0750   4.2910   0.0000   0.0000   0.0000   0.0000   0.0000   0.0000   0.0000;
149:  0.3900   0.6625   0.8800   1.0965   1.3395   1.5905   1.8760   2.1625   2.3925   2.6240   2.9315   3.2485   3.5160   3.7990   4.0830   4.3030   0.0000   0.0000   0.0000   0.0000   0.0000   0.0000   0.0000;
150:  0.3910   0.6630   0.8805   1.0975   1.3410   1.5930   1.8785   2.1645   2.3950   2.6270   2.9350   3.2530   3.5210   3.8050   4.0905   4.3150   0.0000   0.0000   0.0000   0.0000   0.0000   0.0000   0.0000;
151:  0.3910   0.6635   0.8815   1.0985   1.3420   1.5945   1.8805   2.1670   2.3975   2.6290   2.9375   3.2565   3.5255   3.8110   4.0985   4.3275   0.0000   0.0000   0.0000   0.0000   0.0000   0.0000   0.0000;
152:  0.3910   0.6635   0.8820   1.0995   1.3435   1.5965   1.8830   2.1695   2.3995   2.6315   2.9410   3.2605   3.5300   3.8170   4.1065   4.3400   0.0000   0.0000   0.0000   0.0000   0.0000   0.0000   0.0000;
153:  0.3915   0.6645   0.8830   1.1000   1.3440   1.5985   1.8855   2.1715   2.4020   2.6340   2.9440   3.2645   3.5340   3.8220   4.1140   4.3535   0.0000   0.0000   0.0000   0.0000   0.0000   0.0000   0.0000;
154:  0.3915   0.6645   0.8835   1.1015   1.3455   1.6000   1.8875   2.1735   2.4040   2.6360   2.9465   3.2680   3.5380   3.8275   4.1225   4.3680   0.0000   0.0000   0.0000   0.0000   0.0000   0.0000   0.0000;
155:  0.3915   0.6650   0.8840   1.1020   1.3470   1.6020   1.8895   2.1755   2.4065   2.6385   2.9495   3.2720   3.5420   3.8320   4.1300   4.3825   0.0000   0.0000   0.0000   0.0000   0.0000   0.0000   0.0000;
156:  0.3920   0.6655   0.8845   1.1030   1.3480   1.6040   1.8920   2.1775   2.4085   2.6405   2.9525   3.2755   3.5455   3.8370   4.1385   4.3975   0.0000   0.0000   0.0000   0.0000   0.0000   0.0000   0.0000;
157:  0.3925   0.6655   0.8845   1.1035   1.3490   1.6055   1.8940   2.1795   2.4110   2.6430   2.9550   3.2790   3.5495   3.8415   4.1460   4.4125   0.0000   0.0000   0.0000   0.0000   0.0000   0.0000   0.0000;
158:  0.3925   0.6655   0.8845   1.1045   1.3505   1.6070   1.8960   2.1815   2.4130   2.6450   2.9575   3.2820   3.5525   3.8455   4.1535   4.4270   0.0000   0.0000   0.0000   0.0000   0.0000   0.0000   0.0000;
159:  0.3925   0.6660   0.8855   1.1055   1.3515   1.6085   1.8975   2.1835   2.4160   2.6475   2.9605   3.2855   3.5555   3.8490   4.1610   4.4420   0.0000   0.0000   0.0000   0.0000   0.0000   0.0000   0.0000;
160:  0.3925   0.6660   0.8855   1.1060   1.3525   1.6100   1.8995   2.1855   2.4180   2.6495   2.9625   3.2875   3.5580   3.8530   4.1690   4.4565   0.0000   0.0000   0.0000   0.0000   0.0000   0.0000   0.0000;
161:  0.3925   0.6660   0.8860   1.1075   1.3540   1.6110   1.9005   2.1865   2.4195   2.6515   2.9650   3.2905   3.5610   3.8570   4.1775   4.4720   0.0000   0.0000   0.0000   0.0000   0.0000   0.0000   0.0000;
162:  0.3930   0.6670   0.8865   1.1080   1.3550   1.6125   1.9025   2.1890   2.4225   2.6545   2.9675   3.2925   3.5640   3.8610   4.1845   4.4855   0.0000   0.0000   0.0000   0.0000   0.0000   0.0000   0.0000;
163:  0.3930   0.6670   0.8865   1.1085   1.3560   1.6140   1.9040   2.1900   2.4240   2.6565   2.9700   3.2955   3.5670   3.8645   4.1915   4.4985   0.0000   0.0000   0.0000   0.0000   0.0000   0.0000   0.0000;
164:  0.3930   0.6670   0.8865   1.1095   1.3575   1.6150   1.9055   2.1920   2.4260   2.6590   2.9725   3.2975   3.5690   3.8675   4.1985   4.5110   0.0000   0.0000   0.0000   0.0000   0.0000   0.0000   0.0000;
165:  0.3935   0.6670   0.8865   1.1100   1.3585   1.6160   1.9065   2.1935   2.4285   2.6620   2.9745   3.2990   3.5710   3.8705   4.2055   4.5230   0.0000   0.0000   0.0000   0.0000   0.0000   0.0000   0.0000;
166:  0.3935   0.6670   0.8865   1.1105   1.3590   1.6165   1.9080   2.1955   2.4305   2.6645   2.9770   3.3015   3.5735   3.8735   4.2120   4.5350   0.0000   0.0000   0.0000   0.0000   0.0000   0.0000   0.0000;
167:  0.3935   0.6670   0.8865   1.1110   1.3600   1.6170   1.9085   2.1965   2.4320   2.6670   2.9790   3.3025   3.5745   3.8755   4.2185   4.5465   0.0000   0.0000   0.0000   0.0000   0.0000   0.0000   0.0000;
168:  0.3935   0.6670   0.8865   1.1115   1.3610   1.6180   1.9100   2.1985   2.4340   2.6695   2.9810   3.3040   3.5765   3.8775   4.2240   4.5575   4.8065   0.0000   0.0000   0.0000   0.0000   0.0000   0.0000;
169:  0.3935   0.6670   0.8860   1.1115   1.3620   1.6185   1.9105   2.1995   2.4355   2.6720   2.9830   3.3060   3.5790   3.8795   4.2290   4.5680   4.8160   0.0000   0.0000   0.0000   0.0000   0.0000   0.0000;
170:  0.3940   0.6670   0.8860   1.1115   1.3620   1.6190   1.9115   2.2005   2.4370   2.6745   2.9850   3.3075   3.5810   3.8815   4.2335   4.5780   4.8250   0.0000   0.0000   0.0000   0.0000   0.0000   0.0000;
171:  0.3935   0.6665   0.8860   1.1120   1.3630   1.6195   1.9125   2.2025   2.4390   2.6770   2.9870   3.3085   3.5830   3.8840   4.2380   4.5880   4.8340   0.0000   0.0000   0.0000   0.0000   0.0000   0.0000;
172:  0.3935   0.6665   0.8855   1.1115   1.3635   1.6200   1.9130   2.2035   2.4400   2.6785   2.9885   3.3095   3.5840   3.8850   4.2415   4.5975   4.8425   0.0000   0.0000   0.0000   0.0000   0.0000   0.0000;
173:  0.3935   0.6665   0.8855   1.1115   1.3635   1.6200   1.9140   2.2055   2.4420   2.6815   2.9905   3.3105   3.5860   3.8865   4.2445   4.6050   4.8490   0.0000   0.0000   0.0000   0.0000   0.0000   0.0000;
174:  0.3935   0.6665   0.8855   1.1115   1.3640   1.6205   1.9145   2.2065   2.4430   2.6830   2.9920   3.3120   3.5880   3.8880   4.2465   4.6110   4.8545   0.0000   0.0000   0.0000   0.0000   0.0000   0.0000;
175:  0.3935   0.6665   0.8850   1.1110   1.3645   1.6210   1.9150   2.2075   2.4440   2.6850   2.9935   3.3125   3.5890   3.8890   4.2475   4.6160   4.8595   0.0000   0.0000   0.0000   0.0000   0.0000   0.0000;
176:  0.3940   0.6665   0.8850   1.1110   1.3645   1.6210   1.9155   2.2085   2.4450   2.6865   2.9950   3.3135   3.5900   3.8895   4.2480   4.6205   4.8640   0.0000   0.0000   0.0000   0.0000   0.0000   0.0000;
177:  0.3935   0.6660   0.8850   1.1110   1.3650   1.6215   1.9160   2.2095   2.4460   2.6875   2.9960   3.3145   3.5905   3.8900   4.2485   4.6240   0.0000   0.0000   0.0000   0.0000   0.0000   0.0000   0.0000;
178:  0.3935   0.6660   0.8845   1.1105   1.3650   1.6215   1.9165   2.2100   2.4460   2.6885   2.9970   3.3150   3.5910   3.8895   4.2470   4.6255   0.0000   0.0000   0.0000   0.0000   0.0000   0.0000   0.0000;
179:  0.3935   0.6655   0.8840   1.1105   1.3650   1.6215   1.9165   2.2105   2.4470   2.6895   2.9980   3.3160   3.5915   3.8890   4.2445   4.6260   0.0000   0.0000   0.0000   0.0000   0.0000   0.0000   0.0000;
180:  0.3935   0.6655   0.8840   1.1100   1.3650   1.6220   1.9170   2.2110   2.4470   2.6900   2.9990   3.3165   3.5915   3.8880   4.2405   4.6245   0.0000   0.0000   0.0000   0.0000   0.0000   0.0000   0.0000;
181:  0.3935   0.6650   0.8840   1.1100   1.3650   1.6220   1.9170   2.2115   2.4475   2.6905   3.0000   3.3170   3.5910   3.8870   4.2365   4.6220   0.0000   0.0000   0.0000   0.0000   0.0000   0.0000   0.0000;
182:  0.3935   0.6650   0.8835   1.1090   1.3645   1.6220   1.9170   2.2110   2.4465   2.6900   3.0005   3.3175   3.5905   3.8855   4.2315   4.6185   0.0000   0.0000   0.0000   0.0000   0.0000   0.0000   0.0000;
183:  0.3935   0.6650   0.8835   1.1090   1.3645   1.6220   1.9170   2.2110   2.4465   2.6900   3.0005   3.3170   3.5895   3.8835   4.2255   4.6145   0.0000   0.0000   0.0000   0.0000   0.0000   0.0000   0.0000;
184:  0.3930   0.6640   0.8830   1.1085   1.3640   1.6215   1.9165   2.2110   2.4460   2.6890   3.0005   3.3170   3.5885   3.8825   4.2200   4.6090   0.0000   0.0000   0.0000   0.0000   0.0000   0.0000   0.0000;
185:  0.3930   0.6640   0.8830   1.1085   1.3640   1.6215   1.9165   2.2105   2.4450   2.6880   3.0000   3.3165   3.5870   3.8805   4.2140   4.6030   0.0000   0.0000   0.0000   0.0000   0.0000   0.0000   0.0000;
186:  0.3935   0.6640   0.8830   1.1080   1.3635   1.6215   1.9160   2.2100   2.4445   2.6875   3.0005   3.3165   3.5855   3.8785   4.2075   4.5965   0.0000   0.0000   0.0000   0.0000   0.0000   0.0000   0.0000;
187:  0.3930   0.6635   0.8830   1.1075   1.3630   1.6215   1.9160   2.2095   2.4440   2.6870   3.0000   3.3160   3.5840   3.8765   4.2005   0.0000   0.0000   0.0000   0.0000   0.0000   0.0000   0.0000   0.0000;
188:  0.3930   0.6630   0.8825   1.1075   1.3625   1.6205   1.9150   2.2085   2.4425   2.6855   2.9995   3.3155   3.5825   3.8750   4.1935   0.0000   0.0000   0.0000   0.0000   0.0000   0.0000   0.0000   0.0000;
189:  0.3930   0.6630   0.8825   1.1070   1.3620   1.6205   1.9145   2.2075   2.4415   2.6845   2.9985   3.3140   3.5805   3.8735   4.1865   0.0000   0.0000   0.0000   0.0000   0.0000   0.0000   0.0000   0.0000;
190:  0.3930   0.6620   0.8815   1.1060   1.3615   1.6200   1.9130   2.2060   2.4405   2.6835   2.9975   3.3125   3.5785   3.8715   4.1790   0.0000   0.0000   0.0000   0.0000   0.0000   0.0000   0.0000   0.0000;
191:  0.3930   0.6620   0.8815   1.1055   1.3605   1.6195   1.9125   2.2050   2.4395   2.6820   2.9960   3.3115   3.5770   3.8695   0.0000   0.0000   0.0000   0.0000   0.0000   0.0000   0.0000   0.0000   0.0000;
192:  0.3925   0.6615   0.8810   1.1045   1.3595   1.6185   1.9110   2.2030   2.4375   2.6800   2.9945   3.3105   3.5755   3.8675   0.0000   0.0000   0.0000   0.0000   0.0000   0.0000   0.0000   0.0000   0.0000;
193:  0.3925   0.6610   0.8805   1.1040   1.3585   1.6175   1.9095   2.2015   2.4360   2.6775   2.9925   3.3090   3.5740   3.8655   0.0000   0.0000   0.0000   0.0000   0.0000   0.0000   0.0000   0.0000   0.0000;
194:  0.3925   0.6605   0.8800   1.1030   1.3575   1.6165   1.9085   2.2005   2.4350   2.6760   2.9910   3.3075   3.5720   3.8630   0.0000   0.0000   0.0000   0.0000   0.0000   0.0000   0.0000   0.0000   0.0000;
195:  0.3925   0.6600   0.8795   1.1025   1.3565   1.6155   1.9070   2.1985   2.4330   2.6735   2.9885   3.3055   3.5695   3.8600   0.0000   0.0000   0.0000   0.0000   0.0000   0.0000   0.0000   0.0000   0.0000;
196:  0.3920   0.6595   0.8790   1.1015   1.3555   1.6145   1.9055   2.1965   2.4310   2.6710   2.9860   3.3035   3.5675   3.8570   0.0000   0.0000   0.0000   0.0000   0.0000   0.0000   0.0000   0.0000   0.0000;
197:  0.3920   0.6590   0.8780   1.1005   1.3540   1.6125   1.9035   2.1950   2.4300   2.6690   2.9835   3.3015   3.5655   3.8540   0.0000   0.0000   0.0000   0.0000   0.0000   0.0000   0.0000   0.0000   0.0000;
198:  0.3920   0.6585   0.8775   1.0995   1.3530   1.6115   1.9025   2.1935   2.4280   2.6665   2.9805   3.2990   3.5630   3.8505   0.0000   0.0000   0.0000   0.0000   0.0000   0.0000   0.0000   0.0000   0.0000;
199:  0.3920   0.6580   0.8770   1.0990   1.3520   1.6100   1.9005   2.1920   2.4265   2.6635   2.9775   3.2970   3.5605   3.8470   0.0000   0.0000   0.0000   0.0000   0.0000   0.0000   0.0000   0.0000   0.0000;
200:  0.3915   0.6570   0.8760   1.0980   1.3505   1.6085   1.8990   2.1900   2.4250   2.6615   2.9745   3.2945   3.5575   3.8425   0.0000   0.0000   0.0000   0.0000   0.0000   0.0000   0.0000   0.0000   0.0000;
201:  0.3910   0.6565   0.8755   1.0970   1.3490   1.6065   1.8970   2.1880   2.4230   2.6590   2.9715   3.2915   3.5545   3.8390   0.0000   0.0000   0.0000   0.0000   0.0000   0.0000   0.0000   0.0000   0.0000;
202:  0.3915   0.6560   0.8745   1.0965   1.3485   1.6050   1.8950   2.1865   2.4215   2.6565   2.9685   3.2885   3.5510   3.8345   0.0000   0.0000   0.0000   0.0000   0.0000   0.0000   0.0000   0.0000   0.0000;
203:  0.3910   0.6550   0.8735   1.0955   1.3470   1.6030   1.8935   2.1850   2.4195   2.6540   2.9655   3.2860   3.5480   3.8295   0.0000   0.0000   0.0000   0.0000   0.0000   0.0000   0.0000   0.0000   0.0000;
204:  0.3910   0.6550   0.8730   1.0945   1.3460   1.6015   1.8915   2.1835   2.4180   2.6515   2.9625   3.2830   3.5440   3.8240   0.0000   0.0000   0.0000   0.0000   0.0000   0.0000   0.0000   0.0000   0.0000;
205:  0.3910   0.6540   0.8720   1.0935   1.3445   1.5995   1.8895   2.1815   2.4160   2.6490   2.9595   3.2800   3.5405   3.8185   0.0000   0.0000   0.0000   0.0000   0.0000   0.0000   0.0000   0.0000   0.0000;
206:  0.3905   0.6530   0.8710   1.0925   1.3430   1.5975   1.8880   2.1800   2.4140   2.6465   2.9560   3.2760   3.5360   3.8130   0.0000   0.0000   0.0000   0.0000   0.0000   0.0000   0.0000   0.0000   0.0000;
207:  0.3905   0.6530   0.8705   1.0915   1.3415   1.5955   1.8860   2.1780   2.4115   2.6435   2.9530   3.2730   3.5320   3.8065   0.0000   0.0000   0.0000   0.0000   0.0000   0.0000   0.0000   0.0000   0.0000;
208:  0.3900   0.6520   0.8695   1.0905   1.3400   1.5935   1.8845   2.1760   2.4090   2.6410   2.9500   3.2695   3.5270   3.8000   0.0000   0.0000   0.0000   0.0000   0.0000   0.0000   0.0000   0.0000   0.0000;
209:  0.3895   0.6510   0.8680   1.0890   1.3385   1.5910   1.8825   2.1745   2.4065   2.6380   2.9465   3.2655   3.5225   3.7935   0.0000   0.0000   0.0000   0.0000   0.0000   0.0000   0.0000   0.0000   0.0000;
210:  0.3900   0.6505   0.8670   1.0885   1.3375   1.5890   1.8805   2.1725   2.4045   2.6360   2.9435   3.2615   3.5175   3.7865   0.0000   0.0000   0.0000   0.0000   0.0000   0.0000   0.0000   0.0000   0.0000;
211:  0.3895   0.6495   0.8660   1.0875   1.3365   1.5870   1.8780   2.1700   2.4015   2.6330   2.9405   3.2580   3.5120   3.7790   0.0000   0.0000   0.0000   0.0000   0.0000   0.0000   0.0000   0.0000   0.0000;
212:  0.3895   0.6495   0.8655   1.0865   1.3350   1.5850   1.8760   2.1675   2.3985   2.6305   2.9375   3.2540   3.5065   3.7720   0.0000   0.0000   0.0000   0.0000   0.0000   0.0000   0.0000   0.0000   0.0000;
213:  0.3890   0.6485   0.8640   1.0850   1.3335   1.5830   1.8740   2.1655   2.3965   2.6285   2.9350   3.2505   3.5015   3.7650   0.0000   0.0000   0.0000   0.0000   0.0000   0.0000   0.0000   0.0000   0.0000;
214:  0.3885   0.6475   0.8630   1.0840   1.3320   1.5810   1.8720   2.1630   2.3935   2.6260   2.9320   3.2460   3.4960   3.7585   0.0000   0.0000   0.0000   0.0000   0.0000   0.0000   0.0000   0.0000   0.0000;
215:  0.3890   0.6470   0.8620   1.0835   1.3315   1.5790   1.8695   2.1605   2.3905   2.6230   2.9285   3.2415   3.4905   3.7520   0.0000   0.0000   0.0000   0.0000   0.0000   0.0000   0.0000   0.0000   0.0000;
216:  0.3885   0.6460   0.8605   1.0820   1.3300   1.5770   1.8680   2.1585   2.3875   2.6205   2.9260   3.2375   3.4845   3.7450   0.0000   0.0000   0.0000   0.0000   0.0000   0.0000   0.0000   0.0000   0.0000;
217:  0.3885   0.6455   0.8595   1.0805   1.3285   1.5755   1.8655   2.1560   2.3850   2.6180   2.9230   3.2335   3.4795   3.7390   0.0000   0.0000   0.0000   0.0000   0.0000   0.0000   0.0000   0.0000   0.0000;
218:  0.3880   0.6450   0.8590   1.0795   1.3270   1.5735   1.8635   2.1535   2.3820   2.6150   2.9200   3.2295   3.4735   3.7325   0.0000   0.0000   0.0000   0.0000   0.0000   0.0000   0.0000   0.0000   0.0000;
219:  0.3880   0.6440   0.8575   1.0780   1.3260   1.5725   1.8620   2.1510   2.3790   2.6125   2.9170   3.2250   3.4680   3.7265   3.9450   0.0000   0.0000   0.0000   0.0000   0.0000   0.0000   0.0000   0.0000;
220:  0.3880   0.6435   0.8565   1.0770   1.3250   1.5710   1.8595   2.1480   2.3760   2.6095   2.9135   3.2205   3.4620   3.7200   3.9395   0.0000   0.0000   0.0000   0.0000   0.0000   0.0000   0.0000   0.0000;
221:  0.3875   0.6425   0.8555   1.0760   1.3240   1.5695   1.8570   2.1450   2.3730   2.6070   2.9105   3.2160   3.4565   3.7135   3.9345   0.0000   0.0000   0.0000   0.0000   0.0000   0.0000   0.0000   0.0000;
222:  0.3870   0.6415   0.8545   1.0745   1.3220   1.5675   1.8545   2.1425   2.3705   2.6040   2.9070   3.2120   3.4515   3.7080   3.9305   0.0000   0.0000   0.0000   0.0000   0.0000   0.0000   0.0000   0.0000;
223:  0.3870   0.6415   0.8540   1.0735   1.3210   1.5660   1.8525   2.1400   2.3680   2.6015   2.9035   3.2080   3.4465   3.7020   3.9265   0.0000   0.0000   0.0000   0.0000   0.0000   0.0000   0.0000   0.0000;
224:  0.3865   0.6405   0.8525   1.0720   1.3200   1.5650   1.8505   2.1375   2.3655   2.5990   2.9005   3.2035   3.4415   3.6970   3.9235   0.0000   0.0000   0.0000   0.0000   0.0000   0.0000   0.0000   0.0000;
225:  0.3870   0.6400   0.8515   1.0710   1.3190   1.5635   1.8480   2.1345   2.3625   2.5965   2.8975   3.1995   3.4370   3.6925   3.9215   0.0000   0.0000   0.0000   0.0000   0.0000   0.0000   0.0000   0.0000;
226:  0.3865   0.6390   0.8505   1.0695   1.3175   1.5620   1.8455   2.1320   2.3605   2.5940   2.8940   3.1950   3.4320   3.6875   3.9190   0.0000   0.0000   0.0000   0.0000   0.0000   0.0000   0.0000   0.0000;
227:  0.3865   0.6390   0.8495   1.0680   1.3165   1.5610   1.8435   2.1295   2.3580   2.5915   2.8910   3.1915   3.4280   3.6830   3.9175   0.0000   0.0000   0.0000   0.0000   0.0000   0.0000   0.0000   0.0000;
228:  0.3860   0.6380   0.8490   1.0670   1.3145   1.5595   1.8420   2.1275   2.3560   2.5890   2.8880   3.1875   3.4235   3.6790   3.9160   0.0000   0.0000   0.0000   0.0000   0.0000   0.0000   0.0000   0.0000;
229:  0.3860   0.6375   0.8475   1.0655   1.3135   1.5580   1.8395   2.1250   2.3535   2.5865   2.8850   3.1840   3.4200   3.6750   3.9145   0.0000   0.0000   0.0000   0.0000   0.0000   0.0000   0.0000   0.0000;
230:  0.3855   0.6370   0.8470   1.0645   1.3120   1.5565   1.8375   2.1225   2.3515   2.5840   2.8815   3.1800   3.4160   3.6710   3.9130   0.0000   0.0000   0.0000   0.0000   0.0000   0.0000   0.0000   0.0000;
231:  0.3860   0.6365   0.8460   1.0630   1.3100   1.5550   1.8360   2.1210   2.3500   2.5820   2.8790   3.1770   3.4125   3.6670   3.9110   0.0000   0.0000   0.0000   0.0000   0.0000   0.0000   0.0000   0.0000;
232:  0.3855   0.6355   0.8450   1.0620   1.3090   1.5535   1.8335   2.1185   2.3475   2.5790   2.8755   3.1730   3.4090   3.6635   3.9090   0.0000   0.0000   0.0000   0.0000   0.0000   0.0000   0.0000   0.0000;
233:  0.3855   0.6355   0.8445   1.0610   1.3075   1.5520   1.8320   2.1170   2.3460   2.5770   2.8725   3.1695   3.4060   3.6605   3.9075   0.0000   0.0000   0.0000   0.0000   0.0000   0.0000   0.0000   0.0000;
234:  0.3855   0.6350   0.8435   1.0600   1.3060   1.5505   1.8300   2.1145   2.3440   2.5750   2.8695   3.1660   3.4030   3.6570   3.9055   0.0000   0.0000   0.0000   0.0000   0.0000   0.0000   0.0000   0.0000;
235:  0.3850   0.6340   0.8425   1.0585   1.3040   1.5485   1.8280   2.1125   2.3420   2.5730   2.8670   3.1630   3.4000   3.6535   3.9030   0.0000   0.0000   0.0000   0.0000   0.0000   0.0000   0.0000   0.0000;
236:  0.3850   0.6340   0.8420   1.0575   1.3025   1.5470   1.8265   2.1110   2.3405   2.5710   2.8640   3.1595   3.3970   3.6500   3.9000   0.0000   0.0000   0.0000   0.0000   0.0000   0.0000   0.0000   0.0000;
237:  0.3845   0.6330   0.8410   1.0565   1.3010   1.5450   1.8245   2.1090   2.3385   2.5690   2.8610   3.1560   3.3935   3.6465   3.8970   0.0000   0.0000   0.0000   0.0000   0.0000   0.0000   0.0000   0.0000;
238:  0.3845   0.6330   0.8405   1.0555   1.2995   1.5435   1.8230   2.1075   2.3370   2.5665   2.8575   3.1525   3.3905   3.6430   3.8935   0.0000   0.0000   0.0000   0.0000   0.0000   0.0000   0.0000   0.0000;
239:  0.3840   0.6320   0.8395   1.0545   1.2980   1.5415   1.8210   2.1055   2.3350   2.5645   2.8545   3.1495   3.3875   3.6395   3.8900   4.1405   0.0000   0.0000   0.0000   0.0000   0.0000   0.0000   0.0000;
240:  0.3840   0.6320   0.8390   1.0535   1.2970   1.5405   1.8200   2.1045   2.3335   2.5620   2.8510   3.1460   3.3845   3.6360   3.8865   4.1355   0.0000   0.0000   0.0000   0.0000   0.0000   0.0000   0.0000;
241:  0.3840   0.6320   0.8385   1.0525   1.2955   1.5390   1.8185   2.1030   2.3320   2.5600   2.8480   3.1425   3.3815   3.6330   3.8830   4.1300   0.0000   0.0000   0.0000   0.0000   0.0000   0.0000   0.0000;
242:  0.3835   0.6310   0.8380   1.0520   1.2945   1.5375   1.8170   2.1015   2.3300   2.5580   2.8450   3.1395   3.3785   3.6290   3.8790   4.1250   0.0000   0.0000   0.0000   0.0000   0.0000   0.0000   0.0000;
243:  0.3835   0.6310   0.8375   1.0510   1.2930   1.5360   1.8155   2.0995   2.3280   2.5560   2.8425   3.1365   3.3755   3.6255   3.8750   4.1205   0.0000   0.0000   0.0000   0.0000   0.0000   0.0000   0.0000;
244:  0.3840   0.6310   0.8375   1.0505   1.2920   1.5350   1.8145   2.0985   2.3265   2.5535   2.8390   3.1325   3.3715   3.6215   3.8710   4.1160   0.0000   0.0000   0.0000   0.0000   0.0000   0.0000   0.0000;
245:  0.3835   0.6300   0.8365   1.0495   1.2910   1.5340   1.8135   2.0975   2.3250   2.5515   2.8365   3.1300   3.3685   3.6180   3.8680   4.1125   0.0000   0.0000   0.0000   0.0000   0.0000   0.0000   0.0000;
246:  0.3835   0.6300   0.8365   1.0490   1.2900   1.5330   1.8120   2.0955   2.3230   2.5490   2.8330   3.1265   3.3650   3.6140   3.8645   4.1090   0.0000   0.0000   0.0000   0.0000   0.0000   0.0000   0.0000;
247:  0.3835   0.6300   0.8365   1.0485   1.2890   1.5320   1.8110   2.0945   2.3220   2.5475   2.8305   3.1235   3.3615   3.6105   3.8610   4.1050   0.0000   0.0000   0.0000   0.0000   0.0000   0.0000   0.0000;
248:  0.3830   0.6290   0.8355   1.0470   1.2875   1.5310   1.8100   2.0930   2.3200   2.5455   2.8280   3.1200   3.3580   3.6070   3.8570   4.1015   0.0000   0.0000   0.0000   0.0000   0.0000   0.0000   0.0000;
249:  0.3830   0.6290   0.8355   1.0470   1.2870   1.5300   1.8090   2.0915   2.3180   2.5430   2.8250   3.1170   3.3545   3.6030   3.8530   4.0980   0.0000   0.0000   0.0000   0.0000   0.0000   0.0000   0.0000;
250:  0.3830   0.6290   0.8355   1.0465   1.2865   1.5295   1.8085   2.0905   2.3160   2.5410   2.8225   3.1140   3.3510   3.5995   3.8505   4.0955   0.0000   0.0000   0.0000   0.0000   0.0000   0.0000   0.0000;
251:  0.3830   0.6290   0.8355   1.0460   1.2855   1.5290   1.8080   2.0895   2.3145   2.5390   2.8205   3.1115   3.3480   3.5960   3.8470   4.0930   0.0000   0.0000   0.0000   0.0000   0.0000   0.0000   0.0000;
252:  0.3830   0.6290   0.8350   1.0450   1.2845   1.5280   1.8070   2.0880   2.3130   2.5375   2.8180   3.1085   3.3450   3.5930   3.8440   4.0900   0.0000   0.0000   0.0000   0.0000   0.0000   0.0000   0.0000;
253:  0.3825   0.6285   0.8350   1.0445   1.2835   1.5270   1.8060   2.0870   2.3115   2.5350   2.8155   3.1060   3.3420   3.5900   3.8415   4.0875   0.0000   0.0000   0.0000   0.0000   0.0000   0.0000   0.0000;
254:  0.3825   0.6285   0.8350   1.0440   1.2830   1.5265   1.8055   2.0860   2.3095   2.5330   2.8135   3.1035   3.3390   3.5870   3.8385   4.0850   0.0000   0.0000   0.0000   0.0000   0.0000   0.0000   0.0000;
255:  0.3825   0.6285   0.8350   1.0440   1.2825   1.5260   1.8050   2.0850   2.3080   2.5310   2.8120   3.1015   3.3360   3.5840   3.8355   4.0825   0.0000   0.0000   0.0000   0.0000   0.0000   0.0000   0.0000;
256:  0.3825   0.6285   0.8350   1.0435   1.2815   1.5250   1.8045   2.0840   2.3060   2.5295   2.8105   3.0995   3.3340   3.5810   3.8325   4.0805   0.0000   0.0000   0.0000   0.0000   0.0000   0.0000   0.0000;
257:  0.3825   0.6285   0.8350   1.0435   1.2815   1.5245   1.8035   2.0830   2.3050   2.5280   2.8090   3.0975   3.3315   3.5785   3.8295   4.0780   0.0000   0.0000   0.0000   0.0000   0.0000   0.0000   0.0000;
258:  0.3825   0.6285   0.8350   1.0430   1.2805   1.5240   1.8035   2.0820   2.3030   2.5265   2.8080   3.0960   3.3300   3.5760   3.8260   4.0755   0.0000   0.0000   0.0000   0.0000   0.0000   0.0000   0.0000;
259:  0.3825   0.6285   0.8350   1.0430   1.2800   1.5230   1.8030   2.0815   2.3015   2.5245   2.8065   3.0940   3.3280   3.5745   3.8230   4.0725   0.0000   0.0000   0.0000   0.0000   0.0000   0.0000   0.0000;
260:  0.3825   0.6285   0.8350   1.0425   1.2790   1.5220   1.8025   2.0805   2.3000   2.5235   2.8055   3.0925   3.3260   3.5720   3.8205   4.0705   0.0000   0.0000   0.0000   0.0000   0.0000   0.0000   0.0000;
261:  0.3825   0.6285   0.8350   1.0425   1.2785   1.5210   1.8020   2.0800   2.2990   2.5225   2.8045   3.0915   3.3245   3.5695   3.8175   4.0685   0.0000   0.0000   0.0000   0.0000   0.0000   0.0000   0.0000;
262:  0.3825   0.6285   0.8350   1.0425   1.2780   1.5200   1.8015   2.0790   2.2975   2.5215   2.8035   3.0900   3.3225   3.5670   3.8145   4.0655   0.0000   0.0000   0.0000   0.0000   0.0000   0.0000   0.0000;
263:  0.3825   0.6285   0.8350   1.0425   1.2780   1.5195   1.8010   2.0785   2.2965   2.5205   2.8025   3.0890   3.3215   3.5655   3.8120   4.0630   4.2670   0.0000   0.0000   0.0000   0.0000   0.0000   0.0000;
264:  0.3825   0.6285   0.8355   1.0430   1.2780   1.5195   1.8010   2.0780   2.2955   2.5195   2.8015   3.0880   3.3205   3.5630   3.8085   4.0605   4.2655   0.0000   0.0000   0.0000   0.0000   0.0000   0.0000;
265:  0.3825   0.6285   0.8355   1.0430   1.2775   1.5185   1.8000   2.0770   2.2945   2.5185   2.8005   3.0870   3.3195   3.5615   3.8060   4.0580   4.2635   0.0000   0.0000   0.0000   0.0000   0.0000   0.0000;
266:  0.3830   0.6295   0.8360   1.0430   1.2775   1.5180   1.7995   2.0770   2.2940   2.5180   2.8000   3.0860   3.3190   3.5600   3.8030   4.0560   4.2625   0.0000   0.0000   0.0000   0.0000   0.0000   0.0000;
267:  0.3830   0.6295   0.8360   1.0430   1.2775   1.5180   1.7995   2.0765   2.2935   2.5175   2.7995   3.0855   3.3175   3.5580   3.8005   4.0535   4.2615   0.0000   0.0000   0.0000   0.0000   0.0000   0.0000;
268:  0.3830   0.6295   0.8360   1.0430   1.2775   1.5180   1.7990   2.0760   2.2935   2.5175   2.7990   3.0845   3.3165   3.5565   3.7985   4.0520   4.2620   0.0000   0.0000   0.0000   0.0000   0.0000   0.0000;
269:  0.3830   0.6300   0.8365   1.0430   1.2775   1.5180   1.7990   2.0755   2.2925   2.5165   2.7985   3.0845   3.3165   3.5555   3.7965   4.0500   4.2615   0.0000   0.0000   0.0000   0.0000   0.0000   0.0000;
270:  0.3835   0.6300   0.8370   1.0440   1.2785   1.5185   1.7985   2.0750   2.2925   2.5165   2.7985   3.0840   3.3155   3.5540   3.7945   4.0485   4.2625   0.0000   0.0000   0.0000   0.0000   0.0000   0.0000;
271:  0.3840   0.6305   0.8370   1.0440   1.2785   1.5185   1.7985   2.0750   2.2925   2.5165   2.7985   3.0835   3.3145   3.5525   3.7920   4.0460   4.2635   0.0000   0.0000   0.0000   0.0000   0.0000   0.0000;
272:  0.3840   0.6310   0.8380   1.0450   1.2795   1.5190   1.7980   2.0745   2.2925   2.5165   2.7980   3.0830   3.3135   3.5505   3.7895   4.0435   4.2640   0.0000   0.0000   0.0000   0.0000   0.0000   0.0000;
273:  0.3840   0.6310   0.8380   1.0450   1.2800   1.5200   1.7985   2.0745   2.2930   2.5165   2.7975   3.0825   3.3125   3.5490   3.7875   4.0415   4.2645   0.0000   0.0000   0.0000   0.0000   0.0000   0.0000;
274:  0.3845   0.6315   0.8380   1.0455   1.2810   1.5210   1.7985   2.0740   2.2930   2.5165   2.7975   3.0825   3.3120   3.5475   3.7850   4.0390   4.2650   4.4195   0.0000   0.0000   0.0000   0.0000   0.0000;
275:  0.3845   0.6320   0.8390   1.0465   1.2815   1.5210   1.7980   2.0735   2.2930   2.5165   2.7970   3.0820   3.3115   3.5465   3.7830   4.0365   4.2655   4.4240   0.0000   0.0000   0.0000   0.0000   0.0000;
276:  0.3845   0.6325   0.8400   1.0475   1.2830   1.5225   1.7985   2.0735   2.2935   2.5165   2.7965   3.0820   3.3110   3.5460   3.7820   4.0345   4.2660   4.4290   0.0000   0.0000   0.0000   0.0000   0.0000;
277:  0.3850   0.6330   0.8400   1.0480   1.2840   1.5235   1.7985   2.0730   2.2935   2.5165   2.7965   3.0820   3.3100   3.5445   3.7805   4.0320   4.2660   4.4345   0.0000   0.0000   0.0000   0.0000   0.0000;
278:  0.3850   0.6330   0.8410   1.0495   1.2850   1.5245   1.7990   2.0735   2.2940   2.5165   2.7970   3.0825   3.3090   3.5430   3.7790   4.0300   4.2665   4.4400   0.0000   0.0000   0.0000   0.0000   0.0000;
279:  0.3855   0.6340   0.8415   1.0500   1.2860   1.5255   1.7995   2.0735   2.2940   2.5165   2.7970   3.0825   3.3085   3.5420   3.7770   4.0275   4.2665   4.4450   0.0000   0.0000   0.0000   0.0000   0.0000;
280:  0.3855   0.6345   0.8425   1.0510   1.2870   1.5260   1.7990   2.0730   2.2940   2.5165   2.7970   3.0825   3.3085   3.5415   3.7755   4.0255   4.2660   4.4500   0.0000   0.0000   0.0000   0.0000   0.0000;
281:  0.3860   0.6350   0.8430   1.0520   1.2880   1.5270   1.8000   2.0740   2.2945   2.5160   2.7965   3.0825   3.3080   3.5405   3.7740   4.0235   4.2655   4.4555   0.0000   0.0000   0.0000   0.0000   0.0000;
282:  0.3860   0.6355   0.8445   1.0540   1.2895   1.5280   1.8005   2.0740   2.2945   2.5160   2.7970   3.0830   3.3080   3.5405   3.7730   4.0215   4.2650   4.4605   0.0000   0.0000   0.0000   0.0000   0.0000;
283:  0.3865   0.6360   0.8450   1.0550   1.2905   1.5290   1.8010   2.0745   2.2950   2.5160   2.7970   3.0830   3.3080   3.5400   3.7715   4.0200   4.2645   4.4650   0.0000   0.0000   0.0000   0.0000   0.0000;
284:  0.3870   0.6365   0.8460   1.0560   1.2915   1.5295   1.8015   2.0750   2.2955   2.5165   2.7970   3.0835   3.3080   3.5390   3.7700   4.0180   4.2630   4.4690   0.0000   0.0000   0.0000   0.0000   0.0000;
285:  0.3875   0.6375   0.8470   1.0570   1.2925   1.5305   1.8020   2.0750   2.2955   2.5170   2.7980   3.0840   3.3075   3.5385   3.7690   4.0160   4.2620   4.4730   0.0000   0.0000   0.0000   0.0000   0.0000;
286:  0.3875   0.6375   0.8480   1.0585   1.2935   1.5315   1.8030   2.0755   2.2960   2.5175   2.7980   3.0840   3.3070   3.5375   3.7675   4.0145   4.2610   4.4765   0.0000   0.0000   0.0000   0.0000   0.0000;
287:  0.3880   0.6385   0.8490   1.0595   1.2945   1.5320   1.8030   2.0755   2.2960   2.5175   2.7985   3.0850   3.3075   3.5375   3.7670   4.0130   4.2595   4.4795   0.0000   0.0000   0.0000   0.0000   0.0000;
288:  0.3885   0.6395   0.8500   1.0605   1.2955   1.5330   1.8040   2.0765   2.2965   2.5175   2.7985   3.0850   3.3075   3.5370   3.7660   4.0115   4.2575   4.4815   0.0000   0.0000   0.0000   0.0000   0.0000;
289:  0.3885   0.6395   0.8505   1.0615   1.2965   1.5340   1.8050   2.0770   2.2970   2.5185   2.7990   3.0850   3.3075   3.5365   3.7650   4.0095   4.2555   4.4835   0.0000   0.0000   0.0000   0.0000   0.0000;
290:  0.3895   0.6405   0.8515   1.0625   1.2975   1.5350   1.8060   2.0780   2.2975   2.5185   2.7995   3.0860   3.3080   3.5365   3.7655   4.0090   4.2530   4.4835   0.0000   0.0000   0.0000   0.0000   0.0000;
291:  0.3900   0.6415   0.8525   1.0635   1.2985   1.5360   1.8065   2.0780   2.2975   2.5190   2.8000   3.0860   3.3085   3.5370   3.7655   4.0080   4.2510   4.4840   0.0000   0.0000   0.0000   0.0000   0.0000;
292:  0.3900   0.6415   0.8535   1.0650   1.2990   1.5365   1.8075   2.0790   2.2980   2.5190   2.8005   3.0865   3.3085   3.5365   3.7650   4.0070   4.2495   4.4840   0.0000   0.0000   0.0000   0.0000   0.0000;
293:  0.3905   0.6425   0.8545   1.0660   1.3000   1.5375   1.8085   2.0800   2.2990   2.5200   2.8010   3.0865   3.3090   3.5370   3.7650   4.0065   4.2485   4.4835   0.0000   0.0000   0.0000   0.0000   0.0000;
294:  0.3910   0.6435   0.8550   1.0660   1.3010   1.5390   1.8095   2.0810   2.2995   2.5200   2.8010   3.0865   3.3090   3.5370   3.7650   4.0055   4.2470   4.4820   0.0000   0.0000   0.0000   0.0000   0.0000;
295:  0.3910   0.6435   0.8555   1.0670   1.3020   1.5405   1.8110   2.0820   2.3005   2.5205   2.8010   3.0870   3.3100   3.5375   3.7650   4.0045   4.2455   4.4810   0.0000   0.0000   0.0000   0.0000   0.0000;
296:  0.3915   0.6445   0.8565   1.0680   1.3030   1.5415   1.8115   2.0820   2.3010   2.5210   2.8010   3.0870   3.3105   3.5375   3.7645   4.0035   4.2435   4.4790   0.0000   0.0000   0.0000   0.0000   0.0000;
297:  0.3925   0.6455   0.8575   1.0690   1.3040   1.5425   1.8125   2.0830   2.3015   2.5210   2.8010   3.0870   3.3110   3.5380   3.7645   4.0025   4.2415   4.4770   0.0000   0.0000   0.0000   0.0000   0.0000;
298:  0.3930   0.6465   0.8580   1.0695   1.3050   1.5440   1.8140   2.0840   2.3025   2.5215   2.8010   3.0870   3.3115   3.5385   3.7650   4.0020   4.2395   4.4750   0.0000   0.0000   0.0000   0.0000   0.0000;
299:  0.3930   0.6470   0.8590   1.0705   1.3060   1.5450   1.8150   2.0850   2.3035   2.5225   2.8015   3.0875   3.3120   3.5385   3.7655   4.0015   4.2380   4.4735   0.0000   0.0000   0.0000   0.0000   0.0000;
300:  0.3935   0.6475   0.8595   1.0715   1.3075   1.5465   1.8160   2.0865   2.3045   2.5225   2.8015   3.0875   3.3130   3.5395   3.7660   4.0010   4.2365   4.4715   0.0000   0.0000   0.0000   0.0000   0.0000;
301:  0.3940   0.6485   0.8605   1.0725   1.3085   1.5480   1.8175   2.0875   2.3050   2.5225   2.8015   3.0875   3.3130   3.5400   3.7665   4.0000   4.2350   4.4695   0.0000   0.0000   0.0000   0.0000   0.0000;
302:  0.3945   0.6495   0.8615   1.0730   1.3090   1.5490   1.8185   2.0885   2.3060   2.5230   2.8020   3.0880   3.3130   3.5400   3.7670   4.0000   4.2340   4.4680   0.0000   0.0000   0.0000   0.0000   0.0000;
303:  0.3950   0.6505   0.8625   1.0740   1.3100   1.5500   1.8195   2.0900   2.3070   2.5235   2.8025   3.0880   3.3135   3.5410   3.7675   3.9990   4.2330   4.4665   0.0000   0.0000   0.0000   0.0000   0.0000;
304:  0.3955   0.6505   0.8630   1.0750   1.3110   1.5510   1.8205   2.0910   2.3080   2.5240   2.8030   3.0885   3.3135   3.5410   3.7680   3.9990   4.2325   4.4655   0.0000   0.0000   0.0000   0.0000   0.0000;
305:  0.3960   0.6515   0.8640   1.0760   1.3120   1.5520   1.8215   2.0920   2.3085   2.5240   2.8030   3.0885   3.3140   3.5420   3.7685   3.9985   4.2315   4.4635   0.0000   0.0000   0.0000   0.0000   0.0000;
306:  0.3965   0.6525   0.8650   1.0770   1.3130   1.5530   1.8225   2.0930   2.3095   2.5250   2.8035   3.0890   3.3150   3.5425   3.7690   3.9985   4.2305   4.4620   0.0000   0.0000   0.0000   0.0000   0.0000;
307:  0.3970   0.6535   0.8660   1.0780   1.3145   1.5545   1.8240   2.0945   2.3100   2.5255   2.8045   3.0895   3.3155   3.5430   3.7690   3.9985   4.2305   4.4610   0.0000   0.0000   0.0000   0.0000   0.0000;
308:  0.3975   0.6545   0.8670   1.0790   1.3155   1.5555   1.8250   2.0950   2.3105   2.5260   2.8050   3.0900   3.3160   3.5435   3.7690   3.9980   4.2300   4.4600   0.0000   0.0000   0.0000   0.0000   0.0000;
309:  0.3985   0.6555   0.8680   1.0800   1.3165   1.5560   1.8255   2.0960   2.3115   2.5270   2.8060   3.0905   3.3165   3.5440   3.7690   3.9980   4.2300   4.4595   0.0000   0.0000   0.0000   0.0000   0.0000;
310:  0.3990   0.6565   0.8690   1.0810   1.3175   1.5570   1.8270   2.0975   2.3120   2.5275   2.8065   3.0910   3.3170   3.5435   3.7685   3.9980   4.2295   4.4585   0.0000   0.0000   0.0000   0.0000   0.0000;
311:  0.3990   0.6565   0.8695   1.0815   1.3180   1.5575   1.8275   2.0980   2.3125   2.5285   2.8075   3.0915   3.3175   3.5440   3.7685   3.9980   4.2290   4.4580   0.0000   0.0000   0.0000   0.0000   0.0000;
312:  0.3995   0.6575   0.8705   1.0825   1.3190   1.5585   1.8285   2.0985   2.3130   2.5295   2.8085   3.0920   3.3180   3.5440   3.7680   3.9980   4.2290   4.4575   0.0000   0.0000   0.0000   0.0000   0.0000;
313:  0.4000   0.6585   0.8715   1.0835   1.3200   1.5595   1.8300   2.1000   2.3140   2.5305   2.8095   3.0925   3.3185   3.5445   3.7680   3.9980   4.2290   4.4575   0.0000   0.0000   0.0000   0.0000   0.0000;
314:  0.4005   0.6595   0.8725   1.0845   1.3210   1.5600   1.8305   2.1005   2.3145   2.5320   2.8110   3.0930   3.3185   3.5440   3.7680   3.9985   4.2290   4.4575   0.0000   0.0000   0.0000   0.0000   0.0000;
315:  0.4010   0.6605   0.8735   1.0850   1.3215   1.5610   1.8315   2.1010   2.3150   2.5330   2.8115   3.0930   3.3185   3.5440   3.7685   3.9990   4.2290   4.4570   0.0000   0.0000   0.0000   0.0000   0.0000;
316:  0.4015   0.6610   0.8745   1.0865   1.3230   1.5620   1.8325   2.1020   2.3160   2.5345   2.8130   3.0935   3.3190   3.5440   3.7680   3.9995   4.2295   4.4570   0.0000   0.0000   0.0000   0.0000   0.0000;
317:  0.4020   0.6615   0.8745   1.0865   1.3235   1.5630   1.8335   2.1025   2.3165   2.5355   2.8140   3.0940   3.3190   3.5440   3.7680   3.9995   4.2295   4.4570   4.7325   0.0000   0.0000   0.0000   0.0000;
318:  0.4025   0.6625   0.8755   1.0875   1.3245   1.5640   1.8345   2.1035   2.3175   2.5365   2.8145   3.0940   3.3195   3.5440   3.7675   4.0000   4.2300   4.4565   4.7300   0.0000   0.0000   0.0000   0.0000;
319:  0.4030   0.6635   0.8765   1.0885   1.3255   1.5650   1.8355   2.1040   2.3180   2.5375   2.8155   3.0945   3.3195   3.5440   3.7680   4.0005   4.2300   4.4565   4.7285   0.0000   0.0000   0.0000   0.0000;
320:  0.4030   0.6640   0.8775   1.0895   1.3265   1.5660   1.8365   2.1045   2.3185   2.5385   2.8160   3.0945   3.3195   3.5440   3.7680   4.0010   4.2310   4.4570   4.7265   5.0280   0.0000   0.0000   0.0000;
321:  0.4035   0.6650   0.8780   1.0900   1.3275   1.5670   1.8375   2.1055   2.3200   2.5405   2.8175   3.0950   3.3200   3.5445   3.7685   4.0015   4.2310   4.4565   4.7245   5.0275   0.0000   0.0000   0.0000;
322:  0.4040   0.6660   0.8790   1.0910   1.3285   1.5680   1.8380   2.1055   2.3205   2.5415   2.8180   3.0950   3.3200   3.5440   3.7690   4.0025   4.2310   4.4565   4.7230   5.0265   0.0000   0.0000   0.0000;
323:  0.4040   0.6665   0.8800   1.0920   1.3295   1.5690   1.8385   2.1060   2.3220   2.5430   2.8190   3.0955   3.3205   3.5450   3.7695   4.0025   4.2315   4.4570   4.7215   5.0255   0.0000   0.0000   0.0000;
324:  0.4045   0.6670   0.8800   1.0925   1.3305   1.5700   1.8395   2.1065   2.3225   2.5435   2.8190   3.0955   3.3205   3.5450   3.7700   4.0030   4.2315   4.4570   4.7205   5.0255   0.0000   0.0000   0.0000;
325:  0.4045   0.6675   0.8805   1.0925   1.3310   1.5710   1.8400   2.1070   2.3235   2.5445   2.8195   3.0955   3.3205   3.5450   3.7710   4.0040   4.2325   4.4575   4.7190   5.0255   0.0000   0.0000   0.0000;
326:  0.4050   0.6685   0.8815   1.0935   1.3320   1.5715   1.8400   2.1075   2.3250   2.5460   2.8205   3.0960   3.3205   3.5455   3.7720   4.0045   4.2330   4.4580   4.7185   5.0255   0.0000   0.0000   0.0000;
327:  0.4050   0.6685   0.8815   1.0940   1.3325   1.5720   1.8405   2.1075   2.3255   2.5470   2.8210   3.0960   3.3205   3.5455   3.7730   4.0055   4.2335   4.4585   4.7185   5.0265   0.0000   0.0000   0.0000;
328:  0.4055   0.6695   0.8825   1.0950   1.3335   1.5730   1.8410   2.1080   2.3270   2.5480   2.8210   3.0965   3.3210   3.5460   3.7740   4.0060   4.2345   4.4595   4.7180   5.0270   5.3225   0.0000   0.0000;
329:  0.4060   0.6705   0.8830   1.0955   1.3345   1.5740   1.8415   2.1080   2.3275   2.5490   2.8215   3.0965   3.3210   3.5460   3.7745   4.0065   4.2350   4.4600   4.7185   5.0280   5.3270   0.0000   0.0000;
330:  0.4060   0.6705   0.8835   1.0960   1.3345   1.5745   1.8420   2.1085   2.3285   2.5495   2.8220   3.0975   3.3215   3.5465   3.7755   4.0070   4.2360   4.4610   4.7185   5.0290   5.3320   0.0000   0.0000;
331:  0.4060   0.6710   0.8840   1.0965   1.3355   1.5750   1.8420   2.1085   2.3290   2.5500   2.8220   3.0975   3.3215   3.5470   3.7770   4.0075   4.2365   4.4620   4.7190   5.0305   5.3375   0.0000   0.0000;
332:  0.4065   0.6715   0.8845   1.0975   1.3365   1.5760   1.8425   2.1085   2.3295   2.5505   2.8220   3.0980   3.3215   3.5465   3.7775   4.0080   4.2375   4.4630   4.7200   5.0325   5.3430   5.7135   0.0000;
333:  0.4065   0.6720   0.8850   1.0980   1.3370   1.5760   1.8425   2.1090   2.3305   2.5510   2.8215   3.0975   3.3215   3.5470   3.7785   4.0080   4.2375   4.4640   4.7215   5.0345   5.3485   5.7205   0.0000;
334:  0.4065   0.6720   0.8855   1.0990   1.3375   1.5760   1.8425   2.1090   2.3305   2.5510   2.8215   3.0980   3.3225   3.5480   3.7795   4.0085   4.2385   4.4650   4.7230   5.0365   5.3535   5.7275   0.0000;
335:  0.4070   0.6730   0.8860   1.0990   1.3375   1.5760   1.8420   2.1085   2.3310   2.5515   2.8215   3.0980   3.3225   3.5485   3.7805   4.0085   4.2390   4.4670   4.7255   5.0385   5.3585   5.7345   0.0000;
336:  0.4070   0.6730   0.8865   1.1000   1.3380   1.5760   1.8420   2.1085   2.3310   2.5515   2.8210   3.0975   3.3225   3.5485   3.7810   4.0085   4.2390   4.4680   4.7275   5.0400   5.3625   5.7420   0.0000;
337:  0.4070   0.6735   0.8865   1.1000   1.3380   1.5760   1.8420   2.1085   2.3305   2.5505   2.8205   3.0980   3.3230   3.5485   3.7815   4.0085   4.2390   4.4690   4.7300   5.0425   5.3675   5.7500   0.0000;
338:  0.4070   0.6735   0.8865   1.1005   1.3385   1.5760   1.8415   2.1085   2.3310   2.5505   2.8205   3.0975   3.3225   3.5485   3.7820   4.0090   4.2395   4.4705   4.7325   5.0450   5.3725   5.7575   0.0000;
339:  0.4070   0.6740   0.8875   1.1015   1.3390   1.5760   1.8415   2.1085   2.3305   2.5495   2.8195   3.0970   3.3225   3.5485   3.7825   4.0090   4.2395   4.4710   4.7340   5.0470   5.3765   5.7650   0.0000;
340:  0.4070   0.6740   0.8875   1.1015   1.3390   1.5760   1.8415   2.1080   2.3300   2.5495   2.8195   3.0970   3.3225   3.5490   3.7835   4.0095   4.2400   4.4720   4.7360   5.0495   5.3810   5.7725   0.0000;
341:  0.4075   0.6745   0.8880   1.1020   1.3390   1.5760   1.8410   2.1075   2.3290   2.5480   2.8185   3.0960   3.3220   3.5490   3.7835   4.0095   4.2405   4.4730   4.7375   5.0510   5.3840   5.7795   0.0000;
342:  0.4070   0.6745   0.8880   1.1020   1.3390   1.5755   1.8405   2.1075   2.3285   2.5470   2.8180   3.0955   3.3215   3.5490   3.7840   4.0100   4.2405   4.4735   4.7395   5.0530   5.3870   5.7865   0.0000;
343:  0.4070   0.6745   0.8880   1.1020   1.3385   1.5750   1.8405   2.1070   2.3275   2.5460   2.8170   3.0945   3.3210   3.5490   3.7840   4.0100   4.2405   4.4740   4.7410   5.0545   5.3895   5.7940   0.0000;
344:  0.4070   0.6745   0.8885   1.1025   1.3385   1.5750   1.8400   2.1065   2.3265   2.5445   2.8165   3.0940   3.3205   3.5495   3.7850   4.0105   4.2405   4.4750   4.7425   5.0555   5.3910   5.7995   0.0000;
345:  0.4070   0.6740   0.8880   1.1025   1.3380   1.5740   1.8395   2.1060   2.3250   2.5430   2.8155   3.0930   3.3195   3.5490   3.7855   4.0110   4.2400   4.4750   4.7440   5.0570   5.3920   5.8045   0.0000;
346:  0.4065   0.6740   0.8880   1.1025   1.3380   1.5735   1.8390   2.1055   2.3240   2.5420   2.8145   3.0915   3.3185   3.5495   3.7855   4.0105   4.2400   4.4755   4.7450   5.0575   5.3925   5.8090   0.0000;
347:  0.4070   0.6745   0.8880   1.1025   1.3375   1.5730   1.8390   2.1050   2.3225   2.5405   2.8140   3.0910   3.3180   3.5495   3.7855   4.0100   4.2390   4.4755   4.7460   5.0585   5.3930   5.8130   0.0000;
348:  0.4070   0.6745   0.8880   1.1020   1.3365   1.5720   1.8385   2.1045   2.3210   2.5390   2.8130   3.0895   3.3165   3.5495   3.7860   4.0105   4.2395   4.4755   4.7465   5.0590   5.3935   5.8170   0.0000;
349:  0.4065   0.6745   0.8880   1.1020   1.3365   1.5715   1.8380   2.1040   2.3195   2.5375   2.8120   3.0880   3.3155   3.5495   3.7860   4.0105   4.2390   4.4755   4.7480   5.0600   5.3930   5.8200   0.0000;
350:  0.4065   0.6740   0.8875   1.1015   1.3355   1.5705   1.8375   2.1035   2.3180   2.5360   2.8110   3.0865   3.3140   3.5490   3.7860   4.0105   4.2390   4.4760   4.7490   5.0605   5.3930   5.8230   0.0000;
351:  0.4060   0.6735   0.8875   1.1015   1.3350   1.5695   1.8365   2.1025   2.3165   2.5345   2.8100   3.0850   3.3130   3.5490   3.7860   4.0105   4.2385   4.4760   4.7505   5.0620   5.3935   5.8255   0.0000;
352:  0.4055   0.6730   0.8870   1.1010   1.3340   1.5685   1.8360   2.1015   2.3150   2.5335   2.8090   3.0835   3.3115   3.5490   3.7865   4.0105   4.2385   4.4765   4.7520   5.0630   5.3940   5.8285   0.0000;
353:  0.4055   0.6730   0.8870   1.1005   1.3330   1.5670   1.8350   2.1010   2.3135   2.5315   2.8075   3.0825   3.3105   3.5480   3.7860   4.0105   4.2385   4.4775   4.7540   5.0650   5.3955   5.8310   0.0000;
354:  0.4050   0.6725   0.8860   1.0995   1.3320   1.5660   1.8340   2.0995   2.3115   2.5300   2.8065   3.0810   3.3090   3.5480   3.7865   4.0110   4.2390   4.4780   4.7550   5.0665   5.3980   0.0000   0.0000;
355:  0.4050   0.6725   0.8860   1.0995   1.3315   1.5650   1.8330   2.0980   2.3095   2.5280   2.8045   3.0790   3.3075   3.5475   3.7865   4.0115   4.2390   4.4780   4.7565   5.0680   5.4005   0.0000   0.0000;
356:  0.4050   0.6720   0.8855   1.0985   1.3300   1.5640   1.8325   2.0970   2.3080   2.5270   2.8035   3.0775   3.3060   3.5465   3.7860   4.0120   4.2395   4.4785   4.7580   5.0700   5.4035   0.0000   0.0000;
357:  0.4040   0.6710   0.8850   1.0980   1.3285   1.5620   1.8305   2.0950   2.3060   2.5250   2.8020   3.0765   3.3050   3.5460   3.7865   4.0130   4.2400   4.4795   4.7600   5.0715   5.4065   0.0000   0.0000;
358:  0.4035   0.6710   0.8850   1.0975   1.3275   1.5610   1.8295   2.0935   2.3040   2.5235   2.8005   3.0750   3.3040   3.5455   3.7860   4.0130   4.2410   4.4805   4.7615   5.0730   5.4100   0.0000   0.0000;
359:  0.4035   0.6705   0.8840   1.0965   1.3260   1.5590   1.8280   2.0925   2.3030   2.5220   2.7990   3.0740   3.3030   3.5450   3.7860   4.0130   4.2410   4.4815   4.7640   5.0745   5.4135   0.0000   0.0000;
#AFTER_DB_V3;
000:  0.2400   0.5670   0.7730   0.9930   1.1980   1.4510   1.6640   1.9890   2.1920   2.4100   2.6300   2.9650   3.1810   3.4230   3.6650   3.9060   4.1200   4.3630   4.6030   4.9290   5.2230   5.6110   0.0000;
001:  0.2390   0.5660   0.7730   0.9930   1.1970   1.4490   1.6620   1.9870   2.1900   2.4080   2.6280   2.9630   3.1810   3.4220   3.6640   3.9060   4.1210   4.3630   4.6040   4.9310   5.2240   5.6170   0.0000;
002:  0.2380   0.5660   0.7720   0.9920   1.1950   1.4480   1.6610   1.9850   2.1880   2.4070   2.6260   2.9620   3.1800   3.4210   3.6630   3.9060   4.1220   4.3640   4.6050   4.9330   5.2260   5.6240   0.0000;
003:  0.2380   0.5650   0.7710   0.9920   1.1940   1.4460   1.6590   1.9830   2.1860   2.4050   2.6240   2.9610   3.1800   3.4200   3.6620   3.9070   4.1220   4.3650   4.6060   4.9360   5.2280   5.6300   0.0000;
004:  0.2380   0.5650   0.7700   0.9910   1.1930   1.4440   1.6580   1.9810   2.1840   2.4030   2.6220   2.9600   3.1800   3.4190   3.6600   3.9070   4.1220   4.3670   4.6070   4.9380   5.2300   5.6360   0.0000;
005:  0.2370   0.5640   0.7700   0.9900   1.1910   1.4420   1.6560   1.9780   2.1820   2.4020   2.6200   2.9580   3.1800   3.4180   3.6590   3.9070   4.1220   4.3680   4.6080   4.9400   5.2310   5.6410   0.0000;
006:  0.2360   0.5640   0.7690   0.9900   1.1900   1.4400   1.6550   1.9760   2.1800   2.4000   2.6170   2.9570   3.1800   3.4170   3.6580   3.9070   4.1220   4.3690   4.6080   4.9420   5.2330   5.6450   0.0000;
007:  0.2360   0.5630   0.7680   0.9890   1.1880   1.4380   1.6530   1.9730   2.1780   2.3980   2.6150   2.9560   3.1800   3.4160   3.6570   3.9070   4.1230   4.3710   4.6080   4.9440   5.2350   5.6480   0.0000;
008:  0.2350   0.5620   0.7670   0.9880   1.1870   1.4360   1.6510   1.9710   2.1750   2.3970   2.6130   2.9560   3.1800   3.4150   3.6560   3.9070   4.1240   4.3720   4.6090   4.9460   5.2380   5.6500   0.0000;
009:  0.2350   0.5620   0.7660   0.9870   1.1850   1.4350   1.6490   1.9690   2.1730   2.3950   2.6110   2.9550   3.1800   3.4150   3.6550   3.9070   4.1250   4.3730   4.6090   4.9490   5.2400   0.0000   0.0000;
010:  0.2340   0.5610   0.7650   0.9860   1.1840   1.4330   1.6480   1.9660   2.1710   2.3930   2.6090   2.9540   3.1800   3.4140   3.6550   3.9070   4.1250   4.3730   4.6100   4.9520   5.2420   0.0000   0.0000;
011:  0.2340   0.5600   0.7640   0.9850   1.1830   1.4310   1.6460   1.9640   2.1690   2.3910   2.6070   2.9540   3.1800   3.4130   3.6540   3.9070   4.1260   4.3740   4.6090   4.9540   5.2420   0.0000   0.0000;
012:  0.2330   0.5600   0.7640   0.9840   1.1820   1.4290   1.6440   1.9620   2.1660   2.3890   2.6050   2.9530   3.1800   3.4130   3.6530   3.9060   4.1260   4.3750   4.6080   4.9560   5.2430   0.0000   0.0000;
013:  0.2330   0.5590   0.7630   0.9830   1.1810   1.4270   1.6420   1.9600   2.1640   2.3880   2.6030   2.9520   3.1790   3.4120   3.6530   3.9060   4.1250   4.3760   4.6070   4.9590   5.2440   0.0000   0.0000;
014:  0.2320   0.5580   0.7620   0.9810   1.1800   1.4260   1.6400   1.9590   2.1620   2.3870   2.6020   2.9520   3.1790   3.4120   3.6520   3.9060   4.1250   4.3770   4.6070   4.9610   5.2450   0.0000   0.0000;
015:  0.2310   0.5570   0.7610   0.9800   1.1800   1.4240   1.6380   1.9570   2.1600   2.3850   2.6010   2.9510   3.1790   3.4110   3.6510   3.9060   4.1240   4.3780   4.6070   4.9630   5.2460   0.0000   0.0000;
016:  0.2310   0.5560   0.7600   0.9780   1.1790   1.4230   1.6350   1.9560   2.1580   2.3830   2.5990   2.9500   3.1780   3.4110   3.6520   3.9050   4.1240   4.3790   4.6070   4.9650   5.2470   0.0000   0.0000;
017:  0.2300   0.5560   0.7590   0.9760   1.1790   1.4210   1.6330   1.9550   2.1570   2.3820   2.5980   2.9490   3.1780   3.4100   3.6520   3.9050   4.1230   4.3800   4.6070   4.9660   5.2470   0.0000   0.0000;
018:  0.2300   0.5550   0.7580   0.9740   1.1780   1.4200   1.6310   1.9530   2.1550   2.3800   2.5970   2.9480   3.1780   3.4090   3.6520   3.9050   4.1230   4.3810   4.6080   4.9670   5.2480   0.0000   0.0000;
019:  0.2290   0.5540   0.7570   0.9720   1.1780   1.4180   1.6290   1.9520   2.1540   2.3780   2.5960   2.9470   3.1780   3.4080   3.6510   3.9050   4.1230   4.3820   4.6080   4.9670   5.2490   0.0000   0.0000;
020:  0.2290   0.5530   0.7560   0.9700   1.1780   1.4160   1.6260   1.9500   2.1520   2.3770   2.5950   2.9460   3.1770   3.4080   3.6510   3.9060   4.1230   4.3830   4.6080   4.9670   5.2500   0.0000   0.0000;
021:  0.2280   0.5520   0.7550   0.9670   1.1780   1.4150   1.6240   1.9490   2.1510   2.3760   2.5930   2.9450   3.1770   3.4070   3.6510   3.9060   4.1230   4.3840   4.6090   4.9660   5.2500   0.0000   0.0000;
022:  0.2280   0.5510   0.7550   0.9640   1.1780   1.4140   1.6220   1.9470   2.1500   2.3750   2.5920   2.9440   3.1760   3.4060   3.6500   3.9070   4.1220   4.3840   4.6090   4.9660   5.2500   0.0000   0.0000;
023:  0.2270   0.5500   0.7540   0.9620   1.1780   1.4120   1.6200   1.9450   2.1490   2.3740   2.5910   2.9430   3.1750   3.4050   3.6500   3.9070   4.1220   4.3840   4.6090   4.9640   5.2520   5.5950   0.0000;
024:  0.2270   0.5490   0.7530   0.9590   1.1780   1.4110   1.6170   1.9440   2.1480   2.3730   2.5900   2.9420   3.1750   3.4050   3.6500   3.9080   4.1220   4.3850   4.6090   4.9620   5.2520   5.5880   0.0000;
025:  0.2260   0.5480   0.7520   0.9560   1.1780   1.4100   1.6150   1.9420   2.1470   2.3720   2.5890   2.9420   3.1750   3.4040   3.6490   3.9080   4.1220   4.3850   4.6090   4.9600   5.2510   5.5810   0.0000;
026:  0.2250   0.5470   0.7510   0.9530   1.1780   1.4090   1.6130   1.9400   2.1460   2.3710   2.5890   2.9410   3.1740   3.4030   3.6490   3.9090   4.1220   4.3860   4.6080   4.9580   5.2480   5.5740   0.0000;
027:  0.2250   0.5470   0.7500   0.9500   1.1780   1.4070   1.6110   1.9390   2.1450   2.3710   2.5880   2.9400   3.1740   3.4030   3.6490   3.9090   4.1210   4.3850   4.6080   4.9560   5.2460   5.5660   0.0000;
028:  0.2240   0.5460   0.7490   0.9470   1.1780   1.4070   1.6090   1.9380   2.1440   2.3700   2.5870   2.9390   3.1730   3.4020   3.6490   3.9090   4.1200   4.3850   4.6070   4.9530   5.2410   5.5580   0.0000;
029:  0.2240   0.5450   0.7480   0.9450   1.1780   1.4050   1.6070   1.9360   2.1420   2.3690   2.5860   2.9380   3.1730   3.4010   3.6480   3.9090   4.1180   4.3850   4.6060   4.9500   5.2360   5.5490   0.0000;
030:  0.2230   0.5440   0.7470   0.9420   1.1780   1.4040   1.6060   1.9350   2.1410   2.3680   2.5850   2.9380   3.1730   3.4000   3.6470   3.9090   4.1160   4.3850   4.6040   4.9480   5.2310   5.5400   0.0000;
031:  0.2230   0.5430   0.7460   0.9400   1.1780   1.4030   1.6050   1.9340   2.1400   2.3670   2.5850   2.9380   3.1730   3.4000   3.6470   3.9080   4.1150   4.3840   4.6040   4.9460   5.2260   5.5310   0.0000;
032:  0.2220   0.5420   0.7450   0.9380   1.1780   1.4020   1.6030   1.9320   2.1380   2.3660   2.5840   2.9380   3.1730   3.3990   3.6470   3.9080   4.1140   4.3820   4.6040   4.9440   5.2200   5.5210   0.0000;
033:  0.2220   0.5410   0.7450   0.9360   1.1770   1.4010   1.6020   1.9310   2.1370   2.3650   2.5840   2.9370   3.1730   3.3980   3.6460   3.9070   4.1120   4.3810   4.6030   4.9420   5.2150   5.5100   0.0000;
034:  0.2220   0.5400   0.7440   0.9340   1.1760   1.4000   1.6000   1.9300   2.1360   2.3630   2.5830   2.9370   3.1730   3.3980   3.6460   3.9060   4.1110   4.3790   4.6010   4.9400   5.2080   5.4990   0.0000;
035:  0.2210   0.5400   0.7430   0.9320   1.1750   1.3990   1.5990   1.9280   2.1340   2.3620   2.5830   2.9370   3.1730   3.3970   3.6450   3.9040   4.1090   4.3770   4.6000   4.9400   5.2020   0.0000   0.0000;
036:  0.2200   0.5390   0.7420   0.9310   1.1740   1.3980   1.5980   1.9270   2.1330   2.3600   2.5830   2.9370   3.1730   3.3960   3.6440   3.9030   4.1080   4.3750   4.5990   4.9390   5.1960   0.0000   0.0000;
037:  0.2200   0.5380   0.7410   0.9300   1.1730   1.3970   1.5970   1.9260   2.1320   2.3590   2.5830   2.9370   3.1720   3.3950   3.6420   3.9020   4.1060   4.3720   4.5970   4.9390   5.1900   0.0000   0.0000;
038:  0.2200   0.5370   0.7400   0.9290   1.1710   1.3970   1.5960   1.9250   2.1300   2.3580   2.5820   2.9370   3.1720   3.3950   3.6420   3.8990   4.1040   4.3690   4.5950   4.9390   0.0000   0.0000   0.0000;
039:  0.2190   0.5370   0.7400   0.9280   1.1690   1.3960   1.5950   1.9240   2.1290   2.3560   2.5820   2.9370   3.1720   3.3940   3.6410   3.8960   4.1010   4.3670   4.5930   4.9400   0.0000   0.0000   0.0000;
040:  0.2190   0.5360   0.7390   0.9280   1.1670   1.3950   1.5950   1.9240   2.1280   2.3550   2.5820   2.9380   3.1730   3.3930   3.6400   3.8940   4.0990   4.3640   4.5900   0.0000   0.0000   0.0000   0.0000;
041:  0.2180   0.5350   0.7380   0.9270   1.1650   1.3950   1.5940   1.9220   2.1260   2.3550   2.5810   2.9380   3.1730   3.3920   3.6380   3.8920   4.0970   4.3610   4.5870   0.0000   0.0000   0.0000   0.0000;
042:  0.2180   0.5350   0.7370   0.9270   1.1620   1.3940   1.5940   1.9220   2.1250   2.3540   2.5810   2.9380   3.1730   3.3910   3.6370   3.8890   4.0960   4.3580   4.5840   0.0000   0.0000   0.0000   0.0000;
043:  0.2170   0.5340   0.7360   0.9270   1.1600   1.3940   1.5930   1.9210   2.1240   2.3540   2.5810   2.9390   3.1730   3.3910   3.6350   3.8860   4.0940   4.3540   4.5800   0.0000   0.0000   0.0000   0.0000;
044:  0.2170   0.5330   0.7360   0.9270   1.1580   1.3940   1.5930   1.9200   2.1240   2.3530   2.5810   2.9400   3.1740   3.3900   3.6330   3.8840   4.0930   4.3500   4.5750   0.0000   0.0000   0.0000   0.0000;
045:  0.2170   0.5330   0.7350   0.9270   1.1550   1.3930   1.5930   1.9200   2.1240   2.3530   2.5810   2.9400   3.1740   3.3890   3.6310   3.8820   4.0910   4.3470   4.5710   0.0000   0.0000   0.0000   0.0000;
046:  0.2160   0.5320   0.7340   0.9270   1.1530   1.3930   1.5930   1.9190   2.1240   2.3530   2.5800   2.9400   3.1730   3.3890   3.6290   3.8810   4.0890   4.3430   4.5650   0.0000   0.0000   0.0000   0.0000;
047:  0.2160   0.5320   0.7340   0.9260   1.1500   1.3920   1.5920   1.9190   2.1240   2.3530   2.5800   2.9410   3.1730   3.3880   3.6270   3.8790   4.0880   4.3390   4.5600   0.0000   0.0000   0.0000   0.0000;
048:  0.2160   0.5310   0.7330   0.9260   1.1470   1.3910   1.5920   1.9180   2.1250   2.3540   2.5790   2.9410   3.1730   3.3880   3.6250   3.8760   4.0860   4.3350   4.5540   0.0000   0.0000   0.0000   0.0000;
049:  0.2150   0.5310   0.7320   0.9260   1.1450   1.3900   1.5920   1.9180   2.1250   2.3550   2.5790   2.9420   3.1720   3.3870   3.6230   3.8740   4.0850   4.3310   4.5490   0.0000   0.0000   0.0000   0.0000;
050:  0.2150   0.5300   0.7320   0.9260   1.1430   1.3900   1.5910   1.9180   2.1260   2.3550   2.5780   2.9420   3.1720   3.3860   3.6210   3.8720   4.0840   4.3270   4.5430   0.0000   0.0000   0.0000   0.0000;
051:  0.2150   0.5300   0.7310   0.9260   1.1410   1.3890   1.5910   1.9180   2.1270   2.3560   2.5780   2.9420   3.1710   3.3860   3.6190   3.8700   4.0830   4.3240   4.5360   0.0000   0.0000   0.0000   0.0000;
052:  0.2140   0.5290   0.7310   0.9260   1.1390   1.3880   1.5910   1.9180   2.1280   2.3560   2.5770   2.9430   3.1700   3.3850   3.6170   3.8680   4.0810   4.3200   4.5300   0.0000   0.0000   0.0000   0.0000;
053:  0.2140   0.5290   0.7300   0.9250   1.1380   1.3870   1.5910   1.9180   2.1290   2.3570   2.5770   2.9440   3.1690   3.3840   3.6150   3.8660   4.0780   4.3150   4.5250   0.0000   0.0000   0.0000   0.0000;
054:  0.2130   0.5290   0.7300   0.9250   1.1360   1.3860   1.5900   1.9180   2.1300   2.3580   2.5770   2.9440   3.1680   3.3840   3.6130   3.8650   4.0760   4.3100   4.5190   0.0000   0.0000   0.0000   0.0000;
055:  0.2130   0.5280   0.7290   0.9250   1.1350   1.3850   1.5890   1.9190   2.1310   2.3600   2.5770   2.9440   3.1670   3.3830   3.6120   3.8630   4.0720   4.3040   4.5130   0.0000   0.0000   0.0000   0.0000;
056:  0.2130   0.5280   0.7290   0.9250   1.1340   1.3840   1.5890   1.9190   2.1310   2.3600   2.5770   2.9440   3.1660   3.3820   3.6110   3.8610   4.0690   4.2990   0.0000   0.0000   0.0000   0.0000   0.0000;
057:  0.2130   0.5280   0.7280   0.9240   1.1330   1.3840   1.5880   1.9200   2.1320   2.3610   2.5780   2.9450   3.1640   3.3810   3.6090   3.8590   4.0660   4.2940   0.0000   0.0000   0.0000   0.0000   0.0000;
058:  0.2120   0.5270   0.7280   0.9240   1.1320   1.3830   1.5870   1.9210   2.1330   2.3610   2.5790   2.9450   3.1620   3.3800   3.6080   3.8570   4.0640   4.2880   0.0000   0.0000   0.0000   0.0000   0.0000;
059:  0.2120   0.5270   0.7280   0.9230   1.1320   1.3820   1.5870   1.9210   2.1340   2.3610   2.5790   2.9450   3.1600   3.3790   3.6070   3.8550   4.0600   4.2820   0.0000   0.0000   0.0000   0.0000   0.0000;
060:  0.2120   0.5270   0.7270   0.9220   1.1310   1.3810   1.5860   1.9220   2.1350   2.3610   2.5800   2.9440   3.1580   3.3780   3.6050   3.8530   4.0570   4.2750   0.0000   0.0000   0.0000   0.0000   0.0000;
061:  0.2110   0.5270   0.7270   0.9220   1.1300   1.3800   1.5850   1.9230   2.1360   2.3610   2.5810   2.9440   3.1560   3.3770   3.6050   3.8510   4.0540   4.2680   0.0000   0.0000   0.0000   0.0000   0.0000;
062:  0.2110   0.5270   0.7270   0.9210   1.1300   1.3800   1.5840   1.9230   2.1370   2.3610   2.5820   2.9430   3.1550   3.3750   3.6040   3.8490   4.0510   4.2620   0.0000   0.0000   0.0000   0.0000   0.0000;
063:  0.2110   0.5260   0.7270   0.9210   1.1290   1.3790   1.5830   1.9240   2.1380   2.3610   2.5820   2.9420   3.1530   3.3740   3.6030   3.8460   4.0470   4.2550   0.0000   0.0000   0.0000   0.0000   0.0000;
064:  0.2110   0.5260   0.7260   0.9200   1.1290   1.3780   1.5820   1.9240   2.1390   2.3610   2.5830   2.9420   3.1510   3.3730   3.6020   3.8440   4.0440   4.2470   0.0000   0.0000   0.0000   0.0000   0.0000;
065:  0.2110   0.5260   0.7260   0.9200   1.1280   1.3780   1.5820   1.9240   2.1400   2.3610   2.5840   2.9420   3.1490   3.3710   3.6020   3.8420   4.0400   4.2400   0.0000   0.0000   0.0000   0.0000   0.0000;
066:  0.2110   0.5260   0.7260   0.9190   1.1280   1.3780   1.5810   1.9240   2.1400   2.3610   2.5850   2.9420   3.1480   3.3700   3.6010   3.8400   4.0370   4.2320   0.0000   0.0000   0.0000   0.0000   0.0000;
067:  0.2100   0.5260   0.7260   0.9190   1.1280   1.3780   1.5800   1.9240   2.1410   2.3620   2.5860   2.9410   3.1470   3.3690   3.6000   3.8380   4.0330   4.2250   0.0000   0.0000   0.0000   0.0000   0.0000;
068:  0.2100   0.5260   0.7260   0.9190   1.1280   1.3780   1.5800   1.9240   2.1410   2.3620   2.5870   2.9410   3.1450   3.3680   3.5990   3.8360   4.0300   4.2170   0.0000   0.0000   0.0000   0.0000   0.0000;
069:  0.2100   0.5260   0.7260   0.9180   1.1280   1.3780   1.5790   1.9240   2.1420   2.3630   2.5880   2.9400   3.1440   3.3670   3.5980   3.8340   4.0250   4.2100   0.0000   0.0000   0.0000   0.0000   0.0000;
070:  0.2100   0.5260   0.7260   0.9180   1.1280   1.3780   1.5790   1.9250   2.1420   2.3630   2.5890   2.9400   3.1420   3.3660   3.5980   3.8320   4.0210   4.2030   0.0000   0.0000   0.0000   0.0000   0.0000;
071:  0.2100   0.5260   0.7260   0.9180   1.1280   1.3780   1.5790   1.9250   2.1430   2.3640   2.5900   2.9400   3.1410   3.3650   3.5960   3.8300   4.0180   4.1970   0.0000   0.0000   0.0000   0.0000   0.0000;
072:  0.2100   0.5260   0.7260   0.9190   1.1280   1.3780   1.5790   1.9250   2.1440   2.3640   2.5910   2.9390   3.1400   3.3650   3.5960   3.8290   4.0140   4.1920   0.0000   0.0000   0.0000   0.0000   0.0000;
073:  0.2090   0.5260   0.7260   0.9190   1.1280   1.3780   1.5790   1.9250   2.1440   2.3640   2.5910   2.9390   3.1400   3.3640   3.5950   3.8280   4.0100   4.1880   0.0000   0.0000   0.0000   0.0000   0.0000;
074:  0.2090   0.5260   0.7260   0.9200   1.1290   1.3780   1.5790   1.9250   2.1450   2.3650   2.5920   2.9380   3.1390   3.3630   3.5950   3.8260   4.0060   4.1850   0.0000   0.0000   0.0000   0.0000   0.0000;
075:  0.2090   0.5260   0.7260   0.9200   1.1290   1.3780   1.5790   1.9260   2.1450   2.3650   2.5920   2.9380   3.1380   3.3630   3.5930   3.8240   4.0010   4.1840   0.0000   0.0000   0.0000   0.0000   0.0000;
076:  0.2090   0.5260   0.7260   0.9210   1.1290   1.3770   1.5790   1.9260   2.1450   2.3660   2.5930   2.9380   3.1380   3.3630   3.5930   3.8230   3.9960   4.1820   0.0000   0.0000   0.0000   0.0000   0.0000;
077:  0.2090   0.5260   0.7270   0.9210   1.1290   1.3780   1.5790   1.9270   2.1450   2.3660   2.5940   2.9380   3.1370   3.3630   3.5920   3.8220   3.9920   4.1810   0.0000   0.0000   0.0000   0.0000   0.0000;
078:  0.2090   0.5260   0.7270   0.9220   1.1290   1.3780   1.5800   1.9270   2.1460   2.3670   2.5940   2.9380   3.1370   3.3630   3.5910   3.8220   3.9870   0.0000   0.0000   0.0000   0.0000   0.0000   0.0000;
079:  0.2090   0.5260   0.7270   0.9220   1.1290   1.3780   1.5800   1.9280   2.1460   2.3680   2.5950   2.9380   3.1360   3.3620   3.5900   3.8230   3.9830   0.0000   0.0000   0.0000   0.0000   0.0000   0.0000;
080:  0.2090   0.5260   0.7270   0.9230   1.1290   1.3780   1.5800   1.9280   2.1460   2.3690   2.5960   2.9390   3.1360   3.3620   3.5890   3.8230   3.9800   0.0000   0.0000   0.0000   0.0000   0.0000   0.0000;
081:  0.2090   0.5260   0.7270   0.9240   1.1290   1.3780   1.5810   1.9290   2.1460   2.3690   2.5970   2.9390   3.1350   3.3620   3.5880   3.8240   3.9760   0.0000   0.0000   0.0000   0.0000   0.0000   0.0000;
082:  0.2090   0.5260   0.7270   0.9240   1.1290   1.3780   1.5810   1.9300   2.1460   2.3700   2.5980   2.9390   3.1350   3.3610   3.5870   3.8270   3.9740   0.0000   0.0000   0.0000   0.0000   0.0000   0.0000;
083:  0.2090   0.5270   0.7280   0.9250   1.1290   1.3790   1.5820   1.9310   2.1450   2.3710   2.5990   2.9390   3.1330   3.3610   3.5860   3.8290   3.9710   0.0000   0.0000   0.0000   0.0000   0.0000   0.0000;
084:  0.2090   0.5270   0.7280   0.9260   1.1290   1.3790   1.5820   1.9320   2.1450   2.3710   2.6000   2.9400   3.1330   3.3610   3.5860   3.8330   3.9690   0.0000   0.0000   0.0000   0.0000   0.0000   0.0000;
085:  0.2090   0.5270   0.7280   0.9260   1.1290   1.3800   1.5830   1.9340   2.1450   2.3720   2.6000   2.9400   3.1320   3.3610   3.5850   3.8380   3.9680   0.0000   0.0000   0.0000   0.0000   0.0000   0.0000;
086:  0.2100   0.5270   0.7290   0.9270   1.1300   1.3810   1.5840   1.9350   2.1450   2.3730   2.6010   2.9410   3.1310   3.3620   3.5840   3.8430   3.9680   0.0000   0.0000   0.0000   0.0000   0.0000   0.0000;
087:  0.2100   0.5270   0.7290   0.9280   1.1300   1.3810   1.5840   1.9360   2.1450   2.3740   2.6020   2.9420   3.1310   3.3620   3.5840   3.8490   0.0000   0.0000   0.0000   0.0000   0.0000   0.0000   0.0000;
088:  0.2100   0.5270   0.7290   0.9280   1.1300   1.3820   1.5850   1.9370   2.1460   2.3750   2.6030   2.9430   3.1300   3.3620   3.5840   3.8560   0.0000   0.0000   0.0000   0.0000   0.0000   0.0000   0.0000;
089:  0.2100   0.5280   0.7300   0.9290   1.1300   1.3830   1.5860   1.9380   2.1460   2.3750   2.6040   2.9440   3.1290   3.3620   3.5840   3.8640   0.0000   0.0000   0.0000   0.0000   0.0000   0.0000   0.0000;
090:  0.2100   0.5280   0.7300   0.9290   1.1300   1.3840   1.5870   1.9390   2.1470   2.3760   2.6050   2.9450   3.1290   3.3630   3.5840   3.8730   0.0000   0.0000   0.0000   0.0000   0.0000   0.0000   0.0000;
091:  0.2100   0.5280   0.7300   0.9300   1.1310   1.3840   1.5880   1.9400   2.1480   2.3780   2.6050   2.9450   3.1300   3.3640   3.5840   3.8810   0.0000   0.0000   0.0000   0.0000   0.0000   0.0000   0.0000;
092:  0.2100   0.5290   0.7310   0.9310   1.1310   1.3850   1.5890   1.9410   2.1480   2.3790   2.6060   2.9470   3.1300   3.3640   3.5840   3.8890   0.0000   0.0000   0.0000   0.0000   0.0000   0.0000   0.0000;
093:  0.2110   0.5290   0.7310   0.9310   1.1320   1.3860   1.5890   1.9430   2.1490   2.3800   2.6070   2.9480   3.1310   3.3650   3.5840   3.8980   0.0000   0.0000   0.0000   0.0000   0.0000   0.0000   0.0000;
094:  0.2110   0.5290   0.7310   0.9320   1.1320   1.3870   1.5910   1.9440   2.1500   2.3810   2.6070   2.9500   3.1320   3.3670   3.5840   3.9070   0.0000   0.0000   0.0000   0.0000   0.0000   0.0000   0.0000;
095:  0.2110   0.5290   0.7320   0.9320   1.1330   1.3870   1.5910   1.9450   2.1510   2.3820   2.6080   2.9510   3.1340   3.3680   3.5840   3.9170   0.0000   0.0000   0.0000   0.0000   0.0000   0.0000   0.0000;
096:  0.2110   0.5300   0.7320   0.9330   1.1340   1.3880   1.5930   1.9470   2.1520   2.3830   2.6090   2.9530   3.1350   3.3700   3.5850   3.9270   0.0000   0.0000   0.0000   0.0000   0.0000   0.0000   0.0000;
097:  0.2110   0.5300   0.7330   0.9330   1.1350   1.3890   1.5940   1.9490   2.1540   2.3840   2.6090   2.9550   3.1370   3.3720   3.5850   3.9360   0.0000   0.0000   0.0000   0.0000   0.0000   0.0000   0.0000;
098:  0.2120   0.5310   0.7330   0.9330   1.1360   1.3890   1.5950   1.9510   2.1550   2.3850   2.6100   2.9570   3.1400   3.3730   3.5860   3.9440   0.0000   0.0000   0.0000   0.0000   0.0000   0.0000   0.0000;
099:  0.2120   0.5310   0.7330   0.9340   1.1370   1.3900   1.5960   1.9530   2.1560   2.3860   2.6100   2.9590   3.1430   3.3760   3.5870   3.9530   0.0000   0.0000   0.0000   0.0000   0.0000   0.0000   0.0000;
100:  0.2120   0.5310   0.7340   0.9350   1.1380   1.3910   1.5970   1.9540   2.1570   2.3870   2.6110   2.9620   3.1460   3.3780   3.5870   0.0000   0.0000   0.0000   0.0000   0.0000   0.0000   0.0000   0.0000;
101:  0.2120   0.5320   0.7350   0.9350   1.1390   1.3930   1.5990   1.9560   2.1580   2.3890   2.6120   2.9640   3.1490   3.3810   3.5880   0.0000   0.0000   0.0000   0.0000   0.0000   0.0000   0.0000   0.0000;
102:  0.2130   0.5320   0.7350   0.9350   1.1400   1.3940   1.6000   1.9570   2.1600   2.3900   2.6120   2.9660   3.1530   3.3840   3.5900   0.0000   0.0000   0.0000   0.0000   0.0000   0.0000   0.0000   0.0000;
103:  0.2130   0.5320   0.7350   0.9360   1.1410   1.3950   1.6020   1.9580   2.1610   2.3910   2.6130   2.9680   3.1570   3.3860   3.5920   0.0000   0.0000   0.0000   0.0000   0.0000   0.0000   0.0000   0.0000;
104:  0.2130   0.5330   0.7360   0.9360   1.1420   1.3960   1.6040   1.9600   2.1620   2.3920   2.6140   2.9700   3.1610   3.3890   3.5940   0.0000   0.0000   0.0000   0.0000   0.0000   0.0000   0.0000   0.0000;
105:  0.2130   0.5330   0.7360   0.9370   1.1430   1.3980   1.6060   1.9610   2.1640   2.3930   2.6160   2.9720   3.1660   3.3910   3.5960   0.0000   0.0000   0.0000   0.0000   0.0000   0.0000   0.0000   0.0000;
106:  0.2140   0.5340   0.7370   0.9370   1.1440   1.3990   1.6080   1.9620   2.1650   2.3950   2.6170   2.9730   3.1710   3.3950   3.5990   0.0000   0.0000   0.0000   0.0000   0.0000   0.0000   0.0000   0.0000;
107:  0.2140   0.5340   0.7380   0.9380   1.1450   1.4010   1.6090   1.9630   2.1670   2.3960   2.6190   2.9750   3.1750   3.3990   3.6030   0.0000   0.0000   0.0000   0.0000   0.0000   0.0000   0.0000   0.0000;
108:  0.2140   0.5350   0.7380   0.9380   1.1460   1.4030   1.6110   1.9640   2.1690   2.3970   2.6200   2.9760   3.1800   3.4020   3.6070   0.0000   0.0000   0.0000   0.0000   0.0000   0.0000   0.0000   0.0000;
109:  0.2150   0.5350   0.7390   0.9390   1.1470   1.4050   1.6130   1.9640   2.1710   2.3980   2.6220   2.9780   3.1850   3.4060   3.6110   0.0000   0.0000   0.0000   0.0000   0.0000   0.0000   0.0000   0.0000;
110:  0.2150   0.5350   0.7390   0.9400   1.1480   1.4070   1.6150   1.9650   2.1720   2.3990   2.6240   2.9810   3.1900   3.4100   3.6150   0.0000   0.0000   0.0000   0.0000   0.0000   0.0000   0.0000   0.0000;
111:  0.2150   0.5360   0.7400   0.9400   1.1490   1.4090   1.6170   1.9660   2.1740   2.4010   2.6260   2.9830   3.1950   3.4140   3.6200   0.0000   0.0000   0.0000   0.0000   0.0000   0.0000   0.0000   0.0000;
112:  0.2150   0.5360   0.7400   0.9410   1.1500   1.4120   1.6190   1.9670   2.1760   2.4020   2.6290   2.9860   3.2000   3.4190   3.6250   0.0000   0.0000   0.0000   0.0000   0.0000   0.0000   0.0000   0.0000;
113:  0.2160   0.5370   0.7410   0.9420   1.1510   1.4140   1.6200   1.9670   2.1780   2.4040   2.6310   2.9880   3.2050   3.4240   3.6300   0.0000   0.0000   0.0000   0.0000   0.0000   0.0000   0.0000   0.0000;
114:  0.2160   0.5370   0.7420   0.9430   1.1520   1.4160   1.6220   1.9680   2.1800   2.4060   2.6340   2.9910   3.2100   3.4290   3.6350   0.0000   0.0000   0.0000   0.0000   0.0000   0.0000   0.0000   0.0000;
115:  0.2160   0.5380   0.7420   0.9440   1.1540   1.4180   1.6240   1.9690   2.1810   2.4080   2.6360   2.9950   3.2150   3.4350   3.6400   0.0000   0.0000   0.0000   0.0000   0.0000   0.0000   0.0000   0.0000;
116:  0.2160   0.5380   0.7430   0.9450   1.1550   1.4200   1.6250   1.9700   2.1830   2.4100   2.6390   2.9980   3.2210   3.4410   3.6460   0.0000   0.0000   0.0000   0.0000   0.0000   0.0000   0.0000   0.0000;
117:  0.2170   0.5390   0.7440   0.9460   1.1570   1.4220   1.6270   1.9710   2.1850   2.4120   2.6420   3.0010   3.2270   3.4470   3.6530   0.0000   0.0000   0.0000   0.0000   0.0000   0.0000   0.0000   0.0000;
118:  0.2170   0.5390   0.7440   0.9470   1.1580   1.4240   1.6290   1.9730   2.1870   2.4150   2.6450   3.0050   3.2320   3.4540   3.6600   0.0000   0.0000   0.0000   0.0000   0.0000   0.0000   0.0000   0.0000;
119:  0.2170   0.5400   0.7450   0.9490   1.1600   1.4260   1.6310   1.9740   2.1890   2.4170   2.6480   3.0090   3.2380   3.4610   3.6670   0.0000   0.0000   0.0000   0.0000   0.0000   0.0000   0.0000   0.0000;
120:  0.2180   0.5400   0.7460   0.9500   1.1620   1.4280   1.6330   1.9750   2.1920   2.4200   2.6510   3.0130   3.2440   3.4680   3.6750   0.0000   0.0000   0.0000   0.0000   0.0000   0.0000   0.0000   0.0000;
121:  0.2180   0.5410   0.7470   0.9510   1.1640   1.4300   1.6340   1.9770   2.1940   2.4220   2.6540   3.0180   3.2490   3.4750   3.6820   0.0000   0.0000   0.0000   0.0000   0.0000   0.0000   0.0000   0.0000;
122:  0.2180   0.5410   0.7470   0.9520   1.1650   1.4310   1.6360   1.9790   2.1960   2.4250   2.6580   3.0230   3.2540   3.4820   3.6900   0.0000   0.0000   0.0000   0.0000   0.0000   0.0000   0.0000   0.0000;
123:  0.2180   0.5420   0.7480   0.9530   1.1670   1.4330   1.6380   1.9820   2.1990   2.4280   2.6610   3.0280   3.2600   3.4900   3.6990   0.0000   0.0000   0.0000   0.0000   0.0000   0.0000   0.0000   0.0000;
124:  0.2180   0.5420   0.7490   0.9550   1.1690   1.4350   1.6400   1.9840   2.2010   2.4300   2.6650   3.0330   3.2650   3.4980   3.7070   0.0000   0.0000   0.0000   0.0000   0.0000   0.0000   0.0000   0.0000;
125:  0.2190   0.5430   0.7500   0.9560   1.1710   1.4360   1.6420   1.9860   2.2030   2.4330   2.6690   3.0380   3.2710   3.5060   3.7160   0.0000   0.0000   0.0000   0.0000   0.0000   0.0000   0.0000   0.0000;
126:  0.2190   0.5440   0.7500   0.9580   1.1730   1.4380   1.6440   1.9890   2.2050   2.4360   2.6730   3.0430   3.2760   3.5130   3.7260   0.0000   0.0000   0.0000   0.0000   0.0000   0.0000   0.0000   0.0000;
127:  0.2190   0.5440   0.7510   0.9590   1.1750   1.4390   1.6460   1.9910   2.2080   2.4400   2.6760   3.0480   3.2800   3.5200   3.7350   0.0000   0.0000   0.0000   0.0000   0.0000   0.0000   0.0000   0.0000;
128:  0.2200   0.5450   0.7520   0.9600   1.1770   1.4400   1.6490   1.9930   2.2100   2.4430   2.6800   3.0530   3.2850   3.5270   3.7440   0.0000   0.0000   0.0000   0.0000   0.0000   0.0000   0.0000   0.0000;
129:  0.2200   0.5450   0.7530   0.9620   1.1780   1.4420   1.6510   1.9960   2.2130   2.4470   2.6840   3.0560   3.2900   3.5350   3.7550   0.0000   0.0000   0.0000   0.0000   0.0000   0.0000   0.0000   0.0000;
130:  0.2200   0.5460   0.7540   0.9640   1.1800   1.4440   1.6530   1.9980   2.2160   2.4510   2.6870   3.0600   3.2950   3.5430   3.7650   0.0000   0.0000   0.0000   0.0000   0.0000   0.0000   0.0000   0.0000;
131:  0.2200   0.5470   0.7550   0.9650   1.1820   1.4450   1.6560   2.0010   2.2190   2.4550   2.6900   3.0640   3.2990   3.5510   3.7760   0.0000   0.0000   0.0000   0.0000   0.0000   0.0000   0.0000   0.0000;
132:  0.2200   0.5470   0.7550   0.9670   1.1840   1.4470   1.6590   2.0040   2.2220   2.4580   2.6940   3.0670   3.3040   3.5580   3.7860   0.0000   0.0000   0.0000   0.0000   0.0000   0.0000   0.0000   0.0000;
133:  0.2210   0.5480   0.7560   0.9680   1.1850   1.4490   1.6610   2.0060   2.2250   2.4620   2.6970   3.0710   3.3080   3.5650   3.7980   0.0000   0.0000   0.0000   0.0000   0.0000   0.0000   0.0000   0.0000;
134:  0.2210   0.5490   0.7570   0.9700   1.1870   1.4510   1.6640   2.0090   2.2290   2.4650   2.7000   3.0740   3.3130   3.5710   3.8080   0.0000   0.0000   0.0000   0.0000   0.0000   0.0000   0.0000   0.0000;
135:  0.2210   0.5490   0.7580   0.9710   1.1880   1.4520   1.6670   2.0110   2.2320   2.4690   2.7030   3.0770   3.3170   3.5780   3.8190   0.0000   0.0000   0.0000   0.0000   0.0000   0.0000   0.0000   0.0000;
136:  0.2210   0.5500   0.7580   0.9730   1.1890   1.4540   1.6690   2.0140   2.2360   2.4720   2.7060   3.0810   3.3210   3.5840   3.8290   0.0000   0.0000   0.0000   0.0000   0.0000   0.0000   0.0000   0.0000;
137:  0.2220   0.5510   0.7590   0.9750   1.1910   1.4560   1.6720   2.0160   2.2390   2.4760   2.7090   3.0840   3.3240   3.5910   3.8390   0.0000   0.0000   0.0000   0.0000   0.0000   0.0000   0.0000   0.0000;
138:  0.2220   0.5510   0.7600   0.9760   1.1920   1.4580   1.6750   2.0190   2.2420   2.4790   2.7110   3.0870   3.3280   3.5970   3.8480   0.0000   0.0000   0.0000   0.0000   0.0000   0.0000   0.0000   0.0000;
139:  0.2220   0.5520   0.7610   0.9780   1.1930   1.4600   1.6780   2.0220   2.2460   2.4820   2.7140   3.0900   3.3320   3.6040   3.8570   0.0000   0.0000   0.0000   0.0000   0.0000   0.0000   0.0000   0.0000;
140:  0.2220   0.5520   0.7620   0.9800   1.1940   1.4620   1.6800   2.0250   2.2490   2.4850   2.7160   3.0930   3.3360   3.6100   3.8660   0.0000   0.0000   0.0000   0.0000   0.0000   0.0000   0.0000   0.0000;
141:  0.2220   0.5530   0.7620   0.9810   1.1950   1.4640   1.6830   2.0270   2.2520   2.4890   2.7190   3.0960   3.3400   3.6160   3.8750   0.0000   0.0000   0.0000   0.0000   0.0000   0.0000   0.0000   0.0000;
142:  0.2220   0.5540   0.7630   0.9830   1.1960   1.4660   1.6860   2.0300   2.2560   2.4920   2.7210   3.1000   3.3440   3.6220   3.8840   0.0000   0.0000   0.0000   0.0000   0.0000   0.0000   0.0000   0.0000;
143:  0.2220   0.5540   0.7640   0.9840   1.1970   1.4670   1.6880   2.0330   2.2590   2.4950   2.7240   3.1030   3.3490   3.6270   3.8920   4.1800   0.0000   0.0000   0.0000   0.0000   0.0000   0.0000   0.0000;
144:  0.2230   0.5550   0.7640   0.9860   1.1970   1.4690   1.6910   2.0350   2.2620   2.4980   2.7260   3.1070   3.3530   3.6310   3.9000   4.1870   0.0000   0.0000   0.0000   0.0000   0.0000   0.0000   0.0000;
145:  0.2230   0.5550   0.7650   0.9870   1.1980   1.4710   1.6940   2.0380   2.2650   2.5000   2.7290   3.1100   3.3560   3.6370   3.9080   4.1950   4.3220   0.0000   0.0000   0.0000   0.0000   0.0000   0.0000;
146:  0.2230   0.5560   0.7660   0.9880   1.1990   1.4730   1.6960   2.0400   2.2680   2.5020   2.7310   3.1140   3.3610   3.6420   3.9160   4.2020   4.3350   0.0000   0.0000   0.0000   0.0000   0.0000   0.0000;
147:  0.2230   0.5560   0.7660   0.9900   1.2000   1.4750   1.6980   2.0430   2.2710   2.5050   2.7340   3.1170   3.3650   3.6480   3.9240   4.2100   4.3490   0.0000   0.0000   0.0000   0.0000   0.0000   0.0000;
148:  0.2230   0.5570   0.7670   0.9910   1.2000   1.4760   1.7010   2.0460   2.2740   2.5070   2.7360   3.1210   3.3690   3.6540   3.9320   4.2180   4.3640   0.0000   0.0000   0.0000   0.0000   0.0000   0.0000;
149:  0.2230   0.5570   0.7680   0.9920   1.2010   1.4780   1.7030   2.0490   2.2760   2.5090   2.7390   3.1240   3.3730   3.6590   3.9390   4.2270   4.3790   0.0000   0.0000   0.0000   0.0000   0.0000   0.0000;
150:  0.2240   0.5580   0.7680   0.9930   1.2020   1.4800   1.7060   2.0510   2.2780   2.5120   2.7420   3.1280   3.3780   3.6640   3.9460   4.2350   4.3950   0.0000   0.0000   0.0000   0.0000   0.0000   0.0000;
151:  0.2240   0.5580   0.7690   0.9940   1.2030   1.4810   1.7080   2.0530   2.2810   2.5140   2.7440   3.1310   3.3820   3.6690   3.9530   4.2440   4.4110   0.0000   0.0000   0.0000   0.0000   0.0000   0.0000;
152:  0.2240   0.5580   0.7690   0.9950   1.2040   1.4830   1.7100   2.0560   2.2830   2.5160   2.7470   3.1350   3.3860   3.6740   3.9600   4.2530   4.4270   0.0000   0.0000   0.0000   0.0000   0.0000   0.0000;
153:  0.2240   0.5590   0.7700   0.9960   1.2040   1.4840   1.7130   2.0580   2.2850   2.5190   2.7490   3.1390   3.3900   3.6780   3.9660   4.2620   4.4450   0.0000   0.0000   0.0000   0.0000   0.0000   0.0000;
154:  0.2240   0.5590   0.7700   0.9970   1.2060   1.4850   1.7150   2.0600   2.2870   2.5210   2.7510   3.1420   3.3940   3.6820   3.9730   4.2720   4.4640   0.0000   0.0000   0.0000   0.0000   0.0000   0.0000;
155:  0.2240   0.5590   0.7710   0.9970   1.2070   1.4870   1.7170   2.0620   2.2890   2.5240   2.7530   3.1460   3.3980   3.6860   3.9780   4.2820   4.4830   0.0000   0.0000   0.0000   0.0000   0.0000   0.0000;
156:  0.2240   0.5600   0.7710   0.9980   1.2080   1.4880   1.7200   2.0640   2.2910   2.5260   2.7550   3.1500   3.4010   3.6900   3.9840   4.2930   4.5020   0.0000   0.0000   0.0000   0.0000   0.0000   0.0000;
157:  0.2250   0.5600   0.7710   0.9980   1.2090   1.4890   1.7220   2.0660   2.2930   2.5290   2.7570   3.1530   3.4050   3.6940   3.9890   4.3030   4.5220   0.0000   0.0000   0.0000   0.0000   0.0000   0.0000;
158:  0.2250   0.5600   0.7710   0.9980   1.2110   1.4900   1.7240   2.0680   2.2950   2.5310   2.7590   3.1560   3.4080   3.6970   3.9940   4.3130   4.5410   0.0000   0.0000   0.0000   0.0000   0.0000   0.0000;
159:  0.2250   0.5600   0.7720   0.9990   1.2120   1.4910   1.7260   2.0690   2.2980   2.5340   2.7610   3.1600   3.4110   3.7000   3.9980   4.3240   4.5600   0.0000   0.0000   0.0000   0.0000   0.0000   0.0000;
160:  0.2250   0.5600   0.7720   0.9990   1.2130   1.4920   1.7280   2.0710   2.3000   2.5360   2.7630   3.1620   3.4130   3.7030   4.0030   4.3350   4.5780   0.0000   0.0000   0.0000   0.0000   0.0000   0.0000;
161:  0.2250   0.5600   0.7720   1.0000   1.2150   1.4930   1.7290   2.0720   2.3010   2.5380   2.7650   3.1650   3.4160   3.7060   4.0080   4.3470   4.5970   0.0000   0.0000   0.0000   0.0000   0.0000   0.0000;
162:  0.2250   0.5610   0.7730   1.0000   1.2160   1.4940   1.7310   2.0740   2.3040   2.5410   2.7680   3.1670   3.4180   3.7100   4.0120   4.3570   4.6140   0.0000   0.0000   0.0000   0.0000   0.0000   0.0000;
163:  0.2250   0.5610   0.7730   1.0000   1.2170   1.4950   1.7330   2.0750   2.3050   2.5430   2.7700   3.1700   3.4210   3.7130   4.0160   4.3670   4.6300   0.0000   0.0000   0.0000   0.0000   0.0000   0.0000;
164:  0.2250   0.5610   0.7730   1.0000   1.2190   1.4960   1.7340   2.0770   2.3070   2.5450   2.7730   3.1720   3.4230   3.7150   4.0200   4.3770   4.6450   0.0000   0.0000   0.0000   0.0000   0.0000   0.0000;
165:  0.2260   0.5610   0.7730   1.0000   1.2200   1.4970   1.7350   2.0780   2.3090   2.5480   2.7760   3.1730   3.4250   3.7170   4.0240   4.3870   4.6590   0.0000   0.0000   0.0000   0.0000   0.0000   0.0000;
166:  0.2260   0.5610   0.7730   1.0000   1.2210   1.4970   1.7360   2.0800   2.3110   2.5500   2.7790   3.1750   3.4280   3.7190   4.0280   4.3960   4.6740   0.0000   0.0000   0.0000   0.0000   0.0000   0.0000;
167:  0.2260   0.5610   0.7730   1.0000   1.2220   1.4980   1.7360   2.0810   2.3120   2.5520   2.7820   3.1760   3.4290   3.7200   4.0310   4.4060   4.6870   0.0000   0.0000   0.0000   0.0000   0.0000   0.0000;
168:  0.2260   0.5610   0.7730   1.0000   1.2230   1.4990   1.7370   2.0830   2.3140   2.5540   2.7850   3.1770   3.4310   3.7220   4.0330   4.4150   4.7000   4.9130   0.0000   0.0000   0.0000   0.0000   0.0000;
169:  0.2260   0.5610   0.7730   0.9990   1.2240   1.5000   1.7370   2.0840   2.3150   2.5560   2.7880   3.1780   3.4340   3.7240   4.0350   4.4230   4.7130   4.9190   0.0000   0.0000   0.0000   0.0000   0.0000;
170:  0.2270   0.5610   0.7730   0.9990   1.2240   1.5000   1.7380   2.0850   2.3160   2.5580   2.7910   3.1790   3.4360   3.7260   4.0370   4.4300   4.7260   4.9240   0.0000   0.0000   0.0000   0.0000   0.0000;
171:  0.2270   0.5600   0.7730   0.9990   1.2250   1.5010   1.7380   2.0870   2.3180   2.5600   2.7940   3.1800   3.4370   3.7290   4.0390   4.4370   4.7390   4.9290   0.0000   0.0000   0.0000   0.0000   0.0000;
172:  0.2270   0.5600   0.7730   0.9980   1.2250   1.5020   1.7380   2.0880   2.3190   2.5610   2.7960   3.1810   3.4380   3.7300   4.0400   4.4430   4.7520   4.9330   0.0000   0.0000   0.0000   0.0000   0.0000;
173:  0.2270   0.5600   0.7730   0.9980   1.2250   1.5020   1.7380   2.0900   2.3210   2.5630   2.8000   3.1810   3.4400   3.7320   4.0410   4.4480   4.7620   4.9360   0.0000   0.0000   0.0000   0.0000   0.0000;
174:  0.2270   0.5600   0.7730   0.9980   1.2250   1.5030   1.7380   2.0910   2.3220   2.5640   2.8020   3.1820   3.4420   3.7340   4.0420   4.4510   4.7710   4.9380   0.0000   0.0000   0.0000   0.0000   0.0000;
175:  0.2270   0.5600   0.7730   0.9970   1.2250   1.5040   1.7380   2.0920   2.3230   2.5650   2.8050   3.1820   3.4430   3.7350   4.0430   4.4520   4.7800   4.9390   0.0000   0.0000   0.0000   0.0000   0.0000;
176:  0.2280   0.5600   0.7730   0.9970   1.2250   1.5040   1.7380   2.0930   2.3240   2.5660   2.8070   3.1830   3.4440   3.7360   4.0430   4.4530   4.7880   4.9400   0.0000   0.0000   0.0000   0.0000   0.0000;
177:  0.2280   0.5590   0.7730   0.9970   1.2250   1.5050   1.7380   2.0940   2.3250   2.5670   2.8080   3.1840   3.4450   3.7360   4.0440   4.4530   4.7950   0.0000   0.0000   0.0000   0.0000   0.0000   0.0000;
178:  0.2280   0.5590   0.7730   0.9960   1.2250   1.5050   1.7380   2.0950   2.3250   2.5670   2.8100   3.1840   3.4460   3.7360   4.0430   4.4510   4.8000   0.0000   0.0000   0.0000   0.0000   0.0000   0.0000;
179:  0.2280   0.5590   0.7720   0.9960   1.2250   1.5050   1.7380   2.0950   2.3260   2.5680   2.8110   3.1850   3.4470   3.7360   4.0420   4.4470   4.8050   0.0000   0.0000   0.0000   0.0000   0.0000   0.0000;
180:  0.2280   0.5590   0.7720   0.9960   1.2240   1.5060   1.7380   2.0960   2.3260   2.5680   2.8120   3.1860   3.4470   3.7360   4.0400   4.4410   4.8080   0.0000   0.0000   0.0000   0.0000   0.0000   0.0000;
181:  0.2290   0.5580   0.7720   0.9960   1.2240   1.5060   1.7380   2.0960   2.3270   2.5680   2.8130   3.1870   3.4470   3.7350   4.0390   4.4340   4.8100   0.0000   0.0000   0.0000   0.0000   0.0000   0.0000;
182:  0.2290   0.5580   0.7720   0.9950   1.2230   1.5060   1.7380   2.0960   2.3260   2.5670   2.8130   3.1880   3.4470   3.7340   4.0370   4.4260   4.8110   0.0000   0.0000   0.0000   0.0000   0.0000   0.0000;
183:  0.2290   0.5580   0.7720   0.9950   1.2230   1.5060   1.7380   2.0960   2.3260   2.5670   2.8130   3.1880   3.4460   3.7330   4.0340   4.4170   4.8120   0.0000   0.0000   0.0000   0.0000   0.0000   0.0000;
184:  0.2290   0.5570   0.7710   0.9950   1.2220   1.5060   1.7370   2.0960   2.3260   2.5660   2.8120   3.1890   3.4450   3.7320   4.0330   4.4070   4.8110   0.0000   0.0000   0.0000   0.0000   0.0000   0.0000;
185:  0.2290   0.5570   0.7710   0.9950   1.2220   1.5060   1.7370   2.0960   2.3250   2.5650   2.8110   3.1890   3.4440   3.7300   4.0310   4.3970   4.8090   0.0000   0.0000   0.0000   0.0000   0.0000   0.0000;
186:  0.2300   0.5570   0.7710   0.9950   1.2210   1.5060   1.7370   2.0950   2.3250   2.5640   2.8110   3.1900   3.4430   3.7280   4.0290   4.3860   4.8070   0.0000   0.0000   0.0000   0.0000   0.0000   0.0000;
187:  0.2300   0.5560   0.7710   0.9950   1.2200   1.5060   1.7370   2.0950   2.3240   2.5640   2.8100   3.1900   3.4420   3.7260   4.0270   4.3740   0.0000   0.0000   0.0000   0.0000   0.0000   0.0000   0.0000;
188:  0.2300   0.5560   0.7700   0.9950   1.2200   1.5050   1.7360   2.0940   2.3230   2.5620   2.8090   3.1900   3.4410   3.7240   4.0260   4.3610   0.0000   0.0000   0.0000   0.0000   0.0000   0.0000   0.0000;
189:  0.2300   0.5560   0.7700   0.9950   1.2190   1.5050   1.7360   2.0930   2.3220   2.5610   2.8080   3.1890   3.4390   3.7220   4.0250   4.3480   0.0000   0.0000   0.0000   0.0000   0.0000   0.0000   0.0000;
190:  0.2310   0.5550   0.7690   0.9940   1.2180   1.5050   1.7350   2.0910   2.3210   2.5600   2.8070   3.1880   3.4370   3.7200   4.0230   4.3350   0.0000   0.0000   0.0000   0.0000   0.0000   0.0000   0.0000;
191:  0.2310   0.5550   0.7690   0.9940   1.2170   1.5040   1.7350   2.0900   2.3200   2.5590   2.8050   3.1870   3.4360   3.7180   4.0210   0.0000   0.0000   0.0000   0.0000   0.0000   0.0000   0.0000   0.0000;
192:  0.2310   0.5540   0.7690   0.9930   1.2160   1.5030   1.7340   2.0880   2.3180   2.5570   2.8030   3.1860   3.4350   3.7160   4.0190   0.0000   0.0000   0.0000   0.0000   0.0000   0.0000   0.0000   0.0000;
193:  0.2310   0.5540   0.7680   0.9930   1.2150   1.5020   1.7330   2.0860   2.3170   2.5550   2.8000   3.1850   3.4330   3.7150   4.0160   0.0000   0.0000   0.0000   0.0000   0.0000   0.0000   0.0000   0.0000;
194:  0.2320   0.5530   0.7680   0.9920   1.2140   1.5010   1.7320   2.0850   2.3160   2.5540   2.7980   3.1840   3.4310   3.7130   4.0130   0.0000   0.0000   0.0000   0.0000   0.0000   0.0000   0.0000   0.0000;
195:  0.2320   0.5530   0.7670   0.9920   1.2130   1.5000   1.7310   2.0830   2.3140   2.5520   2.7950   3.1820   3.4290   3.7100   4.0100   0.0000   0.0000   0.0000   0.0000   0.0000   0.0000   0.0000   0.0000;
196:  0.2320   0.5520   0.7670   0.9910   1.2120   1.4990   1.7300   2.0810   2.3120   2.5500   2.7920   3.1800   3.4270   3.7080   4.0060   0.0000   0.0000   0.0000   0.0000   0.0000   0.0000   0.0000   0.0000;
197:  0.2320   0.5520   0.7660   0.9900   1.2110   1.4970   1.7280   2.0790   2.3110   2.5490   2.7890   3.1780   3.4250   3.7060   4.0020   0.0000   0.0000   0.0000   0.0000   0.0000   0.0000   0.0000   0.0000;
198:  0.2330   0.5510   0.7660   0.9890   1.2100   1.4960   1.7270   2.0780   2.3090   2.5470   2.7860   3.1750   3.4230   3.7030   3.9980   0.0000   0.0000   0.0000   0.0000   0.0000   0.0000   0.0000   0.0000;
199:  0.2330   0.5510   0.7650   0.9890   1.2090   1.4950   1.7250   2.0760   2.3080   2.5450   2.7820   3.1730   3.4210   3.7000   3.9940   0.0000   0.0000   0.0000   0.0000   0.0000   0.0000   0.0000   0.0000;
200:  0.2330   0.5500   0.7640   0.9880   1.2080   1.4930   1.7240   2.0740   2.3060   2.5440   2.7790   3.1700   3.4190   3.6960   3.9890   0.0000   0.0000   0.0000   0.0000   0.0000   0.0000   0.0000   0.0000;
201:  0.2330   0.5490   0.7640   0.9870   1.2070   1.4910   1.7220   2.0720   2.3040   2.5420   2.7760   3.1670   3.4160   3.6930   3.9850   0.0000   0.0000   0.0000   0.0000   0.0000   0.0000   0.0000   0.0000;
202:  0.2340   0.5490   0.7630   0.9860   1.2070   1.4900   1.7200   2.0700   2.3030   2.5400   2.7730   3.1640   3.4130   3.6890   3.9800   0.0000   0.0000   0.0000   0.0000   0.0000   0.0000   0.0000   0.0000;
203:  0.2340   0.5480   0.7620   0.9850   1.2060   1.4880   1.7180   2.0690   2.3010   2.5380   2.7700   3.1610   3.4110   3.6850   3.9740   0.0000   0.0000   0.0000   0.0000   0.0000   0.0000   0.0000   0.0000;
204:  0.2340   0.5480   0.7620   0.9840   1.2050   1.4870   1.7160   2.0670   2.3000   2.5360   2.7670   3.1580   3.4080   3.6800   3.9680   0.0000   0.0000   0.0000   0.0000   0.0000   0.0000   0.0000   0.0000;
205:  0.2350   0.5470   0.7610   0.9830   1.2040   1.4850   1.7140   2.0650   2.2980   2.5340   2.7640   3.1550   3.4050   3.6760   3.9610   0.0000   0.0000   0.0000   0.0000   0.0000   0.0000   0.0000   0.0000;
206:  0.2350   0.5460   0.7600   0.9820   1.2030   1.4830   1.7120   2.0640   2.2960   2.5320   2.7610   3.1510   3.4010   3.6710   3.9550   0.0000   0.0000   0.0000   0.0000   0.0000   0.0000   0.0000   0.0000;
207:  0.2350   0.5460   0.7600   0.9810   1.2020   1.4810   1.7100   2.0620   2.2940   2.5290   2.7580   3.1480   3.3980   3.6660   3.9470   0.0000   0.0000   0.0000   0.0000   0.0000   0.0000   0.0000   0.0000;
208:  0.2350   0.5450   0.7590   0.9800   1.2010   1.4790   1.7080   2.0610   2.2910   2.5270   2.7550   3.1450   3.3940   3.6600   3.9400   0.0000   0.0000   0.0000   0.0000   0.0000   0.0000   0.0000   0.0000;
209:  0.2350   0.5440   0.7580   0.9780   1.2000   1.4770   1.7050   2.0600   2.2890   2.5240   2.7520   3.1410   3.3900   3.6550   3.9320   0.0000   0.0000   0.0000   0.0000   0.0000   0.0000   0.0000   0.0000;
210:  0.2360   0.5440   0.7570   0.9770   1.2000   1.4750   1.7030   2.0580   2.2870   2.5220   2.7500   3.1370   3.3860   3.6490   3.9240   0.0000   0.0000   0.0000   0.0000   0.0000   0.0000   0.0000   0.0000;
211:  0.2360   0.5430   0.7560   0.9760   1.1990   1.4740   1.7000   2.0560   2.2840   2.5190   2.7470   3.1340   3.3820   3.6420   3.9160   0.0000   0.0000   0.0000   0.0000   0.0000   0.0000   0.0000   0.0000;
212:  0.2360   0.5430   0.7560   0.9750   1.1980   1.4720   1.6980   2.0540   2.2810   2.5160   2.7450   3.1300   3.3780   3.6350   3.9090   0.0000   0.0000   0.0000   0.0000   0.0000   0.0000   0.0000   0.0000;
213:  0.2360   0.5420   0.7550   0.9730   1.1970   1.4700   1.6960   2.0520   2.2790   2.5140   2.7430   3.1270   3.3740   3.6290   3.9010   0.0000   0.0000   0.0000   0.0000   0.0000   0.0000   0.0000   0.0000;
214:  0.2360   0.5410   0.7540   0.9720   1.1960   1.4680   1.6940   2.0500   2.2760   2.5110   2.7410   3.1230   3.3690   3.6230   3.8940   0.0000   0.0000   0.0000   0.0000   0.0000   0.0000   0.0000   0.0000;
215:  0.2370   0.5410   0.7530   0.9710   1.1960   1.4670   1.6910   2.0480   2.2730   2.5080   2.7380   3.1190   3.3640   3.6170   3.8870   0.0000   0.0000   0.0000   0.0000   0.0000   0.0000   0.0000   0.0000;
216:  0.2370   0.5400   0.7520   0.9690   1.1950   1.4650   1.6890   2.0470   2.2700   2.5050   2.7360   3.1160   3.3590   3.6100   3.8800   0.0000   0.0000   0.0000   0.0000   0.0000   0.0000   0.0000   0.0000;
217:  0.2370   0.5400   0.7510   0.9680   1.1930   1.4640   1.6870   2.0440   2.2680   2.5020   2.7340   3.1120   3.3550   3.6040   3.8740   0.0000   0.0000   0.0000   0.0000   0.0000   0.0000   0.0000   0.0000;
218:  0.2370   0.5390   0.7510   0.9670   1.1920   1.4620   1.6850   2.0420   2.2650   2.4990   2.7310   3.1090   3.3500   3.5970   3.8680   0.0000   0.0000   0.0000   0.0000   0.0000   0.0000   0.0000   0.0000;
219:  0.2380   0.5380   0.7500   0.9650   1.1910   1.4610   1.6840   2.0400   2.2620   2.4960   2.7290   3.1050   3.3450   3.5910   3.8620   4.0280   0.0000   0.0000   0.0000   0.0000   0.0000   0.0000   0.0000;
220:  0.2380   0.5380   0.7490   0.9640   1.1900   1.4600   1.6820   2.0370   2.2590   2.4930   2.7260   3.1010   3.3400   3.5840   3.8560   4.0230   0.0000   0.0000   0.0000   0.0000   0.0000   0.0000   0.0000;
221:  0.2380   0.5370   0.7480   0.9630   1.1890   1.4590   1.6800   2.0340   2.2560   2.4900   2.7240   3.0970   3.3350   3.5780   3.8490   4.0200   0.0000   0.0000   0.0000   0.0000   0.0000   0.0000   0.0000;
222:  0.2380   0.5360   0.7470   0.9620   1.1870   1.4570   1.6780   2.0310   2.2540   2.4870   2.7210   3.0930   3.3310   3.5720   3.8440   4.0170   0.0000   0.0000   0.0000   0.0000   0.0000   0.0000   0.0000;
223:  0.2380   0.5360   0.7470   0.9610   1.1860   1.4560   1.6760   2.0290   2.2510   2.4850   2.7180   3.0890   3.3270   3.5660   3.8380   4.0150   0.0000   0.0000   0.0000   0.0000   0.0000   0.0000   0.0000;
224:  0.2380   0.5350   0.7460   0.9590   1.1850   1.4550   1.6750   2.0260   2.2490   2.4820   2.7160   3.0850   3.3220   3.5610   3.8330   4.0140   0.0000   0.0000   0.0000   0.0000   0.0000   0.0000   0.0000;
225:  0.2390   0.5350   0.7450   0.9580   1.1840   1.4540   1.6730   2.0230   2.2460   2.4790   2.7140   3.0810   3.3180   3.5560   3.8290   4.0140   0.0000   0.0000   0.0000   0.0000   0.0000   0.0000   0.0000;
226:  0.2390   0.5340   0.7440   0.9570   1.1820   1.4530   1.6710   2.0200   2.2440   2.4770   2.7110   3.0770   3.3130   3.5510   3.8240   4.0140   0.0000   0.0000   0.0000   0.0000   0.0000   0.0000   0.0000;
227:  0.2390   0.5340   0.7440   0.9550   1.1810   1.4520   1.6700   2.0170   2.2420   2.4740   2.7090   3.0730   3.3100   3.5460   3.8200   4.0150   0.0000   0.0000   0.0000   0.0000   0.0000   0.0000   0.0000;
228:  0.2390   0.5330   0.7430   0.9550   1.1790   1.4500   1.6690   2.0150   2.2400   2.4720   2.7060   3.0700   3.3050   3.5420   3.8160   4.0160   0.0000   0.0000   0.0000   0.0000   0.0000   0.0000   0.0000;
229:  0.2390   0.5330   0.7420   0.9530   1.1780   1.4490   1.6670   2.0120   2.2380   2.4690   2.7040   3.0660   3.3020   3.5380   3.8120   4.0170   0.0000   0.0000   0.0000   0.0000   0.0000   0.0000   0.0000;
230:  0.2390   0.5320   0.7420   0.9520   1.1770   1.4470   1.6660   2.0090   2.2360   2.4670   2.7010   3.0620   3.2980   3.5340   3.8080   4.0180   0.0000   0.0000   0.0000   0.0000   0.0000   0.0000   0.0000;
231:  0.2400   0.5320   0.7410   0.9510   1.1750   1.4450   1.6650   2.0070   2.2350   2.4650   2.6990   3.0590   3.2950   3.5300   3.8040   4.0180   0.0000   0.0000   0.0000   0.0000   0.0000   0.0000   0.0000;
232:  0.2400   0.5310   0.7400   0.9500   1.1740   1.4440   1.6630   2.0040   2.2330   2.4620   2.6960   3.0550   3.2910   3.5270   3.8000   4.0180   0.0000   0.0000   0.0000   0.0000   0.0000   0.0000   0.0000;
233:  0.2400   0.5310   0.7400   0.9490   1.1730   1.4420   1.6620   2.0020   2.2320   2.4600   2.6940   3.0510   3.2880   3.5240   3.7970   4.0180   0.0000   0.0000   0.0000   0.0000   0.0000   0.0000   0.0000;
234:  0.2400   0.5310   0.7390   0.9480   1.1720   1.4400   1.6610   1.9990   2.2300   2.4580   2.6920   3.0470   3.2850   3.5210   3.7930   4.0180   0.0000   0.0000   0.0000   0.0000   0.0000   0.0000   0.0000;
235:  0.2400   0.5300   0.7380   0.9470   1.1700   1.4380   1.6590   1.9970   2.2280   2.4560   2.6900   3.0440   3.2820   3.5180   3.7890   4.0170   0.0000   0.0000   0.0000   0.0000   0.0000   0.0000   0.0000;
236:  0.2400   0.5300   0.7380   0.9460   1.1690   1.4360   1.6580   1.9950   2.2270   2.4540   2.6880   3.0400   3.2790   3.5150   3.7850   4.0150   0.0000   0.0000   0.0000   0.0000   0.0000   0.0000   0.0000;
237:  0.2400   0.5290   0.7370   0.9450   1.1680   1.4340   1.6560   1.9930   2.2250   2.4520   2.6860   3.0360   3.2760   3.5110   3.7820   4.0120   0.0000   0.0000   0.0000   0.0000   0.0000   0.0000   0.0000;
238:  0.2400   0.5290   0.7370   0.9440   1.1670   1.4320   1.6550   1.9910   2.2240   2.4500   2.6830   3.0320   3.2730   3.5080   3.7780   4.0090   0.0000   0.0000   0.0000   0.0000   0.0000   0.0000   0.0000;
239:  0.2400   0.5280   0.7360   0.9430   1.1660   1.4300   1.6530   1.9890   2.2220   2.4480   2.6810   3.0280   3.2710   3.5040   3.7750   4.0050   4.2760   0.0000   0.0000   0.0000   0.0000   0.0000   0.0000;
240:  0.2400   0.5280   0.7360   0.9420   1.1650   1.4290   1.6520   1.9880   2.2210   2.4460   2.6780   3.0240   3.2680   3.5010   3.7710   4.0020   4.2690   0.0000   0.0000   0.0000   0.0000   0.0000   0.0000;
241:  0.2400   0.5280   0.7360   0.9410   1.1640   1.4270   1.6510   1.9860   2.2200   2.4440   2.6760   3.0200   3.2650   3.4980   3.7680   3.9980   4.2620   0.0000   0.0000   0.0000   0.0000   0.0000   0.0000;
242:  0.2400   0.5270   0.7350   0.9410   1.1630   1.4260   1.6490   1.9850   2.2180   2.4420   2.6740   3.0160   3.2630   3.4940   3.7640   3.9940   4.2560   0.0000   0.0000   0.0000   0.0000   0.0000   0.0000;
243:  0.2400   0.5270   0.7350   0.9400   1.1620   1.4240   1.6480   1.9830   2.2160   2.4400   2.6720   3.0130   3.2600   3.4910   3.7600   3.9900   4.2510   0.0000   0.0000   0.0000   0.0000   0.0000   0.0000;
244:  0.2410   0.5270   0.7350   0.9400   1.1610   1.4230   1.6470   1.9820   2.2150   2.4380   2.6690   3.0090   3.2560   3.4870   3.7560   3.9860   4.2460   0.0000   0.0000   0.0000   0.0000   0.0000   0.0000;
245:  0.2410   0.5260   0.7340   0.9390   1.1600   1.4220   1.6460   1.9810   2.2140   2.4360   2.6670   3.0060   3.2540   3.4830   3.7530   3.9830   4.2420   0.0000   0.0000   0.0000   0.0000   0.0000   0.0000;
246:  0.2410   0.5260   0.7340   0.9390   1.1590   1.4210   1.6450   1.9790   2.2120   2.4340   2.6640   3.0020   3.2510   3.4790   3.7490   3.9800   4.2380   0.0000   0.0000   0.0000   0.0000   0.0000   0.0000;
247:  0.2410   0.5260   0.7340   0.9390   1.1580   1.4200   1.6440   1.9780   2.2110   2.4330   2.6620   2.9990   3.2480   3.4750   3.7460   3.9760   4.2340   0.0000   0.0000   0.0000   0.0000   0.0000   0.0000;
248:  0.2410   0.5250   0.7330   0.9380   1.1560   1.4190   1.6430   1.9770   2.2090   2.4310   2.6600   2.9960   3.2440   3.4720   3.7420   3.9720   4.2310   0.0000   0.0000   0.0000   0.0000   0.0000   0.0000;
249:  0.2410   0.5250   0.7330   0.9380   1.1560   1.4180   1.6420   1.9760   2.2070   2.4290   2.6570   2.9930   3.2410   3.4680   3.7380   3.9680   4.2280   0.0000   0.0000   0.0000   0.0000   0.0000   0.0000;
250:  0.2410   0.5250   0.7330   0.9380   1.1550   1.4180   1.6410   1.9760   2.2050   2.4270   2.6550   2.9900   3.2380   3.4640   3.7350   3.9660   4.2250   0.0000   0.0000   0.0000   0.0000   0.0000   0.0000;
251:  0.2410   0.5250   0.7330   0.9380   1.1540   1.4170   1.6410   1.9750   2.2040   2.4250   2.6530   2.9880   3.2350   3.4610   3.7310   3.9630   4.2230   0.0000   0.0000   0.0000   0.0000   0.0000   0.0000;
252:  0.2410   0.5250   0.7330   0.9370   1.1530   1.4160   1.6400   1.9740   2.2020   2.4240   2.6510   2.9850   3.2320   3.4580   3.7280   3.9600   4.2200   0.0000   0.0000   0.0000   0.0000   0.0000   0.0000;
253:  0.2410   0.5240   0.7330   0.9370   1.1520   1.4150   1.6390   1.9730   2.2010   2.4220   2.6480   2.9830   3.2290   3.4550   3.7250   3.9580   4.2170   0.0000   0.0000   0.0000   0.0000   0.0000   0.0000;
254:  0.2410   0.5240   0.7330   0.9370   1.1510   1.4150   1.6380   1.9730   2.1990   2.4200   2.6460   2.9810   3.2260   3.4520   3.7220   3.9550   4.2150   0.0000   0.0000   0.0000   0.0000   0.0000   0.0000;
255:  0.2410   0.5240   0.7330   0.9370   1.1510   1.4140   1.6380   1.9720   2.1980   2.4180   2.6440   2.9800   3.2230   3.4490   3.7190   3.9520   4.2130   0.0000   0.0000   0.0000   0.0000   0.0000   0.0000;
256:  0.2410   0.5240   0.7330   0.9370   1.1500   1.4130   1.6370   1.9720   2.1960   2.4160   2.6430   2.9780   3.2210   3.4470   3.7150   3.9500   4.2110   0.0000   0.0000   0.0000   0.0000   0.0000   0.0000;
257:  0.2410   0.5240   0.7330   0.9370   1.1500   1.4130   1.6360   1.9710   2.1950   2.4150   2.6410   2.9770   3.2180   3.4450   3.7120   3.9470   4.2090   0.0000   0.0000   0.0000   0.0000   0.0000   0.0000;
258:  0.2410   0.5240   0.7330   0.9370   1.1490   1.4120   1.6360   1.9710   2.1930   2.4130   2.6400   2.9760   3.2160   3.4440   3.7080   3.9440   4.2070   0.0000   0.0000   0.0000   0.0000   0.0000   0.0000;
259:  0.2410   0.5240   0.7330   0.9370   1.1490   1.4110   1.6350   1.9710   2.1920   2.4110   2.6380   2.9750   3.2130   3.4430   3.7060   3.9400   4.2050   0.0000   0.0000   0.0000   0.0000   0.0000   0.0000;
260:  0.2410   0.5240   0.7330   0.9370   1.1480   1.4100   1.6340   1.9710   2.1900   2.4100   2.6370   2.9740   3.2110   3.4410   3.7030   3.9380   4.2030   0.0000   0.0000   0.0000   0.0000   0.0000   0.0000;
261:  0.2410   0.5240   0.7330   0.9370   1.1480   1.4090   1.6330   1.9710   2.1890   2.4090   2.6360   2.9730   3.2100   3.4390   3.7000   3.9350   4.2020   0.0000   0.0000   0.0000   0.0000   0.0000   0.0000;
262:  0.2410   0.5240   0.7330   0.9370   1.1480   1.4080   1.6320   1.9710   2.1870   2.4080   2.6350   2.9720   3.2080   3.4370   3.6970   3.9320   4.1990   0.0000   0.0000   0.0000   0.0000   0.0000   0.0000;
263:  0.2410   0.5240   0.7330   0.9370   1.1480   1.4080   1.6310   1.9710   2.1860   2.4070   2.6340   2.9710   3.2070   3.4360   3.6950   3.9290   4.1970   4.3370   0.0000   0.0000   0.0000   0.0000   0.0000;
264:  0.2410   0.5240   0.7330   0.9380   1.1480   1.4080   1.6310   1.9710   2.1850   2.4060   2.6330   2.9700   3.2060   3.4350   3.6910   3.9260   4.1950   4.3360   0.0000   0.0000   0.0000   0.0000   0.0000;
265:  0.2410   0.5240   0.7330   0.9380   1.1480   1.4070   1.6300   1.9700   2.1840   2.4050   2.6320   2.9690   3.2050   3.4340   3.6890   3.9230   4.1930   4.3340   0.0000   0.0000   0.0000   0.0000   0.0000;
266:  0.2410   0.5250   0.7340   0.9380   1.1480   1.4070   1.6290   1.9700   2.1840   2.4040   2.6320   2.9680   3.2040   3.4340   3.6860   3.9200   4.1920   4.3330   0.0000   0.0000   0.0000   0.0000   0.0000;
267:  0.2410   0.5250   0.7340   0.9380   1.1480   1.4070   1.6290   1.9700   2.1830   2.4040   2.6310   2.9680   3.2030   3.4320   3.6840   3.9170   4.1900   4.3330   0.0000   0.0000   0.0000   0.0000   0.0000;
268:  0.2410   0.5250   0.7340   0.9380   1.1480   1.4070   1.6290   1.9690   2.1830   2.4040   2.6310   2.9670   3.2020   3.4310   3.6820   3.9150   4.1890   4.3350   0.0000   0.0000   0.0000   0.0000   0.0000;
269:  0.2410   0.5250   0.7350   0.9380   1.1480   1.4070   1.6290   1.9690   2.1820   2.4030   2.6300   2.9670   3.2020   3.4310   3.6800   3.9130   4.1870   4.3360   0.0000   0.0000   0.0000   0.0000   0.0000;
270:  0.2420   0.5250   0.7350   0.9390   1.1490   1.4080   1.6290   1.9680   2.1820   2.4030   2.6300   2.9670   3.2010   3.4300   3.6780   3.9110   4.1860   4.3390   0.0000   0.0000   0.0000   0.0000   0.0000;
271:  0.2420   0.5260   0.7350   0.9390   1.1490   1.4080   1.6290   1.9680   2.1820   2.4030   2.6300   2.9670   3.2000   3.4290   3.6760   3.9080   4.1840   4.3430   0.0000   0.0000   0.0000   0.0000   0.0000;
272:  0.2420   0.5260   0.7360   0.9400   1.1500   1.4090   1.6290   1.9670   2.1820   2.4030   2.6300   2.9660   3.2000   3.4270   3.6740   3.9050   4.1820   4.3460   0.0000   0.0000   0.0000   0.0000   0.0000;
273:  0.2420   0.5260   0.7360   0.9400   1.1500   1.4100   1.6300   1.9670   2.1820   2.4040   2.6290   2.9660   3.1990   3.4260   3.6720   3.9030   4.1800   4.3490   0.0000   0.0000   0.0000   0.0000   0.0000;
274:  0.2420   0.5270   0.7360   0.9400   1.1510   1.4110   1.6310   1.9660   2.1820   2.4040   2.6290   2.9660   3.1990   3.4250   3.6700   3.9000   4.1780   4.3520   4.4870   0.0000   0.0000   0.0000   0.0000;
275:  0.2420   0.5270   0.7370   0.9410   1.1520   1.4110   1.6310   1.9650   2.1820   2.4040   2.6290   2.9650   3.1990   3.4240   3.6690   3.8970   4.1760   4.3550   4.4930   0.0000   0.0000   0.0000   0.0000;
276:  0.2420   0.5270   0.7380   0.9420   1.1530   1.4130   1.6320   1.9650   2.1820   2.4050   2.6280   2.9650   3.1990   3.4230   3.6690   3.8950   4.1740   4.3580   4.5000   0.0000   0.0000   0.0000   0.0000;
277:  0.2420   0.5280   0.7380   0.9420   1.1540   1.4140   1.6330   1.9640   2.1820   2.4050   2.6280   2.9650   3.1990   3.4210   3.6680   3.8930   4.1710   4.3610   4.5080   0.0000   0.0000   0.0000   0.0000;
278:  0.2420   0.5280   0.7380   0.9440   1.1550   1.4150   1.6340   1.9640   2.1830   2.4050   2.6280   2.9660   3.1990   3.4190   3.6670   3.8910   4.1690   4.3640   4.5160   0.0000   0.0000   0.0000   0.0000;
279:  0.2420   0.5290   0.7390   0.9440   1.1560   1.4160   1.6350   1.9640   2.1830   2.4050   2.6280   2.9660   3.1990   3.4180   3.6660   3.8880   4.1670   4.3660   4.5240   0.0000   0.0000   0.0000   0.0000;
280:  0.2420   0.5290   0.7400   0.9450   1.1570   1.4170   1.6350   1.9630   2.1830   2.4050   2.6280   2.9660   3.1990   3.4180   3.6650   3.8860   4.1650   4.3670   4.5330   0.0000   0.0000   0.0000   0.0000;
281:  0.2420   0.5300   0.7400   0.9460   1.1580   1.4180   1.6360   1.9640   2.1840   2.4050   2.6270   2.9660   3.1990   3.4170   3.6640   3.8840   4.1630   4.3680   4.5430   0.0000   0.0000   0.0000   0.0000;
282:  0.2420   0.5300   0.7410   0.9480   1.1600   1.4190   1.6370   1.9640   2.1840   2.4050   2.6270   2.9670   3.1990   3.4170   3.6640   3.8820   4.1610   4.3690   4.5520   0.0000   0.0000   0.0000   0.0000;
283:  0.2420   0.5310   0.7410   0.9490   1.1610   1.4200   1.6380   1.9640   2.1850   2.4050   2.6270   2.9670   3.1990   3.4170   3.6630   3.8800   4.1600   4.3690   4.5610   0.0000   0.0000   0.0000   0.0000;
284:  0.2430   0.5310   0.7420   0.9500   1.1620   1.4210   1.6380   1.9650   2.1850   2.4060   2.6270   2.9670   3.2000   3.4160   3.6620   3.8780   4.1580   4.3680   4.5700   0.0000   0.0000   0.0000   0.0000;
285:  0.2430   0.5320   0.7430   0.9510   1.1630   1.4220   1.6390   1.9650   2.1850   2.4060   2.6280   2.9680   3.2000   3.4150   3.6620   3.8760   4.1560   4.3680   4.5780   0.0000   0.0000   0.0000   0.0000;
286:  0.2430   0.5320   0.7430   0.9530   1.1640   1.4230   1.6400   1.9660   2.1850   2.4070   2.6280   2.9680   3.2000   3.4140   3.6610   3.8740   4.1550   4.3670   4.5860   0.0000   0.0000   0.0000   0.0000;
287:  0.2430   0.5330   0.7440   0.9540   1.1650   1.4240   1.6400   1.9660   2.1850   2.4070   2.6280   2.9690   3.2010   3.4140   3.6610   3.8730   4.1530   4.3660   4.5930   0.0000   0.0000   0.0000   0.0000;
288:  0.2430   0.5340   0.7450   0.9550   1.1660   1.4250   1.6410   1.9670   2.1860   2.4070   2.6280   2.9690   3.2010   3.4140   3.6600   3.8720   4.1510   4.3640   4.5990   0.0000   0.0000   0.0000   0.0000;
289:  0.2430   0.5340   0.7450   0.9560   1.1670   1.4260   1.6420   1.9680   2.1860   2.4080   2.6290   2.9690   3.2010   3.4140   3.6590   3.8710   4.1480   4.3630   4.6040   0.0000   0.0000   0.0000   0.0000;
290:  0.2440   0.5350   0.7460   0.9570   1.1680   1.4270   1.6430   1.9690   2.1870   2.4080   2.6290   2.9700   3.2020   3.4140   3.6590   3.8720   4.1460   4.3600   4.6070   0.0000   0.0000   0.0000   0.0000;
291:  0.2440   0.5360   0.7470   0.9580   1.1690   1.4280   1.6440   1.9690   2.1870   2.4080   2.6300   2.9700   3.2020   3.4150   3.6590   3.8720   4.1440   4.3580   4.6100   0.0000   0.0000   0.0000   0.0000;
292:  0.2440   0.5360   0.7470   0.9600   1.1700   1.4280   1.6450   1.9700   2.1880   2.4080   2.6300   2.9710   3.2020   3.4150   3.6580   3.8720   4.1420   4.3570   4.6110   0.0000   0.0000   0.0000   0.0000;
293:  0.2440   0.5370   0.7480   0.9610   1.1710   1.4290   1.6460   1.9710   2.1890   2.4090   2.6310   2.9710   3.2020   3.4160   3.6580   3.8720   4.1410   4.3560   4.6110   0.0000   0.0000   0.0000   0.0000;
294:  0.2440   0.5380   0.7490   0.9610   1.1710   1.4310   1.6470   1.9720   2.1900   2.4090   2.6310   2.9710   3.2020   3.4160   3.6580   3.8720   4.1390   4.3550   4.6090   0.0000   0.0000   0.0000   0.0000;
295:  0.2440   0.5380   0.7490   0.9620   1.1720   1.4320   1.6490   1.9730   2.1910   2.4100   2.6310   2.9710   3.2030   3.4170   3.6580   3.8720   4.1370   4.3540   4.6080   0.0000   0.0000   0.0000   0.0000;
296:  0.2440   0.5390   0.7500   0.9630   1.1730   1.4330   1.6500   1.9730   2.1910   2.4110   2.6310   2.9710   3.2030   3.4180   3.6570   3.8720   4.1350   4.3520   4.6060   0.0000   0.0000   0.0000   0.0000;
297:  0.2450   0.5400   0.7510   0.9640   1.1740   1.4340   1.6510   1.9740   2.1920   2.4110   2.6310   2.9710   3.2030   3.4190   3.6570   3.8720   4.1330   4.3500   4.6040   0.0000   0.0000   0.0000   0.0000;
298:  0.2450   0.5410   0.7520   0.9640   1.1750   1.4350   1.6530   1.9750   2.1930   2.4120   2.6310   2.9710   3.2030   3.4200   3.6570   3.8730   4.1310   4.3480   4.6020   0.0000   0.0000   0.0000   0.0000;
299:  0.2450   0.5410   0.7530   0.9650   1.1760   1.4360   1.6540   1.9760   2.1940   2.4130   2.6320   2.9710   3.2040   3.4200   3.6570   3.8740   4.1290   4.3470   4.6000   0.0000   0.0000   0.0000   0.0000;
300:  0.2450   0.5420   0.7530   0.9660   1.1770   1.4380   1.6550   1.9770   2.1960   2.4130   2.6320   2.9710   3.2040   3.4220   3.6570   3.8750   4.1270   4.3460   4.5970   0.0000   0.0000   0.0000   0.0000;
301:  0.2450   0.5430   0.7540   0.9670   1.1780   1.4390   1.6570   1.9780   2.1970   2.4130   2.6320   2.9710   3.2040   3.4220   3.6580   3.8750   4.1250   4.3450   4.5940   0.0000   0.0000   0.0000   0.0000;
302:  0.2450   0.5440   0.7550   0.9680   1.1780   1.4400   1.6580   1.9790   2.1980   2.4140   2.6320   2.9720   3.2040   3.4220   3.6580   3.8760   4.1240   4.3440   4.5920   0.0000   0.0000   0.0000   0.0000;
303:  0.2450   0.5450   0.7560   0.9690   1.1790   1.4410   1.6590   1.9800   2.2000   2.4140   2.6330   2.9720   3.2040   3.4230   3.6590   3.8760   4.1220   4.3440   4.5890   0.0000   0.0000   0.0000   0.0000;
304:  0.2460   0.5450   0.7560   0.9700   1.1800   1.4420   1.6600   1.9810   2.2010   2.4150   2.6330   2.9730   3.2040   3.4230   3.6590   3.8770   4.1210   4.3440   4.5870   0.0000   0.0000   0.0000   0.0000;
305:  0.2460   0.5460   0.7570   0.9710   1.1810   1.4430   1.6610   1.9820   2.2020   2.4150   2.6330   2.9730   3.2040   3.4240   3.6600   3.8770   4.1200   4.3430   4.5840   0.0000   0.0000   0.0000   0.0000;
306:  0.2460   0.5470   0.7580   0.9720   1.1820   1.4440   1.6620   1.9830   2.2030   2.4160   2.6340   2.9730   3.2050   3.4250   3.6600   3.8780   4.1190   4.3420   4.5820   0.0000   0.0000   0.0000   0.0000;
307:  0.2460   0.5480   0.7590   0.9730   1.1830   1.4460   1.6630   1.9850   2.2040   2.4160   2.6350   2.9740   3.2050   3.4260   3.6600   3.8780   4.1190   4.3420   4.5800   0.0000   0.0000   0.0000   0.0000;
308:  0.2460   0.5490   0.7600   0.9740   1.1840   1.4470   1.6640   1.9860   2.2040   2.4170   2.6350   2.9750   3.2050   3.4270   3.6600   3.8780   4.1180   4.3420   4.5780   0.0000   0.0000   0.0000   0.0000;
309:  0.2470   0.5500   0.7610   0.9750   1.1850   1.4480   1.6640   1.9870   2.2050   2.4180   2.6360   2.9760   3.2050   3.4280   3.6600   3.8780   4.1180   4.3420   4.5770   0.0000   0.0000   0.0000   0.0000;
310:  0.2470   0.5510   0.7620   0.9760   1.1860   1.4490   1.6650   1.9890   2.2060   2.4180   2.6370   2.9760   3.2060   3.4280   3.6590   3.8780   4.1180   4.3410   4.5760   0.0000   0.0000   0.0000   0.0000;
311:  0.2470   0.5510   0.7620   0.9770   1.1860   1.4500   1.6650   1.9900   2.2060   2.4190   2.6380   2.9770   3.2060   3.4290   3.6590   3.8780   4.1180   4.3400   4.5760   0.0000   0.0000   0.0000   0.0000;
312:  0.2470   0.5520   0.7630   0.9780   1.1870   1.4510   1.6660   1.9910   2.2060   2.4200   2.6390   2.9780   3.2060   3.4300   3.6580   3.8780   4.1180   4.3400   4.5750   0.0000   0.0000   0.0000   0.0000;
313:  0.2470   0.5530   0.7640   0.9790   1.1880   1.4520   1.6670   1.9930   2.2070   2.4210   2.6400   2.9790   3.2060   3.4310   3.6580   3.8780   4.1180   4.3400   4.5750   0.0000   0.0000   0.0000   0.0000;
314:  0.2470   0.5540   0.7650   0.9800   1.1890   1.4530   1.6670   1.9940   2.2070   2.4220   2.6420   2.9800   3.2060   3.4310   3.6570   3.8790   4.1180   4.3400   4.5750   0.0000   0.0000   0.0000   0.0000;
315:  0.2470   0.5550   0.7660   0.9810   1.1890   1.4540   1.6680   1.9950   2.2070   2.4230   2.6430   2.9800   3.2060   3.4310   3.6570   3.8800   4.1180   4.3400   4.5740   0.0000   0.0000   0.0000   0.0000;
316:  0.2480   0.5550   0.7670   0.9820   1.1910   1.4550   1.6690   1.9960   2.2080   2.4240   2.6450   2.9810   3.2060   3.4320   3.6560   3.8800   4.1190   4.3400   4.5740   0.0000   0.0000   0.0000   0.0000;
317:  0.2480   0.5560   0.7670   0.9820   1.1910   1.4560   1.6700   1.9970   2.2080   2.4250   2.6460   2.9820   3.2060   3.4320   3.6560   3.8800   4.1190   4.3400   4.5740   4.8910   0.0000   0.0000   0.0000;
318:  0.2480   0.5570   0.7680   0.9830   1.1920   1.4570   1.6710   1.9980   2.2090   2.4260   2.6470   2.9820   3.2060   3.4330   3.6550   3.8800   4.1200   4.3400   4.5730   4.8870   0.0000   0.0000   0.0000;
319:  0.2480   0.5580   0.7690   0.9840   1.1930   1.4580   1.6720   1.9990   2.2090   2.4270   2.6480   2.9830   3.2060   3.4330   3.6550   3.8810   4.1200   4.3400   4.5730   4.8840   0.0000   0.0000   0.0000;
320:  0.2480   0.5580   0.7700   0.9850   1.1940   1.4590   1.6730   2.0000   2.2090   2.4280   2.6490   2.9830   3.2060   3.4330   3.6550   3.8810   4.1210   4.3410   4.5730   4.8800   5.1760   0.0000   0.0000;
321:  0.2480   0.5590   0.7710   0.9850   1.1950   1.4600   1.6740   2.0010   2.2100   2.4300   2.6510   2.9840   3.2060   3.4340   3.6550   3.8820   4.1210   4.3410   4.5720   4.8770   5.1780   0.0000   0.0000;
322:  0.2480   0.5600   0.7720   0.9860   1.1960   1.4610   1.6750   2.0010   2.2100   2.4310   2.6520   2.9840   3.2060   3.4340   3.6540   3.8840   4.1210   4.3410   4.5720   4.8740   5.1790   0.0000   0.0000;
323:  0.2480   0.5600   0.7730   0.9870   1.1970   1.4620   1.6760   2.0010   2.2110   2.4330   2.6530   2.9850   3.2060   3.4350   3.6550   3.8840   4.1210   4.3420   4.5720   4.8710   5.1800   0.0000   0.0000;
324:  0.2480   0.5610   0.7730   0.9870   1.1980   1.4630   1.6770   2.0020   2.2110   2.4340   2.6530   2.9850   3.2060   3.4350   3.6550   3.8850   4.1210   4.3420   4.5720   4.8690   5.1820   0.0000   0.0000;
325:  0.2480   0.5610   0.7740   0.9870   1.1980   1.4640   1.6780   2.0020   2.2120   2.4350   2.6540   2.9850   3.2060   3.4350   3.6550   3.8870   4.1210   4.3440   4.5710   4.8670   5.1840   0.0000   0.0000;
326:  0.2480   0.5620   0.7750   0.9880   1.1990   1.4650   1.6780   2.0020   2.2130   2.4370   2.6550   2.9860   3.2060   3.4350   3.6560   3.8880   4.1210   4.3450   4.5710   4.8660   5.1850   0.0000   0.0000;
327:  0.2480   0.5620   0.7750   0.9880   1.2000   1.4650   1.6790   2.0020   2.2130   2.4380   2.6560   2.9860   3.2060   3.4350   3.6560   3.8900   4.1210   4.3460   4.5710   4.8660   5.1870   0.0000   0.0000;
328:  0.2480   0.5630   0.7760   0.9890   1.2010   1.4660   1.6800   2.0020   2.2140   2.4400   2.6560   2.9860   3.2070   3.4350   3.6570   3.8910   4.1210   4.3480   4.5710   4.8650   5.1890   5.4560   0.0000;
329:  0.2480   0.5640   0.7770   0.9890   1.2020   1.4670   1.6810   2.0020   2.2140   2.4410   2.6570   2.9860   3.2070   3.4350   3.6570   3.8920   4.1210   4.3490   4.5710   4.8660   5.1900   5.4640   0.0000;
330:  0.2480   0.5640   0.7770   0.9900   1.2020   1.4670   1.6820   2.0020   2.2150   2.4420   2.6570   2.9870   3.2080   3.4350   3.6580   3.8930   4.1210   4.3510   4.5710   4.8660   5.1920   5.4720   0.0000;
331:  0.2480   0.5640   0.7780   0.9900   1.2030   1.4680   1.6820   2.0020   2.2150   2.4430   2.6570   2.9870   3.2080   3.4350   3.6590   3.8950   4.1200   4.3530   4.5710   4.8670   5.1940   5.4810   0.0000;
332:  0.2480   0.5650   0.7780   0.9910   1.2040   1.4690   1.6830   2.0020   2.2150   2.4440   2.6570   2.9870   3.2090   3.4340   3.6590   3.8960   4.1200   4.3550   4.5710   4.8690   5.1960   5.4900   5.9370;
333:  0.2480   0.5650   0.7790   0.9910   1.2050   1.4690   1.6830   2.0020   2.2160   2.4450   2.6570   2.9860   3.2090   3.4340   3.6600   3.8970   4.1190   4.3560   4.5720   4.8710   5.1980   5.4990   5.9420;
334:  0.2480   0.5650   0.7790   0.9920   1.2060   1.4690   1.6830   2.0020   2.2160   2.4450   2.6570   2.9860   3.2100   3.4350   3.6610   3.8980   4.1190   4.3580   4.5720   4.8740   5.1990   5.5080   5.9470;
335:  0.2480   0.5660   0.7800   0.9920   1.2060   1.4690   1.6830   2.0010   2.2160   2.4460   2.6570   2.9860   3.2100   3.4350   3.6620   3.8990   4.1180   4.3600   4.5740   4.8770   5.2000   5.5170   5.9520;
336:  0.2480   0.5660   0.7800   0.9930   1.2070   1.4690   1.6830   2.0010   2.2160   2.4460   2.6570   2.9850   3.2100   3.4350   3.6620   3.9000   4.1170   4.3610   4.5750   4.8800   5.2000   5.5250   5.9590;
337:  0.2470   0.5670   0.7800   0.9930   1.2070   1.4690   1.6830   2.0010   2.2160   2.4450   2.6560   2.9850   3.2110   3.4350   3.6620   3.9010   4.1160   4.3620   4.5760   4.8840   5.2010   5.5340   5.9660;
338:  0.2470   0.5670   0.7800   0.9930   1.2080   1.4690   1.6830   2.0000   2.2170   2.4450   2.6560   2.9850   3.2100   3.4350   3.6620   3.9020   4.1160   4.3630   4.5780   4.8870   5.2030   5.5420   5.9730;
339:  0.2470   0.5670   0.7810   0.9940   1.2090   1.4690   1.6830   2.0000   2.2170   2.4440   2.6550   2.9840   3.2100   3.4350   3.6620   3.9030   4.1150   4.3640   4.5780   4.8900   5.2040   5.5490   5.9810;
340:  0.2470   0.5670   0.7810   0.9940   1.2090   1.4690   1.6830   2.0000   2.2160   2.4440   2.6550   2.9840   3.2100   3.4350   3.6630   3.9040   4.1150   4.3650   4.5790   4.8930   5.2060   5.5560   5.9890;
341:  0.2470   0.5680   0.7810   0.9950   1.2090   1.4690   1.6830   1.9990   2.2160   2.4420   2.6540   2.9830   3.2090   3.4350   3.6630   3.9040   4.1150   4.3660   4.5800   4.8950   5.2070   5.5610   5.9980;
342:  0.2460   0.5680   0.7810   0.9950   1.2090   1.4690   1.6820   1.9990   2.2160   2.4410   2.6530   2.9830   3.2080   3.4350   3.6630   3.9050   4.1150   4.3660   4.5810   4.8980   5.2080   5.5660   6.0070;
343:  0.2460   0.5680   0.7810   0.9950   1.2090   1.4680   1.6820   1.9990   2.2150   2.4400   2.6520   2.9820   3.2070   3.4350   3.6630   3.9050   4.1150   4.3660   4.5820   4.9000   5.2090   5.5700   6.0180;
344:  0.2460   0.5680   0.7810   0.9960   1.2090   1.4680   1.6820   1.9980   2.2150   2.4380   2.6510   2.9820   3.2060   3.4350   3.6640   3.9060   4.1150   4.3660   4.5840   4.9010   5.2100   5.5720   6.0270;
345:  0.2460   0.5680   0.7800   0.9960   1.2090   1.4670   1.6810   1.9980   2.2140   2.4360   2.6500   2.9810   3.2050   3.4340   3.6640   3.9070   4.1150   4.3650   4.5850   4.9030   5.2110   5.5730   6.0360;
346:  0.2450   0.5680   0.7800   0.9960   1.2090   1.4670   1.6800   1.9980   2.2130   2.4350   2.6490   2.9800   3.2030   3.4340   3.6650   3.9060   4.1150   4.3650   4.5860   4.9040   5.2110   5.5740   6.0440;
347:  0.2450   0.5690   0.7800   0.9960   1.2090   1.4660   1.6800   1.9980   2.2120   2.4330   2.6480   2.9800   3.2020   3.4340   3.6650   3.9060   4.1140   4.3640   4.5870   4.9050   5.2120   5.5740   6.0520;
348:  0.2450   0.5690   0.7800   0.9960   1.2080   1.4650   1.6790   1.9980   2.2110   2.4310   2.6470   2.9790   3.2000   3.4330   3.6660   3.9060   4.1150   4.3640   4.5870   4.9060   5.2120   5.5750   6.0590;
349:  0.2440   0.5690   0.7800   0.9960   1.2080   1.4650   1.6780   1.9980   2.2100   2.4290   2.6460   2.9780   3.1980   3.4330   3.6660   3.9060   4.1150   4.3630   4.5880   4.9080   5.2120   5.5740   6.0660;
350:  0.2440   0.5690   0.7790   0.9960   1.2070   1.4640   1.6770   1.9980   2.2090   2.4270   2.6450   2.9770   3.1960   3.4320   3.6660   3.9060   4.1150   4.3630   4.5890   4.9090   5.2120   5.5740   6.0720;
351:  0.2440   0.5680   0.7790   0.9960   1.2070   1.4630   1.6760   1.9970   2.2080   2.4250   2.6440   2.9760   3.1940   3.4320   3.6660   3.9060   4.1150   4.3620   4.5900   4.9110   5.2130   5.5740   6.0770;
352:  0.2430   0.5680   0.7780   0.9960   1.2060   1.4620   1.6750   1.9970   2.2060   2.4240   2.6430   2.9750   3.1920   3.4310   3.6670   3.9060   4.1150   4.3620   4.5910   4.9130   5.2130   5.5750   6.0820;
353:  0.2430   0.5680   0.7780   0.9960   1.2050   1.4610   1.6730   1.9970   2.2050   2.4220   2.6410   2.9740   3.1910   3.4300   3.6660   3.9060   4.1150   4.3620   4.5930   4.9150   5.2150   5.5760   6.0860;
354:  0.2420   0.5680   0.7770   0.9950   1.2040   1.4600   1.6720   1.9960   2.2030   2.4200   2.6400   2.9730   3.1890   3.4290   3.6670   3.9060   4.1160   4.3620   4.5940   4.9160   5.2170   5.5790   0.0000;
355:  0.2420   0.5680   0.7770   0.9950   1.2040   1.4590   1.6710   1.9950   2.2010   2.4180   2.6380   2.9710   3.1870   3.4280   3.6670   3.9060   4.1170   4.3610   4.5950   4.9180   5.2180   5.5830   0.0000;
356:  0.2420   0.5680   0.7760   0.9950   1.2020   1.4580   1.6700   1.9950   2.1990   2.4170   2.6370   2.9700   3.1850   3.4270   3.6660   3.9060   4.1180   4.3610   4.5960   4.9200   5.2200   5.5870   0.0000;
357:  0.2410   0.5670   0.7750   0.9950   1.2010   1.4560   1.6680   1.9930   2.1970   2.4150   2.6350   2.9690   3.1840   3.4260   3.6660   3.9070   4.1190   4.3610   4.5980   4.9220   5.2210   5.5920   0.0000;
358:  0.2400   0.5670   0.7750   0.9950   1.2000   1.4550   1.6670   1.9920   2.1950   2.4130   2.6340   2.9670   3.1830   3.4250   3.6660   3.9060   4.1200   4.3620   4.5990   4.9240   5.2220   5.5980   0.0000;
359:  0.2400   0.5670   0.7740   0.9940   1.1990   1.4530   1.6650   1.9910   2.1940   2.4120   2.6320   2.9660   3.1820   3.4240   3.6660   3.9060   4.1200   4.3620   4.6010   4.9270   5.2220   5.6050   0.0000;
#AFTER_DB_V4;
000:  0.2400   0.5670   0.7730   0.9930   1.1980   1.4510   1.6640   1.9890   2.1920   2.4100   2.6300   2.9650   3.1810   3.4230   3.6650   3.9060   4.1200   4.3630   4.6030   4.9290   5.2230   5.6110   0.0000;
001:  0.2390   0.5660   0.7730   0.9930   1.1970   1.4490   1.6620   1.9870   2.1900   2.4080   2.6280   2.9630   3.1810   3.4220   3.6640   3.9060   4.1210   4.3630   4.6040   4.9310   5.2240   5.6170   0.0000;
002:  0.2380   0.5660   0.7720   0.9920   1.1950   1.4480   1.6610   1.9850   2.1880   2.4070   2.6260   2.9620   3.1800   3.4210   3.6630   3.9060   4.1220   4.3640   4.6050   4.9330   5.2260   5.6240   0.0000;
003:  0.2380   0.5650   0.7710   0.9920   1.1940   1.4460   1.6590   1.9830   2.1860   2.4050   2.6240   2.9610   3.1800   3.4200   3.6620   3.9070   4.1220   4.3650   4.6060   4.9360   5.2280   5.6300   0.0000;
004:  0.2380   0.5650   0.7700   0.9910   1.1930   1.4440   1.6580   1.9810   2.1840   2.4030   2.6220   2.9600   3.1800   3.4190   3.6600   3.9070   4.1220   4.3670   4.6070   4.9380   5.2300   5.6360   0.0000;
005:  0.2370   0.5640   0.7700   0.9900   1.1910   1.4420   1.6560   1.9780   2.1820   2.4020   2.6200   2.9580   3.1800   3.4180   3.6590   3.9070   4.1220   4.3680   4.6080   4.9400   5.2310   5.6410   0.0000;
006:  0.2360   0.5640   0.7690   0.9900   1.1900   1.4400   1.6550   1.9760   2.1800   2.4000   2.6170   2.9570   3.1800   3.4170   3.6580   3.9070   4.1220   4.3690   4.6080   4.9420   5.2330   5.6450   0.0000;
007:  0.2360   0.5630   0.7680   0.9890   1.1880   1.4380   1.6530   1.9730   2.1780   2.3980   2.6150   2.9560   3.1800   3.4160   3.6570   3.9070   4.1230   4.3710   4.6080   4.9440   5.2350   5.6480   0.0000;
008:  0.2350   0.5620   0.7670   0.9880   1.1870   1.4360   1.6510   1.9710   2.1750   2.3970   2.6130   2.9560   3.1800   3.4150   3.6560   3.9070   4.1240   4.3720   4.6090   4.9460   5.2380   5.6500   0.0000;
009:  0.2350   0.5620   0.7660   0.9870   1.1850   1.4350   1.6490   1.9690   2.1730   2.3950   2.6110   2.9550   3.1800   3.4150   3.6550   3.9070   4.1250   4.3730   4.6090   4.9490   5.2400   0.0000   0.0000;
010:  0.2340   0.5610   0.7650   0.9860   1.1840   1.4330   1.6480   1.9660   2.1710   2.3930   2.6090   2.9540   3.1800   3.4140   3.6550   3.9070   4.1250   4.3730   4.6100   4.9520   5.2420   0.0000   0.0000;
011:  0.2340   0.5600   0.7640   0.9850   1.1830   1.4310   1.6460   1.9640   2.1690   2.3910   2.6070   2.9540   3.1800   3.4130   3.6540   3.9070   4.1260   4.3740   4.6090   4.9540   5.2420   0.0000   0.0000;
012:  0.2330   0.5600   0.7640   0.9840   1.1820   1.4290   1.6440   1.9620   2.1660   2.3890   2.6050   2.9530   3.1800   3.4130   3.6530   3.9060   4.1260   4.3750   4.6080   4.9560   5.2430   0.0000   0.0000;
013:  0.2330   0.5590   0.7630   0.9830   1.1810   1.4270   1.6420   1.9600   2.1640   2.3880   2.6030   2.9520   3.1790   3.4120   3.6530   3.9060   4.1250   4.3760   4.6070   4.9590   5.2440   0.0000   0.0000;
014:  0.2320   0.5580   0.7620   0.9810   1.1800   1.4260   1.6400   1.9590   2.1620   2.3870   2.6020   2.9520   3.1790   3.4120   3.6520   3.9060   4.1250   4.3770   4.6070   4.9610   5.2450   0.0000   0.0000;
015:  0.2310   0.5570   0.7610   0.9800   1.1800   1.4240   1.6380   1.9570   2.1600   2.3850   2.6010   2.9510   3.1790   3.4110   3.6510   3.9060   4.1240   4.3780   4.6070   4.9630   5.2460   0.0000   0.0000;
016:  0.2310   0.5560   0.7600   0.9780   1.1790   1.4230   1.6350   1.9560   2.1580   2.3830   2.5990   2.9500   3.1780   3.4110   3.6520   3.9050   4.1240   4.3790   4.6070   4.9650   5.2470   0.0000   0.0000;
017:  0.2300   0.5560   0.7590   0.9760   1.1790   1.4210   1.6330   1.9550   2.1570   2.3820   2.5980   2.9490   3.1780   3.4100   3.6520   3.9050   4.1230   4.3800   4.6070   4.9660   5.2470   0.0000   0.0000;
018:  0.2300   0.5550   0.7580   0.9740   1.1780   1.4200   1.6310   1.9530   2.1550   2.3800   2.5970   2.9480   3.1780   3.4090   3.6520   3.9050   4.1230   4.3810   4.6080   4.9670   5.2480   0.0000   0.0000;
019:  0.2290   0.5540   0.7570   0.9720   1.1780   1.4180   1.6290   1.9520   2.1540   2.3780   2.5960   2.9470   3.1780   3.4080   3.6510   3.9050   4.1230   4.3820   4.6080   4.9670   5.2490   0.0000   0.0000;
020:  0.2290   0.5530   0.7560   0.9700   1.1780   1.4160   1.6260   1.9500   2.1520   2.3770   2.5950   2.9460   3.1770   3.4080   3.6510   3.9060   4.1230   4.3830   4.6080   4.9670   5.2500   0.0000   0.0000;
021:  0.2280   0.5520   0.7550   0.9670   1.1780   1.4150   1.6240   1.9490   2.1510   2.3760   2.5930   2.9450   3.1770   3.4070   3.6510   3.9060   4.1230   4.3840   4.6090   4.9660   5.2500   0.0000   0.0000;
022:  0.2280   0.5510   0.7550   0.9640   1.1780   1.4140   1.6220   1.9470   2.1500   2.3750   2.5920   2.9440   3.1760   3.4060   3.6500   3.9070   4.1220   4.3840   4.6090   4.9660   5.2500   0.0000   0.0000;
023:  0.2270   0.5500   0.7540   0.9620   1.1780   1.4120   1.6200   1.9450   2.1490   2.3740   2.5910   2.9430   3.1750   3.4050   3.6500   3.9070   4.1220   4.3840   4.6090   4.9640   5.2520   5.5950   0.0000;
024:  0.2270   0.5490   0.7530   0.9590   1.1780   1.4110   1.6170   1.9440   2.1480   2.3730   2.5900   2.9420   3.1750   3.4050   3.6500   3.9080   4.1220   4.3850   4.6090   4.9620   5.2520   5.5880   0.0000;
025:  0.2260   0.5480   0.7520   0.9560   1.1780   1.4100   1.6150   1.9420   2.1470   2.3720   2.5890   2.9420   3.1750   3.4040   3.6490   3.9080   4.1220   4.3850   4.6090   4.9600   5.2510   5.5810   0.0000;
026:  0.2250   0.5470   0.7510   0.9530   1.1780   1.4090   1.6130   1.9400   2.1460   2.3710   2.5890   2.9410   3.1740   3.4030   3.6490   3.9090   4.1220   4.3860   4.6080   4.9580   5.2480   5.5740   0.0000;
027:  0.2250   0.5470   0.7500   0.9500   1.1780   1.4070   1.6110   1.9390   2.1450   2.3710   2.5880   2.9400   3.1740   3.4030   3.6490   3.9090   4.1210   4.3850   4.6080   4.9560   5.2460   5.5660   0.0000;
028:  0.2240   0.5460   0.7490   0.9470   1.1780   1.4070   1.6090   1.9380   2.1440   2.3700   2.5870   2.9390   3.1730   3.4020   3.6490   3.9090   4.1200   4.3850   4.6070   4.9530   5.2410   5.5580   0.0000;
029:  0.2240   0.5450   0.7480   0.9450   1.1780   1.4050   1.6070   1.9360   2.1420   2.3690   2.5860   2.9380   3.1730   3.4010   3.6480   3.9090   4.1180   4.3850   4.6060   4.9500   5.2360   5.5490   0.0000;
030:  0.2230   0.5440   0.7470   0.9420   1.1780   1.4040   1.6060   1.9350   2.1410   2.3680   2.5850   2.9380   3.1730   3.4000   3.6470   3.9090   4.1160   4.3850   4.6040   4.9480   5.2310   5.5400   0.0000;
031:  0.2230   0.5430   0.7460   0.9400   1.1780   1.4030   1.6050   1.9340   2.1400   2.3670   2.5850   2.9380   3.1730   3.4000   3.6470   3.9080   4.1150   4.3840   4.6040   4.9460   5.2260   5.5310   0.0000;
032:  0.2220   0.5420   0.7450   0.9380   1.1780   1.4020   1.6030   1.9320   2.1380   2.3660   2.5840   2.9380   3.1730   3.3990   3.6470   3.9080   4.1140   4.3820   4.6040   4.9440   5.2200   5.5210   0.0000;
033:  0.2220   0.5410   0.7450   0.9360   1.1770   1.4010   1.6020   1.9310   2.1370   2.3650   2.5840   2.9370   3.1730   3.3980   3.6460   3.9070   4.1120   4.3810   4.6030   4.9420   5.2150   5.5100   0.0000;
034:  0.2220   0.5400   0.7440   0.9340   1.1760   1.4000   1.6000   1.9300   2.1360   2.3630   2.5830   2.9370   3.1730   3.3980   3.6460   3.9060   4.1110   4.3790   4.6010   4.9400   5.2080   5.4990   0.0000;
035:  0.2210   0.5400   0.7430   0.9320   1.1750   1.3990   1.5990   1.9280   2.1340   2.3620   2.5830   2.9370   3.1730   3.3970   3.6450   3.9040   4.1090   4.3770   4.6000   4.9400   5.2020   0.0000   0.0000;
036:  0.2200   0.5390   0.7420   0.9310   1.1740   1.3980   1.5980   1.9270   2.1330   2.3600   2.5830   2.9370   3.1730   3.3960   3.6440   3.9030   4.1080   4.3750   4.5990   4.9390   5.1960   0.0000   0.0000;
037:  0.2200   0.5380   0.7410   0.9300   1.1730   1.3970   1.5970   1.9260   2.1320   2.3590   2.5830   2.9370   3.1720   3.3950   3.6420   3.9020   4.1060   4.3720   4.5970   4.9390   5.1900   0.0000   0.0000;
038:  0.2200   0.5370   0.7400   0.9290   1.1710   1.3970   1.5960   1.9250   2.1300   2.3580   2.5820   2.9370   3.1720   3.3950   3.6420   3.8990   4.1040   4.3690   4.5950   4.9390   0.0000   0.0000   0.0000;
039:  0.2190   0.5370   0.7400   0.9280   1.1690   1.3960   1.5950   1.9240   2.1290   2.3560   2.5820   2.9370   3.1720   3.3940   3.6410   3.8960   4.1010   4.3670   4.5930   4.9400   0.0000   0.0000   0.0000;
040:  0.2190   0.5360   0.7390   0.9280   1.1670   1.3950   1.5950   1.9240   2.1280   2.3550   2.5820   2.9380   3.1730   3.3930   3.6400   3.8940   4.0990   4.3640   4.5900   0.0000   0.0000   0.0000   0.0000;
041:  0.2180   0.5350   0.7380   0.9270   1.1650   1.3950   1.5940   1.9220   2.1260   2.3550   2.5810   2.9380   3.1730   3.3920   3.6380   3.8920   4.0970   4.3610   4.5870   0.0000   0.0000   0.0000   0.0000;
042:  0.2180   0.5350   0.7370   0.9270   1.1620   1.3940   1.5940   1.9220   2.1250   2.3540   2.5810   2.9380   3.1730   3.3910   3.6370   3.8890   4.0960   4.3580   4.5840   0.0000   0.0000   0.0000   0.0000;
043:  0.2170   0.5340   0.7360   0.9270   1.1600   1.3940   1.5930   1.9210   2.1240   2.3540   2.5810   2.9390   3.1730   3.3910   3.6350   3.8860   4.0940   4.3540   4.5800   0.0000   0.0000   0.0000   0.0000;
044:  0.2170   0.5330   0.7360   0.9270   1.1580   1.3940   1.5930   1.9200   2.1240   2.3530   2.5810   2.9400   3.1740   3.3900   3.6330   3.8840   4.0930   4.3500   4.5750   0.0000   0.0000   0.0000   0.0000;
045:  0.2170   0.5330   0.7350   0.9270   1.1550   1.3930   1.5930   1.9200   2.1240   2.3530   2.5810   2.9400   3.1740   3.3890   3.6310   3.8820   4.0910   4.3470   4.5710   0.0000   0.0000   0.0000   0.0000;
046:  0.2160   0.5320   0.7340   0.9270   1.1530   1.3930   1.5930   1.9190   2.1240   2.3530   2.5800   2.9400   3.1730   3.3890   3.6290   3.8810   4.0890   4.3430   4.5650   0.0000   0.0000   0.0000   0.0000;
047:  0.2160   0.5320   0.7340   0.9260   1.1500   1.3920   1.5920   1.9190   2.1240   2.3530   2.5800   2.9410   3.1730   3.3880   3.6270   3.8790   4.0880   4.3390   4.5600   0.0000   0.0000   0.0000   0.0000;
048:  0.2160   0.5310   0.7330   0.9260   1.1470   1.3910   1.5920   1.9180   2.1250   2.3540   2.5790   2.9410   3.1730   3.3880   3.6250   3.8760   4.0860   4.3350   4.5540   0.0000   0.0000   0.0000   0.0000;
049:  0.2150   0.5310   0.7320   0.9260   1.1450   1.3900   1.5920   1.9180   2.1250   2.3550   2.5790   2.9420   3.1720   3.3870   3.6230   3.8740   4.0850   4.3310   4.5490   0.0000   0.0000   0.0000   0.0000;
050:  0.2150   0.5300   0.7320   0.9260   1.1430   1.3900   1.5910   1.9180   2.1260   2.3550   2.5780   2.9420   3.1720   3.3860   3.6210   3.8720   4.0840   4.3270   4.5430   0.0000   0.0000   0.0000   0.0000;
051:  0.2150   0.5300   0.7310   0.9260   1.1410   1.3890   1.5910   1.9180   2.1270   2.3560   2.5780   2.9420   3.1710   3.3860   3.6190   3.8700   4.0830   4.3240   4.5360   0.0000   0.0000   0.0000   0.0000;
052:  0.2140   0.5290   0.7310   0.9260   1.1390   1.3880   1.5910   1.9180   2.1280   2.3560   2.5770   2.9430   3.1700   3.3850   3.6170   3.8680   4.0810   4.3200   4.5300   0.0000   0.0000   0.0000   0.0000;
053:  0.2140   0.5290   0.7300   0.9250   1.1380   1.3870   1.5910   1.9180   2.1290   2.3570   2.5770   2.9440   3.1690   3.3840   3.6150   3.8660   4.0780   4.3150   4.5250   0.0000   0.0000   0.0000   0.0000;
054:  0.2130   0.5290   0.7300   0.9250   1.1360   1.3860   1.5900   1.9180   2.1300   2.3580   2.5770   2.9440   3.1680   3.3840   3.6130   3.8650   4.0760   4.3100   4.5190   0.0000   0.0000   0.0000   0.0000;
055:  0.2130   0.5280   0.7290   0.9250   1.1350   1.3850   1.5890   1.9190   2.1310   2.3600   2.5770   2.9440   3.1670   3.3830   3.6120   3.8630   4.0720   4.3040   4.5130   0.0000   0.0000   0.0000   0.0000;
056:  0.2130   0.5280   0.7290   0.9250   1.1340   1.3840   1.5890   1.9190   2.1310   2.3600   2.5770   2.9440   3.1660   3.3820   3.6110   3.8610   4.0690   4.2990   0.0000   0.0000   0.0000   0.0000   0.0000;
057:  0.2130   0.5280   0.7280   0.9240   1.1330   1.3840   1.5880   1.9200   2.1320   2.3610   2.5780   2.9450   3.1640   3.3810   3.6090   3.8590   4.0660   4.2940   0.0000   0.0000   0.0000   0.0000   0.0000;
058:  0.2120   0.5270   0.7280   0.9240   1.1320   1.3830   1.5870   1.9210   2.1330   2.3610   2.5790   2.9450   3.1620   3.3800   3.6080   3.8570   4.0640   4.2880   0.0000   0.0000   0.0000   0.0000   0.0000;
059:  0.2120   0.5270   0.7280   0.9230   1.1320   1.3820   1.5870   1.9210   2.1340   2.3610   2.5790   2.9450   3.1600   3.3790   3.6070   3.8550   4.0600   4.2820   0.0000   0.0000   0.0000   0.0000   0.0000;
060:  0.2120   0.5270   0.7270   0.9220   1.1310   1.3810   1.5860   1.9220   2.1350   2.3610   2.5800   2.9440   3.1580   3.3780   3.6050   3.8530   4.0570   4.2750   0.0000   0.0000   0.0000   0.0000   0.0000;
061:  0.2110   0.5270   0.7270   0.9220   1.1300   1.3800   1.5850   1.9230   2.1360   2.3610   2.5810   2.9440   3.1560   3.3770   3.6050   3.8510   4.0540   4.2680   0.0000   0.0000   0.0000   0.0000   0.0000;
062:  0.2110   0.5270   0.7270   0.9210   1.1300   1.3800   1.5840   1.9230   2.1370   2.3610   2.5820   2.9430   3.1550   3.3750   3.6040   3.8490   4.0510   4.2620   0.0000   0.0000   0.0000   0.0000   0.0000;
063:  0.2110   0.5260   0.7270   0.9210   1.1290   1.3790   1.5830   1.9240   2.1380   2.3610   2.5820   2.9420   3.1530   3.3740   3.6030   3.8460   4.0470   4.2550   0.0000   0.0000   0.0000   0.0000   0.0000;
064:  0.2110   0.5260   0.7260   0.9200   1.1290   1.3780   1.5820   1.9240   2.1390   2.3610   2.5830   2.9420   3.1510   3.3730   3.6020   3.8440   4.0440   4.2470   0.0000   0.0000   0.0000   0.0000   0.0000;
065:  0.2110   0.5260   0.7260   0.9200   1.1280   1.3780   1.5820   1.9240   2.1400   2.3610   2.5840   2.9420   3.1490   3.3710   3.6020   3.8420   4.0400   4.2400   0.0000   0.0000   0.0000   0.0000   0.0000;
066:  0.2110   0.5260   0.7260   0.9190   1.1280   1.3780   1.5810   1.9240   2.1400   2.3610   2.5850   2.9420   3.1480   3.3700   3.6010   3.8400   4.0370   4.2320   0.0000   0.0000   0.0000   0.0000   0.0000;
067:  0.2100   0.5260   0.7260   0.9190   1.1280   1.3780   1.5800   1.9240   2.1410   2.3620   2.5860   2.9410   3.1470   3.3690   3.6000   3.8380   4.0330   4.2250   0.0000   0.0000   0.0000   0.0000   0.0000;
068:  0.2100   0.5260   0.7260   0.9190   1.1280   1.3780   1.5800   1.9240   2.1410   2.3620   2.5870   2.9410   3.1450   3.3680   3.5990   3.8360   4.0300   4.2170   0.0000   0.0000   0.0000   0.0000   0.0000;
069:  0.2100   0.5260   0.7260   0.9180   1.1280   1.3780   1.5790   1.9240   2.1420   2.3630   2.5880   2.9400   3.1440   3.3670   3.5980   3.8340   4.0250   4.2100   0.0000   0.0000   0.0000   0.0000   0.0000;
070:  0.2100   0.5260   0.7260   0.9180   1.1280   1.3780   1.5790   1.9250   2.1420   2.3630   2.5890   2.9400   3.1420   3.3660   3.5980   3.8320   4.0210   4.2030   0.0000   0.0000   0.0000   0.0000   0.0000;
071:  0.2100   0.5260   0.7260   0.9180   1.1280   1.3780   1.5790   1.9250   2.1430   2.3640   2.5900   2.9400   3.1410   3.3650   3.5960   3.8300   4.0180   4.1970   0.0000   0.0000   0.0000   0.0000   0.0000;
072:  0.2100   0.5260   0.7260   0.9190   1.1280   1.3780   1.5790   1.9250   2.1440   2.3640   2.5910   2.9390   3.1400   3.3650   3.5960   3.8290   4.0140   4.1920   0.0000   0.0000   0.0000   0.0000   0.0000;
073:  0.2090   0.5260   0.7260   0.9190   1.1280   1.3780   1.5790   1.9250   2.1440   2.3640   2.5910   2.9390   3.1400   3.3640   3.5950   3.8280   4.0100   4.1880   0.0000   0.0000   0.0000   0.0000   0.0000;
074:  0.2090   0.5260   0.7260   0.9200   1.1290   1.3780   1.5790   1.9250   2.1450   2.3650   2.5920   2.9380   3.1390   3.3630   3.5950   3.8260   4.0060   4.1850   0.0000   0.0000   0.0000   0.0000   0.0000;
075:  0.2090   0.5260   0.7260   0.9200   1.1290   1.3780   1.5790   1.9260   2.1450   2.3650   2.5920   2.9380   3.1380   3.3630   3.5930   3.8240   4.0010   4.1840   0.0000   0.0000   0.0000   0.0000   0.0000;
076:  0.2090   0.5260   0.7260   0.9210   1.1290   1.3770   1.5790   1.9260   2.1450   2.3660   2.5930   2.9380   3.1380   3.3630   3.5930   3.8230   3.9960   4.1820   0.0000   0.0000   0.0000   0.0000   0.0000;
077:  0.2090   0.5260   0.7270   0.9210   1.1290   1.3780   1.5790   1.9270   2.1450   2.3660   2.5940   2.9380   3.1370   3.3630   3.5920   3.8220   3.9920   4.1810   0.0000   0.0000   0.0000   0.0000   0.0000;
078:  0.2090   0.5260   0.7270   0.9220   1.1290   1.3780   1.5800   1.9270   2.1460   2.3670   2.5940   2.9380   3.1370   3.3630   3.5910   3.8220   3.9870   0.0000   0.0000   0.0000   0.0000   0.0000   0.0000;
079:  0.2090   0.5260   0.7270   0.9220   1.1290   1.3780   1.5800   1.9280   2.1460   2.3680   2.5950   2.9380   3.1360   3.3620   3.5900   3.8230   3.9830   0.0000   0.0000   0.0000   0.0000   0.0000   0.0000;
080:  0.2090   0.5260   0.7270   0.9230   1.1290   1.3780   1.5800   1.9280   2.1460   2.3690   2.5960   2.9390   3.1360   3.3620   3.5890   3.8230   3.9800   0.0000   0.0000   0.0000   0.0000   0.0000   0.0000;
081:  0.2090   0.5260   0.7270   0.9240   1.1290   1.3780   1.5810   1.9290   2.1460   2.3690   2.5970   2.9390   3.1350   3.3620   3.5880   3.8240   3.9760   0.0000   0.0000   0.0000   0.0000   0.0000   0.0000;
082:  0.2090   0.5260   0.7270   0.9240   1.1290   1.3780   1.5810   1.9300   2.1460   2.3700   2.5980   2.9390   3.1350   3.3610   3.5870   3.8270   3.9740   0.0000   0.0000   0.0000   0.0000   0.0000   0.0000;
083:  0.2090   0.5270   0.7280   0.9250   1.1290   1.3790   1.5820   1.9310   2.1450   2.3710   2.5990   2.9390   3.1330   3.3610   3.5860   3.8290   3.9710   0.0000   0.0000   0.0000   0.0000   0.0000   0.0000;
084:  0.2090   0.5270   0.7280   0.9260   1.1290   1.3790   1.5820   1.9320   2.1450   2.3710   2.6000   2.9400   3.1330   3.3610   3.5860   3.8330   3.9690   0.0000   0.0000   0.0000   0.0000   0.0000   0.0000;
085:  0.2090   0.5270   0.7280   0.9260   1.1290   1.3800   1.5830   1.9340   2.1450   2.3720   2.6000   2.9400   3.1320   3.3610   3.5850   3.8380   3.9680   0.0000   0.0000   0.0000   0.0000   0.0000   0.0000;
086:  0.2100   0.5270   0.7290   0.9270   1.1300   1.3810   1.5840   1.9350   2.1450   2.3730   2.6010   2.9410   3.1310   3.3620   3.5840   3.8430   3.9680   0.0000   0.0000   0.0000   0.0000   0.0000   0.0000;
087:  0.2100   0.5270   0.7290   0.9280   1.1300   1.3810   1.5840   1.9360   2.1450   2.3740   2.6020   2.9420   3.1310   3.3620   3.5840   3.8490   0.0000   0.0000   0.0000   0.0000   0.0000   0.0000   0.0000;
088:  0.2100   0.5270   0.7290   0.9280   1.1300   1.3820   1.5850   1.9370   2.1460   2.3750   2.6030   2.9430   3.1300   3.3620   3.5840   3.8560   0.0000   0.0000   0.0000   0.0000   0.0000   0.0000   0.0000;
089:  0.2100   0.5280   0.7300   0.9290   1.1300   1.3830   1.5860   1.9380   2.1460   2.3750   2.6040   2.9440   3.1290   3.3620   3.5840   3.8640   0.0000   0.0000   0.0000   0.0000   0.0000   0.0000   0.0000;
090:  0.2100   0.5280   0.7300   0.9290   1.1300   1.3840   1.5870   1.9390   2.1470   2.3760   2.6050   2.9450   3.1290   3.3630   3.5840   3.8730   0.0000   0.0000   0.0000   0.0000   0.0000   0.0000   0.0000;
091:  0.2100   0.5280   0.7300   0.9300   1.1310   1.3840   1.5880   1.9400   2.1480   2.3780   2.6050   2.9450   3.1300   3.3640   3.5840   3.8810   0.0000   0.0000   0.0000   0.0000   0.0000   0.0000   0.0000;
092:  0.2100   0.5290   0.7310   0.9310   1.1310   1.3850   1.5890   1.9410   2.1480   2.3790   2.6060   2.9470   3.1300   3.3640   3.5840   3.8890   0.0000   0.0000   0.0000   0.0000   0.0000   0.0000   0.0000;
093:  0.2110   0.5290   0.7310   0.9310   1.1320   1.3860   1.5890   1.9430   2.1490   2.3800   2.6070   2.9480   3.1310   3.3650   3.5840   3.8980   0.0000   0.0000   0.0000   0.0000   0.0000   0.0000   0.0000;
094:  0.2110   0.5290   0.7310   0.9320   1.1320   1.3870   1.5910   1.9440   2.1500   2.3810   2.6070   2.9500   3.1320   3.3670   3.5840   3.9070   0.0000   0.0000   0.0000   0.0000   0.0000   0.0000   0.0000;
095:  0.2110   0.5290   0.7320   0.9320   1.1330   1.3870   1.5910   1.9450   2.1510   2.3820   2.6080   2.9510   3.1340   3.3680   3.5840   3.9170   0.0000   0.0000   0.0000   0.0000   0.0000   0.0000   0.0000;
096:  0.2110   0.5300   0.7320   0.9330   1.1340   1.3880   1.5930   1.9470   2.1520   2.3830   2.6090   2.9530   3.1350   3.3700   3.5850   3.9270   0.0000   0.0000   0.0000   0.0000   0.0000   0.0000   0.0000;
097:  0.2110   0.5300   0.7330   0.9330   1.1350   1.3890   1.5940   1.9490   2.1540   2.3840   2.6090   2.9550   3.1370   3.3720   3.5850   3.9360   0.0000   0.0000   0.0000   0.0000   0.0000   0.0000   0.0000;
098:  0.2120   0.5310   0.7330   0.9330   1.1360   1.3890   1.5950   1.9510   2.1550   2.3850   2.6100   2.9570   3.1400   3.3730   3.5860   3.9440   0.0000   0.0000   0.0000   0.0000   0.0000   0.0000   0.0000;
099:  0.2120   0.5310   0.7330   0.9340   1.1370   1.3900   1.5960   1.9530   2.1560   2.3860   2.6100   2.9590   3.1430   3.3760   3.5870   3.9530   0.0000   0.0000   0.0000   0.0000   0.0000   0.0000   0.0000;
100:  0.2120   0.5310   0.7340   0.9350   1.1380   1.3910   1.5970   1.9540   2.1570   2.3870   2.6110   2.9620   3.1460   3.3780   3.5870   0.0000   0.0000   0.0000   0.0000   0.0000   0.0000   0.0000   0.0000;
101:  0.2120   0.5320   0.7350   0.9350   1.1390   1.3930   1.5990   1.9560   2.1580   2.3890   2.6120   2.9640   3.1490   3.3810   3.5880   0.0000   0.0000   0.0000   0.0000   0.0000   0.0000   0.0000   0.0000;
102:  0.2130   0.5320   0.7350   0.9350   1.1400   1.3940   1.6000   1.9570   2.1600   2.3900   2.6120   2.9660   3.1530   3.3840   3.5900   0.0000   0.0000   0.0000   0.0000   0.0000   0.0000   0.0000   0.0000;
103:  0.2130   0.5320   0.7350   0.9360   1.1410   1.3950   1.6020   1.9580   2.1610   2.3910   2.6130   2.9680   3.1570   3.3860   3.5920   0.0000   0.0000   0.0000   0.0000   0.0000   0.0000   0.0000   0.0000;
104:  0.2130   0.5330   0.7360   0.9360   1.1420   1.3960   1.6040   1.9600   2.1620   2.3920   2.6140   2.9700   3.1610   3.3890   3.5940   0.0000   0.0000   0.0000   0.0000   0.0000   0.0000   0.0000   0.0000;
105:  0.2130   0.5330   0.7360   0.9370   1.1430   1.3980   1.6060   1.9610   2.1640   2.3930   2.6160   2.9720   3.1660   3.3910   3.5960   0.0000   0.0000   0.0000   0.0000   0.0000   0.0000   0.0000   0.0000;
106:  0.2140   0.5340   0.7370   0.9370   1.1440   1.3990   1.6080   1.9620   2.1650   2.3950   2.6170   2.9730   3.1710   3.3950   3.5990   0.0000   0.0000   0.0000   0.0000   0.0000   0.0000   0.0000   0.0000;
107:  0.2140   0.5340   0.7380   0.9380   1.1450   1.4010   1.6090   1.9630   2.1670   2.3960   2.6190   2.9750   3.1750   3.3990   3.6030   0.0000   0.0000   0.0000   0.0000   0.0000   0.0000   0.0000   0.0000;
108:  0.2140   0.5350   0.7380   0.9380   1.1460   1.4030   1.6110   1.9640   2.1690   2.3970   2.6200   2.9760   3.1800   3.4020   3.6070   0.0000   0.0000   0.0000   0.0000   0.0000   0.0000   0.0000   0.0000;
109:  0.2150   0.5350   0.7390   0.9390   1.1470   1.4050   1.6130   1.9640   2.1710   2.3980   2.6220   2.9780   3.1850   3.4060   3.6110   0.0000   0.0000   0.0000   0.0000   0.0000   0.0000   0.0000   0.0000;
110:  0.2150   0.5350   0.7390   0.9400   1.1480   1.4070   1.6150   1.9650   2.1720   2.3990   2.6240   2.9810   3.1900   3.4100   3.6150   0.0000   0.0000   0.0000   0.0000   0.0000   0.0000   0.0000   0.0000;
111:  0.2150   0.5360   0.7400   0.9400   1.1490   1.4090   1.6170   1.9660   2.1740   2.4010   2.6260   2.9830   3.1950   3.4140   3.6200   0.0000   0.0000   0.0000   0.0000   0.0000   0.0000   0.0000   0.0000;
112:  0.2150   0.5360   0.7400   0.9410   1.1500   1.4120   1.6190   1.9670   2.1760   2.4020   2.6290   2.9860   3.2000   3.4190   3.6250   0.0000   0.0000   0.0000   0.0000   0.0000   0.0000   0.0000   0.0000;
113:  0.2160   0.5370   0.7410   0.9420   1.1510   1.4140   1.6200   1.9670   2.1780   2.4040   2.6310   2.9880   3.2050   3.4240   3.6300   0.0000   0.0000   0.0000   0.0000   0.0000   0.0000   0.0000   0.0000;
114:  0.2160   0.5370   0.7420   0.9430   1.1520   1.4160   1.6220   1.9680   2.1800   2.4060   2.6340   2.9910   3.2100   3.4290   3.6350   0.0000   0.0000   0.0000   0.0000   0.0000   0.0000   0.0000   0.0000;
115:  0.2160   0.5380   0.7420   0.9440   1.1540   1.4180   1.6240   1.9690   2.1810   2.4080   2.6360   2.9950   3.2150   3.4350   3.6400   0.0000   0.0000   0.0000   0.0000   0.0000   0.0000   0.0000   0.0000;
116:  0.2160   0.5380   0.7430   0.9450   1.1550   1.4200   1.6250   1.9700   2.1830   2.4100   2.6390   2.9980   3.2210   3.4410   3.6460   0.0000   0.0000   0.0000   0.0000   0.0000   0.0000   0.0000   0.0000;
117:  0.2170   0.5390   0.7440   0.9460   1.1570   1.4220   1.6270   1.9710   2.1850   2.4120   2.6420   3.0010   3.2270   3.4470   3.6530   0.0000   0.0000   0.0000   0.0000   0.0000   0.0000   0.0000   0.0000;
118:  0.2170   0.5390   0.7440   0.9470   1.1580   1.4240   1.6290   1.9730   2.1870   2.4150   2.6450   3.0050   3.2320   3.4540   3.6600   0.0000   0.0000   0.0000   0.0000   0.0000   0.0000   0.0000   0.0000;
119:  0.2170   0.5400   0.7450   0.9490   1.1600   1.4260   1.6310   1.9740   2.1890   2.4170   2.6480   3.0090   3.2380   3.4610   3.6670   0.0000   0.0000   0.0000   0.0000   0.0000   0.0000   0.0000   0.0000;
120:  0.2180   0.5400   0.7460   0.9500   1.1620   1.4280   1.6330   1.9750   2.1920   2.4200   2.6510   3.0130   3.2440   3.4680   3.6750   0.0000   0.0000   0.0000   0.0000   0.0000   0.0000   0.0000   0.0000;
121:  0.2180   0.5410   0.7470   0.9510   1.1640   1.4300   1.6340   1.9770   2.1940   2.4220   2.6540   3.0180   3.2490   3.4750   3.6820   0.0000   0.0000   0.0000   0.0000   0.0000   0.0000   0.0000   0.0000;
122:  0.2180   0.5410   0.7470   0.9520   1.1650   1.4310   1.6360   1.9790   2.1960   2.4250   2.6580   3.0230   3.2540   3.4820   3.6900   0.0000   0.0000   0.0000   0.0000   0.0000   0.0000   0.0000   0.0000;
123:  0.2180   0.5420   0.7480   0.9530   1.1670   1.4330   1.6380   1.9820   2.1990   2.4280   2.6610   3.0280   3.2600   3.4900   3.6990   0.0000   0.0000   0.0000   0.0000   0.0000   0.0000   0.0000   0.0000;
124:  0.2180   0.5420   0.7490   0.9550   1.1690   1.4350   1.6400   1.9840   2.2010   2.4300   2.6650   3.0330   3.2650   3.4980   3.7070   0.0000   0.0000   0.0000   0.0000   0.0000   0.0000   0.0000   0.0000;
125:  0.2190   0.5430   0.7500   0.9560   1.1710   1.4360   1.6420   1.9860   2.2030   2.4330   2.6690   3.0380   3.2710   3.5060   3.7160   0.0000   0.0000   0.0000   0.0000   0.0000   0.0000   0.0000   0.0000;
126:  0.2190   0.5440   0.7500   0.9580   1.1730   1.4380   1.6440   1.9890   2.2050   2.4360   2.6730   3.0430   3.2760   3.5130   3.7260   0.0000   0.0000   0.0000   0.0000   0.0000   0.0000   0.0000   0.0000;
127:  0.2190   0.5440   0.7510   0.9590   1.1750   1.4390   1.6460   1.9910   2.2080   2.4400   2.6760   3.0480   3.2800   3.5200   3.7350   0.0000   0.0000   0.0000   0.0000   0.0000   0.0000   0.0000   0.0000;
128:  0.2200   0.5450   0.7520   0.9600   1.1770   1.4400   1.6490   1.9930   2.2100   2.4430   2.6800   3.0530   3.2850   3.5270   3.7440   0.0000   0.0000   0.0000   0.0000   0.0000   0.0000   0.0000   0.0000;
129:  0.2200   0.5450   0.7530   0.9620   1.1780   1.4420   1.6510   1.9960   2.2130   2.4470   2.6840   3.0560   3.2900   3.5350   3.7550   0.0000   0.0000   0.0000   0.0000   0.0000   0.0000   0.0000   0.0000;
130:  0.2200   0.5460   0.7540   0.9640   1.1800   1.4440   1.6530   1.9980   2.2160   2.4510   2.6870   3.0600   3.2950   3.5430   3.7650   0.0000   0.0000   0.0000   0.0000   0.0000   0.0000   0.0000   0.0000;
131:  0.2200   0.5470   0.7550   0.9650   1.1820   1.4450   1.6560   2.0010   2.2190   2.4550   2.6900   3.0640   3.2990   3.5510   3.7760   0.0000   0.0000   0.0000   0.0000   0.0000   0.0000   0.0000   0.0000;
132:  0.2200   0.5470   0.7550   0.9670   1.1840   1.4470   1.6590   2.0040   2.2220   2.4580   2.6940   3.0670   3.3040   3.5580   3.7860   0.0000   0.0000   0.0000   0.0000   0.0000   0.0000   0.0000   0.0000;
133:  0.2210   0.5480   0.7560   0.9680   1.1850   1.4490   1.6610   2.0060   2.2250   2.4620   2.6970   3.0710   3.3080   3.5650   3.7980   0.0000   0.0000   0.0000   0.0000   0.0000   0.0000   0.0000   0.0000;
134:  0.2210   0.5490   0.7570   0.9700   1.1870   1.4510   1.6640   2.0090   2.2290   2.4650   2.7000   3.0740   3.3130   3.5710   3.8080   0.0000   0.0000   0.0000   0.0000   0.0000   0.0000   0.0000   0.0000;
135:  0.2210   0.5490   0.7580   0.9710   1.1880   1.4520   1.6670   2.0110   2.2320   2.4690   2.7030   3.0770   3.3170   3.5780   3.8190   0.0000   0.0000   0.0000   0.0000   0.0000   0.0000   0.0000   0.0000;
136:  0.2210   0.5500   0.7580   0.9730   1.1890   1.4540   1.6690   2.0140   2.2360   2.4720   2.7060   3.0810   3.3210   3.5840   3.8290   0.0000   0.0000   0.0000   0.0000   0.0000   0.0000   0.0000   0.0000;
137:  0.2220   0.5510   0.7590   0.9750   1.1910   1.4560   1.6720   2.0160   2.2390   2.4760   2.7090   3.0840   3.3240   3.5910   3.8390   0.0000   0.0000   0.0000   0.0000   0.0000   0.0000   0.0000   0.0000;
138:  0.2220   0.5510   0.7600   0.9760   1.1920   1.4580   1.6750   2.0190   2.2420   2.4790   2.7110   3.0870   3.3280   3.5970   3.8480   0.0000   0.0000   0.0000   0.0000   0.0000   0.0000   0.0000   0.0000;
139:  0.2220   0.5520   0.7610   0.9780   1.1930   1.4600   1.6780   2.0220   2.2460   2.4820   2.7140   3.0900   3.3320   3.6040   3.8570   0.0000   0.0000   0.0000   0.0000   0.0000   0.0000   0.0000   0.0000;
140:  0.2220   0.5520   0.7620   0.9800   1.1940   1.4620   1.6800   2.0250   2.2490   2.4850   2.7160   3.0930   3.3360   3.6100   3.8660   0.0000   0.0000   0.0000   0.0000   0.0000   0.0000   0.0000   0.0000;
141:  0.2220   0.5530   0.7620   0.9810   1.1950   1.4640   1.6830   2.0270   2.2520   2.4890   2.7190   3.0960   3.3400   3.6160   3.8750   0.0000   0.0000   0.0000   0.0000   0.0000   0.0000   0.0000   0.0000;
142:  0.2220   0.5540   0.7630   0.9830   1.1960   1.4660   1.6860   2.0300   2.2560   2.4920   2.7210   3.1000   3.3440   3.6220   3.8840   0.0000   0.0000   0.0000   0.0000   0.0000   0.0000   0.0000   0.0000;
143:  0.2220   0.5540   0.7640   0.9840   1.1970   1.4670   1.6880   2.0330   2.2590   2.4950   2.7240   3.1030   3.3490   3.6270   3.8920   4.1800   0.0000   0.0000   0.0000   0.0000   0.0000   0.0000   0.0000;
144:  0.2230   0.5550   0.7640   0.9860   1.1970   1.4690   1.6910   2.0350   2.2620   2.4980   2.7260   3.1070   3.3530   3.6310   3.9000   4.1870   0.0000   0.0000   0.0000   0.0000   0.0000   0.0000   0.0000;
145:  0.2230   0.5550   0.7650   0.9870   1.1980   1.4710   1.6940   2.0380   2.2650   2.5000   2.7290   3.1100   3.3560   3.6370   3.9080   4.1950   4.3220   0.0000   0.0000   0.0000   0.0000   0.0000   0.0000;
146:  0.2230   0.5560   0.7660   0.9880   1.1990   1.4730   1.6960   2.0400   2.2680   2.5020   2.7310   3.1140   3.3610   3.6420   3.9160   4.2020   4.3350   0.0000   0.0000   0.0000   0.0000   0.0000   0.0000;
147:  0.2230   0.5560   0.7660   0.9900   1.2000   1.4750   1.6980   2.0430   2.2710   2.5050   2.7340   3.1170   3.3650   3.6480   3.9240   4.2100   4.3490   0.0000   0.0000   0.0000   0.0000   0.0000   0.0000;
148:  0.2230   0.5570   0.7670   0.9910   1.2000   1.4760   1.7010   2.0460   2.2740   2.5070   2.7360   3.1210   3.3690   3.6540   3.9320   4.2180   4.3640   0.0000   0.0000   0.0000   0.0000   0.0000   0.0000;
149:  0.2230   0.5570   0.7680   0.9920   1.2010   1.4780   1.7030   2.0490   2.2760   2.5090   2.7390   3.1240   3.3730   3.6590   3.9390   4.2270   4.3790   0.0000   0.0000   0.0000   0.0000   0.0000   0.0000;
150:  0.2240   0.5580   0.7680   0.9930   1.2020   1.4800   1.7060   2.0510   2.2780   2.5120   2.7420   3.1280   3.3780   3.6640   3.9460   4.2350   4.3950   0.0000   0.0000   0.0000   0.0000   0.0000   0.0000;
151:  0.2240   0.5580   0.7690   0.9940   1.2030   1.4810   1.7080   2.0530   2.2810   2.5140   2.7440   3.1310   3.3820   3.6690   3.9530   4.2440   4.4110   0.0000   0.0000   0.0000   0.0000   0.0000   0.0000;
152:  0.2240   0.5580   0.7690   0.9950   1.2040   1.4830   1.7100   2.0560   2.2830   2.5160   2.7470   3.1350   3.3860   3.6740   3.9600   4.2530   4.4270   0.0000   0.0000   0.0000   0.0000   0.0000   0.0000;
153:  0.2240   0.5590   0.7700   0.9960   1.2040   1.4840   1.7130   2.0580   2.2850   2.5190   2.7490   3.1390   3.3900   3.6780   3.9660   4.2620   4.4450   0.0000   0.0000   0.0000   0.0000   0.0000   0.0000;
154:  0.2240   0.5590   0.7700   0.9970   1.2060   1.4850   1.7150   2.0600   2.2870   2.5210   2.7510   3.1420   3.3940   3.6820   3.9730   4.2720   4.4640   0.0000   0.0000   0.0000   0.0000   0.0000   0.0000;
155:  0.2240   0.5590   0.7710   0.9970   1.2070   1.4870   1.7170   2.0620   2.2890   2.5240   2.7530   3.1460   3.3980   3.6860   3.9780   4.2820   4.4830   0.0000   0.0000   0.0000   0.0000   0.0000   0.0000;
156:  0.2240   0.5600   0.7710   0.9980   1.2080   1.4880   1.7200   2.0640   2.2910   2.5260   2.7550   3.1500   3.4010   3.6900   3.9840   4.2930   4.5020   0.0000   0.0000   0.0000   0.0000   0.0000   0.0000;
157:  0.2250   0.5600   0.7710   0.9980   1.2090   1.4890   1.7220   2.0660   2.2930   2.5290   2.7570   3.1530   3.4050   3.6940   3.9890   4.3030   4.5220   0.0000   0.0000   0.0000   0.0000   0.0000   0.0000;
158:  0.2250   0.5600   0.7710   0.9980   1.2110   1.4900   1.7240   2.0680   2.2950   2.5310   2.7590   3.1560   3.4080   3.6970   3.9940   4.3130   4.5410   0.0000   0.0000   0.0000   0.0000   0.0000   0.0000;
159:  0.2250   0.5600   0.7720   0.9990   1.2120   1.4910   1.7260   2.0690   2.2980   2.5340   2.7610   3.1600   3.4110   3.7000   3.9980   4.3240   4.5600   0.0000   0.0000   0.0000   0.0000   0.0000   0.0000;
160:  0.2250   0.5600   0.7720   0.9990   1.2130   1.4920   1.7280   2.0710   2.3000   2.5360   2.7630   3.1620   3.4130   3.7030   4.0030   4.3350   4.5780   0.0000   0.0000   0.0000   0.0000   0.0000   0.0000;
161:  0.2250   0.5600   0.7720   1.0000   1.2150   1.4930   1.7290   2.0720   2.3010   2.5380   2.7650   3.1650   3.4160   3.7060   4.0080   4.3470   4.5970   0.0000   0.0000   0.0000   0.0000   0.0000   0.0000;
162:  0.2250   0.5610   0.7730   1.0000   1.2160   1.4940   1.7310   2.0740   2.3040   2.5410   2.7680   3.1670   3.4180   3.7100   4.0120   4.3570   4.6140   0.0000   0.0000   0.0000   0.0000   0.0000   0.0000;
163:  0.2250   0.5610   0.7730   1.0000   1.2170   1.4950   1.7330   2.0750   2.3050   2.5430   2.7700   3.1700   3.4210   3.7130   4.0160   4.3670   4.6300   0.0000   0.0000   0.0000   0.0000   0.0000   0.0000;
164:  0.2250   0.5610   0.7730   1.0000   1.2190   1.4960   1.7340   2.0770   2.3070   2.5450   2.7730   3.1720   3.4230   3.7150   4.0200   4.3770   4.6450   0.0000   0.0000   0.0000   0.0000   0.0000   0.0000;
165:  0.2260   0.5610   0.7730   1.0000   1.2200   1.4970   1.7350   2.0780   2.3090   2.5480   2.7760   3.1730   3.4250   3.7170   4.0240   4.3870   4.6590   0.0000   0.0000   0.0000   0.0000   0.0000   0.0000;
166:  0.2260   0.5610   0.7730   1.0000   1.2210   1.4970   1.7360   2.0800   2.3110   2.5500   2.7790   3.1750   3.4280   3.7190   4.0280   4.3960   4.6740   0.0000   0.0000   0.0000   0.0000   0.0000   0.0000;
167:  0.2260   0.5610   0.7730   1.0000   1.2220   1.4980   1.7360   2.0810   2.3120   2.5520   2.7820   3.1760   3.4290   3.7200   4.0310   4.4060   4.6870   0.0000   0.0000   0.0000   0.0000   0.0000   0.0000;
168:  0.2260   0.5610   0.7730   1.0000   1.2230   1.4990   1.7370   2.0830   2.3140   2.5540   2.7850   3.1770   3.4310   3.7220   4.0330   4.4150   4.7000   4.9130   0.0000   0.0000   0.0000   0.0000   0.0000;
169:  0.2260   0.5610   0.7730   0.9990   1.2240   1.5000   1.7370   2.0840   2.3150   2.5560   2.7880   3.1780   3.4340   3.7240   4.0350   4.4230   4.7130   4.9190   0.0000   0.0000   0.0000   0.0000   0.0000;
170:  0.2270   0.5610   0.7730   0.9990   1.2240   1.5000   1.7380   2.0850   2.3160   2.5580   2.7910   3.1790   3.4360   3.7260   4.0370   4.4300   4.7260   4.9240   0.0000   0.0000   0.0000   0.0000   0.0000;
171:  0.2270   0.5600   0.7730   0.9990   1.2250   1.5010   1.7380   2.0870   2.3180   2.5600   2.7940   3.1800   3.4370   3.7290   4.0390   4.4370   4.7390   4.9290   0.0000   0.0000   0.0000   0.0000   0.0000;
172:  0.2270   0.5600   0.7730   0.9980   1.2250   1.5020   1.7380   2.0880   2.3190   2.5610   2.7960   3.1810   3.4380   3.7300   4.0400   4.4430   4.7520   4.9330   0.0000   0.0000   0.0000   0.0000   0.0000;
173:  0.2270   0.5600   0.7730   0.9980   1.2250   1.5020   1.7380   2.0900   2.3210   2.5630   2.8000   3.1810   3.4400   3.7320   4.0410   4.4480   4.7620   4.9360   0.0000   0.0000   0.0000   0.0000   0.0000;
174:  0.2270   0.5600   0.7730   0.9980   1.2250   1.5030   1.7380   2.0910   2.3220   2.5640   2.8020   3.1820   3.4420   3.7340   4.0420   4.4510   4.7710   4.9380   0.0000   0.0000   0.0000   0.0000   0.0000;
175:  0.2270   0.5600   0.7730   0.9970   1.2250   1.5040   1.7380   2.0920   2.3230   2.5650   2.8050   3.1820   3.4430   3.7350   4.0430   4.4520   4.7800   4.9390   0.0000   0.0000   0.0000   0.0000   0.0000;
176:  0.2280   0.5600   0.7730   0.9970   1.2250   1.5040   1.7380   2.0930   2.3240   2.5660   2.8070   3.1830   3.4440   3.7360   4.0430   4.4530   4.7880   4.9400   0.0000   0.0000   0.0000   0.0000   0.0000;
177:  0.2280   0.5590   0.7730   0.9970   1.2250   1.5050   1.7380   2.0940   2.3250   2.5670   2.8080   3.1840   3.4450   3.7360   4.0440   4.4530   4.7950   0.0000   0.0000   0.0000   0.0000   0.0000   0.0000;
178:  0.2280   0.5590   0.7730   0.9960   1.2250   1.5050   1.7380   2.0950   2.3250   2.5670   2.8100   3.1840   3.4460   3.7360   4.0430   4.4510   4.8000   0.0000   0.0000   0.0000   0.0000   0.0000   0.0000;
179:  0.2280   0.5590   0.7720   0.9960   1.2250   1.5050   1.7380   2.0950   2.3260   2.5680   2.8110   3.1850   3.4470   3.7360   4.0420   4.4470   4.8050   0.0000   0.0000   0.0000   0.0000   0.0000   0.0000;
180:  0.2280   0.5590   0.7720   0.9960   1.2240   1.5060   1.7380   2.0960   2.3260   2.5680   2.8120   3.1860   3.4470   3.7360   4.0400   4.4410   4.8080   0.0000   0.0000   0.0000   0.0000   0.0000   0.0000;
181:  0.2290   0.5580   0.7720   0.9960   1.2240   1.5060   1.7380   2.0960   2.3270   2.5680   2.8130   3.1870   3.4470   3.7350   4.0390   4.4340   4.8100   0.0000   0.0000   0.0000   0.0000   0.0000   0.0000;
182:  0.2290   0.5580   0.7720   0.9950   1.2230   1.5060   1.7380   2.0960   2.3260   2.5670   2.8130   3.1880   3.4470   3.7340   4.0370   4.4260   4.8110   0.0000   0.0000   0.0000   0.0000   0.0000   0.0000;
183:  0.2290   0.5580   0.7720   0.9950   1.2230   1.5060   1.7380   2.0960   2.3260   2.5670   2.8130   3.1880   3.4460   3.7330   4.0340   4.4170   4.8120   0.0000   0.0000   0.0000   0.0000   0.0000   0.0000;
184:  0.2290   0.5570   0.7710   0.9950   1.2220   1.5060   1.7370   2.0960   2.3260   2.5660   2.8120   3.1890   3.4450   3.7320   4.0330   4.4070   4.8110   0.0000   0.0000   0.0000   0.0000   0.0000   0.0000;
185:  0.2290   0.5570   0.7710   0.9950   1.2220   1.5060   1.7370   2.0960   2.3250   2.5650   2.8110   3.1890   3.4440   3.7300   4.0310   4.3970   4.8090   0.0000   0.0000   0.0000   0.0000   0.0000   0.0000;
186:  0.2300   0.5570   0.7710   0.9950   1.2210   1.5060   1.7370   2.0950   2.3250   2.5640   2.8110   3.1900   3.4430   3.7280   4.0290   4.3860   4.8070   0.0000   0.0000   0.0000   0.0000   0.0000   0.0000;
187:  0.2300   0.5560   0.7710   0.9950   1.2200   1.5060   1.7370   2.0950   2.3240   2.5640   2.8100   3.1900   3.4420   3.7260   4.0270   4.3740   0.0000   0.0000   0.0000   0.0000   0.0000   0.0000   0.0000;
188:  0.2300   0.5560   0.7700   0.9950   1.2200   1.5050   1.7360   2.0940   2.3230   2.5620   2.8090   3.1900   3.4410   3.7240   4.0260   4.3610   0.0000   0.0000   0.0000   0.0000   0.0000   0.0000   0.0000;
189:  0.2300   0.5560   0.7700   0.9950   1.2190   1.5050   1.7360   2.0930   2.3220   2.5610   2.8080   3.1890   3.4390   3.7220   4.0250   4.3480   0.0000   0.0000   0.0000   0.0000   0.0000   0.0000   0.0000;
190:  0.2310   0.5550   0.7690   0.9940   1.2180   1.5050   1.7350   2.0910   2.3210   2.5600   2.8070   3.1880   3.4370   3.7200   4.0230   4.3350   0.0000   0.0000   0.0000   0.0000   0.0000   0.0000   0.0000;
191:  0.2310   0.5550   0.7690   0.9940   1.2170   1.5040   1.7350   2.0900   2.3200   2.5590   2.8050   3.1870   3.4360   3.7180   4.0210   0.0000   0.0000   0.0000   0.0000   0.0000   0.0000   0.0000   0.0000;
192:  0.2310   0.5540   0.7690   0.9930   1.2160   1.5030   1.7340   2.0880   2.3180   2.5570   2.8030   3.1860   3.4350   3.7160   4.0190   0.0000   0.0000   0.0000   0.0000   0.0000   0.0000   0.0000   0.0000;
193:  0.2310   0.5540   0.7680   0.9930   1.2150   1.5020   1.7330   2.0860   2.3170   2.5550   2.8000   3.1850   3.4330   3.7150   4.0160   0.0000   0.0000   0.0000   0.0000   0.0000   0.0000   0.0000   0.0000;
194:  0.2320   0.5530   0.7680   0.9920   1.2140   1.5010   1.7320   2.0850   2.3160   2.5540   2.7980   3.1840   3.4310   3.7130   4.0130   0.0000   0.0000   0.0000   0.0000   0.0000   0.0000   0.0000   0.0000;
195:  0.2320   0.5530   0.7670   0.9920   1.2130   1.5000   1.7310   2.0830   2.3140   2.5520   2.7950   3.1820   3.4290   3.7100   4.0100   0.0000   0.0000   0.0000   0.0000   0.0000   0.0000   0.0000   0.0000;
196:  0.2320   0.5520   0.7670   0.9910   1.2120   1.4990   1.7300   2.0810   2.3120   2.5500   2.7920   3.1800   3.4270   3.7080   4.0060   0.0000   0.0000   0.0000   0.0000   0.0000   0.0000   0.0000   0.0000;
197:  0.2320   0.5520   0.7660   0.9900   1.2110   1.4970   1.7280   2.0790   2.3110   2.5490   2.7890   3.1780   3.4250   3.7060   4.0020   0.0000   0.0000   0.0000   0.0000   0.0000   0.0000   0.0000   0.0000;
198:  0.2330   0.5510   0.7660   0.9890   1.2100   1.4960   1.7270   2.0780   2.3090   2.5470   2.7860   3.1750   3.4230   3.7030   3.9980   0.0000   0.0000   0.0000   0.0000   0.0000   0.0000   0.0000   0.0000;
199:  0.2330   0.5510   0.7650   0.9890   1.2090   1.4950   1.7250   2.0760   2.3080   2.5450   2.7820   3.1730   3.4210   3.7000   3.9940   0.0000   0.0000   0.0000   0.0000   0.0000   0.0000   0.0000   0.0000;
200:  0.2330   0.5500   0.7640   0.9880   1.2080   1.4930   1.7240   2.0740   2.3060   2.5440   2.7790   3.1700   3.4190   3.6960   3.9890   0.0000   0.0000   0.0000   0.0000   0.0000   0.0000   0.0000   0.0000;
201:  0.2330   0.5490   0.7640   0.9870   1.2070   1.4910   1.7220   2.0720   2.3040   2.5420   2.7760   3.1670   3.4160   3.6930   3.9850   0.0000   0.0000   0.0000   0.0000   0.0000   0.0000   0.0000   0.0000;
202:  0.2340   0.5490   0.7630   0.9860   1.2070   1.4900   1.7200   2.0700   2.3030   2.5400   2.7730   3.1640   3.4130   3.6890   3.9800   0.0000   0.0000   0.0000   0.0000   0.0000   0.0000   0.0000   0.0000;
203:  0.2340   0.5480   0.7620   0.9850   1.2060   1.4880   1.7180   2.0690   2.3010   2.5380   2.7700   3.1610   3.4110   3.6850   3.9740   0.0000   0.0000   0.0000   0.0000   0.0000   0.0000   0.0000   0.0000;
204:  0.2340   0.5480   0.7620   0.9840   1.2050   1.4870   1.7160   2.0670   2.3000   2.5360   2.7670   3.1580   3.4080   3.6800   3.9680   0.0000   0.0000   0.0000   0.0000   0.0000   0.0000   0.0000   0.0000;
205:  0.2350   0.5470   0.7610   0.9830   1.2040   1.4850   1.7140   2.0650   2.2980   2.5340   2.7640   3.1550   3.4050   3.6760   3.9610   0.0000   0.0000   0.0000   0.0000   0.0000   0.0000   0.0000   0.0000;
206:  0.2350   0.5460   0.7600   0.9820   1.2030   1.4830   1.7120   2.0640   2.2960   2.5320   2.7610   3.1510   3.4010   3.6710   3.9550   0.0000   0.0000   0.0000   0.0000   0.0000   0.0000   0.0000   0.0000;
207:  0.2350   0.5460   0.7600   0.9810   1.2020   1.4810   1.7100   2.0620   2.2940   2.5290   2.7580   3.1480   3.3980   3.6660   3.9470   0.0000   0.0000   0.0000   0.0000   0.0000   0.0000   0.0000   0.0000;
208:  0.2350   0.5450   0.7590   0.9800   1.2010   1.4790   1.7080   2.0610   2.2910   2.5270   2.7550   3.1450   3.3940   3.6600   3.9400   0.0000   0.0000   0.0000   0.0000   0.0000   0.0000   0.0000   0.0000;
209:  0.2350   0.5440   0.7580   0.9780   1.2000   1.4770   1.7050   2.0600   2.2890   2.5240   2.7520   3.1410   3.3900   3.6550   3.9320   0.0000   0.0000   0.0000   0.0000   0.0000   0.0000   0.0000   0.0000;
210:  0.2360   0.5440   0.7570   0.9770   1.2000   1.4750   1.7030   2.0580   2.2870   2.5220   2.7500   3.1370   3.3860   3.6490   3.9240   0.0000   0.0000   0.0000   0.0000   0.0000   0.0000   0.0000   0.0000;
211:  0.2360   0.5430   0.7560   0.9760   1.1990   1.4740   1.7000   2.0560   2.2840   2.5190   2.7470   3.1340   3.3820   3.6420   3.9160   0.0000   0.0000   0.0000   0.0000   0.0000   0.0000   0.0000   0.0000;
212:  0.2360   0.5430   0.7560   0.9750   1.1980   1.4720   1.6980   2.0540   2.2810   2.5160   2.7450   3.1300   3.3780   3.6350   3.9090   0.0000   0.0000   0.0000   0.0000   0.0000   0.0000   0.0000   0.0000;
213:  0.2360   0.5420   0.7550   0.9730   1.1970   1.4700   1.6960   2.0520   2.2790   2.5140   2.7430   3.1270   3.3740   3.6290   3.9010   0.0000   0.0000   0.0000   0.0000   0.0000   0.0000   0.0000   0.0000;
214:  0.2360   0.5410   0.7540   0.9720   1.1960   1.4680   1.6940   2.0500   2.2760   2.5110   2.7410   3.1230   3.3690   3.6230   3.8940   0.0000   0.0000   0.0000   0.0000   0.0000   0.0000   0.0000   0.0000;
215:  0.2370   0.5410   0.7530   0.9710   1.1960   1.4670   1.6910   2.0480   2.2730   2.5080   2.7380   3.1190   3.3640   3.6170   3.8870   0.0000   0.0000   0.0000   0.0000   0.0000   0.0000   0.0000   0.0000;
216:  0.2370   0.5400   0.7520   0.9690   1.1950   1.4650   1.6890   2.0470   2.2700   2.5050   2.7360   3.1160   3.3590   3.6100   3.8800   0.0000   0.0000   0.0000   0.0000   0.0000   0.0000   0.0000   0.0000;
217:  0.2370   0.5400   0.7510   0.9680   1.1930   1.4640   1.6870   2.0440   2.2680   2.5020   2.7340   3.1120   3.3550   3.6040   3.8740   0.0000   0.0000   0.0000   0.0000   0.0000   0.0000   0.0000   0.0000;
218:  0.2370   0.5390   0.7510   0.9670   1.1920   1.4620   1.6850   2.0420   2.2650   2.4990   2.7310   3.1090   3.3500   3.5970   3.8680   0.0000   0.0000   0.0000   0.0000   0.0000   0.0000   0.0000   0.0000;
219:  0.2380   0.5380   0.7500   0.9650   1.1910   1.4610   1.6840   2.0400   2.2620   2.4960   2.7290   3.1050   3.3450   3.5910   3.8620   4.0280   0.0000   0.0000   0.0000   0.0000   0.0000   0.0000   0.0000;
220:  0.2380   0.5380   0.7490   0.9640   1.1900   1.4600   1.6820   2.0370   2.2590   2.4930   2.7260   3.1010   3.3400   3.5840   3.8560   4.0230   0.0000   0.0000   0.0000   0.0000   0.0000   0.0000   0.0000;
221:  0.2380   0.5370   0.7480   0.9630   1.1890   1.4590   1.6800   2.0340   2.2560   2.4900   2.7240   3.0970   3.3350   3.5780   3.8490   4.0200   0.0000   0.0000   0.0000   0.0000   0.0000   0.0000   0.0000;
222:  0.2380   0.5360   0.7470   0.9620   1.1870   1.4570   1.6780   2.0310   2.2540   2.4870   2.7210   3.0930   3.3310   3.5720   3.8440   4.0170   0.0000   0.0000   0.0000   0.0000   0.0000   0.0000   0.0000;
223:  0.2380   0.5360   0.7470   0.9610   1.1860   1.4560   1.6760   2.0290   2.2510   2.4850   2.7180   3.0890   3.3270   3.5660   3.8380   4.0150   0.0000   0.0000   0.0000   0.0000   0.0000   0.0000   0.0000;
224:  0.2380   0.5350   0.7460   0.9590   1.1850   1.4550   1.6750   2.0260   2.2490   2.4820   2.7160   3.0850   3.3220   3.5610   3.8330   4.0140   0.0000   0.0000   0.0000   0.0000   0.0000   0.0000   0.0000;
225:  0.2390   0.5350   0.7450   0.9580   1.1840   1.4540   1.6730   2.0230   2.2460   2.4790   2.7140   3.0810   3.3180   3.5560   3.8290   4.0140   0.0000   0.0000   0.0000   0.0000   0.0000   0.0000   0.0000;
226:  0.2390   0.5340   0.7440   0.9570   1.1820   1.4530   1.6710   2.0200   2.2440   2.4770   2.7110   3.0770   3.3130   3.5510   3.8240   4.0140   0.0000   0.0000   0.0000   0.0000   0.0000   0.0000   0.0000;
227:  0.2390   0.5340   0.7440   0.9550   1.1810   1.4520   1.6700   2.0170   2.2420   2.4740   2.7090   3.0730   3.3100   3.5460   3.8200   4.0150   0.0000   0.0000   0.0000   0.0000   0.0000   0.0000   0.0000;
228:  0.2390   0.5330   0.7430   0.9550   1.1790   1.4500   1.6690   2.0150   2.2400   2.4720   2.7060   3.0700   3.3050   3.5420   3.8160   4.0160   0.0000   0.0000   0.0000   0.0000   0.0000   0.0000   0.0000;
229:  0.2390   0.5330   0.7420   0.9530   1.1780   1.4490   1.6670   2.0120   2.2380   2.4690   2.7040   3.0660   3.3020   3.5380   3.8120   4.0170   0.0000   0.0000   0.0000   0.0000   0.0000   0.0000   0.0000;
230:  0.2390   0.5320   0.7420   0.9520   1.1770   1.4470   1.6660   2.0090   2.2360   2.4670   2.7010   3.0620   3.2980   3.5340   3.8080   4.0180   0.0000   0.0000   0.0000   0.0000   0.0000   0.0000   0.0000;
231:  0.2400   0.5320   0.7410   0.9510   1.1750   1.4450   1.6650   2.0070   2.2350   2.4650   2.6990   3.0590   3.2950   3.5300   3.8040   4.0180   0.0000   0.0000   0.0000   0.0000   0.0000   0.0000   0.0000;
232:  0.2400   0.5310   0.7400   0.9500   1.1740   1.4440   1.6630   2.0040   2.2330   2.4620   2.6960   3.0550   3.2910   3.5270   3.8000   4.0180   0.0000   0.0000   0.0000   0.0000   0.0000   0.0000   0.0000;
233:  0.2400   0.5310   0.7400   0.9490   1.1730   1.4420   1.6620   2.0020   2.2320   2.4600   2.6940   3.0510   3.2880   3.5240   3.7970   4.0180   0.0000   0.0000   0.0000   0.0000   0.0000   0.0000   0.0000;
234:  0.2400   0.5310   0.7390   0.9480   1.1720   1.4400   1.6610   1.9990   2.2300   2.4580   2.6920   3.0470   3.2850   3.5210   3.7930   4.0180   0.0000   0.0000   0.0000   0.0000   0.0000   0.0000   0.0000;
235:  0.2400   0.5300   0.7380   0.9470   1.1700   1.4380   1.6590   1.9970   2.2280   2.4560   2.6900   3.0440   3.2820   3.5180   3.7890   4.0170   0.0000   0.0000   0.0000   0.0000   0.0000   0.0000   0.0000;
236:  0.2400   0.5300   0.7380   0.9460   1.1690   1.4360   1.6580   1.9950   2.2270   2.4540   2.6880   3.0400   3.2790   3.5150   3.7850   4.0150   0.0000   0.0000   0.0000   0.0000   0.0000   0.0000   0.0000;
237:  0.2400   0.5290   0.7370   0.9450   1.1680   1.4340   1.6560   1.9930   2.2250   2.4520   2.6860   3.0360   3.2760   3.5110   3.7820   4.0120   0.0000   0.0000   0.0000   0.0000   0.0000   0.0000   0.0000;
238:  0.2400   0.5290   0.7370   0.9440   1.1670   1.4320   1.6550   1.9910   2.2240   2.4500   2.6830   3.0320   3.2730   3.5080   3.7780   4.0090   0.0000   0.0000   0.0000   0.0000   0.0000   0.0000   0.0000;
239:  0.2400   0.5280   0.7360   0.9430   1.1660   1.4300   1.6530   1.9890   2.2220   2.4480   2.6810   3.0280   3.2710   3.5040   3.7750   4.0050   4.2760   0.0000   0.0000   0.0000   0.0000   0.0000   0.0000;
240:  0.2400   0.5280   0.7360   0.9420   1.1650   1.4290   1.6520   1.9880   2.2210   2.4460   2.6780   3.0240   3.2680   3.5010   3.7710   4.0020   4.2690   0.0000   0.0000   0.0000   0.0000   0.0000   0.0000;
241:  0.2400   0.5280   0.7360   0.9410   1.1640   1.4270   1.6510   1.9860   2.2200   2.4440   2.6760   3.0200   3.2650   3.4980   3.7680   3.9980   4.2620   0.0000   0.0000   0.0000   0.0000   0.0000   0.0000;
242:  0.2400   0.5270   0.7350   0.9410   1.1630   1.4260   1.6490   1.9850   2.2180   2.4420   2.6740   3.0160   3.2630   3.4940   3.7640   3.9940   4.2560   0.0000   0.0000   0.0000   0.0000   0.0000   0.0000;
243:  0.2400   0.5270   0.7350   0.9400   1.1620   1.4240   1.6480   1.9830   2.2160   2.4400   2.6720   3.0130   3.2600   3.4910   3.7600   3.9900   4.2510   0.0000   0.0000   0.0000   0.0000   0.0000   0.0000;
244:  0.2410   0.5270   0.7350   0.9400   1.1610   1.4230   1.6470   1.9820   2.2150   2.4380   2.6690   3.0090   3.2560   3.4870   3.7560   3.9860   4.2460   0.0000   0.0000   0.0000   0.0000   0.0000   0.0000;
245:  0.2410   0.5260   0.7340   0.9390   1.1600   1.4220   1.6460   1.9810   2.2140   2.4360   2.6670   3.0060   3.2540   3.4830   3.7530   3.9830   4.2420   0.0000   0.0000   0.0000   0.0000   0.0000   0.0000;
246:  0.2410   0.5260   0.7340   0.9390   1.1590   1.4210   1.6450   1.9790   2.2120   2.4340   2.6640   3.0020   3.2510   3.4790   3.7490   3.9800   4.2380   0.0000   0.0000   0.0000   0.0000   0.0000   0.0000;
247:  0.2410   0.5260   0.7340   0.9390   1.1580   1.4200   1.6440   1.9780   2.2110   2.4330   2.6620   2.9990   3.2480   3.4750   3.7460   3.9760   4.2340   0.0000   0.0000   0.0000   0.0000   0.0000   0.0000;
248:  0.2410   0.5250   0.7330   0.9380   1.1560   1.4190   1.6430   1.9770   2.2090   2.4310   2.6600   2.9960   3.2440   3.4720   3.7420   3.9720   4.2310   0.0000   0.0000   0.0000   0.0000   0.0000   0.0000;
249:  0.2410   0.5250   0.7330   0.9380   1.1560   1.4180   1.6420   1.9760   2.2070   2.4290   2.6570   2.9930   3.2410   3.4680   3.7380   3.9680   4.2280   0.0000   0.0000   0.0000   0.0000   0.0000   0.0000;
250:  0.2410   0.5250   0.7330   0.9380   1.1550   1.4180   1.6410   1.9760   2.2050   2.4270   2.6550   2.9900   3.2380   3.4640   3.7350   3.9660   4.2250   0.0000   0.0000   0.0000   0.0000   0.0000   0.0000;
251:  0.2410   0.5250   0.7330   0.9380   1.1540   1.4170   1.6410   1.9750   2.2040   2.4250   2.6530   2.9880   3.2350   3.4610   3.7310   3.9630   4.2230   0.0000   0.0000   0.0000   0.0000   0.0000   0.0000;
252:  0.2410   0.5250   0.7330   0.9370   1.1530   1.4160   1.6400   1.9740   2.2020   2.4240   2.6510   2.9850   3.2320   3.4580   3.7280   3.9600   4.2200   0.0000   0.0000   0.0000   0.0000   0.0000   0.0000;
253:  0.2410   0.5240   0.7330   0.9370   1.1520   1.4150   1.6390   1.9730   2.2010   2.4220   2.6480   2.9830   3.2290   3.4550   3.7250   3.9580   4.2170   0.0000   0.0000   0.0000   0.0000   0.0000   0.0000;
254:  0.2410   0.5240   0.7330   0.9370   1.1510   1.4150   1.6380   1.9730   2.1990   2.4200   2.6460   2.9810   3.2260   3.4520   3.7220   3.9550   4.2150   0.0000   0.0000   0.0000   0.0000   0.0000   0.0000;
255:  0.2410   0.5240   0.7330   0.9370   1.1510   1.4140   1.6380   1.9720   2.1980   2.4180   2.6440   2.9800   3.2230   3.4490   3.7190   3.9520   4.2130   0.0000   0.0000   0.0000   0.0000   0.0000   0.0000;
256:  0.2410   0.5240   0.7330   0.9370   1.1500   1.4130   1.6370   1.9720   2.1960   2.4160   2.6430   2.9780   3.2210   3.4470   3.7150   3.9500   4.2110   0.0000   0.0000   0.0000   0.0000   0.0000   0.0000;
257:  0.2410   0.5240   0.7330   0.9370   1.1500   1.4130   1.6360   1.9710   2.1950   2.4150   2.6410   2.9770   3.2180   3.4450   3.7120   3.9470   4.2090   0.0000   0.0000   0.0000   0.0000   0.0000   0.0000;
258:  0.2410   0.5240   0.7330   0.9370   1.1490   1.4120   1.6360   1.9710   2.1930   2.4130   2.6400   2.9760   3.2160   3.4440   3.7080   3.9440   4.2070   0.0000   0.0000   0.0000   0.0000   0.0000   0.0000;
259:  0.2410   0.5240   0.7330   0.9370   1.1490   1.4110   1.6350   1.9710   2.1920   2.4110   2.6380   2.9750   3.2130   3.4430   3.7060   3.9400   4.2050   0.0000   0.0000   0.0000   0.0000   0.0000   0.0000;
260:  0.2410   0.5240   0.7330   0.9370   1.1480   1.4100   1.6340   1.9710   2.1900   2.4100   2.6370   2.9740   3.2110   3.4410   3.7030   3.9380   4.2030   0.0000   0.0000   0.0000   0.0000   0.0000   0.0000;
261:  0.2410   0.5240   0.7330   0.9370   1.1480   1.4090   1.6330   1.9710   2.1890   2.4090   2.6360   2.9730   3.2100   3.4390   3.7000   3.9350   4.2020   0.0000   0.0000   0.0000   0.0000   0.0000   0.0000;
262:  0.2410   0.5240   0.7330   0.9370   1.1480   1.4080   1.6320   1.9710   2.1870   2.4080   2.6350   2.9720   3.2080   3.4370   3.6970   3.9320   4.1990   0.0000   0.0000   0.0000   0.0000   0.0000   0.0000;
263:  0.2410   0.5240   0.7330   0.9370   1.1480   1.4080   1.6310   1.9710   2.1860   2.4070   2.6340   2.9710   3.2070   3.4360   3.6950   3.9290   4.1970   4.3370   0.0000   0.0000   0.0000   0.0000   0.0000;
264:  0.2410   0.5240   0.7330   0.9380   1.1480   1.4080   1.6310   1.9710   2.1850   2.4060   2.6330   2.9700   3.2060   3.4350   3.6910   3.9260   4.1950   4.3360   0.0000   0.0000   0.0000   0.0000   0.0000;
265:  0.2410   0.5240   0.7330   0.9380   1.1480   1.4070   1.6300   1.9700   2.1840   2.4050   2.6320   2.9690   3.2050   3.4340   3.6890   3.9230   4.1930   4.3340   0.0000   0.0000   0.0000   0.0000   0.0000;
266:  0.2410   0.5250   0.7340   0.9380   1.1480   1.4070   1.6290   1.9700   2.1840   2.4040   2.6320   2.9680   3.2040   3.4340   3.6860   3.9200   4.1920   4.3330   0.0000   0.0000   0.0000   0.0000   0.0000;
267:  0.2410   0.5250   0.7340   0.9380   1.1480   1.4070   1.6290   1.9700   2.1830   2.4040   2.6310   2.9680   3.2030   3.4320   3.6840   3.9170   4.1900   4.3330   0.0000   0.0000   0.0000   0.0000   0.0000;
268:  0.2410   0.5250   0.7340   0.9380   1.1480   1.4070   1.6290   1.9690   2.1830   2.4040   2.6310   2.9670   3.2020   3.4310   3.6820   3.9150   4.1890   4.3350   0.0000   0.0000   0.0000   0.0000   0.0000;
269:  0.2410   0.5250   0.7350   0.9380   1.1480   1.4070   1.6290   1.9690   2.1820   2.4030   2.6300   2.9670   3.2020   3.4310   3.6800   3.9130   4.1870   4.3360   0.0000   0.0000   0.0000   0.0000   0.0000;
270:  0.2420   0.5250   0.7350   0.9390   1.1490   1.4080   1.6290   1.9680   2.1820   2.4030   2.6300   2.9670   3.2010   3.4300   3.6780   3.9110   4.1860   4.3390   0.0000   0.0000   0.0000   0.0000   0.0000;
271:  0.2420   0.5260   0.7350   0.9390   1.1490   1.4080   1.6290   1.9680   2.1820   2.4030   2.6300   2.9670   3.2000   3.4290   3.6760   3.9080   4.1840   4.3430   0.0000   0.0000   0.0000   0.0000   0.0000;
272:  0.2420   0.5260   0.7360   0.9400   1.1500   1.4090   1.6290   1.9670   2.1820   2.4030   2.6300   2.9660   3.2000   3.4270   3.6740   3.9050   4.1820   4.3460   0.0000   0.0000   0.0000   0.0000   0.0000;
273:  0.2420   0.5260   0.7360   0.9400   1.1500   1.4100   1.6300   1.9670   2.1820   2.4040   2.6290   2.9660   3.1990   3.4260   3.6720   3.9030   4.1800   4.3490   0.0000   0.0000   0.0000   0.0000   0.0000;
274:  0.2420   0.5270   0.7360   0.9400   1.1510   1.4110   1.6310   1.9660   2.1820   2.4040   2.6290   2.9660   3.1990   3.4250   3.6700   3.9000   4.1780   4.3520   4.4870   0.0000   0.0000   0.0000   0.0000;
275:  0.2420   0.5270   0.7370   0.9410   1.1520   1.4110   1.6310   1.9650   2.1820   2.4040   2.6290   2.9650   3.1990   3.4240   3.6690   3.8970   4.1760   4.3550   4.4930   0.0000   0.0000   0.0000   0.0000;
276:  0.2420   0.5270   0.7380   0.9420   1.1530   1.4130   1.6320   1.9650   2.1820   2.4050   2.6280   2.9650   3.1990   3.4230   3.6690   3.8950   4.1740   4.3580   4.5000   0.0000   0.0000   0.0000   0.0000;
277:  0.2420   0.5280   0.7380   0.9420   1.1540   1.4140   1.6330   1.9640   2.1820   2.4050   2.6280   2.9650   3.1990   3.4210   3.6680   3.8930   4.1710   4.3610   4.5080   0.0000   0.0000   0.0000   0.0000;
278:  0.2420   0.5280   0.7380   0.9440   1.1550   1.4150   1.6340   1.9640   2.1830   2.4050   2.6280   2.9660   3.1990   3.4190   3.6670   3.8910   4.1690   4.3640   4.5160   0.0000   0.0000   0.0000   0.0000;
279:  0.2420   0.5290   0.7390   0.9440   1.1560   1.4160   1.6350   1.9640   2.1830   2.4050   2.6280   2.9660   3.1990   3.4180   3.6660   3.8880   4.1670   4.3660   4.5240   0.0000   0.0000   0.0000   0.0000;
280:  0.2420   0.5290   0.7400   0.9450   1.1570   1.4170   1.6350   1.9630   2.1830   2.4050   2.6280   2.9660   3.1990   3.4180   3.6650   3.8860   4.1650   4.3670   4.5330   0.0000   0.0000   0.0000   0.0000;
281:  0.2420   0.5300   0.7400   0.9460   1.1580   1.4180   1.6360   1.9640   2.1840   2.4050   2.6270   2.9660   3.1990   3.4170   3.6640   3.8840   4.1630   4.3680   4.5430   0.0000   0.0000   0.0000   0.0000;
282:  0.2420   0.5300   0.7410   0.9480   1.1600   1.4190   1.6370   1.9640   2.1840   2.4050   2.6270   2.9670   3.1990   3.4170   3.6640   3.8820   4.1610   4.3690   4.5520   0.0000   0.0000   0.0000   0.0000;
283:  0.2420   0.5310   0.7410   0.9490   1.1610   1.4200   1.6380   1.9640   2.1850   2.4050   2.6270   2.9670   3.1990   3.4170   3.6630   3.8800   4.1600   4.3690   4.5610   0.0000   0.0000   0.0000   0.0000;
284:  0.2430   0.5310   0.7420   0.9500   1.1620   1.4210   1.6380   1.9650   2.1850   2.4060   2.6270   2.9670   3.2000   3.4160   3.6620   3.8780   4.1580   4.3680   4.5700   0.0000   0.0000   0.0000   0.0000;
285:  0.2430   0.5320   0.7430   0.9510   1.1630   1.4220   1.6390   1.9650   2.1850   2.4060   2.6280   2.9680   3.2000   3.4150   3.6620   3.8760   4.1560   4.3680   4.5780   0.0000   0.0000   0.0000   0.0000;
286:  0.2430   0.5320   0.7430   0.9530   1.1640   1.4230   1.6400   1.9660   2.1850   2.4070   2.6280   2.9680   3.2000   3.4140   3.6610   3.8740   4.1550   4.3670   4.5860   0.0000   0.0000   0.0000   0.0000;
287:  0.2430   0.5330   0.7440   0.9540   1.1650   1.4240   1.6400   1.9660   2.1850   2.4070   2.6280   2.9690   3.2010   3.4140   3.6610   3.8730   4.1530   4.3660   4.5930   0.0000   0.0000   0.0000   0.0000;
288:  0.2430   0.5340   0.7450   0.9550   1.1660   1.4250   1.6410   1.9670   2.1860   2.4070   2.6280   2.9690   3.2010   3.4140   3.6600   3.8720   4.1510   4.3640   4.5990   0.0000   0.0000   0.0000   0.0000;
289:  0.2430   0.5340   0.7450   0.9560   1.1670   1.4260   1.6420   1.9680   2.1860   2.4080   2.6290   2.9690   3.2010   3.4140   3.6590   3.8710   4.1480   4.3630   4.6040   0.0000   0.0000   0.0000   0.0000;
290:  0.2440   0.5350   0.7460   0.9570   1.1680   1.4270   1.6430   1.9690   2.1870   2.4080   2.6290   2.9700   3.2020   3.4140   3.6590   3.8720   4.1460   4.3600   4.6070   0.0000   0.0000   0.0000   0.0000;
291:  0.2440   0.5360   0.7470   0.9580   1.1690   1.4280   1.6440   1.9690   2.1870   2.4080   2.6300   2.9700   3.2020   3.4150   3.6590   3.8720   4.1440   4.3580   4.6100   0.0000   0.0000   0.0000   0.0000;
292:  0.2440   0.5360   0.7470   0.9600   1.1700   1.4280   1.6450   1.9700   2.1880   2.4080   2.6300   2.9710   3.2020   3.4150   3.6580   3.8720   4.1420   4.3570   4.6110   0.0000   0.0000   0.0000   0.0000;
293:  0.2440   0.5370   0.7480   0.9610   1.1710   1.4290   1.6460   1.9710   2.1890   2.4090   2.6310   2.9710   3.2020   3.4160   3.6580   3.8720   4.1410   4.3560   4.6110   0.0000   0.0000   0.0000   0.0000;
294:  0.2440   0.5380   0.7490   0.9610   1.1710   1.4310   1.6470   1.9720   2.1900   2.4090   2.6310   2.9710   3.2020   3.4160   3.6580   3.8720   4.1390   4.3550   4.6090   0.0000   0.0000   0.0000   0.0000;
295:  0.2440   0.5380   0.7490   0.9620   1.1720   1.4320   1.6490   1.9730   2.1910   2.4100   2.6310   2.9710   3.2030   3.4170   3.6580   3.8720   4.1370   4.3540   4.6080   0.0000   0.0000   0.0000   0.0000;
296:  0.2440   0.5390   0.7500   0.9630   1.1730   1.4330   1.6500   1.9730   2.1910   2.4110   2.6310   2.9710   3.2030   3.4180   3.6570   3.8720   4.1350   4.3520   4.6060   0.0000   0.0000   0.0000   0.0000;
297:  0.2450   0.5400   0.7510   0.9640   1.1740   1.4340   1.6510   1.9740   2.1920   2.4110   2.6310   2.9710   3.2030   3.4190   3.6570   3.8720   4.1330   4.3500   4.6040   0.0000   0.0000   0.0000   0.0000;
298:  0.2450   0.5410   0.7520   0.9640   1.1750   1.4350   1.6530   1.9750   2.1930   2.4120   2.6310   2.9710   3.2030   3.4200   3.6570   3.8730   4.1310   4.3480   4.6020   0.0000   0.0000   0.0000   0.0000;
299:  0.2450   0.5410   0.7530   0.9650   1.1760   1.4360   1.6540   1.9760   2.1940   2.4130   2.6320   2.9710   3.2040   3.4200   3.6570   3.8740   4.1290   4.3470   4.6000   0.0000   0.0000   0.0000   0.0000;
300:  0.2450   0.5420   0.7530   0.9660   1.1770   1.4380   1.6550   1.9770   2.1960   2.4130   2.6320   2.9710   3.2040   3.4220   3.6570   3.8750   4.1270   4.3460   4.5970   0.0000   0.0000   0.0000   0.0000;
301:  0.2450   0.5430   0.7540   0.9670   1.1780   1.4390   1.6570   1.9780   2.1970   2.4130   2.6320   2.9710   3.2040   3.4220   3.6580   3.8750   4.1250   4.3450   4.5940   0.0000   0.0000   0.0000   0.0000;
302:  0.2450   0.5440   0.7550   0.9680   1.1780   1.4400   1.6580   1.9790   2.1980   2.4140   2.6320   2.9720   3.2040   3.4220   3.6580   3.8760   4.1240   4.3440   4.5920   0.0000   0.0000   0.0000   0.0000;
303:  0.2450   0.5450   0.7560   0.9690   1.1790   1.4410   1.6590   1.9800   2.2000   2.4140   2.6330   2.9720   3.2040   3.4230   3.6590   3.8760   4.1220   4.3440   4.5890   0.0000   0.0000   0.0000   0.0000;
304:  0.2460   0.5450   0.7560   0.9700   1.1800   1.4420   1.6600   1.9810   2.2010   2.4150   2.6330   2.9730   3.2040   3.4230   3.6590   3.8770   4.1210   4.3440   4.5870   0.0000   0.0000   0.0000   0.0000;
305:  0.2460   0.5460   0.7570   0.9710   1.1810   1.4430   1.6610   1.9820   2.2020   2.4150   2.6330   2.9730   3.2040   3.4240   3.6600   3.8770   4.1200   4.3430   4.5840   0.0000   0.0000   0.0000   0.0000;
306:  0.2460   0.5470   0.7580   0.9720   1.1820   1.4440   1.6620   1.9830   2.2030   2.4160   2.6340   2.9730   3.2050   3.4250   3.6600   3.8780   4.1190   4.3420   4.5820   0.0000   0.0000   0.0000   0.0000;
307:  0.2460   0.5480   0.7590   0.9730   1.1830   1.4460   1.6630   1.9850   2.2040   2.4160   2.6350   2.9740   3.2050   3.4260   3.6600   3.8780   4.1190   4.3420   4.5800   0.0000   0.0000   0.0000   0.0000;
308:  0.2460   0.5490   0.7600   0.9740   1.1840   1.4470   1.6640   1.9860   2.2040   2.4170   2.6350   2.9750   3.2050   3.4270   3.6600   3.8780   4.1180   4.3420   4.5780   0.0000   0.0000   0.0000   0.0000;
309:  0.2470   0.5500   0.7610   0.9750   1.1850   1.4480   1.6640   1.9870   2.2050   2.4180   2.6360   2.9760   3.2050   3.4280   3.6600   3.8780   4.1180   4.3420   4.5770   0.0000   0.0000   0.0000   0.0000;
310:  0.2470   0.5510   0.7620   0.9760   1.1860   1.4490   1.6650   1.9890   2.2060   2.4180   2.6370   2.9760   3.2060   3.4280   3.6590   3.8780   4.1180   4.3410   4.5760   0.0000   0.0000   0.0000   0.0000;
311:  0.2470   0.5510   0.7620   0.9770   1.1860   1.4500   1.6650   1.9900   2.2060   2.4190   2.6380   2.9770   3.2060   3.4290   3.6590   3.8780   4.1180   4.3400   4.5760   0.0000   0.0000   0.0000   0.0000;
312:  0.2470   0.5520   0.7630   0.9780   1.1870   1.4510   1.6660   1.9910   2.2060   2.4200   2.6390   2.9780   3.2060   3.4300   3.6580   3.8780   4.1180   4.3400   4.5750   0.0000   0.0000   0.0000   0.0000;
313:  0.2470   0.5530   0.7640   0.9790   1.1880   1.4520   1.6670   1.9930   2.2070   2.4210   2.6400   2.9790   3.2060   3.4310   3.6580   3.8780   4.1180   4.3400   4.5750   0.0000   0.0000   0.0000   0.0000;
314:  0.2470   0.5540   0.7650   0.9800   1.1890   1.4530   1.6670   1.9940   2.2070   2.4220   2.6420   2.9800   3.2060   3.4310   3.6570   3.8790   4.1180   4.3400   4.5750   0.0000   0.0000   0.0000   0.0000;
315:  0.2470   0.5550   0.7660   0.9810   1.1890   1.4540   1.6680   1.9950   2.2070   2.4230   2.6430   2.9800   3.2060   3.4310   3.6570   3.8800   4.1180   4.3400   4.5740   0.0000   0.0000   0.0000   0.0000;
316:  0.2480   0.5550   0.7670   0.9820   1.1910   1.4550   1.6690   1.9960   2.2080   2.4240   2.6450   2.9810   3.2060   3.4320   3.6560   3.8800   4.1190   4.3400   4.5740   0.0000   0.0000   0.0000   0.0000;
317:  0.2480   0.5560   0.7670   0.9820   1.1910   1.4560   1.6700   1.9970   2.2080   2.4250   2.6460   2.9820   3.2060   3.4320   3.6560   3.8800   4.1190   4.3400   4.5740   4.8910   0.0000   0.0000   0.0000;
318:  0.2480   0.5570   0.7680   0.9830   1.1920   1.4570   1.6710   1.9980   2.2090   2.4260   2.6470   2.9820   3.2060   3.4330   3.6550   3.8800   4.1200   4.3400   4.5730   4.8870   0.0000   0.0000   0.0000;
319:  0.2480   0.5580   0.7690   0.9840   1.1930   1.4580   1.6720   1.9990   2.2090   2.4270   2.6480   2.9830   3.2060   3.4330   3.6550   3.8810   4.1200   4.3400   4.5730   4.8840   0.0000   0.0000   0.0000;
320:  0.2480   0.5580   0.7700   0.9850   1.1940   1.4590   1.6730   2.0000   2.2090   2.4280   2.6490   2.9830   3.2060   3.4330   3.6550   3.8810   4.1210   4.3410   4.5730   4.8800   5.1760   0.0000   0.0000;
321:  0.2480   0.5590   0.7710   0.9850   1.1950   1.4600   1.6740   2.0010   2.2100   2.4300   2.6510   2.9840   3.2060   3.4340   3.6550   3.8820   4.1210   4.3410   4.5720   4.8770   5.1780   0.0000   0.0000;
322:  0.2480   0.5600   0.7720   0.9860   1.1960   1.4610   1.6750   2.0010   2.2100   2.4310   2.6520   2.9840   3.2060   3.4340   3.6540   3.8840   4.1210   4.3410   4.5720   4.8740   5.1790   0.0000   0.0000;
323:  0.2480   0.5600   0.7730   0.9870   1.1970   1.4620   1.6760   2.0010   2.2110   2.4330   2.6530   2.9850   3.2060   3.4350   3.6550   3.8840   4.1210   4.3420   4.5720   4.8710   5.1800   0.0000   0.0000;
324:  0.2480   0.5610   0.7730   0.9870   1.1980   1.4630   1.6770   2.0020   2.2110   2.4340   2.6530   2.9850   3.2060   3.4350   3.6550   3.8850   4.1210   4.3420   4.5720   4.8690   5.1820   0.0000   0.0000;
325:  0.2480   0.5610   0.7740   0.9870   1.1980   1.4640   1.6780   2.0020   2.2120   2.4350   2.6540   2.9850   3.2060   3.4350   3.6550   3.8870   4.1210   4.3440   4.5710   4.8670   5.1840   0.0000   0.0000;
326:  0.2480   0.5620   0.7750   0.9880   1.1990   1.4650   1.6780   2.0020   2.2130   2.4370   2.6550   2.9860   3.2060   3.4350   3.6560   3.8880   4.1210   4.3450   4.5710   4.8660   5.1850   0.0000   0.0000;
327:  0.2480   0.5620   0.7750   0.9880   1.2000   1.4650   1.6790   2.0020   2.2130   2.4380   2.6560   2.9860   3.2060   3.4350   3.6560   3.8900   4.1210   4.3460   4.5710   4.8660   5.1870   0.0000   0.0000;
328:  0.2480   0.5630   0.7760   0.9890   1.2010   1.4660   1.6800   2.0020   2.2140   2.4400   2.6560   2.9860   3.2070   3.4350   3.6570   3.8910   4.1210   4.3480   4.5710   4.8650   5.1890   5.4560   0.0000;
329:  0.2480   0.5640   0.7770   0.9890   1.2020   1.4670   1.6810   2.0020   2.2140   2.4410   2.6570   2.9860   3.2070   3.4350   3.6570   3.8920   4.1210   4.3490   4.5710   4.8660   5.1900   5.4640   0.0000;
330:  0.2480   0.5640   0.7770   0.9900   1.2020   1.4670   1.6820   2.0020   2.2150   2.4420   2.6570   2.9870   3.2080   3.4350   3.6580   3.8930   4.1210   4.3510   4.5710   4.8660   5.1920   5.4720   0.0000;
331:  0.2480   0.5640   0.7780   0.9900   1.2030   1.4680   1.6820   2.0020   2.2150   2.4430   2.6570   2.9870   3.2080   3.4350   3.6590   3.8950   4.1200   4.3530   4.5710   4.8670   5.1940   5.4810   0.0000;
332:  0.2480   0.5650   0.7780   0.9910   1.2040   1.4690   1.6830   2.0020   2.2150   2.4440   2.6570   2.9870   3.2090   3.4340   3.6590   3.8960   4.1200   4.3550   4.5710   4.8690   5.1960   5.4900   5.9370;
333:  0.2480   0.5650   0.7790   0.9910   1.2050   1.4690   1.6830   2.0020   2.2160   2.4450   2.6570   2.9860   3.2090   3.4340   3.6600   3.8970   4.1190   4.3560   4.5720   4.8710   5.1980   5.4990   5.9420;
334:  0.2480   0.5650   0.7790   0.9920   1.2060   1.4690   1.6830   2.0020   2.2160   2.4450   2.6570   2.9860   3.2100   3.4350   3.6610   3.8980   4.1190   4.3580   4.5720   4.8740   5.1990   5.5080   5.9470;
335:  0.2480   0.5660   0.7800   0.9920   1.2060   1.4690   1.6830   2.0010   2.2160   2.4460   2.6570   2.9860   3.2100   3.4350   3.6620   3.8990   4.1180   4.3600   4.5740   4.8770   5.2000   5.5170   5.9520;
336:  0.2480   0.5660   0.7800   0.9930   1.2070   1.4690   1.6830   2.0010   2.2160   2.4460   2.6570   2.9850   3.2100   3.4350   3.6620   3.9000   4.1170   4.3610   4.5750   4.8800   5.2000   5.5250   5.9590;
337:  0.2470   0.5670   0.7800   0.9930   1.2070   1.4690   1.6830   2.0010   2.2160   2.4450   2.6560   2.9850   3.2110   3.4350   3.6620   3.9010   4.1160   4.3620   4.5760   4.8840   5.2010   5.5340   5.9660;
338:  0.2470   0.5670   0.7800   0.9930   1.2080   1.4690   1.6830   2.0000   2.2170   2.4450   2.6560   2.9850   3.2100   3.4350   3.6620   3.9020   4.1160   4.3630   4.5780   4.8870   5.2030   5.5420   5.9730;
339:  0.2470   0.5670   0.7810   0.9940   1.2090   1.4690   1.6830   2.0000   2.2170   2.4440   2.6550   2.9840   3.2100   3.4350   3.6620   3.9030   4.1150   4.3640   4.5780   4.8900   5.2040   5.5490   5.9810;
340:  0.2470   0.5670   0.7810   0.9940   1.2090   1.4690   1.6830   2.0000   2.2160   2.4440   2.6550   2.9840   3.2100   3.4350   3.6630   3.9040   4.1150   4.3650   4.5790   4.8930   5.2060   5.5560   5.9890;
341:  0.2470   0.5680   0.7810   0.9950   1.2090   1.4690   1.6830   1.9990   2.2160   2.4420   2.6540   2.9830   3.2090   3.4350   3.6630   3.9040   4.1150   4.3660   4.5800   4.8950   5.2070   5.5610   5.9980;
342:  0.2460   0.5680   0.7810   0.9950   1.2090   1.4690   1.6820   1.9990   2.2160   2.4410   2.6530   2.9830   3.2080   3.4350   3.6630   3.9050   4.1150   4.3660   4.5810   4.8980   5.2080   5.5660   6.0070;
343:  0.2460   0.5680   0.7810   0.9950   1.2090   1.4680   1.6820   1.9990   2.2150   2.4400   2.6520   2.9820   3.2070   3.4350   3.6630   3.9050   4.1150   4.3660   4.5820   4.9000   5.2090   5.5700   6.0180;
344:  0.2460   0.5680   0.7810   0.9960   1.2090   1.4680   1.6820   1.9980   2.2150   2.4380   2.6510   2.9820   3.2060   3.4350   3.6640   3.9060   4.1150   4.3660   4.5840   4.9010   5.2100   5.5720   6.0270;
345:  0.2460   0.5680   0.7800   0.9960   1.2090   1.4670   1.6810   1.9980   2.2140   2.4360   2.6500   2.9810   3.2050   3.4340   3.6640   3.9070   4.1150   4.3650   4.5850   4.9030   5.2110   5.5730   6.0360;
346:  0.2450   0.5680   0.7800   0.9960   1.2090   1.4670   1.6800   1.9980   2.2130   2.4350   2.6490   2.9800   3.2030   3.4340   3.6650   3.9060   4.1150   4.3650   4.5860   4.9040   5.2110   5.5740   6.0440;
347:  0.2450   0.5690   0.7800   0.9960   1.2090   1.4660   1.6800   1.9980   2.2120   2.4330   2.6480   2.9800   3.2020   3.4340   3.6650   3.9060   4.1140   4.3640   4.5870   4.9050   5.2120   5.5740   6.0520;
348:  0.2450   0.5690   0.7800   0.9960   1.2080   1.4650   1.6790   1.9980   2.2110   2.4310   2.6470   2.9790   3.2000   3.4330   3.6660   3.9060   4.1150   4.3640   4.5870   4.9060   5.2120   5.5750   6.0590;
349:  0.2440   0.5690   0.7800   0.9960   1.2080   1.4650   1.6780   1.9980   2.2100   2.4290   2.6460   2.9780   3.1980   3.4330   3.6660   3.9060   4.1150   4.3630   4.5880   4.9080   5.2120   5.5740   6.0660;
350:  0.2440   0.5690   0.7790   0.9960   1.2070   1.4640   1.6770   1.9980   2.2090   2.4270   2.6450   2.9770   3.1960   3.4320   3.6660   3.9060   4.1150   4.3630   4.5890   4.9090   5.2120   5.5740   6.0720;
351:  0.2440   0.5680   0.7790   0.9960   1.2070   1.4630   1.6760   1.9970   2.2080   2.4250   2.6440   2.9760   3.1940   3.4320   3.6660   3.9060   4.1150   4.3620   4.5900   4.9110   5.2130   5.5740   6.0770;
352:  0.2430   0.5680   0.7780   0.9960   1.2060   1.4620   1.6750   1.9970   2.2060   2.4240   2.6430   2.9750   3.1920   3.4310   3.6670   3.9060   4.1150   4.3620   4.5910   4.9130   5.2130   5.5750   6.0820;
353:  0.2430   0.5680   0.7780   0.9960   1.2050   1.4610   1.6730   1.9970   2.2050   2.4220   2.6410   2.9740   3.1910   3.4300   3.6660   3.9060   4.1150   4.3620   4.5930   4.9150   5.2150   5.5760   6.0860;
354:  0.2420   0.5680   0.7770   0.9950   1.2040   1.4600   1.6720   1.9960   2.2030   2.4200   2.6400   2.9730   3.1890   3.4290   3.6670   3.9060   4.1160   4.3620   4.5940   4.9160   5.2170   5.5790   0.0000;
355:  0.2420   0.5680   0.7770   0.9950   1.2040   1.4590   1.6710   1.9950   2.2010   2.4180   2.6380   2.9710   3.1870   3.4280   3.6670   3.9060   4.1170   4.3610   4.5950   4.9180   5.2180   5.5830   0.0000;
356:  0.2420   0.5680   0.7760   0.9950   1.2020   1.4580   1.6700   1.9950   2.1990   2.4170   2.6370   2.9700   3.1850   3.4270   3.6660   3.9060   4.1180   4.3610   4.5960   4.9200   5.2200   5.5870   0.0000;
357:  0.2410   0.5670   0.7750   0.9950   1.2010   1.4560   1.6680   1.9930   2.1970   2.4150   2.6350   2.9690   3.1840   3.4260   3.6660   3.9070   4.1190   4.3610   4.5980   4.9220   5.2210   5.5920   0.0000;
358:  0.2400   0.5670   0.7750   0.9950   1.2000   1.4550   1.6670   1.9920   2.1950   2.4130   2.6340   2.9670   3.1830   3.4250   3.6660   3.9060   4.1200   4.3620   4.5990   4.9240   5.2220   5.5980   0.0000;
359:  0.2400   0.5670   0.7740   0.9940   1.1990   1.4530   1.6650   1.9910   2.1940   2.4120   2.6320   2.9660   3.1820   3.4240   3.6660   3.9060   4.1200   4.3620   4.6010   4.9270   5.2220   5.6050   0.0000;
