C:\RK-3\Data\PA000001\ED0000010005R.DAT;
000:  0.4055   0.7225   0.9490   1.1445   1.3330   1.5040   1.7195   1.9305   2.0980   2.2665   2.4925   2.7215   2.8990   3.0560   3.2155   3.5030   3.8090   4.0775   4.5430   0.0000   0.0000   0.0000   0.0000;
001:  0.4030   0.7215   0.9485   1.1445   1.3365   1.5085   1.7230   1.9335   2.1000   2.2685   2.4950   2.7235   2.9010   3.0580   3.2185   3.5050   3.8095   4.0865   4.5570   0.0000   0.0000   0.0000   0.0000;
002:  0.4005   0.7210   0.9490   1.1450   1.3395   1.5130   1.7270   1.9365   2.1025   2.2710   2.4980   2.7265   2.9035   3.0605   3.2225   3.5070   3.8090   4.0950   4.5695   0.0000   0.0000   0.0000   0.0000;
003:  0.3985   0.7210   0.9490   1.1445   1.3430   1.5180   1.7305   1.9395   2.1055   2.2740   2.5005   2.7290   2.9060   3.0625   3.2260   3.5090   3.8085   4.1035   0.0000   0.0000   0.0000   0.0000   0.0000;
004:  0.3965   0.7205   0.9490   1.1445   1.3465   1.5230   1.7340   1.9420   2.1080   2.2765   2.5030   2.7315   2.9090   3.0655   3.2300   3.5105   3.8075   4.1115   0.0000   0.0000   0.0000   0.0000   0.0000;
005:  0.3945   0.7205   0.9495   1.1450   1.3505   1.5285   1.7380   1.9455   2.1110   2.2790   2.5055   2.7340   2.9120   3.0685   3.2340   3.5115   3.8055   4.1185   0.0000   0.0000   0.0000   0.0000   0.0000;
006:  0.3930   0.7210   0.9500   1.1450   1.3535   1.5340   1.7420   1.9480   2.1140   2.2820   2.5080   2.7370   2.9155   3.0715   3.2375   3.5115   3.8025   4.1250   0.0000   0.0000   0.0000   0.0000   0.0000;
007:  0.3910   0.7205   0.9500   1.1455   1.3575   1.5395   1.7460   1.9510   2.1165   2.2845   2.5105   2.7400   2.9190   3.0750   3.2420   3.5120   3.7995   4.1310   0.0000   0.0000   0.0000   0.0000   0.0000;
008:  0.3900   0.7210   0.9510   1.1460   1.3615   1.5460   1.7500   1.9535   2.1195   2.2880   2.5135   2.7430   2.9225   3.0785   3.2460   3.5115   3.7955   4.1360   0.0000   0.0000   0.0000   0.0000   0.0000;
009:  0.3885   0.7215   0.9515   1.1460   1.3650   1.5515   1.7535   1.9560   2.1225   2.2910   2.5160   2.7460   2.9265   3.0825   3.2500   3.5110   3.7915   4.1410   0.0000   0.0000   0.0000   0.0000   0.0000;
010:  0.3875   0.7215   0.9520   1.1465   1.3685   1.5575   1.7575   1.9585   2.1250   2.2935   2.5185   2.7495   2.9310   3.0865   3.2540   3.5100   3.7865   4.1445   0.0000   0.0000   0.0000   0.0000   0.0000;
011:  0.3865   0.7220   0.9525   1.1470   1.3720   1.5630   1.7610   1.9610   2.1285   2.2975   2.5210   2.7525   2.9350   3.0900   3.2580   3.5090   3.7815   4.1480   0.0000   0.0000   0.0000   0.0000   0.0000;
012:  0.3860   0.7225   0.9530   1.1480   1.3765   1.5690   1.7640   1.9630   2.1310   2.3005   2.5240   2.7555   2.9390   3.0940   3.2615   3.5070   3.7760   4.1505   0.0000   0.0000   0.0000   0.0000   0.0000;
013:  0.3855   0.7230   0.9540   1.1490   1.3800   1.5750   1.7680   1.9655   2.1340   2.3035   2.5265   2.7595   2.9440   3.0985   3.2655   3.5050   3.7705   0.0000   0.0000   0.0000   0.0000   0.0000   0.0000;
014:  0.3850   0.7240   0.9550   1.1500   1.3835   1.5805   1.7710   1.9675   2.1375   2.3075   2.5295   2.7630   2.9485   3.1030   3.2690   3.5020   3.7640   0.0000   0.0000   0.0000   0.0000   0.0000   0.0000;
015:  0.3850   0.7250   0.9560   1.1510   1.3870   1.5860   1.7745   1.9700   2.1405   2.3110   2.5330   2.7670   2.9530   3.1070   3.2720   3.4990   3.7580   0.0000   0.0000   0.0000   0.0000   0.0000   0.0000;
016:  0.3850   0.7255   0.9570   1.1525   1.3905   1.5915   1.7775   1.9720   2.1435   2.3145   2.5360   2.7710   2.9580   3.1115   3.2755   3.4965   3.7520   0.0000   0.0000   0.0000   0.0000   0.0000   0.0000;
017:  0.3850   0.7260   0.9575   1.1535   1.3940   1.5965   1.7805   1.9745   2.1465   2.3180   2.5390   2.7745   2.9625   3.1160   3.2785   3.4925   3.7450   0.0000   0.0000   0.0000   0.0000   0.0000   0.0000;
018:  0.3860   0.7270   0.9585   1.1550   1.3975   1.6020   1.7840   1.9770   2.1500   2.3220   2.5425   2.7790   2.9675   3.1205   3.2815   3.4890   3.7385   0.0000   0.0000   0.0000   0.0000   0.0000   0.0000;
019:  0.3865   0.7280   0.9600   1.1575   1.4015   1.6070   1.7870   1.9795   2.1530   2.3255   2.5460   2.7830   2.9715   3.1245   3.2840   3.4845   0.0000   0.0000   0.0000   0.0000   0.0000   0.0000   0.0000;
020:  0.3870   0.7290   0.9610   1.1590   1.4045   1.6115   1.7900   1.9820   2.1565   2.3300   2.5500   2.7875   2.9765   3.1290   3.2865   3.4805   0.0000   0.0000   0.0000   0.0000   0.0000   0.0000   0.0000;
021:  0.3880   0.7300   0.9625   1.1615   1.4080   1.6160   1.7930   1.9845   2.1600   2.3340   2.5540   2.7925   2.9815   3.1335   3.2885   3.4755   0.0000   0.0000   0.0000   0.0000   0.0000   0.0000   0.0000;
022:  0.3885   0.7305   0.9635   1.1640   1.4110   1.6195   1.7960   1.9875   2.1635   2.3385   2.5580   2.7965   2.9855   3.1375   3.2910   3.4715   0.0000   0.0000   0.0000   0.0000   0.0000   0.0000   0.0000;
023:  0.3900   0.7320   0.9650   1.1665   1.4145   1.6235   1.7990   1.9910   2.1675   2.3430   2.5625   2.8015   2.9905   3.1420   3.2925   3.4665   0.0000   0.0000   0.0000   0.0000   0.0000   0.0000   0.0000;
024:  0.3905   0.7325   0.9665   1.1695   1.4175   1.6270   1.8020   1.9940   2.1710   2.3475   2.5670   2.8065   2.9950   3.1455   3.2940   3.4620   0.0000   0.0000   0.0000   0.0000   0.0000   0.0000   0.0000;
025:  0.3920   0.7340   0.9685   1.1725   1.4205   1.6305   1.8055   1.9980   2.1755   2.3525   2.5720   2.8115   2.9990   3.1495   3.2955   3.4570   0.0000   0.0000   0.0000   0.0000   0.0000   0.0000   0.0000;
026:  0.3935   0.7350   0.9695   1.1755   1.4240   1.6340   1.8090   2.0020   2.1800   2.3575   2.5770   2.8165   3.0030   3.1535   3.2970   3.4520   0.0000   0.0000   0.0000   0.0000   0.0000   0.0000   0.0000;
027:  0.3950   0.7360   0.9710   1.1785   1.4265   1.6370   1.8125   2.0060   2.1845   2.3630   2.5825   2.8220   3.0075   3.1570   3.2980   3.4470   0.0000   0.0000   0.0000   0.0000   0.0000   0.0000   0.0000;
028:  0.3965   0.7375   0.9730   1.1820   1.4300   1.6400   1.8160   2.0110   2.1895   2.3685   2.5880   2.8270   3.0110   3.1605   3.2995   3.4425   0.0000   0.0000   0.0000   0.0000   0.0000   0.0000   0.0000;
029:  0.3980   0.7385   0.9745   1.1855   1.4330   1.6430   1.8200   2.0155   2.1945   2.3745   2.5935   2.8320   3.0145   3.1635   3.3005   3.4385   0.0000   0.0000   0.0000   0.0000   0.0000   0.0000   0.0000;
030:  0.4000   0.7400   0.9770   1.1895   1.4360   1.6455   1.8240   2.0210   2.2000   2.3810   2.6000   2.8375   3.0180   3.1665   3.3010   3.4335   0.0000   0.0000   0.0000   0.0000   0.0000   0.0000   0.0000;
031:  0.4020   0.7420   0.9790   1.1930   1.4385   1.6480   1.8285   2.0270   2.2060   2.3870   2.6060   2.8425   3.0210   3.1695   3.3020   3.4295   0.0000   0.0000   0.0000   0.0000   0.0000   0.0000   0.0000;
032:  0.4040   0.7435   0.9810   1.1970   1.4420   1.6505   1.8330   2.0335   2.2125   2.3945   2.6130   2.8475   3.0240   3.1725   3.3030   3.4260   0.0000   0.0000   0.0000   0.0000   0.0000   0.0000   0.0000;
033:  0.4055   0.7450   0.9830   1.2005   1.4450   1.6535   1.8380   2.0400   2.2190   2.4015   2.6195   2.8530   3.0270   3.1750   0.0000   0.0000   0.0000   0.0000   0.0000   0.0000   0.0000   0.0000   0.0000;
034:  0.4080   0.7475   0.9860   1.2050   1.4480   1.6560   1.8430   2.0465   2.2255   2.4085   2.6260   2.8580   3.0300   3.1775   0.0000   0.0000   0.0000   0.0000   0.0000   0.0000   0.0000   0.0000   0.0000;
035:  0.4100   0.7495   0.9885   1.2090   1.4510   1.6585   1.8485   2.0540   2.2330   2.4165   2.6330   2.8625   0.0000   0.0000   0.0000   0.0000   0.0000   0.0000   0.0000   0.0000   0.0000   0.0000   0.0000;
036:  0.4125   0.7520   0.9910   1.2130   1.4545   1.6615   1.8540   2.0615   2.2405   2.4245   2.6405   2.8680   0.0000   0.0000   0.0000   0.0000   0.0000   0.0000   0.0000   0.0000   0.0000   0.0000   0.0000;
037:  0.4140   0.7540   0.9940   1.2175   1.4575   1.6640   1.8600   2.0700   2.2490   2.4330   2.6475   2.8725   0.0000   0.0000   0.0000   0.0000   0.0000   0.0000   0.0000   0.0000   0.0000   0.0000   0.0000;
038:  0.4170   0.7570   0.9970   1.2220   1.4610   1.6670   1.8665   2.0785   2.2575   2.4415   2.6545   2.8770   0.0000   0.0000   0.0000   0.0000   0.0000   0.0000   0.0000   0.0000   0.0000   0.0000   0.0000;
039:  0.4190   0.7595   1.0005   1.2265   1.4645   1.6705   1.8730   2.0875   2.2665   2.4500   2.6615   2.8815   0.0000   0.0000   0.0000   0.0000   0.0000   0.0000   0.0000   0.0000   0.0000   0.0000   0.0000;
040:  0.4215   0.7630   1.0040   1.2305   1.4680   1.6745   1.8805   2.0965   2.2755   2.4595   2.6690   2.8855   0.0000   0.0000   0.0000   0.0000   0.0000   0.0000   0.0000   0.0000   0.0000   0.0000   0.0000;
041:  0.4245   0.7665   1.0075   1.2350   1.4720   1.6780   1.8875   2.1065   2.2855   2.4690   2.6765   2.8895   0.0000   0.0000   0.0000   0.0000   0.0000   0.0000   0.0000   0.0000   0.0000   0.0000   0.0000;
042:  0.4275   0.7700   1.0110   1.2395   1.4760   1.6820   1.8950   2.1160   2.2955   2.4790   2.6835   2.8930   0.0000   0.0000   0.0000   0.0000   0.0000   0.0000   0.0000   0.0000   0.0000   0.0000   0.0000;
043:  0.4295   0.7735   1.0155   1.2440   1.4795   1.6865   1.9030   2.1260   2.3055   2.4880   2.6905   2.8970   0.0000   0.0000   0.0000   0.0000   0.0000   0.0000   0.0000   0.0000   0.0000   0.0000   0.0000;
044:  0.4325   0.7775   1.0195   1.2485   1.4840   1.6915   1.9115   2.1365   2.3160   2.4980   2.6975   0.0000   0.0000   0.0000   0.0000   0.0000   0.0000   0.0000   0.0000   0.0000   0.0000   0.0000   0.0000;
045:  0.4355   0.7815   1.0235   1.2530   1.4880   1.6960   1.9195   2.1465   2.3265   2.5080   2.7045   0.0000   0.0000   0.0000   0.0000   0.0000   0.0000   0.0000   0.0000   0.0000   0.0000   0.0000   0.0000;
046:  0.4395   0.7865   1.0280   1.2570   1.4925   1.7020   1.9280   2.1565   2.3370   2.5180   0.0000   0.0000   0.0000   0.0000   0.0000   0.0000   0.0000   0.0000   0.0000   0.0000   0.0000   0.0000   0.0000;
047:  0.4425   0.7910   1.0325   1.2615   1.4970   1.7075   1.9370   2.1675   2.3485   2.5285   0.0000   0.0000   0.0000   0.0000   0.0000   0.0000   0.0000   0.0000   0.0000   0.0000   0.0000   0.0000   0.0000;
048:  0.4455   0.7955   1.0375   1.2665   1.5020   1.7140   1.9460   2.1780   2.3595   2.5380   0.0000   0.0000   0.0000   0.0000   0.0000   0.0000   0.0000   0.0000   0.0000   0.0000   0.0000   0.0000   0.0000;
049:  0.4495   0.8005   1.0420   1.2705   1.5065   1.7205   1.9550   2.1880   2.3700   2.5480   0.0000   0.0000   0.0000   0.0000   0.0000   0.0000   0.0000   0.0000   0.0000   0.0000   0.0000   0.0000   0.0000;
050:  0.4530   0.8055   1.0470   1.2750   1.5115   1.7270   1.9640   2.1985   2.3815   2.5580   0.0000   0.0000   0.0000   0.0000   0.0000   0.0000   0.0000   0.0000   0.0000   0.0000   0.0000   0.0000   0.0000;
051:  0.4570   0.8110   1.0520   1.2795   1.5170   1.7340   1.9730   2.2090   2.3925   2.5675   0.0000   0.0000   0.0000   0.0000   0.0000   0.0000   0.0000   0.0000   0.0000   0.0000   0.0000   0.0000   0.0000;
052:  0.4605   0.8155   1.0565   1.2835   1.5220   1.7415   1.9825   2.2195   2.4035   2.5770   0.0000   0.0000   0.0000   0.0000   0.0000   0.0000   0.0000   0.0000   0.0000   0.0000   0.0000   0.0000   0.0000;
053:  0.4650   0.8210   1.0615   1.2875   1.5270   1.7490   1.9915   2.2290   2.4140   2.5860   0.0000   0.0000   0.0000   0.0000   0.0000   0.0000   0.0000   0.0000   0.0000   0.0000   0.0000   0.0000   0.0000;
054:  0.4690   0.8265   1.0665   1.2920   1.5325   1.7565   2.0005   2.2390   2.4250   2.5950   0.0000   0.0000   0.0000   0.0000   0.0000   0.0000   0.0000   0.0000   0.0000   0.0000   0.0000   0.0000   0.0000;
055:  0.4735   0.8320   1.0715   1.2960   1.5380   1.7650   2.0100   2.2485   2.4350   2.6035   0.0000   0.0000   0.0000   0.0000   0.0000   0.0000   0.0000   0.0000   0.0000   0.0000   0.0000   0.0000   0.0000;
056:  0.4780   0.8370   1.0760   1.3000   1.5430   1.7725   2.0185   2.2575   2.4450   2.6115   0.0000   0.0000   0.0000   0.0000   0.0000   0.0000   0.0000   0.0000   0.0000   0.0000   0.0000   0.0000   0.0000;
057:  0.4820   0.8420   1.0805   1.3035   1.5485   1.7805   2.0270   2.2660   2.4540   2.6190   0.0000   0.0000   0.0000   0.0000   0.0000   0.0000   0.0000   0.0000   0.0000   0.0000   0.0000   0.0000   0.0000;
058:  0.4865   0.8470   1.0850   1.3075   1.5540   1.7890   2.0355   2.2740   2.4630   2.6260   0.0000   0.0000   0.0000   0.0000   0.0000   0.0000   0.0000   0.0000   0.0000   0.0000   0.0000   0.0000   0.0000;
059:  0.4910   0.8520   1.0895   1.3115   1.5595   1.7970   2.0440   2.2825   2.4715   2.6325   0.0000   0.0000   0.0000   0.0000   0.0000   0.0000   0.0000   0.0000   0.0000   0.0000   0.0000   0.0000   0.0000;
060:  0.4960   0.8565   1.0930   1.3145   1.5645   1.8050   2.0515   2.2895   2.4795   2.6385   0.0000   0.0000   0.0000   0.0000   0.0000   0.0000   0.0000   0.0000   0.0000   0.0000   0.0000   0.0000   0.0000;
061:  0.5000   0.8610   1.0970   1.3180   1.5700   1.8130   2.0595   2.2970   2.4870   2.6440   0.0000   0.0000   0.0000   0.0000   0.0000   0.0000   0.0000   0.0000   0.0000   0.0000   0.0000   0.0000   0.0000;
062:  0.5050   0.8650   1.1000   1.3210   1.5750   1.8210   2.0670   2.3040   2.4940   2.6490   0.0000   0.0000   0.0000   0.0000   0.0000   0.0000   0.0000   0.0000   0.0000   0.0000   0.0000   0.0000   0.0000;
063:  0.5095   0.8690   1.1035   1.3240   1.5800   1.8290   2.0740   2.3100   2.5005   2.6530   0.0000   0.0000   0.0000   0.0000   0.0000   0.0000   0.0000   0.0000   0.0000   0.0000   0.0000   0.0000   0.0000;
064:  0.5145   0.8730   1.1065   1.3270   1.5845   1.8360   2.0805   2.3155   2.5060   0.0000   0.0000   0.0000   0.0000   0.0000   0.0000   0.0000   0.0000   0.0000   0.0000   0.0000   0.0000   0.0000   0.0000;
065:  0.5190   0.8765   1.1090   1.3290   1.5890   1.8430   2.0860   2.3205   2.5115   0.0000   0.0000   0.0000   0.0000   0.0000   0.0000   0.0000   0.0000   0.0000   0.0000   0.0000   0.0000   0.0000   0.0000;
066:  0.5235   0.8795   1.1115   1.3320   1.5930   1.8495   2.0920   2.3250   2.5155   0.0000   0.0000   0.0000   0.0000   0.0000   0.0000   0.0000   0.0000   0.0000   0.0000   0.0000   0.0000   0.0000   0.0000;
067:  0.5280   0.8825   1.1130   1.3335   1.5970   1.8560   2.0975   2.3295   2.5195   0.0000   0.0000   0.0000   0.0000   0.0000   0.0000   0.0000   0.0000   0.0000   0.0000   0.0000   0.0000   0.0000   0.0000;
068:  0.5325   0.8845   1.1145   1.3355   1.6005   1.8615   2.1020   2.3330   2.5225   0.0000   0.0000   0.0000   0.0000   0.0000   0.0000   0.0000   0.0000   0.0000   0.0000   0.0000   0.0000   0.0000   0.0000;
069:  0.5365   0.8865   1.1155   1.3365   1.6035   1.8665   2.1060   2.3360   2.5245   0.0000   0.0000   0.0000   0.0000   0.0000   0.0000   0.0000   0.0000   0.0000   0.0000   0.0000   0.0000   0.0000   0.0000;
070:  0.5405   0.8880   1.1160   1.3375   1.6060   1.8710   2.1100   2.3390   2.5260   0.0000   0.0000   0.0000   0.0000   0.0000   0.0000   0.0000   0.0000   0.0000   0.0000   0.0000   0.0000   0.0000   0.0000;
071:  0.5450   0.8895   1.1160   1.3380   1.6080   1.8750   2.1135   2.3410   2.5270   0.0000   0.0000   0.0000   0.0000   0.0000   0.0000   0.0000   0.0000   0.0000   0.0000   0.0000   0.0000   0.0000   0.0000;
072:  0.5485   0.8900   1.1155   1.3385   1.6100   1.8785   2.1160   2.3425   2.5275   0.0000   0.0000   0.0000   0.0000   0.0000   0.0000   0.0000   0.0000   0.0000   0.0000   0.0000   0.0000   0.0000   0.0000;
073:  0.5525   0.8905   1.1150   1.3385   1.6115   1.8815   2.1185   2.3440   2.5275   0.0000   0.0000   0.0000   0.0000   0.0000   0.0000   0.0000   0.0000   0.0000   0.0000   0.0000   0.0000   0.0000   0.0000;
074:  0.5555   0.8900   1.1135   1.3380   1.6120   1.8830   2.1200   2.3445   2.5265   0.0000   0.0000   0.0000   0.0000   0.0000   0.0000   0.0000   0.0000   0.0000   0.0000   0.0000   0.0000   0.0000   0.0000;
075:  0.5590   0.8895   1.1120   1.3370   1.6120   1.8845   2.1210   2.3445   2.5250   0.0000   0.0000   0.0000   0.0000   0.0000   0.0000   0.0000   0.0000   0.0000   0.0000   0.0000   0.0000   0.0000   0.0000;
076:  0.5620   0.8890   1.1105   1.3360   1.6115   1.8850   2.1215   2.3445   2.5230   0.0000   0.0000   0.0000   0.0000   0.0000   0.0000   0.0000   0.0000   0.0000   0.0000   0.0000   0.0000   0.0000   0.0000;
077:  0.5650   0.8880   1.1080   1.3345   1.6105   1.8845   2.1215   2.3435   2.5200   0.0000   0.0000   0.0000   0.0000   0.0000   0.0000   0.0000   0.0000   0.0000   0.0000   0.0000   0.0000   0.0000   0.0000;
078:  0.5680   0.8865   1.1050   1.3320   1.6090   1.8835   2.1205   2.3425   2.5175   0.0000   0.0000   0.0000   0.0000   0.0000   0.0000   0.0000   0.0000   0.0000   0.0000   0.0000   0.0000   0.0000   0.0000;
079:  0.5700   0.8845   1.1020   1.3290   1.6065   1.8820   2.1200   2.3410   2.5135   0.0000   0.0000   0.0000   0.0000   0.0000   0.0000   0.0000   0.0000   0.0000   0.0000   0.0000   0.0000   0.0000   0.0000;
080:  0.5720   0.8820   1.0985   1.3265   1.6040   1.8790   2.1175   2.3390   2.5100   0.0000   0.0000   0.0000   0.0000   0.0000   0.0000   0.0000   0.0000   0.0000   0.0000   0.0000   0.0000   0.0000   0.0000;
081:  0.5740   0.8795   1.0945   1.3225   1.6000   1.8755   2.1150   2.3365   2.5055   0.0000   0.0000   0.0000   0.0000   0.0000   0.0000   0.0000   0.0000   0.0000   0.0000   0.0000   0.0000   0.0000   0.0000;
082:  0.5760   0.8770   1.0905   1.3190   1.5965   1.8720   2.1125   2.3335   2.5005   0.0000   0.0000   0.0000   0.0000   0.0000   0.0000   0.0000   0.0000   0.0000   0.0000   0.0000   0.0000   0.0000   0.0000;
083:  0.5775   0.8740   1.0865   1.3150   1.5920   1.8670   2.1090   2.3305   2.4955   0.0000   0.0000   0.0000   0.0000   0.0000   0.0000   0.0000   0.0000   0.0000   0.0000   0.0000   0.0000   0.0000   0.0000;
084:  0.5790   0.8705   1.0815   1.3100   1.5865   1.8615   2.1050   2.3270   2.4900   0.0000   0.0000   0.0000   0.0000   0.0000   0.0000   0.0000   0.0000   0.0000   0.0000   0.0000   0.0000   0.0000   0.0000;
085:  0.5795   0.8670   1.0765   1.3050   1.5815   1.8555   2.1000   2.3225   2.4840   0.0000   0.0000   0.0000   0.0000   0.0000   0.0000   0.0000   0.0000   0.0000   0.0000   0.0000   0.0000   0.0000   0.0000;
086:  0.5805   0.8635   1.0715   1.2995   1.5750   1.8490   2.0950   2.3175   2.4780   0.0000   0.0000   0.0000   0.0000   0.0000   0.0000   0.0000   0.0000   0.0000   0.0000   0.0000   0.0000   0.0000   0.0000;
087:  0.5810   0.8600   1.0665   1.2935   1.5680   1.8415   2.0895   2.3130   2.4720   0.0000   0.0000   0.0000   0.0000   0.0000   0.0000   0.0000   0.0000   0.0000   0.0000   0.0000   0.0000   0.0000   0.0000;
088:  0.5810   0.8555   1.0610   1.2875   1.5605   1.8330   2.0830   2.3075   2.4650   0.0000   0.0000   0.0000   0.0000   0.0000   0.0000   0.0000   0.0000   0.0000   0.0000   0.0000   0.0000   0.0000   0.0000;
089:  0.5815   0.8515   1.0550   1.2810   1.5535   1.8245   2.0760   2.3015   2.4580   0.0000   0.0000   0.0000   0.0000   0.0000   0.0000   0.0000   0.0000   0.0000   0.0000   0.0000   0.0000   0.0000   0.0000;
090:  0.5815   0.8470   1.0495   1.2745   1.5450   1.8150   2.0685   2.2950   2.4510   0.0000   0.0000   0.0000   0.0000   0.0000   0.0000   0.0000   0.0000   0.0000   0.0000   0.0000   0.0000   0.0000   0.0000;
091:  0.5815   0.8435   1.0440   1.2670   1.5360   1.8055   2.0610   2.2885   2.4440   0.0000   0.0000   0.0000   0.0000   0.0000   0.0000   0.0000   0.0000   0.0000   0.0000   0.0000   0.0000   0.0000   0.0000;
092:  0.5815   0.8390   1.0380   1.2600   1.5275   1.7955   2.0525   2.2815   2.4370   0.0000   0.0000   0.0000   0.0000   0.0000   0.0000   0.0000   0.0000   0.0000   0.0000   0.0000   0.0000   0.0000   0.0000;
093:  0.5810   0.8350   1.0325   1.2525   1.5180   1.7845   2.0435   2.2740   2.4290   0.0000   0.0000   0.0000   0.0000   0.0000   0.0000   0.0000   0.0000   0.0000   0.0000   0.0000   0.0000   0.0000   0.0000;
094:  0.5795   0.8300   1.0265   1.2450   1.5085   1.7735   2.0340   2.2660   2.4215   0.0000   0.0000   0.0000   0.0000   0.0000   0.0000   0.0000   0.0000   0.0000   0.0000   0.0000   0.0000   0.0000   0.0000;
095:  0.5790   0.8255   1.0205   1.2370   1.4985   1.7625   2.0245   2.2575   2.4135   0.0000   0.0000   0.0000   0.0000   0.0000   0.0000   0.0000   0.0000   0.0000   0.0000   0.0000   0.0000   0.0000   0.0000;
096:  0.5785   0.8215   1.0145   1.2290   1.4890   1.7510   2.0145   2.2490   2.4055   0.0000   0.0000   0.0000   0.0000   0.0000   0.0000   0.0000   0.0000   0.0000   0.0000   0.0000   0.0000   0.0000   0.0000;
097:  0.5775   0.8175   1.0090   1.2210   1.4785   1.7390   2.0035   2.2395   2.3975   2.5505   0.0000   0.0000   0.0000   0.0000   0.0000   0.0000   0.0000   0.0000   0.0000   0.0000   0.0000   0.0000   0.0000;
098:  0.5765   0.8130   1.0030   1.2130   1.4680   1.7265   1.9925   2.2300   2.3885   2.5445   0.0000   0.0000   0.0000   0.0000   0.0000   0.0000   0.0000   0.0000   0.0000   0.0000   0.0000   0.0000   0.0000;
099:  0.5750   0.8085   0.9975   1.2050   1.4580   1.7150   1.9810   2.2200   2.3805   2.5390   0.0000   0.0000   0.0000   0.0000   0.0000   0.0000   0.0000   0.0000   0.0000   0.0000   0.0000   0.0000   0.0000;
100:  0.5735   0.8045   0.9920   1.1970   1.4475   1.7025   1.9695   2.2095   2.3710   2.5330   0.0000   0.0000   0.0000   0.0000   0.0000   0.0000   0.0000   0.0000   0.0000   0.0000   0.0000   0.0000   0.0000;
101:  0.5725   0.8005   0.9865   1.1890   1.4370   1.6900   1.9575   2.1990   2.3625   2.5275   0.0000   0.0000   0.0000   0.0000   0.0000   0.0000   0.0000   0.0000   0.0000   0.0000   0.0000   0.0000   0.0000;
102:  0.5710   0.7960   0.9805   1.1810   1.4265   1.6775   1.9455   2.1880   2.3535   2.5215   0.0000   0.0000   0.0000   0.0000   0.0000   0.0000   0.0000   0.0000   0.0000   0.0000   0.0000   0.0000   0.0000;
103:  0.5695   0.7920   0.9750   1.1730   1.4160   1.6645   1.9325   2.1765   2.3440   2.5150   0.0000   0.0000   0.0000   0.0000   0.0000   0.0000   0.0000   0.0000   0.0000   0.0000   0.0000   0.0000   0.0000;
104:  0.5680   0.7880   0.9700   1.1655   1.4060   1.6525   1.9200   2.1650   2.3345   2.5085   0.0000   0.0000   0.0000   0.0000   0.0000   0.0000   0.0000   0.0000   0.0000   0.0000   0.0000   0.0000   0.0000;
105:  0.5670   0.7845   0.9650   1.1580   1.3955   1.6400   1.9070   2.1525   2.3245   2.5015   0.0000   0.0000   0.0000   0.0000   0.0000   0.0000   0.0000   0.0000   0.0000   0.0000   0.0000   0.0000   0.0000;
106:  0.5650   0.7800   0.9590   1.1500   1.3855   1.6275   1.8935   2.1400   2.3140   2.4940   0.0000   0.0000   0.0000   0.0000   0.0000   0.0000   0.0000   0.0000   0.0000   0.0000   0.0000   0.0000   0.0000;
107:  0.5640   0.7765   0.9540   1.1430   1.3760   1.6155   1.8805   2.1275   2.3040   2.4870   0.0000   0.0000   0.0000   0.0000   0.0000   0.0000   0.0000   0.0000   0.0000   0.0000   0.0000   0.0000   0.0000;
108:  0.5620   0.7725   0.9495   1.1365   1.3665   1.6030   1.8670   2.1150   2.2935   2.4790   0.0000   0.0000   0.0000   0.0000   0.0000   0.0000   0.0000   0.0000   0.0000   0.0000   0.0000   0.0000   0.0000;
109:  0.5605   0.7690   0.9445   1.1290   1.3565   1.5910   1.8540   2.1020   2.2825   2.4705   0.0000   0.0000   0.0000   0.0000   0.0000   0.0000   0.0000   0.0000   0.0000   0.0000   0.0000   0.0000   0.0000;
110:  0.5590   0.7650   0.9390   1.1220   1.3475   1.5795   1.8410   2.0890   2.2715   2.4625   0.0000   0.0000   0.0000   0.0000   0.0000   0.0000   0.0000   0.0000   0.0000   0.0000   0.0000   0.0000   0.0000;
111:  0.5570   0.7615   0.9345   1.1160   1.3390   1.5680   1.8275   2.0755   2.2600   2.4530   0.0000   0.0000   0.0000   0.0000   0.0000   0.0000   0.0000   0.0000   0.0000   0.0000   0.0000   0.0000   0.0000;
112:  0.5555   0.7580   0.9300   1.1095   1.3300   1.5570   1.8145   2.0620   2.2485   2.4435   2.6675   2.8490   0.0000   0.0000   0.0000   0.0000   0.0000   0.0000   0.0000   0.0000   0.0000   0.0000   0.0000;
113:  0.5535   0.7540   0.9250   1.1035   1.3215   1.5455   1.8015   2.0490   2.2370   2.4340   2.6600   2.8445   0.0000   0.0000   0.0000   0.0000   0.0000   0.0000   0.0000   0.0000   0.0000   0.0000   0.0000;
114:  0.5520   0.7505   0.9205   1.0975   1.3135   1.5350   1.7885   2.0355   2.2250   2.4240   2.6530   2.8400   0.0000   0.0000   0.0000   0.0000   0.0000   0.0000   0.0000   0.0000   0.0000   0.0000   0.0000;
115:  0.5505   0.7475   0.9160   1.0915   1.3055   1.5245   1.7760   2.0220   2.2125   2.4130   2.6445   2.8350   0.0000   0.0000   0.0000   0.0000   0.0000   0.0000   0.0000   0.0000   0.0000   0.0000   0.0000;
116:  0.5485   0.7435   0.9110   1.0855   1.2975   1.5145   1.7640   2.0090   2.2005   2.4020   2.6360   2.8300   0.0000   0.0000   0.0000   0.0000   0.0000   0.0000   0.0000   0.0000   0.0000   0.0000   0.0000;
117:  0.5465   0.7400   0.9070   1.0805   1.2900   1.5045   1.7515   1.9955   2.1885   2.3910   2.6270   2.8240   0.0000   0.0000   0.0000   0.0000   0.0000   0.0000   0.0000   0.0000   0.0000   0.0000   0.0000;
118:  0.5450   0.7365   0.9020   1.0750   1.2830   1.4950   1.7400   1.9825   2.1755   2.3795   2.6175   2.8175   0.0000   0.0000   0.0000   0.0000   0.0000   0.0000   0.0000   0.0000   0.0000   0.0000   0.0000;
119:  0.5435   0.7335   0.8980   1.0700   1.2760   1.4855   1.7280   1.9695   2.1630   2.3670   2.6070   2.8105   0.0000   0.0000   0.0000   0.0000   0.0000   0.0000   0.0000   0.0000   0.0000   0.0000   0.0000;
120:  0.5415   0.7300   0.8940   1.0655   1.2695   1.4765   1.7165   1.9565   2.1500   2.3545   2.5970   2.8030   0.0000   0.0000   0.0000   0.0000   0.0000   0.0000   0.0000   0.0000   0.0000   0.0000   0.0000;
121:  0.5400   0.7270   0.8895   1.0600   1.2630   1.4685   1.7060   1.9440   2.1375   2.3420   2.5860   2.7950   2.9270   3.0640   3.2035   3.3380   3.5930   0.0000   0.0000   0.0000   0.0000   0.0000   0.0000;
122:  0.5380   0.7240   0.8855   1.0555   1.2565   1.4600   1.6960   1.9320   2.1245   2.3290   2.5745   2.7865   2.9230   3.0625   3.2025   3.3375   3.5925   4.0950   0.0000   0.0000   0.0000   0.0000   0.0000;
123:  0.5365   0.7210   0.8815   1.0510   1.2505   1.4520   1.6855   1.9200   2.1125   2.3165   2.5635   2.7780   2.9180   3.0610   3.2020   3.3370   3.5915   4.0945   0.0000   0.0000   0.0000   0.0000   0.0000;
124:  0.5345   0.7175   0.8775   1.0470   1.2455   1.4450   1.6760   1.9085   2.1000   2.3030   2.5510   2.7680   2.9120   3.0585   3.2010   3.3365   3.5910   4.0950   0.0000   0.0000   0.0000   0.0000   0.0000;
125:  0.5330   0.7145   0.8735   1.0425   1.2395   1.4375   1.6670   1.8975   2.0875   2.2900   2.5390   2.7580   2.9060   3.0560   3.2000   3.3365   3.5910   4.0950   0.0000   0.0000   0.0000   0.0000   0.0000;
126:  0.5310   0.7120   0.8700   1.0385   1.2345   1.4305   1.6575   1.8865   2.0755   2.2765   2.5265   2.7480   2.9000   3.0535   3.1990   3.3360   3.5905   4.0950   0.0000   0.0000   0.0000   0.0000   0.0000;
127:  0.5290   0.7095   0.8665   1.0345   1.2295   1.4240   1.6495   1.8760   2.0630   2.2630   2.5135   2.7370   2.8935   3.0510   3.1980   3.3355   3.5900   4.0955   0.0000   0.0000   0.0000   0.0000   0.0000;
128:  0.5275   0.7070   0.8630   1.0305   1.2245   1.4175   1.6410   1.8655   2.0510   2.2495   2.5005   2.7260   2.8865   3.0475   3.1965   3.3355   3.5895   4.0950   0.0000   0.0000   0.0000   0.0000   0.0000;
129:  0.5255   0.7045   0.8600   1.0270   1.2195   1.4115   1.6335   1.8560   2.0400   2.2365   2.4875   2.7145   2.8785   3.0435   3.1950   3.3350   3.5890   4.0955   0.0000   0.0000   0.0000   0.0000   0.0000;
130:  0.5240   0.7020   0.8565   1.0230   1.2150   1.4060   1.6265   1.8470   2.0285   2.2235   2.4750   2.7030   2.8705   3.0395   3.1935   3.3350   0.0000   0.0000   0.0000   0.0000   0.0000   0.0000   0.0000;
131:  0.5220   0.7000   0.8535   1.0195   1.2105   1.4005   1.6200   1.8385   2.0180   2.2105   2.4615   2.6905   2.8620   3.0355   3.1920   0.0000   0.0000   0.0000   0.0000   0.0000   0.0000   0.0000   0.0000;
132:  0.5205   0.6975   0.8505   1.0160   1.2060   1.3950   1.6130   1.8300   2.0075   2.1980   2.4490   2.6785   2.8530   3.0305   3.1900   0.0000   0.0000   0.0000   0.0000   0.0000   0.0000   0.0000   0.0000;
133:  0.5185   0.6955   0.8475   1.0125   1.2020   1.3905   1.6075   1.8220   1.9975   2.1860   2.4360   2.6660   2.8440   3.0250   3.1870   0.0000   0.0000   0.0000   0.0000   0.0000   0.0000   0.0000   0.0000;
134:  0.5175   0.6945   0.8455   1.0095   1.1985   1.3860   1.6015   1.8145   1.9880   2.1740   2.4230   2.6535   2.8350   3.0200   3.1845   0.0000   0.0000   0.0000   0.0000   0.0000   0.0000   0.0000   0.0000;
135:  0.5155   0.6925   0.8430   1.0065   1.1945   1.3815   1.5965   1.8075   1.9785   2.1625   2.4105   2.6405   2.8250   3.0140   3.1815   0.0000   0.0000   0.0000   0.0000   0.0000   0.0000   0.0000   0.0000;
136:  0.5135   0.6910   0.8410   1.0030   1.1905   1.3775   1.5915   1.8010   1.9700   2.1515   2.3985   2.6285   2.8155   3.0075   3.1780   0.0000   0.0000   0.0000   0.0000   0.0000   0.0000   0.0000   0.0000;
137:  0.5125   0.6900   0.8390   1.0005   1.1875   1.3740   1.5870   1.7950   1.9625   2.1415   2.3870   2.6165   2.8055   3.0010   3.1745   0.0000   0.0000   0.0000   0.0000   0.0000   0.0000   0.0000   0.0000;
138:  0.5105   0.6885   0.8370   0.9975   1.1840   1.3700   1.5825   1.7895   1.9550   2.1315   2.3750   2.6035   2.7950   2.9935   3.1700   0.0000   0.0000   0.0000   0.0000   0.0000   0.0000   0.0000   0.0000;
139:  0.5095   0.6880   0.8360   0.9950   1.1805   1.3665   1.5785   1.7840   1.9475   2.1220   2.3645   2.5920   2.7850   2.9865   3.1660   0.0000   0.0000   0.0000   0.0000   0.0000   0.0000   0.0000   0.0000;
140:  0.5075   0.6865   0.8340   0.9925   1.1775   1.3630   1.5750   1.7795   1.9410   2.1135   2.3540   2.5800   2.7750   2.9795   3.1620   0.0000   0.0000   0.0000   0.0000   0.0000   0.0000   0.0000   0.0000;
141:  0.5060   0.6860   0.8330   0.9905   1.1750   1.3600   1.5715   1.7755   1.9355   2.1055   2.3440   2.5690   2.7655   2.9720   3.1570   0.0000   0.0000   0.0000   0.0000   0.0000   0.0000   0.0000   0.0000;
142:  0.5050   0.6855   0.8320   0.9885   1.1725   1.3575   1.5685   1.7715   1.9305   2.0980   2.3345   2.5585   2.7560   2.9645   3.1515   0.0000   0.0000   0.0000   0.0000   0.0000   0.0000   0.0000   0.0000;
143:  0.5035   0.6850   0.8310   0.9865   1.1700   1.3545   1.5650   1.7675   1.9255   2.0915   2.3260   2.5480   2.7465   2.9570   3.1465   0.0000   0.0000   0.0000   0.0000   0.0000   0.0000   0.0000   0.0000;
144:  0.5020   0.6845   0.8300   0.9845   1.1680   1.3525   1.5625   1.7645   1.9215   2.0855   2.3180   2.5385   2.7375   2.9500   3.1415   0.0000   0.0000   0.0000   0.0000   0.0000   0.0000   0.0000   0.0000;
145:  0.5010   0.6840   0.8295   0.9830   1.1655   1.3500   1.5600   1.7615   1.9180   2.0805   2.3105   2.5295   2.7290   2.9425   3.1360   0.0000   0.0000   0.0000   0.0000   0.0000   0.0000   0.0000   0.0000;
146:  0.4995   0.6835   0.8290   0.9820   1.1640   1.3480   1.5580   1.7595   1.9150   2.0760   2.3040   2.5210   2.7210   2.9355   3.1305   0.0000   0.0000   0.0000   0.0000   0.0000   0.0000   0.0000   0.0000;
147:  0.4985   0.6840   0.8290   0.9810   1.1625   1.3460   1.5560   1.7575   1.9130   2.0730   2.2985   2.5140   2.7140   2.9290   3.1250   0.0000   0.0000   0.0000   0.0000   0.0000   0.0000   0.0000   0.0000;
148:  0.4975   0.6835   0.8285   0.9800   1.1610   1.3440   1.5540   1.7560   1.9110   2.0695   2.2935   2.5070   2.7065   2.9220   3.1190   0.0000   0.0000   0.0000   0.0000   0.0000   0.0000   0.0000   0.0000;
149:  0.4965   0.6835   0.8285   0.9795   1.1600   1.3425   1.5520   1.7545   1.9100   2.0675   2.2895   2.5015   2.7005   2.9160   3.1140   0.0000   0.0000   0.0000   0.0000   0.0000   0.0000   0.0000   0.0000;
150:  0.4950   0.6835   0.8290   0.9790   1.1590   1.3415   1.5510   1.7535   1.9090   2.0660   2.2860   2.4965   2.6950   2.9105   3.1090   0.0000   0.0000   0.0000   0.0000   0.0000   0.0000   0.0000   0.0000;
151:  0.4940   0.6835   0.8290   0.9790   1.1585   1.3405   1.5500   1.7530   1.9090   2.0650   2.2835   2.4930   2.6905   2.9055   3.1040   0.0000   0.0000   0.0000   0.0000   0.0000   0.0000   0.0000   0.0000;
152:  0.4930   0.6835   0.8290   0.9790   1.1580   1.3390   1.5485   1.7525   1.9090   2.0645   2.2815   2.4895   2.6860   2.9005   3.0995   0.0000   0.0000   0.0000   0.0000   0.0000   0.0000   0.0000   0.0000;
153:  0.4920   0.6840   0.8300   0.9795   1.1580   1.3385   1.5480   1.7525   1.9095   2.0650   2.2810   2.4880   2.6835   2.8970   3.0950   0.0000   0.0000   0.0000   0.0000   0.0000   0.0000   0.0000   0.0000;
154:  0.4910   0.6840   0.8300   0.9795   1.1580   1.3380   1.5475   1.7530   1.9110   2.0665   2.2810   2.4870   2.6810   2.8930   3.0910   0.0000   0.0000   0.0000   0.0000   0.0000   0.0000   0.0000   0.0000;
155:  0.4900   0.6840   0.8305   0.9805   1.1585   1.3375   1.5470   1.7535   1.9125   2.0680   2.2815   2.4870   2.6800   2.8905   3.0875   0.0000   0.0000   0.0000   0.0000   0.0000   0.0000   0.0000   0.0000;
156:  0.4890   0.6840   0.8310   0.9810   1.1590   1.3375   1.5470   1.7545   1.9145   2.0700   2.2825   2.4875   2.6790   2.8885   3.0845   0.0000   0.0000   0.0000   0.0000   0.0000   0.0000   0.0000   0.0000;
157:  0.4880   0.6840   0.8320   0.9825   1.1595   1.3375   1.5475   1.7560   1.9170   2.0730   2.2850   2.4895   2.6800   2.8875   3.0815   0.0000   0.0000   0.0000   0.0000   0.0000   0.0000   0.0000   0.0000;
158:  0.4875   0.6850   0.8330   0.9840   1.1610   1.3380   1.5480   1.7570   1.9195   2.0765   2.2880   2.4920   2.6810   2.8875   3.0800   0.0000   0.0000   0.0000   0.0000   0.0000   0.0000   0.0000   0.0000;
159:  0.4865   0.6850   0.8340   0.9855   1.1625   1.3390   1.5485   1.7590   1.9230   2.0800   2.2910   2.4955   2.6830   2.8875   3.0790   0.0000   0.0000   0.0000   0.0000   0.0000   0.0000   0.0000   0.0000;
160:  0.4855   0.6850   0.8345   0.9870   1.1640   1.3395   1.5495   1.7610   1.9260   2.0840   2.2950   2.4995   2.6855   2.8880   3.0780   0.0000   0.0000   0.0000   0.0000   0.0000   0.0000   0.0000   0.0000;
161:  0.4850   0.6850   0.8350   0.9885   1.1655   1.3405   1.5505   1.7630   1.9290   2.0880   2.2995   2.5045   2.6890   2.8900   3.0785   0.0000   0.0000   0.0000   0.0000   0.0000   0.0000   0.0000   0.0000;
162:  0.4840   0.6850   0.8360   0.9905   1.1670   1.3415   1.5525   1.7660   1.9330   2.0930   2.3050   2.5105   2.6935   2.8925   3.0790   3.2745   0.0000   0.0000   0.0000   0.0000   0.0000   0.0000   0.0000;
163:  0.4830   0.6850   0.8370   0.9925   1.1695   1.3435   1.5540   1.7685   1.9375   2.0985   2.3105   2.5170   2.6990   2.8955   3.0800   3.2755   0.0000   0.0000   0.0000   0.0000   0.0000   0.0000   0.0000;
164:  0.4825   0.6855   0.8380   0.9945   1.1715   1.3450   1.5560   1.7715   1.9415   2.1035   2.3160   2.5235   2.7045   2.8995   3.0825   3.2770   0.0000   0.0000   0.0000   0.0000   0.0000   0.0000   0.0000;
165:  0.4815   0.6855   0.8385   0.9965   1.1740   1.3465   1.5585   1.7755   1.9465   2.1095   2.3230   2.5310   2.7105   2.9040   3.0850   3.2785   0.0000   0.0000   0.0000   0.0000   0.0000   0.0000   0.0000;
166:  0.4815   0.6860   0.8395   0.9985   1.1765   1.3490   1.5610   1.7785   1.9505   2.1150   2.3295   2.5390   2.7175   2.9090   3.0885   3.2810   0.0000   0.0000   0.0000   0.0000   0.0000   0.0000   0.0000;
167:  0.4805   0.6865   0.8415   1.0015   1.1795   1.3515   1.5640   1.7825   1.9555   2.1215   2.3370   2.5470   2.7245   2.9145   3.0920   3.2840   3.5665   0.0000   0.0000   0.0000   0.0000   0.0000   0.0000;
168:  0.4795   0.6865   0.8425   1.0035   1.1820   1.3545   1.5675   1.7865   1.9610   2.1280   2.3440   2.5555   2.7320   2.9205   3.0965   3.2875   3.5685   0.0000   0.0000   0.0000   0.0000   0.0000   0.0000;
169:  0.4790   0.6870   0.8435   1.0060   1.1855   1.3575   1.5705   1.7905   1.9660   2.1345   2.3520   2.5645   2.7400   2.9270   3.1015   3.2920   3.5710   0.0000   0.0000   0.0000   0.0000   0.0000   0.0000;
170:  0.4785   0.6875   0.8450   1.0085   1.1885   1.3605   1.5745   1.7955   1.9715   2.1410   2.3595   2.5730   2.7480   2.9340   3.1070   3.2965   3.5740   0.0000   0.0000   0.0000   0.0000   0.0000   0.0000;
171:  0.4780   0.6885   0.8465   1.0105   1.1910   1.3640   1.5790   1.8000   1.9765   2.1475   2.3675   2.5825   2.7565   2.9410   3.1135   3.3025   3.5770   0.0000   0.0000   0.0000   0.0000   0.0000   0.0000;
172:  0.4775   0.6885   0.8475   1.0130   1.1945   1.3680   1.5835   1.8050   1.9825   2.1545   2.3750   2.5910   2.7650   2.9485   3.1195   3.3080   3.5800   0.0000   0.0000   0.0000   0.0000   0.0000   0.0000;
173:  0.4775   0.6895   0.8490   1.0155   1.1980   1.3715   1.5875   1.8105   1.9885   2.1615   2.3835   2.6000   2.7730   2.9555   3.1260   3.3150   3.5845   0.0000   0.0000   0.0000   0.0000   0.0000   0.0000;
174:  0.4775   0.6910   0.8510   1.0175   1.2010   1.3760   1.5930   1.8160   1.9940   2.1680   2.3915   2.6095   2.7820   2.9630   3.1330   3.3220   3.5880   0.0000   0.0000   0.0000   0.0000   0.0000   0.0000;
175:  0.4765   0.6915   0.8525   1.0200   1.2045   1.3800   1.5975   1.8210   2.0000   2.1755   2.3995   2.6180   2.7900   2.9705   3.1400   3.3290   3.5925   0.0000   0.0000   0.0000   0.0000   0.0000   0.0000;
176:  0.4770   0.6930   0.8545   1.0225   1.2080   1.3845   1.6030   1.8270   2.0060   2.1820   2.4070   2.6260   2.7980   2.9780   3.1470   3.3365   3.5970   0.0000   0.0000   0.0000   0.0000   0.0000   0.0000;
177:  0.4765   0.6935   0.8560   1.0250   1.2115   1.3890   1.6085   1.8330   2.0125   2.1895   2.4155   2.6350   2.8065   2.9860   3.1550   3.3450   3.6020   0.0000   0.0000   0.0000   0.0000   0.0000   0.0000;
178:  0.4765   0.6955   0.8585   1.0270   1.2145   1.3935   1.6140   1.8390   2.0185   2.1965   2.4230   2.6425   2.8140   2.9930   3.1625   3.3535   3.6070   0.0000   0.0000   0.0000   0.0000   0.0000   0.0000;
179:  0.4770   0.6970   0.8605   1.0295   1.2180   1.3985   1.6200   1.8450   2.0250   2.2035   2.4305   2.6505   2.8215   3.0000   3.1695   3.3615   3.6120   0.0000   0.0000   0.0000   0.0000   0.0000   0.0000;
180:  0.4775   0.6985   0.8625   1.0315   1.2215   1.4035   1.6255   1.8510   2.0310   2.2105   2.4385   2.6580   2.8290   3.0070   3.1765   3.3705   3.6175   0.0000   0.0000   0.0000   0.0000   0.0000   0.0000;
181:  0.4780   0.7005   0.8650   1.0340   1.2250   1.4085   1.6320   1.8580   2.0380   2.2180   2.4460   2.6655   2.8365   3.0140   3.1840   3.3795   3.6235   0.0000   0.0000   0.0000   0.0000   0.0000   0.0000;
182:  0.4790   0.7025   0.8680   1.0370   1.2285   1.4135   1.6380   1.8640   2.0445   2.2255   2.4535   2.6725   2.8430   3.0200   3.1910   3.3885   3.6290   0.0000   0.0000   0.0000   0.0000   0.0000   0.0000;
183:  0.4795   0.7045   0.8705   1.0390   1.2320   1.4190   1.6440   1.8705   2.0515   2.2330   2.4610   2.6790   2.8495   3.0265   3.1975   3.3970   3.6345   0.0000   0.0000   0.0000   0.0000   0.0000   0.0000;
184:  0.4805   0.7070   0.8735   1.0415   1.2355   1.4240   1.6505   1.8775   2.0580   2.2400   2.4680   2.6850   2.8555   3.0320   3.2040   3.4060   3.6405   0.0000   0.0000   0.0000   0.0000   0.0000   0.0000;
185:  0.4815   0.7090   0.8760   1.0440   1.2395   1.4295   1.6565   1.8840   2.0655   2.2480   2.4755   2.6915   2.8615   3.0375   3.2100   3.4145   3.6460   0.0000   0.0000   0.0000   0.0000   0.0000   0.0000;
186:  0.4830   0.7115   0.8790   1.0465   1.2425   1.4345   1.6630   1.8910   2.0720   2.2550   2.4825   2.6975   2.8675   3.0430   3.2160   3.4230   3.6520   0.0000   0.0000   0.0000   0.0000   0.0000   0.0000;
187:  0.4840   0.7140   0.8820   1.0490   1.2465   1.4400   1.6690   1.8980   2.0800   2.2630   2.4895   2.7035   2.8735   3.0480   3.2215   3.4310   3.6575   0.0000   0.0000   0.0000   0.0000   0.0000   0.0000;
188:  0.4860   0.7170   0.8855   1.0520   1.2500   1.4450   1.6755   1.9050   2.0870   2.2705   2.4960   2.7085   2.8790   3.0530   3.2270   3.4395   3.6630   0.0000   0.0000   0.0000   0.0000   0.0000   0.0000;
189:  0.4870   0.7195   0.8890   1.0550   1.2540   1.4505   1.6815   1.9120   2.0945   2.2780   2.5030   2.7140   2.8840   3.0575   3.2320   3.4470   3.6685   0.0000   0.0000   0.0000   0.0000   0.0000   0.0000;
190:  0.4890   0.7225   0.8920   1.0575   1.2580   1.4560   1.6880   1.9190   2.1020   2.2860   2.5100   2.7195   2.8895   3.0620   3.2365   3.4545   3.6740   0.0000   0.0000   0.0000   0.0000   0.0000   0.0000;
191:  0.4910   0.7255   0.8955   1.0605   1.2615   1.4610   1.6940   1.9260   2.1095   2.2935   2.5165   2.7245   2.8945   3.0660   3.2410   3.4620   3.6790   0.0000   0.0000   0.0000   0.0000   0.0000   0.0000;
192:  0.4930   0.7280   0.8985   1.0635   1.2655   1.4665   1.7005   1.9335   2.1175   2.3020   2.5240   2.7305   2.9000   3.0700   3.2455   3.4690   3.6840   0.0000   0.0000   0.0000   0.0000   0.0000   0.0000;
193:  0.4955   0.7310   0.9020   1.0670   1.2700   1.4720   1.7065   1.9400   2.1245   2.3095   2.5310   2.7360   2.9055   3.0745   3.2495   3.4755   3.6890   0.0000   0.0000   0.0000   0.0000   0.0000   0.0000;
194:  0.4975   0.7340   0.9060   1.0705   1.2740   1.4770   1.7125   1.9475   2.1325   2.3175   2.5375   2.7410   2.9105   3.0785   3.2535   3.4815   3.6930   0.0000   0.0000   0.0000   0.0000   0.0000   0.0000;
195:  0.5000   0.7370   0.9095   1.0740   1.2780   1.4820   1.7190   1.9555   2.1410   2.3260   2.5450   2.7470   2.9160   3.0825   3.2575   3.4875   3.6975   0.0000   0.0000   0.0000   0.0000   0.0000   0.0000;
196:  0.5025   0.7405   0.9130   1.0770   1.2820   1.4870   1.7245   1.9620   2.1490   2.3345   2.5520   2.7525   2.9215   3.0865   3.2605   3.4925   3.7010   0.0000   0.0000   0.0000   0.0000   0.0000   0.0000;
197:  0.5050   0.7430   0.9165   1.0810   1.2865   1.4925   1.7310   1.9700   2.1575   2.3425   2.5590   2.7585   2.9270   3.0905   3.2640   3.4975   3.7050   0.0000   0.0000   0.0000   0.0000   0.0000   0.0000;
198:  0.5075   0.7460   0.9200   1.0850   1.2915   1.4975   1.7370   1.9770   2.1650   2.3510   2.5665   2.7650   2.9335   3.0950   3.2675   3.5020   3.7085   0.0000   0.0000   0.0000   0.0000   0.0000   0.0000;
199:  0.5105   0.7490   0.9235   1.0890   1.2960   1.5025   1.7430   1.9850   2.1740   2.3595   2.5740   2.7715   2.9395   3.0995   3.2710   3.5065   3.7115   0.0000   0.0000   0.0000   0.0000   0.0000   0.0000;
200:  0.5135   0.7520   0.9270   1.0930   1.3005   1.5080   1.7490   1.9920   2.1820   2.3680   2.5820   2.7785   2.9465   3.1045   3.2745   3.5100   3.7135   0.0000   0.0000   0.0000   0.0000   0.0000   0.0000;
201:  0.5160   0.7545   0.9300   1.0970   1.3055   1.5130   1.7550   1.9995   2.1905   2.3765   2.5895   2.7860   2.9535   3.1095   3.2780   3.5135   3.7165   0.0000   0.0000   0.0000   0.0000   0.0000   0.0000;
202:  0.5190   0.7575   0.9335   1.1015   1.3105   1.5180   1.7610   2.0070   2.1990   2.3855   2.5975   2.7935   2.9605   3.1140   3.2815   3.5170   3.7185   0.0000   0.0000   0.0000   0.0000   0.0000   0.0000;
203:  0.5220   0.7605   0.9370   1.1055   1.3150   1.5230   1.7675   2.0155   2.2080   2.3940   2.6050   2.8010   2.9680   3.1195   3.2855   3.5200   3.7200   3.9605   0.0000   0.0000   0.0000   0.0000   0.0000;
204:  0.5250   0.7630   0.9400   1.1100   1.3200   1.5280   1.7735   2.0230   2.2165   2.4030   2.6135   2.8095   2.9760   3.1255   3.2895   3.5225   3.7215   3.9580   0.0000   0.0000   0.0000   0.0000   0.0000;
205:  0.5280   0.7655   0.9430   1.1145   1.3250   1.5335   1.7800   2.0305   2.2250   2.4115   2.6215   2.8180   2.9845   3.1315   3.2935   3.5255   3.7230   3.9555   0.0000   0.0000   0.0000   0.0000   0.0000;
206:  0.5310   0.7685   0.9460   1.1190   1.3305   1.5385   1.7865   2.0385   2.2335   2.4205   2.6305   2.8270   2.9925   3.1375   3.2980   3.5280   3.7240   3.9530   0.0000   0.0000   0.0000   0.0000   0.0000;
207:  0.5340   0.7710   0.9490   1.1235   1.3360   1.5445   1.7930   2.0465   2.2425   2.4290   2.6385   2.8360   3.0015   3.1440   3.3025   3.5300   3.7245   3.9510   0.0000   0.0000   0.0000   0.0000   0.0000;
208:  0.5370   0.7735   0.9520   1.1280   1.3410   1.5495   1.7990   2.0540   2.2510   2.4380   2.6475   2.8460   3.0105   3.1505   3.3070   3.5315   3.7250   3.9485   0.0000   0.0000   0.0000   0.0000   0.0000;
209:  0.5395   0.7760   0.9550   1.1330   1.3465   1.5550   1.8060   2.0620   2.2590   2.4460   2.6560   2.8555   3.0195   3.1575   3.3120   3.5335   3.7255   3.9465   0.0000   0.0000   0.0000   0.0000   0.0000;
210:  0.5425   0.7780   0.9575   1.1375   1.3520   1.5610   1.8130   2.0700   2.2675   2.4550   2.6655   2.8660   3.0290   3.1645   3.3175   3.5360   3.7260   0.0000   0.0000   0.0000   0.0000   0.0000   0.0000;
211:  0.5455   0.7805   0.9600   1.1420   1.3575   1.5665   1.8200   2.0785   2.2765   2.4635   2.6740   2.8760   3.0385   3.1715   3.3220   3.5370   3.7255   0.0000   0.0000   0.0000   0.0000   0.0000   0.0000;
212:  0.5480   0.7830   0.9630   1.1465   1.3630   1.5725   1.8265   2.0860   2.2850   2.4720   2.6830   2.8865   3.0480   3.1790   3.3280   3.5390   3.7250   0.0000   0.0000   0.0000   0.0000   0.0000   0.0000;
213:  0.5510   0.7850   0.9655   1.1515   1.3685   1.5780   1.8335   2.0940   2.2930   2.4805   2.6920   2.8965   3.0570   3.1855   3.3330   3.5405   3.7250   0.0000   0.0000   0.0000   0.0000   0.0000   0.0000;
214:  0.5540   0.7880   0.9680   1.1555   1.3740   1.5845   1.8410   2.1025   2.3020   2.4890   2.7010   2.9070   3.0665   3.1930   3.3385   3.5420   3.7245   0.0000   0.0000   0.0000   0.0000   0.0000   0.0000;
215:  0.5565   0.7905   0.9710   1.1600   1.3790   1.5905   1.8485   2.1105   2.3100   2.4970   2.7100   2.9175   3.0755   3.2000   3.3440   3.5430   3.7235   0.0000   0.0000   0.0000   0.0000   0.0000   0.0000;
216:  0.5590   0.7925   0.9730   1.1645   1.3850   1.5965   1.8555   2.1185   2.3180   2.5050   2.7185   2.9275   3.0850   3.2075   3.3500   3.5450   3.7230   0.0000   0.0000   0.0000   0.0000   0.0000   0.0000;
217:  0.5615   0.7950   0.9760   1.1690   1.3905   1.6030   1.8630   2.1265   2.3265   2.5135   2.7275   2.9380   3.0940   3.2140   3.3550   3.5460   3.7220   0.0000   0.0000   0.0000   0.0000   0.0000   0.0000;
218:  0.5645   0.7980   0.9785   1.1730   1.3955   1.6095   1.8710   2.1345   2.3340   2.5210   2.7360   2.9480   3.1025   3.2205   3.3605   3.5475   3.7215   0.0000   0.0000   0.0000   0.0000   0.0000   0.0000;
219:  0.5665   0.8005   0.9815   1.1775   1.4010   1.6160   1.8785   2.1425   2.3420   2.5285   2.7440   2.9575   3.1110   3.2275   3.3660   3.5485   3.7205   0.0000   0.0000   0.0000   0.0000   0.0000   0.0000;
220:  0.5690   0.8030   0.9840   1.1815   1.4060   1.6225   1.8865   2.1505   2.3500   2.5365   2.7530   2.9675   3.1190   3.2335   3.3710   3.5500   3.7200   0.0000   0.0000   0.0000   0.0000   0.0000   0.0000;
221:  0.5720   0.8060   0.9870   1.1860   1.4115   1.6290   1.8940   2.1585   2.3575   2.5435   2.7605   2.9760   3.1260   3.2390   3.3760   3.5510   3.7190   0.0000   0.0000   0.0000   0.0000   0.0000   0.0000;
222:  0.5745   0.8095   0.9900   1.1895   1.4165   1.6360   1.9015   2.1655   2.3645   2.5510   2.7690   2.9850   3.1330   3.2445   3.3805   3.5520   3.7185   0.0000   0.0000   0.0000   0.0000   0.0000   0.0000;
223:  0.5765   0.8120   0.9930   1.1940   1.4215   1.6425   1.9095   2.1735   2.3720   2.5580   2.7765   2.9930   3.1395   3.2495   3.3845   3.5530   3.7180   0.0000   0.0000   0.0000   0.0000   0.0000   0.0000;
224:  0.5785   0.8150   0.9960   1.1980   1.4270   1.6495   1.9170   2.1805   2.3785   2.5645   2.7840   3.0010   3.1455   3.2540   3.3885   3.5535   3.7165   0.0000   0.0000   0.0000   0.0000   0.0000   0.0000;
225:  0.5810   0.8185   0.9995   1.2020   1.4315   1.6555   1.9240   2.1880   2.3860   2.5715   2.7915   3.0085   3.1510   3.2585   3.3925   3.5545   3.7160   0.0000   0.0000   0.0000   0.0000   0.0000   0.0000;
226:  0.5830   0.8215   1.0025   1.2055   1.4365   1.6625   1.9315   2.1950   2.3925   2.5780   2.7985   3.0150   3.1555   3.2615   3.3950   3.5550   3.7155   0.0000   0.0000   0.0000   0.0000   0.0000   0.0000;
227:  0.5855   0.8250   1.0060   1.2100   1.4415   1.6690   1.9390   2.2020   2.3990   2.5845   2.8055   3.0215   3.1600   3.2650   3.3980   3.5555   3.7150   0.0000   0.0000   0.0000   0.0000   0.0000   0.0000;
228:  0.5870   0.8280   1.0090   1.2135   1.4460   1.6755   1.9465   2.2085   2.4045   2.5900   2.8115   3.0270   3.1640   3.2680   3.4005   3.5560   3.7145   0.0000   0.0000   0.0000   0.0000   0.0000   0.0000;
229:  0.5895   0.8320   1.0130   1.2175   1.4510   1.6820   1.9530   2.2150   2.4110   2.5965   2.8185   3.0330   3.1675   3.2705   3.4030   3.5565   3.7140   0.0000   0.0000   0.0000   0.0000   0.0000   0.0000;
230:  0.5910   0.8350   1.0165   1.2215   1.4555   1.6880   1.9600   2.2215   2.4165   2.6020   2.8240   3.0370   3.1695   3.2725   3.4050   3.5570   3.7140   0.0000   0.0000   0.0000   0.0000   0.0000   0.0000;
231:  0.5935   0.8390   1.0205   1.2255   1.4600   1.6940   1.9665   2.2275   2.4220   2.6075   2.8300   3.0415   3.1720   3.2745   3.4065   3.5570   3.7135   0.0000   0.0000   0.0000   0.0000   0.0000   0.0000;
232:  0.5950   0.8425   1.0245   1.2295   1.4645   1.7000   1.9730   2.2335   2.4275   2.6130   2.8350   3.0450   3.1740   3.2760   3.4075   3.5565   3.7130   0.0000   0.0000   0.0000   0.0000   0.0000   0.0000;
233:  0.5965   0.8455   1.0280   1.2335   1.4690   1.7060   1.9790   2.2385   2.4320   2.6180   2.8405   3.0485   3.1755   3.2770   3.4085   3.5565   3.7130   0.0000   0.0000   0.0000   0.0000   0.0000   0.0000;
234:  0.5980   0.8490   1.0315   1.2370   1.4735   1.7115   1.9850   2.2440   2.4370   2.6235   2.8455   3.0510   3.1765   3.2780   3.4095   3.5565   3.7125   0.0000   0.0000   0.0000   0.0000   0.0000   0.0000;
235:  0.5995   0.8525   1.0360   1.2415   1.4780   1.7170   1.9905   2.2490   2.4415   2.6280   2.8495   3.0530   3.1775   3.2790   3.4100   3.5565   3.7130   0.0000   0.0000   0.0000   0.0000   0.0000   0.0000;
236:  0.6010   0.8560   1.0400   1.2455   1.4825   1.7225   1.9960   2.2540   2.4460   2.6325   2.8540   3.0550   3.1780   3.2800   3.4105   3.5560   3.7125   0.0000   0.0000   0.0000   0.0000   0.0000   0.0000;
237:  0.6025   0.8595   1.0440   1.2500   1.4870   1.7275   2.0015   2.2585   2.4500   2.6370   2.8580   3.0565   3.1785   3.2810   3.4115   3.5560   3.7125   0.0000   0.0000   0.0000   0.0000   0.0000   0.0000;
238:  0.6040   0.8635   1.0485   1.2540   1.4915   1.7325   2.0065   2.2630   2.4540   2.6415   2.8615   3.0570   3.1785   3.2820   3.4125   3.5560   3.7120   0.0000   0.0000   0.0000   0.0000   0.0000   0.0000;
239:  0.6050   0.8660   1.0525   1.2585   1.4955   1.7370   2.0110   2.2670   2.4575   2.6455   2.8655   3.0580   3.1785   3.2830   3.4135   3.5555   3.7115   0.0000   0.0000   0.0000   0.0000   0.0000   0.0000;
240:  0.6060   0.8695   1.0565   1.2625   1.5000   1.7415   2.0150   2.2705   2.4610   2.6495   2.8685   3.0585   3.1790   3.2850   3.4150   3.5555   3.7115   0.0000   0.0000   0.0000   0.0000   0.0000   0.0000;
241:  0.6070   0.8725   1.0610   1.2675   1.5045   1.7455   2.0190   2.2740   2.4640   2.6535   2.8715   3.0585   3.1795   3.2865   3.4165   3.5560   3.7115   0.0000   0.0000   0.0000   0.0000   0.0000   0.0000;
242:  0.6075   0.8755   1.0650   1.2720   1.5090   1.7495   2.0230   2.2775   2.4670   2.6570   2.8745   3.0590   3.1805   3.2890   3.4185   3.5560   3.7110   0.0000   0.0000   0.0000   0.0000   0.0000   0.0000;
243:  0.6085   0.8785   1.0690   1.2760   1.5135   1.7535   2.0265   2.2810   2.4700   2.6600   2.8765   3.0585   3.1810   3.2920   3.4215   3.5565   3.7110   0.0000   0.0000   0.0000   0.0000   0.0000   0.0000;
244:  0.6085   0.8805   1.0730   1.2810   1.5180   1.7570   2.0300   2.2840   2.4725   2.6635   2.8790   3.0585   3.1825   3.2955   3.4245   3.5570   3.7105   0.0000   0.0000   0.0000   0.0000   0.0000   0.0000;
245:  0.6095   0.8835   1.0770   1.2855   1.5225   1.7605   2.0330   2.2865   2.4750   2.6665   2.8810   3.0585   3.1840   3.2995   3.4285   3.5580   3.7100   0.0000   0.0000   0.0000   0.0000   0.0000   0.0000;
246:  0.6095   0.8855   1.0810   1.2900   1.5265   1.7635   2.0355   2.2890   2.4770   2.6690   2.8830   3.0580   3.1855   3.3040   3.4330   3.5590   3.7090   0.0000   0.0000   0.0000   0.0000   0.0000   0.0000;
247:  0.6095   0.8875   1.0845   1.2945   1.5315   1.7670   2.0385   2.2915   2.4790   2.6720   2.8845   3.0575   3.1880   3.3095   3.4385   3.5610   3.7085   0.0000   0.0000   0.0000   0.0000   0.0000   0.0000;
248:  0.6090   0.8890   1.0880   1.2990   1.5360   1.7700   2.0410   2.2940   2.4810   2.6745   2.8865   3.0580   3.1915   3.3160   3.4450   3.5630   3.7075   0.0000   0.0000   0.0000   0.0000   0.0000   0.0000;
249:  0.6090   0.8905   1.0910   1.3035   1.5405   1.7730   2.0435   2.2955   2.4825   2.6770   2.8875   3.0575   3.1945   3.3225   3.4515   3.5650   3.7070   0.0000   0.0000   0.0000   0.0000   0.0000   0.0000;
250:  0.6085   0.8920   1.0945   1.3080   1.5450   1.7760   2.0455   2.2970   2.4840   2.6790   2.8885   3.0575   3.1985   3.3305   3.4600   3.5680   3.7060   0.0000   0.0000   0.0000   0.0000   0.0000   0.0000;
251:  0.6080   0.8930   1.0975   1.3125   1.5495   1.7785   2.0475   2.2990   2.4855   2.6805   2.8890   3.0575   3.2025   3.3385   3.4685   3.5710   3.7050   0.0000   0.0000   0.0000   0.0000   0.0000   0.0000;
252:  0.6070   0.8935   1.1000   1.3165   1.5540   1.7810   2.0495   2.3005   2.4870   2.6830   2.8895   3.0570   3.2070   3.3475   3.4785   3.5745   3.7035   3.9275   0.0000   0.0000   0.0000   0.0000   0.0000;
253:  0.6060   0.8945   1.1025   1.3205   1.5585   1.7840   2.0515   2.3020   2.4885   2.6845   2.8900   3.0570   3.2120   3.3575   3.4890   3.5785   3.7025   3.9280   0.0000   0.0000   0.0000   0.0000   0.0000;
254:  0.6050   0.8950   1.1055   1.3245   1.5620   1.7860   2.0535   2.3035   2.4890   2.6855   2.8900   3.0570   3.2175   3.3680   3.5005   3.5825   3.7005   3.9280   0.0000   0.0000   0.0000   0.0000   0.0000;
255:  0.6040   0.8950   1.1075   1.3280   1.5660   1.7885   2.0550   2.3045   2.4900   2.6865   2.8895   3.0570   3.2230   3.3785   3.5130   3.5875   3.6990   3.9285   0.0000   0.0000   0.0000   0.0000   0.0000;
256:  0.6025   0.8950   1.1090   1.3310   1.5700   1.7910   2.0565   2.3055   2.4910   2.6875   2.8890   3.0570   3.2290   3.3895   3.5250   3.5925   3.6975   3.9290   0.0000   0.0000   0.0000   0.0000   0.0000;
257:  0.6005   0.8945   1.1110   1.3345   1.5740   1.7935   2.0575   2.3055   2.4910   2.6880   2.8880   3.0570   3.2355   3.4015   3.5390   3.5980   3.6960   3.9295   0.0000   0.0000   0.0000   0.0000   0.0000;
258:  0.5995   0.8945   1.1125   1.3375   1.5780   1.7960   2.0590   2.3065   2.4920   2.6885   2.8870   3.0570   3.2415   3.4130   3.5525   3.6035   3.6940   3.9300   0.0000   0.0000   0.0000   0.0000   0.0000;
259:  0.5975   0.8940   1.1140   1.3400   1.5810   1.7985   2.0610   2.3070   2.4915   2.6880   2.8855   3.0570   3.2480   3.4250   3.5670   3.6095   3.6920   3.9305   0.0000   0.0000   0.0000   0.0000   0.0000;
260:  0.5965   0.8935   1.1150   1.3430   1.5850   1.8010   2.0620   2.3070   2.4915   2.6875   2.8835   3.0570   3.2545   3.4375   3.5820   3.6155   3.6900   3.9310   0.0000   0.0000   0.0000   0.0000   0.0000;
261:  0.5945   0.8930   1.1160   1.3445   1.5880   1.8035   2.0630   2.3075   2.4920   2.6875   2.8820   3.0570   3.2610   3.4495   3.5965   3.6215   3.6875   3.9305   0.0000   0.0000   0.0000   0.0000   0.0000;
262:  0.5925   0.8920   1.1170   1.3470   1.5910   1.8060   2.0640   2.3070   2.4915   2.6865   2.8800   3.0570   3.2675   3.4615   3.6110   3.6275   3.6850   0.0000   0.0000   0.0000   0.0000   0.0000   0.0000;
263:  0.5910   0.8910   1.1175   1.3485   1.5935   1.8080   2.0650   2.3070   2.4910   2.6850   2.8770   3.0560   3.2730   3.4730   3.6260   3.6345   3.6830   0.0000   0.0000   0.0000   0.0000   0.0000   0.0000;
264:  0.5890   0.8900   1.1180   1.3495   1.5960   1.8110   2.0660   2.3065   2.4905   2.6835   2.8740   3.0555   3.2785   3.4835   3.6395   3.6400   3.6805   0.0000   0.0000   0.0000   0.0000   0.0000   0.0000;
265:  0.5870   0.8890   1.1180   1.3500   1.5980   1.8135   2.0670   2.3055   2.4895   2.6820   2.8705   3.0540   3.2835   3.4945   3.6540   3.6460   3.6780   0.0000   0.0000   0.0000   0.0000   0.0000   0.0000;
266:  0.5855   0.8875   1.1175   1.3505   1.6000   1.8160   2.0675   2.3045   2.4885   2.6800   2.8670   3.0525   3.2880   3.5040   3.6670   3.6520   3.6760   0.0000   0.0000   0.0000   0.0000   0.0000   0.0000;
267:  0.5835   0.8865   1.1175   1.3505   1.6010   1.8175   2.0675   2.3030   2.4865   2.6770   2.8630   3.0505   3.2915   3.5125   3.6790   3.6570   3.6730   0.0000   0.0000   0.0000   0.0000   0.0000   0.0000;
268:  0.5815   0.8850   1.1170   1.3505   1.6025   1.8200   2.0680   2.3020   2.4855   2.6745   2.8590   3.0485   3.2940   3.5200   3.6905   3.6620   3.6705   0.0000   0.0000   0.0000   0.0000   0.0000   0.0000;
269:  0.5800   0.8835   1.1165   1.3500   1.6030   1.8220   2.0680   2.3000   2.4835   2.6715   2.8545   3.0460   3.2965   3.5265   3.7005   3.6665   3.6680   0.0000   0.0000   0.0000   0.0000   0.0000   0.0000;
270:  0.5780   0.8825   1.1160   1.3485   1.6030   1.8240   2.0680   2.2980   2.4810   2.6675   2.8495   3.0430   3.2980   3.5325   3.7100   3.6700   3.6650   0.0000   0.0000   0.0000   0.0000   0.0000   0.0000;
271:  0.5765   0.8815   1.1150   1.3475   1.6035   1.8255   2.0675   2.2960   2.4790   2.6640   2.8440   3.0390   3.2980   3.5365   3.7175   3.6730   3.6625   0.0000   0.0000   0.0000   0.0000   0.0000   0.0000;
272:  0.5750   0.8800   1.1145   1.3465   1.6030   1.8265   2.0665   2.2930   2.4755   2.6590   2.8385   3.0355   3.2970   3.5385   3.7230   3.6750   3.6600   0.0000   0.0000   0.0000   0.0000   0.0000   0.0000;
273:  0.5735   0.8780   1.1125   1.3440   1.6020   1.8280   2.0655   2.2900   2.4730   2.6545   2.8325   3.0315   3.2955   3.5395   3.7275   3.6765   3.6575   0.0000   0.0000   0.0000   0.0000   0.0000   0.0000;
274:  0.5720   0.8770   1.1115   1.3420   1.6010   1.8290   2.0645   2.2870   2.4695   2.6495   2.8260   3.0260   3.2925   3.5390   3.7305   3.6775   3.6545   0.0000   0.0000   0.0000   0.0000   0.0000   0.0000;
275:  0.5710   0.8760   1.1105   1.3395   1.5990   1.8290   2.0625   2.2835   2.4655   2.6440   2.8200   3.0210   3.2885   3.5370   3.7315   3.6770   3.6520   0.0000   0.0000   0.0000   0.0000   0.0000   0.0000;
276:  0.5700   0.8745   1.1085   1.3370   1.5975   1.8295   2.0605   2.2795   2.4615   2.6385   2.8135   3.0150   3.2830   3.5325   3.7300   3.6755   3.6490   0.0000   0.0000   0.0000   0.0000   0.0000   0.0000;
277:  0.5690   0.8735   1.1075   1.3345   1.5955   1.8295   2.0580   2.2750   2.4570   2.6325   2.8060   3.0080   3.2765   3.5270   3.7270   3.6735   3.6470   0.0000   0.0000   0.0000   0.0000   0.0000   0.0000;
278:  0.5675   0.8720   1.1055   1.3310   1.5925   1.8285   2.0550   2.2705   2.4520   2.6260   2.7990   3.0010   3.2690   3.5205   3.7225   3.6700   3.6440   0.0000   0.0000   0.0000   0.0000   0.0000   0.0000;
279:  0.5675   0.8710   1.1035   1.3275   1.5895   1.8280   2.0520   2.2655   2.4465   2.6185   2.7910   2.9935   3.2605   3.5115   3.7155   3.6655   3.6415   0.0000   0.0000   0.0000   0.0000   0.0000   0.0000;
280:  0.5660   0.8695   1.1015   1.3240   1.5860   1.8265   2.0485   2.2605   2.4415   2.6120   2.7840   2.9860   3.2505   3.5010   3.7070   3.6600   3.6390   0.0000   0.0000   0.0000   0.0000   0.0000   0.0000;
281:  0.5660   0.8685   1.0990   1.3200   1.5825   1.8245   2.0445   2.2550   2.4350   2.6040   2.7760   2.9780   3.2400   3.4885   3.6960   3.6535   3.6360   0.0000   0.0000   0.0000   0.0000   0.0000   0.0000;
282:  0.5650   0.8665   1.0965   1.3165   1.5790   1.8225   2.0400   2.2490   2.4290   2.5970   2.7685   2.9690   3.2280   3.4755   3.6840   3.6455   3.6330   0.0000   0.0000   0.0000   0.0000   0.0000   0.0000;
283:  0.5645   0.8655   1.0945   1.3125   1.5745   1.8195   2.0350   2.2430   2.4225   2.5890   2.7605   2.9605   3.2160   3.4605   3.6695   3.6370   3.6305   0.0000   0.0000   0.0000   0.0000   0.0000   0.0000;
284:  0.5640   0.8640   1.0915   1.3080   1.5695   1.8160   2.0295   2.2365   2.4160   2.5810   2.7525   2.9510   3.2020   3.4440   3.6535   3.6275   3.6280   0.0000   0.0000   0.0000   0.0000   0.0000   0.0000;
285:  0.5635   0.8625   1.0890   1.3040   1.5645   1.8120   2.0240   2.2300   2.4085   2.5720   2.7435   2.9410   3.1880   3.4270   3.6360   3.6170   3.6260   0.0000   0.0000   0.0000   0.0000   0.0000   0.0000;
286:  0.5635   0.8610   1.0860   1.3000   1.5600   1.8075   2.0175   2.2230   2.4015   2.5640   2.7355   2.9315   3.1730   3.4085   3.6175   3.6055   3.6230   0.0000   0.0000   0.0000   0.0000   0.0000   0.0000;
287:  0.5630   0.8595   1.0830   1.2955   1.5545   1.8030   2.0115   2.2160   2.3935   2.5550   2.7275   2.9220   3.1585   3.3895   3.5970   3.5930   0.0000   0.0000   0.0000   0.0000   0.0000   0.0000   0.0000;
288:  0.5625   0.8580   1.0805   1.2915   1.5490   1.7975   2.0045   2.2090   2.3860   2.5460   2.7190   2.9120   3.1425   3.3690   3.5755   3.5800   0.0000   0.0000   0.0000   0.0000   0.0000   0.0000   0.0000;
289:  0.5625   0.8565   1.0775   1.2870   1.5430   1.7915   1.9975   2.2015   2.3780   2.5375   2.7110   2.9020   3.1265   3.3485   3.5530   3.5660   0.0000   0.0000   0.0000   0.0000   0.0000   0.0000   0.0000;
290:  0.5620   0.8545   1.0740   1.2825   1.5370   1.7855   1.9905   2.1940   2.3695   2.5280   2.7025   2.8915   3.1095   3.3270   3.5300   3.5520   0.0000   0.0000   0.0000   0.0000   0.0000   0.0000   0.0000;
291:  0.5620   0.8530   1.0710   1.2785   1.5310   1.7785   1.9825   2.1860   2.3610   2.5190   2.6945   2.8815   3.0935   3.3055   3.5060   3.5375   0.0000   0.0000   0.0000   0.0000   0.0000   0.0000   0.0000;
292:  0.5615   0.8510   1.0670   1.2735   1.5245   1.7710   1.9745   2.1780   2.3520   2.5100   2.6865   2.8715   3.0770   3.2835   3.4820   3.5225   0.0000   0.0000   0.0000   0.0000   0.0000   0.0000   0.0000;
293:  0.5605   0.8485   1.0635   1.2690   1.5180   1.7635   1.9665   2.1700   2.3435   2.5010   2.6785   2.8620   3.0610   3.2620   3.4575   3.5075   0.0000   0.0000   0.0000   0.0000   0.0000   0.0000   0.0000;
294:  0.5600   0.8470   1.0600   1.2645   1.5120   1.7560   1.9585   2.1625   2.3350   2.4920   2.6705   2.8520   3.0450   3.2405   3.4330   3.4920   0.0000   0.0000   0.0000   0.0000   0.0000   0.0000   0.0000;
295:  0.5590   0.8445   1.0565   1.2605   1.5055   1.7475   1.9495   2.1540   2.3260   2.4825   2.6625   2.8425   3.0290   3.2190   3.4085   3.4770   0.0000   0.0000   0.0000   0.0000   0.0000   0.0000   0.0000;
296:  0.5585   0.8425   1.0525   1.2560   1.4990   1.7390   1.9410   2.1460   2.3170   2.4735   2.6550   2.8335   3.0140   3.1980   3.3840   3.4615   0.0000   0.0000   0.0000   0.0000   0.0000   0.0000   0.0000;
297:  0.5575   0.8400   1.0490   1.2520   1.4925   1.7305   1.9325   2.1380   2.3080   2.4645   2.6475   2.8245   2.9990   3.1775   3.3600   3.4460   0.0000   0.0000   0.0000   0.0000   0.0000   0.0000   0.0000;
298:  0.5565   0.8375   1.0450   1.2475   1.4855   1.7215   1.9240   2.1300   2.2995   2.4560   2.6405   2.8165   2.9850   3.1580   3.3375   3.4315   0.0000   0.0000   0.0000   0.0000   0.0000   0.0000   0.0000;
299:  0.5555   0.8350   1.0410   1.2430   1.4790   1.7125   1.9150   2.1220   2.2910   2.4475   2.6330   2.8080   2.9715   3.1390   3.3150   3.4170   0.0000   0.0000   0.0000   0.0000   0.0000   0.0000   0.0000;
300:  0.5545   0.8325   1.0370   1.2390   1.4725   1.7030   1.9060   2.1135   2.2815   2.4385   2.6260   2.8000   2.9585   3.1215   3.2940   3.4035   0.0000   0.0000   0.0000   0.0000   0.0000   0.0000   0.0000;
301:  0.5530   0.8300   1.0330   1.2345   1.4655   1.6940   1.8980   2.1060   2.2735   2.4310   2.6190   2.7925   2.9470   3.1045   3.2735   3.3900   0.0000   0.0000   0.0000   0.0000   0.0000   0.0000   0.0000;
302:  0.5515   0.8270   1.0290   1.2305   1.4595   1.6850   1.8895   2.0985   2.2650   2.4225   2.6120   2.7850   2.9355   3.0890   3.2545   3.3775   0.0000   0.0000   0.0000   0.0000   0.0000   0.0000   0.0000;
303:  0.5495   0.8240   1.0245   1.2260   1.4530   1.6755   1.8805   2.0905   2.2570   2.4150   2.6055   2.7785   2.9255   3.0740   3.2365   3.3655   0.0000   0.0000   0.0000   0.0000   0.0000   0.0000   0.0000;
304:  0.5480   0.8215   1.0205   1.2220   1.4465   1.6665   1.8725   2.0830   2.2485   2.4065   2.5985   2.7720   2.9165   3.0610   3.2200   3.3545   0.0000   0.0000   0.0000   0.0000   0.0000   0.0000   0.0000;
305:  0.5460   0.8190   1.0170   1.2180   1.4400   1.6570   1.8640   2.0755   2.2410   2.3995   2.5925   2.7665   2.9080   3.0490   3.2050   3.3440   0.0000   0.0000   0.0000   0.0000   0.0000   0.0000   0.0000;
306:  0.5440   0.8160   1.0125   1.2135   1.4340   1.6485   1.8560   2.0680   2.2335   2.3925   2.5860   2.7605   2.9005   3.0380   3.1915   3.3355   0.0000   0.0000   0.0000   0.0000   0.0000   0.0000   0.0000;
307:  0.5420   0.8135   1.0090   1.2095   1.4275   1.6395   1.8480   2.0605   2.2255   2.3850   2.5795   2.7550   2.8940   3.0290   3.1795   3.3270   0.0000   0.0000   0.0000   0.0000   0.0000   0.0000   0.0000;
308:  0.5400   0.8110   1.0055   1.2055   1.4215   1.6310   1.8400   2.0535   2.2190   2.3785   2.5735   2.7505   2.8885   3.0205   3.1685   3.3195   0.0000   0.0000   0.0000   0.0000   0.0000   0.0000   0.0000;
309:  0.5375   0.8080   1.0020   1.2015   1.4155   1.6230   1.8330   2.0465   2.2115   2.3720   2.5680   2.7460   2.8840   3.0140   3.1595   3.3135   0.0000   0.0000   0.0000   0.0000   0.0000   0.0000   0.0000;
310:  0.5350   0.8055   0.9985   1.1975   1.4095   1.6150   1.8255   2.0395   2.2050   2.3660   2.5620   2.7415   2.8800   3.0085   3.1525   3.3085   0.0000   0.0000   0.0000   0.0000   0.0000   0.0000   0.0000;
311:  0.5330   0.8030   0.9945   1.1930   1.4035   1.6070   1.8185   2.0330   2.1990   2.3600   2.5560   2.7380   2.8775   3.0040   3.1460   3.3040   0.0000   0.0000   0.0000   0.0000   0.0000   0.0000   0.0000;
312:  0.5300   0.8005   0.9920   1.1895   1.3980   1.5995   1.8115   2.0265   2.1925   2.3540   2.5500   2.7340   2.8750   3.0005   3.1410   3.3005   0.0000   0.0000   0.0000   0.0000   0.0000   0.0000   0.0000;
313:  0.5275   0.7980   0.9885   1.1860   1.3930   1.5925   1.8045   2.0195   2.1865   2.3485   2.5445   2.7310   2.8740   2.9985   3.1375   3.2985   0.0000   0.0000   0.0000   0.0000   0.0000   0.0000   0.0000;
314:  0.5250   0.7955   0.9855   1.1820   1.3875   1.5860   1.7985   2.0130   2.1805   2.3430   2.5390   2.7280   2.8730   2.9975   3.1355   3.2970   0.0000   0.0000   0.0000   0.0000   0.0000   0.0000   0.0000;
315:  0.5225   0.7935   0.9830   1.1785   1.3820   1.5790   1.7920   2.0070   2.1755   2.3385   2.5340   2.7250   2.8725   2.9970   3.1345   3.2965   0.0000   0.0000   0.0000   0.0000   0.0000   0.0000   0.0000;
316:  0.5195   0.7910   0.9800   1.1745   1.3765   1.5725   1.7860   2.0010   2.1705   2.3335   2.5285   2.7225   2.8730   2.9975   3.1345   3.2975   0.0000   0.0000   0.0000   0.0000   0.0000   0.0000   0.0000;
317:  0.5170   0.7890   0.9775   1.1710   1.3715   1.5670   1.7805   1.9950   2.1655   2.3290   2.5235   2.7200   2.8735   2.9990   3.1355   3.2985   0.0000   0.0000   0.0000   0.0000   0.0000   0.0000   0.0000;
318:  0.5145   0.7875   0.9755   1.1680   1.3670   1.5615   1.7750   1.9890   2.1605   2.3245   2.5185   2.7180   2.8755   3.0015   3.1370   3.3000   0.0000   0.0000   0.0000   0.0000   0.0000   0.0000   0.0000;
319:  0.5115   0.7850   0.9730   1.1645   1.3620   1.5555   1.7690   1.9830   2.1560   2.3205   2.5135   2.7155   2.8765   3.0040   3.1395   3.3025   0.0000   0.0000   0.0000   0.0000   0.0000   0.0000   0.0000;
320:  0.5090   0.7835   0.9715   1.1615   1.3575   1.5510   1.7640   1.9775   2.1520   2.3165   2.5085   2.7135   2.8785   3.0070   3.1425   3.3060   0.0000   0.0000   0.0000   0.0000   0.0000   0.0000   0.0000;
321:  0.5065   0.7820   0.9700   1.1590   1.3535   1.5460   1.7585   1.9720   2.1480   2.3125   2.5040   2.7120   2.8805   3.0105   3.1460   3.3095   0.0000   0.0000   0.0000   0.0000   0.0000   0.0000   0.0000;
322:  0.5035   0.7800   0.9680   1.1560   1.3490   1.5420   1.7540   1.9660   2.1430   2.3080   2.4990   2.7100   2.8825   3.0140   3.1500   3.3140   0.0000   0.0000   0.0000   0.0000   0.0000   0.0000   0.0000;
323:  0.5010   0.7785   0.9665   1.1530   1.3445   1.5375   1.7495   1.9615   2.1400   2.3050   2.4950   2.7085   2.8850   3.0180   3.1540   3.3190   0.0000   0.0000   0.0000   0.0000   0.0000   0.0000   0.0000;
324:  0.4985   0.7765   0.9650   1.1505   1.3410   1.5335   1.7445   1.9560   2.1360   2.3010   2.4905   2.7070   2.8870   3.0220   3.1585   3.3240   0.0000   0.0000   0.0000   0.0000   0.0000   0.0000   0.0000;
325:  0.4955   0.7750   0.9640   1.1485   1.3370   1.5295   1.7405   1.9510   2.1320   2.2975   2.4865   2.7060   2.8900   3.0265   3.1630   3.3295   0.0000   0.0000   0.0000   0.0000   0.0000   0.0000   0.0000;
326:  0.4930   0.7735   0.9630   1.1465   1.3335   1.5255   1.7355   1.9460   2.1290   2.2945   2.4825   2.7040   2.8915   3.0305   3.1675   3.3350   0.0000   0.0000   0.0000   0.0000   0.0000   0.0000   0.0000;
327:  0.4905   0.7720   0.9620   1.1445   1.3300   1.5220   1.7315   1.9410   2.1250   2.2915   2.4795   2.7030   2.8935   3.0340   3.1715   3.3410   0.0000   0.0000   0.0000   0.0000   0.0000   0.0000   0.0000;
328:  0.4890   0.7710   0.9610   1.1425   1.3265   1.5185   1.7275   1.9365   2.1220   2.2885   2.4760   2.7020   2.8960   3.0385   3.1760   3.3470   0.0000   0.0000   0.0000   0.0000   0.0000   0.0000   0.0000;
329:  0.4865   0.7695   0.9605   1.1410   1.3235   1.5155   1.7235   1.9325   2.1190   2.2850   2.4725   2.7010   2.8975   3.0415   3.1800   3.3535   0.0000   0.0000   0.0000   0.0000   0.0000   0.0000   0.0000;
330:  0.4840   0.7680   0.9600   1.1400   1.3205   1.5125   1.7205   1.9285   2.1160   2.2825   2.4695   2.6995   2.8990   3.0450   3.1835   3.3600   0.0000   0.0000   0.0000   0.0000   0.0000   0.0000   0.0000;
331:  0.4815   0.7665   0.9595   1.1390   1.3180   1.5095   1.7165   1.9240   2.1130   2.2800   2.4670   2.6985   2.9000   3.0475   3.1865   3.3660   0.0000   0.0000   0.0000   0.0000   0.0000   0.0000   0.0000;
332:  0.4790   0.7655   0.9595   1.1380   1.3155   1.5065   1.7130   1.9205   2.1100   2.2770   2.4645   2.6980   2.9015   3.0505   3.1900   3.3725   3.6245   0.0000   0.0000   0.0000   0.0000   0.0000   0.0000;
333:  0.4770   0.7640   0.9590   1.1370   1.3130   1.5035   1.7100   1.9175   2.1075   2.2745   2.4625   2.6975   2.9025   3.0530   3.1925   3.3785   3.6315   0.0000   0.0000   0.0000   0.0000   0.0000   0.0000;
334:  0.4745   0.7625   0.9585   1.1365   1.3110   1.5010   1.7070   1.9140   2.1050   2.2725   2.4605   2.6960   2.9025   3.0545   3.1945   3.3850   3.6395   0.0000   0.0000   0.0000   0.0000   0.0000   0.0000;
335:  0.4725   0.7610   0.9580   1.1360   1.3095   1.4985   1.7040   1.9110   2.1020   2.2695   2.4585   2.6955   2.9030   3.0560   3.1960   3.3910   3.6470   0.0000   0.0000   0.0000   0.0000   0.0000   0.0000;
336:  0.4700   0.7595   0.9575   1.1355   1.3075   1.4960   1.7015   1.9085   2.1000   2.2675   2.4575   2.6955   2.9035   3.0575   3.1975   3.3965   3.6545   0.0000   0.0000   0.0000   0.0000   0.0000   0.0000;
337:  0.4675   0.7575   0.9570   1.1355   1.3065   1.4940   1.6995   1.9060   2.0975   2.2655   2.4565   2.6950   2.9030   3.0580   3.1985   3.4025   3.6630   0.0000   0.0000   0.0000   0.0000   0.0000   0.0000;
338:  0.4650   0.7560   0.9570   1.1355   1.3050   1.4915   1.6970   1.9040   2.0955   2.2635   2.4555   2.6945   2.9025   3.0590   3.2000   3.4090   3.6720   0.0000   0.0000   0.0000   0.0000   0.0000   0.0000;
339:  0.4625   0.7540   0.9565   1.1355   1.3040   1.4895   1.6950   1.9020   2.0935   2.2620   2.4555   2.6945   2.9020   3.0590   3.2000   3.4145   3.6805   0.0000   0.0000   0.0000   0.0000   0.0000   0.0000;
340:  0.4605   0.7525   0.9560   1.1360   1.3035   1.4875   1.6935   1.9010   2.0920   2.2605   2.4555   2.6945   2.9015   3.0590   3.2000   3.4195   3.6885   0.0000   0.0000   0.0000   0.0000   0.0000   0.0000;
341:  0.4575   0.7505   0.9555   1.1360   1.3025   1.4855   1.6920   1.9000   2.0905   2.2590   2.4555   2.6945   2.9005   3.0585   3.2000   3.4250   3.6975   0.0000   0.0000   0.0000   0.0000   0.0000   0.0000;
342:  0.4550   0.7490   0.9555   1.1365   1.3020   1.4835   1.6905   1.8985   2.0885   2.2575   2.4555   2.6945   2.8995   3.0580   3.2000   3.4305   3.7065   0.0000   0.0000   0.0000   0.0000   0.0000   0.0000;
343:  0.4525   0.7470   0.9550   1.1370   1.3020   1.4825   1.6900   1.8985   2.0875   2.2560   2.4560   2.6950   2.8990   3.0580   3.2000   3.4355   3.7145   0.0000   0.0000   0.0000   0.0000   0.0000   0.0000;
344:  0.4500   0.7455   0.9550   1.1380   1.3025   1.4810   1.6895   1.8985   2.0860   2.2550   2.4570   2.6955   2.8980   3.0570   3.1990   3.4405   3.7235   0.0000   0.0000   0.0000   0.0000   0.0000   0.0000;
345:  0.4475   0.7435   0.9540   1.1380   1.3025   1.4800   1.6890   1.8985   2.0855   2.2545   2.4585   2.6965   2.8970   3.0560   3.1985   3.4450   3.7315   0.0000   0.0000   0.0000   0.0000   0.0000   0.0000;
346:  0.4445   0.7420   0.9540   1.1390   1.3035   1.4795   1.6895   1.8995   2.0845   2.2535   2.4595   2.6970   2.8960   3.0555   3.1985   3.4500   3.7400   0.0000   0.0000   0.0000   0.0000   0.0000   0.0000;
347:  0.4415   0.7400   0.9535   1.1395   1.3045   1.4795   1.6900   1.9000   2.0840   2.2530   2.4610   2.6980   2.8950   3.0545   3.1985   3.4550   3.7480   0.0000   0.0000   0.0000   0.0000   0.0000   0.0000;
348:  0.4390   0.7385   0.9530   1.1400   1.3055   1.4790   1.6905   1.9010   2.0835   2.2530   2.4630   2.6990   2.8940   3.0535   3.1980   3.4595   3.7560   0.0000   0.0000   0.0000   0.0000   0.0000   0.0000;
349:  0.4360   0.7365   0.9525   1.1405   1.3065   1.4790   1.6915   1.9025   2.0835   2.2530   2.4650   2.7005   2.8935   3.0525   3.1980   3.4640   3.7630   0.0000   0.0000   0.0000   0.0000   0.0000   0.0000;
350:  0.4330   0.7345   0.9520   1.1410   1.3080   1.4795   1.6925   1.9040   2.0840   2.2535   2.4670   2.7015   2.8925   3.0520   3.1985   3.4680   3.7695   0.0000   0.0000   0.0000   0.0000   0.0000   0.0000;
351:  0.4305   0.7330   0.9515   1.1420   1.3100   1.4805   1.6945   1.9060   2.0840   2.2535   2.4690   2.7030   2.8920   3.0510   3.1985   3.4720   3.7760   0.0000   0.0000   0.0000   0.0000   0.0000   0.0000;
352:  0.4275   0.7315   0.9510   1.1420   1.3115   1.4815   1.6960   1.9080   2.0850   2.2540   2.4710   2.7045   2.8920   3.0510   3.1995   3.4765   3.7825   0.0000   0.0000   0.0000   0.0000   0.0000   0.0000;
353:  0.4245   0.7300   0.9510   1.1425   1.3135   1.4830   1.6980   1.9105   2.0860   2.2550   2.4740   2.7065   2.8920   3.0510   3.2005   3.4805   3.7880   0.0000   0.0000   0.0000   0.0000   0.0000   0.0000;
354:  0.4220   0.7285   0.9500   1.1430   1.3160   1.4850   1.7005   1.9130   2.0875   2.2565   2.4765   2.7080   2.8920   3.0510   3.2020   3.4845   3.7930   4.0195   4.3915   0.0000   0.0000   0.0000   0.0000;
355:  0.4190   0.7270   0.9495   1.1430   1.3185   1.4875   1.7030   1.9155   2.0885   2.2575   2.4790   2.7100   2.8925   3.0510   3.2035   3.4880   3.7970   4.0295   4.4250   0.0000   0.0000   0.0000   0.0000;
356:  0.4160   0.7260   0.9500   1.1440   1.3210   1.4895   1.7060   1.9185   2.0900   2.2590   2.4815   2.7120   2.8935   3.0515   3.2050   3.4915   3.8005   4.0390   4.4555   0.0000   0.0000   0.0000   0.0000;
357:  0.4135   0.7250   0.9495   1.1440   1.3240   1.4930   1.7090   1.9215   2.0920   2.2605   2.4840   2.7140   2.8940   3.0520   3.2070   3.4945   3.8040   4.0490   4.4825   0.0000   0.0000   0.0000   0.0000;
358:  0.4105   0.7235   0.9490   1.1440   1.3265   1.4960   1.7120   1.9240   2.0935   2.2625   2.4870   2.7165   2.8955   3.0530   3.2095   3.4975   3.8065   4.0590   4.5065   0.0000   0.0000   0.0000   0.0000;
359:  0.4080   0.7230   0.9490   1.1445   1.3300   1.5000   1.7155   1.9270   2.0955   2.2640   2.4895   2.7190   2.8975   3.0550   3.2125   3.5000   3.8080   4.0685   4.5265   0.0000   0.0000   0.0000   0.0000;
#AFTER_DB_V3;
000:  0.2300   0.5810   0.8640   1.0340   1.2550   1.4110   1.5970   1.8420   2.0190   2.1770   2.3560   2.6290   2.8140   2.9840   3.1280   3.3030   3.7030   3.9150   4.2400   4.8460   0.0000   0.0000   0.0000;
001:  0.2280   0.5780   0.8650   1.0320   1.2570   1.4160   1.6010   1.8450   2.0220   2.1780   2.3590   2.6310   2.8160   2.9860   3.1300   3.3070   3.7030   3.9160   4.2570   4.8570   0.0000   0.0000   0.0000;
002:  0.2260   0.5750   0.8670   1.0310   1.2590   1.4200   1.6060   1.8480   2.0250   2.1800   2.3620   2.6340   2.8190   2.9880   3.1330   3.3120   3.7020   3.9160   4.2740   4.8650   0.0000   0.0000   0.0000;
003:  0.2240   0.5730   0.8690   1.0290   1.2600   1.4260   1.6100   1.8510   2.0280   2.1830   2.3650   2.6360   2.8220   2.9900   3.1350   3.3170   3.7010   3.9160   4.2910   0.0000   0.0000   0.0000   0.0000;
004:  0.2230   0.5700   0.8710   1.0270   1.2620   1.4310   1.6150   1.8530   2.0310   2.1850   2.3680   2.6380   2.8250   2.9930   3.1380   3.3220   3.6990   3.9160   4.3070   0.0000   0.0000   0.0000   0.0000;
005:  0.2210   0.5680   0.8730   1.0260   1.2640   1.4370   1.6200   1.8560   2.0350   2.1870   2.3710   2.6400   2.8280   2.9960   3.1410   3.3270   3.6960   3.9150   4.3220   0.0000   0.0000   0.0000   0.0000;
006:  0.2190   0.5670   0.8750   1.0250   1.2650   1.4420   1.6260   1.8580   2.0380   2.1900   2.3740   2.6420   2.8320   2.9990   3.1440   3.3310   3.6920   3.9130   4.3370   0.0000   0.0000   0.0000   0.0000;
007:  0.2170   0.5650   0.8760   1.0240   1.2670   1.4480   1.6310   1.8610   2.0410   2.1920   2.3770   2.6440   2.8360   3.0020   3.1480   3.3360   3.6880   3.9110   4.3510   0.0000   0.0000   0.0000   0.0000;
008:  0.2160   0.5640   0.8780   1.0240   1.2680   1.4550   1.6370   1.8630   2.0440   2.1950   2.3810   2.6460   2.8400   3.0050   3.1520   3.3400   3.6830   3.9080   4.3640   0.0000   0.0000   0.0000   0.0000;
009:  0.2140   0.5630   0.8800   1.0230   1.2690   1.4610   1.6420   1.8650   2.0470   2.1980   2.3840   2.6480   2.8440   3.0090   3.1560   3.3440   3.6780   3.9050   4.3770   0.0000   0.0000   0.0000   0.0000;
010:  0.2130   0.5620   0.8810   1.0230   1.2700   1.4670   1.6480   1.8670   2.0500   2.2000   2.3870   2.6500   2.8490   3.0130   3.1600   3.3480   3.6720   3.9010   4.3880   0.0000   0.0000   0.0000   0.0000;
011:  0.2110   0.5620   0.8820   1.0230   1.2710   1.4730   1.6530   1.8690   2.0530   2.2040   2.3910   2.6510   2.8540   3.0160   3.1640   3.3520   3.6660   3.8970   4.3990   0.0000   0.0000   0.0000   0.0000;
012:  0.2100   0.5620   0.8830   1.0230   1.2730   1.4800   1.6580   1.8700   2.0560   2.2060   2.3950   2.6530   2.8580   3.0200   3.1680   3.3550   3.6590   3.8930   4.4080   0.0000   0.0000   0.0000   0.0000;
013:  0.2090   0.5620   0.8840   1.0240   1.2740   1.4860   1.6640   1.8720   2.0590   2.2090   2.3980   2.6550   2.8640   3.0240   3.1730   3.3580   3.6520   3.8890   0.0000   0.0000   0.0000   0.0000   0.0000;
014:  0.2070   0.5630   0.8850   1.0250   1.2750   1.4920   1.6690   1.8730   2.0620   2.2130   2.4020   2.6570   2.8690   3.0280   3.1780   3.3600   3.6440   3.8840   0.0000   0.0000   0.0000   0.0000   0.0000;
015:  0.2060   0.5640   0.8860   1.0260   1.2760   1.4980   1.6740   1.8750   2.0650   2.2160   2.4060   2.6600   2.8740   3.0320   3.1820   3.3620   3.6360   3.8800   0.0000   0.0000   0.0000   0.0000   0.0000;
016:  0.2050   0.5650   0.8860   1.0280   1.2770   1.5040   1.6790   1.8760   2.0680   2.2190   2.4100   2.6620   2.8800   3.0360   3.1870   3.3640   3.6290   3.8750   0.0000   0.0000   0.0000   0.0000   0.0000;
017:  0.2040   0.5660   0.8860   1.0290   1.2780   1.5100   1.6830   1.8780   2.0710   2.2220   2.4140   2.6640   2.8850   3.0400   3.1920   3.3650   3.6200   3.8700   0.0000   0.0000   0.0000   0.0000   0.0000;
018:  0.2040   0.5680   0.8860   1.0310   1.2790   1.5160   1.6880   1.8800   2.0740   2.2260   2.4180   2.6670   2.8910   3.0440   3.1970   3.3660   3.6120   3.8650   0.0000   0.0000   0.0000   0.0000   0.0000;
019:  0.2030   0.5700   0.8860   1.0340   1.2810   1.5220   1.6920   1.8820   2.0770   2.2290   2.4220   2.6700   2.8960   3.0470   3.2020   3.3660   3.6030   0.0000   0.0000   0.0000   0.0000   0.0000   0.0000;
020:  0.2020   0.5720   0.8860   1.0360   1.2820   1.5270   1.6960   1.8840   2.0800   2.2330   2.4270   2.6730   2.9020   3.0510   3.2070   3.3660   3.5950   0.0000   0.0000   0.0000   0.0000   0.0000   0.0000;
021:  0.2020   0.5740   0.8860   1.0390   1.2840   1.5320   1.7000   1.8860   2.0830   2.2370   2.4310   2.6770   2.9080   3.0550   3.2120   3.3650   3.5860   0.0000   0.0000   0.0000   0.0000   0.0000   0.0000;
022:  0.2010   0.5760   0.8850   1.0420   1.2860   1.5360   1.7030   1.8890   2.0860   2.2410   2.4360   2.6800   2.9130   3.0580   3.2170   3.3650   3.5780   0.0000   0.0000   0.0000   0.0000   0.0000   0.0000;
023:  0.2010   0.5790   0.8850   1.0450   1.2880   1.5410   1.7060   1.8920   2.0900   2.2450   2.4410   2.6840   2.9190   3.0620   3.2220   3.3630   3.5700   0.0000   0.0000   0.0000   0.0000   0.0000   0.0000;
024:  0.2000   0.5810   0.8840   1.0490   1.2900   1.5450   1.7090   1.8950   2.0930   2.2490   2.4460   2.6880   2.9250   3.0650   3.2260   3.3620   3.5620   0.0000   0.0000   0.0000   0.0000   0.0000   0.0000;
025:  0.2000   0.5840   0.8840   1.0530   1.2920   1.5490   1.7120   1.8990   2.0970   2.2540   2.4510   2.6930   2.9300   3.0680   3.2310   3.3600   3.5540   0.0000   0.0000   0.0000   0.0000   0.0000   0.0000;
026:  0.2000   0.5870   0.8830   1.0560   1.2950   1.5530   1.7150   1.9030   2.1010   2.2590   2.4560   2.6980   2.9350   3.0710   3.2360   3.3580   3.5460   0.0000   0.0000   0.0000   0.0000   0.0000   0.0000;
027:  0.2000   0.5900   0.8820   1.0600   1.2970   1.5560   1.7180   1.9070   2.1050   2.2640   2.4620   2.7030   2.9410   3.0740   3.2400   3.3560   3.5380   0.0000   0.0000   0.0000   0.0000   0.0000   0.0000;
028:  0.2000   0.5930   0.8820   1.0640   1.3000   1.5600   1.7200   1.9120   2.1100   2.2690   2.4680   2.7080   2.9460   3.0760   3.2450   3.3540   3.5310   0.0000   0.0000   0.0000   0.0000   0.0000   0.0000;
029:  0.2000   0.5960   0.8810   1.0680   1.3030   1.5630   1.7230   1.9170   2.1140   2.2750   2.4740   2.7130   2.9510   3.0780   3.2490   3.3520   3.5250   0.0000   0.0000   0.0000   0.0000   0.0000   0.0000;
030:  0.2010   0.5990   0.8810   1.0730   1.3060   1.5660   1.7250   1.9230   2.1190   2.2810   2.4810   2.7190   2.9560   3.0800   3.2530   3.3490   3.5180   0.0000   0.0000   0.0000   0.0000   0.0000   0.0000;
031:  0.2010   0.6030   0.8810   1.0770   1.3090   1.5680   1.7280   1.9290   2.1250   2.2870   2.4870   2.7250   2.9600   3.0820   3.2570   3.3470   3.5120   0.0000   0.0000   0.0000   0.0000   0.0000   0.0000;
032:  0.2020   0.6060   0.8810   1.0810   1.3130   1.5710   1.7300   1.9360   2.1310   2.2940   2.4950   2.7310   2.9640   3.0840   3.2610   3.3450   3.5070   0.0000   0.0000   0.0000   0.0000   0.0000   0.0000;
033:  0.2020   0.6090   0.8810   1.0850   1.3160   1.5740   1.7330   1.9430   2.1370   2.3010   2.5020   2.7370   2.9690   3.0850   3.2650   0.0000   0.0000   0.0000   0.0000   0.0000   0.0000   0.0000   0.0000;
034:  0.2030   0.6130   0.8820   1.0900   1.3200   1.5760   1.7360   1.9500   2.1430   2.3080   2.5090   2.7430   2.9730   3.0870   3.2680   0.0000   0.0000   0.0000   0.0000   0.0000   0.0000   0.0000   0.0000;
035:  0.2040   0.6160   0.8830   1.0940   1.3240   1.5780   1.7390   1.9580   2.1500   2.3160   2.5170   2.7490   2.9760   0.0000   0.0000   0.0000   0.0000   0.0000   0.0000   0.0000   0.0000   0.0000   0.0000;
036:  0.2050   0.6200   0.8840   1.0980   1.3280   1.5810   1.7420   1.9660   2.1570   2.3240   2.5250   2.7560   2.9800   0.0000   0.0000   0.0000   0.0000   0.0000   0.0000   0.0000   0.0000   0.0000   0.0000;
037:  0.2050   0.6230   0.8850   1.1030   1.3320   1.5830   1.7450   1.9750   2.1650   2.3330   2.5330   2.7620   2.9830   0.0000   0.0000   0.0000   0.0000   0.0000   0.0000   0.0000   0.0000   0.0000   0.0000;
038:  0.2070   0.6270   0.8870   1.1070   1.3370   1.5850   1.7490   1.9840   2.1730   2.3420   2.5410   2.7680   2.9860   0.0000   0.0000   0.0000   0.0000   0.0000   0.0000   0.0000   0.0000   0.0000   0.0000;
039:  0.2080   0.6300   0.8890   1.1120   1.3410   1.5880   1.7530   1.9930   2.1820   2.3510   2.5490   2.7740   2.9890   0.0000   0.0000   0.0000   0.0000   0.0000   0.0000   0.0000   0.0000   0.0000   0.0000;
040:  0.2090   0.6340   0.8920   1.1160   1.3450   1.5910   1.7580   2.0030   2.1900   2.3610   2.5580   2.7800   2.9910   0.0000   0.0000   0.0000   0.0000   0.0000   0.0000   0.0000   0.0000   0.0000   0.0000;
041:  0.2110   0.6380   0.8950   1.1200   1.3500   1.5940   1.7620   2.0130   2.2000   2.3710   2.5670   2.7860   2.9930   0.0000   0.0000   0.0000   0.0000   0.0000   0.0000   0.0000   0.0000   0.0000   0.0000;
042:  0.2130   0.6420   0.8980   1.1240   1.3550   1.5970   1.7670   2.0230   2.2090   2.3820   2.5760   2.7910   2.9950   0.0000   0.0000   0.0000   0.0000   0.0000   0.0000   0.0000   0.0000   0.0000   0.0000;
043:  0.2140   0.6450   0.9020   1.1290   1.3590   1.6000   1.7730   2.0330   2.2190   2.3920   2.5840   2.7970   2.9970   0.0000   0.0000   0.0000   0.0000   0.0000   0.0000   0.0000   0.0000   0.0000   0.0000;
044:  0.2160   0.6490   0.9060   1.1330   1.3640   1.6040   1.7790   2.0440   2.2290   2.4030   2.5930   2.8020   0.0000   0.0000   0.0000   0.0000   0.0000   0.0000   0.0000   0.0000   0.0000   0.0000   0.0000;
045:  0.2180   0.6530   0.9100   1.1370   1.3690   1.6070   1.7850   2.0540   2.2390   2.4140   2.6020   2.8070   0.0000   0.0000   0.0000   0.0000   0.0000   0.0000   0.0000   0.0000   0.0000   0.0000   0.0000;
046:  0.2210   0.6580   0.9150   1.1410   1.3730   1.6120   1.7920   2.0640   2.2490   2.4250   2.6110   0.0000   0.0000   0.0000   0.0000   0.0000   0.0000   0.0000   0.0000   0.0000   0.0000   0.0000   0.0000;
047:  0.2230   0.6620   0.9200   1.1450   1.3780   1.6160   1.7990   2.0750   2.2600   2.4370   2.6200   0.0000   0.0000   0.0000   0.0000   0.0000   0.0000   0.0000   0.0000   0.0000   0.0000   0.0000   0.0000;
048:  0.2250   0.6660   0.9250   1.1500   1.3830   1.6210   1.8070   2.0850   2.2710   2.4480   2.6280   0.0000   0.0000   0.0000   0.0000   0.0000   0.0000   0.0000   0.0000   0.0000   0.0000   0.0000   0.0000;
049:  0.2280   0.6710   0.9300   1.1540   1.3870   1.6260   1.8150   2.0950   2.2810   2.4590   2.6370   0.0000   0.0000   0.0000   0.0000   0.0000   0.0000   0.0000   0.0000   0.0000   0.0000   0.0000   0.0000;
050:  0.2310   0.6750   0.9360   1.1580   1.3920   1.6310   1.8230   2.1050   2.2920   2.4710   2.6450   0.0000   0.0000   0.0000   0.0000   0.0000   0.0000   0.0000   0.0000   0.0000   0.0000   0.0000   0.0000;
051:  0.2340   0.6800   0.9420   1.1620   1.3970   1.6370   1.8310   2.1150   2.3030   2.4820   2.6530   0.0000   0.0000   0.0000   0.0000   0.0000   0.0000   0.0000   0.0000   0.0000   0.0000   0.0000   0.0000;
052:  0.2370   0.6840   0.9470   1.1660   1.4010   1.6430   1.8400   2.1250   2.3140   2.4930   2.6610   0.0000   0.0000   0.0000   0.0000   0.0000   0.0000   0.0000   0.0000   0.0000   0.0000   0.0000   0.0000;
053:  0.2410   0.6890   0.9530   1.1700   1.4050   1.6490   1.8490   2.1340   2.3240   2.5040   2.6680   0.0000   0.0000   0.0000   0.0000   0.0000   0.0000   0.0000   0.0000   0.0000   0.0000   0.0000   0.0000;
054:  0.2440   0.6940   0.9590   1.1740   1.4100   1.6550   1.8580   2.1430   2.3350   2.5150   2.6750   0.0000   0.0000   0.0000   0.0000   0.0000   0.0000   0.0000   0.0000   0.0000   0.0000   0.0000   0.0000;
055:  0.2480   0.6990   0.9650   1.1780   1.4140   1.6620   1.8680   2.1520   2.3450   2.5250   2.6820   0.0000   0.0000   0.0000   0.0000   0.0000   0.0000   0.0000   0.0000   0.0000   0.0000   0.0000   0.0000;
056:  0.2520   0.7040   0.9700   1.1820   1.4180   1.6680   1.8770   2.1600   2.3550   2.5350   2.6880   0.0000   0.0000   0.0000   0.0000   0.0000   0.0000   0.0000   0.0000   0.0000   0.0000   0.0000   0.0000;
057:  0.2560   0.7080   0.9760   1.1850   1.4220   1.6750   1.8860   2.1680   2.3640   2.5440   2.6940   0.0000   0.0000   0.0000   0.0000   0.0000   0.0000   0.0000   0.0000   0.0000   0.0000   0.0000   0.0000;
058:  0.2600   0.7130   0.9810   1.1890   1.4260   1.6820   1.8960   2.1750   2.3730   2.5530   2.6990   0.0000   0.0000   0.0000   0.0000   0.0000   0.0000   0.0000   0.0000   0.0000   0.0000   0.0000   0.0000;
059:  0.2640   0.7180   0.9860   1.1930   1.4300   1.6890   1.9050   2.1830   2.3820   2.5610   2.7040   0.0000   0.0000   0.0000   0.0000   0.0000   0.0000   0.0000   0.0000   0.0000   0.0000   0.0000   0.0000;
060:  0.2690   0.7230   0.9900   1.1960   1.4330   1.6960   1.9140   2.1890   2.3900   2.5690   2.7080   0.0000   0.0000   0.0000   0.0000   0.0000   0.0000   0.0000   0.0000   0.0000   0.0000   0.0000   0.0000;
061:  0.2730   0.7270   0.9950   1.1990   1.4370   1.7030   1.9230   2.1960   2.3980   2.5760   2.7120   0.0000   0.0000   0.0000   0.0000   0.0000   0.0000   0.0000   0.0000   0.0000   0.0000   0.0000   0.0000;
062:  0.2780   0.7320   0.9980   1.2020   1.4400   1.7100   1.9320   2.2020   2.4060   2.5820   2.7160   0.0000   0.0000   0.0000   0.0000   0.0000   0.0000   0.0000   0.0000   0.0000   0.0000   0.0000   0.0000;
063:  0.2830   0.7360   1.0020   1.2050   1.4430   1.7170   1.9410   2.2070   2.4130   2.5880   2.7180   0.0000   0.0000   0.0000   0.0000   0.0000   0.0000   0.0000   0.0000   0.0000   0.0000   0.0000   0.0000;
064:  0.2880   0.7410   1.0050   1.2080   1.4460   1.7230   1.9490   2.2120   2.4190   2.5930   0.0000   0.0000   0.0000   0.0000   0.0000   0.0000   0.0000   0.0000   0.0000   0.0000   0.0000   0.0000   0.0000;
065:  0.2930   0.7450   1.0080   1.2100   1.4480   1.7300   1.9560   2.2160   2.4250   2.5980   0.0000   0.0000   0.0000   0.0000   0.0000   0.0000   0.0000   0.0000   0.0000   0.0000   0.0000   0.0000   0.0000;
066:  0.2980   0.7490   1.0100   1.2130   1.4510   1.7350   1.9640   2.2200   2.4300   2.6010   0.0000   0.0000   0.0000   0.0000   0.0000   0.0000   0.0000   0.0000   0.0000   0.0000   0.0000   0.0000   0.0000;
067:  0.3030   0.7530   1.0120   1.2140   1.4530   1.7410   1.9710   2.2240   2.4350   2.6040   0.0000   0.0000   0.0000   0.0000   0.0000   0.0000   0.0000   0.0000   0.0000   0.0000   0.0000   0.0000   0.0000;
068:  0.3090   0.7560   1.0130   1.2160   1.4550   1.7460   1.9770   2.2270   2.4390   2.6060   0.0000   0.0000   0.0000   0.0000   0.0000   0.0000   0.0000   0.0000   0.0000   0.0000   0.0000   0.0000   0.0000;
069:  0.3140   0.7590   1.0140   1.2170   1.4560   1.7510   1.9820   2.2300   2.4420   2.6070   0.0000   0.0000   0.0000   0.0000   0.0000   0.0000   0.0000   0.0000   0.0000   0.0000   0.0000   0.0000   0.0000;
070:  0.3190   0.7620   1.0140   1.2180   1.4570   1.7550   1.9870   2.2330   2.4450   2.6070   0.0000   0.0000   0.0000   0.0000   0.0000   0.0000   0.0000   0.0000   0.0000   0.0000   0.0000   0.0000   0.0000;
071:  0.3250   0.7650   1.0140   1.2180   1.4580   1.7580   1.9920   2.2350   2.4470   2.6070   0.0000   0.0000   0.0000   0.0000   0.0000   0.0000   0.0000   0.0000   0.0000   0.0000   0.0000   0.0000   0.0000;
072:  0.3300   0.7670   1.0130   1.2180   1.4590   1.7610   1.9960   2.2360   2.4490   2.6060   0.0000   0.0000   0.0000   0.0000   0.0000   0.0000   0.0000   0.0000   0.0000   0.0000   0.0000   0.0000   0.0000;
073:  0.3360   0.7690   1.0120   1.2180   1.4590   1.7640   1.9990   2.2380   2.4500   2.6050   0.0000   0.0000   0.0000   0.0000   0.0000   0.0000   0.0000   0.0000   0.0000   0.0000   0.0000   0.0000   0.0000;
074:  0.3410   0.7700   1.0100   1.2170   1.4590   1.7650   2.0010   2.2390   2.4500   2.6030   0.0000   0.0000   0.0000   0.0000   0.0000   0.0000   0.0000   0.0000   0.0000   0.0000   0.0000   0.0000   0.0000;
075:  0.3470   0.7710   1.0080   1.2160   1.4580   1.7660   2.0030   2.2390   2.4500   2.6000   0.0000   0.0000   0.0000   0.0000   0.0000   0.0000   0.0000   0.0000   0.0000   0.0000   0.0000   0.0000   0.0000;
076:  0.3520   0.7720   1.0060   1.2150   1.4570   1.7660   2.0040   2.2390   2.4500   2.5960   0.0000   0.0000   0.0000   0.0000   0.0000   0.0000   0.0000   0.0000   0.0000   0.0000   0.0000   0.0000   0.0000;
077:  0.3570   0.7730   1.0030   1.2130   1.4560   1.7650   2.0040   2.2390   2.4480   2.5920   0.0000   0.0000   0.0000   0.0000   0.0000   0.0000   0.0000   0.0000   0.0000   0.0000   0.0000   0.0000   0.0000;
078:  0.3630   0.7730   1.0000   1.2100   1.4540   1.7640   2.0030   2.2380   2.4470   2.5880   0.0000   0.0000   0.0000   0.0000   0.0000   0.0000   0.0000   0.0000   0.0000   0.0000   0.0000   0.0000   0.0000;
079:  0.3680   0.7720   0.9970   1.2070   1.4510   1.7620   2.0020   2.2380   2.4440   2.5830   0.0000   0.0000   0.0000   0.0000   0.0000   0.0000   0.0000   0.0000   0.0000   0.0000   0.0000   0.0000   0.0000;
080:  0.3730   0.7710   0.9930   1.2040   1.4490   1.7590   1.9990   2.2360   2.4420   2.5780   0.0000   0.0000   0.0000   0.0000   0.0000   0.0000   0.0000   0.0000   0.0000   0.0000   0.0000   0.0000   0.0000;
081:  0.3780   0.7700   0.9890   1.2000   1.4450   1.7550   1.9960   2.2340   2.4390   2.5720   0.0000   0.0000   0.0000   0.0000   0.0000   0.0000   0.0000   0.0000   0.0000   0.0000   0.0000   0.0000   0.0000;
082:  0.3830   0.7690   0.9850   1.1960   1.4420   1.7510   1.9930   2.2320   2.4350   2.5660   0.0000   0.0000   0.0000   0.0000   0.0000   0.0000   0.0000   0.0000   0.0000   0.0000   0.0000   0.0000   0.0000;
083:  0.3880   0.7670   0.9810   1.1920   1.4380   1.7460   1.9880   2.2300   2.4310   2.5600   0.0000   0.0000   0.0000   0.0000   0.0000   0.0000   0.0000   0.0000   0.0000   0.0000   0.0000   0.0000   0.0000;
084:  0.3930   0.7650   0.9760   1.1870   1.4330   1.7400   1.9830   2.2270   2.4270   2.5530   0.0000   0.0000   0.0000   0.0000   0.0000   0.0000   0.0000   0.0000   0.0000   0.0000   0.0000   0.0000   0.0000;
085:  0.3970   0.7620   0.9720   1.1810   1.4290   1.7340   1.9770   2.2230   2.4220   2.5460   0.0000   0.0000   0.0000   0.0000   0.0000   0.0000   0.0000   0.0000   0.0000   0.0000   0.0000   0.0000   0.0000;
086:  0.4010   0.7600   0.9670   1.1760   1.4230   1.7270   1.9710   2.2190   2.4160   2.5400   0.0000   0.0000   0.0000   0.0000   0.0000   0.0000   0.0000   0.0000   0.0000   0.0000   0.0000   0.0000   0.0000;
087:  0.4050   0.7570   0.9630   1.1700   1.4170   1.7190   1.9640   2.2150   2.4110   2.5330   0.0000   0.0000   0.0000   0.0000   0.0000   0.0000   0.0000   0.0000   0.0000   0.0000   0.0000   0.0000   0.0000;
088:  0.4090   0.7530   0.9580   1.1640   1.4110   1.7100   1.9560   2.2100   2.4050   2.5250   0.0000   0.0000   0.0000   0.0000   0.0000   0.0000   0.0000   0.0000   0.0000   0.0000   0.0000   0.0000   0.0000;
089:  0.4130   0.7500   0.9530   1.1570   1.4050   1.7020   1.9470   2.2050   2.3980   2.5180   0.0000   0.0000   0.0000   0.0000   0.0000   0.0000   0.0000   0.0000   0.0000   0.0000   0.0000   0.0000   0.0000;
090:  0.4170   0.7460   0.9480   1.1510   1.3980   1.6920   1.9380   2.1990   2.3910   2.5110   0.0000   0.0000   0.0000   0.0000   0.0000   0.0000   0.0000   0.0000   0.0000   0.0000   0.0000   0.0000   0.0000;
091:  0.4200   0.7430   0.9440   1.1440   1.3900   1.6820   1.9290   2.1930   2.3840   2.5040   0.0000   0.0000   0.0000   0.0000   0.0000   0.0000   0.0000   0.0000   0.0000   0.0000   0.0000   0.0000   0.0000;
092:  0.4240   0.7390   0.9390   1.1370   1.3830   1.6720   1.9190   2.1860   2.3770   2.4970   0.0000   0.0000   0.0000   0.0000   0.0000   0.0000   0.0000   0.0000   0.0000   0.0000   0.0000   0.0000   0.0000;
093:  0.4270   0.7350   0.9350   1.1300   1.3750   1.6610   1.9080   2.1790   2.3690   2.4890   0.0000   0.0000   0.0000   0.0000   0.0000   0.0000   0.0000   0.0000   0.0000   0.0000   0.0000   0.0000   0.0000;
094:  0.4290   0.7300   0.9300   1.1230   1.3670   1.6500   1.8970   2.1710   2.3610   2.4820   0.0000   0.0000   0.0000   0.0000   0.0000   0.0000   0.0000   0.0000   0.0000   0.0000   0.0000   0.0000   0.0000;
095:  0.4320   0.7260   0.9250   1.1160   1.3580   1.6390   1.8860   2.1630   2.3520   2.4750   0.0000   0.0000   0.0000   0.0000   0.0000   0.0000   0.0000   0.0000   0.0000   0.0000   0.0000   0.0000   0.0000;
096:  0.4350   0.7220   0.9210   1.1080   1.3500   1.6280   1.8740   2.1550   2.3430   2.4680   0.0000   0.0000   0.0000   0.0000   0.0000   0.0000   0.0000   0.0000   0.0000   0.0000   0.0000   0.0000   0.0000;
097:  0.4370   0.7180   0.9170   1.1010   1.3410   1.6160   1.8620   2.1450   2.3340   2.4610   2.6400   0.0000   0.0000   0.0000   0.0000   0.0000   0.0000   0.0000   0.0000   0.0000   0.0000   0.0000   0.0000;
098:  0.4390   0.7140   0.9120   1.0940   1.3320   1.6040   1.8490   2.1360   2.3240   2.4530   2.6360   0.0000   0.0000   0.0000   0.0000   0.0000   0.0000   0.0000   0.0000   0.0000   0.0000   0.0000   0.0000;
099:  0.4410   0.7090   0.9080   1.0870   1.3230   1.5930   1.8370   2.1250   2.3150   2.4460   2.6320   0.0000   0.0000   0.0000   0.0000   0.0000   0.0000   0.0000   0.0000   0.0000   0.0000   0.0000   0.0000;
100:  0.4420   0.7050   0.9040   1.0800   1.3140   1.5810   1.8240   2.1150   2.3040   2.4380   2.6280   0.0000   0.0000   0.0000   0.0000   0.0000   0.0000   0.0000   0.0000   0.0000   0.0000   0.0000   0.0000;
101:  0.4440   0.7010   0.9000   1.0730   1.3050   1.5690   1.8110   2.1040   2.2940   2.4310   2.6240   0.0000   0.0000   0.0000   0.0000   0.0000   0.0000   0.0000   0.0000   0.0000   0.0000   0.0000   0.0000;
102:  0.4450   0.6970   0.8950   1.0660   1.2960   1.5570   1.7980   2.0930   2.2830   2.4240   2.6190   0.0000   0.0000   0.0000   0.0000   0.0000   0.0000   0.0000   0.0000   0.0000   0.0000   0.0000   0.0000;
103:  0.4460   0.6930   0.8910   1.0590   1.2870   1.5450   1.7840   2.0810   2.2720   2.4160   2.6140   0.0000   0.0000   0.0000   0.0000   0.0000   0.0000   0.0000   0.0000   0.0000   0.0000   0.0000   0.0000;
104:  0.4470   0.6890   0.8870   1.0530   1.2780   1.5340   1.7710   2.0690   2.2610   2.4080   2.6090   0.0000   0.0000   0.0000   0.0000   0.0000   0.0000   0.0000   0.0000   0.0000   0.0000   0.0000   0.0000;
105:  0.4480   0.6860   0.8830   1.0470   1.2690   1.5220   1.7580   2.0560   2.2490   2.4000   2.6030   0.0000   0.0000   0.0000   0.0000   0.0000   0.0000   0.0000   0.0000   0.0000   0.0000   0.0000   0.0000;
106:  0.4480   0.6820   0.8780   1.0400   1.2600   1.5110   1.7440   2.0430   2.2370   2.3910   2.5970   0.0000   0.0000   0.0000   0.0000   0.0000   0.0000   0.0000   0.0000   0.0000   0.0000   0.0000   0.0000;
107:  0.4490   0.6790   0.8740   1.0340   1.2520   1.5000   1.7310   2.0300   2.2250   2.3830   2.5910   0.0000   0.0000   0.0000   0.0000   0.0000   0.0000   0.0000   0.0000   0.0000   0.0000   0.0000   0.0000;
108:  0.4490   0.6750   0.8700   1.0290   1.2440   1.4890   1.7170   2.0170   2.2130   2.3740   2.5840   0.0000   0.0000   0.0000   0.0000   0.0000   0.0000   0.0000   0.0000   0.0000   0.0000   0.0000   0.0000;
109:  0.4490   0.6720   0.8660   1.0230   1.2350   1.4780   1.7040   2.0040   2.2000   2.3650   2.5760   0.0000   0.0000   0.0000   0.0000   0.0000   0.0000   0.0000   0.0000   0.0000   0.0000   0.0000   0.0000;
110:  0.4490   0.6690   0.8610   1.0170   1.2270   1.4680   1.6910   1.9910   2.1870   2.3560   2.5690   0.0000   0.0000   0.0000   0.0000   0.0000   0.0000   0.0000   0.0000   0.0000   0.0000   0.0000   0.0000;
111:  0.4480   0.6660   0.8570   1.0120   1.2200   1.4580   1.6780   1.9770   2.1740   2.3460   2.5600   0.0000   0.0000   0.0000   0.0000   0.0000   0.0000   0.0000   0.0000   0.0000   0.0000   0.0000   0.0000;
112:  0.4480   0.6630   0.8530   1.0070   1.2120   1.4480   1.6660   1.9630   2.1610   2.3360   2.5510   2.7840   2.9140   0.0000   0.0000   0.0000   0.0000   0.0000   0.0000   0.0000   0.0000   0.0000   0.0000;
113:  0.4470   0.6600   0.8480   1.0020   1.2050   1.4380   1.6530   1.9500   2.1480   2.3260   2.5420   2.7780   2.9110   0.0000   0.0000   0.0000   0.0000   0.0000   0.0000   0.0000   0.0000   0.0000   0.0000;
114:  0.4470   0.6570   0.8440   0.9970   1.1980   1.4290   1.6410   1.9360   2.1350   2.3150   2.5330   2.7730   2.9070   0.0000   0.0000   0.0000   0.0000   0.0000   0.0000   0.0000   0.0000   0.0000   0.0000;
115:  0.4460   0.6550   0.8400   0.9920   1.1910   1.4200   1.6290   1.9230   2.1210   2.3040   2.5220   2.7670   2.9030   0.0000   0.0000   0.0000   0.0000   0.0000   0.0000   0.0000   0.0000   0.0000   0.0000;
116:  0.4450   0.6520   0.8350   0.9870   1.1840   1.4110   1.6180   1.9100   2.1080   2.2930   2.5110   2.7610   2.8990   0.0000   0.0000   0.0000   0.0000   0.0000   0.0000   0.0000   0.0000   0.0000   0.0000;
117:  0.4440   0.6490   0.8310   0.9830   1.1780   1.4020   1.6070   1.8960   2.0950   2.2820   2.5000   2.7540   2.8940   0.0000   0.0000   0.0000   0.0000   0.0000   0.0000   0.0000   0.0000   0.0000   0.0000;
118:  0.4430   0.6470   0.8260   0.9780   1.1720   1.3940   1.5960   1.8840   2.0810   2.2700   2.4890   2.7460   2.8890   0.0000   0.0000   0.0000   0.0000   0.0000   0.0000   0.0000   0.0000   0.0000   0.0000;
119:  0.4420   0.6450   0.8220   0.9740   1.1660   1.3860   1.5850   1.8710   2.0680   2.2580   2.4760   2.7380   2.8830   0.0000   0.0000   0.0000   0.0000   0.0000   0.0000   0.0000   0.0000   0.0000   0.0000;
120:  0.4410   0.6420   0.8180   0.9700   1.1610   1.3780   1.5750   1.8580   2.0550   2.2450   2.4640   2.7300   2.8760   0.0000   0.0000   0.0000   0.0000   0.0000   0.0000   0.0000   0.0000   0.0000   0.0000;
121:  0.4400   0.6400   0.8140   0.9650   1.1550   1.3710   1.5660   1.8460   2.0420   2.2330   2.4510   2.7210   2.8690   2.9850   3.1430   3.2640   3.4120   3.7740   0.0000   0.0000   0.0000   0.0000   0.0000;
122:  0.4380   0.6380   0.8100   0.9610   1.1500   1.3630   1.5570   1.8350   2.0290   2.2200   2.4380   2.7110   2.8620   2.9840   3.1410   3.2640   3.4110   3.7740   4.4160   0.0000   0.0000   0.0000   0.0000;
123:  0.4370   0.6360   0.8060   0.9570   1.1450   1.3560   1.5480   1.8230   2.0170   2.2080   2.4250   2.7020   2.8540   2.9820   3.1400   3.2640   3.4100   3.7730   4.4160   0.0000   0.0000   0.0000   0.0000;
124:  0.4360   0.6330   0.8020   0.9530   1.1410   1.3500   1.5400   1.8120   2.0050   2.1950   2.4110   2.6910   2.8450   2.9790   3.1380   3.2640   3.4090   3.7730   4.4170   0.0000   0.0000   0.0000   0.0000;
125:  0.4350   0.6310   0.7980   0.9490   1.1360   1.3430   1.5320   1.8020   1.9930   2.1820   2.3980   2.6800   2.8360   2.9760   3.1360   3.2640   3.4090   3.7730   4.4170   0.0000   0.0000   0.0000   0.0000;
126:  0.4330   0.6290   0.7950   0.9450   1.1320   1.3370   1.5240   1.7910   1.9820   2.1690   2.3840   2.6690   2.8270   2.9730   3.1340   3.2640   3.4080   3.7730   4.4170   0.0000   0.0000   0.0000   0.0000;
127:  0.4310   0.6270   0.7920   0.9410   1.1280   1.3310   1.5170   1.7820   1.9700   2.1560   2.3700   2.6570   2.8170   2.9700   3.1320   3.2640   3.4070   3.7730   4.4180   0.0000   0.0000   0.0000   0.0000;
128:  0.4300   0.6250   0.7890   0.9370   1.1240   1.3250   1.5100   1.7720   1.9590   2.1430   2.3560   2.6450   2.8070   2.9660   3.1290   3.2640   3.4070   3.7720   4.4180   0.0000   0.0000   0.0000   0.0000;
129:  0.4280   0.6230   0.7860   0.9340   1.1200   1.3190   1.5040   1.7630   1.9490   2.1310   2.3420   2.6330   2.7960   2.9610   3.1260   3.2640   3.4060   3.7720   4.4190   0.0000   0.0000   0.0000   0.0000;
130:  0.4270   0.6210   0.7830   0.9300   1.1160   1.3140   1.4980   1.7550   1.9390   2.1180   2.3290   2.6210   2.7850   2.9560   3.1230   3.2640   3.4060   0.0000   0.0000   0.0000   0.0000   0.0000   0.0000;
131:  0.4250   0.6190   0.7810   0.9260   1.1130   1.3080   1.4930   1.7470   1.9300   2.1060   2.3150   2.6080   2.7730   2.9510   3.1200   3.2640   0.0000   0.0000   0.0000   0.0000   0.0000   0.0000   0.0000;
132:  0.4240   0.6170   0.7780   0.9230   1.1090   1.3030   1.4870   1.7390   1.9210   2.0940   2.3020   2.5960   2.7610   2.9450   3.1160   3.2640   0.0000   0.0000   0.0000   0.0000   0.0000   0.0000   0.0000;
133:  0.4220   0.6150   0.7760   0.9190   1.1060   1.2980   1.4830   1.7320   1.9120   2.0830   2.2890   2.5830   2.7490   2.9390   3.1110   3.2630   0.0000   0.0000   0.0000   0.0000   0.0000   0.0000   0.0000;
134:  0.4210   0.6140   0.7750   0.9160   1.1030   1.2940   1.4780   1.7250   1.9040   2.0720   2.2760   2.5700   2.7370   2.9330   3.1070   3.2620   0.0000   0.0000   0.0000   0.0000   0.0000   0.0000   0.0000;
135:  0.4190   0.6120   0.7730   0.9130   1.1000   1.2890   1.4740   1.7190   1.8960   2.0610   2.2640   2.5570   2.7240   2.9260   3.1020   3.2610   0.0000   0.0000   0.0000   0.0000   0.0000   0.0000   0.0000;
136:  0.4170   0.6100   0.7720   0.9100   1.0960   1.2850   1.4700   1.7130   1.8890   2.0510   2.2520   2.5450   2.7120   2.9190   3.0960   3.2600   0.0000   0.0000   0.0000   0.0000   0.0000   0.0000   0.0000;
137:  0.4160   0.6090   0.7710   0.9070   1.0940   1.2810   1.4670   1.7070   1.8830   2.0420   2.2410   2.5330   2.7000   2.9110   3.0910   3.2580   0.0000   0.0000   0.0000   0.0000   0.0000   0.0000   0.0000;
138:  0.4140   0.6070   0.7700   0.9040   1.0910   1.2770   1.4630   1.7020   1.8770   2.0330   2.2300   2.5200   2.6870   2.9030   3.0840   3.2560   0.0000   0.0000   0.0000   0.0000   0.0000   0.0000   0.0000;
139:  0.4130   0.6060   0.7700   0.9020   1.0880   1.2730   1.4600   1.6970   1.8710   2.0240   2.2200   2.5090   2.6750   2.8950   3.0780   3.2540   0.0000   0.0000   0.0000   0.0000   0.0000   0.0000   0.0000;
140:  0.4110   0.6040   0.7690   0.8990   1.0860   1.2690   1.4570   1.6930   1.8660   2.0160   2.2110   2.4970   2.6630   2.8870   3.0720   3.2520   0.0000   0.0000   0.0000   0.0000   0.0000   0.0000   0.0000;
141:  0.4090   0.6030   0.7690   0.8970   1.0840   1.2660   1.4540   1.6890   1.8620   2.0090   2.2020   2.4860   2.6520   2.8790   3.0650   3.2490   0.0000   0.0000   0.0000   0.0000   0.0000   0.0000   0.0000;
142:  0.4080   0.6020   0.7690   0.8950   1.0820   1.2630   1.4520   1.6850   1.8580   2.0030   2.1930   2.4760   2.6410   2.8710   3.0580   3.2450   0.0000   0.0000   0.0000   0.0000   0.0000   0.0000   0.0000;
143:  0.4060   0.6010   0.7690   0.8930   1.0800   1.2600   1.4490   1.6810   1.8540   1.9970   2.1860   2.4660   2.6300   2.8630   3.0510   3.2420   0.0000   0.0000   0.0000   0.0000   0.0000   0.0000   0.0000;
144:  0.4040   0.6000   0.7690   0.8910   1.0780   1.2580   1.4470   1.6780   1.8510   1.9920   2.1790   2.4570   2.6200   2.8550   3.0450   3.2380   0.0000   0.0000   0.0000   0.0000   0.0000   0.0000   0.0000;
145:  0.4030   0.5990   0.7690   0.8900   1.0760   1.2550   1.4450   1.6750   1.8480   1.9880   2.1730   2.4480   2.6110   2.8470   3.0380   3.2340   0.0000   0.0000   0.0000   0.0000   0.0000   0.0000   0.0000;
146:  0.4010   0.5980   0.7690   0.8890   1.0750   1.2530   1.4430   1.6730   1.8460   1.9840   2.1680   2.4400   2.6020   2.8400   3.0310   3.2300   0.0000   0.0000   0.0000   0.0000   0.0000   0.0000   0.0000;
147:  0.3990   0.5980   0.7700   0.8880   1.0740   1.2510   1.4410   1.6710   1.8440   1.9820   2.1640   2.4330   2.5950   2.8330   3.0250   3.2250   0.0000   0.0000   0.0000   0.0000   0.0000   0.0000   0.0000;
148:  0.3980   0.5970   0.7700   0.8870   1.0730   1.2490   1.4390   1.6690   1.8430   1.9790   2.1600   2.4270   2.5870   2.8260   3.0180   3.2200   0.0000   0.0000   0.0000   0.0000   0.0000   0.0000   0.0000;
149:  0.3960   0.5970   0.7700   0.8870   1.0720   1.2480   1.4370   1.6670   1.8420   1.9780   2.1570   2.4220   2.5810   2.8200   3.0120   3.2160   0.0000   0.0000   0.0000   0.0000   0.0000   0.0000   0.0000;
150:  0.3940   0.5960   0.7710   0.8870   1.0710   1.2470   1.4360   1.6660   1.8410   1.9770   2.1550   2.4170   2.5760   2.8140   3.0070   3.2110   0.0000   0.0000   0.0000   0.0000   0.0000   0.0000   0.0000;
151:  0.3920   0.5960   0.7710   0.8870   1.0710   1.2460   1.4350   1.6650   1.8410   1.9770   2.1530   2.4140   2.5720   2.8090   3.0020   3.2060   0.0000   0.0000   0.0000   0.0000   0.0000   0.0000   0.0000;
152:  0.3900   0.5960   0.7710   0.8870   1.0710   1.2450   1.4330   1.6640   1.8410   1.9770   2.1520   2.4110   2.5680   2.8040   2.9970   3.2020   0.0000   0.0000   0.0000   0.0000   0.0000   0.0000   0.0000;
153:  0.3880   0.5960   0.7720   0.8880   1.0710   1.2450   1.4320   1.6640   1.8410   1.9780   2.1520   2.4100   2.5660   2.8010   2.9930   3.1970   0.0000   0.0000   0.0000   0.0000   0.0000   0.0000   0.0000;
154:  0.3860   0.5960   0.7720   0.8880   1.0710   1.2450   1.4310   1.6640   1.8420   1.9800   2.1530   2.4090   2.5650   2.7970   2.9890   3.1930   0.0000   0.0000   0.0000   0.0000   0.0000   0.0000   0.0000;
155:  0.3840   0.5960   0.7720   0.8890   1.0720   1.2450   1.4300   1.6640   1.8430   1.9820   2.1540   2.4090   2.5650   2.7950   2.9860   3.1890   0.0000   0.0000   0.0000   0.0000   0.0000   0.0000   0.0000;
156:  0.3820   0.5960   0.7720   0.8900   1.0720   1.2460   1.4290   1.6650   1.8440   1.9850   2.1550   2.4100   2.5650   2.7930   2.9840   3.1850   0.0000   0.0000   0.0000   0.0000   0.0000   0.0000   0.0000;
157:  0.3800   0.5960   0.7720   0.8920   1.0730   1.2460   1.4290   1.6660   1.8460   1.9880   2.1580   2.4120   2.5670   2.7930   2.9820   3.1810   0.0000   0.0000   0.0000   0.0000   0.0000   0.0000   0.0000;
158:  0.3780   0.5970   0.7730   0.8930   1.0750   1.2470   1.4290   1.6670   1.8470   1.9920   2.1610   2.4150   2.5690   2.7930   2.9820   3.1780   0.0000   0.0000   0.0000   0.0000   0.0000   0.0000   0.0000;
159:  0.3760   0.5970   0.7730   0.8950   1.0760   1.2490   1.4290   1.6680   1.8500   1.9960   2.1640   2.4180   2.5730   2.7930   2.9820   3.1760   0.0000   0.0000   0.0000   0.0000   0.0000   0.0000   0.0000;
160:  0.3740   0.5970   0.7730   0.8960   1.0780   1.2500   1.4290   1.6700   1.8520   2.0000   2.1680   2.4220   2.5770   2.7940   2.9820   3.1740   0.0000   0.0000   0.0000   0.0000   0.0000   0.0000   0.0000;
161:  0.3720   0.5980   0.7720   0.8980   1.0790   1.2520   1.4290   1.6720   1.8540   2.0040   2.1720   2.4270   2.5820   2.7960   2.9840   3.1730   0.0000   0.0000   0.0000   0.0000   0.0000   0.0000   0.0000;
162:  0.3700   0.5980   0.7720   0.9000   1.0810   1.2530   1.4300   1.6750   1.8570   2.0090   2.1770   2.4330   2.5880   2.7990   2.9860   3.1720   3.3770   0.0000   0.0000   0.0000   0.0000   0.0000   0.0000;
163:  0.3680   0.5980   0.7720   0.9020   1.0830   1.2560   1.4310   1.6770   1.8600   2.0150   2.1820   2.4390   2.5950   2.8030   2.9880   3.1720   3.3790   0.0000   0.0000   0.0000   0.0000   0.0000   0.0000;
164:  0.3660   0.5990   0.7720   0.9040   1.0850   1.2580   1.4320   1.6800   1.8630   2.0200   2.1870   2.4450   2.6020   2.8070   2.9920   3.1730   3.3810   0.0000   0.0000   0.0000   0.0000   0.0000   0.0000;
165:  0.3640   0.5990   0.7720   0.9050   1.0880   1.2600   1.4330   1.6840   1.8670   2.0260   2.1930   2.4530   2.6090   2.8120   2.9960   3.1740   3.3830   0.0000   0.0000   0.0000   0.0000   0.0000   0.0000;
166:  0.3630   0.6000   0.7720   0.9070   1.0900   1.2630   1.4350   1.6870   1.8700   2.0310   2.1990   2.4600   2.6180   2.8170   3.0010   3.1760   3.3860   0.0000   0.0000   0.0000   0.0000   0.0000   0.0000;
167:  0.3610   0.6000   0.7730   0.9100   1.0930   1.2660   1.4370   1.6910   1.8740   2.0370   2.2060   2.4680   2.6260   2.8230   3.0060   3.1780   3.3900   3.7430   0.0000   0.0000   0.0000   0.0000   0.0000;
168:  0.3590   0.6000   0.7730   0.9120   1.0950   1.2690   1.4400   1.6950   1.8780   2.0440   2.2120   2.4760   2.6350   2.8290   3.0120   3.1810   3.3940   3.7430   0.0000   0.0000   0.0000   0.0000   0.0000;
169:  0.3570   0.6010   0.7730   0.9140   1.0980   1.2730   1.4420   1.6990   1.8820   2.0500   2.2190   2.4850   2.6440   2.8360   3.0180   3.1850   3.3990   3.7430   0.0000   0.0000   0.0000   0.0000   0.0000;
170:  0.3560   0.6010   0.7740   0.9160   1.1010   1.2760   1.4450   1.7040   1.8870   2.0560   2.2260   2.4930   2.6530   2.8430   3.0250   3.1890   3.4040   3.7440   0.0000   0.0000   0.0000   0.0000   0.0000;
171:  0.3540   0.6020   0.7750   0.9180   1.1030   1.2790   1.4490   1.7090   1.8910   2.0620   2.2330   2.5020   2.6630   2.8500   3.0320   3.1950   3.4100   3.7440   0.0000   0.0000   0.0000   0.0000   0.0000;
172:  0.3530   0.6020   0.7750   0.9200   1.1060   1.2830   1.4530   1.7140   1.8960   2.0690   2.2400   2.5100   2.6720   2.8580   3.0390   3.2000   3.4160   3.7440   0.0000   0.0000   0.0000   0.0000   0.0000;
173:  0.3520   0.6030   0.7760   0.9220   1.1090   1.2870   1.4560   1.7190   1.9020   2.0750   2.2480   2.5190   2.6810   2.8650   3.0460   3.2060   3.4240   3.7450   0.0000   0.0000   0.0000   0.0000   0.0000;
174:  0.3510   0.6040   0.7780   0.9240   1.1110   1.2910   1.4610   1.7250   1.9070   2.0810   2.2550   2.5280   2.6910   2.8730   3.0530   3.2130   3.4310   3.7450   0.0000   0.0000   0.0000   0.0000   0.0000;
175:  0.3490   0.6040   0.7790   0.9260   1.1140   1.2950   1.4650   1.7300   1.9120   2.0880   2.2630   2.5360   2.7000   2.8800   3.0610   3.2190   3.4390   3.7460   0.0000   0.0000   0.0000   0.0000   0.0000;
176:  0.3490   0.6050   0.7810   0.9280   1.1170   1.2990   1.4700   1.7360   1.9180   2.0940   2.2700   2.5440   2.7080   2.8880   3.0680   3.2260   3.4470   3.7470   0.0000   0.0000   0.0000   0.0000   0.0000;
177:  0.3480   0.6050   0.7820   0.9300   1.1200   1.3030   1.4750   1.7420   1.9240   2.1010   2.2780   2.5530   2.7170   2.8960   3.0760   3.2340   3.4560   3.7480   0.0000   0.0000   0.0000   0.0000   0.0000;
178:  0.3470   0.6060   0.7850   0.9320   1.1220   1.3070   1.4800   1.7480   1.9300   2.1070   2.2860   2.5600   2.7250   2.9030   3.0830   3.2420   3.4650   3.7490   0.0000   0.0000   0.0000   0.0000   0.0000;
179:  0.3470   0.6070   0.7870   0.9340   1.1250   1.3110   1.4860   1.7540   1.9360   2.1140   2.2930   2.5680   2.7330   2.9100   3.0900   3.2490   3.4740   3.7500   0.0000   0.0000   0.0000   0.0000   0.0000;
180:  0.3470   0.6080   0.7890   0.9360   1.1270   1.3160   1.4910   1.7600   1.9420   2.1200   2.3010   2.5760   2.7400   2.9180   3.0960   3.2570   3.4840   3.7510   0.0000   0.0000   0.0000   0.0000   0.0000;
181:  0.3470   0.6090   0.7920   0.9380   1.1300   1.3200   1.4970   1.7670   1.9490   2.1270   2.3090   2.5830   2.7480   2.9250   3.1030   3.2650   3.4940   3.7530   0.0000   0.0000   0.0000   0.0000   0.0000;
182:  0.3480   0.6100   0.7950   0.9410   1.1330   1.3240   1.5030   1.7730   1.9550   2.1340   2.3170   2.5900   2.7550   2.9310   3.1090   3.2730   3.5040   3.7540   0.0000   0.0000   0.0000   0.0000   0.0000;
183:  0.3480   0.6110   0.7980   0.9430   1.1350   1.3290   1.5090   1.7790   1.9620   2.1410   2.3250   2.5970   2.7610   2.9380   3.1150   3.2800   3.5140   3.7550   0.0000   0.0000   0.0000   0.0000   0.0000;
184:  0.3490   0.6120   0.8020   0.9450   1.1380   1.3330   1.5150   1.7860   1.9690   2.1470   2.3330   2.6030   2.7670   2.9440   3.1200   3.2880   3.5240   3.7570   0.0000   0.0000   0.0000   0.0000   0.0000;
185:  0.3500   0.6130   0.8050   0.9470   1.1410   1.3380   1.5210   1.7920   1.9760   2.1550   2.3410   2.6100   2.7730   2.9500   3.1250   3.2950   3.5340   3.7580   0.0000   0.0000   0.0000   0.0000   0.0000;
186:  0.3510   0.6150   0.8080   0.9500   1.1430   1.3420   1.5270   1.7990   1.9830   2.1610   2.3490   2.6160   2.7790   2.9560   3.1300   3.3020   3.5440   3.7600   0.0000   0.0000   0.0000   0.0000   0.0000;
187:  0.3520   0.6160   0.8120   0.9520   1.1460   1.3470   1.5330   1.8050   1.9910   2.1690   2.3570   2.6220   2.7850   2.9620   3.1340   3.3090   3.5530   3.7620   0.0000   0.0000   0.0000   0.0000   0.0000;
188:  0.3540   0.6180   0.8160   0.9550   1.1490   1.3510   1.5390   1.8120   1.9980   2.1760   2.3650   2.6270   2.7900   2.9680   3.1380   3.3160   3.5630   3.7630   0.0000   0.0000   0.0000   0.0000   0.0000;
189:  0.3550   0.6190   0.8200   0.9580   1.1520   1.3560   1.5450   1.8180   2.0060   2.1830   2.3730   2.6330   2.7950   2.9730   3.1420   3.3220   3.5720   3.7650   0.0000   0.0000   0.0000   0.0000   0.0000;
190:  0.3570   0.6210   0.8240   0.9600   1.1550   1.3610   1.5510   1.8250   2.0130   2.1910   2.3810   2.6390   2.8000   2.9790   3.1450   3.3280   3.5810   3.7670   0.0000   0.0000   0.0000   0.0000   0.0000;
191:  0.3590   0.6230   0.8280   0.9630   1.1580   1.3650   1.5570   1.8310   2.0210   2.1980   2.3890   2.6440   2.8050   2.9840   3.1480   3.3340   3.5900   3.7680   0.0000   0.0000   0.0000   0.0000   0.0000;
192:  0.3610   0.6250   0.8310   0.9660   1.1610   1.3700   1.5630   1.8380   2.0290   2.2060   2.3980   2.6500   2.8110   2.9890   3.1510   3.3400   3.5980   3.7700   0.0000   0.0000   0.0000   0.0000   0.0000;
193:  0.3640   0.6270   0.8350   0.9690   1.1650   1.3750   1.5690   1.8440   2.0360   2.2130   2.4060   2.6560   2.8160   2.9950   3.1540   3.3450   3.6060   3.7720   0.0000   0.0000   0.0000   0.0000   0.0000;
194:  0.3660   0.6290   0.8390   0.9730   1.1680   1.3800   1.5740   1.8510   2.0440   2.2210   2.4140   2.6610   2.8210   3.0000   3.1570   3.3500   3.6130   3.7730   0.0000   0.0000   0.0000   0.0000   0.0000;
195:  0.3690   0.6310   0.8430   0.9760   1.1720   1.3840   1.5800   1.8580   2.0530   2.2290   2.4230   2.6670   2.8270   3.0050   3.1600   3.3550   3.6200   3.7750   0.0000   0.0000   0.0000   0.0000   0.0000;
196:  0.3710   0.6340   0.8470   0.9790   1.1750   1.3890   1.5850   1.8640   2.0600   2.2380   2.4310   2.6730   2.8320   3.0110   3.1620   3.3590   3.6260   3.7760   0.0000   0.0000   0.0000   0.0000   0.0000;
197:  0.3740   0.6360   0.8500   0.9830   1.1790   1.3940   1.5910   1.8710   2.0690   2.2460   2.4390   2.6790   2.8380   3.0160   3.1650   3.3630   3.6320   3.7780   0.0000   0.0000   0.0000   0.0000   0.0000;
198:  0.3770   0.6380   0.8540   0.9860   1.1840   1.3990   1.5960   1.8780   2.0760   2.2540   2.4480   2.6850   2.8450   3.0220   3.1680   3.3670   3.6370   3.7800   0.0000   0.0000   0.0000   0.0000   0.0000;
199:  0.3800   0.6410   0.8570   0.9900   1.1880   1.4040   1.6010   1.8850   2.0850   2.2630   2.4560   2.6920   2.8510   3.0280   3.1710   3.3710   3.6420   3.7810   0.0000   0.0000   0.0000   0.0000   0.0000;
200:  0.3830   0.6440   0.8600   0.9940   1.1920   1.4090   1.6070   1.8910   2.0930   2.2710   2.4650   2.6990   2.8580   3.0350   3.1740   3.3750   3.6450   3.7820   0.0000   0.0000   0.0000   0.0000   0.0000;
201:  0.3860   0.6460   0.8630   0.9970   1.1970   1.4140   1.6120   1.8980   2.1010   2.2800   2.4730   2.7060   2.8660   3.0410   3.1780   3.3780   3.6490   3.7840   0.0000   0.0000   0.0000   0.0000   0.0000;
202:  0.3890   0.6490   0.8660   1.0010   1.2020   1.4190   1.6170   1.9050   2.1090   2.2890   2.4820   2.7130   2.8740   3.0470   3.1810   3.3820   3.6520   3.7850   0.0000   0.0000   0.0000   0.0000   0.0000;
203:  0.3920   0.6520   0.8690   1.0050   1.2060   1.4240   1.6220   1.9130   2.1180   2.2980   2.4900   2.7200   2.8820   3.0540   3.1850   3.3860   3.6540   3.7860   4.1350   0.0000   0.0000   0.0000   0.0000;
204:  0.3950   0.6550   0.8710   1.0090   1.2110   1.4290   1.6270   1.9200   2.1260   2.3070   2.4990   2.7280   2.8910   3.0610   3.1900   3.3890   3.6560   3.7870   4.1290   0.0000   0.0000   0.0000   0.0000;
205:  0.3980   0.6580   0.8730   1.0130   1.2160   1.4340   1.6330   1.9270   2.1340   2.3160   2.5070   2.7360   2.9000   3.0690   3.1940   3.3930   3.6580   3.7880   4.1230   0.0000   0.0000   0.0000   0.0000;
206:  0.4010   0.6610   0.8760   1.0160   1.2220   1.4390   1.6380   1.9350   2.1420   2.3250   2.5160   2.7450   2.9090   3.0760   3.1990   3.3970   3.6590   3.7890   4.1170   0.0000   0.0000   0.0000   0.0000;
207:  0.4040   0.6640   0.8780   1.0200   1.2270   1.4450   1.6440   1.9420   2.1510   2.3340   2.5240   2.7530   2.9190   3.0840   3.2040   3.4010   3.6590   3.7900   4.1120   0.0000   0.0000   0.0000   0.0000;
208:  0.4070   0.6670   0.8800   1.0240   1.2320   1.4500   1.6490   1.9490   2.1590   2.3430   2.5330   2.7620   2.9300   3.0910   3.2100   3.4040   3.6590   3.7910   4.1060   0.0000   0.0000   0.0000   0.0000;
209:  0.4090   0.6700   0.8820   1.0280   1.2380   1.4550   1.6550   1.9570   2.1670   2.3510   2.5410   2.7710   2.9400   3.0990   3.2160   3.4080   3.6590   3.7920   4.1010   0.0000   0.0000   0.0000   0.0000;
210:  0.4120   0.6730   0.8830   1.0320   1.2430   1.4610   1.6610   1.9650   2.1750   2.3600   2.5500   2.7810   2.9510   3.1070   3.2220   3.4130   3.6590   3.7930   0.0000   0.0000   0.0000   0.0000   0.0000;
211:  0.4150   0.6760   0.8850   1.0350   1.2490   1.4660   1.6670   1.9730   2.1840   2.3690   2.5580   2.7900   2.9620   3.1150   3.2280   3.4160   3.6580   3.7930   0.0000   0.0000   0.0000   0.0000   0.0000;
212:  0.4170   0.6790   0.8870   1.0390   1.2540   1.4720   1.6730   1.9800   2.1920   2.3780   2.5660   2.8000   2.9730   3.1230   3.2350   3.4210   3.6570   3.7930   0.0000   0.0000   0.0000   0.0000   0.0000;
213:  0.4200   0.6820   0.8880   1.0430   1.2600   1.4770   1.6790   1.9880   2.2000   2.3860   2.5750   2.8090   2.9840   3.1300   3.2410   3.4250   3.6560   3.7940   0.0000   0.0000   0.0000   0.0000   0.0000;
214:  0.4220   0.6860   0.8900   1.0460   1.2650   1.4830   1.6860   1.9960   2.2090   2.3950   2.5830   2.8190   2.9950   3.1380   3.2480   3.4290   3.6550   3.7940   0.0000   0.0000   0.0000   0.0000   0.0000;
215:  0.4240   0.6890   0.8920   1.0500   1.2700   1.4880   1.6930   2.0040   2.2170   2.4030   2.5910   2.8290   3.0060   3.1450   3.2550   3.4330   3.6530   3.7940   0.0000   0.0000   0.0000   0.0000   0.0000;
216:  0.4260   0.6920   0.8930   1.0530   1.2760   1.4940   1.6990   2.0120   2.2250   2.4110   2.5990   2.8380   3.0170   3.1530   3.2620   3.4380   3.6520   3.7940   0.0000   0.0000   0.0000   0.0000   0.0000;
217:  0.4280   0.6950   0.8950   1.0570   1.2810   1.5000   1.7060   2.0200   2.2330   2.4200   2.6070   2.8480   3.0280   3.1600   3.2680   3.4420   3.6500   3.7940   0.0000   0.0000   0.0000   0.0000   0.0000;
218:  0.4300   0.6990   0.8970   1.0600   1.2860   1.5050   1.7140   2.0280   2.2410   2.4270   2.6150   2.8570   3.0390   3.1660   3.2750   3.4460   3.6490   3.7940   0.0000   0.0000   0.0000   0.0000   0.0000;
219:  0.4310   0.7020   0.8990   1.0640   1.2910   1.5110   1.7210   2.0360   2.2490   2.4350   2.6220   2.8660   3.0490   3.1730   3.2820   3.4500   3.6470   3.7940   0.0000   0.0000   0.0000   0.0000   0.0000;
220:  0.4330   0.7050   0.9010   1.0670   1.2960   1.5160   1.7290   2.0440   2.2570   2.4430   2.6300   2.8760   3.0590   3.1790   3.2880   3.4540   3.6460   3.7940   0.0000   0.0000   0.0000   0.0000   0.0000;
221:  0.4350   0.7090   0.9030   1.0710   1.3010   1.5220   1.7360   2.0520   2.2650   2.4500   2.6370   2.8840   3.0680   3.1840   3.2940   3.4580   3.6440   3.7940   0.0000   0.0000   0.0000   0.0000   0.0000;
222:  0.4360   0.7130   0.9060   1.0740   1.3050   1.5280   1.7440   2.0590   2.2720   2.4570   2.6450   2.8930   3.0770   3.1890   3.3000   3.4610   3.6430   3.7940   0.0000   0.0000   0.0000   0.0000   0.0000;
223:  0.4370   0.7160   0.9080   1.0780   1.3100   1.5330   1.7520   2.0670   2.2800   2.4640   2.6520   2.9010   3.0850   3.1940   3.3050   3.4640   3.6420   3.7940   0.0000   0.0000   0.0000   0.0000   0.0000;
224:  0.4380   0.7190   0.9110   1.0810   1.3150   1.5390   1.7600   2.0740   2.2870   2.4700   2.6590   2.9090   3.0930   3.1980   3.3100   3.4670   3.6400   3.7930   0.0000   0.0000   0.0000   0.0000   0.0000;
225:  0.4390   0.7230   0.9140   1.0850   1.3190   1.5440   1.7670   2.0810   2.2950   2.4770   2.6660   2.9170   3.1000   3.2020   3.3150   3.4700   3.6390   3.7930   0.0000   0.0000   0.0000   0.0000   0.0000;
226:  0.4400   0.7260   0.9170   1.0880   1.3230   1.5500   1.7750   2.0880   2.3020   2.4830   2.6730   2.9240   3.1060   3.2050   3.3180   3.4720   3.6380   3.7930   0.0000   0.0000   0.0000   0.0000   0.0000;
227:  0.4410   0.7300   0.9200   1.0920   1.3280   1.5550   1.7830   2.0950   2.3090   2.4890   2.6800   2.9310   3.1120   3.2080   3.3220   3.4740   3.6370   3.7930   0.0000   0.0000   0.0000   0.0000   0.0000;
228:  0.4410   0.7330   0.9230   1.0950   1.3320   1.5600   1.7910   2.1020   2.3150   2.4940   2.6860   2.9370   3.1170   3.2110   3.3250   3.4760   3.6360   3.7930   0.0000   0.0000   0.0000   0.0000   0.0000;
229:  0.4420   0.7370   0.9270   1.0990   1.3360   1.5660   1.7980   2.1080   2.3220   2.5000   2.6930   2.9440   3.1220   3.2130   3.3280   3.4780   3.6350   3.7930   0.0000   0.0000   0.0000   0.0000   0.0000;
230:  0.4420   0.7400   0.9300   1.1030   1.3400   1.5710   1.8050   2.1150   2.3280   2.5050   2.6990   2.9490   3.1250   3.2140   3.3310   3.4790   3.6350   3.7930   0.0000   0.0000   0.0000   0.0000   0.0000;
231:  0.4430   0.7440   0.9340   1.1070   1.3440   1.5760   1.8120   2.1210   2.3340   2.5100   2.7050   2.9550   3.1280   3.2160   3.3330   3.4800   3.6340   3.7930   0.0000   0.0000   0.0000   0.0000   0.0000;
232:  0.4430   0.7470   0.9380   1.1110   1.3480   1.5810   1.8190   2.1270   2.3400   2.5150   2.7110   2.9590   3.1310   3.2170   3.3350   3.4800   3.6330   3.7930   0.0000   0.0000   0.0000   0.0000   0.0000;
233:  0.4430   0.7500   0.9410   1.1150   1.3520   1.5860   1.8260   2.1320   2.3450   2.5190   2.7170   2.9640   3.1330   3.2180   3.3360   3.4810   3.6320   3.7940   0.0000   0.0000   0.0000   0.0000   0.0000;
234:  0.4430   0.7530   0.9450   1.1180   1.3560   1.5910   1.8320   2.1380   2.3500   2.5240   2.7230   2.9680   3.1340   3.2190   3.3370   3.4820   3.6310   3.7940   0.0000   0.0000   0.0000   0.0000   0.0000;
235:  0.4430   0.7560   0.9490   1.1230   1.3600   1.5960   1.8380   2.1430   2.3550   2.5280   2.7280   2.9710   3.1350   3.2200   3.3380   3.4820   3.6310   3.7950   0.0000   0.0000   0.0000   0.0000   0.0000;
236:  0.4430   0.7590   0.9530   1.1270   1.3640   1.6010   1.8440   2.1480   2.3600   2.5320   2.7330   2.9750   3.1350   3.2210   3.3390   3.4820   3.6300   3.7950   0.0000   0.0000   0.0000   0.0000   0.0000;
237:  0.4430   0.7620   0.9570   1.1310   1.3690   1.6050   1.8500   2.1530   2.3640   2.5360   2.7380   2.9780   3.1350   3.2220   3.3400   3.4830   3.6290   3.7960   0.0000   0.0000   0.0000   0.0000   0.0000;
238:  0.4430   0.7650   0.9620   1.1350   1.3730   1.6100   1.8550   2.1580   2.3680   2.5400   2.7430   2.9800   3.1340   3.2230   3.3410   3.4840   3.6280   3.7960   0.0000   0.0000   0.0000   0.0000   0.0000;
239:  0.4430   0.7670   0.9650   1.1400   1.3770   1.6140   1.8600   2.1620   2.3720   2.5430   2.7480   2.9830   3.1330   3.2240   3.3420   3.4850   3.6260   3.7970   0.0000   0.0000   0.0000   0.0000   0.0000;
240:  0.4420   0.7700   0.9690   1.1440   1.3810   1.6190   1.8640   2.1660   2.3750   2.5470   2.7520   2.9850   3.1320   3.2260   3.3440   3.4860   3.6250   3.7980   0.0000   0.0000   0.0000   0.0000   0.0000;
241:  0.4420   0.7720   0.9730   1.1490   1.3860   1.6230   1.8680   2.1700   2.3780   2.5500   2.7570   2.9860   3.1310   3.2280   3.3450   3.4880   3.6240   3.7990   0.0000   0.0000   0.0000   0.0000   0.0000;
242:  0.4410   0.7740   0.9770   1.1530   1.3910   1.6270   1.8720   2.1740   2.3810   2.5530   2.7610   2.9880   3.1300   3.2310   3.3470   3.4900   3.6220   3.8000   0.0000   0.0000   0.0000   0.0000   0.0000;
243:  0.4410   0.7760   0.9810   1.1570   1.3950   1.6320   1.8750   2.1780   2.3840   2.5560   2.7640   2.9890   3.1280   3.2340   3.3500   3.4930   3.6200   3.8020   0.0000   0.0000   0.0000   0.0000   0.0000;
244:  0.4400   0.7770   0.9840   1.1620   1.4000   1.6360   1.8780   2.1820   2.3860   2.5590   2.7680   2.9900   3.1270   3.2380   3.3530   3.4960   3.6180   3.8030   0.0000   0.0000   0.0000   0.0000   0.0000;
245:  0.4400   0.7790   0.9880   1.1660   1.4050   1.6400   1.8810   2.1850   2.3880   2.5620   2.7710   2.9910   3.1260   3.2420   3.3570   3.5000   3.6160   3.8040   0.0000   0.0000   0.0000   0.0000   0.0000;
246:  0.4390   0.7800   0.9910   1.1710   1.4090   1.6440   1.8830   2.1880   2.3900   2.5640   2.7740   2.9920   3.1240   3.2470   3.3610   3.5050   3.6130   3.8050   0.0000   0.0000   0.0000   0.0000   0.0000;
247:  0.4380   0.7810   0.9940   1.1750   1.4140   1.6490   1.8850   2.1920   2.3910   2.5670   2.7770   2.9920   3.1230   3.2530   3.3660   3.5110   3.6110   3.8060   0.0000   0.0000   0.0000   0.0000   0.0000;
248:  0.4370   0.7810   0.9970   1.1790   1.4190   1.6530   1.8870   2.1950   2.3930   2.5690   2.7800   2.9930   3.1230   3.2600   3.3720   3.5180   3.6080   3.8070   0.0000   0.0000   0.0000   0.0000   0.0000;
249:  0.4360   0.7820   0.9990   1.1830   1.4240   1.6570   1.8890   2.1980   2.3930   2.5720   2.7820   2.9930   3.1220   3.2670   3.3780   3.5250   3.6050   3.8090   0.0000   0.0000   0.0000   0.0000   0.0000;
250:  0.4350   0.7820   1.0020   1.1870   1.4290   1.6610   1.8910   2.2000   2.3940   2.5740   2.7840   2.9930   3.1220   3.2750   3.3860   3.5340   3.6020   3.8100   0.0000   0.0000   0.0000   0.0000   0.0000;
251:  0.4340   0.7820   1.0040   1.1910   1.4340   1.6650   1.8920   2.2030   2.3950   2.5760   2.7850   2.9930   3.1220   3.2830   3.3940   3.5430   3.5990   3.8110   0.0000   0.0000   0.0000   0.0000   0.0000;
252:  0.4330   0.7810   1.0060   1.1940   1.4390   1.6690   1.8930   2.2060   2.3950   2.5790   2.7870   2.9920   3.1220   3.2920   3.4030   3.5540   3.5950   3.8120   4.0430   0.0000   0.0000   0.0000   0.0000;
253:  0.4310   0.7810   1.0080   1.1970   1.4440   1.6730   1.8950   2.2080   2.3960   2.5810   2.7880   2.9920   3.1220   3.3020   3.4130   3.5650   3.5920   3.8130   4.0430   0.0000   0.0000   0.0000   0.0000;
254:  0.4300   0.7800   1.0100   1.2010   1.4480   1.6760   1.8960   2.2110   2.3960   2.5820   2.7890   2.9910   3.1230   3.3120   3.4240   3.5770   3.5880   3.8130   4.0430   0.0000   0.0000   0.0000   0.0000;
255:  0.4290   0.7790   1.0110   1.2040   1.4520   1.6800   1.8970   2.2130   2.3960   2.5840   2.7890   2.9900   3.1240   3.3220   3.4350   3.5910   3.5840   3.8140   4.0430   0.0000   0.0000   0.0000   0.0000;
256:  0.4270   0.7780   1.0120   1.2060   1.4560   1.6840   1.8980   2.2150   2.3960   2.5860   2.7890   2.9890   3.1250   3.3330   3.4460   3.6040   3.5810   3.8140   4.0440   0.0000   0.0000   0.0000   0.0000;
257:  0.4250   0.7760   1.0130   1.2090   1.4600   1.6880   1.8990   2.2160   2.3950   2.5870   2.7890   2.9870   3.1270   3.3440   3.4590   3.6190   3.5770   3.8150   4.0440   0.0000   0.0000   0.0000   0.0000;
258:  0.4240   0.7750   1.0140   1.2110   1.4640   1.6920   1.9000   2.2180   2.3950   2.5890   2.7880   2.9860   3.1280   3.3550   3.4710   3.6340   3.5730   3.8150   4.0450   0.0000   0.0000   0.0000   0.0000;
259:  0.4220   0.7730   1.0150   1.2130   1.4670   1.6950   1.9020   2.2200   2.3940   2.5890   2.7870   2.9840   3.1300   3.3660   3.4840   3.6500   3.5690   3.8150   4.0460   0.0000   0.0000   0.0000   0.0000;
260:  0.4210   0.7720   1.0150   1.2150   1.4710   1.6990   1.9030   2.2210   2.3930   2.5900   2.7850   2.9820   3.1320   3.3770   3.4980   3.6660   3.5650   3.8150   4.0470   0.0000   0.0000   0.0000   0.0000;
261:  0.4190   0.7700   1.0160   1.2160   1.4730   1.7030   1.9040   2.2220   2.3930   2.5910   2.7840   2.9800   3.1340   3.3880   3.5110   3.6820   3.5610   3.8140   4.0470   0.0000   0.0000   0.0000   0.0000;
262:  0.4170   0.7680   1.0160   1.2180   1.4760   1.7060   1.9060   2.2220   2.3920   2.5910   2.7820   2.9780   3.1360   3.3990   3.5240   3.6980   3.5570   3.8130   0.0000   0.0000   0.0000   0.0000   0.0000;
263:  0.4160   0.7660   1.0160   1.2190   1.4780   1.7090   1.9070   2.2230   2.3910   2.5910   2.7790   2.9750   3.1370   3.4090   3.5370   3.7150   3.5540   3.8120   0.0000   0.0000   0.0000   0.0000   0.0000;
264:  0.4140   0.7640   1.0160   1.2200   1.4790   1.7130   1.9090   2.2230   2.3900   2.5910   2.7760   2.9720   3.1390   3.4180   3.5490   3.7300   3.5500   3.8110   0.0000   0.0000   0.0000   0.0000   0.0000;
265:  0.4120   0.7620   1.0160   1.2200   1.4800   1.7160   1.9110   2.2230   2.3880   2.5910   2.7730   2.9680   3.1400   3.4270   3.5620   3.7460   3.5460   3.8100   0.0000   0.0000   0.0000   0.0000   0.0000;
266:  0.4110   0.7600   1.0150   1.2200   1.4810   1.7190   1.9130   2.2220   2.3870   2.5900   2.7700   2.9640   3.1410   3.4350   3.5730   3.7610   3.5430   3.8090   0.0000   0.0000   0.0000   0.0000   0.0000;
267:  0.4090   0.7580   1.0150   1.2200   1.4810   1.7210   1.9140   2.2210   2.3850   2.5880   2.7660   2.9600   3.1410   3.4420   3.5830   3.7750   3.5390   3.8070   0.0000   0.0000   0.0000   0.0000   0.0000;
268:  0.4070   0.7560   1.0140   1.2200   1.4810   1.7240   1.9160   2.2200   2.3840   2.5870   2.7620   2.9560   3.1410   3.4470   3.5930   3.7880   3.5360   3.8050   0.0000   0.0000   0.0000   0.0000   0.0000;
269:  0.4060   0.7540   1.0130   1.2200   1.4800   1.7260   1.9180   2.2180   2.3820   2.5850   2.7580   2.9510   3.1410   3.4520   3.6010   3.8000   3.5330   3.8030   0.0000   0.0000   0.0000   0.0000   0.0000;
270:  0.4040   0.7520   1.0130   1.2190   1.4780   1.7280   1.9200   2.2160   2.3800   2.5820   2.7530   2.9460   3.1400   3.4560   3.6090   3.8110   3.5290   3.8010   0.0000   0.0000   0.0000   0.0000   0.0000;
271:  0.4020   0.7510   1.0120   1.2180   1.4770   1.7300   1.9210   2.2140   2.3780   2.5800   2.7480   2.9400   3.1380   3.4580   3.6150   3.8200   3.5260   3.7990   0.0000   0.0000   0.0000   0.0000   0.0000;
272:  0.4010   0.7490   1.0110   1.2180   1.4750   1.7310   1.9220   2.2110   2.3750   2.5760   2.7420   2.9350   3.1360   3.4580   3.6190   3.8270   3.5230   3.7970   0.0000   0.0000   0.0000   0.0000   0.0000;
273:  0.4000   0.7470   1.0090   1.2160   1.4720   1.7320   1.9240   2.2070   2.3730   2.5730   2.7360   2.9290   3.1340   3.4570   3.6220   3.8330   3.5200   3.7950   0.0000   0.0000   0.0000   0.0000   0.0000;
274:  0.3980   0.7460   1.0080   1.2150   1.4690   1.7330   1.9250   2.2040   2.3700   2.5690   2.7300   2.9220   3.1300   3.4550   3.6230   3.8380   3.5170   3.7920   0.0000   0.0000   0.0000   0.0000   0.0000;
275:  0.3970   0.7450   1.0070   1.2140   1.4650   1.7330   1.9250   2.2000   2.3670   2.5640   2.7240   2.9160   3.1260   3.4510   3.6230   3.8400   3.5140   3.7900   0.0000   0.0000   0.0000   0.0000   0.0000;
276:  0.3960   0.7440   1.0050   1.2120   1.4620   1.7330   1.9260   2.1950   2.3640   2.5590   2.7180   2.9090   3.1210   3.4450   3.6200   3.8400   3.5110   3.7870   0.0000   0.0000   0.0000   0.0000   0.0000;
277:  0.3950   0.7430   1.0040   1.2110   1.4580   1.7330   1.9260   2.1900   2.3600   2.5540   2.7110   2.9010   3.1150   3.4380   3.6160   3.8380   3.5090   3.7850   0.0000   0.0000   0.0000   0.0000   0.0000;
278:  0.3930   0.7420   1.0020   1.2090   1.4530   1.7320   1.9250   2.1850   2.3560   2.5480   2.7040   2.8940   3.1080   3.4300   3.6110   3.8340   3.5060   3.7820   0.0000   0.0000   0.0000   0.0000   0.0000;
279:  0.3930   0.7420   1.0000   1.2070   1.4480   1.7310   1.9250   2.1790   2.3520   2.5410   2.6960   2.8860   3.1010   3.4200   3.6030   3.8280   3.5030   3.7800   0.0000   0.0000   0.0000   0.0000   0.0000;
280:  0.3910   0.7410   0.9980   1.2050   1.4430   1.7290   1.9240   2.1730   2.3480   2.5350   2.6890   2.8790   3.0930   3.4080   3.5940   3.8200   3.5000   3.7780   0.0000   0.0000   0.0000   0.0000   0.0000;
281:  0.3910   0.7410   0.9960   1.2020   1.4380   1.7270   1.9220   2.1670   2.3430   2.5270   2.6810   2.8710   3.0850   3.3950   3.5820   3.8100   3.4970   3.7750   0.0000   0.0000   0.0000   0.0000   0.0000;
282:  0.3900   0.7400   0.9930   1.2000   1.4330   1.7250   1.9200   2.1600   2.3380   2.5200   2.6740   2.8630   3.0750   3.3810   3.5700   3.7980   3.4930   3.7730   0.0000   0.0000   0.0000   0.0000   0.0000;
283:  0.3890   0.7400   0.9910   1.1980   1.4270   1.7220   1.9170   2.1530   2.3330   2.5120   2.6660   2.8550   3.0660   3.3660   3.5550   3.7840   3.4900   3.7710   0.0000   0.0000   0.0000   0.0000   0.0000;
284:  0.3880   0.7400   0.9880   1.1950   1.4210   1.7180   1.9140   2.1450   2.3280   2.5040   2.6580   2.8470   3.0550   3.3490   3.5390   3.7680   3.4870   3.7690   0.0000   0.0000   0.0000   0.0000   0.0000;
285:  0.3870   0.7400   0.9850   1.1930   1.4150   1.7140   1.9100   2.1380   2.3220   2.4950   2.6490   2.8380   3.0440   3.3320   3.5220   3.7500   3.4840   3.7680   0.0000   0.0000   0.0000   0.0000   0.0000;
286:  0.3870   0.7400   0.9820   1.1900   1.4100   1.7100   1.9050   2.1300   2.3160   2.4870   2.6410   2.8300   3.0330   3.3130   3.5040   3.7310   3.4800   3.7660   0.0000   0.0000   0.0000   0.0000   0.0000;
287:  0.3860   0.7400   0.9790   1.1870   1.4040   1.7050   1.9010   2.1220   2.3100   2.4770   2.6330   2.8220   3.0220   3.2950   3.4840   3.7100   3.4760   0.0000   0.0000   0.0000   0.0000   0.0000   0.0000;
288:  0.3850   0.7400   0.9760   1.1850   1.3980   1.7000   1.8950   2.1140   2.3040   2.4680   2.6240   2.8140   3.0100   3.2750   3.4630   3.6880   3.4720   0.0000   0.0000   0.0000   0.0000   0.0000   0.0000;
289:  0.3850   0.7400   0.9730   1.1820   1.3920   1.6940   1.8890   2.1060   2.2970   2.4590   2.6160   2.8060   2.9980   3.2550   3.4420   3.6640   3.4680   0.0000   0.0000   0.0000   0.0000   0.0000   0.0000;
290:  0.3840   0.7400   0.9690   1.1790   1.3860   1.6880   1.8830   2.0980   2.2900   2.4490   2.6070   2.7980   2.9850   3.2340   3.4200   3.6400   3.4640   0.0000   0.0000   0.0000   0.0000   0.0000   0.0000;
291:  0.3840   0.7400   0.9660   1.1760   1.3810   1.6810   1.8760   2.0890   2.2830   2.4390   2.5990   2.7900   2.9730   3.2140   3.3970   3.6150   3.4600   0.0000   0.0000   0.0000   0.0000   0.0000   0.0000;
292:  0.3830   0.7400   0.9620   1.1720   1.3750   1.6740   1.8680   2.0810   2.2750   2.4290   2.5910   2.7820   2.9610   3.1930   3.3740   3.5900   3.4550   0.0000   0.0000   0.0000   0.0000   0.0000   0.0000;
293:  0.3820   0.7390   0.9580   1.1690   1.3690   1.6670   1.8600   2.0730   2.2670   2.4200   2.5820   2.7750   2.9490   3.1730   3.3510   3.5640   3.4510   0.0000   0.0000   0.0000   0.0000   0.0000   0.0000;
294:  0.3810   0.7390   0.9550   1.1650   1.3640   1.6600   1.8520   2.0650   2.2600   2.4100   2.5740   2.7670   2.9370   3.1530   3.3280   3.5380   3.4460   0.0000   0.0000   0.0000   0.0000   0.0000   0.0000;
295:  0.3800   0.7380   0.9510   1.1620   1.3590   1.6520   1.8430   2.0560   2.2520   2.4000   2.5650   2.7600   2.9250   3.1330   3.3050   3.5120   3.4420   0.0000   0.0000   0.0000   0.0000   0.0000   0.0000;
296:  0.3790   0.7380   0.9470   1.1580   1.3540   1.6440   1.8340   2.0480   2.2440   2.3900   2.5570   2.7530   2.9140   3.1140   3.2820   3.4860   3.4370   0.0000   0.0000   0.0000   0.0000   0.0000   0.0000;
297:  0.3780   0.7370   0.9430   1.1550   1.3490   1.6360   1.8250   2.0400   2.2360   2.3800   2.5490   2.7460   2.9030   3.0950   3.2600   3.4600   3.4320   0.0000   0.0000   0.0000   0.0000   0.0000   0.0000;
298:  0.3770   0.7360   0.9390   1.1510   1.3440   1.6270   1.8160   2.0320   2.2280   2.3710   2.5410   2.7400   2.8930   3.0770   3.2390   3.4360   3.4270   0.0000   0.0000   0.0000   0.0000   0.0000   0.0000;
299:  0.3760   0.7350   0.9350   1.1470   1.3390   1.6190   1.8060   2.0240   2.2200   2.3620   2.5330   2.7330   2.8830   3.0600   3.2180   3.4120   3.4220   0.0000   0.0000   0.0000   0.0000   0.0000   0.0000;
300:  0.3750   0.7340   0.9310   1.1430   1.3350   1.6100   1.7960   2.0160   2.2110   2.3520   2.5250   2.7270   2.8730   3.0440   3.1990   3.3890   3.4180   0.0000   0.0000   0.0000   0.0000   0.0000   0.0000;
301:  0.3730   0.7330   0.9270   1.1390   1.3300   1.6010   1.7870   2.0090   2.2030   2.3440   2.5180   2.7200   2.8650   3.0290   3.1800   3.3670   3.4130   0.0000   0.0000   0.0000   0.0000   0.0000   0.0000;
302:  0.3720   0.7310   0.9230   1.1350   1.3260   1.5930   1.7770   2.0020   2.1950   2.3350   2.5100   2.7140   2.8560   3.0150   3.1630   3.3460   3.4090   0.0000   0.0000   0.0000   0.0000   0.0000   0.0000;
303:  0.3700   0.7290   0.9190   1.1300   1.3220   1.5840   1.7670   1.9940   2.1870   2.3270   2.5030   2.7080   2.8490   3.0020   3.1460   3.3270   3.4040   0.0000   0.0000   0.0000   0.0000   0.0000   0.0000;
304:  0.3680   0.7280   0.9150   1.1260   1.3180   1.5750   1.7580   1.9870   2.1790   2.3180   2.4950   2.7020   2.8420   2.9910   3.1310   3.3090   3.4000   0.0000   0.0000   0.0000   0.0000   0.0000   0.0000;
305:  0.3660   0.7260   0.9120   1.1220   1.3140   1.5660   1.7480   1.9800   2.1710   2.3110   2.4880   2.6970   2.8360   2.9800   3.1180   3.2920   3.3960   0.0000   0.0000   0.0000   0.0000   0.0000   0.0000;
306:  0.3640   0.7240   0.9080   1.1170   1.3100   1.5580   1.7390   1.9730   2.1630   2.3040   2.4810   2.6910   2.8300   2.9710   3.1050   3.2780   3.3930   0.0000   0.0000   0.0000   0.0000   0.0000   0.0000;
307:  0.3620   0.7220   0.9050   1.1130   1.3060   1.5490   1.7300   1.9660   2.1550   2.2960   2.4740   2.6850   2.8250   2.9630   3.0950   3.2640   3.3900   0.0000   0.0000   0.0000   0.0000   0.0000   0.0000;
308:  0.3600   0.7200   0.9020   1.1090   1.3020   1.5410   1.7210   1.9590   2.1480   2.2900   2.4670   2.6800   2.8210   2.9560   3.0850   3.2520   3.3870   0.0000   0.0000   0.0000   0.0000   0.0000   0.0000;
309:  0.3580   0.7170   0.8990   1.1050   1.2980   1.5330   1.7130   1.9530   2.1400   2.2830   2.4610   2.6750   2.8170   2.9510   3.0770   3.2420   3.3850   0.0000   0.0000   0.0000   0.0000   0.0000   0.0000;
310:  0.3550   0.7150   0.8960   1.1010   1.2940   1.5250   1.7050   1.9460   2.1330   2.2770   2.4550   2.6690   2.8140   2.9460   3.0710   3.2340   3.3830   0.0000   0.0000   0.0000   0.0000   0.0000   0.0000;
311:  0.3530   0.7130   0.8930   1.0960   1.2900   1.5170   1.6970   1.9400   2.1260   2.2720   2.4480   2.6640   2.8120   2.9430   3.0650   3.2270   3.3810   0.0000   0.0000   0.0000   0.0000   0.0000   0.0000;
312:  0.3500   0.7100   0.8910   1.0930   1.2860   1.5100   1.6890   1.9340   2.1190   2.2660   2.4420   2.6580   2.8100   2.9400   3.0610   3.2210   3.3800   0.0000   0.0000   0.0000   0.0000   0.0000   0.0000;
313:  0.3470   0.7080   0.8880   1.0890   1.2830   1.5030   1.6820   1.9270   2.1120   2.2610   2.4360   2.6530   2.8090   2.9390   3.0580   3.2170   3.3800   0.0000   0.0000   0.0000   0.0000   0.0000   0.0000;
314:  0.3450   0.7050   0.8860   1.0850   1.2790   1.4960   1.6760   1.9210   2.1050   2.2560   2.4300   2.6480   2.8080   2.9380   3.0570   3.2140   3.3800   0.0000   0.0000   0.0000   0.0000   0.0000   0.0000;
315:  0.3420   0.7030   0.8840   1.0820   1.2750   1.4890   1.6690   1.9150   2.0990   2.2520   2.4250   2.6430   2.8070   2.9380   3.0560   3.2130   3.3800   0.0000   0.0000   0.0000   0.0000   0.0000   0.0000;
316:  0.3390   0.7000   0.8820   1.0780   1.2710   1.4820   1.6630   1.9090   2.0930   2.2480   2.4190   2.6380   2.8070   2.9390   3.0560   3.2130   3.3820   0.0000   0.0000   0.0000   0.0000   0.0000   0.0000;
317:  0.3360   0.6980   0.8800   1.0750   1.2670   1.4760   1.6580   1.9030   2.0870   2.2440   2.4140   2.6330   2.8070   2.9400   3.0580   3.2130   3.3840   0.0000   0.0000   0.0000   0.0000   0.0000   0.0000;
318:  0.3330   0.6960   0.8790   1.0720   1.2640   1.4700   1.6530   1.8970   2.0810   2.2400   2.4090   2.6280   2.8080   2.9430   3.0600   3.2140   3.3860   0.0000   0.0000   0.0000   0.0000   0.0000   0.0000;
319:  0.3300   0.6930   0.8770   1.0690   1.2600   1.4640   1.6470   1.8910   2.0750   2.2370   2.4040   2.6230   2.8080   2.9450   3.0630   3.2160   3.3890   0.0000   0.0000   0.0000   0.0000   0.0000   0.0000;
320:  0.3270   0.6910   0.8760   1.0670   1.2560   1.4590   1.6430   1.8850   2.0700   2.2340   2.3990   2.6180   2.8090   2.9480   3.0660   3.2190   3.3930   0.0000   0.0000   0.0000   0.0000   0.0000   0.0000;
321:  0.3240   0.6890   0.8750   1.0650   1.2530   1.4540   1.6380   1.8790   2.0650   2.2310   2.3940   2.6140   2.8100   2.9510   3.0700   3.2220   3.3970   0.0000   0.0000   0.0000   0.0000   0.0000   0.0000;
322:  0.3200   0.6870   0.8730   1.0630   1.2490   1.4490   1.6350   1.8730   2.0590   2.2270   2.3890   2.6090   2.8110   2.9540   3.0740   3.2260   3.4020   0.0000   0.0000   0.0000   0.0000   0.0000   0.0000;
323:  0.3170   0.6850   0.8720   1.0610   1.2450   1.4440   1.6310   1.8680   2.0550   2.2250   2.3850   2.6050   2.8120   2.9580   3.0780   3.2300   3.4080   0.0000   0.0000   0.0000   0.0000   0.0000   0.0000;
324:  0.3150   0.6820   0.8710   1.0590   1.2420   1.4400   1.6270   1.8620   2.0500   2.2220   2.3800   2.6010   2.8130   2.9610   3.0830   3.2340   3.4140   0.0000   0.0000   0.0000   0.0000   0.0000   0.0000;
325:  0.3110   0.6800   0.8700   1.0580   1.2390   1.4350   1.6240   1.8570   2.0450   2.2190   2.3760   2.5970   2.8150   2.9650   3.0880   3.2380   3.4210   0.0000   0.0000   0.0000   0.0000   0.0000   0.0000;
326:  0.3080   0.6780   0.8690   1.0570   1.2360   1.4310   1.6200   1.8510   2.0410   2.2170   2.3720   2.5930   2.8150   2.9680   3.0930   3.2420   3.4280   0.0000   0.0000   0.0000   0.0000   0.0000   0.0000;
327:  0.3050   0.6760   0.8680   1.0560   1.2330   1.4270   1.6170   1.8460   2.0360   2.2140   2.3690   2.5900   2.8160   2.9710   3.0970   3.2460   3.4360   0.0000   0.0000   0.0000   0.0000   0.0000   0.0000;
328:  0.3030   0.6750   0.8670   1.0550   1.2300   1.4230   1.6140   1.8410   2.0320   2.2120   2.3650   2.5870   2.8170   2.9750   3.1020   3.2500   3.4440   0.0000   0.0000   0.0000   0.0000   0.0000   0.0000;
329:  0.3000   0.6730   0.8660   1.0550   1.2270   1.4200   1.6110   1.8360   2.0290   2.2090   2.3610   2.5840   2.8180   2.9770   3.1060   3.2540   3.4530   0.0000   0.0000   0.0000   0.0000   0.0000   0.0000;
330:  0.2970   0.6710   0.8650   1.0550   1.2250   1.4160   1.6090   1.8320   2.0250   2.2070   2.3580   2.5810   2.8180   2.9800   3.1100   3.2570   3.4630   0.0000   0.0000   0.0000   0.0000   0.0000   0.0000;
331:  0.2940   0.6690   0.8640   1.0550   1.2230   1.4130   1.6060   1.8270   2.0210   2.2050   2.3550   2.5790   2.8180   2.9820   3.1130   3.2600   3.4720   0.0000   0.0000   0.0000   0.0000   0.0000   0.0000;
332:  0.2910   0.6670   0.8640   1.0550   1.2210   1.4100   1.6030   1.8230   2.0180   2.2020   2.3520   2.5770   2.8190   2.9840   3.1170   3.2630   3.4820   3.7670   0.0000   0.0000   0.0000   0.0000   0.0000;
333:  0.2890   0.6650   0.8630   1.0550   1.2190   1.4070   1.6000   1.8200   2.0150   2.2000   2.3490   2.5760   2.8190   2.9860   3.1200   3.2650   3.4920   3.7710   0.0000   0.0000   0.0000   0.0000   0.0000;
334:  0.2860   0.6630   0.8620   1.0550   1.2180   1.4040   1.5980   1.8160   2.0120   2.1980   2.3470   2.5740   2.8180   2.9870   3.1220   3.2670   3.5030   3.7760   0.0000   0.0000   0.0000   0.0000   0.0000;
335:  0.2840   0.6610   0.8610   1.0550   1.2170   1.4020   1.5950   1.8130   2.0090   2.1950   2.3440   2.5730   2.8180   2.9880   3.1240   3.2680   3.5140   3.7800   0.0000   0.0000   0.0000   0.0000   0.0000;
336:  0.2810   0.6590   0.8600   1.0550   1.2160   1.3990   1.5930   1.8100   2.0070   2.1930   2.3420   2.5730   2.8180   2.9890   3.1260   3.2690   3.5240   3.7850   0.0000   0.0000   0.0000   0.0000   0.0000;
337:  0.2790   0.6560   0.8590   1.0550   1.2160   1.3970   1.5910   1.8080   2.0040   2.1910   2.3400   2.5730   2.8170   2.9890   3.1270   3.2700   3.5350   3.7910   0.0000   0.0000   0.0000   0.0000   0.0000;
338:  0.2760   0.6540   0.8580   1.0560   1.2150   1.3950   1.5880   1.8060   2.0020   2.1890   2.3380   2.5730   2.8160   2.9890   3.1290   3.2710   3.5470   3.7970   0.0000   0.0000   0.0000   0.0000   0.0000;
339:  0.2740   0.6510   0.8570   1.0560   1.2150   1.3930   1.5860   1.8040   2.0000   2.1870   2.3370   2.5740   2.8150   2.9890   3.1290   3.2710   3.5580   3.8030   0.0000   0.0000   0.0000   0.0000   0.0000;
340:  0.2720   0.6490   0.8560   1.0560   1.2160   1.3910   1.5840   1.8030   1.9990   2.1850   2.3360   2.5750   2.8140   2.9890   3.1290   3.2710   3.5680   3.8090   0.0000   0.0000   0.0000   0.0000   0.0000;
341:  0.2690   0.6460   0.8550   1.0560   1.2160   1.3890   1.5820   1.8020   1.9980   2.1830   2.3350   2.5760   2.8130   2.9880   3.1290   3.2710   3.5790   3.8160   0.0000   0.0000   0.0000   0.0000   0.0000;
342:  0.2670   0.6430   0.8550   1.0560   1.2170   1.3870   1.5800   1.8010   1.9960   2.1810   2.3340   2.5770   2.8120   2.9870   3.1290   3.2710   3.5900   3.8230   0.0000   0.0000   0.0000   0.0000   0.0000;
343:  0.2650   0.6400   0.8540   1.0560   1.2180   1.3860   1.5790   1.8010   1.9960   2.1790   2.3330   2.5790   2.8110   2.9870   3.1290   3.2710   3.6000   3.8290   0.0000   0.0000   0.0000   0.0000   0.0000;
344:  0.2630   0.6370   0.8540   1.0560   1.2200   1.3850   1.5770   1.8020   1.9950   2.1770   2.3330   2.5810   2.8100   2.9860   3.1280   3.2700   3.6110   3.8360   0.0000   0.0000   0.0000   0.0000   0.0000;
345:  0.2610   0.6340   0.8530   1.0550   1.2210   1.3840   1.5760   1.8020   1.9950   2.1760   2.3330   2.5840   2.8090   2.9850   3.1270   3.2700   3.6200   3.8430   0.0000   0.0000   0.0000   0.0000   0.0000;
346:  0.2580   0.6310   0.8530   1.0550   1.2230   1.3840   1.5750   1.8040   1.9950   2.1740   2.3330   2.5860   2.8080   2.9840   3.1270   3.2700   3.6300   3.8500   0.0000   0.0000   0.0000   0.0000   0.0000;
347:  0.2560   0.6270   0.8530   1.0540   1.2250   1.3840   1.5750   1.8050   1.9950   2.1730   2.3330   2.5890   2.8070   2.9830   3.1260   3.2710   3.6390   3.8570   0.0000   0.0000   0.0000   0.0000   0.0000;
348:  0.2540   0.6240   0.8530   1.0530   1.2270   1.3840   1.5740   1.8070   1.9950   2.1720   2.3340   2.5920   2.8060   2.9820   3.1250   3.2710   3.6480   3.8640   0.0000   0.0000   0.0000   0.0000   0.0000;
349:  0.2520   0.6200   0.8530   1.0520   1.2290   1.3840   1.5740   1.8090   1.9960   2.1710   2.3350   2.5950   2.8060   2.9810   3.1240   3.2720   3.6560   3.8700   0.0000   0.0000   0.0000   0.0000   0.0000;
350:  0.2500   0.6160   0.8530   1.0510   1.2310   1.3850   1.5740   1.8110   1.9970   2.1710   2.3360   2.5980   2.8050   2.9800   3.1240   3.2730   3.6630   3.8760   0.0000   0.0000   0.0000   0.0000   0.0000;
351:  0.2480   0.6130   0.8530   1.0500   1.2340   1.3860   1.5750   1.8140   1.9980   2.1700   2.3370   2.6010   2.8050   2.9790   3.1230   3.2740   3.6700   3.8820   0.0000   0.0000   0.0000   0.0000   0.0000;
352:  0.2460   0.6090   0.8540   1.0480   1.2360   1.3870   1.5760   1.8160   2.0000   2.1700   2.3380   2.6040   2.8050   2.9790   3.1230   3.2760   3.6770   3.8880   0.0000   0.0000   0.0000   0.0000   0.0000;
353:  0.2440   0.6050   0.8550   1.0470   1.2380   1.3890   1.5770   1.8190   2.0020   2.1700   2.3400   2.6080   2.8050   2.9790   3.1230   3.2780   3.6830   3.8930   0.0000   0.0000   0.0000   0.0000   0.0000;
354:  0.2420   0.6020   0.8550   1.0450   1.2410   1.3910   1.5790   1.8220   2.0040   2.1710   2.3420   2.6110   2.8050   2.9790   3.1230   3.2810   3.6880   3.8980   4.1410   4.6420   0.0000   0.0000   0.0000;
355:  0.2400   0.5980   0.8560   1.0430   1.2430   1.3940   1.5810   1.8250   2.0060   2.1710   2.3440   2.6140   2.8060   2.9790   3.1230   3.2840   3.6920   3.9020   4.1570   4.6930   0.0000   0.0000   0.0000;
356:  0.2380   0.5940   0.8580   1.0420   1.2460   1.3960   1.5830   1.8290   2.0080   2.1720   2.3460   2.6170   2.8070   2.9800   3.1230   3.2870   3.6960   3.9050   4.1730   4.7380   0.0000   0.0000   0.0000;
357:  0.2360   0.5910   0.8590   1.0400   1.2480   1.4000   1.5860   1.8320   2.0110   2.1730   2.3480   2.6200   2.8080   2.9800   3.1240   3.2900   3.6990   3.9090   4.1890   4.7760   0.0000   0.0000   0.0000;
358:  0.2340   0.5870   0.8600   1.0380   1.2500   1.4030   1.5890   1.8350   2.0130   2.1740   2.3510   2.6230   2.8100   2.9810   3.1250   3.2940   3.7010   3.9120   4.2060   4.8070   0.0000   0.0000   0.0000;
359:  0.2320   0.5840   0.8620   1.0360   1.2530   1.4070   1.5930   1.8380   2.0160   2.1750   2.3530   2.6260   2.8120   2.9830   3.1270   3.2980   3.7020   3.9140   4.2230   4.8300   0.0000   0.0000   0.0000;
