C:\RK-3\Data\PA000001\ED0000010001R.DAT;
000:  0.4570   0.7740   1.0330   1.2890   1.5790   1.8735   2.1995   2.5165   2.7755   3.0025   3.2125   3.4280   3.6500   3.8760   4.1060   4.3540   0.0000   0.0000   0.0000   0.0000   0.0000   0.0000   0.0000;
001:  0.4570   0.7740   1.0330   1.2890   1.5785   1.8725   2.1990   2.5165   2.7750   3.0020   3.2135   3.4305   3.6535   3.8820   4.1145   4.3655   0.0000   0.0000   0.0000   0.0000   0.0000   0.0000   0.0000;
002:  0.4570   0.7740   1.0330   1.2890   1.5785   1.8725   2.1990   2.5165   2.7745   3.0015   3.2145   3.4330   3.6570   3.8875   4.1230   4.3775   0.0000   0.0000   0.0000   0.0000   0.0000   0.0000   0.0000;
003:  0.4570   0.7740   1.0330   1.2885   1.5775   1.8715   2.1985   2.5165   2.7740   3.0010   3.2155   3.4355   3.6600   3.8930   4.1310   4.3880   0.0000   0.0000   0.0000   0.0000   0.0000   0.0000   0.0000;
004:  0.4570   0.7740   1.0330   1.2885   1.5775   1.8710   2.1980   2.5165   2.7735   3.0005   3.2170   3.4380   3.6630   3.8985   4.1390   4.3990   0.0000   0.0000   0.0000   0.0000   0.0000   0.0000   0.0000;
005:  0.4575   0.7745   1.0330   1.2885   1.5770   1.8700   2.1970   2.5160   2.7730   3.0000   3.2180   3.4405   3.6660   3.9035   4.1465   4.4090   0.0000   0.0000   0.0000   0.0000   0.0000   0.0000   0.0000;
006:  0.4575   0.7745   1.0325   1.2875   1.5760   1.8690   2.1965   2.5160   2.7725   3.0000   3.2205   3.4435   3.6685   3.9080   4.1535   4.4185   0.0000   0.0000   0.0000   0.0000   0.0000   0.0000   0.0000;
007:  0.4575   0.7745   1.0325   1.2875   1.5760   1.8685   2.1955   2.5150   2.7710   2.9990   3.2220   3.4465   3.6715   3.9125   4.1600   4.4275   0.0000   0.0000   0.0000   0.0000   0.0000   0.0000   0.0000;
008:  0.4575   0.7745   1.0325   1.2870   1.5750   1.8675   2.1945   2.5145   2.7705   2.9990   3.2240   3.4490   3.6735   3.9160   4.1660   4.4355   0.0000   0.0000   0.0000   0.0000   0.0000   0.0000   0.0000;
009:  0.4575   0.7745   1.0325   1.2870   1.5745   1.8665   2.1935   2.5135   2.7690   2.9985   3.2260   3.4515   3.6755   3.9195   4.1710   4.4420   0.0000   0.0000   0.0000   0.0000   0.0000   0.0000   0.0000;
010:  0.4580   0.7750   1.0325   1.2865   1.5740   1.8655   2.1920   2.5130   2.7685   2.9980   3.2280   3.4545   3.6770   3.9215   4.1750   4.4475   0.0000   0.0000   0.0000   0.0000   0.0000   0.0000   0.0000;
011:  0.4580   0.7750   1.0325   1.2865   1.5735   1.8645   2.1905   2.5115   2.7670   2.9975   3.2305   3.4575   3.6785   3.9235   4.1780   4.4515   0.0000   0.0000   0.0000   0.0000   0.0000   0.0000   0.0000;
012:  0.4580   0.7750   1.0325   1.2860   1.5725   1.8630   2.1885   2.5100   2.7655   2.9970   3.2325   3.4600   3.6800   3.9255   4.1810   4.4545   0.0000   0.0000   0.0000   0.0000   0.0000   0.0000   0.0000;
013:  0.4580   0.7750   1.0325   1.2860   1.5720   1.8620   2.1875   2.5090   2.7640   2.9965   3.2350   3.4630   3.6810   3.9260   4.1825   4.4555   0.0000   0.0000   0.0000   0.0000   0.0000   0.0000   0.0000;
014:  0.4580   0.7755   1.0320   1.2850   1.5710   1.8605   2.1855   2.5075   2.7625   2.9960   3.2370   3.4650   3.6810   3.9255   4.1825   4.4555   0.0000   0.0000   0.0000   0.0000   0.0000   0.0000   0.0000;
015:  0.4580   0.7755   1.0320   1.2850   1.5705   1.8590   2.1835   2.5060   2.7610   2.9950   3.2390   3.4675   3.6810   3.9245   4.1815   4.4540   0.0000   0.0000   0.0000   0.0000   0.0000   0.0000   0.0000;
016:  0.4580   0.7760   1.0325   1.2845   1.5695   1.8580   2.1820   2.5045   2.7595   2.9945   3.2410   3.4695   3.6810   3.9235   4.1800   4.4510   0.0000   0.0000   0.0000   0.0000   0.0000   0.0000   0.0000;
017:  0.4580   0.7760   1.0325   1.2845   1.5690   1.8565   2.1800   2.5030   2.7580   2.9940   3.2430   3.4710   3.6800   3.9210   4.1770   4.4465   0.0000   0.0000   0.0000   0.0000   0.0000   0.0000   0.0000;
018:  0.4580   0.7760   1.0325   1.2845   1.5690   1.8555   2.1780   2.5015   2.7560   2.9925   3.2445   3.4730   3.6790   3.9180   4.1735   4.4405   0.0000   0.0000   0.0000   0.0000   0.0000   0.0000   0.0000;
019:  0.4580   0.7760   1.0325   1.2840   1.5680   1.8540   2.1760   2.4995   2.7540   2.9920   3.2465   3.4745   3.6775   3.9140   4.1680   4.4325   0.0000   0.0000   0.0000   0.0000   0.0000   0.0000   0.0000;
020:  0.4580   0.7760   1.0325   1.2840   1.5675   1.8525   2.1735   2.4975   2.7525   2.9910   3.2475   3.4755   3.6755   3.9095   4.1620   4.4235   0.0000   0.0000   0.0000   0.0000   0.0000   0.0000   0.0000;
021:  0.4575   0.7765   1.0330   1.2835   1.5665   1.8510   2.1715   2.4955   2.7500   2.9895   3.2485   3.4760   3.6735   3.9045   4.1545   4.4130   0.0000   0.0000   0.0000   0.0000   0.0000   0.0000   0.0000;
022:  0.4575   0.7765   1.0330   1.2835   1.5660   1.8495   2.1695   2.4935   2.7480   2.9885   3.2495   3.4765   3.6705   3.8985   4.1465   4.4010   0.0000   0.0000   0.0000   0.0000   0.0000   0.0000   0.0000;
023:  0.4570   0.7760   1.0325   1.2825   1.5650   1.8480   2.1675   2.4915   2.7455   2.9870   3.2505   3.4770   3.6675   3.8920   4.1375   4.3880   0.0000   0.0000   0.0000   0.0000   0.0000   0.0000   0.0000;
024:  0.4570   0.7760   1.0325   1.2825   1.5645   1.8465   2.1655   2.4900   2.7440   2.9855   3.2500   3.4765   3.6645   3.8855   4.1285   4.3745   0.0000   0.0000   0.0000   0.0000   0.0000   0.0000   0.0000;
025:  0.4570   0.7760   1.0325   1.2825   1.5640   1.8450   2.1635   2.4880   2.7415   2.9835   3.2500   3.4760   3.6605   3.8775   4.1175   4.3590   0.0000   0.0000   0.0000   0.0000   0.0000   0.0000   0.0000;
026:  0.4560   0.7755   1.0325   1.2820   1.5635   1.8440   2.1615   2.4860   2.7390   2.9815   3.2495   3.4750   3.6565   3.8695   4.1060   4.3430   0.0000   0.0000   0.0000   0.0000   0.0000   0.0000   0.0000;
027:  0.4560   0.7755   1.0320   1.2815   1.5630   1.8425   2.1595   2.4840   2.7370   2.9795   3.2485   3.4735   3.6520   3.8615   4.0945   4.3260   0.0000   0.0000   0.0000   0.0000   0.0000   0.0000   0.0000;
028:  0.4560   0.7755   1.0320   1.2810   1.5620   1.8410   2.1575   2.4820   2.7345   2.9775   3.2475   3.4720   3.6475   3.8525   4.0820   4.3085   0.0000   0.0000   0.0000   0.0000   0.0000   0.0000   0.0000;
029:  0.4555   0.7750   1.0320   1.2810   1.5615   1.8400   2.1565   2.4805   2.7320   2.9745   3.2450   3.4690   3.6420   3.8435   4.0690   4.2905   0.0000   0.0000   0.0000   0.0000   0.0000   0.0000   0.0000;
030:  0.4550   0.7750   1.0320   1.2810   1.5610   1.8385   2.1545   2.4785   2.7295   2.9720   3.2430   3.4665   3.6370   3.8340   4.0560   4.2725   0.0000   0.0000   0.0000   0.0000   0.0000   0.0000   0.0000;
031:  0.4545   0.7745   1.0315   1.2800   1.5605   1.8375   2.1525   2.4760   2.7265   2.9690   3.2405   3.4640   3.6320   3.8250   4.0430   4.2540   0.0000   0.0000   0.0000   0.0000   0.0000   0.0000   0.0000;
032:  0.4545   0.7745   1.0315   1.2800   1.5600   1.8365   2.1515   2.4745   2.7240   2.9660   3.2375   3.4605   3.6265   3.8155   4.0290   4.2350   0.0000   0.0000   0.0000   0.0000   0.0000   0.0000   0.0000;
033:  0.4540   0.7735   1.0305   1.2790   1.5590   1.8355   2.1500   2.4725   2.7215   2.9625   3.2340   3.4570   3.6210   3.8065   4.0160   4.2165   0.0000   0.0000   0.0000   0.0000   0.0000   0.0000   0.0000;
034:  0.4540   0.7735   1.0305   1.2790   1.5585   1.8340   2.1485   2.4710   2.7190   2.9590   3.2305   3.4530   3.6145   3.7965   4.0025   4.1980   0.0000   0.0000   0.0000   0.0000   0.0000   0.0000   0.0000;
035:  0.4535   0.7730   1.0300   1.2785   1.5580   1.8330   2.1475   2.4695   2.7160   2.9550   3.2260   3.4480   3.6085   3.7875   3.9895   4.1800   0.0000   0.0000   0.0000   0.0000   0.0000   0.0000   0.0000;
036:  0.4530   0.7720   1.0295   1.2785   1.5580   1.8325   2.1465   2.4675   2.7130   2.9515   3.2220   3.4440   3.6030   3.7785   3.9765   4.1625   0.0000   0.0000   0.0000   0.0000   0.0000   0.0000   0.0000;
037:  0.4530   0.7720   1.0290   1.2775   1.5570   1.8315   2.1450   2.4655   2.7105   2.9475   3.2170   3.4390   3.5970   3.7700   3.9640   4.1450   0.0000   0.0000   0.0000   0.0000   0.0000   0.0000   0.0000;
038:  0.4525   0.7715   1.0290   1.2775   1.5565   1.8305   2.1440   2.4640   2.7080   2.9435   3.2115   3.4335   3.5910   3.7610   3.9515   4.1285   0.0000   0.0000   0.0000   0.0000   0.0000   0.0000   0.0000;
039:  0.4525   0.7710   1.0280   1.2770   1.5565   1.8305   2.1435   2.4625   2.7050   2.9390   3.2065   3.4280   3.5845   3.7530   3.9400   4.1125   0.0000   0.0000   0.0000   0.0000   0.0000   0.0000   0.0000;
040:  0.4520   0.7705   1.0280   1.2765   1.5555   1.8295   2.1430   2.4615   2.7025   2.9350   3.2010   3.4225   3.5785   3.7445   3.9285   4.0975   0.0000   0.0000   0.0000   0.0000   0.0000   0.0000   0.0000;
041:  0.4520   0.7700   1.0270   1.2760   1.5555   1.8295   2.1425   2.4595   2.6995   2.9305   3.1950   3.4170   3.5730   3.7375   3.9180   4.0830   0.0000   0.0000   0.0000   0.0000   0.0000   0.0000   0.0000;
042:  0.4520   0.7700   1.0270   1.2760   1.5550   1.8290   2.1420   2.4580   2.6965   2.9255   3.1885   3.4105   3.5665   3.7295   3.9075   4.0695   0.0000   0.0000   0.0000   0.0000   0.0000   0.0000   0.0000;
043:  0.4515   0.7690   1.0260   1.2755   1.5545   1.8285   2.1415   2.4565   2.6940   2.9215   3.1825   3.4045   3.5610   3.7230   3.8985   4.0575   0.0000   0.0000   0.0000   0.0000   0.0000   0.0000   0.0000;
044:  0.4515   0.7690   1.0260   1.2755   1.5545   1.8285   2.1410   2.4550   2.6910   2.9160   3.1760   3.3985   3.5555   3.7170   3.8895   4.0460   0.0000   0.0000   0.0000   0.0000   0.0000   0.0000   0.0000;
045:  0.4520   0.7685   1.0250   1.2745   1.5540   1.8285   2.1410   2.4540   2.6885   2.9115   3.1695   3.3920   3.5495   3.7110   3.8815   4.0350   0.0000   0.0000   0.0000   0.0000   0.0000   0.0000   0.0000;
046:  0.4515   0.7680   1.0250   1.2745   1.5535   1.8280   2.1405   2.4525   2.6855   2.9065   3.1630   3.3860   3.5445   3.7055   3.8740   4.0260   0.0000   0.0000   0.0000   0.0000   0.0000   0.0000   0.0000;
047:  0.4520   0.7675   1.0240   1.2740   1.5535   1.8285   2.1405   2.4510   2.6830   2.9020   3.1560   3.3790   3.5390   3.7005   3.8670   4.0170   0.0000   0.0000   0.0000   0.0000   0.0000   0.0000   0.0000;
048:  0.4520   0.7675   1.0240   1.2740   1.5530   1.8280   2.1400   2.4495   2.6800   2.8970   3.1495   3.3725   3.5335   3.6955   3.8610   4.0095   0.0000   0.0000   0.0000   0.0000   0.0000   0.0000   0.0000;
049:  0.4520   0.7670   1.0230   1.2735   1.5530   1.8285   2.1405   2.4485   2.6770   2.8920   3.1430   3.3665   3.5290   3.6915   3.8555   4.0030   0.0000   0.0000   0.0000   0.0000   0.0000   0.0000   0.0000;
050:  0.4525   0.7670   1.0230   1.2735   1.5530   1.8290   2.1405   2.4470   2.6745   2.8875   3.1365   3.3605   3.5245   3.6875   3.8500   3.9965   0.0000   0.0000   0.0000   0.0000   0.0000   0.0000   0.0000;
051:  0.4525   0.7665   1.0220   1.2730   1.5530   1.8290   2.1400   2.4455   2.6715   2.8825   3.1300   3.3540   3.5195   3.6840   3.8460   3.9920   0.0000   0.0000   0.0000   0.0000   0.0000   0.0000   0.0000;
052:  0.4530   0.7665   1.0220   1.2730   1.5525   1.8290   2.1400   2.4440   2.6690   2.8780   3.1235   3.3480   3.5150   3.6805   3.8420   3.9875   0.0000   0.0000   0.0000   0.0000   0.0000   0.0000   0.0000;
053:  0.4540   0.7665   1.0210   1.2720   1.5520   1.8295   2.1400   2.4420   2.6655   2.8730   3.1170   3.3420   3.5105   3.6770   3.8385   3.9845   0.0000   0.0000   0.0000   0.0000   0.0000   0.0000   0.0000;
054:  0.4540   0.7665   1.0210   1.2720   1.5520   1.8300   2.1405   2.4410   2.6625   2.8685   3.1110   3.3360   3.5065   3.6745   3.8355   3.9815   0.0000   0.0000   0.0000   0.0000   0.0000   0.0000   0.0000;
055:  0.4545   0.7660   1.0200   1.2715   1.5520   1.8305   2.1405   2.4395   2.6600   2.8640   3.1050   3.3310   3.5030   3.6720   3.8330   0.0000   0.0000   0.0000   0.0000   0.0000   0.0000   0.0000   0.0000;
056:  0.4545   0.7660   1.0200   1.2715   1.5520   1.8310   2.1405   2.4380   2.6570   2.8595   3.0990   3.3250   3.4990   3.6700   3.8310   0.0000   0.0000   0.0000   0.0000   0.0000   0.0000   0.0000   0.0000;
057:  0.4550   0.7660   1.0200   1.2715   1.5520   1.8315   2.1405   2.4365   2.6540   2.8550   3.0935   3.3200   3.4955   3.6675   3.8290   0.0000   0.0000   0.0000   0.0000   0.0000   0.0000   0.0000   0.0000;
058:  0.4560   0.7660   1.0190   1.2710   1.5520   1.8320   2.1405   2.4345   2.6510   2.8510   3.0880   3.3150   3.4920   3.6655   3.8275   0.0000   0.0000   0.0000   0.0000   0.0000   0.0000   0.0000   0.0000;
059:  0.4560   0.7660   1.0190   1.2710   1.5525   1.8330   2.1405   2.4330   2.6480   2.8465   3.0825   3.3095   3.4885   3.6640   3.8265   0.0000   0.0000   0.0000   0.0000   0.0000   0.0000   0.0000   0.0000;
060:  0.4565   0.7655   1.0180   1.2705   1.5525   1.8335   2.1400   2.4310   2.6455   2.8425   3.0775   3.3050   3.4850   3.6615   0.0000   0.0000   0.0000   0.0000   0.0000   0.0000   0.0000   0.0000   0.0000;
061:  0.4570   0.7655   1.0180   1.2705   1.5525   1.8340   2.1400   2.4290   2.6420   2.8385   3.0730   3.3010   3.4820   3.6595   0.0000   0.0000   0.0000   0.0000   0.0000   0.0000   0.0000   0.0000   0.0000;
062:  0.4575   0.7655   1.0175   1.2705   1.5525   1.8345   2.1400   2.4275   2.6390   2.8340   3.0680   3.2965   3.4790   3.6575   0.0000   0.0000   0.0000   0.0000   0.0000   0.0000   0.0000   0.0000   0.0000;
063:  0.4580   0.7655   1.0170   1.2700   1.5530   1.8350   2.1390   2.4250   2.6360   2.8305   3.0635   3.2925   3.4760   3.6555   0.0000   0.0000   0.0000   0.0000   0.0000   0.0000   0.0000   0.0000   0.0000;
064:  0.4580   0.7655   1.0170   1.2700   1.5530   1.8355   2.1390   2.4230   2.6325   2.8265   3.0595   3.2885   3.4730   3.6535   0.0000   0.0000   0.0000   0.0000   0.0000   0.0000   0.0000   0.0000   0.0000;
065:  0.4585   0.7650   1.0165   1.2700   1.5535   1.8365   2.1385   2.4210   2.6300   2.8230   3.0555   3.2850   3.4705   3.6515   0.0000   0.0000   0.0000   0.0000   0.0000   0.0000   0.0000   0.0000   0.0000;
066:  0.4590   0.7655   1.0165   1.2700   1.5535   1.8365   2.1380   2.4190   2.6265   2.8190   3.0515   3.2815   3.4675   3.6490   0.0000   0.0000   0.0000   0.0000   0.0000   0.0000   0.0000   0.0000   0.0000;
067:  0.4595   0.7650   1.0155   1.2695   1.5540   1.8375   2.1375   2.4165   2.6235   2.8160   3.0480   3.2780   3.4650   3.6470   0.0000   0.0000   0.0000   0.0000   0.0000   0.0000   0.0000   0.0000   0.0000;
068:  0.4595   0.7650   1.0155   1.2695   1.5545   1.8380   2.1370   2.4145   2.6200   2.8125   3.0450   3.2755   3.4630   3.6445   0.0000   0.0000   0.0000   0.0000   0.0000   0.0000   0.0000   0.0000   0.0000;
069:  0.4600   0.7645   1.0150   1.2695   1.5545   1.8380   2.1360   2.4120   2.6170   2.8090   3.0415   3.2725   3.4600   3.6420   0.0000   0.0000   0.0000   0.0000   0.0000   0.0000   0.0000   0.0000   0.0000;
070:  0.4600   0.7645   1.0150   1.2695   1.5550   1.8385   2.1350   2.4100   2.6145   2.8060   3.0385   3.2695   3.4575   3.6395   0.0000   0.0000   0.0000   0.0000   0.0000   0.0000   0.0000   0.0000   0.0000;
071:  0.4605   0.7645   1.0150   1.2695   1.5555   1.8390   2.1345   2.4080   2.6110   2.8025   3.0355   3.2670   3.4550   3.6365   0.0000   0.0000   0.0000   0.0000   0.0000   0.0000   0.0000   0.0000   0.0000;
072:  0.4605   0.7640   1.0140   1.2690   1.5555   1.8390   2.1335   2.4055   2.6080   2.7995   3.0330   3.2650   3.4530   3.6340   0.0000   0.0000   0.0000   0.0000   0.0000   0.0000   0.0000   0.0000   0.0000;
073:  0.4610   0.7640   1.0140   1.2690   1.5560   1.8395   2.1330   2.4035   2.6050   2.7970   3.0305   3.2620   3.4505   3.6315   0.0000   0.0000   0.0000   0.0000   0.0000   0.0000   0.0000   0.0000   0.0000;
074:  0.4605   0.7635   1.0140   1.2690   1.5565   1.8400   2.1320   2.4010   2.6020   2.7940   3.0280   3.2600   3.4480   3.6280   0.0000   0.0000   0.0000   0.0000   0.0000   0.0000   0.0000   0.0000   0.0000;
075:  0.4605   0.7630   1.0135   1.2690   1.5565   1.8395   2.1305   2.3985   2.5990   2.7910   3.0260   3.2585   3.4460   3.6255   0.0000   0.0000   0.0000   0.0000   0.0000   0.0000   0.0000   0.0000   0.0000;
076:  0.4605   0.7630   1.0135   1.2685   1.5565   1.8400   2.1300   2.3965   2.5960   2.7885   3.0240   3.2565   3.4440   3.6225   0.0000   0.0000   0.0000   0.0000   0.0000   0.0000   0.0000   0.0000   0.0000;
077:  0.4610   0.7625   1.0130   1.2685   1.5565   1.8395   2.1285   2.3945   2.5940   2.7865   3.0225   3.2550   3.4415   3.6190   0.0000   0.0000   0.0000   0.0000   0.0000   0.0000   0.0000   0.0000   0.0000;
078:  0.4605   0.7620   1.0125   1.2680   1.5570   1.8400   2.1280   2.3925   2.5910   2.7840   3.0205   3.2530   3.4395   3.6165   0.0000   0.0000   0.0000   0.0000   0.0000   0.0000   0.0000   0.0000   0.0000;
079:  0.4610   0.7615   1.0120   1.2680   1.5575   1.8400   2.1265   2.3905   2.5890   2.7815   3.0185   3.2515   3.4375   3.6135   0.0000   0.0000   0.0000   0.0000   0.0000   0.0000   0.0000   0.0000   0.0000;
080:  0.4610   0.7615   1.0120   1.2680   1.5575   1.8400   2.1260   2.3885   2.5860   2.7790   3.0175   3.2510   3.4360   3.6110   0.0000   0.0000   0.0000   0.0000   0.0000   0.0000   0.0000   0.0000   0.0000;
081:  0.4610   0.7615   1.0120   1.2680   1.5575   1.8395   2.1250   2.3870   2.5840   2.7775   3.0165   3.2495   3.4335   3.6075   0.0000   0.0000   0.0000   0.0000   0.0000   0.0000   0.0000   0.0000   0.0000;
082:  0.4615   0.7610   1.0115   1.2680   1.5580   1.8395   2.1235   2.3850   2.5820   2.7755   3.0150   3.2480   3.4315   3.6050   0.0000   0.0000   0.0000   0.0000   0.0000   0.0000   0.0000   0.0000   0.0000;
083:  0.4610   0.7605   1.0115   1.2680   1.5580   1.8390   2.1225   2.3835   2.5800   2.7735   3.0140   3.2475   3.4305   3.6030   0.0000   0.0000   0.0000   0.0000   0.0000   0.0000   0.0000   0.0000   0.0000;
084:  0.4610   0.7605   1.0110   1.2670   1.5575   1.8385   2.1215   2.3820   2.5785   2.7725   3.0130   3.2460   3.4285   3.6005   0.0000   0.0000   0.0000   0.0000   0.0000   0.0000   0.0000   0.0000   0.0000;
085:  0.4615   0.7600   1.0105   1.2670   1.5575   1.8385   2.1210   2.3810   2.5770   2.7710   3.0125   3.2455   3.4270   3.5985   0.0000   0.0000   0.0000   0.0000   0.0000   0.0000   0.0000   0.0000   0.0000;
086:  0.4610   0.7595   1.0105   1.2670   1.5575   1.8380   2.1200   2.3800   2.5760   2.7695   3.0115   3.2450   3.4260   3.5965   0.0000   0.0000   0.0000   0.0000   0.0000   0.0000   0.0000   0.0000   0.0000;
087:  0.4610   0.7595   1.0105   1.2670   1.5575   1.8375   2.1190   2.3785   2.5740   2.7680   3.0110   3.2445   3.4245   3.5945   0.0000   0.0000   0.0000   0.0000   0.0000   0.0000   0.0000   0.0000   0.0000;
088:  0.4615   0.7595   1.0105   1.2665   1.5565   1.8365   2.1180   2.3780   2.5735   2.7670   3.0105   3.2440   3.4235   3.5930   0.0000   0.0000   0.0000   0.0000   0.0000   0.0000   0.0000   0.0000   0.0000;
089:  0.4615   0.7595   1.0105   1.2665   1.5565   1.8360   2.1170   2.3770   2.5730   2.7670   3.0110   3.2440   3.4225   3.5915   0.0000   0.0000   0.0000   0.0000   0.0000   0.0000   0.0000   0.0000   0.0000;
090:  0.4620   0.7590   1.0100   1.2665   1.5565   1.8355   2.1165   2.3765   2.5720   2.7660   3.0105   3.2435   3.4215   3.5905   0.0000   0.0000   0.0000   0.0000   0.0000   0.0000   0.0000   0.0000   0.0000;
091:  0.4620   0.7590   1.0095   1.2660   1.5560   1.8350   2.1160   2.3760   2.5720   2.7660   3.0105   3.2435   3.4210   3.5895   0.0000   0.0000   0.0000   0.0000   0.0000   0.0000   0.0000   0.0000   0.0000;
092:  0.4620   0.7590   1.0095   1.2660   1.5555   1.8340   2.1155   2.3760   2.5715   2.7655   3.0110   3.2435   3.4205   3.5895   0.0000   0.0000   0.0000   0.0000   0.0000   0.0000   0.0000   0.0000   0.0000;
093:  0.4625   0.7590   1.0095   1.2655   1.5550   1.8335   2.1150   2.3760   2.5715   2.7655   3.0115   3.2440   3.4200   3.5890   0.0000   0.0000   0.0000   0.0000   0.0000   0.0000   0.0000   0.0000   0.0000;
094:  0.4625   0.7590   1.0095   1.2655   1.5545   1.8325   2.1145   2.3765   2.5720   2.7655   3.0115   3.2440   3.4200   3.5890   0.0000   0.0000   0.0000   0.0000   0.0000   0.0000   0.0000   0.0000   0.0000;
095:  0.4625   0.7590   1.0090   1.2650   1.5540   1.8315   2.1140   2.3765   2.5725   2.7665   3.0125   3.2445   3.4200   3.5890   0.0000   0.0000   0.0000   0.0000   0.0000   0.0000   0.0000   0.0000   0.0000;
096:  0.4630   0.7590   1.0090   1.2645   1.5530   1.8310   2.1140   2.3770   2.5730   2.7665   3.0130   3.2450   3.4200   3.5895   0.0000   0.0000   0.0000   0.0000   0.0000   0.0000   0.0000   0.0000   0.0000;
097:  0.4630   0.7590   1.0090   1.2645   1.5525   1.8300   2.1135   2.3775   2.5740   2.7675   3.0140   3.2460   3.4210   3.5905   0.0000   0.0000   0.0000   0.0000   0.0000   0.0000   0.0000   0.0000   0.0000;
098:  0.4630   0.7595   1.0095   1.2645   1.5515   1.8290   2.1135   2.3780   2.5750   2.7685   3.0150   3.2470   3.4215   3.5910   0.0000   0.0000   0.0000   0.0000   0.0000   0.0000   0.0000   0.0000   0.0000;
099:  0.4640   0.7600   1.0090   1.2635   1.5505   1.8280   2.1135   2.3790   2.5760   2.7700   3.0165   3.2480   3.4225   3.5925   0.0000   0.0000   0.0000   0.0000   0.0000   0.0000   0.0000   0.0000   0.0000;
100:  0.4640   0.7600   1.0090   1.2635   1.5500   1.8270   2.1130   2.3800   2.5775   2.7710   3.0180   3.2495   3.4235   3.5940   0.0000   0.0000   0.0000   0.0000   0.0000   0.0000   0.0000   0.0000   0.0000;
101:  0.4640   0.7600   1.0090   1.2635   1.5490   1.8260   2.1130   2.3810   2.5790   2.7725   3.0195   3.2505   3.4245   3.5955   0.0000   0.0000   0.0000   0.0000   0.0000   0.0000   0.0000   0.0000   0.0000;
102:  0.4645   0.7610   1.0090   1.2625   1.5480   1.8250   2.1130   2.3820   2.5805   2.7745   3.0215   3.2525   3.4260   3.5970   0.0000   0.0000   0.0000   0.0000   0.0000   0.0000   0.0000   0.0000   0.0000;
103:  0.4645   0.7610   1.0090   1.2625   1.5470   1.8235   2.1130   2.3835   2.5825   2.7765   3.0230   3.2540   3.4275   3.5990   0.0000   0.0000   0.0000   0.0000   0.0000   0.0000   0.0000   0.0000   0.0000;
104:  0.4645   0.7610   1.0090   1.2620   1.5460   1.8230   2.1135   2.3850   2.5845   2.7785   3.0250   3.2560   3.4295   3.6015   0.0000   0.0000   0.0000   0.0000   0.0000   0.0000   0.0000   0.0000   0.0000;
105:  0.4650   0.7615   1.0090   1.2620   1.5450   1.8215   2.1135   2.3865   2.5865   2.7805   3.0265   3.2575   3.4315   3.6040   0.0000   0.0000   0.0000   0.0000   0.0000   0.0000   0.0000   0.0000   0.0000;
106:  0.4650   0.7620   1.0090   1.2610   1.5440   1.8210   2.1140   2.3880   2.5885   2.7830   3.0290   3.2595   3.4330   3.6060   0.0000   0.0000   0.0000   0.0000   0.0000   0.0000   0.0000   0.0000   0.0000;
107:  0.4650   0.7620   1.0090   1.2610   1.5435   1.8200   2.1135   2.3890   2.5905   2.7855   3.0315   3.2620   3.4360   3.6090   0.0000   0.0000   0.0000   0.0000   0.0000   0.0000   0.0000   0.0000   0.0000;
108:  0.4655   0.7625   1.0090   1.2610   1.5425   1.8190   2.1145   2.3915   2.5935   2.7880   3.0335   3.2640   3.4380   3.6120   0.0000   0.0000   0.0000   0.0000   0.0000   0.0000   0.0000   0.0000   0.0000;
109:  0.4655   0.7630   1.0090   1.2600   1.5410   1.8175   2.1145   2.3930   2.5955   2.7905   3.0360   3.2665   3.4405   3.6150   0.0000   0.0000   0.0000   0.0000   0.0000   0.0000   0.0000   0.0000   0.0000;
110:  0.4655   0.7630   1.0090   1.2600   1.5405   1.8170   2.1150   2.3945   2.5975   2.7930   3.0385   3.2695   3.4435   3.6180   0.0000   0.0000   0.0000   0.0000   0.0000   0.0000   0.0000   0.0000   0.0000;
111:  0.4655   0.7630   1.0090   1.2595   1.5395   1.8160   2.1150   2.3960   2.6000   2.7960   3.0410   3.2720   3.4465   3.6215   0.0000   0.0000   0.0000   0.0000   0.0000   0.0000   0.0000   0.0000   0.0000;
112:  0.4660   0.7635   1.0090   1.2595   1.5385   1.8150   2.1155   2.3975   2.6025   2.7990   3.0440   3.2750   3.4495   3.6250   0.0000   0.0000   0.0000   0.0000   0.0000   0.0000   0.0000   0.0000   0.0000;
113:  0.4655   0.7640   1.0090   1.2585   1.5375   1.8140   2.1155   2.3990   2.6045   2.8015   3.0465   3.2780   3.4530   3.6285   3.8125   0.0000   0.0000   0.0000   0.0000   0.0000   0.0000   0.0000   0.0000;
114:  0.4655   0.7640   1.0090   1.2585   1.5370   1.8130   2.1155   2.4005   2.6070   2.8050   3.0495   3.2805   3.4560   3.6325   3.8165   0.0000   0.0000   0.0000   0.0000   0.0000   0.0000   0.0000   0.0000;
115:  0.4650   0.7640   1.0090   1.2580   1.5360   1.8125   2.1160   2.4020   2.6095   2.8080   3.0525   3.2840   3.4595   3.6360   3.8200   0.0000   0.0000   0.0000   0.0000   0.0000   0.0000   0.0000   0.0000;
116:  0.4650   0.7640   1.0090   1.2580   1.5350   1.8110   2.1165   2.4040   2.6120   2.8110   3.0555   3.2875   3.4635   3.6405   3.8240   0.0000   0.0000   0.0000   0.0000   0.0000   0.0000   0.0000   0.0000;
117:  0.4650   0.7640   1.0090   1.2575   1.5340   1.8100   2.1165   2.4055   2.6145   2.8140   3.0580   3.2905   3.4670   3.6445   3.8280   0.0000   0.0000   0.0000   0.0000   0.0000   0.0000   0.0000   0.0000;
118:  0.4650   0.7650   1.0095   1.2575   1.5335   1.8095   2.1170   2.4065   2.6165   2.8175   3.0615   3.2940   3.4710   3.6490   3.8325   0.0000   0.0000   0.0000   0.0000   0.0000   0.0000   0.0000   0.0000;
119:  0.4650   0.7650   1.0095   1.2575   1.5330   1.8085   2.1170   2.4080   2.6190   2.8205   3.0645   3.2975   3.4750   3.6535   3.8375   0.0000   0.0000   0.0000   0.0000   0.0000   0.0000   0.0000   0.0000;
120:  0.4650   0.7650   1.0095   1.2570   1.5325   1.8080   2.1170   2.4090   2.6205   2.8230   3.0675   3.3015   3.4795   3.6580   3.8420   4.0095   0.0000   0.0000   0.0000   0.0000   0.0000   0.0000   0.0000;
121:  0.4645   0.7650   1.0095   1.2570   1.5320   1.8075   2.1170   2.4100   2.6230   2.8260   3.0710   3.3055   3.4840   3.6635   3.8480   4.0145   0.0000   0.0000   0.0000   0.0000   0.0000   0.0000   0.0000;
122:  0.4640   0.7645   1.0095   1.2565   1.5310   1.8065   2.1170   2.4110   2.6250   2.8290   3.0740   3.3090   3.4880   3.6680   3.8530   4.0195   0.0000   0.0000   0.0000   0.0000   0.0000   0.0000   0.0000;
123:  0.4635   0.7645   1.0095   1.2565   1.5310   1.8060   2.1170   2.4120   2.6270   2.8320   3.0775   3.3130   3.4925   3.6735   3.8590   4.0250   0.0000   0.0000   0.0000   0.0000   0.0000   0.0000   0.0000;
124:  0.4635   0.7645   1.0095   1.2560   1.5300   1.8055   2.1170   2.4125   2.6285   2.8345   3.0805   3.3170   3.4975   3.6790   3.8655   4.0320   0.0000   0.0000   0.0000   0.0000   0.0000   0.0000   0.0000;
125:  0.4630   0.7645   1.0095   1.2560   1.5300   1.8050   2.1170   2.4135   2.6305   2.8375   3.0840   3.3210   3.5020   3.6845   3.8720   4.0385   0.0000   0.0000   0.0000   0.0000   0.0000   0.0000   0.0000;
126:  0.4630   0.7645   1.0095   1.2560   1.5295   1.8040   2.1165   2.4145   2.6330   2.8400   3.0870   3.3250   3.5065   3.6900   3.8785   4.0460   0.0000   0.0000   0.0000   0.0000   0.0000   0.0000   0.0000;
127:  0.4630   0.7645   1.0095   1.2555   1.5290   1.8035   2.1165   2.4150   2.6340   2.8425   3.0905   3.3290   3.5110   3.6955   3.8855   4.0540   0.0000   0.0000   0.0000   0.0000   0.0000   0.0000   0.0000;
128:  0.4625   0.7645   1.0095   1.2555   1.5290   1.8035   2.1165   2.4155   2.6360   2.8455   3.0940   3.3335   3.5160   3.7015   3.8925   4.0615   0.0000   0.0000   0.0000   0.0000   0.0000   0.0000   0.0000;
129:  0.4625   0.7640   1.0095   1.2560   1.5290   1.8030   2.1160   2.4160   2.6375   2.8480   3.0975   3.3375   3.5210   3.7075   3.9000   4.0705   0.0000   0.0000   0.0000   0.0000   0.0000   0.0000   0.0000;
130:  0.4620   0.7635   1.0095   1.2560   1.5290   1.8030   2.1160   2.4165   2.6395   2.8505   3.1010   3.3420   3.5260   3.7140   3.9075   4.0795   0.0000   0.0000   0.0000   0.0000   0.0000   0.0000   0.0000;
131:  0.4620   0.7635   1.0095   1.2560   1.5285   1.8020   2.1155   2.4165   2.6405   2.8530   3.1045   3.3465   3.5315   3.7200   3.9150   4.0890   0.0000   0.0000   0.0000   0.0000   0.0000   0.0000   0.0000;
132:  0.4620   0.7635   1.0095   1.2555   1.5280   1.8020   2.1155   2.4170   2.6420   2.8555   3.1085   3.3510   3.5360   3.7260   3.9230   4.0990   0.0000   0.0000   0.0000   0.0000   0.0000   0.0000   0.0000;
133:  0.4620   0.7635   1.0100   1.2560   1.5280   1.8015   2.1150   2.4175   2.6435   2.8575   3.1115   3.3555   3.5415   3.7320   3.9305   4.1090   0.0000   0.0000   0.0000   0.0000   0.0000   0.0000   0.0000;
134:  0.4620   0.7635   1.0100   1.2560   1.5285   1.8020   2.1150   2.4180   2.6450   2.8600   3.1155   3.3600   3.5465   3.7385   3.9385   4.1195   0.0000   0.0000   0.0000   0.0000   0.0000   0.0000   0.0000;
135:  0.4620   0.7630   1.0095   1.2560   1.5285   1.8015   2.1145   2.4180   2.6460   2.8620   3.1190   3.3645   3.5515   3.7450   3.9470   4.1305   0.0000   0.0000   0.0000   0.0000   0.0000   0.0000   0.0000;
136:  0.4620   0.7630   1.0100   1.2565   1.5285   1.8015   2.1140   2.4180   2.6475   2.8640   3.1225   3.3695   3.5570   3.7515   3.9550   4.1405   0.0000   0.0000   0.0000   0.0000   0.0000   0.0000   0.0000;
137:  0.4620   0.7630   1.0100   1.2565   1.5285   1.8010   2.1135   2.4185   2.6485   2.8660   3.1260   3.3735   3.5625   3.7580   3.9625   4.1515   0.0000   0.0000   0.0000   0.0000   0.0000   0.0000   0.0000;
138:  0.4620   0.7630   1.0100   1.2565   1.5285   1.8010   2.1135   2.4185   2.6495   2.8680   3.1300   3.3785   3.5675   3.7645   3.9710   4.1625   4.3845   4.5720   0.0000   0.0000   0.0000   0.0000   0.0000;
139:  0.4625   0.7635   1.0100   1.2565   1.5285   1.8010   2.1130   2.4185   2.6505   2.8695   3.1335   3.3835   3.5730   3.7705   3.9780   4.1725   4.3925   4.5765   0.0000   0.0000   0.0000   0.0000   0.0000;
140:  0.4625   0.7630   1.0100   1.2570   1.5290   1.8015   2.1130   2.4185   2.6510   2.8715   3.1375   3.3880   3.5780   3.7770   3.9860   4.1830   4.4005   4.5810   0.0000   0.0000   0.0000   0.0000   0.0000;
141:  0.4625   0.7630   1.0100   1.2570   1.5290   1.8010   2.1120   2.4185   2.6525   2.8735   3.1410   3.3925   3.5830   3.7825   3.9930   4.1935   4.4085   4.5860   0.0000   0.0000   0.0000   0.0000   0.0000;
142:  0.4630   0.7630   1.0100   1.2570   1.5290   1.8010   2.1120   2.4190   2.6535   2.8755   3.1450   3.3975   3.5885   3.7890   4.0005   4.2030   4.4165   4.5920   0.0000   0.0000   0.0000   0.0000   0.0000;
143:  0.4635   0.7635   1.0100   1.2570   1.5290   1.8010   2.1115   2.4185   2.6540   2.8770   3.1485   3.4020   3.5930   3.7940   4.0070   4.2130   4.4250   4.5980   0.0000   0.0000   0.0000   0.0000   0.0000;
144:  0.4635   0.7630   1.0100   1.2575   1.5295   1.8015   2.1115   2.4190   2.6550   2.8785   3.1520   3.4070   3.5985   3.8000   4.0135   4.2220   4.4330   4.6045   0.0000   0.0000   0.0000   0.0000   0.0000;
145:  0.4635   0.7630   1.0100   1.2580   1.5300   1.8015   2.1115   2.4195   2.6555   2.8800   3.1555   3.4110   3.6030   3.8050   4.0195   4.2305   4.4410   4.6115   0.0000   0.0000   0.0000   0.0000   0.0000;
146:  0.4635   0.7630   1.0100   1.2580   1.5300   1.8015   2.1110   2.4190   2.6560   2.8815   3.1590   3.4160   3.6085   3.8105   4.0255   4.2390   4.4485   4.6185   0.0000   0.0000   0.0000   0.0000   0.0000;
147:  0.4640   0.7635   1.0100   1.2580   1.5300   1.8015   2.1110   2.4195   2.6570   2.8830   3.1625   3.4205   3.6130   3.8155   4.0310   4.2465   4.4560   4.6260   4.7980   0.0000   0.0000   0.0000   0.0000;
148:  0.4640   0.7635   1.0100   1.2580   1.5300   1.8015   2.1110   2.4200   2.6575   2.8845   3.1665   3.4255   3.6180   3.8200   4.0360   4.2540   4.4635   4.6335   4.8070   4.9610   0.0000   0.0000   0.0000;
149:  0.4645   0.7635   1.0100   1.2580   1.5305   1.8020   2.1105   2.4195   2.6580   2.8860   3.1695   3.4295   3.6225   3.8250   4.0410   4.2605   4.4705   4.6415   4.8170   4.9710   0.0000   0.0000   0.0000;
150:  0.4650   0.7635   1.0095   1.2580   1.5305   1.8025   2.1110   2.4200   2.6585   2.8870   3.1725   3.4340   3.6270   3.8285   4.0450   4.2665   4.4770   4.6490   4.8265   4.9825   0.0000   0.0000   0.0000;
151:  0.4650   0.7635   1.0095   1.2585   1.5310   1.8025   2.1110   2.4200   2.6590   2.8885   3.1760   3.4385   3.6315   3.8330   4.0490   4.2720   4.4835   4.6570   4.8370   4.9960   0.0000   0.0000   0.0000;
152:  0.4650   0.7640   1.0095   1.2585   1.5310   1.8025   2.1110   2.4205   2.6595   2.8895   3.1790   3.4430   3.6360   3.8365   4.0525   4.2765   4.4890   4.6650   4.8480   5.0115   0.0000   0.0000   0.0000;
153:  0.4650   0.7640   1.0095   1.2585   1.5315   1.8030   2.1110   2.4210   2.6600   2.8905   3.1815   3.4465   3.6400   3.8400   4.0555   4.2810   4.4945   4.6725   4.8585   5.0265   0.0000   0.0000   0.0000;
154:  0.4650   0.7640   1.0095   1.2585   1.5315   1.8030   2.1110   2.4210   2.6605   2.8925   3.1850   3.4505   3.6435   3.8430   4.0585   4.2845   4.4995   4.6805   4.8690   5.0415   0.0000   0.0000   0.0000;
155:  0.4650   0.7640   1.0095   1.2585   1.5315   1.8035   2.1120   2.4215   2.6605   2.8930   3.1875   3.4550   3.6480   3.8460   4.0605   4.2875   4.5040   4.6880   4.8800   5.0570   5.1875   0.0000   0.0000;
156:  0.4655   0.7640   1.0090   1.2590   1.5320   1.8035   2.1120   2.4220   2.6610   2.8940   3.1900   3.4585   3.6515   3.8485   4.0625   4.2900   4.5080   4.6955   4.8905   5.0710   5.2045   0.0000   0.0000;
157:  0.4650   0.7640   1.0085   1.2585   1.5320   1.8035   2.1120   2.4220   2.6610   2.8950   3.1925   3.4620   3.6550   3.8510   4.0640   4.2920   4.5120   4.7025   4.9015   5.0855   5.2230   0.0000   0.0000;
158:  0.4650   0.7640   1.0085   1.2585   1.5320   1.8035   2.1125   2.4230   2.6615   2.8960   3.1950   3.4655   3.6585   3.8530   4.0650   4.2935   4.5150   4.7090   4.9125   5.0995   5.2415   0.0000   0.0000;
159:  0.4655   0.7645   1.0085   1.2585   1.5320   1.8040   2.1130   2.4230   2.6615   2.8970   3.1975   3.4690   3.6615   3.8550   4.0665   4.2945   4.5175   4.7150   4.9235   5.1135   5.2600   0.0000   0.0000;
160:  0.4650   0.7645   1.0085   1.2585   1.5320   1.8040   2.1135   2.4235   2.6615   2.8975   3.1990   3.4715   3.6640   3.8565   4.0670   4.2950   4.5200   4.7215   4.9350   5.1265   5.2770   0.0000   0.0000;
161:  0.4650   0.7645   1.0085   1.2585   1.5325   1.8045   2.1135   2.4235   2.6615   2.8985   3.2015   3.4750   3.6670   3.8575   4.0675   4.2955   4.5220   4.7270   4.9465   5.1410   5.2940   0.0000   0.0000;
162:  0.4645   0.7645   1.0080   1.2580   1.5325   1.8045   2.1140   2.4240   2.6615   2.8990   3.2030   3.4775   3.6695   3.8590   4.0680   4.2955   4.5235   4.7320   4.9585   5.1555   5.3090   0.0000   0.0000;
163:  0.4645   0.7645   1.0080   1.2580   1.5325   1.8045   2.1145   2.4245   2.6615   2.9000   3.2050   3.4805   3.6725   3.8605   4.0680   4.2950   4.5245   4.7365   4.9710   5.1710   5.3245   0.0000   0.0000;
164:  0.4640   0.7645   1.0080   1.2585   1.5330   1.8050   2.1150   2.4245   2.6615   2.9005   3.2060   3.4825   3.6745   3.8610   4.0680   4.2945   4.5250   4.7400   4.9825   5.1875   5.3395   0.0000   0.0000;
165:  0.4640   0.7645   1.0080   1.2585   1.5330   1.8050   2.1155   2.4250   2.6615   2.9010   3.2075   3.4850   3.6770   3.8620   4.0675   4.2935   4.5255   4.7435   4.9940   5.2040   5.3545   0.0000   0.0000;
166:  0.4635   0.7645   1.0080   1.2585   1.5330   1.8050   2.1160   2.4250   2.6610   2.9015   3.2085   3.4865   3.6785   3.8625   4.0675   4.2930   4.5255   4.7465   5.0050   5.2210   5.3705   0.0000   0.0000;
167:  0.4635   0.7645   1.0080   1.2585   1.5330   1.8050   2.1160   2.4250   2.6610   2.9020   3.2095   3.4885   3.6805   3.8630   4.0670   4.2920   4.5255   4.7485   5.0150   5.2385   5.3870   0.0000   0.0000;
168:  0.4630   0.7640   1.0075   1.2585   1.5330   1.8050   2.1165   2.4250   2.6605   2.9025   3.2110   3.4905   3.6820   3.8635   4.0665   4.2905   4.5245   4.7500   5.0245   5.2565   5.4055   0.0000   0.0000;
169:  0.4625   0.7640   1.0075   1.2585   1.5330   1.8050   2.1170   2.4255   2.6605   2.9025   3.2110   3.4915   3.6830   3.8635   4.0665   4.2900   4.5240   4.7515   5.0330   5.2735   5.4250   0.0000   0.0000;
170:  0.4625   0.7640   1.0070   1.2580   1.5330   1.8050   2.1170   2.4255   2.6605   2.9030   3.2120   3.4930   3.6845   3.8640   4.0660   4.2885   4.5230   4.7520   5.0395   5.2900   5.4460   0.0000   0.0000;
171:  0.4615   0.7635   1.0070   1.2580   1.5330   1.8045   2.1170   2.4255   2.6600   2.9030   3.2125   3.4940   3.6850   3.8640   4.0655   4.2875   4.5220   4.7520   5.0445   5.3050   5.4685   0.0000   0.0000;
172:  0.4615   0.7635   1.0070   1.2580   1.5330   1.8045   2.1170   2.4250   2.6595   2.9030   3.2125   3.4945   3.6860   3.8645   4.0650   4.2860   4.5205   4.7515   5.0480   5.3180   5.4910   0.0000   0.0000;
173:  0.4615   0.7640   1.0075   1.2580   1.5330   1.8045   2.1175   2.4255   2.6595   2.9030   3.2130   3.4955   3.6865   3.8645   4.0650   4.2855   4.5190   4.7505   5.0505   5.3300   5.5140   0.0000   0.0000;
174:  0.4610   0.7640   1.0075   1.2580   1.5330   1.8045   2.1175   2.4250   2.6590   2.9030   3.2130   3.4960   3.6870   3.8640   4.0640   4.2840   4.5170   4.7490   5.0510   5.3395   5.5365   0.0000   0.0000;
175:  0.4605   0.7635   1.0075   1.2580   1.5330   1.8040   2.1170   2.4245   2.6580   2.9025   3.2135   3.4970   3.6875   3.8640   4.0640   4.2835   4.5155   4.7470   5.0500   5.3470   5.5575   0.0000   0.0000;
176:  0.4600   0.7635   1.0075   1.2580   1.5330   1.8040   2.1170   2.4245   2.6580   2.9025   3.2135   3.4970   3.6875   3.8640   4.0635   4.2825   4.5135   4.7445   5.0480   5.3530   5.5770   0.0000   0.0000;
177:  0.4600   0.7635   1.0075   1.2580   1.5330   1.8040   2.1170   2.4240   2.6575   2.9025   3.2135   3.4970   3.6875   3.8640   4.0635   4.2820   4.5115   4.7420   5.0450   5.3565   5.5935   0.0000   0.0000;
178:  0.4600   0.7635   1.0075   1.2580   1.5325   1.8030   2.1165   2.4235   2.6570   2.9020   3.2130   3.4970   3.6870   3.8630   4.0630   4.2815   4.5095   4.7390   5.0415   5.3595   5.6080   0.0000   0.0000;
179:  0.4595   0.7630   1.0075   1.2580   1.5325   1.8030   2.1165   2.4230   2.6565   2.9020   3.2130   3.4965   3.6865   3.8630   4.0625   4.2805   4.5075   4.7360   5.0375   5.3610   5.6190   0.0000   0.0000;
180:  0.4595   0.7630   1.0080   1.2585   1.5325   1.8025   2.1160   2.4225   2.6555   2.9010   3.2125   3.4965   3.6860   3.8620   4.0620   4.2800   4.5050   4.7325   5.0335   5.3620   5.6275   0.0000   0.0000;
181:  0.4595   0.7630   1.0080   1.2585   1.5325   1.8020   2.1150   2.4220   2.6555   2.9005   3.2120   3.4960   3.6855   3.8620   4.0620   4.2795   4.5030   4.7290   5.0295   5.3630   5.6330   5.8455   0.0000;
182:  0.4595   0.7630   1.0080   1.2585   1.5325   1.8020   2.1150   2.4215   2.6550   2.9000   3.2115   3.4955   3.6845   3.8610   4.0610   4.2780   4.5000   4.7250   5.0255   5.3635   5.6355   5.8560   0.0000;
183:  0.4590   0.7625   1.0080   1.2585   1.5320   1.8010   2.1140   2.4205   2.6540   2.8990   3.2105   3.4945   3.6835   3.8605   4.0610   4.2775   4.4975   4.7215   5.0225   5.3640   5.6355   5.8630   0.0000;
184:  0.4590   0.7625   1.0080   1.2580   1.5315   1.8005   2.1135   2.4200   2.6535   2.8985   3.2100   3.4935   3.6820   3.8595   4.0600   4.2765   4.4950   4.7175   5.0190   5.3640   5.6335   5.8665   0.0000;
185:  0.4590   0.7625   1.0075   1.2575   1.5315   1.8000   2.1125   2.4190   2.6525   2.8975   3.2095   3.4930   3.6810   3.8585   4.0590   4.2755   4.4930   4.7140   5.0165   5.3645   5.6300   5.8670   0.0000;
186:  0.4590   0.7625   1.0075   1.2575   1.5310   1.7990   2.1115   2.4180   2.6515   2.8965   3.2085   3.4915   3.6795   3.8575   4.0580   4.2745   4.4905   4.7100   5.0135   5.3640   5.6250   5.8635   0.0000;
187:  0.4590   0.7625   1.0075   1.2575   1.5310   1.7985   2.1100   2.4165   2.6505   2.8955   3.2080   3.4905   3.6780   3.8560   4.0565   4.2730   4.4875   4.7060   5.0105   5.3625   5.6180   5.8560   0.0000;
188:  0.4590   0.7625   1.0075   1.2575   1.5310   1.7980   2.1090   2.4155   2.6500   2.8945   3.2065   3.4895   3.6765   3.8545   4.0555   4.2720   4.4850   4.7025   5.0080   5.3605   5.6105   5.8450   0.0000;
189:  0.4585   0.7620   1.0075   1.2575   1.5305   1.7970   2.1080   2.4150   2.6490   2.8930   3.2055   3.4880   3.6750   3.8530   4.0540   4.2705   4.4825   4.6990   5.0040   5.3565   5.6020   5.8310   0.0000;
190:  0.4585   0.7620   1.0075   1.2575   1.5305   1.7965   2.1070   2.4140   2.6480   2.8915   3.2040   3.4865   3.6730   3.8515   4.0525   4.2685   4.4795   4.6955   5.0000   5.3510   5.5920   5.8140   0.0000;
191:  0.4590   0.7620   1.0070   1.2565   1.5295   1.7955   2.1055   2.4125   2.6470   2.8905   3.2030   3.4845   3.6705   3.8495   4.0505   4.2660   4.4760   4.6920   4.9955   5.3435   5.5805   5.7945   0.0000;
192:  0.4590   0.7620   1.0070   1.2565   1.5295   1.7950   2.1045   2.4115   2.6460   2.8890   3.2015   3.4830   3.6685   3.8475   4.0485   4.2640   4.4735   4.6890   4.9895   5.3340   5.5680   5.7730   0.0000;
193:  0.4590   0.7620   1.0070   1.2565   1.5295   1.7945   2.1030   2.4100   2.6450   2.8875   3.2000   3.4815   3.6665   3.8450   4.0455   4.2610   4.4705   4.6860   4.9825   5.3220   5.5545   5.7515   0.0000;
194:  0.4590   0.7620   1.0065   1.2555   1.5285   1.7935   2.1020   2.4090   2.6435   2.8855   3.1985   3.4800   3.6645   3.8430   4.0435   4.2585   4.4670   4.6825   4.9745   5.3085   5.5395   5.7295   0.0000;
195:  0.4590   0.7620   1.0065   1.2555   1.5280   1.7925   2.1005   2.4075   2.6425   2.8840   3.1965   3.4775   3.6620   3.8405   4.0405   4.2555   4.4640   4.6800   4.9660   5.2930   5.5235   5.7085   0.0000;
196:  0.4595   0.7620   1.0065   1.2555   1.5280   1.7915   2.0990   2.4065   2.6410   2.8820   3.1950   3.4760   3.6595   3.8375   4.0370   4.2515   4.4605   4.6775   4.9565   5.2765   5.5070   5.6885   0.0000;
197:  0.4595   0.7620   1.0060   1.2550   1.5275   1.7905   2.0975   2.4050   2.6395   2.8800   3.1930   3.4740   3.6575   3.8350   4.0340   4.2480   4.4570   4.6750   4.9465   5.2590   5.4905   5.6710   0.0000;
198:  0.4595   0.7615   1.0050   1.2540   1.5270   1.7900   2.0960   2.4035   2.6385   2.8785   3.1910   3.4715   3.6545   3.8320   4.0305   4.2440   4.4540   4.6730   4.9365   5.2425   5.4745   5.6555   0.0000;
199:  0.4595   0.7615   1.0050   1.2540   1.5265   1.7890   2.0950   2.4025   2.6370   2.8765   3.1890   3.4695   3.6520   3.8285   4.0265   4.2400   4.4505   4.6705   4.9265   5.2260   5.4595   5.6420   0.0000;
200:  0.4590   0.7610   1.0045   1.2530   1.5260   1.7885   2.0935   2.4010   2.6355   2.8745   3.1865   3.4670   3.6495   3.8255   4.0230   4.2360   4.4470   4.6680   4.9165   5.2110   5.4460   5.6305   0.0000;
201:  0.4590   0.7605   1.0035   1.2525   1.5255   1.7875   2.0925   2.3995   2.6335   2.8725   3.1845   3.4645   3.6465   3.8220   4.0190   4.2315   4.4435   4.6665   4.9085   5.1980   5.4340   5.6210   0.0000;
202:  0.4590   0.7605   1.0035   1.2525   1.5250   1.7860   2.0905   2.3980   2.6320   2.8700   3.1815   3.4615   3.6435   3.8190   4.0150   4.2270   4.4400   4.6640   4.9005   5.1865   5.4240   5.6130   0.0000;
203:  0.4590   0.7605   1.0030   1.2515   1.5245   1.7855   2.0895   2.3970   2.6305   2.8680   3.1790   3.4590   3.6405   3.8150   4.0110   4.2225   4.4365   4.6620   4.8935   5.1770   5.4160   5.6055   0.0000;
204:  0.4585   0.7600   1.0020   1.2510   1.5240   1.7845   2.0880   2.3955   2.6290   2.8660   3.1765   3.4565   3.6380   3.8115   4.0065   4.2175   4.4325   4.6600   4.8890   5.1700   5.4095   5.5985   0.0000;
205:  0.4585   0.7600   1.0020   1.2510   1.5240   1.7840   2.0870   2.3940   2.6275   2.8640   3.1735   3.4535   3.6350   3.8085   4.0025   4.2125   4.4290   4.6580   4.8850   5.1650   5.4045   0.0000   0.0000;
206:  0.4580   0.7595   1.0015   1.2500   1.5230   1.7835   2.0860   2.3925   2.6260   2.8620   3.1705   3.4500   3.6320   3.8050   3.9980   4.2080   4.4260   4.6560   4.8820   5.1600   5.3985   0.0000   0.0000;
207:  0.4580   0.7590   1.0005   1.2495   1.5230   1.7830   2.0850   2.3915   2.6245   2.8595   3.1675   3.4475   3.6290   3.8010   3.9940   4.2035   4.4220   4.6535   4.8805   5.1565   5.3925   0.0000   0.0000;
208:  0.4575   0.7590   1.0005   1.2490   1.5220   1.7820   2.0840   2.3905   2.6230   2.8575   3.1645   3.4440   3.6260   3.7980   3.9900   4.1985   4.4185   4.6510   4.8795   5.1530   0.0000   0.0000   0.0000;
209:  0.4575   0.7590   1.0000   1.2485   1.5215   1.7810   2.0830   2.3890   2.6210   2.8555   3.1615   3.4405   3.6225   3.7940   3.9855   4.1940   4.4150   4.6485   4.8800   5.1495   0.0000   0.0000   0.0000;
210:  0.4575   0.7585   0.9990   1.2475   1.5210   1.7805   2.0820   2.3880   2.6195   2.8530   3.1580   3.4375   3.6200   3.7910   3.9820   4.1895   4.4115   4.6460   4.8795   5.1440   0.0000   0.0000   0.0000;
211:  0.4565   0.7580   0.9990   1.2475   1.5205   1.7795   2.0810   2.3870   2.6180   2.8510   3.1550   3.4340   3.6170   3.7875   3.9775   4.1850   4.4080   4.6430   4.8795   5.1370   0.0000   0.0000   0.0000;
212:  0.4565   0.7575   0.9980   1.2465   1.5200   1.7795   2.0805   2.3855   2.6165   2.8490   3.1515   3.4305   3.6135   3.7840   3.9740   4.1810   4.4050   4.6405   4.8790   5.1275   0.0000   0.0000   0.0000;
213:  0.4565   0.7575   0.9980   1.2465   1.5195   1.7785   2.0795   2.3845   2.6150   2.8470   3.1485   3.4270   3.6105   3.7810   3.9700   4.1770   4.4020   4.6370   4.8775   5.1160   0.0000   0.0000   0.0000;
214:  0.4555   0.7570   0.9975   1.2460   1.5190   1.7775   2.0785   2.3835   2.6135   2.8450   3.1455   3.4235   3.6075   3.7780   3.9665   4.1730   4.3985   4.6335   4.8750   5.1020   0.0000   0.0000   0.0000;
215:  0.4555   0.7565   0.9970   1.2455   1.5185   1.7775   2.0785   2.3825   2.6120   2.8430   3.1415   3.4195   3.6045   3.7750   3.9630   4.1690   4.3950   4.6300   4.8720   5.0865   0.0000   0.0000   0.0000;
216:  0.4555   0.7565   0.9965   1.2450   1.5180   1.7765   2.0775   2.3815   2.6110   2.8415   3.1385   3.4160   3.6015   3.7725   3.9600   4.1655   4.3920   4.6260   4.8665   5.0685   0.0000   0.0000   0.0000;
217:  0.4550   0.7565   0.9965   1.2450   1.5175   1.7760   2.0770   2.3805   2.6095   2.8395   3.1355   3.4125   3.5985   3.7695   3.9570   4.1625   4.3885   4.6220   4.8610   0.0000   0.0000   0.0000   0.0000;
218:  0.4545   0.7560   0.9965   1.2445   1.5170   1.7760   2.0770   2.3795   2.6080   2.8380   3.1325   3.4090   3.5955   3.7670   3.9540   4.1595   4.3860   4.6180   4.8540   0.0000   0.0000   0.0000   0.0000;
219:  0.4545   0.7555   0.9955   1.2440   1.5165   1.7750   2.0760   2.3785   2.6070   2.8365   3.1290   3.4050   3.5925   3.7645   3.9515   4.1565   4.3825   4.6130   4.8455   0.0000   0.0000   0.0000   0.0000;
220:  0.4545   0.7555   0.9955   1.2440   1.5160   1.7745   2.0760   2.3780   2.6060   2.8350   3.1260   3.4010   3.5890   3.7620   3.9490   4.1540   4.3800   4.6090   4.8370   0.0000   0.0000   0.0000   0.0000;
221:  0.4535   0.7550   0.9955   1.2440   1.5160   1.7745   2.0755   2.3770   2.6050   2.8335   3.1230   3.3975   3.5860   3.7595   3.9465   4.1515   4.3770   4.6040   0.0000   0.0000   0.0000   0.0000   0.0000;
222:  0.4535   0.7550   0.9955   1.2440   1.5155   1.7740   2.0755   2.3765   2.6040   2.8325   3.1205   3.3940   3.5830   3.7575   3.9445   4.1490   4.3740   4.5995   0.0000   0.0000   0.0000   0.0000   0.0000;
223:  0.4535   0.7550   0.9955   1.2440   1.5155   1.7735   2.0750   2.3760   2.6030   2.8310   3.1175   3.3900   3.5800   3.7555   3.9425   4.1470   4.3710   4.5945   0.0000   0.0000   0.0000   0.0000   0.0000;
224:  0.4535   0.7550   0.9955   1.2435   1.5145   1.7730   2.0745   2.3750   2.6020   2.8295   3.1150   3.3870   3.5770   3.7535   3.9405   4.1445   4.3680   4.5895   0.0000   0.0000   0.0000   0.0000   0.0000;
225:  0.4530   0.7545   0.9960   1.2440   1.5140   1.7725   2.0745   2.3745   2.6010   2.8285   3.1125   3.3830   3.5740   3.7515   3.9385   4.1425   4.3645   4.5840   0.0000   0.0000   0.0000   0.0000   0.0000;
226:  0.4530   0.7545   0.9960   1.2440   1.5140   1.7725   2.0745   2.3740   2.6000   2.8275   3.1105   3.3795   3.5705   3.7495   3.9365   4.1400   4.3615   4.5790   0.0000   0.0000   0.0000   0.0000   0.0000;
227:  0.4530   0.7545   0.9960   1.2440   1.5135   1.7720   2.0745   2.3735   2.5990   2.8260   3.1075   3.3760   3.5680   3.7480   3.9350   4.1380   4.3580   4.5740   0.0000   0.0000   0.0000   0.0000   0.0000;
228:  0.4535   0.7545   0.9960   1.2440   1.5130   1.7715   2.0740   2.3730   2.5990   2.8255   3.1055   3.3725   3.5650   3.7460   3.9330   4.1360   4.3550   4.5690   0.0000   0.0000   0.0000   0.0000   0.0000;
229:  0.4530   0.7545   0.9970   1.2445   1.5130   1.7715   2.0740   2.3725   2.5980   2.8245   3.1035   3.3695   3.5620   3.7440   3.9310   4.1335   4.3515   4.5635   0.0000   0.0000   0.0000   0.0000   0.0000;
230:  0.4530   0.7545   0.9970   1.2445   1.5125   1.7710   2.0740   2.3720   2.5970   2.8235   3.1015   3.3660   3.5590   3.7425   3.9295   4.1315   4.3480   4.5585   0.0000   0.0000   0.0000   0.0000   0.0000;
231:  0.4530   0.7545   0.9975   1.2455   1.5125   1.7705   2.0735   2.3715   2.5970   2.8230   3.1000   3.3630   3.5560   3.7405   3.9275   4.1295   4.3450   4.5540   0.0000   0.0000   0.0000   0.0000   0.0000;
232:  0.4535   0.7545   0.9975   1.2455   1.5125   1.7705   2.0735   2.3710   2.5960   2.8220   3.0980   3.3600   3.5530   3.7385   3.9260   4.1275   4.3415   4.5490   0.0000   0.0000   0.0000   0.0000   0.0000;
233:  0.4535   0.7545   0.9975   1.2455   1.5120   1.7700   2.0735   2.3710   2.5955   2.8210   3.0965   3.3570   3.5500   3.7365   3.9235   4.1245   4.3375   4.5440   0.0000   0.0000   0.0000   0.0000   0.0000;
234:  0.4535   0.7550   0.9985   1.2460   1.5120   1.7700   2.0735   2.3705   2.5950   2.8205   3.0950   3.3545   3.5470   3.7340   3.9215   4.1225   4.3345   4.5400   0.0000   0.0000   0.0000   0.0000   0.0000;
235:  0.4540   0.7550   0.9985   1.2460   1.5115   1.7695   2.0730   2.3700   2.5945   2.8195   3.0935   3.3515   3.5440   3.7325   3.9195   4.1195   4.3305   4.5350   0.0000   0.0000   0.0000   0.0000   0.0000;
236:  0.4540   0.7550   0.9990   1.2465   1.5115   1.7695   2.0730   2.3695   2.5935   2.8190   3.0925   3.3490   3.5410   3.7300   3.9170   4.1165   4.3265   4.5310   0.0000   0.0000   0.0000   0.0000   0.0000;
237:  0.4545   0.7555   0.9995   1.2465   1.5110   1.7690   2.0730   2.3695   2.5930   2.8180   3.0910   3.3465   3.5385   3.7280   3.9150   4.1135   4.3225   4.5270   0.0000   0.0000   0.0000   0.0000   0.0000;
238:  0.4545   0.7555   1.0000   1.2470   1.5110   1.7690   2.0725   2.3690   2.5925   2.8170   3.0895   3.3435   3.5350   3.7250   3.9120   4.1105   4.3190   4.5235   0.0000   0.0000   0.0000   0.0000   0.0000;
239:  0.4545   0.7555   1.0000   1.2470   1.5110   1.7690   2.0725   2.3685   2.5920   2.8170   3.0890   3.3415   3.5325   3.7230   3.9095   4.1075   4.3155   4.5200   0.0000   0.0000   0.0000   0.0000   0.0000;
240:  0.4550   0.7560   1.0005   1.2470   1.5110   1.7690   2.0725   2.3685   2.5915   2.8160   3.0875   3.3390   3.5295   3.7205   3.9070   4.1040   4.3115   4.5165   0.0000   0.0000   0.0000   0.0000   0.0000;
241:  0.4550   0.7560   1.0010   1.2480   1.5110   1.7685   2.0720   2.3680   2.5910   2.8150   3.0865   3.3370   3.5265   3.7175   3.9040   4.1005   4.3075   4.5130   0.0000   0.0000   0.0000   0.0000   0.0000;
242:  0.4555   0.7560   1.0010   1.2480   1.5110   1.7685   2.0720   2.3675   2.5900   2.8140   3.0855   3.3355   3.5245   3.7150   3.9010   4.0970   4.3035   4.5100   0.0000   0.0000   0.0000   0.0000   0.0000;
243:  0.4555   0.7560   1.0015   1.2485   1.5110   1.7685   2.0720   2.3675   2.5895   2.8135   3.0850   3.3335   3.5215   3.7125   3.8985   4.0935   4.2995   4.5065   0.0000   0.0000   0.0000   0.0000   0.0000;
244:  0.4555   0.7565   1.0020   1.2485   1.5110   1.7685   2.0715   2.3670   2.5890   2.8125   3.0840   3.3315   3.5185   3.7095   3.8955   4.0905   4.2965   4.5045   0.0000   0.0000   0.0000   0.0000   0.0000;
245:  0.4555   0.7565   1.0020   1.2485   1.5110   1.7690   2.0720   2.3665   2.5880   2.8115   3.0830   3.3300   3.5160   3.7065   3.8925   4.0870   4.2930   4.5020   0.0000   0.0000   0.0000   0.0000   0.0000;
246:  0.4560   0.7565   1.0020   1.2485   1.5110   1.7690   2.0720   2.3665   2.5875   2.8110   3.0825   3.3285   3.5140   3.7040   3.8895   4.0835   4.2895   4.4995   0.0000   0.0000   0.0000   0.0000   0.0000;
247:  0.4560   0.7570   1.0030   1.2490   1.5110   1.7690   2.0720   2.3665   2.5870   2.8100   3.0815   3.3265   3.5110   3.7010   3.8865   4.0805   4.2865   4.4970   0.0000   0.0000   0.0000   0.0000   0.0000;
248:  0.4560   0.7570   1.0030   1.2490   1.5110   1.7690   2.0715   2.3660   2.5865   2.8090   3.0805   3.3250   3.5085   3.6980   3.8835   4.0770   4.2830   4.4945   0.0000   0.0000   0.0000   0.0000   0.0000;
249:  0.4560   0.7570   1.0030   1.2490   1.5110   1.7690   2.0715   2.3655   2.5850   2.8075   3.0795   3.3235   3.5060   3.6950   3.8805   4.0740   4.2805   4.4925   0.0000   0.0000   0.0000   0.0000   0.0000;
250:  0.4560   0.7570   1.0030   1.2490   1.5115   1.7700   2.0720   2.3655   2.5845   2.8065   3.0780   3.3215   3.5035   3.6920   3.8775   4.0710   4.2780   4.4910   0.0000   0.0000   0.0000   0.0000   0.0000;
251:  0.4560   0.7570   1.0035   1.2495   1.5115   1.7700   2.0720   2.3655   2.5840   2.8060   3.0780   3.3210   3.5020   3.6900   3.8755   4.0690   4.2760   4.4890   0.0000   0.0000   0.0000   0.0000   0.0000;
252:  0.4560   0.7570   1.0035   1.2495   1.5115   1.7700   2.0715   2.3645   2.5830   2.8050   3.0765   3.3190   3.4995   3.6870   3.8725   4.0665   4.2740   4.4865   0.0000   0.0000   0.0000   0.0000   0.0000;
253:  0.4560   0.7570   1.0035   1.2490   1.5115   1.7710   2.0720   2.3645   2.5830   2.8045   3.0755   3.3175   3.4970   3.6845   3.8705   4.0645   4.2725   4.4850   0.0000   0.0000   0.0000   0.0000   0.0000;
254:  0.4560   0.7570   1.0035   1.2490   1.5115   1.7715   2.0725   2.3645   2.5825   2.8035   3.0745   3.3165   3.4955   3.6825   3.8690   4.0630   4.2705   4.4830   0.0000   0.0000   0.0000   0.0000   0.0000;
255:  0.4560   0.7570   1.0035   1.2490   1.5120   1.7720   2.0725   2.3640   2.5815   2.8025   3.0735   3.3150   3.4930   3.6800   3.8670   4.0615   4.2695   4.4810   0.0000   0.0000   0.0000   0.0000   0.0000;
256:  0.4560   0.7570   1.0035   1.2490   1.5120   1.7725   2.0730   2.3640   2.5810   2.8020   3.0730   3.3140   3.4915   3.6780   3.8655   4.0610   4.2690   4.4790   0.0000   0.0000   0.0000   0.0000   0.0000;
257:  0.4560   0.7575   1.0040   1.2490   1.5125   1.7735   2.0735   2.3640   2.5810   2.8015   3.0720   3.3130   3.4900   3.6760   3.8635   4.0600   4.2685   4.4765   0.0000   0.0000   0.0000   0.0000   0.0000;
258:  0.4555   0.7575   1.0040   1.2490   1.5125   1.7735   2.0735   2.3640   2.5805   2.8005   3.0710   3.3115   3.4880   3.6745   3.8630   4.0600   4.2680   4.4745   0.0000   0.0000   0.0000   0.0000   0.0000;
259:  0.4555   0.7575   1.0040   1.2490   1.5130   1.7745   2.0740   2.3635   2.5800   2.8005   3.0705   3.3105   3.4865   3.6725   3.8615   4.0595   4.2675   4.4720   0.0000   0.0000   0.0000   0.0000   0.0000;
260:  0.4555   0.7575   1.0040   1.2490   1.5135   1.7755   2.0745   2.3635   2.5800   2.8000   3.0690   3.3090   3.4855   3.6720   3.8615   4.0600   4.2675   4.4695   0.0000   0.0000   0.0000   0.0000   0.0000;
261:  0.4555   0.7575   1.0040   1.2490   1.5135   1.7760   2.0750   2.3635   2.5800   2.8000   3.0685   3.3080   3.4840   3.6705   3.8610   4.0605   4.2680   4.4675   0.0000   0.0000   0.0000   0.0000   0.0000;
262:  0.4555   0.7580   1.0045   1.2490   1.5135   1.7770   2.0755   2.3635   2.5800   2.8000   3.0680   3.3070   3.4825   3.6690   3.8605   4.0615   4.2690   4.4650   0.0000   0.0000   0.0000   0.0000   0.0000;
263:  0.4555   0.7580   1.0045   1.2490   1.5140   1.7780   2.0760   2.3635   2.5800   2.8000   3.0675   3.3060   3.4815   3.6685   3.8610   4.0630   4.2695   4.4620   0.0000   0.0000   0.0000   0.0000   0.0000;
264:  0.4555   0.7580   1.0045   1.2490   1.5145   1.7790   2.0765   2.3635   2.5800   2.7995   3.0665   3.3050   3.4805   3.6680   3.8610   4.0640   4.2705   4.4595   0.0000   0.0000   0.0000   0.0000   0.0000;
265:  0.4555   0.7580   1.0045   1.2490   1.5150   1.7800   2.0770   2.3635   2.5805   2.8000   3.0660   3.3045   3.4800   3.6675   3.8615   4.0655   4.2715   4.4570   0.0000   0.0000   0.0000   0.0000   0.0000;
266:  0.4550   0.7580   1.0050   1.2495   1.5150   1.7805   2.0775   2.3640   2.5815   2.8010   3.0655   3.3030   3.4795   3.6680   3.8625   4.0670   4.2720   4.4540   0.0000   0.0000   0.0000   0.0000   0.0000;
267:  0.4550   0.7580   1.0050   1.2495   1.5155   1.7815   2.0780   2.3640   2.5815   2.8010   3.0650   3.3020   3.4785   3.6675   3.8630   4.0690   4.2735   4.4510   0.0000   0.0000   0.0000   0.0000   0.0000;
268:  0.4555   0.7585   1.0050   1.2495   1.5160   1.7825   2.0785   2.3640   2.5820   2.8015   3.0645   3.3010   3.4780   3.6680   3.8645   4.0710   4.2745   4.4485   0.0000   0.0000   0.0000   0.0000   0.0000;
269:  0.4555   0.7585   1.0050   1.2500   1.5170   1.7835   2.0790   2.3645   2.5830   2.8025   3.0645   3.3005   3.4775   3.6675   3.8650   4.0725   4.2755   4.4455   0.0000   0.0000   0.0000   0.0000   0.0000;
270:  0.4550   0.7585   1.0055   1.2505   1.5170   1.7840   2.0800   2.3650   2.5835   2.8030   3.0640   3.2995   3.4770   3.6680   3.8660   4.0740   4.2760   4.4420   0.0000   0.0000   0.0000   0.0000   0.0000;
271:  0.4550   0.7585   1.0055   1.2505   1.5175   1.7850   2.0805   2.3655   2.5850   2.8045   3.0645   3.2990   3.4765   3.6685   3.8675   4.0760   4.2770   4.4395   0.0000   0.0000   0.0000   0.0000   0.0000;
272:  0.4550   0.7585   1.0060   1.2510   1.5180   1.7865   2.0815   2.3655   2.5855   2.8055   3.0645   3.2985   3.4770   3.6695   3.8685   4.0775   4.2780   4.4365   0.0000   0.0000   0.0000   0.0000   0.0000;
273:  0.4555   0.7590   1.0060   1.2510   1.5180   1.7865   2.0820   2.3665   2.5870   2.8070   3.0645   3.2980   3.4770   3.6700   3.8695   4.0785   4.2780   4.4335   0.0000   0.0000   0.0000   0.0000   0.0000;
274:  0.4550   0.7590   1.0065   1.2520   1.5190   1.7875   2.0825   2.3670   2.5880   2.8080   3.0645   3.2970   3.4770   3.6710   3.8710   4.0800   4.2785   4.4310   0.0000   0.0000   0.0000   0.0000   0.0000;
275:  0.4550   0.7595   1.0070   1.2520   1.5195   1.7885   2.0830   2.3670   2.5890   2.8095   3.0650   3.2970   3.4770   3.6715   3.8720   4.0805   4.2785   4.4285   0.0000   0.0000   0.0000   0.0000   0.0000;
276:  0.4550   0.7595   1.0075   1.2530   1.5200   1.7890   2.0835   2.3675   2.5905   2.8110   3.0655   3.2970   3.4775   3.6725   3.8730   4.0810   4.2780   4.4255   0.0000   0.0000   0.0000   0.0000   0.0000;
277:  0.4555   0.7600   1.0075   1.2530   1.5205   1.7900   2.0845   2.3685   2.5915   2.8120   3.0655   3.2960   3.4770   3.6725   3.8735   4.0815   4.2780   4.4235   0.0000   0.0000   0.0000   0.0000   0.0000;
278:  0.4555   0.7600   1.0080   1.2535   1.5205   1.7905   2.0850   2.3690   2.5930   2.8135   3.0660   3.2960   3.4775   3.6735   3.8740   4.0810   4.2770   4.4210   0.0000   0.0000   0.0000   0.0000   0.0000;
279:  0.4555   0.7600   1.0085   1.2545   1.5215   1.7910   2.0855   2.3700   2.5945   2.8150   3.0665   3.2960   3.4780   3.6745   3.8750   4.0810   4.2765   4.4190   0.0000   0.0000   0.0000   0.0000   0.0000;
280:  0.4550   0.7600   1.0085   1.2550   1.5220   1.7915   2.0860   2.3705   2.5960   2.8170   3.0675   3.2960   3.4785   3.6750   3.8750   4.0800   4.2750   4.4170   0.0000   0.0000   0.0000   0.0000   0.0000;
281:  0.4550   0.7600   1.0090   1.2555   1.5225   1.7920   2.0865   2.3715   2.5970   2.8180   3.0680   3.2965   3.4795   3.6760   3.8760   4.0795   4.2740   4.4155   0.0000   0.0000   0.0000   0.0000   0.0000;
282:  0.4555   0.7605   1.0090   1.2560   1.5235   1.7930   2.0870   2.3720   2.5985   2.8195   3.0685   3.2965   3.4800   3.6765   3.8760   4.0780   4.2720   4.4140   0.0000   0.0000   0.0000   0.0000   0.0000;
283:  0.4555   0.7605   1.0095   1.2570   1.5240   1.7930   2.0875   2.3730   2.6000   2.8215   3.0695   3.2970   3.4810   3.6770   3.8755   4.0760   4.2705   4.4130   0.0000   0.0000   0.0000   0.0000   0.0000;
284:  0.4555   0.7610   1.0105   1.2575   1.5240   1.7930   2.0875   2.3735   2.6010   2.8225   3.0700   3.2970   3.4815   3.6775   3.8755   4.0745   4.2685   4.4115   0.0000   0.0000   0.0000   0.0000   0.0000;
285:  0.4550   0.7610   1.0105   1.2580   1.5250   1.7935   2.0880   2.3745   2.6025   2.8240   3.0710   3.2980   3.4830   3.6785   3.8755   4.0725   4.2665   4.4110   0.0000   0.0000   0.0000   0.0000   0.0000;
286:  0.4555   0.7615   1.0110   1.2590   1.5255   1.7935   2.0885   2.3755   2.6035   2.8250   3.0715   3.2985   3.4840   3.6790   3.8750   4.0700   4.2640   4.4100   0.0000   0.0000   0.0000   0.0000   0.0000;
287:  0.4555   0.7615   1.0110   1.2595   1.5265   1.7940   2.0885   2.3760   2.6050   2.8265   3.0725   3.2990   3.4845   3.6790   3.8745   4.0680   4.2620   4.4100   0.0000   0.0000   0.0000   0.0000   0.0000;
288:  0.4555   0.7615   1.0115   1.2600   1.5270   1.7945   2.0890   2.3770   2.6060   2.8275   3.0735   3.3000   3.4855   3.6795   3.8740   4.0655   4.2600   4.4100   0.0000   0.0000   0.0000   0.0000   0.0000;
289:  0.4550   0.7615   1.0115   1.2605   1.5275   1.7945   2.0895   2.3780   2.6070   2.8285   3.0745   3.3010   3.4865   3.6800   3.8740   4.0630   0.0000   0.0000   0.0000   0.0000   0.0000   0.0000   0.0000;
290:  0.4550   0.7615   1.0120   1.2615   1.5285   1.7950   2.0900   2.3790   2.6085   2.8300   3.0755   3.3025   3.4885   3.6810   3.8735   4.0605   0.0000   0.0000   0.0000   0.0000   0.0000   0.0000   0.0000;
291:  0.4550   0.7615   1.0120   1.2620   1.5290   1.7950   2.0905   2.3800   2.6095   2.8310   3.0765   3.3035   3.4895   3.6810   3.8730   4.0585   0.0000   0.0000   0.0000   0.0000   0.0000   0.0000   0.0000;
292:  0.4545   0.7615   1.0125   1.2630   1.5300   1.7955   2.0910   2.3810   2.6105   2.8320   3.0775   3.3050   3.4910   3.6815   3.8730   4.0565   0.0000   0.0000   0.0000   0.0000   0.0000   0.0000   0.0000;
293:  0.4545   0.7615   1.0125   1.2635   1.5305   1.7955   2.0910   2.3815   2.6115   2.8325   3.0780   3.3060   3.4925   3.6825   3.8730   4.0550   0.0000   0.0000   0.0000   0.0000   0.0000   0.0000   0.0000;
294:  0.4545   0.7615   1.0130   1.2645   1.5315   1.7960   2.0920   2.3830   2.6125   2.8335   3.0795   3.3080   3.4940   3.6830   3.8730   4.0535   0.0000   0.0000   0.0000   0.0000   0.0000   0.0000   0.0000;
295:  0.4540   0.7615   1.0130   1.2645   1.5320   1.7965   2.0920   2.3835   2.6135   2.8345   3.0805   3.3095   3.4960   3.6845   3.8740   4.0525   0.0000   0.0000   0.0000   0.0000   0.0000   0.0000   0.0000;
296:  0.4540   0.7615   1.0130   1.2650   1.5330   1.7970   2.0930   2.3850   2.6140   2.8345   3.0815   3.3115   3.4980   3.6855   3.8745   0.0000   0.0000   0.0000   0.0000   0.0000   0.0000   0.0000   0.0000;
297:  0.4535   0.7615   1.0135   1.2660   1.5335   1.7970   2.0935   2.3860   2.6150   2.8355   3.0825   3.3130   3.4995   3.6865   3.8755   0.0000   0.0000   0.0000   0.0000   0.0000   0.0000   0.0000   0.0000;
298:  0.4535   0.7615   1.0135   1.2665   1.5345   1.7975   2.0940   2.3870   2.6160   2.8365   3.0840   3.3150   3.5015   3.6880   3.8765   0.0000   0.0000   0.0000   0.0000   0.0000   0.0000   0.0000   0.0000;
299:  0.4530   0.7615   1.0140   1.2675   1.5355   1.7980   2.0945   2.3880   2.6170   2.8370   3.0850   3.3170   3.5035   3.6895   3.8780   0.0000   0.0000   0.0000   0.0000   0.0000   0.0000   0.0000   0.0000;
300:  0.4530   0.7615   1.0140   1.2680   1.5365   1.7985   2.0950   2.3890   2.6175   2.8375   3.0865   3.3190   3.5055   3.6915   3.8805   0.0000   0.0000   0.0000   0.0000   0.0000   0.0000   0.0000   0.0000;
301:  0.4530   0.7615   1.0140   1.2680   1.5370   1.7990   2.0955   2.3905   2.6190   2.8385   3.0880   3.3215   3.5080   3.6930   3.8820   0.0000   0.0000   0.0000   0.0000   0.0000   0.0000   0.0000   0.0000;
302:  0.4525   0.7615   1.0145   1.2690   1.5380   1.8000   2.0970   2.3920   2.6200   2.8390   3.0895   3.3240   3.5100   3.6955   3.8855   0.0000   0.0000   0.0000   0.0000   0.0000   0.0000   0.0000   0.0000;
303:  0.4525   0.7615   1.0145   1.2695   1.5390   1.8005   2.0975   2.3930   2.6210   2.8400   3.0910   3.3260   3.5120   3.6975   3.8880   0.0000   0.0000   0.0000   0.0000   0.0000   0.0000   0.0000   0.0000;
304:  0.4520   0.7620   1.0150   1.2700   1.5400   1.8015   2.0985   2.3945   2.6225   2.8410   3.0930   3.3290   3.5145   3.7000   3.8915   0.0000   0.0000   0.0000   0.0000   0.0000   0.0000   0.0000   0.0000;
305:  0.4520   0.7620   1.0155   1.2705   1.5405   1.8020   2.0995   2.3960   2.6235   2.8425   3.0950   3.3310   3.5165   3.7025   3.8955   0.0000   0.0000   0.0000   0.0000   0.0000   0.0000   0.0000   0.0000;
306:  0.4520   0.7620   1.0155   1.2710   1.5420   1.8035   2.1005   2.3975   2.6255   2.8440   3.0970   3.3335   3.5190   3.7055   3.8995   0.0000   0.0000   0.0000   0.0000   0.0000   0.0000   0.0000   0.0000;
307:  0.4515   0.7620   1.0155   1.2715   1.5430   1.8045   2.1015   2.3985   2.6265   2.8450   3.0990   3.3365   3.5215   3.7085   3.9040   0.0000   0.0000   0.0000   0.0000   0.0000   0.0000   0.0000   0.0000;
308:  0.4515   0.7625   1.0165   1.2725   1.5440   1.8055   2.1030   2.4005   2.6285   2.8470   3.1015   3.3390   3.5240   3.7120   3.9085   0.0000   0.0000   0.0000   0.0000   0.0000   0.0000   0.0000   0.0000;
309:  0.4515   0.7625   1.0165   1.2725   1.5445   1.8070   2.1045   2.4020   2.6300   2.8485   3.1040   3.3420   3.5265   3.7150   3.9135   0.0000   0.0000   0.0000   0.0000   0.0000   0.0000   0.0000   0.0000;
310:  0.4510   0.7630   1.0175   1.2735   1.5460   1.8085   2.1060   2.4040   2.6320   2.8505   3.1065   3.3445   3.5290   3.7190   3.9195   0.0000   0.0000   0.0000   0.0000   0.0000   0.0000   0.0000   0.0000;
311:  0.4510   0.7630   1.0175   1.2740   1.5470   1.8100   2.1075   2.4055   2.6345   2.8530   3.1090   3.3475   3.5320   3.7225   3.9245   0.0000   0.0000   0.0000   0.0000   0.0000   0.0000   0.0000   0.0000;
312:  0.4510   0.7635   1.0185   1.2745   1.5480   1.8115   2.1085   2.4070   2.6365   2.8550   3.1120   3.3505   3.5345   3.7265   3.9305   0.0000   0.0000   0.0000   0.0000   0.0000   0.0000   0.0000   0.0000;
313:  0.4515   0.7640   1.0185   1.2750   1.5490   1.8130   2.1105   2.4095   2.6395   2.8580   3.1150   3.3530   3.5370   3.7305   3.9360   0.0000   0.0000   0.0000   0.0000   0.0000   0.0000   0.0000   0.0000;
314:  0.4515   0.7645   1.0195   1.2760   1.5505   1.8150   2.1120   2.4110   2.6420   2.8610   3.1185   3.3560   3.5395   3.7345   3.9420   0.0000   0.0000   0.0000   0.0000   0.0000   0.0000   0.0000   0.0000;
315:  0.4515   0.7650   1.0205   1.2765   1.5510   1.8165   2.1140   2.4135   2.6450   2.8640   3.1215   3.3585   3.5420   3.7380   3.9475   0.0000   0.0000   0.0000   0.0000   0.0000   0.0000   0.0000   0.0000;
316:  0.4515   0.7650   1.0205   1.2770   1.5525   1.8190   2.1165   2.4155   2.6475   2.8675   3.1255   3.3620   3.5445   3.7415   3.9530   0.0000   0.0000   0.0000   0.0000   0.0000   0.0000   0.0000   0.0000;
317:  0.4520   0.7660   1.0215   1.2780   1.5540   1.8210   2.1180   2.4175   2.6510   2.8715   3.1290   3.3645   3.5475   3.7460   3.9590   0.0000   0.0000   0.0000   0.0000   0.0000   0.0000   0.0000   0.0000;
318:  0.4525   0.7665   1.0225   1.2785   1.5545   1.8225   2.1200   2.4200   2.6540   2.8745   3.1325   3.3670   3.5490   3.7490   3.9640   0.0000   0.0000   0.0000   0.0000   0.0000   0.0000   0.0000   0.0000;
319:  0.4525   0.7670   1.0230   1.2790   1.5560   1.8250   2.1225   2.4225   2.6580   2.8795   3.1365   3.3695   3.5515   3.7530   3.9695   0.0000   0.0000   0.0000   0.0000   0.0000   0.0000   0.0000   0.0000;
320:  0.4530   0.7680   1.0240   1.2800   1.5570   1.8265   2.1245   2.4255   2.6620   2.8835   3.1400   3.3720   3.5540   3.7565   3.9745   0.0000   0.0000   0.0000   0.0000   0.0000   0.0000   0.0000   0.0000;
321:  0.4535   0.7685   1.0250   1.2810   1.5585   1.8290   2.1265   2.4275   2.6655   2.8875   3.1440   3.3750   3.5565   3.7600   3.9790   0.0000   0.0000   0.0000   0.0000   0.0000   0.0000   0.0000   0.0000;
322:  0.4535   0.7690   1.0255   1.2810   1.5590   1.8310   2.1290   2.4300   2.6695   2.8925   3.1480   3.3775   3.5590   3.7635   3.9835   0.0000   0.0000   0.0000   0.0000   0.0000   0.0000   0.0000   0.0000;
323:  0.4540   0.7700   1.0265   1.2820   1.5605   1.8335   2.1315   2.4325   2.6730   2.8970   3.1520   3.3795   3.5605   3.7660   3.9875   0.0000   0.0000   0.0000   0.0000   0.0000   0.0000   0.0000   0.0000;
324:  0.4545   0.7705   1.0275   1.2830   1.5620   1.8355   2.1335   2.4355   2.6775   2.9020   3.1560   3.3820   3.5630   3.7695   3.9915   0.0000   0.0000   0.0000   0.0000   0.0000   0.0000   0.0000   0.0000;
325:  0.4550   0.7715   1.0280   1.2830   1.5625   1.8375   2.1360   2.4380   2.6820   2.9075   3.1600   3.3840   3.5650   3.7720   3.9945   0.0000   0.0000   0.0000   0.0000   0.0000   0.0000   0.0000   0.0000;
326:  0.4555   0.7720   1.0290   1.2840   1.5640   1.8400   2.1385   2.4410   2.6865   2.9125   3.1640   3.3865   3.5670   3.7745   3.9975   0.0000   0.0000   0.0000   0.0000   0.0000   0.0000   0.0000   0.0000;
327:  0.4555   0.7725   1.0300   1.2845   1.5645   1.8420   2.1410   2.4435   2.6905   2.9175   3.1680   3.3885   3.5690   3.7770   4.0000   0.0000   0.0000   0.0000   0.0000   0.0000   0.0000   0.0000   0.0000;
328:  0.4560   0.7735   1.0310   1.2855   1.5660   1.8445   2.1440   2.4470   2.6950   2.9225   3.1715   3.3905   3.5710   3.7790   4.0025   0.0000   0.0000   0.0000   0.0000   0.0000   0.0000   0.0000   0.0000;
329:  0.4565   0.7740   1.0315   1.2860   1.5670   1.8460   2.1460   2.4500   2.6995   2.9275   3.1750   3.3920   3.5725   3.7805   4.0040   4.2215   0.0000   0.0000   0.0000   0.0000   0.0000   0.0000   0.0000;
330:  0.4565   0.7745   1.0325   1.2865   1.5680   1.8485   2.1485   2.4525   2.7040   2.9330   3.1790   3.3940   3.5745   3.7825   4.0050   4.2225   0.0000   0.0000   0.0000   0.0000   0.0000   0.0000   0.0000;
331:  0.4570   0.7750   1.0330   1.2870   1.5690   1.8505   2.1515   2.4560   2.7085   2.9380   3.1820   3.3950   3.5760   3.7840   4.0065   4.2240   0.0000   0.0000   0.0000   0.0000   0.0000   0.0000   0.0000;
332:  0.4575   0.7760   1.0340   1.2880   1.5700   1.8520   2.1540   2.4590   2.7125   2.9430   3.1855   3.3970   3.5780   3.7855   4.0075   4.2250   0.0000   0.0000   0.0000   0.0000   0.0000   0.0000   0.0000;
333:  0.4580   0.7765   1.0345   1.2880   1.5710   1.8545   2.1565   2.4620   2.7175   2.9480   3.1885   3.3985   3.5795   3.7865   4.0075   4.2250   0.0000   0.0000   0.0000   0.0000   0.0000   0.0000   0.0000;
334:  0.4580   0.7765   1.0350   1.2890   1.5720   1.8560   2.1590   2.4650   2.7215   2.9530   3.1915   3.3995   3.5815   3.7880   4.0080   4.2250   0.0000   0.0000   0.0000   0.0000   0.0000   0.0000   0.0000;
335:  0.4580   0.7770   1.0355   1.2890   1.5725   1.8575   2.1610   2.4675   2.7255   2.9575   3.1940   3.4005   3.5830   3.7895   4.0085   4.2250   0.0000   0.0000   0.0000   0.0000   0.0000   0.0000   0.0000;
336:  0.4585   0.7770   1.0360   1.2900   1.5735   1.8590   2.1635   2.4705   2.7295   2.9620   3.1960   3.4015   3.5850   3.7905   4.0085   4.2245   4.3370   4.4680   0.0000   0.0000   0.0000   0.0000   0.0000;
337:  0.4585   0.7775   1.0365   1.2900   1.5740   1.8605   2.1660   2.4735   2.7335   2.9665   3.1985   3.4025   3.5865   3.7915   4.0085   4.2240   4.3365   4.4700   0.0000   0.0000   0.0000   0.0000   0.0000;
338:  0.4585   0.7775   1.0365   1.2905   1.5750   1.8620   2.1685   2.4765   2.7370   2.9700   3.2005   3.4035   3.5880   3.7925   4.0085   4.2235   4.3360   4.4720   0.0000   0.0000   0.0000   0.0000   0.0000;
339:  0.4590   0.7780   1.0370   1.2905   1.5760   1.8640   2.1710   2.4795   2.7410   2.9745   3.2025   3.4045   3.5905   3.7940   4.0085   4.2235   4.3360   4.4740   0.0000   0.0000   0.0000   0.0000   0.0000;
340:  0.4590   0.7780   1.0370   1.2910   1.5765   1.8650   2.1730   2.4820   2.7445   2.9775   3.2035   3.4050   3.5920   3.7955   4.0095   4.2240   4.3365   4.4765   0.0000   0.0000   0.0000   0.0000   0.0000;
341:  0.4590   0.7780   1.0375   1.2915   1.5770   1.8665   2.1755   2.4850   2.7480   2.9810   3.2050   3.4055   3.5940   3.7970   4.0095   4.2240   4.3370   4.4790   0.0000   0.0000   0.0000   0.0000   0.0000;
342:  0.4585   0.7775   1.0375   1.2915   1.5775   1.8675   2.1775   2.4875   2.7510   2.9845   3.2065   3.4065   3.5960   3.7985   4.0105   4.2245   4.3375   4.4810   0.0000   0.0000   0.0000   0.0000   0.0000;
343:  0.4585   0.7775   1.0375   1.2915   1.5780   1.8685   2.1795   2.4900   2.7540   2.9875   3.2070   3.4070   3.5985   3.8005   4.0120   4.2260   4.3390   4.4840   0.0000   0.0000   0.0000   0.0000   0.0000;
344:  0.4585   0.7775   1.0375   1.2920   1.5790   1.8700   2.1820   2.4930   2.7570   2.9900   3.2080   3.4075   3.6005   3.8030   4.0140   4.2280   4.3410   4.4865   0.0000   0.0000   0.0000   0.0000   0.0000;
345:  0.4585   0.7775   1.0375   1.2920   1.5790   1.8705   2.1840   2.4955   2.7595   2.9920   3.2080   3.4080   3.6030   3.8055   4.0160   4.2305   4.3440   4.4895   0.0000   0.0000   0.0000   0.0000   0.0000;
346:  0.4580   0.7770   1.0375   1.2920   1.5795   1.8715   2.1855   2.4975   2.7620   2.9940   3.2085   3.4090   3.6055   3.8080   4.0185   4.2340   4.3475   4.4925   0.0000   0.0000   0.0000   0.0000   0.0000;
347:  0.4580   0.7770   1.0370   1.2915   1.5795   1.8720   2.1875   2.4995   2.7635   2.9955   3.2090   3.4100   3.6080   3.8110   4.0215   4.2380   4.3515   4.4950   0.0000   0.0000   0.0000   0.0000   0.0000;
348:  0.4580   0.7770   1.0370   1.2915   1.5800   1.8730   2.1890   2.5015   2.7660   2.9975   3.2090   3.4105   3.6110   3.8145   4.0250   4.2425   4.3560   4.4980   0.0000   0.0000   0.0000   0.0000   0.0000;
349:  0.4580   0.7765   1.0365   1.2915   1.5800   1.8730   2.1905   2.5035   2.7675   2.9990   3.2095   3.4115   3.6135   3.8180   4.0290   4.2480   4.3615   4.5010   0.0000   0.0000   0.0000   0.0000   0.0000;
350:  0.4580   0.7765   1.0365   1.2915   1.5800   1.8735   2.1920   2.5055   2.7695   3.0000   3.2090   3.4120   3.6165   3.8220   4.0340   4.2550   4.3680   4.5040   0.0000   0.0000   0.0000   0.0000   0.0000;
351:  0.4575   0.7760   1.0365   1.2915   1.5805   1.8740   2.1935   2.5075   2.7705   3.0005   3.2090   3.4130   3.6195   3.8265   4.0390   4.2615   4.3745   4.5070   0.0000   0.0000   0.0000   0.0000   0.0000;
352:  0.4575   0.7755   1.0355   1.2910   1.5805   1.8745   2.1945   2.5085   2.7715   3.0015   3.2095   3.4145   3.6230   3.8315   4.0455   4.2700   4.3820   4.5100   0.0000   0.0000   0.0000   0.0000   0.0000;
353:  0.4575   0.7755   1.0355   1.2910   1.5805   1.8745   2.1955   2.5100   2.7730   3.0025   3.2095   3.4155   3.6260   3.8360   4.0510   4.2780   4.3900   4.5130   0.0000   0.0000   0.0000   0.0000   0.0000;
354:  0.4575   0.7755   1.0355   1.2910   1.5805   1.8745   2.1965   2.5115   2.7735   3.0020   3.2090   3.4165   3.6290   3.8415   4.0585   4.2880   4.3985   4.5155   0.0000   0.0000   0.0000   0.0000   0.0000;
355:  0.4575   0.7750   1.0350   1.2910   1.5805   1.8745   2.1975   2.5130   2.7745   3.0025   3.2095   3.4185   3.6325   3.8465   4.0655   4.2980   4.4080   4.5190   0.0000   0.0000   0.0000   0.0000   0.0000;
356:  0.4575   0.7750   1.0345   1.2905   1.5805   1.8745   2.1980   2.5135   2.7745   3.0025   3.2100   3.4205   3.6365   3.8525   4.0730   4.3085   4.4175   4.5220   0.0000   0.0000   0.0000   0.0000   0.0000;
357:  0.4575   0.7750   1.0345   1.2900   1.5800   1.8745   2.1985   2.5145   2.7750   3.0025   3.2105   3.4220   3.6395   3.8580   4.0810   4.3195   4.4270   4.5245   0.0000   0.0000   0.0000   0.0000   0.0000;
358:  0.4575   0.7745   1.0340   1.2900   1.5795   1.8740   2.1990   2.5150   2.7750   3.0025   3.2110   3.4240   3.6430   3.8640   4.0895   4.3310   4.4375   4.5275   0.0000   0.0000   0.0000   0.0000   0.0000;
359:  0.4570   0.7745   1.0340   1.2900   1.5795   1.8735   2.1990   2.5160   2.7755   3.0025   3.2115   3.4260   3.6470   3.8700   4.0975   0.0000   0.0000   0.0000   0.0000   0.0000   0.0000   0.0000   0.0000;
#AFTER_DB_V3;
000:  0.2770   0.6370   0.9110   1.1550   1.4230   1.7350   2.0120   2.3870   2.6460   2.9050   3.1000   3.3250   3.5310   3.7690   3.9830   4.2290   4.4790   0.0000   0.0000   0.0000   0.0000   0.0000   0.0000;
001:  0.2770   0.6370   0.9110   1.1550   1.4230   1.7340   2.0110   2.3870   2.6460   2.9040   3.1000   3.3270   3.5340   3.7730   3.9910   4.2380   4.4930   0.0000   0.0000   0.0000   0.0000   0.0000   0.0000;
002:  0.2770   0.6370   0.9110   1.1550   1.4230   1.7340   2.0110   2.3870   2.6460   2.9030   3.1000   3.3290   3.5370   3.7770   3.9980   4.2480   4.5070   0.0000   0.0000   0.0000   0.0000   0.0000   0.0000;
003:  0.2770   0.6370   0.9110   1.1550   1.4220   1.7330   2.0100   2.3870   2.6460   2.9020   3.1000   3.3310   3.5400   3.7800   4.0060   4.2560   4.5200   0.0000   0.0000   0.0000   0.0000   0.0000   0.0000;
004:  0.2770   0.6370   0.9110   1.1550   1.4220   1.7330   2.0090   2.3870   2.6460   2.9010   3.1000   3.3340   3.5420   3.7840   4.0130   4.2650   4.5330   0.0000   0.0000   0.0000   0.0000   0.0000   0.0000;
005:  0.2770   0.6380   0.9110   1.1550   1.4220   1.7320   2.0080   2.3860   2.6460   2.9000   3.1000   3.3360   3.5450   3.7870   4.0200   4.2730   4.5450   0.0000   0.0000   0.0000   0.0000   0.0000   0.0000;
006:  0.2770   0.6380   0.9110   1.1540   1.4210   1.7310   2.0070   2.3860   2.6460   2.8990   3.1010   3.3400   3.5470   3.7900   4.0260   4.2810   4.5560   0.0000   0.0000   0.0000   0.0000   0.0000   0.0000;
007:  0.2770   0.6380   0.9110   1.1540   1.4210   1.7310   2.0060   2.3850   2.6450   2.8970   3.1010   3.3430   3.5500   3.7930   4.0320   4.2880   4.5670   0.0000   0.0000   0.0000   0.0000   0.0000   0.0000;
008:  0.2770   0.6380   0.9110   1.1540   1.4200   1.7300   2.0050   2.3840   2.6450   2.8960   3.1020   3.3460   3.5520   3.7950   4.0370   4.2950   4.5760   0.0000   0.0000   0.0000   0.0000   0.0000   0.0000;
009:  0.2770   0.6380   0.9110   1.1540   1.4200   1.7290   2.0040   2.3830   2.6440   2.8940   3.1030   3.3490   3.5540   3.7970   4.0420   4.3000   4.5840   0.0000   0.0000   0.0000   0.0000   0.0000   0.0000;
010:  0.2770   0.6390   0.9110   1.1540   1.4190   1.7290   2.0020   2.3820   2.6440   2.8930   3.1030   3.3530   3.5560   3.7980   4.0450   4.3050   4.5900   0.0000   0.0000   0.0000   0.0000   0.0000   0.0000;
011:  0.2770   0.6390   0.9110   1.1540   1.4190   1.7280   2.0010   2.3800   2.6430   2.8910   3.1040   3.3570   3.5580   3.7990   4.0480   4.3080   4.5950   0.0000   0.0000   0.0000   0.0000   0.0000   0.0000;
012:  0.2770   0.6390   0.9110   1.1540   1.4180   1.7270   1.9990   2.3780   2.6420   2.8890   3.1050   3.3600   3.5600   3.8000   4.0510   4.3110   4.5980   0.0000   0.0000   0.0000   0.0000   0.0000   0.0000;
013:  0.2770   0.6390   0.9110   1.1540   1.4180   1.7260   1.9980   2.3770   2.6410   2.8870   3.1060   3.3640   3.5620   3.8000   4.0520   4.3130   4.5980   0.0000   0.0000   0.0000   0.0000   0.0000   0.0000;
014:  0.2760   0.6400   0.9110   1.1530   1.4170   1.7250   1.9960   2.3750   2.6400   2.8850   3.1070   3.3670   3.5630   3.7990   4.0520   4.3130   4.5980   0.0000   0.0000   0.0000   0.0000   0.0000   0.0000;
015:  0.2760   0.6400   0.9110   1.1530   1.4170   1.7240   1.9940   2.3730   2.6390   2.8830   3.1070   3.3710   3.5640   3.7980   4.0510   4.3120   4.5960   0.0000   0.0000   0.0000   0.0000   0.0000   0.0000;
016:  0.2760   0.6400   0.9120   1.1530   1.4160   1.7230   1.9930   2.3710   2.6380   2.8810   3.1080   3.3740   3.5650   3.7970   4.0500   4.3100   4.5920   0.0000   0.0000   0.0000   0.0000   0.0000   0.0000;
017:  0.2760   0.6400   0.9120   1.1530   1.4160   1.7220   1.9910   2.3690   2.6370   2.8790   3.1090   3.3770   3.5650   3.7950   4.0470   4.3070   4.5860   0.0000   0.0000   0.0000   0.0000   0.0000   0.0000;
018:  0.2760   0.6400   0.9120   1.1530   1.4160   1.7220   1.9890   2.3670   2.6360   2.8760   3.1090   3.3800   3.5660   3.7920   4.0440   4.3030   4.5780   0.0000   0.0000   0.0000   0.0000   0.0000   0.0000;
019:  0.2760   0.6400   0.9120   1.1530   1.4150   1.7210   1.9870   2.3650   2.6340   2.8740   3.1100   3.3830   3.5660   3.7890   4.0390   4.2970   4.5680   0.0000   0.0000   0.0000   0.0000   0.0000   0.0000;
020:  0.2760   0.6400   0.9120   1.1530   1.4150   1.7200   1.9850   2.3620   2.6330   2.8720   3.1100   3.3850   3.5660   3.7850   4.0340   4.2900   4.5570   0.0000   0.0000   0.0000   0.0000   0.0000   0.0000;
021:  0.2750   0.6400   0.9130   1.1530   1.4140   1.7190   1.9830   2.3600   2.6310   2.8690   3.1100   3.3870   3.5650   3.7820   4.0270   4.2820   4.5440   0.0000   0.0000   0.0000   0.0000   0.0000   0.0000;
022:  0.2750   0.6400   0.9130   1.1530   1.4140   1.7180   1.9810   2.3580   2.6290   2.8670   3.1100   3.3890   3.5640   3.7770   4.0200   4.2730   4.5290   0.0000   0.0000   0.0000   0.0000   0.0000   0.0000;
023:  0.2750   0.6390   0.9130   1.1520   1.4130   1.7170   1.9790   2.3560   2.6270   2.8640   3.1100   3.3910   3.5630   3.7720   4.0120   4.2630   4.5130   0.0000   0.0000   0.0000   0.0000   0.0000   0.0000;
024:  0.2750   0.6390   0.9130   1.1520   1.4130   1.7160   1.9770   2.3540   2.6260   2.8620   3.1090   3.3910   3.5620   3.7670   4.0040   4.2530   4.4960   0.0000   0.0000   0.0000   0.0000   0.0000   0.0000;
025:  0.2750   0.6390   0.9130   1.1520   1.4130   1.7150   1.9750   2.3520   2.6240   2.8590   3.1080   3.3920   3.5600   3.7610   3.9940   4.2410   4.4770   0.0000   0.0000   0.0000   0.0000   0.0000   0.0000;
026:  0.2740   0.6380   0.9130   1.1520   1.4120   1.7150   1.9730   2.3500   2.6220   2.8560   3.1070   3.3920   3.5580   3.7550   3.9840   4.2280   4.4580   0.0000   0.0000   0.0000   0.0000   0.0000   0.0000;
027:  0.2740   0.6380   0.9130   1.1510   1.4120   1.7140   1.9710   2.3480   2.6200   2.8540   3.1050   3.3920   3.5550   3.7490   3.9740   4.2150   4.4370   0.0000   0.0000   0.0000   0.0000   0.0000   0.0000;
028:  0.2740   0.6380   0.9130   1.1510   1.4110   1.7130   1.9690   2.3460   2.6180   2.8510   3.1040   3.3910   3.5530   3.7420   3.9630   4.2010   4.4160   0.0000   0.0000   0.0000   0.0000   0.0000   0.0000;
029:  0.2740   0.6370   0.9130   1.1510   1.4110   1.7120   1.9680   2.3450   2.6160   2.8480   3.1010   3.3890   3.5490   3.7350   3.9520   4.1860   4.3950   0.0000   0.0000   0.0000   0.0000   0.0000   0.0000;
030:  0.2730   0.6370   0.9130   1.1510   1.4110   1.7110   1.9660   2.3430   2.6140   2.8450   3.0990   3.3870   3.5460   3.7280   3.9400   4.1720   4.3730   0.0000   0.0000   0.0000   0.0000   0.0000   0.0000;
031:  0.2730   0.6360   0.9130   1.1500   1.4100   1.7110   1.9640   2.3410   2.6110   2.8420   3.0960   3.3850   3.5430   3.7210   3.9290   4.1570   4.3510   0.0000   0.0000   0.0000   0.0000   0.0000   0.0000;
032:  0.2730   0.6360   0.9130   1.1500   1.4100   1.7100   1.9630   2.3400   2.6090   2.8390   3.0930   3.3820   3.5390   3.7140   3.9170   4.1410   4.3290   0.0000   0.0000   0.0000   0.0000   0.0000   0.0000;
033:  0.2730   0.6350   0.9120   1.1490   1.4090   1.7090   1.9620   2.3380   2.6070   2.8360   3.0890   3.3790   3.5350   3.7070   3.9060   4.1260   4.3070   0.0000   0.0000   0.0000   0.0000   0.0000   0.0000;
034:  0.2730   0.6350   0.9120   1.1490   1.4090   1.7080   1.9600   2.3370   2.6050   2.8330   3.0850   3.3760   3.5300   3.6990   3.8940   4.1110   4.2850   0.0000   0.0000   0.0000   0.0000   0.0000   0.0000;
035:  0.2730   0.6340   0.9120   1.1480   1.4090   1.7070   1.9590   2.3360   2.6030   2.8290   3.0810   3.3710   3.5250   3.6920   3.8830   4.0960   4.2640   0.0000   0.0000   0.0000   0.0000   0.0000   0.0000;
036:  0.2730   0.6330   0.9110   1.1480   1.4090   1.7070   1.9580   2.3350   2.6000   2.8260   3.0770   3.3670   3.5210   3.6850   3.8720   4.0810   4.2440   0.0000   0.0000   0.0000   0.0000   0.0000   0.0000;
037:  0.2730   0.6330   0.9110   1.1470   1.4080   1.7060   1.9570   2.3330   2.5980   2.8230   3.0720   3.3620   3.5160   3.6780   3.8620   4.0660   4.2240   0.0000   0.0000   0.0000   0.0000   0.0000   0.0000;
038:  0.2730   0.6320   0.9110   1.1470   1.4080   1.7050   1.9560   2.3320   2.5960   2.8200   3.0670   3.3560   3.5110   3.6710   3.8510   4.0520   4.2050   0.0000   0.0000   0.0000   0.0000   0.0000   0.0000;
039:  0.2730   0.6320   0.9100   1.1460   1.4080   1.7050   1.9560   2.3310   2.5940   2.8160   3.0620   3.3510   3.5050   3.6640   3.8420   4.0380   4.1870   0.0000   0.0000   0.0000   0.0000   0.0000   0.0000;
040:  0.2730   0.6310   0.9100   1.1460   1.4070   1.7040   1.9550   2.3310   2.5920   2.8130   3.0570   3.3450   3.5000   3.6570   3.8320   4.0250   4.1700   0.0000   0.0000   0.0000   0.0000   0.0000   0.0000;
041:  0.2730   0.6310   0.9090   1.1450   1.4070   1.7040   1.9550   2.3300   2.5890   2.8100   3.0510   3.3390   3.4950   3.6510   3.8240   4.0120   4.1540   0.0000   0.0000   0.0000   0.0000   0.0000   0.0000;
042:  0.2730   0.6310   0.9090   1.1450   1.4070   1.7030   1.9550   2.3290   2.5870   2.8060   3.0450   3.3320   3.4890   3.6440   3.8150   4.0000   4.1390   0.0000   0.0000   0.0000   0.0000   0.0000   0.0000;
043:  0.2730   0.6300   0.9080   1.1440   1.4070   1.7020   1.9550   2.3280   2.5850   2.8030   3.0400   3.3250   3.4840   3.6380   3.8080   3.9890   4.1260   0.0000   0.0000   0.0000   0.0000   0.0000   0.0000;
044:  0.2730   0.6300   0.9080   1.1440   1.4070   1.7020   1.9550   2.3270   2.5830   2.7990   3.0330   3.3190   3.4780   3.6330   3.8010   3.9780   4.1140   0.0000   0.0000   0.0000   0.0000   0.0000   0.0000;
045:  0.2740   0.6300   0.9070   1.1430   1.4060   1.7020   1.9550   2.3270   2.5810   2.7960   3.0270   3.3120   3.4720   3.6270   3.7950   3.9680   4.1020   0.0000   0.0000   0.0000   0.0000   0.0000   0.0000;
046:  0.2740   0.6290   0.9070   1.1430   1.4060   1.7010   1.9550   2.3260   2.5790   2.7920   3.0210   3.3050   3.4670   3.6220   3.7890   3.9590   4.0930   0.0000   0.0000   0.0000   0.0000   0.0000   0.0000;
047:  0.2750   0.6290   0.9060   1.1420   1.4060   1.7010   1.9560   2.3250   2.5770   2.7890   3.0150   3.2970   3.4610   3.6170   3.7840   3.9500   4.0840   0.0000   0.0000   0.0000   0.0000   0.0000   0.0000;
048:  0.2750   0.6290   0.9060   1.1420   1.4060   1.7000   1.9560   2.3240   2.5750   2.7850   3.0090   3.2900   3.4550   3.6120   3.7790   3.9430   4.0760   0.0000   0.0000   0.0000   0.0000   0.0000   0.0000;
049:  0.2750   0.6290   0.9050   1.1410   1.4060   1.7000   1.9570   2.3240   2.5730   2.7810   3.0030   3.2830   3.4500   3.6080   3.7750   3.9360   4.0700   0.0000   0.0000   0.0000   0.0000   0.0000   0.0000;
050:  0.2760   0.6290   0.9050   1.1410   1.4060   1.7000   1.9580   2.3230   2.5710   2.7780   2.9970   3.2760   3.4450   3.6040   3.7710   3.9290   4.0640   0.0000   0.0000   0.0000   0.0000   0.0000   0.0000;
051:  0.2760   0.6290   0.9040   1.1400   1.4060   1.7000   1.9580   2.3220   2.5690   2.7740   2.9910   3.2690   3.4390   3.6000   3.7680   3.9240   4.0600   0.0000   0.0000   0.0000   0.0000   0.0000   0.0000;
052:  0.2770   0.6290   0.9040   1.1400   1.4060   1.6990   1.9590   2.3210   2.5670   2.7710   2.9850   3.2620   3.4340   3.5960   3.7650   3.9190   4.0560   0.0000   0.0000   0.0000   0.0000   0.0000   0.0000;
053:  0.2780   0.6300   0.9030   1.1390   1.4050   1.6990   1.9600   2.3200   2.5640   2.7670   2.9790   3.2550   3.4290   3.5920   3.7620   3.9150   4.0540   0.0000   0.0000   0.0000   0.0000   0.0000   0.0000;
054:  0.2780   0.6300   0.9030   1.1390   1.4050   1.6990   1.9610   2.3200   2.5620   2.7630   2.9740   3.2480   3.4240   3.5890   3.7600   3.9110   4.0520   0.0000   0.0000   0.0000   0.0000   0.0000   0.0000;
055:  0.2790   0.6300   0.9020   1.1380   1.4050   1.6990   1.9620   2.3190   2.5600   2.7600   2.9680   3.2420   3.4200   3.5860   3.7580   3.9080   0.0000   0.0000   0.0000   0.0000   0.0000   0.0000   0.0000;
056:  0.2790   0.6300   0.9020   1.1380   1.4050   1.6990   1.9630   2.3180   2.5580   2.7560   2.9630   3.2350   3.4150   3.5830   3.7570   3.9050   0.0000   0.0000   0.0000   0.0000   0.0000   0.0000   0.0000;
057:  0.2800   0.6300   0.9020   1.1380   1.4050   1.6990   1.9640   2.3170   2.5560   2.7520   2.9580   3.2290   3.4110   3.5800   3.7550   3.9030   0.0000   0.0000   0.0000   0.0000   0.0000   0.0000   0.0000;
058:  0.2810   0.6310   0.9010   1.1370   1.4050   1.6990   1.9650   2.3160   2.5530   2.7490   2.9530   3.2230   3.4070   3.5770   3.7540   3.9010   0.0000   0.0000   0.0000   0.0000   0.0000   0.0000   0.0000;
059:  0.2810   0.6310   0.9010   1.1370   1.4050   1.7000   1.9660   2.3150   2.5510   2.7450   2.9480   3.2170   3.4020   3.5750   3.7530   3.9000   0.0000   0.0000   0.0000   0.0000   0.0000   0.0000   0.0000;
060:  0.2820   0.6310   0.9000   1.1360   1.4050   1.7000   1.9670   2.3130   2.5490   2.7420   2.9430   3.2120   3.3980   3.5720   3.7510   0.0000   0.0000   0.0000   0.0000   0.0000   0.0000   0.0000   0.0000;
061:  0.2830   0.6310   0.9000   1.1360   1.4050   1.7000   1.9680   2.3120   2.5460   2.7380   2.9390   3.2070   3.3950   3.5690   3.7500   0.0000   0.0000   0.0000   0.0000   0.0000   0.0000   0.0000   0.0000;
062:  0.2830   0.6320   0.8990   1.1360   1.4050   1.7000   1.9690   2.3110   2.5440   2.7340   2.9340   3.2020   3.3910   3.5670   3.7480   0.0000   0.0000   0.0000   0.0000   0.0000   0.0000   0.0000   0.0000;
063:  0.2840   0.6320   0.8990   1.1350   1.4050   1.7010   1.9690   2.3090   2.5410   2.7310   2.9300   3.1970   3.3880   3.5640   3.7470   0.0000   0.0000   0.0000   0.0000   0.0000   0.0000   0.0000   0.0000;
064:  0.2840   0.6320   0.8990   1.1350   1.4050   1.7010   1.9700   2.3080   2.5380   2.7270   2.9260   3.1930   3.3840   3.5620   3.7450   0.0000   0.0000   0.0000   0.0000   0.0000   0.0000   0.0000   0.0000;
065:  0.2850   0.6320   0.8980   1.1350   1.4050   1.7020   1.9710   2.3060   2.5360   2.7240   2.9220   3.1890   3.3810   3.5600   3.7430   0.0000   0.0000   0.0000   0.0000   0.0000   0.0000   0.0000   0.0000;
066:  0.2850   0.6330   0.8980   1.1350   1.4050   1.7020   1.9710   2.3050   2.5330   2.7200   2.9180   3.1850   3.3780   3.5570   3.7410   0.0000   0.0000   0.0000   0.0000   0.0000   0.0000   0.0000   0.0000;
067:  0.2860   0.6330   0.8970   1.1340   1.4050   1.7030   1.9720   2.3030   2.5300   2.7170   2.9150   3.1810   3.3750   3.5550   3.7390   0.0000   0.0000   0.0000   0.0000   0.0000   0.0000   0.0000   0.0000;
068:  0.2860   0.6330   0.8970   1.1340   1.4050   1.7040   1.9720   2.3020   2.5270   2.7130   2.9120   3.1780   3.3730   3.5530   3.7360   0.0000   0.0000   0.0000   0.0000   0.0000   0.0000   0.0000   0.0000;
069:  0.2870   0.6330   0.8960   1.1340   1.4050   1.7040   1.9720   2.3000   2.5240   2.7100   2.9080   3.1750   3.3700   3.5500   3.7340   0.0000   0.0000   0.0000   0.0000   0.0000   0.0000   0.0000   0.0000;
070:  0.2870   0.6330   0.8960   1.1340   1.4050   1.7050   1.9720   2.2980   2.5220   2.7070   2.9050   3.1720   3.3670   3.5480   3.7310   0.0000   0.0000   0.0000   0.0000   0.0000   0.0000   0.0000   0.0000;
071:  0.2880   0.6330   0.8960   1.1340   1.4050   1.7060   1.9720   2.2970   2.5190   2.7030   2.9020   3.1690   3.3650   3.5450   3.7280   0.0000   0.0000   0.0000   0.0000   0.0000   0.0000   0.0000   0.0000;
072:  0.2880   0.6330   0.8950   1.1330   1.4050   1.7060   1.9720   2.2950   2.5160   2.7000   2.8990   3.1670   3.3630   3.5430   3.7250   0.0000   0.0000   0.0000   0.0000   0.0000   0.0000   0.0000   0.0000;
073:  0.2890   0.6330   0.8950   1.1330   1.4050   1.7070   1.9720   2.2940   2.5130   2.6970   2.8970   3.1640   3.3600   3.5410   3.7220   0.0000   0.0000   0.0000   0.0000   0.0000   0.0000   0.0000   0.0000;
074:  0.2890   0.6320   0.8950   1.1330   1.4050   1.7080   1.9720   2.2920   2.5100   2.6940   2.8940   3.1620   3.3580   3.5380   3.7180   0.0000   0.0000   0.0000   0.0000   0.0000   0.0000   0.0000   0.0000;
075:  0.2890   0.6320   0.8940   1.1330   1.4050   1.7080   1.9710   2.2900   2.5070   2.6910   2.8910   3.1610   3.3560   3.5360   3.7150   0.0000   0.0000   0.0000   0.0000   0.0000   0.0000   0.0000   0.0000;
076:  0.2890   0.6320   0.8940   1.1330   1.4040   1.7090   1.9710   2.2890   2.5040   2.6880   2.8890   3.1590   3.3540   3.5340   3.7110   0.0000   0.0000   0.0000   0.0000   0.0000   0.0000   0.0000   0.0000;
077:  0.2900   0.6320   0.8930   1.1330   1.4040   1.7090   1.9700   2.2870   2.5020   2.6860   2.8870   3.1580   3.3520   3.5310   3.7070   0.0000   0.0000   0.0000   0.0000   0.0000   0.0000   0.0000   0.0000;
078:  0.2900   0.6310   0.8930   1.1320   1.4040   1.7100   1.9700   2.2860   2.4990   2.6830   2.8850   3.1560   3.3500   3.5290   3.7040   0.0000   0.0000   0.0000   0.0000   0.0000   0.0000   0.0000   0.0000;
079:  0.2910   0.6310   0.8920   1.1320   1.4040   1.7110   1.9690   2.2840   2.4970   2.6810   2.8820   3.1550   3.3480   3.5270   3.7000   0.0000   0.0000   0.0000   0.0000   0.0000   0.0000   0.0000   0.0000;
080:  0.2910   0.6310   0.8920   1.1320   1.4040   1.7110   1.9690   2.2830   2.4940   2.6780   2.8800   3.1550   3.3470   3.5250   3.6970   0.0000   0.0000   0.0000   0.0000   0.0000   0.0000   0.0000   0.0000;
081:  0.2910   0.6310   0.8920   1.1320   1.4040   1.7110   1.9680   2.2820   2.4920   2.6760   2.8790   3.1540   3.3450   3.5220   3.6930   0.0000   0.0000   0.0000   0.0000   0.0000   0.0000   0.0000   0.0000;
082:  0.2920   0.6310   0.8910   1.1320   1.4040   1.7120   1.9670   2.2800   2.4900   2.6740   2.8770   3.1530   3.3430   3.5200   3.6900   0.0000   0.0000   0.0000   0.0000   0.0000   0.0000   0.0000   0.0000;
083:  0.2920   0.6300   0.8910   1.1320   1.4040   1.7120   1.9660   2.2790   2.4880   2.6720   2.8750   3.1530   3.3420   3.5190   3.6870   0.0000   0.0000   0.0000   0.0000   0.0000   0.0000   0.0000   0.0000;
084:  0.2920   0.6300   0.8910   1.1310   1.4030   1.7120   1.9650   2.2780   2.4860   2.6710   2.8740   3.1520   3.3400   3.5170   3.6840   0.0000   0.0000   0.0000   0.0000   0.0000   0.0000   0.0000   0.0000;
085:  0.2930   0.6300   0.8900   1.1310   1.4030   1.7120   1.9650   2.2770   2.4850   2.6690   2.8730   3.1520   3.3390   3.5150   3.6820   0.0000   0.0000   0.0000   0.0000   0.0000   0.0000   0.0000   0.0000;
086:  0.2930   0.6290   0.8900   1.1310   1.4030   1.7120   1.9640   2.2760   2.4840   2.6680   2.8710   3.1520   3.3380   3.5140   3.6790   0.0000   0.0000   0.0000   0.0000   0.0000   0.0000   0.0000   0.0000;
087:  0.2930   0.6290   0.8900   1.1310   1.4030   1.7120   1.9630   2.2750   2.4820   2.6660   2.8700   3.1520   3.3370   3.5120   3.6770   0.0000   0.0000   0.0000   0.0000   0.0000   0.0000   0.0000   0.0000;
088:  0.2940   0.6290   0.8900   1.1310   1.4020   1.7110   1.9620   2.2740   2.4820   2.6650   2.8690   3.1520   3.3360   3.5110   3.6750   0.0000   0.0000   0.0000   0.0000   0.0000   0.0000   0.0000   0.0000;
089:  0.2940   0.6290   0.8900   1.1310   1.4020   1.7110   1.9610   2.2730   2.4810   2.6650   2.8690   3.1530   3.3350   3.5100   3.6730   0.0000   0.0000   0.0000   0.0000   0.0000   0.0000   0.0000   0.0000;
090:  0.2950   0.6290   0.8890   1.1310   1.4020   1.7110   1.9600   2.2730   2.4800   2.6640   2.8680   3.1530   3.3340   3.5090   3.6720   0.0000   0.0000   0.0000   0.0000   0.0000   0.0000   0.0000   0.0000;
091:  0.2950   0.6290   0.8890   1.1300   1.4020   1.7100   1.9600   2.2720   2.4800   2.6640   2.8680   3.1530   3.3340   3.5080   3.6710   0.0000   0.0000   0.0000   0.0000   0.0000   0.0000   0.0000   0.0000;
092:  0.2950   0.6290   0.8890   1.1300   1.4020   1.7090   1.9590   2.2720   2.4800   2.6630   2.8680   3.1540   3.3330   3.5080   3.6710   0.0000   0.0000   0.0000   0.0000   0.0000   0.0000   0.0000   0.0000;
093:  0.2960   0.6290   0.8890   1.1300   1.4010   1.7090   1.9580   2.2720   2.4800   2.6630   2.8680   3.1550   3.3330   3.5070   3.6710   0.0000   0.0000   0.0000   0.0000   0.0000   0.0000   0.0000   0.0000;
094:  0.2960   0.6290   0.8890   1.1300   1.4010   1.7080   1.9570   2.2720   2.4810   2.6630   2.8680   3.1550   3.3330   3.5070   3.6710   0.0000   0.0000   0.0000   0.0000   0.0000   0.0000   0.0000   0.0000;
095:  0.2960   0.6290   0.8890   1.1290   1.4010   1.7070   1.9560   2.2720   2.4810   2.6640   2.8690   3.1560   3.3330   3.5070   3.6710   0.0000   0.0000   0.0000   0.0000   0.0000   0.0000   0.0000   0.0000;
096:  0.2970   0.6290   0.8890   1.1290   1.4000   1.7060   1.9560   2.2720   2.4820   2.6640   2.8690   3.1570   3.3330   3.5070   3.6720   0.0000   0.0000   0.0000   0.0000   0.0000   0.0000   0.0000   0.0000;
097:  0.2970   0.6290   0.8890   1.1290   1.4000   1.7050   1.9550   2.2720   2.4830   2.6650   2.8700   3.1580   3.3340   3.5080   3.6730   0.0000   0.0000   0.0000   0.0000   0.0000   0.0000   0.0000   0.0000;
098:  0.2970   0.6290   0.8900   1.1290   1.4000   1.7030   1.9550   2.2720   2.4840   2.6660   2.8710   3.1590   3.3350   3.5080   3.6740   0.0000   0.0000   0.0000   0.0000   0.0000   0.0000   0.0000   0.0000;
099:  0.2980   0.6300   0.8900   1.1280   1.3990   1.7020   1.9540   2.2730   2.4850   2.6670   2.8730   3.1600   3.3360   3.5090   3.6760   0.0000   0.0000   0.0000   0.0000   0.0000   0.0000   0.0000   0.0000;
100:  0.2980   0.6300   0.8900   1.1280   1.3990   1.7010   1.9530   2.2730   2.4870   2.6680   2.8740   3.1620   3.3370   3.5100   3.6780   0.0000   0.0000   0.0000   0.0000   0.0000   0.0000   0.0000   0.0000;
101:  0.2980   0.6300   0.8900   1.1280   1.3990   1.6990   1.9530   2.2730   2.4890   2.6690   2.8760   3.1630   3.3380   3.5110   3.6800   0.0000   0.0000   0.0000   0.0000   0.0000   0.0000   0.0000   0.0000;
102:  0.2980   0.6310   0.8910   1.1270   1.3980   1.6980   1.9520   2.2740   2.4900   2.6710   2.8780   3.1650   3.3400   3.5120   3.6820   0.0000   0.0000   0.0000   0.0000   0.0000   0.0000   0.0000   0.0000;
103:  0.2980   0.6310   0.8910   1.1270   1.3980   1.6960   1.9510   2.2750   2.4920   2.6730   2.8800   3.1660   3.3420   3.5130   3.6850   0.0000   0.0000   0.0000   0.0000   0.0000   0.0000   0.0000   0.0000;
104:  0.2980   0.6310   0.8910   1.1270   1.3970   1.6950   1.9510   2.2760   2.4940   2.6750   2.8820   3.1680   3.3440   3.5150   3.6880   0.0000   0.0000   0.0000   0.0000   0.0000   0.0000   0.0000   0.0000;
105:  0.2980   0.6320   0.8910   1.1270   1.3970   1.6930   1.9500   2.2770   2.4960   2.6770   2.8840   3.1690   3.3460   3.5170   3.6910   0.0000   0.0000   0.0000   0.0000   0.0000   0.0000   0.0000   0.0000;
106:  0.2980   0.6320   0.8920   1.1260   1.3960   1.6920   1.9500   2.2780   2.4980   2.6790   2.8870   3.1710   3.3480   3.5180   3.6940   0.0000   0.0000   0.0000   0.0000   0.0000   0.0000   0.0000   0.0000;
107:  0.2980   0.6320   0.8920   1.1260   1.3960   1.6910   1.9490   2.2780   2.5000   2.6810   2.8900   3.1730   3.3510   3.5210   3.6970   0.0000   0.0000   0.0000   0.0000   0.0000   0.0000   0.0000   0.0000;
108:  0.2980   0.6330   0.8920   1.1260   1.3960   1.6890   1.9490   2.2800   2.5030   2.6840   2.8920   3.1750   3.3530   3.5230   3.7010   0.0000   0.0000   0.0000   0.0000   0.0000   0.0000   0.0000   0.0000;
109:  0.2980   0.6330   0.8930   1.1250   1.3950   1.6870   1.9480   2.2810   2.5050   2.6860   2.8950   3.1770   3.3560   3.5250   3.7050   0.0000   0.0000   0.0000   0.0000   0.0000   0.0000   0.0000   0.0000;
110:  0.2980   0.6330   0.8930   1.1250   1.3950   1.6860   1.9480   2.2820   2.5070   2.6880   2.8980   3.1790   3.3600   3.5270   3.7090   0.0000   0.0000   0.0000   0.0000   0.0000   0.0000   0.0000   0.0000;
111:  0.2980   0.6330   0.8930   1.1250   1.3940   1.6850   1.9470   2.2830   2.5090   2.6910   2.9010   3.1810   3.3630   3.5300   3.7130   0.0000   0.0000   0.0000   0.0000   0.0000   0.0000   0.0000   0.0000;
112:  0.2980   0.6340   0.8930   1.1250   1.3940   1.6830   1.9470   2.2840   2.5110   2.6940   2.9040   3.1840   3.3660   3.5330   3.7170   0.0000   0.0000   0.0000   0.0000   0.0000   0.0000   0.0000   0.0000;
113:  0.2970   0.6340   0.8940   1.1240   1.3930   1.6820   1.9460   2.2850   2.5130   2.6960   2.9070   3.1860   3.3700   3.5360   3.7210   3.9040   0.0000   0.0000   0.0000   0.0000   0.0000   0.0000   0.0000;
114:  0.2970   0.6340   0.8940   1.1240   1.3930   1.6810   1.9450   2.2860   2.5150   2.6990   2.9110   3.1880   3.3730   3.5390   3.7260   3.9070   0.0000   0.0000   0.0000   0.0000   0.0000   0.0000   0.0000;
115:  0.2960   0.6340   0.8940   1.1240   1.3920   1.6800   1.9450   2.2870   2.5170   2.7020   2.9140   3.1910   3.3770   3.5420   3.7300   3.9100   0.0000   0.0000   0.0000   0.0000   0.0000   0.0000   0.0000;
116:  0.2960   0.6340   0.8940   1.1240   1.3920   1.6780   1.9440   2.2890   2.5190   2.7050   2.9170   3.1940   3.3810   3.5460   3.7350   3.9130   0.0000   0.0000   0.0000   0.0000   0.0000   0.0000   0.0000;
117:  0.2960   0.6340   0.8940   1.1240   1.3910   1.6770   1.9430   2.2900   2.5210   2.7080   2.9200   3.1960   3.3850   3.5490   3.7400   3.9160   0.0000   0.0000   0.0000   0.0000   0.0000   0.0000   0.0000;
118:  0.2950   0.6350   0.8950   1.1240   1.3910   1.6760   1.9430   2.2910   2.5220   2.7110   2.9240   3.1990   3.3890   3.5530   3.7450   3.9200   0.0000   0.0000   0.0000   0.0000   0.0000   0.0000   0.0000;
119:  0.2950   0.6350   0.8950   1.1240   1.3910   1.6750   1.9420   2.2920   2.5240   2.7140   2.9270   3.2020   3.3930   3.5570   3.7500   3.9250   0.0000   0.0000   0.0000   0.0000   0.0000   0.0000   0.0000;
120:  0.2950   0.6350   0.8950   1.1240   1.3900   1.6750   1.9410   2.2930   2.5250   2.7160   2.9300   3.2050   3.3980   3.5610   3.7550   3.9290   4.0900   0.0000   0.0000   0.0000   0.0000   0.0000   0.0000;
121:  0.2940   0.6350   0.8950   1.1240   1.3900   1.6740   1.9410   2.2930   2.5270   2.7190   2.9330   3.2090   3.4020   3.5660   3.7610   3.9350   4.0940   0.0000   0.0000   0.0000   0.0000   0.0000   0.0000;
122:  0.2940   0.6340   0.8950   1.1240   1.3890   1.6730   1.9400   2.2940   2.5280   2.7220   2.9360   3.2120   3.4060   3.5700   3.7660   3.9400   4.0990   0.0000   0.0000   0.0000   0.0000   0.0000   0.0000;
123:  0.2930   0.6340   0.8950   1.1240   1.3890   1.6730   1.9390   2.2950   2.5290   2.7250   2.9390   3.2160   3.4100   3.5750   3.7720   3.9460   4.1040   0.0000   0.0000   0.0000   0.0000   0.0000   0.0000;
124:  0.2930   0.6340   0.8950   1.1240   1.3880   1.6720   1.9390   2.2950   2.5300   2.7270   2.9420   3.2190   3.4150   3.5800   3.7780   3.9530   4.1110   0.0000   0.0000   0.0000   0.0000   0.0000   0.0000;
125:  0.2920   0.6340   0.8950   1.1240   1.3880   1.6720   1.9380   2.2960   2.5310   2.7300   2.9450   3.2230   3.4190   3.5850   3.7840   3.9600   4.1170   0.0000   0.0000   0.0000   0.0000   0.0000   0.0000;
126:  0.2920   0.6340   0.8950   1.1240   1.3880   1.6710   1.9370   2.2960   2.5330   2.7330   2.9470   3.2270   3.4230   3.5900   3.7900   3.9670   4.1250   0.0000   0.0000   0.0000   0.0000   0.0000   0.0000;
127:  0.2920   0.6340   0.8950   1.1240   1.3870   1.6710   1.9360   2.2970   2.5330   2.7350   2.9500   3.2310   3.4270   3.5950   3.7960   3.9750   4.1330   0.0000   0.0000   0.0000   0.0000   0.0000   0.0000;
128:  0.2910   0.6340   0.8950   1.1240   1.3870   1.6710   1.9360   2.2970   2.5340   2.7380   2.9530   3.2350   3.4320   3.6000   3.8030   3.9820   4.1410   0.0000   0.0000   0.0000   0.0000   0.0000   0.0000;
129:  0.2910   0.6340   0.8940   1.1250   1.3870   1.6710   1.9350   2.2970   2.5350   2.7400   2.9560   3.2390   3.4360   3.6060   3.8090   3.9910   4.1500   0.0000   0.0000   0.0000   0.0000   0.0000   0.0000;
130:  0.2910   0.6330   0.8940   1.1250   1.3870   1.6710   1.9350   2.2970   2.5360   2.7430   2.9580   3.2440   3.4400   3.6120   3.8160   3.9990   4.1600   0.0000   0.0000   0.0000   0.0000   0.0000   0.0000;
131:  0.2910   0.6330   0.8940   1.1250   1.3870   1.6700   1.9340   2.2970   2.5360   2.7450   2.9610   3.2480   3.4450   3.6180   3.8220   4.0080   4.1700   0.0000   0.0000   0.0000   0.0000   0.0000   0.0000;
132:  0.2910   0.6330   0.8940   1.1250   1.3860   1.6700   1.9340   2.2970   2.5370   2.7470   2.9640   3.2530   3.4490   3.6230   3.8290   4.0170   4.1810   0.0000   0.0000   0.0000   0.0000   0.0000   0.0000;
133:  0.2910   0.6330   0.8940   1.1260   1.3860   1.6700   1.9330   2.2970   2.5380   2.7490   2.9660   3.2570   3.4540   3.6290   3.8350   4.0260   4.1920   0.0000   0.0000   0.0000   0.0000   0.0000   0.0000;
134:  0.2910   0.6330   0.8940   1.1260   1.3860   1.6710   1.9330   2.2970   2.5390   2.7510   2.9690   3.2620   3.4580   3.6350   3.8420   4.0350   4.2040   0.0000   0.0000   0.0000   0.0000   0.0000   0.0000;
135:  0.2910   0.6330   0.8930   1.1260   1.3860   1.6710   1.9320   2.2970   2.5390   2.7530   2.9710   3.2670   3.4620   3.6410   3.8490   4.0450   4.2160   0.0000   0.0000   0.0000   0.0000   0.0000   0.0000;
136:  0.2910   0.6330   0.8930   1.1270   1.3860   1.6710   1.9320   2.2960   2.5400   2.7550   2.9730   3.2720   3.4670   3.6470   3.8560   4.0540   4.2270   0.0000   0.0000   0.0000   0.0000   0.0000   0.0000;
137:  0.2910   0.6330   0.8930   1.1270   1.3860   1.6710   1.9310   2.2960   2.5410   2.7560   2.9760   3.2760   3.4710   3.6540   3.8620   4.0630   4.2400   0.0000   0.0000   0.0000   0.0000   0.0000   0.0000;
138:  0.2910   0.6330   0.8930   1.1270   1.3860   1.6710   1.9310   2.2960   2.5410   2.7580   2.9780   3.2820   3.4750   3.6600   3.8690   4.0730   4.2520   4.5170   4.6270   0.0000   0.0000   0.0000   0.0000;
139:  0.2910   0.6340   0.8930   1.1270   1.3860   1.6710   1.9310   2.2950   2.5420   2.7590   2.9800   3.2870   3.4800   3.6660   3.8750   4.0810   4.2640   4.5210   4.6320   0.0000   0.0000   0.0000   0.0000;
140:  0.2910   0.6340   0.8920   1.1280   1.3860   1.6720   1.9310   2.2950   2.5420   2.7600   2.9830   3.2920   3.4840   3.6720   3.8820   4.0900   4.2760   4.5250   4.6370   0.0000   0.0000   0.0000   0.0000;
141:  0.2910   0.6340   0.8920   1.1280   1.3860   1.6720   1.9300   2.2940   2.5430   2.7620   2.9850   3.2970   3.4880   3.6780   3.8870   4.0990   4.2880   4.5290   4.6430   0.0000   0.0000   0.0000   0.0000;
142:  0.2920   0.6340   0.8920   1.1280   1.3860   1.6720   1.9300   2.2940   2.5440   2.7630   2.9880   3.3020   3.4930   3.6840   3.8940   4.1070   4.2990   4.5340   4.6500   0.0000   0.0000   0.0000   0.0000;
143:  0.2920   0.6350   0.8920   1.1280   1.3860   1.6720   1.9300   2.2930   2.5440   2.7640   2.9900   3.3070   3.4970   3.6890   3.8990   4.1150   4.3110   4.5390   4.6570   0.0000   0.0000   0.0000   0.0000;
144:  0.2920   0.6350   0.8910   1.1290   1.3860   1.6730   1.9300   2.2930   2.5450   2.7650   2.9920   3.3120   3.5020   3.6950   3.9050   4.1220   4.3220   4.5440   4.6650   0.0000   0.0000   0.0000   0.0000;
145:  0.2920   0.6350   0.8910   1.1290   1.3870   1.6730   1.9300   2.2930   2.5460   2.7650   2.9950   3.3160   3.5060   3.7000   3.9100   4.1290   4.3320   4.5500   4.6730   0.0000   0.0000   0.0000   0.0000;
146:  0.2920   0.6350   0.8910   1.1290   1.3870   1.6730   1.9300   2.2920   2.5460   2.7660   2.9970   3.3210   3.5110   3.7060   3.9150   4.1360   4.3420   4.5550   4.6820   0.0000   0.0000   0.0000   0.0000;
147:  0.2920   0.6360   0.8910   1.1290   1.3870   1.6730   1.9300   2.2920   2.5470   2.7670   2.9990   3.3260   3.5150   3.7110   3.9200   4.1420   4.3510   4.5610   4.6910   4.9050   0.0000   0.0000   0.0000;
148:  0.2920   0.6360   0.8910   1.1290   1.3870   1.6730   1.9300   2.2920   2.5480   2.7670   3.0020   3.3310   3.5200   3.7160   3.9240   4.1480   4.3600   4.5670   4.7000   4.9140   5.0080   0.0000   0.0000;
149:  0.2930   0.6360   0.8910   1.1290   1.3870   1.6740   1.9300   2.2910   2.5480   2.7680   3.0040   3.3350   3.5240   3.7210   3.9290   4.1530   4.3680   4.5730   4.7100   4.9240   5.0180   0.0000   0.0000;
150:  0.2930   0.6370   0.8900   1.1290   1.3870   1.6740   1.9310   2.2910   2.5490   2.7680   3.0060   3.3390   3.5290   3.7250   3.9320   4.1580   4.3750   4.5790   4.7190   4.9340   5.0310   0.0000   0.0000;
151:  0.2930   0.6370   0.8900   1.1290   1.3880   1.6740   1.9310   2.2910   2.5490   2.7690   3.0080   3.3440   3.5330   3.7300   3.9360   4.1620   4.3820   4.5850   4.7290   4.9450   5.0470   0.0000   0.0000;
152:  0.2920   0.6380   0.8900   1.1290   1.3880   1.6740   1.9310   2.2910   2.5500   2.7690   3.0100   3.3480   3.5380   3.7340   3.9390   4.1660   4.3870   4.5910   4.7390   4.9570   5.0660   0.0000   0.0000;
153:  0.2920   0.6380   0.8900   1.1290   1.3880   1.6750   1.9310   2.2910   2.5510   2.7690   3.0120   3.3510   3.5420   3.7380   3.9420   4.1690   4.3930   4.5960   4.7490   4.9680   5.0850   0.0000   0.0000;
154:  0.2920   0.6380   0.8900   1.1290   1.3880   1.6750   1.9310   2.2910   2.5510   2.7700   3.0150   3.3550   3.5460   3.7410   3.9450   4.1720   4.3970   4.6020   4.7590   4.9790   5.1040   0.0000   0.0000;
155:  0.2920   0.6380   0.8900   1.1290   1.3880   1.6750   1.9320   2.2920   2.5510   2.7700   3.0160   3.3590   3.5510   3.7450   3.9470   4.1740   4.4010   4.6070   4.7690   4.9910   5.1230   5.2520   0.0000;
156:  0.2920   0.6390   0.8890   1.1290   1.3890   1.6750   1.9320   2.2920   2.5520   2.7700   3.0180   3.3620   3.5550   3.7480   3.9490   4.1760   4.4040   4.6120   4.7790   5.0020   5.1400   5.2690   0.0000;
157:  0.2910   0.6390   0.8890   1.1280   1.3890   1.6750   1.9320   2.2920   2.5520   2.7700   3.0200   3.3650   3.5590   3.7510   3.9510   4.1770   4.4070   4.6170   4.7880   5.0150   5.1560   5.2900   0.0000;
158:  0.2910   0.6390   0.8890   1.1280   1.3890   1.6750   1.9320   2.2930   2.5530   2.7700   3.0220   3.3680   3.5630   3.7540   3.9520   4.1780   4.4090   4.6210   4.7970   5.0280   5.1710   5.3120   0.0000;
159:  0.2910   0.6400   0.8890   1.1280   1.3890   1.6750   1.9330   2.2930   2.5530   2.7700   3.0240   3.3710   3.5670   3.7560   3.9540   4.1790   4.4100   4.6250   4.8050   5.0420   5.1850   5.3350   0.0000;
160:  0.2900   0.6400   0.8890   1.1280   1.3890   1.6750   1.9330   2.2940   2.5530   2.7700   3.0250   3.3730   3.5700   3.7580   3.9550   4.1790   4.4110   4.6290   4.8140   5.0560   5.1970   5.3570   0.0000;
161:  0.2900   0.6400   0.8890   1.1280   1.3890   1.6760   1.9330   2.2940   2.5530   2.7700   3.0270   3.3760   3.5740   3.7600   3.9550   4.1800   4.4110   4.6330   4.8210   5.0720   5.2100   5.3780   0.0000;
162:  0.2890   0.6400   0.8890   1.1270   1.3890   1.6760   1.9330   2.2950   2.5530   2.7700   3.0280   3.3780   3.5770   3.7620   3.9560   4.1800   4.4110   4.6360   4.8280   5.0890   5.2220   5.3960   0.0000;
163:  0.2890   0.6400   0.8890   1.1270   1.3890   1.6760   1.9330   2.2960   2.5530   2.7700   3.0300   3.3800   3.5810   3.7640   3.9570   4.1790   4.4110   4.6380   4.8350   5.1070   5.2350   5.4140   0.0000;
164:  0.2880   0.6400   0.8890   1.1270   1.3900   1.6760   1.9340   2.2960   2.5530   2.7700   3.0310   3.3810   3.5840   3.7650   3.9570   4.1790   4.4100   4.6400   4.8400   5.1250   5.2500   5.4290   0.0000;
165:  0.2880   0.6400   0.8890   1.1270   1.3900   1.6760   1.9340   2.2970   2.5530   2.7700   3.0320   3.3830   3.5870   3.7670   3.9570   4.1780   4.4090   4.6420   4.8450   5.1430   5.2650   5.4440   0.0000;
166:  0.2870   0.6400   0.8890   1.1270   1.3900   1.6760   1.9340   2.2980   2.5520   2.7700   3.0330   3.3840   3.5890   3.7680   3.9570   4.1780   4.4080   4.6430   4.8500   5.1600   5.2820   5.4590   0.0000;
167:  0.2870   0.6400   0.8890   1.1270   1.3900   1.6760   1.9340   2.2980   2.5520   2.7700   3.0340   3.3850   3.5920   3.7690   3.9570   4.1770   4.4070   4.6440   4.8530   5.1770   5.3000   5.4740   0.0000;
168:  0.2860   0.6400   0.8880   1.1270   1.3900   1.6760   1.9340   2.2990   2.5510   2.7700   3.0350   3.3870   3.5940   3.7700   3.9570   4.1760   4.4050   4.6440   4.8560   5.1930   5.3200   5.4910   0.0000;
169:  0.2850   0.6400   0.8880   1.1270   1.3900   1.6760   1.9340   2.3000   2.5510   2.7700   3.0350   3.3870   3.5960   3.7700   3.9570   4.1760   4.4040   4.6440   4.8590   5.2070   5.3400   5.5100   0.0000;
170:  0.2850   0.6400   0.8880   1.1260   1.3900   1.6760   1.9340   2.3000   2.5510   2.7700   3.0360   3.3880   3.5980   3.7710   3.9570   4.1750   4.4020   4.6440   4.8600   5.2190   5.3610   5.5310   0.0000;
171:  0.2840   0.6390   0.8880   1.1260   1.3900   1.6760   1.9330   2.3010   2.5500   2.7700   3.0360   3.3890   3.5990   3.7710   3.9570   4.1740   4.4010   4.6430   4.8610   5.2280   5.3820   5.5550   0.0000;
172:  0.2840   0.6390   0.8880   1.1260   1.3900   1.6760   1.9330   2.3010   2.5490   2.7700   3.0360   3.3890   3.6000   3.7720   3.9570   4.1730   4.3990   4.6420   4.8610   5.2350   5.4010   5.5810   0.0000;
173:  0.2840   0.6390   0.8890   1.1260   1.3900   1.6760   1.9330   2.3020   2.5490   2.7700   3.0360   3.3900   3.6010   3.7720   3.9570   4.1730   4.3980   4.6400   4.8610   5.2400   5.4200   5.6080   0.0000;
174:  0.2830   0.6390   0.8890   1.1260   1.3900   1.6760   1.9330   2.3020   2.5480   2.7700   3.0360   3.3900   3.6020   3.7720   3.9560   4.1720   4.3960   4.6380   4.8600   5.2420   5.4370   5.6360   0.0000;
175:  0.2830   0.6380   0.8890   1.1260   1.3900   1.6760   1.9320   2.3020   2.5470   2.7690   3.0360   3.3910   3.6030   3.7720   3.9560   4.1720   4.3950   4.6360   4.8580   5.2420   5.4520   5.6630   0.0000;
176:  0.2820   0.6380   0.8890   1.1260   1.3900   1.6760   1.9320   2.3020   2.5470   2.7690   3.0360   3.3910   3.6030   3.7720   3.9560   4.1710   4.3940   4.6330   4.8560   5.2400   5.4660   5.6880   0.0000;
177:  0.2820   0.6380   0.8890   1.1260   1.3900   1.6760   1.9320   2.3020   2.5460   2.7690   3.0360   3.3910   3.6030   3.7720   3.9560   4.1710   4.3930   4.6300   4.8540   5.2360   5.4770   5.7100   0.0000;
178:  0.2820   0.6380   0.8890   1.1260   1.3900   1.6750   1.9310   2.3020   2.5450   2.7690   3.0350   3.3910   3.6030   3.7710   3.9550   4.1710   4.3920   4.6270   4.8510   5.2320   5.4870   5.7290   0.0000;
179:  0.2820   0.6370   0.8890   1.1260   1.3900   1.6750   1.9310   2.3020   2.5440   2.7690   3.0350   3.3910   3.6020   3.7710   3.9550   4.1700   4.3910   4.6240   4.8480   5.2270   5.4950   5.7430   0.0000;
180:  0.2820   0.6370   0.8890   1.1270   1.3900   1.6750   1.9300   2.3020   2.5430   2.7680   3.0340   3.3910   3.6020   3.7700   3.9540   4.1700   4.3900   4.6200   4.8450   5.2220   5.5020   5.7530   0.0000;
181:  0.2820   0.6370   0.8890   1.1270   1.3900   1.6750   1.9290   2.3010   2.5430   2.7680   3.0330   3.3910   3.6010   3.7700   3.9540   4.1700   4.3890   4.6170   4.8410   5.2180   5.5080   5.7580   5.9330;
182:  0.2820   0.6370   0.8890   1.1270   1.3900   1.6750   1.9290   2.3010   2.5420   2.7680   3.0320   3.3910   3.6000   3.7690   3.9530   4.1690   4.3870   4.6130   4.8370   5.2140   5.5130   5.7580   5.9540;
183:  0.2820   0.6360   0.8890   1.1270   1.3900   1.6740   1.9280   2.3000   2.5410   2.7670   3.0310   3.3900   3.5990   3.7680   3.9530   4.1690   4.3860   4.6090   4.8340   5.2110   5.5170   5.7540   5.9720;
184:  0.2820   0.6360   0.8890   1.1270   1.3890   1.6740   1.9270   2.3000   2.5400   2.7670   3.0300   3.3900   3.5970   3.7670   3.9520   4.1680   4.3850   4.6050   4.8300   5.2080   5.5200   5.7470   5.9860;
185:  0.2820   0.6360   0.8890   1.1260   1.3890   1.6740   1.9260   2.2990   2.5390   2.7660   3.0290   3.3900   3.5960   3.7660   3.9510   4.1670   4.3840   4.6020   4.8260   5.2070   5.5220   5.7380   5.9960;
186:  0.2820   0.6360   0.8890   1.1260   1.3890   1.6730   1.9250   2.2980   2.5380   2.7650   3.0280   3.3890   3.5940   3.7650   3.9500   4.1660   4.3830   4.5980   4.8220   5.2050   5.5230   5.7270   6.0000;
187:  0.2820   0.6360   0.8890   1.1260   1.3890   1.6730   1.9240   2.2960   2.5370   2.7640   3.0270   3.3890   3.5920   3.7640   3.9480   4.1650   4.3810   4.5940   4.8180   5.2030   5.5220   5.7140   5.9980;
188:  0.2820   0.6360   0.8890   1.1260   1.3890   1.6730   1.9230   2.2950   2.5360   2.7640   3.0250   3.3880   3.5910   3.7620   3.9470   4.1640   4.3800   4.5900   4.8150   5.2010   5.5200   5.7010   5.9890;
189:  0.2820   0.6350   0.8890   1.1260   1.3890   1.6720   1.9220   2.2940   2.5360   2.7620   3.0240   3.3870   3.5890   3.7610   3.9450   4.1630   4.3780   4.5870   4.8110   5.1970   5.5160   5.6880   5.9740;
190:  0.2820   0.6350   0.8890   1.1260   1.3890   1.6720   1.9210   2.2930   2.5350   2.7610   3.0220   3.3860   3.5870   3.7590   3.9440   4.1610   4.3760   4.5830   4.8080   5.1920   5.5100   5.6740   5.9540;
191:  0.2830   0.6350   0.8890   1.1250   1.3880   1.6710   1.9200   2.2910   2.5340   2.7600   3.0210   3.3850   3.5840   3.7570   3.9420   4.1590   4.3730   4.5790   4.8050   5.1860   5.5010   5.6600   5.9290;
192:  0.2830   0.6350   0.8890   1.1250   1.3880   1.6710   1.9190   2.2900   2.5330   2.7590   3.0190   3.3840   3.5820   3.7550   3.9400   4.1570   4.3710   4.5760   4.8020   5.1770   5.4910   5.6450   5.9010;
193:  0.2830   0.6350   0.8890   1.1250   1.3880   1.6710   1.9180   2.2880   2.5320   2.7580   3.0170   3.3830   3.5800   3.7530   3.9370   4.1540   4.3680   4.5730   4.7990   5.1660   5.4780   5.6310   5.8720;
194:  0.2830   0.6350   0.8890   1.1240   1.3870   1.6700   1.9170   2.2870   2.5310   2.7560   3.0150   3.3820   3.5780   3.7510   3.9350   4.1520   4.3650   4.5690   4.7960   5.1530   5.4640   5.6150   5.8440;
195:  0.2830   0.6350   0.8890   1.1240   1.3870   1.6690   1.9160   2.2850   2.5300   2.7550   3.0130   3.3800   3.5750   3.7490   3.9320   4.1490   4.3620   4.5660   4.7940   5.1380   5.4480   5.5990   5.8180;
196:  0.2840   0.6350   0.8890   1.1240   1.3870   1.6690   1.9140   2.2840   2.5290   2.7530   3.0110   3.3790   3.5730   3.7460   3.9290   4.1450   4.3580   4.5630   4.7920   5.1210   5.4320   5.5820   5.7950;
197:  0.2840   0.6350   0.8890   1.1230   1.3870   1.6680   1.9130   2.2820   2.5280   2.7510   3.0090   3.3770   3.5710   3.7440   3.9260   4.1420   4.3540   4.5600   4.7900   5.1030   5.4150   5.5660   5.7760;
198:  0.2840   0.6350   0.8880   1.1220   1.3860   1.6680   1.9120   2.2800   2.5270   2.7500   3.0070   3.3750   3.5680   3.7410   3.9230   4.1380   4.3500   4.5580   4.7880   5.0850   5.4000   5.5490   5.7620;
199:  0.2840   0.6350   0.8880   1.1220   1.3860   1.6670   1.9110   2.2790   2.5260   2.7480   3.0050   3.3730   3.5660   3.7380   3.9190   4.1340   4.3460   4.5550   4.7860   5.0670   5.3850   5.5340   5.7500;
200:  0.2840   0.6340   0.8880   1.1210   1.3850   1.6670   1.9100   2.2770   2.5250   2.7460   3.0030   3.3700   3.5640   3.7350   3.9160   4.1300   4.3420   4.5520   4.7840   5.0490   5.3730   5.5190   5.7420;
201:  0.2840   0.6340   0.8870   1.1200   1.3850   1.6660   1.9090   2.2760   2.5230   2.7440   3.0010   3.3680   3.5610   3.7320   3.9120   4.1260   4.3370   4.5500   4.7830   5.0340   5.3620   5.5060   5.7360;
202:  0.2840   0.6340   0.8870   1.1200   1.3850   1.6650   1.9070   2.2740   2.5220   2.7420   2.9980   3.3650   3.5580   3.7290   3.9090   4.1210   4.3330   4.5470   4.7810   5.0200   5.3530   5.4950   5.7310;
203:  0.2840   0.6340   0.8870   1.1190   1.3840   1.6650   1.9060   2.2730   2.5210   2.7400   2.9960   3.3620   3.5560   3.7250   3.9050   4.1170   4.3280   4.5450   4.7790   5.0080   5.3460   5.4860   5.7250;
204:  0.2830   0.6340   0.8860   1.1180   1.3840   1.6640   1.9050   2.2710   2.5200   2.7380   2.9940   3.3590   3.5540   3.7220   3.9010   4.1120   4.3230   4.5420   4.7780   5.0000   5.3400   5.4790   5.7180;
205:  0.2830   0.6340   0.8860   1.1180   1.3840   1.6640   1.9040   2.2700   2.5180   2.7370   2.9910   3.3560   3.5510   3.7190   3.8980   4.1070   4.3180   4.5400   4.7760   4.9940   5.3360   5.4730   0.0000;
206:  0.2830   0.6330   0.8860   1.1170   1.3830   1.6630   1.9040   2.2680   2.5170   2.7350   2.9890   3.3520   3.5480   3.7160   3.8940   4.1020   4.3140   4.5380   4.7740   4.9900   5.3300   5.4670   0.0000;
207:  0.2830   0.6330   0.8850   1.1160   1.3830   1.6630   1.9030   2.2670   2.5160   2.7330   2.9860   3.3490   3.5460   3.7120   3.8900   4.0980   4.3090   4.5350   4.7720   4.9890   5.3240   5.4610   0.0000;
208:  0.2820   0.6330   0.8850   1.1160   1.3820   1.6620   1.9020   2.2660   2.5150   2.7310   2.9840   3.3450   3.5430   3.7090   3.8870   4.0930   4.3040   4.5330   4.7690   4.9900   5.3160   0.0000   0.0000;
209:  0.2820   0.6330   0.8850   1.1150   1.3820   1.6610   1.9010   2.2650   2.5130   2.7290   2.9820   3.3410   3.5400   3.7050   3.8830   4.0880   4.3000   4.5300   4.7670   4.9930   5.3060   0.0000   0.0000;
210:  0.2820   0.6330   0.8840   1.1140   1.3810   1.6610   1.9000   2.2640   2.5120   2.7270   2.9790   3.3370   3.5380   3.7020   3.8800   4.0840   4.2950   4.5280   4.7640   4.9950   5.2930   0.0000   0.0000;
211:  0.2810   0.6320   0.8840   1.1140   1.3810   1.6600   1.8990   2.2630   2.5110   2.7250   2.9770   3.3330   3.5350   3.6990   3.8760   4.0790   4.2910   4.5250   4.7610   4.9980   5.2760   0.0000   0.0000;
212:  0.2810   0.6320   0.8830   1.1130   1.3800   1.6600   1.8990   2.2620   2.5090   2.7240   2.9740   3.3290   3.5320   3.6950   3.8730   4.0750   4.2870   4.5230   4.7580   5.0000   5.2550   0.0000   0.0000;
213:  0.2810   0.6320   0.8830   1.1130   1.3800   1.6590   1.8980   2.2610   2.5080   2.7220   2.9720   3.3250   3.5290   3.6920   3.8700   4.0700   4.2840   4.5200   4.7540   5.0010   5.2310   0.0000   0.0000;
214:  0.2800   0.6310   0.8830   1.1120   1.3800   1.6580   1.8970   2.2600   2.5070   2.7200   2.9700   3.3210   3.5260   3.6890   3.8670   4.0660   4.2800   4.5170   4.7500   5.0000   5.2040   0.0000   0.0000;
215:  0.2800   0.6310   0.8820   1.1120   1.3790   1.6580   1.8970   2.2600   2.5050   2.7190   2.9670   3.3160   3.5230   3.6860   3.8640   4.0620   4.2760   4.5140   4.7460   4.9980   5.1750   0.0000   0.0000;
216:  0.2800   0.6310   0.8820   1.1110   1.3790   1.6570   1.8960   2.2590   2.5040   2.7180   2.9650   3.3120   3.5200   3.6830   3.8620   4.0580   4.2730   4.5110   4.7410   4.9920   5.1450   0.0000   0.0000;
217:  0.2790   0.6310   0.8820   1.1110   1.3790   1.6560   1.8960   2.2580   2.5030   2.7160   2.9630   3.3080   3.5170   3.6800   3.8590   4.0550   4.2700   4.5070   4.7370   4.9850   0.0000   0.0000   0.0000;
218:  0.2790   0.6300   0.8820   1.1110   1.3780   1.6560   1.8960   2.2580   2.5010   2.7150   2.9610   3.3040   3.5140   3.6770   3.8570   4.0510   4.2680   4.5040   4.7320   4.9760   0.0000   0.0000   0.0000;
219:  0.2790   0.6300   0.8810   1.1100   1.3780   1.6550   1.8950   2.2570   2.5000   2.7140   2.9590   3.2990   3.5110   3.6740   3.8550   4.0480   4.2650   4.5000   4.7260   4.9650   0.0000   0.0000   0.0000;
220:  0.2790   0.6300   0.8810   1.1100   1.3780   1.6540   1.8950   2.2570   2.4990   2.7130   2.9570   3.2950   3.5070   3.6710   3.8530   4.0450   4.2630   4.4970   4.7210   4.9530   0.0000   0.0000   0.0000;
221:  0.2780   0.6290   0.8810   1.1100   1.3780   1.6540   1.8950   2.2560   2.4980   2.7120   2.9550   3.2910   3.5040   3.6680   3.8510   4.0420   4.2610   4.4930   4.7150   0.0000   0.0000   0.0000   0.0000;
222:  0.2780   0.6290   0.8810   1.1100   1.3780   1.6530   1.8950   2.2560   2.4970   2.7110   2.9540   3.2870   3.5010   3.6650   3.8500   4.0390   4.2590   4.4890   4.7100   0.0000   0.0000   0.0000   0.0000;
223:  0.2780   0.6290   0.8810   1.1100   1.3780   1.6530   1.8940   2.2560   2.4960   2.7100   2.9520   3.2830   3.4970   3.6630   3.8480   4.0370   4.2570   4.4850   4.7040   0.0000   0.0000   0.0000   0.0000;
224:  0.2780   0.6290   0.8810   1.1100   1.3770   1.6520   1.8940   2.2550   2.4950   2.7090   2.9500   3.2800   3.4940   3.6600   3.8470   4.0340   4.2550   4.4810   4.6980   0.0000   0.0000   0.0000   0.0000;
225:  0.2780   0.6280   0.8810   1.1110   1.3770   1.6510   1.8940   2.2550   2.4940   2.7080   2.9490   3.2760   3.4900   3.6580   3.8450   4.0320   4.2530   4.4760   4.6920   0.0000   0.0000   0.0000   0.0000;
226:  0.2780   0.6280   0.8810   1.1110   1.3770   1.6510   1.8940   2.2550   2.4930   2.7070   2.9480   3.2730   3.4860   3.6550   3.8440   4.0290   4.2510   4.4720   4.6860   0.0000   0.0000   0.0000   0.0000;
227:  0.2780   0.6280   0.8810   1.1110   1.3770   1.6500   1.8940   2.2550   2.4920   2.7060   2.9460   3.2690   3.4830   3.6530   3.8430   4.0270   4.2490   4.4670   4.6810   0.0000   0.0000   0.0000   0.0000;
228:  0.2790   0.6280   0.8810   1.1110   1.3770   1.6490   1.8940   2.2540   2.4920   2.7060   2.9450   3.2660   3.4790   3.6510   3.8410   4.0250   4.2470   4.4630   4.6750   0.0000   0.0000   0.0000   0.0000;
229:  0.2790   0.6270   0.8820   1.1120   1.3770   1.6490   1.8940   2.2540   2.4910   2.7050   2.9440   3.2630   3.4760   3.6480   3.8400   4.0220   4.2450   4.4580   4.6690   0.0000   0.0000   0.0000   0.0000;
230:  0.2790   0.6270   0.8820   1.1120   1.3770   1.6480   1.8940   2.2540   2.4900   2.7040   2.9430   3.2600   3.4720   3.6460   3.8390   4.0200   4.2430   4.4530   4.6640   0.0000   0.0000   0.0000   0.0000;
231:  0.2790   0.6270   0.8820   1.1130   1.3780   1.6470   1.8940   2.2530   2.4900   2.7040   2.9420   3.2580   3.4680   3.6440   3.8370   4.0180   4.2410   4.4490   4.6590   0.0000   0.0000   0.0000   0.0000;
232:  0.2800   0.6270   0.8820   1.1130   1.3780   1.6470   1.8940   2.2530   2.4890   2.7030   2.9410   3.2550   3.4650   3.6410   3.8360   4.0160   4.2390   4.4440   4.6540   0.0000   0.0000   0.0000   0.0000;
233:  0.2800   0.6270   0.8820   1.1130   1.3780   1.6460   1.8940   2.2530   2.4890   2.7020   2.9400   3.2530   3.4610   3.6390   3.8340   4.0130   4.2360   4.4390   4.6490   0.0000   0.0000   0.0000   0.0000;
234:  0.2800   0.6270   0.8830   1.1140   1.3780   1.6460   1.8940   2.2530   2.4880   2.7020   2.9390   3.2510   3.4580   3.6360   3.8320   4.0110   4.2340   4.4350   4.6450   0.0000   0.0000   0.0000   0.0000;
235:  0.2810   0.6270   0.8830   1.1140   1.3780   1.6450   1.8940   2.2520   2.4880   2.7010   2.9380   3.2490   3.4540   3.6340   3.8310   4.0080   4.2310   4.4300   4.6400   0.0000   0.0000   0.0000   0.0000;
236:  0.2810   0.6270   0.8830   1.1150   1.3780   1.6450   1.8940   2.2520   2.4870   2.7000   2.9380   3.2470   3.4510   3.6310   3.8290   4.0050   4.2280   4.4250   4.6370   0.0000   0.0000   0.0000   0.0000;
237:  0.2820   0.6270   0.8840   1.1150   1.3780   1.6440   1.8940   2.2520   2.4870   2.6990   2.9370   3.2450   3.4480   3.6290   3.8270   4.0030   4.2240   4.4210   4.6330   0.0000   0.0000   0.0000   0.0000;
238:  0.2820   0.6270   0.8840   1.1160   1.3780   1.6440   1.8940   2.2510   2.4870   2.6980   2.9360   3.2430   3.4440   3.6260   3.8240   4.0000   4.2210   4.4170   4.6300   0.0000   0.0000   0.0000   0.0000;
239:  0.2820   0.6270   0.8840   1.1160   1.3780   1.6440   1.8940   2.2510   2.4860   2.6980   2.9360   3.2420   3.4410   3.6240   3.8220   3.9970   4.2180   4.4130   4.6270   0.0000   0.0000   0.0000   0.0000;
240:  0.2830   0.6270   0.8850   1.1160   1.3780   1.6440   1.8940   2.2510   2.4860   2.6970   2.9350   3.2400   3.4380   3.6210   3.8200   3.9940   4.2140   4.4090   4.6240   0.0000   0.0000   0.0000   0.0000;
241:  0.2830   0.6270   0.8850   1.1170   1.3790   1.6430   1.8940   2.2500   2.4860   2.6960   2.9340   3.2390   3.4350   3.6180   3.8170   3.9910   4.2100   4.4050   4.6210   0.0000   0.0000   0.0000   0.0000;
242:  0.2840   0.6270   0.8850   1.1170   1.3790   1.6430   1.8940   2.2500   2.4850   2.6950   2.9330   3.2380   3.4330   3.6160   3.8140   3.9880   4.2060   4.4010   4.6190   0.0000   0.0000   0.0000   0.0000;
243:  0.2840   0.6270   0.8850   1.1180   1.3790   1.6430   1.8940   2.2500   2.4850   2.6940   2.9330   3.2370   3.4300   3.6130   3.8120   3.9850   4.2020   4.3970   4.6160   0.0000   0.0000   0.0000   0.0000;
244:  0.2840   0.6270   0.8860   1.1180   1.3790   1.6430   1.8940   2.2490   2.4850   2.6930   2.9320   3.2360   3.4270   3.6100   3.8090   3.9820   4.1990   4.3940   4.6150   0.0000   0.0000   0.0000   0.0000;
245:  0.2840   0.6270   0.8860   1.1180   1.3790   1.6430   1.8950   2.2490   2.4840   2.6920   2.9310   3.2350   3.4250   3.6070   3.8060   3.9790   4.1950   4.3910   4.6130   0.0000   0.0000   0.0000   0.0000;
246:  0.2850   0.6270   0.8860   1.1180   1.3790   1.6430   1.8950   2.2490   2.4840   2.6910   2.9310   3.2340   3.4230   3.6050   3.8030   3.9760   4.1910   4.3880   4.6110   0.0000   0.0000   0.0000   0.0000;
247:  0.2850   0.6270   0.8870   1.1190   1.3790   1.6430   1.8950   2.2490   2.4840   2.6900   2.9300   3.2330   3.4200   3.6020   3.8000   3.9730   4.1880   4.3850   4.6090   0.0000   0.0000   0.0000   0.0000;
248:  0.2850   0.6270   0.8870   1.1190   1.3790   1.6430   1.8950   2.2480   2.4840   2.6890   2.9290   3.2320   3.4180   3.5990   3.7970   3.9700   4.1840   4.3820   4.6070   0.0000   0.0000   0.0000   0.0000;
249:  0.2850   0.6270   0.8870   1.1190   1.3790   1.6430   1.8950   2.2480   2.4830   2.6870   2.9280   3.2310   3.4160   3.5960   3.7940   3.9670   4.1810   4.3800   4.6050   0.0000   0.0000   0.0000   0.0000;
250:  0.2850   0.6270   0.8870   1.1190   1.3790   1.6440   1.8960   2.2480   2.4830   2.6860   2.9270   3.2290   3.4140   3.5930   3.7910   3.9640   4.1780   4.3780   4.6040   0.0000   0.0000   0.0000   0.0000;
251:  0.2850   0.6270   0.8870   1.1200   1.3790   1.6440   1.8960   2.2480   2.4830   2.6850   2.9270   3.2290   3.4130   3.5910   3.7890   3.9620   4.1760   4.3760   4.6020   0.0000   0.0000   0.0000   0.0000;
252:  0.2850   0.6270   0.8870   1.1200   1.3790   1.6440   1.8960   2.2470   2.4820   2.6840   2.9260   3.2270   3.4110   3.5880   3.7860   3.9590   4.1740   4.3740   4.5990   0.0000   0.0000   0.0000   0.0000;
253:  0.2850   0.6270   0.8870   1.1200   1.3780   1.6450   1.8970   2.2470   2.4820   2.6840   2.9250   3.2260   3.4090   3.5850   3.7840   3.9570   4.1720   4.3730   4.5970   0.0000   0.0000   0.0000   0.0000;
254:  0.2850   0.6270   0.8870   1.1200   1.3780   1.6450   1.8980   2.2470   2.4820   2.6830   2.9240   3.2250   3.4080   3.5830   3.7820   3.9560   4.1700   4.3710   4.5950   0.0000   0.0000   0.0000   0.0000;
255:  0.2850   0.6270   0.8870   1.1200   1.3780   1.6460   1.8980   2.2470   2.4810   2.6820   2.9230   3.2240   3.4060   3.5800   3.7800   3.9540   4.1690   4.3700   4.5920   0.0000   0.0000   0.0000   0.0000;
256:  0.2850   0.6270   0.8870   1.1200   1.3780   1.6460   1.8990   2.2470   2.4810   2.6810   2.9230   3.2230   3.4050   3.5780   3.7780   3.9530   4.1690   4.3690   4.5890   0.0000   0.0000   0.0000   0.0000;
257:  0.2850   0.6270   0.8880   1.1200   1.3780   1.6470   1.9000   2.2470   2.4810   2.6810   2.9220   3.2220   3.4040   3.5760   3.7760   3.9510   4.1690   4.3680   4.5850   0.0000   0.0000   0.0000   0.0000;
258:  0.2840   0.6270   0.8880   1.1200   1.3780   1.6470   1.9000   2.2470   2.4810   2.6800   2.9210   3.2210   3.4020   3.5740   3.7750   3.9510   4.1690   4.3670   4.5820   0.0000   0.0000   0.0000   0.0000;
259:  0.2840   0.6270   0.8880   1.1200   1.3780   1.6480   1.9010   2.2470   2.4800   2.6800   2.9210   3.2200   3.4010   3.5720   3.7730   3.9500   4.1690   4.3660   4.5780   0.0000   0.0000   0.0000   0.0000;
260:  0.2840   0.6270   0.8880   1.1200   1.3780   1.6490   1.9020   2.2470   2.4800   2.6800   2.9200   3.2180   3.4000   3.5710   3.7730   3.9500   4.1700   4.3650   4.5740   0.0000   0.0000   0.0000   0.0000;
261:  0.2840   0.6270   0.8880   1.1200   1.3780   1.6490   1.9030   2.2470   2.4800   2.6800   2.9200   3.2170   3.3990   3.5690   3.7720   3.9500   4.1710   4.3650   4.5700   0.0000   0.0000   0.0000   0.0000;
262:  0.2830   0.6280   0.8880   1.1210   1.3770   1.6500   1.9040   2.2470   2.4800   2.6800   2.9200   3.2160   3.3980   3.5670   3.7710   3.9500   4.1730   4.3650   4.5650   0.0000   0.0000   0.0000   0.0000;
263:  0.2830   0.6280   0.8880   1.1210   1.3770   1.6510   1.9050   2.2470   2.4800   2.6800   2.9200   3.2150   3.3970   3.5660   3.7710   3.9510   4.1750   4.3640   4.5600   0.0000   0.0000   0.0000   0.0000;
264:  0.2830   0.6280   0.8880   1.1210   1.3770   1.6520   1.9060   2.2470   2.4800   2.6800   2.9190   3.2140   3.3960   3.5650   3.7710   3.9510   4.1770   4.3640   4.5550   0.0000   0.0000   0.0000   0.0000;
265:  0.2830   0.6280   0.8880   1.1210   1.3770   1.6530   1.9070   2.2470   2.4800   2.6810   2.9190   3.2130   3.3960   3.5640   3.7710   3.9520   4.1790   4.3640   4.5500   0.0000   0.0000   0.0000   0.0000;
266:  0.2820   0.6280   0.8880   1.1220   1.3770   1.6530   1.9080   2.2470   2.4810   2.6820   2.9200   3.2110   3.3950   3.5640   3.7720   3.9530   4.1810   4.3630   4.5450   0.0000   0.0000   0.0000   0.0000;
267:  0.2820   0.6280   0.8880   1.1220   1.3770   1.6540   1.9090   2.2470   2.4810   2.6820   2.9200   3.2100   3.3940   3.5630   3.7720   3.9540   4.1840   4.3630   4.5390   0.0000   0.0000   0.0000   0.0000;
268:  0.2820   0.6290   0.8880   1.1220   1.3770   1.6550   1.9100   2.2470   2.4810   2.6830   2.9200   3.2090   3.3930   3.5630   3.7730   3.9560   4.1860   4.3630   4.5340   0.0000   0.0000   0.0000   0.0000;
269:  0.2820   0.6290   0.8880   1.1220   1.3780   1.6560   1.9110   2.2470   2.4820   2.6840   2.9210   3.2080   3.3930   3.5620   3.7730   3.9570   4.1880   4.3630   4.5280   0.0000   0.0000   0.0000   0.0000;
270:  0.2810   0.6290   0.8880   1.1230   1.3780   1.6560   1.9120   2.2480   2.4820   2.6850   2.9210   3.2070   3.3920   3.5620   3.7740   3.9580   4.1900   4.3620   4.5220   0.0000   0.0000   0.0000   0.0000;
271:  0.2810   0.6290   0.8880   1.1230   1.3780   1.6570   1.9130   2.2480   2.4830   2.6870   2.9220   3.2070   3.3910   3.5620   3.7750   3.9600   4.1920   4.3620   4.5170   0.0000   0.0000   0.0000   0.0000;
272:  0.2810   0.6290   0.8880   1.1240   1.3780   1.6580   1.9150   2.2480   2.4830   2.6880   2.9230   3.2060   3.3910   3.5630   3.7760   3.9610   4.1940   4.3620   4.5110   0.0000   0.0000   0.0000   0.0000;
273:  0.2810   0.6300   0.8880   1.1240   1.3780   1.6580   1.9150   2.2490   2.4840   2.6900   2.9240   3.2050   3.3910   3.5630   3.7770   3.9620   4.1950   4.3610   4.5060   0.0000   0.0000   0.0000   0.0000;
274:  0.2800   0.6300   0.8880   1.1250   1.3790   1.6590   1.9160   2.2490   2.4850   2.6910   2.9250   3.2040   3.3900   3.5640   3.7780   3.9640   4.1960   4.3610   4.5010   0.0000   0.0000   0.0000   0.0000;
275:  0.2800   0.6300   0.8890   1.1250   1.3790   1.6600   1.9170   2.2490   2.4850   2.6930   2.9260   3.2040   3.3900   3.5640   3.7790   3.9650   4.1960   4.3610   4.4960   0.0000   0.0000   0.0000   0.0000;
276:  0.2800   0.6300   0.8890   1.1260   1.3800   1.6600   1.9180   2.2490   2.4860   2.6950   2.9270   3.2040   3.3900   3.5650   3.7800   3.9660   4.1960   4.3600   4.4910   0.0000   0.0000   0.0000   0.0000;
277:  0.2800   0.6310   0.8890   1.1260   1.3800   1.6610   1.9190   2.2500   2.4870   2.6960   2.9280   3.2030   3.3890   3.5650   3.7800   3.9670   4.1960   4.3600   4.4870   0.0000   0.0000   0.0000   0.0000;
278:  0.2800   0.6310   0.8890   1.1270   1.3800   1.6610   1.9200   2.2500   2.4880   2.6980   2.9290   3.2030   3.3890   3.5660   3.7810   3.9670   4.1950   4.3590   4.4830   0.0000   0.0000   0.0000   0.0000;
279:  0.2800   0.6310   0.8890   1.1280   1.3810   1.6620   1.9200   2.2510   2.4890   2.7000   2.9300   3.2030   3.3890   3.5670   3.7820   3.9680   4.1940   4.3590   4.4790   0.0000   0.0000   0.0000   0.0000;
280:  0.2790   0.6310   0.8890   1.1280   1.3820   1.6620   1.9210   2.2510   2.4900   2.7020   2.9320   3.2030   3.3890   3.5680   3.7820   3.9680   4.1920   4.3580   4.4760   0.0000   0.0000   0.0000   0.0000;
281:  0.2790   0.6310   0.8890   1.1290   1.3820   1.6630   1.9210   2.2520   2.4910   2.7030   2.9330   3.2030   3.3900   3.5690   3.7830   3.9690   4.1900   4.3580   4.4730   0.0000   0.0000   0.0000   0.0000;
282:  0.2790   0.6320   0.8890   1.1290   1.3830   1.6640   1.9220   2.2520   2.4920   2.7050   2.9340   3.2030   3.3900   3.5700   3.7830   3.9690   4.1870   4.3570   4.4710   0.0000   0.0000   0.0000   0.0000;
283:  0.2790   0.6320   0.8890   1.1300   1.3840   1.6640   1.9220   2.2530   2.4930   2.7070   2.9360   3.2030   3.3910   3.5710   3.7830   3.9680   4.1840   4.3570   4.4690   0.0000   0.0000   0.0000   0.0000;
284:  0.2790   0.6320   0.8900   1.1310   1.3840   1.6640   1.9220   2.2530   2.4940   2.7080   2.9370   3.2030   3.3910   3.5720   3.7830   3.9680   4.1810   4.3560   4.4670   0.0000   0.0000   0.0000   0.0000;
285:  0.2780   0.6320   0.8900   1.1310   1.3850   1.6650   1.9220   2.2540   2.4950   2.7100   2.9380   3.2040   3.3920   3.5740   3.7830   3.9680   4.1770   4.3560   4.4660   0.0000   0.0000   0.0000   0.0000;
286:  0.2780   0.6330   0.8900   1.1320   1.3860   1.6650   1.9220   2.2550   2.4960   2.7110   2.9390   3.2040   3.3930   3.5750   3.7830   3.9670   4.1730   4.3550   4.4650   0.0000   0.0000   0.0000   0.0000;
287:  0.2780   0.6330   0.8900   1.1320   1.3870   1.6660   1.9220   2.2550   2.4970   2.7130   2.9400   3.2050   3.3930   3.5760   3.7820   3.9670   4.1690   4.3550   4.4650   0.0000   0.0000   0.0000   0.0000;
288:  0.2780   0.6330   0.8900   1.1330   1.3870   1.6670   1.9220   2.2560   2.4980   2.7140   2.9410   3.2060   3.3940   3.5770   3.7820   3.9660   4.1650   4.3550   4.4650   0.0000   0.0000   0.0000   0.0000;
289:  0.2770   0.6330   0.8900   1.1330   1.3880   1.6670   1.9220   2.2570   2.4990   2.7150   2.9420   3.2070   3.3950   3.5780   3.7820   3.9660   4.1600   0.0000   0.0000   0.0000   0.0000   0.0000   0.0000;
290:  0.2770   0.6330   0.8900   1.1340   1.3890   1.6680   1.9220   2.2580   2.5000   2.7170   2.9430   3.2080   3.3970   3.5800   3.7820   3.9650   4.1560   0.0000   0.0000   0.0000   0.0000   0.0000   0.0000;
291:  0.2770   0.6330   0.8900   1.1340   1.3900   1.6680   1.9220   2.2590   2.5010   2.7180   2.9440   3.2090   3.3980   3.5810   3.7810   3.9650   4.1520   0.0000   0.0000   0.0000   0.0000   0.0000   0.0000;
292:  0.2760   0.6330   0.8900   1.1350   1.3910   1.6690   1.9220   2.2600   2.5020   2.7190   2.9450   3.2100   3.4000   3.5820   3.7810   3.9650   4.1480   0.0000   0.0000   0.0000   0.0000   0.0000   0.0000;
293:  0.2760   0.6330   0.8900   1.1350   1.3920   1.6690   1.9220   2.2600   2.5030   2.7200   2.9450   3.2110   3.4010   3.5840   3.7810   3.9650   4.1450   0.0000   0.0000   0.0000   0.0000   0.0000   0.0000;
294:  0.2760   0.6330   0.8900   1.1360   1.3930   1.6700   1.9220   2.2620   2.5040   2.7210   2.9460   3.2130   3.4030   3.5850   3.7810   3.9650   4.1420   0.0000   0.0000   0.0000   0.0000   0.0000   0.0000;
295:  0.2750   0.6330   0.8900   1.1360   1.3930   1.6710   1.9220   2.2620   2.5050   2.7220   2.9470   3.2140   3.4050   3.5870   3.7820   3.9660   4.1390   0.0000   0.0000   0.0000   0.0000   0.0000   0.0000;
296:  0.2750   0.6330   0.8900   1.1360   1.3940   1.6720   1.9220   2.2640   2.5060   2.7220   2.9470   3.2160   3.4070   3.5890   3.7820   3.9670   0.0000   0.0000   0.0000   0.0000   0.0000   0.0000   0.0000;
297:  0.2740   0.6330   0.8900   1.1370   1.3950   1.6720   1.9220   2.2650   2.5070   2.7230   2.9480   3.2170   3.4090   3.5900   3.7830   3.9680   0.0000   0.0000   0.0000   0.0000   0.0000   0.0000   0.0000;
298:  0.2740   0.6330   0.8900   1.1370   1.3960   1.6730   1.9220   2.2660   2.5080   2.7240   2.9490   3.2190   3.4110   3.5920   3.7840   3.9690   0.0000   0.0000   0.0000   0.0000   0.0000   0.0000   0.0000;
299:  0.2730   0.6330   0.8900   1.1380   1.3970   1.6740   1.9220   2.2670   2.5090   2.7250   2.9490   3.2210   3.4130   3.5940   3.7850   3.9710   0.0000   0.0000   0.0000   0.0000   0.0000   0.0000   0.0000;
300:  0.2730   0.6330   0.8900   1.1380   1.3980   1.6750   1.9220   2.2680   2.5100   2.7250   2.9500   3.2230   3.4150   3.5960   3.7870   3.9740   0.0000   0.0000   0.0000   0.0000   0.0000   0.0000   0.0000;
301:  0.2730   0.6330   0.8900   1.1380   1.3980   1.6760   1.9220   2.2690   2.5120   2.7260   2.9510   3.2250   3.4180   3.5980   3.7880   3.9760   0.0000   0.0000   0.0000   0.0000   0.0000   0.0000   0.0000;
302:  0.2720   0.6330   0.8900   1.1390   1.3990   1.6770   1.9230   2.2710   2.5130   2.7270   2.9510   3.2280   3.4200   3.6000   3.7910   3.9800   0.0000   0.0000   0.0000   0.0000   0.0000   0.0000   0.0000;
303:  0.2720   0.6330   0.8900   1.1390   1.4000   1.6780   1.9230   2.2720   2.5140   2.7280   2.9520   3.2300   3.4220   3.6020   3.7930   3.9830   0.0000   0.0000   0.0000   0.0000   0.0000   0.0000   0.0000;
304:  0.2710   0.6330   0.8910   1.1390   1.4010   1.6790   1.9240   2.2730   2.5160   2.7290   2.9530   3.2330   3.4250   3.6040   3.7960   3.9870   0.0000   0.0000   0.0000   0.0000   0.0000   0.0000   0.0000;
305:  0.2710   0.6330   0.8910   1.1400   1.4010   1.6800   1.9240   2.2750   2.5170   2.7300   2.9550   3.2350   3.4270   3.6060   3.7990   3.9920   0.0000   0.0000   0.0000   0.0000   0.0000   0.0000   0.0000;
306:  0.2710   0.6330   0.8910   1.1400   1.4020   1.6820   1.9250   2.2760   2.5190   2.7320   2.9560   3.2380   3.4290   3.6090   3.8020   3.9970   0.0000   0.0000   0.0000   0.0000   0.0000   0.0000   0.0000;
307:  0.2700   0.6330   0.8910   1.1400   1.4030   1.6830   1.9260   2.2770   2.5200   2.7330   2.9570   3.2410   3.4320   3.6110   3.8060   4.0020   0.0000   0.0000   0.0000   0.0000   0.0000   0.0000   0.0000;
308:  0.2700   0.6330   0.8920   1.1410   1.4040   1.6840   1.9270   2.2790   2.5220   2.7350   2.9590   3.2440   3.4340   3.6140   3.8100   4.0070   0.0000   0.0000   0.0000   0.0000   0.0000   0.0000   0.0000;
309:  0.2700   0.6330   0.8920   1.1410   1.4040   1.6850   1.9290   2.2800   2.5240   2.7360   2.9610   3.2470   3.4370   3.6160   3.8140   4.0130   0.0000   0.0000   0.0000   0.0000   0.0000   0.0000   0.0000;
310:  0.2690   0.6330   0.8930   1.1420   1.4050   1.6870   1.9300   2.2820   2.5260   2.7380   2.9630   3.2500   3.4390   3.6190   3.8190   4.0200   0.0000   0.0000   0.0000   0.0000   0.0000   0.0000   0.0000;
311:  0.2690   0.6330   0.8930   1.1420   1.4060   1.6880   1.9320   2.2830   2.5280   2.7410   2.9650   3.2530   3.4420   3.6220   3.8230   4.0260   0.0000   0.0000   0.0000   0.0000   0.0000   0.0000   0.0000;
312:  0.2690   0.6330   0.8940   1.1430   1.4060   1.6900   1.9330   2.2840   2.5300   2.7430   2.9670   3.2570   3.4440   3.6250   3.8280   4.0330   0.0000   0.0000   0.0000   0.0000   0.0000   0.0000   0.0000;
313:  0.2690   0.6340   0.8940   1.1430   1.4070   1.6910   1.9350   2.2860   2.5330   2.7460   2.9700   3.2600   3.4460   3.6280   3.8330   4.0390   0.0000   0.0000   0.0000   0.0000   0.0000   0.0000   0.0000;
314:  0.2690   0.6340   0.8950   1.1440   1.4080   1.6930   1.9370   2.2870   2.5350   2.7490   2.9730   3.2640   3.4480   3.6310   3.8380   4.0460   0.0000   0.0000   0.0000   0.0000   0.0000   0.0000   0.0000;
315:  0.2690   0.6340   0.8960   1.1450   1.4080   1.6940   1.9390   2.2890   2.5380   2.7520   2.9760   3.2670   3.4500   3.6340   3.8420   4.0530   0.0000   0.0000   0.0000   0.0000   0.0000   0.0000   0.0000;
316:  0.2690   0.6340   0.8960   1.1450   1.4090   1.6960   1.9420   2.2910   2.5400   2.7550   2.9800   3.2710   3.4530   3.6360   3.8470   4.0590   0.0000   0.0000   0.0000   0.0000   0.0000   0.0000   0.0000;
317:  0.2690   0.6350   0.8970   1.1460   1.4100   1.6980   1.9440   2.2920   2.5430   2.7590   2.9840   3.2740   3.4550   3.6400   3.8520   4.0660   0.0000   0.0000   0.0000   0.0000   0.0000   0.0000   0.0000;
318:  0.2700   0.6350   0.8980   1.1470   1.4100   1.6990   1.9460   2.2940   2.5460   2.7620   2.9870   3.2780   3.4560   3.6420   3.8560   4.0720   0.0000   0.0000   0.0000   0.0000   0.0000   0.0000   0.0000;
319:  0.2700   0.6350   0.8990   1.1470   1.4110   1.7010   1.9490   2.2960   2.5490   2.7670   2.9920   3.2810   3.4580   3.6450   3.8610   4.0780   0.0000   0.0000   0.0000   0.0000   0.0000   0.0000   0.0000;
320:  0.2700   0.6360   0.9000   1.1480   1.4120   1.7020   1.9510   2.2980   2.5530   2.7710   2.9960   3.2840   3.4600   3.6480   3.8650   4.0840   0.0000   0.0000   0.0000   0.0000   0.0000   0.0000   0.0000;
321:  0.2710   0.6360   0.9010   1.1490   1.4130   1.7040   1.9540   2.2990   2.5560   2.7750   3.0000   3.2880   3.4620   3.6510   3.8690   4.0890   0.0000   0.0000   0.0000   0.0000   0.0000   0.0000   0.0000;
322:  0.2710   0.6360   0.9020   1.1490   1.4130   1.7050   1.9570   2.3010   2.5590   2.7800   3.0050   3.2910   3.4640   3.6540   3.8730   4.0940   0.0000   0.0000   0.0000   0.0000   0.0000   0.0000   0.0000;
323:  0.2710   0.6370   0.9030   1.1500   1.4140   1.7070   1.9600   2.3030   2.5620   2.7840   3.0100   3.2940   3.4650   3.6560   3.8760   4.0990   0.0000   0.0000   0.0000   0.0000   0.0000   0.0000   0.0000;
324:  0.2720   0.6370   0.9040   1.1510   1.4150   1.7090   1.9620   2.3050   2.5660   2.7890   3.0150   3.2970   3.4670   3.6590   3.8800   4.1030   0.0000   0.0000   0.0000   0.0000   0.0000   0.0000   0.0000;
325:  0.2720   0.6380   0.9050   1.1510   1.4150   1.7100   1.9650   2.3070   2.5690   2.7950   3.0200   3.3000   3.4680   3.6620   3.8820   4.1070   0.0000   0.0000   0.0000   0.0000   0.0000   0.0000   0.0000;
326:  0.2730   0.6380   0.9060   1.1520   1.4160   1.7120   1.9680   2.3090   2.5730   2.8000   3.0250   3.3030   3.4700   3.6640   3.8850   4.1100   0.0000   0.0000   0.0000   0.0000   0.0000   0.0000   0.0000;
327:  0.2730   0.6380   0.9070   1.1530   1.4160   1.7130   1.9710   2.3110   2.5760   2.8050   3.0300   3.3060   3.4710   3.6670   3.8870   4.1130   0.0000   0.0000   0.0000   0.0000   0.0000   0.0000   0.0000;
328:  0.2730   0.6390   0.9080   1.1540   1.4170   1.7150   1.9740   2.3140   2.5800   2.8100   3.0350   3.3080   3.4730   3.6690   3.8890   4.1160   0.0000   0.0000   0.0000   0.0000   0.0000   0.0000   0.0000;
329:  0.2740   0.6390   0.9090   1.1540   1.4180   1.7160   1.9760   2.3160   2.5840   2.8150   3.0400   3.3100   3.4740   3.6710   3.8900   4.1180   4.3250   0.0000   0.0000   0.0000   0.0000   0.0000   0.0000;
330:  0.2740   0.6390   0.9100   1.1550   1.4180   1.7180   1.9790   2.3180   2.5870   2.8210   3.0450   3.3130   3.4750   3.6740   3.8910   4.1190   4.3260   0.0000   0.0000   0.0000   0.0000   0.0000   0.0000;
331:  0.2750   0.6390   0.9110   1.1550   1.4190   1.7190   1.9820   2.3210   2.5910   2.8260   3.0500   3.3140   3.4760   3.6760   3.8920   4.1210   4.3270   0.0000   0.0000   0.0000   0.0000   0.0000   0.0000;
332:  0.2750   0.6400   0.9120   1.1560   1.4200   1.7200   1.9840   2.3240   2.5940   2.8310   3.0550   3.3160   3.4780   3.6780   3.8930   4.1220   4.3280   0.0000   0.0000   0.0000   0.0000   0.0000   0.0000;
333:  0.2760   0.6400   0.9130   1.1560   1.4200   1.7220   1.9870   2.3260   2.5980   2.8370   3.0590   3.3180   3.4790   3.6800   3.8930   4.1220   4.3280   0.0000   0.0000   0.0000   0.0000   0.0000   0.0000;
334:  0.2760   0.6400   0.9130   1.1570   1.4210   1.7230   1.9890   2.3290   2.6010   2.8420   3.0640   3.3190   3.4800   3.6830   3.8930   4.1230   4.3270   0.0000   0.0000   0.0000   0.0000   0.0000   0.0000;
335:  0.2760   0.6400   0.9140   1.1570   1.4210   1.7240   1.9910   2.3310   2.6040   2.8470   3.0680   3.3200   3.4810   3.6850   3.8940   4.1230   4.3270   0.0000   0.0000   0.0000   0.0000   0.0000   0.0000;
336:  0.2770   0.6400   0.9140   1.1580   1.4220   1.7250   1.9930   2.3340   2.6070   2.8520   3.0720   3.3200   3.4830   3.6870   3.8940   4.1230   4.3260   4.3480   4.5880   0.0000   0.0000   0.0000   0.0000;
337:  0.2770   0.6400   0.9150   1.1580   1.4220   1.7260   1.9950   2.3370   2.6100   2.8570   3.0760   3.3210   3.4840   3.6890   3.8940   4.1230   4.3250   4.3480   4.5920   0.0000   0.0000   0.0000   0.0000;
338:  0.2770   0.6400   0.9150   1.1580   1.4230   1.7270   1.9970   2.3400   2.6130   2.8610   3.0790   3.3220   3.4850   3.6910   3.8940   4.1230   4.3240   4.3480   4.5960   0.0000   0.0000   0.0000   0.0000;
339:  0.2780   0.6400   0.9160   1.1580   1.4230   1.7290   1.9990   2.3430   2.6160   2.8660   3.0830   3.3220   3.4870   3.6940   3.8940   4.1230   4.3240   4.3480   4.6000   0.0000   0.0000   0.0000   0.0000;
340:  0.2780   0.6400   0.9160   1.1580   1.4240   1.7290   2.0010   2.3450   2.6190   2.8700   3.0850   3.3220   3.4880   3.6960   3.8950   4.1240   4.3240   4.3490   4.6040   0.0000   0.0000   0.0000   0.0000;
341:  0.2780   0.6400   0.9160   1.1590   1.4240   1.7300   2.0030   2.3480   2.6220   2.8740   3.0880   3.3220   3.4890   3.6990   3.8950   4.1240   4.3240   4.3500   4.6080   0.0000   0.0000   0.0000   0.0000;
342:  0.2780   0.6390   0.9160   1.1590   1.4240   1.7310   2.0040   2.3510   2.6240   2.8780   3.0910   3.3220   3.4910   3.7010   3.8960   4.1250   4.3240   4.3510   4.6110   0.0000   0.0000   0.0000   0.0000;
343:  0.2780   0.6390   0.9160   1.1590   1.4240   1.7320   2.0050   2.3540   2.6260   2.8820   3.0930   3.3210   3.4930   3.7040   3.8970   4.1270   4.3250   4.3530   4.6150   0.0000   0.0000   0.0000   0.0000;
344:  0.2780   0.6390   0.9160   1.1590   1.4250   1.7330   2.0070   2.3570   2.6290   2.8850   3.0950   3.3210   3.4940   3.7070   3.8990   4.1290   4.3270   4.3550   4.6180   0.0000   0.0000   0.0000   0.0000;
345:  0.2780   0.6390   0.9160   1.1590   1.4250   1.7330   2.0080   2.3600   2.6310   2.8880   3.0960   3.3200   3.4960   3.7100   3.9010   4.1310   4.3300   4.3580   4.6210   0.0000   0.0000   0.0000   0.0000;
346:  0.2780   0.6380   0.9160   1.1590   1.4250   1.7340   2.0090   2.3620   2.6330   2.8910   3.0970   3.3200   3.4980   3.7130   3.9030   4.1340   4.3340   4.3610   4.6240   0.0000   0.0000   0.0000   0.0000;
347:  0.2780   0.6380   0.9160   1.1580   1.4250   1.7340   2.0100   2.3650   2.6340   2.8930   3.0980   3.3200   3.5000   3.7160   3.9060   4.1370   4.3390   4.3640   4.6260   0.0000   0.0000   0.0000   0.0000;
348:  0.2780   0.6380   0.9160   1.1580   1.4250   1.7350   2.0110   2.3670   2.6360   2.8960   3.0990   3.3190   3.5020   3.7200   3.9090   4.1410   4.3440   4.3680   4.6280   0.0000   0.0000   0.0000   0.0000;
349:  0.2780   0.6380   0.9150   1.1580   1.4250   1.7350   2.0110   2.3700   2.6370   2.8980   3.1000   3.3190   3.5040   3.7230   3.9130   4.1450   4.3510   4.3720   4.6300   0.0000   0.0000   0.0000   0.0000;
350:  0.2780   0.6380   0.9150   1.1580   1.4250   1.7350   2.0120   2.3720   2.6390   2.9000   3.1000   3.3180   3.5060   3.7270   3.9170   4.1510   4.3590   4.3770   4.6310   0.0000   0.0000   0.0000   0.0000;
351:  0.2780   0.6370   0.9150   1.1580   1.4250   1.7360   2.0120   2.3750   2.6400   2.9010   3.1000   3.3180   3.5080   3.7310   3.9220   4.1560   4.3670   4.3820   4.6320   0.0000   0.0000   0.0000   0.0000;
352:  0.2780   0.6370   0.9140   1.1570   1.4250   1.7360   2.0130   2.3760   2.6410   2.9020   3.1010   3.3180   3.5110   3.7350   3.9280   4.1630   4.3770   4.3870   4.6330   0.0000   0.0000   0.0000   0.0000;
353:  0.2780   0.6370   0.9140   1.1570   1.4250   1.7360   2.0130   2.3780   2.6420   2.9040   3.1010   3.3180   3.5130   3.7390   3.9330   4.1690   4.3870   4.3930   4.6330   0.0000   0.0000   0.0000   0.0000;
354:  0.2780   0.6370   0.9140   1.1570   1.4250   1.7360   2.0130   2.3800   2.6430   2.9040   3.1000   3.3180   3.5150   3.7430   3.9400   4.1770   4.3990   4.3980   4.6330   0.0000   0.0000   0.0000   0.0000;
355:  0.2780   0.6370   0.9130   1.1570   1.4250   1.7360   2.0130   2.3820   2.6440   2.9050   3.1000   3.3190   3.5180   3.7470   3.9460   4.1850   4.4110   4.4050   4.6330   0.0000   0.0000   0.0000   0.0000;
356:  0.2780   0.6370   0.9130   1.1560   1.4250   1.7360   2.0130   2.3830   2.6440   2.9050   3.1000   3.3200   3.5210   3.7520   3.9530   4.1930   4.4240   4.4110   4.6330   0.0000   0.0000   0.0000   0.0000;
357:  0.2780   0.6370   0.9130   1.1560   1.4240   1.7360   2.0130   2.3840   2.6450   2.9050   3.1000   3.3210   3.5230   3.7560   3.9600   4.2020   4.4370   4.4170   4.6320   0.0000   0.0000   0.0000   0.0000;
358:  0.2780   0.6370   0.9120   1.1560   1.4240   1.7350   2.0130   2.3850   2.6450   2.9050   3.1000   3.3220   3.5260   3.7600   3.9680   4.2110   4.4510   4.4240   4.6310   0.0000   0.0000   0.0000   0.0000;
359:  0.2770   0.6370   0.9120   1.1560   1.4240   1.7350   2.0120   2.3860   2.6460   2.9050   3.1000   3.3230   3.5290   3.7650   3.9750   4.2200   0.0000   0.0000   0.0000   0.0000   0.0000   0.0000   0.0000;
