C:\RK-3\Data\PA000001\ED0000010010R.DAT;
000:  0.4355   0.7210   0.9530   1.1910   1.4510   1.7090   2.0160   2.3260   2.5655   2.8175   3.1585   3.5000   3.7595   4.0415   4.3370   4.5780   0.0000   0.0000   0.0000   0.0000   0.0000   0.0000   0.0000;
001:  0.4355   0.7210   0.9530   1.1910   1.4510   1.7095   2.0165   2.3260   2.5655   2.8180   3.1600   3.5015   3.7600   4.0390   4.3305   4.5700   0.0000   0.0000   0.0000   0.0000   0.0000   0.0000   0.0000;
002:  0.4355   0.7210   0.9530   1.1905   1.4510   1.7105   2.0165   2.3250   2.5650   2.8185   3.1610   3.5025   3.7605   4.0360   4.3230   4.5615   0.0000   0.0000   0.0000   0.0000   0.0000   0.0000   0.0000;
003:  0.4355   0.7210   0.9530   1.1905   1.4510   1.7110   2.0170   2.3245   2.5645   2.8190   3.1620   3.5030   3.7605   4.0335   4.3160   4.5535   0.0000   0.0000   0.0000   0.0000   0.0000   0.0000   0.0000;
004:  0.4355   0.7210   0.9530   1.1905   1.4510   1.7115   2.0170   2.3235   2.5645   2.8200   3.1630   3.5040   3.7610   4.0300   4.3080   0.0000   0.0000   0.0000   0.0000   0.0000   0.0000   0.0000   0.0000;
005:  0.4350   0.7205   0.9530   1.1905   1.4510   1.7115   2.0160   2.3220   2.5640   2.8210   3.1645   3.5050   3.7615   4.0275   4.3010   0.0000   0.0000   0.0000   0.0000   0.0000   0.0000   0.0000   0.0000;
006:  0.4350   0.7205   0.9530   1.1905   1.4510   1.7120   2.0160   2.3215   2.5640   2.8215   3.1650   3.5055   3.7615   4.0240   4.2935   0.0000   0.0000   0.0000   0.0000   0.0000   0.0000   0.0000   0.0000;
007:  0.4350   0.7205   0.9530   1.1905   1.4510   1.7120   2.0150   2.3200   2.5635   2.8220   3.1655   3.5060   3.7620   4.0210   4.2860   0.0000   0.0000   0.0000   0.0000   0.0000   0.0000   0.0000   0.0000;
008:  0.4350   0.7205   0.9530   1.1905   1.4510   1.7125   2.0145   2.3185   2.5635   2.8235   3.1665   3.5060   3.7620   4.0180   4.2790   0.0000   0.0000   0.0000   0.0000   0.0000   0.0000   0.0000   0.0000;
009:  0.4350   0.7205   0.9530   1.1900   1.4505   1.7125   2.0140   2.3175   2.5635   2.8245   3.1670   3.5060   3.7615   4.0140   0.0000   0.0000   0.0000   0.0000   0.0000   0.0000   0.0000   0.0000   0.0000;
010:  0.4345   0.7200   0.9530   1.1900   1.4510   1.7130   2.0135   2.3165   2.5630   2.8250   3.1675   3.5060   3.7610   4.0100   0.0000   0.0000   0.0000   0.0000   0.0000   0.0000   0.0000   0.0000   0.0000;
011:  0.4345   0.7195   0.9525   1.1900   1.4510   1.7125   2.0120   2.3155   2.5635   2.8260   3.1680   3.5060   3.7600   4.0055   0.0000   0.0000   0.0000   0.0000   0.0000   0.0000   0.0000   0.0000   0.0000;
012:  0.4345   0.7195   0.9525   1.1895   1.4505   1.7125   2.0115   2.3145   2.5630   2.8265   3.1680   3.5055   3.7585   4.0005   0.0000   0.0000   0.0000   0.0000   0.0000   0.0000   0.0000   0.0000   0.0000;
013:  0.4345   0.7195   0.9525   1.1895   1.4505   1.7125   2.0105   2.3135   2.5635   2.8275   3.1685   3.5050   3.7565   3.9955   0.0000   0.0000   0.0000   0.0000   0.0000   0.0000   0.0000   0.0000   0.0000;
014:  0.4345   0.7195   0.9520   1.1890   1.4505   1.7120   2.0095   2.3130   2.5635   2.8275   3.1680   3.5045   3.7545   3.9900   0.0000   0.0000   0.0000   0.0000   0.0000   0.0000   0.0000   0.0000   0.0000;
015:  0.4340   0.7190   0.9520   1.1885   1.4500   1.7115   2.0085   2.3125   2.5640   2.8280   3.1675   3.5035   3.7520   3.9845   0.0000   0.0000   0.0000   0.0000   0.0000   0.0000   0.0000   0.0000   0.0000;
016:  0.4340   0.7190   0.9515   1.1880   1.4500   1.7110   2.0075   2.3120   2.5640   2.8280   3.1670   3.5025   3.7495   3.9790   0.0000   0.0000   0.0000   0.0000   0.0000   0.0000   0.0000   0.0000   0.0000;
017:  0.4340   0.7185   0.9510   1.1880   1.4500   1.7105   2.0070   2.3120   2.5640   2.8280   3.1665   3.5015   3.7470   3.9740   0.0000   0.0000   0.0000   0.0000   0.0000   0.0000   0.0000   0.0000   0.0000;
018:  0.4340   0.7185   0.9505   1.1870   1.4495   1.7100   2.0060   2.3115   2.5645   2.8285   3.1660   3.5000   3.7440   3.9690   0.0000   0.0000   0.0000   0.0000   0.0000   0.0000   0.0000   0.0000   0.0000;
019:  0.4335   0.7180   0.9505   1.1870   1.4490   1.7085   2.0050   2.3115   2.5645   2.8285   3.1650   3.4980   3.7415   3.9645   0.0000   0.0000   0.0000   0.0000   0.0000   0.0000   0.0000   0.0000   0.0000;
020:  0.4335   0.7180   0.9500   1.1860   1.4485   1.7080   2.0045   2.3120   2.5650   2.8285   3.1645   3.4965   3.7385   0.0000   0.0000   0.0000   0.0000   0.0000   0.0000   0.0000   0.0000   0.0000   0.0000;
021:  0.4335   0.7180   0.9500   1.1860   1.4480   1.7070   2.0040   2.3120   2.5655   2.8285   3.1630   3.4945   3.7360   0.0000   0.0000   0.0000   0.0000   0.0000   0.0000   0.0000   0.0000   0.0000   0.0000;
022:  0.4335   0.7180   0.9495   1.1850   1.4470   1.7060   2.0035   2.3125   2.5660   2.8285   3.1620   3.4920   3.7330   0.0000   0.0000   0.0000   0.0000   0.0000   0.0000   0.0000   0.0000   0.0000   0.0000;
023:  0.4330   0.7170   0.9490   1.1850   1.4470   1.7055   2.0035   2.3130   2.5655   2.8275   3.1610   3.4900   3.7305   0.0000   0.0000   0.0000   0.0000   0.0000   0.0000   0.0000   0.0000   0.0000   0.0000;
024:  0.4330   0.7170   0.9485   1.1840   1.4460   1.7045   2.0030   2.3130   2.5655   2.8275   3.1600   3.4870   3.7275   0.0000   0.0000   0.0000   0.0000   0.0000   0.0000   0.0000   0.0000   0.0000   0.0000;
025:  0.4330   0.7170   0.9485   1.1840   1.4455   1.7035   2.0030   2.3140   2.5655   2.8265   3.1585   3.4845   3.7250   0.0000   0.0000   0.0000   0.0000   0.0000   0.0000   0.0000   0.0000   0.0000   0.0000;
026:  0.4330   0.7170   0.9480   1.1830   1.4445   1.7030   2.0030   2.3140   2.5655   2.8260   3.1565   3.4810   0.0000   0.0000   0.0000   0.0000   0.0000   0.0000   0.0000   0.0000   0.0000   0.0000   0.0000;
027:  0.4325   0.7165   0.9475   1.1820   1.4435   1.7020   2.0025   2.3140   2.5650   2.8250   3.1545   3.4775   0.0000   0.0000   0.0000   0.0000   0.0000   0.0000   0.0000   0.0000   0.0000   0.0000   0.0000;
028:  0.4325   0.7160   0.9470   1.1820   1.4430   1.7015   2.0025   2.3140   2.5650   2.8240   3.1520   3.4740   0.0000   0.0000   0.0000   0.0000   0.0000   0.0000   0.0000   0.0000   0.0000   0.0000   0.0000;
029:  0.4325   0.7160   0.9465   1.1810   1.4420   1.7005   2.0020   2.3140   2.5645   2.8230   3.1495   3.4700   0.0000   0.0000   0.0000   0.0000   0.0000   0.0000   0.0000   0.0000   0.0000   0.0000   0.0000;
030:  0.4325   0.7160   0.9460   1.1800   1.4410   1.7000   2.0025   2.3145   2.5645   2.8225   3.1470   3.4660   0.0000   0.0000   0.0000   0.0000   0.0000   0.0000   0.0000   0.0000   0.0000   0.0000   0.0000;
031:  0.4325   0.7155   0.9455   1.1795   1.4400   1.7000   2.0030   2.3145   2.5640   2.8210   3.1435   3.4615   0.0000   0.0000   0.0000   0.0000   0.0000   0.0000   0.0000   0.0000   0.0000   0.0000   0.0000;
032:  0.4320   0.7150   0.9450   1.1790   1.4395   1.6990   2.0025   2.3145   2.5635   2.8195   3.1400   3.4570   0.0000   0.0000   0.0000   0.0000   0.0000   0.0000   0.0000   0.0000   0.0000   0.0000   0.0000;
033:  0.4320   0.7150   0.9450   1.1785   1.4385   1.6985   2.0020   2.3140   2.5630   2.8180   3.1365   3.4525   0.0000   0.0000   0.0000   0.0000   0.0000   0.0000   0.0000   0.0000   0.0000   0.0000   0.0000;
034:  0.4320   0.7150   0.9445   1.1775   1.4375   1.6985   2.0025   2.3140   2.5625   2.8165   3.1330   0.0000   0.0000   0.0000   0.0000   0.0000   0.0000   0.0000   0.0000   0.0000   0.0000   0.0000   0.0000;
035:  0.4320   0.7145   0.9440   1.1770   1.4365   1.6980   2.0020   2.3130   2.5615   2.8150   3.1295   0.0000   0.0000   0.0000   0.0000   0.0000   0.0000   0.0000   0.0000   0.0000   0.0000   0.0000   0.0000;
036:  0.4320   0.7145   0.9435   1.1760   1.4355   1.6975   2.0015   2.3125   2.5610   2.8130   3.1255   0.0000   0.0000   0.0000   0.0000   0.0000   0.0000   0.0000   0.0000   0.0000   0.0000   0.0000   0.0000;
037:  0.4315   0.7140   0.9435   1.1760   1.4350   1.6970   2.0015   2.3120   2.5600   2.8115   3.1220   0.0000   0.0000   0.0000   0.0000   0.0000   0.0000   0.0000   0.0000   0.0000   0.0000   0.0000   0.0000;
038:  0.4315   0.7135   0.9425   1.1750   1.4345   1.6975   2.0015   2.3115   2.5590   2.8090   3.1175   0.0000   0.0000   0.0000   0.0000   0.0000   0.0000   0.0000   0.0000   0.0000   0.0000   0.0000   0.0000;
039:  0.4315   0.7135   0.9425   1.1750   1.4340   1.6970   2.0010   2.3105   2.5580   2.8070   3.1140   0.0000   0.0000   0.0000   0.0000   0.0000   0.0000   0.0000   0.0000   0.0000   0.0000   0.0000   0.0000;
040:  0.4315   0.7135   0.9425   1.1745   1.4335   1.6970   2.0000   2.3090   2.5570   2.8050   3.1100   0.0000   0.0000   0.0000   0.0000   0.0000   0.0000   0.0000   0.0000   0.0000   0.0000   0.0000   0.0000;
041:  0.4315   0.7130   0.9415   1.1740   1.4330   1.6965   1.9995   2.3080   2.5560   2.8030   3.1060   0.0000   0.0000   0.0000   0.0000   0.0000   0.0000   0.0000   0.0000   0.0000   0.0000   0.0000   0.0000;
042:  0.4315   0.7130   0.9415   1.1735   1.4325   1.6965   1.9990   2.3070   2.5545   2.8005   3.1025   0.0000   0.0000   0.0000   0.0000   0.0000   0.0000   0.0000   0.0000   0.0000   0.0000   0.0000   0.0000;
043:  0.4315   0.7130   0.9415   1.1735   1.4320   1.6960   1.9985   2.3060   2.5535   2.7985   0.0000   0.0000   0.0000   0.0000   0.0000   0.0000   0.0000   0.0000   0.0000   0.0000   0.0000   0.0000   0.0000;
044:  0.4315   0.7125   0.9410   1.1735   1.4320   1.6960   1.9980   2.3045   2.5520   2.7965   0.0000   0.0000   0.0000   0.0000   0.0000   0.0000   0.0000   0.0000   0.0000   0.0000   0.0000   0.0000   0.0000;
045:  0.4315   0.7125   0.9410   1.1730   1.4310   1.6955   1.9975   2.3035   2.5510   2.7940   0.0000   0.0000   0.0000   0.0000   0.0000   0.0000   0.0000   0.0000   0.0000   0.0000   0.0000   0.0000   0.0000;
046:  0.4315   0.7125   0.9410   1.1730   1.4310   1.6955   1.9975   2.3030   2.5500   2.7925   0.0000   0.0000   0.0000   0.0000   0.0000   0.0000   0.0000   0.0000   0.0000   0.0000   0.0000   0.0000   0.0000;
047:  0.4315   0.7125   0.9410   1.1730   1.4310   1.6955   1.9970   2.3015   2.5480   2.7895   0.0000   0.0000   0.0000   0.0000   0.0000   0.0000   0.0000   0.0000   0.0000   0.0000   0.0000   0.0000   0.0000;
048:  0.4315   0.7120   0.9405   1.1730   1.4310   1.6955   1.9965   2.3005   2.5470   2.7875   0.0000   0.0000   0.0000   0.0000   0.0000   0.0000   0.0000   0.0000   0.0000   0.0000   0.0000   0.0000   0.0000;
049:  0.4320   0.7120   0.9405   1.1735   1.4315   1.6950   1.9955   2.2990   2.5450   2.7845   0.0000   0.0000   0.0000   0.0000   0.0000   0.0000   0.0000   0.0000   0.0000   0.0000   0.0000   0.0000   0.0000;
050:  0.4320   0.7120   0.9405   1.1735   1.4315   1.6945   1.9945   2.2980   2.5440   2.7825   0.0000   0.0000   0.0000   0.0000   0.0000   0.0000   0.0000   0.0000   0.0000   0.0000   0.0000   0.0000   0.0000;
051:  0.4320   0.7120   0.9405   1.1735   1.4315   1.6945   1.9940   2.2965   2.5425   2.7800   0.0000   0.0000   0.0000   0.0000   0.0000   0.0000   0.0000   0.0000   0.0000   0.0000   0.0000   0.0000   0.0000;
052:  0.4320   0.7115   0.9400   1.1735   1.4315   1.6945   1.9935   2.2955   2.5410   2.7775   0.0000   0.0000   0.0000   0.0000   0.0000   0.0000   0.0000   0.0000   0.0000   0.0000   0.0000   0.0000   0.0000;
053:  0.4320   0.7115   0.9400   1.1735   1.4315   1.6940   1.9925   2.2940   2.5395   2.7755   0.0000   0.0000   0.0000   0.0000   0.0000   0.0000   0.0000   0.0000   0.0000   0.0000   0.0000   0.0000   0.0000;
054:  0.4320   0.7115   0.9400   1.1735   1.4315   1.6935   1.9915   2.2930   2.5380   2.7730   0.0000   0.0000   0.0000   0.0000   0.0000   0.0000   0.0000   0.0000   0.0000   0.0000   0.0000   0.0000   0.0000;
055:  0.4320   0.7115   0.9400   1.1735   1.4315   1.6935   1.9910   2.2920   2.5365   2.7705   0.0000   0.0000   0.0000   0.0000   0.0000   0.0000   0.0000   0.0000   0.0000   0.0000   0.0000   0.0000   0.0000;
056:  0.4320   0.7115   0.9400   1.1735   1.4320   1.6935   1.9900   2.2910   2.5355   2.7680   0.0000   0.0000   0.0000   0.0000   0.0000   0.0000   0.0000   0.0000   0.0000   0.0000   0.0000   0.0000   0.0000;
057:  0.4320   0.7115   0.9400   1.1735   1.4320   1.6935   1.9895   2.2900   2.5340   2.7655   0.0000   0.0000   0.0000   0.0000   0.0000   0.0000   0.0000   0.0000   0.0000   0.0000   0.0000   0.0000   0.0000;
058:  0.4320   0.7115   0.9405   1.1740   1.4320   1.6930   1.9885   2.2885   2.5320   2.7630   0.0000   0.0000   0.0000   0.0000   0.0000   0.0000   0.0000   0.0000   0.0000   0.0000   0.0000   0.0000   0.0000;
059:  0.4320   0.7110   0.9400   1.1740   1.4320   1.6925   1.9875   2.2875   2.5305   2.7605   0.0000   0.0000   0.0000   0.0000   0.0000   0.0000   0.0000   0.0000   0.0000   0.0000   0.0000   0.0000   0.0000;
060:  0.4325   0.7115   0.9400   1.1740   1.4320   1.6925   1.9870   2.2865   2.5290   2.7580   0.0000   0.0000   0.0000   0.0000   0.0000   0.0000   0.0000   0.0000   0.0000   0.0000   0.0000   0.0000   0.0000;
061:  0.4325   0.7115   0.9400   1.1740   1.4320   1.6920   1.9860   2.2855   2.5275   2.7560   0.0000   0.0000   0.0000   0.0000   0.0000   0.0000   0.0000   0.0000   0.0000   0.0000   0.0000   0.0000   0.0000;
062:  0.4325   0.7115   0.9400   1.1740   1.4320   1.6915   1.9845   2.2840   2.5265   2.7540   0.0000   0.0000   0.0000   0.0000   0.0000   0.0000   0.0000   0.0000   0.0000   0.0000   0.0000   0.0000   0.0000;
063:  0.4325   0.7115   0.9400   1.1740   1.4320   1.6910   1.9835   2.2830   2.5250   2.7515   0.0000   0.0000   0.0000   0.0000   0.0000   0.0000   0.0000   0.0000   0.0000   0.0000   0.0000   0.0000   0.0000;
064:  0.4325   0.7115   0.9400   1.1740   1.4320   1.6910   1.9830   2.2820   2.5235   2.7495   0.0000   0.0000   0.0000   0.0000   0.0000   0.0000   0.0000   0.0000   0.0000   0.0000   0.0000   0.0000   0.0000;
065:  0.4330   0.7115   0.9400   1.1735   1.4315   1.6905   1.9820   2.2810   2.5225   2.7475   0.0000   0.0000   0.0000   0.0000   0.0000   0.0000   0.0000   0.0000   0.0000   0.0000   0.0000   0.0000   0.0000;
066:  0.4330   0.7115   0.9400   1.1735   1.4315   1.6905   1.9815   2.2800   2.5210   2.7455   0.0000   0.0000   0.0000   0.0000   0.0000   0.0000   0.0000   0.0000   0.0000   0.0000   0.0000   0.0000   0.0000;
067:  0.4335   0.7120   0.9400   1.1735   1.4315   1.6900   1.9805   2.2790   2.5200   2.7435   0.0000   0.0000   0.0000   0.0000   0.0000   0.0000   0.0000   0.0000   0.0000   0.0000   0.0000   0.0000   0.0000;
068:  0.4335   0.7120   0.9400   1.1735   1.4310   1.6890   1.9795   2.2785   2.5190   2.7415   0.0000   0.0000   0.0000   0.0000   0.0000   0.0000   0.0000   0.0000   0.0000   0.0000   0.0000   0.0000   0.0000;
069:  0.4335   0.7120   0.9400   1.1730   1.4305   1.6890   1.9790   2.2775   2.5175   2.7395   0.0000   0.0000   0.0000   0.0000   0.0000   0.0000   0.0000   0.0000   0.0000   0.0000   0.0000   0.0000   0.0000;
070:  0.4335   0.7120   0.9400   1.1730   1.4305   1.6885   1.9785   2.2775   2.5165   2.7370   0.0000   0.0000   0.0000   0.0000   0.0000   0.0000   0.0000   0.0000   0.0000   0.0000   0.0000   0.0000   0.0000;
071:  0.4335   0.7120   0.9400   1.1725   1.4300   1.6885   1.9780   2.2765   2.5155   2.7355   0.0000   0.0000   0.0000   0.0000   0.0000   0.0000   0.0000   0.0000   0.0000   0.0000   0.0000   0.0000   0.0000;
072:  0.4335   0.7120   0.9400   1.1725   1.4295   1.6880   1.9780   2.2760   2.5145   2.7340   0.0000   0.0000   0.0000   0.0000   0.0000   0.0000   0.0000   0.0000   0.0000   0.0000   0.0000   0.0000   0.0000;
073:  0.4335   0.7120   0.9400   1.1725   1.4295   1.6875   1.9775   2.2755   2.5135   2.7320   0.0000   0.0000   0.0000   0.0000   0.0000   0.0000   0.0000   0.0000   0.0000   0.0000   0.0000   0.0000   0.0000;
074:  0.4335   0.7120   0.9400   1.1725   1.4295   1.6875   1.9775   2.2750   2.5125   2.7305   0.0000   0.0000   0.0000   0.0000   0.0000   0.0000   0.0000   0.0000   0.0000   0.0000   0.0000   0.0000   0.0000;
075:  0.4335   0.7125   0.9405   1.1720   1.4285   1.6870   1.9770   2.2745   2.5120   2.7290   0.0000   0.0000   0.0000   0.0000   0.0000   0.0000   0.0000   0.0000   0.0000   0.0000   0.0000   0.0000   0.0000;
076:  0.4335   0.7125   0.9410   1.1725   1.4285   1.6870   1.9770   2.2740   2.5105   2.7275   0.0000   0.0000   0.0000   0.0000   0.0000   0.0000   0.0000   0.0000   0.0000   0.0000   0.0000   0.0000   0.0000;
077:  0.4335   0.7125   0.9410   1.1725   1.4280   1.6860   1.9765   2.2740   2.5105   2.7265   0.0000   0.0000   0.0000   0.0000   0.0000   0.0000   0.0000   0.0000   0.0000   0.0000   0.0000   0.0000   0.0000;
078:  0.4335   0.7125   0.9410   1.1720   1.4275   1.6860   1.9765   2.2740   2.5095   2.7245   0.0000   0.0000   0.0000   0.0000   0.0000   0.0000   0.0000   0.0000   0.0000   0.0000   0.0000   0.0000   0.0000;
079:  0.4340   0.7130   0.9410   1.1720   1.4270   1.6850   1.9760   2.2740   2.5090   2.7235   0.0000   0.0000   0.0000   0.0000   0.0000   0.0000   0.0000   0.0000   0.0000   0.0000   0.0000   0.0000   0.0000;
080:  0.4340   0.7130   0.9410   1.1720   1.4270   1.6850   1.9760   2.2740   2.5085   2.7225   0.0000   0.0000   0.0000   0.0000   0.0000   0.0000   0.0000   0.0000   0.0000   0.0000   0.0000   0.0000   0.0000;
081:  0.4340   0.7130   0.9410   1.1720   1.4265   1.6840   1.9755   2.2740   2.5080   2.7215   0.0000   0.0000   0.0000   0.0000   0.0000   0.0000   0.0000   0.0000   0.0000   0.0000   0.0000   0.0000   0.0000;
082:  0.4340   0.7130   0.9415   1.1725   1.4265   1.6840   1.9755   2.2740   2.5075   2.7205   0.0000   0.0000   0.0000   0.0000   0.0000   0.0000   0.0000   0.0000   0.0000   0.0000   0.0000   0.0000   0.0000;
083:  0.4340   0.7130   0.9415   1.1725   1.4260   1.6835   1.9755   2.2740   2.5075   2.7205   0.0000   0.0000   0.0000   0.0000   0.0000   0.0000   0.0000   0.0000   0.0000   0.0000   0.0000   0.0000   0.0000;
084:  0.4340   0.7135   0.9420   1.1730   1.4265   1.6830   1.9750   2.2735   2.5065   2.7200   0.0000   0.0000   0.0000   0.0000   0.0000   0.0000   0.0000   0.0000   0.0000   0.0000   0.0000   0.0000   0.0000;
085:  0.4340   0.7135   0.9420   1.1730   1.4260   1.6820   1.9740   2.2730   2.5060   2.7195   0.0000   0.0000   0.0000   0.0000   0.0000   0.0000   0.0000   0.0000   0.0000   0.0000   0.0000   0.0000   0.0000;
086:  0.4340   0.7135   0.9425   1.1740   1.4265   1.6820   1.9735   2.2720   2.5050   2.7195   0.0000   0.0000   0.0000   0.0000   0.0000   0.0000   0.0000   0.0000   0.0000   0.0000   0.0000   0.0000   0.0000;
087:  0.4340   0.7135   0.9425   1.1740   1.4265   1.6815   1.9730   2.2715   2.5045   2.7195   0.0000   0.0000   0.0000   0.0000   0.0000   0.0000   0.0000   0.0000   0.0000   0.0000   0.0000   0.0000   0.0000;
088:  0.4340   0.7135   0.9425   1.1740   1.4260   1.6810   1.9730   2.2715   2.5045   2.7200   0.0000   0.0000   0.0000   0.0000   0.0000   0.0000   0.0000   0.0000   0.0000   0.0000   0.0000   0.0000   0.0000;
089:  0.4340   0.7140   0.9430   1.1745   1.4265   1.6810   1.9725   2.2705   2.5040   2.7205   0.0000   0.0000   0.0000   0.0000   0.0000   0.0000   0.0000   0.0000   0.0000   0.0000   0.0000   0.0000   0.0000;
090:  0.4340   0.7140   0.9430   1.1750   1.4270   1.6805   1.9720   2.2700   2.5030   2.7200   0.0000   0.0000   0.0000   0.0000   0.0000   0.0000   0.0000   0.0000   0.0000   0.0000   0.0000   0.0000   0.0000;
091:  0.4340   0.7140   0.9430   1.1750   1.4270   1.6805   1.9715   2.2690   2.5020   2.7200   0.0000   0.0000   0.0000   0.0000   0.0000   0.0000   0.0000   0.0000   0.0000   0.0000   0.0000   0.0000   0.0000;
092:  0.4340   0.7140   0.9435   1.1760   1.4275   1.6805   1.9710   2.2680   2.5015   2.7205   0.0000   0.0000   0.0000   0.0000   0.0000   0.0000   0.0000   0.0000   0.0000   0.0000   0.0000   0.0000   0.0000;
093:  0.4345   0.7145   0.9430   1.1755   1.4275   1.6800   1.9705   2.2675   2.5005   2.7200   0.0000   0.0000   0.0000   0.0000   0.0000   0.0000   0.0000   0.0000   0.0000   0.0000   0.0000   0.0000   0.0000;
094:  0.4345   0.7150   0.9435   1.1755   1.4270   1.6795   1.9705   2.2670   2.4995   2.7200   0.0000   0.0000   0.0000   0.0000   0.0000   0.0000   0.0000   0.0000   0.0000   0.0000   0.0000   0.0000   0.0000;
095:  0.4345   0.7150   0.9435   1.1760   1.4275   1.6795   1.9705   2.2665   2.4985   2.7205   0.0000   0.0000   0.0000   0.0000   0.0000   0.0000   0.0000   0.0000   0.0000   0.0000   0.0000   0.0000   0.0000;
096:  0.4345   0.7150   0.9435   1.1760   1.4275   1.6795   1.9700   2.2655   2.4975   2.7205   0.0000   0.0000   0.0000   0.0000   0.0000   0.0000   0.0000   0.0000   0.0000   0.0000   0.0000   0.0000   0.0000;
097:  0.4345   0.7155   0.9435   1.1755   1.4275   1.6795   1.9695   2.2645   2.4970   2.7210   2.9915   0.0000   0.0000   0.0000   0.0000   0.0000   0.0000   0.0000   0.0000   0.0000   0.0000   0.0000   0.0000;
098:  0.4345   0.7155   0.9435   1.1755   1.4280   1.6800   1.9695   2.2640   2.4960   2.7205   2.9910   0.0000   0.0000   0.0000   0.0000   0.0000   0.0000   0.0000   0.0000   0.0000   0.0000   0.0000   0.0000;
099:  0.4345   0.7155   0.9430   1.1750   1.4275   1.6795   1.9695   2.2630   2.4950   2.7210   2.9915   0.0000   0.0000   0.0000   0.0000   0.0000   0.0000   0.0000   0.0000   0.0000   0.0000   0.0000   0.0000;
100:  0.4345   0.7155   0.9430   1.1750   1.4280   1.6800   1.9695   2.2630   2.4945   2.7205   2.9915   3.2300   0.0000   0.0000   0.0000   0.0000   0.0000   0.0000   0.0000   0.0000   0.0000   0.0000   0.0000;
101:  0.4345   0.7155   0.9425   1.1745   1.4280   1.6800   1.9695   2.2625   2.4935   2.7205   2.9925   3.2315   0.0000   0.0000   0.0000   0.0000   0.0000   0.0000   0.0000   0.0000   0.0000   0.0000   0.0000;
102:  0.4345   0.7160   0.9430   1.1745   1.4280   1.6800   1.9695   2.2620   2.4925   2.7205   2.9935   3.2335   0.0000   0.0000   0.0000   0.0000   0.0000   0.0000   0.0000   0.0000   0.0000   0.0000   0.0000;
103:  0.4340   0.7160   0.9425   1.1740   1.4280   1.6800   1.9695   2.2620   2.4920   2.7200   2.9940   3.2355   0.0000   0.0000   0.0000   0.0000   0.0000   0.0000   0.0000   0.0000   0.0000   0.0000   0.0000;
104:  0.4340   0.7160   0.9425   1.1740   1.4280   1.6805   1.9700   2.2620   2.4915   2.7195   2.9945   3.2380   0.0000   0.0000   0.0000   0.0000   0.0000   0.0000   0.0000   0.0000   0.0000   0.0000   0.0000;
105:  0.4340   0.7160   0.9420   1.1735   1.4285   1.6810   1.9700   2.2620   2.4910   2.7190   2.9955   3.2420   0.0000   0.0000   0.0000   0.0000   0.0000   0.0000   0.0000   0.0000   0.0000   0.0000   0.0000;
106:  0.4340   0.7160   0.9420   1.1730   1.4280   1.6810   1.9700   2.2615   2.4900   2.7190   2.9970   3.2455   0.0000   0.0000   0.0000   0.0000   0.0000   0.0000   0.0000   0.0000   0.0000   0.0000   0.0000;
107:  0.4340   0.7165   0.9420   1.1725   1.4280   1.6810   1.9700   2.2615   2.4895   2.7190   2.9985   3.2500   0.0000   0.0000   0.0000   0.0000   0.0000   0.0000   0.0000   0.0000   0.0000   0.0000   0.0000;
108:  0.4340   0.7165   0.9420   1.1725   1.4280   1.6810   1.9700   2.2610   2.4885   2.7185   2.9995   3.2540   0.0000   0.0000   0.0000   0.0000   0.0000   0.0000   0.0000   0.0000   0.0000   0.0000   0.0000;
109:  0.4340   0.7165   0.9420   1.1725   1.4280   1.6815   1.9705   2.2610   2.4880   2.7185   3.0015   3.2590   0.0000   0.0000   0.0000   0.0000   0.0000   0.0000   0.0000   0.0000   0.0000   0.0000   0.0000;
110:  0.4340   0.7165   0.9420   1.1725   1.4285   1.6820   1.9705   2.2615   2.4880   2.7180   3.0030   3.2645   0.0000   0.0000   0.0000   0.0000   0.0000   0.0000   0.0000   0.0000   0.0000   0.0000   0.0000;
111:  0.4340   0.7165   0.9420   1.1725   1.4285   1.6820   1.9705   2.2615   2.4875   2.7180   3.0045   3.2695   0.0000   0.0000   0.0000   0.0000   0.0000   0.0000   0.0000   0.0000   0.0000   0.0000   0.0000;
112:  0.4340   0.7165   0.9415   1.1720   1.4290   1.6825   1.9705   2.2615   2.4875   2.7180   3.0060   3.2750   0.0000   0.0000   0.0000   0.0000   0.0000   0.0000   0.0000   0.0000   0.0000   0.0000   0.0000;
113:  0.4335   0.7165   0.9415   1.1720   1.4290   1.6825   1.9705   2.2620   2.4875   2.7175   3.0070   3.2795   0.0000   0.0000   0.0000   0.0000   0.0000   0.0000   0.0000   0.0000   0.0000   0.0000   0.0000;
114:  0.4335   0.7165   0.9415   1.1720   1.4295   1.6835   1.9710   2.2620   2.4870   2.7175   3.0090   3.2845   0.0000   0.0000   0.0000   0.0000   0.0000   0.0000   0.0000   0.0000   0.0000   0.0000   0.0000;
115:  0.4335   0.7165   0.9415   1.1715   1.4290   1.6835   1.9710   2.2620   2.4865   2.7170   3.0100   3.2885   0.0000   0.0000   0.0000   0.0000   0.0000   0.0000   0.0000   0.0000   0.0000   0.0000   0.0000;
116:  0.4335   0.7165   0.9415   1.1715   1.4295   1.6840   1.9710   2.2625   2.4870   2.7175   3.0120   3.2930   0.0000   0.0000   0.0000   0.0000   0.0000   0.0000   0.0000   0.0000   0.0000   0.0000   0.0000;
117:  0.4335   0.7165   0.9420   1.1720   1.4295   1.6845   1.9715   2.2630   2.4875   2.7180   3.0135   3.2965   0.0000   0.0000   0.0000   0.0000   0.0000   0.0000   0.0000   0.0000   0.0000   0.0000   0.0000;
118:  0.4335   0.7165   0.9420   1.1720   1.4300   1.6850   1.9720   2.2635   2.4875   2.7185   3.0150   3.3000   0.0000   0.0000   0.0000   0.0000   0.0000   0.0000   0.0000   0.0000   0.0000   0.0000   0.0000;
119:  0.4335   0.7165   0.9420   1.1720   1.4300   1.6850   1.9720   2.2640   2.4885   2.7195   3.0170   3.3040   3.5365   0.0000   0.0000   0.0000   0.0000   0.0000   0.0000   0.0000   0.0000   0.0000   0.0000;
120:  0.4330   0.7165   0.9425   1.1720   1.4295   1.6850   1.9720   2.2645   2.4895   2.7205   3.0185   3.3070   3.5385   0.0000   0.0000   0.0000   0.0000   0.0000   0.0000   0.0000   0.0000   0.0000   0.0000;
121:  0.4330   0.7165   0.9425   1.1720   1.4295   1.6850   1.9725   2.2655   2.4905   2.7215   3.0200   3.3100   3.5410   0.0000   0.0000   0.0000   0.0000   0.0000   0.0000   0.0000   0.0000   0.0000   0.0000;
122:  0.4330   0.7165   0.9430   1.1725   1.4300   1.6860   1.9730   2.2660   2.4915   2.7225   3.0215   3.3130   3.5430   0.0000   0.0000   0.0000   0.0000   0.0000   0.0000   0.0000   0.0000   0.0000   0.0000;
123:  0.4330   0.7160   0.9425   1.1725   1.4300   1.6860   1.9735   2.2670   2.4925   2.7235   3.0230   3.3155   3.5450   3.7790   0.0000   0.0000   0.0000   0.0000   0.0000   0.0000   0.0000   0.0000   0.0000;
124:  0.4330   0.7160   0.9425   1.1720   1.4295   1.6860   1.9735   2.2675   2.4935   2.7250   3.0250   3.3185   3.5475   3.7805   0.0000   0.0000   0.0000   0.0000   0.0000   0.0000   0.0000   0.0000   0.0000;
125:  0.4330   0.7160   0.9430   1.1725   1.4290   1.6855   1.9740   2.2685   2.4950   2.7265   3.0265   3.3210   3.5505   3.7835   0.0000   0.0000   0.0000   0.0000   0.0000   0.0000   0.0000   0.0000   0.0000;
126:  0.4325   0.7155   0.9425   1.1725   1.4290   1.6855   1.9740   2.2690   2.4960   2.7275   3.0280   3.3235   3.5530   3.7865   0.0000   0.0000   0.0000   0.0000   0.0000   0.0000   0.0000   0.0000   0.0000;
127:  0.4325   0.7155   0.9425   1.1725   1.4290   1.6855   1.9745   2.2700   2.4970   2.7285   3.0290   3.3260   3.5565   3.7895   0.0000   0.0000   0.0000   0.0000   0.0000   0.0000   0.0000   0.0000   0.0000;
128:  0.4325   0.7155   0.9425   1.1725   1.4290   1.6855   1.9750   2.2710   2.4985   2.7300   3.0305   3.3285   3.5600   3.7935   0.0000   0.0000   0.0000   0.0000   0.0000   0.0000   0.0000   0.0000   0.0000;
129:  0.4325   0.7155   0.9430   1.1730   1.4290   1.6855   1.9750   2.2715   2.5000   2.7315   3.0320   3.3305   3.5630   3.7980   0.0000   0.0000   0.0000   0.0000   0.0000   0.0000   0.0000   0.0000   0.0000;
130:  0.4320   0.7150   0.9425   1.1730   1.4285   1.6850   1.9755   2.2720   2.5005   2.7330   3.0335   3.3320   3.5660   3.8020   0.0000   0.0000   0.0000   0.0000   0.0000   0.0000   0.0000   0.0000   0.0000;
131:  0.4315   0.7145   0.9425   1.1730   1.4285   1.6850   1.9755   2.2720   2.5010   2.7340   3.0350   3.3340   3.5690   3.8065   4.0645   0.0000   0.0000   0.0000   0.0000   0.0000   0.0000   0.0000   0.0000;
132:  0.4315   0.7140   0.9420   1.1730   1.4280   1.6845   1.9760   2.2730   2.5025   2.7355   3.0360   3.3355   3.5720   3.8105   4.0660   0.0000   0.0000   0.0000   0.0000   0.0000   0.0000   0.0000   0.0000;
133:  0.4315   0.7140   0.9425   1.1735   1.4280   1.6845   1.9760   2.2730   2.5030   2.7365   3.0375   3.3370   3.5740   3.8145   4.0690   0.0000   0.0000   0.0000   0.0000   0.0000   0.0000   0.0000   0.0000;
134:  0.4315   0.7140   0.9425   1.1735   1.4280   1.6845   1.9760   2.2735   2.5045   2.7380   3.0385   3.3385   3.5765   3.8190   4.0730   4.3200   0.0000   0.0000   0.0000   0.0000   0.0000   0.0000   0.0000;
135:  0.4310   0.7135   0.9420   1.1735   1.4275   1.6840   1.9765   2.2740   2.5050   2.7390   3.0395   3.3400   3.5795   3.8230   4.0760   4.3215   0.0000   0.0000   0.0000   0.0000   0.0000   0.0000   0.0000;
136:  0.4310   0.7135   0.9420   1.1735   1.4275   1.6840   1.9765   2.2745   2.5060   2.7395   3.0400   3.3410   3.5815   3.8265   4.0790   4.3235   0.0000   0.0000   0.0000   0.0000   0.0000   0.0000   0.0000;
137:  0.4310   0.7135   0.9420   1.1735   1.4275   1.6840   1.9765   2.2745   2.5060   2.7400   3.0410   3.3425   3.5840   3.8300   4.0825   4.3270   0.0000   0.0000   0.0000   0.0000   0.0000   0.0000   0.0000;
138:  0.4305   0.7130   0.9415   1.1735   1.4275   1.6840   1.9765   2.2750   2.5070   2.7410   3.0425   3.3440   3.5860   3.8335   4.0865   4.3310   4.5570   0.0000   0.0000   0.0000   0.0000   0.0000   0.0000;
139:  0.4300   0.7125   0.9415   1.1735   1.4275   1.6840   1.9765   2.2750   2.5070   2.7410   3.0430   3.3450   3.5875   3.8360   4.0900   4.3350   4.5620   0.0000   0.0000   0.0000   0.0000   0.0000   0.0000;
140:  0.4300   0.7125   0.9415   1.1735   1.4270   1.6835   1.9765   2.2755   2.5080   2.7420   3.0440   3.3460   3.5895   3.8385   4.0930   4.3400   4.5680   0.0000   0.0000   0.0000   0.0000   0.0000   0.0000;
141:  0.4300   0.7120   0.9410   1.1735   1.4270   1.6835   1.9765   2.2755   2.5080   2.7420   3.0445   3.3470   3.5910   3.8405   4.0960   4.3450   4.5745   0.0000   0.0000   0.0000   0.0000   0.0000   0.0000;
142:  0.4295   0.7120   0.9410   1.1730   1.4265   1.6835   1.9765   2.2755   2.5085   2.7430   3.0455   3.3480   3.5930   3.8430   4.0995   4.3505   4.5810   0.0000   0.0000   0.0000   0.0000   0.0000   0.0000;
143:  0.4295   0.7120   0.9410   1.1730   1.4265   1.6835   1.9765   2.2760   2.5095   2.7435   3.0455   3.3485   3.5950   3.8455   4.1020   4.3555   4.5885   0.0000   0.0000   0.0000   0.0000   0.0000   0.0000;
144:  0.4295   0.7120   0.9405   1.1725   1.4265   1.6835   1.9765   2.2760   2.5095   2.7435   3.0460   3.3495   3.5965   3.8475   4.1045   4.3605   4.5960   0.0000   0.0000   0.0000   0.0000   0.0000   0.0000;
145:  0.4295   0.7115   0.9400   1.1725   1.4265   1.6835   1.9760   2.2755   2.5100   2.7445   3.0470   3.3505   3.5975   3.8490   4.1065   4.3650   4.6035   0.0000   0.0000   0.0000   0.0000   0.0000   0.0000;
146:  0.4290   0.7115   0.9400   1.1720   1.4260   1.6840   1.9765   2.2755   2.5105   2.7450   3.0475   3.3515   3.5990   3.8505   4.1080   4.3690   4.6110   0.0000   0.0000   0.0000   0.0000   0.0000   0.0000;
147:  0.4290   0.7115   0.9400   1.1720   1.4260   1.6840   1.9760   2.2750   2.5105   2.7450   3.0480   3.3520   3.5995   3.8520   4.1095   4.3720   4.6180   0.0000   0.0000   0.0000   0.0000   0.0000   0.0000;
148:  0.4290   0.7115   0.9395   1.1715   1.4255   1.6835   1.9760   2.2750   2.5110   2.7455   3.0485   3.3530   3.6005   3.8530   4.1110   4.3750   4.6240   4.8605   0.0000   0.0000   0.0000   0.0000   0.0000;
149:  0.4290   0.7115   0.9395   1.1715   1.4255   1.6840   1.9765   2.2745   2.5105   2.7460   3.0495   3.3540   3.6015   3.8540   4.1115   4.3765   4.6305   4.8675   5.1020   0.0000   0.0000   0.0000   0.0000;
150:  0.4280   0.7110   0.9395   1.1710   1.4250   1.6840   1.9765   2.2745   2.5105   2.7460   3.0500   3.3555   3.6030   3.8550   4.1125   4.3780   4.6360   4.8740   5.1050   0.0000   0.0000   0.0000   0.0000;
151:  0.4280   0.7110   0.9395   1.1710   1.4250   1.6840   1.9760   2.2740   2.5105   2.7465   3.0510   3.3565   3.6040   3.8560   4.1130   4.3795   4.6410   4.8800   5.1095   0.0000   0.0000   0.0000   0.0000;
152:  0.4280   0.7110   0.9390   1.1705   1.4250   1.6840   1.9760   2.2740   2.5105   2.7465   3.0515   3.3575   3.6050   3.8570   4.1135   4.3805   4.6455   4.8865   5.1150   5.3265   0.0000   0.0000   0.0000;
153:  0.4275   0.7105   0.9385   1.1700   1.4240   1.6835   1.9760   2.2740   2.5110   2.7470   3.0520   3.3585   3.6060   3.8580   4.1135   4.3810   4.6495   4.8920   5.1210   5.3320   0.0000   0.0000   0.0000;
154:  0.4275   0.7105   0.9385   1.1700   1.4240   1.6835   1.9755   2.2735   2.5105   2.7465   3.0525   3.3595   3.6070   3.8585   4.1130   4.3810   4.6520   4.8970   5.1275   5.3380   0.0000   0.0000   0.0000;
155:  0.4275   0.7110   0.9390   1.1700   1.4240   1.6835   1.9755   2.2735   2.5110   2.7470   3.0525   3.3595   3.6070   3.8585   4.1130   4.3820   4.6545   4.9015   5.1350   5.3465   0.0000   0.0000   0.0000;
156:  0.4275   0.7110   0.9385   1.1695   1.4235   1.6830   1.9750   2.2730   2.5105   2.7465   3.0530   3.3605   3.6075   3.8585   4.1130   4.3820   4.6560   4.9060   5.1430   5.3565   0.0000   0.0000   0.0000;
157:  0.4275   0.7110   0.9385   1.1695   1.4235   1.6825   1.9745   2.2730   2.5105   2.7470   3.0540   3.3610   3.6080   3.8590   4.1130   4.3820   4.6570   4.9105   5.1520   5.3675   5.5665   0.0000   0.0000;
158:  0.4265   0.7105   0.9385   1.1695   1.4235   1.6825   1.9745   2.2725   2.5100   2.7470   3.0535   3.3610   3.6085   3.8590   4.1130   4.3815   4.6565   4.9135   5.1610   5.3790   5.5745   0.0000   0.0000;
159:  0.4265   0.7105   0.9385   1.1695   1.4235   1.6825   1.9740   2.2720   2.5100   2.7470   3.0540   3.3620   3.6090   3.8590   4.1125   4.3805   4.6560   4.9170   5.1705   5.3925   5.5850   0.0000   0.0000;
160:  0.4265   0.7105   0.9385   1.1695   1.4235   1.6825   1.9735   2.2715   2.5095   2.7465   3.0540   3.3625   3.6095   3.8585   4.1120   4.3805   4.6555   4.9195   5.1805   5.4070   5.5965   0.0000   0.0000;
161:  0.4265   0.7105   0.9385   1.1695   1.4230   1.6820   1.9735   2.2715   2.5095   2.7465   3.0540   3.3625   3.6090   3.8580   4.1120   4.3790   4.6535   4.9215   5.1900   5.4220   5.6095   0.0000   0.0000;
162:  0.4265   0.7105   0.9380   1.1690   1.4235   1.6825   1.9735   2.2715   2.5095   2.7465   3.0545   3.3635   3.6090   3.8580   4.1120   4.3775   4.6515   4.9225   5.1980   5.4360   5.6235   0.0000   0.0000;
163:  0.4260   0.7110   0.9385   1.1690   1.4230   1.6820   1.9730   2.2710   2.5095   2.7465   3.0545   3.3635   3.6090   3.8580   4.1120   4.3765   4.6495   4.9235   5.2060   5.4510   5.6395   0.0000   0.0000;
164:  0.4260   0.7110   0.9385   1.1690   1.4235   1.6825   1.9730   2.2705   2.5085   2.7460   3.0545   3.3635   3.6090   3.8575   4.1110   4.3745   4.6465   4.9225   5.2115   5.4645   5.6555   0.0000   0.0000;
165:  0.4260   0.7110   0.9385   1.1690   1.4235   1.6825   1.9730   2.2705   2.5085   2.7460   3.0545   3.3640   3.6090   3.8570   4.1105   4.3730   4.6435   4.9210   5.2170   5.4780   5.6725   0.0000   0.0000;
166:  0.4260   0.7110   0.9385   1.1690   1.4235   1.6820   1.9725   2.2705   2.5085   2.7460   3.0545   3.3640   3.6090   3.8570   4.1100   4.3715   4.6410   4.9200   5.2210   5.4900   5.6900   0.0000   0.0000;
167:  0.4260   0.7110   0.9385   1.1690   1.4235   1.6820   1.9725   2.2700   2.5075   2.7455   3.0545   3.3640   3.6085   3.8560   4.1090   4.3700   4.6380   4.9175   5.2240   5.5015   5.7075   0.0000   0.0000;
168:  0.4260   0.7110   0.9385   1.1690   1.4235   1.6820   1.9725   2.2700   2.5075   2.7455   3.0540   3.3635   3.6085   3.8560   4.1085   4.3685   4.6350   4.9145   5.2250   5.5115   5.7255   0.0000   0.0000;
169:  0.4255   0.7105   0.9385   1.1695   1.4240   1.6820   1.9730   2.2705   2.5075   2.7455   3.0540   3.3640   3.6085   3.8555   4.1080   4.3670   4.6325   4.9120   5.2260   5.5210   5.7430   0.0000   0.0000;
170:  0.4255   0.7110   0.9390   1.1695   1.4240   1.6815   1.9725   2.2700   2.5065   2.7445   3.0535   3.3640   3.6085   3.8555   4.1075   4.3660   4.6295   4.9080   5.2250   5.5285   5.7595   0.0000   0.0000;
171:  0.4255   0.7110   0.9390   1.1695   1.4245   1.6820   1.9730   2.2705   2.5065   2.7445   3.0535   3.3640   3.6085   3.8555   4.1070   4.3645   4.6265   4.9040   5.2235   5.5355   5.7760   0.0000   0.0000;
172:  0.4250   0.7110   0.9390   1.1695   1.4245   1.6820   1.9730   2.2705   2.5060   2.7440   3.0530   3.3630   3.6080   3.8550   4.1055   4.3625   4.6240   4.9005   5.2210   5.5410   5.7910   6.0225   0.0000;
173:  0.4250   0.7110   0.9390   1.1695   1.4250   1.6820   1.9730   2.2710   2.5060   2.7440   3.0530   3.3630   3.6080   3.8550   4.1050   4.3615   4.6220   4.8965   5.2180   5.5460   5.8050   6.0325   0.0000;
174:  0.4250   0.7110   0.9390   1.1695   1.4250   1.6820   1.9735   2.2715   2.5055   2.7440   3.0535   3.3630   3.6080   3.8550   4.1045   4.3605   4.6200   4.8930   5.2155   5.5500   5.8175   6.0430   0.0000;
175:  0.4250   0.7110   0.9390   1.1695   1.4250   1.6820   1.9735   2.2715   2.5055   2.7440   3.0535   3.3630   3.6080   3.8545   4.1030   4.3585   4.6175   4.8890   5.2120   5.5530   5.8300   6.0540   0.0000;
176:  0.4250   0.7110   0.9390   1.1700   1.4260   1.6820   1.9730   2.2715   2.5050   2.7435   3.0535   3.3630   3.6080   3.8545   4.1025   4.3575   4.6155   4.8855   5.2085   5.5550   5.8410   6.0645   0.0000;
177:  0.4250   0.7115   0.9395   1.1700   1.4260   1.6820   1.9735   2.2720   2.5050   2.7435   3.0530   3.3620   3.6075   3.8545   4.1015   4.3555   4.6135   4.8820   5.2040   5.5555   5.8510   6.0755   0.0000;
178:  0.4250   0.7115   0.9400   1.1705   1.4260   1.6820   1.9735   2.2720   2.5045   2.7430   3.0530   3.3620   3.6075   3.8545   4.1010   4.3545   4.6115   4.8785   5.1995   5.5560   5.8605   6.0855   0.0000;
179:  0.4250   0.7115   0.9400   1.1705   1.4265   1.6820   1.9735   2.2725   2.5040   2.7425   3.0530   3.3620   3.6075   3.8540   4.1000   4.3530   4.6100   4.8760   5.1955   5.5550   5.8675   6.0955   0.0000;
180:  0.4250   0.7115   0.9400   1.1705   1.4265   1.6820   1.9735   2.2725   2.5035   2.7420   3.0530   3.3620   3.6075   3.8540   4.0995   4.3510   4.6070   4.8725   5.1910   5.5530   5.8740   6.1055   0.0000;
181:  0.4250   0.7115   0.9405   1.1710   1.4265   1.6820   1.9730   2.2715   2.5025   2.7415   3.0530   3.3620   3.6070   3.8535   4.0995   4.3500   4.6055   4.8705   5.1865   5.5495   5.8780   6.1140   0.0000;
182:  0.4250   0.7115   0.9405   1.1715   1.4275   1.6820   1.9725   2.2715   2.5020   2.7405   3.0520   3.3615   3.6070   3.8530   4.0985   4.3485   4.6035   4.8680   5.1830   5.5460   5.8810   6.1225   0.0000;
183:  0.4250   0.7115   0.9405   1.1715   1.4275   1.6820   1.9725   2.2715   2.5015   2.7400   3.0520   3.3610   3.6060   3.8520   4.0975   4.3470   4.6015   4.8655   5.1800   5.5420   5.8815   6.1295   0.0000;
184:  0.4250   0.7115   0.9405   1.1715   1.4275   1.6820   1.9720   2.2710   2.5010   2.7395   3.0520   3.3610   3.6060   3.8520   4.0975   4.3460   4.5995   4.8640   5.1780   5.5365   5.8805   6.1360   0.0000;
185:  0.4255   0.7115   0.9405   1.1715   1.4275   1.6815   1.9715   2.2705   2.5000   2.7385   3.0510   3.3600   3.6050   3.8510   4.0965   4.3440   4.5965   4.8615   5.1760   5.5320   5.8795   6.1410   0.0000;
186:  0.4255   0.7115   0.9405   1.1715   1.4275   1.6815   1.9710   2.2700   2.4995   2.7380   3.0510   3.3600   3.6050   3.8510   4.0965   4.3430   4.5945   4.8600   5.1745   5.5265   5.8765   6.1440   0.0000;
187:  0.4255   0.7115   0.9405   1.1715   1.4275   1.6815   1.9705   2.2690   2.4985   2.7375   3.0505   3.3590   3.6040   3.8500   4.0955   4.3410   4.5920   4.8580   5.1730   5.5205   5.8725   6.1470   0.0000;
188:  0.4255   0.7115   0.9410   1.1720   1.4275   1.6815   1.9705   2.2690   2.4980   2.7370   3.0500   3.3580   3.6035   3.8500   4.0955   4.3400   4.5900   4.8560   5.1720   5.5150   5.8675   6.1475   0.0000;
189:  0.4255   0.7115   0.9410   1.1720   1.4275   1.6815   1.9700   2.2675   2.4965   2.7360   3.0490   3.3570   3.6025   3.8495   4.0955   4.3390   4.5880   4.8540   5.1715   5.5095   5.8620   6.1480   0.0000;
190:  0.4255   0.7115   0.9410   1.1720   1.4270   1.6810   1.9695   2.2670   2.4965   2.7360   3.0485   3.3560   3.6015   3.8490   4.0950   4.3370   4.5855   4.8530   5.1725   5.5055   5.8570   6.1470   0.0000;
191:  0.4255   0.7115   0.9410   1.1720   1.4270   1.6810   1.9690   2.2655   2.4950   2.7350   3.0480   3.3550   3.5995   3.8480   4.0945   4.3360   4.5845   4.8520   5.1730   5.5015   5.8515   6.1450   0.0000;
192:  0.4255   0.7115   0.9410   1.1720   1.4270   1.6810   1.9690   2.2650   2.4940   2.7345   3.0475   3.3540   3.5985   3.8475   4.0945   4.3350   4.5830   4.8515   5.1740   5.4980   5.8465   6.1430   0.0000;
193:  0.4255   0.7115   0.9410   1.1720   1.4265   1.6805   1.9685   2.2640   2.4930   2.7335   3.0465   3.3530   3.5975   3.8465   4.0935   4.3340   4.5820   4.8505   5.1740   5.4945   5.8415   6.1410   0.0000;
194:  0.4265   0.7120   0.9410   1.1720   1.4260   1.6795   1.9675   2.2630   2.4920   2.7325   3.0455   3.3515   3.5960   3.8460   4.0935   4.3330   4.5810   4.8500   5.1740   5.4915   5.8370   6.1385   0.0000;
195:  0.4265   0.7120   0.9410   1.1715   1.4255   1.6795   1.9670   2.2620   2.4910   2.7320   3.0445   3.3500   3.5950   3.8455   4.0930   4.3320   4.5800   4.8485   5.1730   5.4885   5.8325   6.1350   0.0000;
196:  0.4265   0.7120   0.9405   1.1710   1.4255   1.6795   1.9665   2.2610   2.4905   2.7315   3.0435   3.3485   3.5935   3.8450   4.0930   4.3320   4.5800   4.8480   5.1730   5.4865   5.8280   6.1310   0.0000;
197:  0.4265   0.7120   0.9405   1.1710   1.4255   1.6795   1.9665   2.2605   2.4895   2.7305   3.0425   3.3470   3.5920   3.8445   4.0930   4.3315   4.5790   4.8465   5.1720   5.4845   5.8240   6.1270   0.0000;
198:  0.4265   0.7120   0.9405   1.1710   1.4250   1.6785   1.9655   2.2595   2.4885   2.7295   3.0415   3.3460   3.5910   3.8435   4.0925   4.3315   4.5785   4.8450   5.1710   5.4830   5.8200   6.1225   0.0000;
199:  0.4270   0.7120   0.9405   1.1710   1.4245   1.6780   1.9650   2.2585   2.4880   2.7290   3.0405   3.3445   3.5890   3.8425   4.0925   4.3315   4.5785   4.8440   5.1700   5.4830   5.8180   6.1185   0.0000;
200:  0.4270   0.7120   0.9405   1.1710   1.4245   1.6775   1.9645   2.2580   2.4870   2.7280   3.0390   3.3430   3.5880   3.8420   4.0925   4.3320   4.5785   4.8425   5.1695   5.4840   5.8160   6.1140   0.0000;
201:  0.4270   0.7120   0.9405   1.1705   1.4235   1.6770   1.9640   2.2565   2.4860   2.7275   3.0380   3.3415   3.5865   3.8415   4.0920   4.3320   4.5790   4.8420   5.1695   5.4860   5.8145   6.1095   0.0000;
202:  0.4270   0.7120   0.9405   1.1705   1.4235   1.6765   1.9630   2.2560   2.4855   2.7265   3.0370   3.3405   3.5850   3.8400   4.0915   4.3320   4.5790   4.8410   5.1685   5.4885   5.8140   6.1050   0.0000;
203:  0.4270   0.7120   0.9405   1.1705   1.4230   1.6760   1.9630   2.2555   2.4845   2.7255   3.0360   3.3395   3.5840   3.8395   4.0915   4.3325   4.5790   4.8395   5.1675   5.4915   5.8140   6.1010   0.0000;
204:  0.4275   0.7120   0.9405   1.1700   1.4225   1.6755   1.9620   2.2545   2.4835   2.7245   3.0350   3.3390   3.5830   3.8380   4.0910   4.3325   4.5790   4.8390   5.1670   5.4945   5.8145   6.0975   0.0000;
205:  0.4275   0.7120   0.9400   1.1695   1.4220   1.6750   1.9615   2.2535   2.4825   2.7235   3.0340   3.3380   3.5815   3.8365   4.0905   4.3335   4.5805   4.8390   5.1665   5.4980   5.8150   6.0935   0.0000;
206:  0.4275   0.7120   0.9400   1.1695   1.4220   1.6745   1.9605   2.2525   2.4815   2.7225   3.0335   3.3375   3.5805   3.8355   4.0900   4.3340   4.5810   4.8385   5.1660   5.5010   5.8155   6.0910   0.0000;
207:  0.4280   0.7120   0.9405   1.1695   1.4210   1.6735   1.9595   2.2520   2.4810   2.7210   3.0320   3.3370   3.5795   3.8340   4.0890   4.3345   4.5820   4.8380   5.1650   5.5035   5.8160   0.0000   0.0000;
208:  0.4280   0.7120   0.9405   1.1695   1.4210   1.6730   1.9585   2.2510   2.4800   2.7200   3.0315   3.3360   3.5780   3.8325   4.0875   4.3350   4.5830   4.8375   5.1640   5.5055   5.8160   0.0000   0.0000;
209:  0.4280   0.7120   0.9405   1.1695   1.4205   1.6720   1.9580   2.2510   2.4795   2.7185   3.0300   3.3355   3.5770   3.8310   4.0865   4.3350   4.5840   4.8380   5.1630   5.5070   5.8165   0.0000   0.0000;
210:  0.4280   0.7115   0.9400   1.1690   1.4200   1.6715   1.9570   2.2500   2.4785   2.7175   3.0295   3.3350   3.5760   3.8295   4.0855   4.3355   4.5845   4.8375   5.1615   5.5075   5.8160   0.0000   0.0000;
211:  0.4285   0.7115   0.9400   1.1685   1.4190   1.6705   1.9560   2.2490   2.4780   2.7165   3.0285   3.3345   3.5745   3.8280   4.0845   4.3355   4.5855   4.8375   5.1610   5.5090   5.8160   0.0000   0.0000;
212:  0.4285   0.7115   0.9400   1.1685   1.4185   1.6700   1.9555   2.2480   2.4770   2.7155   3.0280   3.3340   3.5735   3.8270   4.0840   4.3360   4.5860   4.8375   5.1600   5.5090   0.0000   0.0000   0.0000;
213:  0.4285   0.7115   0.9400   1.1680   1.4180   1.6695   1.9550   2.2475   2.4765   2.7145   3.0270   3.3335   3.5720   3.8250   4.0830   4.3360   4.5865   4.8380   5.1590   5.5085   0.0000   0.0000   0.0000;
214:  0.4285   0.7115   0.9400   1.1680   1.4175   1.6685   1.9540   2.2470   2.4760   2.7135   3.0265   3.3330   3.5710   3.8240   4.0825   4.3365   4.5870   4.8380   5.1585   5.5085   0.0000   0.0000   0.0000;
215:  0.4290   0.7115   0.9395   1.1670   1.4165   1.6675   1.9530   2.2460   2.4755   2.7125   3.0250   3.3320   3.5700   3.8230   4.0815   4.3360   4.5875   4.8385   5.1575   5.5080   0.0000   0.0000   0.0000;
216:  0.4290   0.7115   0.9395   1.1665   1.4160   1.6675   1.9525   2.2450   2.4750   2.7115   3.0235   3.3310   3.5690   3.8220   4.0805   4.3355   4.5875   4.8385   5.1565   5.5070   0.0000   0.0000   0.0000;
217:  0.4290   0.7115   0.9395   1.1665   1.4155   1.6665   1.9515   2.2440   2.4740   2.7105   3.0230   3.3300   3.5675   3.8210   4.0800   4.3355   4.5875   4.8385   5.1550   5.5055   0.0000   0.0000   0.0000;
218:  0.4290   0.7115   0.9395   1.1660   1.4145   1.6660   1.9510   2.2430   2.4735   2.7100   3.0220   3.3290   3.5660   3.8195   4.0795   4.3355   4.5875   4.8385   5.1535   5.5040   0.0000   0.0000   0.0000;
219:  0.4295   0.7115   0.9390   1.1655   1.4140   1.6650   1.9500   2.2420   2.4730   2.7090   3.0205   3.3275   3.5650   3.8195   4.0790   4.3350   4.5875   4.8385   5.1520   5.5025   0.0000   0.0000   0.0000;
220:  0.4295   0.7115   0.9390   1.1650   1.4130   1.6645   1.9495   2.2410   2.4725   2.7085   3.0195   3.3260   3.5635   3.8185   4.0785   4.3350   4.5880   4.8390   5.1495   5.5000   0.0000   0.0000   0.0000;
221:  0.4295   0.7115   0.9385   1.1645   1.4130   1.6645   1.9490   2.2400   2.4720   2.7080   3.0185   3.3250   3.5625   3.8180   4.0785   4.3345   4.5870   4.8380   5.1460   5.4970   0.0000   0.0000   0.0000;
222:  0.4300   0.7115   0.9385   1.1645   1.4125   1.6635   1.9480   2.2390   2.4715   2.7070   3.0165   3.3230   3.5610   3.8170   4.0780   4.3340   4.5870   4.8380   5.1430   5.4945   0.0000   0.0000   0.0000;
223:  0.4300   0.7115   0.9380   1.1635   1.4115   1.6630   1.9475   2.2380   2.4710   2.7065   3.0155   3.3220   3.5605   3.8170   4.0780   4.3335   4.5860   4.8370   5.1395   5.4910   0.0000   0.0000   0.0000;
224:  0.4300   0.7115   0.9375   1.1630   1.4115   1.6625   1.9465   2.2370   2.4705   2.7060   3.0140   3.3205   3.5595   3.8165   4.0780   4.3325   4.5845   4.8355   5.1355   0.0000   0.0000   0.0000   0.0000;
225:  0.4295   0.7110   0.9375   1.1630   1.4110   1.6620   1.9460   2.2355   2.4695   2.7055   3.0125   3.3190   3.5590   3.8160   4.0775   4.3310   4.5825   4.8345   0.0000   0.0000   0.0000   0.0000   0.0000;
226:  0.4295   0.7110   0.9370   1.1625   1.4110   1.6620   1.9460   2.2350   2.4690   2.7050   3.0105   3.3175   3.5590   3.8160   4.0775   4.3300   4.5805   4.8325   0.0000   0.0000   0.0000   0.0000   0.0000;
227:  0.4300   0.7110   0.9365   1.1615   1.4100   1.6610   1.9450   2.2340   2.4685   2.7045   3.0090   3.3165   3.5585   3.8150   4.0770   4.3285   4.5785   4.8315   0.0000   0.0000   0.0000   0.0000   0.0000;
228:  0.4300   0.7110   0.9360   1.1610   1.4100   1.6610   1.9445   2.2330   2.4680   2.7040   3.0075   3.3155   3.5585   3.8150   4.0770   4.3275   4.5760   4.8290   0.0000   0.0000   0.0000   0.0000   0.0000;
229:  0.4300   0.7110   0.9355   1.1605   1.4095   1.6600   1.9435   2.2320   2.4670   2.7030   3.0060   3.3145   3.5585   3.8145   4.0765   4.3265   4.5740   4.8270   0.0000   0.0000   0.0000   0.0000   0.0000;
230:  0.4305   0.7110   0.9350   1.1595   1.4090   1.6600   1.9435   2.2315   2.4665   2.7025   3.0050   3.3145   3.5590   3.8140   4.0755   4.3250   4.5715   4.8240   0.0000   0.0000   0.0000   0.0000   0.0000;
231:  0.4305   0.7110   0.9350   1.1595   1.4090   1.6600   1.9430   2.2305   2.4655   2.7015   3.0035   3.3135   3.5590   3.8135   4.0745   4.3235   4.5690   4.8215   0.0000   0.0000   0.0000   0.0000   0.0000;
232:  0.4300   0.7110   0.9350   1.1590   1.4085   1.6595   1.9425   2.2295   2.4645   2.7005   3.0025   3.3130   3.5590   3.8125   4.0730   4.3220   4.5670   4.8190   0.0000   0.0000   0.0000   0.0000   0.0000;
233:  0.4300   0.7110   0.9345   1.1585   1.4085   1.6595   1.9425   2.2290   2.4635   2.6995   3.0015   3.3130   3.5595   3.8120   4.0715   4.3200   4.5645   4.8160   0.0000   0.0000   0.0000   0.0000   0.0000;
234:  0.4300   0.7110   0.9345   1.1580   1.4080   1.6590   1.9420   2.2280   2.4620   2.6985   3.0010   3.3130   3.5595   3.8110   4.0695   4.3180   4.5630   4.8135   0.0000   0.0000   0.0000   0.0000   0.0000;
235:  0.4300   0.7110   0.9340   1.1575   1.4075   1.6585   1.9420   2.2275   2.4605   2.6965   3.0000   3.3130   3.5595   3.8100   4.0680   4.3165   4.5615   4.8105   0.0000   0.0000   0.0000   0.0000   0.0000;
236:  0.4305   0.7110   0.9340   1.1575   1.4075   1.6585   1.9420   2.2270   2.4595   2.6955   2.9995   3.3135   3.5605   3.8095   4.0660   4.3150   4.5605   4.8070   0.0000   0.0000   0.0000   0.0000   0.0000;
237:  0.4305   0.7110   0.9335   1.1570   1.4075   1.6585   1.9415   2.2260   2.4585   2.6945   2.9990   3.3135   3.5605   3.8085   4.0640   4.3130   4.5590   4.8030   0.0000   0.0000   0.0000   0.0000   0.0000;
238:  0.4305   0.7110   0.9330   1.1560   1.4070   1.6585   1.9415   2.2255   2.4570   2.6930   2.9990   3.3145   3.5610   3.8075   4.0620   4.3110   4.5580   4.7995   0.0000   0.0000   0.0000   0.0000   0.0000;
239:  0.4300   0.7105   0.9330   1.1560   1.4065   1.6580   1.9415   2.2250   2.4560   2.6920   2.9990   3.3150   3.5610   3.8065   4.0595   4.3090   4.5570   4.7955   0.0000   0.0000   0.0000   0.0000   0.0000;
240:  0.4300   0.7105   0.9330   1.1555   1.4060   1.6585   1.9420   2.2245   2.4545   2.6905   2.9990   3.3155   3.5610   3.8060   4.0580   4.3075   4.5560   4.7910   0.0000   0.0000   0.0000   0.0000   0.0000;
241:  0.4300   0.7105   0.9325   1.1550   1.4055   1.6580   1.9420   2.2240   2.4530   2.6890   2.9990   3.3160   3.5610   3.8055   4.0565   4.3060   4.5550   4.7870   0.0000   0.0000   0.0000   0.0000   0.0000;
242:  0.4300   0.7105   0.9325   1.1545   1.4050   1.6580   1.9415   2.2235   2.4525   2.6885   2.9995   3.3160   3.5600   3.8045   4.0550   4.3050   4.5545   4.7825   0.0000   0.0000   0.0000   0.0000   0.0000;
243:  0.4300   0.7110   0.9330   1.1545   1.4045   1.6575   1.9415   2.2230   2.4510   2.6875   3.0005   3.3170   3.5600   3.8040   4.0535   4.3040   4.5540   4.7780   0.0000   0.0000   0.0000   0.0000   0.0000;
244:  0.4305   0.7110   0.9325   1.1535   1.4040   1.6575   1.9410   2.2225   2.4500   2.6865   3.0010   3.3175   3.5595   3.8030   4.0520   4.3035   4.5545   4.7740   0.0000   0.0000   0.0000   0.0000   0.0000;
245:  0.4305   0.7110   0.9325   1.1535   1.4035   1.6570   1.9410   2.2225   2.4490   2.6855   3.0015   3.3175   3.5590   3.8025   4.0505   4.3030   4.5545   4.7695   0.0000   0.0000   0.0000   0.0000   0.0000;
246:  0.4305   0.7110   0.9325   1.1530   1.4030   1.6570   1.9405   2.2225   2.4490   2.6855   3.0025   3.3180   3.5585   3.8015   4.0495   4.3030   4.5545   0.0000   0.0000   0.0000   0.0000   0.0000   0.0000;
247:  0.4305   0.7110   0.9325   1.1530   1.4025   1.6565   1.9405   2.2225   2.4480   2.6850   3.0035   3.3180   3.5575   3.8005   4.0480   4.3025   4.5550   0.0000   0.0000   0.0000   0.0000   0.0000   0.0000;
248:  0.4300   0.7105   0.9325   1.1530   1.4020   1.6555   1.9395   2.2225   2.4480   2.6850   3.0045   3.3185   3.5575   3.8005   4.0480   4.3035   4.5555   0.0000   0.0000   0.0000   0.0000   0.0000   0.0000;
249:  0.4300   0.7105   0.9325   1.1530   1.4020   1.6555   1.9395   2.2225   2.4475   2.6850   3.0055   3.3190   3.5570   3.7995   4.0470   4.3040   4.5565   0.0000   0.0000   0.0000   0.0000   0.0000   0.0000;
250:  0.4300   0.7105   0.9325   1.1525   1.4015   1.6550   1.9390   2.2230   2.4475   2.6850   3.0060   3.3190   3.5570   3.7995   4.0470   4.3055   4.5580   0.0000   0.0000   0.0000   0.0000   0.0000   0.0000;
251:  0.4300   0.7105   0.9325   1.1525   1.4010   1.6540   1.9380   2.2235   2.4485   2.6855   3.0070   3.3195   3.5570   3.8000   4.0470   4.3060   4.5590   0.0000   0.0000   0.0000   0.0000   0.0000   0.0000;
252:  0.4300   0.7105   0.9325   1.1525   1.4010   1.6535   1.9375   2.2240   2.4490   2.6860   3.0075   3.3190   3.5560   3.7995   4.0475   4.3075   0.0000   0.0000   0.0000   0.0000   0.0000   0.0000   0.0000;
253:  0.4300   0.7105   0.9325   1.1525   1.4005   1.6530   1.9370   2.2245   2.4500   2.6865   3.0085   3.3195   3.5560   3.7995   4.0480   4.3090   0.0000   0.0000   0.0000   0.0000   0.0000   0.0000   0.0000;
254:  0.4300   0.7105   0.9325   1.1525   1.4000   1.6520   1.9365   2.2250   2.4505   2.6870   3.0095   3.3195   3.5555   3.8000   4.0490   4.3105   0.0000   0.0000   0.0000   0.0000   0.0000   0.0000   0.0000;
255:  0.4300   0.7105   0.9325   1.1525   1.4000   1.6515   1.9360   2.2260   2.4515   2.6875   3.0100   3.3195   3.5550   3.7995   4.0495   4.3125   0.0000   0.0000   0.0000   0.0000   0.0000   0.0000   0.0000;
256:  0.4300   0.7105   0.9325   1.1525   1.3995   1.6505   1.9355   2.2270   2.4530   2.6890   3.0110   3.3190   3.5545   3.8000   4.0510   4.3140   0.0000   0.0000   0.0000   0.0000   0.0000   0.0000   0.0000;
257:  0.4300   0.7105   0.9325   1.1525   1.3990   1.6495   1.9355   2.2280   2.4535   2.6895   3.0120   3.3190   3.5540   3.8005   4.0520   4.3155   0.0000   0.0000   0.0000   0.0000   0.0000   0.0000   0.0000;
258:  0.4305   0.7105   0.9325   1.1525   1.3990   1.6490   1.9350   2.2290   2.4550   2.6905   3.0125   3.3190   3.5540   3.8010   4.0535   4.3175   0.0000   0.0000   0.0000   0.0000   0.0000   0.0000   0.0000;
259:  0.4305   0.7105   0.9325   1.1525   1.3990   1.6485   1.9345   2.2295   2.4560   2.6915   3.0135   3.3190   3.5530   3.8010   4.0550   4.3185   0.0000   0.0000   0.0000   0.0000   0.0000   0.0000   0.0000;
260:  0.4305   0.7105   0.9325   1.1525   1.3990   1.6480   1.9345   2.2305   2.4570   2.6925   3.0140   3.3190   3.5530   3.8015   4.0565   4.3190   0.0000   0.0000   0.0000   0.0000   0.0000   0.0000   0.0000;
261:  0.4300   0.7100   0.9325   1.1525   1.3985   1.6475   1.9345   2.2310   2.4580   2.6935   3.0145   3.3185   3.5530   3.8025   4.0585   4.3205   0.0000   0.0000   0.0000   0.0000   0.0000   0.0000   0.0000;
262:  0.4300   0.7100   0.9330   1.1530   1.3985   1.6475   1.9350   2.2325   2.4600   2.6950   3.0150   3.3185   3.5530   3.8030   4.0600   4.3215   0.0000   0.0000   0.0000   0.0000   0.0000   0.0000   0.0000;
263:  0.4300   0.7100   0.9330   1.1530   1.3985   1.6475   1.9355   2.2330   2.4605   2.6960   3.0160   3.3185   3.5530   3.8045   4.0625   4.3225   0.0000   0.0000   0.0000   0.0000   0.0000   0.0000   0.0000;
264:  0.4300   0.7100   0.9330   1.1530   1.3985   1.6475   1.9355   2.2335   2.4615   2.6965   3.0160   3.3185   3.5535   3.8060   4.0650   4.3235   0.0000   0.0000   0.0000   0.0000   0.0000   0.0000   0.0000;
265:  0.4300   0.7105   0.9335   1.1530   1.3985   1.6475   1.9360   2.2340   2.4620   2.6975   3.0165   3.3180   3.5535   3.8075   4.0675   4.3245   0.0000   0.0000   0.0000   0.0000   0.0000   0.0000   0.0000;
266:  0.4295   0.7105   0.9335   1.1535   1.3990   1.6475   1.9365   2.2345   2.4625   2.6985   3.0175   3.3185   3.5540   3.8090   4.0700   4.3255   0.0000   0.0000   0.0000   0.0000   0.0000   0.0000   0.0000;
267:  0.4295   0.7105   0.9335   1.1535   1.3990   1.6480   1.9375   2.2350   2.4630   2.6995   3.0180   3.3185   3.5545   3.8105   4.0725   4.3260   0.0000   0.0000   0.0000   0.0000   0.0000   0.0000   0.0000;
268:  0.4295   0.7105   0.9335   1.1535   1.3990   1.6485   1.9380   2.2350   2.4635   2.7005   3.0185   3.3185   3.5550   3.8125   4.0750   4.3260   0.0000   0.0000   0.0000   0.0000   0.0000   0.0000   0.0000;
269:  0.4295   0.7105   0.9335   1.1540   1.4000   1.6490   1.9385   2.2355   2.4640   2.7015   3.0195   3.3195   3.5560   3.8140   4.0775   4.3265   0.0000   0.0000   0.0000   0.0000   0.0000   0.0000   0.0000;
270:  0.4295   0.7105   0.9335   1.1540   1.4000   1.6500   1.9400   2.2365   2.4645   2.7025   3.0205   3.3195   3.5570   3.8160   4.0805   4.3280   0.0000   0.0000   0.0000   0.0000   0.0000   0.0000   0.0000;
271:  0.4300   0.7110   0.9335   1.1540   1.4000   1.6500   1.9400   2.2365   2.4650   2.7035   3.0215   3.3210   3.5585   3.8175   4.0825   4.3290   0.0000   0.0000   0.0000   0.0000   0.0000   0.0000   0.0000;
272:  0.4300   0.7110   0.9335   1.1540   1.4000   1.6505   1.9405   2.2365   2.4650   2.7040   3.0220   3.3215   3.5600   3.8200   4.0855   4.3315   0.0000   0.0000   0.0000   0.0000   0.0000   0.0000   0.0000;
273:  0.4300   0.7110   0.9340   1.1550   1.4010   1.6515   1.9410   2.2365   2.4655   2.7045   3.0220   3.3220   3.5615   3.8220   4.0875   4.3335   0.0000   0.0000   0.0000   0.0000   0.0000   0.0000   0.0000;
274:  0.4300   0.7110   0.9340   1.1550   1.4015   1.6525   1.9415   2.2365   2.4655   2.7050   3.0225   3.3230   3.5640   3.8250   4.0900   4.3350   0.0000   0.0000   0.0000   0.0000   0.0000   0.0000   0.0000;
275:  0.4300   0.7110   0.9340   1.1550   1.4015   1.6530   1.9420   2.2370   2.4665   2.7055   3.0230   3.3240   3.5655   3.8270   4.0920   4.3370   0.0000   0.0000   0.0000   0.0000   0.0000   0.0000   0.0000;
276:  0.4300   0.7110   0.9340   1.1555   1.4025   1.6540   1.9425   2.2375   2.4675   2.7065   3.0240   3.3255   3.5680   3.8295   4.0940   4.3395   0.0000   0.0000   0.0000   0.0000   0.0000   0.0000   0.0000;
277:  0.4300   0.7110   0.9340   1.1555   1.4025   1.6545   1.9430   2.2375   2.4680   2.7075   3.0245   3.3265   3.5700   3.8315   4.0960   4.3420   0.0000   0.0000   0.0000   0.0000   0.0000   0.0000   0.0000;
278:  0.4300   0.7110   0.9340   1.1555   1.4030   1.6555   1.9435   2.2380   2.4690   2.7080   3.0250   3.3275   3.5720   3.8340   4.0985   4.3450   0.0000   0.0000   0.0000   0.0000   0.0000   0.0000   0.0000;
279:  0.4300   0.7110   0.9340   1.1560   1.4035   1.6560   1.9440   2.2385   2.4700   2.7090   3.0255   3.3285   3.5740   3.8360   4.1005   4.3480   0.0000   0.0000   0.0000   0.0000   0.0000   0.0000   0.0000;
280:  0.4300   0.7110   0.9340   1.1560   1.4040   1.6570   1.9445   2.2390   2.4710   2.7095   3.0260   3.3300   3.5765   3.8385   4.1025   4.3515   0.0000   0.0000   0.0000   0.0000   0.0000   0.0000   0.0000;
281:  0.4300   0.7110   0.9345   1.1570   1.4050   1.6575   1.9445   2.2400   2.4725   2.7100   3.0265   3.3315   3.5780   3.8400   4.1050   4.3550   0.0000   0.0000   0.0000   0.0000   0.0000   0.0000   0.0000;
282:  0.4300   0.7115   0.9350   1.1570   1.4050   1.6580   1.9450   2.2405   2.4740   2.7115   3.0280   3.3335   3.5800   3.8420   4.1070   4.3580   0.0000   0.0000   0.0000   0.0000   0.0000   0.0000   0.0000;
283:  0.4300   0.7120   0.9350   1.1570   1.4055   1.6590   1.9460   2.2420   2.4755   2.7120   3.0285   3.3350   3.5820   3.8440   4.1085   4.3610   0.0000   0.0000   0.0000   0.0000   0.0000   0.0000   0.0000;
284:  0.4300   0.7120   0.9350   1.1575   1.4065   1.6600   1.9465   2.2425   2.4770   2.7130   3.0290   3.3370   3.5840   3.8460   4.1110   4.3650   0.0000   0.0000   0.0000   0.0000   0.0000   0.0000   0.0000;
285:  0.4300   0.7120   0.9350   1.1575   1.4070   1.6610   1.9475   2.2440   2.4790   2.7145   3.0300   3.3385   3.5855   3.8475   4.1130   4.3680   0.0000   0.0000   0.0000   0.0000   0.0000   0.0000   0.0000;
286:  0.4300   0.7120   0.9350   1.1580   1.4085   1.6625   1.9480   2.2445   2.4805   2.7160   3.0310   3.3400   3.5875   3.8495   4.1150   4.3715   0.0000   0.0000   0.0000   0.0000   0.0000   0.0000   0.0000;
287:  0.4300   0.7120   0.9355   1.1585   1.4090   1.6635   1.9490   2.2460   2.4825   2.7170   3.0315   3.3415   3.5890   3.8510   4.1170   4.3750   0.0000   0.0000   0.0000   0.0000   0.0000   0.0000   0.0000;
288:  0.4300   0.7120   0.9355   1.1585   1.4095   1.6645   1.9500   2.2470   2.4840   2.7185   3.0325   3.3430   3.5910   3.8530   4.1190   4.3785   0.0000   0.0000   0.0000   0.0000   0.0000   0.0000   0.0000;
289:  0.4300   0.7125   0.9360   1.1590   1.4105   1.6660   1.9515   2.2480   2.4855   2.7200   3.0340   3.3450   3.5925   3.8545   4.1210   4.3820   0.0000   0.0000   0.0000   0.0000   0.0000   0.0000   0.0000;
290:  0.4300   0.7125   0.9360   1.1590   1.4110   1.6670   1.9525   2.2490   2.4875   2.7220   3.0350   3.3470   3.5950   3.8570   4.1235   4.3855   0.0000   0.0000   0.0000   0.0000   0.0000   0.0000   0.0000;
291:  0.4305   0.7130   0.9365   1.1600   1.4115   1.6680   1.9545   2.2505   2.4890   2.7240   3.0365   3.3485   3.5970   3.8590   4.1255   4.3885   0.0000   0.0000   0.0000   0.0000   0.0000   0.0000   0.0000;
292:  0.4305   0.7130   0.9365   1.1605   1.4125   1.6690   1.9555   2.2515   2.4910   2.7265   3.0380   3.3505   3.5995   3.8610   4.1280   4.3925   0.0000   0.0000   0.0000   0.0000   0.0000   0.0000   0.0000;
293:  0.4305   0.7130   0.9370   1.1610   1.4130   1.6705   1.9575   2.2530   2.4930   2.7285   3.0395   3.3530   3.6020   3.8630   4.1305   4.3960   0.0000   0.0000   0.0000   0.0000   0.0000   0.0000   0.0000;
294:  0.4305   0.7135   0.9375   1.1615   1.4140   1.6715   1.9590   2.2540   2.4940   2.7305   3.0410   3.3550   3.6045   3.8650   4.1325   4.3995   0.0000   0.0000   0.0000   0.0000   0.0000   0.0000   0.0000;
295:  0.4300   0.7135   0.9375   1.1615   1.4145   1.6725   1.9605   2.2555   2.4955   2.7325   3.0430   3.3575   3.6075   3.8675   4.1350   0.0000   0.0000   0.0000   0.0000   0.0000   0.0000   0.0000   0.0000;
296:  0.4300   0.7135   0.9380   1.1625   1.4155   1.6740   1.9630   2.2570   2.4965   2.7345   3.0450   3.3600   3.6110   3.8705   0.0000   0.0000   0.0000   0.0000   0.0000   0.0000   0.0000   0.0000   0.0000;
297:  0.4305   0.7140   0.9380   1.1630   1.4160   1.6745   1.9645   2.2585   2.4980   2.7360   3.0460   3.3620   3.6140   3.8730   0.0000   0.0000   0.0000   0.0000   0.0000   0.0000   0.0000   0.0000   0.0000;
298:  0.4305   0.7140   0.9380   1.1635   1.4170   1.6760   1.9665   2.2600   2.4995   2.7380   3.0480   3.3645   3.6170   3.8755   0.0000   0.0000   0.0000   0.0000   0.0000   0.0000   0.0000   0.0000   0.0000;
299:  0.4305   0.7140   0.9385   1.1640   1.4175   1.6770   1.9680   2.2610   2.5005   2.7400   3.0500   3.3665   3.6200   3.8790   0.0000   0.0000   0.0000   0.0000   0.0000   0.0000   0.0000   0.0000   0.0000;
300:  0.4305   0.7145   0.9390   1.1645   1.4180   1.6775   1.9695   2.2625   2.5020   2.7420   3.0520   3.3690   3.6235   3.8825   0.0000   0.0000   0.0000   0.0000   0.0000   0.0000   0.0000   0.0000   0.0000;
301:  0.4310   0.7150   0.9395   1.1655   1.4190   1.6785   1.9710   2.2640   2.5030   2.7435   3.0535   3.3705   3.6265   3.8865   0.0000   0.0000   0.0000   0.0000   0.0000   0.0000   0.0000   0.0000   0.0000;
302:  0.4310   0.7150   0.9400   1.1660   1.4195   1.6795   1.9725   2.2655   2.5040   2.7450   3.0555   3.3725   3.6295   3.8900   0.0000   0.0000   0.0000   0.0000   0.0000   0.0000   0.0000   0.0000   0.0000;
303:  0.4310   0.7150   0.9400   1.1665   1.4205   1.6800   1.9735   2.2665   2.5050   2.7470   3.0575   3.3745   3.6325   3.8940   0.0000   0.0000   0.0000   0.0000   0.0000   0.0000   0.0000   0.0000   0.0000;
304:  0.4310   0.7150   0.9405   1.1675   1.4215   1.6810   1.9750   2.2680   2.5060   2.7485   3.0595   3.3770   3.6360   3.8975   0.0000   0.0000   0.0000   0.0000   0.0000   0.0000   0.0000   0.0000   0.0000;
305:  0.4315   0.7160   0.9410   1.1675   1.4220   1.6820   1.9765   2.2695   2.5075   2.7505   3.0615   3.3790   3.6390   3.9015   0.0000   0.0000   0.0000   0.0000   0.0000   0.0000   0.0000   0.0000   0.0000;
306:  0.4315   0.7160   0.9415   1.1685   1.4230   1.6830   1.9775   2.2705   2.5085   2.7520   3.0635   3.3815   3.6425   3.9055   0.0000   0.0000   0.0000   0.0000   0.0000   0.0000   0.0000   0.0000   0.0000;
307:  0.4315   0.7160   0.9415   1.1685   1.4235   1.6835   1.9785   2.2720   2.5095   2.7535   3.0655   3.3835   3.6455   3.9095   0.0000   0.0000   0.0000   0.0000   0.0000   0.0000   0.0000   0.0000   0.0000;
308:  0.4310   0.7160   0.9420   1.1695   1.4245   1.6845   1.9800   2.2740   2.5110   2.7550   3.0675   3.3860   3.6485   3.9130   0.0000   0.0000   0.0000   0.0000   0.0000   0.0000   0.0000   0.0000   0.0000;
309:  0.4315   0.7165   0.9420   1.1695   1.4250   1.6850   1.9805   2.2750   2.5120   2.7565   3.0695   3.3885   3.6520   3.9175   0.0000   0.0000   0.0000   0.0000   0.0000   0.0000   0.0000   0.0000   0.0000;
310:  0.4315   0.7165   0.9425   1.1705   1.4260   1.6860   1.9820   2.2770   2.5135   2.7580   3.0720   3.3910   3.6540   3.9210   0.0000   0.0000   0.0000   0.0000   0.0000   0.0000   0.0000   0.0000   0.0000;
311:  0.4315   0.7165   0.9430   1.1710   1.4265   1.6870   1.9830   2.2785   2.5150   2.7595   3.0740   3.3935   3.6570   3.9255   0.0000   0.0000   0.0000   0.0000   0.0000   0.0000   0.0000   0.0000   0.0000;
312:  0.4315   0.7165   0.9435   1.1720   1.4275   1.6875   1.9830   2.2795   2.5170   2.7610   3.0755   3.3955   3.6595   3.9295   0.0000   0.0000   0.0000   0.0000   0.0000   0.0000   0.0000   0.0000   0.0000;
313:  0.4320   0.7175   0.9440   1.1720   1.4280   1.6885   1.9840   2.2805   2.5180   2.7625   3.0775   3.3980   3.6620   3.9330   0.0000   0.0000   0.0000   0.0000   0.0000   0.0000   0.0000   0.0000   0.0000;
314:  0.4320   0.7175   0.9445   1.1725   1.4285   1.6895   1.9850   2.2820   2.5200   2.7645   3.0795   3.4000   3.6645   3.9375   0.0000   0.0000   0.0000   0.0000   0.0000   0.0000   0.0000   0.0000   0.0000;
315:  0.4320   0.7175   0.9450   1.1735   1.4295   1.6905   1.9860   2.2835   2.5215   2.7655   3.0810   3.4025   3.6670   3.9415   0.0000   0.0000   0.0000   0.0000   0.0000   0.0000   0.0000   0.0000   0.0000;
316:  0.4325   0.7180   0.9455   1.1740   1.4300   1.6910   1.9865   2.2850   2.5235   2.7675   3.0830   3.4050   3.6690   3.9450   0.0000   0.0000   0.0000   0.0000   0.0000   0.0000   0.0000   0.0000   0.0000;
317:  0.4325   0.7180   0.9460   1.1750   1.4310   1.6920   1.9875   2.2865   2.5250   2.7690   3.0850   3.4070   3.6715   3.9495   0.0000   0.0000   0.0000   0.0000   0.0000   0.0000   0.0000   0.0000   0.0000;
318:  0.4325   0.7180   0.9465   1.1760   1.4320   1.6930   1.9885   2.2880   2.5270   2.7705   3.0870   3.4100   3.6745   3.9540   0.0000   0.0000   0.0000   0.0000   0.0000   0.0000   0.0000   0.0000   0.0000;
319:  0.4325   0.7180   0.9465   1.1760   1.4325   1.6940   1.9890   2.2885   2.5280   2.7720   3.0890   3.4120   3.6770   3.9585   0.0000   0.0000   0.0000   0.0000   0.0000   0.0000   0.0000   0.0000   0.0000;
320:  0.4330   0.7185   0.9470   1.1770   1.4335   1.6950   1.9900   2.2900   2.5300   2.7740   3.0910   3.4145   3.6805   3.9630   0.0000   0.0000   0.0000   0.0000   0.0000   0.0000   0.0000   0.0000   0.0000;
321:  0.4330   0.7185   0.9475   1.1775   1.4335   1.6955   1.9910   2.2910   2.5315   2.7755   3.0930   3.4170   3.6830   3.9675   0.0000   0.0000   0.0000   0.0000   0.0000   0.0000   0.0000   0.0000   0.0000;
322:  0.4330   0.7190   0.9485   1.1785   1.4350   1.6965   1.9915   2.2925   2.5330   2.7765   3.0950   3.4200   3.6865   3.9725   0.0000   0.0000   0.0000   0.0000   0.0000   0.0000   0.0000   0.0000   0.0000;
323:  0.4330   0.7190   0.9490   1.1795   1.4355   1.6970   1.9925   2.2935   2.5340   2.7775   3.0965   3.4215   3.6885   3.9770   0.0000   0.0000   0.0000   0.0000   0.0000   0.0000   0.0000   0.0000   0.0000;
324:  0.4335   0.7195   0.9495   1.1805   1.4365   1.6980   1.9935   2.2945   2.5355   2.7790   3.0985   3.4235   3.6910   3.9820   0.0000   0.0000   0.0000   0.0000   0.0000   0.0000   0.0000   0.0000   0.0000;
325:  0.4335   0.7195   0.9500   1.1815   1.4375   1.6990   1.9945   2.2955   2.5365   2.7805   3.1010   3.4260   3.6935   3.9865   0.0000   0.0000   0.0000   0.0000   0.0000   0.0000   0.0000   0.0000   0.0000;
326:  0.4335   0.7195   0.9505   1.1825   1.4385   1.7000   1.9955   2.2965   2.5380   2.7820   3.1025   3.4275   3.6960   3.9915   0.0000   0.0000   0.0000   0.0000   0.0000   0.0000   0.0000   0.0000   0.0000;
327:  0.4335   0.7195   0.9505   1.1830   1.4400   1.7015   1.9965   2.2975   2.5390   2.7830   3.1040   3.4295   3.6990   3.9965   0.0000   0.0000   0.0000   0.0000   0.0000   0.0000   0.0000   0.0000   0.0000;
328:  0.4340   0.7200   0.9510   1.1840   1.4410   1.7025   1.9975   2.2985   2.5400   2.7840   3.1060   3.4320   3.7025   4.0020   0.0000   0.0000   0.0000   0.0000   0.0000   0.0000   0.0000   0.0000   0.0000;
329:  0.4340   0.7200   0.9515   1.1850   1.4420   1.7030   1.9980   2.2995   2.5410   2.7855   3.1075   3.4340   3.7065   4.0070   0.0000   0.0000   0.0000   0.0000   0.0000   0.0000   0.0000   0.0000   0.0000;
330:  0.4340   0.7205   0.9525   1.1860   1.4430   1.7040   1.9990   2.3000   2.5415   2.7865   3.1090   3.4360   3.7095   4.0110   0.0000   0.0000   0.0000   0.0000   0.0000   0.0000   0.0000   0.0000   0.0000;
331:  0.4340   0.7205   0.9525   1.1865   1.4440   1.7045   1.9995   2.3010   2.5425   2.7875   3.1105   3.4385   3.7135   4.0160   0.0000   0.0000   0.0000   0.0000   0.0000   0.0000   0.0000   0.0000   0.0000;
332:  0.4350   0.7210   0.9530   1.1875   1.4450   1.7055   2.0005   2.3020   2.5435   2.7885   3.1120   3.4410   3.7175   4.0205   0.0000   0.0000   0.0000   0.0000   0.0000   0.0000   0.0000   0.0000   0.0000;
333:  0.4350   0.7210   0.9535   1.1885   1.4460   1.7065   2.0015   2.3030   2.5450   2.7900   3.1135   3.4435   3.7215   4.0240   0.0000   0.0000   0.0000   0.0000   0.0000   0.0000   0.0000   0.0000   0.0000;
334:  0.4350   0.7210   0.9535   1.1890   1.4470   1.7070   2.0020   2.3040   2.5460   2.7910   3.1145   3.4455   3.7250   4.0275   4.3160   0.0000   0.0000   0.0000   0.0000   0.0000   0.0000   0.0000   0.0000;
335:  0.4350   0.7210   0.9540   1.1900   1.4475   1.7075   2.0030   2.3045   2.5465   2.7920   3.1160   3.4485   3.7290   4.0305   4.3210   0.0000   0.0000   0.0000   0.0000   0.0000   0.0000   0.0000   0.0000;
336:  0.4350   0.7210   0.9540   1.1905   1.4485   1.7080   2.0040   2.3060   2.5480   2.7935   3.1170   3.4505   3.7325   4.0330   4.3260   0.0000   0.0000   0.0000   0.0000   0.0000   0.0000   0.0000   0.0000;
337:  0.4350   0.7210   0.9545   1.1910   1.4490   1.7085   2.0045   2.3065   2.5485   2.7945   3.1185   3.4530   3.7360   4.0360   4.3310   0.0000   0.0000   0.0000   0.0000   0.0000   0.0000   0.0000   0.0000;
338:  0.4355   0.7215   0.9545   1.1915   1.4495   1.7090   2.0055   2.3075   2.5495   2.7955   3.1200   3.4555   3.7390   4.0385   4.3365   0.0000   0.0000   0.0000   0.0000   0.0000   0.0000   0.0000   0.0000;
339:  0.4355   0.7215   0.9550   1.1925   1.4505   1.7095   2.0060   2.3085   2.5505   2.7965   3.1210   3.4575   3.7420   4.0410   4.3420   0.0000   0.0000   0.0000   0.0000   0.0000   0.0000   0.0000   0.0000;
340:  0.4355   0.7215   0.9550   1.1925   1.4510   1.7100   2.0065   2.3095   2.5515   2.7975   3.1225   3.4605   3.7455   4.0435   4.3470   4.6410   0.0000   0.0000   0.0000   0.0000   0.0000   0.0000   0.0000;
341:  0.4355   0.7215   0.9550   1.1930   1.4515   1.7100   2.0070   2.3105   2.5525   2.7985   3.1240   3.4630   3.7480   4.0455   4.3520   4.6455   0.0000   0.0000   0.0000   0.0000   0.0000   0.0000   0.0000;
342:  0.4355   0.7215   0.9550   1.1930   1.4515   1.7100   2.0075   2.3110   2.5535   2.8000   3.1255   3.4655   3.7505   4.0480   4.3575   4.6505   0.0000   0.0000   0.0000   0.0000   0.0000   0.0000   0.0000;
343:  0.4355   0.7220   0.9555   1.1930   1.4515   1.7095   2.0075   2.3125   2.5550   2.8015   3.1275   3.4680   3.7530   4.0500   4.3615   4.6535   0.0000   0.0000   0.0000   0.0000   0.0000   0.0000   0.0000;
344:  0.4355   0.7220   0.9555   1.1930   1.4520   1.7095   2.0075   2.3135   2.5560   2.8025   3.1295   3.4705   3.7545   4.0515   4.3655   4.6565   0.0000   0.0000   0.0000   0.0000   0.0000   0.0000   0.0000;
345:  0.4355   0.7220   0.9555   1.1935   1.4525   1.7095   2.0080   2.3145   2.5570   2.8035   3.1315   3.4730   3.7560   4.0530   4.3695   4.6585   0.0000   0.0000   0.0000   0.0000   0.0000   0.0000   0.0000;
346:  0.4355   0.7220   0.9555   1.1935   1.4525   1.7095   2.0090   2.3160   2.5580   2.8045   3.1335   3.4755   3.7570   4.0535   4.3720   4.6590   0.0000   0.0000   0.0000   0.0000   0.0000   0.0000   0.0000;
347:  0.4355   0.7220   0.9555   1.1935   1.4525   1.7090   2.0090   2.3170   2.5595   2.8060   3.1355   3.4775   3.7575   4.0545   4.3745   4.6590   4.8830   0.0000   0.0000   0.0000   0.0000   0.0000   0.0000;
348:  0.4355   0.7220   0.9550   1.1930   1.4525   1.7090   2.0100   2.3185   2.5605   2.8075   3.1375   3.4790   3.7575   4.0545   4.3760   4.6580   4.8795   0.0000   0.0000   0.0000   0.0000   0.0000   0.0000;
349:  0.4360   0.7220   0.9550   1.1930   1.4525   1.7085   2.0100   2.3195   2.5610   2.8080   3.1395   3.4815   3.7580   4.0540   4.3760   4.6555   4.8760   0.0000   0.0000   0.0000   0.0000   0.0000   0.0000;
350:  0.4360   0.7220   0.9550   1.1930   1.4520   1.7080   2.0105   2.3205   2.5620   2.8090   3.1415   3.4835   3.7580   4.0540   4.3760   4.6520   4.8715   0.0000   0.0000   0.0000   0.0000   0.0000   0.0000;
351:  0.4360   0.7220   0.9545   1.1925   1.4520   1.7080   2.0115   2.3220   2.5630   2.8100   3.1435   3.4855   3.7575   4.0535   4.3760   4.6485   4.8675   0.0000   0.0000   0.0000   0.0000   0.0000   0.0000;
352:  0.4360   0.7220   0.9540   1.1920   1.4520   1.7080   2.0120   2.3230   2.5635   2.8110   3.1455   3.4875   3.7580   4.0530   4.3745   4.6430   4.8620   0.0000   0.0000   0.0000   0.0000   0.0000   0.0000;
353:  0.4360   0.7220   0.9540   1.1915   1.4515   1.7080   2.0125   2.3235   2.5635   2.8115   3.1470   3.4890   3.7580   4.0525   4.3725   4.6365   4.8565   0.0000   0.0000   0.0000   0.0000   0.0000   0.0000;
354:  0.4360   0.7220   0.9540   1.1915   1.4515   1.7080   2.0135   2.3250   2.5645   2.8125   3.1485   3.4905   3.7580   4.0520   4.3700   4.6295   4.8510   0.0000   0.0000   0.0000   0.0000   0.0000   0.0000;
355:  0.4360   0.7220   0.9540   1.1915   1.4515   1.7080   2.0140   2.3255   2.5650   2.8140   3.1505   3.4920   3.7580   4.0510   4.3660   4.6215   4.8455   0.0000   0.0000   0.0000   0.0000   0.0000   0.0000;
356:  0.4360   0.7220   0.9540   1.1915   1.4515   1.7080   2.0145   2.3260   2.5650   2.8145   3.1525   3.4945   3.7590   4.0500   4.3615   4.6130   4.8395   0.0000   0.0000   0.0000   0.0000   0.0000   0.0000;
357:  0.4360   0.7220   0.9535   1.1910   1.4515   1.7085   2.0150   2.3265   2.5660   2.8155   3.1540   3.4960   3.7590   4.0485   4.3565   4.6045   4.8350   0.0000   0.0000   0.0000   0.0000   0.0000   0.0000;
358:  0.4355   0.7215   0.9535   1.1910   1.4515   1.7085   2.0150   2.3260   2.5655   2.8160   3.1555   3.4975   3.7595   4.0465   4.3500   4.5955   0.0000   0.0000   0.0000   0.0000   0.0000   0.0000   0.0000;
359:  0.4355   0.7215   0.9535   1.1910   1.4510   1.7085   2.0155   2.3260   2.5655   2.8170   3.1575   3.4990   3.7595   4.0445   4.3440   4.5865   0.0000   0.0000   0.0000   0.0000   0.0000   0.0000   0.0000;
#AFTER_DB_V3;
000:  0.2560   0.6150   0.8270   1.0790   1.3030   1.5990   1.8190   2.2130   2.4390   2.6920   2.9430   3.3740   3.6260   3.8930   4.1900   4.4840   4.6720   0.0000   0.0000   0.0000   0.0000   0.0000   0.0000;
001:  0.2560   0.6150   0.8270   1.0790   1.3030   1.5990   1.8200   2.2130   2.4390   2.6920   2.9440   3.3760   3.6270   3.8930   4.1850   4.4760   4.6640   0.0000   0.0000   0.0000   0.0000   0.0000   0.0000;
002:  0.2560   0.6150   0.8270   1.0790   1.3020   1.6000   1.8210   2.2120   2.4380   2.6920   2.9450   3.3770   3.6280   3.8930   4.1790   4.4670   4.6560   0.0000   0.0000   0.0000   0.0000   0.0000   0.0000;
003:  0.2560   0.6150   0.8270   1.0790   1.3020   1.6000   1.8220   2.2120   2.4370   2.6920   2.9460   3.3780   3.6280   3.8930   4.1740   4.4580   4.6490   0.0000   0.0000   0.0000   0.0000   0.0000   0.0000;
004:  0.2560   0.6150   0.8270   1.0790   1.3020   1.6000   1.8230   2.2110   2.4360   2.6930   2.9470   3.3790   3.6290   3.8930   4.1670   4.4490   0.0000   0.0000   0.0000   0.0000   0.0000   0.0000   0.0000;
005:  0.2560   0.6140   0.8270   1.0790   1.3020   1.6000   1.8230   2.2090   2.4350   2.6930   2.9490   3.3800   3.6300   3.8930   4.1620   4.4400   0.0000   0.0000   0.0000   0.0000   0.0000   0.0000   0.0000;
006:  0.2560   0.6140   0.8270   1.0790   1.3020   1.6000   1.8240   2.2080   2.4350   2.6930   2.9500   3.3800   3.6310   3.8920   4.1560   4.4310   0.0000   0.0000   0.0000   0.0000   0.0000   0.0000   0.0000;
007:  0.2560   0.6140   0.8270   1.0790   1.3020   1.6000   1.8240   2.2060   2.4340   2.6930   2.9510   3.3800   3.6320   3.8920   4.1500   4.4220   0.0000   0.0000   0.0000   0.0000   0.0000   0.0000   0.0000;
008:  0.2560   0.6140   0.8270   1.0790   1.3020   1.6000   1.8250   2.2040   2.4330   2.6940   2.9530   3.3800   3.6320   3.8920   4.1440   4.4140   0.0000   0.0000   0.0000   0.0000   0.0000   0.0000   0.0000;
009:  0.2560   0.6140   0.8270   1.0790   1.3010   1.6000   1.8250   2.2030   2.4320   2.6950   2.9540   3.3800   3.6320   3.8910   4.1370   0.0000   0.0000   0.0000   0.0000   0.0000   0.0000   0.0000   0.0000;
010:  0.2560   0.6130   0.8270   1.0790   1.3010   1.6010   1.8250   2.2020   2.4310   2.6950   2.9550   3.3800   3.6320   3.8900   4.1300   0.0000   0.0000   0.0000   0.0000   0.0000   0.0000   0.0000   0.0000;
011:  0.2560   0.6130   0.8260   1.0790   1.3010   1.6010   1.8240   2.2000   2.4310   2.6960   2.9560   3.3800   3.6320   3.8880   4.1230   0.0000   0.0000   0.0000   0.0000   0.0000   0.0000   0.0000   0.0000;
012:  0.2560   0.6130   0.8260   1.0790   1.3000   1.6010   1.8240   2.1990   2.4300   2.6960   2.9570   3.3790   3.6320   3.8850   4.1160   0.0000   0.0000   0.0000   0.0000   0.0000   0.0000   0.0000   0.0000;
013:  0.2560   0.6130   0.8260   1.0790   1.3000   1.6010   1.8240   2.1970   2.4300   2.6970   2.9580   3.3790   3.6310   3.8820   4.1090   0.0000   0.0000   0.0000   0.0000   0.0000   0.0000   0.0000   0.0000;
014:  0.2560   0.6130   0.8260   1.0780   1.3000   1.6010   1.8230   2.1960   2.4300   2.6970   2.9580   3.3780   3.6310   3.8780   4.1020   0.0000   0.0000   0.0000   0.0000   0.0000   0.0000   0.0000   0.0000;
015:  0.2560   0.6120   0.8260   1.0780   1.2990   1.6010   1.8220   2.1950   2.4300   2.6980   2.9580   3.3770   3.6300   3.8740   4.0950   0.0000   0.0000   0.0000   0.0000   0.0000   0.0000   0.0000   0.0000;
016:  0.2560   0.6120   0.8260   1.0770   1.2990   1.6010   1.8210   2.1940   2.4300   2.6980   2.9580   3.3760   3.6290   3.8700   4.0880   0.0000   0.0000   0.0000   0.0000   0.0000   0.0000   0.0000   0.0000;
017:  0.2560   0.6120   0.8250   1.0770   1.2990   1.6010   1.8200   2.1940   2.4300   2.6980   2.9580   3.3750   3.6280   3.8660   4.0820   0.0000   0.0000   0.0000   0.0000   0.0000   0.0000   0.0000   0.0000;
018:  0.2560   0.6120   0.8250   1.0760   1.2980   1.6010   1.8190   2.1930   2.4300   2.6990   2.9580   3.3740   3.6260   3.8620   4.0760   0.0000   0.0000   0.0000   0.0000   0.0000   0.0000   0.0000   0.0000;
019:  0.2560   0.6110   0.8250   1.0760   1.2980   1.6000   1.8170   2.1930   2.4300   2.6990   2.9580   3.3720   3.6240   3.8590   4.0700   0.0000   0.0000   0.0000   0.0000   0.0000   0.0000   0.0000   0.0000;
020:  0.2560   0.6110   0.8250   1.0750   1.2970   1.6000   1.8160   2.1930   2.4310   2.6990   2.9580   3.3710   3.6220   3.8550   0.0000   0.0000   0.0000   0.0000   0.0000   0.0000   0.0000   0.0000   0.0000;
021:  0.2560   0.6110   0.8250   1.0750   1.2970   1.5990   1.8150   2.1930   2.4310   2.7000   2.9570   3.3690   3.6200   3.8520   0.0000   0.0000   0.0000   0.0000   0.0000   0.0000   0.0000   0.0000   0.0000;
022:  0.2560   0.6110   0.8250   1.0740   1.2960   1.5980   1.8140   2.1930   2.4320   2.7000   2.9570   3.3670   3.6170   3.8490   0.0000   0.0000   0.0000   0.0000   0.0000   0.0000   0.0000   0.0000   0.0000;
023:  0.2560   0.6100   0.8240   1.0740   1.2960   1.5980   1.8130   2.1940   2.4320   2.6990   2.9560   3.3660   3.6140   3.8470   0.0000   0.0000   0.0000   0.0000   0.0000   0.0000   0.0000   0.0000   0.0000;
024:  0.2560   0.6100   0.8240   1.0730   1.2950   1.5970   1.8120   2.1940   2.4320   2.6990   2.9560   3.3640   3.6100   3.8450   0.0000   0.0000   0.0000   0.0000   0.0000   0.0000   0.0000   0.0000   0.0000;
025:  0.2560   0.6100   0.8240   1.0730   1.2950   1.5960   1.8110   2.1950   2.4330   2.6980   2.9550   3.3620   3.6070   3.8430   0.0000   0.0000   0.0000   0.0000   0.0000   0.0000   0.0000   0.0000   0.0000;
026:  0.2560   0.6100   0.8240   1.0720   1.2940   1.5950   1.8110   2.1950   2.4330   2.6980   2.9540   3.3590   3.6030   0.0000   0.0000   0.0000   0.0000   0.0000   0.0000   0.0000   0.0000   0.0000   0.0000;
027:  0.2560   0.6090   0.8240   1.0710   1.2930   1.5940   1.8100   2.1950   2.4330   2.6970   2.9530   3.3560   3.5990   0.0000   0.0000   0.0000   0.0000   0.0000   0.0000   0.0000   0.0000   0.0000   0.0000;
028:  0.2560   0.6090   0.8230   1.0710   1.2930   1.5930   1.8100   2.1950   2.4330   2.6970   2.9510   3.3530   3.5950   0.0000   0.0000   0.0000   0.0000   0.0000   0.0000   0.0000   0.0000   0.0000   0.0000;
029:  0.2560   0.6090   0.8230   1.0700   1.2920   1.5920   1.8090   2.1950   2.4330   2.6960   2.9500   3.3490   3.5910   0.0000   0.0000   0.0000   0.0000   0.0000   0.0000   0.0000   0.0000   0.0000   0.0000;
030:  0.2560   0.6090   0.8230   1.0690   1.2910   1.5910   1.8090   2.1960   2.4330   2.6960   2.9490   3.3450   3.5870   0.0000   0.0000   0.0000   0.0000   0.0000   0.0000   0.0000   0.0000   0.0000   0.0000;
031:  0.2560   0.6090   0.8220   1.0690   1.2900   1.5900   1.8100   2.1960   2.4330   2.6950   2.9470   3.3400   3.5830   0.0000   0.0000   0.0000   0.0000   0.0000   0.0000   0.0000   0.0000   0.0000   0.0000;
032:  0.2560   0.6080   0.8220   1.0680   1.2900   1.5890   1.8090   2.1960   2.4330   2.6940   2.9450   3.3350   3.5790   0.0000   0.0000   0.0000   0.0000   0.0000   0.0000   0.0000   0.0000   0.0000   0.0000;
033:  0.2560   0.6080   0.8220   1.0680   1.2890   1.5880   1.8090   2.1950   2.4330   2.6930   2.9430   3.3300   3.5750   0.0000   0.0000   0.0000   0.0000   0.0000   0.0000   0.0000   0.0000   0.0000   0.0000;
034:  0.2560   0.6080   0.8220   1.0670   1.2880   1.5870   1.8100   2.1950   2.4330   2.6920   2.9410   3.3250   0.0000   0.0000   0.0000   0.0000   0.0000   0.0000   0.0000   0.0000   0.0000   0.0000   0.0000;
035:  0.2560   0.6080   0.8210   1.0670   1.2870   1.5860   1.8100   2.1940   2.4320   2.6910   2.9390   3.3200   0.0000   0.0000   0.0000   0.0000   0.0000   0.0000   0.0000   0.0000   0.0000   0.0000   0.0000;
036:  0.2560   0.6080   0.8210   1.0660   1.2860   1.5850   1.8100   2.1930   2.4320   2.6900   2.9360   3.3150   0.0000   0.0000   0.0000   0.0000   0.0000   0.0000   0.0000   0.0000   0.0000   0.0000   0.0000;
037:  0.2560   0.6070   0.8210   1.0660   1.2860   1.5840   1.8100   2.1930   2.4310   2.6890   2.9340   3.3100   0.0000   0.0000   0.0000   0.0000   0.0000   0.0000   0.0000   0.0000   0.0000   0.0000   0.0000;
038:  0.2560   0.6070   0.8200   1.0650   1.2850   1.5840   1.8110   2.1920   2.4310   2.6870   2.9310   3.3040   0.0000   0.0000   0.0000   0.0000   0.0000   0.0000   0.0000   0.0000   0.0000   0.0000   0.0000;
039:  0.2560   0.6070   0.8200   1.0650   1.2850   1.5830   1.8110   2.1910   2.4300   2.6860   2.9280   3.3000   0.0000   0.0000   0.0000   0.0000   0.0000   0.0000   0.0000   0.0000   0.0000   0.0000   0.0000;
040:  0.2560   0.6070   0.8200   1.0650   1.2840   1.5830   1.8110   2.1890   2.4290   2.6850   2.9250   3.2950   0.0000   0.0000   0.0000   0.0000   0.0000   0.0000   0.0000   0.0000   0.0000   0.0000   0.0000;
041:  0.2560   0.6070   0.8190   1.0640   1.2840   1.5820   1.8110   2.1880   2.4280   2.6840   2.9220   3.2900   0.0000   0.0000   0.0000   0.0000   0.0000   0.0000   0.0000   0.0000   0.0000   0.0000   0.0000;
042:  0.2560   0.6070   0.8190   1.0640   1.2830   1.5820   1.8110   2.1870   2.4270   2.6820   2.9190   3.2860   0.0000   0.0000   0.0000   0.0000   0.0000   0.0000   0.0000   0.0000   0.0000   0.0000   0.0000;
043:  0.2560   0.6070   0.8190   1.0640   1.2830   1.5810   1.8110   2.1860   2.4260   2.6810   2.9160   0.0000   0.0000   0.0000   0.0000   0.0000   0.0000   0.0000   0.0000   0.0000   0.0000   0.0000   0.0000;
044:  0.2560   0.6070   0.8180   1.0640   1.2830   1.5810   1.8110   2.1850   2.4240   2.6800   2.9130   0.0000   0.0000   0.0000   0.0000   0.0000   0.0000   0.0000   0.0000   0.0000   0.0000   0.0000   0.0000;
045:  0.2560   0.6070   0.8180   1.0640   1.2820   1.5800   1.8110   2.1840   2.4230   2.6790   2.9090   0.0000   0.0000   0.0000   0.0000   0.0000   0.0000   0.0000   0.0000   0.0000   0.0000   0.0000   0.0000;
046:  0.2560   0.6070   0.8180   1.0640   1.2820   1.5800   1.8110   2.1840   2.4220   2.6780   2.9070   0.0000   0.0000   0.0000   0.0000   0.0000   0.0000   0.0000   0.0000   0.0000   0.0000   0.0000   0.0000;
047:  0.2560   0.6070   0.8180   1.0640   1.2820   1.5800   1.8110   2.1830   2.4200   2.6760   2.9030   0.0000   0.0000   0.0000   0.0000   0.0000   0.0000   0.0000   0.0000   0.0000   0.0000   0.0000   0.0000;
048:  0.2560   0.6070   0.8170   1.0640   1.2820   1.5800   1.8110   2.1820   2.4190   2.6750   2.9000   0.0000   0.0000   0.0000   0.0000   0.0000   0.0000   0.0000   0.0000   0.0000   0.0000   0.0000   0.0000;
049:  0.2570   0.6070   0.8170   1.0640   1.2830   1.5800   1.8100   2.1810   2.4170   2.6730   2.8960   0.0000   0.0000   0.0000   0.0000   0.0000   0.0000   0.0000   0.0000   0.0000   0.0000   0.0000   0.0000;
050:  0.2570   0.6070   0.8170   1.0640   1.2830   1.5800   1.8090   2.1800   2.4160   2.6720   2.8930   0.0000   0.0000   0.0000   0.0000   0.0000   0.0000   0.0000   0.0000   0.0000   0.0000   0.0000   0.0000;
051:  0.2570   0.6070   0.8170   1.0640   1.2830   1.5800   1.8090   2.1790   2.4140   2.6710   2.8890   0.0000   0.0000   0.0000   0.0000   0.0000   0.0000   0.0000   0.0000   0.0000   0.0000   0.0000   0.0000;
052:  0.2570   0.6070   0.8160   1.0640   1.2830   1.5800   1.8090   2.1780   2.4130   2.6690   2.8860   0.0000   0.0000   0.0000   0.0000   0.0000   0.0000   0.0000   0.0000   0.0000   0.0000   0.0000   0.0000;
053:  0.2570   0.6070   0.8160   1.0640   1.2830   1.5800   1.8080   2.1770   2.4110   2.6680   2.8830   0.0000   0.0000   0.0000   0.0000   0.0000   0.0000   0.0000   0.0000   0.0000   0.0000   0.0000   0.0000;
054:  0.2570   0.6070   0.8160   1.0640   1.2830   1.5800   1.8070   2.1760   2.4100   2.6660   2.8800   0.0000   0.0000   0.0000   0.0000   0.0000   0.0000   0.0000   0.0000   0.0000   0.0000   0.0000   0.0000;
055:  0.2570   0.6070   0.8160   1.0640   1.2830   1.5800   1.8070   2.1750   2.4090   2.6640   2.8770   0.0000   0.0000   0.0000   0.0000   0.0000   0.0000   0.0000   0.0000   0.0000   0.0000   0.0000   0.0000;
056:  0.2570   0.6070   0.8160   1.0640   1.2830   1.5810   1.8060   2.1740   2.4080   2.6630   2.8730   0.0000   0.0000   0.0000   0.0000   0.0000   0.0000   0.0000   0.0000   0.0000   0.0000   0.0000   0.0000;
057:  0.2570   0.6070   0.8160   1.0640   1.2830   1.5810   1.8060   2.1730   2.4070   2.6610   2.8700   0.0000   0.0000   0.0000   0.0000   0.0000   0.0000   0.0000   0.0000   0.0000   0.0000   0.0000   0.0000;
058:  0.2570   0.6070   0.8160   1.0650   1.2830   1.5810   1.8050   2.1720   2.4050   2.6590   2.8670   0.0000   0.0000   0.0000   0.0000   0.0000   0.0000   0.0000   0.0000   0.0000   0.0000   0.0000   0.0000;
059:  0.2570   0.6070   0.8150   1.0650   1.2830   1.5810   1.8040   2.1710   2.4040   2.6570   2.8640   0.0000   0.0000   0.0000   0.0000   0.0000   0.0000   0.0000   0.0000   0.0000   0.0000   0.0000   0.0000;
060:  0.2570   0.6080   0.8150   1.0650   1.2830   1.5810   1.8040   2.1700   2.4030   2.6550   2.8610   0.0000   0.0000   0.0000   0.0000   0.0000   0.0000   0.0000   0.0000   0.0000   0.0000   0.0000   0.0000;
061:  0.2570   0.6080   0.8150   1.0650   1.2830   1.5810   1.8030   2.1690   2.4020   2.6530   2.8590   0.0000   0.0000   0.0000   0.0000   0.0000   0.0000   0.0000   0.0000   0.0000   0.0000   0.0000   0.0000;
062:  0.2570   0.6080   0.8150   1.0650   1.2830   1.5810   1.8020   2.1670   2.4010   2.6520   2.8560   0.0000   0.0000   0.0000   0.0000   0.0000   0.0000   0.0000   0.0000   0.0000   0.0000   0.0000   0.0000;
063:  0.2570   0.6080   0.8150   1.0650   1.2830   1.5810   1.8010   2.1660   2.4000   2.6500   2.8530   0.0000   0.0000   0.0000   0.0000   0.0000   0.0000   0.0000   0.0000   0.0000   0.0000   0.0000   0.0000;
064:  0.2570   0.6080   0.8150   1.0650   1.2830   1.5810   1.8010   2.1650   2.3990   2.6480   2.8510   0.0000   0.0000   0.0000   0.0000   0.0000   0.0000   0.0000   0.0000   0.0000   0.0000   0.0000   0.0000;
065:  0.2580   0.6080   0.8150   1.0650   1.2820   1.5810   1.8000   2.1640   2.3980   2.6470   2.8480   0.0000   0.0000   0.0000   0.0000   0.0000   0.0000   0.0000   0.0000   0.0000   0.0000   0.0000   0.0000;
066:  0.2580   0.6080   0.8150   1.0650   1.2820   1.5810   1.8000   2.1630   2.3970   2.6450   2.8460   0.0000   0.0000   0.0000   0.0000   0.0000   0.0000   0.0000   0.0000   0.0000   0.0000   0.0000   0.0000;
067:  0.2580   0.6090   0.8150   1.0650   1.2820   1.5810   1.7990   2.1620   2.3960   2.6440   2.8430   0.0000   0.0000   0.0000   0.0000   0.0000   0.0000   0.0000   0.0000   0.0000   0.0000   0.0000   0.0000;
068:  0.2580   0.6090   0.8150   1.0650   1.2820   1.5800   1.7980   2.1610   2.3960   2.6420   2.8410   0.0000   0.0000   0.0000   0.0000   0.0000   0.0000   0.0000   0.0000   0.0000   0.0000   0.0000   0.0000;
069:  0.2580   0.6090   0.8150   1.0650   1.2810   1.5800   1.7980   2.1600   2.3950   2.6400   2.8390   0.0000   0.0000   0.0000   0.0000   0.0000   0.0000   0.0000   0.0000   0.0000   0.0000   0.0000   0.0000;
070:  0.2580   0.6090   0.8150   1.0650   1.2810   1.5800   1.7970   2.1600   2.3950   2.6380   2.8360   0.0000   0.0000   0.0000   0.0000   0.0000   0.0000   0.0000   0.0000   0.0000   0.0000   0.0000   0.0000;
071:  0.2580   0.6090   0.8150   1.0650   1.2800   1.5800   1.7970   2.1590   2.3940   2.6370   2.8340   0.0000   0.0000   0.0000   0.0000   0.0000   0.0000   0.0000   0.0000   0.0000   0.0000   0.0000   0.0000;
072:  0.2580   0.6090   0.8150   1.0650   1.2800   1.5790   1.7970   2.1590   2.3930   2.6360   2.8320   0.0000   0.0000   0.0000   0.0000   0.0000   0.0000   0.0000   0.0000   0.0000   0.0000   0.0000   0.0000;
073:  0.2580   0.6090   0.8150   1.0650   1.2800   1.5790   1.7960   2.1590   2.3920   2.6350   2.8290   0.0000   0.0000   0.0000   0.0000   0.0000   0.0000   0.0000   0.0000   0.0000   0.0000   0.0000   0.0000;
074:  0.2580   0.6090   0.8150   1.0650   1.2800   1.5790   1.7960   2.1590   2.3910   2.6340   2.8270   0.0000   0.0000   0.0000   0.0000   0.0000   0.0000   0.0000   0.0000   0.0000   0.0000   0.0000   0.0000;
075:  0.2580   0.6090   0.8160   1.0650   1.2790   1.5780   1.7960   2.1580   2.3910   2.6330   2.8250   0.0000   0.0000   0.0000   0.0000   0.0000   0.0000   0.0000   0.0000   0.0000   0.0000   0.0000   0.0000;
076:  0.2580   0.6090   0.8160   1.0660   1.2790   1.5780   1.7960   2.1580   2.3900   2.6310   2.8240   0.0000   0.0000   0.0000   0.0000   0.0000   0.0000   0.0000   0.0000   0.0000   0.0000   0.0000   0.0000;
077:  0.2580   0.6090   0.8160   1.0660   1.2790   1.5770   1.7950   2.1580   2.3900   2.6310   2.8220   0.0000   0.0000   0.0000   0.0000   0.0000   0.0000   0.0000   0.0000   0.0000   0.0000   0.0000   0.0000;
078:  0.2580   0.6090   0.8160   1.0660   1.2780   1.5770   1.7950   2.1580   2.3900   2.6290   2.8200   0.0000   0.0000   0.0000   0.0000   0.0000   0.0000   0.0000   0.0000   0.0000   0.0000   0.0000   0.0000;
079:  0.2580   0.6100   0.8160   1.0660   1.2780   1.5760   1.7940   2.1580   2.3900   2.6280   2.8190   0.0000   0.0000   0.0000   0.0000   0.0000   0.0000   0.0000   0.0000   0.0000   0.0000   0.0000   0.0000;
080:  0.2580   0.6100   0.8160   1.0660   1.2780   1.5760   1.7940   2.1580   2.3900   2.6270   2.8180   0.0000   0.0000   0.0000   0.0000   0.0000   0.0000   0.0000   0.0000   0.0000   0.0000   0.0000   0.0000;
081:  0.2580   0.6100   0.8160   1.0660   1.2780   1.5750   1.7930   2.1580   2.3900   2.6260   2.8170   0.0000   0.0000   0.0000   0.0000   0.0000   0.0000   0.0000   0.0000   0.0000   0.0000   0.0000   0.0000;
082:  0.2580   0.6100   0.8160   1.0670   1.2780   1.5750   1.7930   2.1580   2.3900   2.6250   2.8160   0.0000   0.0000   0.0000   0.0000   0.0000   0.0000   0.0000   0.0000   0.0000   0.0000   0.0000   0.0000;
083:  0.2580   0.6100   0.8160   1.0670   1.2780   1.5740   1.7930   2.1580   2.3900   2.6250   2.8160   0.0000   0.0000   0.0000   0.0000   0.0000   0.0000   0.0000   0.0000   0.0000   0.0000   0.0000   0.0000;
084:  0.2580   0.6100   0.8170   1.0670   1.2790   1.5740   1.7920   2.1580   2.3890   2.6240   2.8160   0.0000   0.0000   0.0000   0.0000   0.0000   0.0000   0.0000   0.0000   0.0000   0.0000   0.0000   0.0000;
085:  0.2580   0.6100   0.8170   1.0670   1.2790   1.5730   1.7910   2.1570   2.3890   2.6230   2.8160   0.0000   0.0000   0.0000   0.0000   0.0000   0.0000   0.0000   0.0000   0.0000   0.0000   0.0000   0.0000;
086:  0.2580   0.6100   0.8170   1.0680   1.2800   1.5730   1.7910   2.1560   2.3880   2.6220   2.8170   0.0000   0.0000   0.0000   0.0000   0.0000   0.0000   0.0000   0.0000   0.0000   0.0000   0.0000   0.0000;
087:  0.2580   0.6100   0.8170   1.0680   1.2800   1.5730   1.7900   2.1560   2.3870   2.6220   2.8170   0.0000   0.0000   0.0000   0.0000   0.0000   0.0000   0.0000   0.0000   0.0000   0.0000   0.0000   0.0000;
088:  0.2580   0.6100   0.8170   1.0680   1.2800   1.5720   1.7900   2.1560   2.3870   2.6220   2.8180   0.0000   0.0000   0.0000   0.0000   0.0000   0.0000   0.0000   0.0000   0.0000   0.0000   0.0000   0.0000;
089:  0.2580   0.6100   0.8180   1.0680   1.2810   1.5720   1.7900   2.1550   2.3860   2.6220   2.8190   0.0000   0.0000   0.0000   0.0000   0.0000   0.0000   0.0000   0.0000   0.0000   0.0000   0.0000   0.0000;
090:  0.2580   0.6100   0.8180   1.0680   1.2820   1.5720   1.7890   2.1550   2.3850   2.6210   2.8190   0.0000   0.0000   0.0000   0.0000   0.0000   0.0000   0.0000   0.0000   0.0000   0.0000   0.0000   0.0000;
091:  0.2580   0.6100   0.8180   1.0680   1.2820   1.5720   1.7890   2.1540   2.3840   2.6200   2.8200   0.0000   0.0000   0.0000   0.0000   0.0000   0.0000   0.0000   0.0000   0.0000   0.0000   0.0000   0.0000;
092:  0.2580   0.6100   0.8180   1.0690   1.2830   1.5720   1.7890   2.1530   2.3830   2.6200   2.8210   0.0000   0.0000   0.0000   0.0000   0.0000   0.0000   0.0000   0.0000   0.0000   0.0000   0.0000   0.0000;
093:  0.2580   0.6110   0.8180   1.0680   1.2830   1.5720   1.7880   2.1530   2.3820   2.6190   2.8210   0.0000   0.0000   0.0000   0.0000   0.0000   0.0000   0.0000   0.0000   0.0000   0.0000   0.0000   0.0000;
094:  0.2580   0.6110   0.8190   1.0680   1.2830   1.5710   1.7880   2.1530   2.3810   2.6180   2.8220   0.0000   0.0000   0.0000   0.0000   0.0000   0.0000   0.0000   0.0000   0.0000   0.0000   0.0000   0.0000;
095:  0.2580   0.6110   0.8190   1.0680   1.2840   1.5710   1.7880   2.1530   2.3800   2.6170   2.8240   0.0000   0.0000   0.0000   0.0000   0.0000   0.0000   0.0000   0.0000   0.0000   0.0000   0.0000   0.0000;
096:  0.2580   0.6110   0.8190   1.0680   1.2840   1.5710   1.7880   2.1520   2.3790   2.6160   2.8250   0.0000   0.0000   0.0000   0.0000   0.0000   0.0000   0.0000   0.0000   0.0000   0.0000   0.0000   0.0000;
097:  0.2580   0.6110   0.8200   1.0670   1.2840   1.5710   1.7880   2.1510   2.3780   2.6160   2.8260   3.1570   0.0000   0.0000   0.0000   0.0000   0.0000   0.0000   0.0000   0.0000   0.0000   0.0000   0.0000;
098:  0.2580   0.6110   0.8200   1.0670   1.2840   1.5720   1.7880   2.1510   2.3770   2.6150   2.8260   3.1560   0.0000   0.0000   0.0000   0.0000   0.0000   0.0000   0.0000   0.0000   0.0000   0.0000   0.0000;
099:  0.2580   0.6110   0.8200   1.0660   1.2840   1.5710   1.7880   2.1510   2.3750   2.6150   2.8270   3.1560   0.0000   0.0000   0.0000   0.0000   0.0000   0.0000   0.0000   0.0000   0.0000   0.0000   0.0000;
100:  0.2580   0.6110   0.8200   1.0660   1.2840   1.5720   1.7880   2.1510   2.3750   2.6140   2.8270   3.1560   3.3040   0.0000   0.0000   0.0000   0.0000   0.0000   0.0000   0.0000   0.0000   0.0000   0.0000;
101:  0.2580   0.6110   0.8200   1.0650   1.2840   1.5720   1.7880   2.1510   2.3740   2.6130   2.8280   3.1570   3.3060   0.0000   0.0000   0.0000   0.0000   0.0000   0.0000   0.0000   0.0000   0.0000   0.0000;
102:  0.2580   0.6110   0.8210   1.0650   1.2840   1.5720   1.7880   2.1510   2.3730   2.6120   2.8290   3.1580   3.3090   0.0000   0.0000   0.0000   0.0000   0.0000   0.0000   0.0000   0.0000   0.0000   0.0000;
103:  0.2570   0.6110   0.8210   1.0640   1.2840   1.5720   1.7880   2.1510   2.3730   2.6110   2.8290   3.1590   3.3120   0.0000   0.0000   0.0000   0.0000   0.0000   0.0000   0.0000   0.0000   0.0000   0.0000;
104:  0.2570   0.6110   0.8210   1.0640   1.2840   1.5720   1.7890   2.1510   2.3730   2.6100   2.8290   3.1600   3.3160   0.0000   0.0000   0.0000   0.0000   0.0000   0.0000   0.0000   0.0000   0.0000   0.0000;
105:  0.2570   0.6110   0.8210   1.0630   1.2840   1.5730   1.7890   2.1510   2.3730   2.6090   2.8290   3.1620   3.3220   0.0000   0.0000   0.0000   0.0000   0.0000   0.0000   0.0000   0.0000   0.0000   0.0000;
106:  0.2570   0.6110   0.8210   1.0630   1.2830   1.5730   1.7890   2.1510   2.3720   2.6080   2.8300   3.1640   3.3270   0.0000   0.0000   0.0000   0.0000   0.0000   0.0000   0.0000   0.0000   0.0000   0.0000;
107:  0.2570   0.6110   0.8220   1.0620   1.2830   1.5730   1.7890   2.1510   2.3720   2.6070   2.8310   3.1660   3.3340   0.0000   0.0000   0.0000   0.0000   0.0000   0.0000   0.0000   0.0000   0.0000   0.0000;
108:  0.2570   0.6110   0.8220   1.0620   1.2830   1.5730   1.7890   2.1510   2.3710   2.6060   2.8310   3.1680   3.3400   0.0000   0.0000   0.0000   0.0000   0.0000   0.0000   0.0000   0.0000   0.0000   0.0000;
109:  0.2570   0.6110   0.8220   1.0620   1.2830   1.5730   1.7900   2.1510   2.3710   2.6050   2.8320   3.1710   3.3470   0.0000   0.0000   0.0000   0.0000   0.0000   0.0000   0.0000   0.0000   0.0000   0.0000;
110:  0.2570   0.6110   0.8220   1.0620   1.2830   1.5740   1.7900   2.1510   2.3720   2.6040   2.8320   3.1740   3.3550   0.0000   0.0000   0.0000   0.0000   0.0000   0.0000   0.0000   0.0000   0.0000   0.0000;
111:  0.2570   0.6110   0.8220   1.0620   1.2830   1.5740   1.7900   2.1510   2.3720   2.6030   2.8330   3.1760   3.3630   0.0000   0.0000   0.0000   0.0000   0.0000   0.0000   0.0000   0.0000   0.0000   0.0000;
112:  0.2570   0.6110   0.8220   1.0610   1.2830   1.5750   1.7900   2.1510   2.3720   2.6030   2.8330   3.1790   3.3710   0.0000   0.0000   0.0000   0.0000   0.0000   0.0000   0.0000   0.0000   0.0000   0.0000;
113:  0.2560   0.6110   0.8220   1.0610   1.2830   1.5750   1.7900   2.1510   2.3730   2.6020   2.8330   3.1810   3.3780   0.0000   0.0000   0.0000   0.0000   0.0000   0.0000   0.0000   0.0000   0.0000   0.0000;
114:  0.2560   0.6110   0.8220   1.0610   1.2830   1.5760   1.7910   2.1510   2.3730   2.6010   2.8340   3.1840   3.3850   0.0000   0.0000   0.0000   0.0000   0.0000   0.0000   0.0000   0.0000   0.0000   0.0000;
115:  0.2560   0.6110   0.8220   1.0610   1.2820   1.5760   1.7910   2.1510   2.3730   2.6000   2.8340   3.1860   3.3910   0.0000   0.0000   0.0000   0.0000   0.0000   0.0000   0.0000   0.0000   0.0000   0.0000;
116:  0.2560   0.6110   0.8220   1.0610   1.2820   1.5770   1.7910   2.1510   2.3740   2.6000   2.8350   3.1890   3.3970   0.0000   0.0000   0.0000   0.0000   0.0000   0.0000   0.0000   0.0000   0.0000   0.0000;
117:  0.2560   0.6110   0.8220   1.0620   1.2820   1.5770   1.7920   2.1510   2.3750   2.6000   2.8360   3.1910   3.4020   0.0000   0.0000   0.0000   0.0000   0.0000   0.0000   0.0000   0.0000   0.0000   0.0000;
118:  0.2560   0.6110   0.8220   1.0620   1.2820   1.5780   1.7920   2.1520   2.3750   2.6000   2.8370   3.1930   3.4070   0.0000   0.0000   0.0000   0.0000   0.0000   0.0000   0.0000   0.0000   0.0000   0.0000;
119:  0.2560   0.6110   0.8220   1.0620   1.2820   1.5780   1.7920   2.1520   2.3760   2.6010   2.8380   3.1960   3.4120   3.6610   0.0000   0.0000   0.0000   0.0000   0.0000   0.0000   0.0000   0.0000   0.0000;
120:  0.2550   0.6110   0.8220   1.0630   1.2810   1.5780   1.7920   2.1520   2.3770   2.6020   2.8390   3.1980   3.4160   3.6610   0.0000   0.0000   0.0000   0.0000   0.0000   0.0000   0.0000   0.0000   0.0000;
121:  0.2550   0.6110   0.8220   1.0630   1.2810   1.5780   1.7920   2.1530   2.3780   2.6030   2.8400   3.2000   3.4200   3.6620   0.0000   0.0000   0.0000   0.0000   0.0000   0.0000   0.0000   0.0000   0.0000;
122:  0.2550   0.6110   0.8220   1.0640   1.2810   1.5790   1.7930   2.1530   2.3790   2.6040   2.8410   3.2020   3.4240   3.6620   0.0000   0.0000   0.0000   0.0000   0.0000   0.0000   0.0000   0.0000   0.0000;
123:  0.2550   0.6110   0.8210   1.0640   1.2810   1.5790   1.7930   2.1540   2.3800   2.6050   2.8420   3.2040   3.4270   3.6630   3.8950   0.0000   0.0000   0.0000   0.0000   0.0000   0.0000   0.0000   0.0000;
124:  0.2550   0.6110   0.8210   1.0640   1.2800   1.5790   1.7930   2.1540   2.3810   2.6060   2.8440   3.2060   3.4310   3.6640   3.8970   0.0000   0.0000   0.0000   0.0000   0.0000   0.0000   0.0000   0.0000;
125:  0.2550   0.6110   0.8210   1.0650   1.2800   1.5780   1.7930   2.1550   2.3820   2.6080   2.8450   3.2080   3.4340   3.6670   3.9000   0.0000   0.0000   0.0000   0.0000   0.0000   0.0000   0.0000   0.0000;
126:  0.2540   0.6110   0.8200   1.0650   1.2800   1.5780   1.7930   2.1550   2.3830   2.6090   2.8460   3.2100   3.4370   3.6690   3.9040   0.0000   0.0000   0.0000   0.0000   0.0000   0.0000   0.0000   0.0000;
127:  0.2540   0.6110   0.8200   1.0650   1.2800   1.5780   1.7930   2.1560   2.3840   2.6100   2.8470   3.2110   3.4410   3.6720   3.9070   0.0000   0.0000   0.0000   0.0000   0.0000   0.0000   0.0000   0.0000;
128:  0.2540   0.6110   0.8200   1.0650   1.2800   1.5780   1.7930   2.1570   2.3850   2.6120   2.8480   3.2130   3.4440   3.6760   3.9110   0.0000   0.0000   0.0000   0.0000   0.0000   0.0000   0.0000   0.0000;
129:  0.2540   0.6110   0.8200   1.0660   1.2800   1.5780   1.7930   2.1570   2.3860   2.6140   2.8490   3.2150   3.4460   3.6800   3.9160   0.0000   0.0000   0.0000   0.0000   0.0000   0.0000   0.0000   0.0000;
130:  0.2530   0.6110   0.8190   1.0660   1.2800   1.5770   1.7930   2.1580   2.3860   2.6150   2.8510   3.2160   3.4480   3.6840   3.9200   0.0000   0.0000   0.0000   0.0000   0.0000   0.0000   0.0000   0.0000;
131:  0.2530   0.6100   0.8190   1.0660   1.2800   1.5770   1.7930   2.1580   2.3860   2.6160   2.8520   3.2180   3.4500   3.6880   3.9250   4.2040   0.0000   0.0000   0.0000   0.0000   0.0000   0.0000   0.0000;
132:  0.2530   0.6100   0.8180   1.0660   1.2800   1.5760   1.7930   2.1590   2.3870   2.6180   2.8530   3.2190   3.4520   3.6920   3.9290   4.2030   0.0000   0.0000   0.0000   0.0000   0.0000   0.0000   0.0000;
133:  0.2530   0.6100   0.8180   1.0670   1.2800   1.5760   1.7930   2.1590   2.3870   2.6190   2.8540   3.2210   3.4530   3.6950   3.9340   4.2040   0.0000   0.0000   0.0000   0.0000   0.0000   0.0000   0.0000;
134:  0.2530   0.6100   0.8180   1.0670   1.2800   1.5760   1.7930   2.1590   2.3880   2.6210   2.8550   3.2220   3.4550   3.6980   3.9400   4.2060   4.4340   0.0000   0.0000   0.0000   0.0000   0.0000   0.0000;
135:  0.2520   0.6100   0.8170   1.0670   1.2800   1.5750   1.7930   2.1600   2.3880   2.6220   2.8560   3.2230   3.4570   3.7020   3.9440   4.2080   4.4350   0.0000   0.0000   0.0000   0.0000   0.0000   0.0000;
136:  0.2520   0.6100   0.8170   1.0670   1.2800   1.5750   1.7930   2.1600   2.3890   2.6230   2.8560   3.2240   3.4580   3.7050   3.9480   4.2100   4.4370   0.0000   0.0000   0.0000   0.0000   0.0000   0.0000;
137:  0.2520   0.6100   0.8170   1.0670   1.2800   1.5750   1.7930   2.1600   2.3890   2.6230   2.8570   3.2250   3.4600   3.7080   3.9520   4.2130   4.4410   0.0000   0.0000   0.0000   0.0000   0.0000   0.0000;
138:  0.2510   0.6100   0.8160   1.0670   1.2800   1.5750   1.7930   2.1600   2.3900   2.6240   2.8580   3.2270   3.4610   3.7110   3.9560   4.2170   4.4450   4.6690   0.0000   0.0000   0.0000   0.0000   0.0000;
139:  0.2510   0.6090   0.8160   1.0670   1.2800   1.5750   1.7930   2.1600   2.3900   2.6240   2.8580   3.2280   3.4620   3.7130   3.9590   4.2210   4.4490   4.6750   0.0000   0.0000   0.0000   0.0000   0.0000;
140:  0.2510   0.6090   0.8160   1.0670   1.2800   1.5740   1.7930   2.1600   2.3910   2.6250   2.8590   3.2290   3.4630   3.7160   3.9610   4.2250   4.4550   4.6810   0.0000   0.0000   0.0000   0.0000   0.0000;
141:  0.2510   0.6090   0.8150   1.0670   1.2800   1.5740   1.7930   2.1600   2.3910   2.6250   2.8590   3.2300   3.4640   3.7180   3.9630   4.2290   4.4610   4.6880   0.0000   0.0000   0.0000   0.0000   0.0000;
142:  0.2500   0.6090   0.8150   1.0670   1.2790   1.5740   1.7930   2.1600   2.3910   2.6260   2.8600   3.2310   3.4650   3.7210   3.9650   4.2340   4.4670   4.6950   0.0000   0.0000   0.0000   0.0000   0.0000;
143:  0.2500   0.6090   0.8150   1.0670   1.2790   1.5740   1.7930   2.1600   2.3920   2.6270   2.8600   3.2310   3.4660   3.7240   3.9670   4.2370   4.4740   4.7030   0.0000   0.0000   0.0000   0.0000   0.0000;
144:  0.2500   0.6090   0.8150   1.0660   1.2790   1.5740   1.7930   2.1600   2.3920   2.6270   2.8600   3.2320   3.4670   3.7260   3.9690   4.2400   4.4810   4.7110   0.0000   0.0000   0.0000   0.0000   0.0000;
145:  0.2500   0.6090   0.8140   1.0660   1.2790   1.5740   1.7930   2.1590   2.3920   2.6280   2.8610   3.2330   3.4680   3.7270   3.9710   4.2420   4.4880   4.7190   0.0000   0.0000   0.0000   0.0000   0.0000;
146:  0.2490   0.6090   0.8140   1.0660   1.2780   1.5740   1.7940   2.1590   2.3920   2.6290   2.8610   3.2340   3.4690   3.7290   3.9720   4.2440   4.4940   4.7280   0.0000   0.0000   0.0000   0.0000   0.0000;
147:  0.2490   0.6090   0.8140   1.0660   1.2780   1.5740   1.7940   2.1580   2.3920   2.6290   2.8610   3.2350   3.4690   3.7300   3.9740   4.2450   4.4990   4.7370   0.0000   0.0000   0.0000   0.0000   0.0000;
148:  0.2490   0.6090   0.8140   1.0650   1.2780   1.5730   1.7940   2.1580   2.3920   2.6300   2.8610   3.2360   3.4700   3.7310   3.9750   4.2470   4.5030   4.7450   4.9760   0.0000   0.0000   0.0000   0.0000;
149:  0.2490   0.6090   0.8140   1.0650   1.2780   1.5730   1.7950   2.1580   2.3910   2.6300   2.8620   3.2370   3.4710   3.7320   3.9760   4.2470   4.5060   4.7550   4.9800   5.2240   0.0000   0.0000   0.0000;
150:  0.2480   0.6080   0.8140   1.0650   1.2770   1.5730   1.7950   2.1580   2.3910   2.6300   2.8620   3.2380   3.4730   3.7330   3.9770   4.2480   4.5080   4.7640   4.9840   5.2260   0.0000   0.0000   0.0000;
151:  0.2480   0.6080   0.8140   1.0650   1.2770   1.5730   1.7950   2.1570   2.3910   2.6300   2.8630   3.2390   3.4740   3.7340   3.9780   4.2480   4.5110   4.7710   4.9890   5.2300   0.0000   0.0000   0.0000;
152:  0.2480   0.6080   0.8140   1.0640   1.2770   1.5730   1.7950   2.1570   2.3910   2.6300   2.8630   3.2400   3.4750   3.7350   3.9790   4.2480   4.5130   4.7780   4.9950   5.2350   5.4180   0.0000   0.0000;
153:  0.2470   0.6080   0.8130   1.0640   1.2760   1.5720   1.7950   2.1570   2.3910   2.6310   2.8630   3.2410   3.4760   3.7360   3.9800   4.2470   4.5150   4.7840   5.0000   5.2420   5.4220   0.0000   0.0000;
154:  0.2470   0.6080   0.8130   1.0640   1.2760   1.5720   1.7950   2.1560   2.3910   2.6300   2.8630   3.2420   3.4770   3.7370   3.9800   4.2460   4.5160   4.7880   5.0060   5.2490   5.4270   0.0000   0.0000;
155:  0.2470   0.6080   0.8140   1.0640   1.2760   1.5720   1.7950   2.1560   2.3910   2.6310   2.8630   3.2420   3.4770   3.7370   3.9800   4.2460   4.5180   4.7910   5.0120   5.2580   5.4350   0.0000   0.0000;
156:  0.2470   0.6080   0.8140   1.0630   1.2760   1.5710   1.7950   2.1550   2.3910   2.6300   2.8630   3.2430   3.4780   3.7370   3.9800   4.2460   4.5180   4.7940   5.0180   5.2680   5.4450   0.0000   0.0000;
157:  0.2470   0.6080   0.8140   1.0630   1.2760   1.5710   1.7940   2.1550   2.3910   2.6300   2.8640   3.2440   3.4780   3.7380   3.9800   4.2460   4.5180   4.7960   5.0250   5.2790   5.4560   5.6770   0.0000;
158:  0.2460   0.6070   0.8140   1.0630   1.2760   1.5710   1.7940   2.1550   2.3900   2.6300   2.8640   3.2430   3.4790   3.7380   3.9800   4.2460   4.5170   4.7960   5.0310   5.2910   5.4670   5.6820   0.0000;
159:  0.2460   0.6070   0.8140   1.0630   1.2760   1.5710   1.7940   2.1540   2.3900   2.6300   2.8640   3.2440   3.4800   3.7380   3.9800   4.2450   4.5160   4.7960   5.0380   5.3030   5.4820   5.6880   0.0000;
160:  0.2460   0.6070   0.8140   1.0630   1.2760   1.5710   1.7940   2.1530   2.3900   2.6290   2.8640   3.2440   3.4810   3.7380   3.9790   4.2450   4.5160   4.7950   5.0440   5.3170   5.4970   5.6960   0.0000;
161:  0.2460   0.6070   0.8140   1.0630   1.2760   1.5700   1.7940   2.1530   2.3900   2.6290   2.8640   3.2440   3.4810   3.7370   3.9790   4.2450   4.5130   4.7940   5.0490   5.3310   5.5130   5.7060   0.0000;
162:  0.2460   0.6070   0.8140   1.0620   1.2760   1.5710   1.7940   2.1530   2.3900   2.6290   2.8640   3.2450   3.4820   3.7360   3.9800   4.2440   4.5110   4.7920   5.0530   5.3430   5.5290   5.7180   0.0000;
163:  0.2450   0.6070   0.8150   1.0620   1.2760   1.5700   1.7940   2.1520   2.3900   2.6290   2.8640   3.2450   3.4820   3.7360   3.9800   4.2440   4.5090   4.7900   5.0570   5.3550   5.5470   5.7320   0.0000;
164:  0.2450   0.6070   0.8150   1.0620   1.2760   1.5710   1.7940   2.1520   2.3890   2.6280   2.8640   3.2450   3.4820   3.7360   3.9790   4.2430   4.5060   4.7870   5.0580   5.3650   5.5640   5.7470   0.0000;
165:  0.2450   0.6070   0.8150   1.0620   1.2760   1.5710   1.7940   2.1520   2.3890   2.6280   2.8640   3.2450   3.4830   3.7350   3.9790   4.2420   4.5040   4.7830   5.0590   5.3750   5.5810   5.7640   0.0000;
166:  0.2450   0.6070   0.8150   1.0620   1.2760   1.5710   1.7930   2.1520   2.3890   2.6280   2.8640   3.2450   3.4830   3.7350   3.9790   4.2410   4.5020   4.7800   5.0600   5.3820   5.5980   5.7820   0.0000;
167:  0.2450   0.6070   0.8150   1.0620   1.2760   1.5710   1.7930   2.1520   2.3880   2.6270   2.8640   3.2450   3.4830   3.7340   3.9780   4.2400   4.5000   4.7760   5.0590   5.3890   5.6140   5.8010   0.0000;
168:  0.2450   0.6070   0.8150   1.0620   1.2760   1.5710   1.7930   2.1520   2.3880   2.6270   2.8640   3.2440   3.4830   3.7340   3.9780   4.2390   4.4980   4.7720   5.0570   5.3930   5.6300   5.8210   0.0000;
169:  0.2450   0.6060   0.8150   1.0620   1.2770   1.5710   1.7930   2.1530   2.3880   2.6270   2.8640   3.2440   3.4840   3.7330   3.9780   4.2380   4.4960   4.7690   5.0550   5.3970   5.6450   5.8410   0.0000;
170:  0.2450   0.6060   0.8160   1.0620   1.2770   1.5710   1.7920   2.1530   2.3870   2.6260   2.8630   3.2440   3.4840   3.7330   3.9780   4.2370   4.4950   4.7640   5.0520   5.3980   5.6590   5.8600   0.0000;
171:  0.2450   0.6060   0.8160   1.0620   1.2770   1.5720   1.7920   2.1540   2.3870   2.6260   2.8630   3.2440   3.4840   3.7330   3.9780   4.2360   4.4930   4.7600   5.0480   5.3990   5.6720   5.8800   0.0000;
172:  0.2440   0.6060   0.8160   1.0620   1.2770   1.5720   1.7920   2.1540   2.3870   2.6250   2.8630   3.2430   3.4830   3.7330   3.9770   4.2340   4.4910   4.7570   5.0440   5.3980   5.6840   5.8980   6.1470;
173:  0.2440   0.6060   0.8160   1.0620   1.2770   1.5730   1.7910   2.1550   2.3870   2.6250   2.8630   3.2430   3.4830   3.7330   3.9770   4.2330   4.4900   4.7540   5.0390   5.3970   5.6950   5.9150   6.1500;
174:  0.2440   0.6060   0.8160   1.0620   1.2770   1.5730   1.7910   2.1560   2.3870   2.6240   2.8640   3.2430   3.4830   3.7330   3.9770   4.2320   4.4890   4.7510   5.0350   5.3960   5.7040   5.9310   6.1550;
175:  0.2440   0.6060   0.8160   1.0620   1.2770   1.5730   1.7910   2.1560   2.3870   2.6240   2.8640   3.2430   3.4830   3.7330   3.9760   4.2300   4.4870   4.7480   5.0300   5.3940   5.7120   5.9480   6.1600;
176:  0.2440   0.6060   0.8160   1.0620   1.2780   1.5740   1.7900   2.1560   2.3870   2.6230   2.8640   3.2430   3.4830   3.7330   3.9760   4.2290   4.4860   4.7450   5.0260   5.3910   5.7190   5.9630   6.1660;
177:  0.2440   0.6060   0.8170   1.0620   1.2780   1.5740   1.7900   2.1570   2.3870   2.6230   2.8640   3.2420   3.4820   3.7330   3.9760   4.2270   4.4840   4.7430   5.0210   5.3870   5.7240   5.9780   6.1730;
178:  0.2440   0.6060   0.8170   1.0630   1.2780   1.5740   1.7900   2.1570   2.3870   2.6220   2.8640   3.2420   3.4820   3.7330   3.9760   4.2260   4.4830   4.7400   5.0170   5.3820   5.7300   5.9910   6.1800;
179:  0.2440   0.6060   0.8170   1.0630   1.2780   1.5750   1.7890   2.1580   2.3870   2.6210   2.8640   3.2420   3.4820   3.7330   3.9750   4.2250   4.4810   4.7390   5.0130   5.3780   5.7320   6.0030   6.1880;
180:  0.2440   0.6060   0.8170   1.0630   1.2780   1.5750   1.7890   2.1580   2.3870   2.6200   2.8640   3.2420   3.4820   3.7330   3.9750   4.2240   4.4780   4.7360   5.0090   5.3730   5.7330   6.0150   6.1960;
181:  0.2440   0.6060   0.8170   1.0640   1.2780   1.5750   1.7890   2.1570   2.3860   2.6190   2.8640   3.2420   3.4820   3.7320   3.9750   4.2240   4.4760   4.7350   5.0060   5.3670   5.7320   6.0240   6.2040;
182:  0.2440   0.6060   0.8170   1.0640   1.2790   1.5760   1.7880   2.1570   2.3860   2.6180   2.8630   3.2410   3.4820   3.7320   3.9740   4.2230   4.4740   4.7330   5.0030   5.3630   5.7290   6.0330   6.2120;
183:  0.2440   0.6060   0.8170   1.0640   1.2790   1.5760   1.7880   2.1570   2.3860   2.6170   2.8630   3.2410   3.4810   3.7310   3.9730   4.2220   4.4720   4.7310   5.0000   5.3600   5.7240   6.0390   6.2200;
184:  0.2440   0.6060   0.8170   1.0640   1.2790   1.5760   1.7880   2.1560   2.3860   2.6160   2.8630   3.2410   3.4810   3.7310   3.9730   4.2220   4.4700   4.7290   4.9990   5.3570   5.7160   6.0450   6.2270;
185:  0.2450   0.6060   0.8170   1.0640   1.2790   1.5760   1.7870   2.1560   2.3850   2.6150   2.8620   3.2400   3.4800   3.7300   3.9720   4.2210   4.4670   4.7260   4.9970   5.3550   5.7090   6.0500   6.2320;
186:  0.2450   0.6060   0.8170   1.0640   1.2790   1.5760   1.7870   2.1550   2.3850   2.6140   2.8620   3.2400   3.4800   3.7300   3.9720   4.2210   4.4650   4.7240   4.9960   5.3530   5.7000   6.0530   6.2350;
187:  0.2450   0.6060   0.8170   1.0640   1.2790   1.5760   1.7870   2.1540   2.3840   2.6130   2.8620   3.2390   3.4790   3.7290   3.9710   4.2200   4.4620   4.7220   4.9940   5.3520   5.6890   6.0560   6.2380;
188:  0.2450   0.6060   0.8170   1.0650   1.2790   1.5760   1.7870   2.1540   2.3840   2.6120   2.8620   3.2380   3.4780   3.7290   3.9710   4.2200   4.4600   4.7200   4.9920   5.3520   5.6780   6.0570   6.2380;
189:  0.2450   0.6060   0.8170   1.0650   1.2790   1.5760   1.7870   2.1530   2.3820   2.6110   2.8610   3.2370   3.4770   3.7280   3.9710   4.2200   4.4580   4.7180   4.9900   5.3530   5.6660   6.0580   6.2380;
190:  0.2450   0.6060   0.8170   1.0650   1.2790   1.5750   1.7870   2.1520   2.3820   2.6110   2.8610   3.2360   3.4760   3.7270   3.9710   4.2190   4.4550   4.7160   4.9900   5.3550   5.6560   6.0580   6.2360;
191:  0.2450   0.6060   0.8170   1.0650   1.2790   1.5750   1.7870   2.1510   2.3800   2.6100   2.8600   3.2360   3.4740   3.7250   3.9710   4.2180   4.4540   4.7150   4.9890   5.3570   5.6460   6.0570   6.2330;
192:  0.2450   0.6060   0.8170   1.0650   1.2790   1.5750   1.7870   2.1510   2.3790   2.6090   2.8600   3.2350   3.4730   3.7240   3.9710   4.2180   4.4520   4.7140   4.9890   5.3590   5.6370   6.0560   6.2300;
193:  0.2450   0.6060   0.8170   1.0650   1.2790   1.5740   1.7870   2.1500   2.3780   2.6080   2.8590   3.2340   3.4720   3.7230   3.9700   4.2170   4.4510   4.7130   4.9880   5.3600   5.6290   6.0540   6.2280;
194:  0.2460   0.6070   0.8170   1.0650   1.2790   1.5730   1.7860   2.1490   2.3770   2.6070   2.8580   3.2330   3.4700   3.7220   3.9700   4.2170   4.4490   4.7130   4.9870   5.3610   5.6220   6.0520   6.2250;
195:  0.2460   0.6070   0.8170   1.0650   1.2780   1.5730   1.7860   2.1480   2.3760   2.6060   2.8580   3.2310   3.4690   3.7210   3.9700   4.2160   4.4480   4.7120   4.9850   5.3610   5.6160   6.0490   6.2210;
196:  0.2460   0.6070   0.8170   1.0640   1.2780   1.5730   1.7860   2.1470   2.3750   2.6060   2.8570   3.2300   3.4670   3.7200   3.9700   4.2160   4.4480   4.7120   4.9840   5.3620   5.6110   6.0450   6.2170;
197:  0.2460   0.6070   0.8170   1.0640   1.2780   1.5730   1.7860   2.1470   2.3740   2.6050   2.8560   3.2290   3.4650   3.7190   3.9700   4.2160   4.4470   4.7110   4.9820   5.3620   5.6070   6.0410   6.2130;
198:  0.2460   0.6070   0.8170   1.0640   1.2780   1.5720   1.7850   2.1460   2.3730   2.6040   2.8550   3.2280   3.4640   3.7180   3.9690   4.2160   4.4470   4.7100   4.9800   5.3620   5.6040   6.0360   6.2090;
199:  0.2470   0.6070   0.8170   1.0640   1.2780   1.5710   1.7850   2.1450   2.3720   2.6040   2.8540   3.2270   3.4620   3.7160   3.9690   4.2160   4.4470   4.7100   4.9780   5.3620   5.6040   6.0320   6.2050;
200:  0.2470   0.6070   0.8170   1.0640   1.2780   1.5710   1.7840   2.1450   2.3710   2.6030   2.8530   3.2250   3.4610   3.7150   3.9690   4.2160   4.4480   4.7090   4.9760   5.3630   5.6050   6.0270   6.2010;
201:  0.2470   0.6070   0.8170   1.0640   1.2770   1.5700   1.7840   2.1440   2.3690   2.6030   2.8520   3.2240   3.4590   3.7140   3.9690   4.2150   4.4490   4.7090   4.9750   5.3640   5.6080   6.0210   6.1980;
202:  0.2470   0.6070   0.8170   1.0640   1.2770   1.5700   1.7830   2.1430   2.3690   2.6020   2.8510   3.2230   3.4580   3.7120   3.9680   4.2150   4.4490   4.7090   4.9730   5.3640   5.6130   6.0150   6.1950;
203:  0.2470   0.6070   0.8170   1.0640   1.2770   1.5690   1.7830   2.1430   2.3680   2.6010   2.8500   3.2220   3.4570   3.7110   3.9680   4.2150   4.4500   4.7080   4.9710   5.3640   5.6190   6.0090   6.1930;
204:  0.2480   0.6070   0.8170   1.0640   1.2760   1.5690   1.7820   2.1420   2.3670   2.6000   2.8490   3.2210   3.4570   3.7090   3.9670   4.2150   4.4500   4.7080   4.9700   5.3640   5.6250   6.0040   6.1910;
205:  0.2480   0.6070   0.8170   1.0630   1.2760   1.5680   1.7820   2.1410   2.3660   2.5990   2.8480   3.2200   3.4560   3.7070   3.9660   4.2150   4.4520   4.7090   4.9690   5.3640   5.6320   5.9980   6.1890;
206:  0.2480   0.6070   0.8170   1.0630   1.2760   1.5680   1.7810   2.1400   2.3650   2.5980   2.8470   3.2200   3.4550   3.7060   3.9650   4.2150   4.4530   4.7090   4.9680   5.3640   5.6380   5.9930   6.1890;
207:  0.2490   0.6070   0.8170   1.0640   1.2750   1.5670   1.7800   2.1390   2.3650   2.5970   2.8450   3.2190   3.4550   3.7040   3.9640   4.2140   4.4550   4.7090   4.9670   5.3630   5.6440   5.9880   0.0000;
208:  0.2490   0.6070   0.8170   1.0640   1.2750   1.5670   1.7790   2.1380   2.3640   2.5960   2.8440   3.2190   3.4530   3.7030   3.9620   4.2130   4.4570   4.7090   4.9660   5.3620   5.6490   5.9830   0.0000;
209:  0.2490   0.6070   0.8170   1.0640   1.2750   1.5660   1.7780   2.1380   2.3640   2.5950   2.8420   3.2180   3.4530   3.7010   3.9610   4.2120   4.4580   4.7100   4.9660   5.3600   5.6540   5.9790   0.0000;
210:  0.2490   0.6070   0.8160   1.0640   1.2740   1.5660   1.7770   2.1370   2.3630   2.5940   2.8410   3.2180   3.4520   3.7000   3.9590   4.2120   4.4590   4.7100   4.9650   5.3580   5.6570   5.9750   0.0000;
211:  0.2500   0.6070   0.8160   1.0640   1.2730   1.5650   1.7760   2.1360   2.3620   2.5940   2.8390   3.2180   3.4510   3.6980   3.9580   4.2110   4.4600   4.7110   4.9640   5.3580   5.6600   5.9720   0.0000;
212:  0.2500   0.6070   0.8160   1.0640   1.2730   1.5640   1.7760   2.1350   2.3610   2.5930   2.8380   3.2180   3.4500   3.6970   3.9570   4.2110   4.4610   4.7110   4.9640   5.3560   5.6620   0.0000   0.0000;
213:  0.2500   0.6070   0.8160   1.0640   1.2720   1.5640   1.7750   2.1350   2.3600   2.5930   2.8360   3.2180   3.4490   3.6950   3.9550   4.2110   4.4610   4.7120   4.9640   5.3540   5.6630   0.0000   0.0000;
214:  0.2500   0.6070   0.8160   1.0640   1.2720   1.5630   1.7740   2.1340   2.3600   2.5920   2.8350   3.2180   3.4480   3.6940   3.9540   4.2110   4.4620   4.7120   4.9640   5.3530   5.6640   0.0000   0.0000;
215:  0.2510   0.6070   0.8160   1.0630   1.2710   1.5620   1.7730   2.1330   2.3590   2.5920   2.8330   3.2170   3.4470   3.6930   3.9530   4.2100   4.4620   4.7130   4.9640   5.3510   5.6650   0.0000   0.0000;
216:  0.2510   0.6070   0.8160   1.0630   1.2700   1.5620   1.7730   2.1320   2.3580   2.5920   2.8310   3.2160   3.4460   3.6920   3.9520   4.2090   4.4620   4.7130   4.9640   5.3490   5.6650   0.0000   0.0000;
217:  0.2510   0.6070   0.8160   1.0630   1.2700   1.5610   1.7720   2.1310   2.3570   2.5910   2.8300   3.2160   3.4440   3.6910   3.9510   4.2090   4.4620   4.7130   4.9640   5.3460   5.6650   0.0000   0.0000;
218:  0.2510   0.6070   0.8160   1.0630   1.2690   1.5600   1.7720   2.1300   2.3560   2.5910   2.8290   3.2150   3.4430   3.6890   3.9500   4.2090   4.4620   4.7130   4.9640   5.3430   5.6650   0.0000   0.0000;
219:  0.2520   0.6070   0.8160   1.0620   1.2690   1.5590   1.7710   2.1290   2.3550   2.5910   2.8270   3.2140   3.4410   3.6890   3.9500   4.2080   4.4620   4.7130   4.9640   5.3400   5.6650   0.0000   0.0000;
220:  0.2520   0.6070   0.8160   1.0620   1.2680   1.5580   1.7710   2.1280   2.3540   2.5910   2.8260   3.2130   3.4390   3.6880   3.9490   4.2080   4.4620   4.7140   4.9640   5.3350   5.6650   0.0000   0.0000;
221:  0.2520   0.6070   0.8160   1.0610   1.2680   1.5580   1.7710   2.1270   2.3530   2.5910   2.8250   3.2120   3.4380   3.6870   3.9490   4.2080   4.4610   4.7130   4.9630   5.3290   5.6650   0.0000   0.0000;
222:  0.2530   0.6070   0.8160   1.0610   1.2680   1.5570   1.7700   2.1260   2.3520   2.5910   2.8230   3.2100   3.4360   3.6860   3.9480   4.2080   4.4600   4.7140   4.9620   5.3240   5.6650   0.0000   0.0000;
223:  0.2530   0.6070   0.8160   1.0600   1.2670   1.5560   1.7700   2.1250   2.3510   2.5910   2.8220   3.2090   3.4350   3.6860   3.9480   4.2080   4.4590   4.7130   4.9610   5.3180   5.6640   0.0000   0.0000;
224:  0.2530   0.6070   0.8160   1.0590   1.2670   1.5560   1.7690   2.1240   2.3500   2.5910   2.8210   3.2070   3.4340   3.6850   3.9480   4.2080   4.4570   4.7120   4.9590   5.3120   0.0000   0.0000   0.0000;
225:  0.2530   0.6060   0.8160   1.0590   1.2670   1.5550   1.7690   2.1230   2.3480   2.5910   2.8200   3.2050   3.4330   3.6850   3.9470   4.2080   4.4540   4.7110   4.9580   0.0000   0.0000   0.0000   0.0000;
226:  0.2530   0.6060   0.8160   1.0580   1.2670   1.5550   1.7690   2.1230   2.3470   2.5910   2.8190   3.2020   3.4330   3.6850   3.9470   4.2080   4.4520   4.7090   4.9560   0.0000   0.0000   0.0000   0.0000;
227:  0.2540   0.6060   0.8160   1.0570   1.2660   1.5540   1.7680   2.1220   2.3460   2.5910   2.8180   3.2000   3.4330   3.6840   3.9460   4.2080   4.4490   4.7080   4.9550   0.0000   0.0000   0.0000   0.0000;
228:  0.2540   0.6060   0.8160   1.0560   1.2660   1.5540   1.7680   2.1210   2.3450   2.5910   2.8170   3.1980   3.4330   3.6840   3.9460   4.2080   4.4470   4.7050   4.9530   0.0000   0.0000   0.0000   0.0000;
229:  0.2540   0.6060   0.8160   1.0550   1.2660   1.5530   1.7670   2.1200   2.3440   2.5900   2.8160   3.1960   3.4330   3.6840   3.9450   4.2080   4.4450   4.7030   4.9510   0.0000   0.0000   0.0000   0.0000;
230:  0.2550   0.6060   0.8160   1.0540   1.2650   1.5530   1.7670   2.1200   2.3430   2.5900   2.8150   3.1950   3.4340   3.6840   3.9440   4.2070   4.4430   4.7000   4.9480   0.0000   0.0000   0.0000   0.0000;
231:  0.2550   0.6060   0.8160   1.0540   1.2650   1.5530   1.7670   2.1190   2.3420   2.5890   2.8140   3.1930   3.4340   3.6840   3.9430   4.2060   4.4410   4.6970   4.9460   0.0000   0.0000   0.0000   0.0000;
232:  0.2550   0.6050   0.8170   1.0530   1.2650   1.5520   1.7670   2.1180   2.3410   2.5880   2.8130   3.1920   3.4340   3.6840   3.9410   4.2050   4.4390   4.6950   4.9430   0.0000   0.0000   0.0000   0.0000;
233:  0.2550   0.6050   0.8170   1.0520   1.2650   1.5520   1.7670   2.1180   2.3400   2.5870   2.8120   3.1910   3.4350   3.6840   3.9400   4.2030   4.4370   4.6920   4.9400   0.0000   0.0000   0.0000   0.0000;
234:  0.2550   0.6050   0.8170   1.0520   1.2640   1.5520   1.7660   2.1180   2.3380   2.5860   2.8110   3.1910   3.4350   3.6840   3.9380   4.2010   4.4350   4.6910   4.9360   0.0000   0.0000   0.0000   0.0000;
235:  0.2550   0.6050   0.8170   1.0510   1.2640   1.5510   1.7660   2.1180   2.3370   2.5840   2.8090   3.1910   3.4350   3.6840   3.9360   4.2000   4.4330   4.6900   4.9310   0.0000   0.0000   0.0000   0.0000;
236:  0.2560   0.6050   0.8170   1.0510   1.2640   1.5510   1.7660   2.1180   2.3360   2.5830   2.8080   3.1910   3.4360   3.6850   3.9340   4.1980   4.4320   4.6890   4.9250   0.0000   0.0000   0.0000   0.0000;
237:  0.2560   0.6050   0.8170   1.0500   1.2640   1.5510   1.7660   2.1170   2.3350   2.5820   2.8070   3.1910   3.4360   3.6850   3.9320   4.1960   4.4300   4.6880   4.9180   0.0000   0.0000   0.0000   0.0000;
238:  0.2560   0.6050   0.8170   1.0490   1.2630   1.5510   1.7660   2.1170   2.3340   2.5800   2.8060   3.1920   3.4370   3.6850   3.9300   4.1940   4.4280   4.6880   4.9110   0.0000   0.0000   0.0000   0.0000;
239:  0.2560   0.6040   0.8170   1.0490   1.2630   1.5500   1.7660   2.1170   2.3330   2.5790   2.8050   3.1930   3.4370   3.6850   3.9280   4.1910   4.4270   4.6870   4.9040   0.0000   0.0000   0.0000   0.0000;
240:  0.2560   0.6040   0.8170   1.0490   1.2620   1.5500   1.7670   2.1170   2.3320   2.5770   2.8040   3.1940   3.4370   3.6850   3.9270   4.1890   4.4260   4.6860   4.8960   0.0000   0.0000   0.0000   0.0000;
241:  0.2560   0.6040   0.8170   1.0480   1.2620   1.5490   1.7670   2.1170   2.3310   2.5750   2.8030   3.1950   3.4370   3.6850   3.9260   4.1870   4.4250   4.6850   4.8890   0.0000   0.0000   0.0000   0.0000;
242:  0.2560   0.6040   0.8170   1.0480   1.2610   1.5490   1.7670   2.1160   2.3310   2.5740   2.8030   3.1960   3.4360   3.6840   3.9250   4.1850   4.4250   4.6840   4.8810   0.0000   0.0000   0.0000   0.0000;
243:  0.2560   0.6040   0.8180   1.0480   1.2610   1.5480   1.7670   2.1160   2.3300   2.5720   2.8030   3.1980   3.4360   3.6840   3.9240   4.1830   4.4250   4.6830   4.8730   0.0000   0.0000   0.0000   0.0000;
244:  0.2570   0.6040   0.8180   1.0470   1.2600   1.5480   1.7670   2.1150   2.3300   2.5700   2.8030   3.1990   3.4360   3.6830   3.9230   4.1810   4.4260   4.6830   4.8650   0.0000   0.0000   0.0000   0.0000;
245:  0.2570   0.6040   0.8180   1.0470   1.2600   1.5470   1.7670   2.1150   2.3300   2.5680   2.8030   3.2000   3.4350   3.6830   3.9220   4.1790   4.4270   4.6820   4.8570   0.0000   0.0000   0.0000   0.0000;
246:  0.2570   0.6040   0.8180   1.0470   1.2590   1.5470   1.7670   2.1140   2.3310   2.5670   2.8040   3.2010   3.4350   3.6820   3.9210   4.1780   4.4280   4.6810   0.0000   0.0000   0.0000   0.0000   0.0000;
247:  0.2570   0.6040   0.8180   1.0470   1.2590   1.5460   1.7670   2.1140   2.3310   2.5650   2.8050   3.2020   3.4340   3.6810   3.9200   4.1760   4.4290   4.6810   0.0000   0.0000   0.0000   0.0000   0.0000;
248:  0.2570   0.6030   0.8180   1.0470   1.2590   1.5450   1.7660   2.1130   2.3320   2.5640   2.8060   3.2030   3.4340   3.6810   3.9200   4.1760   4.4310   4.6800   0.0000   0.0000   0.0000   0.0000   0.0000;
249:  0.2570   0.6030   0.8180   1.0470   1.2590   1.5450   1.7660   2.1130   2.3320   2.5630   2.8070   3.2040   3.4340   3.6800   3.9190   4.1750   4.4330   4.6800   0.0000   0.0000   0.0000   0.0000   0.0000;
250:  0.2570   0.6030   0.8180   1.0470   1.2580   1.5450   1.7650   2.1130   2.3330   2.5620   2.8080   3.2040   3.4340   3.6800   3.9190   4.1750   4.4360   4.6800   0.0000   0.0000   0.0000   0.0000   0.0000;
251:  0.2570   0.6030   0.8180   1.0470   1.2580   1.5440   1.7640   2.1120   2.3350   2.5620   2.8090   3.2050   3.4340   3.6800   3.9200   4.1740   4.4380   4.6800   0.0000   0.0000   0.0000   0.0000   0.0000;
252:  0.2570   0.6030   0.8180   1.0470   1.2580   1.5440   1.7630   2.1120   2.3360   2.5620   2.8100   3.2050   3.4330   3.6790   3.9200   4.1750   4.4400   0.0000   0.0000   0.0000   0.0000   0.0000   0.0000;
253:  0.2570   0.6030   0.8180   1.0470   1.2580   1.5430   1.7630   2.1110   2.3380   2.5620   2.8110   3.2060   3.4330   3.6790   3.9200   4.1760   4.4420   0.0000   0.0000   0.0000   0.0000   0.0000   0.0000;
254:  0.2570   0.6030   0.8180   1.0470   1.2580   1.5420   1.7620   2.1110   2.3390   2.5620   2.8120   3.2070   3.4320   3.6790   3.9210   4.1770   4.4440   0.0000   0.0000   0.0000   0.0000   0.0000   0.0000;
255:  0.2570   0.6030   0.8180   1.0470   1.2580   1.5420   1.7610   2.1110   2.3410   2.5620   2.8130   3.2070   3.4320   3.6780   3.9210   4.1780   4.4470   0.0000   0.0000   0.0000   0.0000   0.0000   0.0000;
256:  0.2570   0.6030   0.8180   1.0470   1.2580   1.5410   1.7600   2.1110   2.3430   2.5630   2.8150   3.2070   3.4310   3.6780   3.9220   4.1800   4.4480   0.0000   0.0000   0.0000   0.0000   0.0000   0.0000;
257:  0.2570   0.6030   0.8180   1.0470   1.2580   1.5400   1.7590   2.1120   2.3440   2.5630   2.8160   3.2080   3.4300   3.6780   3.9230   4.1810   4.4500   0.0000   0.0000   0.0000   0.0000   0.0000   0.0000;
258:  0.2580   0.6030   0.8180   1.0470   1.2580   1.5400   1.7580   2.1120   2.3460   2.5640   2.8170   3.2080   3.4300   3.6780   3.9240   4.1830   4.4520   0.0000   0.0000   0.0000   0.0000   0.0000   0.0000;
259:  0.2580   0.6030   0.8180   1.0470   1.2580   1.5400   1.7570   2.1120   2.3470   2.5650   2.8180   3.2090   3.4290   3.6770   3.9250   4.1850   4.4520   0.0000   0.0000   0.0000   0.0000   0.0000   0.0000;
260:  0.2580   0.6030   0.8180   1.0470   1.2580   1.5400   1.7560   2.1130   2.3480   2.5660   2.8190   3.2090   3.4290   3.6770   3.9260   4.1870   4.4510   0.0000   0.0000   0.0000   0.0000   0.0000   0.0000;
261:  0.2580   0.6020   0.8180   1.0470   1.2580   1.5390   1.7560   2.1130   2.3490   2.5670   2.8200   3.2090   3.4280   3.6780   3.9270   4.1900   4.4510   0.0000   0.0000   0.0000   0.0000   0.0000   0.0000;
262:  0.2580   0.6020   0.8180   1.0480   1.2580   1.5390   1.7560   2.1140   2.3510   2.5690   2.8210   3.2090   3.4280   3.6780   3.9280   4.1920   4.4510   0.0000   0.0000   0.0000   0.0000   0.0000   0.0000;
263:  0.2580   0.6020   0.8180   1.0480   1.2580   1.5390   1.7560   2.1150   2.3510   2.5700   2.8220   3.2100   3.4270   3.6790   3.9300   4.1950   4.4500   0.0000   0.0000   0.0000   0.0000   0.0000   0.0000;
264:  0.2580   0.6020   0.8180   1.0480   1.2580   1.5390   1.7560   2.1150   2.3520   2.5710   2.8220   3.2100   3.4270   3.6800   3.9320   4.1980   4.4490   0.0000   0.0000   0.0000   0.0000   0.0000   0.0000;
265:  0.2580   0.6020   0.8190   1.0480   1.2580   1.5390   1.7560   2.1160   2.3520   2.5720   2.8230   3.2100   3.4260   3.6810   3.9340   4.2010   4.4480   0.0000   0.0000   0.0000   0.0000   0.0000   0.0000;
266:  0.2570   0.6020   0.8190   1.0480   1.2590   1.5390   1.7560   2.1170   2.3520   2.5730   2.8240   3.2110   3.4260   3.6820   3.9360   4.2040   4.4470   0.0000   0.0000   0.0000   0.0000   0.0000   0.0000;
267:  0.2570   0.6020   0.8190   1.0480   1.2590   1.5390   1.7570   2.1180   2.3520   2.5740   2.8250   3.2110   3.4260   3.6830   3.9380   4.2070   4.4450   0.0000   0.0000   0.0000   0.0000   0.0000   0.0000;
268:  0.2570   0.6020   0.8190   1.0480   1.2590   1.5390   1.7580   2.1180   2.3520   2.5750   2.8260   3.2110   3.4260   3.6840   3.9410   4.2090   4.4430   0.0000   0.0000   0.0000   0.0000   0.0000   0.0000;
269:  0.2570   0.6020   0.8190   1.0480   1.2600   1.5400   1.7580   2.1190   2.3520   2.5760   2.8270   3.2120   3.4270   3.6850   3.9430   4.2120   4.4410   0.0000   0.0000   0.0000   0.0000   0.0000   0.0000;
270:  0.2570   0.6020   0.8190   1.0480   1.2600   1.5400   1.7600   2.1200   2.3530   2.5760   2.8290   3.2120   3.4270   3.6870   3.9450   4.2160   4.4400   0.0000   0.0000   0.0000   0.0000   0.0000   0.0000;
271:  0.2570   0.6030   0.8190   1.0480   1.2600   1.5400   1.7600   2.1200   2.3530   2.5770   2.8300   3.2130   3.4290   3.6880   3.9470   4.2180   4.4400   0.0000   0.0000   0.0000   0.0000   0.0000   0.0000;
272:  0.2570   0.6030   0.8190   1.0480   1.2600   1.5400   1.7610   2.1200   2.3530   2.5770   2.8310   3.2130   3.4300   3.6900   3.9500   4.2210   4.4420   0.0000   0.0000   0.0000   0.0000   0.0000   0.0000;
273:  0.2570   0.6030   0.8190   1.0490   1.2610   1.5410   1.7620   2.1200   2.3530   2.5780   2.8310   3.2130   3.4310   3.6920   3.9520   4.2230   4.4440   0.0000   0.0000   0.0000   0.0000   0.0000   0.0000;
274:  0.2570   0.6030   0.8190   1.0490   1.2610   1.5420   1.7630   2.1200   2.3530   2.5780   2.8320   3.2130   3.4330   3.6950   3.9550   4.2250   4.4450   0.0000   0.0000   0.0000   0.0000   0.0000   0.0000;
275:  0.2570   0.6030   0.8190   1.0490   1.2610   1.5420   1.7640   2.1200   2.3540   2.5790   2.8320   3.2140   3.4340   3.6970   3.9570   4.2270   4.4470   0.0000   0.0000   0.0000   0.0000   0.0000   0.0000;
276:  0.2570   0.6030   0.8190   1.0490   1.2620   1.5430   1.7650   2.1200   2.3550   2.5800   2.8330   3.2150   3.4360   3.7000   3.9590   4.2290   4.4500   0.0000   0.0000   0.0000   0.0000   0.0000   0.0000;
277:  0.2570   0.6030   0.8190   1.0490   1.2620   1.5430   1.7660   2.1200   2.3550   2.5810   2.8340   3.2150   3.4380   3.7020   3.9610   4.2310   4.4530   0.0000   0.0000   0.0000   0.0000   0.0000   0.0000;
278:  0.2570   0.6030   0.8190   1.0490   1.2620   1.5440   1.7670   2.1200   2.3560   2.5820   2.8340   3.2160   3.4390   3.7050   3.9630   4.2340   4.4560   0.0000   0.0000   0.0000   0.0000   0.0000   0.0000;
279:  0.2570   0.6030   0.8190   1.0490   1.2630   1.5440   1.7680   2.1200   2.3570   2.5830   2.8350   3.2160   3.4410   3.7070   3.9650   4.2360   4.4600   0.0000   0.0000   0.0000   0.0000   0.0000   0.0000;
280:  0.2570   0.6030   0.8190   1.0490   1.2630   1.5450   1.7690   2.1200   2.3580   2.5840   2.8350   3.2170   3.4430   3.7100   3.9670   4.2380   4.4650   0.0000   0.0000   0.0000   0.0000   0.0000   0.0000;
281:  0.2570   0.6030   0.8190   1.0500   1.2640   1.5460   1.7690   2.1200   2.3600   2.5850   2.8350   3.2180   3.4450   3.7110   3.9690   4.2410   4.4690   0.0000   0.0000   0.0000   0.0000   0.0000   0.0000;
282:  0.2570   0.6030   0.8200   1.0500   1.2640   1.5460   1.7700   2.1200   2.3610   2.5870   2.8360   3.2200   3.4470   3.7130   3.9710   4.2430   4.4730   0.0000   0.0000   0.0000   0.0000   0.0000   0.0000;
283:  0.2560   0.6040   0.8200   1.0500   1.2640   1.5470   1.7710   2.1210   2.3630   2.5880   2.8360   3.2210   3.4490   3.7150   3.9730   4.2440   4.4780   0.0000   0.0000   0.0000   0.0000   0.0000   0.0000;
284:  0.2560   0.6040   0.8200   1.0500   1.2650   1.5480   1.7720   2.1210   2.3640   2.5900   2.8360   3.2220   3.4520   3.7160   3.9760   4.2460   4.4840   0.0000   0.0000   0.0000   0.0000   0.0000   0.0000;
285:  0.2560   0.6040   0.8200   1.0500   1.2650   1.5490   1.7730   2.1220   2.3660   2.5920   2.8370   3.2230   3.4540   3.7170   3.9780   4.2480   4.4880   0.0000   0.0000   0.0000   0.0000   0.0000   0.0000;
286:  0.2560   0.6040   0.8200   1.0500   1.2660   1.5510   1.7740   2.1220   2.3670   2.5940   2.8380   3.2240   3.4560   3.7190   3.9800   4.2500   4.4930   0.0000   0.0000   0.0000   0.0000   0.0000   0.0000;
287:  0.2560   0.6040   0.8200   1.0510   1.2660   1.5520   1.7750   2.1230   2.3690   2.5960   2.8380   3.2250   3.4580   3.7200   3.9820   4.2520   4.4980   0.0000   0.0000   0.0000   0.0000   0.0000   0.0000;
288:  0.2560   0.6040   0.8200   1.0510   1.2660   1.5530   1.7760   2.1240   2.3700   2.5980   2.8390   3.2260   3.4600   3.7220   3.9840   4.2540   4.5030   0.0000   0.0000   0.0000   0.0000   0.0000   0.0000;
289:  0.2560   0.6040   0.8210   1.0510   1.2670   1.5540   1.7780   2.1250   2.3710   2.6000   2.8400   3.2280   3.4620   3.7230   3.9860   4.2560   4.5080   0.0000   0.0000   0.0000   0.0000   0.0000   0.0000;
290:  0.2560   0.6040   0.8210   1.0510   1.2670   1.5550   1.7790   2.1260   2.3720   2.6030   2.8410   3.2290   3.4650   3.7250   3.9890   4.2580   4.5130   0.0000   0.0000   0.0000   0.0000   0.0000   0.0000;
291:  0.2560   0.6050   0.8210   1.0520   1.2680   1.5550   1.7810   2.1280   2.3730   2.6050   2.8430   3.2300   3.4670   3.7270   3.9910   4.2600   4.5170   0.0000   0.0000   0.0000   0.0000   0.0000   0.0000;
292:  0.2560   0.6050   0.8210   1.0520   1.2690   1.5560   1.7820   2.1290   2.3740   2.6080   2.8450   3.2310   3.4700   3.7290   3.9930   4.2630   4.5220   0.0000   0.0000   0.0000   0.0000   0.0000   0.0000;
293:  0.2560   0.6050   0.8210   1.0530   1.2690   1.5570   1.7840   2.1310   2.3750   2.6110   2.8460   3.2330   3.4730   3.7310   3.9950   4.2660   4.5260   0.0000   0.0000   0.0000   0.0000   0.0000   0.0000;
294:  0.2560   0.6050   0.8220   1.0530   1.2700   1.5580   1.7850   2.1330   2.3750   2.6130   2.8480   3.2340   3.4760   3.7330   3.9970   4.2680   4.5310   0.0000   0.0000   0.0000   0.0000   0.0000   0.0000;
295:  0.2550   0.6050   0.8220   1.0530   1.2700   1.5590   1.7860   2.1350   2.3760   2.6150   2.8500   3.2360   3.4790   3.7360   3.9990   4.2710   0.0000   0.0000   0.0000   0.0000   0.0000   0.0000   0.0000;
296:  0.2550   0.6050   0.8220   1.0540   1.2710   1.5600   1.7880   2.1380   2.3760   2.6170   2.8520   3.2380   3.4820   3.7400   4.0010   0.0000   0.0000   0.0000   0.0000   0.0000   0.0000   0.0000   0.0000;
297:  0.2550   0.6060   0.8220   1.0540   1.2720   1.5600   1.7890   2.1400   2.3770   2.6190   2.8530   3.2390   3.4850   3.7430   4.0030   0.0000   0.0000   0.0000   0.0000   0.0000   0.0000   0.0000   0.0000;
298:  0.2550   0.6060   0.8220   1.0540   1.2730   1.5610   1.7910   2.1420   2.3780   2.6210   2.8550   3.2410   3.4880   3.7460   4.0050   0.0000   0.0000   0.0000   0.0000   0.0000   0.0000   0.0000   0.0000;
299:  0.2550   0.6060   0.8220   1.0550   1.2730   1.5620   1.7920   2.1440   2.3780   2.6230   2.8570   3.2430   3.4900   3.7500   4.0080   0.0000   0.0000   0.0000   0.0000   0.0000   0.0000   0.0000   0.0000;
300:  0.2550   0.6060   0.8230   1.0550   1.2740   1.5620   1.7930   2.1460   2.3790   2.6250   2.8590   3.2450   3.4930   3.7540   4.0110   0.0000   0.0000   0.0000   0.0000   0.0000   0.0000   0.0000   0.0000;
301:  0.2550   0.6070   0.8230   1.0560   1.2750   1.5630   1.7940   2.1480   2.3800   2.6260   2.8610   3.2460   3.4950   3.7580   4.0150   0.0000   0.0000   0.0000   0.0000   0.0000   0.0000   0.0000   0.0000;
302:  0.2550   0.6070   0.8230   1.0570   1.2750   1.5640   1.7950   2.1500   2.3810   2.6270   2.8630   3.2480   3.4970   3.7620   4.0180   0.0000   0.0000   0.0000   0.0000   0.0000   0.0000   0.0000   0.0000;
303:  0.2550   0.6070   0.8230   1.0570   1.2760   1.5650   1.7950   2.1520   2.3810   2.6290   2.8650   3.2500   3.4990   3.7660   4.0220   0.0000   0.0000   0.0000   0.0000   0.0000   0.0000   0.0000   0.0000;
304:  0.2550   0.6070   0.8230   1.0580   1.2770   1.5660   1.7960   2.1540   2.3820   2.6300   2.8670   3.2520   3.5020   3.7700   4.0250   0.0000   0.0000   0.0000   0.0000   0.0000   0.0000   0.0000   0.0000;
305:  0.2550   0.6080   0.8240   1.0580   1.2770   1.5670   1.7970   2.1560   2.3830   2.6320   2.8690   3.2540   3.5040   3.7740   4.0290   0.0000   0.0000   0.0000   0.0000   0.0000   0.0000   0.0000   0.0000;
306:  0.2550   0.6080   0.8240   1.0590   1.2780   1.5680   1.7980   2.1570   2.3840   2.6330   2.8710   3.2560   3.5070   3.7780   4.0330   0.0000   0.0000   0.0000   0.0000   0.0000   0.0000   0.0000   0.0000;
307:  0.2550   0.6080   0.8240   1.0590   1.2780   1.5690   1.7980   2.1590   2.3850   2.6340   2.8730   3.2580   3.5090   3.7820   4.0370   0.0000   0.0000   0.0000   0.0000   0.0000   0.0000   0.0000   0.0000;
308:  0.2540   0.6080   0.8240   1.0600   1.2790   1.5700   1.7990   2.1610   2.3870   2.6350   2.8750   3.2600   3.5120   3.7850   4.0410   0.0000   0.0000   0.0000   0.0000   0.0000   0.0000   0.0000   0.0000;
309:  0.2540   0.6090   0.8240   1.0600   1.2790   1.5710   1.7990   2.1620   2.3880   2.6360   2.8770   3.2620   3.5150   3.7890   4.0460   0.0000   0.0000   0.0000   0.0000   0.0000   0.0000   0.0000   0.0000;
310:  0.2540   0.6090   0.8240   1.0610   1.2800   1.5720   1.8000   2.1640   2.3900   2.6370   2.8790   3.2650   3.5170   3.7910   4.0510   0.0000   0.0000   0.0000   0.0000   0.0000   0.0000   0.0000   0.0000;
311:  0.2540   0.6090   0.8240   1.0620   1.2800   1.5730   1.8010   2.1650   2.3920   2.6380   2.8810   3.2670   3.5200   3.7940   4.0570   0.0000   0.0000   0.0000   0.0000   0.0000   0.0000   0.0000   0.0000;
312:  0.2540   0.6090   0.8240   1.0630   1.2810   1.5740   1.8010   2.1650   2.3940   2.6400   2.8820   3.2690   3.5220   3.7970   4.0620   0.0000   0.0000   0.0000   0.0000   0.0000   0.0000   0.0000   0.0000;
313:  0.2540   0.6100   0.8250   1.0630   1.2810   1.5750   1.8020   2.1660   2.3950   2.6410   2.8840   3.2710   3.5250   3.7990   4.0670   0.0000   0.0000   0.0000   0.0000   0.0000   0.0000   0.0000   0.0000;
314:  0.2540   0.6100   0.8250   1.0640   1.2810   1.5760   1.8030   2.1670   2.3970   2.6430   2.8860   3.2730   3.5270   3.8020   4.0730   0.0000   0.0000   0.0000   0.0000   0.0000   0.0000   0.0000   0.0000;
315:  0.2540   0.6100   0.8250   1.0650   1.2820   1.5770   1.8040   2.1680   2.3990   2.6440   2.8870   3.2750   3.5300   3.8040   4.0790   0.0000   0.0000   0.0000   0.0000   0.0000   0.0000   0.0000   0.0000;
316:  0.2540   0.6110   0.8250   1.0660   1.2820   1.5780   1.8040   2.1690   2.4010   2.6460   2.8890   3.2770   3.5330   3.8050   4.0850   0.0000   0.0000   0.0000   0.0000   0.0000   0.0000   0.0000   0.0000;
317:  0.2540   0.6110   0.8250   1.0670   1.2830   1.5790   1.8050   2.1700   2.4030   2.6470   2.8910   3.2790   3.5350   3.8080   4.0910   0.0000   0.0000   0.0000   0.0000   0.0000   0.0000   0.0000   0.0000;
318:  0.2540   0.6110   0.8250   1.0680   1.2840   1.5800   1.8060   2.1710   2.4050   2.6490   2.8920   3.2820   3.5380   3.8110   4.0970   0.0000   0.0000   0.0000   0.0000   0.0000   0.0000   0.0000   0.0000;
319:  0.2540   0.6110   0.8250   1.0680   1.2840   1.5810   1.8070   2.1710   2.4060   2.6500   2.8940   3.2840   3.5400   3.8140   4.1030   0.0000   0.0000   0.0000   0.0000   0.0000   0.0000   0.0000   0.0000;
320:  0.2540   0.6120   0.8250   1.0690   1.2850   1.5820   1.8080   2.1720   2.4080   2.6520   2.8960   3.2860   3.5430   3.8180   4.1080   0.0000   0.0000   0.0000   0.0000   0.0000   0.0000   0.0000   0.0000;
321:  0.2540   0.6120   0.8250   1.0700   1.2850   1.5820   1.8090   2.1730   2.4090   2.6540   2.8970   3.2890   3.5450   3.8210   4.1140   0.0000   0.0000   0.0000   0.0000   0.0000   0.0000   0.0000   0.0000;
322:  0.2540   0.6120   0.8260   1.0710   1.2860   1.5840   1.8090   2.1740   2.4110   2.6550   2.8980   3.2920   3.5480   3.8250   4.1200   0.0000   0.0000   0.0000   0.0000   0.0000   0.0000   0.0000   0.0000;
323:  0.2540   0.6120   0.8260   1.0720   1.2870   1.5840   1.8100   2.1750   2.4120   2.6560   2.8990   3.2940   3.5490   3.8280   4.1260   0.0000   0.0000   0.0000   0.0000   0.0000   0.0000   0.0000   0.0000;
324:  0.2540   0.6130   0.8260   1.0730   1.2880   1.5850   1.8110   2.1760   2.4130   2.6580   2.9000   3.2970   3.5500   3.8320   4.1320   0.0000   0.0000   0.0000   0.0000   0.0000   0.0000   0.0000   0.0000;
325:  0.2540   0.6130   0.8260   1.0740   1.2890   1.5860   1.8120   2.1770   2.4140   2.6590   2.9020   3.3000   3.5520   3.8350   4.1380   0.0000   0.0000   0.0000   0.0000   0.0000   0.0000   0.0000   0.0000;
326:  0.2540   0.6130   0.8260   1.0750   1.2900   1.5870   1.8130   2.1780   2.4150   2.6610   2.9030   3.3020   3.5530   3.8390   4.1440   0.0000   0.0000   0.0000   0.0000   0.0000   0.0000   0.0000   0.0000;
327:  0.2540   0.6130   0.8260   1.0750   1.2910   1.5890   1.8140   2.1790   2.4160   2.6620   2.9040   3.3040   3.5550   3.8430   4.1500   0.0000   0.0000   0.0000   0.0000   0.0000   0.0000   0.0000   0.0000;
328:  0.2540   0.6140   0.8260   1.0760   1.2920   1.5900   1.8150   2.1800   2.4170   2.6630   2.9050   3.3070   3.5570   3.8480   4.1560   0.0000   0.0000   0.0000   0.0000   0.0000   0.0000   0.0000   0.0000;
329:  0.2540   0.6140   0.8260   1.0770   1.2930   1.5910   1.8150   2.1810   2.4180   2.6640   2.9070   3.3080   3.5600   3.8530   4.1610   0.0000   0.0000   0.0000   0.0000   0.0000   0.0000   0.0000   0.0000;
330:  0.2540   0.6140   0.8270   1.0780   1.2940   1.5920   1.8160   2.1820   2.4180   2.6650   2.9080   3.3100   3.5620   3.8570   4.1650   0.0000   0.0000   0.0000   0.0000   0.0000   0.0000   0.0000   0.0000;
331:  0.2540   0.6140   0.8270   1.0780   1.2950   1.5930   1.8160   2.1830   2.4190   2.6660   2.9090   3.3120   3.5650   3.8620   4.1700   0.0000   0.0000   0.0000   0.0000   0.0000   0.0000   0.0000   0.0000;
332:  0.2550   0.6150   0.8270   1.0790   1.2960   1.5940   1.8170   2.1840   2.4200   2.6670   2.9100   3.3140   3.5680   3.8670   4.1740   0.0000   0.0000   0.0000   0.0000   0.0000   0.0000   0.0000   0.0000;
333:  0.2550   0.6150   0.8270   1.0800   1.2970   1.5950   1.8180   2.1850   2.4210   2.6690   2.9110   3.3160   3.5710   3.8720   4.1760   0.0000   0.0000   0.0000   0.0000   0.0000   0.0000   0.0000   0.0000;
334:  0.2550   0.6150   0.8270   1.0800   1.2980   1.5960   1.8180   2.1860   2.4220   2.6700   2.9120   3.3170   3.5740   3.8760   4.1790   4.4530   0.0000   0.0000   0.0000   0.0000   0.0000   0.0000   0.0000;
335:  0.2550   0.6150   0.8270   1.0810   1.2990   1.5960   1.8190   2.1870   2.4220   2.6710   2.9130   3.3190   3.5780   3.8800   4.1810   4.4610   0.0000   0.0000   0.0000   0.0000   0.0000   0.0000   0.0000;
336:  0.2550   0.6150   0.8270   1.0810   1.3000   1.5970   1.8190   2.1890   2.4230   2.6730   2.9140   3.3200   3.5810   3.8840   4.1820   4.4700   0.0000   0.0000   0.0000   0.0000   0.0000   0.0000   0.0000;
337:  0.2550   0.6150   0.8270   1.0820   1.3000   1.5980   1.8190   2.1900   2.4230   2.6740   2.9150   3.3220   3.5840   3.8880   4.1840   4.4780   0.0000   0.0000   0.0000   0.0000   0.0000   0.0000   0.0000;
338:  0.2550   0.6160   0.8270   1.0820   1.3010   1.5980   1.8200   2.1910   2.4240   2.6750   2.9160   3.3240   3.5870   3.8910   4.1860   4.4870   0.0000   0.0000   0.0000   0.0000   0.0000   0.0000   0.0000;
339:  0.2550   0.6160   0.8270   1.0830   1.3020   1.5990   1.8200   2.1920   2.4250   2.6760   2.9170   3.3250   3.5900   3.8940   4.1880   4.4960   0.0000   0.0000   0.0000   0.0000   0.0000   0.0000   0.0000;
340:  0.2550   0.6160   0.8270   1.0830   1.3020   1.6000   1.8200   2.1930   2.4260   2.6770   2.9180   3.3270   3.5940   3.8970   4.1900   4.5040   4.7780   0.0000   0.0000   0.0000   0.0000   0.0000   0.0000;
341:  0.2550   0.6160   0.8270   1.0830   1.3030   1.6000   1.8200   2.1940   2.4270   2.6780   2.9190   3.3290   3.5970   3.8990   4.1920   4.5120   4.7790   0.0000   0.0000   0.0000   0.0000   0.0000   0.0000;
342:  0.2550   0.6160   0.8270   1.0830   1.3030   1.6000   1.8200   2.1950   2.4270   2.6800   2.9200   3.3310   3.6000   3.9010   4.1950   4.5200   4.7810   0.0000   0.0000   0.0000   0.0000   0.0000   0.0000;
343:  0.2550   0.6160   0.8280   1.0830   1.3030   1.6000   1.8190   2.1960   2.4290   2.6810   2.9220   3.3330   3.6030   3.9030   4.1970   4.5260   4.7810   0.0000   0.0000   0.0000   0.0000   0.0000   0.0000;
344:  0.2550   0.6160   0.8280   1.0830   1.3030   1.6010   1.8180   2.1970   2.4300   2.6820   2.9230   3.3360   3.6050   3.9040   4.1990   4.5320   4.7810   0.0000   0.0000   0.0000   0.0000   0.0000   0.0000;
345:  0.2550   0.6160   0.8280   1.0830   1.3040   1.6010   1.8180   2.1980   2.4310   2.6830   2.9240   3.3390   3.6070   3.9050   4.2010   4.5380   4.7790   0.0000   0.0000   0.0000   0.0000   0.0000   0.0000;
346:  0.2550   0.6160   0.8280   1.0830   1.3040   1.6010   1.8180   2.2000   2.4320   2.6840   2.9250   3.3420   3.6090   3.9050   4.2020   4.5420   4.7760   0.0000   0.0000   0.0000   0.0000   0.0000   0.0000;
347:  0.2550   0.6160   0.8280   1.0830   1.3040   1.6010   1.8170   2.2010   2.4330   2.6860   2.9260   3.3450   3.6100   3.9050   4.2040   4.5450   4.7730   4.9930   0.0000   0.0000   0.0000   0.0000   0.0000;
348:  0.2550   0.6160   0.8280   1.0820   1.3040   1.6010   1.8170   2.2030   2.4340   2.6870   2.9280   3.3470   3.6110   3.9040   4.2050   4.5470   4.7690   4.9900   0.0000   0.0000   0.0000   0.0000   0.0000;
349:  0.2560   0.6160   0.8280   1.0820   1.3040   1.6010   1.8160   2.2040   2.4350   2.6870   2.9290   3.3500   3.6130   3.9030   4.2050   4.5470   4.7640   4.9880   0.0000   0.0000   0.0000   0.0000   0.0000;
350:  0.2560   0.6160   0.8280   1.0820   1.3040   1.6000   1.8160   2.2050   2.4360   2.6880   2.9300   3.3530   3.6140   3.9020   4.2060   4.5460   4.7580   4.9850   0.0000   0.0000   0.0000   0.0000   0.0000;
351:  0.2560   0.6160   0.8280   1.0810   1.3040   1.6000   1.8160   2.2070   2.4370   2.6890   2.9310   3.3560   3.6150   3.9000   4.2070   4.5450   4.7520   4.9830   0.0000   0.0000   0.0000   0.0000   0.0000;
352:  0.2560   0.6160   0.8280   1.0800   1.3040   1.6000   1.8160   2.2080   2.4380   2.6890   2.9330   3.3580   3.6170   3.8990   4.2070   4.5420   4.7440   4.9800   0.0000   0.0000   0.0000   0.0000   0.0000;
353:  0.2560   0.6160   0.8280   1.0800   1.3030   1.6000   1.8160   2.2090   2.4380   2.6890   2.9340   3.3600   3.6180   3.8980   4.2070   4.5380   4.7350   4.9780   0.0000   0.0000   0.0000   0.0000   0.0000;
354:  0.2560   0.6160   0.8280   1.0800   1.3030   1.6000   1.8160   2.2110   2.4390   2.6900   2.9350   3.3620   3.6190   3.8970   4.2070   4.5330   4.7260   4.9760   0.0000   0.0000   0.0000   0.0000   0.0000;
355:  0.2560   0.6160   0.8280   1.0800   1.3030   1.6000   1.8160   2.2120   2.4390   2.6910   2.9370   3.3640   3.6200   3.8960   4.2060   4.5260   4.7170   4.9740   0.0000   0.0000   0.0000   0.0000   0.0000;
356:  0.2560   0.6160   0.8280   1.0800   1.3030   1.6000   1.8160   2.2130   2.4390   2.6910   2.9380   3.3670   3.6220   3.8960   4.2040   4.5190   4.7070   4.9720   0.0000   0.0000   0.0000   0.0000   0.0000;
357:  0.2560   0.6160   0.8280   1.0790   1.3030   1.6000   1.8170   2.2130   2.4400   2.6920   2.9390   3.3690   3.6230   3.8950   4.2020   4.5110   4.6980   4.9720   0.0000   0.0000   0.0000   0.0000   0.0000;
358:  0.2560   0.6150   0.8280   1.0790   1.3030   1.6000   1.8170   2.2130   2.4390   2.6920   2.9400   3.3710   3.6240   3.8950   4.1980   4.5020   4.6890   0.0000   0.0000   0.0000   0.0000   0.0000   0.0000;
359:  0.2560   0.6150   0.8280   1.0790   1.3030   1.5990   1.8180   2.2130   2.4390   2.6920   2.9420   3.3730   3.6250   3.8940   4.1950   4.4930   4.6800   0.0000   0.0000   0.0000   0.0000   0.0000   0.0000;
#AFTER_DB_V4;
000:  0.2560   0.6150   0.8270   1.0790   1.3030   1.5990   1.8190   2.2130   2.4390   2.6920   2.9430   3.3740   3.6260   3.8930   4.1900   4.4840   4.6720   0.0000   0.0000   0.0000   0.0000   0.0000   0.0000;
001:  0.2560   0.6150   0.8270   1.0790   1.3030   1.5990   1.8200   2.2130   2.4390   2.6920   2.9440   3.3760   3.6270   3.8930   4.1850   4.4760   4.6640   0.0000   0.0000   0.0000   0.0000   0.0000   0.0000;
002:  0.2560   0.6150   0.8270   1.0790   1.3020   1.6000   1.8210   2.2120   2.4380   2.6920   2.9450   3.3770   3.6280   3.8930   4.1790   4.4670   4.6560   0.0000   0.0000   0.0000   0.0000   0.0000   0.0000;
003:  0.2560   0.6150   0.8270   1.0790   1.3020   1.6000   1.8220   2.2120   2.4370   2.6920   2.9460   3.3780   3.6280   3.8930   4.1740   4.4580   4.6490   0.0000   0.0000   0.0000   0.0000   0.0000   0.0000;
004:  0.2560   0.6150   0.8270   1.0790   1.3020   1.6000   1.8230   2.2110   2.4360   2.6930   2.9470   3.3790   3.6290   3.8930   4.1670   4.4490   0.0000   0.0000   0.0000   0.0000   0.0000   0.0000   0.0000;
005:  0.2560   0.6140   0.8270   1.0790   1.3020   1.6000   1.8230   2.2090   2.4350   2.6930   2.9490   3.3800   3.6300   3.8930   4.1620   4.4400   0.0000   0.0000   0.0000   0.0000   0.0000   0.0000   0.0000;
006:  0.2560   0.6140   0.8270   1.0790   1.3020   1.6000   1.8240   2.2080   2.4350   2.6930   2.9500   3.3800   3.6310   3.8920   4.1560   4.4310   0.0000   0.0000   0.0000   0.0000   0.0000   0.0000   0.0000;
007:  0.2560   0.6140   0.8270   1.0790   1.3020   1.6000   1.8240   2.2060   2.4340   2.6930   2.9510   3.3800   3.6320   3.8920   4.1500   4.4220   0.0000   0.0000   0.0000   0.0000   0.0000   0.0000   0.0000;
008:  0.2560   0.6140   0.8270   1.0790   1.3020   1.6000   1.8250   2.2040   2.4330   2.6940   2.9530   3.3800   3.6320   3.8920   4.1440   4.4140   0.0000   0.0000   0.0000   0.0000   0.0000   0.0000   0.0000;
009:  0.2560   0.6140   0.8270   1.0790   1.3010   1.6000   1.8250   2.2030   2.4320   2.6950   2.9540   3.3800   3.6320   3.8910   4.1370   0.0000   0.0000   0.0000   0.0000   0.0000   0.0000   0.0000   0.0000;
010:  0.2560   0.6130   0.8270   1.0790   1.3010   1.6010   1.8250   2.2020   2.4310   2.6950   2.9550   3.3800   3.6320   3.8900   4.1300   0.0000   0.0000   0.0000   0.0000   0.0000   0.0000   0.0000   0.0000;
011:  0.2560   0.6130   0.8260   1.0790   1.3010   1.6010   1.8240   2.2000   2.4310   2.6960   2.9560   3.3800   3.6320   3.8880   4.1230   0.0000   0.0000   0.0000   0.0000   0.0000   0.0000   0.0000   0.0000;
012:  0.2560   0.6130   0.8260   1.0790   1.3000   1.6010   1.8240   2.1990   2.4300   2.6960   2.9570   3.3790   3.6320   3.8850   4.1160   0.0000   0.0000   0.0000   0.0000   0.0000   0.0000   0.0000   0.0000;
013:  0.2560   0.6130   0.8260   1.0790   1.3000   1.6010   1.8240   2.1970   2.4300   2.6970   2.9580   3.3790   3.6310   3.8820   4.1090   0.0000   0.0000   0.0000   0.0000   0.0000   0.0000   0.0000   0.0000;
014:  0.2560   0.6130   0.8260   1.0780   1.3000   1.6010   1.8230   2.1960   2.4300   2.6970   2.9580   3.3780   3.6310   3.8780   4.1020   0.0000   0.0000   0.0000   0.0000   0.0000   0.0000   0.0000   0.0000;
015:  0.2560   0.6120   0.8260   1.0780   1.2990   1.6010   1.8220   2.1950   2.4300   2.6980   2.9580   3.3770   3.6300   3.8740   4.0950   0.0000   0.0000   0.0000   0.0000   0.0000   0.0000   0.0000   0.0000;
016:  0.2560   0.6120   0.8260   1.0770   1.2990   1.6010   1.8210   2.1940   2.4300   2.6980   2.9580   3.3760   3.6290   3.8700   4.0880   0.0000   0.0000   0.0000   0.0000   0.0000   0.0000   0.0000   0.0000;
017:  0.2560   0.6120   0.8250   1.0770   1.2990   1.6010   1.8200   2.1940   2.4300   2.6980   2.9580   3.3750   3.6280   3.8660   4.0820   0.0000   0.0000   0.0000   0.0000   0.0000   0.0000   0.0000   0.0000;
018:  0.2560   0.6120   0.8250   1.0760   1.2980   1.6010   1.8190   2.1930   2.4300   2.6990   2.9580   3.3740   3.6260   3.8620   4.0760   0.0000   0.0000   0.0000   0.0000   0.0000   0.0000   0.0000   0.0000;
019:  0.2560   0.6110   0.8250   1.0760   1.2980   1.6000   1.8170   2.1930   2.4300   2.6990   2.9580   3.3720   3.6240   3.8590   4.0700   0.0000   0.0000   0.0000   0.0000   0.0000   0.0000   0.0000   0.0000;
020:  0.2560   0.6110   0.8250   1.0750   1.2970   1.6000   1.8160   2.1930   2.4310   2.6990   2.9580   3.3710   3.6220   3.8550   0.0000   0.0000   0.0000   0.0000   0.0000   0.0000   0.0000   0.0000   0.0000;
021:  0.2560   0.6110   0.8250   1.0750   1.2970   1.5990   1.8150   2.1930   2.4310   2.7000   2.9570   3.3690   3.6200   3.8520   0.0000   0.0000   0.0000   0.0000   0.0000   0.0000   0.0000   0.0000   0.0000;
022:  0.2560   0.6110   0.8250   1.0740   1.2960   1.5980   1.8140   2.1930   2.4320   2.7000   2.9570   3.3670   3.6170   3.8490   0.0000   0.0000   0.0000   0.0000   0.0000   0.0000   0.0000   0.0000   0.0000;
023:  0.2560   0.6100   0.8240   1.0740   1.2960   1.5980   1.8130   2.1940   2.4320   2.6990   2.9560   3.3660   3.6140   3.8470   0.0000   0.0000   0.0000   0.0000   0.0000   0.0000   0.0000   0.0000   0.0000;
024:  0.2560   0.6100   0.8240   1.0730   1.2950   1.5970   1.8120   2.1940   2.4320   2.6990   2.9560   3.3640   3.6100   3.8450   0.0000   0.0000   0.0000   0.0000   0.0000   0.0000   0.0000   0.0000   0.0000;
025:  0.2560   0.6100   0.8240   1.0730   1.2950   1.5960   1.8110   2.1950   2.4330   2.6980   2.9550   3.3620   3.6070   3.8430   0.0000   0.0000   0.0000   0.0000   0.0000   0.0000   0.0000   0.0000   0.0000;
026:  0.2560   0.6100   0.8240   1.0720   1.2940   1.5950   1.8110   2.1950   2.4330   2.6980   2.9540   3.3590   3.6030   0.0000   0.0000   0.0000   0.0000   0.0000   0.0000   0.0000   0.0000   0.0000   0.0000;
027:  0.2560   0.6090   0.8240   1.0710   1.2930   1.5940   1.8100   2.1950   2.4330   2.6970   2.9530   3.3560   3.5990   0.0000   0.0000   0.0000   0.0000   0.0000   0.0000   0.0000   0.0000   0.0000   0.0000;
028:  0.2560   0.6090   0.8230   1.0710   1.2930   1.5930   1.8100   2.1950   2.4330   2.6970   2.9510   3.3530   3.5950   0.0000   0.0000   0.0000   0.0000   0.0000   0.0000   0.0000   0.0000   0.0000   0.0000;
029:  0.2560   0.6090   0.8230   1.0700   1.2920   1.5920   1.8090   2.1950   2.4330   2.6960   2.9500   3.3490   3.5910   0.0000   0.0000   0.0000   0.0000   0.0000   0.0000   0.0000   0.0000   0.0000   0.0000;
030:  0.2560   0.6090   0.8230   1.0690   1.2910   1.5910   1.8090   2.1960   2.4330   2.6960   2.9490   3.3450   3.5870   0.0000   0.0000   0.0000   0.0000   0.0000   0.0000   0.0000   0.0000   0.0000   0.0000;
031:  0.2560   0.6090   0.8220   1.0690   1.2900   1.5900   1.8100   2.1960   2.4330   2.6950   2.9470   3.3400   3.5830   0.0000   0.0000   0.0000   0.0000   0.0000   0.0000   0.0000   0.0000   0.0000   0.0000;
032:  0.2560   0.6080   0.8220   1.0680   1.2900   1.5890   1.8090   2.1960   2.4330   2.6940   2.9450   3.3350   3.5790   0.0000   0.0000   0.0000   0.0000   0.0000   0.0000   0.0000   0.0000   0.0000   0.0000;
033:  0.2560   0.6080   0.8220   1.0680   1.2890   1.5880   1.8090   2.1950   2.4330   2.6930   2.9430   3.3300   3.5750   0.0000   0.0000   0.0000   0.0000   0.0000   0.0000   0.0000   0.0000   0.0000   0.0000;
034:  0.2560   0.6080   0.8220   1.0670   1.2880   1.5870   1.8100   2.1950   2.4330   2.6920   2.9410   3.3250   0.0000   0.0000   0.0000   0.0000   0.0000   0.0000   0.0000   0.0000   0.0000   0.0000   0.0000;
035:  0.2560   0.6080   0.8210   1.0670   1.2870   1.5860   1.8100   2.1940   2.4320   2.6910   2.9390   3.3200   0.0000   0.0000   0.0000   0.0000   0.0000   0.0000   0.0000   0.0000   0.0000   0.0000   0.0000;
036:  0.2560   0.6080   0.8210   1.0660   1.2860   1.5850   1.8100   2.1930   2.4320   2.6900   2.9360   3.3150   0.0000   0.0000   0.0000   0.0000   0.0000   0.0000   0.0000   0.0000   0.0000   0.0000   0.0000;
037:  0.2560   0.6070   0.8210   1.0660   1.2860   1.5840   1.8100   2.1930   2.4310   2.6890   2.9340   3.3100   0.0000   0.0000   0.0000   0.0000   0.0000   0.0000   0.0000   0.0000   0.0000   0.0000   0.0000;
038:  0.2560   0.6070   0.8200   1.0650   1.2850   1.5840   1.8110   2.1920   2.4310   2.6870   2.9310   3.3040   0.0000   0.0000   0.0000   0.0000   0.0000   0.0000   0.0000   0.0000   0.0000   0.0000   0.0000;
039:  0.2560   0.6070   0.8200   1.0650   1.2850   1.5830   1.8110   2.1910   2.4300   2.6860   2.9280   3.3000   0.0000   0.0000   0.0000   0.0000   0.0000   0.0000   0.0000   0.0000   0.0000   0.0000   0.0000;
040:  0.2560   0.6070   0.8200   1.0650   1.2840   1.5830   1.8110   2.1890   2.4290   2.6850   2.9250   3.2950   0.0000   0.0000   0.0000   0.0000   0.0000   0.0000   0.0000   0.0000   0.0000   0.0000   0.0000;
041:  0.2560   0.6070   0.8190   1.0640   1.2840   1.5820   1.8110   2.1880   2.4280   2.6840   2.9220   3.2900   0.0000   0.0000   0.0000   0.0000   0.0000   0.0000   0.0000   0.0000   0.0000   0.0000   0.0000;
042:  0.2560   0.6070   0.8190   1.0640   1.2830   1.5820   1.8110   2.1870   2.4270   2.6820   2.9190   3.2860   0.0000   0.0000   0.0000   0.0000   0.0000   0.0000   0.0000   0.0000   0.0000   0.0000   0.0000;
043:  0.2560   0.6070   0.8190   1.0640   1.2830   1.5810   1.8110   2.1860   2.4260   2.6810   2.9160   0.0000   0.0000   0.0000   0.0000   0.0000   0.0000   0.0000   0.0000   0.0000   0.0000   0.0000   0.0000;
044:  0.2560   0.6070   0.8180   1.0640   1.2830   1.5810   1.8110   2.1850   2.4240   2.6800   2.9130   0.0000   0.0000   0.0000   0.0000   0.0000   0.0000   0.0000   0.0000   0.0000   0.0000   0.0000   0.0000;
045:  0.2560   0.6070   0.8180   1.0640   1.2820   1.5800   1.8110   2.1840   2.4230   2.6790   2.9090   0.0000   0.0000   0.0000   0.0000   0.0000   0.0000   0.0000   0.0000   0.0000   0.0000   0.0000   0.0000;
046:  0.2560   0.6070   0.8180   1.0640   1.2820   1.5800   1.8110   2.1840   2.4220   2.6780   2.9070   0.0000   0.0000   0.0000   0.0000   0.0000   0.0000   0.0000   0.0000   0.0000   0.0000   0.0000   0.0000;
047:  0.2560   0.6070   0.8180   1.0640   1.2820   1.5800   1.8110   2.1830   2.4200   2.6760   2.9030   0.0000   0.0000   0.0000   0.0000   0.0000   0.0000   0.0000   0.0000   0.0000   0.0000   0.0000   0.0000;
048:  0.2560   0.6070   0.8170   1.0640   1.2820   1.5800   1.8110   2.1820   2.4190   2.6750   2.9000   0.0000   0.0000   0.0000   0.0000   0.0000   0.0000   0.0000   0.0000   0.0000   0.0000   0.0000   0.0000;
049:  0.2570   0.6070   0.8170   1.0640   1.2830   1.5800   1.8100   2.1810   2.4170   2.6730   2.8960   0.0000   0.0000   0.0000   0.0000   0.0000   0.0000   0.0000   0.0000   0.0000   0.0000   0.0000   0.0000;
050:  0.2570   0.6070   0.8170   1.0640   1.2830   1.5800   1.8090   2.1800   2.4160   2.6720   2.8930   0.0000   0.0000   0.0000   0.0000   0.0000   0.0000   0.0000   0.0000   0.0000   0.0000   0.0000   0.0000;
051:  0.2570   0.6070   0.8170   1.0640   1.2830   1.5800   1.8090   2.1790   2.4140   2.6710   2.8890   0.0000   0.0000   0.0000   0.0000   0.0000   0.0000   0.0000   0.0000   0.0000   0.0000   0.0000   0.0000;
052:  0.2570   0.6070   0.8160   1.0640   1.2830   1.5800   1.8090   2.1780   2.4130   2.6690   2.8860   0.0000   0.0000   0.0000   0.0000   0.0000   0.0000   0.0000   0.0000   0.0000   0.0000   0.0000   0.0000;
053:  0.2570   0.6070   0.8160   1.0640   1.2830   1.5800   1.8080   2.1770   2.4110   2.6680   2.8830   0.0000   0.0000   0.0000   0.0000   0.0000   0.0000   0.0000   0.0000   0.0000   0.0000   0.0000   0.0000;
054:  0.2570   0.6070   0.8160   1.0640   1.2830   1.5800   1.8070   2.1760   2.4100   2.6660   2.8800   0.0000   0.0000   0.0000   0.0000   0.0000   0.0000   0.0000   0.0000   0.0000   0.0000   0.0000   0.0000;
055:  0.2570   0.6070   0.8160   1.0640   1.2830   1.5800   1.8070   2.1750   2.4090   2.6640   2.8770   0.0000   0.0000   0.0000   0.0000   0.0000   0.0000   0.0000   0.0000   0.0000   0.0000   0.0000   0.0000;
056:  0.2570   0.6070   0.8160   1.0640   1.2830   1.5810   1.8060   2.1740   2.4080   2.6630   2.8730   0.0000   0.0000   0.0000   0.0000   0.0000   0.0000   0.0000   0.0000   0.0000   0.0000   0.0000   0.0000;
057:  0.2570   0.6070   0.8160   1.0640   1.2830   1.5810   1.8060   2.1730   2.4070   2.6610   2.8700   0.0000   0.0000   0.0000   0.0000   0.0000   0.0000   0.0000   0.0000   0.0000   0.0000   0.0000   0.0000;
058:  0.2570   0.6070   0.8160   1.0650   1.2830   1.5810   1.8050   2.1720   2.4050   2.6590   2.8670   0.0000   0.0000   0.0000   0.0000   0.0000   0.0000   0.0000   0.0000   0.0000   0.0000   0.0000   0.0000;
059:  0.2570   0.6070   0.8150   1.0650   1.2830   1.5810   1.8040   2.1710   2.4040   2.6570   2.8640   0.0000   0.0000   0.0000   0.0000   0.0000   0.0000   0.0000   0.0000   0.0000   0.0000   0.0000   0.0000;
060:  0.2570   0.6080   0.8150   1.0650   1.2830   1.5810   1.8040   2.1700   2.4030   2.6550   2.8610   0.0000   0.0000   0.0000   0.0000   0.0000   0.0000   0.0000   0.0000   0.0000   0.0000   0.0000   0.0000;
061:  0.2570   0.6080   0.8150   1.0650   1.2830   1.5810   1.8030   2.1690   2.4020   2.6530   2.8590   0.0000   0.0000   0.0000   0.0000   0.0000   0.0000   0.0000   0.0000   0.0000   0.0000   0.0000   0.0000;
062:  0.2570   0.6080   0.8150   1.0650   1.2830   1.5810   1.8020   2.1670   2.4010   2.6520   2.8560   0.0000   0.0000   0.0000   0.0000   0.0000   0.0000   0.0000   0.0000   0.0000   0.0000   0.0000   0.0000;
063:  0.2570   0.6080   0.8150   1.0650   1.2830   1.5810   1.8010   2.1660   2.4000   2.6500   2.8530   0.0000   0.0000   0.0000   0.0000   0.0000   0.0000   0.0000   0.0000   0.0000   0.0000   0.0000   0.0000;
064:  0.2570   0.6080   0.8150   1.0650   1.2830   1.5810   1.8010   2.1650   2.3990   2.6480   2.8510   0.0000   0.0000   0.0000   0.0000   0.0000   0.0000   0.0000   0.0000   0.0000   0.0000   0.0000   0.0000;
065:  0.2580   0.6080   0.8150   1.0650   1.2820   1.5810   1.8000   2.1640   2.3980   2.6470   2.8480   0.0000   0.0000   0.0000   0.0000   0.0000   0.0000   0.0000   0.0000   0.0000   0.0000   0.0000   0.0000;
066:  0.2580   0.6080   0.8150   1.0650   1.2820   1.5810   1.8000   2.1630   2.3970   2.6450   2.8460   0.0000   0.0000   0.0000   0.0000   0.0000   0.0000   0.0000   0.0000   0.0000   0.0000   0.0000   0.0000;
067:  0.2580   0.6090   0.8150   1.0650   1.2820   1.5810   1.7990   2.1620   2.3960   2.6440   2.8430   0.0000   0.0000   0.0000   0.0000   0.0000   0.0000   0.0000   0.0000   0.0000   0.0000   0.0000   0.0000;
068:  0.2580   0.6090   0.8150   1.0650   1.2820   1.5800   1.7980   2.1610   2.3960   2.6420   2.8410   0.0000   0.0000   0.0000   0.0000   0.0000   0.0000   0.0000   0.0000   0.0000   0.0000   0.0000   0.0000;
069:  0.2580   0.6090   0.8150   1.0650   1.2810   1.5800   1.7980   2.1600   2.3950   2.6400   2.8390   0.0000   0.0000   0.0000   0.0000   0.0000   0.0000   0.0000   0.0000   0.0000   0.0000   0.0000   0.0000;
070:  0.2580   0.6090   0.8150   1.0650   1.2810   1.5800   1.7970   2.1600   2.3950   2.6380   2.8360   0.0000   0.0000   0.0000   0.0000   0.0000   0.0000   0.0000   0.0000   0.0000   0.0000   0.0000   0.0000;
071:  0.2580   0.6090   0.8150   1.0650   1.2800   1.5800   1.7970   2.1590   2.3940   2.6370   2.8340   0.0000   0.0000   0.0000   0.0000   0.0000   0.0000   0.0000   0.0000   0.0000   0.0000   0.0000   0.0000;
072:  0.2580   0.6090   0.8150   1.0650   1.2800   1.5790   1.7970   2.1590   2.3930   2.6360   2.8320   0.0000   0.0000   0.0000   0.0000   0.0000   0.0000   0.0000   0.0000   0.0000   0.0000   0.0000   0.0000;
073:  0.2580   0.6090   0.8150   1.0650   1.2800   1.5790   1.7960   2.1590   2.3920   2.6350   2.8290   0.0000   0.0000   0.0000   0.0000   0.0000   0.0000   0.0000   0.0000   0.0000   0.0000   0.0000   0.0000;
074:  0.2580   0.6090   0.8150   1.0650   1.2800   1.5790   1.7960   2.1590   2.3910   2.6340   2.8270   0.0000   0.0000   0.0000   0.0000   0.0000   0.0000   0.0000   0.0000   0.0000   0.0000   0.0000   0.0000;
075:  0.2580   0.6090   0.8160   1.0650   1.2790   1.5780   1.7960   2.1580   2.3910   2.6330   2.8250   0.0000   0.0000   0.0000   0.0000   0.0000   0.0000   0.0000   0.0000   0.0000   0.0000   0.0000   0.0000;
076:  0.2580   0.6090   0.8160   1.0660   1.2790   1.5780   1.7960   2.1580   2.3900   2.6310   2.8240   0.0000   0.0000   0.0000   0.0000   0.0000   0.0000   0.0000   0.0000   0.0000   0.0000   0.0000   0.0000;
077:  0.2580   0.6090   0.8160   1.0660   1.2790   1.5770   1.7950   2.1580   2.3900   2.6310   2.8220   0.0000   0.0000   0.0000   0.0000   0.0000   0.0000   0.0000   0.0000   0.0000   0.0000   0.0000   0.0000;
078:  0.2580   0.6090   0.8160   1.0660   1.2780   1.5770   1.7950   2.1580   2.3900   2.6290   2.8200   0.0000   0.0000   0.0000   0.0000   0.0000   0.0000   0.0000   0.0000   0.0000   0.0000   0.0000   0.0000;
079:  0.2580   0.6100   0.8160   1.0660   1.2780   1.5760   1.7940   2.1580   2.3900   2.6280   2.8190   0.0000   0.0000   0.0000   0.0000   0.0000   0.0000   0.0000   0.0000   0.0000   0.0000   0.0000   0.0000;
080:  0.2580   0.6100   0.8160   1.0660   1.2780   1.5760   1.7940   2.1580   2.3900   2.6270   2.8180   0.0000   0.0000   0.0000   0.0000   0.0000   0.0000   0.0000   0.0000   0.0000   0.0000   0.0000   0.0000;
081:  0.2580   0.6100   0.8160   1.0660   1.2780   1.5750   1.7930   2.1580   2.3900   2.6260   2.8170   0.0000   0.0000   0.0000   0.0000   0.0000   0.0000   0.0000   0.0000   0.0000   0.0000   0.0000   0.0000;
082:  0.2580   0.6100   0.8160   1.0670   1.2780   1.5750   1.7930   2.1580   2.3900   2.6250   2.8160   0.0000   0.0000   0.0000   0.0000   0.0000   0.0000   0.0000   0.0000   0.0000   0.0000   0.0000   0.0000;
083:  0.2580   0.6100   0.8160   1.0670   1.2780   1.5740   1.7930   2.1580   2.3900   2.6250   2.8160   0.0000   0.0000   0.0000   0.0000   0.0000   0.0000   0.0000   0.0000   0.0000   0.0000   0.0000   0.0000;
084:  0.2580   0.6100   0.8170   1.0670   1.2790   1.5740   1.7920   2.1580   2.3890   2.6240   2.8160   0.0000   0.0000   0.0000   0.0000   0.0000   0.0000   0.0000   0.0000   0.0000   0.0000   0.0000   0.0000;
085:  0.2580   0.6100   0.8170   1.0670   1.2790   1.5730   1.7910   2.1570   2.3890   2.6230   2.8160   0.0000   0.0000   0.0000   0.0000   0.0000   0.0000   0.0000   0.0000   0.0000   0.0000   0.0000   0.0000;
086:  0.2580   0.6100   0.8170   1.0680   1.2800   1.5730   1.7910   2.1560   2.3880   2.6220   2.8170   0.0000   0.0000   0.0000   0.0000   0.0000   0.0000   0.0000   0.0000   0.0000   0.0000   0.0000   0.0000;
087:  0.2580   0.6100   0.8170   1.0680   1.2800   1.5730   1.7900   2.1560   2.3870   2.6220   2.8170   0.0000   0.0000   0.0000   0.0000   0.0000   0.0000   0.0000   0.0000   0.0000   0.0000   0.0000   0.0000;
088:  0.2580   0.6100   0.8170   1.0680   1.2800   1.5720   1.7900   2.1560   2.3870   2.6220   2.8180   0.0000   0.0000   0.0000   0.0000   0.0000   0.0000   0.0000   0.0000   0.0000   0.0000   0.0000   0.0000;
089:  0.2580   0.6100   0.8180   1.0680   1.2810   1.5720   1.7900   2.1550   2.3860   2.6220   2.8190   0.0000   0.0000   0.0000   0.0000   0.0000   0.0000   0.0000   0.0000   0.0000   0.0000   0.0000   0.0000;
090:  0.2580   0.6100   0.8180   1.0680   1.2820   1.5720   1.7890   2.1550   2.3850   2.6210   2.8190   0.0000   0.0000   0.0000   0.0000   0.0000   0.0000   0.0000   0.0000   0.0000   0.0000   0.0000   0.0000;
091:  0.2580   0.6100   0.8180   1.0680   1.2820   1.5720   1.7890   2.1540   2.3840   2.6200   2.8200   0.0000   0.0000   0.0000   0.0000   0.0000   0.0000   0.0000   0.0000   0.0000   0.0000   0.0000   0.0000;
092:  0.2580   0.6100   0.8180   1.0690   1.2830   1.5720   1.7890   2.1530   2.3830   2.6200   2.8210   0.0000   0.0000   0.0000   0.0000   0.0000   0.0000   0.0000   0.0000   0.0000   0.0000   0.0000   0.0000;
093:  0.2580   0.6110   0.8180   1.0680   1.2830   1.5720   1.7880   2.1530   2.3820   2.6190   2.8210   0.0000   0.0000   0.0000   0.0000   0.0000   0.0000   0.0000   0.0000   0.0000   0.0000   0.0000   0.0000;
094:  0.2580   0.6110   0.8190   1.0680   1.2830   1.5710   1.7880   2.1530   2.3810   2.6180   2.8220   0.0000   0.0000   0.0000   0.0000   0.0000   0.0000   0.0000   0.0000   0.0000   0.0000   0.0000   0.0000;
095:  0.2580   0.6110   0.8190   1.0680   1.2840   1.5710   1.7880   2.1530   2.3800   2.6170   2.8240   0.0000   0.0000   0.0000   0.0000   0.0000   0.0000   0.0000   0.0000   0.0000   0.0000   0.0000   0.0000;
096:  0.2580   0.6110   0.8190   1.0680   1.2840   1.5710   1.7880   2.1520   2.3790   2.6160   2.8250   0.0000   0.0000   0.0000   0.0000   0.0000   0.0000   0.0000   0.0000   0.0000   0.0000   0.0000   0.0000;
097:  0.2580   0.6110   0.8200   1.0670   1.2840   1.5710   1.7880   2.1510   2.3780   2.6160   2.8260   3.1570   0.0000   0.0000   0.0000   0.0000   0.0000   0.0000   0.0000   0.0000   0.0000   0.0000   0.0000;
098:  0.2580   0.6110   0.8200   1.0670   1.2840   1.5720   1.7880   2.1510   2.3770   2.6150   2.8260   3.1560   0.0000   0.0000   0.0000   0.0000   0.0000   0.0000   0.0000   0.0000   0.0000   0.0000   0.0000;
099:  0.2580   0.6110   0.8200   1.0660   1.2840   1.5710   1.7880   2.1510   2.3750   2.6150   2.8270   3.1560   0.0000   0.0000   0.0000   0.0000   0.0000   0.0000   0.0000   0.0000   0.0000   0.0000   0.0000;
100:  0.2580   0.6110   0.8200   1.0660   1.2840   1.5720   1.7880   2.1510   2.3750   2.6140   2.8270   3.1560   3.3040   0.0000   0.0000   0.0000   0.0000   0.0000   0.0000   0.0000   0.0000   0.0000   0.0000;
101:  0.2580   0.6110   0.8200   1.0650   1.2840   1.5720   1.7880   2.1510   2.3740   2.6130   2.8280   3.1570   3.3060   0.0000   0.0000   0.0000   0.0000   0.0000   0.0000   0.0000   0.0000   0.0000   0.0000;
102:  0.2580   0.6110   0.8210   1.0650   1.2840   1.5720   1.7880   2.1510   2.3730   2.6120   2.8290   3.1580   3.3090   0.0000   0.0000   0.0000   0.0000   0.0000   0.0000   0.0000   0.0000   0.0000   0.0000;
103:  0.2570   0.6110   0.8210   1.0640   1.2840   1.5720   1.7880   2.1510   2.3730   2.6110   2.8290   3.1590   3.3120   0.0000   0.0000   0.0000   0.0000   0.0000   0.0000   0.0000   0.0000   0.0000   0.0000;
104:  0.2570   0.6110   0.8210   1.0640   1.2840   1.5720   1.7890   2.1510   2.3730   2.6100   2.8290   3.1600   3.3160   0.0000   0.0000   0.0000   0.0000   0.0000   0.0000   0.0000   0.0000   0.0000   0.0000;
105:  0.2570   0.6110   0.8210   1.0630   1.2840   1.5730   1.7890   2.1510   2.3730   2.6090   2.8290   3.1620   3.3220   0.0000   0.0000   0.0000   0.0000   0.0000   0.0000   0.0000   0.0000   0.0000   0.0000;
106:  0.2570   0.6110   0.8210   1.0630   1.2830   1.5730   1.7890   2.1510   2.3720   2.6080   2.8300   3.1640   3.3270   0.0000   0.0000   0.0000   0.0000   0.0000   0.0000   0.0000   0.0000   0.0000   0.0000;
107:  0.2570   0.6110   0.8220   1.0620   1.2830   1.5730   1.7890   2.1510   2.3720   2.6070   2.8310   3.1660   3.3340   0.0000   0.0000   0.0000   0.0000   0.0000   0.0000   0.0000   0.0000   0.0000   0.0000;
108:  0.2570   0.6110   0.8220   1.0620   1.2830   1.5730   1.7890   2.1510   2.3710   2.6060   2.8310   3.1680   3.3400   0.0000   0.0000   0.0000   0.0000   0.0000   0.0000   0.0000   0.0000   0.0000   0.0000;
109:  0.2570   0.6110   0.8220   1.0620   1.2830   1.5730   1.7900   2.1510   2.3710   2.6050   2.8320   3.1710   3.3470   0.0000   0.0000   0.0000   0.0000   0.0000   0.0000   0.0000   0.0000   0.0000   0.0000;
110:  0.2570   0.6110   0.8220   1.0620   1.2830   1.5740   1.7900   2.1510   2.3720   2.6040   2.8320   3.1740   3.3550   0.0000   0.0000   0.0000   0.0000   0.0000   0.0000   0.0000   0.0000   0.0000   0.0000;
111:  0.2570   0.6110   0.8220   1.0620   1.2830   1.5740   1.7900   2.1510   2.3720   2.6030   2.8330   3.1760   3.3630   0.0000   0.0000   0.0000   0.0000   0.0000   0.0000   0.0000   0.0000   0.0000   0.0000;
112:  0.2570   0.6110   0.8220   1.0610   1.2830   1.5750   1.7900   2.1510   2.3720   2.6030   2.8330   3.1790   3.3710   0.0000   0.0000   0.0000   0.0000   0.0000   0.0000   0.0000   0.0000   0.0000   0.0000;
113:  0.2560   0.6110   0.8220   1.0610   1.2830   1.5750   1.7900   2.1510   2.3730   2.6020   2.8330   3.1810   3.3780   0.0000   0.0000   0.0000   0.0000   0.0000   0.0000   0.0000   0.0000   0.0000   0.0000;
114:  0.2560   0.6110   0.8220   1.0610   1.2830   1.5760   1.7910   2.1510   2.3730   2.6010   2.8340   3.1840   3.3850   0.0000   0.0000   0.0000   0.0000   0.0000   0.0000   0.0000   0.0000   0.0000   0.0000;
115:  0.2560   0.6110   0.8220   1.0610   1.2820   1.5760   1.7910   2.1510   2.3730   2.6000   2.8340   3.1860   3.3910   0.0000   0.0000   0.0000   0.0000   0.0000   0.0000   0.0000   0.0000   0.0000   0.0000;
116:  0.2560   0.6110   0.8220   1.0610   1.2820   1.5770   1.7910   2.1510   2.3740   2.6000   2.8350   3.1890   3.3970   0.0000   0.0000   0.0000   0.0000   0.0000   0.0000   0.0000   0.0000   0.0000   0.0000;
117:  0.2560   0.6110   0.8220   1.0620   1.2820   1.5770   1.7920   2.1510   2.3750   2.6000   2.8360   3.1910   3.4020   0.0000   0.0000   0.0000   0.0000   0.0000   0.0000   0.0000   0.0000   0.0000   0.0000;
118:  0.2560   0.6110   0.8220   1.0620   1.2820   1.5780   1.7920   2.1520   2.3750   2.6000   2.8370   3.1930   3.4070   0.0000   0.0000   0.0000   0.0000   0.0000   0.0000   0.0000   0.0000   0.0000   0.0000;
119:  0.2560   0.6110   0.8220   1.0620   1.2820   1.5780   1.7920   2.1520   2.3760   2.6010   2.8380   3.1960   3.4120   3.6610   0.0000   0.0000   0.0000   0.0000   0.0000   0.0000   0.0000   0.0000   0.0000;
120:  0.2550   0.6110   0.8220   1.0630   1.2810   1.5780   1.7920   2.1520   2.3770   2.6020   2.8390   3.1980   3.4160   3.6610   0.0000   0.0000   0.0000   0.0000   0.0000   0.0000   0.0000   0.0000   0.0000;
121:  0.2550   0.6110   0.8220   1.0630   1.2810   1.5780   1.7920   2.1530   2.3780   2.6030   2.8400   3.2000   3.4200   3.6620   0.0000   0.0000   0.0000   0.0000   0.0000   0.0000   0.0000   0.0000   0.0000;
122:  0.2550   0.6110   0.8220   1.0640   1.2810   1.5790   1.7930   2.1530   2.3790   2.6040   2.8410   3.2020   3.4240   3.6620   0.0000   0.0000   0.0000   0.0000   0.0000   0.0000   0.0000   0.0000   0.0000;
123:  0.2550   0.6110   0.8210   1.0640   1.2810   1.5790   1.7930   2.1540   2.3800   2.6050   2.8420   3.2040   3.4270   3.6630   3.8950   0.0000   0.0000   0.0000   0.0000   0.0000   0.0000   0.0000   0.0000;
124:  0.2550   0.6110   0.8210   1.0640   1.2800   1.5790   1.7930   2.1540   2.3810   2.6060   2.8440   3.2060   3.4310   3.6640   3.8970   0.0000   0.0000   0.0000   0.0000   0.0000   0.0000   0.0000   0.0000;
125:  0.2550   0.6110   0.8210   1.0650   1.2800   1.5780   1.7930   2.1550   2.3820   2.6080   2.8450   3.2080   3.4340   3.6670   3.9000   0.0000   0.0000   0.0000   0.0000   0.0000   0.0000   0.0000   0.0000;
126:  0.2540   0.6110   0.8200   1.0650   1.2800   1.5780   1.7930   2.1550   2.3830   2.6090   2.8460   3.2100   3.4370   3.6690   3.9040   0.0000   0.0000   0.0000   0.0000   0.0000   0.0000   0.0000   0.0000;
127:  0.2540   0.6110   0.8200   1.0650   1.2800   1.5780   1.7930   2.1560   2.3840   2.6100   2.8470   3.2110   3.4410   3.6720   3.9070   0.0000   0.0000   0.0000   0.0000   0.0000   0.0000   0.0000   0.0000;
128:  0.2540   0.6110   0.8200   1.0650   1.2800   1.5780   1.7930   2.1570   2.3850   2.6120   2.8480   3.2130   3.4440   3.6760   3.9110   0.0000   0.0000   0.0000   0.0000   0.0000   0.0000   0.0000   0.0000;
129:  0.2540   0.6110   0.8200   1.0660   1.2800   1.5780   1.7930   2.1570   2.3860   2.6140   2.8490   3.2150   3.4460   3.6800   3.9160   0.0000   0.0000   0.0000   0.0000   0.0000   0.0000   0.0000   0.0000;
130:  0.2530   0.6110   0.8190   1.0660   1.2800   1.5770   1.7930   2.1580   2.3860   2.6150   2.8510   3.2160   3.4480   3.6840   3.9200   0.0000   0.0000   0.0000   0.0000   0.0000   0.0000   0.0000   0.0000;
131:  0.2530   0.6100   0.8190   1.0660   1.2800   1.5770   1.7930   2.1580   2.3860   2.6160   2.8520   3.2180   3.4500   3.6880   3.9250   4.2040   0.0000   0.0000   0.0000   0.0000   0.0000   0.0000   0.0000;
132:  0.2530   0.6100   0.8180   1.0660   1.2800   1.5760   1.7930   2.1590   2.3870   2.6180   2.8530   3.2190   3.4520   3.6920   3.9290   4.2030   0.0000   0.0000   0.0000   0.0000   0.0000   0.0000   0.0000;
133:  0.2530   0.6100   0.8180   1.0670   1.2800   1.5760   1.7930   2.1590   2.3870   2.6190   2.8540   3.2210   3.4530   3.6950   3.9340   4.2040   0.0000   0.0000   0.0000   0.0000   0.0000   0.0000   0.0000;
134:  0.2530   0.6100   0.8180   1.0670   1.2800   1.5760   1.7930   2.1590   2.3880   2.6210   2.8550   3.2220   3.4550   3.6980   3.9400   4.2060   4.4340   0.0000   0.0000   0.0000   0.0000   0.0000   0.0000;
135:  0.2520   0.6100   0.8170   1.0670   1.2800   1.5750   1.7930   2.1600   2.3880   2.6220   2.8560   3.2230   3.4570   3.7020   3.9440   4.2080   4.4350   0.0000   0.0000   0.0000   0.0000   0.0000   0.0000;
136:  0.2520   0.6100   0.8170   1.0670   1.2800   1.5750   1.7930   2.1600   2.3890   2.6230   2.8560   3.2240   3.4580   3.7050   3.9480   4.2100   4.4370   0.0000   0.0000   0.0000   0.0000   0.0000   0.0000;
137:  0.2520   0.6100   0.8170   1.0670   1.2800   1.5750   1.7930   2.1600   2.3890   2.6230   2.8570   3.2250   3.4600   3.7080   3.9520   4.2130   4.4410   0.0000   0.0000   0.0000   0.0000   0.0000   0.0000;
138:  0.2510   0.6100   0.8160   1.0670   1.2800   1.5750   1.7930   2.1600   2.3900   2.6240   2.8580   3.2270   3.4610   3.7110   3.9560   4.2170   4.4450   4.6690   0.0000   0.0000   0.0000   0.0000   0.0000;
139:  0.2510   0.6090   0.8160   1.0670   1.2800   1.5750   1.7930   2.1600   2.3900   2.6240   2.8580   3.2280   3.4620   3.7130   3.9590   4.2210   4.4490   4.6750   0.0000   0.0000   0.0000   0.0000   0.0000;
140:  0.2510   0.6090   0.8160   1.0670   1.2800   1.5740   1.7930   2.1600   2.3910   2.6250   2.8590   3.2290   3.4630   3.7160   3.9610   4.2250   4.4550   4.6810   0.0000   0.0000   0.0000   0.0000   0.0000;
141:  0.2510   0.6090   0.8150   1.0670   1.2800   1.5740   1.7930   2.1600   2.3910   2.6250   2.8590   3.2300   3.4640   3.7180   3.9630   4.2290   4.4610   4.6880   0.0000   0.0000   0.0000   0.0000   0.0000;
142:  0.2500   0.6090   0.8150   1.0670   1.2790   1.5740   1.7930   2.1600   2.3910   2.6260   2.8600   3.2310   3.4650   3.7210   3.9650   4.2340   4.4670   4.6950   0.0000   0.0000   0.0000   0.0000   0.0000;
143:  0.2500   0.6090   0.8150   1.0670   1.2790   1.5740   1.7930   2.1600   2.3920   2.6270   2.8600   3.2310   3.4660   3.7240   3.9670   4.2370   4.4740   4.7030   0.0000   0.0000   0.0000   0.0000   0.0000;
144:  0.2500   0.6090   0.8150   1.0660   1.2790   1.5740   1.7930   2.1600   2.3920   2.6270   2.8600   3.2320   3.4670   3.7260   3.9690   4.2400   4.4810   4.7110   0.0000   0.0000   0.0000   0.0000   0.0000;
145:  0.2500   0.6090   0.8140   1.0660   1.2790   1.5740   1.7930   2.1590   2.3920   2.6280   2.8610   3.2330   3.4680   3.7270   3.9710   4.2420   4.4880   4.7190   0.0000   0.0000   0.0000   0.0000   0.0000;
146:  0.2490   0.6090   0.8140   1.0660   1.2780   1.5740   1.7940   2.1590   2.3920   2.6290   2.8610   3.2340   3.4690   3.7290   3.9720   4.2440   4.4940   4.7280   0.0000   0.0000   0.0000   0.0000   0.0000;
147:  0.2490   0.6090   0.8140   1.0660   1.2780   1.5740   1.7940   2.1580   2.3920   2.6290   2.8610   3.2350   3.4690   3.7300   3.9740   4.2450   4.4990   4.7370   0.0000   0.0000   0.0000   0.0000   0.0000;
148:  0.2490   0.6090   0.8140   1.0650   1.2780   1.5730   1.7940   2.1580   2.3920   2.6300   2.8610   3.2360   3.4700   3.7310   3.9750   4.2470   4.5030   4.7450   4.9760   0.0000   0.0000   0.0000   0.0000;
149:  0.2490   0.6090   0.8140   1.0650   1.2780   1.5730   1.7950   2.1580   2.3910   2.6300   2.8620   3.2370   3.4710   3.7320   3.9760   4.2470   4.5060   4.7550   4.9800   5.2240   0.0000   0.0000   0.0000;
150:  0.2480   0.6080   0.8140   1.0650   1.2770   1.5730   1.7950   2.1580   2.3910   2.6300   2.8620   3.2380   3.4730   3.7330   3.9770   4.2480   4.5080   4.7640   4.9840   5.2260   0.0000   0.0000   0.0000;
151:  0.2480   0.6080   0.8140   1.0650   1.2770   1.5730   1.7950   2.1570   2.3910   2.6300   2.8630   3.2390   3.4740   3.7340   3.9780   4.2480   4.5110   4.7710   4.9890   5.2300   0.0000   0.0000   0.0000;
152:  0.2480   0.6080   0.8140   1.0640   1.2770   1.5730   1.7950   2.1570   2.3910   2.6300   2.8630   3.2400   3.4750   3.7350   3.9790   4.2480   4.5130   4.7780   4.9950   5.2350   5.4180   0.0000   0.0000;
153:  0.2470   0.6080   0.8130   1.0640   1.2760   1.5720   1.7950   2.1570   2.3910   2.6310   2.8630   3.2410   3.4760   3.7360   3.9800   4.2470   4.5150   4.7840   5.0000   5.2420   5.4220   0.0000   0.0000;
154:  0.2470   0.6080   0.8130   1.0640   1.2760   1.5720   1.7950   2.1560   2.3910   2.6300   2.8630   3.2420   3.4770   3.7370   3.9800   4.2460   4.5160   4.7880   5.0060   5.2490   5.4270   0.0000   0.0000;
155:  0.2470   0.6080   0.8140   1.0640   1.2760   1.5720   1.7950   2.1560   2.3910   2.6310   2.8630   3.2420   3.4770   3.7370   3.9800   4.2460   4.5180   4.7910   5.0120   5.2580   5.4350   0.0000   0.0000;
156:  0.2470   0.6080   0.8140   1.0630   1.2760   1.5710   1.7950   2.1550   2.3910   2.6300   2.8630   3.2430   3.4780   3.7370   3.9800   4.2460   4.5180   4.7940   5.0180   5.2680   5.4450   0.0000   0.0000;
157:  0.2470   0.6080   0.8140   1.0630   1.2760   1.5710   1.7940   2.1550   2.3910   2.6300   2.8640   3.2440   3.4780   3.7380   3.9800   4.2460   4.5180   4.7960   5.0250   5.2790   5.4560   5.6770   0.0000;
158:  0.2460   0.6070   0.8140   1.0630   1.2760   1.5710   1.7940   2.1550   2.3900   2.6300   2.8640   3.2430   3.4790   3.7380   3.9800   4.2460   4.5170   4.7960   5.0310   5.2910   5.4670   5.6820   0.0000;
159:  0.2460   0.6070   0.8140   1.0630   1.2760   1.5710   1.7940   2.1540   2.3900   2.6300   2.8640   3.2440   3.4800   3.7380   3.9800   4.2450   4.5160   4.7960   5.0380   5.3030   5.4820   5.6880   0.0000;
160:  0.2460   0.6070   0.8140   1.0630   1.2760   1.5710   1.7940   2.1530   2.3900   2.6290   2.8640   3.2440   3.4810   3.7380   3.9790   4.2450   4.5160   4.7950   5.0440   5.3170   5.4970   5.6960   0.0000;
161:  0.2460   0.6070   0.8140   1.0630   1.2760   1.5700   1.7940   2.1530   2.3900   2.6290   2.8640   3.2440   3.4810   3.7370   3.9790   4.2450   4.5130   4.7940   5.0490   5.3310   5.5130   5.7060   0.0000;
162:  0.2460   0.6070   0.8140   1.0620   1.2760   1.5710   1.7940   2.1530   2.3900   2.6290   2.8640   3.2450   3.4820   3.7360   3.9800   4.2440   4.5110   4.7920   5.0530   5.3430   5.5290   5.7180   0.0000;
163:  0.2450   0.6070   0.8150   1.0620   1.2760   1.5700   1.7940   2.1520   2.3900   2.6290   2.8640   3.2450   3.4820   3.7360   3.9800   4.2440   4.5090   4.7900   5.0570   5.3550   5.5470   5.7320   0.0000;
164:  0.2450   0.6070   0.8150   1.0620   1.2760   1.5710   1.7940   2.1520   2.3890   2.6280   2.8640   3.2450   3.4820   3.7360   3.9790   4.2430   4.5060   4.7870   5.0580   5.3650   5.5640   5.7470   0.0000;
165:  0.2450   0.6070   0.8150   1.0620   1.2760   1.5710   1.7940   2.1520   2.3890   2.6280   2.8640   3.2450   3.4830   3.7350   3.9790   4.2420   4.5040   4.7830   5.0590   5.3750   5.5810   5.7640   0.0000;
166:  0.2450   0.6070   0.8150   1.0620   1.2760   1.5710   1.7930   2.1520   2.3890   2.6280   2.8640   3.2450   3.4830   3.7350   3.9790   4.2410   4.5020   4.7800   5.0600   5.3820   5.5980   5.7820   0.0000;
167:  0.2450   0.6070   0.8150   1.0620   1.2760   1.5710   1.7930   2.1520   2.3880   2.6270   2.8640   3.2450   3.4830   3.7340   3.9780   4.2400   4.5000   4.7760   5.0590   5.3890   5.6140   5.8010   0.0000;
168:  0.2450   0.6070   0.8150   1.0620   1.2760   1.5710   1.7930   2.1520   2.3880   2.6270   2.8640   3.2440   3.4830   3.7340   3.9780   4.2390   4.4980   4.7720   5.0570   5.3930   5.6300   5.8210   0.0000;
169:  0.2450   0.6060   0.8150   1.0620   1.2770   1.5710   1.7930   2.1530   2.3880   2.6270   2.8640   3.2440   3.4840   3.7330   3.9780   4.2380   4.4960   4.7690   5.0550   5.3970   5.6450   5.8410   0.0000;
170:  0.2450   0.6060   0.8160   1.0620   1.2770   1.5710   1.7920   2.1530   2.3870   2.6260   2.8630   3.2440   3.4840   3.7330   3.9780   4.2370   4.4950   4.7640   5.0520   5.3980   5.6590   5.8600   0.0000;
171:  0.2450   0.6060   0.8160   1.0620   1.2770   1.5720   1.7920   2.1540   2.3870   2.6260   2.8630   3.2440   3.4840   3.7330   3.9780   4.2360   4.4930   4.7600   5.0480   5.3990   5.6720   5.8800   0.0000;
172:  0.2440   0.6060   0.8160   1.0620   1.2770   1.5720   1.7920   2.1540   2.3870   2.6250   2.8630   3.2430   3.4830   3.7330   3.9770   4.2340   4.4910   4.7570   5.0440   5.3980   5.6840   5.8980   6.1470;
173:  0.2440   0.6060   0.8160   1.0620   1.2770   1.5730   1.7910   2.1550   2.3870   2.6250   2.8630   3.2430   3.4830   3.7330   3.9770   4.2330   4.4900   4.7540   5.0390   5.3970   5.6950   5.9150   6.1500;
174:  0.2440   0.6060   0.8160   1.0620   1.2770   1.5730   1.7910   2.1560   2.3870   2.6240   2.8640   3.2430   3.4830   3.7330   3.9770   4.2320   4.4890   4.7510   5.0350   5.3960   5.7040   5.9310   6.1550;
175:  0.2440   0.6060   0.8160   1.0620   1.2770   1.5730   1.7910   2.1560   2.3870   2.6240   2.8640   3.2430   3.4830   3.7330   3.9760   4.2300   4.4870   4.7480   5.0300   5.3940   5.7120   5.9480   6.1600;
176:  0.2440   0.6060   0.8160   1.0620   1.2780   1.5740   1.7900   2.1560   2.3870   2.6230   2.8640   3.2430   3.4830   3.7330   3.9760   4.2290   4.4860   4.7450   5.0260   5.3910   5.7190   5.9630   6.1660;
177:  0.2440   0.6060   0.8170   1.0620   1.2780   1.5740   1.7900   2.1570   2.3870   2.6230   2.8640   3.2420   3.4820   3.7330   3.9760   4.2270   4.4840   4.7430   5.0210   5.3870   5.7240   5.9780   6.1730;
178:  0.2440   0.6060   0.8170   1.0630   1.2780   1.5740   1.7900   2.1570   2.3870   2.6220   2.8640   3.2420   3.4820   3.7330   3.9760   4.2260   4.4830   4.7400   5.0170   5.3820   5.7300   5.9910   6.1800;
179:  0.2440   0.6060   0.8170   1.0630   1.2780   1.5750   1.7890   2.1580   2.3870   2.6210   2.8640   3.2420   3.4820   3.7330   3.9750   4.2250   4.4810   4.7390   5.0130   5.3780   5.7320   6.0030   6.1880;
180:  0.2440   0.6060   0.8170   1.0630   1.2780   1.5750   1.7890   2.1580   2.3870   2.6200   2.8640   3.2420   3.4820   3.7330   3.9750   4.2240   4.4780   4.7360   5.0090   5.3730   5.7330   6.0150   6.1960;
181:  0.2440   0.6060   0.8170   1.0640   1.2780   1.5750   1.7890   2.1570   2.3860   2.6190   2.8640   3.2420   3.4820   3.7320   3.9750   4.2240   4.4760   4.7350   5.0060   5.3670   5.7320   6.0240   6.2040;
182:  0.2440   0.6060   0.8170   1.0640   1.2790   1.5760   1.7880   2.1570   2.3860   2.6180   2.8630   3.2410   3.4820   3.7320   3.9740   4.2230   4.4740   4.7330   5.0030   5.3630   5.7290   6.0330   6.2120;
183:  0.2440   0.6060   0.8170   1.0640   1.2790   1.5760   1.7880   2.1570   2.3860   2.6170   2.8630   3.2410   3.4810   3.7310   3.9730   4.2220   4.4720   4.7310   5.0000   5.3600   5.7240   6.0390   6.2200;
184:  0.2440   0.6060   0.8170   1.0640   1.2790   1.5760   1.7880   2.1560   2.3860   2.6160   2.8630   3.2410   3.4810   3.7310   3.9730   4.2220   4.4700   4.7290   4.9990   5.3570   5.7160   6.0450   6.2270;
185:  0.2450   0.6060   0.8170   1.0640   1.2790   1.5760   1.7870   2.1560   2.3850   2.6150   2.8620   3.2400   3.4800   3.7300   3.9720   4.2210   4.4670   4.7260   4.9970   5.3550   5.7090   6.0500   6.2320;
186:  0.2450   0.6060   0.8170   1.0640   1.2790   1.5760   1.7870   2.1550   2.3850   2.6140   2.8620   3.2400   3.4800   3.7300   3.9720   4.2210   4.4650   4.7240   4.9960   5.3530   5.7000   6.0530   6.2350;
187:  0.2450   0.6060   0.8170   1.0640   1.2790   1.5760   1.7870   2.1540   2.3840   2.6130   2.8620   3.2390   3.4790   3.7290   3.9710   4.2200   4.4620   4.7220   4.9940   5.3520   5.6890   6.0560   6.2380;
188:  0.2450   0.6060   0.8170   1.0650   1.2790   1.5760   1.7870   2.1540   2.3840   2.6120   2.8620   3.2380   3.4780   3.7290   3.9710   4.2200   4.4600   4.7200   4.9920   5.3520   5.6780   6.0570   6.2380;
189:  0.2450   0.6060   0.8170   1.0650   1.2790   1.5760   1.7870   2.1530   2.3820   2.6110   2.8610   3.2370   3.4770   3.7280   3.9710   4.2200   4.4580   4.7180   4.9900   5.3530   5.6660   6.0580   6.2380;
190:  0.2450   0.6060   0.8170   1.0650   1.2790   1.5750   1.7870   2.1520   2.3820   2.6110   2.8610   3.2360   3.4760   3.7270   3.9710   4.2190   4.4550   4.7160   4.9900   5.3550   5.6560   6.0580   6.2360;
191:  0.2450   0.6060   0.8170   1.0650   1.2790   1.5750   1.7870   2.1510   2.3800   2.6100   2.8600   3.2360   3.4740   3.7250   3.9710   4.2180   4.4540   4.7150   4.9890   5.3570   5.6460   6.0570   6.2330;
192:  0.2450   0.6060   0.8170   1.0650   1.2790   1.5750   1.7870   2.1510   2.3790   2.6090   2.8600   3.2350   3.4730   3.7240   3.9710   4.2180   4.4520   4.7140   4.9890   5.3590   5.6370   6.0560   6.2300;
193:  0.2450   0.6060   0.8170   1.0650   1.2790   1.5740   1.7870   2.1500   2.3780   2.6080   2.8590   3.2340   3.4720   3.7230   3.9700   4.2170   4.4510   4.7130   4.9880   5.3600   5.6290   6.0540   6.2280;
194:  0.2460   0.6070   0.8170   1.0650   1.2790   1.5730   1.7860   2.1490   2.3770   2.6070   2.8580   3.2330   3.4700   3.7220   3.9700   4.2170   4.4490   4.7130   4.9870   5.3610   5.6220   6.0520   6.2250;
195:  0.2460   0.6070   0.8170   1.0650   1.2780   1.5730   1.7860   2.1480   2.3760   2.6060   2.8580   3.2310   3.4690   3.7210   3.9700   4.2160   4.4480   4.7120   4.9850   5.3610   5.6160   6.0490   6.2210;
196:  0.2460   0.6070   0.8170   1.0640   1.2780   1.5730   1.7860   2.1470   2.3750   2.6060   2.8570   3.2300   3.4670   3.7200   3.9700   4.2160   4.4480   4.7120   4.9840   5.3620   5.6110   6.0450   6.2170;
197:  0.2460   0.6070   0.8170   1.0640   1.2780   1.5730   1.7860   2.1470   2.3740   2.6050   2.8560   3.2290   3.4650   3.7190   3.9700   4.2160   4.4470   4.7110   4.9820   5.3620   5.6070   6.0410   6.2130;
198:  0.2460   0.6070   0.8170   1.0640   1.2780   1.5720   1.7850   2.1460   2.3730   2.6040   2.8550   3.2280   3.4640   3.7180   3.9690   4.2160   4.4470   4.7100   4.9800   5.3620   5.6040   6.0360   6.2090;
199:  0.2470   0.6070   0.8170   1.0640   1.2780   1.5710   1.7850   2.1450   2.3720   2.6040   2.8540   3.2270   3.4620   3.7160   3.9690   4.2160   4.4470   4.7100   4.9780   5.3620   5.6040   6.0320   6.2050;
200:  0.2470   0.6070   0.8170   1.0640   1.2780   1.5710   1.7840   2.1450   2.3710   2.6030   2.8530   3.2250   3.4610   3.7150   3.9690   4.2160   4.4480   4.7090   4.9760   5.3630   5.6050   6.0270   6.2010;
201:  0.2470   0.6070   0.8170   1.0640   1.2770   1.5700   1.7840   2.1440   2.3690   2.6030   2.8520   3.2240   3.4590   3.7140   3.9690   4.2150   4.4490   4.7090   4.9750   5.3640   5.6080   6.0210   6.1980;
202:  0.2470   0.6070   0.8170   1.0640   1.2770   1.5700   1.7830   2.1430   2.3690   2.6020   2.8510   3.2230   3.4580   3.7120   3.9680   4.2150   4.4490   4.7090   4.9730   5.3640   5.6130   6.0150   6.1950;
203:  0.2470   0.6070   0.8170   1.0640   1.2770   1.5690   1.7830   2.1430   2.3680   2.6010   2.8500   3.2220   3.4570   3.7110   3.9680   4.2150   4.4500   4.7080   4.9710   5.3640   5.6190   6.0090   6.1930;
204:  0.2480   0.6070   0.8170   1.0640   1.2760   1.5690   1.7820   2.1420   2.3670   2.6000   2.8490   3.2210   3.4570   3.7090   3.9670   4.2150   4.4500   4.7080   4.9700   5.3640   5.6250   6.0040   6.1910;
205:  0.2480   0.6070   0.8170   1.0630   1.2760   1.5680   1.7820   2.1410   2.3660   2.5990   2.8480   3.2200   3.4560   3.7070   3.9660   4.2150   4.4520   4.7090   4.9690   5.3640   5.6320   5.9980   6.1890;
206:  0.2480   0.6070   0.8170   1.0630   1.2760   1.5680   1.7810   2.1400   2.3650   2.5980   2.8470   3.2200   3.4550   3.7060   3.9650   4.2150   4.4530   4.7090   4.9680   5.3640   5.6380   5.9930   6.1890;
207:  0.2490   0.6070   0.8170   1.0640   1.2750   1.5670   1.7800   2.1390   2.3650   2.5970   2.8450   3.2190   3.4550   3.7040   3.9640   4.2140   4.4550   4.7090   4.9670   5.3630   5.6440   5.9880   0.0000;
208:  0.2490   0.6070   0.8170   1.0640   1.2750   1.5670   1.7790   2.1380   2.3640   2.5960   2.8440   3.2190   3.4530   3.7030   3.9620   4.2130   4.4570   4.7090   4.9660   5.3620   5.6490   5.9830   0.0000;
209:  0.2490   0.6070   0.8170   1.0640   1.2750   1.5660   1.7780   2.1380   2.3640   2.5950   2.8420   3.2180   3.4530   3.7010   3.9610   4.2120   4.4580   4.7100   4.9660   5.3600   5.6540   5.9790   0.0000;
210:  0.2490   0.6070   0.8160   1.0640   1.2740   1.5660   1.7770   2.1370   2.3630   2.5940   2.8410   3.2180   3.4520   3.7000   3.9590   4.2120   4.4590   4.7100   4.9650   5.3580   5.6570   5.9750   0.0000;
211:  0.2500   0.6070   0.8160   1.0640   1.2730   1.5650   1.7760   2.1360   2.3620   2.5940   2.8390   3.2180   3.4510   3.6980   3.9580   4.2110   4.4600   4.7110   4.9640   5.3580   5.6600   5.9720   0.0000;
212:  0.2500   0.6070   0.8160   1.0640   1.2730   1.5640   1.7760   2.1350   2.3610   2.5930   2.8380   3.2180   3.4500   3.6970   3.9570   4.2110   4.4610   4.7110   4.9640   5.3560   5.6620   0.0000   0.0000;
213:  0.2500   0.6070   0.8160   1.0640   1.2720   1.5640   1.7750   2.1350   2.3600   2.5930   2.8360   3.2180   3.4490   3.6950   3.9550   4.2110   4.4610   4.7120   4.9640   5.3540   5.6630   0.0000   0.0000;
214:  0.2500   0.6070   0.8160   1.0640   1.2720   1.5630   1.7740   2.1340   2.3600   2.5920   2.8350   3.2180   3.4480   3.6940   3.9540   4.2110   4.4620   4.7120   4.9640   5.3530   5.6640   0.0000   0.0000;
215:  0.2510   0.6070   0.8160   1.0630   1.2710   1.5620   1.7730   2.1330   2.3590   2.5920   2.8330   3.2170   3.4470   3.6930   3.9530   4.2100   4.4620   4.7130   4.9640   5.3510   5.6650   0.0000   0.0000;
216:  0.2510   0.6070   0.8160   1.0630   1.2700   1.5620   1.7730   2.1320   2.3580   2.5920   2.8310   3.2160   3.4460   3.6920   3.9520   4.2090   4.4620   4.7130   4.9640   5.3490   5.6650   0.0000   0.0000;
217:  0.2510   0.6070   0.8160   1.0630   1.2700   1.5610   1.7720   2.1310   2.3570   2.5910   2.8300   3.2160   3.4440   3.6910   3.9510   4.2090   4.4620   4.7130   4.9640   5.3460   5.6650   0.0000   0.0000;
218:  0.2510   0.6070   0.8160   1.0630   1.2690   1.5600   1.7720   2.1300   2.3560   2.5910   2.8290   3.2150   3.4430   3.6890   3.9500   4.2090   4.4620   4.7130   4.9640   5.3430   5.6650   0.0000   0.0000;
219:  0.2520   0.6070   0.8160   1.0620   1.2690   1.5590   1.7710   2.1290   2.3550   2.5910   2.8270   3.2140   3.4410   3.6890   3.9500   4.2080   4.4620   4.7130   4.9640   5.3400   5.6650   0.0000   0.0000;
220:  0.2520   0.6070   0.8160   1.0620   1.2680   1.5580   1.7710   2.1280   2.3540   2.5910   2.8260   3.2130   3.4390   3.6880   3.9490   4.2080   4.4620   4.7140   4.9640   5.3350   5.6650   0.0000   0.0000;
221:  0.2520   0.6070   0.8160   1.0610   1.2680   1.5580   1.7710   2.1270   2.3530   2.5910   2.8250   3.2120   3.4380   3.6870   3.9490   4.2080   4.4610   4.7130   4.9630   5.3290   5.6650   0.0000   0.0000;
222:  0.2530   0.6070   0.8160   1.0610   1.2680   1.5570   1.7700   2.1260   2.3520   2.5910   2.8230   3.2100   3.4360   3.6860   3.9480   4.2080   4.4600   4.7140   4.9620   5.3240   5.6650   0.0000   0.0000;
223:  0.2530   0.6070   0.8160   1.0600   1.2670   1.5560   1.7700   2.1250   2.3510   2.5910   2.8220   3.2090   3.4350   3.6860   3.9480   4.2080   4.4590   4.7130   4.9610   5.3180   5.6640   0.0000   0.0000;
224:  0.2530   0.6070   0.8160   1.0590   1.2670   1.5560   1.7690   2.1240   2.3500   2.5910   2.8210   3.2070   3.4340   3.6850   3.9480   4.2080   4.4570   4.7120   4.9590   5.3120   0.0000   0.0000   0.0000;
225:  0.2530   0.6060   0.8160   1.0590   1.2670   1.5550   1.7690   2.1230   2.3480   2.5910   2.8200   3.2050   3.4330   3.6850   3.9470   4.2080   4.4540   4.7110   4.9580   0.0000   0.0000   0.0000   0.0000;
226:  0.2530   0.6060   0.8160   1.0580   1.2670   1.5550   1.7690   2.1230   2.3470   2.5910   2.8190   3.2020   3.4330   3.6850   3.9470   4.2080   4.4520   4.7090   4.9560   0.0000   0.0000   0.0000   0.0000;
227:  0.2540   0.6060   0.8160   1.0570   1.2660   1.5540   1.7680   2.1220   2.3460   2.5910   2.8180   3.2000   3.4330   3.6840   3.9460   4.2080   4.4490   4.7080   4.9550   0.0000   0.0000   0.0000   0.0000;
228:  0.2540   0.6060   0.8160   1.0560   1.2660   1.5540   1.7680   2.1210   2.3450   2.5910   2.8170   3.1980   3.4330   3.6840   3.9460   4.2080   4.4470   4.7050   4.9530   0.0000   0.0000   0.0000   0.0000;
229:  0.2540   0.6060   0.8160   1.0550   1.2660   1.5530   1.7670   2.1200   2.3440   2.5900   2.8160   3.1960   3.4330   3.6840   3.9450   4.2080   4.4450   4.7030   4.9510   0.0000   0.0000   0.0000   0.0000;
230:  0.2550   0.6060   0.8160   1.0540   1.2650   1.5530   1.7670   2.1200   2.3430   2.5900   2.8150   3.1950   3.4340   3.6840   3.9440   4.2070   4.4430   4.7000   4.9480   0.0000   0.0000   0.0000   0.0000;
231:  0.2550   0.6060   0.8160   1.0540   1.2650   1.5530   1.7670   2.1190   2.3420   2.5890   2.8140   3.1930   3.4340   3.6840   3.9430   4.2060   4.4410   4.6970   4.9460   0.0000   0.0000   0.0000   0.0000;
232:  0.2550   0.6050   0.8170   1.0530   1.2650   1.5520   1.7670   2.1180   2.3410   2.5880   2.8130   3.1920   3.4340   3.6840   3.9410   4.2050   4.4390   4.6950   4.9430   0.0000   0.0000   0.0000   0.0000;
233:  0.2550   0.6050   0.8170   1.0520   1.2650   1.5520   1.7670   2.1180   2.3400   2.5870   2.8120   3.1910   3.4350   3.6840   3.9400   4.2030   4.4370   4.6920   4.9400   0.0000   0.0000   0.0000   0.0000;
234:  0.2550   0.6050   0.8170   1.0520   1.2640   1.5520   1.7660   2.1180   2.3380   2.5860   2.8110   3.1910   3.4350   3.6840   3.9380   4.2010   4.4350   4.6910   4.9360   0.0000   0.0000   0.0000   0.0000;
235:  0.2550   0.6050   0.8170   1.0510   1.2640   1.5510   1.7660   2.1180   2.3370   2.5840   2.8090   3.1910   3.4350   3.6840   3.9360   4.2000   4.4330   4.6900   4.9310   0.0000   0.0000   0.0000   0.0000;
236:  0.2560   0.6050   0.8170   1.0510   1.2640   1.5510   1.7660   2.1180   2.3360   2.5830   2.8080   3.1910   3.4360   3.6850   3.9340   4.1980   4.4320   4.6890   4.9250   0.0000   0.0000   0.0000   0.0000;
237:  0.2560   0.6050   0.8170   1.0500   1.2640   1.5510   1.7660   2.1170   2.3350   2.5820   2.8070   3.1910   3.4360   3.6850   3.9320   4.1960   4.4300   4.6880   4.9180   0.0000   0.0000   0.0000   0.0000;
238:  0.2560   0.6050   0.8170   1.0490   1.2630   1.5510   1.7660   2.1170   2.3340   2.5800   2.8060   3.1920   3.4370   3.6850   3.9300   4.1940   4.4280   4.6880   4.9110   0.0000   0.0000   0.0000   0.0000;
239:  0.2560   0.6040   0.8170   1.0490   1.2630   1.5500   1.7660   2.1170   2.3330   2.5790   2.8050   3.1930   3.4370   3.6850   3.9280   4.1910   4.4270   4.6870   4.9040   0.0000   0.0000   0.0000   0.0000;
240:  0.2560   0.6040   0.8170   1.0490   1.2620   1.5500   1.7670   2.1170   2.3320   2.5770   2.8040   3.1940   3.4370   3.6850   3.9270   4.1890   4.4260   4.6860   4.8960   0.0000   0.0000   0.0000   0.0000;
241:  0.2560   0.6040   0.8170   1.0480   1.2620   1.5490   1.7670   2.1170   2.3310   2.5750   2.8030   3.1950   3.4370   3.6850   3.9260   4.1870   4.4250   4.6850   4.8890   0.0000   0.0000   0.0000   0.0000;
242:  0.2560   0.6040   0.8170   1.0480   1.2610   1.5490   1.7670   2.1160   2.3310   2.5740   2.8030   3.1960   3.4360   3.6840   3.9250   4.1850   4.4250   4.6840   4.8810   0.0000   0.0000   0.0000   0.0000;
243:  0.2560   0.6040   0.8180   1.0480   1.2610   1.5480   1.7670   2.1160   2.3300   2.5720   2.8030   3.1980   3.4360   3.6840   3.9240   4.1830   4.4250   4.6830   4.8730   0.0000   0.0000   0.0000   0.0000;
244:  0.2570   0.6040   0.8180   1.0470   1.2600   1.5480   1.7670   2.1150   2.3300   2.5700   2.8030   3.1990   3.4360   3.6830   3.9230   4.1810   4.4260   4.6830   4.8650   0.0000   0.0000   0.0000   0.0000;
245:  0.2570   0.6040   0.8180   1.0470   1.2600   1.5470   1.7670   2.1150   2.3300   2.5680   2.8030   3.2000   3.4350   3.6830   3.9220   4.1790   4.4270   4.6820   4.8570   0.0000   0.0000   0.0000   0.0000;
246:  0.2570   0.6040   0.8180   1.0470   1.2590   1.5470   1.7670   2.1140   2.3310   2.5670   2.8040   3.2010   3.4350   3.6820   3.9210   4.1780   4.4280   4.6810   0.0000   0.0000   0.0000   0.0000   0.0000;
247:  0.2570   0.6040   0.8180   1.0470   1.2590   1.5460   1.7670   2.1140   2.3310   2.5650   2.8050   3.2020   3.4340   3.6810   3.9200   4.1760   4.4290   4.6810   0.0000   0.0000   0.0000   0.0000   0.0000;
248:  0.2570   0.6030   0.8180   1.0470   1.2590   1.5450   1.7660   2.1130   2.3320   2.5640   2.8060   3.2030   3.4340   3.6810   3.9200   4.1760   4.4310   4.6800   0.0000   0.0000   0.0000   0.0000   0.0000;
249:  0.2570   0.6030   0.8180   1.0470   1.2590   1.5450   1.7660   2.1130   2.3320   2.5630   2.8070   3.2040   3.4340   3.6800   3.9190   4.1750   4.4330   4.6800   0.0000   0.0000   0.0000   0.0000   0.0000;
250:  0.2570   0.6030   0.8180   1.0470   1.2580   1.5450   1.7650   2.1130   2.3330   2.5620   2.8080   3.2040   3.4340   3.6800   3.9190   4.1750   4.4360   4.6800   0.0000   0.0000   0.0000   0.0000   0.0000;
251:  0.2570   0.6030   0.8180   1.0470   1.2580   1.5440   1.7640   2.1120   2.3350   2.5620   2.8090   3.2050   3.4340   3.6800   3.9200   4.1740   4.4380   4.6800   0.0000   0.0000   0.0000   0.0000   0.0000;
252:  0.2570   0.6030   0.8180   1.0470   1.2580   1.5440   1.7630   2.1120   2.3360   2.5620   2.8100   3.2050   3.4330   3.6790   3.9200   4.1750   4.4400   0.0000   0.0000   0.0000   0.0000   0.0000   0.0000;
253:  0.2570   0.6030   0.8180   1.0470   1.2580   1.5430   1.7630   2.1110   2.3380   2.5620   2.8110   3.2060   3.4330   3.6790   3.9200   4.1760   4.4420   0.0000   0.0000   0.0000   0.0000   0.0000   0.0000;
254:  0.2570   0.6030   0.8180   1.0470   1.2580   1.5420   1.7620   2.1110   2.3390   2.5620   2.8120   3.2070   3.4320   3.6790   3.9210   4.1770   4.4440   0.0000   0.0000   0.0000   0.0000   0.0000   0.0000;
255:  0.2570   0.6030   0.8180   1.0470   1.2580   1.5420   1.7610   2.1110   2.3410   2.5620   2.8130   3.2070   3.4320   3.6780   3.9210   4.1780   4.4470   0.0000   0.0000   0.0000   0.0000   0.0000   0.0000;
256:  0.2570   0.6030   0.8180   1.0470   1.2580   1.5410   1.7600   2.1110   2.3430   2.5630   2.8150   3.2070   3.4310   3.6780   3.9220   4.1800   4.4480   0.0000   0.0000   0.0000   0.0000   0.0000   0.0000;
257:  0.2570   0.6030   0.8180   1.0470   1.2580   1.5400   1.7590   2.1120   2.3440   2.5630   2.8160   3.2080   3.4300   3.6780   3.9230   4.1810   4.4500   0.0000   0.0000   0.0000   0.0000   0.0000   0.0000;
258:  0.2580   0.6030   0.8180   1.0470   1.2580   1.5400   1.7580   2.1120   2.3460   2.5640   2.8170   3.2080   3.4300   3.6780   3.9240   4.1830   4.4520   0.0000   0.0000   0.0000   0.0000   0.0000   0.0000;
259:  0.2580   0.6030   0.8180   1.0470   1.2580   1.5400   1.7570   2.1120   2.3470   2.5650   2.8180   3.2090   3.4290   3.6770   3.9250   4.1850   4.4520   0.0000   0.0000   0.0000   0.0000   0.0000   0.0000;
260:  0.2580   0.6030   0.8180   1.0470   1.2580   1.5400   1.7560   2.1130   2.3480   2.5660   2.8190   3.2090   3.4290   3.6770   3.9260   4.1870   4.4510   0.0000   0.0000   0.0000   0.0000   0.0000   0.0000;
261:  0.2580   0.6020   0.8180   1.0470   1.2580   1.5390   1.7560   2.1130   2.3490   2.5670   2.8200   3.2090   3.4280   3.6780   3.9270   4.1900   4.4510   0.0000   0.0000   0.0000   0.0000   0.0000   0.0000;
262:  0.2580   0.6020   0.8180   1.0480   1.2580   1.5390   1.7560   2.1140   2.3510   2.5690   2.8210   3.2090   3.4280   3.6780   3.9280   4.1920   4.4510   0.0000   0.0000   0.0000   0.0000   0.0000   0.0000;
263:  0.2580   0.6020   0.8180   1.0480   1.2580   1.5390   1.7560   2.1150   2.3510   2.5700   2.8220   3.2100   3.4270   3.6790   3.9300   4.1950   4.4500   0.0000   0.0000   0.0000   0.0000   0.0000   0.0000;
264:  0.2580   0.6020   0.8180   1.0480   1.2580   1.5390   1.7560   2.1150   2.3520   2.5710   2.8220   3.2100   3.4270   3.6800   3.9320   4.1980   4.4490   0.0000   0.0000   0.0000   0.0000   0.0000   0.0000;
265:  0.2580   0.6020   0.8190   1.0480   1.2580   1.5390   1.7560   2.1160   2.3520   2.5720   2.8230   3.2100   3.4260   3.6810   3.9340   4.2010   4.4480   0.0000   0.0000   0.0000   0.0000   0.0000   0.0000;
266:  0.2570   0.6020   0.8190   1.0480   1.2590   1.5390   1.7560   2.1170   2.3520   2.5730   2.8240   3.2110   3.4260   3.6820   3.9360   4.2040   4.4470   0.0000   0.0000   0.0000   0.0000   0.0000   0.0000;
267:  0.2570   0.6020   0.8190   1.0480   1.2590   1.5390   1.7570   2.1180   2.3520   2.5740   2.8250   3.2110   3.4260   3.6830   3.9380   4.2070   4.4450   0.0000   0.0000   0.0000   0.0000   0.0000   0.0000;
268:  0.2570   0.6020   0.8190   1.0480   1.2590   1.5390   1.7580   2.1180   2.3520   2.5750   2.8260   3.2110   3.4260   3.6840   3.9410   4.2090   4.4430   0.0000   0.0000   0.0000   0.0000   0.0000   0.0000;
269:  0.2570   0.6020   0.8190   1.0480   1.2600   1.5400   1.7580   2.1190   2.3520   2.5760   2.8270   3.2120   3.4270   3.6850   3.9430   4.2120   4.4410   0.0000   0.0000   0.0000   0.0000   0.0000   0.0000;
270:  0.2570   0.6020   0.8190   1.0480   1.2600   1.5400   1.7600   2.1200   2.3530   2.5760   2.8290   3.2120   3.4270   3.6870   3.9450   4.2160   4.4400   0.0000   0.0000   0.0000   0.0000   0.0000   0.0000;
271:  0.2570   0.6030   0.8190   1.0480   1.2600   1.5400   1.7600   2.1200   2.3530   2.5770   2.8300   3.2130   3.4290   3.6880   3.9470   4.2180   4.4400   0.0000   0.0000   0.0000   0.0000   0.0000   0.0000;
272:  0.2570   0.6030   0.8190   1.0480   1.2600   1.5400   1.7610   2.1200   2.3530   2.5770   2.8310   3.2130   3.4300   3.6900   3.9500   4.2210   4.4420   0.0000   0.0000   0.0000   0.0000   0.0000   0.0000;
273:  0.2570   0.6030   0.8190   1.0490   1.2610   1.5410   1.7620   2.1200   2.3530   2.5780   2.8310   3.2130   3.4310   3.6920   3.9520   4.2230   4.4440   0.0000   0.0000   0.0000   0.0000   0.0000   0.0000;
274:  0.2570   0.6030   0.8190   1.0490   1.2610   1.5420   1.7630   2.1200   2.3530   2.5780   2.8320   3.2130   3.4330   3.6950   3.9550   4.2250   4.4450   0.0000   0.0000   0.0000   0.0000   0.0000   0.0000;
275:  0.2570   0.6030   0.8190   1.0490   1.2610   1.5420   1.7640   2.1200   2.3540   2.5790   2.8320   3.2140   3.4340   3.6970   3.9570   4.2270   4.4470   0.0000   0.0000   0.0000   0.0000   0.0000   0.0000;
276:  0.2570   0.6030   0.8190   1.0490   1.2620   1.5430   1.7650   2.1200   2.3550   2.5800   2.8330   3.2150   3.4360   3.7000   3.9590   4.2290   4.4500   0.0000   0.0000   0.0000   0.0000   0.0000   0.0000;
277:  0.2570   0.6030   0.8190   1.0490   1.2620   1.5430   1.7660   2.1200   2.3550   2.5810   2.8340   3.2150   3.4380   3.7020   3.9610   4.2310   4.4530   0.0000   0.0000   0.0000   0.0000   0.0000   0.0000;
278:  0.2570   0.6030   0.8190   1.0490   1.2620   1.5440   1.7670   2.1200   2.3560   2.5820   2.8340   3.2160   3.4390   3.7050   3.9630   4.2340   4.4560   0.0000   0.0000   0.0000   0.0000   0.0000   0.0000;
279:  0.2570   0.6030   0.8190   1.0490   1.2630   1.5440   1.7680   2.1200   2.3570   2.5830   2.8350   3.2160   3.4410   3.7070   3.9650   4.2360   4.4600   0.0000   0.0000   0.0000   0.0000   0.0000   0.0000;
280:  0.2570   0.6030   0.8190   1.0490   1.2630   1.5450   1.7690   2.1200   2.3580   2.5840   2.8350   3.2170   3.4430   3.7100   3.9670   4.2380   4.4650   0.0000   0.0000   0.0000   0.0000   0.0000   0.0000;
281:  0.2570   0.6030   0.8190   1.0500   1.2640   1.5460   1.7690   2.1200   2.3600   2.5850   2.8350   3.2180   3.4450   3.7110   3.9690   4.2410   4.4690   0.0000   0.0000   0.0000   0.0000   0.0000   0.0000;
282:  0.2570   0.6030   0.8200   1.0500   1.2640   1.5460   1.7700   2.1200   2.3610   2.5870   2.8360   3.2200   3.4470   3.7130   3.9710   4.2430   4.4730   0.0000   0.0000   0.0000   0.0000   0.0000   0.0000;
283:  0.2560   0.6040   0.8200   1.0500   1.2640   1.5470   1.7710   2.1210   2.3630   2.5880   2.8360   3.2210   3.4490   3.7150   3.9730   4.2440   4.4780   0.0000   0.0000   0.0000   0.0000   0.0000   0.0000;
284:  0.2560   0.6040   0.8200   1.0500   1.2650   1.5480   1.7720   2.1210   2.3640   2.5900   2.8360   3.2220   3.4520   3.7160   3.9760   4.2460   4.4840   0.0000   0.0000   0.0000   0.0000   0.0000   0.0000;
285:  0.2560   0.6040   0.8200   1.0500   1.2650   1.5490   1.7730   2.1220   2.3660   2.5920   2.8370   3.2230   3.4540   3.7170   3.9780   4.2480   4.4880   0.0000   0.0000   0.0000   0.0000   0.0000   0.0000;
286:  0.2560   0.6040   0.8200   1.0500   1.2660   1.5510   1.7740   2.1220   2.3670   2.5940   2.8380   3.2240   3.4560   3.7190   3.9800   4.2500   4.4930   0.0000   0.0000   0.0000   0.0000   0.0000   0.0000;
287:  0.2560   0.6040   0.8200   1.0510   1.2660   1.5520   1.7750   2.1230   2.3690   2.5960   2.8380   3.2250   3.4580   3.7200   3.9820   4.2520   4.4980   0.0000   0.0000   0.0000   0.0000   0.0000   0.0000;
288:  0.2560   0.6040   0.8200   1.0510   1.2660   1.5530   1.7760   2.1240   2.3700   2.5980   2.8390   3.2260   3.4600   3.7220   3.9840   4.2540   4.5030   0.0000   0.0000   0.0000   0.0000   0.0000   0.0000;
289:  0.2560   0.6040   0.8210   1.0510   1.2670   1.5540   1.7780   2.1250   2.3710   2.6000   2.8400   3.2280   3.4620   3.7230   3.9860   4.2560   4.5080   0.0000   0.0000   0.0000   0.0000   0.0000   0.0000;
290:  0.2560   0.6040   0.8210   1.0510   1.2670   1.5550   1.7790   2.1260   2.3720   2.6030   2.8410   3.2290   3.4650   3.7250   3.9890   4.2580   4.5130   0.0000   0.0000   0.0000   0.0000   0.0000   0.0000;
291:  0.2560   0.6050   0.8210   1.0520   1.2680   1.5550   1.7810   2.1280   2.3730   2.6050   2.8430   3.2300   3.4670   3.7270   3.9910   4.2600   4.5170   0.0000   0.0000   0.0000   0.0000   0.0000   0.0000;
292:  0.2560   0.6050   0.8210   1.0520   1.2690   1.5560   1.7820   2.1290   2.3740   2.6080   2.8450   3.2310   3.4700   3.7290   3.9930   4.2630   4.5220   0.0000   0.0000   0.0000   0.0000   0.0000   0.0000;
293:  0.2560   0.6050   0.8210   1.0530   1.2690   1.5570   1.7840   2.1310   2.3750   2.6110   2.8460   3.2330   3.4730   3.7310   3.9950   4.2660   4.5260   0.0000   0.0000   0.0000   0.0000   0.0000   0.0000;
294:  0.2560   0.6050   0.8220   1.0530   1.2700   1.5580   1.7850   2.1330   2.3750   2.6130   2.8480   3.2340   3.4760   3.7330   3.9970   4.2680   4.5310   0.0000   0.0000   0.0000   0.0000   0.0000   0.0000;
295:  0.2550   0.6050   0.8220   1.0530   1.2700   1.5590   1.7860   2.1350   2.3760   2.6150   2.8500   3.2360   3.4790   3.7360   3.9990   4.2710   0.0000   0.0000   0.0000   0.0000   0.0000   0.0000   0.0000;
296:  0.2550   0.6050   0.8220   1.0540   1.2710   1.5600   1.7880   2.1380   2.3760   2.6170   2.8520   3.2380   3.4820   3.7400   4.0010   0.0000   0.0000   0.0000   0.0000   0.0000   0.0000   0.0000   0.0000;
297:  0.2550   0.6060   0.8220   1.0540   1.2720   1.5600   1.7890   2.1400   2.3770   2.6190   2.8530   3.2390   3.4850   3.7430   4.0030   0.0000   0.0000   0.0000   0.0000   0.0000   0.0000   0.0000   0.0000;
298:  0.2550   0.6060   0.8220   1.0540   1.2730   1.5610   1.7910   2.1420   2.3780   2.6210   2.8550   3.2410   3.4880   3.7460   4.0050   0.0000   0.0000   0.0000   0.0000   0.0000   0.0000   0.0000   0.0000;
299:  0.2550   0.6060   0.8220   1.0550   1.2730   1.5620   1.7920   2.1440   2.3780   2.6230   2.8570   3.2430   3.4900   3.7500   4.0080   0.0000   0.0000   0.0000   0.0000   0.0000   0.0000   0.0000   0.0000;
300:  0.2550   0.6060   0.8230   1.0550   1.2740   1.5620   1.7930   2.1460   2.3790   2.6250   2.8590   3.2450   3.4930   3.7540   4.0110   0.0000   0.0000   0.0000   0.0000   0.0000   0.0000   0.0000   0.0000;
301:  0.2550   0.6070   0.8230   1.0560   1.2750   1.5630   1.7940   2.1480   2.3800   2.6260   2.8610   3.2460   3.4950   3.7580   4.0150   0.0000   0.0000   0.0000   0.0000   0.0000   0.0000   0.0000   0.0000;
302:  0.2550   0.6070   0.8230   1.0570   1.2750   1.5640   1.7950   2.1500   2.3810   2.6270   2.8630   3.2480   3.4970   3.7620   4.0180   0.0000   0.0000   0.0000   0.0000   0.0000   0.0000   0.0000   0.0000;
303:  0.2550   0.6070   0.8230   1.0570   1.2760   1.5650   1.7950   2.1520   2.3810   2.6290   2.8650   3.2500   3.4990   3.7660   4.0220   0.0000   0.0000   0.0000   0.0000   0.0000   0.0000   0.0000   0.0000;
304:  0.2550   0.6070   0.8230   1.0580   1.2770   1.5660   1.7960   2.1540   2.3820   2.6300   2.8670   3.2520   3.5020   3.7700   4.0250   0.0000   0.0000   0.0000   0.0000   0.0000   0.0000   0.0000   0.0000;
305:  0.2550   0.6080   0.8240   1.0580   1.2770   1.5670   1.7970   2.1560   2.3830   2.6320   2.8690   3.2540   3.5040   3.7740   4.0290   0.0000   0.0000   0.0000   0.0000   0.0000   0.0000   0.0000   0.0000;
306:  0.2550   0.6080   0.8240   1.0590   1.2780   1.5680   1.7980   2.1570   2.3840   2.6330   2.8710   3.2560   3.5070   3.7780   4.0330   0.0000   0.0000   0.0000   0.0000   0.0000   0.0000   0.0000   0.0000;
307:  0.2550   0.6080   0.8240   1.0590   1.2780   1.5690   1.7980   2.1590   2.3850   2.6340   2.8730   3.2580   3.5090   3.7820   4.0370   0.0000   0.0000   0.0000   0.0000   0.0000   0.0000   0.0000   0.0000;
308:  0.2540   0.6080   0.8240   1.0600   1.2790   1.5700   1.7990   2.1610   2.3870   2.6350   2.8750   3.2600   3.5120   3.7850   4.0410   0.0000   0.0000   0.0000   0.0000   0.0000   0.0000   0.0000   0.0000;
309:  0.2540   0.6090   0.8240   1.0600   1.2790   1.5710   1.7990   2.1620   2.3880   2.6360   2.8770   3.2620   3.5150   3.7890   4.0460   0.0000   0.0000   0.0000   0.0000   0.0000   0.0000   0.0000   0.0000;
310:  0.2540   0.6090   0.8240   1.0610   1.2800   1.5720   1.8000   2.1640   2.3900   2.6370   2.8790   3.2650   3.5170   3.7910   4.0510   0.0000   0.0000   0.0000   0.0000   0.0000   0.0000   0.0000   0.0000;
311:  0.2540   0.6090   0.8240   1.0620   1.2800   1.5730   1.8010   2.1650   2.3920   2.6380   2.8810   3.2670   3.5200   3.7940   4.0570   0.0000   0.0000   0.0000   0.0000   0.0000   0.0000   0.0000   0.0000;
312:  0.2540   0.6090   0.8240   1.0630   1.2810   1.5740   1.8010   2.1650   2.3940   2.6400   2.8820   3.2690   3.5220   3.7970   4.0620   0.0000   0.0000   0.0000   0.0000   0.0000   0.0000   0.0000   0.0000;
313:  0.2540   0.6100   0.8250   1.0630   1.2810   1.5750   1.8020   2.1660   2.3950   2.6410   2.8840   3.2710   3.5250   3.7990   4.0670   0.0000   0.0000   0.0000   0.0000   0.0000   0.0000   0.0000   0.0000;
314:  0.2540   0.6100   0.8250   1.0640   1.2810   1.5760   1.8030   2.1670   2.3970   2.6430   2.8860   3.2730   3.5270   3.8020   4.0730   0.0000   0.0000   0.0000   0.0000   0.0000   0.0000   0.0000   0.0000;
315:  0.2540   0.6100   0.8250   1.0650   1.2820   1.5770   1.8040   2.1680   2.3990   2.6440   2.8870   3.2750   3.5300   3.8040   4.0790   0.0000   0.0000   0.0000   0.0000   0.0000   0.0000   0.0000   0.0000;
316:  0.2540   0.6110   0.8250   1.0660   1.2820   1.5780   1.8040   2.1690   2.4010   2.6460   2.8890   3.2770   3.5330   3.8050   4.0850   0.0000   0.0000   0.0000   0.0000   0.0000   0.0000   0.0000   0.0000;
317:  0.2540   0.6110   0.8250   1.0670   1.2830   1.5790   1.8050   2.1700   2.4030   2.6470   2.8910   3.2790   3.5350   3.8080   4.0910   0.0000   0.0000   0.0000   0.0000   0.0000   0.0000   0.0000   0.0000;
318:  0.2540   0.6110   0.8250   1.0680   1.2840   1.5800   1.8060   2.1710   2.4050   2.6490   2.8920   3.2820   3.5380   3.8110   4.0970   0.0000   0.0000   0.0000   0.0000   0.0000   0.0000   0.0000   0.0000;
319:  0.2540   0.6110   0.8250   1.0680   1.2840   1.5810   1.8070   2.1710   2.4060   2.6500   2.8940   3.2840   3.5400   3.8140   4.1030   0.0000   0.0000   0.0000   0.0000   0.0000   0.0000   0.0000   0.0000;
320:  0.2540   0.6120   0.8250   1.0690   1.2850   1.5820   1.8080   2.1720   2.4080   2.6520   2.8960   3.2860   3.5430   3.8180   4.1080   0.0000   0.0000   0.0000   0.0000   0.0000   0.0000   0.0000   0.0000;
321:  0.2540   0.6120   0.8250   1.0700   1.2850   1.5820   1.8090   2.1730   2.4090   2.6540   2.8970   3.2890   3.5450   3.8210   4.1140   0.0000   0.0000   0.0000   0.0000   0.0000   0.0000   0.0000   0.0000;
322:  0.2540   0.6120   0.8260   1.0710   1.2860   1.5840   1.8090   2.1740   2.4110   2.6550   2.8980   3.2920   3.5480   3.8250   4.1200   0.0000   0.0000   0.0000   0.0000   0.0000   0.0000   0.0000   0.0000;
323:  0.2540   0.6120   0.8260   1.0720   1.2870   1.5840   1.8100   2.1750   2.4120   2.6560   2.8990   3.2940   3.5490   3.8280   4.1260   0.0000   0.0000   0.0000   0.0000   0.0000   0.0000   0.0000   0.0000;
324:  0.2540   0.6130   0.8260   1.0730   1.2880   1.5850   1.8110   2.1760   2.4130   2.6580   2.9000   3.2970   3.5500   3.8320   4.1320   0.0000   0.0000   0.0000   0.0000   0.0000   0.0000   0.0000   0.0000;
325:  0.2540   0.6130   0.8260   1.0740   1.2890   1.5860   1.8120   2.1770   2.4140   2.6590   2.9020   3.3000   3.5520   3.8350   4.1380   0.0000   0.0000   0.0000   0.0000   0.0000   0.0000   0.0000   0.0000;
326:  0.2540   0.6130   0.8260   1.0750   1.2900   1.5870   1.8130   2.1780   2.4150   2.6610   2.9030   3.3020   3.5530   3.8390   4.1440   0.0000   0.0000   0.0000   0.0000   0.0000   0.0000   0.0000   0.0000;
327:  0.2540   0.6130   0.8260   1.0750   1.2910   1.5890   1.8140   2.1790   2.4160   2.6620   2.9040   3.3040   3.5550   3.8430   4.1500   0.0000   0.0000   0.0000   0.0000   0.0000   0.0000   0.0000   0.0000;
328:  0.2540   0.6140   0.8260   1.0760   1.2920   1.5900   1.8150   2.1800   2.4170   2.6630   2.9050   3.3070   3.5570   3.8480   4.1560   0.0000   0.0000   0.0000   0.0000   0.0000   0.0000   0.0000   0.0000;
329:  0.2540   0.6140   0.8260   1.0770   1.2930   1.5910   1.8150   2.1810   2.4180   2.6640   2.9070   3.3080   3.5600   3.8530   4.1610   0.0000   0.0000   0.0000   0.0000   0.0000   0.0000   0.0000   0.0000;
330:  0.2540   0.6140   0.8270   1.0780   1.2940   1.5920   1.8160   2.1820   2.4180   2.6650   2.9080   3.3100   3.5620   3.8570   4.1650   0.0000   0.0000   0.0000   0.0000   0.0000   0.0000   0.0000   0.0000;
331:  0.2540   0.6140   0.8270   1.0780   1.2950   1.5930   1.8160   2.1830   2.4190   2.6660   2.9090   3.3120   3.5650   3.8620   4.1700   0.0000   0.0000   0.0000   0.0000   0.0000   0.0000   0.0000   0.0000;
332:  0.2550   0.6150   0.8270   1.0790   1.2960   1.5940   1.8170   2.1840   2.4200   2.6670   2.9100   3.3140   3.5680   3.8670   4.1740   0.0000   0.0000   0.0000   0.0000   0.0000   0.0000   0.0000   0.0000;
333:  0.2550   0.6150   0.8270   1.0800   1.2970   1.5950   1.8180   2.1850   2.4210   2.6690   2.9110   3.3160   3.5710   3.8720   4.1760   0.0000   0.0000   0.0000   0.0000   0.0000   0.0000   0.0000   0.0000;
334:  0.2550   0.6150   0.8270   1.0800   1.2980   1.5960   1.8180   2.1860   2.4220   2.6700   2.9120   3.3170   3.5740   3.8760   4.1790   4.4530   0.0000   0.0000   0.0000   0.0000   0.0000   0.0000   0.0000;
335:  0.2550   0.6150   0.8270   1.0810   1.2990   1.5960   1.8190   2.1870   2.4220   2.6710   2.9130   3.3190   3.5780   3.8800   4.1810   4.4610   0.0000   0.0000   0.0000   0.0000   0.0000   0.0000   0.0000;
336:  0.2550   0.6150   0.8270   1.0810   1.3000   1.5970   1.8190   2.1890   2.4230   2.6730   2.9140   3.3200   3.5810   3.8840   4.1820   4.4700   0.0000   0.0000   0.0000   0.0000   0.0000   0.0000   0.0000;
337:  0.2550   0.6150   0.8270   1.0820   1.3000   1.5980   1.8190   2.1900   2.4230   2.6740   2.9150   3.3220   3.5840   3.8880   4.1840   4.4780   0.0000   0.0000   0.0000   0.0000   0.0000   0.0000   0.0000;
338:  0.2550   0.6160   0.8270   1.0820   1.3010   1.5980   1.8200   2.1910   2.4240   2.6750   2.9160   3.3240   3.5870   3.8910   4.1860   4.4870   0.0000   0.0000   0.0000   0.0000   0.0000   0.0000   0.0000;
339:  0.2550   0.6160   0.8270   1.0830   1.3020   1.5990   1.8200   2.1920   2.4250   2.6760   2.9170   3.3250   3.5900   3.8940   4.1880   4.4960   0.0000   0.0000   0.0000   0.0000   0.0000   0.0000   0.0000;
340:  0.2550   0.6160   0.8270   1.0830   1.3020   1.6000   1.8200   2.1930   2.4260   2.6770   2.9180   3.3270   3.5940   3.8970   4.1900   4.5040   4.7780   0.0000   0.0000   0.0000   0.0000   0.0000   0.0000;
341:  0.2550   0.6160   0.8270   1.0830   1.3030   1.6000   1.8200   2.1940   2.4270   2.6780   2.9190   3.3290   3.5970   3.8990   4.1920   4.5120   4.7790   0.0000   0.0000   0.0000   0.0000   0.0000   0.0000;
342:  0.2550   0.6160   0.8270   1.0830   1.3030   1.6000   1.8200   2.1950   2.4270   2.6800   2.9200   3.3310   3.6000   3.9010   4.1950   4.5200   4.7810   0.0000   0.0000   0.0000   0.0000   0.0000   0.0000;
343:  0.2550   0.6160   0.8280   1.0830   1.3030   1.6000   1.8190   2.1960   2.4290   2.6810   2.9220   3.3330   3.6030   3.9030   4.1970   4.5260   4.7810   0.0000   0.0000   0.0000   0.0000   0.0000   0.0000;
344:  0.2550   0.6160   0.8280   1.0830   1.3030   1.6010   1.8180   2.1970   2.4300   2.6820   2.9230   3.3360   3.6050   3.9040   4.1990   4.5320   4.7810   0.0000   0.0000   0.0000   0.0000   0.0000   0.0000;
345:  0.2550   0.6160   0.8280   1.0830   1.3040   1.6010   1.8180   2.1980   2.4310   2.6830   2.9240   3.3390   3.6070   3.9050   4.2010   4.5380   4.7790   0.0000   0.0000   0.0000   0.0000   0.0000   0.0000;
346:  0.2550   0.6160   0.8280   1.0830   1.3040   1.6010   1.8180   2.2000   2.4320   2.6840   2.9250   3.3420   3.6090   3.9050   4.2020   4.5420   4.7760   0.0000   0.0000   0.0000   0.0000   0.0000   0.0000;
347:  0.2550   0.6160   0.8280   1.0830   1.3040   1.6010   1.8170   2.2010   2.4330   2.6860   2.9260   3.3450   3.6100   3.9050   4.2040   4.5450   4.7730   4.9930   0.0000   0.0000   0.0000   0.0000   0.0000;
348:  0.2550   0.6160   0.8280   1.0820   1.3040   1.6010   1.8170   2.2030   2.4340   2.6870   2.9280   3.3470   3.6110   3.9040   4.2050   4.5470   4.7690   4.9900   0.0000   0.0000   0.0000   0.0000   0.0000;
349:  0.2560   0.6160   0.8280   1.0820   1.3040   1.6010   1.8160   2.2040   2.4350   2.6870   2.9290   3.3500   3.6130   3.9030   4.2050   4.5470   4.7640   4.9880   0.0000   0.0000   0.0000   0.0000   0.0000;
350:  0.2560   0.6160   0.8280   1.0820   1.3040   1.6000   1.8160   2.2050   2.4360   2.6880   2.9300   3.3530   3.6140   3.9020   4.2060   4.5460   4.7580   4.9850   0.0000   0.0000   0.0000   0.0000   0.0000;
351:  0.2560   0.6160   0.8280   1.0810   1.3040   1.6000   1.8160   2.2070   2.4370   2.6890   2.9310   3.3560   3.6150   3.9000   4.2070   4.5450   4.7520   4.9830   0.0000   0.0000   0.0000   0.0000   0.0000;
352:  0.2560   0.6160   0.8280   1.0800   1.3040   1.6000   1.8160   2.2080   2.4380   2.6890   2.9330   3.3580   3.6170   3.8990   4.2070   4.5420   4.7440   4.9800   0.0000   0.0000   0.0000   0.0000   0.0000;
353:  0.2560   0.6160   0.8280   1.0800   1.3030   1.6000   1.8160   2.2090   2.4380   2.6890   2.9340   3.3600   3.6180   3.8980   4.2070   4.5380   4.7350   4.9780   0.0000   0.0000   0.0000   0.0000   0.0000;
354:  0.2560   0.6160   0.8280   1.0800   1.3030   1.6000   1.8160   2.2110   2.4390   2.6900   2.9350   3.3620   3.6190   3.8970   4.2070   4.5330   4.7260   4.9760   0.0000   0.0000   0.0000   0.0000   0.0000;
355:  0.2560   0.6160   0.8280   1.0800   1.3030   1.6000   1.8160   2.2120   2.4390   2.6910   2.9370   3.3640   3.6200   3.8960   4.2060   4.5260   4.7170   4.9740   0.0000   0.0000   0.0000   0.0000   0.0000;
356:  0.2560   0.6160   0.8280   1.0800   1.3030   1.6000   1.8160   2.2130   2.4390   2.6910   2.9380   3.3670   3.6220   3.8960   4.2040   4.5190   4.7070   4.9720   0.0000   0.0000   0.0000   0.0000   0.0000;
357:  0.2560   0.6160   0.8280   1.0790   1.3030   1.6000   1.8170   2.2130   2.4400   2.6920   2.9390   3.3690   3.6230   3.8950   4.2020   4.5110   4.6980   4.9720   0.0000   0.0000   0.0000   0.0000   0.0000;
358:  0.2560   0.6150   0.8280   1.0790   1.3030   1.6000   1.8170   2.2130   2.4390   2.6920   2.9400   3.3710   3.6240   3.8950   4.1980   4.5020   4.6890   0.0000   0.0000   0.0000   0.0000   0.0000   0.0000;
359:  0.2560   0.6150   0.8280   1.0790   1.3030   1.5990   1.8180   2.2130   2.4390   2.6920   2.9420   3.3730   3.6250   3.8940   4.1950   4.4930   4.6800   0.0000   0.0000   0.0000   0.0000   0.0000   0.0000;
