C:\RK-3\Data\PA000001\ED0000010008L.DAT;
000:  0.3590   0.6135   0.8165   1.0250   1.2630   1.4980   1.7785   2.0685   2.3015   2.5450   2.8745   3.2255   3.4935   3.7155   3.9105   4.1070   4.3055   4.5330   4.7715   5.0220   5.3365   0.0000   0.0000;
001:  0.3585   0.6130   0.8165   1.0250   1.2630   1.4985   1.7795   2.0690   2.3015   2.5450   2.8745   3.2255   3.4940   3.7170   3.9125   4.1095   4.3085   4.5410   4.7815   5.0310   5.3480   0.0000   0.0000;
002:  0.3585   0.6130   0.8170   1.0255   1.2630   1.4985   1.7795   2.0690   2.3020   2.5450   2.8740   3.2255   3.4945   3.7185   3.9145   4.1115   4.3110   4.5435   4.7860   5.0395   5.3580   0.0000   0.0000;
003:  0.3580   0.6130   0.8170   1.0255   1.2630   1.4990   1.7805   2.0695   2.3020   2.5450   2.8740   3.2255   3.4945   3.7190   3.9160   4.1145   4.3150   4.5460   4.7905   5.0490   5.3680   0.0000   0.0000;
004:  0.3575   0.6125   0.8170   1.0255   1.2630   1.4990   1.7805   2.0695   2.3020   2.5450   2.8745   3.2260   3.4950   3.7205   3.9185   4.1175   4.3180   4.5555   4.8025   5.0585   5.3775   0.0000   0.0000;
005:  0.3575   0.6125   0.8170   1.0255   1.2630   1.4990   1.7800   2.0690   2.3025   2.5455   2.8750   3.2260   3.4950   3.7215   3.9200   4.1205   4.3220   4.5575   4.8065   5.0680   5.3865   0.0000   0.0000;
006:  0.3575   0.6120   0.8165   1.0255   1.2630   1.4995   1.7805   2.0695   2.3030   2.5455   2.8750   3.2260   3.4950   3.7225   3.9225   4.1240   4.3260   4.5595   4.8110   5.0780   5.3950   0.0000   0.0000;
007:  0.3570   0.6115   0.8165   1.0255   1.2625   1.4990   1.7805   2.0690   2.3025   2.5450   2.8745   3.2255   3.4945   3.7235   3.9245   4.1275   4.3305   4.5590   4.8130   5.0875   5.4025   0.0000   0.0000;
008:  0.3570   0.6115   0.8165   1.0250   1.2620   1.4990   1.7800   2.0685   2.3030   2.5455   2.8750   3.2260   3.4945   3.7240   3.9265   4.1315   4.3350   4.5625   4.8190   5.0975   5.4105   0.0000   0.0000;
009:  0.3570   0.6110   0.8165   1.0255   1.2620   1.4995   1.7800   2.0680   2.3030   2.5455   2.8755   3.2260   3.4940   3.7250   3.9295   4.1360   4.3395   4.5660   4.8250   5.1070   5.4170   0.0000   0.0000;
010:  0.3565   0.6105   0.8165   1.0250   1.2615   1.5000   1.7800   2.0680   2.3035   2.5455   2.8760   3.2265   3.4940   3.7255   3.9315   4.1400   4.3440   4.5700   4.8325   5.1180   5.4235   0.0000   0.0000;
011:  0.3565   0.6105   0.8165   1.0245   1.2605   1.4995   1.7795   2.0670   2.3035   2.5455   2.8760   3.2265   3.4935   3.7265   3.9340   4.1445   4.3490   4.5740   4.8400   5.1290   5.4295   0.0000   0.0000;
012:  0.3560   0.6100   0.8165   1.0245   1.2605   1.4995   1.7790   2.0665   2.3035   2.5455   2.8765   3.2270   3.4935   3.7275   3.9365   4.1490   4.3535   4.5780   4.8485   5.1405   5.4355   0.0000   0.0000;
013:  0.3560   0.6095   0.8160   1.0240   1.2595   1.4990   1.7780   2.0655   2.3035   2.5450   2.8765   3.2275   3.4930   3.7275   3.9385   4.1535   4.3585   4.5825   4.8570   5.1515   5.4405   0.0000   0.0000;
014:  0.3560   0.6095   0.8155   1.0230   1.2585   1.4985   1.7775   2.0645   2.3030   2.5450   2.8770   3.2275   3.4925   3.7285   3.9410   4.1580   4.3630   4.5870   4.8660   5.1620   5.4445   0.0000   0.0000;
015:  0.3555   0.6085   0.8150   1.0230   1.2580   1.4980   1.7770   2.0640   2.3030   2.5445   2.8765   3.2275   3.4920   3.7285   3.9430   4.1625   4.3680   4.5920   4.8755   5.1730   5.4485   0.0000   0.0000;
016:  0.3555   0.6085   0.8150   1.0225   1.2575   1.4975   1.7760   2.0630   2.3025   2.5445   2.8770   3.2280   3.4920   3.7295   3.9455   4.1675   4.3730   4.5975   4.8865   5.1840   5.4520   0.0000   0.0000;
017:  0.3550   0.6080   0.8150   1.0220   1.2565   1.4970   1.7755   2.0620   2.3015   2.5440   2.8775   3.2280   3.4915   3.7300   3.9475   4.1715   4.3775   4.6025   4.8965   5.1940   5.4550   0.0000   0.0000;
018:  0.3550   0.6075   0.8140   1.0215   1.2555   1.4955   1.7745   2.0615   2.3015   2.5435   2.8770   3.2280   3.4915   3.7310   3.9495   4.1750   4.3825   4.6085   4.9070   5.2035   5.4570   0.0000   0.0000;
019:  0.3550   0.6075   0.8140   1.0210   1.2545   1.4950   1.7740   2.0605   2.3005   2.5425   2.8770   3.2285   3.4915   3.7320   3.9520   4.1790   4.3870   4.6140   4.9175   5.2130   5.4590   0.0000   0.0000;
020:  0.3545   0.6065   0.8135   1.0205   1.2535   1.4940   1.7730   2.0595   2.2995   2.5420   2.8775   3.2290   3.4915   3.7325   3.9545   4.1835   4.3915   4.6195   4.9285   5.2225   5.4605   0.0000   0.0000;
021:  0.3545   0.6065   0.8130   1.0195   1.2525   1.4935   1.7720   2.0580   2.2990   2.5415   2.8775   3.2295   3.4910   3.7330   3.9570   4.1870   4.3960   4.6255   4.9390   5.2315   5.4625   0.0000   0.0000;
022:  0.3545   0.6060   0.8125   1.0190   1.2515   1.4930   1.7715   2.0570   2.2980   2.5410   2.8780   3.2305   3.4915   3.7335   3.9595   4.1915   4.4010   4.6310   4.9490   5.2410   5.4645   0.0000   0.0000;
023:  0.3545   0.6060   0.8120   1.0185   1.2510   1.4920   1.7705   2.0560   2.2975   2.5405   2.8775   3.2310   3.4925   3.7345   3.9615   4.1955   4.4055   4.6360   4.9595   0.0000   0.0000   0.0000   0.0000;
024:  0.3540   0.6050   0.8110   1.0175   1.2500   1.4910   1.7690   2.0545   2.2965   2.5400   2.8780   3.2320   3.4930   3.7355   3.9645   4.1995   4.4100   4.6415   4.9695   0.0000   0.0000   0.0000   0.0000;
025:  0.3540   0.6050   0.8105   1.0165   1.2485   1.4900   1.7685   2.0535   2.2955   2.5390   2.8780   3.2330   3.4935   3.7360   3.9670   4.2040   4.4150   4.6465   4.9795   0.0000   0.0000   0.0000   0.0000;
026:  0.3535   0.6040   0.8095   1.0155   1.2475   1.4890   1.7675   2.0520   2.2940   2.5385   2.8785   3.2340   3.4940   3.7365   3.9695   4.2085   4.4195   4.6505   4.9890   0.0000   0.0000   0.0000   0.0000;
027:  0.3535   0.6040   0.8090   1.0145   1.2465   1.4880   1.7665   2.0510   2.2925   2.5370   2.8790   3.2350   3.4945   3.7375   3.9715   4.2115   4.4230   4.6535   0.0000   0.0000   0.0000   0.0000   0.0000;
028:  0.3535   0.6035   0.8080   1.0135   1.2450   1.4865   1.7655   2.0495   2.2910   2.5365   2.8795   3.2360   3.4950   3.7380   3.9740   4.2150   4.4265   4.6575   0.0000   0.0000   0.0000   0.0000   0.0000;
029:  0.3535   0.6035   0.8075   1.0125   1.2440   1.4855   1.7640   2.0475   2.2890   2.5350   2.8795   3.2375   3.4965   3.7390   3.9765   4.2185   4.4300   4.6605   0.0000   0.0000   0.0000   0.0000   0.0000;
030:  0.3530   0.6025   0.8060   1.0115   1.2430   1.4845   1.7635   2.0465   2.2880   2.5340   2.8800   3.2390   3.4980   3.7410   3.9790   4.2215   4.4335   4.6635   0.0000   0.0000   0.0000   0.0000   0.0000;
031:  0.3530   0.6025   0.8055   1.0105   1.2420   1.4835   1.7625   2.0450   2.2860   2.5330   2.8805   3.2400   3.4990   3.7420   3.9815   4.2245   4.4355   0.0000   0.0000   0.0000   0.0000   0.0000   0.0000;
032:  0.3530   0.6025   0.8050   1.0095   1.2410   1.4825   1.7615   2.0435   2.2845   2.5320   2.8805   3.2410   3.5000   3.7425   3.9830   4.2270   4.4380   0.0000   0.0000   0.0000   0.0000   0.0000   0.0000;
033:  0.3525   0.6015   0.8040   1.0085   1.2395   1.4810   1.7600   2.0415   2.2825   2.5310   2.8810   3.2425   3.5020   3.7435   3.9850   4.2300   4.4405   0.0000   0.0000   0.0000   0.0000   0.0000   0.0000;
034:  0.3525   0.6010   0.8030   1.0075   1.2385   1.4800   1.7590   2.0400   2.2805   2.5295   2.8810   3.2440   3.5035   3.7440   3.9865   4.2325   4.4425   0.0000   0.0000   0.0000   0.0000   0.0000   0.0000;
035:  0.3525   0.6010   0.8020   1.0060   1.2375   1.4790   1.7575   2.0380   2.2790   2.5290   2.8815   3.2455   3.5055   3.7445   3.9870   4.2340   4.4435   0.0000   0.0000   0.0000   0.0000   0.0000   0.0000;
036:  0.3525   0.6010   0.8015   1.0050   1.2365   1.4780   1.7565   2.0360   2.2765   2.5275   2.8810   3.2465   3.5075   3.7445   3.9875   0.0000   0.0000   0.0000   0.0000   0.0000   0.0000   0.0000   0.0000;
037:  0.3525   0.6005   0.8005   1.0040   1.2350   1.4765   1.7555   2.0345   2.2750   2.5270   2.8810   3.2475   3.5095   3.7445   3.9880   0.0000   0.0000   0.0000   0.0000   0.0000   0.0000   0.0000   0.0000;
038:  0.3520   0.6000   0.7995   1.0025   1.2340   1.4755   1.7545   2.0330   2.2730   2.5255   2.8805   3.2485   3.5115   3.7445   3.9885   0.0000   0.0000   0.0000   0.0000   0.0000   0.0000   0.0000   0.0000;
039:  0.3520   0.5995   0.7985   1.0015   1.2330   1.4745   1.7535   2.0315   2.2710   2.5240   2.8800   3.2495   3.5135   3.7445   3.9885   0.0000   0.0000   0.0000   0.0000   0.0000   0.0000   0.0000   0.0000;
040:  0.3520   0.5995   0.7980   1.0005   1.2320   1.4730   1.7520   2.0300   2.2695   2.5235   2.8795   3.2500   3.5160   3.7450   3.9880   0.0000   0.0000   0.0000   0.0000   0.0000   0.0000   0.0000   0.0000;
041:  0.3515   0.5985   0.7970   0.9995   1.2310   1.4720   1.7510   2.0280   2.2670   2.5220   2.8790   3.2510   3.5185   3.7450   3.9870   0.0000   0.0000   0.0000   0.0000   0.0000   0.0000   0.0000   0.0000;
042:  0.3515   0.5985   0.7965   0.9985   1.2300   1.4705   1.7490   2.0265   2.2660   2.5215   2.8785   3.2515   3.5205   3.7445   3.9860   0.0000   0.0000   0.0000   0.0000   0.0000   0.0000   0.0000   0.0000;
043:  0.3515   0.5980   0.7955   0.9975   1.2290   1.4695   1.7480   2.0250   2.2640   2.5200   2.8775   3.2515   3.5225   3.7450   3.9855   0.0000   0.0000   0.0000   0.0000   0.0000   0.0000   0.0000   0.0000;
044:  0.3515   0.5980   0.7950   0.9965   1.2280   1.4680   1.7465   2.0235   2.2620   2.5190   2.8770   3.2520   3.5250   3.7450   3.9840   0.0000   0.0000   0.0000   0.0000   0.0000   0.0000   0.0000   0.0000;
045:  0.3515   0.5975   0.7940   0.9955   1.2270   1.4670   1.7450   2.0220   2.2605   2.5175   2.8755   3.2510   3.5260   3.7445   3.9830   0.0000   0.0000   0.0000   0.0000   0.0000   0.0000   0.0000   0.0000;
046:  0.3510   0.5970   0.7940   0.9955   1.2265   1.4655   1.7435   2.0210   2.2595   2.5170   2.8750   3.2505   3.5275   3.7445   3.9820   0.0000   0.0000   0.0000   0.0000   0.0000   0.0000   0.0000   0.0000;
047:  0.3510   0.5965   0.7930   0.9945   1.2255   1.4640   1.7415   2.0195   2.2580   2.5155   2.8735   3.2490   3.5280   3.7440   3.9805   0.0000   0.0000   0.0000   0.0000   0.0000   0.0000   0.0000   0.0000;
048:  0.3510   0.5965   0.7925   0.9935   1.2245   1.4630   1.7400   2.0180   2.2565   2.5145   2.8730   3.2475   3.5280   3.7430   0.0000   0.0000   0.0000   0.0000   0.0000   0.0000   0.0000   0.0000   0.0000;
049:  0.3505   0.5955   0.7920   0.9930   1.2235   1.4615   1.7385   2.0170   2.2555   2.5135   2.8715   3.2450   3.5275   3.7430   0.0000   0.0000   0.0000   0.0000   0.0000   0.0000   0.0000   0.0000   0.0000;
050:  0.3505   0.5955   0.7915   0.9920   1.2230   1.4610   1.7375   2.0160   2.2540   2.5120   2.8705   3.2425   3.5260   0.0000   0.0000   0.0000   0.0000   0.0000   0.0000   0.0000   0.0000   0.0000   0.0000;
051:  0.3510   0.5955   0.7915   0.9915   1.2220   1.4595   1.7355   2.0150   2.2530   2.5110   2.8700   3.2395   3.5240   0.0000   0.0000   0.0000   0.0000   0.0000   0.0000   0.0000   0.0000   0.0000   0.0000;
052:  0.3510   0.5950   0.7905   0.9910   1.2215   1.4580   1.7340   2.0140   2.2520   2.5100   2.8685   3.2355   3.5220   0.0000   0.0000   0.0000   0.0000   0.0000   0.0000   0.0000   0.0000   0.0000   0.0000;
053:  0.3510   0.5950   0.7905   0.9905   1.2205   1.4570   1.7325   2.0125   2.2505   2.5090   2.8680   3.2315   3.5195   0.0000   0.0000   0.0000   0.0000   0.0000   0.0000   0.0000   0.0000   0.0000   0.0000;
054:  0.3505   0.5940   0.7895   0.9895   1.2195   1.4555   1.7310   2.0115   2.2495   2.5080   2.8670   3.2265   3.5160   0.0000   0.0000   0.0000   0.0000   0.0000   0.0000   0.0000   0.0000   0.0000   0.0000;
055:  0.3505   0.5940   0.7895   0.9890   1.2185   1.4545   1.7300   2.0110   2.2485   2.5070   2.8665   3.2210   3.5115   0.0000   0.0000   0.0000   0.0000   0.0000   0.0000   0.0000   0.0000   0.0000   0.0000;
056:  0.3505   0.5940   0.7890   0.9880   1.2180   1.4540   1.7285   2.0095   2.2470   2.5055   2.8655   3.2155   3.5070   0.0000   0.0000   0.0000   0.0000   0.0000   0.0000   0.0000   0.0000   0.0000   0.0000;
057:  0.3505   0.5935   0.7885   0.9880   1.2175   1.4530   1.7275   2.0085   2.2460   2.5050   2.8650   3.2095   3.5020   0.0000   0.0000   0.0000   0.0000   0.0000   0.0000   0.0000   0.0000   0.0000   0.0000;
058:  0.3500   0.5930   0.7885   0.9880   1.2175   1.4525   1.7265   2.0075   2.2445   2.5035   2.8635   3.2025   3.4965   0.0000   0.0000   0.0000   0.0000   0.0000   0.0000   0.0000   0.0000   0.0000   0.0000;
059:  0.3500   0.5930   0.7885   0.9875   1.2170   1.4520   1.7250   2.0060   2.2435   2.5025   2.8625   3.1955   3.4910   0.0000   0.0000   0.0000   0.0000   0.0000   0.0000   0.0000   0.0000   0.0000   0.0000;
060:  0.3500   0.5925   0.7875   0.9865   1.2160   1.4515   1.7245   2.0045   2.2420   2.5020   2.8620   3.1885   3.4845   0.0000   0.0000   0.0000   0.0000   0.0000   0.0000   0.0000   0.0000   0.0000   0.0000;
061:  0.3500   0.5925   0.7875   0.9865   1.2160   1.4510   1.7235   2.0035   2.2410   2.5010   2.8615   3.1825   3.4790   0.0000   0.0000   0.0000   0.0000   0.0000   0.0000   0.0000   0.0000   0.0000   0.0000;
062:  0.3495   0.5920   0.7875   0.9860   1.2150   1.4505   1.7235   2.0030   2.2400   2.5000   2.8610   3.1765   3.4730   0.0000   0.0000   0.0000   0.0000   0.0000   0.0000   0.0000   0.0000   0.0000   0.0000;
063:  0.3495   0.5915   0.7865   0.9855   1.2150   1.4500   1.7225   2.0020   2.2390   2.4995   2.8580   3.1680   3.4675   0.0000   0.0000   0.0000   0.0000   0.0000   0.0000   0.0000   0.0000   0.0000   0.0000;
064:  0.3495   0.5915   0.7865   0.9855   1.2150   1.4500   1.7220   2.0010   2.2380   2.4985   2.8570   3.1620   3.4620   0.0000   0.0000   0.0000   0.0000   0.0000   0.0000   0.0000   0.0000   0.0000   0.0000;
065:  0.3500   0.5915   0.7865   0.9850   1.2140   1.4490   1.7210   2.0000   2.2365   2.4970   2.8565   3.1570   3.4570   0.0000   0.0000   0.0000   0.0000   0.0000   0.0000   0.0000   0.0000   0.0000   0.0000;
066:  0.3500   0.5915   0.7860   0.9845   1.2140   1.4490   1.7210   1.9990   2.2350   2.4965   2.8515   3.1480   3.4530   0.0000   0.0000   0.0000   0.0000   0.0000   0.0000   0.0000   0.0000   0.0000   0.0000;
067:  0.3495   0.5905   0.7855   0.9845   1.2140   1.4485   1.7205   1.9985   2.2340   2.4955   2.8500   3.1430   3.4495   0.0000   0.0000   0.0000   0.0000   0.0000   0.0000   0.0000   0.0000   0.0000   0.0000;
068:  0.3495   0.5905   0.7855   0.9840   1.2135   1.4485   1.7200   1.9975   2.2335   2.4950   2.8485   3.1390   3.4465   0.0000   0.0000   0.0000   0.0000   0.0000   0.0000   0.0000   0.0000   0.0000   0.0000;
069:  0.3495   0.5905   0.7850   0.9835   1.2135   1.4485   1.7200   1.9970   2.2325   2.4945   2.8420   3.1290   0.0000   0.0000   0.0000   0.0000   0.0000   0.0000   0.0000   0.0000   0.0000   0.0000   0.0000;
070:  0.3495   0.5905   0.7850   0.9835   1.2135   1.4485   1.7200   1.9965   2.2315   2.4935   2.8415   3.1270   0.0000   0.0000   0.0000   0.0000   0.0000   0.0000   0.0000   0.0000   0.0000   0.0000   0.0000;
071:  0.3495   0.5905   0.7850   0.9835   1.2135   1.4480   1.7190   1.9955   2.2305   2.4925   2.8450   3.1295   0.0000   0.0000   0.0000   0.0000   0.0000   0.0000   0.0000   0.0000   0.0000   0.0000   0.0000;
072:  0.3490   0.5895   0.7845   0.9835   1.2135   1.4480   1.7190   1.9950   2.2295   2.4915   2.8445   3.1280   0.0000   0.0000   0.0000   0.0000   0.0000   0.0000   0.0000   0.0000   0.0000   0.0000   0.0000;
073:  0.3490   0.5895   0.7845   0.9835   1.2135   1.4480   1.7185   1.9945   2.2290   2.4910   2.8390   3.1220   0.0000   0.0000   0.0000   0.0000   0.0000   0.0000   0.0000   0.0000   0.0000   0.0000   0.0000;
074:  0.3490   0.5895   0.7845   0.9835   1.2140   1.4485   1.7185   1.9940   2.2285   2.4905   2.8385   3.1215   0.0000   0.0000   0.0000   0.0000   0.0000   0.0000   0.0000   0.0000   0.0000   0.0000   0.0000;
075:  0.3490   0.5895   0.7845   0.9835   1.2140   1.4485   1.7185   1.9935   2.2275   2.4895   2.8380   3.1215   0.0000   0.0000   0.0000   0.0000   0.0000   0.0000   0.0000   0.0000   0.0000   0.0000   0.0000;
076:  0.3490   0.5895   0.7845   0.9835   1.2140   1.4485   1.7180   1.9930   2.2270   2.4885   2.8410   3.1245   0.0000   0.0000   0.0000   0.0000   0.0000   0.0000   0.0000   0.0000   0.0000   0.0000   0.0000;
077:  0.3490   0.5895   0.7840   0.9830   1.2140   1.4485   1.7180   1.9925   2.2260   2.4875   2.8350   3.1190   0.0000   0.0000   0.0000   0.0000   0.0000   0.0000   0.0000   0.0000   0.0000   0.0000   0.0000;
078:  0.3490   0.5890   0.7835   0.9830   1.2140   1.4485   1.7180   1.9925   2.2255   2.4865   2.8115   3.0970   0.0000   0.0000   0.0000   0.0000   0.0000   0.0000   0.0000   0.0000   0.0000   0.0000   0.0000;
079:  0.3490   0.5890   0.7835   0.9830   1.2140   1.4485   1.7180   1.9920   2.2245   2.4855   2.8070   3.0935   0.0000   0.0000   0.0000   0.0000   0.0000   0.0000   0.0000   0.0000   0.0000   0.0000   0.0000;
080:  0.3490   0.5885   0.7835   0.9835   1.2150   1.4490   1.7175   1.9915   2.2245   2.4855   2.8035   3.0905   0.0000   0.0000   0.0000   0.0000   0.0000   0.0000   0.0000   0.0000   0.0000   0.0000   0.0000;
081:  0.3490   0.5885   0.7835   0.9835   1.2150   1.4495   1.7180   1.9915   2.2240   2.4845   2.7990   3.0865   0.0000   0.0000   0.0000   0.0000   0.0000   0.0000   0.0000   0.0000   0.0000   0.0000   0.0000;
082:  0.3490   0.5885   0.7835   0.9835   1.2150   1.4495   1.7180   1.9915   2.2235   2.4835   2.7945   3.0825   0.0000   0.0000   0.0000   0.0000   0.0000   0.0000   0.0000   0.0000   0.0000   0.0000   0.0000;
083:  0.3490   0.5885   0.7835   0.9835   1.2150   1.4495   1.7180   1.9910   2.2230   2.4830   2.7905   3.0795   0.0000   0.0000   0.0000   0.0000   0.0000   0.0000   0.0000   0.0000   0.0000   0.0000   0.0000;
084:  0.3490   0.5885   0.7835   0.9840   1.2160   1.4500   1.7180   1.9910   2.2225   2.4820   2.7865   3.0760   0.0000   0.0000   0.0000   0.0000   0.0000   0.0000   0.0000   0.0000   0.0000   0.0000   0.0000;
085:  0.3490   0.5885   0.7835   0.9840   1.2160   1.4505   1.7185   1.9910   2.2220   2.4810   2.7825   3.0730   0.0000   0.0000   0.0000   0.0000   0.0000   0.0000   0.0000   0.0000   0.0000   0.0000   0.0000;
086:  0.3490   0.5885   0.7835   0.9840   1.2160   1.4505   1.7180   1.9905   2.2220   2.4805   2.7785   3.0695   0.0000   0.0000   0.0000   0.0000   0.0000   0.0000   0.0000   0.0000   0.0000   0.0000   0.0000;
087:  0.3490   0.5885   0.7835   0.9840   1.2160   1.4505   1.7180   1.9900   2.2210   2.4795   2.7745   3.0665   0.0000   0.0000   0.0000   0.0000   0.0000   0.0000   0.0000   0.0000   0.0000   0.0000   0.0000;
088:  0.3490   0.5885   0.7840   0.9845   1.2160   1.4505   1.7180   1.9900   2.2210   2.4795   2.7715   3.0635   0.0000   0.0000   0.0000   0.0000   0.0000   0.0000   0.0000   0.0000   0.0000   0.0000   0.0000;
089:  0.3490   0.5885   0.7840   0.9845   1.2160   1.4505   1.7175   1.9895   2.2205   2.4785   2.7680   3.0610   0.0000   0.0000   0.0000   0.0000   0.0000   0.0000   0.0000   0.0000   0.0000   0.0000   0.0000;
090:  0.3485   0.5880   0.7840   0.9850   1.2170   1.4515   1.7180   1.9895   2.2200   2.4775   2.7655   3.0590   0.0000   0.0000   0.0000   0.0000   0.0000   0.0000   0.0000   0.0000   0.0000   0.0000   0.0000;
091:  0.3485   0.5880   0.7840   0.9850   1.2170   1.4515   1.7180   1.9895   2.2200   2.4770   2.7630   3.0575   0.0000   0.0000   0.0000   0.0000   0.0000   0.0000   0.0000   0.0000   0.0000   0.0000   0.0000;
092:  0.3485   0.5880   0.7840   0.9850   1.2170   1.4515   1.7180   1.9895   2.2195   2.4760   2.7610   3.0560   0.0000   0.0000   0.0000   0.0000   0.0000   0.0000   0.0000   0.0000   0.0000   0.0000   0.0000;
093:  0.3485   0.5880   0.7840   0.9855   1.2175   1.4510   1.7175   1.9890   2.2190   2.4755   2.7595   3.0555   0.0000   0.0000   0.0000   0.0000   0.0000   0.0000   0.0000   0.0000   0.0000   0.0000   0.0000;
094:  0.3485   0.5885   0.7850   0.9860   1.2175   1.4510   1.7175   1.9890   2.2185   2.4750   2.7590   3.0550   0.0000   0.0000   0.0000   0.0000   0.0000   0.0000   0.0000   0.0000   0.0000   0.0000   0.0000;
095:  0.3485   0.5885   0.7850   0.9860   1.2180   1.4515   1.7175   1.9890   2.2185   2.4745   2.7585   3.0555   0.0000   0.0000   0.0000   0.0000   0.0000   0.0000   0.0000   0.0000   0.0000   0.0000   0.0000;
096:  0.3485   0.5885   0.7850   0.9865   1.2185   1.4515   1.7175   1.9890   2.2185   2.4740   2.7585   3.0560   0.0000   0.0000   0.0000   0.0000   0.0000   0.0000   0.0000   0.0000   0.0000   0.0000   0.0000;
097:  0.3485   0.5885   0.7850   0.9865   1.2185   1.4520   1.7180   1.9890   2.2185   2.4735   2.7590   3.0575   0.0000   0.0000   0.0000   0.0000   0.0000   0.0000   0.0000   0.0000   0.0000   0.0000   0.0000;
098:  0.3485   0.5885   0.7855   0.9870   1.2190   1.4525   1.7180   1.9885   2.2175   2.4725   2.7600   3.0590   0.0000   0.0000   0.0000   0.0000   0.0000   0.0000   0.0000   0.0000   0.0000   0.0000   0.0000;
099:  0.3485   0.5890   0.7860   0.9870   1.2190   1.4525   1.7180   1.9885   2.2175   2.4725   2.7620   3.0615   0.0000   0.0000   0.0000   0.0000   0.0000   0.0000   0.0000   0.0000   0.0000   0.0000   0.0000;
100:  0.3485   0.5890   0.7860   0.9875   1.2195   1.4525   1.7180   1.9880   2.2170   2.4720   2.7640   3.0640   0.0000   0.0000   0.0000   0.0000   0.0000   0.0000   0.0000   0.0000   0.0000   0.0000   0.0000;
101:  0.3485   0.5890   0.7865   0.9880   1.2195   1.4525   1.7180   1.9880   2.2170   2.4715   2.7670   3.0675   0.0000   0.0000   0.0000   0.0000   0.0000   0.0000   0.0000   0.0000   0.0000   0.0000   0.0000;
102:  0.3485   0.5890   0.7865   0.9885   1.2200   1.4525   1.7180   1.9880   2.2170   2.4710   2.7695   3.0710   0.0000   0.0000   0.0000   0.0000   0.0000   0.0000   0.0000   0.0000   0.0000   0.0000   0.0000;
103:  0.3495   0.5900   0.7870   0.9885   1.2200   1.4525   1.7180   1.9880   2.2170   2.4710   2.7730   3.0750   0.0000   0.0000   0.0000   0.0000   0.0000   0.0000   0.0000   0.0000   0.0000   0.0000   0.0000;
104:  0.3495   0.5900   0.7875   0.9895   1.2210   1.4530   1.7185   1.9885   2.2175   2.4710   2.7765   3.0790   0.0000   0.0000   0.0000   0.0000   0.0000   0.0000   0.0000   0.0000   0.0000   0.0000   0.0000;
105:  0.3495   0.5905   0.7880   0.9900   1.2215   1.4535   1.7190   1.9885   2.2175   2.4710   2.7805   3.0830   0.0000   0.0000   0.0000   0.0000   0.0000   0.0000   0.0000   0.0000   0.0000   0.0000   0.0000;
106:  0.3495   0.5905   0.7885   0.9905   1.2215   1.4535   1.7195   1.9890   2.2175   2.4705   2.7845   3.0880   0.0000   0.0000   0.0000   0.0000   0.0000   0.0000   0.0000   0.0000   0.0000   0.0000   0.0000;
107:  0.3495   0.5905   0.7885   0.9910   1.2220   1.4540   1.7200   1.9895   2.2180   2.4705   2.7890   3.0925   0.0000   0.0000   0.0000   0.0000   0.0000   0.0000   0.0000   0.0000   0.0000   0.0000   0.0000;
108:  0.3500   0.5915   0.7895   0.9920   1.2225   1.4540   1.7205   1.9900   2.2185   2.4705   2.7930   3.0975   0.0000   0.0000   0.0000   0.0000   0.0000   0.0000   0.0000   0.0000   0.0000   0.0000   0.0000;
109:  0.3500   0.5915   0.7900   0.9930   1.2230   1.4545   1.7210   1.9905   2.2190   2.4700   2.7970   3.1020   0.0000   0.0000   0.0000   0.0000   0.0000   0.0000   0.0000   0.0000   0.0000   0.0000   0.0000;
110:  0.3500   0.5920   0.7905   0.9930   1.2230   1.4550   1.7220   1.9910   2.2190   2.4700   2.8240   3.1295   0.0000   0.0000   0.0000   0.0000   0.0000   0.0000   0.0000   0.0000   0.0000   0.0000   0.0000;
111:  0.3500   0.5920   0.7910   0.9940   1.2240   1.4555   1.7220   1.9915   2.2200   2.4705   2.8240   3.1295   0.0000   0.0000   0.0000   0.0000   0.0000   0.0000   0.0000   0.0000   0.0000   0.0000   0.0000;
112:  0.3500   0.5930   0.7920   0.9950   1.2245   1.4560   1.7230   1.9925   2.2205   2.4705   2.8240   3.1300   0.0000   0.0000   0.0000   0.0000   0.0000   0.0000   0.0000   0.0000   0.0000   0.0000   0.0000;
113:  0.3500   0.5935   0.7930   0.9955   1.2245   1.4560   1.7230   1.9925   2.2205   2.4700   2.8140   3.1205   0.0000   0.0000   0.0000   0.0000   0.0000   0.0000   0.0000   0.0000   0.0000   0.0000   0.0000;
114:  0.3500   0.5935   0.7935   0.9965   1.2250   1.4565   1.7240   1.9935   2.2215   2.4705   2.8245   3.1310   0.0000   0.0000   0.0000   0.0000   0.0000   0.0000   0.0000   0.0000   0.0000   0.0000   0.0000;
115:  0.3505   0.5945   0.7945   0.9975   1.2260   1.4570   1.7245   1.9945   2.2220   2.4705   2.8220   3.1290   0.0000   0.0000   0.0000   0.0000   0.0000   0.0000   0.0000   0.0000   0.0000   0.0000   0.0000;
116:  0.3505   0.5945   0.7950   0.9985   1.2265   1.4570   1.7250   1.9955   2.2230   2.4710   2.8260   3.1335   0.0000   0.0000   0.0000   0.0000   0.0000   0.0000   0.0000   0.0000   0.0000   0.0000   0.0000;
117:  0.3505   0.5950   0.7960   0.9995   1.2275   1.4580   1.7260   1.9965   2.2240   2.4710   2.8290   3.1370   0.0000   0.0000   0.0000   0.0000   0.0000   0.0000   0.0000   0.0000   0.0000   0.0000   0.0000;
118:  0.3510   0.5960   0.7970   1.0000   1.2275   1.4580   1.7265   1.9975   2.2245   2.4710   2.8325   3.1410   0.0000   0.0000   0.0000   0.0000   0.0000   0.0000   0.0000   0.0000   0.0000   0.0000   0.0000;
119:  0.3510   0.5960   0.7975   1.0010   1.2285   1.4585   1.7270   1.9990   2.2260   2.4715   2.8360   3.1455   0.0000   0.0000   0.0000   0.0000   0.0000   0.0000   0.0000   0.0000   0.0000   0.0000   0.0000;
120:  0.3515   0.5970   0.7985   1.0015   1.2285   1.4590   1.7275   1.9990   2.2265   2.4725   2.8395   3.1495   0.0000   0.0000   0.0000   0.0000   0.0000   0.0000   0.0000   0.0000   0.0000   0.0000   0.0000;
121:  0.3515   0.5975   0.7995   1.0025   1.2295   1.4595   1.7280   2.0000   2.2275   2.4730   2.8495   3.1610   3.4505   0.0000   0.0000   0.0000   0.0000   0.0000   0.0000   0.0000   0.0000   0.0000   0.0000;
122:  0.3520   0.5980   0.8000   1.0035   1.2300   1.4600   1.7290   2.0010   2.2280   2.4730   2.8495   3.1625   3.4525   0.0000   0.0000   0.0000   0.0000   0.0000   0.0000   0.0000   0.0000   0.0000   0.0000;
123:  0.3520   0.5985   0.8010   1.0040   1.2305   1.4605   1.7300   2.0025   2.2290   2.4735   2.8535   3.1685   3.4555   0.0000   0.0000   0.0000   0.0000   0.0000   0.0000   0.0000   0.0000   0.0000   0.0000;
124:  0.3525   0.5995   0.8020   1.0050   1.2315   1.4615   1.7310   2.0035   2.2300   2.4740   2.8480   3.1655   3.4595   0.0000   0.0000   0.0000   0.0000   0.0000   0.0000   0.0000   0.0000   0.0000   0.0000;
125:  0.3530   0.6000   0.8025   1.0060   1.2320   1.4615   1.7315   2.0050   2.2315   2.4750   2.8565   3.1770   3.4655   0.0000   0.0000   0.0000   0.0000   0.0000   0.0000   0.0000   0.0000   0.0000   0.0000;
126:  0.3530   0.6005   0.8035   1.0065   1.2325   1.4625   1.7325   2.0060   2.2325   2.4755   2.8565   3.1805   3.4715   0.0000   0.0000   0.0000   0.0000   0.0000   0.0000   0.0000   0.0000   0.0000   0.0000;
127:  0.3535   0.6015   0.8045   1.0075   1.2330   1.4625   1.7330   2.0070   2.2335   2.4765   2.8570   3.1850   3.4790   0.0000   0.0000   0.0000   0.0000   0.0000   0.0000   0.0000   0.0000   0.0000   0.0000;
128:  0.3535   0.6015   0.8050   1.0080   1.2330   1.4630   1.7340   2.0080   2.2345   2.4770   2.8605   3.1935   3.4875   0.0000   0.0000   0.0000   0.0000   0.0000   0.0000   0.0000   0.0000   0.0000   0.0000;
129:  0.3540   0.6025   0.8060   1.0090   1.2340   1.4635   1.7345   2.0090   2.2355   2.4780   2.8630   3.2010   3.4965   0.0000   0.0000   0.0000   0.0000   0.0000   0.0000   0.0000   0.0000   0.0000   0.0000;
130:  0.3540   0.6025   0.8065   1.0095   1.2340   1.4640   1.7355   2.0100   2.2370   2.4790   2.8645   3.2090   3.5070   0.0000   0.0000   0.0000   0.0000   0.0000   0.0000   0.0000   0.0000   0.0000   0.0000;
131:  0.3545   0.6035   0.8075   1.0105   1.2350   1.4645   1.7365   2.0110   2.2375   2.4800   2.8665   3.2175   3.5175   0.0000   0.0000   0.0000   0.0000   0.0000   0.0000   0.0000   0.0000   0.0000   0.0000;
132:  0.3540   0.6040   0.8085   1.0110   1.2350   1.4650   1.7375   2.0120   2.2385   2.4805   2.8680   3.2270   3.5295   0.0000   0.0000   0.0000   0.0000   0.0000   0.0000   0.0000   0.0000   0.0000   0.0000;
133:  0.3545   0.6045   0.8085   1.0115   1.2355   1.4650   1.7380   2.0130   2.2395   2.4815   2.8700   3.2365   3.5410   0.0000   0.0000   0.0000   0.0000   0.0000   0.0000   0.0000   0.0000   0.0000   0.0000;
134:  0.3545   0.6050   0.8095   1.0120   1.2360   1.4660   1.7390   2.0135   2.2400   2.4825   2.8725   3.2470   3.5530   0.0000   0.0000   0.0000   0.0000   0.0000   0.0000   0.0000   0.0000   0.0000   0.0000;
135:  0.3550   0.6055   0.8095   1.0120   1.2360   1.4660   1.7395   2.0145   2.2405   2.4830   2.8745   3.2565   3.5640   0.0000   0.0000   0.0000   0.0000   0.0000   0.0000   0.0000   0.0000   0.0000   0.0000;
136:  0.3555   0.6065   0.8100   1.0120   1.2360   1.4665   1.7405   2.0155   2.2415   2.4840   2.8770   3.2670   3.5750   0.0000   0.0000   0.0000   0.0000   0.0000   0.0000   0.0000   0.0000   0.0000   0.0000;
137:  0.3555   0.6065   0.8105   1.0130   1.2370   1.4670   1.7405   2.0155   2.2420   2.4850   2.8795   3.2770   3.5850   0.0000   0.0000   0.0000   0.0000   0.0000   0.0000   0.0000   0.0000   0.0000   0.0000;
138:  0.3560   0.6075   0.8110   1.0130   1.2370   1.4675   1.7415   2.0160   2.2420   2.4855   2.8815   3.2870   3.5955   0.0000   0.0000   0.0000   0.0000   0.0000   0.0000   0.0000   0.0000   0.0000   0.0000;
139:  0.3560   0.6080   0.8120   1.0135   1.2370   1.4675   1.7415   2.0165   2.2425   2.4860   2.8835   3.2960   3.6040   0.0000   0.0000   0.0000   0.0000   0.0000   0.0000   0.0000   0.0000   0.0000   0.0000;
140:  0.3560   0.6080   0.8120   1.0135   1.2375   1.4680   1.7420   2.0170   2.2430   2.4870   2.8860   3.3050   3.6120   0.0000   0.0000   0.0000   0.0000   0.0000   0.0000   0.0000   0.0000   0.0000   0.0000;
141:  0.3565   0.6085   0.8120   1.0135   1.2375   1.4685   1.7425   2.0170   2.2430   2.4875   2.8880   3.3130   3.6190   0.0000   0.0000   0.0000   0.0000   0.0000   0.0000   0.0000   0.0000   0.0000   0.0000;
142:  0.3565   0.6090   0.8125   1.0135   1.2375   1.4685   1.7425   2.0170   2.2425   2.4875   2.8900   3.3205   3.6255   0.0000   0.0000   0.0000   0.0000   0.0000   0.0000   0.0000   0.0000   0.0000   0.0000;
143:  0.3570   0.6095   0.8125   1.0135   1.2375   1.4685   1.7425   2.0170   2.2425   2.4880   2.8915   3.3265   3.6315   0.0000   0.0000   0.0000   0.0000   0.0000   0.0000   0.0000   0.0000   0.0000   0.0000;
144:  0.3565   0.6100   0.8130   1.0135   1.2375   1.4685   1.7430   2.0180   2.2425   2.4880   2.8935   3.3320   3.6360   0.0000   0.0000   0.0000   0.0000   0.0000   0.0000   0.0000   0.0000   0.0000   0.0000;
145:  0.3565   0.6100   0.8135   1.0140   1.2380   1.4690   1.7430   2.0180   2.2420   2.4880   2.8950   3.3365   3.6400   0.0000   0.0000   0.0000   0.0000   0.0000   0.0000   0.0000   0.0000   0.0000   0.0000;
146:  0.3570   0.6105   0.8135   1.0140   1.2380   1.4690   1.7430   2.0180   2.2415   2.4880   2.8960   3.3395   3.6430   0.0000   0.0000   0.0000   0.0000   0.0000   0.0000   0.0000   0.0000   0.0000   0.0000;
147:  0.3570   0.6105   0.8135   1.0140   1.2380   1.4690   1.7430   2.0180   2.2410   2.4880   2.8970   3.3420   3.6455   0.0000   0.0000   0.0000   0.0000   0.0000   0.0000   0.0000   0.0000   0.0000   0.0000;
148:  0.3575   0.6115   0.8140   1.0145   1.2385   1.4690   1.7430   2.0180   2.2400   2.4880   2.8975   3.3425   3.6470   0.0000   0.0000   0.0000   0.0000   0.0000   0.0000   0.0000   0.0000   0.0000   0.0000;
149:  0.3575   0.6115   0.8140   1.0145   1.2385   1.4690   1.7430   2.0175   2.2390   2.4880   2.8975   3.3430   3.6490   0.0000   0.0000   0.0000   0.0000   0.0000   0.0000   0.0000   0.0000   0.0000   0.0000;
150:  0.3575   0.6115   0.8140   1.0145   1.2385   1.4690   1.7430   2.0175   2.2375   2.4870   2.8980   3.3435   3.6500   0.0000   0.0000   0.0000   0.0000   0.0000   0.0000   0.0000   0.0000   0.0000   0.0000;
151:  0.3575   0.6115   0.8140   1.0145   1.2385   1.4685   1.7430   2.0180   2.2365   2.4865   2.8985   3.3435   3.6510   0.0000   0.0000   0.0000   0.0000   0.0000   0.0000   0.0000   0.0000   0.0000   0.0000;
152:  0.3575   0.6115   0.8145   1.0150   1.2385   1.4685   1.7430   2.0180   2.2350   2.4855   2.8985   3.3425   3.6515   0.0000   0.0000   0.0000   0.0000   0.0000   0.0000   0.0000   0.0000   0.0000   0.0000;
153:  0.3575   0.6125   0.8150   1.0150   1.2385   1.4685   1.7430   2.0180   2.2340   2.4850   2.8990   3.3425   3.6520   0.0000   0.0000   0.0000   0.0000   0.0000   0.0000   0.0000   0.0000   0.0000   0.0000;
154:  0.3575   0.6125   0.8150   1.0150   1.2390   1.4685   1.7425   2.0175   2.2320   2.4845   2.9005   3.3430   3.6535   3.8590   0.0000   0.0000   0.0000   0.0000   0.0000   0.0000   0.0000   0.0000   0.0000;
155:  0.3575   0.6125   0.8150   1.0150   1.2390   1.4685   1.7430   2.0180   2.2310   2.4840   2.9010   3.3435   3.6550   3.8600   0.0000   0.0000   0.0000   0.0000   0.0000   0.0000   0.0000   0.0000   0.0000;
156:  0.3575   0.6125   0.8150   1.0155   1.2395   1.4680   1.7425   2.0175   2.2295   2.4835   2.9020   3.3445   3.6560   3.8600   0.0000   0.0000   0.0000   0.0000   0.0000   0.0000   0.0000   0.0000   0.0000;
157:  0.3575   0.6125   0.8150   1.0155   1.2395   1.4680   1.7430   2.0175   2.2280   2.4830   2.9030   3.3460   3.6580   3.8605   0.0000   0.0000   0.0000   0.0000   0.0000   0.0000   0.0000   0.0000   0.0000;
158:  0.3575   0.6125   0.8150   1.0155   1.2395   1.4675   1.7425   2.0170   2.2265   2.4825   2.9035   3.3470   3.6600   3.8610   0.0000   0.0000   0.0000   0.0000   0.0000   0.0000   0.0000   0.0000   0.0000;
159:  0.3575   0.6125   0.8150   1.0155   1.2400   1.4675   1.7420   2.0165   2.2250   2.4820   2.9045   3.3490   3.6620   3.8605   0.0000   0.0000   0.0000   0.0000   0.0000   0.0000   0.0000   0.0000   0.0000;
160:  0.3575   0.6120   0.8150   1.0160   1.2400   1.4670   1.7420   2.0160   2.2230   2.4815   2.9050   3.3510   3.6640   3.8595   0.0000   0.0000   0.0000   0.0000   0.0000   0.0000   0.0000   0.0000   0.0000;
161:  0.3575   0.6120   0.8145   1.0155   1.2400   1.4665   1.7415   2.0155   2.2225   2.4820   2.9065   3.3540   3.6665   3.8590   0.0000   0.0000   0.0000   0.0000   0.0000   0.0000   0.0000   0.0000   0.0000;
162:  0.3575   0.6120   0.8145   1.0155   1.2405   1.4665   1.7410   2.0145   2.2210   2.4820   2.9075   3.3570   3.6690   3.8580   0.0000   0.0000   0.0000   0.0000   0.0000   0.0000   0.0000   0.0000   0.0000;
163:  0.3575   0.6120   0.8145   1.0155   1.2405   1.4660   1.7405   2.0140   2.2205   2.4825   2.9090   3.3610   3.6715   3.8560   0.0000   0.0000   0.0000   0.0000   0.0000   0.0000   0.0000   0.0000   0.0000;
164:  0.3575   0.6120   0.8145   1.0155   1.2405   1.4660   1.7400   2.0125   2.2190   2.4825   2.9105   3.3645   3.6740   3.8545   0.0000   0.0000   0.0000   0.0000   0.0000   0.0000   0.0000   0.0000   0.0000;
165:  0.3575   0.6120   0.8145   1.0155   1.2410   1.4660   1.7395   2.0120   2.2185   2.4825   2.9115   3.3685   3.6765   3.8525   0.0000   0.0000   0.0000   0.0000   0.0000   0.0000   0.0000   0.0000   0.0000;
166:  0.3575   0.6115   0.8140   1.0155   1.2410   1.4655   1.7395   2.0115   2.2175   2.4830   2.9130   3.3725   3.6785   3.8500   0.0000   0.0000   0.0000   0.0000   0.0000   0.0000   0.0000   0.0000   0.0000;
167:  0.3570   0.6110   0.8140   1.0155   1.2410   1.4655   1.7395   2.0110   2.2175   2.4840   2.9145   3.3765   3.6805   3.8475   0.0000   0.0000   0.0000   0.0000   0.0000   0.0000   0.0000   0.0000   0.0000;
168:  0.3565   0.6110   0.8140   1.0155   1.2410   1.4650   1.7385   2.0100   2.2170   2.4840   2.9160   3.3805   3.6815   3.8440   0.0000   0.0000   0.0000   0.0000   0.0000   0.0000   0.0000   0.0000   0.0000;
169:  0.3565   0.6110   0.8135   1.0150   1.2410   1.4650   1.7380   2.0090   2.2170   2.4850   2.9170   3.3840   3.6830   3.8410   0.0000   0.0000   0.0000   0.0000   0.0000   0.0000   0.0000   0.0000   0.0000;
170:  0.3565   0.6110   0.8135   1.0145   1.2405   1.4650   1.7380   2.0090   2.2175   2.4855   2.9170   3.3860   3.6835   3.8380   0.0000   0.0000   0.0000   0.0000   0.0000   0.0000   0.0000   0.0000   0.0000;
171:  0.3565   0.6105   0.8130   1.0145   1.2400   1.4645   1.7375   2.0085   2.2180   2.4865   2.9175   3.3880   3.6835   3.8345   0.0000   0.0000   0.0000   0.0000   0.0000   0.0000   0.0000   0.0000   0.0000;
172:  0.3560   0.6100   0.8125   1.0140   1.2400   1.4650   1.7375   2.0080   2.2190   2.4875   2.9170   3.3885   3.6825   3.8310   0.0000   0.0000   0.0000   0.0000   0.0000   0.0000   0.0000   0.0000   0.0000;
173:  0.3560   0.6100   0.8125   1.0135   1.2390   1.4645   1.7370   2.0075   2.2195   2.4880   2.9170   3.3900   3.6820   3.8280   3.9805   0.0000   0.0000   0.0000   0.0000   0.0000   0.0000   0.0000   0.0000;
174:  0.3560   0.6095   0.8115   1.0125   1.2385   1.4645   1.7365   2.0075   2.2210   2.4890   2.9165   3.3900   3.6805   3.8250   3.9790   0.0000   0.0000   0.0000   0.0000   0.0000   0.0000   0.0000   0.0000;
175:  0.3560   0.6095   0.8115   1.0125   1.2380   1.4645   1.7365   2.0070   2.2215   2.4895   2.9160   3.3895   3.6790   3.8225   3.9780   0.0000   0.0000   0.0000   0.0000   0.0000   0.0000   0.0000   0.0000;
176:  0.3555   0.6090   0.8110   1.0120   1.2375   1.4645   1.7365   2.0070   2.2225   2.4900   2.9155   3.3885   3.6765   3.8195   3.9765   0.0000   0.0000   0.0000   0.0000   0.0000   0.0000   0.0000   0.0000;
177:  0.3555   0.6090   0.8110   1.0115   1.2370   1.4655   1.7365   2.0065   2.2240   2.4910   2.9145   3.3870   3.6745   3.8170   3.9750   0.0000   0.0000   0.0000   0.0000   0.0000   0.0000   0.0000   0.0000;
178:  0.3555   0.6085   0.8105   1.0115   1.2365   1.4655   1.7360   2.0055   2.2245   2.4910   2.9130   3.3850   3.6720   3.8150   3.9740   0.0000   0.0000   0.0000   0.0000   0.0000   0.0000   0.0000   0.0000;
179:  0.3550   0.6080   0.8100   1.0110   1.2365   1.4660   1.7355   2.0045   2.2250   2.4915   2.9130   3.3840   3.6700   3.8130   3.9725   0.0000   0.0000   0.0000   0.0000   0.0000   0.0000   0.0000   0.0000;
180:  0.3550   0.6080   0.8095   1.0100   1.2355   1.4660   1.7350   2.0040   2.2265   2.4925   2.9120   3.3810   3.6675   3.8120   3.9715   0.0000   0.0000   0.0000   0.0000   0.0000   0.0000   0.0000   0.0000;
181:  0.3545   0.6070   0.8090   1.0100   1.2355   1.4670   1.7350   2.0030   2.2265   2.4920   2.9105   3.3780   3.6645   3.8105   3.9705   0.0000   0.0000   0.0000   0.0000   0.0000   0.0000   0.0000   0.0000;
182:  0.3545   0.6070   0.8085   1.0090   1.2345   1.4670   1.7340   2.0015   2.2270   2.4920   2.9085   3.3740   3.6620   3.8100   3.9695   0.0000   0.0000   0.0000   0.0000   0.0000   0.0000   0.0000   0.0000;
183:  0.3545   0.6070   0.8080   1.0085   1.2345   1.4675   1.7335   2.0005   2.2280   2.4925   2.9065   3.3700   3.6590   3.8090   3.9685   0.0000   0.0000   0.0000   0.0000   0.0000   0.0000   0.0000   0.0000;
184:  0.3540   0.6060   0.8075   1.0085   1.2340   1.4675   1.7325   1.9990   2.2285   2.4925   2.9040   3.3655   3.6565   3.8085   3.9675   0.0000   0.0000   0.0000   0.0000   0.0000   0.0000   0.0000   0.0000;
185:  0.3540   0.6060   0.8070   1.0075   1.2335   1.4680   1.7315   1.9975   2.2290   2.4925   2.9010   3.3600   3.6540   3.8080   0.0000   0.0000   0.0000   0.0000   0.0000   0.0000   0.0000   0.0000   0.0000;
186:  0.3540   0.6060   0.8070   1.0075   1.2335   1.4680   1.7300   1.9955   2.2290   2.4925   2.8985   3.3545   3.6505   3.8070   0.0000   0.0000   0.0000   0.0000   0.0000   0.0000   0.0000   0.0000   0.0000;
187:  0.3535   0.6050   0.8060   1.0070   1.2335   1.4685   1.7290   1.9930   2.2280   2.4920   2.8950   3.3480   3.6470   3.8070   0.0000   0.0000   0.0000   0.0000   0.0000   0.0000   0.0000   0.0000   0.0000;
188:  0.3535   0.6050   0.8060   1.0065   1.2330   1.4685   1.7280   1.9910   2.2270   2.4910   2.8915   3.3425   3.6440   3.8060   0.0000   0.0000   0.0000   0.0000   0.0000   0.0000   0.0000   0.0000   0.0000;
189:  0.3530   0.6040   0.8050   1.0060   1.2330   1.4685   1.7265   1.9885   2.2255   2.4900   2.8885   3.3365   3.6405   3.8055   0.0000   0.0000   0.0000   0.0000   0.0000   0.0000   0.0000   0.0000   0.0000;
190:  0.3530   0.6040   0.8050   1.0055   1.2325   1.4685   1.7255   1.9865   2.2240   2.4885   2.8845   3.3300   3.6370   3.8050   0.0000   0.0000   0.0000   0.0000   0.0000   0.0000   0.0000   0.0000   0.0000;
191:  0.3525   0.6035   0.8050   1.0055   1.2330   1.4690   1.7245   1.9840   2.2220   2.4870   2.8805   3.3235   3.6335   3.8045   0.0000   0.0000   0.0000   0.0000   0.0000   0.0000   0.0000   0.0000   0.0000;
192:  0.3530   0.6030   0.8040   1.0045   1.2325   1.4685   1.7230   1.9815   2.2195   2.4850   2.8765   3.3170   3.6290   3.8025   0.0000   0.0000   0.0000   0.0000   0.0000   0.0000   0.0000   0.0000   0.0000;
193:  0.3530   0.6030   0.8040   1.0045   1.2325   1.4685   1.7220   1.9790   2.2170   2.4830   2.8715   3.3100   3.6255   3.8015   0.0000   0.0000   0.0000   0.0000   0.0000   0.0000   0.0000   0.0000   0.0000;
194:  0.3525   0.6020   0.8035   1.0040   1.2320   1.4685   1.7215   1.9770   2.2140   2.4805   2.8670   3.3030   3.6210   3.7995   0.0000   0.0000   0.0000   0.0000   0.0000   0.0000   0.0000   0.0000   0.0000;
195:  0.3525   0.6020   0.8030   1.0030   1.2315   1.4675   1.7200   1.9755   2.2115   2.4780   2.8625   3.2965   3.6165   3.7970   0.0000   0.0000   0.0000   0.0000   0.0000   0.0000   0.0000   0.0000   0.0000;
196:  0.3520   0.6010   0.8025   1.0025   1.2310   1.4675   1.7195   1.9735   2.2085   2.4755   2.8580   3.2895   3.6115   3.7945   0.0000   0.0000   0.0000   0.0000   0.0000   0.0000   0.0000   0.0000   0.0000;
197:  0.3520   0.6010   0.8025   1.0020   1.2305   1.4670   1.7190   1.9725   2.2055   2.4720   2.8530   3.2830   3.6065   3.7915   0.0000   0.0000   0.0000   0.0000   0.0000   0.0000   0.0000   0.0000   0.0000;
198:  0.3520   0.6005   0.8015   1.0010   1.2300   1.4660   1.7180   1.9715   2.2030   2.4695   2.8485   3.2765   3.6015   3.7890   0.0000   0.0000   0.0000   0.0000   0.0000   0.0000   0.0000   0.0000   0.0000;
199:  0.3515   0.6000   0.8015   1.0005   1.2295   1.4655   1.7175   1.9710   2.2005   2.4660   2.8435   3.2700   3.5960   3.7855   0.0000   0.0000   0.0000   0.0000   0.0000   0.0000   0.0000   0.0000   0.0000;
200:  0.3515   0.5995   0.8010   1.0000   1.2290   1.4650   1.7170   1.9700   2.1980   2.4630   2.8390   3.2640   3.5905   3.7820   0.0000   0.0000   0.0000   0.0000   0.0000   0.0000   0.0000   0.0000   0.0000;
201:  0.3515   0.5990   0.8005   0.9995   1.2280   1.4640   1.7165   1.9695   2.1960   2.4600   2.8350   3.2590   3.5850   3.7775   0.0000   0.0000   0.0000   0.0000   0.0000   0.0000   0.0000   0.0000   0.0000;
202:  0.3510   0.5985   0.8000   0.9985   1.2275   1.4635   1.7160   1.9690   2.1940   2.4570   2.8315   3.2545   3.5800   3.7735   0.0000   0.0000   0.0000   0.0000   0.0000   0.0000   0.0000   0.0000   0.0000;
203:  0.3510   0.5980   0.7995   0.9980   1.2270   1.4630   1.7155   1.9685   2.1920   2.4540   2.8280   3.2505   3.5750   3.7690   0.0000   0.0000   0.0000   0.0000   0.0000   0.0000   0.0000   0.0000   0.0000;
204:  0.3515   0.5980   0.7990   0.9970   1.2265   1.4625   1.7150   1.9680   2.1905   2.4515   2.8250   3.2465   3.5700   3.7650   0.0000   0.0000   0.0000   0.0000   0.0000   0.0000   0.0000   0.0000   0.0000;
205:  0.3510   0.5970   0.7985   0.9960   1.2255   1.4615   1.7140   1.9675   2.1885   2.4485   2.8215   3.2425   3.5650   3.7600   0.0000   0.0000   0.0000   0.0000   0.0000   0.0000   0.0000   0.0000   0.0000;
206:  0.3510   0.5965   0.7980   0.9955   1.2250   1.4610   1.7135   1.9670   2.1870   2.4460   2.8185   3.2395   3.5610   3.7560   3.9305   0.0000   0.0000   0.0000   0.0000   0.0000   0.0000   0.0000   0.0000;
207:  0.3510   0.5965   0.7975   0.9945   1.2245   1.4605   1.7130   1.9670   2.1860   2.4430   2.8150   3.2365   3.5570   3.7515   3.9260   0.0000   0.0000   0.0000   0.0000   0.0000   0.0000   0.0000   0.0000;
208:  0.3510   0.5960   0.7965   0.9935   1.2240   1.4600   1.7120   1.9665   2.1850   2.4405   2.8120   3.2335   3.5535   3.7475   3.9215   0.0000   0.0000   0.0000   0.0000   0.0000   0.0000   0.0000   0.0000;
209:  0.3510   0.5955   0.7955   0.9925   1.2235   1.4590   1.7110   1.9660   2.1835   2.4375   2.8080   3.2305   3.5515   3.7445   3.9160   0.0000   0.0000   0.0000   0.0000   0.0000   0.0000   0.0000   0.0000;
210:  0.3510   0.5950   0.7955   0.9915   1.2225   1.4585   1.7100   1.9655   2.1825   2.4345   2.8040   3.2270   3.5490   3.7410   3.9105   0.0000   0.0000   0.0000   0.0000   0.0000   0.0000   0.0000   0.0000;
211:  0.3510   0.5945   0.7945   0.9905   1.2215   1.4575   1.7090   1.9645   2.1810   2.4320   2.8005   3.2240   3.5475   3.7385   3.9045   0.0000   0.0000   0.0000   0.0000   0.0000   0.0000   0.0000   0.0000;
212:  0.3510   0.5940   0.7935   0.9895   1.2210   1.4570   1.7080   1.9640   2.1800   2.4290   2.7970   3.2210   3.5465   3.7370   3.8985   0.0000   0.0000   0.0000   0.0000   0.0000   0.0000   0.0000   0.0000;
213:  0.3510   0.5940   0.7930   0.9885   1.2200   1.4560   1.7070   1.9630   2.1790   2.4265   2.7935   3.2180   3.5455   3.7355   3.8920   0.0000   0.0000   0.0000   0.0000   0.0000   0.0000   0.0000   0.0000;
214:  0.3510   0.5935   0.7920   0.9875   1.2195   1.4555   1.7055   1.9615   2.1775   2.4235   2.7900   3.2155   3.5460   3.7350   3.8855   0.0000   0.0000   0.0000   0.0000   0.0000   0.0000   0.0000   0.0000;
215:  0.3510   0.5930   0.7910   0.9865   1.2185   1.4540   1.7035   1.9600   2.1760   2.4205   2.7870   3.2135   3.5470   3.7355   3.8795   0.0000   0.0000   0.0000   0.0000   0.0000   0.0000   0.0000   0.0000;
216:  0.3505   0.5925   0.7905   0.9855   1.2175   1.4525   1.7020   1.9585   2.1740   2.4175   2.7840   3.2115   3.5485   3.7365   3.8735   0.0000   0.0000   0.0000   0.0000   0.0000   0.0000   0.0000   0.0000;
217:  0.3510   0.5920   0.7895   0.9845   1.2165   1.4515   1.7005   1.9570   2.1725   2.4145   2.7810   3.2100   3.5510   0.0000   0.0000   0.0000   0.0000   0.0000   0.0000   0.0000   0.0000   0.0000   0.0000;
218:  0.3510   0.5915   0.7890   0.9840   1.2155   1.4505   1.6990   1.9550   2.1705   2.4115   2.7780   3.2085   3.5545   0.0000   0.0000   0.0000   0.0000   0.0000   0.0000   0.0000   0.0000   0.0000   0.0000;
219:  0.3510   0.5915   0.7885   0.9830   1.2145   1.4490   1.6970   1.9525   2.1675   2.4080   2.7745   3.2070   3.5585   0.0000   0.0000   0.0000   0.0000   0.0000   0.0000   0.0000   0.0000   0.0000   0.0000;
220:  0.3510   0.5910   0.7875   0.9820   1.2135   1.4480   1.6955   1.9505   2.1650   2.4045   2.7710   3.2055   3.5635   0.0000   0.0000   0.0000   0.0000   0.0000   0.0000   0.0000   0.0000   0.0000   0.0000;
221:  0.3510   0.5910   0.7870   0.9810   1.2120   1.4460   1.6935   1.9485   2.1625   2.4010   2.7680   3.2045   3.5690   0.0000   0.0000   0.0000   0.0000   0.0000   0.0000   0.0000   0.0000   0.0000   0.0000;
222:  0.3515   0.5905   0.7860   0.9805   1.2115   1.4445   1.6915   1.9460   2.1595   2.3975   2.7650   3.2040   3.5755   0.0000   0.0000   0.0000   0.0000   0.0000   0.0000   0.0000   0.0000   0.0000   0.0000;
223:  0.3510   0.5900   0.7855   0.9795   1.2100   1.4430   1.6900   1.9435   2.1565   2.3940   2.7620   3.2030   3.5820   0.0000   0.0000   0.0000   0.0000   0.0000   0.0000   0.0000   0.0000   0.0000   0.0000;
224:  0.3510   0.5895   0.7845   0.9790   1.2090   1.4410   1.6885   1.9420   2.1540   2.3905   2.7590   3.2020   3.5885   0.0000   0.0000   0.0000   0.0000   0.0000   0.0000   0.0000   0.0000   0.0000   0.0000;
225:  0.3510   0.5895   0.7840   0.9780   1.2075   1.4390   1.6865   1.9400   2.1510   2.3865   2.7565   3.2015   3.5955   0.0000   0.0000   0.0000   0.0000   0.0000   0.0000   0.0000   0.0000   0.0000   0.0000;
226:  0.3510   0.5890   0.7830   0.9775   1.2065   1.4370   1.6845   1.9375   2.1480   2.3830   2.7535   3.2000   3.6025   0.0000   0.0000   0.0000   0.0000   0.0000   0.0000   0.0000   0.0000   0.0000   0.0000;
227:  0.3510   0.5890   0.7825   0.9765   1.2045   1.4345   1.6830   1.9355   2.1445   2.3790   2.7510   3.1990   3.6095   0.0000   0.0000   0.0000   0.0000   0.0000   0.0000   0.0000   0.0000   0.0000   0.0000;
228:  0.3515   0.5885   0.7815   0.9760   1.2035   1.4325   1.6810   1.9335   2.1415   2.3750   2.7480   3.2015   3.6205   0.0000   0.0000   0.0000   0.0000   0.0000   0.0000   0.0000   0.0000   0.0000   0.0000;
229:  0.3515   0.5885   0.7810   0.9750   1.2020   1.4305   1.6795   1.9315   2.1385   2.3715   2.7450   3.2005   3.6280   0.0000   0.0000   0.0000   0.0000   0.0000   0.0000   0.0000   0.0000   0.0000   0.0000;
230:  0.3510   0.5880   0.7805   0.9745   1.2005   1.4280   1.6775   1.9295   2.1355   2.3675   2.7420   3.1835   3.6195   0.0000   0.0000   0.0000   0.0000   0.0000   0.0000   0.0000   0.0000   0.0000   0.0000;
231:  0.3510   0.5875   0.7800   0.9745   1.1995   1.4260   1.6755   1.9270   2.1320   2.3635   2.7385   3.1820   3.6270   0.0000   0.0000   0.0000   0.0000   0.0000   0.0000   0.0000   0.0000   0.0000   0.0000;
232:  0.3510   0.5875   0.7795   0.9735   1.1980   1.4245   1.6740   1.9250   2.1295   2.3600   2.7345   3.1820   3.6370   0.0000   0.0000   0.0000   0.0000   0.0000   0.0000   0.0000   0.0000   0.0000   0.0000;
233:  0.3515   0.5870   0.7785   0.9730   1.1970   1.4225   1.6725   1.9230   2.1260   2.3565   2.7305   3.1805   3.6455   0.0000   0.0000   0.0000   0.0000   0.0000   0.0000   0.0000   0.0000   0.0000   0.0000;
234:  0.3515   0.5870   0.7780   0.9725   1.1960   1.4205   1.6705   1.9210   2.1230   2.3525   2.7255   3.1775   3.6530   0.0000   0.0000   0.0000   0.0000   0.0000   0.0000   0.0000   0.0000   0.0000   0.0000;
235:  0.3510   0.5865   0.7775   0.9720   1.1945   1.4185   1.6695   1.9190   2.1200   2.3490   2.7200   3.1625   3.6490   0.0000   0.0000   0.0000   0.0000   0.0000   0.0000   0.0000   0.0000   0.0000   0.0000;
236:  0.3510   0.5865   0.7775   0.9715   1.1930   1.4165   1.6675   1.9170   2.1180   2.3465   2.7150   3.1590   3.6565   0.0000   0.0000   0.0000   0.0000   0.0000   0.0000   0.0000   0.0000   0.0000   0.0000;
237:  0.3510   0.5860   0.7765   0.9710   1.1925   1.4155   1.6660   1.9150   2.1155   2.3430   2.7090   3.1530   3.6615   0.0000   0.0000   0.0000   0.0000   0.0000   0.0000   0.0000   0.0000   0.0000   0.0000;
238:  0.3510   0.5860   0.7760   0.9705   1.1915   1.4135   1.6645   1.9130   2.1130   2.3405   2.7040   3.1430   3.6620   0.0000   0.0000   0.0000   0.0000   0.0000   0.0000   0.0000   0.0000   0.0000   0.0000;
239:  0.3515   0.5860   0.7755   0.9695   1.1900   1.4120   1.6630   1.9110   2.1110   2.3380   2.6990   3.1345   3.6630   0.0000   0.0000   0.0000   0.0000   0.0000   0.0000   0.0000   0.0000   0.0000   0.0000;
240:  0.3515   0.5855   0.7750   0.9695   1.1895   1.4105   1.6610   1.9090   2.1090   2.3355   2.6940   3.1315   3.6695   0.0000   0.0000   0.0000   0.0000   0.0000   0.0000   0.0000   0.0000   0.0000   0.0000;
241:  0.3515   0.5855   0.7745   0.9685   1.1885   1.4095   1.6600   1.9075   2.1070   2.3330   2.6885   3.1275   3.6745   0.0000   0.0000   0.0000   0.0000   0.0000   0.0000   0.0000   0.0000   0.0000   0.0000;
242:  0.3510   0.5850   0.7745   0.9680   1.1870   1.4080   1.6585   1.9055   2.1050   2.3305   2.6835   3.1240   3.6790   0.0000   0.0000   0.0000   0.0000   0.0000   0.0000   0.0000   0.0000   0.0000   0.0000;
243:  0.3510   0.5850   0.7745   0.9680   1.1865   1.4065   1.6570   1.9045   2.1040   2.3285   2.6790   3.1265   3.6885   0.0000   0.0000   0.0000   0.0000   0.0000   0.0000   0.0000   0.0000   0.0000   0.0000;
244:  0.3510   0.5850   0.7740   0.9675   1.1860   1.4055   1.6555   1.9025   2.1025   2.3265   2.6740   3.1230   3.6915   0.0000   0.0000   0.0000   0.0000   0.0000   0.0000   0.0000   0.0000   0.0000   0.0000;
245:  0.3510   0.5850   0.7740   0.9670   1.1850   1.4045   1.6540   1.9010   2.1015   2.3250   2.6705   3.1085   3.6815   0.0000   0.0000   0.0000   0.0000   0.0000   0.0000   0.0000   0.0000   0.0000   0.0000;
246:  0.3515   0.5845   0.7730   0.9665   1.1850   1.4040   1.6530   1.8995   2.1005   2.3240   2.6670   3.1060   3.6830   0.0000   0.0000   0.0000   0.0000   0.0000   0.0000   0.0000   0.0000   0.0000   0.0000;
247:  0.3515   0.5845   0.7730   0.9660   1.1840   1.4035   1.6520   1.8980   2.1000   2.3225   2.6630   3.0870   3.6670   0.0000   0.0000   0.0000   0.0000   0.0000   0.0000   0.0000   0.0000   0.0000   0.0000;
248:  0.3515   0.5845   0.7730   0.9660   1.1835   1.4025   1.6510   1.8970   2.0990   2.3210   2.6600   3.1040   3.6855   0.0000   0.0000   0.0000   0.0000   0.0000   0.0000   0.0000   0.0000   0.0000   0.0000;
249:  0.3510   0.5840   0.7730   0.9660   1.1830   1.4020   1.6505   1.8965   2.0985   2.3195   2.6575   3.0840   3.6660   0.0000   0.0000   0.0000   0.0000   0.0000   0.0000   0.0000   0.0000   0.0000   0.0000;
250:  0.3510   0.5840   0.7730   0.9660   1.1825   1.4010   1.6490   1.8955   2.0985   2.3185   2.6550   3.0825   3.6640   0.0000   0.0000   0.0000   0.0000   0.0000   0.0000   0.0000   0.0000   0.0000   0.0000;
251:  0.3510   0.5840   0.7730   0.9660   1.1820   1.4005   1.6485   1.8945   2.0980   2.3180   2.6535   3.0810   3.6610   0.0000   0.0000   0.0000   0.0000   0.0000   0.0000   0.0000   0.0000   0.0000   0.0000;
252:  0.3510   0.5835   0.7720   0.9650   1.1810   1.4000   1.6480   1.8940   2.0975   2.3165   2.6515   3.0680   3.6460   0.0000   0.0000   0.0000   0.0000   0.0000   0.0000   0.0000   0.0000   0.0000   0.0000;
253:  0.3510   0.5835   0.7720   0.9650   1.1805   1.3995   1.6480   1.8940   2.0975   2.3160   2.6505   3.0580   3.6325   0.0000   0.0000   0.0000   0.0000   0.0000   0.0000   0.0000   0.0000   0.0000   0.0000;
254:  0.3510   0.5835   0.7720   0.9650   1.1805   1.3995   1.6475   1.8940   2.0980   2.3150   2.6490   3.0565   3.6270   0.0000   0.0000   0.0000   0.0000   0.0000   0.0000   0.0000   0.0000   0.0000   0.0000;
255:  0.3510   0.5835   0.7720   0.9650   1.1800   1.3990   1.6470   1.8935   2.0980   2.3145   2.6485   3.0430   3.6080   0.0000   0.0000   0.0000   0.0000   0.0000   0.0000   0.0000   0.0000   0.0000   0.0000;
256:  0.3515   0.5835   0.7720   0.9650   1.1800   1.3990   1.6465   1.8930   2.0980   2.3140   2.6475   3.0415   3.6015   0.0000   0.0000   0.0000   0.0000   0.0000   0.0000   0.0000   0.0000   0.0000   0.0000;
257:  0.3515   0.5835   0.7720   0.9650   1.1795   1.3985   1.6465   1.8935   2.0980   2.3135   2.6475   3.0405   3.5955   0.0000   0.0000   0.0000   0.0000   0.0000   0.0000   0.0000   0.0000   0.0000   0.0000;
258:  0.3515   0.5835   0.7725   0.9655   1.1795   1.3985   1.6460   1.8930   2.0980   2.3130   2.6475   3.0405   3.5895   0.0000   0.0000   0.0000   0.0000   0.0000   0.0000   0.0000   0.0000   0.0000   0.0000;
259:  0.3515   0.5835   0.7725   0.9655   1.1795   1.3990   1.6465   1.8935   2.0985   2.3125   2.6470   3.0405   3.5835   0.0000   0.0000   0.0000   0.0000   0.0000   0.0000   0.0000   0.0000   0.0000   0.0000;
260:  0.3515   0.5835   0.7725   0.9655   1.1795   1.3990   1.6460   1.8930   2.0990   2.3130   2.6470   3.0410   3.5785   0.0000   0.0000   0.0000   0.0000   0.0000   0.0000   0.0000   0.0000   0.0000   0.0000;
261:  0.3515   0.5835   0.7725   0.9655   1.1795   1.3995   1.6465   1.8935   2.1000   2.3135   2.6465   3.0415   3.5740   0.0000   0.0000   0.0000   0.0000   0.0000   0.0000   0.0000   0.0000   0.0000   0.0000;
262:  0.3515   0.5835   0.7725   0.9660   1.1800   1.3995   1.6465   1.8940   2.1005   2.3135   2.6460   3.0425   3.5695   0.0000   0.0000   0.0000   0.0000   0.0000   0.0000   0.0000   0.0000   0.0000   0.0000;
263:  0.3515   0.5835   0.7725   0.9660   1.1805   1.4000   1.6465   1.8940   2.1010   2.3140   2.6455   3.0440   3.5660   0.0000   0.0000   0.0000   0.0000   0.0000   0.0000   0.0000   0.0000   0.0000   0.0000;
264:  0.3515   0.5835   0.7730   0.9665   1.1805   1.4000   1.6470   1.8950   2.1020   2.3150   2.6455   3.0455   3.5625   0.0000   0.0000   0.0000   0.0000   0.0000   0.0000   0.0000   0.0000   0.0000   0.0000;
265:  0.3515   0.5835   0.7730   0.9665   1.1805   1.4000   1.6470   1.8950   2.1020   2.3150   2.6460   3.0485   3.5590   0.0000   0.0000   0.0000   0.0000   0.0000   0.0000   0.0000   0.0000   0.0000   0.0000;
266:  0.3515   0.5835   0.7730   0.9665   1.1810   1.4005   1.6470   1.8955   2.1030   2.3160   2.6465   3.0510   3.5560   0.0000   0.0000   0.0000   0.0000   0.0000   0.0000   0.0000   0.0000   0.0000   0.0000;
267:  0.3515   0.5835   0.7735   0.9670   1.1815   1.4010   1.6475   1.8965   2.1040   2.3170   2.6470   3.0815   3.5805   0.0000   0.0000   0.0000   0.0000   0.0000   0.0000   0.0000   0.0000   0.0000   0.0000;
268:  0.3515   0.5835   0.7735   0.9670   1.1820   1.4015   1.6475   1.8965   2.1045   2.3180   2.6480   3.0835   3.5765   0.0000   0.0000   0.0000   0.0000   0.0000   0.0000   0.0000   0.0000   0.0000   0.0000;
269:  0.3515   0.5835   0.7735   0.9670   1.1825   1.4025   1.6485   1.8975   2.1055   2.3190   2.6485   3.0845   3.5720   0.0000   0.0000   0.0000   0.0000   0.0000   0.0000   0.0000   0.0000   0.0000   0.0000;
270:  0.3515   0.5840   0.7740   0.9670   1.1835   1.4035   1.6490   1.8980   2.1060   2.3200   2.6500   3.0945   3.5750   0.0000   0.0000   0.0000   0.0000   0.0000   0.0000   0.0000   0.0000   0.0000   0.0000;
271:  0.3515   0.5840   0.7740   0.9670   1.1840   1.4040   1.6490   1.8985   2.1070   2.3215   2.6520   3.0955   3.5695   0.0000   0.0000   0.0000   0.0000   0.0000   0.0000   0.0000   0.0000   0.0000   0.0000;
272:  0.3515   0.5840   0.7740   0.9670   1.1845   1.4045   1.6495   1.8995   2.1080   2.3230   2.6540   3.0955   3.5630   0.0000   0.0000   0.0000   0.0000   0.0000   0.0000   0.0000   0.0000   0.0000   0.0000;
273:  0.3520   0.5845   0.7740   0.9670   1.1845   1.4045   1.6495   1.8995   2.1085   2.3240   2.6565   3.0935   3.5530   0.0000   0.0000   0.0000   0.0000   0.0000   0.0000   0.0000   0.0000   0.0000   0.0000;
274:  0.3520   0.5845   0.7740   0.9670   1.1850   1.4050   1.6500   1.9000   2.1090   2.3255   2.6590   3.0960   3.5485   0.0000   0.0000   0.0000   0.0000   0.0000   0.0000   0.0000   0.0000   0.0000   0.0000;
275:  0.3520   0.5850   0.7745   0.9675   1.1860   1.4055   1.6505   1.9010   2.1105   2.3275   2.6620   3.0970   3.5420   0.0000   0.0000   0.0000   0.0000   0.0000   0.0000   0.0000   0.0000   0.0000   0.0000;
276:  0.3520   0.5850   0.7745   0.9675   1.1865   1.4060   1.6510   1.9020   2.1115   2.3295   2.6660   3.1005   3.5370   0.0000   0.0000   0.0000   0.0000   0.0000   0.0000   0.0000   0.0000   0.0000   0.0000;
277:  0.3525   0.5855   0.7750   0.9680   1.1870   1.4070   1.6520   1.9025   2.1125   2.3315   2.6695   3.1050   3.5335   0.0000   0.0000   0.0000   0.0000   0.0000   0.0000   0.0000   0.0000   0.0000   0.0000;
278:  0.3525   0.5855   0.7745   0.9675   1.1875   1.4080   1.6525   1.9030   2.1140   2.3335   2.6745   3.1155   3.5340   0.0000   0.0000   0.0000   0.0000   0.0000   0.0000   0.0000   0.0000   0.0000   0.0000;
279:  0.3525   0.5855   0.7745   0.9680   1.1880   1.4080   1.6535   1.9045   2.1155   2.3360   2.6800   3.1165   3.5255   0.0000   0.0000   0.0000   0.0000   0.0000   0.0000   0.0000   0.0000   0.0000   0.0000;
280:  0.3525   0.5855   0.7745   0.9680   1.1885   1.4085   1.6540   1.9050   2.1160   2.3380   2.6855   3.1330   3.5325   0.0000   0.0000   0.0000   0.0000   0.0000   0.0000   0.0000   0.0000   0.0000   0.0000;
281:  0.3525   0.5860   0.7750   0.9680   1.1890   1.4095   1.6545   1.9055   2.1175   2.3405   2.6915   3.1250   3.5140   0.0000   0.0000   0.0000   0.0000   0.0000   0.0000   0.0000   0.0000   0.0000   0.0000;
282:  0.3530   0.5865   0.7750   0.9680   1.1895   1.4105   1.6555   1.9065   2.1190   2.3430   2.6975   3.1305   3.5095   0.0000   0.0000   0.0000   0.0000   0.0000   0.0000   0.0000   0.0000   0.0000   0.0000;
283:  0.3530   0.5865   0.7750   0.9685   1.1900   1.4110   1.6565   1.9070   2.1200   2.3455   2.7030   3.1355   3.5050   0.0000   0.0000   0.0000   0.0000   0.0000   0.0000   0.0000   0.0000   0.0000   0.0000;
284:  0.3530   0.5870   0.7755   0.9685   1.1905   1.4120   1.6575   1.9085   2.1220   2.3480   2.7085   3.1400   3.5000   0.0000   0.0000   0.0000   0.0000   0.0000   0.0000   0.0000   0.0000   0.0000   0.0000;
285:  0.3530   0.5875   0.7755   0.9690   1.1915   1.4130   1.6585   1.9090   2.1235   2.3510   2.7130   3.1435   3.4950   0.0000   0.0000   0.0000   0.0000   0.0000   0.0000   0.0000   0.0000   0.0000   0.0000;
286:  0.3530   0.5875   0.7755   0.9690   1.1920   1.4140   1.6600   1.9110   2.1255   2.3540   2.7180   3.1475   3.4910   0.0000   0.0000   0.0000   0.0000   0.0000   0.0000   0.0000   0.0000   0.0000   0.0000;
287:  0.3530   0.5875   0.7755   0.9695   1.1930   1.4145   1.6605   1.9120   2.1275   2.3570   2.7235   3.1515   3.4860   0.0000   0.0000   0.0000   0.0000   0.0000   0.0000   0.0000   0.0000   0.0000   0.0000;
288:  0.3535   0.5885   0.7760   0.9695   1.1930   1.4150   1.6615   1.9130   2.1290   2.3600   2.7285   3.1545   3.4815   0.0000   0.0000   0.0000   0.0000   0.0000   0.0000   0.0000   0.0000   0.0000   0.0000;
289:  0.3535   0.5885   0.7765   0.9700   1.1935   1.4160   1.6630   1.9150   2.1315   2.3630   2.7325   3.1570   3.4770   0.0000   0.0000   0.0000   0.0000   0.0000   0.0000   0.0000   0.0000   0.0000   0.0000;
290:  0.3540   0.5890   0.7765   0.9705   1.1945   1.4170   1.6640   1.9165   2.1335   2.3660   2.7365   3.1590   3.4730   0.0000   0.0000   0.0000   0.0000   0.0000   0.0000   0.0000   0.0000   0.0000   0.0000;
291:  0.3540   0.5895   0.7770   0.9705   1.1950   1.4185   1.6660   1.9185   2.1360   2.3695   2.7410   3.1615   3.4690   0.0000   0.0000   0.0000   0.0000   0.0000   0.0000   0.0000   0.0000   0.0000   0.0000;
292:  0.3540   0.5895   0.7775   0.9710   1.1955   1.4195   1.6675   1.9205   2.1385   2.3730   2.7450   3.1635   3.4660   3.6825   0.0000   0.0000   0.0000   0.0000   0.0000   0.0000   0.0000   0.0000   0.0000;
293:  0.3545   0.5900   0.7775   0.9710   1.1960   1.4205   1.6690   1.9230   2.1410   2.3760   2.7490   3.1650   3.4625   3.6805   3.8685   0.0000   0.0000   0.0000   0.0000   0.0000   0.0000   0.0000   0.0000;
294:  0.3540   0.5905   0.7785   0.9720   1.1970   1.4215   1.6705   1.9255   2.1435   2.3790   2.7525   3.1660   3.4590   3.6780   3.8690   0.0000   0.0000   0.0000   0.0000   0.0000   0.0000   0.0000   0.0000;
295:  0.3540   0.5905   0.7785   0.9720   1.1970   1.4220   1.6720   1.9280   2.1465   2.3820   2.7560   3.1675   3.4560   3.6760   3.8690   0.0000   0.0000   0.0000   0.0000   0.0000   0.0000   0.0000   0.0000;
296:  0.3545   0.5910   0.7790   0.9730   1.1980   1.4230   1.6735   1.9305   2.1490   2.3850   2.7600   3.1690   3.4535   3.6740   3.8690   0.0000   0.0000   0.0000   0.0000   0.0000   0.0000   0.0000   0.0000;
297:  0.3550   0.5920   0.7795   0.9730   1.1985   1.4240   1.6750   1.9330   2.1520   2.3890   2.7635   3.1695   3.4515   3.6730   3.8690   0.0000   0.0000   0.0000   0.0000   0.0000   0.0000   0.0000   0.0000;
298:  0.3550   0.5920   0.7800   0.9740   1.1995   1.4250   1.6770   1.9360   2.1545   2.3920   2.7665   3.1700   3.4500   3.6720   3.8685   0.0000   0.0000   0.0000   0.0000   0.0000   0.0000   0.0000   0.0000;
299:  0.3550   0.5925   0.7805   0.9740   1.1995   1.4250   1.6780   1.9390   2.1580   2.3955   2.7695   3.1710   3.4490   3.6715   3.8690   0.0000   0.0000   0.0000   0.0000   0.0000   0.0000   0.0000   0.0000;
300:  0.3550   0.5930   0.7810   0.9750   1.2005   1.4260   1.6800   1.9420   2.1610   2.3990   2.7725   3.1725   3.4490   3.6715   3.8695   0.0000   0.0000   0.0000   0.0000   0.0000   0.0000   0.0000   0.0000;
301:  0.3550   0.5935   0.7815   0.9755   1.2015   1.4270   1.6820   1.9455   2.1645   2.4025   2.7755   3.1730   3.4480   3.6720   3.8705   0.0000   0.0000   0.0000   0.0000   0.0000   0.0000   0.0000   0.0000;
302:  0.3555   0.5940   0.7820   0.9760   1.2015   1.4275   1.6835   1.9480   2.1675   2.4060   2.7785   3.1740   3.4480   3.6720   3.8710   0.0000   0.0000   0.0000   0.0000   0.0000   0.0000   0.0000   0.0000;
303:  0.3555   0.5945   0.7825   0.9765   1.2025   1.4285   1.6855   1.9510   2.1705   2.4095   2.7815   3.1750   3.4480   3.6730   3.8725   4.0725   0.0000   0.0000   0.0000   0.0000   0.0000   0.0000   0.0000;
304:  0.3560   0.5950   0.7830   0.9775   1.2035   1.4295   1.6875   1.9545   2.1740   2.4135   2.7850   3.1760   3.4480   3.6735   3.8735   4.0740   0.0000   0.0000   0.0000   0.0000   0.0000   0.0000   0.0000;
305:  0.3560   0.5950   0.7830   0.9780   1.2040   1.4300   1.6895   1.9575   2.1770   2.4170   2.7880   3.1770   3.4485   3.6745   3.8745   4.0750   0.0000   0.0000   0.0000   0.0000   0.0000   0.0000   0.0000;
306:  0.3565   0.5960   0.7840   0.9790   1.2050   1.4315   1.6915   1.9605   2.1810   2.4210   2.7915   3.1785   3.4490   3.6755   3.8760   4.0770   0.0000   0.0000   0.0000   0.0000   0.0000   0.0000   0.0000;
307:  0.3560   0.5960   0.7845   0.9800   1.2055   1.4320   1.6935   1.9635   2.1845   2.4250   2.7945   3.1800   3.4500   3.6770   3.8780   4.0790   0.0000   0.0000   0.0000   0.0000   0.0000   0.0000   0.0000;
308:  0.3565   0.5970   0.7850   0.9805   1.2065   1.4330   1.6955   1.9665   2.1880   2.4290   2.7980   3.1820   3.4510   3.6785   3.8800   4.0820   4.3095   0.0000   0.0000   0.0000   0.0000   0.0000   0.0000;
309:  0.3565   0.5970   0.7855   0.9815   1.2075   1.4340   1.6975   1.9695   2.1915   2.4330   2.8015   3.1840   3.4520   3.6795   3.8820   4.0850   4.3105   0.0000   0.0000   0.0000   0.0000   0.0000   0.0000;
310:  0.3570   0.5980   0.7865   0.9825   1.2085   1.4355   1.7000   1.9725   2.1950   2.4370   2.8050   3.1860   3.4535   3.6810   3.8835   4.0880   4.3125   0.0000   0.0000   0.0000   0.0000   0.0000   0.0000;
311:  0.3570   0.5985   0.7875   0.9835   1.2095   1.4365   1.7015   1.9750   2.1985   2.4410   2.8080   3.1875   3.4545   3.6820   3.8855   4.0915   4.3145   0.0000   0.0000   0.0000   0.0000   0.0000   0.0000;
312:  0.3575   0.5990   0.7880   0.9850   1.2110   1.4380   1.7040   1.9775   2.2015   2.4450   2.8110   3.1895   3.4560   3.6835   3.8885   4.0960   4.3170   0.0000   0.0000   0.0000   0.0000   0.0000   0.0000;
313:  0.3575   0.5995   0.7890   0.9860   1.2120   1.4390   1.7055   1.9800   2.2050   2.4490   2.8135   3.1905   3.4575   3.6855   3.8915   4.1005   4.3200   4.5105   0.0000   0.0000   0.0000   0.0000   0.0000;
314:  0.3575   0.6000   0.7895   0.9870   1.2130   1.4405   1.7075   1.9825   2.2085   2.4530   2.8165   3.1925   3.4590   3.6865   3.8945   4.1055   4.3230   4.5115   0.0000   0.0000   0.0000   0.0000   0.0000;
315:  0.3575   0.6005   0.7900   0.9875   1.2140   1.4420   1.7095   1.9845   2.2115   2.4565   2.8190   3.1940   3.4605   3.6890   3.8985   4.1105   4.3260   4.5130   0.0000   0.0000   0.0000   0.0000   0.0000;
316:  0.3580   0.6010   0.7905   0.9885   1.2150   1.4430   1.7115   1.9875   2.2150   2.4605   2.8220   3.1960   3.4620   3.6905   3.9015   4.1155   4.3295   4.5150   0.0000   0.0000   0.0000   0.0000   0.0000;
317:  0.3580   0.6015   0.7915   0.9895   1.2160   1.4445   1.7135   1.9895   2.2180   2.4645   2.8245   3.1980   3.4640   3.6925   3.9050   4.1200   4.3325   4.5165   0.0000   0.0000   0.0000   0.0000   0.0000;
318:  0.3585   0.6020   0.7920   0.9905   1.2175   1.4460   1.7150   1.9920   2.2210   2.4675   2.8270   3.2000   3.4660   3.6950   3.9085   4.1250   4.3365   4.5185   4.7120   0.0000   0.0000   0.0000   0.0000;
319:  0.3585   0.6025   0.7930   0.9920   1.2190   1.4475   1.7170   1.9940   2.2240   2.4715   2.8295   3.2010   3.4670   3.6970   3.9120   4.1295   4.3400   4.5205   4.7095   0.0000   0.0000   0.0000   0.0000;
320:  0.3590   0.6035   0.7940   0.9930   1.2205   1.4490   1.7190   1.9965   2.2265   2.4745   2.8320   3.2030   3.4690   3.6995   3.9155   4.1345   4.3445   4.5235   4.7075   0.0000   0.0000   0.0000   0.0000;
321:  0.3590   0.6035   0.7945   0.9940   1.2220   1.4510   1.7210   1.9990   2.2295   2.4780   2.8345   3.2045   3.4705   3.7010   3.9180   4.1385   4.3485   4.5265   4.7055   0.0000   0.0000   0.0000   0.0000;
322:  0.3590   0.6040   0.7955   0.9950   1.2230   1.4520   1.7225   2.0010   2.2320   2.4810   2.8365   3.2055   3.4720   3.7035   3.9215   4.1425   4.3520   4.5210   4.6960   4.8865   0.0000   0.0000   0.0000;
323:  0.3590   0.6050   0.7960   0.9955   1.2245   1.4540   1.7245   2.0035   2.2350   2.4840   2.8390   3.2075   3.4735   3.7050   3.9240   4.1460   4.3555   4.5260   4.6970   4.8815   0.0000   0.0000   0.0000;
324:  0.3590   0.6050   0.7965   0.9965   1.2260   1.4555   1.7265   2.0060   2.2375   2.4870   2.8410   3.2090   3.4755   3.7070   3.9260   4.1485   4.3585   4.5340   4.7015   4.8775   0.0000   0.0000   0.0000;
325:  0.3595   0.6060   0.7975   0.9975   1.2270   1.4565   1.7280   2.0085   2.2400   2.4895   2.8430   3.2105   3.4770   3.7080   3.9275   4.1510   4.3615   4.5420   4.7065   4.8745   0.0000   0.0000   0.0000;
326:  0.3595   0.6065   0.7985   0.9990   1.2290   1.4585   1.7300   2.0110   2.2430   2.4925   2.8450   3.2115   3.4780   3.7090   3.9290   4.1535   4.3645   4.5435   4.7050   4.8715   5.1135   0.0000   0.0000;
327:  0.3595   0.6065   0.7990   1.0000   1.2305   1.4605   1.7320   2.0130   2.2450   2.4950   2.8470   3.2125   3.4785   3.7095   3.9295   4.1545   4.3665   4.5445   4.7040   4.8700   5.1130   0.0000   0.0000;
328:  0.3600   0.6075   0.8000   1.0010   1.2320   1.4620   1.7340   2.0155   2.2470   2.4975   2.8490   3.2135   3.4795   3.7105   3.9305   4.1555   4.3680   4.5480   4.7055   4.8690   5.1130   0.0000   0.0000;
329:  0.3600   0.6075   0.8005   1.0020   1.2335   1.4635   1.7355   2.0180   2.2500   2.5000   2.8500   3.2135   3.4795   3.7105   3.9305   4.1555   4.3685   4.5505   4.7070   4.8690   5.1140   0.0000   0.0000;
330:  0.3605   0.6085   0.8015   1.0030   1.2345   1.4650   1.7375   2.0205   2.2525   2.5025   2.8520   3.2145   3.4805   3.7110   3.9300   4.1550   4.3690   4.5535   4.7090   4.8690   5.1155   0.0000   0.0000;
331:  0.3605   0.6090   0.8025   1.0040   1.2360   1.4665   1.7395   2.0230   2.2550   2.5050   2.8540   3.2160   3.4810   3.7105   3.9285   4.1530   4.3680   4.5555   4.7105   4.8695   5.1180   0.0000   0.0000;
332:  0.3605   0.6090   0.8030   1.0050   1.2375   1.4685   1.7415   2.0255   2.2575   2.5075   2.8560   3.2170   3.4815   3.7100   3.9275   4.1515   4.3665   4.5570   4.7125   4.8710   5.1205   0.0000   0.0000;
333:  0.3600   0.6095   0.8040   1.0060   1.2385   1.4700   1.7440   2.0280   2.2600   2.5100   2.8575   3.2180   3.4820   3.7095   3.9255   4.1490   4.3645   4.5585   4.7155   4.8730   5.1240   0.0000   0.0000;
334:  0.3605   0.6105   0.8050   1.0070   1.2400   1.4720   1.7460   2.0305   2.2625   2.5120   2.8585   3.2185   3.4825   3.7085   3.9230   4.1460   4.3620   4.5595   4.7180   4.8750   5.1270   0.0000   0.0000;
335:  0.3605   0.6105   0.8060   1.0085   1.2415   1.4735   1.7475   2.0325   2.2645   2.5140   2.8600   3.2195   3.4830   3.7075   3.9205   4.1430   4.3585   4.5600   4.7210   4.8775   5.1305   0.0000   0.0000;
336:  0.3605   0.6110   0.8065   1.0090   1.2425   1.4750   1.7495   2.0345   2.2670   2.5165   2.8620   3.2210   3.4835   3.7065   3.9180   4.1400   4.3550   4.5600   4.7235   4.8800   5.1340   0.0000   0.0000;
337:  0.3605   0.6110   0.8075   1.0110   1.2445   1.4770   1.7515   2.0370   2.2695   2.5185   2.8635   3.2215   3.4830   3.7050   3.9155   4.1365   4.3510   4.5605   4.7270   4.8835   5.1385   0.0000   0.0000;
338:  0.3605   0.6115   0.8080   1.0115   1.2455   1.4785   1.7535   2.0390   2.2715   2.5205   2.8650   3.2225   3.4835   3.7040   3.9130   4.1330   4.3465   4.5600   4.7295   4.8860   5.1420   0.0000   0.0000;
339:  0.3610   0.6120   0.8085   1.0125   1.2470   1.4805   1.7555   2.0410   2.2740   2.5230   2.8665   3.2235   3.4840   3.7030   3.9105   4.1300   4.3420   4.4930   4.6665   4.8895   5.1460   0.0000   0.0000;
340:  0.3610   0.6125   0.8095   1.0135   1.2480   1.4815   1.7570   2.0430   2.2760   2.5245   2.8680   3.2245   3.4840   3.7020   3.9080   4.1265   4.3375   4.4960   4.6730   4.8935   5.1505   0.0000   0.0000;
341:  0.3610   0.6125   0.8100   1.0145   1.2490   1.4830   1.7590   2.0450   2.2780   2.5265   2.8695   3.2255   3.4845   3.7015   3.9065   4.1230   4.3320   4.4930   4.6745   4.8980   5.1560   0.0000   0.0000;
342:  0.3610   0.6130   0.8110   1.0155   1.2500   1.4840   1.7600   2.0470   2.2805   2.5280   2.8705   3.2265   3.4850   3.7005   3.9040   4.1195   4.3270   4.4900   4.6750   4.9020   5.1615   0.0000   0.0000;
343:  0.3610   0.6130   0.8110   1.0160   1.2510   1.4855   1.7620   2.0490   2.2825   2.5295   2.8715   3.2270   3.4845   3.7000   3.9030   4.1165   4.3225   4.4875   4.6760   4.9075   5.1685   0.0000   0.0000;
344:  0.3610   0.6135   0.8120   1.0170   1.2520   1.4870   1.7635   2.0500   2.2840   2.5315   2.8725   3.2270   3.4850   3.7005   3.9020   4.1135   4.3185   4.4865   4.6780   4.9125   5.1755   0.0000   0.0000;
345:  0.3610   0.6135   0.8125   1.0180   1.2530   1.4880   1.7650   2.0520   2.2860   2.5330   2.8730   3.2275   3.4855   3.7005   3.9010   4.1105   4.3140   4.4850   4.6805   4.9185   5.1830   0.0000   0.0000;
346:  0.3610   0.6140   0.8130   1.0185   1.2540   1.4890   1.7660   2.0535   2.2880   2.5345   2.8740   3.2280   3.4860   3.7010   3.9000   4.1080   4.3105   4.4850   4.6835   4.9240   5.1910   0.0000   0.0000;
347:  0.3610   0.6140   0.8130   1.0185   1.2545   1.4905   1.7680   2.0555   2.2895   2.5355   2.8745   3.2285   3.4870   3.7015   3.8995   4.1055   4.3070   4.4835   4.6850   4.9300   5.1995   0.0000   0.0000;
348:  0.3605   0.6140   0.8135   1.0195   1.2555   1.4915   1.7690   2.0570   2.2915   2.5370   2.8750   3.2290   3.4880   3.7025   3.8995   4.1035   4.3035   4.4890   4.6945   4.9365   5.2080   0.0000   0.0000;
349:  0.3605   0.6145   0.8140   1.0200   1.2565   1.4925   1.7700   2.0580   2.2925   2.5375   2.8750   3.2295   3.4885   3.7025   3.8990   4.1020   4.3015   4.4950   4.7040   4.9435   5.2170   0.0000   0.0000;
350:  0.3600   0.6140   0.8145   1.0210   1.2575   1.4930   1.7710   2.0595   2.2935   2.5385   2.8755   3.2295   3.4890   3.7035   3.8995   4.1010   4.2995   4.4985   4.7110   4.9505   5.2270   0.0000   0.0000;
351:  0.3600   0.6140   0.8145   1.0215   1.2585   1.4940   1.7720   2.0605   2.2945   2.5395   2.8755   3.2290   3.4895   3.7045   3.9000   4.1005   4.2985   4.4980   4.7135   4.9575   5.2375   0.0000   0.0000;
352:  0.3600   0.6145   0.8150   1.0215   1.2585   1.4940   1.7725   2.0620   2.2960   2.5400   2.8755   3.2290   3.4900   3.7055   3.9005   4.1000   4.2975   4.5145   4.7330   4.9640   5.2475   0.0000   0.0000;
353:  0.3600   0.6145   0.8155   1.0225   1.2595   1.4945   1.7735   2.0630   2.2965   2.5410   2.8760   3.2290   3.4905   3.7065   3.9010   4.1000   4.2980   4.5150   4.7365   4.9710   5.2580   0.0000   0.0000;
354:  0.3595   0.6140   0.8155   1.0225   1.2600   1.4955   1.7745   2.0640   2.2975   2.5415   2.8755   3.2280   3.4905   3.7075   3.9020   4.1000   4.2975   4.5150   4.7395   4.9780   5.2690   0.0000   0.0000;
355:  0.3595   0.6140   0.8160   1.0235   1.2605   1.4955   1.7750   2.0650   2.2980   2.5420   2.8755   3.2275   3.4915   3.7095   3.9035   4.1005   4.2975   4.5090   4.7365   4.9845   5.2800   0.0000   0.0000;
356:  0.3595   0.6140   0.8160   1.0240   1.2615   1.4965   1.7765   2.0665   2.2990   2.5425   2.8750   3.2270   3.4920   3.7105   3.9045   4.1010   4.2985   4.5100   4.7390   4.9905   5.2910   0.0000   0.0000;
357:  0.3595   0.6140   0.8165   1.0245   1.2615   1.4965   1.7770   2.0670   2.2995   2.5430   2.8750   3.2265   3.4920   3.7120   3.9065   4.1025   4.2995   4.5205   4.7525   4.9980   5.3025   0.0000   0.0000;
358:  0.3595   0.6140   0.8165   1.0245   1.2620   1.4975   1.7780   2.0680   2.3005   2.5435   2.8745   3.2260   3.4925   3.7130   3.9075   4.1035   4.3010   4.5305   4.7650   5.0060   5.3140   0.0000   0.0000;
359:  0.3590   0.6135   0.8165   1.0245   1.2620   1.4975   1.7785   2.0685   2.3010   2.5440   2.8745   3.2260   3.4930   3.7145   3.9095   4.1055   4.3035   4.5285   4.7645   5.0135   5.3255   0.0000   0.0000;
#AFTER_DB_V3;
000:  0.2060   0.5120   0.7150   0.9180   1.1320   1.3940   1.6020   1.9550   2.1820   2.4210   2.6690   3.0800   3.3710   3.6160   3.8150   4.0060   4.2080   4.4030   4.6630   4.8800   5.1640   0.0000   0.0000;
001:  0.2060   0.5110   0.7150   0.9180   1.1320   1.3940   1.6030   1.9560   2.1820   2.4210   2.6690   3.0800   3.3710   3.6170   3.8170   4.0080   4.2110   4.4060   4.6760   4.8870   5.1750   0.0000   0.0000;
002:  0.2060   0.5110   0.7150   0.9190   1.1320   1.3940   1.6030   1.9560   2.1820   2.4220   2.6680   3.0800   3.3710   3.6180   3.8190   4.0100   4.2130   4.4090   4.6780   4.8940   5.1850   0.0000   0.0000;
003:  0.2050   0.5110   0.7150   0.9190   1.1320   1.3940   1.6040   1.9570   2.1820   2.4220   2.6680   3.0800   3.3710   3.6180   3.8200   4.0120   4.2170   4.4130   4.6790   4.9020   5.1960   0.0000   0.0000;
004:  0.2050   0.5100   0.7150   0.9190   1.1320   1.3940   1.6040   1.9570   2.1820   2.4220   2.6680   3.0810   3.3710   3.6190   3.8220   4.0150   4.2200   4.4160   4.6950   4.9100   5.2070   0.0000   0.0000;
005:  0.2050   0.5100   0.7150   0.9190   1.1320   1.3940   1.6040   1.9560   2.1820   2.4230   2.6680   3.0820   3.3700   3.6200   3.8230   4.0170   4.2240   4.4200   4.6950   4.9180   5.2180   0.0000   0.0000;
006:  0.2050   0.5100   0.7140   0.9190   1.1320   1.3940   1.6050   1.9560   2.1830   2.4230   2.6680   3.0820   3.3700   3.6200   3.8250   4.0200   4.2280   4.4240   4.6950   4.9270   5.2290   0.0000   0.0000;
007:  0.2050   0.5090   0.7140   0.9190   1.1320   1.3930   1.6050   1.9560   2.1820   2.4230   2.6670   3.0820   3.3690   3.6200   3.8270   4.0220   4.2330   4.4280   4.6900   4.9360   5.2390   0.0000   0.0000;
008:  0.2050   0.5090   0.7140   0.9190   1.1310   1.3930   1.6050   1.9550   2.1820   2.4240   2.6670   3.0830   3.3690   3.6200   3.8280   4.0250   4.2380   4.4320   4.6930   4.9450   5.2500   0.0000   0.0000;
009:  0.2050   0.5090   0.7130   0.9200   1.1310   1.3930   1.6060   1.9540   2.1820   2.4240   2.6670   3.0840   3.3680   3.6200   3.8300   4.0290   4.2430   4.4360   4.6960   4.9540   5.2600   0.0000   0.0000;
010:  0.2050   0.5080   0.7130   0.9200   1.1300   1.3930   1.6070   1.9530   2.1830   2.4240   2.6670   3.0850   3.3680   3.6200   3.8310   4.0320   4.2480   4.4400   4.7000   4.9650   5.2710   0.0000   0.0000;
011:  0.2050   0.5080   0.7130   0.9200   1.1290   1.3920   1.6070   1.9520   2.1820   2.4250   2.6660   3.0860   3.3670   3.6200   3.8330   4.0350   4.2540   4.4440   4.7040   4.9760   5.2820   0.0000   0.0000;
012:  0.2050   0.5070   0.7130   0.9200   1.1290   1.3920   1.6070   1.9510   2.1820   2.4250   2.6660   3.0870   3.3670   3.6200   3.8350   4.0380   4.2600   4.4470   4.7090   4.9880   5.2930   0.0000   0.0000;
013:  0.2050   0.5070   0.7120   0.9200   1.1280   1.3910   1.6070   1.9490   2.1820   2.4250   2.6650   3.0880   3.3670   3.6190   3.8360   4.0410   4.2660   4.4510   4.7140   5.0000   5.3030   0.0000   0.0000;
014:  0.2050   0.5070   0.7120   0.9190   1.1270   1.3900   1.6070   1.9480   2.1810   2.4250   2.6650   3.0890   3.3660   3.6190   3.8380   4.0440   4.2720   4.4540   4.7200   5.0120   5.3120   0.0000   0.0000;
015:  0.2050   0.5060   0.7110   0.9190   1.1270   1.3890   1.6070   1.9470   2.1810   2.4250   2.6640   3.0890   3.3660   3.6180   3.8390   4.0470   4.2780   4.4580   4.7260   5.0250   5.3210   0.0000   0.0000;
016:  0.2050   0.5060   0.7110   0.9190   1.1260   1.3890   1.6060   1.9460   2.1800   2.4250   2.6640   3.0900   3.3660   3.6180   3.8410   4.0500   4.2850   4.4610   4.7340   5.0390   5.3290   0.0000   0.0000;
017:  0.2050   0.5050   0.7110   0.9190   1.1250   1.3880   1.6060   1.9450   2.1790   2.4240   2.6640   3.0910   3.3650   3.6180   3.8420   4.0530   4.2900   4.4650   4.7400   5.0530   5.3350   0.0000   0.0000;
018:  0.2050   0.5050   0.7100   0.9180   1.1250   1.3860   1.6050   1.9440   2.1790   2.4240   2.6630   3.0910   3.3650   3.6180   3.8440   4.0550   4.2950   4.4700   4.7470   5.0670   5.3400   0.0000   0.0000;
019:  0.2050   0.5050   0.7100   0.9180   1.1240   1.3850   1.6050   1.9430   2.1780   2.4230   2.6620   3.0920   3.3650   3.6180   3.8460   4.0580   4.3000   4.4740   4.7540   5.0810   5.3450   0.0000   0.0000;
020:  0.2050   0.5040   0.7090   0.9180   1.1230   1.3840   1.6040   1.9420   2.1770   2.4220   2.6620   3.0930   3.3650   3.6180   3.8470   4.0620   4.3050   4.4780   4.7610   5.0960   5.3490   0.0000   0.0000;
021:  0.2050   0.5040   0.7090   0.9170   1.1220   1.3830   1.6040   1.9400   2.1760   2.4220   2.6610   3.0940   3.3650   3.6170   3.8490   4.0650   4.3090   4.4830   4.7680   5.1100   5.3530   0.0000   0.0000;
022:  0.2050   0.5040   0.7080   0.9170   1.1210   1.3820   1.6040   1.9390   2.1750   2.4210   2.6610   3.0950   3.3660   3.6170   3.8500   4.0690   4.3140   4.4880   4.7740   5.1240   5.3580   0.0000   0.0000;
023:  0.2050   0.5040   0.7080   0.9160   1.1210   1.3810   1.6030   1.9380   2.1740   2.4210   2.6600   3.0950   3.3670   3.6180   3.8510   4.0720   4.3190   4.4920   4.7800   5.1390   0.0000   0.0000   0.0000;
024:  0.2050   0.5030   0.7070   0.9150   1.1200   1.3800   1.6020   1.9360   2.1730   2.4200   2.6600   3.0960   3.3680   3.6180   3.8530   4.0760   4.3230   4.4970   4.7860   5.1530   0.0000   0.0000   0.0000;
025:  0.2050   0.5030   0.7070   0.9140   1.1190   1.3780   1.6020   1.9350   2.1720   2.4190   2.6590   3.0970   3.3690   3.6180   3.8540   4.0800   4.3280   4.5020   4.7910   5.1680   0.0000   0.0000   0.0000;
026:  0.2050   0.5020   0.7060   0.9130   1.1180   1.3770   1.6010   1.9340   2.1700   2.4180   2.6590   3.0980   3.3700   3.6180   3.8550   4.0840   4.3330   4.5060   4.7950   5.1830   0.0000   0.0000   0.0000;
027:  0.2050   0.5020   0.7060   0.9120   1.1170   1.3760   1.6000   1.9330   2.1690   2.4160   2.6580   3.1000   3.3700   3.6190   3.8560   4.0870   4.3360   4.5100   4.7970   0.0000   0.0000   0.0000   0.0000;
028:  0.2050   0.5020   0.7050   0.9110   1.1160   1.3740   1.5990   1.9320   2.1670   2.4150   2.6580   3.1010   3.3710   3.6190   3.8570   4.0910   4.3390   4.5140   4.8010   0.0000   0.0000   0.0000   0.0000;
029:  0.2050   0.5020   0.7050   0.9100   1.1150   1.3730   1.5980   1.9300   2.1650   2.4130   2.6570   3.1020   3.3730   3.6200   3.8580   4.0950   4.3420   4.5180   4.8030   0.0000   0.0000   0.0000   0.0000;
030:  0.2050   0.5010   0.7040   0.9080   1.1150   1.3710   1.5980   1.9290   2.1640   2.4120   2.6560   3.1040   3.3740   3.6220   3.8600   4.0980   4.3450   4.5220   4.8050   0.0000   0.0000   0.0000   0.0000;
031:  0.2050   0.5010   0.7040   0.9070   1.1140   1.3700   1.5970   1.9280   2.1620   2.4100   2.6560   3.1050   3.3750   3.6230   3.8610   4.1020   4.3470   4.5240   0.0000   0.0000   0.0000   0.0000   0.0000;
032:  0.2050   0.5010   0.7040   0.9060   1.1130   1.3690   1.5960   1.9270   2.1600   2.4090   2.6550   3.1060   3.3760   3.6240   3.8610   4.1050   4.3490   4.5270   0.0000   0.0000   0.0000   0.0000   0.0000;
033:  0.2050   0.5000   0.7030   0.9050   1.1120   1.3670   1.5950   1.9250   2.1580   2.4070   2.6550   3.1070   3.3780   3.6260   3.8610   4.1090   4.3510   4.5300   0.0000   0.0000   0.0000   0.0000   0.0000;
034:  0.2050   0.5000   0.7020   0.9040   1.1110   1.3660   1.5940   1.9240   2.1560   2.4050   2.6540   3.1080   3.3800   3.6270   3.8610   4.1120   4.3530   4.5320   0.0000   0.0000   0.0000   0.0000   0.0000;
035:  0.2050   0.5000   0.7020   0.9020   1.1100   1.3650   1.5930   1.9220   2.1540   2.4040   2.6540   3.1090   3.3820   3.6290   3.8600   4.1140   4.3540   4.5330   0.0000   0.0000   0.0000   0.0000   0.0000;
036:  0.2050   0.5000   0.7020   0.9010   1.1090   1.3640   1.5920   1.9210   2.1510   2.4020   2.6530   3.1090   3.3840   3.6310   3.8580   4.1170   0.0000   0.0000   0.0000   0.0000   0.0000   0.0000   0.0000;
037:  0.2050   0.5000   0.7010   0.9000   1.1080   1.3620   1.5910   1.9200   2.1490   2.4010   2.6530   3.1090   3.3860   3.6330   3.8560   4.1200   0.0000   0.0000   0.0000   0.0000   0.0000   0.0000   0.0000;
038:  0.2050   0.4990   0.7010   0.8980   1.1070   1.3610   1.5900   1.9190   2.1470   2.3990   2.6520   3.1090   3.3880   3.6350   3.8540   4.1230   0.0000   0.0000   0.0000   0.0000   0.0000   0.0000   0.0000;
039:  0.2050   0.4990   0.7000   0.8970   1.1060   1.3600   1.5890   1.9180   2.1450   2.3970   2.6510   3.1090   3.3900   3.6370   3.8520   4.1250   0.0000   0.0000   0.0000   0.0000   0.0000   0.0000   0.0000;
040:  0.2050   0.4990   0.7000   0.8960   1.1050   1.3590   1.5870   1.9170   2.1430   2.3960   2.6510   3.1080   3.3920   3.6400   3.8500   4.1260   0.0000   0.0000   0.0000   0.0000   0.0000   0.0000   0.0000;
041:  0.2050   0.4980   0.6990   0.8950   1.1040   1.3580   1.5860   1.9160   2.1400   2.3940   2.6500   3.1080   3.3940   3.6430   3.8470   4.1270   0.0000   0.0000   0.0000   0.0000   0.0000   0.0000   0.0000;
042:  0.2050   0.4980   0.6990   0.8940   1.1030   1.3570   1.5840   1.9140   2.1390   2.3930   2.6500   3.1070   3.3960   3.6450   3.8440   4.1280   0.0000   0.0000   0.0000   0.0000   0.0000   0.0000   0.0000;
043:  0.2050   0.4980   0.6980   0.8930   1.1020   1.3560   1.5830   1.9130   2.1370   2.3910   2.6490   3.1060   3.3970   3.6480   3.8420   4.1290   0.0000   0.0000   0.0000   0.0000   0.0000   0.0000   0.0000;
044:  0.2050   0.4980   0.6980   0.8920   1.1010   1.3550   1.5810   1.9120   2.1350   2.3890   2.6490   3.1050   3.3990   3.6510   3.8390   4.1290   0.0000   0.0000   0.0000   0.0000   0.0000   0.0000   0.0000;
045:  0.2050   0.4980   0.6970   0.8910   1.1000   1.3540   1.5800   1.9100   2.1340   2.3870   2.6480   3.1030   3.3990   3.6530   3.8360   4.1300   0.0000   0.0000   0.0000   0.0000   0.0000   0.0000   0.0000;
046:  0.2050   0.4970   0.6970   0.8910   1.1000   1.3530   1.5780   1.9090   2.1330   2.3860   2.6480   3.1020   3.3990   3.6560   3.8330   4.1310   0.0000   0.0000   0.0000   0.0000   0.0000   0.0000   0.0000;
047:  0.2050   0.4970   0.6960   0.8900   1.0990   1.3520   1.5760   1.9070   2.1320   2.3840   2.6470   3.1000   3.3980   3.6580   3.8300   4.1310   0.0000   0.0000   0.0000   0.0000   0.0000   0.0000   0.0000;
048:  0.2050   0.4970   0.6960   0.8890   1.0980   1.3510   1.5750   1.9050   2.1310   2.3820   2.6470   3.0990   3.3960   3.6600   3.8260   0.0000   0.0000   0.0000   0.0000   0.0000   0.0000   0.0000   0.0000;
049:  0.2050   0.4960   0.6950   0.8890   1.0970   1.3500   1.5730   1.9040   2.1300   2.3810   2.6460   3.0970   3.3930   3.6620   3.8240   0.0000   0.0000   0.0000   0.0000   0.0000   0.0000   0.0000   0.0000;
050:  0.2050   0.4960   0.6950   0.8880   1.0960   1.3500   1.5720   1.9030   2.1290   2.3790   2.6450   3.0960   3.3890   3.6630   0.0000   0.0000   0.0000   0.0000   0.0000   0.0000   0.0000   0.0000   0.0000;
051:  0.2060   0.4960   0.6950   0.8880   1.0950   1.3490   1.5700   1.9010   2.1290   2.3770   2.6450   3.0950   3.3840   3.6640   0.0000   0.0000   0.0000   0.0000   0.0000   0.0000   0.0000   0.0000   0.0000;
052:  0.2060   0.4960   0.6940   0.8870   1.0950   1.3480   1.5680   1.9000   2.1280   2.3760   2.6440   3.0930   3.3780   3.6660   0.0000   0.0000   0.0000   0.0000   0.0000   0.0000   0.0000   0.0000   0.0000;
053:  0.2060   0.4960   0.6940   0.8870   1.0940   1.3470   1.5670   1.8980   2.1270   2.3740   2.6440   3.0920   3.3710   3.6680   0.0000   0.0000   0.0000   0.0000   0.0000   0.0000   0.0000   0.0000   0.0000;
054:  0.2060   0.4950   0.6930   0.8860   1.0930   1.3460   1.5650   1.8970   2.1260   2.3730   2.6430   3.0910   3.3620   3.6700   0.0000   0.0000   0.0000   0.0000   0.0000   0.0000   0.0000   0.0000   0.0000;
055:  0.2060   0.4950   0.6930   0.8860   1.0920   1.3450   1.5640   1.8960   2.1260   2.3710   2.6430   3.0900   3.3520   3.6710   0.0000   0.0000   0.0000   0.0000   0.0000   0.0000   0.0000   0.0000   0.0000;
056:  0.2060   0.4950   0.6930   0.8850   1.0910   1.3450   1.5630   1.8940   2.1250   2.3690   2.6420   3.0890   3.3420   3.6720   0.0000   0.0000   0.0000   0.0000   0.0000   0.0000   0.0000   0.0000   0.0000;
057:  0.2060   0.4950   0.6920   0.8850   1.0910   1.3440   1.5620   1.8930   2.1240   2.3680   2.6420   3.0880   3.3310   3.6730   0.0000   0.0000   0.0000   0.0000   0.0000   0.0000   0.0000   0.0000   0.0000;
058:  0.2060   0.4940   0.6920   0.8850   1.0910   1.3440   1.5610   1.8920   2.1230   2.3660   2.6410   3.0860   3.3190   3.6740   0.0000   0.0000   0.0000   0.0000   0.0000   0.0000   0.0000   0.0000   0.0000;
059:  0.2060   0.4940   0.6920   0.8850   1.0900   1.3440   1.5600   1.8900   2.1220   2.3650   2.6400   3.0850   3.3060   3.6760   0.0000   0.0000   0.0000   0.0000   0.0000   0.0000   0.0000   0.0000   0.0000;
060:  0.2060   0.4940   0.6910   0.8840   1.0890   1.3430   1.5600   1.8890   2.1200   2.3640   2.6400   3.0840   3.2930   3.6760   0.0000   0.0000   0.0000   0.0000   0.0000   0.0000   0.0000   0.0000   0.0000;
061:  0.2060   0.4940   0.6910   0.8840   1.0890   1.3430   1.5590   1.8880   2.1190   2.3630   2.6390   3.0840   3.2810   3.6770   0.0000   0.0000   0.0000   0.0000   0.0000   0.0000   0.0000   0.0000   0.0000;
062:  0.2060   0.4930   0.6910   0.8840   1.0880   1.3420   1.5590   1.8880   2.1180   2.3620   2.6380   3.0840   3.2690   3.6770   0.0000   0.0000   0.0000   0.0000   0.0000   0.0000   0.0000   0.0000   0.0000;
063:  0.2060   0.4930   0.6900   0.8830   1.0880   1.3420   1.5580   1.8870   2.1170   2.3610   2.6380   3.0780   3.2580   3.6770   0.0000   0.0000   0.0000   0.0000   0.0000   0.0000   0.0000   0.0000   0.0000;
064:  0.2060   0.4930   0.6900   0.8830   1.0880   1.3420   1.5580   1.8860   2.1160   2.3600   2.6370   3.0770   3.2470   3.6770   0.0000   0.0000   0.0000   0.0000   0.0000   0.0000   0.0000   0.0000   0.0000;
065:  0.2070   0.4930   0.6900   0.8830   1.0870   1.3410   1.5570   1.8850   2.1150   2.3580   2.6360   3.0770   3.2370   3.6770   0.0000   0.0000   0.0000   0.0000   0.0000   0.0000   0.0000   0.0000   0.0000;
066:  0.2070   0.4930   0.6900   0.8820   1.0870   1.3410   1.5570   1.8850   2.1130   2.3570   2.6360   3.0670   3.2290   3.6770   0.0000   0.0000   0.0000   0.0000   0.0000   0.0000   0.0000   0.0000   0.0000;
067:  0.2070   0.4920   0.6890   0.8820   1.0870   1.3410   1.5560   1.8850   2.1120   2.3560   2.6350   3.0650   3.2210   3.6780   0.0000   0.0000   0.0000   0.0000   0.0000   0.0000   0.0000   0.0000   0.0000;
068:  0.2070   0.4920   0.6890   0.8820   1.0860   1.3410   1.5560   1.8840   2.1110   2.3560   2.6340   3.0630   3.2150   3.6780   0.0000   0.0000   0.0000   0.0000   0.0000   0.0000   0.0000   0.0000   0.0000;
069:  0.2070   0.4920   0.6890   0.8810   1.0860   1.3410   1.5560   1.8840   2.1100   2.3550   2.6340   3.0500   0.0000   0.0000   0.0000   0.0000   0.0000   0.0000   0.0000   0.0000   0.0000   0.0000   0.0000;
070:  0.2070   0.4920   0.6890   0.8810   1.0860   1.3410   1.5560   1.8840   2.1090   2.3540   2.6330   3.0500   0.0000   0.0000   0.0000   0.0000   0.0000   0.0000   0.0000   0.0000   0.0000   0.0000   0.0000;
071:  0.2070   0.4920   0.6890   0.8810   1.0860   1.3410   1.5550   1.8830   2.1080   2.3530   2.6320   3.0580   0.0000   0.0000   0.0000   0.0000   0.0000   0.0000   0.0000   0.0000   0.0000   0.0000   0.0000;
072:  0.2070   0.4910   0.6880   0.8810   1.0860   1.3410   1.5550   1.8830   2.1070   2.3520   2.6310   3.0580   0.0000   0.0000   0.0000   0.0000   0.0000   0.0000   0.0000   0.0000   0.0000   0.0000   0.0000;
073:  0.2070   0.4910   0.6880   0.8810   1.0860   1.3410   1.5550   1.8820   2.1070   2.3510   2.6310   3.0470   0.0000   0.0000   0.0000   0.0000   0.0000   0.0000   0.0000   0.0000   0.0000   0.0000   0.0000;
074:  0.2070   0.4910   0.6880   0.8810   1.0860   1.3420   1.5550   1.8820   2.1060   2.3510   2.6300   3.0470   0.0000   0.0000   0.0000   0.0000   0.0000   0.0000   0.0000   0.0000   0.0000   0.0000   0.0000;
075:  0.2070   0.4910   0.6880   0.8810   1.0860   1.3420   1.5550   1.8820   2.1050   2.3500   2.6290   3.0470   0.0000   0.0000   0.0000   0.0000   0.0000   0.0000   0.0000   0.0000   0.0000   0.0000   0.0000;
076:  0.2070   0.4910   0.6880   0.8810   1.0860   1.3420   1.5550   1.8810   2.1050   2.3490   2.6280   3.0540   0.0000   0.0000   0.0000   0.0000   0.0000   0.0000   0.0000   0.0000   0.0000   0.0000   0.0000;
077:  0.2070   0.4910   0.6880   0.8800   1.0860   1.3420   1.5550   1.8810   2.1040   2.3480   2.6270   3.0430   0.0000   0.0000   0.0000   0.0000   0.0000   0.0000   0.0000   0.0000   0.0000   0.0000   0.0000;
078:  0.2070   0.4910   0.6870   0.8800   1.0860   1.3420   1.5550   1.8810   2.1040   2.3470   2.6260   2.9970   0.0000   0.0000   0.0000   0.0000   0.0000   0.0000   0.0000   0.0000   0.0000   0.0000   0.0000;
079:  0.2070   0.4910   0.6870   0.8800   1.0860   1.3420   1.5550   1.8810   2.1030   2.3460   2.6250   2.9890   0.0000   0.0000   0.0000   0.0000   0.0000   0.0000   0.0000   0.0000   0.0000   0.0000   0.0000;
080:  0.2080   0.4900   0.6870   0.8800   1.0870   1.3430   1.5550   1.8800   2.1030   2.3460   2.6250   2.9820   0.0000   0.0000   0.0000   0.0000   0.0000   0.0000   0.0000   0.0000   0.0000   0.0000   0.0000;
081:  0.2080   0.4900   0.6870   0.8800   1.0870   1.3430   1.5560   1.8800   2.1030   2.3450   2.6240   2.9740   0.0000   0.0000   0.0000   0.0000   0.0000   0.0000   0.0000   0.0000   0.0000   0.0000   0.0000;
082:  0.2080   0.4900   0.6870   0.8800   1.0870   1.3430   1.5560   1.8800   2.1030   2.3440   2.6230   2.9660   0.0000   0.0000   0.0000   0.0000   0.0000   0.0000   0.0000   0.0000   0.0000   0.0000   0.0000;
083:  0.2080   0.4900   0.6870   0.8800   1.0870   1.3430   1.5560   1.8800   2.1020   2.3440   2.6220   2.9590   0.0000   0.0000   0.0000   0.0000   0.0000   0.0000   0.0000   0.0000   0.0000   0.0000   0.0000;
084:  0.2080   0.4900   0.6870   0.8800   1.0880   1.3440   1.5560   1.8800   2.1020   2.3430   2.6210   2.9520   0.0000   0.0000   0.0000   0.0000   0.0000   0.0000   0.0000   0.0000   0.0000   0.0000   0.0000;
085:  0.2080   0.4900   0.6870   0.8800   1.0880   1.3440   1.5570   1.8800   2.1020   2.3420   2.6200   2.9450   0.0000   0.0000   0.0000   0.0000   0.0000   0.0000   0.0000   0.0000   0.0000   0.0000   0.0000;
086:  0.2080   0.4900   0.6870   0.8800   1.0880   1.3440   1.5570   1.8790   2.1020   2.3420   2.6190   2.9380   0.0000   0.0000   0.0000   0.0000   0.0000   0.0000   0.0000   0.0000   0.0000   0.0000   0.0000;
087:  0.2080   0.4900   0.6870   0.8800   1.0880   1.3440   1.5570   1.8790   2.1010   2.3410   2.6180   2.9310   0.0000   0.0000   0.0000   0.0000   0.0000   0.0000   0.0000   0.0000   0.0000   0.0000   0.0000;
088:  0.2080   0.4900   0.6870   0.8810   1.0880   1.3440   1.5570   1.8790   2.1010   2.3410   2.6180   2.9250   0.0000   0.0000   0.0000   0.0000   0.0000   0.0000   0.0000   0.0000   0.0000   0.0000   0.0000;
089:  0.2080   0.4900   0.6870   0.8810   1.0880   1.3440   1.5570   1.8780   2.1010   2.3400   2.6170   2.9190   0.0000   0.0000   0.0000   0.0000   0.0000   0.0000   0.0000   0.0000   0.0000   0.0000   0.0000;
090:  0.2080   0.4890   0.6870   0.8810   1.0890   1.3450   1.5580   1.8780   2.1010   2.3390   2.6160   2.9150   0.0000   0.0000   0.0000   0.0000   0.0000   0.0000   0.0000   0.0000   0.0000   0.0000   0.0000;
091:  0.2080   0.4890   0.6870   0.8810   1.0890   1.3450   1.5580   1.8780   2.1010   2.3390   2.6150   2.9110   0.0000   0.0000   0.0000   0.0000   0.0000   0.0000   0.0000   0.0000   0.0000   0.0000   0.0000;
092:  0.2080   0.4890   0.6870   0.8810   1.0890   1.3450   1.5580   1.8780   2.1010   2.3380   2.6140   2.9080   0.0000   0.0000   0.0000   0.0000   0.0000   0.0000   0.0000   0.0000   0.0000   0.0000   0.0000;
093:  0.2080   0.4890   0.6870   0.8810   1.0900   1.3450   1.5570   1.8780   2.1000   2.3380   2.6130   2.9060   0.0000   0.0000   0.0000   0.0000   0.0000   0.0000   0.0000   0.0000   0.0000   0.0000   0.0000;
094:  0.2080   0.4890   0.6880   0.8820   1.0900   1.3450   1.5570   1.8780   2.1000   2.3370   2.6130   2.9050   0.0000   0.0000   0.0000   0.0000   0.0000   0.0000   0.0000   0.0000   0.0000   0.0000   0.0000;
095:  0.2080   0.4890   0.6880   0.8820   1.0900   1.3460   1.5570   1.8780   2.1000   2.3370   2.6120   2.9050   0.0000   0.0000   0.0000   0.0000   0.0000   0.0000   0.0000   0.0000   0.0000   0.0000   0.0000;
096:  0.2080   0.4890   0.6880   0.8820   1.0910   1.3460   1.5570   1.8780   2.1000   2.3370   2.6110   2.9060   0.0000   0.0000   0.0000   0.0000   0.0000   0.0000   0.0000   0.0000   0.0000   0.0000   0.0000;
097:  0.2080   0.4890   0.6880   0.8820   1.0910   1.3460   1.5580   1.8780   2.1000   2.3370   2.6100   2.9080   0.0000   0.0000   0.0000   0.0000   0.0000   0.0000   0.0000   0.0000   0.0000   0.0000   0.0000;
098:  0.2080   0.4890   0.6880   0.8830   1.0910   1.3470   1.5580   1.8780   2.0990   2.3360   2.6090   2.9110   0.0000   0.0000   0.0000   0.0000   0.0000   0.0000   0.0000   0.0000   0.0000   0.0000   0.0000;
099:  0.2080   0.4890   0.6890   0.8830   1.0910   1.3470   1.5580   1.8780   2.0990   2.3360   2.6090   2.9150   0.0000   0.0000   0.0000   0.0000   0.0000   0.0000   0.0000   0.0000   0.0000   0.0000   0.0000;
100:  0.2080   0.4890   0.6890   0.8830   1.0920   1.3470   1.5580   1.8780   2.0980   2.3360   2.6080   2.9200   0.0000   0.0000   0.0000   0.0000   0.0000   0.0000   0.0000   0.0000   0.0000   0.0000   0.0000;
101:  0.2080   0.4890   0.6890   0.8840   1.0920   1.3470   1.5580   1.8780   2.0980   2.3360   2.6070   2.9270   0.0000   0.0000   0.0000   0.0000   0.0000   0.0000   0.0000   0.0000   0.0000   0.0000   0.0000;
102:  0.2080   0.4890   0.6890   0.8840   1.0930   1.3470   1.5580   1.8780   2.0980   2.3360   2.6060   2.9330   0.0000   0.0000   0.0000   0.0000   0.0000   0.0000   0.0000   0.0000   0.0000   0.0000   0.0000;
103:  0.2090   0.4900   0.6900   0.8840   1.0930   1.3470   1.5580   1.8780   2.0980   2.3360   2.6060   2.9400   0.0000   0.0000   0.0000   0.0000   0.0000   0.0000   0.0000   0.0000   0.0000   0.0000   0.0000;
104:  0.2090   0.4900   0.6900   0.8850   1.0940   1.3480   1.5580   1.8790   2.0980   2.3370   2.6050   2.9480   0.0000   0.0000   0.0000   0.0000   0.0000   0.0000   0.0000   0.0000   0.0000   0.0000   0.0000;
105:  0.2090   0.4900   0.6910   0.8850   1.0950   1.3480   1.5590   1.8790   2.0980   2.3370   2.6050   2.9560   0.0000   0.0000   0.0000   0.0000   0.0000   0.0000   0.0000   0.0000   0.0000   0.0000   0.0000;
106:  0.2090   0.4900   0.6910   0.8860   1.0950   1.3480   1.5590   1.8800   2.0980   2.3370   2.6040   2.9650   0.0000   0.0000   0.0000   0.0000   0.0000   0.0000   0.0000   0.0000   0.0000   0.0000   0.0000;
107:  0.2090   0.4900   0.6910   0.8860   1.0960   1.3480   1.5600   1.8800   2.0990   2.3370   2.6040   2.9740   0.0000   0.0000   0.0000   0.0000   0.0000   0.0000   0.0000   0.0000   0.0000   0.0000   0.0000;
108:  0.2090   0.4910   0.6920   0.8870   1.0970   1.3480   1.5600   1.8810   2.0990   2.3380   2.6030   2.9830   0.0000   0.0000   0.0000   0.0000   0.0000   0.0000   0.0000   0.0000   0.0000   0.0000   0.0000;
109:  0.2090   0.4910   0.6920   0.8880   1.0980   1.3480   1.5610   1.8810   2.1000   2.3380   2.6020   2.9920   0.0000   0.0000   0.0000   0.0000   0.0000   0.0000   0.0000   0.0000   0.0000   0.0000   0.0000;
110:  0.2090   0.4910   0.6930   0.8880   1.0980   1.3480   1.5620   1.8820   2.1000   2.3380   2.6020   3.0460   0.0000   0.0000   0.0000   0.0000   0.0000   0.0000   0.0000   0.0000   0.0000   0.0000   0.0000;
111:  0.2090   0.4910   0.6930   0.8890   1.0990   1.3490   1.5620   1.8820   2.1010   2.3390   2.6020   3.0460   0.0000   0.0000   0.0000   0.0000   0.0000   0.0000   0.0000   0.0000   0.0000   0.0000   0.0000;
112:  0.2080   0.4920   0.6940   0.8900   1.1000   1.3490   1.5630   1.8830   2.1020   2.3390   2.6020   3.0460   0.0000   0.0000   0.0000   0.0000   0.0000   0.0000   0.0000   0.0000   0.0000   0.0000   0.0000;
113:  0.2080   0.4920   0.6950   0.8910   1.1000   1.3490   1.5630   1.8830   2.1020   2.3390   2.6010   3.0270   0.0000   0.0000   0.0000   0.0000   0.0000   0.0000   0.0000   0.0000   0.0000   0.0000   0.0000;
114:  0.2080   0.4920   0.6950   0.8920   1.1010   1.3490   1.5640   1.8840   2.1030   2.3400   2.6010   3.0480   0.0000   0.0000   0.0000   0.0000   0.0000   0.0000   0.0000   0.0000   0.0000   0.0000   0.0000;
115:  0.2080   0.4930   0.6960   0.8930   1.1020   1.3500   1.5640   1.8850   2.1040   2.3400   2.6010   3.0430   0.0000   0.0000   0.0000   0.0000   0.0000   0.0000   0.0000   0.0000   0.0000   0.0000   0.0000;
116:  0.2080   0.4930   0.6960   0.8940   1.1030   1.3500   1.5640   1.8860   2.1050   2.3410   2.6010   3.0510   0.0000   0.0000   0.0000   0.0000   0.0000   0.0000   0.0000   0.0000   0.0000   0.0000   0.0000;
117:  0.2080   0.4930   0.6970   0.8950   1.1040   1.3510   1.5650   1.8870   2.1060   2.3420   2.6000   3.0580   0.0000   0.0000   0.0000   0.0000   0.0000   0.0000   0.0000   0.0000   0.0000   0.0000   0.0000;
118:  0.2080   0.4940   0.6980   0.8960   1.1040   1.3510   1.5650   1.8880   2.1070   2.3420   2.6000   3.0650   0.0000   0.0000   0.0000   0.0000   0.0000   0.0000   0.0000   0.0000   0.0000   0.0000   0.0000;
119:  0.2080   0.4940   0.6980   0.8970   1.1050   1.3520   1.5650   1.8890   2.1090   2.3430   2.6000   3.0720   0.0000   0.0000   0.0000   0.0000   0.0000   0.0000   0.0000   0.0000   0.0000   0.0000   0.0000;
120:  0.2080   0.4950   0.6990   0.8980   1.1050   1.3520   1.5660   1.8890   2.1090   2.3440   2.6010   3.0780   0.0000   0.0000   0.0000   0.0000   0.0000   0.0000   0.0000   0.0000   0.0000   0.0000   0.0000;
121:  0.2080   0.4950   0.7000   0.8990   1.1060   1.3530   1.5660   1.8900   2.1100   2.3450   2.6010   3.0980   3.2240   3.6770   0.0000   0.0000   0.0000   0.0000   0.0000   0.0000   0.0000   0.0000   0.0000;
122:  0.2080   0.4960   0.7000   0.9000   1.1070   1.3530   1.5670   1.8910   2.1110   2.3450   2.6010   3.0980   3.2270   3.6780   0.0000   0.0000   0.0000   0.0000   0.0000   0.0000   0.0000   0.0000   0.0000;
123:  0.2080   0.4960   0.7010   0.9010   1.1070   1.3540   1.5670   1.8930   2.1120   2.3460   2.6010   3.1060   3.2310   3.6800   0.0000   0.0000   0.0000   0.0000   0.0000   0.0000   0.0000   0.0000   0.0000;
124:  0.2080   0.4970   0.7020   0.9020   1.1080   1.3550   1.5680   1.8940   2.1130   2.3470   2.6010   3.0950   3.2360   3.6830   0.0000   0.0000   0.0000   0.0000   0.0000   0.0000   0.0000   0.0000   0.0000;
125:  0.2080   0.4980   0.7020   0.9030   1.1090   1.3550   1.5680   1.8950   2.1150   2.3480   2.6020   3.1110   3.2430   3.6880   0.0000   0.0000   0.0000   0.0000   0.0000   0.0000   0.0000   0.0000   0.0000;
126:  0.2080   0.4980   0.7030   0.9040   1.1090   1.3560   1.5690   1.8960   2.1160   2.3490   2.6020   3.1110   3.2500   3.6930   0.0000   0.0000   0.0000   0.0000   0.0000   0.0000   0.0000   0.0000   0.0000;
127:  0.2080   0.4990   0.7040   0.9050   1.1100   1.3560   1.5690   1.8970   2.1170   2.3500   2.6030   3.1110   3.2590   3.6990   0.0000   0.0000   0.0000   0.0000   0.0000   0.0000   0.0000   0.0000   0.0000;
128:  0.2080   0.4990   0.7040   0.9060   1.1100   1.3560   1.5700   1.8980   2.1180   2.3510   2.6030   3.1180   3.2690   3.7060   0.0000   0.0000   0.0000   0.0000   0.0000   0.0000   0.0000   0.0000   0.0000;
129:  0.2080   0.5000   0.7050   0.9070   1.1110   1.3570   1.5700   1.8990   2.1190   2.3520   2.6040   3.1220   3.2800   3.7130   0.0000   0.0000   0.0000   0.0000   0.0000   0.0000   0.0000   0.0000   0.0000;
130:  0.2080   0.5000   0.7050   0.9080   1.1110   1.3570   1.5710   1.9000   2.1200   2.3540   2.6040   3.1250   3.2930   3.7210   0.0000   0.0000   0.0000   0.0000   0.0000   0.0000   0.0000   0.0000   0.0000;
131:  0.2080   0.5010   0.7060   0.9090   1.1120   1.3580   1.5710   1.9020   2.1200   2.3550   2.6050   3.1280   3.3070   3.7280   0.0000   0.0000   0.0000   0.0000   0.0000   0.0000   0.0000   0.0000   0.0000;
132:  0.2070   0.5010   0.7070   0.9100   1.1120   1.3580   1.5720   1.9030   2.1210   2.3560   2.6050   3.1310   3.3230   3.7360   0.0000   0.0000   0.0000   0.0000   0.0000   0.0000   0.0000   0.0000   0.0000;
133:  0.2070   0.5020   0.7070   0.9100   1.1130   1.3580   1.5720   1.9040   2.1220   2.3570   2.6060   3.1340   3.3390   3.7430   0.0000   0.0000   0.0000   0.0000   0.0000   0.0000   0.0000   0.0000   0.0000;
134:  0.2070   0.5020   0.7080   0.9110   1.1130   1.3590   1.5730   1.9050   2.1220   2.3580   2.6070   3.1380   3.3560   3.7500   0.0000   0.0000   0.0000   0.0000   0.0000   0.0000   0.0000   0.0000   0.0000;
135:  0.2070   0.5030   0.7080   0.9110   1.1130   1.3590   1.5730   1.9060   2.1230   2.3580   2.6080   3.1410   3.3720   3.7560   0.0000   0.0000   0.0000   0.0000   0.0000   0.0000   0.0000   0.0000   0.0000;
136:  0.2070   0.5040   0.7090   0.9110   1.1130   1.3590   1.5740   1.9070   2.1240   2.3590   2.6090   3.1450   3.3890   3.7610   0.0000   0.0000   0.0000   0.0000   0.0000   0.0000   0.0000   0.0000   0.0000;
137:  0.2070   0.5040   0.7090   0.9120   1.1140   1.3600   1.5740   1.9070   2.1240   2.3600   2.6100   3.1490   3.4050   3.7650   0.0000   0.0000   0.0000   0.0000   0.0000   0.0000   0.0000   0.0000   0.0000;
138:  0.2070   0.5050   0.7100   0.9120   1.1140   1.3600   1.5750   1.9080   2.1240   2.3600   2.6110   3.1520   3.4220   3.7690   0.0000   0.0000   0.0000   0.0000   0.0000   0.0000   0.0000   0.0000   0.0000;
139:  0.2070   0.5050   0.7110   0.9130   1.1140   1.3600   1.5750   1.9080   2.1250   2.3600   2.6120   3.1550   3.4370   3.7710   0.0000   0.0000   0.0000   0.0000   0.0000   0.0000   0.0000   0.0000   0.0000;
140:  0.2070   0.5050   0.7110   0.9130   1.1140   1.3610   1.5750   1.9090   2.1250   2.3610   2.6130   3.1590   3.4510   3.7730   0.0000   0.0000   0.0000   0.0000   0.0000   0.0000   0.0000   0.0000   0.0000;
141:  0.2070   0.5060   0.7110   0.9130   1.1140   1.3610   1.5760   1.9090   2.1250   2.3610   2.6140   3.1620   3.4640   3.7740   0.0000   0.0000   0.0000   0.0000   0.0000   0.0000   0.0000   0.0000   0.0000;
142:  0.2070   0.5060   0.7120   0.9130   1.1140   1.3610   1.5760   1.9090   2.1250   2.3600   2.6150   3.1650   3.4760   3.7750   0.0000   0.0000   0.0000   0.0000   0.0000   0.0000   0.0000   0.0000   0.0000;
143:  0.2070   0.5070   0.7120   0.9130   1.1140   1.3610   1.5760   1.9090   2.1250   2.3600   2.6160   3.1670   3.4860   3.7770   0.0000   0.0000   0.0000   0.0000   0.0000   0.0000   0.0000   0.0000   0.0000;
144:  0.2060   0.5070   0.7130   0.9130   1.1140   1.3610   1.5760   1.9100   2.1260   2.3590   2.6170   3.1700   3.4940   3.7780   0.0000   0.0000   0.0000   0.0000   0.0000   0.0000   0.0000   0.0000   0.0000;
145:  0.2060   0.5070   0.7130   0.9140   1.1140   1.3620   1.5760   1.9100   2.1260   2.3580   2.6180   3.1720   3.5010   3.7790   0.0000   0.0000   0.0000   0.0000   0.0000   0.0000   0.0000   0.0000   0.0000;
146:  0.2060   0.5080   0.7130   0.9140   1.1140   1.3620   1.5760   1.9100   2.1260   2.3570   2.6190   3.1730   3.5060   3.7800   0.0000   0.0000   0.0000   0.0000   0.0000   0.0000   0.0000   0.0000   0.0000;
147:  0.2060   0.5080   0.7130   0.9140   1.1140   1.3620   1.5760   1.9100   2.1260   2.3560   2.6200   3.1740   3.5100   3.7810   0.0000   0.0000   0.0000   0.0000   0.0000   0.0000   0.0000   0.0000   0.0000;
148:  0.2060   0.5090   0.7140   0.9140   1.1150   1.3620   1.5760   1.9100   2.1260   2.3540   2.6220   3.1730   3.5120   3.7820   0.0000   0.0000   0.0000   0.0000   0.0000   0.0000   0.0000   0.0000   0.0000;
149:  0.2060   0.5090   0.7140   0.9140   1.1150   1.3620   1.5760   1.9100   2.1250   2.3530   2.6230   3.1720   3.5140   3.7840   0.0000   0.0000   0.0000   0.0000   0.0000   0.0000   0.0000   0.0000   0.0000;
150:  0.2060   0.5090   0.7140   0.9140   1.1150   1.3620   1.5760   1.9100   2.1250   2.3500   2.6240   3.1720   3.5150   3.7850   0.0000   0.0000   0.0000   0.0000   0.0000   0.0000   0.0000   0.0000   0.0000;
151:  0.2060   0.5090   0.7140   0.9140   1.1150   1.3620   1.5750   1.9110   2.1250   2.3480   2.6250   3.1720   3.5150   3.7870   0.0000   0.0000   0.0000   0.0000   0.0000   0.0000   0.0000   0.0000   0.0000;
152:  0.2060   0.5090   0.7140   0.9150   1.1150   1.3620   1.5750   1.9110   2.1250   2.3450   2.6260   3.1710   3.5140   3.7890   0.0000   0.0000   0.0000   0.0000   0.0000   0.0000   0.0000   0.0000   0.0000;
153:  0.2050   0.5100   0.7150   0.9150   1.1150   1.3620   1.5750   1.9110   2.1250   2.3430   2.6270   3.1710   3.5140   3.7900   0.0000   0.0000   0.0000   0.0000   0.0000   0.0000   0.0000   0.0000   0.0000;
154:  0.2050   0.5100   0.7150   0.9150   1.1150   1.3630   1.5740   1.9110   2.1240   2.3400   2.6290   3.1720   3.5140   3.7930   3.9250   0.0000   0.0000   0.0000   0.0000   0.0000   0.0000   0.0000   0.0000;
155:  0.2050   0.5100   0.7150   0.9150   1.1150   1.3630   1.5740   1.9120   2.1240   2.3380   2.6300   3.1720   3.5150   3.7950   3.9250   0.0000   0.0000   0.0000   0.0000   0.0000   0.0000   0.0000   0.0000;
156:  0.2050   0.5100   0.7150   0.9150   1.1160   1.3630   1.5730   1.9120   2.1230   2.3360   2.6310   3.1730   3.5160   3.7960   3.9240   0.0000   0.0000   0.0000   0.0000   0.0000   0.0000   0.0000   0.0000;
157:  0.2050   0.5100   0.7150   0.9150   1.1160   1.3630   1.5730   1.9130   2.1220   2.3340   2.6320   3.1740   3.5180   3.7980   3.9230   0.0000   0.0000   0.0000   0.0000   0.0000   0.0000   0.0000   0.0000;
158:  0.2050   0.5100   0.7150   0.9150   1.1160   1.3630   1.5720   1.9130   2.1210   2.3320   2.6330   3.1740   3.5200   3.8000   3.9220   0.0000   0.0000   0.0000   0.0000   0.0000   0.0000   0.0000   0.0000;
159:  0.2050   0.5100   0.7150   0.9150   1.1160   1.3640   1.5710   1.9130   2.1200   2.3300   2.6340   3.1750   3.5230   3.8010   3.9200   0.0000   0.0000   0.0000   0.0000   0.0000   0.0000   0.0000   0.0000;
160:  0.2050   0.5100   0.7140   0.9160   1.1160   1.3640   1.5700   1.9140   2.1180   2.3280   2.6350   3.1750   3.5270   3.8010   3.9180   0.0000   0.0000   0.0000   0.0000   0.0000   0.0000   0.0000   0.0000;
161:  0.2050   0.5100   0.7140   0.9150   1.1160   1.3640   1.5690   1.9140   2.1170   2.3280   2.6360   3.1770   3.5310   3.8020   3.9160   0.0000   0.0000   0.0000   0.0000   0.0000   0.0000   0.0000   0.0000;
162:  0.2050   0.5100   0.7140   0.9150   1.1160   1.3650   1.5680   1.9140   2.1150   2.3270   2.6370   3.1780   3.5360   3.8020   3.9140   0.0000   0.0000   0.0000   0.0000   0.0000   0.0000   0.0000   0.0000;
163:  0.2050   0.5100   0.7140   0.9150   1.1160   1.3650   1.5670   1.9140   2.1140   2.3270   2.6380   3.1800   3.5420   3.8010   3.9110   0.0000   0.0000   0.0000   0.0000   0.0000   0.0000   0.0000   0.0000;
164:  0.2050   0.5100   0.7140   0.9150   1.1160   1.3650   1.5670   1.9130   2.1120   2.3260   2.6390   3.1820   3.5470   3.8010   3.9080   0.0000   0.0000   0.0000   0.0000   0.0000   0.0000   0.0000   0.0000;
165:  0.2050   0.5100   0.7140   0.9150   1.1160   1.3660   1.5660   1.9130   2.1110   2.3260   2.6390   3.1840   3.5530   3.8000   3.9050   0.0000   0.0000   0.0000   0.0000   0.0000   0.0000   0.0000   0.0000;
166:  0.2050   0.5100   0.7130   0.9150   1.1160   1.3660   1.5650   1.9140   2.1090   2.3260   2.6400   3.1860   3.5590   3.7980   3.9020   0.0000   0.0000   0.0000   0.0000   0.0000   0.0000   0.0000   0.0000;
167:  0.2050   0.5090   0.7130   0.9150   1.1160   1.3660   1.5650   1.9140   2.1080   2.3270   2.6410   3.1880   3.5650   3.7960   3.8990   0.0000   0.0000   0.0000   0.0000   0.0000   0.0000   0.0000   0.0000;
168:  0.2040   0.5090   0.7130   0.9150   1.1160   1.3660   1.5640   1.9130   2.1070   2.3270   2.6410   3.1910   3.5700   3.7930   3.8950   0.0000   0.0000   0.0000   0.0000   0.0000   0.0000   0.0000   0.0000;
169:  0.2040   0.5090   0.7130   0.9140   1.1160   1.3660   1.5640   1.9120   2.1060   2.3280   2.6420   3.1920   3.5760   3.7900   3.8920   0.0000   0.0000   0.0000   0.0000   0.0000   0.0000   0.0000   0.0000;
170:  0.2040   0.5090   0.7130   0.9140   1.1150   1.3660   1.5640   1.9120   2.1060   2.3290   2.6420   3.1920   3.5800   3.7870   3.8890   0.0000   0.0000   0.0000   0.0000   0.0000   0.0000   0.0000   0.0000;
171:  0.2040   0.5090   0.7120   0.9140   1.1150   1.3650   1.5640   1.9110   2.1060   2.3300   2.6430   3.1920   3.5840   3.7830   3.8860   0.0000   0.0000   0.0000   0.0000   0.0000   0.0000   0.0000   0.0000;
172:  0.2040   0.5080   0.7120   0.9130   1.1150   1.3650   1.5650   1.9100   2.1060   2.3320   2.6430   3.1910   3.5860   3.7790   3.8830   0.0000   0.0000   0.0000   0.0000   0.0000   0.0000   0.0000   0.0000;
173:  0.2040   0.5080   0.7120   0.9130   1.1140   1.3640   1.5650   1.9090   2.1060   2.3330   2.6430   3.1910   3.5890   3.7750   3.8810   0.0000   0.0000   0.0000   0.0000   0.0000   0.0000   0.0000   0.0000;
174:  0.2040   0.5080   0.7110   0.9120   1.1130   1.3640   1.5650   1.9080   2.1070   2.3350   2.6430   3.1900   3.5900   3.7710   3.8790   0.0000   0.0000   0.0000   0.0000   0.0000   0.0000   0.0000   0.0000;
175:  0.2040   0.5080   0.7110   0.9120   1.1130   1.3630   1.5660   1.9070   2.1070   2.3360   2.6430   3.1890   3.5900   3.7680   3.8770   0.0000   0.0000   0.0000   0.0000   0.0000   0.0000   0.0000   0.0000;
176:  0.2040   0.5070   0.7110   0.9110   1.1130   1.3620   1.5670   1.9060   2.1080   2.3370   2.6430   3.1880   3.5890   3.7640   3.8750   0.0000   0.0000   0.0000   0.0000   0.0000   0.0000   0.0000   0.0000;
177:  0.2040   0.5070   0.7110   0.9110   1.1120   1.3620   1.5690   1.9040   2.1090   2.3390   2.6430   3.1860   3.5880   3.7610   3.8730   0.0000   0.0000   0.0000   0.0000   0.0000   0.0000   0.0000   0.0000;
178:  0.2040   0.5070   0.7100   0.9110   1.1120   1.3610   1.5700   1.9020   2.1090   2.3400   2.6420   3.1840   3.5860   3.7580   3.8720   0.0000   0.0000   0.0000   0.0000   0.0000   0.0000   0.0000   0.0000;
179:  0.2040   0.5060   0.7100   0.9100   1.1120   1.3610   1.5710   1.9000   2.1090   2.3410   2.6420   3.1840   3.5840   3.7560   3.8700   0.0000   0.0000   0.0000   0.0000   0.0000   0.0000   0.0000   0.0000;
180:  0.2040   0.5060   0.7100   0.9090   1.1110   1.3600   1.5720   1.8980   2.1100   2.3430   2.6420   3.1820   3.5800   3.7550   3.8690   0.0000   0.0000   0.0000   0.0000   0.0000   0.0000   0.0000   0.0000;
181:  0.2040   0.5050   0.7090   0.9090   1.1110   1.3600   1.5740   1.8960   2.1100   2.3430   2.6410   3.1800   3.5760   3.7530   3.8680   0.0000   0.0000   0.0000   0.0000   0.0000   0.0000   0.0000   0.0000;
182:  0.2040   0.5050   0.7090   0.9080   1.1100   1.3590   1.5750   1.8930   2.1100   2.3440   2.6400   3.1770   3.5710   3.7530   3.8670   4.0720   0.0000   0.0000   0.0000   0.0000   0.0000   0.0000   0.0000;
183:  0.2040   0.5050   0.7090   0.9070   1.1100   1.3590   1.5760   1.8910   2.1100   2.3460   2.6390   3.1740   3.5660   3.7520   3.8660   4.0710   0.0000   0.0000   0.0000   0.0000   0.0000   0.0000   0.0000;
184:  0.2040   0.5040   0.7080   0.9070   1.1100   1.3580   1.5770   1.8880   2.1100   2.3470   2.6380   3.1700   3.5610   3.7520   3.8650   4.0700   0.0000   0.0000   0.0000   0.0000   0.0000   0.0000   0.0000;
185:  0.2040   0.5040   0.7080   0.9060   1.1090   1.3580   1.5780   1.8850   2.1100   2.3480   2.6370   3.1650   3.5550   3.7530   3.8630   0.0000   0.0000   0.0000   0.0000   0.0000   0.0000   0.0000   0.0000;
186:  0.2040   0.5040   0.7080   0.9060   1.1090   1.3580   1.5780   1.8820   2.1090   2.3490   2.6360   3.1610   3.5480   3.7530   3.8610   0.0000   0.0000   0.0000   0.0000   0.0000   0.0000   0.0000   0.0000;
187:  0.2040   0.5030   0.7070   0.9050   1.1090   1.3580   1.5790   1.8790   2.1070   2.3490   2.6350   3.1550   3.5410   3.7530   3.8610   0.0000   0.0000   0.0000   0.0000   0.0000   0.0000   0.0000   0.0000;
188:  0.2040   0.5030   0.7070   0.9050   1.1080   1.3580   1.5790   1.8770   2.1050   2.3490   2.6330   3.1500   3.5350   3.7530   3.8590   0.0000   0.0000   0.0000   0.0000   0.0000   0.0000   0.0000   0.0000;
189:  0.2040   0.5020   0.7060   0.9040   1.1080   1.3580   1.5790   1.8740   2.1030   2.3480   2.6320   3.1450   3.5280   3.7530   3.8580   0.0000   0.0000   0.0000   0.0000   0.0000   0.0000   0.0000   0.0000;
190:  0.2040   0.5020   0.7060   0.9040   1.1070   1.3580   1.5790   1.8720   2.1010   2.3470   2.6300   3.1390   3.5210   3.7530   3.8570   0.0000   0.0000   0.0000   0.0000   0.0000   0.0000   0.0000   0.0000;
191:  0.2040   0.5010   0.7060   0.9040   1.1070   1.3590   1.5790   1.8700   2.0980   2.3460   2.6280   3.1330   3.5140   3.7530   3.8560   0.0000   0.0000   0.0000   0.0000   0.0000   0.0000   0.0000   0.0000;
192:  0.2050   0.5010   0.7050   0.9030   1.1060   1.3590   1.5780   1.8680   2.0950   2.3440   2.6260   3.1270   3.5070   3.7510   3.8540   0.0000   0.0000   0.0000   0.0000   0.0000   0.0000   0.0000   0.0000;
193:  0.2050   0.5010   0.7050   0.9030   1.1060   1.3590   1.5780   1.8660   2.0920   2.3420   2.6240   3.1190   3.5010   3.7500   3.8530   0.0000   0.0000   0.0000   0.0000   0.0000   0.0000   0.0000   0.0000;
194:  0.2050   0.5000   0.7040   0.9030   1.1050   1.3590   1.5780   1.8650   2.0890   2.3390   2.6220   3.1120   3.4940   3.7480   3.8510   0.0000   0.0000   0.0000   0.0000   0.0000   0.0000   0.0000   0.0000;
195:  0.2050   0.5000   0.7040   0.9020   1.1040   1.3590   1.5760   1.8640   2.0870   2.3360   2.6200   3.1050   3.4880   3.7450   3.8490   0.0000   0.0000   0.0000   0.0000   0.0000   0.0000   0.0000   0.0000;
196:  0.2050   0.4990   0.7030   0.9020   1.1030   1.3590   1.5760   1.8630   2.0840   2.3330   2.6180   3.0980   3.4810   3.7420   3.8470   0.0000   0.0000   0.0000   0.0000   0.0000   0.0000   0.0000   0.0000;
197:  0.2050   0.4990   0.7030   0.9020   1.1020   1.3590   1.5750   1.8630   2.0820   2.3290   2.6150   3.0910   3.4750   3.7380   3.8450   0.0000   0.0000   0.0000   0.0000   0.0000   0.0000   0.0000   0.0000;
198:  0.2050   0.4990   0.7020   0.9010   1.1010   1.3590   1.5730   1.8630   2.0800   2.3260   2.6130   3.0840   3.4690   3.7340   3.8440   0.0000   0.0000   0.0000   0.0000   0.0000   0.0000   0.0000   0.0000;
199:  0.2050   0.4980   0.7020   0.9010   1.1000   1.3590   1.5720   1.8630   2.0790   2.3220   2.6100   3.0770   3.4630   3.7290   3.8420   0.0000   0.0000   0.0000   0.0000   0.0000   0.0000   0.0000   0.0000;
200:  0.2050   0.4980   0.7010   0.9010   1.0990   1.3590   1.5710   1.8630   2.0770   2.3190   2.6070   3.0710   3.4570   3.7240   3.8400   0.0000   0.0000   0.0000   0.0000   0.0000   0.0000   0.0000   0.0000;
201:  0.2050   0.4980   0.7000   0.9010   1.0980   1.3580   1.5700   1.8630   2.0760   2.3160   2.6040   3.0660   3.4520   3.7180   3.8370   0.0000   0.0000   0.0000   0.0000   0.0000   0.0000   0.0000   0.0000;
202:  0.2050   0.4970   0.7000   0.9000   1.0970   1.3580   1.5690   1.8630   2.0750   2.3130   2.6010   3.0620   3.4470   3.7130   3.8340   0.0000   0.0000   0.0000   0.0000   0.0000   0.0000   0.0000   0.0000;
203:  0.2050   0.4970   0.6990   0.9000   1.0960   1.3580   1.5680   1.8630   2.0740   2.3100   2.5980   3.0580   3.4430   3.7070   3.8310   0.0000   0.0000   0.0000   0.0000   0.0000   0.0000   0.0000   0.0000;
204:  0.2060   0.4970   0.6990   0.8990   1.0950   1.3580   1.5670   1.8630   2.0730   2.3080   2.5950   3.0550   3.4380   3.7020   3.8280   0.0000   0.0000   0.0000   0.0000   0.0000   0.0000   0.0000   0.0000;
205:  0.2060   0.4960   0.6980   0.8990   1.0930   1.3580   1.5650   1.8630   2.0720   2.3050   2.5920   3.0510   3.4340   3.6960   3.8240   0.0000   0.0000   0.0000   0.0000   0.0000   0.0000   0.0000   0.0000;
206:  0.2060   0.4960   0.6970   0.8990   1.0920   1.3580   1.5640   1.8630   2.0710   2.3030   2.5890   3.0480   3.4310   3.6910   3.8210   4.0400   0.0000   0.0000   0.0000   0.0000   0.0000   0.0000   0.0000;
207:  0.2060   0.4960   0.6970   0.8980   1.0910   1.3580   1.5630   1.8630   2.0710   2.3010   2.5850   3.0450   3.4280   3.6860   3.8170   4.0350   0.0000   0.0000   0.0000   0.0000   0.0000   0.0000   0.0000;
208:  0.2060   0.4960   0.6960   0.8970   1.0900   1.3580   1.5620   1.8620   2.0710   2.2990   2.5820   3.0420   3.4250   3.6820   3.8130   4.0300   0.0000   0.0000   0.0000   0.0000   0.0000   0.0000   0.0000;
209:  0.2060   0.4960   0.6950   0.8960   1.0890   1.3580   1.5600   1.8620   2.0700   2.2970   2.5780   3.0380   3.4230   3.6800   3.8090   4.0230   0.0000   0.0000   0.0000   0.0000   0.0000   0.0000   0.0000;
210:  0.2070   0.4950   0.6950   0.8960   1.0870   1.3580   1.5590   1.8610   2.0700   2.2950   2.5740   3.0340   3.4200   3.6780   3.8040   4.0170   0.0000   0.0000   0.0000   0.0000   0.0000   0.0000   0.0000;
211:  0.2070   0.4950   0.6940   0.8950   1.0860   1.3570   1.5580   1.8600   2.0690   2.2930   2.5710   3.0300   3.4180   3.6770   3.8000   4.0090   0.0000   0.0000   0.0000   0.0000   0.0000   0.0000   0.0000;
212:  0.2070   0.4950   0.6930   0.8940   1.0850   1.3570   1.5570   1.8590   2.0690   2.2910   2.5670   3.0270   3.4150   3.6780   3.7960   4.0010   0.0000   0.0000   0.0000   0.0000   0.0000   0.0000   0.0000;
213:  0.2070   0.4950   0.6930   0.8930   1.0840   1.3560   1.5560   1.8580   2.0680   2.2900   2.5630   3.0240   3.4120   3.6790   3.7920   3.9920   0.0000   0.0000   0.0000   0.0000   0.0000   0.0000   0.0000;
214:  0.2070   0.4950   0.6920   0.8920   1.0830   1.3560   1.5550   1.8560   2.0670   2.2880   2.5590   3.0210   3.4100   3.6820   3.7880   3.9830   0.0000   0.0000   0.0000   0.0000   0.0000   0.0000   0.0000;
215:  0.2070   0.4950   0.6910   0.8910   1.0820   1.3550   1.5530   1.8540   2.0660   2.2860   2.5550   3.0190   3.4080   3.6860   3.7850   3.9740   0.0000   0.0000   0.0000   0.0000   0.0000   0.0000   0.0000;
216:  0.2070   0.4940   0.6910   0.8900   1.0810   1.3540   1.5510   1.8530   2.0640   2.2840   2.5510   3.0170   3.4060   3.6910   3.7820   3.9650   0.0000   0.0000   0.0000   0.0000   0.0000   0.0000   0.0000;
217:  0.2080   0.4940   0.6900   0.8890   1.0800   1.3530   1.5500   1.8510   2.0630   2.2820   2.5470   3.0150   3.4050   0.0000   0.0000   0.0000   0.0000   0.0000   0.0000   0.0000   0.0000   0.0000   0.0000;
218:  0.2080   0.4940   0.6890   0.8890   1.0790   1.3520   1.5490   1.8490   2.0610   2.2800   2.5430   3.0130   3.4040   0.0000   0.0000   0.0000   0.0000   0.0000   0.0000   0.0000   0.0000   0.0000   0.0000;
219:  0.2080   0.4940   0.6890   0.8880   1.0780   1.3510   1.5470   1.8470   2.0580   2.2770   2.5390   3.0100   3.4040   0.0000   0.0000   0.0000   0.0000   0.0000   0.0000   0.0000   0.0000   0.0000   0.0000;
220:  0.2080   0.4940   0.6880   0.8870   1.0770   1.3500   1.5460   1.8450   2.0560   2.2740   2.5350   3.0070   3.4040   0.0000   0.0000   0.0000   0.0000   0.0000   0.0000   0.0000   0.0000   0.0000   0.0000;
221:  0.2080   0.4940   0.6880   0.8860   1.0760   1.3480   1.5440   1.8430   2.0540   2.2710   2.5310   3.0050   3.4040   0.0000   0.0000   0.0000   0.0000   0.0000   0.0000   0.0000   0.0000   0.0000   0.0000;
222:  0.2090   0.4940   0.6870   0.8850   1.0760   1.3470   1.5420   1.8410   2.0510   2.2680   2.5270   3.0030   3.4050   0.0000   0.0000   0.0000   0.0000   0.0000   0.0000   0.0000   0.0000   0.0000   0.0000;
223:  0.2090   0.4930   0.6870   0.8840   1.0750   1.3450   1.5410   1.8390   2.0480   2.2650   2.5230   3.0010   3.4050   0.0000   0.0000   0.0000   0.0000   0.0000   0.0000   0.0000   0.0000   0.0000   0.0000;
224:  0.2090   0.4930   0.6860   0.8830   1.0750   1.3430   1.5390   1.8380   2.0460   2.2620   2.5190   2.9990   3.4050   0.0000   0.0000   0.0000   0.0000   0.0000   0.0000   0.0000   0.0000   0.0000   0.0000;
225:  0.2090   0.4930   0.6860   0.8820   1.0740   1.3410   1.5370   1.8360   2.0440   2.2580   2.5150   2.9980   3.4050   0.0000   0.0000   0.0000   0.0000   0.0000   0.0000   0.0000   0.0000   0.0000   0.0000;
226:  0.2090   0.4930   0.6850   0.8810   1.0740   1.3390   1.5350   1.8340   2.0410   2.2550   2.5110   2.9960   3.4040   0.0000   0.0000   0.0000   0.0000   0.0000   0.0000   0.0000   0.0000   0.0000   0.0000;
227:  0.2090   0.4930   0.6850   0.8800   1.0730   1.3360   1.5330   1.8330   2.0380   2.2510   2.5070   2.9950   3.4030   0.0000   0.0000   0.0000   0.0000   0.0000   0.0000   0.0000   0.0000   0.0000   0.0000;
228:  0.2100   0.4930   0.6840   0.8790   1.0730   1.3340   1.5310   1.8310   2.0360   2.2470   2.5030   2.9930   3.4100   0.0000   0.0000   0.0000   0.0000   0.0000   0.0000   0.0000   0.0000   0.0000   0.0000;
229:  0.2100   0.4930   0.6840   0.8780   1.0720   1.3320   1.5290   1.8300   2.0330   2.2440   2.4990   2.9910   3.4100   0.0000   0.0000   0.0000   0.0000   0.0000   0.0000   0.0000   0.0000   0.0000   0.0000;
230:  0.2100   0.4920   0.6840   0.8770   1.0720   1.3290   1.5270   1.8280   2.0310   2.2400   2.4950   2.9890   3.3780   0.0000   0.0000   0.0000   0.0000   0.0000   0.0000   0.0000   0.0000   0.0000   0.0000;
231:  0.2100   0.4920   0.6830   0.8770   1.0720   1.3270   1.5250   1.8260   2.0280   2.2360   2.4910   2.9860   3.3780   0.0000   0.0000   0.0000   0.0000   0.0000   0.0000   0.0000   0.0000   0.0000   0.0000;
232:  0.2100   0.4920   0.6830   0.8760   1.0710   1.3250   1.5240   1.8240   2.0260   2.2330   2.4870   2.9820   3.3820   0.0000   0.0000   0.0000   0.0000   0.0000   0.0000   0.0000   0.0000   0.0000   0.0000;
233:  0.2110   0.4920   0.6820   0.8750   1.0710   1.3230   1.5220   1.8230   2.0230   2.2290   2.4840   2.9770   3.3840   0.0000   0.0000   0.0000   0.0000   0.0000   0.0000   0.0000   0.0000   0.0000   0.0000;
234:  0.2110   0.4920   0.6820   0.8740   1.0710   1.3210   1.5200   1.8210   2.0210   2.2250   2.4800   2.9710   3.3840   0.0000   0.0000   0.0000   0.0000   0.0000   0.0000   0.0000   0.0000   0.0000   0.0000;
235:  0.2110   0.4910   0.6820   0.8730   1.0710   1.3180   1.5190   1.8200   2.0180   2.2220   2.4760   2.9640   3.3610   0.0000   0.0000   0.0000   0.0000   0.0000   0.0000   0.0000   0.0000   0.0000   0.0000;
236:  0.2110   0.4910   0.6820   0.8730   1.0700   1.3160   1.5170   1.8180   2.0160   2.2200   2.4730   2.9570   3.3610   0.0000   0.0000   0.0000   0.0000   0.0000   0.0000   0.0000   0.0000   0.0000   0.0000;
237:  0.2110   0.4910   0.6810   0.8720   1.0700   1.3150   1.5160   1.8160   2.0140   2.2170   2.4690   2.9490   3.3570   0.0000   0.0000   0.0000   0.0000   0.0000   0.0000   0.0000   0.0000   0.0000   0.0000;
238:  0.2110   0.4910   0.6810   0.8710   1.0700   1.3130   1.5140   1.8150   2.0110   2.2150   2.4660   2.9420   3.3440   0.0000   0.0000   0.0000   0.0000   0.0000   0.0000   0.0000   0.0000   0.0000   0.0000;
239:  0.2120   0.4910   0.6810   0.8700   1.0690   1.3110   1.5130   1.8130   2.0090   2.2130   2.4630   2.9350   3.3340   0.0000   0.0000   0.0000   0.0000   0.0000   0.0000   0.0000   0.0000   0.0000   0.0000;
240:  0.2120   0.4910   0.6800   0.8700   1.0690   1.3100   1.5110   1.8110   2.0070   2.2110   2.4600   2.9280   3.3350   0.0000   0.0000   0.0000   0.0000   0.0000   0.0000   0.0000   0.0000   0.0000   0.0000;
241:  0.2120   0.4910   0.6800   0.8690   1.0680   1.3090   1.5100   1.8100   2.0050   2.2090   2.4570   2.9200   3.3350   0.0000   0.0000   0.0000   0.0000   0.0000   0.0000   0.0000   0.0000   0.0000   0.0000;
242:  0.2120   0.4900   0.6800   0.8690   1.0670   1.3070   1.5090   1.8080   2.0030   2.2070   2.4540   2.9130   3.3350   0.0000   0.0000   0.0000   0.0000   0.0000   0.0000   0.0000   0.0000   0.0000   0.0000;
243:  0.2120   0.4900   0.6800   0.8690   1.0670   1.3060   1.5070   1.8070   2.0020   2.2060   2.4510   2.9070   3.3460   0.0000   0.0000   0.0000   0.0000   0.0000   0.0000   0.0000   0.0000   0.0000   0.0000;
244:  0.2120   0.4900   0.6800   0.8680   1.0670   1.3050   1.5060   1.8050   2.0000   2.2050   2.4480   2.9000   3.3460   0.0000   0.0000   0.0000   0.0000   0.0000   0.0000   0.0000   0.0000   0.0000   0.0000;
245:  0.2120   0.4900   0.6800   0.8680   1.0660   1.3040   1.5050   1.8030   1.9990   2.2040   2.4460   2.8950   3.3220   0.0000   0.0000   0.0000   0.0000   0.0000   0.0000   0.0000   0.0000   0.0000   0.0000;
246:  0.2130   0.4900   0.6790   0.8670   1.0660   1.3040   1.5040   1.8020   1.9970   2.2040   2.4440   2.8900   3.3220   0.0000   0.0000   0.0000   0.0000   0.0000   0.0000   0.0000   0.0000   0.0000   0.0000;
247:  0.2130   0.4900   0.6790   0.8670   1.0650   1.3030   1.5040   1.8000   1.9960   2.2040   2.4410   2.8850   3.2890   0.0000   0.0000   0.0000   0.0000   0.0000   0.0000   0.0000   0.0000   0.0000   0.0000;
248:  0.2130   0.4900   0.6790   0.8670   1.0650   1.3020   1.5030   1.7990   1.9950   2.2030   2.4390   2.8810   3.3270   0.0000   0.0000   0.0000   0.0000   0.0000   0.0000   0.0000   0.0000   0.0000   0.0000;
249:  0.2130   0.4890   0.6790   0.8670   1.0650   1.3010   1.5030   1.7980   1.9950   2.2020   2.4370   2.8780   3.2900   0.0000   0.0000   0.0000   0.0000   0.0000   0.0000   0.0000   0.0000   0.0000   0.0000;
250:  0.2130   0.4890   0.6790   0.8670   1.0650   1.3000   1.5020   1.7960   1.9950   2.2020   2.4350   2.8750   3.2900   0.0000   0.0000   0.0000   0.0000   0.0000   0.0000   0.0000   0.0000   0.0000   0.0000;
251:  0.2130   0.4890   0.6790   0.8670   1.0650   1.2990   1.5020   1.7950   1.9940   2.2020   2.4340   2.8730   3.2890   0.0000   0.0000   0.0000   0.0000   0.0000   0.0000   0.0000   0.0000   0.0000   0.0000;
252:  0.2130   0.4890   0.6780   0.8660   1.0640   1.2980   1.5020   1.7940   1.9940   2.2010   2.4320   2.8710   3.2650   0.0000   0.0000   0.0000   0.0000   0.0000   0.0000   0.0000   0.0000   0.0000   0.0000;
253:  0.2130   0.4890   0.6780   0.8660   1.0640   1.2970   1.5020   1.7940   1.9940   2.2010   2.4310   2.8700   3.2460   0.0000   0.0000   0.0000   0.0000   0.0000   0.0000   0.0000   0.0000   0.0000   0.0000;
254:  0.2130   0.4890   0.6780   0.8660   1.0640   1.2970   1.5020   1.7930   1.9950   2.2010   2.4290   2.8690   3.2440   0.0000   0.0000   0.0000   0.0000   0.0000   0.0000   0.0000   0.0000   0.0000   0.0000;
255:  0.2130   0.4890   0.6780   0.8660   1.0640   1.2960   1.5020   1.7920   1.9950   2.2010   2.4280   2.8690   3.2170   0.0000   0.0000   0.0000   0.0000   0.0000   0.0000   0.0000   0.0000   0.0000   0.0000;
256:  0.2140   0.4890   0.6780   0.8660   1.0640   1.2960   1.5020   1.7910   1.9950   2.2010   2.4270   2.8680   3.2150   0.0000   0.0000   0.0000   0.0000   0.0000   0.0000   0.0000   0.0000   0.0000   0.0000;
257:  0.2140   0.4890   0.6780   0.8660   1.0640   1.2950   1.5020   1.7910   1.9960   2.2000   2.4270   2.8680   3.2130   0.0000   0.0000   0.0000   0.0000   0.0000   0.0000   0.0000   0.0000   0.0000   0.0000;
258:  0.2140   0.4890   0.6780   0.8670   1.0640   1.2950   1.5020   1.7900   1.9960   2.2000   2.4260   2.8690   3.2120   0.0000   0.0000   0.0000   0.0000   0.0000   0.0000   0.0000   0.0000   0.0000   0.0000;
259:  0.2140   0.4890   0.6780   0.8670   1.0640   1.2950   1.5030   1.7900   1.9970   2.2000   2.4250   2.8690   3.2120   0.0000   0.0000   0.0000   0.0000   0.0000   0.0000   0.0000   0.0000   0.0000   0.0000;
260:  0.2140   0.4890   0.6780   0.8670   1.0640   1.2950   1.5030   1.7890   1.9970   2.2010   2.4250   2.8690   3.2130   0.0000   0.0000   0.0000   0.0000   0.0000   0.0000   0.0000   0.0000   0.0000   0.0000;
261:  0.2140   0.4890   0.6780   0.8670   1.0640   1.2950   1.5040   1.7890   1.9980   2.2020   2.4250   2.8680   3.2150   0.0000   0.0000   0.0000   0.0000   0.0000   0.0000   0.0000   0.0000   0.0000   0.0000;
262:  0.2140   0.4890   0.6780   0.8670   1.0650   1.2950   1.5040   1.7890   1.9990   2.2020   2.4250   2.8670   3.2180   0.0000   0.0000   0.0000   0.0000   0.0000   0.0000   0.0000   0.0000   0.0000   0.0000;
263:  0.2140   0.4890   0.6780   0.8670   1.0650   1.2960   1.5040   1.7890   1.9990   2.2030   2.4250   2.8660   3.2220   0.0000   0.0000   0.0000   0.0000   0.0000   0.0000   0.0000   0.0000   0.0000   0.0000;
264:  0.2140   0.4890   0.6780   0.8680   1.0650   1.2960   1.5040   1.7900   2.0000   2.2040   2.4260   2.8650   3.2260   0.0000   0.0000   0.0000   0.0000   0.0000   0.0000   0.0000   0.0000   0.0000   0.0000;
265:  0.2140   0.4890   0.6780   0.8680   1.0650   1.2960   1.5040   1.7900   2.0000   2.2040   2.4260   2.8660   3.2310   0.0000   0.0000   0.0000   0.0000   0.0000   0.0000   0.0000   0.0000   0.0000   0.0000;
266:  0.2140   0.4890   0.6780   0.8680   1.0650   1.2970   1.5040   1.7900   2.0010   2.2050   2.4270   2.8660   3.2360   0.0000   0.0000   0.0000   0.0000   0.0000   0.0000   0.0000   0.0000   0.0000   0.0000;
267:  0.2140   0.4890   0.6780   0.8690   1.0650   1.2980   1.5040   1.7910   2.0020   2.2060   2.4280   2.8660   3.2970   0.0000   0.0000   0.0000   0.0000   0.0000   0.0000   0.0000   0.0000   0.0000   0.0000;
268:  0.2140   0.4890   0.6780   0.8690   1.0650   1.2990   1.5040   1.7910   2.0020   2.2070   2.4290   2.8670   3.3000   0.0000   0.0000   0.0000   0.0000   0.0000   0.0000   0.0000   0.0000   0.0000   0.0000;
269:  0.2140   0.4890   0.6780   0.8690   1.0650   1.3000   1.5050   1.7920   2.0030   2.2080   2.4300   2.8670   3.3020   0.0000   0.0000   0.0000   0.0000   0.0000   0.0000   0.0000   0.0000   0.0000   0.0000;
270:  0.2140   0.4890   0.6790   0.8690   1.0650   1.3020   1.5050   1.7930   2.0030   2.2090   2.4310   2.8690   3.3200   0.0000   0.0000   0.0000   0.0000   0.0000   0.0000   0.0000   0.0000   0.0000   0.0000;
271:  0.2140   0.4890   0.6790   0.8690   1.0650   1.3030   1.5050   1.7930   2.0040   2.2100   2.4330   2.8710   3.3200   0.0000   0.0000   0.0000   0.0000   0.0000   0.0000   0.0000   0.0000   0.0000   0.0000;
272:  0.2140   0.4890   0.6790   0.8690   1.0650   1.3040   1.5050   1.7940   2.0050   2.2110   2.4350   2.8730   3.3180   0.0000   0.0000   0.0000   0.0000   0.0000   0.0000   0.0000   0.0000   0.0000   0.0000;
273:  0.2140   0.4900   0.6790   0.8690   1.0650   1.3040   1.5050   1.7940   2.0050   2.2120   2.4360   2.8770   3.3100   0.0000   0.0000   0.0000   0.0000   0.0000   0.0000   0.0000   0.0000   0.0000   0.0000;
274:  0.2140   0.4900   0.6790   0.8690   1.0650   1.3050   1.5050   1.7950   2.0050   2.2130   2.4380   2.8800   3.3120   0.0000   0.0000   0.0000   0.0000   0.0000   0.0000   0.0000   0.0000   0.0000   0.0000;
275:  0.2140   0.4900   0.6800   0.8690   1.0660   1.3060   1.5050   1.7960   2.0060   2.2150   2.4400   2.8840   3.3100   0.0000   0.0000   0.0000   0.0000   0.0000   0.0000   0.0000   0.0000   0.0000   0.0000;
276:  0.2140   0.4900   0.6800   0.8690   1.0660   1.3070   1.5050   1.7970   2.0070   2.2160   2.4430   2.8890   3.3120   0.0000   0.0000   0.0000   0.0000   0.0000   0.0000   0.0000   0.0000   0.0000   0.0000;
277:  0.2140   0.4910   0.6800   0.8700   1.0660   1.3080   1.5060   1.7980   2.0070   2.2180   2.4450   2.8940   3.3160   0.0000   0.0000   0.0000   0.0000   0.0000   0.0000   0.0000   0.0000   0.0000   0.0000;
278:  0.2140   0.4910   0.6800   0.8690   1.0660   1.3090   1.5070   1.7980   2.0080   2.2200   2.4470   2.9020   3.3290   0.0000   0.0000   0.0000   0.0000   0.0000   0.0000   0.0000   0.0000   0.0000   0.0000;
279:  0.2140   0.4910   0.6800   0.8690   1.0670   1.3090   1.5070   1.8000   2.0090   2.2220   2.4500   2.9100   3.3230   0.0000   0.0000   0.0000   0.0000   0.0000   0.0000   0.0000   0.0000   0.0000   0.0000;
280:  0.2140   0.4910   0.6800   0.8690   1.0670   1.3100   1.5070   1.8010   2.0090   2.2230   2.4530   2.9180   3.3480   0.0000   0.0000   0.0000   0.0000   0.0000   0.0000   0.0000   0.0000   0.0000   0.0000;
281:  0.2140   0.4910   0.6810   0.8690   1.0670   1.3110   1.5080   1.8010   2.0100   2.2250   2.4560   2.9270   3.3230   0.0000   0.0000   0.0000   0.0000   0.0000   0.0000   0.0000   0.0000   0.0000   0.0000;
282:  0.2140   0.4920   0.6810   0.8690   1.0670   1.3120   1.5090   1.8020   2.0110   2.2270   2.4590   2.9360   3.3250   0.0000   0.0000   0.0000   0.0000   0.0000   0.0000   0.0000   0.0000   0.0000   0.0000;
283:  0.2140   0.4920   0.6810   0.8690   1.0680   1.3120   1.5100   1.8030   2.0110   2.2290   2.4620   2.9440   3.3270   0.0000   0.0000   0.0000   0.0000   0.0000   0.0000   0.0000   0.0000   0.0000   0.0000;
284:  0.2140   0.4920   0.6820   0.8690   1.0680   1.3130   1.5110   1.8040   2.0130   2.2310   2.4650   2.9520   3.3280   0.0000   0.0000   0.0000   0.0000   0.0000   0.0000   0.0000   0.0000   0.0000   0.0000;
285:  0.2130   0.4930   0.6820   0.8690   1.0690   1.3140   1.5120   1.8050   2.0130   2.2340   2.4680   2.9580   3.3290   0.0000   0.0000   0.0000   0.0000   0.0000   0.0000   0.0000   0.0000   0.0000   0.0000;
286:  0.2130   0.4930   0.6820   0.8690   1.0690   1.3150   1.5130   1.8070   2.0150   2.2360   2.4720   2.9640   3.3310   0.0000   0.0000   0.0000   0.0000   0.0000   0.0000   0.0000   0.0000   0.0000   0.0000;
287:  0.2130   0.4930   0.6820   0.8690   1.0700   1.3160   1.5130   1.8080   2.0160   2.2390   2.4750   2.9720   3.3310   0.0000   0.0000   0.0000   0.0000   0.0000   0.0000   0.0000   0.0000   0.0000   0.0000;
288:  0.2130   0.4940   0.6830   0.8690   1.0700   1.3160   1.5140   1.8090   2.0170   2.2410   2.4790   2.9780   3.3310   0.0000   0.0000   0.0000   0.0000   0.0000   0.0000   0.0000   0.0000   0.0000   0.0000;
289:  0.2130   0.4940   0.6830   0.8700   1.0700   1.3170   1.5150   1.8110   2.0190   2.2440   2.4820   2.9830   3.3310   0.0000   0.0000   0.0000   0.0000   0.0000   0.0000   0.0000   0.0000   0.0000   0.0000;
290:  0.2130   0.4950   0.6830   0.8700   1.0710   1.3180   1.5160   1.8120   2.0210   2.2460   2.4860   2.9870   3.3310   0.0000   0.0000   0.0000   0.0000   0.0000   0.0000   0.0000   0.0000   0.0000   0.0000;
291:  0.2130   0.4950   0.6840   0.8700   1.0710   1.3190   1.5180   1.8140   2.0230   2.2490   2.4900   2.9920   3.3310   0.0000   0.0000   0.0000   0.0000   0.0000   0.0000   0.0000   0.0000   0.0000   0.0000;
292:  0.2130   0.4950   0.6840   0.8710   1.0710   1.3200   1.5190   1.8160   2.0250   2.2520   2.4940   2.9960   3.3310   3.6010   3.7640   0.0000   0.0000   0.0000   0.0000   0.0000   0.0000   0.0000   0.0000;
293:  0.2130   0.4960   0.6840   0.8710   1.0710   1.3210   1.5200   1.8180   2.0280   2.2540   2.4980   3.0000   3.3300   3.5950   3.7660   3.9710   0.0000   0.0000   0.0000   0.0000   0.0000   0.0000   0.0000;
294:  0.2120   0.4960   0.6850   0.8720   1.0720   1.3220   1.5210   1.8200   2.0310   2.2560   2.5020   3.0030   3.3290   3.5890   3.7670   3.9710   0.0000   0.0000   0.0000   0.0000   0.0000   0.0000   0.0000;
295:  0.2120   0.4960   0.6850   0.8720   1.0720   1.3220   1.5220   1.8220   2.0340   2.2590   2.5050   3.0070   3.3280   3.5840   3.7680   3.9700   0.0000   0.0000   0.0000   0.0000   0.0000   0.0000   0.0000;
296:  0.2120   0.4970   0.6850   0.8730   1.0730   1.3230   1.5230   1.8240   2.0370   2.2610   2.5090   3.0110   3.3270   3.5800   3.7680   3.9700   0.0000   0.0000   0.0000   0.0000   0.0000   0.0000   0.0000;
297:  0.2120   0.4980   0.6860   0.8730   1.0730   1.3240   1.5240   1.8260   2.0400   2.2640   2.5140   3.0130   3.3260   3.5770   3.7690   3.9690   0.0000   0.0000   0.0000   0.0000   0.0000   0.0000   0.0000;
298:  0.2120   0.4980   0.6860   0.8740   1.0740   1.3250   1.5250   1.8290   2.0430   2.2660   2.5180   3.0150   3.3250   3.5750   3.7690   3.9680   0.0000   0.0000   0.0000   0.0000   0.0000   0.0000   0.0000;
299:  0.2120   0.4980   0.6870   0.8740   1.0740   1.3250   1.5250   1.8310   2.0470   2.2690   2.5220   3.0170   3.3250   3.5730   3.7700   3.9680   0.0000   0.0000   0.0000   0.0000   0.0000   0.0000   0.0000;
300:  0.2110   0.4990   0.6870   0.8750   1.0750   1.3260   1.5260   1.8340   2.0500   2.2720   2.5260   3.0190   3.3260   3.5720   3.7710   3.9680   0.0000   0.0000   0.0000   0.0000   0.0000   0.0000   0.0000;
301:  0.2110   0.4990   0.6880   0.8750   1.0760   1.3270   1.5270   1.8370   2.0540   2.2750   2.5300   3.0210   3.3250   3.5710   3.7730   3.9680   0.0000   0.0000   0.0000   0.0000   0.0000   0.0000   0.0000;
302:  0.2110   0.5000   0.6880   0.8760   1.0760   1.3270   1.5280   1.8390   2.0570   2.2780   2.5340   3.0230   3.3250   3.5710   3.7730   3.9690   0.0000   0.0000   0.0000   0.0000   0.0000   0.0000   0.0000;
303:  0.2110   0.5000   0.6890   0.8760   1.0770   1.3280   1.5290   1.8420   2.0600   2.2810   2.5380   3.0250   3.3250   3.5710   3.7750   3.9700   4.1750   0.0000   0.0000   0.0000   0.0000   0.0000   0.0000;
304:  0.2110   0.5010   0.6890   0.8770   1.0780   1.3290   1.5300   1.8450   2.0640   2.2840   2.5430   3.0270   3.3250   3.5710   3.7760   3.9710   4.1770   0.0000   0.0000   0.0000   0.0000   0.0000   0.0000;
305:  0.2110   0.5010   0.6890   0.8770   1.0790   1.3290   1.5310   1.8480   2.0670   2.2870   2.5470   3.0290   3.3250   3.5720   3.7770   3.9720   4.1780   0.0000   0.0000   0.0000   0.0000   0.0000   0.0000;
306:  0.2110   0.5020   0.6900   0.8780   1.0800   1.3300   1.5330   1.8500   2.0710   2.2910   2.5510   3.0320   3.3250   3.5730   3.7780   3.9740   4.1800   0.0000   0.0000   0.0000   0.0000   0.0000   0.0000;
307:  0.2100   0.5020   0.6900   0.8790   1.0810   1.3300   1.5340   1.8530   2.0740   2.2950   2.5550   3.0340   3.3260   3.5740   3.7800   3.9760   4.1820   0.0000   0.0000   0.0000   0.0000   0.0000   0.0000;
308:  0.2100   0.5030   0.6910   0.8790   1.0820   1.3310   1.5350   1.8560   2.0770   2.2990   2.5590   3.0370   3.3270   3.5750   3.7820   3.9780   4.1860   4.4330   0.0000   0.0000   0.0000   0.0000   0.0000;
309:  0.2100   0.5030   0.6910   0.8800   1.0830   1.3320   1.5360   1.8590   2.0800   2.3030   2.5630   3.0400   3.3280   3.5760   3.7830   3.9810   4.1890   4.4320   0.0000   0.0000   0.0000   0.0000   0.0000;
310:  0.2100   0.5040   0.6920   0.8810   1.0840   1.3330   1.5380   1.8620   2.0830   2.3070   2.5670   3.0430   3.3290   3.5780   3.7840   3.9830   4.1930   4.4320   0.0000   0.0000   0.0000   0.0000   0.0000;
311:  0.2100   0.5040   0.6930   0.8820   1.0850   1.3340   1.5390   1.8640   2.0860   2.3110   2.5710   3.0450   3.3300   3.5790   3.7850   3.9860   4.1970   4.4320   0.0000   0.0000   0.0000   0.0000   0.0000;
312:  0.2100   0.5050   0.6930   0.8830   1.0870   1.3350   1.5410   1.8670   2.0880   2.3150   2.5750   3.0470   3.3320   3.5800   3.7870   3.9900   4.2020   4.4320   0.0000   0.0000   0.0000   0.0000   0.0000;
313:  0.2100   0.5050   0.6940   0.8840   1.0880   1.3360   1.5420   1.8690   2.0910   2.3190   2.5790   3.0480   3.3330   3.5820   3.7890   3.9940   4.2070   4.4330   4.5880   0.0000   0.0000   0.0000   0.0000;
314:  0.2090   0.5060   0.6940   0.8850   1.0890   1.3370   1.5440   1.8710   2.0940   2.3230   2.5830   3.0500   3.3350   3.5830   3.7900   3.9990   4.2120   4.4340   4.5890   0.0000   0.0000   0.0000   0.0000;
315:  0.2090   0.5060   0.6950   0.8850   1.0900   1.3380   1.5460   1.8730   2.0960   2.3270   2.5860   3.0520   3.3360   3.5850   3.7930   4.0040   4.2170   4.4350   4.5910   0.0000   0.0000   0.0000   0.0000;
316:  0.2090   0.5070   0.6950   0.8860   1.0910   1.3390   1.5470   1.8760   2.0990   2.3310   2.5900   3.0540   3.3380   3.5860   3.7950   4.0080   4.2230   4.4360   4.5940   0.0000   0.0000   0.0000   0.0000;
317:  0.2090   0.5070   0.6960   0.8870   1.0920   1.3400   1.5490   1.8780   2.1010   2.3350   2.5940   3.0550   3.3410   3.5870   3.7980   4.0120   4.2280   4.4370   4.5960   0.0000   0.0000   0.0000   0.0000;
318:  0.2090   0.5080   0.6960   0.8880   1.0930   1.3420   1.5500   1.8800   2.1040   2.3380   2.5970   3.0570   3.3430   3.5890   3.8010   4.0160   4.2340   4.4390   4.5980   4.8260   0.0000   0.0000   0.0000;
319:  0.2090   0.5080   0.6970   0.8890   1.0950   1.3430   1.5520   1.8820   2.1060   2.3420   2.6010   3.0580   3.3440   3.5900   3.8040   4.0200   4.2390   4.4410   4.6000   4.8190   0.0000   0.0000   0.0000;
320:  0.2090   0.5090   0.6980   0.8900   1.0960   1.3450   1.5530   1.8850   2.1080   2.3450   2.6040   3.0600   3.3460   3.5920   3.8070   4.0240   4.2450   4.4440   4.6030   4.8120   0.0000   0.0000   0.0000;
321:  0.2090   0.5090   0.6980   0.8910   1.0970   1.3470   1.5550   1.8870   2.1110   2.3480   2.6080   3.0610   3.3480   3.5930   3.8090   4.0270   4.2500   4.4470   4.6060   4.8050   0.0000   0.0000   0.0000;
322:  0.2090   0.5090   0.6990   0.8920   1.0980   1.3480   1.5560   1.8890   2.1130   2.3510   2.6110   3.0620   3.3490   3.5950   3.8120   4.0310   4.2540   4.4500   4.5920   4.8000   4.9730   0.0000   0.0000;
323:  0.2080   0.5100   0.7000   0.8920   1.0990   1.3500   1.5580   1.8910   2.1160   2.3540   2.6140   3.0640   3.3510   3.5960   3.8140   4.0340   4.2580   4.4530   4.5990   4.7950   4.9680   0.0000   0.0000;
324:  0.2080   0.5100   0.7000   0.8930   1.1000   1.3520   1.5590   1.8940   2.1180   2.3570   2.6170   3.0650   3.3530   3.5980   3.8160   4.0360   4.2610   4.4560   4.6120   4.7910   4.9640   0.0000   0.0000;
325:  0.2080   0.5110   0.7010   0.8940   1.1010   1.3530   1.5600   1.8960   2.1210   2.3590   2.6200   3.0660   3.3550   3.5990   3.8170   4.0380   4.2640   4.4590   4.6250   4.7880   4.9610   0.0000   0.0000;
326:  0.2080   0.5110   0.7020   0.8950   1.1030   1.3550   1.5620   1.8980   2.1240   2.3620   2.6230   3.0670   3.3560   3.6000   3.8180   4.0400   4.2670   4.4620   4.6250   4.7850   4.9580   0.0000   0.0000;
327:  0.2080   0.5110   0.7020   0.8960   1.1040   1.3570   1.5640   1.9000   2.1260   2.3640   2.6260   3.0680   3.3570   3.6000   3.8190   4.0400   4.2690   4.4640   4.6250   4.7830   4.9570   0.0000   0.0000;
328:  0.2080   0.5120   0.7030   0.8970   1.1050   1.3590   1.5650   1.9030   2.1280   2.3660   2.6290   3.0690   3.3580   3.6010   3.8200   4.0410   4.2700   4.4660   4.6300   4.7810   4.9570   0.0000   0.0000;
329:  0.2080   0.5120   0.7030   0.8980   1.1060   1.3610   1.5660   1.9050   2.1310   2.3690   2.6310   3.0690   3.3580   3.6010   3.8200   4.0410   4.2700   4.4670   4.6340   4.7800   4.9580   0.0000   0.0000;
330:  0.2080   0.5130   0.7040   0.8990   1.1070   1.3620   1.5680   1.9070   2.1340   2.3710   2.6340   3.0700   3.3590   3.6020   3.8200   4.0400   4.2700   4.4680   4.6390   4.7790   4.9590   0.0000   0.0000;
331:  0.2080   0.5130   0.7050   0.9000   1.1080   1.3640   1.5690   1.9100   2.1360   2.3740   2.6360   3.0720   3.3600   3.6020   3.8190   4.0380   4.2680   4.4680   4.6430   4.7780   4.9610   0.0000   0.0000;
332:  0.2080   0.5130   0.7050   0.9010   1.1090   1.3660   1.5710   1.9120   2.1390   2.3760   2.6390   3.0730   3.3610   3.6020   3.8180   4.0370   4.2660   4.4670   4.6470   4.7780   4.9640   0.0000   0.0000;
333:  0.2070   0.5130   0.7060   0.9020   1.1100   1.3670   1.5730   1.9150   2.1410   2.3790   2.6410   3.0740   3.3620   3.6020   3.8170   4.0340   4.2640   4.4650   4.6520   4.7790   4.9670   0.0000   0.0000;
334:  0.2070   0.5140   0.7070   0.9030   1.1110   1.3690   1.5750   1.9170   2.1440   2.3810   2.6430   3.0740   3.3630   3.6020   3.8150   4.0310   4.2610   4.4630   4.6560   4.7800   4.9700   0.0000   0.0000;
335:  0.2070   0.5140   0.7070   0.9050   1.1120   1.3710   1.5760   1.9190   2.1460   2.3830   2.6450   3.0750   3.3640   3.6020   3.8130   4.0280   4.2580   4.4590   4.6610   4.7810   4.9740   0.0000   0.0000;
336:  0.2070   0.5140   0.7080   0.9050   1.1130   1.3720   1.5780   1.9210   2.1480   2.3860   2.6470   3.0770   3.3650   3.6020   3.8110   4.0250   4.2550   4.4550   4.6650   4.7820   4.9780   0.0000   0.0000;
337:  0.2070   0.5140   0.7080   0.9070   1.1150   1.3740   1.5800   1.9230   2.1510   2.3880   2.6490   3.0780   3.3650   3.6010   3.8090   4.0220   4.2510   4.4510   4.6700   4.7840   4.9830   0.0000   0.0000;
338:  0.2070   0.5140   0.7090   0.9070   1.1160   1.3750   1.5820   1.9250   2.1530   2.3900   2.6510   3.0790   3.3660   3.6010   3.8070   4.0190   4.2470   4.4460   4.6740   4.7850   4.9870   0.0000   0.0000;
339:  0.2070   0.5150   0.7090   0.9080   1.1170   1.3770   1.5840   1.9270   2.1550   2.3930   2.6530   3.0800   3.3670   3.6010   3.8050   4.0160   4.2440   4.4400   4.5460   4.7870   4.9920   0.0000   0.0000;
340:  0.2070   0.5150   0.7100   0.9090   1.1180   1.3780   1.5850   1.9290   2.1570   2.3950   2.6540   3.0820   3.3670   3.6010   3.8030   4.0130   4.2400   4.4350   4.5570   4.7890   4.9980   0.0000   0.0000;
341:  0.2070   0.5150   0.7100   0.9100   1.1190   1.3790   1.5870   1.9310   2.1590   2.3970   2.6560   3.0830   3.3680   3.6010   3.8020   4.0110   4.2350   4.4290   4.5570   4.7920   5.0040   0.0000   0.0000;
342:  0.2070   0.5150   0.7110   0.9110   1.1200   1.3800   1.5880   1.9320   2.1620   2.3990   2.6570   3.0840   3.3690   3.6010   3.8000   4.0080   4.2310   4.4230   4.5570   4.7930   5.0110   0.0000   0.0000;
343:  0.2070   0.5150   0.7110   0.9110   1.1210   1.3810   1.5900   1.9340   2.1640   2.4010   2.6580   3.0850   3.3690   3.6000   3.8000   4.0060   4.2270   4.4180   4.5570   4.7950   5.0200   0.0000   0.0000;
344:  0.2070   0.5150   0.7120   0.9120   1.1220   1.3820   1.5920   1.9350   2.1650   2.4030   2.6600   3.0850   3.3690   3.6010   3.8000   4.0040   4.2230   4.4140   4.5590   4.7970   5.0280   0.0000   0.0000;
345:  0.2070   0.5150   0.7120   0.9130   1.1230   1.3830   1.5930   1.9370   2.1670   2.4050   2.6610   3.0850   3.3700   3.6010   3.8000   4.0020   4.2190   4.4090   4.5610   4.8000   5.0370   0.0000   0.0000;
346:  0.2070   0.5150   0.7130   0.9130   1.1240   1.3840   1.5940   1.9380   2.1690   2.4070   2.6620   3.0860   3.3700   3.6020   3.8000   4.0000   4.2160   4.4050   4.5650   4.8020   5.0460   0.0000   0.0000;
347:  0.2070   0.5150   0.7130   0.9130   1.1240   1.3850   1.5960   1.9400   2.1710   2.4080   2.6630   3.0860   3.3710   3.6030   3.8000   3.9990   4.2120   4.4020   4.5650   4.8050   5.0550   0.0000   0.0000;
348:  0.2060   0.5150   0.7130   0.9140   1.1250   1.3860   1.5970   1.9410   2.1730   2.4100   2.6640   3.0860   3.3720   3.6040   3.8010   3.9980   4.2090   4.3980   4.5800   4.8090   5.0640   0.0000   0.0000;
349:  0.2060   0.5150   0.7140   0.9140   1.1260   1.3870   1.5980   1.9420   2.1740   2.4110   2.6640   3.0860   3.3730   3.6040   3.8010   3.9970   4.2070   4.3960   4.5940   4.8140   5.0730   0.0000   0.0000;
350:  0.2060   0.5140   0.7140   0.9150   1.1270   1.3880   1.5980   1.9440   2.1750   2.4120   2.6650   3.0860   3.3730   3.6050   3.8020   3.9970   4.2050   4.3940   4.6030   4.8190   5.0820   0.0000   0.0000;
351:  0.2060   0.5140   0.7140   0.9150   1.1280   1.3890   1.5990   1.9450   2.1760   2.4130   2.6660   3.0850   3.3730   3.6060   3.8030   3.9970   4.2040   4.3930   4.6030   4.8240   5.0910   0.0000   0.0000;
352:  0.2060   0.5140   0.7150   0.9150   1.1280   1.3890   1.5990   1.9460   2.1780   2.4140   2.6660   3.0850   3.3730   3.6070   3.8040   3.9970   4.2030   4.3920   4.6370   4.8290   5.0990   0.0000   0.0000;
353:  0.2060   0.5140   0.7150   0.9160   1.1290   1.3900   1.5990   1.9480   2.1780   2.4150   2.6670   3.0850   3.3730   3.6080   3.8050   3.9970   4.2030   4.3930   4.6370   4.8360   5.1060   0.0000   0.0000;
354:  0.2060   0.5130   0.7150   0.9160   1.1290   1.3910   1.6000   1.9490   2.1790   2.4160   2.6670   3.0840   3.3720   3.6090   3.8060   3.9980   4.2020   4.3930   4.6370   4.8420   5.1140   0.0000   0.0000;
355:  0.2060   0.5130   0.7150   0.9170   1.1300   1.3910   1.6000   1.9500   2.1800   2.4160   2.6680   3.0830   3.3720   3.6110   3.8080   3.9990   4.2020   4.3930   4.6250   4.8480   5.1210   0.0000   0.0000;
356:  0.2060   0.5130   0.7150   0.9170   1.1310   1.3920   1.6010   1.9520   2.1810   2.4170   2.6680   3.0820   3.3720   3.6120   3.8090   4.0000   4.2020   4.3950   4.6250   4.8530   5.1280   0.0000   0.0000;
357:  0.2060   0.5130   0.7150   0.9180   1.1310   1.3920   1.6010   1.9530   2.1810   2.4180   2.6680   3.0820   3.3710   3.6130   3.8110   4.0020   4.2030   4.3960   4.6450   4.8600   5.1360   0.0000   0.0000;
358:  0.2060   0.5130   0.7150   0.9180   1.1310   1.3930   1.6020   1.9540   2.1820   2.4190   2.6680   3.0810   3.3710   3.6140   3.8120   4.0030   4.2040   4.3980   4.6630   4.8670   5.1450   0.0000   0.0000;
359:  0.2060   0.5120   0.7150   0.9180   1.1310   1.3930   1.6020   1.9550   2.1820   2.4200   2.6680   3.0810   3.3710   3.6150   3.8140   4.0050   4.2060   4.4010   4.6560   4.8730   5.1540   0.0000   0.0000;
#AFTER_DB_V4;
000:  0.2060   0.5120   0.7150   0.9180   1.1320   1.3940   1.6020   1.9550   2.1820   2.4210   2.6690   3.0800   3.3710   3.6160   3.8150   4.0060   4.2080   4.4030   4.6630   4.8800   5.1640  -5.5090  -6.1250;
001:  0.2060   0.5110   0.7150   0.9180   1.1320   1.3940   1.6030   1.9560   2.1820   2.4210   2.6690   3.0800   3.3710   3.6170   3.8170   4.0080   4.2110   4.4060   4.6760   4.8870   5.1750  -5.5210  -6.1250;
002:  0.2060   0.5110   0.7150   0.9190   1.1320   1.3940   1.6030   1.9560   2.1820   2.4220   2.6680   3.0800   3.3710   3.6180   3.8190   4.0100   4.2130   4.4090   4.6780   4.8940   5.1850  -5.5310  -6.1250;
003:  0.2050   0.5110   0.7150   0.9190   1.1320   1.3940   1.6040   1.9570   2.1820   2.4220   2.6680   3.0800   3.3710   3.6180   3.8200   4.0120   4.2170   4.4130   4.6790   4.9020   5.1960  -5.5400  -6.1250;
004:  0.2050   0.5100   0.7150   0.9190   1.1320   1.3940   1.6040   1.9570   2.1820   2.4220   2.6680   3.0810   3.3710   3.6190   3.8220   4.0150   4.2200   4.4160   4.6950   4.9100   5.2070  -5.5480  -6.1250;
005:  0.2050   0.5100   0.7150   0.9190   1.1320   1.3940   1.6040   1.9560   2.1820   2.4230   2.6680   3.0820   3.3700   3.6200   3.8230   4.0170   4.2240   4.4200   4.6950   4.9180   5.2180  -5.5550  -6.1250;
006:  0.2050   0.5100   0.7140   0.9190   1.1320   1.3940   1.6050   1.9560   2.1830   2.4230   2.6680   3.0820   3.3700   3.6200   3.8250   4.0200   4.2280   4.4240   4.6950   4.9270   5.2290  -5.5610  -6.1250;
007:  0.2050   0.5090   0.7140   0.9190   1.1320   1.3930   1.6050   1.9560   2.1820   2.4230   2.6670   3.0820   3.3690   3.6200   3.8270   4.0220   4.2330   4.4280   4.6900   4.9360   5.2390  -5.5660  -6.1250;
008:  0.2050   0.5090   0.7140   0.9190   1.1310   1.3930   1.6050   1.9550   2.1820   2.4240   2.6670   3.0830   3.3690   3.6200   3.8280   4.0250   4.2380   4.4320   4.6930   4.9450   5.2500  -5.5710  -6.1250;
009:  0.2050   0.5090   0.7130   0.9200   1.1310   1.3930   1.6060   1.9540   2.1820   2.4240   2.6670   3.0840   3.3680   3.6200   3.8300   4.0290   4.2430   4.4360   4.6960   4.9540   5.2600  -5.5740  -6.1250;
010:  0.2050   0.5080   0.7130   0.9200   1.1300   1.3930   1.6070   1.9530   2.1830   2.4240   2.6670   3.0850   3.3680   3.6200   3.8310   4.0320   4.2480   4.4400   4.7000   4.9650   5.2710  -5.5760  -6.1250;
011:  0.2050   0.5080   0.7130   0.9200   1.1290   1.3920   1.6070   1.9520   2.1820   2.4250   2.6660   3.0860   3.3670   3.6200   3.8330   4.0350   4.2540   4.4440   4.7040   4.9760   5.2820  -5.5770  -6.1250;
012:  0.2050   0.5070   0.7130   0.9200   1.1290   1.3920   1.6070   1.9510   2.1820   2.4250   2.6660   3.0870   3.3670   3.6200   3.8350   4.0380   4.2600   4.4470   4.7090   4.9880   5.2930  -5.5780  -6.1250;
013:  0.2050   0.5070   0.7120   0.9200   1.1280   1.3910   1.6070   1.9490   2.1820   2.4250   2.6650   3.0880   3.3670   3.6190   3.8360   4.0410   4.2660   4.4510   4.7140   5.0000   5.3030  -5.5780  -6.1250;
014:  0.2050   0.5070   0.7120   0.9190   1.1270   1.3900   1.6070   1.9480   2.1810   2.4250   2.6650   3.0890   3.3660   3.6190   3.8380   4.0440   4.2720   4.4540   4.7200   5.0120   5.3120  -5.5770  -6.1250;
015:  0.2050   0.5060   0.7110   0.9190   1.1270   1.3890   1.6070   1.9470   2.1810   2.4250   2.6640   3.0890   3.3660   3.6180   3.8390   4.0470   4.2780   4.4580   4.7260   5.0250   5.3210  -5.5760  -6.1250;
016:  0.2050   0.5060   0.7110   0.9190   1.1260   1.3890   1.6060   1.9460   2.1800   2.4250   2.6640   3.0900   3.3660   3.6180   3.8410   4.0500   4.2850   4.4610   4.7340   5.0390   5.3290  -5.5750  -6.1250;
017:  0.2050   0.5050   0.7110   0.9190   1.1250   1.3880   1.6060   1.9450   2.1790   2.4240   2.6640   3.0910   3.3650   3.6180   3.8420   4.0530   4.2900   4.4650   4.7400   5.0530   5.3350  -5.5750  -6.1250;
018:  0.2050   0.5050   0.7100   0.9180   1.1250   1.3860   1.6050   1.9440   2.1790   2.4240   2.6630   3.0910   3.3650   3.6180   3.8440   4.0550   4.2950   4.4700   4.7470   5.0670   5.3400  -5.5740  -6.1250;
019:  0.2050   0.5050   0.7100   0.9180   1.1240   1.3850   1.6050   1.9430   2.1780   2.4230   2.6620   3.0920   3.3650   3.6180   3.8460   4.0580   4.3000   4.4740   4.7540   5.0810   5.3450  -5.5730  -6.1250;
020:  0.2050   0.5040   0.7090   0.9180   1.1230   1.3840   1.6040   1.9420   2.1770   2.4220   2.6620   3.0930   3.3650   3.6180   3.8470   4.0620   4.3050   4.4780   4.7610   5.0960   5.3490  -5.5720  -6.1230;
021:  0.2050   0.5040   0.7090   0.9170   1.1220   1.3830   1.6040   1.9400   2.1760   2.4220   2.6610   3.0940   3.3650   3.6170   3.8490   4.0650   4.3090   4.4830   4.7680   5.1100   5.3530  -5.5720  -6.1210;
022:  0.2050   0.5040   0.7080   0.9170   1.1210   1.3820   1.6040   1.9390   2.1750   2.4210   2.6610   3.0950   3.3660   3.6170   3.8500   4.0690   4.3140   4.4880   4.7740  -5.1240   5.3580  -5.5710  -6.1180;
023:  0.2050   0.5040   0.7080   0.9160   1.1210   1.3810   1.6030   1.9380   2.1740   2.4210   2.6600   3.0950   3.3670   3.6180   3.8510   4.0720   4.3190   4.4920   4.7800  -5.1390  -5.3610  -5.5700  -6.1130;
024:  0.2050   0.5030   0.7070   0.9150   1.1200   1.3800   1.6020   1.9360   2.1730   2.4200   2.6600   3.0960   3.3680   3.6180   3.8530   4.0760   4.3230   4.4970   4.7860  -5.1530  -5.3670  -5.5690  -6.1070;
025:  0.2050   0.5030   0.7070   0.9140   1.1190   1.3780   1.6020   1.9350   2.1720   2.4190   2.6590   3.0970   3.3690   3.6180   3.8540   4.0800   4.3280   4.5020   4.7910  -5.1680  -5.3730  -5.5680  -6.0990;
026:  0.2050   0.5020   0.7060   0.9130   1.1180   1.3770   1.6010   1.9340   2.1700   2.4180   2.6590   3.0980   3.3700   3.6180   3.8550   4.0840   4.3330   4.5060   4.7950  -5.1830  -5.3800  -5.5680  -6.0900;
027:  0.2050   0.5020   0.7060   0.9120   1.1170   1.3760   1.6000   1.9330   2.1690   2.4160   2.6580   3.1000   3.3700   3.6190   3.8560   4.0870   4.3360   4.5100  -4.7970  -5.1980  -5.3870  -5.5670  -6.0790;
028:  0.2050   0.5020   0.7050   0.9110   1.1160   1.3740   1.5990   1.9320   2.1670   2.4150   2.6580   3.1010   3.3710   3.6190   3.8570   4.0910   4.3390   4.5140  -4.8010  -5.2130  -5.3950  -5.5660  -6.0660;
029:  0.2050   0.5020   0.7050   0.9100   1.1150   1.3730   1.5980   1.9300   2.1650   2.4130   2.6570   3.1020   3.3730   3.6200   3.8580   4.0950   4.3420   4.5180  -4.8030  -5.2270  -5.4030  -5.5650  -6.0520;
030:  0.2050   0.5010   0.7040   0.9080   1.1150   1.3710   1.5980   1.9290   2.1640   2.4120   2.6560   3.1040   3.3740   3.6220   3.8600   4.0980   4.3450   4.5220  -4.8050  -5.2410  -5.4120  -5.5640   0.0000;
031:  0.2050   0.5010   0.7040   0.9070   1.1140   1.3700   1.5970   1.9280   2.1620   2.4100   2.6560   3.1050   3.3750   3.6230   3.8610   4.1020   4.3470  -4.5240  -4.8070  -5.2550  -5.4210  -5.5630   0.0000;
032:  0.2050   0.5010   0.7040   0.9060   1.1130   1.3690   1.5960   1.9270   2.1600   2.4090   2.6550   3.1060   3.3760   3.6240   3.8610   4.1050   4.3490  -4.5270  -4.8080  -5.2700  -5.4300  -5.5630   0.0000;
033:  0.2050   0.5000   0.7030   0.9050   1.1120   1.3670   1.5950   1.9250   2.1580   2.4070   2.6550   3.1070   3.3780   3.6260   3.8610   4.1090   4.3510  -4.5300  -4.8080  -5.2840  -5.4400  -5.5620   0.0000;
034:  0.2050   0.5000   0.7020   0.9040   1.1110   1.3660   1.5940   1.9240   2.1560   2.4050   2.6540   3.1080   3.3800   3.6270   3.8610   4.1120   4.3530  -4.5320  -4.8080  -5.2970  -5.4490   0.0000   0.0000;
035:  0.2050   0.5000   0.7020   0.9020   1.1100   1.3650   1.5930   1.9220   2.1540   2.4040   2.6540   3.1090   3.3820   3.6290   3.8600  -4.1140   4.3540  -4.5330  -4.8080  -5.3100  -5.4590   0.0000   0.0000;
036:  0.2050   0.5000   0.7020   0.9010   1.1090   1.3640   1.5920   1.9210   2.1510   2.4020   2.6530   3.1090   3.3840   3.6310   3.8580  -4.1170  -4.3540  -4.5340  -4.8060  -5.3210  -5.4680   0.0000   0.0000;
037:  0.2050   0.5000   0.7010   0.9000   1.1080   1.3620   1.5910   1.9200   2.1490   2.4010   2.6530   3.1090   3.3860   3.6330   3.8560  -4.1200  -4.3550  -4.5340  -4.8060  -5.3330  -5.4780   0.0000   0.0000;
038:  0.2050   0.4990   0.7010   0.8980   1.1070   1.3610   1.5900   1.9190   2.1470   2.3990   2.6520   3.1090   3.3880   3.6350   3.8540  -4.1230  -4.3570  -4.5340  -4.8050  -5.3430   0.0000   0.0000   0.0000;
039:  0.2050   0.4990   0.7000   0.8970   1.1060   1.3600   1.5890   1.9180   2.1450   2.3970   2.6510   3.1090   3.3900   3.6370   3.8520  -4.1250  -4.3570  -4.5340  -4.8040  -5.3520   0.0000   0.0000   0.0000;
040:  0.2050   0.4990   0.7000   0.8960   1.1050   1.3590   1.5870   1.9170   2.1430   2.3960   2.6510   3.1080   3.3920   3.6400   3.8500  -4.1260  -4.3560  -4.5330  -4.8030  -5.3610   0.0000   0.0000   0.0000;
041:  0.2050   0.4980   0.6990   0.8950   1.1040   1.3580   1.5860   1.9160   2.1400   2.3940   2.6500   3.1080   3.3940   3.6430   3.8470  -4.1270  -4.3550  -4.5320  -4.8020  -5.3690   0.0000   0.0000   0.0000;
042:  0.2050   0.4980   0.6990   0.8940   1.1030   1.3570   1.5840   1.9140   2.1390   2.3930   2.6500   3.1070   3.3960   3.6450   3.8440  -4.1280  -4.3540  -4.5320  -4.8020   0.0000   0.0000   0.0000   0.0000;
043:  0.2050   0.4980   0.6980   0.8930   1.1020   1.3560   1.5830   1.9130   2.1370   2.3910   2.6490   3.1060   3.3970   3.6480   3.8420  -4.1290  -4.3530  -4.5320  -4.8010   0.0000   0.0000   0.0000   0.0000;
044:  0.2050   0.4980   0.6980   0.8920   1.1010   1.3550   1.5810   1.9120   2.1350   2.3890   2.6490   3.1050   3.3990   3.6510   3.8390  -4.1290  -4.3520  -4.5310  -4.8000   0.0000   0.0000   0.0000   0.0000;
045:  0.2050   0.4980   0.6970   0.8910   1.1000   1.3540   1.5800   1.9100   2.1340   2.3870   2.6480   3.1030   3.3990   3.6530   3.8360  -4.1300  -4.3490  -4.5310  -4.7990   0.0000   0.0000   0.0000   0.0000;
046:  0.2050   0.4970   0.6970   0.8910   1.1000   1.3530   1.5780   1.9090   2.1330   2.3860   2.6480   3.1020   3.3990   3.6560   3.8330  -4.1310  -4.3470  -4.5310  -4.7980   0.0000   0.0000   0.0000   0.0000;
047:  0.2050   0.4970   0.6960   0.8900   1.0990   1.3520   1.5760   1.9070   2.1320   2.3840   2.6470   3.1000   3.3980   3.6580   3.8300  -4.1310  -4.3450  -4.5300  -4.7970   0.0000   0.0000   0.0000   0.0000;
048:  0.2050   0.4970   0.6960   0.8890   1.0980   1.3510   1.5750   1.9050   2.1310   2.3820   2.6470   3.0990   3.3960   3.6600  -3.8260  -4.1320  -4.3430  -4.5300  -4.7970   0.0000   0.0000   0.0000   0.0000;
049:  0.2050   0.4960   0.6950   0.8890   1.0970   1.3500   1.5730   1.9040   2.1300   2.3810   2.6460   3.0970   3.3930   3.6620  -3.8240  -4.1330  -4.3410  -4.5300  -4.7960   0.0000   0.0000   0.0000   0.0000;
050:  0.2050   0.4960   0.6950   0.8880   1.0960   1.3500   1.5720   1.9030   2.1290   2.3790   2.6450   3.0960   3.3890  -3.6630  -3.8220  -4.1340  -4.3390  -4.5290  -4.7950   0.0000   0.0000   0.0000   0.0000;
051:  0.2060   0.4960   0.6950   0.8880   1.0950   1.3490   1.5700   1.9010   2.1290   2.3770   2.6450   3.0950   3.3840  -3.6640  -3.8200  -4.1340  -4.3370  -4.5290  -4.7940   0.0000   0.0000   0.0000   0.0000;
052:  0.2060   0.4960   0.6940   0.8870   1.0950   1.3480   1.5680   1.9000   2.1280   2.3760   2.6440   3.0930   3.3780  -3.6660  -3.8200  -4.1350  -4.3350  -4.5280  -4.7940   0.0000   0.0000   0.0000   0.0000;
053:  0.2060   0.4960   0.6940   0.8870   1.0940   1.3470   1.5670   1.8980   2.1270   2.3740   2.6440   3.0920   3.3710  -3.6680  -3.8200  -4.1360  -4.3330  -4.5280  -4.7930   0.0000   0.0000   0.0000   0.0000;
054:  0.2060   0.4950   0.6930   0.8860   1.0930   1.3460   1.5650   1.8970   2.1260   2.3730   2.6430   3.0910   3.3620  -3.6700  -3.8200  -4.1370  -4.3310  -4.5280  -4.7920   0.0000   0.0000   0.0000   0.0000;
055:  0.2060   0.4950   0.6930   0.8860   1.0920   1.3450   1.5640   1.8960   2.1260   2.3710   2.6430   3.0900   3.3520  -3.6710  -3.8210  -4.1370  -4.3290  -4.5270  -4.7910   0.0000   0.0000   0.0000   0.0000;
056:  0.2060   0.4950   0.6930   0.8850   1.0910   1.3450   1.5630   1.8940   2.1250   2.3690   2.6420   3.0890   3.3420  -3.6720  -3.8220  -4.1380  -4.3270  -4.5270  -4.7900   0.0000   0.0000   0.0000   0.0000;
057:  0.2060   0.4950   0.6920   0.8850   1.0910   1.3440   1.5620   1.8930   2.1240   2.3680   2.6420   3.0880   3.3310  -3.6730  -3.8230  -4.1390  -4.3260  -4.5260  -4.7900   0.0000   0.0000   0.0000   0.0000;
058:  0.2060   0.4940   0.6920   0.8850   1.0910   1.3440   1.5610   1.8920   2.1230   2.3660   2.6410   3.0860   3.3190  -3.6740  -3.8240  -4.1400  -4.3240  -4.5260  -4.7890   0.0000   0.0000   0.0000   0.0000;
059:  0.2060   0.4940   0.6920   0.8850   1.0900   1.3440   1.5600   1.8900   2.1220   2.3650   2.6400   3.0850   3.3060  -3.6760  -3.8260  -4.1400  -4.3220  -4.5260  -4.7880   0.0000   0.0000   0.0000   0.0000;
060:  0.2060   0.4940   0.6910   0.8840   1.0890   1.3430   1.5600   1.8890   2.1200   2.3640   2.6400   3.0840   3.2930  -3.6760  -3.8270  -4.1410  -4.3200  -4.5250  -4.7870   0.0000   0.0000   0.0000   0.0000;
061:  0.2060   0.4940   0.6910   0.8840   1.0890   1.3430   1.5590   1.8880   2.1190   2.3630   2.6390   3.0840   3.2810  -3.6770  -3.8280  -4.1420  -4.3180  -4.5250  -4.7860   0.0000   0.0000   0.0000   0.0000;
062:  0.2060   0.4930   0.6910   0.8840   1.0880   1.3420   1.5590   1.8880   2.1180   2.3620   2.6380   3.0840   3.2690  -3.6770  -3.8290  -4.1430  -4.3160  -4.5240  -4.7850   0.0000   0.0000   0.0000   0.0000;
063:  0.2060   0.4930   0.6900   0.8830   1.0880   1.3420   1.5580   1.8870   2.1170   2.3610   2.6380   3.0780   3.2580  -3.6770  -3.8300  -4.1430  -4.3140  -4.5240  -4.7850   0.0000   0.0000   0.0000   0.0000;
064:  0.2060   0.4930   0.6900   0.8830   1.0880   1.3420   1.5580   1.8860   2.1160   2.3600   2.6370   3.0770   3.2470  -3.6770  -3.8310  -4.1440  -4.3120  -4.5240  -4.7840   0.0000   0.0000   0.0000   0.0000;
065:  0.2070   0.4930   0.6900   0.8830   1.0870   1.3410   1.5570   1.8850   2.1150   2.3580   2.6360   3.0770   3.2370  -3.6770  -3.8320  -4.1450  -4.3100  -4.5230  -4.7830   0.0000   0.0000   0.0000   0.0000;
066:  0.2070   0.4930   0.6900   0.8820   1.0870   1.3410   1.5570   1.8850   2.1130   2.3570   2.6360   3.0670   3.2290  -3.6770  -3.8330  -4.1460  -4.3080  -4.5230  -4.7820   0.0000   0.0000   0.0000   0.0000;
067:  0.2070   0.4920   0.6890   0.8820   1.0870   1.3410   1.5560   1.8850   2.1120   2.3560   2.6350   3.0650   3.2210  -3.6780  -3.8340  -4.1460  -4.3060  -4.5230  -4.7810   0.0000   0.0000   0.0000   0.0000;
068:  0.2070   0.4920   0.6890   0.8820   1.0860   1.3410   1.5560   1.8840   2.1110   2.3560   2.6340   3.0630   3.2150  -3.6780  -3.8350  -4.1470  -4.3040  -4.5220  -4.7810   0.0000   0.0000   0.0000   0.0000;
069:  0.2070   0.4920   0.6890   0.8810   1.0860   1.3410   1.5560   1.8840   2.1100   2.3550   2.6340   3.0500  -3.2080  -3.6790  -3.8360  -4.1480  -4.3030  -4.5220  -4.7800   0.0000   0.0000   0.0000   0.0000;
070:  0.2070   0.4920   0.6890   0.8810   1.0860   1.3410   1.5560   1.8840   2.1090   2.3540   2.6330   3.0500  -3.2040  -3.6800  -3.8370  -4.1480  -4.3010  -4.5220  -4.7790   0.0000   0.0000   0.0000   0.0000;
071:  0.2070   0.4920   0.6890   0.8810   1.0860   1.3410   1.5550   1.8830   2.1080   2.3530   2.6320   3.0580  -3.2010  -3.6810  -3.8390  -4.1490  -4.2990  -4.5210  -4.7780   0.0000   0.0000   0.0000   0.0000;
072:  0.2070   0.4910   0.6880   0.8810   1.0860   1.3410   1.5550   1.8830   2.1070   2.3520   2.6310   3.0580  -3.1980  -3.6820  -3.8400  -4.1500  -4.2970  -4.5210  -4.7770   0.0000   0.0000   0.0000   0.0000;
073:  0.2070   0.4910   0.6880   0.8810   1.0860   1.3410   1.5550   1.8820   2.1070   2.3510   2.6310   3.0470  -3.1970  -3.6830  -3.8410  -4.1510  -4.2950  -4.5200  -4.7770   0.0000   0.0000   0.0000   0.0000;
074:  0.2070   0.4910   0.6880   0.8810   1.0860   1.3420   1.5550   1.8820   2.1060   2.3510   2.6300   3.0470  -3.1960  -3.6840  -3.8420  -4.1510  -4.2930  -4.5190  -4.7760   0.0000   0.0000   0.0000   0.0000;
075:  0.2070   0.4910   0.6880   0.8810   1.0860   1.3420   1.5550   1.8820   2.1050   2.3500   2.6290   3.0470  -3.1960  -3.6860  -3.8430  -4.1520  -4.2910  -4.5180  -4.7750   0.0000   0.0000   0.0000   0.0000;
076:  0.2070   0.4910   0.6880   0.8810   1.0860   1.3420   1.5550   1.8810   2.1050   2.3490   2.6280   3.0540  -3.1950  -3.6870  -3.8440  -4.1530  -4.2890  -4.5170  -4.7740   0.0000   0.0000   0.0000   0.0000;
077:  0.2070   0.4910   0.6880   0.8800   1.0860   1.3420   1.5550   1.8810   2.1040   2.3480   2.6270   3.0430  -3.1950  -3.6890  -3.8450  -4.1540  -4.2870  -4.5150  -4.7730   0.0000   0.0000   0.0000   0.0000;
078:  0.2070   0.4910   0.6870   0.8800   1.0860   1.3420   1.5550   1.8810   2.1040   2.3470   2.6260   2.9970  -3.1970  -3.6910  -3.8460  -4.1540  -4.2850  -4.5140  -4.7730   0.0000   0.0000   0.0000   0.0000;
079:  0.2070   0.4910   0.6870   0.8800   1.0860   1.3420   1.5550   1.8810   2.1030   2.3460   2.6250   2.9890  -3.1980  -3.6930  -3.8470  -4.1550  -4.2830  -4.5120  -4.7720   0.0000   0.0000   0.0000   0.0000;
080:  0.2080   0.4900   0.6870   0.8800   1.0870   1.3430   1.5550   1.8800   2.1030   2.3460   2.6250   2.9820  -3.1990  -3.6950  -3.8480  -4.1550  -4.2810  -4.5090  -4.7710   0.0000   0.0000   0.0000   0.0000;
081:  0.2080   0.4900   0.6870   0.8800   1.0870   1.3430   1.5560   1.8800   2.1030   2.3450   2.6240   2.9740  -3.1990  -3.6970  -3.8500  -4.1550  -4.2790  -4.5060  -4.7700   0.0000   0.0000   0.0000   0.0000;
082:  0.2080   0.4900   0.6870   0.8800   1.0870   1.3430   1.5560   1.8800   2.1030   2.3440   2.6230   2.9660  -3.1990  -3.7000  -3.8510  -4.1560  -4.2770  -4.5040  -4.7690   0.0000   0.0000   0.0000   0.0000;
083:  0.2080   0.4900   0.6870   0.8800   1.0870   1.3430   1.5560   1.8800   2.1020   2.3440   2.6220   2.9590  -3.2000  -3.7020  -3.8520  -4.1560  -4.2750  -4.5000  -4.7680   0.0000   0.0000   0.0000   0.0000;
084:  0.2080   0.4900   0.6870   0.8800   1.0880   1.3440   1.5560   1.8800   2.1020   2.3430   2.6210   2.9520  -3.2000  -3.7040  -3.8530  -4.1560  -4.2740  -4.4970  -4.7680   0.0000   0.0000   0.0000   0.0000;
085:  0.2080   0.4900   0.6870   0.8800   1.0880   1.3440   1.5570   1.8800   2.1020   2.3420   2.6200   2.9450  -3.2010  -3.7060  -3.8540  -4.1560  -4.2720  -4.4930  -4.7670   0.0000   0.0000   0.0000   0.0000;
086:  0.2080   0.4900   0.6870   0.8800   1.0880   1.3440   1.5570   1.8790   2.1020   2.3420   2.6190   2.9380  -3.2010  -3.7080  -3.8550  -4.1560  -4.2700  -4.4890  -4.7660   0.0000   0.0000   0.0000   0.0000;
087:  0.2080   0.4900   0.6870   0.8800   1.0880   1.3440   1.5570   1.8790   2.1010   2.3410   2.6180   2.9310  -3.2020  -3.7090  -3.8560  -4.1550  -4.2680  -4.4840  -4.7650   0.0000   0.0000   0.0000   0.0000;
088:  0.2080   0.4900   0.6870   0.8810   1.0880   1.3440   1.5570   1.8790   2.1010   2.3410   2.6180   2.9250  -3.2020  -3.7100  -3.8570  -4.1550  -4.2660  -4.4800  -4.7640   0.0000   0.0000   0.0000   0.0000;
089:  0.2080   0.4900   0.6870   0.8810   1.0880   1.3440   1.5570   1.8780   2.1010   2.3400   2.6170   2.9190  -3.2030  -3.7120  -3.8580  -4.1550  -4.2640  -4.4750  -4.7640   0.0000   0.0000   0.0000   0.0000;
090:  0.2080   0.4890   0.6870   0.8810   1.0890   1.3450   1.5580   1.8780   2.1010   2.3390   2.6160   2.9150  -3.2030  -3.7130  -3.8590  -4.1540  -4.2620  -4.4710  -4.7630   0.0000   0.0000   0.0000   0.0000;
091:  0.2080   0.4890   0.6870   0.8810   1.0890   1.3450   1.5580   1.8780   2.1010   2.3390   2.6150   2.9110  -3.2040  -3.7140  -3.8610  -4.1540  -4.2600  -4.4660  -4.7620   0.0000   0.0000   0.0000   0.0000;
092:  0.2080   0.4890   0.6870   0.8810   1.0890   1.3450   1.5580   1.8780   2.1010   2.3380   2.6140   2.9080  -3.2040  -3.7150  -3.8620  -4.1530  -4.2580  -4.4610  -4.7610   0.0000   0.0000   0.0000   0.0000;
093:  0.2080   0.4890   0.6870   0.8810   1.0900   1.3450   1.5570   1.8780   2.1000   2.3380   2.6130   2.9060  -3.2050  -3.7170  -3.8630  -4.1520  -4.2560  -4.4560  -4.7610   0.0000   0.0000   0.0000   0.0000;
094:  0.2080   0.4890   0.6880   0.8820   1.0900   1.3450   1.5570   1.8780   2.1000   2.3370   2.6130   2.9050  -3.2050  -3.7180  -3.8640  -4.1510  -4.2540  -4.4520  -4.7600   0.0000   0.0000   0.0000   0.0000;
095:  0.2080   0.4890   0.6880   0.8820   1.0900   1.3460   1.5570   1.8780   2.1000   2.3370   2.6120   2.9050  -3.2060  -3.7190  -3.8650  -4.1500  -4.2520  -4.4470  -4.7590   0.0000   0.0000   0.0000   0.0000;
096:  0.2080   0.4890   0.6880   0.8820   1.0910   1.3460   1.5570   1.8780   2.1000   2.3370   2.6110   2.9060  -3.2060  -3.7200  -3.8660  -4.1490  -4.2510  -4.4430  -4.7580   0.0000   0.0000   0.0000   0.0000;
097:  0.2080   0.4890   0.6880   0.8820   1.0910   1.3460   1.5580   1.8780   2.1000   2.3370   2.6100   2.9080  -3.2070  -3.7210  -3.8670  -4.1480  -4.2490  -4.4380  -4.7570   0.0000   0.0000   0.0000   0.0000;
098:  0.2080   0.4890   0.6880   0.8830   1.0910   1.3470   1.5580   1.8780   2.0990   2.3360   2.6090   2.9110  -3.2070  -3.7230  -3.8680  -4.1480  -4.2470  -4.4340  -4.7560   0.0000   0.0000   0.0000   0.0000;
099:  0.2080   0.4890   0.6890   0.8830   1.0910   1.3470   1.5580   1.8780   2.0990   2.3360   2.6090   2.9150  -3.2080  -3.7240  -3.8690  -4.1470  -4.2450  -4.4300  -4.7560   0.0000   0.0000   0.0000   0.0000;
100:  0.2080   0.4890   0.6890   0.8830   1.0920   1.3470   1.5580   1.8780   2.0980   2.3360   2.6080   2.9200  -3.2080  -3.7250  -3.8700  -4.1460  -4.2430  -4.4250  -4.7550   0.0000   0.0000   0.0000   0.0000;
101:  0.2080   0.4890   0.6890   0.8840   1.0920   1.3470   1.5580   1.8780   2.0980   2.3360   2.6070   2.9270  -3.2080  -3.7260  -3.8710  -4.1450  -4.2410  -4.4210  -4.7540   0.0000   0.0000   0.0000   0.0000;
102:  0.2080   0.4890   0.6890   0.8840   1.0930   1.3470   1.5580   1.8780   2.0980   2.3360   2.6060   2.9330  -3.2090  -3.7270  -3.8720  -4.1440  -4.2390  -4.4170  -4.7530   0.0000   0.0000   0.0000   0.0000;
103:  0.2090   0.4900   0.6900   0.8840   1.0930   1.3470   1.5580   1.8780   2.0980   2.3360   2.6060   2.9400  -3.2100  -3.7280  -3.8740  -4.1430  -4.2370  -4.4130  -4.7520   0.0000   0.0000   0.0000   0.0000;
104:  0.2090   0.4900   0.6900   0.8850   1.0940   1.3480   1.5580   1.8790   2.0980   2.3370   2.6050   2.9480  -3.2100  -3.7290  -3.8750  -4.1420  -4.2350  -4.4090  -4.7520   0.0000   0.0000   0.0000   0.0000;
105:  0.2090   0.4900   0.6910   0.8850   1.0950   1.3480   1.5590   1.8790   2.0980   2.3370   2.6050   2.9560  -3.2100  -3.7290  -3.8760  -4.1410  -4.2330  -4.4050  -4.7510   0.0000   0.0000   0.0000   0.0000;
106:  0.2090   0.4900   0.6910   0.8860   1.0950   1.3480   1.5590   1.8800   2.0980   2.3370   2.6040   2.9650  -3.2110  -3.7280  -3.8770  -4.1410  -4.2310  -4.4010  -4.7500   0.0000   0.0000   0.0000   0.0000;
107:  0.2090   0.4900   0.6910   0.8860   1.0960   1.3480   1.5600   1.8800   2.0990   2.3370   2.6040   2.9740  -3.2110  -3.7260  -3.8780  -4.1390  -4.2300  -4.3970  -4.7490   0.0000   0.0000   0.0000   0.0000;
108:  0.2090   0.4910   0.6920   0.8870   1.0970   1.3480   1.5600   1.8810   2.0990   2.3380   2.6030   2.9830  -3.2120  -3.7240  -3.8790  -4.1390  -4.2280  -4.3930  -4.7480   0.0000   0.0000   0.0000   0.0000;
109:  0.2090   0.4910   0.6920   0.8880   1.0980   1.3480   1.5610   1.8810   2.1000   2.3380   2.6020   2.9920  -3.2120  -3.7220  -3.8800  -4.1380  -4.2260  -4.3890  -4.7480   0.0000   0.0000   0.0000   0.0000;
110:  0.2090   0.4910   0.6930   0.8880   1.0980   1.3480   1.5620   1.8820   2.1000   2.3380   2.6020   3.0460  -3.2130  -3.7180  -3.8810  -4.1370  -4.2240  -4.3850  -4.7470   0.0000   0.0000   0.0000   0.0000;
111:  0.2090   0.4910   0.6930   0.8890   1.0990   1.3490   1.5620   1.8820   2.1010   2.3390   2.6020   3.0460  -3.2130  -3.7140  -3.8820  -4.1360  -4.2220  -4.3810  -4.7460   0.0000   0.0000   0.0000   0.0000;
112:  0.2080   0.4920   0.6940   0.8900   1.1000   1.3490   1.5630   1.8830   2.1020   2.3390   2.6020   3.0460  -3.2140  -3.7100  -3.8830  -4.1350  -4.2200  -4.3770  -4.7450   0.0000   0.0000   0.0000   0.0000;
113:  0.2080   0.4920   0.6950   0.8910   1.1000   1.3490   1.5630   1.8830   2.1020   2.3390   2.6010   3.0270  -3.2140  -3.7050  -3.8840  -4.1340  -4.2180  -4.3730  -4.7440   0.0000   0.0000   0.0000   0.0000;
114:  0.2080   0.4920   0.6950   0.8920   1.1010   1.3490   1.5640   1.8840   2.1030   2.3400   2.6010   3.0480  -3.2140  -3.7000  -3.8860  -4.1330  -4.2160  -4.3700  -4.7430   0.0000   0.0000   0.0000   0.0000;
115:  0.2080   0.4930   0.6960   0.8930   1.1020   1.3500   1.5640   1.8850   2.1040   2.3400   2.6010   3.0430  -3.2150  -3.6950  -3.8870  -4.1320  -4.2140  -4.3660  -4.7420   0.0000   0.0000   0.0000   0.0000;
116:  0.2080   0.4930   0.6960   0.8940   1.1030   1.3500   1.5640   1.8860   2.1050   2.3410   2.6010   3.0510  -3.2160  -3.6900  -3.8880  -4.1320  -4.2120  -4.3620  -4.7400   0.0000   0.0000   0.0000   0.0000;
117:  0.2080   0.4930   0.6970   0.8950   1.1040   1.3510   1.5650   1.8870   2.1060   2.3420   2.6000   3.0580  -3.2160  -3.6850  -3.8890  -4.1310  -4.2100  -4.3580  -4.7380   0.0000   0.0000   0.0000   0.0000;
118:  0.2080   0.4940   0.6980   0.8960   1.1040   1.3510   1.5650   1.8880   2.1070   2.3420   2.6000   3.0650  -3.2170  -3.6820  -3.8900  -4.1300  -4.2080  -4.3540  -4.7350   0.0000   0.0000   0.0000   0.0000;
119:  0.2080   0.4940   0.6980   0.8970   1.1050   1.3520   1.5650   1.8890   2.1090   2.3430   2.6000   3.0720  -3.2190  -3.6790  -3.8910  -4.1290  -4.2060  -4.3500  -4.7320   0.0000   0.0000   0.0000   0.0000;
120:  0.2080   0.4950   0.6990   0.8980   1.1050   1.3520   1.5660   1.8890   2.1090   2.3440   2.6010   3.0780  -3.2210  -3.6780  -3.8920  -4.1280  -4.2040  -4.3460  -4.7280   0.0000   0.0000   0.0000   0.0000;
121:  0.2080   0.4950   0.7000   0.8990   1.1060   1.3530   1.5660   1.8900   2.1100   2.3450   2.6010   3.0980   3.2240  -3.6770  -3.8930  -4.1270  -4.2030  -4.3420  -4.7240   0.0000   0.0000   0.0000   0.0000;
122:  0.2080   0.4960   0.7000   0.9000   1.1070   1.3530   1.5670   1.8910   2.1110   2.3450   2.6010   3.0980   3.2270  -3.6780  -3.8940  -4.1260  -4.2010  -4.3380  -4.7200   0.0000   0.0000   0.0000   0.0000;
123:  0.2080   0.4960   0.7010   0.9010   1.1070   1.3540   1.5670   1.8930   2.1120   2.3460   2.6010   3.1060   3.2310  -3.6800  -3.8950  -4.1250  -4.1990  -4.3340  -4.7140   0.0000   0.0000   0.0000   0.0000;
124:  0.2080   0.4970   0.7020   0.9020   1.1080   1.3550   1.5680   1.8940   2.1130   2.3470   2.6010   3.0950   3.2360  -3.6830  -3.8960  -4.1240  -4.1970  -4.3300  -4.7080   0.0000   0.0000   0.0000   0.0000;
125:  0.2080   0.4980   0.7020   0.9030   1.1090   1.3550   1.5680   1.8950   2.1150   2.3480   2.6020   3.1110   3.2430  -3.6880  -3.8970  -4.1230  -4.1950  -4.3260  -4.7020   0.0000   0.0000   0.0000   0.0000;
126:  0.2080   0.4980   0.7030   0.9040   1.1090   1.3560   1.5690   1.8960   2.1160   2.3490   2.6020   3.1110   3.2500  -3.6930  -3.8990  -4.1230  -4.1930  -4.3230  -4.6950   0.0000   0.0000   0.0000   0.0000;
127:  0.2080   0.4990   0.7040   0.9050   1.1100   1.3560   1.5690   1.8970   2.1170   2.3500   2.6030   3.1110   3.2590  -3.6990  -3.9000  -4.1220  -4.1910  -4.3190  -4.6880   0.0000   0.0000   0.0000   0.0000;
128:  0.2080   0.4990   0.7040   0.9060   1.1100   1.3560   1.5700   1.8980   2.1180   2.3510   2.6030   3.1180   3.2690  -3.7060  -3.9010  -4.1210  -4.1890  -4.3150  -4.6800   0.0000   0.0000   0.0000   0.0000;
129:  0.2080   0.5000   0.7050   0.9070   1.1110   1.3570   1.5700   1.8990   2.1190   2.3520   2.6040   3.1220   3.2800  -3.7130  -3.9020  -4.1200  -4.1870  -4.3110  -4.6710   0.0000   0.0000   0.0000   0.0000;
130:  0.2080   0.5000   0.7050   0.9080   1.1110   1.3570   1.5710   1.9000   2.1200   2.3540   2.6040   3.1250   3.2930  -3.7210  -3.9030  -4.1190  -4.1850  -4.3070  -4.6630   0.0000   0.0000   0.0000   0.0000;
131:  0.2080   0.5010   0.7060   0.9090   1.1120   1.3580   1.5710   1.9020   2.1200   2.3550   2.6050   3.1280   3.3070  -3.7280  -3.9040  -4.1180  -4.1830  -4.3030  -4.6530   0.0000   0.0000   0.0000   0.0000;
132:  0.2070   0.5010   0.7070   0.9100   1.1120   1.3580   1.5720   1.9030   2.1210   2.3560   2.6050   3.1310   3.3230  -3.7360  -3.9050  -4.1170  -4.1810  -4.2990  -4.6440   0.0000   0.0000   0.0000   0.0000;
133:  0.2070   0.5020   0.7070   0.9100   1.1130   1.3580   1.5720   1.9040   2.1220   2.3570   2.6060   3.1340   3.3390  -3.7430  -3.9060  -4.1160  -4.1790  -4.2950  -4.6340   0.0000   0.0000   0.0000   0.0000;
134:  0.2070   0.5020   0.7080   0.9110   1.1130   1.3590   1.5730   1.9050   2.1220   2.3580   2.6070   3.1380   3.3560  -3.7500  -3.9070  -4.1150  -4.1780  -4.2910  -4.6240   0.0000   0.0000   0.0000   0.0000;
135:  0.2070   0.5030   0.7080   0.9110   1.1130   1.3590   1.5730   1.9060   2.1230   2.3580   2.6080   3.1410   3.3720  -3.7560  -3.9080  -4.1140  -4.1760  -4.2870  -4.6150   0.0000   0.0000   0.0000   0.0000;
136:  0.2070   0.5040   0.7090   0.9110   1.1130   1.3590   1.5740   1.9070   2.1240   2.3590   2.6090   3.1450   3.3890  -3.7610  -3.9100  -4.1140  -4.1740  -4.2830  -4.6050   0.0000   0.0000   0.0000   0.0000;
137:  0.2070   0.5040   0.7090   0.9120   1.1140   1.3600   1.5740   1.9070   2.1240   2.3600   2.6100   3.1490   3.4050  -3.7650  -3.9110  -4.1130  -4.1720  -4.2790  -4.5950   0.0000   0.0000   0.0000   0.0000;
138:  0.2070   0.5050   0.7100   0.9120   1.1140   1.3600   1.5750   1.9080   2.1240   2.3600   2.6110   3.1520   3.4220  -3.7690  -3.9120  -4.1120  -4.1700  -4.2760  -4.5860  -5.3610   0.0000   0.0000   0.0000;
139:  0.2070   0.5050   0.7110   0.9130   1.1140   1.3600   1.5750   1.9080   2.1250   2.3600   2.6120   3.1550   3.4370  -3.7710  -3.9130  -4.1110  -4.1680  -4.2720  -4.5760  -5.3490   0.0000   0.0000   0.0000;
140:  0.2070   0.5050   0.7110   0.9130   1.1140   1.3610   1.5750   1.9090   2.1250   2.3610   2.6130   3.1590   3.4510  -3.7730  -3.9140  -4.1100  -4.1660  -4.2680  -4.5660  -5.3350   0.0000   0.0000   0.0000;
141:  0.2070   0.5060   0.7110   0.9130   1.1140   1.3610   1.5760   1.9090   2.1250   2.3610   2.6140   3.1620   3.4640  -3.7740  -3.9150  -4.1090  -4.1640  -4.2640  -4.5570  -5.3200   0.0000   0.0000   0.0000;
142:  0.2070   0.5060   0.7120   0.9130   1.1140   1.3610   1.5760   1.9090   2.1250   2.3600   2.6150   3.1650   3.4760  -3.7750  -3.9160  -4.1080  -4.1620  -4.2600  -4.5480  -5.3040  -6.4630   0.0000   0.0000;
143:  0.2070   0.5070   0.7120   0.9130   1.1140   1.3610   1.5760   1.9090   2.1250   2.3600   2.6160   3.1670   3.4860  -3.7770  -3.9170  -4.1070  -4.1600  -4.2560  -4.5380  -5.2870  -6.4670   0.0000   0.0000;
144:  0.2060   0.5070   0.7130   0.9130   1.1140   1.3610   1.5760   1.9100   2.1260   2.3590   2.6170   3.1700   3.4940  -3.7780  -3.9180  -4.1060  -4.1580  -4.2520  -4.5290  -5.2690  -6.4700   0.0000   0.0000;
145:  0.2060   0.5070   0.7130   0.9140   1.1140   1.3620   1.5760   1.9100   2.1260   2.3580   2.6180   3.1720   3.5010  -3.7790  -3.9190  -4.1050  -4.1570  -4.2480  -4.5190  -5.2500  -6.4730   0.0000   0.0000;
146:  0.2060   0.5080   0.7130   0.9140   1.1140   1.3620   1.5760   1.9100   2.1260   2.3570   2.6190   3.1730   3.5060  -3.7800  -3.9210  -4.1040  -4.1550  -4.2440  -4.5100  -5.2300  -6.4740  -6.4740   0.0000;
147:  0.2060   0.5080   0.7130   0.9140   1.1140   1.3620   1.5760   1.9100   2.1260   2.3560   2.6200   3.1740   3.5100  -3.7810  -3.9210  -4.1040  -4.1530  -4.2410  -4.5010  -5.2100  -6.4750  -6.4760   0.0000;
148:  0.2060   0.5090   0.7140   0.9140   1.1150   1.3620   1.5760   1.9100   2.1260   2.3540   2.6220   3.1730   3.5120  -3.7820  -3.9230  -4.1030  -4.1510  -4.2370  -4.4930  -5.1890  -6.4750  -6.4770   0.0000;
149:  0.2060   0.5090   0.7140   0.9140   1.1150   1.3620   1.5760   1.9100   2.1250   2.3530   2.6230   3.1720   3.5140  -3.7840  -3.9230  -4.1020  -4.1490  -4.2330  -4.4840  -5.1680  -6.4750  -6.4770   0.0000;
150:  0.2060   0.5090   0.7140   0.9140   1.1150   1.3620   1.5760   1.9100   2.1250   2.3500   2.6240   3.1720   3.5150  -3.7850  -3.9240  -4.1010  -4.1470  -4.2290  -4.4750  -5.1490  -6.4730  -6.4770  -6.4810;
151:  0.2060   0.5090   0.7140   0.9140   1.1150   1.3620   1.5750   1.9110   2.1250   2.3480   2.6250   3.1720   3.5150  -3.7870  -3.9250  -4.1000  -4.1450  -4.2260  -4.4670  -5.1290  -6.4710  -6.4760  -6.4810;
152:  0.2060   0.5090   0.7140   0.9150   1.1150   1.3620   1.5750   1.9110   2.1250   2.3450   2.6260   3.1710   3.5140  -3.7890  -3.9250  -4.0990  -4.1430  -4.2220  -4.4590  -5.1110  -6.4680  -6.4750  -6.4810;
153:  0.2050   0.5100   0.7150   0.9150   1.1150   1.3620   1.5750   1.9110   2.1250   2.3430   2.6270   3.1710   3.5140  -3.7900  -3.9250  -4.0980  -4.1410  -4.2180  -4.4520  -5.0930  -6.4660  -6.4730  -6.4800;
154:  0.2050   0.5100   0.7150   0.9150   1.1150   1.3630   1.5740   1.9110   2.1240   2.3400   2.6290   3.1720   3.5140   3.7930  -3.9250  -4.0970  -4.1390  -4.2150  -4.4440  -5.0760  -6.4620  -6.4710  -6.4780;
155:  0.2050   0.5100   0.7150   0.9150   1.1150   1.3630   1.5740   1.9120   2.1240   2.3380   2.6300   3.1720   3.5150   3.7950  -3.9250  -4.0970  -4.1370  -4.2120  -4.4370  -5.0590  -6.4590  -6.4680  -6.4770;
156:  0.2050   0.5100   0.7150   0.9150   1.1160   1.3630   1.5730   1.9120   2.1230   2.3360   2.6310   3.1730   3.5160   3.7960  -3.9240  -4.0950  -4.1350  -4.2080  -4.4300  -5.0440  -6.4560  -6.4660  -6.4750;
157:  0.2050   0.5100   0.7150   0.9150   1.1160   1.3630   1.5730   1.9130   2.1220   2.3340   2.6320   3.1740   3.5180   3.7980  -3.9230  -4.0950  -4.1330  -4.2050  -4.4240  -5.0300  -6.4520  -6.4630  -6.4720;
158:  0.2050   0.5100   0.7150   0.9150   1.1160   1.3630   1.5720   1.9130   2.1210   2.3320   2.6330   3.1740   3.5200   3.8000  -3.9220  -4.0940  -4.1320  -4.2020  -4.4180  -5.0160  -6.4470  -6.4590  -6.4700;
159:  0.2050   0.5100   0.7150   0.9150   1.1160   1.3640   1.5710   1.9130   2.1200   2.3300   2.6340   3.1750   3.5230   3.8010  -3.9200  -4.0930  -4.1300  -4.1990  -4.4120  -5.0030  -6.4430  -6.4560  -6.4670;
160:  0.2050   0.5100   0.7140   0.9160   1.1160   1.3640   1.5700   1.9140   2.1180   2.3280   2.6350   3.1750   3.5270   3.8010  -3.9180  -4.0920  -4.1280  -4.1970  -4.4070  -4.9920  -6.4380  -6.4520  -6.4640;
161:  0.2050   0.5100   0.7140   0.9150   1.1160   1.3640   1.5690   1.9140   2.1170   2.3280   2.6360   3.1770   3.5310   3.8020  -3.9160  -4.0910  -4.1260  -4.1940  -4.4030  -4.9820  -6.4340  -6.4480  -6.4610;
162:  0.2050   0.5100   0.7140   0.9150   1.1160   1.3650   1.5680   1.9140   2.1150   2.3270   2.6370   3.1780   3.5360   3.8020  -3.9140  -4.0900  -4.1250  -4.1920  -4.3990  -4.9730  -6.4300  -6.4450  -6.4580;
163:  0.2050   0.5100   0.7140   0.9150   1.1160   1.3650   1.5670   1.9140   2.1140   2.3270   2.6380   3.1800   3.5420   3.8010  -3.9110  -4.0890  -4.1240  -4.1900  -4.3950  -4.9650  -6.4260  -6.4410  -6.4540;
164:  0.2050   0.5100   0.7140   0.9150   1.1160   1.3650   1.5670   1.9130   2.1120   2.3260   2.6390   3.1820   3.5470   3.8010  -3.9080  -4.0880  -4.1220  -4.1880  -4.3920  -4.9580  -6.4220  -6.4370  -6.4510;
165:  0.2050   0.5100   0.7140   0.9150   1.1160   1.3660   1.5660   1.9130   2.1110   2.3260   2.6390   3.1840   3.5530   3.8000  -3.9050  -4.0880  -4.1210  -4.1870  -4.3900  -4.9530  -6.4180  -6.4340  -6.4480;
166:  0.2050   0.5100   0.7130   0.9150   1.1160   1.3660   1.5650   1.9140   2.1090   2.3260   2.6400   3.1860   3.5590   3.7980  -3.9020  -4.0870  -4.1200  -4.1860  -4.3880  -4.9490  -6.4150  -6.4300  -6.4440;
167:  0.2050   0.5090   0.7130   0.9150   1.1160   1.3660   1.5650   1.9140   2.1080   2.3270   2.6410   3.1880   3.5650   3.7960  -3.8990  -4.0860  -4.1190  -4.1850  -4.3870  -4.9470  -6.4110  -6.4260  -6.4410;
168:  0.2040   0.5090   0.7130   0.9150   1.1160   1.3660   1.5640   1.9130   2.1070   2.3270   2.6410   3.1910   3.5700   3.7930  -3.8950  -4.0850  -4.1190  -4.1840  -4.3860  -4.9460  -6.4080  -6.4230  -6.4380;
169:  0.2040   0.5090   0.7130   0.9140   1.1160   1.3660   1.5640   1.9120   2.1060   2.3280   2.6420   3.1920   3.5760   3.7900  -3.8920  -4.0840  -4.1180  -4.1840  -4.3860  -4.9460  -6.4050  -6.4200  -6.4340;
170:  0.2040   0.5090   0.7130   0.9140   1.1150   1.3660   1.5640   1.9120   2.1060   2.3290   2.6420   3.1920   3.5800   3.7870  -3.8890  -4.0830  -4.1180  -4.1840  -4.3870  -4.9480  -6.4020  -6.4170  -6.4310;
171:  0.2040   0.5090   0.7120   0.9140   1.1150   1.3650   1.5640   1.9110   2.1060   2.3300   2.6430   3.1920   3.5840   3.7830  -3.8860  -4.0820  -4.1180  -4.1850  -4.3880  -4.9520  -6.3990  -6.4140  -6.4280;
172:  0.2040   0.5080   0.7120   0.9130   1.1150   1.3650   1.5650   1.9100   2.1060   2.3320   2.6430   3.1910   3.5860   3.7790  -3.8830  -4.0810  -4.1180  -4.1850  -4.3900  -4.9570  -6.3960  -6.4110  -6.4250;
173:  0.2040   0.5080   0.7120   0.9130   1.1140   1.3640   1.5650   1.9090   2.1060   2.3330   2.6430   3.1910   3.5890   3.7750   3.8810  -4.0800  -4.1180  -4.1860  -4.3930  -4.9630  -6.3930  -6.4080  -6.4220;
174:  0.2040   0.5080   0.7110   0.9120   1.1130   1.3640   1.5650   1.9080   2.1070   2.3350   2.6430   3.1900   3.5900   3.7710   3.8790  -4.0790  -4.1180  -4.1870  -4.3960  -4.9710  -6.3910  -6.4050  -6.4190;
175:  0.2040   0.5080   0.7110   0.9120   1.1130   1.3630   1.5660   1.9070   2.1070   2.3360   2.6430   3.1890   3.5900   3.7680   3.8770  -4.0790  -4.1180  -4.1890  -4.4000  -4.9810  -6.3880  -6.4030  -6.4160;
176:  0.2040   0.5070   0.7110   0.9110   1.1130   1.3620   1.5670   1.9060   2.1080   2.3370   2.6430   3.1880   3.5890   3.7640   3.8750  -4.0780  -4.1190  -4.1900  -4.4050  -4.9920  -6.3860  -6.4000  -6.4130;
177:  0.2040   0.5070   0.7110   0.9110   1.1120   1.3620   1.5690   1.9040   2.1090   2.3390   2.6430   3.1860   3.5880   3.7610   3.8730  -4.0770  -4.1190  -4.1920  -4.4100  -5.0050  -6.3850  -6.3970  -6.4100;
178:  0.2040   0.5070   0.7100   0.9110   1.1120   1.3610   1.5700   1.9020   2.1090   2.3400   2.6420   3.1840   3.5860   3.7580   3.8720  -4.0760  -4.1190  -4.1940  -4.4160  -5.0190  -6.3830  -6.3950  -6.4080;
179:  0.2040   0.5060   0.7100   0.9100   1.1120   1.3610   1.5710   1.9000   2.1090   2.3410   2.6420   3.1840   3.5840   3.7560   3.8700  -4.0750  -4.1200  -4.1970  -4.4220  -5.0350  -6.3810  -6.3920  -6.4050;
180:  0.2040   0.5060   0.7100   0.9090   1.1110   1.3600   1.5720   1.8980   2.1100   2.3430   2.6420   3.1820   3.5800   3.7550   3.8690  -4.0740  -4.1200  -4.1990  -4.4290  -5.0520  -6.3790  -6.3900  -6.4020;
181:  0.2040   0.5050   0.7090   0.9090   1.1110   1.3600   1.5740   1.8960   2.1100   2.3430   2.6410   3.1800   3.5760   3.7530   3.8680  -4.0730  -4.1210  -4.2010  -4.4370  -5.0710  -6.3770  -6.3870  -6.3990;
182:  0.2040   0.5050   0.7090   0.9080   1.1100   1.3590   1.5750   1.8930   2.1100   2.3440   2.6400   3.1770   3.5710   3.7530   3.8670  -4.0720  -4.1210  -4.2040  -4.4450  -5.0910  -6.3740  -6.3840  -6.3960;
183:  0.2040   0.5050   0.7090   0.9070   1.1100   1.3590   1.5760   1.8910   2.1100   2.3460   2.6390   3.1740   3.5660   3.7520   3.8660  -4.0710  -4.1210  -4.2070  -4.4540  -5.1120  -6.3710  -6.3810  -6.3930;
184:  0.2040   0.5040   0.7080   0.9070   1.1100   1.3580   1.5770   1.8880   2.1100   2.3470   2.6380   3.1700   3.5610   3.7520   3.8650  -4.0700  -4.1220  -4.2100  -4.4630  -5.1350  -6.3680  -6.3780  -6.3890;
185:  0.2040   0.5040   0.7080   0.9060   1.1090   1.3580   1.5780   1.8850   2.1100   2.3480   2.6370   3.1650   3.5550   3.7530  -3.8630  -4.0690  -4.1220  -4.2120  -4.4730  -5.1580  -6.3640  -6.3750  -6.3860;
186:  0.2040   0.5040   0.7080   0.9060   1.1090   1.3580   1.5780   1.8820   2.1090   2.3490   2.6360   3.1610   3.5480   3.7530  -3.8610  -4.0680  -4.1230  -4.2150  -4.4840  -5.1810  -6.3610  -6.3720  -6.3820;
187:  0.2040   0.5030   0.7070   0.9050   1.1090   1.3580   1.5790   1.8790   2.1070   2.3490   2.6350   3.1550   3.5410   3.7530  -3.8610  -4.0670  -4.1230  -4.2190  -4.4950  -5.2050  -6.3580  -6.3680  -6.3790;
188:  0.2040   0.5030   0.7070   0.9050   1.1080   1.3580   1.5790   1.8770   2.1050   2.3490   2.6330   3.1500   3.5350   3.7530  -3.8590  -4.0660  -4.1240  -4.2220  -4.5070  -5.2280  -6.3540  -6.3640  -6.3740;
189:  0.2040   0.5020   0.7060   0.9040   1.1080   1.3580   1.5790   1.8740   2.1030   2.3480   2.6320   3.1450   3.5280   3.7530  -3.8580  -4.0650  -4.1240  -4.2250  -4.5190  -5.2500  -6.3500  -6.3600  -6.3700;
190:  0.2040   0.5020   0.7060   0.9040   1.1070   1.3580   1.5790   1.8720   2.1010   2.3470   2.6300   3.1390   3.5210   3.7530  -3.8570  -4.0640  -4.1240  -4.2290  -4.5320  -5.2720  -6.3460  -6.3550  -6.3660;
191:  0.2040   0.5010   0.7060   0.9040   1.1070   1.3590   1.5790   1.8700   2.0980   2.3460   2.6280   3.1330   3.5140   3.7530  -3.8560  -4.0640  -4.1250  -4.2320  -4.5450  -5.2920  -6.3410  -6.3500  -6.3610;
192:  0.2050   0.5010   0.7050   0.9030   1.1060   1.3590   1.5780   1.8680   2.0950   2.3440   2.6260   3.1270   3.5070   3.7510  -3.8540  -4.0630  -4.1250  -4.2360  -4.5580  -5.3110  -6.3350  -6.3450  -6.3560;
193:  0.2050   0.5010   0.7050   0.9030   1.1060   1.3590   1.5780   1.8660   2.0920   2.3420   2.6240   3.1190   3.5010   3.7500  -3.8530  -4.0620  -4.1260  -4.2400  -4.5700  -5.3280  -6.3290  -6.3400  -6.3500;
194:  0.2050   0.5000   0.7040   0.9030   1.1050   1.3590   1.5780   1.8650   2.0890   2.3390   2.6220   3.1120   3.4940   3.7480  -3.8510  -4.0610  -4.1260  -4.2440  -4.5820  -5.3430  -6.3240  -6.3340  -6.3450;
195:  0.2050   0.5000   0.7040   0.9020   1.1040   1.3590   1.5760   1.8640   2.0870   2.3360   2.6200   3.1050   3.4880   3.7450  -3.8490  -4.0600  -4.1270  -4.2480  -4.5940  -5.3580  -6.3180  -6.3280  -6.3390;
196:  0.2050   0.4990   0.7030   0.9020   1.1030   1.3590   1.5760   1.8630   2.0840   2.3330   2.6180   3.0980   3.4810   3.7420  -3.8470  -4.0590  -4.1270  -4.2530  -4.6050  -5.3720  -6.3120  -6.3210  -6.3330;
197:  0.2050   0.4990   0.7030   0.9020   1.1020   1.3590   1.5750   1.8630   2.0820   2.3290   2.6150   3.0910   3.4750   3.7380  -3.8450  -4.0580  -4.1280  -4.2580  -4.6150  -5.3850  -6.3040  -6.3150  -6.3260;
198:  0.2050   0.4990   0.7020   0.9010   1.1010   1.3590   1.5730   1.8630   2.0800   2.3260   2.6130   3.0840   3.4690   3.7340  -3.8440  -4.0570  -4.1280  -4.2630  -4.6240  -5.3950  -6.2970  -6.3070  -6.3190;
199:  0.2050   0.4980   0.7020   0.9010   1.1000   1.3590   1.5720   1.8630   2.0790   2.3220   2.6100   3.0770   3.4630   3.7290  -3.8420  -4.0560  -4.1280  -4.2690  -4.6330  -5.4030  -6.2880  -6.3000  -6.3120;
200:  0.2050   0.4980   0.7010   0.9010   1.0990   1.3590   1.5710   1.8630   2.0770   2.3190   2.6070   3.0710   3.4570   3.7240  -3.8400  -4.0550  -4.1290  -4.2750  -4.6410  -5.4090  -6.2790  -6.2920  -6.3050;
201:  0.2050   0.4980   0.7000   0.9010   1.0980   1.3580   1.5700   1.8630   2.0760   2.3160   2.6040   3.0660   3.4520   3.7180  -3.8370  -4.0540  -4.1290  -4.2820  -4.6480  -5.4150  -6.2700  -6.2840  -6.2980;
202:  0.2050   0.4970   0.7000   0.9000   1.0970   1.3580   1.5690   1.8630   2.0750   2.3130   2.6010   3.0620   3.4470   3.7130  -3.8340  -4.0520  -4.1300  -4.2890  -4.6540  -5.4190  -6.2610  -6.2750  -6.2900;
203:  0.2050   0.4970   0.6990   0.9000   1.0960   1.3580   1.5680   1.8630   2.0740   2.3100   2.5980   3.0580   3.4430   3.7070  -3.8310  -4.0500  -4.1300  -4.2960  -4.6580  -5.4220  -6.2520  -6.2670  -6.2820;
204:  0.2060   0.4970   0.6990   0.8990   1.0950   1.3580   1.5670   1.8630   2.0730   2.3080   2.5950   3.0550   3.4380   3.7020  -3.8280  -4.0470  -4.1310  -4.3040  -4.6620  -5.4240  -6.2420  -6.2590  -6.2740;
205:  0.2060   0.4960   0.6980   0.8990   1.0930   1.3580   1.5650   1.8630   2.0720   2.3050   2.5920   3.0510   3.4340   3.6960  -3.8240  -4.0440  -4.1310  -4.3120  -4.6650  -5.4240  -6.2330  -6.2500  -6.2660;
206:  0.2060   0.4960   0.6970   0.8990   1.0920   1.3580   1.5640   1.8630   2.0710   2.3030   2.5890   3.0480   3.4310   3.6910   3.8210  -4.0400  -4.1320  -4.3210  -4.6660  -5.4240  -6.2220  -6.2410  -6.2580;
207:  0.2060   0.4960   0.6970   0.8980   1.0910   1.3580   1.5630   1.8630   2.0710   2.3010   2.5850   3.0450   3.4280   3.6860   3.8170  -4.0350  -4.1320  -4.3300  -4.6670  -5.4230  -6.2130  -6.2320  -6.2490;
208:  0.2060   0.4960   0.6960   0.8970   1.0900   1.3580   1.5620   1.8620   2.0710   2.2990   2.5820   3.0420   3.4250   3.6820   3.8130  -4.0300  -4.1320  -4.3390  -4.6680  -5.4220  -6.2030  -6.2240  -6.2410;
209:  0.2060   0.4960   0.6950   0.8960   1.0890   1.3580   1.5600   1.8620   2.0700   2.2970   2.5780   3.0380   3.4230   3.6800   3.8090  -4.0230  -4.1330  -4.3490  -4.6670  -5.4210  -6.1950  -6.2150   0.0000;
210:  0.2070   0.4950   0.6950   0.8960   1.0870   1.3580   1.5590   1.8610   2.0700   2.2950   2.5740   3.0340   3.4200   3.6780   3.8040  -4.0170  -4.1330  -4.3580  -4.6660  -5.4200  -6.1860  -6.2060   0.0000;
211:  0.2070   0.4950   0.6940   0.8950   1.0860   1.3570   1.5580   1.8600   2.0690   2.2930   2.5710   3.0300   3.4180   3.6770   3.8000  -4.0090  -4.1340  -4.3680  -4.6650  -5.4190  -6.1780  -6.1980   0.0000;
212:  0.2070   0.4950   0.6930   0.8940   1.0850   1.3570   1.5570   1.8590   2.0690   2.2910   2.5670   3.0270   3.4150   3.6780   3.7960  -4.0010  -4.1340  -4.3770  -4.6640  -5.4180  -6.1700  -6.1890   0.0000;
213:  0.2070   0.4950   0.6930   0.8930   1.0840   1.3560   1.5560   1.8580   2.0680   2.2900   2.5630   3.0240   3.4120   3.6790   3.7920  -3.9920  -4.1350  -4.3860  -4.6640  -5.4170  -6.1630   0.0000   0.0000;
214:  0.2070   0.4950   0.6920   0.8920   1.0830   1.3560   1.5550   1.8560   2.0670   2.2880   2.5590   3.0210   3.4100   3.6820   3.7880  -3.9830  -4.1350  -4.3940  -4.6630  -5.4170  -6.1550   0.0000   0.0000;
215:  0.2070   0.4950   0.6910   0.8910   1.0820   1.3550   1.5530   1.8540   2.0660   2.2860   2.5550   3.0190   3.4080   3.6860   3.7850  -3.9740  -4.1350  -4.4010  -4.6620  -5.4140  -6.1460   0.0000   0.0000;
216:  0.2070   0.4940   0.6910   0.8900   1.0810   1.3540   1.5510   1.8530   2.0640   2.2840   2.5510   3.0170   3.4060   3.6910   3.7820  -3.9650  -4.1360  -4.4070  -4.6610  -5.4130  -6.1390   0.0000   0.0000;
217:  0.2080   0.4940   0.6900   0.8890   1.0800   1.3530   1.5500   1.8510   2.0630   2.2820   2.5470   3.0150   3.4050  -3.6970  -3.7790  -3.9550  -4.1360  -4.4120  -4.6610  -5.4130   0.0000   0.0000   0.0000;
218:  0.2080   0.4940   0.6890   0.8890   1.0790   1.3520   1.5490   1.8490   2.0610   2.2800   2.5430   3.0130   3.4040  -3.7050  -3.7790  -3.9460  -4.1360  -4.4150  -4.6600  -5.4140   0.0000   0.0000   0.0000;
219:  0.2080   0.4940   0.6890   0.8880   1.0780   1.3510   1.5470   1.8470   2.0580   2.2770   2.5390   3.0100   3.4040  -3.7130  -3.7790  -3.9370  -4.1340  -4.4170  -4.6590  -5.4180   0.0000   0.0000   0.0000;
220:  0.2080   0.4940   0.6880   0.8870   1.0770   1.3500   1.5460   1.8450   2.0560   2.2740   2.5350   3.0070   3.4040  -3.7230  -3.7810  -3.9280  -4.1320  -4.4170  -4.6580  -5.4220   0.0000   0.0000   0.0000;
221:  0.2080   0.4940   0.6880   0.8860   1.0760   1.3480   1.5440   1.8430   2.0540   2.2710   2.5310   3.0050   3.4040  -3.7340  -3.7850  -3.9210  -4.1280  -4.4140  -4.6570  -5.4270   0.0000   0.0000   0.0000;
222:  0.2090   0.4940   0.6870   0.8850   1.0760   1.3470   1.5420   1.8410   2.0510   2.2680   2.5270   3.0030   3.4050  -3.7460  -3.7890  -3.9140  -4.1230  -4.4100  -4.6570   0.0000   0.0000   0.0000   0.0000;
223:  0.2090   0.4930   0.6870   0.8840   1.0750   1.3450   1.5410   1.8390   2.0480   2.2650   2.5230   3.0010   3.4050  -3.7590  -3.7950  -3.9080  -4.1180  -4.4030  -4.6560   0.0000   0.0000   0.0000   0.0000;
224:  0.2090   0.4930   0.6860   0.8830   1.0750   1.3430   1.5390   1.8380   2.0460   2.2620   2.5190   2.9990   3.4050  -3.7720  -3.8020  -3.9030  -4.1110  -4.3940  -4.6550   0.0000   0.0000   0.0000   0.0000;
225:  0.2090   0.4930   0.6860   0.8820   1.0740   1.3410   1.5370   1.8360   2.0440   2.2580   2.5150   2.9980   3.4050  -3.7860  -3.8100  -3.8990  -4.1030  -4.3830  -4.6540   0.0000   0.0000   0.0000   0.0000;
226:  0.2090   0.4930   0.6850   0.8810   1.0740   1.3390   1.5350   1.8340   2.0410   2.2550   2.5110   2.9960   3.4040  -3.8010  -3.8200  -3.8970  -4.0940  -4.3700  -4.6530   0.0000   0.0000   0.0000   0.0000;
227:  0.2090   0.4930   0.6850   0.8800   1.0730   1.3360   1.5330   1.8330   2.0380   2.2510   2.5070   2.9950   3.4030  -3.8160  -3.8300  -3.8960  -4.0840  -4.3540  -4.6520   0.0000   0.0000   0.0000   0.0000;
228:  0.2100   0.4930   0.6840   0.8790   1.0730   1.3340   1.5310   1.8310   2.0360   2.2470   2.5030   2.9930   3.4100  -3.8310  -3.8410  -3.8960  -4.0740  -4.3360  -4.6510   0.0000   0.0000   0.0000   0.0000;
229:  0.2100   0.4930   0.6840   0.8780   1.0720   1.3320   1.5290   1.8300   2.0330   2.2440   2.4990   2.9910   3.4100  -3.8460  -3.8530  -3.8970  -4.0630  -4.3160  -4.6500   0.0000   0.0000   0.0000   0.0000;
230:  0.2100   0.4920   0.6840   0.8770   1.0720   1.3290   1.5270   1.8280   2.0310   2.2400   2.4950   2.9890   3.3780  -3.8610  -3.8650  -3.8990  -4.0520  -4.2960  -4.6490   0.0000   0.0000   0.0000   0.0000;
231:  0.2100   0.4920   0.6830   0.8770   1.0720   1.3270   1.5250   1.8260   2.0280   2.2360   2.4910   2.9860   3.3780  -3.8760  -3.8780  -3.9020  -4.0410  -4.2740  -4.6470   0.0000   0.0000   0.0000   0.0000;
232:  0.2100   0.4920   0.6830   0.8760   1.0710   1.3250   1.5240   1.8240   2.0260   2.2330   2.4870   2.9820   3.3820  -3.8920  -3.8920  -3.9060  -4.0300  -4.2510  -4.6440   0.0000   0.0000   0.0000   0.0000;
233:  0.2110   0.4920   0.6820   0.8750   1.0710   1.3230   1.5220   1.8230   2.0230   2.2290   2.4840   2.9770   3.3840  -3.9070  -3.9050  -3.9120  -4.0190  -4.2270  -4.6410   0.0000   0.0000   0.0000   0.0000;
234:  0.2110   0.4920   0.6820   0.8740   1.0710   1.3210   1.5200   1.8210   2.0210   2.2250   2.4800   2.9710   3.3840  -3.9220  -3.9190  -3.9190  -4.0080  -4.2030  -4.6360   0.0000   0.0000   0.0000   0.0000;
235:  0.2110   0.4910   0.6820   0.8730   1.0710   1.3180   1.5190   1.8200   2.0180   2.2220   2.4760   2.9640   3.3610  -3.9370  -3.9330  -3.9270  -3.9990  -4.1780  -4.6300   0.0000   0.0000   0.0000   0.0000;
236:  0.2110   0.4910   0.6820   0.8730   1.0700   1.3160   1.5170   1.8180   2.0160   2.2200   2.4730   2.9570   3.3610  -3.9520  -3.9460  -3.9350  -3.9900  -4.1550  -4.6230   0.0000   0.0000   0.0000   0.0000;
237:  0.2110   0.4910   0.6810   0.8720   1.0700   1.3150   1.5160   1.8160   2.0140   2.2170   2.4690   2.9490   3.3570  -3.9660  -3.9590  -3.9440  -3.9820  -4.1320  -4.6150   0.0000   0.0000   0.0000   0.0000;
238:  0.2110   0.4910   0.6810   0.8710   1.0700   1.3130   1.5140   1.8150   2.0110   2.2150   2.4660   2.9420   3.3440  -3.9800  -3.9710  -3.9530  -3.9760  -4.1100  -4.6050   0.0000   0.0000   0.0000   0.0000;
239:  0.2120   0.4910   0.6810   0.8700   1.0690   1.3110   1.5130   1.8130   2.0090   2.2130   2.4630   2.9350   3.3340  -3.9920  -3.9820  -3.9620  -3.9710  -4.0890  -4.5940   0.0000   0.0000   0.0000   0.0000;
240:  0.2120   0.4910   0.6800   0.8700   1.0690   1.3100   1.5110   1.8110   2.0070   2.2110   2.4600   2.9280   3.3350  -4.0040  -3.9930  -3.9710  -3.9690  -4.0700  -4.5820   0.0000   0.0000   0.0000   0.0000;
241:  0.2120   0.4910   0.6800   0.8690   1.0680   1.3090   1.5100   1.8100   2.0050   2.2090   2.4570   2.9200   3.3350  -4.0140  -4.0020  -3.9800  -3.9670  -4.0530  -4.5680   0.0000   0.0000   0.0000   0.0000;
242:  0.2120   0.4900   0.6800   0.8690   1.0670   1.3070   1.5090   1.8080   2.0030   2.2070   2.4540   2.9130   3.3350  -4.0230  -4.0100  -3.9890  -3.9670  -4.0370  -4.5520   0.0000   0.0000   0.0000   0.0000;
243:  0.2120   0.4900   0.6800   0.8690   1.0670   1.3060   1.5070   1.8070   2.0020   2.2060   2.4510   2.9070   3.3460  -4.0310  -4.0180  -3.9970  -3.9680  -4.0240  -4.5350   0.0000   0.0000   0.0000   0.0000;
244:  0.2120   0.4900   0.6800   0.8680   1.0670   1.3050   1.5060   1.8050   2.0000   2.2050   2.4480   2.9000   3.3460  -4.0370  -4.0240  -4.0040  -3.9710  -4.0140  -4.5170   0.0000   0.0000   0.0000   0.0000;
245:  0.2120   0.4900   0.6800   0.8680   1.0660   1.3040   1.5050   1.8030   1.9990   2.2040   2.4460   2.8950   3.3220  -4.0410  -4.0290  -4.0100  -3.9740  -4.0060  -4.4960   0.0000   0.0000   0.0000   0.0000;
246:  0.2130   0.4900   0.6790   0.8670   1.0660   1.3040   1.5040   1.8020   1.9970   2.2040   2.4440   2.8900   3.3220  -4.0440  -4.0320  -4.0160  -3.9770  -4.0000  -4.4750   0.0000   0.0000   0.0000   0.0000;
247:  0.2130   0.4900   0.6790   0.8670   1.0650   1.3030   1.5040   1.8000   1.9960   2.2040   2.4410   2.8850   3.2890  -4.0450  -4.0340  -4.0200  -3.9810  -3.9970  -4.4560   0.0000   0.0000   0.0000   0.0000;
248:  0.2130   0.4900   0.6790   0.8670   1.0650   1.3020   1.5030   1.7990   1.9950   2.2030   2.4390   2.8810   3.3270  -4.0440  -4.0350  -4.0230  -3.9850  -3.9960  -4.4370   0.0000   0.0000   0.0000   0.0000;
249:  0.2130   0.4890   0.6790   0.8670   1.0650   1.3010   1.5030   1.7980   1.9950   2.2020   2.4370   2.8780   3.2900  -4.0420  -4.0350  -4.0250  -3.9900  -3.9980  -4.4200   0.0000   0.0000   0.0000   0.0000;
250:  0.2130   0.4890   0.6790   0.8670   1.0650   1.3000   1.5020   1.7960   1.9950   2.2020   2.4350   2.8750   3.2900  -4.0380  -4.0330  -4.0260  -3.9950  -4.0010  -4.4060   0.0000   0.0000   0.0000   0.0000;
251:  0.2130   0.4890   0.6790   0.8670   1.0650   1.2990   1.5020   1.7950   1.9940   2.2020   2.4340   2.8730   3.2890  -4.0330  -4.0300  -4.0260  -3.9990  -4.0070  -4.3950   0.0000   0.0000   0.0000   0.0000;
252:  0.2130   0.4890   0.6780   0.8660   1.0640   1.2980   1.5020   1.7940   1.9940   2.2010   2.4320   2.8710   3.2650  -4.0270  -4.0260  -4.0250  -4.0040  -4.0160  -4.3880   0.0000   0.0000   0.0000   0.0000;
253:  0.2130   0.4890   0.6780   0.8660   1.0640   1.2970   1.5020   1.7940   1.9940   2.2010   2.4310   2.8700   3.2460  -4.0190  -4.0210  -4.0220  -4.0080  -4.0270  -4.3850   0.0000   0.0000   0.0000   0.0000;
254:  0.2130   0.4890   0.6780   0.8660   1.0640   1.2970   1.5020   1.7930   1.9950   2.2010   2.4290   2.8690   3.2440  -4.0100  -4.0140  -4.0180  -4.0130  -4.0400  -4.3860   0.0000   0.0000   0.0000   0.0000;
255:  0.2130   0.4890   0.6780   0.8660   1.0640   1.2960   1.5020   1.7920   1.9950   2.2010   2.4280   2.8690   3.2170  -3.9990  -4.0070  -4.0130  -4.0170  -4.0540  -4.3900   0.0000   0.0000   0.0000   0.0000;
256:  0.2140   0.4890   0.6780   0.8660   1.0640   1.2960   1.5020   1.7910   1.9950   2.2010   2.4270   2.8680   3.2150  -3.9880  -3.9990  -4.0080  -4.0210  -4.0700  -4.3970   0.0000   0.0000   0.0000   0.0000;
257:  0.2140   0.4890   0.6780   0.8660   1.0640   1.2950   1.5020   1.7910   1.9960   2.2000   2.4270   2.8680   3.2130  -3.9780  -3.9900  -4.0020  -4.0260  -4.0880  -4.4070   0.0000   0.0000   0.0000   0.0000;
258:  0.2140   0.4890   0.6780   0.8670   1.0640   1.2950   1.5020   1.7900   1.9960   2.2000   2.4260   2.8690   3.2120  -3.9670  -3.9810  -3.9950  -4.0300  -4.1080  -4.4190   0.0000   0.0000   0.0000   0.0000;
259:  0.2140   0.4890   0.6780   0.8670   1.0640   1.2950   1.5030   1.7900   1.9970   2.2000   2.4250   2.8690   3.2120  -3.9550  -3.9710  -3.9880  -4.0340  -4.1280  -4.4340   0.0000   0.0000   0.0000   0.0000;
260:  0.2140   0.4890   0.6780   0.8670   1.0640   1.2950   1.5030   1.7890   1.9970   2.2010   2.4250   2.8690   3.2130  -3.9440  -3.9610  -3.9810  -4.0390  -4.1490  -4.4500   0.0000   0.0000   0.0000   0.0000;
261:  0.2140   0.4890   0.6780   0.8670   1.0640   1.2950   1.5040   1.7890   1.9980   2.2020   2.4250   2.8680   3.2150  -3.9330  -3.9510  -3.9740  -4.0440  -4.1720  -4.4680   0.0000   0.0000   0.0000   0.0000;
262:  0.2140   0.4890   0.6780   0.8670   1.0650   1.2950   1.5040   1.7890   1.9990   2.2020   2.4250   2.8670   3.2180  -3.9210  -3.9400  -3.9660  -4.0500  -4.1950  -4.4860   0.0000   0.0000   0.0000   0.0000;
263:  0.2140   0.4890   0.6780   0.8670   1.0650   1.2960   1.5040   1.7890   1.9990   2.2030   2.4250   2.8660   3.2220  -3.9100  -3.9290  -3.9590  -4.0550  -4.2180  -4.5050   0.0000   0.0000   0.0000   0.0000;
264:  0.2140   0.4890   0.6780   0.8680   1.0650   1.2960   1.5040   1.7900   2.0000   2.2040   2.4260   2.8650   3.2260  -3.8990  -3.9170  -3.9510  -4.0620  -4.2410  -4.5240   0.0000   0.0000   0.0000   0.0000;
265:  0.2140   0.4890   0.6780   0.8680   1.0650   1.2960   1.5040   1.7900   2.0000   2.2040   2.4260   2.8660   3.2310  -3.8870  -3.9060  -3.9440  -4.0690  -4.2640  -4.5450   0.0000   0.0000   0.0000   0.0000;
266:  0.2140   0.4890   0.6780   0.8680   1.0650   1.2970   1.5040   1.7900   2.0010   2.2050   2.4270   2.8660   3.2360  -3.8760  -3.8950  -3.9370  -4.0760  -4.2850  -4.5630   0.0000   0.0000   0.0000   0.0000;
267:  0.2140   0.4890   0.6780   0.8690   1.0650   1.2980   1.5040   1.7910   2.0020   2.2060   2.4280   2.8660   3.2970  -3.8640  -3.8840  -3.9310  -4.0830  -4.3060  -4.5780   0.0000   0.0000   0.0000   0.0000;
268:  0.2140   0.4890   0.6780   0.8690   1.0650   1.2990   1.5040   1.7910   2.0020   2.2070   2.4290   2.8670   3.3000  -3.8530  -3.8720  -3.9260  -4.0910  -4.3260  -4.5900   0.0000   0.0000   0.0000   0.0000;
269:  0.2140   0.4890   0.6780   0.8690   1.0650   1.3000   1.5050   1.7920   2.0030   2.2080   2.4300   2.8670   3.3020  -3.8420  -3.8610  -3.9210  -4.0980  -4.3440  -4.6000   0.0000   0.0000   0.0000   0.0000;
270:  0.2140   0.4890   0.6790   0.8690   1.0650   1.3020   1.5050   1.7930   2.0030   2.2090   2.4310   2.8690   3.3200  -3.8300  -3.8510  -3.9160  -4.1060  -4.3610  -4.6070   0.0000   0.0000   0.0000   0.0000;
271:  0.2140   0.4890   0.6790   0.8690   1.0650   1.3030   1.5050   1.7930   2.0040   2.2100   2.4330   2.8710   3.3200  -3.8190  -3.8410  -3.9130  -4.1130  -4.3770  -4.6120   0.0000   0.0000   0.0000   0.0000;
272:  0.2140   0.4890   0.6790   0.8690   1.0650   1.3040   1.5050   1.7940   2.0050   2.2110   2.4350   2.8730   3.3180  -3.8080  -3.8310  -3.9100  -4.1200  -4.3900  -4.6150   0.0000   0.0000   0.0000   0.0000;
273:  0.2140   0.4900   0.6790   0.8690   1.0650   1.3040   1.5050   1.7940   2.0050   2.2120   2.4360   2.8770   3.3100  -3.7960  -3.8220  -3.9080  -4.1270  -4.4020  -4.6150   0.0000   0.0000   0.0000   0.0000;
274:  0.2140   0.4900   0.6790   0.8690   1.0650   1.3050   1.5050   1.7950   2.0050   2.2130   2.4380   2.8800   3.3120  -3.7850  -3.8140  -3.9080  -4.1330  -4.4120  -4.6140   0.0000   0.0000   0.0000   0.0000;
275:  0.2140   0.4900   0.6800   0.8690   1.0660   1.3060   1.5050   1.7960   2.0060   2.2150   2.4400   2.8840   3.3100  -3.7740  -3.8060  -3.9080  -4.1390  -4.4210  -4.6140   0.0000   0.0000   0.0000   0.0000;
276:  0.2140   0.4900   0.6800   0.8690   1.0660   1.3070   1.5050   1.7970   2.0070   2.2160   2.4430   2.8890   3.3120  -3.7620  -3.7980  -3.9090  -4.1450  -4.4280  -4.6130   0.0000   0.0000   0.0000   0.0000;
277:  0.2140   0.4910   0.6800   0.8700   1.0660   1.3080   1.5060   1.7980   2.0070   2.2180   2.4450   2.8940   3.3160  -3.7510  -3.7920  -3.9120  -4.1500  -4.4340  -4.6120   0.0000   0.0000   0.0000   0.0000;
278:  0.2140   0.4910   0.6800   0.8690   1.0660   1.3090   1.5070   1.7980   2.0080   2.2200   2.4470   2.9020   3.3290  -3.7390  -3.7860  -3.9150  -4.1540  -4.4370  -4.6110   0.0000   0.0000   0.0000   0.0000;
279:  0.2140   0.4910   0.6800   0.8690   1.0670   1.3090   1.5070   1.8000   2.0090   2.2220   2.4500   2.9100   3.3230  -3.7280  -3.7810  -3.9190  -4.1570  -4.4400  -4.6110   0.0000   0.0000   0.0000   0.0000;
280:  0.2140   0.4910   0.6800   0.8690   1.0670   1.3100   1.5070   1.8010   2.0090   2.2230   2.4530   2.9180   3.3480  -3.7170  -3.7770  -3.9230  -4.1600  -4.4420  -4.6100   0.0000   0.0000   0.0000   0.0000;
281:  0.2140   0.4910   0.6810   0.8690   1.0670   1.3110   1.5080   1.8010   2.0100   2.2250   2.4560   2.9270   3.3230  -3.7050  -3.7730  -3.9280  -4.1630  -4.4420  -4.6090   0.0000   0.0000   0.0000   0.0000;
282:  0.2140   0.4920   0.6810   0.8690   1.0670   1.3120   1.5090   1.8020   2.0110   2.2270   2.4590   2.9360   3.3250  -3.6940  -3.7700  -3.9330  -4.1640  -4.4420  -4.6080   0.0000   0.0000   0.0000   0.0000;
283:  0.2140   0.4920   0.6810   0.8690   1.0680   1.3120   1.5100   1.8030   2.0110   2.2290   2.4620   2.9440   3.3270  -3.6830  -3.7680  -3.9370  -4.1650  -4.4420  -4.6070   0.0000   0.0000   0.0000   0.0000;
284:  0.2140   0.4920   0.6820   0.8690   1.0680   1.3130   1.5110   1.8040   2.0130   2.2310   2.4650   2.9520   3.3280  -3.6720  -3.7660  -3.9430  -4.1660  -4.4410  -4.6060   0.0000   0.0000   0.0000   0.0000;
285:  0.2130   0.4930   0.6820   0.8690   1.0690   1.3140   1.5120   1.8050   2.0130   2.2340   2.4680   2.9580   3.3290  -3.6610  -3.7650  -3.9470  -4.1660  -4.4410  -4.6060   0.0000   0.0000   0.0000   0.0000;
286:  0.2130   0.4930   0.6820   0.8690   1.0690   1.3150   1.5130   1.8070   2.0150   2.2360   2.4720   2.9640   3.3310  -3.6510  -3.7640  -3.9520  -4.1670  -4.4410  -4.6050   0.0000   0.0000   0.0000   0.0000;
287:  0.2130   0.4930   0.6820   0.8690   1.0700   1.3160   1.5130   1.8080   2.0160   2.2390   2.4750   2.9720   3.3310  -3.6410  -3.7640  -3.9560  -4.1670  -4.4400  -4.6040   0.0000   0.0000   0.0000   0.0000;
288:  0.2130   0.4940   0.6830   0.8690   1.0700   1.3160   1.5140   1.8090   2.0170   2.2410   2.4790   2.9780   3.3310  -3.6320  -3.7640  -3.9600  -4.1680  -4.4400  -4.6030   0.0000   0.0000   0.0000   0.0000;
289:  0.2130   0.4940   0.6830   0.8700   1.0700   1.3170   1.5150   1.8110   2.0190   2.2440   2.4820   2.9830   3.3310  -3.6230  -3.7640  -3.9630  -4.1680  -4.4390  -4.6030   0.0000   0.0000   0.0000   0.0000;
290:  0.2130   0.4950   0.6830   0.8700   1.0710   1.3180   1.5160   1.8120   2.0210   2.2460   2.4860   2.9870   3.3310  -3.6150  -3.7640  -3.9660  -4.1690  -4.4390  -4.6020   0.0000   0.0000   0.0000   0.0000;
291:  0.2130   0.4950   0.6840   0.8700   1.0710   1.3190   1.5180   1.8140   2.0230   2.2490   2.4900   2.9920   3.3310  -3.6070  -3.7640  -3.9680  -4.1690  -4.4390  -4.6010   0.0000   0.0000   0.0000   0.0000;
292:  0.2130   0.4950   0.6840   0.8710   1.0710   1.3200   1.5190   1.8160   2.0250   2.2520   2.4940   2.9960   3.3310   3.6010  -3.7640  -3.9700  -4.1700  -4.4380  -4.6000   0.0000   0.0000   0.0000   0.0000;
293:  0.2130   0.4960   0.6840   0.8710   1.0710   1.3210   1.5200   1.8180   2.0280   2.2540   2.4980   3.0000   3.3300   3.5950   3.7660  -3.9710  -4.1700  -4.4380  -4.5990   0.0000   0.0000   0.0000   0.0000;
294:  0.2120   0.4960   0.6850   0.8720   1.0720   1.3220   1.5210   1.8200   2.0310   2.2560   2.5020   3.0030   3.3290   3.5890   3.7670  -3.9710  -4.1700  -4.4380  -4.5990   0.0000   0.0000   0.0000   0.0000;
295:  0.2120   0.4960   0.6850   0.8720   1.0720   1.3220   1.5220   1.8220   2.0340   2.2590   2.5050   3.0070   3.3280   3.5840   3.7680  -3.9700  -4.1710  -4.4370  -4.5980   0.0000   0.0000   0.0000   0.0000;
296:  0.2120   0.4970   0.6850   0.8730   1.0730   1.3230   1.5230   1.8240   2.0370   2.2610   2.5090   3.0110   3.3270   3.5800   3.7680  -3.9700  -4.1710  -4.4370  -4.5970   0.0000   0.0000   0.0000   0.0000;
297:  0.2120   0.4980   0.6860   0.8730   1.0730   1.3240   1.5240   1.8260   2.0400   2.2640   2.5140   3.0130   3.3260   3.5770   3.7690  -3.9690  -4.1720  -4.4360  -4.5960   0.0000   0.0000   0.0000   0.0000;
298:  0.2120   0.4980   0.6860   0.8740   1.0740   1.3250   1.5250   1.8290   2.0430   2.2660   2.5180   3.0150   3.3250   3.5750   3.7690  -3.9680  -4.1720  -4.4360  -4.5950   0.0000   0.0000   0.0000   0.0000;
299:  0.2120   0.4980   0.6870   0.8740   1.0740   1.3250   1.5250   1.8310   2.0470   2.2690   2.5220   3.0170   3.3250   3.5730   3.7700  -3.9680  -4.1730  -4.4360  -4.5940   0.0000   0.0000   0.0000   0.0000;
300:  0.2110   0.4990   0.6870   0.8750   1.0750   1.3260   1.5260   1.8340   2.0500   2.2720   2.5260   3.0190   3.3260   3.5720   3.7710  -3.9680  -4.1730  -4.4350  -4.5940   0.0000   0.0000   0.0000   0.0000;
301:  0.2110   0.4990   0.6880   0.8750   1.0760   1.3270   1.5270   1.8370   2.0540   2.2750   2.5300   3.0210   3.3250   3.5710   3.7730  -3.9680  -4.1740  -4.4350  -4.5930   0.0000   0.0000   0.0000   0.0000;
302:  0.2110   0.5000   0.6880   0.8760   1.0760   1.3270   1.5280   1.8390   2.0570   2.2780   2.5340   3.0230   3.3250   3.5710   3.7730  -3.9690  -4.1740  -4.4350  -4.5920   0.0000   0.0000   0.0000   0.0000;
303:  0.2110   0.5000   0.6890   0.8760   1.0770   1.3280   1.5290   1.8420   2.0600   2.2810   2.5380   3.0250   3.3250   3.5710   3.7750   3.9700  -4.1750  -4.4340  -4.5910   0.0000   0.0000   0.0000   0.0000;
304:  0.2110   0.5010   0.6890   0.8770   1.0780   1.3290   1.5300   1.8450   2.0640   2.2840   2.5430   3.0270   3.3250   3.5710   3.7760   3.9710  -4.1770  -4.4340  -4.5900   0.0000   0.0000   0.0000   0.0000;
305:  0.2110   0.5010   0.6890   0.8770   1.0790   1.3290   1.5310   1.8480   2.0670   2.2870   2.5470   3.0290   3.3250   3.5720   3.7770   3.9720  -4.1780  -4.4340  -4.5900   0.0000   0.0000   0.0000   0.0000;
306:  0.2110   0.5020   0.6900   0.8780   1.0800   1.3300   1.5330   1.8500   2.0710   2.2910   2.5510   3.0320   3.3250   3.5730   3.7780   3.9740  -4.1800  -4.4330  -4.5890   0.0000   0.0000   0.0000   0.0000;
307:  0.2100   0.5020   0.6900   0.8790   1.0810   1.3300   1.5340   1.8530   2.0740   2.2950   2.5550   3.0340   3.3260   3.5740   3.7800   3.9760  -4.1820  -4.4330  -4.5880   0.0000   0.0000   0.0000   0.0000;
308:  0.2100   0.5030   0.6910   0.8790   1.0820   1.3310   1.5350   1.8560   2.0770   2.2990   2.5590   3.0370   3.3270   3.5750   3.7820   3.9780   4.1860  -4.4330  -4.5870   0.0000   0.0000   0.0000   0.0000;
309:  0.2100   0.5030   0.6910   0.8800   1.0830   1.3320   1.5360   1.8590   2.0800   2.3030   2.5630   3.0400   3.3280   3.5760   3.7830   3.9810   4.1890  -4.4320  -4.5860   0.0000   0.0000   0.0000   0.0000;
310:  0.2100   0.5040   0.6920   0.8810   1.0840   1.3330   1.5380   1.8620   2.0830   2.3070   2.5670   3.0430   3.3290   3.5780   3.7840   3.9830   4.1930  -4.4320  -4.5860   0.0000   0.0000   0.0000   0.0000;
311:  0.2100   0.5040   0.6930   0.8820   1.0850   1.3340   1.5390   1.8640   2.0860   2.3110   2.5710   3.0450   3.3300   3.5790   3.7850   3.9860   4.1970  -4.4320  -4.5860   0.0000   0.0000   0.0000   0.0000;
312:  0.2100   0.5050   0.6930   0.8830   1.0870   1.3350   1.5410   1.8670   2.0880   2.3150   2.5750   3.0470   3.3320   3.5800   3.7870   3.9900   4.2020  -4.4320  -4.5870   0.0000   0.0000   0.0000   0.0000;
313:  0.2100   0.5050   0.6940   0.8840   1.0880   1.3360   1.5420   1.8690   2.0910   2.3190   2.5790   3.0480   3.3330   3.5820   3.7890   3.9940   4.2070   4.4330  -4.5880   0.0000   0.0000   0.0000   0.0000;
314:  0.2090   0.5060   0.6940   0.8850   1.0890   1.3370   1.5440   1.8710   2.0940   2.3230   2.5830   3.0500   3.3350   3.5830   3.7900   3.9990   4.2120   4.4340  -4.5890   0.0000   0.0000   0.0000   0.0000;
315:  0.2090   0.5060   0.6950   0.8850   1.0900   1.3380   1.5460   1.8730   2.0960   2.3270   2.5860   3.0520   3.3360   3.5850   3.7930   4.0040   4.2170   4.4350  -4.5910   0.0000   0.0000   0.0000   0.0000;
316:  0.2090   0.5070   0.6950   0.8860   1.0910   1.3390   1.5470   1.8760   2.0990   2.3310   2.5900   3.0540   3.3380   3.5860   3.7950   4.0080   4.2230   4.4360   4.5940   0.0000   0.0000   0.0000   0.0000;
317:  0.2090   0.5070   0.6960   0.8870   1.0920   1.3400   1.5490   1.8780   2.1010   2.3350   2.5940   3.0550   3.3410   3.5870   3.7980   4.0120   4.2280   4.4370   4.5960   0.0000   0.0000   0.0000   0.0000;
318:  0.2090   0.5080   0.6960   0.8880   1.0930   1.3420   1.5500   1.8800   2.1040   2.3380   2.5970   3.0570   3.3430   3.5890   3.8010   4.0160   4.2340   4.4390   4.5980  -4.8260   0.0000   0.0000   0.0000;
319:  0.2090   0.5080   0.6970   0.8890   1.0950   1.3430   1.5520   1.8820   2.1060   2.3420   2.6010   3.0580   3.3440   3.5900   3.8040   4.0200   4.2390   4.4410   4.6000  -4.8190   0.0000   0.0000   0.0000;
320:  0.2090   0.5090   0.6980   0.8900   1.0960   1.3450   1.5530   1.8850   2.1080   2.3450   2.6040   3.0600   3.3460   3.5920   3.8070   4.0240   4.2450   4.4440   4.6030  -4.8120   0.0000   0.0000   0.0000;
321:  0.2090   0.5090   0.6980   0.8910   1.0970   1.3470   1.5550   1.8870   2.1110   2.3480   2.6080   3.0610   3.3480   3.5930   3.8090   4.0270   4.2500   4.4470   4.6060  -4.8050   0.0000   0.0000   0.0000;
322:  0.2090   0.5090   0.6990   0.8920   1.0980   1.3480   1.5560   1.8890   2.1130   2.3510   2.6110   3.0620   3.3490   3.5950   3.8120   4.0310   4.2540   4.4500   4.5920  -4.8000   4.9730   0.0000   0.0000;
323:  0.2080   0.5100   0.7000   0.8920   1.0990   1.3500   1.5580   1.8910   2.1160   2.3540   2.6140   3.0640   3.3510   3.5960   3.8140   4.0340   4.2580   4.4530   4.5990  -4.7950   4.9680   0.0000   0.0000;
324:  0.2080   0.5100   0.7000   0.8930   1.1000   1.3520   1.5590   1.8940   2.1180   2.3570   2.6170   3.0650   3.3530   3.5980   3.8160   4.0360   4.2610   4.4560   4.6120   4.7910   4.9640   0.0000   0.0000;
325:  0.2080   0.5110   0.7010   0.8940   1.1010   1.3530   1.5600   1.8960   2.1210   2.3590   2.6200   3.0660   3.3550   3.5990   3.8170   4.0380   4.2640   4.4590   4.6250   4.7880   4.9610   0.0000   0.0000;
326:  0.2080   0.5110   0.7020   0.8950   1.1030   1.3550   1.5620   1.8980   2.1240   2.3620   2.6230   3.0670   3.3560   3.6000   3.8180   4.0400   4.2670   4.4620   4.6250   4.7850   4.9580  -5.2690   0.0000;
327:  0.2080   0.5110   0.7020   0.8960   1.1040   1.3570   1.5640   1.9000   2.1260   2.3640   2.6260   3.0680   3.3570   3.6000   3.8190   4.0400   4.2690   4.4640   4.6250   4.7830   4.9570  -5.2690   0.0000;
328:  0.2080   0.5120   0.7030   0.8970   1.1050   1.3590   1.5650   1.9030   2.1280   2.3660   2.6290   3.0690   3.3580   3.6010   3.8200   4.0410   4.2700   4.4660   4.6300   4.7810   4.9570  -5.2690   0.0000;
329:  0.2080   0.5120   0.7030   0.8980   1.1060   1.3610   1.5660   1.9050   2.1310   2.3690   2.6310   3.0690   3.3580   3.6010   3.8200   4.0410   4.2700   4.4670   4.6340   4.7800   4.9580  -5.2700   0.0000;
330:  0.2080   0.5130   0.7040   0.8990   1.1070   1.3620   1.5680   1.9070   2.1340   2.3710   2.6340   3.0700   3.3590   3.6020   3.8200   4.0400   4.2700   4.4680   4.6390   4.7790   4.9590  -5.2720   0.0000;
331:  0.2080   0.5130   0.7050   0.9000   1.1080   1.3640   1.5690   1.9100   2.1360   2.3740   2.6360   3.0720   3.3600   3.6020   3.8190   4.0380   4.2680   4.4680   4.6430   4.7780   4.9610  -5.2750  -6.1250;
332:  0.2080   0.5130   0.7050   0.9010   1.1090   1.3660   1.5710   1.9120   2.1390   2.3760   2.6390   3.0730   3.3610   3.6020   3.8180   4.0370   4.2660   4.4670   4.6470   4.7780   4.9640  -5.2770  -6.1250;
333:  0.2070   0.5130   0.7060   0.9020   1.1100   1.3670   1.5730   1.9150   2.1410   2.3790   2.6410   3.0740   3.3620   3.6020   3.8170   4.0340   4.2640   4.4650   4.6520   4.7790   4.9670  -5.2810  -6.1250;
334:  0.2070   0.5140   0.7070   0.9030   1.1110   1.3690   1.5750   1.9170   2.1440   2.3810   2.6430   3.0740   3.3630   3.6020   3.8150   4.0310   4.2610   4.4630   4.6560   4.7800   4.9700  -5.2840  -6.1250;
335:  0.2070   0.5140   0.7070   0.9050   1.1120   1.3710   1.5760   1.9190   2.1460   2.3830   2.6450   3.0750   3.3640   3.6020   3.8130   4.0280   4.2580   4.4590   4.6610   4.7810   4.9740  -5.2870  -6.1250;
336:  0.2070   0.5140   0.7080   0.9050   1.1130   1.3720   1.5780   1.9210   2.1480   2.3860   2.6470   3.0770   3.3650   3.6020   3.8110   4.0250   4.2550   4.4550   4.6650   4.7820   4.9780  -5.2900  -6.1250;
337:  0.2070   0.5140   0.7080   0.9070   1.1150   1.3740   1.5800   1.9230   2.1510   2.3880   2.6490   3.0780   3.3650   3.6010   3.8090   4.0220   4.2510   4.4510   4.6700   4.7840   4.9830  -5.2940  -6.1250;
338:  0.2070   0.5140   0.7090   0.9070   1.1160   1.3750   1.5820   1.9250   2.1530   2.3900   2.6510   3.0790   3.3660   3.6010   3.8070   4.0190   4.2470   4.4460   4.6740   4.7850   4.9870  -5.2970  -6.1250;
339:  0.2070   0.5150   0.7090   0.9080   1.1170   1.3770   1.5840   1.9270   2.1550   2.3930   2.6530   3.0800   3.3670   3.6010   3.8050   4.0160   4.2440   4.4400   4.5460   4.7870   4.9920  -5.3000  -6.1250;
340:  0.2070   0.5150   0.7100   0.9090   1.1180   1.3780   1.5850   1.9290   2.1570   2.3950   2.6540   3.0820   3.3670   3.6010   3.8030   4.0130   4.2400   4.4350   4.5570   4.7890   4.9980  -5.3030  -6.1250;
341:  0.2070   0.5150   0.7100   0.9100   1.1190   1.3790   1.5870   1.9310   2.1590   2.3970   2.6560   3.0830   3.3680   3.6010   3.8020   4.0110   4.2350   4.4290   4.5570   4.7920   5.0040  -5.3080  -6.1250;
342:  0.2070   0.5150   0.7110   0.9110   1.1200   1.3800   1.5880   1.9320   2.1620   2.3990   2.6570   3.0840   3.3690   3.6010   3.8000   4.0080   4.2310   4.4230   4.5570   4.7930   5.0110  -5.3120  -6.1250;
343:  0.2070   0.5150   0.7110   0.9110   1.1210   1.3810   1.5900   1.9340   2.1640   2.4010   2.6580   3.0850   3.3690   3.6000   3.8000   4.0060   4.2270   4.4180   4.5570   4.7950   5.0200  -5.3170  -6.1250;
344:  0.2070   0.5150   0.7120   0.9120   1.1220   1.3820   1.5920   1.9350   2.1650   2.4030   2.6600   3.0850   3.3690   3.6010   3.8000   4.0040   4.2230   4.4140   4.5590   4.7970   5.0280  -5.3230  -6.1250;
345:  0.2070   0.5150   0.7120   0.9130   1.1230   1.3830   1.5930   1.9370   2.1670   2.4050   2.6610   3.0850   3.3700   3.6010   3.8000   4.0020   4.2190   4.4090   4.5610   4.8000   5.0370  -5.3290  -6.1250;
346:  0.2070   0.5150   0.7130   0.9130   1.1240   1.3840   1.5940   1.9380   2.1690   2.4070   2.6620   3.0860   3.3700   3.6020   3.8000   4.0000   4.2160   4.4050   4.5650   4.8020   5.0460  -5.3360  -6.1250;
347:  0.2070   0.5150   0.7130   0.9130   1.1240   1.3850   1.5960   1.9400   2.1710   2.4080   2.6630   3.0860   3.3710   3.6030   3.8000   3.9990   4.2120   4.4020   4.5650   4.8050   5.0550  -5.3440  -6.1250;
348:  0.2060   0.5150   0.7130   0.9140   1.1250   1.3860   1.5970   1.9410   2.1730   2.4100   2.6640   3.0860   3.3720   3.6040   3.8010   3.9980   4.2090   4.3980   4.5800   4.8090   5.0640  -5.3520  -6.1250;
349:  0.2060   0.5150   0.7140   0.9140   1.1260   1.3870   1.5980   1.9420   2.1740   2.4110   2.6640   3.0860   3.3730   3.6040   3.8010   3.9970   4.2070   4.3960   4.5940   4.8140   5.0730  -5.3610  -6.1250;
350:  0.2060   0.5140   0.7140   0.9150   1.1270   1.3880   1.5980   1.9440   2.1750   2.4120   2.6650   3.0860   3.3730   3.6050   3.8020   3.9970   4.2050   4.3940   4.6030   4.8190   5.0820  -5.3720  -6.1250;
351:  0.2060   0.5140   0.7140   0.9150   1.1280   1.3890   1.5990   1.9450   2.1760   2.4130   2.6660   3.0850   3.3730   3.6060   3.8030   3.9970   4.2040   4.3930   4.6030   4.8240   5.0910  -5.3840  -6.1250;
352:  0.2060   0.5140   0.7150   0.9150   1.1280   1.3890   1.5990   1.9460   2.1780   2.4140   2.6660   3.0850   3.3730   3.6070   3.8040   3.9970   4.2030   4.3920   4.6370   4.8290   5.0990  -5.3960  -6.1250;
353:  0.2060   0.5140   0.7150   0.9160   1.1290   1.3900   1.5990   1.9480   2.1780   2.4150   2.6670   3.0850   3.3730   3.6080   3.8050   3.9970   4.2030   4.3930   4.6370   4.8360   5.1060  -5.4100  -6.1250;
354:  0.2060   0.5130   0.7150   0.9160   1.1290   1.3910   1.6000   1.9490   2.1790   2.4160   2.6670   3.0840   3.3720   3.6090   3.8060   3.9980   4.2020   4.3930   4.6370   4.8420   5.1140  -5.4240  -6.1250;
355:  0.2060   0.5130   0.7150   0.9170   1.1300   1.3910   1.6000   1.9500   2.1800   2.4160   2.6680   3.0830   3.3720   3.6110   3.8080   3.9990   4.2020   4.3930   4.6250   4.8480   5.1210  -5.4390  -6.1250;
356:  0.2060   0.5130   0.7150   0.9170   1.1310   1.3920   1.6010   1.9520   2.1810   2.4170   2.6680   3.0820   3.3720   3.6120   3.8090   4.0000   4.2020   4.3950   4.6250   4.8530   5.1280  -5.4540  -6.1250;
357:  0.2060   0.5130   0.7150   0.9180   1.1310   1.3920   1.6010   1.9530   2.1810   2.4180   2.6680   3.0820   3.3710   3.6130   3.8110   4.0020   4.2030   4.3960   4.6450   4.8600   5.1360  -5.4690  -6.1250;
358:  0.2060   0.5130   0.7150   0.9180   1.1310   1.3930   1.6020   1.9540   2.1820   2.4190   2.6680   3.0810   3.3710   3.6140   3.8120   4.0030   4.2040   4.3980   4.6630   4.8670   5.1450  -5.4830  -6.1250;
359:  0.2060   0.5120   0.7150   0.9180   1.1310   1.3930   1.6020   1.9550   2.1820   2.4200   2.6680   3.0810   3.3710   3.6150   3.8140   4.0050   4.2060   4.4010   4.6560   4.8730   5.1540  -5.4970  -6.1250;
