C:\RK-3\Data\PA000001\HT0000010010R.DAT;
000:  0.0120   0.0320   0.0550   0.0850   0.1260   0.1760   0.2450   0.3270   0.3990   0.4820   0.6070   0.7480   0.8660   1.0040   1.1610   1.2980 -10000000000.0000 -10000000000.0000 -10000000000.0000 -10000000000.0000 -10000000000.0000 -10000000000.0000 -10000000000.0000;
001:  0.0120   0.0320   0.0550   0.0850   0.1270   0.1760   0.2450   0.3270   0.3990   0.4820   0.6080   0.7490   0.8660   1.0030   1.1580   1.2940 -10000000000.0000 -10000000000.0000 -10000000000.0000 -10000000000.0000 -10000000000.0000 -10000000000.0000 -10000000000.0000;
002:  0.0120   0.0320   0.0550   0.0850   0.1270   0.1760   0.2450   0.3270   0.3980   0.4820   0.6080   0.7500   0.8660   1.0010   1.1530   1.2890 -10000000000.0000 -10000000000.0000 -10000000000.0000 -10000000000.0000 -10000000000.0000 -10000000000.0000 -10000000000.0000;
003:  0.0120   0.0320   0.0550   0.0850   0.1260   0.1760   0.2450   0.3260   0.3980   0.4820   0.6080   0.7490   0.8660   1.0000   1.1490   1.2840 -10000000000.0000 -10000000000.0000 -10000000000.0000 -10000000000.0000 -10000000000.0000 -10000000000.0000 -10000000000.0000;
004:  0.0120   0.0320   0.0550   0.0860   0.1270   0.1770   0.2460   0.3270   0.3990   0.4830   0.6090   0.7500   0.8670   0.9990   1.1450 -10000000000.0000 -10000000000.0000 -10000000000.0000 -10000000000.0000 -10000000000.0000 -10000000000.0000 -10000000000.0000 -10000000000.0000;
005:  0.0130   0.0320   0.0550   0.0860   0.1270   0.1770   0.2460   0.3260   0.3980   0.4830   0.6100   0.7510   0.8680   0.9980   1.1420 -10000000000.0000 -10000000000.0000 -10000000000.0000 -10000000000.0000 -10000000000.0000 -10000000000.0000 -10000000000.0000 -10000000000.0000;
006:  0.0130   0.0320   0.0550   0.0860   0.1270   0.1770   0.2460   0.3260   0.3980   0.4840   0.6100   0.7510   0.8680   0.9960   1.1380 -10000000000.0000 -10000000000.0000 -10000000000.0000 -10000000000.0000 -10000000000.0000 -10000000000.0000 -10000000000.0000 -10000000000.0000;
007:  0.0130   0.0320   0.0560   0.0860   0.1270   0.1770   0.2460   0.3260   0.3990   0.4840   0.6110   0.7510   0.8680   0.9950   1.1340 -10000000000.0000 -10000000000.0000 -10000000000.0000 -10000000000.0000 -10000000000.0000 -10000000000.0000 -10000000000.0000 -10000000000.0000;
008:  0.0130   0.0320   0.0550   0.0860   0.1270   0.1770   0.2460   0.3260   0.3990   0.4840   0.6110   0.7510   0.8680   0.9930   1.1300 -10000000000.0000 -10000000000.0000 -10000000000.0000 -10000000000.0000 -10000000000.0000 -10000000000.0000 -10000000000.0000 -10000000000.0000;
009:  0.0110   0.0310   0.0540   0.0850   0.1260   0.1760   0.2440   0.3240   0.3970   0.4840   0.6100   0.7500   0.8660   0.9900 -10000000000.0000 -10000000000.0000 -10000000000.0000 -10000000000.0000 -10000000000.0000 -10000000000.0000 -10000000000.0000 -10000000000.0000 -10000000000.0000;
010:  0.0120   0.0310   0.0550   0.0850   0.1260   0.1760   0.2440   0.3240   0.3970   0.4840   0.6100   0.7500   0.8660   0.9880 -10000000000.0000 -10000000000.0000 -10000000000.0000 -10000000000.0000 -10000000000.0000 -10000000000.0000 -10000000000.0000 -10000000000.0000 -10000000000.0000;
011:  0.0110   0.0310   0.0540   0.0850   0.1260   0.1760   0.2440   0.3240   0.3970   0.4840   0.6100   0.7500   0.8650   0.9860 -10000000000.0000 -10000000000.0000 -10000000000.0000 -10000000000.0000 -10000000000.0000 -10000000000.0000 -10000000000.0000 -10000000000.0000 -10000000000.0000;
012:  0.0110   0.0310   0.0540   0.0850   0.1260   0.1760   0.2430   0.3230   0.3970   0.4840   0.6100   0.7500   0.8650   0.9840 -10000000000.0000 -10000000000.0000 -10000000000.0000 -10000000000.0000 -10000000000.0000 -10000000000.0000 -10000000000.0000 -10000000000.0000 -10000000000.0000;
013:  0.0110   0.0310   0.0540   0.0850   0.1260   0.1760   0.2430   0.3230   0.3970   0.4850   0.6110   0.7500   0.8640   0.9810 -10000000000.0000 -10000000000.0000 -10000000000.0000 -10000000000.0000 -10000000000.0000 -10000000000.0000 -10000000000.0000 -10000000000.0000 -10000000000.0000;
014:  0.0110   0.0310   0.0540   0.0840   0.1260   0.1760   0.2430   0.3230   0.3970   0.4850   0.6100   0.7500   0.8630   0.9780 -10000000000.0000 -10000000000.0000 -10000000000.0000 -10000000000.0000 -10000000000.0000 -10000000000.0000 -10000000000.0000 -10000000000.0000 -10000000000.0000;
015:  0.0110   0.0310   0.0540   0.0850   0.1260   0.1760   0.2430   0.3230   0.3980   0.4850   0.6100   0.7490   0.8620   0.9760 -10000000000.0000 -10000000000.0000 -10000000000.0000 -10000000000.0000 -10000000000.0000 -10000000000.0000 -10000000000.0000 -10000000000.0000 -10000000000.0000;
016:  0.0110   0.0310   0.0540   0.0850   0.1260   0.1760   0.2430   0.3230   0.3980   0.4850   0.6100   0.7490   0.8610   0.9730 -10000000000.0000 -10000000000.0000 -10000000000.0000 -10000000000.0000 -10000000000.0000 -10000000000.0000 -10000000000.0000 -10000000000.0000 -10000000000.0000;
017:  0.0110   0.0310   0.0540   0.0840   0.1260   0.1760   0.2420   0.3220   0.3980   0.4850   0.6100   0.7490   0.8600   0.9710 -10000000000.0000 -10000000000.0000 -10000000000.0000 -10000000000.0000 -10000000000.0000 -10000000000.0000 -10000000000.0000 -10000000000.0000 -10000000000.0000;
018:  0.0110   0.0310   0.0540   0.0840   0.1260   0.1760   0.2420   0.3220   0.3980   0.4850   0.6100   0.7480   0.8580   0.9680 -10000000000.0000 -10000000000.0000 -10000000000.0000 -10000000000.0000 -10000000000.0000 -10000000000.0000 -10000000000.0000 -10000000000.0000 -10000000000.0000;
019:  0.0110   0.0310   0.0540   0.0840   0.1260   0.1750   0.2420   0.3230   0.3980   0.4850   0.6090   0.7470   0.8580   0.9670 -10000000000.0000 -10000000000.0000 -10000000000.0000 -10000000000.0000 -10000000000.0000 -10000000000.0000 -10000000000.0000 -10000000000.0000 -10000000000.0000;
020:  0.0110   0.0310   0.0540   0.0840   0.1260   0.1750   0.2420   0.3230   0.3980   0.4850   0.6100   0.7470   0.8570 -10000000000.0000 -10000000000.0000 -10000000000.0000 -10000000000.0000 -10000000000.0000 -10000000000.0000 -10000000000.0000 -10000000000.0000 -10000000000.0000 -10000000000.0000;
021:  0.0110   0.0310   0.0540   0.0840   0.1260   0.1750   0.2420   0.3230   0.3990   0.4860   0.6090   0.7460   0.8560 -10000000000.0000 -10000000000.0000 -10000000000.0000 -10000000000.0000 -10000000000.0000 -10000000000.0000 -10000000000.0000 -10000000000.0000 -10000000000.0000 -10000000000.0000;
022:  0.0110   0.0310   0.0540   0.0840   0.1260   0.1750   0.2420   0.3230   0.3990   0.4860   0.6090   0.7450   0.8540 -10000000000.0000 -10000000000.0000 -10000000000.0000 -10000000000.0000 -10000000000.0000 -10000000000.0000 -10000000000.0000 -10000000000.0000 -10000000000.0000 -10000000000.0000;
023:  0.0110   0.0310   0.0540   0.0840   0.1260   0.1750   0.2420   0.3230   0.3990   0.4850   0.6080   0.7440   0.8530 -10000000000.0000 -10000000000.0000 -10000000000.0000 -10000000000.0000 -10000000000.0000 -10000000000.0000 -10000000000.0000 -10000000000.0000 -10000000000.0000 -10000000000.0000;
024:  0.0110   0.0310   0.0540   0.0840   0.1250   0.1750   0.2420   0.3230   0.3980   0.4850   0.6080   0.7430   0.8520 -10000000000.0000 -10000000000.0000 -10000000000.0000 -10000000000.0000 -10000000000.0000 -10000000000.0000 -10000000000.0000 -10000000000.0000 -10000000000.0000 -10000000000.0000;
025:  0.0110   0.0310   0.0540   0.0840   0.1260   0.1750   0.2420   0.3240   0.3990   0.4850   0.6080   0.7420   0.8510 -10000000000.0000 -10000000000.0000 -10000000000.0000 -10000000000.0000 -10000000000.0000 -10000000000.0000 -10000000000.0000 -10000000000.0000 -10000000000.0000 -10000000000.0000;
026:  0.0110   0.0310   0.0540   0.0840   0.1250   0.1740   0.2420   0.3230   0.3990   0.4840   0.6070   0.7400 -10000000000.0000 -10000000000.0000 -10000000000.0000 -10000000000.0000 -10000000000.0000 -10000000000.0000 -10000000000.0000 -10000000000.0000 -10000000000.0000 -10000000000.0000 -10000000000.0000;
027:  0.0110   0.0300   0.0540   0.0840   0.1250   0.1740   0.2420   0.3230   0.3980   0.4840   0.6060   0.7390 -10000000000.0000 -10000000000.0000 -10000000000.0000 -10000000000.0000 -10000000000.0000 -10000000000.0000 -10000000000.0000 -10000000000.0000 -10000000000.0000 -10000000000.0000 -10000000000.0000;
028:  0.0110   0.0300   0.0530   0.0840   0.1250   0.1740   0.2420   0.3230   0.3980   0.4840   0.6050   0.7370 -10000000000.0000 -10000000000.0000 -10000000000.0000 -10000000000.0000 -10000000000.0000 -10000000000.0000 -10000000000.0000 -10000000000.0000 -10000000000.0000 -10000000000.0000 -10000000000.0000;
029:  0.0110   0.0310   0.0540   0.0840   0.1250   0.1740   0.2420   0.3240   0.3980   0.4840   0.6040   0.7360 -10000000000.0000 -10000000000.0000 -10000000000.0000 -10000000000.0000 -10000000000.0000 -10000000000.0000 -10000000000.0000 -10000000000.0000 -10000000000.0000 -10000000000.0000 -10000000000.0000;
030:  0.0110   0.0310   0.0540   0.0840   0.1250   0.1740   0.2420   0.3240   0.3990   0.4840   0.6030   0.7340 -10000000000.0000 -10000000000.0000 -10000000000.0000 -10000000000.0000 -10000000000.0000 -10000000000.0000 -10000000000.0000 -10000000000.0000 -10000000000.0000 -10000000000.0000 -10000000000.0000;
031:  0.0110   0.0310   0.0540   0.0840   0.1250   0.1740   0.2420   0.3240   0.3980   0.4830   0.6020   0.7330 -10000000000.0000 -10000000000.0000 -10000000000.0000 -10000000000.0000 -10000000000.0000 -10000000000.0000 -10000000000.0000 -10000000000.0000 -10000000000.0000 -10000000000.0000 -10000000000.0000;
032:  0.0110   0.0300   0.0530   0.0830   0.1250   0.1740   0.2420   0.3240   0.3980   0.4830   0.6010   0.7310 -10000000000.0000 -10000000000.0000 -10000000000.0000 -10000000000.0000 -10000000000.0000 -10000000000.0000 -10000000000.0000 -10000000000.0000 -10000000000.0000 -10000000000.0000 -10000000000.0000;
033:  0.0110   0.0310   0.0540   0.0840   0.1250   0.1740   0.2420   0.3240   0.3980   0.4820   0.6000   0.7290 -10000000000.0000 -10000000000.0000 -10000000000.0000 -10000000000.0000 -10000000000.0000 -10000000000.0000 -10000000000.0000 -10000000000.0000 -10000000000.0000 -10000000000.0000 -10000000000.0000;
034:  0.0110   0.0300   0.0530   0.0830   0.1240   0.1730   0.2420   0.3230   0.3980   0.4820   0.5980 -10000000000.0000 -10000000000.0000 -10000000000.0000 -10000000000.0000 -10000000000.0000 -10000000000.0000 -10000000000.0000 -10000000000.0000 -10000000000.0000 -10000000000.0000 -10000000000.0000 -10000000000.0000;
035:  0.0100   0.0300   0.0530   0.0830   0.1240   0.1730   0.2410   0.3230   0.3970   0.4810   0.5970 -10000000000.0000 -10000000000.0000 -10000000000.0000 -10000000000.0000 -10000000000.0000 -10000000000.0000 -10000000000.0000 -10000000000.0000 -10000000000.0000 -10000000000.0000 -10000000000.0000 -10000000000.0000;
036:  0.0110   0.0300   0.0530   0.0830   0.1240   0.1730   0.2420   0.3230   0.3970   0.4810   0.5960 -10000000000.0000 -10000000000.0000 -10000000000.0000 -10000000000.0000 -10000000000.0000 -10000000000.0000 -10000000000.0000 -10000000000.0000 -10000000000.0000 -10000000000.0000 -10000000000.0000 -10000000000.0000;
037:  0.0110   0.0300   0.0530   0.0830   0.1240   0.1730   0.2420   0.3230   0.3970   0.4800   0.5940 -10000000000.0000 -10000000000.0000 -10000000000.0000 -10000000000.0000 -10000000000.0000 -10000000000.0000 -10000000000.0000 -10000000000.0000 -10000000000.0000 -10000000000.0000 -10000000000.0000 -10000000000.0000;
038:  0.0110   0.0300   0.0530   0.0830   0.1240   0.1730   0.2420   0.3230   0.3970   0.4790   0.5920 -10000000000.0000 -10000000000.0000 -10000000000.0000 -10000000000.0000 -10000000000.0000 -10000000000.0000 -10000000000.0000 -10000000000.0000 -10000000000.0000 -10000000000.0000 -10000000000.0000 -10000000000.0000;
039:  0.0110   0.0300   0.0530   0.0830   0.1240   0.1730   0.2420   0.3230   0.3970   0.4790   0.5910 -10000000000.0000 -10000000000.0000 -10000000000.0000 -10000000000.0000 -10000000000.0000 -10000000000.0000 -10000000000.0000 -10000000000.0000 -10000000000.0000 -10000000000.0000 -10000000000.0000 -10000000000.0000;
040:  0.0110   0.0300   0.0530   0.0830   0.1240   0.1740   0.2420   0.3230   0.3970   0.4780   0.5900 -10000000000.0000 -10000000000.0000 -10000000000.0000 -10000000000.0000 -10000000000.0000 -10000000000.0000 -10000000000.0000 -10000000000.0000 -10000000000.0000 -10000000000.0000 -10000000000.0000 -10000000000.0000;
041:  0.0110   0.0300   0.0530   0.0830   0.1240   0.1740   0.2420   0.3220   0.3960   0.4780   0.5890 -10000000000.0000 -10000000000.0000 -10000000000.0000 -10000000000.0000 -10000000000.0000 -10000000000.0000 -10000000000.0000 -10000000000.0000 -10000000000.0000 -10000000000.0000 -10000000000.0000 -10000000000.0000;
042:  0.0110   0.0300   0.0530   0.0830   0.1240   0.1740   0.2410   0.3220   0.3960   0.4770   0.5880 -10000000000.0000 -10000000000.0000 -10000000000.0000 -10000000000.0000 -10000000000.0000 -10000000000.0000 -10000000000.0000 -10000000000.0000 -10000000000.0000 -10000000000.0000 -10000000000.0000 -10000000000.0000;
043:  0.0110   0.0300   0.0530   0.0820   0.1230   0.1730   0.2410   0.3220   0.3950   0.4760 -10000000000.0000 -10000000000.0000 -10000000000.0000 -10000000000.0000 -10000000000.0000 -10000000000.0000 -10000000000.0000 -10000000000.0000 -10000000000.0000 -10000000000.0000 -10000000000.0000 -10000000000.0000 -10000000000.0000;
044:  0.0110   0.0300   0.0530   0.0820   0.1230   0.1730   0.2410   0.3210   0.3950   0.4760 -10000000000.0000 -10000000000.0000 -10000000000.0000 -10000000000.0000 -10000000000.0000 -10000000000.0000 -10000000000.0000 -10000000000.0000 -10000000000.0000 -10000000000.0000 -10000000000.0000 -10000000000.0000 -10000000000.0000;
045:  0.0110   0.0300   0.0530   0.0820   0.1230   0.1730   0.2410   0.3210   0.3950   0.4750 -10000000000.0000 -10000000000.0000 -10000000000.0000 -10000000000.0000 -10000000000.0000 -10000000000.0000 -10000000000.0000 -10000000000.0000 -10000000000.0000 -10000000000.0000 -10000000000.0000 -10000000000.0000 -10000000000.0000;
046:  0.0110   0.0300   0.0530   0.0820   0.1230   0.1730   0.2410   0.3210   0.3940   0.4750 -10000000000.0000 -10000000000.0000 -10000000000.0000 -10000000000.0000 -10000000000.0000 -10000000000.0000 -10000000000.0000 -10000000000.0000 -10000000000.0000 -10000000000.0000 -10000000000.0000 -10000000000.0000 -10000000000.0000;
047:  0.0100   0.0300   0.0530   0.0820   0.1230   0.1730   0.2410   0.3210   0.3940   0.4730 -10000000000.0000 -10000000000.0000 -10000000000.0000 -10000000000.0000 -10000000000.0000 -10000000000.0000 -10000000000.0000 -10000000000.0000 -10000000000.0000 -10000000000.0000 -10000000000.0000 -10000000000.0000 -10000000000.0000;
048:  0.0100   0.0300   0.0520   0.0820   0.1230   0.1730   0.2400   0.3200   0.3930   0.4730 -10000000000.0000 -10000000000.0000 -10000000000.0000 -10000000000.0000 -10000000000.0000 -10000000000.0000 -10000000000.0000 -10000000000.0000 -10000000000.0000 -10000000000.0000 -10000000000.0000 -10000000000.0000 -10000000000.0000;
049:  0.0100   0.0300   0.0530   0.0820   0.1230   0.1730   0.2400   0.3200   0.3930   0.4720 -10000000000.0000 -10000000000.0000 -10000000000.0000 -10000000000.0000 -10000000000.0000 -10000000000.0000 -10000000000.0000 -10000000000.0000 -10000000000.0000 -10000000000.0000 -10000000000.0000 -10000000000.0000 -10000000000.0000;
050:  0.0100   0.0300   0.0530   0.0820   0.1230   0.1730   0.2400   0.3190   0.3920   0.4710 -10000000000.0000 -10000000000.0000 -10000000000.0000 -10000000000.0000 -10000000000.0000 -10000000000.0000 -10000000000.0000 -10000000000.0000 -10000000000.0000 -10000000000.0000 -10000000000.0000 -10000000000.0000 -10000000000.0000;
051:  0.0100   0.0300   0.0520   0.0820   0.1230   0.1730   0.2400   0.3190   0.3920   0.4700 -10000000000.0000 -10000000000.0000 -10000000000.0000 -10000000000.0000 -10000000000.0000 -10000000000.0000 -10000000000.0000 -10000000000.0000 -10000000000.0000 -10000000000.0000 -10000000000.0000 -10000000000.0000 -10000000000.0000;
052:  0.0100   0.0300   0.0520   0.0820   0.1230   0.1730   0.2400   0.3190   0.3920   0.4700 -10000000000.0000 -10000000000.0000 -10000000000.0000 -10000000000.0000 -10000000000.0000 -10000000000.0000 -10000000000.0000 -10000000000.0000 -10000000000.0000 -10000000000.0000 -10000000000.0000 -10000000000.0000 -10000000000.0000;
053:  0.0100   0.0300   0.0520   0.0820   0.1230   0.1720   0.2400   0.3180   0.3910   0.4690 -10000000000.0000 -10000000000.0000 -10000000000.0000 -10000000000.0000 -10000000000.0000 -10000000000.0000 -10000000000.0000 -10000000000.0000 -10000000000.0000 -10000000000.0000 -10000000000.0000 -10000000000.0000 -10000000000.0000;
054:  0.0100   0.0290   0.0520   0.0820   0.1230   0.1720   0.2390   0.3180   0.3910   0.4680 -10000000000.0000 -10000000000.0000 -10000000000.0000 -10000000000.0000 -10000000000.0000 -10000000000.0000 -10000000000.0000 -10000000000.0000 -10000000000.0000 -10000000000.0000 -10000000000.0000 -10000000000.0000 -10000000000.0000;
055:  0.0100   0.0290   0.0520   0.0820   0.1230   0.1720   0.2390   0.3180   0.3910   0.4680 -10000000000.0000 -10000000000.0000 -10000000000.0000 -10000000000.0000 -10000000000.0000 -10000000000.0000 -10000000000.0000 -10000000000.0000 -10000000000.0000 -10000000000.0000 -10000000000.0000 -10000000000.0000 -10000000000.0000;
056:  0.0100   0.0290   0.0520   0.0820   0.1230   0.1720   0.2390   0.3170   0.3900   0.4660 -10000000000.0000 -10000000000.0000 -10000000000.0000 -10000000000.0000 -10000000000.0000 -10000000000.0000 -10000000000.0000 -10000000000.0000 -10000000000.0000 -10000000000.0000 -10000000000.0000 -10000000000.0000 -10000000000.0000;
057:  0.0100   0.0290   0.0520   0.0820   0.1230   0.1720   0.2390   0.3170   0.3900   0.4660 -10000000000.0000 -10000000000.0000 -10000000000.0000 -10000000000.0000 -10000000000.0000 -10000000000.0000 -10000000000.0000 -10000000000.0000 -10000000000.0000 -10000000000.0000 -10000000000.0000 -10000000000.0000 -10000000000.0000;
058:  0.0100   0.0300   0.0530   0.0820   0.1230   0.1730   0.2390   0.3170   0.3890   0.4650 -10000000000.0000 -10000000000.0000 -10000000000.0000 -10000000000.0000 -10000000000.0000 -10000000000.0000 -10000000000.0000 -10000000000.0000 -10000000000.0000 -10000000000.0000 -10000000000.0000 -10000000000.0000 -10000000000.0000;
059:  0.0100   0.0290   0.0520   0.0820   0.1230   0.1720   0.2380   0.3170   0.3890   0.4650 -10000000000.0000 -10000000000.0000 -10000000000.0000 -10000000000.0000 -10000000000.0000 -10000000000.0000 -10000000000.0000 -10000000000.0000 -10000000000.0000 -10000000000.0000 -10000000000.0000 -10000000000.0000 -10000000000.0000;
060:  0.0100   0.0300   0.0520   0.0820   0.1230   0.1720   0.2380   0.3170   0.3890   0.4640 -10000000000.0000 -10000000000.0000 -10000000000.0000 -10000000000.0000 -10000000000.0000 -10000000000.0000 -10000000000.0000 -10000000000.0000 -10000000000.0000 -10000000000.0000 -10000000000.0000 -10000000000.0000 -10000000000.0000;
061:  0.0100   0.0300   0.0520   0.0820   0.1230   0.1720   0.2380   0.3160   0.3880   0.4630 -10000000000.0000 -10000000000.0000 -10000000000.0000 -10000000000.0000 -10000000000.0000 -10000000000.0000 -10000000000.0000 -10000000000.0000 -10000000000.0000 -10000000000.0000 -10000000000.0000 -10000000000.0000 -10000000000.0000;
062:  0.0100   0.0290   0.0520   0.0820   0.1230   0.1720   0.2380   0.3160   0.3880   0.4620 -10000000000.0000 -10000000000.0000 -10000000000.0000 -10000000000.0000 -10000000000.0000 -10000000000.0000 -10000000000.0000 -10000000000.0000 -10000000000.0000 -10000000000.0000 -10000000000.0000 -10000000000.0000 -10000000000.0000;
063:  0.0100   0.0300   0.0520   0.0820   0.1230   0.1720   0.2380   0.3160   0.3870   0.4620 -10000000000.0000 -10000000000.0000 -10000000000.0000 -10000000000.0000 -10000000000.0000 -10000000000.0000 -10000000000.0000 -10000000000.0000 -10000000000.0000 -10000000000.0000 -10000000000.0000 -10000000000.0000 -10000000000.0000;
064:  0.0100   0.0300   0.0520   0.0820   0.1230   0.1720   0.2370   0.3150   0.3870   0.4610 -10000000000.0000 -10000000000.0000 -10000000000.0000 -10000000000.0000 -10000000000.0000 -10000000000.0000 -10000000000.0000 -10000000000.0000 -10000000000.0000 -10000000000.0000 -10000000000.0000 -10000000000.0000 -10000000000.0000;
065:  0.0100   0.0300   0.0520   0.0820   0.1230   0.1720   0.2370   0.3150   0.3870   0.4610 -10000000000.0000 -10000000000.0000 -10000000000.0000 -10000000000.0000 -10000000000.0000 -10000000000.0000 -10000000000.0000 -10000000000.0000 -10000000000.0000 -10000000000.0000 -10000000000.0000 -10000000000.0000 -10000000000.0000;
066:  0.0100   0.0290   0.0520   0.0820   0.1230   0.1720   0.2370   0.3150   0.3860   0.4600 -10000000000.0000 -10000000000.0000 -10000000000.0000 -10000000000.0000 -10000000000.0000 -10000000000.0000 -10000000000.0000 -10000000000.0000 -10000000000.0000 -10000000000.0000 -10000000000.0000 -10000000000.0000 -10000000000.0000;
067:  0.0100   0.0290   0.0520   0.0820   0.1230   0.1720   0.2370   0.3140   0.3860   0.4590 -10000000000.0000 -10000000000.0000 -10000000000.0000 -10000000000.0000 -10000000000.0000 -10000000000.0000 -10000000000.0000 -10000000000.0000 -10000000000.0000 -10000000000.0000 -10000000000.0000 -10000000000.0000 -10000000000.0000;
068:  0.0100   0.0300   0.0520   0.0820   0.1230   0.1710   0.2370   0.3150   0.3860   0.4590 -10000000000.0000 -10000000000.0000 -10000000000.0000 -10000000000.0000 -10000000000.0000 -10000000000.0000 -10000000000.0000 -10000000000.0000 -10000000000.0000 -10000000000.0000 -10000000000.0000 -10000000000.0000 -10000000000.0000;
069:  0.0100   0.0300   0.0520   0.0820   0.1230   0.1710   0.2360   0.3140   0.3850   0.4580 -10000000000.0000 -10000000000.0000 -10000000000.0000 -10000000000.0000 -10000000000.0000 -10000000000.0000 -10000000000.0000 -10000000000.0000 -10000000000.0000 -10000000000.0000 -10000000000.0000 -10000000000.0000 -10000000000.0000;
070:  0.0100   0.0290   0.0520   0.0820   0.1220   0.1710   0.2360   0.3140   0.3850   0.4580 -10000000000.0000 -10000000000.0000 -10000000000.0000 -10000000000.0000 -10000000000.0000 -10000000000.0000 -10000000000.0000 -10000000000.0000 -10000000000.0000 -10000000000.0000 -10000000000.0000 -10000000000.0000 -10000000000.0000;
071:  0.0100   0.0290   0.0520   0.0820   0.1220   0.1710   0.2360   0.3140   0.3850   0.4570 -10000000000.0000 -10000000000.0000 -10000000000.0000 -10000000000.0000 -10000000000.0000 -10000000000.0000 -10000000000.0000 -10000000000.0000 -10000000000.0000 -10000000000.0000 -10000000000.0000 -10000000000.0000 -10000000000.0000;
072:  0.0100   0.0290   0.0520   0.0820   0.1220   0.1710   0.2360   0.3140   0.3850   0.4560 -10000000000.0000 -10000000000.0000 -10000000000.0000 -10000000000.0000 -10000000000.0000 -10000000000.0000 -10000000000.0000 -10000000000.0000 -10000000000.0000 -10000000000.0000 -10000000000.0000 -10000000000.0000 -10000000000.0000;
073:  0.0100   0.0300   0.0520   0.0820   0.1220   0.1710   0.2360   0.3140   0.3850   0.4560 -10000000000.0000 -10000000000.0000 -10000000000.0000 -10000000000.0000 -10000000000.0000 -10000000000.0000 -10000000000.0000 -10000000000.0000 -10000000000.0000 -10000000000.0000 -10000000000.0000 -10000000000.0000 -10000000000.0000;
074:  0.0100   0.0290   0.0520   0.0820   0.1220   0.1710   0.2360   0.3140   0.3840   0.4560 -10000000000.0000 -10000000000.0000 -10000000000.0000 -10000000000.0000 -10000000000.0000 -10000000000.0000 -10000000000.0000 -10000000000.0000 -10000000000.0000 -10000000000.0000 -10000000000.0000 -10000000000.0000 -10000000000.0000;
075:  0.0100   0.0300   0.0520   0.0820   0.1220   0.1710   0.2360   0.3140   0.3840   0.4550 -10000000000.0000 -10000000000.0000 -10000000000.0000 -10000000000.0000 -10000000000.0000 -10000000000.0000 -10000000000.0000 -10000000000.0000 -10000000000.0000 -10000000000.0000 -10000000000.0000 -10000000000.0000 -10000000000.0000;
076:  0.0100   0.0300   0.0520   0.0820   0.1220   0.1710   0.2360   0.3130   0.3840   0.4550 -10000000000.0000 -10000000000.0000 -10000000000.0000 -10000000000.0000 -10000000000.0000 -10000000000.0000 -10000000000.0000 -10000000000.0000 -10000000000.0000 -10000000000.0000 -10000000000.0000 -10000000000.0000 -10000000000.0000;
077:  0.0100   0.0290   0.0520   0.0820   0.1220   0.1700   0.2360   0.3130   0.3830   0.4540 -10000000000.0000 -10000000000.0000 -10000000000.0000 -10000000000.0000 -10000000000.0000 -10000000000.0000 -10000000000.0000 -10000000000.0000 -10000000000.0000 -10000000000.0000 -10000000000.0000 -10000000000.0000 -10000000000.0000;
078:  0.0100   0.0300   0.0520   0.0820   0.1220   0.1710   0.2360   0.3130   0.3830   0.4540 -10000000000.0000 -10000000000.0000 -10000000000.0000 -10000000000.0000 -10000000000.0000 -10000000000.0000 -10000000000.0000 -10000000000.0000 -10000000000.0000 -10000000000.0000 -10000000000.0000 -10000000000.0000 -10000000000.0000;
079:  0.0100   0.0290   0.0520   0.0810   0.1210   0.1700   0.2350   0.3130   0.3830   0.4530 -10000000000.0000 -10000000000.0000 -10000000000.0000 -10000000000.0000 -10000000000.0000 -10000000000.0000 -10000000000.0000 -10000000000.0000 -10000000000.0000 -10000000000.0000 -10000000000.0000 -10000000000.0000 -10000000000.0000;
080:  0.0100   0.0290   0.0520   0.0810   0.1220   0.1700   0.2350   0.3130   0.3830   0.4530 -10000000000.0000 -10000000000.0000 -10000000000.0000 -10000000000.0000 -10000000000.0000 -10000000000.0000 -10000000000.0000 -10000000000.0000 -10000000000.0000 -10000000000.0000 -10000000000.0000 -10000000000.0000 -10000000000.0000;
081:  0.0100   0.0290   0.0520   0.0810   0.1210   0.1700   0.2350   0.3130   0.3830   0.4530 -10000000000.0000 -10000000000.0000 -10000000000.0000 -10000000000.0000 -10000000000.0000 -10000000000.0000 -10000000000.0000 -10000000000.0000 -10000000000.0000 -10000000000.0000 -10000000000.0000 -10000000000.0000 -10000000000.0000;
082:  0.0100   0.0290   0.0520   0.0820   0.1210   0.1700   0.2350   0.3130   0.3830   0.4530 -10000000000.0000 -10000000000.0000 -10000000000.0000 -10000000000.0000 -10000000000.0000 -10000000000.0000 -10000000000.0000 -10000000000.0000 -10000000000.0000 -10000000000.0000 -10000000000.0000 -10000000000.0000 -10000000000.0000;
083:  0.0100   0.0290   0.0520   0.0820   0.1210   0.1700   0.2350   0.3130   0.3830   0.4530 -10000000000.0000 -10000000000.0000 -10000000000.0000 -10000000000.0000 -10000000000.0000 -10000000000.0000 -10000000000.0000 -10000000000.0000 -10000000000.0000 -10000000000.0000 -10000000000.0000 -10000000000.0000 -10000000000.0000;
084:  0.0110   0.0300   0.0530   0.0820   0.1220   0.1700   0.2350   0.3140   0.3830   0.4530 -10000000000.0000 -10000000000.0000 -10000000000.0000 -10000000000.0000 -10000000000.0000 -10000000000.0000 -10000000000.0000 -10000000000.0000 -10000000000.0000 -10000000000.0000 -10000000000.0000 -10000000000.0000 -10000000000.0000;
085:  0.0100   0.0300   0.0520   0.0820   0.1210   0.1700   0.2350   0.3130   0.3820   0.4530 -10000000000.0000 -10000000000.0000 -10000000000.0000 -10000000000.0000 -10000000000.0000 -10000000000.0000 -10000000000.0000 -10000000000.0000 -10000000000.0000 -10000000000.0000 -10000000000.0000 -10000000000.0000 -10000000000.0000;
086:  0.0100   0.0300   0.0530   0.0820   0.1220   0.1700   0.2350   0.3130   0.3820   0.4530 -10000000000.0000 -10000000000.0000 -10000000000.0000 -10000000000.0000 -10000000000.0000 -10000000000.0000 -10000000000.0000 -10000000000.0000 -10000000000.0000 -10000000000.0000 -10000000000.0000 -10000000000.0000 -10000000000.0000;
087:  0.0100   0.0300   0.0530   0.0820   0.1220   0.1700   0.2350   0.3130   0.3820   0.4530 -10000000000.0000 -10000000000.0000 -10000000000.0000 -10000000000.0000 -10000000000.0000 -10000000000.0000 -10000000000.0000 -10000000000.0000 -10000000000.0000 -10000000000.0000 -10000000000.0000 -10000000000.0000 -10000000000.0000;
088:  0.0110   0.0300   0.0530   0.0820   0.1220   0.1700   0.2350   0.3130   0.3820   0.4530 -10000000000.0000 -10000000000.0000 -10000000000.0000 -10000000000.0000 -10000000000.0000 -10000000000.0000 -10000000000.0000 -10000000000.0000 -10000000000.0000 -10000000000.0000 -10000000000.0000 -10000000000.0000 -10000000000.0000;
089:  0.0100   0.0300   0.0520   0.0820   0.1220   0.1700   0.2350   0.3130   0.3820   0.4530 -10000000000.0000 -10000000000.0000 -10000000000.0000 -10000000000.0000 -10000000000.0000 -10000000000.0000 -10000000000.0000 -10000000000.0000 -10000000000.0000 -10000000000.0000 -10000000000.0000 -10000000000.0000 -10000000000.0000;
090:  0.0100   0.0300   0.0520   0.0820   0.1210   0.1690   0.2340   0.3120   0.3820   0.4530 -10000000000.0000 -10000000000.0000 -10000000000.0000 -10000000000.0000 -10000000000.0000 -10000000000.0000 -10000000000.0000 -10000000000.0000 -10000000000.0000 -10000000000.0000 -10000000000.0000 -10000000000.0000 -10000000000.0000;
091:  0.0100   0.0300   0.0520   0.0820   0.1210   0.1690   0.2340   0.3120   0.3810   0.4530 -10000000000.0000 -10000000000.0000 -10000000000.0000 -10000000000.0000 -10000000000.0000 -10000000000.0000 -10000000000.0000 -10000000000.0000 -10000000000.0000 -10000000000.0000 -10000000000.0000 -10000000000.0000 -10000000000.0000;
092:  0.0110   0.0300   0.0530   0.0820   0.1220   0.1700   0.2340   0.3120   0.3820   0.4540 -10000000000.0000 -10000000000.0000 -10000000000.0000 -10000000000.0000 -10000000000.0000 -10000000000.0000 -10000000000.0000 -10000000000.0000 -10000000000.0000 -10000000000.0000 -10000000000.0000 -10000000000.0000 -10000000000.0000;
093:  0.0110   0.0300   0.0530   0.0820   0.1220   0.1700   0.2350   0.3120   0.3810   0.4530 -10000000000.0000 -10000000000.0000 -10000000000.0000 -10000000000.0000 -10000000000.0000 -10000000000.0000 -10000000000.0000 -10000000000.0000 -10000000000.0000 -10000000000.0000 -10000000000.0000 -10000000000.0000 -10000000000.0000;
094:  0.0110   0.0300   0.0530   0.0820   0.1220   0.1700   0.2350   0.3120   0.3810   0.4530 -10000000000.0000 -10000000000.0000 -10000000000.0000 -10000000000.0000 -10000000000.0000 -10000000000.0000 -10000000000.0000 -10000000000.0000 -10000000000.0000 -10000000000.0000 -10000000000.0000 -10000000000.0000 -10000000000.0000;
095:  0.0110   0.0300   0.0530   0.0820   0.1220   0.1700   0.2350   0.3120   0.3810   0.4540 -10000000000.0000 -10000000000.0000 -10000000000.0000 -10000000000.0000 -10000000000.0000 -10000000000.0000 -10000000000.0000 -10000000000.0000 -10000000000.0000 -10000000000.0000 -10000000000.0000 -10000000000.0000 -10000000000.0000;
096:  0.0110   0.0300   0.0530   0.0820   0.1220   0.1690   0.2340   0.3110   0.3800   0.4540 -10000000000.0000 -10000000000.0000 -10000000000.0000 -10000000000.0000 -10000000000.0000 -10000000000.0000 -10000000000.0000 -10000000000.0000 -10000000000.0000 -10000000000.0000 -10000000000.0000 -10000000000.0000 -10000000000.0000;
097:  0.0130   0.0320   0.0550   0.0850   0.1240   0.1720   0.2360   0.3130   0.3820   0.4560   0.5540 -10000000000.0000 -10000000000.0000 -10000000000.0000 -10000000000.0000 -10000000000.0000 -10000000000.0000 -10000000000.0000 -10000000000.0000 -10000000000.0000 -10000000000.0000 -10000000000.0000 -10000000000.0000;
098:  0.0130   0.0320   0.0550   0.0850   0.1240   0.1720   0.2360   0.3130   0.3820   0.4560   0.5540 -10000000000.0000 -10000000000.0000 -10000000000.0000 -10000000000.0000 -10000000000.0000 -10000000000.0000 -10000000000.0000 -10000000000.0000 -10000000000.0000 -10000000000.0000 -10000000000.0000 -10000000000.0000;
099:  0.0130   0.0320   0.0550   0.0840   0.1240   0.1720   0.2360   0.3130   0.3820   0.4560   0.5540 -10000000000.0000 -10000000000.0000 -10000000000.0000 -10000000000.0000 -10000000000.0000 -10000000000.0000 -10000000000.0000 -10000000000.0000 -10000000000.0000 -10000000000.0000 -10000000000.0000 -10000000000.0000;
100:  0.0110   0.0300   0.0530   0.0820   0.1220   0.1700   0.2340   0.3110   0.3800   0.4540   0.5520   0.6470 -10000000000.0000 -10000000000.0000 -10000000000.0000 -10000000000.0000 -10000000000.0000 -10000000000.0000 -10000000000.0000 -10000000000.0000 -10000000000.0000 -10000000000.0000 -10000000000.0000;
101:  0.0110   0.0300   0.0530   0.0830   0.1220   0.1700   0.2340   0.3110   0.3800   0.4540   0.5530   0.6480 -10000000000.0000 -10000000000.0000 -10000000000.0000 -10000000000.0000 -10000000000.0000 -10000000000.0000 -10000000000.0000 -10000000000.0000 -10000000000.0000 -10000000000.0000 -10000000000.0000;
102:  0.0110   0.0300   0.0530   0.0820   0.1220   0.1700   0.2340   0.3110   0.3790   0.4540   0.5530   0.6490 -10000000000.0000 -10000000000.0000 -10000000000.0000 -10000000000.0000 -10000000000.0000 -10000000000.0000 -10000000000.0000 -10000000000.0000 -10000000000.0000 -10000000000.0000 -10000000000.0000;
103:  0.0110   0.0300   0.0530   0.0820   0.1220   0.1700   0.2340   0.3110   0.3790   0.4540   0.5530   0.6500 -10000000000.0000 -10000000000.0000 -10000000000.0000 -10000000000.0000 -10000000000.0000 -10000000000.0000 -10000000000.0000 -10000000000.0000 -10000000000.0000 -10000000000.0000 -10000000000.0000;
104:  0.0110   0.0300   0.0530   0.0820   0.1220   0.1700   0.2340   0.3110   0.3790   0.4540   0.5540   0.6510 -10000000000.0000 -10000000000.0000 -10000000000.0000 -10000000000.0000 -10000000000.0000 -10000000000.0000 -10000000000.0000 -10000000000.0000 -10000000000.0000 -10000000000.0000 -10000000000.0000;
105:  0.0110   0.0300   0.0530   0.0820   0.1220   0.1700   0.2340   0.3100   0.3780   0.4530   0.5540   0.6520 -10000000000.0000 -10000000000.0000 -10000000000.0000 -10000000000.0000 -10000000000.0000 -10000000000.0000 -10000000000.0000 -10000000000.0000 -10000000000.0000 -10000000000.0000 -10000000000.0000;
106:  0.0110   0.0300   0.0530   0.0820   0.1220   0.1700   0.2340   0.3110   0.3780   0.4530   0.5540   0.6540 -10000000000.0000 -10000000000.0000 -10000000000.0000 -10000000000.0000 -10000000000.0000 -10000000000.0000 -10000000000.0000 -10000000000.0000 -10000000000.0000 -10000000000.0000 -10000000000.0000;
107:  0.0110   0.0300   0.0530   0.0820   0.1220   0.1700   0.2340   0.3110   0.3780   0.4530   0.5550   0.6560 -10000000000.0000 -10000000000.0000 -10000000000.0000 -10000000000.0000 -10000000000.0000 -10000000000.0000 -10000000000.0000 -10000000000.0000 -10000000000.0000 -10000000000.0000 -10000000000.0000;
108:  0.0110   0.0300   0.0530   0.0820   0.1220   0.1700   0.2340   0.3100   0.3780   0.4530   0.5560   0.6580 -10000000000.0000 -10000000000.0000 -10000000000.0000 -10000000000.0000 -10000000000.0000 -10000000000.0000 -10000000000.0000 -10000000000.0000 -10000000000.0000 -10000000000.0000 -10000000000.0000;
109:  0.0110   0.0300   0.0530   0.0820   0.1220   0.1700   0.2350   0.3100   0.3780   0.4530   0.5560   0.6600 -10000000000.0000 -10000000000.0000 -10000000000.0000 -10000000000.0000 -10000000000.0000 -10000000000.0000 -10000000000.0000 -10000000000.0000 -10000000000.0000 -10000000000.0000 -10000000000.0000;
110:  0.0110   0.0300   0.0530   0.0820   0.1220   0.1700   0.2340   0.3100   0.3770   0.4530   0.5570   0.6620 -10000000000.0000 -10000000000.0000 -10000000000.0000 -10000000000.0000 -10000000000.0000 -10000000000.0000 -10000000000.0000 -10000000000.0000 -10000000000.0000 -10000000000.0000 -10000000000.0000;
111:  0.0110   0.0300   0.0530   0.0820   0.1220   0.1700   0.2350   0.3110   0.3780   0.4530   0.5570   0.6650 -10000000000.0000 -10000000000.0000 -10000000000.0000 -10000000000.0000 -10000000000.0000 -10000000000.0000 -10000000000.0000 -10000000000.0000 -10000000000.0000 -10000000000.0000 -10000000000.0000;
112:  0.0110   0.0300   0.0530   0.0820   0.1220   0.1700   0.2350   0.3110   0.3780   0.4530   0.5580   0.6670 -10000000000.0000 -10000000000.0000 -10000000000.0000 -10000000000.0000 -10000000000.0000 -10000000000.0000 -10000000000.0000 -10000000000.0000 -10000000000.0000 -10000000000.0000 -10000000000.0000;
113:  0.0110   0.0300   0.0530   0.0820   0.1220   0.1700   0.2340   0.3110   0.3780   0.4530   0.5580   0.6690 -10000000000.0000 -10000000000.0000 -10000000000.0000 -10000000000.0000 -10000000000.0000 -10000000000.0000 -10000000000.0000 -10000000000.0000 -10000000000.0000 -10000000000.0000 -10000000000.0000;
114:  0.0110   0.0310   0.0530   0.0820   0.1230   0.1710   0.2350   0.3110   0.3770   0.4530   0.5590   0.6710 -10000000000.0000 -10000000000.0000 -10000000000.0000 -10000000000.0000 -10000000000.0000 -10000000000.0000 -10000000000.0000 -10000000000.0000 -10000000000.0000 -10000000000.0000 -10000000000.0000;
115:  0.0110   0.0310   0.0530   0.0820   0.1220   0.1710   0.2350   0.3110   0.3770   0.4530   0.5600   0.6730 -10000000000.0000 -10000000000.0000 -10000000000.0000 -10000000000.0000 -10000000000.0000 -10000000000.0000 -10000000000.0000 -10000000000.0000 -10000000000.0000 -10000000000.0000 -10000000000.0000;
116:  0.0110   0.0310   0.0530   0.0820   0.1230   0.1710   0.2350   0.3110   0.3770   0.4530   0.5600   0.6750 -10000000000.0000 -10000000000.0000 -10000000000.0000 -10000000000.0000 -10000000000.0000 -10000000000.0000 -10000000000.0000 -10000000000.0000 -10000000000.0000 -10000000000.0000 -10000000000.0000;
117:  0.0110   0.0300   0.0530   0.0820   0.1230   0.1710   0.2350   0.3110   0.3780   0.4530   0.5610   0.6760 -10000000000.0000 -10000000000.0000 -10000000000.0000 -10000000000.0000 -10000000000.0000 -10000000000.0000 -10000000000.0000 -10000000000.0000 -10000000000.0000 -10000000000.0000 -10000000000.0000;
118:  0.0110   0.0310   0.0530   0.0820   0.1230   0.1710   0.2350   0.3110   0.3780   0.4530   0.5610   0.6780 -10000000000.0000 -10000000000.0000 -10000000000.0000 -10000000000.0000 -10000000000.0000 -10000000000.0000 -10000000000.0000 -10000000000.0000 -10000000000.0000 -10000000000.0000 -10000000000.0000;
119:  0.0140   0.0330   0.0560   0.0850   0.1260   0.1740   0.2380   0.3140   0.3810   0.4560   0.5650   0.6830   0.7860 -10000000000.0000 -10000000000.0000 -10000000000.0000 -10000000000.0000 -10000000000.0000 -10000000000.0000 -10000000000.0000 -10000000000.0000 -10000000000.0000 -10000000000.0000;
120:  0.0140   0.0340   0.0560   0.0850   0.1260   0.1740   0.2380   0.3140   0.3810   0.4570   0.5660   0.6840   0.7870 -10000000000.0000 -10000000000.0000 -10000000000.0000 -10000000000.0000 -10000000000.0000 -10000000000.0000 -10000000000.0000 -10000000000.0000 -10000000000.0000 -10000000000.0000;
121:  0.0140   0.0330   0.0560   0.0850   0.1260   0.1740   0.2380   0.3150   0.3810   0.4570   0.5660   0.6850   0.7880 -10000000000.0000 -10000000000.0000 -10000000000.0000 -10000000000.0000 -10000000000.0000 -10000000000.0000 -10000000000.0000 -10000000000.0000 -10000000000.0000 -10000000000.0000;
122:  0.0140   0.0330   0.0560   0.0850   0.1260   0.1740   0.2380   0.3150   0.3810   0.4570   0.5670   0.6870   0.7890 -10000000000.0000 -10000000000.0000 -10000000000.0000 -10000000000.0000 -10000000000.0000 -10000000000.0000 -10000000000.0000 -10000000000.0000 -10000000000.0000 -10000000000.0000;
123:  0.0110   0.0300   0.0530   0.0820   0.1230   0.1710   0.2350   0.3120   0.3790   0.4550   0.5640   0.6840   0.7860   0.8970 -10000000000.0000 -10000000000.0000 -10000000000.0000 -10000000000.0000 -10000000000.0000 -10000000000.0000 -10000000000.0000 -10000000000.0000 -10000000000.0000;
124:  0.0110   0.0300   0.0530   0.0820   0.1230   0.1710   0.2350   0.3120   0.3790   0.4550   0.5650   0.6860   0.7880   0.8990 -10000000000.0000 -10000000000.0000 -10000000000.0000 -10000000000.0000 -10000000000.0000 -10000000000.0000 -10000000000.0000 -10000000000.0000 -10000000000.0000;
125:  0.0110   0.0310   0.0530   0.0830   0.1230   0.1710   0.2360   0.3130   0.3800   0.4560   0.5660   0.6860   0.7890   0.9000 -10000000000.0000 -10000000000.0000 -10000000000.0000 -10000000000.0000 -10000000000.0000 -10000000000.0000 -10000000000.0000 -10000000000.0000 -10000000000.0000;
126:  0.0110   0.0310   0.0530   0.0830   0.1230   0.1710   0.2360   0.3130   0.3800   0.4560   0.5670   0.6880   0.7900   0.9020 -10000000000.0000 -10000000000.0000 -10000000000.0000 -10000000000.0000 -10000000000.0000 -10000000000.0000 -10000000000.0000 -10000000000.0000 -10000000000.0000;
127:  0.0110   0.0310   0.0530   0.0830   0.1230   0.1720   0.2360   0.3130   0.3810   0.4570   0.5670   0.6890   0.7920   0.9040 -10000000000.0000 -10000000000.0000 -10000000000.0000 -10000000000.0000 -10000000000.0000 -10000000000.0000 -10000000000.0000 -10000000000.0000 -10000000000.0000;
128:  0.0110   0.0310   0.0530   0.0830   0.1230   0.1710   0.2360   0.3130   0.3810   0.4570   0.5680   0.6900   0.7940   0.9060 -10000000000.0000 -10000000000.0000 -10000000000.0000 -10000000000.0000 -10000000000.0000 -10000000000.0000 -10000000000.0000 -10000000000.0000 -10000000000.0000;
129:  0.0110   0.0310   0.0530   0.0830   0.1230   0.1720   0.2360   0.3140   0.3820   0.4580   0.5680   0.6910   0.7950   0.9080 -10000000000.0000 -10000000000.0000 -10000000000.0000 -10000000000.0000 -10000000000.0000 -10000000000.0000 -10000000000.0000 -10000000000.0000 -10000000000.0000;
130:  0.0110   0.0310   0.0530   0.0830   0.1230   0.1710   0.2360   0.3140   0.3820   0.4580   0.5690   0.6910   0.7960   0.9100 -10000000000.0000 -10000000000.0000 -10000000000.0000 -10000000000.0000 -10000000000.0000 -10000000000.0000 -10000000000.0000 -10000000000.0000 -10000000000.0000;
131:  0.0110   0.0300   0.0530   0.0820   0.1230   0.1710   0.2360   0.3140   0.3820   0.4580   0.5690   0.6920   0.7980   0.9120   1.0450 -10000000000.0000 -10000000000.0000 -10000000000.0000 -10000000000.0000 -10000000000.0000 -10000000000.0000 -10000000000.0000 -10000000000.0000;
132:  0.0110   0.0300   0.0530   0.0830   0.1230   0.1710   0.2360   0.3140   0.3820   0.4590   0.5690   0.6930   0.7990   0.9140   1.0460 -10000000000.0000 -10000000000.0000 -10000000000.0000 -10000000000.0000 -10000000000.0000 -10000000000.0000 -10000000000.0000 -10000000000.0000;
133:  0.0110   0.0300   0.0530   0.0830   0.1230   0.1710   0.2360   0.3140   0.3820   0.4590   0.5700   0.6930   0.8000   0.9160   1.0480 -10000000000.0000 -10000000000.0000 -10000000000.0000 -10000000000.0000 -10000000000.0000 -10000000000.0000 -10000000000.0000 -10000000000.0000;
134:  0.0100   0.0300   0.0520   0.0820   0.1220   0.1700   0.2350   0.3130   0.3820   0.4590   0.5700   0.6930   0.8000   0.9170   1.0490   1.1850 -10000000000.0000 -10000000000.0000 -10000000000.0000 -10000000000.0000 -10000000000.0000 -10000000000.0000 -10000000000.0000;
135:  0.0100   0.0290   0.0520   0.0820   0.1220   0.1700   0.2350   0.3130   0.3820   0.4590   0.5700   0.6930   0.8010   0.9190   1.0510   1.1860 -10000000000.0000 -10000000000.0000 -10000000000.0000 -10000000000.0000 -10000000000.0000 -10000000000.0000 -10000000000.0000;
136:  0.0100   0.0300   0.0520   0.0820   0.1220   0.1700   0.2360   0.3140   0.3820   0.4600   0.5700   0.6940   0.8020   0.9210   1.0520   1.1880 -10000000000.0000 -10000000000.0000 -10000000000.0000 -10000000000.0000 -10000000000.0000 -10000000000.0000 -10000000000.0000;
137:  0.0100   0.0300   0.0530   0.0820   0.1220   0.1700   0.2360   0.3140   0.3830   0.4600   0.5710   0.6950   0.8040   0.9230   1.0550   1.1900 -10000000000.0000 -10000000000.0000 -10000000000.0000 -10000000000.0000 -10000000000.0000 -10000000000.0000 -10000000000.0000;
138:  0.0060   0.0260   0.0490   0.0790   0.1180   0.1660   0.2310   0.3090   0.3780   0.4560   0.5670   0.6920   0.8000   0.9210   1.0520   1.1880   1.3240 -10000000000.0000 -10000000000.0000 -10000000000.0000 -10000000000.0000 -10000000000.0000 -10000000000.0000;
139:  0.0060   0.0260   0.0490   0.0790   0.1190   0.1660   0.2310   0.3090   0.3790   0.4560   0.5680   0.6920   0.8020   0.9220   1.0540   1.1910   1.3280 -10000000000.0000 -10000000000.0000 -10000000000.0000 -10000000000.0000 -10000000000.0000 -10000000000.0000;
140:  0.0060   0.0260   0.0490   0.0790   0.1190   0.1670   0.2320   0.3100   0.3790   0.4570   0.5680   0.6930   0.8030   0.9230   1.0560   1.1940   1.3320 -10000000000.0000 -10000000000.0000 -10000000000.0000 -10000000000.0000 -10000000000.0000 -10000000000.0000;
141:  0.0070   0.0260   0.0490   0.0790   0.1190   0.1670   0.2320   0.3100   0.3800   0.4570   0.5690   0.6930   0.8030   0.9250   1.0580   1.1980   1.3370 -10000000000.0000 -10000000000.0000 -10000000000.0000 -10000000000.0000 -10000000000.0000 -10000000000.0000;
142:  0.0070   0.0270   0.0500   0.0790   0.1190   0.1670   0.2320   0.3110   0.3800   0.4580   0.5690   0.6940   0.8050   0.9260   1.0610   1.2020   1.3410 -10000000000.0000 -10000000000.0000 -10000000000.0000 -10000000000.0000 -10000000000.0000 -10000000000.0000;
143:  0.0070   0.0270   0.0500   0.0800   0.1190   0.1680   0.2330   0.3110   0.3810   0.4580   0.5700   0.6950   0.8060   0.9280   1.0620   1.2050   1.3470 -10000000000.0000 -10000000000.0000 -10000000000.0000 -10000000000.0000 -10000000000.0000 -10000000000.0000;
144:  0.0080   0.0270   0.0500   0.0800   0.1200   0.1680   0.2330   0.3110   0.3810   0.4580   0.5700   0.6950   0.8070   0.9290   1.0640   1.2090   1.3510 -10000000000.0000 -10000000000.0000 -10000000000.0000 -10000000000.0000 -10000000000.0000 -10000000000.0000;
145:  0.0080   0.0270   0.0500   0.0800   0.1200   0.1680   0.2330   0.3120   0.3810   0.4590   0.5700   0.6960   0.8070   0.9300   1.0650   1.2110   1.3570 -10000000000.0000 -10000000000.0000 -10000000000.0000 -10000000000.0000 -10000000000.0000 -10000000000.0000;
146:  0.0080   0.0280   0.0510   0.0800   0.1200   0.1680   0.2340   0.3120   0.3820   0.4590   0.5710   0.6960   0.8080   0.9310   1.0660   1.2140   1.3610 -10000000000.0000 -10000000000.0000 -10000000000.0000 -10000000000.0000 -10000000000.0000 -10000000000.0000;
147:  0.0080   0.0280   0.0510   0.0800   0.1200   0.1690   0.2340   0.3120   0.3820   0.4590   0.5710   0.6960   0.8080   0.9310   1.0670   1.2160   1.3660 -10000000000.0000 -10000000000.0000 -10000000000.0000 -10000000000.0000 -10000000000.0000 -10000000000.0000;
148:  0.0100   0.0290   0.0520   0.0820   0.1210   0.1700   0.2350   0.3130   0.3840   0.4610   0.5730   0.6980   0.8100   0.9330   1.0690   1.2190   1.3710   1.5260 -10000000000.0000 -10000000000.0000 -10000000000.0000 -10000000000.0000 -10000000000.0000;
149:  0.0090   0.0280   0.0510   0.0810   0.1200   0.1690   0.2340   0.3120   0.3820   0.4600   0.5720   0.6970   0.8090   0.9330   1.0690   1.2190   1.3740   1.5290   1.6930 -10000000000.0000 -10000000000.0000 -10000000000.0000 -10000000000.0000;
150:  0.0090   0.0280   0.0510   0.0810   0.1200   0.1690   0.2340   0.3120   0.3820   0.4600   0.5720   0.6980   0.8100   0.9330   1.0690   1.2200   1.3770   1.5330   1.6950 -10000000000.0000 -10000000000.0000 -10000000000.0000 -10000000000.0000;
151:  0.0090   0.0280   0.0510   0.0810   0.1200   0.1690   0.2340   0.3120   0.3820   0.4600   0.5720   0.6980   0.8100   0.9330   1.0690   1.2210   1.3810   1.5380   1.6990 -10000000000.0000 -10000000000.0000 -10000000000.0000 -10000000000.0000;
152:  0.0080   0.0270   0.0500   0.0800   0.1200   0.1680   0.2330   0.3110   0.3810   0.4590   0.5720   0.6980   0.8100   0.9330   1.0690   1.2210   1.3830   1.5410   1.7020   1.8610 -10000000000.0000 -10000000000.0000 -10000000000.0000;
153:  0.0080   0.0270   0.0500   0.0800   0.1200   0.1680   0.2330   0.3110   0.3810   0.4590   0.5720   0.6980   0.8100   0.9340   1.0690   1.2210   1.3850   1.5440   1.7060   1.8650 -10000000000.0000 -10000000000.0000 -10000000000.0000;
154:  0.0080   0.0270   0.0500   0.0800   0.1200   0.1680   0.2330   0.3110   0.3810   0.4590   0.5720   0.6990   0.8110   0.9340   1.0680   1.2210   1.3860   1.5480   1.7100   1.8690 -10000000000.0000 -10000000000.0000 -10000000000.0000;
155:  0.0080   0.0270   0.0500   0.0800   0.1200   0.1690   0.2330   0.3110   0.3810   0.4590   0.5720   0.6990   0.8110   0.9340   1.0680   1.2210   1.3890   1.5510   1.7150   1.8750 -10000000000.0000 -10000000000.0000 -10000000000.0000;
156:  0.0080   0.0270   0.0500   0.0800   0.1200   0.1680   0.2330   0.3110   0.3820   0.4590   0.5720   0.6990   0.8110   0.9340   1.0680   1.2210   1.3890   1.5540   1.7210   1.8830 -10000000000.0000 -10000000000.0000 -10000000000.0000;
157:  0.0080   0.0270   0.0500   0.0800   0.1200   0.1680   0.2330   0.3110   0.3810   0.4590   0.5720   0.6990   0.8110   0.9340   1.0680   1.2210   1.3890   1.5560   1.7270   1.8900   2.0500 -10000000000.0000 -10000000000.0000;
158:  0.0070   0.0270   0.0500   0.0800   0.1190   0.1680   0.2330   0.3100   0.3810   0.4590   0.5720   0.6990   0.8110   0.9340   1.0680   1.2210   1.3890   1.5590   1.7330   1.8980   2.0560 -10000000000.0000 -10000000000.0000;
159:  0.0070   0.0270   0.0500   0.0790   0.1190   0.1680   0.2330   0.3100   0.3800   0.4580   0.5710   0.6990   0.8110   0.9340   1.0680   1.2200   1.3890   1.5600   1.7400   1.9080   2.0630 -10000000000.0000 -10000000000.0000;
160:  0.0070   0.0270   0.0500   0.0790   0.1190   0.1680   0.2320   0.3100   0.3800   0.4580   0.5710   0.6990   0.8110   0.9330   1.0670   1.2200   1.3880   1.5620   1.7460   1.9170   2.0700 -10000000000.0000 -10000000000.0000;
161:  0.0070   0.0270   0.0500   0.0790   0.1190   0.1680   0.2330   0.3100   0.3800   0.4580   0.5710   0.6990   0.8100   0.9330   1.0670   1.2190   1.3870   1.5630   1.7520   1.9280   2.0800 -10000000000.0000 -10000000000.0000;
162:  0.0070   0.0270   0.0500   0.0790   0.1190   0.1680   0.2330   0.3100   0.3810   0.4580   0.5720   0.6990   0.8110   0.9330   1.0670   1.2180   1.3860   1.5640   1.7580   1.9380   2.0900 -10000000000.0000 -10000000000.0000;
163:  0.0070   0.0270   0.0500   0.0790   0.1190   0.1680   0.2330   0.3100   0.3810   0.4580   0.5720   0.6990   0.8100   0.9330   1.0670   1.2180   1.3850   1.5650   1.7640   1.9500   2.1020 -10000000000.0000 -10000000000.0000;
164:  0.0070   0.0270   0.0500   0.0800   0.1200   0.1680   0.2330   0.3100   0.3800   0.4580   0.5720   0.6990   0.8100   0.9330   1.0660   1.2170   1.3830   1.5640   1.7680   1.9600   2.1140 -10000000000.0000 -10000000000.0000;
165:  0.0070   0.0270   0.0500   0.0800   0.1200   0.1680   0.2330   0.3100   0.3810   0.4580   0.5720   0.6990   0.8100   0.9320   1.0660   1.2150   1.3810   1.5620   1.7710   1.9690   2.1260 -10000000000.0000 -10000000000.0000;
166:  0.0070   0.0270   0.0500   0.0800   0.1200   0.1680   0.2330   0.3100   0.3800   0.4580   0.5720   0.6990   0.8100   0.9320   1.0660   1.2150   1.3790   1.5620   1.7740   1.9780   2.1390 -10000000000.0000 -10000000000.0000;
167:  0.0080   0.0270   0.0500   0.0800   0.1200   0.1690   0.2330   0.3100   0.3810   0.4590   0.5720   0.7000   0.8110   0.9320   1.0660   1.2140   1.3770   1.5610   1.7760   1.9870   2.1530 -10000000000.0000 -10000000000.0000;
168:  0.0080   0.0280   0.0510   0.0800   0.1200   0.1690   0.2340   0.3110   0.3810   0.4590   0.5720   0.7000   0.8110   0.9320   1.0660   1.2130   1.3760   1.5590   1.7770   1.9950   2.1680 -10000000000.0000 -10000000000.0000;
169:  0.0080   0.0280   0.0510   0.0800   0.1200   0.1690   0.2340   0.3110   0.3810   0.4590   0.5720   0.7000   0.8110   0.9320   1.0660   1.2130   1.3750   1.5570   1.7780   2.0020   2.1810 -10000000000.0000 -10000000000.0000;
170:  0.0080   0.0280   0.0510   0.0810   0.1210   0.1690   0.2340   0.3110   0.3810   0.4590   0.5730   0.7000   0.8110   0.9320   1.0660   1.2120   1.3730   1.5550   1.7770   2.0080   2.1940 -10000000000.0000 -10000000000.0000;
171:  0.0090   0.0280   0.0510   0.0810   0.1210   0.1690   0.2340   0.3120   0.3810   0.4590   0.5730   0.7000   0.8110   0.9320   1.0650   1.2120   1.3710   1.5520   1.7770   2.0130   2.2070 -10000000000.0000 -10000000000.0000;
172:  0.0070   0.0270   0.0500   0.0800   0.1200   0.1680   0.2330   0.3100   0.3800   0.4580   0.5710   0.6990   0.8100   0.9310   1.0640   1.2100   1.3690   1.5490   1.7730   2.0150   2.2170   2.4170 -10000000000.0000;
173:  0.0070   0.0270   0.0500   0.0800   0.1200   0.1680   0.2330   0.3100   0.3800   0.4570   0.5710   0.6980   0.8100   0.9310   1.0630   1.2090   1.3670   1.5460   1.7710   2.0190   2.2290   2.4250 -10000000000.0000;
174:  0.0070   0.0270   0.0500   0.0800   0.1200   0.1680   0.2330   0.3110   0.3800   0.4580   0.5710   0.6990   0.8100   0.9310   1.0630   1.2090   1.3660   1.5440   1.7700   2.0220   2.2390   2.4330 -10000000000.0000;
175:  0.0070   0.0270   0.0500   0.0800   0.1200   0.1680   0.2330   0.3110   0.3800   0.4580   0.5710   0.6990   0.8100   0.9310   1.0620   1.2080   1.3650   1.5410   1.7670   2.0240   2.2490   2.4420 -10000000000.0000;
176:  0.0070   0.0270   0.0500   0.0800   0.1200   0.1680   0.2330   0.3110   0.3800   0.4580   0.5710   0.6990   0.8100   0.9310   1.0620   1.2070   1.3640   1.5400   1.7650   2.0260   2.2580   2.4510 -10000000000.0000;
177:  0.0070   0.0270   0.0500   0.0800   0.1200   0.1690   0.2340   0.3110   0.3800   0.4580   0.5710   0.6980   0.8100   0.9310   1.0620   1.2060   1.3630   1.5370   1.7620   2.0270   2.2660   2.4600 -10000000000.0000;
178:  0.0080   0.0270   0.0500   0.0800   0.1200   0.1690   0.2340   0.3110   0.3800   0.4580   0.5710   0.6990   0.8100   0.9310   1.0620   1.2060   1.3620   1.5360   1.7590   2.0280   2.2750   2.4690 -10000000000.0000;
179:  0.0080   0.0270   0.0500   0.0800   0.1210   0.1690   0.2340   0.3120   0.3800   0.4580   0.5720   0.6990   0.8100   0.9310   1.0610   1.2050   1.3610   1.5340   1.7570   2.0270   2.2810   2.4780 -10000000000.0000;
180:  0.0080   0.0280   0.0510   0.0800   0.1210   0.1690   0.2340   0.3120   0.3800   0.4580   0.5720   0.6990   0.8110   0.9320   1.0620   1.2040   1.3600   1.5330   1.7540   2.0260   2.2870   2.4870 -10000000000.0000;
181:  0.0080   0.0280   0.0510   0.0800   0.1210   0.1690   0.2340   0.3120   0.3800   0.4590   0.5720   0.7000   0.8110   0.9320   1.0620   1.2040   1.3600   1.5320   1.7520   2.0250   2.2910   2.4940 -10000000000.0000;
182:  0.0080   0.0280   0.0510   0.0810   0.1210   0.1690   0.2340   0.3120   0.3800   0.4580   0.5720   0.7000   0.8110   0.9310   1.0620   1.2040   1.3590   1.5300   1.7490   2.0230   2.2940   2.5030 -10000000000.0000;
183:  0.0080   0.0280   0.0510   0.0810   0.1210   0.1690   0.2340   0.3120   0.3800   0.4580   0.5720   0.7000   0.8100   0.9310   1.0610   1.2030   1.3580   1.5290   1.7480   2.0200   2.2950   2.5090 -10000000000.0000;
184:  0.0080   0.0280   0.0510   0.0810   0.1210   0.1690   0.2340   0.3120   0.3800   0.4580   0.5730   0.7000   0.8110   0.9310   1.0610   1.2020   1.3560   1.5280   1.7460   2.0160   2.2950   2.5150 -10000000000.0000;
185:  0.0090   0.0280   0.0510   0.0810   0.1220   0.1700   0.2350   0.3120   0.3800   0.4580   0.5730   0.7000   0.8110   0.9310   1.0610   1.2010   1.3550   1.5270   1.7460   2.0140   2.2960   2.5210 -10000000000.0000;
186:  0.0090   0.0290   0.0520   0.0810   0.1220   0.1700   0.2350   0.3130   0.3810   0.4590   0.5730   0.7000   0.8110   0.9320   1.0620   1.2010   1.3540   1.5260   1.7460   2.0110   2.2940   2.5240 -10000000000.0000;
187:  0.0090   0.0290   0.0520   0.0810   0.1220   0.1700   0.2350   0.3120   0.3800   0.4590   0.5730   0.7000   0.8110   0.9320   1.0610   1.2000   1.3530   1.5250   1.7450   2.0070   2.2920   2.5280 -10000000000.0000;
188:  0.0090   0.0290   0.0520   0.0820   0.1220   0.1700   0.2350   0.3130   0.3800   0.4590   0.5730   0.7000   0.8110   0.9320   1.0620   1.2000   1.3520   1.5250   1.7450   2.0030   2.2890   2.5300 -10000000000.0000;
189:  0.0090   0.0290   0.0520   0.0820   0.1220   0.1700   0.2350   0.3120   0.3800   0.4580   0.5730   0.7000   0.8110   0.9320   1.0620   1.2000   1.3510   1.5230   1.7450   1.9990   2.2840   2.5300 -10000000000.0000;
190:  0.0100   0.0290   0.0520   0.0820   0.1220   0.1700   0.2350   0.3120   0.3800   0.4590   0.5730   0.7000   0.8110   0.9320   1.0620   1.1990   1.3500   1.5230   1.7460   1.9970   2.2810   2.5310 -10000000000.0000;
191:  0.0100   0.0290   0.0520   0.0820   0.1220   0.1700   0.2350   0.3120   0.3800   0.4590   0.5730   0.7000   0.8100   0.9320   1.0620   1.1990   1.3500   1.5230   1.7470   1.9940   2.2770   2.5300 -10000000000.0000;
192:  0.0100   0.0290   0.0520   0.0820   0.1220   0.1700   0.2350   0.3120   0.3800   0.4590   0.5740   0.6990   0.8100   0.9320   1.0630   1.1990   1.3490   1.5240   1.7490   1.9920   2.2740   2.5290 -10000000000.0000;
193:  0.0100   0.0290   0.0520   0.0820   0.1220   0.1700   0.2350   0.3120   0.3800   0.4590   0.5730   0.6990   0.8100   0.9320   1.0620   1.1980   1.3490   1.5240   1.7490   1.9910   2.2710   2.5290 -10000000000.0000;
194:  0.0100   0.0300   0.0530   0.0820   0.1220   0.1700   0.2350   0.3120   0.3800   0.4590   0.5740   0.6990   0.8100   0.9320   1.0630   1.1980   1.3490   1.5230   1.7500   1.9890   2.2680   2.5290 -10000000000.0000;
195:  0.0100   0.0290   0.0520   0.0820   0.1220   0.1700   0.2340   0.3110   0.3790   0.4580   0.5730   0.6980   0.8090   0.9320   1.0620   1.1980   1.3480   1.5230   1.7490   1.9870   2.2650   2.5260 -10000000000.0000;
196:  0.0100   0.0300   0.0520   0.0820   0.1220   0.1700   0.2350   0.3110   0.3790   0.4580   0.5730   0.6980   0.8090   0.9320   1.0630   1.1980   1.3490   1.5230   1.7500   1.9860   2.2620   2.5230 -10000000000.0000;
197:  0.0100   0.0300   0.0530   0.0820   0.1220   0.1700   0.2350   0.3110   0.3790   0.4580   0.5730   0.6980   0.8080   0.9320   1.0630   1.1990   1.3490   1.5230   1.7500   1.9860   2.2600   2.5210 -10000000000.0000;
198:  0.0100   0.0300   0.0530   0.0820   0.1220   0.1700   0.2340   0.3110   0.3790   0.4580   0.5730   0.6970   0.8080   0.9320   1.0640   1.1990   1.3490   1.5220   1.7500   1.9850   2.2570   2.5180 -10000000000.0000;
199:  0.0100   0.0300   0.0520   0.0820   0.1220   0.1700   0.2340   0.3110   0.3790   0.4580   0.5720   0.6970   0.8070   0.9320   1.0640   1.2000   1.3500   1.5220   1.7500   1.9850   2.2560   2.5150 -10000000000.0000;
200:  0.0100   0.0300   0.0520   0.0820   0.1220   0.1700   0.2340   0.3110   0.3790   0.4580   0.5720   0.6970   0.8070   0.9320   1.0640   1.2000   1.3500   1.5220   1.7500   1.9870   2.2550   2.5120 -10000000000.0000;
201:  0.0100   0.0300   0.0520   0.0820   0.1220   0.1700   0.2340   0.3110   0.3780   0.4580   0.5720   0.6960   0.8070   0.9320   1.0640   1.2010   1.3510   1.5220   1.7510   1.9890   2.2550   2.5090 -10000000000.0000;
202:  0.0100   0.0290   0.0520   0.0820   0.1220   0.1700   0.2340   0.3100   0.3780   0.4570   0.5710   0.6960   0.8060   0.9310   1.0640   1.2010   1.3510   1.5210   1.7510   1.9920   2.2550   2.5050 -10000000000.0000;
203:  0.0100   0.0290   0.0520   0.0820   0.1210   0.1690   0.2330   0.3100   0.3780   0.4570   0.5700   0.6950   0.8060   0.9310   1.0650   1.2020   1.3520   1.5210   1.7500   1.9940   2.2540   2.5020 -10000000000.0000;
204:  0.0100   0.0290   0.0520   0.0810   0.1210   0.1690   0.2330   0.3100   0.3780   0.4570   0.5700   0.6950   0.8060   0.9310   1.0650   1.2020   1.3520   1.5210   1.7500   1.9970   2.2560   2.4990 -10000000000.0000;
205:  0.0090   0.0290   0.0520   0.0810   0.1210   0.1690   0.2330   0.3090   0.3770   0.4560   0.5700   0.6950   0.8050   0.9310   1.0650   1.2040   1.3540   1.5220   1.7510   2.0010   2.2570   2.4980 -10000000000.0000;
206:  0.0090   0.0290   0.0520   0.0810   0.1210   0.1690   0.2330   0.3090   0.3770   0.4560   0.5700   0.6950   0.8050   0.9300   1.0650   1.2040   1.3540   1.5220   1.7500   2.0030   2.2580   2.4950 -10000000000.0000;
207:  0.0110   0.0310   0.0540   0.0830   0.1220   0.1700   0.2340   0.3110   0.3790   0.4580   0.5720   0.6970   0.8070   0.9310   1.0660   1.2060   1.3570   1.5230   1.7520   2.0090   2.2600 -10000000000.0000 -10000000000.0000;
208:  0.0110   0.0310   0.0530   0.0830   0.1220   0.1700   0.2340   0.3100   0.3780   0.4570   0.5720   0.6970   0.8060   0.9310   1.0660   1.2070   1.3580   1.5240   1.7530   2.0110   2.2610 -10000000000.0000 -10000000000.0000;
209:  0.0110   0.0310   0.0530   0.0830   0.1220   0.1700   0.2340   0.3110   0.3780   0.4570   0.5710   0.6970   0.8060   0.9300   1.0660   1.2070   1.3590   1.5250   1.7520   2.0120   2.2620 -10000000000.0000 -10000000000.0000;
210:  0.0110   0.0310   0.0530   0.0830   0.1220   0.1700   0.2340   0.3100   0.3780   0.4570   0.5710   0.6970   0.8060   0.9300   1.0660   1.2080   1.3600   1.5250   1.7520   2.0130   2.2620 -10000000000.0000 -10000000000.0000;
211:  0.0110   0.0310   0.0530   0.0830   0.1220   0.1700   0.2340   0.3100   0.3780   0.4570   0.5710   0.6970   0.8050   0.9290   1.0650   1.2090   1.3610   1.5260   1.7520   2.0150   2.2630 -10000000000.0000 -10000000000.0000;
212:  0.0120   0.0320   0.0540   0.0830   0.1230   0.1700   0.2350   0.3110   0.3790   0.4580   0.5720   0.6980   0.8060   0.9300   1.0660   1.2100   1.3630   1.5280   1.7540   2.0170 -10000000000.0000 -10000000000.0000 -10000000000.0000;
213:  0.0120   0.0320   0.0540   0.0830   0.1230   0.1700   0.2340   0.3110   0.3790   0.4570   0.5720   0.6980   0.8060   0.9290   1.0660   1.2100   1.3640   1.5280   1.7540   2.0180 -10000000000.0000 -10000000000.0000 -10000000000.0000;
214:  0.0130   0.0320   0.0550   0.0840   0.1230   0.1710   0.2350   0.3110   0.3790   0.4580   0.5720   0.6980   0.8060   0.9290   1.0660   1.2110   1.3650   1.5290   1.7540   2.0180 -10000000000.0000 -10000000000.0000 -10000000000.0000;
215:  0.0130   0.0320   0.0540   0.0830   0.1230   0.1700   0.2340   0.3110   0.3790   0.4570   0.5720   0.6980   0.8050   0.9290   1.0660   1.2110   1.3660   1.5300   1.7540   2.0180 -10000000000.0000 -10000000000.0000 -10000000000.0000;
216:  0.0130   0.0320   0.0550   0.0830   0.1230   0.1700   0.2340   0.3110   0.3790   0.4570   0.5720   0.6980   0.8050   0.9290   1.0660   1.2120   1.3660   1.5310   1.7540   2.0180 -10000000000.0000 -10000000000.0000 -10000000000.0000;
217:  0.0130   0.0320   0.0550   0.0830   0.1230   0.1700   0.2340   0.3110   0.3790   0.4570   0.5710   0.6980   0.8050   0.9290   1.0660   1.2120   1.3670   1.5320   1.7530   2.0180 -10000000000.0000 -10000000000.0000 -10000000000.0000;
218:  0.0130   0.0320   0.0550   0.0830   0.1230   0.1700   0.2340   0.3110   0.3790   0.4570   0.5710   0.6970   0.8040   0.9280   1.0660   1.2120   1.3670   1.5320   1.7530   2.0170 -10000000000.0000 -10000000000.0000 -10000000000.0000;
219:  0.0130   0.0320   0.0550   0.0830   0.1230   0.1700   0.2340   0.3110   0.3790   0.4570   0.5710   0.6970   0.8040   0.9290   1.0660   1.2130   1.3680   1.5330   1.7530   2.0170 -10000000000.0000 -10000000000.0000 -10000000000.0000;
220:  0.0130   0.0320   0.0550   0.0830   0.1220   0.1700   0.2340   0.3110   0.3790   0.4570   0.5710   0.6970   0.8040   0.9290   1.0660   1.2130   1.3680   1.5330   1.7510   2.0150 -10000000000.0000 -10000000000.0000 -10000000000.0000;
221:  0.0130   0.0330   0.0550   0.0840   0.1230   0.1700   0.2340   0.3110   0.3800   0.4570   0.5710   0.6970   0.8040   0.9290   1.0670   1.2130   1.3680   1.5330   1.7490   2.0130 -10000000000.0000 -10000000000.0000 -10000000000.0000;
222:  0.0130   0.0330   0.0550   0.0840   0.1230   0.1700   0.2340   0.3110   0.3800   0.4570   0.5710   0.6960   0.8030   0.9290   1.0670   1.2130   1.3690   1.5340   1.7480   2.0130 -10000000000.0000 -10000000000.0000 -10000000000.0000;
223:  0.0130   0.0330   0.0550   0.0840   0.1230   0.1700   0.2340   0.3100   0.3800   0.4570   0.5710   0.6960   0.8040   0.9290   1.0670   1.2140   1.3690   1.5340   1.7470   2.0100 -10000000000.0000 -10000000000.0000 -10000000000.0000;
224:  0.0130   0.0320   0.0540   0.0830   0.1220   0.1700   0.2330   0.3090   0.3790   0.4560   0.5690   0.6950   0.8030   0.9290   1.0670   1.2130   1.3680   1.5320   1.7430 -10000000000.0000 -10000000000.0000 -10000000000.0000 -10000000000.0000;
225:  0.0110   0.0300   0.0530   0.0820   0.1210   0.1680   0.2320   0.3070   0.3770   0.4550   0.5670   0.6930   0.8020   0.9270   1.0660   1.2100   1.3650   1.5310 -10000000000.0000 -10000000000.0000 -10000000000.0000 -10000000000.0000 -10000000000.0000;
226:  0.0110   0.0300   0.0530   0.0820   0.1210   0.1680   0.2320   0.3070   0.3770   0.4550   0.5670   0.6930   0.8020   0.9280   1.0660   1.2100   1.3640   1.5300 -10000000000.0000 -10000000000.0000 -10000000000.0000 -10000000000.0000 -10000000000.0000;
227:  0.0110   0.0300   0.0530   0.0820   0.1210   0.1680   0.2320   0.3070   0.3770   0.4550   0.5660   0.6930   0.8020   0.9270   1.0660   1.2100   1.3630   1.5300 -10000000000.0000 -10000000000.0000 -10000000000.0000 -10000000000.0000 -10000000000.0000;
228:  0.0110   0.0300   0.0530   0.0810   0.1200   0.1680   0.2310   0.3070   0.3770   0.4540   0.5660   0.6920   0.8020   0.9270   1.0660   1.2090   1.3610   1.5280 -10000000000.0000 -10000000000.0000 -10000000000.0000 -10000000000.0000 -10000000000.0000;
229:  0.0110   0.0300   0.0530   0.0810   0.1210   0.1680   0.2310   0.3070   0.3770   0.4540   0.5650   0.6920   0.8020   0.9280   1.0660   1.2090   1.3610   1.5270 -10000000000.0000 -10000000000.0000 -10000000000.0000 -10000000000.0000 -10000000000.0000;
230:  0.0110   0.0300   0.0530   0.0810   0.1200   0.1680   0.2310   0.3070   0.3760   0.4540   0.5650   0.6920   0.8030   0.9270   1.0660   1.2080   1.3590   1.5250 -10000000000.0000 -10000000000.0000 -10000000000.0000 -10000000000.0000 -10000000000.0000;
231:  0.0110   0.0300   0.0530   0.0810   0.1200   0.1680   0.2310   0.3070   0.3760   0.4540   0.5650   0.6920   0.8030   0.9280   1.0660   1.2080   1.3580   1.5240 -10000000000.0000 -10000000000.0000 -10000000000.0000 -10000000000.0000 -10000000000.0000;
232:  0.0110   0.0300   0.0520   0.0810   0.1200   0.1680   0.2310   0.3060   0.3760   0.4540   0.5650   0.6920   0.8030   0.9270   1.0650   1.2070   1.3560   1.5220 -10000000000.0000 -10000000000.0000 -10000000000.0000 -10000000000.0000 -10000000000.0000;
233:  0.0110   0.0300   0.0520   0.0810   0.1200   0.1680   0.2310   0.3060   0.3760   0.4530   0.5640   0.6920   0.8040   0.9270   1.0640   1.2060   1.3560   1.5200 -10000000000.0000 -10000000000.0000 -10000000000.0000 -10000000000.0000 -10000000000.0000;
234:  0.0110   0.0300   0.0520   0.0810   0.1200   0.1680   0.2310   0.3060   0.3750   0.4530   0.5640   0.6920   0.8040   0.9260   1.0630   1.2050   1.3550   1.5190 -10000000000.0000 -10000000000.0000 -10000000000.0000 -10000000000.0000 -10000000000.0000;
235:  0.0110   0.0300   0.0520   0.0810   0.1200   0.1680   0.2310   0.3060   0.3750   0.4530   0.5640   0.6920   0.8040   0.9260   1.0630   1.2040   1.3540   1.5170 -10000000000.0000 -10000000000.0000 -10000000000.0000 -10000000000.0000 -10000000000.0000;
236:  0.0110   0.0300   0.0520   0.0810   0.1200   0.1680   0.2310   0.3060   0.3750   0.4530   0.5640   0.6930   0.8050   0.9260   1.0620   1.2030   1.3540   1.5150 -10000000000.0000 -10000000000.0000 -10000000000.0000 -10000000000.0000 -10000000000.0000;
237:  0.0110   0.0300   0.0520   0.0810   0.1200   0.1680   0.2310   0.3060   0.3750   0.4520   0.5640   0.6930   0.8050   0.9260   1.0610   1.2020   1.3520   1.5120 -10000000000.0000 -10000000000.0000 -10000000000.0000 -10000000000.0000 -10000000000.0000;
238:  0.0110   0.0300   0.0520   0.0810   0.1200   0.1680   0.2310   0.3050   0.3740   0.4510   0.5640   0.6930   0.8050   0.9250   1.0600   1.2010   1.3520   1.5100 -10000000000.0000 -10000000000.0000 -10000000000.0000 -10000000000.0000 -10000000000.0000;
239:  0.0110   0.0300   0.0520   0.0810   0.1200   0.1680   0.2310   0.3050   0.3740   0.4510   0.5640   0.6940   0.8050   0.9250   1.0590   1.2000   1.3510   1.5070 -10000000000.0000 -10000000000.0000 -10000000000.0000 -10000000000.0000 -10000000000.0000;
240:  0.0110   0.0300   0.0520   0.0800   0.1200   0.1680   0.2310   0.3050   0.3730   0.4510   0.5640   0.6940   0.8050   0.9250   1.0570   1.1990   1.3510   1.5040 -10000000000.0000 -10000000000.0000 -10000000000.0000 -10000000000.0000 -10000000000.0000;
241:  0.0110   0.0300   0.0520   0.0800   0.1200   0.1680   0.2310   0.3050   0.3730   0.4500   0.5640   0.6940   0.8050   0.9250   1.0570   1.1990   1.3500   1.5020 -10000000000.0000 -10000000000.0000 -10000000000.0000 -10000000000.0000 -10000000000.0000;
242:  0.0110   0.0300   0.0520   0.0800   0.1200   0.1680   0.2310   0.3050   0.3730   0.4510   0.5650   0.6940   0.8050   0.9250   1.0560   1.1980   1.3510   1.4990 -10000000000.0000 -10000000000.0000 -10000000000.0000 -10000000000.0000 -10000000000.0000;
243:  0.0110   0.0300   0.0520   0.0810   0.1200   0.1680   0.2320   0.3050   0.3730   0.4500   0.5650   0.6950   0.8050   0.9240   1.0560   1.1980   1.3500   1.4960 -10000000000.0000 -10000000000.0000 -10000000000.0000 -10000000000.0000 -10000000000.0000;
244:  0.0110   0.0300   0.0520   0.0800   0.1200   0.1680   0.2310   0.3050   0.3730   0.4500   0.5650   0.6960   0.8050   0.9240   1.0550   1.1980   1.3510   1.4930 -10000000000.0000 -10000000000.0000 -10000000000.0000 -10000000000.0000 -10000000000.0000;
245:  0.0110   0.0300   0.0520   0.0800   0.1200   0.1680   0.2310   0.3050   0.3720   0.4500   0.5660   0.6960   0.8040   0.9240   1.0540   1.1970   1.3510   1.4910 -10000000000.0000 -10000000000.0000 -10000000000.0000 -10000000000.0000 -10000000000.0000;
246:  0.0120   0.0310   0.0530   0.0810   0.1210   0.1690   0.2330   0.3070   0.3740   0.4510   0.5670   0.6970   0.8050   0.9240   1.0550   1.1980   1.3520 -10000000000.0000 -10000000000.0000 -10000000000.0000 -10000000000.0000 -10000000000.0000 -10000000000.0000;
247:  0.0120   0.0310   0.0530   0.0810   0.1210   0.1690   0.2330   0.3070   0.3730   0.4510   0.5680   0.6970   0.8050   0.9240   1.0540   1.1980   1.3520 -10000000000.0000 -10000000000.0000 -10000000000.0000 -10000000000.0000 -10000000000.0000 -10000000000.0000;
248:  0.0120   0.0310   0.0530   0.0810   0.1210   0.1690   0.2330   0.3070   0.3730   0.4510   0.5680   0.6970   0.8050   0.9240   1.0540   1.1990   1.3520 -10000000000.0000 -10000000000.0000 -10000000000.0000 -10000000000.0000 -10000000000.0000 -10000000000.0000;
249:  0.0120   0.0310   0.0530   0.0810   0.1210   0.1690   0.2330   0.3070   0.3730   0.4510   0.5680   0.6970   0.8040   0.9230   1.0530   1.1990   1.3530 -10000000000.0000 -10000000000.0000 -10000000000.0000 -10000000000.0000 -10000000000.0000 -10000000000.0000;
250:  0.0120   0.0310   0.0530   0.0810   0.1210   0.1690   0.2330   0.3070   0.3740   0.4510   0.5680   0.6970   0.8040   0.9230   1.0530   1.2000   1.3530 -10000000000.0000 -10000000000.0000 -10000000000.0000 -10000000000.0000 -10000000000.0000 -10000000000.0000;
251:  0.0120   0.0310   0.0540   0.0820   0.1210   0.1690   0.2320   0.3070   0.3740   0.4520   0.5690   0.6980   0.8050   0.9230   1.0530   1.2000   1.3540 -10000000000.0000 -10000000000.0000 -10000000000.0000 -10000000000.0000 -10000000000.0000 -10000000000.0000;
252:  0.0120   0.0310   0.0530   0.0810   0.1200   0.1680   0.2320   0.3070   0.3730   0.4510   0.5690   0.6970   0.8040   0.9230   1.0530   1.2010 -10000000000.0000 -10000000000.0000 -10000000000.0000 -10000000000.0000 -10000000000.0000 -10000000000.0000 -10000000000.0000;
253:  0.0120   0.0310   0.0530   0.0810   0.1200   0.1680   0.2320   0.3070   0.3740   0.4510   0.5690   0.6970   0.8040   0.9230   1.0530   1.2010 -10000000000.0000 -10000000000.0000 -10000000000.0000 -10000000000.0000 -10000000000.0000 -10000000000.0000 -10000000000.0000;
254:  0.0110   0.0310   0.0530   0.0810   0.1200   0.1670   0.2310   0.3070   0.3740   0.4510   0.5700   0.6970   0.8040   0.9220   1.0530   1.2020 -10000000000.0000 -10000000000.0000 -10000000000.0000 -10000000000.0000 -10000000000.0000 -10000000000.0000 -10000000000.0000;
255:  0.0110   0.0310   0.0530   0.0810   0.1200   0.1670   0.2310   0.3070   0.3740   0.4520   0.5700   0.6970   0.8030   0.9220   1.0540   1.2030 -10000000000.0000 -10000000000.0000 -10000000000.0000 -10000000000.0000 -10000000000.0000 -10000000000.0000 -10000000000.0000;
256:  0.0110   0.0310   0.0530   0.0810   0.1200   0.1670   0.2310   0.3080   0.3750   0.4520   0.5700   0.6970   0.8030   0.9220   1.0540   1.2040 -10000000000.0000 -10000000000.0000 -10000000000.0000 -10000000000.0000 -10000000000.0000 -10000000000.0000 -10000000000.0000;
257:  0.0110   0.0310   0.0530   0.0810   0.1200   0.1670   0.2310   0.3080   0.3750   0.4520   0.5700   0.6970   0.8020   0.9230   1.0550   1.2050 -10000000000.0000 -10000000000.0000 -10000000000.0000 -10000000000.0000 -10000000000.0000 -10000000000.0000 -10000000000.0000;
258:  0.0110   0.0310   0.0530   0.0810   0.1200   0.1670   0.2310   0.3080   0.3750   0.4530   0.5710   0.6970   0.8020   0.9230   1.0560   1.2060 -10000000000.0000 -10000000000.0000 -10000000000.0000 -10000000000.0000 -10000000000.0000 -10000000000.0000 -10000000000.0000;
259:  0.0120   0.0310   0.0530   0.0810   0.1200   0.1670   0.2310   0.3090   0.3760   0.4530   0.5710   0.6970   0.8020   0.9230   1.0570   1.2070 -10000000000.0000 -10000000000.0000 -10000000000.0000 -10000000000.0000 -10000000000.0000 -10000000000.0000 -10000000000.0000;
260:  0.0110   0.0310   0.0530   0.0810   0.1200   0.1670   0.2310   0.3090   0.3760   0.4530   0.5710   0.6970   0.8020   0.9230   1.0570   1.2060 -10000000000.0000 -10000000000.0000 -10000000000.0000 -10000000000.0000 -10000000000.0000 -10000000000.0000 -10000000000.0000;
261:  0.0110   0.0310   0.0530   0.0810   0.1200   0.1670   0.2310   0.3090   0.3760   0.4540   0.5710   0.6960   0.8010   0.9230   1.0580   1.2070 -10000000000.0000 -10000000000.0000 -10000000000.0000 -10000000000.0000 -10000000000.0000 -10000000000.0000 -10000000000.0000;
262:  0.0110   0.0310   0.0530   0.0810   0.1200   0.1670   0.2310   0.3090   0.3770   0.4540   0.5710   0.6960   0.8010   0.9230   1.0580   1.2080 -10000000000.0000 -10000000000.0000 -10000000000.0000 -10000000000.0000 -10000000000.0000 -10000000000.0000 -10000000000.0000;
263:  0.0110   0.0310   0.0530   0.0810   0.1200   0.1670   0.2310   0.3090   0.3770   0.4540   0.5720   0.6960   0.8010   0.9240   1.0600   1.2080 -10000000000.0000 -10000000000.0000 -10000000000.0000 -10000000000.0000 -10000000000.0000 -10000000000.0000 -10000000000.0000;
264:  0.0110   0.0310   0.0530   0.0810   0.1200   0.1670   0.2310   0.3100   0.3770   0.4550   0.5720   0.6960   0.8020   0.9250   1.0610   1.2090 -10000000000.0000 -10000000000.0000 -10000000000.0000 -10000000000.0000 -10000000000.0000 -10000000000.0000 -10000000000.0000;
265:  0.0110   0.0310   0.0530   0.0810   0.1200   0.1670   0.2310   0.3100   0.3770   0.4550   0.5720   0.6960   0.8020   0.9250   1.0620   1.2090 -10000000000.0000 -10000000000.0000 -10000000000.0000 -10000000000.0000 -10000000000.0000 -10000000000.0000 -10000000000.0000;
266:  0.0110   0.0310   0.0530   0.0810   0.1200   0.1670   0.2320   0.3100   0.3780   0.4550   0.5720   0.6960   0.8020   0.9260   1.0630   1.2100 -10000000000.0000 -10000000000.0000 -10000000000.0000 -10000000000.0000 -10000000000.0000 -10000000000.0000 -10000000000.0000;
267:  0.0110   0.0310   0.0530   0.0810   0.1190   0.1670   0.2320   0.3100   0.3770   0.4550   0.5720   0.6950   0.8010   0.9260   1.0640   1.2080 -10000000000.0000 -10000000000.0000 -10000000000.0000 -10000000000.0000 -10000000000.0000 -10000000000.0000 -10000000000.0000;
268:  0.0110   0.0310   0.0530   0.0810   0.1190   0.1670   0.2320   0.3100   0.3780   0.4560   0.5720   0.6950   0.8010   0.9270   1.0650   1.2090 -10000000000.0000 -10000000000.0000 -10000000000.0000 -10000000000.0000 -10000000000.0000 -10000000000.0000 -10000000000.0000;
269:  0.0110   0.0310   0.0530   0.0810   0.1200   0.1670   0.2320   0.3100   0.3780   0.4560   0.5730   0.6960   0.8020   0.9280   1.0670   1.2090 -10000000000.0000 -10000000000.0000 -10000000000.0000 -10000000000.0000 -10000000000.0000 -10000000000.0000 -10000000000.0000;
270:  0.0120   0.0310   0.0530   0.0810   0.1200   0.1670   0.2320   0.3100   0.3780   0.4560   0.5730   0.6960   0.8020   0.9290   1.0690   1.2090 -10000000000.0000 -10000000000.0000 -10000000000.0000 -10000000000.0000 -10000000000.0000 -10000000000.0000 -10000000000.0000;
271:  0.0110   0.0310   0.0530   0.0810   0.1200   0.1670   0.2320   0.3100   0.3780   0.4560   0.5730   0.6960   0.8030   0.9290   1.0690   1.2100 -10000000000.0000 -10000000000.0000 -10000000000.0000 -10000000000.0000 -10000000000.0000 -10000000000.0000 -10000000000.0000;
272:  0.0110   0.0310   0.0530   0.0810   0.1200   0.1670   0.2320   0.3100   0.3780   0.4560   0.5730   0.6960   0.8030   0.9300   1.0710   1.2110 -10000000000.0000 -10000000000.0000 -10000000000.0000 -10000000000.0000 -10000000000.0000 -10000000000.0000 -10000000000.0000;
273:  0.0110   0.0310   0.0530   0.0810   0.1200   0.1670   0.2320   0.3100   0.3780   0.4560   0.5730   0.6960   0.8040   0.9310   1.0710   1.2120 -10000000000.0000 -10000000000.0000 -10000000000.0000 -10000000000.0000 -10000000000.0000 -10000000000.0000 -10000000000.0000;
274:  0.0110   0.0310   0.0530   0.0810   0.1200   0.1670   0.2320   0.3100   0.3780   0.4560   0.5730   0.6960   0.8040   0.9320   1.0720   1.2120 -10000000000.0000 -10000000000.0000 -10000000000.0000 -10000000000.0000 -10000000000.0000 -10000000000.0000 -10000000000.0000;
275:  0.0110   0.0310   0.0530   0.0810   0.1200   0.1670   0.2320   0.3100   0.3780   0.4570   0.5730   0.6960   0.8050   0.9330   1.0730   1.2130 -10000000000.0000 -10000000000.0000 -10000000000.0000 -10000000000.0000 -10000000000.0000 -10000000000.0000 -10000000000.0000;
276:  0.0120   0.0310   0.0530   0.0810   0.1200   0.1680   0.2330   0.3100   0.3780   0.4570   0.5730   0.6970   0.8060   0.9340   1.0740   1.2140 -10000000000.0000 -10000000000.0000 -10000000000.0000 -10000000000.0000 -10000000000.0000 -10000000000.0000 -10000000000.0000;
277:  0.0120   0.0310   0.0530   0.0810   0.1200   0.1680   0.2330   0.3100   0.3780   0.4570   0.5730   0.6970   0.8070   0.9350   1.0750   1.2150 -10000000000.0000 -10000000000.0000 -10000000000.0000 -10000000000.0000 -10000000000.0000 -10000000000.0000 -10000000000.0000;
278:  0.0110   0.0310   0.0530   0.0810   0.1200   0.1680   0.2330   0.3100   0.3780   0.4570   0.5730   0.6970   0.8070   0.9350   1.0760   1.2160 -10000000000.0000 -10000000000.0000 -10000000000.0000 -10000000000.0000 -10000000000.0000 -10000000000.0000 -10000000000.0000;
279:  0.0120   0.0310   0.0530   0.0810   0.1200   0.1680   0.2330   0.3100   0.3790   0.4570   0.5740   0.6980   0.8080   0.9360   1.0770   1.2180 -10000000000.0000 -10000000000.0000 -10000000000.0000 -10000000000.0000 -10000000000.0000 -10000000000.0000 -10000000000.0000;
280:  0.0110   0.0310   0.0530   0.0810   0.1200   0.1680   0.2330   0.3100   0.3790   0.4570   0.5730   0.6980   0.8090   0.9370   1.0770   1.2200 -10000000000.0000 -10000000000.0000 -10000000000.0000 -10000000000.0000 -10000000000.0000 -10000000000.0000 -10000000000.0000;
281:  0.0110   0.0310   0.0530   0.0810   0.1200   0.1680   0.2330   0.3100   0.3790   0.4570   0.5730   0.6980   0.8090   0.9370   1.0780   1.2210 -10000000000.0000 -10000000000.0000 -10000000000.0000 -10000000000.0000 -10000000000.0000 -10000000000.0000 -10000000000.0000;
282:  0.0120   0.0310   0.0530   0.0810   0.1210   0.1680   0.2330   0.3100   0.3800   0.4580   0.5740   0.6990   0.8100   0.9390   1.0790   1.2230 -10000000000.0000 -10000000000.0000 -10000000000.0000 -10000000000.0000 -10000000000.0000 -10000000000.0000 -10000000000.0000;
283:  0.0120   0.0310   0.0530   0.0810   0.1210   0.1690   0.2330   0.3100   0.3800   0.4570   0.5740   0.6990   0.8110   0.9390   1.0800   1.2240 -10000000000.0000 -10000000000.0000 -10000000000.0000 -10000000000.0000 -10000000000.0000 -10000000000.0000 -10000000000.0000;
284:  0.0120   0.0310   0.0530   0.0820   0.1210   0.1690   0.2330   0.3110   0.3800   0.4580   0.5730   0.7000   0.8110   0.9400   1.0800   1.2260 -10000000000.0000 -10000000000.0000 -10000000000.0000 -10000000000.0000 -10000000000.0000 -10000000000.0000 -10000000000.0000;
285:  0.0120   0.0310   0.0530   0.0820   0.1210   0.1690   0.2340   0.3110   0.3810   0.4580   0.5740   0.7010   0.8120   0.9410   1.0810   1.2270 -10000000000.0000 -10000000000.0000 -10000000000.0000 -10000000000.0000 -10000000000.0000 -10000000000.0000 -10000000000.0000;
286:  0.0120   0.0310   0.0530   0.0820   0.1210   0.1690   0.2330   0.3110   0.3810   0.4580   0.5740   0.7010   0.8130   0.9410   1.0820   1.2280 -10000000000.0000 -10000000000.0000 -10000000000.0000 -10000000000.0000 -10000000000.0000 -10000000000.0000 -10000000000.0000;
287:  0.0120   0.0310   0.0530   0.0820   0.1210   0.1690   0.2330   0.3110   0.3820   0.4590   0.5740   0.7010   0.8130   0.9410   1.0820   1.2300 -10000000000.0000 -10000000000.0000 -10000000000.0000 -10000000000.0000 -10000000000.0000 -10000000000.0000 -10000000000.0000;
288:  0.0120   0.0310   0.0530   0.0820   0.1210   0.1700   0.2340   0.3110   0.3820   0.4590   0.5740   0.7010   0.8130   0.9420   1.0830   1.2320 -10000000000.0000 -10000000000.0000 -10000000000.0000 -10000000000.0000 -10000000000.0000 -10000000000.0000 -10000000000.0000;
289:  0.0120   0.0310   0.0530   0.0820   0.1210   0.1700   0.2340   0.3120   0.3820   0.4590   0.5740   0.7020   0.8140   0.9430   1.0840   1.2330 -10000000000.0000 -10000000000.0000 -10000000000.0000 -10000000000.0000 -10000000000.0000 -10000000000.0000 -10000000000.0000;
290:  0.0120   0.0310   0.0530   0.0820   0.1220   0.1700   0.2340   0.3120   0.3830   0.4600   0.5740   0.7030   0.8150   0.9430   1.0850   1.2350 -10000000000.0000 -10000000000.0000 -10000000000.0000 -10000000000.0000 -10000000000.0000 -10000000000.0000 -10000000000.0000;
291:  0.0120   0.0310   0.0530   0.0820   0.1220   0.1700   0.2350   0.3120   0.3830   0.4600   0.5750   0.7030   0.8150   0.9440   1.0850   1.2360 -10000000000.0000 -10000000000.0000 -10000000000.0000 -10000000000.0000 -10000000000.0000 -10000000000.0000 -10000000000.0000;
292:  0.0120   0.0310   0.0540   0.0820   0.1220   0.1700   0.2350   0.3130   0.3840   0.4610   0.5750   0.7040   0.8160   0.9440   1.0860   1.2380 -10000000000.0000 -10000000000.0000 -10000000000.0000 -10000000000.0000 -10000000000.0000 -10000000000.0000 -10000000000.0000;
293:  0.0120   0.0310   0.0540   0.0820   0.1220   0.1710   0.2350   0.3130   0.3840   0.4620   0.5760   0.7040   0.8170   0.9450   1.0870   1.2390 -10000000000.0000 -10000000000.0000 -10000000000.0000 -10000000000.0000 -10000000000.0000 -10000000000.0000 -10000000000.0000;
294:  0.0120   0.0320   0.0540   0.0830   0.1220   0.1710   0.2360   0.3130   0.3840   0.4620   0.5760   0.7050   0.8180   0.9460   1.0880   1.2410 -10000000000.0000 -10000000000.0000 -10000000000.0000 -10000000000.0000 -10000000000.0000 -10000000000.0000 -10000000000.0000;
295:  0.0100   0.0300   0.0520   0.0810   0.1210   0.1700   0.2340   0.3110   0.3830   0.4610   0.5750   0.7040   0.8170   0.9450   1.0870 -10000000000.0000 -10000000000.0000 -10000000000.0000 -10000000000.0000 -10000000000.0000 -10000000000.0000 -10000000000.0000 -10000000000.0000;
296:  0.0110   0.0310   0.0530   0.0820   0.1220   0.1710   0.2360   0.3130   0.3840   0.4630   0.5770   0.7060   0.8200   0.9470 -10000000000.0000 -10000000000.0000 -10000000000.0000 -10000000000.0000 -10000000000.0000 -10000000000.0000 -10000000000.0000 -10000000000.0000 -10000000000.0000;
297:  0.0110   0.0310   0.0530   0.0820   0.1220   0.1710   0.2360   0.3130   0.3840   0.4630   0.5760   0.7060   0.8200   0.9470 -10000000000.0000 -10000000000.0000 -10000000000.0000 -10000000000.0000 -10000000000.0000 -10000000000.0000 -10000000000.0000 -10000000000.0000 -10000000000.0000;
298:  0.0120   0.0310   0.0530   0.0820   0.1220   0.1710   0.2370   0.3130   0.3850   0.4630   0.5770   0.7080   0.8220   0.9490 -10000000000.0000 -10000000000.0000 -10000000000.0000 -10000000000.0000 -10000000000.0000 -10000000000.0000 -10000000000.0000 -10000000000.0000 -10000000000.0000;
299:  0.0110   0.0310   0.0530   0.0820   0.1220   0.1710   0.2370   0.3130   0.3850   0.4630   0.5770   0.7080   0.8220   0.9490 -10000000000.0000 -10000000000.0000 -10000000000.0000 -10000000000.0000 -10000000000.0000 -10000000000.0000 -10000000000.0000 -10000000000.0000 -10000000000.0000;
300:  0.0110   0.0310   0.0530   0.0820   0.1220   0.1710   0.2370   0.3140   0.3850   0.4640   0.5780   0.7080   0.8240   0.9510 -10000000000.0000 -10000000000.0000 -10000000000.0000 -10000000000.0000 -10000000000.0000 -10000000000.0000 -10000000000.0000 -10000000000.0000 -10000000000.0000;
301:  0.0110   0.0310   0.0530   0.0820   0.1220   0.1720   0.2370   0.3140   0.3850   0.4640   0.5780   0.7090   0.8250   0.9520 -10000000000.0000 -10000000000.0000 -10000000000.0000 -10000000000.0000 -10000000000.0000 -10000000000.0000 -10000000000.0000 -10000000000.0000 -10000000000.0000;
302:  0.0110   0.0310   0.0530   0.0820   0.1220   0.1710   0.2370   0.3140   0.3850   0.4640   0.5790   0.7090   0.8260   0.9530 -10000000000.0000 -10000000000.0000 -10000000000.0000 -10000000000.0000 -10000000000.0000 -10000000000.0000 -10000000000.0000 -10000000000.0000 -10000000000.0000;
303:  0.0110   0.0310   0.0530   0.0820   0.1220   0.1720   0.2380   0.3140   0.3850   0.4650   0.5790   0.7100   0.8270   0.9550 -10000000000.0000 -10000000000.0000 -10000000000.0000 -10000000000.0000 -10000000000.0000 -10000000000.0000 -10000000000.0000 -10000000000.0000 -10000000000.0000;
304:  0.0110   0.0310   0.0530   0.0820   0.1220   0.1720   0.2380   0.3150   0.3850   0.4650   0.5800   0.7100   0.8280   0.9560 -10000000000.0000 -10000000000.0000 -10000000000.0000 -10000000000.0000 -10000000000.0000 -10000000000.0000 -10000000000.0000 -10000000000.0000 -10000000000.0000;
305:  0.0120   0.0310   0.0540   0.0830   0.1230   0.1720   0.2380   0.3150   0.3860   0.4660   0.5800   0.7110   0.8290   0.9580 -10000000000.0000 -10000000000.0000 -10000000000.0000 -10000000000.0000 -10000000000.0000 -10000000000.0000 -10000000000.0000 -10000000000.0000 -10000000000.0000;
306:  0.0120   0.0310   0.0540   0.0830   0.1230   0.1720   0.2380   0.3150   0.3860   0.4660   0.5810   0.7120   0.8300   0.9590 -10000000000.0000 -10000000000.0000 -10000000000.0000 -10000000000.0000 -10000000000.0000 -10000000000.0000 -10000000000.0000 -10000000000.0000 -10000000000.0000;
307:  0.0110   0.0310   0.0540   0.0830   0.1230   0.1720   0.2380   0.3150   0.3860   0.4660   0.5810   0.7120   0.8310   0.9600 -10000000000.0000 -10000000000.0000 -10000000000.0000 -10000000000.0000 -10000000000.0000 -10000000000.0000 -10000000000.0000 -10000000000.0000 -10000000000.0000;
308:  0.0110   0.0310   0.0530   0.0830   0.1230   0.1720   0.2380   0.3160   0.3860   0.4660   0.5820   0.7130   0.8320   0.9610 -10000000000.0000 -10000000000.0000 -10000000000.0000 -10000000000.0000 -10000000000.0000 -10000000000.0000 -10000000000.0000 -10000000000.0000 -10000000000.0000;
309:  0.0110   0.0310   0.0530   0.0830   0.1230   0.1720   0.2390   0.3160   0.3860   0.4670   0.5820   0.7140   0.8330   0.9640 -10000000000.0000 -10000000000.0000 -10000000000.0000 -10000000000.0000 -10000000000.0000 -10000000000.0000 -10000000000.0000 -10000000000.0000 -10000000000.0000;
310:  0.0110   0.0310   0.0530   0.0830   0.1230   0.1720   0.2380   0.3160   0.3860   0.4670   0.5820   0.7140   0.8330   0.9640 -10000000000.0000 -10000000000.0000 -10000000000.0000 -10000000000.0000 -10000000000.0000 -10000000000.0000 -10000000000.0000 -10000000000.0000 -10000000000.0000;
311:  0.0110   0.0310   0.0540   0.0830   0.1230   0.1720   0.2390   0.3170   0.3870   0.4680   0.5830   0.7150   0.8340   0.9660 -10000000000.0000 -10000000000.0000 -10000000000.0000 -10000000000.0000 -10000000000.0000 -10000000000.0000 -10000000000.0000 -10000000000.0000 -10000000000.0000;
312:  0.0110   0.0310   0.0540   0.0830   0.1230   0.1720   0.2390   0.3170   0.3870   0.4680   0.5840   0.7160   0.8350   0.9680 -10000000000.0000 -10000000000.0000 -10000000000.0000 -10000000000.0000 -10000000000.0000 -10000000000.0000 -10000000000.0000 -10000000000.0000 -10000000000.0000;
313:  0.0110   0.0310   0.0540   0.0830   0.1230   0.1720   0.2390   0.3170   0.3870   0.4680   0.5840   0.7160   0.8360   0.9680 -10000000000.0000 -10000000000.0000 -10000000000.0000 -10000000000.0000 -10000000000.0000 -10000000000.0000 -10000000000.0000 -10000000000.0000 -10000000000.0000;
314:  0.0110   0.0310   0.0540   0.0830   0.1230   0.1730   0.2390   0.3170   0.3880   0.4680   0.5840   0.7160   0.8360   0.9700 -10000000000.0000 -10000000000.0000 -10000000000.0000 -10000000000.0000 -10000000000.0000 -10000000000.0000 -10000000000.0000 -10000000000.0000 -10000000000.0000;
315:  0.0110   0.0310   0.0540   0.0830   0.1230   0.1730   0.2390   0.3170   0.3880   0.4690   0.5850   0.7170   0.8370   0.9720 -10000000000.0000 -10000000000.0000 -10000000000.0000 -10000000000.0000 -10000000000.0000 -10000000000.0000 -10000000000.0000 -10000000000.0000 -10000000000.0000;
316:  0.0110   0.0310   0.0540   0.0830   0.1230   0.1730   0.2390   0.3170   0.3890   0.4690   0.5850   0.7180   0.8380   0.9730 -10000000000.0000 -10000000000.0000 -10000000000.0000 -10000000000.0000 -10000000000.0000 -10000000000.0000 -10000000000.0000 -10000000000.0000 -10000000000.0000;
317:  0.0110   0.0310   0.0540   0.0830   0.1230   0.1730   0.2390   0.3180   0.3890   0.4690   0.5860   0.7180   0.8380   0.9740 -10000000000.0000 -10000000000.0000 -10000000000.0000 -10000000000.0000 -10000000000.0000 -10000000000.0000 -10000000000.0000 -10000000000.0000 -10000000000.0000;
318:  0.0110   0.0310   0.0540   0.0830   0.1230   0.1730   0.2390   0.3180   0.3890   0.4700   0.5860   0.7190   0.8390   0.9760 -10000000000.0000 -10000000000.0000 -10000000000.0000 -10000000000.0000 -10000000000.0000 -10000000000.0000 -10000000000.0000 -10000000000.0000 -10000000000.0000;
319:  0.0110   0.0310   0.0540   0.0830   0.1240   0.1730   0.2390   0.3180   0.3890   0.4700   0.5870   0.7200   0.8400   0.9780 -10000000000.0000 -10000000000.0000 -10000000000.0000 -10000000000.0000 -10000000000.0000 -10000000000.0000 -10000000000.0000 -10000000000.0000 -10000000000.0000;
320:  0.0110   0.0310   0.0540   0.0830   0.1240   0.1730   0.2390   0.3180   0.3900   0.4700   0.5870   0.7200   0.8410   0.9790 -10000000000.0000 -10000000000.0000 -10000000000.0000 -10000000000.0000 -10000000000.0000 -10000000000.0000 -10000000000.0000 -10000000000.0000 -10000000000.0000;
321:  0.0110   0.0310   0.0540   0.0830   0.1240   0.1730   0.2390   0.3180   0.3900   0.4710   0.5880   0.7210   0.8410   0.9810 -10000000000.0000 -10000000000.0000 -10000000000.0000 -10000000000.0000 -10000000000.0000 -10000000000.0000 -10000000000.0000 -10000000000.0000 -10000000000.0000;
322:  0.0110   0.0310   0.0540   0.0830   0.1240   0.1730   0.2400   0.3190   0.3900   0.4710   0.5880   0.7220   0.8430   0.9830 -10000000000.0000 -10000000000.0000 -10000000000.0000 -10000000000.0000 -10000000000.0000 -10000000000.0000 -10000000000.0000 -10000000000.0000 -10000000000.0000;
323:  0.0110   0.0310   0.0540   0.0830   0.1240   0.1730   0.2400   0.3190   0.3900   0.4710   0.5880   0.7220   0.8430   0.9840 -10000000000.0000 -10000000000.0000 -10000000000.0000 -10000000000.0000 -10000000000.0000 -10000000000.0000 -10000000000.0000 -10000000000.0000 -10000000000.0000;
324:  0.0110   0.0310   0.0540   0.0840   0.1240   0.1730   0.2400   0.3190   0.3910   0.4710   0.5890   0.7230   0.8430   0.9860 -10000000000.0000 -10000000000.0000 -10000000000.0000 -10000000000.0000 -10000000000.0000 -10000000000.0000 -10000000000.0000 -10000000000.0000 -10000000000.0000;
325:  0.0110   0.0310   0.0540   0.0840   0.1240   0.1740   0.2400   0.3190   0.3910   0.4720   0.5900   0.7230   0.8440   0.9880 -10000000000.0000 -10000000000.0000 -10000000000.0000 -10000000000.0000 -10000000000.0000 -10000000000.0000 -10000000000.0000 -10000000000.0000 -10000000000.0000;
326:  0.0110   0.0310   0.0540   0.0840   0.1240   0.1740   0.2400   0.3190   0.3910   0.4720   0.5900   0.7240   0.8450   0.9900 -10000000000.0000 -10000000000.0000 -10000000000.0000 -10000000000.0000 -10000000000.0000 -10000000000.0000 -10000000000.0000 -10000000000.0000 -10000000000.0000;
327:  0.0110   0.0310   0.0540   0.0840   0.1240   0.1740   0.2400   0.3200   0.3920   0.4720   0.5900   0.7240   0.8460   0.9920 -10000000000.0000 -10000000000.0000 -10000000000.0000 -10000000000.0000 -10000000000.0000 -10000000000.0000 -10000000000.0000 -10000000000.0000 -10000000000.0000;
328:  0.0110   0.0310   0.0540   0.0840   0.1240   0.1740   0.2410   0.3200   0.3920   0.4720   0.5910   0.7250   0.8470   0.9940 -10000000000.0000 -10000000000.0000 -10000000000.0000 -10000000000.0000 -10000000000.0000 -10000000000.0000 -10000000000.0000 -10000000000.0000 -10000000000.0000;
329:  0.0110   0.0310   0.0540   0.0840   0.1250   0.1740   0.2400   0.3200   0.3920   0.4730   0.5910   0.7250   0.8480   0.9950 -10000000000.0000 -10000000000.0000 -10000000000.0000 -10000000000.0000 -10000000000.0000 -10000000000.0000 -10000000000.0000 -10000000000.0000 -10000000000.0000;
330:  0.0110   0.0310   0.0540   0.0840   0.1250   0.1740   0.2410   0.3200   0.3920   0.4730   0.5910   0.7260   0.8500   0.9970 -10000000000.0000 -10000000000.0000 -10000000000.0000 -10000000000.0000 -10000000000.0000 -10000000000.0000 -10000000000.0000 -10000000000.0000 -10000000000.0000;
331:  0.0110   0.0310   0.0540   0.0840   0.1250   0.1750   0.2410   0.3200   0.3920   0.4730   0.5920   0.7270   0.8510   0.9990 -10000000000.0000 -10000000000.0000 -10000000000.0000 -10000000000.0000 -10000000000.0000 -10000000000.0000 -10000000000.0000 -10000000000.0000 -10000000000.0000;
332:  0.0110   0.0310   0.0540   0.0840   0.1250   0.1750   0.2410   0.3200   0.3920   0.4730   0.5920   0.7270   0.8520   1.0010 -10000000000.0000 -10000000000.0000 -10000000000.0000 -10000000000.0000 -10000000000.0000 -10000000000.0000 -10000000000.0000 -10000000000.0000 -10000000000.0000;
333:  0.0110   0.0310   0.0540   0.0850   0.1250   0.1750   0.2410   0.3200   0.3930   0.4740   0.5930   0.7280   0.8540   1.0020 -10000000000.0000 -10000000000.0000 -10000000000.0000 -10000000000.0000 -10000000000.0000 -10000000000.0000 -10000000000.0000 -10000000000.0000 -10000000000.0000;
334:  0.0090   0.0290   0.0530   0.0830   0.1240   0.1730   0.2390   0.3190   0.3910   0.4720   0.5910   0.7270   0.8530   1.0020   1.1560 -10000000000.0000 -10000000000.0000 -10000000000.0000 -10000000000.0000 -10000000000.0000 -10000000000.0000 -10000000000.0000 -10000000000.0000;
335:  0.0100   0.0290   0.0530   0.0830   0.1240   0.1730   0.2400   0.3190   0.3920   0.4730   0.5920   0.7280   0.8550   1.0030   1.1590 -10000000000.0000 -10000000000.0000 -10000000000.0000 -10000000000.0000 -10000000000.0000 -10000000000.0000 -10000000000.0000 -10000000000.0000;
336:  0.0100   0.0300   0.0530   0.0830   0.1240   0.1730   0.2400   0.3190   0.3920   0.4730   0.5920   0.7290   0.8560   1.0030   1.1600 -10000000000.0000 -10000000000.0000 -10000000000.0000 -10000000000.0000 -10000000000.0000 -10000000000.0000 -10000000000.0000 -10000000000.0000;
337:  0.0100   0.0300   0.0530   0.0830   0.1240   0.1740   0.2400   0.3200   0.3920   0.4730   0.5930   0.7300   0.8570   1.0050   1.1630 -10000000000.0000 -10000000000.0000 -10000000000.0000 -10000000000.0000 -10000000000.0000 -10000000000.0000 -10000000000.0000 -10000000000.0000;
338:  0.0100   0.0300   0.0530   0.0840   0.1240   0.1740   0.2400   0.3200   0.3920   0.4740   0.5930   0.7310   0.8580   1.0060   1.1660 -10000000000.0000 -10000000000.0000 -10000000000.0000 -10000000000.0000 -10000000000.0000 -10000000000.0000 -10000000000.0000 -10000000000.0000;
339:  0.0100   0.0300   0.0530   0.0840   0.1250   0.1740   0.2410   0.3200   0.3930   0.4740   0.5930   0.7320   0.8600   1.0060   1.1680 -10000000000.0000 -10000000000.0000 -10000000000.0000 -10000000000.0000 -10000000000.0000 -10000000000.0000 -10000000000.0000 -10000000000.0000;
340:  0.0130   0.0330   0.0560   0.0860   0.1270   0.1770   0.2440   0.3240   0.3960   0.4770   0.5960   0.7350   0.8640   1.0110   1.1730   1.3430 -10000000000.0000 -10000000000.0000 -10000000000.0000 -10000000000.0000 -10000000000.0000 -10000000000.0000 -10000000000.0000;
341:  0.0130   0.0330   0.0560   0.0860   0.1270   0.1770   0.2440   0.3240   0.3960   0.4770   0.5960   0.7350   0.8650   1.0110   1.1760   1.3460 -10000000000.0000 -10000000000.0000 -10000000000.0000 -10000000000.0000 -10000000000.0000 -10000000000.0000 -10000000000.0000;
342:  0.0130   0.0330   0.0560   0.0860   0.1280   0.1770   0.2440   0.3240   0.3970   0.4780   0.5970   0.7370   0.8660   1.0120   1.1790   1.3490 -10000000000.0000 -10000000000.0000 -10000000000.0000 -10000000000.0000 -10000000000.0000 -10000000000.0000 -10000000000.0000;
343:  0.0130   0.0330   0.0560   0.0860   0.1270   0.1770   0.2440   0.3240   0.3970   0.4780   0.5980   0.7370   0.8660   1.0130   1.1800   1.3500 -10000000000.0000 -10000000000.0000 -10000000000.0000 -10000000000.0000 -10000000000.0000 -10000000000.0000 -10000000000.0000;
344:  0.0130   0.0330   0.0560   0.0860   0.1270   0.1770   0.2440   0.3250   0.3970   0.4780   0.5980   0.7380   0.8670   1.0130   1.1820   1.3510 -10000000000.0000 -10000000000.0000 -10000000000.0000 -10000000000.0000 -10000000000.0000 -10000000000.0000 -10000000000.0000;
345:  0.0130   0.0330   0.0560   0.0860   0.1280   0.1770   0.2440   0.3250   0.3970   0.4790   0.5990   0.7390   0.8670   1.0140   1.1840   1.3510 -10000000000.0000 -10000000000.0000 -10000000000.0000 -10000000000.0000 -10000000000.0000 -10000000000.0000 -10000000000.0000;
346:  0.0130   0.0330   0.0560   0.0860   0.1270   0.1770   0.2440   0.3250   0.3970   0.4790   0.6000   0.7400   0.8670   1.0140   1.1840   1.3510 -10000000000.0000 -10000000000.0000 -10000000000.0000 -10000000000.0000 -10000000000.0000 -10000000000.0000 -10000000000.0000;
347:  0.0070   0.0260   0.0500   0.0810   0.1220   0.1700   0.2370   0.3180   0.3910   0.4730   0.5950   0.7360   0.8630   1.0080   1.1780   1.3440   1.4880 -10000000000.0000 -10000000000.0000 -10000000000.0000 -10000000000.0000 -10000000000.0000 -10000000000.0000;
348:  0.0070   0.0270   0.0500   0.0810   0.1220   0.1700   0.2380   0.3190   0.3920   0.4740   0.5960   0.7360   0.8620   1.0070   1.1780   1.3430   1.4850 -10000000000.0000 -10000000000.0000 -10000000000.0000 -10000000000.0000 -10000000000.0000 -10000000000.0000;
349:  0.0060   0.0260   0.0500   0.0810   0.1220   0.1700   0.2370   0.3190   0.3910   0.4730   0.5960   0.7370   0.8620   1.0060   1.1770   1.3410   1.4820 -10000000000.0000 -10000000000.0000 -10000000000.0000 -10000000000.0000 -10000000000.0000 -10000000000.0000;
350:  0.0070   0.0270   0.0500   0.0810   0.1220   0.1700   0.2380   0.3190   0.3920   0.4740   0.5970   0.7380   0.8620   1.0060   1.1770   1.3380   1.4790 -10000000000.0000 -10000000000.0000 -10000000000.0000 -10000000000.0000 -10000000000.0000 -10000000000.0000;
351:  0.0070   0.0270   0.0500   0.0810   0.1220   0.1700   0.2380   0.3200   0.3920   0.4740   0.5980   0.7390   0.8620   1.0060   1.1770   1.3360   1.4760 -10000000000.0000 -10000000000.0000 -10000000000.0000 -10000000000.0000 -10000000000.0000 -10000000000.0000;
352:  0.0060   0.0260   0.0500   0.0810   0.1220   0.1700   0.2380   0.3200   0.3920   0.4740   0.5980   0.7400   0.8610   1.0050   1.1760   1.3320   1.4720 -10000000000.0000 -10000000000.0000 -10000000000.0000 -10000000000.0000 -10000000000.0000 -10000000000.0000;
353:  0.0060   0.0260   0.0500   0.0810   0.1220   0.1700   0.2380   0.3200   0.3920   0.4740   0.5980   0.7400   0.8610   1.0050   1.1740   1.3280   1.4680 -10000000000.0000 -10000000000.0000 -10000000000.0000 -10000000000.0000 -10000000000.0000 -10000000000.0000;
354:  0.0060   0.0260   0.0500   0.0810   0.1220   0.1700   0.2380   0.3200   0.3920   0.4740   0.5990   0.7400   0.8610   1.0040   1.1730   1.3240   1.4640 -10000000000.0000 -10000000000.0000 -10000000000.0000 -10000000000.0000 -10000000000.0000 -10000000000.0000;
355:  0.0060   0.0260   0.0500   0.0810   0.1220   0.1700   0.2380   0.3200   0.3920   0.4750   0.6000   0.7410   0.8610   1.0030   1.1700   1.3190   1.4610 -10000000000.0000 -10000000000.0000 -10000000000.0000 -10000000000.0000 -10000000000.0000 -10000000000.0000;
356:  0.0060   0.0260   0.0500   0.0810   0.1220   0.1700   0.2390   0.3200   0.3920   0.4750   0.6010   0.7420   0.8610   1.0030   1.1680   1.3130   1.4570 -10000000000.0000 -10000000000.0000 -10000000000.0000 -10000000000.0000 -10000000000.0000 -10000000000.0000;
357:  0.0060   0.0260   0.0500   0.0800   0.1220   0.1700   0.2380   0.3210   0.3920   0.4760   0.6010   0.7420   0.8610   1.0020   1.1650   1.3080   1.4540 -10000000000.0000 -10000000000.0000 -10000000000.0000 -10000000000.0000 -10000000000.0000 -10000000000.0000;
358:  0.0120   0.0320   0.0550   0.0850   0.1270   0.1760   0.2450   0.3270   0.3990   0.4810   0.6070   0.7480   0.8660   1.0070   1.1690   1.3090 -10000000000.0000 -10000000000.0000 -10000000000.0000 -10000000000.0000 -10000000000.0000 -10000000000.0000 -10000000000.0000;
359:  0.0120   0.0320   0.0550   0.0850   0.1270   0.1760   0.2450   0.3270   0.3990   0.4820   0.6070   0.7480   0.8660   1.0060   1.1650   1.3040 -10000000000.0000 -10000000000.0000 -10000000000.0000 -10000000000.0000 -10000000000.0000 -10000000000.0000 -10000000000.0000;
