C:\RK-3\Data\PA000001\HT0000010006L.DAT;
000:  0.0090   0.0260   0.0460   0.0720   0.1090   0.1540   0.2170   0.2890   0.3550   0.4310   0.5430   0.6730   0.7920   0.9270   1.0750   1.2230   1.3920 -10000000000.0000 -10000000000.0000 -10000000000.0000 -10000000000.0000 -10000000000.0000 -10000000000.0000;
001:  0.0090   0.0260   0.0460   0.0720   0.1100   0.1540   0.2170   0.2900   0.3560   0.4320   0.5440   0.6740   0.7920   0.9280   1.0760   1.2240   1.3930 -10000000000.0000 -10000000000.0000 -10000000000.0000 -10000000000.0000 -10000000000.0000 -10000000000.0000;
002:  0.0090   0.0260   0.0460   0.0720   0.1100   0.1550   0.2170   0.2910   0.3570   0.4330   0.5450   0.6750   0.7930   0.9290   1.0780   1.2260   1.3940 -10000000000.0000 -10000000000.0000 -10000000000.0000 -10000000000.0000 -10000000000.0000 -10000000000.0000;
003:  0.0090   0.0260   0.0460   0.0720   0.1100   0.1550   0.2180   0.2910   0.3580   0.4340   0.5460   0.6770   0.7940   0.9300   1.0790   1.2280   1.3950 -10000000000.0000 -10000000000.0000 -10000000000.0000 -10000000000.0000 -10000000000.0000 -10000000000.0000;
004:  0.0090   0.0260   0.0470   0.0730   0.1100   0.1550   0.2180   0.2920   0.3590   0.4350   0.5470   0.6770   0.7940   0.9300   1.0800   1.2290   1.3950 -10000000000.0000 -10000000000.0000 -10000000000.0000 -10000000000.0000 -10000000000.0000 -10000000000.0000;
005:  0.0090   0.0270   0.0470   0.0730   0.1100   0.1560   0.2180   0.2920   0.3590   0.4360   0.5490   0.6780   0.7940   0.9310   1.0820   1.2310 -10000000000.0000 -10000000000.0000 -10000000000.0000 -10000000000.0000 -10000000000.0000 -10000000000.0000 -10000000000.0000;
006:  0.0090   0.0270   0.0470   0.0730   0.1100   0.1560   0.2190   0.2930   0.3600   0.4370   0.5490   0.6790   0.7940   0.9310   1.0830   1.2320 -10000000000.0000 -10000000000.0000 -10000000000.0000 -10000000000.0000 -10000000000.0000 -10000000000.0000 -10000000000.0000;
007:  0.0090   0.0270   0.0470   0.0730   0.1110   0.1560   0.2190   0.2930   0.3610   0.4380   0.5510   0.6800   0.7940   0.9310   1.0840   1.2330 -10000000000.0000 -10000000000.0000 -10000000000.0000 -10000000000.0000 -10000000000.0000 -10000000000.0000 -10000000000.0000;
008:  0.0090   0.0270   0.0470   0.0730   0.1110   0.1560   0.2190   0.2940   0.3620   0.4390   0.5520   0.6800   0.7940   0.9320   1.0840   1.2350 -10000000000.0000 -10000000000.0000 -10000000000.0000 -10000000000.0000 -10000000000.0000 -10000000000.0000 -10000000000.0000;
009:  0.0090   0.0270   0.0470   0.0730   0.1110   0.1570   0.2200   0.2950   0.3630   0.4400   0.5530   0.6810   0.7940   0.9320   1.0840   1.2360 -10000000000.0000 -10000000000.0000 -10000000000.0000 -10000000000.0000 -10000000000.0000 -10000000000.0000 -10000000000.0000;
010:  0.0090   0.0270   0.0470   0.0730   0.1110   0.1570   0.2200   0.2950   0.3630   0.4410   0.5540   0.6810   0.7930   0.9320   1.0850   1.2370 -10000000000.0000 -10000000000.0000 -10000000000.0000 -10000000000.0000 -10000000000.0000 -10000000000.0000 -10000000000.0000;
011:  0.0090   0.0270   0.0470   0.0730   0.1110   0.1570   0.2210   0.2960   0.3640   0.4420   0.5550   0.6820   0.7920   0.9310   1.0850   1.2380 -10000000000.0000 -10000000000.0000 -10000000000.0000 -10000000000.0000 -10000000000.0000 -10000000000.0000 -10000000000.0000;
012:  0.0090   0.0270   0.0470   0.0740   0.1120   0.1570   0.2210   0.2960   0.3650   0.4430   0.5560   0.6830   0.7920   0.9300   1.0860   1.2390 -10000000000.0000 -10000000000.0000 -10000000000.0000 -10000000000.0000 -10000000000.0000 -10000000000.0000 -10000000000.0000;
013:  0.0090   0.0270   0.0470   0.0740   0.1120   0.1580   0.2210   0.2970   0.3660   0.4430   0.5570   0.6830   0.7920   0.9300   1.0860   1.2390 -10000000000.0000 -10000000000.0000 -10000000000.0000 -10000000000.0000 -10000000000.0000 -10000000000.0000 -10000000000.0000;
014:  0.0090   0.0270   0.0470   0.0740   0.1120   0.1580   0.2220   0.2970   0.3660   0.4440   0.5580   0.6830   0.7910   0.9290   1.0860   1.2400 -10000000000.0000 -10000000000.0000 -10000000000.0000 -10000000000.0000 -10000000000.0000 -10000000000.0000 -10000000000.0000;
015:  0.0090   0.0270   0.0480   0.0740   0.1120   0.1580   0.2220   0.2980   0.3670   0.4450   0.5580   0.6840   0.7900   0.9280   1.0860   1.2410 -10000000000.0000 -10000000000.0000 -10000000000.0000 -10000000000.0000 -10000000000.0000 -10000000000.0000 -10000000000.0000;
016:  0.0090   0.0270   0.0480   0.0740   0.1120   0.1590   0.2220   0.2980   0.3670   0.4460   0.5590   0.6840   0.7890   0.9280   1.0850   1.2420 -10000000000.0000 -10000000000.0000 -10000000000.0000 -10000000000.0000 -10000000000.0000 -10000000000.0000 -10000000000.0000;
017:  0.0090   0.0270   0.0480   0.0740   0.1130   0.1590   0.2230   0.2980   0.3680   0.4460   0.5600   0.6840   0.7880   0.9270   1.0850   1.2420 -10000000000.0000 -10000000000.0000 -10000000000.0000 -10000000000.0000 -10000000000.0000 -10000000000.0000 -10000000000.0000;
018:  0.0090   0.0270   0.0480   0.0750   0.1130   0.1590   0.2230   0.2990   0.3680   0.4470   0.5610   0.6840   0.7880   0.9260   1.0840   1.2420 -10000000000.0000 -10000000000.0000 -10000000000.0000 -10000000000.0000 -10000000000.0000 -10000000000.0000 -10000000000.0000;
019:  0.0090   0.0270   0.0480   0.0750   0.1130   0.1590   0.2230   0.2990   0.3690   0.4470   0.5610   0.6840   0.7870   0.9250   1.0840   1.2420 -10000000000.0000 -10000000000.0000 -10000000000.0000 -10000000000.0000 -10000000000.0000 -10000000000.0000 -10000000000.0000;
020:  0.0090   0.0270   0.0480   0.0750   0.1130   0.1600   0.2240   0.2990   0.3690   0.4480   0.5610   0.6850   0.7860   0.9240   1.0830   1.2430 -10000000000.0000 -10000000000.0000 -10000000000.0000 -10000000000.0000 -10000000000.0000 -10000000000.0000 -10000000000.0000;
021:  0.0090   0.0270   0.0480   0.0750   0.1130   0.1600   0.2240   0.3000   0.3690   0.4480   0.5620   0.6850   0.7850   0.9230   1.0820   1.2420 -10000000000.0000 -10000000000.0000 -10000000000.0000 -10000000000.0000 -10000000000.0000 -10000000000.0000 -10000000000.0000;
022:  0.0090   0.0280   0.0480   0.0750   0.1130   0.1600   0.2240   0.3000   0.3690   0.4490   0.5630   0.6850   0.7850   0.9220   1.0820   1.2420 -10000000000.0000 -10000000000.0000 -10000000000.0000 -10000000000.0000 -10000000000.0000 -10000000000.0000 -10000000000.0000;
023:  0.0100   0.0280   0.0480   0.0750   0.1140   0.1610   0.2240   0.3000   0.3700   0.4490   0.5630   0.6850   0.7840   0.9200   1.0810   1.2420 -10000000000.0000 -10000000000.0000 -10000000000.0000 -10000000000.0000 -10000000000.0000 -10000000000.0000 -10000000000.0000;
024:  0.0100   0.0280   0.0480   0.0760   0.1140   0.1610   0.2250   0.3010   0.3700   0.4490   0.5630   0.6850   0.7830   0.9190   1.0800   1.2420 -10000000000.0000 -10000000000.0000 -10000000000.0000 -10000000000.0000 -10000000000.0000 -10000000000.0000 -10000000000.0000;
025:  0.0100   0.0280   0.0490   0.0760   0.1140   0.1610   0.2250   0.3010   0.3700   0.4500   0.5630   0.6850   0.7820   0.9190   1.0790   1.2410 -10000000000.0000 -10000000000.0000 -10000000000.0000 -10000000000.0000 -10000000000.0000 -10000000000.0000 -10000000000.0000;
026:  0.0100   0.0280   0.0490   0.0760   0.1140   0.1610   0.2250   0.3010   0.3710   0.4500   0.5640   0.6850   0.7820   0.9170   1.0780   1.2410 -10000000000.0000 -10000000000.0000 -10000000000.0000 -10000000000.0000 -10000000000.0000 -10000000000.0000 -10000000000.0000;
027:  0.0100   0.0280   0.0490   0.0760   0.1140   0.1610   0.2260   0.3010   0.3710   0.4500   0.5640   0.6850   0.7810   0.9160   1.0760   1.2400 -10000000000.0000 -10000000000.0000 -10000000000.0000 -10000000000.0000 -10000000000.0000 -10000000000.0000 -10000000000.0000;
028:  0.0100   0.0280   0.0490   0.0760   0.1150   0.1620   0.2260   0.3010   0.3710   0.4500   0.5640   0.6860   0.7800   0.9150   1.0750   1.2400 -10000000000.0000 -10000000000.0000 -10000000000.0000 -10000000000.0000 -10000000000.0000 -10000000000.0000 -10000000000.0000;
029:  0.0100   0.0280   0.0490   0.0760   0.1150   0.1620   0.2260   0.3020   0.3710   0.4510   0.5640   0.6850   0.7800   0.9140   1.0740   1.2390 -10000000000.0000 -10000000000.0000 -10000000000.0000 -10000000000.0000 -10000000000.0000 -10000000000.0000 -10000000000.0000;
030:  0.0100   0.0280   0.0490   0.0770   0.1150   0.1620   0.2260   0.3020   0.3710   0.4510   0.5640   0.6860   0.7800   0.9130   1.0730 -10000000000.0000 -10000000000.0000 -10000000000.0000 -10000000000.0000 -10000000000.0000 -10000000000.0000 -10000000000.0000 -10000000000.0000;
031:  0.0100   0.0280   0.0490   0.0770   0.1150   0.1620   0.2260   0.3020   0.3720   0.4510   0.5640   0.6850   0.7790   0.9120 -10000000000.0000 -10000000000.0000 -10000000000.0000 -10000000000.0000 -10000000000.0000 -10000000000.0000 -10000000000.0000 -10000000000.0000 -10000000000.0000;
032:  0.0100   0.0280   0.0490   0.0770   0.1150   0.1620   0.2270   0.3020   0.3720   0.4510   0.5640   0.6860   0.7790   0.9110 -10000000000.0000 -10000000000.0000 -10000000000.0000 -10000000000.0000 -10000000000.0000 -10000000000.0000 -10000000000.0000 -10000000000.0000 -10000000000.0000;
033:  0.0100   0.0280   0.0490   0.0770   0.1160   0.1630   0.2270   0.3020   0.3720   0.4510   0.5630   0.6860   0.7790 -10000000000.0000 -10000000000.0000 -10000000000.0000 -10000000000.0000 -10000000000.0000 -10000000000.0000 -10000000000.0000 -10000000000.0000 -10000000000.0000 -10000000000.0000;
034:  0.0100   0.0280   0.0500   0.0770   0.1160   0.1630   0.2270   0.3020   0.3720   0.4510   0.5630   0.6860   0.7790 -10000000000.0000 -10000000000.0000 -10000000000.0000 -10000000000.0000 -10000000000.0000 -10000000000.0000 -10000000000.0000 -10000000000.0000 -10000000000.0000 -10000000000.0000;
035:  0.0100   0.0280   0.0500   0.0770   0.1160   0.1630   0.2270   0.3030   0.3720   0.4510   0.5630   0.6860   0.7780 -10000000000.0000 -10000000000.0000 -10000000000.0000 -10000000000.0000 -10000000000.0000 -10000000000.0000 -10000000000.0000 -10000000000.0000 -10000000000.0000 -10000000000.0000;
036:  0.0100   0.0280   0.0500   0.0770   0.1160   0.1630   0.2270   0.3030   0.3720   0.4510   0.5630   0.6850 -10000000000.0000 -10000000000.0000 -10000000000.0000 -10000000000.0000 -10000000000.0000 -10000000000.0000 -10000000000.0000 -10000000000.0000 -10000000000.0000 -10000000000.0000 -10000000000.0000;
037:  0.0100   0.0280   0.0500   0.0780   0.1160   0.1630   0.2280   0.3030   0.3720   0.4510   0.5630   0.6850 -10000000000.0000 -10000000000.0000 -10000000000.0000 -10000000000.0000 -10000000000.0000 -10000000000.0000 -10000000000.0000 -10000000000.0000 -10000000000.0000 -10000000000.0000 -10000000000.0000;
038:  0.0100   0.0280   0.0500   0.0780   0.1160   0.1630   0.2280   0.3030   0.3730   0.4510   0.5620   0.6860 -10000000000.0000 -10000000000.0000 -10000000000.0000 -10000000000.0000 -10000000000.0000 -10000000000.0000 -10000000000.0000 -10000000000.0000 -10000000000.0000 -10000000000.0000 -10000000000.0000;
039:  0.0100   0.0290   0.0500   0.0780   0.1170   0.1640   0.2280   0.3030   0.3730   0.4510   0.5620   0.6850 -10000000000.0000 -10000000000.0000 -10000000000.0000 -10000000000.0000 -10000000000.0000 -10000000000.0000 -10000000000.0000 -10000000000.0000 -10000000000.0000 -10000000000.0000 -10000000000.0000;
040:  0.0100   0.0290   0.0500   0.0780   0.1170   0.1640   0.2280   0.3030   0.3730   0.4510   0.5620   0.6850 -10000000000.0000 -10000000000.0000 -10000000000.0000 -10000000000.0000 -10000000000.0000 -10000000000.0000 -10000000000.0000 -10000000000.0000 -10000000000.0000 -10000000000.0000 -10000000000.0000;
041:  0.0100   0.0290   0.0500   0.0780   0.1170   0.1640   0.2280   0.3040   0.3730   0.4510   0.5610   0.6850 -10000000000.0000 -10000000000.0000 -10000000000.0000 -10000000000.0000 -10000000000.0000 -10000000000.0000 -10000000000.0000 -10000000000.0000 -10000000000.0000 -10000000000.0000 -10000000000.0000;
042:  0.0100   0.0290   0.0500   0.0780   0.1170   0.1640   0.2280   0.3040   0.3730   0.4510   0.5610   0.6860 -10000000000.0000 -10000000000.0000 -10000000000.0000 -10000000000.0000 -10000000000.0000 -10000000000.0000 -10000000000.0000 -10000000000.0000 -10000000000.0000 -10000000000.0000 -10000000000.0000;
043:  0.0100   0.0290   0.0500   0.0780   0.1170   0.1640   0.2280   0.3040   0.3740   0.4510   0.5610   0.6850 -10000000000.0000 -10000000000.0000 -10000000000.0000 -10000000000.0000 -10000000000.0000 -10000000000.0000 -10000000000.0000 -10000000000.0000 -10000000000.0000 -10000000000.0000 -10000000000.0000;
044:  0.0100   0.0290   0.0510   0.0790   0.1170   0.1640   0.2290   0.3040   0.3740   0.4510   0.5610   0.6850 -10000000000.0000 -10000000000.0000 -10000000000.0000 -10000000000.0000 -10000000000.0000 -10000000000.0000 -10000000000.0000 -10000000000.0000 -10000000000.0000 -10000000000.0000 -10000000000.0000;
045:  0.0100   0.0290   0.0510   0.0790   0.1180   0.1640   0.2290   0.3040   0.3740   0.4510   0.5610   0.6860 -10000000000.0000 -10000000000.0000 -10000000000.0000 -10000000000.0000 -10000000000.0000 -10000000000.0000 -10000000000.0000 -10000000000.0000 -10000000000.0000 -10000000000.0000 -10000000000.0000;
046:  0.0110   0.0290   0.0510   0.0790   0.1180   0.1640   0.2290   0.3040   0.3740   0.4510   0.5600   0.6860 -10000000000.0000 -10000000000.0000 -10000000000.0000 -10000000000.0000 -10000000000.0000 -10000000000.0000 -10000000000.0000 -10000000000.0000 -10000000000.0000 -10000000000.0000 -10000000000.0000;
047:  0.0110   0.0290   0.0510   0.0790   0.1180   0.1650   0.2290   0.3040   0.3740   0.4510   0.5600   0.6860 -10000000000.0000 -10000000000.0000 -10000000000.0000 -10000000000.0000 -10000000000.0000 -10000000000.0000 -10000000000.0000 -10000000000.0000 -10000000000.0000 -10000000000.0000 -10000000000.0000;
048:  0.0110   0.0290   0.0510   0.0790   0.1180   0.1650   0.2290   0.3050   0.3750   0.4510   0.5600   0.6860 -10000000000.0000 -10000000000.0000 -10000000000.0000 -10000000000.0000 -10000000000.0000 -10000000000.0000 -10000000000.0000 -10000000000.0000 -10000000000.0000 -10000000000.0000 -10000000000.0000;
049:  0.0110   0.0290   0.0510   0.0790   0.1180   0.1650   0.2290   0.3050   0.3750   0.4520   0.5600   0.6860 -10000000000.0000 -10000000000.0000 -10000000000.0000 -10000000000.0000 -10000000000.0000 -10000000000.0000 -10000000000.0000 -10000000000.0000 -10000000000.0000 -10000000000.0000 -10000000000.0000;
050:  0.0110   0.0290   0.0510   0.0790   0.1180   0.1650   0.2290   0.3050   0.3750   0.4520   0.5600   0.6860 -10000000000.0000 -10000000000.0000 -10000000000.0000 -10000000000.0000 -10000000000.0000 -10000000000.0000 -10000000000.0000 -10000000000.0000 -10000000000.0000 -10000000000.0000 -10000000000.0000;
051:  0.0110   0.0290   0.0510   0.0790   0.1180   0.1650   0.2300   0.3050   0.3750   0.4520   0.5600   0.6860 -10000000000.0000 -10000000000.0000 -10000000000.0000 -10000000000.0000 -10000000000.0000 -10000000000.0000 -10000000000.0000 -10000000000.0000 -10000000000.0000 -10000000000.0000 -10000000000.0000;
052:  0.0110   0.0290   0.0510   0.0800   0.1190   0.1650   0.2300   0.3050   0.3760   0.4520   0.5600   0.6860 -10000000000.0000 -10000000000.0000 -10000000000.0000 -10000000000.0000 -10000000000.0000 -10000000000.0000 -10000000000.0000 -10000000000.0000 -10000000000.0000 -10000000000.0000 -10000000000.0000;
053:  0.0110   0.0290   0.0510   0.0800   0.1190   0.1650   0.2300   0.3060   0.3760   0.4520   0.5600   0.6870 -10000000000.0000 -10000000000.0000 -10000000000.0000 -10000000000.0000 -10000000000.0000 -10000000000.0000 -10000000000.0000 -10000000000.0000 -10000000000.0000 -10000000000.0000 -10000000000.0000;
054:  0.0110   0.0290   0.0510   0.0800   0.1190   0.1660   0.2300   0.3060   0.3760   0.4520   0.5600   0.6870 -10000000000.0000 -10000000000.0000 -10000000000.0000 -10000000000.0000 -10000000000.0000 -10000000000.0000 -10000000000.0000 -10000000000.0000 -10000000000.0000 -10000000000.0000 -10000000000.0000;
055:  0.0110   0.0300   0.0520   0.0800   0.1190   0.1660   0.2300   0.3060   0.3760   0.4520   0.5600   0.6870 -10000000000.0000 -10000000000.0000 -10000000000.0000 -10000000000.0000 -10000000000.0000 -10000000000.0000 -10000000000.0000 -10000000000.0000 -10000000000.0000 -10000000000.0000 -10000000000.0000;
056:  0.0110   0.0300   0.0520   0.0800   0.1190   0.1660   0.2300   0.3060   0.3770   0.4520   0.5600   0.6880 -10000000000.0000 -10000000000.0000 -10000000000.0000 -10000000000.0000 -10000000000.0000 -10000000000.0000 -10000000000.0000 -10000000000.0000 -10000000000.0000 -10000000000.0000 -10000000000.0000;
057:  0.0110   0.0300   0.0520   0.0800   0.1190   0.1660   0.2300   0.3060   0.3770   0.4530   0.5610   0.6880 -10000000000.0000 -10000000000.0000 -10000000000.0000 -10000000000.0000 -10000000000.0000 -10000000000.0000 -10000000000.0000 -10000000000.0000 -10000000000.0000 -10000000000.0000 -10000000000.0000;
058:  0.0110   0.0300   0.0520   0.0800   0.1190   0.1660   0.2300   0.3070   0.3770   0.4530   0.5610   0.6880 -10000000000.0000 -10000000000.0000 -10000000000.0000 -10000000000.0000 -10000000000.0000 -10000000000.0000 -10000000000.0000 -10000000000.0000 -10000000000.0000 -10000000000.0000 -10000000000.0000;
059:  0.0110   0.0300   0.0520   0.0800   0.1190   0.1660   0.2300   0.3070   0.3770   0.4530   0.5620   0.6890 -10000000000.0000 -10000000000.0000 -10000000000.0000 -10000000000.0000 -10000000000.0000 -10000000000.0000 -10000000000.0000 -10000000000.0000 -10000000000.0000 -10000000000.0000 -10000000000.0000;
060:  0.0110   0.0300   0.0520   0.0800   0.1190   0.1660   0.2310   0.3070   0.3780   0.4530   0.5620   0.6900 -10000000000.0000 -10000000000.0000 -10000000000.0000 -10000000000.0000 -10000000000.0000 -10000000000.0000 -10000000000.0000 -10000000000.0000 -10000000000.0000 -10000000000.0000 -10000000000.0000;
061:  0.0110   0.0300   0.0520   0.0800   0.1190   0.1660   0.2310   0.3070   0.3770   0.4540   0.5620   0.6900 -10000000000.0000 -10000000000.0000 -10000000000.0000 -10000000000.0000 -10000000000.0000 -10000000000.0000 -10000000000.0000 -10000000000.0000 -10000000000.0000 -10000000000.0000 -10000000000.0000;
062:  0.0110   0.0300   0.0520   0.0810   0.1190   0.1660   0.2310   0.3070   0.3770   0.4540   0.5620   0.6900 -10000000000.0000 -10000000000.0000 -10000000000.0000 -10000000000.0000 -10000000000.0000 -10000000000.0000 -10000000000.0000 -10000000000.0000 -10000000000.0000 -10000000000.0000 -10000000000.0000;
063:  0.0110   0.0300   0.0520   0.0810   0.1200   0.1670   0.2310   0.3070   0.3780   0.4540   0.5630   0.6900 -10000000000.0000 -10000000000.0000 -10000000000.0000 -10000000000.0000 -10000000000.0000 -10000000000.0000 -10000000000.0000 -10000000000.0000 -10000000000.0000 -10000000000.0000 -10000000000.0000;
064:  0.0110   0.0300   0.0520   0.0810   0.1200   0.1670   0.2310   0.3080   0.3780   0.4540   0.5630   0.6910 -10000000000.0000 -10000000000.0000 -10000000000.0000 -10000000000.0000 -10000000000.0000 -10000000000.0000 -10000000000.0000 -10000000000.0000 -10000000000.0000 -10000000000.0000 -10000000000.0000;
065:  0.0120   0.0300   0.0520   0.0810   0.1200   0.1670   0.2310   0.3080   0.3780   0.4540   0.5640   0.6920 -10000000000.0000 -10000000000.0000 -10000000000.0000 -10000000000.0000 -10000000000.0000 -10000000000.0000 -10000000000.0000 -10000000000.0000 -10000000000.0000 -10000000000.0000 -10000000000.0000;
066:  0.0120   0.0300   0.0520   0.0810   0.1200   0.1670   0.2310   0.3080   0.3780   0.4540   0.5640   0.6920 -10000000000.0000 -10000000000.0000 -10000000000.0000 -10000000000.0000 -10000000000.0000 -10000000000.0000 -10000000000.0000 -10000000000.0000 -10000000000.0000 -10000000000.0000 -10000000000.0000;
067:  0.0120   0.0300   0.0520   0.0810   0.1200   0.1670   0.2310   0.3080   0.3780   0.4540   0.5650   0.6930 -10000000000.0000 -10000000000.0000 -10000000000.0000 -10000000000.0000 -10000000000.0000 -10000000000.0000 -10000000000.0000 -10000000000.0000 -10000000000.0000 -10000000000.0000 -10000000000.0000;
068:  0.0120   0.0300   0.0520   0.0810   0.1200   0.1670   0.2310   0.3080   0.3780   0.4550   0.5650   0.6930 -10000000000.0000 -10000000000.0000 -10000000000.0000 -10000000000.0000 -10000000000.0000 -10000000000.0000 -10000000000.0000 -10000000000.0000 -10000000000.0000 -10000000000.0000 -10000000000.0000;
069:  0.0120   0.0300   0.0520   0.0810   0.1200   0.1670   0.2310   0.3080   0.3780   0.4550   0.5650   0.6940 -10000000000.0000 -10000000000.0000 -10000000000.0000 -10000000000.0000 -10000000000.0000 -10000000000.0000 -10000000000.0000 -10000000000.0000 -10000000000.0000 -10000000000.0000 -10000000000.0000;
070:  0.0120   0.0300   0.0520   0.0810   0.1200   0.1670   0.2310   0.3080   0.3780   0.4550   0.5660   0.6950 -10000000000.0000 -10000000000.0000 -10000000000.0000 -10000000000.0000 -10000000000.0000 -10000000000.0000 -10000000000.0000 -10000000000.0000 -10000000000.0000 -10000000000.0000 -10000000000.0000;
071:  0.0120   0.0300   0.0530   0.0810   0.1200   0.1670   0.2320   0.3080   0.3780   0.4550   0.5660   0.6950 -10000000000.0000 -10000000000.0000 -10000000000.0000 -10000000000.0000 -10000000000.0000 -10000000000.0000 -10000000000.0000 -10000000000.0000 -10000000000.0000 -10000000000.0000 -10000000000.0000;
072:  0.0120   0.0300   0.0520   0.0810   0.1200   0.1670   0.2320   0.3080   0.3780   0.4550   0.5660   0.6960 -10000000000.0000 -10000000000.0000 -10000000000.0000 -10000000000.0000 -10000000000.0000 -10000000000.0000 -10000000000.0000 -10000000000.0000 -10000000000.0000 -10000000000.0000 -10000000000.0000;
073:  0.0120   0.0300   0.0530   0.0810   0.1200   0.1670   0.2320   0.3080   0.3780   0.4550   0.5670   0.6960 -10000000000.0000 -10000000000.0000 -10000000000.0000 -10000000000.0000 -10000000000.0000 -10000000000.0000 -10000000000.0000 -10000000000.0000 -10000000000.0000 -10000000000.0000 -10000000000.0000;
074:  0.0120   0.0300   0.0530   0.0810   0.1200   0.1670   0.2320   0.3080   0.3780   0.4550   0.5670   0.6970 -10000000000.0000 -10000000000.0000 -10000000000.0000 -10000000000.0000 -10000000000.0000 -10000000000.0000 -10000000000.0000 -10000000000.0000 -10000000000.0000 -10000000000.0000 -10000000000.0000;
075:  0.0120   0.0300   0.0530   0.0810   0.1200   0.1670   0.2320   0.3080   0.3790   0.4550   0.5670   0.6970 -10000000000.0000 -10000000000.0000 -10000000000.0000 -10000000000.0000 -10000000000.0000 -10000000000.0000 -10000000000.0000 -10000000000.0000 -10000000000.0000 -10000000000.0000 -10000000000.0000;
076:  0.0120   0.0310   0.0530   0.0810   0.1200   0.1670   0.2320   0.3090   0.3780   0.4550   0.5670   0.6980 -10000000000.0000 -10000000000.0000 -10000000000.0000 -10000000000.0000 -10000000000.0000 -10000000000.0000 -10000000000.0000 -10000000000.0000 -10000000000.0000 -10000000000.0000 -10000000000.0000;
077:  0.0120   0.0310   0.0530   0.0810   0.1200   0.1670   0.2320   0.3080   0.3780   0.4550   0.5670   0.6980 -10000000000.0000 -10000000000.0000 -10000000000.0000 -10000000000.0000 -10000000000.0000 -10000000000.0000 -10000000000.0000 -10000000000.0000 -10000000000.0000 -10000000000.0000 -10000000000.0000;
078:  0.0120   0.0310   0.0530   0.0810   0.1200   0.1670   0.2320   0.3080   0.3790   0.4550   0.5670   0.6990 -10000000000.0000 -10000000000.0000 -10000000000.0000 -10000000000.0000 -10000000000.0000 -10000000000.0000 -10000000000.0000 -10000000000.0000 -10000000000.0000 -10000000000.0000 -10000000000.0000;
079:  0.0120   0.0310   0.0530   0.0810   0.1200   0.1670   0.2320   0.3090   0.3780   0.4560   0.5670   0.6990 -10000000000.0000 -10000000000.0000 -10000000000.0000 -10000000000.0000 -10000000000.0000 -10000000000.0000 -10000000000.0000 -10000000000.0000 -10000000000.0000 -10000000000.0000 -10000000000.0000;
080:  0.0120   0.0310   0.0530   0.0810   0.1200   0.1670   0.2320   0.3080   0.3780   0.4550   0.5670   0.7000 -10000000000.0000 -10000000000.0000 -10000000000.0000 -10000000000.0000 -10000000000.0000 -10000000000.0000 -10000000000.0000 -10000000000.0000 -10000000000.0000 -10000000000.0000 -10000000000.0000;
081:  0.0120   0.0310   0.0530   0.0810   0.1200   0.1670   0.2320   0.3090   0.3780   0.4560   0.5670   0.6990 -10000000000.0000 -10000000000.0000 -10000000000.0000 -10000000000.0000 -10000000000.0000 -10000000000.0000 -10000000000.0000 -10000000000.0000 -10000000000.0000 -10000000000.0000 -10000000000.0000;
082:  0.0120   0.0310   0.0530   0.0810   0.1200   0.1670   0.2320   0.3090   0.3780   0.4550   0.5670   0.7000 -10000000000.0000 -10000000000.0000 -10000000000.0000 -10000000000.0000 -10000000000.0000 -10000000000.0000 -10000000000.0000 -10000000000.0000 -10000000000.0000 -10000000000.0000 -10000000000.0000;
083:  0.0120   0.0310   0.0530   0.0810   0.1200   0.1670   0.2320   0.3080   0.3780   0.4550   0.5670   0.7000 -10000000000.0000 -10000000000.0000 -10000000000.0000 -10000000000.0000 -10000000000.0000 -10000000000.0000 -10000000000.0000 -10000000000.0000 -10000000000.0000 -10000000000.0000 -10000000000.0000;
084:  0.0120   0.0310   0.0530   0.0810   0.1200   0.1670   0.2320   0.3080   0.3780   0.4550   0.5670   0.7000 -10000000000.0000 -10000000000.0000 -10000000000.0000 -10000000000.0000 -10000000000.0000 -10000000000.0000 -10000000000.0000 -10000000000.0000 -10000000000.0000 -10000000000.0000 -10000000000.0000;
085:  0.0120   0.0310   0.0530   0.0810   0.1200   0.1670   0.2320   0.3080   0.3780   0.4550   0.5670   0.7000 -10000000000.0000 -10000000000.0000 -10000000000.0000 -10000000000.0000 -10000000000.0000 -10000000000.0000 -10000000000.0000 -10000000000.0000 -10000000000.0000 -10000000000.0000 -10000000000.0000;
086:  0.0120   0.0310   0.0530   0.0810   0.1200   0.1670   0.2320   0.3080   0.3780   0.4550   0.5660   0.7000 -10000000000.0000 -10000000000.0000 -10000000000.0000 -10000000000.0000 -10000000000.0000 -10000000000.0000 -10000000000.0000 -10000000000.0000 -10000000000.0000 -10000000000.0000 -10000000000.0000;
087:  0.0120   0.0310   0.0530   0.0810   0.1200   0.1670   0.2320   0.3080   0.3770   0.4550   0.5660   0.7000 -10000000000.0000 -10000000000.0000 -10000000000.0000 -10000000000.0000 -10000000000.0000 -10000000000.0000 -10000000000.0000 -10000000000.0000 -10000000000.0000 -10000000000.0000 -10000000000.0000;
088:  0.0120   0.0310   0.0530   0.0810   0.1200   0.1670   0.2320   0.3080   0.3780   0.4550   0.5660   0.7000 -10000000000.0000 -10000000000.0000 -10000000000.0000 -10000000000.0000 -10000000000.0000 -10000000000.0000 -10000000000.0000 -10000000000.0000 -10000000000.0000 -10000000000.0000 -10000000000.0000;
089:  0.0120   0.0310   0.0520   0.0810   0.1200   0.1670   0.2310   0.3080   0.3770   0.4550   0.5650   0.6990 -10000000000.0000 -10000000000.0000 -10000000000.0000 -10000000000.0000 -10000000000.0000 -10000000000.0000 -10000000000.0000 -10000000000.0000 -10000000000.0000 -10000000000.0000 -10000000000.0000;
090:  0.0120   0.0310   0.0520   0.0810   0.1200   0.1670   0.2310   0.3070   0.3770   0.4540   0.5650   0.6990 -10000000000.0000 -10000000000.0000 -10000000000.0000 -10000000000.0000 -10000000000.0000 -10000000000.0000 -10000000000.0000 -10000000000.0000 -10000000000.0000 -10000000000.0000 -10000000000.0000;
091:  0.0120   0.0310   0.0520   0.0810   0.1200   0.1660   0.2310   0.3070   0.3770   0.4550   0.5650   0.6990 -10000000000.0000 -10000000000.0000 -10000000000.0000 -10000000000.0000 -10000000000.0000 -10000000000.0000 -10000000000.0000 -10000000000.0000 -10000000000.0000 -10000000000.0000 -10000000000.0000;
092:  0.0120   0.0310   0.0520   0.0810   0.1200   0.1670   0.2310   0.3070   0.3770   0.4540   0.5640   0.6980 -10000000000.0000 -10000000000.0000 -10000000000.0000 -10000000000.0000 -10000000000.0000 -10000000000.0000 -10000000000.0000 -10000000000.0000 -10000000000.0000 -10000000000.0000 -10000000000.0000;
093:  0.0120   0.0310   0.0520   0.0800   0.1190   0.1660   0.2310   0.3070   0.3770   0.4540   0.5640   0.6980 -10000000000.0000 -10000000000.0000 -10000000000.0000 -10000000000.0000 -10000000000.0000 -10000000000.0000 -10000000000.0000 -10000000000.0000 -10000000000.0000 -10000000000.0000 -10000000000.0000;
094:  0.0120   0.0310   0.0520   0.0800   0.1190   0.1660   0.2310   0.3070   0.3770   0.4540   0.5630   0.6980 -10000000000.0000 -10000000000.0000 -10000000000.0000 -10000000000.0000 -10000000000.0000 -10000000000.0000 -10000000000.0000 -10000000000.0000 -10000000000.0000 -10000000000.0000 -10000000000.0000;
095:  0.0120   0.0310   0.0520   0.0800   0.1200   0.1660   0.2310   0.3070   0.3760   0.4540   0.5630   0.6970 -10000000000.0000 -10000000000.0000 -10000000000.0000 -10000000000.0000 -10000000000.0000 -10000000000.0000 -10000000000.0000 -10000000000.0000 -10000000000.0000 -10000000000.0000 -10000000000.0000;
096:  0.0120   0.0310   0.0520   0.0800   0.1190   0.1660   0.2310   0.3060   0.3760   0.4530   0.5630   0.6970 -10000000000.0000 -10000000000.0000 -10000000000.0000 -10000000000.0000 -10000000000.0000 -10000000000.0000 -10000000000.0000 -10000000000.0000 -10000000000.0000 -10000000000.0000 -10000000000.0000;
097:  0.0120   0.0300   0.0520   0.0800   0.1190   0.1660   0.2310   0.3060   0.3760   0.4530   0.5620   0.6960 -10000000000.0000 -10000000000.0000 -10000000000.0000 -10000000000.0000 -10000000000.0000 -10000000000.0000 -10000000000.0000 -10000000000.0000 -10000000000.0000 -10000000000.0000 -10000000000.0000;
098:  0.0120   0.0300   0.0520   0.0800   0.1190   0.1660   0.2310   0.3060   0.3760   0.4530   0.5620   0.6960 -10000000000.0000 -10000000000.0000 -10000000000.0000 -10000000000.0000 -10000000000.0000 -10000000000.0000 -10000000000.0000 -10000000000.0000 -10000000000.0000 -10000000000.0000 -10000000000.0000;
099:  0.0120   0.0300   0.0520   0.0800   0.1190   0.1660   0.2310   0.3060   0.3760   0.4530   0.5620   0.6950 -10000000000.0000 -10000000000.0000 -10000000000.0000 -10000000000.0000 -10000000000.0000 -10000000000.0000 -10000000000.0000 -10000000000.0000 -10000000000.0000 -10000000000.0000 -10000000000.0000;
100:  0.0120   0.0300   0.0520   0.0800   0.1190   0.1660   0.2310   0.3060   0.3750   0.4530   0.5620   0.6950 -10000000000.0000 -10000000000.0000 -10000000000.0000 -10000000000.0000 -10000000000.0000 -10000000000.0000 -10000000000.0000 -10000000000.0000 -10000000000.0000 -10000000000.0000 -10000000000.0000;
101:  0.0120   0.0300   0.0520   0.0800   0.1190   0.1660   0.2310   0.3050   0.3750   0.4530   0.5610   0.6940 -10000000000.0000 -10000000000.0000 -10000000000.0000 -10000000000.0000 -10000000000.0000 -10000000000.0000 -10000000000.0000 -10000000000.0000 -10000000000.0000 -10000000000.0000 -10000000000.0000;
102:  0.0120   0.0300   0.0520   0.0800   0.1190   0.1660   0.2300   0.3050   0.3750   0.4520   0.5610   0.6940 -10000000000.0000 -10000000000.0000 -10000000000.0000 -10000000000.0000 -10000000000.0000 -10000000000.0000 -10000000000.0000 -10000000000.0000 -10000000000.0000 -10000000000.0000 -10000000000.0000;
103:  0.0120   0.0300   0.0520   0.0800   0.1190   0.1660   0.2300   0.3050   0.3750   0.4520   0.5610   0.6930 -10000000000.0000 -10000000000.0000 -10000000000.0000 -10000000000.0000 -10000000000.0000 -10000000000.0000 -10000000000.0000 -10000000000.0000 -10000000000.0000 -10000000000.0000 -10000000000.0000;
104:  0.0120   0.0300   0.0520   0.0800   0.1190   0.1660   0.2300   0.3050   0.3750   0.4520   0.5610   0.6930 -10000000000.0000 -10000000000.0000 -10000000000.0000 -10000000000.0000 -10000000000.0000 -10000000000.0000 -10000000000.0000 -10000000000.0000 -10000000000.0000 -10000000000.0000 -10000000000.0000;
105:  0.0120   0.0300   0.0520   0.0800   0.1190   0.1660   0.2300   0.3050   0.3740   0.4520   0.5610   0.6930 -10000000000.0000 -10000000000.0000 -10000000000.0000 -10000000000.0000 -10000000000.0000 -10000000000.0000 -10000000000.0000 -10000000000.0000 -10000000000.0000 -10000000000.0000 -10000000000.0000;
106:  0.0110   0.0300   0.0520   0.0800   0.1190   0.1660   0.2300   0.3040   0.3740   0.4510   0.5600   0.6920 -10000000000.0000 -10000000000.0000 -10000000000.0000 -10000000000.0000 -10000000000.0000 -10000000000.0000 -10000000000.0000 -10000000000.0000 -10000000000.0000 -10000000000.0000 -10000000000.0000;
107:  0.0110   0.0300   0.0520   0.0800   0.1190   0.1660   0.2300   0.3040   0.3740   0.4510   0.5600   0.6920 -10000000000.0000 -10000000000.0000 -10000000000.0000 -10000000000.0000 -10000000000.0000 -10000000000.0000 -10000000000.0000 -10000000000.0000 -10000000000.0000 -10000000000.0000 -10000000000.0000;
108:  0.0110   0.0300   0.0520   0.0800   0.1180   0.1660   0.2300   0.3040   0.3740   0.4510   0.5600   0.6910 -10000000000.0000 -10000000000.0000 -10000000000.0000 -10000000000.0000 -10000000000.0000 -10000000000.0000 -10000000000.0000 -10000000000.0000 -10000000000.0000 -10000000000.0000 -10000000000.0000;
109:  0.0110   0.0300   0.0520   0.0800   0.1180   0.1660   0.2300   0.3040   0.3740   0.4510   0.5600   0.6910 -10000000000.0000 -10000000000.0000 -10000000000.0000 -10000000000.0000 -10000000000.0000 -10000000000.0000 -10000000000.0000 -10000000000.0000 -10000000000.0000 -10000000000.0000 -10000000000.0000;
110:  0.0110   0.0300   0.0520   0.0790   0.1180   0.1660   0.2290   0.3040   0.3730   0.4510   0.5610   0.6910 -10000000000.0000 -10000000000.0000 -10000000000.0000 -10000000000.0000 -10000000000.0000 -10000000000.0000 -10000000000.0000 -10000000000.0000 -10000000000.0000 -10000000000.0000 -10000000000.0000;
111:  0.0110   0.0300   0.0510   0.0790   0.1180   0.1660   0.2290   0.3030   0.3730   0.4510   0.5600   0.6910 -10000000000.0000 -10000000000.0000 -10000000000.0000 -10000000000.0000 -10000000000.0000 -10000000000.0000 -10000000000.0000 -10000000000.0000 -10000000000.0000 -10000000000.0000 -10000000000.0000;
112:  0.0110   0.0300   0.0510   0.0790   0.1180   0.1660   0.2290   0.3030   0.3730   0.4500   0.5600   0.6910 -10000000000.0000 -10000000000.0000 -10000000000.0000 -10000000000.0000 -10000000000.0000 -10000000000.0000 -10000000000.0000 -10000000000.0000 -10000000000.0000 -10000000000.0000 -10000000000.0000;
113:  0.0110   0.0300   0.0510   0.0790   0.1180   0.1650   0.2290   0.3030   0.3720   0.4500   0.5600   0.6910 -10000000000.0000 -10000000000.0000 -10000000000.0000 -10000000000.0000 -10000000000.0000 -10000000000.0000 -10000000000.0000 -10000000000.0000 -10000000000.0000 -10000000000.0000 -10000000000.0000;
114:  0.0110   0.0290   0.0510   0.0790   0.1180   0.1650   0.2290   0.3030   0.3720   0.4500   0.5610   0.6910 -10000000000.0000 -10000000000.0000 -10000000000.0000 -10000000000.0000 -10000000000.0000 -10000000000.0000 -10000000000.0000 -10000000000.0000 -10000000000.0000 -10000000000.0000 -10000000000.0000;
115:  0.0110   0.0290   0.0510   0.0790   0.1180   0.1650   0.2290   0.3030   0.3720   0.4490   0.5610   0.6910 -10000000000.0000 -10000000000.0000 -10000000000.0000 -10000000000.0000 -10000000000.0000 -10000000000.0000 -10000000000.0000 -10000000000.0000 -10000000000.0000 -10000000000.0000 -10000000000.0000;
116:  0.0110   0.0290   0.0510   0.0790   0.1180   0.1650   0.2290   0.3020   0.3720   0.4490   0.5610   0.6910 -10000000000.0000 -10000000000.0000 -10000000000.0000 -10000000000.0000 -10000000000.0000 -10000000000.0000 -10000000000.0000 -10000000000.0000 -10000000000.0000 -10000000000.0000 -10000000000.0000;
117:  0.0110   0.0290   0.0510   0.0790   0.1180   0.1650   0.2280   0.3020   0.3720   0.4490   0.5610   0.6910 -10000000000.0000 -10000000000.0000 -10000000000.0000 -10000000000.0000 -10000000000.0000 -10000000000.0000 -10000000000.0000 -10000000000.0000 -10000000000.0000 -10000000000.0000 -10000000000.0000;
118:  0.0110   0.0290   0.0510   0.0790   0.1180   0.1650   0.2280   0.3020   0.3720   0.4490   0.5610   0.6920 -10000000000.0000 -10000000000.0000 -10000000000.0000 -10000000000.0000 -10000000000.0000 -10000000000.0000 -10000000000.0000 -10000000000.0000 -10000000000.0000 -10000000000.0000 -10000000000.0000;
119:  0.0110   0.0290   0.0510   0.0790   0.1180   0.1650   0.2280   0.3020   0.3720   0.4490   0.5610   0.6920 -10000000000.0000 -10000000000.0000 -10000000000.0000 -10000000000.0000 -10000000000.0000 -10000000000.0000 -10000000000.0000 -10000000000.0000 -10000000000.0000 -10000000000.0000 -10000000000.0000;
120:  0.0110   0.0290   0.0510   0.0790   0.1180   0.1650   0.2280   0.3020   0.3710   0.4490   0.5610   0.6920 -10000000000.0000 -10000000000.0000 -10000000000.0000 -10000000000.0000 -10000000000.0000 -10000000000.0000 -10000000000.0000 -10000000000.0000 -10000000000.0000 -10000000000.0000 -10000000000.0000;
121:  0.0110   0.0290   0.0510   0.0790   0.1170   0.1640   0.2280   0.3020   0.3710   0.4480   0.5610   0.6920 -10000000000.0000 -10000000000.0000 -10000000000.0000 -10000000000.0000 -10000000000.0000 -10000000000.0000 -10000000000.0000 -10000000000.0000 -10000000000.0000 -10000000000.0000 -10000000000.0000;
122:  0.0110   0.0290   0.0510   0.0790   0.1170   0.1640   0.2280   0.3020   0.3710   0.4480   0.5620   0.6930 -10000000000.0000 -10000000000.0000 -10000000000.0000 -10000000000.0000 -10000000000.0000 -10000000000.0000 -10000000000.0000 -10000000000.0000 -10000000000.0000 -10000000000.0000 -10000000000.0000;
123:  0.0110   0.0290   0.0510   0.0790   0.1170   0.1640   0.2270   0.3020   0.3710   0.4480   0.5620   0.6930 -10000000000.0000 -10000000000.0000 -10000000000.0000 -10000000000.0000 -10000000000.0000 -10000000000.0000 -10000000000.0000 -10000000000.0000 -10000000000.0000 -10000000000.0000 -10000000000.0000;
124:  0.0110   0.0290   0.0500   0.0780   0.1170   0.1640   0.2270   0.3020   0.3710   0.4480   0.5620   0.6940 -10000000000.0000 -10000000000.0000 -10000000000.0000 -10000000000.0000 -10000000000.0000 -10000000000.0000 -10000000000.0000 -10000000000.0000 -10000000000.0000 -10000000000.0000 -10000000000.0000;
125:  0.0110   0.0290   0.0500   0.0780   0.1170   0.1640   0.2270   0.3020   0.3710   0.4480   0.5620   0.6940   0.7910   0.9070 -10000000000.0000 -10000000000.0000 -10000000000.0000 -10000000000.0000 -10000000000.0000 -10000000000.0000 -10000000000.0000 -10000000000.0000 -10000000000.0000;
126:  0.0100   0.0290   0.0500   0.0780   0.1170   0.1640   0.2270   0.3020   0.3710   0.4470   0.5620   0.6940   0.7920   0.9090 -10000000000.0000 -10000000000.0000 -10000000000.0000 -10000000000.0000 -10000000000.0000 -10000000000.0000 -10000000000.0000 -10000000000.0000 -10000000000.0000;
127:  0.0100   0.0290   0.0500   0.0780   0.1170   0.1630   0.2270   0.3020   0.3710   0.4470   0.5620   0.6950   0.7930   0.9110 -10000000000.0000 -10000000000.0000 -10000000000.0000 -10000000000.0000 -10000000000.0000 -10000000000.0000 -10000000000.0000 -10000000000.0000 -10000000000.0000;
128:  0.0100   0.0290   0.0500   0.0780   0.1170   0.1630   0.2260   0.3010   0.3700   0.4470   0.5620   0.6950   0.7940   0.9130 -10000000000.0000 -10000000000.0000 -10000000000.0000 -10000000000.0000 -10000000000.0000 -10000000000.0000 -10000000000.0000 -10000000000.0000 -10000000000.0000;
129:  0.0100   0.0290   0.0500   0.0780   0.1170   0.1630   0.2260   0.3010   0.3700   0.4470   0.5620   0.6950   0.7950   0.9140 -10000000000.0000 -10000000000.0000 -10000000000.0000 -10000000000.0000 -10000000000.0000 -10000000000.0000 -10000000000.0000 -10000000000.0000 -10000000000.0000;
130:  0.0100   0.0280   0.0500   0.0780   0.1160   0.1630   0.2260   0.3010   0.3700   0.4470   0.5620   0.6960   0.7960   0.9160 -10000000000.0000 -10000000000.0000 -10000000000.0000 -10000000000.0000 -10000000000.0000 -10000000000.0000 -10000000000.0000 -10000000000.0000 -10000000000.0000;
131:  0.0100   0.0280   0.0500   0.0780   0.1160   0.1620   0.2260   0.3010   0.3700   0.4460   0.5620   0.6960   0.7980   0.9180 -10000000000.0000 -10000000000.0000 -10000000000.0000 -10000000000.0000 -10000000000.0000 -10000000000.0000 -10000000000.0000 -10000000000.0000 -10000000000.0000;
132:  0.0100   0.0280   0.0500   0.0780   0.1160   0.1620   0.2250   0.3010   0.3700   0.4460   0.5620   0.6960   0.7990   0.9200 -10000000000.0000 -10000000000.0000 -10000000000.0000 -10000000000.0000 -10000000000.0000 -10000000000.0000 -10000000000.0000 -10000000000.0000 -10000000000.0000;
133:  0.0100   0.0280   0.0500   0.0780   0.1160   0.1620   0.2250   0.3010   0.3700   0.4460   0.5620   0.6960   0.8000   0.9220 -10000000000.0000 -10000000000.0000 -10000000000.0000 -10000000000.0000 -10000000000.0000 -10000000000.0000 -10000000000.0000 -10000000000.0000 -10000000000.0000;
134:  0.0100   0.0280   0.0500   0.0770   0.1160   0.1620   0.2250   0.3010   0.3700   0.4460   0.5610   0.6960   0.8010   0.9240 -10000000000.0000 -10000000000.0000 -10000000000.0000 -10000000000.0000 -10000000000.0000 -10000000000.0000 -10000000000.0000 -10000000000.0000 -10000000000.0000;
135:  0.0100   0.0280   0.0490   0.0770   0.1160   0.1610   0.2250   0.3010   0.3700   0.4450   0.5610   0.6960   0.8020   0.9260 -10000000000.0000 -10000000000.0000 -10000000000.0000 -10000000000.0000 -10000000000.0000 -10000000000.0000 -10000000000.0000 -10000000000.0000 -10000000000.0000;
136:  0.0100   0.0280   0.0490   0.0770   0.1150   0.1610   0.2240   0.3010   0.3700   0.4460   0.5610   0.6960   0.8020   0.9280 -10000000000.0000 -10000000000.0000 -10000000000.0000 -10000000000.0000 -10000000000.0000 -10000000000.0000 -10000000000.0000 -10000000000.0000 -10000000000.0000;
137:  0.0100   0.0280   0.0490   0.0770   0.1150   0.1610   0.2240   0.3010   0.3690   0.4450   0.5610   0.6960   0.8030   0.9290 -10000000000.0000 -10000000000.0000 -10000000000.0000 -10000000000.0000 -10000000000.0000 -10000000000.0000 -10000000000.0000 -10000000000.0000 -10000000000.0000;
138:  0.0100   0.0280   0.0490   0.0770   0.1150   0.1610   0.2240   0.3000   0.3690   0.4450   0.5600   0.6950   0.8040   0.9310   1.0800 -10000000000.0000 -10000000000.0000 -10000000000.0000 -10000000000.0000 -10000000000.0000 -10000000000.0000 -10000000000.0000 -10000000000.0000;
139:  0.0100   0.0280   0.0490   0.0770   0.1150   0.1600   0.2240   0.3000   0.3690   0.4450   0.5600   0.6950   0.8050   0.9320   1.0810 -10000000000.0000 -10000000000.0000 -10000000000.0000 -10000000000.0000 -10000000000.0000 -10000000000.0000 -10000000000.0000 -10000000000.0000;
140:  0.0100   0.0280   0.0490   0.0770   0.1150   0.1600   0.2230   0.3000   0.3690   0.4450   0.5590   0.6940   0.8050   0.9330   1.0820   1.2460 -10000000000.0000 -10000000000.0000 -10000000000.0000 -10000000000.0000 -10000000000.0000 -10000000000.0000 -10000000000.0000;
141:  0.0100   0.0280   0.0490   0.0760   0.1150   0.1600   0.2230   0.3000   0.3680   0.4440   0.5590   0.6940   0.8050   0.9350   1.0840   1.2480 -10000000000.0000 -10000000000.0000 -10000000000.0000 -10000000000.0000 -10000000000.0000 -10000000000.0000 -10000000000.0000;
142:  0.0100   0.0280   0.0490   0.0760   0.1140   0.1600   0.2230   0.2990   0.3680   0.4440   0.5580   0.6940   0.8060   0.9350   1.0850   1.2490 -10000000000.0000 -10000000000.0000 -10000000000.0000 -10000000000.0000 -10000000000.0000 -10000000000.0000 -10000000000.0000;
143:  0.0100   0.0280   0.0490   0.0760   0.1140   0.1590   0.2230   0.2990   0.3680   0.4440   0.5580   0.6930   0.8060   0.9360   1.0850   1.2500 -10000000000.0000 -10000000000.0000 -10000000000.0000 -10000000000.0000 -10000000000.0000 -10000000000.0000 -10000000000.0000;
144:  0.0100   0.0280   0.0490   0.0760   0.1140   0.1590   0.2230   0.2990   0.3670   0.4430   0.5570   0.6920   0.8060   0.9370   1.0860   1.2510 -10000000000.0000 -10000000000.0000 -10000000000.0000 -10000000000.0000 -10000000000.0000 -10000000000.0000 -10000000000.0000;
145:  0.0100   0.0280   0.0480   0.0760   0.1140   0.1590   0.2220   0.2990   0.3670   0.4430   0.5570   0.6910   0.8060   0.9370   1.0860   1.2510 -10000000000.0000 -10000000000.0000 -10000000000.0000 -10000000000.0000 -10000000000.0000 -10000000000.0000 -10000000000.0000;
146:  0.0090   0.0280   0.0480   0.0760   0.1130   0.1580   0.2220   0.2980   0.3670   0.4430   0.5560   0.6900   0.8050   0.9370   1.0860   1.2520 -10000000000.0000 -10000000000.0000 -10000000000.0000 -10000000000.0000 -10000000000.0000 -10000000000.0000 -10000000000.0000;
147:  0.0090   0.0270   0.0480   0.0750   0.1130   0.1580   0.2220   0.2980   0.3670   0.4420   0.5550   0.6880   0.8050   0.9370   1.0860   1.2530 -10000000000.0000 -10000000000.0000 -10000000000.0000 -10000000000.0000 -10000000000.0000 -10000000000.0000 -10000000000.0000;
148:  0.0090   0.0270   0.0480   0.0750   0.1130   0.1580   0.2210   0.2980   0.3660   0.4420   0.5540   0.6870   0.8040   0.9370   1.0870   1.2530 -10000000000.0000 -10000000000.0000 -10000000000.0000 -10000000000.0000 -10000000000.0000 -10000000000.0000 -10000000000.0000;
149:  0.0090   0.0270   0.0480   0.0750   0.1130   0.1580   0.2210   0.2970   0.3650   0.4410   0.5540   0.6860   0.8030   0.9360   1.0860   1.2530 -10000000000.0000 -10000000000.0000 -10000000000.0000 -10000000000.0000 -10000000000.0000 -10000000000.0000 -10000000000.0000;
150:  0.0090   0.0270   0.0480   0.0750   0.1120   0.1570   0.2210   0.2970   0.3650   0.4410   0.5530   0.6840   0.8020   0.9360   1.0860   1.2530 -10000000000.0000 -10000000000.0000 -10000000000.0000 -10000000000.0000 -10000000000.0000 -10000000000.0000 -10000000000.0000;
151:  0.0090   0.0270   0.0480   0.0750   0.1120   0.1570   0.2210   0.2970   0.3650   0.4410   0.5520   0.6830   0.8010   0.9350   1.0850   1.2520 -10000000000.0000 -10000000000.0000 -10000000000.0000 -10000000000.0000 -10000000000.0000 -10000000000.0000 -10000000000.0000;
152:  0.0090   0.0270   0.0480   0.0750   0.1120   0.1570   0.2200   0.2960   0.3640   0.4400   0.5510   0.6820   0.8000   0.9340   1.0840   1.2520 -10000000000.0000 -10000000000.0000 -10000000000.0000 -10000000000.0000 -10000000000.0000 -10000000000.0000 -10000000000.0000;
153:  0.0090   0.0270   0.0480   0.0740   0.1120   0.1570   0.2200   0.2960   0.3640   0.4400   0.5500   0.6800   0.7990   0.9330   1.0840   1.2510 -10000000000.0000 -10000000000.0000 -10000000000.0000 -10000000000.0000 -10000000000.0000 -10000000000.0000 -10000000000.0000;
154:  0.0090   0.0270   0.0470   0.0740   0.1110   0.1560   0.2200   0.2950   0.3630   0.4390   0.5500   0.6780   0.7970   0.9320   1.0830   1.2500 -10000000000.0000 -10000000000.0000 -10000000000.0000 -10000000000.0000 -10000000000.0000 -10000000000.0000 -10000000000.0000;
155:  0.0090   0.0270   0.0470   0.0740   0.1110   0.1560   0.2200   0.2950   0.3630   0.4380   0.5490   0.6770   0.7950   0.9300   1.0810   1.2480 -10000000000.0000 -10000000000.0000 -10000000000.0000 -10000000000.0000 -10000000000.0000 -10000000000.0000 -10000000000.0000;
156:  0.0090   0.0270   0.0470   0.0740   0.1110   0.1560   0.2190   0.2940   0.3620   0.4380   0.5480   0.6750   0.7940   0.9280   1.0790   1.2470 -10000000000.0000 -10000000000.0000 -10000000000.0000 -10000000000.0000 -10000000000.0000 -10000000000.0000 -10000000000.0000;
157:  0.0090   0.0270   0.0470   0.0740   0.1110   0.1560   0.2190   0.2940   0.3610   0.4370   0.5470   0.6740   0.7920   0.9270   1.0780   1.2460 -10000000000.0000 -10000000000.0000 -10000000000.0000 -10000000000.0000 -10000000000.0000 -10000000000.0000 -10000000000.0000;
158:  0.0090   0.0270   0.0470   0.0740   0.1110   0.1550   0.2190   0.2940   0.3600   0.4360   0.5460   0.6720   0.7910   0.9250   1.0760   1.2430 -10000000000.0000 -10000000000.0000 -10000000000.0000 -10000000000.0000 -10000000000.0000 -10000000000.0000 -10000000000.0000;
159:  0.0090   0.0270   0.0470   0.0740   0.1100   0.1550   0.2190   0.2930   0.3600   0.4360   0.5450   0.6700   0.7890   0.9230   1.0750   1.2410 -10000000000.0000 -10000000000.0000 -10000000000.0000 -10000000000.0000 -10000000000.0000 -10000000000.0000 -10000000000.0000;
160:  0.0090   0.0270   0.0470   0.0730   0.1100   0.1550   0.2180   0.2930   0.3590   0.4350   0.5440   0.6690   0.7860   0.9200   1.0730   1.2390 -10000000000.0000 -10000000000.0000 -10000000000.0000 -10000000000.0000 -10000000000.0000 -10000000000.0000 -10000000000.0000;
161:  0.0090   0.0270   0.0470   0.0730   0.1100   0.1540   0.2180   0.2920   0.3580   0.4340   0.5420   0.6670   0.7840   0.9180   1.0710   1.2370 -10000000000.0000 -10000000000.0000 -10000000000.0000 -10000000000.0000 -10000000000.0000 -10000000000.0000 -10000000000.0000;
162:  0.0090   0.0270   0.0470   0.0730   0.1100   0.1540   0.2170   0.2920   0.3580   0.4330   0.5410   0.6650   0.7820   0.9160   1.0680   1.2350 -10000000000.0000 -10000000000.0000 -10000000000.0000 -10000000000.0000 -10000000000.0000 -10000000000.0000 -10000000000.0000;
163:  0.0090   0.0270   0.0470   0.0730   0.1090   0.1540   0.2170   0.2910   0.3570   0.4330   0.5400   0.6630   0.7800   0.9130   1.0660   1.2310 -10000000000.0000 -10000000000.0000 -10000000000.0000 -10000000000.0000 -10000000000.0000 -10000000000.0000 -10000000000.0000;
164:  0.0090   0.0270   0.0470   0.0730   0.1090   0.1530   0.2170   0.2910   0.3560   0.4320   0.5390   0.6620   0.7780   0.9100   1.0640   1.2290 -10000000000.0000 -10000000000.0000 -10000000000.0000 -10000000000.0000 -10000000000.0000 -10000000000.0000 -10000000000.0000;
165:  0.0090   0.0270   0.0460   0.0730   0.1090   0.1530   0.2160   0.2900   0.3560   0.4310   0.5380   0.6600   0.7760   0.9070   1.0610   1.2260 -10000000000.0000 -10000000000.0000 -10000000000.0000 -10000000000.0000 -10000000000.0000 -10000000000.0000 -10000000000.0000;
166:  0.0090   0.0270   0.0460   0.0730   0.1090   0.1530   0.2160   0.2890   0.3550   0.4300   0.5360   0.6580   0.7730   0.9050   1.0590   1.2230 -10000000000.0000 -10000000000.0000 -10000000000.0000 -10000000000.0000 -10000000000.0000 -10000000000.0000 -10000000000.0000;
167:  0.0090   0.0270   0.0460   0.0720   0.1080   0.1530   0.2160   0.2890   0.3540   0.4290   0.5350   0.6570   0.7710   0.9020   1.0570   1.2200 -10000000000.0000 -10000000000.0000 -10000000000.0000 -10000000000.0000 -10000000000.0000 -10000000000.0000 -10000000000.0000;
168:  0.0090   0.0260   0.0460   0.0720   0.1080   0.1520   0.2150   0.2880   0.3530   0.4280   0.5340   0.6550   0.7690   0.8990   1.0540   1.2170 -10000000000.0000 -10000000000.0000 -10000000000.0000 -10000000000.0000 -10000000000.0000 -10000000000.0000 -10000000000.0000;
169:  0.0090   0.0260   0.0460   0.0720   0.1080   0.1520   0.2150   0.2880   0.3520   0.4270   0.5330   0.6540   0.7670   0.8970   1.0520   1.2130 -10000000000.0000 -10000000000.0000 -10000000000.0000 -10000000000.0000 -10000000000.0000 -10000000000.0000 -10000000000.0000;
170:  0.0090   0.0260   0.0460   0.0720   0.1080   0.1520   0.2150   0.2870   0.3520   0.4260   0.5320   0.6520   0.7650   0.8940   1.0500   1.2090 -10000000000.0000 -10000000000.0000 -10000000000.0000 -10000000000.0000 -10000000000.0000 -10000000000.0000 -10000000000.0000;
171:  0.0090   0.0260   0.0460   0.0720   0.1080   0.1510   0.2140   0.2870   0.3510   0.4250   0.5300   0.6500   0.7620   0.8910   1.0480   1.2070 -10000000000.0000 -10000000000.0000 -10000000000.0000 -10000000000.0000 -10000000000.0000 -10000000000.0000 -10000000000.0000;
172:  0.0090   0.0260   0.0460   0.0720   0.1070   0.1510   0.2140   0.2860   0.3500   0.4240   0.5290   0.6480   0.7600   0.8890   1.0450   1.2030 -10000000000.0000 -10000000000.0000 -10000000000.0000 -10000000000.0000 -10000000000.0000 -10000000000.0000 -10000000000.0000;
173:  0.0090   0.0260   0.0460   0.0720   0.1070   0.1510   0.2130   0.2850   0.3490   0.4230   0.5280   0.6470   0.7580   0.8860   1.0430   1.2000 -10000000000.0000 -10000000000.0000 -10000000000.0000 -10000000000.0000 -10000000000.0000 -10000000000.0000 -10000000000.0000;
174:  0.0090   0.0260   0.0460   0.0720   0.1070   0.1500   0.2130   0.2850   0.3480   0.4220   0.5260   0.6450   0.7560   0.8830 -10000000000.0000 -10000000000.0000 -10000000000.0000 -10000000000.0000 -10000000000.0000 -10000000000.0000 -10000000000.0000 -10000000000.0000 -10000000000.0000;
175:  0.0090   0.0260   0.0460   0.0720   0.1070   0.1500   0.2120   0.2840   0.3480   0.4200   0.5240   0.6440   0.7540   0.8810 -10000000000.0000 -10000000000.0000 -10000000000.0000 -10000000000.0000 -10000000000.0000 -10000000000.0000 -10000000000.0000 -10000000000.0000 -10000000000.0000;
176:  0.0090   0.0260   0.0460   0.0710   0.1070   0.1500   0.2120   0.2840   0.3470   0.4190   0.5230   0.6420   0.7520   0.8790 -10000000000.0000 -10000000000.0000 -10000000000.0000 -10000000000.0000 -10000000000.0000 -10000000000.0000 -10000000000.0000 -10000000000.0000 -10000000000.0000;
177:  0.0090   0.0260   0.0460   0.0710   0.1070   0.1500   0.2120   0.2830   0.3460   0.4180   0.5220   0.6400   0.7500   0.8770 -10000000000.0000 -10000000000.0000 -10000000000.0000 -10000000000.0000 -10000000000.0000 -10000000000.0000 -10000000000.0000 -10000000000.0000 -10000000000.0000;
178:  0.0090   0.0260   0.0460   0.0710   0.1070   0.1490   0.2110   0.2820   0.3450   0.4170   0.5200   0.6390   0.7480   0.8760 -10000000000.0000 -10000000000.0000 -10000000000.0000 -10000000000.0000 -10000000000.0000 -10000000000.0000 -10000000000.0000 -10000000000.0000 -10000000000.0000;
179:  0.0090   0.0260   0.0460   0.0710   0.1060   0.1490   0.2110   0.2820   0.3440   0.4160   0.5190   0.6370   0.7460   0.8740 -10000000000.0000 -10000000000.0000 -10000000000.0000 -10000000000.0000 -10000000000.0000 -10000000000.0000 -10000000000.0000 -10000000000.0000 -10000000000.0000;
180:  0.0090   0.0260   0.0460   0.0710   0.1060   0.1490   0.2100   0.2810   0.3440   0.4150   0.5170   0.6350   0.7440   0.8720 -10000000000.0000 -10000000000.0000 -10000000000.0000 -10000000000.0000 -10000000000.0000 -10000000000.0000 -10000000000.0000 -10000000000.0000 -10000000000.0000;
181:  0.0090   0.0260   0.0460   0.0710   0.1060   0.1490   0.2100   0.2800   0.3430   0.4140   0.5160   0.6330   0.7420   0.8710 -10000000000.0000 -10000000000.0000 -10000000000.0000 -10000000000.0000 -10000000000.0000 -10000000000.0000 -10000000000.0000 -10000000000.0000 -10000000000.0000;
182:  0.0090   0.0260   0.0460   0.0710   0.1060   0.1480   0.2090   0.2800   0.3420   0.4130   0.5140   0.6320   0.7410   0.8700 -10000000000.0000 -10000000000.0000 -10000000000.0000 -10000000000.0000 -10000000000.0000 -10000000000.0000 -10000000000.0000 -10000000000.0000 -10000000000.0000;
183:  0.0090   0.0260   0.0460   0.0710   0.1060   0.1480   0.2090   0.2790   0.3410   0.4110   0.5130   0.6300   0.7390   0.8680 -10000000000.0000 -10000000000.0000 -10000000000.0000 -10000000000.0000 -10000000000.0000 -10000000000.0000 -10000000000.0000 -10000000000.0000 -10000000000.0000;
184:  0.0090   0.0260   0.0460   0.0710   0.1060   0.1480   0.2080   0.2780   0.3400   0.4100   0.5110   0.6280   0.7370   0.8680 -10000000000.0000 -10000000000.0000 -10000000000.0000 -10000000000.0000 -10000000000.0000 -10000000000.0000 -10000000000.0000 -10000000000.0000 -10000000000.0000;
185:  0.0090   0.0260   0.0460   0.0710   0.1060   0.1480   0.2080   0.2780   0.3390   0.4090   0.5090   0.6270   0.7350   0.8670 -10000000000.0000 -10000000000.0000 -10000000000.0000 -10000000000.0000 -10000000000.0000 -10000000000.0000 -10000000000.0000 -10000000000.0000 -10000000000.0000;
186:  0.0090   0.0260   0.0460   0.0710   0.1050   0.1480   0.2070   0.2770   0.3390   0.4080   0.5080   0.6240   0.7330   0.8660 -10000000000.0000 -10000000000.0000 -10000000000.0000 -10000000000.0000 -10000000000.0000 -10000000000.0000 -10000000000.0000 -10000000000.0000 -10000000000.0000;
187:  0.0090   0.0260   0.0460   0.0710   0.1050   0.1470   0.2070   0.2770   0.3380   0.4070   0.5070   0.6220   0.7320   0.8660 -10000000000.0000 -10000000000.0000 -10000000000.0000 -10000000000.0000 -10000000000.0000 -10000000000.0000 -10000000000.0000 -10000000000.0000 -10000000000.0000;
188:  0.0090   0.0260   0.0460   0.0710   0.1050   0.1470   0.2070   0.2760   0.3370   0.4060   0.5050   0.6210   0.7300   0.8650 -10000000000.0000 -10000000000.0000 -10000000000.0000 -10000000000.0000 -10000000000.0000 -10000000000.0000 -10000000000.0000 -10000000000.0000 -10000000000.0000;
189:  0.0090   0.0260   0.0460   0.0710   0.1050   0.1470   0.2060   0.2750   0.3360   0.4050   0.5040   0.6180   0.7290   0.8650 -10000000000.0000 -10000000000.0000 -10000000000.0000 -10000000000.0000 -10000000000.0000 -10000000000.0000 -10000000000.0000 -10000000000.0000 -10000000000.0000;
190:  0.0090   0.0260   0.0460   0.0710   0.1050   0.1470   0.2060   0.2750   0.3350   0.4030   0.5020   0.6160   0.7270   0.8650 -10000000000.0000 -10000000000.0000 -10000000000.0000 -10000000000.0000 -10000000000.0000 -10000000000.0000 -10000000000.0000 -10000000000.0000 -10000000000.0000;
191:  0.0090   0.0260   0.0460   0.0710   0.1050   0.1470   0.2050   0.2740   0.3340   0.4020   0.5010   0.6140   0.7260   0.8640 -10000000000.0000 -10000000000.0000 -10000000000.0000 -10000000000.0000 -10000000000.0000 -10000000000.0000 -10000000000.0000 -10000000000.0000 -10000000000.0000;
192:  0.0090   0.0260   0.0460   0.0710   0.1050   0.1470   0.2050   0.2730   0.3340   0.4010   0.4990   0.6120   0.7240   0.8640 -10000000000.0000 -10000000000.0000 -10000000000.0000 -10000000000.0000 -10000000000.0000 -10000000000.0000 -10000000000.0000 -10000000000.0000 -10000000000.0000;
193:  0.0090   0.0260   0.0460   0.0710   0.1050   0.1470   0.2050   0.2730   0.3330   0.4000   0.4970   0.6100   0.7220 -10000000000.0000 -10000000000.0000 -10000000000.0000 -10000000000.0000 -10000000000.0000 -10000000000.0000 -10000000000.0000 -10000000000.0000 -10000000000.0000 -10000000000.0000;
194:  0.0090   0.0260   0.0460   0.0710   0.1050   0.1470   0.2040   0.2720   0.3320   0.3990   0.4960   0.6080 -10000000000.0000 -10000000000.0000 -10000000000.0000 -10000000000.0000 -10000000000.0000 -10000000000.0000 -10000000000.0000 -10000000000.0000 -10000000000.0000 -10000000000.0000 -10000000000.0000;
195:  0.0090   0.0270   0.0460   0.0710   0.1050   0.1470   0.2040   0.2710   0.3310   0.3980   0.4950   0.6060 -10000000000.0000 -10000000000.0000 -10000000000.0000 -10000000000.0000 -10000000000.0000 -10000000000.0000 -10000000000.0000 -10000000000.0000 -10000000000.0000 -10000000000.0000 -10000000000.0000;
196:  0.0090   0.0270   0.0460   0.0710   0.1050   0.1470   0.2040   0.2710   0.3310   0.3970   0.4930   0.6030 -10000000000.0000 -10000000000.0000 -10000000000.0000 -10000000000.0000 -10000000000.0000 -10000000000.0000 -10000000000.0000 -10000000000.0000 -10000000000.0000 -10000000000.0000 -10000000000.0000;
197:  0.0090   0.0270   0.0460   0.0710   0.1050   0.1470   0.2040   0.2710   0.3300   0.3960   0.4920   0.6010 -10000000000.0000 -10000000000.0000 -10000000000.0000 -10000000000.0000 -10000000000.0000 -10000000000.0000 -10000000000.0000 -10000000000.0000 -10000000000.0000 -10000000000.0000 -10000000000.0000;
198:  0.0090   0.0270   0.0460   0.0710   0.1050   0.1470   0.2030   0.2700   0.3300   0.3950   0.4900   0.5990 -10000000000.0000 -10000000000.0000 -10000000000.0000 -10000000000.0000 -10000000000.0000 -10000000000.0000 -10000000000.0000 -10000000000.0000 -10000000000.0000 -10000000000.0000 -10000000000.0000;
199:  0.0090   0.0270   0.0460   0.0710   0.1060   0.1470   0.2030   0.2700   0.3290   0.3940   0.4890   0.5960 -10000000000.0000 -10000000000.0000 -10000000000.0000 -10000000000.0000 -10000000000.0000 -10000000000.0000 -10000000000.0000 -10000000000.0000 -10000000000.0000 -10000000000.0000 -10000000000.0000;
200:  0.0090   0.0270   0.0460   0.0710   0.1060   0.1470   0.2030   0.2690   0.3280   0.3930   0.4880   0.5940 -10000000000.0000 -10000000000.0000 -10000000000.0000 -10000000000.0000 -10000000000.0000 -10000000000.0000 -10000000000.0000 -10000000000.0000 -10000000000.0000 -10000000000.0000 -10000000000.0000;
201:  0.0090   0.0270   0.0460   0.0710   0.1060   0.1470   0.2030   0.2690   0.3280   0.3920   0.4860   0.5920 -10000000000.0000 -10000000000.0000 -10000000000.0000 -10000000000.0000 -10000000000.0000 -10000000000.0000 -10000000000.0000 -10000000000.0000 -10000000000.0000 -10000000000.0000 -10000000000.0000;
202:  0.0090   0.0270   0.0460   0.0710   0.1060   0.1470   0.2030   0.2690   0.3270   0.3920   0.4850   0.5890 -10000000000.0000 -10000000000.0000 -10000000000.0000 -10000000000.0000 -10000000000.0000 -10000000000.0000 -10000000000.0000 -10000000000.0000 -10000000000.0000 -10000000000.0000 -10000000000.0000;
203:  0.0090   0.0270   0.0460   0.0710   0.1060   0.1470   0.2030   0.2680   0.3270   0.3910   0.4840   0.5880 -10000000000.0000 -10000000000.0000 -10000000000.0000 -10000000000.0000 -10000000000.0000 -10000000000.0000 -10000000000.0000 -10000000000.0000 -10000000000.0000 -10000000000.0000 -10000000000.0000;
204:  0.0090   0.0270   0.0460   0.0710   0.1060   0.1480   0.2030   0.2680   0.3260   0.3910   0.4830   0.5850 -10000000000.0000 -10000000000.0000 -10000000000.0000 -10000000000.0000 -10000000000.0000 -10000000000.0000 -10000000000.0000 -10000000000.0000 -10000000000.0000 -10000000000.0000 -10000000000.0000;
205:  0.0090   0.0270   0.0460   0.0710   0.1060   0.1480   0.2030   0.2680   0.3260   0.3900   0.4820   0.5830 -10000000000.0000 -10000000000.0000 -10000000000.0000 -10000000000.0000 -10000000000.0000 -10000000000.0000 -10000000000.0000 -10000000000.0000 -10000000000.0000 -10000000000.0000 -10000000000.0000;
206:  0.0090   0.0270   0.0460   0.0720   0.1060   0.1480   0.2030   0.2680   0.3260   0.3890   0.4810   0.5810 -10000000000.0000 -10000000000.0000 -10000000000.0000 -10000000000.0000 -10000000000.0000 -10000000000.0000 -10000000000.0000 -10000000000.0000 -10000000000.0000 -10000000000.0000 -10000000000.0000;
207:  0.0090   0.0270   0.0460   0.0720   0.1060   0.1480   0.2030   0.2680   0.3260   0.3890   0.4800   0.5790 -10000000000.0000 -10000000000.0000 -10000000000.0000 -10000000000.0000 -10000000000.0000 -10000000000.0000 -10000000000.0000 -10000000000.0000 -10000000000.0000 -10000000000.0000 -10000000000.0000;
208:  0.0090   0.0270   0.0460   0.0720   0.1070   0.1480   0.2040   0.2680   0.3250   0.3880   0.4790   0.5770 -10000000000.0000 -10000000000.0000 -10000000000.0000 -10000000000.0000 -10000000000.0000 -10000000000.0000 -10000000000.0000 -10000000000.0000 -10000000000.0000 -10000000000.0000 -10000000000.0000;
209:  0.0090   0.0270   0.0470   0.0720   0.1070   0.1490   0.2040   0.2680   0.3250   0.3880   0.4780   0.5750 -10000000000.0000 -10000000000.0000 -10000000000.0000 -10000000000.0000 -10000000000.0000 -10000000000.0000 -10000000000.0000 -10000000000.0000 -10000000000.0000 -10000000000.0000 -10000000000.0000;
210:  0.0090   0.0270   0.0470   0.0720   0.1070   0.1490   0.2040   0.2680   0.3250   0.3870   0.4770   0.5730 -10000000000.0000 -10000000000.0000 -10000000000.0000 -10000000000.0000 -10000000000.0000 -10000000000.0000 -10000000000.0000 -10000000000.0000 -10000000000.0000 -10000000000.0000 -10000000000.0000;
211:  0.0090   0.0270   0.0470   0.0720   0.1070   0.1490   0.2040   0.2680   0.3250   0.3870   0.4760   0.5720 -10000000000.0000 -10000000000.0000 -10000000000.0000 -10000000000.0000 -10000000000.0000 -10000000000.0000 -10000000000.0000 -10000000000.0000 -10000000000.0000 -10000000000.0000 -10000000000.0000;
212:  0.0090   0.0270   0.0470   0.0720   0.1070   0.1490   0.2050   0.2680   0.3250   0.3860   0.4750   0.5700 -10000000000.0000 -10000000000.0000 -10000000000.0000 -10000000000.0000 -10000000000.0000 -10000000000.0000 -10000000000.0000 -10000000000.0000 -10000000000.0000 -10000000000.0000 -10000000000.0000;
213:  0.0090   0.0270   0.0470   0.0730   0.1080   0.1500   0.2050   0.2690   0.3250   0.3860   0.4740   0.5680 -10000000000.0000 -10000000000.0000 -10000000000.0000 -10000000000.0000 -10000000000.0000 -10000000000.0000 -10000000000.0000 -10000000000.0000 -10000000000.0000 -10000000000.0000 -10000000000.0000;
214:  0.0090   0.0270   0.0470   0.0730   0.1080   0.1500   0.2050   0.2690   0.3250   0.3860   0.4730   0.5670 -10000000000.0000 -10000000000.0000 -10000000000.0000 -10000000000.0000 -10000000000.0000 -10000000000.0000 -10000000000.0000 -10000000000.0000 -10000000000.0000 -10000000000.0000 -10000000000.0000;
215:  0.0090   0.0270   0.0470   0.0730   0.1080   0.1510   0.2060   0.2690   0.3250   0.3860   0.4730   0.5650 -10000000000.0000 -10000000000.0000 -10000000000.0000 -10000000000.0000 -10000000000.0000 -10000000000.0000 -10000000000.0000 -10000000000.0000 -10000000000.0000 -10000000000.0000 -10000000000.0000;
216:  0.0090   0.0270   0.0470   0.0730   0.1090   0.1510   0.2060   0.2700   0.3250   0.3860   0.4720   0.5640 -10000000000.0000 -10000000000.0000 -10000000000.0000 -10000000000.0000 -10000000000.0000 -10000000000.0000 -10000000000.0000 -10000000000.0000 -10000000000.0000 -10000000000.0000 -10000000000.0000;
217:  0.0090   0.0280   0.0470   0.0730   0.1090   0.1510   0.2070   0.2700   0.3250   0.3860   0.4710   0.5620 -10000000000.0000 -10000000000.0000 -10000000000.0000 -10000000000.0000 -10000000000.0000 -10000000000.0000 -10000000000.0000 -10000000000.0000 -10000000000.0000 -10000000000.0000 -10000000000.0000;
218:  0.0100   0.0280   0.0480   0.0740   0.1090   0.1520   0.2070   0.2700   0.3260   0.3850   0.4710   0.5610 -10000000000.0000 -10000000000.0000 -10000000000.0000 -10000000000.0000 -10000000000.0000 -10000000000.0000 -10000000000.0000 -10000000000.0000 -10000000000.0000 -10000000000.0000 -10000000000.0000;
219:  0.0100   0.0280   0.0480   0.0740   0.1100   0.1520   0.2070   0.2710   0.3260   0.3850   0.4700   0.5600 -10000000000.0000 -10000000000.0000 -10000000000.0000 -10000000000.0000 -10000000000.0000 -10000000000.0000 -10000000000.0000 -10000000000.0000 -10000000000.0000 -10000000000.0000 -10000000000.0000;
220:  0.0100   0.0280   0.0480   0.0740   0.1100   0.1520   0.2080   0.2710   0.3260   0.3860   0.4700   0.5590 -10000000000.0000 -10000000000.0000 -10000000000.0000 -10000000000.0000 -10000000000.0000 -10000000000.0000 -10000000000.0000 -10000000000.0000 -10000000000.0000 -10000000000.0000 -10000000000.0000;
221:  0.0100   0.0280   0.0480   0.0740   0.1100   0.1530   0.2090   0.2720   0.3260   0.3850   0.4690   0.5580 -10000000000.0000 -10000000000.0000 -10000000000.0000 -10000000000.0000 -10000000000.0000 -10000000000.0000 -10000000000.0000 -10000000000.0000 -10000000000.0000 -10000000000.0000 -10000000000.0000;
222:  0.0100   0.0280   0.0480   0.0750   0.1110   0.1530   0.2090   0.2720   0.3270   0.3860   0.4690   0.5570 -10000000000.0000 -10000000000.0000 -10000000000.0000 -10000000000.0000 -10000000000.0000 -10000000000.0000 -10000000000.0000 -10000000000.0000 -10000000000.0000 -10000000000.0000 -10000000000.0000;
223:  0.0100   0.0280   0.0480   0.0750   0.1110   0.1540   0.2100   0.2730   0.3270   0.3860   0.4690   0.5570 -10000000000.0000 -10000000000.0000 -10000000000.0000 -10000000000.0000 -10000000000.0000 -10000000000.0000 -10000000000.0000 -10000000000.0000 -10000000000.0000 -10000000000.0000 -10000000000.0000;
224:  0.0100   0.0280   0.0480   0.0750   0.1110   0.1540   0.2100   0.2730   0.3270   0.3860   0.4680   0.5560 -10000000000.0000 -10000000000.0000 -10000000000.0000 -10000000000.0000 -10000000000.0000 -10000000000.0000 -10000000000.0000 -10000000000.0000 -10000000000.0000 -10000000000.0000 -10000000000.0000;
225:  0.0100   0.0280   0.0490   0.0750   0.1120   0.1550   0.2110   0.2740   0.3270   0.3860   0.4680   0.5550 -10000000000.0000 -10000000000.0000 -10000000000.0000 -10000000000.0000 -10000000000.0000 -10000000000.0000 -10000000000.0000 -10000000000.0000 -10000000000.0000 -10000000000.0000 -10000000000.0000;
226:  0.0100   0.0280   0.0490   0.0760   0.1120   0.1550   0.2110   0.2740   0.3280   0.3860   0.4680   0.5550 -10000000000.0000 -10000000000.0000 -10000000000.0000 -10000000000.0000 -10000000000.0000 -10000000000.0000 -10000000000.0000 -10000000000.0000 -10000000000.0000 -10000000000.0000 -10000000000.0000;
227:  0.0100   0.0280   0.0490   0.0760   0.1120   0.1550   0.2120   0.2750   0.3280   0.3860   0.4680   0.5540 -10000000000.0000 -10000000000.0000 -10000000000.0000 -10000000000.0000 -10000000000.0000 -10000000000.0000 -10000000000.0000 -10000000000.0000 -10000000000.0000 -10000000000.0000 -10000000000.0000;
228:  0.0100   0.0280   0.0490   0.0760   0.1130   0.1560   0.2120   0.2750   0.3280   0.3860   0.4680   0.5540 -10000000000.0000 -10000000000.0000 -10000000000.0000 -10000000000.0000 -10000000000.0000 -10000000000.0000 -10000000000.0000 -10000000000.0000 -10000000000.0000 -10000000000.0000 -10000000000.0000;
229:  0.0100   0.0280   0.0490   0.0760   0.1130   0.1560   0.2130   0.2760   0.3290   0.3860   0.4680   0.5540 -10000000000.0000 -10000000000.0000 -10000000000.0000 -10000000000.0000 -10000000000.0000 -10000000000.0000 -10000000000.0000 -10000000000.0000 -10000000000.0000 -10000000000.0000 -10000000000.0000;
230:  0.0100   0.0290   0.0490   0.0770   0.1140   0.1570   0.2130   0.2760   0.3290   0.3860   0.4680   0.5530 -10000000000.0000 -10000000000.0000 -10000000000.0000 -10000000000.0000 -10000000000.0000 -10000000000.0000 -10000000000.0000 -10000000000.0000 -10000000000.0000 -10000000000.0000 -10000000000.0000;
231:  0.0100   0.0290   0.0500   0.0770   0.1140   0.1570   0.2130   0.2760   0.3290   0.3870   0.4670   0.5530 -10000000000.0000 -10000000000.0000 -10000000000.0000 -10000000000.0000 -10000000000.0000 -10000000000.0000 -10000000000.0000 -10000000000.0000 -10000000000.0000 -10000000000.0000 -10000000000.0000;
232:  0.0100   0.0290   0.0500   0.0770   0.1140   0.1580   0.2140   0.2770   0.3290   0.3870   0.4670   0.5530 -10000000000.0000 -10000000000.0000 -10000000000.0000 -10000000000.0000 -10000000000.0000 -10000000000.0000 -10000000000.0000 -10000000000.0000 -10000000000.0000 -10000000000.0000 -10000000000.0000;
233:  0.0100   0.0290   0.0500   0.0770   0.1150   0.1580   0.2140   0.2770   0.3300   0.3870   0.4670   0.5530   0.6410 -10000000000.0000 -10000000000.0000 -10000000000.0000 -10000000000.0000 -10000000000.0000 -10000000000.0000 -10000000000.0000 -10000000000.0000 -10000000000.0000 -10000000000.0000;
234:  0.0100   0.0290   0.0500   0.0780   0.1150   0.1590   0.2150   0.2770   0.3300   0.3870   0.4670   0.5530   0.6390 -10000000000.0000 -10000000000.0000 -10000000000.0000 -10000000000.0000 -10000000000.0000 -10000000000.0000 -10000000000.0000 -10000000000.0000 -10000000000.0000 -10000000000.0000;
235:  0.0100   0.0290   0.0500   0.0780   0.1150   0.1590   0.2150   0.2780   0.3300   0.3870   0.4670   0.5520   0.6370 -10000000000.0000 -10000000000.0000 -10000000000.0000 -10000000000.0000 -10000000000.0000 -10000000000.0000 -10000000000.0000 -10000000000.0000 -10000000000.0000 -10000000000.0000;
236:  0.0100   0.0290   0.0500   0.0780   0.1160   0.1590   0.2150   0.2780   0.3300   0.3870   0.4670   0.5520   0.6350 -10000000000.0000 -10000000000.0000 -10000000000.0000 -10000000000.0000 -10000000000.0000 -10000000000.0000 -10000000000.0000 -10000000000.0000 -10000000000.0000 -10000000000.0000;
237:  0.0100   0.0290   0.0510   0.0780   0.1160   0.1600   0.2160   0.2780   0.3300   0.3870   0.4670   0.5520   0.6330 -10000000000.0000 -10000000000.0000 -10000000000.0000 -10000000000.0000 -10000000000.0000 -10000000000.0000 -10000000000.0000 -10000000000.0000 -10000000000.0000 -10000000000.0000;
238:  0.0100   0.0290   0.0510   0.0790   0.1170   0.1600   0.2160   0.2780   0.3300   0.3870   0.4670   0.5520   0.6320   0.7280 -10000000000.0000 -10000000000.0000 -10000000000.0000 -10000000000.0000 -10000000000.0000 -10000000000.0000 -10000000000.0000 -10000000000.0000 -10000000000.0000;
239:  0.0100   0.0290   0.0510   0.0790   0.1170   0.1610   0.2160   0.2780   0.3310   0.3870   0.4660   0.5510   0.6300   0.7240 -10000000000.0000 -10000000000.0000 -10000000000.0000 -10000000000.0000 -10000000000.0000 -10000000000.0000 -10000000000.0000 -10000000000.0000 -10000000000.0000;
240:  0.0110   0.0300   0.0510   0.0790   0.1170   0.1610   0.2160   0.2780   0.3310   0.3870   0.4660   0.5510   0.6290   0.7200 -10000000000.0000 -10000000000.0000 -10000000000.0000 -10000000000.0000 -10000000000.0000 -10000000000.0000 -10000000000.0000 -10000000000.0000 -10000000000.0000;
241:  0.0110   0.0300   0.0520   0.0800   0.1180   0.1610   0.2160   0.2780   0.3310   0.3880   0.4670   0.5510   0.6270   0.7170 -10000000000.0000 -10000000000.0000 -10000000000.0000 -10000000000.0000 -10000000000.0000 -10000000000.0000 -10000000000.0000 -10000000000.0000 -10000000000.0000;
242:  0.0110   0.0300   0.0520   0.0800   0.1180   0.1620   0.2160   0.2780   0.3310   0.3870   0.4660   0.5510   0.6260   0.7130 -10000000000.0000 -10000000000.0000 -10000000000.0000 -10000000000.0000 -10000000000.0000 -10000000000.0000 -10000000000.0000 -10000000000.0000 -10000000000.0000;
243:  0.0110   0.0300   0.0520   0.0800   0.1180   0.1620   0.2170   0.2780   0.3310   0.3880   0.4660   0.5510   0.6250   0.7100   0.8050 -10000000000.0000 -10000000000.0000 -10000000000.0000 -10000000000.0000 -10000000000.0000 -10000000000.0000 -10000000000.0000 -10000000000.0000;
244:  0.0110   0.0300   0.0520   0.0800   0.1190   0.1630   0.2170   0.2780   0.3310   0.3870   0.4660   0.5510   0.6240   0.7070   0.8010 -10000000000.0000 -10000000000.0000 -10000000000.0000 -10000000000.0000 -10000000000.0000 -10000000000.0000 -10000000000.0000 -10000000000.0000;
245:  0.0110   0.0300   0.0520   0.0810   0.1190   0.1630   0.2170   0.2770   0.3310   0.3880   0.4660   0.5500   0.6230   0.7040   0.7970   0.8940 -10000000000.0000 -10000000000.0000 -10000000000.0000 -10000000000.0000 -10000000000.0000 -10000000000.0000 -10000000000.0000;
246:  0.0110   0.0300   0.0520   0.0810   0.1190   0.1630   0.2170   0.2780   0.3310   0.3870   0.4660   0.5500   0.6210   0.7020   0.7940   0.8900 -10000000000.0000 -10000000000.0000 -10000000000.0000 -10000000000.0000 -10000000000.0000 -10000000000.0000 -10000000000.0000;
247:  0.0110   0.0300   0.0530   0.0810   0.1190   0.1630   0.2170   0.2770   0.3310   0.3870   0.4650   0.5500   0.6210   0.6990   0.7900   0.8870 -10000000000.0000 -10000000000.0000 -10000000000.0000 -10000000000.0000 -10000000000.0000 -10000000000.0000 -10000000000.0000;
248:  0.0110   0.0300   0.0530   0.0810   0.1200   0.1640   0.2170   0.2770   0.3310   0.3870   0.4650   0.5490   0.6200   0.6970   0.7870   0.8830 -10000000000.0000 -10000000000.0000 -10000000000.0000 -10000000000.0000 -10000000000.0000 -10000000000.0000 -10000000000.0000;
249:  0.0110   0.0300   0.0530   0.0820   0.1200   0.1640   0.2170   0.2770   0.3300   0.3870   0.4650   0.5490   0.6190   0.6960   0.7840   0.8800   0.9820   1.0910 -10000000000.0000 -10000000000.0000 -10000000000.0000 -10000000000.0000 -10000000000.0000;
250:  0.0110   0.0300   0.0530   0.0820   0.1200   0.1640   0.2170   0.2770   0.3310   0.3870   0.4650   0.5480   0.6190   0.6940   0.7810   0.8770   0.9790   1.0900 -10000000000.0000 -10000000000.0000 -10000000000.0000 -10000000000.0000 -10000000000.0000;
251:  0.0110   0.0300   0.0530   0.0820   0.1210   0.1650   0.2170   0.2760   0.3310   0.3870   0.4640   0.5480   0.6180   0.6930   0.7790   0.8740   0.9770   1.0880 -10000000000.0000 -10000000000.0000 -10000000000.0000 -10000000000.0000 -10000000000.0000;
252:  0.0110   0.0300   0.0530   0.0820   0.1210   0.1650   0.2170   0.2760   0.3310   0.3870   0.4640   0.5480   0.6170   0.6920   0.7780   0.8710   0.9740   1.0870 -10000000000.0000 -10000000000.0000 -10000000000.0000 -10000000000.0000 -10000000000.0000;
253:  0.0110   0.0310   0.0540   0.0830   0.1210   0.1650   0.2160   0.2760   0.3300   0.3870   0.4640   0.5480   0.6170   0.6910   0.7760   0.8690   0.9720   1.0860 -10000000000.0000 -10000000000.0000 -10000000000.0000 -10000000000.0000 -10000000000.0000;
254:  0.0110   0.0310   0.0540   0.0830   0.1210   0.1650   0.2170   0.2760   0.3300   0.3870   0.4640   0.5470   0.6170   0.6900   0.7750   0.8670   0.9700   1.0840 -10000000000.0000 -10000000000.0000 -10000000000.0000 -10000000000.0000 -10000000000.0000;
255:  0.0110   0.0310   0.0540   0.0830   0.1210   0.1650   0.2160   0.2760   0.3300   0.3870   0.4630   0.5470   0.6160   0.6900   0.7740   0.8650   0.9680   1.0830 -10000000000.0000 -10000000000.0000 -10000000000.0000 -10000000000.0000 -10000000000.0000;
256:  0.0110   0.0310   0.0540   0.0830   0.1220   0.1650   0.2160   0.2760   0.3300   0.3870   0.4630   0.5460   0.6160   0.6900   0.7730   0.8630   0.9670   1.0810 -10000000000.0000 -10000000000.0000 -10000000000.0000 -10000000000.0000 -10000000000.0000;
257:  0.0110   0.0310   0.0540   0.0830   0.1220   0.1650   0.2160   0.2750   0.3300   0.3870   0.4630   0.5460   0.6160   0.6890   0.7720   0.8620   0.9650   1.0800 -10000000000.0000 -10000000000.0000 -10000000000.0000 -10000000000.0000 -10000000000.0000;
258:  0.0110   0.0310   0.0540   0.0840   0.1220   0.1660   0.2160   0.2750   0.3300   0.3870   0.4630   0.5460   0.6160   0.6900   0.7720   0.8610   0.9640   1.0780 -10000000000.0000 -10000000000.0000 -10000000000.0000 -10000000000.0000 -10000000000.0000;
259:  0.0110   0.0310   0.0540   0.0840   0.1220   0.1660   0.2160   0.2750   0.3310   0.3870   0.4630   0.5450   0.6150   0.6900   0.7720   0.8600   0.9630   1.0760 -10000000000.0000 -10000000000.0000 -10000000000.0000 -10000000000.0000 -10000000000.0000;
260:  0.0110   0.0310   0.0540   0.0840   0.1220   0.1660   0.2160   0.2750   0.3310   0.3870   0.4630   0.5450   0.6160   0.6900   0.7720   0.8590   0.9620   1.0750 -10000000000.0000 -10000000000.0000 -10000000000.0000 -10000000000.0000 -10000000000.0000;
261:  0.0110   0.0310   0.0540   0.0840   0.1220   0.1660   0.2160   0.2750   0.3310   0.3870   0.4630   0.5450   0.6160   0.6910   0.7720   0.8590   0.9610   1.0730 -10000000000.0000 -10000000000.0000 -10000000000.0000 -10000000000.0000 -10000000000.0000;
262:  0.0110   0.0310   0.0540   0.0840   0.1230   0.1660   0.2160   0.2750   0.3310   0.3870   0.4620   0.5450   0.6160   0.6910   0.7730   0.8590   0.9610   1.0720 -10000000000.0000 -10000000000.0000 -10000000000.0000 -10000000000.0000 -10000000000.0000;
263:  0.0110   0.0310   0.0540   0.0840   0.1230   0.1660   0.2160   0.2750   0.3310   0.3870   0.4620   0.5450   0.6160   0.6920   0.7730   0.8590   0.9610   1.0710 -10000000000.0000 -10000000000.0000 -10000000000.0000 -10000000000.0000 -10000000000.0000;
264:  0.0110   0.0310   0.0540   0.0840   0.1230   0.1660   0.2160   0.2750   0.3310   0.3870   0.4630   0.5450   0.6170   0.6930   0.7750   0.8600   0.9610   1.0700 -10000000000.0000 -10000000000.0000 -10000000000.0000 -10000000000.0000 -10000000000.0000;
265:  0.0110   0.0310   0.0540   0.0840   0.1230   0.1660   0.2160   0.2750   0.3320   0.3870   0.4620   0.5450   0.6170   0.6940   0.7760   0.8610   0.9620   1.0690 -10000000000.0000 -10000000000.0000 -10000000000.0000 -10000000000.0000 -10000000000.0000;
266:  0.0110   0.0310   0.0540   0.0840   0.1230   0.1660   0.2160   0.2760   0.3320   0.3880   0.4630   0.5450   0.6170   0.6940   0.7770   0.8620   0.9620   1.0680 -10000000000.0000 -10000000000.0000 -10000000000.0000 -10000000000.0000 -10000000000.0000;
267:  0.0110   0.0310   0.0540   0.0840   0.1230   0.1660   0.2160   0.2760   0.3320   0.3880   0.4630   0.5450   0.6170   0.6960   0.7790   0.8630   0.9630   1.0680 -10000000000.0000 -10000000000.0000 -10000000000.0000 -10000000000.0000 -10000000000.0000;
268:  0.0110   0.0310   0.0540   0.0840   0.1230   0.1660   0.2170   0.2760   0.3320   0.3880   0.4630   0.5450   0.6180   0.6970   0.7800   0.8640   0.9640   1.0680 -10000000000.0000 -10000000000.0000 -10000000000.0000 -10000000000.0000 -10000000000.0000;
269:  0.0110   0.0310   0.0540   0.0840   0.1230   0.1660   0.2170   0.2760   0.3320   0.3880   0.4630   0.5460   0.6190   0.6980   0.7820   0.8660   0.9650   1.0690 -10000000000.0000 -10000000000.0000 -10000000000.0000 -10000000000.0000 -10000000000.0000;
270:  0.0110   0.0310   0.0540   0.0840   0.1230   0.1660   0.2170   0.2760   0.3330   0.3880   0.4640   0.5460   0.6200   0.6990   0.7840   0.8680   0.9670   1.0700 -10000000000.0000 -10000000000.0000 -10000000000.0000 -10000000000.0000 -10000000000.0000;
271:  0.0110   0.0310   0.0540   0.0840   0.1230   0.1660   0.2170   0.2770   0.3330   0.3890   0.4640   0.5460   0.6200   0.7010   0.7860   0.8700   0.9690   1.0710 -10000000000.0000 -10000000000.0000 -10000000000.0000 -10000000000.0000 -10000000000.0000;
272:  0.0110   0.0310   0.0540   0.0840   0.1230   0.1660   0.2170   0.2770   0.3330   0.3890   0.4650   0.5470   0.6210   0.7020   0.7880   0.8730   0.9710   1.0740 -10000000000.0000 -10000000000.0000 -10000000000.0000 -10000000000.0000 -10000000000.0000;
273:  0.0110   0.0310   0.0540   0.0840   0.1230   0.1660   0.2170   0.2770   0.3340   0.3900   0.4650   0.5480   0.6220   0.7030   0.7900   0.8750   0.9740   1.0760 -10000000000.0000 -10000000000.0000 -10000000000.0000 -10000000000.0000 -10000000000.0000;
274:  0.0110   0.0310   0.0540   0.0840   0.1230   0.1660   0.2180   0.2780   0.3340   0.3900   0.4660   0.5490   0.6230   0.7040   0.7920   0.8780   0.9770   1.0800 -10000000000.0000 -10000000000.0000 -10000000000.0000 -10000000000.0000 -10000000000.0000;
275:  0.0110   0.0310   0.0540   0.0840   0.1230   0.1660   0.2180   0.2780   0.3340   0.3910   0.4660   0.5500   0.6240   0.7060   0.7940   0.8810   0.9800   1.0830 -10000000000.0000 -10000000000.0000 -10000000000.0000 -10000000000.0000 -10000000000.0000;
276:  0.0110   0.0310   0.0540   0.0840   0.1230   0.1660   0.2180   0.2790   0.3350   0.3910   0.4670   0.5510   0.6250   0.7080   0.7970   0.8840   0.9830   1.0870 -10000000000.0000 -10000000000.0000 -10000000000.0000 -10000000000.0000 -10000000000.0000;
277:  0.0110   0.0310   0.0540   0.0840   0.1220   0.1660   0.2180   0.2790   0.3350   0.3910   0.4680   0.5520   0.6260   0.7090   0.7990   0.8870   0.9870   1.0920 -10000000000.0000 -10000000000.0000 -10000000000.0000 -10000000000.0000 -10000000000.0000;
278:  0.0110   0.0310   0.0540   0.0840   0.1220   0.1660   0.2180   0.2790   0.3350   0.3920   0.4690   0.5530   0.6280   0.7110   0.8020   0.8910   0.9900   1.0980 -10000000000.0000 -10000000000.0000 -10000000000.0000 -10000000000.0000 -10000000000.0000;
279:  0.0110   0.0310   0.0540   0.0840   0.1220   0.1660   0.2180   0.2800   0.3360   0.3930   0.4700   0.5540   0.6290   0.7130   0.8040   0.8940   0.9940   1.1030 -10000000000.0000 -10000000000.0000 -10000000000.0000 -10000000000.0000 -10000000000.0000;
280:  0.0110   0.0300   0.0540   0.0830   0.1220   0.1660   0.2190   0.2800   0.3360   0.3930   0.4710   0.5560   0.6300   0.7140   0.8070   0.8980   0.9980   1.1100 -10000000000.0000 -10000000000.0000 -10000000000.0000 -10000000000.0000 -10000000000.0000;
281:  0.0110   0.0300   0.0540   0.0830   0.1220   0.1660   0.2190   0.2800   0.3360   0.3940   0.4720   0.5570   0.6320   0.7160   0.8100   0.9020   1.0030   1.1170 -10000000000.0000 -10000000000.0000 -10000000000.0000 -10000000000.0000 -10000000000.0000;
282:  0.0110   0.0300   0.0530   0.0830   0.1220   0.1650   0.2190   0.2810   0.3370   0.3940   0.4730   0.5580   0.6340   0.7180   0.8120   0.9050   1.0080   1.1250 -10000000000.0000 -10000000000.0000 -10000000000.0000 -10000000000.0000 -10000000000.0000;
283:  0.0110   0.0300   0.0530   0.0830   0.1210   0.1650   0.2190   0.2810   0.3370   0.3950   0.4740   0.5600   0.6350   0.7200   0.8160   0.9100   1.0130   1.1330 -10000000000.0000 -10000000000.0000 -10000000000.0000 -10000000000.0000 -10000000000.0000;
284:  0.0110   0.0300   0.0530   0.0830   0.1210   0.1650   0.2190   0.2820   0.3370   0.3950   0.4750   0.5620   0.6370   0.7220   0.8180   0.9140   1.0180   1.1410 -10000000000.0000 -10000000000.0000 -10000000000.0000 -10000000000.0000 -10000000000.0000;
285:  0.0110   0.0300   0.0530   0.0820   0.1210   0.1650   0.2190   0.2820   0.3370   0.3960   0.4760   0.5630   0.6390   0.7240   0.8210   0.9180   1.0240   1.1500 -10000000000.0000 -10000000000.0000 -10000000000.0000 -10000000000.0000 -10000000000.0000;
286:  0.0110   0.0300   0.0530   0.0820   0.1210   0.1650   0.2190   0.2820   0.3370   0.3960   0.4780   0.5650   0.6410   0.7270   0.8250   0.9220   1.0300   1.1590 -10000000000.0000 -10000000000.0000 -10000000000.0000 -10000000000.0000 -10000000000.0000;
287:  0.0110   0.0300   0.0530   0.0820   0.1200   0.1640   0.2190   0.2830   0.3380   0.3970   0.4790   0.5670   0.6430   0.7290   0.8280   0.9270   1.0360   1.1690 -10000000000.0000 -10000000000.0000 -10000000000.0000 -10000000000.0000 -10000000000.0000;
288:  0.0110   0.0300   0.0530   0.0820   0.1200   0.1640   0.2190   0.2830   0.3380   0.3980   0.4800   0.5690   0.6450   0.7310   0.8310   0.9310   1.0420   1.1790 -10000000000.0000 -10000000000.0000 -10000000000.0000 -10000000000.0000 -10000000000.0000;
289:  0.0110   0.0300   0.0530   0.0810   0.1200   0.1640   0.2190   0.2830   0.3380   0.3980   0.4810   0.5700   0.6470   0.7340   0.8340   0.9360   1.0480   1.1890 -10000000000.0000 -10000000000.0000 -10000000000.0000 -10000000000.0000 -10000000000.0000;
290:  0.0110   0.0300   0.0520   0.0810   0.1200   0.1640   0.2190   0.2830   0.3390   0.3990   0.4820   0.5720   0.6490   0.7360   0.8370   0.9410   1.0550   1.1990 -10000000000.0000 -10000000000.0000 -10000000000.0000 -10000000000.0000 -10000000000.0000;
291:  0.0110   0.0300   0.0520   0.0810   0.1190   0.1630   0.2190   0.2830   0.3390   0.3990   0.4830   0.5740   0.6510   0.7390   0.8410   0.9460   1.0620   1.2090 -10000000000.0000 -10000000000.0000 -10000000000.0000 -10000000000.0000 -10000000000.0000;
292:  0.0100   0.0300   0.0520   0.0810   0.1190   0.1630   0.2190   0.2830   0.3390   0.3990   0.4850   0.5760   0.6540   0.7420   0.8440   0.9510   1.0700   1.2200 -10000000000.0000 -10000000000.0000 -10000000000.0000 -10000000000.0000 -10000000000.0000;
293:  0.0100   0.0290   0.0520   0.0810   0.1190   0.1630   0.2190   0.2840   0.3390   0.4000   0.4860   0.5780   0.6560   0.7450   0.8480   0.9560   1.0770   1.2300 -10000000000.0000 -10000000000.0000 -10000000000.0000 -10000000000.0000 -10000000000.0000;
294:  0.0100   0.0290   0.0520   0.0800   0.1190   0.1630   0.2190   0.2840   0.3390   0.4000   0.4870   0.5800   0.6580   0.7480   0.8520   0.9610   1.0840   1.2400 -10000000000.0000 -10000000000.0000 -10000000000.0000 -10000000000.0000 -10000000000.0000;
295:  0.0100   0.0290   0.0520   0.0800   0.1180   0.1620   0.2190   0.2840   0.3390   0.4010   0.4880   0.5820   0.6610   0.7510   0.8550   0.9670   1.0920   1.2500 -10000000000.0000 -10000000000.0000 -10000000000.0000 -10000000000.0000 -10000000000.0000;
296:  0.0100   0.0290   0.0510   0.0800   0.1180   0.1620   0.2190   0.2840   0.3390   0.4010   0.4890   0.5830   0.6630   0.7540   0.8590   0.9720   1.1000   1.2600 -10000000000.0000 -10000000000.0000 -10000000000.0000 -10000000000.0000 -10000000000.0000;
297:  0.0100   0.0290   0.0510   0.0800   0.1180   0.1620   0.2190   0.2840   0.3400   0.4020   0.4900   0.5850   0.6650   0.7570   0.8630   0.9770   1.1080   1.2700 -10000000000.0000 -10000000000.0000 -10000000000.0000 -10000000000.0000 -10000000000.0000;
298:  0.0100   0.0290   0.0510   0.0790   0.1170   0.1610   0.2180   0.2840   0.3400   0.4020   0.4910   0.5870   0.6680   0.7610   0.8670   0.9830   1.1150   1.2790 -10000000000.0000 -10000000000.0000 -10000000000.0000 -10000000000.0000 -10000000000.0000;
299:  0.0100   0.0290   0.0510   0.0790   0.1170   0.1610   0.2180   0.2840   0.3400   0.4030   0.4920   0.5890   0.6710   0.7640   0.8720   0.9880   1.1240   1.2890 -10000000000.0000 -10000000000.0000 -10000000000.0000 -10000000000.0000 -10000000000.0000;
300:  0.0100   0.0290   0.0510   0.0790   0.1170   0.1600   0.2180   0.2830   0.3400   0.4030   0.4930   0.5910   0.6730   0.7680   0.8760   0.9940   1.1320   1.2970 -10000000000.0000 -10000000000.0000 -10000000000.0000 -10000000000.0000 -10000000000.0000;
301:  0.0100   0.0290   0.0510   0.0790   0.1160   0.1600   0.2180   0.2830   0.3400   0.4030   0.4930   0.5920   0.6760   0.7710   0.8800   1.0000   1.1400   1.3060 -10000000000.0000 -10000000000.0000 -10000000000.0000 -10000000000.0000 -10000000000.0000;
302:  0.0100   0.0290   0.0510   0.0780   0.1160   0.1600   0.2170   0.2830   0.3400   0.4030   0.4940   0.5940   0.6780   0.7740   0.8850   1.0060   1.1480   1.3150 -10000000000.0000 -10000000000.0000 -10000000000.0000 -10000000000.0000 -10000000000.0000;
303:  0.0100   0.0290   0.0500   0.0780   0.1160   0.1590   0.2170   0.2830   0.3400   0.4040   0.4950   0.5950   0.6810   0.7780   0.8890   1.0120   1.1560   1.3230 -10000000000.0000 -10000000000.0000 -10000000000.0000 -10000000000.0000 -10000000000.0000;
304:  0.0100   0.0280   0.0500   0.0780   0.1150   0.1590   0.2170   0.2830   0.3400   0.4040   0.4960   0.5970   0.6830   0.7810   0.8930   1.0180   1.1640   1.3310 -10000000000.0000 -10000000000.0000 -10000000000.0000 -10000000000.0000 -10000000000.0000;
305:  0.0100   0.0280   0.0500   0.0780   0.1150   0.1580   0.2160   0.2830   0.3400   0.4040   0.4960   0.5990   0.6860   0.7850   0.8980   1.0240   1.1730   1.3390 -10000000000.0000 -10000000000.0000 -10000000000.0000 -10000000000.0000 -10000000000.0000;
306:  0.0100   0.0280   0.0500   0.0770   0.1150   0.1580   0.2160   0.2830   0.3400   0.4050   0.4970   0.5990   0.6880   0.7880   0.9020   1.0300   1.1810   1.3460 -10000000000.0000 -10000000000.0000 -10000000000.0000 -10000000000.0000 -10000000000.0000;
307:  0.0100   0.0280   0.0500   0.0770   0.1140   0.1580   0.2160   0.2820   0.3400   0.4050   0.4980   0.6010   0.6900   0.7910   0.9070   1.0350   1.1890   1.3540 -10000000000.0000 -10000000000.0000 -10000000000.0000 -10000000000.0000 -10000000000.0000;
308:  0.0100   0.0280   0.0500   0.0770   0.1140   0.1570   0.2150   0.2820   0.3400   0.4050   0.4980   0.6030   0.6920   0.7950   0.9110   1.0420   1.1970   1.3610 -10000000000.0000 -10000000000.0000 -10000000000.0000 -10000000000.0000 -10000000000.0000;
309:  0.0090   0.0280   0.0490   0.0770   0.1140   0.1570   0.2150   0.2820   0.3400   0.4050   0.4990   0.6040   0.6950   0.7990   0.9160   1.0480   1.2040   1.3680 -10000000000.0000 -10000000000.0000 -10000000000.0000 -10000000000.0000 -10000000000.0000;
310:  0.0090   0.0280   0.0490   0.0770   0.1130   0.1560   0.2150   0.2820   0.3400   0.4050   0.4990   0.6050   0.6970   0.8020   0.9210   1.0550   1.2130   1.3760 -10000000000.0000 -10000000000.0000 -10000000000.0000 -10000000000.0000 -10000000000.0000;
311:  0.0090   0.0280   0.0490   0.0760   0.1130   0.1560   0.2140   0.2810   0.3400   0.4060   0.5000   0.6060   0.6990   0.8050   0.9250   1.0600   1.2200   1.3820 -10000000000.0000 -10000000000.0000 -10000000000.0000 -10000000000.0000 -10000000000.0000;
312:  0.0090   0.0280   0.0490   0.0760   0.1130   0.1560   0.2140   0.2810   0.3400   0.4060   0.5000   0.6070   0.7010   0.8090   0.9300   1.0660   1.2280   1.3890 -10000000000.0000 -10000000000.0000 -10000000000.0000 -10000000000.0000 -10000000000.0000;
313:  0.0090   0.0280   0.0490   0.0760   0.1120   0.1550   0.2140   0.2810   0.3400   0.4060   0.5010   0.6090   0.7030   0.8120   0.9350   1.0730   1.2350   1.3960 -10000000000.0000 -10000000000.0000 -10000000000.0000 -10000000000.0000 -10000000000.0000;
314:  0.0090   0.0280   0.0490   0.0760   0.1120   0.1550   0.2130   0.2810   0.3400   0.4060   0.5010   0.6090   0.7050   0.8150   0.9390   1.0790   1.2420   1.4040 -10000000000.0000 -10000000000.0000 -10000000000.0000 -10000000000.0000 -10000000000.0000;
315:  0.0090   0.0270   0.0490   0.0750   0.1120   0.1550   0.2130   0.2810   0.3400   0.4060   0.5020   0.6110   0.7070   0.8180   0.9440   1.0850   1.2490   1.4100 -10000000000.0000 -10000000000.0000 -10000000000.0000 -10000000000.0000 -10000000000.0000;
316:  0.0090   0.0270   0.0480   0.0750   0.1110   0.1540   0.2130   0.2800   0.3400   0.4060   0.5020   0.6120   0.7090   0.8200   0.9480   1.0910   1.2560   1.4180 -10000000000.0000 -10000000000.0000 -10000000000.0000 -10000000000.0000 -10000000000.0000;
317:  0.0090   0.0270   0.0480   0.0750   0.1110   0.1540   0.2120   0.2800   0.3400   0.4070   0.5030   0.6130   0.7110   0.8240   0.9530   1.0970   1.2620   1.4250 -10000000000.0000 -10000000000.0000 -10000000000.0000 -10000000000.0000 -10000000000.0000;
318:  0.0090   0.0270   0.0480   0.0750   0.1110   0.1540   0.2120   0.2800   0.3400   0.4070   0.5030   0.6140   0.7130   0.8260   0.9570   1.1030   1.2680   1.4330 -10000000000.0000 -10000000000.0000 -10000000000.0000 -10000000000.0000 -10000000000.0000;
319:  0.0090   0.0270   0.0480   0.0750   0.1110   0.1530   0.2120   0.2800   0.3400   0.4070   0.5040   0.6140   0.7140   0.8290   0.9620   1.1080   1.2750   1.4400 -10000000000.0000 -10000000000.0000 -10000000000.0000 -10000000000.0000 -10000000000.0000;
320:  0.0090   0.0270   0.0480   0.0750   0.1100   0.1530   0.2110   0.2790   0.3400   0.4070   0.5040   0.6160   0.7170   0.8320   0.9660   1.1140   1.2810   1.4480   1.6220 -10000000000.0000 -10000000000.0000 -10000000000.0000 -10000000000.0000;
321:  0.0090   0.0270   0.0480   0.0740   0.1100   0.1530   0.2110   0.2790   0.3400   0.4070   0.5050   0.6170   0.7180   0.8350   0.9690   1.1190   1.2860   1.4560   1.6560 -10000000000.0000 -10000000000.0000 -10000000000.0000 -10000000000.0000;
322:  0.0090   0.0270   0.0480   0.0740   0.1100   0.1520   0.2110   0.2790   0.3400   0.4070   0.5050   0.6180   0.7190   0.8380   0.9730   1.1240   1.2910   1.4640   1.6860 -10000000000.0000 -10000000000.0000 -10000000000.0000 -10000000000.0000;
323:  0.0090   0.0270   0.0480   0.0740   0.1100   0.1520   0.2110   0.2790   0.3400   0.4080   0.5060   0.6190   0.7220   0.8400   0.9780   1.1300   1.2970   1.4730   1.7140 -10000000000.0000 -10000000000.0000 -10000000000.0000 -10000000000.0000;
324:  0.0090   0.0270   0.0470   0.0740   0.1100   0.1520   0.2110   0.2790   0.3400   0.4080   0.5060   0.6200   0.7230   0.8430   0.9820   1.1340   1.3020   1.4820   1.7380 -10000000000.0000 -10000000000.0000 -10000000000.0000 -10000000000.0000;
325:  0.0090   0.0270   0.0470   0.0740   0.1090   0.1520   0.2100   0.2790   0.3400   0.4080   0.5070   0.6210   0.7250   0.8450   0.9860   1.1400   1.3070   1.4900   1.7570   2.0150 -10000000000.0000 -10000000000.0000 -10000000000.0000;
326:  0.0090   0.0270   0.0470   0.0740   0.1090   0.1520   0.2100   0.2790   0.3400   0.4080   0.5080   0.6220   0.7270   0.8480   0.9890   1.1440   1.3110   1.4990   1.7730   2.0590 -10000000000.0000 -10000000000.0000 -10000000000.0000;
327:  0.0090   0.0270   0.0470   0.0730   0.1090   0.1520   0.2100   0.2790   0.3400   0.4080   0.5080   0.6230   0.7290   0.8500   0.9930   1.1480   1.3150   1.5070   1.7830   2.0920 -10000000000.0000 -10000000000.0000 -10000000000.0000;
328:  0.0090   0.0270   0.0470   0.0730   0.1090   0.1520   0.2100   0.2790   0.3400   0.4090   0.5090   0.6250   0.7300   0.8530   0.9960   1.1520   1.3200   1.5160   1.7900   2.1150 -10000000000.0000 -10000000000.0000 -10000000000.0000;
329:  0.0090   0.0270   0.0470   0.0730   0.1080   0.1510   0.2100   0.2790   0.3400   0.4090   0.5100   0.6260   0.7320   0.8550   1.0000   1.1560   1.3240   1.5250   1.7940   2.1260   2.3700 -10000000000.0000 -10000000000.0000;
330:  0.0090   0.0260   0.0470   0.0730   0.1080   0.1510   0.2100   0.2780   0.3400   0.4090   0.5100   0.6270   0.7340   0.8580   1.0030   1.1600   1.3270   1.5330   1.7950   2.1290   2.4220 -10000000000.0000 -10000000000.0000;
331:  0.0090   0.0260   0.0470   0.0730   0.1080   0.1510   0.2100   0.2790   0.3400   0.4100   0.5110   0.6280   0.7360   0.8610   1.0060   1.1640   1.3310   1.5410   1.7940   2.1220   2.4560 -10000000000.0000 -10000000000.0000;
332:  0.0090   0.0260   0.0470   0.0730   0.1080   0.1510   0.2100   0.2790   0.3400   0.4100   0.5120   0.6300   0.7380   0.8630   1.0090   1.1680   1.3340   1.5490   1.7930   2.1080   2.4740   2.6530 -10000000000.0000;
333:  0.0090   0.0260   0.0460   0.0730   0.1080   0.1510   0.2100   0.2790   0.3400   0.4100   0.5130   0.6310   0.7400   0.8650   1.0120   1.1710   1.3380   1.5560   1.7910   2.0910   2.4800   2.6950 -10000000000.0000;
334:  0.0090   0.0260   0.0460   0.0720   0.1080   0.1510   0.2100   0.2790   0.3400   0.4110   0.5130   0.6320   0.7420   0.8680   1.0150   1.1740   1.3410   1.5630   1.7910   2.0730   2.4740   2.7220 -10000000000.0000;
335:  0.0090   0.0260   0.0460   0.0720   0.1080   0.1510   0.2100   0.2790   0.3400   0.4110   0.5140   0.6340   0.7440   0.8700   1.0180   1.1770   1.3440   1.5690   1.7920   2.0550   2.4610   2.7370 -10000000000.0000;
336:  0.0090   0.0260   0.0460   0.0720   0.1080   0.1510   0.2100   0.2790   0.3400   0.4110   0.5150   0.6360   0.7460   0.8730   1.0210   1.1800   1.3470   1.5750   1.7940   2.0420   2.4450 -10000000000.0000 -10000000000.0000;
337:  0.0090   0.0260   0.0460   0.0720   0.1080   0.1510   0.2100   0.2790   0.3410   0.4120   0.5160   0.6370   0.7480   0.8760   1.0230   1.1820   1.3490   1.5800   1.7990   2.0330   2.4280 -10000000000.0000 -10000000000.0000;
338:  0.0090   0.0260   0.0460   0.0720   0.1080   0.1510   0.2110   0.2790   0.3410   0.4130   0.5170   0.6390   0.7510   0.8780   1.0260   1.1840   1.3520   1.5850   1.8050   2.0310   2.4140 -10000000000.0000 -10000000000.0000;
339:  0.0090   0.0260   0.0460   0.0720   0.1080   0.1510   0.2110   0.2790   0.3410   0.4130   0.5180   0.6400   0.7530   0.8810   1.0290   1.1870   1.3540   1.5870   1.8130   2.0360   2.4040 -10000000000.0000 -10000000000.0000;
340:  0.0090   0.0260   0.0460   0.0720   0.1080   0.1510   0.2110   0.2800   0.3410   0.4140   0.5190   0.6420   0.7550   0.8830   1.0310   1.1890   1.3570   1.5900   1.8220   2.0470   2.4010 -10000000000.0000 -10000000000.0000;
341:  0.0090   0.0260   0.0460   0.0720   0.1080   0.1510   0.2110   0.2800   0.3420   0.4140   0.5210   0.6440   0.7570   0.8850   1.0340   1.1910   1.3590   1.5910   1.8310   2.0640   2.4060   2.7120 -10000000000.0000;
342:  0.0090   0.0260   0.0460   0.0720   0.1080   0.1510   0.2110   0.2800   0.3420   0.4150   0.5220   0.6450   0.7590   0.8880   1.0370   1.1930   1.3620   1.5920   1.8400   2.0860   2.4190   2.7130 -10000000000.0000;
343:  0.0090   0.0260   0.0460   0.0720   0.1080   0.1510   0.2120   0.2810   0.3430   0.4160   0.5220   0.6470   0.7620   0.8910   1.0390   1.1950   1.3640   1.5910   1.8470   2.1090   2.4380   2.7210 -10000000000.0000;
344:  0.0090   0.0260   0.0460   0.0720   0.1080   0.1520   0.2120   0.2810   0.3430   0.4160   0.5240   0.6490   0.7640   0.8930   1.0410   1.1970   1.3660   1.5890   1.8530   2.1340   2.4620   2.7330 -10000000000.0000;
345:  0.0090   0.0260   0.0460   0.0720   0.1080   0.1520   0.2120   0.2810   0.3440   0.4170   0.5250   0.6500   0.7660   0.8960   1.0440   1.1990   1.3680   1.5860   1.8550   2.1570   2.4880   2.7500 -10000000000.0000;
346:  0.0090   0.0260   0.0460   0.0720   0.1080   0.1520   0.2120   0.2820   0.3440   0.4180   0.5260   0.6520   0.7680   0.8990   1.0460   1.2000   1.3700   1.5820   1.8540   2.1750   2.5140   2.7700 -10000000000.0000;
347:  0.0090   0.0260   0.0460   0.0720   0.1080   0.1520   0.2120   0.2820   0.3450   0.4190   0.5270   0.6540   0.7710   0.9010   1.0490   1.2030   1.3720   1.5760   1.8480   2.1880   2.5370   2.7880 -10000000000.0000;
348:  0.0090   0.0260   0.0460   0.0720   0.1080   0.1520   0.2130   0.2830   0.3450   0.4190   0.5280   0.6550   0.7730   0.9040   1.0510   1.2040   1.3740   1.5700   1.8380   2.1950   2.5570   2.8060 -10000000000.0000;
349:  0.0090   0.0260   0.0460   0.0720   0.1080   0.1520   0.2130   0.2830   0.3460   0.4200   0.5290   0.6570   0.7750   0.9060   1.0540   1.2060   1.3760   1.5620   1.8240   2.1940   2.5700 -10000000000.0000 -10000000000.0000;
350:  0.0090   0.0260   0.0460   0.0720   0.1080   0.1520   0.2130   0.2840   0.3470   0.4210   0.5300   0.6590   0.7770   0.9080   1.0550   1.2070   1.3780   1.5530   1.8060   2.1860   2.5770 -10000000000.0000 -10000000000.0000;
351:  0.0090   0.0260   0.0460   0.0720   0.1080   0.1530   0.2140   0.2840   0.3480   0.4220   0.5320   0.6610   0.7790   0.9110   1.0580   1.2090   1.3800   1.5430   1.7840 -10000000000.0000 -10000000000.0000 -10000000000.0000 -10000000000.0000;
352:  0.0090   0.0260   0.0460   0.0720   0.1080   0.1530   0.2140   0.2840   0.3480   0.4230   0.5330   0.6620   0.7810   0.9130   1.0600   1.2100   1.3810   1.5320 -10000000000.0000 -10000000000.0000 -10000000000.0000 -10000000000.0000 -10000000000.0000;
353:  0.0090   0.0260   0.0460   0.0720   0.1080   0.1530   0.2140   0.2850   0.3490   0.4240   0.5340   0.6640   0.7830   0.9150   1.0620   1.2120   1.3830   1.5210 -10000000000.0000 -10000000000.0000 -10000000000.0000 -10000000000.0000 -10000000000.0000;
354:  0.0090   0.0260   0.0460   0.0720   0.1080   0.1530   0.2140   0.2860   0.3500   0.4250   0.5360   0.6650   0.7840   0.9170   1.0640   1.2140   1.3850   1.5070 -10000000000.0000 -10000000000.0000 -10000000000.0000 -10000000000.0000 -10000000000.0000;
355:  0.0090   0.0260   0.0460   0.0720   0.1080   0.1530   0.2150   0.2860   0.3510   0.4260   0.5360   0.6670   0.7860   0.9190   1.0660   1.2150   1.3860   1.4940 -10000000000.0000 -10000000000.0000 -10000000000.0000 -10000000000.0000 -10000000000.0000;
356:  0.0090   0.0260   0.0460   0.0720   0.1090   0.1530   0.2150   0.2870   0.3510   0.4270   0.5380   0.6680   0.7870   0.9210   1.0680   1.2170   1.3870   1.4800 -10000000000.0000 -10000000000.0000 -10000000000.0000 -10000000000.0000 -10000000000.0000;
357:  0.0090   0.0260   0.0460   0.0720   0.1090   0.1540   0.2150   0.2870   0.3520   0.4280   0.5390   0.6700   0.7890   0.9230   1.0700   1.2180   1.3890   1.4660 -10000000000.0000 -10000000000.0000 -10000000000.0000 -10000000000.0000 -10000000000.0000;
358:  0.0090   0.0260   0.0460   0.0720   0.1090   0.1540   0.2160   0.2880   0.3530   0.4290   0.5400   0.6710   0.7900   0.9240   1.0720   1.2200   1.3910   1.4510 -10000000000.0000 -10000000000.0000 -10000000000.0000 -10000000000.0000 -10000000000.0000;
359:  0.0090   0.0260   0.0460   0.0720   0.1090   0.1540   0.2160   0.2890   0.3540   0.4300   0.5410   0.6720   0.7910   0.9260   1.0740   1.2210 -10000000000.0000 -10000000000.0000 -10000000000.0000 -10000000000.0000 -10000000000.0000 -10000000000.0000 -10000000000.0000;
