C:\RK-3\Data\PA000001\HT0000010004R.DAT;
000:  0.0080   0.0250   0.0460   0.0760   0.1160   0.1650   0.2320   0.3130   0.3880   0.4680   0.5860   0.7190   0.8320   0.8840 -10000000000.0000 -10000000000.0000 -10000000000.0000 -10000000000.0000 -10000000000.0000 -10000000000.0000 -10000000000.0000 -10000000000.0000 -10000000000.0000;
001:  0.0080   0.0250   0.0460   0.0760   0.1160   0.1660   0.2320   0.3130   0.3890   0.4700   0.5880   0.7210   0.8350   0.8940 -10000000000.0000 -10000000000.0000 -10000000000.0000 -10000000000.0000 -10000000000.0000 -10000000000.0000 -10000000000.0000 -10000000000.0000 -10000000000.0000;
002:  0.0080   0.0250   0.0470   0.0760   0.1170   0.1660   0.2330   0.3140   0.3900   0.4710   0.5890   0.7230   0.8380   0.9040 -10000000000.0000 -10000000000.0000 -10000000000.0000 -10000000000.0000 -10000000000.0000 -10000000000.0000 -10000000000.0000 -10000000000.0000 -10000000000.0000;
003:  0.0080   0.0250   0.0470   0.0760   0.1170   0.1670   0.2330   0.3150   0.3910   0.4720   0.5910   0.7240   0.8400   0.9140 -10000000000.0000 -10000000000.0000 -10000000000.0000 -10000000000.0000 -10000000000.0000 -10000000000.0000 -10000000000.0000 -10000000000.0000 -10000000000.0000;
004:  0.0080   0.0250   0.0470   0.0760   0.1180   0.1670   0.2340   0.3150   0.3920   0.4730   0.5930   0.7260   0.8430   0.9240 -10000000000.0000 -10000000000.0000 -10000000000.0000 -10000000000.0000 -10000000000.0000 -10000000000.0000 -10000000000.0000 -10000000000.0000 -10000000000.0000;
005:  0.0080   0.0250   0.0470   0.0770   0.1180   0.1680   0.2340   0.3160   0.3930   0.4750   0.5940   0.7280   0.8450   0.9330 -10000000000.0000 -10000000000.0000 -10000000000.0000 -10000000000.0000 -10000000000.0000 -10000000000.0000 -10000000000.0000 -10000000000.0000 -10000000000.0000;
006:  0.0080   0.0250   0.0470   0.0770   0.1180   0.1680   0.2350   0.3160   0.3940   0.4760   0.5950   0.7290   0.8470   0.9420 -10000000000.0000 -10000000000.0000 -10000000000.0000 -10000000000.0000 -10000000000.0000 -10000000000.0000 -10000000000.0000 -10000000000.0000 -10000000000.0000;
007:  0.0080   0.0250   0.0470   0.0770   0.1190   0.1690   0.2350   0.3170   0.3950   0.4770   0.5960   0.7310   0.8500   0.9510 -10000000000.0000 -10000000000.0000 -10000000000.0000 -10000000000.0000 -10000000000.0000 -10000000000.0000 -10000000000.0000 -10000000000.0000 -10000000000.0000;
008:  0.0080   0.0250   0.0470   0.0770   0.1190   0.1690   0.2360   0.3180   0.3960   0.4780   0.5980   0.7320   0.8510   0.9590 -10000000000.0000 -10000000000.0000 -10000000000.0000 -10000000000.0000 -10000000000.0000 -10000000000.0000 -10000000000.0000 -10000000000.0000 -10000000000.0000;
009:  0.0080   0.0260   0.0470   0.0780   0.1190   0.1700   0.2360   0.3180   0.3970   0.4790   0.5990   0.7340   0.8530   0.9660 -10000000000.0000 -10000000000.0000 -10000000000.0000 -10000000000.0000 -10000000000.0000 -10000000000.0000 -10000000000.0000 -10000000000.0000 -10000000000.0000;
010:  0.0080   0.0260   0.0470   0.0780   0.1200   0.1700   0.2370   0.3190   0.3970   0.4800   0.6000   0.7350   0.8550   0.9730 -10000000000.0000 -10000000000.0000 -10000000000.0000 -10000000000.0000 -10000000000.0000 -10000000000.0000 -10000000000.0000 -10000000000.0000 -10000000000.0000;
011:  0.0080   0.0260   0.0480   0.0780   0.1200   0.1700   0.2370   0.3200   0.3980   0.4820   0.6010   0.7360   0.8570   0.9790 -10000000000.0000 -10000000000.0000 -10000000000.0000 -10000000000.0000 -10000000000.0000 -10000000000.0000 -10000000000.0000 -10000000000.0000 -10000000000.0000;
012:  0.0080   0.0260   0.0480   0.0780   0.1200   0.1710   0.2380   0.3200   0.3990   0.4830   0.6030   0.7380   0.8580   0.9850 -10000000000.0000 -10000000000.0000 -10000000000.0000 -10000000000.0000 -10000000000.0000 -10000000000.0000 -10000000000.0000 -10000000000.0000 -10000000000.0000;
013:  0.0080   0.0260   0.0480   0.0780   0.1210   0.1710   0.2380   0.3210   0.4000   0.4840   0.6040   0.7380   0.8590   0.9890 -10000000000.0000 -10000000000.0000 -10000000000.0000 -10000000000.0000 -10000000000.0000 -10000000000.0000 -10000000000.0000 -10000000000.0000 -10000000000.0000;
014:  0.0080   0.0260   0.0480   0.0780   0.1210   0.1720   0.2390   0.3210   0.4010   0.4850   0.6050   0.7400   0.8600   0.9930 -10000000000.0000 -10000000000.0000 -10000000000.0000 -10000000000.0000 -10000000000.0000 -10000000000.0000 -10000000000.0000 -10000000000.0000 -10000000000.0000;
015:  0.0080   0.0260   0.0480   0.0780   0.1210   0.1720   0.2390   0.3220   0.4010   0.4850   0.6060   0.7410   0.8610   0.9970 -10000000000.0000 -10000000000.0000 -10000000000.0000 -10000000000.0000 -10000000000.0000 -10000000000.0000 -10000000000.0000 -10000000000.0000 -10000000000.0000;
016:  0.0080   0.0260   0.0480   0.0790   0.1210   0.1730   0.2400   0.3230   0.4020   0.4870   0.6080   0.7420   0.8610   0.9990 -10000000000.0000 -10000000000.0000 -10000000000.0000 -10000000000.0000 -10000000000.0000 -10000000000.0000 -10000000000.0000 -10000000000.0000 -10000000000.0000;
017:  0.0080   0.0260   0.0480   0.0790   0.1220   0.1730   0.2400   0.3230   0.4030   0.4870   0.6080   0.7430   0.8620   1.0010 -10000000000.0000 -10000000000.0000 -10000000000.0000 -10000000000.0000 -10000000000.0000 -10000000000.0000 -10000000000.0000 -10000000000.0000 -10000000000.0000;
018:  0.0080   0.0260   0.0480   0.0790   0.1220   0.1730   0.2410   0.3240   0.4040   0.4880   0.6100   0.7440   0.8620   1.0030 -10000000000.0000 -10000000000.0000 -10000000000.0000 -10000000000.0000 -10000000000.0000 -10000000000.0000 -10000000000.0000 -10000000000.0000 -10000000000.0000;
019:  0.0080   0.0260   0.0480   0.0790   0.1220   0.1740   0.2410   0.3240   0.4040   0.4890   0.6100   0.7440   0.8630   1.0030 -10000000000.0000 -10000000000.0000 -10000000000.0000 -10000000000.0000 -10000000000.0000 -10000000000.0000 -10000000000.0000 -10000000000.0000 -10000000000.0000;
020:  0.0080   0.0260   0.0480   0.0790   0.1220   0.1740   0.2420   0.3250   0.4050   0.4900   0.6110   0.7450   0.8620   1.0030 -10000000000.0000 -10000000000.0000 -10000000000.0000 -10000000000.0000 -10000000000.0000 -10000000000.0000 -10000000000.0000 -10000000000.0000 -10000000000.0000;
021:  0.0080   0.0260   0.0480   0.0790   0.1230   0.1740   0.2420   0.3260   0.4060   0.4900   0.6120   0.7460   0.8620 -10000000000.0000 -10000000000.0000 -10000000000.0000 -10000000000.0000 -10000000000.0000 -10000000000.0000 -10000000000.0000 -10000000000.0000 -10000000000.0000 -10000000000.0000;
022:  0.0080   0.0260   0.0480   0.0790   0.1230   0.1750   0.2430   0.3270   0.4060   0.4910   0.6130   0.7460   0.8620 -10000000000.0000 -10000000000.0000 -10000000000.0000 -10000000000.0000 -10000000000.0000 -10000000000.0000 -10000000000.0000 -10000000000.0000 -10000000000.0000 -10000000000.0000;
023:  0.0080   0.0260   0.0490   0.0800   0.1230   0.1750   0.2430   0.3270   0.4070   0.4920   0.6130   0.7470 -10000000000.0000 -10000000000.0000 -10000000000.0000 -10000000000.0000 -10000000000.0000 -10000000000.0000 -10000000000.0000 -10000000000.0000 -10000000000.0000 -10000000000.0000 -10000000000.0000;
024:  0.0080   0.0260   0.0490   0.0800   0.1230   0.1750   0.2440   0.3280   0.4070   0.4920   0.6140   0.7470 -10000000000.0000 -10000000000.0000 -10000000000.0000 -10000000000.0000 -10000000000.0000 -10000000000.0000 -10000000000.0000 -10000000000.0000 -10000000000.0000 -10000000000.0000 -10000000000.0000;
025:  0.0080   0.0260   0.0490   0.0800   0.1230   0.1760   0.2440   0.3280   0.4080   0.4930   0.6150   0.7470 -10000000000.0000 -10000000000.0000 -10000000000.0000 -10000000000.0000 -10000000000.0000 -10000000000.0000 -10000000000.0000 -10000000000.0000 -10000000000.0000 -10000000000.0000 -10000000000.0000;
026:  0.0080   0.0260   0.0490   0.0800   0.1240   0.1760   0.2450   0.3290   0.4080   0.4930   0.6160   0.7470 -10000000000.0000 -10000000000.0000 -10000000000.0000 -10000000000.0000 -10000000000.0000 -10000000000.0000 -10000000000.0000 -10000000000.0000 -10000000000.0000 -10000000000.0000 -10000000000.0000;
027:  0.0080   0.0260   0.0490   0.0800   0.1240   0.1760   0.2450   0.3290   0.4090   0.4940   0.6160   0.7470 -10000000000.0000 -10000000000.0000 -10000000000.0000 -10000000000.0000 -10000000000.0000 -10000000000.0000 -10000000000.0000 -10000000000.0000 -10000000000.0000 -10000000000.0000 -10000000000.0000;
028:  0.0080   0.0260   0.0490   0.0800   0.1240   0.1770   0.2460   0.3300   0.4100   0.4940   0.6170   0.7470 -10000000000.0000 -10000000000.0000 -10000000000.0000 -10000000000.0000 -10000000000.0000 -10000000000.0000 -10000000000.0000 -10000000000.0000 -10000000000.0000 -10000000000.0000 -10000000000.0000;
029:  0.0080   0.0260   0.0490   0.0800   0.1240   0.1770   0.2460   0.3310   0.4100   0.4950   0.6170   0.7470 -10000000000.0000 -10000000000.0000 -10000000000.0000 -10000000000.0000 -10000000000.0000 -10000000000.0000 -10000000000.0000 -10000000000.0000 -10000000000.0000 -10000000000.0000 -10000000000.0000;
030:  0.0080   0.0260   0.0490   0.0800   0.1240   0.1770   0.2470   0.3310   0.4100   0.4950   0.6170   0.7470 -10000000000.0000 -10000000000.0000 -10000000000.0000 -10000000000.0000 -10000000000.0000 -10000000000.0000 -10000000000.0000 -10000000000.0000 -10000000000.0000 -10000000000.0000 -10000000000.0000;
031:  0.0080   0.0260   0.0490   0.0800   0.1240   0.1770   0.2470   0.3320   0.4110   0.4960   0.6170   0.7470 -10000000000.0000 -10000000000.0000 -10000000000.0000 -10000000000.0000 -10000000000.0000 -10000000000.0000 -10000000000.0000 -10000000000.0000 -10000000000.0000 -10000000000.0000 -10000000000.0000;
032:  0.0080   0.0260   0.0490   0.0810   0.1240   0.1770   0.2480   0.3320   0.4110   0.4960   0.6170   0.7470 -10000000000.0000 -10000000000.0000 -10000000000.0000 -10000000000.0000 -10000000000.0000 -10000000000.0000 -10000000000.0000 -10000000000.0000 -10000000000.0000 -10000000000.0000 -10000000000.0000;
033:  0.0080   0.0260   0.0490   0.0800   0.1250   0.1780   0.2480   0.3330   0.4120   0.4960   0.6180   0.7460 -10000000000.0000 -10000000000.0000 -10000000000.0000 -10000000000.0000 -10000000000.0000 -10000000000.0000 -10000000000.0000 -10000000000.0000 -10000000000.0000 -10000000000.0000 -10000000000.0000;
034:  0.0080   0.0260   0.0490   0.0810   0.1250   0.1780   0.2490   0.3330   0.4120   0.4960   0.6180   0.7460 -10000000000.0000 -10000000000.0000 -10000000000.0000 -10000000000.0000 -10000000000.0000 -10000000000.0000 -10000000000.0000 -10000000000.0000 -10000000000.0000 -10000000000.0000 -10000000000.0000;
035:  0.0080   0.0260   0.0490   0.0810   0.1250   0.1780   0.2490   0.3340   0.4120   0.4970   0.6180   0.7450 -10000000000.0000 -10000000000.0000 -10000000000.0000 -10000000000.0000 -10000000000.0000 -10000000000.0000 -10000000000.0000 -10000000000.0000 -10000000000.0000 -10000000000.0000 -10000000000.0000;
036:  0.0080   0.0260   0.0490   0.0810   0.1250   0.1780   0.2490   0.3340   0.4130   0.4970   0.6180   0.7440 -10000000000.0000 -10000000000.0000 -10000000000.0000 -10000000000.0000 -10000000000.0000 -10000000000.0000 -10000000000.0000 -10000000000.0000 -10000000000.0000 -10000000000.0000 -10000000000.0000;
037:  0.0080   0.0250   0.0490   0.0810   0.1250   0.1790   0.2500   0.3350   0.4130   0.4970   0.6180   0.7440 -10000000000.0000 -10000000000.0000 -10000000000.0000 -10000000000.0000 -10000000000.0000 -10000000000.0000 -10000000000.0000 -10000000000.0000 -10000000000.0000 -10000000000.0000 -10000000000.0000;
038:  0.0080   0.0250   0.0490   0.0810   0.1250   0.1790   0.2500   0.3350   0.4130   0.4970   0.6180   0.7430 -10000000000.0000 -10000000000.0000 -10000000000.0000 -10000000000.0000 -10000000000.0000 -10000000000.0000 -10000000000.0000 -10000000000.0000 -10000000000.0000 -10000000000.0000 -10000000000.0000;
039:  0.0080   0.0250   0.0490   0.0810   0.1250   0.1790   0.2510   0.3350   0.4140   0.4970   0.6180   0.7420 -10000000000.0000 -10000000000.0000 -10000000000.0000 -10000000000.0000 -10000000000.0000 -10000000000.0000 -10000000000.0000 -10000000000.0000 -10000000000.0000 -10000000000.0000 -10000000000.0000;
040:  0.0080   0.0250   0.0490   0.0810   0.1250   0.1790   0.2510   0.3360   0.4140   0.4970   0.6170 -10000000000.0000 -10000000000.0000 -10000000000.0000 -10000000000.0000 -10000000000.0000 -10000000000.0000 -10000000000.0000 -10000000000.0000 -10000000000.0000 -10000000000.0000 -10000000000.0000 -10000000000.0000;
041:  0.0080   0.0250   0.0490   0.0810   0.1250   0.1790   0.2510   0.3360   0.4140   0.4970   0.6170 -10000000000.0000 -10000000000.0000 -10000000000.0000 -10000000000.0000 -10000000000.0000 -10000000000.0000 -10000000000.0000 -10000000000.0000 -10000000000.0000 -10000000000.0000 -10000000000.0000 -10000000000.0000;
042:  0.0080   0.0250   0.0480   0.0810   0.1260   0.1790   0.2520   0.3360   0.4140   0.4970   0.6170 -10000000000.0000 -10000000000.0000 -10000000000.0000 -10000000000.0000 -10000000000.0000 -10000000000.0000 -10000000000.0000 -10000000000.0000 -10000000000.0000 -10000000000.0000 -10000000000.0000 -10000000000.0000;
043:  0.0080   0.0250   0.0480   0.0810   0.1260   0.1790   0.2520   0.3370   0.4140   0.4970   0.6170 -10000000000.0000 -10000000000.0000 -10000000000.0000 -10000000000.0000 -10000000000.0000 -10000000000.0000 -10000000000.0000 -10000000000.0000 -10000000000.0000 -10000000000.0000 -10000000000.0000 -10000000000.0000;
044:  0.0080   0.0250   0.0480   0.0810   0.1260   0.1800   0.2520   0.3370   0.4140   0.4970   0.6160 -10000000000.0000 -10000000000.0000 -10000000000.0000 -10000000000.0000 -10000000000.0000 -10000000000.0000 -10000000000.0000 -10000000000.0000 -10000000000.0000 -10000000000.0000 -10000000000.0000 -10000000000.0000;
045:  0.0080   0.0250   0.0480   0.0810   0.1260   0.1800   0.2520   0.3370   0.4140   0.4980   0.6160 -10000000000.0000 -10000000000.0000 -10000000000.0000 -10000000000.0000 -10000000000.0000 -10000000000.0000 -10000000000.0000 -10000000000.0000 -10000000000.0000 -10000000000.0000 -10000000000.0000 -10000000000.0000;
046:  0.0080   0.0250   0.0480   0.0810   0.1260   0.1800   0.2530   0.3380   0.4150   0.4970   0.6160 -10000000000.0000 -10000000000.0000 -10000000000.0000 -10000000000.0000 -10000000000.0000 -10000000000.0000 -10000000000.0000 -10000000000.0000 -10000000000.0000 -10000000000.0000 -10000000000.0000 -10000000000.0000;
047:  0.0080   0.0250   0.0480   0.0810   0.1260   0.1800   0.2530   0.3370   0.4140   0.4970 -10000000000.0000 -10000000000.0000 -10000000000.0000 -10000000000.0000 -10000000000.0000 -10000000000.0000 -10000000000.0000 -10000000000.0000 -10000000000.0000 -10000000000.0000 -10000000000.0000 -10000000000.0000 -10000000000.0000;
048:  0.0080   0.0250   0.0480   0.0810   0.1260   0.1800   0.2530   0.3370   0.4140   0.4970 -10000000000.0000 -10000000000.0000 -10000000000.0000 -10000000000.0000 -10000000000.0000 -10000000000.0000 -10000000000.0000 -10000000000.0000 -10000000000.0000 -10000000000.0000 -10000000000.0000 -10000000000.0000 -10000000000.0000;
049:  0.0080   0.0250   0.0480   0.0810   0.1260   0.1800   0.2530   0.3380   0.4140   0.4970 -10000000000.0000 -10000000000.0000 -10000000000.0000 -10000000000.0000 -10000000000.0000 -10000000000.0000 -10000000000.0000 -10000000000.0000 -10000000000.0000 -10000000000.0000 -10000000000.0000 -10000000000.0000 -10000000000.0000;
050:  0.0080   0.0250   0.0480   0.0800   0.1260   0.1810   0.2540   0.3380   0.4140   0.4970 -10000000000.0000 -10000000000.0000 -10000000000.0000 -10000000000.0000 -10000000000.0000 -10000000000.0000 -10000000000.0000 -10000000000.0000 -10000000000.0000 -10000000000.0000 -10000000000.0000 -10000000000.0000 -10000000000.0000;
051:  0.0080   0.0250   0.0480   0.0810   0.1260   0.1810   0.2540   0.3380   0.4140   0.4960 -10000000000.0000 -10000000000.0000 -10000000000.0000 -10000000000.0000 -10000000000.0000 -10000000000.0000 -10000000000.0000 -10000000000.0000 -10000000000.0000 -10000000000.0000 -10000000000.0000 -10000000000.0000 -10000000000.0000;
052:  0.0080   0.0250   0.0480   0.0800   0.1260   0.1810   0.2540   0.3380   0.4140   0.4960 -10000000000.0000 -10000000000.0000 -10000000000.0000 -10000000000.0000 -10000000000.0000 -10000000000.0000 -10000000000.0000 -10000000000.0000 -10000000000.0000 -10000000000.0000 -10000000000.0000 -10000000000.0000 -10000000000.0000;
053:  0.0080   0.0250   0.0480   0.0800   0.1260   0.1810   0.2540   0.3380   0.4140   0.4960 -10000000000.0000 -10000000000.0000 -10000000000.0000 -10000000000.0000 -10000000000.0000 -10000000000.0000 -10000000000.0000 -10000000000.0000 -10000000000.0000 -10000000000.0000 -10000000000.0000 -10000000000.0000 -10000000000.0000;
054:  0.0080   0.0240   0.0480   0.0800   0.1260   0.1810   0.2540   0.3380   0.4140   0.4960 -10000000000.0000 -10000000000.0000 -10000000000.0000 -10000000000.0000 -10000000000.0000 -10000000000.0000 -10000000000.0000 -10000000000.0000 -10000000000.0000 -10000000000.0000 -10000000000.0000 -10000000000.0000 -10000000000.0000;
055:  0.0070   0.0240   0.0470   0.0800   0.1260   0.1810   0.2540   0.3380   0.4130   0.4960 -10000000000.0000 -10000000000.0000 -10000000000.0000 -10000000000.0000 -10000000000.0000 -10000000000.0000 -10000000000.0000 -10000000000.0000 -10000000000.0000 -10000000000.0000 -10000000000.0000 -10000000000.0000 -10000000000.0000;
056:  0.0070   0.0240   0.0470   0.0800   0.1260   0.1810   0.2540   0.3380   0.4130   0.4950 -10000000000.0000 -10000000000.0000 -10000000000.0000 -10000000000.0000 -10000000000.0000 -10000000000.0000 -10000000000.0000 -10000000000.0000 -10000000000.0000 -10000000000.0000 -10000000000.0000 -10000000000.0000 -10000000000.0000;
057:  0.0070   0.0240   0.0470   0.0800   0.1260   0.1810   0.2540   0.3380   0.4130   0.4950 -10000000000.0000 -10000000000.0000 -10000000000.0000 -10000000000.0000 -10000000000.0000 -10000000000.0000 -10000000000.0000 -10000000000.0000 -10000000000.0000 -10000000000.0000 -10000000000.0000 -10000000000.0000 -10000000000.0000;
058:  0.0070   0.0240   0.0470   0.0800   0.1260   0.1810   0.2540   0.3380   0.4120   0.4950 -10000000000.0000 -10000000000.0000 -10000000000.0000 -10000000000.0000 -10000000000.0000 -10000000000.0000 -10000000000.0000 -10000000000.0000 -10000000000.0000 -10000000000.0000 -10000000000.0000 -10000000000.0000 -10000000000.0000;
059:  0.0070   0.0240   0.0470   0.0800   0.1260   0.1820   0.2540   0.3380   0.4120   0.4940 -10000000000.0000 -10000000000.0000 -10000000000.0000 -10000000000.0000 -10000000000.0000 -10000000000.0000 -10000000000.0000 -10000000000.0000 -10000000000.0000 -10000000000.0000 -10000000000.0000 -10000000000.0000 -10000000000.0000;
060:  0.0070   0.0240   0.0470   0.0790   0.1260   0.1810   0.2540   0.3380   0.4120   0.4940 -10000000000.0000 -10000000000.0000 -10000000000.0000 -10000000000.0000 -10000000000.0000 -10000000000.0000 -10000000000.0000 -10000000000.0000 -10000000000.0000 -10000000000.0000 -10000000000.0000 -10000000000.0000 -10000000000.0000;
061:  0.0070   0.0240   0.0470   0.0790   0.1260   0.1820   0.2540   0.3370   0.4110   0.4940 -10000000000.0000 -10000000000.0000 -10000000000.0000 -10000000000.0000 -10000000000.0000 -10000000000.0000 -10000000000.0000 -10000000000.0000 -10000000000.0000 -10000000000.0000 -10000000000.0000 -10000000000.0000 -10000000000.0000;
062:  0.0070   0.0240   0.0470   0.0790   0.1260   0.1820   0.2540   0.3370   0.4110   0.4930 -10000000000.0000 -10000000000.0000 -10000000000.0000 -10000000000.0000 -10000000000.0000 -10000000000.0000 -10000000000.0000 -10000000000.0000 -10000000000.0000 -10000000000.0000 -10000000000.0000 -10000000000.0000 -10000000000.0000;
063:  0.0070   0.0240   0.0470   0.0790   0.1260   0.1810   0.2540   0.3370   0.4110   0.4930 -10000000000.0000 -10000000000.0000 -10000000000.0000 -10000000000.0000 -10000000000.0000 -10000000000.0000 -10000000000.0000 -10000000000.0000 -10000000000.0000 -10000000000.0000 -10000000000.0000 -10000000000.0000 -10000000000.0000;
064:  0.0070   0.0240   0.0460   0.0790   0.1260   0.1810   0.2540   0.3370   0.4100   0.4920 -10000000000.0000 -10000000000.0000 -10000000000.0000 -10000000000.0000 -10000000000.0000 -10000000000.0000 -10000000000.0000 -10000000000.0000 -10000000000.0000 -10000000000.0000 -10000000000.0000 -10000000000.0000 -10000000000.0000;
065:  0.0070   0.0240   0.0460   0.0790   0.1260   0.1810   0.2540   0.3370   0.4100   0.4920 -10000000000.0000 -10000000000.0000 -10000000000.0000 -10000000000.0000 -10000000000.0000 -10000000000.0000 -10000000000.0000 -10000000000.0000 -10000000000.0000 -10000000000.0000 -10000000000.0000 -10000000000.0000 -10000000000.0000;
066:  0.0070   0.0240   0.0460   0.0790   0.1260   0.1810   0.2540   0.3360   0.4090   0.4920 -10000000000.0000 -10000000000.0000 -10000000000.0000 -10000000000.0000 -10000000000.0000 -10000000000.0000 -10000000000.0000 -10000000000.0000 -10000000000.0000 -10000000000.0000 -10000000000.0000 -10000000000.0000 -10000000000.0000;
067:  0.0070   0.0240   0.0460   0.0790   0.1260   0.1810   0.2530   0.3360   0.4090   0.4910 -10000000000.0000 -10000000000.0000 -10000000000.0000 -10000000000.0000 -10000000000.0000 -10000000000.0000 -10000000000.0000 -10000000000.0000 -10000000000.0000 -10000000000.0000 -10000000000.0000 -10000000000.0000 -10000000000.0000;
068:  0.0070   0.0230   0.0460   0.0790   0.1260   0.1810   0.2530   0.3360   0.4090   0.4910 -10000000000.0000 -10000000000.0000 -10000000000.0000 -10000000000.0000 -10000000000.0000 -10000000000.0000 -10000000000.0000 -10000000000.0000 -10000000000.0000 -10000000000.0000 -10000000000.0000 -10000000000.0000 -10000000000.0000;
069:  0.0070   0.0230   0.0460   0.0780   0.1260   0.1810   0.2530   0.3350   0.4080   0.4910 -10000000000.0000 -10000000000.0000 -10000000000.0000 -10000000000.0000 -10000000000.0000 -10000000000.0000 -10000000000.0000 -10000000000.0000 -10000000000.0000 -10000000000.0000 -10000000000.0000 -10000000000.0000 -10000000000.0000;
070:  0.0070   0.0230   0.0460   0.0780   0.1250   0.1810   0.2530   0.3350   0.4080   0.4900 -10000000000.0000 -10000000000.0000 -10000000000.0000 -10000000000.0000 -10000000000.0000 -10000000000.0000 -10000000000.0000 -10000000000.0000 -10000000000.0000 -10000000000.0000 -10000000000.0000 -10000000000.0000 -10000000000.0000;
071:  0.0070   0.0230   0.0460   0.0780   0.1250   0.1810   0.2530   0.3350   0.4080   0.4900 -10000000000.0000 -10000000000.0000 -10000000000.0000 -10000000000.0000 -10000000000.0000 -10000000000.0000 -10000000000.0000 -10000000000.0000 -10000000000.0000 -10000000000.0000 -10000000000.0000 -10000000000.0000 -10000000000.0000;
072:  0.0070   0.0230   0.0460   0.0780   0.1250   0.1800   0.2520   0.3350   0.4070   0.4890 -10000000000.0000 -10000000000.0000 -10000000000.0000 -10000000000.0000 -10000000000.0000 -10000000000.0000 -10000000000.0000 -10000000000.0000 -10000000000.0000 -10000000000.0000 -10000000000.0000 -10000000000.0000 -10000000000.0000;
073:  0.0070   0.0230   0.0450   0.0780   0.1250   0.1800   0.2520   0.3340   0.4070   0.4890 -10000000000.0000 -10000000000.0000 -10000000000.0000 -10000000000.0000 -10000000000.0000 -10000000000.0000 -10000000000.0000 -10000000000.0000 -10000000000.0000 -10000000000.0000 -10000000000.0000 -10000000000.0000 -10000000000.0000;
074:  0.0070   0.0230   0.0450   0.0780   0.1250   0.1800   0.2520   0.3340   0.4070   0.4890 -10000000000.0000 -10000000000.0000 -10000000000.0000 -10000000000.0000 -10000000000.0000 -10000000000.0000 -10000000000.0000 -10000000000.0000 -10000000000.0000 -10000000000.0000 -10000000000.0000 -10000000000.0000 -10000000000.0000;
075:  0.0070   0.0230   0.0450   0.0780   0.1250   0.1800   0.2520   0.3340   0.4060   0.4880 -10000000000.0000 -10000000000.0000 -10000000000.0000 -10000000000.0000 -10000000000.0000 -10000000000.0000 -10000000000.0000 -10000000000.0000 -10000000000.0000 -10000000000.0000 -10000000000.0000 -10000000000.0000 -10000000000.0000;
076:  0.0070   0.0230   0.0450   0.0770   0.1240   0.1790   0.2520   0.3330   0.4060   0.4880 -10000000000.0000 -10000000000.0000 -10000000000.0000 -10000000000.0000 -10000000000.0000 -10000000000.0000 -10000000000.0000 -10000000000.0000 -10000000000.0000 -10000000000.0000 -10000000000.0000 -10000000000.0000 -10000000000.0000;
077:  0.0070   0.0230   0.0450   0.0770   0.1240   0.1790   0.2510   0.3330   0.4060   0.4870 -10000000000.0000 -10000000000.0000 -10000000000.0000 -10000000000.0000 -10000000000.0000 -10000000000.0000 -10000000000.0000 -10000000000.0000 -10000000000.0000 -10000000000.0000 -10000000000.0000 -10000000000.0000 -10000000000.0000;
078:  0.0070   0.0230   0.0450   0.0770   0.1240   0.1790   0.2510   0.3330   0.4050   0.4870 -10000000000.0000 -10000000000.0000 -10000000000.0000 -10000000000.0000 -10000000000.0000 -10000000000.0000 -10000000000.0000 -10000000000.0000 -10000000000.0000 -10000000000.0000 -10000000000.0000 -10000000000.0000 -10000000000.0000;
079:  0.0070   0.0230   0.0450   0.0770   0.1240   0.1790   0.2510   0.3320   0.4050   0.4860 -10000000000.0000 -10000000000.0000 -10000000000.0000 -10000000000.0000 -10000000000.0000 -10000000000.0000 -10000000000.0000 -10000000000.0000 -10000000000.0000 -10000000000.0000 -10000000000.0000 -10000000000.0000 -10000000000.0000;
080:  0.0070   0.0230   0.0450   0.0770   0.1230   0.1790   0.2500   0.3320   0.4050   0.4860 -10000000000.0000 -10000000000.0000 -10000000000.0000 -10000000000.0000 -10000000000.0000 -10000000000.0000 -10000000000.0000 -10000000000.0000 -10000000000.0000 -10000000000.0000 -10000000000.0000 -10000000000.0000 -10000000000.0000;
081:  0.0070   0.0230   0.0440   0.0770   0.1230   0.1780   0.2500   0.3310   0.4050   0.4860 -10000000000.0000 -10000000000.0000 -10000000000.0000 -10000000000.0000 -10000000000.0000 -10000000000.0000 -10000000000.0000 -10000000000.0000 -10000000000.0000 -10000000000.0000 -10000000000.0000 -10000000000.0000 -10000000000.0000;
082:  0.0070   0.0230   0.0440   0.0760   0.1230   0.1780   0.2500   0.3310   0.4050   0.4860 -10000000000.0000 -10000000000.0000 -10000000000.0000 -10000000000.0000 -10000000000.0000 -10000000000.0000 -10000000000.0000 -10000000000.0000 -10000000000.0000 -10000000000.0000 -10000000000.0000 -10000000000.0000 -10000000000.0000;
083:  0.0070   0.0220   0.0440   0.0760   0.1230   0.1780   0.2490   0.3310   0.4040   0.4850 -10000000000.0000 -10000000000.0000 -10000000000.0000 -10000000000.0000 -10000000000.0000 -10000000000.0000 -10000000000.0000 -10000000000.0000 -10000000000.0000 -10000000000.0000 -10000000000.0000 -10000000000.0000 -10000000000.0000;
084:  0.0070   0.0220   0.0440   0.0760   0.1220   0.1770   0.2490   0.3300   0.4040   0.4850 -10000000000.0000 -10000000000.0000 -10000000000.0000 -10000000000.0000 -10000000000.0000 -10000000000.0000 -10000000000.0000 -10000000000.0000 -10000000000.0000 -10000000000.0000 -10000000000.0000 -10000000000.0000 -10000000000.0000;
085:  0.0070   0.0220   0.0440   0.0760   0.1220   0.1770   0.2490   0.3300   0.4040   0.4840 -10000000000.0000 -10000000000.0000 -10000000000.0000 -10000000000.0000 -10000000000.0000 -10000000000.0000 -10000000000.0000 -10000000000.0000 -10000000000.0000 -10000000000.0000 -10000000000.0000 -10000000000.0000 -10000000000.0000;
086:  0.0070   0.0220   0.0440   0.0760   0.1220   0.1770   0.2490   0.3290   0.4030   0.4840 -10000000000.0000 -10000000000.0000 -10000000000.0000 -10000000000.0000 -10000000000.0000 -10000000000.0000 -10000000000.0000 -10000000000.0000 -10000000000.0000 -10000000000.0000 -10000000000.0000 -10000000000.0000 -10000000000.0000;
087:  0.0070   0.0220   0.0440   0.0750   0.1210   0.1760   0.2480   0.3290   0.4030   0.4830 -10000000000.0000 -10000000000.0000 -10000000000.0000 -10000000000.0000 -10000000000.0000 -10000000000.0000 -10000000000.0000 -10000000000.0000 -10000000000.0000 -10000000000.0000 -10000000000.0000 -10000000000.0000 -10000000000.0000;
088:  0.0070   0.0220   0.0440   0.0750   0.1210   0.1760   0.2480   0.3280   0.4030   0.4830 -10000000000.0000 -10000000000.0000 -10000000000.0000 -10000000000.0000 -10000000000.0000 -10000000000.0000 -10000000000.0000 -10000000000.0000 -10000000000.0000 -10000000000.0000 -10000000000.0000 -10000000000.0000 -10000000000.0000;
089:  0.0060   0.0220   0.0430   0.0750   0.1210   0.1760   0.2480   0.3280   0.4030   0.4830 -10000000000.0000 -10000000000.0000 -10000000000.0000 -10000000000.0000 -10000000000.0000 -10000000000.0000 -10000000000.0000 -10000000000.0000 -10000000000.0000 -10000000000.0000 -10000000000.0000 -10000000000.0000 -10000000000.0000;
090:  0.0060   0.0220   0.0430   0.0750   0.1200   0.1750   0.2470   0.3280   0.4030   0.4830 -10000000000.0000 -10000000000.0000 -10000000000.0000 -10000000000.0000 -10000000000.0000 -10000000000.0000 -10000000000.0000 -10000000000.0000 -10000000000.0000 -10000000000.0000 -10000000000.0000 -10000000000.0000 -10000000000.0000;
091:  0.0060   0.0220   0.0430   0.0740   0.1200   0.1750   0.2470   0.3270   0.4020   0.4820 -10000000000.0000 -10000000000.0000 -10000000000.0000 -10000000000.0000 -10000000000.0000 -10000000000.0000 -10000000000.0000 -10000000000.0000 -10000000000.0000 -10000000000.0000 -10000000000.0000 -10000000000.0000 -10000000000.0000;
092:  0.0060   0.0220   0.0430   0.0740   0.1200   0.1750   0.2470   0.3270   0.4020   0.4820 -10000000000.0000 -10000000000.0000 -10000000000.0000 -10000000000.0000 -10000000000.0000 -10000000000.0000 -10000000000.0000 -10000000000.0000 -10000000000.0000 -10000000000.0000 -10000000000.0000 -10000000000.0000 -10000000000.0000;
093:  0.0060   0.0220   0.0430   0.0740   0.1190   0.1740   0.2460   0.3270   0.4020   0.4810   0.5960 -10000000000.0000 -10000000000.0000 -10000000000.0000 -10000000000.0000 -10000000000.0000 -10000000000.0000 -10000000000.0000 -10000000000.0000 -10000000000.0000 -10000000000.0000 -10000000000.0000 -10000000000.0000;
094:  0.0060   0.0220   0.0430   0.0740   0.1190   0.1740   0.2460   0.3260   0.4020   0.4810   0.5960 -10000000000.0000 -10000000000.0000 -10000000000.0000 -10000000000.0000 -10000000000.0000 -10000000000.0000 -10000000000.0000 -10000000000.0000 -10000000000.0000 -10000000000.0000 -10000000000.0000 -10000000000.0000;
095:  0.0060   0.0220   0.0430   0.0740   0.1190   0.1740   0.2450   0.3260   0.4010   0.4800   0.5950 -10000000000.0000 -10000000000.0000 -10000000000.0000 -10000000000.0000 -10000000000.0000 -10000000000.0000 -10000000000.0000 -10000000000.0000 -10000000000.0000 -10000000000.0000 -10000000000.0000 -10000000000.0000;
096:  0.0060   0.0220   0.0420   0.0730   0.1180   0.1730   0.2450   0.3260   0.4010   0.4800   0.5950 -10000000000.0000 -10000000000.0000 -10000000000.0000 -10000000000.0000 -10000000000.0000 -10000000000.0000 -10000000000.0000 -10000000000.0000 -10000000000.0000 -10000000000.0000 -10000000000.0000 -10000000000.0000;
097:  0.0060   0.0220   0.0420   0.0730   0.1180   0.1730   0.2450   0.3250   0.4010   0.4800   0.5940 -10000000000.0000 -10000000000.0000 -10000000000.0000 -10000000000.0000 -10000000000.0000 -10000000000.0000 -10000000000.0000 -10000000000.0000 -10000000000.0000 -10000000000.0000 -10000000000.0000 -10000000000.0000;
098:  0.0060   0.0220   0.0420   0.0730   0.1170   0.1730   0.2440   0.3250   0.4000   0.4790   0.5940   0.7150 -10000000000.0000 -10000000000.0000 -10000000000.0000 -10000000000.0000 -10000000000.0000 -10000000000.0000 -10000000000.0000 -10000000000.0000 -10000000000.0000 -10000000000.0000 -10000000000.0000;
099:  0.0060   0.0220   0.0420   0.0730   0.1170   0.1720   0.2440   0.3240   0.4000   0.4790   0.5930   0.7140 -10000000000.0000 -10000000000.0000 -10000000000.0000 -10000000000.0000 -10000000000.0000 -10000000000.0000 -10000000000.0000 -10000000000.0000 -10000000000.0000 -10000000000.0000 -10000000000.0000;
100:  0.0060   0.0220   0.0420   0.0720   0.1170   0.1720   0.2440   0.3240   0.3990   0.4780   0.5930   0.7140 -10000000000.0000 -10000000000.0000 -10000000000.0000 -10000000000.0000 -10000000000.0000 -10000000000.0000 -10000000000.0000 -10000000000.0000 -10000000000.0000 -10000000000.0000 -10000000000.0000;
101:  0.0060   0.0220   0.0420   0.0720   0.1170   0.1710   0.2440   0.3240   0.3990   0.4780   0.5920   0.7140 -10000000000.0000 -10000000000.0000 -10000000000.0000 -10000000000.0000 -10000000000.0000 -10000000000.0000 -10000000000.0000 -10000000000.0000 -10000000000.0000 -10000000000.0000 -10000000000.0000;
102:  0.0060   0.0220   0.0420   0.0720   0.1160   0.1710   0.2430   0.3240   0.3990   0.4770   0.5920   0.7130 -10000000000.0000 -10000000000.0000 -10000000000.0000 -10000000000.0000 -10000000000.0000 -10000000000.0000 -10000000000.0000 -10000000000.0000 -10000000000.0000 -10000000000.0000 -10000000000.0000;
103:  0.0060   0.0220   0.0420   0.0720   0.1160   0.1710   0.2430   0.3230   0.3980   0.4770   0.5910   0.7130 -10000000000.0000 -10000000000.0000 -10000000000.0000 -10000000000.0000 -10000000000.0000 -10000000000.0000 -10000000000.0000 -10000000000.0000 -10000000000.0000 -10000000000.0000 -10000000000.0000;
104:  0.0060   0.0220   0.0420   0.0710   0.1150   0.1700   0.2420   0.3230   0.3980   0.4760   0.5910   0.7130 -10000000000.0000 -10000000000.0000 -10000000000.0000 -10000000000.0000 -10000000000.0000 -10000000000.0000 -10000000000.0000 -10000000000.0000 -10000000000.0000 -10000000000.0000 -10000000000.0000;
105:  0.0060   0.0220   0.0420   0.0710   0.1150   0.1700   0.2420   0.3230   0.3970   0.4760   0.5900   0.7120 -10000000000.0000 -10000000000.0000 -10000000000.0000 -10000000000.0000 -10000000000.0000 -10000000000.0000 -10000000000.0000 -10000000000.0000 -10000000000.0000 -10000000000.0000 -10000000000.0000;
106:  0.0060   0.0220   0.0410   0.0710   0.1150   0.1690   0.2420   0.3230   0.3970   0.4750   0.5900   0.7120 -10000000000.0000 -10000000000.0000 -10000000000.0000 -10000000000.0000 -10000000000.0000 -10000000000.0000 -10000000000.0000 -10000000000.0000 -10000000000.0000 -10000000000.0000 -10000000000.0000;
107:  0.0060   0.0220   0.0410   0.0710   0.1140   0.1690   0.2410   0.3220   0.3970   0.4750   0.5900   0.7120 -10000000000.0000 -10000000000.0000 -10000000000.0000 -10000000000.0000 -10000000000.0000 -10000000000.0000 -10000000000.0000 -10000000000.0000 -10000000000.0000 -10000000000.0000 -10000000000.0000;
108:  0.0060   0.0220   0.0410   0.0700   0.1140   0.1690   0.2410   0.3220   0.3960   0.4750   0.5890   0.7110 -10000000000.0000 -10000000000.0000 -10000000000.0000 -10000000000.0000 -10000000000.0000 -10000000000.0000 -10000000000.0000 -10000000000.0000 -10000000000.0000 -10000000000.0000 -10000000000.0000;
109:  0.0060   0.0220   0.0410   0.0700   0.1140   0.1680   0.2400   0.3220   0.3960   0.4740   0.5880   0.7110 -10000000000.0000 -10000000000.0000 -10000000000.0000 -10000000000.0000 -10000000000.0000 -10000000000.0000 -10000000000.0000 -10000000000.0000 -10000000000.0000 -10000000000.0000 -10000000000.0000;
110:  0.0060   0.0220   0.0410   0.0700   0.1130   0.1680   0.2400   0.3210   0.3950   0.4740   0.5880   0.7100 -10000000000.0000 -10000000000.0000 -10000000000.0000 -10000000000.0000 -10000000000.0000 -10000000000.0000 -10000000000.0000 -10000000000.0000 -10000000000.0000 -10000000000.0000 -10000000000.0000;
111:  0.0060   0.0210   0.0410   0.0700   0.1130   0.1670   0.2400   0.3210   0.3950   0.4730   0.5880   0.7100 -10000000000.0000 -10000000000.0000 -10000000000.0000 -10000000000.0000 -10000000000.0000 -10000000000.0000 -10000000000.0000 -10000000000.0000 -10000000000.0000 -10000000000.0000 -10000000000.0000;
112:  0.0060   0.0210   0.0410   0.0700   0.1130   0.1670   0.2390   0.3210   0.3940   0.4730   0.5870   0.7090   0.8180 -10000000000.0000 -10000000000.0000 -10000000000.0000 -10000000000.0000 -10000000000.0000 -10000000000.0000 -10000000000.0000 -10000000000.0000 -10000000000.0000 -10000000000.0000;
113:  0.0060   0.0210   0.0410   0.0700   0.1120   0.1660   0.2390   0.3200   0.3940   0.4720   0.5860   0.7090   0.8180 -10000000000.0000 -10000000000.0000 -10000000000.0000 -10000000000.0000 -10000000000.0000 -10000000000.0000 -10000000000.0000 -10000000000.0000 -10000000000.0000 -10000000000.0000;
114:  0.0060   0.0210   0.0410   0.0690   0.1120   0.1660   0.2380   0.3200   0.3930   0.4720   0.5860   0.7080   0.8180   0.9410 -10000000000.0000 -10000000000.0000 -10000000000.0000 -10000000000.0000 -10000000000.0000 -10000000000.0000 -10000000000.0000 -10000000000.0000 -10000000000.0000;
115:  0.0070   0.0210   0.0410   0.0690   0.1120   0.1660   0.2380   0.3200   0.3930   0.4710   0.5850   0.7070   0.8170   0.9400 -10000000000.0000 -10000000000.0000 -10000000000.0000 -10000000000.0000 -10000000000.0000 -10000000000.0000 -10000000000.0000 -10000000000.0000 -10000000000.0000;
116:  0.0070   0.0210   0.0410   0.0690   0.1110   0.1650   0.2370   0.3200   0.3920   0.4710   0.5850   0.7070   0.8170   0.9390 -10000000000.0000 -10000000000.0000 -10000000000.0000 -10000000000.0000 -10000000000.0000 -10000000000.0000 -10000000000.0000 -10000000000.0000 -10000000000.0000;
117:  0.0070   0.0210   0.0410   0.0690   0.1110   0.1650   0.2370   0.3190   0.3920   0.4700   0.5850   0.7070   0.8170   0.9380 -10000000000.0000 -10000000000.0000 -10000000000.0000 -10000000000.0000 -10000000000.0000 -10000000000.0000 -10000000000.0000 -10000000000.0000 -10000000000.0000;
118:  0.0070   0.0210   0.0410   0.0690   0.1110   0.1640   0.2370   0.3190   0.3910   0.4700   0.5840   0.7060   0.8170   0.9370   1.0560 -10000000000.0000 -10000000000.0000 -10000000000.0000 -10000000000.0000 -10000000000.0000 -10000000000.0000 -10000000000.0000 -10000000000.0000;
119:  0.0070   0.0210   0.0410   0.0690   0.1100   0.1640   0.2360   0.3190   0.3910   0.4690   0.5830   0.7050   0.8160   0.9360   1.0560 -10000000000.0000 -10000000000.0000 -10000000000.0000 -10000000000.0000 -10000000000.0000 -10000000000.0000 -10000000000.0000 -10000000000.0000;
120:  0.0070   0.0210   0.0410   0.0690   0.1100   0.1630   0.2360   0.3180   0.3900   0.4690   0.5830   0.7050   0.8160   0.9350   1.0550   1.1740 -10000000000.0000 -10000000000.0000 -10000000000.0000 -10000000000.0000 -10000000000.0000 -10000000000.0000 -10000000000.0000;
121:  0.0070   0.0210   0.0410   0.0690   0.1100   0.1630   0.2350   0.3180   0.3900   0.4690   0.5820   0.7040   0.8150   0.9350   1.0540   1.1750 -10000000000.0000 -10000000000.0000 -10000000000.0000 -10000000000.0000 -10000000000.0000 -10000000000.0000 -10000000000.0000;
122:  0.0070   0.0210   0.0410   0.0680   0.1090   0.1620   0.2350   0.3170   0.3890   0.4680   0.5820   0.7030   0.8150   0.9340   1.0540   1.1760 -10000000000.0000 -10000000000.0000 -10000000000.0000 -10000000000.0000 -10000000000.0000 -10000000000.0000 -10000000000.0000;
123:  0.0070   0.0210   0.0410   0.0680   0.1090   0.1620   0.2340   0.3170   0.3890   0.4680   0.5810   0.7030   0.8150   0.9340   1.0530   1.1770 -10000000000.0000 -10000000000.0000 -10000000000.0000 -10000000000.0000 -10000000000.0000 -10000000000.0000 -10000000000.0000;
124:  0.0070   0.0210   0.0410   0.0680   0.1090   0.1610   0.2340   0.3170   0.3890   0.4670   0.5810   0.7020   0.8150   0.9330   1.0530   1.1790 -10000000000.0000 -10000000000.0000 -10000000000.0000 -10000000000.0000 -10000000000.0000 -10000000000.0000 -10000000000.0000;
125:  0.0070   0.0220   0.0400   0.0680   0.1090   0.1610   0.2330   0.3160   0.3880   0.4670   0.5800   0.7010   0.8150   0.9330   1.0540   1.1790 -10000000000.0000 -10000000000.0000 -10000000000.0000 -10000000000.0000 -10000000000.0000 -10000000000.0000 -10000000000.0000;
126:  0.0070   0.0220   0.0400   0.0680   0.1080   0.1610   0.2330   0.3160   0.3880   0.4670   0.5800   0.7010   0.8140   0.9340   1.0540   1.1810 -10000000000.0000 -10000000000.0000 -10000000000.0000 -10000000000.0000 -10000000000.0000 -10000000000.0000 -10000000000.0000;
127:  0.0070   0.0220   0.0410   0.0680   0.1080   0.1600   0.2320   0.3150   0.3870   0.4660   0.5790   0.7000   0.8140   0.9330   1.0540   1.1830 -10000000000.0000 -10000000000.0000 -10000000000.0000 -10000000000.0000 -10000000000.0000 -10000000000.0000 -10000000000.0000;
128:  0.0070   0.0220   0.0410   0.0680   0.1080   0.1600   0.2320   0.3150   0.3870   0.4660   0.5790   0.7000   0.8140   0.9340   1.0550   1.1850   1.3380 -10000000000.0000 -10000000000.0000 -10000000000.0000 -10000000000.0000 -10000000000.0000 -10000000000.0000;
129:  0.0070   0.0220   0.0400   0.0680   0.1080   0.1590   0.2310   0.3140   0.3860   0.4650   0.5780   0.6990   0.8130   0.9340   1.0550   1.1860   1.3410 -10000000000.0000 -10000000000.0000 -10000000000.0000 -10000000000.0000 -10000000000.0000 -10000000000.0000;
130:  0.0070   0.0220   0.0410   0.0680   0.1070   0.1590   0.2310   0.3130   0.3860   0.4650   0.5780   0.6990   0.8130   0.9340   1.0560   1.1880   1.3430 -10000000000.0000 -10000000000.0000 -10000000000.0000 -10000000000.0000 -10000000000.0000 -10000000000.0000;
131:  0.0070   0.0220   0.0410   0.0680   0.1070   0.1580   0.2300   0.3130   0.3850   0.4640   0.5770   0.6980   0.8130   0.9350   1.0580   1.1900   1.3460 -10000000000.0000 -10000000000.0000 -10000000000.0000 -10000000000.0000 -10000000000.0000 -10000000000.0000;
132:  0.0070   0.0220   0.0410   0.0680   0.1070   0.1580   0.2300   0.3120   0.3840   0.4640   0.5760   0.6980   0.8130   0.9360   1.0590   1.1920   1.3480 -10000000000.0000 -10000000000.0000 -10000000000.0000 -10000000000.0000 -10000000000.0000 -10000000000.0000;
133:  0.0070   0.0220   0.0410   0.0680   0.1070   0.1570   0.2290   0.3120   0.3840   0.4630   0.5760   0.6970   0.8130   0.9360   1.0600   1.1940   1.3510   1.4990 -10000000000.0000 -10000000000.0000 -10000000000.0000 -10000000000.0000 -10000000000.0000;
134:  0.0070   0.0220   0.0410   0.0680   0.1060   0.1570   0.2280   0.3110   0.3830   0.4630   0.5750   0.6970   0.8120   0.9370   1.0620   1.1970   1.3540   1.5020 -10000000000.0000 -10000000000.0000 -10000000000.0000 -10000000000.0000 -10000000000.0000;
135:  0.0070   0.0220   0.0410   0.0680   0.1060   0.1570   0.2280   0.3100   0.3830   0.4630   0.5750   0.6970   0.8130   0.9380   1.0630   1.1990   1.3560   1.5060 -10000000000.0000 -10000000000.0000 -10000000000.0000 -10000000000.0000 -10000000000.0000;
136:  0.0070   0.0220   0.0410   0.0670   0.1060   0.1560   0.2280   0.3100   0.3820   0.4620   0.5740   0.6960   0.8130   0.9390   1.0640   1.2010   1.3590   1.5090 -10000000000.0000 -10000000000.0000 -10000000000.0000 -10000000000.0000 -10000000000.0000;
137:  0.0070   0.0220   0.0410   0.0670   0.1060   0.1560   0.2270   0.3090   0.3820   0.4620   0.5740   0.6960   0.8120   0.9390   1.0660   1.2030   1.3610   1.5120 -10000000000.0000 -10000000000.0000 -10000000000.0000 -10000000000.0000 -10000000000.0000;
138:  0.0070   0.0220   0.0410   0.0670   0.1060   0.1550   0.2260   0.3080   0.3810   0.4610   0.5740   0.6960   0.8120   0.9400   1.0670   1.2040   1.3640   1.5160 -10000000000.0000 -10000000000.0000 -10000000000.0000 -10000000000.0000 -10000000000.0000;
139:  0.0070   0.0220   0.0410   0.0670   0.1050   0.1550   0.2260   0.3070   0.3800   0.4600   0.5730   0.6960   0.8120   0.9400   1.0690   1.2070   1.3650   1.5190 -10000000000.0000 -10000000000.0000 -10000000000.0000 -10000000000.0000 -10000000000.0000;
140:  0.0070   0.0220   0.0410   0.0670   0.1050   0.1550   0.2250   0.3070   0.3800   0.4600   0.5730   0.6960   0.8120   0.9410   1.0700   1.2080   1.3680   1.5220 -10000000000.0000 -10000000000.0000 -10000000000.0000 -10000000000.0000 -10000000000.0000;
141:  0.0070   0.0220   0.0410   0.0670   0.1050   0.1550   0.2250   0.3060   0.3790   0.4600   0.5720   0.6960   0.8120   0.9420   1.0710   1.2100   1.3690   1.5250 -10000000000.0000 -10000000000.0000 -10000000000.0000 -10000000000.0000 -10000000000.0000;
142:  0.0070   0.0220   0.0410   0.0670   0.1050   0.1540   0.2240   0.3050   0.3780   0.4590   0.5720   0.6960   0.8120   0.9420   1.0710   1.2110   1.3710   1.5270   1.7250 -10000000000.0000 -10000000000.0000 -10000000000.0000 -10000000000.0000;
143:  0.0070   0.0220   0.0410   0.0670   0.1050   0.1540   0.2240   0.3050   0.3780   0.4580   0.5710   0.6960   0.8120   0.9420   1.0730   1.2120   1.3720   1.5300   1.7350   1.9920 -10000000000.0000 -10000000000.0000 -10000000000.0000;
144:  0.0070   0.0220   0.0410   0.0670   0.1050   0.1540   0.2230   0.3040   0.3770   0.4580   0.5710   0.6960   0.8110   0.9420   1.0730   1.2130   1.3740   1.5330   1.7430   2.0150 -10000000000.0000 -10000000000.0000 -10000000000.0000;
145:  0.0070   0.0220   0.0410   0.0670   0.1050   0.1530   0.2220   0.3030   0.3760   0.4570   0.5710   0.6960   0.8110   0.9420   1.0730   1.2130   1.3740   1.5350   1.7490   2.0350 -10000000000.0000 -10000000000.0000 -10000000000.0000;
146:  0.0070   0.0220   0.0410   0.0670   0.1040   0.1530   0.2220   0.3030   0.3750   0.4560   0.5700   0.6960   0.8110   0.9420   1.0740   1.2140   1.3750   1.5370   1.7540   2.0510 -10000000000.0000 -10000000000.0000 -10000000000.0000;
147:  0.0070   0.0220   0.0410   0.0670   0.1040   0.1530   0.2220   0.3020   0.3750   0.4560   0.5700   0.6960   0.8110   0.9420   1.0730   1.2150   1.3750   1.5380   1.7570   2.0620 -10000000000.0000 -10000000000.0000 -10000000000.0000;
148:  0.0080   0.0230   0.0410   0.0670   0.1040   0.1520   0.2210   0.3010   0.3740   0.4550   0.5700   0.6960   0.8100   0.9410   1.0730   1.2150   1.3760   1.5390   1.7580   2.0680 -10000000000.0000 -10000000000.0000 -10000000000.0000;
149:  0.0080   0.0230   0.0410   0.0670   0.1040   0.1520   0.2200   0.3000   0.3730   0.4540   0.5690   0.6960   0.8100   0.9410   1.0730   1.2150   1.3760   1.5410   1.7590   2.0700 -10000000000.0000 -10000000000.0000 -10000000000.0000;
150:  0.0080   0.0230   0.0410   0.0670   0.1040   0.1520   0.2200   0.3000   0.3720   0.4540   0.5690   0.6960   0.8090   0.9390   1.0720   1.2150   1.3760   1.5410   1.7580   2.0680 -10000000000.0000 -10000000000.0000 -10000000000.0000;
151:  0.0080   0.0230   0.0410   0.0670   0.1040   0.1520   0.2190   0.2990   0.3720   0.4530   0.5680   0.6960   0.8090   0.9380   1.0710   1.2150   1.3750   1.5420   1.7570   2.0640 -10000000000.0000 -10000000000.0000 -10000000000.0000;
152:  0.0080   0.0230   0.0410   0.0670   0.1040   0.1520   0.2190   0.2980   0.3710   0.4520   0.5680   0.6960   0.8090   0.9370   1.0700   1.2140   1.3750   1.5420   1.7570   2.0590   2.5920 -10000000000.0000 -10000000000.0000;
153:  0.0080   0.0230   0.0420   0.0670   0.1040   0.1510   0.2180   0.2980   0.3700   0.4520   0.5680   0.6960   0.8080   0.9360   1.0690   1.2130   1.3750   1.5420   1.7560   2.0520   2.5890 -10000000000.0000 -10000000000.0000;
154:  0.0080   0.0230   0.0420   0.0670   0.1040   0.1510   0.2180   0.2970   0.3690   0.4510   0.5670   0.6950   0.8080   0.9350   1.0680   1.2130   1.3740   1.5420   1.7550   2.0450   2.5830 -10000000000.0000 -10000000000.0000;
155:  0.0080   0.0230   0.0420   0.0670   0.1040   0.1510   0.2170   0.2960   0.3690   0.4500   0.5670   0.6960   0.8070   0.9340   1.0670   1.2120   1.3740   1.5410   1.7560   2.0400   2.5780 -10000000000.0000 -10000000000.0000;
156:  0.0080   0.0230   0.0420   0.0670   0.1040   0.1510   0.2170   0.2960   0.3680   0.4490   0.5660   0.6950   0.8060   0.9320   1.0660   1.2120   1.3730   1.5410   1.7570   2.0360   2.5740 -10000000000.0000 -10000000000.0000;
157:  0.0080   0.0230   0.0420   0.0670   0.1040   0.1500   0.2160   0.2950   0.3670   0.4480   0.5660   0.6950   0.8050   0.9310   1.0640   1.2110   1.3720   1.5400   1.7590   2.0350   2.5710 -10000000000.0000 -10000000000.0000;
158:  0.0080   0.0230   0.0420   0.0670   0.1040   0.1500   0.2160   0.2940   0.3660   0.4480   0.5660   0.6940   0.8050   0.9290   1.0630   1.2100   1.3720   1.5390   1.7610   2.0350   2.5700 -10000000000.0000 -10000000000.0000;
159:  0.0080   0.0230   0.0420   0.0670   0.1040   0.1500   0.2150   0.2930   0.3650   0.4470   0.5650   0.6940   0.8040   0.9280   1.0610   1.2100   1.3710   1.5390   1.7630   2.0370   2.5710 -10000000000.0000 -10000000000.0000;
160:  0.0080   0.0230   0.0420   0.0670   0.1040   0.1500   0.2150   0.2930   0.3650   0.4460   0.5640   0.6940   0.8030   0.9270   1.0600   1.2090   1.3700   1.5380   1.7650   2.0410   2.5740 -10000000000.0000 -10000000000.0000;
161:  0.0080   0.0230   0.0420   0.0670   0.1040   0.1500   0.2140   0.2920   0.3640   0.4460   0.5640   0.6930   0.8020   0.9250   1.0590   1.2080   1.3690   1.5370   1.7680   2.0450   2.5780 -10000000000.0000 -10000000000.0000;
162:  0.0080   0.0230   0.0420   0.0680   0.1040   0.1490   0.2140   0.2910   0.3630   0.4450   0.5630   0.6920   0.8010   0.9240   1.0580   1.2080   1.3690   1.5360   1.7700   2.0490   2.5830 -10000000000.0000 -10000000000.0000;
163:  0.0080   0.0240   0.0420   0.0680   0.1040   0.1490   0.2130   0.2910   0.3620   0.4440   0.5630   0.6910   0.8000   0.9230   1.0570   1.2080   1.3690   1.5350   1.7710   2.0520   2.5890 -10000000000.0000 -10000000000.0000;
164:  0.0080   0.0240   0.0420   0.0680   0.1030   0.1490   0.2130   0.2900   0.3610   0.4430   0.5620   0.6910   0.7990   0.9220   1.0560   1.2070   1.3680   1.5350   1.7720   2.0550   2.5950 -10000000000.0000 -10000000000.0000;
165:  0.0080   0.0240   0.0420   0.0680   0.1040   0.1490   0.2120   0.2900   0.3610   0.4420   0.5610   0.6900   0.7980   0.9210   1.0560   1.2070   1.3680   1.5350   1.7730   2.0550   2.6000 -10000000000.0000 -10000000000.0000;
166:  0.0080   0.0240   0.0430   0.0680   0.1040   0.1490   0.2120   0.2890   0.3600   0.4420   0.5600   0.6890   0.7970   0.9200   1.0550   1.2070   1.3680   1.5350   1.7710   2.0550   2.6050 -10000000000.0000 -10000000000.0000;
167:  0.0080   0.0240   0.0430   0.0680   0.1040   0.1480   0.2110   0.2880   0.3590   0.4410   0.5590   0.6880   0.7960   0.9190   1.0550   1.2070   1.3680   1.5350   1.7700   2.0520   2.6090 -10000000000.0000 -10000000000.0000;
168:  0.0090   0.0240   0.0430   0.0680   0.1040   0.1480   0.2110   0.2880   0.3590   0.4400   0.5590   0.6870   0.7950   0.9180   1.0550   1.2070   1.3680   1.5350   1.7680   2.0490   2.6120 -10000000000.0000 -10000000000.0000;
169:  0.0090   0.0240   0.0430   0.0680   0.1030   0.1480   0.2100   0.2870   0.3580   0.4390   0.5580   0.6860   0.7940   0.9180   1.0550   1.2080   1.3680   1.5350   1.7650   2.0430   2.6150 -10000000000.0000 -10000000000.0000;
170:  0.0090   0.0240   0.0430   0.0680   0.1030   0.1470   0.2100   0.2860   0.3570   0.4380   0.5570   0.6840   0.7930   0.9180   1.0560   1.2080   1.3690   1.5360   1.7620   2.0370   2.6170 -10000000000.0000 -10000000000.0000;
171:  0.0090   0.0240   0.0430   0.0680   0.1030   0.1470   0.2090   0.2860   0.3560   0.4380   0.5560   0.6830   0.7910   0.9180   1.0560   1.2090   1.3690   1.5370   1.7590   2.0310   2.6190 -10000000000.0000 -10000000000.0000;
172:  0.0090   0.0240   0.0430   0.0680   0.1030   0.1470   0.2090   0.2850   0.3560   0.4370   0.5550   0.6820   0.7900   0.9180   1.0570   1.2090   1.3700   1.5380   1.7560   2.0240   2.6200 -10000000000.0000 -10000000000.0000;
173:  0.0090   0.0240   0.0430   0.0680   0.1030   0.1470   0.2080   0.2840   0.3550   0.4360   0.5540   0.6810   0.7890   0.9180   1.0580   1.2100   1.3700   1.5390   1.7530   2.0200   2.6230 -10000000000.0000 -10000000000.0000;
174:  0.0090   0.0240   0.0430   0.0680   0.1030   0.1470   0.2080   0.2840   0.3540   0.4350   0.5530   0.6790   0.7880   0.9180   1.0590   1.2110   1.3720   1.5400   1.7510   2.0160   2.6250 -10000000000.0000 -10000000000.0000;
175:  0.0090   0.0240   0.0430   0.0680   0.1030   0.1470   0.2080   0.2830   0.3540   0.4340   0.5520   0.6780   0.7870   0.9190   1.0600   1.2120   1.3720   1.5420   1.7500   2.0130   2.6290 -10000000000.0000 -10000000000.0000;
176:  0.0090   0.0240   0.0430   0.0680   0.1030   0.1460   0.2070   0.2820   0.3530   0.4330   0.5510   0.6770   0.7860   0.9190   1.0610   1.2130   1.3730   1.5430   1.7490   2.0110   2.6320 -10000000000.0000 -10000000000.0000;
177:  0.0090   0.0240   0.0430   0.0680   0.1030   0.1460   0.2060   0.2810   0.3520   0.4330   0.5500   0.6760   0.7860   0.9190   1.0630   1.2130   1.3740   1.5440   1.7490   2.0110   2.6360 -10000000000.0000 -10000000000.0000;
178:  0.0090   0.0240   0.0430   0.0680   0.1030   0.1460   0.2060   0.2810   0.3520   0.4320   0.5490   0.6750   0.7840   0.9200   1.0640   1.2140   1.3750   1.5460   1.7500   2.0120   2.6400 -10000000000.0000 -10000000000.0000;
179:  0.0090   0.0240   0.0430   0.0680   0.1030   0.1450   0.2050   0.2800   0.3510   0.4310   0.5480   0.6730   0.7830   0.9200   1.0650   1.2150   1.3760   1.5470   1.7510   2.0140   2.6440 -10000000000.0000 -10000000000.0000;
180:  0.0090   0.0240   0.0430   0.0680   0.1030   0.1450   0.2050   0.2790   0.3500   0.4300   0.5470   0.6720   0.7820   0.9210   1.0660   1.2150   1.3760   1.5480   1.7530   2.0150   2.6460 -10000000000.0000 -10000000000.0000;
181:  0.0090   0.0240   0.0430   0.0680   0.1020   0.1450   0.2050   0.2780   0.3490   0.4290   0.5460   0.6710   0.7820   0.9210   1.0670   1.2160   1.3760   1.5490   1.7550   2.0170   2.6480 -10000000000.0000 -10000000000.0000;
182:  0.0090   0.0250   0.0430   0.0680   0.1020   0.1440   0.2040   0.2770   0.3480   0.4280   0.5450   0.6700   0.7810   0.9210   1.0680   1.2160   1.3760   1.5500   1.7570   2.0170   2.6500 -10000000000.0000 -10000000000.0000;
183:  0.0090   0.0250   0.0430   0.0680   0.1020   0.1440   0.2030   0.2770   0.3470   0.4280   0.5440   0.6680   0.7800   0.9210   1.0690   1.2170   1.3760   1.5510   1.7580   2.0160   2.6490 -10000000000.0000 -10000000000.0000;
184:  0.0090   0.0250   0.0430   0.0680   0.1020   0.1440   0.2030   0.2760   0.3460   0.4270   0.5430   0.6670   0.7790   0.9220   1.0690   1.2160   1.3770   1.5520   1.7600   2.0140   2.6470 -10000000000.0000 -10000000000.0000;
185:  0.0090   0.0250   0.0430   0.0680   0.1020   0.1440   0.2020   0.2750   0.3460   0.4260   0.5420   0.6660   0.7790   0.9220   1.0700   1.2160   1.3760   1.5520   1.7610   2.0110   2.6440 -10000000000.0000 -10000000000.0000;
186:  0.0090   0.0250   0.0430   0.0680   0.1010   0.1430   0.2020   0.2740   0.3450   0.4250   0.5410   0.6650   0.7780   0.9220   1.0700   1.2160   1.3760   1.5520   1.7610   2.0050   2.6400 -10000000000.0000 -10000000000.0000;
187:  0.0090   0.0250   0.0430   0.0680   0.1010   0.1430   0.2010   0.2730   0.3440   0.4240   0.5400   0.6640   0.7770   0.9220   1.0700   1.2150   1.3750   1.5510   1.7600   2.0000   2.6370 -10000000000.0000 -10000000000.0000;
188:  0.0090   0.0250   0.0430   0.0680   0.1010   0.1430   0.2000   0.2720   0.3430   0.4230   0.5390   0.6630   0.7770   0.9220   1.0700   1.2140   1.3740   1.5510   1.7600   1.9930   2.6330 -10000000000.0000 -10000000000.0000;
189:  0.0090   0.0250   0.0430   0.0680   0.1010   0.1420   0.2000   0.2710   0.3420   0.4220   0.5380   0.6620   0.7760   0.9210   1.0690   1.2130   1.3730   1.5500   1.7590   1.9870   2.6300 -10000000000.0000 -10000000000.0000;
190:  0.0090   0.0250   0.0430   0.0680   0.1010   0.1420   0.1990   0.2700   0.3410   0.4210   0.5370   0.6610   0.7750   0.9200   1.0680   1.2120   1.3720   1.5480   1.7570   1.9820   2.6280 -10000000000.0000 -10000000000.0000;
191:  0.0100   0.0250   0.0430   0.0680   0.1000   0.1410   0.1990   0.2690   0.3390   0.4200   0.5360   0.6600   0.7740   0.9190   1.0660   1.2110   1.3700   1.5460   1.7550   1.9780   2.6270 -10000000000.0000 -10000000000.0000;
192:  0.0100   0.0250   0.0430   0.0680   0.1000   0.1410   0.1980   0.2680   0.3380   0.4190   0.5350   0.6600   0.7740   0.9180   1.0650   1.2090   1.3680   1.5440   1.7540   1.9750   2.6280 -10000000000.0000 -10000000000.0000;
193:  0.0100   0.0250   0.0430   0.0670   0.1000   0.1410   0.1970   0.2670   0.3370   0.4180   0.5340   0.6590   0.7730   0.9170   1.0620   1.2070   1.3660   1.5420   1.7520   1.9750   2.6290 -10000000000.0000 -10000000000.0000;
194:  0.0100   0.0250   0.0430   0.0670   0.1000   0.1400   0.1970   0.2660   0.3360   0.4170   0.5330   0.6580   0.7720   0.9150   1.0610   1.2050   1.3640   1.5400   1.7500   1.9780   2.6320 -10000000000.0000 -10000000000.0000;
195:  0.0100   0.0250   0.0430   0.0670   0.0990   0.1400   0.1960   0.2650   0.3350   0.4160   0.5320   0.6570   0.7710   0.9140   1.0580   1.2030   1.3620   1.5370   1.7480   1.9820   2.6350 -10000000000.0000 -10000000000.0000;
196:  0.0100   0.0250   0.0430   0.0670   0.0990   0.1390   0.1950   0.2640   0.3340   0.4150   0.5310   0.6560   0.7710   0.9120   1.0560   1.2000   1.3600   1.5340   1.7470   1.9870   2.6380 -10000000000.0000 -10000000000.0000;
197:  0.0100   0.0250   0.0430   0.0670   0.0990   0.1390   0.1950   0.2630   0.3320   0.4130   0.5300   0.6550   0.7700   0.9100   1.0520   1.1980   1.3580   1.5310   1.7460   1.9940   2.6410 -10000000000.0000 -10000000000.0000;
198:  0.0100   0.0250   0.0430   0.0670   0.0980   0.1390   0.1940   0.2620   0.3310   0.4120   0.5290   0.6550   0.7690   0.9080   1.0500   1.1950   1.3550   1.5270   1.7440   2.0010   2.6420 -10000000000.0000 -10000000000.0000;
199:  0.0100   0.0250   0.0430   0.0660   0.0980   0.1380   0.1930   0.2610   0.3300   0.4110   0.5280   0.6540   0.7690   0.9060   1.0470   1.1930   1.3520   1.5230   1.7430   2.0080   2.6410 -10000000000.0000 -10000000000.0000;
200:  0.0100   0.0250   0.0430   0.0660   0.0980   0.1380   0.1930   0.2600   0.3290   0.4100   0.5270   0.6530   0.7670   0.9040   1.0440   1.1900   1.3500   1.5200   1.7410   2.0120   2.6380 -10000000000.0000 -10000000000.0000;
201:  0.0100   0.0250   0.0430   0.0660   0.0980   0.1370   0.1920   0.2590   0.3280   0.4080   0.5260   0.6520   0.7670   0.9020   1.0400   1.1880   1.3480   1.5160   1.7390   2.0150   2.6320 -10000000000.0000 -10000000000.0000;
202:  0.0100   0.0250   0.0430   0.0660   0.0970   0.1370   0.1910   0.2580   0.3260   0.4070   0.5250   0.6510   0.7650   0.8990   1.0370   1.1850   1.3450   1.5130   1.7360   2.0140   2.6250 -10000000000.0000 -10000000000.0000;
203:  0.0100   0.0250   0.0430   0.0660   0.0970   0.1360   0.1900   0.2570   0.3250   0.4060   0.5230   0.6500   0.7650   0.8970   1.0340   1.1820   1.3430   1.5090   1.7320   2.0110   2.6150 -10000000000.0000 -10000000000.0000;
204:  0.0100   0.0250   0.0430   0.0660   0.0970   0.1360   0.1900   0.2560   0.3240   0.4040   0.5220   0.6490   0.7630   0.8950   1.0310   1.1800   1.3410   1.5060   1.7270   2.0030   2.6030 -10000000000.0000 -10000000000.0000;
205:  0.0100   0.0250   0.0430   0.0650   0.0960   0.1360   0.1890   0.2550   0.3230   0.4030   0.5210   0.6480   0.7620   0.8920   1.0270   1.1780   1.3390   1.5030   1.7230   1.9940   2.5920 -10000000000.0000 -10000000000.0000;
206:  0.0100   0.0250   0.0430   0.0650   0.0960   0.1350   0.1880   0.2540   0.3210   0.4020   0.5200   0.6470   0.7610   0.8900   1.0240   1.1760   1.3370   1.5000   1.7160   1.9820   2.5800 -10000000000.0000 -10000000000.0000;
207:  0.0090   0.0250   0.0420   0.0650   0.0960   0.1340   0.1870   0.2530   0.3200   0.4000   0.5180   0.6460   0.7600   0.8880   1.0220   1.1740   1.3360   1.4970   1.7100   1.9680   2.5680 -10000000000.0000 -10000000000.0000;
208:  0.0090   0.0240   0.0420   0.0650   0.0960   0.1340   0.1870   0.2520   0.3190   0.3990   0.5170   0.6440   0.7590   0.8860   1.0190   1.1720   1.3340   1.4940   1.7020   1.9540 -10000000000.0000 -10000000000.0000 -10000000000.0000;
209:  0.0090   0.0240   0.0420   0.0650   0.0950   0.1340   0.1860   0.2510   0.3170   0.3980   0.5160   0.6430   0.7580   0.8840   1.0170   1.1700   1.3330   1.4920   1.6950   1.9400 -10000000000.0000 -10000000000.0000 -10000000000.0000;
210:  0.0090   0.0240   0.0420   0.0650   0.0950   0.1330   0.1850   0.2500   0.3160   0.3970   0.5140   0.6420   0.7560   0.8820   1.0150   1.1680   1.3320   1.4890   1.6890   1.9300 -10000000000.0000 -10000000000.0000 -10000000000.0000;
211:  0.0090   0.0240   0.0420   0.0640   0.0950   0.1330   0.1840   0.2480   0.3150   0.3950   0.5130   0.6400   0.7550   0.8800   1.0130   1.1670   1.3310   1.4880   1.6820   1.9220 -10000000000.0000 -10000000000.0000 -10000000000.0000;
212:  0.0090   0.0240   0.0420   0.0640   0.0940   0.1320   0.1840   0.2480   0.3140   0.3940   0.5120   0.6390   0.7540   0.8780   1.0110   1.1660   1.3300   1.4870   1.6780   1.9190 -10000000000.0000 -10000000000.0000 -10000000000.0000;
213:  0.0090   0.0240   0.0420   0.0640   0.0940   0.1320   0.1830   0.2470   0.3120   0.3920   0.5100   0.6380   0.7520   0.8770   1.0090   1.1640   1.3290   1.4850   1.6730   1.9210 -10000000000.0000 -10000000000.0000 -10000000000.0000;
214:  0.0090   0.0240   0.0420   0.0640   0.0940   0.1310   0.1820   0.2450   0.3110   0.3910   0.5080   0.6360   0.7510   0.8760   1.0080   1.1630   1.3290   1.4850   1.6720   1.9290 -10000000000.0000 -10000000000.0000 -10000000000.0000;
215:  0.0090   0.0240   0.0410   0.0640   0.0930   0.1310   0.1810   0.2440   0.3100   0.3900   0.5070   0.6350   0.7490   0.8740   1.0060   1.1620   1.3280   1.4840   1.6720   1.9430 -10000000000.0000 -10000000000.0000 -10000000000.0000;
216:  0.0090   0.0240   0.0410   0.0630   0.0930   0.1300   0.1810   0.2440   0.3090   0.3880   0.5050   0.6330   0.7480   0.8730   1.0060   1.1610   1.3280   1.4830   1.6750   1.9620 -10000000000.0000 -10000000000.0000 -10000000000.0000;
217:  0.0090   0.0240   0.0410   0.0630   0.0930   0.1300   0.1800   0.2420   0.3080   0.3870   0.5040   0.6310   0.7460   0.8720   1.0050   1.1610   1.3280   1.4830   1.6800   1.9870 -10000000000.0000 -10000000000.0000 -10000000000.0000;
218:  0.0090   0.0240   0.0410   0.0630   0.0930   0.1290   0.1790   0.2410   0.3060   0.3860   0.5020   0.6300   0.7450   0.8710   1.0050   1.1600   1.3280   1.4830   1.6870 -10000000000.0000 -10000000000.0000 -10000000000.0000 -10000000000.0000;
219:  0.0090   0.0240   0.0410   0.0630   0.0930   0.1290   0.1790   0.2410   0.3050   0.3840   0.5010   0.6280   0.7430   0.8700   1.0040   1.1590   1.3270   1.4830 -10000000000.0000 -10000000000.0000 -10000000000.0000 -10000000000.0000 -10000000000.0000;
220:  0.0090   0.0240   0.0410   0.0630   0.0920   0.1290   0.1780   0.2390   0.3040   0.3830   0.4990   0.6270   0.7410   0.8690   1.0040   1.1580   1.3270   1.4840 -10000000000.0000 -10000000000.0000 -10000000000.0000 -10000000000.0000 -10000000000.0000;
221:  0.0090   0.0240   0.0410   0.0620   0.0920   0.1280   0.1770   0.2390   0.3030   0.3820   0.4980   0.6250   0.7400   0.8690   1.0030   1.1570   1.3270   1.4840 -10000000000.0000 -10000000000.0000 -10000000000.0000 -10000000000.0000 -10000000000.0000;
222:  0.0090   0.0240   0.0400   0.0620   0.0920   0.1280   0.1760   0.2380   0.3020   0.3800   0.4960   0.6240   0.7380   0.8680   1.0030   1.1560   1.3260   1.4840 -10000000000.0000 -10000000000.0000 -10000000000.0000 -10000000000.0000 -10000000000.0000;
223:  0.0090   0.0230   0.0400   0.0620   0.0920   0.1270   0.1760   0.2370   0.3010   0.3790   0.4940   0.6220   0.7370   0.8670   1.0030   1.1560   1.3260   1.4840 -10000000000.0000 -10000000000.0000 -10000000000.0000 -10000000000.0000 -10000000000.0000;
224:  0.0090   0.0230   0.0400   0.0620   0.0910   0.1270   0.1750   0.2360   0.3000   0.3780   0.4930   0.6200   0.7350   0.8670   1.0030   1.1550   1.3250   1.4840 -10000000000.0000 -10000000000.0000 -10000000000.0000 -10000000000.0000 -10000000000.0000;
225:  0.0090   0.0230   0.0400   0.0620   0.0910   0.1260   0.1740   0.2350   0.2990   0.3770   0.4910   0.6190   0.7330   0.8660   1.0020   1.1540   1.3240   1.4840 -10000000000.0000 -10000000000.0000 -10000000000.0000 -10000000000.0000 -10000000000.0000;
226:  0.0090   0.0230   0.0400   0.0620   0.0910   0.1260   0.1740   0.2340   0.2970   0.3750   0.4900   0.6170   0.7320   0.8650   1.0020   1.1520   1.3230   1.4840 -10000000000.0000 -10000000000.0000 -10000000000.0000 -10000000000.0000 -10000000000.0000;
227:  0.0090   0.0230   0.0400   0.0610   0.0910   0.1250   0.1730   0.2330   0.2960   0.3740   0.4890   0.6160   0.7310   0.8650   1.0010   1.1500   1.3220   1.4840 -10000000000.0000 -10000000000.0000 -10000000000.0000 -10000000000.0000 -10000000000.0000;
228:  0.0090   0.0230   0.0400   0.0610   0.0900   0.1250   0.1730   0.2320   0.2950   0.3730   0.4870   0.6150   0.7290   0.8640   1.0010   1.1490   1.3200   1.4820 -10000000000.0000 -10000000000.0000 -10000000000.0000 -10000000000.0000 -10000000000.0000;
229:  0.0090   0.0230   0.0390   0.0610   0.0900   0.1250   0.1720   0.2310   0.2940   0.3710   0.4860   0.6130   0.7280   0.8630   1.0000   1.1470   1.3190 -10000000000.0000 -10000000000.0000 -10000000000.0000 -10000000000.0000 -10000000000.0000 -10000000000.0000;
230:  0.0090   0.0230   0.0390   0.0610   0.0900   0.1240   0.1710   0.2310   0.2930   0.3700   0.4840   0.6110   0.7260   0.8610   0.9990   1.1440   1.3160 -10000000000.0000 -10000000000.0000 -10000000000.0000 -10000000000.0000 -10000000000.0000 -10000000000.0000;
231:  0.0090   0.0230   0.0390   0.0610   0.0900   0.1240   0.1710   0.2300   0.2920   0.3690   0.4830   0.6100   0.7250   0.8600   0.9980   1.1420   1.3130 -10000000000.0000 -10000000000.0000 -10000000000.0000 -10000000000.0000 -10000000000.0000 -10000000000.0000;
232:  0.0090   0.0230   0.0390   0.0610   0.0890   0.1230   0.1700   0.2290   0.2910   0.3680   0.4820   0.6090   0.7230   0.8580   0.9960   1.1400   1.3110 -10000000000.0000 -10000000000.0000 -10000000000.0000 -10000000000.0000 -10000000000.0000 -10000000000.0000;
233:  0.0090   0.0230   0.0390   0.0610   0.0890   0.1230   0.1690   0.2280   0.2900   0.3670   0.4810   0.6080   0.7220   0.8570   0.9940   1.1370   1.3070 -10000000000.0000 -10000000000.0000 -10000000000.0000 -10000000000.0000 -10000000000.0000 -10000000000.0000;
234:  0.0090   0.0230   0.0390   0.0600   0.0890   0.1220   0.1690   0.2270   0.2890   0.3660   0.4790   0.6070   0.7200   0.8550   0.9920   1.1340   1.3040 -10000000000.0000 -10000000000.0000 -10000000000.0000 -10000000000.0000 -10000000000.0000 -10000000000.0000;
235:  0.0090   0.0230   0.0390   0.0600   0.0890   0.1220   0.1680   0.2270   0.2880   0.3650   0.4780   0.6050   0.7190   0.8530   0.9900   1.1310   1.3010 -10000000000.0000 -10000000000.0000 -10000000000.0000 -10000000000.0000 -10000000000.0000 -10000000000.0000;
236:  0.0080   0.0230   0.0390   0.0600   0.0880   0.1220   0.1680   0.2260   0.2880   0.3640   0.4770   0.6050   0.7170   0.8510   0.9870   1.1270   1.2960 -10000000000.0000 -10000000000.0000 -10000000000.0000 -10000000000.0000 -10000000000.0000 -10000000000.0000;
237:  0.0080   0.0220   0.0390   0.0600   0.0880   0.1210   0.1670   0.2250   0.2870   0.3630   0.4760   0.6040   0.7160   0.8490   0.9850   1.1240   1.2920 -10000000000.0000 -10000000000.0000 -10000000000.0000 -10000000000.0000 -10000000000.0000 -10000000000.0000;
238:  0.0080   0.0220   0.0380   0.0600   0.0880   0.1210   0.1670   0.2250   0.2860   0.3620   0.4750   0.6030   0.7150   0.8470   0.9820   1.1210   1.2880 -10000000000.0000 -10000000000.0000 -10000000000.0000 -10000000000.0000 -10000000000.0000 -10000000000.0000;
239:  0.0080   0.0220   0.0380   0.0600   0.0880   0.1200   0.1660   0.2240   0.2850   0.3610   0.4750   0.6020   0.7130   0.8440   0.9790   1.1170   1.2830 -10000000000.0000 -10000000000.0000 -10000000000.0000 -10000000000.0000 -10000000000.0000 -10000000000.0000;
240:  0.0080   0.0220   0.0380   0.0590   0.0870   0.1200   0.1660   0.2230   0.2840   0.3610   0.4730   0.6000   0.7120   0.8420   0.9750   1.1130   1.2790   1.4390 -10000000000.0000 -10000000000.0000 -10000000000.0000 -10000000000.0000 -10000000000.0000;
241:  0.0080   0.0220   0.0380   0.0590   0.0870   0.1200   0.1650   0.2230   0.2830   0.3600   0.4730   0.6000   0.7110   0.8390   0.9720   1.1090   1.2730   1.4320 -10000000000.0000 -10000000000.0000 -10000000000.0000 -10000000000.0000 -10000000000.0000;
242:  0.0080   0.0220   0.0380   0.0590   0.0870   0.1190   0.1650   0.2220   0.2820   0.3590   0.4720   0.5990   0.7090   0.8360   0.9680   1.1060   1.2690   1.4260 -10000000000.0000 -10000000000.0000 -10000000000.0000 -10000000000.0000 -10000000000.0000;
243:  0.0080   0.0220   0.0380   0.0590   0.0870   0.1190   0.1640   0.2220   0.2820   0.3580   0.4710   0.5980   0.7080   0.8340   0.9640   1.1020   1.2640   1.4190 -10000000000.0000 -10000000000.0000 -10000000000.0000 -10000000000.0000 -10000000000.0000;
244:  0.0080   0.0220   0.0380   0.0590   0.0860   0.1180   0.1640   0.2210   0.2810   0.3570   0.4700   0.5970   0.7070   0.8310   0.9610   1.0990   1.2590   1.4130 -10000000000.0000 -10000000000.0000 -10000000000.0000 -10000000000.0000 -10000000000.0000;
245:  0.0080   0.0220   0.0380   0.0590   0.0860   0.1180   0.1630   0.2210   0.2810   0.3570   0.4700   0.5960   0.7060   0.8280   0.9570   1.0960   1.2550   1.4060 -10000000000.0000 -10000000000.0000 -10000000000.0000 -10000000000.0000 -10000000000.0000;
246:  0.0080   0.0220   0.0380   0.0590   0.0860   0.1180   0.1630   0.2200   0.2800   0.3560   0.4690   0.5950   0.7040   0.8250   0.9540   1.0920   1.2500   1.3990 -10000000000.0000 -10000000000.0000 -10000000000.0000 -10000000000.0000 -10000000000.0000;
247:  0.0080   0.0220   0.0380   0.0590   0.0850   0.1170   0.1620   0.2200   0.2790   0.3560   0.4680   0.5940   0.7030   0.8230   0.9510   1.0890   1.2460   1.3930 -10000000000.0000 -10000000000.0000 -10000000000.0000 -10000000000.0000 -10000000000.0000;
248:  0.0080   0.0220   0.0380   0.0580   0.0850   0.1170   0.1620   0.2190   0.2790   0.3550   0.4670   0.5930   0.7020   0.8200   0.9470   1.0870   1.2420   1.3860 -10000000000.0000 -10000000000.0000 -10000000000.0000 -10000000000.0000 -10000000000.0000;
249:  0.0080   0.0220   0.0380   0.0580   0.0850   0.1170   0.1620   0.2190   0.2790   0.3550   0.4670   0.5920   0.7010   0.8170   0.9440   1.0840   1.2380   1.3790 -10000000000.0000 -10000000000.0000 -10000000000.0000 -10000000000.0000 -10000000000.0000;
250:  0.0080   0.0220   0.0380   0.0580   0.0850   0.1160   0.1620   0.2190   0.2780   0.3540   0.4670   0.5910   0.7000   0.8150   0.9410   1.0820   1.2340   1.3730 -10000000000.0000 -10000000000.0000 -10000000000.0000 -10000000000.0000 -10000000000.0000;
251:  0.0080   0.0220   0.0380   0.0580   0.0840   0.1160   0.1610   0.2180   0.2780   0.3540   0.4660   0.5900   0.6990   0.8130   0.9390   1.0800   1.2310   1.3670 -10000000000.0000 -10000000000.0000 -10000000000.0000 -10000000000.0000 -10000000000.0000;
252:  0.0080   0.0220   0.0370   0.0580   0.0840   0.1160   0.1610   0.2180   0.2780   0.3540   0.4650   0.5890   0.6970   0.8100   0.9360   1.0790   1.2280   1.3620 -10000000000.0000 -10000000000.0000 -10000000000.0000 -10000000000.0000 -10000000000.0000;
253:  0.0080   0.0220   0.0370   0.0580   0.0840   0.1150   0.1610   0.2180   0.2780   0.3530   0.4650   0.5890   0.6970   0.8090   0.9350   1.0780   1.2260   1.3570 -10000000000.0000 -10000000000.0000 -10000000000.0000 -10000000000.0000 -10000000000.0000;
254:  0.0080   0.0220   0.0370   0.0580   0.0840   0.1150   0.1610   0.2180   0.2780   0.3530   0.4640   0.5870   0.6950   0.8070   0.9330   1.0760   1.2240   1.3520 -10000000000.0000 -10000000000.0000 -10000000000.0000 -10000000000.0000 -10000000000.0000;
255:  0.0080   0.0220   0.0370   0.0570   0.0830   0.1150   0.1600   0.2180   0.2770   0.3530   0.4630   0.5860   0.6940   0.8050   0.9320   1.0760   1.2220   1.3480 -10000000000.0000 -10000000000.0000 -10000000000.0000 -10000000000.0000 -10000000000.0000;
256:  0.0080   0.0210   0.0370   0.0570   0.0830   0.1150   0.1600   0.2180   0.2770   0.3520   0.4630   0.5850   0.6930   0.8040   0.9310   1.0760   1.2210   1.3440 -10000000000.0000 -10000000000.0000 -10000000000.0000 -10000000000.0000 -10000000000.0000;
257:  0.0080   0.0210   0.0370   0.0570   0.0830   0.1150   0.1600   0.2180   0.2770   0.3520   0.4620   0.5840   0.6920   0.8030   0.9310   1.0760   1.2190   1.3410 -10000000000.0000 -10000000000.0000 -10000000000.0000 -10000000000.0000 -10000000000.0000;
258:  0.0080   0.0210   0.0370   0.0570   0.0830   0.1140   0.1600   0.2180   0.2780   0.3520   0.4620   0.5830   0.6910   0.8020   0.9310   1.0770   1.2190   1.3390 -10000000000.0000 -10000000000.0000 -10000000000.0000 -10000000000.0000 -10000000000.0000;
259:  0.0080   0.0210   0.0370   0.0570   0.0830   0.1140   0.1600   0.2180   0.2780   0.3520   0.4620   0.5830   0.6910   0.8020   0.9300   1.0780   1.2190   1.3370 -10000000000.0000 -10000000000.0000 -10000000000.0000 -10000000000.0000 -10000000000.0000;
260:  0.0080   0.0210   0.0370   0.0570   0.0820   0.1140   0.1600   0.2180   0.2780   0.3520   0.4610   0.5810   0.6900   0.8020   0.9310   1.0780   1.2180 -10000000000.0000 -10000000000.0000 -10000000000.0000 -10000000000.0000 -10000000000.0000 -10000000000.0000;
261:  0.0080   0.0210   0.0370   0.0570   0.0820   0.1140   0.1600   0.2180   0.2780   0.3520   0.4600   0.5810   0.6890   0.8010   0.9320   1.0800 -10000000000.0000 -10000000000.0000 -10000000000.0000 -10000000000.0000 -10000000000.0000 -10000000000.0000 -10000000000.0000;
262:  0.0080   0.0210   0.0370   0.0570   0.0820   0.1140   0.1600   0.2180   0.2790   0.3520   0.4600   0.5800   0.6880   0.8010   0.9330   1.0810 -10000000000.0000 -10000000000.0000 -10000000000.0000 -10000000000.0000 -10000000000.0000 -10000000000.0000 -10000000000.0000;
263:  0.0080   0.0210   0.0370   0.0570   0.0820   0.1140   0.1600   0.2180   0.2790   0.3520   0.4600   0.5790   0.6880   0.8020   0.9340   1.0830 -10000000000.0000 -10000000000.0000 -10000000000.0000 -10000000000.0000 -10000000000.0000 -10000000000.0000 -10000000000.0000;
264:  0.0080   0.0210   0.0370   0.0560   0.0820   0.1140   0.1600   0.2190   0.2790   0.3520   0.4590   0.5780   0.6870   0.8020   0.9360   1.0840 -10000000000.0000 -10000000000.0000 -10000000000.0000 -10000000000.0000 -10000000000.0000 -10000000000.0000 -10000000000.0000;
265:  0.0080   0.0210   0.0370   0.0560   0.0820   0.1140   0.1600   0.2190   0.2800   0.3520   0.4590   0.5780   0.6870   0.8030   0.9370   1.0860 -10000000000.0000 -10000000000.0000 -10000000000.0000 -10000000000.0000 -10000000000.0000 -10000000000.0000 -10000000000.0000;
266:  0.0070   0.0210   0.0360   0.0560   0.0820   0.1140   0.1600   0.2190   0.2800   0.3530   0.4590   0.5770   0.6860   0.8030   0.9390   1.0870 -10000000000.0000 -10000000000.0000 -10000000000.0000 -10000000000.0000 -10000000000.0000 -10000000000.0000 -10000000000.0000;
267:  0.0070   0.0210   0.0360   0.0560   0.0820   0.1140   0.1600   0.2200   0.2810   0.3530   0.4580   0.5760   0.6850   0.8040   0.9410   1.0890 -10000000000.0000 -10000000000.0000 -10000000000.0000 -10000000000.0000 -10000000000.0000 -10000000000.0000 -10000000000.0000;
268:  0.0070   0.0210   0.0360   0.0560   0.0810   0.1140   0.1600   0.2200   0.2810   0.3530   0.4580   0.5760   0.6850   0.8050   0.9420   1.0900 -10000000000.0000 -10000000000.0000 -10000000000.0000 -10000000000.0000 -10000000000.0000 -10000000000.0000 -10000000000.0000;
269:  0.0070   0.0210   0.0360   0.0560   0.0810   0.1140   0.1610   0.2210   0.2820   0.3530   0.4580   0.5760   0.6850   0.8060   0.9440   1.0910 -10000000000.0000 -10000000000.0000 -10000000000.0000 -10000000000.0000 -10000000000.0000 -10000000000.0000 -10000000000.0000;
270:  0.0070   0.0210   0.0360   0.0560   0.0820   0.1140   0.1610   0.2210   0.2820   0.3540   0.4580   0.5760   0.6850   0.8070   0.9460   1.0930 -10000000000.0000 -10000000000.0000 -10000000000.0000 -10000000000.0000 -10000000000.0000 -10000000000.0000 -10000000000.0000;
271:  0.0070   0.0210   0.0360   0.0560   0.0820   0.1140   0.1610   0.2210   0.2830   0.3540   0.4580   0.5750   0.6850   0.8070   0.9470   1.0930 -10000000000.0000 -10000000000.0000 -10000000000.0000 -10000000000.0000 -10000000000.0000 -10000000000.0000 -10000000000.0000;
272:  0.0070   0.0210   0.0360   0.0560   0.0820   0.1140   0.1620   0.2220   0.2840   0.3540   0.4580   0.5750   0.6850   0.8080   0.9490   1.0940 -10000000000.0000 -10000000000.0000 -10000000000.0000 -10000000000.0000 -10000000000.0000 -10000000000.0000 -10000000000.0000;
273:  0.0070   0.0210   0.0360   0.0560   0.0820   0.1140   0.1620   0.2230   0.2840   0.3550   0.4580   0.5750   0.6850   0.8100   0.9500   1.0940 -10000000000.0000 -10000000000.0000 -10000000000.0000 -10000000000.0000 -10000000000.0000 -10000000000.0000 -10000000000.0000;
274:  0.0070   0.0210   0.0360   0.0560   0.0820   0.1140   0.1620   0.2230   0.2850   0.3550   0.4580   0.5760   0.6850   0.8100   0.9510   1.0940 -10000000000.0000 -10000000000.0000 -10000000000.0000 -10000000000.0000 -10000000000.0000 -10000000000.0000 -10000000000.0000;
275:  0.0070   0.0210   0.0360   0.0560   0.0820   0.1140   0.1630   0.2240   0.2860   0.3560   0.4580   0.5760   0.6850   0.8110   0.9520   1.0940 -10000000000.0000 -10000000000.0000 -10000000000.0000 -10000000000.0000 -10000000000.0000 -10000000000.0000 -10000000000.0000;
276:  0.0070   0.0210   0.0360   0.0560   0.0820   0.1150   0.1630   0.2250   0.2860   0.3560   0.4590   0.5760   0.6860   0.8110   0.9520   1.0930 -10000000000.0000 -10000000000.0000 -10000000000.0000 -10000000000.0000 -10000000000.0000 -10000000000.0000 -10000000000.0000;
277:  0.0070   0.0210   0.0360   0.0560   0.0820   0.1150   0.1640   0.2250   0.2870   0.3560   0.4590   0.5760   0.6850   0.8120   0.9520   1.0920 -10000000000.0000 -10000000000.0000 -10000000000.0000 -10000000000.0000 -10000000000.0000 -10000000000.0000 -10000000000.0000;
278:  0.0070   0.0210   0.0360   0.0560   0.0820   0.1150   0.1640   0.2260   0.2880   0.3570   0.4590   0.5770   0.6860   0.8120   0.9520   1.0910 -10000000000.0000 -10000000000.0000 -10000000000.0000 -10000000000.0000 -10000000000.0000 -10000000000.0000 -10000000000.0000;
279:  0.0070   0.0210   0.0360   0.0560   0.0820   0.1150   0.1650   0.2270   0.2890   0.3570   0.4600   0.5780   0.6860   0.8110   0.9510   1.0890 -10000000000.0000 -10000000000.0000 -10000000000.0000 -10000000000.0000 -10000000000.0000 -10000000000.0000 -10000000000.0000;
280:  0.0070   0.0210   0.0360   0.0560   0.0820   0.1160   0.1650   0.2280   0.2890   0.3580   0.4610   0.5780   0.6870   0.8120   0.9500   1.0870 -10000000000.0000 -10000000000.0000 -10000000000.0000 -10000000000.0000 -10000000000.0000 -10000000000.0000 -10000000000.0000;
281:  0.0070   0.0210   0.0360   0.0560   0.0820   0.1160   0.1660   0.2290   0.2900   0.3590   0.4610   0.5800   0.6880   0.8120   0.9490   1.0840 -10000000000.0000 -10000000000.0000 -10000000000.0000 -10000000000.0000 -10000000000.0000 -10000000000.0000 -10000000000.0000;
282:  0.0070   0.0210   0.0360   0.0560   0.0820   0.1160   0.1660   0.2290   0.2910   0.3590   0.4620   0.5800   0.6880   0.8110   0.9470   1.0810 -10000000000.0000 -10000000000.0000 -10000000000.0000 -10000000000.0000 -10000000000.0000 -10000000000.0000 -10000000000.0000;
283:  0.0070   0.0210   0.0360   0.0560   0.0830   0.1170   0.1670   0.2300   0.2920   0.3600   0.4630   0.5810   0.6890   0.8110   0.9450   1.0780 -10000000000.0000 -10000000000.0000 -10000000000.0000 -10000000000.0000 -10000000000.0000 -10000000000.0000 -10000000000.0000;
284:  0.0070   0.0210   0.0360   0.0560   0.0830   0.1170   0.1670   0.2310   0.2920   0.3600   0.4640   0.5830   0.6900   0.8100   0.9430   1.0750 -10000000000.0000 -10000000000.0000 -10000000000.0000 -10000000000.0000 -10000000000.0000 -10000000000.0000 -10000000000.0000;
285:  0.0070   0.0210   0.0360   0.0560   0.0830   0.1180   0.1680   0.2320   0.2930   0.3610   0.4640   0.5840   0.6900   0.8100   0.9400   1.0710 -10000000000.0000 -10000000000.0000 -10000000000.0000 -10000000000.0000 -10000000000.0000 -10000000000.0000 -10000000000.0000;
286:  0.0070   0.0210   0.0360   0.0560   0.0830   0.1180   0.1690   0.2330   0.2940   0.3620   0.4650   0.5840   0.6910   0.8090   0.9380   1.0680 -10000000000.0000 -10000000000.0000 -10000000000.0000 -10000000000.0000 -10000000000.0000 -10000000000.0000 -10000000000.0000;
287:  0.0070   0.0210   0.0360   0.0560   0.0840   0.1180   0.1690   0.2340   0.2950   0.3630   0.4660   0.5860   0.6920   0.8080   0.9350   1.0640 -10000000000.0000 -10000000000.0000 -10000000000.0000 -10000000000.0000 -10000000000.0000 -10000000000.0000 -10000000000.0000;
288:  0.0070   0.0210   0.0360   0.0560   0.0840   0.1190   0.1700   0.2350   0.2950   0.3640   0.4670   0.5870   0.6930   0.8070   0.9320   1.0600 -10000000000.0000 -10000000000.0000 -10000000000.0000 -10000000000.0000 -10000000000.0000 -10000000000.0000 -10000000000.0000;
289:  0.0070   0.0210   0.0360   0.0560   0.0840   0.1190   0.1710   0.2360   0.2960   0.3640   0.4680   0.5880   0.6930   0.8060   0.9290   1.0560 -10000000000.0000 -10000000000.0000 -10000000000.0000 -10000000000.0000 -10000000000.0000 -10000000000.0000 -10000000000.0000;
290:  0.0070   0.0210   0.0360   0.0560   0.0840   0.1200   0.1720   0.2370   0.2970   0.3650   0.4690   0.5890   0.6940   0.8060   0.9260   1.0520 -10000000000.0000 -10000000000.0000 -10000000000.0000 -10000000000.0000 -10000000000.0000 -10000000000.0000 -10000000000.0000;
291:  0.0070   0.0210   0.0360   0.0570   0.0850   0.1200   0.1720   0.2380   0.2980   0.3660   0.4700   0.5900   0.6950   0.8050   0.9230   1.0490 -10000000000.0000 -10000000000.0000 -10000000000.0000 -10000000000.0000 -10000000000.0000 -10000000000.0000 -10000000000.0000;
292:  0.0070   0.0210   0.0360   0.0570   0.0850   0.1210   0.1730   0.2390   0.2990   0.3670   0.4720   0.5920   0.6960   0.8040   0.9200   1.0450 -10000000000.0000 -10000000000.0000 -10000000000.0000 -10000000000.0000 -10000000000.0000 -10000000000.0000 -10000000000.0000;
293:  0.0070   0.0210   0.0360   0.0570   0.0850   0.1210   0.1740   0.2400   0.3000   0.3680   0.4730   0.5930   0.6970   0.8040   0.9180   1.0410 -10000000000.0000 -10000000000.0000 -10000000000.0000 -10000000000.0000 -10000000000.0000 -10000000000.0000 -10000000000.0000;
294:  0.0070   0.0210   0.0360   0.0570   0.0850   0.1210   0.1750   0.2400   0.3000   0.3690   0.4740   0.5940   0.6980   0.8030   0.9150   1.0380 -10000000000.0000 -10000000000.0000 -10000000000.0000 -10000000000.0000 -10000000000.0000 -10000000000.0000 -10000000000.0000;
295:  0.0070   0.0210   0.0360   0.0570   0.0860   0.1220   0.1760   0.2420   0.3010   0.3700   0.4750   0.5950   0.6990   0.8020   0.9120   1.0340 -10000000000.0000 -10000000000.0000 -10000000000.0000 -10000000000.0000 -10000000000.0000 -10000000000.0000 -10000000000.0000;
296:  0.0070   0.0210   0.0360   0.0570   0.0860   0.1230   0.1760   0.2430   0.3020   0.3710   0.4760   0.5950   0.7000   0.8020   0.9100   1.0310 -10000000000.0000 -10000000000.0000 -10000000000.0000 -10000000000.0000 -10000000000.0000 -10000000000.0000 -10000000000.0000;
297:  0.0070   0.0210   0.0370   0.0580   0.0870   0.1230   0.1770   0.2440   0.3030   0.3720   0.4770   0.5970   0.7010   0.8020   0.9080   1.0280 -10000000000.0000 -10000000000.0000 -10000000000.0000 -10000000000.0000 -10000000000.0000 -10000000000.0000 -10000000000.0000;
298:  0.0070   0.0210   0.0370   0.0580   0.0870   0.1240   0.1780   0.2440   0.3040   0.3730   0.4790   0.5970   0.7020   0.8020   0.9060 -10000000000.0000 -10000000000.0000 -10000000000.0000 -10000000000.0000 -10000000000.0000 -10000000000.0000 -10000000000.0000 -10000000000.0000;
299:  0.0070   0.0210   0.0370   0.0580   0.0870   0.1250   0.1790   0.2450   0.3050   0.3750   0.4800   0.5980   0.7020   0.8020   0.9040 -10000000000.0000 -10000000000.0000 -10000000000.0000 -10000000000.0000 -10000000000.0000 -10000000000.0000 -10000000000.0000 -10000000000.0000;
300:  0.0070   0.0210   0.0370   0.0580   0.0880   0.1250   0.1800   0.2460   0.3060   0.3760   0.4810   0.5990   0.7040   0.8030   0.9030 -10000000000.0000 -10000000000.0000 -10000000000.0000 -10000000000.0000 -10000000000.0000 -10000000000.0000 -10000000000.0000 -10000000000.0000;
301:  0.0070   0.0210   0.0370   0.0580   0.0880   0.1260   0.1810   0.2470   0.3070   0.3770   0.4830   0.6000   0.7040   0.8030 -10000000000.0000 -10000000000.0000 -10000000000.0000 -10000000000.0000 -10000000000.0000 -10000000000.0000 -10000000000.0000 -10000000000.0000 -10000000000.0000;
302:  0.0070   0.0210   0.0370   0.0590   0.0890   0.1270   0.1820   0.2490   0.3090   0.3790   0.4840   0.6000   0.7050   0.8040 -10000000000.0000 -10000000000.0000 -10000000000.0000 -10000000000.0000 -10000000000.0000 -10000000000.0000 -10000000000.0000 -10000000000.0000 -10000000000.0000;
303:  0.0070   0.0210   0.0370   0.0590   0.0890   0.1270   0.1830   0.2500   0.3100   0.3800   0.4850   0.6000   0.7060   0.8050 -10000000000.0000 -10000000000.0000 -10000000000.0000 -10000000000.0000 -10000000000.0000 -10000000000.0000 -10000000000.0000 -10000000000.0000 -10000000000.0000;
304:  0.0070   0.0210   0.0370   0.0590   0.0890   0.1280   0.1840   0.2510   0.3110   0.3810   0.4860   0.6010   0.7070   0.8060 -10000000000.0000 -10000000000.0000 -10000000000.0000 -10000000000.0000 -10000000000.0000 -10000000000.0000 -10000000000.0000 -10000000000.0000 -10000000000.0000;
305:  0.0070   0.0210   0.0370   0.0590   0.0900   0.1290   0.1850   0.2520   0.3120   0.3830   0.4880   0.6010   0.7080 -10000000000.0000 -10000000000.0000 -10000000000.0000 -10000000000.0000 -10000000000.0000 -10000000000.0000 -10000000000.0000 -10000000000.0000 -10000000000.0000 -10000000000.0000;
306:  0.0070   0.0210   0.0370   0.0590   0.0900   0.1290   0.1860   0.2530   0.3130   0.3840   0.4890   0.6020   0.7090 -10000000000.0000 -10000000000.0000 -10000000000.0000 -10000000000.0000 -10000000000.0000 -10000000000.0000 -10000000000.0000 -10000000000.0000 -10000000000.0000 -10000000000.0000;
307:  0.0070   0.0210   0.0370   0.0600   0.0910   0.1300   0.1860   0.2540   0.3150   0.3850   0.4900   0.6020   0.7100 -10000000000.0000 -10000000000.0000 -10000000000.0000 -10000000000.0000 -10000000000.0000 -10000000000.0000 -10000000000.0000 -10000000000.0000 -10000000000.0000 -10000000000.0000;
308:  0.0070   0.0210   0.0380   0.0600   0.0910   0.1310   0.1880   0.2550   0.3160   0.3870   0.4910   0.6030 -10000000000.0000 -10000000000.0000 -10000000000.0000 -10000000000.0000 -10000000000.0000 -10000000000.0000 -10000000000.0000 -10000000000.0000 -10000000000.0000 -10000000000.0000 -10000000000.0000;
309:  0.0070   0.0210   0.0380   0.0600   0.0920   0.1320   0.1880   0.2560   0.3170   0.3890   0.4930   0.6030 -10000000000.0000 -10000000000.0000 -10000000000.0000 -10000000000.0000 -10000000000.0000 -10000000000.0000 -10000000000.0000 -10000000000.0000 -10000000000.0000 -10000000000.0000 -10000000000.0000;
310:  0.0070   0.0210   0.0380   0.0600   0.0920   0.1320   0.1890   0.2570   0.3180   0.3900   0.4940   0.6030 -10000000000.0000 -10000000000.0000 -10000000000.0000 -10000000000.0000 -10000000000.0000 -10000000000.0000 -10000000000.0000 -10000000000.0000 -10000000000.0000 -10000000000.0000 -10000000000.0000;
311:  0.0070   0.0220   0.0380   0.0600   0.0930   0.1330   0.1900   0.2580   0.3200   0.3920   0.4950   0.6040 -10000000000.0000 -10000000000.0000 -10000000000.0000 -10000000000.0000 -10000000000.0000 -10000000000.0000 -10000000000.0000 -10000000000.0000 -10000000000.0000 -10000000000.0000 -10000000000.0000;
312:  0.0070   0.0220   0.0380   0.0610   0.0930   0.1340   0.1910   0.2590   0.3210   0.3930   0.4970   0.6040 -10000000000.0000 -10000000000.0000 -10000000000.0000 -10000000000.0000 -10000000000.0000 -10000000000.0000 -10000000000.0000 -10000000000.0000 -10000000000.0000 -10000000000.0000 -10000000000.0000;
313:  0.0070   0.0220   0.0380   0.0610   0.0940   0.1350   0.1930   0.2610   0.3230   0.3950   0.4980   0.6050 -10000000000.0000 -10000000000.0000 -10000000000.0000 -10000000000.0000 -10000000000.0000 -10000000000.0000 -10000000000.0000 -10000000000.0000 -10000000000.0000 -10000000000.0000 -10000000000.0000;
314:  0.0070   0.0220   0.0380   0.0610   0.0940   0.1360   0.1930   0.2620   0.3240   0.3960   0.4990   0.6060 -10000000000.0000 -10000000000.0000 -10000000000.0000 -10000000000.0000 -10000000000.0000 -10000000000.0000 -10000000000.0000 -10000000000.0000 -10000000000.0000 -10000000000.0000 -10000000000.0000;
315:  0.0070   0.0220   0.0380   0.0620   0.0950   0.1370   0.1940   0.2630   0.3260   0.3980   0.5010   0.6060 -10000000000.0000 -10000000000.0000 -10000000000.0000 -10000000000.0000 -10000000000.0000 -10000000000.0000 -10000000000.0000 -10000000000.0000 -10000000000.0000 -10000000000.0000 -10000000000.0000;
316:  0.0070   0.0220   0.0380   0.0620   0.0960   0.1380   0.1960   0.2640   0.3270   0.4000   0.5020   0.6070 -10000000000.0000 -10000000000.0000 -10000000000.0000 -10000000000.0000 -10000000000.0000 -10000000000.0000 -10000000000.0000 -10000000000.0000 -10000000000.0000 -10000000000.0000 -10000000000.0000;
317:  0.0070   0.0220   0.0390   0.0620   0.0960   0.1380   0.1970   0.2650   0.3290   0.4010   0.5030   0.6080 -10000000000.0000 -10000000000.0000 -10000000000.0000 -10000000000.0000 -10000000000.0000 -10000000000.0000 -10000000000.0000 -10000000000.0000 -10000000000.0000 -10000000000.0000 -10000000000.0000;
318:  0.0070   0.0220   0.0390   0.0620   0.0970   0.1390   0.1970   0.2670   0.3300   0.4030   0.5050   0.6090 -10000000000.0000 -10000000000.0000 -10000000000.0000 -10000000000.0000 -10000000000.0000 -10000000000.0000 -10000000000.0000 -10000000000.0000 -10000000000.0000 -10000000000.0000 -10000000000.0000;
319:  0.0070   0.0220   0.0390   0.0630   0.0970   0.1400   0.1990   0.2680   0.3320   0.4050   0.5060   0.6100 -10000000000.0000 -10000000000.0000 -10000000000.0000 -10000000000.0000 -10000000000.0000 -10000000000.0000 -10000000000.0000 -10000000000.0000 -10000000000.0000 -10000000000.0000 -10000000000.0000;
320:  0.0070   0.0220   0.0390   0.0630   0.0980   0.1410   0.1990   0.2690   0.3330   0.4060   0.5080   0.6110 -10000000000.0000 -10000000000.0000 -10000000000.0000 -10000000000.0000 -10000000000.0000 -10000000000.0000 -10000000000.0000 -10000000000.0000 -10000000000.0000 -10000000000.0000 -10000000000.0000;
321:  0.0080   0.0220   0.0390   0.0630   0.0980   0.1420   0.2010   0.2700   0.3350   0.4080   0.5100   0.6130 -10000000000.0000 -10000000000.0000 -10000000000.0000 -10000000000.0000 -10000000000.0000 -10000000000.0000 -10000000000.0000 -10000000000.0000 -10000000000.0000 -10000000000.0000 -10000000000.0000;
322:  0.0080   0.0220   0.0390   0.0640   0.0990   0.1430   0.2020   0.2720   0.3360   0.4100   0.5110   0.6140 -10000000000.0000 -10000000000.0000 -10000000000.0000 -10000000000.0000 -10000000000.0000 -10000000000.0000 -10000000000.0000 -10000000000.0000 -10000000000.0000 -10000000000.0000 -10000000000.0000;
323:  0.0080   0.0220   0.0400   0.0640   0.1000   0.1430   0.2030   0.2730   0.3380   0.4110   0.5130   0.6150 -10000000000.0000 -10000000000.0000 -10000000000.0000 -10000000000.0000 -10000000000.0000 -10000000000.0000 -10000000000.0000 -10000000000.0000 -10000000000.0000 -10000000000.0000 -10000000000.0000;
324:  0.0080   0.0220   0.0400   0.0640   0.1000   0.1440   0.2040   0.2740   0.3390   0.4130   0.5150   0.6180 -10000000000.0000 -10000000000.0000 -10000000000.0000 -10000000000.0000 -10000000000.0000 -10000000000.0000 -10000000000.0000 -10000000000.0000 -10000000000.0000 -10000000000.0000 -10000000000.0000;
325:  0.0080   0.0220   0.0400   0.0640   0.1010   0.1450   0.2050   0.2750   0.3410   0.4140   0.5160   0.6200 -10000000000.0000 -10000000000.0000 -10000000000.0000 -10000000000.0000 -10000000000.0000 -10000000000.0000 -10000000000.0000 -10000000000.0000 -10000000000.0000 -10000000000.0000 -10000000000.0000;
326:  0.0080   0.0220   0.0400   0.0650   0.1010   0.1460   0.2060   0.2760   0.3420   0.4160   0.5180   0.6220 -10000000000.0000 -10000000000.0000 -10000000000.0000 -10000000000.0000 -10000000000.0000 -10000000000.0000 -10000000000.0000 -10000000000.0000 -10000000000.0000 -10000000000.0000 -10000000000.0000;
327:  0.0080   0.0230   0.0400   0.0650   0.1020   0.1470   0.2070   0.2780   0.3440   0.4170   0.5200   0.6240 -10000000000.0000 -10000000000.0000 -10000000000.0000 -10000000000.0000 -10000000000.0000 -10000000000.0000 -10000000000.0000 -10000000000.0000 -10000000000.0000 -10000000000.0000 -10000000000.0000;
328:  0.0080   0.0230   0.0400   0.0650   0.1020   0.1470   0.2080   0.2790   0.3450   0.4190   0.5220   0.6260 -10000000000.0000 -10000000000.0000 -10000000000.0000 -10000000000.0000 -10000000000.0000 -10000000000.0000 -10000000000.0000 -10000000000.0000 -10000000000.0000 -10000000000.0000 -10000000000.0000;
329:  0.0080   0.0230   0.0400   0.0660   0.1030   0.1480   0.2090   0.2800   0.3470   0.4210   0.5240   0.6280 -10000000000.0000 -10000000000.0000 -10000000000.0000 -10000000000.0000 -10000000000.0000 -10000000000.0000 -10000000000.0000 -10000000000.0000 -10000000000.0000 -10000000000.0000 -10000000000.0000;
330:  0.0080   0.0230   0.0410   0.0660   0.1030   0.1490   0.2100   0.2820   0.3480   0.4220   0.5260   0.6310 -10000000000.0000 -10000000000.0000 -10000000000.0000 -10000000000.0000 -10000000000.0000 -10000000000.0000 -10000000000.0000 -10000000000.0000 -10000000000.0000 -10000000000.0000 -10000000000.0000;
331:  0.0080   0.0230   0.0410   0.0660   0.1040   0.1500   0.2110   0.2830   0.3500   0.4240   0.5280   0.6340 -10000000000.0000 -10000000000.0000 -10000000000.0000 -10000000000.0000 -10000000000.0000 -10000000000.0000 -10000000000.0000 -10000000000.0000 -10000000000.0000 -10000000000.0000 -10000000000.0000;
332:  0.0080   0.0230   0.0410   0.0670   0.1050   0.1500   0.2120   0.2850   0.3520   0.4260   0.5300   0.6370 -10000000000.0000 -10000000000.0000 -10000000000.0000 -10000000000.0000 -10000000000.0000 -10000000000.0000 -10000000000.0000 -10000000000.0000 -10000000000.0000 -10000000000.0000 -10000000000.0000;
333:  0.0080   0.0230   0.0410   0.0670   0.1050   0.1510   0.2130   0.2860   0.3530   0.4270   0.5320   0.6400 -10000000000.0000 -10000000000.0000 -10000000000.0000 -10000000000.0000 -10000000000.0000 -10000000000.0000 -10000000000.0000 -10000000000.0000 -10000000000.0000 -10000000000.0000 -10000000000.0000;
334:  0.0080   0.0230   0.0420   0.0670   0.1050   0.1510   0.2140   0.2870   0.3540   0.4290   0.5340   0.6430 -10000000000.0000 -10000000000.0000 -10000000000.0000 -10000000000.0000 -10000000000.0000 -10000000000.0000 -10000000000.0000 -10000000000.0000 -10000000000.0000 -10000000000.0000 -10000000000.0000;
335:  0.0080   0.0230   0.0420   0.0680   0.1060   0.1520   0.2140   0.2880   0.3560   0.4310   0.5370   0.6460 -10000000000.0000 -10000000000.0000 -10000000000.0000 -10000000000.0000 -10000000000.0000 -10000000000.0000 -10000000000.0000 -10000000000.0000 -10000000000.0000 -10000000000.0000 -10000000000.0000;
336:  0.0080   0.0230   0.0420   0.0680   0.1060   0.1530   0.2150   0.2900   0.3570   0.4320   0.5390   0.6490 -10000000000.0000 -10000000000.0000 -10000000000.0000 -10000000000.0000 -10000000000.0000 -10000000000.0000 -10000000000.0000 -10000000000.0000 -10000000000.0000 -10000000000.0000 -10000000000.0000;
337:  0.0080   0.0230   0.0420   0.0680   0.1070   0.1530   0.2160   0.2910   0.3580   0.4340   0.5410   0.6520 -10000000000.0000 -10000000000.0000 -10000000000.0000 -10000000000.0000 -10000000000.0000 -10000000000.0000 -10000000000.0000 -10000000000.0000 -10000000000.0000 -10000000000.0000 -10000000000.0000;
338:  0.0080   0.0230   0.0420   0.0690   0.1070   0.1540   0.2170   0.2920   0.3600   0.4350   0.5430   0.6560 -10000000000.0000 -10000000000.0000 -10000000000.0000 -10000000000.0000 -10000000000.0000 -10000000000.0000 -10000000000.0000 -10000000000.0000 -10000000000.0000 -10000000000.0000 -10000000000.0000;
339:  0.0080   0.0240   0.0430   0.0690   0.1080   0.1550   0.2180   0.2930   0.3610   0.4370   0.5450   0.6590 -10000000000.0000 -10000000000.0000 -10000000000.0000 -10000000000.0000 -10000000000.0000 -10000000000.0000 -10000000000.0000 -10000000000.0000 -10000000000.0000 -10000000000.0000 -10000000000.0000;
340:  0.0080   0.0240   0.0430   0.0690   0.1080   0.1550   0.2190   0.2940   0.3630   0.4380   0.5480   0.6630 -10000000000.0000 -10000000000.0000 -10000000000.0000 -10000000000.0000 -10000000000.0000 -10000000000.0000 -10000000000.0000 -10000000000.0000 -10000000000.0000 -10000000000.0000 -10000000000.0000;
341:  0.0080   0.0240   0.0430   0.0700   0.1090   0.1560   0.2200   0.2950   0.3640   0.4400   0.5500   0.6650 -10000000000.0000 -10000000000.0000 -10000000000.0000 -10000000000.0000 -10000000000.0000 -10000000000.0000 -10000000000.0000 -10000000000.0000 -10000000000.0000 -10000000000.0000 -10000000000.0000;
342:  0.0080   0.0240   0.0430   0.0700   0.1090   0.1560   0.2200   0.2970   0.3660   0.4420   0.5520   0.6690 -10000000000.0000 -10000000000.0000 -10000000000.0000 -10000000000.0000 -10000000000.0000 -10000000000.0000 -10000000000.0000 -10000000000.0000 -10000000000.0000 -10000000000.0000 -10000000000.0000;
343:  0.0080   0.0240   0.0430   0.0710   0.1100   0.1570   0.2210   0.2980   0.3670   0.4430   0.5540   0.6720 -10000000000.0000 -10000000000.0000 -10000000000.0000 -10000000000.0000 -10000000000.0000 -10000000000.0000 -10000000000.0000 -10000000000.0000 -10000000000.0000 -10000000000.0000 -10000000000.0000;
344:  0.0080   0.0240   0.0440   0.0710   0.1100   0.1570   0.2220   0.2990   0.3680   0.4450   0.5560   0.6760 -10000000000.0000 -10000000000.0000 -10000000000.0000 -10000000000.0000 -10000000000.0000 -10000000000.0000 -10000000000.0000 -10000000000.0000 -10000000000.0000 -10000000000.0000 -10000000000.0000;
345:  0.0080   0.0240   0.0440   0.0710   0.1100   0.1580   0.2230   0.3000   0.3700   0.4460   0.5580   0.6790 -10000000000.0000 -10000000000.0000 -10000000000.0000 -10000000000.0000 -10000000000.0000 -10000000000.0000 -10000000000.0000 -10000000000.0000 -10000000000.0000 -10000000000.0000 -10000000000.0000;
346:  0.0080   0.0240   0.0440   0.0720   0.1110   0.1580   0.2240   0.3010   0.3710   0.4480   0.5600   0.6820 -10000000000.0000 -10000000000.0000 -10000000000.0000 -10000000000.0000 -10000000000.0000 -10000000000.0000 -10000000000.0000 -10000000000.0000 -10000000000.0000 -10000000000.0000 -10000000000.0000;
347:  0.0080   0.0240   0.0440   0.0720   0.1110   0.1590   0.2240   0.3020   0.3720   0.4490   0.5630   0.6850 -10000000000.0000 -10000000000.0000 -10000000000.0000 -10000000000.0000 -10000000000.0000 -10000000000.0000 -10000000000.0000 -10000000000.0000 -10000000000.0000 -10000000000.0000 -10000000000.0000;
348:  0.0080   0.0240   0.0440   0.0720   0.1120   0.1590   0.2250   0.3030   0.3730   0.4510   0.5650   0.6880 -10000000000.0000 -10000000000.0000 -10000000000.0000 -10000000000.0000 -10000000000.0000 -10000000000.0000 -10000000000.0000 -10000000000.0000 -10000000000.0000 -10000000000.0000 -10000000000.0000;
349:  0.0080   0.0240   0.0450   0.0730   0.1120   0.1600   0.2250   0.3040   0.3750   0.4520   0.5670   0.6910 -10000000000.0000 -10000000000.0000 -10000000000.0000 -10000000000.0000 -10000000000.0000 -10000000000.0000 -10000000000.0000 -10000000000.0000 -10000000000.0000 -10000000000.0000 -10000000000.0000;
350:  0.0080   0.0240   0.0450   0.0730   0.1120   0.1600   0.2260   0.3050   0.3760   0.4530   0.5680   0.6940 -10000000000.0000 -10000000000.0000 -10000000000.0000 -10000000000.0000 -10000000000.0000 -10000000000.0000 -10000000000.0000 -10000000000.0000 -10000000000.0000 -10000000000.0000 -10000000000.0000;
351:  0.0080   0.0250   0.0450   0.0730   0.1130   0.1610   0.2270   0.3060   0.3770   0.4550   0.5700   0.6970 -10000000000.0000 -10000000000.0000 -10000000000.0000 -10000000000.0000 -10000000000.0000 -10000000000.0000 -10000000000.0000 -10000000000.0000 -10000000000.0000 -10000000000.0000 -10000000000.0000;
352:  0.0080   0.0250   0.0450   0.0730   0.1130   0.1610   0.2270   0.3070   0.3780   0.4570   0.5720   0.7000 -10000000000.0000 -10000000000.0000 -10000000000.0000 -10000000000.0000 -10000000000.0000 -10000000000.0000 -10000000000.0000 -10000000000.0000 -10000000000.0000 -10000000000.0000 -10000000000.0000;
353:  0.0080   0.0250   0.0450   0.0740   0.1130   0.1620   0.2280   0.3070   0.3790   0.4580   0.5740   0.7020 -10000000000.0000 -10000000000.0000 -10000000000.0000 -10000000000.0000 -10000000000.0000 -10000000000.0000 -10000000000.0000 -10000000000.0000 -10000000000.0000 -10000000000.0000 -10000000000.0000;
354:  0.0080   0.0250   0.0450   0.0740   0.1140   0.1620   0.2280   0.3080   0.3810   0.4600   0.5760   0.7050 -10000000000.0000 -10000000000.0000 -10000000000.0000 -10000000000.0000 -10000000000.0000 -10000000000.0000 -10000000000.0000 -10000000000.0000 -10000000000.0000 -10000000000.0000 -10000000000.0000;
355:  0.0080   0.0250   0.0460   0.0740   0.1140   0.1630   0.2290   0.3090   0.3820   0.4610   0.5780   0.7070 -10000000000.0000 -10000000000.0000 -10000000000.0000 -10000000000.0000 -10000000000.0000 -10000000000.0000 -10000000000.0000 -10000000000.0000 -10000000000.0000 -10000000000.0000 -10000000000.0000;
356:  0.0080   0.0250   0.0460   0.0750   0.1150   0.1630   0.2300   0.3100   0.3830   0.4630   0.5800   0.7100 -10000000000.0000 -10000000000.0000 -10000000000.0000 -10000000000.0000 -10000000000.0000 -10000000000.0000 -10000000000.0000 -10000000000.0000 -10000000000.0000 -10000000000.0000 -10000000000.0000;
357:  0.0080   0.0250   0.0460   0.0750   0.1150   0.1640   0.2300   0.3100   0.3840   0.4640   0.5810   0.7120   0.8230 -10000000000.0000 -10000000000.0000 -10000000000.0000 -10000000000.0000 -10000000000.0000 -10000000000.0000 -10000000000.0000 -10000000000.0000 -10000000000.0000 -10000000000.0000;
358:  0.0080   0.0250   0.0460   0.0750   0.1150   0.1640   0.2310   0.3110   0.3850   0.4650   0.5830   0.7140   0.8260 -10000000000.0000 -10000000000.0000 -10000000000.0000 -10000000000.0000 -10000000000.0000 -10000000000.0000 -10000000000.0000 -10000000000.0000 -10000000000.0000 -10000000000.0000;
359:  0.0080   0.0250   0.0460   0.0750   0.1160   0.1650   0.2310   0.3120   0.3870   0.4670   0.5840   0.7170   0.8290 -10000000000.0000 -10000000000.0000 -10000000000.0000 -10000000000.0000 -10000000000.0000 -10000000000.0000 -10000000000.0000 -10000000000.0000 -10000000000.0000 -10000000000.0000;
