C:\RK-3\Data\PA000001\HT0000010009R.DAT;
000:  0.0100   0.0300   0.0520   0.0810   0.1220   0.1700   0.2370   0.3150   0.3830   0.4630   0.5840   0.7210   0.8490   1.0140 -10000000000.0000 -10000000000.0000 -10000000000.0000 -10000000000.0000 -10000000000.0000 -10000000000.0000 -10000000000.0000 -10000000000.0000 -10000000000.0000;
001:  0.0100   0.0300   0.0520   0.0810   0.1220   0.1700   0.2370   0.3150   0.3830   0.4630   0.5840   0.7220   0.8510   1.0150 -10000000000.0000 -10000000000.0000 -10000000000.0000 -10000000000.0000 -10000000000.0000 -10000000000.0000 -10000000000.0000 -10000000000.0000 -10000000000.0000;
002:  0.0100   0.0290   0.0520   0.0810   0.1220   0.1700   0.2370   0.3150   0.3830   0.4630   0.5840   0.7230   0.8520   1.0160 -10000000000.0000 -10000000000.0000 -10000000000.0000 -10000000000.0000 -10000000000.0000 -10000000000.0000 -10000000000.0000 -10000000000.0000 -10000000000.0000;
003:  0.0100   0.0300   0.0520   0.0810   0.1220   0.1700   0.2370   0.3160   0.3840   0.4640   0.5850   0.7240   0.8540   1.0190 -10000000000.0000 -10000000000.0000 -10000000000.0000 -10000000000.0000 -10000000000.0000 -10000000000.0000 -10000000000.0000 -10000000000.0000 -10000000000.0000;
004:  0.0100   0.0290   0.0520   0.0810   0.1220   0.1700   0.2370   0.3160   0.3840   0.4640   0.5860   0.7250   0.8550   1.0200 -10000000000.0000 -10000000000.0000 -10000000000.0000 -10000000000.0000 -10000000000.0000 -10000000000.0000 -10000000000.0000 -10000000000.0000 -10000000000.0000;
005:  0.0100   0.0300   0.0520   0.0810   0.1220   0.1700   0.2370   0.3160   0.3840   0.4640   0.5860   0.7260   0.8560   1.0210 -10000000000.0000 -10000000000.0000 -10000000000.0000 -10000000000.0000 -10000000000.0000 -10000000000.0000 -10000000000.0000 -10000000000.0000 -10000000000.0000;
006:  0.0100   0.0300   0.0520   0.0810   0.1220   0.1710   0.2370   0.3160   0.3840   0.4650   0.5870   0.7280   0.8580   1.0220 -10000000000.0000 -10000000000.0000 -10000000000.0000 -10000000000.0000 -10000000000.0000 -10000000000.0000 -10000000000.0000 -10000000000.0000 -10000000000.0000;
007:  0.0100   0.0300   0.0520   0.0810   0.1220   0.1710   0.2370   0.3160   0.3840   0.4650   0.5880   0.7280   0.8600   1.0230 -10000000000.0000 -10000000000.0000 -10000000000.0000 -10000000000.0000 -10000000000.0000 -10000000000.0000 -10000000000.0000 -10000000000.0000 -10000000000.0000;
008:  0.0100   0.0300   0.0520   0.0810   0.1220   0.1710   0.2370   0.3160   0.3850   0.4650   0.5880   0.7300   0.8610   1.0240 -10000000000.0000 -10000000000.0000 -10000000000.0000 -10000000000.0000 -10000000000.0000 -10000000000.0000 -10000000000.0000 -10000000000.0000 -10000000000.0000;
009:  0.0100   0.0300   0.0520   0.0810   0.1220   0.1710   0.2380   0.3160   0.3850   0.4660   0.5890   0.7310   0.8620   1.0250 -10000000000.0000 -10000000000.0000 -10000000000.0000 -10000000000.0000 -10000000000.0000 -10000000000.0000 -10000000000.0000 -10000000000.0000 -10000000000.0000;
010:  0.0100   0.0300   0.0520   0.0810   0.1220   0.1710   0.2380   0.3160   0.3850   0.4660   0.5890   0.7320   0.8640   1.0260 -10000000000.0000 -10000000000.0000 -10000000000.0000 -10000000000.0000 -10000000000.0000 -10000000000.0000 -10000000000.0000 -10000000000.0000 -10000000000.0000;
011:  0.0100   0.0300   0.0520   0.0810   0.1220   0.1710   0.2380   0.3160   0.3850   0.4660   0.5900   0.7330   0.8650   1.0270 -10000000000.0000 -10000000000.0000 -10000000000.0000 -10000000000.0000 -10000000000.0000 -10000000000.0000 -10000000000.0000 -10000000000.0000 -10000000000.0000;
012:  0.0100   0.0300   0.0520   0.0810   0.1220   0.1710   0.2380   0.3160   0.3860   0.4670   0.5900   0.7340   0.8660   1.0280 -10000000000.0000 -10000000000.0000 -10000000000.0000 -10000000000.0000 -10000000000.0000 -10000000000.0000 -10000000000.0000 -10000000000.0000 -10000000000.0000;
013:  0.0100   0.0300   0.0520   0.0810   0.1220   0.1710   0.2380   0.3160   0.3860   0.4670   0.5910   0.7350   0.8670   1.0280 -10000000000.0000 -10000000000.0000 -10000000000.0000 -10000000000.0000 -10000000000.0000 -10000000000.0000 -10000000000.0000 -10000000000.0000 -10000000000.0000;
014:  0.0100   0.0300   0.0520   0.0810   0.1220   0.1710   0.2380   0.3160   0.3860   0.4680   0.5920   0.7350   0.8680   1.0280 -10000000000.0000 -10000000000.0000 -10000000000.0000 -10000000000.0000 -10000000000.0000 -10000000000.0000 -10000000000.0000 -10000000000.0000 -10000000000.0000;
015:  0.0100   0.0300   0.0520   0.0810   0.1220   0.1710   0.2380   0.3160   0.3860   0.4680   0.5920   0.7370   0.8690   1.0290 -10000000000.0000 -10000000000.0000 -10000000000.0000 -10000000000.0000 -10000000000.0000 -10000000000.0000 -10000000000.0000 -10000000000.0000 -10000000000.0000;
016:  0.0100   0.0300   0.0520   0.0810   0.1220   0.1710   0.2380   0.3160   0.3870   0.4690   0.5930   0.7370   0.8700   1.0290 -10000000000.0000 -10000000000.0000 -10000000000.0000 -10000000000.0000 -10000000000.0000 -10000000000.0000 -10000000000.0000 -10000000000.0000 -10000000000.0000;
017:  0.0100   0.0300   0.0520   0.0810   0.1220   0.1710   0.2380   0.3160   0.3870   0.4690   0.5940   0.7380   0.8710   1.0290 -10000000000.0000 -10000000000.0000 -10000000000.0000 -10000000000.0000 -10000000000.0000 -10000000000.0000 -10000000000.0000 -10000000000.0000 -10000000000.0000;
018:  0.0100   0.0300   0.0520   0.0810   0.1220   0.1710   0.2380   0.3170   0.3880   0.4700   0.5940   0.7380   0.8710 -10000000000.0000 -10000000000.0000 -10000000000.0000 -10000000000.0000 -10000000000.0000 -10000000000.0000 -10000000000.0000 -10000000000.0000 -10000000000.0000 -10000000000.0000;
019:  0.0100   0.0300   0.0520   0.0820   0.1220   0.1720   0.2380   0.3170   0.3880   0.4700   0.5950   0.7390   0.8720 -10000000000.0000 -10000000000.0000 -10000000000.0000 -10000000000.0000 -10000000000.0000 -10000000000.0000 -10000000000.0000 -10000000000.0000 -10000000000.0000 -10000000000.0000;
020:  0.0100   0.0300   0.0520   0.0820   0.1230   0.1720   0.2380   0.3170   0.3880   0.4710   0.5950   0.7390   0.8720 -10000000000.0000 -10000000000.0000 -10000000000.0000 -10000000000.0000 -10000000000.0000 -10000000000.0000 -10000000000.0000 -10000000000.0000 -10000000000.0000 -10000000000.0000;
021:  0.0100   0.0300   0.0520   0.0810   0.1220   0.1720   0.2380   0.3170   0.3890   0.4710   0.5960   0.7390   0.8720 -10000000000.0000 -10000000000.0000 -10000000000.0000 -10000000000.0000 -10000000000.0000 -10000000000.0000 -10000000000.0000 -10000000000.0000 -10000000000.0000 -10000000000.0000;
022:  0.0100   0.0300   0.0520   0.0820   0.1230   0.1720   0.2380   0.3170   0.3890   0.4720   0.5960   0.7400   0.8720 -10000000000.0000 -10000000000.0000 -10000000000.0000 -10000000000.0000 -10000000000.0000 -10000000000.0000 -10000000000.0000 -10000000000.0000 -10000000000.0000 -10000000000.0000;
023:  0.0100   0.0300   0.0520   0.0820   0.1230   0.1720   0.2380   0.3170   0.3900   0.4730   0.5970   0.7400   0.8730 -10000000000.0000 -10000000000.0000 -10000000000.0000 -10000000000.0000 -10000000000.0000 -10000000000.0000 -10000000000.0000 -10000000000.0000 -10000000000.0000 -10000000000.0000;
024:  0.0100   0.0300   0.0520   0.0820   0.1230   0.1720   0.2380   0.3170   0.3900   0.4730   0.5970   0.7390   0.8730 -10000000000.0000 -10000000000.0000 -10000000000.0000 -10000000000.0000 -10000000000.0000 -10000000000.0000 -10000000000.0000 -10000000000.0000 -10000000000.0000 -10000000000.0000;
025:  0.0100   0.0300   0.0520   0.0820   0.1230   0.1720   0.2380   0.3170   0.3910   0.4740   0.5980   0.7400   0.8720 -10000000000.0000 -10000000000.0000 -10000000000.0000 -10000000000.0000 -10000000000.0000 -10000000000.0000 -10000000000.0000 -10000000000.0000 -10000000000.0000 -10000000000.0000;
026:  0.0100   0.0300   0.0520   0.0820   0.1220   0.1720   0.2380   0.3170   0.3910   0.4740   0.5980   0.7390   0.8720 -10000000000.0000 -10000000000.0000 -10000000000.0000 -10000000000.0000 -10000000000.0000 -10000000000.0000 -10000000000.0000 -10000000000.0000 -10000000000.0000 -10000000000.0000;
027:  0.0100   0.0300   0.0520   0.0820   0.1230   0.1720   0.2380   0.3180   0.3920   0.4750   0.5980   0.7390   0.8720 -10000000000.0000 -10000000000.0000 -10000000000.0000 -10000000000.0000 -10000000000.0000 -10000000000.0000 -10000000000.0000 -10000000000.0000 -10000000000.0000 -10000000000.0000;
028:  0.0100   0.0290   0.0520   0.0810   0.1220   0.1720   0.2380   0.3180   0.3920   0.4750   0.5980   0.7380 -10000000000.0000 -10000000000.0000 -10000000000.0000 -10000000000.0000 -10000000000.0000 -10000000000.0000 -10000000000.0000 -10000000000.0000 -10000000000.0000 -10000000000.0000 -10000000000.0000;
029:  0.0100   0.0290   0.0520   0.0810   0.1220   0.1720   0.2380   0.3180   0.3920   0.4760   0.5980   0.7370 -10000000000.0000 -10000000000.0000 -10000000000.0000 -10000000000.0000 -10000000000.0000 -10000000000.0000 -10000000000.0000 -10000000000.0000 -10000000000.0000 -10000000000.0000 -10000000000.0000;
030:  0.0100   0.0290   0.0520   0.0810   0.1220   0.1720   0.2380   0.3180   0.3930   0.4760   0.5990   0.7370 -10000000000.0000 -10000000000.0000 -10000000000.0000 -10000000000.0000 -10000000000.0000 -10000000000.0000 -10000000000.0000 -10000000000.0000 -10000000000.0000 -10000000000.0000 -10000000000.0000;
031:  0.0100   0.0290   0.0520   0.0810   0.1220   0.1720   0.2380   0.3180   0.3930   0.4770   0.5990   0.7370 -10000000000.0000 -10000000000.0000 -10000000000.0000 -10000000000.0000 -10000000000.0000 -10000000000.0000 -10000000000.0000 -10000000000.0000 -10000000000.0000 -10000000000.0000 -10000000000.0000;
032:  0.0100   0.0290   0.0510   0.0810   0.1220   0.1720   0.2380   0.3180   0.3930   0.4770   0.5990   0.7350 -10000000000.0000 -10000000000.0000 -10000000000.0000 -10000000000.0000 -10000000000.0000 -10000000000.0000 -10000000000.0000 -10000000000.0000 -10000000000.0000 -10000000000.0000 -10000000000.0000;
033:  0.0100   0.0290   0.0520   0.0810   0.1220   0.1720   0.2390   0.3190   0.3940   0.4770   0.5990   0.7350 -10000000000.0000 -10000000000.0000 -10000000000.0000 -10000000000.0000 -10000000000.0000 -10000000000.0000 -10000000000.0000 -10000000000.0000 -10000000000.0000 -10000000000.0000 -10000000000.0000;
034:  0.0100   0.0290   0.0520   0.0810   0.1220   0.1720   0.2390   0.3190   0.3940   0.4780   0.5990   0.7340 -10000000000.0000 -10000000000.0000 -10000000000.0000 -10000000000.0000 -10000000000.0000 -10000000000.0000 -10000000000.0000 -10000000000.0000 -10000000000.0000 -10000000000.0000 -10000000000.0000;
035:  0.0100   0.0290   0.0510   0.0810   0.1220   0.1720   0.2390   0.3190   0.3950   0.4780   0.5990 -10000000000.0000 -10000000000.0000 -10000000000.0000 -10000000000.0000 -10000000000.0000 -10000000000.0000 -10000000000.0000 -10000000000.0000 -10000000000.0000 -10000000000.0000 -10000000000.0000 -10000000000.0000;
036:  0.0090   0.0290   0.0510   0.0800   0.1220   0.1720   0.2390   0.3190   0.3950   0.4790   0.5990 -10000000000.0000 -10000000000.0000 -10000000000.0000 -10000000000.0000 -10000000000.0000 -10000000000.0000 -10000000000.0000 -10000000000.0000 -10000000000.0000 -10000000000.0000 -10000000000.0000 -10000000000.0000;
037:  0.0100   0.0300   0.0520   0.0810   0.1230   0.1730   0.2400   0.3200   0.3960   0.4800 -10000000000.0000 -10000000000.0000 -10000000000.0000 -10000000000.0000 -10000000000.0000 -10000000000.0000 -10000000000.0000 -10000000000.0000 -10000000000.0000 -10000000000.0000 -10000000000.0000 -10000000000.0000 -10000000000.0000;
038:  0.0100   0.0300   0.0520   0.0810   0.1230   0.1730   0.2400   0.3210   0.3970   0.4800 -10000000000.0000 -10000000000.0000 -10000000000.0000 -10000000000.0000 -10000000000.0000 -10000000000.0000 -10000000000.0000 -10000000000.0000 -10000000000.0000 -10000000000.0000 -10000000000.0000 -10000000000.0000 -10000000000.0000;
039:  0.0100   0.0300   0.0520   0.0810   0.1230   0.1730   0.2400   0.3210   0.3970   0.4810 -10000000000.0000 -10000000000.0000 -10000000000.0000 -10000000000.0000 -10000000000.0000 -10000000000.0000 -10000000000.0000 -10000000000.0000 -10000000000.0000 -10000000000.0000 -10000000000.0000 -10000000000.0000 -10000000000.0000;
040:  0.0100   0.0300   0.0520   0.0810   0.1230   0.1730   0.2410   0.3210   0.3970   0.4810 -10000000000.0000 -10000000000.0000 -10000000000.0000 -10000000000.0000 -10000000000.0000 -10000000000.0000 -10000000000.0000 -10000000000.0000 -10000000000.0000 -10000000000.0000 -10000000000.0000 -10000000000.0000 -10000000000.0000;
041:  0.0100   0.0290   0.0520   0.0810   0.1220   0.1720   0.2400   0.3210   0.3970   0.4810 -10000000000.0000 -10000000000.0000 -10000000000.0000 -10000000000.0000 -10000000000.0000 -10000000000.0000 -10000000000.0000 -10000000000.0000 -10000000000.0000 -10000000000.0000 -10000000000.0000 -10000000000.0000 -10000000000.0000;
042:  0.0100   0.0290   0.0520   0.0810   0.1220   0.1730   0.2410   0.3210   0.3970   0.4810 -10000000000.0000 -10000000000.0000 -10000000000.0000 -10000000000.0000 -10000000000.0000 -10000000000.0000 -10000000000.0000 -10000000000.0000 -10000000000.0000 -10000000000.0000 -10000000000.0000 -10000000000.0000 -10000000000.0000;
043:  0.0100   0.0290   0.0520   0.0810   0.1220   0.1730   0.2410   0.3220   0.3970   0.4810 -10000000000.0000 -10000000000.0000 -10000000000.0000 -10000000000.0000 -10000000000.0000 -10000000000.0000 -10000000000.0000 -10000000000.0000 -10000000000.0000 -10000000000.0000 -10000000000.0000 -10000000000.0000 -10000000000.0000;
044:  0.0100   0.0300   0.0520   0.0810   0.1220   0.1730   0.2410   0.3220   0.3970   0.4820 -10000000000.0000 -10000000000.0000 -10000000000.0000 -10000000000.0000 -10000000000.0000 -10000000000.0000 -10000000000.0000 -10000000000.0000 -10000000000.0000 -10000000000.0000 -10000000000.0000 -10000000000.0000 -10000000000.0000;
045:  0.0100   0.0290   0.0520   0.0810   0.1220   0.1730   0.2410   0.3220   0.3970   0.4820 -10000000000.0000 -10000000000.0000 -10000000000.0000 -10000000000.0000 -10000000000.0000 -10000000000.0000 -10000000000.0000 -10000000000.0000 -10000000000.0000 -10000000000.0000 -10000000000.0000 -10000000000.0000 -10000000000.0000;
046:  0.0100   0.0290   0.0510   0.0810   0.1220   0.1730   0.2410   0.3210 -10000000000.0000 -10000000000.0000 -10000000000.0000 -10000000000.0000 -10000000000.0000 -10000000000.0000 -10000000000.0000 -10000000000.0000 -10000000000.0000 -10000000000.0000 -10000000000.0000 -10000000000.0000 -10000000000.0000 -10000000000.0000 -10000000000.0000;
047:  0.0100   0.0290   0.0510   0.0810   0.1220   0.1730   0.2410   0.3210 -10000000000.0000 -10000000000.0000 -10000000000.0000 -10000000000.0000 -10000000000.0000 -10000000000.0000 -10000000000.0000 -10000000000.0000 -10000000000.0000 -10000000000.0000 -10000000000.0000 -10000000000.0000 -10000000000.0000 -10000000000.0000 -10000000000.0000;
048:  0.0100   0.0290   0.0520   0.0810   0.1220   0.1730   0.2420   0.3210 -10000000000.0000 -10000000000.0000 -10000000000.0000 -10000000000.0000 -10000000000.0000 -10000000000.0000 -10000000000.0000 -10000000000.0000 -10000000000.0000 -10000000000.0000 -10000000000.0000 -10000000000.0000 -10000000000.0000 -10000000000.0000 -10000000000.0000;
049:  0.0100   0.0290   0.0520   0.0810   0.1220   0.1730   0.2420   0.3220 -10000000000.0000 -10000000000.0000 -10000000000.0000 -10000000000.0000 -10000000000.0000 -10000000000.0000 -10000000000.0000 -10000000000.0000 -10000000000.0000 -10000000000.0000 -10000000000.0000 -10000000000.0000 -10000000000.0000 -10000000000.0000 -10000000000.0000;
050:  0.0100   0.0290   0.0520   0.0810   0.1220   0.1730   0.2420   0.3210 -10000000000.0000 -10000000000.0000 -10000000000.0000 -10000000000.0000 -10000000000.0000 -10000000000.0000 -10000000000.0000 -10000000000.0000 -10000000000.0000 -10000000000.0000 -10000000000.0000 -10000000000.0000 -10000000000.0000 -10000000000.0000 -10000000000.0000;
051:  0.0100   0.0290   0.0520   0.0810   0.1220   0.1730   0.2420   0.3210 -10000000000.0000 -10000000000.0000 -10000000000.0000 -10000000000.0000 -10000000000.0000 -10000000000.0000 -10000000000.0000 -10000000000.0000 -10000000000.0000 -10000000000.0000 -10000000000.0000 -10000000000.0000 -10000000000.0000 -10000000000.0000 -10000000000.0000;
052:  0.0100   0.0290   0.0520   0.0810   0.1230   0.1730   0.2420   0.3210 -10000000000.0000 -10000000000.0000 -10000000000.0000 -10000000000.0000 -10000000000.0000 -10000000000.0000 -10000000000.0000 -10000000000.0000 -10000000000.0000 -10000000000.0000 -10000000000.0000 -10000000000.0000 -10000000000.0000 -10000000000.0000 -10000000000.0000;
053:  0.0100   0.0290   0.0520   0.0810   0.1220   0.1740   0.2420   0.3210 -10000000000.0000 -10000000000.0000 -10000000000.0000 -10000000000.0000 -10000000000.0000 -10000000000.0000 -10000000000.0000 -10000000000.0000 -10000000000.0000 -10000000000.0000 -10000000000.0000 -10000000000.0000 -10000000000.0000 -10000000000.0000 -10000000000.0000;
054:  0.0100   0.0290   0.0520   0.0810   0.1220   0.1740   0.2430   0.3200 -10000000000.0000 -10000000000.0000 -10000000000.0000 -10000000000.0000 -10000000000.0000 -10000000000.0000 -10000000000.0000 -10000000000.0000 -10000000000.0000 -10000000000.0000 -10000000000.0000 -10000000000.0000 -10000000000.0000 -10000000000.0000 -10000000000.0000;
055:  0.0100   0.0290   0.0520   0.0810   0.1220   0.1740   0.2430   0.3200 -10000000000.0000 -10000000000.0000 -10000000000.0000 -10000000000.0000 -10000000000.0000 -10000000000.0000 -10000000000.0000 -10000000000.0000 -10000000000.0000 -10000000000.0000 -10000000000.0000 -10000000000.0000 -10000000000.0000 -10000000000.0000 -10000000000.0000;
056:  0.0100   0.0290   0.0520   0.0810   0.1220   0.1740   0.2430   0.3200 -10000000000.0000 -10000000000.0000 -10000000000.0000 -10000000000.0000 -10000000000.0000 -10000000000.0000 -10000000000.0000 -10000000000.0000 -10000000000.0000 -10000000000.0000 -10000000000.0000 -10000000000.0000 -10000000000.0000 -10000000000.0000 -10000000000.0000;
057:  0.0100   0.0290   0.0520   0.0810   0.1220   0.1740   0.2430   0.3190 -10000000000.0000 -10000000000.0000 -10000000000.0000 -10000000000.0000 -10000000000.0000 -10000000000.0000 -10000000000.0000 -10000000000.0000 -10000000000.0000 -10000000000.0000 -10000000000.0000 -10000000000.0000 -10000000000.0000 -10000000000.0000 -10000000000.0000;
058:  0.0100   0.0290   0.0520   0.0810   0.1230   0.1740   0.2430   0.3190 -10000000000.0000 -10000000000.0000 -10000000000.0000 -10000000000.0000 -10000000000.0000 -10000000000.0000 -10000000000.0000 -10000000000.0000 -10000000000.0000 -10000000000.0000 -10000000000.0000 -10000000000.0000 -10000000000.0000 -10000000000.0000 -10000000000.0000;
059:  0.0100   0.0290   0.0520   0.0810   0.1230   0.1740   0.2430   0.3180 -10000000000.0000 -10000000000.0000 -10000000000.0000 -10000000000.0000 -10000000000.0000 -10000000000.0000 -10000000000.0000 -10000000000.0000 -10000000000.0000 -10000000000.0000 -10000000000.0000 -10000000000.0000 -10000000000.0000 -10000000000.0000 -10000000000.0000;
060:  0.0100   0.0290   0.0520   0.0810   0.1230   0.1740   0.2430   0.3180 -10000000000.0000 -10000000000.0000 -10000000000.0000 -10000000000.0000 -10000000000.0000 -10000000000.0000 -10000000000.0000 -10000000000.0000 -10000000000.0000 -10000000000.0000 -10000000000.0000 -10000000000.0000 -10000000000.0000 -10000000000.0000 -10000000000.0000;
061:  0.0100   0.0290   0.0520   0.0810   0.1230   0.1740   0.2430   0.3170 -10000000000.0000 -10000000000.0000 -10000000000.0000 -10000000000.0000 -10000000000.0000 -10000000000.0000 -10000000000.0000 -10000000000.0000 -10000000000.0000 -10000000000.0000 -10000000000.0000 -10000000000.0000 -10000000000.0000 -10000000000.0000 -10000000000.0000;
062:  0.0100   0.0290   0.0520   0.0810   0.1230   0.1750   0.2430   0.3170 -10000000000.0000 -10000000000.0000 -10000000000.0000 -10000000000.0000 -10000000000.0000 -10000000000.0000 -10000000000.0000 -10000000000.0000 -10000000000.0000 -10000000000.0000 -10000000000.0000 -10000000000.0000 -10000000000.0000 -10000000000.0000 -10000000000.0000;
063:  0.0100   0.0290   0.0520   0.0810   0.1230   0.1750   0.2430   0.3160 -10000000000.0000 -10000000000.0000 -10000000000.0000 -10000000000.0000 -10000000000.0000 -10000000000.0000 -10000000000.0000 -10000000000.0000 -10000000000.0000 -10000000000.0000 -10000000000.0000 -10000000000.0000 -10000000000.0000 -10000000000.0000 -10000000000.0000;
064:  0.0100   0.0300   0.0520   0.0810   0.1230   0.1750   0.2430   0.3160 -10000000000.0000 -10000000000.0000 -10000000000.0000 -10000000000.0000 -10000000000.0000 -10000000000.0000 -10000000000.0000 -10000000000.0000 -10000000000.0000 -10000000000.0000 -10000000000.0000 -10000000000.0000 -10000000000.0000 -10000000000.0000 -10000000000.0000;
065:  0.0100   0.0290   0.0520   0.0810   0.1230   0.1750   0.2420   0.3150 -10000000000.0000 -10000000000.0000 -10000000000.0000 -10000000000.0000 -10000000000.0000 -10000000000.0000 -10000000000.0000 -10000000000.0000 -10000000000.0000 -10000000000.0000 -10000000000.0000 -10000000000.0000 -10000000000.0000 -10000000000.0000 -10000000000.0000;
066:  0.0100   0.0290   0.0520   0.0810   0.1230   0.1750   0.2420   0.3140 -10000000000.0000 -10000000000.0000 -10000000000.0000 -10000000000.0000 -10000000000.0000 -10000000000.0000 -10000000000.0000 -10000000000.0000 -10000000000.0000 -10000000000.0000 -10000000000.0000 -10000000000.0000 -10000000000.0000 -10000000000.0000 -10000000000.0000;
067:  0.0100   0.0290   0.0520   0.0810   0.1230   0.1750   0.2420   0.3140 -10000000000.0000 -10000000000.0000 -10000000000.0000 -10000000000.0000 -10000000000.0000 -10000000000.0000 -10000000000.0000 -10000000000.0000 -10000000000.0000 -10000000000.0000 -10000000000.0000 -10000000000.0000 -10000000000.0000 -10000000000.0000 -10000000000.0000;
068:  0.0100   0.0290   0.0520   0.0810   0.1230   0.1750   0.2420   0.3130 -10000000000.0000 -10000000000.0000 -10000000000.0000 -10000000000.0000 -10000000000.0000 -10000000000.0000 -10000000000.0000 -10000000000.0000 -10000000000.0000 -10000000000.0000 -10000000000.0000 -10000000000.0000 -10000000000.0000 -10000000000.0000 -10000000000.0000;
069:  0.0100   0.0300   0.0520   0.0820   0.1230   0.1750   0.2420   0.3130 -10000000000.0000 -10000000000.0000 -10000000000.0000 -10000000000.0000 -10000000000.0000 -10000000000.0000 -10000000000.0000 -10000000000.0000 -10000000000.0000 -10000000000.0000 -10000000000.0000 -10000000000.0000 -10000000000.0000 -10000000000.0000 -10000000000.0000;
070:  0.0100   0.0290   0.0520   0.0820   0.1230   0.1750   0.2410   0.3130 -10000000000.0000 -10000000000.0000 -10000000000.0000 -10000000000.0000 -10000000000.0000 -10000000000.0000 -10000000000.0000 -10000000000.0000 -10000000000.0000 -10000000000.0000 -10000000000.0000 -10000000000.0000 -10000000000.0000 -10000000000.0000 -10000000000.0000;
071:  0.0100   0.0290   0.0520   0.0820   0.1230   0.1750   0.2410   0.3120 -10000000000.0000 -10000000000.0000 -10000000000.0000 -10000000000.0000 -10000000000.0000 -10000000000.0000 -10000000000.0000 -10000000000.0000 -10000000000.0000 -10000000000.0000 -10000000000.0000 -10000000000.0000 -10000000000.0000 -10000000000.0000 -10000000000.0000;
072:  0.0100   0.0300   0.0520   0.0820   0.1230   0.1750   0.2410   0.3120 -10000000000.0000 -10000000000.0000 -10000000000.0000 -10000000000.0000 -10000000000.0000 -10000000000.0000 -10000000000.0000 -10000000000.0000 -10000000000.0000 -10000000000.0000 -10000000000.0000 -10000000000.0000 -10000000000.0000 -10000000000.0000 -10000000000.0000;
073:  0.0100   0.0290   0.0520   0.0810   0.1230   0.1750   0.2400   0.3110 -10000000000.0000 -10000000000.0000 -10000000000.0000 -10000000000.0000 -10000000000.0000 -10000000000.0000 -10000000000.0000 -10000000000.0000 -10000000000.0000 -10000000000.0000 -10000000000.0000 -10000000000.0000 -10000000000.0000 -10000000000.0000 -10000000000.0000;
074:  0.0100   0.0290   0.0520   0.0810   0.1230   0.1750   0.2400   0.3110 -10000000000.0000 -10000000000.0000 -10000000000.0000 -10000000000.0000 -10000000000.0000 -10000000000.0000 -10000000000.0000 -10000000000.0000 -10000000000.0000 -10000000000.0000 -10000000000.0000 -10000000000.0000 -10000000000.0000 -10000000000.0000 -10000000000.0000;
075:  0.0100   0.0300   0.0520   0.0820   0.1230   0.1750   0.2400   0.3110 -10000000000.0000 -10000000000.0000 -10000000000.0000 -10000000000.0000 -10000000000.0000 -10000000000.0000 -10000000000.0000 -10000000000.0000 -10000000000.0000 -10000000000.0000 -10000000000.0000 -10000000000.0000 -10000000000.0000 -10000000000.0000 -10000000000.0000;
076:  0.0100   0.0290   0.0520   0.0820   0.1240   0.1750   0.2400   0.3100 -10000000000.0000 -10000000000.0000 -10000000000.0000 -10000000000.0000 -10000000000.0000 -10000000000.0000 -10000000000.0000 -10000000000.0000 -10000000000.0000 -10000000000.0000 -10000000000.0000 -10000000000.0000 -10000000000.0000 -10000000000.0000 -10000000000.0000;
077:  0.0100   0.0300   0.0520   0.0820   0.1240   0.1750   0.2400   0.3110 -10000000000.0000 -10000000000.0000 -10000000000.0000 -10000000000.0000 -10000000000.0000 -10000000000.0000 -10000000000.0000 -10000000000.0000 -10000000000.0000 -10000000000.0000 -10000000000.0000 -10000000000.0000 -10000000000.0000 -10000000000.0000 -10000000000.0000;
078:  0.0100   0.0300   0.0520   0.0820   0.1240   0.1750   0.2390   0.3100 -10000000000.0000 -10000000000.0000 -10000000000.0000 -10000000000.0000 -10000000000.0000 -10000000000.0000 -10000000000.0000 -10000000000.0000 -10000000000.0000 -10000000000.0000 -10000000000.0000 -10000000000.0000 -10000000000.0000 -10000000000.0000 -10000000000.0000;
079:  0.0100   0.0290   0.0520   0.0820   0.1230   0.1750   0.2390   0.3100 -10000000000.0000 -10000000000.0000 -10000000000.0000 -10000000000.0000 -10000000000.0000 -10000000000.0000 -10000000000.0000 -10000000000.0000 -10000000000.0000 -10000000000.0000 -10000000000.0000 -10000000000.0000 -10000000000.0000 -10000000000.0000 -10000000000.0000;
080:  0.0100   0.0300   0.0520   0.0820   0.1240   0.1750   0.2380   0.3100 -10000000000.0000 -10000000000.0000 -10000000000.0000 -10000000000.0000 -10000000000.0000 -10000000000.0000 -10000000000.0000 -10000000000.0000 -10000000000.0000 -10000000000.0000 -10000000000.0000 -10000000000.0000 -10000000000.0000 -10000000000.0000 -10000000000.0000;
081:  0.0100   0.0300   0.0520   0.0820   0.1240   0.1740   0.2380   0.3100 -10000000000.0000 -10000000000.0000 -10000000000.0000 -10000000000.0000 -10000000000.0000 -10000000000.0000 -10000000000.0000 -10000000000.0000 -10000000000.0000 -10000000000.0000 -10000000000.0000 -10000000000.0000 -10000000000.0000 -10000000000.0000 -10000000000.0000;
082:  0.0100   0.0300   0.0530   0.0820   0.1240   0.1740   0.2380   0.3100 -10000000000.0000 -10000000000.0000 -10000000000.0000 -10000000000.0000 -10000000000.0000 -10000000000.0000 -10000000000.0000 -10000000000.0000 -10000000000.0000 -10000000000.0000 -10000000000.0000 -10000000000.0000 -10000000000.0000 -10000000000.0000 -10000000000.0000;
083:  0.0100   0.0300   0.0520   0.0820   0.1240   0.1740   0.2380   0.3100 -10000000000.0000 -10000000000.0000 -10000000000.0000 -10000000000.0000 -10000000000.0000 -10000000000.0000 -10000000000.0000 -10000000000.0000 -10000000000.0000 -10000000000.0000 -10000000000.0000 -10000000000.0000 -10000000000.0000 -10000000000.0000 -10000000000.0000;
084:  0.0100   0.0300   0.0520   0.0820   0.1240   0.1740   0.2370   0.3100 -10000000000.0000 -10000000000.0000 -10000000000.0000 -10000000000.0000 -10000000000.0000 -10000000000.0000 -10000000000.0000 -10000000000.0000 -10000000000.0000 -10000000000.0000 -10000000000.0000 -10000000000.0000 -10000000000.0000 -10000000000.0000 -10000000000.0000;
085:  0.0100   0.0300   0.0530   0.0820   0.1240   0.1740   0.2370   0.3100 -10000000000.0000 -10000000000.0000 -10000000000.0000 -10000000000.0000 -10000000000.0000 -10000000000.0000 -10000000000.0000 -10000000000.0000 -10000000000.0000 -10000000000.0000 -10000000000.0000 -10000000000.0000 -10000000000.0000 -10000000000.0000 -10000000000.0000;
086:  0.0100   0.0300   0.0530   0.0820   0.1240   0.1740   0.2370   0.3100 -10000000000.0000 -10000000000.0000 -10000000000.0000 -10000000000.0000 -10000000000.0000 -10000000000.0000 -10000000000.0000 -10000000000.0000 -10000000000.0000 -10000000000.0000 -10000000000.0000 -10000000000.0000 -10000000000.0000 -10000000000.0000 -10000000000.0000;
087:  0.0110   0.0300   0.0530   0.0830   0.1250   0.1740   0.2370   0.3110 -10000000000.0000 -10000000000.0000 -10000000000.0000 -10000000000.0000 -10000000000.0000 -10000000000.0000 -10000000000.0000 -10000000000.0000 -10000000000.0000 -10000000000.0000 -10000000000.0000 -10000000000.0000 -10000000000.0000 -10000000000.0000 -10000000000.0000;
088:  0.0100   0.0300   0.0520   0.0820   0.1240   0.1730   0.2360   0.3110 -10000000000.0000 -10000000000.0000 -10000000000.0000 -10000000000.0000 -10000000000.0000 -10000000000.0000 -10000000000.0000 -10000000000.0000 -10000000000.0000 -10000000000.0000 -10000000000.0000 -10000000000.0000 -10000000000.0000 -10000000000.0000 -10000000000.0000;
089:  0.0100   0.0300   0.0520   0.0820   0.1240   0.1720   0.2350   0.3110 -10000000000.0000 -10000000000.0000 -10000000000.0000 -10000000000.0000 -10000000000.0000 -10000000000.0000 -10000000000.0000 -10000000000.0000 -10000000000.0000 -10000000000.0000 -10000000000.0000 -10000000000.0000 -10000000000.0000 -10000000000.0000 -10000000000.0000;
090:  0.0100   0.0300   0.0530   0.0830   0.1240   0.1730   0.2360   0.3110 -10000000000.0000 -10000000000.0000 -10000000000.0000 -10000000000.0000 -10000000000.0000 -10000000000.0000 -10000000000.0000 -10000000000.0000 -10000000000.0000 -10000000000.0000 -10000000000.0000 -10000000000.0000 -10000000000.0000 -10000000000.0000 -10000000000.0000;
091:  0.0100   0.0300   0.0520   0.0820   0.1240   0.1720   0.2350   0.3110 -10000000000.0000 -10000000000.0000 -10000000000.0000 -10000000000.0000 -10000000000.0000 -10000000000.0000 -10000000000.0000 -10000000000.0000 -10000000000.0000 -10000000000.0000 -10000000000.0000 -10000000000.0000 -10000000000.0000 -10000000000.0000 -10000000000.0000;
092:  0.0100   0.0300   0.0530   0.0820   0.1240   0.1720   0.2350   0.3120 -10000000000.0000 -10000000000.0000 -10000000000.0000 -10000000000.0000 -10000000000.0000 -10000000000.0000 -10000000000.0000 -10000000000.0000 -10000000000.0000 -10000000000.0000 -10000000000.0000 -10000000000.0000 -10000000000.0000 -10000000000.0000 -10000000000.0000;
093:  0.0100   0.0300   0.0530   0.0820   0.1240   0.1720   0.2350   0.3120 -10000000000.0000 -10000000000.0000 -10000000000.0000 -10000000000.0000 -10000000000.0000 -10000000000.0000 -10000000000.0000 -10000000000.0000 -10000000000.0000 -10000000000.0000 -10000000000.0000 -10000000000.0000 -10000000000.0000 -10000000000.0000 -10000000000.0000;
094:  0.0100   0.0300   0.0530   0.0820   0.1240   0.1710   0.2340   0.3120 -10000000000.0000 -10000000000.0000 -10000000000.0000 -10000000000.0000 -10000000000.0000 -10000000000.0000 -10000000000.0000 -10000000000.0000 -10000000000.0000 -10000000000.0000 -10000000000.0000 -10000000000.0000 -10000000000.0000 -10000000000.0000 -10000000000.0000;
095:  0.0100   0.0300   0.0530   0.0820   0.1240   0.1710   0.2340   0.3120 -10000000000.0000 -10000000000.0000 -10000000000.0000 -10000000000.0000 -10000000000.0000 -10000000000.0000 -10000000000.0000 -10000000000.0000 -10000000000.0000 -10000000000.0000 -10000000000.0000 -10000000000.0000 -10000000000.0000 -10000000000.0000 -10000000000.0000;
096:  0.0100   0.0300   0.0530   0.0820   0.1240   0.1710   0.2340   0.3120 -10000000000.0000 -10000000000.0000 -10000000000.0000 -10000000000.0000 -10000000000.0000 -10000000000.0000 -10000000000.0000 -10000000000.0000 -10000000000.0000 -10000000000.0000 -10000000000.0000 -10000000000.0000 -10000000000.0000 -10000000000.0000 -10000000000.0000;
097:  0.0100   0.0300   0.0530   0.0820   0.1240   0.1700   0.2340   0.3130 -10000000000.0000 -10000000000.0000 -10000000000.0000 -10000000000.0000 -10000000000.0000 -10000000000.0000 -10000000000.0000 -10000000000.0000 -10000000000.0000 -10000000000.0000 -10000000000.0000 -10000000000.0000 -10000000000.0000 -10000000000.0000 -10000000000.0000;
098:  0.0110   0.0300   0.0530   0.0830   0.1240   0.1700   0.2340   0.3130 -10000000000.0000 -10000000000.0000 -10000000000.0000 -10000000000.0000 -10000000000.0000 -10000000000.0000 -10000000000.0000 -10000000000.0000 -10000000000.0000 -10000000000.0000 -10000000000.0000 -10000000000.0000 -10000000000.0000 -10000000000.0000 -10000000000.0000;
099:  0.0100   0.0300   0.0530   0.0820   0.1240   0.1700   0.2340   0.3130 -10000000000.0000 -10000000000.0000 -10000000000.0000 -10000000000.0000 -10000000000.0000 -10000000000.0000 -10000000000.0000 -10000000000.0000 -10000000000.0000 -10000000000.0000 -10000000000.0000 -10000000000.0000 -10000000000.0000 -10000000000.0000 -10000000000.0000;
100:  0.0100   0.0300   0.0530   0.0820   0.1240   0.1700   0.2340   0.3130 -10000000000.0000 -10000000000.0000 -10000000000.0000 -10000000000.0000 -10000000000.0000 -10000000000.0000 -10000000000.0000 -10000000000.0000 -10000000000.0000 -10000000000.0000 -10000000000.0000 -10000000000.0000 -10000000000.0000 -10000000000.0000 -10000000000.0000;
101:  0.0100   0.0300   0.0530   0.0820   0.1240   0.1700   0.2330   0.3130 -10000000000.0000 -10000000000.0000 -10000000000.0000 -10000000000.0000 -10000000000.0000 -10000000000.0000 -10000000000.0000 -10000000000.0000 -10000000000.0000 -10000000000.0000 -10000000000.0000 -10000000000.0000 -10000000000.0000 -10000000000.0000 -10000000000.0000;
102:  0.0110   0.0300   0.0530   0.0830   0.1240   0.1700   0.2340   0.3140 -10000000000.0000 -10000000000.0000 -10000000000.0000 -10000000000.0000 -10000000000.0000 -10000000000.0000 -10000000000.0000 -10000000000.0000 -10000000000.0000 -10000000000.0000 -10000000000.0000 -10000000000.0000 -10000000000.0000 -10000000000.0000 -10000000000.0000;
103:  0.0100   0.0300   0.0520   0.0820   0.1230   0.1690   0.2330   0.3130 -10000000000.0000 -10000000000.0000 -10000000000.0000 -10000000000.0000 -10000000000.0000 -10000000000.0000 -10000000000.0000 -10000000000.0000 -10000000000.0000 -10000000000.0000 -10000000000.0000 -10000000000.0000 -10000000000.0000 -10000000000.0000 -10000000000.0000;
104:  0.0100   0.0300   0.0520   0.0820   0.1230   0.1690   0.2330   0.3130 -10000000000.0000 -10000000000.0000 -10000000000.0000 -10000000000.0000 -10000000000.0000 -10000000000.0000 -10000000000.0000 -10000000000.0000 -10000000000.0000 -10000000000.0000 -10000000000.0000 -10000000000.0000 -10000000000.0000 -10000000000.0000 -10000000000.0000;
105:  0.0100   0.0300   0.0520   0.0820   0.1230   0.1690   0.2330   0.3130 -10000000000.0000 -10000000000.0000 -10000000000.0000 -10000000000.0000 -10000000000.0000 -10000000000.0000 -10000000000.0000 -10000000000.0000 -10000000000.0000 -10000000000.0000 -10000000000.0000 -10000000000.0000 -10000000000.0000 -10000000000.0000 -10000000000.0000;
106:  0.0100   0.0300   0.0530   0.0820   0.1240   0.1690   0.2330   0.3130 -10000000000.0000 -10000000000.0000 -10000000000.0000 -10000000000.0000 -10000000000.0000 -10000000000.0000 -10000000000.0000 -10000000000.0000 -10000000000.0000 -10000000000.0000 -10000000000.0000 -10000000000.0000 -10000000000.0000 -10000000000.0000 -10000000000.0000;
107:  0.0100   0.0300   0.0530   0.0820   0.1240   0.1690   0.2330   0.3140 -10000000000.0000 -10000000000.0000 -10000000000.0000 -10000000000.0000 -10000000000.0000 -10000000000.0000 -10000000000.0000 -10000000000.0000 -10000000000.0000 -10000000000.0000 -10000000000.0000 -10000000000.0000 -10000000000.0000 -10000000000.0000 -10000000000.0000;
108:  0.0100   0.0300   0.0520   0.0820   0.1230   0.1690   0.2330   0.3140 -10000000000.0000 -10000000000.0000 -10000000000.0000 -10000000000.0000 -10000000000.0000 -10000000000.0000 -10000000000.0000 -10000000000.0000 -10000000000.0000 -10000000000.0000 -10000000000.0000 -10000000000.0000 -10000000000.0000 -10000000000.0000 -10000000000.0000;
109:  0.0100   0.0300   0.0520   0.0820   0.1230   0.1690   0.2330   0.3130 -10000000000.0000 -10000000000.0000 -10000000000.0000 -10000000000.0000 -10000000000.0000 -10000000000.0000 -10000000000.0000 -10000000000.0000 -10000000000.0000 -10000000000.0000 -10000000000.0000 -10000000000.0000 -10000000000.0000 -10000000000.0000 -10000000000.0000;
110:  0.0100   0.0300   0.0520   0.0820   0.1230   0.1690   0.2330   0.3130 -10000000000.0000 -10000000000.0000 -10000000000.0000 -10000000000.0000 -10000000000.0000 -10000000000.0000 -10000000000.0000 -10000000000.0000 -10000000000.0000 -10000000000.0000 -10000000000.0000 -10000000000.0000 -10000000000.0000 -10000000000.0000 -10000000000.0000;
111:  0.0100   0.0300   0.0520   0.0820   0.1230   0.1690   0.2330   0.3130 -10000000000.0000 -10000000000.0000 -10000000000.0000 -10000000000.0000 -10000000000.0000 -10000000000.0000 -10000000000.0000 -10000000000.0000 -10000000000.0000 -10000000000.0000 -10000000000.0000 -10000000000.0000 -10000000000.0000 -10000000000.0000 -10000000000.0000;
112:  0.0100   0.0300   0.0520   0.0820   0.1230   0.1690   0.2330   0.3130 -10000000000.0000 -10000000000.0000 -10000000000.0000 -10000000000.0000 -10000000000.0000 -10000000000.0000 -10000000000.0000 -10000000000.0000 -10000000000.0000 -10000000000.0000 -10000000000.0000 -10000000000.0000 -10000000000.0000 -10000000000.0000 -10000000000.0000;
113:  0.0100   0.0300   0.0520   0.0820   0.1230   0.1690   0.2330   0.3130 -10000000000.0000 -10000000000.0000 -10000000000.0000 -10000000000.0000 -10000000000.0000 -10000000000.0000 -10000000000.0000 -10000000000.0000 -10000000000.0000 -10000000000.0000 -10000000000.0000 -10000000000.0000 -10000000000.0000 -10000000000.0000 -10000000000.0000;
114:  0.0100   0.0300   0.0530   0.0820   0.1230   0.1690   0.2330   0.3130 -10000000000.0000 -10000000000.0000 -10000000000.0000 -10000000000.0000 -10000000000.0000 -10000000000.0000 -10000000000.0000 -10000000000.0000 -10000000000.0000 -10000000000.0000 -10000000000.0000 -10000000000.0000 -10000000000.0000 -10000000000.0000 -10000000000.0000;
115:  0.0100   0.0300   0.0530   0.0820   0.1230   0.1690   0.2330   0.3130 -10000000000.0000 -10000000000.0000 -10000000000.0000 -10000000000.0000 -10000000000.0000 -10000000000.0000 -10000000000.0000 -10000000000.0000 -10000000000.0000 -10000000000.0000 -10000000000.0000 -10000000000.0000 -10000000000.0000 -10000000000.0000 -10000000000.0000;
116:  0.0100   0.0290   0.0520   0.0820   0.1230   0.1690   0.2330   0.3130 -10000000000.0000 -10000000000.0000 -10000000000.0000 -10000000000.0000 -10000000000.0000 -10000000000.0000 -10000000000.0000 -10000000000.0000 -10000000000.0000 -10000000000.0000 -10000000000.0000 -10000000000.0000 -10000000000.0000 -10000000000.0000 -10000000000.0000;
117:  0.0100   0.0290   0.0520   0.0820   0.1230   0.1690   0.2330   0.3130 -10000000000.0000 -10000000000.0000 -10000000000.0000 -10000000000.0000 -10000000000.0000 -10000000000.0000 -10000000000.0000 -10000000000.0000 -10000000000.0000 -10000000000.0000 -10000000000.0000 -10000000000.0000 -10000000000.0000 -10000000000.0000 -10000000000.0000;
118:  0.0100   0.0290   0.0520   0.0820   0.1230   0.1700   0.2330   0.3120 -10000000000.0000 -10000000000.0000 -10000000000.0000 -10000000000.0000 -10000000000.0000 -10000000000.0000 -10000000000.0000 -10000000000.0000 -10000000000.0000 -10000000000.0000 -10000000000.0000 -10000000000.0000 -10000000000.0000 -10000000000.0000 -10000000000.0000;
119:  0.0090   0.0290   0.0520   0.0820   0.1230   0.1700   0.2330   0.3120 -10000000000.0000 -10000000000.0000 -10000000000.0000 -10000000000.0000 -10000000000.0000 -10000000000.0000 -10000000000.0000 -10000000000.0000 -10000000000.0000 -10000000000.0000 -10000000000.0000 -10000000000.0000 -10000000000.0000 -10000000000.0000 -10000000000.0000;
120:  0.0090   0.0290   0.0520   0.0820   0.1230   0.1700   0.2330   0.3120 -10000000000.0000 -10000000000.0000 -10000000000.0000 -10000000000.0000 -10000000000.0000 -10000000000.0000 -10000000000.0000 -10000000000.0000 -10000000000.0000 -10000000000.0000 -10000000000.0000 -10000000000.0000 -10000000000.0000 -10000000000.0000 -10000000000.0000;
121:  0.0090   0.0290   0.0520   0.0820   0.1230   0.1700   0.2330   0.3120 -10000000000.0000 -10000000000.0000 -10000000000.0000 -10000000000.0000 -10000000000.0000 -10000000000.0000 -10000000000.0000 -10000000000.0000 -10000000000.0000 -10000000000.0000 -10000000000.0000 -10000000000.0000 -10000000000.0000 -10000000000.0000 -10000000000.0000;
122:  0.0090   0.0290   0.0520   0.0820   0.1230   0.1700   0.2340   0.3120 -10000000000.0000 -10000000000.0000 -10000000000.0000 -10000000000.0000 -10000000000.0000 -10000000000.0000 -10000000000.0000 -10000000000.0000 -10000000000.0000 -10000000000.0000 -10000000000.0000 -10000000000.0000 -10000000000.0000 -10000000000.0000 -10000000000.0000;
123:  0.0090   0.0290   0.0520   0.0820   0.1230   0.1700   0.2340   0.3120 -10000000000.0000 -10000000000.0000 -10000000000.0000 -10000000000.0000 -10000000000.0000 -10000000000.0000 -10000000000.0000 -10000000000.0000 -10000000000.0000 -10000000000.0000 -10000000000.0000 -10000000000.0000 -10000000000.0000 -10000000000.0000 -10000000000.0000;
124:  0.0090   0.0290   0.0520   0.0820   0.1230   0.1700   0.2340   0.3120 -10000000000.0000 -10000000000.0000 -10000000000.0000 -10000000000.0000 -10000000000.0000 -10000000000.0000 -10000000000.0000 -10000000000.0000 -10000000000.0000 -10000000000.0000 -10000000000.0000 -10000000000.0000 -10000000000.0000 -10000000000.0000 -10000000000.0000;
125:  0.0090   0.0290   0.0520   0.0820   0.1230   0.1710   0.2340   0.3120 -10000000000.0000 -10000000000.0000 -10000000000.0000 -10000000000.0000 -10000000000.0000 -10000000000.0000 -10000000000.0000 -10000000000.0000 -10000000000.0000 -10000000000.0000 -10000000000.0000 -10000000000.0000 -10000000000.0000 -10000000000.0000 -10000000000.0000;
126:  0.0090   0.0290   0.0520   0.0810   0.1230   0.1710   0.2340   0.3120 -10000000000.0000 -10000000000.0000 -10000000000.0000 -10000000000.0000 -10000000000.0000 -10000000000.0000 -10000000000.0000 -10000000000.0000 -10000000000.0000 -10000000000.0000 -10000000000.0000 -10000000000.0000 -10000000000.0000 -10000000000.0000 -10000000000.0000;
127:  0.0090   0.0290   0.0520   0.0810   0.1230   0.1710   0.2350   0.3120 -10000000000.0000 -10000000000.0000 -10000000000.0000 -10000000000.0000 -10000000000.0000 -10000000000.0000 -10000000000.0000 -10000000000.0000 -10000000000.0000 -10000000000.0000 -10000000000.0000 -10000000000.0000 -10000000000.0000 -10000000000.0000 -10000000000.0000;
128:  0.0090   0.0290   0.0520   0.0810   0.1230   0.1710   0.2350   0.3120 -10000000000.0000 -10000000000.0000 -10000000000.0000 -10000000000.0000 -10000000000.0000 -10000000000.0000 -10000000000.0000 -10000000000.0000 -10000000000.0000 -10000000000.0000 -10000000000.0000 -10000000000.0000 -10000000000.0000 -10000000000.0000 -10000000000.0000;
129:  0.0090   0.0290   0.0520   0.0810   0.1230   0.1710   0.2350   0.3120 -10000000000.0000 -10000000000.0000 -10000000000.0000 -10000000000.0000 -10000000000.0000 -10000000000.0000 -10000000000.0000 -10000000000.0000 -10000000000.0000 -10000000000.0000 -10000000000.0000 -10000000000.0000 -10000000000.0000 -10000000000.0000 -10000000000.0000;
130:  0.0090   0.0290   0.0520   0.0810   0.1230   0.1710   0.2350   0.3120 -10000000000.0000 -10000000000.0000 -10000000000.0000 -10000000000.0000 -10000000000.0000 -10000000000.0000 -10000000000.0000 -10000000000.0000 -10000000000.0000 -10000000000.0000 -10000000000.0000 -10000000000.0000 -10000000000.0000 -10000000000.0000 -10000000000.0000;
131:  0.0090   0.0290   0.0510   0.0810   0.1220   0.1710   0.2350   0.3120 -10000000000.0000 -10000000000.0000 -10000000000.0000 -10000000000.0000 -10000000000.0000 -10000000000.0000 -10000000000.0000 -10000000000.0000 -10000000000.0000 -10000000000.0000 -10000000000.0000 -10000000000.0000 -10000000000.0000 -10000000000.0000 -10000000000.0000;
132:  0.0090   0.0290   0.0520   0.0810   0.1220   0.1710   0.2350   0.3120 -10000000000.0000 -10000000000.0000 -10000000000.0000 -10000000000.0000 -10000000000.0000 -10000000000.0000 -10000000000.0000 -10000000000.0000 -10000000000.0000 -10000000000.0000 -10000000000.0000 -10000000000.0000 -10000000000.0000 -10000000000.0000 -10000000000.0000;
133:  0.0090   0.0290   0.0520   0.0810   0.1220   0.1710   0.2360   0.3120 -10000000000.0000 -10000000000.0000 -10000000000.0000 -10000000000.0000 -10000000000.0000 -10000000000.0000 -10000000000.0000 -10000000000.0000 -10000000000.0000 -10000000000.0000 -10000000000.0000 -10000000000.0000 -10000000000.0000 -10000000000.0000 -10000000000.0000;
134:  0.0090   0.0290   0.0520   0.0810   0.1220   0.1710   0.2360   0.3130 -10000000000.0000 -10000000000.0000 -10000000000.0000 -10000000000.0000 -10000000000.0000 -10000000000.0000 -10000000000.0000 -10000000000.0000 -10000000000.0000 -10000000000.0000 -10000000000.0000 -10000000000.0000 -10000000000.0000 -10000000000.0000 -10000000000.0000;
135:  0.0090   0.0290   0.0520   0.0810   0.1220   0.1710   0.2360   0.3130 -10000000000.0000 -10000000000.0000 -10000000000.0000 -10000000000.0000 -10000000000.0000 -10000000000.0000 -10000000000.0000 -10000000000.0000 -10000000000.0000 -10000000000.0000 -10000000000.0000 -10000000000.0000 -10000000000.0000 -10000000000.0000 -10000000000.0000;
136:  0.0090   0.0290   0.0520   0.0810   0.1220   0.1710   0.2360   0.3130 -10000000000.0000 -10000000000.0000 -10000000000.0000 -10000000000.0000 -10000000000.0000 -10000000000.0000 -10000000000.0000 -10000000000.0000 -10000000000.0000 -10000000000.0000 -10000000000.0000 -10000000000.0000 -10000000000.0000 -10000000000.0000 -10000000000.0000;
137:  0.0090   0.0290   0.0520   0.0810   0.1220   0.1710   0.2360   0.3130 -10000000000.0000 -10000000000.0000 -10000000000.0000 -10000000000.0000 -10000000000.0000 -10000000000.0000 -10000000000.0000 -10000000000.0000 -10000000000.0000 -10000000000.0000 -10000000000.0000 -10000000000.0000 -10000000000.0000 -10000000000.0000 -10000000000.0000;
138:  0.0090   0.0290   0.0520   0.0810   0.1220   0.1710   0.2370   0.3130 -10000000000.0000 -10000000000.0000 -10000000000.0000 -10000000000.0000 -10000000000.0000 -10000000000.0000 -10000000000.0000 -10000000000.0000 -10000000000.0000 -10000000000.0000 -10000000000.0000 -10000000000.0000 -10000000000.0000 -10000000000.0000 -10000000000.0000;
139:  0.0090   0.0290   0.0520   0.0820   0.1220   0.1710   0.2370   0.3140 -10000000000.0000 -10000000000.0000 -10000000000.0000 -10000000000.0000 -10000000000.0000 -10000000000.0000 -10000000000.0000 -10000000000.0000 -10000000000.0000 -10000000000.0000 -10000000000.0000 -10000000000.0000 -10000000000.0000 -10000000000.0000 -10000000000.0000;
140:  0.0090   0.0290   0.0520   0.0810   0.1220   0.1710   0.2360   0.3130 -10000000000.0000 -10000000000.0000 -10000000000.0000 -10000000000.0000 -10000000000.0000 -10000000000.0000 -10000000000.0000 -10000000000.0000 -10000000000.0000 -10000000000.0000 -10000000000.0000 -10000000000.0000 -10000000000.0000 -10000000000.0000 -10000000000.0000;
141:  0.0090   0.0290   0.0510   0.0810   0.1220   0.1710   0.2370   0.3130 -10000000000.0000 -10000000000.0000 -10000000000.0000 -10000000000.0000 -10000000000.0000 -10000000000.0000 -10000000000.0000 -10000000000.0000 -10000000000.0000 -10000000000.0000 -10000000000.0000 -10000000000.0000 -10000000000.0000 -10000000000.0000 -10000000000.0000;
142:  0.0090   0.0290   0.0520   0.0810   0.1220   0.1710   0.2370   0.3140 -10000000000.0000 -10000000000.0000 -10000000000.0000 -10000000000.0000 -10000000000.0000 -10000000000.0000 -10000000000.0000 -10000000000.0000 -10000000000.0000 -10000000000.0000 -10000000000.0000 -10000000000.0000 -10000000000.0000 -10000000000.0000 -10000000000.0000;
143:  0.0090   0.0290   0.0520   0.0810   0.1220   0.1710   0.2370   0.3140 -10000000000.0000 -10000000000.0000 -10000000000.0000 -10000000000.0000 -10000000000.0000 -10000000000.0000 -10000000000.0000 -10000000000.0000 -10000000000.0000 -10000000000.0000 -10000000000.0000 -10000000000.0000 -10000000000.0000 -10000000000.0000 -10000000000.0000;
144:  0.0090   0.0290   0.0520   0.0810   0.1220   0.1710   0.2370   0.3140 -10000000000.0000 -10000000000.0000 -10000000000.0000 -10000000000.0000 -10000000000.0000 -10000000000.0000 -10000000000.0000 -10000000000.0000 -10000000000.0000 -10000000000.0000 -10000000000.0000 -10000000000.0000 -10000000000.0000 -10000000000.0000 -10000000000.0000;
145:  0.0080   0.0280   0.0520   0.0810   0.1220   0.1710   0.2370   0.3140 -10000000000.0000 -10000000000.0000 -10000000000.0000 -10000000000.0000 -10000000000.0000 -10000000000.0000 -10000000000.0000 -10000000000.0000 -10000000000.0000 -10000000000.0000 -10000000000.0000 -10000000000.0000 -10000000000.0000 -10000000000.0000 -10000000000.0000;
146:  0.0080   0.0280   0.0510   0.0810   0.1210   0.1700   0.2370   0.3140 -10000000000.0000 -10000000000.0000 -10000000000.0000 -10000000000.0000 -10000000000.0000 -10000000000.0000 -10000000000.0000 -10000000000.0000 -10000000000.0000 -10000000000.0000 -10000000000.0000 -10000000000.0000 -10000000000.0000 -10000000000.0000 -10000000000.0000;
147:  0.0080   0.0280   0.0510   0.0810   0.1210   0.1700   0.2370   0.3140 -10000000000.0000 -10000000000.0000 -10000000000.0000 -10000000000.0000 -10000000000.0000 -10000000000.0000 -10000000000.0000 -10000000000.0000 -10000000000.0000 -10000000000.0000 -10000000000.0000 -10000000000.0000 -10000000000.0000 -10000000000.0000 -10000000000.0000;
148:  0.0080   0.0280   0.0510   0.0810   0.1210   0.1700   0.2370   0.3140 -10000000000.0000 -10000000000.0000 -10000000000.0000 -10000000000.0000 -10000000000.0000 -10000000000.0000 -10000000000.0000 -10000000000.0000 -10000000000.0000 -10000000000.0000 -10000000000.0000 -10000000000.0000 -10000000000.0000 -10000000000.0000 -10000000000.0000;
149:  0.0080   0.0280   0.0510   0.0810   0.1210   0.1700   0.2370   0.3140 -10000000000.0000 -10000000000.0000 -10000000000.0000 -10000000000.0000 -10000000000.0000 -10000000000.0000 -10000000000.0000 -10000000000.0000 -10000000000.0000 -10000000000.0000 -10000000000.0000 -10000000000.0000 -10000000000.0000 -10000000000.0000 -10000000000.0000;
150:  0.0080   0.0280   0.0510   0.0810   0.1210   0.1700   0.2370   0.3140 -10000000000.0000 -10000000000.0000 -10000000000.0000 -10000000000.0000 -10000000000.0000 -10000000000.0000 -10000000000.0000 -10000000000.0000 -10000000000.0000 -10000000000.0000 -10000000000.0000 -10000000000.0000 -10000000000.0000 -10000000000.0000 -10000000000.0000;
151:  0.0100   0.0300   0.0530   0.0830   0.1230   0.1720   0.2390   0.3160   0.3840 -10000000000.0000 -10000000000.0000 -10000000000.0000 -10000000000.0000 -10000000000.0000 -10000000000.0000 -10000000000.0000 -10000000000.0000 -10000000000.0000 -10000000000.0000 -10000000000.0000 -10000000000.0000 -10000000000.0000 -10000000000.0000;
152:  0.0100   0.0300   0.0530   0.0830   0.1230   0.1710   0.2390   0.3160   0.3840 -10000000000.0000 -10000000000.0000 -10000000000.0000 -10000000000.0000 -10000000000.0000 -10000000000.0000 -10000000000.0000 -10000000000.0000 -10000000000.0000 -10000000000.0000 -10000000000.0000 -10000000000.0000 -10000000000.0000 -10000000000.0000;
153:  0.0100   0.0300   0.0530   0.0830   0.1230   0.1710   0.2390   0.3160   0.3840 -10000000000.0000 -10000000000.0000 -10000000000.0000 -10000000000.0000 -10000000000.0000 -10000000000.0000 -10000000000.0000 -10000000000.0000 -10000000000.0000 -10000000000.0000 -10000000000.0000 -10000000000.0000 -10000000000.0000 -10000000000.0000;
154:  0.0100   0.0300   0.0530   0.0830   0.1230   0.1710   0.2390   0.3160   0.3840 -10000000000.0000 -10000000000.0000 -10000000000.0000 -10000000000.0000 -10000000000.0000 -10000000000.0000 -10000000000.0000 -10000000000.0000 -10000000000.0000 -10000000000.0000 -10000000000.0000 -10000000000.0000 -10000000000.0000 -10000000000.0000;
155:  0.0100   0.0300   0.0530   0.0830   0.1230   0.1710   0.2380   0.3160   0.3840 -10000000000.0000 -10000000000.0000 -10000000000.0000 -10000000000.0000 -10000000000.0000 -10000000000.0000 -10000000000.0000 -10000000000.0000 -10000000000.0000 -10000000000.0000 -10000000000.0000 -10000000000.0000 -10000000000.0000 -10000000000.0000;
156:  0.0100   0.0300   0.0530   0.0830   0.1230   0.1710   0.2380   0.3160   0.3830 -10000000000.0000 -10000000000.0000 -10000000000.0000 -10000000000.0000 -10000000000.0000 -10000000000.0000 -10000000000.0000 -10000000000.0000 -10000000000.0000 -10000000000.0000 -10000000000.0000 -10000000000.0000 -10000000000.0000 -10000000000.0000;
157:  0.0100   0.0300   0.0530   0.0830   0.1230   0.1710   0.2380   0.3160   0.3830 -10000000000.0000 -10000000000.0000 -10000000000.0000 -10000000000.0000 -10000000000.0000 -10000000000.0000 -10000000000.0000 -10000000000.0000 -10000000000.0000 -10000000000.0000 -10000000000.0000 -10000000000.0000 -10000000000.0000 -10000000000.0000;
158:  0.0100   0.0300   0.0530   0.0830   0.1220   0.1710   0.2380   0.3150   0.3830   0.4560 -10000000000.0000 -10000000000.0000 -10000000000.0000 -10000000000.0000 -10000000000.0000 -10000000000.0000 -10000000000.0000 -10000000000.0000 -10000000000.0000 -10000000000.0000 -10000000000.0000 -10000000000.0000 -10000000000.0000;
159:  0.0100   0.0300   0.0530   0.0830   0.1230   0.1710   0.2380   0.3150   0.3830   0.4560 -10000000000.0000 -10000000000.0000 -10000000000.0000 -10000000000.0000 -10000000000.0000 -10000000000.0000 -10000000000.0000 -10000000000.0000 -10000000000.0000 -10000000000.0000 -10000000000.0000 -10000000000.0000 -10000000000.0000;
160:  0.0100   0.0300   0.0530   0.0830   0.1230   0.1710   0.2380   0.3150   0.3830   0.4570 -10000000000.0000 -10000000000.0000 -10000000000.0000 -10000000000.0000 -10000000000.0000 -10000000000.0000 -10000000000.0000 -10000000000.0000 -10000000000.0000 -10000000000.0000 -10000000000.0000 -10000000000.0000 -10000000000.0000;
161:  0.0100   0.0300   0.0530   0.0830   0.1230   0.1710   0.2390   0.3150   0.3840   0.4570 -10000000000.0000 -10000000000.0000 -10000000000.0000 -10000000000.0000 -10000000000.0000 -10000000000.0000 -10000000000.0000 -10000000000.0000 -10000000000.0000 -10000000000.0000 -10000000000.0000 -10000000000.0000 -10000000000.0000;
162:  0.0100   0.0300   0.0530   0.0830   0.1230   0.1710   0.2380   0.3150   0.3830   0.4580 -10000000000.0000 -10000000000.0000 -10000000000.0000 -10000000000.0000 -10000000000.0000 -10000000000.0000 -10000000000.0000 -10000000000.0000 -10000000000.0000 -10000000000.0000 -10000000000.0000 -10000000000.0000 -10000000000.0000;
163:  0.0100   0.0300   0.0530   0.0830   0.1230   0.1710   0.2380   0.3150   0.3830   0.4570 -10000000000.0000 -10000000000.0000 -10000000000.0000 -10000000000.0000 -10000000000.0000 -10000000000.0000 -10000000000.0000 -10000000000.0000 -10000000000.0000 -10000000000.0000 -10000000000.0000 -10000000000.0000 -10000000000.0000;
164:  0.0100   0.0300   0.0540   0.0830   0.1230   0.1710   0.2380   0.3150   0.3830   0.4580 -10000000000.0000 -10000000000.0000 -10000000000.0000 -10000000000.0000 -10000000000.0000 -10000000000.0000 -10000000000.0000 -10000000000.0000 -10000000000.0000 -10000000000.0000 -10000000000.0000 -10000000000.0000 -10000000000.0000;
165:  0.0100   0.0300   0.0530   0.0830   0.1220   0.1700   0.2380   0.3140   0.3830   0.4580   0.5640 -10000000000.0000 -10000000000.0000 -10000000000.0000 -10000000000.0000 -10000000000.0000 -10000000000.0000 -10000000000.0000 -10000000000.0000 -10000000000.0000 -10000000000.0000 -10000000000.0000 -10000000000.0000;
166:  0.0090   0.0290   0.0530   0.0820   0.1220   0.1700   0.2370   0.3140   0.3820   0.4570   0.5630   0.6850 -10000000000.0000 -10000000000.0000 -10000000000.0000 -10000000000.0000 -10000000000.0000 -10000000000.0000 -10000000000.0000 -10000000000.0000 -10000000000.0000 -10000000000.0000 -10000000000.0000;
167:  0.0090   0.0290   0.0530   0.0820   0.1220   0.1700   0.2370   0.3140   0.3820   0.4570   0.5640   0.6860 -10000000000.0000 -10000000000.0000 -10000000000.0000 -10000000000.0000 -10000000000.0000 -10000000000.0000 -10000000000.0000 -10000000000.0000 -10000000000.0000 -10000000000.0000 -10000000000.0000;
168:  0.0090   0.0300   0.0530   0.0820   0.1220   0.1700   0.2370   0.3140   0.3830   0.4580   0.5640   0.6860 -10000000000.0000 -10000000000.0000 -10000000000.0000 -10000000000.0000 -10000000000.0000 -10000000000.0000 -10000000000.0000 -10000000000.0000 -10000000000.0000 -10000000000.0000 -10000000000.0000;
169:  0.0100   0.0300   0.0530   0.0820   0.1220   0.1700   0.2370   0.3140   0.3820   0.4580   0.5640   0.6850 -10000000000.0000 -10000000000.0000 -10000000000.0000 -10000000000.0000 -10000000000.0000 -10000000000.0000 -10000000000.0000 -10000000000.0000 -10000000000.0000 -10000000000.0000 -10000000000.0000;
170:  0.0090   0.0300   0.0530   0.0820   0.1220   0.1700   0.2370   0.3140   0.3820   0.4580   0.5640   0.6860 -10000000000.0000 -10000000000.0000 -10000000000.0000 -10000000000.0000 -10000000000.0000 -10000000000.0000 -10000000000.0000 -10000000000.0000 -10000000000.0000 -10000000000.0000 -10000000000.0000;
171:  0.0100   0.0300   0.0530   0.0830   0.1230   0.1710   0.2380   0.3140   0.3830   0.4590   0.5650   0.6860   0.7980 -10000000000.0000 -10000000000.0000 -10000000000.0000 -10000000000.0000 -10000000000.0000 -10000000000.0000 -10000000000.0000 -10000000000.0000 -10000000000.0000 -10000000000.0000;
172:  0.0100   0.0300   0.0530   0.0830   0.1230   0.1710   0.2380   0.3140   0.3830   0.4590   0.5650   0.6860   0.7970 -10000000000.0000 -10000000000.0000 -10000000000.0000 -10000000000.0000 -10000000000.0000 -10000000000.0000 -10000000000.0000 -10000000000.0000 -10000000000.0000 -10000000000.0000;
173:  0.0100   0.0300   0.0540   0.0830   0.1230   0.1710   0.2380   0.3140   0.3830   0.4590   0.5660   0.6870   0.7980 -10000000000.0000 -10000000000.0000 -10000000000.0000 -10000000000.0000 -10000000000.0000 -10000000000.0000 -10000000000.0000 -10000000000.0000 -10000000000.0000 -10000000000.0000;
174:  0.0100   0.0300   0.0530   0.0830   0.1230   0.1710   0.2370   0.3140   0.3830   0.4590   0.5660   0.6860   0.7970   0.9200 -10000000000.0000 -10000000000.0000 -10000000000.0000 -10000000000.0000 -10000000000.0000 -10000000000.0000 -10000000000.0000 -10000000000.0000 -10000000000.0000;
175:  0.0100   0.0300   0.0530   0.0820   0.1220   0.1710   0.2370   0.3130   0.3830   0.4590   0.5660   0.6860   0.7970   0.9190 -10000000000.0000 -10000000000.0000 -10000000000.0000 -10000000000.0000 -10000000000.0000 -10000000000.0000 -10000000000.0000 -10000000000.0000 -10000000000.0000;
176:  0.0100   0.0300   0.0530   0.0820   0.1220   0.1710   0.2370   0.3130   0.3830   0.4590   0.5660   0.6860   0.7970   0.9180 -10000000000.0000 -10000000000.0000 -10000000000.0000 -10000000000.0000 -10000000000.0000 -10000000000.0000 -10000000000.0000 -10000000000.0000 -10000000000.0000;
177:  0.0070   0.0270   0.0510   0.0800   0.1190   0.1680   0.2340   0.3100   0.3800   0.4570   0.5630   0.6830   0.7930   0.9150   1.0520 -10000000000.0000 -10000000000.0000 -10000000000.0000 -10000000000.0000 -10000000000.0000 -10000000000.0000 -10000000000.0000 -10000000000.0000;
178:  0.0070   0.0270   0.0500   0.0800   0.1190   0.1680   0.2340   0.3100   0.3800   0.4570   0.5640   0.6840   0.7930   0.9150   1.0520 -10000000000.0000 -10000000000.0000 -10000000000.0000 -10000000000.0000 -10000000000.0000 -10000000000.0000 -10000000000.0000 -10000000000.0000;
179:  0.0080   0.0290   0.0520   0.0810   0.1210   0.1690   0.2350   0.3120   0.3810   0.4580   0.5650   0.6850   0.7940   0.9160   1.0540   1.1910 -10000000000.0000 -10000000000.0000 -10000000000.0000 -10000000000.0000 -10000000000.0000 -10000000000.0000 -10000000000.0000;
180:  0.0090   0.0290   0.0520   0.0810   0.1210   0.1690   0.2350   0.3120   0.3810   0.4580   0.5650   0.6850   0.7950   0.9160   1.0530   1.1910 -10000000000.0000 -10000000000.0000 -10000000000.0000 -10000000000.0000 -10000000000.0000 -10000000000.0000 -10000000000.0000;
181:  0.0090   0.0290   0.0520   0.0810   0.1210   0.1690   0.2350   0.3120   0.3810   0.4580   0.5650   0.6860   0.7950   0.9170   1.0540   1.1920 -10000000000.0000 -10000000000.0000 -10000000000.0000 -10000000000.0000 -10000000000.0000 -10000000000.0000 -10000000000.0000;
182:  0.0090   0.0290   0.0520   0.0810   0.1210   0.1690   0.2350   0.3110   0.3810   0.4580   0.5650   0.6860   0.7950   0.9160   1.0540   1.1930 -10000000000.0000 -10000000000.0000 -10000000000.0000 -10000000000.0000 -10000000000.0000 -10000000000.0000 -10000000000.0000;
183:  0.0120   0.0320   0.0550   0.0840   0.1240   0.1730   0.2390   0.3160   0.3850   0.4620   0.5680   0.6890   0.7970   0.9190   1.0570   1.1970   1.3580   1.5510 -10000000000.0000 -10000000000.0000 -10000000000.0000 -10000000000.0000 -10000000000.0000;
184:  0.0120   0.0320   0.0550   0.0840   0.1240   0.1730   0.2390   0.3150   0.3850   0.4610   0.5680   0.6890   0.7980   0.9190   1.0570   1.1980   1.3580   1.5500 -10000000000.0000 -10000000000.0000 -10000000000.0000 -10000000000.0000 -10000000000.0000;
185:  0.0120   0.0320   0.0550   0.0830   0.1230   0.1720   0.2380   0.3150   0.3840   0.4610   0.5680   0.6890   0.7970   0.9190   1.0570   1.1980   1.3590   1.5500   1.7660 -10000000000.0000 -10000000000.0000 -10000000000.0000 -10000000000.0000;
186:  0.0120   0.0320   0.0550   0.0830   0.1230   0.1720   0.2380   0.3150   0.3840   0.4600   0.5670   0.6890   0.7980   0.9180   1.0560   1.1990   1.3590   1.5480   1.7710 -10000000000.0000 -10000000000.0000 -10000000000.0000 -10000000000.0000;
187:  0.0120   0.0320   0.0550   0.0830   0.1230   0.1720   0.2380   0.3150   0.3840   0.4600   0.5670   0.6890   0.7980   0.9180   1.0560   1.1990   1.3590   1.5470   1.7760 -10000000000.0000 -10000000000.0000 -10000000000.0000 -10000000000.0000;
188:  0.0120   0.0320   0.0550   0.0830   0.1230   0.1720   0.2380   0.3150   0.3840   0.4600   0.5670   0.6900   0.7980   0.9180   1.0550   1.2000   1.3590   1.5470   1.7810 -10000000000.0000 -10000000000.0000 -10000000000.0000 -10000000000.0000;
189:  0.0120   0.0320   0.0550   0.0830   0.1230   0.1720   0.2380   0.3150   0.3830   0.4600   0.5670   0.6900   0.7980   0.9180   1.0560   1.2000   1.3600   1.5470   1.7870 -10000000000.0000 -10000000000.0000 -10000000000.0000 -10000000000.0000;
190:  0.0120   0.0320   0.0550   0.0830   0.1230   0.1720   0.2380   0.3140   0.3840   0.4600   0.5670   0.6900   0.7980   0.9170   1.0550   1.2000   1.3600   1.5460   1.7910 -10000000000.0000 -10000000000.0000 -10000000000.0000 -10000000000.0000;
191:  0.0120   0.0320   0.0540   0.0830   0.1230   0.1720   0.2380   0.3140   0.3830   0.4590   0.5670   0.6900   0.7980   0.9170   1.0550   1.2000   1.3600   1.5450   1.7940 -10000000000.0000 -10000000000.0000 -10000000000.0000 -10000000000.0000;
192:  0.0120   0.0310   0.0540   0.0830   0.1230   0.1720   0.2380   0.3140   0.3830   0.4590   0.5660   0.6900   0.7980   0.9170   1.0540   1.2010   1.3600   1.5450   1.7980 -10000000000.0000 -10000000000.0000 -10000000000.0000 -10000000000.0000;
193:  0.0110   0.0310   0.0540   0.0830   0.1230   0.1720   0.2380   0.3140   0.3830   0.4590   0.5660   0.6900   0.7980   0.9170   1.0530   1.2010   1.3600   1.5440   1.8010 -10000000000.0000 -10000000000.0000 -10000000000.0000 -10000000000.0000;
194:  0.0110   0.0310   0.0540   0.0830   0.1230   0.1720   0.2370   0.3140   0.3820   0.4580   0.5660   0.6900   0.7990   0.9170   1.0530   1.2010   1.3610   1.5450   1.8040 -10000000000.0000 -10000000000.0000 -10000000000.0000 -10000000000.0000;
195:  0.0110   0.0310   0.0540   0.0830   0.1230   0.1710   0.2370   0.3140   0.3820   0.4580   0.5660   0.6900   0.7990   0.9170   1.0530   1.2010   1.3620   1.5450   1.8060 -10000000000.0000 -10000000000.0000 -10000000000.0000 -10000000000.0000;
196:  0.0110   0.0310   0.0540   0.0830   0.1220   0.1710   0.2370   0.3130   0.3820   0.4580   0.5650   0.6900   0.7990   0.9170   1.0520   1.2010   1.3620   1.5440   1.8060 -10000000000.0000 -10000000000.0000 -10000000000.0000 -10000000000.0000;
197:  0.0110   0.0310   0.0540   0.0830   0.1220   0.1710   0.2370   0.3130   0.3820   0.4580   0.5650   0.6900   0.7990   0.9160   1.0510   1.2010   1.3610   1.5450   1.8070 -10000000000.0000 -10000000000.0000 -10000000000.0000 -10000000000.0000;
198:  0.0080   0.0280   0.0510   0.0800   0.1200   0.1680   0.2340   0.3100   0.3780   0.4540   0.5620   0.6870   0.7960   0.9140   1.0490   1.1990   1.3600   1.5420   1.8040   2.1220   2.4370 -10000000000.0000 -10000000000.0000;
199:  0.0080   0.0280   0.0510   0.0800   0.1200   0.1690   0.2340   0.3100   0.3780   0.4540   0.5620   0.6870   0.7970   0.9140   1.0490   1.1990   1.3600   1.5430   1.8040   2.1230   2.4440 -10000000000.0000 -10000000000.0000;
200:  0.0080   0.0280   0.0510   0.0800   0.1200   0.1680   0.2340   0.3090   0.3780   0.4540   0.5610   0.6870   0.7960   0.9140   1.0480   1.1980   1.3610   1.5430   1.8020   2.1200   2.4440 -10000000000.0000 -10000000000.0000;
201:  0.0080   0.0280   0.0520   0.0810   0.1200   0.1690   0.2340   0.3100   0.3780   0.4540   0.5620   0.6870   0.7970   0.9140   1.0480   1.1980   1.3610   1.5440   1.8010   2.1170   2.4400 -10000000000.0000 -10000000000.0000;
202:  0.0080   0.0280   0.0510   0.0800   0.1200   0.1680   0.2340   0.3100   0.3780   0.4540   0.5620   0.6870   0.7970   0.9140   1.0470   1.1980   1.3620   1.5450   1.7980   2.1100   2.4310 -10000000000.0000 -10000000000.0000;
203:  0.0080   0.0280   0.0520   0.0810   0.1200   0.1680   0.2340   0.3100   0.3780   0.4540   0.5620   0.6870   0.7970   0.9140   1.0470   1.1980   1.3620   1.5460   1.7960   2.1010   2.4190 -10000000000.0000 -10000000000.0000;
204:  0.0090   0.0280   0.0520   0.0810   0.1200   0.1680   0.2340   0.3090   0.3780   0.4540   0.5620   0.6870   0.7970   0.9140   1.0470   1.1970   1.3620   1.5470   1.7930   2.0900   2.4020 -10000000000.0000 -10000000000.0000;
205:  0.0090   0.0280   0.0520   0.0810   0.1200   0.1680   0.2340   0.3090   0.3780   0.4540   0.5620   0.6870   0.7960   0.9130   1.0460   1.1970   1.3620   1.5470   1.7880   2.0780   2.3840 -10000000000.0000 -10000000000.0000;
206:  0.0090   0.0290   0.0520   0.0810   0.1200   0.1680   0.2330   0.3090   0.3780   0.4540   0.5620   0.6860   0.7960   0.9130   1.0460   1.1960   1.3620   1.5480   1.7840   2.0640   2.3670 -10000000000.0000 -10000000000.0000;
207:  0.0090   0.0290   0.0520   0.0810   0.1200   0.1690   0.2340   0.3100   0.3780   0.4540   0.5620   0.6860   0.7960   0.9130   1.0460   1.1950   1.3620   1.5490   1.7800   2.0500   2.3510 -10000000000.0000 -10000000000.0000;
208:  0.0090   0.0290   0.0520   0.0810   0.1200   0.1690   0.2340   0.3100   0.3790   0.4550   0.5630   0.6860   0.7960   0.9130   1.0460   1.1950   1.3620   1.5500   1.7760   2.0370   2.3370 -10000000000.0000 -10000000000.0000;
209:  0.0090   0.0290   0.0520   0.0810   0.1210   0.1690   0.2340   0.3100   0.3790   0.4550   0.5630   0.6860   0.7960   0.9130   1.0460   1.1940   1.3620   1.5510   1.7720   2.0260   2.3260 -10000000000.0000 -10000000000.0000;
210:  0.0090   0.0290   0.0520   0.0810   0.1210   0.1690   0.2340   0.3100   0.3790   0.4550   0.5620   0.6860   0.7960   0.9130   1.0450   1.1940   1.3620   1.5510   1.7680   2.0140   2.3180 -10000000000.0000 -10000000000.0000;
211:  0.0100   0.0290   0.0520   0.0810   0.1210   0.1690   0.2340   0.3100   0.3790   0.4550   0.5630   0.6860   0.7960   0.9140   1.0450   1.1930   1.3620   1.5520   1.7660   2.0070   2.3160 -10000000000.0000 -10000000000.0000;
212:  0.0100   0.0300   0.0530   0.0820   0.1210   0.1690   0.2340   0.3100   0.3800   0.4550   0.5630   0.6860   0.7960   0.9140   1.0450   1.1930   1.3620   1.5530   1.7640   2.0020   2.3160 -10000000000.0000 -10000000000.0000;
213:  0.0080   0.0280   0.0510   0.0800   0.1200   0.1680   0.2330   0.3080   0.3780   0.4540   0.5610   0.6840   0.7940   0.9130   1.0450   1.1920   1.3600   1.5510   1.7610   1.9980 -10000000000.0000 -10000000000.0000 -10000000000.0000;
214:  0.0080   0.0280   0.0510   0.0800   0.1200   0.1680   0.2320   0.3080   0.3770   0.4540   0.5610   0.6840   0.7930   0.9120   1.0450   1.1910   1.3600   1.5510   1.7610   2.0000 -10000000000.0000 -10000000000.0000 -10000000000.0000;
215:  0.0090   0.0280   0.0510   0.0800   0.1200   0.1680   0.2330   0.3080   0.3780   0.4540   0.5620   0.6830   0.7930   0.9130   1.0450   1.1910   1.3600   1.5510   1.7630   2.0060 -10000000000.0000 -10000000000.0000 -10000000000.0000;
216:  0.0090   0.0280   0.0510   0.0800   0.1200   0.1680   0.2320   0.3080   0.3780   0.4540   0.5620   0.6830   0.7930   0.9130   1.0460   1.1910   1.3600   1.5510   1.7660   2.0130 -10000000000.0000 -10000000000.0000 -10000000000.0000;
217:  0.0090   0.0290   0.0520   0.0810   0.1210   0.1680   0.2330   0.3090   0.3780   0.4550   0.5620   0.6830   0.7930   0.9130   1.0460   1.1910   1.3600   1.5500   1.7700 -10000000000.0000 -10000000000.0000 -10000000000.0000 -10000000000.0000;
218:  0.0090   0.0290   0.0520   0.0810   0.1210   0.1680   0.2330   0.3090   0.3780   0.4550   0.5620   0.6830   0.7930   0.9130   1.0470   1.1910   1.3590   1.5490   1.7750 -10000000000.0000 -10000000000.0000 -10000000000.0000 -10000000000.0000;
219:  0.0090   0.0290   0.0520   0.0810   0.1210   0.1680   0.2330   0.3090   0.3780   0.4550   0.5620   0.6830   0.7930   0.9130   1.0470   1.1910   1.3590   1.5490   1.7820 -10000000000.0000 -10000000000.0000 -10000000000.0000 -10000000000.0000;
220:  0.0090   0.0290   0.0520   0.0810   0.1210   0.1690   0.2330   0.3090   0.3780   0.4550   0.5620   0.6830   0.7930   0.9130   1.0470   1.1920   1.3590   1.5480   1.7890 -10000000000.0000 -10000000000.0000 -10000000000.0000 -10000000000.0000;
221:  0.0090   0.0290   0.0520   0.0800   0.1200   0.1680   0.2330   0.3080   0.3780   0.4540   0.5620   0.6820   0.7930   0.9140   1.0480   1.1910   1.3580   1.5460 -10000000000.0000 -10000000000.0000 -10000000000.0000 -10000000000.0000 -10000000000.0000;
222:  0.0090   0.0290   0.0510   0.0810   0.1200   0.1680   0.2320   0.3090   0.3780   0.4540   0.5620   0.6830   0.7930   0.9140   1.0490   1.1920   1.3580   1.5460 -10000000000.0000 -10000000000.0000 -10000000000.0000 -10000000000.0000 -10000000000.0000;
223:  0.0090   0.0280   0.0510   0.0800   0.1200   0.1680   0.2320   0.3080   0.3770   0.4540   0.5620   0.6830   0.7930   0.9140   1.0490   1.1920   1.3570   1.5430 -10000000000.0000 -10000000000.0000 -10000000000.0000 -10000000000.0000 -10000000000.0000;
224:  0.0090   0.0280   0.0510   0.0800   0.1200   0.1680   0.2320   0.3080   0.3770   0.4540   0.5610   0.6830   0.7920   0.9140   1.0490   1.1930   1.3570   1.5420 -10000000000.0000 -10000000000.0000 -10000000000.0000 -10000000000.0000 -10000000000.0000;
225:  0.0090   0.0280   0.0510   0.0800   0.1200   0.1680   0.2320   0.3080   0.3770   0.4540   0.5620   0.6820   0.7930   0.9150   1.0510   1.1940   1.3570   1.5410 -10000000000.0000 -10000000000.0000 -10000000000.0000 -10000000000.0000 -10000000000.0000;
226:  0.0090   0.0280   0.0510   0.0800   0.1200   0.1680   0.2310   0.3070   0.3770   0.4530   0.5610   0.6820   0.7930   0.9150   1.0510   1.1950   1.3570   1.5400 -10000000000.0000 -10000000000.0000 -10000000000.0000 -10000000000.0000 -10000000000.0000;
227:  0.0080   0.0280   0.0510   0.0800   0.1200   0.1670   0.2310   0.3070   0.3760   0.4530   0.5610   0.6820   0.7930   0.9150   1.0520   1.1960   1.3570   1.5380 -10000000000.0000 -10000000000.0000 -10000000000.0000 -10000000000.0000 -10000000000.0000;
228:  0.0090   0.0280   0.0510   0.0800   0.1200   0.1670   0.2310   0.3070   0.3770   0.4530   0.5610   0.6830   0.7930   0.9160   1.0530   1.1970   1.3580   1.5370 -10000000000.0000 -10000000000.0000 -10000000000.0000 -10000000000.0000 -10000000000.0000;
229:  0.0080   0.0280   0.0510   0.0790   0.1190   0.1670   0.2310   0.3070   0.3760   0.4530   0.5610   0.6830   0.7930   0.9160   1.0540   1.1980   1.3580   1.5360 -10000000000.0000 -10000000000.0000 -10000000000.0000 -10000000000.0000 -10000000000.0000;
230:  0.0090   0.0280   0.0510   0.0800   0.1200   0.1670   0.2310   0.3070   0.3760   0.4530   0.5610   0.6830   0.7940   0.9170   1.0550   1.2010   1.3600   1.5350 -10000000000.0000 -10000000000.0000 -10000000000.0000 -10000000000.0000 -10000000000.0000;
231:  0.0080   0.0280   0.0510   0.0790   0.1190   0.1670   0.2310   0.3070   0.3760   0.4530   0.5610   0.6830   0.7940   0.9170   1.0560   1.2020   1.3610   1.5340 -10000000000.0000 -10000000000.0000 -10000000000.0000 -10000000000.0000 -10000000000.0000;
232:  0.0080   0.0280   0.0500   0.0790   0.1190   0.1670   0.2300   0.3060   0.3750   0.4520   0.5610   0.6830   0.7940   0.9180   1.0570   1.2030   1.3630   1.5340 -10000000000.0000 -10000000000.0000 -10000000000.0000 -10000000000.0000 -10000000000.0000;
233:  0.0080   0.0280   0.0500   0.0790   0.1190   0.1670   0.2310   0.3060   0.3750   0.4520   0.5610   0.6840   0.7950   0.9180   1.0580   1.2060   1.3640   1.5340 -10000000000.0000 -10000000000.0000 -10000000000.0000 -10000000000.0000 -10000000000.0000;
234:  0.0080   0.0280   0.0500   0.0790   0.1190   0.1660   0.2300   0.3060   0.3750   0.4520   0.5600   0.6840   0.7950   0.9190   1.0590   1.2070   1.3660   1.5330 -10000000000.0000 -10000000000.0000 -10000000000.0000 -10000000000.0000 -10000000000.0000;
235:  0.0080   0.0280   0.0500   0.0790   0.1190   0.1660   0.2300   0.3060   0.3750   0.4520   0.5600   0.6840   0.7950   0.9200   1.0610   1.2100   1.3690   1.5340 -10000000000.0000 -10000000000.0000 -10000000000.0000 -10000000000.0000 -10000000000.0000;
236:  0.0080   0.0280   0.0500   0.0790   0.1190   0.1660   0.2300   0.3050   0.3740   0.4510   0.5610   0.6850   0.7960   0.9200   1.0620   1.2120   1.3720   1.5350 -10000000000.0000 -10000000000.0000 -10000000000.0000 -10000000000.0000 -10000000000.0000;
237:  0.0080   0.0280   0.0500   0.0790   0.1180   0.1660   0.2300   0.3050   0.3740   0.4510   0.5610   0.6850   0.7970   0.9210   1.0630   1.2140   1.3750   1.5360 -10000000000.0000 -10000000000.0000 -10000000000.0000 -10000000000.0000 -10000000000.0000;
238:  0.0080   0.0280   0.0500   0.0790   0.1180   0.1660   0.2300   0.3050   0.3740   0.4510   0.5600   0.6860   0.7970   0.9220   1.0650   1.2170   1.3780   1.5380 -10000000000.0000 -10000000000.0000 -10000000000.0000 -10000000000.0000 -10000000000.0000;
239:  0.0080   0.0270   0.0500   0.0790   0.1180   0.1660   0.2300   0.3050   0.3740   0.4510   0.5600   0.6860   0.7980   0.9220   1.0660   1.2190   1.3810   1.5390 -10000000000.0000 -10000000000.0000 -10000000000.0000 -10000000000.0000 -10000000000.0000;
240:  0.0080   0.0270   0.0500   0.0790   0.1180   0.1660   0.2290   0.3040   0.3740   0.4510   0.5600   0.6860   0.7980   0.9230   1.0670   1.2210   1.3860   1.5410 -10000000000.0000 -10000000000.0000 -10000000000.0000 -10000000000.0000 -10000000000.0000;
241:  0.0080   0.0280   0.0500   0.0790   0.1180   0.1660   0.2290   0.3040   0.3730   0.4510   0.5610   0.6870   0.7990   0.9240   1.0680   1.2240   1.3900   1.5440 -10000000000.0000 -10000000000.0000 -10000000000.0000 -10000000000.0000 -10000000000.0000;
242:  0.0080   0.0270   0.0500   0.0790   0.1180   0.1650   0.2290   0.3040   0.3730   0.4500   0.5610   0.6870   0.7990   0.9250   1.0700   1.2260   1.3940   1.5470 -10000000000.0000 -10000000000.0000 -10000000000.0000 -10000000000.0000 -10000000000.0000;
243:  0.0080   0.0280   0.0500   0.0790   0.1180   0.1660   0.2290   0.3040   0.3730   0.4500   0.5610   0.6880   0.8000   0.9260   1.0710   1.2290   1.3990   1.5500 -10000000000.0000 -10000000000.0000 -10000000000.0000 -10000000000.0000 -10000000000.0000;
244:  0.0080   0.0280   0.0500   0.0790   0.1180   0.1650   0.2290   0.3040   0.3730   0.4500   0.5610   0.6880   0.8010   0.9260   1.0720   1.2310   1.4040   1.5540 -10000000000.0000 -10000000000.0000 -10000000000.0000 -10000000000.0000 -10000000000.0000;
245:  0.0080   0.0270   0.0500   0.0780   0.1180   0.1650   0.2290   0.3040   0.3730   0.4500   0.5610   0.6890   0.8010   0.9270   1.0740   1.2340   1.4090   1.5590 -10000000000.0000 -10000000000.0000 -10000000000.0000 -10000000000.0000 -10000000000.0000;
246:  0.0080   0.0270   0.0500   0.0780   0.1180   0.1650   0.2280   0.3030   0.3730   0.4500   0.5610   0.6890   0.8020   0.9270   1.0750   1.2350   1.4140   1.5630 -10000000000.0000 -10000000000.0000 -10000000000.0000 -10000000000.0000 -10000000000.0000;
247:  0.0100   0.0290   0.0510   0.0800   0.1190   0.1660   0.2300   0.3050   0.3740   0.4510   0.5630   0.6910   0.8030   0.9300   1.0780   1.2400 -10000000000.0000 -10000000000.0000 -10000000000.0000 -10000000000.0000 -10000000000.0000 -10000000000.0000 -10000000000.0000;
248:  0.0100   0.0290   0.0510   0.0800   0.1190   0.1670   0.2300   0.3050   0.3740   0.4510   0.5630   0.6910   0.8040   0.9310   1.0800   1.2430 -10000000000.0000 -10000000000.0000 -10000000000.0000 -10000000000.0000 -10000000000.0000 -10000000000.0000 -10000000000.0000;
249:  0.0100   0.0290   0.0510   0.0800   0.1190   0.1660   0.2300   0.3040   0.3740   0.4510   0.5630   0.6910   0.8040   0.9310   1.0810   1.2440 -10000000000.0000 -10000000000.0000 -10000000000.0000 -10000000000.0000 -10000000000.0000 -10000000000.0000 -10000000000.0000;
250:  0.0100   0.0290   0.0510   0.0800   0.1190   0.1660   0.2300   0.3050   0.3740   0.4510   0.5640   0.6910   0.8050   0.9320   1.0820   1.2460 -10000000000.0000 -10000000000.0000 -10000000000.0000 -10000000000.0000 -10000000000.0000 -10000000000.0000 -10000000000.0000;
251:  0.0100   0.0290   0.0510   0.0800   0.1190   0.1660   0.2300   0.3040   0.3740   0.4510   0.5640   0.6920   0.8050   0.9320   1.0840   1.2470 -10000000000.0000 -10000000000.0000 -10000000000.0000 -10000000000.0000 -10000000000.0000 -10000000000.0000 -10000000000.0000;
252:  0.0090   0.0290   0.0510   0.0790   0.1190   0.1660   0.2290   0.3040   0.3730   0.4510   0.5640   0.6920   0.8050   0.9330   1.0850   1.2500 -10000000000.0000 -10000000000.0000 -10000000000.0000 -10000000000.0000 -10000000000.0000 -10000000000.0000 -10000000000.0000;
253:  0.0100   0.0290   0.0510   0.0790   0.1190   0.1660   0.2290   0.3040   0.3730   0.4510   0.5640   0.6920   0.8050   0.9340   1.0870   1.2510 -10000000000.0000 -10000000000.0000 -10000000000.0000 -10000000000.0000 -10000000000.0000 -10000000000.0000 -10000000000.0000;
254:  0.0100   0.0290   0.0510   0.0790   0.1190   0.1660   0.2290   0.3040   0.3730   0.4510   0.5640   0.6920   0.8060   0.9340   1.0880   1.2530 -10000000000.0000 -10000000000.0000 -10000000000.0000 -10000000000.0000 -10000000000.0000 -10000000000.0000 -10000000000.0000;
255:  0.0090   0.0290   0.0510   0.0790   0.1180   0.1660   0.2290   0.3040   0.3730   0.4510   0.5650   0.6920   0.8050   0.9350   1.0900   1.2540 -10000000000.0000 -10000000000.0000 -10000000000.0000 -10000000000.0000 -10000000000.0000 -10000000000.0000 -10000000000.0000;
256:  0.0100   0.0290   0.0510   0.0790   0.1190   0.1660   0.2290   0.3040   0.3730   0.4510   0.5650   0.6930   0.8060   0.9360   1.0920   1.2560 -10000000000.0000 -10000000000.0000 -10000000000.0000 -10000000000.0000 -10000000000.0000 -10000000000.0000 -10000000000.0000;
257:  0.0090   0.0290   0.0510   0.0790   0.1190   0.1660   0.2290   0.3040   0.3730   0.4510   0.5650   0.6930   0.8060   0.9370   1.0930   1.2570 -10000000000.0000 -10000000000.0000 -10000000000.0000 -10000000000.0000 -10000000000.0000 -10000000000.0000 -10000000000.0000;
258:  0.0090   0.0290   0.0510   0.0790   0.1190   0.1660   0.2290   0.3040   0.3730   0.4510   0.5660   0.6930   0.8060   0.9370   1.0950   1.2580 -10000000000.0000 -10000000000.0000 -10000000000.0000 -10000000000.0000 -10000000000.0000 -10000000000.0000 -10000000000.0000;
259:  0.0090   0.0290   0.0510   0.0790   0.1180   0.1660   0.2290   0.3030   0.3730   0.4510   0.5660   0.6930   0.8060   0.9380   1.0960   1.2600 -10000000000.0000 -10000000000.0000 -10000000000.0000 -10000000000.0000 -10000000000.0000 -10000000000.0000 -10000000000.0000;
260:  0.0090   0.0290   0.0510   0.0790   0.1180   0.1660   0.2290   0.3040   0.3730   0.4520   0.5660   0.6930   0.8060   0.9380   1.0980   1.2610 -10000000000.0000 -10000000000.0000 -10000000000.0000 -10000000000.0000 -10000000000.0000 -10000000000.0000 -10000000000.0000;
261:  0.0090   0.0290   0.0510   0.0790   0.1190   0.1660   0.2290   0.3040   0.3730   0.4520   0.5660   0.6930   0.8060   0.9390   1.0990   1.2620 -10000000000.0000 -10000000000.0000 -10000000000.0000 -10000000000.0000 -10000000000.0000 -10000000000.0000 -10000000000.0000;
262:  0.0090   0.0290   0.0510   0.0790   0.1190   0.1660   0.2290   0.3040   0.3730   0.4520   0.5660   0.6930   0.8060   0.9400   1.1010   1.2630 -10000000000.0000 -10000000000.0000 -10000000000.0000 -10000000000.0000 -10000000000.0000 -10000000000.0000 -10000000000.0000;
263:  0.0090   0.0290   0.0510   0.0790   0.1190   0.1660   0.2290   0.3040   0.3730   0.4520   0.5670   0.6930   0.8070   0.9400   1.1030   1.2640 -10000000000.0000 -10000000000.0000 -10000000000.0000 -10000000000.0000 -10000000000.0000 -10000000000.0000 -10000000000.0000;
264:  0.0090   0.0290   0.0510   0.0790   0.1190   0.1660   0.2290   0.3040   0.3730   0.4520   0.5670   0.6930   0.8070   0.9410   1.1050   1.2650 -10000000000.0000 -10000000000.0000 -10000000000.0000 -10000000000.0000 -10000000000.0000 -10000000000.0000 -10000000000.0000;
265:  0.0100   0.0290   0.0510   0.0790   0.1190   0.1660   0.2290   0.3040   0.3730   0.4520   0.5670   0.6930   0.8070   0.9420   1.1060   1.2660 -10000000000.0000 -10000000000.0000 -10000000000.0000 -10000000000.0000 -10000000000.0000 -10000000000.0000 -10000000000.0000;
266:  0.0090   0.0290   0.0510   0.0790   0.1190   0.1660   0.2290   0.3040   0.3740   0.4520   0.5670   0.6930   0.8070   0.9420   1.1080   1.2670 -10000000000.0000 -10000000000.0000 -10000000000.0000 -10000000000.0000 -10000000000.0000 -10000000000.0000 -10000000000.0000;
267:  0.0090   0.0290   0.0510   0.0790   0.1190   0.1660   0.2290   0.3040   0.3740   0.4530   0.5670   0.6930   0.8070   0.9430   1.1100   1.2680 -10000000000.0000 -10000000000.0000 -10000000000.0000 -10000000000.0000 -10000000000.0000 -10000000000.0000 -10000000000.0000;
268:  0.0100   0.0290   0.0510   0.0790   0.1190   0.1660   0.2300   0.3040   0.3740   0.4530   0.5680   0.6930   0.8070   0.9450   1.1120   1.2700 -10000000000.0000 -10000000000.0000 -10000000000.0000 -10000000000.0000 -10000000000.0000 -10000000000.0000 -10000000000.0000;
269:  0.0100   0.0290   0.0510   0.0790   0.1190   0.1660   0.2290   0.3040   0.3740   0.4530   0.5680   0.6930   0.8080   0.9450   1.1130   1.2710 -10000000000.0000 -10000000000.0000 -10000000000.0000 -10000000000.0000 -10000000000.0000 -10000000000.0000 -10000000000.0000;
270:  0.0100   0.0290   0.0510   0.0790   0.1190   0.1660   0.2290   0.3040   0.3740   0.4530   0.5680   0.6940   0.8070   0.9450   1.1140   1.2720 -10000000000.0000 -10000000000.0000 -10000000000.0000 -10000000000.0000 -10000000000.0000 -10000000000.0000 -10000000000.0000;
271:  0.0100   0.0290   0.0510   0.0790   0.1190   0.1660   0.2290   0.3040   0.3740   0.4530   0.5680   0.6930   0.8080   0.9460   1.1160   1.2730 -10000000000.0000 -10000000000.0000 -10000000000.0000 -10000000000.0000 -10000000000.0000 -10000000000.0000 -10000000000.0000;
272:  0.0100   0.0290   0.0510   0.0790   0.1190   0.1660   0.2300   0.3040   0.3740   0.4530   0.5680   0.6940   0.8080   0.9470   1.1180   1.2740 -10000000000.0000 -10000000000.0000 -10000000000.0000 -10000000000.0000 -10000000000.0000 -10000000000.0000 -10000000000.0000;
273:  0.0100   0.0290   0.0510   0.0790   0.1190   0.1660   0.2300   0.3040   0.3740   0.4540   0.5680   0.6940   0.8080   0.9490   1.1200   1.2750 -10000000000.0000 -10000000000.0000 -10000000000.0000 -10000000000.0000 -10000000000.0000 -10000000000.0000 -10000000000.0000;
274:  0.0100   0.0290   0.0510   0.0790   0.1190   0.1660   0.2300   0.3040   0.3740   0.4540   0.5680   0.6940   0.8090   0.9490   1.1200   1.2760 -10000000000.0000 -10000000000.0000 -10000000000.0000 -10000000000.0000 -10000000000.0000 -10000000000.0000 -10000000000.0000;
275:  0.0100   0.0290   0.0510   0.0790   0.1190   0.1660   0.2300   0.3050   0.3750   0.4540   0.5680   0.6940   0.8090   0.9500   1.1220   1.2780 -10000000000.0000 -10000000000.0000 -10000000000.0000 -10000000000.0000 -10000000000.0000 -10000000000.0000 -10000000000.0000;
276:  0.0100   0.0290   0.0510   0.0790   0.1190   0.1660   0.2300   0.3050   0.3750   0.4540   0.5680   0.6950   0.8100   0.9510   1.1240   1.2790 -10000000000.0000 -10000000000.0000 -10000000000.0000 -10000000000.0000 -10000000000.0000 -10000000000.0000 -10000000000.0000;
277:  0.0100   0.0290   0.0510   0.0790   0.1190   0.1660   0.2300   0.3050   0.3750   0.4540   0.5680   0.6950   0.8100   0.9520   1.1250   1.2800 -10000000000.0000 -10000000000.0000 -10000000000.0000 -10000000000.0000 -10000000000.0000 -10000000000.0000 -10000000000.0000;
278:  0.0100   0.0290   0.0510   0.0790   0.1190   0.1660   0.2300   0.3050   0.3750   0.4540   0.5680   0.6950   0.8110   0.9530   1.1260   1.2810 -10000000000.0000 -10000000000.0000 -10000000000.0000 -10000000000.0000 -10000000000.0000 -10000000000.0000 -10000000000.0000;
279:  0.0100   0.0290   0.0510   0.0790   0.1190   0.1660   0.2300   0.3050   0.3750   0.4540   0.5680   0.6960   0.8110   0.9540   1.1270   1.2820 -10000000000.0000 -10000000000.0000 -10000000000.0000 -10000000000.0000 -10000000000.0000 -10000000000.0000 -10000000000.0000;
280:  0.0100   0.0290   0.0510   0.0800   0.1190   0.1660   0.2300   0.3050   0.3750   0.4550   0.5680   0.6960   0.8120   0.9550   1.1280   1.2840 -10000000000.0000 -10000000000.0000 -10000000000.0000 -10000000000.0000 -10000000000.0000 -10000000000.0000 -10000000000.0000;
281:  0.0100   0.0290   0.0510   0.0800   0.1190   0.1670   0.2300   0.3050   0.3750   0.4550   0.5680   0.6960   0.8120   0.9560   1.1290   1.2850 -10000000000.0000 -10000000000.0000 -10000000000.0000 -10000000000.0000 -10000000000.0000 -10000000000.0000 -10000000000.0000;
282:  0.0100   0.0290   0.0510   0.0800   0.1190   0.1660   0.2300   0.3050   0.3760   0.4550   0.5680   0.6960   0.8130   0.9570   1.1300   1.2860 -10000000000.0000 -10000000000.0000 -10000000000.0000 -10000000000.0000 -10000000000.0000 -10000000000.0000 -10000000000.0000;
283:  0.0100   0.0290   0.0510   0.0800   0.1190   0.1660   0.2300   0.3050   0.3760   0.4550   0.5680   0.6960   0.8130   0.9580   1.1300   1.2870 -10000000000.0000 -10000000000.0000 -10000000000.0000 -10000000000.0000 -10000000000.0000 -10000000000.0000 -10000000000.0000;
284:  0.0100   0.0290   0.0510   0.0800   0.1190   0.1660   0.2300   0.3050   0.3760   0.4550   0.5680   0.6970   0.8140   0.9580   1.1300   1.2870 -10000000000.0000 -10000000000.0000 -10000000000.0000 -10000000000.0000 -10000000000.0000 -10000000000.0000 -10000000000.0000;
285:  0.0100   0.0290   0.0510   0.0800   0.1190   0.1660   0.2300   0.3060   0.3760   0.4550   0.5680   0.6970   0.8150   0.9600   1.1310   1.2890 -10000000000.0000 -10000000000.0000 -10000000000.0000 -10000000000.0000 -10000000000.0000 -10000000000.0000 -10000000000.0000;
286:  0.0100   0.0290   0.0510   0.0800   0.1190   0.1660   0.2300   0.3060   0.3760   0.4550   0.5680   0.6980   0.8160   0.9600   1.1310   1.2890 -10000000000.0000 -10000000000.0000 -10000000000.0000 -10000000000.0000 -10000000000.0000 -10000000000.0000 -10000000000.0000;
287:  0.0100   0.0290   0.0510   0.0800   0.1190   0.1670   0.2310   0.3060   0.3760   0.4550   0.5690   0.6980   0.8170   0.9610   1.1310   1.2900 -10000000000.0000 -10000000000.0000 -10000000000.0000 -10000000000.0000 -10000000000.0000 -10000000000.0000 -10000000000.0000;
288:  0.0100   0.0290   0.0510   0.0800   0.1190   0.1660   0.2300   0.3060   0.3760   0.4550   0.5680   0.6980   0.8170   0.9610   1.1310   1.2900 -10000000000.0000 -10000000000.0000 -10000000000.0000 -10000000000.0000 -10000000000.0000 -10000000000.0000 -10000000000.0000;
289:  0.0100   0.0290   0.0510   0.0790   0.1190   0.1660   0.2310   0.3060   0.3760   0.4560   0.5680   0.6980   0.8170   0.9620   1.1310   1.2910 -10000000000.0000 -10000000000.0000 -10000000000.0000 -10000000000.0000 -10000000000.0000 -10000000000.0000 -10000000000.0000;
290:  0.0100   0.0290   0.0510   0.0800   0.1190   0.1660   0.2310   0.3060   0.3760   0.4560   0.5680   0.6990   0.8180   0.9630   1.1300   1.2910 -10000000000.0000 -10000000000.0000 -10000000000.0000 -10000000000.0000 -10000000000.0000 -10000000000.0000 -10000000000.0000;
291:  0.0100   0.0290   0.0510   0.0800   0.1190   0.1660   0.2310   0.3060   0.3770   0.4560   0.5690   0.6990   0.8180   0.9630   1.1300   1.2910 -10000000000.0000 -10000000000.0000 -10000000000.0000 -10000000000.0000 -10000000000.0000 -10000000000.0000 -10000000000.0000;
292:  0.0100   0.0290   0.0510   0.0800   0.1190   0.1660   0.2310   0.3060   0.3770   0.4560   0.5680   0.6990   0.8190   0.9640   1.1300   1.2920 -10000000000.0000 -10000000000.0000 -10000000000.0000 -10000000000.0000 -10000000000.0000 -10000000000.0000 -10000000000.0000;
293:  0.0100   0.0290   0.0510   0.0800   0.1190   0.1660   0.2310   0.3060   0.3770   0.4560   0.5690   0.6990   0.8190   0.9640   1.1290   1.2910 -10000000000.0000 -10000000000.0000 -10000000000.0000 -10000000000.0000 -10000000000.0000 -10000000000.0000 -10000000000.0000;
294:  0.0100   0.0290   0.0510   0.0800   0.1190   0.1670   0.2310   0.3060   0.3770   0.4560   0.5690   0.7000   0.8200   0.9650   1.1280   1.2910 -10000000000.0000 -10000000000.0000 -10000000000.0000 -10000000000.0000 -10000000000.0000 -10000000000.0000 -10000000000.0000;
295:  0.0100   0.0290   0.0510   0.0800   0.1190   0.1670   0.2310   0.3060   0.3770   0.4560   0.5690   0.7000   0.8200   0.9650   1.1280   1.2910 -10000000000.0000 -10000000000.0000 -10000000000.0000 -10000000000.0000 -10000000000.0000 -10000000000.0000 -10000000000.0000;
296:  0.0100   0.0290   0.0510   0.0800   0.1190   0.1660   0.2310   0.3060   0.3770   0.4560   0.5690   0.7000   0.8200   0.9660   1.1270   1.2890 -10000000000.0000 -10000000000.0000 -10000000000.0000 -10000000000.0000 -10000000000.0000 -10000000000.0000 -10000000000.0000;
297:  0.0100   0.0290   0.0510   0.0800   0.1190   0.1670   0.2310   0.3070   0.3780   0.4560   0.5690   0.7000   0.8210   0.9660   1.1260   1.2890 -10000000000.0000 -10000000000.0000 -10000000000.0000 -10000000000.0000 -10000000000.0000 -10000000000.0000 -10000000000.0000;
298:  0.0100   0.0290   0.0510   0.0800   0.1190   0.1670   0.2310   0.3060   0.3770   0.4570   0.5690   0.7010   0.8220   0.9660   1.1250   1.2880 -10000000000.0000 -10000000000.0000 -10000000000.0000 -10000000000.0000 -10000000000.0000 -10000000000.0000 -10000000000.0000;
299:  0.0100   0.0290   0.0510   0.0800   0.1190   0.1670   0.2310   0.3070   0.3780   0.4560   0.5690   0.7010   0.8220   0.9660   1.1240   1.2880 -10000000000.0000 -10000000000.0000 -10000000000.0000 -10000000000.0000 -10000000000.0000 -10000000000.0000 -10000000000.0000;
300:  0.0100   0.0290   0.0510   0.0800   0.1190   0.1670   0.2310   0.3060   0.3770   0.4560   0.5700   0.7010   0.8220   0.9660   1.1230   1.2860 -10000000000.0000 -10000000000.0000 -10000000000.0000 -10000000000.0000 -10000000000.0000 -10000000000.0000 -10000000000.0000;
301:  0.0100   0.0290   0.0510   0.0800   0.1190   0.1670   0.2310   0.3070   0.3780   0.4560   0.5700   0.7010   0.8220   0.9670   1.1230   1.2860 -10000000000.0000 -10000000000.0000 -10000000000.0000 -10000000000.0000 -10000000000.0000 -10000000000.0000 -10000000000.0000;
302:  0.0100   0.0290   0.0510   0.0800   0.1190   0.1670   0.2310   0.3070   0.3780   0.4560   0.5700   0.7010   0.8220   0.9660   1.1210   1.2840 -10000000000.0000 -10000000000.0000 -10000000000.0000 -10000000000.0000 -10000000000.0000 -10000000000.0000 -10000000000.0000;
303:  0.0100   0.0290   0.0510   0.0800   0.1190   0.1670   0.2310   0.3070   0.3780   0.4570   0.5700   0.7020   0.8230   0.9660   1.1210   1.2830 -10000000000.0000 -10000000000.0000 -10000000000.0000 -10000000000.0000 -10000000000.0000 -10000000000.0000 -10000000000.0000;
304:  0.0100   0.0290   0.0510   0.0800   0.1190   0.1670   0.2310   0.3070   0.3780   0.4560   0.5700   0.7020   0.8230   0.9660   1.1190   1.2820 -10000000000.0000 -10000000000.0000 -10000000000.0000 -10000000000.0000 -10000000000.0000 -10000000000.0000 -10000000000.0000;
305:  0.0100   0.0290   0.0510   0.0800   0.1190   0.1670   0.2310   0.3070   0.3780   0.4570   0.5700   0.7020   0.8230   0.9660   1.1190   1.2810 -10000000000.0000 -10000000000.0000 -10000000000.0000 -10000000000.0000 -10000000000.0000 -10000000000.0000 -10000000000.0000;
306:  0.0100   0.0290   0.0510   0.0800   0.1190   0.1670   0.2310   0.3070   0.3780   0.4560   0.5700   0.7020   0.8230   0.9650   1.1180   1.2800 -10000000000.0000 -10000000000.0000 -10000000000.0000 -10000000000.0000 -10000000000.0000 -10000000000.0000 -10000000000.0000;
307:  0.0100   0.0290   0.0510   0.0800   0.1190   0.1670   0.2310   0.3070   0.3780   0.4570   0.5710   0.7020   0.8230   0.9650   1.1170   1.2790 -10000000000.0000 -10000000000.0000 -10000000000.0000 -10000000000.0000 -10000000000.0000 -10000000000.0000 -10000000000.0000;
308:  0.0100   0.0290   0.0510   0.0800   0.1190   0.1670   0.2320   0.3080   0.3780   0.4570   0.5710   0.7030   0.8230   0.9650   1.1170   1.2770 -10000000000.0000 -10000000000.0000 -10000000000.0000 -10000000000.0000 -10000000000.0000 -10000000000.0000 -10000000000.0000;
309:  0.0100   0.0290   0.0510   0.0800   0.1190   0.1670   0.2320   0.3080   0.3780   0.4570   0.5710   0.7030   0.8230   0.9640   1.1160   1.2770 -10000000000.0000 -10000000000.0000 -10000000000.0000 -10000000000.0000 -10000000000.0000 -10000000000.0000 -10000000000.0000;
310:  0.0100   0.0290   0.0510   0.0800   0.1190   0.1670   0.2320   0.3080   0.3780   0.4560   0.5710   0.7030   0.8230   0.9640   1.1160   1.2750 -10000000000.0000 -10000000000.0000 -10000000000.0000 -10000000000.0000 -10000000000.0000 -10000000000.0000 -10000000000.0000;
311:  0.0100   0.0290   0.0510   0.0800   0.1190   0.1670   0.2320   0.3080   0.3780   0.4560   0.5710   0.7030   0.8240   0.9640   1.1160   1.2750 -10000000000.0000 -10000000000.0000 -10000000000.0000 -10000000000.0000 -10000000000.0000 -10000000000.0000 -10000000000.0000;
312:  0.0100   0.0290   0.0510   0.0800   0.1190   0.1670   0.2320   0.3080   0.3780   0.4570   0.5710   0.7040   0.8230   0.9640   1.1160   1.2740 -10000000000.0000 -10000000000.0000 -10000000000.0000 -10000000000.0000 -10000000000.0000 -10000000000.0000 -10000000000.0000;
313:  0.0100   0.0290   0.0510   0.0800   0.1200   0.1670   0.2320   0.3080   0.3780   0.4570   0.5710   0.7030   0.8230   0.9640   1.1160   1.2740 -10000000000.0000 -10000000000.0000 -10000000000.0000 -10000000000.0000 -10000000000.0000 -10000000000.0000 -10000000000.0000;
314:  0.0100   0.0290   0.0510   0.0800   0.1200   0.1670   0.2320   0.3080   0.3780   0.4560   0.5710   0.7030   0.8230   0.9630   1.1160   1.2730 -10000000000.0000 -10000000000.0000 -10000000000.0000 -10000000000.0000 -10000000000.0000 -10000000000.0000 -10000000000.0000;
315:  0.0090   0.0290   0.0510   0.0800   0.1190   0.1670   0.2320   0.3080   0.3780   0.4560   0.5710   0.7040   0.8230   0.9630   1.1160   1.2730 -10000000000.0000 -10000000000.0000 -10000000000.0000 -10000000000.0000 -10000000000.0000 -10000000000.0000 -10000000000.0000;
316:  0.0100   0.0290   0.0510   0.0800   0.1200   0.1680   0.2320   0.3080   0.3780   0.4560   0.5720   0.7040   0.8240   0.9630   1.1170   1.2730 -10000000000.0000 -10000000000.0000 -10000000000.0000 -10000000000.0000 -10000000000.0000 -10000000000.0000 -10000000000.0000;
317:  0.0090   0.0290   0.0510   0.0800   0.1200   0.1680   0.2320   0.3080   0.3780   0.4560   0.5710   0.7040   0.8240   0.9620   1.1170   1.2730 -10000000000.0000 -10000000000.0000 -10000000000.0000 -10000000000.0000 -10000000000.0000 -10000000000.0000 -10000000000.0000;
318:  0.0090   0.0290   0.0510   0.0800   0.1200   0.1670   0.2320   0.3080   0.3780   0.4560   0.5710   0.7040   0.8230   0.9620   1.1170   1.2730 -10000000000.0000 -10000000000.0000 -10000000000.0000 -10000000000.0000 -10000000000.0000 -10000000000.0000 -10000000000.0000;
319:  0.0090   0.0290   0.0510   0.0800   0.1200   0.1680   0.2320   0.3080   0.3780   0.4560   0.5720   0.7050   0.8240   0.9620   1.1190   1.2740 -10000000000.0000 -10000000000.0000 -10000000000.0000 -10000000000.0000 -10000000000.0000 -10000000000.0000 -10000000000.0000;
320:  0.0090   0.0290   0.0510   0.0800   0.1200   0.1670   0.2320   0.3080   0.3780   0.4560   0.5720   0.7050   0.8240   0.9620   1.1200   1.2750 -10000000000.0000 -10000000000.0000 -10000000000.0000 -10000000000.0000 -10000000000.0000 -10000000000.0000 -10000000000.0000;
321:  0.0090   0.0290   0.0510   0.0800   0.1200   0.1680   0.2320   0.3090   0.3780   0.4560   0.5720   0.7050   0.8240   0.9620   1.1210   1.2770 -10000000000.0000 -10000000000.0000 -10000000000.0000 -10000000000.0000 -10000000000.0000 -10000000000.0000 -10000000000.0000;
322:  0.0090   0.0280   0.0510   0.0800   0.1200   0.1680   0.2320   0.3080   0.3770   0.4560   0.5720   0.7050   0.8240   0.9620   1.1220   1.2780 -10000000000.0000 -10000000000.0000 -10000000000.0000 -10000000000.0000 -10000000000.0000 -10000000000.0000 -10000000000.0000;
323:  0.0090   0.0290   0.0510   0.0800   0.1200   0.1680   0.2320   0.3090   0.3780   0.4560   0.5720   0.7050   0.8240   0.9630   1.1240   1.2790 -10000000000.0000 -10000000000.0000 -10000000000.0000 -10000000000.0000 -10000000000.0000 -10000000000.0000 -10000000000.0000;
324:  0.0090   0.0280   0.0510   0.0800   0.1200   0.1680   0.2320   0.3080   0.3770   0.4550   0.5720   0.7050   0.8240   0.9620   1.1250   1.2810 -10000000000.0000 -10000000000.0000 -10000000000.0000 -10000000000.0000 -10000000000.0000 -10000000000.0000 -10000000000.0000;
325:  0.0090   0.0280   0.0510   0.0800   0.1200   0.1670   0.2320   0.3080   0.3770   0.4550   0.5720   0.7050   0.8240   0.9630   1.1270   1.2820   1.5800 -10000000000.0000 -10000000000.0000 -10000000000.0000 -10000000000.0000 -10000000000.0000 -10000000000.0000;
326:  0.0090   0.0280   0.0510   0.0800   0.1200   0.1680   0.2320   0.3090   0.3770   0.4560   0.5720   0.7050   0.8250   0.9640   1.1300   1.2840   1.5810 -10000000000.0000 -10000000000.0000 -10000000000.0000 -10000000000.0000 -10000000000.0000 -10000000000.0000;
327:  0.0090   0.0290   0.0510   0.0800   0.1200   0.1680   0.2330   0.3090   0.3780   0.4560   0.5720   0.7060   0.8250   0.9640   1.1320   1.2870   1.5840 -10000000000.0000 -10000000000.0000 -10000000000.0000 -10000000000.0000 -10000000000.0000 -10000000000.0000;
328:  0.0090   0.0280   0.0510   0.0800   0.1200   0.1680   0.2320   0.3090   0.3780   0.4560   0.5720   0.7060   0.8250   0.9640   1.1340   1.2890   1.5850 -10000000000.0000 -10000000000.0000 -10000000000.0000 -10000000000.0000 -10000000000.0000 -10000000000.0000;
329:  0.0090   0.0290   0.0510   0.0800   0.1200   0.1680   0.2330   0.3090   0.3780   0.4560   0.5720   0.7060   0.8250   0.9650   1.1360   1.2920   1.5870 -10000000000.0000 -10000000000.0000 -10000000000.0000 -10000000000.0000 -10000000000.0000 -10000000000.0000;
330:  0.0090   0.0290   0.0510   0.0800   0.1200   0.1680   0.2330   0.3090   0.3780   0.4560   0.5730   0.7060   0.8260   0.9660   1.1390   1.2940   1.5890 -10000000000.0000 -10000000000.0000 -10000000000.0000 -10000000000.0000 -10000000000.0000 -10000000000.0000;
331:  0.0100   0.0290   0.0510   0.0800   0.1200   0.1690   0.2330   0.3100   0.3780   0.4560   0.5730   0.7060   0.8260   0.9680   1.1420   1.2970   1.5900 -10000000000.0000 -10000000000.0000 -10000000000.0000 -10000000000.0000 -10000000000.0000 -10000000000.0000;
332:  0.0100   0.0290   0.0510   0.0800   0.1200   0.1690   0.2330   0.3100   0.3790   0.4560   0.5730   0.7070   0.8260   0.9680   1.1450   1.3000   1.5920 -10000000000.0000 -10000000000.0000 -10000000000.0000 -10000000000.0000 -10000000000.0000 -10000000000.0000;
333:  0.0100   0.0290   0.0520   0.0810   0.1210   0.1690   0.2340   0.3100   0.3790   0.4570   0.5740   0.7070   0.8270   0.9700   1.1480   1.3020   1.5930 -10000000000.0000 -10000000000.0000 -10000000000.0000 -10000000000.0000 -10000000000.0000 -10000000000.0000;
334:  0.0100   0.0290   0.0520   0.0810   0.1210   0.1690   0.2340   0.3100   0.3790   0.4570   0.5740   0.7080   0.8280   0.9710   1.1510   1.3050   1.5940 -10000000000.0000 -10000000000.0000 -10000000000.0000 -10000000000.0000 -10000000000.0000 -10000000000.0000;
335:  0.0100   0.0300   0.0520   0.0810   0.1210   0.1690   0.2340   0.3110   0.3800   0.4580   0.5740   0.7080   0.8280   0.9730   1.1540   1.3080   1.5940 -10000000000.0000 -10000000000.0000 -10000000000.0000 -10000000000.0000 -10000000000.0000 -10000000000.0000;
336:  0.0100   0.0300   0.0520   0.0810   0.1210   0.1690   0.2340   0.3110   0.3800   0.4580   0.5740   0.7080   0.8290   0.9740   1.1570   1.3110   1.5950 -10000000000.0000 -10000000000.0000 -10000000000.0000 -10000000000.0000 -10000000000.0000 -10000000000.0000;
337:  0.0100   0.0300   0.0520   0.0810   0.1210   0.1690   0.2340   0.3110   0.3800   0.4580   0.5750   0.7080   0.8290   0.9750   1.1600   1.3130   1.5940 -10000000000.0000 -10000000000.0000 -10000000000.0000 -10000000000.0000 -10000000000.0000 -10000000000.0000;
338:  0.0110   0.0300   0.0520   0.0810   0.1210   0.1690   0.2350   0.3120   0.3800   0.4580   0.5750   0.7080   0.8300   0.9770   1.1630   1.3150   1.5940 -10000000000.0000 -10000000000.0000 -10000000000.0000 -10000000000.0000 -10000000000.0000 -10000000000.0000;
339:  0.0110   0.0300   0.0520   0.0810   0.1210   0.1700   0.2350   0.3120   0.3800   0.4590   0.5760   0.7090   0.8300   0.9780   1.1670   1.3180   1.5930 -10000000000.0000 -10000000000.0000 -10000000000.0000 -10000000000.0000 -10000000000.0000 -10000000000.0000;
340:  0.0110   0.0300   0.0520   0.0810   0.1210   0.1700   0.2350   0.3120   0.3810   0.4590   0.5760   0.7080   0.8300   0.9790   1.1700   1.3200   1.5910 -10000000000.0000 -10000000000.0000 -10000000000.0000 -10000000000.0000 -10000000000.0000 -10000000000.0000;
341:  0.0110   0.0300   0.0530   0.0820   0.1220   0.1700   0.2350   0.3120   0.3810   0.4590   0.5760   0.7090   0.8310   0.9810   1.1740   1.3220   1.5890 -10000000000.0000 -10000000000.0000 -10000000000.0000 -10000000000.0000 -10000000000.0000 -10000000000.0000;
342:  0.0110   0.0300   0.0530   0.0820   0.1220   0.1700   0.2350   0.3130   0.3820   0.4600   0.5760   0.7090   0.8320   0.9830   1.1770   1.3240   1.5860 -10000000000.0000 -10000000000.0000 -10000000000.0000 -10000000000.0000 -10000000000.0000 -10000000000.0000;
343:  0.0110   0.0300   0.0530   0.0820   0.1220   0.1700   0.2360   0.3130   0.3820   0.4600   0.5770   0.7100   0.8320   0.9850   1.1800   1.3260   1.5830 -10000000000.0000 -10000000000.0000 -10000000000.0000 -10000000000.0000 -10000000000.0000 -10000000000.0000;
344:  0.0110   0.0310   0.0530   0.0820   0.1220   0.1700   0.2360   0.3130   0.3820   0.4600   0.5770   0.7100   0.8330   0.9870   1.1840   1.3270   1.5790 -10000000000.0000 -10000000000.0000 -10000000000.0000 -10000000000.0000 -10000000000.0000 -10000000000.0000;
345:  0.0110   0.0310   0.0530   0.0820   0.1220   0.1710   0.2360   0.3140   0.3820   0.4610   0.5780   0.7100   0.8340   0.9890   1.1870   1.3280   1.5740 -10000000000.0000 -10000000000.0000 -10000000000.0000 -10000000000.0000 -10000000000.0000 -10000000000.0000;
346:  0.0120   0.0310   0.0530   0.0820   0.1220   0.1710   0.2370   0.3140   0.3830   0.4610   0.5780   0.7110   0.8350   0.9910   1.1910   1.3300   1.5690 -10000000000.0000 -10000000000.0000 -10000000000.0000 -10000000000.0000 -10000000000.0000 -10000000000.0000;
347:  0.0120   0.0310   0.0530   0.0820   0.1220   0.1710   0.2370   0.3140   0.3830   0.4610   0.5790   0.7120   0.8360   0.9920   1.1940   1.3300   1.5620 -10000000000.0000 -10000000000.0000 -10000000000.0000 -10000000000.0000 -10000000000.0000 -10000000000.0000;
348:  0.0120   0.0310   0.0530   0.0820   0.1230   0.1710   0.2370   0.3150   0.3830   0.4620   0.5790   0.7120   0.8360   0.9940   1.1970   1.3300   1.5560 -10000000000.0000 -10000000000.0000 -10000000000.0000 -10000000000.0000 -10000000000.0000 -10000000000.0000;
349:  0.0120   0.0310   0.0530   0.0820   0.1230   0.1710   0.2370   0.3150   0.3830   0.4620   0.5790   0.7130   0.8380   0.9960   1.2000   1.3310   1.5490 -10000000000.0000 -10000000000.0000 -10000000000.0000 -10000000000.0000 -10000000000.0000 -10000000000.0000;
350:  0.0120   0.0310   0.0530   0.0820   0.1230   0.1710   0.2380   0.3160   0.3840   0.4630   0.5800   0.7130   0.8390   0.9980   1.2040   1.3310   1.5410 -10000000000.0000 -10000000000.0000 -10000000000.0000 -10000000000.0000 -10000000000.0000 -10000000000.0000;
351:  0.0120   0.0310   0.0530   0.0820   0.1230   0.1710   0.2380   0.3160   0.3840   0.4630   0.5810   0.7140   0.8390   1.0000   1.2070   1.3300   1.5330 -10000000000.0000 -10000000000.0000 -10000000000.0000 -10000000000.0000 -10000000000.0000 -10000000000.0000;
352:  0.0120   0.0310   0.0540   0.0830   0.1230   0.1710   0.2380   0.3160   0.3840   0.4630   0.5810   0.7140   0.8400   1.0020   1.2100   1.3300   1.5240 -10000000000.0000 -10000000000.0000 -10000000000.0000 -10000000000.0000 -10000000000.0000 -10000000000.0000;
353:  0.0120   0.0320   0.0540   0.0830   0.1230   0.1720   0.2380   0.3170   0.3850   0.4640   0.5820   0.7150   0.8420   1.0040   1.2130   1.3290   1.5150 -10000000000.0000 -10000000000.0000 -10000000000.0000 -10000000000.0000 -10000000000.0000 -10000000000.0000;
354:  0.0120   0.0320   0.0540   0.0830   0.1230   0.1720   0.2380   0.3170   0.3850   0.4640   0.5820   0.7160   0.8430   1.0060   1.2150   1.3280   1.5050 -10000000000.0000 -10000000000.0000 -10000000000.0000 -10000000000.0000 -10000000000.0000 -10000000000.0000;
355:  0.0120   0.0320   0.0540   0.0830   0.1230   0.1720   0.2380   0.3170   0.3850   0.4640   0.5830   0.7170   0.8440   1.0070   1.2180   1.3280   1.4960 -10000000000.0000 -10000000000.0000 -10000000000.0000 -10000000000.0000 -10000000000.0000 -10000000000.0000;
356:  0.0130   0.0320   0.0540   0.0830   0.1230   0.1720   0.2390   0.3170   0.3850   0.4650   0.5830   0.7180   0.8450   1.0100   1.2210   1.3270   1.4860 -10000000000.0000 -10000000000.0000 -10000000000.0000 -10000000000.0000 -10000000000.0000 -10000000000.0000;
357:  0.0120   0.0320   0.0540   0.0830   0.1230   0.1720   0.2390   0.3170   0.3850   0.4650   0.5840   0.7190   0.8460   1.0110   1.2240   1.3250   1.4750 -10000000000.0000 -10000000000.0000 -10000000000.0000 -10000000000.0000 -10000000000.0000 -10000000000.0000;
358:  0.0120   0.0320   0.0540   0.0830   0.1230   0.1720   0.2390   0.3170   0.3850   0.4650   0.5840   0.7200   0.8480   1.0120   1.2260   1.3230   1.4640 -10000000000.0000 -10000000000.0000 -10000000000.0000 -10000000000.0000 -10000000000.0000 -10000000000.0000;
359:  0.0100   0.0300   0.0520   0.0810   0.1210   0.1700   0.2360   0.3150   0.3830   0.4620   0.5830   0.7190   0.8480   1.0120 -10000000000.0000 -10000000000.0000 -10000000000.0000 -10000000000.0000 -10000000000.0000 -10000000000.0000 -10000000000.0000 -10000000000.0000 -10000000000.0000;
