 =============== Calibration Condition Section =============== 
RefNum = 1
Radius1 = 00800
Radius2 = 00000

 ================= Calibration Data Section ================== 
WORKINGDISTANCE	=	30000

------------- Distance from center of Placido --------------- 
angle	Ring0	Ring1	Ring2	Ring3	Ring4	Ring5	Ring6	Ring7	Ring8	Ring9	Ring10	Ring11	Ring12	Ring13	Ring14	Ring15	Ring16	Ring17	Ring18	Ring19	Ring20	Ring21	Ring22	Ring23	Ring24	Ring25	Ring26	Ring27	Ring28	Ring29	Ring30	Ring31	Ring32	Ring33	Ring34	Ring35	Ring36	Ring37	Ring38	
    0	      0	   1286	   1553	   1827	   2103	   2378	   2650	   2921	   3197	   3479	   3760	   4029	   4302	   4584	   4861	   5139	   5419	   5701	   6017	   6339	   6620	   6901	   7180	   7456	   7738	   8022	   8298	   8575	   8849	   9121	   9389	   9657	   9918	  10174	  10419	  10656	  10881	  11097	      0	
    1	      0	   1286	   1553	   1827	   2103	   2378	   2649	   2921	   3197	   3480	   3760	   4029	   4302	   4584	   4861	   5138	   5419	   5701	   6017	   6339	   6620	   6901	   7180	   7456	   7738	   8023	   8299	   8575	   8849	   9121	   9390	   9657	   9918	  10174	  10420	  10656	  10881	  11097	      0	
    2	      0	   1286	   1553	   1827	   2102	   2378	   2649	   2921	   3197	   3480	   3760	   4029	   4302	   4584	   4861	   5139	   5419	   5701	   6018	   6339	   6620	   6901	   7181	   7456	   7738	   8023	   8299	   8575	   8849	   9121	   9390	   9657	   9919	  10175	  10420	  10657	  10881	  11097	      0	
    3	      0	   1286	   1553	   1827	   2102	   2378	   2649	   2921	   3197	   3480	   3760	   4029	   4302	   4584	   4861	   5139	   5419	   5701	   6018	   6339	   6620	   6901	   7181	   7456	   7738	   8023	   8299	   8576	   8849	   9121	   9390	   9658	   9919	  10175	  10420	  10657	  10881	  11098	      0	
    4	      0	   1286	   1553	   1827	   2102	   2378	   2649	   2921	   3197	   3479	   3759	   4029	   4302	   4584	   4861	   5139	   5419	   5701	   6018	   6339	   6620	   6901	   7181	   7457	   7738	   8023	   8299	   8576	   8850	   9121	   9390	   9658	   9919	  10175	  10421	  10657	  10882	  11098	      0	
    5	      0	   1286	   1553	   1827	   2102	   2378	   2650	   2921	   3197	   3479	   3758	   4028	   4302	   4583	   4861	   5139	   5419	   5701	   6018	   6339	   6620	   6901	   7181	   7457	   7739	   8023	   8300	   8577	   8850	   9122	   9391	   9658	   9919	  10176	  10421	  10658	  10882	  11099	      0	
    6	      0	   1286	   1553	   1827	   2102	   2378	   2650	   2922	   3197	   3479	   3758	   4028	   4302	   4583	   4861	   5139	   5420	   5701	   6018	   6340	   6620	   6901	   7182	   7457	   7739	   8023	   8300	   8577	   8850	   9122	   9391	   9658	   9919	  10176	  10422	  10658	  10883	  11099	      0	
    7	      0	   1286	   1553	   1827	   2102	   2377	   2650	   2922	   3197	   3478	   3757	   4028	   4302	   4582	   4861	   5139	   5420	   5701	   6018	   6340	   6620	   6901	   7182	   7458	   7739	   8023	   8300	   8577	   8851	   9122	   9391	   9658	   9920	  10177	  10422	  10659	  10883	  11100	      0	
    8	      0	   1286	   1553	   1827	   2102	   2377	   2649	   2922	   3197	   3478	   3756	   4028	   4301	   4582	   4861	   5139	   5420	   5701	   6019	   6340	   6620	   6902	   7182	   7458	   7739	   8024	   8300	   8577	   8851	   9122	   9392	   9659	   9920	  10177	  10423	  10659	  10884	  11100	      0	
    9	      0	   1286	   1554	   1827	   2102	   2377	   2649	   2921	   3197	   3477	   3754	   4027	   4301	   4581	   4860	   5139	   5420	   5701	   6019	   6340	   6620	   6902	   7182	   7458	   7740	   8024	   8300	   8577	   8851	   9122	   9392	   9659	   9920	  10177	  10423	  10660	  10884	  11101	      0	
   10	      0	   1286	   1554	   1827	   2102	   2377	   2649	   2921	   3197	   3476	   3753	   4027	   4301	   4581	   4860	   5140	   5420	   5701	   6019	   6340	   6620	   6902	   7182	   7459	   7740	   8024	   8300	   8577	   8851	   9123	   9392	   9659	   9920	  10178	  10423	  10660	  10885	  11102	      0	
   11	      0	   1286	   1554	   1826	   2102	   2377	   2649	   2921	   3197	   3476	   3752	   4027	   4300	   4580	   4860	   5140	   5420	   5701	   6019	   6340	   6620	   6902	   7182	   7459	   7740	   8024	   8300	   8577	   8851	   9123	   9392	   9659	   9921	  10178	  10423	  10660	  10885	  11102	      0	
   12	      0	   1286	   1554	   1826	   2102	   2377	   2649	   2921	   3197	   3475	   3752	   4026	   4300	   4580	   4860	   5140	   5421	   5702	   6020	   6341	   6621	   6902	   7183	   7459	   7741	   8024	   8300	   8577	   8851	   9123	   9393	   9659	   9921	  10179	  10424	  10661	  10886	  11103	      0	
   13	      0	   1285	   1554	   1826	   2102	   2377	   2649	   2921	   3197	   3476	   3751	   4026	   4300	   4580	   4860	   5140	   5421	   5702	   6020	   6341	   6621	   6902	   7183	   7459	   7741	   8024	   8300	   8578	   8852	   9123	   9393	   9660	   9921	  10179	  10424	  10661	  10886	  11103	      0	
   14	      0	   1285	   1554	   1826	   2102	   2377	   2649	   2921	   3197	   3476	   3751	   4025	   4300	   4579	   4860	   5140	   5421	   5702	   6020	   6341	   6621	   6903	   7183	   7460	   7741	   8025	   8300	   8578	   8852	   9124	   9393	   9660	   9922	  10180	  10424	  10662	  10887	  11103	      0	
   15	      0	   1285	   1554	   1826	   2102	   2377	   2649	   2921	   3198	   3476	   3751	   4025	   4300	   4579	   4860	   5139	   5421	   5702	   6020	   6341	   6621	   6903	   7183	   7460	   7741	   8024	   8300	   8578	   8852	   9124	   9394	   9660	   9922	  10180	  10425	  10662	  10888	  11104	      0	
   16	      0	   1285	   1554	   1826	   2101	   2377	   2649	   2921	   3197	   3476	   3751	   4025	   4300	   4580	   4860	   5139	   5420	   5702	   6020	   6342	   6621	   6903	   7184	   7460	   7742	   8025	   8300	   8578	   8853	   9124	   9394	   9660	   9922	  10180	  10425	  10663	  10888	  11104	      0	
   17	      0	   1285	   1553	   1826	   2101	   2377	   2649	   2921	   3197	   3476	   3750	   4025	   4300	   4580	   4860	   5139	   5420	   5702	   6020	   6342	   6622	   6903	   7184	   7460	   7742	   8025	   8300	   8578	   8853	   9125	   9394	   9660	   9922	  10181	  10425	  10663	  10889	  11104	      0	
   18	      0	   1285	   1553	   1826	   2101	   2377	   2649	   2921	   3198	   3476	   3750	   4024	   4299	   4579	   4860	   5139	   5420	   5703	   6021	   6342	   6622	   6903	   7184	   7461	   7742	   8025	   8300	   8578	   8853	   9125	   9395	   9660	   9922	  10181	  10425	  10664	  10889	  11105	      0	
   19	      0	   1285	   1553	   1826	   2101	   2376	   2648	   2921	   3197	   3476	   3750	   4024	   4299	   4579	   4859	   5139	   5420	   5703	   6021	   6342	   6622	   6903	   7184	   7461	   7742	   8025	   8301	   8579	   8853	   9125	   9395	   9661	   9923	  10181	  10425	  10664	  10890	  11105	      0	
   20	      0	   1285	   1553	   1826	   2101	   2376	   2648	   2921	   3197	   3476	   3750	   4024	   4299	   4580	   4860	   5138	   5420	   5703	   6021	   6342	   6622	   6903	   7184	   7461	   7743	   8025	   8301	   8579	   8854	   9126	   9395	   9661	   9923	  10182	  10425	  10664	  10891	  11105	      0	
   21	      0	   1285	   1553	   1825	   2101	   2376	   2648	   2921	   3197	   3475	   3750	   4024	   4299	   4580	   4860	   5138	   5420	   5703	   6021	   6342	   6622	   6904	   7184	   7461	   7743	   8026	   8301	   8580	   8854	   9126	   9396	   9661	   9923	  10182	  10425	  10664	  10891	  11105	      0	
   22	      0	   1285	   1553	   1825	   2101	   2376	   2648	   2920	   3197	   3475	   3749	   4024	   4299	   4580	   4860	   5138	   5420	   5703	   6021	   6343	   6622	   6904	   7184	   7461	   7743	   8026	   8301	   8580	   8855	   9126	   9396	   9661	   9924	  10183	  10425	  10665	  10892	  11105	      0	
   23	      0	   1285	   1553	   1825	   2100	   2375	   2647	   2920	   3197	   3475	   3749	   4024	   4299	   4580	   4860	   5138	   5420	   5703	   6021	   6343	   6622	   6904	   7184	   7461	   7743	   8026	   8301	   8580	   8855	   9127	   9397	   9662	   9924	  10183	  10425	  10665	  10892	  11104	      0	
   24	      0	   1285	   1553	   1825	   2100	   2375	   2647	   2920	   3197	   3475	   3749	   4023	   4299	   4580	   4860	   5137	   5419	   5703	   6021	   6343	   6623	   6904	   7184	   7461	   7743	   8026	   8302	   8581	   8855	   9127	   9397	   9662	   9924	  10184	  10425	  10665	  10893	  11104	      0	
   25	      0	   1284	   1553	   1825	   2100	   2375	   2647	   2920	   3197	   3475	   3749	   4023	   4299	   4580	   4860	   5137	   5419	   5703	   6021	   6343	   6623	   6904	   7185	   7461	   7743	   8026	   8302	   8581	   8856	   9127	   9398	   9662	   9925	  10184	  10426	  10666	  10893	  11103	      0	
   26	      0	   1284	   1553	   1824	   2100	   2375	   2647	   2920	   3196	   3475	   3749	   4023	   4299	   4580	   4860	   5137	   5419	   5703	   6021	   6343	   6623	   6904	   7185	   7461	   7743	   8027	   8302	   8581	   8856	   9128	   9398	   9663	   9925	  10185	  10426	  10666	  10893	  11103	      0	
   27	      0	   1284	   1552	   1824	   2099	   2374	   2647	   2919	   3196	   3474	   3748	   4023	   4299	   4580	   4860	   5136	   5419	   5703	   6021	   6343	   6623	   6904	   7185	   7460	   7743	   8027	   8303	   8582	   8857	   9128	   9399	   9663	   9925	  10185	  10426	  10666	  10892	  11102	      0	
   28	      0	   1284	   1552	   1824	   2099	   2374	   2646	   2919	   3196	   3474	   3748	   4022	   4299	   4580	   4860	   5136	   5419	   5703	   6021	   6343	   6623	   6904	   7184	   7460	   7743	   8027	   8303	   8583	   8857	   9129	   9399	   9663	   9925	  10186	  10426	  10666	  10892	  11102	      0	
   29	      0	   1284	   1552	   1824	   2099	   2374	   2646	   2919	   3196	   3474	   3748	   4022	   4299	   4580	   4860	   5136	   5419	   5702	   6020	   6343	   6624	   6904	   7185	   7460	   7743	   8027	   8303	   8583	   8858	   9129	   9399	   9663	   9926	  10186	  10427	  10666	  10892	  11101	      0	
   30	      0	   1284	   1552	   1823	   2098	   2374	   2646	   2919	   3196	   3474	   3748	   4022	   4299	   4580	   4860	   5136	   5419	   5702	   6020	   6343	   6624	   6905	   7185	   7460	   7743	   8027	   8304	   8584	   8858	   9130	   9400	   9664	   9926	  10187	  10427	  10666	  10891	  11100	      0	
   31	      0	   1284	   1552	   1823	   2098	   2373	   2646	   2919	   3195	   3474	   3747	   4021	   4299	   4580	   4860	   5136	   5419	   5702	   6020	   6343	   6624	   6905	   7185	   7460	   7743	   8028	   8304	   8584	   8859	   9130	   9401	   9664	   9926	  10187	  10427	  10665	  10890	  11100	      0	
   32	      0	   1284	   1552	   1823	   2097	   2373	   2646	   2918	   3194	   3473	   3747	   4021	   4298	   4581	   4860	   5137	   5419	   5702	   6020	   6343	   6624	   6905	   7185	   7460	   7743	   8028	   8304	   8584	   8859	   9131	   9401	   9665	   9926	  10187	  10427	  10665	  10894	  11105	      0	
   33	      0	   1283	   1551	   1822	   2097	   2373	   2645	   2918	   3194	   3473	   3747	   4020	   4298	   4581	   4860	   5137	   5419	   5702	   6020	   6343	   6624	   6905	   7185	   7460	   7744	   8028	   8305	   8584	   8859	   9131	   9402	   9665	   9927	  10188	  10428	  10665	      0	      0	      0	
   34	      0	   1283	   1551	   1822	   2097	   2373	   2645	   2917	   3193	   3473	   3747	   4020	   4298	   4581	   4860	   5137	   5418	   5702	   6020	   6343	   6624	   6905	   7185	   7460	   7744	   8029	   8305	   8584	   8859	   9131	   9402	   9665	   9927	  10188	  10428	  10664	      0	      0	      0	
   35	      0	   1283	   1551	   1821	   2096	   2372	   2645	   2917	   3193	   3473	   3747	   4020	   4297	   4580	   4860	   5137	   5418	   5701	   6020	   6344	   6624	   6905	   7185	   7460	   7744	   8029	   8305	   8584	   8860	   9132	   9402	   9666	   9927	  10189	  10428	  10664	      0	      0	      0	
   36	      0	   1283	   1551	   1821	   2096	   2372	   2645	   2917	   3192	   3473	   3747	   4019	   4297	   4580	   4860	   5137	   5418	   5701	   6020	   6344	   6624	   6905	   7185	   7461	   7744	   8030	   8306	   8585	   8860	   9132	   9403	   9666	   9928	  10189	  10428	  10664	      0	      0	      0	
   37	      0	   1283	   1551	   1821	   2095	   2372	   2645	   2916	   3192	   3473	   3747	   4019	   4297	   4580	   4861	   5137	   5418	   5701	   6020	   6344	   6624	   6905	   7185	   7461	   7745	   8030	   8306	   8585	   8861	   9133	   9403	   9667	   9928	  10189	  10427	  10663	      0	      0	      0	
   38	      0	   1283	   1550	   1820	   2095	   2372	   2644	   2916	   3191	   3473	   3747	   4019	   4297	   4580	   4861	   5137	   5418	   5701	   6020	   6344	   6624	   6905	   7185	   7461	   7745	   8030	   8306	   8585	   8861	   9133	   9403	   9667	   9928	  10190	  10430	  10661	      0	      0	      0	
   39	      0	   1283	   1550	   1820	   2095	   2372	   2644	   2915	   3191	   3472	   3747	   4019	   4297	   4580	   4861	   5137	   5418	   5700	   6020	   6345	   6625	   6905	   7186	   7461	   7745	   8031	   8306	   8585	   8861	   9134	   9404	   9668	   9929	  10190	      0	      0	      0	      0	      0	
   40	      0	   1283	   1550	   1819	   2094	   2372	   2644	   2915	   3191	   3472	   3747	   4019	   4297	   4580	   4861	   5137	   5418	   5700	   6020	   6345	   6625	   6905	   7186	   7461	   7745	   8031	   8307	   8586	   8861	   9134	   9405	   9669	   9929	  10190	      0	      0	      0	      0	      0	
   41	      0	   1283	   1550	   1819	   2094	   2372	   2644	   2914	   3190	   3472	   3746	   4019	   4296	   4580	   4860	   5137	   5418	   5700	   6020	   6345	   6625	   6905	   7186	   7462	   7746	   8031	   8307	   8586	   8862	   9134	   9405	   9669	   9929	  10190	      0	      0	      0	      0	      0	
   42	      0	   1283	   1550	   1819	   2094	   2371	   2643	   2914	   3190	   3472	   3746	   4019	   4296	   4580	   4860	   5137	   5418	   5700	   6020	   6345	   6625	   6905	   7186	   7462	   7746	   8031	   8307	   8586	   8862	   9135	   9405	   9669	   9929	  10190	      0	      0	      0	      0	      0	
   43	      0	   1283	   1550	   1819	   2094	   2371	   2643	   2914	   3190	   3472	   3746	   4019	   4296	   4579	   4860	   5137	   5418	   5700	   6020	   6345	   6625	   6905	   7186	   7463	   7746	   8031	   8307	   8586	   8862	   9135	   9406	   9670	   9930	  10190	      0	      0	      0	      0	      0	
   44	      0	   1283	   1550	   1819	   2094	   2371	   2643	   2914	   3190	   3472	   3746	   4019	   4296	   4579	   4860	   5138	   5418	   5700	   6020	   6345	   6625	   6905	   7187	   7463	   7747	   8031	   8308	   8587	   8862	   9136	   9407	   9670	   9929	  10190	      0	      0	      0	      0	      0	
   45	      0	   1282	   1550	   1818	   2094	   2371	   2643	   2914	   3190	   3472	   3747	   4019	   4296	   4579	   4860	   5138	   5418	   5700	   6020	   6345	   6625	   6906	   7187	   7463	   7747	   8032	   8308	   8587	   8863	   9136	   9407	   9671	   9933	  10195	      0	      0	      0	      0	      0	
   46	      0	   1282	   1550	   1818	   2093	   2371	   2643	   2914	   3190	   3472	   3747	   4019	   4296	   4579	   4860	   5138	   5418	   5701	   6021	   6345	   6625	   6906	   7188	   7464	   7748	   8032	   8309	   8588	   8863	   9137	   9408	   9671	      0	      0	      0	      0	      0	      0	      0	
   47	      0	   1282	   1549	   1818	   2093	   2371	   2643	   2914	   3190	   3472	   3747	   4020	   4296	   4579	   4860	   5138	   5419	   5701	   6021	   6346	   6626	   6907	   7188	   7465	   7748	   8033	   8309	   8588	   8863	   9138	   9409	   9671	      0	      0	      0	      0	      0	      0	      0	
   48	      0	   1282	   1549	   1818	   2093	   2371	   2643	   2914	   3190	   3471	   3747	   4020	   4296	   4579	   4860	   5138	   5419	   5701	   6021	   6346	   6626	   6907	   7189	   7465	   7749	   8033	   8310	   8588	   8864	   9138	   9409	   9672	      0	      0	      0	      0	      0	      0	      0	
   49	      0	   1282	   1549	   1818	   2094	   2371	   2643	   2914	   3190	   3471	   3747	   4020	   4297	   4579	   4860	   5138	   5419	   5701	   6021	   6346	   6626	   6907	   7189	   7466	   7749	   8033	   8310	   8589	   8864	   9139	   9410	   9673	      0	      0	      0	      0	      0	      0	      0	
   50	      0	   1282	   1549	   1818	   2094	   2372	   2643	   2914	   3191	   3471	   3747	   4021	   4297	   4579	   4860	   5138	   5419	   5701	   6021	   6346	   6626	   6908	   7189	   7466	   7750	   8034	   8311	   8590	   8865	   9139	   9411	   9673	      0	      0	      0	      0	      0	      0	      0	
   51	      0	   1282	   1549	   1818	   2094	   2372	   2643	   2915	   3191	   3471	   3747	   4021	   4297	   4579	   4860	   5138	   5419	   5701	   6021	   6347	   6627	   6908	   7190	   7467	   7750	   8035	   8312	   8591	   8865	   9140	   9411	   9674	      0	      0	      0	      0	      0	      0	      0	
   52	      0	   1282	   1549	   1818	   2094	   2372	   2643	   2915	   3192	   3471	   3747	   4021	   4297	   4579	   4860	   5138	   5420	   5702	   6022	   6347	   6627	   6909	   7190	   7468	   7751	   8035	   8313	   8592	   8866	   9140	   9412	   9674	      0	      0	      0	      0	      0	      0	      0	
   53	      0	   1282	   1549	   1818	   2094	   2372	   2643	   2915	   3192	   3471	   3747	   4022	   4297	   4579	   4860	   5138	   5420	   5702	   6022	   6347	   6628	   6909	   7190	   7468	   7752	   8036	   8313	   8593	   8867	   9141	   9413	   9675	      0	      0	      0	      0	      0	      0	      0	
   54	      0	   1282	   1549	   1818	   2095	   2372	   2643	   2916	   3193	   3471	   3747	   4022	   4297	   4579	   4860	   5139	   5421	   5702	   6022	   6347	   6628	   6910	   7191	   7469	   7752	   8036	   8314	   8593	   8867	   9142	   9414	   9675	      0	      0	      0	      0	      0	      0	      0	
   55	      0	   1282	   1549	   1818	   2095	   2373	   2643	   2916	   3193	   3472	   3747	   4022	   4298	   4579	   4860	   5139	   5421	   5703	   6022	   6347	   6628	   6911	   7191	   7470	   7753	   8037	   8315	   8594	   8868	   9143	   9415	   9676	      0	      0	      0	      0	      0	      0	      0	
   56	      0	   1282	   1549	   1818	   2095	   2373	   2643	   2917	   3193	   3472	   3747	   4022	   4298	   4579	   4860	   5140	   5422	   5703	   6023	   6347	   6629	   6911	   7192	   7470	   7753	   8038	   8315	   8595	   8869	   9144	   9416	   9676	      0	      0	      0	      0	      0	      0	      0	
   57	      0	   1282	   1549	   1818	   2095	   2373	   2644	   2917	   3193	   3471	   3747	   4022	   4298	   4579	   4861	   5140	   5422	   5704	   6023	   6347	   6629	   6912	   7192	   7471	   7754	   8038	   8316	   8596	   8869	   9144	   9417	   9677	      0	      0	      0	      0	      0	      0	      0	
   58	      0	   1282	   1549	   1818	   2095	   2373	   2644	   2917	   3194	   3471	   3747	   4022	   4298	   4580	   4861	   5141	   5423	   5704	   6024	   6347	   6630	   6913	   7193	   7471	   7754	   8039	   8317	   8597	   8870	   9145	   9417	   9678	      0	      0	      0	      0	      0	      0	      0	
   59	      0	   1282	   1549	   1818	   2095	   2373	   2644	   2917	   3194	   3471	   3747	   4023	   4298	   4580	   4862	   5142	   5423	   5705	   6024	   6347	   6630	   6913	   7193	   7472	   7755	   8039	   8318	   8597	   8871	   9146	   9418	   9678	      0	      0	      0	      0	      0	      0	      0	
   60	      0	   1282	   1549	   1818	   2095	   2373	   2644	   2918	   3194	   3471	   3747	   4023	   4298	   4580	   4862	   5142	   5424	   5705	   6024	   6348	   6630	   6914	   7194	   7472	   7756	   8040	   8318	   8598	   8871	   9146	   9419	   9679	      0	      0	      0	      0	      0	      0	      0	
   61	      0	   1282	   1549	   1818	   2095	   2374	   2645	   2918	   3194	   3471	   3747	   4023	   4299	   4580	   4862	   5143	   5424	   5706	   6025	   6348	   6631	   6915	   7195	   7472	   7756	   8041	   8319	   8599	   8872	   9147	   9420	   9680	      0	      0	      0	      0	      0	      0	      0	
   62	      0	   1282	   1549	   1818	   2095	   2374	   2645	   2918	   3193	   3471	   3748	   4023	   4299	   4580	   4863	   5144	   5425	   5706	   6025	   6348	   6631	   6915	   7195	   7473	   7757	   8041	   8319	   8600	   8873	   9148	   9421	   9681	      0	      0	      0	      0	      0	      0	      0	
   63	      0	   1282	   1549	   1818	   2095	   2374	   2645	   2918	   3193	   3471	   3748	   4023	   4299	   4581	   4863	   5144	   5425	   5706	   6025	   6348	   6631	   6916	   7196	   7473	   7757	   8041	   8320	   8600	   8874	   9148	   9421	   9681	      0	      0	      0	      0	      0	      0	      0	
   64	      0	   1282	   1549	   1818	   2095	   2374	   2645	   2918	   3193	   3471	   3748	   4023	   4299	   4581	   4863	   5145	   5425	   5707	   6026	   6348	   6632	   6916	   7196	   7473	   7757	   8042	   8320	   8601	   8874	   9149	   9422	   9682	      0	      0	      0	      0	      0	      0	      0	
   65	      0	   1282	   1549	   1818	   2095	   2374	   2646	   2918	   3193	   3471	   3748	   4023	   4299	   4581	   4864	   5145	   5425	   5707	   6026	   6348	   6632	   6917	   7197	   7474	   7757	   8042	   8321	   8601	   8875	   9150	   9423	   9683	      0	      0	      0	      0	      0	      0	      0	
   66	      0	   1282	   1549	   1818	   2095	   2374	   2645	   2918	   3193	   3471	   3748	   4023	   4299	   4581	   4864	   5145	   5426	   5707	   6026	   6349	   6632	   6917	   7197	   7474	   7758	   8042	   8321	   8602	   8876	   9151	   9423	   9683	      0	      0	      0	      0	      0	      0	      0	
   67	      0	   1282	   1549	   1818	   2095	   2374	   2645	   2917	   3192	   3471	   3748	   4023	   4300	   4581	   4864	   5146	   5426	   5708	   6027	   6349	   6632	   6918	   7197	   7475	   7758	   8043	   8321	   8602	   8877	   9152	   9424	   9684	      0	      0	      0	      0	      0	      0	      0	
   68	      0	   1282	   1549	   1818	   2095	   2374	   2645	   2917	   3192	   3471	   3748	   4023	   4300	   4581	   4864	   5146	   5426	   5708	   6027	   6349	   6633	   6918	   7198	   7475	   7758	   8043	   8322	   8603	   8878	   9153	   9424	   9684	      0	      0	      0	      0	      0	      0	      0	
   69	      0	   1282	   1549	   1819	   2096	   2373	   2645	   2917	   3192	   3471	   3748	   4023	   4300	   4581	   4865	   5146	   5426	   5708	   6028	   6349	   6633	   6918	   7198	   7475	   7758	   8043	   8322	   8603	   8879	   9153	   9425	   9685	      0	      0	      0	      0	      0	      0	      0	
   70	      0	   1282	   1549	   1819	   2096	   2373	   2645	   2917	   3192	   3471	   3748	   4024	   4300	   4582	   4865	   5146	   5427	   5709	   6028	   6350	   6633	   6919	   7199	   7476	   7759	   8043	   8323	   8603	   8879	   9154	   9426	   9686	      0	      0	      0	      0	      0	      0	      0	
   71	      0	   1282	   1549	   1819	   2096	   2373	   2645	   2917	   3192	   3471	   3748	   4024	   4301	   4582	   4865	   5146	   5427	   5709	   6028	   6350	   6633	   6919	   7199	   7476	   7759	   8043	   8323	   8604	   8880	   9155	   9426	   9687	      0	      0	      0	      0	      0	      0	      0	
   72	      0	   1282	   1549	   1819	   2096	   2373	   2645	   2916	   3192	   3471	   3748	   4024	   4301	   4582	   4865	   5146	   5427	   5709	   6028	   6350	   6633	   6919	   7200	   7477	   7760	   8044	   8323	   8604	   8880	   9156	   9427	   9688	      0	      0	      0	      0	      0	      0	      0	
   73	      0	   1282	   1549	   1819	   2096	   2373	   2645	   2917	   3192	   3471	   3748	   4024	   4301	   4582	   4865	   5146	   5427	   5709	   6029	   6351	   6634	   6919	   7200	   7477	   7760	   8044	   8323	   8604	   8881	   9157	   9428	   9689	      0	      0	      0	      0	      0	      0	      0	
   74	      0	   1282	   1549	   1819	   2096	   2373	   2645	   2917	   3192	   3471	   3748	   4025	   4302	   4582	   4865	   5146	   5427	   5709	   6029	   6351	   6634	   6919	   7200	   7478	   7760	   8044	   8324	   8604	   8881	   9157	   9429	   9689	      0	      0	      0	      0	      0	      0	      0	
   75	      0	   1282	   1549	   1819	   2096	   2373	   2645	   2917	   3192	   3471	   3748	   4025	   4302	   4583	   4865	   5146	   5427	   5709	   6029	   6351	   6634	   6919	   7200	   7478	   7761	   8045	   8324	   8604	   8882	   9158	   9429	   9690	      0	      0	      0	      0	      0	      0	      0	
   76	      0	   1282	   1549	   1819	   2096	   2373	   2644	   2917	   3192	   3471	   3748	   4025	   4302	   4583	   4864	   5146	   5427	   5710	   6029	   6352	   6634	   6919	   7200	   7478	   7761	   8045	   8325	   8605	   8882	   9159	   9430	   9691	      0	      0	      0	      0	      0	      0	      0	
   77	      0	   1282	   1549	   1819	   2096	   2373	   2644	   2917	   3192	   3471	   3748	   4025	   4303	   4583	   4864	   5146	   5427	   5710	   6029	   6352	   6634	   6919	   7200	   7479	   7761	   8045	   8325	   8605	   8883	   9159	   9430	   9692	      0	      0	      0	      0	      0	      0	      0	
   78	      0	   1282	   1549	   1819	   2096	   2373	   2644	   2917	   3192	   3471	   3748	   4026	   4303	   4582	   4864	   5145	   5427	   5710	   6030	   6352	   6634	   6919	   7201	   7479	   7762	   8045	   8325	   8606	   8883	   9160	   9431	   9692	      0	      0	      0	      0	      0	      0	      0	
   79	      0	   1282	   1549	   1819	   2096	   2373	   2644	   2917	   3193	   3471	   3748	   4026	   4303	   4583	   4864	   5145	   5427	   5710	   6030	   6352	   6635	   6919	   7201	   7480	   7762	   8046	   8326	   8606	   8884	   9160	   9431	   9693	      0	      0	      0	      0	      0	      0	      0	
   80	      0	   1282	   1548	   1819	   2095	   2373	   2644	   2917	   3193	   3471	   3748	   4026	   4303	   4583	   4864	   5145	   5427	   5710	   6030	   6353	   6635	   6919	   7201	   7480	   7762	   8046	   8326	   8606	   8884	   9161	   9432	   9693	      0	      0	      0	      0	      0	      0	      0	
   81	      0	   1282	   1548	   1819	   2095	   2373	   2644	   2917	   3193	   3471	   3749	   4027	   4303	   4583	   4865	   5145	   5427	   5710	   6030	   6353	   6635	   6919	   7201	   7480	   7763	   8047	   8327	   8607	   8885	   9162	   9432	   9694	      0	      0	      0	      0	      0	      0	      0	
   82	      0	   1282	   1548	   1819	   2095	   2373	   2644	   2917	   3193	   3471	   3749	   4027	   4304	   4583	   4865	   5146	   5427	   5710	   6030	   6353	   6636	   6919	   7201	   7481	   7763	   8047	   8328	   8607	   8885	   9162	   9432	   9694	      0	      0	      0	      0	      0	      0	      0	
   83	      0	   1282	   1548	   1818	   2095	   2373	   2644	   2917	   3193	   3471	   3749	   4027	   4303	   4583	   4865	   5145	   5427	   5710	   6031	   6354	   6636	   6919	   7202	   7481	   7763	   8048	   8328	   8608	   8885	   9162	   9433	   9694	      0	      0	      0	      0	      0	      0	      0	
   84	      0	   1282	   1548	   1818	   2095	   2373	   2644	   2917	   3194	   3471	   3749	   4027	   4304	   4583	   4865	   5145	   5427	   5710	   6031	   6354	   6636	   6919	   7202	   7482	   7764	   8048	   8329	   8608	   8886	   9162	   9433	   9695	      0	      0	      0	      0	      0	      0	      0	
   85	      0	   1282	   1548	   1817	   2095	   2373	   2644	   2917	   3194	   3471	   3749	   4027	   4304	   4583	   4865	   5145	   5427	   5711	   6031	   6354	   6636	   6919	   7202	   7482	   7764	   8049	   8329	   8609	   8886	   9163	   9433	   9695	      0	      0	      0	      0	      0	      0	      0	
   86	      0	   1282	   1548	   1817	   2094	   2374	   2645	   2917	   3194	   3471	   3749	   4027	   4304	   4584	   4865	   5146	   5427	   5711	   6031	   6354	   6636	   6919	   7202	   7482	   7764	   8049	   8330	   8610	   8887	   9163	   9434	   9695	      0	      0	      0	      0	      0	      0	      0	
   87	      0	   1282	   1548	   1817	   2094	   2374	   2645	   2917	   3194	   3471	   3749	   4027	   4304	   4584	   4866	   5146	   5427	   5711	   6031	   6354	   6637	   6920	   7202	   7482	   7764	   8050	   8330	   8610	   8887	   9163	   9434	   9695	      0	      0	      0	      0	      0	      0	      0	
   88	      0	   1282	   1548	   1817	   2094	   2374	   2645	   2917	   3194	   3472	   3749	   4027	   4304	   4584	   4866	   5146	   5427	   5711	   6031	   6354	   6637	   6920	   7203	   7482	   7765	   8050	   8331	   8611	   8887	   9164	   9434	   9695	      0	      0	      0	      0	      0	      0	      0	
   89	      0	   1282	   1547	   1817	   2094	   2374	   2645	   2917	   3193	   3472	   3749	   4027	   4304	   4584	   4866	   5146	   5427	   5711	   6031	   6354	   6637	   6920	   7203	   7482	   7765	   8050	   8331	   8611	   8887	   9164	   9435	   9696	      0	      0	      0	      0	      0	      0	      0	
   90	      0	   1281	   1547	   1816	   2094	   2374	   2645	   2917	   3193	   3472	   3749	   4026	   4303	   4584	   4866	   5146	   5427	   5711	   6031	   6354	   6637	   6920	   7203	   7482	   7765	   8051	   8332	   8611	   8888	   9164	   9435	   9696	      0	      0	      0	      0	      0	      0	      0	
   91	      0	   1281	   1547	   1816	   2094	   2374	   2645	   2917	   3193	   3472	   3749	   4026	   4303	   4584	   4867	   5146	   5428	   5712	   6031	   6354	   6637	   6921	   7203	   7482	   7765	   8051	   8332	   8612	   8888	   9164	   9435	   9696	      0	      0	      0	      0	      0	      0	      0	
   92	      0	   1281	   1547	   1816	   2094	   2374	   2645	   2917	   3193	   3472	   3749	   4026	   4303	   4584	   4867	   5147	   5428	   5712	   6031	   6354	   6638	   6921	   7203	   7482	   7765	   8051	   8332	   8612	   8889	   9165	   9435	   9696	      0	      0	      0	      0	      0	      0	      0	
   93	      0	   1281	   1547	   1816	   2094	   2374	   2645	   2916	   3193	   3472	   3749	   4026	   4303	   4584	   4867	   5147	   5428	   5712	   6032	   6354	   6638	   6921	   7204	   7483	   7765	   8052	   8332	   8613	   8889	   9165	   9435	   9696	      0	      0	      0	      0	      0	      0	      0	
   94	      0	   1281	   1547	   1816	   2094	   2374	   2644	   2916	   3193	   3472	   3749	   4025	   4303	   4584	   4867	   5147	   5428	   5712	   6032	   6354	   6638	   6922	   7204	   7483	   7766	   8052	   8332	   8613	   8889	   9165	   9436	   9696	      0	      0	      0	      0	      0	      0	      0	
   95	      0	   1281	   1547	   1816	   2094	   2374	   2644	   2916	   3193	   3472	   3749	   4025	   4303	   4584	   4867	   5147	   5428	   5712	   6032	   6355	   6638	   6922	   7204	   7483	   7766	   8052	   8332	   8613	   8889	   9165	   9436	   9696	      0	      0	      0	      0	      0	      0	      0	
   96	      0	   1281	   1547	   1816	   2094	   2374	   2644	   2916	   3193	   3473	   3749	   4025	   4303	   4585	   4867	   5147	   5428	   5712	   6032	   6355	   6638	   6922	   7205	   7483	   7766	   8052	   8333	   8613	   8890	   9166	   9437	   9696	      0	      0	      0	      0	      0	      0	      0	
   97	      0	   1281	   1547	   1816	   2094	   2374	   2644	   2916	   3193	   3473	   3749	   4024	   4303	   4585	   4868	   5148	   5428	   5712	   6032	   6355	   6639	   6923	   7205	   7483	   7767	   8053	   8333	   8614	   8890	   9166	   9437	   9697	      0	      0	      0	      0	      0	      0	      0	
   98	      0	   1281	   1547	   1816	   2094	   2374	   2644	   2916	   3193	   3473	   3749	   4024	   4303	   4585	   4867	   5148	   5428	   5712	   6032	   6355	   6639	   6923	   7205	   7483	   7767	   8053	   8333	   8614	   8891	   9166	   9437	   9697	      0	      0	      0	      0	      0	      0	      0	
   99	      0	   1281	   1547	   1816	   2094	   2374	   2644	   2916	   3193	   3473	   3749	   4024	   4303	   4585	   4867	   5148	   5428	   5712	   6033	   6355	   6639	   6923	   7205	   7483	   7767	   8053	   8333	   8615	   8891	   9166	   9437	   9697	      0	      0	      0	      0	      0	      0	      0	
  100	      0	   1280	   1547	   1816	   2094	   2374	   2644	   2916	   3193	   3473	   3749	   4024	   4303	   4585	   4867	   5148	   5429	   5713	   6033	   6356	   6639	   6923	   7205	   7483	   7767	   8053	   8333	   8615	   8892	   9166	   9437	   9697	      0	      0	      0	      0	      0	      0	      0	
  101	      0	   1280	   1547	   1816	   2094	   2374	   2644	   2916	   3194	   3473	   3749	   4023	   4303	   4585	   4867	   5148	   5429	   5713	   6033	   6356	   6639	   6923	   7205	   7483	   7768	   8054	   8333	   8615	   8892	   9166	   9437	   9697	      0	      0	      0	      0	      0	      0	      0	
  102	      0	   1280	   1547	   1816	   2094	   2374	   2644	   2917	   3194	   3473	   3749	   4023	   4303	   4585	   4867	   5148	   5429	   5713	   6033	   6356	   6639	   6924	   7205	   7483	   7768	   8054	   8333	   8615	   8892	   9167	   9438	   9697	      0	      0	      0	      0	      0	      0	      0	
  103	      0	   1280	   1547	   1815	   2094	   2374	   2644	   2917	   3194	   3473	   3749	   4023	   4303	   4586	   4868	   5148	   5429	   5713	   6034	   6356	   6640	   6924	   7206	   7484	   7768	   8054	   8333	   8616	   8892	   9167	   9438	   9698	      0	      0	      0	      0	      0	      0	      0	
  104	      0	   1280	   1547	   1815	   2094	   2374	   2644	   2917	   3194	   3473	   3749	   4023	   4303	   4586	   4868	   5148	   5429	   5714	   6034	   6357	   6640	   6924	   7206	   7484	   7769	   8055	   8334	   8616	   8893	   9167	   9438	   9698	      0	      0	      0	      0	      0	      0	      0	
  105	      0	   1280	   1547	   1815	   2094	   2374	   2644	   2917	   3194	   3474	   3750	   4023	   4303	   4586	   4868	   5148	   5430	   5714	   6034	   6357	   6640	   6925	   7206	   7484	   7769	   8055	   8334	   8616	   8893	   9168	   9438	   9698	      0	      0	      0	      0	      0	      0	      0	
  106	      0	   1280	   1546	   1815	   2094	   2374	   2644	   2917	   3195	   3474	   3750	   4023	   4302	   4586	   4868	   5149	   5430	   5714	   6034	   6357	   6640	   6925	   7207	   7484	   7769	   8055	   8334	   8616	   8893	   9167	   9438	   9698	      0	      0	      0	      0	      0	      0	      0	
  107	      0	   1280	   1546	   1815	   2094	   2373	   2644	   2917	   3195	   3474	   3750	   4023	   4303	   4586	   4868	   5149	   5430	   5714	   6034	   6357	   6640	   6925	   7207	   7484	   7769	   8056	   8334	   8617	   8893	   9167	   9438	   9698	      0	      0	      0	      0	      0	      0	      0	
  108	      0	   1280	   1546	   1815	   2094	   2373	   2644	   2918	   3195	   3474	   3750	   4023	   4303	   4585	   4868	   5149	   5430	   5714	   6034	   6358	   6640	   6925	   7207	   7484	   7769	   8056	   8334	   8617	   8893	   9167	   9438	   9698	      0	      0	      0	      0	      0	      0	      0	
  109	      0	   1280	   1546	   1815	   2094	   2373	   2644	   2918	   3195	   3474	   3750	   4023	   4303	   4586	   4868	   5149	   5430	   5714	   6034	   6358	   6641	   6925	   7207	   7484	   7770	   8056	   8335	   8618	   8893	   9167	   9438	   9698	      0	      0	      0	      0	      0	      0	      0	
  110	      0	   1280	   1546	   1815	   2094	   2373	   2644	   2918	   3195	   3474	   3750	   4024	   4303	   4585	   4868	   5149	   5431	   5715	   6035	   6358	   6641	   6925	   7207	   7484	   7770	   8056	   8335	   8618	   8894	   9167	   9438	   9698	      0	      0	      0	      0	      0	      0	      0	
  111	      0	   1280	   1546	   1815	   2094	   2373	   2644	   2919	   3196	   3474	   3750	   4024	   4303	   4585	   4868	   5149	   5431	   5715	   6034	   6358	   6641	   6925	   7207	   7484	   7770	   8056	   8335	   8618	   8894	   9167	   9438	   9698	      0	      0	      0	      0	      0	      0	      0	
  112	      0	   1280	   1546	   1815	   2094	   2373	   2645	   2919	   3196	   3475	   3750	   4024	   4303	   4585	   4868	   5149	   5431	   5715	   6035	   6358	   6641	   6925	   7207	   7484	   7770	   8056	   8335	   8618	   8894	   9167	   9438	   9698	      0	      0	      0	      0	      0	      0	      0	
  113	      0	   1280	   1546	   1815	   2094	   2373	   2645	   2919	   3196	   3475	   3750	   4024	   4303	   4586	   4869	   5149	   5432	   5715	   6035	   6358	   6641	   6925	   7207	   7485	   7770	   8056	   8335	   8619	   8894	   9167	   9438	   9698	      0	      0	      0	      0	      0	      0	      0	
  114	      0	   1280	   1546	   1815	   2094	   2373	   2645	   2920	   3196	   3475	   3750	   4024	   4303	   4586	   4869	   5150	   5432	   5716	   6035	   6358	   6641	   6926	   7208	   7485	   7770	   8056	   8335	   8619	   8895	   9168	   9438	   9698	      0	      0	      0	      0	      0	      0	      0	
  115	      0	   1280	   1546	   1815	   2094	   2373	   2645	   2920	   3197	   3475	   3750	   4024	   4303	   4586	   4869	   5150	   5432	   5716	   6035	   6358	   6641	   6925	   7208	   7485	   7770	   8056	   8335	   8619	   8895	   9168	   9438	   9699	      0	      0	      0	      0	      0	      0	      0	
  116	      0	   1280	   1546	   1816	   2094	   2372	   2645	   2920	   3197	   3475	   3750	   4024	   4303	   4586	   4869	   5150	   5432	   5716	   6035	   6358	   6641	   6925	   7208	   7485	   7770	   8056	   8335	   8618	   8895	   9168	   9438	   9699	      0	      0	      0	      0	      0	      0	      0	
  117	      0	   1280	   1546	   1816	   2094	   2372	   2645	   2920	   3197	   3475	   3750	   4024	   4303	   4586	   4870	   5150	   5432	   5716	   6035	   6358	   6641	   6926	   7208	   7485	   7770	   8056	   8335	   8618	   8894	   9168	   9438	   9699	      0	      0	      0	      0	      0	      0	      0	
  118	      0	   1280	   1546	   1816	   2094	   2372	   2646	   2920	   3197	   3475	   3750	   4024	   4303	   4586	   4870	   5150	   5432	   5716	   6035	   6358	   6641	   6926	   7208	   7485	   7770	   8056	   8335	   8618	   8895	   9168	   9438	   9699	      0	      0	      0	      0	      0	      0	      0	
  119	      0	   1280	   1546	   1816	   2094	   2372	   2646	   2921	   3197	   3475	   3750	   4024	   4303	   4586	   4870	   5150	   5432	   5716	   6035	   6358	   6641	   6926	   7208	   7486	   7771	   8056	   8335	   8618	   8895	   9169	   9439	   9699	      0	      0	      0	      0	      0	      0	      0	
  120	      0	   1280	   1546	   1816	   2094	   2372	   2646	   2921	   3197	   3475	   3749	   4024	   4303	   4586	   4870	   5150	   5432	   5716	   6034	   6358	   6641	   6926	   7208	   7486	   7771	   8056	   8335	   8618	   8895	   9169	   9439	   9699	      0	      0	      0	      0	      0	      0	      0	
  121	      0	   1279	   1546	   1816	   2094	   2372	   2646	   2921	   3198	   3475	   3749	   4024	   4303	   4587	   4870	   5150	   5432	   5716	   6034	   6358	   6641	   6926	   7208	   7486	   7771	   8056	   8335	   8618	   8896	   9169	   9439	   9699	      0	      0	      0	      0	      0	      0	      0	
  122	      0	   1279	   1546	   1816	   2094	   2372	   2646	   2921	   3198	   3475	   3749	   4024	   4303	   4587	   4871	   5150	   5432	   5716	   6035	   6358	   6641	   6926	   7208	   7486	   7771	   8056	   8335	   8618	   8896	   9170	   9439	   9699	      0	      0	      0	      0	      0	      0	      0	
  123	      0	   1279	   1546	   1816	   2094	   2372	   2646	   2921	   3198	   3475	   3749	   4024	   4303	   4587	   4871	   5150	   5433	   5716	   6035	   6358	   6641	   6926	   7208	   7487	   7771	   8056	   8335	   8618	   8896	   9170	   9439	   9699	      0	      0	      0	      0	      0	      0	      0	
  124	      0	   1279	   1546	   1816	   2094	   2371	   2646	   2921	   3198	   3476	   3749	   4024	   4303	   4587	   4871	   5151	   5433	   5716	   6035	   6359	   6641	   6926	   7208	   7487	   7772	   8056	   8335	   8618	   8896	   9170	   9439	   9700	      0	      0	      0	      0	      0	      0	      0	
  125	      0	   1279	   1547	   1817	   2093	   2371	   2647	   2922	   3198	   3476	   3749	   4024	   4303	   4587	   4871	   5151	   5432	   5716	   6036	   6359	   6641	   6926	   7208	   7487	   7772	   8057	   8336	   8618	   8897	   9170	   9439	   9700	      0	      0	      0	      0	      0	      0	      0	
  126	      0	   1279	   1547	   1817	   2093	   2371	   2647	   2922	   3198	   3476	   3750	   4025	   4303	   4587	   4871	   5151	   5432	   5716	   6036	   6359	   6642	   6926	   7208	   7487	   7772	   8057	   8336	   8618	   8897	   9171	   9440	   9700	      0	      0	      0	      0	      0	      0	      0	
  127	      0	   1279	   1547	   1817	   2093	   2371	   2647	   2922	   3198	   3476	   3750	   4025	   4303	   4587	   4871	   5151	   5432	   5715	   6036	   6359	   6642	   6927	   7208	   7488	   7772	   8057	   8336	   8618	   8897	   9171	   9440	   9700	      0	      0	      0	      0	      0	      0	      0	
  128	      0	   1279	   1547	   1817	   2093	   2371	   2647	   2922	   3198	   3475	   3750	   4025	   4303	   4588	   4872	   5151	   5432	   5715	   6036	   6359	   6642	   6927	   7208	   7488	   7773	   8057	   8337	   8618	   8897	   9171	   9440	   9701	      0	      0	      0	      0	      0	      0	      0	
  129	      0	   1279	   1547	   1817	   2093	   2371	   2647	   2922	   3198	   3475	   3750	   4025	   4303	   4588	   4872	   5151	   5432	   5715	   6036	   6359	   6642	   6927	   7208	   7488	   7773	   8058	   8337	   8618	   8897	   9171	   9440	   9701	      0	      0	      0	      0	      0	      0	      0	
  130	      0	   1279	   1547	   1817	   2093	   2372	   2647	   2922	   3198	   3475	   3750	   4025	   4303	   4588	   4872	   5151	   5432	   5715	   6036	   6359	   6642	   6927	   7209	   7488	   7773	   8058	   8337	   8618	   8897	   9171	   9440	   9702	      0	      0	      0	      0	      0	      0	      0	
  131	      0	   1279	   1547	   1817	   2093	   2372	   2647	   2922	   3198	   3475	   3750	   4025	   4303	   4587	   4872	   5151	   5432	   5715	   6036	   6360	   6642	   6928	   7209	   7488	   7773	   8058	   8337	   8618	   8897	   9171	   9441	   9702	      0	      0	      0	      0	      0	      0	      0	
  132	      0	   1279	   1547	   1818	   2093	   2372	   2647	   2922	   3198	   3475	   3750	   4025	   4303	   4587	   4872	   5151	   5432	   5715	   6036	   6360	   6643	   6928	   7209	   7488	   7773	   8058	   8337	   8618	   8897	   9171	   9441	   9702	      0	      0	      0	      0	      0	      0	      0	
  133	      0	   1279	   1547	   1818	   2093	   2372	   2647	   2922	   3198	   3475	   3750	   4025	   4303	   4587	   4871	   5150	   5431	   5714	   6036	   6360	   6643	   6928	   7209	   7488	   7773	   8058	   8337	   8618	   8897	   9171	   9441	   9702	      0	      0	      0	      0	      0	      0	      0	
  134	      0	   1279	   1547	   1817	   2093	   2372	   2647	   2922	   3198	   3475	   3750	   4025	   4303	   4587	   4871	   5150	   5431	   5714	   6036	   6360	   6643	   6928	   7209	   7488	   7773	   8058	   8337	   8618	   8897	   9171	   9440	   9703	   9963	  10222	      0	      0	      0	      0	      0	
  135	      0	   1279	   1547	   1817	   2093	   2372	   2647	   2922	   3198	   3475	   3750	   4025	   4302	   4587	   4871	   5150	   5431	   5714	   6036	   6360	   6643	   6928	   7209	   7488	   7773	   8058	   8337	   8618	   8897	   9171	   9440	   9703	   9964	  10224	      0	      0	      0	      0	      0	
  136	      0	   1279	   1546	   1817	   2094	   2372	   2647	   2921	   3197	   3475	   3750	   4024	   4302	   4587	   4871	   5150	   5431	   5714	   6036	   6360	   6643	   6929	   7209	   7487	   7773	   8058	   8337	   8618	   8897	   9170	   9440	   9703	   9964	  10224	      0	      0	      0	      0	      0	
  137	      0	   1278	   1546	   1817	   2094	   2372	   2647	   2921	   3197	   3475	   3750	   4024	   4302	   4587	   4871	   5150	   5431	   5714	   6036	   6360	   6643	   6928	   7209	   7487	   7773	   8058	   8337	   8618	   8896	   9170	   9440	   9703	   9964	  10224	      0	      0	      0	      0	      0	
  138	      0	   1278	   1546	   1817	   2094	   2373	   2647	   2921	   3197	   3475	   3750	   4024	   4302	   4586	   4870	   5150	   5431	   5714	   6036	   6360	   6643	   6929	   7209	   7487	   7773	   8058	   8337	   8617	   8896	   9170	   9440	   9704	   9964	  10225	      0	      0	      0	      0	      0	
  139	      0	   1278	   1546	   1817	   2094	   2373	   2647	   2920	   3197	   3475	   3750	   4024	   4302	   4586	   4870	   5150	   5431	   5714	   6036	   6360	   6643	   6928	   7209	   7487	   7772	   8058	   8336	   8617	   8896	   9170	   9440	   9704	   9965	  10225	  10461	      0	      0	      0	      0	
  140	      0	   1278	   1546	   1817	   2094	   2373	   2647	   2920	   3196	   3475	   3750	   4024	   4302	   4586	   4870	   5150	   5431	   5714	   6036	   6360	   6643	   6928	   7209	   7487	   7772	   8058	   8336	   8617	   8896	   9170	   9440	   9704	   9965	  10226	  10466	  10699	      0	      0	      0	
  141	      0	   1278	   1546	   1816	   2094	   2373	   2646	   2919	   3196	   3475	   3750	   4024	   4302	   4586	   4870	   5150	   5431	   5715	   6036	   6359	   6643	   6928	   7209	   7486	   7772	   8058	   8336	   8617	   8896	   9169	   9440	   9704	   9965	  10226	  10466	  10698	      0	      0	      0	
  142	      0	   1278	   1545	   1816	   2094	   2373	   2646	   2919	   3196	   3475	   3750	   4024	   4302	   4585	   4869	   5150	   5431	   5715	   6036	   6359	   6643	   6928	   7209	   7486	   7772	   8057	   8336	   8617	   8895	   9169	   9439	   9704	   9966	  10226	  10467	  10699	      0	      0	      0	
  143	      0	   1278	   1545	   1816	   2094	   2373	   2646	   2919	   3196	   3475	   3749	   4023	   4301	   4585	   4869	   5149	   5431	   5715	   6036	   6359	   6642	   6928	   7209	   7485	   7771	   8057	   8336	   8616	   8895	   9169	   9439	   9704	   9966	  10226	  10467	  10700	      0	      0	      0	
  144	      0	   1278	   1545	   1816	   2094	   2374	   2646	   2918	   3196	   3475	   3749	   4023	   4301	   4585	   4869	   5149	   5431	   5715	   6035	   6358	   6642	   6927	   7208	   7485	   7771	   8057	   8335	   8616	   8895	   9168	   9439	   9704	   9966	  10227	  10468	  10701	      0	      0	      0	
  145	      0	   1278	   1544	   1815	   2094	   2374	   2645	   2918	   3196	   3475	   3749	   4023	   4301	   4585	   4868	   5149	   5431	   5715	   6035	   6358	   6642	   6927	   7208	   7485	   7771	   8057	   8335	   8616	   8894	   9168	   9438	   9704	   9966	  10227	  10468	  10702	      0	      0	      0	
  146	      0	   1278	   1544	   1815	   2094	   2373	   2645	   2917	   3196	   3475	   3749	   4023	   4301	   4585	   4868	   5149	   5431	   5715	   6035	   6358	   6641	   6927	   7208	   7484	   7771	   8057	   8335	   8615	   8894	   9168	   9438	   9704	   9967	  10227	  10469	  10703	  10928	  11137	      0	
  147	      0	   1278	   1544	   1815	   2094	   2373	   2645	   2917	   3196	   3475	   3749	   4022	   4301	   4585	   4868	   5148	   5431	   5715	   6035	   6358	   6641	   6926	   7208	   7484	   7770	   8057	   8334	   8615	   8894	   9167	   9438	   9703	   9967	  10227	  10469	  10704	  10929	  11138	      0	
  148	      0	   1278	   1544	   1815	   2094	   2373	   2644	   2917	   3196	   3475	   3749	   4022	   4301	   4584	   4868	   5148	   5431	   5715	   6035	   6358	   6640	   6926	   7208	   7484	   7770	   8056	   8334	   8615	   8893	   9167	   9437	   9703	   9967	  10227	  10469	  10705	  10929	  11136	      0	
  149	      0	   1277	   1544	   1814	   2094	   2373	   2644	   2917	   3195	   3475	   3749	   4022	   4301	   4584	   4867	   5148	   5431	   5715	   6035	   6358	   6640	   6925	   7207	   7484	   7770	   8056	   8334	   8615	   8893	   9166	   9437	   9703	   9967	  10227	  10469	  10706	  10930	  11137	      0	
  150	      0	   1277	   1543	   1814	   2094	   2373	   2644	   2917	   3195	   3475	   3749	   4022	   4301	   4584	   4867	   5148	   5430	   5715	   6035	   6358	   6640	   6925	   7207	   7483	   7770	   8056	   8334	   8615	   8893	   9166	   9437	   9703	   9967	  10227	  10469	  10706	  10931	  11138	      0	
  151	      0	   1277	   1543	   1814	   2093	   2373	   2643	   2916	   3195	   3475	   3749	   4022	   4301	   4584	   4867	   5148	   5430	   5715	   6035	   6358	   6639	   6924	   7207	   7483	   7769	   8056	   8334	   8614	   8892	   9166	   9436	   9703	   9967	  10226	  10469	  10707	  10931	  11152	      0	
  152	      0	   1277	   1543	   1814	   2093	   2372	   2643	   2916	   3195	   3474	   3748	   4022	   4301	   4584	   4867	   5148	   5430	   5715	   6035	   6357	   6639	   6924	   7207	   7483	   7769	   8056	   8334	   8614	   8892	   9165	   9436	   9702	   9967	  10226	  10469	  10707	  10932	  11150	      0	
  153	      0	   1277	   1543	   1814	   2093	   2372	   2643	   2916	   3195	   3474	   3748	   4022	   4301	   4583	   4867	   5147	   5430	   5715	   6035	   6357	   6639	   6924	   7206	   7483	   7769	   8055	   8333	   8613	   8891	   9165	   9436	   9702	   9967	  10226	  10469	  10708	  10932	  11149	      0	
  154	      0	   1277	   1543	   1814	   2093	   2372	   2642	   2916	   3195	   3474	   3748	   4022	   4301	   4583	   4867	   5147	   5430	   5715	   6035	   6357	   6638	   6923	   7206	   7482	   7768	   8055	   8333	   8613	   8891	   9164	   9435	   9702	   9966	  10226	  10469	  10708	  10932	  11148	      0	
  155	      0	   1277	   1543	   1814	   2093	   2371	   2642	   2916	   3194	   3473	   3748	   4022	   4300	   4583	   4866	   5147	   5430	   5715	   6035	   6357	   6638	   6923	   7206	   7482	   7768	   8054	   8333	   8613	   8890	   9164	   9435	   9701	   9966	  10225	  10469	  10707	  10932	  11147	      0	
  156	      0	   1277	   1543	   1814	   2092	   2371	   2642	   2916	   3195	   3473	   3747	   4022	   4300	   4583	   4866	   5147	   5429	   5714	   6034	   6356	   6638	   6923	   7206	   7482	   7768	   8054	   8332	   8612	   8890	   9163	   9434	   9701	   9966	  10225	  10469	  10707	  10932	  11146	      0	
  157	      0	   1277	   1543	   1814	   2092	   2371	   2642	   2916	   3194	   3472	   3747	   4021	   4300	   4583	   4866	   5147	   5429	   5714	   6034	   6356	   6637	   6922	   7205	   7481	   7767	   8054	   8332	   8612	   8890	   9163	   9434	   9701	   9966	  10225	  10469	  10707	  10932	  11145	      0	
  158	      0	   1277	   1543	   1813	   2092	   2370	   2642	   2916	   3194	   3472	   3747	   4021	   4300	   4583	   4866	   5146	   5429	   5714	   6033	   6356	   6637	   6922	   7205	   7481	   7767	   8053	   8332	   8612	   8889	   9162	   9433	   9701	   9966	  10224	  10469	  10707	  10932	  11145	      0	
  159	      0	   1276	   1543	   1813	   2092	   2370	   2642	   2916	   3194	   3471	   3746	   4021	   4300	   4583	   4866	   5146	   5428	   5713	   6033	   6355	   6637	   6922	   7205	   7481	   7766	   8053	   8332	   8611	   8889	   9162	   9433	   9700	   9965	  10224	  10469	  10706	  10932	  11144	      0	
  160	      0	   1276	   1543	   1813	   2092	   2370	   2642	   2916	   3194	   3471	   3746	   4021	   4300	   4582	   4866	   5146	   5428	   5712	   6032	   6355	   6637	   6922	   7204	   7480	   7766	   8052	   8331	   8611	   8888	   9162	   9432	   9700	   9965	  10224	  10468	  10706	  10931	  11144	      0	
  161	      0	   1276	   1542	   1813	   2091	   2370	   2641	   2916	   3194	   3471	   3746	   4021	   4300	   4582	   4866	   5146	   5428	   5712	   6032	   6355	   6637	   6922	   7204	   7480	   7766	   8052	   8331	   8610	   8888	   9161	   9432	   9700	   9964	  10223	  10468	  10706	  10931	  11144	      0	
  162	      0	   1276	   1542	   1813	   2091	   2369	   2641	   2917	   3194	   3470	   3746	   4021	   4300	   4582	   4865	   5146	   5427	   5711	   6031	   6354	   6637	   6921	   7204	   7480	   7765	   8052	   8330	   8610	   8888	   9161	   9431	   9699	   9964	  10223	  10468	  10705	  10931	  11143	      0	
  163	      0	   1276	   1542	   1813	   2091	   2369	   2641	   2917	   3194	   3470	   3746	   4021	   4300	   4582	   4865	   5145	   5427	   5710	   6031	   6354	   6637	   6921	   7203	   7480	   7765	   8051	   8330	   8610	   8887	   9160	   9431	   9699	   9964	  10223	  10467	  10705	  10930	  11143	      0	
  164	      0	   1276	   1542	   1813	   2091	   2369	   2641	   2916	   3193	   3470	   3746	   4022	   4299	   4582	   4865	   5145	   5426	   5710	   6030	   6354	   6636	   6921	   7203	   7479	   7765	   8050	   8329	   8609	   8887	   9160	   9430	   9698	   9963	  10223	  10467	  10704	  10930	  11143	      0	
  165	      0	   1276	   1542	   1813	   2091	   2369	   2641	   2916	   3193	   3470	   3746	   4022	   4299	   4582	   4865	   5145	   5426	   5709	   6029	   6353	   6636	   6921	   7203	   7479	   7764	   8050	   8329	   8609	   8886	   9159	   9430	   9698	   9963	  10222	  10467	  10704	  10930	  11143	      0	
  166	      0	   1276	   1542	   1813	   2091	   2368	   2641	   2916	   3193	   3469	   3746	   4022	   4300	   4583	   4865	   5145	   5426	   5708	   6029	   6353	   6636	   6921	   7203	   7479	   7764	   8049	   8328	   8609	   8886	   9159	   9429	   9698	   9963	  10222	  10466	  10703	  10930	  11142	      0	
  167	      0	   1276	   1542	   1813	   2090	   2368	   2641	   2916	   3193	   3469	   3746	   4022	   4300	   4583	   4865	   5144	   5425	   5708	   6028	   6353	   6636	   6921	   7202	   7478	   7763	   8048	   8328	   8608	   8885	   9158	   9429	   9697	   9962	  10221	  10466	  10703	  10929	  11142	      0	
  168	      0	   1276	   1542	   1813	   2090	   2368	   2641	   2915	   3192	   3469	   3747	   4022	   4300	   4583	   4865	   5144	   5425	   5708	   6028	   6352	   6636	   6920	   7202	   7478	   7763	   8048	   8327	   8608	   8885	   9158	   9429	   9697	   9962	  10221	  10466	  10703	  10929	  11141	      0	
  169	      0	   1276	   1542	   1813	   2090	   2367	   2640	   2915	   3192	   3470	   3747	   4023	   4300	   4583	   4865	   5143	   5424	   5707	   6028	   6352	   6636	   6920	   7201	   7477	   7762	   8047	   8327	   8607	   8884	   9157	   9428	   9696	   9961	  10221	  10465	  10702	  10928	  11141	      0	
  170	      0	   1276	   1542	   1813	   2090	   2367	   2640	   2915	   3192	   3470	   3748	   4023	   4300	   4584	   4864	   5143	   5424	   5707	   6027	   6352	   6636	   6920	   7200	   7477	   7761	   8047	   8326	   8606	   8884	   9157	   9428	   9696	   9961	  10220	  10465	  10701	  10927	  11140	      0	
  171	      0	   1276	   1542	   1813	   2090	   2367	   2640	   2914	   3191	   3470	   3748	   4023	   4300	   4584	   4864	   5142	   5424	   5707	   6027	   6352	   6635	   6919	   7199	   7476	   7761	   8046	   8326	   8606	   8883	   9156	   9427	   9695	   9960	  10220	  10464	  10701	  10927	  11140	      0	
  172	      0	   1276	   1542	   1813	   2090	   2367	   2640	   2914	   3191	   3470	   3749	   4023	   4301	   4584	   4864	   5142	   5423	   5706	   6027	   6352	   6635	   6919	   7199	   7475	   7760	   8046	   8326	   8605	   8883	   9156	   9427	   9695	   9960	  10220	  10464	  10700	  10926	  11139	      0	
  173	      0	   1276	   1542	   1813	   2090	   2366	   2640	   2914	   3191	   3471	   3749	   4024	   4301	   4585	   4863	   5141	   5423	   5706	   6027	   6351	   6635	   6918	   7198	   7475	   7760	   8045	   8325	   8605	   8882	   9156	   9427	   9694	   9959	  10219	  10464	  10700	  10925	  11139	      0	
  174	      0	   1275	   1542	   1813	   2089	   2366	   2640	   2913	   3191	   3471	   3750	   4024	   4301	   4585	   4863	   5141	   5423	   5706	   6027	   6351	   6635	   6918	   7198	   7474	   7759	   8044	   8325	   8604	   8882	   9155	   9426	   9694	   9959	  10219	  10463	  10699	  10925	  11138	      0	
  175	      0	   1275	   1542	   1814	   2089	   2366	   2639	   2913	   3190	   3471	   3750	   4024	   4301	   4585	   4863	   5141	   5423	   5706	   6027	   6351	   6634	   6917	   7197	   7474	   7759	   8044	   8324	   8604	   8881	   9155	   9426	   9693	   9958	  10218	  10463	  10699	  10924	  11138	      0	
  176	      0	   1275	   1542	   1814	   2089	   2366	   2639	   2912	   3190	   3471	   3751	   4024	   4301	   4585	   4863	   5141	   5423	   5706	   6026	   6350	   6634	   6917	   7196	   7473	   7758	   8043	   8324	   8603	   8880	   9154	   9425	   9693	   9958	  10218	  10462	  10698	  10923	  11137	      0	
  177	      0	   1275	   1542	   1813	   2089	   2366	   2639	   2912	   3190	   3471	   3751	   4024	   4301	   4585	   4863	   5140	   5422	   5706	   6026	   6350	   6634	   6917	   7196	   7473	   7757	   8043	   8323	   8603	   8879	   9153	   9425	   9692	   9957	  10217	  10462	  10698	  10923	  11137	      0	
  178	      0	   1275	   1541	   1813	   2089	   2366	   2639	   2912	   3190	   3471	   3751	   4024	   4301	   4584	   4862	   5140	   5422	   5706	   6026	   6350	   6633	   6916	   7196	   7472	   7757	   8042	   8323	   8602	   8879	   9153	   9425	   9692	   9957	  10217	  10461	  10697	  10922	  11136	      0	
  179	      0	   1275	   1541	   1813	   2090	   2366	   2639	   2912	   3189	   3471	   3751	   4024	   4301	   4584	   4862	   5140	   5422	   5706	   6026	   6349	   6633	   6916	   7195	   7472	   7756	   8042	   8322	   8601	   8878	   9153	   9424	   9691	   9956	  10216	  10461	  10697	  10922	  11136	      0	
  180	      0	   1275	   1541	   1813	   2090	   2366	   2638	   2911	   3189	   3471	   3751	   4024	   4301	   4584	   4862	   5140	   5422	   5706	   6026	   6349	   6632	   6915	   7195	   7472	   7756	   8041	   8322	   8601	   8877	   9152	   9424	   9691	   9955	  10215	  10460	  10696	  10921	  11135	      0	
  181	      0	   1275	   1541	   1813	   2090	   2366	   2638	   2911	   3189	   3471	   3751	   4024	   4301	   4584	   4861	   5139	   5422	   5706	   6025	   6348	   6632	   6915	   7194	   7471	   7755	   8041	   8321	   8600	   8877	   9152	   9423	   9690	   9955	  10214	  10459	  10696	  10921	  11134	      0	
  182	      0	   1275	   1541	   1814	   2090	   2366	   2638	   2911	   3189	   3471	   3750	   4024	   4300	   4583	   4861	   5139	   5422	   5706	   6025	   6348	   6632	   6914	   7194	   7471	   7755	   8040	   8320	   8600	   8876	   9151	   9422	   9689	   9954	  10213	  10458	  10695	  10920	  11134	      0	
  183	      0	   1275	   1542	   1814	   2090	   2366	   2638	   2911	   3189	   3471	   3750	   4023	   4300	   4583	   4861	   5139	   5422	   5705	   6025	   6348	   6631	   6914	   7194	   7470	   7755	   8040	   8320	   8599	   8876	   9150	   9422	   9689	   9953	  10213	  10458	  10695	  10920	  11133	      0	
  184	      0	   1275	   1542	   1813	   2090	   2367	   2639	   2911	   3189	   3470	   3749	   4023	   4300	   4583	   4861	   5139	   5422	   5705	   6025	   6348	   6631	   6914	   7193	   7470	   7754	   8039	   8319	   8598	   8875	   9150	   9421	   9688	   9953	  10212	  10457	  10694	  10919	  11133	      0	
  185	      0	   1275	   1542	   1813	   2090	   2367	   2639	   2911	   3189	   3470	   3749	   4023	   4299	   4582	   4860	   5139	   5422	   5705	   6024	   6348	   6631	   6913	   7193	   7469	   7754	   8039	   8319	   8598	   8875	   9149	   9421	   9688	   9952	  10211	  10456	  10693	  10919	  11132	      0	
  186	      0	   1275	   1542	   1813	   2091	   2367	   2638	   2911	   3189	   3470	   3748	   4022	   4299	   4581	   4860	   5139	   5422	   5705	   6024	   6347	   6630	   6913	   7192	   7469	   7753	   8038	   8318	   8597	   8874	   9149	   9420	   9687	   9951	  10210	  10455	  10693	  10918	  11132	      0	
  187	      0	   1275	   1542	   1813	   2091	   2368	   2638	   2911	   3189	   3469	   3747	   4022	   4298	   4581	   4860	   5139	   5422	   5704	   6024	   6347	   6630	   6913	   7192	   7469	   7753	   8038	   8317	   8597	   8874	   9148	   9420	   9686	   9950	  10210	  10454	  10692	  10918	  11131	      0	
  188	      0	   1275	   1542	   1814	   2091	   2368	   2639	   2910	   3189	   3469	   3747	   4022	   4298	   4580	   4860	   5139	   5421	   5704	   6023	   6347	   6630	   6913	   7192	   7469	   7753	   8037	   8317	   8597	   8874	   9148	   9419	   9686	   9950	  10209	  10454	  10691	  10917	  11131	      0	
  189	      0	   1275	   1542	   1814	   2091	   2368	   2639	   2910	   3189	   3469	   3746	   4021	   4297	   4579	   4860	   5139	   5422	   5703	   6023	   6347	   6629	   6912	   7192	   7468	   7752	   8037	   8316	   8597	   8873	   9147	   9418	   9686	   9949	  10208	  10453	  10691	  10917	  11130	      0	
  190	      0	   1275	   1542	   1814	   2092	   2368	   2639	   2911	   3189	   3468	   3745	   4021	   4297	   4579	   4860	   5139	   5421	   5703	   6023	   6346	   6629	   6912	   7192	   7468	   7752	   8036	   8316	   8596	   8873	   9146	   9418	   9685	   9948	  10207	  10452	  10691	  10917	  11130	      0	
  191	      0	   1275	   1542	   1814	   2092	   2369	   2639	   2911	   3189	   3468	   3745	   4021	   4297	   4579	   4860	   5139	   5421	   5702	   6022	   6346	   6629	   6912	   7192	   7468	   7752	   8036	   8316	   8596	   8872	   9146	   9417	   9684	   9948	  10206	  10451	  10690	  10916	  11129	      0	
  192	      0	   1275	   1542	   1814	   2092	   2369	   2639	   2911	   3189	   3468	   3744	   4020	   4296	   4578	   4860	   5139	   5421	   5702	   6022	   6346	   6629	   6912	   7192	   7468	   7751	   8036	   8315	   8596	   8872	   9145	   9417	   9684	   9947	  10206	  10451	  10689	  10915	  11129	      0	
  193	      0	   1275	   1543	   1814	   2092	   2369	   2640	   2911	   3189	   3468	   3744	   4020	   4296	   4578	   4860	   5139	   5421	   5702	   6022	   6346	   6628	   6911	   7191	   7467	   7751	   8035	   8315	   8595	   8871	   9145	   9416	   9683	   9946	  10205	  10450	  10689	  10915	  11128	      0	
  194	      0	   1275	   1543	   1814	   2092	   2370	   2640	   2912	   3189	   3468	   3744	   4020	   4296	   4577	   4860	   5139	   5421	   5701	   6022	   6346	   6628	   6911	   7191	   7467	   7751	   8035	   8314	   8595	   8871	   9144	   9416	   9682	   9945	  10204	  10450	  10688	  10914	  11128	      0	
  195	      0	   1276	   1543	   1814	   2092	   2370	   2640	   2912	   3189	   3468	   3743	   4019	   4296	   4577	   4860	   5139	   5420	   5701	   6022	   6346	   6628	   6911	   7190	   7466	   7750	   8034	   8314	   8594	   8870	   9143	   9415	   9681	   9944	  10203	  10449	  10688	  10913	  11127	      0	
  196	      0	   1276	   1543	   1814	   2092	   2370	   2641	   2912	   3189	   3468	   3743	   4019	   4295	   4577	   4860	   5139	   5420	   5701	   6021	   6345	   6628	   6910	   7190	   7466	   7750	   8034	   8313	   8594	   8870	   9143	   9415	   9681	   9943	  10203	  10448	  10687	  10912	  11126	      0	
  197	      0	   1276	   1543	   1814	   2092	   2370	   2641	   2913	   3189	   3467	   3743	   4019	   4295	   4577	   4860	   5139	   5420	   5701	   6021	   6345	   6627	   6910	   7190	   7466	   7750	   8034	   8313	   8594	   8869	   9142	   9414	   9680	   9942	  10202	  10447	  10686	  10911	  11126	      0	
  198	      0	   1276	   1544	   1814	   2092	   2370	   2641	   2913	   3189	   3467	   3743	   4019	   4295	   4576	   4860	   5139	   5420	   5701	   6021	   6345	   6627	   6910	   7189	   7465	   7749	   8033	   8313	   8593	   8869	   9142	   9414	   9679	   9941	  10201	  10446	  10685	  10911	  11125	      0	
  199	      0	   1276	   1544	   1814	   2092	   2370	   2642	   2913	   3190	   3468	   3743	   4019	   4294	   4576	   4860	   5139	   5420	   5701	   6021	   6345	   6627	   6909	   7189	   7465	   7749	   8033	   8312	   8593	   8868	   9141	   9413	   9678	   9940	  10200	  10445	  10684	  10910	  11124	      0	
  200	      0	   1276	   1544	   1815	   2093	   2370	   2642	   2914	   3190	   3468	   3743	   4019	   4294	   4576	   4860	   5139	   5420	   5701	   6021	   6345	   6627	   6909	   7189	   7465	   7749	   8033	   8311	   8592	   8868	   9141	   9413	   9677	   9939	  10200	  10444	  10683	  10909	  11123	      0	
  201	      0	   1276	   1544	   1815	   2093	   2371	   2642	   2914	   3190	   3468	   3743	   4018	   4294	   4576	   4860	   5139	   5419	   5701	   6021	   6344	   6626	   6909	   7189	   7465	   7748	   8032	   8311	   8592	   8867	   9140	   9412	   9677	   9939	  10199	  10443	  10682	  10908	  11121	      0	
  202	      0	   1276	   1544	   1815	   2093	   2371	   2643	   2914	   3190	   3468	   3743	   4018	   4294	   4576	   4860	   5138	   5419	   5701	   6021	   6344	   6626	   6908	   7188	   7464	   7748	   8032	   8310	   8591	   8867	   9140	   9411	   9676	   9938	  10198	  10442	  10681	  10907	  11120	      0	
  203	      0	   1276	   1544	   1815	   2093	   2371	   2643	   2915	   3191	   3469	   3743	   4018	   4294	   4575	   4860	   5138	   5419	   5701	   6021	   6343	   6626	   6908	   7188	   7464	   7748	   8032	   8310	   8591	   8866	   9139	   9411	   9675	   9937	  10198	  10441	  10680	  10906	  11118	      0	
  204	      0	   1276	   1544	   1815	   2094	   2371	   2643	   2915	   3191	   3469	   3743	   4018	   4294	   4575	   4860	   5138	   5419	   5701	   6020	   6343	   6625	   6908	   7187	   7463	   7747	   8031	   8310	   8590	   8866	   9139	   9410	   9674	   9936	  10197	  10440	  10679	  10905	  11116	      0	
  205	      0	   1277	   1545	   1816	   2094	   2372	   2644	   2916	   3191	   3469	   3743	   4018	   4294	   4575	   4860	   5138	   5419	   5701	   6020	   6343	   6625	   6907	   7187	   7463	   7747	   8031	   8309	   8590	   8865	   9138	   9409	   9673	   9935	  10196	  10439	  10678	  10904	  11115	      0	
  206	      0	   1277	   1545	   1816	   2094	   2372	   2644	   2916	   3192	   3469	   3743	   4018	   4294	   4575	   4860	   5138	   5418	   5701	   6020	   6342	   6624	   6907	   7187	   7463	   7747	   8031	   8309	   8589	   8865	   9137	   9408	   9672	   9934	  10196	  10438	  10677	  10902	  11113	      0	
  207	      0	   1277	   1545	   1816	   2094	   2372	   2644	   2916	   3192	   3469	   3743	   4018	   4294	   4575	   4859	   5138	   5418	   5700	   6020	   6342	   6624	   6907	   7186	   7463	   7747	   8031	   8308	   8588	   8864	   9137	   9407	   9671	   9933	  10195	  10436	  10676	  10901	  11112	      0	
  208	      0	   1277	   1545	   1816	   2095	   2372	   2644	   2916	   3192	   3470	   3744	   4018	   4294	   4575	   4859	   5137	   5418	   5700	   6020	   6342	   6624	   6906	   7186	   7463	   7747	   8030	   8308	   8588	   8864	   9136	   9407	   9671	   9932	  10194	  10435	  10674	  10900	  11110	      0	
  209	      0	   1277	   1545	   1817	   2095	   2372	   2644	   2917	   3193	   3470	   3744	   4018	   4294	   4576	   4859	   5137	   5418	   5700	   6020	   6342	   6624	   6906	   7186	   7462	   7746	   8030	   8307	   8587	   8863	   9136	   9406	   9670	   9932	  10193	  10434	  10672	  10898	  11109	      0	
  210	      0	   1277	   1545	   1817	   2095	   2373	   2644	   2917	   3193	   3470	   3744	   4018	   4294	   4575	   4859	   5137	   5418	   5700	   6019	   6342	   6623	   6905	   7186	   7462	   7746	   8030	   8307	   8587	   8863	   9135	   9406	   9670	   9931	  10193	  10432	  10670	  10897	  11107	      0	
  211	      0	   1277	   1546	   1817	   2095	   2373	   2644	   2917	   3193	   3470	   3744	   4018	   4294	   4576	   4859	   5137	   5418	   5700	   6019	   6342	   6623	   6905	   7185	   7462	   7746	   8029	   8306	   8586	   8863	   9135	   9405	   9669	   9931	  10192	  10431	  10668	  10894	  11105	      0	
  212	      0	   1277	   1546	   1817	   2095	   2373	   2645	   2917	   3193	   3471	   3744	   4018	   4294	   4576	   4859	   5137	   5417	   5700	   6019	   6342	   6623	   6905	   7185	   7462	   7746	   8029	   8306	   8586	   8862	   9134	   9404	   9669	   9930	  10191	  10430	  10667	      0	      0	      0	
  213	      0	   1278	   1546	   1818	   2095	   2373	   2645	   2917	   3193	   3471	   3744	   4018	   4294	   4576	   4859	   5137	   5417	   5699	   6019	   6342	   6623	   6905	   7185	   7461	   7745	   8029	   8306	   8585	   8862	   9134	   9404	   9668	   9929	  10190	  10429	  10665	      0	      0	      0	
  214	      0	   1278	   1547	   1818	   2096	   2373	   2645	   2917	   3193	   3471	   3744	   4018	   4294	   4576	   4859	   5137	   5417	   5699	   6019	   6342	   6622	   6904	   7185	   7461	   7745	   8028	   8305	   8585	   8861	   9134	   9403	   9667	   9928	  10189	  10428	  10663	      0	      0	      0	
  215	      0	   1278	   1547	   1818	   2096	   2373	   2645	   2917	   3193	   3471	   3744	   4018	   4294	   4576	   4859	   5137	   5417	   5699	   6018	   6342	   6622	   6904	   7185	   7461	   7744	   8028	   8305	   8584	   8861	   9133	   9403	   9666	   9927	  10188	  10427	  10662	      0	      0	      0	
  216	      0	   1278	   1547	   1818	   2096	   2373	   2645	   2917	   3193	   3471	   3744	   4018	   4295	   4577	   4860	   5137	   5417	   5699	   6018	   6342	   6622	   6904	   7184	   7461	   7744	   8028	   8305	   8584	   8861	   9133	   9402	   9666	   9926	  10187	  10426	  10660	      0	      0	      0	
  217	      0	   1278	   1547	   1818	   2096	   2373	   2645	   2917	   3193	   3471	   3744	   4018	   4295	   4577	   4860	   5137	   5417	   5699	   6018	   6342	   6622	   6903	   7184	   7460	   7744	   8027	   8304	   8584	   8860	   9133	   9402	   9665	   9925	  10185	  10426	  10659	      0	      0	      0	
  218	      0	   1278	   1548	   1818	   2096	   2374	   2645	   2917	   3193	   3471	   3744	   4018	   4295	   4577	   4860	   5137	   5417	   5698	   6018	   6342	   6622	   6903	   7184	   7460	   7743	   8027	   8304	   8583	   8859	   9132	   9401	   9665	   9924	  10184	  10425	  10657	      0	      0	      0	
  219	      0	   1279	   1548	   1818	   2096	   2374	   2645	   2917	   3193	   3471	   3745	   4018	   4295	   4577	   4860	   5136	   5417	   5698	   6018	   6342	   6622	   6903	   7184	   7460	   7743	   8027	   8304	   8583	   8859	   9132	   9401	   9664	   9923	  10183	  10424	      0	      0	      0	      0	
  220	      0	   1279	   1548	   1818	   2096	   2374	   2645	   2917	   3193	   3471	   3745	   4018	   4295	   4578	   4860	   5136	   5416	   5698	   6018	   6342	   6621	   6903	   7183	   7459	   7743	   8026	   8303	   8582	   8858	   9131	   9400	   9663	   9922	  10181	  10427	      0	      0	      0	      0	
  221	      0	   1279	   1548	   1818	   2096	   2374	   2645	   2917	   3193	   3471	   3744	   4018	   4295	   4577	   4860	   5136	   5416	   5698	   6018	   6342	   6621	   6902	   7183	   7459	   7742	   8026	   8303	   8582	   8858	   9131	   9400	   9663	   9921	  10180	      0	      0	      0	      0	      0	
  222	      0	   1279	   1548	   1818	   2095	   2374	   2645	   2917	   3192	   3471	   3744	   4018	   4295	   4578	   4860	   5136	   5416	   5698	   6017	   6342	   6621	   6902	   7183	   7459	   7742	   8026	   8303	   8581	   8857	   9130	   9399	   9662	   9920	  10179	      0	      0	      0	      0	      0	
  223	      0	   1279	   1548	   1818	   2095	   2374	   2645	   2917	   3192	   3471	   3745	   4018	   4295	   4577	   4860	   5136	   5416	   5698	   6017	   6342	   6620	   6902	   7183	   7458	   7742	   8025	   8302	   8581	   8857	   9130	   9399	   9661	   9919	  10178	      0	      0	      0	      0	      0	
  224	      0	   1279	   1549	   1818	   2095	   2374	   2645	   2917	   3192	   3471	   3744	   4018	   4295	   4578	   4860	   5136	   5416	   5698	   6017	   6341	   6620	   6902	   7182	   7458	   7741	   8025	   8302	   8580	   8856	   9129	   9398	   9660	   9917	  10177	      0	      0	      0	      0	      0	
  225	      0	   1280	   1549	   1818	   2095	   2374	   2645	   2916	   3192	   3471	   3744	   4018	   4295	   4577	   4860	   5136	   5416	   5699	   6017	   6341	   6620	   6901	   7182	   7458	   7741	   8025	   8301	   8580	   8855	   9129	   9398	   9660	   9916	  10176	      0	      0	      0	      0	      0	
  226	      0	   1280	   1549	   1818	   2095	   2374	   2645	   2916	   3192	   3471	   3744	   4017	   4295	   4577	   4860	   5136	   5416	   5699	   6017	   6340	   6620	   6901	   7182	   7457	   7740	   8024	   8301	   8579	   8855	   9128	   9398	   9659	   9915	      0	      0	      0	      0	      0	      0	
  227	      0	   1280	   1549	   1818	   2095	   2374	   2645	   2916	   3192	   3471	   3744	   4017	   4295	   4577	   4860	   5136	   5416	   5699	   6017	   6340	   6619	   6901	   7181	   7457	   7740	   8024	   8300	   8579	   8854	   9128	   9397	   9658	      0	      0	      0	      0	      0	      0	      0	
  228	      0	   1280	   1549	   1817	   2095	   2374	   2645	   2916	   3192	   3471	   3744	   4017	   4295	   4577	   4860	   5136	   5416	   5699	   6016	   6340	   6619	   6900	   7181	   7457	   7739	   8023	   8300	   8578	   8853	   9127	   9397	   9658	      0	      0	      0	      0	      0	      0	      0	
  229	      0	   1280	   1549	   1817	   2095	   2373	   2645	   2916	   3192	   3470	   3744	   4017	   4295	   4577	   4860	   5136	   5416	   5698	   6016	   6339	   6618	   6900	   7181	   7456	   7739	   8023	   8299	   8577	   8853	   9127	   9396	   9657	      0	      0	      0	      0	      0	      0	      0	
  230	      0	   1280	   1549	   1817	   2095	   2373	   2645	   2917	   3191	   3470	   3743	   4017	   4294	   4577	   4860	   5136	   5416	   5698	   6016	   6339	   6618	   6900	   7180	   7456	   7739	   8023	   8299	   8577	   8852	   9126	   9396	   9656	      0	      0	      0	      0	      0	      0	      0	
  231	      0	   1280	   1549	   1817	   2095	   2373	   2645	   2917	   3192	   3470	   3743	   4017	   4294	   4577	   4860	   5136	   5416	   5698	   6016	   6338	   6617	   6899	   7179	   7455	   7738	   8022	   8298	   8576	   8851	   9126	   9395	   9655	      0	      0	      0	      0	      0	      0	      0	
  232	      0	   1280	   1549	   1817	   2094	   2373	   2645	   2917	   3192	   3470	   3743	   4016	   4294	   4577	   4859	   5136	   5416	   5698	   6016	   6338	   6617	   6899	   7179	   7455	   7738	   8022	   8298	   8576	   8851	   9125	   9395	   9655	      0	      0	      0	      0	      0	      0	      0	
  233	      0	   1281	   1549	   1817	   2095	   2373	   2645	   2917	   3192	   3469	   3743	   4016	   4294	   4576	   4859	   5135	   5416	   5698	   6015	   6338	   6617	   6899	   7179	   7455	   7737	   8021	   8298	   8576	   8850	   9124	   9394	   9654	      0	      0	      0	      0	      0	      0	      0	
  234	      0	   1281	   1549	   1817	   2094	   2373	   2645	   2917	   3192	   3469	   3743	   4016	   4294	   4576	   4859	   5135	   5416	   5698	   6015	   6337	   6617	   6899	   7179	   7455	   7737	   8021	   8297	   8575	   8850	   9124	   9394	   9654	      0	      0	      0	      0	      0	      0	      0	
  235	      0	   1281	   1549	   1817	   2094	   2373	   2645	   2917	   3192	   3469	   3743	   4016	   4293	   4576	   4859	   5135	   5416	   5698	   6015	   6337	   6616	   6899	   7179	   7454	   7737	   8020	   8297	   8575	   8849	   9123	   9393	   9653	      0	      0	      0	      0	      0	      0	      0	
  236	      0	   1281	   1549	   1817	   2094	   2373	   2645	   2917	   3192	   3469	   3742	   4016	   4293	   4576	   4858	   5135	   5415	   5697	   6015	   6337	   6616	   6898	   7178	   7454	   7736	   8020	   8296	   8574	   8848	   9122	   9393	   9653	      0	      0	      0	      0	      0	      0	      0	
  237	      0	   1281	   1549	   1817	   2094	   2373	   2645	   2917	   3192	   3469	   3742	   4016	   4293	   4576	   4858	   5135	   5415	   5697	   6015	   6336	   6616	   6898	   7178	   7454	   7736	   8019	   8296	   8574	   8848	   9122	   9392	   9652	      0	      0	      0	      0	      0	      0	      0	
  238	      0	   1281	   1549	   1817	   2094	   2373	   2645	   2917	   3192	   3469	   3742	   4016	   4293	   4576	   4858	   5134	   5415	   5697	   6015	   6336	   6615	   6898	   7178	   7454	   7735	   8019	   8296	   8574	   8847	   9121	   9392	   9651	      0	      0	      0	      0	      0	      0	      0	
  239	      0	   1281	   1549	   1817	   2094	   2373	   2644	   2917	   3192	   3469	   3742	   4016	   4292	   4575	   4858	   5134	   5415	   5697	   6015	   6336	   6615	   6897	   7177	   7453	   7735	   8019	   8295	   8573	   8846	   9120	   9391	   9651	      0	      0	      0	      0	      0	      0	      0	
  240	      0	   1281	   1549	   1817	   2094	   2373	   2644	   2917	   3192	   3469	   3742	   4016	   4292	   4575	   4858	   5134	   5414	   5697	   6015	   6336	   6615	   6897	   7177	   7453	   7735	   8018	   8295	   8573	   8846	   9120	   9391	   9650	      0	      0	      0	      0	      0	      0	      0	
  241	      0	   1281	   1549	   1817	   2094	   2372	   2644	   2917	   3192	   3468	   3741	   4016	   4292	   4575	   4858	   5133	   5414	   5696	   6015	   6336	   6615	   6897	   7177	   7453	   7734	   8018	   8295	   8573	   8845	   9120	   9391	   9650	      0	      0	      0	      0	      0	      0	      0	
  242	      0	   1281	   1549	   1817	   2094	   2372	   2644	   2917	   3192	   3468	   3741	   4016	   4292	   4575	   4857	   5133	   5414	   5696	   6014	   6335	   6615	   6897	   7176	   7452	   7734	   8017	   8294	   8573	   8844	   9119	   9390	   9649	      0	      0	      0	      0	      0	      0	      0	
  243	      0	   1281	   1549	   1817	   2094	   2372	   2644	   2917	   3192	   3468	   3741	   4016	   4292	   4575	   4857	   5133	   5413	   5696	   6014	   6335	   6614	   6896	   7176	   7452	   7733	   8017	   8294	   8572	   8844	   9118	   9390	   9648	      0	      0	      0	      0	      0	      0	      0	
  244	      0	   1281	   1549	   1817	   2094	   2372	   2644	   2917	   3193	   3469	   3741	   4016	   4292	   4575	   4857	   5132	   5413	   5696	   6014	   6335	   6614	   6896	   7175	   7451	   7733	   8016	   8294	   8572	   8843	   9118	   9389	   9648	      0	      0	      0	      0	      0	      0	      0	
  245	      0	   1281	   1549	   1817	   2094	   2372	   2644	   2917	   3193	   3469	   3741	   4016	   4292	   4575	   4857	   5132	   5413	   5696	   6014	   6335	   6614	   6896	   7175	   7451	   7733	   8016	   8293	   8572	   8843	   9117	   9388	   9647	      0	      0	      0	      0	      0	      0	      0	
  246	      0	   1281	   1549	   1817	   2094	   2372	   2644	   2917	   3193	   3469	   3741	   4016	   4292	   4575	   4857	   5132	   5412	   5695	   6014	   6335	   6614	   6896	   7175	   7451	   7733	   8016	   8293	   8572	   8843	   9117	   9386	   9645	      0	      0	      0	      0	      0	      0	      0	
  247	      0	   1281	   1550	   1818	   2094	   2372	   2644	   2917	   3193	   3469	   3741	   4016	   4292	   4575	   4856	   5132	   5412	   5695	   6014	   6334	   6614	   6895	   7175	   7450	   7733	   8016	   8293	   8571	   8842	   9117	   9384	   9643	      0	      0	      0	      0	      0	      0	      0	
  248	      0	   1281	   1550	   1818	   2094	   2372	   2644	   2917	   3193	   3469	   3741	   4016	   4292	   4575	   4856	   5131	   5412	   5695	   6013	   6334	   6613	   6895	   7174	   7450	   7732	   8015	   8292	   8571	   8842	   9116	   9383	   9641	      0	      0	      0	      0	      0	      0	      0	
  249	      0	   1281	   1550	   1818	   2094	   2372	   2644	   2917	   3193	   3469	   3740	   4016	   4292	   4574	   4856	   5131	   5412	   5695	   6013	   6334	   6613	   6895	   7174	   7450	   7732	   8015	   8292	   8571	   8842	   9116	   9381	   9639	      0	      0	      0	      0	      0	      0	      0	
  250	      0	   1281	   1550	   1818	   2094	   2372	   2644	   2917	   3193	   3469	   3740	   4016	   4292	   4574	   4856	   5131	   5412	   5695	   6013	   6334	   6613	   6895	   7174	   7450	   7732	   8015	   8291	   8570	   8842	   9115	   9380	      0	      0	      0	      0	      0	      0	      0	      0	
  251	      0	   1282	   1550	   1818	   2094	   2372	   2644	   2916	   3193	   3469	   3741	   4016	   4292	   4574	   4855	   5131	   5412	   5694	   6013	   6333	   6613	   6895	   7174	   7449	   7732	   8015	   8291	   8570	   8841	   9115	   9377	      0	      0	      0	      0	      0	      0	      0	      0	
  252	      0	   1282	   1550	   1818	   2095	   2372	   2643	   2916	   3192	   3469	   3741	   4015	   4292	   4574	   4855	   5131	   5412	   5694	   6012	   6333	   6612	   6894	   7174	   7449	   7731	   8015	   8291	   8569	   8841	   9114	   9375	      0	      0	      0	      0	      0	      0	      0	      0	
  253	      0	   1282	   1549	   1818	   2094	   2372	   2644	   2916	   3192	   3469	   3741	   4015	   4292	   4573	   4855	   5131	   5412	   5694	   6012	   6332	   6612	   6894	   7173	   7449	   7731	   8014	   8291	   8569	   8841	   9113	   9373	      0	      0	      0	      0	      0	      0	      0	      0	
  254	      0	   1282	   1549	   1818	   2094	   2372	   2643	   2916	   3192	   3469	   3740	   4015	   4292	   4573	   4855	   5131	   5412	   5694	   6011	   6332	   6611	   6894	   7173	   7449	   7731	   8014	   8290	   8569	   8841	   9112	   9370	      0	      0	      0	      0	      0	      0	      0	      0	
  255	      0	   1282	   1549	   1818	   2094	   2372	   2643	   2916	   3192	   3468	   3740	   4015	   4292	   4573	   4855	   5131	   5412	   5693	   6011	   6332	   6611	   6893	   7173	   7449	   7731	   8014	   8290	   8568	   8841	   9111	   9368	      0	      0	      0	      0	      0	      0	      0	      0	
  256	      0	   1282	   1549	   1818	   2094	   2372	   2643	   2915	   3192	   3468	   3740	   4015	   4292	   4573	   4854	   5132	   5411	   5693	   6011	   6331	   6611	   6893	   7173	   7448	   7731	   8014	   8290	   8568	   8841	   9111	   9365	      0	      0	      0	      0	      0	      0	      0	      0	
  257	      0	   1282	   1549	   1818	   2095	   2372	   2643	   2915	   3192	   3468	   3740	   4015	   4292	   4573	   4854	   5132	   5412	   5693	   6010	   6331	   6611	   6893	   7173	   7448	   7730	   8014	   8290	   8568	   8841	   9111	   9363	      0	      0	      0	      0	      0	      0	      0	      0	
  258	      0	   1282	   1549	   1819	   2095	   2372	   2643	   2915	   3192	   3468	   3740	   4015	   4292	   4573	   4854	   5132	   5412	   5693	   6010	   6331	   6611	   6893	   7172	   7448	   7730	   8013	   8290	   8568	   8841	   9110	   9361	      0	      0	      0	      0	      0	      0	      0	      0	
  259	      0	   1282	   1549	   1819	   2095	   2372	   2643	   2915	   3192	   3468	   3740	   4015	   4292	   4572	   4854	   5132	   5412	   5692	   6010	   6331	   6611	   6893	   7172	   7448	   7730	   8013	   8290	   8568	   8841	   9110	   9359	      0	      0	      0	      0	      0	      0	      0	      0	
  260	      0	   1282	   1550	   1820	   2095	   2372	   2643	   2915	   3192	   3468	   3741	   4015	   4292	   4572	   4853	   5132	   5412	   5692	   6010	   6330	   6610	   6892	   7172	   7448	   7729	   8013	   8289	   8567	   8841	   9109	   9357	      0	      0	      0	      0	      0	      0	      0	      0	
  261	      0	   1282	   1550	   1820	   2096	   2372	   2643	   2915	   3192	   3468	   3741	   4015	   4292	   4572	   4853	   5132	   5412	   5692	   6009	   6330	   6610	   6892	   7172	   7447	   7729	   8013	   8289	   8567	   8841	   9109	   9356	      0	      0	      0	      0	      0	      0	      0	      0	
  262	      0	   1282	   1550	   1821	   2096	   2373	   2643	   2915	   3191	   3468	   3741	   4015	   4292	   4572	   4853	   5132	   5412	   5692	   6009	   6330	   6610	   6891	   7171	   7447	   7728	   8012	   8289	   8566	   8841	   9109	   9354	      0	      0	      0	      0	      0	      0	      0	      0	
  263	      0	   1282	   1550	   1821	   2096	   2373	   2643	   2915	   3192	   3468	   3742	   4016	   4292	   4572	   4853	   5132	   5412	   5692	   6009	   6330	   6610	   6891	   7171	   7447	   7728	   8012	   8289	   8566	   8841	   9108	   9353	      0	      0	      0	      0	      0	      0	      0	      0	
  264	      0	   1282	   1550	   1821	   2097	   2373	   2642	   2915	   3191	   3468	   3742	   4016	   4292	   4572	   4853	   5132	   5412	   5692	   6009	   6330	   6610	   6891	   7171	   7447	   7728	   8012	   8289	   8566	   8841	   9108	   9352	      0	      0	      0	      0	      0	      0	      0	      0	
  265	      0	   1282	   1550	   1822	   2097	   2373	   2643	   2915	   3191	   3468	   3742	   4015	   4292	   4572	   4852	   5132	   5412	   5692	   6009	   6329	   6609	   6890	   7171	   7447	   7728	   8012	   8288	   8566	   8841	   9108	   9351	      0	      0	      0	      0	      0	      0	      0	      0	
  266	      0	   1282	   1550	   1822	   2097	   2373	   2643	   2915	   3191	   3468	   3742	   4016	   4292	   4572	   4852	   5132	   5413	   5691	   6008	   6329	   6609	   6890	   7170	   7446	   7727	   8011	   8288	   8566	   8841	   9107	   9351	      0	      0	      0	      0	      0	      0	      0	      0	
  267	      0	   1282	   1550	   1822	   2097	   2373	   2643	   2915	   3191	   3468	   3742	   4016	   4292	   4572	   4852	   5132	   5412	   5691	   6008	   6329	   6609	   6890	   7170	   7446	   7727	   8011	   8288	   8566	   8841	   9107	   9351	      0	      0	      0	      0	      0	      0	      0	      0	
  268	      0	   1282	   1550	   1822	   2097	   2373	   2643	   2915	   3191	   3468	   3742	   4016	   4292	   4572	   4852	   5132	   5412	   5691	   6008	   6329	   6609	   6890	   7170	   7446	   7727	   8011	   8288	   8566	   8841	   9106	   9350	      0	      0	      0	      0	      0	      0	      0	      0	
  269	      0	   1282	   1550	   1822	   2097	   2373	   2643	   2915	   3191	   3468	   3742	   4016	   4292	   4573	   4852	   5132	   5412	   5691	   6008	   6329	   6609	   6890	   7170	   7446	   7727	   8011	   8289	   8566	   8841	   9106	   9350	      0	      0	      0	      0	      0	      0	      0	      0	
  270	      0	   1282	   1550	   1823	   2097	   2373	   2643	   2915	   3191	   3468	   3742	   4016	   4292	   4573	   4852	   5132	   5412	   5691	   6008	   6329	   6608	   6889	   7169	   7446	   7727	   8011	   8289	   8566	   8841	   9106	   9350	      0	      0	      0	      0	      0	      0	      0	      0	
  271	      0	   1282	   1551	   1823	   2098	   2373	   2643	   2915	   3191	   3467	   3742	   4016	   4292	   4573	   4852	   5132	   5412	   5691	   6008	   6329	   6609	   6890	   7169	   7446	   7727	   8011	   8289	   8566	   8841	   9106	   9349	      0	      0	      0	      0	      0	      0	      0	      0	
  272	      0	   1282	   1551	   1823	   2098	   2373	   2643	   2915	   3191	   3467	   3742	   4016	   4292	   4573	   4852	   5132	   5412	   5691	   6008	   6329	   6609	   6890	   7169	   7446	   7727	   8012	   8289	   8566	   8841	   9106	   9350	      0	      0	      0	      0	      0	      0	      0	      0	
  273	      0	   1282	   1551	   1823	   2098	   2373	   2643	   2915	   3191	   3467	   3742	   4016	   4292	   4573	   4852	   5131	   5412	   5691	   6008	   6329	   6609	   6890	   7169	   7446	   7727	   8012	   8289	   8565	   8841	   9106	   9349	      0	      0	      0	      0	      0	      0	      0	      0	
  274	      0	   1283	   1551	   1823	   2098	   2373	   2643	   2916	   3191	   3467	   3742	   4016	   4292	   4573	   4852	   5131	   5412	   5691	   6008	   6329	   6609	   6890	   7169	   7445	   7727	   8012	   8289	   8566	   8841	   9107	   9349	      0	      0	      0	      0	      0	      0	      0	      0	
  275	      0	   1283	   1551	   1823	   2098	   2373	   2643	   2916	   3191	   3467	   3742	   4016	   4292	   4573	   4853	   5131	   5412	   5692	   6008	   6329	   6609	   6890	   7169	   7445	   7727	   8012	   8289	   8565	   8841	   9107	   9349	      0	      0	      0	      0	      0	      0	      0	      0	
  276	      0	   1283	   1551	   1823	   2098	   2373	   2643	   2916	   3191	   3467	   3741	   4016	   4292	   4574	   4853	   5131	   5412	   5692	   6009	   6329	   6609	   6890	   7169	   7445	   7728	   8012	   8289	   8565	   8841	   9107	   9350	      0	      0	      0	      0	      0	      0	      0	      0	
  277	      0	   1283	   1551	   1822	   2098	   2373	   2643	   2916	   3191	   3466	   3741	   4016	   4292	   4574	   4853	   5131	   5411	   5691	   6009	   6329	   6609	   6890	   7169	   7445	   7728	   8013	   8289	   8565	   8841	   9107	   9350	      0	      0	      0	      0	      0	      0	      0	      0	
  278	      0	   1283	   1551	   1822	   2098	   2373	   2643	   2916	   3191	   3466	   3740	   4016	   4292	   4574	   4853	   5131	   5411	   5691	   6009	   6329	   6609	   6890	   7169	   7446	   7729	   8013	   8289	   8566	   8841	   9107	   9351	      0	      0	      0	      0	      0	      0	      0	      0	
  279	      0	   1283	   1550	   1822	   2097	   2373	   2644	   2916	   3191	   3466	   3740	   4016	   4293	   4574	   4853	   5130	   5411	   5692	   6009	   6329	   6609	   6891	   7170	   7446	   7729	   8013	   8289	   8566	   8841	   9107	   9352	      0	      0	      0	      0	      0	      0	      0	      0	
  280	      0	   1283	   1550	   1821	   2097	   2373	   2643	   2916	   3191	   3465	   3740	   4016	   4293	   4574	   4854	   5131	   5410	   5692	   6009	   6330	   6609	   6891	   7170	   7446	   7729	   8014	   8289	   8567	   8841	   9108	   9354	      0	      0	      0	      0	      0	      0	      0	      0	
  281	      0	   1283	   1550	   1821	   2097	   2373	   2643	   2916	   3191	   3465	   3740	   4016	   4293	   4574	   4854	   5130	   5410	   5692	   6009	   6330	   6609	   6892	   7170	   7446	   7730	   8014	   8289	   8567	   8841	   9108	   9355	      0	      0	      0	      0	      0	      0	      0	      0	
  282	      0	   1283	   1550	   1821	   2097	   2373	   2643	   2916	   3191	   3465	   3739	   4016	   4293	   4574	   4854	   5130	   5410	   5692	   6009	   6330	   6609	   6892	   7171	   7446	   7730	   8014	   8289	   8567	   8841	   9108	   9357	      0	      0	      0	      0	      0	      0	      0	      0	
  283	      0	   1283	   1550	   1821	   2097	   2373	   2643	   2916	   3191	   3465	   3739	   4016	   4293	   4574	   4854	   5130	   5410	   5692	   6009	   6330	   6609	   6892	   7171	   7446	   7730	   8014	   8289	   8567	   8841	   9109	   9359	      0	      0	      0	      0	      0	      0	      0	      0	
  284	      0	   1283	   1550	   1821	   2097	   2373	   2643	   2916	   3191	   3465	   3739	   4016	   4293	   4574	   4854	   5130	   5410	   5692	   6010	   6330	   6609	   6892	   7171	   7446	   7730	   8014	   8289	   8567	   8841	   9109	   9361	      0	      0	      0	      0	      0	      0	      0	      0	
  285	      0	   1283	   1550	   1821	   2097	   2373	   2643	   2916	   3191	   3465	   3740	   4017	   4293	   4573	   4854	   5130	   5410	   5693	   6010	   6329	   6609	   6892	   7171	   7447	   7730	   8014	   8289	   8567	   8841	   9110	   9364	      0	      0	      0	      0	      0	      0	      0	      0	
  286	      0	   1283	   1550	   1821	   2097	   2373	   2643	   2916	   3191	   3465	   3740	   4017	   4293	   4573	   4854	   5130	   5410	   5693	   6010	   6329	   6609	   6892	   7171	   7447	   7730	   8014	   8289	   8567	   8841	   9111	   9366	      0	      0	      0	      0	      0	      0	      0	      0	
  287	      0	   1283	   1550	   1821	   2097	   2373	   2643	   2916	   3190	   3465	   3740	   4017	   4292	   4573	   4854	   5130	   5410	   5693	   6010	   6329	   6609	   6892	   7171	   7447	   7730	   8014	   8289	   8567	   8841	   9112	   9369	      0	      0	      0	      0	      0	      0	      0	      0	
  288	      0	   1283	   1550	   1821	   2097	   2373	   2643	   2916	   3190	   3465	   3740	   4017	   4292	   4573	   4854	   5130	   5410	   5693	   6010	   6329	   6609	   6892	   7171	   7447	   7730	   8014	   8289	   8567	   8841	   9112	   9372	      0	      0	      0	      0	      0	      0	      0	      0	
  289	      0	   1283	   1550	   1821	   2097	   2373	   2643	   2916	   3191	   3465	   3740	   4017	   4292	   4573	   4854	   5130	   5410	   5693	   6010	   6329	   6609	   6892	   7171	   7447	   7730	   8014	   8289	   8567	   8841	   9113	   9374	      0	      0	      0	      0	      0	      0	      0	      0	
  290	      0	   1283	   1550	   1821	   2097	   2373	   2643	   2916	   3191	   3466	   3740	   4017	   4292	   4573	   4854	   5130	   5410	   5693	   6009	   6329	   6609	   6892	   7171	   7447	   7730	   8013	   8289	   8567	   8841	   9114	   9376	   9633	      0	      0	      0	      0	      0	      0	      0	
  291	      0	   1283	   1550	   1821	   2097	   2373	   2643	   2916	   3191	   3466	   3740	   4017	   4292	   4573	   4854	   5130	   5410	   5693	   6009	   6329	   6609	   6892	   7171	   7447	   7730	   8013	   8288	   8567	   8841	   9114	   9377	   9635	      0	      0	      0	      0	      0	      0	      0	
  292	      0	   1283	   1550	   1821	   2097	   2373	   2643	   2916	   3191	   3466	   3740	   4017	   4292	   4573	   4854	   5130	   5410	   5693	   6009	   6328	   6609	   6892	   7171	   7447	   7730	   8013	   8288	   8567	   8841	   9114	   9379	   9636	      0	      0	      0	      0	      0	      0	      0	
  293	      0	   1283	   1550	   1821	   2097	   2373	   2643	   2915	   3191	   3466	   3741	   4017	   4292	   4572	   4854	   5130	   5410	   5693	   6009	   6328	   6609	   6892	   7171	   7447	   7730	   8013	   8288	   8567	   8841	   9113	   9381	   9638	      0	      0	      0	      0	      0	      0	      0	
  294	      0	   1283	   1551	   1822	   2097	   2373	   2643	   2915	   3191	   3466	   3741	   4017	   4292	   4572	   4853	   5130	   5410	   5693	   6009	   6328	   6609	   6892	   7170	   7447	   7730	   8013	   8288	   8567	   8840	   9113	   9382	   9640	      0	      0	      0	      0	      0	      0	      0	
  295	      0	   1283	   1551	   1822	   2097	   2373	   2643	   2915	   3191	   3467	   3741	   4016	   4292	   4572	   4853	   5130	   5410	   5693	   6009	   6328	   6609	   6892	   7170	   7447	   7730	   8012	   8288	   8567	   8840	   9113	   9383	   9641	      0	      0	      0	      0	      0	      0	      0	
  296	      0	   1283	   1551	   1822	   2097	   2373	   2643	   2915	   3191	   3467	   3741	   4016	   4292	   4572	   4853	   5130	   5410	   5693	   6009	   6328	   6609	   6892	   7171	   7447	   7729	   8012	   8288	   8567	   8840	   9113	   9382	   9641	      0	      0	      0	      0	      0	      0	      0	
  297	      0	   1283	   1551	   1822	   2097	   2373	   2643	   2915	   3191	   3467	   3741	   4016	   4292	   4572	   4853	   5130	   5410	   5693	   6008	   6328	   6609	   6892	   7171	   7447	   7729	   8012	   8287	   8566	   8840	   9113	   9383	   9642	      0	      0	      0	      0	      0	      0	      0	
  298	      0	   1283	   1551	   1822	   2097	   2373	   2643	   2915	   3191	   3467	   3741	   4016	   4292	   4572	   4853	   5130	   5410	   5692	   6008	   6328	   6609	   6892	   7171	   7447	   7729	   8012	   8287	   8566	   8840	   9113	   9383	   9642	      0	      0	      0	      0	      0	      0	      0	
  299	      0	   1283	   1551	   1822	   2098	   2373	   2643	   2915	   3191	   3468	   3741	   4016	   4292	   4572	   4853	   5130	   5410	   5692	   6008	   6328	   6609	   6892	   7171	   7446	   7729	   8012	   8287	   8566	   8840	   9113	   9383	   9642	      0	      0	      0	      0	      0	      0	      0	
  300	      0	   1283	   1551	   1822	   2098	   2373	   2643	   2915	   3191	   3468	   3742	   4016	   4292	   4572	   4853	   5130	   5410	   5692	   6008	   6329	   6609	   6892	   7170	   7446	   7729	   8011	   8287	   8565	   8840	   9113	   9383	   9642	      0	      0	      0	      0	      0	      0	      0	
  301	      0	   1283	   1551	   1823	   2098	   2373	   2643	   2914	   3191	   3468	   3742	   4016	   4292	   4572	   4853	   5130	   5410	   5692	   6008	   6329	   6609	   6891	   7170	   7446	   7729	   8011	   8287	   8565	   8840	   9113	   9383	   9643	      0	      0	      0	      0	      0	      0	      0	
  302	      0	   1283	   1551	   1823	   2098	   2373	   2643	   2914	   3191	   3468	   3742	   4016	   4292	   4572	   4852	   5130	   5410	   5692	   6008	   6328	   6609	   6891	   7170	   7446	   7729	   8011	   8286	   8565	   8840	   9113	   9383	   9643	      0	      0	      0	      0	      0	      0	      0	
  303	      0	   1283	   1551	   1822	   2098	   2373	   2643	   2914	   3190	   3468	   3742	   4016	   4292	   4572	   4852	   5130	   5410	   5692	   6008	   6328	   6609	   6891	   7170	   7446	   7728	   8011	   8286	   8565	   8840	   9113	   9383	   9643	      0	      0	      0	      0	      0	      0	      0	
  304	      0	   1283	   1551	   1822	   2098	   2373	   2643	   2914	   3190	   3468	   3742	   4016	   4292	   4572	   4852	   5130	   5410	   5692	   6008	   6329	   6609	   6891	   7170	   7445	   7728	   8011	   8286	   8565	   8840	   9113	   9383	   9643	      0	      0	      0	      0	      0	      0	      0	
  305	      0	   1283	   1551	   1822	   2098	   2373	   2643	   2914	   3190	   3468	   3742	   4016	   4291	   4572	   4852	   5129	   5410	   5692	   6008	   6329	   6609	   6891	   7170	   7445	   7728	   8010	   8286	   8565	   8840	   9113	   9383	   9643	      0	      0	      0	      0	      0	      0	      0	
  306	      0	   1283	   1551	   1822	   2097	   2373	   2643	   2914	   3190	   3468	   3742	   4016	   4291	   4572	   4852	   5129	   5410	   5692	   6008	   6329	   6609	   6891	   7170	   7445	   7728	   8010	   8286	   8565	   8840	   9113	   9383	   9643	      0	      0	      0	      0	      0	      0	      0	
  307	      0	   1283	   1551	   1821	   2097	   2373	   2643	   2914	   3190	   3468	   3742	   4015	   4291	   4572	   4852	   5129	   5410	   5692	   6008	   6329	   6609	   6891	   7170	   7445	   7728	   8011	   8286	   8565	   8840	   9113	   9383	   9643	      0	      0	      0	      0	      0	      0	      0	
  308	      0	   1284	   1551	   1821	   2097	   2373	   2643	   2914	   3190	   3468	   3742	   4015	   4291	   4572	   4852	   5129	   5410	   5692	   6009	   6329	   6609	   6891	   7170	   7445	   7728	   8011	   8286	   8565	   8840	   9113	   9383	   9644	      0	      0	      0	      0	      0	      0	      0	
  309	      0	   1284	   1551	   1821	   2097	   2373	   2643	   2913	   3189	   3468	   3742	   4015	   4290	   4572	   4852	   5129	   5410	   5692	   6009	   6329	   6609	   6891	   7170	   7445	   7728	   8011	   8286	   8565	   8839	   9113	   9383	   9644	      0	      0	      0	      0	      0	      0	      0	
  310	      0	   1284	   1551	   1821	   2097	   2373	   2643	   2913	   3189	   3468	   3742	   4015	   4290	   4572	   4851	   5129	   5410	   5692	   6009	   6329	   6610	   6891	   7169	   7445	   7727	   8011	   8286	   8565	   8839	   9113	   9383	   9644	      0	      0	      0	      0	      0	      0	      0	
  311	      0	   1284	   1551	   1821	   2097	   2374	   2643	   2913	   3189	   3468	   3742	   4015	   4290	   4572	   4852	   5129	   5410	   5693	   6009	   6329	   6610	   6891	   7169	   7445	   7727	   8011	   8286	   8564	   8839	   9113	   9383	   9644	      0	      0	      0	      0	      0	      0	      0	
  312	      0	   1284	   1551	   1820	   2097	   2374	   2643	   2913	   3189	   3468	   3742	   4015	   4290	   4572	   4852	   5129	   5410	   5693	   6009	   6329	   6610	   6891	   7170	   7445	   7727	   8011	   8286	   8564	   8839	   9113	   9384	   9645	   9887	      0	      0	      0	      0	      0	      0	
  313	      0	   1284	   1551	   1820	   2097	   2374	   2643	   2913	   3189	   3467	   3742	   4015	   4290	   4572	   4852	   5129	   5410	   5693	   6010	   6330	   6610	   6892	   7170	   7445	   7727	   8011	   8286	   8564	   8839	   9113	   9384	   9645	   9893	  10150	      0	      0	      0	      0	      0	
  314	      0	   1284	   1551	   1820	   2097	   2374	   2643	   2914	   3189	   3467	   3742	   4015	   4290	   4572	   4852	   5129	   5411	   5693	   6010	   6330	   6611	   6892	   7170	   7445	   7727	   8011	   8287	   8564	   8839	   9113	   9384	   9645	   9894	  10153	      0	      0	      0	      0	      0	
  315	      0	   1284	   1551	   1820	   2097	   2374	   2644	   2914	   3188	   3467	   3742	   4015	   4290	   4572	   4852	   5129	   5411	   5693	   6010	   6330	   6611	   6892	   7170	   7445	   7727	   8011	   8287	   8564	   8839	   9113	   9384	   9645	   9895	  10154	      0	      0	      0	      0	      0	
  316	      0	   1284	   1551	   1820	   2097	   2374	   2644	   2914	   3189	   3467	   3742	   4014	   4290	   4572	   4852	   5129	   5411	   5693	   6010	   6331	   6611	   6892	   7170	   7445	   7727	   8011	   8287	   8565	   8839	   9113	   9384	   9646	   9896	  10156	      0	      0	      0	      0	      0	
  317	      0	   1284	   1551	   1820	   2097	   2374	   2644	   2914	   3189	   3467	   3742	   4015	   4290	   4572	   4852	   5129	   5411	   5693	   6010	   6331	   6612	   6893	   7170	   7445	   7727	   8011	   8287	   8565	   8839	   9113	   9384	   9646	   9898	  10157	      0	      0	      0	      0	      0	
  318	      0	   1285	   1551	   1821	   2097	   2374	   2644	   2915	   3189	   3467	   3742	   4015	   4290	   4572	   4852	   5129	   5411	   5693	   6010	   6331	   6612	   6893	   7171	   7445	   7727	   8011	   8287	   8565	   8839	   9113	   9384	   9647	   9901	  10159	      0	      0	      0	      0	      0	
  319	      0	   1285	   1552	   1821	   2097	   2374	   2644	   2915	   3189	   3467	   3742	   4015	   4290	   4572	   4852	   5130	   5411	   5693	   6010	   6331	   6613	   6893	   7171	   7446	   7727	   8011	   8287	   8565	   8839	   9113	   9383	   9647	   9902	  10161	  10404	      0	      0	      0	      0	
  320	      0	   1285	   1552	   1821	   2097	   2374	   2644	   2915	   3190	   3467	   3742	   4015	   4290	   4572	   4853	   5130	   5411	   5693	   6010	   6332	   6613	   6894	   7171	   7446	   7728	   8011	   8287	   8565	   8840	   9112	   9383	   9647	   9904	  10162	  10404	      0	      0	      0	      0	
  321	      0	   1285	   1552	   1821	   2097	   2374	   2645	   2916	   3190	   3467	   3742	   4015	   4290	   4572	   4853	   5130	   5411	   5693	   6010	   6332	   6613	   6894	   7172	   7446	   7728	   8011	   8287	   8565	   8840	   9112	   9383	   9648	   9905	  10163	  10405	  10638	      0	      0	      0	
  322	      0	   1285	   1552	   1821	   2097	   2374	   2645	   2916	   3191	   3467	   3742	   4016	   4290	   4572	   4853	   5130	   5411	   5694	   6010	   6332	   6614	   6894	   7172	   7446	   7728	   8011	   8287	   8565	   8840	   9113	   9383	   9648	   9906	  10164	  10405	  10638	      0	      0	      0	
  323	      0	   1285	   1552	   1822	   2097	   2374	   2645	   2917	   3191	   3468	   3742	   4016	   4291	   4572	   4853	   5131	   5412	   5694	   6010	   6332	   6614	   6895	   7173	   7447	   7728	   8012	   8287	   8565	   8840	   9112	   9383	   9648	   9907	  10165	  10406	  10639	      0	      0	      0	
  324	      0	   1285	   1553	   1822	   2097	   2374	   2645	   2917	   3192	   3468	   3743	   4017	   4291	   4573	   4853	   5131	   5412	   5694	   6010	   6333	   6614	   6895	   7174	   7448	   7728	   8012	   8288	   8566	   8840	   9113	   9383	   9649	   9908	  10166	  10406	  10640	      0	      0	      0	
  325	      0	   1285	   1553	   1822	   2097	   2375	   2646	   2917	   3192	   3468	   3743	   4017	   4292	   4573	   4854	   5131	   5412	   5694	   6011	   6333	   6614	   6895	   7174	   7448	   7729	   8012	   8288	   8566	   8841	   9113	   9383	   9649	   9909	  10167	  10407	  10641	      0	      0	      0	
  326	      0	   1286	   1553	   1823	   2098	   2375	   2646	   2918	   3193	   3469	   3743	   4018	   4292	   4573	   4854	   5131	   5413	   5694	   6011	   6333	   6614	   6896	   7175	   7449	   7729	   8012	   8288	   8566	   8841	   9113	   9383	   9649	   9910	  10168	  10407	  10642	      0	      0	      0	
  327	      0	   1286	   1553	   1823	   2098	   2375	   2646	   2918	   3193	   3469	   3743	   4018	   4293	   4573	   4854	   5132	   5413	   5695	   6011	   6333	   6614	   6896	   7175	   7449	   7729	   8012	   8288	   8567	   8841	   9113	   9382	   9649	   9911	  10169	  10408	  10643	  10873	  11085	      0	
  328	      0	   1286	   1553	   1823	   2098	   2375	   2646	   2918	   3194	   3470	   3744	   4019	   4293	   4573	   4854	   5132	   5413	   5695	   6011	   6334	   6615	   6896	   7176	   7450	   7730	   8012	   8289	   8567	   8842	   9113	   9382	   9649	   9911	  10169	  10408	  10644	  10874	  11085	      0	
  329	      0	   1286	   1553	   1823	   2098	   2375	   2646	   2919	   3194	   3470	   3744	   4019	   4293	   4573	   4854	   5132	   5413	   5695	   6012	   6334	   6615	   6897	   7176	   7450	   7730	   8013	   8289	   8567	   8842	   9114	   9382	   9649	   9911	  10170	  10409	  10646	  10874	  11086	      0	
  330	      0	   1286	   1553	   1823	   2098	   2375	   2646	   2919	   3195	   3470	   3744	   4019	   4293	   4573	   4855	   5132	   5414	   5695	   6012	   6334	   6615	   6897	   7176	   7450	   7730	   8013	   8289	   8568	   8842	   9113	   9382	   9650	   9911	  10170	  10409	  10647	  10875	  11087	      0	
  331	      0	   1286	   1553	   1823	   2098	   2375	   2646	   2919	   3195	   3471	   3744	   4019	   4293	   4573	   4855	   5133	   5414	   5696	   6012	   6334	   6615	   6897	   7177	   7451	   7730	   8013	   8290	   8568	   8843	   9114	   9383	   9650	   9911	  10170	  10410	  10648	  10876	  11087	      0	
  332	      0	   1286	   1554	   1823	   2099	   2375	   2647	   2919	   3195	   3471	   3745	   4020	   4294	   4574	   4856	   5133	   5414	   5696	   6013	   6335	   6615	   6897	   7177	   7451	   7731	   8013	   8290	   8568	   8843	   9114	   9383	   9650	   9911	  10170	  10411	  10649	  10877	  11088	      0	
  333	      0	   1286	   1554	   1824	   2099	   2375	   2647	   2920	   3196	   3472	   3745	   4020	   4294	   4574	   4856	   5133	   5414	   5696	   6013	   6335	   6615	   6897	   7178	   7451	   7731	   8014	   8290	   8569	   8843	   9114	   9383	   9650	   9911	  10170	  10412	  10650	  10878	  11089	      0	
  334	      0	   1286	   1554	   1824	   2099	   2375	   2647	   2920	   3196	   3472	   3745	   4020	   4294	   4574	   4857	   5134	   5415	   5696	   6013	   6335	   6615	   6898	   7178	   7452	   7732	   8014	   8290	   8569	   8844	   9114	   9383	   9650	   9911	  10170	  10412	  10650	  10878	  11089	      0	
  335	      0	   1286	   1554	   1824	   2099	   2375	   2647	   2920	   3196	   3472	   3745	   4020	   4294	   4575	   4857	   5134	   5415	   5697	   6014	   6336	   6616	   6898	   7178	   7452	   7732	   8014	   8291	   8569	   8844	   9115	   9384	   9650	   9911	  10170	  10413	  10651	  10879	  11090	      0	
  336	      0	   1286	   1554	   1824	   2099	   2376	   2647	   2920	   3197	   3473	   3746	   4020	   4295	   4575	   4857	   5135	   5415	   5697	   6014	   6336	   6616	   6898	   7178	   7452	   7732	   8015	   8291	   8570	   8844	   9115	   9384	   9650	   9911	  10171	  10413	  10651	  10879	  11091	      0	
  337	      0	   1286	   1554	   1824	   2099	   2376	   2648	   2920	   3197	   3473	   3746	   4020	   4295	   4575	   4857	   5135	   5416	   5697	   6015	   6337	   6616	   6899	   7179	   7452	   7732	   8015	   8291	   8570	   8845	   9115	   9384	   9650	   9911	  10171	  10414	  10652	  10879	  11091	      0	
  338	      0	   1286	   1554	   1824	   2100	   2376	   2648	   2921	   3197	   3473	   3746	   4020	   4295	   4576	   4858	   5135	   5416	   5697	   6015	   6337	   6616	   6899	   7179	   7453	   7733	   8015	   8292	   8570	   8845	   9116	   9384	   9651	   9911	  10171	  10415	  10652	  10879	  11092	      0	
  339	      0	   1286	   1554	   1825	   2100	   2376	   2648	   2921	   3197	   3474	   3746	   4021	   4295	   4576	   4858	   5136	   5416	   5697	   6015	   6337	   6617	   6899	   7179	   7453	   7733	   8015	   8292	   8571	   8845	   9116	   9385	   9651	   9911	  10171	  10415	  10652	  10879	  11092	      0	
  340	      0	   1286	   1554	   1825	   2100	   2377	   2649	   2921	   3197	   3474	   3746	   4021	   4295	   4577	   4858	   5136	   5416	   5697	   6015	   6338	   6617	   6899	   7179	   7453	   7733	   8016	   8293	   8571	   8845	   9116	   9385	   9651	   9911	  10171	  10415	  10653	  10880	  11093	      0	
  341	      0	   1286	   1554	   1825	   2101	   2377	   2649	   2921	   3197	   3474	   3746	   4021	   4296	   4577	   4859	   5136	   5416	   5697	   6015	   6338	   6617	   6899	   7179	   7453	   7733	   8016	   8293	   8572	   8845	   9116	   9385	   9652	   9912	  10171	  10416	  10653	  10880	  11094	      0	
  342	      0	   1286	   1554	   1826	   2101	   2377	   2649	   2921	   3197	   3474	   3746	   4021	   4296	   4577	   4859	   5137	   5416	   5696	   6015	   6338	   6617	   6899	   7179	   7453	   7734	   8016	   8293	   8572	   8846	   9116	   9386	   9652	   9912	  10171	  10416	  10653	  10880	  11095	      0	
  343	      0	   1286	   1554	   1826	   2101	   2377	   2649	   2921	   3197	   3474	   3747	   4021	   4297	   4578	   4859	   5137	   5417	   5696	   6015	   6338	   6618	   6900	   7179	   7453	   7734	   8017	   8294	   8572	   8846	   9117	   9386	   9652	   9912	  10171	  10416	  10653	  10880	  11095	      0	
  344	      0	   1286	   1555	   1826	   2102	   2378	   2650	   2922	   3197	   3474	   3747	   4022	   4297	   4578	   4859	   5137	   5417	   5696	   6016	   6338	   6618	   6900	   7179	   7453	   7734	   8017	   8294	   8572	   8846	   9117	   9386	   9652	   9912	  10171	  10417	  10653	  10880	  11096	      0	
  345	      0	   1286	   1555	   1827	   2102	   2378	   2650	   2922	   3197	   3474	   3748	   4022	   4297	   4578	   4859	   5138	   5417	   5697	   6016	   6339	   6618	   6900	   7179	   7453	   7734	   8017	   8294	   8572	   8846	   9117	   9386	   9653	   9913	  10172	  10417	  10653	  10880	  11096	      0	
  346	      0	   1286	   1555	   1827	   2102	   2378	   2650	   2922	   3197	   3474	   3748	   4022	   4298	   4579	   4860	   5138	   5417	   5697	   6016	   6338	   6618	   6900	   7179	   7453	   7734	   8017	   8294	   8573	   8846	   9118	   9387	   9653	   9913	  10172	  10417	  10653	  10880	  11096	      0	
  347	      0	   1286	   1555	   1827	   2102	   2378	   2650	   2922	   3197	   3474	   3749	   4023	   4298	   4580	   4860	   5138	   5417	   5697	   6016	   6338	   6618	   6900	   7179	   7454	   7735	   8018	   8294	   8573	   8846	   9118	   9387	   9653	   9914	  10172	  10417	  10653	  10880	  11096	      0	
  348	      0	   1286	   1555	   1827	   2103	   2379	   2650	   2922	   3197	   3474	   3750	   4023	   4299	   4580	   4860	   5138	   5418	   5697	   6016	   6338	   6618	   6900	   7179	   7454	   7735	   8018	   8294	   8573	   8846	   9118	   9387	   9654	   9914	  10172	  10417	  10653	  10880	  11096	      0	
  349	      0	   1286	   1555	   1827	   2103	   2379	   2650	   2922	   3197	   3475	   3751	   4024	   4299	   4581	   4860	   5138	   5418	   5697	   6016	   6338	   6618	   6900	   7179	   7454	   7735	   8018	   8295	   8573	   8847	   9118	   9388	   9654	   9914	  10172	  10417	  10653	  10880	  11096	      0	
  350	      0	   1286	   1554	   1827	   2103	   2379	   2650	   2922	   3197	   3476	   3752	   4024	   4300	   4581	   4860	   5138	   5418	   5698	   6016	   6338	   6619	   6900	   7179	   7454	   7735	   8019	   8295	   8573	   8847	   9119	   9388	   9654	   9915	  10172	  10417	  10654	  10880	  11096	      0	
  351	      0	   1286	   1554	   1827	   2103	   2379	   2650	   2922	   3197	   3477	   3753	   4025	   4300	   4582	   4860	   5138	   5418	   5698	   6016	   6338	   6619	   6900	   7179	   7454	   7736	   8019	   8296	   8573	   8847	   9119	   9388	   9654	   9915	  10172	  10417	  10654	  10880	  11096	      0	
  352	      0	   1286	   1554	   1827	   2103	   2379	   2650	   2922	   3197	   3477	   3755	   4025	   4301	   4582	   4860	   5138	   5418	   5698	   6016	   6338	   6619	   6900	   7179	   7455	   7736	   8020	   8296	   8573	   8847	   9119	   9388	   9655	   9916	  10172	  10417	  10654	  10880	  11096	      0	
  353	      0	   1286	   1554	   1827	   2103	   2379	   2650	   2922	   3197	   3478	   3756	   4026	   4301	   4583	   4861	   5138	   5418	   5698	   6016	   6338	   6619	   6900	   7179	   7455	   7736	   8020	   8296	   8574	   8847	   9120	   9388	   9655	   9916	  10172	  10417	  10654	  10880	  11096	      0	
  354	      0	   1286	   1554	   1828	   2103	   2379	   2650	   2922	   3197	   3478	   3757	   4027	   4301	   4583	   4861	   5138	   5418	   5699	   6016	   6338	   6619	   6900	   7180	   7455	   7736	   8021	   8297	   8574	   8847	   9120	   9388	   9655	   9916	  10172	  10417	  10654	  10880	  11096	      0	
  355	      0	   1286	   1554	   1827	   2103	   2379	   2650	   2921	   3197	   3478	   3758	   4027	   4301	   4584	   4861	   5138	   5418	   5699	   6016	   6338	   6619	   6900	   7180	   7455	   7737	   8021	   8297	   8574	   8848	   9120	   9388	   9655	   9917	  10173	  10417	  10654	  10880	  11096	      0	
  356	      0	   1286	   1554	   1828	   2103	   2379	   2650	   2921	   3197	   3479	   3759	   4028	   4302	   4584	   4861	   5138	   5418	   5699	   6017	   6338	   6619	   6900	   7180	   7455	   7737	   8021	   8297	   8574	   8848	   9120	   9388	   9656	   9917	  10173	  10418	  10655	  10880	  11096	      0	
  357	      0	   1286	   1554	   1828	   2103	   2379	   2650	   2921	   3197	   3479	   3759	   4028	   4302	   4584	   4861	   5138	   5419	   5700	   6017	   6338	   6619	   6900	   7180	   7455	   7737	   8022	   8298	   8574	   8848	   9120	   9389	   9656	   9917	  10173	  10418	  10655	  10880	  11097	      0	
  358	      0	   1286	   1554	   1828	   2103	   2379	   2650	   2921	   3197	   3479	   3760	   4029	   4302	   4584	   4861	   5138	   5419	   5700	   6017	   6338	   6619	   6900	   7180	   7455	   7737	   8022	   8298	   8575	   8848	   9120	   9389	   9656	   9917	  10174	  10418	  10655	  10880	  11097	      0	
  359	      0	   1286	   1554	   1828	   2103	   2379	   2650	   2921	   3197	   3479	   3760	   4029	   4302	   4584	   4861	   5138	   5419	   5700	   6017	   6338	   6619	   6900	   7180	   7455	   7738	   8022	   8298	   8575	   8849	   9120	   9389	   9657	   9918	  10174	  10419	  10655	  10880	  11097	      0	

--------------- Distance from top of Cornea ----------------- 
angle	Ring0	Ring1	Ring2	Ring3	Ring4	Ring5	Ring6	Ring7	Ring8	Ring9	Ring10	Ring11	Ring12	Ring13	Ring14	Ring15	Ring16	Ring17	Ring18	Ring19	Ring20	Ring21	Ring22	Ring23	Ring24	Ring25	Ring26	Ring27	Ring28	Ring29	Ring30	Ring31	Ring32	Ring33	Ring34	Ring35	Ring36	Ring37	Ring38	
    0	      0	   7531	   7499	   7460	   7414	   7362	   7304	   7239	   7166	   7085	   6996	   6903	   6802	   6690	   6571	   6444	   6307	   6159	   5982	   5789	   5609	   5417	   5215	   5003	   4772	   4524	   4268	   3994	   3705	   3398	   3072	   2724	   2355	   1963	   1553	   1118	    661	    167	      0	
    1	      0	   7531	   7499	   7460	   7414	   7362	   7304	   7239	   7166	   7084	   6996	   6903	   6802	   6690	   6571	   6444	   6307	   6159	   5982	   5789	   5609	   5417	   5215	   5003	   4772	   4524	   4268	   3994	   3705	   3398	   3072	   2723	   2355	   1962	   1552	   1118	    660	    167	      0	
    2	      0	   7531	   7499	   7460	   7414	   7362	   7304	   7239	   7166	   7084	   6996	   6903	   6802	   6690	   6571	   6444	   6307	   6159	   5982	   5789	   5609	   5417	   5214	   5003	   4772	   4524	   4268	   3994	   3705	   3398	   3072	   2723	   2354	   1962	   1552	   1117	    660	    166	      0	
    3	      0	   7531	   7499	   7460	   7414	   7362	   7304	   7239	   7166	   7084	   6996	   6903	   6802	   6690	   6571	   6444	   6307	   6159	   5982	   5789	   5609	   5417	   5214	   5002	   4772	   4524	   4267	   3994	   3705	   3398	   3072	   2723	   2354	   1962	   1551	   1116	    660	    166	      0	
    4	      0	   7531	   7499	   7460	   7414	   7362	   7304	   7239	   7166	   7084	   6996	   6904	   6802	   6690	   6571	   6444	   6307	   6160	   5982	   5789	   5609	   5417	   5214	   5002	   4772	   4524	   4267	   3993	   3704	   3397	   3072	   2722	   2354	   1961	   1550	   1115	    659	    164	      0	
    5	      0	   7531	   7499	   7460	   7414	   7362	   7304	   7239	   7166	   7085	   6996	   6904	   6802	   6690	   6571	   6444	   6307	   6159	   5982	   5789	   5609	   5417	   5214	   5002	   4771	   4524	   4267	   3993	   3704	   3397	   3071	   2722	   2354	   1961	   1549	   1115	    657	    163	      0	
    6	      0	   7531	   7499	   7460	   7414	   7362	   7304	   7239	   7166	   7085	   6996	   6904	   6802	   6690	   6571	   6444	   6306	   6159	   5982	   5789	   5609	   5417	   5214	   5001	   4771	   4523	   4267	   3993	   3704	   3397	   3071	   2722	   2353	   1960	   1548	   1114	    656	    161	      0	
    7	      0	   7531	   7499	   7460	   7414	   7362	   7304	   7239	   7166	   7085	   6997	   6904	   6803	   6691	   6572	   6444	   6306	   6159	   5982	   5789	   5609	   5417	   5213	   5001	   4771	   4523	   4267	   3992	   3703	   3397	   3070	   2722	   2353	   1959	   1548	   1113	    655	    160	      0	
    8	      0	   7531	   7499	   7460	   7415	   7362	   7304	   7239	   7166	   7085	   6997	   6904	   6803	   6691	   6572	   6444	   6306	   6159	   5982	   5788	   5609	   5417	   5213	   5001	   4771	   4523	   4266	   3992	   3704	   3396	   3070	   2721	   2352	   1958	   1547	   1112	    654	    159	      0	
    9	      0	   7531	   7499	   7460	   7414	   7362	   7304	   7239	   7166	   7085	   6998	   6904	   6803	   6691	   6572	   6444	   6306	   6159	   5981	   5788	   5609	   5417	   5213	   5001	   4770	   4523	   4266	   3993	   3704	   3396	   3069	   2721	   2352	   1958	   1546	   1111	    653	    158	      0	
   10	      0	   7531	   7499	   7460	   7415	   7362	   7304	   7239	   7166	   7086	   6998	   6904	   6803	   6691	   6572	   6444	   6306	   6159	   5981	   5788	   5609	   5417	   5213	   5001	   4770	   4523	   4266	   3993	   3703	   3396	   3069	   2721	   2352	   1957	   1546	   1110	    652	    156	      0	
   11	      0	   7531	   7499	   7460	   7415	   7362	   7304	   7239	   7166	   7086	   6998	   6904	   6803	   6691	   6572	   6444	   6306	   6159	   5981	   5788	   5609	   5417	   5213	   5000	   4770	   4523	   4266	   3993	   3703	   3396	   3069	   2720	   2351	   1956	   1546	   1110	    650	    155	      0	
   12	      0	   7531	   7499	   7460	   7415	   7362	   7304	   7239	   7166	   7086	   6998	   6904	   6803	   6692	   6572	   6444	   6306	   6159	   5981	   5788	   5608	   5416	   5213	   5000	   4770	   4523	   4266	   3992	   3703	   3396	   3068	   2720	   2351	   1955	   1545	   1109	    649	    153	      0	
   13	      0	   7531	   7499	   7460	   7415	   7362	   7304	   7239	   7166	   7086	   6999	   6905	   6803	   6692	   6572	   6444	   6306	   6159	   5981	   5788	   5608	   5416	   5213	   5000	   4769	   4522	   4266	   3992	   3702	   3395	   3068	   2720	   2350	   1955	   1545	   1108	    648	    152	      0	
   14	      0	   7531	   7499	   7460	   7415	   7362	   7304	   7239	   7166	   7086	   6999	   6905	   6803	   6692	   6572	   6444	   6306	   6159	   5981	   5788	   5608	   5416	   5213	   5000	   4769	   4522	   4266	   3992	   3702	   3395	   3068	   2720	   2350	   1954	   1544	   1107	    647	    151	      0	
   15	      0	   7531	   7499	   7460	   7415	   7362	   7304	   7239	   7166	   7086	   6999	   6905	   6803	   6692	   6572	   6444	   6306	   6159	   5981	   5788	   5608	   5416	   5212	   4999	   4769	   4522	   4266	   3992	   3702	   3394	   3067	   2720	   2350	   1954	   1543	   1106	    645	    151	      0	
   16	      0	   7531	   7499	   7460	   7415	   7362	   7304	   7239	   7166	   7086	   6999	   6905	   6803	   6692	   6572	   6444	   6306	   6158	   5981	   5787	   5608	   5416	   5212	   4999	   4769	   4522	   4266	   3992	   3701	   3394	   3067	   2719	   2350	   1954	   1543	   1105	    644	    150	      0	
   17	      0	   7531	   7499	   7460	   7415	   7362	   7304	   7239	   7166	   7086	   6999	   6905	   6803	   6692	   6572	   6444	   6306	   6159	   5980	   5787	   5608	   5416	   5212	   4999	   4768	   4522	   4266	   3991	   3701	   3394	   3066	   2719	   2349	   1953	   1543	   1104	    643	    149	      0	
   18	      0	   7531	   7499	   7460	   7415	   7362	   7304	   7239	   7166	   7086	   6999	   6905	   6803	   6692	   6572	   6444	   6306	   6158	   5980	   5787	   5608	   5416	   5212	   4999	   4768	   4522	   4266	   3991	   3701	   3393	   3066	   2719	   2349	   1952	   1543	   1104	    642	    148	      0	
   19	      0	   7531	   7499	   7460	   7415	   7362	   7304	   7239	   7166	   7086	   6999	   6905	   6803	   6692	   6572	   6444	   6306	   6158	   5980	   5787	   5608	   5416	   5212	   4999	   4768	   4522	   4266	   3991	   3700	   3393	   3065	   2719	   2348	   1952	   1543	   1102	    640	    148	      0	
   20	      0	   7531	   7499	   7460	   7415	   7362	   7304	   7239	   7166	   7086	   6999	   6905	   6803	   6692	   6572	   6444	   6306	   6158	   5980	   5787	   5608	   5416	   5212	   4999	   4768	   4522	   4266	   3990	   3700	   3393	   3065	   2718	   2348	   1951	   1543	   1102	    639	    148	      0	
   21	      0	   7531	   7499	   7460	   7415	   7362	   7304	   7239	   7166	   7086	   6999	   6905	   6803	   6692	   6572	   6444	   6306	   6158	   5980	   5787	   5607	   5415	   5212	   4999	   4768	   4521	   4266	   3990	   3700	   3392	   3065	   2718	   2347	   1950	   1543	   1102	    638	    148	      0	
   22	      0	   7531	   7499	   7460	   7415	   7362	   7304	   7239	   7166	   7086	   6999	   6905	   6803	   6692	   6572	   6444	   6306	   6158	   5980	   5787	   5607	   5415	   5212	   4999	   4768	   4521	   4265	   3990	   3699	   3392	   3064	   2717	   2347	   1949	   1543	   1101	    637	    149	      0	
   23	      0	   7531	   7499	   7460	   7415	   7363	   7304	   7239	   7166	   7086	   6999	   6905	   6803	   6692	   6572	   6445	   6306	   6158	   5980	   5787	   5607	   5415	   5212	   4999	   4768	   4521	   4265	   3989	   3699	   3391	   3063	   2717	   2347	   1949	   1543	   1100	    636	    150	      0	
   24	      0	   7531	   7499	   7460	   7415	   7363	   7304	   7239	   7166	   7086	   6999	   6905	   6803	   6692	   6572	   6445	   6307	   6158	   5980	   5787	   5607	   5415	   5212	   4999	   4768	   4521	   4265	   3989	   3698	   3391	   3063	   2716	   2346	   1948	   1542	   1100	    635	    150	      0	
   25	      0	   7531	   7499	   7460	   7415	   7363	   7304	   7239	   7166	   7086	   6999	   6905	   6803	   6692	   6572	   6445	   6307	   6158	   5980	   5786	   5607	   5415	   5212	   4999	   4767	   4521	   4265	   3988	   3698	   3390	   3062	   2716	   2346	   1947	   1542	   1100	    635	    152	      0	
   26	      0	   7531	   7499	   7460	   7415	   7363	   7304	   7239	   7166	   7086	   6999	   6906	   6803	   6692	   6572	   6445	   6307	   6158	   5980	   5786	   5607	   5415	   5211	   4999	   4768	   4520	   4264	   3988	   3697	   3390	   3062	   2715	   2345	   1946	   1542	   1099	    635	    153	      0	
   27	      0	   7531	   7499	   7461	   7415	   7363	   7304	   7239	   7167	   7086	   7000	   6906	   6803	   6692	   6572	   6445	   6307	   6158	   5980	   5786	   5607	   5415	   5212	   4999	   4768	   4520	   4264	   3987	   3697	   3390	   3061	   2715	   2345	   1945	   1541	   1100	    636	    154	      0	
   28	      0	   7531	   7499	   7461	   7415	   7363	   7305	   7239	   7167	   7086	   7000	   6906	   6804	   6692	   6572	   6445	   6307	   6158	   5980	   5786	   5606	   5415	   5212	   4999	   4768	   4520	   4264	   3987	   3696	   3389	   3061	   2715	   2344	   1945	   1541	   1100	    636	    156	      0	
   29	      0	   7531	   7499	   7461	   7415	   7363	   7305	   7240	   7167	   7086	   7000	   6906	   6804	   6691	   6572	   6445	   6307	   6158	   5980	   5786	   5606	   5415	   5212	   4999	   4768	   4520	   4263	   3986	   3695	   3388	   3060	   2715	   2344	   1943	   1540	   1100	    637	    157	      0	
   30	      0	   7531	   7499	   7461	   7415	   7363	   7305	   7240	   7167	   7086	   7000	   6906	   6804	   6691	   6572	   6445	   6307	   6159	   5981	   5786	   5606	   5414	   5211	   4999	   4767	   4520	   4263	   3986	   3695	   3388	   3059	   2714	   2344	   1943	   1539	   1100	    638	    159	      0	
   31	      0	   7531	   7499	   7461	   7415	   7363	   7305	   7240	   7167	   7086	   7000	   6906	   6804	   6691	   6572	   6445	   6307	   6159	   5981	   5786	   5606	   5414	   5211	   4999	   4767	   4519	   4263	   3985	   3695	   3387	   3058	   2714	   2343	   1942	   1539	   1100	    640	    160	      0	
   32	      0	   7531	   7499	   7461	   7415	   7363	   7305	   7240	   7167	   7086	   7000	   6906	   6804	   6691	   6572	   6445	   6307	   6159	   5981	   5786	   5606	   5414	   5211	   4999	   4767	   4519	   4262	   3985	   3694	   3386	   3058	   2713	   2343	   1942	   1539	   1101	    631	    148	      0	
   33	      0	   7531	   7499	   7461	   7415	   7363	   7305	   7240	   7167	   7086	   7000	   6906	   6804	   6691	   6572	   6445	   6307	   6159	   5981	   5786	   5606	   5414	   5211	   4999	   4767	   4519	   4262	   3985	   3694	   3386	   3057	   2712	   2343	   1941	   1539	   1101	      0	      0	      0	
   34	      0	   7531	   7499	   7461	   7415	   7363	   7305	   7240	   7167	   7086	   7000	   6907	   6804	   6691	   6572	   6445	   6307	   6159	   5981	   5786	   5606	   5414	   5211	   4999	   4767	   4518	   4262	   3985	   3694	   3386	   3057	   2712	   2342	   1940	   1538	   1102	      0	      0	      0	
   35	      0	   7531	   7499	   7461	   7415	   7363	   7305	   7240	   7167	   7087	   7000	   6907	   6804	   6691	   6572	   6445	   6307	   6159	   5981	   5786	   5606	   5414	   5211	   4999	   4767	   4518	   4261	   3985	   3694	   3385	   3057	   2711	   2342	   1940	   1538	   1103	      0	      0	      0	
   36	      0	   7531	   7499	   7461	   7416	   7363	   7305	   7240	   7168	   7087	   7000	   6907	   6804	   6691	   6572	   6445	   6307	   6159	   5981	   5786	   5606	   5414	   5211	   4999	   4767	   4518	   4261	   3985	   3693	   3385	   3056	   2711	   2341	   1939	   1538	   1104	      0	      0	      0	
   37	      0	   7531	   7499	   7461	   7416	   7363	   7305	   7240	   7168	   7087	   7000	   6907	   6804	   6691	   6572	   6445	   6307	   6159	   5981	   5786	   5606	   5414	   5211	   4999	   4766	   4518	   4261	   3984	   3693	   3384	   3056	   2710	   2341	   1939	   1539	   1104	      0	      0	      0	
   38	      0	   7531	   7499	   7461	   7416	   7363	   7305	   7240	   7168	   7087	   7000	   6907	   6804	   6691	   6572	   6445	   6307	   6159	   5981	   5786	   5606	   5414	   5211	   4999	   4766	   4517	   4261	   3984	   3692	   3384	   3055	   2709	   2340	   1938	   1534	   1108	      0	      0	      0	
   39	      0	   7531	   7499	   7461	   7416	   7363	   7305	   7241	   7168	   7087	   7000	   6907	   6804	   6691	   6572	   6445	   6307	   6160	   5981	   5786	   5606	   5414	   5211	   4999	   4766	   4517	   4261	   3984	   3692	   3383	   3054	   2708	   2340	   1938	      0	      0	      0	      0	      0	
   40	      0	   7531	   7499	   7461	   7416	   7363	   7305	   7241	   7168	   7087	   7000	   6907	   6804	   6692	   6572	   6445	   6307	   6160	   5981	   5786	   5606	   5414	   5211	   4998	   4766	   4517	   4260	   3984	   3692	   3383	   3053	   2708	   2339	   1938	      0	      0	      0	      0	      0	
   41	      0	   7531	   7499	   7461	   7416	   7363	   7305	   7241	   7168	   7087	   7000	   6907	   6805	   6692	   6572	   6445	   6307	   6160	   5981	   5785	   5606	   5414	   5211	   4998	   4765	   4516	   4260	   3984	   3692	   3382	   3053	   2707	   2339	   1937	      0	      0	      0	      0	      0	
   42	      0	   7531	   7499	   7461	   7416	   7363	   7305	   7241	   7168	   7087	   7000	   6907	   6805	   6692	   6572	   6445	   6307	   6160	   5981	   5785	   5606	   5414	   5210	   4998	   4765	   4516	   4260	   3983	   3691	   3382	   3053	   2707	   2339	   1937	      0	      0	      0	      0	      0	
   43	      0	   7531	   7500	   7461	   7416	   7363	   7305	   7241	   7168	   7087	   7000	   6907	   6805	   6692	   6572	   6445	   6307	   6160	   5981	   5785	   5606	   5414	   5210	   4997	   4765	   4516	   4259	   3983	   3691	   3381	   3052	   2706	   2338	   1937	      0	      0	      0	      0	      0	
   44	      0	   7531	   7500	   7461	   7416	   7363	   7305	   7241	   7168	   7087	   7000	   6907	   6805	   6692	   6572	   6445	   6307	   6160	   5981	   5785	   5606	   5414	   5210	   4997	   4765	   4516	   4259	   3983	   3691	   3381	   3051	   2705	   2339	   1937	      0	      0	      0	      0	      0	
   45	      0	   7531	   7500	   7461	   7416	   7363	   7305	   7241	   7168	   7087	   7000	   6907	   6805	   6692	   6572	   6445	   6307	   6160	   5981	   5785	   5605	   5414	   5210	   4997	   4764	   4516	   4259	   3982	   3690	   3380	   3050	   2705	   2333	   1930	      0	      0	      0	      0	      0	
   46	      0	   7531	   7500	   7461	   7416	   7363	   7305	   7241	   7168	   7087	   7000	   6907	   6805	   6692	   6572	   6445	   6307	   6160	   5980	   5785	   5605	   5413	   5209	   4996	   4764	   4515	   4258	   3982	   3690	   3379	   3049	   2704	      0	      0	      0	      0	      0	      0	      0	
   47	      0	   7531	   7500	   7461	   7416	   7363	   7305	   7241	   7168	   7087	   7000	   6907	   6805	   6692	   6572	   6445	   6307	   6159	   5980	   5785	   5605	   5413	   5209	   4996	   4763	   4515	   4258	   3981	   3690	   3379	   3048	   2704	      0	      0	      0	      0	      0	      0	      0	
   48	      0	   7531	   7500	   7461	   7416	   7363	   7305	   7241	   7168	   7087	   7000	   6907	   6804	   6692	   6572	   6445	   6307	   6159	   5980	   5785	   5605	   5413	   5209	   4995	   4763	   4515	   4257	   3981	   3689	   3378	   3047	   2703	      0	      0	      0	      0	      0	      0	      0	
   49	      0	   7531	   7500	   7462	   7416	   7363	   7305	   7241	   7168	   7087	   7000	   6907	   6804	   6692	   6572	   6445	   6307	   6159	   5980	   5785	   5605	   5413	   5208	   4995	   4762	   4514	   4257	   3980	   3689	   3377	   3047	   2702	      0	      0	      0	      0	      0	      0	      0	
   50	      0	   7531	   7500	   7462	   7416	   7363	   7305	   7241	   7168	   7087	   7000	   6906	   6804	   6692	   6572	   6445	   6307	   6159	   5980	   5784	   5604	   5412	   5208	   4994	   4762	   4514	   4256	   3980	   3688	   3377	   3046	   2702	      0	      0	      0	      0	      0	      0	      0	
   51	      0	   7531	   7500	   7462	   7416	   7363	   7305	   7241	   7168	   7087	   7000	   6906	   6804	   6692	   6572	   6444	   6307	   6159	   5980	   5784	   5604	   5412	   5208	   4994	   4761	   4513	   4255	   3979	   3688	   3376	   3045	   2701	      0	      0	      0	      0	      0	      0	      0	
   52	      0	   7531	   7500	   7461	   7416	   7363	   7305	   7241	   7168	   7087	   7000	   6906	   6804	   6692	   6572	   6444	   6306	   6159	   5980	   5784	   5604	   5412	   5208	   4993	   4761	   4513	   4255	   3978	   3687	   3375	   3044	   2700	      0	      0	      0	      0	      0	      0	      0	
   53	      0	   7531	   7500	   7461	   7416	   7363	   7305	   7240	   7168	   7087	   7000	   6906	   6804	   6692	   6572	   6444	   6306	   6159	   5980	   5784	   5604	   5411	   5207	   4993	   4760	   4512	   4254	   3976	   3686	   3374	   3043	   2699	      0	      0	      0	      0	      0	      0	      0	
   54	      0	   7531	   7500	   7461	   7416	   7363	   7305	   7240	   7168	   7087	   7000	   6906	   6804	   6692	   6572	   6444	   6306	   6158	   5980	   5784	   5604	   5411	   5207	   4992	   4760	   4512	   4253	   3976	   3685	   3373	   3042	   2699	      0	      0	      0	      0	      0	      0	      0	
   55	      0	   7531	   7500	   7461	   7416	   7363	   7305	   7240	   7167	   7087	   7000	   6906	   6804	   6692	   6572	   6444	   6306	   6158	   5979	   5784	   5603	   5410	   5206	   4992	   4759	   4511	   4253	   3975	   3684	   3372	   3041	   2698	      0	      0	      0	      0	      0	      0	      0	
   56	      0	   7531	   7500	   7461	   7416	   7363	   7305	   7240	   7167	   7087	   7000	   6906	   6804	   6692	   6572	   6444	   6305	   6158	   5979	   5784	   5603	   5410	   5206	   4991	   4759	   4510	   4252	   3974	   3684	   3371	   3039	   2697	      0	      0	      0	      0	      0	      0	      0	
   57	      0	   7531	   7500	   7461	   7416	   7363	   7305	   7240	   7167	   7087	   7000	   6906	   6804	   6692	   6571	   6443	   6305	   6158	   5979	   5784	   5603	   5409	   5206	   4991	   4758	   4510	   4251	   3973	   3683	   3370	   3038	   2696	      0	      0	      0	      0	      0	      0	      0	
   58	      0	   7531	   7500	   7461	   7416	   7363	   7305	   7240	   7167	   7087	   7000	   6906	   6804	   6692	   6571	   6443	   6305	   6157	   5979	   5784	   5602	   5409	   5205	   4991	   4758	   4509	   4250	   3973	   3682	   3370	   3037	   2695	      0	      0	      0	      0	      0	      0	      0	
   59	      0	   7531	   7500	   7461	   7416	   7363	   7305	   7240	   7167	   7087	   7000	   6906	   6804	   6692	   6571	   6443	   6305	   6157	   5979	   5784	   5602	   5408	   5205	   4990	   4758	   4509	   4250	   3972	   3682	   3369	   3036	   2694	      0	      0	      0	      0	      0	      0	      0	
   60	      0	   7531	   7500	   7461	   7416	   7363	   7305	   7240	   7167	   7087	   7000	   6906	   6804	   6692	   6571	   6442	   6304	   6157	   5978	   5784	   5602	   5408	   5204	   4990	   4757	   4508	   4249	   3971	   3681	   3368	   3035	   2693	      0	      0	      0	      0	      0	      0	      0	
   61	      0	   7531	   7500	   7462	   7416	   7363	   7305	   7240	   7167	   7087	   7000	   6906	   6804	   6692	   6571	   6442	   6304	   6157	   5978	   5784	   5602	   5407	   5204	   4989	   4757	   4508	   4249	   3970	   3680	   3367	   3034	   2692	      0	      0	      0	      0	      0	      0	      0	
   62	      0	   7531	   7500	   7462	   7416	   7363	   7305	   7240	   7167	   7087	   7000	   6906	   6804	   6691	   6571	   6442	   6304	   6157	   5978	   5784	   5601	   5407	   5203	   4989	   4756	   4507	   4248	   3969	   3679	   3367	   3033	   2691	      0	      0	      0	      0	      0	      0	      0	
   63	      0	   7531	   7500	   7462	   7416	   7363	   7305	   7240	   7167	   7087	   7000	   6906	   6804	   6691	   6570	   6441	   6304	   6156	   5978	   5783	   5601	   5407	   5203	   4989	   4756	   4507	   4248	   3969	   3678	   3366	   3032	   2690	      0	      0	      0	      0	      0	      0	      0	
   64	      0	   7531	   7500	   7462	   7416	   7363	   7305	   7240	   7167	   7087	   7000	   6906	   6803	   6691	   6570	   6441	   6304	   6156	   5977	   5783	   5601	   5406	   5203	   4989	   4756	   4507	   4247	   3968	   3677	   3365	   3032	   2689	      0	      0	      0	      0	      0	      0	      0	
   65	      0	   7531	   7500	   7461	   7416	   7363	   7305	   7240	   7167	   7087	   7000	   6906	   6803	   6691	   6570	   6441	   6303	   6156	   5977	   5783	   5601	   5406	   5203	   4988	   4755	   4506	   4247	   3968	   3677	   3364	   3031	   2689	      0	      0	      0	      0	      0	      0	      0	
   66	      0	   7531	   7500	   7461	   7416	   7363	   7305	   7240	   7167	   7087	   7000	   6906	   6803	   6691	   6570	   6441	   6303	   6156	   5977	   5783	   5601	   5406	   5202	   4988	   4755	   4506	   4246	   3967	   3676	   3363	   3030	   2688	      0	      0	      0	      0	      0	      0	      0	
   67	      0	   7531	   7500	   7461	   7416	   7363	   7305	   7240	   7168	   7087	   7000	   6906	   6803	   6691	   6570	   6441	   6303	   6156	   5977	   5783	   5601	   5405	   5202	   4988	   4755	   4506	   4246	   3967	   3675	   3362	   3029	   2687	      0	      0	      0	      0	      0	      0	      0	
   68	      0	   7531	   7500	   7461	   7416	   7363	   7305	   7240	   7168	   7087	   7000	   6905	   6803	   6691	   6570	   6441	   6303	   6156	   5977	   5783	   5600	   5405	   5202	   4988	   4755	   4506	   4246	   3966	   3674	   3361	   3029	   2686	      0	      0	      0	      0	      0	      0	      0	
   69	      0	   7531	   7500	   7461	   7416	   7363	   7305	   7240	   7168	   7087	   7000	   6905	   6803	   6691	   6570	   6440	   6303	   6155	   5976	   5783	   5600	   5405	   5201	   4987	   4755	   4505	   4245	   3966	   3673	   3360	   3028	   2685	      0	      0	      0	      0	      0	      0	      0	
   70	      0	   7531	   7500	   7461	   7416	   7363	   7305	   7240	   7168	   7087	   7000	   6905	   6803	   6691	   6570	   6440	   6303	   6155	   5976	   5782	   5600	   5405	   5201	   4987	   4754	   4505	   4245	   3965	   3672	   3359	   3027	   2684	      0	      0	      0	      0	      0	      0	      0	
   71	      0	   7531	   7500	   7461	   7416	   7363	   7305	   7240	   7168	   7087	   7000	   6905	   6803	   6691	   6570	   6440	   6303	   6155	   5976	   5782	   5600	   5405	   5201	   4986	   4754	   4505	   4245	   3965	   3671	   3358	   3026	   2683	      0	      0	      0	      0	      0	      0	      0	
   72	      0	   7531	   7500	   7461	   7416	   7363	   7305	   7240	   7168	   7087	   7000	   6905	   6803	   6691	   6570	   6440	   6303	   6155	   5976	   5782	   5600	   5405	   5200	   4986	   4754	   4505	   4244	   3965	   3671	   3357	   3025	   2682	      0	      0	      0	      0	      0	      0	      0	
   73	      0	   7531	   7500	   7461	   7416	   7363	   7305	   7240	   7168	   7087	   7000	   6905	   6803	   6691	   6570	   6440	   6303	   6155	   5976	   5782	   5600	   5405	   5200	   4986	   4753	   4505	   4244	   3965	   3670	   3356	   3024	   2680	      0	      0	      0	      0	      0	      0	      0	
   74	      0	   7531	   7500	   7461	   7416	   7363	   7305	   7240	   7168	   7087	   7000	   6905	   6803	   6691	   6570	   6441	   6303	   6155	   5976	   5782	   5600	   5405	   5200	   4985	   4753	   4504	   4244	   3965	   3670	   3355	   3023	   2679	      0	      0	      0	      0	      0	      0	      0	
   75	      0	   7531	   7500	   7461	   7416	   7363	   7305	   7240	   7168	   7087	   7000	   6905	   6802	   6691	   6570	   6441	   6303	   6155	   5976	   5781	   5599	   5405	   5200	   4985	   4753	   4504	   4243	   3964	   3669	   3354	   3022	   2678	      0	      0	      0	      0	      0	      0	      0	
   76	      0	   7531	   7500	   7461	   7416	   7363	   7305	   7240	   7168	   7087	   7000	   6905	   6802	   6691	   6570	   6441	   6303	   6155	   5975	   5781	   5599	   5405	   5200	   4985	   4752	   4504	   4243	   3964	   3669	   3354	   3022	   2677	      0	      0	      0	      0	      0	      0	      0	
   77	      0	   7531	   7500	   7461	   7416	   7363	   7305	   7240	   7168	   7087	   7000	   6905	   6802	   6691	   6570	   6441	   6303	   6155	   5975	   5781	   5599	   5405	   5200	   4985	   4752	   4504	   4243	   3964	   3668	   3353	   3021	   2676	      0	      0	      0	      0	      0	      0	      0	
   78	      0	   7531	   7500	   7461	   7416	   7363	   7305	   7240	   7168	   7087	   7000	   6905	   6802	   6691	   6570	   6441	   6303	   6155	   5975	   5781	   5599	   5405	   5200	   4984	   4752	   4504	   4242	   3963	   3667	   3352	   3021	   2676	      0	      0	      0	      0	      0	      0	      0	
   79	      0	   7531	   7500	   7461	   7416	   7363	   7305	   7240	   7167	   7087	   7000	   6904	   6802	   6690	   6570	   6441	   6303	   6154	   5975	   5781	   5599	   5405	   5199	   4984	   4752	   4503	   4242	   3963	   3667	   3352	   3020	   2675	      0	      0	      0	      0	      0	      0	      0	
   80	      0	   7531	   7500	   7461	   7416	   7363	   7305	   7240	   7167	   7087	   7000	   6904	   6802	   6690	   6570	   6441	   6303	   6154	   5975	   5781	   5599	   5405	   5199	   4984	   4751	   4503	   4241	   3963	   3667	   3351	   3019	   2674	      0	      0	      0	      0	      0	      0	      0	
   81	      0	   7531	   7500	   7461	   7416	   7363	   7305	   7240	   7167	   7087	   7000	   6904	   6802	   6690	   6570	   6441	   6303	   6154	   5975	   5780	   5599	   5405	   5199	   4983	   4751	   4502	   4241	   3962	   3666	   3350	   3019	   2673	      0	      0	      0	      0	      0	      0	      0	
   82	      0	   7531	   7500	   7461	   7416	   7363	   7305	   7240	   7167	   7087	   6999	   6904	   6802	   6690	   6570	   6441	   6303	   6154	   5975	   5780	   5598	   5405	   5199	   4983	   4751	   4502	   4240	   3961	   3666	   3350	   3018	   2673	      0	      0	      0	      0	      0	      0	      0	
   83	      0	   7531	   7500	   7461	   7416	   7363	   7305	   7240	   7167	   7087	   6999	   6904	   6802	   6690	   6570	   6441	   6303	   6154	   5975	   5780	   5598	   5404	   5199	   4983	   4750	   4501	   4239	   3961	   3665	   3349	   3018	   2672	      0	      0	      0	      0	      0	      0	      0	
   84	      0	   7531	   7500	   7462	   7416	   7363	   7305	   7240	   7167	   7087	   6999	   6904	   6802	   6690	   6570	   6441	   6303	   6154	   5975	   5780	   5598	   5404	   5199	   4982	   4750	   4501	   4239	   3960	   3665	   3349	   3017	   2672	      0	      0	      0	      0	      0	      0	      0	
   85	      0	   7531	   7500	   7462	   7416	   7363	   7305	   7240	   7167	   7087	   6999	   6904	   6802	   6690	   6570	   6441	   6303	   6154	   5975	   5780	   5598	   5404	   5199	   4982	   4750	   4500	   4238	   3960	   3665	   3349	   3017	   2671	      0	      0	      0	      0	      0	      0	      0	
   86	      0	   7531	   7500	   7462	   7416	   7363	   7305	   7240	   7167	   7087	   6999	   6904	   6802	   6690	   6569	   6441	   6303	   6154	   5974	   5780	   5598	   5404	   5198	   4982	   4750	   4500	   4238	   3959	   3664	   3348	   3016	   2671	      0	      0	      0	      0	      0	      0	      0	
   87	      0	   7531	   7500	   7462	   7416	   7363	   7305	   7240	   7167	   7087	   6999	   6904	   6802	   6690	   6569	   6441	   6303	   6154	   5974	   5780	   5598	   5404	   5198	   4982	   4750	   4500	   4237	   3959	   3664	   3348	   3016	   2671	      0	      0	      0	      0	      0	      0	      0	
   88	      0	   7531	   7500	   7462	   7416	   7363	   7305	   7240	   7167	   7087	   6999	   6904	   6802	   6690	   6569	   6441	   6303	   6154	   5974	   5780	   5598	   5404	   5198	   4982	   4749	   4499	   4237	   3958	   3663	   3348	   3016	   2671	      0	      0	      0	      0	      0	      0	      0	
   89	      0	   7531	   7500	   7462	   7416	   7363	   7305	   7240	   7167	   7087	   6999	   6904	   6802	   6690	   6569	   6441	   6303	   6154	   5974	   5780	   5597	   5404	   5198	   4982	   4749	   4499	   4237	   3958	   3663	   3347	   3015	   2671	      0	      0	      0	      0	      0	      0	      0	
   90	      0	   7531	   7500	   7462	   7416	   7363	   7305	   7240	   7167	   7087	   6999	   6904	   6802	   6690	   6569	   6441	   6302	   6154	   5974	   5780	   5597	   5403	   5198	   4982	   4749	   4499	   4236	   3957	   3663	   3347	   3015	   2670	      0	      0	      0	      0	      0	      0	      0	
   91	      0	   7531	   7500	   7462	   7416	   7363	   7305	   7240	   7167	   7087	   6999	   6904	   6802	   6690	   6569	   6440	   6302	   6154	   5974	   5780	   5597	   5403	   5198	   4982	   4749	   4499	   4236	   3957	   3662	   3347	   3015	   2670	      0	      0	      0	      0	      0	      0	      0	
   92	      0	   7531	   7500	   7462	   7416	   7363	   7305	   7240	   7167	   7087	   6999	   6905	   6802	   6690	   6569	   6440	   6302	   6154	   5974	   5780	   5597	   5403	   5197	   4982	   4749	   4498	   4236	   3956	   3662	   3347	   3015	   2670	      0	      0	      0	      0	      0	      0	      0	
   93	      0	   7531	   7500	   7462	   7416	   7363	   7305	   7240	   7167	   7087	   6999	   6905	   6802	   6690	   6569	   6440	   6302	   6154	   5974	   5780	   5597	   5403	   5197	   4981	   4749	   4498	   4235	   3956	   3662	   3346	   3014	   2670	      0	      0	      0	      0	      0	      0	      0	
   94	      0	   7531	   7500	   7462	   7416	   7363	   7305	   7240	   7167	   7087	   6999	   6905	   6802	   6690	   6569	   6440	   6302	   6153	   5974	   5779	   5597	   5403	   5197	   4981	   4748	   4498	   4236	   3956	   3661	   3346	   3014	   2670	      0	      0	      0	      0	      0	      0	      0	
   95	      0	   7531	   7500	   7462	   7416	   7363	   7305	   7240	   7167	   7087	   6999	   6905	   6802	   6690	   6569	   6440	   6302	   6153	   5974	   5779	   5597	   5402	   5197	   4981	   4748	   4498	   4236	   3955	   3661	   3346	   3014	   2670	      0	      0	      0	      0	      0	      0	      0	
   96	      0	   7531	   7500	   7462	   7416	   7363	   7305	   7240	   7167	   7087	   6999	   6905	   6802	   6690	   6569	   6440	   6302	   6153	   5974	   5779	   5597	   5402	   5197	   4981	   4748	   4497	   4235	   3955	   3660	   3345	   3013	   2670	      0	      0	      0	      0	      0	      0	      0	
   97	      0	   7531	   7500	   7462	   7416	   7363	   7305	   7240	   7167	   7087	   6999	   6905	   6802	   6690	   6568	   6440	   6302	   6153	   5974	   5779	   5596	   5402	   5196	   4981	   4748	   4497	   4235	   3955	   3660	   3345	   3013	   2669	      0	      0	      0	      0	      0	      0	      0	
   98	      0	   7531	   7500	   7462	   7416	   7363	   7305	   7240	   7167	   7087	   6999	   6905	   6802	   6689	   6568	   6440	   6302	   6153	   5973	   5779	   5596	   5402	   5196	   4981	   4747	   4497	   4235	   3954	   3659	   3344	   3012	   2669	      0	      0	      0	      0	      0	      0	      0	
   99	      0	   7531	   7500	   7462	   7416	   7363	   7305	   7240	   7167	   7086	   6999	   6905	   6802	   6689	   6568	   6440	   6302	   6153	   5973	   5779	   5596	   5402	   5196	   4981	   4747	   4496	   4235	   3954	   3659	   3344	   3012	   2669	      0	      0	      0	      0	      0	      0	      0	
  100	      0	   7531	   7500	   7462	   7416	   7363	   7305	   7240	   7167	   7086	   6999	   6905	   6802	   6689	   6569	   6440	   6302	   6153	   5973	   5779	   5596	   5401	   5196	   4981	   4747	   4496	   4235	   3953	   3659	   3344	   3012	   2669	      0	      0	      0	      0	      0	      0	      0	
  101	      0	   7531	   7500	   7462	   7416	   7363	   7305	   7240	   7167	   7086	   6999	   6905	   6802	   6689	   6569	   6440	   6302	   6153	   5973	   5779	   5596	   5401	   5196	   4981	   4747	   4496	   4235	   3953	   3658	   3344	   3012	   2668	      0	      0	      0	      0	      0	      0	      0	
  102	      0	   7532	   7500	   7462	   7416	   7363	   7305	   7240	   7167	   7086	   6999	   6905	   6802	   6689	   6569	   6440	   6302	   6153	   5973	   5778	   5596	   5401	   5196	   4981	   4747	   4496	   4235	   3953	   3658	   3344	   3012	   2668	      0	      0	      0	      0	      0	      0	      0	
  103	      0	   7532	   7500	   7462	   7416	   7363	   7305	   7240	   7167	   7086	   6999	   6905	   6802	   6689	   6568	   6440	   6302	   6153	   5973	   5778	   5596	   5401	   5196	   4981	   4746	   4495	   4235	   3953	   3658	   3344	   3011	   2668	      0	      0	      0	      0	      0	      0	      0	
  104	      0	   7532	   7500	   7462	   7416	   7363	   7305	   7240	   7167	   7086	   6999	   6905	   6802	   6689	   6568	   6440	   6301	   6152	   5973	   5778	   5596	   5401	   5195	   4981	   4746	   4495	   4234	   3953	   3657	   3343	   3011	   2667	      0	      0	      0	      0	      0	      0	      0	
  105	      0	   7532	   7500	   7462	   7416	   7363	   7305	   7240	   7167	   7086	   6999	   6905	   6802	   6689	   6568	   6439	   6301	   6152	   5973	   5778	   5596	   5400	   5195	   4980	   4746	   4495	   4234	   3952	   3657	   3343	   3011	   2667	      0	      0	      0	      0	      0	      0	      0	
  106	      0	   7532	   7500	   7462	   7416	   7363	   7305	   7240	   7167	   7086	   6999	   6905	   6802	   6689	   6568	   6439	   6301	   6152	   5973	   5778	   5595	   5400	   5195	   4980	   4745	   4495	   4234	   3952	   3657	   3343	   3011	   2667	      0	      0	      0	      0	      0	      0	      0	
  107	      0	   7532	   7500	   7462	   7416	   7363	   7305	   7240	   7167	   7086	   6999	   6905	   6802	   6689	   6568	   6439	   6301	   6152	   5973	   5778	   5595	   5400	   5195	   4980	   4745	   4494	   4234	   3952	   3657	   3343	   3011	   2667	      0	      0	      0	      0	      0	      0	      0	
  108	      0	   7532	   7500	   7462	   7416	   7363	   7305	   7240	   7167	   7086	   6999	   6905	   6802	   6689	   6568	   6439	   6301	   6152	   5972	   5777	   5595	   5400	   5195	   4980	   4745	   4494	   4234	   3951	   3657	   3343	   3011	   2667	      0	      0	      0	      0	      0	      0	      0	
  109	      0	   7532	   7500	   7462	   7416	   7363	   7305	   7240	   7167	   7086	   6999	   6905	   6802	   6689	   6568	   6439	   6301	   6152	   5972	   5777	   5595	   5400	   5195	   4980	   4745	   4494	   4233	   3951	   3656	   3343	   3011	   2667	      0	      0	      0	      0	      0	      0	      0	
  110	      0	   7532	   7500	   7462	   7416	   7363	   7305	   7240	   7167	   7086	   6999	   6905	   6802	   6689	   6568	   6439	   6301	   6152	   5972	   5777	   5595	   5400	   5195	   4980	   4745	   4494	   4233	   3951	   3656	   3343	   3011	   2667	      0	      0	      0	      0	      0	      0	      0	
  111	      0	   7532	   7500	   7462	   7416	   7363	   7305	   7240	   7167	   7086	   6999	   6905	   6802	   6689	   6568	   6439	   6301	   6152	   5972	   5777	   5595	   5400	   5195	   4980	   4745	   4494	   4233	   3950	   3656	   3344	   3011	   2667	      0	      0	      0	      0	      0	      0	      0	
  112	      0	   7532	   7500	   7462	   7416	   7363	   7305	   7240	   7167	   7086	   6999	   6905	   6802	   6689	   6568	   6439	   6300	   6152	   5972	   5777	   5595	   5400	   5194	   4980	   4745	   4494	   4233	   3950	   3656	   3343	   3011	   2667	      0	      0	      0	      0	      0	      0	      0	
  113	      0	   7532	   7500	   7462	   7416	   7363	   7305	   7239	   7167	   7086	   6999	   6905	   6802	   6689	   6568	   6439	   6300	   6151	   5972	   5777	   5595	   5400	   5194	   4980	   4745	   4494	   4233	   3950	   3656	   3343	   3011	   2667	      0	      0	      0	      0	      0	      0	      0	
  114	      0	   7532	   7500	   7462	   7416	   7363	   7305	   7239	   7166	   7086	   6999	   6905	   6802	   6689	   6568	   6439	   6300	   6151	   5972	   5777	   5595	   5400	   5194	   4980	   4745	   4494	   4233	   3950	   3655	   3343	   3011	   2667	      0	      0	      0	      0	      0	      0	      0	
  115	      0	   7532	   7500	   7462	   7416	   7363	   7305	   7239	   7166	   7086	   6999	   6905	   6802	   6689	   6568	   6439	   6300	   6151	   5972	   5777	   5595	   5400	   5194	   4979	   4745	   4494	   4233	   3950	   3655	   3343	   3011	   2667	      0	      0	      0	      0	      0	      0	      0	
  116	      0	   7532	   7500	   7462	   7416	   7363	   7305	   7239	   7166	   7086	   6999	   6905	   6802	   6689	   6568	   6439	   6300	   6151	   5972	   5777	   5595	   5400	   5194	   4980	   4745	   4494	   4233	   3950	   3655	   3343	   3011	   2666	      0	      0	      0	      0	      0	      0	      0	
  117	      0	   7532	   7500	   7462	   7416	   7363	   7305	   7239	   7166	   7086	   6999	   6905	   6802	   6689	   6568	   6439	   6300	   6151	   5972	   5777	   5595	   5400	   5194	   4979	   4744	   4494	   4233	   3950	   3655	   3343	   3011	   2666	      0	      0	      0	      0	      0	      0	      0	
  118	      0	   7532	   7500	   7462	   7416	   7363	   7305	   7239	   7166	   7086	   6999	   6905	   6802	   6689	   6567	   6439	   6300	   6151	   5972	   5777	   5595	   5400	   5194	   4979	   4744	   4494	   4233	   3950	   3655	   3342	   3011	   2666	      0	      0	      0	      0	      0	      0	      0	
  119	      0	   7532	   7500	   7462	   7416	   7363	   7305	   7239	   7166	   7086	   6999	   6905	   6802	   6689	   6567	   6439	   6300	   6151	   5972	   5777	   5595	   5400	   5194	   4979	   4744	   4494	   4233	   3950	   3655	   3342	   3010	   2666	      0	      0	      0	      0	      0	      0	      0	
  120	      0	   7532	   7500	   7462	   7416	   7363	   7305	   7239	   7166	   7086	   6999	   6905	   6802	   6689	   6567	   6439	   6300	   6151	   5972	   5777	   5595	   5400	   5194	   4979	   4744	   4494	   4233	   3951	   3655	   3341	   3010	   2666	      0	      0	      0	      0	      0	      0	      0	
  121	      0	   7532	   7500	   7462	   7416	   7363	   7305	   7239	   7166	   7086	   6999	   6905	   6802	   6689	   6567	   6439	   6300	   6151	   5972	   5777	   5595	   5400	   5194	   4979	   4744	   4494	   4233	   3950	   3654	   3341	   3010	   2666	      0	      0	      0	      0	      0	      0	      0	
  122	      0	   7532	   7500	   7462	   7416	   7363	   7305	   7239	   7166	   7086	   6999	   6905	   6802	   6689	   6567	   6439	   6300	   6151	   5972	   5777	   5595	   5400	   5194	   4978	   4744	   4494	   4233	   3950	   3654	   3341	   3010	   2666	      0	      0	      0	      0	      0	      0	      0	
  123	      0	   7532	   7500	   7462	   7416	   7363	   7305	   7239	   7166	   7086	   6999	   6905	   6802	   6689	   6567	   6438	   6300	   6151	   5972	   5777	   5595	   5400	   5194	   4978	   4744	   4494	   4233	   3951	   3654	   3340	   3010	   2666	      0	      0	      0	      0	      0	      0	      0	
  124	      0	   7532	   7500	   7462	   7416	   7363	   7305	   7239	   7166	   7086	   6999	   6905	   6802	   6689	   6567	   6438	   6300	   6151	   5972	   5777	   5595	   5400	   5194	   4978	   4743	   4494	   4233	   3950	   3653	   3340	   3010	   2665	      0	      0	      0	      0	      0	      0	      0	
  125	      0	   7532	   7500	   7462	   7416	   7363	   7304	   7239	   7166	   7086	   6999	   6905	   6802	   6689	   6567	   6438	   6300	   6151	   5972	   5777	   5595	   5399	   5194	   4978	   4743	   4493	   4232	   3950	   3653	   3340	   3009	   2665	      0	      0	      0	      0	      0	      0	      0	
  126	      0	   7532	   7500	   7462	   7416	   7363	   7304	   7239	   7166	   7086	   6999	   6905	   6802	   6689	   6567	   6438	   6300	   6151	   5972	   5776	   5594	   5399	   5194	   4978	   4743	   4493	   4232	   3950	   3653	   3339	   3009	   2664	      0	      0	      0	      0	      0	      0	      0	
  127	      0	   7532	   7500	   7462	   7416	   7363	   7304	   7239	   7166	   7086	   6999	   6905	   6802	   6689	   6567	   6438	   6300	   6151	   5971	   5776	   5594	   5399	   5194	   4977	   4743	   4493	   4232	   3950	   3653	   3339	   3009	   2664	      0	      0	      0	      0	      0	      0	      0	
  128	      0	   7532	   7500	   7462	   7416	   7363	   7304	   7239	   7166	   7086	   6999	   6905	   6802	   6688	   6567	   6438	   6300	   6152	   5971	   5776	   5594	   5399	   5194	   4977	   4742	   4493	   4231	   3950	   3652	   3339	   3009	   2664	      0	      0	      0	      0	      0	      0	      0	
  129	      0	   7532	   7500	   7462	   7416	   7363	   7304	   7239	   7166	   7086	   6999	   6905	   6802	   6688	   6567	   6438	   6300	   6152	   5971	   5776	   5594	   5399	   5194	   4977	   4742	   4493	   4231	   3950	   3652	   3339	   3008	   2663	      0	      0	      0	      0	      0	      0	      0	
  130	      0	   7532	   7500	   7462	   7416	   7363	   7304	   7239	   7166	   7086	   6999	   6905	   6802	   6688	   6567	   6438	   6300	   6152	   5971	   5776	   5594	   5399	   5194	   4977	   4742	   4492	   4231	   3950	   3652	   3339	   3008	   2662	      0	      0	      0	      0	      0	      0	      0	
  131	      0	   7532	   7500	   7462	   7416	   7363	   7304	   7239	   7166	   7086	   6999	   6905	   6802	   6689	   6567	   6438	   6300	   6152	   5971	   5776	   5594	   5398	   5194	   4977	   4742	   4492	   4231	   3950	   3652	   3339	   3008	   2662	      0	      0	      0	      0	      0	      0	      0	
  132	      0	   7532	   7500	   7462	   7416	   7363	   7304	   7239	   7166	   7086	   6999	   6905	   6802	   6689	   6567	   6438	   6300	   6152	   5971	   5776	   5594	   5398	   5193	   4977	   4742	   4492	   4231	   3950	   3653	   3339	   3008	   2662	      0	      0	      0	      0	      0	      0	      0	
  133	      0	   7532	   7500	   7462	   7416	   7363	   7304	   7239	   7166	   7086	   6999	   6905	   6802	   6689	   6567	   6438	   6300	   6152	   5971	   5776	   5594	   5398	   5193	   4977	   4742	   4492	   4231	   3950	   3653	   3339	   3008	   2661	      0	      0	      0	      0	      0	      0	      0	
  134	      0	   7532	   7500	   7462	   7416	   7363	   7304	   7239	   7166	   7086	   6999	   6905	   6802	   6689	   6567	   6439	   6301	   6152	   5971	   5776	   5594	   5398	   5193	   4977	   4742	   4492	   4231	   3950	   3653	   3339	   3008	   2661	   2289	   1885	      0	      0	      0	      0	      0	
  135	      0	   7532	   7500	   7462	   7416	   7363	   7304	   7239	   7166	   7086	   6999	   6905	   6802	   6689	   6567	   6439	   6301	   6152	   5971	   5776	   5594	   5398	   5193	   4977	   4742	   4492	   4231	   3950	   3653	   3339	   3008	   2660	   2288	   1883	      0	      0	      0	      0	      0	
  136	      0	   7532	   7500	   7462	   7416	   7363	   7304	   7239	   7166	   7086	   6999	   6905	   6802	   6689	   6567	   6439	   6301	   6152	   5971	   5776	   5593	   5398	   5193	   4978	   4742	   4492	   4231	   3951	   3653	   3340	   3008	   2660	   2287	   1883	      0	      0	      0	      0	      0	
  137	      0	   7532	   7500	   7462	   7416	   7363	   7304	   7239	   7166	   7086	   6999	   6905	   6802	   6689	   6567	   6439	   6301	   6152	   5971	   5776	   5593	   5398	   5193	   4978	   4742	   4492	   4231	   3951	   3653	   3340	   3008	   2660	   2287	   1882	      0	      0	      0	      0	      0	
  138	      0	   7532	   7500	   7462	   7416	   7363	   7304	   7239	   7166	   7086	   6999	   6905	   6802	   6689	   6567	   6439	   6301	   6152	   5971	   5776	   5593	   5398	   5193	   4978	   4742	   4492	   4231	   3951	   3653	   3340	   3008	   2660	   2287	   1881	      0	      0	      0	      0	      0	
  139	      0	   7532	   7500	   7462	   7416	   7363	   7304	   7239	   7166	   7086	   6999	   6905	   6802	   6689	   6567	   6439	   6301	   6152	   5971	   5776	   5594	   5398	   5193	   4978	   4743	   4492	   4232	   3951	   3654	   3340	   3009	   2660	   2286	   1881	   1479	      0	      0	      0	      0	
  140	      0	   7532	   7500	   7462	   7416	   7363	   7304	   7239	   7166	   7086	   6999	   6905	   6802	   6689	   6567	   6439	   6301	   6152	   5971	   5776	   5594	   5398	   5193	   4978	   4743	   4492	   4232	   3952	   3654	   3341	   3009	   2660	   2286	   1880	   1470	   1035	      0	      0	      0	
  141	      0	   7532	   7500	   7462	   7416	   7363	   7305	   7239	   7166	   7086	   6999	   6905	   6802	   6689	   6568	   6439	   6301	   6152	   5971	   5776	   5594	   5398	   5193	   4979	   4743	   4492	   4232	   3952	   3654	   3341	   3009	   2659	   2285	   1879	   1470	   1037	      0	      0	      0	
  142	      0	   7532	   7500	   7462	   7416	   7363	   7305	   7240	   7166	   7086	   6999	   6905	   6803	   6689	   6568	   6439	   6301	   6152	   5971	   5777	   5594	   5398	   5193	   4979	   4743	   4493	   4232	   3952	   3654	   3341	   3009	   2659	   2285	   1879	   1469	   1034	      0	      0	      0	
  143	      0	   7532	   7500	   7462	   7416	   7363	   7305	   7240	   7166	   7086	   6999	   6905	   6803	   6689	   6568	   6439	   6301	   6152	   5972	   5777	   5594	   5398	   5193	   4979	   4744	   4493	   4232	   3952	   3655	   3342	   3010	   2659	   2284	   1879	   1468	   1032	      0	      0	      0	
  144	      0	   7532	   7500	   7462	   7416	   7363	   7305	   7240	   7167	   7086	   6999	   6906	   6803	   6690	   6568	   6439	   6301	   6152	   5972	   5777	   5594	   5399	   5194	   4979	   4744	   4493	   4233	   3953	   3655	   3342	   3010	   2659	   2284	   1878	   1467	   1030	      0	      0	      0	
  145	      0	   7532	   7500	   7462	   7416	   7363	   7305	   7240	   7167	   7086	   6999	   6906	   6803	   6690	   6568	   6439	   6301	   6152	   5972	   5777	   5594	   5399	   5194	   4980	   4744	   4493	   4233	   3953	   3656	   3343	   3011	   2659	   2284	   1878	   1466	   1028	      0	      0	      0	
  146	      0	   7532	   7500	   7462	   7416	   7363	   7305	   7240	   7167	   7086	   6999	   6906	   6803	   6690	   6568	   6439	   6301	   6152	   5972	   5777	   5595	   5399	   5194	   4980	   4744	   4493	   4233	   3953	   3656	   3343	   3011	   2660	   2283	   1878	   1466	   1026	    558	     67	      0	
  147	      0	   7532	   7500	   7462	   7416	   7363	   7305	   7240	   7167	   7086	   6999	   6906	   6803	   6690	   6568	   6439	   6301	   6152	   5972	   5777	   5595	   5399	   5194	   4980	   4744	   4493	   4233	   3954	   3656	   3344	   3012	   2660	   2283	   1878	   1465	   1024	    556	     67	      0	
  148	      0	   7532	   7500	   7462	   7416	   7363	   7305	   7240	   7167	   7086	   6999	   6906	   6803	   6690	   6568	   6439	   6301	   6152	   5972	   5777	   5595	   5400	   5194	   4981	   4745	   4494	   4233	   3954	   3656	   3344	   3012	   2660	   2283	   1878	   1465	   1023	    555	     71	      0	
  149	      0	   7532	   7500	   7462	   7416	   7363	   7305	   7240	   7167	   7086	   6999	   6906	   6803	   6690	   6569	   6440	   6301	   6151	   5972	   5777	   5595	   5400	   5195	   4981	   4745	   4494	   4234	   3954	   3657	   3345	   3012	   2661	   2283	   1878	   1465	   1021	    554	     69	      0	
  150	      0	   7532	   7500	   7462	   7416	   7363	   7305	   7240	   7167	   7086	   6999	   6906	   6803	   6690	   6569	   6440	   6301	   6152	   5972	   5777	   5596	   5401	   5195	   4981	   4745	   4494	   4234	   3954	   3657	   3345	   3013	   2661	   2283	   1878	   1464	   1020	    552	     67	      0	
  151	      0	   7532	   7500	   7462	   7416	   7363	   7305	   7240	   7167	   7086	   6999	   6906	   6803	   6690	   6569	   6440	   6301	   6152	   5972	   5777	   5596	   5401	   5195	   4981	   4745	   4494	   4234	   3954	   3658	   3345	   3013	   2661	   2283	   1879	   1465	   1019	    550	     30	      0	
  152	      0	   7532	   7500	   7462	   7416	   7363	   7305	   7240	   7167	   7086	   7000	   6906	   6803	   6690	   6569	   6440	   6301	   6152	   5972	   5778	   5596	   5401	   5195	   4981	   4746	   4494	   4234	   3955	   3658	   3346	   3014	   2661	   2283	   1879	   1464	   1018	    549	     35	      0	
  153	      0	   7532	   7500	   7462	   7416	   7363	   7305	   7240	   7167	   7086	   7000	   6906	   6803	   6690	   6569	   6440	   6301	   6152	   5972	   5778	   5596	   5401	   5195	   4981	   4746	   4494	   4235	   3955	   3659	   3347	   3014	   2662	   2283	   1879	   1464	   1017	    549	     38	      0	
  154	      0	   7532	   7500	   7462	   7416	   7363	   7305	   7240	   7167	   7086	   7000	   6906	   6803	   6690	   6569	   6440	   6301	   6152	   5972	   5778	   5597	   5402	   5195	   4982	   4746	   4495	   4235	   3956	   3659	   3347	   3015	   2662	   2284	   1879	   1464	   1017	    549	     42	      0	
  155	      0	   7532	   7500	   7462	   7416	   7363	   7305	   7240	   7167	   7086	   7000	   6906	   6803	   6690	   6569	   6440	   6301	   6152	   5972	   5778	   5597	   5402	   5196	   4982	   4746	   4495	   4235	   3956	   3660	   3348	   3015	   2663	   2284	   1880	   1465	   1018	    548	     44	      0	
  156	      0	   7532	   7500	   7462	   7416	   7363	   7306	   7240	   7167	   7086	   7000	   6906	   6803	   6690	   6569	   6440	   6301	   6152	   5972	   5778	   5597	   5402	   5196	   4982	   4747	   4495	   4235	   3956	   3660	   3348	   3016	   2663	   2284	   1881	   1465	   1018	    548	     46	      0	
  157	      0	   7532	   7500	   7462	   7416	   7364	   7306	   7240	   7167	   7087	   7000	   6906	   6803	   6690	   6569	   6440	   6302	   6152	   5973	   5779	   5597	   5402	   5196	   4982	   4747	   4496	   4236	   3956	   3661	   3349	   3016	   2663	   2284	   1881	   1465	   1019	    549	     48	      0	
  158	      0	   7532	   7500	   7462	   7416	   7364	   7306	   7240	   7167	   7087	   7000	   6906	   6803	   6690	   6569	   6440	   6302	   6153	   5973	   5779	   5597	   5402	   5196	   4983	   4747	   4496	   4236	   3957	   3661	   3349	   3017	   2664	   2285	   1882	   1466	   1019	    549	     49	      0	
  159	      0	   7532	   7500	   7462	   7416	   7364	   7306	   7240	   7167	   7087	   7000	   6906	   6803	   6691	   6569	   6440	   6302	   6153	   5973	   5779	   5597	   5402	   5196	   4983	   4748	   4497	   4236	   3957	   3662	   3350	   3018	   2664	   2285	   1882	   1466	   1020	    549	     50	      0	
  160	      0	   7532	   7500	   7462	   7416	   7364	   7306	   7240	   7167	   7087	   7000	   6906	   6803	   6691	   6569	   6441	   6302	   6153	   5973	   5779	   5598	   5402	   5197	   4983	   4748	   4497	   4237	   3958	   3662	   3350	   3018	   2665	   2286	   1883	   1466	   1020	    550	     51	      0	
  161	      0	   7532	   7500	   7462	   7416	   7364	   7306	   7240	   7167	   7087	   7000	   6906	   6803	   6691	   6569	   6441	   6302	   6153	   5974	   5779	   5598	   5403	   5197	   4983	   4748	   4497	   4237	   3958	   3663	   3351	   3019	   2665	   2286	   1883	   1467	   1021	    551	     52	      0	
  162	      0	   7532	   7500	   7462	   7416	   7364	   7306	   7240	   7167	   7087	   7000	   6906	   6803	   6691	   6569	   6441	   6303	   6154	   5974	   5779	   5598	   5403	   5197	   4984	   4749	   4498	   4238	   3959	   3663	   3351	   3020	   2666	   2287	   1884	   1467	   1022	    551	     53	      0	
  163	      0	   7532	   7500	   7462	   7416	   7364	   7306	   7240	   7167	   7087	   7000	   6906	   6803	   6691	   6569	   6441	   6303	   6154	   5975	   5780	   5598	   5403	   5198	   4984	   4749	   4499	   4238	   3959	   3663	   3352	   3020	   2666	   2288	   1885	   1468	   1023	    552	     53	      0	
  164	      0	   7532	   7500	   7462	   7416	   7364	   7306	   7240	   7167	   7087	   7000	   6906	   6803	   6691	   6569	   6441	   6303	   6155	   5975	   5780	   5598	   5403	   5198	   4984	   4749	   4499	   4239	   3960	   3664	   3352	   3021	   2667	   2288	   1885	   1468	   1024	    553	     54	      0	
  165	      0	   7532	   7500	   7462	   7416	   7364	   7306	   7240	   7167	   7087	   7000	   6906	   6803	   6691	   6570	   6441	   6303	   6155	   5975	   5780	   5598	   5403	   5198	   4984	   4750	   4500	   4239	   3960	   3664	   3353	   3021	   2668	   2289	   1886	   1469	   1025	    553	     54	      0	
  166	      0	   7532	   7501	   7462	   7416	   7364	   7306	   7240	   7167	   7088	   7000	   6906	   6803	   6691	   6570	   6441	   6303	   6155	   5976	   5780	   5598	   5403	   5198	   4984	   4750	   4500	   4240	   3960	   3665	   3354	   3022	   2668	   2289	   1886	   1470	   1026	    554	     55	      0	
  167	      0	   7532	   7501	   7462	   7417	   7364	   7306	   7240	   7168	   7088	   7000	   6906	   6803	   6690	   6570	   6441	   6304	   6156	   5976	   5781	   5598	   5403	   5198	   4985	   4751	   4501	   4240	   3961	   3665	   3354	   3023	   2668	   2290	   1887	   1471	   1026	    555	     56	      0	
  168	      0	   7532	   7501	   7462	   7417	   7364	   7306	   7240	   7168	   7088	   7000	   6906	   6803	   6690	   6570	   6442	   6304	   6156	   5976	   5781	   5598	   5404	   5199	   4985	   4751	   4501	   4241	   3961	   3666	   3355	   3023	   2669	   2291	   1887	   1471	   1027	    556	     57	      0	
  169	      0	   7532	   7501	   7462	   7417	   7364	   7306	   7241	   7168	   7087	   7000	   6906	   6803	   6690	   6570	   6442	   6304	   6156	   5976	   5781	   5598	   5404	   5199	   4986	   4752	   4502	   4241	   3962	   3666	   3355	   3024	   2670	   2291	   1888	   1472	   1029	    558	     59	      0	
  170	      0	   7532	   7501	   7462	   7417	   7364	   7306	   7241	   7168	   7087	   7000	   6906	   6803	   6690	   6570	   6442	   6304	   6156	   5976	   5781	   5598	   5404	   5200	   4986	   4752	   4502	   4241	   3962	   3667	   3356	   3024	   2670	   2292	   1888	   1473	   1030	    559	     60	      0	
  171	      0	   7532	   7501	   7462	   7417	   7364	   7306	   7241	   7168	   7087	   7000	   6906	   6803	   6690	   6570	   6442	   6304	   6156	   5977	   5781	   5599	   5404	   5200	   4987	   4753	   4503	   4242	   3963	   3668	   3356	   3025	   2671	   2293	   1889	   1473	   1030	    561	     61	      0	
  172	      0	   7532	   7501	   7462	   7417	   7364	   7306	   7241	   7168	   7087	   6999	   6905	   6803	   6690	   6570	   6443	   6305	   6156	   5977	   5781	   5599	   5405	   5201	   4987	   4753	   4503	   4242	   3963	   3668	   3357	   3025	   2672	   2294	   1890	   1474	   1032	    563	     63	      0	
  173	      0	   7532	   7501	   7462	   7417	   7364	   7306	   7241	   7168	   7087	   6999	   6905	   6803	   6690	   6570	   6443	   6305	   6156	   5977	   5781	   5599	   5405	   5201	   4988	   4754	   4504	   4242	   3964	   3669	   3357	   3025	   2672	   2294	   1890	   1475	   1032	    564	     64	      0	
  174	      0	   7532	   7501	   7462	   7417	   7364	   7306	   7241	   7168	   7087	   6999	   6905	   6803	   6690	   6570	   6443	   6305	   6157	   5977	   5782	   5599	   5405	   5202	   4988	   4754	   4504	   4243	   3964	   3670	   3358	   3026	   2673	   2295	   1891	   1476	   1033	    565	     65	      0	
  175	      0	   7532	   7501	   7462	   7417	   7364	   7306	   7241	   7168	   7087	   6999	   6905	   6803	   6690	   6570	   6443	   6305	   6157	   5977	   5782	   5599	   5406	   5202	   4988	   4754	   4505	   4243	   3965	   3670	   3358	   3027	   2674	   2295	   1892	   1477	   1035	    566	     67	      0	
  176	      0	   7532	   7501	   7462	   7417	   7364	   7306	   7241	   7168	   7087	   6999	   6905	   6803	   6690	   6571	   6443	   6305	   6157	   5977	   5782	   5599	   5406	   5203	   4989	   4755	   4505	   4244	   3966	   3671	   3359	   3027	   2674	   2296	   1892	   1477	   1035	    568	     68	      0	
  177	      0	   7532	   7501	   7462	   7417	   7364	   7306	   7241	   7168	   7087	   6999	   6905	   6803	   6690	   6571	   6443	   6305	   6157	   5977	   5782	   5600	   5406	   5203	   4989	   4756	   4506	   4244	   3966	   3672	   3360	   3028	   2675	   2297	   1894	   1478	   1036	    569	     69	      0	
  178	      0	   7532	   7501	   7462	   7417	   7364	   7306	   7241	   7168	   7087	   6999	   6905	   6803	   6690	   6571	   6443	   6305	   6157	   5977	   5783	   5600	   5406	   5203	   4990	   4756	   4506	   4245	   3967	   3673	   3360	   3028	   2676	   2298	   1895	   1479	   1037	    570	     70	      0	
  179	      0	   7532	   7501	   7462	   7417	   7364	   7306	   7241	   7168	   7087	   6999	   6905	   6803	   6690	   6571	   6444	   6305	   6157	   5977	   5783	   5600	   5407	   5204	   4990	   4756	   4507	   4245	   3968	   3673	   3361	   3029	   2677	   2299	   1896	   1480	   1039	    571	     72	      0	
  180	      0	   7532	   7501	   7462	   7417	   7364	   7306	   7241	   7168	   7087	   6999	   6905	   6803	   6690	   6571	   6444	   6305	   6157	   5977	   5783	   5601	   5407	   5204	   4990	   4757	   4507	   4246	   3968	   3674	   3362	   3029	   2678	   2300	   1897	   1481	   1040	    572	     73	      0	
  181	      0	   7532	   7501	   7462	   7417	   7364	   7306	   7242	   7168	   7087	   6999	   6905	   6803	   6690	   6571	   6444	   6305	   6157	   5978	   5783	   5601	   5407	   5204	   4991	   4757	   4508	   4247	   3969	   3675	   3362	   3030	   2678	   2301	   1899	   1483	   1041	    574	     75	      0	
  182	      0	   7532	   7501	   7462	   7417	   7364	   7306	   7242	   7169	   7087	   6999	   6905	   6803	   6690	   6571	   6444	   6305	   6157	   5978	   5783	   5601	   5408	   5205	   4991	   4757	   4508	   4247	   3969	   3676	   3363	   3031	   2679	   2302	   1900	   1484	   1042	    575	     76	      0	
  183	      0	   7532	   7501	   7462	   7417	   7364	   7306	   7242	   7169	   7087	   6999	   6905	   6803	   6690	   6571	   6444	   6305	   6157	   5978	   5784	   5601	   5408	   5205	   4991	   4758	   4509	   4248	   3970	   3676	   3363	   3032	   2680	   2303	   1901	   1486	   1043	    576	     78	      0	
  184	      0	   7532	   7501	   7462	   7417	   7364	   7306	   7242	   7169	   7087	   6999	   6906	   6803	   6691	   6571	   6444	   6305	   6157	   5978	   5784	   5602	   5408	   5205	   4991	   4758	   4509	   4248	   3971	   3677	   3364	   3033	   2681	   2304	   1902	   1487	   1044	    577	     79	      0	
  185	      0	   7532	   7501	   7462	   7417	   7364	   7306	   7242	   7169	   7087	   6999	   6906	   6803	   6691	   6572	   6444	   6305	   6157	   5978	   5784	   5602	   5408	   5205	   4992	   4759	   4509	   4249	   3971	   3677	   3365	   3033	   2682	   2305	   1903	   1488	   1045	    578	     80	      0	
  186	      0	   7532	   7501	   7462	   7416	   7364	   7306	   7242	   7169	   7087	   7000	   6906	   6804	   6691	   6572	   6444	   6305	   6157	   5978	   5784	   5602	   5409	   5206	   4992	   4759	   4510	   4249	   3972	   3678	   3365	   3034	   2682	   2306	   1904	   1489	   1046	    579	     82	      0	
  187	      0	   7532	   7501	   7462	   7416	   7364	   7306	   7242	   7169	   7088	   7000	   6906	   6804	   6691	   6572	   6444	   6305	   6158	   5978	   5784	   5602	   5409	   5206	   4992	   4759	   4510	   4250	   3972	   3678	   3366	   3034	   2683	   2307	   1906	   1491	   1048	    580	     83	      0	
  188	      0	   7532	   7501	   7462	   7416	   7364	   7306	   7242	   7169	   7088	   7000	   6906	   6804	   6692	   6572	   6444	   6305	   6158	   5979	   5784	   5602	   5409	   5206	   4993	   4759	   4511	   4250	   3972	   3678	   3367	   3035	   2684	   2308	   1907	   1493	   1049	    581	     84	      0	
  189	      0	   7532	   7501	   7462	   7416	   7364	   7306	   7242	   7169	   7088	   7000	   6906	   6804	   6692	   6572	   6444	   6305	   6158	   5979	   5784	   5603	   5409	   5206	   4993	   4760	   4511	   4251	   3972	   3679	   3368	   3036	   2684	   2309	   1909	   1494	   1050	    582	     85	      0	
  190	      0	   7532	   7500	   7462	   7416	   7364	   7306	   7242	   7169	   7088	   7001	   6906	   6804	   6692	   6572	   6444	   6306	   6158	   5979	   5784	   5603	   5409	   5206	   4993	   4760	   4512	   4251	   3973	   3679	   3368	   3037	   2685	   2310	   1910	   1495	   1051	    583	     86	      0	
  191	      0	   7532	   7500	   7462	   7416	   7364	   7306	   7242	   7169	   7088	   7001	   6906	   6804	   6692	   6572	   6444	   6306	   6158	   5979	   5785	   5603	   5409	   5206	   4993	   4760	   4512	   4252	   3973	   3680	   3369	   3037	   2686	   2312	   1911	   1496	   1052	    584	     88	      0	
  192	      0	   7532	   7500	   7462	   7416	   7364	   7306	   7242	   7169	   7088	   7001	   6907	   6805	   6692	   6572	   6444	   6306	   6159	   5980	   5785	   5603	   5410	   5206	   4993	   4761	   4512	   4252	   3973	   3680	   3370	   3038	   2687	   2313	   1912	   1498	   1053	    585	     89	      0	
  193	      0	   7532	   7500	   7462	   7416	   7364	   7306	   7242	   7169	   7088	   7001	   6907	   6805	   6693	   6572	   6444	   6306	   6159	   5980	   5785	   5603	   5410	   5207	   4994	   4761	   4513	   4253	   3974	   3681	   3370	   3039	   2688	   2314	   1914	   1499	   1054	    587	     91	      0	
  194	      0	   7532	   7500	   7462	   7416	   7364	   7306	   7241	   7168	   7088	   7001	   6907	   6805	   6693	   6572	   6444	   6306	   6159	   5980	   5785	   5604	   5410	   5207	   4994	   4761	   4513	   4253	   3974	   3681	   3371	   3039	   2689	   2316	   1915	   1500	   1055	    589	     92	      0	
  195	      0	   7532	   7500	   7462	   7416	   7364	   7306	   7241	   7168	   7088	   7001	   6907	   6805	   6693	   6572	   6444	   6306	   6159	   5980	   5785	   5604	   5410	   5207	   4994	   4762	   4513	   4253	   3975	   3682	   3372	   3040	   2690	   2317	   1916	   1501	   1057	    591	     93	      0	
  196	      0	   7532	   7500	   7462	   7416	   7364	   7306	   7241	   7168	   7088	   7001	   6907	   6805	   6693	   6572	   6444	   6306	   6159	   5980	   5785	   5604	   5411	   5207	   4995	   4762	   4514	   4254	   3975	   3682	   3372	   3040	   2691	   2319	   1917	   1503	   1058	    592	     95	      0	
  197	      0	   7532	   7500	   7462	   7416	   7364	   7306	   7241	   7168	   7088	   7001	   6907	   6805	   6693	   6572	   6444	   6306	   6159	   5980	   5785	   5604	   5411	   5208	   4995	   4762	   4514	   4254	   3976	   3683	   3373	   3041	   2692	   2320	   1918	   1504	   1060	    594	     97	      0	
  198	      0	   7532	   7500	   7462	   7416	   7364	   7306	   7241	   7168	   7088	   7001	   6907	   6805	   6693	   6572	   6444	   6306	   6159	   5980	   5785	   5604	   5411	   5208	   4995	   4762	   4514	   4255	   3976	   3684	   3374	   3042	   2693	   2321	   1919	   1506	   1062	    596	     99	      0	
  199	      0	   7532	   7500	   7462	   7416	   7364	   7306	   7241	   7168	   7088	   7001	   6907	   6805	   6693	   6572	   6444	   6306	   6159	   5980	   5785	   5604	   5411	   5208	   4995	   4763	   4515	   4255	   3976	   3684	   3374	   3042	   2694	   2322	   1921	   1508	   1063	    597	    101	      0	
  200	      0	   7532	   7500	   7462	   7416	   7364	   7306	   7241	   7168	   7088	   7001	   6907	   6805	   6693	   6572	   6444	   6306	   6159	   5980	   5786	   5604	   5411	   5208	   4996	   4763	   4515	   4256	   3977	   3685	   3375	   3043	   2696	   2324	   1922	   1509	   1065	    600	    104	      0	
  201	      0	   7532	   7500	   7462	   7416	   7363	   7305	   7241	   7168	   7088	   7001	   6907	   6805	   6693	   6572	   6444	   6307	   6159	   5980	   5786	   5605	   5412	   5209	   4996	   4763	   4515	   4256	   3977	   3685	   3375	   3044	   2697	   2325	   1923	   1511	   1067	    602	    107	      0	
  202	      0	   7532	   7500	   7462	   7416	   7363	   7305	   7241	   7168	   7088	   7001	   6907	   6805	   6693	   6572	   6444	   6307	   6159	   5980	   5786	   5605	   5412	   5209	   4996	   4764	   4516	   4257	   3978	   3686	   3376	   3045	   2698	   2326	   1924	   1513	   1069	    604	    112	      0	
  203	      0	   7532	   7500	   7462	   7416	   7363	   7305	   7241	   7168	   7088	   7001	   6907	   6806	   6693	   6572	   6444	   6307	   6159	   5980	   5786	   5605	   5412	   5209	   4996	   4764	   4516	   4257	   3978	   3686	   3376	   3046	   2699	   2328	   1925	   1515	   1071	    606	    115	      0	
  204	      0	   7532	   7500	   7462	   7416	   7363	   7305	   7241	   7168	   7088	   7001	   6907	   6806	   6694	   6572	   6444	   6307	   6159	   5981	   5787	   5605	   5413	   5210	   4997	   4764	   4516	   4257	   3979	   3687	   3377	   3047	   2700	   2329	   1926	   1517	   1073	    608	    119	      0	
  205	      0	   7532	   7500	   7462	   7416	   7363	   7305	   7240	   7168	   7088	   7001	   6907	   6806	   6693	   6572	   6444	   6307	   6159	   5981	   5787	   5606	   5413	   5210	   4997	   4764	   4516	   4258	   3979	   3687	   3378	   3048	   2701	   2330	   1927	   1519	   1075	    611	    123	      0	
  206	      0	   7532	   7500	   7462	   7416	   7363	   7305	   7240	   7168	   7088	   7001	   6907	   6806	   6694	   6572	   6445	   6307	   6160	   5981	   5787	   5606	   5413	   5210	   4997	   4764	   4517	   4258	   3980	   3688	   3379	   3049	   2703	   2332	   1929	   1521	   1078	    614	    127	      0	
  207	      0	   7532	   7500	   7462	   7416	   7363	   7305	   7240	   7168	   7088	   7001	   6907	   6806	   6693	   6572	   6445	   6307	   6160	   5981	   5787	   5606	   5413	   5210	   4997	   4764	   4517	   4259	   3981	   3689	   3379	   3050	   2704	   2333	   1930	   1523	   1080	    616	    131	      0	
  208	      0	   7532	   7500	   7462	   7416	   7363	   7305	   7240	   7168	   7087	   7001	   6907	   6806	   6693	   6572	   6445	   6307	   6160	   5981	   5787	   5606	   5413	   5210	   4997	   4765	   4517	   4259	   3981	   3689	   3380	   3051	   2705	   2334	   1931	   1525	   1083	    620	    135	      0	
  209	      0	   7532	   7500	   7462	   7416	   7363	   7305	   7240	   7167	   7087	   7001	   6907	   6806	   6693	   6572	   6445	   6307	   6160	   5981	   5787	   5606	   5414	   5211	   4997	   4765	   4517	   4260	   3982	   3689	   3380	   3051	   2705	   2335	   1932	   1528	   1087	    623	    139	      0	
  210	      0	   7532	   7500	   7462	   7416	   7363	   7305	   7240	   7167	   7087	   7001	   6907	   6806	   6694	   6572	   6445	   6307	   6160	   5981	   5787	   5607	   5414	   5211	   4998	   4765	   4518	   4260	   3983	   3690	   3381	   3052	   2706	   2336	   1933	   1530	   1091	    626	    142	      0	
  211	      0	   7532	   7500	   7462	   7416	   7363	   7305	   7240	   7167	   7087	   7001	   6907	   6806	   6693	   6572	   6445	   6307	   6160	   5981	   5787	   5607	   5414	   5211	   4998	   4765	   4518	   4261	   3983	   3690	   3382	   3053	   2707	   2337	   1934	   1532	   1094	    631	    147	      0	
  212	      0	   7532	   7500	   7462	   7416	   7363	   7305	   7240	   7167	   7087	   7001	   6907	   6805	   6693	   6572	   6445	   6308	   6160	   5981	   5787	   5607	   5414	   5211	   4998	   4766	   4518	   4261	   3983	   3691	   3382	   3054	   2708	   2338	   1936	   1534	   1098	      0	      0	      0	
  213	      0	   7532	   7500	   7462	   7416	   7363	   7305	   7240	   7167	   7087	   7001	   6907	   6805	   6693	   6572	   6445	   6308	   6160	   5981	   5787	   5607	   5414	   5211	   4998	   4766	   4518	   4261	   3984	   3691	   3383	   3054	   2709	   2339	   1938	   1536	   1101	      0	      0	      0	
  214	      0	   7532	   7500	   7462	   7416	   7363	   7305	   7240	   7167	   7087	   7001	   6907	   6805	   6693	   6572	   6445	   6308	   6160	   5982	   5787	   5607	   5415	   5211	   4998	   4766	   4519	   4261	   3984	   3692	   3383	   3055	   2710	   2340	   1939	   1537	   1104	      0	      0	      0	
  215	      0	   7532	   7500	   7461	   7416	   7363	   7305	   7240	   7167	   7087	   7001	   6907	   6805	   6693	   6572	   6445	   6308	   6160	   5982	   5787	   5607	   5415	   5212	   4999	   4766	   4519	   4262	   3985	   3692	   3383	   3056	   2711	   2342	   1941	   1539	   1107	      0	      0	      0	
  216	      0	   7532	   7500	   7461	   7416	   7363	   7305	   7240	   7167	   7087	   7001	   6907	   6805	   6693	   6572	   6445	   6308	   6161	   5982	   5787	   5607	   5415	   5212	   4999	   4767	   4520	   4262	   3985	   3693	   3384	   3057	   2711	   2343	   1943	   1540	   1110	      0	      0	      0	
  217	      0	   7532	   7500	   7461	   7416	   7363	   7305	   7240	   7167	   7087	   7001	   6907	   6805	   6693	   6572	   6445	   6308	   6161	   5982	   5787	   5608	   5415	   5212	   4999	   4767	   4520	   4262	   3986	   3693	   3384	   3057	   2712	   2345	   1945	   1542	   1113	      0	      0	      0	
  218	      0	   7532	   7500	   7461	   7416	   7363	   7305	   7240	   7167	   7087	   7001	   6907	   6805	   6693	   6572	   6445	   6308	   6161	   5982	   5787	   5608	   5416	   5212	   4999	   4767	   4520	   4263	   3986	   3694	   3385	   3058	   2713	   2346	   1947	   1543	   1116	      0	      0	      0	
  219	      0	   7532	   7500	   7461	   7416	   7363	   7305	   7240	   7167	   7087	   7001	   6907	   6805	   6693	   6572	   6445	   6308	   6161	   5982	   5787	   5608	   5416	   5212	   5000	   4768	   4520	   4263	   3987	   3694	   3385	   3058	   2714	   2348	   1949	   1545	      0	      0	      0	      0	
  220	      0	   7532	   7500	   7461	   7416	   7363	   7305	   7240	   7167	   7087	   7001	   6907	   6805	   6693	   6572	   6445	   6308	   6161	   5982	   5787	   5608	   5416	   5212	   5000	   4768	   4521	   4263	   3987	   3695	   3386	   3059	   2715	   2350	   1951	   1540	      0	      0	      0	      0	
  221	      0	   7532	   7500	   7461	   7416	   7363	   7305	   7240	   7167	   7087	   7001	   6907	   6805	   6693	   6572	   6445	   6308	   6161	   5982	   5787	   5608	   5416	   5213	   5000	   4768	   4521	   4264	   3987	   3696	   3387	   3060	   2716	   2351	   1953	      0	      0	      0	      0	      0	
  222	      0	   7532	   7500	   7461	   7416	   7363	   7305	   7240	   7168	   7087	   7001	   6907	   6805	   6693	   6572	   6445	   6308	   6161	   5982	   5787	   5608	   5416	   5213	   5000	   4769	   4521	   4264	   3988	   3696	   3387	   3060	   2717	   2353	   1955	      0	      0	      0	      0	      0	
  223	      0	   7532	   7500	   7461	   7416	   7363	   7305	   7240	   7168	   7087	   7001	   6907	   6805	   6693	   6572	   6445	   6308	   6161	   5982	   5787	   5608	   5417	   5213	   5001	   4769	   4522	   4265	   3988	   3697	   3387	   3061	   2718	   2354	   1957	      0	      0	      0	      0	      0	
  224	      0	   7532	   7500	   7462	   7416	   7363	   7305	   7240	   7168	   7087	   7001	   6907	   6805	   6693	   6572	   6445	   6308	   6161	   5982	   5788	   5609	   5417	   5213	   5001	   4769	   4522	   4265	   3989	   3698	   3388	   3061	   2719	   2356	   1959	      0	      0	      0	      0	      0	
  225	      0	   7532	   7500	   7462	   7416	   7363	   7305	   7240	   7168	   7087	   7001	   6907	   6805	   6693	   6572	   6445	   6308	   6161	   5982	   5788	   5609	   5417	   5213	   5001	   4770	   4522	   4266	   3990	   3698	   3389	   3062	   2720	   2358	   1961	      0	      0	      0	      0	      0	
  226	      0	   7532	   7500	   7462	   7416	   7363	   7305	   7240	   7168	   7087	   7001	   6908	   6805	   6693	   6572	   6445	   6308	   6161	   5983	   5788	   5609	   5417	   5214	   5002	   4770	   4523	   4266	   3990	   3699	   3389	   3062	   2721	   2359	      0	      0	      0	      0	      0	      0	
  227	      0	   7532	   7500	   7462	   7416	   7363	   7305	   7240	   7168	   7087	   7001	   6908	   6805	   6693	   6572	   6445	   6308	   6161	   5983	   5788	   5609	   5417	   5214	   5002	   4770	   4523	   4267	   3991	   3700	   3390	   3063	   2721	      0	      0	      0	      0	      0	      0	      0	
  228	      0	   7532	   7500	   7462	   7416	   7363	   7305	   7240	   7168	   7087	   7001	   6908	   6805	   6693	   6572	   6445	   6308	   6161	   5983	   5789	   5610	   5418	   5214	   5002	   4771	   4523	   4267	   3992	   3701	   3391	   3064	   2723	      0	      0	      0	      0	      0	      0	      0	
  229	      0	   7532	   7500	   7462	   7416	   7363	   7305	   7240	   7168	   7087	   7001	   6908	   6805	   6693	   6572	   6445	   6308	   6161	   5983	   5789	   5610	   5418	   5215	   5002	   4771	   4524	   4267	   3992	   3701	   3391	   3064	   2724	      0	      0	      0	      0	      0	      0	      0	
  230	      0	   7532	   7500	   7462	   7416	   7363	   7305	   7240	   7168	   7087	   7001	   6908	   6805	   6693	   6572	   6445	   6308	   6161	   5983	   5789	   5610	   5418	   5215	   5003	   4771	   4524	   4268	   3993	   3702	   3392	   3065	   2725	      0	      0	      0	      0	      0	      0	      0	
  231	      0	   7531	   7500	   7462	   7416	   7363	   7305	   7240	   7168	   7087	   7001	   6908	   6805	   6693	   6572	   6445	   6308	   6161	   5983	   5789	   5611	   5419	   5215	   5003	   4772	   4524	   4268	   3993	   3703	   3392	   3065	   2725	      0	      0	      0	      0	      0	      0	      0	
  232	      0	   7531	   7500	   7462	   7416	   7363	   7305	   7240	   7168	   7087	   7001	   6908	   6805	   6693	   6572	   6446	   6308	   6161	   5983	   5790	   5611	   5419	   5216	   5003	   4772	   4525	   4268	   3993	   3703	   3393	   3066	   2726	      0	      0	      0	      0	      0	      0	      0	
  233	      0	   7531	   7500	   7462	   7416	   7363	   7305	   7240	   7168	   7088	   7001	   6908	   6806	   6693	   6572	   6446	   6308	   6161	   5983	   5790	   5611	   5419	   5216	   5003	   4772	   4525	   4269	   3994	   3704	   3394	   3067	   2727	      0	      0	      0	      0	      0	      0	      0	
  234	      0	   7531	   7500	   7462	   7416	   7363	   7305	   7240	   7168	   7088	   7001	   6908	   6806	   6693	   6572	   6446	   6308	   6161	   5983	   5790	   5611	   5419	   5216	   5004	   4773	   4526	   4269	   3994	   3705	   3395	   3067	   2728	      0	      0	      0	      0	      0	      0	      0	
  235	      0	   7531	   7500	   7462	   7416	   7363	   7305	   7240	   7168	   7088	   7001	   6908	   6806	   6693	   6572	   6446	   6309	   6161	   5983	   5790	   5611	   5419	   5216	   5004	   4773	   4526	   4270	   3995	   3705	   3396	   3068	   2729	      0	      0	      0	      0	      0	      0	      0	
  236	      0	   7531	   7500	   7462	   7416	   7363	   7305	   7240	   7168	   7088	   7002	   6908	   6806	   6693	   6572	   6446	   6309	   6161	   5984	   5790	   5611	   5419	   5216	   5004	   4773	   4526	   4270	   3995	   3706	   3396	   3068	   2729	      0	      0	      0	      0	      0	      0	      0	
  237	      0	   7531	   7500	   7462	   7416	   7363	   7305	   7240	   7168	   7088	   7002	   6908	   6806	   6693	   6573	   6446	   6309	   6161	   5984	   5791	   5612	   5419	   5217	   5004	   4774	   4527	   4270	   3996	   3707	   3397	   3069	   2730	      0	      0	      0	      0	      0	      0	      0	
  238	      0	   7531	   7500	   7462	   7416	   7363	   7305	   7240	   7168	   7088	   7002	   6908	   6806	   6693	   6573	   6446	   6309	   6161	   5984	   5791	   5612	   5419	   5217	   5004	   4774	   4527	   4271	   3996	   3707	   3398	   3070	   2731	      0	      0	      0	      0	      0	      0	      0	
  239	      0	   7531	   7500	   7462	   7416	   7363	   7305	   7240	   7168	   7088	   7002	   6908	   6806	   6694	   6573	   6446	   6309	   6162	   5984	   5791	   5612	   5420	   5217	   5005	   4774	   4528	   4271	   3997	   3708	   3399	   3070	   2732	      0	      0	      0	      0	      0	      0	      0	
  240	      0	   7531	   7500	   7462	   7416	   7363	   7305	   7240	   7168	   7088	   7002	   6908	   6806	   6694	   6573	   6446	   6309	   6162	   5984	   5791	   5612	   5420	   5217	   5005	   4775	   4528	   4271	   3997	   3709	   3399	   3070	   2733	      0	      0	      0	      0	      0	      0	      0	
  241	      0	   7531	   7500	   7462	   7416	   7363	   7305	   7240	   7168	   7088	   7002	   6908	   6806	   6694	   6573	   6447	   6309	   6162	   5984	   5791	   5612	   5420	   5217	   5005	   4775	   4528	   4272	   3997	   3709	   3400	   3071	   2733	      0	      0	      0	      0	      0	      0	      0	
  242	      0	   7531	   7500	   7462	   7416	   7363	   7305	   7240	   7168	   7088	   7002	   6908	   6806	   6694	   6573	   6447	   6309	   6162	   5984	   5791	   5612	   5420	   5218	   5006	   4775	   4529	   4272	   3997	   3710	   3401	   3071	   2734	      0	      0	      0	      0	      0	      0	      0	
  243	      0	   7531	   7500	   7462	   7416	   7363	   7305	   7240	   7168	   7088	   7002	   6908	   6806	   6694	   6573	   6447	   6310	   6162	   5984	   5791	   5613	   5420	   5218	   5006	   4776	   4529	   4272	   3997	   3711	   3401	   3072	   2735	      0	      0	      0	      0	      0	      0	      0	
  244	      0	   7531	   7500	   7462	   7416	   7363	   7305	   7240	   7168	   7088	   7002	   6908	   6806	   6694	   6573	   6447	   6310	   6162	   5984	   5791	   5613	   5421	   5218	   5006	   4776	   4529	   4273	   3998	   3711	   3402	   3073	   2736	      0	      0	      0	      0	      0	      0	      0	
  245	      0	   7531	   7500	   7462	   7416	   7363	   7305	   7240	   7167	   7088	   7002	   6908	   6806	   6694	   6573	   6447	   6310	   6162	   5984	   5792	   5613	   5421	   5219	   5006	   4776	   4530	   4273	   3998	   3712	   3402	   3074	   2737	      0	      0	      0	      0	      0	      0	      0	
  246	      0	   7531	   7500	   7462	   7416	   7363	   7305	   7240	   7167	   7088	   7002	   6908	   6806	   6694	   6573	   6447	   6310	   6162	   5984	   5792	   5613	   5421	   5219	   5007	   4776	   4530	   4273	   3998	   3712	   3403	   3077	   2740	      0	      0	      0	      0	      0	      0	      0	
  247	      0	   7531	   7500	   7462	   7416	   7363	   7305	   7240	   7167	   7088	   7002	   6908	   6806	   6694	   6573	   6447	   6310	   6162	   5984	   5792	   5613	   5421	   5219	   5007	   4776	   4530	   4274	   3998	   3712	   3403	   3079	   2743	      0	      0	      0	      0	      0	      0	      0	
  248	      0	   7531	   7500	   7462	   7416	   7363	   7305	   7240	   7167	   7088	   7002	   6908	   6806	   6694	   6573	   6447	   6310	   6163	   5985	   5792	   5613	   5421	   5219	   5007	   4777	   4530	   4274	   3999	   3713	   3403	   3081	   2745	      0	      0	      0	      0	      0	      0	      0	
  249	      0	   7531	   7500	   7462	   7416	   7363	   7305	   7240	   7167	   7088	   7002	   6908	   6806	   6694	   6574	   6448	   6310	   6163	   5985	   5792	   5613	   5421	   5219	   5007	   4777	   4531	   4274	   3999	   3713	   3404	   3082	   2747	      0	      0	      0	      0	      0	      0	      0	
  250	      0	   7531	   7500	   7461	   7416	   7363	   7305	   7240	   7167	   7088	   7002	   6908	   6806	   6694	   6574	   6448	   6310	   6163	   5985	   5792	   5614	   5421	   5219	   5008	   4777	   4531	   4275	   4000	   3713	   3405	   3085	      0	      0	      0	      0	      0	      0	      0	      0	
  251	      0	   7531	   7500	   7461	   7416	   7363	   7305	   7240	   7168	   7088	   7002	   6908	   6806	   6694	   6574	   6448	   6310	   6163	   5985	   5793	   5614	   5422	   5220	   5008	   4777	   4531	   4275	   4000	   3714	   3405	   3088	      0	      0	      0	      0	      0	      0	      0	      0	
  252	      0	   7531	   7500	   7461	   7416	   7363	   7305	   7240	   7168	   7088	   7002	   6908	   6806	   6694	   6574	   6448	   6310	   6163	   5985	   5793	   5614	   5422	   5220	   5008	   4777	   4531	   4275	   4000	   3714	   3406	   3091	      0	      0	      0	      0	      0	      0	      0	      0	
  253	      0	   7531	   7500	   7461	   7416	   7363	   7305	   7240	   7168	   7088	   7002	   6908	   6806	   6694	   6574	   6448	   6310	   6163	   5985	   5793	   5614	   5422	   5220	   5008	   4778	   4531	   4276	   4001	   3714	   3407	   3094	      0	      0	      0	      0	      0	      0	      0	      0	
  254	      0	   7531	   7500	   7461	   7416	   7363	   7305	   7240	   7168	   7088	   7002	   6908	   6806	   6694	   6574	   6447	   6310	   6163	   5986	   5794	   5614	   5422	   5220	   5008	   4778	   4531	   4276	   4001	   3714	   3408	   3097	      0	      0	      0	      0	      0	      0	      0	      0	
  255	      0	   7531	   7500	   7461	   7416	   7363	   7305	   7240	   7168	   7088	   7002	   6908	   6806	   6694	   6574	   6447	   6310	   6163	   5986	   5794	   5615	   5422	   5220	   5008	   4778	   4531	   4276	   4001	   3714	   3409	   3100	      0	      0	      0	      0	      0	      0	      0	      0	
  256	      0	   7531	   7500	   7461	   7416	   7363	   7305	   7240	   7168	   7088	   7002	   6908	   6806	   6695	   6574	   6447	   6311	   6164	   5986	   5794	   5615	   5423	   5220	   5009	   4778	   4532	   4276	   4002	   3714	   3410	   3103	      0	      0	      0	      0	      0	      0	      0	      0	
  257	      0	   7531	   7500	   7461	   7416	   7363	   7305	   7240	   7168	   7088	   7002	   6908	   6806	   6695	   6574	   6447	   6310	   6164	   5986	   5794	   5615	   5423	   5220	   5009	   4778	   4532	   4276	   4002	   3714	   3410	   3105	      0	      0	      0	      0	      0	      0	      0	      0	
  258	      0	   7531	   7500	   7461	   7416	   7363	   7305	   7240	   7168	   7088	   7002	   6908	   6806	   6695	   6574	   6447	   6310	   6164	   5986	   5794	   5615	   5423	   5221	   5009	   4779	   4532	   4276	   4002	   3714	   3411	   3108	      0	      0	      0	      0	      0	      0	      0	      0	
  259	      0	   7531	   7500	   7461	   7416	   7363	   7305	   7241	   7168	   7088	   7002	   6908	   6806	   6695	   6575	   6447	   6310	   6164	   5987	   5794	   5615	   5423	   5221	   5009	   4779	   4532	   4277	   4002	   3713	   3411	   3110	      0	      0	      0	      0	      0	      0	      0	      0	
  260	      0	   7531	   7500	   7461	   7416	   7363	   7305	   7241	   7168	   7088	   7002	   6908	   6806	   6695	   6575	   6447	   6310	   6164	   5987	   5794	   5615	   5423	   5221	   5009	   4779	   4533	   4277	   4003	   3714	   3412	   3113	      0	      0	      0	      0	      0	      0	      0	      0	
  261	      0	   7531	   7500	   7461	   7416	   7363	   7305	   7241	   7168	   7088	   7002	   6908	   6806	   6695	   6575	   6447	   6310	   6164	   5987	   5795	   5615	   5424	   5221	   5009	   4780	   4533	   4277	   4003	   3714	   3412	   3115	      0	      0	      0	      0	      0	      0	      0	      0	
  262	      0	   7531	   7500	   7461	   7415	   7363	   7305	   7241	   7168	   7088	   7002	   6908	   6806	   6695	   6575	   6447	   6310	   6164	   5987	   5795	   5615	   5424	   5221	   5010	   4780	   4533	   4277	   4004	   3714	   3412	   3117	      0	      0	      0	      0	      0	      0	      0	      0	
  263	      0	   7531	   7499	   7461	   7415	   7363	   7305	   7241	   7168	   7088	   7002	   6908	   6806	   6695	   6575	   6447	   6310	   6164	   5987	   5795	   5616	   5424	   5222	   5010	   4780	   4533	   4277	   4004	   3714	   3413	   3118	      0	      0	      0	      0	      0	      0	      0	      0	
  264	      0	   7531	   7499	   7461	   7415	   7363	   7305	   7241	   7168	   7088	   7002	   6908	   6806	   6695	   6575	   6447	   6310	   6164	   5987	   5795	   5616	   5424	   5222	   5010	   4780	   4533	   4278	   4004	   3714	   3413	   3119	      0	      0	      0	      0	      0	      0	      0	      0	
  265	      0	   7531	   7499	   7461	   7415	   7363	   7305	   7241	   7168	   7088	   7002	   6908	   6806	   6695	   6575	   6447	   6310	   6164	   5987	   5795	   5616	   5425	   5222	   5010	   4781	   4534	   4278	   4004	   3714	   3413	   3120	      0	      0	      0	      0	      0	      0	      0	      0	
  266	      0	   7531	   7499	   7461	   7415	   7363	   7305	   7241	   7168	   7088	   7002	   6908	   6806	   6695	   6575	   6447	   6310	   6164	   5988	   5795	   5616	   5425	   5222	   5010	   4781	   4534	   4278	   4004	   3714	   3414	   3120	      0	      0	      0	      0	      0	      0	      0	      0	
  267	      0	   7531	   7499	   7461	   7415	   7363	   7305	   7241	   7168	   7088	   7002	   6908	   6806	   6695	   6575	   6447	   6310	   6165	   5988	   5795	   5616	   5425	   5222	   5010	   4781	   4534	   4278	   4004	   3714	   3415	   3121	      0	      0	      0	      0	      0	      0	      0	      0	
  268	      0	   7531	   7499	   7461	   7415	   7363	   7305	   7241	   7168	   7088	   7002	   6908	   6806	   6695	   6575	   6447	   6310	   6165	   5988	   5795	   5616	   5425	   5223	   5010	   4781	   4534	   4278	   4004	   3714	   3415	   3122	      0	      0	      0	      0	      0	      0	      0	      0	
  269	      0	   7531	   7499	   7461	   7415	   7363	   7305	   7241	   7168	   7088	   7002	   6908	   6806	   6695	   6575	   6447	   6310	   6165	   5988	   5795	   5616	   5425	   5223	   5010	   4781	   4534	   4278	   4004	   3714	   3416	   3122	      0	      0	      0	      0	      0	      0	      0	      0	
  270	      0	   7531	   7499	   7461	   7415	   7363	   7305	   7241	   7168	   7088	   7002	   6908	   6806	   6695	   6575	   6447	   6310	   6165	   5988	   5795	   5616	   5425	   5223	   5010	   4781	   4534	   4277	   4004	   3714	   3416	   3122	      0	      0	      0	      0	      0	      0	      0	      0	
  271	      0	   7531	   7499	   7461	   7415	   7363	   7305	   7240	   7168	   7088	   7002	   6908	   6806	   6695	   6575	   6447	   6310	   6165	   5988	   5795	   5616	   5425	   5223	   5011	   4781	   4534	   4277	   4004	   3714	   3416	   3122	      0	      0	      0	      0	      0	      0	      0	      0	
  272	      0	   7531	   7499	   7461	   7415	   7363	   7305	   7240	   7168	   7088	   7002	   6908	   6806	   6694	   6575	   6447	   6310	   6165	   5988	   5795	   5616	   5425	   5223	   5011	   4781	   4534	   4277	   4004	   3714	   3415	   3122	      0	      0	      0	      0	      0	      0	      0	      0	
  273	      0	   7531	   7499	   7461	   7415	   7363	   7305	   7240	   7168	   7088	   7002	   6908	   6806	   6694	   6575	   6448	   6310	   6165	   5988	   5795	   5616	   5425	   5223	   5011	   4781	   4534	   4278	   4004	   3714	   3415	   3123	      0	      0	      0	      0	      0	      0	      0	      0	
  274	      0	   7531	   7499	   7461	   7415	   7363	   7305	   7240	   7168	   7088	   7002	   6908	   6806	   6694	   6575	   6448	   6310	   6164	   5987	   5795	   5616	   5425	   5223	   5011	   4781	   4534	   4278	   4004	   3714	   3415	   3123	      0	      0	      0	      0	      0	      0	      0	      0	
  275	      0	   7531	   7499	   7461	   7415	   7363	   7305	   7240	   7168	   7088	   7002	   6908	   6806	   6694	   6575	   6448	   6310	   6164	   5987	   5795	   5616	   5425	   5223	   5011	   4781	   4534	   4278	   4004	   3714	   3415	   3123	      0	      0	      0	      0	      0	      0	      0	      0	
  276	      0	   7531	   7499	   7461	   7415	   7363	   7305	   7240	   7168	   7088	   7002	   6908	   6806	   6694	   6575	   6448	   6310	   6164	   5987	   5795	   5616	   5425	   5223	   5011	   4781	   4533	   4277	   4004	   3714	   3415	   3122	      0	      0	      0	      0	      0	      0	      0	      0	
  277	      0	   7531	   7499	   7461	   7415	   7363	   7305	   7240	   7168	   7088	   7002	   6908	   6806	   6694	   6575	   6448	   6311	   6164	   5987	   5795	   5616	   5425	   5223	   5011	   4780	   4533	   4277	   4004	   3714	   3415	   3122	      0	      0	      0	      0	      0	      0	      0	      0	
  278	      0	   7531	   7499	   7461	   7415	   7363	   7305	   7240	   7168	   7089	   7002	   6908	   6806	   6694	   6575	   6448	   6311	   6164	   5987	   5795	   5616	   5425	   5223	   5011	   4780	   4533	   4277	   4004	   3714	   3414	   3120	      0	      0	      0	      0	      0	      0	      0	      0	
  279	      0	   7531	   7499	   7461	   7415	   7363	   7305	   7240	   7168	   7089	   7002	   6908	   6806	   6694	   6575	   6448	   6311	   6164	   5987	   5795	   5616	   5424	   5223	   5011	   4779	   4532	   4277	   4004	   3714	   3414	   3119	      0	      0	      0	      0	      0	      0	      0	      0	
  280	      0	   7531	   7499	   7461	   7415	   7363	   7305	   7240	   7168	   7089	   7002	   6908	   6806	   6694	   6575	   6448	   6311	   6164	   5987	   5795	   5616	   5424	   5222	   5011	   4779	   4532	   4277	   4003	   3714	   3414	   3117	      0	      0	      0	      0	      0	      0	      0	      0	
  281	      0	   7531	   7499	   7461	   7415	   7363	   7305	   7240	   7168	   7089	   7002	   6908	   6806	   6694	   6575	   6448	   6311	   6164	   5987	   5795	   5616	   5424	   5222	   5010	   4779	   4532	   4277	   4003	   3714	   3413	   3115	      0	      0	      0	      0	      0	      0	      0	      0	
  282	      0	   7531	   7499	   7461	   7415	   7363	   7305	   7240	   7168	   7089	   7003	   6908	   6806	   6694	   6575	   6448	   6311	   6164	   5987	   5795	   5616	   5423	   5222	   5010	   4779	   4532	   4277	   4003	   3714	   3413	   3113	      0	      0	      0	      0	      0	      0	      0	      0	
  283	      0	   7531	   7499	   7461	   7415	   7363	   7305	   7240	   7168	   7089	   7003	   6908	   6806	   6694	   6575	   6448	   6311	   6164	   5987	   5795	   5616	   5424	   5222	   5010	   4778	   4532	   4277	   4003	   3714	   3412	   3110	      0	      0	      0	      0	      0	      0	      0	      0	
  284	      0	   7531	   7499	   7461	   7415	   7363	   7305	   7240	   7168	   7089	   7003	   6908	   6806	   6694	   6575	   6448	   6311	   6164	   5987	   5795	   5616	   5423	   5222	   5010	   4778	   4532	   4277	   4002	   3714	   3412	   3108	      0	      0	      0	      0	      0	      0	      0	      0	
  285	      0	   7531	   7499	   7461	   7415	   7363	   7305	   7240	   7168	   7089	   7002	   6908	   6806	   6694	   6575	   6448	   6311	   6164	   5987	   5795	   5616	   5423	   5222	   5010	   4778	   4532	   4277	   4002	   3714	   3411	   3105	      0	      0	      0	      0	      0	      0	      0	      0	
  286	      0	   7531	   7499	   7461	   7415	   7363	   7305	   7240	   7168	   7089	   7002	   6908	   6806	   6694	   6575	   6448	   6311	   6164	   5987	   5795	   5616	   5423	   5222	   5010	   4778	   4532	   4277	   4002	   3714	   3410	   3101	      0	      0	      0	      0	      0	      0	      0	      0	
  287	      0	   7531	   7499	   7461	   7415	   7363	   7305	   7240	   7168	   7089	   7002	   6908	   6806	   6694	   6575	   6448	   6311	   6164	   5987	   5795	   5616	   5423	   5222	   5010	   4778	   4532	   4277	   4002	   3714	   3409	   3098	      0	      0	      0	      0	      0	      0	      0	      0	
  288	      0	   7531	   7499	   7461	   7415	   7363	   7305	   7240	   7168	   7089	   7002	   6908	   6806	   6694	   6575	   6448	   6311	   6164	   5987	   5795	   5616	   5423	   5222	   5010	   4778	   4532	   4277	   4002	   3714	   3408	   3095	      0	      0	      0	      0	      0	      0	      0	      0	
  289	      0	   7531	   7499	   7461	   7415	   7363	   7305	   7240	   7168	   7089	   7002	   6908	   6806	   6694	   6575	   6448	   6311	   6164	   5987	   5795	   5616	   5423	   5222	   5010	   4778	   4532	   4277	   4002	   3714	   3407	   3092	      0	      0	      0	      0	      0	      0	      0	      0	
  290	      0	   7531	   7499	   7461	   7415	   7363	   7305	   7240	   7168	   7089	   7002	   6908	   6806	   6695	   6575	   6448	   6311	   6164	   5987	   5796	   5616	   5423	   5222	   5010	   4778	   4532	   4278	   4002	   3714	   3407	   3090	   2756	      0	      0	      0	      0	      0	      0	      0	
  291	      0	   7531	   7499	   7461	   7415	   7363	   7305	   7240	   7168	   7089	   7002	   6908	   6806	   6695	   6575	   6448	   6311	   6164	   5987	   5796	   5616	   5423	   5222	   5010	   4779	   4532	   4278	   4003	   3714	   3406	   3088	   2753	      0	      0	      0	      0	      0	      0	      0	
  292	      0	   7531	   7499	   7461	   7415	   7363	   7305	   7240	   7168	   7089	   7002	   6908	   6806	   6695	   6575	   6448	   6311	   6164	   5987	   5796	   5616	   5423	   5222	   5010	   4779	   4533	   4278	   4003	   3714	   3407	   3086	   2751	      0	      0	      0	      0	      0	      0	      0	
  293	      0	   7531	   7499	   7461	   7415	   7363	   7305	   7240	   7168	   7089	   7002	   6908	   6806	   6695	   6575	   6448	   6311	   6164	   5987	   5796	   5616	   5423	   5222	   5010	   4779	   4533	   4278	   4003	   3714	   3407	   3084	   2749	      0	      0	      0	      0	      0	      0	      0	
  294	      0	   7531	   7499	   7461	   7415	   7363	   7305	   7240	   7168	   7088	   7002	   6908	   6806	   6695	   6575	   6448	   6311	   6164	   5987	   5796	   5616	   5423	   5222	   5010	   4779	   4533	   4278	   4003	   3715	   3407	   3082	   2746	      0	      0	      0	      0	      0	      0	      0	
  295	      0	   7531	   7499	   7461	   7415	   7363	   7305	   7240	   7168	   7088	   7002	   6908	   6806	   6695	   6575	   6448	   6311	   6164	   5987	   5796	   5616	   5423	   5222	   5010	   4779	   4533	   4278	   4003	   3715	   3407	   3081	   2745	      0	      0	      0	      0	      0	      0	      0	
  296	      0	   7531	   7499	   7461	   7415	   7363	   7305	   7241	   7168	   7088	   7002	   6908	   6806	   6695	   6575	   6448	   6311	   6164	   5987	   5796	   5616	   5423	   5222	   5010	   4779	   4533	   4278	   4003	   3715	   3407	   3081	   2745	      0	      0	      0	      0	      0	      0	      0	
  297	      0	   7531	   7499	   7461	   7415	   7363	   7305	   7241	   7168	   7088	   7002	   6908	   6806	   6695	   6575	   6448	   6311	   6164	   5987	   5796	   5616	   5423	   5222	   5010	   4779	   4534	   4279	   4003	   3715	   3407	   3081	   2744	      0	      0	      0	      0	      0	      0	      0	
  298	      0	   7531	   7499	   7461	   7415	   7363	   7305	   7241	   7168	   7088	   7002	   6908	   6806	   6695	   6575	   6448	   6311	   6164	   5988	   5796	   5616	   5424	   5222	   5010	   4779	   4534	   4279	   4004	   3715	   3407	   3081	   2744	      0	      0	      0	      0	      0	      0	      0	
  299	      0	   7531	   7499	   7461	   7415	   7363	   7305	   7241	   7168	   7088	   7002	   6908	   6806	   6695	   6575	   6448	   6311	   6164	   5988	   5796	   5616	   5424	   5222	   5010	   4780	   4534	   4279	   4004	   3715	   3407	   3081	   2744	      0	      0	      0	      0	      0	      0	      0	
  300	      0	   7531	   7499	   7461	   7415	   7363	   7305	   7241	   7168	   7088	   7002	   6908	   6806	   6695	   6575	   6448	   6311	   6164	   5988	   5796	   5616	   5424	   5222	   5010	   4780	   4534	   4279	   4004	   3716	   3407	   3081	   2743	      0	      0	      0	      0	      0	      0	      0	
  301	      0	   7531	   7499	   7461	   7415	   7363	   7305	   7241	   7168	   7088	   7002	   6908	   6806	   6695	   6575	   6448	   6311	   6164	   5988	   5796	   5616	   5424	   5222	   5010	   4780	   4534	   4280	   4004	   3715	   3407	   3081	   2743	      0	      0	      0	      0	      0	      0	      0	
  302	      0	   7531	   7499	   7461	   7415	   7363	   7305	   7241	   7168	   7088	   7002	   6908	   6806	   6695	   6575	   6448	   6311	   6164	   5988	   5796	   5616	   5424	   5222	   5011	   4780	   4535	   4280	   4004	   3715	   3407	   3081	   2742	      0	      0	      0	      0	      0	      0	      0	
  303	      0	   7531	   7499	   7461	   7415	   7363	   7305	   7241	   7168	   7088	   7002	   6908	   6806	   6695	   6575	   6448	   6311	   6164	   5988	   5796	   5616	   5424	   5223	   5011	   4780	   4535	   4280	   4005	   3715	   3407	   3081	   2742	      0	      0	      0	      0	      0	      0	      0	
  304	      0	   7531	   7499	   7461	   7415	   7363	   7305	   7241	   7168	   7088	   7002	   6908	   6806	   6695	   6575	   6448	   6311	   6164	   5988	   5796	   5616	   5424	   5223	   5011	   4780	   4535	   4280	   4005	   3715	   3407	   3081	   2742	      0	      0	      0	      0	      0	      0	      0	
  305	      0	   7531	   7499	   7461	   7415	   7363	   7305	   7241	   7168	   7088	   7002	   6908	   6806	   6695	   6575	   6448	   6311	   6164	   5988	   5795	   5616	   5424	   5223	   5011	   4780	   4535	   4280	   4005	   3715	   3407	   3081	   2742	      0	      0	      0	      0	      0	      0	      0	
  306	      0	   7531	   7499	   7461	   7415	   7363	   7305	   7241	   7168	   7088	   7002	   6908	   6806	   6695	   6575	   6449	   6311	   6164	   5988	   5795	   5616	   5424	   5223	   5011	   4780	   4535	   4280	   4005	   3715	   3407	   3081	   2742	      0	      0	      0	      0	      0	      0	      0	
  307	      0	   7531	   7499	   7461	   7415	   7363	   7305	   7241	   7168	   7088	   7002	   6908	   6807	   6695	   6575	   6449	   6311	   6164	   5987	   5795	   5616	   5424	   5223	   5011	   4781	   4535	   4280	   4005	   3715	   3407	   3081	   2742	      0	      0	      0	      0	      0	      0	      0	
  308	      0	   7531	   7499	   7461	   7415	   7363	   7305	   7241	   7168	   7088	   7002	   6908	   6807	   6695	   6575	   6449	   6311	   6164	   5987	   5795	   5616	   5424	   5223	   5011	   4781	   4535	   4280	   4005	   3716	   3407	   3081	   2742	      0	      0	      0	      0	      0	      0	      0	
  309	      0	   7531	   7499	   7461	   7415	   7363	   7305	   7241	   7168	   7088	   7002	   6908	   6807	   6695	   6576	   6449	   6311	   6164	   5987	   5795	   5616	   5424	   5223	   5011	   4781	   4535	   4280	   4005	   3716	   3407	   3080	   2741	      0	      0	      0	      0	      0	      0	      0	
  310	      0	   7531	   7499	   7461	   7415	   7363	   7305	   7241	   7169	   7088	   7002	   6908	   6807	   6695	   6576	   6449	   6311	   6164	   5987	   5795	   5616	   5424	   5223	   5012	   4781	   4535	   4280	   4005	   3716	   3407	   3080	   2740	      0	      0	      0	      0	      0	      0	      0	
  311	      0	   7531	   7499	   7461	   7415	   7363	   7305	   7241	   7169	   7088	   7002	   6908	   6807	   6695	   6576	   6449	   6311	   6164	   5987	   5795	   5616	   5424	   5223	   5011	   4781	   4535	   4280	   4005	   3716	   3407	   3080	   2740	      0	      0	      0	      0	      0	      0	      0	
  312	      0	   7531	   7499	   7461	   7415	   7363	   7305	   7241	   7169	   7088	   7002	   6908	   6807	   6695	   6576	   6449	   6311	   6164	   5987	   5795	   5615	   5424	   5223	   5011	   4781	   4535	   4280	   4006	   3716	   3407	   3080	   2740	   2400	      0	      0	      0	      0	      0	      0	
  313	      0	   7531	   7499	   7461	   7415	   7363	   7305	   7241	   7169	   7088	   7002	   6909	   6807	   6695	   6576	   6449	   6311	   6164	   5987	   5795	   5615	   5424	   5223	   5011	   4781	   4534	   4280	   4006	   3716	   3407	   3079	   2740	   2392	   2001	      0	      0	      0	      0	      0	
  314	      0	   7531	   7499	   7461	   7415	   7363	   7305	   7241	   7169	   7088	   7002	   6909	   6807	   6695	   6575	   6449	   6311	   6164	   5987	   5795	   5615	   5423	   5222	   5011	   4781	   4534	   4279	   4005	   3716	   3407	   3079	   2740	   2390	   1996	      0	      0	      0	      0	      0	
  315	      0	   7531	   7499	   7461	   7415	   7363	   7305	   7241	   7169	   7088	   7002	   6909	   6807	   6695	   6575	   6449	   6311	   6164	   5987	   5794	   5615	   5423	   5222	   5011	   4781	   4534	   4279	   4005	   3716	   3408	   3080	   2739	   2389	   1994	      0	      0	      0	      0	      0	
  316	      0	   7531	   7499	   7461	   7415	   7363	   7305	   7241	   7169	   7088	   7002	   6909	   6807	   6695	   6575	   6449	   6311	   6164	   5987	   5794	   5614	   5423	   5222	   5011	   4781	   4534	   4279	   4005	   3716	   3408	   3080	   2739	   2387	   1993	      0	      0	      0	      0	      0	
  317	      0	   7531	   7499	   7461	   7415	   7363	   7305	   7241	   7169	   7088	   7002	   6909	   6807	   6695	   6575	   6449	   6311	   6163	   5987	   5794	   5614	   5423	   5222	   5011	   4781	   4534	   4279	   4005	   3716	   3408	   3079	   2738	   2385	   1991	      0	      0	      0	      0	      0	
  318	      0	   7531	   7499	   7461	   7415	   7363	   7305	   7241	   7168	   7088	   7002	   6909	   6807	   6695	   6575	   6448	   6311	   6163	   5987	   5794	   5614	   5423	   5222	   5011	   4781	   4534	   4279	   4005	   3716	   3408	   3080	   2737	   2380	   1987	      0	      0	      0	      0	      0	
  319	      0	   7531	   7499	   7461	   7415	   7363	   7305	   7241	   7168	   7088	   7002	   6908	   6807	   6695	   6575	   6448	   6311	   6164	   5987	   5794	   5614	   5423	   5222	   5011	   4781	   4534	   4279	   4005	   3716	   3408	   3080	   2737	   2378	   1985	   1579	      0	      0	      0	      0	
  320	      0	   7531	   7499	   7461	   7415	   7363	   7305	   7240	   7168	   7088	   7002	   6908	   6807	   6695	   6575	   6448	   6311	   6163	   5987	   5794	   5613	   5422	   5221	   5011	   4781	   4534	   4279	   4005	   3716	   3408	   3080	   2736	   2376	   1983	   1579	      0	      0	      0	      0	
  321	      0	   7531	   7499	   7461	   7415	   7363	   7305	   7240	   7168	   7088	   7002	   6908	   6807	   6695	   6575	   6448	   6311	   6163	   5986	   5794	   5613	   5422	   5221	   5011	   4781	   4534	   4279	   4005	   3715	   3408	   3080	   2736	   2375	   1981	   1578	   1154	      0	      0	      0	
  322	      0	   7531	   7499	   7461	   7415	   7363	   7305	   7240	   7168	   7088	   7002	   6908	   6807	   6695	   6575	   6448	   6311	   6163	   5986	   5793	   5613	   5422	   5221	   5010	   4781	   4534	   4279	   4005	   3715	   3408	   3081	   2735	   2373	   1979	   1578	   1152	      0	      0	      0	
  323	      0	   7531	   7499	   7461	   7415	   7363	   7305	   7240	   7168	   7088	   7001	   6908	   6807	   6695	   6575	   6448	   6310	   6163	   5986	   5793	   5613	   5422	   5220	   5010	   4780	   4534	   4279	   4005	   3715	   3408	   3081	   2735	   2371	   1977	   1577	   1150	      0	      0	      0	
  324	      0	   7531	   7499	   7461	   7415	   7363	   7305	   7240	   7168	   7088	   7001	   6908	   6806	   6695	   6575	   6448	   6310	   6163	   5986	   5793	   5613	   5421	   5220	   5009	   4780	   4534	   4278	   4004	   3715	   3408	   3081	   2735	   2370	   1976	   1576	   1148	      0	      0	      0	
  325	      0	   7531	   7499	   7461	   7415	   7363	   7305	   7240	   7168	   7088	   7001	   6908	   6806	   6695	   6575	   6448	   6310	   6163	   5986	   5793	   5613	   5421	   5219	   5009	   4780	   4534	   4278	   4004	   3714	   3408	   3081	   2734	   2368	   1974	   1575	   1147	      0	      0	      0	
  326	      0	   7531	   7499	   7461	   7415	   7363	   7305	   7240	   7167	   7088	   7001	   6907	   6806	   6695	   6574	   6448	   6310	   6163	   5986	   5793	   5613	   5421	   5219	   5008	   4779	   4534	   4278	   4003	   3714	   3408	   3081	   2734	   2367	   1973	   1574	   1145	      0	      0	      0	
  327	      0	   7531	   7499	   7461	   7415	   7363	   7305	   7240	   7167	   7088	   7001	   6907	   6806	   6694	   6574	   6447	   6310	   6163	   5986	   5793	   5612	   5421	   5219	   5008	   4779	   4533	   4278	   4003	   3714	   3407	   3081	   2734	   2366	   1971	   1573	   1142	    678	    196	      0	
  328	      0	   7531	   7499	   7461	   7415	   7363	   7305	   7240	   7167	   7087	   7001	   6907	   6806	   6694	   6574	   6447	   6310	   6163	   5986	   5792	   5612	   5420	   5218	   5008	   4779	   4533	   4277	   4003	   3713	   3407	   3081	   2734	   2366	   1971	   1572	   1140	    676	    195	      0	
  329	      0	   7531	   7499	   7461	   7415	   7363	   7305	   7240	   7167	   7087	   7001	   6907	   6806	   6694	   6574	   6447	   6310	   6162	   5986	   5792	   5612	   5420	   5218	   5007	   4779	   4533	   4277	   4002	   3713	   3407	   3081	   2734	   2365	   1970	   1571	   1138	    675	    193	      0	
  330	      0	   7531	   7499	   7461	   7415	   7363	   7305	   7240	   7167	   7087	   7001	   6907	   6806	   6694	   6574	   6447	   6309	   6162	   5985	   5792	   5612	   5420	   5218	   5007	   4778	   4533	   4277	   4002	   3713	   3407	   3082	   2733	   2365	   1970	   1570	   1136	    673	    192	      0	
  331	      0	   7531	   7499	   7461	   7415	   7363	   7305	   7240	   7167	   7087	   7001	   6907	   6806	   6694	   6574	   6447	   6309	   6162	   5985	   5792	   5612	   5420	   5217	   5007	   4778	   4532	   4277	   4002	   3712	   3407	   3081	   2733	   2365	   1970	   1569	   1134	    670	    191	      0	
  332	      0	   7531	   7499	   7461	   7415	   7363	   7304	   7239	   7167	   7087	   7001	   6907	   6806	   6694	   6574	   6447	   6309	   6162	   5985	   5792	   5612	   5420	   5217	   5007	   4778	   4532	   4276	   4001	   3712	   3406	   3081	   2733	   2365	   1969	   1568	   1132	    669	    189	      0	
  333	      0	   7531	   7499	   7461	   7415	   7363	   7304	   7239	   7167	   7087	   7001	   6907	   6806	   6694	   6574	   6447	   6309	   6162	   5985	   5792	   5612	   5420	   5217	   5006	   4778	   4532	   4276	   4001	   3712	   3406	   3081	   2733	   2365	   1969	   1566	   1130	    667	    187	      0	
  334	      0	   7531	   7499	   7461	   7415	   7363	   7304	   7239	   7167	   7087	   7001	   6907	   6805	   6694	   6573	   6446	   6309	   6162	   5985	   5791	   5612	   5420	   5217	   5006	   4777	   4532	   4276	   4001	   3711	   3406	   3080	   2733	   2365	   1969	   1565	   1129	    666	    186	      0	
  335	      0	   7531	   7499	   7461	   7415	   7363	   7304	   7239	   7166	   7087	   7001	   6907	   6805	   6694	   6573	   6446	   6309	   6162	   5984	   5791	   5612	   5419	   5217	   5006	   4777	   4531	   4275	   4000	   3711	   3405	   3080	   2732	   2365	   1969	   1564	   1128	    665	    184	      0	
  336	      0	   7531	   7499	   7461	   7415	   7363	   7304	   7239	   7166	   7087	   7000	   6907	   6805	   6694	   6573	   6446	   6309	   6162	   5984	   5791	   5612	   5419	   5216	   5006	   4777	   4531	   4275	   4000	   3710	   3405	   3080	   2732	   2365	   1969	   1563	   1127	    664	    182	      0	
  337	      0	   7531	   7499	   7461	   7415	   7362	   7304	   7239	   7166	   7086	   7000	   6907	   6805	   6694	   6573	   6446	   6309	   6162	   5984	   5790	   5611	   5419	   5216	   5005	   4777	   4531	   4275	   4000	   3710	   3404	   3080	   2732	   2365	   1968	   1562	   1126	    664	    181	      0	
  338	      0	   7531	   7499	   7460	   7415	   7362	   7304	   7239	   7166	   7086	   7000	   6906	   6805	   6693	   6573	   6446	   6308	   6162	   5984	   5790	   5611	   5419	   5216	   5005	   4776	   4531	   4274	   3999	   3710	   3404	   3079	   2732	   2365	   1968	   1561	   1126	    664	    179	      0	
  339	      0	   7531	   7499	   7460	   7415	   7362	   7304	   7239	   7166	   7086	   7000	   6906	   6805	   6693	   6573	   6446	   6308	   6162	   5984	   5790	   5611	   5419	   5216	   5005	   4776	   4530	   4274	   3999	   3710	   3404	   3079	   2732	   2365	   1968	   1560	   1125	    663	    178	      0	
  340	      0	   7531	   7499	   7460	   7415	   7362	   7304	   7239	   7166	   7086	   7000	   6906	   6805	   6693	   6573	   6445	   6308	   6162	   5984	   5790	   5611	   5418	   5216	   5005	   4776	   4530	   4274	   3998	   3710	   3404	   3078	   2731	   2365	   1968	   1560	   1125	    663	    176	      0	
  341	      0	   7531	   7499	   7460	   7415	   7362	   7304	   7239	   7166	   7086	   7000	   6906	   6805	   6693	   6572	   6445	   6308	   6162	   5983	   5790	   5611	   5418	   5216	   5005	   4776	   4530	   4273	   3998	   3709	   3404	   3078	   2731	   2365	   1968	   1559	   1124	    663	    174	      0	
  342	      0	   7531	   7499	   7460	   7415	   7362	   7304	   7239	   7166	   7086	   7000	   6906	   6805	   6693	   6572	   6445	   6308	   6162	   5983	   5790	   5610	   5418	   5216	   5005	   4775	   4530	   4273	   3998	   3709	   3403	   3077	   2731	   2364	   1968	   1558	   1124	    662	    172	      0	
  343	      0	   7531	   7499	   7460	   7415	   7362	   7304	   7239	   7166	   7086	   7000	   6906	   6804	   6693	   6572	   6445	   6308	   6162	   5983	   5789	   5610	   5418	   5216	   5005	   4775	   4529	   4273	   3997	   3709	   3403	   3077	   2730	   2364	   1968	   1558	   1124	    662	    171	      0	
  344	      0	   7531	   7499	   7460	   7415	   7362	   7304	   7239	   7166	   7086	   7000	   6906	   6804	   6692	   6572	   6445	   6308	   6162	   5983	   5789	   5610	   5418	   5216	   5005	   4775	   4529	   4273	   3997	   3709	   3403	   3076	   2730	   2364	   1967	   1558	   1124	    662	    170	      0	
  345	      0	   7531	   7499	   7460	   7415	   7362	   7304	   7239	   7166	   7086	   7000	   6906	   6804	   6692	   6572	   6445	   6308	   6162	   5983	   5789	   5610	   5418	   5216	   5005	   4775	   4529	   4272	   3997	   3708	   3402	   3076	   2729	   2363	   1967	   1558	   1124	    662	    170	      0	
  346	      0	   7531	   7499	   7460	   7414	   7362	   7304	   7239	   7166	   7086	   7000	   6906	   6804	   6692	   6572	   6444	   6308	   6162	   5983	   5789	   5610	   5418	   5216	   5005	   4775	   4529	   4272	   3997	   3708	   3402	   3076	   2729	   2362	   1967	   1558	   1124	    662	    170	      0	
  347	      0	   7531	   7499	   7460	   7414	   7362	   7304	   7239	   7166	   7086	   6999	   6906	   6804	   6692	   6572	   6444	   6308	   6162	   5983	   5789	   5610	   5418	   5216	   5005	   4775	   4528	   4272	   3997	   3708	   3402	   3075	   2728	   2362	   1967	   1558	   1123	    663	    170	      0	
  348	      0	   7531	   7499	   7460	   7414	   7362	   7304	   7239	   7166	   7086	   6999	   6905	   6804	   6692	   6572	   6444	   6307	   6161	   5983	   5789	   5610	   5418	   5216	   5004	   4774	   4528	   4272	   3997	   3708	   3401	   3075	   2728	   2361	   1966	   1558	   1124	    663	    169	      0	
  349	      0	   7531	   7499	   7460	   7414	   7362	   7304	   7239	   7166	   7086	   6999	   6905	   6804	   6691	   6572	   6444	   6307	   6161	   5983	   5789	   5610	   5418	   5216	   5004	   4774	   4528	   4272	   3997	   3708	   3401	   3075	   2728	   2361	   1966	   1558	   1123	    663	    169	      0	
  350	      0	   7531	   7499	   7460	   7414	   7362	   7304	   7239	   7166	   7086	   6998	   6905	   6803	   6691	   6572	   6444	   6307	   6161	   5983	   5789	   5610	   5418	   5216	   5004	   4774	   4528	   4271	   3997	   3708	   3400	   3075	   2727	   2360	   1966	   1557	   1123	    663	    170	      0	
  351	      0	   7531	   7499	   7460	   7414	   7362	   7304	   7239	   7166	   7085	   6998	   6905	   6803	   6691	   6572	   6444	   6307	   6161	   5983	   5790	   5610	   5418	   5215	   5004	   4774	   4527	   4271	   3996	   3708	   3400	   3075	   2727	   2359	   1966	   1557	   1123	    663	    169	      0	
  352	      0	   7531	   7499	   7460	   7414	   7362	   7304	   7239	   7166	   7085	   6997	   6905	   6803	   6691	   6572	   6444	   6307	   6161	   5983	   5790	   5610	   5418	   5215	   5004	   4774	   4527	   4270	   3996	   3707	   3400	   3075	   2727	   2359	   1966	   1557	   1122	    662	    169	      0	
  353	      0	   7531	   7499	   7460	   7414	   7362	   7304	   7239	   7166	   7085	   6997	   6905	   6803	   6690	   6571	   6444	   6307	   6161	   5983	   5790	   5609	   5418	   5215	   5004	   4773	   4526	   4270	   3996	   3707	   3400	   3075	   2727	   2358	   1966	   1557	   1122	    662	    169	      0	
  354	      0	   7531	   7499	   7460	   7414	   7362	   7304	   7239	   7166	   7085	   6997	   6904	   6803	   6690	   6571	   6444	   6307	   6161	   5983	   5790	   5609	   5418	   5215	   5004	   4773	   4526	   4270	   3996	   3707	   3399	   3074	   2726	   2358	   1966	   1557	   1122	    662	    169	      0	
  355	      0	   7531	   7499	   7460	   7414	   7362	   7304	   7239	   7166	   7085	   6996	   6904	   6803	   6690	   6571	   6444	   6307	   6160	   5983	   5790	   5609	   5418	   5215	   5003	   4773	   4525	   4269	   3996	   3707	   3399	   3074	   2726	   2357	   1965	   1557	   1122	    662	    169	      0	
  356	      0	   7531	   7499	   7460	   7414	   7362	   7304	   7239	   7166	   7085	   6996	   6904	   6803	   6690	   6571	   6444	   6307	   6160	   5983	   5790	   5609	   5418	   5215	   5003	   4773	   4525	   4269	   3995	   3707	   3399	   3074	   2725	   2357	   1965	   1556	   1121	    662	    169	      0	
  357	      0	   7531	   7499	   7460	   7414	   7362	   7304	   7239	   7166	   7085	   6996	   6904	   6802	   6690	   6571	   6444	   6307	   6160	   5983	   5790	   5609	   5418	   5215	   5003	   4773	   4525	   4269	   3995	   3706	   3399	   3073	   2725	   2356	   1964	   1556	   1120	    661	    168	      0	
  358	      0	   7531	   7499	   7460	   7414	   7362	   7304	   7239	   7166	   7085	   6996	   6904	   6802	   6690	   6571	   6444	   6307	   6160	   5983	   5790	   5609	   5418	   5215	   5003	   4772	   4525	   4269	   3995	   3706	   3399	   3073	   2724	   2356	   1964	   1555	   1120	    661	    168	      0	
  359	      0	   7531	   7499	   7460	   7414	   7362	   7304	   7239	   7166	   7085	   6996	   6903	   6802	   6690	   6571	   6444	   6307	   6160	   5982	   5789	   5609	   5418	   5215	   5003	   4772	   4524	   4268	   3995	   3706	   3399	   3073	   2724	   2355	   1963	   1554	   1119	    662	    168	      0	
