ELEVATION RELATIVE BFS FRONT 8mm zone;-7.000;-6.900;-6.800;-6.700;-6.600;-6.500;-6.400;-6.300;-6.200;-6.100;-6.000;-5.900;-5.800;-5.700;-5.600;-5.500;-5.400;-5.300;-5.200;-5.100;-5.000;-4.900;-4.800;-4.700;-4.600;-4.500;-4.400;-4.300;-4.200;-4.100;-4.000;-3.900;-3.800;-3.700;-3.600;-3.500;-3.400;-3.300;-3.200;-3.100;-3.000;-2.900;-2.800;-2.700;-2.600;-2.500;-2.400;-2.300;-2.200;-2.100;-2.000;-1.900;-1.800;-1.700;-1.600;-1.500;-1.400;-1.300;-1.200;-1.100;-1.000;-0.900;-0.800;-0.700;-0.600;-0.500;-0.400;-0.300;-0.200;-0.100;0.000;0.100;0.200;0.300;0.400;0.500;0.600;0.700;0.800;0.900;1.000;1.100;1.200;1.300;1.400;1.500;1.600;1.700;1.800;1.900;2.000;2.100;2.200;2.300;2.400;2.500;2.600;2.700;2.800;2.900;3.000;3.100;3.200;3.300;3.400;3.500;3.600;3.700;3.800;3.900;4.000;4.100;4.200;4.300;4.400;4.500;4.600;4.700;4.800;4.900;5.000;5.100;5.200;5.300;5.400;5.500;5.600;5.700;5.800;5.900;6.000;6.100;6.200;6.300;6.400;6.500;6.600;6.700;6.800;6.900;7.000;
7.000;;;;;;;;;;;;;;;;;;;;;;;;;;;;;;;;;;;;;;;;;;;;;;;;;;;;;;;;;;;;;;;;;;;;;;;;;;;;;;;;;;;;;;;;;;;;;;;;;;;;;;;;;;;;;;;;;;;;;;;;;;;;;;;;;;;;;;;;;;;;;;
6.900;;;;;;;;;;;;;;;;;;;;;;;;;;;;;;;;;;;;;;;;;;;;;;;;;;;;;;;;;;;;;;;;;;;;;;;;;;;;;;;;;;;;;;;;;;;;;;;;;;;;;;;;;;;;;;;;;;;;;;;;;;;;;;;;;;;;;;;;;;;;;;
6.800;;;;;;;;;;;;;;;;;;;;;;;;;;;;;;;;;;;;;;;;;;;;;;;;;;;;;;;;;;;;;;;;;;;;;;;;;;;;;;;;;;;;;;;;;;;;;;;;;;;;;;;;;;;;;;;;;;;;;;;;;;;;;;;;;;;;;;;;;;;;;;
6.700;;;;;;;;;;;;;;;;;;;;;;;;;;;;;;;;;;;;;;;;;;;;;;;;;;;;;;;;;;;;;;;;;;;;;;;;;;;;;;;;;;;;;;;;;;;;;;;;;;;;;;;;;;;;;;;;;;;;;;;;;;;;;;;;;;;;;;;;;;;;;;
6.600;;;;;;;;;;;;;;;;;;;;;;;;;;;;;;;;;;;;;;;;;;;;;;;;;;;;;;;;;;;;;;;;;;;;;;;;;;;;;;;;;;;;;;;;;;;;;;;;;;;;;;;;;;;;;;;;;;;;;;;;;;;;;;;;;;;;;;;;;;;;;;
6.500;;;;;;;;;;;;;;;;;;;;;;;;;;;;;;;;;;;;;;;;;;;;;;;;;;;;;;;;;;;;;;;;;;;;;;;;;;;;;;;;;;;;;;;;;;;;;;;;;;;;;;;;;;;;;;;;;;;;;;;;;;;;;;;;;;;;;;;;;;;;;;
6.400;;;;;;;;;;;;;;;;;;;;;;;;;;;;;;;;;;;;;;;;;;;;;;;;;;;;;;;;;;;;;;;;;;;;;;;;;;;;;;;;;;;;;;;;;;;;;;;;;;;;;;;;;;;;;;;;;;;;;;;;;;;;;;;;;;;;;;;;;;;;;;
6.300;;;;;;;;;;;;;;;;;;;;;;;;;;;;;;;;;;;;;;;;;;;;;;;;;;;;;;;;;;;;;;;;;;;;;;;;;;;;;;;;;;;;;;;;;;;;;;;;;;;;;;;;;;;;;;;;;;;;;;;;;;;;;;;;;;;;;;;;;;;;;;
6.200;;;;;;;;;;;;;;;;;;;;;;;;;;;;;;;;;;;;;;;;;;;;;;;;;;;;;;;;;;;;;;;;;;;;;;;;;;;;;;;;;;;;;;;;;;;;;;;;;;;;;;;;;;;;;;;;;;;;;;;;;;;;;;;;;;;;;;;;;;;;;;
6.100;;;;;;;;;;;;;;;;;;;;;;;;;;;;;;;;;;;;;;;;;;;;;;;;;;;;;;;;;;;;;;;;;;;;;;;;;;;;;;;;;;;;;;;;;;;;;;;;;;;;;;;;;;;;;;;;;;;;;;;;;;;;;;;;;;;;;;;;;;;;;;
6.000;;;;;;;;;;;;;;;;;;;;;;;;;;;;;;;;;;;;;;;;;;;;;;;;;;;;;;;;;;;;;;;;;;;;;;;;;;;;;;;;;;;;;;;;;;;;;;;;;;;;;;;;;;;;;;;;;;;;;;;;;;;;;;;;;;;;;;;;;;;;;;
5.900;;;;;;;;;;;;;;;;;;;;;;;;;;;;;;;;;;;;;;;;;;;;;;;;;;;;;;;;;;;;;;;;;;;;;;;;;;;;;;;;;;;;;;;;;;;;;;;;;;;;;;;;;;;;;;;;;;;;;;;;;;;;;;;;;;;;;;;;;;;;;;
5.800;;;;;;;;;;;;;;;;;;;;;;;;;;;;;;;;;;;;;;;;;;;;;;;;;;;;;;;;;;;;;;;;;;;;;;;;;;;;;;;;;;;;;;;;;;;;;;;;;;;;;;;;;;;;;;;;;;;;;;;;;;;;;;;;;;;;;;;;;;;;;;
5.700;;;;;;;;;;;;;;;;;;;;;;;;;;;;;;;;;;;;;;;;;;;;;;;;;;;;;;;;;;;;;;;;;;;;;;;;;;;;;;;;;;;;;;;;;;;;;;;;;;;;;;;;;;;;;;;;;;;;;;;;;;;;;;;;;;;;;;;;;;;;;;
5.600;;;;;;;;;;;;;;;;;;;;;;;;;;;;;;;;;;;;;;;;;;;;;;;;;;;;;;;;;;;;;;;;;;;;;;;;;;;;;;;;;;;;;;;;;;;;;;;;;;;;;;;;;;;;;;;;;;;;;;;;;;;;;;;;;;;;;;;;;;;;;;
5.500;;;;;;;;;;;;;;;;;;;;;;;;;;;;;;;;;;;;;;;;;;;;;;;;;;;;;;;;;;;;;;;;;;;;;;;;;;;;;;;;;;;;;;;;;;;;;;;;;;;;;;;;;;;;;;;;;;;;;;;;;;;;;;;;;;;;;;;;;;;;;;
5.400;;;;;;;;;;;;;;;;;;;;;;;;;;;;;;;;;;;;;;;;;;;;;;;;;;;;;;;;;;;;;;;;;;;;;;;;;;;;;;;;;;;;;;;;;;;;;;;;;;;;;;;;;;;;;;;;;;;;;;;;;;;;;;;;;;;;;;;;;;;;;;
5.300;;;;;;;;;;;;;;;;;;;;;;;;;;;;;;;;;;;;;;;;;;;;;;;;;;;;;;;;;;;;;;;;;;;;;;;;;;;;;;;;;;;;;;;;;;;;;;;;;;;;;;;;;;;;;;;;;;;;;;;;;;;;;;;;;;;;;;;;;;;;;;
5.200;;;;;;;;;;;;;;;;;;;;;;;;;;;;;;;;;;;;;;;;;;;;;;;;;;;;;;;;;;;;;;;;;;;;;;;;;;;;;;;;;;;;;;;;;;;;;;;;;;;;;;;;;;;;;;;;;;;;;;;;;;;;;;;;;;;;;;;;;;;;;;
5.100;;;;;;;;;;;;;;;;;;;;;;;;;;;;;;;;;;;;;;;;;;;;;;;;;;;;;;;;;;;;;;;;;;;;;;;;;;;;;;;;;;;;;;;;;;;;;;;;;;;;;;;;;;;;;;;;;;;;;;;;;;;;;;;;;;;;;;;;;;;;;;
5.000;;;;;;;;;;;;;;;;;;;;;;;;;;;;;;;;;;;;;;;;;;;;;;;;;;;;;;;;;;;;;;;;;;;;;;;;;;;;;;;;;;;;;;;;;;;;;;;;;;;;;;;;;;;;;;;;;;;;;;;;;;;;;;;;;;;;;;;;;;;;;;
4.900;;;;;;;;;;;;;;;;;;;;;;;;;;;;;;;;;;;;;;;;;;;;;;;;;;;;;;;;;;;;;;;;;;;;;;;;;;;;;;;;;;;;;;;;;;;;;;;;;;;;;;;;;;;;;;;;;;;;;;;;;;;;;;;;;;;;;;;;;;;;;;
4.800;;;;;;;;;;;;;;;;;;;;;;;;;;;;;;;;;;;;;;;;;;;;;;;;;;;;;;;;;;;;;;;;;;;;;;;;;;;;;;;;;;;;;;;;;;;;;;;;;;;;;;;;;;;;;;;;;;;;;;;;;;;;;;;;;;;;;;;;;;;;;;
4.700;;;;;;;;;;;;;;;;;;;;;;;;;;;;;;;;;;;;;;;;;;;;;;;;;;;;;;;;;;;;;;;;;;;;;;;;;;;;;;;;;;;;;;;;;;;;;;;;;;;;;;;;;;;;;;;;;;;;;;;;;;;;;;;;;;;;;;;;;;;;;;
4.600;;;;;;;;;;;;;;;;;;;;;;;;;;;;;;;;;;;;;;;;;;;;;;;;;;;;;;;;;;;;;;;;;;;;;;;;;;;;;;;;;;;;;;;;;;;;;;;;;;;;;;;;;;;;;;;;;;;;;;;;;;;;;;;;;;;;;;;;;;;;;;
4.500;;;;;;;;;;;;;;;;;;;;;;;;;;;;;;;;;;;;;;;;;;;;;;;;;;;;;;;;;;;;;;;;;;;;;;;;;;;;;;;;;;;;;;;;;;;;;;;;;;;;;;;;;;;;;;;;;;;;;;;;;;;;;;;;;;;;;;;;;;;;;;
4.400;;;;;;;;;;;;;;;;;;;;;;;;;;;;;;;;;;;;;;;;;;;;;;;;;;;;;;;;;;;;;;;;;;;;;;;;;;;;;;;;;;;;;;;;;;;;;;;;;;;;;;;;;;;;;;;;;;;;;;;;;;;;;;;;;;;;;;;;;;;;;;
4.300;;;;;;;;;;;;;;;;;;;;;;;;;;;;;;;;;;;;;;;;;;;;;;;;;;;;;;;;;;;;;;;;;;;;;;;;;;;;;;;;;;;;;;;;;;;;;;;;;;;;;;;;;;;;;;;;;;;;;;;;;;;;;;;;;;;;;;;;;;;;;;
4.200;;;;;;;;;;;;;;;;;;;;;;;;;;;;;;;;;;;;;;;;;;;;;;;;;;;;;;;;;;;;;;;;;;;;;;;;;;;;;;;;;;;;;;;;;;;;;;;;;;;;;;;;;;;;;;;;;;;;;;;;;;;;;;;;;;;;;;;;;;;;;;
4.100;;;;;;;;;;;;;;;;;;;;;;;;;;;;;;;;;;;;;;;;;;;;;;;;;;;;;;;;;;;;;;;;;;;;;;;;;;;;;;;;;;;;;;;;;;;;;;;;;;;;;;;;;;;;;;;;;;;;;;;;;;;;;;;;;;;;;;;;;;;;;;
4.000;;;;;;;;;;;;;;;;;;;;;;;;;;;;;;;;;;;;;;;;;;;;;;;;;;;;;;;;;;;;;;;;;;;;;;;;;;;;;;;;;;;;;;;;;;;;;;;;;;;;;;;;;;;;;;;;;;;;;;;;;;;;;;;;;;;;;;;;;;;;;;
3.900;;;;;;;;;;;;;;;;;;;;;;;;;;;;;;;;;;;;;;;;;;;;;;;;;;;;;;;;;;;;;;;;;;;;;;;;;;;;;;;;;;;;;;;;;;;;;;;;;;;;;;;;;;;;;;;;;;;;;;;;;;;;;;;;;;;;;;;;;;;;;;
3.800;;;;;;;;;;;;;;;;;;;;;;;;;;;;;;;;;;;;;;;;;;;;;;;;;;;;;;;;;;;;;;;;;;;;;;;;;;;;;;;;;;;;;;;;;;;;;;;;;;;;;;;;;;;;;;;;;;;;;;;;;;;;;;;;;;;;;;;;;;;;;;
3.700;;;;;;;;;;;;;;;;;;;;;;;;;;;;;;;;;;;;;;;;;;;;;;;;;;;;;;;;;;;;;;;;;;;;;;;;;;;;;;;;;;;;;;;;;;;;;;;;;;;;;;;;;;;;;;;;;;;;;;;;;;;;;;;;;;;;;;;;;;;;;;
3.600;;;;;;;;;;;;;;;;;;;;;;;;;;;;;;;;;;;;;;;;;;;;;;;;;;;;;;;;;;;;;;;;;;;;;;;;;;;;;;;;;;;;;;;;;;;;;;;;;;;;;;;;;;;;;;;;;;;;;;;;;;;;;;;;;;;;;;;;;;;;;;
3.500;;;;;;;;;;;;;;;;;;;;;;;;;;;;;;;;;;;;;;;;;;;;;;;;;;;;;;;;;;;;;;;;;;;;;;;;;;;;;;;;;;;;;;;;;;;;;;;;;;;;;;;;;;;;;;;;;;;;;;;;;;;;;;;;;;;;;;;;;;;;;;
3.400;;;;;;;;;;;;;;;;;;;;;;;;;;;;;;;;;;;;;;;;;;;;;;;;;;;;;;;;;;;;;;;;;;;;;;;;;;;;;;;;;;;;;;;;;;;;;;;;;;;;;;;;;;;;;;;;;;;;;;;;;;;;;;;;;;;;;;;;;;;;;;
3.300;;;;;;;;;;;;;;;;;;;;;;;;;;;;;;;;;;;;;;;;;;;;;;;;;;;;;;;;;;;;;;;;;;;;-0.2;1.1;2.5;4.0;5.6;7.2;8.9;10.7;12.5;14.4;16.2;18.2;20.1;22.1;24.0;25.9;27.9;29.7;;;;;;;;;;;;;;;;;;;;;;;;;;;;;;;;;;;;;;;;;;;;;;;;;;;;;;;;;
3.200;;;;;;;;;;;;;;;;;;;;;;;;;;;;;;;;;;;;;;;;;;;;;;;;;;;;;;;;;;;-6.6;-6.6;-6.4;-6.0;-5.4;-4.7;-3.9;-2.9;-1.9;-0.7;0.5;1.9;3.3;4.7;6.3;7.8;9.4;11.1;12.7;14.4;16.1;17.8;19.5;21.2;22.9;24.6;26.2;27.8;29.4;30.9;32.3;33.6;34.8;;;;;;;;;;;;;;;;;;;;;;;;;;;;;;;;;;;;;;;;;;;;;;;;;;;
3.100;;;;;;;;;;;;;;;;;;;;;;;;;;;;;;;;;;;;;;;;;;;;;;;;;;;;;;-6.4;-7.1;-7.6;-7.9;-8.0;-7.9;-7.7;-7.3;-6.7;-6.1;-5.3;-4.4;-3.4;-2.3;-1.1;0.1;1.4;2.8;4.1;5.5;7.0;8.4;9.9;11.4;12.9;14.4;15.8;17.3;18.8;20.3;21.8;23.2;24.6;26.0;27.3;28.6;29.8;30.9;31.9;32.8;33.6;34.2;;;;;;;;;;;;;;;;;;;;;;;;;;;;;;;;;;;;;;;;;;;;;;;
3.000;;;;;;;;;;;;;;;;;;;;;;;;;;;;;;;;;;;;;;;;;;;;;;;;;;-5.0;-6.2;-7.2;-8.0;-8.6;-9.1;-9.3;-9.4;-9.3;-9.0;-8.6;-8.0;-7.3;-6.5;-5.6;-4.7;-3.6;-2.5;-1.3;-0.1;1.2;2.4;3.7;5.0;6.4;7.7;9.0;10.3;11.6;13.0;14.3;15.6;16.9;18.2;19.4;20.7;21.9;23.2;24.3;25.5;26.5;27.6;28.5;29.3;30.1;30.7;31.2;31.6;31.9;;;;;;;;;;;;;;;;;;;;;;;;;;;;;;;;;;;;;;;;;;;;
2.900;;;;;;;;;;;;;;;;;;;;;;;;;;;;;;;;;;;;;;;;;;;;;;;-4.1;-5.6;-7.0;-8.1;-9.0;-9.7;-10.3;-10.6;-10.8;-10.8;-10.6;-10.3;-9.9;-9.3;-8.6;-7.8;-6.9;-5.9;-4.8;-3.7;-2.6;-1.4;-0.2;1.0;2.3;3.5;4.7;5.9;7.1;8.3;9.5;10.7;11.8;13.0;14.1;15.3;16.4;17.5;18.6;19.7;20.8;21.8;22.8;23.8;24.7;25.6;26.4;27.1;27.7;28.3;28.7;29.0;29.2;29.3;;;;;;;;;;;;;;;;;;;;;;;;;;;;;;;;;;;;;;;;;;
2.800;;;;;;;;;;;;;;;;;;;;;;;;;;;;;;;;;;;;;;;;;;;;;-4.7;-6.3;-7.7;-8.9;-10.0;-10.8;-11.5;-11.9;-12.2;-12.3;-12.3;-12.1;-11.7;-11.2;-10.6;-9.8;-9.0;-8.1;-7.0;-6.0;-4.9;-3.7;-2.6;-1.4;-0.2;1.0;2.2;3.3;4.5;5.6;6.7;7.8;8.9;10.0;11.0;12.1;13.1;14.1;15.1;16.1;17.0;18.0;18.9;19.8;20.7;21.6;22.4;23.2;24.0;24.7;25.3;25.9;26.3;26.7;27.0;27.2;27.3;27.3;;;;;;;;;;;;;;;;;;;;;;;;;;;;;;;;;;;;;;;;
2.700;;;;;;;;;;;;;;;;;;;;;;;;;;;;;;;;;;;;;;;;;;;-5.3;-7.1;-8.5;-9.9;-11.0;-11.9;-12.7;-13.2;-13.6;-13.9;-13.9;-13.8;-13.5;-13.1;-12.6;-11.9;-11.1;-10.2;-9.3;-8.2;-7.1;-6.0;-4.8;-3.7;-2.5;-1.3;-0.2;1.0;2.1;3.2;4.3;5.4;6.4;7.4;8.4;9.4;10.4;11.4;12.3;13.2;14.1;15.0;15.8;16.7;17.5;18.3;19.0;19.8;20.6;21.3;22.0;22.7;23.3;23.9;24.4;24.8;25.1;25.4;25.6;25.7;25.8;25.9;;;;;;;;;;;;;;;;;;;;;;;;;;;;;;;;;;;;;;
2.600;;;;;;;;;;;;;;;;;;;;;;;;;;;;;;;;;;;;;;;;;-5.8;-7.7;-9.3;-10.7;-11.9;-12.9;-13.8;-14.5;-15.0;-15.3;-15.5;-15.5;-15.3;-15.0;-14.6;-14.0;-13.2;-12.4;-11.5;-10.5;-9.4;-8.3;-7.1;-5.9;-4.8;-3.6;-2.4;-1.3;-0.2;1.0;2.0;3.1;4.2;5.2;6.2;7.2;8.2;9.1;10.1;11.0;11.9;12.7;13.5;14.3;15.1;15.8;16.5;17.1;17.8;18.5;19.1;19.7;20.4;21.0;21.6;22.2;22.7;23.2;23.6;23.9;24.2;24.4;24.6;24.8;24.9;;;;;;;;;;;;;;;;;;;;;;;;;;;;;;;;;;;;;
2.500;;;;;;;;;;;;;;;;;;;;;;;;;;;;;;;;;;;;;;;-6.1;-8.1;-9.9;-11.4;-12.8;-13.9;-14.9;-15.6;-16.3;-16.7;-17.0;-17.1;-17.0;-16.8;-16.5;-16.0;-15.3;-14.6;-13.7;-12.7;-11.7;-10.5;-9.4;-8.2;-7.0;-5.8;-4.7;-3.5;-2.4;-1.2;-0.2;0.9;2.0;3.0;4.1;5.1;6.1;7.1;8.0;9.0;9.9;10.8;11.7;12.5;13.2;14.0;14.6;15.2;15.8;16.4;16.9;17.5;18.0;18.5;19.1;19.6;20.2;20.7;21.2;21.8;22.2;22.6;22.9;23.2;23.5;23.7;24.0;24.3;24.7;;;;;;;;;;;;;;;;;;;;;;;;;;;;;;;;;;;
2.400;;;;;;;;;;;;;;;;;;;;;;;;;;;;;;;;;;;;;;-8.3;-10.2;-12.0;-13.4;-14.7;-15.8;-16.7;-17.4;-17.9;-18.3;-18.5;-18.6;-18.5;-18.3;-17.9;-17.3;-16.7;-15.9;-14.9;-13.9;-12.8;-11.7;-10.5;-9.3;-8.1;-6.9;-5.7;-4.6;-3.4;-2.3;-1.2;-0.2;0.9;2.0;3.0;4.0;5.0;6.0;7.0;8.0;9.0;10.0;10.9;11.7;12.5;13.2;13.9;14.5;15.0;15.5;15.9;16.3;16.7;17.1;17.6;18.0;18.4;18.9;19.4;19.9;20.4;20.9;21.4;21.8;22.1;22.4;22.7;23.0;23.4;23.8;24.4;;;;;;;;;;;;;;;;;;;;;;;;;;;;;;;;;;
2.300;;;;;;;;;;;;;;;;;;;;;;;;;;;;;;;;;;;;;-10.2;-12.1;-13.8;-15.3;-16.5;-17.5;-18.3;-19.0;-19.5;-19.8;-20.0;-20.0;-19.9;-19.6;-19.2;-18.6;-17.9;-17.1;-16.1;-15.1;-14.0;-12.8;-11.6;-10.4;-9.2;-8.0;-6.8;-5.6;-4.5;-3.4;-2.3;-1.2;-0.2;0.9;1.9;3.0;4.0;5.1;6.1;7.2;8.2;9.2;10.2;11.1;12.0;12.8;13.5;14.1;14.6;15.0;15.4;15.7;16.0;16.3;16.5;16.8;17.1;17.4;17.8;18.3;18.7;19.2;19.7;20.1;20.6;21.0;21.3;21.7;22.0;22.3;22.8;23.4;24.2;;;;;;;;;;;;;;;;;;;;;;;;;;;;;;;;;
2.200;;;;;;;;;;;;;;;;;;;;;;;;;;;;;;;;;;;-9.5;-11.8;-13.8;-15.5;-16.9;-18.1;-19.1;-19.9;-20.5;-20.9;-21.2;-21.4;-21.3;-21.2;-20.9;-20.4;-19.9;-19.1;-18.2;-17.3;-16.2;-15.0;-13.9;-12.6;-11.4;-10.2;-9.0;-7.8;-6.6;-5.5;-4.3;-3.3;-2.2;-1.1;-0.1;0.9;2.0;3.0;4.1;5.2;6.3;7.4;8.5;9.5;10.5;11.5;12.3;13.1;13.8;14.4;14.8;15.2;15.5;15.7;15.8;15.9;16.0;16.2;16.3;16.5;16.8;17.1;17.5;17.9;18.4;18.8;19.3;19.7;20.1;20.4;20.8;21.1;21.6;22.1;22.9;24.0;;;;;;;;;;;;;;;;;;;;;;;;;;;;;;;;
2.100;;;;;;;;;;;;;;;;;;;;;;;;;;;;;;;;;;-10.7;-13.1;-15.2;-16.9;-18.3;-19.5;-20.4;-21.2;-21.8;-22.2;-22.4;-22.5;-22.5;-22.3;-22.0;-21.5;-20.9;-20.2;-19.3;-18.3;-17.2;-16.0;-14.8;-13.6;-12.3;-11.1;-9.8;-8.6;-7.5;-6.3;-5.2;-4.2;-3.1;-2.1;-1.0;-0.0;1.0;2.1;3.3;4.5;5.6;6.8;7.9;8.9;9.9;10.9;11.7;12.5;13.2;13.8;14.3;14.7;15.1;15.3;15.5;15.6;15.6;15.6;15.6;15.6;15.7;15.8;16.0;16.3;16.7;17.1;17.5;17.9;18.3;18.6;19.0;19.3;19.6;20.0;20.6;21.2;22.2;23.6;;;;;;;;;;;;;;;;;;;;;;;;;;;;;;;
2.000;;;;;;;;;;;;;;;;;;;;;;;;;;;;;;;;;-11.5;-14.1;-16.3;-18.1;-19.5;-20.7;-21.7;-22.4;-22.9;-23.3;-23.5;-23.6;-23.5;-23.3;-23.0;-22.5;-21.9;-21.1;-20.2;-19.2;-18.1;-16.9;-15.7;-14.4;-13.1;-11.9;-10.6;-9.4;-8.2;-7.1;-6.0;-5.0;-3.9;-2.9;-1.9;-0.8;0.4;1.6;2.8;4.0;5.2;6.3;7.4;8.5;9.5;10.4;11.3;12.1;12.7;13.3;13.9;14.3;14.6;14.9;15.0;15.1;15.2;15.2;15.1;15.0;14.9;14.8;14.8;14.9;15.1;15.3;15.6;16.0;16.3;16.7;17.0;17.3;17.6;17.9;18.2;18.6;19.2;20.1;21.2;23.0;;;;;;;;;;;;;;;;;;;;;;;;;;;;;;
1.900;;;;;;;;;;;;;;;;;;;;;;;;;;;;;;;;-11.9;-14.7;-17.0;-18.9;-20.5;-21.7;-22.6;-23.3;-23.9;-24.2;-24.4;-24.4;-24.4;-24.2;-23.8;-23.4;-22.7;-22.0;-21.1;-20.0;-18.9;-17.7;-16.4;-15.1;-13.8;-12.5;-11.3;-10.0;-8.9;-7.7;-6.6;-5.6;-4.5;-3.5;-2.4;-1.2;-0.0;1.2;2.4;3.6;4.8;5.9;7.0;8.1;9.1;10.1;10.9;11.7;12.4;13.0;13.5;14.0;14.3;14.5;14.7;14.8;14.8;14.8;14.7;14.5;14.4;14.2;13.9;13.8;13.7;13.8;13.9;14.1;14.4;14.7;14.9;15.1;15.4;15.5;15.7;15.9;16.2;16.7;17.4;18.4;19.9;22.0;;;;;;;;;;;;;;;;;;;;;;;;;;;;;
1.800;;;;;;;;;;;;;;;;;;;;;;;;;;;;;;;-11.9;-15.0;-17.5;-19.5;-21.2;-22.4;-23.4;-24.1;-24.6;-25.0;-25.1;-25.2;-25.1;-24.9;-24.5;-24.1;-23.5;-22.7;-21.8;-20.8;-19.6;-18.4;-17.1;-15.8;-14.4;-13.1;-11.8;-10.5;-9.3;-8.2;-7.1;-6.1;-5.0;-3.8;-2.7;-1.5;-0.4;0.8;2.0;3.2;4.4;5.6;6.7;7.8;8.8;9.7;10.6;11.4;12.2;12.8;13.3;13.8;14.1;14.3;14.5;14.6;14.6;14.5;14.4;14.2;14.0;13.7;13.5;13.2;12.9;12.6;12.4;12.4;12.5;12.7;12.8;13.0;13.1;13.2;13.3;13.3;13.4;13.5;13.8;14.3;15.1;16.4;18.2;20.7;;;;;;;;;;;;;;;;;;;;;;;;;;;;
1.700;;;;;;;;;;;;;;;;;;;;;;;;;;;;;;-11.2;-14.7;-17.5;-19.8;-21.6;-22.9;-24.0;-24.7;-25.2;-25.6;-25.7;-25.7;-25.6;-25.4;-25.1;-24.6;-24.0;-23.3;-22.4;-21.4;-20.3;-19.0;-17.7;-16.3;-14.9;-13.5;-12.2;-10.9;-9.7;-8.6;-7.5;-6.4;-5.3;-4.2;-3.0;-1.9;-0.7;0.5;1.7;2.9;4.0;5.2;6.3;7.4;8.5;9.5;10.4;11.2;11.9;12.6;13.1;13.6;14.0;14.2;14.4;14.5;14.5;14.4;14.2;14.0;13.7;13.4;13.1;12.7;12.4;12.0;11.6;11.2;10.9;10.8;10.8;10.9;10.9;10.9;10.9;10.7;10.6;10.4;10.3;10.4;10.6;11.2;12.2;13.8;16.1;19.2;;;;;;;;;;;;;;;;;;;;;;;;;;;
1.600;;;;;;;;;;;;;;;;;;;;;;;;;;;;;;-14.0;-17.2;-19.7;-21.7;-23.2;-24.3;-25.1;-25.7;-26.0;-26.1;-26.1;-26.0;-25.8;-25.5;-25.0;-24.5;-23.8;-22.9;-21.9;-20.8;-19.6;-18.2;-16.8;-15.4;-13.9;-12.5;-11.2;-10.0;-8.9;-7.8;-6.8;-5.6;-4.5;-3.4;-2.3;-1.1;0.1;1.3;2.5;3.6;4.8;6.0;7.1;8.1;9.1;10.1;10.9;11.7;12.4;13.0;13.5;13.9;14.2;14.3;14.4;14.4;14.3;14.2;13.9;13.6;13.3;12.9;12.5;12.0;11.5;11.1;10.6;10.1;9.6;9.1;8.8;8.8;8.7;8.5;8.3;8.0;7.6;7.2;6.9;6.6;6.6;6.8;7.6;8.8;10.8;13.6;17.4;;;;;;;;;;;;;;;;;;;;;;;;;;
1.500;;;;;;;;;;;;;;;;;;;;;;;;;;;;;-12.7;-16.3;-19.2;-21.4;-23.2;-24.4;-25.3;-25.9;-26.3;-26.4;-26.4;-26.3;-26.0;-25.7;-25.3;-24.8;-24.1;-23.3;-22.4;-21.3;-20.0;-18.7;-17.3;-15.8;-14.3;-12.9;-11.6;-10.4;-9.3;-8.2;-7.1;-6.0;-4.9;-3.8;-2.7;-1.5;-0.4;0.8;2.0;3.2;4.4;5.5;6.6;7.7;8.7;9.7;10.6;11.4;12.2;12.8;13.3;13.8;14.1;14.3;14.4;14.4;14.4;14.2;13.9;13.6;13.2;12.8;12.3;11.8;11.3;10.7;10.1;9.5;8.9;8.3;7.7;7.0;6.6;6.3;6.0;5.6;5.1;4.4;3.7;3.1;2.5;2.1;2.0;2.4;3.3;5.0;7.5;10.9;;;;;;;;;;;;;;;;;;;;;;;;;;
1.400;;;;;;;;;;;;;;;;;;;;;;;;;;;;-10.8;-15.0;-18.3;-20.9;-22.8;-24.3;-25.3;-26.0;-26.4;-26.6;-26.5;-26.4;-26.2;-25.8;-25.5;-25.0;-24.4;-23.6;-22.7;-21.7;-20.4;-19.1;-17.7;-16.2;-14.6;-13.2;-12.0;-10.9;-9.7;-8.6;-7.5;-6.4;-5.4;-4.2;-3.1;-2.0;-0.9;0.3;1.5;2.6;3.8;5.0;6.1;7.2;8.3;9.3;10.2;11.1;11.9;12.6;13.2;13.6;14.0;14.3;14.4;14.5;14.4;14.3;14.0;13.7;13.3;12.8;12.3;11.7;11.1;10.5;9.8;9.1;8.4;7.6;6.9;6.1;5.3;4.5;3.8;3.3;2.7;1.9;1.0;0.1;-0.9;-1.9;-2.6;-3.1;-3.1;-2.6;-1.3;0.8;3.9;8.3;;;;;;;;;;;;;;;;;;;;;;;;;
1.300;;;;;;;;;;;;;;;;;;;;;;;;;;;-8.2;-13.0;-16.8;-19.8;-22.2;-23.8;-25.1;-25.9;-26.4;-26.6;-26.6;-26.4;-26.2;-25.9;-25.5;-25.0;-24.4;-23.8;-22.9;-21.9;-20.8;-19.5;-18.1;-16.6;-15.0;-13.7;-12.5;-11.3;-10.2;-9.1;-8.0;-6.9;-5.8;-4.7;-3.6;-2.5;-1.4;-0.3;0.9;2.0;3.2;4.4;5.5;6.6;7.7;8.7;9.7;10.6;11.5;12.2;12.9;13.4;13.9;14.2;14.4;14.5;14.5;14.4;14.1;13.8;13.4;12.9;12.4;11.8;11.1;10.4;9.6;8.8;8.0;7.2;6.3;5.4;4.4;3.5;2.5;1.5;0.5;-0.3;-1.3;-2.5;-3.8;-5.2;-6.5;-7.7;-8.6;-9.0;-8.9;-8.1;-6.4;-3.6;0.4;5.7;;;;;;;;;;;;;;;;;;;;;;;;
1.200;;;;;;;;;;;;;;;;;;;;;;;;;;;-10.3;-14.8;-18.4;-21.1;-23.1;-24.6;-25.6;-26.2;-26.5;-26.5;-26.4;-26.1;-25.8;-25.4;-24.9;-24.4;-23.8;-23.0;-22.1;-21.0;-19.8;-18.4;-16.9;-15.4;-14.1;-12.9;-11.7;-10.6;-9.5;-8.4;-7.4;-6.3;-5.3;-4.2;-3.1;-2.0;-0.9;0.2;1.3;2.5;3.6;4.8;5.9;7.0;8.1;9.1;10.1;10.9;11.8;12.5;13.1;13.6;14.0;14.3;14.4;14.5;14.4;14.3;14.0;13.6;13.1;12.6;11.9;11.2;10.5;9.6;8.8;7.8;6.9;5.9;4.8;3.8;2.6;1.5;0.3;-1.0;-2.2;-3.5;-4.8;-6.2;-7.9;-9.6;-11.3;-12.9;-14.3;-15.2;-15.6;-15.2;-13.9;-11.6;-7.9;-3.0;;;;;;;;;;;;;;;;;;;;;;;;
1.100;;;;;;;;;;;;;;;;;;;;;;;;;;-6.9;-12.2;-16.3;-19.6;-22.0;-23.8;-25.0;-25.8;-26.2;-26.3;-26.2;-25.9;-25.6;-25.2;-24.8;-24.2;-23.7;-23.0;-22.1;-21.2;-20.0;-18.7;-17.3;-15.8;-14.5;-13.3;-12.1;-11.0;-9.9;-8.9;-7.8;-6.8;-5.8;-4.8;-3.7;-2.7;-1.6;-0.5;0.6;1.7;2.8;4.0;5.1;6.2;7.3;8.3;9.3;10.3;11.2;11.9;12.6;13.2;13.7;14.1;14.3;14.4;14.5;14.3;14.1;13.8;13.3;12.8;12.2;11.4;10.6;9.8;8.8;7.9;6.8;5.7;4.6;3.3;2.1;0.8;-0.6;-2.0;-3.5;-5.1;-6.7;-8.3;-10.1;-12.0;-14.1;-16.3;-18.3;-20.1;-21.5;-22.4;-22.5;-21.7;-19.8;-16.5;-12.0;-5.7;;;;;;;;;;;;;;;;;;;;;;;
1.000;;;;;;;;;;;;;;;;;;;;;;;;;;-8.7;-13.6;-17.5;-20.4;-22.6;-24.2;-25.2;-25.8;-26.0;-25.9;-25.7;-25.3;-24.9;-24.5;-24.0;-23.4;-22.8;-22.0;-21.2;-20.1;-18.9;-17.6;-16.2;-14.9;-13.7;-12.5;-11.4;-10.3;-9.3;-8.3;-7.3;-6.3;-5.4;-4.4;-3.4;-2.4;-1.3;-0.3;0.8;1.9;3.0;4.1;5.3;6.4;7.4;8.5;9.5;10.4;11.2;12.0;12.7;13.3;13.7;14.0;14.3;14.4;14.3;14.2;13.9;13.5;13.0;12.4;11.7;10.9;10.0;9.1;8.0;6.9;5.7;4.5;3.2;1.8;0.3;-1.2;-2.8;-4.5;-6.2;-8.1;-10.0;-11.9;-14.0;-16.3;-18.8;-21.4;-23.8;-26.1;-28.0;-29.4;-29.9;-29.6;-28.2;-25.4;-21.2;-15.3;;;;;;;;;;;;;;;;;;;;;;;
0.900;;;;;;;;;;;;;;;;;;;;;;;;;-4.4;-10.2;-14.8;-18.4;-21.1;-23.0;-24.3;-25.1;-25.5;-25.6;-25.4;-25.1;-24.6;-24.1;-23.6;-23.1;-22.5;-21.8;-21.0;-20.1;-19.0;-17.8;-16.5;-15.2;-14.0;-12.9;-11.8;-10.7;-9.7;-8.8;-7.8;-6.9;-6.0;-5.0;-4.1;-3.1;-2.2;-1.2;-0.1;0.9;2.0;3.1;4.2;5.3;6.4;7.5;8.5;9.5;10.4;11.2;12.0;12.7;13.2;13.6;14.0;14.2;14.2;14.2;14.0;13.6;13.2;12.7;12.0;11.2;10.4;9.4;8.3;7.2;6.0;4.6;3.2;1.8;0.2;-1.5;-3.2;-5.0;-7.0;-9.0;-11.2;-13.4;-15.7;-18.0;-20.7;-23.6;-26.5;-29.4;-32.2;-34.5;-36.4;-37.4;-37.6;-36.6;-34.3;-30.5;-24.9;-17.6;;;;;;;;;;;;;;;;;;;;;;
0.800;;;;;;;;;;;;;;;;;;;;;;;;;-5.9;-11.4;-15.7;-19.0;-21.4;-23.1;-24.3;-24.9;-25.1;-25.0;-24.7;-24.3;-23.8;-23.2;-22.7;-22.1;-21.5;-20.8;-20.0;-19.0;-17.9;-16.7;-15.5;-14.3;-13.2;-12.1;-11.1;-10.1;-9.2;-8.3;-7.4;-6.5;-5.7;-4.8;-3.9;-3.0;-2.1;-1.1;-0.1;1.0;2.0;3.1;4.2;5.3;6.3;7.4;8.4;9.4;10.3;11.1;11.9;12.5;13.0;13.5;13.8;13.9;14.0;13.9;13.7;13.3;12.9;12.3;11.5;10.7;9.8;8.7;7.6;6.3;5.0;3.5;2.0;0.3;-1.4;-3.3;-5.3;-7.3;-9.5;-11.9;-14.3;-16.8;-19.5;-22.2;-25.1;-28.3;-31.7;-35.0;-38.2;-41.0;-43.4;-44.9;-45.5;-45.0;-43.1;-39.8;-34.6;-27.6;;;;;;;;;;;;;;;;;;;;;;
0.700;;;;;;;;;;;;;;;;;;;;;;;;-0.6;-7.1;-12.3;-16.3;-19.3;-21.6;-23.1;-24.0;-24.4;-24.5;-24.3;-23.9;-23.4;-22.8;-22.2;-21.6;-21.0;-20.4;-19.7;-18.8;-17.9;-16.8;-15.6;-14.5;-13.4;-12.4;-11.4;-10.4;-9.6;-8.7;-7.9;-7.1;-6.3;-5.5;-4.7;-3.8;-3.0;-2.1;-1.1;-0.1;0.9;1.9;3.0;4.0;5.1;6.2;7.2;8.2;9.2;10.1;10.9;11.6;12.3;12.8;13.2;13.5;13.7;13.7;13.6;13.3;13.0;12.5;11.8;11.1;10.2;9.2;8.0;6.8;5.4;4.0;2.4;0.7;-1.1;-3.1;-5.1;-7.3;-9.6;-12.1;-14.7;-17.5;-20.3;-23.3;-26.4;-29.5;-33.1;-36.8;-40.6;-44.2;-47.5;-50.3;-52.3;-53.4;-53.3;-51.9;-48.9;-44.1;-37.4;-28.3;;;;;;;;;;;;;;;;;;;;;
0.600;;;;;;;;;;;;;;;;;;;;;;;;-1.8;-7.9;-12.9;-16.6;-19.5;-21.5;-22.8;-23.5;-23.8;-23.8;-23.4;-23.0;-22.4;-21.7;-21.1;-20.5;-19.9;-19.2;-18.5;-17.7;-16.8;-15.7;-14.6;-13.6;-12.6;-11.6;-10.7;-9.9;-9.1;-8.3;-7.6;-6.9;-6.1;-5.4;-4.6;-3.8;-3.0;-2.1;-1.2;-0.3;0.7;1.7;2.7;3.8;4.9;5.9;6.9;7.9;8.9;9.8;10.6;11.3;12.0;12.5;12.9;13.2;13.3;13.3;13.2;12.9;12.5;12.0;11.3;10.5;9.6;8.5;7.3;6.0;4.5;3.0;1.3;-0.6;-2.6;-4.7;-6.9;-9.4;-11.9;-14.7;-17.6;-20.6;-23.8;-27.1;-30.5;-34.0;-37.8;-41.9;-46.0;-50.1;-53.8;-57.0;-59.4;-60.9;-61.3;-60.3;-57.8;-53.2;-46.9;-38.1;;;;;;;;;;;;;;;;;;;;;
0.500;;;;;;;;;;;;;;;;;;;;;;;4.7;-2.7;-8.6;-13.3;-16.8;-19.4;-21.2;-22.3;-23.0;-23.1;-22.9;-22.5;-21.9;-21.3;-20.6;-20.0;-19.3;-18.7;-18.1;-17.4;-16.6;-15.7;-14.6;-13.6;-12.7;-11.8;-11.0;-10.2;-9.4;-8.7;-8.0;-7.4;-6.7;-6.0;-5.4;-4.7;-3.9;-3.2;-2.3;-1.5;-0.5;0.4;1.4;2.4;3.5;4.5;5.5;6.6;7.6;8.5;9.4;10.2;10.9;11.6;12.1;12.5;12.7;12.9;12.9;12.8;12.5;12.1;11.5;10.8;9.9;9.0;7.8;6.6;5.2;3.6;2.0;0.1;-1.8;-4.0;-6.3;-8.7;-11.4;-14.2;-17.2;-20.3;-23.7;-27.2;-30.8;-34.6;-38.5;-42.4;-46.8;-51.3;-55.8;-59.9;-63.5;-66.3;-68.2;-69.0;-68.4;-66.2;-62.1;-56.0;-47.5;-36.5;;;;;;;;;;;;;;;;;;;;
0.400;;;;;;;;;;;;;;;;;;;;;;;3.8;-3.4;-9.0;-13.4;-16.7;-19.1;-20.8;-21.7;-22.2;-22.2;-22.0;-21.5;-20.8;-20.1;-19.4;-18.8;-18.1;-17.5;-16.9;-16.3;-15.5;-14.6;-13.7;-12.8;-11.9;-11.1;-10.4;-9.7;-9.0;-8.4;-7.8;-7.2;-6.6;-6.0;-5.4;-4.8;-4.1;-3.4;-2.6;-1.8;-0.9;0.1;1.0;2.0;3.0;4.1;5.1;6.1;7.1;8.0;8.9;9.7;10.5;11.1;11.6;12.0;12.3;12.4;12.4;12.2;11.9;11.5;10.9;10.2;9.3;8.3;7.1;5.8;4.3;2.7;0.9;-1.0;-3.1;-5.4;-7.8;-10.5;-13.3;-16.3;-19.6;-23.0;-26.6;-30.4;-34.4;-38.5;-42.8;-47.0;-51.5;-56.4;-61.2;-65.7;-69.7;-72.9;-75.2;-76.3;-76.0;-74.2;-70.4;-64.6;-56.3;-45.6;;;;;;;;;;;;;;;;;;;;
0.300;;;;;;;;;;;;;;;;;;;;;;;3.1;-3.7;-9.1;-13.3;-16.4;-18.7;-20.2;-21.0;-21.4;-21.3;-20.9;-20.3;-19.6;-18.9;-18.2;-17.5;-16.9;-16.4;-15.8;-15.2;-14.4;-13.6;-12.7;-11.9;-11.2;-10.5;-9.8;-9.2;-8.7;-8.2;-7.6;-7.1;-6.6;-6.1;-5.6;-5.0;-4.3;-3.7;-2.9;-2.1;-1.3;-0.4;0.6;1.6;2.6;3.6;4.6;5.6;6.6;7.5;8.4;9.2;9.9;10.5;11.0;11.4;11.7;11.8;11.8;11.7;11.4;10.9;10.3;9.6;8.7;7.6;6.4;5.0;3.5;1.8;-0.1;-2.1;-4.3;-6.7;-9.3;-12.1;-15.2;-18.4;-21.9;-25.5;-29.4;-33.5;-37.8;-42.2;-46.8;-51.4;-56.1;-61.2;-66.3;-71.1;-75.5;-79.0;-81.6;-83.1;-83.1;-81.6;-78.0;-72.6;-64.5;-53.9;;;;;;;;;;;;;;;;;;;;
0.200;;;;;;;;;;;;;;;;;;;;;;10.8;2.8;-3.9;-9.0;-13.0;-16.0;-18.1;-19.4;-20.1;-20.4;-20.3;-19.8;-19.1;-18.4;-17.6;-16.9;-16.3;-15.8;-15.2;-14.7;-14.2;-13.4;-12.7;-11.9;-11.2;-10.6;-10.0;-9.4;-8.9;-8.4;-8.0;-7.6;-7.1;-6.7;-6.2;-5.8;-5.2;-4.6;-4.0;-3.3;-2.5;-1.7;-0.8;0.1;1.0;2.0;3.0;4.0;5.0;6.0;6.9;7.8;8.6;9.3;9.9;10.4;10.8;11.1;11.2;11.2;11.0;10.7;10.3;9.7;8.9;8.0;6.9;5.6;4.2;2.6;0.9;-1.1;-3.2;-5.5;-8.0;-10.8;-13.7;-16.9;-20.3;-24.0;-27.9;-32.0;-36.4;-40.9;-45.7;-50.5;-55.5;-60.4;-65.7;-71.1;-76.2;-80.8;-84.7;-87.6;-89.3;-89.6;-88.3;-85.1;-79.8;-71.9;-61.5;;;;;;;;;;;;;;;;;;;;
0.100;;;;;;;;;;;;;;;;;;;;;;10.5;2.7;-3.7;-8.7;-12.5;-15.3;-17.3;-18.5;-19.2;-19.3;-19.1;-18.6;-17.9;-17.1;-16.4;-15.7;-15.1;-14.6;-14.2;-13.7;-13.2;-12.5;-11.8;-11.2;-10.6;-10.0;-9.5;-9.0;-8.6;-8.2;-7.9;-7.5;-7.2;-6.8;-6.4;-6.0;-5.5;-5.0;-4.4;-3.7;-3.0;-2.2;-1.4;-0.5;0.5;1.4;2.4;3.4;4.4;5.4;6.3;7.1;7.9;8.6;9.2;9.7;10.1;10.4;10.5;10.5;10.3;10.0;9.6;8.9;8.2;7.2;6.1;4.8;3.4;1.8;-0.0;-2.0;-4.2;-6.6;-9.3;-12.1;-15.2;-18.6;-22.1;-26.0;-30.1;-34.4;-39.0;-43.8;-48.8;-53.9;-59.1;-64.4;-69.7;-75.4;-80.8;-85.6;-89.7;-92.9;-94.9;-95.4;-94.3;-91.2;-86.2;-78.5;-68.2;-54.6;;;;;;;;;;;;;;;;;;;
0.000;;;;;;;;;;;;;;;;;;;;;;10.4;2.9;-3.4;-8.1;-11.9;-14.5;-16.4;-17.5;-18.1;-18.2;-17.9;-17.4;-16.6;-15.9;-15.1;-14.5;-14.0;-13.5;-13.1;-12.8;-12.2;-11.6;-11.0;-10.5;-10.0;-9.5;-9.1;-8.7;-8.4;-8.1;-7.8;-7.6;-7.3;-7.0;-6.6;-6.3;-5.8;-5.3;-4.8;-4.2;-3.5;-2.7;-1.9;-1.0;-0.1;0.8;1.8;2.8;3.7;4.7;5.6;6.4;7.2;7.9;8.5;9.0;9.4;9.6;9.8;9.7;9.6;9.3;8.8;8.2;7.4;6.4;5.3;4.0;2.6;0.9;-0.9;-3.0;-5.2;-7.7;-10.4;-13.4;-16.6;-20.1;-23.8;-27.8;-32.0;-36.6;-41.4;-46.4;-51.6;-56.9;-62.4;-67.9;-73.4;-79.2;-84.8;-89.9;-94.3;-97.6;-99.8;-100.5;-99.6;-96.7;-91.8;-84.1;-73.9;-60.4;;;;;;;;;;;;;;;;;;;
-0.100;;;;;;;;;;;;;;;;;;;;;19.8;10.7;3.3;-2.7;-7.4;-11.0;-13.6;-15.3;-16.4;-16.9;-17.0;-16.7;-16.1;-15.4;-14.6;-13.9;-13.3;-12.9;-12.5;-12.2;-11.9;-11.3;-10.8;-10.3;-9.9;-9.5;-9.1;-8.8;-8.5;-8.2;-8.0;-7.8;-7.6;-7.4;-7.2;-6.9;-6.6;-6.2;-5.7;-5.2;-4.6;-4.0;-3.2;-2.4;-1.6;-0.7;0.2;1.2;2.1;3.0;4.0;4.8;5.7;6.4;7.1;7.7;8.2;8.6;8.8;8.9;8.9;8.8;8.4;8.0;7.4;6.6;5.6;4.5;3.2;1.7;0.0;-1.8;-3.9;-6.2;-8.7;-11.5;-14.5;-17.8;-21.4;-25.2;-29.4;-33.7;-38.4;-43.4;-48.5;-53.9;-59.5;-65.1;-70.9;-76.5;-82.4;-88.2;-93.5;-98.0;-101.5;-103.9;-104.7;-103.9;-101.1;-96.2;-88.7;-78.5;-64.9;;;;;;;;;;;;;;;;;;;
-0.200;;;;;;;;;;;;;;;;;;;;;20.2;11.2;4.0;-1.9;-6.4;-9.9;-12.4;-14.1;-15.2;-15.7;-15.7;-15.4;-14.8;-14.1;-13.3;-12.7;-12.2;-11.8;-11.5;-11.3;-11.0;-10.5;-10.1;-9.7;-9.3;-9.0;-8.7;-8.5;-8.3;-8.1;-8.0;-7.8;-7.7;-7.6;-7.4;-7.1;-6.9;-6.5;-6.1;-5.6;-5.1;-4.5;-3.8;-3.0;-2.2;-1.3;-0.4;0.5;1.4;2.3;3.2;4.1;4.9;5.7;6.3;6.9;7.4;7.7;8.0;8.1;8.1;7.9;7.6;7.1;6.5;5.7;4.8;3.6;2.3;0.8;-0.8;-2.7;-4.8;-7.1;-9.7;-12.5;-15.6;-18.9;-22.6;-26.5;-30.7;-35.2;-40.0;-45.1;-50.4;-55.9;-61.6;-67.4;-73.3;-79.1;-85.1;-91.0;-96.5;-101.1;-104.8;-107.2;-108.1;-107.4;-104.6;-99.8;-92.3;-82.1;-68.5;;;;;;;;;;;;;;;;;;;
-0.300;;;;;;;;;;;;;;;;;;;;;20.9;12.1;5.0;-0.8;-5.3;-8.7;-11.2;-12.8;-13.9;-14.3;-14.4;-14.0;-13.4;-12.8;-12.1;-11.5;-11.1;-10.8;-10.6;-10.5;-10.2;-9.8;-9.4;-9.1;-8.8;-8.6;-8.4;-8.2;-8.1;-8.0;-7.9;-7.9;-7.8;-7.7;-7.6;-7.4;-7.2;-6.9;-6.5;-6.1;-5.5;-4.9;-4.3;-3.5;-2.8;-1.9;-1.1;-0.2;0.7;1.6;2.5;3.3;4.1;4.8;5.5;6.1;6.5;6.9;7.1;7.2;7.2;7.0;6.7;6.2;5.6;4.8;3.9;2.8;1.5;-0.0;-1.7;-3.6;-5.7;-8.0;-10.6;-13.4;-16.5;-19.9;-23.6;-27.5;-31.8;-36.4;-41.3;-46.4;-51.8;-57.4;-63.2;-69.2;-75.1;-81.1;-87.0;-93.1;-98.6;-103.4;-107.1;-109.6;-110.5;-109.9;-107.1;-102.3;-94.7;-84.4;-70.7;-53.4;;;;;;;;;;;;;;;;;;
-0.400;;;;;;;;;;;;;;;;;;;;;21.8;13.1;6.2;0.4;-4.0;-7.3;-9.8;-11.4;-12.4;-12.9;-13.0;-12.6;-12.1;-11.5;-10.9;-10.4;-10.1;-9.8;-9.7;-9.7;-9.4;-9.1;-8.8;-8.6;-8.4;-8.2;-8.1;-8.0;-7.9;-7.9;-7.9;-7.9;-7.9;-7.9;-7.8;-7.6;-7.5;-7.2;-6.9;-6.5;-6.0;-5.4;-4.8;-4.1;-3.3;-2.5;-1.7;-0.8;0.1;0.9;1.8;2.6;3.3;4.0;4.7;5.2;5.6;6.0;6.2;6.3;6.2;6.1;5.7;5.3;4.7;3.9;3.0;1.9;0.6;-0.9;-2.5;-4.4;-6.5;-8.8;-11.4;-14.2;-17.3;-20.7;-24.4;-28.4;-32.7;-37.3;-42.2;-47.4;-52.8;-58.5;-64.4;-70.4;-76.4;-82.4;-88.3;-94.4;-100.1;-104.9;-108.6;-111.1;-112.1;-111.4;-108.5;-103.7;-96.0;-85.6;-71.8;-54.3;;;;;;;;;;;;;;;;;;
-0.500;;;;;;;;;;;;;;;;;;;;;23.1;14.5;7.6;1.9;-2.4;-5.8;-8.2;-9.9;-10.9;-11.4;-11.5;-11.2;-10.8;-10.2;-9.7;-9.3;-9.1;-8.9;-8.9;-8.9;-8.6;-8.4;-8.2;-8.0;-7.9;-7.8;-7.8;-7.8;-7.8;-7.8;-7.9;-8.0;-8.0;-8.0;-8.0;-7.9;-7.7;-7.5;-7.2;-6.8;-6.4;-5.8;-5.2;-4.6;-3.8;-3.1;-2.3;-1.4;-0.6;0.2;1.0;1.8;2.5;3.2;3.8;4.3;4.7;5.0;5.2;5.3;5.3;5.1;4.8;4.3;3.7;2.9;2.0;0.9;-0.3;-1.8;-3.4;-5.2;-7.3;-9.6;-12.1;-14.9;-18.0;-21.3;-25.0;-29.0;-33.3;-37.8;-42.8;-47.9;-53.4;-59.1;-65.0;-71.0;-77.0;-83.1;-89.0;-95.0;-100.7;-105.5;-109.3;-111.7;-112.6;-111.9;-108.9;-103.9;-96.1;-85.6;-71.5;-53.8;;;;;;;;;;;;;;;;;;
-0.600;;;;;;;;;;;;;;;;;;;;;24.6;16.1;9.3;3.6;-0.7;-4.1;-6.6;-8.3;-9.3;-9.9;-10.0;-9.8;-9.4;-9.0;-8.6;-8.3;-8.1;-8.1;-8.2;-8.1;-7.9;-7.8;-7.6;-7.5;-7.5;-7.5;-7.5;-7.6;-7.6;-7.8;-7.9;-8.0;-8.1;-8.1;-8.1;-8.1;-7.9;-7.8;-7.5;-7.2;-6.7;-6.2;-5.7;-5.0;-4.3;-3.6;-2.8;-2.0;-1.2;-0.5;0.3;1.1;1.8;2.4;2.9;3.4;3.8;4.1;4.3;4.3;4.3;4.1;3.8;3.3;2.7;2.0;1.1;0.0;-1.2;-2.6;-4.2;-6.0;-8.0;-10.2;-12.7;-15.5;-18.5;-21.8;-25.4;-29.3;-33.6;-38.1;-43.0;-48.1;-53.6;-59.2;-65.0;-71.0;-77.0;-83.0;-88.9;-94.9;-100.5;-105.3;-109.0;-111.4;-112.2;-111.3;-108.2;-103.1;-95.1;-84.3;-70.0;-52.0;;;;;;;;;;;;;;;;;;
-0.700;;;;;;;;;;;;;;;;;;;;36.4;26.5;18.0;11.1;5.5;1.1;-2.3;-4.8;-6.5;-7.7;-8.3;-8.5;-8.4;-8.1;-7.7;-7.4;-7.2;-7.1;-7.2;-7.4;-7.3;-7.2;-7.1;-7.1;-7.1;-7.1;-7.1;-7.2;-7.3;-7.5;-7.6;-7.8;-8.0;-8.1;-8.2;-8.2;-8.2;-8.1;-8.0;-7.7;-7.4;-7.0;-6.6;-6.0;-5.4;-4.8;-4.1;-3.4;-2.6;-1.8;-1.1;-0.4;0.3;1.0;1.6;2.1;2.5;2.9;3.2;3.3;3.3;3.3;3.1;2.8;2.3;1.7;1.0;0.1;-0.9;-2.1;-3.4;-5.0;-6.7;-8.7;-10.8;-13.3;-15.9;-18.9;-22.1;-25.6;-29.5;-33.6;-38.1;-42.9;-48.0;-53.3;-58.9;-64.6;-70.5;-76.4;-82.3;-88.1;-93.9;-99.5;-104.2;-107.8;-110.1;-110.8;-109.8;-106.5;-101.1;-92.9;-81.8;-67.2;-48.9;;;;;;;;;;;;;;;;;;
-0.800;;;;;;;;;;;;;;;;;;;;38.5;28.6;20.1;13.3;7.6;3.2;-0.3;-2.9;-4.7;-5.9;-6.6;-6.9;-6.9;-6.7;-6.5;-6.3;-6.2;-6.2;-6.3;-6.5;-6.6;-6.5;-6.5;-6.5;-6.5;-6.6;-6.7;-6.9;-7.1;-7.3;-7.5;-7.7;-7.9;-8.1;-8.2;-8.3;-8.3;-8.2;-8.1;-7.9;-7.6;-7.3;-6.9;-6.3;-5.8;-5.2;-4.5;-3.8;-3.1;-2.4;-1.7;-1.0;-0.4;0.2;0.8;1.3;1.7;2.0;2.2;2.3;2.4;2.3;2.1;1.7;1.3;0.7;0.0;-0.8;-1.8;-2.9;-4.2;-5.7;-7.4;-9.3;-11.4;-13.7;-16.3;-19.1;-22.2;-25.7;-29.4;-33.4;-37.8;-42.4;-47.4;-52.6;-58.0;-63.6;-69.4;-75.2;-80.9;-86.5;-92.2;-97.6;-102.2;-105.7;-107.9;-108.4;-107.1;-103.6;-98.0;-89.4;-78.1;-63.2;-44.5;;;;;;;;;;;;;;;;;;
-0.900;;;;;;;;;;;;;;;;;;;;40.9;31.0;22.5;15.6;9.8;5.3;1.8;-0.8;-2.8;-4.1;-4.9;-5.3;-5.4;-5.3;-5.2;-5.1;-5.1;-5.2;-5.5;-5.7;-5.8;-5.8;-5.8;-5.9;-6.0;-6.1;-6.3;-6.5;-6.8;-7.0;-7.3;-7.6;-7.8;-8.0;-8.2;-8.3;-8.3;-8.3;-8.2;-8.0;-7.8;-7.5;-7.1;-6.6;-6.1;-5.5;-4.9;-4.2;-3.6;-2.9;-2.2;-1.6;-1.0;-0.5;0.0;0.5;0.8;1.1;1.3;1.4;1.4;1.3;1.1;0.7;0.3;-0.2;-0.9;-1.7;-2.7;-3.8;-5.0;-6.4;-8.0;-9.8;-11.8;-14.0;-16.5;-19.2;-22.2;-25.5;-29.0;-32.9;-37.1;-41.6;-46.4;-51.4;-56.7;-62.2;-67.7;-73.3;-78.9;-84.3;-89.7;-95.0;-99.5;-102.8;-104.7;-105.0;-103.5;-99.8;-93.8;-85.0;-73.3;-58.0;-39.0;;;;;;;;;;;;;;;;;;
-1.000;;;;;;;;;;;;;;;;;;;;43.6;33.6;25.1;18.1;12.3;7.7;4.1;1.3;-0.7;-2.2;-3.1;-3.7;-3.9;-4.0;-4.0;-4.0;-4.1;-4.2;-4.5;-4.8;-4.9;-5.0;-5.1;-5.3;-5.4;-5.6;-5.9;-6.1;-6.4;-6.7;-7.0;-7.3;-7.6;-7.9;-8.1;-8.2;-8.3;-8.3;-8.2;-8.1;-7.9;-7.6;-7.2;-6.8;-6.3;-5.7;-5.2;-4.6;-3.9;-3.3;-2.7;-2.1;-1.6;-1.1;-0.7;-0.3;0.0;0.3;0.4;0.5;0.5;0.3;0.1;-0.2;-0.7;-1.2;-1.8;-2.6;-3.5;-4.5;-5.7;-7.0;-8.5;-10.2;-12.1;-14.2;-16.5;-19.1;-21.9;-25.1;-28.5;-32.2;-36.2;-40.5;-45.1;-49.9;-54.9;-60.1;-65.5;-70.8;-76.1;-81.3;-86.5;-91.6;-95.8;-98.9;-100.6;-100.6;-98.9;-94.8;-88.5;-79.3;-67.2;-51.5;-32.1;;;;;;;;;;;;;;;;;;
-1.100;;;;;;;;;;;;;;;;;;;;46.6;36.6;27.9;20.9;14.9;10.2;6.4;3.5;1.4;-0.2;-1.3;-2.0;-2.3;-2.5;-2.7;-2.8;-3.0;-3.2;-3.6;-3.9;-4.1;-4.2;-4.4;-4.6;-4.8;-5.1;-5.4;-5.7;-6.0;-6.4;-6.7;-7.1;-7.4;-7.7;-7.9;-8.0;-8.2;-8.2;-8.1;-8.0;-7.8;-7.6;-7.2;-6.8;-6.4;-5.9;-5.4;-4.8;-4.3;-3.7;-3.1;-2.6;-2.1;-1.7;-1.3;-1.0;-0.7;-0.5;-0.4;-0.4;-0.4;-0.6;-0.8;-1.2;-1.6;-2.1;-2.7;-3.5;-4.3;-5.3;-6.4;-7.6;-9.0;-10.6;-12.3;-14.3;-16.4;-18.9;-21.5;-24.5;-27.7;-31.2;-35.0;-39.0;-43.4;-48.0;-52.7;-57.7;-62.7;-67.8;-72.8;-77.7;-82.6;-87.5;-91.4;-94.2;-95.7;-95.4;-93.3;-88.9;-82.3;-72.6;-60.2;-44.1;-24.2;;;;;;;;;;;;;;;;;;
-1.200;;;;;;;;;;;;;;;;;;;;49.9;39.8;31.0;23.8;17.7;12.9;9.0;5.9;3.6;1.9;0.6;-0.2;-0.7;-1.1;-1.3;-1.5;-1.8;-2.1;-2.5;-2.9;-3.1;-3.3;-3.6;-3.8;-4.1;-4.5;-4.8;-5.2;-5.6;-6.0;-6.3;-6.7;-7.1;-7.4;-7.6;-7.8;-7.9;-8.0;-8.0;-7.9;-7.7;-7.5;-7.2;-6.8;-6.4;-6.0;-5.5;-5.0;-4.5;-4.0;-3.5;-3.0;-2.6;-2.2;-1.9;-1.6;-1.4;-1.2;-1.2;-1.2;-1.3;-1.5;-1.7;-2.0;-2.5;-3.0;-3.6;-4.2;-5.0;-5.9;-6.9;-8.1;-9.4;-10.8;-12.4;-14.2;-16.2;-18.5;-20.9;-23.7;-26.6;-29.9;-33.5;-37.3;-41.3;-45.6;-50.1;-54.8;-59.5;-64.2;-68.9;-73.4;-78.0;-82.6;-86.2;-88.7;-89.9;-89.2;-86.8;-82.0;-75.0;-64.9;-52.0;-35.5;-15.3;;;;;;;;;;;;;;;;;;
-1.300;;;;;;;;;;;;;;;;;;;;53.4;43.2;34.3;27.0;20.7;15.7;11.6;8.4;5.9;4.0;2.6;1.6;0.9;0.4;0.1;-0.3;-0.6;-1.0;-1.4;-1.8;-2.1;-2.4;-2.7;-3.0;-3.4;-3.8;-4.2;-4.6;-5.0;-5.5;-5.9;-6.3;-6.7;-7.0;-7.3;-7.5;-7.6;-7.7;-7.7;-7.7;-7.5;-7.3;-7.1;-6.7;-6.4;-6.0;-5.5;-5.1;-4.6;-4.2;-3.7;-3.3;-2.9;-2.6;-2.3;-2.1;-2.0;-1.9;-1.9;-1.9;-2.0;-2.2;-2.5;-2.8;-3.3;-3.7;-4.3;-5.0;-5.7;-6.5;-7.4;-8.5;-9.6;-10.9;-12.4;-14.0;-15.9;-17.9;-20.2;-22.7;-25.4;-28.4;-31.7;-35.2;-39.0;-43.0;-47.1;-51.4;-55.8;-60.2;-64.5;-68.6;-72.9;-77.1;-80.4;-82.6;-83.3;-82.3;-79.5;-74.3;-66.9;-56.4;-43.0;-26.1;-5.5;;;;;;;;;;;;;;;;;;
-1.400;;;;;;;;;;;;;;;;;;;;57.3;46.9;37.9;30.3;23.9;18.7;14.4;11.0;8.3;6.2;4.6;3.5;2.6;2.0;1.5;1.1;0.7;0.2;-0.2;-0.7;-1.0;-1.4;-1.8;-2.1;-2.6;-3.0;-3.5;-3.9;-4.4;-4.9;-5.3;-5.8;-6.2;-6.5;-6.8;-7.1;-7.2;-7.3;-7.4;-7.3;-7.2;-7.0;-6.8;-6.5;-6.2;-5.8;-5.4;-5.0;-4.6;-4.2;-3.9;-3.5;-3.2;-2.9;-2.7;-2.6;-2.5;-2.4;-2.5;-2.6;-2.7;-2.9;-3.2;-3.6;-4.0;-4.4;-5.0;-5.6;-6.2;-7.0;-7.8;-8.8;-9.8;-11.0;-12.3;-13.7;-15.4;-17.2;-19.2;-21.5;-24.0;-26.7;-29.7;-32.9;-36.3;-40.0;-43.8;-47.7;-51.7;-55.7;-59.6;-63.2;-67.2;-71.1;-74.0;-75.8;-76.1;-74.7;-71.5;-65.8;-57.9;-47.0;-33.2;-15.9;5.0;;;;;;;;;;;;;;;;;;
-1.500;;;;;;;;;;;;;;;;;;;;61.5;50.9;41.6;33.8;27.2;21.8;17.3;13.7;10.8;8.5;6.7;5.4;4.4;3.6;3.0;2.4;2.0;1.5;1.0;0.6;0.1;-0.3;-0.7;-1.2;-1.7;-2.2;-2.7;-3.2;-3.7;-4.2;-4.7;-5.2;-5.6;-6.0;-6.3;-6.5;-6.7;-6.8;-6.9;-6.9;-6.8;-6.6;-6.4;-6.2;-5.9;-5.6;-5.2;-4.9;-4.5;-4.2;-3.9;-3.6;-3.4;-3.2;-3.0;-2.9;-2.9;-2.9;-3.0;-3.1;-3.3;-3.5;-3.8;-4.2;-4.6;-5.0;-5.5;-6.1;-6.7;-7.4;-8.1;-8.9;-9.8;-10.9;-12.0;-13.3;-14.7;-16.3;-18.1;-20.1;-22.3;-24.8;-27.4;-30.3;-33.4;-36.7;-40.1;-43.6;-47.2;-50.8;-54.2;-57.4;-61.1;-64.6;-67.1;-68.4;-68.3;-66.4;-62.8;-56.7;-48.3;-37.0;-22.8;-5.1;16.2;;;;;;;;;;;;;;;;;;
-1.600;;;;;;;;;;;;;;;;;;;;65.9;55.1;45.6;37.6;30.7;25.0;20.3;16.4;13.3;10.9;8.9;7.4;6.2;5.2;4.5;3.9;3.4;2.9;2.4;1.9;1.4;0.9;0.4;-0.2;-0.7;-1.2;-1.8;-2.4;-2.9;-3.4;-4.0;-4.5;-4.9;-5.3;-5.6;-5.9;-6.1;-6.2;-6.3;-6.3;-6.3;-6.1;-6.0;-5.7;-5.5;-5.2;-4.9;-4.6;-4.3;-4.1;-3.8;-3.6;-3.4;-3.3;-3.2;-3.1;-3.2;-3.2;-3.3;-3.5;-3.7;-4.0;-4.3;-4.7;-5.1;-5.5;-6.0;-6.5;-7.0;-7.6;-8.3;-9.0;-9.8;-10.6;-11.6;-12.7;-13.9;-15.3;-16.9;-18.6;-20.5;-22.7;-25.0;-27.5;-30.3;-33.2;-36.2;-39.3;-42.4;-45.5;-48.5;-51.2;-54.6;-57.6;-59.7;-60.5;-60.0;-57.7;-53.5;-47.0;-38.2;-26.4;-11.8;6.3;27.7;;;;;;;;;;;;;;;;;;
-1.700;;;;;;;;;;;;;;;;;;;;70.6;59.5;49.8;41.5;34.4;28.4;23.4;19.4;16.0;13.3;11.2;9.4;8.1;7.0;6.1;5.4;4.8;4.3;3.7;3.2;2.7;2.1;1.6;1.0;0.4;-0.2;-0.8;-1.4;-2.0;-2.6;-3.1;-3.6;-4.1;-4.5;-4.9;-5.1;-5.4;-5.5;-5.6;-5.6;-5.6;-5.5;-5.4;-5.2;-5.0;-4.7;-4.5;-4.2;-4.0;-3.8;-3.6;-3.4;-3.3;-3.2;-3.2;-3.2;-3.3;-3.4;-3.6;-3.8;-4.1;-4.4;-4.7;-5.0;-5.4;-5.8;-6.3;-6.7;-7.2;-7.7;-8.3;-8.9;-9.5;-10.3;-11.1;-12.0;-13.0;-14.1;-15.4;-16.9;-18.5;-20.4;-22.4;-24.6;-26.9;-29.4;-32.0;-34.7;-37.4;-40.0;-42.5;-44.8;-47.9;-50.3;-51.9;-52.3;-51.2;-48.4;-43.8;-36.8;-27.5;-15.3;-0.3;18.0;39.6;;;;;;;;;;;;;;;;;;
-1.800;;;;;;;;;;;;;;;;;;;;;64.2;54.2;45.6;38.2;32.0;26.7;22.4;18.8;15.9;13.5;11.5;10.0;8.8;7.8;7.0;6.3;5.7;5.2;4.7;4.1;3.4;2.8;2.2;1.5;0.9;0.2;-0.4;-1.0;-1.6;-2.2;-2.7;-3.2;-3.6;-4.0;-4.3;-4.5;-4.7;-4.8;-4.8;-4.8;-4.8;-4.6;-4.5;-4.3;-4.1;-3.9;-3.7;-3.5;-3.4;-3.2;-3.1;-3.1;-3.1;-3.1;-3.2;-3.3;-3.5;-3.7;-3.9;-4.2;-4.6;-4.9;-5.3;-5.6;-6.0;-6.4;-6.8;-7.3;-7.7;-8.2;-8.6;-9.2;-9.7;-10.4;-11.1;-11.9;-12.8;-13.9;-15.1;-16.4;-17.9;-19.6;-21.4;-23.4;-25.5;-27.7;-29.9;-32.2;-34.3;-36.3;-38.3;-40.9;-42.8;-43.9;-43.7;-42.2;-38.9;-33.8;-26.3;-16.6;-4.0;11.3;29.8;51.6;;;;;;;;;;;;;;;;;;
-1.900;;;;;;;;;;;;;;;;;;;;;69.2;58.8;49.9;42.2;35.7;30.1;25.5;21.7;18.5;15.9;13.8;12.0;10.6;9.5;8.6;7.9;7.2;6.7;6.2;5.5;4.8;4.1;3.4;2.7;2.0;1.4;0.7;0.0;-0.6;-1.2;-1.7;-2.2;-2.6;-3.0;-3.3;-3.5;-3.7;-3.8;-3.9;-3.9;-3.9;-3.8;-3.7;-3.5;-3.4;-3.2;-3.1;-2.9;-2.8;-2.7;-2.7;-2.7;-2.7;-2.8;-3.0;-3.1;-3.4;-3.6;-3.9;-4.2;-4.6;-4.9;-5.3;-5.7;-6.0;-6.4;-6.8;-7.1;-7.5;-7.9;-8.2;-8.6;-9.1;-9.5;-10.1;-10.7;-11.4;-12.2;-13.1;-14.2;-15.4;-16.7;-18.2;-19.8;-21.5;-23.2;-25.0;-26.8;-28.5;-29.9;-31.7;-33.8;-35.2;-35.6;-35.0;-32.9;-29.1;-23.5;-15.5;-5.5;7.5;23.1;41.7;63.4;;;;;;;;;;;;;;;;;;
-2.000;;;;;;;;;;;;;;;;;;;;;74.4;63.7;54.4;46.3;39.5;33.7;28.8;24.7;21.2;18.4;16.0;14.1;12.6;11.3;10.3;9.5;8.8;8.2;7.7;7.1;6.3;5.5;4.8;4.0;3.3;2.6;1.9;1.2;0.6;-0.0;-0.6;-1.1;-1.5;-1.9;-2.2;-2.5;-2.6;-2.8;-2.8;-2.9;-2.8;-2.8;-2.7;-2.6;-2.5;-2.4;-2.3;-2.2;-2.1;-2.1;-2.1;-2.2;-2.3;-2.4;-2.6;-2.8;-3.1;-3.4;-3.7;-4.1;-4.4;-4.8;-5.2;-5.5;-5.9;-6.2;-6.6;-6.9;-7.1;-7.4;-7.7;-8.0;-8.3;-8.6;-8.9;-9.3;-9.8;-10.4;-11.0;-11.8;-12.7;-13.7;-14.8;-16.0;-17.3;-18.7;-20.0;-21.4;-22.6;-23.6;-25.1;-26.6;-27.4;-27.3;-26.1;-23.5;-19.2;-13.1;-4.7;5.7;19.0;34.7;53.5;;;;;;;;;;;;;;;;;;;
-2.100;;;;;;;;;;;;;;;;;;;;;79.9;68.8;59.2;50.7;43.6;37.4;32.2;27.8;24.1;21.0;18.4;16.3;14.6;13.2;12.1;11.2;10.4;9.8;9.2;8.7;7.8;7.0;6.2;5.4;4.6;3.9;3.2;2.5;1.8;1.2;0.7;0.2;-0.3;-0.7;-1.0;-1.2;-1.4;-1.6;-1.6;-1.7;-1.7;-1.6;-1.6;-1.5;-1.4;-1.4;-1.3;-1.3;-1.3;-1.3;-1.4;-1.5;-1.6;-1.8;-2.1;-2.3;-2.7;-3.0;-3.4;-3.7;-4.1;-4.5;-4.9;-5.2;-5.6;-5.9;-6.1;-6.4;-6.6;-6.8;-7.0;-7.1;-7.3;-7.4;-7.6;-7.8;-8.1;-8.4;-8.9;-9.4;-10.0;-10.6;-11.4;-12.3;-13.2;-14.1;-15.1;-15.9;-16.7;-17.3;-18.5;-19.4;-19.7;-19.0;-17.2;-14.1;-9.3;-2.7;6.0;16.9;30.3;46.2;64.9;;;;;;;;;;;;;;;;;;;
-2.200;;;;;;;;;;;;;;;;;;;;;85.7;74.1;64.1;55.3;47.7;41.2;35.7;31.0;27.1;23.8;20.9;18.6;16.7;15.2;13.9;12.9;12.1;11.4;10.8;10.2;9.4;8.5;7.7;6.8;6.0;5.3;4.5;3.8;3.2;2.6;2.0;1.5;1.1;0.7;0.4;0.1;-0.1;-0.2;-0.3;-0.4;-0.4;-0.4;-0.3;-0.3;-0.3;-0.2;-0.2;-0.2;-0.3;-0.3;-0.5;-0.6;-0.8;-1.1;-1.4;-1.7;-2.0;-2.4;-2.8;-3.2;-3.6;-4.0;-4.4;-4.7;-5.0;-5.3;-5.5;-5.7;-5.9;-6.0;-6.1;-6.1;-6.2;-6.2;-6.2;-6.2;-6.3;-6.4;-6.6;-6.8;-7.1;-7.5;-8.0;-8.5;-9.0;-9.6;-10.1;-10.5;-10.8;-11.2;-12.0;-12.3;-12.0;-10.8;-8.4;-4.8;0.5;7.5;16.7;27.8;41.4;57.3;75.8;;;;;;;;;;;;;;;;;;;
-2.300;;;;;;;;;;;;;;;;;;;;;91.8;79.8;69.3;60.1;52.1;45.3;39.4;34.4;30.2;26.6;23.6;21.0;18.9;17.2;15.8;14.7;13.8;13.0;12.4;11.8;11.0;10.1;9.2;8.3;7.5;6.7;6.0;5.3;4.6;4.0;3.5;3.0;2.5;2.2;1.8;1.6;1.4;1.2;1.1;1.1;1.1;1.0;1.1;1.1;1.1;1.1;1.0;1.0;0.9;0.8;0.6;0.4;0.2;-0.1;-0.5;-0.8;-1.2;-1.6;-2.1;-2.5;-2.9;-3.3;-3.7;-4.0;-4.3;-4.6;-4.8;-4.9;-5.0;-5.0;-5.0;-5.0;-4.9;-4.8;-4.6;-4.5;-4.4;-4.3;-4.3;-4.3;-4.3;-4.4;-4.6;-4.7;-4.9;-5.1;-5.2;-5.3;-5.1;-5.3;-5.6;-5.3;-4.4;-2.6;0.2;4.4;10.2;17.5;27.0;38.3;52.0;67.9;86.2;;;;;;;;;;;;;;;;;;;
-2.400;;;;;;;;;;;;;;;;;;;;;;85.7;74.8;65.1;56.8;49.5;43.3;38.0;33.4;29.6;26.3;23.6;21.2;19.4;17.8;16.6;15.5;14.7;14.0;13.3;12.6;11.7;10.8;9.9;9.1;8.3;7.5;6.8;6.2;5.6;5.0;4.5;4.1;3.8;3.5;3.2;3.0;2.9;2.7;2.7;2.6;2.6;2.6;2.6;2.5;2.5;2.4;2.4;2.2;2.1;1.8;1.6;1.3;1.0;0.6;0.2;-0.2;-0.7;-1.1;-1.6;-2.0;-2.4;-2.8;-3.1;-3.4;-3.6;-3.8;-3.9;-3.9;-3.9;-3.8;-3.6;-3.5;-3.2;-3.0;-2.7;-2.4;-2.1;-1.9;-1.7;-1.5;-1.3;-1.2;-1.0;-0.9;-0.7;-0.5;-0.2;0.3;0.4;0.7;1.5;3.0;5.3;8.7;13.4;19.5;27.3;37.0;48.5;62.2;77.8;;;;;;;;;;;;;;;;;;;;
-2.500;;;;;;;;;;;;;;;;;;;;;;92.0;80.5;70.4;61.6;53.9;47.4;41.7;36.9;32.7;29.2;26.2;23.7;21.6;19.9;18.5;17.4;16.4;15.6;14.9;14.3;13.3;12.4;11.5;10.7;9.9;9.1;8.4;7.8;7.2;6.7;6.2;5.8;5.5;5.2;4.9;4.7;4.6;4.5;4.4;4.3;4.3;4.3;4.2;4.2;4.1;4.0;3.9;3.7;3.5;3.2;2.9;2.6;2.2;1.8;1.4;0.9;0.5;-0.0;-0.5;-0.9;-1.3;-1.7;-2.0;-2.3;-2.5;-2.6;-2.7;-2.7;-2.6;-2.4;-2.2;-1.9;-1.5;-1.2;-0.8;-0.3;0.1;0.5;1.0;1.4;1.8;2.2;2.6;3.0;3.5;4.0;4.7;5.4;6.0;6.8;8.2;10.1;13.0;16.9;22.0;28.6;36.6;46.5;58.0;71.7;87.1;;;;;;;;;;;;;;;;;;;;
-2.600;;;;;;;;;;;;;;;;;;;;;;98.6;86.6;75.9;66.7;58.6;51.6;45.6;40.5;36.1;32.3;29.1;26.3;24.1;22.2;20.6;19.3;18.2;17.3;16.5;15.9;15.0;14.1;13.2;12.3;11.6;10.8;10.2;9.5;9.0;8.5;8.0;7.7;7.3;7.0;6.8;6.6;6.5;6.4;6.3;6.2;6.1;6.1;6.0;5.9;5.8;5.7;5.5;5.3;5.1;4.8;4.4;4.1;3.7;3.2;2.8;2.3;1.8;1.3;0.8;0.4;-0.0;-0.4;-0.7;-1.0;-1.2;-1.3;-1.3;-1.2;-1.1;-0.8;-0.5;-0.2;0.3;0.7;1.3;1.8;2.4;3.0;3.6;4.2;4.8;5.4;6.1;6.8;7.5;8.4;9.4;10.3;11.4;12.7;14.6;17.1;20.4;24.8;30.3;37.2;45.5;55.5;67.0;80.5;95.6;;;;;;;;;;;;;;;;;;;;
-2.700;;;;;;;;;;;;;;;;;;;;;;;93.0;81.8;72.1;63.5;56.1;49.8;44.3;39.6;35.5;32.1;29.1;26.6;24.6;22.8;21.4;20.1;19.1;18.2;17.4;16.7;15.8;14.9;14.1;13.3;12.6;12.0;11.4;10.8;10.4;10.0;9.6;9.3;9.0;8.8;8.6;8.5;8.4;8.3;8.2;8.1;8.0;7.9;7.8;7.7;7.5;7.3;7.1;6.8;6.5;6.1;5.7;5.3;4.8;4.3;3.8;3.3;2.8;2.3;1.8;1.4;1.0;0.7;0.5;0.3;0.3;0.3;0.4;0.6;0.9;1.2;1.7;2.2;2.7;3.4;4.0;4.7;5.5;6.2;7.0;7.8;8.6;9.5;10.4;11.4;12.5;13.8;15.1;16.6;18.4;20.8;23.8;27.6;32.4;38.2;45.4;53.8;63.9;75.4;88.6;;;;;;;;;;;;;;;;;;;;;
-2.800;;;;;;;;;;;;;;;;;;;;;;;99.8;88.0;77.8;68.7;61.0;54.2;48.3;43.3;39.0;35.3;32.1;29.4;27.2;25.2;23.6;22.2;21.0;20.0;19.1;18.4;17.5;16.6;15.8;15.1;14.4;13.8;13.3;12.8;12.4;12.0;11.7;11.4;11.1;10.9;10.8;10.6;10.5;10.4;10.3;10.2;10.1;10.0;9.9;9.7;9.5;9.3;9.0;8.7;8.3;7.9;7.5;7.0;6.5;6.0;5.5;4.9;4.4;3.9;3.5;3.1;2.7;2.4;2.2;2.0;2.0;2.0;2.2;2.4;2.7;3.1;3.6;4.2;4.8;5.5;6.3;7.1;7.9;8.8;9.7;10.7;11.7;12.7;13.8;15.1;16.4;18.0;19.7;21.7;24.0;26.8;30.2;34.4;39.5;45.7;53.1;61.6;71.7;83.1;96.0;;;;;;;;;;;;;;;;;;;;;
-2.900;;;;;;;;;;;;;;;;;;;;;;;107.0;94.6;83.8;74.3;66.0;58.9;52.7;47.3;42.7;38.8;35.3;32.4;29.9;27.8;26.0;24.4;23.1;21.9;20.9;20.1;19.3;18.4;17.7;17.0;16.3;15.8;15.3;14.9;14.5;14.1;13.8;13.6;13.4;13.2;13.0;12.9;12.8;12.7;12.6;12.5;12.3;12.2;12.0;11.8;11.6;11.3;11.0;10.7;10.3;9.8;9.4;8.9;8.3;7.8;7.3;6.7;6.2;5.7;5.3;4.8;4.5;4.2;4.0;3.9;3.9;3.9;4.1;4.3;4.7;5.1;5.7;6.3;7.0;7.8;8.6;9.5;10.4;11.4;12.4;13.5;14.6;15.9;17.1;18.6;20.2;22.1;24.2;26.6;29.3;32.6;36.4;40.9;46.4;52.8;60.3;68.9;79.0;90.2;102.9;;;;;;;;;;;;;;;;;;;;;
-3.000;;;;;;;;;;;;;;;;;;;;;;;;101.7;90.3;80.2;71.5;63.9;57.3;51.6;46.7;42.5;38.8;35.7;33.0;30.7;28.7;26.9;25.4;24.1;22.9;21.9;21.1;20.3;19.6;18.9;18.4;17.9;17.4;17.0;16.7;16.4;16.1;15.9;15.7;15.6;15.4;15.3;15.2;15.1;15.0;14.8;14.7;14.5;14.3;14.1;13.8;13.5;13.2;12.8;12.4;11.9;11.4;10.9;10.3;9.8;9.2;8.7;8.2;7.7;7.2;6.8;6.5;6.2;6.0;5.9;5.9;6.0;6.2;6.4;6.8;7.3;7.9;8.5;9.3;10.1;11.0;11.9;12.9;14.0;15.1;16.3;17.5;18.9;20.3;21.9;24.0;26.2;28.6;31.4;34.5;38.1;42.3;47.1;52.8;59.4;67.0;75.7;85.6;96.7;;;;;;;;;;;;;;;;;;;;;;
-3.100;;;;;;;;;;;;;;;;;;;;;;;;109.2;97.1;86.5;77.3;69.2;62.2;56.2;51.0;46.5;42.6;39.2;36.3;33.8;31.6;29.7;28.0;26.5;25.2;24.0;23.1;22.2;21.5;21.0;20.4;20.0;19.6;19.3;19.0;18.8;18.6;18.4;18.2;18.1;18.0;17.8;17.7;17.6;17.5;17.3;17.1;16.9;16.7;16.4;16.1;15.8;15.4;15.0;14.6;14.1;13.5;13.0;12.4;11.9;11.3;10.8;10.2;9.7;9.3;8.9;8.6;8.3;8.1;8.1;8.1;8.2;8.4;8.7;9.1;9.6;10.2;10.9;11.6;12.5;13.4;14.4;15.4;16.5;17.7;19.0;20.3;21.8;23.4;25.4;27.7;30.3;33.0;36.1;39.5;43.5;47.9;53.1;59.0;65.7;73.4;82.1;91.9;102.8;;;;;;;;;;;;;;;;;;;;;;
-3.200;;;;;;;;;;;;;;;;;;;;;;;;117.3;104.5;93.3;83.5;75.0;67.6;61.2;55.6;50.8;46.6;43.1;40.0;37.3;34.9;32.7;30.9;29.2;27.7;26.4;25.3;24.4;23.6;23.1;22.6;22.3;22.0;21.7;21.5;21.3;21.1;21.0;20.9;20.7;20.6;20.5;20.4;20.2;20.1;19.9;19.7;19.5;19.2;18.9;18.6;18.2;17.8;17.3;16.9;16.3;15.8;15.2;14.7;14.1;13.5;13.0;12.4;12.0;11.5;11.1;10.8;10.6;10.4;10.3;10.4;10.5;10.7;11.0;11.4;12.0;12.6;13.3;14.1;14.9;15.9;16.9;18.0;19.1;20.4;21.7;23.1;24.7;26.5;28.9;31.5;34.3;37.4;40.8;44.5;48.7;53.4;58.8;64.8;71.7;79.4;88.1;97.9;;;;;;;;;;;;;;;;;;;;;;;
-3.300;;;;;;;;;;;;;;;;;;;;;;;;;112.4;100.5;90.2;81.1;73.3;66.5;60.6;55.5;51.0;47.3;43.9;41.0;38.5;36.1;34.1;32.2;30.6;29.1;27.8;26.8;25.9;25.3;24.9;24.6;24.4;24.2;24.1;23.9;23.8;23.7;23.6;23.5;23.4;23.3;23.2;23.0;22.8;22.6;22.4;22.1;21.8;21.5;21.1;20.7;20.2;19.8;19.2;18.7;18.1;17.6;17.0;16.4;15.8;15.3;14.7;14.3;13.8;13.5;13.2;12.9;12.8;12.8;12.8;12.9;13.2;13.5;13.9;14.5;15.1;15.8;16.6;17.5;18.4;19.4;20.6;21.8;23.0;24.4;25.9;27.6;29.9;32.6;35.4;38.4;41.7;45.4;49.3;53.8;58.7;64.3;70.5;77.5;85.3;94.0;103.7;;;;;;;;;;;;;;;;;;;;;;;
-3.400;;;;;;;;;;;;;;;;;;;;;;;;;120.9;108.3;97.4;87.8;79.4;72.2;65.9;60.5;55.8;51.8;48.2;45.2;42.4;39.9;37.7;35.6;33.8;32.1;30.7;29.5;28.5;27.8;27.4;27.2;27.0;26.9;26.8;26.7;26.7;26.6;26.5;26.4;26.3;26.2;26.1;25.9;25.7;25.5;25.2;24.9;24.5;24.2;23.7;23.3;22.8;22.3;21.7;21.1;20.6;20.0;19.4;18.8;18.2;17.7;17.1;16.7;16.3;15.9;15.6;15.4;15.3;15.3;15.3;15.5;15.7;16.1;16.5;17.1;17.7;18.4;19.2;20.1;21.1;22.1;23.2;24.5;25.8;27.2;28.8;31.0;33.5;36.3;39.3;42.6;46.1;50.0;54.2;58.9;64.0;69.7;76.1;83.2;91.2;100.0;;;;;;;;;;;;;;;;;;;;;;;;
-3.500;;;;;;;;;;;;;;;;;;;;;;;;;;116.7;105.1;94.9;86.1;78.4;71.7;66.0;61.0;56.7;52.9;49.7;46.7;44.1;41.7;39.5;37.5;35.6;34.0;32.7;31.5;30.6;30.0;29.8;29.8;29.7;29.7;29.7;29.6;29.6;29.6;29.5;29.4;29.3;29.1;28.9;28.7;28.4;28.1;27.8;27.4;26.9;26.5;25.9;25.4;24.8;24.3;23.7;23.0;22.4;21.8;21.2;20.7;20.1;19.6;19.2;18.8;18.5;18.2;18.0;17.9;17.9;18.0;18.2;18.5;18.8;19.3;19.8;20.4;21.2;22.0;22.8;23.8;24.9;26.0;27.3;28.6;30.1;32.1;34.6;37.3;40.3;43.4;46.9;50.6;54.7;59.1;64.0;69.3;75.2;81.8;89.1;97.3;106.2;;;;;;;;;;;;;;;;;;;;;;;;
-3.600;;;;;;;;;;;;;;;;;;;;;;;;;;;113.4;102.6;93.2;85.1;78.0;71.9;66.6;62.0;58.0;54.5;51.5;48.7;46.1;43.7;41.6;39.6;37.8;36.3;35.0;33.9;33.2;32.7;32.7;32.7;32.7;32.8;32.8;32.8;32.8;32.7;32.6;32.5;32.3;32.1;31.8;31.5;31.1;30.7;30.3;29.8;29.3;28.7;28.1;27.5;26.9;26.2;25.6;25.0;24.4;23.8;23.2;22.7;22.2;21.8;21.4;21.1;20.9;20.7;20.7;20.7;20.8;21.0;21.3;21.7;22.1;22.7;23.3;24.0;24.9;25.7;26.7;27.8;29.0;30.3;31.7;33.5;35.8;38.4;41.3;44.4;47.7;51.4;55.3;59.6;64.2;69.3;74.8;81.0;87.8;95.4;103.8;;;;;;;;;;;;;;;;;;;;;;;;;
-3.700;;;;;;;;;;;;;;;;;;;;;;;;;;;122.3;110.9;100.9;92.3;84.8;78.3;72.6;67.8;63.5;59.8;56.6;53.7;51.0;48.5;46.1;44.0;42.1;40.3;38.9;37.7;36.8;36.1;35.8;35.9;36.0;36.1;36.2;36.2;36.2;36.1;36.0;35.9;35.7;35.4;35.1;34.7;34.3;33.8;33.3;32.7;32.2;31.5;30.9;30.2;29.6;28.9;28.3;27.6;27.0;26.4;25.8;25.3;24.8;24.4;24.1;23.8;23.6;23.5;23.5;23.6;23.7;23.9;24.2;24.7;25.1;25.7;26.4;27.1;27.9;28.8;29.8;30.9;32.2;33.5;35.2;37.3;39.8;42.5;45.5;48.8;52.3;56.1;60.2;64.7;69.5;74.9;80.7;87.2;94.4;102.4;111.2;;;;;;;;;;;;;;;;;;;;;;;;;
-3.800;;;;;;;;;;;;;;;;;;;;;;;;;;;;119.7;109.2;100.0;92.0;85.2;79.1;74.0;69.4;65.5;62.1;59.0;56.2;53.6;51.2;48.9;46.8;44.9;43.3;41.9;40.8;40.0;39.5;39.3;39.5;39.6;39.7;39.8;39.8;39.7;39.6;39.4;39.2;38.9;38.5;38.0;37.6;37.0;36.4;35.8;35.1;34.5;33.8;33.1;32.4;31.7;31.0;30.3;29.7;29.1;28.5;28.0;27.6;27.2;26.9;26.7;26.5;26.4;26.5;26.6;26.7;27.0;27.4;27.8;28.3;28.9;29.6;30.4;31.2;32.1;33.2;34.3;35.6;37.2;39.2;41.5;44.1;46.9;50.1;53.5;57.2;61.2;65.5;70.2;75.3;81.0;87.2;94.2;101.9;110.3;;;;;;;;;;;;;;;;;;;;;;;;;;
-3.900;;;;;;;;;;;;;;;;;;;;;;;;;;;;129.3;118.1;108.4;99.9;92.6;86.2;80.7;75.9;71.7;68.1;64.8;61.9;59.2;56.7;54.3;52.0;50.0;48.2;46.6;45.4;44.4;43.7;43.3;43.2;43.4;43.5;43.6;43.6;43.5;43.4;43.2;42.9;42.5;42.1;41.6;41.0;40.4;39.7;39.0;38.3;37.5;36.8;36.0;35.2;34.5;33.8;33.1;32.5;31.9;31.3;30.8;30.4;30.1;29.8;29.6;29.5;29.5;29.6;29.7;30.0;30.3;30.7;31.1;31.7;32.3;33.1;33.9;34.8;35.8;36.9;38.1;39.6;41.4;43.6;46.0;48.7;51.7;55.0;58.6;62.5;66.7;71.3;76.4;81.9;88.0;94.8;102.3;110.7;;;;;;;;;;;;;;;;;;;;;;;;;;;
-4.000;;;;;;;;;;;;;;;;;;;;;;;;;;;;;127.5;117.2;108.2;100.5;93.7;87.9;82.8;78.3;74.4;71.0;68.0;65.2;62.6;60.1;57.7;55.5;53.6;51.8;50.4;49.2;48.4;47.8;47.5;47.4;47.5;47.6;47.6;47.5;47.3;47.1;46.7;46.3;45.8;45.2;44.6;43.9;43.1;42.3;41.5;40.7;39.9;39.0;38.2;37.5;36.7;36.0;35.3;34.8;34.2;33.8;33.4;33.1;32.9;32.7;32.7;32.7;32.8;33.0;33.3;33.7;34.2;34.7;35.3;36.0;36.8;37.7;38.6;39.7;40.9;42.3;44.0;46.0;48.3;50.9;53.7;56.9;60.4;64.2;68.3;72.9;77.8;83.3;89.3;96.1;103.5;111.9;121.0;;;;;;;;;;;;;;;;;;;;;;;;;;;
-4.100;;;;;;;;;;;;;;;;;;;;;;;;;;;;;;126.7;117.2;109.0;101.8;95.6;90.2;85.5;81.3;77.7;74.5;71.6;68.9;66.3;63.9;61.6;59.5;57.6;55.9;54.6;53.5;52.8;52.3;52.0;51.9;51.9;51.9;51.8;51.6;51.3;50.9;50.4;49.8;49.1;48.4;47.6;46.7;45.8;44.9;44.0;43.1;42.3;41.4;40.6;39.8;39.1;38.4;37.8;37.3;36.9;36.5;36.3;36.1;36.0;36.0;36.1;36.3;36.6;37.0;37.4;37.9;38.6;39.2;40.0;40.9;41.8;42.9;44.1;45.4;47.0;48.9;51.0;53.5;56.2;59.3;62.7;66.4;70.5;75.0;79.9;85.4;91.5;98.2;105.8;114.2;123.5;;;;;;;;;;;;;;;;;;;;;;;;;;;;
-4.200;;;;;;;;;;;;;;;;;;;;;;;;;;;;;;;126.6;117.9;110.3;103.8;98.0;93.0;88.7;84.8;81.4;78.3;75.6;72.9;70.4;68.0;65.8;63.8;61.9;60.4;59.1;58.2;57.4;57.0;56.7;56.6;56.5;56.4;56.1;55.7;55.2;54.6;53.9;53.2;52.3;51.5;50.5;49.5;48.6;47.6;46.6;45.6;44.7;43.9;43.0;42.3;41.6;41.0;40.6;40.1;39.8;39.6;39.5;39.5;39.6;39.8;40.0;40.4;40.8;41.4;42.0;42.7;43.5;44.4;45.3;46.4;47.6;48.9;50.4;52.2;54.2;56.5;59.2;62.1;65.5;69.1;73.2;77.6;82.6;88.1;94.2;101.1;108.7;117.3;126.9;;;;;;;;;;;;;;;;;;;;;;;;;;;;;
-4.300;;;;;;;;;;;;;;;;;;;;;;;;;;;;;;;136.5;127.4;119.3;112.4;106.4;101.1;96.5;92.4;88.7;85.5;82.6;79.9;77.4;74.9;72.6;70.4;68.4;66.7;65.2;64.0;63.0;62.4;61.9;61.6;61.4;61.2;60.9;60.4;59.9;59.2;58.4;57.6;56.6;55.6;54.6;53.5;52.4;51.4;50.3;49.3;48.3;47.4;46.5;45.8;45.1;44.5;44.1;43.7;43.4;43.3;43.2;43.3;43.4;43.7;44.1;44.5;45.1;45.7;46.4;47.3;48.2;49.2;50.2;51.4;52.7;54.2;55.9;57.8;60.1;62.6;65.5;68.8;72.4;76.4;80.9;85.9;91.5;97.7;104.7;112.7;121.5;131.5;;;;;;;;;;;;;;;;;;;;;;;;;;;;;;
-4.400;;;;;;;;;;;;;;;;;;;;;;;;;;;;;;;;137.2;128.8;121.5;115.1;109.6;104.7;100.4;96.5;93.1;90.0;87.2;84.6;82.1;79.8;77.5;75.4;73.4;71.7;70.3;69.1;68.2;67.4;66.9;66.5;66.2;65.9;65.5;64.9;64.1;63.2;62.2;61.2;60.1;58.9;57.8;56.6;55.4;54.3;53.2;52.2;51.2;50.3;49.6;48.9;48.3;47.9;47.5;47.3;47.2;47.2;47.4;47.6;48.0;48.5;49.0;49.7;50.4;51.3;52.2;53.3;54.3;55.5;56.8;58.3;60.0;61.9;64.1;66.6;69.4;72.6;76.2;80.3;84.8;89.9;95.6;102.0;109.3;117.5;126.8;137.1;148.7;;;;;;;;;;;;;;;;;;;;;;;;;;;;;;
-4.500;;;;;;;;;;;;;;;;;;;;;;;;;;;;;;;;;138.5;130.9;124.2;118.4;113.3;108.7;104.7;101.1;97.9;94.9;92.2;89.7;87.2;84.9;82.7;80.6;78.7;77.0;75.6;74.4;73.4;72.7;72.0;71.5;71.0;70.5;70.0;69.3;68.3;67.3;66.1;64.9;63.6;62.4;61.1;59.9;58.6;57.5;56.4;55.4;54.5;53.7;53.0;52.5;52.1;51.8;51.6;51.6;51.7;51.9;52.2;52.7;53.3;54.0;54.8;55.6;56.6;57.7;58.8;60.0;61.3;62.8;64.5;66.4;68.6;71.1;73.9;77.1;80.7;84.8;89.4;94.6;100.5;107.1;114.7;123.3;132.9;143.8;156.0;;;;;;;;;;;;;;;;;;;;;;;;;;;;;;;
-4.600;;;;;;;;;;;;;;;;;;;;;;;;;;;;;;;;;;140.6;133.6;127.5;122.2;117.5;113.3;109.5;106.1;103.0;100.2;97.5;95.1;92.7;90.3;88.2;86.1;84.2;82.6;81.1;79.9;78.9;78.0;77.2;76.5;75.8;75.2;74.4;73.6;72.6;71.4;70.1;68.8;67.4;66.1;64.7;63.4;62.2;61.1;60.0;59.1;58.3;57.7;57.1;56.7;56.5;56.4;56.4;56.6;56.9;57.4;57.9;58.6;59.5;60.4;61.4;62.5;63.7;64.9;66.3;67.8;69.5;71.4;73.6;76.1;78.9;82.1;85.8;90.0;94.7;100.1;106.2;113.1;121.0;130.0;140.2;151.7;164.8;;;;;;;;;;;;;;;;;;;;;;;;;;;;;;;;
-4.700;;;;;;;;;;;;;;;;;;;;;;;;;;;;;;;;;;;143.2;136.9;131.3;126.4;122.1;118.2;114.7;111.4;108.5;105.7;103.1;100.7;98.3;96.0;93.9;91.8;90.0;88.3;86.8;85.5;84.4;83.4;82.4;81.6;80.7;79.9;78.9;77.9;76.8;75.6;74.3;72.9;71.5;70.1;68.7;67.4;66.2;65.2;64.2;63.4;62.8;62.3;61.9;61.7;61.7;61.8;62.1;62.5;63.1;63.9;64.8;65.7;66.8;67.9;69.0;70.3;71.7;73.3;75.0;76.9;79.1;81.6;84.5;87.7;91.5;95.7;100.6;106.2;112.5;119.8;128.1;137.6;148.3;160.6;174.4;;;;;;;;;;;;;;;;;;;;;;;;;;;;;;;;;
-4.800;;;;;;;;;;;;;;;;;;;;;;;;;;;;;;;;;;;;146.3;140.6;135.6;131.1;127.1;123.5;120.2;117.2;114.3;111.6;109.1;106.7;104.3;102.0;99.9;97.8;96.0;94.2;92.7;91.3;90.1;88.9;87.9;86.9;85.8;84.8;83.7;82.6;81.4;80.1;78.8;77.5;76.1;74.7;73.4;72.2;71.1;70.2;69.4;68.8;68.3;68.0;67.9;68.0;68.3;68.7;69.3;70.0;70.8;71.8;72.8;73.9;75.0;76.3;77.7;79.3;81.0;83.0;85.2;87.8;90.7;94.1;97.9;102.4;107.4;113.3;119.9;127.6;136.3;146.4;157.8;170.8;185.8;;;;;;;;;;;;;;;;;;;;;;;;;;;;;;;;;;
-4.900;;;;;;;;;;;;;;;;;;;;;;;;;;;;;;;;;;;;;149.8;144.7;140.2;136.2;132.5;129.1;126.0;123.1;120.4;117.8;115.3;112.9;110.5;108.3;106.1;104.1;102.2;100.4;98.8;97.3;95.9;94.7;93.5;92.3;91.2;90.1;88.9;87.7;86.5;85.2;83.9;82.7;81.4;80.2;79.1;78.1;77.2;76.5;76.0;75.6;75.4;75.4;75.5;75.8;76.3;76.9;77.6;78.5;79.4;80.5;81.6;82.9;84.3;85.8;87.6;89.6;91.9;94.5;97.5;100.9;104.9;109.5;114.8;120.9;127.9;135.9;145.2;155.8;167.9;181.8;;;;;;;;;;;;;;;;;;;;;;;;;;;;;;;;;;;;
-5.000;;;;;;;;;;;;;;;;;;;;;;;;;;;;;;;;;;;;;;153.6;149.2;145.2;141.5;138.2;135.1;132.2;129.5;126.8;124.3;121.8;119.5;117.1;114.9;112.7;110.7;108.7;106.9;105.2;103.6;102.2;100.8;99.5;98.3;97.0;95.8;94.7;93.5;92.3;91.1;89.9;88.8;87.7;86.7;85.9;85.1;84.5;84.0;83.7;83.6;83.6;83.8;84.1;84.6;85.2;86.0;86.8;87.8;88.9;90.1;91.5;93.1;94.9;96.9;99.3;101.9;105.0;108.6;112.8;117.6;123.2;129.6;136.9;145.5;155.3;166.6;179.5;194.4;;;;;;;;;;;;;;;;;;;;;;;;;;;;;;;;;;;;;
-5.100;;;;;;;;;;;;;;;;;;;;;;;;;;;;;;;;;;;;;;;;154.0;150.4;147.2;144.2;141.4;138.7;136.1;133.6;131.1;128.7;126.4;124.1;121.9;119.7;117.6;115.6;113.8;112.0;110.4;108.8;107.4;106.0;104.7;103.5;102.3;101.1;99.9;98.8;97.7;96.7;95.8;94.9;94.2;93.5;93.0;92.7;92.4;92.3;92.4;92.6;93.0;93.5;94.1;94.9;95.8;96.8;98.0;99.4;101.0;102.7;104.8;107.2;110.0;113.2;116.9;121.3;126.3;132.2;138.9;146.7;155.6;166.1;178.0;191.8;207.6;;;;;;;;;;;;;;;;;;;;;;;;;;;;;;;;;;;;;;
-5.200;;;;;;;;;;;;;;;;;;;;;;;;;;;;;;;;;;;;;;;;;159.0;156.0;153.2;150.5;148.0;145.5;143.1;140.7;138.4;136.1;133.8;131.5;129.3;127.2;125.1;123.1;121.2;119.4;117.7;116.1;114.7;113.3;111.9;110.7;109.5;108.4;107.3;106.3;105.4;104.5;103.8;103.1;102.6;102.2;101.9;101.8;101.8;101.9;102.1;102.5;103.1;103.8;104.6;105.6;106.7;108.0;109.6;111.4;113.5;116.0;118.8;122.2;126.1;130.7;135.9;142.1;149.2;157.4;166.9;177.8;190.6;205.1;222.1;;;;;;;;;;;;;;;;;;;;;;;;;;;;;;;;;;;;;;;
-5.300;;;;;;;;;;;;;;;;;;;;;;;;;;;;;;;;;;;;;;;;;;164.3;161.8;159.4;157.2;154.9;152.7;150.5;148.3;146.1;143.9;141.7;139.5;137.4;135.2;133.2;131.2;129.3;127.5;125.8;124.2;122.7;121.3;120.0;118.8;117.7;116.6;115.7;114.8;114.1;113.4;112.8;112.4;112.1;111.8;111.8;111.8;112.0;112.3;112.7;113.4;114.1;115.0;116.1;117.4;119.0;120.8;123.0;125.5;128.5;131.9;136.0;140.8;146.3;152.7;160.2;168.9;178.8;190.5;203.8;219.5;;;;;;;;;;;;;;;;;;;;;;;;;;;;;;;;;;;;;;;;;
-5.400;;;;;;;;;;;;;;;;;;;;;;;;;;;;;;;;;;;;;;;;;;;;167.9;166.0;164.2;162.3;160.4;158.4;156.4;154.4;152.3;150.3;148.2;146.1;144.1;142.1;140.1;138.3;136.5;134.8;133.3;131.8;130.4;129.2;128.0;127.0;126.1;125.2;124.5;123.9;123.4;123.0;122.7;122.5;122.5;122.6;122.9;123.2;123.8;124.5;125.3;126.4;127.7;129.2;131.1;133.3;135.9;138.9;142.6;146.8;151.8;157.5;164.3;172.1;181.2;191.7;203.9;218.2;234.6;;;;;;;;;;;;;;;;;;;;;;;;;;;;;;;;;;;;;;;;;;
-5.500;;;;;;;;;;;;;;;;;;;;;;;;;;;;;;;;;;;;;;;;;;;;;;173.0;171.6;170.1;168.6;166.9;165.2;163.4;161.5;159.6;157.7;155.8;153.9;152.0;150.1;148.3;146.6;145.0;143.5;142.1;140.8;139.6;138.5;137.6;136.8;136.0;135.4;135.0;134.6;134.4;134.2;134.3;134.4;134.7;135.2;135.8;136.6;137.7;138.9;140.5;142.4;144.6;147.3;150.5;154.2;158.6;163.7;169.8;176.8;185.0;194.5;205.6;218.5;233.5;;;;;;;;;;;;;;;;;;;;;;;;;;;;;;;;;;;;;;;;;;;;
-5.600;;;;;;;;;;;;;;;;;;;;;;;;;;;;;;;;;;;;;;;;;;;;;;;180.5;179.6;178.6;177.4;176.2;174.7;173.2;171.6;169.9;168.2;166.5;164.7;163.0;161.3;159.6;158.0;156.5;155.0;153.7;152.5;151.4;150.4;149.6;148.8;148.2;147.7;147.4;147.2;147.1;147.1;147.4;147.7;148.3;149.1;150.1;151.3;152.8;154.7;157.0;159.7;163.0;166.8;171.3;176.7;182.9;190.2;198.7;208.7;220.3;233.8;;;;;;;;;;;;;;;;;;;;;;;;;;;;;;;;;;;;;;;;;;;;;;
-5.700;;;;;;;;;;;;;;;;;;;;;;;;;;;;;;;;;;;;;;;;;;;;;;;;;188.3;187.8;187.1;186.3;185.3;184.1;182.8;181.5;180.0;178.5;177.0;175.4;173.9;172.4;170.9;169.6;168.3;167.1;166.0;165.0;164.1;163.3;162.7;162.2;161.8;161.6;161.6;161.7;161.9;162.4;163.1;164.0;165.2;166.7;168.6;170.9;173.6;176.9;180.8;185.5;190.9;197.4;204.9;213.9;224.2;236.4;;;;;;;;;;;;;;;;;;;;;;;;;;;;;;;;;;;;;;;;;;;;;;;;
-5.800;;;;;;;;;;;;;;;;;;;;;;;;;;;;;;;;;;;;;;;;;;;;;;;;;;;;197.9;197.5;197.0;196.2;195.3;194.3;193.2;191.9;190.7;189.4;188.0;186.7;185.5;184.3;183.1;182.0;181.1;180.2;179.4;178.8;178.3;178.0;177.8;177.7;177.9;178.2;178.8;179.6;180.7;182.2;184.0;186.2;188.9;192.2;196.2;200.9;206.5;213.1;220.9;230.0;240.8;;;;;;;;;;;;;;;;;;;;;;;;;;;;;;;;;;;;;;;;;;;;;;;;;;
-5.900;;;;;;;;;;;;;;;;;;;;;;;;;;;;;;;;;;;;;;;;;;;;;;;;;;;;;;210.1;210.2;210.0;209.5;208.9;208.2;207.3;206.4;205.4;204.3;203.3;202.2;201.2;200.3;199.4;198.5;197.8;197.2;196.7;196.4;196.2;196.2;196.5;196.9;197.6;198.6;199.9;201.6;203.8;206.5;209.7;213.7;218.4;224.1;230.9;238.8;;;;;;;;;;;;;;;;;;;;;;;;;;;;;;;;;;;;;;;;;;;;;;;;;;;;;
-6.000;;;;;;;;;;;;;;;;;;;;;;;;;;;;;;;;;;;;;;;;;;;;;;;;;;;;;;;;;225.5;225.6;225.5;225.2;224.8;224.2;223.5;222.8;222.0;221.2;220.4;219.6;218.9;218.3;217.7;217.3;217.0;216.9;217.0;217.3;217.8;218.7;219.8;221.4;223.5;226.0;229.2;233.1;237.9;243.6;;;;;;;;;;;;;;;;;;;;;;;;;;;;;;;;;;;;;;;;;;;;;;;;;;;;;;;;
-6.100;;;;;;;;;;;;;;;;;;;;;;;;;;;;;;;;;;;;;;;;;;;;;;;;;;;;;;;;;;;;;244.8;244.8;244.7;244.4;244.0;243.5;243.0;242.5;241.9;241.5;241.0;240.7;240.5;240.5;240.7;241.1;241.8;242.8;244.3;246.2;248.6;251.7;;;;;;;;;;;;;;;;;;;;;;;;;;;;;;;;;;;;;;;;;;;;;;;;;;;;;;;;;;;;
-6.200;;;;;;;;;;;;;;;;;;;;;;;;;;;;;;;;;;;;;;;;;;;;;;;;;;;;;;;;;;;;;;;;;;;;;267.7;267.5;267.3;267.1;267.1;267.2;267.5;;;;;;;;;;;;;;;;;;;;;;;;;;;;;;;;;;;;;;;;;;;;;;;;;;;;;;;;;;;;;;;;;;;
-6.300;;;;;;;;;;;;;;;;;;;;;;;;;;;;;;;;;;;;;;;;;;;;;;;;;;;;;;;;;;;;;;;;;;;;;;;;;;;;;;;;;;;;;;;;;;;;;;;;;;;;;;;;;;;;;;;;;;;;;;;;;;;;;;;;;;;;;;;;;;;;;;
-6.400;;;;;;;;;;;;;;;;;;;;;;;;;;;;;;;;;;;;;;;;;;;;;;;;;;;;;;;;;;;;;;;;;;;;;;;;;;;;;;;;;;;;;;;;;;;;;;;;;;;;;;;;;;;;;;;;;;;;;;;;;;;;;;;;;;;;;;;;;;;;;;
-6.500;;;;;;;;;;;;;;;;;;;;;;;;;;;;;;;;;;;;;;;;;;;;;;;;;;;;;;;;;;;;;;;;;;;;;;;;;;;;;;;;;;;;;;;;;;;;;;;;;;;;;;;;;;;;;;;;;;;;;;;;;;;;;;;;;;;;;;;;;;;;;;
-6.600;;;;;;;;;;;;;;;;;;;;;;;;;;;;;;;;;;;;;;;;;;;;;;;;;;;;;;;;;;;;;;;;;;;;;;;;;;;;;;;;;;;;;;;;;;;;;;;;;;;;;;;;;;;;;;;;;;;;;;;;;;;;;;;;;;;;;;;;;;;;;;
-6.700;;;;;;;;;;;;;;;;;;;;;;;;;;;;;;;;;;;;;;;;;;;;;;;;;;;;;;;;;;;;;;;;;;;;;;;;;;;;;;;;;;;;;;;;;;;;;;;;;;;;;;;;;;;;;;;;;;;;;;;;;;;;;;;;;;;;;;;;;;;;;;
-6.800;;;;;;;;;;;;;;;;;;;;;;;;;;;;;;;;;;;;;;;;;;;;;;;;;;;;;;;;;;;;;;;;;;;;;;;;;;;;;;;;;;;;;;;;;;;;;;;;;;;;;;;;;;;;;;;;;;;;;;;;;;;;;;;;;;;;;;;;;;;;;;
-6.900;;;;;;;;;;;;;;;;;;;;;;;;;;;;;;;;;;;;;;;;;;;;;;;;;;;;;;;;;;;;;;;;;;;;;;;;;;;;;;;;;;;;;;;;;;;;;;;;;;;;;;;;;;;;;;;;;;;;;;;;;;;;;;;;;;;;;;;;;;;;;;
-7.000;;;;;;;;;;;;;;;;;;;;;;;;;;;;;;;;;;;;;;;;;;;;;;;;;;;;;;;;;;;;;;;;;;;;;;;;;;;;;;;;;;;;;;;;;;;;;;;;;;;;;;;;;;;;;;;;;;;;;;;;;;;;;;;;;;;;;;;;;;;;;;
ELEVATION RELATIVE BFS BACK 8mm zone;-7.000;-6.900;-6.800;-6.700;-6.600;-6.500;-6.400;-6.300;-6.200;-6.100;-6.000;-5.900;-5.800;-5.700;-5.600;-5.500;-5.400;-5.300;-5.200;-5.100;-5.000;-4.900;-4.800;-4.700;-4.600;-4.500;-4.400;-4.300;-4.200;-4.100;-4.000;-3.900;-3.800;-3.700;-3.600;-3.500;-3.400;-3.300;-3.200;-3.100;-3.000;-2.900;-2.800;-2.700;-2.600;-2.500;-2.400;-2.300;-2.200;-2.100;-2.000;-1.900;-1.800;-1.700;-1.600;-1.500;-1.400;-1.300;-1.200;-1.100;-1.000;-0.900;-0.800;-0.700;-0.600;-0.500;-0.400;-0.300;-0.200;-0.100;0.000;0.100;0.200;0.300;0.400;0.500;0.600;0.700;0.800;0.900;1.000;1.100;1.200;1.300;1.400;1.500;1.600;1.700;1.800;1.900;2.000;2.100;2.200;2.300;2.400;2.500;2.600;2.700;2.800;2.900;3.000;3.100;3.200;3.300;3.400;3.500;3.600;3.700;3.800;3.900;4.000;4.100;4.200;4.300;4.400;4.500;4.600;4.700;4.800;4.900;5.000;5.100;5.200;5.300;5.400;5.500;5.600;5.700;5.800;5.900;6.000;6.100;6.200;6.300;6.400;6.500;6.600;6.700;6.800;6.900;7.000;
7.000;;;;;;;;;;;;;;;;;;;;;;;;;;;;;;;;;;;;;;;;;;;;;;;;;;;;;;;;;;;;;;;;;;;;;;;;;;;;;;;;;;;;;;;;;;;;;;;;;;;;;;;;;;;;;;;;;;;;;;;;;;;;;;;;;;;;;;;;;;;;;;
6.900;;;;;;;;;;;;;;;;;;;;;;;;;;;;;;;;;;;;;;;;;;;;;;;;;;;;;;;;;;;;;;;;;;;;;;;;;;;;;;;;;;;;;;;;;;;;;;;;;;;;;;;;;;;;;;;;;;;;;;;;;;;;;;;;;;;;;;;;;;;;;;
6.800;;;;;;;;;;;;;;;;;;;;;;;;;;;;;;;;;;;;;;;;;;;;;;;;;;;;;;;;;;;;;;;;;;;;;;;;;;;;;;;;;;;;;;;;;;;;;;;;;;;;;;;;;;;;;;;;;;;;;;;;;;;;;;;;;;;;;;;;;;;;;;
6.700;;;;;;;;;;;;;;;;;;;;;;;;;;;;;;;;;;;;;;;;;;;;;;;;;;;;;;;;;;;;;;;;;;;;;;;;;;;;;;;;;;;;;;;;;;;;;;;;;;;;;;;;;;;;;;;;;;;;;;;;;;;;;;;;;;;;;;;;;;;;;;
6.600;;;;;;;;;;;;;;;;;;;;;;;;;;;;;;;;;;;;;;;;;;;;;;;;;;;;;;;;;;;;;;;;;;;;;;;;;;;;;;;;;;;;;;;;;;;;;;;;;;;;;;;;;;;;;;;;;;;;;;;;;;;;;;;;;;;;;;;;;;;;;;
6.500;;;;;;;;;;;;;;;;;;;;;;;;;;;;;;;;;;;;;;;;;;;;;;;;;;;;;;;;;;;;;;;;;;;;;;;;;;;;;;;;;;;;;;;;;;;;;;;;;;;;;;;;;;;;;;;;;;;;;;;;;;;;;;;;;;;;;;;;;;;;;;
6.400;;;;;;;;;;;;;;;;;;;;;;;;;;;;;;;;;;;;;;;;;;;;;;;;;;;;;;;;;;;;;;;;;;;;;;;;;;;;;;;;;;;;;;;;;;;;;;;;;;;;;;;;;;;;;;;;;;;;;;;;;;;;;;;;;;;;;;;;;;;;;;
6.300;;;;;;;;;;;;;;;;;;;;;;;;;;;;;;;;;;;;;;;;;;;;;;;;;;;;;;;;;;;;;;;;;;;;;;;;;;;;;;;;;;;;;;;;;;;;;;;;;;;;;;;;;;;;;;;;;;;;;;;;;;;;;;;;;;;;;;;;;;;;;;
6.200;;;;;;;;;;;;;;;;;;;;;;;;;;;;;;;;;;;;;;;;;;;;;;;;;;;;;;;;;;;;;;;;;;;;;;;;;;;;;;;;;;;;;;;;;;;;;;;;;;;;;;;;;;;;;;;;;;;;;;;;;;;;;;;;;;;;;;;;;;;;;;
6.100;;;;;;;;;;;;;;;;;;;;;;;;;;;;;;;;;;;;;;;;;;;;;;;;;;;;;;;;;;;;;;;;;;;;;;;;;;;;;;;;;;;;;;;;;;;;;;;;;;;;;;;;;;;;;;;;;;;;;;;;;;;;;;;;;;;;;;;;;;;;;;
6.000;;;;;;;;;;;;;;;;;;;;;;;;;;;;;;;;;;;;;;;;;;;;;;;;;;;;;;;;;;;;;;;;;;;;;;;;;;;;;;;;;;;;;;;;;;;;;;;;;;;;;;;;;;;;;;;;;;;;;;;;;;;;;;;;;;;;;;;;;;;;;;
5.900;;;;;;;;;;;;;;;;;;;;;;;;;;;;;;;;;;;;;;;;;;;;;;;;;;;;;;;;;;;;;;;;;;;;;;;;;;;;;;;;;;;;;;;;;;;;;;;;;;;;;;;;;;;;;;;;;;;;;;;;;;;;;;;;;;;;;;;;;;;;;;
5.800;;;;;;;;;;;;;;;;;;;;;;;;;;;;;;;;;;;;;;;;;;;;;;;;;;;;;;;;;;;;;;;;;;;;;;;;;;;;;;;;;;;;;;;;;;;;;;;;;;;;;;;;;;;;;;;;;;;;;;;;;;;;;;;;;;;;;;;;;;;;;;
5.700;;;;;;;;;;;;;;;;;;;;;;;;;;;;;;;;;;;;;;;;;;;;;;;;;;;;;;;;;;;;;;;;;;;;;;;;;;;;;;;;;;;;;;;;;;;;;;;;;;;;;;;;;;;;;;;;;;;;;;;;;;;;;;;;;;;;;;;;;;;;;;
5.600;;;;;;;;;;;;;;;;;;;;;;;;;;;;;;;;;;;;;;;;;;;;;;;;;;;;;;;;;;;;;;;;;;;;;;;;;;;;;;;;;;;;;;;;;;;;;;;;;;;;;;;;;;;;;;;;;;;;;;;;;;;;;;;;;;;;;;;;;;;;;;
5.500;;;;;;;;;;;;;;;;;;;;;;;;;;;;;;;;;;;;;;;;;;;;;;;;;;;;;;;;;;;;;;;;;;;;;;;;;;;;;;;;;;;;;;;;;;;;;;;;;;;;;;;;;;;;;;;;;;;;;;;;;;;;;;;;;;;;;;;;;;;;;;
5.400;;;;;;;;;;;;;;;;;;;;;;;;;;;;;;;;;;;;;;;;;;;;;;;;;;;;;;;;;;;;;;;;;;;;;;;;;;;;;;;;;;;;;;;;;;;;;;;;;;;;;;;;;;;;;;;;;;;;;;;;;;;;;;;;;;;;;;;;;;;;;;
5.300;;;;;;;;;;;;;;;;;;;;;;;;;;;;;;;;;;;;;;;;;;;;;;;;;;;;;;;;;;;;;;;;;;;;;;;;;;;;;;;;;;;;;;;;;;;;;;;;;;;;;;;;;;;;;;;;;;;;;;;;;;;;;;;;;;;;;;;;;;;;;;
5.200;;;;;;;;;;;;;;;;;;;;;;;;;;;;;;;;;;;;;;;;;;;;;;;;;;;;;;;;;;;;;;;;;;;;;;;;;;;;;;;;;;;;;;;;;;;;;;;;;;;;;;;;;;;;;;;;;;;;;;;;;;;;;;;;;;;;;;;;;;;;;;
5.100;;;;;;;;;;;;;;;;;;;;;;;;;;;;;;;;;;;;;;;;;;;;;;;;;;;;;;;;;;;;;;;;;;;;;;;;;;;;;;;;;;;;;;;;;;;;;;;;;;;;;;;;;;;;;;;;;;;;;;;;;;;;;;;;;;;;;;;;;;;;;;
5.000;;;;;;;;;;;;;;;;;;;;;;;;;;;;;;;;;;;;;;;;;;;;;;;;;;;;;;;;;;;;;;;;;;;;;;;;;;;;;;;;;;;;;;;;;;;;;;;;;;;;;;;;;;;;;;;;;;;;;;;;;;;;;;;;;;;;;;;;;;;;;;
4.900;;;;;;;;;;;;;;;;;;;;;;;;;;;;;;;;;;;;;;;;;;;;;;;;;;;;;;;;;;;;;;;;;;;;;;;;;;;;;;;;;;;;;;;;;;;;;;;;;;;;;;;;;;;;;;;;;;;;;;;;;;;;;;;;;;;;;;;;;;;;;;
4.800;;;;;;;;;;;;;;;;;;;;;;;;;;;;;;;;;;;;;;;;;;;;;;;;;;;;;;;;;;;;;;;;;;;;;;;;;;;;;;;;;;;;;;;;;;;;;;;;;;;;;;;;;;;;;;;;;;;;;;;;;;;;;;;;;;;;;;;;;;;;;;
4.700;;;;;;;;;;;;;;;;;;;;;;;;;;;;;;;;;;;;;;;;;;;;;;;;;;;;;;;;;;;;;;;;;;;;;;;;;;;;;;;;;;;;;;;;;;;;;;;;;;;;;;;;;;;;;;;;;;;;;;;;;;;;;;;;;;;;;;;;;;;;;;
4.600;;;;;;;;;;;;;;;;;;;;;;;;;;;;;;;;;;;;;;;;;;;;;;;;;;;;;;;;;;;;;;;;;;;;;;;;;;;;;;;;;;;;;;;;;;;;;;;;;;;;;;;;;;;;;;;;;;;;;;;;;;;;;;;;;;;;;;;;;;;;;;
4.500;;;;;;;;;;;;;;;;;;;;;;;;;;;;;;;;;;;;;;;;;;;;;;;;;;;;;;;;;;;;;;;;;;;;;;;;;;;;;;;;;;;;;;;;;;;;;;;;;;;;;;;;;;;;;;;;;;;;;;;;;;;;;;;;;;;;;;;;;;;;;;
4.400;;;;;;;;;;;;;;;;;;;;;;;;;;;;;;;;;;;;;;;;;;;;;;;;;;;;;;;;;;;;;;;;;;;;;;;;;;;;;;;;;;;;;;;;;;;;;;;;;;;;;;;;;;;;;;;;;;;;;;;;;;;;;;;;;;;;;;;;;;;;;;
4.300;;;;;;;;;;;;;;;;;;;;;;;;;;;;;;;;;;;;;;;;;;;;;;;;;;;;;;;;;;;;;;;;;;;;;;;;;;;;;;;;;;;;;;;;;;;;;;;;;;;;;;;;;;;;;;;;;;;;;;;;;;;;;;;;;;;;;;;;;;;;;;
4.200;;;;;;;;;;;;;;;;;;;;;;;;;;;;;;;;;;;;;;;;;;;;;;;;;;;;;;;;;;;;;;;;;;;;;;;;;;;;;;;;;;;;;;;;;;;;;;;;;;;;;;;;;;;;;;;;;;;;;;;;;;;;;;;;;;;;;;;;;;;;;;
4.100;;;;;;;;;;;;;;;;;;;;;;;;;;;;;;;;;;;;;;;;;;;;;;;;;;;;;;;;;;;;;;;;;;;;;;;;;;;;;;;;;;;;;;;;;;;;;;;;;;;;;;;;;;;;;;;;;;;;;;;;;;;;;;;;;;;;;;;;;;;;;;
4.000;;;;;;;;;;;;;;;;;;;;;;;;;;;;;;;;;;;;;;;;;;;;;;;;;;;;;;;;;;;;;;;;;;;;;;;;;;;;;;;;;;;;;;;;;;;;;;;;;;;;;;;;;;;;;;;;;;;;;;;;;;;;;;;;;;;;;;;;;;;;;;
3.900;;;;;;;;;;;;;;;;;;;;;;;;;;;;;;;;;;;;;;;;;;;;;;;;;;;;;;;;;;;;;;;;;;;;;;;;;;;;;;;;;;;;;;;;;;;;;;;;;;;;;;;;;;;;;;;;;;;;;;;;;;;;;;;;;;;;;;;;;;;;;;
3.800;;;;;;;;;;;;;;;;;;;;;;;;;;;;;;;;;;;;;;;;;;;;;;;;;;;;;;;;;;;;;;;;;;;;;;;;;;;;;;;;;;;;;;;;;;;;;;;;;;;;;;;;;;;;;;;;;;;;;;;;;;;;;;;;;;;;;;;;;;;;;;
3.700;;;;;;;;;;;;;;;;;;;;;;;;;;;;;;;;;;;;;;;;;;;;;;;;;;;;;;;;;;;;;;;;;;;;;;;;;;;;;;;;;;;;;;;;;;;;;;;;;;;;;;;;;;;;;;;;;;;;;;;;;;;;;;;;;;;;;;;;;;;;;;
3.600;;;;;;;;;;;;;;;;;;;;;;;;;;;;;;;;;;;;;;;;;;;;;;;;;;;;;;;;;;;;;;;;;;;;;;;;;;;;;;;;;;;;;;;;;;;;;;;;;;;;;;;;;;;;;;;;;;;;;;;;;;;;;;;;;;;;;;;;;;;;;;
3.500;;;;;;;;;;;;;;;;;;;;;;;;;;;;;;;;;;;;;;;;;;;;;;;;;;;;;;;;;;;;;;;;;;;;;;;;;;;;;;;;;;;;;;;;;;;;;;;;;;;;;;;;;;;;;;;;;;;;;;;;;;;;;;;;;;;;;;;;;;;;;;
3.400;;;;;;;;;;;;;;;;;;;;;;;;;;;;;;;;;;;;;;;;;;;;;;;;;;;;;;;;;;;;;;;;;;;;;;;;;;;;;;;;;;;;;;;;;;;;;;;;;;;;;;;;;;;;;;;;;;;;;;;;;;;;;;;;;;;;;;;;;;;;;;
3.300;;;;;;;;;;;;;;;;;;;;;;;;;;;;;;;;;;;;;;;;;;;;;;;;;;;;;;;;;;;;;;;;;;;;;;;;;;;;;;;;;;;;;;;;;;;;;;;;;;;;;;;;;;;;;;;;;;;;;;;;;;;;;;;;;;;;;;;;;;;;;;
3.200;;;;;;;;;;;;;;;;;;;;;;;;;;;;;;;;;;;;;;;;;;;;;;;;;;;;;;;;;;;;;;;;;;;;;;;;;;;;;;;;;;;;;;;;;;;;;;;;;;;;;;;;;;;;;;;;;;;;;;;;;;;;;;;;;;;;;;;;;;;;;;
3.100;;;;;;;;;;;;;;;;;;;;;;;;;;;;;;;;;;;;;;;;;;;;;;;;;;;;;;;;;;;;;;;;;;;;;;;;;;;;;;;;;;;;;;;;;;;;;;;;;;;;;;;;;;;;;;;;;;;;;;;;;;;;;;;;;;;;;;;;;;;;;;
3.000;;;;;;;;;;;;;;;;;;;;;;;;;;;;;;;;;;;;;;;;;;;;;;;;;;;;;;;;;;;;;;;;;;;;;;;;;;;;;;;;;;;;;;;;;;;;;;;;;;;;;;;;;;;;;;;;;;;;;;;;;;;;;;;;;;;;;;;;;;;;;;
2.900;;;;;;;;;;;;;;;;;;;;;;;;;;;;;;;;;;;;;;;;;;;;;;;;;;;;;;;;;;;;;;;;;;;;;;;;;;;;;;;;;;;;;;;;;;;;;;;;;;;;;;;;;;;;;;;;;;;;;;;;;;;;;;;;;;;;;;;;;;;;;;
2.800;;;;;;;;;;;;;;;;;;;;;;;;;;;;;;;;;;;;;;;;;;;;;;;;;;;;;;;;;;;;-52.7;-54.7;-55.5;-55.0;-53.6;-51.2;-48.0;-44.1;-39.7;-35.0;-30.0;-25.1;-20.4;-16.1;-12.3;-9.2;-7.0;-5.7;-5.4;-6.2;-8.0;-10.9;-14.6;-19.0;-24.0;-29.2;;;;;;;;;;;;;;;;;;;;;;;;;;;;;;;;;;;;;;;;;;;;;;;;;;;;;;;;;
2.700;;;;;;;;;;;;;;;;;;;;;;;;;;;;;;;;;;;;;;;;;;;;;;;;;;;;;;;-22.4;-30.0;-36.4;-41.5;-45.4;-48.2;-49.8;-50.4;-49.9;-48.7;-46.7;-44.0;-40.9;-37.5;-33.8;-30.1;-26.6;-23.4;-20.7;-18.6;-17.3;-16.8;-17.3;-18.7;-21.2;-24.6;-28.9;-33.9;-39.5;-45.5;-51.5;-57.4;-62.8;-67.2;-70.5;;;;;;;;;;;;;;;;;;;;;;;;;;;;;;;;;;;;;;;;;;;;;;;;;;;;;
2.600;;;;;;;;;;;;;;;;;;;;;;;;;;;;;;;;;;;;;;;;;;;;;;;;;;;;1.7;-7.5;-15.7;-23.1;-29.3;-34.6;-38.8;-42.0;-44.2;-45.4;-45.9;-45.5;-44.5;-42.8;-40.8;-38.4;-35.8;-33.3;-30.8;-28.6;-26.9;-25.7;-25.2;-25.5;-26.7;-28.9;-31.9;-36.0;-40.8;-46.5;-52.7;-59.4;-66.3;-73.1;-79.7;-85.5;-90.3;-93.9;-95.5;-95.1;-91.9;;;;;;;;;;;;;;;;;;;;;;;;;;;;;;;;;;;;;;;;;;;;;;;;;;
2.500;;;;;;;;;;;;;;;;;;;;;;;;;;;;;;;;;;;;;;;;;;;;;;;;;22.3;13.2;4.4;-3.7;-11.2;-17.9;-23.9;-28.9;-33.1;-36.5;-38.9;-40.7;-41.6;-41.9;-41.5;-40.7;-39.5;-38.0;-36.4;-34.7;-33.1;-31.9;-31.0;-30.6;-30.9;-31.9;-33.8;-36.5;-40.2;-44.7;-50.2;-56.4;-63.3;-70.6;-78.3;-86.1;-93.7;-100.8;-107.2;-112.4;-116.2;-118.0;-117.7;-114.5;-108.4;-98.5;-84.7;;;;;;;;;;;;;;;;;;;;;;;;;;;;;;;;;;;;;;;;;;;;;;;
2.400;;;;;;;;;;;;;;;;;;;;;;;;;;;;;;;;;;;;;;;;;;;;;;;27.8;19.9;12.2;4.8;-2.2;-8.7;-14.7;-20.0;-24.7;-28.6;-31.9;-34.4;-36.3;-37.5;-38.1;-38.3;-38.0;-37.4;-36.6;-35.6;-34.7;-33.9;-33.3;-33.2;-33.4;-34.4;-36.0;-38.5;-41.7;-45.9;-51.0;-56.9;-63.6;-71.0;-79.0;-87.4;-96.0;-104.6;-112.8;-120.5;-127.3;-132.9;-137.0;-139.0;-138.9;-135.9;-129.9;-120.1;-106.3;-87.9;-64.3;;;;;;;;;;;;;;;;;;;;;;;;;;;;;;;;;;;;;;;;;;;;;
2.300;;;;;;;;;;;;;;;;;;;;;;;;;;;;;;;;;;;;;;;;;;;;;28.3;21.8;15.4;9.1;3.0;-2.9;-8.4;-13.4;-18.0;-22.0;-25.5;-28.4;-30.7;-32.5;-33.8;-34.6;-35.0;-35.0;-34.8;-34.4;-34.0;-33.6;-33.3;-33.3;-33.6;-34.5;-35.9;-38.1;-40.9;-44.7;-49.2;-54.7;-61.0;-68.1;-76.0;-84.5;-93.5;-102.8;-112.1;-121.4;-130.2;-138.4;-145.7;-151.6;-156.0;-158.3;-158.4;-155.6;-149.8;-140.3;-126.8;-108.7;-85.4;-56.9;;;;;;;;;;;;;;;;;;;;;;;;;;;;;;;;;;;;;;;;;;;;
2.200;;;;;;;;;;;;;;;;;;;;;;;;;;;;;;;;;;;;;;;;;;;25.0;19.8;14.6;9.4;4.3;-0.6;-5.3;-9.7;-13.9;-17.5;-20.9;-23.7;-26.1;-28.1;-29.6;-30.7;-31.4;-31.9;-32.0;-32.0;-31.8;-31.7;-31.6;-31.7;-32.0;-32.7;-33.9;-35.8;-38.2;-41.5;-45.4;-50.3;-56.1;-62.7;-70.1;-78.3;-87.2;-96.6;-106.5;-116.5;-126.6;-136.4;-145.8;-154.4;-162.0;-168.3;-173.0;-175.6;-176.0;-173.4;-168.0;-158.8;-145.7;-128.1;-105.4;-77.5;-43.3;-3.3;;;;;;;;;;;;;;;;;;;;;;;;;;;;;;;;;;;;;;;;;;
2.100;;;;;;;;;;;;;;;;;;;;;;;;;;;;;;;;;;;;;;;;;;15.7;11.2;6.9;2.6;-1.5;-5.4;-9.1;-12.6;-15.7;-18.6;-21.1;-23.3;-25.0;-26.5;-27.6;-28.4;-28.9;-29.1;-29.2;-29.2;-29.1;-29.0;-29.0;-29.3;-29.8;-30.7;-32.1;-34.1;-36.8;-40.1;-44.4;-49.3;-55.3;-62.0;-69.6;-78.0;-87.1;-96.9;-107.1;-117.6;-128.3;-138.9;-149.3;-159.0;-168.1;-176.0;-182.6;-187.6;-190.4;-191.2;-188.9;-183.9;-175.1;-162.6;-145.6;-123.7;-96.8;-63.6;-25.0;21.0;;;;;;;;;;;;;;;;;;;;;;;;;;;;;;;;;;;;;;;;;
2.000;;;;;;;;;;;;;;;;;;;;;;;;;;;;;;;;;;;;;;;;;7.3;3.1;-0.8;-4.4;-7.9;-11.0;-13.9;-16.5;-18.9;-20.9;-22.6;-24.0;-25.2;-26.0;-26.6;-26.9;-27.0;-27.0;-26.8;-26.5;-26.3;-26.1;-26.1;-26.3;-26.9;-27.8;-29.3;-31.3;-34.0;-37.4;-41.6;-46.7;-52.6;-59.4;-67.0;-75.5;-84.7;-94.6;-105.1;-115.9;-127.1;-138.3;-149.3;-160.1;-170.2;-179.5;-187.7;-194.6;-199.8;-203.0;-204.0;-202.2;-197.6;-189.4;-177.5;-161.3;-140.3;-114.5;-82.7;-45.5;-1.5;48.4;105.2;;;;;;;;;;;;;;;;;;;;;;;;;;;;;;;;;;;;;;;
1.900;;;;;;;;;;;;;;;;;;;;;;;;;;;;;;;;;;;;;;;;0.9;-3.4;-7.3;-10.8;-13.9;-16.5;-18.9;-20.9;-22.6;-23.9;-25.0;-25.7;-26.2;-26.4;-26.4;-26.2;-25.9;-25.4;-24.8;-24.2;-23.7;-23.3;-23.1;-23.2;-23.5;-24.4;-25.7;-27.6;-30.2;-33.4;-37.6;-42.4;-48.3;-54.9;-62.4;-70.8;-80.0;-89.9;-100.4;-111.4;-122.7;-134.3;-145.9;-157.3;-168.3;-178.7;-188.2;-196.6;-203.7;-209.2;-212.6;-214.0;-212.6;-208.4;-200.9;-189.7;-174.4;-154.5;-130.0;-99.8;-64.4;-22.5;24.9;78.9;138.7;;;;;;;;;;;;;;;;;;;;;;;;;;;;;;;;;;;;;;
1.800;;;;;;;;;;;;;;;;;;;;;;;;;;;;;;;;;;;;;;;-3.3;-8.3;-12.5;-16.1;-19.2;-21.8;-23.8;-25.5;-26.7;-27.5;-28.0;-28.2;-28.1;-27.7;-27.1;-26.4;-25.5;-24.5;-23.5;-22.4;-21.5;-20.7;-20.2;-19.9;-20.0;-20.6;-21.6;-23.3;-25.6;-28.7;-32.5;-37.2;-42.6;-49.1;-56.3;-64.5;-73.5;-83.2;-93.6;-104.6;-116.1;-127.8;-139.7;-151.5;-163.1;-174.3;-184.9;-194.6;-203.2;-210.4;-216.1;-219.8;-221.5;-220.5;-216.9;-209.9;-199.6;-185.3;-166.6;-143.5;-115.0;-81.7;-42.1;2.6;53.5;109.8;171.8;;;;;;;;;;;;;;;;;;;;;;;;;;;;;;;;;;;;;
1.700;;;;;;;;;;;;;;;;;;;;;;;;;;;;;;;;;;;;;;-4.4;-10.3;-15.4;-19.5;-23.0;-25.8;-27.9;-29.5;-30.5;-31.1;-31.2;-31.0;-30.4;-29.5;-28.4;-27.1;-25.7;-24.2;-22.6;-21.1;-19.7;-18.5;-17.5;-16.8;-16.5;-16.7;-17.3;-18.6;-20.5;-23.2;-26.6;-30.9;-36.0;-42.0;-49.0;-56.7;-65.4;-74.8;-85.0;-95.7;-107.1;-118.8;-130.7;-142.8;-154.8;-166.5;-177.8;-188.4;-198.2;-206.8;-214.2;-220.0;-223.9;-226.0;-225.4;-222.3;-216.0;-206.5;-193.3;-175.9;-154.4;-127.7;-96.6;-59.6;-17.8;29.7;82.2;140.0;202.6;;;;;;;;;;;;;;;;;;;;;;;;;;;;;;;;;;;;
1.600;;;;;;;;;;;;;;;;;;;;;;;;;;;;;;;;;;;;;-2.2;-9.5;-15.6;-20.8;-25.0;-28.4;-30.9;-32.7;-33.8;-34.3;-34.3;-33.8;-32.9;-31.7;-30.2;-28.4;-26.5;-24.5;-22.4;-20.4;-18.5;-16.7;-15.2;-14.0;-13.2;-12.8;-13.0;-13.8;-15.2;-17.4;-20.3;-24.1;-28.7;-34.3;-40.6;-48.0;-56.1;-65.1;-74.9;-85.3;-96.4;-107.9;-119.8;-131.9;-144.0;-156.0;-167.7;-179.0;-189.6;-199.4;-208.1;-215.5;-221.5;-225.6;-227.9;-227.7;-225.1;-219.6;-210.9;-198.8;-182.8;-162.8;-138.2;-109.3;-75.1;-36.4;7.5;56.1;109.5;167.3;229.0;;;;;;;;;;;;;;;;;;;;;;;;;;;;;;;;;;;
1.500;;;;;;;;;;;;;;;;;;;;;;;;;;;;;;;;;;;;4.1;-5.0;-12.8;-19.3;-24.7;-28.9;-32.2;-34.5;-36.1;-36.8;-36.9;-36.4;-35.3;-33.9;-32.1;-30.0;-27.6;-25.2;-22.6;-20.1;-17.6;-15.4;-13.3;-11.5;-10.2;-9.3;-8.8;-9.0;-9.9;-11.5;-13.8;-17.0;-21.0;-25.9;-31.7;-38.4;-46.0;-54.4;-63.7;-73.6;-84.3;-95.4;-107.0;-118.9;-131.0;-143.1;-155.1;-166.7;-177.9;-188.4;-198.1;-206.7;-214.1;-220.2;-224.4;-227.0;-227.1;-225.1;-220.2;-212.5;-201.5;-186.8;-168.6;-146.0;-119.5;-88.2;-52.7;-12.5;32.0;80.7;133.5;189.6;;;;;;;;;;;;;;;;;;;;;;;;;;;;;;;;;;;
1.400;;;;;;;;;;;;;;;;;;;;;;;;;;;;;;;;;;;14.6;3.3;-6.5;-14.7;-21.5;-27.1;-31.4;-34.7;-36.8;-38.1;-38.6;-38.3;-37.3;-35.9;-33.9;-31.6;-29.0;-26.1;-23.2;-20.2;-17.3;-14.5;-11.9;-9.5;-7.6;-6.0;-5.0;-4.5;-4.8;-5.6;-7.3;-9.8;-13.1;-17.4;-22.4;-28.5;-35.3;-43.2;-51.7;-61.1;-71.1;-81.8;-93.0;-104.5;-116.4;-128.3;-140.3;-152.1;-163.5;-174.5;-184.9;-194.4;-203.0;-210.3;-216.4;-220.7;-223.5;-224.0;-222.5;-218.3;-211.4;-201.5;-188.3;-171.8;-151.3;-127.3;-98.8;-66.7;-30.2;10.0;54.0;101.5;152.0;205.3;;;;;;;;;;;;;;;;;;;;;;;;;;;;;;;;;;
1.300;;;;;;;;;;;;;;;;;;;;;;;;;;;;;;;;;;29.9;15.8;3.8;-6.6;-15.4;-22.5;-28.3;-32.7;-36.0;-38.0;-39.1;-39.3;-38.7;-37.4;-35.5;-33.1;-30.3;-27.3;-24.0;-20.7;-17.3;-14.0;-10.9;-8.0;-5.4;-3.3;-1.6;-0.5;0.1;-0.2;-1.1;-2.8;-5.4;-8.9;-13.2;-18.4;-24.6;-31.5;-39.4;-48.0;-57.4;-67.5;-78.1;-89.2;-100.6;-112.2;-124.0;-135.7;-147.2;-158.4;-169.2;-179.3;-188.6;-197.0;-204.2;-210.3;-214.7;-217.6;-218.4;-217.3;-213.8;-207.8;-199.0;-187.2;-172.4;-154.0;-132.5;-107.0;-78.2;-45.6;-9.8;29.4;71.6;116.4;163.5;212.1;;;;;;;;;;;;;;;;;;;;;;;;;;;;;;;;;
1.200;;;;;;;;;;;;;;;;;;;;;;;;;;;;;;;;;;33.0;18.1;5.3;-5.7;-14.9;-22.4;-28.4;-32.9;-36.1;-38.1;-39.0;-39.0;-38.1;-36.5;-34.2;-31.5;-28.4;-24.9;-21.3;-17.6;-13.9;-10.3;-6.9;-3.7;-0.9;1.4;3.2;4.4;5.0;4.7;3.8;2.0;-0.6;-4.1;-8.5;-13.8;-20.0;-27.0;-34.8;-43.4;-52.7;-62.6;-73.1;-84.0;-95.1;-106.5;-117.9;-129.3;-140.5;-151.4;-161.8;-171.6;-180.6;-188.8;-195.9;-201.8;-206.2;-209.2;-210.3;-209.7;-206.7;-201.6;-193.9;-183.5;-170.4;-154.2;-135.1;-112.5;-87.1;-58.4;-26.9;7.5;44.4;83.4;124.2;166.3;;;;;;;;;;;;;;;;;;;;;;;;;;;;;;;;;
1.100;;;;;;;;;;;;;;;;;;;;;;;;;;;;;;;;;54.8;36.9;21.1;7.6;-4.0;-13.6;-21.4;-27.6;-32.2;-35.5;-37.3;-38.2;-37.9;-36.8;-34.9;-32.3;-29.3;-25.8;-22.1;-18.1;-14.1;-10.1;-6.2;-2.5;0.8;3.8;6.2;8.2;9.4;10.1;9.9;9.0;7.2;4.5;1.0;-3.4;-8.7;-14.9;-21.8;-29.6;-38.0;-47.2;-56.9;-67.0;-77.6;-88.5;-99.5;-110.5;-121.5;-132.3;-142.7;-152.7;-162.2;-170.9;-178.8;-185.6;-191.4;-195.8;-198.9;-200.2;-199.9;-197.6;-193.3;-186.7;-177.7;-166.3;-152.1;-135.5;-115.8;-93.8;-68.9;-41.6;-12.0;19.6;53.0;87.8;123.3;159.4;;;;;;;;;;;;;;;;;;;;;;;;;;;;;;;;
1.000;;;;;;;;;;;;;;;;;;;;;;;;;;;;;;;;;60.2;41.4;24.8;10.6;-1.6;-11.6;-19.7;-26.1;-30.7;-34.0;-35.8;-36.5;-36.1;-34.8;-32.6;-29.8;-26.5;-22.7;-18.7;-14.4;-10.1;-5.9;-1.8;2.1;5.6;8.8;11.3;13.4;14.7;15.4;15.2;14.3;12.6;9.9;6.5;2.1;-3.1;-9.2;-16.0;-23.6;-31.8;-40.7;-50.1;-59.9;-70.1;-80.5;-91.1;-101.7;-112.2;-122.5;-132.4;-142.0;-151.0;-159.3;-166.8;-173.4;-179.0;-183.3;-186.4;-187.9;-188.0;-186.2;-182.7;-177.1;-169.5;-159.7;-147.6;-133.4;-116.6;-97.8;-76.7;-53.6;-28.6;-2.0;25.9;54.8;84.2;113.8;143.1;;;;;;;;;;;;;;;;;;;;;;;;;;;;;;;
0.900;;;;;;;;;;;;;;;;;;;;;;;;;;;;;;;;88.3;65.7;46.0;28.7;13.8;1.2;-9.2;-17.5;-24.1;-28.8;-32.1;-33.8;-34.4;-33.8;-32.3;-29.9;-26.8;-23.2;-19.2;-14.9;-10.4;-5.9;-1.4;2.9;7.0;10.6;13.9;16.6;18.7;20.1;20.9;20.7;19.9;18.1;15.6;12.1;7.8;2.8;-3.1;-9.7;-17.1;-25.1;-33.6;-42.7;-52.1;-61.8;-71.7;-81.8;-91.8;-101.7;-111.5;-120.9;-129.9;-138.4;-146.3;-153.4;-159.7;-165.0;-169.2;-172.3;-174.0;-174.4;-173.2;-170.4;-165.8;-159.5;-151.4;-141.3;-129.4;-115.4;-99.8;-82.3;-63.3;-42.8;-21.1;1.5;24.8;48.4;71.9;95.1;;;;;;;;;;;;;;;;;;;;;;;;;;;;;;;
0.800;;;;;;;;;;;;;;;;;;;;;;;;;;;;;;;;94.6;71.1;50.7;32.6;17.3;4.3;-6.5;-15.0;-21.7;-26.5;-29.7;-31.4;-31.8;-31.1;-29.3;-26.7;-23.5;-19.6;-15.4;-10.9;-6.1;-1.4;3.3;7.8;12.0;15.8;19.1;21.9;24.1;25.6;26.4;26.3;25.5;23.8;21.3;18.0;13.8;8.9;3.2;-3.1;-10.2;-17.8;-26.0;-34.5;-43.5;-52.6;-62.0;-71.4;-80.8;-90.2;-99.3;-108.1;-116.5;-124.4;-131.8;-138.5;-144.4;-149.4;-153.5;-156.5;-158.3;-159.0;-158.3;-156.2;-152.7;-147.6;-141.1;-132.9;-123.4;-112.1;-99.5;-85.5;-70.3;-54.1;-37.0;-19.3;-1.3;16.9;34.9;52.4;69.3;;;;;;;;;;;;;;;;;;;;;;;;;;;;;;
0.700;;;;;;;;;;;;;;;;;;;;;;;;;;;;;;;127.5;100.5;76.2;55.0;36.4;20.6;7.2;-3.7;-12.5;-19.2;-24.0;-27.2;-28.7;-29.1;-28.1;-26.2;-23.4;-19.9;-15.9;-11.4;-6.6;-1.7;3.2;8.1;12.7;17.0;21.0;24.4;27.3;29.5;31.1;31.9;31.9;31.1;29.5;27.1;23.9;19.9;15.2;9.8;3.7;-3.0;-10.2;-17.9;-26.0;-34.3;-42.9;-51.6;-60.4;-69.2;-77.8;-86.2;-94.4;-102.2;-109.5;-116.3;-122.4;-127.9;-132.7;-136.5;-139.5;-141.4;-142.3;-142.1;-140.7;-138.2;-134.4;-129.4;-123.2;-115.8;-107.1;-97.5;-86.9;-75.4;-63.2;-50.5;-37.4;-24.2;-11.1;1.8;14.2;26.0;;;;;;;;;;;;;;;;;;;;;;;;;;;;;;
0.600;;;;;;;;;;;;;;;;;;;;;;;;;;;;;;;133.3;105.6;80.6;58.8;39.7;23.6;9.9;-1.2;-10.0;-16.8;-21.5;-24.7;-26.1;-26.2;-25.1;-22.9;-19.9;-16.2;-12.0;-7.3;-2.3;2.8;7.9;12.9;17.6;22.1;26.1;29.6;32.6;34.9;36.4;37.3;37.4;36.7;35.2;32.9;29.8;26.0;21.5;16.4;10.7;4.3;-2.4;-9.6;-17.1;-24.8;-32.8;-40.8;-48.9;-56.9;-64.7;-72.4;-79.8;-86.9;-93.5;-99.7;-105.4;-110.4;-114.7;-118.3;-121.2;-123.2;-124.4;-124.7;-124.0;-122.4;-119.8;-116.4;-112.0;-106.7;-100.6;-93.8;-86.3;-78.3;-69.9;-61.2;-52.4;-43.7;-35.1;-26.9;-19.0;-11.7;;;;;;;;;;;;;;;;;;;;;;;;;;;;;;
0.500;;;;;;;;;;;;;;;;;;;;;;;;;;;;;;;138.1;109.7;84.1;61.9;42.4;26.0;12.2;1.0;-7.9;-14.6;-19.2;-22.2;-23.5;-23.4;-22.1;-19.7;-16.5;-12.6;-8.1;-3.2;1.9;7.2;12.5;17.6;22.5;27.0;31.1;34.7;37.7;40.1;41.7;42.6;42.7;42.1;40.6;38.5;35.6;32.0;27.8;22.9;17.6;11.7;5.5;-1.2;-8.1;-15.1;-22.4;-29.7;-36.9;-44.2;-51.2;-58.1;-64.7;-71.0;-77.0;-82.5;-87.5;-92.0;-96.0;-99.4;-102.1;-104.2;-105.6;-106.3;-106.3;-105.7;-104.3;-102.3;-99.7;-96.5;-92.8;-88.7;-84.2;-79.5;-74.6;-69.7;-64.8;-60.1;-55.7;-51.7;-47.9;-44.6;-41.5;;;;;;;;;;;;;;;;;;;;;;;;;;;;;
0.400;;;;;;;;;;;;;;;;;;;;;;;;;;;;;;173.7;141.4;112.5;86.4;63.9;44.2;27.7;13.8;2.6;-6.2;-12.8;-17.3;-20.1;-21.1;-20.9;-19.3;-16.7;-13.2;-9.1;-4.4;0.7;6.1;11.5;16.9;22.2;27.2;31.8;36.0;39.6;42.6;45.0;46.7;47.6;47.8;47.2;45.9;43.9;41.1;37.8;33.8;29.3;24.4;19.0;13.2;7.2;1.0;-5.4;-11.9;-18.4;-24.8;-31.2;-37.4;-43.5;-49.2;-54.7;-59.9;-64.7;-69.1;-73.1;-76.7;-79.7;-82.4;-84.5;-86.1;-87.3;-88.0;-88.2;-88.0;-87.5;-86.6;-85.4;-84.0;-82.4;-80.7;-79.1;-77.4;-76.0;-74.7;-73.7;-73.1;-72.7;-72.6;-72.8;-73.2;;;;;;;;;;;;;;;;;;;;;;;;;;;;;
0.300;;;;;;;;;;;;;;;;;;;;;;;;;;;;;;175.9;143.0;113.8;87.5;64.8;45.0;28.4;14.6;3.4;-5.2;-11.6;-15.9;-18.4;-19.2;-18.7;-16.8;-14.0;-10.2;-5.8;-0.9;4.4;10.0;15.6;21.1;26.5;31.6;36.3;40.6;44.3;47.3;49.7;51.4;52.3;52.5;52.0;50.8;48.9;46.4;43.2;39.6;35.4;30.9;26.0;20.8;15.4;9.8;4.2;-1.5;-7.2;-12.8;-18.3;-23.6;-28.7;-33.6;-38.3;-42.6;-46.7;-50.4;-53.8;-57.0;-59.7;-62.2;-64.3;-66.2;-67.8;-69.1;-70.3;-71.3;-72.1;-72.8;-73.6;-74.3;-75.2;-76.1;-77.3;-78.7;-80.4;-82.4;-84.7;-87.3;-90.3;-93.4;-96.8;-100.1;;;;;;;;;;;;;;;;;;;;;;;;;;;;;
0.200;;;;;;;;;;;;;;;;;;;;;;;;;;;;;;176.1;143.0;113.5;87.1;64.4;44.6;28.1;14.4;3.5;-4.9;-11.1;-15.0;-17.3;-17.8;-16.9;-14.8;-11.6;-7.6;-2.9;2.3;7.8;13.5;19.3;25.0;30.6;35.8;40.5;44.8;48.5;51.6;54.0;55.7;56.7;56.9;56.5;55.3;53.6;51.2;48.3;44.9;41.1;37.0;32.6;28.0;23.2;18.3;13.5;8.6;3.8;-0.9;-5.5;-9.9;-14.1;-18.0;-21.8;-25.3;-28.6;-31.7;-34.5;-37.2;-39.6;-41.9;-44.1;-46.1;-48.2;-50.1;-52.2;-54.2;-56.4;-58.8;-61.3;-64.1;-67.2;-70.7;-74.5;-78.7;-83.2;-88.1;-93.5;-99.1;-104.9;-110.9;-117.0;-122.9;-128.5;;;;;;;;;;;;;;;;;;;;;;;;;;;;
0.100;;;;;;;;;;;;;;;;;;;;;;;;;;;;;210.6;174.2;141.0;111.5;85.1;62.5;42.9;26.6;13.1;2.5;-5.5;-11.4;-15.0;-16.9;-17.0;-15.8;-13.3;-9.8;-5.5;-0.5;4.9;10.7;16.7;22.7;28.5;34.2;39.5;44.3;48.7;52.4;55.5;57.9;59.6;60.6;60.8;60.4;59.4;57.7;55.5;52.8;49.8;46.3;42.6;38.7;34.7;30.5;26.4;22.2;18.2;14.3;10.5;6.8;3.4;0.2;-2.8;-5.7;-8.3;-10.8;-13.2;-15.4;-17.6;-19.7;-21.8;-23.9;-26.2;-28.6;-31.2;-34.1;-37.2;-40.7;-44.6;-48.8;-53.6;-58.8;-64.5;-70.7;-77.4;-84.5;-92.1;-100.0;-108.2;-116.6;-125.1;-133.5;-141.7;-149.4;;;;;;;;;;;;;;;;;;;;;;;;;;;;
0.000;;;;;;;;;;;;;;;;;;;;;;;;;;;;;206.9;170.5;137.3;107.8;81.6;59.2;39.8;23.9;10.8;0.6;-7.1;-12.5;-15.7;-17.2;-16.9;-15.3;-12.4;-8.6;-3.9;1.4;7.2;13.2;19.4;25.6;31.6;37.4;42.8;47.7;52.1;55.9;59.0;61.4;63.0;64.0;64.3;63.9;62.9;61.4;59.4;56.9;54.1;51.0;47.7;44.3;40.8;37.3;33.8;30.5;27.3;24.2;21.3;18.7;16.2;13.9;11.9;10.0;8.2;6.5;4.9;3.3;1.7;-0.1;-2.0;-4.2;-6.6;-9.4;-12.6;-16.2;-20.4;-25.1;-30.5;-36.4;-43.0;-50.1;-57.9;-66.3;-75.3;-84.8;-94.7;-104.9;-115.5;-126.1;-136.8;-147.3;-157.4;-167.0;;;;;;;;;;;;;;;;;;;;;;;;;;;;
-0.100;;;;;;;;;;;;;;;;;;;;;;;;;;;;;200.8;164.5;131.4;102.3;76.3;54.2;35.3;19.7;7.1;-2.6;-9.8;-14.7;-17.4;-18.4;-17.6;-15.6;-12.3;-8.0;-3.0;2.7;8.7;15.1;21.5;27.9;34.1;40.1;45.6;50.6;55.0;58.8;61.9;64.3;65.9;66.9;67.2;66.8;65.9;64.4;62.5;60.3;57.7;54.9;52.1;49.1;46.1;43.3;40.5;37.9;35.5;33.3;31.3;29.6;28.1;26.8;25.7;24.7;23.8;23.0;22.1;21.2;20.0;18.7;17.0;14.9;12.3;9.1;5.4;1.0;-4.2;-10.0;-16.7;-24.1;-32.4;-41.3;-51.1;-61.4;-72.4;-83.9;-95.9;-108.1;-120.6;-133.2;-145.7;-157.9;-169.7;-180.8;;;;;;;;;;;;;;;;;;;;;;;;;;;;
-0.200;;;;;;;;;;;;;;;;;;;;;;;;;;;;;192.9;156.8;124.0;95.1;69.6;47.9;29.5;14.5;2.4;-6.8;-13.4;-17.8;-20.0;-20.5;-19.2;-16.6;-12.8;-8.2;-2.7;3.3;9.7;16.4;23.1;29.7;36.2;42.2;47.9;53.0;57.4;61.2;64.3;66.7;68.3;69.3;69.5;69.2;68.3;66.9;65.1;63.0;60.7;58.3;55.7;53.2;50.8;48.5;46.4;44.5;42.9;41.5;40.4;39.6;39.1;38.8;38.6;38.6;38.6;38.6;38.4;38.1;37.5;36.5;35.1;33.0;30.4;26.9;22.6;17.5;11.5;4.5;-3.4;-12.2;-22.0;-32.6;-44.1;-56.2;-69.0;-82.3;-96.1;-110.1;-124.3;-138.5;-152.6;-166.3;-179.5;-192.0;;;;;;;;;;;;;;;;;;;;;;;;;;;;
-0.300;;;;;;;;;;;;;;;;;;;;;;;;;;;;;183.0;147.2;114.8;86.3;61.2;40.2;22.3;7.8;-3.6;-12.2;-18.2;-22.0;-23.5;-23.4;-21.6;-18.5;-14.2;-9.1;-3.2;3.3;10.0;17.0;24.0;30.9;37.6;43.8;49.6;54.8;59.3;63.1;66.2;68.6;70.2;71.1;71.3;71.0;70.1;68.7;67.0;65.1;63.0;60.8;58.6;56.5;54.5;52.8;51.3;50.1;49.2;48.7;48.4;48.5;48.9;49.5;50.3;51.1;52.0;52.8;53.5;53.8;53.7;53.1;52.0;50.0;47.2;43.5;38.8;33.0;26.1;18.2;9.1;-0.9;-12.1;-24.2;-37.1;-50.8;-65.2;-80.1;-95.3;-110.9;-126.5;-142.1;-157.5;-172.4;-186.7;-200.2;-212.5;;;;;;;;;;;;;;;;;;;;;;;;;;;
-0.400;;;;;;;;;;;;;;;;;;;;;;;;;;;;;171.6;136.1;104.1;76.2;51.6;31.1;13.9;0.1;-10.7;-18.6;-23.9;-27.0;-28.0;-27.2;-24.8;-21.2;-16.4;-10.7;-4.3;2.5;9.7;17.0;24.4;31.5;38.4;44.8;50.8;56.0;60.6;64.5;67.6;69.9;71.5;72.4;72.5;72.2;71.3;70.0;68.3;66.5;64.6;62.6;60.7;59.0;57.4;56.2;55.3;54.7;54.6;54.8;55.4;56.3;57.5;59.0;60.7;62.4;64.1;65.8;67.1;68.1;68.6;68.4;67.5;65.6;62.8;58.8;53.7;47.4;39.7;30.9;20.8;9.6;-2.8;-16.1;-30.4;-45.4;-61.1;-77.4;-93.9;-110.7;-127.5;-144.2;-160.7;-176.6;-191.8;-206.1;-219.1;;;;;;;;;;;;;;;;;;;;;;;;;;;
-0.500;;;;;;;;;;;;;;;;;;;;;;;;;;;;197.6;158.8;123.7;92.2;64.8;40.8;21.0;4.4;-8.7;-18.7;-26.0;-30.6;-33.0;-33.3;-31.9;-28.8;-24.6;-19.3;-13.1;-6.2;1.1;8.7;16.4;24.1;31.5;38.7;45.3;51.4;56.8;61.4;65.4;68.4;70.8;72.3;73.1;73.2;72.8;71.9;70.6;69.0;67.3;65.4;63.7;62.0;60.6;59.5;58.7;58.3;58.3;58.8;59.7;61.0;62.7;64.8;67.1;69.6;72.2;74.7;77.1;79.2;80.8;81.8;82.0;81.4;79.6;76.8;72.6;67.2;60.3;52.1;42.5;31.5;19.3;5.9;-8.5;-24.0;-40.1;-57.0;-74.3;-91.9;-109.7;-127.5;-145.0;-162.3;-178.9;-194.8;-209.6;-223.1;;;;;;;;;;;;;;;;;;;;;;;;;;;
-0.600;;;;;;;;;;;;;;;;;;;;;;;;;;;;183.6;145.1;110.3;79.2;52.4;29.0;9.9;-6.0;-18.4;-27.7;-34.2;-38.1;-39.8;-39.4;-37.3;-33.7;-28.8;-22.9;-16.2;-8.8;-1.0;7.0;15.1;23.2;30.9;38.3;45.2;51.4;57.0;61.7;65.7;68.8;71.1;72.6;73.4;73.4;73.0;72.0;70.7;69.1;67.4;65.7;64.0;62.6;61.4;60.6;60.2;60.3;60.9;61.9;63.4;65.5;67.9;70.7;73.8;77.1;80.4;83.7;86.8;89.5;91.7;93.2;93.8;93.5;91.9;89.1;84.8;79.1;71.8;63.0;52.8;41.1;28.1;13.7;-1.6;-17.9;-35.0;-52.7;-70.9;-89.4;-107.9;-126.4;-144.7;-162.5;-179.7;-196.0;-211.1;-224.8;;;;;;;;;;;;;;;;;;;;;;;;;;;
-0.700;;;;;;;;;;;;;;;;;;;;;;;;;;;;168.9;130.6;96.2;65.6;39.3;16.5;-2.0;-17.2;-28.8;-37.4;-43.1;-46.3;-47.3;-46.1;-43.5;-39.1;-33.7;-27.2;-19.9;-12.0;-3.8;4.7;13.2;21.6;29.7;37.4;44.5;51.0;56.7;61.6;65.6;68.7;71.0;72.4;73.2;73.2;72.6;71.6;70.2;68.6;66.9;65.3;63.7;62.4;61.5;61.0;60.9;61.4;62.4;64.0;66.1;68.7;71.8;75.3;79.1;83.1;87.1;91.1;94.9;98.2;100.9;102.9;103.9;103.9;102.4;99.7;95.3;89.4;81.8;72.6;61.8;49.4;35.8;20.7;4.7;-12.4;-30.2;-48.6;-67.4;-86.5;-105.6;-124.6;-143.3;-161.5;-178.9;-195.4;-210.6;-224.2;;;;;;;;;;;;;;;;;;;;;;;;;;;
-0.800;;;;;;;;;;;;;;;;;;;;;;;;;;;;153.9;115.8;81.8;51.5;25.7;3.5;-14.4;-28.9;-39.8;-47.6;-52.7;-55.1;-55.4;-53.6;-50.2;-45.3;-39.2;-32.1;-24.3;-15.9;-7.2;1.8;10.7;19.6;28.0;36.0;43.4;50.1;55.9;60.9;65.0;68.2;70.5;71.9;72.6;72.5;71.9;70.7;69.3;67.7;66.0;64.3;62.8;61.6;60.8;60.5;60.7;61.5;62.9;64.9;67.5;70.6;74.3;78.4;82.8;87.4;92.1;96.7;101.1;105.0;108.2;110.7;112.0;112.2;110.9;108.3;103.8;97.8;90.0;80.4;69.3;56.5;42.3;26.8;10.2;-7.4;-25.7;-44.6;-63.9;-83.3;-102.8;-122.0;-140.9;-159.2;-176.7;-193.1;-208.1;-221.4;;;;;;;;;;;;;;;;;;;;;;;;;;;
-0.900;;;;;;;;;;;;;;;;;;;;;;;;;;;;139.1;101.1;67.2;37.3;11.9;-9.8;-27.0;-40.9;-51.1;-58.3;-62.6;-64.3;-63.9;-61.5;-57.5;-51.9;-45.2;-37.6;-29.2;-20.3;-11.0;-1.6;7.8;17.0;25.8;34.1;41.8;48.7;54.7;59.9;64.1;67.3;69.6;71.0;71.6;71.4;70.7;69.5;68.0;66.3;64.6;62.9;61.4;60.3;59.6;59.4;59.8;60.8;62.5;64.9;67.9;71.5;75.6;80.2;85.2;90.4;95.6;100.8;105.6;110.1;113.8;116.6;118.3;118.8;117.7;115.1;110.7;104.6;96.6;86.8;75.4;62.3;47.8;31.9;14.9;-3.0;-21.6;-40.8;-60.3;-79.9;-99.5;-118.9;-137.7;-156.0;-173.2;-189.4;-203.9;-216.6;;;;;;;;;;;;;;;;;;;;;;;;;;;
-1.000;;;;;;;;;;;;;;;;;;;;;;;;;;;;124.9;86.8;53.0;23.3;-1.8;-23.0;-39.8;-53.1;-62.7;-69.2;-72.8;-73.9;-72.9;-69.8;-65.1;-59.0;-51.8;-43.5;-34.6;-25.2;-15.5;-5.6;4.2;13.9;23.0;31.7;39.7;46.9;53.1;58.4;62.8;66.0;68.4;69.7;70.3;70.1;69.3;68.0;66.4;64.6;62.7;61.0;59.5;58.3;57.7;57.6;58.1;59.3;61.2;63.8;67.1;71.1;75.6;80.7;86.1;91.7;97.4;103.0;108.4;113.2;117.3;120.5;122.5;123.2;122.3;119.8;115.5;109.4;101.3;91.5;79.9;66.6;52.0;35.9;18.8;0.7;-18.0;-37.2;-56.7;-76.3;-95.8;-115.0;-133.7;-151.6;-168.4;-183.9;-197.7;-209.4;;;;;;;;;;;;;;;;;;;;;;;;;;;
-1.100;;;;;;;;;;;;;;;;;;;;;;;;;;;;;73.2;39.4;9.7;-15.2;-36.1;-52.4;-65.2;-74.2;-80.2;-83.2;-83.7;-82.0;-78.3;-73.1;-66.4;-58.6;-49.8;-40.4;-30.5;-20.3;-9.9;0.3;10.4;19.9;29.0;37.2;44.7;51.2;56.7;61.1;64.5;66.9;68.3;68.8;68.5;67.6;66.2;64.5;62.6;60.7;58.8;57.3;56.1;55.4;55.3;55.9;57.2;59.3;62.1;65.6;69.8;74.6;80.0;85.8;91.8;97.9;103.9;109.6;114.8;119.2;122.8;125.0;126.0;125.2;122.9;118.6;112.6;104.6;94.7;83.1;69.8;55.1;39.0;21.9;3.9;-14.8;-33.9;-53.3;-72.7;-91.9;-110.7;-128.9;-146.2;-162.4;-177.1;-189.8;-200.2;;;;;;;;;;;;;;;;;;;;;;;;;;;
-1.200;;;;;;;;;;;;;;;;;;;;;;;;;;;;;60.9;26.8;-3.1;-27.9;-48.6;-64.6;-77.0;-85.6;-91.1;-93.6;-93.5;-91.3;-87.0;-81.3;-74.0;-65.7;-56.5;-46.6;-36.2;-25.5;-14.7;-4.0;6.4;16.4;25.8;34.4;42.2;48.9;54.6;59.2;62.7;65.2;66.5;67.1;66.7;65.8;64.3;62.4;60.4;58.3;56.4;54.7;53.4;52.7;52.6;53.2;54.5;56.6;59.5;63.2;67.6;72.6;78.2;84.2;90.5;96.9;103.2;109.2;114.7;119.4;123.2;125.6;126.8;126.2;124.0;119.9;113.9;106.0;96.2;84.8;71.5;57.0;41.0;24.1;6.3;-12.1;-30.9;-49.9;-68.9;-87.6;-105.9;-123.3;-139.9;-155.0;-168.5;-179.9;-188.5;;;;;;;;;;;;;;;;;;;;;;;;;;;
-1.300;;;;;;;;;;;;;;;;;;;;;;;;;;;;;50.0;15.3;-14.8;-39.7;-60.5;-76.4;-88.5;-96.7;-101.7;-103.8;-103.2;-100.5;-95.8;-89.5;-81.8;-73.0;-63.3;-53.0;-42.1;-31.0;-19.8;-8.7;2.2;12.5;22.3;31.3;39.3;46.4;52.3;57.1;60.7;63.3;64.7;65.2;64.8;63.8;62.2;60.2;58.1;55.9;53.8;52.0;50.6;49.8;49.6;50.1;51.4;53.5;56.4;60.1;64.6;69.8;75.5;81.7;88.2;94.8;101.3;107.5;113.2;118.1;122.0;124.7;126.1;125.7;123.6;119.6;113.8;106.1;96.5;85.2;72.2;57.8;42.2;25.6;8.1;-9.9;-28.2;-46.7;-65.0;-83.0;-100.5;-117.1;-132.6;-146.5;-158.5;-168.1;;;;;;;;;;;;;;;;;;;;;;;;;;;;
-1.400;;;;;;;;;;;;;;;;;;;;;;;;;;;;;41.0;5.5;-25.2;-50.5;-71.4;-87.3;-99.3;-107.3;-112.0;-113.7;-112.8;-109.6;-104.5;-97.8;-89.6;-80.4;-70.3;-59.5;-48.3;-36.7;-25.1;-13.6;-2.4;8.4;18.5;27.8;36.2;43.5;49.7;54.7;58.5;61.2;62.7;63.2;62.8;61.7;60.0;58.0;55.7;53.3;51.1;49.2;47.6;46.7;46.3;46.7;47.9;50.0;52.8;56.5;61.0;66.2;72.0;78.2;84.8;91.5;98.1;104.5;110.3;115.3;119.5;122.3;123.8;123.5;121.6;117.8;112.2;104.7;95.3;84.3;71.6;57.7;42.4;26.3;9.3;-8.1;-25.8;-43.5;-61.1;-78.3;-94.7;-110.1;-124.3;-136.7;-146.9;-154.3;;;;;;;;;;;;;;;;;;;;;;;;;;;;
-1.500;;;;;;;;;;;;;;;;;;;;;;;;;;;;;34.2;-2.4;-34.0;-59.9;-81.2;-97.3;-109.4;-117.3;-121.9;-123.3;-122.0;-118.6;-113.0;-106.0;-97.4;-87.9;-77.4;-66.2;-54.6;-42.7;-30.7;-18.8;-7.2;3.9;14.5;24.1;32.8;40.4;46.9;52.1;56.1;58.9;60.5;61.1;60.7;59.6;57.9;55.7;53.3;50.8;48.4;46.3;44.5;43.4;42.9;43.2;44.2;46.2;48.9;52.5;57.0;62.1;67.8;74.1;80.7;87.4;94.0;100.4;106.3;111.4;115.6;118.5;120.1;120.0;118.3;114.7;109.3;102.0;92.9;82.3;70.0;56.5;41.8;26.2;10.0;-6.7;-23.7;-40.6;-57.2;-73.2;-88.5;-102.5;-115.1;-125.6;-133.7;-138.5;;;;;;;;;;;;;;;;;;;;;;;;;;;;
-1.600;;;;;;;;;;;;;;;;;;;;;;;;;;;;;29.9;-8.1;-40.9;-67.7;-89.7;-106.3;-118.6;-126.6;-131.1;-132.4;-130.9;-127.2;-121.4;-114.1;-105.2;-95.3;-84.5;-73.0;-61.1;-48.8;-36.5;-24.2;-12.2;-0.8;10.1;20.1;29.2;37.1;43.9;49.4;53.6;56.6;58.3;59.0;58.6;57.5;55.7;53.4;50.9;48.2;45.7;43.4;41.5;40.2;39.5;39.6;40.5;42.2;44.8;48.3;52.6;57.5;63.2;69.3;75.8;82.5;89.1;95.5;101.4;106.5;110.7;113.7;115.4;115.4;113.8;110.4;105.2;98.3;89.5;79.3;67.5;54.6;40.5;25.6;10.1;-5.8;-21.8;-37.7;-53.2;-68.0;-81.8;-94.2;-105.0;-113.3;-118.9;-120.6;;;;;;;;;;;;;;;;;;;;;;;;;;;;
-1.700;;;;;;;;;;;;;;;;;;;;;;;;;;;;;;-11.1;-45.5;-73.6;-96.6;-113.9;-126.7;-135.0;-139.6;-140.9;-139.4;-135.5;-129.5;-121.9;-112.8;-102.7;-91.6;-79.8;-67.6;-55.0;-42.4;-29.8;-17.5;-5.7;5.5;15.9;25.3;33.5;40.6;46.4;50.8;54.0;55.9;56.7;56.4;55.3;53.5;51.2;48.5;45.8;43.1;40.6;38.5;37.0;36.1;36.0;36.6;38.2;40.6;43.8;47.9;52.7;58.2;64.2;70.5;77.1;83.6;89.8;95.6;100.7;104.9;107.9;109.6;109.7;108.3;105.0;100.1;93.5;85.2;75.4;64.2;51.9;38.4;24.3;9.7;-5.2;-20.2;-34.9;-49.1;-62.5;-74.7;-85.2;-93.9;-99.7;-102.3;-100.6;;;;;;;;;;;;;;;;;;;;;;;;;;;;
-1.800;;;;;;;;;;;;;;;;;;;;;;;;;;;;;;-11.4;-47.7;-77.5;-101.8;-120.1;-133.6;-142.4;-147.3;-148.8;-147.3;-143.4;-137.2;-129.5;-120.2;-109.9;-98.6;-86.6;-74.1;-61.4;-48.4;-35.6;-23.0;-10.9;0.7;11.4;21.1;29.7;37.1;43.2;47.9;51.3;53.4;54.3;54.1;53.1;51.3;48.9;46.2;43.4;40.5;37.9;35.6;33.9;32.8;32.4;32.9;34.2;36.3;39.3;43.2;47.7;53.0;58.7;64.9;71.2;77.6;83.7;89.3;94.3;98.4;101.4;103.1;103.2;101.9;98.9;94.3;88.0;80.1;70.8;60.2;48.5;35.9;22.6;8.9;-5.0;-18.8;-32.2;-45.0;-56.8;-67.2;-75.7;-81.9;-84.9;-84.3;;;;;;;;;;;;;;;;;;;;;;;;;;;;;
-1.900;;;;;;;;;;;;;;;;;;;;;;;;;;;;;;-8.0;-46.8;-78.7;-104.8;-124.4;-139.0;-148.6;-154.0;-155.8;-154.5;-150.7;-144.6;-136.8;-127.4;-117.0;-105.5;-93.4;-80.7;-67.7;-54.6;-41.5;-28.7;-16.3;-4.4;6.6;16.6;25.6;33.3;39.7;44.6;48.4;50.6;51.8;51.8;50.8;49.1;46.7;44.0;41.1;38.1;35.4;32.9;31.0;29.6;29.0;29.2;30.2;32.1;34.8;38.4;42.7;47.7;53.2;59.1;65.1;71.2;77.1;82.6;87.4;91.4;94.2;96.0;96.1;94.9;92.1;87.7;81.8;74.3;65.6;55.6;44.6;32.8;20.4;7.7;-5.0;-17.6;-29.7;-40.9;-50.9;-59.3;-65.4;-69.0;-68.8;-64.5;;;;;;;;;;;;;;;;;;;;;;;;;;;;;
-2.000;;;;;;;;;;;;;;;;;;;;;;;;;;;;;;-1.1;-42.9;-77.3;-105.6;-126.9;-143.0;-153.5;-159.8;-162.1;-161.1;-157.5;-151.5;-143.8;-134.4;-123.9;-112.4;-100.1;-87.3;-74.2;-60.9;-47.6;-34.6;-21.9;-9.8;1.5;11.9;21.1;29.1;35.9;41.2;45.2;47.7;49.1;49.2;48.5;46.8;44.5;41.8;38.8;35.8;32.9;30.3;28.2;26.6;25.8;25.7;26.5;28.1;30.5;33.8;37.7;42.4;47.6;53.1;58.9;64.7;70.4;75.6;80.2;84.1;86.8;88.4;88.6;87.5;84.9;80.7;75.1;68.1;59.9;50.5;40.3;29.3;17.9;6.3;-5.3;-16.5;-27.1;-36.7;-44.8;-51.1;-54.7;-55.4;-51.8;-43.5;;;;;;;;;;;;;;;;;;;;;;;;;;;;;
-2.100;;;;;;;;;;;;;;;;;;;;;;;;;;;;;;;-34.8;-72.4;-103.4;-127.0;-144.9;-156.9;-164.2;-167.3;-166.9;-163.7;-157.9;-150.4;-141.0;-130.6;-119.0;-106.8;-93.9;-80.7;-67.3;-53.9;-40.7;-27.8;-15.5;-4.0;6.7;16.2;24.6;31.6;37.3;41.6;44.4;46.1;46.5;45.9;44.4;42.2;39.5;36.5;33.5;30.5;27.8;25.5;23.8;22.7;22.4;22.9;24.2;26.3;29.2;32.9;37.2;42.0;47.3;52.7;58.2;63.5;68.5;72.9;76.5;79.1;80.7;80.8;79.8;77.3;73.4;68.1;61.5;53.9;45.1;35.7;25.6;15.1;4.6;-5.8;-15.6;-24.6;-32.4;-38.4;-42.4;-43.3;-40.9;-33.6;;;;;;;;;;;;;;;;;;;;;;;;;;;;;;
-2.200;;;;;;;;;;;;;;;;;;;;;;;;;;;;;;;-22.8;-64.1;-98.4;-124.7;-144.9;-158.6;-167.3;-171.5;-171.8;-169.2;-163.8;-156.5;-147.4;-137.1;-125.6;-113.4;-100.5;-87.3;-73.9;-60.4;-47.0;-34.0;-21.5;-9.8;1.1;11.0;19.6;27.0;33.0;37.7;40.8;42.8;43.5;43.1;41.8;39.8;37.2;34.3;31.2;28.2;25.4;23.0;21.1;19.8;19.3;19.5;20.5;22.3;24.9;28.2;32.2;36.7;41.5;46.6;51.8;56.8;61.4;65.5;68.9;71.3;72.8;72.9;71.9;69.5;65.8;60.9;54.8;47.6;39.5;30.8;21.6;12.2;2.8;-6.3;-14.7;-22.1;-28.0;-31.9;-33.5;-31.5;-25.8;-14.6;;;;;;;;;;;;;;;;;;;;;;;;;;;;;;
-2.300;;;;;;;;;;;;;;;;;;;;;;;;;;;;;;;;-51.5;-89.8;-119.4;-142.3;-158.4;-168.9;-174.4;-175.8;-173.9;-169.1;-162.3;-153.4;-143.3;-132.0;-119.9;-107.2;-94.0;-80.5;-67.0;-53.7;-40.6;-27.9;-16.0;-4.9;5.2;14.2;21.9;28.2;33.2;36.7;39.1;40.0;40.0;38.9;37.1;34.7;31.8;28.9;25.9;23.0;20.5;18.5;17.1;16.3;16.3;17.0;18.5;20.8;23.8;27.4;31.5;36.0;40.7;45.5;50.1;54.4;58.2;61.4;63.6;64.9;65.0;64.0;61.7;58.2;53.6;47.9;41.3;33.8;25.9;17.5;9.1;0.8;-7.0;-13.9;-19.6;-23.6;-25.3;-24.3;-19.3;-10.1;;;;;;;;;;;;;;;;;;;;;;;;;;;;;;;
-2.400;;;;;;;;;;;;;;;;;;;;;;;;;;;;;;;;-34.4;-77.3;-110.9;-137.2;-156.0;-168.7;-176.0;-178.7;-177.9;-173.8;-167.5;-159.1;-149.3;-138.3;-126.4;-113.8;-100.7;-87.4;-73.9;-60.6;-47.5;-34.7;-22.7;-11.4;-1.1;8.1;16.1;22.8;28.2;32.1;34.8;36.1;36.4;35.6;34.1;31.9;29.2;26.4;23.4;20.6;18.1;16.0;14.4;13.5;13.2;13.7;15.0;16.9;19.6;22.8;26.5;30.7;35.0;39.4;43.7;47.6;51.1;54.0;56.0;57.1;57.2;56.1;53.9;50.7;46.3;41.0;34.9;28.1;20.8;13.4;5.9;-1.2;-7.7;-13.1;-17.1;-19.1;-18.5;-14.9;-6.8;5.9;;;;;;;;;;;;;;;;;;;;;;;;;;;;;;;
-2.500;;;;;;;;;;;;;;;;;;;;;;;;;;;;;;;;;-60.5;-98.7;-129.0;-151.2;-166.6;-176.0;-180.4;-180.9;-177.8;-172.3;-164.4;-155.1;-144.4;-132.8;-120.4;-107.6;-94.4;-81.1;-67.8;-54.7;-42.0;-29.9;-18.5;-8.0;1.5;9.8;16.7;22.5;26.8;29.9;31.6;32.2;31.8;30.6;28.7;26.3;23.6;20.8;18.0;15.6;13.4;11.8;10.7;10.3;10.6;11.6;13.3;15.6;18.5;21.9;25.6;29.6;33.6;37.5;41.1;44.3;46.9;48.6;49.6;49.5;48.5;46.3;43.2;39.1;34.2;28.6;22.4;15.9;9.2;2.8;-3.2;-8.3;-12.3;-14.5;-14.6;-11.6;-5.4;5.9;;;;;;;;;;;;;;;;;;;;;;;;;;;;;;;;
-2.600;;;;;;;;;;;;;;;;;;;;;;;;;;;;;;;;;-38.9;-82.3;-117.4;-143.5;-162.2;-174.3;-180.8;-182.8;-181.0;-176.5;-169.4;-160.6;-150.4;-139.2;-127.1;-114.5;-101.6;-88.5;-75.3;-62.4;-49.7;-37.6;-26.1;-15.5;-5.9;2.7;10.0;16.0;20.7;24.2;26.3;27.4;27.4;26.6;25.0;22.9;20.5;17.9;15.3;12.9;10.8;9.1;8.0;7.4;7.6;8.3;9.8;11.8;14.4;17.4;20.8;24.4;28.0;31.6;34.9;37.7;40.0;41.5;42.3;42.1;41.0;39.0;36.0;32.2;27.6;22.4;16.8;11.0;5.2;-0.3;-5.1;-9.0;-11.4;-11.9;-9.9;-4.7;4.3;18.7;;;;;;;;;;;;;;;;;;;;;;;;;;;;;;;;
-2.700;;;;;;;;;;;;;;;;;;;;;;;;;;;;;;;;;;-61.8;-102.2;-132.9;-155.5;-170.7;-179.7;-183.8;-183.4;-180.1;-173.9;-165.9;-156.3;-145.5;-133.9;-121.7;-109.0;-96.1;-83.2;-70.4;-57.9;-45.8;-34.4;-23.7;-13.9;-5.2;2.4;8.8;13.9;17.8;20.4;21.9;22.3;21.9;20.7;19.0;16.9;14.6;12.2;9.9;7.9;6.3;5.1;4.5;4.6;5.2;6.4;8.2;10.5;13.2;16.3;19.5;22.8;26.0;28.9;31.4;33.4;34.7;35.3;35.0;33.9;31.9;29.0;25.4;21.2;16.5;11.4;6.3;1.3;-3.2;-6.9;-9.5;-10.4;-9.2;-5.3;2.3;14.0;;;;;;;;;;;;;;;;;;;;;;;;;;;;;;;;;
-2.800;;;;;;;;;;;;;;;;;;;;;;;;;;;;;;;;;;-36.4;-82.8;-118.7;-145.9;-164.9;-176.9;-183.3;-184.9;-183.0;-178.0;-170.9;-162.0;-151.9;-140.8;-129.0;-116.7;-104.2;-91.5;-79.0;-66.6;-54.7;-43.3;-32.6;-22.7;-13.8;-6.0;0.7;6.1;10.4;13.5;15.5;16.4;16.4;15.7;14.4;12.7;10.7;8.6;6.6;4.7;3.2;2.1;1.5;1.5;2.0;3.1;4.6;6.7;9.2;11.9;14.8;17.8;20.6;23.3;25.5;27.2;28.3;28.7;28.3;27.1;25.1;22.4;19.0;15.1;10.8;6.3;1.8;-2.4;-6.0;-8.6;-9.9;-9.4;-6.4;-0.5;9.4;23.6;;;;;;;;;;;;;;;;;;;;;;;;;;;;;;;;;
-2.900;;;;;;;;;;;;;;;;;;;;;;;;;;;;;;;;;;;-59.5;-101.3;-133.6;-156.9;-172.4;-181.7;-185.4;-185.4;-181.7;-175.7;-167.6;-158.2;-147.7;-136.4;-124.6;-112.4;-100.2;-87.9;-75.8;-64.1;-52.8;-42.1;-32.2;-23.2;-15.2;-8.2;-2.5;2.2;5.7;8.2;9.6;10.2;10.0;9.1;7.8;6.2;4.5;2.7;1.1;-0.2;-1.2;-1.7;-1.7;-1.3;-0.3;1.1;3.0;5.2;7.7;10.3;13.0;15.6;17.9;19.8;21.3;22.1;22.4;21.8;20.6;18.7;16.1;12.9;9.3;5.4;1.4;-2.5;-5.9;-8.6;-10.1;-10.2;-8.2;-3.6;4.2;16.4;;;;;;;;;;;;;;;;;;;;;;;;;;;;;;;;;;
-3.000;;;;;;;;;;;;;;;;;;;;;;;;;;;;;;;;;;;;-79.7;-117.8;-146.1;-165.7;-178.4;-184.8;-186.9;-184.8;-180.1;-173.1;-164.5;-154.7;-144.1;-132.8;-121.1;-109.2;-97.3;-85.5;-74.0;-62.9;-52.4;-42.5;-33.5;-25.3;-18.1;-12.1;-7.0;-3.1;-0.1;1.8;2.9;3.2;2.9;2.1;0.9;-0.4;-1.7;-3.0;-4.1;-4.9;-5.3;-5.2;-4.8;-3.8;-2.5;-0.7;1.3;3.6;6.0;8.4;10.7;12.7;14.4;15.7;16.3;16.4;15.8;14.5;12.6;10.1;7.2;3.8;0.3;-3.1;-6.4;-9.0;-10.9;-11.4;-10.2;-6.8;-0.6;9.1;;;;;;;;;;;;;;;;;;;;;;;;;;;;;;;;;;;
-3.100;;;;;;;;;;;;;;;;;;;;;;;;;;;;;;;;;;;;-54.7;-99.1;-132.9;-157.2;-173.7;-183.1;-187.6;-187.4;-184.3;-178.5;-170.9;-161.9;-151.9;-141.2;-130.0;-118.6;-107.1;-95.7;-84.5;-73.6;-63.2;-53.5;-44.4;-36.2;-28.8;-22.5;-17.0;-12.7;-9.3;-6.9;-5.3;-4.4;-4.2;-4.4;-5.1;-5.9;-6.9;-7.8;-8.5;-9.0;-9.2;-9.1;-8.5;-7.6;-6.3;-4.6;-2.7;-0.5;1.7;3.9;6.0;7.8;9.3;10.3;10.8;10.8;10.0;8.8;6.9;4.5;1.8;-1.3;-4.4;-7.4;-10.0;-11.9;-12.9;-12.4;-10.1;-5.3;2.5;14.0;;;;;;;;;;;;;;;;;;;;;;;;;;;;;;;;;;;
-3.200;;;;;;;;;;;;;;;;;;;;;;;;;;;;;;;;;;;;;-76.8;-116.7;-146.2;-167.1;-180.0;-187.4;-189.4;-188.0;-183.6;-177.2;-169.1;-159.9;-149.9;-139.3;-128.4;-117.4;-106.3;-95.5;-84.9;-74.7;-65.1;-56.0;-47.8;-40.3;-33.7;-28.0;-23.3;-19.5;-16.6;-14.4;-13.0;-12.2;-11.9;-12.0;-12.3;-12.8;-13.3;-13.6;-13.8;-13.8;-13.4;-12.7;-11.6;-10.3;-8.6;-6.8;-4.7;-2.6;-0.6;1.3;3.0;4.3;5.2;5.5;5.4;4.6;3.3;1.5;-0.7;-3.3;-6.0;-8.7;-11.2;-13.3;-14.4;-14.6;-13.1;-9.6;-3.5;5.8;;;;;;;;;;;;;;;;;;;;;;;;;;;;;;;;;;;;
-3.300;;;;;;;;;;;;;;;;;;;;;;;;;;;;;;;;;;;;;;-97.8;-133.0;-158.8;-175.6;-186.2;-190.7;-191.4;-188.6;-183.4;-176.4;-168.1;-158.8;-148.8;-138.5;-128.0;-117.4;-106.9;-96.6;-86.7;-77.2;-68.3;-60.0;-52.5;-45.8;-39.8;-34.8;-30.5;-27.1;-24.4;-22.5;-21.1;-20.2;-19.8;-19.5;-19.5;-19.5;-19.4;-19.2;-18.8;-18.2;-17.3;-16.1;-14.6;-12.9;-11.1;-9.1;-7.1;-5.1;-3.3;-1.8;-0.6;0.2;0.4;0.2;-0.6;-1.8;-3.5;-5.6;-7.9;-10.4;-12.7;-14.7;-16.2;-16.6;-15.9;-13.4;-8.9;-1.4;;;;;;;;;;;;;;;;;;;;;;;;;;;;;;;;;;;;;
-3.400;;;;;;;;;;;;;;;;;;;;;;;;;;;;;;;;;;;;;;;-117.4;-148.5;-169.7;-184.0;-191.3;-194.3;-193.3;-189.6;-183.7;-176.3;-167.9;-158.6;-148.9;-138.9;-128.8;-118.7;-108.8;-99.1;-89.9;-81.1;-72.9;-65.3;-58.4;-52.3;-46.9;-42.3;-38.5;-35.3;-32.8;-30.9;-29.5;-28.4;-27.6;-27.0;-26.5;-26.0;-25.4;-24.6;-23.6;-22.5;-21.0;-19.4;-17.6;-15.7;-13.6;-11.6;-9.7;-8.0;-6.5;-5.4;-4.7;-4.5;-4.7;-5.5;-6.7;-8.3;-10.2;-12.3;-14.4;-16.3;-17.8;-18.6;-18.4;-16.9;-13.4;-7.7;;;;;;;;;;;;;;;;;;;;;;;;;;;;;;;;;;;;;;
-3.500;;;;;;;;;;;;;;;;;;;;;;;;;;;;;;;;;;;;;;;;-136.2;-162.2;-180.5;-191.1;-196.6;-197.7;-195.6;-191.0;-184.7;-177.2;-168.6;-159.6;-150.1;-140.5;-130.8;-121.3;-111.9;-102.9;-94.3;-86.2;-78.6;-71.6;-65.3;-59.7;-54.8;-50.6;-47.0;-44.0;-41.5;-39.5;-37.9;-36.5;-35.4;-34.3;-33.3;-32.2;-31.0;-29.7;-28.2;-26.5;-24.7;-22.7;-20.6;-18.5;-16.5;-14.5;-12.8;-11.4;-10.3;-9.6;-9.3;-9.5;-10.2;-11.3;-12.7;-14.4;-16.2;-18.0;-19.5;-20.4;-20.7;-19.7;-17.3;-12.9;;;;;;;;;;;;;;;;;;;;;;;;;;;;;;;;;;;;;;;
-3.600;;;;;;;;;;;;;;;;;;;;;;;;;;;;;;;;;;;;;;;;;-153.2;-175.8;-189.9;-198.3;-201.6;-201.4;-198.3;-193.1;-186.5;-178.8;-170.4;-161.5;-152.4;-143.2;-134.0;-125.0;-116.2;-107.8;-99.8;-92.3;-85.3;-78.8;-73.1;-67.9;-63.3;-59.3;-55.8;-52.8;-50.3;-48.1;-46.2;-44.5;-42.9;-41.3;-39.7;-38.1;-36.4;-34.5;-32.5;-30.4;-28.2;-25.9;-23.7;-21.5;-19.5;-17.8;-16.3;-15.1;-14.4;-14.1;-14.2;-14.8;-15.7;-17.0;-18.4;-19.9;-21.2;-22.2;-22.6;-22.2;-20.5;-17.3;;;;;;;;;;;;;;;;;;;;;;;;;;;;;;;;;;;;;;;;
-3.700;;;;;;;;;;;;;;;;;;;;;;;;;;;;;;;;;;;;;;;;;;-169.6;-187.5;-199.1;-204.9;-206.7;-205.3;-201.4;-195.9;-189.1;-181.4;-173.2;-164.6;-155.8;-147.0;-138.3;-129.8;-121.6;-113.7;-106.3;-99.3;-92.7;-86.8;-81.4;-76.5;-72.1;-68.2;-64.8;-61.7;-59.0;-56.5;-54.3;-52.1;-50.0;-48.0;-45.9;-43.7;-41.4;-39.1;-36.6;-34.2;-31.7;-29.3;-26.9;-24.8;-22.9;-21.3;-20.1;-19.2;-18.8;-18.8;-19.2;-19.9;-20.9;-22.0;-23.1;-24.0;-24.5;-24.3;-23.2;-20.7;;;;;;;;;;;;;;;;;;;;;;;;;;;;;;;;;;;;;;;;;
-3.800;;;;;;;;;;;;;;;;;;;;;;;;;;;;;;;;;;;;;;;;;;;-184.0;-199.1;-207.6;-211.7;-212.0;-209.6;-205.3;-199.4;-192.5;-184.9;-176.8;-168.5;-160.1;-151.8;-143.6;-135.5;-127.8;-120.4;-113.5;-106.9;-100.8;-95.1;-90.0;-85.3;-81.0;-77.1;-73.6;-70.4;-67.4;-64.6;-61.9;-59.3;-56.8;-54.2;-51.5;-48.9;-46.1;-43.4;-40.6;-37.8;-35.2;-32.6;-30.3;-28.2;-26.5;-25.1;-24.1;-23.5;-23.3;-23.4;-23.9;-24.6;-25.3;-26.0;-26.4;-26.4;-25.5;-23.7;;;;;;;;;;;;;;;;;;;;;;;;;;;;;;;;;;;;;;;;;;
-3.900;;;;;;;;;;;;;;;;;;;;;;;;;;;;;;;;;;;;;;;;;;;;-197.7;-209.3;-215.9;-218.2;-217.4;-214.4;-209.5;-203.5;-196.6;-189.2;-181.3;-173.4;-165.3;-157.4;-149.6;-142.0;-134.7;-127.8;-121.1;-115.0;-109.1;-103.8;-98.8;-94.1;-89.9;-85.9;-82.2;-78.7;-75.4;-72.3;-69.2;-66.1;-63.0;-59.9;-56.8;-53.7;-50.5;-47.4;-44.4;-41.4;-38.6;-36.1;-33.8;-31.8;-30.2;-28.9;-28.1;-27.6;-27.5;-27.6;-27.9;-28.2;-28.4;-28.3;-27.6;-25.9;;;;;;;;;;;;;;;;;;;;;;;;;;;;;;;;;;;;;;;;;;;
-4.000;;;;;;;;;;;;;;;;;;;;;;;;;;;;;;;;;;;;;;;;;;;;;;-219.2;-223.8;-224.8;-223.2;-219.5;-214.5;-208.3;-201.5;-194.2;-186.6;-178.9;-171.2;-163.6;-156.2;-149.0;-142.1;-135.5;-129.2;-123.2;-117.6;-112.3;-107.4;-102.8;-98.4;-94.3;-90.3;-86.6;-82.9;-79.3;-75.8;-72.2;-68.7;-65.1;-61.6;-58.1;-54.6;-51.2;-48.0;-44.9;-42.0;-39.5;-37.2;-35.3;-33.8;-32.7;-31.9;-31.4;-31.1;-31.0;-30.8;-30.4;-29.6;;;;;;;;;;;;;;;;;;;;;;;;;;;;;;;;;;;;;;;;;;;;;
-4.100;;;;;;;;;;;;;;;;;;;;;;;;;;;;;;;;;;;;;;;;;;;;;;;-228.4;-231.4;-231.5;-229.1;-225.1;-219.8;-213.6;-206.9;-199.8;-192.5;-185.1;-177.7;-170.4;-163.3;-156.4;-149.7;-143.4;-137.3;-131.5;-126.0;-120.7;-115.8;-111.0;-106.5;-102.1;-97.9;-93.8;-89.7;-85.7;-81.7;-77.7;-73.7;-69.8;-65.9;-62.0;-58.3;-54.7;-51.3;-48.1;-45.3;-42.7;-40.5;-38.6;-37.1;-35.9;-35.0;-34.2;-33.5;-32.8;-31.7;;;;;;;;;;;;;;;;;;;;;;;;;;;;;;;;;;;;;;;;;;;;;;
-4.200;;;;;;;;;;;;;;;;;;;;;;;;;;;;;;;;;;;;;;;;;;;;;;;;;-239.0;-238.1;-235.3;-230.9;-225.6;-219.5;-212.8;-205.9;-198.8;-191.6;-184.5;-177.5;-170.6;-163.9;-157.5;-151.2;-145.3;-139.5;-134.0;-128.7;-123.6;-118.7;-113.9;-109.3;-104.7;-100.2;-95.7;-91.3;-86.9;-82.5;-78.1;-73.8;-69.6;-65.5;-61.5;-57.8;-54.3;-51.0;-48.1;-45.6;-43.3;-41.4;-39.7;-38.3;-37.0;-35.6;;;;;;;;;;;;;;;;;;;;;;;;;;;;;;;;;;;;;;;;;;;;;;;;
-4.300;;;;;;;;;;;;;;;;;;;;;;;;;;;;;;;;;;;;;;;;;;;;;;;;;;;-244.8;-241.6;-237.1;-231.7;-225.6;-219.1;-212.3;-205.4;-198.4;-191.5;-184.6;-177.9;-171.4;-165.0;-158.9;-152.9;-147.1;-141.5;-136.1;-130.8;-125.6;-120.6;-115.6;-110.6;-105.8;-100.9;-96.0;-91.2;-86.5;-81.8;-77.1;-72.7;-68.3;-64.2;-60.3;-56.7;-53.4;-50.4;-47.7;-45.3;-43.1;-41.1;;;;;;;;;;;;;;;;;;;;;;;;;;;;;;;;;;;;;;;;;;;;;;;;;;
-4.400;;;;;;;;;;;;;;;;;;;;;;;;;;;;;;;;;;;;;;;;;;;;;;;;;;;;;-248.0;-243.4;-238.0;-232.0;-225.6;-218.9;-212.1;-205.3;-198.4;-191.7;-185.0;-178.5;-172.2;-166.0;-159.9;-154.0;-148.3;-142.6;-137.1;-131.6;-126.2;-120.9;-115.6;-110.3;-105.0;-99.8;-94.6;-89.5;-84.5;-79.7;-75.0;-70.5;-66.2;-62.2;-58.4;-55.0;-51.8;-48.8;;;;;;;;;;;;;;;;;;;;;;;;;;;;;;;;;;;;;;;;;;;;;;;;;;;;
-4.500;;;;;;;;;;;;;;;;;;;;;;;;;;;;;;;;;;;;;;;;;;;;;;;;;;;;;;;-249.7;-244.3;-238.4;-232.0;-225.4;-218.7;-211.9;-205.1;-198.3;-191.7;-185.1;-178.7;-172.3;-166.1;-160.0;-154.0;-148.1;-142.2;-136.4;-130.7;-125.0;-119.3;-113.6;-108.0;-102.5;-97.0;-91.6;-86.3;-81.3;-76.4;-71.7;-67.2;-63.0;-59.0;;;;;;;;;;;;;;;;;;;;;;;;;;;;;;;;;;;;;;;;;;;;;;;;;;;;;;
-4.600;;;;;;;;;;;;;;;;;;;;;;;;;;;;;;;;;;;;;;;;;;;;;;;;;;;;;;;;;;-244.4;-238.0;-231.5;-224.7;-217.9;-211.0;-204.2;-197.5;-190.8;-184.1;-177.6;-171.1;-164.8;-158.5;-152.2;-146.0;-139.9;-133.8;-127.7;-121.6;-115.6;-109.7;-103.8;-98.1;-92.4;-87.0;-81.7;-76.5;;;;;;;;;;;;;;;;;;;;;;;;;;;;;;;;;;;;;;;;;;;;;;;;;;;;;;;;;
-4.700;;;;;;;;;;;;;;;;;;;;;;;;;;;;;;;;;;;;;;;;;;;;;;;;;;;;;;;;;;;;;;-229.9;-223.0;-216.0;-209.0;-202.1;-195.2;-188.3;-181.5;-174.7;-168.1;-161.4;-154.8;-148.3;-141.8;-135.3;-128.9;-122.5;-116.2;-110.0;-103.8;;;;;;;;;;;;;;;;;;;;;;;;;;;;;;;;;;;;;;;;;;;;;;;;;;;;;;;;;;;;;
-4.800;;;;;;;;;;;;;;;;;;;;;;;;;;;;;;;;;;;;;;;;;;;;;;;;;;;;;;;;;;;;;;;;;;;;-197.7;-190.5;-183.4;-176.3;-169.3;-162.3;-155.4;-148.5;;;;;;;;;;;;;;;;;;;;;;;;;;;;;;;;;;;;;;;;;;;;;;;;;;;;;;;;;;;;;;;;;;;
-4.900;;;;;;;;;;;;;;;;;;;;;;;;;;;;;;;;;;;;;;;;;;;;;;;;;;;;;;;;;;;;;;;;;;;;;;;;;;;;;;;;;;;;;;;;;;;;;;;;;;;;;;;;;;;;;;;;;;;;;;;;;;;;;;;;;;;;;;;;;;;;;;
-5.000;;;;;;;;;;;;;;;;;;;;;;;;;;;;;;;;;;;;;;;;;;;;;;;;;;;;;;;;;;;;;;;;;;;;;;;;;;;;;;;;;;;;;;;;;;;;;;;;;;;;;;;;;;;;;;;;;;;;;;;;;;;;;;;;;;;;;;;;;;;;;;
-5.100;;;;;;;;;;;;;;;;;;;;;;;;;;;;;;;;;;;;;;;;;;;;;;;;;;;;;;;;;;;;;;;;;;;;;;;;;;;;;;;;;;;;;;;;;;;;;;;;;;;;;;;;;;;;;;;;;;;;;;;;;;;;;;;;;;;;;;;;;;;;;;
-5.200;;;;;;;;;;;;;;;;;;;;;;;;;;;;;;;;;;;;;;;;;;;;;;;;;;;;;;;;;;;;;;;;;;;;;;;;;;;;;;;;;;;;;;;;;;;;;;;;;;;;;;;;;;;;;;;;;;;;;;;;;;;;;;;;;;;;;;;;;;;;;;
-5.300;;;;;;;;;;;;;;;;;;;;;;;;;;;;;;;;;;;;;;;;;;;;;;;;;;;;;;;;;;;;;;;;;;;;;;;;;;;;;;;;;;;;;;;;;;;;;;;;;;;;;;;;;;;;;;;;;;;;;;;;;;;;;;;;;;;;;;;;;;;;;;
-5.400;;;;;;;;;;;;;;;;;;;;;;;;;;;;;;;;;;;;;;;;;;;;;;;;;;;;;;;;;;;;;;;;;;;;;;;;;;;;;;;;;;;;;;;;;;;;;;;;;;;;;;;;;;;;;;;;;;;;;;;;;;;;;;;;;;;;;;;;;;;;;;
-5.500;;;;;;;;;;;;;;;;;;;;;;;;;;;;;;;;;;;;;;;;;;;;;;;;;;;;;;;;;;;;;;;;;;;;;;;;;;;;;;;;;;;;;;;;;;;;;;;;;;;;;;;;;;;;;;;;;;;;;;;;;;;;;;;;;;;;;;;;;;;;;;
-5.600;;;;;;;;;;;;;;;;;;;;;;;;;;;;;;;;;;;;;;;;;;;;;;;;;;;;;;;;;;;;;;;;;;;;;;;;;;;;;;;;;;;;;;;;;;;;;;;;;;;;;;;;;;;;;;;;;;;;;;;;;;;;;;;;;;;;;;;;;;;;;;
-5.700;;;;;;;;;;;;;;;;;;;;;;;;;;;;;;;;;;;;;;;;;;;;;;;;;;;;;;;;;;;;;;;;;;;;;;;;;;;;;;;;;;;;;;;;;;;;;;;;;;;;;;;;;;;;;;;;;;;;;;;;;;;;;;;;;;;;;;;;;;;;;;
-5.800;;;;;;;;;;;;;;;;;;;;;;;;;;;;;;;;;;;;;;;;;;;;;;;;;;;;;;;;;;;;;;;;;;;;;;;;;;;;;;;;;;;;;;;;;;;;;;;;;;;;;;;;;;;;;;;;;;;;;;;;;;;;;;;;;;;;;;;;;;;;;;
-5.900;;;;;;;;;;;;;;;;;;;;;;;;;;;;;;;;;;;;;;;;;;;;;;;;;;;;;;;;;;;;;;;;;;;;;;;;;;;;;;;;;;;;;;;;;;;;;;;;;;;;;;;;;;;;;;;;;;;;;;;;;;;;;;;;;;;;;;;;;;;;;;
-6.000;;;;;;;;;;;;;;;;;;;;;;;;;;;;;;;;;;;;;;;;;;;;;;;;;;;;;;;;;;;;;;;;;;;;;;;;;;;;;;;;;;;;;;;;;;;;;;;;;;;;;;;;;;;;;;;;;;;;;;;;;;;;;;;;;;;;;;;;;;;;;;
-6.100;;;;;;;;;;;;;;;;;;;;;;;;;;;;;;;;;;;;;;;;;;;;;;;;;;;;;;;;;;;;;;;;;;;;;;;;;;;;;;;;;;;;;;;;;;;;;;;;;;;;;;;;;;;;;;;;;;;;;;;;;;;;;;;;;;;;;;;;;;;;;;
-6.200;;;;;;;;;;;;;;;;;;;;;;;;;;;;;;;;;;;;;;;;;;;;;;;;;;;;;;;;;;;;;;;;;;;;;;;;;;;;;;;;;;;;;;;;;;;;;;;;;;;;;;;;;;;;;;;;;;;;;;;;;;;;;;;;;;;;;;;;;;;;;;
-6.300;;;;;;;;;;;;;;;;;;;;;;;;;;;;;;;;;;;;;;;;;;;;;;;;;;;;;;;;;;;;;;;;;;;;;;;;;;;;;;;;;;;;;;;;;;;;;;;;;;;;;;;;;;;;;;;;;;;;;;;;;;;;;;;;;;;;;;;;;;;;;;
-6.400;;;;;;;;;;;;;;;;;;;;;;;;;;;;;;;;;;;;;;;;;;;;;;;;;;;;;;;;;;;;;;;;;;;;;;;;;;;;;;;;;;;;;;;;;;;;;;;;;;;;;;;;;;;;;;;;;;;;;;;;;;;;;;;;;;;;;;;;;;;;;;
-6.500;;;;;;;;;;;;;;;;;;;;;;;;;;;;;;;;;;;;;;;;;;;;;;;;;;;;;;;;;;;;;;;;;;;;;;;;;;;;;;;;;;;;;;;;;;;;;;;;;;;;;;;;;;;;;;;;;;;;;;;;;;;;;;;;;;;;;;;;;;;;;;
-6.600;;;;;;;;;;;;;;;;;;;;;;;;;;;;;;;;;;;;;;;;;;;;;;;;;;;;;;;;;;;;;;;;;;;;;;;;;;;;;;;;;;;;;;;;;;;;;;;;;;;;;;;;;;;;;;;;;;;;;;;;;;;;;;;;;;;;;;;;;;;;;;
-6.700;;;;;;;;;;;;;;;;;;;;;;;;;;;;;;;;;;;;;;;;;;;;;;;;;;;;;;;;;;;;;;;;;;;;;;;;;;;;;;;;;;;;;;;;;;;;;;;;;;;;;;;;;;;;;;;;;;;;;;;;;;;;;;;;;;;;;;;;;;;;;;
-6.800;;;;;;;;;;;;;;;;;;;;;;;;;;;;;;;;;;;;;;;;;;;;;;;;;;;;;;;;;;;;;;;;;;;;;;;;;;;;;;;;;;;;;;;;;;;;;;;;;;;;;;;;;;;;;;;;;;;;;;;;;;;;;;;;;;;;;;;;;;;;;;
-6.900;;;;;;;;;;;;;;;;;;;;;;;;;;;;;;;;;;;;;;;;;;;;;;;;;;;;;;;;;;;;;;;;;;;;;;;;;;;;;;;;;;;;;;;;;;;;;;;;;;;;;;;;;;;;;;;;;;;;;;;;;;;;;;;;;;;;;;;;;;;;;;
-7.000;;;;;;;;;;;;;;;;;;;;;;;;;;;;;;;;;;;;;;;;;;;;;;;;;;;;;;;;;;;;;;;;;;;;;;;;;;;;;;;;;;;;;;;;;;;;;;;;;;;;;;;;;;;;;;;;;;;;;;;;;;;;;;;;;;;;;;;;;;;;;;
[ELEVATION DATA];;
Radius BFS Front 8mm zone;7.82;
Radius BFS Back 8mm zone;5.94;

[SYSTEM];;
Name;Pentacam;
Version;1.25r15;
SerialNo;0035  0250;
Registered User;...;
File Date;08-03-2024;
Matrixsize X;141;
Matrixsize Y;141;
Matrix-Res. X/Y;100;

[PATIENT];;
LastName;01 Demo AXL;
FirstName;Long Eye;
Eye;OS;
DateOfBirth;30-04-1953;
Sex;...;
PatientID;high asti;

[EXAMINATION];;
Date;08-03-2024;
Time;09:12:26;
Surgeon;...;
OP;...;
TestNo;...;
Comments;...;
Max. Diameter;12.43;

[GENERAL DATA];;
Cornea Front Rh;7.49;
Cornea Front Rv;7.83;
Cornea Front Axis;53.2;
Cornea Front Astig;1.9;
Cornea Front Exz;-0.61;Q-val. (8mm);
Pachy Apex;695;
Pachy Min;553;
Pachy Min X;1.80;
Pachy Min Y;-1.66;
Chamber Height;2.55;
Chamber Angle;22.29;
KKS;# -;
QS Status;Data Gaps !;
QS Error;2;
K Max (Front);48.81;
K Max X (Front);3.38;
K Max Y (Front);-0.35;

[PUPIL];
Pupil Dia;2.31;
XPupil;68;
YPupil;-172;

X;Y;
1154;0;
1150;28;
1146;56;
1142;84;
1136;112;
1130;139;
1124;167;
1117;194;
1109;221;
1101;247;
1092;273;
1082;300;
1073;325;
1062;351;
1051;376;
1040;401;
1028;426;
1016;450;
1003;474;
990;498;
976;522;
961;545;
947;567;
932;590;
916;612;
900;634;
883;655;
866;676;
849;697;
831;717;
813;737;
794;756;
775;775;
755;793;
735;811;
715;828;
694;845;
673;862;
651;878;
629;893;
606;908;
584;922;
561;935;
537;948;
513;960;
489;972;
465;983;
440;993;
415;1003;
390;1012;
365;1020;
339;1027;
314;1034;
288;1040;
262;1045;
236;1050;
210;1054;
183;1057;
157;1059;
131;1061;
105;1061;
78;1061;
52;1061;
26;1059;
0;1057;
-26;1054;
-52;1050;
-77;1046;
-103;1041;
-128;1035;
-153;1029;
-177;1022;
-202;1014;
-226;1006;
-250;997;
-273;987;
-296;977;
-319;966;
-342;955;
-364;943;
-386;931;
-407;918;
-428;905;
-449;892;
-469;877;
-489;863;
-508;848;
-527;833;
-546;817;
-564;801;
-582;785;
-599;768;
-617;751;
-633;734;
-650;717;
-666;699;
-681;681;
-696;663;
-712;645;
-726;626;
-740;607;
-754;588;
-767;569;
-781;550;
-794;530;
-806;511;
-818;491;
-830;470;
-842;450;
-854;430;
-865;409;
-876;388;
-886;367;
-896;346;
-907;324;
-916;303;
-925;281;
-934;258;
-943;236;
-951;214;
-959;191;
-967;168;
-974;144;
-980;121;
-987;97;
-993;73;
-998;49;
-1003;25;
-1007;0;
-1012;-25;
-1015;-50;
-1018;-75;
-1021;-101;
-1023;-126;
-1024;-152;
-1026;-178;
-1027;-204;
-1027;-231;
-1026;-257;
-1025;-284;
-1024;-311;
-1023;-338;
-1020;-365;
-1017;-392;
-1013;-420;
-1010;-448;
-1005;-475;
-1000;-503;
-994;-531;
-987;-559;
-980;-587;
-972;-616;
-964;-644;
-954;-672;
-944;-700;
-933;-728;
-921;-756;
-909;-784;
-896;-812;
-882;-839;
-867;-867;
-851;-894;
-834;-921;
-817;-947;
-799;-973;
-780;-999;
-760;-1024;
-739;-1049;
-717;-1073;
-695;-1097;
-671;-1120;
-647;-1143;
-622;-1164;
-596;-1185;
-570;-1205;
-543;-1225;
-515;-1244;
-486;-1261;
-457;-1277;
-427;-1293;
-397;-1308;
-366;-1323;
-334;-1335;
-302;-1347;
-270;-1357;
-237;-1367;
-204;-1376;
-171;-1383;
-137;-1389;
-103;-1394;
-69;-1397;
-34;-1400;
0;-1403;
34;-1402;
69;-1401;
103;-1398;
137;-1395;
172;-1391;
206;-1386;
239;-1378;
273;-1370;
306;-1361;
339;-1352;
371;-1341;
403;-1328;
434;-1314;
465;-1300;
496;-1285;
526;-1269;
555;-1252;
584;-1234;
612;-1215;
639;-1196;
666;-1175;
692;-1154;
717;-1132;
742;-1110;
766;-1087;
789;-1064;
811;-1040;
833;-1015;
854;-990;
874;-964;
893;-938;
912;-912;
930;-886;
947;-859;
964;-831;
979;-804;
994;-776;
1009;-748;
1023;-720;
1036;-692;
1048;-663;
1059;-635;
1070;-606;
1081;-578;
1090;-549;
1099;-520;
1107;-491;
1115;-462;
1122;-433;
1129;-404;
1135;-375;
1140;-346;
1145;-317;
1149;-288;
1152;-259;
1155;-230;
1157;-201;
1159;-172;
1160;-143;
1160;-114;
1159;-86;
1158;-57;
1156;-28;
[CORNEA EDGE];;
Cornea Center Pos X (related to apex, [mm]);0.40;
Cornea Center Pos Y (related to apex, [mm]);-0.34;
Iris Image existing in Examination;1;
Iris Image Apex Pixel Position X;371.61;
Iris Image Apex Pixel Position Y;243.86;
Iris Image mm per Pixel;0.0210;
Left Cornea-Edge X (related to Apex, [µm]);Left Cornea-Edge Y (related to Apex, [µm]);
-5100;1257;
-5146;1076;
-5188;893;
-5224;710;
-5254;526;
-5279;341;
-5299;156;
-5312;-29;
-5321;-215;
-5323;-402;
-5319;-588;
-5310;-773;
-5295;-959;
-5275;-1144;
-5249;-1329;
-5217;-1513;
-5180;-1696;
-5138;-1878;
-5090;-2059;
-5037;-2239;
-4979;-2418;
-4917;-2596;
-4849;-2773;
-4777;-2949;
;;
;;
;;
;;
;;
;;
;;
;;
;;
;;
;;
;;
;;
;;
;;
;;
Right Cornea-Edge X (related to Apex, [µm]);Right Cornea-Edge Y (related to Apex, [µm]);
5301;-3342;
5399;-3154;
5492;-2964;
5580;-2771;
5662;-2576;
5738;-2379;
5809;-2179;
5873;-1977;
5930;-1772;
5980;-1566;
6023;-1357;
6058;-1148;
6086;-936;
6106;-724;
6119;-511;
6123;-298;
6119;-84;
6107;129;
6087;342;
6059;553;
6023;764;
5980;973;
5929;1181;
5872;1387;
;;
;;
;;
;;
;;
;;
;;
;;
;;
;;
;;
;;
;;
;;
;;
;;
[GENERAL DATA 2];;
Chamber Angle @ 180°;22.3;
Chamber Angle @ 0°;39.5;
Chamber Volume [mm³];148;
AXL Axial Length [mm];;
AXL SNR;;
HWTW;11.4;
