FRONT;-7.000;-6.900;-6.800;-6.700;-6.600;-6.500;-6.400;-6.300;-6.200;-6.100;-6.000;-5.900;-5.800;-5.700;-5.600;-5.500;-5.400;-5.300;-5.200;-5.100;-5.000;-4.900;-4.800;-4.700;-4.600;-4.500;-4.400;-4.300;-4.200;-4.100;-4.000;-3.900;-3.800;-3.700;-3.600;-3.500;-3.400;-3.300;-3.200;-3.100;-3.000;-2.900;-2.800;-2.700;-2.600;-2.500;-2.400;-2.300;-2.200;-2.100;-2.000;-1.900;-1.800;-1.700;-1.600;-1.500;-1.400;-1.300;-1.200;-1.100;-1.000;-0.900;-0.800;-0.700;-0.600;-0.500;-0.400;-0.300;-0.200;-0.100;0.000;0.100;0.200;0.300;0.400;0.500;0.600;0.700;0.800;0.900;1.000;1.100;1.200;1.300;1.400;1.500;1.600;1.700;1.800;1.900;2.000;2.100;2.200;2.300;2.400;2.500;2.600;2.700;2.800;2.900;3.000;3.100;3.200;3.300;3.400;3.500;3.600;3.700;3.800;3.900;4.000;4.100;4.200;4.300;4.400;4.500;4.600;4.700;4.800;4.900;5.000;5.100;5.200;5.300;5.400;5.500;5.600;5.700;5.800;5.900;6.000;6.100;6.200;6.300;6.400;6.500;6.600;6.700;6.800;6.900;7.000;
7.000;;;;;;;;;;;;;;;;;;;;;;;;;;;;;;;;;;;;;;;;;;;;;;;;;;;;;;;;;;;;;;;;;;;;;;;;;;;;;;;;;;;;;;;;;;;;;;;;;;;;;;;;;;;;;;;;;;;;;;;;;;;;;;;;;;;;;;;;;;;;;;
6.900;;;;;;;;;;;;;;;;;;;;;;;;;;;;;;;;;;;;;;;;;;;;;;;;;;;;;;;;;;;;;;;;;;;;;;;;;;;;;;;;;;;;;;;;;;;;;;;;;;;;;;;;;;;;;;;;;;;;;;;;;;;;;;;;;;;;;;;;;;;;;;
6.800;;;;;;;;;;;;;;;;;;;;;;;;;;;;;;;;;;;;;;;;;;;;;;;;;;;;;;;;;;;;;;;;;;;;;;;;;;;;;;;;;;;;;;;;;;;;;;;;;;;;;;;;;;;;;;;;;;;;;;;;;;;;;;;;;;;;;;;;;;;;;;
6.700;;;;;;;;;;;;;;;;;;;;;;;;;;;;;;;;;;;;;;;;;;;;;;;;;;;;;;;;;;;;;;;;;;;;;;;;;;;;;;;;;;;;;;;;;;;;;;;;;;;;;;;;;;;;;;;;;;;;;;;;;;;;;;;;;;;;;;;;;;;;;;
6.600;;;;;;;;;;;;;;;;;;;;;;;;;;;;;;;;;;;;;;;;;;;;;;;;;;;;;;;;;;;;;;;;;;;;;;;;;;;;;;;;;;;;;;;;;;;;;;;;;;;;;;;;;;;;;;;;;;;;;;;;;;;;;;;;;;;;;;;;;;;;;;
6.500;;;;;;;;;;;;;;;;;;;;;;;;;;;;;;;;;;;;;;;;;;;;;;;;;;;;;;;;;;;;;;;;;;;;;;;;;;;;;;;;;;;;;;;;;;;;;;;;;;;;;;;;;;;;;;;;;;;;;;;;;;;;;;;;;;;;;;;;;;;;;;
6.400;;;;;;;;;;;;;;;;;;;;;;;;;;;;;;;;;;;;;;;;;;;;;;;;;;;;;;;;;;;;;;;;;;;;;;;;;;;;;;;;;;;;;;;;;;;;;;;;;;;;;;;;;;;;;;;;;;;;;;;;;;;;;;;;;;;;;;;;;;;;;;
6.300;;;;;;;;;;;;;;;;;;;;;;;;;;;;;;;;;;;;;;;;;;;;;;;;;;;;;;;;;;;;;;;;;;;;;;;;;;;;;;;;;;;;;;;;;;;;;;;;;;;;;;;;;;;;;;;;;;;;;;;;;;;;;;;;;;;;;;;;;;;;;;
6.200;;;;;;;;;;;;;;;;;;;;;;;;;;;;;;;;;;;;;;;;;;;;;;;;;;;;;;;;;;;;;;;;;;;;;;;;;;;;;;;;;;;;;;;;;;;;;;;;;;;;;;;;;;;;;;;;;;;;;;;;;;;;;;;;;;;;;;;;;;;;;;
6.100;;;;;;;;;;;;;;;;;;;;;;;;;;;;;;;;;;;;;;;;;;;;;;;;;;;;;;;;;;;;;;;;;;;;;;;;;;;;;;;;;;;;;;;;;;;;;;;;;;;;;;;;;;;;;;;;;;;;;;;;;;;;;;;;;;;;;;;;;;;;;;
6.000;;;;;;;;;;;;;;;;;;;;;;;;;;;;;;;;;;;;;;;;;;;;;;;;;;;;;;;;;;;;;;;;;;;;;;;;;;;;;;;;;;;;;;;;;;;;;;;;;;;;;;;;;;;;;;;;;;;;;;;;;;;;;;;;;;;;;;;;;;;;;;
5.900;;;;;;;;;;;;;;;;;;;;;;;;;;;;;;;;;;;;;;;;;;;;;;;;;;;;;;;;;;;;;;;;;;;;;;;;;;;;;;;;;;;;;;;;;;;;;;;;;;;;;;;;;;;;;;;;;;;;;;;;;;;;;;;;;;;;;;;;;;;;;;
5.800;;;;;;;;;;;;;;;;;;;;;;;;;;;;;;;;;;;;;;;;;;;;;;;;;;;;;;;;;;;;;;;;;;;;;;;;;;;;;;;;;;;;;;;;;;;;;;;;;;;;;;;;;;;;;;;;;;;;;;;;;;;;;;;;;;;;;;;;;;;;;;
5.700;;;;;;;;;;;;;;;;;;;;;;;;;;;;;;;;;;;;;;;;;;;;;;;;;;;;;;;;;;;;;;;;;;;;;;;;;;;;;;;;;;;;;;;;;;;;;;;;;;;;;;;;;;;;;;;;;;;;;;;;;;;;;;;;;;;;;;;;;;;;;;
5.600;;;;;;;;;;;;;;;;;;;;;;;;;;;;;;;;;;;;;;;;;;;;;;;;;;;;;;;;;;;;;;;;;;;;;;;;;;;;;;;;;;;;;;;;;;;;;;;;;;;;;;;;;;;;;;;;;;;;;;;;;;;;;;;;;;;;;;;;;;;;;;
5.500;;;;;;;;;;;;;;;;;;;;;;;;;;;;;;;;;;;;;;;;;;;;;;;;;;;;;;;;;;;;;;;;;;;;;;;;;;;;;;;;;;;;;;;;;;;;;;;;;;;;;;;;;;;;;;;;;;;;;;;;;;;;;;;;;;;;;;;;;;;;;;
5.400;;;;;;;;;;;;;;;;;;;;;;;;;;;;;;;;;;;;;;;;;;;;;;;;;;;;;;;;;;;;;;;;;;;;;;;;;;;;;;;;;;;;;;;;;;;;;;;;;;;;;;;;;;;;;;;;;;;;;;;;;;;;;;;;;;;;;;;;;;;;;;
5.300;;;;;;;;;;;;;;;;;;;;;;;;;;;;;;;;;;;;;;;;;;;;;;;;;;;;;;;;;;;;;;;;;;;;;;;;;;;;;;;;;;;;;;;;;;;;;;;;;;;;;;;;;;;;;;;;;;;;;;;;;;;;;;;;;;;;;;;;;;;;;;
5.200;;;;;;;;;;;;;;;;;;;;;;;;;;;;;;;;;;;;;;;;;;;;;;;;;;;;;;;;;;;;;;;;;;;;;;;;;;;;;;;;;;;;;;;;;;;;;;;;;;;;;;;;;;;;;;;;;;;;;;;;;;;;;;;;;;;;;;;;;;;;;;
5.100;;;;;;;;;;;;;;;;;;;;;;;;;;;;;;;;;;;;;;;;;;;;;;;;;;;;;;;;;;;;;;;;;;;;;;;;;;;;;;;;;;;;;;;;;;;;;;;;;;;;;;;;;;;;;;;;;;;;;;;;;;;;;;;;;;;;;;;;;;;;;;
5.000;;;;;;;;;;;;;;;;;;;;;;;;;;;;;;;;;;;;;;;;;;;;;;;;;;;;;;;;;;;;;;;;;;;;;;;;;;;;;;;;;;;;;;;;;;;;;;;;;;;;;;;;;;;;;;;;;;;;;;;;;;;;;;;;;;;;;;;;;;;;;;
4.900;;;;;;;;;;;;;;;;;;;;;;;;;;;;;;;;;;;;;;;;;;;;;;;;;;;;;;;;;;;;;;;;;;;;;;;;;;;;;;;;;;;;;;;;;;;;;;;;;;;;;;;;;;;;;;;;;;;;;;;;;;;;;;;;;;;;;;;;;;;;;;
4.800;;;;;;;;;;;;;;;;;;;;;;;;;;;;;;;;;;;;;;;;;;;;;;;;;;;;;;;;;;;;;;;;;;;;;;;;;;;;;;;;;;;;;;;;;;;;;;;;;;;;;;;;;;;;;;;;;;;;;;;;;;;;;;;;;;;;;;;;;;;;;;
4.700;;;;;;;;;;;;;;;;;;;;;;;;;;;;;;;;;;;;;;;;;;;;;;;;;;;;;;;;;;;;;;;;;;;;;;;;;;;;;;;;;;;;;;;;;;;;;;;;;;;;;;;;;;;;;;;;;;;;;;;;;;;;;;;;;;;;;;;;;;;;;;
4.600;;;;;;;;;;;;;;;;;;;;;;;;;;;;;;;;;;;;;;;;;;;;;;;;;;;;;;;;;;;;;;;;;;;;;;;;;;;;;;;;;;;;;;;;;;;;;;;;;;;;;;;;;;;;;;;;;;;;;;;;;;;;;;;;;;;;;;;;;;;;;;
4.500;;;;;;;;;;;;;;;;;;;;;;;;;;;;;;;;;;;;;;;;;;;;;;;;;;;;;;;;;;;;;;;;;;;;;;;;;;;;;;;;;;;;;;;;;;;;;;;;;;;;;;;;;;;;;;;;;;;;;;;;;;;;;;;;;;;;;;;;;;;;;;
4.400;;;;;;;;;;;;;;;;;;;;;;;;;;;;;;;;;;;;;;;;;;;;;;;;;;;;;;;;;;;;;;;;;;;;;;;;;;;;;;;;;;;;;;;;;;;;;;;;;;;;;;;;;;;;;;;;;;;;;;;;;;;;;;;;;;;;;;;;;;;;;;
4.300;;;;;;;;;;;;;;;;;;;;;;;;;;;;;;;;;;;;;;;;;;;;;;;;;;;;;;;;;;;;;;;;;;;;1332;1330;1329;1329;1331;1334;1338;1344;1352;1361;1371;1383;1397;1412;1428;1446;1466;1487;1510;1535;1561;1588;1618;;;;;;;;;;;;;;;;;;;;;;;;;;;;;;;;;;;;;;;;;;;;;;;;;;;;
4.200;;;;;;;;;;;;;;;;;;;;;;;;;;;;;;;;;;;;;;;;;;;;;;;;;;;;;;;;;;;;;;;1303;1293;1285;1279;1273;1270;1267;1266;1266;1268;1271;1276;1282;1289;1298;1308;1320;1334;1349;1365;1383;1403;1424;1447;1471;1497;1525;1554;1585;1617;1651;1687;;;;;;;;;;;;;;;;;;;;;;;;;;;;;;;;;;;;;;;;;;;;;;;;
4.100;;;;;;;;;;;;;;;;;;;;;;;;;;;;;;;;;;;;;;;;;;;;;;;;;;;;;;;;;;;1294;1279;1265;1253;1242;1233;1225;1218;1212;1209;1206;1205;1205;1207;1210;1214;1220;1228;1237;1247;1259;1272;1287;1304;1322;1341;1362;1385;1409;1435;1462;1492;1522;1555;1588;1624;1661;1700;1740;1782;;;;;;;;;;;;;;;;;;;;;;;;;;;;;;;;;;;;;;;;;;;;
4.000;;;;;;;;;;;;;;;;;;;;;;;;;;;;;;;;;;;;;;;;;;;;;;;;;;;;;;;1310;1289;1269;1252;1235;1220;1206;1194;1183;1173;1165;1158;1153;1149;1146;1145;1146;1147;1150;1155;1161;1168;1177;1187;1199;1212;1227;1243;1261;1281;1302;1324;1349;1374;1402;1431;1461;1493;1527;1563;1600;1638;1678;1720;1764;1808;;;;;;;;;;;;;;;;;;;;;;;;;;;;;;;;;;;;;;;;;;
3.900;;;;;;;;;;;;;;;;;;;;;;;;;;;;;;;;;;;;;;;;;;;;;;;;;;;;1324;1299;1275;1252;1231;1212;1194;1177;1162;1149;1136;1125;1116;1107;1101;1095;1091;1089;1087;1087;1089;1092;1097;1102;1110;1119;1129;1141;1154;1169;1185;1203;1222;1243;1265;1289;1315;1342;1371;1402;1434;1467;1503;1539;1578;1618;1660;1703;1748;1794;1842;1892;;;;;;;;;;;;;;;;;;;;;;;;;;;;;;;;;;;;;;;
3.800;;;;;;;;;;;;;;;;;;;;;;;;;;;;;;;;;;;;;;;;;;;;;;;;;;1323;1295;1268;1243;1219;1196;1176;1156;1138;1121;1106;1092;1080;1069;1059;1051;1044;1039;1035;1032;1031;1031;1033;1036;1040;1046;1053;1062;1072;1084;1097;1112;1128;1145;1165;1186;1208;1232;1257;1284;1313;1343;1375;1409;1444;1481;1519;1559;1601;1644;1688;1735;1783;1832;1883;1936;;;;;;;;;;;;;;;;;;;;;;;;;;;;;;;;;;;;;
3.700;;;;;;;;;;;;;;;;;;;;;;;;;;;;;;;;;;;;;;;;;;;;;;;;1330;1298;1269;1240;1213;1188;1164;1142;1121;1102;1084;1067;1052;1038;1025;1014;1005;996;990;984;980;977;976;976;978;980;985;991;998;1006;1017;1028;1041;1056;1072;1090;1109;1130;1152;1176;1201;1228;1257;1287;1319;1352;1387;1424;1462;1502;1543;1586;1631;1677;1725;1774;1825;1877;1931;1987;;;;;;;;;;;;;;;;;;;;;;;;;;;;;;;;;;;
3.600;;;;;;;;;;;;;;;;;;;;;;;;;;;;;;;;;;;;;;;;;;;;;;1344;1309;1277;1245;1216;1187;1161;1135;1111;1089;1068;1049;1031;1014;999;985;972;961;952;943;936;931;927;924;923;923;924;927;931;937;944;953;963;974;987;1002;1018;1036;1055;1075;1097;1121;1146;1173;1202;1232;1263;1297;1331;1368;1406;1445;1487;1530;1574;1620;1668;1717;1768;1821;1875;1930;1987;;;;;;;;;;;;;;;;;;;;;;;;;;;;;;;;;;
3.500;;;;;;;;;;;;;;;;;;;;;;;;;;;;;;;;;;;;;;;;;;;;1365;1328;1292;1258;1225;1194;1164;1136;1109;1084;1060;1038;1017;997;979;962;947;933;921;910;900;892;885;879;875;872;871;871;872;875;879;885;892;901;911;922;935;949;965;983;1002;1022;1044;1068;1093;1120;1148;1178;1210;1243;1277;1314;1351;1391;1432;1475;1519;1565;1613;1662;1713;1765;1819;1875;1932;1990;2051;;;;;;;;;;;;;;;;;;;;;;;;;;;;;;;;
3.400;;;;;;;;;;;;;;;;;;;;;;;;;;;;;;;;;;;;;;;;;;1394;1354;1315;1278;1242;1208;1175;1144;1114;1086;1059;1034;1010;988;967;947;929;912;897;883;871;860;850;841;834;829;825;822;820;820;822;824;829;834;841;850;860;871;884;898;914;932;951;971;993;1016;1042;1068;1096;1126;1157;1190;1225;1261;1299;1338;1379;1421;1466;1511;1559;1608;1659;1711;1765;1820;1877;1936;1997;2059;;;;;;;;;;;;;;;;;;;;;;;;;;;;;;;
3.300;;;;;;;;;;;;;;;;;;;;;;;;;;;;;;;;;;;;;;;;;1387;1345;1305;1266;1229;1193;1159;1126;1095;1066;1037;1011;985;962;939;918;899;881;864;849;835;822;811;801;793;786;780;776;773;771;771;773;775;780;785;792;801;811;822;835;849;865;882;901;921;943;966;991;1018;1046;1075;1107;1139;1174;1210;1247;1286;1327;1370;1414;1459;1507;1555;1606;1658;1712;1768;1825;1883;1944;2006;2069;2135;;;;;;;;;;;;;;;;;;;;;;;;;;;;;
3.200;;;;;;;;;;;;;;;;;;;;;;;;;;;;;;;;;;;;;;;1428;1383;1339;1297;1257;1218;1181;1146;1112;1079;1048;1018;990;964;938;915;892;871;852;834;817;802;788;775;764;754;746;739;733;729;726;724;724;725;728;732;738;745;753;763;774;787;801;817;834;853;873;895;918;943;969;997;1027;1058;1090;1124;1160;1197;1236;1277;1319;1363;1409;1456;1505;1555;1607;1661;1716;1773;1832;1892;1954;2018;2083;2150;;;;;;;;;;;;;;;;;;;;;;;;;;;;
3.100;;;;;;;;;;;;;;;;;;;;;;;;;;;;;;;;;;;;;;1428;1381;1336;1293;1251;1211;1172;1135;1100;1066;1033;1002;973;945;918;893;869;847;826;806;788;771;756;742;729;718;708;700;693;687;683;680;678;678;680;682;686;692;699;707;717;728;741;755;771;788;806;826;848;871;896;922;950;979;1010;1042;1076;1112;1149;1188;1229;1271;1314;1360;1407;1455;1506;1557;1611;1666;1723;1782;1842;1904;1968;2034;2101;2170;;;;;;;;;;;;;;;;;;;;;;;;;;;
3.000;;;;;;;;;;;;;;;;;;;;;;;;;;;;;;;;;;;;;1430;1382;1336;1291;1248;1206;1166;1128;1091;1056;1022;989;958;929;901;874;849;825;803;782;762;744;727;712;698;685;674;664;656;649;643;639;636;634;634;635;638;642;647;654;663;672;683;696;710;726;743;761;781;803;826;850;876;904;933;964;996;1030;1066;1103;1141;1182;1223;1267;1312;1359;1407;1458;1509;1563;1618;1675;1734;1794;1856;1920;1985;2052;2121;2192;;;;;;;;;;;;;;;;;;;;;;;;;;
2.900;;;;;;;;;;;;;;;;;;;;;;;;;;;;;;;;;;;;1436;1387;1339;1292;1248;1205;1163;1123;1085;1048;1013;979;946;915;886;858;831;806;782;760;739;720;702;685;669;655;643;632;622;613;606;600;596;593;592;591;593;595;599;605;611;620;629;640;653;667;682;699;718;738;759;782;806;832;860;889;919;952;985;1021;1057;1096;1136;1178;1221;1266;1313;1361;1411;1463;1516;1571;1628;1687;1747;1809;1873;1938;2005;2074;2145;2218;;;;;;;;;;;;;;;;;;;;;;;;;
2.800;;;;;;;;;;;;;;;;;;;;;;;;;;;;;;;;;;;1444;1393;1344;1296;1250;1206;1163;1122;1082;1043;1007;971;937;905;874;845;817;790;765;741;719;698;679;661;644;628;614;602;591;581;572;565;559;555;552;550;550;551;554;558;563;570;578;588;599;611;625;641;658;676;696;717;740;764;790;817;846;876;908;942;977;1014;1052;1092;1134;1177;1222;1268;1316;1366;1418;1471;1526;1583;1641;1701;1763;1827;1892;1960;2029;2100;2172;2247;;;;;;;;;;;;;;;;;;;;;;;;
2.700;;;;;;;;;;;;;;;;;;;;;;;;;;;;;;;;;;1456;1403;1352;1303;1256;1210;1165;1123;1081;1042;1003;967;931;898;865;834;805;777;751;726;702;680;659;639;621;604;589;575;562;551;541;533;526;520;515;512;511;511;512;514;518;524;530;538;548;559;571;585;601;617;635;655;676;699;723;749;776;805;835;867;900;935;972;1010;1050;1091;1134;1179;1225;1273;1323;1374;1428;1482;1539;1597;1657;1719;1783;1848;1916;1985;2055;2128;2203;2279;;;;;;;;;;;;;;;;;;;;;;;
2.600;;;;;;;;;;;;;;;;;;;;;;;;;;;;;;;;;1470;1416;1364;1313;1264;1217;1171;1126;1084;1043;1003;965;928;893;859;827;796;767;739;712;687;664;641;621;601;583;566;551;537;524;513;503;495;488;482;477;474;473;473;474;476;480;485;492;500;510;521;533;547;562;579;597;616;637;660;684;709;736;765;795;827;860;895;931;969;1009;1050;1093;1138;1184;1232;1281;1333;1386;1440;1497;1555;1615;1677;1740;1806;1873;1942;2013;2086;2160;2237;2315;;;;;;;;;;;;;;;;;;;;;;
2.500;;;;;;;;;;;;;;;;;;;;;;;;;;;;;;;;1487;1432;1378;1326;1275;1226;1179;1133;1089;1046;1005;966;928;891;856;822;790;759;730;702;676;651;627;605;584;564;546;530;514;500;488;477;467;458;451;445;441;438;436;436;437;440;444;449;455;463;473;484;496;510;525;541;559;579;600;622;646;672;699;727;757;788;822;856;893;930;970;1011;1054;1098;1144;1192;1241;1293;1345;1400;1456;1514;1574;1636;1699;1765;1832;1901;1972;2044;2119;2196;2274;2354;;;;;;;;;;;;;;;;;;;;;
2.400;;;;;;;;;;;;;;;;;;;;;;;;;;;;;;;1507;1450;1395;1341;1289;1239;1190;1143;1097;1053;1011;970;930;892;856;821;787;755;724;695;667;641;616;592;570;549;529;511;495;479;465;453;442;432;423;416;411;406;403;401;401;402;405;409;414;420;428;438;449;461;474;489;506;524;543;564;586;610;635;662;690;720;752;785;819;855;893;932;973;1016;1060;1106;1154;1203;1254;1307;1361;1417;1475;1535;1597;1660;1725;1792;1861;1932;2005;2079;2156;2234;2315;;;;;;;;;;;;;;;;;;;;;
2.300;;;;;;;;;;;;;;;;;;;;;;;;;;;;;;1530;1472;1415;1360;1306;1254;1204;1155;1108;1063;1019;976;935;896;858;822;787;753;721;690;661;633;607;582;558;536;515;496;478;461;446;432;419;408;398;390;383;377;373;370;368;368;369;371;375;380;387;395;404;415;427;440;455;472;490;509;530;552;576;601;627;656;685;716;749;784;820;857;896;937;979;1024;1069;1117;1166;1217;1270;1324;1380;1438;1498;1559;1622;1687;1754;1823;1894;1967;2041;2118;2196;2277;2359;;;;;;;;;;;;;;;;;;;;
2.200;;;;;;;;;;;;;;;;;;;;;;;;;;;;;1557;1496;1438;1381;1326;1273;1221;1171;1122;1075;1030;986;944;903;863;826;789;754;721;689;658;629;601;575;550;526;504;483;464;446;429;414;400;388;376;367;358;351;345;341;338;336;336;337;339;343;348;355;363;372;383;395;408;423;439;457;476;497;519;543;568;594;622;652;683;716;750;786;823;862;903;945;989;1034;1082;1131;1181;1234;1288;1344;1402;1462;1523;1586;1651;1718;1787;1857;1930;2005;2081;2160;2240;2322;2407;;;;;;;;;;;;;;;;;;;
2.100;;;;;;;;;;;;;;;;;;;;;;;;;;;;;1524;1464;1406;1349;1294;1241;1189;1139;1091;1044;998;955;912;872;832;794;758;723;690;658;627;598;570;544;519;495;473;453;433;415;399;383;370;357;346;336;328;321;315;310;307;306;305;306;309;313;318;324;332;341;352;364;377;392;408;426;445;466;488;511;536;563;590;620;651;683;717;753;790;829;870;912;955;1001;1048;1097;1148;1200;1254;1310;1368;1427;1488;1552;1616;1683;1752;1823;1895;1970;2046;2124;2205;2287;2372;;;;;;;;;;;;;;;;;;;
2.000;;;;;;;;;;;;;;;;;;;;;;;;;;;;1555;1494;1434;1375;1319;1264;1211;1159;1109;1061;1014;969;925;883;842;803;765;729;694;660;628;598;569;541;515;490;466;444;424;404;386;370;354;341;328;317;307;299;292;286;282;279;277;276;278;280;284;289;295;303;312;323;335;348;363;379;397;416;436;458;481;506;533;560;590;620;653;687;722;759;798;838;880;924;969;1016;1065;1115;1168;1222;1278;1335;1394;1456;1519;1583;1650;1719;1789;1862;1936;2012;2091;2171;2253;2338;2424;;;;;;;;;;;;;;;;;;
1.900;;;;;;;;;;;;;;;;;;;;;;;;;;;1589;1526;1464;1405;1346;1290;1235;1182;1130;1081;1032;985;940;897;854;814;775;737;700;666;632;600;570;541;513;487;462;439;417;396;377;359;342;327;313;301;290;280;271;264;259;254;251;249;249;250;252;256;261;268;275;285;295;307;320;335;351;369;388;408;430;453;478;504;532;561;592;624;658;693;730;768;809;850;894;939;986;1034;1085;1137;1191;1247;1304;1363;1424;1487;1552;1619;1687;1757;1830;1904;1980;2059;2139;2221;2306;2392;;;;;;;;;;;;;;;;;;
1.800;;;;;;;;;;;;;;;;;;;;;;;;;;;1561;1498;1437;1377;1319;1263;1208;1155;1103;1054;1005;959;913;870;828;787;748;710;674;639;606;574;543;514;487;461;436;412;390;370;351;333;316;301;287;275;264;254;245;238;233;228;225;224;223;224;227;230;235;242;249;259;269;281;294;309;325;342;361;382;403;426;451;477;505;534;564;596;630;665;702;740;780;822;865;910;957;1006;1056;1108;1161;1217;1274;1334;1395;1457;1522;1589;1657;1727;1800;1874;1950;2028;2108;2191;2275;2361;2449;;;;;;;;;;;;;;;;;
1.700;;;;;;;;;;;;;;;;;;;;;;;;;;1600;1535;1472;1411;1351;1293;1237;1182;1129;1078;1028;980;933;888;845;802;762;723;685;649;614;581;549;518;489;462;436;411;388;366;345;326;308;292;276;263;250;239;229;221;214;208;204;201;199;199;200;202;206;211;217;225;234;244;256;270;284;300;317;336;356;378;401;426;452;479;508;538;570;604;639;676;714;754;795;838;883;930;978;1028;1080;1134;1189;1247;1306;1367;1429;1494;1560;1629;1699;1771;1845;1921;1999;2079;2161;2246;2332;2420;2510;;;;;;;;;;;;;;;;
1.600;;;;;;;;;;;;;;;;;;;;;;;;;;1576;1511;1448;1386;1327;1269;1213;1158;1105;1054;1004;956;909;864;821;779;738;699;661;625;590;557;525;495;466;439;412;388;364;342;322;303;285;268;253;240;227;216;206;198;191;185;181;178;176;176;177;179;183;188;194;202;211;221;233;246;261;277;294;313;333;354;377;402;428;455;484;514;546;579;614;651;689;729;770;813;858;904;953;1002;1054;1108;1163;1220;1279;1340;1403;1467;1534;1602;1672;1744;1818;1894;1972;2052;2134;2218;2304;2392;2482;;;;;;;;;;;;;;;;
1.500;;;;;;;;;;;;;;;;;;;;;;;;;1619;1553;1488;1425;1364;1304;1246;1190;1136;1083;1031;982;934;887;842;798;756;716;677;639;603;568;535;503;473;444;417;391;366;343;321;300;281;263;247;232;218;206;195;185;177;169;164;159;156;155;154;155;158;161;166;173;180;189;200;211;224;239;255;272;291;311;332;355;380;405;433;461;492;523;557;591;628;666;705;747;789;834;880;928;978;1030;1083;1138;1195;1254;1315;1378;1442;1508;1576;1647;1718;1792;1868;1946;2026;2108;2192;2278;2366;2456;;;;;;;;;;;;;;;;
1.400;;;;;;;;;;;;;;;;;;;;;;;;;1597;1531;1466;1404;1342;1283;1225;1169;1115;1062;1011;961;913;866;821;778;736;695;656;618;582;548;515;483;453;424;396;370;346;322;300;280;261;243;227;212;198;186;175;165;156;149;144;139;136;135;134;135;137;141;146;152;160;169;179;191;204;219;234;252;270;290;312;334;359;384;412;440;470;502;535;570;606;644;683;725;767;812;858;906;955;1007;1060;1115;1172;1231;1291;1354;1418;1485;1553;1623;1695;1768;1844;1922;2002;2084;2167;2253;2341;2431;2523;;;;;;;;;;;;;;;
1.300;;;;;;;;;;;;;;;;;;;;;;;;1646;1578;1511;1447;1384;1323;1263;1206;1150;1095;1042;991;942;893;847;802;758;716;676;637;599;563;529;495;464;433;405;377;351;327;303;282;261;242;224;208;193;179;167;156;146;138;131;125;121;118;116;116;117;119;122;127;134;141;150;161;172;185;200;215;233;251;271;292;315;339;365;392;421;451;482;515;550;586;624;663;704;747;791;837;885;934;986;1039;1094;1150;1209;1270;1332;1396;1463;1531;1601;1672;1746;1822;1899;1979;2061;2145;2230;2318;2408;2500;;;;;;;;;;;;;;;
1.200;;;;;;;;;;;;;;;;;;;;;;;;1627;1559;1493;1428;1366;1305;1245;1188;1132;1077;1024;973;924;876;829;784;741;699;658;619;581;545;511;478;446;416;387;360;334;309;286;264;244;225;207;191;176;162;150;139;129;121;114;108;104;101;99;98;99;102;105;110;116;124;133;143;155;168;182;198;215;234;253;275;297;321;347;374;402;432;464;497;531;567;605;644;685;728;772;818;865;915;966;1019;1074;1130;1189;1249;1312;1376;1442;1510;1580;1652;1725;1801;1879;1958;2040;2123;2209;2297;2387;2479;2573;;;;;;;;;;;;;;
1.100;;;;;;;;;;;;;;;;;;;;;;;1680;1610;1542;1476;1412;1349;1288;1229;1171;1115;1061;1008;957;907;859;813;768;724;682;642;603;565;529;495;462;430;400;371;344;318;293;270;248;228;209;191;175;160;146;134;123;113;105;98;92;88;85;83;83;84;86;89;94;101;108;117;127;139;152;166;182;199;217;237;258;281;305;330;357;386;416;447;480;514;550;588;627;668;710;754;800;847;897;948;1001;1055;1112;1170;1231;1293;1357;1423;1491;1561;1633;1706;1782;1859;1939;2020;2104;2190;2277;2367;2459;2553;;;;;;;;;;;;;;
1.000;;;;;;;;;;;;;;;;;;;;;;;1665;1595;1527;1461;1397;1334;1273;1214;1156;1100;1046;993;942;892;844;798;753;709;667;627;588;550;514;480;447;415;385;356;329;303;279;256;234;213;194;177;160;145;132;120;109;99;91;84;78;73;70;69;68;69;71;75;80;86;94;103;113;124;137;152;167;184;203;222;243;266;290;315;342;371;400;432;464;499;535;572;611;652;694;738;784;831;880;931;984;1038;1095;1153;1213;1275;1340;1406;1474;1543;1615;1689;1764;1841;1921;2002;2086;2172;2259;2349;2441;2534;;;;;;;;;;;;;;
0.900;;;;;;;;;;;;;;;;;;;;;;;1651;1581;1514;1447;1383;1320;1260;1200;1143;1087;1033;980;929;879;831;784;739;696;654;613;574;537;501;467;434;402;372;343;316;290;266;242;221;200;181;164;147;132;119;107;96;86;78;71;65;61;57;56;55;56;58;62;67;73;81;89;100;111;124;138;154;171;189;209;230;253;276;302;329;357;387;418;450;485;520;558;597;637;679;723;769;816;865;916;969;1023;1079;1138;1198;1260;1324;1390;1458;1527;1599;1673;1748;1825;1905;1986;2070;2155;2243;2332;2424;2518;2614;;;;;;;;;;;;;
0.800;;;;;;;;;;;;;;;;;;;;;;1710;1639;1569;1501;1435;1371;1308;1248;1188;1131;1075;1021;968;917;867;819;773;727;684;642;601;563;525;489;455;422;390;360;331;304;278;254;231;209;189;170;152;136;121;107;95;84;74;66;59;53;49;46;44;44;45;47;50;55;61;69;78;88;99;112;126;142;159;177;197;218;240;264;290;316;345;374;405;438;472;508;545;584;624;666;710;756;803;852;903;955;1009;1066;1124;1184;1246;1310;1375;1443;1513;1585;1658;1734;1811;1890;1972;2055;2140;2228;2318;2409;2503;2599;;;;;;;;;;;;;
0.700;;;;;;;;;;;;;;;;;;;;;;1699;1628;1558;1491;1425;1360;1298;1237;1178;1120;1064;1010;957;906;857;809;762;717;673;631;591;552;515;479;444;411;380;350;321;294;268;243;220;199;178;159;142;126;111;97;85;74;64;56;49;43;39;36;34;33;34;37;40;45;51;59;67;78;89;102;116;132;148;167;186;207;230;254;279;305;334;363;394;427;461;497;534;573;613;655;699;744;791;840;891;943;997;1053;1111;1171;1233;1297;1363;1430;1500;1572;1645;1721;1798;1877;1959;2042;2127;2215;2305;2396;2490;2586;;;;;;;;;;;;;
0.600;;;;;;;;;;;;;;;;;;;;;;1690;1619;1549;1482;1416;1351;1289;1228;1169;1111;1056;1001;949;897;848;800;753;708;664;622;582;543;506;470;435;402;371;341;312;285;259;235;212;190;170;151;133;117;102;88;76;65;55;47;40;34;30;27;25;25;26;28;31;36;42;50;58;69;80;93;107;122;139;158;177;198;220;244;269;296;324;354;385;417;451;487;524;563;603;645;689;734;781;830;880;933;987;1043;1101;1160;1222;1286;1352;1419;1489;1561;1634;1709;1787;1866;1947;2031;2116;2204;2293;2385;2478;2574;;;;;;;;;;;;;
0.500;;;;;;;;;;;;;;;;;;;;;;1682;1611;1542;1474;1408;1344;1281;1221;1161;1104;1048;994;941;890;840;792;745;700;657;615;574;535;498;462;428;395;363;333;304;277;251;227;204;182;162;143;126;109;94;81;68;58;48;40;33;27;22;19;18;17;18;20;24;28;35;42;51;61;72;85;99;115;132;150;169;190;213;236;261;288;316;346;377;409;443;479;516;554;595;636;680;725;772;821;871;924;978;1034;1091;1151;1213;1277;1342;1410;1479;1551;1624;1700;1777;1856;1938;2021;2106;2194;2284;2375;2469;2565;2662;;;;;;;;;;;;
0.400;;;;;;;;;;;;;;;;;;;;;1748;1676;1605;1535;1468;1402;1338;1275;1215;1155;1098;1042;988;935;884;834;786;739;694;650;609;568;529;492;456;421;388;357;327;298;271;245;221;198;176;156;137;119;103;88;75;62;51;42;33;26;21;16;13;11;11;12;14;17;22;28;36;45;55;66;79;93;108;125;143;163;184;206;230;255;281;309;339;370;402;436;472;509;547;588;629;673;718;765;814;864;916;970;1026;1084;1144;1205;1269;1334;1402;1471;1543;1616;1692;1769;1848;1930;2013;2099;2186;2276;2367;2461;2557;2655;;;;;;;;;;;;
0.300;;;;;;;;;;;;;;;;;;;;;1743;1671;1600;1531;1463;1397;1333;1271;1210;1151;1093;1037;983;930;879;829;781;734;689;646;604;563;524;487;451;417;384;352;322;294;266;241;216;193;171;151;132;115;98;84;70;58;47;37;29;22;16;12;9;7;6;7;9;13;17;24;31;40;50;61;74;88;103;120;138;158;179;201;225;250;276;304;334;365;397;431;466;503;542;582;624;667;712;759;808;858;910;964;1020;1078;1138;1199;1263;1328;1396;1465;1537;1610;1686;1763;1842;1923;2007;2092;2180;2269;2361;2455;2551;2649;;;;;;;;;;;;
0.200;;;;;;;;;;;;;;;;;;;;;1740;1667;1597;1528;1460;1394;1330;1268;1207;1148;1090;1034;980;927;876;826;778;731;686;642;600;560;521;484;448;413;380;349;319;290;263;237;213;190;168;148;129;111;95;80;67;54;43;34;25;18;13;8;5;3;3;4;6;9;14;20;27;36;46;58;70;84;100;117;135;154;175;197;221;246;273;300;330;361;393;427;462;499;538;578;620;663;708;755;804;854;906;960;1016;1073;1133;1195;1258;1324;1391;1460;1532;1605;1681;1758;1838;1919;2002;2088;2175;2265;2357;2451;2547;2645;;;;;;;;;;;;
0.100;;;;;;;;;;;;;;;;;;;;;1738;1666;1595;1526;1458;1393;1329;1266;1205;1146;1089;1033;978;925;874;824;776;729;684;640;598;558;519;482;446;411;378;347;317;288;261;235;211;188;166;146;127;109;93;78;65;52;41;32;23;16;11;6;3;1;1;2;4;7;12;18;25;34;44;55;68;82;97;114;132;152;173;195;219;244;270;298;327;358;391;425;460;497;535;575;617;661;706;752;801;851;903;957;1013;1071;1130;1192;1255;1321;1388;1457;1529;1602;1678;1755;1835;1916;1999;2085;2172;2262;2354;2448;2544;2642;;;;;;;;;;;;
0.000;;;;;;;;;;;;;;;;;;;;;1738;1665;1595;1526;1458;1392;1328;1266;1205;1146;1088;1032;978;925;874;824;775;729;683;640;598;557;518;481;445;411;378;346;316;287;260;235;210;187;165;145;126;109;92;77;64;52;41;31;23;16;10;5;2;1;0;1;3;6;11;17;24;33;43;55;67;81;97;113;131;151;172;194;218;243;269;297;326;357;390;424;459;496;534;574;616;660;705;751;800;850;902;956;1012;1069;1129;1190;1254;1319;1387;1456;1528;1601;1676;1754;1833;1915;1998;2084;2171;2261;2353;2447;2543;2642;;;;;;;;;;;;
-0.100;;;;;;;;;;;;;;;;;;;;;1739;1666;1596;1527;1459;1394;1330;1267;1206;1147;1090;1033;979;926;875;825;776;730;684;641;599;558;519;482;446;411;378;347;317;288;261;235;211;188;166;146;127;109;93;78;65;52;41;32;23;16;11;6;3;1;1;1;3;7;12;18;25;34;44;55;68;82;97;114;132;151;172;194;218;243;270;298;327;358;390;424;459;496;535;575;617;660;705;752;800;851;903;956;1012;1070;1129;1191;1254;1320;1387;1456;1528;1601;1677;1754;1834;1915;1999;2084;2172;2262;2354;2448;2545;2643;;;;;;;;;;;;
-0.200;;;;;;;;;;;;;;;;;;;;;1741;1669;1599;1530;1462;1396;1332;1270;1209;1150;1092;1036;982;928;877;827;779;732;687;643;601;560;521;484;448;414;381;349;319;290;263;237;213;190;168;148;129;111;95;80;67;54;43;34;25;18;13;8;5;3;3;3;5;9;14;20;27;36;46;57;70;84;99;116;134;153;174;196;220;245;271;299;329;360;392;426;461;498;537;577;619;662;707;754;802;853;905;958;1014;1072;1131;1193;1256;1322;1389;1458;1530;1603;1679;1756;1836;1917;2001;2087;2174;2264;2357;2451;2548;2646;;;;;;;;;;;;
-0.300;;;;;;;;;;;;;;;;;;;;;1745;1673;1603;1534;1466;1401;1337;1274;1213;1154;1096;1040;985;932;881;831;783;736;690;647;605;564;525;488;452;417;384;353;322;294;267;241;216;193;172;151;132;115;99;84;70;58;47;37;29;22;16;11;8;6;6;7;9;12;17;23;30;39;49;60;73;87;102;119;137;156;177;200;223;248;275;303;332;363;395;429;465;502;540;580;622;665;710;757;806;856;908;962;1018;1075;1135;1196;1260;1325;1393;1462;1534;1607;1683;1760;1840;1921;2005;2091;2179;2269;2361;2456;2553;2652;;;;;;;;;;;;
-0.400;;;;;;;;;;;;;;;;;;;;;1751;1679;1608;1539;1472;1406;1342;1280;1219;1160;1102;1046;991;938;886;836;788;741;696;652;610;569;530;493;457;422;389;357;327;299;271;246;221;198;176;156;137;120;103;88;75;62;51;42;33;26;20;16;13;11;10;11;13;17;21;27;35;43;53;65;77;91;107;123;142;161;182;204;228;253;279;307;337;368;400;434;469;506;545;585;627;670;715;762;811;861;913;967;1023;1081;1140;1202;1265;1331;1398;1467;1539;1613;1688;1766;1845;1927;2011;2096;2184;2275;2367;2462;2559;2658;2760;;;;;;;;;;;
-0.500;;;;;;;;;;;;;;;;;;;;;1758;1686;1615;1547;1479;1413;1349;1287;1226;1167;1109;1052;998;945;893;843;794;748;702;659;616;576;537;499;463;428;395;364;334;305;278;252;227;204;183;162;143;126;109;94;81;68;57;48;39;32;26;22;19;17;16;17;19;23;27;33;41;49;59;71;83;97;113;129;147;167;188;210;234;259;285;313;343;374;406;440;476;513;551;591;633;677;722;769;817;868;920;974;1030;1087;1147;1209;1272;1337;1405;1474;1546;1620;1695;1773;1852;1934;2018;2104;2192;2283;2375;2470;2568;2667;2769;;;;;;;;;;;
-0.600;;;;;;;;;;;;;;;;;;;;;1767;1695;1624;1555;1488;1422;1358;1295;1234;1175;1117;1061;1006;953;901;851;803;756;710;666;624;584;544;507;471;436;403;371;341;313;285;259;235;212;190;170;151;133;117;102;88;76;65;55;47;40;34;29;26;24;24;24;27;30;35;41;48;57;67;78;91;105;120;137;155;174;195;218;241;266;293;321;350;381;414;448;483;520;559;599;641;685;730;777;825;876;928;982;1038;1096;1155;1217;1281;1346;1414;1483;1555;1628;1704;1782;1861;1943;2027;2113;2202;2292;2385;2480;2578;2678;2780;;;;;;;;;;;
-0.700;;;;;;;;;;;;;;;;;;;;;1777;1705;1634;1565;1498;1432;1368;1305;1244;1185;1127;1071;1016;963;911;861;812;765;720;676;634;593;554;516;480;445;412;380;350;322;294;268;244;221;199;179;160;142;126;111;97;85;74;64;55;48;43;38;35;33;32;33;35;39;43;49;57;65;75;87;99;113;129;145;164;183;204;226;250;275;302;330;359;390;423;457;492;530;568;609;651;694;739;786;835;886;938;992;1048;1106;1165;1227;1291;1356;1424;1494;1565;1639;1715;1792;1872;1954;2038;2124;2213;2304;2397;2492;2590;2690;;;;;;;;;;;;
-0.800;;;;;;;;;;;;;;;;;;;;;1788;1716;1646;1577;1509;1444;1379;1317;1256;1196;1138;1082;1027;974;922;872;823;776;731;687;644;604;564;527;491;456;423;391;361;332;305;279;254;231;209;189;170;152;136;121;107;95;84;74;65;58;53;48;45;43;42;43;45;49;53;59;67;75;85;97;109;123;139;156;174;193;214;236;260;285;312;340;370;401;433;467;503;540;579;619;661;705;750;798;846;897;949;1003;1059;1117;1177;1239;1303;1368;1436;1506;1577;1651;1727;1805;1884;1966;2051;2137;2226;2317;2410;2506;2604;2704;;;;;;;;;;;;
-0.900;;;;;;;;;;;;;;;;;;;;;1802;1729;1659;1590;1523;1457;1392;1330;1269;1209;1151;1095;1040;986;935;884;836;789;743;699;657;616;577;539;503;468;435;403;373;344;316;290;266;243;221;200;181;164;147;132;118;106;95;85;77;70;64;59;56;54;54;55;57;60;65;71;78;87;97;108;121;135;150;167;185;205;226;248;272;297;324;352;382;413;445;479;515;552;591;632;674;718;763;810;859;910;962;1016;1073;1131;1190;1252;1316;1382;1450;1519;1591;1665;1741;1819;1899;1981;2065;2152;2240;2332;2425;2521;2620;2721;;;;;;;;;;;;
-1.000;;;;;;;;;;;;;;;;;;;;;1816;1744;1674;1605;1537;1471;1407;1344;1283;1223;1165;1109;1054;1000;949;898;850;802;757;713;670;629;590;552;516;481;448;416;386;357;329;303;279;256;234;213;194;176;160;145;131;119;108;98;90;83;77;72;69;67;67;67;69;73;77;83;91;99;109;121;133;148;163;180;198;218;239;261;285;310;337;365;395;426;459;493;529;566;605;646;688;732;777;824;873;924;977;1031;1087;1145;1205;1267;1331;1397;1465;1535;1607;1681;1756;1834;1914;1997;2081;2168;2257;2348;2442;2538;2637;2738;;;;;;;;;;;;
-1.100;;;;;;;;;;;;;;;;;;;;;1832;1760;1690;1621;1553;1487;1423;1360;1299;1239;1181;1124;1069;1016;964;914;865;818;772;728;686;645;605;567;531;496;463;431;400;371;344;318;293;270;248;228;208;191;174;159;145;133;122;112;104;97;91;86;83;81;81;81;83;87;91;97;105;114;124;135;148;162;177;194;212;232;253;276;299;325;352;380;410;441;474;508;544;581;620;661;703;747;793;840;889;940;993;1047;1104;1162;1222;1284;1348;1414;1482;1552;1624;1698;1774;1852;1932;2014;2099;2186;2275;2367;2461;2557;2657;2758;;;;;;;;;;;;
-1.200;;;;;;;;;;;;;;;;;;;;;1850;1778;1707;1638;1571;1505;1440;1377;1316;1256;1198;1142;1087;1033;981;931;882;835;789;745;702;661;622;584;547;512;479;447;416;387;360;334;309;286;264;243;224;206;190;175;161;149;138;128;119;112;106;102;99;97;96;97;99;102;107;113;120;129;139;150;163;177;193;210;228;248;269;291;315;341;368;396;426;457;490;524;560;598;637;678;720;764;810;857;907;958;1010;1065;1121;1180;1240;1302;1366;1432;1500;1571;1643;1717;1793;1871;1951;2034;2119;2206;2295;2387;2481;2578;2678;2780;;;;;;;;;;;;
-1.300;;;;;;;;;;;;;;;;;;;;;1869;1797;1727;1657;1590;1524;1459;1396;1335;1275;1217;1160;1105;1052;1000;949;900;853;807;763;720;679;639;601;565;530;496;464;434;405;377;351;326;303;281;260;241;223;207;192;178;166;154;145;136;129;123;119;115;114;113;114;116;119;124;130;137;146;156;167;180;194;210;227;245;265;286;309;333;358;385;413;443;475;508;542;578;616;655;696;739;783;829;876;926;977;1030;1084;1141;1199;1260;1322;1386;1452;1521;1591;1663;1737;1814;1892;1972;2055;2140;2227;2317;2409;2504;2601;2701;2803;;;;;;;;;;;;
-1.400;;;;;;;;;;;;;;;;;;;;;1890;1818;1747;1678;1610;1544;1480;1417;1355;1295;1237;1180;1125;1072;1020;969;920;873;827;782;740;699;659;621;584;549;515;483;453;424;396;370;345;321;299;279;260;242;225;210;196;184;173;163;154;147;141;137;134;132;131;132;134;137;142;148;156;164;174;186;199;213;228;245;264;283;305;327;351;377;404;432;462;494;527;562;598;635;675;716;758;803;849;897;946;997;1050;1105;1162;1221;1281;1343;1408;1474;1543;1613;1685;1760;1836;1914;1995;2078;2163;2250;2340;2433;2528;2625;2725;2828;;;;;;;;;;;;
-1.500;;;;;;;;;;;;;;;;;;;;;1913;1840;1770;1700;1633;1566;1502;1439;1377;1317;1259;1202;1147;1093;1041;991;941;894;848;804;761;719;680;641;605;570;536;504;473;444;416;390;365;342;319;299;280;262;245;230;216;204;192;183;174;167;161;157;153;151;151;152;154;157;162;168;175;184;194;206;218;233;248;265;284;303;325;347;372;397;424;453;483;515;548;582;619;657;696;737;780;824;871;918;968;1020;1073;1128;1185;1243;1304;1367;1431;1498;1566;1637;1709;1784;1860;1939;2019;2102;2188;2276;2366;2458;2554;2651;2752;2855;;;;;;;;;;;;
-1.600;;;;;;;;;;;;;;;;;;;;;;1864;1794;1724;1656;1590;1525;1462;1400;1340;1282;1225;1170;1116;1064;1013;964;917;871;826;783;742;702;664;627;592;558;526;495;466;438;411;387;363;341;320;301;283;266;251;237;225;214;204;195;188;182;178;174;172;172;173;175;178;183;189;196;205;215;227;240;254;270;287;305;325;346;369;393;419;446;475;505;537;570;605;641;679;719;760;803;848;894;942;992;1043;1097;1152;1209;1268;1329;1391;1456;1523;1591;1662;1735;1809;1886;1965;2046;2129;2214;2302;2393;2486;2581;2679;2780;;;;;;;;;;;;;
-1.700;;;;;;;;;;;;;;;;;;;;;;1890;1819;1750;1682;1615;1550;1487;1425;1365;1307;1250;1194;1141;1089;1038;989;941;895;850;807;766;726;687;651;615;581;549;518;489;461;434;409;386;364;343;324;306;289;274;260;247;236;226;218;210;205;200;197;195;194;195;197;201;205;211;219;228;238;249;262;277;292;309;328;348;369;392;416;442;469;498;528;560;594;629;665;703;743;784;828;872;919;967;1017;1069;1122;1178;1235;1294;1355;1418;1483;1549;1618;1689;1762;1836;1913;1992;2073;2157;2243;2331;2422;2515;2611;2709;2810;;;;;;;;;;;;;
-1.800;;;;;;;;;;;;;;;;;;;;;;1917;1846;1777;1709;1642;1577;1514;1452;1392;1333;1276;1221;1167;1114;1064;1015;967;921;876;833;791;751;713;676;640;606;574;543;514;486;459;434;410;388;367;348;330;313;298;284;271;260;250;242;234;228;224;221;219;218;219;221;224;229;235;243;252;262;273;286;301;316;334;352;372;394;417;441;467;494;523;553;585;619;654;691;729;769;810;854;899;945;994;1044;1096;1149;1205;1262;1321;1383;1446;1511;1578;1647;1718;1791;1865;1942;2022;2103;2187;2273;2361;2452;2546;2642;2740;2842;;;;;;;;;;;;;
-1.900;;;;;;;;;;;;;;;;;;;;;;1946;1875;1805;1737;1671;1606;1542;1480;1420;1361;1304;1248;1194;1142;1091;1042;994;948;903;860;818;778;739;702;667;633;600;569;540;512;485;460;436;414;393;373;355;339;323;309;297;285;275;267;260;254;249;246;244;243;244;246;250;255;261;268;277;287;299;312;326;342;359;378;398;419;442;467;493;520;549;580;612;646;681;718;756;796;838;881;926;973;1022;1072;1124;1178;1234;1291;1351;1412;1475;1541;1608;1677;1748;1821;1896;1973;2053;2134;2218;2304;2393;2484;2578;2675;2774;2875;;;;;;;;;;;;;
-2.000;;;;;;;;;;;;;;;;;;;;;;;1905;1835;1767;1701;1635;1572;1510;1449;1390;1333;1278;1223;1171;1120;1071;1023;977;932;888;847;806;768;731;695;661;628;597;567;539;512;487;463;441;420;401;382;366;350;336;324;312;302;294;286;281;276;273;271;270;271;273;277;281;287;295;304;314;326;339;353;369;386;405;425;447;470;494;521;548;577;608;640;674;709;746;785;825;867;910;956;1003;1051;1102;1154;1208;1264;1322;1382;1443;1507;1572;1639;1709;1780;1853;1928;2006;2085;2167;2251;2338;2427;2519;2613;2709;2809;;;;;;;;;;;;;;
-2.100;;;;;;;;;;;;;;;;;;;;;;;1937;1867;1799;1732;1667;1603;1541;1481;1422;1364;1308;1254;1202;1151;1101;1053;1007;962;919;877;836;797;760;724;690;657;626;596;568;541;516;492;470;449;429;411;394;379;365;352;341;331;322;315;309;304;301;299;298;299;301;305;310;316;323;332;342;354;367;382;398;415;434;454;476;499;523;550;577;607;637;670;704;739;776;815;855;897;941;987;1034;1083;1133;1186;1240;1296;1354;1414;1476;1540;1605;1673;1742;1814;1887;1963;2040;2120;2202;2287;2373;2463;2554;2649;2746;2845;;;;;;;;;;;;;;
-2.200;;;;;;;;;;;;;;;;;;;;;;;1971;1901;1832;1766;1700;1636;1574;1513;1454;1397;1341;1286;1234;1183;1133;1085;1039;994;950;908;868;829;791;756;721;688;657;627;599;572;546;523;500;479;459;441;424;409;394;382;370;360;352;344;338;334;331;329;328;329;331;334;339;346;353;362;372;384;397;412;428;445;464;484;506;529;554;580;608;637;668;701;735;770;808;847;887;930;973;1019;1067;1116;1167;1219;1274;1330;1388;1448;1510;1574;1640;1708;1777;1849;1923;1998;2076;2156;2239;2323;2410;2500;2592;2687;2784;2884;;;;;;;;;;;;;;
-2.300;;;;;;;;;;;;;;;;;;;;;;;;1936;1867;1801;1735;1671;1609;1548;1489;1431;1375;1320;1268;1216;1167;1119;1072;1027;983;941;901;862;824;788;754;721;689;659;631;604;578;554;532;511;491;472;456;440;426;413;402;392;383;376;370;365;362;360;359;360;362;366;371;377;384;393;404;415;429;443;459;477;496;516;538;561;586;612;640;670;701;733;768;803;841;880;921;963;1007;1053;1101;1150;1201;1254;1309;1366;1424;1484;1546;1611;1677;1744;1814;1886;1960;2036;2114;2194;2277;2362;2449;2539;2631;2726;2824;;;;;;;;;;;;;;;
-2.400;;;;;;;;;;;;;;;;;;;;;;;;1973;1904;1837;1772;1708;1645;1584;1525;1467;1410;1356;1303;1252;1202;1154;1107;1062;1018;976;935;896;858;822;788;755;723;693;665;637;612;588;565;544;524;506;489;473;459;446;434;424;416;408;402;398;394;393;392;393;395;398;403;410;417;426;437;448;462;476;492;510;529;549;571;595;620;646;674;704;735;768;802;838;876;915;956;999;1043;1089;1137;1186;1238;1291;1346;1403;1461;1522;1584;1648;1715;1783;1853;1925;1999;2075;2154;2234;2317;2402;2490;2580;2673;2768;2865;;;;;;;;;;;;;;;
-2.500;;;;;;;;;;;;;;;;;;;;;;;;;1942;1875;1810;1746;1683;1622;1562;1504;1448;1393;1340;1288;1238;1190;1143;1098;1055;1012;971;932;894;858;823;790;759;728;700;673;647;623;600;578;559;540;523;507;493;480;469;459;450;443;437;432;429;427;426;427;429;433;438;444;451;461;471;483;496;511;527;545;564;584;606;630;655;681;710;739;771;804;838;874;912;952;993;1035;1080;1126;1174;1224;1276;1329;1384;1441;1500;1561;1624;1688;1755;1823;1893;1966;2040;2116;2195;2276;2359;2444;2532;2623;2715;2811;;;;;;;;;;;;;;;;
-2.600;;;;;;;;;;;;;;;;;;;;;;;;;1982;1915;1850;1785;1723;1661;1602;1543;1487;1432;1379;1327;1277;1228;1181;1136;1092;1050;1009;970;932;895;861;827;795;765;736;709;683;659;636;615;595;576;559;543;529;516;505;495;486;478;472;468;464;463;462;463;465;468;473;480;487;496;507;519;532;547;563;581;600;621;643;666;692;718;747;777;808;841;876;912;950;990;1031;1074;1119;1165;1214;1264;1315;1369;1424;1482;1541;1602;1665;1730;1796;1865;1935;2008;2082;2159;2238;2319;2403;2488;2577;2667;2760;2856;;;;;;;;;;;;;;;;
-2.700;;;;;;;;;;;;;;;;;;;;;;;;;;1957;1891;1827;1764;1703;1643;1584;1528;1473;1419;1367;1317;1268;1221;1176;1132;1089;1048;1009;971;934;899;866;834;804;775;747;722;697;674;653;633;614;597;581;567;554;542;532;523;516;510;505;502;500;499;500;502;506;511;517;525;534;544;556;570;585;601;619;638;659;681;705;730;757;785;815;847;880;915;951;990;1029;1071;1114;1159;1206;1254;1305;1357;1411;1466;1524;1583;1644;1708;1773;1839;1908;1979;2052;2127;2204;2283;2364;2448;2534;2623;2713;2807;2903;;;;;;;;;;;;;;;;
-2.800;;;;;;;;;;;;;;;;;;;;;;;;;;2000;1934;1870;1807;1745;1686;1627;1570;1515;1461;1409;1359;1310;1262;1217;1173;1130;1089;1049;1011;975;940;906;874;844;815;787;761;737;714;692;672;653;636;620;606;593;581;571;562;555;549;544;541;539;538;539;541;545;550;556;564;573;584;596;609;624;640;658;677;698;721;745;770;797;825;856;887;921;956;993;1031;1071;1113;1156;1201;1248;1297;1348;1400;1454;1510;1568;1627;1689;1752;1817;1885;1954;2025;2098;2173;2250;2330;2411;2495;2582;2670;2762;2855;;;;;;;;;;;;;;;;;
-2.900;;;;;;;;;;;;;;;;;;;;;;;;;;;1979;1915;1852;1790;1730;1671;1614;1559;1505;1453;1402;1353;1305;1260;1215;1173;1131;1092;1054;1017;982;948;916;885;856;829;803;778;755;733;713;694;677;661;647;633;622;612;603;595;589;584;581;579;579;579;582;585;590;597;604;614;624;636;650;665;681;699;719;740;762;786;812;839;867;898;930;963;998;1035;1074;1114;1156;1200;1245;1292;1341;1392;1445;1499;1555;1613;1673;1735;1798;1864;1931;2001;2072;2145;2221;2298;2378;2460;2545;2631;2720;2812;2906;;;;;;;;;;;;;;;;;
-3.000;;;;;;;;;;;;;;;;;;;;;;;;;;;2025;1961;1898;1836;1776;1718;1660;1605;1551;1498;1447;1398;1350;1304;1260;1217;1175;1136;1097;1061;1025;992;959;929;899;872;845;821;798;776;756;737;719;703;689;676;664;654;645;637;631;627;623;621;621;622;624;627;632;639;647;656;667;679;692;707;724;742;761;782;805;829;855;882;911;941;973;1007;1043;1080;1118;1159;1201;1245;1291;1338;1387;1438;1491;1546;1602;1661;1721;1783;1846;1912;1980;2049;2121;2195;2271;2348;2429;2511;2596;2683;2772;2864;;;;;;;;;;;;;;;;;;
-3.100;;;;;;;;;;;;;;;;;;;;;;;;;;;;2009;1946;1884;1824;1765;1708;1652;1598;1545;1494;1445;1397;1350;1306;1263;1221;1181;1143;1106;1071;1037;1004;973;944;916;890;865;842;820;800;781;763;747;733;720;708;698;689;681;675;670;667;665;665;665;668;671;676;683;691;700;711;723;736;752;768;786;806;827;850;874;900;927;956;987;1019;1053;1089;1126;1165;1205;1248;1292;1338;1386;1435;1486;1539;1594;1651;1710;1770;1832;1896;1962;2030;2100;2172;2246;2322;2400;2481;2564;2649;2736;2826;;;;;;;;;;;;;;;;;;;
-3.200;;;;;;;;;;;;;;;;;;;;;;;;;;;;2059;1996;1934;1874;1815;1758;1702;1647;1594;1543;1493;1445;1399;1354;1310;1268;1228;1190;1153;1117;1083;1051;1020;991;963;936;911;888;866;846;827;809;793;778;765;753;743;734;727;721;716;712;711;710;711;713;717;722;728;736;746;756;769;782;798;814;832;852;873;896;921;946;974;1003;1034;1066;1100;1136;1174;1213;1254;1296;1341;1387;1435;1485;1536;1590;1645;1702;1760;1821;1883;1948;2014;2082;2153;2225;2299;2376;2454;2535;2618;2704;2791;2881;;;;;;;;;;;;;;;;;;;
-3.300;;;;;;;;;;;;;;;;;;;;;;;;;;;;;2047;1986;1925;1866;1809;1753;1698;1645;1594;1544;1495;1449;1403;1360;1318;1277;1239;1201;1166;1132;1099;1068;1039;1011;984;959;936;914;893;874;856;840;826;812;801;790;781;774;768;763;760;758;757;758;760;764;769;776;784;793;804;816;830;845;862;880;900;921;944;969;995;1023;1052;1083;1115;1150;1186;1223;1263;1304;1347;1391;1438;1486;1536;1588;1641;1697;1754;1813;1874;1936;2001;2068;2136;2207;2279;2354;2431;2510;2591;2675;2761;2849;;;;;;;;;;;;;;;;;;;;
-3.400;;;;;;;;;;;;;;;;;;;;;;;;;;;;;;2039;1978;1919;1862;1806;1751;1698;1646;1596;1547;1500;1455;1411;1369;1328;1289;1252;1216;1182;1149;1118;1088;1060;1034;1009;985;963;942;923;906;889;875;861;850;839;830;823;816;812;808;806;806;807;809;813;818;825;833;842;853;865;879;895;911;930;950;971;994;1019;1045;1073;1102;1133;1166;1201;1237;1275;1314;1356;1399;1444;1490;1539;1589;1641;1695;1750;1808;1867;1928;1991;2056;2123;2192;2263;2336;2411;2489;2568;2650;2734;2820;;;;;;;;;;;;;;;;;;;;;
-3.500;;;;;;;;;;;;;;;;;;;;;;;;;;;;;;;2033;1974;1917;1860;1806;1752;1701;1650;1601;1554;1508;1464;1422;1381;1342;1304;1268;1234;1201;1170;1140;1112;1085;1060;1036;1014;993;974;956;940;925;912;900;890;881;873;867;862;859;857;856;857;860;863;869;875;883;893;904;916;930;946;963;981;1001;1023;1046;1071;1097;1125;1155;1186;1219;1254;1290;1328;1368;1409;1453;1498;1545;1593;1644;1696;1750;1806;1864;1923;1985;2048;2113;2180;2250;2321;2395;2470;2548;2628;2710;2794;2881;;;;;;;;;;;;;;;;;;;;;
-3.600;;;;;;;;;;;;;;;;;;;;;;;;;;;;;;;2090;2031;1973;1917;1862;1809;1757;1706;1657;1610;1564;1519;1477;1436;1396;1358;1322;1287;1254;1223;1193;1165;1138;1113;1089;1067;1046;1027;1009;992;978;964;952;942;933;925;919;914;911;909;909;910;912;916;921;928;936;945;956;969;983;999;1016;1034;1054;1076;1099;1124;1151;1179;1209;1240;1273;1308;1345;1383;1423;1465;1508;1554;1601;1650;1700;1753;1807;1863;1921;1981;2043;2106;2172;2240;2310;2381;2455;2531;2610;2690;2773;2857;;;;;;;;;;;;;;;;;;;;;;
-3.700;;;;;;;;;;;;;;;;;;;;;;;;;;;;;;;;2089;2031;1975;1920;1867;1815;1764;1715;1667;1621;1577;1534;1492;1452;1414;1378;1343;1309;1278;1248;1219;1192;1167;1143;1121;1100;1081;1063;1047;1032;1018;1006;996;987;979;973;968;965;963;963;964;966;970;975;982;990;1000;1011;1024;1038;1053;1070;1089;1109;1131;1155;1180;1206;1235;1265;1296;1330;1365;1401;1440;1480;1522;1566;1612;1659;1708;1759;1811;1866;1922;1980;2041;2103;2167;2233;2301;2371;2444;2518;2595;2673;2754;2837;;;;;;;;;;;;;;;;;;;;;;;
-3.800;;;;;;;;;;;;;;;;;;;;;;;;;;;;;;;;;2091;2035;1980;1927;1874;1824;1774;1727;1680;1636;1592;1551;1511;1472;1435;1400;1367;1335;1304;1276;1249;1223;1199;1177;1156;1137;1119;1102;1088;1074;1062;1052;1043;1035;1029;1024;1021;1019;1018;1019;1022;1026;1031;1038;1046;1056;1067;1080;1094;1110;1127;1146;1166;1188;1212;1237;1264;1292;1322;1354;1388;1423;1460;1499;1539;1581;1625;1671;1718;1768;1819;1872;1926;1983;2042;2102;2165;2229;2296;2365;2435;2508;2583;2660;2740;2821;;;;;;;;;;;;;;;;;;;;;;;;
-3.900;;;;;;;;;;;;;;;;;;;;;;;;;;;;;;;;;;2097;2042;1988;1936;1885;1836;1788;1741;1696;1653;1611;1571;1532;1495;1460;1426;1394;1363;1334;1307;1281;1257;1235;1214;1194;1177;1160;1145;1132;1120;1109;1100;1092;1086;1082;1078;1076;1076;1077;1080;1084;1089;1096;1104;1114;1125;1138;1152;1168;1186;1205;1225;1247;1271;1296;1323;1352;1382;1414;1448;1483;1520;1559;1600;1642;1686;1732;1780;1829;1881;1934;1989;2046;2105;2166;2229;2294;2361;2430;2501;2575;2650;2728;2808;;;;;;;;;;;;;;;;;;;;;;;;;
-4.000;;;;;;;;;;;;;;;;;;;;;;;;;;;;;;;;;;;2105;2052;1999;1948;1899;1851;1804;1759;1716;1673;1633;1594;1557;1521;1487;1455;1424;1395;1367;1341;1317;1294;1273;1254;1236;1219;1205;1191;1179;1168;1159;1152;1146;1141;1138;1136;1135;1137;1139;1143;1149;1156;1164;1174;1185;1198;1213;1228;1246;1265;1286;1308;1332;1357;1384;1413;1444;1476;1510;1545;1582;1621;1662;1705;1749;1795;1843;1893;1944;1998;2053;2111;2170;2231;2295;2360;2428;2498;2570;2644;2720;2798;2879;;;;;;;;;;;;;;;;;;;;;;;;;
-4.100;;;;;;;;;;;;;;;;;;;;;;;;;;;;;;;;;;;;2117;2065;2014;1964;1916;1869;1824;1780;1738;1697;1658;1620;1585;1550;1518;1487;1457;1429;1403;1379;1356;1335;1315;1297;1281;1265;1252;1240;1230;1220;1213;1207;1202;1199;1197;1197;1198;1201;1205;1210;1217;1226;1236;1247;1260;1275;1291;1308;1327;1348;1371;1394;1420;1447;1476;1507;1539;1573;1609;1646;1685;1726;1769;1813;1860;1908;1958;2010;2064;2120;2177;2237;2299;2363;2429;2498;2568;2641;2715;2792;2871;;;;;;;;;;;;;;;;;;;;;;;;;;
-4.200;;;;;;;;;;;;;;;;;;;;;;;;;;;;;;;;;;;;;2131;2080;2031;1983;1936;1890;1846;1804;1763;1724;1686;1650;1616;1583;1551;1522;1494;1468;1443;1420;1398;1379;1360;1344;1328;1315;1303;1292;1283;1276;1270;1265;1262;1260;1260;1261;1264;1268;1274;1281;1289;1299;1311;1324;1339;1355;1372;1392;1413;1435;1459;1485;1512;1541;1572;1604;1639;1674;1712;1751;1792;1835;1880;1926;1975;2025;2077;2132;2188;2246;2307;2369;2434;2501;2569;2640;2714;2789;2867;;;;;;;;;;;;;;;;;;;;;;;;;;;
-4.300;;;;;;;;;;;;;;;;;;;;;;;;;;;;;;;;;;;;;;2149;2099;2051;2004;1959;1915;1872;1831;1792;1754;1717;1683;1650;1618;1588;1560;1534;1509;1486;1464;1444;1426;1409;1394;1380;1368;1357;1348;1340;1334;1330;1327;1325;1325;1326;1329;1333;1339;1346;1355;1365;1376;1390;1404;1421;1439;1458;1479;1502;1526;1552;1579;1608;1639;1672;1706;1742;1779;1819;1860;1903;1948;1995;2044;2095;2147;2202;2259;2318;2379;2442;2507;2574;2644;2715;2789;;;;;;;;;;;;;;;;;;;;;;;;;;;;;
-4.400;;;;;;;;;;;;;;;;;;;;;;;;;;;;;;;;;;;;;;;2170;2122;2075;2029;1985;1942;1901;1861;1823;1787;1752;1719;1687;1657;1629;1602;1577;1554;1532;1512;1493;1476;1461;1447;1435;1424;1415;1407;1401;1397;1394;1392;1392;1393;1396;1400;1406;1413;1422;1432;1444;1457;1472;1489;1507;1526;1547;1570;1594;1620;1648;1677;1708;1741;1775;1811;1849;1889;1930;1973;2019;2066;2115;2166;2219;2274;2332;2391;2453;2516;2582;2650;2720;2793;;;;;;;;;;;;;;;;;;;;;;;;;;;;;;
-4.500;;;;;;;;;;;;;;;;;;;;;;;;;;;;;;;;;;;;;;;;;2147;2101;2057;2014;1973;1933;1895;1858;1823;1790;1758;1728;1699;1672;1647;1624;1602;1581;1563;1546;1530;1516;1504;1493;1484;1476;1470;1466;1463;1461;1461;1462;1465;1470;1475;1483;1492;1502;1514;1527;1542;1559;1577;1596;1618;1640;1665;1691;1718;1748;1779;1812;1846;1882;1920;1960;2002;2046;2091;2139;2188;2240;2293;2349;2407;2467;2529;2593;2660;2729;2800;;;;;;;;;;;;;;;;;;;;;;;;;;;;;;;
-4.600;;;;;;;;;;;;;;;;;;;;;;;;;;;;;;;;;;;;;;;;;;2175;2131;2088;2047;2007;1968;1932;1896;1863;1831;1801;1772;1745;1719;1696;1674;1653;1634;1617;1602;1588;1575;1565;1555;1548;1542;1537;1534;1532;1532;1534;1537;1541;1547;1554;1563;1574;1586;1599;1614;1631;1649;1669;1690;1713;1737;1763;1791;1821;1852;1885;1919;1956;1994;2034;2076;2120;2166;2214;2264;2316;2370;2426;2484;2545;2608;2673;2740;2810;;;;;;;;;;;;;;;;;;;;;;;;;;;;;;;;
-4.700;;;;;;;;;;;;;;;;;;;;;;;;;;;;;;;;;;;;;;;;;;;2206;2163;2122;2082;2044;2007;1971;1938;1906;1875;1846;1819;1794;1770;1748;1727;1708;1691;1675;1661;1649;1638;1629;1621;1615;1610;1607;1606;1606;1607;1610;1615;1621;1628;1637;1648;1660;1673;1688;1705;1723;1743;1764;1787;1812;1838;1866;1895;1927;1960;1995;2031;2070;2110;2152;2197;2243;2291;2341;2394;2449;2505;2564;2625;2689;2755;;;;;;;;;;;;;;;;;;;;;;;;;;;;;;;;;;
-4.800;;;;;;;;;;;;;;;;;;;;;;;;;;;;;;;;;;;;;;;;;;;;;2199;2159;2121;2084;2048;2015;1982;1952;1923;1896;1870;1846;1824;1803;1784;1767;1751;1737;1725;1714;1705;1697;1691;1686;1683;1682;1682;1683;1686;1691;1697;1704;1713;1724;1736;1749;1765;1781;1800;1819;1841;1864;1888;1915;1943;1972;2004;2037;2072;2109;2147;2188;2231;2275;2322;2371;2421;2474;2529;2587;2646;2708;2772;;;;;;;;;;;;;;;;;;;;;;;;;;;;;;;;;;;
-4.900;;;;;;;;;;;;;;;;;;;;;;;;;;;;;;;;;;;;;;;;;;;;;;;2200;2163;2127;2093;2061;2030;2001;1974;1948;1924;1902;1881;1862;1845;1829;1815;1802;1791;1782;1775;1768;1764;1761;1759;1759;1761;1764;1769;1775;1782;1791;1802;1814;1828;1843;1860;1878;1898;1919;1942;1967;1993;2021;2051;2083;2116;2151;2188;2227;2268;2311;2356;2403;2452;2503;2557;2612;2670;2731;;;;;;;;;;;;;;;;;;;;;;;;;;;;;;;;;;;;;
-5.000;;;;;;;;;;;;;;;;;;;;;;;;;;;;;;;;;;;;;;;;;;;;;;;;2243;2207;2174;2141;2110;2081;2054;2028;2004;1982;1961;1942;1924;1909;1894;1882;1871;1862;1854;1848;1843;1840;1839;1839;1841;1844;1848;1854;1862;1871;1882;1894;1908;1923;1940;1958;1978;1999;2023;2047;2074;2102;2132;2164;2197;2232;2270;2309;2350;2393;2439;2486;2536;2587;2641;2698;2756;;;;;;;;;;;;;;;;;;;;;;;;;;;;;;;;;;;;;;
-5.100;;;;;;;;;;;;;;;;;;;;;;;;;;;;;;;;;;;;;;;;;;;;;;;;;;2255;2223;2192;2163;2136;2110;2086;2063;2042;2023;2006;1990;1976;1963;1952;1943;1935;1929;1925;1922;1920;1921;1922;1925;1930;1936;1944;1953;1964;1976;1990;2005;2022;2040;2060;2082;2105;2130;2156;2184;2214;2246;2280;2315;2353;2392;2434;2477;2523;2571;2621;2673;2728;;;;;;;;;;;;;;;;;;;;;;;;;;;;;;;;;;;;;;;;
-5.200;;;;;;;;;;;;;;;;;;;;;;;;;;;;;;;;;;;;;;;;;;;;;;;;;;;;;2246;2219;2193;2169;2146;2125;2106;2089;2073;2059;2046;2035;2026;2018;2012;2008;2005;2004;2004;2005;2009;2013;2019;2027;2036;2047;2059;2073;2088;2105;2124;2144;2165;2188;2213;2240;2268;2298;2330;2364;2400;2438;2478;2519;2563;2609;2658;2708;;;;;;;;;;;;;;;;;;;;;;;;;;;;;;;;;;;;;;;;;;
-5.300;;;;;;;;;;;;;;;;;;;;;;;;;;;;;;;;;;;;;;;;;;;;;;;;;;;;;;;2278;2253;2231;2210;2191;2173;2157;2143;2131;2120;2111;2103;2097;2092;2090;2088;2088;2090;2093;2098;2104;2112;2121;2132;2144;2158;2173;2190;2209;2229;2250;2274;2299;2325;2354;2384;2416;2450;2486;2524;2564;2606;2651;;;;;;;;;;;;;;;;;;;;;;;;;;;;;;;;;;;;;;;;;;;;;
-5.400;;;;;;;;;;;;;;;;;;;;;;;;;;;;;;;;;;;;;;;;;;;;;;;;;;;;;;;;;;2296;2277;2259;2243;2229;2217;2206;2196;2189;2183;2178;2175;2174;2174;2176;2179;2184;2190;2198;2207;2218;2230;2244;2259;2276;2295;2315;2337;2360;2385;2412;2440;2471;2503;2537;2574;2612;;;;;;;;;;;;;;;;;;;;;;;;;;;;;;;;;;;;;;;;;;;;;;;;
-5.500;;;;;;;;;;;;;;;;;;;;;;;;;;;;;;;;;;;;;;;;;;;;;;;;;;;;;;;;;;;;;2330;2316;2303;2293;2283;2276;2270;2265;2262;2261;2261;2263;2266;2271;2277;2285;2294;2305;2317;2331;2346;2363;2382;2402;2424;2447;2472;2499;2528;2559;2591;;;;;;;;;;;;;;;;;;;;;;;;;;;;;;;;;;;;;;;;;;;;;;;;;;;
-5.600;;;;;;;;;;;;;;;;;;;;;;;;;;;;;;;;;;;;;;;;;;;;;;;;;;;;;;;;;;;;;;;;;;2363;2357;2353;2350;2349;2349;2351;2354;2359;2365;2373;2382;2393;2405;2419;2434;2451;2470;2490;2512;2535;2560;;;;;;;;;;;;;;;;;;;;;;;;;;;;;;;;;;;;;;;;;;;;;;;;;;;;;;;
-5.700;;;;;;;;;;;;;;;;;;;;;;;;;;;;;;;;;;;;;;;;;;;;;;;;;;;;;;;;;;;;;;;;;;;;;;;;;;;;;;;;;;;;;;;;;;;;;;;;;;;;;;;;;;;;;;;;;;;;;;;;;;;;;;;;;;;;;;;;;;;;;;
-5.800;;;;;;;;;;;;;;;;;;;;;;;;;;;;;;;;;;;;;;;;;;;;;;;;;;;;;;;;;;;;;;;;;;;;;;;;;;;;;;;;;;;;;;;;;;;;;;;;;;;;;;;;;;;;;;;;;;;;;;;;;;;;;;;;;;;;;;;;;;;;;;
-5.900;;;;;;;;;;;;;;;;;;;;;;;;;;;;;;;;;;;;;;;;;;;;;;;;;;;;;;;;;;;;;;;;;;;;;;;;;;;;;;;;;;;;;;;;;;;;;;;;;;;;;;;;;;;;;;;;;;;;;;;;;;;;;;;;;;;;;;;;;;;;;;
-6.000;;;;;;;;;;;;;;;;;;;;;;;;;;;;;;;;;;;;;;;;;;;;;;;;;;;;;;;;;;;;;;;;;;;;;;;;;;;;;;;;;;;;;;;;;;;;;;;;;;;;;;;;;;;;;;;;;;;;;;;;;;;;;;;;;;;;;;;;;;;;;;
-6.100;;;;;;;;;;;;;;;;;;;;;;;;;;;;;;;;;;;;;;;;;;;;;;;;;;;;;;;;;;;;;;;;;;;;;;;;;;;;;;;;;;;;;;;;;;;;;;;;;;;;;;;;;;;;;;;;;;;;;;;;;;;;;;;;;;;;;;;;;;;;;;
-6.200;;;;;;;;;;;;;;;;;;;;;;;;;;;;;;;;;;;;;;;;;;;;;;;;;;;;;;;;;;;;;;;;;;;;;;;;;;;;;;;;;;;;;;;;;;;;;;;;;;;;;;;;;;;;;;;;;;;;;;;;;;;;;;;;;;;;;;;;;;;;;;
-6.300;;;;;;;;;;;;;;;;;;;;;;;;;;;;;;;;;;;;;;;;;;;;;;;;;;;;;;;;;;;;;;;;;;;;;;;;;;;;;;;;;;;;;;;;;;;;;;;;;;;;;;;;;;;;;;;;;;;;;;;;;;;;;;;;;;;;;;;;;;;;;;
-6.400;;;;;;;;;;;;;;;;;;;;;;;;;;;;;;;;;;;;;;;;;;;;;;;;;;;;;;;;;;;;;;;;;;;;;;;;;;;;;;;;;;;;;;;;;;;;;;;;;;;;;;;;;;;;;;;;;;;;;;;;;;;;;;;;;;;;;;;;;;;;;;
-6.500;;;;;;;;;;;;;;;;;;;;;;;;;;;;;;;;;;;;;;;;;;;;;;;;;;;;;;;;;;;;;;;;;;;;;;;;;;;;;;;;;;;;;;;;;;;;;;;;;;;;;;;;;;;;;;;;;;;;;;;;;;;;;;;;;;;;;;;;;;;;;;
-6.600;;;;;;;;;;;;;;;;;;;;;;;;;;;;;;;;;;;;;;;;;;;;;;;;;;;;;;;;;;;;;;;;;;;;;;;;;;;;;;;;;;;;;;;;;;;;;;;;;;;;;;;;;;;;;;;;;;;;;;;;;;;;;;;;;;;;;;;;;;;;;;
-6.700;;;;;;;;;;;;;;;;;;;;;;;;;;;;;;;;;;;;;;;;;;;;;;;;;;;;;;;;;;;;;;;;;;;;;;;;;;;;;;;;;;;;;;;;;;;;;;;;;;;;;;;;;;;;;;;;;;;;;;;;;;;;;;;;;;;;;;;;;;;;;;
-6.800;;;;;;;;;;;;;;;;;;;;;;;;;;;;;;;;;;;;;;;;;;;;;;;;;;;;;;;;;;;;;;;;;;;;;;;;;;;;;;;;;;;;;;;;;;;;;;;;;;;;;;;;;;;;;;;;;;;;;;;;;;;;;;;;;;;;;;;;;;;;;;
-6.900;;;;;;;;;;;;;;;;;;;;;;;;;;;;;;;;;;;;;;;;;;;;;;;;;;;;;;;;;;;;;;;;;;;;;;;;;;;;;;;;;;;;;;;;;;;;;;;;;;;;;;;;;;;;;;;;;;;;;;;;;;;;;;;;;;;;;;;;;;;;;;
-7.000;;;;;;;;;;;;;;;;;;;;;;;;;;;;;;;;;;;;;;;;;;;;;;;;;;;;;;;;;;;;;;;;;;;;;;;;;;;;;;;;;;;;;;;;;;;;;;;;;;;;;;;;;;;;;;;;;;;;;;;;;;;;;;;;;;;;;;;;;;;;;;
BACK;-7.000;-6.900;-6.800;-6.700;-6.600;-6.500;-6.400;-6.300;-6.200;-6.100;-6.000;-5.900;-5.800;-5.700;-5.600;-5.500;-5.400;-5.300;-5.200;-5.100;-5.000;-4.900;-4.800;-4.700;-4.600;-4.500;-4.400;-4.300;-4.200;-4.100;-4.000;-3.900;-3.800;-3.700;-3.600;-3.500;-3.400;-3.300;-3.200;-3.100;-3.000;-2.900;-2.800;-2.700;-2.600;-2.500;-2.400;-2.300;-2.200;-2.100;-2.000;-1.900;-1.800;-1.700;-1.600;-1.500;-1.400;-1.300;-1.200;-1.100;-1.000;-0.900;-0.800;-0.700;-0.600;-0.500;-0.400;-0.300;-0.200;-0.100;0.000;0.100;0.200;0.300;0.400;0.500;0.600;0.700;0.800;0.900;1.000;1.100;1.200;1.300;1.400;1.500;1.600;1.700;1.800;1.900;2.000;2.100;2.200;2.300;2.400;2.500;2.600;2.700;2.800;2.900;3.000;3.100;3.200;3.300;3.400;3.500;3.600;3.700;3.800;3.900;4.000;4.100;4.200;4.300;4.400;4.500;4.600;4.700;4.800;4.900;5.000;5.100;5.200;5.300;5.400;5.500;5.600;5.700;5.800;5.900;6.000;6.100;6.200;6.300;6.400;6.500;6.600;6.700;6.800;6.900;7.000;
7.000;;;;;;;;;;;;;;;;;;;;;;;;;;;;;;;;;;;;;;;;;;;;;;;;;;;;;;;;;;;;;;;;;;;;;;;;;;;;;;;;;;;;;;;;;;;;;;;;;;;;;;;;;;;;;;;;;;;;;;;;;;;;;;;;;;;;;;;;;;;;;;
6.900;;;;;;;;;;;;;;;;;;;;;;;;;;;;;;;;;;;;;;;;;;;;;;;;;;;;;;;;;;;;;;;;;;;;;;;;;;;;;;;;;;;;;;;;;;;;;;;;;;;;;;;;;;;;;;;;;;;;;;;;;;;;;;;;;;;;;;;;;;;;;;
6.800;;;;;;;;;;;;;;;;;;;;;;;;;;;;;;;;;;;;;;;;;;;;;;;;;;;;;;;;;;;;;;;;;;;;;;;;;;;;;;;;;;;;;;;;;;;;;;;;;;;;;;;;;;;;;;;;;;;;;;;;;;;;;;;;;;;;;;;;;;;;;;
6.700;;;;;;;;;;;;;;;;;;;;;;;;;;;;;;;;;;;;;;;;;;;;;;;;;;;;;;;;;;;;;;;;;;;;;;;;;;;;;;;;;;;;;;;;;;;;;;;;;;;;;;;;;;;;;;;;;;;;;;;;;;;;;;;;;;;;;;;;;;;;;;
6.600;;;;;;;;;;;;;;;;;;;;;;;;;;;;;;;;;;;;;;;;;;;;;;;;;;;;;;;;;;;;;;;;;;;;;;;;;;;;;;;;;;;;;;;;;;;;;;;;;;;;;;;;;;;;;;;;;;;;;;;;;;;;;;;;;;;;;;;;;;;;;;
6.500;;;;;;;;;;;;;;;;;;;;;;;;;;;;;;;;;;;;;;;;;;;;;;;;;;;;;;;;;;;;;;;;;;;;;;;;;;;;;;;;;;;;;;;;;;;;;;;;;;;;;;;;;;;;;;;;;;;;;;;;;;;;;;;;;;;;;;;;;;;;;;
6.400;;;;;;;;;;;;;;;;;;;;;;;;;;;;;;;;;;;;;;;;;;;;;;;;;;;;;;;;;;;;;;;;;;;;;;;;;;;;;;;;;;;;;;;;;;;;;;;;;;;;;;;;;;;;;;;;;;;;;;;;;;;;;;;;;;;;;;;;;;;;;;
6.300;;;;;;;;;;;;;;;;;;;;;;;;;;;;;;;;;;;;;;;;;;;;;;;;;;;;;;;;;;;;;;;;;;;;;;;;;;;;;;;;;;;;;;;;;;;;;;;;;;;;;;;;;;;;;;;;;;;;;;;;;;;;;;;;;;;;;;;;;;;;;;
6.200;;;;;;;;;;;;;;;;;;;;;;;;;;;;;;;;;;;;;;;;;;;;;;;;;;;;;;;;;;;;;;;;;;;;;;;;;;;;;;;;;;;;;;;;;;;;;;;;;;;;;;;;;;;;;;;;;;;;;;;;;;;;;;;;;;;;;;;;;;;;;;
6.100;;;;;;;;;;;;;;;;;;;;;;;;;;;;;;;;;;;;;;;;;;;;;;;;;;;;;;;;;;;;;;;;;;;;;;;;;;;;;;;;;;;;;;;;;;;;;;;;;;;;;;;;;;;;;;;;;;;;;;;;;;;;;;;;;;;;;;;;;;;;;;
6.000;;;;;;;;;;;;;;;;;;;;;;;;;;;;;;;;;;;;;;;;;;;;;;;;;;;;;;;;;;;;;;;;;;;;;;;;;;;;;;;;;;;;;;;;;;;;;;;;;;;;;;;;;;;;;;;;;;;;;;;;;;;;;;;;;;;;;;;;;;;;;;
5.900;;;;;;;;;;;;;;;;;;;;;;;;;;;;;;;;;;;;;;;;;;;;;;;;;;;;;;;;;;;;;;;;;;;;;;;;;;;;;;;;;;;;;;;;;;;;;;;;;;;;;;;;;;;;;;;;;;;;;;;;;;;;;;;;;;;;;;;;;;;;;;
5.800;;;;;;;;;;;;;;;;;;;;;;;;;;;;;;;;;;;;;;;;;;;;;;;;;;;;;;;;;;;;;;;;;;;;;;;;;;;;;;;;;;;;;;;;;;;;;;;;;;;;;;;;;;;;;;;;;;;;;;;;;;;;;;;;;;;;;;;;;;;;;;
5.700;;;;;;;;;;;;;;;;;;;;;;;;;;;;;;;;;;;;;;;;;;;;;;;;;;;;;;;;;;;;;;;;;;;;;;;;;;;;;;;;;;;;;;;;;;;;;;;;;;;;;;;;;;;;;;;;;;;;;;;;;;;;;;;;;;;;;;;;;;;;;;
5.600;;;;;;;;;;;;;;;;;;;;;;;;;;;;;;;;;;;;;;;;;;;;;;;;;;;;;;;;;;;;;;;;;;;;;;;;;;;;;;;;;;;;;;;;;;;;;;;;;;;;;;;;;;;;;;;;;;;;;;;;;;;;;;;;;;;;;;;;;;;;;;
5.500;;;;;;;;;;;;;;;;;;;;;;;;;;;;;;;;;;;;;;;;;;;;;;;;;;;;;;;;;;;;;;;;;;;;;;;;;;;;;;;;;;;;;;;;;;;;;;;;;;;;;;;;;;;;;;;;;;;;;;;;;;;;;;;;;;;;;;;;;;;;;;
5.400;;;;;;;;;;;;;;;;;;;;;;;;;;;;;;;;;;;;;;;;;;;;;;;;;;;;;;;;;;;;;;;;;;;;;;;;;;;;;;;;;;;;;;;;;;;;;;;;;;;;;;;;;;;;;;;;;;;;;;;;;;;;;;;;;;;;;;;;;;;;;;
5.300;;;;;;;;;;;;;;;;;;;;;;;;;;;;;;;;;;;;;;;;;;;;;;;;;;;;;;;;;;;;;;;;;;;;;;;;;;;;;;;;;;;;;;;;;;;;;;;;;;;;;;;;;;;;;;;;;;;;;;;;;;;;;;;;;;;;;;;;;;;;;;
5.200;;;;;;;;;;;;;;;;;;;;;;;;;;;;;;;;;;;;;;;;;;;;;;;;;;;;;;;;;;;;;;;;;;;;;;;;;;;;;;;;;;;;;;;;;;;;;;;;;;;;;;;;;;;;;;;;;;;;;;;;;;;;;;;;;;;;;;;;;;;;;;
5.100;;;;;;;;;;;;;;;;;;;;;;;;;;;;;;;;;;;;;;;;;;;;;;;;;;;;;;;;;;;;;;;;;;;;;;;;;;;;;;;;;;;;;;;;;;;;;;;;;;;;;;;;;;;;;;;;;;;;;;;;;;;;;;;;;;;;;;;;;;;;;;
5.000;;;;;;;;;;;;;;;;;;;;;;;;;;;;;;;;;;;;;;;;;;;;;;;;;;;;;;;;;;;;;;;;;;;;;;;;;;;;;;;;;;;;;;;;;;;;;;;;;;;;;;;;;;;;;;;;;;;;;;;;;;;;;;;;;;;;;;;;;;;;;;
4.900;;;;;;;;;;;;;;;;;;;;;;;;;;;;;;;;;;;;;;;;;;;;;;;;;;;;;;;;;;;;;;;;;;;;;;;;;;;;;;;;;;;;;;;;;;;;;;;;;;;;;;;;;;;;;;;;;;;;;;;;;;;;;;;;;;;;;;;;;;;;;;
4.800;;;;;;;;;;;;;;;;;;;;;;;;;;;;;;;;;;;;;;;;;;;;;;;;;;;;;;;;;;;;;;;;;;;;;;;;;;;;;;;;;;;;;;;;;;;;;;;;;;;;;;;;;;;;;;;;;;;;;;;;;;;;;;;;;;;;;;;;;;;;;;
4.700;;;;;;;;;;;;;;;;;;;;;;;;;;;;;;;;;;;;;;;;;;;;;;;;;;;;;;;;;;;;;;;;;;;;;;;;;;;;;;;;;;;;;;;;;;;;;;;;;;;;;;;;;;;;;;;;;;;;;;;;;;;;;;;;;;;;;;;;;;;;;;
4.600;;;;;;;;;;;;;;;;;;;;;;;;;;;;;;;;;;;;;;;;;;;;;;;;;;;;;;;;;;;;;;;;;;;;;;;;;;;;;;;;;;;;;;;;;;;;;;;;;;;;;;;;;;;;;;;;;;;;;;;;;;;;;;;;;;;;;;;;;;;;;;
4.500;;;;;;;;;;;;;;;;;;;;;;;;;;;;;;;;;;;;;;;;;;;;;;;;;;;;;;;;;;;;;;;;;;;;;;;;;;;;;;;;;;;;;;;;;;;;;;;;;;;;;;;;;;;;;;;;;;;;;;;;;;;;;;;;;;;;;;;;;;;;;;
4.400;;;;;;;;;;;;;;;;;;;;;;;;;;;;;;;;;;;;;;;;;;;;;;;;;;;;;;;;;;;;;;;;;;;;;;;;;;;;;;;;;;;;;;;;;;;;;;;;;;;;;;;;;;;;;;;;;;;;;;;;;;;;;;;;;;;;;;;;;;;;;;
4.300;;;;;;;;;;;;;;;;;;;;;;;;;;;;;;;;;;;;;;;;;;;;;;;;;;;;;;;;;;;;;;;;;;;;;;;;;;;;;;;;;;;;;;;;;;;;;;;;;;;;;;;;;;;;;;;;;;;;;;;;;;;;;;;;;;;;;;;;;;;;;;
4.200;;;;;;;;;;;;;;;;;;;;;;;;;;;;;;;;;;;;;;;;;;;;;;;;;;;;;;;;;;;;;;;;;;;;;;;;;;;;;;;;;;;;;;;;;;;;;;;;;;;;;;;;;;;;;;;;;;;;;;;;;;;;;;;;;;;;;;;;;;;;;;
4.100;;;;;;;;;;;;;;;;;;;;;;;;;;;;;;;;;;;;;;;;;;;;;;;;;;;;;;;;;;;;;;;;;;;;;;;;;;;;;;;;;;;;;;;;;;;;;;;;;;;;;;;;;;;;;;;;;;;;;;;;;;;;;;;;;;;;;;;;;;;;;;
4.000;;;;;;;;;;;;;;;;;;;;;;;;;;;;;;;;;;;;;;;;;;;;;;;;;;;;;;;;;;;;;;;;;;;;1491;1488;1488;1489;1491;1496;1502;1509;1519;1531;1544;1559;1576;1595;1615;1638;1663;1690;1718;;;;;;;;;;;;;;;;;;;;;;;;;;;;;;;;;;;;;;;;;;;;;;;;;;;;;;;;
3.900;;;;;;;;;;;;;;;;;;;;;;;;;;;;;;;;;;;;;;;;;;;;;;;;;;;;;;;;;;;;;;;1458;1446;1436;1428;1422;1418;1415;1414;1414;1417;1421;1426;1434;1443;1454;1467;1482;1499;1518;1538;1561;1585;1612;1640;1671;1703;1738;1775;1814;;;;;;;;;;;;;;;;;;;;;;;;;;;;;;;;;;;;;;;;;;;;;;;;;;;
3.800;;;;;;;;;;;;;;;;;;;;;;;;;;;;;;;;;;;;;;;;;;;;;;;;;;;;;;;;;;;1452;1433;1416;1401;1388;1376;1366;1358;1351;1346;1343;1342;1342;1344;1348;1353;1360;1369;1380;1393;1407;1424;1442;1462;1485;1509;1535;1563;1594;1626;1661;1698;1736;1777;1820;1865;1913;;;;;;;;;;;;;;;;;;;;;;;;;;;;;;;;;;;;;;;;;;;;;;;
3.700;;;;;;;;;;;;;;;;;;;;;;;;;;;;;;;;;;;;;;;;;;;;;;;;;;;;;;;;1453;1428;1406;1385;1366;1349;1333;1319;1307;1297;1289;1282;1277;1273;1271;1271;1273;1276;1282;1289;1297;1308;1320;1334;1351;1369;1389;1411;1435;1461;1489;1519;1551;1585;1622;1660;1701;1744;1789;1836;1885;1937;;;;;;;;;;;;;;;;;;;;;;;;;;;;;;;;;;;;;;;;;;;;;
3.600;;;;;;;;;;;;;;;;;;;;;;;;;;;;;;;;;;;;;;;;;;;;;;;;;;;;;1473;1443;1414;1388;1363;1340;1319;1300;1283;1267;1253;1241;1230;1221;1214;1209;1205;1203;1202;1204;1207;1212;1219;1227;1237;1249;1263;1279;1297;1317;1338;1362;1388;1416;1445;1477;1512;1548;1586;1627;1669;1714;1761;1810;1861;1915;1971;2028;;;;;;;;;;;;;;;;;;;;;;;;;;;;;;;;;;;;;;;;;;
3.500;;;;;;;;;;;;;;;;;;;;;;;;;;;;;;;;;;;;;;;;;;;;;;;;;;;1476;1442;1410;1380;1351;1325;1300;1277;1256;1236;1218;1202;1188;1176;1165;1156;1148;1142;1138;1136;1135;1137;1139;1144;1150;1159;1169;1180;1194;1210;1227;1247;1268;1292;1317;1345;1374;1406;1440;1476;1514;1554;1596;1641;1688;1737;1788;1841;1897;1954;2014;2076;;;;;;;;;;;;;;;;;;;;;;;;;;;;;;;;;;;;;;;;
3.400;;;;;;;;;;;;;;;;;;;;;;;;;;;;;;;;;;;;;;;;;;;;;;;;;1489;1451;1415;1381;1349;1319;1290;1263;1238;1215;1194;1174;1156;1140;1125;1112;1101;1092;1084;1078;1074;1071;1070;1071;1074;1078;1084;1092;1102;1113;1127;1142;1160;1179;1200;1223;1248;1275;1305;1336;1370;1405;1443;1483;1525;1570;1616;1665;1716;1769;1824;1882;1942;2003;2068;;;;;;;;;;;;;;;;;;;;;;;;;;;;;;;;;;;;;;;
3.300;;;;;;;;;;;;;;;;;;;;;;;;;;;;;;;;;;;;;;;;;;;;;;;1510;1469;1429;1392;1356;1322;1289;1259;1230;1203;1178;1155;1133;1113;1095;1078;1064;1051;1039;1030;1022;1015;1011;1008;1007;1008;1010;1014;1020;1028;1037;1049;1062;1077;1094;1113;1134;1157;1181;1208;1237;1269;1302;1337;1375;1414;1456;1500;1547;1595;1646;1699;1754;1811;1871;1933;1997;2063;2131;;;;;;;;;;;;;;;;;;;;;;;;;;;;;;;;;;;;;
3.200;;;;;;;;;;;;;;;;;;;;;;;;;;;;;;;;;;;;;;;;;;;;;1540;1495;1452;1411;1371;1334;1298;1264;1231;1201;1172;1145;1120;1096;1074;1054;1036;1019;1004;991;979;969;961;955;950;947;946;946;948;952;958;965;974;986;999;1013;1030;1049;1070;1092;1117;1144;1172;1203;1236;1271;1308;1348;1389;1433;1479;1527;1578;1630;1685;1742;1802;1863;1927;1993;2062;2133;2206;;;;;;;;;;;;;;;;;;;;;;;;;;;;;;;;;;;
3.100;;;;;;;;;;;;;;;;;;;;;;;;;;;;;;;;;;;;;;;;;;;1578;1530;1483;1439;1396;1355;1315;1278;1242;1207;1175;1144;1115;1088;1062;1039;1017;996;978;961;946;932;921;911;902;896;891;887;886;886;888;892;897;905;914;925;938;952;969;987;1008;1030;1054;1081;1109;1140;1172;1207;1244;1283;1324;1368;1414;1461;1511;1564;1618;1675;1734;1796;1860;1926;1994;2065;2138;2214;;;;;;;;;;;;;;;;;;;;;;;;;;;;;;;;;;
3.000;;;;;;;;;;;;;;;;;;;;;;;;;;;;;;;;;;;;;;;;;;1573;1523;1475;1429;1384;1341;1300;1261;1223;1187;1153;1120;1089;1060;1033;1007;983;961;940;922;905;889;876;864;854;845;838;833;830;828;828;830;834;839;846;855;866;879;893;909;928;948;970;994;1020;1048;1079;1111;1146;1182;1221;1262;1305;1350;1398;1448;1500;1554;1610;1669;1730;1794;1860;1928;1999;2072;2148;2226;;;;;;;;;;;;;;;;;;;;;;;;;;;;;;;;;
2.900;;;;;;;;;;;;;;;;;;;;;;;;;;;;;;;;;;;;;;;;;1570;1519;1470;1422;1376;1331;1288;1247;1208;1170;1134;1099;1067;1036;1006;979;953;929;907;886;867;850;835;821;809;799;790;783;778;774;773;773;774;778;783;790;799;809;822;836;852;870;890;912;936;962;990;1020;1052;1086;1122;1161;1201;1244;1289;1336;1386;1437;1491;1548;1606;1667;1730;1796;1864;1935;2008;2083;2161;2242;;;;;;;;;;;;;;;;;;;;;;;;;;;;;;;;
2.800;;;;;;;;;;;;;;;;;;;;;;;;;;;;;;;;;;;;;;;1626;1571;1519;1468;1418;1371;1324;1280;1237;1196;1156;1118;1082;1048;1015;984;954;927;901;877;854;833;814;797;782;768;756;745;737;730;724;721;719;719;720;724;729;736;744;755;767;781;797;815;835;856;880;906;933;963;995;1029;1065;1103;1143;1186;1230;1277;1326;1377;1431;1487;1545;1606;1669;1734;1802;1872;1945;2020;2098;2179;2262;;;;;;;;;;;;;;;;;;;;;;;;;;;;;;;
2.700;;;;;;;;;;;;;;;;;;;;;;;;;;;;;;;;;;;;;;1632;1576;1522;1469;1418;1369;1321;1275;1230;1187;1146;1106;1068;1032;997;964;933;904;876;850;826;803;782;763;746;730;717;704;694;685;678;673;669;667;667;669;672;677;683;692;702;714;728;744;762;781;803;826;852;879;909;940;974;1009;1047;1087;1129;1174;1220;1269;1320;1373;1428;1486;1547;1609;1674;1742;1812;1884;1960;2038;2118;2201;2287;;;;;;;;;;;;;;;;;;;;;;;;;;;;;;
2.600;;;;;;;;;;;;;;;;;;;;;;;;;;;;;;;;;;;;;1641;1583;1528;1474;1421;1370;1321;1273;1227;1182;1139;1097;1058;1020;983;949;916;884;855;827;801;777;754;733;714;697;681;667;655;644;636;628;623;619;617;617;619;622;627;633;642;652;664;678;694;711;730;752;775;800;827;857;888;921;956;994;1034;1075;1119;1165;1214;1264;1317;1372;1430;1490;1552;1617;1684;1754;1826;1901;1979;2059;2142;2228;2317;;;;;;;;;;;;;;;;;;;;;;;;;;;;;
2.500;;;;;;;;;;;;;;;;;;;;;;;;;;;;;;;;;;;;1654;1595;1537;1481;1427;1375;1324;1274;1226;1180;1135;1092;1051;1011;973;936;901;868;837;807;779;753;729;706;685;666;649;633;619;607;597;588;581;575;572;570;569;571;574;579;585;594;604;616;629;645;662;682;703;726;751;778;807;838;871;906;943;982;1024;1067;1113;1161;1211;1264;1318;1375;1435;1497;1561;1628;1697;1769;1844;1922;2002;2085;2171;2260;2351;;;;;;;;;;;;;;;;;;;;;;;;;;;;
2.400;;;;;;;;;;;;;;;;;;;;;;;;;;;;;;;;;;;1670;1609;1550;1493;1437;1383;1330;1279;1229;1181;1135;1090;1047;1005;966;927;891;856;823;791;762;734;708;683;661;640;621;603;587;574;561;551;542;535;530;526;524;524;525;528;533;540;548;558;570;583;599;616;635;656;679;704;730;759;790;823;857;894;933;974;1017;1063;1110;1160;1212;1267;1323;1382;1444;1508;1574;1643;1715;1789;1867;1947;2029;2115;2204;2296;2390;;;;;;;;;;;;;;;;;;;;;;;;;;;
2.300;;;;;;;;;;;;;;;;;;;;;;;;;;;;;;;;;;1690;1627;1567;1507;1450;1394;1340;1287;1236;1186;1138;1092;1047;1004;962;922;883;847;812;779;747;718;690;664;639;616;596;576;559;544;530;517;507;498;491;486;482;480;480;481;484;489;496;504;514;526;539;555;572;591;611;634;659;685;714;744;777;811;848;886;927;970;1015;1062;1112;1163;1217;1274;1332;1393;1457;1523;1592;1663;1737;1814;1894;1976;2062;2150;2242;2337;2434;;;;;;;;;;;;;;;;;;;;;;;;;;
2.200;;;;;;;;;;;;;;;;;;;;;;;;;;;;;;;;;;1649;1587;1526;1467;1409;1353;1299;1246;1195;1145;1097;1050;1005;962;920;880;841;805;770;736;705;675;647;621;597;574;553;534;517;501;488;475;465;456;449;444;440;439;438;440;443;448;454;462;472;484;497;512;529;548;569;591;616;642;670;701;733;767;803;842;882;925;969;1016;1065;1117;1170;1226;1284;1345;1408;1474;1542;1613;1687;1763;1843;1925;2010;2099;2190;2285;2383;2483;;;;;;;;;;;;;;;;;;;;;;;;;
2.100;;;;;;;;;;;;;;;;;;;;;;;;;;;;;;;;;1675;1611;1548;1487;1428;1370;1314;1259;1206;1155;1105;1057;1010;965;921;880;839;801;764;729;696;664;635;607;581;556;534;513;494;477;461;447;435;425;416;410;404;401;399;399;400;403;408;414;423;432;444;457;473;489;508;529;551;575;601;629;659;691;725;761;799;840;882;926;973;1021;1072;1125;1181;1239;1299;1362;1427;1495;1565;1639;1715;1794;1876;1961;2049;2141;2235;2333;2434;;;;;;;;;;;;;;;;;;;;;;;;;
2.000;;;;;;;;;;;;;;;;;;;;;;;;;;;;;;;;1705;1638;1574;1511;1450;1391;1333;1277;1222;1169;1117;1067;1018;972;926;883;841;801;762;725;690;657;626;596;568;542;518;495;474;456;438;423;409;397;387;379;372;366;363;361;361;362;366;370;377;385;395;406;420;435;451;470;490;513;537;563;591;620;652;686;722;759;799;841;885;931;980;1030;1083;1138;1196;1255;1318;1383;1450;1520;1593;1669;1747;1829;1914;2002;2093;2187;2285;2386;2490;;;;;;;;;;;;;;;;;;;;;;;;
1.900;;;;;;;;;;;;;;;;;;;;;;;;;;;;;;;1739;1670;1604;1539;1476;1415;1355;1297;1241;1186;1133;1081;1031;982;935;890;846;804;764;725;688;653;620;589;559;531;505;481;459;438;419;402;387;373;361;351;343;336;331;327;325;325;327;330;335;341;349;359;371;384;399;416;434;454;476;500;526;554;583;615;648;684;721;761;803;846;892;940;990;1043;1097;1155;1214;1276;1340;1407;1477;1550;1625;1703;1784;1869;1957;2047;2142;2239;2340;2444;2551;;;;;;;;;;;;;;;;;;;;;;;
1.800;;;;;;;;;;;;;;;;;;;;;;;;;;;;;;;1707;1638;1571;1506;1443;1381;1322;1263;1207;1152;1098;1046;996;947;900;854;811;769;728;690;653;618;585;553;524;496;470;446;424;403;384;367;352;339;327;317;309;302;297;293;292;292;293;296;301;308;316;326;337;350;365;382;400;420;442;466;492;519;549;580;613;648;686;725;766;810;855;903;953;1005;1059;1116;1175;1236;1300;1367;1436;1508;1583;1661;1742;1826;1914;2004;2098;2196;2296;2400;2507;;;;;;;;;;;;;;;;;;;;;;;
1.700;;;;;;;;;;;;;;;;;;;;;;;;;;;;;;1747;1676;1607;1540;1475;1411;1350;1290;1231;1174;1119;1065;1013;963;914;867;821;777;735;695;656;620;585;551;520;491;463;437;413;391;370;352;335;320;306;295;285;277;270;265;262;260;260;262;265;270;276;284;294;305;318;333;350;368;388;410;434;459;486;516;547;580;615;652;691;732;775;820;868;917;969;1023;1079;1138;1199;1263;1329;1398;1469;1544;1621;1702;1786;1873;1963;2057;2154;2255;2358;2466;2576;;;;;;;;;;;;;;;;;;;;;;
1.600;;;;;;;;;;;;;;;;;;;;;;;;;;;;;;1719;1647;1578;1511;1445;1382;1320;1260;1201;1144;1088;1034;982;931;883;835;790;746;704;663;625;588;553;520;489;459;432;406;382;360;340;321;304;289;276;265;255;246;240;235;232;230;230;232;235;240;246;254;264;276;289;303;320;338;358;380;403;429;456;485;516;549;584;620;659;700;743;788;835;884;935;989;1045;1103;1164;1227;1293;1362;1433;1507;1584;1664;1748;1834;1924;2018;2115;2215;2319;2426;2536;;;;;;;;;;;;;;;;;;;;;;
1.500;;;;;;;;;;;;;;;;;;;;;;;;;;;;;1766;1692;1620;1551;1483;1418;1354;1292;1231;1172;1115;1059;1005;953;902;853;805;760;716;674;633;595;558;523;490;459;430;402;377;353;331;311;292;276;261;248;236;226;218;212;207;204;202;202;204;207;212;219;227;236;248;261;275;292;310;330;351;375;400;427;456;487;520;554;591;629;670;713;757;804;853;904;957;1013;1071;1131;1194;1260;1328;1399;1472;1549;1629;1712;1798;1888;1981;2077;2178;2281;2388;2499;2612;;;;;;;;;;;;;;;;;;;;;
1.400;;;;;;;;;;;;;;;;;;;;;;;;;;;;;1741;1667;1595;1526;1458;1392;1328;1265;1204;1145;1088;1032;978;925;874;825;778;732;688;646;605;567;530;495;462;431;402;375;349;326;304;284;265;249;234;221;210;200;192;186;181;178;176;176;178;181;186;193;201;210;222;235;249;266;284;304;325;348;373;400;429;460;492;527;563;601;642;684;729;775;824;875;928;983;1041;1101;1163;1228;1296;1366;1440;1516;1596;1678;1764;1853;1946;2042;2142;2246;2353;2463;2577;;;;;;;;;;;;;;;;;;;;;
1.300;;;;;;;;;;;;;;;;;;;;;;;;;;;;1795;1718;1644;1572;1502;1434;1368;1303;1240;1179;1120;1062;1006;952;899;848;799;752;706;662;620;579;541;504;470;437;406;377;349;324;300;279;259;241;224;210;197;185;176;168;162;157;154;152;152;154;157;162;169;177;186;198;211;225;241;259;279;300;324;349;375;404;435;467;501;537;576;616;658;702;749;797;847;900;955;1013;1072;1134;1199;1267;1337;1410;1486;1565;1647;1732;1821;1914;2010;2110;2213;2320;2430;2544;;;;;;;;;;;;;;;;;;;;;
1.200;;;;;;;;;;;;;;;;;;;;;;;;;;;;1774;1697;1623;1550;1480;1412;1345;1280;1217;1156;1097;1039;983;928;875;824;775;727;681;638;595;555;517;480;446;413;382;353;326;300;277;255;236;218;201;187;174;163;153;145;139;135;132;130;130;132;135;140;147;155;164;175;188;203;219;237;256;278;301;326;352;381;411;444;478;514;552;592;634;678;724;772;822;875;930;987;1046;1108;1172;1239;1309;1382;1457;1536;1618;1703;1791;1884;1979;2079;2182;2289;2399;2513;2629;;;;;;;;;;;;;;;;;;;;
1.100;;;;;;;;;;;;;;;;;;;;;;;;;;;1834;1754;1678;1603;1530;1460;1391;1324;1259;1196;1135;1075;1017;961;906;853;802;752;705;659;615;573;533;494;458;423;391;360;331;304;279;256;234;214;197;180;166;153;142;133;125;119;114;111;110;110;112;115;120;126;134;144;155;168;182;198;216;236;257;280;305;331;360;390;422;456;492;530;570;611;655;701;749;799;852;906;963;1022;1083;1148;1214;1284;1356;1431;1509;1591;1676;1764;1856;1951;2051;2153;2260;2370;2484;2600;;;;;;;;;;;;;;;;;;;;
1.000;;;;;;;;;;;;;;;;;;;;;;;;;;;1816;1737;1660;1585;1512;1441;1372;1305;1240;1177;1115;1055;997;940;886;833;781;732;684;639;595;553;512;474;438;403;371;340;311;284;259;236;215;195;177;161;147;134;123;114;106;100;96;93;91;91;93;96;101;108;115;125;136;149;163;179;197;216;238;261;285;312;340;370;402;436;472;510;549;591;635;680;728;778;830;884;941;1000;1061;1125;1191;1260;1332;1407;1485;1566;1651;1739;1830;1926;2024;2127;2234;2344;2457;2574;;;;;;;;;;;;;;;;;;;;
0.900;;;;;;;;;;;;;;;;;;;;;;;;;;;1801;1721;1644;1569;1495;1424;1355;1288;1222;1159;1097;1037;978;922;867;814;763;713;666;620;576;534;494;456;419;385;353;322;293;267;242;219;197;178;160;144;130;117;106;97;89;83;79;76;74;75;76;79;84;91;99;108;119;132;146;162;180;199;220;243;268;294;322;352;384;418;454;491;531;573;616;662;709;759;811;865;921;980;1041;1104;1171;1239;1311;1386;1463;1544;1628;1716;1807;1902;2001;2103;2209;2319;2433;2550;2669;;;;;;;;;;;;;;;;;;;
0.800;;;;;;;;;;;;;;;;;;;;;;;;;;1869;1787;1707;1629;1554;1480;1409;1340;1272;1207;1143;1081;1020;962;905;850;797;746;696;649;603;559;517;477;439;403;369;336;306;277;251;226;203;182;162;145;129;115;102;91;82;74;68;64;61;59;60;61;64;69;75;83;93;104;116;131;147;164;184;205;227;252;278;306;336;368;402;437;475;514;556;599;645;692;742;794;847;904;962;1023;1086;1152;1220;1292;1366;1443;1524;1608;1695;1786;1881;1979;2081;2187;2297;2411;2528;2647;;;;;;;;;;;;;;;;;;;
0.700;;;;;;;;;;;;;;;;;;;;;;;;;;1857;1774;1694;1616;1541;1467;1396;1326;1258;1192;1128;1066;1006;947;890;835;782;731;681;634;588;544;502;462;424;388;354;322;292;263;237;212;189;168;149;131;115;101;89;78;69;61;55;50;48;46;46;48;51;56;62;70;79;90;103;117;133;150;170;191;213;238;264;292;322;354;387;423;460;500;541;584;630;677;727;778;832;888;946;1007;1070;1135;1204;1275;1349;1426;1506;1590;1677;1767;1862;1960;2062;2168;2278;2391;2508;2627;;;;;;;;;;;;;;;;;;;
0.600;;;;;;;;;;;;;;;;;;;;;;;;;;1846;1764;1683;1605;1529;1455;1384;1314;1246;1180;1116;1053;993;934;877;822;769;718;668;621;575;531;489;450;412;376;342;309;279;251;224;200;177;156;137;119;104;89;77;66;57;49;43;39;36;35;35;36;39;44;50;58;67;78;91;105;121;138;157;178;201;225;252;280;309;341;375;410;448;487;528;571;617;664;713;765;818;874;932;993;1055;1121;1189;1260;1334;1410;1490;1574;1660;1751;1845;1943;2045;2151;2260;2373;2490;2610;2732;;;;;;;;;;;;;;;;;;
0.500;;;;;;;;;;;;;;;;;;;;;;;;;;1837;1754;1674;1596;1519;1445;1373;1303;1235;1169;1105;1042;982;923;866;811;758;706;657;609;564;520;478;439;401;365;331;299;269;240;214;190;167;146;127;109;94;80;67;56;47;40;34;29;26;25;25;26;29;34;40;48;57;68;80;95;110;128;147;168;190;215;241;269;299;330;364;399;437;476;517;560;605;653;702;753;807;862;920;981;1043;1109;1176;1247;1321;1397;1477;1560;1646;1737;1831;1928;2030;2136;2245;2358;2475;2595;2718;;;;;;;;;;;;;;;;;;
0.400;;;;;;;;;;;;;;;;;;;;;;;;;;1830;1747;1666;1588;1511;1437;1365;1295;1226;1160;1096;1033;972;913;856;801;748;697;647;600;554;511;469;429;392;356;322;290;260;232;206;181;158;138;119;101;85;71;59;48;39;32;26;21;18;16;16;18;21;26;32;39;49;59;72;86;102;119;138;159;181;206;232;260;290;321;355;390;427;467;508;551;596;643;692;744;797;853;910;971;1033;1098;1166;1236;1310;1386;1465;1548;1635;1725;1818;1916;2017;2123;2232;2345;2462;2582;2705;;;;;;;;;;;;;;;;;;
0.300;;;;;;;;;;;;;;;;;;;;;;;;;1910;1824;1741;1660;1581;1505;1430;1358;1288;1219;1153;1088;1025;965;906;849;794;740;689;640;592;547;503;462;422;384;349;315;283;253;225;199;174;152;131;112;95;79;65;53;42;33;25;19;15;11;10;10;11;14;19;25;33;42;52;65;79;95;112;131;152;174;199;225;253;282;314;347;383;420;459;500;544;589;636;685;736;789;845;902;962;1025;1090;1157;1228;1301;1377;1456;1539;1625;1715;1808;1906;2007;2112;2222;2335;2452;2572;2695;;;;;;;;;;;;;;;;;;
0.200;;;;;;;;;;;;;;;;;;;;;;;;;1905;1820;1736;1655;1577;1500;1425;1353;1282;1214;1147;1082;1020;959;900;843;788;734;683;634;586;541;497;456;416;379;343;310;278;248;220;194;170;147;126;107;90;74;60;48;37;28;20;14;10;7;5;5;6;9;14;20;27;36;47;59;73;89;106;125;146;169;193;219;247;277;308;342;377;414;454;495;538;583;630;679;730;783;839;896;956;1019;1084;1151;1221;1294;1370;1449;1532;1618;1707;1801;1898;1999;2104;2214;2327;2443;2564;2687;;;;;;;;;;;;;;;;;;
0.100;;;;;;;;;;;;;;;;;;;;;;;;;1903;1817;1734;1653;1574;1497;1422;1349;1279;1210;1143;1078;1016;955;896;839;783;730;679;630;582;537;494;452;413;375;340;306;274;245;217;191;166;144;123;104;87;71;57;45;34;25;17;11;7;3;2;2;3;6;10;16;24;33;44;56;70;85;103;122;142;165;189;215;243;273;304;338;373;411;450;491;534;579;626;675;726;779;835;892;952;1014;1079;1147;1217;1289;1365;1444;1527;1612;1702;1795;1892;1993;2099;2208;2321;2438;2558;2681;;;;;;;;;;;;;;;;;;
0.000;;;;;;;;;;;;;;;;;;;;;;;;;1902;1816;1733;1651;1572;1495;1420;1347;1277;1208;1141;1076;1013;952;893;836;781;728;677;627;580;535;491;450;411;373;338;304;273;243;215;189;165;142;122;103;86;70;56;44;33;24;16;10;5;2;0;0;1;4;9;14;22;31;42;54;68;83;100;119;140;163;187;213;241;271;302;336;371;409;448;489;532;577;624;673;724;777;833;890;950;1012;1077;1144;1214;1287;1363;1442;1524;1609;1699;1792;1889;1990;2095;2204;2317;2434;2555;2678;;;;;;;;;;;;;;;;;;
-0.100;;;;;;;;;;;;;;;;;;;;;;;;;1903;1817;1733;1652;1572;1495;1420;1347;1276;1208;1141;1076;1013;952;893;836;780;727;676;627;580;534;491;450;410;373;338;304;273;243;215;189;165;143;122;103;86;70;56;44;33;24;16;10;5;2;0;0;1;4;8;14;22;31;41;53;67;83;100;119;140;162;187;213;241;270;302;336;371;408;448;489;532;577;624;673;724;777;833;890;950;1012;1077;1144;1214;1286;1362;1441;1523;1609;1698;1791;1888;1989;2094;2203;2316;2433;2554;2677;2803;;;;;;;;;;;;;;;;;
-0.200;;;;;;;;;;;;;;;;;;;;;;;;;1905;1819;1735;1654;1574;1497;1422;1349;1278;1209;1142;1077;1014;953;894;837;782;728;677;628;581;536;492;451;412;375;339;306;274;245;217;191;167;145;124;105;88;72;58;46;35;26;18;12;7;4;2;2;3;6;10;16;23;32;43;55;69;84;101;120;141;164;188;214;242;272;304;337;373;410;449;491;534;579;626;675;726;779;834;892;952;1014;1078;1146;1215;1288;1364;1442;1524;1610;1699;1792;1889;1990;2095;2204;2318;2435;2555;2679;2804;;;;;;;;;;;;;;;;;
-0.300;;;;;;;;;;;;;;;;;;;;;;;;;1909;1823;1739;1658;1578;1501;1426;1352;1281;1212;1145;1080;1017;956;897;840;785;731;680;631;584;539;496;454;415;378;343;309;278;248;221;195;171;148;128;109;91;76;62;49;39;29;21;15;10;7;5;5;6;9;13;19;26;35;46;58;72;87;104;123;144;167;191;217;245;275;307;340;376;413;453;494;537;582;629;679;730;783;838;896;956;1018;1082;1149;1219;1292;1367;1446;1528;1614;1703;1796;1893;1994;2099;2208;2321;2438;2559;2683;2809;;;;;;;;;;;;;;;;;
-0.400;;;;;;;;;;;;;;;;;;;;;;;;;1915;1829;1745;1663;1584;1506;1431;1358;1286;1217;1150;1085;1022;961;902;844;789;736;685;636;589;544;501;459;420;383;348;315;283;254;226;200;176;154;133;114;97;81;67;55;44;34;26;20;15;12;10;10;11;14;18;23;31;40;50;62;76;92;109;128;149;171;196;222;250;280;312;346;381;419;458;499;543;588;635;684;735;789;844;901;961;1023;1088;1155;1225;1297;1373;1452;1534;1620;1709;1802;1899;2000;2105;2214;2328;2445;2565;2689;2815;;;;;;;;;;;;;;;;;
-0.500;;;;;;;;;;;;;;;;;;;;;;;;;1923;1837;1753;1671;1591;1513;1438;1365;1293;1224;1157;1092;1028;967;908;851;796;743;692;642;595;550;507;466;427;390;355;321;290;260;233;207;183;160;140;121;104;88;74;61;50;41;33;27;22;18;17;16;17;20;24;30;37;46;57;69;83;98;116;135;155;178;203;229;257;287;319;353;388;426;465;507;550;595;642;692;743;796;852;909;969;1031;1096;1163;1233;1305;1381;1460;1542;1628;1717;1810;1907;2008;2114;2223;2336;2454;2574;2698;2824;;;;;;;;;;;;;;;;;
-0.600;;;;;;;;;;;;;;;;;;;;;;;;;1933;1846;1762;1680;1600;1522;1447;1373;1302;1233;1165;1100;1037;976;916;859;804;751;700;651;604;559;516;475;435;398;363;330;298;269;241;215;191;169;148;129;112;96;82;70;59;49;41;35;30;27;25;24;25;28;32;38;45;54;65;77;91;106;124;143;164;186;211;237;266;296;328;361;397;435;474;516;559;604;652;701;752;806;861;919;979;1041;1106;1173;1243;1315;1391;1470;1552;1638;1727;1821;1918;2019;2124;2234;2348;2465;2586;2710;2836;;;;;;;;;;;;;;;;;
-0.700;;;;;;;;;;;;;;;;;;;;;;;;;1944;1858;1773;1691;1611;1533;1458;1384;1312;1243;1176;1110;1047;986;927;869;814;761;710;661;614;569;526;485;446;409;373;340;309;279;251;226;202;179;159;140;122;106;92;80;69;59;51;45;40;37;35;34;35;38;42;48;55;64;75;87;101;116;134;153;174;197;221;248;276;306;338;372;408;446;485;527;570;616;663;712;764;817;873;930;990;1053;1117;1185;1255;1328;1403;1482;1565;1651;1740;1834;1931;2032;2138;2248;2361;2479;2600;2724;2850;;;;;;;;;;;;;;;;;
-0.800;;;;;;;;;;;;;;;;;;;;;;;;;1957;1871;1786;1704;1624;1546;1470;1397;1325;1255;1188;1123;1059;998;939;881;826;773;722;673;626;581;538;497;458;420;385;352;321;291;263;237;213;191;170;151;134;118;104;91;80;71;63;57;52;48;46;46;47;49;54;59;67;76;86;98;112;128;146;165;186;209;233;260;288;318;350;384;420;458;498;540;583;629;676;725;777;830;886;944;1004;1066;1131;1199;1269;1342;1418;1497;1580;1666;1755;1849;1946;2048;2154;2264;2378;2495;2617;2741;;;;;;;;;;;;;;;;;;
-0.900;;;;;;;;;;;;;;;;;;;;;;;;;1973;1886;1801;1719;1639;1561;1485;1411;1339;1270;1202;1137;1073;1012;953;895;840;787;736;687;640;594;551;510;471;434;399;366;334;305;277;251;227;204;184;165;147;132;117;105;94;84;76;70;65;61;59;59;60;63;67;73;80;89;100;112;126;142;159;178;200;222;247;274;302;333;365;399;435;473;513;554;598;644;691;741;792;846;902;960;1020;1082;1147;1215;1285;1358;1435;1514;1597;1683;1773;1867;1965;2066;2172;2283;2397;2515;2636;2760;;;;;;;;;;;;;;;;;;
-1.000;;;;;;;;;;;;;;;;;;;;;;;;;1990;1903;1818;1736;1656;1577;1501;1427;1356;1286;1218;1153;1089;1028;968;911;856;803;751;702;655;610;567;526;487;449;414;381;349;320;292;266;242;220;199;180;162;147;132;120;109;99;91;85;80;76;74;74;75;78;82;88;95;104;115;127;141;157;175;194;215;238;263;290;318;349;381;415;451;489;529;571;615;660;708;758;809;863;919;977;1037;1100;1165;1233;1304;1377;1453;1533;1616;1703;1793;1887;1985;2087;2194;2304;2418;2537;2658;2782;;;;;;;;;;;;;;;;;;
-1.100;;;;;;;;;;;;;;;;;;;;;;;;;2009;1922;1837;1755;1674;1596;1520;1446;1374;1304;1236;1171;1107;1045;986;929;873;820;769;720;672;627;584;543;504;467;431;398;367;337;309;283;259;236;216;197;179;163;149;136;125;116;108;101;96;93;91;90;92;94;98;104;112;121;132;144;158;174;192;211;233;256;281;307;336;366;399;433;469;507;547;589;633;679;727;777;829;882;939;997;1057;1120;1186;1254;1324;1398;1475;1555;1638;1725;1815;1910;2008;2111;2218;2328;2443;2561;2683;2807;;;;;;;;;;;;;;;;;;
-1.200;;;;;;;;;;;;;;;;;;;;;;;;;2030;1943;1858;1776;1695;1617;1540;1466;1394;1324;1256;1190;1127;1065;1006;948;893;839;788;739;692;646;603;562;523;486;450;417;385;356;328;302;277;255;234;215;198;182;167;155;144;134;126;120;115;111;109;109;110;113;117;123;130;140;150;163;177;193;211;230;252;275;300;327;356;386;419;453;489;528;568;610;654;700;748;798;850;904;960;1018;1079;1142;1208;1276;1347;1421;1498;1579;1662;1749;1840;1935;2034;2137;2244;2355;2470;2589;2710;2835;;;;;;;;;;;;;;;;;;
-1.300;;;;;;;;;;;;;;;;;;;;;;;;;;1967;1882;1799;1718;1639;1563;1488;1416;1346;1278;1212;1149;1087;1027;970;914;861;809;760;713;667;624;583;544;506;471;437;406;376;348;322;298;275;254;235;218;202;187;175;164;154;146;140;135;131;129;129;130;133;137;143;151;160;171;184;198;214;232;251;273;296;321;348;377;408;440;475;511;550;590;632;676;722;771;821;873;927;984;1042;1103;1167;1233;1301;1372;1447;1524;1605;1689;1777;1868;1963;2063;2166;2274;2385;2500;2619;2741;2865;;;;;;;;;;;;;;;;;;
-1.400;;;;;;;;;;;;;;;;;;;;;;;;;;1992;1907;1824;1743;1664;1587;1513;1441;1370;1302;1236;1172;1111;1051;993;938;884;833;783;736;690;647;606;566;529;493;460;428;398;370;344;320;297;276;257;240;224;209;197;185;176;168;161;156;153;151;151;152;155;159;165;173;182;193;206;221;237;255;274;296;319;345;372;401;431;464;499;535;574;614;656;701;747;795;846;898;952;1009;1068;1129;1193;1259;1328;1400;1475;1553;1634;1718;1807;1898;1994;2094;2198;2306;2418;2533;2652;2774;2898;;;;;;;;;;;;;;;;;;
-1.500;;;;;;;;;;;;;;;;;;;;;;;;;;2019;1934;1851;1770;1691;1614;1540;1467;1397;1329;1262;1198;1136;1077;1019;963;909;858;808;761;715;672;630;591;553;518;484;452;422;394;368;344;321;300;281;263;247;233;220;209;199;191;185;180;177;175;175;176;179;183;189;197;207;218;230;245;261;279;299;321;344;370;397;426;457;490;524;561;600;640;683;727;774;822;872;925;980;1037;1096;1158;1222;1288;1358;1430;1505;1583;1665;1750;1839;1931;2028;2128;2233;2341;2453;2569;2688;2810;;;;;;;;;;;;;;;;;;;
-1.600;;;;;;;;;;;;;;;;;;;;;;;;;;2049;1963;1880;1799;1720;1643;1568;1496;1425;1357;1291;1226;1164;1104;1046;991;937;885;835;788;742;699;657;617;580;544;510;478;448;420;394;369;347;326;306;289;273;258;246;234;225;217;210;205;202;200;200;202;204;209;215;223;233;244;257;271;288;306;326;348;371;397;424;453;484;517;552;589;627;668;711;755;802;851;901;954;1009;1066;1126;1188;1252;1320;1389;1462;1538;1617;1699;1785;1874;1967;2064;2165;2270;2379;2491;2608;2727;2848;;;;;;;;;;;;;;;;;;;
-1.700;;;;;;;;;;;;;;;;;;;;;;;;;;;1995;1912;1830;1751;1674;1599;1526;1456;1387;1321;1257;1194;1134;1076;1020;966;914;865;817;771;727;686;646;608;572;538;506;476;448;422;397;374;353;334;316;300;286;273;262;252;244;238;233;229;228;228;229;232;237;243;251;260;272;285;299;316;334;354;376;400;425;453;482;513;546;581;618;657;698;741;786;832;881;932;985;1041;1098;1158;1221;1286;1353;1424;1497;1573;1653;1736;1822;1912;2006;2104;2205;2311;2420;2533;2649;2768;2890;;;;;;;;;;;;;;;;;;;
-1.800;;;;;;;;;;;;;;;;;;;;;;;;;;;2029;1945;1864;1784;1707;1632;1559;1488;1420;1353;1289;1227;1166;1108;1052;998;946;896;848;802;758;716;676;638;603;568;536;506;478;451;427;404;382;363;345;329;315;302;291;281;273;267;262;259;257;257;258;261;266;273;281;290;302;315;330;346;364;385;407;430;456;484;513;544;578;613;650;689;730;773;818;865;914;965;1019;1075;1132;1193;1256;1321;1389;1460;1534;1611;1691;1775;1862;1953;2048;2146;2248;2354;2464;2577;2694;2813;;;;;;;;;;;;;;;;;;;;
-1.900;;;;;;;;;;;;;;;;;;;;;;;;;;;2065;1981;1899;1820;1742;1667;1594;1523;1455;1388;1323;1261;1200;1142;1086;1032;979;929;881;835;791;749;709;671;635;601;568;538;509;483;458;435;414;394;376;360;346;333;322;312;304;298;293;290;288;288;290;293;298;304;312;322;333;347;361;378;397;417;439;463;489;516;546;577;611;646;683;722;764;807;852;899;949;1001;1054;1110;1169;1230;1293;1359;1428;1499;1574;1652;1733;1817;1905;1997;2092;2191;2294;2401;2511;2625;2741;2860;;;;;;;;;;;;;;;;;;;;
-2.000;;;;;;;;;;;;;;;;;;;;;;;;;;;;2019;1937;1857;1780;1705;1631;1561;1492;1425;1360;1297;1237;1178;1122;1068;1015;965;917;870;826;784;744;705;669;635;602;572;543;516;491;468;447;427;409;393;379;366;355;345;337;331;326;323;321;321;323;326;331;337;346;355;367;380;395;412;431;451;473;497;523;551;581;612;646;681;719;758;799;843;888;936;986;1038;1092;1148;1207;1269;1333;1399;1469;1541;1616;1695;1777;1862;1951;2043;2140;2240;2343;2450;2561;2675;2792;2910;;;;;;;;;;;;;;;;;;;;
-2.100;;;;;;;;;;;;;;;;;;;;;;;;;;;;2059;1977;1897;1820;1744;1671;1600;1531;1464;1399;1336;1276;1217;1160;1106;1053;1003;954;908;863;821;780;742;706;671;638;608;579;552;527;504;482;462;444;428;414;401;389;380;372;366;361;358;356;356;358;361;366;373;381;391;403;416;431;448;467;487;509;534;560;588;617;649;683;718;756;796;837;881;927;975;1025;1077;1132;1189;1248;1310;1375;1442;1512;1585;1662;1741;1824;1910;2000;2093;2190;2291;2395;2503;2614;2728;2845;;;;;;;;;;;;;;;;;;;;;
-2.200;;;;;;;;;;;;;;;;;;;;;;;;;;;;2101;2019;1939;1861;1786;1713;1641;1572;1505;1440;1377;1316;1258;1201;1146;1093;1043;994;947;903;860;819;781;744;709;677;646;617;590;565;541;520;500;482;465;451;438;426;417;409;402;398;395;393;393;395;398;403;410;418;428;440;454;469;486;505;525;548;572;598;626;656;688;722;757;795;835;877;921;967;1016;1066;1119;1174;1232;1292;1354;1420;1488;1559;1633;1710;1790;1874;1961;2052;2146;2244;2346;2451;2559;2671;2785;2901;;;;;;;;;;;;;;;;;;;;;
-2.300;;;;;;;;;;;;;;;;;;;;;;;;;;;;;2063;1983;1905;1830;1756;1685;1616;1549;1484;1421;1360;1301;1244;1189;1136;1085;1036;989;944;901;861;822;785;750;717;686;657;630;604;581;559;539;521;504;490;477;465;456;448;441;437;433;432;432;434;437;442;449;458;468;480;493;508;526;544;565;588;612;638;666;697;729;763;799;837;877;919;963;1010;1058;1109;1163;1218;1277;1337;1401;1467;1536;1608;1682;1761;1842;1927;2015;2107;2202;2301;2403;2509;2618;2730;2844;;;;;;;;;;;;;;;;;;;;;;
-2.400;;;;;;;;;;;;;;;;;;;;;;;;;;;;;2109;2029;1951;1876;1802;1731;1662;1595;1529;1466;1405;1346;1289;1234;1181;1129;1080;1033;988;945;904;865;828;793;760;728;699;672;646;622;601;581;562;546;531;518;506;497;489;482;478;474;473;473;475;478;484;490;499;509;521;535;550;567;586;607;630;654;681;709;739;771;806;842;880;920;963;1008;1055;1104;1155;1209;1265;1324;1386;1450;1517;1587;1659;1735;1814;1897;1983;2072;2165;2261;2361;2464;2570;2680;2792;2905;;;;;;;;;;;;;;;;;;;;;;
-2.500;;;;;;;;;;;;;;;;;;;;;;;;;;;;;;2077;1999;1924;1851;1779;1710;1643;1577;1514;1453;1394;1336;1281;1228;1176;1127;1080;1035;991;950;911;873;838;805;773;744;716;690;666;644;624;606;589;574;561;550;540;532;525;521;517;516;516;518;522;527;534;542;552;564;578;594;611;630;651;674;698;725;753;784;816;851;887;926;966;1009;1054;1102;1151;1203;1258;1315;1374;1437;1502;1569;1640;1714;1791;1871;1955;2042;2132;2226;2324;2424;2528;2635;2744;2856;;;;;;;;;;;;;;;;;;;;;;;
-2.600;;;;;;;;;;;;;;;;;;;;;;;;;;;;;;2127;2050;1974;1901;1830;1760;1693;1628;1564;1503;1444;1386;1331;1277;1226;1176;1129;1083;1040;998;959;921;885;852;820;790;763;737;713;690;670;651;635;620;606;595;585;577;570;566;563;561;561;563;567;572;579;588;598;610;624;639;657;676;697;720;744;771;800;830;863;898;934;973;1014;1058;1103;1151;1201;1254;1309;1367;1427;1490;1556;1625;1697;1772;1850;1931;2016;2104;2196;2291;2389;2490;2595;2702;2812;2923;;;;;;;;;;;;;;;;;;;;;;;
-2.700;;;;;;;;;;;;;;;;;;;;;;;;;;;;;;;2102;2026;1953;1882;1813;1745;1680;1617;1555;1496;1438;1383;1329;1277;1228;1180;1134;1090;1049;1009;971;935;901;870;840;812;785;761;739;718;700;683;667;654;642;633;624;618;613;610;608;609;611;614;619;626;635;645;657;671;687;704;724;745;768;793;819;848;879;912;947;984;1023;1065;1108;1154;1203;1254;1307;1363;1421;1483;1547;1614;1683;1756;1833;1912;1995;2081;2170;2262;2358;2458;2560;2665;2772;2882;;;;;;;;;;;;;;;;;;;;;;;;
-2.800;;;;;;;;;;;;;;;;;;;;;;;;;;;;;;;;2081;2008;1936;1867;1800;1735;1671;1610;1550;1493;1437;1383;1331;1282;1234;1188;1144;1102;1062;1024;988;953;921;891;863;836;812;789;769;750;733;717;704;692;682;674;667;663;659;658;658;660;664;669;676;684;695;707;721;737;754;774;795;818;843;870;899;930;963;998;1036;1076;1117;1162;1208;1257;1309;1363;1419;1479;1541;1606;1674;1745;1819;1896;1977;2061;2148;2239;2332;2429;2529;2632;2737;2845;2954;;;;;;;;;;;;;;;;;;;;;;;;
-2.900;;;;;;;;;;;;;;;;;;;;;;;;;;;;;;;;2137;2064;1993;1924;1857;1792;1728;1667;1607;1550;1494;1440;1388;1338;1290;1244;1199;1157;1117;1079;1042;1008;975;945;917;890;865;842;822;802;785;770;756;744;734;726;719;714;711;710;710;712;715;720;727;736;747;759;773;789;806;826;847;870;896;923;952;983;1017;1052;1090;1130;1173;1217;1264;1314;1366;1421;1479;1539;1602;1668;1737;1810;1885;1964;2045;2131;2219;2311;2405;2503;2604;2707;2812;2920;;;;;;;;;;;;;;;;;;;;;;;;;
-3.000;;;;;;;;;;;;;;;;;;;;;;;;;;;;;;;;;2122;2052;1983;1916;1851;1787;1726;1666;1609;1553;1499;1447;1397;1348;1302;1257;1215;1174;1136;1099;1065;1032;1001;973;946;921;898;877;858;840;825;811;799;789;780;773;768;765;763;764;765;769;774;781;790;801;813;827;843;860;880;902;925;950;978;1007;1039;1073;1109;1147;1187;1230;1276;1323;1374;1427;1482;1541;1602;1666;1734;1804;1877;1954;2034;2117;2203;2293;2386;2481;2580;2681;2784;2890;;;;;;;;;;;;;;;;;;;;;;;;;;
-3.100;;;;;;;;;;;;;;;;;;;;;;;;;;;;;;;;;;2112;2043;1977;1912;1849;1787;1728;1670;1614;1560;1508;1458;1409;1363;1318;1275;1235;1196;1159;1124;1091;1060;1031;1004;979;956;934;915;897;882;868;856;845;837;830;825;821;820;820;822;825;830;838;846;857;869;883;899;917;937;958;982;1008;1035;1065;1097;1131;1167;1206;1247;1291;1337;1385;1436;1490;1547;1606;1668;1734;1802;1874;1948;2026;2107;2192;2279;2370;2464;2560;2659;2761;2864;2969;;;;;;;;;;;;;;;;;;;;;;;;;;
-3.200;;;;;;;;;;;;;;;;;;;;;;;;;;;;;;;;;;;2106;2040;1975;1912;1851;1791;1734;1678;1624;1572;1521;1472;1426;1381;1338;1297;1258;1221;1186;1153;1122;1092;1065;1040;1016;995;975;957;941;927;915;904;896;889;883;880;878;878;880;884;889;896;905;915;928;942;958;976;996;1018;1042;1067;1095;1125;1158;1192;1229;1268;1310;1354;1400;1450;1502;1556;1614;1674;1738;1804;1874;1947;2023;2102;2184;2270;2358;2450;2545;2642;2741;2843;2945;;;;;;;;;;;;;;;;;;;;;;;;;;;
-3.300;;;;;;;;;;;;;;;;;;;;;;;;;;;;;;;;;;;2171;2105;2040;1978;1917;1857;1800;1744;1690;1637;1587;1538;1491;1446;1403;1362;1323;1286;1250;1217;1185;1156;1128;1103;1079;1057;1037;1019;1003;989;976;966;957;950;945;941;939;939;941;945;950;957;966;976;989;1003;1019;1037;1057;1079;1104;1130;1158;1188;1221;1256;1293;1333;1375;1420;1467;1517;1570;1626;1684;1746;1811;1878;1949;2023;2100;2181;2264;2351;2441;2533;2628;2726;2825;2926;;;;;;;;;;;;;;;;;;;;;;;;;;;;
-3.400;;;;;;;;;;;;;;;;;;;;;;;;;;;;;;;;;;;;2171;2107;2045;1984;1925;1868;1812;1758;1706;1655;1606;1559;1514;1471;1430;1390;1353;1317;1283;1252;1222;1194;1168;1144;1122;1102;1084;1068;1053;1041;1030;1021;1014;1008;1005;1003;1003;1005;1008;1013;1020;1029;1040;1053;1067;1083;1101;1122;1144;1168;1195;1223;1254;1287;1322;1360;1401;1443;1489;1537;1588;1642;1699;1758;1821;1887;1955;2028;2103;2181;2263;2347;2435;2525;2619;2714;2811;2910;;;;;;;;;;;;;;;;;;;;;;;;;;;;;
-3.500;;;;;;;;;;;;;;;;;;;;;;;;;;;;;;;;;;;;;2176;2114;2054;1995;1938;1883;1829;1776;1726;1677;1630;1585;1541;1500;1460;1422;1386;1353;1321;1291;1263;1236;1212;1190;1170;1151;1135;1120;1107;1097;1087;1080;1075;1071;1069;1069;1071;1074;1079;1086;1095;1106;1119;1133;1150;1168;1189;1211;1236;1262;1291;1323;1356;1392;1430;1471;1515;1561;1610;1662;1717;1775;1835;1899;1966;2036;2109;2186;2265;2348;2433;2522;2613;2706;2802;2899;;;;;;;;;;;;;;;;;;;;;;;;;;;;;;
-3.600;;;;;;;;;;;;;;;;;;;;;;;;;;;;;;;;;;;;;;2186;2126;2067;2010;1955;1901;1849;1799;1750;1703;1657;1614;1572;1532;1494;1458;1424;1392;1362;1334;1307;1283;1260;1240;1221;1205;1190;1177;1166;1156;1149;1143;1140;1138;1138;1139;1143;1148;1155;1164;1175;1188;1202;1219;1238;1258;1281;1306;1333;1362;1394;1428;1465;1504;1545;1590;1637;1687;1739;1795;1854;1916;1981;2049;2120;2194;2272;2352;2436;2522;2611;2702;2796;2891;2987;;;;;;;;;;;;;;;;;;;;;;;;;;;;;;
-3.700;;;;;;;;;;;;;;;;;;;;;;;;;;;;;;;;;;;;;;;2200;2141;2085;2030;1976;1924;1874;1825;1778;1732;1689;1647;1607;1569;1533;1498;1466;1436;1407;1380;1356;1333;1313;1294;1277;1262;1249;1238;1228;1221;1215;1211;1209;1209;1211;1214;1220;1227;1236;1247;1260;1274;1291;1310;1331;1354;1379;1407;1437;1469;1504;1541;1580;1623;1668;1716;1767;1820;1877;1937;2000;2066;2135;2207;2282;2361;2442;2526;2613;2702;2793;2886;2980;;;;;;;;;;;;;;;;;;;;;;;;;;;;;;;
-3.800;;;;;;;;;;;;;;;;;;;;;;;;;;;;;;;;;;;;;;;;2217;2161;2106;2053;2001;1951;1902;1855;1810;1766;1724;1684;1646;1610;1575;1542;1512;1483;1456;1432;1409;1388;1369;1352;1337;1323;1312;1303;1295;1289;1285;1283;1283;1285;1288;1294;1301;1310;1321;1334;1349;1367;1386;1407;1430;1456;1484;1514;1547;1582;1620;1660;1704;1749;1798;1850;1905;1962;2023;2087;2154;2224;2297;2373;2452;2534;2619;2706;2795;2886;;;;;;;;;;;;;;;;;;;;;;;;;;;;;;;;;
-3.900;;;;;;;;;;;;;;;;;;;;;;;;;;;;;;;;;;;;;;;;;;2185;2132;2081;2030;1982;1935;1889;1846;1804;1764;1725;1689;1654;1621;1591;1562;1535;1510;1487;1466;1447;1429;1414;1401;1389;1380;1372;1366;1362;1360;1360;1362;1365;1371;1378;1388;1399;1412;1428;1445;1464;1486;1510;1536;1564;1595;1628;1664;1703;1744;1788;1834;1884;1937;1992;2051;2113;2177;2245;2316;2390;2467;2547;2629;2713;2800;2888;;;;;;;;;;;;;;;;;;;;;;;;;;;;;;;;;;
-4.000;;;;;;;;;;;;;;;;;;;;;;;;;;;;;;;;;;;;;;;;;;;2213;2162;2112;2064;2017;1971;1928;1886;1846;1807;1771;1736;1703;1672;1643;1616;1591;1567;1546;1527;1510;1494;1481;1469;1460;1452;1446;1442;1440;1440;1442;1446;1451;1459;1468;1480;1493;1509;1526;1546;1568;1592;1619;1648;1679;1713;1750;1789;1831;1876;1923;1974;2027;2083;2143;2205;2271;2340;2411;2486;2563;2643;2725;2809;2895;;;;;;;;;;;;;;;;;;;;;;;;;;;;;;;;;;;
-4.100;;;;;;;;;;;;;;;;;;;;;;;;;;;;;;;;;;;;;;;;;;;;2245;2196;2148;2101;2056;2012;1970;1930;1891;1855;1820;1787;1756;1726;1699;1674;1651;1629;1610;1592;1577;1563;1552;1542;1535;1529;1525;1523;1523;1525;1529;1534;1542;1552;1564;1577;1593;1611;1631;1654;1679;1706;1735;1767;1802;1839;1879;1921;1967;2015;2066;2121;2178;2238;2301;2368;2437;2509;2584;2661;2740;2822;2905;;;;;;;;;;;;;;;;;;;;;;;;;;;;;;;;;;;;
-4.200;;;;;;;;;;;;;;;;;;;;;;;;;;;;;;;;;;;;;;;;;;;;;;2234;2187;2142;2098;2057;2016;1978;1941;1906;1873;1842;1813;1785;1760;1736;1715;1696;1678;1662;1649;1637;1628;1620;1614;1610;1609;1609;1611;1615;1621;1629;1639;1651;1665;1681;1700;1720;1743;1768;1796;1826;1859;1894;1932;1972;2016;2062;2111;2163;2218;2276;2336;2400;2467;2536;2608;2683;2760;2838;;;;;;;;;;;;;;;;;;;;;;;;;;;;;;;;;;;;;;
-4.300;;;;;;;;;;;;;;;;;;;;;;;;;;;;;;;;;;;;;;;;;;;;;;;2275;2230;2187;2145;2105;2066;2030;1995;1962;1930;1901;1874;1848;1825;1803;1784;1766;1751;1737;1725;1716;1708;1703;1699;1697;1697;1700;1704;1710;1718;1729;1741;1756;1772;1791;1812;1836;1861;1890;1920;1954;1989;2028;2069;2113;2160;2210;2262;2318;2376;2437;2501;2568;2637;2709;2783;2858;;;;;;;;;;;;;;;;;;;;;;;;;;;;;;;;;;;;;;;
-4.400;;;;;;;;;;;;;;;;;;;;;;;;;;;;;;;;;;;;;;;;;;;;;;;;;2278;2236;2196;2157;2121;2086;2052;2021;1992;1964;1939;1915;1894;1874;1857;1841;1828;1816;1807;1799;1794;1790;1789;1789;1792;1796;1803;1811;1822;1835;1850;1867;1886;1908;1932;1958;1987;2018;2052;2088;2127;2169;2214;2261;2311;2364;2420;2479;2540;2604;2670;2739;2810;;;;;;;;;;;;;;;;;;;;;;;;;;;;;;;;;;;;;;;;;
-4.500;;;;;;;;;;;;;;;;;;;;;;;;;;;;;;;;;;;;;;;;;;;;;;;;;;;2289;2250;2214;2179;2146;2114;2085;2058;2032;2009;1987;1968;1950;1935;1921;1910;1900;1893;1888;1885;1883;1884;1887;1892;1898;1907;1919;1932;1947;1965;1985;2007;2031;2058;2087;2119;2153;2190;2230;2272;2317;2365;2416;2469;2525;2583;2644;2708;2773;;;;;;;;;;;;;;;;;;;;;;;;;;;;;;;;;;;;;;;;;;;
-4.600;;;;;;;;;;;;;;;;;;;;;;;;;;;;;;;;;;;;;;;;;;;;;;;;;;;;;2309;2274;2241;2209;2180;2153;2127;2104;2082;2063;2046;2030;2017;2006;1997;1990;1984;1981;1980;1982;1985;1990;1997;2007;2018;2032;2048;2066;2086;2109;2134;2161;2191;2223;2258;2296;2336;2378;2423;2471;2522;2575;2631;2689;2749;;;;;;;;;;;;;;;;;;;;;;;;;;;;;;;;;;;;;;;;;;;;;
-4.700;;;;;;;;;;;;;;;;;;;;;;;;;;;;;;;;;;;;;;;;;;;;;;;;;;;;;;;2338;2307;2277;2250;2225;2201;2180;2161;2144;2128;2115;2104;2095;2088;2084;2081;2080;2082;2085;2091;2099;2109;2121;2135;2151;2170;2190;2214;2239;2267;2297;2330;2365;2403;2443;2486;2531;2579;2630;2682;2737;;;;;;;;;;;;;;;;;;;;;;;;;;;;;;;;;;;;;;;;;;;;;;;
-4.800;;;;;;;;;;;;;;;;;;;;;;;;;;;;;;;;;;;;;;;;;;;;;;;;;;;;;;;;;;2349;2324;2301;2280;2260;2243;2228;2216;2205;2196;2190;2185;2183;2183;2185;2188;2195;2203;2213;2226;2240;2257;2276;2298;2321;2347;2375;2406;2439;2475;2513;2553;2596;2641;2688;;;;;;;;;;;;;;;;;;;;;;;;;;;;;;;;;;;;;;;;;;;;;;;;;;
-4.900;;;;;;;;;;;;;;;;;;;;;;;;;;;;;;;;;;;;;;;;;;;;;;;;;;;;;;;;;;;;;;2362;2345;2330;2318;2307;2299;2293;2289;2287;2287;2289;2294;2300;2309;2320;2333;2348;2365;2385;2407;2431;2457;2486;2517;2550;2585;2623;2663;;;;;;;;;;;;;;;;;;;;;;;;;;;;;;;;;;;;;;;;;;;;;;;;;;;;;
-5.000;;;;;;;;;;;;;;;;;;;;;;;;;;;;;;;;;;;;;;;;;;;;;;;;;;;;;;;;;;;;;;;;;;2412;2404;2398;2394;2393;2393;2396;2401;2408;2417;2429;2442;2458;2475;2495;2518;2542;2568;2597;2628;;;;;;;;;;;;;;;;;;;;;;;;;;;;;;;;;;;;;;;;;;;;;;;;;;;;;;;;;
-5.100;;;;;;;;;;;;;;;;;;;;;;;;;;;;;;;;;;;;;;;;;;;;;;;;;;;;;;;;;;;;;;;;;;;;;;;;;;;;;;;;;;;;;;;;;;;;;;;;;;;;;;;;;;;;;;;;;;;;;;;;;;;;;;;;;;;;;;;;;;;;;;
-5.200;;;;;;;;;;;;;;;;;;;;;;;;;;;;;;;;;;;;;;;;;;;;;;;;;;;;;;;;;;;;;;;;;;;;;;;;;;;;;;;;;;;;;;;;;;;;;;;;;;;;;;;;;;;;;;;;;;;;;;;;;;;;;;;;;;;;;;;;;;;;;;
-5.300;;;;;;;;;;;;;;;;;;;;;;;;;;;;;;;;;;;;;;;;;;;;;;;;;;;;;;;;;;;;;;;;;;;;;;;;;;;;;;;;;;;;;;;;;;;;;;;;;;;;;;;;;;;;;;;;;;;;;;;;;;;;;;;;;;;;;;;;;;;;;;
-5.400;;;;;;;;;;;;;;;;;;;;;;;;;;;;;;;;;;;;;;;;;;;;;;;;;;;;;;;;;;;;;;;;;;;;;;;;;;;;;;;;;;;;;;;;;;;;;;;;;;;;;;;;;;;;;;;;;;;;;;;;;;;;;;;;;;;;;;;;;;;;;;
-5.500;;;;;;;;;;;;;;;;;;;;;;;;;;;;;;;;;;;;;;;;;;;;;;;;;;;;;;;;;;;;;;;;;;;;;;;;;;;;;;;;;;;;;;;;;;;;;;;;;;;;;;;;;;;;;;;;;;;;;;;;;;;;;;;;;;;;;;;;;;;;;;
-5.600;;;;;;;;;;;;;;;;;;;;;;;;;;;;;;;;;;;;;;;;;;;;;;;;;;;;;;;;;;;;;;;;;;;;;;;;;;;;;;;;;;;;;;;;;;;;;;;;;;;;;;;;;;;;;;;;;;;;;;;;;;;;;;;;;;;;;;;;;;;;;;
-5.700;;;;;;;;;;;;;;;;;;;;;;;;;;;;;;;;;;;;;;;;;;;;;;;;;;;;;;;;;;;;;;;;;;;;;;;;;;;;;;;;;;;;;;;;;;;;;;;;;;;;;;;;;;;;;;;;;;;;;;;;;;;;;;;;;;;;;;;;;;;;;;
-5.800;;;;;;;;;;;;;;;;;;;;;;;;;;;;;;;;;;;;;;;;;;;;;;;;;;;;;;;;;;;;;;;;;;;;;;;;;;;;;;;;;;;;;;;;;;;;;;;;;;;;;;;;;;;;;;;;;;;;;;;;;;;;;;;;;;;;;;;;;;;;;;
-5.900;;;;;;;;;;;;;;;;;;;;;;;;;;;;;;;;;;;;;;;;;;;;;;;;;;;;;;;;;;;;;;;;;;;;;;;;;;;;;;;;;;;;;;;;;;;;;;;;;;;;;;;;;;;;;;;;;;;;;;;;;;;;;;;;;;;;;;;;;;;;;;
-6.000;;;;;;;;;;;;;;;;;;;;;;;;;;;;;;;;;;;;;;;;;;;;;;;;;;;;;;;;;;;;;;;;;;;;;;;;;;;;;;;;;;;;;;;;;;;;;;;;;;;;;;;;;;;;;;;;;;;;;;;;;;;;;;;;;;;;;;;;;;;;;;
-6.100;;;;;;;;;;;;;;;;;;;;;;;;;;;;;;;;;;;;;;;;;;;;;;;;;;;;;;;;;;;;;;;;;;;;;;;;;;;;;;;;;;;;;;;;;;;;;;;;;;;;;;;;;;;;;;;;;;;;;;;;;;;;;;;;;;;;;;;;;;;;;;
-6.200;;;;;;;;;;;;;;;;;;;;;;;;;;;;;;;;;;;;;;;;;;;;;;;;;;;;;;;;;;;;;;;;;;;;;;;;;;;;;;;;;;;;;;;;;;;;;;;;;;;;;;;;;;;;;;;;;;;;;;;;;;;;;;;;;;;;;;;;;;;;;;
-6.300;;;;;;;;;;;;;;;;;;;;;;;;;;;;;;;;;;;;;;;;;;;;;;;;;;;;;;;;;;;;;;;;;;;;;;;;;;;;;;;;;;;;;;;;;;;;;;;;;;;;;;;;;;;;;;;;;;;;;;;;;;;;;;;;;;;;;;;;;;;;;;
-6.400;;;;;;;;;;;;;;;;;;;;;;;;;;;;;;;;;;;;;;;;;;;;;;;;;;;;;;;;;;;;;;;;;;;;;;;;;;;;;;;;;;;;;;;;;;;;;;;;;;;;;;;;;;;;;;;;;;;;;;;;;;;;;;;;;;;;;;;;;;;;;;
-6.500;;;;;;;;;;;;;;;;;;;;;;;;;;;;;;;;;;;;;;;;;;;;;;;;;;;;;;;;;;;;;;;;;;;;;;;;;;;;;;;;;;;;;;;;;;;;;;;;;;;;;;;;;;;;;;;;;;;;;;;;;;;;;;;;;;;;;;;;;;;;;;
-6.600;;;;;;;;;;;;;;;;;;;;;;;;;;;;;;;;;;;;;;;;;;;;;;;;;;;;;;;;;;;;;;;;;;;;;;;;;;;;;;;;;;;;;;;;;;;;;;;;;;;;;;;;;;;;;;;;;;;;;;;;;;;;;;;;;;;;;;;;;;;;;;
-6.700;;;;;;;;;;;;;;;;;;;;;;;;;;;;;;;;;;;;;;;;;;;;;;;;;;;;;;;;;;;;;;;;;;;;;;;;;;;;;;;;;;;;;;;;;;;;;;;;;;;;;;;;;;;;;;;;;;;;;;;;;;;;;;;;;;;;;;;;;;;;;;
-6.800;;;;;;;;;;;;;;;;;;;;;;;;;;;;;;;;;;;;;;;;;;;;;;;;;;;;;;;;;;;;;;;;;;;;;;;;;;;;;;;;;;;;;;;;;;;;;;;;;;;;;;;;;;;;;;;;;;;;;;;;;;;;;;;;;;;;;;;;;;;;;;
-6.900;;;;;;;;;;;;;;;;;;;;;;;;;;;;;;;;;;;;;;;;;;;;;;;;;;;;;;;;;;;;;;;;;;;;;;;;;;;;;;;;;;;;;;;;;;;;;;;;;;;;;;;;;;;;;;;;;;;;;;;;;;;;;;;;;;;;;;;;;;;;;;
-7.000;;;;;;;;;;;;;;;;;;;;;;;;;;;;;;;;;;;;;;;;;;;;;;;;;;;;;;;;;;;;;;;;;;;;;;;;;;;;;;;;;;;;;;;;;;;;;;;;;;;;;;;;;;;;;;;;;;;;;;;;;;;;;;;;;;;;;;;;;;;;;;
BACK related to FRONT;-7.000;-6.900;-6.800;-6.700;-6.600;-6.500;-6.400;-6.300;-6.200;-6.100;-6.000;-5.900;-5.800;-5.700;-5.600;-5.500;-5.400;-5.300;-5.200;-5.100;-5.000;-4.900;-4.800;-4.700;-4.600;-4.500;-4.400;-4.300;-4.200;-4.100;-4.000;-3.900;-3.800;-3.700;-3.600;-3.500;-3.400;-3.300;-3.200;-3.100;-3.000;-2.900;-2.800;-2.700;-2.600;-2.500;-2.400;-2.300;-2.200;-2.100;-2.000;-1.900;-1.800;-1.700;-1.600;-1.500;-1.400;-1.300;-1.200;-1.100;-1.000;-0.900;-0.800;-0.700;-0.600;-0.500;-0.400;-0.300;-0.200;-0.100;0.000;0.100;0.200;0.300;0.400;0.500;0.600;0.700;0.800;0.900;1.000;1.100;1.200;1.300;1.400;1.500;1.600;1.700;1.800;1.900;2.000;2.100;2.200;2.300;2.400;2.500;2.600;2.700;2.800;2.900;3.000;3.100;3.200;3.300;3.400;3.500;3.600;3.700;3.800;3.900;4.000;4.100;4.200;4.300;4.400;4.500;4.600;4.700;4.800;4.900;5.000;5.100;5.200;5.300;5.400;5.500;5.600;5.700;5.800;5.900;6.000;6.100;6.200;6.300;6.400;6.500;6.600;6.700;6.800;6.900;7.000;
7.000;;;;;;;;;;;;;;;;;;;;;;;;;;;;;;;;;;;;;;;;;;;;;;;;;;;;;;;;;;;;;;;;;;;;;;;;;;;;;;;;;;;;;;;;;;;;;;;;;;;;;;;;;;;;;;;;;;;;;;;;;;;;;;;;;;;;;;;;;;;;;;
6.900;;;;;;;;;;;;;;;;;;;;;;;;;;;;;;;;;;;;;;;;;;;;;;;;;;;;;;;;;;;;;;;;;;;;;;;;;;;;;;;;;;;;;;;;;;;;;;;;;;;;;;;;;;;;;;;;;;;;;;;;;;;;;;;;;;;;;;;;;;;;;;
6.800;;;;;;;;;;;;;;;;;;;;;;;;;;;;;;;;;;;;;;;;;;;;;;;;;;;;;;;;;;;;;;;;;;;;;;;;;;;;;;;;;;;;;;;;;;;;;;;;;;;;;;;;;;;;;;;;;;;;;;;;;;;;;;;;;;;;;;;;;;;;;;
6.700;;;;;;;;;;;;;;;;;;;;;;;;;;;;;;;;;;;;;;;;;;;;;;;;;;;;;;;;;;;;;;;;;;;;;;;;;;;;;;;;;;;;;;;;;;;;;;;;;;;;;;;;;;;;;;;;;;;;;;;;;;;;;;;;;;;;;;;;;;;;;;
6.600;;;;;;;;;;;;;;;;;;;;;;;;;;;;;;;;;;;;;;;;;;;;;;;;;;;;;;;;;;;;;;;;;;;;;;;;;;;;;;;;;;;;;;;;;;;;;;;;;;;;;;;;;;;;;;;;;;;;;;;;;;;;;;;;;;;;;;;;;;;;;;
6.500;;;;;;;;;;;;;;;;;;;;;;;;;;;;;;;;;;;;;;;;;;;;;;;;;;;;;;;;;;;;;;;;;;;;;;;;;;;;;;;;;;;;;;;;;;;;;;;;;;;;;;;;;;;;;;;;;;;;;;;;;;;;;;;;;;;;;;;;;;;;;;
6.400;;;;;;;;;;;;;;;;;;;;;;;;;;;;;;;;;;;;;;;;;;;;;;;;;;;;;;;;;;;;;;;;;;;;;;;;;;;;;;;;;;;;;;;;;;;;;;;;;;;;;;;;;;;;;;;;;;;;;;;;;;;;;;;;;;;;;;;;;;;;;;
6.300;;;;;;;;;;;;;;;;;;;;;;;;;;;;;;;;;;;;;;;;;;;;;;;;;;;;;;;;;;;;;;;;;;;;;;;;;;;;;;;;;;;;;;;;;;;;;;;;;;;;;;;;;;;;;;;;;;;;;;;;;;;;;;;;;;;;;;;;;;;;;;
6.200;;;;;;;;;;;;;;;;;;;;;;;;;;;;;;;;;;;;;;;;;;;;;;;;;;;;;;;;;;;;;;;;;;;;;;;;;;;;;;;;;;;;;;;;;;;;;;;;;;;;;;;;;;;;;;;;;;;;;;;;;;;;;;;;;;;;;;;;;;;;;;
6.100;;;;;;;;;;;;;;;;;;;;;;;;;;;;;;;;;;;;;;;;;;;;;;;;;;;;;;;;;;;;;;;;;;;;;;;;;;;;;;;;;;;;;;;;;;;;;;;;;;;;;;;;;;;;;;;;;;;;;;;;;;;;;;;;;;;;;;;;;;;;;;
6.000;;;;;;;;;;;;;;;;;;;;;;;;;;;;;;;;;;;;;;;;;;;;;;;;;;;;;;;;;;;;;;;;;;;;;;;;;;;;;;;;;;;;;;;;;;;;;;;;;;;;;;;;;;;;;;;;;;;;;;;;;;;;;;;;;;;;;;;;;;;;;;
5.900;;;;;;;;;;;;;;;;;;;;;;;;;;;;;;;;;;;;;;;;;;;;;;;;;;;;;;;;;;;;;;;;;;;;;;;;;;;;;;;;;;;;;;;;;;;;;;;;;;;;;;;;;;;;;;;;;;;;;;;;;;;;;;;;;;;;;;;;;;;;;;
5.800;;;;;;;;;;;;;;;;;;;;;;;;;;;;;;;;;;;;;;;;;;;;;;;;;;;;;;;;;;;;;;;;;;;;;;;;;;;;;;;;;;;;;;;;;;;;;;;;;;;;;;;;;;;;;;;;;;;;;;;;;;;;;;;;;;;;;;;;;;;;;;
5.700;;;;;;;;;;;;;;;;;;;;;;;;;;;;;;;;;;;;;;;;;;;;;;;;;;;;;;;;;;;;;;;;;;;;;;;;;;;;;;;;;;;;;;;;;;;;;;;;;;;;;;;;;;;;;;;;;;;;;;;;;;;;;;;;;;;;;;;;;;;;;;
5.600;;;;;;;;;;;;;;;;;;;;;;;;;;;;;;;;;;;;;;;;;;;;;;;;;;;;;;;;;;;;;;;;;;;;;;;;;;;;;;;;;;;;;;;;;;;;;;;;;;;;;;;;;;;;;;;;;;;;;;;;;;;;;;;;;;;;;;;;;;;;;;
5.500;;;;;;;;;;;;;;;;;;;;;;;;;;;;;;;;;;;;;;;;;;;;;;;;;;;;;;;;;;;;;;;;;;;;;;;;;;;;;;;;;;;;;;;;;;;;;;;;;;;;;;;;;;;;;;;;;;;;;;;;;;;;;;;;;;;;;;;;;;;;;;
5.400;;;;;;;;;;;;;;;;;;;;;;;;;;;;;;;;;;;;;;;;;;;;;;;;;;;;;;;;;;;;;;;;;;;;;;;;;;;;;;;;;;;;;;;;;;;;;;;;;;;;;;;;;;;;;;;;;;;;;;;;;;;;;;;;;;;;;;;;;;;;;;
5.300;;;;;;;;;;;;;;;;;;;;;;;;;;;;;;;;;;;;;;;;;;;;;;;;;;;;;;;;;;;;;;;;;;;;;;;;;;;;;;;;;;;;;;;;;;;;;;;;;;;;;;;;;;;;;;;;;;;;;;;;;;;;;;;;;;;;;;;;;;;;;;
5.200;;;;;;;;;;;;;;;;;;;;;;;;;;;;;;;;;;;;;;;;;;;;;;;;;;;;;;;;;;;;;;;;;;;;;;;;;;;;;;;;;;;;;;;;;;;;;;;;;;;;;;;;;;;;;;;;;;;;;;;;;;;;;;;;;;;;;;;;;;;;;;
5.100;;;;;;;;;;;;;;;;;;;;;;;;;;;;;;;;;;;;;;;;;;;;;;;;;;;;;;;;;;;;;;;;;;;;;;;;;;;;;;;;;;;;;;;;;;;;;;;;;;;;;;;;;;;;;;;;;;;;;;;;;;;;;;;;;;;;;;;;;;;;;;
5.000;;;;;;;;;;;;;;;;;;;;;;;;;;;;;;;;;;;;;;;;;;;;;;;;;;;;;;;;;;;;;;;;;;;;;;;;;;;;;;;;;;;;;;;;;;;;;;;;;;;;;;;;;;;;;;;;;;;;;;;;;;;;;;;;;;;;;;;;;;;;;;
4.900;;;;;;;;;;;;;;;;;;;;;;;;;;;;;;;;;;;;;;;;;;;;;;;;;;;;;;;;;;;;;;;;;;;;;;;;;;;;;;;;;;;;;;;;;;;;;;;;;;;;;;;;;;;;;;;;;;;;;;;;;;;;;;;;;;;;;;;;;;;;;;
4.800;;;;;;;;;;;;;;;;;;;;;;;;;;;;;;;;;;;;;;;;;;;;;;;;;;;;;;;;;;;;;;;;;;;;;;;;;;;;;;;;;;;;;;;;;;;;;;;;;;;;;;;;;;;;;;;;;;;;;;;;;;;;;;;;;;;;;;;;;;;;;;
4.700;;;;;;;;;;;;;;;;;;;;;;;;;;;;;;;;;;;;;;;;;;;;;;;;;;;;;;;;;;;;;;;;;;;;;;;;;;;;;;;;;;;;;;;;;;;;;;;;;;;;;;;;;;;;;;;;;;;;;;;;;;;;;;;;;;;;;;;;;;;;;;
4.600;;;;;;;;;;;;;;;;;;;;;;;;;;;;;;;;;;;;;;;;;;;;;;;;;;;;;;;;;;;;;;;;;;;;;;;;;;;;;;;;;;;;;;;;;;;;;;;;;;;;;;;;;;;;;;;;;;;;;;;;;;;;;;;;;;;;;;;;;;;;;;
4.500;;;;;;;;;;;;;;;;;;;;;;;;;;;;;;;;;;;;;;;;;;;;;;;;;;;;;;;;;;;;;;;;;;;;;;;;;;;;;;;;;;;;;;;;;;;;;;;;;;;;;;;;;;;;;;;;;;;;;;;;;;;;;;;;;;;;;;;;;;;;;;
4.400;;;;;;;;;;;;;;;;;;;;;;;;;;;;;;;;;;;;;;;;;;;;;;;;;;;;;;;;;;;;;;;;;;;;;;;;;;;;;;;;;;;;;;;;;;;;;;;;;;;;;;;;;;;;;;;;;;;;;;;;;;;;;;;;;;;;;;;;;;;;;;
4.300;;;;;;;;;;;;;;;;;;;;;;;;;;;;;;;;;;;;;;;;;;;;;;;;;;;;;;;;;;;;;;;;;;;;;;;;;;;;;;;;;;;;;;;;;;;;;;;;;;;;;;;;;;;;;;;;;;;;;;;;;;;;;;;;;;;;;;;;;;;;;;
4.200;;;;;;;;;;;;;;;;;;;;;;;;;;;;;;;;;;;;;;;;;;;;;;;;;;;;;;;;;;;;;;;;;;;;;;;;;;;;;;;;;;;;;;;;;;;;;;;;;;;;;;;;;;;;;;;;;;;;;;;;;;;;;;;;;;;;;;;;;;;;;;
4.100;;;;;;;;;;;;;;;;;;;;;;;;;;;;;;;;;;;;;;;;;;;;;;;;;;;;;;;;;;;;;;;;;;;;;;;;;;;;;;;;;;;;;;;;;;;;;;;;;;;;;;;;;;;;;;;;;;;;;;;;;;;;;;;;;;;;;;;;;;;;;;
4.000;;;;;;;;;;;;;;;;;;;;;;;;;;;;;;;;;;;;;;;;;;;;;;;;;;;;;;;;;;;;;;;;;;;;2017;2015;2014;2015;2017;2022;2028;2036;2045;2057;2070;2085;2102;2121;2142;2164;2189;2216;2244;;;;;;;;;;;;;;;;;;;;;;;;;;;;;;;;;;;;;;;;;;;;;;;;;;;;;;;;
3.900;;;;;;;;;;;;;;;;;;;;;;;;;;;;;;;;;;;;;;;;;;;;;;;;;;;;;;;;;;;;;;;1984;1972;1962;1955;1948;1944;1941;1940;1940;1943;1947;1953;1960;1969;1981;1994;2008;2025;2044;2064;2087;2111;2138;2166;2197;2229;2264;2301;2340;;;;;;;;;;;;;;;;;;;;;;;;;;;;;;;;;;;;;;;;;;;;;;;;;;;
3.800;;;;;;;;;;;;;;;;;;;;;;;;;;;;;;;;;;;;;;;;;;;;;;;;;;;;;;;;;;;1978;1959;1942;1927;1914;1902;1892;1884;1877;1872;1869;1868;1868;1870;1874;1879;1886;1895;1906;1919;1934;1950;1968;1989;2011;2035;2061;2090;2120;2152;2187;2224;2262;2303;2346;2392;2439;;;;;;;;;;;;;;;;;;;;;;;;;;;;;;;;;;;;;;;;;;;;;;;
3.700;;;;;;;;;;;;;;;;;;;;;;;;;;;;;;;;;;;;;;;;;;;;;;;;;;;;;;;;1979;1954;1932;1911;1892;1875;1859;1845;1833;1823;1815;1808;1803;1799;1797;1797;1799;1802;1808;1815;1823;1834;1846;1861;1877;1895;1915;1937;1961;1987;2015;2045;2077;2111;2148;2186;2227;2270;2315;2362;2411;2463;;;;;;;;;;;;;;;;;;;;;;;;;;;;;;;;;;;;;;;;;;;;;
3.600;;;;;;;;;;;;;;;;;;;;;;;;;;;;;;;;;;;;;;;;;;;;;;;;;;;;;1999;1969;1941;1914;1889;1867;1846;1826;1809;1793;1779;1767;1756;1747;1740;1735;1731;1729;1729;1730;1733;1738;1745;1753;1763;1775;1789;1805;1823;1843;1864;1888;1914;1942;1972;2004;2038;2074;2112;2153;2195;2240;2287;2336;2388;2441;2497;2554;;;;;;;;;;;;;;;;;;;;;;;;;;;;;;;;;;;;;;;;;;
3.500;;;;;;;;;;;;;;;;;;;;;;;;;;;;;;;;;;;;;;;;;;;;;;;;;;;2002;1968;1936;1906;1877;1851;1826;1803;1782;1762;1745;1729;1714;1702;1691;1682;1674;1669;1664;1662;1662;1663;1666;1670;1677;1685;1695;1707;1720;1736;1753;1773;1794;1818;1843;1871;1900;1932;1966;2002;2040;2080;2122;2167;2214;2263;2314;2367;2423;2480;2540;2602;;;;;;;;;;;;;;;;;;;;;;;;;;;;;;;;;;;;;;;;
3.400;;;;;;;;;;;;;;;;;;;;;;;;;;;;;;;;;;;;;;;;;;;;;;;;;2015;1977;1941;1907;1875;1845;1816;1789;1764;1741;1720;1700;1682;1666;1651;1638;1627;1618;1610;1604;1600;1597;1596;1597;1600;1604;1610;1618;1628;1640;1653;1668;1686;1705;1726;1749;1774;1802;1831;1862;1896;1931;1969;2009;2051;2096;2142;2191;2242;2295;2350;2408;2468;2530;2594;;;;;;;;;;;;;;;;;;;;;;;;;;;;;;;;;;;;;;;
3.300;;;;;;;;;;;;;;;;;;;;;;;;;;;;;;;;;;;;;;;;;;;;;;;2036;1995;1955;1918;1882;1848;1815;1785;1756;1729;1704;1681;1659;1639;1621;1604;1590;1577;1565;1556;1548;1542;1537;1534;1533;1534;1536;1540;1546;1554;1563;1575;1588;1603;1620;1639;1660;1683;1708;1735;1764;1795;1828;1863;1901;1940;1982;2026;2073;2121;2172;2225;2280;2337;2397;2459;2523;2589;2658;;;;;;;;;;;;;;;;;;;;;;;;;;;;;;;;;;;;;
3.200;;;;;;;;;;;;;;;;;;;;;;;;;;;;;;;;;;;;;;;;;;;;;2066;2021;1978;1937;1898;1860;1824;1790;1757;1727;1698;1671;1646;1622;1600;1580;1562;1545;1530;1517;1505;1495;1487;1481;1476;1473;1472;1472;1474;1478;1484;1491;1501;1512;1525;1540;1556;1575;1596;1618;1643;1670;1698;1729;1762;1797;1834;1874;1915;1959;2005;2053;2104;2156;2211;2268;2328;2389;2453;2520;2588;2659;2732;;;;;;;;;;;;;;;;;;;;;;;;;;;;;;;;;;;
3.100;;;;;;;;;;;;;;;;;;;;;;;;;;;;;;;;;;;;;;;;;;;2104;2056;2009;1965;1922;1881;1841;1804;1768;1733;1701;1670;1641;1614;1589;1565;1543;1522;1504;1487;1472;1458;1447;1437;1428;1422;1417;1414;1412;1412;1414;1418;1424;1431;1440;1451;1464;1478;1495;1513;1534;1556;1580;1607;1635;1666;1699;1733;1770;1809;1851;1894;1940;1987;2038;2090;2145;2201;2261;2322;2386;2452;2520;2591;2664;2740;;;;;;;;;;;;;;;;;;;;;;;;;;;;;;;;;;
3.000;;;;;;;;;;;;;;;;;;;;;;;;;;;;;;;;;;;;;;;;;;2099;2049;2001;1955;1910;1867;1826;1787;1749;1713;1679;1646;1615;1586;1559;1533;1509;1487;1466;1448;1431;1415;1402;1390;1380;1371;1365;1359;1356;1354;1355;1356;1360;1365;1372;1381;1392;1405;1419;1435;1454;1474;1496;1520;1546;1574;1605;1637;1672;1708;1747;1788;1831;1876;1924;1974;2026;2080;2136;2195;2257;2320;2386;2454;2525;2598;2674;2752;;;;;;;;;;;;;;;;;;;;;;;;;;;;;;;;;
2.900;;;;;;;;;;;;;;;;;;;;;;;;;;;;;;;;;;;;;;;;;2097;2045;1996;1948;1902;1857;1814;1773;1734;1696;1660;1625;1593;1562;1532;1505;1479;1455;1433;1412;1393;1376;1361;1347;1335;1325;1316;1309;1304;1301;1299;1299;1300;1304;1309;1316;1325;1335;1348;1362;1378;1396;1416;1438;1462;1488;1516;1546;1578;1612;1648;1687;1727;1770;1815;1862;1912;1963;2017;2074;2132;2193;2256;2322;2390;2461;2534;2609;2687;2768;;;;;;;;;;;;;;;;;;;;;;;;;;;;;;;;
2.800;;;;;;;;;;;;;;;;;;;;;;;;;;;;;;;;;;;;;;;2152;2098;2045;1994;1944;1897;1850;1806;1763;1722;1682;1644;1608;1574;1541;1510;1480;1453;1427;1403;1380;1359;1341;1323;1308;1294;1282;1271;1263;1256;1250;1247;1245;1245;1246;1250;1255;1262;1270;1281;1293;1307;1323;1341;1361;1382;1406;1432;1459;1489;1521;1555;1591;1629;1669;1712;1756;1803;1852;1903;1957;2013;2071;2132;2195;2260;2328;2398;2471;2547;2625;2705;2788;;;;;;;;;;;;;;;;;;;;;;;;;;;;;;;
2.700;;;;;;;;;;;;;;;;;;;;;;;;;;;;;;;;;;;;;;2158;2102;2048;1995;1944;1895;1847;1801;1756;1713;1672;1632;1594;1558;1523;1490;1459;1430;1402;1376;1352;1329;1308;1289;1272;1256;1243;1230;1220;1211;1204;1199;1195;1193;1193;1195;1198;1203;1210;1218;1228;1241;1254;1270;1288;1308;1329;1352;1378;1405;1435;1466;1500;1536;1573;1613;1655;1700;1746;1795;1846;1899;1955;2012;2073;2135;2200;2268;2338;2411;2486;2564;2644;2727;2813;;;;;;;;;;;;;;;;;;;;;;;;;;;;;;
2.600;;;;;;;;;;;;;;;;;;;;;;;;;;;;;;;;;;;;;2167;2110;2054;2000;1947;1896;1847;1799;1753;1708;1665;1624;1584;1546;1509;1475;1442;1410;1381;1353;1327;1303;1280;1259;1240;1223;1207;1193;1181;1170;1162;1155;1149;1145;1144;1143;1145;1148;1153;1159;1168;1178;1190;1204;1220;1237;1257;1278;1301;1326;1353;1383;1414;1447;1483;1520;1560;1601;1645;1691;1740;1790;1843;1898;1956;2016;2078;2143;2210;2280;2352;2427;2505;2585;2668;2754;2843;;;;;;;;;;;;;;;;;;;;;;;;;;;;;
2.500;;;;;;;;;;;;;;;;;;;;;;;;;;;;;;;;;;;;2180;2121;2063;2007;1953;1901;1850;1800;1752;1706;1661;1618;1577;1537;1499;1462;1427;1394;1363;1333;1306;1279;1255;1232;1212;1192;1175;1159;1145;1133;1123;1114;1107;1101;1098;1096;1095;1097;1100;1105;1112;1120;1130;1142;1156;1171;1188;1208;1229;1252;1277;1304;1333;1364;1397;1432;1469;1508;1550;1593;1639;1687;1737;1790;1844;1901;1961;2023;2087;2154;2223;2295;2370;2448;2528;2611;2697;2786;2877;;;;;;;;;;;;;;;;;;;;;;;;;;;;
2.400;;;;;;;;;;;;;;;;;;;;;;;;;;;;;;;;;;;2196;2135;2076;2019;1963;1909;1856;1805;1756;1708;1661;1616;1573;1532;1492;1453;1417;1382;1349;1317;1288;1260;1234;1209;1187;1166;1147;1129;1114;1100;1087;1077;1068;1061;1056;1052;1050;1050;1051;1054;1059;1066;1074;1084;1096;1109;1125;1142;1161;1182;1205;1230;1256;1285;1316;1349;1383;1420;1459;1500;1543;1589;1636;1686;1738;1793;1849;1908;1970;2034;2100;2169;2241;2316;2393;2473;2556;2641;2730;2822;2916;;;;;;;;;;;;;;;;;;;;;;;;;;;
2.300;;;;;;;;;;;;;;;;;;;;;;;;;;;;;;;;;;2216;2153;2093;2034;1976;1920;1866;1813;1762;1712;1664;1618;1573;1530;1488;1448;1410;1373;1338;1305;1273;1244;1216;1190;1165;1143;1122;1103;1085;1070;1056;1044;1033;1024;1017;1012;1008;1006;1006;1007;1011;1015;1022;1030;1040;1052;1065;1081;1098;1117;1137;1160;1185;1211;1240;1270;1303;1337;1374;1412;1453;1496;1541;1588;1638;1689;1743;1800;1858;1919;1983;2049;2118;2189;2263;2340;2420;2502;2588;2676;2768;2863;2960;;;;;;;;;;;;;;;;;;;;;;;;;;
2.200;;;;;;;;;;;;;;;;;;;;;;;;;;;;;;;;;;2175;2113;2052;1993;1935;1879;1825;1772;1721;1671;1623;1576;1531;1488;1446;1406;1367;1331;1296;1263;1231;1201;1173;1147;1123;1100;1079;1060;1043;1027;1014;1002;991;982;975;970;967;965;964;966;969;974;980;988;998;1010;1023;1039;1056;1074;1095;1118;1142;1168;1197;1227;1259;1293;1330;1368;1408;1451;1495;1542;1591;1643;1696;1752;1810;1871;1934;2000;2068;2139;2213;2289;2369;2451;2536;2625;2716;2811;2909;3009;;;;;;;;;;;;;;;;;;;;;;;;;
2.100;;;;;;;;;;;;;;;;;;;;;;;;;;;;;;;;;2201;2137;2074;2013;1954;1896;1840;1786;1733;1681;1631;1583;1536;1491;1447;1406;1365;1327;1290;1255;1222;1190;1161;1133;1107;1082;1060;1039;1020;1003;987;974;962;951;943;936;930;927;925;925;926;929;934;940;949;959;970;983;999;1015;1034;1055;1077;1101;1127;1156;1186;1218;1252;1288;1326;1366;1408;1452;1499;1547;1598;1652;1707;1765;1825;1888;1953;2021;2092;2165;2241;2320;2402;2487;2575;2667;2761;2859;2960;;;;;;;;;;;;;;;;;;;;;;;;;
2.000;;;;;;;;;;;;;;;;;;;;;;;;;;;;;;;;2231;2165;2100;2037;1976;1917;1859;1803;1748;1695;1643;1593;1545;1498;1452;1409;1367;1327;1288;1251;1216;1183;1152;1122;1094;1068;1044;1021;1001;982;964;949;935;923;913;905;898;893;889;887;887;888;892;896;903;911;921;932;946;961;978;996;1017;1039;1063;1089;1117;1146;1178;1212;1248;1285;1325;1367;1411;1457;1506;1556;1609;1664;1722;1781;1844;1909;1976;2046;2119;2195;2273;2355;2440;2528;2619;2713;2811;2912;3016;;;;;;;;;;;;;;;;;;;;;;;;
1.900;;;;;;;;;;;;;;;;;;;;;;;;;;;;;;;2265;2197;2130;2065;2002;1941;1881;1823;1767;1712;1659;1607;1557;1508;1461;1416;1372;1330;1290;1251;1214;1179;1146;1115;1085;1057;1031;1007;985;964;945;928;913;899;887;877;869;862;857;853;852;851;853;856;861;867;875;885;897;910;925;942;960;980;1002;1026;1052;1080;1109;1141;1175;1210;1248;1287;1329;1372;1418;1466;1516;1569;1624;1681;1740;1802;1866;1933;2003;2076;2151;2229;2311;2395;2483;2574;2668;2765;2866;2970;3077;;;;;;;;;;;;;;;;;;;;;;;
1.800;;;;;;;;;;;;;;;;;;;;;;;;;;;;;;;2233;2164;2097;2032;1969;1907;1848;1789;1733;1678;1624;1572;1522;1473;1426;1381;1337;1295;1254;1216;1179;1144;1111;1079;1050;1022;996;972;950;929;911;894;878;865;853;843;835;828;823;820;818;818;819;822;827;834;842;852;863;876;891;908;926;946;968;992;1018;1045;1075;1106;1139;1174;1212;1251;1292;1336;1381;1429;1479;1531;1585;1642;1701;1762;1826;1893;1962;2034;2109;2187;2268;2352;2440;2530;2624;2722;2822;2926;3033;;;;;;;;;;;;;;;;;;;;;;;
1.700;;;;;;;;;;;;;;;;;;;;;;;;;;;;;;2273;2202;2133;2066;2001;1938;1876;1816;1757;1700;1645;1591;1539;1489;1440;1393;1347;1303;1261;1221;1182;1146;1111;1077;1046;1017;989;963;939;917;896;878;861;846;833;821;811;803;796;791;788;786;786;788;791;796;802;810;820;831;845;859;876;894;914;936;960;985;1013;1042;1073;1106;1141;1178;1217;1258;1301;1346;1394;1443;1495;1549;1605;1664;1725;1789;1855;1924;1996;2070;2148;2228;2312;2399;2489;2583;2680;2781;2885;2992;3102;;;;;;;;;;;;;;;;;;;;;;
1.600;;;;;;;;;;;;;;;;;;;;;;;;;;;;;;2245;2173;2104;2037;1972;1908;1846;1786;1727;1670;1614;1560;1508;1458;1409;1361;1316;1272;1230;1189;1151;1114;1079;1046;1015;985;958;932;908;886;866;847;830;815;802;791;781;773;766;761;758;756;756;758;761;766;772;781;790;802;815;829;846;864;884;906;929;955;982;1011;1042;1075;1110;1146;1185;1226;1269;1314;1361;1410;1462;1515;1571;1629;1690;1753;1819;1888;1959;2033;2110;2190;2274;2360;2450;2544;2641;2741;2845;2952;3062;;;;;;;;;;;;;;;;;;;;;;
1.500;;;;;;;;;;;;;;;;;;;;;;;;;;;;;2292;2218;2147;2077;2010;1944;1880;1818;1757;1698;1641;1585;1531;1479;1428;1379;1332;1286;1242;1200;1159;1121;1084;1049;1016;985;956;928;903;879;857;837;818;802;787;774;762;753;744;738;733;730;728;728;730;733;738;745;753;762;774;787;802;818;836;856;878;901;926;953;982;1013;1046;1080;1117;1155;1196;1239;1283;1330;1379;1430;1483;1539;1597;1657;1720;1786;1854;1925;1998;2075;2155;2238;2324;2414;2507;2603;2704;2807;2915;3025;3138;;;;;;;;;;;;;;;;;;;;;
1.400;;;;;;;;;;;;;;;;;;;;;;;;;;;;;2267;2193;2121;2052;1984;1918;1854;1791;1730;1671;1614;1558;1504;1451;1400;1351;1304;1258;1214;1172;1132;1093;1056;1022;989;957;928;901;875;852;830;810;792;775;760;747;736;726;718;712;707;704;702;703;704;707;712;719;727;737;748;761;775;792;810;830;851;874;899;926;955;986;1018;1053;1089;1128;1168;1210;1255;1301;1350;1401;1454;1509;1567;1627;1689;1754;1822;1893;1966;2042;2122;2204;2290;2379;2472;2569;2669;2772;2879;2989;3103;;;;;;;;;;;;;;;;;;;;;
1.300;;;;;;;;;;;;;;;;;;;;;;;;;;;;2321;2244;2170;2098;2028;1960;1894;1829;1767;1705;1646;1588;1532;1478;1425;1374;1325;1278;1232;1188;1146;1105;1067;1030;996;963;932;903;875;850;826;805;785;767;750;736;723;711;702;694;688;683;680;678;679;680;683;688;695;703;712;724;737;751;767;785;805;827;850;875;902;930;961;993;1027;1064;1102;1142;1184;1228;1275;1323;1374;1426;1481;1539;1598;1661;1725;1793;1863;1936;2012;2091;2173;2258;2347;2440;2536;2636;2739;2846;2956;3070;;;;;;;;;;;;;;;;;;;;;
1.200;;;;;;;;;;;;;;;;;;;;;;;;;;;;2300;2223;2149;2076;2006;1938;1871;1807;1744;1682;1623;1565;1509;1454;1401;1350;1301;1253;1208;1164;1121;1081;1043;1006;972;939;908;879;852;827;803;781;762;744;727;713;700;689;679;672;665;661;658;656;656;658;661;666;673;681;690;701;714;729;745;763;782;804;827;852;878;907;937;970;1004;1040;1078;1118;1160;1204;1250;1298;1348;1401;1456;1513;1572;1634;1698;1765;1835;1908;1983;2062;2144;2229;2318;2410;2506;2605;2708;2815;2925;3039;3155;;;;;;;;;;;;;;;;;;;;
1.100;;;;;;;;;;;;;;;;;;;;;;;;;;;2360;2281;2204;2129;2056;1986;1917;1850;1785;1722;1661;1601;1543;1487;1432;1379;1328;1279;1231;1185;1141;1099;1059;1021;984;950;917;886;857;830;805;782;760;741;723;706;692;679;668;659;651;645;640;637;636;636;638;641;646;652;660;670;681;694;708;724;742;762;783;806;831;857;886;916;948;982;1018;1056;1096;1138;1181;1227;1275;1325;1378;1432;1489;1548;1610;1674;1740;1810;1882;1957;2035;2117;2202;2290;2382;2477;2577;2680;2786;2896;3010;3126;;;;;;;;;;;;;;;;;;;;
1.000;;;;;;;;;;;;;;;;;;;;;;;;;;;2343;2263;2186;2111;2038;1967;1898;1831;1766;1703;1641;1581;1523;1466;1412;1359;1307;1258;1210;1165;1121;1079;1038;1000;964;929;897;866;837;810;785;762;741;721;703;687;673;660;649;640;632;626;622;619;617;617;619;622;627;634;642;651;662;675;689;705;723;743;764;787;811;838;866;896;928;962;998;1036;1075;1117;1161;1207;1254;1304;1356;1411;1467;1526;1587;1651;1717;1787;1858;1933;2011;2092;2177;2265;2356;2452;2551;2653;2760;2870;2983;3100;;;;;;;;;;;;;;;;;;;;
0.900;;;;;;;;;;;;;;;;;;;;;;;;;;;2327;2247;2170;2095;2021;1950;1881;1814;1749;1685;1623;1563;1505;1448;1393;1340;1289;1239;1192;1146;1102;1060;1020;982;945;911;879;848;819;793;768;745;723;704;686;670;656;643;632;623;615;609;605;602;600;601;602;606;610;617;625;634;645;658;672;688;706;725;746;769;794;820;848;878;910;944;980;1017;1057;1099;1142;1188;1235;1285;1337;1391;1447;1506;1567;1631;1697;1765;1837;1912;1989;2070;2154;2242;2333;2428;2527;2629;2735;2845;2959;3076;3195;;;;;;;;;;;;;;;;;;;
0.800;;;;;;;;;;;;;;;;;;;;;;;;;;2395;2313;2233;2155;2080;2007;1935;1866;1798;1733;1669;1607;1546;1488;1431;1376;1323;1272;1222;1175;1129;1085;1043;1003;965;929;895;862;832;803;777;752;729;708;688;671;655;641;628;617;608;600;594;590;587;585;586;587;590;595;602;609;619;630;643;657;673;690;710;731;753;778;804;832;862;894;928;964;1001;1041;1082;1125;1171;1218;1268;1320;1373;1430;1488;1549;1612;1678;1747;1818;1892;1969;2050;2134;2221;2312;2407;2505;2607;2714;2823;2937;3054;3173;;;;;;;;;;;;;;;;;;;
0.700;;;;;;;;;;;;;;;;;;;;;;;;;;2383;2300;2220;2142;2067;1993;1922;1852;1784;1718;1654;1592;1532;1473;1416;1361;1308;1257;1207;1160;1114;1070;1028;989;950;914;880;848;818;789;763;738;715;694;675;657;641;627;615;604;595;587;581;577;574;572;572;574;577;582;588;596;605;616;629;643;659;676;696;717;739;764;790;818;848;880;914;949;986;1026;1067;1111;1156;1203;1253;1304;1358;1414;1472;1533;1596;1661;1730;1801;1875;1952;2032;2116;2203;2293;2388;2486;2588;2694;2804;2917;3034;3154;;;;;;;;;;;;;;;;;;;
0.600;;;;;;;;;;;;;;;;;;;;;;;;;;2372;2290;2209;2131;2055;1982;1910;1840;1772;1706;1642;1579;1519;1460;1403;1348;1295;1244;1194;1147;1101;1057;1015;976;938;902;868;836;805;777;750;726;703;682;663;645;630;616;603;592;583;576;570;565;562;561;561;562;565;570;576;584;593;604;617;631;647;664;684;704;727;751;778;806;836;867;901;936;974;1013;1054;1098;1143;1190;1239;1291;1344;1400;1458;1519;1582;1647;1715;1786;1860;1936;2016;2100;2187;2277;2371;2469;2571;2677;2786;2900;3016;3136;3259;;;;;;;;;;;;;;;;;;
0.500;;;;;;;;;;;;;;;;;;;;;;;;;;2363;2280;2200;2122;2046;1972;1900;1829;1761;1695;1631;1568;1508;1449;1392;1337;1284;1232;1183;1135;1090;1046;1004;965;927;891;857;825;795;766;740;716;693;672;653;635;620;606;593;583;573;566;560;555;552;551;551;552;555;560;566;574;583;594;607;621;636;654;673;694;716;741;767;795;825;856;890;925;963;1002;1043;1086;1132;1179;1228;1279;1333;1388;1446;1507;1569;1635;1702;1773;1847;1923;2003;2086;2173;2263;2357;2454;2556;2662;2771;2884;3001;3121;3244;;;;;;;;;;;;;;;;;;
0.400;;;;;;;;;;;;;;;;;;;;;;;;;;2356;2273;2192;2114;2037;1963;1891;1821;1752;1686;1622;1559;1498;1439;1382;1327;1274;1223;1173;1126;1080;1037;995;955;918;882;848;816;786;758;732;707;685;664;645;627;612;598;585;574;565;558;552;547;544;543;543;544;547;552;558;565;575;586;598;612;628;645;664;685;708;732;758;786;816;847;881;916;954;993;1034;1077;1122;1169;1218;1270;1323;1379;1436;1497;1559;1624;1692;1762;1836;1912;1992;2074;2161;2251;2344;2442;2543;2649;2758;2871;2988;3108;3231;;;;;;;;;;;;;;;;;;
0.300;;;;;;;;;;;;;;;;;;;;;;;;;2436;2350;2267;2186;2107;2031;1956;1884;1814;1745;1679;1614;1551;1491;1432;1375;1320;1266;1215;1166;1118;1073;1029;988;948;910;875;841;809;779;751;725;700;678;657;638;621;605;591;579;568;559;551;545;541;538;536;536;537;540;545;551;559;568;579;591;605;621;638;657;678;700;725;751;779;808;840;873;909;946;985;1026;1070;1115;1162;1211;1262;1315;1371;1429;1489;1551;1616;1683;1754;1827;1903;1982;2065;2151;2241;2334;2432;2533;2638;2748;2861;2978;3098;3221;;;;;;;;;;;;;;;;;;
0.200;;;;;;;;;;;;;;;;;;;;;;;;;2431;2346;2263;2181;2103;2026;1951;1879;1808;1740;1673;1608;1546;1485;1426;1369;1314;1260;1209;1160;1112;1067;1024;982;942;905;869;836;804;774;746;720;696;673;652;633;616;600;586;574;563;554;547;540;536;533;531;531;532;535;540;546;553;563;573;586;600;615;632;651;672;695;719;745;773;803;834;868;903;941;980;1021;1064;1109;1156;1205;1256;1309;1365;1423;1482;1545;1610;1677;1747;1820;1896;1975;2058;2144;2233;2327;2424;2525;2630;2740;2853;2970;3090;3213;;;;;;;;;;;;;;;;;;
0.100;;;;;;;;;;;;;;;;;;;;;;;;;2429;2343;2260;2179;2100;2023;1948;1875;1805;1736;1669;1604;1542;1481;1422;1365;1309;1256;1205;1156;1108;1063;1020;978;939;901;866;832;800;771;743;717;692;670;649;630;613;597;583;571;560;551;543;537;533;530;528;528;529;532;536;542;550;559;570;582;596;611;629;648;668;691;715;741;769;799;831;864;899;937;976;1017;1060;1105;1152;1201;1252;1306;1361;1418;1478;1541;1605;1673;1743;1815;1891;1970;2053;2139;2228;2321;2418;2519;2625;2734;2847;2964;3084;3207;;;;;;;;;;;;;;;;;;
0.000;;;;;;;;;;;;;;;;;;;;;;;;;2428;2342;2259;2177;2098;2021;1946;1874;1803;1734;1667;1602;1539;1478;1419;1362;1307;1254;1203;1153;1106;1061;1017;976;937;899;864;830;799;769;741;715;691;669;648;629;612;596;582;570;559;550;542;536;531;528;526;526;527;530;535;541;548;557;568;580;594;609;627;646;666;689;713;739;767;797;828;862;897;935;974;1015;1058;1103;1150;1199;1250;1304;1359;1416;1476;1538;1603;1670;1740;1813;1889;1968;2050;2136;2225;2318;2415;2516;2621;2730;2843;2960;3081;3204;;;;;;;;;;;;;;;;;;
-0.100;;;;;;;;;;;;;;;;;;;;;;;;;2429;2343;2259;2178;2099;2021;1946;1873;1803;1734;1667;1602;1539;1478;1419;1362;1306;1253;1202;1153;1106;1060;1017;976;937;899;864;830;799;769;741;715;691;669;648;629;612;596;582;570;559;550;542;536;531;528;526;526;527;530;534;540;548;557;567;579;593;609;626;645;666;688;713;739;767;797;828;862;897;935;974;1015;1058;1103;1150;1199;1250;1303;1359;1416;1476;1538;1603;1670;1740;1812;1888;1967;2049;2135;2224;2317;2414;2515;2620;2729;2842;2959;3080;3203;3329;;;;;;;;;;;;;;;;;
-0.200;;;;;;;;;;;;;;;;;;;;;;;;;2431;2345;2261;2180;2101;2023;1948;1875;1804;1735;1668;1603;1540;1479;1420;1363;1308;1254;1203;1154;1107;1062;1019;977;938;901;865;832;801;771;743;717;693;671;650;631;614;598;584;572;561;552;544;538;533;530;528;528;529;532;536;542;549;558;569;581;595;610;627;646;667;690;714;740;768;798;830;863;899;936;975;1017;1060;1105;1152;1201;1252;1305;1361;1418;1478;1540;1604;1672;1741;1814;1890;1968;2051;2136;2225;2318;2415;2516;2621;2731;2844;2961;3081;3205;3330;;;;;;;;;;;;;;;;;
-0.300;;;;;;;;;;;;;;;;;;;;;;;;;2435;2349;2265;2184;2104;2027;1952;1878;1807;1738;1671;1606;1543;1482;1423;1366;1311;1257;1206;1157;1110;1065;1022;981;941;904;869;835;804;774;747;721;697;674;654;635;618;602;588;575;565;555;547;541;536;533;531;531;532;535;539;545;552;561;572;584;598;613;630;649;670;693;717;743;771;801;833;867;902;940;979;1020;1063;1108;1156;1205;1256;1309;1364;1422;1482;1544;1608;1675;1745;1818;1893;1972;2054;2140;2229;2322;2419;2520;2625;2734;2847;2965;3085;3209;3335;;;;;;;;;;;;;;;;;
-0.400;;;;;;;;;;;;;;;;;;;;;;;;;2441;2355;2271;2189;2110;2032;1957;1884;1812;1743;1676;1611;1548;1487;1428;1370;1315;1262;1211;1162;1115;1070;1027;986;946;909;874;841;809;780;752;726;702;680;659;640;623;607;593;581;570;560;553;546;541;538;536;536;537;540;544;550;557;566;576;588;602;618;635;654;675;698;722;748;776;806;838;872;907;945;984;1025;1069;1114;1161;1210;1261;1315;1370;1428;1487;1549;1614;1681;1751;1824;1899;1978;2060;2146;2235;2328;2425;2526;2631;2740;2854;2971;3092;3215;3341;;;;;;;;;;;;;;;;;
-0.500;;;;;;;;;;;;;;;;;;;;;;;;;2449;2363;2279;2197;2117;2040;1964;1891;1819;1750;1683;1618;1554;1493;1434;1377;1322;1269;1218;1169;1121;1076;1033;992;953;916;881;847;816;786;759;733;709;687;666;647;630;614;600;587;577;567;559;553;548;545;543;542;543;546;550;556;563;572;583;595;609;624;642;661;682;704;729;755;783;813;845;879;914;952;991;1033;1076;1121;1168;1218;1269;1322;1378;1435;1495;1557;1622;1689;1759;1831;1907;1986;2068;2154;2243;2336;2433;2534;2640;2749;2862;2980;3100;3224;3350;;;;;;;;;;;;;;;;;
-0.600;;;;;;;;;;;;;;;;;;;;;;;;;2459;2372;2288;2206;2126;2049;1973;1899;1828;1759;1691;1626;1563;1502;1442;1385;1330;1277;1226;1177;1130;1085;1042;1001;962;924;889;856;825;795;767;741;717;695;674;655;638;622;608;596;585;575;568;561;556;553;551;550;552;554;558;564;571;580;591;603;617;633;650;669;690;713;737;763;792;822;854;887;923;961;1000;1042;1085;1131;1178;1227;1278;1332;1387;1445;1505;1567;1632;1699;1769;1841;1917;1996;2078;2164;2253;2347;2444;2545;2651;2760;2874;2991;3112;3236;3362;;;;;;;;;;;;;;;;;
-0.700;;;;;;;;;;;;;;;;;;;;;;;;;2470;2384;2299;2217;2137;2059;1984;1910;1839;1769;1702;1636;1573;1512;1453;1395;1340;1287;1236;1187;1140;1095;1052;1011;972;935;899;866;835;805;778;752;728;705;685;666;648;633;618;606;595;585;577;571;566;563;561;560;561;564;568;574;581;590;601;613;627;642;660;679;700;723;747;774;802;832;864;898;934;972;1011;1053;1096;1142;1189;1238;1290;1343;1399;1456;1516;1579;1643;1711;1781;1854;1929;2008;2091;2177;2266;2360;2457;2558;2664;2774;2887;3005;3126;3250;3376;;;;;;;;;;;;;;;;;
-0.800;;;;;;;;;;;;;;;;;;;;;;;;;2483;2397;2312;2230;2150;2072;1996;1923;1851;1781;1714;1649;1585;1524;1465;1407;1352;1299;1248;1199;1152;1107;1064;1023;984;946;911;878;847;817;789;764;739;717;696;677;660;644;630;618;607;597;589;583;578;574;572;572;573;575;580;585;593;602;612;625;639;654;672;691;712;735;759;786;814;844;877;911;946;984;1024;1066;1109;1155;1202;1252;1303;1357;1412;1470;1530;1593;1657;1725;1795;1868;1944;2023;2106;2192;2281;2375;2473;2574;2680;2790;2904;3022;3143;3267;;;;;;;;;;;;;;;;;;
-0.900;;;;;;;;;;;;;;;;;;;;;;;;;2499;2412;2327;2245;2165;2087;2011;1937;1865;1796;1728;1663;1599;1538;1479;1421;1366;1313;1262;1213;1166;1121;1077;1036;997;960;925;892;860;831;803;777;753;731;710;691;673;658;643;631;620;610;602;596;591;587;585;585;586;589;593;599;606;615;626;638;652;668;685;705;726;749;773;800;828;859;891;925;961;999;1039;1080;1124;1170;1217;1267;1318;1372;1428;1486;1546;1608;1673;1741;1811;1884;1961;2040;2123;2209;2299;2393;2491;2593;2699;2809;2923;3041;3162;3286;;;;;;;;;;;;;;;;;;
-1.000;;;;;;;;;;;;;;;;;;;;;;;;;2516;2429;2344;2262;2182;2103;2027;1953;1882;1812;1744;1679;1615;1554;1494;1437;1382;1329;1277;1228;1181;1136;1093;1052;1013;976;940;907;876;846;818;792;768;746;725;706;688;673;658;646;635;625;617;611;606;602;600;600;601;604;608;614;621;630;641;653;667;683;701;720;741;764;789;816;844;875;907;941;977;1015;1055;1097;1141;1186;1234;1284;1335;1389;1445;1503;1564;1626;1691;1759;1830;1903;1980;2059;2142;2229;2319;2413;2511;2613;2720;2830;2945;3063;3184;3308;;;;;;;;;;;;;;;;;;
-1.100;;;;;;;;;;;;;;;;;;;;;;;;;2535;2448;2363;2281;2200;2122;2046;1972;1900;1830;1762;1697;1633;1572;1512;1455;1399;1346;1295;1246;1198;1153;1110;1069;1030;993;957;924;893;863;835;809;785;762;742;723;705;689;675;662;651;642;634;627;622;619;617;616;618;620;625;630;638;647;658;670;684;700;718;737;759;782;807;833;862;893;925;959;995;1034;1074;1115;1159;1205;1253;1303;1355;1409;1465;1523;1583;1646;1712;1780;1850;1924;2001;2081;2164;2251;2342;2436;2534;2637;2744;2854;2969;3087;3209;3333;;;;;;;;;;;;;;;;;;
-1.200;;;;;;;;;;;;;;;;;;;;;;;;;2556;2469;2385;2302;2221;2143;2066;1992;1920;1850;1782;1717;1653;1591;1532;1474;1419;1366;1314;1265;1218;1173;1129;1088;1049;1012;976;943;911;882;854;828;804;781;760;741;724;708;693;681;670;660;652;646;641;637;635;635;636;639;643;649;656;666;677;689;703;719;737;757;778;801;826;853;882;912;945;979;1016;1054;1094;1136;1180;1226;1274;1324;1376;1430;1486;1545;1605;1668;1734;1802;1873;1947;2024;2105;2188;2276;2367;2461;2560;2663;2770;2881;2996;3115;3236;3361;;;;;;;;;;;;;;;;;;
-1.300;;;;;;;;;;;;;;;;;;;;;;;;;;2493;2408;2325;2244;2165;2089;2015;1942;1872;1804;1738;1675;1613;1553;1496;1440;1387;1336;1286;1239;1194;1150;1109;1070;1032;997;963;932;902;874;848;824;801;780;761;744;728;714;701;690;680;672;666;661;657;655;655;656;659;663;669;677;686;697;710;724;740;758;778;799;822;847;874;903;934;967;1001;1037;1076;1116;1158;1202;1249;1297;1347;1399;1453;1510;1568;1629;1693;1759;1827;1899;1973;2050;2131;2215;2303;2394;2490;2589;2692;2800;2911;3026;3145;3267;3391;;;;;;;;;;;;;;;;;;
-1.400;;;;;;;;;;;;;;;;;;;;;;;;;;2518;2433;2350;2269;2190;2113;2039;1967;1897;1828;1762;1699;1637;1577;1519;1464;1410;1359;1309;1262;1217;1173;1132;1092;1055;1019;986;954;924;896;870;846;823;802;783;766;750;735;723;712;702;694;687;683;679;677;677;678;681;685;691;699;708;719;732;747;763;781;800;822;845;871;898;927;957;990;1025;1061;1100;1140;1183;1227;1273;1321;1372;1424;1478;1535;1594;1655;1719;1785;1854;1926;2001;2079;2160;2244;2333;2425;2520;2620;2724;2832;2944;3059;3178;3300;3424;;;;;;;;;;;;;;;;;;
-1.500;;;;;;;;;;;;;;;;;;;;;;;;;;2546;2460;2377;2296;2217;2140;2066;1993;1923;1855;1789;1724;1663;1603;1545;1489;1436;1384;1334;1287;1241;1198;1156;1117;1079;1044;1010;978;949;921;894;870;847;826;807;789;773;759;746;735;726;717;711;706;703;701;701;702;705;709;715;723;733;744;757;771;787;805;825;847;870;896;923;952;983;1016;1050;1087;1126;1166;1209;1253;1300;1348;1399;1451;1506;1563;1622;1684;1748;1814;1884;1956;2031;2109;2191;2276;2365;2458;2554;2654;2759;2867;2979;3095;3214;3336;;;;;;;;;;;;;;;;;;;
-1.600;;;;;;;;;;;;;;;;;;;;;;;;;;2575;2490;2406;2325;2246;2169;2094;2022;1951;1883;1817;1753;1690;1630;1573;1517;1463;1411;1362;1314;1268;1225;1183;1143;1106;1070;1036;1005;975;946;920;896;873;852;832;815;799;784;772;760;751;743;736;732;728;726;726;728;731;735;741;749;759;770;783;797;814;832;852;874;897;923;950;979;1010;1043;1078;1115;1154;1194;1237;1281;1328;1377;1427;1480;1535;1593;1652;1714;1779;1846;1915;1988;2064;2143;2225;2311;2400;2493;2590;2691;2796;2905;3018;3134;3253;3374;;;;;;;;;;;;;;;;;;;
-1.700;;;;;;;;;;;;;;;;;;;;;;;;;;;2521;2438;2356;2277;2200;2125;2052;1982;1913;1847;1783;1720;1660;1602;1546;1492;1441;1391;1343;1297;1253;1212;1172;1134;1098;1064;1033;1002;974;948;923;900;879;860;842;826;812;799;788;778;770;764;759;756;754;754;755;758;763;769;777;787;798;811;826;842;860;880;902;926;951;979;1008;1039;1072;1107;1144;1183;1224;1267;1312;1359;1407;1458;1512;1567;1624;1684;1747;1812;1879;1950;2023;2099;2179;2262;2348;2438;2532;2630;2731;2837;2946;3059;3175;3294;3416;;;;;;;;;;;;;;;;;;;
-1.800;;;;;;;;;;;;;;;;;;;;;;;;;;;2555;2471;2390;2310;2233;2158;2085;2015;1946;1879;1815;1753;1692;1634;1578;1524;1472;1422;1374;1328;1284;1242;1202;1165;1129;1095;1062;1032;1004;977;953;930;908;889;871;855;841;828;817;807;799;793;788;785;783;783;784;788;792;799;807;816;828;841;856;872;891;911;933;956;982;1010;1039;1070;1104;1139;1176;1215;1256;1299;1344;1391;1440;1491;1545;1601;1659;1719;1782;1847;1915;1986;2060;2137;2217;2301;2388;2479;2574;2672;2774;2880;2990;3103;3220;3339;;;;;;;;;;;;;;;;;;;;
-1.900;;;;;;;;;;;;;;;;;;;;;;;;;;;2591;2507;2425;2346;2268;2193;2120;2049;1981;1914;1849;1787;1727;1668;1612;1558;1505;1455;1407;1361;1317;1275;1235;1197;1161;1127;1094;1064;1036;1009;984;961;940;920;902;886;872;859;848;838;830;824;819;816;814;814;816;819;824;830;838;848;859;873;888;904;923;943;965;989;1015;1042;1072;1103;1137;1172;1209;1249;1290;1333;1378;1426;1475;1527;1580;1636;1695;1756;1819;1885;1954;2025;2100;2178;2259;2343;2431;2523;2618;2717;2820;2927;3037;3151;3267;3386;;;;;;;;;;;;;;;;;;;;
-2.000;;;;;;;;;;;;;;;;;;;;;;;;;;;;2545;2463;2383;2306;2231;2158;2087;2018;1951;1886;1824;1763;1704;1648;1594;1541;1491;1443;1396;1352;1310;1270;1231;1195;1161;1128;1098;1069;1042;1018;994;973;953;935;919;905;892;881;871;863;857;852;849;847;847;849;852;857;863;872;882;893;906;921;938;957;977;999;1023;1049;1077;1107;1138;1172;1207;1245;1284;1326;1369;1415;1462;1512;1564;1618;1675;1733;1795;1859;1925;1995;2067;2142;2221;2303;2388;2477;2569;2666;2766;2869;2977;3087;3201;3318;3437;;;;;;;;;;;;;;;;;;;;
-2.100;;;;;;;;;;;;;;;;;;;;;;;;;;;;2585;2503;2423;2346;2270;2197;2126;2057;1990;1925;1862;1802;1743;1686;1632;1579;1529;1480;1434;1389;1347;1306;1268;1232;1197;1164;1134;1105;1078;1053;1030;1008;989;971;954;940;927;916;906;898;892;887;884;882;882;884;887;892;899;907;917;929;942;957;974;993;1013;1036;1060;1086;1114;1143;1175;1209;1244;1282;1322;1363;1407;1453;1501;1551;1603;1658;1715;1774;1836;1901;1968;2038;2112;2188;2267;2350;2436;2526;2619;2716;2817;2921;3029;3140;3255;3371;;;;;;;;;;;;;;;;;;;;;
-2.200;;;;;;;;;;;;;;;;;;;;;;;;;;;;2627;2545;2465;2387;2312;2239;2167;2098;2031;1966;1903;1843;1784;1727;1672;1619;1569;1520;1473;1429;1386;1345;1307;1270;1235;1203;1172;1143;1116;1091;1067;1046;1026;1008;991;977;964;952;943;935;928;924;921;919;919;921;924;929;936;944;954;966;980;995;1012;1031;1051;1074;1098;1124;1152;1182;1214;1248;1284;1321;1361;1403;1447;1493;1542;1592;1645;1700;1758;1818;1880;1946;2014;2085;2159;2236;2316;2400;2487;2578;2672;2770;2872;2977;3085;3197;3311;3427;;;;;;;;;;;;;;;;;;;;;
-2.300;;;;;;;;;;;;;;;;;;;;;;;;;;;;;2589;2509;2431;2356;2282;2211;2142;2075;2010;1947;1886;1827;1770;1715;1662;1611;1562;1515;1470;1428;1387;1348;1311;1276;1243;1212;1183;1156;1130;1107;1085;1065;1047;1030;1016;1003;991;982;974;967;963;960;958;958;960;963;969;975;984;994;1006;1019;1035;1052;1070;1091;1114;1138;1164;1193;1223;1255;1289;1325;1363;1403;1445;1489;1536;1585;1636;1689;1745;1803;1863;1927;1993;2062;2134;2209;2287;2368;2453;2541;2633;2728;2827;2929;3035;3144;3256;3370;;;;;;;;;;;;;;;;;;;;;;
-2.400;;;;;;;;;;;;;;;;;;;;;;;;;;;;;2635;2555;2477;2402;2329;2257;2188;2121;2055;1992;1931;1872;1815;1760;1707;1656;1606;1559;1514;1471;1430;1391;1354;1319;1286;1255;1225;1198;1172;1149;1127;1107;1088;1072;1057;1044;1032;1023;1015;1008;1004;1000;999;999;1001;1005;1010;1016;1025;1035;1047;1061;1076;1093;1112;1133;1156;1180;1207;1235;1265;1297;1332;1368;1406;1447;1489;1534;1581;1630;1681;1735;1791;1850;1912;1976;2043;2113;2185;2261;2341;2423;2509;2598;2691;2787;2887;2990;3097;3206;3318;3431;;;;;;;;;;;;;;;;;;;;;;
-2.500;;;;;;;;;;;;;;;;;;;;;;;;;;;;;;2603;2526;2450;2377;2305;2236;2169;2103;2040;1979;1920;1862;1807;1754;1702;1653;1606;1561;1517;1476;1437;1399;1364;1331;1299;1270;1242;1216;1192;1170;1150;1132;1115;1100;1087;1076;1066;1058;1051;1047;1044;1042;1042;1044;1048;1053;1060;1068;1079;1090;1104;1120;1137;1156;1177;1200;1224;1251;1279;1310;1342;1377;1413;1452;1492;1535;1580;1628;1677;1729;1784;1841;1900;1963;2028;2095;2166;2240;2317;2397;2481;2568;2658;2752;2850;2950;3054;3161;3270;3382;;;;;;;;;;;;;;;;;;;;;;;
-2.600;;;;;;;;;;;;;;;;;;;;;;;;;;;;;;2653;2576;2500;2427;2356;2286;2219;2154;2090;2029;1970;1912;1857;1803;1752;1702;1655;1609;1566;1524;1485;1447;1412;1378;1346;1317;1289;1263;1239;1217;1196;1178;1161;1146;1133;1121;1111;1103;1097;1092;1089;1087;1087;1089;1093;1098;1105;1114;1124;1136;1150;1165;1183;1202;1223;1246;1270;1297;1326;1356;1389;1424;1460;1499;1540;1584;1629;1677;1727;1780;1835;1893;1953;2016;2082;2151;2223;2298;2376;2457;2542;2630;2722;2817;2915;3017;3121;3228;3338;3449;;;;;;;;;;;;;;;;;;;;;;;
-2.700;;;;;;;;;;;;;;;;;;;;;;;;;;;;;;;2628;2553;2479;2408;2339;2272;2206;2143;2081;2022;1964;1909;1855;1803;1754;1706;1660;1617;1575;1535;1497;1461;1428;1396;1366;1338;1311;1287;1265;1244;1226;1209;1194;1180;1169;1159;1150;1144;1139;1136;1135;1135;1137;1140;1145;1152;1161;1171;1183;1197;1213;1230;1250;1271;1294;1319;1346;1374;1405;1438;1473;1510;1549;1591;1634;1680;1729;1780;1833;1889;1947;2009;2073;2140;2210;2283;2359;2438;2521;2607;2696;2789;2885;2984;3086;3191;3298;3408;;;;;;;;;;;;;;;;;;;;;;;;
-2.800;;;;;;;;;;;;;;;;;;;;;;;;;;;;;;;;2607;2534;2463;2393;2326;2261;2197;2136;2076;2019;1963;1909;1858;1808;1760;1714;1670;1628;1588;1550;1514;1480;1447;1417;1389;1363;1338;1316;1295;1276;1259;1244;1230;1218;1208;1200;1193;1189;1185;1184;1184;1186;1190;1195;1202;1211;1221;1233;1247;1263;1280;1300;1321;1344;1369;1396;1425;1456;1489;1525;1562;1602;1643;1688;1734;1783;1835;1889;1945;2005;2067;2132;2200;2271;2345;2423;2503;2587;2674;2765;2858;2955;3055;3158;3263;3371;3480;;;;;;;;;;;;;;;;;;;;;;;;
-2.900;;;;;;;;;;;;;;;;;;;;;;;;;;;;;;;;2663;2590;2519;2450;2383;2318;2254;2193;2133;2076;2020;1966;1914;1864;1816;1770;1725;1683;1643;1605;1568;1534;1502;1471;1443;1416;1391;1369;1348;1329;1311;1296;1282;1270;1260;1252;1245;1240;1237;1236;1236;1238;1241;1247;1254;1262;1273;1285;1299;1315;1332;1352;1373;1396;1422;1449;1478;1509;1543;1578;1616;1656;1699;1743;1790;1840;1892;1947;2005;2065;2128;2194;2263;2336;2411;2490;2571;2657;2745;2837;2931;3029;3130;3233;3339;3446;;;;;;;;;;;;;;;;;;;;;;;;;
-3.000;;;;;;;;;;;;;;;;;;;;;;;;;;;;;;;;;2648;2578;2509;2442;2377;2314;2252;2193;2135;2079;2025;1973;1923;1874;1828;1783;1741;1701;1662;1625;1591;1558;1527;1499;1472;1447;1424;1403;1384;1366;1351;1337;1325;1315;1306;1299;1294;1291;1290;1290;1292;1295;1300;1307;1316;1327;1339;1353;1369;1387;1406;1428;1451;1477;1504;1533;1565;1599;1635;1673;1713;1756;1802;1849;1900;1953;2008;2067;2128;2192;2260;2330;2403;2480;2560;2643;2729;2819;2912;3007;3106;3207;3311;3416;;;;;;;;;;;;;;;;;;;;;;;;;;
-3.100;;;;;;;;;;;;;;;;;;;;;;;;;;;;;;;;;;2638;2570;2503;2438;2375;2313;2254;2196;2140;2086;2034;1984;1935;1889;1844;1801;1761;1722;1685;1650;1617;1586;1557;1530;1505;1482;1461;1441;1423;1408;1394;1382;1371;1363;1356;1351;1347;1346;1346;1348;1351;1357;1364;1372;1383;1395;1409;1425;1443;1463;1484;1508;1534;1561;1591;1623;1657;1694;1732;1773;1817;1863;1911;1962;2016;2073;2132;2195;2260;2328;2400;2475;2552;2634;2718;2805;2896;2990;3086;3185;3287;3390;3495;;;;;;;;;;;;;;;;;;;;;;;;;;
-3.200;;;;;;;;;;;;;;;;;;;;;;;;;;;;;;;;;;;2632;2566;2501;2438;2377;2318;2260;2204;2150;2098;2047;1999;1952;1907;1864;1823;1784;1747;1712;1679;1648;1618;1591;1566;1542;1521;1501;1483;1467;1453;1441;1430;1422;1415;1410;1406;1404;1405;1406;1410;1415;1422;1431;1441;1454;1468;1484;1502;1522;1544;1568;1593;1621;1651;1684;1718;1755;1794;1836;1880;1926;1976;2028;2082;2140;2200;2264;2330;2400;2473;2549;2628;2710;2796;2885;2976;3071;3168;3267;3369;3471;;;;;;;;;;;;;;;;;;;;;;;;;;;
-3.300;;;;;;;;;;;;;;;;;;;;;;;;;;;;;;;;;;;2697;2631;2566;2504;2443;2383;2326;2270;2216;2164;2113;2064;2017;1972;1929;1888;1849;1812;1776;1743;1711;1682;1654;1629;1605;1583;1563;1545;1529;1515;1503;1492;1483;1476;1471;1467;1466;1466;1467;1471;1476;1483;1492;1503;1515;1529;1545;1564;1584;1606;1630;1656;1684;1714;1747;1782;1819;1859;1901;1946;1993;2043;2096;2152;2210;2272;2337;2404;2475;2549;2626;2707;2790;2877;2967;3059;3154;3252;3351;3452;;;;;;;;;;;;;;;;;;;;;;;;;;;;
-3.400;;;;;;;;;;;;;;;;;;;;;;;;;;;;;;;;;;;;2697;2633;2571;2510;2451;2394;2338;2284;2232;2181;2132;2085;2040;1997;1956;1916;1879;1843;1809;1778;1748;1720;1694;1670;1648;1628;1610;1594;1579;1567;1556;1547;1540;1534;1531;1529;1529;1531;1534;1539;1547;1555;1566;1579;1593;1609;1628;1648;1670;1694;1721;1749;1780;1813;1849;1886;1927;1970;2015;2063;2114;2168;2225;2284;2347;2413;2482;2554;2629;2707;2789;2873;2961;3051;3145;3240;3338;3437;;;;;;;;;;;;;;;;;;;;;;;;;;;;;
-3.500;;;;;;;;;;;;;;;;;;;;;;;;;;;;;;;;;;;;;2703;2641;2580;2521;2464;2409;2355;2302;2252;2203;2156;2111;2067;2026;1986;1948;1913;1879;1847;1817;1789;1763;1738;1716;1696;1677;1661;1646;1634;1623;1613;1606;1601;1597;1595;1595;1597;1600;1605;1613;1621;1632;1645;1659;1676;1694;1715;1737;1762;1788;1817;1849;1882;1918;1957;1998;2041;2087;2136;2188;2243;2301;2361;2425;2492;2562;2635;2712;2791;2874;2959;3048;3139;3232;3328;3425;;;;;;;;;;;;;;;;;;;;;;;;;;;;;;
-3.600;;;;;;;;;;;;;;;;;;;;;;;;;;;;;;;;;;;;;;2712;2652;2593;2537;2481;2427;2375;2325;2276;2229;2183;2140;2098;2058;2020;1984;1950;1918;1888;1860;1833;1809;1786;1766;1747;1731;1716;1703;1692;1683;1675;1670;1666;1664;1664;1665;1669;1674;1681;1690;1701;1714;1729;1745;1764;1784;1807;1832;1859;1889;1920;1954;1991;2030;2072;2116;2163;2213;2266;2321;2380;2442;2507;2575;2646;2720;2798;2878;2962;3048;3137;3228;3322;3417;3513;;;;;;;;;;;;;;;;;;;;;;;;;;;;;;
-3.700;;;;;;;;;;;;;;;;;;;;;;;;;;;;;;;;;;;;;;;2726;2668;2611;2556;2502;2450;2400;2351;2304;2258;2215;2173;2133;2095;2059;2024;1992;1962;1933;1907;1882;1859;1839;1820;1803;1788;1775;1764;1754;1747;1741;1737;1735;1735;1737;1740;1746;1753;1762;1773;1786;1801;1817;1836;1857;1880;1906;1933;1963;1995;2030;2067;2106;2149;2194;2242;2293;2346;2403;2463;2526;2592;2661;2733;2808;2887;2968;3052;3139;3228;3319;3412;3506;;;;;;;;;;;;;;;;;;;;;;;;;;;;;;;
-3.800;;;;;;;;;;;;;;;;;;;;;;;;;;;;;;;;;;;;;;;;2744;2687;2633;2579;2527;2477;2428;2381;2336;2292;2250;2210;2172;2136;2101;2069;2038;2009;1982;1958;1935;1914;1895;1878;1863;1849;1838;1829;1821;1815;1811;1809;1809;1811;1814;1820;1827;1836;1847;1860;1876;1893;1912;1933;1956;1982;2010;2040;2073;2108;2146;2186;2230;2275;2324;2376;2431;2488;2549;2613;2680;2750;2823;2899;2979;3060;3145;3232;3321;3412;;;;;;;;;;;;;;;;;;;;;;;;;;;;;;;;;
-3.900;;;;;;;;;;;;;;;;;;;;;;;;;;;;;;;;;;;;;;;;;;2711;2658;2607;2557;2508;2461;2416;2372;2330;2290;2251;2215;2180;2147;2117;2088;2061;2036;2013;1992;1973;1955;1940;1927;1915;1906;1898;1892;1888;1886;1886;1888;1892;1897;1904;1914;1925;1938;1954;1971;1990;2012;2036;2062;2090;2121;2154;2190;2229;2270;2314;2361;2410;2463;2518;2577;2639;2703;2771;2842;2916;2993;3073;3155;3240;3326;3414;;;;;;;;;;;;;;;;;;;;;;;;;;;;;;;;;;
-4.000;;;;;;;;;;;;;;;;;;;;;;;;;;;;;;;;;;;;;;;;;;;2739;2688;2638;2590;2543;2498;2454;2412;2372;2333;2297;2262;2229;2198;2169;2142;2117;2093;2072;2053;2036;2020;2007;1995;1986;1978;1972;1968;1966;1966;1968;1972;1977;1985;1994;2006;2019;2035;2052;2072;2094;2119;2145;2174;2205;2239;2276;2315;2357;2402;2449;2500;2553;2610;2669;2732;2797;2866;2937;3012;3089;3169;3251;3335;3421;;;;;;;;;;;;;;;;;;;;;;;;;;;;;;;;;;;
-4.100;;;;;;;;;;;;;;;;;;;;;;;;;;;;;;;;;;;;;;;;;;;;2771;2722;2674;2627;2582;2538;2496;2456;2417;2381;2346;2313;2282;2253;2225;2200;2177;2155;2136;2119;2103;2090;2078;2068;2061;2055;2051;2049;2049;2051;2055;2060;2068;2078;2090;2103;2119;2137;2158;2180;2205;2232;2261;2293;2328;2365;2405;2447;2493;2541;2593;2647;2704;2764;2828;2894;2963;3035;3110;3187;3266;3348;3431;;;;;;;;;;;;;;;;;;;;;;;;;;;;;;;;;;;;
-4.200;;;;;;;;;;;;;;;;;;;;;;;;;;;;;;;;;;;;;;;;;;;;;;2760;2713;2668;2624;2583;2542;2504;2467;2432;2399;2368;2339;2311;2286;2263;2241;2222;2204;2189;2175;2163;2154;2146;2140;2137;2135;2135;2137;2141;2147;2155;2165;2177;2191;2207;2226;2246;2269;2294;2322;2352;2385;2420;2458;2498;2542;2588;2637;2689;2744;2802;2862;2926;2993;3062;3134;3209;3286;3364;;;;;;;;;;;;;;;;;;;;;;;;;;;;;;;;;;;;;;
-4.300;;;;;;;;;;;;;;;;;;;;;;;;;;;;;;;;;;;;;;;;;;;;;;;2801;2756;2713;2671;2631;2593;2556;2521;2488;2456;2427;2400;2374;2351;2329;2310;2292;2277;2263;2252;2242;2234;2229;2225;2223;2224;2226;2230;2236;2245;2255;2267;2282;2298;2317;2338;2362;2388;2416;2446;2480;2515;2554;2595;2639;2686;2736;2788;2844;2902;2963;3027;3094;3163;3235;3309;3385;;;;;;;;;;;;;;;;;;;;;;;;;;;;;;;;;;;;;;;
-4.400;;;;;;;;;;;;;;;;;;;;;;;;;;;;;;;;;;;;;;;;;;;;;;;;;2804;2762;2722;2683;2647;2612;2579;2547;2518;2491;2465;2442;2420;2400;2383;2367;2354;2342;2333;2325;2320;2316;2315;2315;2318;2322;2329;2337;2348;2361;2376;2393;2412;2434;2458;2484;2513;2544;2578;2614;2653;2695;2740;2787;2837;2890;2946;3005;3066;3130;3196;3265;3336;;;;;;;;;;;;;;;;;;;;;;;;;;;;;;;;;;;;;;;;;
-4.500;;;;;;;;;;;;;;;;;;;;;;;;;;;;;;;;;;;;;;;;;;;;;;;;;;;2815;2776;2740;2705;2672;2640;2611;2584;2558;2535;2513;2494;2476;2461;2447;2436;2427;2419;2414;2411;2409;2410;2413;2418;2425;2434;2445;2458;2473;2491;2511;2533;2557;2584;2613;2645;2680;2716;2756;2798;2843;2891;2942;2995;3051;3109;3170;3234;3299;;;;;;;;;;;;;;;;;;;;;;;;;;;;;;;;;;;;;;;;;;;
-4.600;;;;;;;;;;;;;;;;;;;;;;;;;;;;;;;;;;;;;;;;;;;;;;;;;;;;;2835;2800;2767;2736;2706;2679;2653;2630;2609;2589;2572;2556;2543;2532;2523;2516;2511;2508;2507;2508;2511;2516;2523;2533;2544;2558;2574;2592;2612;2635;2660;2687;2717;2749;2784;2822;2862;2904;2950;2997;3048;3101;3157;3215;3275;;;;;;;;;;;;;;;;;;;;;;;;;;;;;;;;;;;;;;;;;;;;;
-4.700;;;;;;;;;;;;;;;;;;;;;;;;;;;;;;;;;;;;;;;;;;;;;;;;;;;;;;;2864;2833;2803;2776;2751;2727;2706;2687;2670;2654;2641;2630;2621;2615;2610;2607;2606;2608;2611;2617;2625;2635;2647;2661;2677;2696;2717;2740;2765;2793;2823;2856;2891;2929;2969;3012;3058;3105;3156;3208;3263;;;;;;;;;;;;;;;;;;;;;;;;;;;;;;;;;;;;;;;;;;;;;;;
-4.800;;;;;;;;;;;;;;;;;;;;;;;;;;;;;;;;;;;;;;;;;;;;;;;;;;;;;;;;;;2875;2850;2827;2806;2787;2770;2755;2742;2731;2722;2716;2711;2709;2709;2711;2715;2721;2729;2739;2752;2766;2783;2802;2824;2847;2873;2902;2932;2965;3001;3039;3079;3122;3167;3214;;;;;;;;;;;;;;;;;;;;;;;;;;;;;;;;;;;;;;;;;;;;;;;;;;
-4.900;;;;;;;;;;;;;;;;;;;;;;;;;;;;;;;;;;;;;;;;;;;;;;;;;;;;;;;;;;;;;;2888;2871;2857;2844;2834;2825;2819;2815;2813;2813;2815;2820;2826;2835;2846;2859;2874;2892;2911;2933;2957;2983;3012;3043;3076;3111;3149;3189;;;;;;;;;;;;;;;;;;;;;;;;;;;;;;;;;;;;;;;;;;;;;;;;;;;;;
-5.000;;;;;;;;;;;;;;;;;;;;;;;;;;;;;;;;;;;;;;;;;;;;;;;;;;;;;;;;;;;;;;;;;;2938;2930;2924;2920;2919;2919;2922;2927;2934;2943;2955;2968;2984;3002;3022;3044;3068;3095;3123;3154;;;;;;;;;;;;;;;;;;;;;;;;;;;;;;;;;;;;;;;;;;;;;;;;;;;;;;;;;
-5.100;;;;;;;;;;;;;;;;;;;;;;;;;;;;;;;;;;;;;;;;;;;;;;;;;;;;;;;;;;;;;;;;;;;;;;;;;;;;;;;;;;;;;;;;;;;;;;;;;;;;;;;;;;;;;;;;;;;;;;;;;;;;;;;;;;;;;;;;;;;;;;
-5.200;;;;;;;;;;;;;;;;;;;;;;;;;;;;;;;;;;;;;;;;;;;;;;;;;;;;;;;;;;;;;;;;;;;;;;;;;;;;;;;;;;;;;;;;;;;;;;;;;;;;;;;;;;;;;;;;;;;;;;;;;;;;;;;;;;;;;;;;;;;;;;
-5.300;;;;;;;;;;;;;;;;;;;;;;;;;;;;;;;;;;;;;;;;;;;;;;;;;;;;;;;;;;;;;;;;;;;;;;;;;;;;;;;;;;;;;;;;;;;;;;;;;;;;;;;;;;;;;;;;;;;;;;;;;;;;;;;;;;;;;;;;;;;;;;
-5.400;;;;;;;;;;;;;;;;;;;;;;;;;;;;;;;;;;;;;;;;;;;;;;;;;;;;;;;;;;;;;;;;;;;;;;;;;;;;;;;;;;;;;;;;;;;;;;;;;;;;;;;;;;;;;;;;;;;;;;;;;;;;;;;;;;;;;;;;;;;;;;
-5.500;;;;;;;;;;;;;;;;;;;;;;;;;;;;;;;;;;;;;;;;;;;;;;;;;;;;;;;;;;;;;;;;;;;;;;;;;;;;;;;;;;;;;;;;;;;;;;;;;;;;;;;;;;;;;;;;;;;;;;;;;;;;;;;;;;;;;;;;;;;;;;
-5.600;;;;;;;;;;;;;;;;;;;;;;;;;;;;;;;;;;;;;;;;;;;;;;;;;;;;;;;;;;;;;;;;;;;;;;;;;;;;;;;;;;;;;;;;;;;;;;;;;;;;;;;;;;;;;;;;;;;;;;;;;;;;;;;;;;;;;;;;;;;;;;
-5.700;;;;;;;;;;;;;;;;;;;;;;;;;;;;;;;;;;;;;;;;;;;;;;;;;;;;;;;;;;;;;;;;;;;;;;;;;;;;;;;;;;;;;;;;;;;;;;;;;;;;;;;;;;;;;;;;;;;;;;;;;;;;;;;;;;;;;;;;;;;;;;
-5.800;;;;;;;;;;;;;;;;;;;;;;;;;;;;;;;;;;;;;;;;;;;;;;;;;;;;;;;;;;;;;;;;;;;;;;;;;;;;;;;;;;;;;;;;;;;;;;;;;;;;;;;;;;;;;;;;;;;;;;;;;;;;;;;;;;;;;;;;;;;;;;
-5.900;;;;;;;;;;;;;;;;;;;;;;;;;;;;;;;;;;;;;;;;;;;;;;;;;;;;;;;;;;;;;;;;;;;;;;;;;;;;;;;;;;;;;;;;;;;;;;;;;;;;;;;;;;;;;;;;;;;;;;;;;;;;;;;;;;;;;;;;;;;;;;
-6.000;;;;;;;;;;;;;;;;;;;;;;;;;;;;;;;;;;;;;;;;;;;;;;;;;;;;;;;;;;;;;;;;;;;;;;;;;;;;;;;;;;;;;;;;;;;;;;;;;;;;;;;;;;;;;;;;;;;;;;;;;;;;;;;;;;;;;;;;;;;;;;
-6.100;;;;;;;;;;;;;;;;;;;;;;;;;;;;;;;;;;;;;;;;;;;;;;;;;;;;;;;;;;;;;;;;;;;;;;;;;;;;;;;;;;;;;;;;;;;;;;;;;;;;;;;;;;;;;;;;;;;;;;;;;;;;;;;;;;;;;;;;;;;;;;
-6.200;;;;;;;;;;;;;;;;;;;;;;;;;;;;;;;;;;;;;;;;;;;;;;;;;;;;;;;;;;;;;;;;;;;;;;;;;;;;;;;;;;;;;;;;;;;;;;;;;;;;;;;;;;;;;;;;;;;;;;;;;;;;;;;;;;;;;;;;;;;;;;
-6.300;;;;;;;;;;;;;;;;;;;;;;;;;;;;;;;;;;;;;;;;;;;;;;;;;;;;;;;;;;;;;;;;;;;;;;;;;;;;;;;;;;;;;;;;;;;;;;;;;;;;;;;;;;;;;;;;;;;;;;;;;;;;;;;;;;;;;;;;;;;;;;
-6.400;;;;;;;;;;;;;;;;;;;;;;;;;;;;;;;;;;;;;;;;;;;;;;;;;;;;;;;;;;;;;;;;;;;;;;;;;;;;;;;;;;;;;;;;;;;;;;;;;;;;;;;;;;;;;;;;;;;;;;;;;;;;;;;;;;;;;;;;;;;;;;
-6.500;;;;;;;;;;;;;;;;;;;;;;;;;;;;;;;;;;;;;;;;;;;;;;;;;;;;;;;;;;;;;;;;;;;;;;;;;;;;;;;;;;;;;;;;;;;;;;;;;;;;;;;;;;;;;;;;;;;;;;;;;;;;;;;;;;;;;;;;;;;;;;
-6.600;;;;;;;;;;;;;;;;;;;;;;;;;;;;;;;;;;;;;;;;;;;;;;;;;;;;;;;;;;;;;;;;;;;;;;;;;;;;;;;;;;;;;;;;;;;;;;;;;;;;;;;;;;;;;;;;;;;;;;;;;;;;;;;;;;;;;;;;;;;;;;
-6.700;;;;;;;;;;;;;;;;;;;;;;;;;;;;;;;;;;;;;;;;;;;;;;;;;;;;;;;;;;;;;;;;;;;;;;;;;;;;;;;;;;;;;;;;;;;;;;;;;;;;;;;;;;;;;;;;;;;;;;;;;;;;;;;;;;;;;;;;;;;;;;
-6.800;;;;;;;;;;;;;;;;;;;;;;;;;;;;;;;;;;;;;;;;;;;;;;;;;;;;;;;;;;;;;;;;;;;;;;;;;;;;;;;;;;;;;;;;;;;;;;;;;;;;;;;;;;;;;;;;;;;;;;;;;;;;;;;;;;;;;;;;;;;;;;
-6.900;;;;;;;;;;;;;;;;;;;;;;;;;;;;;;;;;;;;;;;;;;;;;;;;;;;;;;;;;;;;;;;;;;;;;;;;;;;;;;;;;;;;;;;;;;;;;;;;;;;;;;;;;;;;;;;;;;;;;;;;;;;;;;;;;;;;;;;;;;;;;;
-7.000;;;;;;;;;;;;;;;;;;;;;;;;;;;;;;;;;;;;;;;;;;;;;;;;;;;;;;;;;;;;;;;;;;;;;;;;;;;;;;;;;;;;;;;;;;;;;;;;;;;;;;;;;;;;;;;;;;;;;;;;;;;;;;;;;;;;;;;;;;;;;;
FRONT [mm];-7.000;-6.900;-6.800;-6.700;-6.600;-6.500;-6.400;-6.300;-6.200;-6.100;-6.000;-5.900;-5.800;-5.700;-5.600;-5.500;-5.400;-5.300;-5.200;-5.100;-5.000;-4.900;-4.800;-4.700;-4.600;-4.500;-4.400;-4.300;-4.200;-4.100;-4.000;-3.900;-3.800;-3.700;-3.600;-3.500;-3.400;-3.300;-3.200;-3.100;-3.000;-2.900;-2.800;-2.700;-2.600;-2.500;-2.400;-2.300;-2.200;-2.100;-2.000;-1.900;-1.800;-1.700;-1.600;-1.500;-1.400;-1.300;-1.200;-1.100;-1.000;-0.900;-0.800;-0.700;-0.600;-0.500;-0.400;-0.300;-0.200;-0.100;0.000;0.100;0.200;0.300;0.400;0.500;0.600;0.700;0.800;0.900;1.000;1.100;1.200;1.300;1.400;1.500;1.600;1.700;1.800;1.900;2.000;2.100;2.200;2.300;2.400;2.500;2.600;2.700;2.800;2.900;3.000;3.100;3.200;3.300;3.400;3.500;3.600;3.700;3.800;3.900;4.000;4.100;4.200;4.300;4.400;4.500;4.600;4.700;4.800;4.900;5.000;5.100;5.200;5.300;5.400;5.500;5.600;5.700;5.800;5.900;6.000;6.100;6.200;6.300;6.400;6.500;6.600;6.700;6.800;6.900;7.000;
7.000;;;;;;;;;;;;;;;;;;;;;;;;;;;;;;;;;;;;;;;;;;;;;;;;;;;;;;;;;;;;;;;;;;;;;;;;;;;;;;;;;;;;;;;;;;;;;;;;;;;;;;;;;;;;;;;;;;;;;;;;;;;;;;;;;;;;;;;;;;;;;;
6.900;;;;;;;;;;;;;;;;;;;;;;;;;;;;;;;;;;;;;;;;;;;;;;;;;;;;;;;;;;;;;;;;;;;;;;;;;;;;;;;;;;;;;;;;;;;;;;;;;;;;;;;;;;;;;;;;;;;;;;;;;;;;;;;;;;;;;;;;;;;;;;
6.800;;;;;;;;;;;;;;;;;;;;;;;;;;;;;;;;;;;;;;;;;;;;;;;;;;;;;;;;;;;;;;;;;;;;;;;;;;;;;;;;;;;;;;;;;;;;;;;;;;;;;;;;;;;;;;;;;;;;;;;;;;;;;;;;;;;;;;;;;;;;;;
6.700;;;;;;;;;;;;;;;;;;;;;;;;;;;;;;;;;;;;;;;;;;;;;;;;;;;;;;;;;;;;;;;;;;;;;;;;;;;;;;;;;;;;;;;;;;;;;;;;;;;;;;;;;;;;;;;;;;;;;;;;;;;;;;;;;;;;;;;;;;;;;;
6.600;;;;;;;;;;;;;;;;;;;;;;;;;;;;;;;;;;;;;;;;;;;;;;;;;;;;;;;;;;;;;;;;;;;;;;;;;;;;;;;;;;;;;;;;;;;;;;;;;;;;;;;;;;;;;;;;;;;;;;;;;;;;;;;;;;;;;;;;;;;;;;
6.500;;;;;;;;;;;;;;;;;;;;;;;;;;;;;;;;;;;;;;;;;;;;;;;;;;;;;;;;;;;;;;;;;;;;;;;;;;;;;;;;;;;;;;;;;;;;;;;;;;;;;;;;;;;;;;;;;;;;;;;;;;;;;;;;;;;;;;;;;;;;;;
6.400;;;;;;;;;;;;;;;;;;;;;;;;;;;;;;;;;;;;;;;;;;;;;;;;;;;;;;;;;;;;;;;;;;;;;;;;;;;;;;;;;;;;;;;;;;;;;;;;;;;;;;;;;;;;;;;;;;;;;;;;;;;;;;;;;;;;;;;;;;;;;;
6.300;;;;;;;;;;;;;;;;;;;;;;;;;;;;;;;;;;;;;;;;;;;;;;;;;;;;;;;;;;;;;;;;;;;;;;;;;;;;;;;;;;;;;;;;;;;;;;;;;;;;;;;;;;;;;;;;;;;;;;;;;;;;;;;;;;;;;;;;;;;;;;
6.200;;;;;;;;;;;;;;;;;;;;;;;;;;;;;;;;;;;;;;;;;;;;;;;;;;;;;;;;;;;;;;;;;;;;;;;;;;;;;;;;;;;;;;;;;;;;;;;;;;;;;;;;;;;;;;;;;;;;;;;;;;;;;;;;;;;;;;;;;;;;;;
6.100;;;;;;;;;;;;;;;;;;;;;;;;;;;;;;;;;;;;;;;;;;;;;;;;;;;;;;;;;;;;;;;;;;;;;;;;;;;;;;;;;;;;;;;;;;;;;;;;;;;;;;;;;;;;;;;;;;;;;;;;;;;;;;;;;;;;;;;;;;;;;;
6.000;;;;;;;;;;;;;;;;;;;;;;;;;;;;;;;;;;;;;;;;;;;;;;;;;;;;;;;;;;;;;;;;;;;;;;;;;;;;;;;;;;;;;;;;;;;;;;;;;;;;;;;;;;;;;;;;;;;;;;;;;;;;;;;;;;;;;;;;;;;;;;
5.900;;;;;;;;;;;;;;;;;;;;;;;;;;;;;;;;;;;;;;;;;;;;;;;;;;;;;;;;;;;;;;;;;;;;;;;;;;;;;;;;;;;;;;;;;;;;;;;;;;;;;;;;;;;;;;;;;;;;;;;;;;;;;;;;;;;;;;;;;;;;;;
5.800;;;;;;;;;;;;;;;;;;;;;;;;;;;;;;;;;;;;;;;;;;;;;;;;;;;;;;;;;;;;;;;;;;;;;;;;;;;;;;;;;;;;;;;;;;;;;;;;;;;;;;;;;;;;;;;;;;;;;;;;;;;;;;;;;;;;;;;;;;;;;;
5.700;;;;;;;;;;;;;;;;;;;;;;;;;;;;;;;;;;;;;;;;;;;;;;;;;;;;;;;;;;;;;;;;;;;;;;;;;;;;;;;;;;;;;;;;;;;;;;;;;;;;;;;;;;;;;;;;;;;;;;;;;;;;;;;;;;;;;;;;;;;;;;
5.600;;;;;;;;;;;;;;;;;;;;;;;;;;;;;;;;;;;;;;;;;;;;;;;;;;;;;;;;;;;;;;;;;;;;;;;;;;;;;;;;;;;;;;;;;;;;;;;;;;;;;;;;;;;;;;;;;;;;;;;;;;;;;;;;;;;;;;;;;;;;;;
5.500;;;;;;;;;;;;;;;;;;;;;;;;;;;;;;;;;;;;;;;;;;;;;;;;;;;;;;;;;;;;;;;;;;;;;;;;;;;;;;;;;;;;;;;;;;;;;;;;;;;;;;;;;;;;;;;;;;;;;;;;;;;;;;;;;;;;;;;;;;;;;;
5.400;;;;;;;;;;;;;;;;;;;;;;;;;;;;;;;;;;;;;;;;;;;;;;;;;;;;;;;;;;;;;;;;;;;;;;;;;;;;;;;;;;;;;;;;;;;;;;;;;;;;;;;;;;;;;;;;;;;;;;;;;;;;;;;;;;;;;;;;;;;;;;
5.300;;;;;;;;;;;;;;;;;;;;;;;;;;;;;;;;;;;;;;;;;;;;;;;;;;;;;;;;;;;;;;;;;;;;;;;;;;;;;;;;;;;;;;;;;;;;;;;;;;;;;;;;;;;;;;;;;;;;;;;;;;;;;;;;;;;;;;;;;;;;;;
5.200;;;;;;;;;;;;;;;;;;;;;;;;;;;;;;;;;;;;;;;;;;;;;;;;;;;;;;;;;;;;;;;;;;;;;;;;;;;;;;;;;;;;;;;;;;;;;;;;;;;;;;;;;;;;;;;;;;;;;;;;;;;;;;;;;;;;;;;;;;;;;;
5.100;;;;;;;;;;;;;;;;;;;;;;;;;;;;;;;;;;;;;;;;;;;;;;;;;;;;;;;;;;;;;;;;;;;;;;;;;;;;;;;;;;;;;;;;;;;;;;;;;;;;;;;;;;;;;;;;;;;;;;;;;;;;;;;;;;;;;;;;;;;;;;
5.000;;;;;;;;;;;;;;;;;;;;;;;;;;;;;;;;;;;;;;;;;;;;;;;;;;;;;;;;;;;;;;;;;;;;;;;;;;;;;;;;;;;;;;;;;;;;;;;;;;;;;;;;;;;;;;;;;;;;;;;;;;;;;;;;;;;;;;;;;;;;;;
4.900;;;;;;;;;;;;;;;;;;;;;;;;;;;;;;;;;;;;;;;;;;;;;;;;;;;;;;;;;;;;;;;;;;;;;;;;;;;;;;;;;;;;;;;;;;;;;;;;;;;;;;;;;;;;;;;;;;;;;;;;;;;;;;;;;;;;;;;;;;;;;;
4.800;;;;;;;;;;;;;;;;;;;;;;;;;;;;;;;;;;;;;;;;;;;;;;;;;;;;;;;;;;;;;;;;;;;;;;;;;;;;;;;;;;;;;;;;;;;;;;;;;;;;;;;;;;;;;;;;;;;;;;;;;;;;;;;;;;;;;;;;;;;;;;
4.700;;;;;;;;;;;;;;;;;;;;;;;;;;;;;;;;;;;;;;;;;;;;;;;;;;;;;;;;;;;;;;;;;;;;;;;;;;;;;;;;;;;;;;;;;;;;;;;;;;;;;;;;;;;;;;;;;;;;;;;;;;;;;;;;;;;;;;;;;;;;;;
4.600;;;;;;;;;;;;;;;;;;;;;;;;;;;;;;;;;;;;;;;;;;;;;;;;;;;;;;;;;;;;;;;;;;;;;;;;;;;;;;;;;;;;;;;;;;;;;;;;;;;;;;;;;;;;;;;;;;;;;;;;;;;;;;;;;;;;;;;;;;;;;;
4.500;;;;;;;;;;;;;;;;;;;;;;;;;;;;;;;;;;;;;;;;;;;;;;;;;;;;;;;;;;;;;;;;;;;;;;;;;;;;;;;;;;;;;;;;;;;;;;;;;;;;;;;;;;;;;;;;;;;;;;;;;;;;;;;;;;;;;;;;;;;;;;
4.400;;;;;;;;;;;;;;;;;;;;;;;;;;;;;;;;;;;;;;;;;;;;;;;;;;;;;;;;;;;;;;;;;;;;;;;;;;;;;;;;;;;;;;;;;;;;;;;;;;;;;;;;;;;;;;;;;;;;;;;;;;;;;;;;;;;;;;;;;;;;;;
4.300;;;;;;;;;;;;;;;;;;;;;;;;;;;;;;;;;;;;;;;;;;;;;;;;;;;;;;;;;;;;;;;;;;;;1.332038300;1.329578551;1.328515099;1.328855009;1.330606805;1.333780331;1.338386596;1.344437611;1.351946216;1.360925907;1.371390646;1.383354669;1.396832296;1.411837723;1.428384828;1.446486957;1.466156724;1.487405804;1.510244725;1.534682664;1.560727251;1.588384365;1.617657949;;;;;;;;;;;;;;;;;;;;;;;;;;;;;;;;;;;;;;;;;;;;;;;;;;;;
4.200;;;;;;;;;;;;;;;;;;;;;;;;;;;;;;;;;;;;;;;;;;;;;;;;;;;;;;;;;;;;;;;1.302844582;1.293402707;1.285348423;1.278680232;1.273398470;1.269505245;1.267004349;1.265901163;1.266202546;1.267916719;1.271053128;1.275622310;1.281635740;1.289105679;1.298045008;1.308467064;1.320385465;1.333813931;1.348766107;1.365255380;1.383294691;1.402896353;1.424071862;1.446831718;1.471185235;1.497140365;1.524703521;1.553879406;1.584670847;1.617078634;1.651101377;1.686735363;;;;;;;;;;;;;;;;;;;;;;;;;;;;;;;;;;;;;;;;;;;;;;;;
4.100;;;;;;;;;;;;;;;;;;;;;;;;;;;;;;;;;;;;;;;;;;;;;;;;;;;;;;;;;;;1.294007115;1.278920185;1.265243499;1.252968754;1.242089460;1.232600944;1.224500326;1.217786487;1.212460019;1.208523156;1.205979695;1.204834912;1.205095456;1.206769239;1.209865316;1.214393761;1.220365527;1.227792308;1.236686391;1.247060504;1.258927661;1.272301003;1.287193634;1.303618458;1.321588012;1.341114303;1.362208639;1.384881463;1.409142191;1.434999051;1.462458926;1.491527196;1.522207597;1.554502076;1.588410659;1.623931328;1.661059907;1.699789962;1.740112716;1.782016979;;;;;;;;;;;;;;;;;;;;;;;;;;;;;;;;;;;;;;;;;;;;
4.000;;;;;;;;;;;;;;;;;;;;;;;;;;;;;;;;;;;;;;;;;;;;;;;;;;;;;;;1.309755728;1.288890382;1.269479083;1.251507876;1.234964338;1.219837644;1.206118628;1.193799807;1.182875400;1.173341318;1.165195147;1.158436109;1.153065013;1.149084195;1.146497443;1.145309914;1.145528039;1.147159424;1.150212740;1.154697606;1.160624468;1.168004469;1.176849321;1.187171164;1.198982428;1.212295691;1.227123532;1.243478385;1.261372390;1.280817248;1.301824067;1.324403221;1.348564198;1.374315462;1.401664307;1.430616727;1.461177279;1.493348960;1.527133088;1.562529194;1.599534919;1.638145930;1.678355838;1.720156141;1.763536181;1.808483114;;;;;;;;;;;;;;;;;;;;;;;;;;;;;;;;;;;;;;;;;;
3.900;;;;;;;;;;;;;;;;;;;;;;;;;;;;;;;;;;;;;;;;;;;;;;;;;;;;1.323823856;1.298508546;1.274686933;1.252342422;1.231459550;1.212024114;1.194023280;1.177445669;1.162281417;1.148522218;1.136161347;1.125193671;1.115615634;1.107425239;1.100622011;1.095206948;1.091182463;1.088552315;1.087321531;1.087496322;1.089083989;1.092092824;1.096532004;1.102411501;1.109741960;1.118534570;1.128800748;1.140552288;1.153801252;1.168559794;1.184839933;1.202653428;1.222011777;1.242925935;1.265406172;1.289461928;1.315101686;1.342333159;1.371162986;1.401596470;1.433637566;1.467288773;1.502551040;1.539423673;1.577904261;1.617988606;1.659670671;1.702942542;1.747794405;1.794214545;1.842189367;1.891703436;;;;;;;;;;;;;;;;;;;;;;;;;;;;;;;;;;;;;;;
3.800;;;;;;;;;;;;;;;;;;;;;;;;;;;;;;;;;;;;;;;;;;;;;;;;;;1.323041818;1.294719016;1.267913739;1.242608794;1.218787786;1.196435286;1.175536970;1.156079733;1.138051782;1.121442704;1.106243519;1.092446715;1.080046260;1.069037612;1.059417696;1.051184889;1.044338982;1.038881129;1.034813858;1.032141265;1.030868058;1.030999949;1.032544413;1.035508599;1.039901053;1.045731174;1.053009095;1.061745872;1.071952072;1.083639209;1.096819034;1.111503385;1.127703648;1.145431484;1.164698265;1.185514848;1.207891501;1.231837632;1.257361726;1.284472104;1.313175629;1.343478044;1.375383894;1.408896447;1.444017672;1.480748849;1.519089667;1.559037938;1.600589884;1.643740107;1.688481568;1.734805585;1.782701859;1.832158508;1.883162135;1.935697926;;;;;;;;;;;;;;;;;;;;;;;;;;;;;;;;;;;;;
3.700;;;;;;;;;;;;;;;;;;;;;;;;;;;;;;;;;;;;;;;;;;;;;;;;1.329734848;1.298382426;1.268570075;1.240280585;1.213497194;1.188203782;1.164385046;1.142026641;1.121115302;1.101638941;1.083586724;1.066949131;1.051717996;1.037886529;1.025449334;1.014402398;1.004743163;0.996470522;0.989584500;0.984086582;0.979979005;0.977265132;0.975949465;0.976037587;0.977536683;0.980453566;0.984796535;0.990574678;0.997797772;1.006475987;1.016619870;1.028240507;1.041349207;1.055957305;1.072075454;1.089715428;1.108888231;1.129604488;1.151874341;1.175706833;1.201111148;1.228095703;1.256667820;1.286833894;1.318599329;1.351968326;1.386944260;1.423529287;1.461724234;1.501528645;1.542940826;1.585958227;1.630576471;1.676789656;1.724590492;1.773970340;1.824919270;1.877426151;1.931478763;1.987063943;;;;;;;;;;;;;;;;;;;;;;;;;;;;;;;;;;;
3.600;;;;;;;;;;;;;;;;;;;;;;;;;;;;;;;;;;;;;;;;;;;;;;1.343883503;1.309484345;1.276645877;1.245351421;1.215584373;1.187328433;1.160567807;1.135287378;1.111472857;1.089110904;1.068189235;1.048696699;1.030623347;1.013960476;0.998700250;0.984836430;0.972364497;0.961281336;0.951585037;0.943274568;0.936349984;0.930812284;0.926663999;0.923908559;0.922550370;0.922594850;0.924048163;0.926917617;0.931211197;0.936937608;0.944106021;0.952725837;0.962807661;0.974362071;0.987399847;1.001931539;1.017967687;1.035519668;1.054598098;1.075213294;1.097375128;1.121092567;1.146375213;1.173231420;1.201668866;1.231694497;1.263314438;1.296533962;1.331357648;1.367788964;1.405830378;1.445483301;1.486748029;1.529623696;1.574108221;1.620198303;1.667889482;1.717176084;1.768051339;1.820507464;1.874535771;1.930126794;1.987270460;;;;;;;;;;;;;;;;;;;;;;;;;;;;;;;;;;
3.500;;;;;;;;;;;;;;;;;;;;;;;;;;;;;;;;;;;;;;;;;;;;1.365462101;1.328003714;1.292124265;1.257808112;1.225039300;1.193801820;1.164079842;1.135857920;1.109121160;1.083855379;1.060047227;1.037684294;1.016755196;0.997248309;0.979153658;0.962464818;0.947176001;0.933282187;0.920778650;0.909661939;0.899931078;0.891585141;0.884624272;0.879048871;0.874861646;0.872066460;0.870667601;0.870670296;0.872079437;0.874903118;0.879148958;0.884825229;0.891940287;0.900503149;0.910524266;0.922013657;0.934981543;0.949437645;0.965392644;0.982857267;1.001841711;1.022355948;1.044409486;1.068011809;1.093172086;1.119898791;1.148199887;1.178082785;1.209554388;1.242620874;1.277287705;1.313559639;1.351440666;1.390933955;1.432041801;1.474765566;1.519105538;1.565060959;1.612629922;1.661809306;1.712594762;1.764981435;1.818963837;1.874535847;1.931690862;1.990421978;2.050722211;;;;;;;;;;;;;;;;;;;;;;;;;;;;;;;;
3.400;;;;;;;;;;;;;;;;;;;;;;;;;;;;;;;;;;;;;;;;;;1.394443436;1.353917069;1.314985258;1.277633861;1.241848016;1.207612440;1.174911687;1.143730381;1.114053421;1.085866152;1.059154523;1.033905210;1.010104174;0.987737771;0.966797436;0.947274978;0.929161039;0.912450721;0.897138335;0.883219035;0.870688599;0.859542012;0.849780054;0.841401966;0.834408012;0.828798253;0.824575009;0.821742921;0.820306138;0.820269667;0.821637154;0.824417446;0.828617760;0.834245907;0.841309316;0.849816976;0.859778912;0.871204579;0.884103631;0.898485082;0.914359751;0.931737619;0.950628474;0.971041955;0.992987568;1.016474753;1.041512425;1.068109157;1.096273155;1.126012382;1.157334403;1.190245888;1.224753250;1.260862386;1.298578647;1.337906787;1.378851017;1.421414620;1.465600199;1.511409504;1.558843330;1.607901420;1.658582370;1.710883550;1.764801527;1.820333072;1.877474710;1.936222749;1.996573482;2.058523419;;;;;;;;;;;;;;;;;;;;;;;;;;;;;;;
3.300;;;;;;;;;;;;;;;;;;;;;;;;;;;;;;;;;;;;;;;;;1.387203579;1.345210396;1.304812445;1.265996364;1.228747985;1.193052628;1.158895355;1.126261210;1.095135411;1.065503537;1.037351576;1.010662476;0.985422474;0.961622517;0.939253700;0.918307513;0.898775993;0.880649612;0.863922955;0.848591670;0.834651216;0.822097993;0.810926138;0.801136910;0.792730366;0.785706899;0.780066580;0.775810726;0.772944987;0.771473344;0.771400554;0.772729166;0.775468596;0.779625634;0.785207610;0.792221007;0.800675014;0.810579012;0.821941901;0.834772655;0.849080210;0.864874906;0.882166180;0.900963451;0.921276171;0.943113956;0.966485822;0.991400667;1.017867170;1.045893769;1.075489367;1.106661293;1.139417065;1.173763913;1.209708735;1.247258064;1.286418183;1.327194700;1.369592761;1.413617035;1.459271571;1.506559698;1.555483920;1.606045785;1.658245758;1.712083118;1.767555864;1.824662746;1.883403046;1.943775981;2.005781009;2.069418071;2.134687896;;;;;;;;;;;;;;;;;;;;;;;;;;;;;
3.200;;;;;;;;;;;;;;;;;;;;;;;;;;;;;;;;;;;;;;;1.427850524;1.382787904;1.339333050;1.297474464;1.257199446;1.218494420;1.181345221;1.145737354;1.111656221;1.079087328;1.048015949;1.018423010;0.990296155;0.963625199;0.938399020;0.914607442;0.892242599;0.871296131;0.851760345;0.833627240;0.816888650;0.801542629;0.787585024;0.775012599;0.763820303;0.754007704;0.745576506;0.738527213;0.732860211;0.728575307;0.725679272;0.724175882;0.724069609;0.725362091;0.728063075;0.732178902;0.737716412;0.744681193;0.753082713;0.762929579;0.774230162;0.786992777;0.801226563;0.816941060;0.834145333;0.852848496;0.873060174;0.894789551;0.918045549;0.942837108;0.969173053;0.997062586;1.026514331;1.057536212;1.090136385;1.124322817;1.160103277;1.197485454;1.236476691;1.277083876;1.319313783;1.363172851;1.408667126;1.455802180;1.504583006;1.555013833;1.607098262;1.660838698;1.716236336;1.773290987;1.832002251;1.892372755;1.954404625;2.018100392;2.083463313;2.150497686;;;;;;;;;;;;;;;;;;;;;;;;;;;;
3.100;;;;;;;;;;;;;;;;;;;;;;;;;;;;;;;;;;;;;;1.427718017;1.381195381;1.336281582;1.292965706;1.251235589;1.211078132;1.172479588;1.135425820;1.099902523;1.065895181;1.033384142;1.002355301;0.972797912;0.944701319;0.918055115;0.892849285;0.869071451;0.846715010;0.825772260;0.806235942;0.788099608;0.771353598;0.755996543;0.742025488;0.729437577;0.718229121;0.708397036;0.699945010;0.692873620;0.687183777;0.682873416;0.679950446;0.678418397;0.678281421;0.679540408;0.682205206;0.686281692;0.691776208;0.698693532;0.707043387;0.716833549;0.728071896;0.740766251;0.754925786;0.770559356;0.787675723;0.806283885;0.826393588;0.848013498;0.871152670;0.895820160;0.922025114;0.949777469;0.979085295;1.009957416;1.042402571;1.076429408;1.112046553;1.149262647;1.188085731;1.228524004;1.270585530;1.314278215;1.359609766;1.406587637;1.455218775;1.505510163;1.557467907;1.611097365;1.666402946;1.723387888;1.782054009;1.842401734;1.904435828;1.968162110;2.033586042;2.100714022;2.169553709;;;;;;;;;;;;;;;;;;;;;;;;;;;
3.000;;;;;;;;;;;;;;;;;;;;;;;;;;;;;;;;;;;;;1.430414643;1.382430990;1.336058254;1.291285957;1.248102334;1.206494641;1.166449448;1.127952880;1.090990846;1.055545105;1.021599475;0.989142342;0.958160887;0.928644697;0.900582950;0.873965283;0.848781903;0.825022553;0.802677383;0.781741137;0.762207105;0.744069396;0.727320692;0.711955991;0.697975012;0.685375258;0.674154769;0.664307095;0.655838117;0.648748428;0.643039293;0.638707390;0.635760871;0.634203266;0.634038367;0.635266436;0.637897236;0.641936160;0.647388923;0.654259968;0.662558798;0.672292492;0.683468467;0.696094208;0.710178728;0.725730350;0.742757608;0.761269735;0.781275919;0.802784957;0.825806018;0.850348365;0.876422081;0.904036303;0.933200065;0.963922720;0.996213602;1.030082020;1.065537613;1.102589256;1.141246127;1.181517379;1.223412131;1.266939466;1.312108417;1.358927659;1.407406440;1.457553418;1.509376952;1.562884955;1.618084710;1.674982647;1.733584065;1.793892827;1.855911025;1.919643255;1.985100109;2.052289801;2.121221642;2.191906396;;;;;;;;;;;;;;;;;;;;;;;;;;
2.900;;;;;;;;;;;;;;;;;;;;;;;;;;;;;;;;;;;;1.435954451;1.386505633;1.338671035;1.292440462;1.247802411;1.204744373;1.163253119;1.123314943;1.084914530;1.048033216;1.012658081;0.978776848;0.946377407;0.915447588;0.885975056;0.857950043;0.831362463;0.806202951;0.782462906;0.760131685;0.739203905;0.719674403;0.701537879;0.684789737;0.669420649;0.655433250;0.642825357;0.631595456;0.621737698;0.613255755;0.606151697;0.600426649;0.596077467;0.593110878;0.591530914;0.591340968;0.592540749;0.595139798;0.599146251;0.604561622;0.611390230;0.619638852;0.629314682;0.640425306;0.652978679;0.666983102;0.682447196;0.699379877;0.717790334;0.737687995;0.759082503;0.781983681;0.806401499;0.832346038;0.859827448;0.888855908;0.919431390;0.951568672;0.985280144;1.020575622;1.057464983;1.095958187;1.136065195;1.177795988;1.221160577;1.266168655;1.312830787;1.361157143;1.411157904;1.462843197;1.516223003;1.571307005;1.628104394;1.686623645;1.746872276;1.808855913;1.872578272;1.938043999;2.005267489;2.074259883;2.145033131;2.217600796;;;;;;;;;;;;;;;;;;;;;;;;;
2.800;;;;;;;;;;;;;;;;;;;;;;;;;;;;;;;;;;;1.444357258;1.393435888;1.344133438;1.296439848;1.250343741;1.205832721;1.162893649;1.121512872;1.081673547;1.043359811;1.006558533;0.971256670;0.937441434;0.905100449;0.874221890;0.844793777;0.816805366;0.790247816;0.765112349;0.741391021;0.719076049;0.698158243;0.678635263;0.660502390;0.643755603;0.628387874;0.614397681;0.601785523;0.590550026;0.580686841;0.572196095;0.565081785;0.559344825;0.554982323;0.552008270;0.550418604;0.550212122;0.551392796;0.553965121;0.557934099;0.563305213;0.570084416;0.578278108;0.587893122;0.598936706;0.611416508;0.625340557;0.640717250;0.657555333;0.675863884;0.695652290;0.716930230;0.739707646;0.763994720;0.789801841;0.817139572;0.846018612;0.876449753;0.908443836;0.942011697;0.977161827;1.013891032;1.052223222;1.092169081;1.133739308;1.176944271;1.221795225;1.268303133;1.316479103;1.366334401;1.417880445;1.471128756;1.526090876;1.582778227;1.641202047;1.701372725;1.763299510;1.826990068;1.892449905;1.959684051;2.028709368;2.099539943;2.172190048;2.246675703;;;;;;;;;;;;;;;;;;;;;;;;
2.700;;;;;;;;;;;;;;;;;;;;;;;;;;;;;;;;;;1.455648165;1.403243616;1.352464220;1.303299908;1.255739299;1.209769989;1.165378821;1.122551834;1.081272715;1.041526970;1.003300591;0.966579403;0.931349995;0.897599313;0.865314969;0.834485353;0.805099708;0.777146851;0.750618244;0.725506276;0.701803738;0.679504228;0.658599495;0.639085045;0.620958414;0.604216028;0.588853633;0.574864490;0.562252188;0.551015400;0.541151458;0.532672634;0.525568445;0.519834862;0.515473298;0.512485751;0.510874779;0.510643488;0.511795514;0.514335002;0.518266596;0.523595421;0.530327071;0.538467598;0.548023500;0.559001711;0.571409592;0.585254921;0.600545886;0.617291072;0.635499452;0.655180375;0.676343553;0.698999038;0.723157209;0.748828747;0.776024601;0.804755963;0.835034225;0.866870940;0.900277768;0.935266429;0.971848636;1.010036036;1.049832051;1.091244779;1.134294302;1.178992040;1.225349534;1.273378510;1.323090936;1.374499065;1.427615453;1.482452758;1.539024378;1.597343465;1.657422878;1.719274887;1.782910703;1.848339879;1.915569598;1.984605598;2.055466302;2.128168294;2.202727818;2.279162969;;;;;;;;;;;;;;;;;;;;;;;
2.600;;;;;;;;;;;;;;;;;;;;;;;;;;;;;;;;;1.469856909;1.415955417;1.363686930;1.313041240;1.264006838;1.216571199;1.170721045;1.126442374;1.083720243;1.042539838;1.002886245;0.964744676;0.928100723;0.892940286;0.859250460;0.827019097;0.796235031;0.766888108;0.738969172;0.712468002;0.687378714;0.663694960;0.641411060;0.620521954;0.601018264;0.582900748;0.566166187;0.550811791;0.536841025;0.524258624;0.513045417;0.503200180;0.494722313;0.487611825;0.481869315;0.477495962;0.474493502;0.472864216;0.472610911;0.473736912;0.476246040;0.480142611;0.485431414;0.492117715;0.500207240;0.509706175;0.520621161;0.532959290;0.546728105;0.561935592;0.578590184;0.596700752;0.616276603;0.637327473;0.659863513;0.683895283;0.709433726;0.736490154;0.765076215;0.795203862;0.826885313;0.860133009;0.894959553;0.931377659;0.969400080;1.009039538;1.050308644;1.093214707;1.137763047;1.183974166;1.231860161;1.281433377;1.332706457;1.385692212;1.440404768;1.496858254;1.555067184;1.615046286;1.676810211;1.740373123;1.805748132;1.872946572;1.941977111;2.012846327;2.085573622;2.160177294;2.236675178;2.315087040;;;;;;;;;;;;;;;;;;;;;;
2.500;;;;;;;;;;;;;;;;;;;;;;;;;;;;;;;;1.487017079;1.431601937;1.377829317;1.325688749;1.275168480;1.226255764;1.178937106;1.133198937;1.089027359;1.046406853;1.005321576;0.965755755;0.927694021;0.891121691;0.856024979;0.822390791;0.790207590;0.759464854;0.730153189;0.702264265;0.675790297;0.650722960;0.627058206;0.604791035;0.583917018;0.564429730;0.546342791;0.529652011;0.514336012;0.500391576;0.487816117;0.476607671;0.466764883;0.458286999;0.451173850;0.445425837;0.441043916;0.438029582;0.436384857;0.436112275;0.437214872;0.439696171;0.443560181;0.448811385;0.455454739;0.463495667;0.472940065;0.483794298;0.496065204;0.509760098;0.524886779;0.541453526;0.559469109;0.578942788;0.599884310;0.622303913;0.646212309;0.671620684;0.698540674;0.726984347;0.756964172;0.788492987;0.821583954;0.856250509;0.892506299;0.930365123;0.969840848;1.010947331;1.053698326;1.098107388;1.144180828;1.191927798;1.241365615;1.292506989;1.345365540;1.399955231;1.456290699;1.514387267;1.574260860;1.635927815;1.699404550;1.764707073;1.831850299;1.900847340;1.971707794;2.044438879;2.119060951;2.195592937;2.274053859;2.354464729;;;;;;;;;;;;;;;;;;;;;
2.400;;;;;;;;;;;;;;;;;;;;;;;;;;;;;;;1.507165203;1.450217054;1.394922605;1.341271009;1.289250173;1.238847033;1.190047798;1.142839476;1.097208893;1.053139860;1.010615637;0.969619408;0.930134750;0.892145972;0.855638388;0.820598493;0.787014056;0.754873642;0.724167735;0.694887817;0.667026451;0.640577142;0.615532943;0.591887841;0.569644961;0.548827656;0.529396586;0.511346622;0.494673246;0.479372556;0.465441263;0.452876691;0.441676764;0.431839997;0.423365487;0.416252895;0.410502434;0.406114853;0.403091425;0.401433932;0.401144656;0.402226364;0.404682307;0.408516210;0.413732270;0.420335156;0.428330011;0.437722457;0.448518599;0.460725033;0.474348861;0.489397691;0.505879658;0.523803423;0.543178192;0.564013713;0.586320285;0.610108757;0.635390521;0.662177505;0.690482155;0.720317410;0.751696675;0.784633778;0.819142923;0.855238629;0.892935669;0.932248987;0.973193610;1.015784560;1.060036740;1.105964828;1.153583156;1.202890047;1.253903950;1.306638896;1.361108747;1.417328157;1.475312684;1.535078807;1.596643844;1.660025727;1.725242532;1.792312250;1.861251574;1.932074566;2.004791472;2.079410490;2.155951924;2.234434661;2.314878499;;;;;;;;;;;;;;;;;;;;;
2.300;;;;;;;;;;;;;;;;;;;;;;;;;;;;;;1.530339724;1.471836941;1.415000644;1.359819510;1.306281018;1.254371709;1.204077419;1.155385458;1.108283401;1.062754578;1.018781402;0.976346030;0.935430938;0.896019291;0.858095364;0.821644749;0.786654476;0.753113048;0.721010399;0.690336993;0.661085652;0.633249855;0.606823952;0.581817869;0.558241680;0.536061774;0.515271820;0.495866056;0.477839313;0.461187017;0.445905197;0.431990481;0.419440091;0.408251839;0.398424110;0.389955856;0.382846577;0.377096310;0.372705612;0.369675551;0.368007689;0.367704072;0.368767225;0.371200144;0.375006294;0.380189605;0.386754482;0.394705804;0.404048933;0.414789732;0.426934566;0.440490327;0.455464443;0.471864899;0.489700248;0.508979627;0.529712773;0.551910028;0.575582348;0.600741304;0.627399077;0.655568448;0.685262779;0.716495988;0.749282509;0.783637251;0.819575537;0.857113042;0.896265710;0.937049667;0.979481120;1.023576245;1.069351068;1.116821333;1.166002367;1.216898012;1.269512972;1.323866546;1.379972999;1.437847620;1.497506852;1.558968172;1.622249823;1.687372303;1.754355543;1.823218974;1.893980474;1.966654993;2.041252861;2.117782836;2.196264123;2.276715405;2.359156835;;;;;;;;;;;;;;;;;;;;
2.200;;;;;;;;;;;;;;;;;;;;;;;;;;;;;1.556579881;1.496499030;1.438098961;1.381367790;1.326292492;1.272859148;1.221053163;1.170861578;1.122272931;1.075270411;1.029835740;0.985950071;0.943594685;0.902751564;0.863403844;0.825536046;0.789134300;0.754186404;0.720681779;0.688611352;0.657967400;0.628742110;0.600944112;0.574592340;0.549649265;0.526107444;0.503959950;0.483200402;0.463822983;0.445822455;0.429194168;0.413934064;0.400038677;0.387505122;0.376331096;0.366514858;0.358055218;0.350951526;0.345203655;0.340811986;0.337777395;0.336101243;0.335785362;0.336832054;0.339244080;0.343024665;0.348177495;0.354706726;0.362616991;0.371913412;0.382601617;0.394687753;0.408178510;0.423081139;0.439403472;0.457153949;0.476341632;0.496976226;0.519068099;0.542628288;0.567668509;0.594201162;0.622239317;0.651796712;0.682887720;0.715527324;0.749731071;0.785515021;0.822895675;0.861889901;0.902514844;0.944787816;0.988726185;1.034347244;1.081668073;1.130705386;1.181475380;1.233985957;1.288226802;1.344223918;1.401991910;1.461545456;1.522902967;1.586083590;1.651107653;1.717996416;1.786771427;1.857453575;1.930061788;2.004611367;2.081111917;2.159572091;2.240009269;2.322441930;2.406890175;;;;;;;;;;;;;;;;;;;
2.100;;;;;;;;;;;;;;;;;;;;;;;;;;;;;1.524240904;1.464253723;1.405950471;1.349317559;1.294340554;1.241004389;1.189295247;1.139202637;1.090710139;1.043799034;0.998449581;0.954641897;0.912356681;0.871575765;0.832282506;0.794462012;0.758101206;0.723188840;0.689715392;0.657672871;0.627054594;0.597903141;0.570176558;0.543864911;0.518960213;0.495454950;0.473342120;0.452615260;0.433268465;0.415296408;0.398694344;0.383458116;0.369584154;0.357069465;0.345911626;0.336108774;0.327659587;0.320563272;0.314819550;0.310428640;0.307391244;0.305708538;0.305382161;0.306414209;0.308807230;0.312564228;0.317688663;0.324184462;0.332056029;0.341308258;0.351946558;0.363976866;0.377405676;0.392240063;0.408487711;0.426156937;0.445256717;0.465796713;0.487787296;0.511239558;0.536165331;0.562577191;0.590488462;0.619913201;0.650866187;0.683362890;0.717419432;0.753052534;0.790279455;0.829117909;0.869585974;0.911701988;0.955484427;1.000951766;1.048122340;1.097014175;1.147644824;1.200031181;1.254184958;1.310075550;1.367739081;1.427191039;1.488448164;1.551528975;1.616453750;1.683244293;1.751923435;1.822514215;1.895038705;1.969516412;2.045962240;2.124384108;2.204789234;2.287193662;2.371615427;;;;;;;;;;;;;;;;;;;
2.000;;;;;;;;;;;;;;;;;;;;;;;;;;;;1.555099136;1.493500637;1.433602231;1.375389713;1.318848097;1.263961810;1.210715786;1.159100011;1.109099298;1.060694745;1.013865891;0.968591809;0.924851888;0.882626584;0.841897917;0.802649789;0.764868134;0.728540922;0.693657994;0.660210989;0.628214535;0.597677995;0.568572303;0.540888565;0.514618260;0.489753295;0.466286048;0.444209406;0.423516793;0.404202196;0.386260177;0.369685882;0.354475045;0.340623984;0.328129595;0.316989341;0.307201236;0.298763835;0.291676212;0.285937948;0.281549113;0.278510253;0.276822377;0.276486946;0.277505872;0.279881508;0.283616658;0.288714573;0.295178968;0.303014035;0.312224457;0.322815432;0.334792698;0.348162562;0.362931925;0.379108319;0.396699935;0.415715654;0.436165082;0.458058569;0.481407241;0.506223012;0.532518603;0.560307541;0.589604163;0.620423597;0.652781740;0.686695223;0.722181364;0.759258101;0.797943915;0.838257741;0.880218857;0.923846760;0.969161026;1.016181158;1.064926413;1.115415622;1.167666995;1.221697917;1.277519808;1.335083686;1.394438157;1.455598735;1.518582905;1.583410256;1.650102402;1.718682646;1.789175323;1.861604762;1.935993813;2.012361892;2.090722462;2.171080305;2.253440620;2.337818916;2.424232422;;;;;;;;;;;;;;;;;;
1.900;;;;;;;;;;;;;;;;;;;;;;;;;;;1.589108111;1.525873824;1.464356727;1.404541956;1.346413944;1.289956595;1.235153685;1.181994292;1.130465283;1.080548350;1.032222707;0.985466431;0.940257371;0.896574713;0.854399049;0.813712924;0.774501082;0.736750525;0.700450421;0.665591914;0.632205372;0.600275173;0.569784111;0.540722848;0.513082347;0.486853947;0.462029409;0.438600968;0.416561370;0.395903906;0.376622431;0.358711382;0.342165784;0.326981254;0.313153995;0.300680789;0.289558985;0.279786484;0.271361722;0.264283652;0.258551727;0.254165884;0.251126525;0.249434511;0.249091144;0.250098169;0.252457765;0.256172551;0.261245591;0.267680405;0.275480987;0.284651824;0.295197916;0.307124813;0.320438637;0.335146123;0.351254650;0.368772279;0.387707788;0.408070709;0.429871358;0.453120867;0.477831207;0.504015204;0.531686555;0.560859823;0.591550435;0.623774659;0.657549574;0.692893021;0.729823546;0.768360324;0.808523063;0.850331897;0.893807260;0.938969744;0.985839933;1.034438232;1.084784671;1.136898700;1.190798970;1.246503102;1.304016594;1.363277754;1.424346363;1.487238425;1.551972285;1.618568711;1.687050729;1.757443140;1.829771460;1.904060350;1.980334554;2.058612306;2.138903847;2.221207412;2.305528813;2.391882980;;;;;;;;;;;;;;;;;;
1.800;;;;;;;;;;;;;;;;;;;;;;;;;;;1.561404680;1.498245493;1.436805745;1.377069266;1.319019429;1.262639299;1.207915461;1.154837233;1.103387518;1.053545689;1.005289213;0.958595035;0.913440686;0.869805089;0.827669142;0.787016447;0.747832859;0.710106648;0.673828319;0.639036739;0.605703819;0.573819142;0.543372962;0.514355761;0.486758323;0.460571804;0.435787790;0.412398343;0.390396046;0.369774036;0.350526020;0.332646297;0.316129762;0.300971909;0.287168824;0.274717175;0.263614202;0.253857696;0.245445983;0.238377905;0.232652801;0.228270485;0.225231236;0.223535781;0.223185281;0.224181332;0.226525957;0.230221610;0.235271185;0.241678024;0.249445942;0.258579239;0.269082734;0.280961797;0.294222375;0.308871039;0.324915015;0.342362232;0.361221356;0.381501835;0.403213935;0.426368770;0.450978340;0.477055547;0.504614214;0.533669090;0.564235850;0.596331078;0.629972236;0.665177627;0.701966335;0.740358147;0.780373468;0.822033207;0.865358652;0.910371319;0.957092794;1.005544542;1.055747710;1.107722913;1.161489994;1.217067786;1.274473856;1.333698833;1.394680382;1.457485721;1.522131491;1.588637046;1.657023029;1.727314544;1.799539449;1.873724856;1.949896637;2.028077058;2.108281748;2.190515157;2.274769457;2.361053720;2.449381466;;;;;;;;;;;;;;;;;
1.700;;;;;;;;;;;;;;;;;;;;;;;;;;1.600120780;1.535296865;1.472209939;1.410843213;1.351179526;1.293201474;1.236892962;1.182244224;1.129240531;1.077862086;1.028086190;0.979888913;0.933246462;0.888136240;0.844537607;0.802432350;0.761804907;0.722642584;0.684937108;0.648722176;0.613975530;0.580687033;0.548846590;0.518444243;0.489470256;0.461915200;0.435770019;0.411026094;0.387675295;0.365710021;0.345123237;0.325908492;0.308059937;0.291572329;0.276441035;0.262662023;0.250231850;0.239147648;0.229407106;0.221008449;0.213950419;0.208232249;0.203853651;0.200814791;0.199116278;0.198759152;0.199744878;0.202075340;0.205752847;0.210780138;0.217160397;0.224897272;0.233994896;0.244457919;0.256291537;0.269501535;0.284094322;0.300076976;0.317457289;0.336243812;0.356445899;0.378073745;0.401138435;0.425651966;0.451627288;0.479078313;0.508019937;0.538468034;0.570439449;0.603951973;0.639024305;0.675675995;0.713927375;0.753799468;0.795313876;0.838492657;0.883358172;0.929932916;0.978239334;1.028299608;1.080135437;1.133767785;1.189216631;1.246500694;1.305637149;1.366588751;1.429313188;1.493874361;1.560292246;1.628587933;1.698785395;1.770911064;1.844992819;1.921058410;1.999133248;2.079237491;2.161382347;2.245561848;2.331768818;2.420014015;2.510309304;;;;;;;;;;;;;;;;
1.600;;;;;;;;;;;;;;;;;;;;;;;;;;1.575534944;1.510779777;1.447761914;1.386463658;1.326867152;1.268954664;1.212714535;1.158135387;1.105199080;1.053883404;1.004163945;0.956015788;0.909414833;0.864338768;0.820767725;0.778684640;0.738075353;0.698929650;0.661277342;0.625104130;0.590399726;0.557153764;0.525355907;0.494995950;0.466063910;0.438550114;0.412445270;0.387740534;0.364427566;0.342498566;0.321946314;0.302764191;0.284946191;0.268486931;0.253381649;0.239626192;0.227217010;0.216151132;0.206426152;0.198040201;0.190991932;0.185280486;0.180905483;0.177866994;0.176165526;0.175802015;0.176777810;0.179094677;0.182754795;0.187760769;0.194115641;0.201822909;0.210886553;0.221311064;0.233101484;0.246263437;0.260803179;0.276727645;0.294044488;0.312762140;0.332889850;0.354437736;0.377416828;0.401839106;0.427717533;0.455066082;0.483899752;0.514234576;0.546087609;0.579476915;0.614421528;0.650941402;0.689057340;0.728790907;0.770164325;0.813200338;0.857922067;0.904352837;0.952515986;1.002434650;1.054131530;1.107628641;1.162947037;1.220106529;1.279125389;1.340020034;1.402701969;1.467187190;1.533527161;1.601740924;1.671850968;1.743882892;1.817864586;1.893824855;1.971791391;2.051787997;2.133831011;2.217924104;2.304049248;2.392207734;2.482408877;;;;;;;;;;;;;;;;
1.500;;;;;;;;;;;;;;;;;;;;;;;;;1.618978655;1.552535918;1.487847510;1.424895197;1.363660682;1.304125677;1.246274588;1.190098672;1.135582938;1.082706515;1.031444987;0.981772308;0.933663278;0.887093929;0.842042641;0.798490675;0.756422399;0.715825271;0.676719690;0.639105415;0.602971272;0.568306723;0.535101140;0.503343913;0.473024564;0.444132837;0.416658794;0.390592890;0.365926042;0.342649680;0.320755797;0.300236978;0.281086427;0.263297979;0.246866107;0.231785916;0.218053138;0.205664115;0.194615780;0.184905638;0.176531737;0.169492646;0.163787432;0.159415633;0.156377238;0.154672673;0.154302780;0.155268816;0.157572440;0.161215725;0.166201156;0.172531650;0.180210573;0.189241767;0.199629580;0.211378906;0.224495225;0.238984646;0.254853960;0.272110690;0.290763141;0.310820455;0.332292659;0.355190716;0.379526564;0.405313161;0.432564506;0.461295669;0.491522797;0.523263111;0.556534896;0.591357463;0.627751107;0.665737036;0.705337289;0.746574626;0.789472402;0.834054418;0.880344747;0.928367537;0.978146795;1.029706149;1.083068585;1.138256165;1.195289734;1.254188602;1.314970224;1.377647049;1.442063076;1.508332678;1.576472604;1.646503398;1.718449257;1.792337421;1.868197007;1.946057167;2.025944498;2.107879605;2.191872735;2.277913226;2.365983626;2.456090112;;;;;;;;;;;;;;;;
1.400;;;;;;;;;;;;;;;;;;;;;;;;;1.597493589;1.531117285;1.466493231;1.403602696;1.342427058;1.282948248;1.225155839;1.169039253;1.114580159;1.061755214;1.010538459;0.960903318;0.912824161;0.866277127;0.821241969;0.777701492;0.735641750;0.695068121;0.655996866;0.618417596;0.582319734;0.547692467;0.514524878;0.482806062;0.452525246;0.423671885;0.396235763;0.370207064;0.345576454;0.322335126;0.300474854;0.279988024;0.260867658;0.243107427;0.226701658;0.211645326;0.197934047;0.185564060;0.174532208;0.164835911;0.156473143;0.149442404;0.143742691;0.139373478;0.136334687;0.134626672;0.134250205;0.135206460;0.137497015;0.141123846;0.146089341;0.152396308;0.160047996;0.169048127;0.179400919;0.191111134;0.204184114;0.218625833;0.234442945;0.251642843;0.270233707;0.290224566;0.311625350;0.334446941;0.358701221;0.384401116;0.411560628;0.440194865;0.470320049;0.501953527;0.535113753;0.569820265;0.606093639;0.643955424;0.683428063;0.724534787;0.767299485;0.811746560;0.857900750;0.905786936;0.955429916;1.006854165;1.060083566;1.115141121;1.172048642;1.230826429;1.291492927;1.354064373;1.418492220;1.484699150;1.552773823;1.622734480;1.694603457;1.768406786;1.844173237;1.921932688;2.001713732;2.083540401;2.167427940;2.253376617;2.341360044;2.431374056;2.523423636;;;;;;;;;;;;;;;
1.300;;;;;;;;;;;;;;;;;;;;;;;;1.645661881;1.577582906;1.511271767;1.446709297;1.383876554;1.322754837;1.263328962;1.205591791;1.149529004;1.095119345;1.042337442;0.991156196;0.941548701;0.893489711;0.846956662;0.801930295;0.758394873;0.716342574;0.675797307;0.636756231;0.599208882;0.563144404;0.528551690;0.495419515;0.463736667;0.433492063;0.404674858;0.377274543;0.351281027;0.326684714;0.303476553;0.281648096;0.261191523;0.242099672;0.224366049;0.207984833;0.192950870;0.179259662;0.166907351;0.155890692;0.146207031;0.137854273;0.130830859;0.125135729;0.120768303;0.117728450;0.116016470;0.115633074;0.116579376;0.118856884;0.122467501;0.127413529;0.133697686;0.141323125;0.150293458;0.160612793;0.172285770;0.185317608;0.199714154;0.215481935;0.232628215;0.251161054;0.271089366;0.292422976;0.315172677;0.339350280;0.364968663;0.392041805;0.420584821;0.450613980;0.482146710;0.515201594;0.549798344;0.585957764;0.623701685;0.663052890;0.704035009;0.746672397;0.790989982;0.837013092;0.884767262;0.934278003;0.985570561;1.038669640;1.093599112;1.150381695;1.209038622;1.269589282;1.332050861;1.396437957;1.462618548;1.530636652;1.600536725;1.672338891;1.746067521;1.821750489;1.899416865;1.979097104;2.060819188;2.144602486;2.230453649;2.318353085;2.408279190;2.500234571;;;;;;;;;;;;;;;
1.200;;;;;;;;;;;;;;;;;;;;;;;;1.627249830;1.559239084;1.492991357;1.428487387;1.365708274;1.304635868;1.245260918;1.187574731;1.131559548;1.077191641;1.024444113;0.973289220;0.923700204;0.875652632;0.829125280;0.784100611;0.740563585;0.698526530;0.658005993;0.618991810;0.581473251;0.545439168;0.510878146;0.477778644;0.446129132;0.415918210;0.387134725;0.359767872;0.333807277;0.309243077;0.286065976;0.264267297;0.243839014;0.224773779;0.207064931;0.190706504;0.175693216;0.162020458;0.149684277;0.138681347;0.129008944;0.120664916;0.113647650;0.107956042;0.103589468;0.100547758;0.098831170;0.098440372;0.099376432;0.101640805;0.105235336;0.110162261;0.116424225;0.124024300;0.132966006;0.143253356;0.154890883;0.167883696;0.182237526;0.197958779;0.215054602;0.233532936;0.253402579;0.274673250;0.297355646;0.321461496;0.347003611;0.373995930;0.402453551;0.432392757;0.463831024;0.496787022;0.531280592;0.567332714;0.604965446;0.644201850;0.685065895;0.727582328;0.771776533;0.817674357;0.865301908;0.914685339;0.965850589;1.018823113;1.073627581;1.130287554;1.188825139;1.249260627;1.311612114;1.375895105;1.442085199;1.510055194;1.579903729;1.651646966;1.725309388;1.800917946;1.878502526;1.958093913;2.039720827;2.123405950;2.209160814;2.296976938;2.386821811;2.478691389;2.572586597;;;;;;;;;;;;;;
1.100;;;;;;;;;;;;;;;;;;;;;;;1.680116918;1.610397250;1.542453966;1.476267462;1.411818636;1.349088857;1.288062959;1.228736132;1.171095862;1.115121463;1.060787247;1.008065306;0.956927751;0.907348423;0.859304096;0.812775219;0.767746232;0.724204851;0.682186617;0.641687421;0.602696858;0.565203920;0.529197163;0.494664861;0.461595153;0.429976184;0.399796239;0.371043853;0.343707920;0.317777785;0.293243315;0.270094968;0.248323837;0.227921690;0.208880990;0.191194914;0.174857349;0.159862886;0.146206810;0.133885077;0.122894283;0.113231643;0.104894951;0.097882552;0.092193305;0.087826557;0.084782107;0.083060185;0.082661433;0.083586884;0.085837959;0.089416458;0.094324573;0.100564890;0.108140415;0.117054598;0.127311368;0.138915170;0.151871014;0.166184527;0.181862011;0.198910496;0.217337812;0.237152646;0.258364609;0.280984297;0.305023348;0.330494497;0.357411624;0.385789788;0.415645259;0.446995531;0.479859323;0.514256566;0.550208368;0.587736961;0.626865634;0.667618629;0.710021024;0.754098591;0.799877622;0.847384734;0.896646639;0.947689903;1.000540658;1.055224305;1.111765183;1.170186217;1.230508550;1.292751150;1.356930406;1.423059714;1.491020539;1.560824667;1.632521245;1.706130857;1.781678828;1.859194183;1.938707819;2.020249746;2.103845299;2.189510184;2.277244199;2.367016360;2.458810497;2.552625911;;;;;;;;;;;;;;
1.000;;;;;;;;;;;;;;;;;;;;;;;1.664741866;1.595096081;1.527218919;1.461091057;1.396693786;1.334009073;1.273027903;1.213745078;1.156144775;1.100203899;1.045895320;0.993190440;0.942061456;0.892483481;0.844434849;0.797897958;0.752852623;0.709318323;0.667315508;0.626834320;0.587864107;0.550393587;0.514411020;0.479904368;0.446861453;0.415270100;0.385118277;0.356394211;0.329086498;0.303184199;0.278676917;0.255554860;0.233808896;0.213430584;0.194412204;0.176746766;0.160428015;0.145450419;0.131809157;0.119500096;0.108519763;0.098865314;0.090534497;0.083525622;0.077837522;0.073469521;0.070421400;0.068693376;0.068286073;0.069200508;0.071438081;0.075000566;0.079890122;0.086109297;0.093661049;0.102548771;0.112776326;0.124348087;0.137268980;0.151544544;0.167180981;0.184185223;0.202564991;0.222328867;0.243486356;0.266047951;0.290025194;0.315430734;0.342278378;0.370583129;0.400361222;0.431630140;0.464408619;0.498716641;0.534575401;0.572007260;0.611035676;0.651685111;0.693980915;0.737949183;0.783616586;0.831010175;0.880157161;0.931084658;0.983819409;1.038387478;1.094813918;1.153122418;1.213334920;1.275471226;1.339548579;1.405581243;1.473538943;1.543308513;1.614967785;1.688535043;1.764033784;1.841491877;1.920939938;2.002408786;2.085925837;2.171510333;2.259167282;2.348875720;2.440606475;2.534356476;;;;;;;;;;;;;;
0.900;;;;;;;;;;;;;;;;;;;;;;;1.650910389;1.581337902;1.513524991;1.447452844;1.383103339;1.320460647;1.259521697;1.200278032;1.142710944;1.086795489;1.032503663;0.979807008;0.928678640;0.879094696;0.831035264;0.784484705;0.739421335;0.695896333;0.653905624;0.613439148;0.574486014;0.537034671;0.501073091;0.466588932;0.433569705;0.402002923;0.371876241;0.343177584;0.315895257;0.290018040;0.265535274;0.242436921;0.220713625;0.200356741;0.181358364;0.163711343;0.147409279;0.132446520;0.118818142;0.106519929;0.095548338;0.085900472;0.077574042;0.070567327;0.064879141;0.060508795;0.057456064;0.055721161;0.055304705;0.056207712;0.058431573;0.061978054;0.066849296;0.073047824;0.080576566;0.089438876;0.099638568;0.111179957;0.124067903;0.138307868;0.153905971;0.170869052;0.189204738;0.208921510;0.230028770;0.252536910;0.276457373;0.301802718;0.328586665;0.356824150;0.386531350;0.417725715;0.450425971;0.484652115;0.520425391;0.557768246;0.596704260;0.637258064;0.679455220;0.723322086;0.768885650;0.816173334;0.865212775;0.916031573;0.968657010;1.023115751;1.079433500;1.137634650;1.197741894;1.259775826;1.323754515;1.389693072;1.457603202;1.527358298;1.598988882;1.672523654;1.747984176;1.825396971;1.904792094;1.986200788;2.069652081;2.155168188;2.242758617;2.332411471;2.424092349;2.517792830;2.613509401;;;;;;;;;;;;;
0.800;;;;;;;;;;;;;;;;;;;;;;1.709883456;1.638614559;1.569114099;1.501363087;1.435343410;1.371037712;1.308434964;1.247534576;1.188324416;1.130783449;1.074885426;1.020601973;0.967905088;0.916769030;0.867171627;0.819095051;0.772515321;0.727450136;0.683931215;0.641949360;0.601494322;0.562554982;0.525119534;0.489175672;0.454710766;0.421712026;0.390166663;0.360062033;0.331385765;0.304125878;0.278270881;0.253809857;0.230732529;0.209029317;0.188691376;0.169710619;0.152079735;0.135792186;0.120842199;0.107224751;0.094935543;0.083970968;0.074328080;0.066004554;0.058998648;0.053309161;0.048935401;0.045877145;0.044134612;0.043708430;0.044599622;0.046809589;0.050340099;0.055193293;0.061371690;0.068878202;0.077716162;0.087889352;0.099402045;0.112259051;0.126465772;0.142028257;0.158953268;0.177248346;0.196921881;0.217983179;0.240442532;0.264311288;0.289601906;0.316328019;0.344504478;0.374147392;0.405274154;0.437903457;0.472055283;0.507750893;0.545012775;0.583864592;0.624331092;0.666438000;0.710211881;0.755679978;0.802870022;0.851810013;0.902527970;0.955051653;1.009408259;1.065624084;1.123724169;1.183731908;1.245668643;1.309553236;1.375401628;1.443226380;1.512979917;1.584589518;1.658100823;1.733533456;1.810912500;1.890267267;1.971629149;2.055028409;2.140489768;2.228026682;2.317634110;2.409279832;2.502947940;2.598634284;;;;;;;;;;;;;
0.700;;;;;;;;;;;;;;;;;;;;;;1.699033329;1.627846383;1.558416042;1.490724125;1.424753391;1.360487658;1.297922743;1.237056279;1.177873289;1.120350978;1.064462318;1.010179031;0.957473965;0.906322846;0.856705436;0.808606166;0.761996581;0.716931505;0.673415522;0.631439305;0.590992429;0.552063568;0.514640680;0.478711200;0.444262224;0.411280680;0.379753490;0.349667723;0.321010726;0.293770242;0.267934516;0.243492380;0.220433325;0.198747552;0.178426018;0.159460460;0.141843406;0.125568181;0.110628895;0.097020425;0.084738393;0.073779131;0.064139645;0.055817579;0.048811173;0.043119220;0.038741029;0.035676389;0.033925531;0.033489105;0.034368154;0.036564097;0.040078721;0.044914183;0.051073008;0.058558112;0.067372821;0.077520903;0.089006606;0.101834707;0.116010563;0.131540167;0.148430219;0.166688186;0.186322375;0.207342005;0.229757278;0.253579441;0.278820860;0.305495072;0.333616837;0.363202182;0.394268430;0.426834214;0.460919481;0.496545471;0.533734687;0.572510830;0.612898722;0.654924200;0.698613984;0.743995519;0.791096785;0.839946083;0.890571789;0.943002076;0.997264615;1.053386234;1.111392563;1.171307647;1.233153533;1.296949843;1.362713324;1.430457388;1.500181925;1.571777222;1.645273067;1.720687217;1.798043319;1.877369855;1.958698188;2.042059538;2.127480761;2.214978679;2.304553587;2.396179520;2.489833412;2.585510549;;;;;;;;;;;;;
0.600;;;;;;;;;;;;;;;;;;;;;;1.689704611;1.618597979;1.549235250;1.481599210;1.415673633;1.351444910;1.288914350;1.228076335;1.168913673;1.111402361;1.055515078;1.001224061;0.948503345;0.897330379;0.847687041;0.799554144;0.752926307;0.707858367;0.664342217;0.622368424;0.581926413;0.543004673;0.505590947;0.469672437;0.435235984;0.402268254;0.370755899;0.340685717;0.312044786;0.284820586;0.259001108;0.234574944;0.211531355;0.189860333;0.169552640;0.150599838;0.132994301;0.116729215;0.101798575;0.088197160;0.075920514;0.064964908;0.055327304;0.047005319;0.039997175;0.034301664;0.029918104;0.026846300;0.025086506;0.024639400;0.025506056;0.027687926;0.031186827;0.036004944;0.042144826;0.049609407;0.058402023;0.068526445;0.079986913;0.092788187;0.106935596;0.122435095;0.139293332;0.157517717;0.177116487;0.198098782;0.220474719;0.244255454;0.269453258;0.296081571;0.324155058;0.353689655;0.384702598;0.417212447;0.451239087;0.486803718;0.523928818;0.562638093;0.602956400;0.644909642;0.688524647;0.733829006;0.780850895;0.829618857;0.880161566;0.932507550;0.986684889;1.042720887;1.100641710;1.160472000;1.222234467;1.285949455;1.351634494;1.419303833;1.488967969;1.560561619;1.634048288;1.709451487;1.786793700;1.866102781;1.947410144;2.030747885;2.116144703;2.203620459;2.293179277;2.384801058;2.478459677;2.574149396;;;;;;;;;;;;;
0.500;;;;;;;;;;;;;;;;;;;;;;1.681890461;1.610861744;1.541563559;1.473979792;1.408095345;1.343900757;1.281399962;1.220584220;1.161434719;1.103926769;1.048033190;0.993727075;0.940983820;0.889782866;0.840108321;0.791934208;0.745298002;0.700224258;0.656704839;0.614730232;0.574289743;0.535371700;0.497963665;0.462052627;0.427625201;0.394667811;0.363166863;0.333108901;0.304480749;0.277269641;0.251463326;0.227050162;0.204019192;0.182360204;0.162063770;0.143121280;0.125524954;0.109267845;0.094343830;0.080747594;0.068474601;0.057521062;0.047883896;0.039560693;0.032549663;0.026849598;0.022459830;0.019380183;0.017610944;0.017152826;0.018006943;0.020174790;0.023658228;0.028459480;0.034581136;0.042026163;0.050797922;0.060900203;0.072337257;0.085113843;0.099235278;0.114707495;0.131537111;0.149731487;0.169298806;0.190248142;0.212589534;0.236334055;0.261493884;0.288082365;0.316114067;0.345604826;0.376571784;0.409033412;0.443009516;0.478521228;0.515590978;0.554242443;0.594500477;0.636391011;0.679940932;0.725177931;0.772130324;0.820826845;0.871296408;0.923567836;0.977669564;1.033629313;1.091473729;1.151228002;1.212915460;1.276557134;1.342171306;1.409773050;1.479373751;1.550952982;1.624435551;1.699834871;1.777172269;1.856474872;1.937773953;2.021102222;2.106489902;2.193959460;2.283518854;2.375153269;2.468836136;2.564560756;2.662322707;;;;;;;;;;;;
0.400;;;;;;;;;;;;;;;;;;;;;1.748271232;1.675584443;1.604630521;1.535393282;1.467857820;1.402010256;1.337846549;1.275370133;1.214570000;1.155426277;1.097914073;1.042006753;0.987678578;0.934906688;0.883672451;0.833962225;0.785753263;0.739105960;0.694023467;0.650497646;0.608518935;0.568076553;0.529158705;0.491752796;0.455845637;0.421423644;0.388473027;0.356979964;0.326930768;0.298312031;0.271110753;0.245314455;0.220911274;0.197890043;0.176240351;0.155952586;0.137017971;0.119428573;0.103177311;0.088257949;0.074665074;0.062394070;0.051441089;0.041803008;0.033477387;0.026462428;0.020756924;0.016360222;0.013272173;0.011493099;0.011023756;0.011865307;0.014019298;0.017487645;0.022272624;0.028376876;0.035803415;0.044555646;0.054637392;0.066052933;0.078807042;0.092905044;0.108352867;0.125157109;0.143325103;0.162864990;0.183785788;0.206097473;0.229811043;0.254938590;0.281493368;0.309489846;0.338943759;0.369872147;0.402293381;0.436227170;0.471694562;0.508717913;0.547320842;0.587528166;0.629365806;0.672860667;0.718040494;0.764933695;0.813569143;0.863975936;0.916183137;0.970219482;1.026113049;1.083890914;1.143578767;1.205200505;1.268777806;1.334329680;1.401872006;1.471417052;1.542967823;1.616450704;1.691851902;1.769191814;1.848497002;1.929798687;2.013130184;2.098523140;2.186002414;2.275579482;2.367244264;2.460971272;2.556753426;2.654587288;;;;;;;;;;;;
0.300;;;;;;;;;;;;;;;;;;;;;1.743381072;1.670780680;1.599897750;1.530717361;1.463225890;1.397411067;1.333274022;1.270816047;1.210024709;1.150879580;1.093355988;1.037428165;0.983071762;0.930265710;0.878993456;0.829241023;0.781006532;0.734345386;0.689251152;0.645715729;0.603729545;0.563281765;0.524360507;0.486953057;0.451046078;0.416625817;0.383678299;0.352189502;0.322145532;0.293532764;0.266337984;0.240548500;0.216152240;0.193137836;0.171494686;0.151212999;0.132283833;0.114699106;0.098451605;0.083534976;0.069943710;0.057673112;0.046719270;0.037079018;0.028749889;0.021730071;0.016018363;0.011614128;0.008517245;0.006728077;0.006247428;0.007076516;0.009216947;0.012670701;0.017440119;0.023527905;0.030937135;0.039671272;0.049734189;0.061130207;0.073864136;0.087941322;0.103367707;0.120149888;0.138295184;0.157811709;0.178708444;0.200995310;0.224683239;0.249784249;0.276311505;0.304279380;0.333703508;0.364600820;0.396989580;0.430889389;0.466321191;0.503307246;0.541871092;0.582037480;0.623832284;0.667282389;0.712415551;0.759260225;0.807845372;0.858200224;0.910354032;0.964335773;1.020173836;1.077895670;1.137527414;1.199093490;1.262616186;1.328115206;1.395607213;1.465105351;1.536619280;1.610106008;1.685513880;1.762862634;1.842178487;1.923492752;2.006839413;2.092251500;2.179756122;2.269368016;2.361081497;2.454872740;2.550735166;2.648666750;;;;;;;;;;;;
0.200;;;;;;;;;;;;;;;;;;;;;1.739992256;1.667474005;1.596657619;1.527529506;1.460077385;1.394291172;1.330175559;1.267729703;1.206940299;1.147786836;1.090245215;1.034290789;0.979900752;0.927055891;0.875741708;0.825943133;0.777690270;0.731012472;0.685903428;0.642355112;0.600357979;0.559901183;0.520972793;0.483560013;0.447649394;0.413227050;0.380278847;0.348790594;0.318748211;0.290137883;0.262946198;0.237160265;0.212767819;0.189757299;0.168117920;0.147839718;0.128913589;0.111331304;0.095085518;0.080169760;0.066578421;0.054306725;0.043350697;0.033707121;0.025373503;0.018348019;0.012629468;0.008217230;0.005111218;0.003311834;0.002819936;0.003636801;0.005764105;0.009203898;0.013958596;0.020030981;0.027424200;0.036141788;0.046187686;0.057566272;0.070282407;0.084341480;0.099749459;0.116512959;0.134639304;0.154136597;0.175013793;0.197280775;0.220948422;0.246028684;0.272534645;0.300480590;0.329882048;0.360755844;0.393120123;0.426994373;0.462399418;0.499357405;0.537891768;0.578027162;0.619789385;0.663205267;0.708302534;0.755109647;0.803655604;0.853969726;0.906081398;0.960019790;1.015813543;1.073490432;1.133076992;1.194598128;1.258076695;1.323533060;1.390984644;1.460445458;1.531925622;1.605413705;1.680832236;1.758195285;1.837528983;1.918864930;2.002237891;2.087682301;2.175227433;2.264891090;2.356671699;2.450547423;2.546512771;2.644567679;;;;;;;;;;;;
0.100;;;;;;;;;;;;;;;;;;;;;1.738101255;1.665660091;1.594905189;1.525824324;1.458406594;1.392644427;1.328544461;1.266104208;1.205310012;1.146141684;1.088576004;1.032589630;0.978161387;0.925273910;0.873914673;0.824075649;0.775801821;0.729104465;0.683977432;0.640412810;0.598401126;0.557931565;0.518992188;0.481570155;0.445651947;0.411223575;0.378270785;0.346779242;0.316734708;0.288123199;0.260931127;0.235145420;0.210753629;0.187744015;0.166105615;0.145828301;0.126902807;0.109320761;0.093074684;0.078157988;0.064564962;0.052290745;0.041331295;0.031683346;0.023344371;0.016312530;0.010586623;0.006166048;0.003050745;0.001241162;0.000738211;0.001543235;0.003657983;0.007084584;0.011825539;0.017883714;0.025262345;0.033965048;0.043995847;0.055359194;0.068060019;0.082103764;0.097496449;0.114244721;0.132355925;0.151838171;0.172700405;0.194952484;0.218605248;0.243670590;0.270161525;0.298092249;0.327478196;0.358336081;0.390683930;0.424541106;0.459928304;0.496867543;0.535382131;0.575496604;0.617236656;0.660629027;0.705701379;0.752482133;0.801000288;0.851285200;0.903366342;0.957273024;1.013034091;1.070677589;1.130230405;1.191717877;1.255163388;1.320587930;1.388009661;1.457443439;1.528900357;1.602385469;1.677818034;1.755200129;1.834558094;1.915924047;1.999333690;2.084822929;2.172423164;2.262155113;2.354021057;2.448001470;2.544092121;2.642295542;;;;;;;;;;;;
0.000;;;;;;;;;;;;;;;;;;;;;1.737705452;1.665335573;1.594636513;1.525597438;1.458208834;1.392465633;1.328375162;1.265933977;1.205128539;1.145939339;1.088344268;1.032321419;0.977851268;0.924918229;0.873511610;0.823637143;0.775339643;0.728619697;0.683471359;0.639886878;0.597856897;0.557370674;0.518416306;0.480980953;0.445051065;0.410612588;0.377651178;0.346152391;0.316101859;0.287485453;0.260289429;0.234500550;0.210106200;0.187094471;0.165454234;0.145175196;0.126247941;0.108663949;0.092415608;0.077496212;0.063899946;0.051621859;0.040657837;0.031004561;0.022659467;0.015620694;0.009887041;0.005457919;0.002333298;0.000513668;0.000000000;0.000793704;0.002896605;0.006310920;0.011039240;0.017084527;0.024450115;0.033139716;0.043157448;0.054507853;0.067195944;0.081227240;0.096607821;0.113344388;0.131444324;0.150915763;0.171767658;0.194009858;0.217653174;0.242709457;0.269191660;0.297113903;0.326491526;0.357341135;0.389680638;0.423529266;0.458907578;0.495837450;0.534342045;0.574445763;0.616174162;0.659553867;0.704612437;0.751378219;0.799880166;0.850147628;0.902210118;0.956097035;1.011837380;1.069459420;1.128990343;1.190455875;1.253879883;1.319283952;1.386686945;1.456104550;1.527548826;1.601031900;1.676481492;1.753886902;1.833274987;1.914678644;1.998134700;2.083680630;2.171349960;2.261166219;2.353135313;2.447240313;2.543478207;2.641854731;;;;;;;;;;;;
-0.100;;;;;;;;;;;;;;;;;;;;;1.738803253;1.666498150;1.595848741;1.526845580;1.459480540;1.393750756;1.329663489;1.267215018;1.206392327;1.147176875;1.089547842;1.033484816;0.978969889;0.925989132;0.874533493;0.824627339;0.776303314;0.729557596;0.684384486;0.640776435;0.598724249;0.558217307;0.519243788;0.481790895;0.445845084;0.411392279;0.378418084;0.346907974;0.316847480;0.288222356;0.261018720;0.235223194;0.210823006;0.187806091;0.166161163;0.145877772;0.126946352;0.109358238;0.093105685;0.078181866;0.064580857;0.052297614;0.041327947;0.031668478;0.023316599;0.016270425;0.010528750;0.006090992;0.002957150;0.001127756;0.000603837;0.001386873;0.003478771;0.006881836;0.011598759;0.017632606;0.024986816;0.033665212;0.043672017;0.055011879;0.067689908;0.081711714;0.097083459;0.113811912;0.131904514;0.151369437;0.172215660;0.194453037;0.218092370;0.243145478;0.269625264;0.297545779;0.326922277;0.357771259;0.390110515;0.423959141;0.459337550;0.496267466;0.534771893;0.574875072;0.616602407;0.659980372;0.705036397;0.751798716;0.800296197;0.850558143;0.902614055;0.956493381;1.012225223;1.069838021;1.129359216;1.190814876;1.254229310;1.319624655;1.387020448;1.456433189;1.527875890;1.601362370;1.676830786;1.754262790;1.833686107;1.915134684;1.998646641;2.084261067;2.172013519;2.261930074;2.354019838;2.448268666;2.544675144;2.643248584;;;;;;;;;;;;
-0.200;;;;;;;;;;;;;;;;;;;;;1.741394159;1.669146665;1.598540199;1.529566682;1.462219353;1.396496989;1.332406518;1.269944561;1.209098997;1.149852504;1.092185676;1.036079614;0.981517936;0.928488203;0.876982759;0.827047080;0.778693516;0.731918679;0.686717160;0.643081660;0.601003194;0.560471311;0.521474314;0.483999498;0.448033367;0.413561864;0.380570574;0.349044929;0.318970388;0.290332611;0.263117607;0.237311870;0.212902491;0.189877260;0.168224741;0.147934336;0.128996329;0.111401914;0.095143213;0.080213272;0.066606056;0.054316423;0.043340101;0.033673646;0.025314400;0.018260451;0.012510577;0.008064203;0.004921351;0.003082594;0.002549012;0.003322156;0.005404015;0.008796991;0.013503876;0.019527847;0.026872459;0.035541655;0.045539777;0.056871590;0.069542316;0.083557673;0.098923921;0.115647915;0.133737168;0.153199911;0.174045165;0.196282806;0.219923640;0.244979469;0.271463159;0.299388702;0.328771272;0.359627273;0.391974374;0.425831537;0.461219025;0.498158399;0.536672491;0.576785365;0.618522247;0.661909440;0.706974210;0.753744644;0.802249490;0.852517957;0.904579496;0.958463553;1.014199284;1.071815254;1.131339108;1.192797209;1.256214262;1.321612919;1.389013359;1.458432867;1.529885396;1.603383722;1.678874027;1.756336715;1.835800703;1.917301266;2.000878035;2.086571853;2.174420350;2.264452100;2.356679243;2.451090512;2.547686168;2.646479398;;;;;;;;;;;;
-0.300;;;;;;;;;;;;;;;;;;;;;1.745478838;1.673281175;1.602710458;1.533759939;1.466424187;1.400702939;1.336602905;1.274121552;1.213247981;1.153966289;1.096258568;1.040107401;0.985497807;0.932418622;0.880866370;0.830898291;0.782511997;0.735704518;0.690470779;0.646803777;0.604694785;0.564133565;0.525108599;0.487607313;0.451616309;0.417121583;0.384108745;0.352563214;0.322470412;0.293815932;0.266585695;0.240766087;0.216344081;0.193307332;0.171644266;0.151344142;0.132397098;0.114794188;0.098527397;0.083589646;0.069974782;0.057677561;0.046693621;0.037019445;0.028652321;0.021590297;0.015832134;0.011377257;0.008225706;0.006378089;0.005835539;0.006599677;0.008672576;0.012056732;0.016755047;0.022770815;0.030107714;0.038769814;0.048761589;0.060087933;0.072754197;0.086766219;0.102130372;0.118853616;0.136943552;0.156408489;0.177257504;0.199500514;0.223148343;0.248212792;0.274706701;0.302644015;0.332039838;0.362910479;0.395273494;0.429147707;0.464553227;0.501511446;0.540045012;0.580177796;0.621934826;0.665342209;0.710427019;0.757217164;0.805741234;0.856028306;0.908107738;0.962008925;1.017761033;1.075392703;1.134931735;1.196404738;1.259836772;1.325250960;1.392668089;1.462106200;1.533580170;1.607100723;1.682616441;1.760114240;1.839624544;1.921184226;2.004834639;2.090618520;2.178575621;2.268736963;2.361117568;2.455709084;2.552513628;2.651548430;;;;;;;;;;;;
-0.400;;;;;;;;;;;;;;;;;;;;;1.751059154;1.678902987;1.608360378;1.539425860;1.472095276;1.406368663;1.342252823;1.279746481;1.218840236;1.159519771;1.101768722;1.045571088;0.990913130;0.937784715;0.886187437;0.836183906;0.787761513;0.740917695;0.695647751;0.651945022;0.609801085;0.569205968;0.530148374;0.492615912;0.456595321;0.422072697;0.389033711;0.357463807;0.327348398;0.298673040;0.271423591;0.245586352;0.221148190;0.198096642;0.176420004;0.156107398;0.137148822;0.119535191;0.103258353;0.088311097;0.074687151;0.062381162;0.051388670;0.041706078;0.033330613;0.026260276;0.020493803;0.016030611;0.012870752;0.011014865;0.010464133;0.011220245;0.013285355;0.016662059;0.021353368;0.027362698;0.034693858;0.043351054;0.053338901;0.064662434;0.077327145;0.091339006;0.106704521;0.123430769;0.141525457;0.160996987;0.181854511;0.204108003;0.227768321;0.252847278;0.279357704;0.307313507;0.336729729;0.367622593;0.400009544;0.433909270;0.469341726;0.506328124;0.544890919;0.585053776;0.626841506;0.670279997;0.715396103;0.762217525;0.810772655;0.861090403;0.913199990;0.967130718;1.022911714;1.080571648;1.140138423;1.201638852;1.265098300;1.330540320;1.397986270;1.467454916;1.538962038;1.612516092;1.688061440;1.765599348;1.845162041;1.926788248;2.010521243;2.096405779;2.184483778;2.274788652;2.367338159;2.462126834;2.559158965;2.658455890;2.760036179;;;;;;;;;;;
-0.500;;;;;;;;;;;;;;;;;;;;;1.758138191;1.686014685;1.615492137;1.546566292;1.479234195;1.413495684;1.349357947;1.286821319;1.225878147;1.166515831;1.108719566;1.052474684;0.997768503;0.944591692;0.892949960;0.842907795;0.794445760;0.747561732;0.702251432;0.658508587;0.616325126;0.575691391;0.536596355;0.499027854;0.462972812;0.428417467;0.395347589;0.363748685;0.333606192;0.304905658;0.277632902;0.251774161;0.227316215;0.204246496;0.182553182;0.162225263;0.143252604;0.125625979;0.109337100;0.094378623;0.080744149;0.068428209;0.057426242;0.047734562;0.039350323;0.032271474;0.026496717;0.022025452;0.018857738;0.016994239;0.016436184;0.017185324;0.019243896;0.022614592;0.027300538;0.033305274;0.040632744;0.049287301;0.059273705;0.070597148;0.083263270;0.097278196;0.112648572;0.129381611;0.147485146;0.166967684;0.187838472;0.210107555;0.233785842;0.258885174;0.285418382;0.313399350;0.342843069;0.373765683;0.406184529;0.440118164;0.475586382;0.512610213;0.551211912;0.591414922;0.633243821;0.676724255;0.721882834;0.768747019;0.817344976;0.867705405;0.919857351;0.973829977;1.029652328;1.087353051;1.146960110;1.208500467;1.271999747;1.337481891;1.404968786;1.474479893;1.546031867;1.619630591;1.695210681;1.772794470;1.852416256;1.934116853;2.017941634;2.103937475;2.192148491;2.282610427;2.375343616;2.470345409;2.567622700;2.667200940;2.769103019;;;;;;;;;;;
-0.600;;;;;;;;;;;;;;;;;;;;;1.766720239;1.694620126;1.624109232;1.555184437;1.487843906;1.422086976;1.357921387;1.295349389;1.234365308;1.174958387;1.117115410;1.060822969;1.006069278;0.952845506;0.901158818;0.851074666;0.802569283;0.755641022;0.710286061;0.666498562;0.624270852;0.583593631;0.544456194;0.506846649;0.470752151;0.436159122;0.403053473;0.371420808;0.341246624;0.312516490;0.285216213;0.259331986;0.234850523;0.211759165;0.190045980;0.169699839;0.150710474;0.133068523;0.116765559;0.101794104;0.088147625;0.075820534;0.064808159;0.055106717;0.046713281;0.039625740;0.033842749;0.029363688;0.026188613;0.024318206;0.023753736;0.024497014;0.026550354;0.029916548;0.034598833;0.040600878;0.047926768;0.056581003;0.066568505;0.077894624;0.090565167;0.104586418;0.119965182;0.136708821;0.154825307;0.174323274;0.195212074;0.217501842;0.241203554;0.266329091;0.292891301;0.320904057;0.350382306;0.381342122;0.413800741;0.447776589;0.483289300;0.520359719;0.559009889;0.599263020;0.641143442;0.684676537;0.729888648;0.776806967;0.825459399;0.875874399;0.928080794;0.982107569;1.037983635;1.095737573;1.155397354;1.216990045;1.280541483;1.346075949;1.413615819;1.483181213;1.554789634;1.628443227;1.704064229;1.781700612;1.861388985;1.943172449;2.027098619;2.113216577;2.201572633;2.292204780;2.385135758;2.480365625;2.577904416;2.677781693;2.780024898;;;;;;;;;;;
-0.700;;;;;;;;;;;;;;;;;;;;;1.776810760;1.704724414;1.634216461;1.565284834;1.497928755;1.432146943;1.367947655;1.305335389;1.244306658;1.184852651;1.126961727;1.070621616;1.015821217;0.962551946;0.910819609;0.860689966;0.812137386;0.765160731;0.719756677;0.675919857;0.633643045;0.592917347;0.553732423;0.516076704;0.479937618;0.445301816;0.412155390;0.380484080;0.350273476;0.321509198;0.294177067;0.268263259;0.243754437;0.220637867;0.198901523;0.178534159;0.159525384;0.141865700;0.125546543;0.110560294;0.096900289;0.084560807;0.073537060;0.063825162;0.055422095;0.048325676;0.042534508;0.038047940;0.034866014;0.032989427;0.032419480;0.033158037;0.035207490;0.038570725;0.043251092;0.049252389;0.056578845;0.065235117;0.075226289;0.086557884;0.099235881;0.113266739;0.128657432;0.145415488;0.163549030;0.183066834;0.203978376;0.226293894;0.250024447;0.275181971;0.301779346;0.329830441;0.359350175;0.390354557;0.422860729;0.456886987;0.492452807;0.529578843;0.568286919;0.608600002;0.650542158;0.694138486;0.739415037;0.786398706;0.835117103;0.885598406;0.937871183;0.991964195;1.047906176;1.105725592;1.165450376;1.227107645;1.290723401;1.356322219;1.423926921;1.493558246;1.565234516;1.638949148;1.714618238;1.792315252;1.872079167;1.953955363;2.037993639;2.124245191;2.212758301;2.303573437;2.396715605;2.492187451;2.590002761;2.690195221;;;;;;;;;;;;
-0.800;;;;;;;;;;;;;;;;;;;;;1.788416329;1.716333848;1.645819885;1.576873331;1.509494407;1.443681329;1.379442629;1.316785300;1.255708230;1.196204644;1.138264482;1.081876528;1.027030199;0.973716915;0.921938529;0.871759763;0.823156023;0.776126708;0.730669024;0.686778120;0.644447254;0.603667988;0.564430391;0.526723264;0.490534353;0.455850582;0.422658263;0.390943312;0.360691445;0.331888366;0.304519939;0.278572343;0.254032211;0.230886753;0.209123856;0.188732174;0.169701192;0.152021284;0.135683746;0.120680818;0.107005697;0.094652530;0.083616401;0.073893311;0.065480145;0.058374638;0.052575331;0.048081531;0.044893263;0.043011225;0.042436744;0.043171734;0.045218658;0.048580494;0.053260704;0.059263217;0.066592407;0.075253092;0.085250524;0.096590407;0.109278901;0.123322652;0.138728815;0.155505095;0.173659783;0.193201810;0.214140791;0.236487083;0.260251841;0.285447074;0.312085702;0.340181607;0.369749686;0.400805895;0.433367284;0.467452027;0.503079437;0.540269976;0.579045242;0.619427949;0.661441881;0.705111838;0.750463554;0.797523601;0.846319264;0.896878404;0.949229293;1.003400426;1.059420315;1.117317262;1.177119111;1.238852981;1.302544989;1.368219957;1.435901106;1.505609755;1.577365008;1.651145029;1.726870518;1.804636709;1.884485269;1.966464129;2.050625450;2.137022575;2.225705847;2.316717205;2.410083505;2.505810003;2.603915448;2.704437575;;;;;;;;;;;;
-0.900;;;;;;;;;;;;;;;;;;;;;1.801544536;1.729455846;1.658926757;1.589957027;1.522547782;1.456697118;1.392413312;1.329706084;1.268576865;1.209021025;1.151030104;1.094593881;1.039702153;0.986346144;0.934522249;0.884290636;0.835631692;0.788545377;0.743029461;0.699079641;0.656689706;0.615851712;0.576556187;0.538792342;0.502548290;0.467811268;0.434567853;0.402804172;0.372506103;0.343659466;0.316250195;0.290264499;0.265689003;0.242510874;0.220717931;0.200298732;0.181242650;0.163539931;0.147181734;0.132160158;0.118468255;0.106100033;0.095050444;0.085315369;0.076891583;0.069776732;0.063969285;0.059468498;0.056274367;0.054387585;0.053809498;0.054542064;0.056587810;0.059949803;0.064631616;0.070637307;0.077971399;0.086638871;0.096645153;0.107996131;0.120698159;0.134758077;0.150183233;0.166981521;0.185161415;0.204732013;0.225703084;0.248085119;0.271889384;0.297127971;0.323813857;0.351960947;0.381584127;0.412699305;0.445323449;0.479474609;0.515171941;0.552435708;0.591287278;0.631749098;0.673844660;0.717598443;0.763035844;0.810183082;0.859067087;0.909715370;0.962155866;1.016416761;1.072526301;1.130512575;1.190403288;1.252225513;1.316005429;1.381768055;1.449536966;1.519334017;1.591179060;1.665027163;1.740819184;1.818664894;1.898608752;1.980701302;2.064997078;2.151551521;2.240416798;2.331636453;2.425238821;2.521231558;2.619639284;2.720503828;;;;;;;;;;;;
-1.000;;;;;;;;;;;;;;;;;;;;;1.816203872;1.744098839;1.673545439;1.604544196;1.537097036;1.471202473;1.406867844;1.344105734;1.282920291;1.223309144;1.165265486;1.108780071;1.053842981;1.000445096;0.948579284;0.898289549;0.849571316;0.802423632;0.756844853;0.712831264;0.670377216;0.629475306;0.590116561;0.552290648;0.515986091;0.481190482;0.447890702;0.416073129;0.385723842;0.356828806;0.329374057;0.303345856;0.278730843;0.255516162;0.233689576;0.213239560;0.194155383;0.176427168;0.160045937;0.145003647;0.131293204;0.118908472;0.107844265;0.098096332;0.089661336;0.082536820;0.076721172;0.072213589;0.069014027;0.067123168;0.066542367;0.067273617;0.069319507;0.072683188;0.077368341;0.083379152;0.090720293;0.099396908;0.109414606;0.120779467;0.133498041;0.147577371;0.163025011;0.179849055;0.198058170;0.217661636;0.238669390;0.261092069;0.284941064;0.310228566;0.336967618;0.365172160;0.394857077;0.426038239;0.458732533;0.492957893;0.528733314;0.566078860;0.605015660;0.645565887;0.687752723;0.731600311;0.777133686;0.824378690;0.873361867;0.924110341;0.976651672;1.031013697;1.087224346;1.145311452;1.205302528;1.267224549;1.331103707;1.396965167;1.464832809;1.534728979;1.606674236;1.680591473;1.756461326;1.834397965;1.914448698;1.996666689;2.081108802;2.167832475;2.256891542;2.348330930;2.442180190;2.538449587;2.637170219;2.738388136;;;;;;;;;;;;
-1.100;;;;;;;;;;;;;;;;;;;;;1.832403577;1.760272140;1.689685280;1.620644190;1.553151504;1.487206656;1.422815433;1.359993231;1.298747087;1.239077024;1.180977908;1.124441549;1.069458350;1.016018796;0.964114619;0.913763742;0.864982138;0.817768726;0.772122474;0.728040279;0.685517095;0.644546093;0.605118841;0.567225509;0.530855068;0.495995513;0.462634068;0.430757401;0.400351826;0.371403489;0.343898554;0.317823365;0.293164598;0.269909392;0.248045472;0.227561242;0.208445873;0.190689372;0.174282630;0.159217459;0.145486619;0.133083825;0.122003745;0.112241995;0.103795111;0.096660527;0.090836542;0.086322281;0.083117655;0.081223322;0.080640640;0.081371631;0.083418939;0.086785794;0.091475981;0.097493814;0.104844112;0.113532188;0.123563834;0.134945323;0.147683413;0.161785358;0.177258925;0.194112420;0.212354713;0.231995281;0.253044239;0.275512385;0.299411247;0.324753126;0.351551144;0.379819288;0.409572450;0.440826469;0.473598158;0.507905335;0.543766837;0.581202525;0.620233283;0.660880997;0.703168529;0.747119666;0.792759060;0.840112148;0.889205058;0.940064492;0.992717598;1.047191819;1.103514728;1.161713848;1.221816455;1.283849372;1.347838751;1.413809850;1.481786808;1.551792414;1.623847893;1.697834339;1.773794363;1.851834289;1.932004276;2.014360063;2.098960746;2.185865608;2.275129940;2.366799794;2.460905645;2.557460813;2.656503415;2.758083828;;;;;;;;;;;;
-1.200;;;;;;;;;;;;;;;;;;;;;1.850153455;1.777985782;1.707356477;1.638267306;1.570721528;1.504719925;1.440266332;1.377378568;1.316066662;1.256333197;1.198175017;1.141585024;1.086553911;1.033071683;0.981128903;0.930720615;0.881871606;0.834588170;0.788869901;0.744714333;0.702117052;0.661071841;0.621570849;0.583604784;0.547163112;0.512234266;0.478805859;0.446864885;0.416397929;0.387391352;0.359831477;0.333704758;0.308997931;0.285698152;0.263793121;0.243271187;0.224121434;0.206333759;0.189898924;0.174808602;0.161055403;0.148632889;0.137535581;0.127758950;0.119299402;0.112154252;0.106321701;0.101800794;0.098591387;0.096694105;0.096110302;0.096842021;0.098891953;0.102263403;0.106960259;0.112986958;0.120348467;0.129050266;0.139098334;0.150499144;0.163259665;0.177387369;0.192890245;0.209776819;0.228056179;0.247738005;0.268832605;0.291350950;0.315304716;0.340706328;0.367568998;0.395906766;0.425734543;0.457068142;0.489924310;0.524320751;0.560276141;0.597810137;0.636943369;0.677697431;0.720094847;0.764159030;0.809914227;0.857385445;0.906598365;0.957579234;1.010354748;1.064951915;1.121397903;1.179719879;1.239944830;1.302099375;1.366209575;1.432300729;1.500397179;1.570522112;1.642697375;1.716752992;1.792816389;1.870972738;1.951274993;2.033781373;2.118553048;2.205650940;2.295131539;2.387041727;2.481412582;2.578261299;2.677633356;2.779583531;;;;;;;;;;;;
-1.300;;;;;;;;;;;;;;;;;;;;;1.869463656;1.797250324;1.726569902;1.657424644;1.589818354;1.523753544;1.459231811;1.396272648;1.334889355;1.275087304;1.216865417;1.160217858;1.105135713;1.051608559;0.999625791;0.949167624;0.900247275;0.852889628;0.807094915;0.762861326;0.720185105;0.679060677;0.639480809;0.601436786;0.564918607;0.529915187;0.496414562;0.464404094;0.433870674;0.404800913;0.377181326;0.350998502;0.326239262;0.302890800;0.280940814;0.260377607;0.241190191;0.223368360;0.206902753;0.191784906;0.178007278;0.165563280;0.154447278;0.144654596;0.136181501;0.129025183;0.123183735;0.118656114;0.115442112;0.113542313;0.112958058;0.113691405;0.115745086;0.119122476;0.123827558;0.129864893;0.137239595;0.145957311;0.156024207;0.167446960;0.180232756;0.194389291;0.209924783;0.226847989;0.245168221;0.264895377;0.286039965;0.308613141;0.332626743;0.358093327;0.385026206;0.413439487;0.443348104;0.474767853;0.507715416;0.542208386;0.578265280;0.615905544;0.655149552;0.696018591;0.738534835;0.782721305;0.828601823;0.876200938;0.925543852;0.976656324;1.029564560;1.084295090;1.140874634;1.199329954;1.259687694;1.321974220;1.386215445;1.452436659;1.520662354;1.590916068;1.663216085;1.737342209;1.813525237;1.891812926;1.972260899;2.054930908;2.139885992;2.227188446;2.316895658;2.409055006;2.503697829;2.600846576;2.700553988;2.802879327;;;;;;;;;;;;
-1.400;;;;;;;;;;;;;;;;;;;;;1.890344429;1.818076626;1.747336903;1.678127923;1.610453965;1.544319262;1.479723726;1.416687208;1.355226422;1.295349741;1.237058400;1.180348037;1.125210321;1.071634540;1.019609010;0.969112191;0.920116709;0.872680827;0.826805412;0.782489325;0.739729487;0.698520996;0.658857266;0.620730196;0.584130357;0.549047181;0.515469169;0.483384088;0.452779171;0.423641313;0.395957252;0.369713742;0.344897715;0.321496428;0.299497591;0.278889482;0.259661050;0.241801999;0.225302852;0.210155007;0.196350781;0.183883427;0.172747158;0.162937144;0.154449507;0.147281307;0.141430521;0.136896009;0.133677491;0.131775505;0.131191368;0.131927145;0.133985605;0.137370187;0.142084966;0.148134621;0.155524413;0.164260156;0.174348205;0.185795444;0.198609277;0.212797632;0.228368964;0.245332266;0.263697085;0.283473544;0.304672365;0.327304898;0.351383152;0.376919826;0.403928344;0.432422884;0.462418415;0.493930720;0.526976422;0.561573003;0.597738820;0.635493106;0.674855969;0.715848380;0.758492149;0.802809888;0.848824969;0.896561460;0.946044054;0.997297986;1.050348934;1.105222909;1.161946135;1.220544921;1.281045522;1.343473994;1.407856050;1.474216915;1.542581181;1.612972683;1.685351916;1.759599728;1.835914619;1.914348261;1.994958469;2.077807540;2.162959851;2.250478155;2.340421472;2.432837579;2.527757732;2.625211800;2.725258900;2.827962957;;;;;;;;;;;;
-1.500;;;;;;;;;;;;;;;;;;;;;1.912805823;1.840475588;1.769669073;1.700389282;1.632640911;1.566429547;1.501754832;1.438634936;1.377090114;1.317131958;1.258764294;1.201984516;1.146785147;1.093155418;1.041082596;0.990553180;0.941487410;0.893969473;0.848009317;0.803606476;0.760758566;0.719461378;0.679709002;0.641493985;0.604807501;0.569639541;0.535979105;0.503814402;0.473133046;0.443922247;0.416168999;0.389860252;0.364983077;0.341524812;0.319473204;0.298816524;0.279543672;0.261644271;0.245108737;0.229928340;0.216095251;0.203602571;0.192444356;0.182615620;0.174112337;0.166931429;0.161070749;0.156529059;0.153305994;0.151402038;0.150818480;0.151557386;0.153621552;0.157014477;0.161740324;0.167803889;0.175210574;0.183966362;0.194077798;0.205551973;0.218396516;0.232619590;0.248229892;0.265236659;0.283649682;0.303479317;0.324736508;0.347432810;0.371580412;0.397192166;0.424281614;0.452863018;0.482951383;0.514562487;0.547712895;0.582419983;0.618701943;0.656577792;0.696067366;0.737191308;0.779971050;0.824428778;0.870587390;0.918470448;0.968102106;1.019507041;1.072710364;1.127737526;1.184614212;1.243366228;1.304019386;1.366599382;1.431131676;1.497641372;1.566153113;1.636690974;1.709148336;1.783532570;1.859993931;1.938586768;2.019371169;2.102411196;2.187772400;2.275518567;2.365707690;2.458387153;2.553588689;2.651351958;2.751741549;2.854826070;;;;;;;;;;;;
-1.600;;;;;;;;;;;;;;;;;;;;;;1.864457858;1.793577984;1.724221041;1.656392094;1.590097359;1.525338513;1.462129370;1.400493708;1.340446566;1.281994662;1.225137499;1.169868376;1.116176749;1.064049732;1.013472987;0.964366752;0.916763190;0.870714516;0.826220936;0.783280768;0.741890512;0.702044960;0.663737333;0.626959443;0.591701872;0.557954155;0.525704981;0.494942376;0.465653905;0.437826847;0.411448378;0.386505735;0.362986366;0.340878074;0.320169140;0.300848434;0.282905509;0.266330685;0.251115110;0.237250815;0.224730752;0.213548817;0.203699869;0.195179729;0.187985178;0.182113941;0.177564671;0.174336916;0.172431098;0.171848471;0.172591092;0.174661784;0.178064098;0.182802282;0.188881244;0.196306526;0.205084280;0.215221239;0.226724705;0.239602534;0.253863127;0.269515430;0.286568932;0.305033670;0.324920246;0.346239834;0.369004200;0.393225723;0.418917417;0.446092950;0.474766674;0.504953638;0.536669617;0.569931124;0.604755425;0.641160550;0.679165293;0.718789210;0.760052607;0.802976523;0.847582697;0.893893536;0.941932066;0.991721873;1.043287044;1.096652084;1.151841842;1.208881417;1.267796068;1.328611112;1.391351833;1.456043383;1.522710695;1.591378401;1.662070775;1.734609075;1.809144319;1.885766599;1.964532707;2.045504717;2.128748110;2.214329219;2.302311963;2.392753863;2.485701374;2.581187120;2.679262125;2.779995533;;;;;;;;;;;;;
-1.700;;;;;;;;;;;;;;;;;;;;;;1.890033492;1.819074890;1.749635433;1.681720533;1.615336819;1.550488587;1.487184768;1.425451482;1.365307397;1.306762099;1.249817550;1.194469113;1.140707064;1.088518128;1.037886933;0.988761946;0.941069471;0.894928803;0.850340811;0.807304513;0.765817131;0.725874174;0.687469562;0.650595775;0.615244016;0.581404392;0.549066101;0.518217622;0.488846902;0.460941543;0.434488975;0.409476630;0.385892090;0.363723239;0.342958388;0.323586393;0.305596753;0.288979703;0.273726277;0.259828374;0.247278797;0.236071290;0.226200552;0.217662251;0.210453023;0.204570462;0.200013105;0.196780410;0.194872728;0.194291273;0.195038092;0.197116022;0.200528666;0.205280350;0.211376092;0.218821575;0.227623113;0.237787631;0.249322643;0.262236234;0.276537048;0.292234283;0.309337684;0.327857546;0.347804719;0.369190615;0.392027221;0.416327115;0.442103478;0.469370113;0.498141466;0.528432638;0.560259404;0.593638226;0.628586263;0.665121377;0.703262136;0.743027808;0.784438351;0.827514394;0.872277216;0.918748708;0.966951334;1.016908084;1.068642418;1.122178201;1.177539637;1.234751197;1.293837541;1.354823446;1.417733730;1.482593182;1.549426510;1.618258288;1.689083038;1.761739535;1.836440000;1.913237258;1.992190262;2.073362727;2.156821159;2.242632234;2.330859538;2.421559660;2.514777705;2.610549640;2.708937759;2.810014921;;;;;;;;;;;;;
-1.800;;;;;;;;;;;;;;;;;;;;;;1.917211578;1.846170387;1.776644309;1.708639100;1.642161805;1.577219040;1.513815948;1.451978582;1.391729137;1.333080952;1.276038928;1.220600575;1.166757393;1.114496398;1.063801640;1.014655617;0.966895655;0.920659850;0.875974117;0.832838171;0.791249955;0.751205709;0.712700074;0.675726216;0.640275992;0.606340110;0.573908311;0.542969559;0.513512217;0.485524241;0.458993347;0.433907189;0.410253512;0.388020303;0.367195926;0.347769240;0.329729709;0.313067491;0.297773521;0.283839572;0.271258305;0.260023312;0.250129137;0.241571294;0.234346271;0.228451529;0.223885485;0.220647501;0.218737855;0.218157715;0.218909109;0.220994889;0.224418701;0.229184947;0.235298754;0.242765939;0.251592983;0.261786999;0.273355714;0.286307444;0.300651081;0.316396078;0.333552441;0.352130728;0.372142045;0.393598049;0.416510955;0.440893546;0.466759176;0.494121793;0.522995941;0.553396775;0.585340077;0.618842258;0.653920369;0.690592102;0.728875795;0.768790417;0.810355569;0.853591456;0.898518876;0.945159183;0.993534255;1.043666457;1.095578586;1.149293833;1.204835715;1.262228032;1.321494799;1.382660200;1.445748538;1.510784190;1.577791583;1.646795179;1.717718516;1.790546559;1.865425885;1.942411602;2.021564490;2.102949513;2.186633751;2.272683741;2.361162238;2.452124419;2.545613620;2.641673505;2.740375062;2.841794630;;;;;;;;;;;;;
-1.900;;;;;;;;;;;;;;;;;;;;;;1.945999817;1.874874031;1.805258792;1.737160216;1.670585787;1.605543709;1.542038028;1.480090936;1.419728478;1.360967836;1.303817325;1.248277144;1.194340604;1.141995598;1.091226154;1.042013929;0.994248937;0.947915197;0.903128764;0.859890030;0.818197658;0.778048623;0.739438296;0.702360555;0.666807930;0.632771760;0.600242362;0.569209210;0.539661122;0.511586434;0.484973181;0.459809269;0.436082630;0.413781383;0.392893964;0.373409257;0.355316704;0.338606408;0.323269212;0.309296773;0.296681618;0.285417193;0.275497889;0.266919066;0.259677067;0.253769215;0.249193808;0.245950106;0.244038311;0.243459539;0.244215796;0.246309946;0.249745673;0.254527452;0.260660514;0.268150812;0.277004988;0.287230348;0.298834830;0.311826984;0.326215950;0.342011441;0.359223731;0.377863644;0.397942547;0.419472350;0.442465501;0.466934993;0.492894365;0.520357709;0.549339675;0.579855478;0.611920906;0.645552321;0.680766665;0.717581460;0.756014803;0.796085361;0.837812362;0.881215576;0.926315300;0.973132330;1.021687935;1.072003820;1.124102095;1.178005233;1.233736030;1.291317568;1.350773173;1.412126391;1.475400955;1.540620779;1.607809959;1.676992796;1.748022980;1.821038143;1.896109262;1.973296206;2.052661202;2.134270016;2.218189808;2.304486451;2.393221344;2.484447762;2.578207733;2.674556999;2.773571390;2.875330867;;;;;;;;;;;;;
-2.000;;;;;;;;;;;;;;;;;;;;;;;1.905193920;1.835488900;1.767295510;1.700621725;1.635476345;1.571865768;1.509804832;1.449322609;1.390440327;1.333170137;1.277515494;1.223472162;1.171029583;1.120172410;1.070880747;1.023134647;0.976702278;0.931812560;0.888468295;0.846668850;0.806411932;0.767693650;0.730508606;0.694850026;0.660709901;0.628079149;0.596947791;0.567305122;0.539139894;0.512440489;0.487195091;0.463391853;0.441019045;0.420065202;0.400519253;0.382370639;0.365609420;0.350226362;0.336213018;0.323561791;0.312265985;0.302319843;0.293718577;0.286458383;0.280536446;0.275950945;0.272701035;0.270786839;0.270209419;0.270970757;0.273073720;0.276522031;0.281320235;0.287473664;0.294988404;0.303871259;0.314129725;0.325771954;0.338806730;0.353243445;0.369092075;0.386363165;0.405067808;0.425217642;0.446824830;0.469902062;0.494462548;0.520520013;0.548088702;0.577183373;0.607819305;0.640012295;0.673778657;0.709135221;0.746099335;0.784688851;0.824922125;0.866818001;0.910395798;0.955675297;1.002676713;1.051420680;1.101928219;1.154220718;1.208319897;1.264247793;1.322026727;1.381679295;1.443228352;1.506697019;1.572108696;1.639487097;1.708807599;1.780004983;1.853216564;1.928494736;2.005897690;2.085486867;2.167329779;2.251493802;2.338043589;2.427038633;2.518529824;2.612560745;2.709199871;2.808525721;;;;;;;;;;;;;;
-2.100;;;;;;;;;;;;;;;;;;;;;;;1.937136216;1.867343121;1.799055445;1.732281732;1.667031414;1.603313402;1.541136434;1.480529232;1.421517135;1.364116487;1.308334555;1.254170232;1.201614641;1.150652975;1.101268071;1.053439477;1.007028478;0.962033255;0.918581108;0.876672084;0.836304611;0.797475533;0.760180186;0.724412503;0.690165149;0.657429667;0.626196649;0.596455897;0.568196606;0.541407536;0.516077179;0.492193931;0.469746243;0.448722771;0.429112513;0.410904926;0.394090046;0.378658578;0.364601983;0.351912548;0.340583445;0.330608776;0.321983608;0.314703992;0.308766980;0.304170627;0.300913987;0.298997099;0.298420970;0.299187555;0.301299722;0.304761230;0.309576691;0.315751536;0.323291982;0.332204997;0.342498263;0.354180149;0.367259674;0.381746483;0.397650818;0.414983498;0.433755893;0.453979910;0.475667976;0.498833025;0.523488489;0.549648285;0.577326814;0.606538949;0.637300033;0.669625873;0.703532735;0.739037340;0.776156852;0.814908877;0.855311448;0.897383016;0.941142436;0.986608951;1.033802179;1.082742093;1.133449003;1.185943542;1.240246649;1.296379558;1.354363794;1.414221177;1.475973829;1.539644209;1.605255156;1.672829956;1.742282199;1.813680361;1.887099210;1.962592861;2.040220680;2.120045976;2.202134250;2.286550859;2.373359063;2.462616622;2.554371561;2.648674791;2.745603842;2.845239194;;;;;;;;;;;;;;
-2.200;;;;;;;;;;;;;;;;;;;;;;;1.970704615;1.900827937;1.832448888;1.765576694;1.700221535;1.636393972;1.574101238;1.513366022;1.454217641;1.396676870;1.340755202;1.286454295;1.233769309;1.182688502;1.133195190;1.085269330;1.038889023;0.993798620;0.950236608;0.908215896;0.867735611;0.828793323;0.791385101;0.755505593;0.721148151;0.688304966;0.656967219;0.627125247;0.598768716;0.571886787;0.546468292;0.522501894;0.499976252;0.478880169;0.459202729;0.440933432;0.424062304;0.408580006;0.394477920;0.381748232;0.370383990;0.360379162;0.351728675;0.344428442;0.338475382;0.333867430;0.330603535;0.328683656;0.328108742;0.328880717;0.331002452;0.334477738;0.339311252;0.345508523;0.353075898;0.362020506;0.372350218;0.384073618;0.397199962;0.411739151;0.427701694;0.445098688;0.463941781;0.484243157;0.506015509;0.529272020;0.554026349;0.580292609;0.608085360;0.637419594;0.668310720;0.700774557;0.734827323;0.770485625;0.807766444;0.846687131;0.887265388;0.929519262;0.973467129;1.019127681;1.066519917;1.115663125;1.166576880;1.219281030;1.273795698;1.330141283;1.388338474;1.448408272;1.510372026;1.574251490;1.640068896;1.707819766;1.777450686;1.849059605;1.922696323;1.998416284;2.076279553;2.156349385;2.238690397;2.323366378;2.410437767;2.499958916;2.591976251;2.686554333;2.783773165;2.883715695;;;;;;;;;;;;;;
-2.300;;;;;;;;;;;;;;;;;;;;;;;;1.935947291;1.867482632;1.800515845;1.735058003;1.671120603;1.608713403;1.547849951;1.488561263;1.430872301;1.374799012;1.320348396;1.267519006;1.216302121;1.166683190;1.118643404;1.072161262;1.027116567;0.983443025;0.941308876;0.900713913;0.861656413;0.824133164;0.788139536;0.753669575;0.720716129;0.689270991;0.659325054;0.630868476;0.603890850;0.578381367;0.554328989;0.531722606;0.510551189;0.490803936;0.472470405;0.455540637;0.440005262;0.425855600;0.413083747;0.401682639;0.391646120;0.382968983;0.375647008;0.369676985;0.365056732;0.361785096;0.359861953;0.359288196;0.360065717;0.362197389;0.365687032;0.370539388;0.376760083;0.384355594;0.393333207;0.403700986;0.415467726;0.428642925;0.443236738;0.459259947;0.476723926;0.495640608;0.516022455;0.537882429;0.561233969;0.586090961;0.612467721;0.640378972;0.669839825;0.700865757;0.733472603;0.767676530;0.803494029;0.840941896;0.880037218;0.920797361;0.963239957;1.007382888;1.053244282;1.100842496;1.150196117;1.201323953;1.254245045;1.308978666;1.365544347;1.423961906;1.484251488;1.546433628;1.610529331;1.676560182;1.744479065;1.814323897;1.886153051;1.960017794;2.035974461;2.114083288;2.194406881;2.277008335;2.361949048;2.449286312;2.539070788;2.631351889;2.726206743;2.823715243;;;;;;;;;;;;;;;
-2.400;;;;;;;;;;;;;;;;;;;;;;;;1.972701996;1.904160867;1.837106285;1.771550410;1.707505855;1.644985065;1.583996530;1.524566607;1.466724479;1.410491100;1.355878398;1.302889478;1.251519489;1.201756913;1.153585072;1.106983716;1.061929923;1.018208831;0.975959791;0.935248622;0.896074276;0.858434247;0.822324612;0.787740115;0.754674269;0.723119491;0.693067247;0.664508211;0.637432424;0.611829466;0.587688618;0.564999026;0.543749854;0.523930435;0.505530408;0.488539843;0.472949362;0.458750238;0.445934487;0.434494949;0.424425351;0.415720362;0.408375635;0.402387837;0.397754670;0.394474884;0.392548272;0.391975672;0.392758945;0.394900963;0.398405578;0.403277593;0.409522730;0.417147595;0.426159635;0.436567100;0.448379004;0.461605081;0.476255746;0.492342053;0.509875658;0.528868778;0.549334158;0.571285035;0.594735102;0.619698482;0.646189693;0.674223624;0.703815507;0.734980894;0.767735629;0.802095831;0.838077874;0.875698363;0.914974117;0.955922159;0.998559694;1.042904101;1.088972924;1.136783865;1.186354785;1.237703708;1.290848835;1.345808567;1.402601533;1.461246646;1.521763160;1.584170758;1.648489663;1.714723087;1.782845252;1.852912187;1.924970886;1.999073686;2.075277316;2.153641609;2.234227879;2.317097015;2.402307349;2.489912393;2.579958844;2.672509036;2.767642954;2.865441315;;;;;;;;;;;;;;;
-2.500;;;;;;;;;;;;;;;;;;;;;;;;;1.942484574;1.875352448;1.809706163;1.745559677;1.682926896;1.621818962;1.562250915;1.504254337;1.447855045;1.393070263;1.339908276;1.288368911;1.238444588;1.190121707;1.143381023;1.098201558;1.054542937;1.012177745;0.971349097;0.932056577;0.894298354;0.858071196;0.823370533;0.790190547;0.758524285;0.728363797;0.699700288;0.672524270;0.646825728;0.622594287;0.599819368;0.578490354;0.558596731;0.540128240;0.523075003;0.507427647;0.493177415;0.480316260;0.468836936;0.458733063;0.449999197;0.442630870;0.436624632;0.431978075;0.428689852;0.426759679;0.426188338;0.426977660;0.429130517;0.432650789;0.437543344;0.443813999;0.451469486;0.460517413;0.470966218;0.482825132;0.496104127;0.510813878;0.526965713;0.544571571;0.563643959;0.584195905;0.606240922;0.629792964;0.654866390;0.681475926;0.709636629;0.739363855;0.770673227;0.803580604;0.838102057;0.874253837;0.912052356;0.951514162;0.992655925;1.035494416;1.080046497;1.126329117;1.174359306;1.224154181;1.275730960;1.329106982;1.384299745;1.441326954;1.500206583;1.560956964;1.623596898;1.688145787;1.754581629;1.822927757;1.893225571;1.965523381;2.039874542;2.116335628;2.194965433;2.275823290;2.358967167;2.444451626;2.532325771;2.622637277;2.715462186;2.810878159;;;;;;;;;;;;;;;;
-2.600;;;;;;;;;;;;;;;;;;;;;;;;;1.982450858;1.915255486;1.849529939;1.785289788;1.722550550;1.661327100;1.601628362;1.543480330;1.486913266;1.431949780;1.378603787;1.326880507;1.276777170;1.228282854;1.181383259;1.136059871;1.092291776;1.049972410;1.009025149;0.969613331;0.931735757;0.895389858;0.860571734;0.827276225;0.795497008;0.765226725;0.736457118;0.709179186;0.683383338;0.659059558;0.636197566;0.614786979;0.594817460;0.576278870;0.559161400;0.543455702;0.529153001;0.516245205;0.504724991;0.494585888;0.485822344;0.478429779;0.472404632;0.467744392;0.464447618;0.462513951;0.461944118;0.462739923;0.464904236;0.468440969;0.473355050;0.479652393;0.487339857;0.496425207;0.506917072;0.518824896;0.532158894;0.546930000;0.563149817;0.580830569;0.599985052;0.620626583;0.642768953;0.666426378;0.691613457;0.718345124;0.746636608;0.776503391;0.807961168;0.841025815;0.875713350;0.912039904;0.950021691;0.989674983;1.031016091;1.074061344;1.118827078;1.165329635;1.213585356;1.263610599;1.315421756;1.369035285;1.424467760;1.481735930;1.540856810;1.601847781;1.664726730;1.729500932;1.796158718;1.864734838;1.935272870;2.007821327;2.082431927;2.159161617;2.238067498;2.319206180;2.402631956;2.488394902;2.576539199;2.667124997;2.760230518;2.855932572;;;;;;;;;;;;;;;;
-2.700;;;;;;;;;;;;;;;;;;;;;;;;;;1.956812591;1.891023065;1.826701113;1.763864173;1.702529127;1.642709443;1.584417744;1.527685788;1.472541294;1.419004013;1.367084977;1.316786251;1.268103454;1.221025782;1.175537746;1.131620665;1.089254101;1.048287290;1.008755114;0.970757170;0.934291512;0.899354881;0.865942754;0.834049432;0.803668142;0.774791174;0.747410017;0.721515515;0.697098030;0.674147594;0.652654076;0.632607334;0.613997366;0.596814449;0.581049274;0.566693069;0.553737704;0.542175795;0.532000790;0.523207037;0.515789856;0.509745579;0.505071595;0.501766375;0.499829488;0.499261609;0.500064515;0.502241075;0.505795232;0.510731977;0.517057316;0.524778235;0.533902658;0.544439403;0.556398130;0.569789292;0.584624084;0.600914385;0.618672706;0.637912134;0.658646274;0.680889197;0.704655386;0.729959680;0.756817224;0.785243421;0.815253878;0.846864368;0.880090781;0.914949082;0.951455281;0.989625391;1.029475407;1.071021272;1.114278868;1.159263997;1.205992381;1.254479662;1.304741425;1.356793219;1.410650603;1.466329205;1.523844803;1.583213426;1.644451482;1.707576922;1.772575578;1.839462692;1.908277920;1.979065890;2.051875472;2.126758755;2.203769724;2.282963139;2.364392525;2.448107708;2.534153549;2.622574644;2.713445214;2.806838667;2.902832237;;;;;;;;;;;;;;;;
-2.800;;;;;;;;;;;;;;;;;;;;;;;;;;2.000016225;1.934182825;1.869795163;1.806872954;1.745435313;1.685500338;1.627077666;1.570188971;1.514866324;1.461135080;1.409012277;1.358506771;1.309619612;1.262345010;1.216671617;1.172583953;1.130063832;1.089091725;1.049493348;1.011373994;0.974787619;0.939731562;0.906201911;0.874193567;0.843700336;0.814715045;0.787229680;0.761235526;0.736723328;0.713683444;0.692106010;0.671981090;0.653298835;0.636049624;0.620224203;0.605813810;0.592810295;0.581206224;0.570994970;0.562170795;0.554728922;0.548665585;0.543978079;0.540664789;0.538725214;0.538159980;0.538970837;0.541160656;0.544733408;0.549694146;0.556048969;0.563804991;0.572970291;0.583553875;0.595565618;0.609016213;0.623917114;0.640280477;0.658119100;0.677446361;0.698276155;0.720622837;0.744501153;0.769926187;0.796913297;0.825478060;0.855636214;0.887403604;0.920796137;0.955829729;0.992520264;1.030883555;1.070935313;1.112691113;1.156166383;1.201376384;1.248336209;1.297060794;1.347564936;1.399863330;1.453970620;1.509901476;1.567670685;1.627293272;1.688786664;1.752150004;1.817376408;1.884501855;1.953567267;2.024617886;2.097702374;2.172871662;2.250177581;2.329671322;2.411402024;2.495414624;2.581748122;2.670461030;2.761627012;2.855317537;;;;;;;;;;;;;;;;;
-2.900;;;;;;;;;;;;;;;;;;;;;;;;;;;1.979001659;1.914569308;1.851578589;1.790051243;1.730007919;1.671466241;1.614434381;1.558942278;1.505020147;1.452691258;1.401970994;1.352866772;1.305378650;1.259500365;1.215220611;1.172524412;1.131393634;1.091810677;1.053598631;1.016890455;0.981714023;0.948065990;0.915941824;0.885335888;0.856241537;0.828651241;0.802556728;0.777949128;0.754819133;0.733157150;0.712953464;0.694198387;0.676882412;0.660996349;0.646531463;0.633479591;0.621833257;0.611585772;0.602731317;0.595265025;0.589183036;0.584482555;0.581161887;0.579220462;0.578658857;0.579478797;0.581683152;0.585275923;0.590262224;0.596648245;0.604441224;0.613649397;0.624281954;0.636348985;0.649861420;0.664830974;0.681270077;0.699191814;0.718609854;0.739538385;0.761992041;0.785985839;0.811535105;0.838655412;0.867362513;0.897672276;0.929600623;0.963163478;0.998376704;1.035256063;1.073817166;1.114075437;1.156046084;1.199744073;1.245184120;1.292380685;1.341347989;1.392100034;1.444650650;1.499013559;1.555202457;1.613231130;1.673113590;1.734858922;1.798447578;1.863910862;1.931286250;2.000615539;2.071944051;2.145319590;2.220791166;2.298407554;2.378215741;2.460259384;2.544577404;2.631211316;2.720231914;2.811706158;2.905705158;;;;;;;;;;;;;;;;;
-3.000;;;;;;;;;;;;;;;;;;;;;;;;;;;2.025466275;1.961015958;1.897978528;1.836378801;1.776240398;1.717585389;1.660428103;1.604781073;1.550677320;1.498145710;1.447208124;1.397878727;1.350164086;1.304063860;1.259571858;1.216676685;1.175364641;1.135619656;1.097424802;1.060613469;1.025315473;0.991548062;0.959307232;0.928587865;0.899383817;0.871688031;0.845492662;0.820789224;0.797568739;0.775821891;0.755539186;0.736711108;0.719328267;0.703381550;0.688862250;0.675762203;0.664073899;0.653790590;0.644906384;0.637416328;0.631316472;0.626603935;0.623276940;0.621334853;0.620778199;0.621608679;0.623829161;0.627443675;0.632457390;0.638876588;0.646708628;0.655961899;0.666645774;0.678770554;0.692347406;0.707388301;0.723905945;0.741913706;0.761425545;0.782455939;0.805019808;0.829132432;0.854809386;0.882066458;0.910919575;0.941384737;0.973477947;1.007215142;1.042612139;1.079684574;1.118447857;1.158917126;1.201107216;1.245032636;1.290707550;1.338145784;1.387360837;1.438365914;1.491173974;1.545797810;1.602250139;1.660543739;1.720683757;1.782652806;1.846476402;1.912188962;1.979829185;2.049439249;2.121063930;2.194749418;2.270541936;2.348486260;2.428624190;2.510993141;2.595626547;2.682583121;2.771927923;2.863725949;;;;;;;;;;;;;;;;;;
-3.100;;;;;;;;;;;;;;;;;;;;;;;;;;;;2.009121634;1.946065130;1.884415504;1.824199839;1.765443529;1.708169947;1.652387949;1.598118138;1.545393746;1.494242634;1.444685724;1.396736486;1.350401168;1.305679236;1.262565057;1.221048698;1.181117212;1.142755804;1.105948876;1.070550472;1.036662324;1.004303737;0.973470065;0.944155630;0.916353817;0.890057192;0.865257634;0.841946486;0.820114706;0.799753018;0.780852075;0.763402612;0.747395588;0.732822336;0.719674689;0.707945107;0.697626790;0.688713772;0.681201017;0.675084488;0.670361216;0.667029344;0.665088170;0.664538170;0.665381014;0.667619568;0.671257885;0.676301189;0.682755848;0.690629338;0.699930197;0.710667977;0.722853187;0.736497226;0.751612320;0.768211444;0.786308251;0.805916991;0.827052430;0.849729767;0.873964553;0.899772606;0.927169928;0.956172627;0.986796833;1.019058628;1.052973970;1.088558624;1.125828106;1.164797623;1.205482031;1.247895792;1.292052955;1.337967137;1.385651527;1.435118902;1.486381667;1.539451912;1.594341496;1.651062162;1.709609335;1.769971018;1.832172995;1.896246256;1.962225068;2.030148890;2.100060312;2.172002817;2.246020102;2.322154629;2.400446117;2.480930105;2.563636724;2.648608386;2.735908990;2.825597570;;;;;;;;;;;;;;;;;;;
-3.200;;;;;;;;;;;;;;;;;;;;;;;;;;;;2.058865901;1.995824676;1.934153613;1.873883798;1.815044466;1.757662692;1.701761693;1.647347069;1.594446465;1.543092554;1.493312524;1.445126765;1.398548497;1.353583890;1.310233153;1.268491388;1.228349714;1.189796387;1.152817874;1.117400020;1.083424530;1.050946582;1.019997356;0.990571587;0.962663058;0.936264712;0.911368772;0.887966882;0.866050254;0.845609825;0.826636410;0.809120859;0.793054206;0.778427816;0.765233521;0.753463751;0.743111649;0.734171177;0.726637214;0.720505633;0.715773376;0.712438502;0.710500237;0.709959005;0.710816440;0.713075400;0.716739955;0.721815381;0.728308122;0.736225767;0.745576998;0.756371540;0.768620103;0.782334314;0.797526647;0.814210346;0.832399342;0.852108170;0.873351883;0.896145960;0.920506216;0.946448715;0.973989673;1.003145376;1.033932088;1.066365969;1.100462999;1.136238895;1.173709053;1.212888483;1.253791757;1.296432969;1.340825711;1.386983053;1.434917552;1.484641267;1.536165806;1.589502393;1.644661960;1.701624198;1.760388179;1.820980977;1.883431251;1.947771693;2.014038496;2.082270192;2.152507517;2.224792989;2.299166799;2.375666529;2.454325674;2.535172325;2.618235881;2.703574417;2.791242572;2.881298085;;;;;;;;;;;;;;;;;;;
-3.300;;;;;;;;;;;;;;;;;;;;;;;;;;;;;2.047236259;1.985579095;1.925284367;1.866385731;1.808914480;1.752899295;1.698361554;1.645307203;1.593768135;1.543776646;1.495359733;1.448537320;1.403322676;1.359722549;1.317737882;1.277364748;1.238595383;1.201419314;1.165824320;1.131796862;1.099252808;1.068186115;1.038647547;1.010631232;0.984130441;0.959137700;0.935644923;0.913643556;0.893124723;0.874079386;0.856498498;0.840373155;0.825694746;0.812455096;0.800646595;0.790262324;0.781296168;0.773742913;0.767598337;0.762859284;0.759523726;0.757590809;0.757060893;0.757935572;0.760217686;0.763911317;0.769021779;0.775555588;0.783520436;0.792925139;0.803779588;0.816094687;0.829882282;0.845155089;0.861926614;0.880211060;0.900023244;0.921378500;0.944292582;0.968781570;0.994861769;1.022549610;1.051861555;1.082814002;1.115423192;1.149705126;1.185675479;1.223349528;1.262742087;1.303867451;1.346739351;1.391370927;1.437774709;1.485962625;1.535946025;1.587735730;1.641342105;1.696720491;1.753893180;1.812886594;1.873727511;1.936446562;2.001077740;2.067657682;2.136224722;2.206817719;2.279474568;2.354232047;2.431121594;2.510169160;2.591396390;2.674850538;2.760583293;2.848646487;;;;;;;;;;;;;;;;;;;;
-3.400;;;;;;;;;;;;;;;;;;;;;;;;;;;;;;2.038670441;1.978387083;1.919459148;1.861922757;1.805811178;1.751154642;1.697971781;1.646271211;1.596087283;1.547451869;1.500391536;1.454926492;1.411070368;1.368830546;1.328208826;1.289202305;1.251804457;1.216005744;1.181794710;1.149158728;1.118054776;1.088401115;1.060275277;1.033670799;1.008580458;0.984996392;0.962910239;0.942313283;0.923196602;0.905551231;0.889368307;0.874639227;0.861355790;0.849510334;0.839095866;0.830106177;0.822535953;0.816380862;0.811637641;0.808304158;0.806379472;0.805863866;0.806758883;0.809067331;0.812793291;0.817942103;0.824520346;0.832535799;0.841997404;0.852915204;0.865300286;0.879164707;0.894521416;0.911384169;0.929767436;0.949686306;0.971156389;0.994193710;1.018814609;1.045035627;1.072873408;1.102344591;1.133465706;1.166253077;1.200722727;1.236890291;1.274770932;1.314379275;1.355729342;1.398834507;1.443707466;1.490360219;1.538804077;1.589049692;1.641101069;1.694894330;1.750479506;1.807880247;1.867121913;1.928233519;1.991247283;2.056197948;2.123121867;2.192055868;2.263035936;2.336095760;2.411265480;2.488569585;2.568025254;2.649667087;2.733544174;2.819702814;;;;;;;;;;;;;;;;;;;;;
-3.500;;;;;;;;;;;;;;;;;;;;;;;;;;;;;;;2.033169661;1.974249658;1.916678925;1.860495955;1.805735919;1.752430542;1.700595822;1.650244091;1.601410228;1.554126036;1.508418085;1.464306815;1.421806342;1.380924757;1.341664727;1.304024419;1.267998132;1.233577243;1.200751022;1.169507344;1.139833619;1.111614154;1.084903920;1.059714516;1.036038246;1.013866888;0.993191835;0.974004247;0.956295200;0.940055844;0.925277555;0.911952081;0.900071686;0.889629278;0.880618540;0.873034032;0.866871298;0.862126947;0.858798728;0.856885591;0.856387730;0.857306612;0.859645003;0.863406963;0.868597844;0.875224266;0.883294085;0.892816348;0.903801239;0.916260013;0.930204924;0.945649139;0.962606655;0.981092195;1.001121114;1.022709288;1.045873006;1.070628857;1.096993620;1.124984145;1.154617244;1.185909581;1.218877562;1.253537236;1.289904198;1.327993504;1.367819595;1.409396228;1.452736431;1.497852467;1.544755816;1.593457190;1.643929399;1.696138927;1.750141683;1.805957914;1.863607443;1.923122087;1.984532727;2.047872627;2.113176546;2.180479624;2.249816073;2.321217714;2.394712434;2.470322650;2.548063948;2.627959044;2.710053791;2.794389478;2.881010612;;;;;;;;;;;;;;;;;;;;;
-3.600;;;;;;;;;;;;;;;;;;;;;;;;;;;;;;;2.089600538;2.030733958;1.973167099;1.916944386;1.862106597;1.808690735;1.756729966;1.706238730;1.657232319;1.609745628;1.563810298;1.519452935;1.476694248;1.435548759;1.396025346;1.358127573;1.321854335;1.287200710;1.254158751;1.222718220;1.192868253;1.164595719;1.137850281;1.112559351;1.088789144;1.066531507;1.045777885;1.026519459;1.008747302;0.992452531;0.977626460;0.964260751;0.952347557;0.941879661;0.932850603;0.925254792;0.919087618;0.914345538;0.911026157;0.909128291;0.908652017;0.909598710;0.911971064;0.915773098;0.921010152;0.927688867;0.935817153;0.945404145;0.956460144;0.968996557;0.983025815;0.998561290;1.015617200;1.034208511;1.054350827;1.076060280;1.099353411;1.124247054;1.150758214;1.178903944;1.208701228;1.240166856;1.273317320;1.308168695;1.344736542;1.383035814;1.423080775;1.464884929;1.508460967;1.553820733;1.600975207;1.649838468;1.700463328;1.752881139;1.807111899;1.863178963;1.921108900;1.980927207;2.042670860;2.106373423;2.172068716;2.239789513;2.309566056;2.381424472;2.455385158;2.531461266;2.609668140;2.690046578;2.772633699;2.857468950;;;;;;;;;;;;;;;;;;;;;;
-3.700;;;;;;;;;;;;;;;;;;;;;;;;;;;;;;;;2.088878934;2.031362637;1.975139452;1.920256497;1.866756743;1.814678955;1.764057680;1.714907513;1.667245193;1.621105216;1.576518960;1.533512906;1.492107936;1.452319248;1.414156215;1.377622979;1.342719092;1.309440226;1.277779100;1.247726347;1.219270036;1.192397080;1.167093539;1.143270102;1.120924123;1.100090651;1.080760819;1.062925630;1.046576108;1.031703452;1.018299186;1.006355309;0.995864432;0.986819912;0.979215970;0.973047803;0.968311681;0.965005031;0.963126500;0.962676018;0.963654834;0.966065541;0.969912086;0.975199769;0.981935224;0.990126388;0.999782454;1.010913820;1.023532017;1.037649632;1.053280218;1.070438197;1.089138758;1.109397737;1.131231507;1.154656848;1.179690827;1.206350665;1.234653611;1.264616813;1.296257190;1.329591314;1.364635289;1.401404645;1.439914239;1.480178167;1.522209690;1.566021179;1.611578768;1.658840761;1.707879368;1.758711691;1.811357899;1.865841287;1.922188143;1.980427422;2.040590187;2.102705845;2.166811771;2.232939645;2.301118445;2.371372816;2.443721372;2.518175054;2.594744006;2.673464175;2.754369061;2.837493654;;;;;;;;;;;;;;;;;;;;;;;
-3.800;;;;;;;;;;;;;;;;;;;;;;;;;;;;;;;;;2.091230441;2.035054750;1.980167051;1.926617045;1.874449805;1.823705776;1.774420817;1.726611728;1.680294782;1.635503732;1.592269321;1.550618073;1.510570991;1.472143389;1.435345023;1.400180495;1.366649819;1.334749187;1.304471883;1.275808149;1.248746174;1.223272641;1.199373208;1.177035398;1.156151772;1.136748989;1.118850053;1.102445817;1.087527294;1.074085806;1.062113136;1.051601665;1.042544512;1.034935660;1.028770065;1.024043763;1.020753953;1.018899076;1.018478870;1.019494417;1.021948169;1.025843964;1.031187024;1.037983940;1.046242640;1.055972345;1.067183514;1.079887775;1.094097840;1.109827417;1.127091108;1.145904296;1.166283032;1.188243908;1.211803927;1.236980373;1.263790673;1.292252259;1.322382437;1.354198248;1.387716343;1.422952856;1.459923291;1.498642414;1.539124164;1.581362702;1.625277437;1.670955087;1.718406269;1.767651765;1.818713070;1.871613820;1.926380436;1.983041792;2.041628666;2.102172962;2.164706683;2.229259253;2.295861974;2.364538295;2.435305306;2.508171967;2.583144922;2.660256382;2.739536691;2.821017026;;;;;;;;;;;;;;;;;;;;;;;;
-3.900;;;;;;;;;;;;;;;;;;;;;;;;;;;;;;;;;;2.096652641;2.041809551;1.988250991;1.936029126;1.885191028;1.835778729;1.787829321;1.741363654;1.696395969;1.652958803;1.611082334;1.570792495;1.532110083;1.495050425;1.459623443;1.425833730;1.393681938;1.363164812;1.334275383;1.307003914;1.281338502;1.257265932;1.234773561;1.213844664;1.194463437;1.176542962;1.160083085;1.145118630;1.131640635;1.119640584;1.109110558;1.100043370;1.092432695;1.086273187;1.081560586;1.078291810;1.076465034;1.076079751;1.077136825;1.079638517;1.083588508;1.088991895;1.095855179;1.104186237;1.113994277;1.125289780;1.138084430;1.152391029;1.168223407;1.185596310;1.204525292;1.225026588;1.247116986;1.270813688;1.296134178;1.323096068;1.351716965;1.382014319;1.414005289;1.447706599;1.483134414;1.520304213;1.559213000;1.599789489;1.642114137;1.686201001;1.732066254;1.779728076;1.829203077;1.880520685;1.933707826;1.988793676;2.045809114;2.104785936;2.165755830;2.228749117;2.293793268;2.360911222;2.430120301;2.501427713;2.574838153;2.650381702;2.728085992;2.807979097;;;;;;;;;;;;;;;;;;;;;;;;;
-4.000;;;;;;;;;;;;;;;;;;;;;;;;;;;;;;;;;;;2.105143119;2.051626877;1.999393506;1.948497506;1.898987830;1.850907990;1.804296211;1.759178367;1.715566794;1.673491754;1.632982242;1.594063371;1.556755428;1.521073396;1.487026546;1.454620745;1.423856493;1.394730286;1.367235201;1.341361495;1.317097869;1.294431270;1.273346513;1.253827942;1.235859537;1.219425283;1.204500799;1.190986047;1.178959243;1.168412072;1.159336953;1.151727172;1.145577001;1.140881810;1.137638160;1.135843893;1.135498190;1.136601631;1.139156226;1.143165435;1.148634174;1.155568800;1.163977084;1.173868169;1.185252508;1.198141794;1.212548879;1.228487666;1.245973013;1.265020602;1.285646822;1.307868623;1.331703383;1.357168756;1.384282525;1.413062448;1.443526111;1.475690775;1.509573236;1.545149187;1.582406461;1.621394663;1.662128034;1.704622247;1.748894983;1.794966213;1.842858363;1.892594756;1.944201260;1.997711533;2.053156896;2.110569377;2.169980676;2.231420886;2.294916983;2.360491116;2.428158740;2.497926803;2.569799839;2.643807416;2.719974938;2.798328117;2.878893648;;;;;;;;;;;;;;;;;;;;;;;;;
-4.100;;;;;;;;;;;;;;;;;;;;;;;;;;;;;;;;;;;;2.116699709;2.064507375;2.013598174;1.964028794;1.915849932;1.869106457;1.823837608;1.780074125;1.737828340;1.697126594;1.657996225;1.620461110;1.584540080;1.550247961;1.517594695;1.486585132;1.457219684;1.429494815;1.403403595;1.378936620;1.356082429;1.334827352;1.315156494;1.297054210;1.280504548;1.265495159;1.252007940;1.240028004;1.229529753;1.220447998;1.212841166;1.206703047;1.202028548;1.198813787;1.197056183;1.196754525;1.197909029;1.200521375;1.204594732;1.210133763;1.217144611;1.225634877;1.235613573;1.247091068;1.260079007;1.274590231;1.290638674;1.308239250;1.327407730;1.348160610;1.370514971;1.394488326;1.420098473;1.447363337;1.476300808;1.506910715;1.539178334;1.573143961;1.608821119;1.646223169;1.685364385;1.726264153;1.768941842;1.813419006;1.859719531;1.907869649;1.957897804;2.009832151;2.063705785;2.119553395;2.177406980;2.237296675;2.299249210;2.363286144;2.429421923;2.497661822;2.568014434;2.640509201;2.715169871;2.792020571;2.871085960;;;;;;;;;;;;;;;;;;;;;;;;;;
-4.200;;;;;;;;;;;;;;;;;;;;;;;;;;;;;;;;;;;;;2.131320548;2.080452528;2.030869896;1.982631367;1.935789226;1.890389549;1.846472453;1.804071951;1.763204301;1.723889980;1.686153952;1.650017916;1.615500509;1.582615472;1.551371834;1.521774029;1.493822225;1.467512481;1.442838115;1.419790095;1.398356563;1.378523968;1.360277591;1.343602466;1.328484296;1.314906586;1.302854305;1.292313283;1.283270499;1.275716179;1.269640222;1.265024167;1.261841438;1.260124130;1.259870538;1.261080416;1.263755024;1.267897149;1.273511112;1.280602764;1.289179455;1.299249991;1.310824581;1.323914755;1.338533279;1.354694052;1.372411988;1.391702892;1.412583319;1.435070429;1.459179370;1.484908010;1.512281625;1.541314075;1.572019620;1.604412754;1.638508661;1.674323518;1.711874805;1.751179097;1.792258917;1.835138346;1.879842905;1.926400333;1.974840424;2.025194681;2.077495773;2.131775030;2.188067443;2.246404094;2.306811667;2.369311311;2.433916616;2.500631781;2.569473665;2.640470259;2.713644815;2.789020670;2.866621276;;;;;;;;;;;;;;;;;;;;;;;;;;;
-4.300;;;;;;;;;;;;;;;;;;;;;;;;;;;;;;;;;;;;;;2.149003870;2.099464388;2.051214575;2.004314979;1.958819298;1.914774650;1.872221869;1.831195833;1.791720701;1.753810362;1.717486708;1.682769763;1.649676066;1.618218047;1.588403794;1.560237101;1.533716817;1.508840082;1.485600231;1.463987685;1.443990742;1.425596104;1.408789572;1.393556647;1.379882178;1.367751262;1.357149623;1.348063945;1.340483268;1.334396553;1.329794202;1.326668991;1.325015640;1.324830883;1.326114611;1.328866131;1.333088120;1.338785138;1.345963487;1.354631117;1.364797254;1.376472273;1.389667762;1.404396130;1.420670413;1.438504119;1.457911115;1.478905456;1.501501351;1.525713148;1.551555378;1.579042749;1.608190032;1.639013436;1.671529698;1.705756690;1.741713685;1.779421617;1.818902787;1.860180143;1.903283379;1.948241882;1.995086952;2.043851439;2.094569155;2.147274077;2.201999288;2.258775269;2.317630555;2.378586007;2.441654450;2.506841879;2.574175009;2.643679936;2.715380256;2.789299317;;;;;;;;;;;;;;;;;;;;;;;;;;;;;
-4.400;;;;;;;;;;;;;;;;;;;;;;;;;;;;;;;;;;;;;;;2.169747471;2.121544971;2.074638415;2.029089976;1.984954563;1.942280144;1.901108090;1.861473543;1.823405236;1.786918005;1.752028040;1.718752448;1.687105499;1.657097898;1.628736174;1.602022510;1.576957153;1.553536043;1.531752142;1.511595925;1.493055897;1.476118447;1.460770502;1.446997873;1.434786097;1.424121052;1.414989331;1.407378521;1.401277604;1.396676918;1.393568468;1.391946081;1.391805483;1.393143999;1.395961315;1.400258886;1.406039991;1.413309617;1.422074206;1.432341360;1.444120797;1.457422909;1.472259021;1.488641238;1.506582300;1.526095541;1.547194922;1.569894780;1.594209962;1.620155909;1.647748772;1.677005144;1.707943264;1.740582672;1.774944342;1.811051004;1.848927325;1.888600028;1.930096542;1.973448467;2.018689690;2.065854507;2.114977992;2.166095157;2.219239863;2.274443469;2.331733285;2.391130809;2.452648186;2.516300216;2.582119670;2.650131831;2.720361393;2.792832513;;;;;;;;;;;;;;;;;;;;;;;;;;;;;;
-4.500;;;;;;;;;;;;;;;;;;;;;;;;;;;;;;;;;;;;;;;;;2.146695218;2.101146800;2.056966069;2.014208923;1.972923966;1.933152903;1.894930950;1.858287260;1.823243185;1.789809702;1.757999987;1.727825466;1.699293999;1.672410775;1.647177916;1.623593918;1.601654210;1.581351528;1.562676255;1.545615640;1.530158771;1.516292267;1.504002361;1.493275324;1.484097856;1.476456016;1.470339594;1.465738484;1.462643965;1.461048978;1.460948225;1.462336567;1.465213869;1.469580314;1.475437862;1.482790158;1.491642333;1.502000028;1.513872516;1.527269105;1.542200188;1.558677143;1.576712254;1.596318511;1.617510169;1.640302095;1.664710059;1.690750856;1.718442437;1.747803921;1.778855853;1.811620971;1.846123679;1.882390397;1.920449644;1.960332028;2.002070100;2.045696880;2.091249851;2.138765385;2.188279571;2.239827077;2.293439752;2.349144949;2.406963579;2.466910035;2.529015335;2.593310045;2.659821374;2.728575842;2.799599202;;;;;;;;;;;;;;;;;;;;;;;;;;;;;;;
-4.600;;;;;;;;;;;;;;;;;;;;;;;;;;;;;;;;;;;;;;;;;;2.174913454;2.130742638;2.087950570;2.046593890;2.006721608;1.968375538;1.931590760;1.896396079;1.862814497;1.830860812;1.800542562;1.771867116;1.744840331;1.719465291;1.695742214;1.673668462;1.653238729;1.634444722;1.617275992;1.601722650;1.587772462;1.575412517;1.564629644;1.555410667;1.547740710;1.541610373;1.537008990;1.533927191;1.532357083;1.532292379;1.533725769;1.536657023;1.541085074;1.547010591;1.554435929;1.563365056;1.573801820;1.585754925;1.599232872;1.614245347;1.630803268;1.648918746;1.668604910;1.689876494;1.712749384;1.737240705;1.763369042;1.791154574;1.820619224;1.851786470;1.884682372;1.919334968;1.955774438;1.994033072;2.034145106;2.076146410;2.120073771;2.165965029;2.213857754;2.263787377;2.315786172;2.369881524;2.426094008;2.484452477;2.544993174;2.607746675;2.672742855;2.740010768;2.809578524;;;;;;;;;;;;;;;;;;;;;;;;;;;;;;;;
-4.700;;;;;;;;;;;;;;;;;;;;;;;;;;;;;;;;;;;;;;;;;;;2.206193289;2.163424136;2.122046037;2.082116110;2.043683513;2.006789936;1.971470093;1.937752230;1.905658628;1.875206114;1.846404050;1.819255269;1.793762007;1.769924620;1.747741252;1.727207743;1.708316714;1.691059803;1.675427712;1.661409258;1.648992366;1.638164459;1.628912268;1.621221251;1.615081878;1.610483124;1.607415051;1.605869007;1.605837789;1.607312383;1.610292115;1.614774754;1.620759779;1.628248371;1.637243386;1.647747637;1.659768748;1.673314862;1.688395240;1.705020656;1.723203405;1.742957201;1.764297543;1.787241793;1.811808843;1.838019469;1.865896445;1.895464658;1.926751095;1.959785068;1.994598294;2.031224566;2.069699614;2.110060741;2.152346298;2.196594959;2.242844927;2.291132441;2.341490051;2.393944994;2.448527796;2.505279112;2.564233435;2.625424651;2.688885905;2.754649448;;;;;;;;;;;;;;;;;;;;;;;;;;;;;;;;;;
-4.800;;;;;;;;;;;;;;;;;;;;;;;;;;;;;;;;;;;;;;;;;;;;;2.199181906;2.159247254;2.120774203;2.083811797;2.048401340;2.014576949;1.982366087;1.951790112;1.922864818;1.895600960;1.870003381;1.846070181;1.823798302;1.803183238;1.784217827;1.766894522;1.751204127;1.737136083;1.724678868;1.713820329;1.704547067;1.696845299;1.690704870;1.686114423;1.683063502;1.681542768;1.681544187;1.683057624;1.686081570;1.690612756;1.696649627;1.704192368;1.713242929;1.723803579;1.735880839;1.749482797;1.764618616;1.781299288;1.799537668;1.819348492;1.840748383;1.863756558;1.888394052;1.914684164;1.942652537;1.972327212;2.003738632;2.036919545;2.071905023;2.108732055;2.147439154;2.188065771;2.230651510;2.275235117;2.321853264;2.370538722;2.421327270;2.474262254;2.529382232;2.586725415;2.646329482;2.708231399;2.772467228;;;;;;;;;;;;;;;;;;;;;;;;;;;;;;;;;;;
-4.900;;;;;;;;;;;;;;;;;;;;;;;;;;;;;;;;;;;;;;;;;;;;;;;2.199537468;2.162554877;2.127096214;2.093202144;2.060905934;2.030234044;2.001206702;1.973838480;1.948138857;1.924112773;1.901760903;1.881077703;1.862054778;1.844683225;1.828953153;1.814853738;1.802373357;1.791499798;1.782219474;1.774519161;1.768387681;1.763813265;1.760784913;1.759292621;1.759327588;1.760879170;1.763944614;1.768519769;1.774602227;1.782191397;1.791288573;1.801895930;1.814019099;1.827666336;1.842847067;1.859572870;1.877857546;1.897717200;1.919170108;1.942237508;1.966942906;1.993312351;2.021374491;2.051160544;2.082704190;2.116041409;2.151210109;2.188249699;2.227200428;2.268102529;2.310995138;2.355915342;2.402906322;2.452012136;2.503275271;2.556738224;2.612443298;2.670432389;2.730746774;;;;;;;;;;;;;;;;;;;;;;;;;;;;;;;;;;;;;
-5.000;;;;;;;;;;;;;;;;;;;;;;;;;;;;;;;;;;;;;;;;;;;;;;;;2.242883820;2.207428216;2.173509335;2.141166932;2.110433187;2.081333329;2.053886256;2.028105141;2.003998033;1.981568431;1.960815857;1.941736394;1.924322656;1.908562595;1.894443562;1.881952661;1.871076727;1.861801676;1.854114011;1.848001194;1.843450770;1.840451029;1.838991220;1.839061763;1.840652020;1.843757624;1.848373680;1.854497115;1.862126787;1.871263595;1.881909967;1.894071099;1.907755539;1.922973329;1.939736997;1.958061644;1.977965028;1.999467537;2.022592544;2.047366208;2.073817396;2.101977710;2.131881329;2.163564772;2.197066544;2.232426603;2.269685572;2.308883917;2.350064227;2.393272700;2.438554595;2.485955850;2.535522872;2.587302321;2.641340879;2.697685013;2.756380731;;;;;;;;;;;;;;;;;;;;;;;;;;;;;;;;;;;;;;
-5.100;;;;;;;;;;;;;;;;;;;;;;;;;;;;;;;;;;;;;;;;;;;;;;;;;;2.255342105;2.223000831;2.192246662;2.163110448;2.135615975;2.109780621;2.085616001;2.063128593;2.042320353;2.023189306;2.005730117;1.989934643;1.975792458;1.963291278;1.952416101;1.943151221;1.935481584;1.929392846;1.924871319;1.921904188;1.920479694;1.920587328;1.922216683;1.925361530;1.930016311;1.936177422;1.943843361;1.953014868;1.963694821;1.975888576;1.989605034;2.004855165;2.021652752;2.040014479;2.059960000;2.081511962;2.104696068;2.129541051;2.156078458;2.184342530;2.214369904;2.246199196;2.279870462;2.315426438;2.352911827;2.392372557;2.433855994;2.477410741;2.523086417;2.570933438;2.621002770;2.673345688;2.728013505;;;;;;;;;;;;;;;;;;;;;;;;;;;;;;;;;;;;;;;;
-5.200;;;;;;;;;;;;;;;;;;;;;;;;;;;;;;;;;;;;;;;;;;;;;;;;;;;;;2.246361917;2.218858217;2.193001892;2.168808630;2.146288350;2.125445853;2.106281473;2.088791694;2.072969750;2.058806194;2.046289454;2.035406348;2.026142583;2.018483222;2.012413122;2.007917068;2.004980090;2.003588872;2.003731601;2.005397781;2.008579319;2.013269937;2.019465532;2.027164342;2.036367102;2.047077157;2.059300558;2.073046627;2.088327487;2.105158373;2.123557708;2.143547136;2.165151516;2.188398855;2.213320175;2.239949291;2.268322717;2.298479617;2.330461695;2.364313045;2.400079984;2.437810876;2.477555929;2.519366990;2.563297316;2.609401335;2.657734392;2.708352481;;;;;;;;;;;;;;;;;;;;;;;;;;;;;;;;;;;;;;;;;;
-5.300;;;;;;;;;;;;;;;;;;;;;;;;;;;;;;;;;;;;;;;;;;;;;;;;;;;;;;;2.277557939;2.253370981;2.230848161;2.209997592;2.190822331;2.173321051;2.157488697;2.143317101;2.130795590;2.119911549;2.110650965;2.102998943;2.096940186;2.092459454;2.089541980;2.088173872;2.088342472;2.090036691;2.093247312;2.097967266;2.104191876;2.111919074;2.121149592;2.131887116;2.144138429;2.157913511;2.173225625;2.190091372;2.208530723;2.228567029;2.250227004;2.273540691;2.298541398;2.325265626;2.353752960;2.384045956;2.416189994;2.450233126;2.486225893;2.524221132;2.564273763;2.606440556;2.650779887;;;;;;;;;;;;;;;;;;;;;;;;;;;;;;;;;;;;;;;;;;;;;
-5.400;;;;;;;;;;;;;;;;;;;;;;;;;;;;;;;;;;;;;;;;;;;;;;;;;;;;;;;;;;2.295727225;2.276568316;2.259078817;2.243255759;2.229092596;2.216579857;2.205705769;2.196456849;2.188818467;2.182775377;2.178312215;2.175413971;2.174066424;2.174256545;2.175972870;2.179205843;2.183948125;2.190194867;2.197943966;2.207196276;2.217955797;2.230229834;2.244029126;2.259367943;2.276264169;2.294739339;2.314818665;2.336531030;2.359908956;2.384988554;2.411809441;2.440414640;2.470850457;2.503166335;2.537414683;2.573650688;2.611932106;;;;;;;;;;;;;;;;;;;;;;;;;;;;;;;;;;;;;;;;;;;;;;;;
-5.500;;;;;;;;;;;;;;;;;;;;;;;;;;;;;;;;;;;;;;;;;;;;;;;;;;;;;;;;;;;;;2.329974475;2.315839826;2.303352499;2.292501879;2.283275299;2.275658656;2.269636992;2.265195045;2.262317762;2.260990784;2.261200893;2.262936425;2.266187656;2.270947140;2.277210032;2.284974364;2.294241292;2.305015314;2.317304456;2.331120420;2.346478710;2.363398724;2.381903816;2.402021329;2.423782604;2.447222954;2.472381616;2.499301676;2.528029967;2.558616940;2.591116511;;;;;;;;;;;;;;;;;;;;;;;;;;;;;;;;;;;;;;;;;;;;;;;;;;;
-5.600;;;;;;;;;;;;;;;;;;;;;;;;;;;;;;;;;;;;;;;;;;;;;;;;;;;;;;;;;;;;;;;;;;2.363167930;2.357175180;2.352759457;2.349905911;2.348600269;2.348829342;2.350581474;2.353846973;2.358618493;2.364891389;2.372664032;2.381938092;2.392718783;2.405015076;2.418839878;2.434210176;2.451147152;2.469676261;2.489827281;2.511634330;2.535135852;2.560374576;;;;;;;;;;;;;;;;;;;;;;;;;;;;;;;;;;;;;;;;;;;;;;;;;;;;;;;
-5.700;;;;;;;;;;;;;;;;;;;;;;;;;;;;;;;;;;;;;;;;;;;;;;;;;;;;;;;;;;;;;;;;;;;;;;;;;;;;;;;;;;;;;;;;;;;;;;;;;;;;;;;;;;;;;;;;;;;;;;;;;;;;;;;;;;;;;;;;;;;;;;
-5.800;;;;;;;;;;;;;;;;;;;;;;;;;;;;;;;;;;;;;;;;;;;;;;;;;;;;;;;;;;;;;;;;;;;;;;;;;;;;;;;;;;;;;;;;;;;;;;;;;;;;;;;;;;;;;;;;;;;;;;;;;;;;;;;;;;;;;;;;;;;;;;
-5.900;;;;;;;;;;;;;;;;;;;;;;;;;;;;;;;;;;;;;;;;;;;;;;;;;;;;;;;;;;;;;;;;;;;;;;;;;;;;;;;;;;;;;;;;;;;;;;;;;;;;;;;;;;;;;;;;;;;;;;;;;;;;;;;;;;;;;;;;;;;;;;
-6.000;;;;;;;;;;;;;;;;;;;;;;;;;;;;;;;;;;;;;;;;;;;;;;;;;;;;;;;;;;;;;;;;;;;;;;;;;;;;;;;;;;;;;;;;;;;;;;;;;;;;;;;;;;;;;;;;;;;;;;;;;;;;;;;;;;;;;;;;;;;;;;
-6.100;;;;;;;;;;;;;;;;;;;;;;;;;;;;;;;;;;;;;;;;;;;;;;;;;;;;;;;;;;;;;;;;;;;;;;;;;;;;;;;;;;;;;;;;;;;;;;;;;;;;;;;;;;;;;;;;;;;;;;;;;;;;;;;;;;;;;;;;;;;;;;
-6.200;;;;;;;;;;;;;;;;;;;;;;;;;;;;;;;;;;;;;;;;;;;;;;;;;;;;;;;;;;;;;;;;;;;;;;;;;;;;;;;;;;;;;;;;;;;;;;;;;;;;;;;;;;;;;;;;;;;;;;;;;;;;;;;;;;;;;;;;;;;;;;
-6.300;;;;;;;;;;;;;;;;;;;;;;;;;;;;;;;;;;;;;;;;;;;;;;;;;;;;;;;;;;;;;;;;;;;;;;;;;;;;;;;;;;;;;;;;;;;;;;;;;;;;;;;;;;;;;;;;;;;;;;;;;;;;;;;;;;;;;;;;;;;;;;
-6.400;;;;;;;;;;;;;;;;;;;;;;;;;;;;;;;;;;;;;;;;;;;;;;;;;;;;;;;;;;;;;;;;;;;;;;;;;;;;;;;;;;;;;;;;;;;;;;;;;;;;;;;;;;;;;;;;;;;;;;;;;;;;;;;;;;;;;;;;;;;;;;
-6.500;;;;;;;;;;;;;;;;;;;;;;;;;;;;;;;;;;;;;;;;;;;;;;;;;;;;;;;;;;;;;;;;;;;;;;;;;;;;;;;;;;;;;;;;;;;;;;;;;;;;;;;;;;;;;;;;;;;;;;;;;;;;;;;;;;;;;;;;;;;;;;
-6.600;;;;;;;;;;;;;;;;;;;;;;;;;;;;;;;;;;;;;;;;;;;;;;;;;;;;;;;;;;;;;;;;;;;;;;;;;;;;;;;;;;;;;;;;;;;;;;;;;;;;;;;;;;;;;;;;;;;;;;;;;;;;;;;;;;;;;;;;;;;;;;
-6.700;;;;;;;;;;;;;;;;;;;;;;;;;;;;;;;;;;;;;;;;;;;;;;;;;;;;;;;;;;;;;;;;;;;;;;;;;;;;;;;;;;;;;;;;;;;;;;;;;;;;;;;;;;;;;;;;;;;;;;;;;;;;;;;;;;;;;;;;;;;;;;
-6.800;;;;;;;;;;;;;;;;;;;;;;;;;;;;;;;;;;;;;;;;;;;;;;;;;;;;;;;;;;;;;;;;;;;;;;;;;;;;;;;;;;;;;;;;;;;;;;;;;;;;;;;;;;;;;;;;;;;;;;;;;;;;;;;;;;;;;;;;;;;;;;
-6.900;;;;;;;;;;;;;;;;;;;;;;;;;;;;;;;;;;;;;;;;;;;;;;;;;;;;;;;;;;;;;;;;;;;;;;;;;;;;;;;;;;;;;;;;;;;;;;;;;;;;;;;;;;;;;;;;;;;;;;;;;;;;;;;;;;;;;;;;;;;;;;
-7.000;;;;;;;;;;;;;;;;;;;;;;;;;;;;;;;;;;;;;;;;;;;;;;;;;;;;;;;;;;;;;;;;;;;;;;;;;;;;;;;;;;;;;;;;;;;;;;;;;;;;;;;;;;;;;;;;;;;;;;;;;;;;;;;;;;;;;;;;;;;;;;
BACK [mm];-7.000;-6.900;-6.800;-6.700;-6.600;-6.500;-6.400;-6.300;-6.200;-6.100;-6.000;-5.900;-5.800;-5.700;-5.600;-5.500;-5.400;-5.300;-5.200;-5.100;-5.000;-4.900;-4.800;-4.700;-4.600;-4.500;-4.400;-4.300;-4.200;-4.100;-4.000;-3.900;-3.800;-3.700;-3.600;-3.500;-3.400;-3.300;-3.200;-3.100;-3.000;-2.900;-2.800;-2.700;-2.600;-2.500;-2.400;-2.300;-2.200;-2.100;-2.000;-1.900;-1.800;-1.700;-1.600;-1.500;-1.400;-1.300;-1.200;-1.100;-1.000;-0.900;-0.800;-0.700;-0.600;-0.500;-0.400;-0.300;-0.200;-0.100;0.000;0.100;0.200;0.300;0.400;0.500;0.600;0.700;0.800;0.900;1.000;1.100;1.200;1.300;1.400;1.500;1.600;1.700;1.800;1.900;2.000;2.100;2.200;2.300;2.400;2.500;2.600;2.700;2.800;2.900;3.000;3.100;3.200;3.300;3.400;3.500;3.600;3.700;3.800;3.900;4.000;4.100;4.200;4.300;4.400;4.500;4.600;4.700;4.800;4.900;5.000;5.100;5.200;5.300;5.400;5.500;5.600;5.700;5.800;5.900;6.000;6.100;6.200;6.300;6.400;6.500;6.600;6.700;6.800;6.900;7.000;
7.000;;;;;;;;;;;;;;;;;;;;;;;;;;;;;;;;;;;;;;;;;;;;;;;;;;;;;;;;;;;;;;;;;;;;;;;;;;;;;;;;;;;;;;;;;;;;;;;;;;;;;;;;;;;;;;;;;;;;;;;;;;;;;;;;;;;;;;;;;;;;;;
6.900;;;;;;;;;;;;;;;;;;;;;;;;;;;;;;;;;;;;;;;;;;;;;;;;;;;;;;;;;;;;;;;;;;;;;;;;;;;;;;;;;;;;;;;;;;;;;;;;;;;;;;;;;;;;;;;;;;;;;;;;;;;;;;;;;;;;;;;;;;;;;;
6.800;;;;;;;;;;;;;;;;;;;;;;;;;;;;;;;;;;;;;;;;;;;;;;;;;;;;;;;;;;;;;;;;;;;;;;;;;;;;;;;;;;;;;;;;;;;;;;;;;;;;;;;;;;;;;;;;;;;;;;;;;;;;;;;;;;;;;;;;;;;;;;
6.700;;;;;;;;;;;;;;;;;;;;;;;;;;;;;;;;;;;;;;;;;;;;;;;;;;;;;;;;;;;;;;;;;;;;;;;;;;;;;;;;;;;;;;;;;;;;;;;;;;;;;;;;;;;;;;;;;;;;;;;;;;;;;;;;;;;;;;;;;;;;;;
6.600;;;;;;;;;;;;;;;;;;;;;;;;;;;;;;;;;;;;;;;;;;;;;;;;;;;;;;;;;;;;;;;;;;;;;;;;;;;;;;;;;;;;;;;;;;;;;;;;;;;;;;;;;;;;;;;;;;;;;;;;;;;;;;;;;;;;;;;;;;;;;;
6.500;;;;;;;;;;;;;;;;;;;;;;;;;;;;;;;;;;;;;;;;;;;;;;;;;;;;;;;;;;;;;;;;;;;;;;;;;;;;;;;;;;;;;;;;;;;;;;;;;;;;;;;;;;;;;;;;;;;;;;;;;;;;;;;;;;;;;;;;;;;;;;
6.400;;;;;;;;;;;;;;;;;;;;;;;;;;;;;;;;;;;;;;;;;;;;;;;;;;;;;;;;;;;;;;;;;;;;;;;;;;;;;;;;;;;;;;;;;;;;;;;;;;;;;;;;;;;;;;;;;;;;;;;;;;;;;;;;;;;;;;;;;;;;;;
6.300;;;;;;;;;;;;;;;;;;;;;;;;;;;;;;;;;;;;;;;;;;;;;;;;;;;;;;;;;;;;;;;;;;;;;;;;;;;;;;;;;;;;;;;;;;;;;;;;;;;;;;;;;;;;;;;;;;;;;;;;;;;;;;;;;;;;;;;;;;;;;;
6.200;;;;;;;;;;;;;;;;;;;;;;;;;;;;;;;;;;;;;;;;;;;;;;;;;;;;;;;;;;;;;;;;;;;;;;;;;;;;;;;;;;;;;;;;;;;;;;;;;;;;;;;;;;;;;;;;;;;;;;;;;;;;;;;;;;;;;;;;;;;;;;
6.100;;;;;;;;;;;;;;;;;;;;;;;;;;;;;;;;;;;;;;;;;;;;;;;;;;;;;;;;;;;;;;;;;;;;;;;;;;;;;;;;;;;;;;;;;;;;;;;;;;;;;;;;;;;;;;;;;;;;;;;;;;;;;;;;;;;;;;;;;;;;;;
6.000;;;;;;;;;;;;;;;;;;;;;;;;;;;;;;;;;;;;;;;;;;;;;;;;;;;;;;;;;;;;;;;;;;;;;;;;;;;;;;;;;;;;;;;;;;;;;;;;;;;;;;;;;;;;;;;;;;;;;;;;;;;;;;;;;;;;;;;;;;;;;;
5.900;;;;;;;;;;;;;;;;;;;;;;;;;;;;;;;;;;;;;;;;;;;;;;;;;;;;;;;;;;;;;;;;;;;;;;;;;;;;;;;;;;;;;;;;;;;;;;;;;;;;;;;;;;;;;;;;;;;;;;;;;;;;;;;;;;;;;;;;;;;;;;
5.800;;;;;;;;;;;;;;;;;;;;;;;;;;;;;;;;;;;;;;;;;;;;;;;;;;;;;;;;;;;;;;;;;;;;;;;;;;;;;;;;;;;;;;;;;;;;;;;;;;;;;;;;;;;;;;;;;;;;;;;;;;;;;;;;;;;;;;;;;;;;;;
5.700;;;;;;;;;;;;;;;;;;;;;;;;;;;;;;;;;;;;;;;;;;;;;;;;;;;;;;;;;;;;;;;;;;;;;;;;;;;;;;;;;;;;;;;;;;;;;;;;;;;;;;;;;;;;;;;;;;;;;;;;;;;;;;;;;;;;;;;;;;;;;;
5.600;;;;;;;;;;;;;;;;;;;;;;;;;;;;;;;;;;;;;;;;;;;;;;;;;;;;;;;;;;;;;;;;;;;;;;;;;;;;;;;;;;;;;;;;;;;;;;;;;;;;;;;;;;;;;;;;;;;;;;;;;;;;;;;;;;;;;;;;;;;;;;
5.500;;;;;;;;;;;;;;;;;;;;;;;;;;;;;;;;;;;;;;;;;;;;;;;;;;;;;;;;;;;;;;;;;;;;;;;;;;;;;;;;;;;;;;;;;;;;;;;;;;;;;;;;;;;;;;;;;;;;;;;;;;;;;;;;;;;;;;;;;;;;;;
5.400;;;;;;;;;;;;;;;;;;;;;;;;;;;;;;;;;;;;;;;;;;;;;;;;;;;;;;;;;;;;;;;;;;;;;;;;;;;;;;;;;;;;;;;;;;;;;;;;;;;;;;;;;;;;;;;;;;;;;;;;;;;;;;;;;;;;;;;;;;;;;;
5.300;;;;;;;;;;;;;;;;;;;;;;;;;;;;;;;;;;;;;;;;;;;;;;;;;;;;;;;;;;;;;;;;;;;;;;;;;;;;;;;;;;;;;;;;;;;;;;;;;;;;;;;;;;;;;;;;;;;;;;;;;;;;;;;;;;;;;;;;;;;;;;
5.200;;;;;;;;;;;;;;;;;;;;;;;;;;;;;;;;;;;;;;;;;;;;;;;;;;;;;;;;;;;;;;;;;;;;;;;;;;;;;;;;;;;;;;;;;;;;;;;;;;;;;;;;;;;;;;;;;;;;;;;;;;;;;;;;;;;;;;;;;;;;;;
5.100;;;;;;;;;;;;;;;;;;;;;;;;;;;;;;;;;;;;;;;;;;;;;;;;;;;;;;;;;;;;;;;;;;;;;;;;;;;;;;;;;;;;;;;;;;;;;;;;;;;;;;;;;;;;;;;;;;;;;;;;;;;;;;;;;;;;;;;;;;;;;;
5.000;;;;;;;;;;;;;;;;;;;;;;;;;;;;;;;;;;;;;;;;;;;;;;;;;;;;;;;;;;;;;;;;;;;;;;;;;;;;;;;;;;;;;;;;;;;;;;;;;;;;;;;;;;;;;;;;;;;;;;;;;;;;;;;;;;;;;;;;;;;;;;
4.900;;;;;;;;;;;;;;;;;;;;;;;;;;;;;;;;;;;;;;;;;;;;;;;;;;;;;;;;;;;;;;;;;;;;;;;;;;;;;;;;;;;;;;;;;;;;;;;;;;;;;;;;;;;;;;;;;;;;;;;;;;;;;;;;;;;;;;;;;;;;;;
4.800;;;;;;;;;;;;;;;;;;;;;;;;;;;;;;;;;;;;;;;;;;;;;;;;;;;;;;;;;;;;;;;;;;;;;;;;;;;;;;;;;;;;;;;;;;;;;;;;;;;;;;;;;;;;;;;;;;;;;;;;;;;;;;;;;;;;;;;;;;;;;;
4.700;;;;;;;;;;;;;;;;;;;;;;;;;;;;;;;;;;;;;;;;;;;;;;;;;;;;;;;;;;;;;;;;;;;;;;;;;;;;;;;;;;;;;;;;;;;;;;;;;;;;;;;;;;;;;;;;;;;;;;;;;;;;;;;;;;;;;;;;;;;;;;
4.600;;;;;;;;;;;;;;;;;;;;;;;;;;;;;;;;;;;;;;;;;;;;;;;;;;;;;;;;;;;;;;;;;;;;;;;;;;;;;;;;;;;;;;;;;;;;;;;;;;;;;;;;;;;;;;;;;;;;;;;;;;;;;;;;;;;;;;;;;;;;;;
4.500;;;;;;;;;;;;;;;;;;;;;;;;;;;;;;;;;;;;;;;;;;;;;;;;;;;;;;;;;;;;;;;;;;;;;;;;;;;;;;;;;;;;;;;;;;;;;;;;;;;;;;;;;;;;;;;;;;;;;;;;;;;;;;;;;;;;;;;;;;;;;;
4.400;;;;;;;;;;;;;;;;;;;;;;;;;;;;;;;;;;;;;;;;;;;;;;;;;;;;;;;;;;;;;;;;;;;;;;;;;;;;;;;;;;;;;;;;;;;;;;;;;;;;;;;;;;;;;;;;;;;;;;;;;;;;;;;;;;;;;;;;;;;;;;
4.300;;;;;;;;;;;;;;;;;;;;;;;;;;;;;;;;;;;;;;;;;;;;;;;;;;;;;;;;;;;;;;;;;;;;;;;;;;;;;;;;;;;;;;;;;;;;;;;;;;;;;;;;;;;;;;;;;;;;;;;;;;;;;;;;;;;;;;;;;;;;;;
4.200;;;;;;;;;;;;;;;;;;;;;;;;;;;;;;;;;;;;;;;;;;;;;;;;;;;;;;;;;;;;;;;;;;;;;;;;;;;;;;;;;;;;;;;;;;;;;;;;;;;;;;;;;;;;;;;;;;;;;;;;;;;;;;;;;;;;;;;;;;;;;;
4.100;;;;;;;;;;;;;;;;;;;;;;;;;;;;;;;;;;;;;;;;;;;;;;;;;;;;;;;;;;;;;;;;;;;;;;;;;;;;;;;;;;;;;;;;;;;;;;;;;;;;;;;;;;;;;;;;;;;;;;;;;;;;;;;;;;;;;;;;;;;;;;
4.000;;;;;;;;;;;;;;;;;;;;;;;;;;;;;;;;;;;;;;;;;;;;;;;;;;;;;;;;;;;;;;;;;;;;1.490962382;1.488458729;1.487661440;1.488572988;1.491199722;1.495551694;1.501642425;1.509488618;1.519109822;1.530528038;1.543767300;1.558853203;1.575812414;1.594672158;1.615459689;1.638201762;1.662924105;1.689650905;1.718404318;;;;;;;;;;;;;;;;;;;;;;;;;;;;;;;;;;;;;;;;;;;;;;;;;;;;;;;;
3.900;;;;;;;;;;;;;;;;;;;;;;;;;;;;;;;;;;;;;;;;;;;;;;;;;;;;;;;;;;;;;;;1.457508397;1.446088286;1.436409102;1.428456581;1.422219998;1.417692285;1.414870103;1.413753859;1.414347666;1.416659254;1.420699813;1.426483789;1.434028625;1.443354445;1.454483705;1.467440787;1.482251572;1.498942976;1.517542465;1.538077564;1.560575356;1.585061987;1.611562182;1.640098788;1.670692342;1.703360677;1.738118575;1.774977470;1.813945194;;;;;;;;;;;;;;;;;;;;;;;;;;;;;;;;;;;;;;;;;;;;;;;;;;;
3.800;;;;;;;;;;;;;;;;;;;;;;;;;;;;;;;;;;;;;;;;;;;;;;;;;;;;;;;;;;;1.452037167;1.433235414;1.416237522;1.401021307;1.387566901;1.375857018;1.365877195;1.357616007;1.351065236;1.346220006;1.343078864;1.341643818;1.341920316;1.343917176;1.347646457;1.353123279;1.360365591;1.369393886;1.380230877;1.392901125;1.407430635;1.423846429;1.442176091;1.462447301;1.484687369;1.508922765;1.535178670;1.563478545;1.593843727;1.626293068;1.660842610;1.697505322;1.736290873;1.777205478;1.820251788;1.865428837;1.912732035;;;;;;;;;;;;;;;;;;;;;;;;;;;;;;;;;;;;;;;;;;;;;;;
3.700;;;;;;;;;;;;;;;;;;;;;;;;;;;;;;;;;;;;;;;;;;;;;;;;;;;;;;;;1.452857870;1.428358067;1.405704924;1.384875697;1.365848799;1.348604084;1.333123122;1.319389472;1.307388949;1.297109864;1.288543237;1.281682983;1.276526052;1.273072533;1.271325705;1.271292041;1.272981158;1.276405715;1.281581257;1.288526009;1.297260624;1.307807880;1.320192341;1.334439984;1.350577794;1.368633342;1.388634350;1.410608247;1.434581731;1.460580350;1.488628090;1.518747010;1.550956897;1.585274977;1.621715669;1.660290396;1.701007447;1.743871902;1.788885604;1.836047179;1.885352104;1.936792791;;;;;;;;;;;;;;;;;;;;;;;;;;;;;;;;;;;;;;;;;;;;;
3.600;;;;;;;;;;;;;;;;;;;;;;;;;;;;;;;;;;;;;;;;;;;;;;;;;;;;;1.473030398;1.442808760;1.414462519;1.387971881;1.363317283;1.340479582;1.319440269;1.300181711;1.282687410;1.266942268;1.252932856;1.240647675;1.230077400;1.221215105;1.214056456;1.208599869;1.204846630;1.202800963;1.202470064;1.203864063;1.206995956;1.211881471;1.218538890;1.226988820;1.237253921;1.249358595;1.263328634;1.279190852;1.296972683;1.316701773;1.338405567;1.362110894;1.387843573;1.415628031;1.445486956;1.477440985;1.511508436;1.547705088;1.586044016;1.626535482;1.669186880;1.714002738;1.760984768;1.810131957;1.861440682;1.914904844;1.970515984;2.028263374;;;;;;;;;;;;;;;;;;;;;;;;;;;;;;;;;;;;;;;;;;
3.500;;;;;;;;;;;;;;;;;;;;;;;;;;;;;;;;;;;;;;;;;;;;;;;;;;;1.476304019;1.442294192;1.410152058;1.379862598;1.351410653;1.324780985;1.299958372;1.276927767;1.255674481;1.236184404;1.218444256;1.202441838;1.188166305;1.175608424;1.164760828;1.155618254;1.148177742;1.142438818;1.138403629;1.136077033;1.135466649;1.136582853;1.139438725;1.144049948;1.150434648;1.158613195;1.168607959;1.180443019;1.194143846;1.209736948;1.227249506;1.246708981;1.268142733;1.291577626;1.317039659;1.344553609;1.374142704;1.405828340;1.439629830;1.475564213;1.513646107;1.553887629;1.596298363;1.640885387;1.687653347;1.736604577;1.787739244;1.841055509;1.896549678;1.954216323;2.014048333;2.076036871;;;;;;;;;;;;;;;;;;;;;;;;;;;;;;;;;;;;;;;;
3.400;;;;;;;;;;;;;;;;;;;;;;;;;;;;;;;;;;;;;;;;;;;;;;;;;1.488750350;1.451042295;1.415181451;1.381157683;1.348960739;1.318580132;1.290005080;1.263224516;1.238227157;1.215001623;1.193536608;1.173821088;1.155844553;1.139597271;1.125070549;1.112257005;1.101150832;1.091748042;1.084046691;1.078047068;1.073751859;1.071166254;1.070298019;1.071157520;1.073757687;1.078113939;1.084244055;1.092167992;1.101907669;1.113486701;1.126930101;1.142263960;1.159515092;1.178710678;1.199877895;1.223043555;1.248233746;1.275473509;1.304786524;1.336194851;1.369718701;1.405376265;1.443183594;1.483154534;1.525300722;1.569631636;1.616154696;1.664875405;1.715797527;1.768923274;1.824253491;1.881787807;1.941524727;2.003461619;2.067594561;;;;;;;;;;;;;;;;;;;;;;;;;;;;;;;;;;;;;;;
3.300;;;;;;;;;;;;;;;;;;;;;;;;;;;;;;;;;;;;;;;;;;;;;;;1.510044417;1.468748980;1.429269533;1.391599926;1.355734391;1.321667216;1.289392482;1.258903884;1.230194633;1.203257424;1.178084480;1.154667649;1.132998562;1.113068828;1.094870272;1.078395190;1.063636620;1.050588628;1.039246574;1.029607379;1.021669764;1.015434457;1.010904379;1.008084769;1.006983285;1.007610040;1.009977602;1.014100932;1.019997283;1.027686042;1.037188534;1.048527780;1.061728224;1.076815430;1.093815753;1.112756002;1.133663087;1.156563685;1.181483895;1.208448935;1.237482853;1.268608281;1.301846229;1.337215935;1.374734761;1.414418155;1.456279665;1.500331011;1.546582214;1.595041758;1.645716797;1.698613371;1.753736622;1.811090977;1.870680278;1.932507803;1.996576159;2.062886971;2.131440326;;;;;;;;;;;;;;;;;;;;;;;;;;;;;;;;;;;;;
3.200;;;;;;;;;;;;;;;;;;;;;;;;;;;;;;;;;;;;;;;;;;;;;1.539859290;1.495098269;1.452115584;1.410907038;1.371469851;1.333802099;1.297902224;1.263768635;1.231399398;1.200792010;1.171943262;1.144849181;1.119505053;1.095905504;1.074044652;1.053916297;1.035514157;1.018832135;1.003864592;0.990606648;0.979054460;0.969205509;0.961058849;0.954615347;0.949877872;0.946851457;0.945543411;0.945963385;0.948123387;0.952037748;0.957723039;0.965197938;0.974483051;0.985600698;0.998574653;1.013429864;1.030192145;1.048887855;1.069543566;1.092185745;1.116840429;1.143532938;1.172287605;1.203127546;1.236074475;1.271148567;1.308368380;1.347750830;1.389311227;1.433063375;1.479019711;1.527191506;1.577589088;1.630222090;1.685099695;1.742230855;1.801624454;1.863289368;1.927234403;1.993468025;2.061997854;2.132829838;2.205967031;;;;;;;;;;;;;;;;;;;;;;;;;;;;;;;;;;;
3.100;;;;;;;;;;;;;;;;;;;;;;;;;;;;;;;;;;;;;;;;;;;1.577897631;1.529789414;1.483422131;1.438790334;1.395891564;1.354725566;1.315293566;1.277597629;1.241640112;1.207423208;1.174948586;1.144217137;1.115228803;1.087982504;1.062476137;1.038706660;1.016670231;0.996362404;0.977778369;0.960913221;0.945762257;0.932321276;0.920586885;0.910556794;0.902230090;0.895607493;0.890691567;0.887486903;0.886000250;0.886240605;0.888219248;0.891949729;0.897447803;0.904731322;0.913820072;0.924735578;0.937500865;0.952140191;0.968678762;0.987142423;1.007557350;1.029949735;1.054345491;1.080769972;1.109247719;1.139802250;1.172455889;1.207229645;1.244143151;1.283214660;1.324461097;1.367898179;1.413540580;1.461402151;1.511496171;1.563835624;1.618433471;1.675302904;1.734457540;1.795911533;1.859679536;1.925776490;1.994217166;2.065015389;2.138182878;2.213727613;;;;;;;;;;;;;;;;;;;;;;;;;;;;;;;;;;
3.000;;;;;;;;;;;;;;;;;;;;;;;;;;;;;;;;;;;;;;;;;;1.572570917;1.522924614;1.474980049;1.428731255;1.384176353;1.341316610;1.300155560;1.260698209;1.222950331;1.186917862;1.152606405;1.120020834;1.089165008;1.060041584;1.032651926;1.006996103;0.983072957;0.960880254;0.940414877;0.921673079;0.904650763;0.889343786;0.875748283;0.863860982;0.853679521;0.845202743;0.838430966;0.833366219;0.830012442;0.828375641;0.828463995;0.830287910;0.833860029;0.839195183;0.846310302;0.855224270;0.865957746;0.878532942;0.892973373;0.909303587;0.927548866;0.947734938;0.969887675;0.994032809;1.020195668;1.048400937;1.078672457;1.111033073;1.145504528;1.182107413;1.220861186;1.261784238;1.304894032;1.350207292;1.397740242;1.447508885;1.499529305;1.553817972;1.610392023;1.669269501;1.730469492;1.794012146;1.859918500;1.928210077;1.998908160;2.072032698;2.147600731;2.225624254;;;;;;;;;;;;;;;;;;;;;;;;;;;;;;;;;
2.900;;;;;;;;;;;;;;;;;;;;;;;;;;;;;;;;;;;;;;;;;1.570427667;1.519257435;1.469755753;1.421914704;1.375731694;1.331208364;1.288349568;1.247162421;1.207655438;1.169837777;1.133718594;1.099306508;1.066609179;1.035633006;1.006382922;0.978862295;0.953072922;0.929015105;0.906687794;0.886088801;0.867215055;0.850062899;0.834628407;0.820907726;0.808897408;0.798594748;0.789998090;0.783107128;0.777923154;0.774449278;0.772690605;0.772654357;0.774349950;0.777789017;0.782985382;0.789954979;0.798715731;0.809287381;0.821691284;0.835950175;0.852087906;0.870129166;0.890099201;0.912023522;0.935927640;0.961836806;0.989775787;1.019768681;1.051838769;1.086008431;1.122299105;1.160731322;1.201324792;1.244098556;1.289071201;1.336261117;1.385686799;1.437367180;1.491321961;1.547571932;1.606139235;1.667047553;1.730322163;1.795989814;1.864078372;1.934616154;2.007630888;2.083148213;2.161189602;2.241769635;;;;;;;;;;;;;;;;;;;;;;;;;;;;;;;;
2.800;;;;;;;;;;;;;;;;;;;;;;;;;;;;;;;;;;;;;;;1.625846894;1.571492999;1.518801333;1.467752606;1.418335422;1.370545057;1.324382257;1.279852069;1.236962741;1.195724712;1.156149697;1.118249889;1.082037280;1.047523098;1.014717370;0.983628602;0.954263567;0.926627208;0.900722626;0.876551165;0.854112566;0.833405185;0.814426266;0.797172251;0.781639117;0.767822728;0.755719192;0.745325213;0.736638424;0.729657695;0.724383406;0.720817691;0.718964622;0.718830357;0.720423228;0.723753784;0.728834779;0.735681103;0.744309679;0.754739303;0.766990452;0.781085058;0.797046260;0.814898136;0.834665426;0.856373259;0.880046889;0.905711452;0.933391746;0.963112060;0.994896039;1.028766604;1.064745935;1.102855508;1.143116206;1.185548484;1.230172604;1.277008911;1.326078165;1.377401892;1.431002750;1.486904877;1.545134196;1.605718636;1.668688236;1.734075064;1.801912917;1.872236710;1.945081500;2.020481046;2.098465812;2.179060309;2.262279653;;;;;;;;;;;;;;;;;;;;;;;;;;;;;;;
2.700;;;;;;;;;;;;;;;;;;;;;;;;;;;;;;;;;;;;;;1.631689214;1.575813473;1.521590089;1.468993155;1.418006194;1.368620857;1.320835609;1.274654442;1.230085633;1.187140585;1.145832768;1.106176762;1.068187424;1.031879189;0.997265483;0.964358277;0.933167758;0.903702118;0.875967455;0.849967769;0.825705055;0.803179466;0.782389549;0.763332529;0.746004635;0.730401458;0.716518319;0.704350644;0.693894333;0.685146117;0.678103876;0.672766942;0.669136345;0.667215026;0.667007995;0.668522437;0.671767765;0.676755625;0.683499839;0.692016311;0.702322881;0.714439140;0.728386217;0.744186536;0.761863557;0.781441509;0.802945124;0.826399378;0.851829260;0.879259560;0.908714701;0.940218621;0.973794699;1.009465747;1.047254070;1.087181579;1.129269980;1.173541023;1.220016805;1.268720117;1.319674826;1.372906271;1.428441637;1.486310304;1.546544101;1.609177455;1.674247363;1.741793135;1.811855849;1.884477432;1.959699286;2.037560368;2.118094607;2.201327545;2.287272073;;;;;;;;;;;;;;;;;;;;;;;;;;;;;;
2.600;;;;;;;;;;;;;;;;;;;;;;;;;;;;;;;;;;;;;1.640889766;1.583455929;1.527676846;1.473518328;1.420957189;1.369979890;1.320581153;1.272762558;1.226531190;1.181898337;1.138878283;1.097487208;1.057742201;1.019660407;0.983258299;0.948551094;0.915552292;0.884273346;0.854723458;0.826909483;0.800835936;0.776505093;0.753917172;0.733070584;0.713962227;0.696587842;0.680942374;0.667020369;0.654816366;0.644325281;0.635542782;0.628465629;0.623091988;0.619421696;0.617456490;0.617200176;0.618658751;0.621840468;0.626755851;0.633417649;0.641840751;0.652042050;0.664040263;0.677855730;0.693510172;0.711026441;0.730428262;0.751739965;0.774986241;0.800191908;0.827381713;0.856580169;0.887811440;0.921099283;0.956467048;0.993937743;1.033534174;1.075279137;1.119195689;1.165307472;1.213639082;1.264216477;1.317067397;1.372221781;1.429712137;1.489573851;1.551845370;1.616568223;1.683786821;1.753547966;1.825899997;1.900891483;1.978569373;2.058976496;2.142148287;2.228108611;2.316864539;;;;;;;;;;;;;;;;;;;;;;;;;;;;;
2.500;;;;;;;;;;;;;;;;;;;;;;;;;;;;;;;;;;;;1.653549865;1.594505973;1.537132823;1.481386336;1.427234996;1.374658494;1.323646282;1.274196103;1.226312524;1.180005524;1.135289144;1.092180251;1.050697396;1.010859811;0.972686541;0.936195704;0.901403900;0.868325754;0.836973592;0.807357233;0.779483913;0.753358301;0.728982615;0.706356819;0.685478886;0.666345119;0.648950515;0.633289155;0.619354609;0.607140354;0.596640173;0.587848543;0.580761000;0.575374460;0.571687505;0.569700622;0.569416383;0.570839583;0.573977313;0.578838981;0.585436282;0.593783112;0.603895443;0.615791151;0.629489812;0.645012473;0.662381404;0.681619837;0.702751714;0.725801437;0.750793642;0.777753008;0.806704094;0.837671236;0.870678493;0.905749658;0.942908334;0.982178083;1.023582636;1.067146181;1.112893702;1.160851377;1.211047003;1.263510455;1.318274124;1.375373332;1.434846676;1.496736254;1.561087741;1.627950234;1.697375827;1.769418812;1.844134450;1.921577186;2.001798234;2.084842386;2.170743927;2.259521512;2.351171837;;;;;;;;;;;;;;;;;;;;;;;;;;;;
2.400;;;;;;;;;;;;;;;;;;;;;;;;;;;;;;;;;;;1.669787940;1.609066112;1.550045717;1.492671285;1.436901421;1.382707475;1.330072091;1.278987692;1.229454936;1.181481201;1.135079126;1.090265227;1.047058626;1.005479899;0.965550052;0.927289644;0.890718047;0.855852855;0.822709430;0.791300587;0.761636399;0.733724133;0.707568278;0.683170682;0.660530763;0.639645793;0.620511235;0.603121129;0.587468496;0.573545767;0.561345212;0.550859360;0.542081406;0.535005583;0.529627506;0.525944462;0.523955670;0.523662465;0.525068447;0.528179566;0.533004144;0.539552856;0.547838648;0.557876616;0.569683837;0.583279169;0.598683026;0.615917128;0.635004245;0.655967948;0.678832358;0.703621926;0.730361243;0.759074880;0.789787296;0.822522781;0.857305486;0.894159497;0.933109004;0.974178523;1.017393196;1.062779155;1.110363937;1.160176939;1.212249900;1.266617373;1.323317179;1.382390785;1.443883583;1.507845004;1.574328429;1.643390811;1.715091948;1.789493317;1.866656370;1.946640193;2.029498406;2.115275165;2.204000139;2.295682285;2.390302261;;;;;;;;;;;;;;;;;;;;;;;;;;;
2.300;;;;;;;;;;;;;;;;;;;;;;;;;;;;;;;;;;1.689736974;1.627253569;1.566517822;1.507461557;1.450032061;1.394190844;1.339912229;1.287181822;1.235994934;1.186354991;1.138271968;1.091760902;1.046840481;1.003531754;0.961856965;0.921838524;0.883498129;0.846856027;0.811930427;0.778737063;0.747288882;0.717595869;0.689664995;0.663500269;0.639102885;0.616471458;0.595602324;0.576489898;0.559127075;0.543505660;0.529616807;0.517451468;0.507000833;0.498256743;0.491212086;0.485861144;0.482199906;0.480226322;0.479940512;0.481344914;0.484444373;0.489246177;0.495760036;0.503998002;0.513974355;0.525705433;0.539209433;0.554506186;0.571616908;0.590563947;0.611370529;0.634060510;0.658658161;0.685187969;0.713674496;0.744142271;0.776615758;0.811119378;0.847677600;0.886315116;0.927057078;0.969929418;1.014959223;1.062175173;1.111608026;1.163291123;1.217260895;1.273557353;1.332224505;1.393310676;1.456868682;1.522955783;1.591633372;1.662966309;1.737021825;1.813867892;1.893570966;1.976192967;2.061787381;2.150394330;2.242034451;2.336701422;2.434352924;;;;;;;;;;;;;;;;;;;;;;;;;;
2.200;;;;;;;;;;;;;;;;;;;;;;;;;;;;;;;;;;1.649197769;1.586663883;1.525857949;1.466714685;1.409184388;1.353231615;1.298833694;1.245979144;1.194666038;1.144900378;1.096694498;1.050065551;1.005034084;0.961622733;0.919855059;0.879754514;0.841343567;0.804642977;0.769671214;0.736444034;0.704974185;0.675271251;0.647341613;0.621188523;0.596812274;0.574210448;0.553378244;0.534308852;0.516993871;0.501423758;0.487588288;0.475477016;0.465079730;0.456386883;0.449389995;0.444082017;0.440457649;0.438513607;0.438248834;0.439664656;0.442764878;0.447555818;0.454046289;0.462247525;0.472173063;0.483838572;0.497261657;0.512461629;0.529459256;0.548276509;0.568936304;0.591462257;0.615878464;0.642209309;0.670479314;0.700713046;0.732935080;0.767170030;0.803442649;0.841778012;0.882201768;0.924740470;0.969421975;1.016275900;1.065334130;1.116631354;1.170205604;1.226098776;1.284357097;1.345031482;1.408177759;1.473856680;1.542133664;1.613078201;1.686762819;1.763261540;1.842647692;1.924990983;2.010353693;2.098785841;2.190319173;2.284959792;2.382679240;2.483403832;;;;;;;;;;;;;;;;;;;;;;;;;
2.100;;;;;;;;;;;;;;;;;;;;;;;;;;;;;;;;;1.675037498;1.610608671;1.547971599;1.487047441;1.427774096;1.370105045;1.314007954;1.259463135;1.206461917;1.155004970;1.105100655;1.056763404;1.010012190;0.964869099;0.921358019;0.879503479;0.839329622;0.800859339;0.764113553;0.729110662;0.695866122;0.664392178;0.634697725;0.606788290;0.580666127;0.556330405;0.533777482;0.513001248;0.493993521;0.476744485;0.461243153;0.447477845;0.435436666;0.425107972;0.416480815;0.409545355;0.404293234;0.400717901;0.398814887;0.398582020;0.400019587;0.403130425;0.407919965;0.414396211;0.422569664;0.432453203;0.444061911;0.457412878;0.472524966;0.489418560;0.508115305;0.528637850;0.551009600;0.575254492;0.601396801;0.629460998;0.659471649;0.691453386;0.725430943;0.761429263;0.799473688;0.839590227;0.881805900;0.926149151;0.972650332;1.021342231;1.072260636;1.125444910;1.180938545;1.238789670;1.299051455;1.361782382;1.427046315;1.494912301;1.565454035;1.638748905;1.714876516;1.793916588;1.875946112;1.961035641;2.049244549;2.140615125;2.235165310;2.332879902;2.433700003;;;;;;;;;;;;;;;;;;;;;;;;;
2.000;;;;;;;;;;;;;;;;;;;;;;;;;;;;;;;;1.704917700;1.638484266;1.573921676;1.511136876;1.450054455;1.390615696;1.332777357;1.276510217;1.221797500;1.168633199;1.117020391;1.066969553;1.018496939;0.971623043;0.926371168;0.882766126;0.840833073;0.800596506;0.762079406;0.725302538;0.690283915;0.657038400;0.625577457;0.595909036;0.568037575;0.541964118;0.517686523;0.495199761;0.474496274;0.455566393;0.438398796;0.422980984;0.409299777;0.397341805;0.387093988;0.378543989;0.371680638;0.366494315;0.362977275;0.361123934;0.360931085;0.362398057;0.365526818;0.370322006;0.376790913;0.384943405;0.394791797;0.406350679;0.419636711;0.434668386;0.451465772;0.470050249;0.490444247;0.512670992;0.536754280;0.562718284;0.590587406;0.620386181;0.652139248;0.685871391;0.721607653;0.759373536;0.799195276;0.841100206;0.885117186;0.931277105;0.979613439;1.030162836;1.082965729;1.138066925;1.195516150;1.255368506;1.317684783;1.382531590;1.449981215;1.520111152;1.593003220;1.668742160;1.747413614;1.829101371;1.913883743;2.001828931;2.092989213;2.187393798;2.285040139;2.385883504;2.489824587;;;;;;;;;;;;;;;;;;;;;;;;
1.900;;;;;;;;;;;;;;;;;;;;;;;;;;;;;;;1.738985881;1.670427033;1.603832825;1.539095783;1.476126606;1.414853541;1.355221384;1.297190199;1.240733832;1.185838299;1.132500090;1.080724465;1.030523764;0.981915781;0.934922227;0.889567308;0.845876433;0.803875067;0.763587738;0.725037205;0.688243778;0.653224797;0.619994264;0.588562617;0.558936632;0.531119455;0.505110739;0.480906876;0.458501315;0.437884944;0.419046522;0.401973158;0.386650800;0.373064752;0.361200170;0.351042555;0.342578220;0.335794717;0.330681225;0.327228885;0.325431085;0.325283676;0.326785134;0.329936658;0.334742204;0.341208459;0.349344760;0.359162961;0.370677260;0.383903978;0.398861321;0.415569117;0.434048544;0.454321861;0.476412152;0.500343096;0.526138769;0.553823493;0.583421744;0.614958121;0.648457394;0.683944619;0.721445351;0.760985930;0.802593855;0.846298235;0.892130309;0.940124030;0.990316679;1.042749508;1.097468367;1.154524290;1.213973996;1.275880254;1.340312066;1.407344587;1.477058720;1.549540304;1.624878781;1.703165266;1.784489871;1.868938177;1.956586692;2.047497150;2.141709464;2.239233156;2.340037046;2.444036989;2.551081399;;;;;;;;;;;;;;;;;;;;;;;
1.800;;;;;;;;;;;;;;;;;;;;;;;;;;;;;;;1.706574231;1.637832337;1.571040818;1.506096353;1.442913658;1.381424797;1.321578133;1.263337017;1.206678269;1.151590546;1.098072638;1.046131754;0.995781832;0.947041920;0.899934648;0.854484815;0.810718120;0.768660027;0.728334798;0.689764680;0.652969250;0.617964922;0.584764596;0.553377463;0.523808932;0.496060682;0.470130824;0.446014159;0.423702512;0.403185135;0.384449162;0.367480095;0.352262320;0.338779628;0.327015725;0.316954739;0.308581687;0.301882913;0.296846482;0.293462513;0.291723464;0.291624356;0.293162925;0.296339717;0.301158122;0.307624337;0.315747285;0.325538471;0.337011800;0.350183353;0.365071138;0.381694818;0.400075434;0.420235128;0.442196882;0.465984281;0.491621310;0.519132207;0.548541359;0.579873285;0.613152673;0.648404514;0.685654316;0.724928401;0.766254295;0.809661194;0.855180510;0.902846472;0.952696775;1.004773250;1.059122532;1.115796685;1.174853746;1.236358149;1.300380949;1.366999816;1.436298686;1.508367022;1.583298557;1.661189443;1.742135660;1.826229583;1.913555530;2.004184166;2.098165563;2.195520738;2.296231465;2.400228122;2.507375354;;;;;;;;;;;;;;;;;;;;;;;
1.700;;;;;;;;;;;;;;;;;;;;;;;;;;;;;;1.747060212;1.676046982;1.607089883;1.540071988;1.474894433;1.411476130;1.349753045;1.289677113;1.231214901;1.174346078;1.119061765;1.065362837;1.013258205;0.962763139;0.913897656;0.866685012;0.821150304;0.777319226;0.735216953;0.694867204;0.656291449;0.619508284;0.584532962;0.551377076;0.520048379;0.490550745;0.462884243;0.437045323;0.413027097;0.390819691;0.370410671;0.351785514;0.334928110;0.319821292;0.306447366;0.294788637;0.284827918;0.276549010;0.269937136;0.264979344;0.261664839;0.259985267;0.259934933;0.261510957;0.264713358;0.269545082;0.276011962;0.284122623;0.293888335;0.305322818;0.318442011;0.333263812;0.349807800;0.368094944;0.388147324;0.409987861;0.433640067;0.459127850;0.486475352;0.515706851;0.546846739;0.579919568;0.614950184;0.651963951;0.690987058;0.732046924;0.775172682;0.820395743;0.867750423;0.917274621;0.969010521;1.023005298;1.079311780;1.137989043;1.199102880;1.262726085;1.328938502;1.397826746;1.469483529;1.544006480;1.621496374;1.702054625;1.785779942;1.872763976;1.963085819;2.056805170;2.153953985;2.254526399;2.358466695;2.465655088;2.575891040;;;;;;;;;;;;;;;;;;;;;;
1.600;;;;;;;;;;;;;;;;;;;;;;;;;;;;;;1.718599452;1.647359194;1.578161891;1.510895590;1.445466087;1.381796605;1.319827037;1.259512849;1.200823717;1.143742000;1.088261092;1.034383721;0.982120252;0.931487016;0.882504723;0.835196972;0.789588879;0.745705852;0.703572516;0.663211788;0.624644122;0.587886912;0.552954050;0.519855635;0.488597824;0.459182819;0.431608964;0.405870957;0.381960149;0.359864923;0.339571133;0.321062594;0.304321598;0.289329458;0.276067048;0.264515335;0.254655899;0.246471413;0.239946086;0.235066059;0.231819742;0.230198092;0.230194830;0.231806586;0.235032986;0.239876659;0.246343200;0.254441059;0.264181386;0.275577823;0.288646269;0.303404600;0.319872390;0.338070604;0.358021312;0.379747410;0.403272369;0.428620023;0.455814413;0.484879686;0.515840067;0.548719914;0.583543854;0.620337013;0.659125340;0.699936020;0.742797975;0.787742455;0.834803682;0.884019563;0.935432420;0.989089734;1.045044851;1.103357617;1.164094902;1.227330939;1.293147428;1.361633326;1.432884239;1.507001320;1.584089571;1.664255429;1.747603500;1.834232308;1.924228885;2.017662047;2.114574145;2.214971099;2.318810487;2.425987441;2.536318091;;;;;;;;;;;;;;;;;;;;;;
1.500;;;;;;;;;;;;;;;;;;;;;;;;;;;;;1.765604332;1.691959982;1.620471838;1.551016022;1.483485793;1.417791741;1.353861452;1.291638724;1.231082463;1.172165323;1.114872176;1.059198476;1.005148572;0.952734026;0.901971972;0.852883541;0.805492406;0.759823438;0.715901507;0.673750435;0.633392112;0.594845762;0.558127382;0.523249325;0.490220047;0.459043976;0.429721531;0.402249245;0.376619999;0.352823342;0.330845891;0.310671787;0.292283200;0.275660863;0.260784621;0.247633983;0.236188663;0.226429101;0.218336952;0.211895521;0.207090167;0.203908632;0.202341317;0.202381493;0.204025439;0.207272514;0.212125170;0.218588888;0.226672066;0.236385849;0.247743913;0.260762209;0.275458686;0.291852983;0.309966131;0.329820240;0.351438219;0.374843519;0.400059912;0.427111330;0.456021765;0.486815237;0.519515855;0.554147955;0.590736340;0.629306612;0.669885600;0.712501883;0.757186392;0.803973089;0.852899701;0.904008489;0.957347022;1.012968929;1.070934581;1.131311658;1.194175550;1.259609515;1.327704537;1.398558785;1.472276583;1.548966791;1.628740475;1.711707723;1.797973494;1.887632296;1.980761565;2.077413523;2.177605315;2.281307211;2.388428620;2.498801647;2.612161931;;;;;;;;;;;;;;;;;;;;;
1.400;;;;;;;;;;;;;;;;;;;;;;;;;;;;;1.740994726;1.667101965;1.595351357;1.525624868;1.457821122;1.391855583;1.327660189;1.265182581;1.204384989;1.145242883;1.087743454;1.031883996;0.977670242;0.925114705;0.874235059;0.825052606;0.777590837;0.731874131;0.687926584;0.645770999;0.605428028;0.566915482;0.530247789;0.495435621;0.462485658;0.431400499;0.402178699;0.374814919;0.349300181;0.325622216;0.303765876;0.283713611;0.265445986;0.248942229;0.234180787;0.221139890;0.209798097;0.200134817;0.192130800;0.185768576;0.181032850;0.177910833;0.176392507;0.176470830;0.178141867;0.181404851;0.186262184;0.192719363;0.200784856;0.210469917;0.221788357;0.234756282;0.249391792;0.265714673;0.283746076;0.303508202;0.325024012;0.348316954;0.373410745;0.400329202;0.429096137;0.459735330;0.492270585;0.526725881;0.563125613;0.601494936;0.641860214;0.684249548;0.728693412;0.775225346;0.823882726;0.874707564;0.927747316;0.983055679;1.040693314;1.100728469;1.163237428;1.228304734;1.296023103;1.366492955;1.439821458;1.516120984;1.595506855;1.678094255;1.763994156;1.853308099;1.946121667;2.042496440;2.142460243;2.245995453;2.353025116;2.463396631;2.576862689;;;;;;;;;;;;;;;;;;;;;
1.300;;;;;;;;;;;;;;;;;;;;;;;;;;;;1.794552837;1.718143261;1.643991157;1.571969228;1.501965459;1.433883934;1.367644999;1.303184903;1.240455026;1.179420779;1.120060268;1.062362800;1.006327285;0.951960603;0.899275973;0.848291367;0.799028010;0.751508981;0.705757938;0.661797992;0.619650728;0.579335382;0.540868187;0.504261865;0.469525282;0.436663248;0.405676452;0.376561529;0.349311230;0.323914708;0.300357878;0.278623850;0.258693425;0.240545621;0.224158231;0.209508393;0.196573157;0.185330033;0.175757520;0.167835589;0.161546126;0.156873321;0.153803990;0.152327837;0.152437649;0.154129414;0.157402375;0.162259015;0.168704972;0.176748900;0.186402275;0.197679146;0.210595861;0.225170757;0.241423831;0.259376414;0.279050844;0.300470160;0.323657832;0.348637524;0.375432927;0.404067652;0.434565200;0.466949019;0.501242665;0.537470045;0.575655778;0.615825650;0.658007170;0.702230216;0.748527763;0.796936678;0.847498546;0.900260529;0.955276191;1.012606274;1.072319366;1.134492408;1.199210969;1.266569231;1.336669579;1.409621720;1.485541211;1.564547290;1.646759864;1.732295525;1.821262425;1.913753836;2.009840207;2.109559510;2.212905650;2.319814689;2.430148633;2.543676481;;;;;;;;;;;;;;;;;;;;;
1.200;;;;;;;;;;;;;;;;;;;;;;;;;;;;1.773673521;1.697015685;1.622598539;1.550301546;1.480018822;1.411659937;1.345150090;1.280429754;1.217453918;1.156191009;1.096621578;1.038736835;0.982537083;0.928030115;0.875229623;0.824153644;0.774823102;0.727260442;0.681488401;0.637528912;0.595402170;0.555125841;0.516714444;0.480178879;0.445526112;0.412759010;0.381876300;0.352872660;0.325738925;0.300462383;0.277027158;0.255414663;0.235604106;0.217573032;0.201297888;0.186754602;0.173919154;0.162768125;0.153279227;0.145431788;0.139207186;0.134589234;0.131564496;0.130122540;0.130256119;0.131961282;0.135237414;0.140087207;0.146516561;0.154534432;0.164152617;0.175385504;0.188249766;0.202764051;0.218948634;0.236825076;0.256415891;0.277744227;0.300833583;0.325707577;0.352389763;0.380903524;0.411272043;0.443518369;0.477665565;0.513736980;0.551756606;0.591749554;0.633742628;0.677764990;0.723848915;0.772030611;0.822351085;0.874857033;0.929601707;0.986645736;1.046057847;1.107915416;1.172304812;1.239321433;1.309069369;1.381660584;1.457213525;1.535851020;1.617697358;1.702874379;1.791496441;1.883664072;1.979456114;2.078920169;2.182061105;2.288827380;2.399094926;2.512648304;2.629158825;;;;;;;;;;;;;;;;;;;;
1.100;;;;;;;;;;;;;;;;;;;;;;;;;;;1.833752614;1.754492104;1.677583226;1.602899957;1.530328644;1.459769572;1.391137783;1.324363251;1.259390556;1.196178144;1.134697276;1.074930750;1.016871464;0.960520891;0.905887515;0.852985272;0.801832051;0.752448263;0.704855526;0.659075468;0.615128684;0.573033824;0.532806857;0.494460477;0.458003671;0.423441439;0.390774652;0.360000044;0.331110334;0.304094444;0.278937824;0.255622853;0.234129307;0.214434876;0.196515718;0.180347037;0.165903657;0.153160608;0.142093668;0.132679897;0.124898113;0.118729327;0.114157116;0.111167932;0.109751345;0.109900214;0.111610781;0.114882701;0.119718996;0.126125944;0.134112906;0.143692106;0.154878351;0.167688724;0.182142249;0.198259534;0.216062419;0.235573626;0.256816431;0.279814378;0.304591033;0.331169798;0.359573806;0.389825885;0.421948631;0.455964561;0.491896390;0.529767405;0.569601951;0.611426022;0.655267954;0.701159199;0.749135178;0.799236177;0.851508274;0.906004249;0.962784448;1.021917550;1.083481177;1.147562286;1.214257271;1.283671690;1.355919511;1.431121793;1.509404663;1.590896466;1.675723944;1.764007282;1.855853841;1.951350404;2.050553698;2.153478998;2.260086543;2.370265514;2.483815281;2.600423619;;;;;;;;;;;;;;;;;;;;
1.000;;;;;;;;;;;;;;;;;;;;;;;;;;;1.816470001;1.736980916;1.659822283;1.584875800;1.512034746;1.441205568;1.372308712;1.305278823;1.240064442;1.176627302;1.114941305;1.054991291;0.996771634;0.940284759;0.885539623;0.832550203;0.781334032;0.731910821;0.684301182;0.638525478;0.594602816;0.552550183;0.512381741;0.474108275;0.437736794;0.403270282;0.370707591;0.340043455;0.311268642;0.284370192;0.259331763;0.236134050;0.214755264;0.195171666;0.177358129;0.161288719;0.146937279;0.134278011;0.123286024;0.113937857;0.106211961;0.100089116;0.095552804;0.092589503;0.091188924;0.091344158;0.093051772;0.096311811;0.101127741;0.107506324;0.115457430;0.124993793;0.136130723;0.148885782;0.163278429;0.179329657;0.197061619;0.216497272;0.237660041;0.260573516;0.285261205;0.311746343;0.340051785;0.370199968;0.402212985;0.436112754;0.471921289;0.509661096;0.549355669;0.591030104;0.634711809;0.680431305;0.728223108;0.778126661;0.830187290;0.884457162;0.940996191;0.999872846;1.061164824;1.124959487;1.191354030;1.260455265;1.332378935;1.407248464;1.485193006;1.566344665;1.650834759;1.738788936;1.830320999;1.925525224;2.024466975;2.127171387;2.233609871;2.343684176;2.457207723;2.573883901;;;;;;;;;;;;;;;;;;;;
0.900;;;;;;;;;;;;;;;;;;;;;;;;;;;1.800832191;1.721117797;1.643714142;1.568510696;1.495407670;1.424317613;1.355166273;1.287892828;1.222449616;1.158801471;1.096924741;1.036806098;0.978441181;0.921833162;0.866991266;0.813929314;0.762664300;0.713215064;0.665601057;0.619841239;0.575953109;0.533951889;0.493849851;0.455655809;0.419374751;0.385007624;0.352551251;0.321998384;0.293337867;0.266554905;0.241631426;0.218546514;0.197276906;0.177797532;0.160082087;0.144103617;0.129835109;0.117250066;0.106323060;0.097030251;0.089349853;0.083262559;0.078751888;0.075804481;0.074410315;0.074562846;0.076259078;0.079499563;0.084288318;0.090632686;0.098543133;0.108032984;0.119118125;0.131816653;0.146148516;0.162135130;0.179798993;0.199163318;0.220251683;0.243087728;0.267694892;0.294096225;0.322314273;0.352371046;0.384288091;0.418086669;0.453788034;0.491413844;0.530986667;0.572530618;0.616072088;0.661640575;0.709269590;0.758997623;0.810869138;0.864935566;0.921256257;0.979899340;1.040942433;1.104473149;1.170589312;1.239398800;1.311018929;1.385575266;1.463199741;1.544027949;1.628195475;1.715833096;1.807060670;1.901979543;2.000663233;2.103146198;2.209410413;2.319369511;2.432850195;2.549570605;2.669115325;;;;;;;;;;;;;;;;;;;
0.800;;;;;;;;;;;;;;;;;;;;;;;;;;1.869155511;1.786819419;1.706885841;1.629244706;1.553793258;1.480438579;1.409099221;1.339706102;1.272202769;1.206545179;1.142701071;1.080649037;1.020377376;0.961882790;0.905168995;0.850245296;0.797125178;0.745824931;0.696362372;0.648755658;0.603022228;0.559177877;0.517235982;0.477206868;0.439097337;0.402910334;0.368644765;0.336295442;0.305853162;0.277304895;0.250634073;0.225820968;0.202843142;0.181675954;0.162293114;0.144667252;0.128770520;0.114575174;0.102054150;0.091181619;0.081933492;0.074287888;0.068225540;0.063730140;0.060788616;0.059391336;0.059532234;0.061208868;0.064422394;0.069177478;0.075482132;0.083347494;0.092787553;0.103818826;0.116459999;0.130731549;0.146655343;0.164254247;0.183551742;0.204571564;0.227337394;0.251872590;0.278199994;0.306341812;0.336319591;0.368154289;0.401866458;0.437476541;0.475005281;0.514474258;0.555906534;0.599327410;0.644765278;0.692252561;0.741826707;0.793531222;0.847416705;0.903541834;0.961974282;1.022791469;1.086081123;1.151941550;1.220481537;1.291819795;1.366083833;1.443408138;1.523931542;1.607793618;1.695129946;1.786066081;1.880710021;1.979142969;2.081408170;2.187497555;2.297335953;2.410762565;2.527509399;2.647176333;;;;;;;;;;;;;;;;;;;
0.700;;;;;;;;;;;;;;;;;;;;;;;;;;1.856938832;1.774417538;1.694273144;1.616404265;1.540715857;1.467121774;1.395546437;1.325925767;1.258207507;1.192351036;1.128326799;1.066115429;1.005706651;0.947098032;0.890293647;0.835302707;0.782138193;0.730815547;0.681351433;0.633762599;0.588064869;0.544272260;0.502396245;0.462445167;0.424423794;0.388333030;0.354169753;0.321926799;0.291593058;0.263153687;0.236590421;0.211881963;0.189004452;0.167931977;0.148637137;0.131091624;0.115266819;0.101134374;0.088666795;0.077837980;0.068623726;0.061002184;0.054954256;0.050463931;0.047518542;0.046108963;0.046229713;0.047879000;0.051058682;0.055774154;0.062034172;0.069850615;0.079238191;0.090214097;0.102797648;0.117009877;0.132873127;0.150410643;0.169646175;0.190603617;0.213306678;0.237778616;0.264042038;0.292118784;0.322029899;0.353795709;0.387436015;0.422970393;0.460418624;0.499801241;0.541140195;0.584459632;0.629786776;0.677152894;0.726594323;0.778153536;0.831880218;0.887832298;0.946076897;1.006691142;1.069762768;1.135390443;1.203683728;1.274762576;1.348756264;1.425801639;1.506040542;1.589616269;1.676668902;1.767329341;1.861711835;1.959904810;2.061959762;2.167877968;2.277594752;2.390961018;2.507721729;2.627491024;;;;;;;;;;;;;;;;;;;
0.600;;;;;;;;;;;;;;;;;;;;;;;;;;1.846315625;1.763617768;1.683272574;1.605187277;1.529274437;1.455454536;1.383657700;1.313824674;1.245907197;1.179867870;1.115679642;1.053324984;0.992794853;0.934087497;0.877207173;0.822162834;0.768966820;0.717633591;0.668178547;0.620616939;0.574962901;0.531228615;0.489423618;0.449554251;0.411623253;0.375629499;0.341567877;0.309429294;0.279200795;0.250865802;0.224404439;0.199793938;0.177009118;0.156022913;0.136806932;0.119332052;0.103569008;0.089488980;0.077064170;0.066268333;0.057077278;0.049469312;0.043425628;0.038930624;0.035972150;0.034541685;0.034634430;0.036249333;0.039389030;0.044059717;0.050270960;0.058035428;0.067368595;0.078288375;0.090814737;0.104969290;0.120774864;0.138255085;0.157433970;0.178335558;0.200983569;0.225401139;0.251610615;0.279633435;0.309490106;0.341200287;0.374782983;0.410256864;0.447640701;0.486953935;0.528217356;0.571453911;0.616689608;0.663954503;0.713283773;0.764718806;0.818308317;0.874109422;0.932188627;0.992622693;1.055499277;1.120917316;1.188987035;1.259829502;1.333575614;1.410364399;1.490340502;1.573650697;1.660439282;1.750842165;1.844979452;1.942946330;2.044802014;2.150556510;2.260154923;2.373459036;2.490225831;2.610082635;2.732498527;;;;;;;;;;;;;;;;;;
0.500;;;;;;;;;;;;;;;;;;;;;;;;;;1.837281155;1.754416459;1.673881559;1.595592187;1.519468355;1.445437002;1.373433767;1.303404018;1.235303282;1.169097178;1.104760952;1.042278719;0.981642479;0.922850985;0.865908519;0.810823632;0.757607890;0.706274666;0.656838005;0.609311587;0.563707805;0.520036974;0.478306678;0.438521256;0.400681437;0.364784105;0.330822206;0.298784780;0.268657106;0.240420956;0.214054939;0.189534923;0.166834519;0.145925622;0.126778976;0.109364763;0.093653201;0.079615125;0.067222557;0.056449232;0.047271092;0.039666715;0.033617696;0.029108944;0.026128926;0.024669816;0.024727581;0.026301981;0.029396499;0.034018189;0.040177472;0.047887854;0.057165600;0.068029367;0.080499793;0.094599073;0.110350521;0.127778138;0.146906199;0.167758866;0.190359851;0.214732141;0.240897790;0.268877805;0.298692122;0.330359693;0.363898695;0.399326853;0.436661893;0.475922127;0.517127154;0.560298686;0.605461480;0.652644355;0.701881292;0.753212563;0.806685879;0.862357505;0.920293293;0.980569585;1.043273908;1.108505395;1.176374853;1.247004360;1.320526306;1.397081749;1.476817946;1.559884924;1.646430925;1.736596537;1.830507335;1.928264809;2.029935356;2.135537075;2.245024126;2.358268322;2.475037691;2.594971628;2.717552322;;;;;;;;;;;;;;;;;;
0.400;;;;;;;;;;;;;;;;;;;;;;;;;;1.829836111;1.746814849;1.666101875;1.587621253;1.511300258;1.437072083;1.364877667;1.294666785;1.226398541;1.160041358;1.095572580;1.032977773;0.972249805;0.913387771;0.856395829;0.801282002;0.748056973;0.696732937;0.647322515;0.599837761;0.554289296;0.510685551;0.469032162;0.429331488;0.391582281;0.355779484;0.321914167;0.289973578;0.259941318;0.231797606;0.205519639;0.181082032;0.158457306;0.137616438;0.118529426;0.101165885;0.085495637;0.071489294;0.059118818;0.048358041;0.039183148;0.031573095;0.025509976;0.020979309;0.017970257;0.016475772;0.016492652;0.018021532;0.021066791;0.025636388;0.031741631;0.039396888;0.048619238;0.059428087;0.071844746;0.085891991;0.101593611;0.118973970;0.138057574;0.158868689;0.181430990;0.205767285;0.231899306;0.259847594;0.289631480;0.321269183;0.354778017;0.390174734;0.427475990;0.466698945;0.507861985;0.550985569;0.596093187;0.643212409;0.692376009;0.743623131;0.797000471;0.852563430;0.910377188;0.970517646;1.033072164;1.098140032;1.165832576;1.236272803;1.309594495;1.385940602;1.465460826;1.548308235;1.634634749;1.724585320;1.818290607;1.915857941;2.017360351;2.122823389;2.232209508;2.345399677;2.462171948;2.582176618;2.704907646;;;;;;;;;;;;;;;;;;
0.300;;;;;;;;;;;;;;;;;;;;;;;;;1.909508120;1.823986325;1.740818825;1.659939456;1.581280399;1.504775975;1.430365401;1.357994686;1.287617788;1.219197167;1.152703839;1.088117050;1.025423633;0.964617154;0.905696903;0.848666784;0.793534178;0.740308797;0.689001584;0.639623683;0.592185493;0.546695844;0.503161292;0.461585541;0.421969008;0.384308520;0.348597145;0.314824150;0.282975083;0.253031960;0.224973550;0.198775753;0.174412044;0.151853976;0.131071723;0.112034664;0.094711965;0.079073174;0.065088795;0.052730841;0.041973350;0.032792850;0.025168772;0.019083795;0.014524125;0.011479697;0.009944299;0.009915617;0.011395207;0.014388381;0.018904029;0.024954370;0.032554642;0.041722744;0.052478827;0.064844868;0.078844207;0.094501090;0.111840216;0.130886299;0.151663675;0.174195951;0.198505724;0.224614371;0.252541936;0.282307117;0.313927369;0.347419123;0.382798137;0.420079981;0.459280651;0.500417313;0.543509172;0.588578455;0.635651487;0.684759844;0.735941552;0.789242306;0.844716652;0.902429105;0.962455125;1.024881900;1.089808854;1.157347793;1.227622601;1.300768362;1.376929804;1.456258920;1.538911619;1.625043247;1.714802803;1.808325644;1.905724474;2.007078393;2.112419739;2.221718472;2.334863801;2.451642736;2.571715245;2.694585643;;;;;;;;;;;;;;;;;;
0.200;;;;;;;;;;;;;;;;;;;;;;;;;1.905372738;1.819742486;1.736438687;1.655404197;1.576579072;1.499904424;1.425325249;1.352792383;1.282263730;1.213704884;1.147089247;1.082397771;1.019618383;0.958745193;0.899777547;0.842718982;0.787576144;0.734357696;0.683073280;0.633732525;0.586344162;0.540915236;0.497450446;0.455951603;0.416417233;0.378842303;0.343218082;0.309532125;0.277768374;0.247907365;0.219926530;0.193800585;0.169501984;0.147001427;0.126268413;0.107271817;0.089980473;0.074363767;0.060392205;0.048037958;0.037275363;0.028081384;0.020436007;0.014322575;0.009728046;0.006643182;0.005062658;0.004985089;0.006412978;0.009352593;0.013813770;0.019809642;0.027356317;0.036472500;0.047179077;0.059498665;0.073455145;0.089073187;0.106377795;0.125393854;0.146145737;0.168656947;0.192949834;0.219045386;0.246963123;0.276721084;0.308335936;0.341823211;0.377197665;0.414473775;0.453666375;0.494791421;0.537866877;0.582913728;0.629957080;0.679027340;0.730161452;0.783404141;0.838809134;0.896440311;0.956372716;1.018693380;1.083501864;1.150910441;1.221043830;1.294038357;1.370040425;1.449204177;1.531688171;1.617650935;1.707245198;1.800610621;1.897864805;1.999092337;2.104331649;2.213559390;2.326672040;2.443464448;2.563604954;2.686606737;;;;;;;;;;;;;;;;;;
0.100;;;;;;;;;;;;;;;;;;;;;;;;;1.902850994;1.817119835;1.733688891;1.652509761;1.573530097;1.496697529;1.421962564;1.349280612;1.278613283;1.209929078;1.143203582;1.078419267;1.015564988;0.954635256;0.895629353;0.838550348;0.783404071;0.730198086;0.678940691;0.629639991;0.582303047;0.536935143;0.493539154;0.452115053;0.412659540;0.375165800;0.339623391;0.306018254;0.274332829;0.244546284;0.216634827;0.190572109;0.166329682;0.143877514;0.123184544;0.104219257;0.086950270;0.071346913;0.057379794;0.045021332;0.034246254;0.025032037;0.017359293;0.011212087;0.006578182;0.003449211;0.001820767;0.001692416;0.003067627;0.005953630;0.010361200;0.016304377;0.023800122;0.032867926;0.043529377;0.055807701;0.069727282;0.085313178;0.102590654;0.121584729;0.142319769;0.164819135;0.189104894;0.215197616;0.243116266;0.272878202;0.304499293;0.337994160;0.373376555;0.410659872;0.449857800;0.490985106;0.534058548;0.579097906;0.626127112;0.675175459;0.726278861;0.779481131;0.834835235;0.892404472;0.952263519;1.014499288;1.079211500;1.146512903;1.216529032;1.289397402;1.365266010;1.444291015;1.526633441;1.612454748;1.701911079;1.795146000;1.892281505;1.993407069;2.098566487;2.207742234;2.320837047;2.437652425;2.557863703;2.680991339;;;;;;;;;;;;;;;;;;
0.000;;;;;;;;;;;;;;;;;;;;;;;;;1.901963510;1.816137843;1.732587790;1.651273374;1.572149538;1.495170134;1.420290900;1.347471555;1.276677172;1.207878937;1.141054414;1.076187419;1.013267582;0.952289681;0.893252827;0.836159538;0.781014770;0.727824941;0.676596993;0.627337503;0.580051885;0.534743695;0.491414039;0.450061116;0.410679878;0.373261819;0.337794884;0.304263503;0.272648727;0.242928471;0.215077838;0.189069533;0.164874324;0.142461565;0.121799749;0.102857081;0.085602064;0.070004070;0.056033901;0.043664309;0.032870483;0.023630480;0.015925592;0.009740653;0.005064269;0.001888971;0.000211287;0.000031741;0.001354766;0.004188546;0.008544780;0.014438388;0.021887153;0.030911314;0.041533125;0.053776374;0.067665903;0.083227110;0.100485474;0.119466097;0.140193300;0.162690258;0.186978721;0.213078808;0.241008908;0.270785680;0.302424186;0.335938139;0.371340298;0.408642995;0.447858803;0.489001341;0.532086209;0.577132043;0.624161667;0.673203331;0.724291997;0.777470649;0.832791569;0.890317552;0.950122981;1.012294708;1.076932659;1.144150081;1.214073323;1.286841055;1.362602790;1.441516579;1.523745732;1.609454390;1.698801783;1.791934963;1.888979798;1.990030016;2.095134007;2.204279156;2.317373378;2.434223563;2.554510576;2.677760467;;;;;;;;;;;;;;;;;;
-0.100;;;;;;;;;;;;;;;;;;;;;;;;;1.902735057;1.816819866;1.733157347;1.651715605;1.572456537;1.495339908;1.420326390;1.347379744;1.276468260;1.207565586;1.140651073;1.075709709;1.012731753;0.951712138;0.892649708;0.835546361;0.780406133;0.727234275;0.676036369;0.626817481;0.579581414;0.534330045;0.491062778;0.449776118;0.410463357;0.373114396;0.337715674;0.304250223;0.272697822;0.243035251;0.215236629;0.189273832;0.165116964;0.142734876;0.122095724;0.103167541;0.085918808;0.070319031;0.056339284;0.043952726;0.033135069;0.023864999;0.016124535;0.009899310;0.005178793;0.001956423;0.000229667;0.000000000;0.001272802;0.004057184;0.008365737;0.014214225;0.021621207;0.030607624;0.041196339;0.053411652;0.067278805;0.082823481;0.100071319;0.119047458;0.139776120;0.162280256;0.186581263;0.212698783;0.240650606;0.270452687;0.302119278;0.335663198;0.371096234;0.408429690;0.447675069;0.488844901;0.531953697;0.577019023;0.624062685;0.673111984;0.724201031;0.777372080;0.832676834;0.890177683;0.949948807;1.012077079;1.076662694;1.143819438;1.213674486;1.286367641;1.362049860;1.440880968;1.523026373;1.608652644;1.697921755;1.790983802;1.887967983;1.988971598;2.094046821;2.203184972;2.316297996;2.433196823;2.553566291;2.676936241;2.802648417;;;;;;;;;;;;;;;;;
-0.200;;;;;;;;;;;;;;;;;;;;;;;;;1.905194119;1.819192764;1.735422829;1.653860120;1.574473138;1.497227227;1.422087697;1.349022073;1.278001613;1.209002215;1.142004823;1.076995440;1.013964823;0.952907951;0.893823325;0.836712168;0.781577567;0.728423599;0.677254498;0.628073853;0.580883902;0.535684912;0.492474662;0.451248050;0.411996810;0.374709358;0.339370740;0.305962709;0.274463891;0.244850052;0.217094448;0.191168245;0.167040995;0.144681158;0.124056658;0.105135445;0.087886074;0.072278260;0.058283420;0.045875177;0.035029817;0.025726695;0.017948579;0.011681923;0.006917062;0.003648340;0.001874149;0.001596891;0.002822860;0.005562057;0.009827919;0.015636998;0.023008576;0.031964233;0.042527379;0.054722762;0.068575962;0.084112884;0.101359270;0.120340238;0.141079866;0.163600840;0.187924168;0.214068991;0.242052491;0.271889911;0.303594707;0.337178825;0.372653118;0.410027908;0.449313694;0.490521988;0.533666298;0.578763225;0.625833659;0.674904070;0.726007836;0.779186609;0.834491637;0.891985025;0.951740860;1.013846136;1.078401398;1.145521025;1.215333043;1.287978367;1.363609338;1.442387428;1.524479956;1.610055646;1.699278854;1.792302258;1.889257794;1.990245617;2.095320810;2.204477586;2.317630688;2.434593650;2.555053607;2.678542263;2.804402650;;;;;;;;;;;;;;;;;
-0.300;;;;;;;;;;;;;;;;;;;;;;;;;1.909372410;1.823286497;1.739412463;1.657733413;1.578224078;1.500855041;1.425595938;1.352417779;1.281294549;1.212204176;1.145129022;1.080055950;1.016976095;0.955884391;0.896778932;0.839660227;0.784530396;0.731392355;0.680249013;0.631102531;0.583953647;0.538801090;0.495641108;0.454467091;0.415269325;0.378034854;0.342747452;0.309387714;0.277933237;0.248358896;0.220637203;0.194738730;0.170632588;0.148286952;0.127669606;0.108748513;0.091492372;0.075871181;0.061856757;0.049423233;0.038547505;0.029209622;0.021393116;0.015085257;0.010277243;0.006964302;0.005145720;0.004824788;0.006008670;0.008708201;0.012937603;0.018714155;0.026057789;0.034990654;0.045536637;0.057720860;0.071569171;0.087107630;0.104362020;0.123357380;0.144117599;0.166665053;0.191020335;0.217202064;0.245226807;0.275109105;0.306861638;0.340495510;0.376020693;0.413446592;0.452782778;0.494039842;0.537230395;0.582370186;0.629479323;0.678583579;0.729715745;0.782917013;0.838238321;0.895741630;0.955501065;1.017603855;1.082150989;1.149257506;1.219052312;1.291677424;1.367286499;1.446042531;1.528114542;1.613673126;1.702884630;1.795903812;1.892864718;1.993869580;2.098975450;2.208178318;2.321394398;2.438438281;2.558997604;2.682603870;2.808599032;;;;;;;;;;;;;;;;;
-0.400;;;;;;;;;;;;;;;;;;;;;;;;;1.915304352;1.829133668;1.745157056;1.663364493;1.583736550;1.506248696;1.430874573;1.357588401;1.286366642;1.217189054;1.150039236;1.084904775;1.021777073;0.960650939;0.901524009;0.844396054;0.789268231;0.736142309;0.685019920;0.635901855;0.588787426;0.543673917;0.500556141;0.459426093;0.420272726;0.383081833;0.347836043;0.314514916;0.283095146;0.253550840;0.225853883;0.199974367;0.175881071;0.153541978;0.132924827;0.113997668;0.096729419;0.081090415;0.067052920;0.054591613;0.043684021;0.034310896;0.026456531;0.020109006;0.015260352;0.011906648;0.010048031;0.009688628;0.010836413;0.013502985;0.017703283;0.023455231;0.030779337;0.039698235;0.050236209;0.062418676;0.076271675;0.091821352;0.109093464;0.128112918;0.148903361;0.171486825;0.195883462;0.222111358;0.250186465;0.280122640;0.311931815;0.345624309;0.381209269;0.418695268;0.458091044;0.499406379;0.542653114;0.587846284;0.635005364;0.684155586;0.735329320;0.788567462;0.843920804;0.901451320;0.961233321;1.023354400;1.087916094;1.155034177;1.224838471;1.297472082;1.373089911;1.451856331;1.533941853;1.619518618;1.708754550;1.801805935;1.898808250;1.999864962;2.105034079;2.214312154;2.327615447;2.444757939;2.565425840;2.689148229;2.815263440;;;;;;;;;;;;;;;;;
-0.500;;;;;;;;;;;;;;;;;;;;;;;;;1.923026510;1.836769037;1.752689580;1.670784540;1.591039922;1.513435717;1.437949255;1.364557682;1.293239700;1.223976689;1.156753322;1.091557778;1.028381629;0.967219494;0.908068512;0.850927706;0.795797281;0.742677897;0.691569964;0.642472974;0.595384902;0.550301687;0.507216816;0.466121007;0.427002004;0.389844476;0.354630033;0.321337333;0.289942289;0.260418363;0.232736930;0.206867712;0.182779254;0.160439444;0.139816055;0.120877296;0.103592362;0.087931972;0.073868872;0.061378308;0.050438447;0.041030742;0.033140233;0.026755778;0.021870206;0.018480398;0.016587284;0.016195762;0.017314539;0.019955904;0.024135423;0.029871584;0.037185376;0.046099834;0.056639546;0.068830145;0.082697778;0.098268604;0.115568288;0.134621549;0.155451747;0.178080537;0.202527610;0.228810516;0.256944602;0.286943067;0.318817146;0.352576428;0.388229321;0.425783662;0.465247470;0.506629849;0.549942014;0.595198447;0.642418156;0.691626015;0.742854151;0.796143351;0.851544442;0.909119585;0.968943435;1.031104092;1.095703754;1.162859008;1.232700628;1.305372788;1.381031553;1.459842520;1.541977438;1.627609653;1.716908196;1.810030293;1.907112097;2.008257402;2.113524067;2.222907896;2.336323653;2.453582909;2.574368363;2.698204282;2.824422651;;;;;;;;;;;;;;;;;
-0.600;;;;;;;;;;;;;;;;;;;;;;;;;1.932576979;1.846228978;1.762044699;1.680026501;1.600165405;1.522445552;1.446847632;1.373351440;1.301937678;1.232589151;1.165291451;1.100033225;1.036806131;0.975604541;0.916425074;0.859266007;0.804126619;0.751006512;0.699904939;0.650820180;0.603748968;0.558686008;0.515623580;0.474551251;0.435455683;0.398320556;0.363126591;0.329851672;0.298471060;0.268957692;0.241282548;0.215415082;0.191323705;0.168976292;0.148340725;0.129385435;0.112079942;0.096395386;0.082305016;0.069784657;0.058813110;0.049372514;0.041448626;0.035031042;0.030113338;0.026693135;0.024772084;0.024355774;0.025453565;0.028078340;0.032246202;0.037976103;0.045289419;0.054209487;0.064761111;0.076970044;0.090862465;0.106464467;0.123801562;0.142898224;0.163777484;0.186460597;0.210966779;0.237313046;0.265514166;0.295582720;0.327529301;0.361362849;0.397091129;0.434721356;0.474260967;0.515718532;0.559104808;0.604433902;0.651724546;0.701001449;0.752296699;0.805651175;0.861115936;0.918753518;0.978639092;1.040861410;1.105523453;1.172742697;1.242650899;1.315393273;1.391126950;1.470018566;1.552240832;1.637967913;1.727369433;1.820602897;1.917804321;2.019076822;2.124476910;2.233998214;2.347552329;2.464946466;2.585857568;2.709802509;2.836103992;;;;;;;;;;;;;;;;;
-0.700;;;;;;;;;;;;;;;;;;;;;;;;;1.943994728;1.857550894;1.773258257;1.691124648;1.611145675;1.533309249;1.457599094;1.383997369;1.312486545;1.243050662;1.175676078;1.110351800;1.047069493;0.985823244;0.926609137;0.869424718;0.814268381;0.761138727;0.710033936;0.660951166;0.613886021;0.568832088;0.525780569;0.484720007;0.445636122;0.408511738;0.373326823;0.340058617;0.308681855;0.279169067;0.251490948;0.225616789;0.201514953;0.179153383;0.158500136;0.139523916;0.122194611;0.106483802;0.092365259;0.079815377;0.068813582;0.059342664;0.051389059;0.044943046;0.039998884;0.036554860;0.034613265;0.034180291;0.035265848;0.037883320;0.042049241;0.047782923;0.055106025;0.064042086;0.074616028;0.086853635;0.100781032;0.116424175;0.133808356;0.152957757;0.173895047;0.196641056;0.221214523;0.247631948;0.275907552;0.306053351;0.338079372;0.371993998;0.407804466;0.445517500;0.485140106;0.526680494;0.570149144;0.615559985;0.662931681;0.712288992;0.763664184;0.817098447;0.872643282;0.930361797;0.990329860;1.052637027;1.117387177;1.184698755;1.254704516;1.327550672;1.403395295;1.482405850;1.564755694;1.650619373;1.740166528;1.833554218;1.930917417;2.032357469;2.137928224;2.247619581;2.361338145;2.478884659;2.599927877;2.723974500;2.850334780;;;;;;;;;;;;;;;;;
-0.800;;;;;;;;;;;;;;;;;;;;;;;;;1.957318883;1.870772576;1.786366705;1.704114076;1.624014439;1.546059092;1.470234461;1.396524791;1.324914089;1.255387446;1.187931846;1.122536552;1.059193175;0.997895480;0.938639020;0.881420636;0.826237886;0.773088446;0.721969508;0.672877219;0.625806168;0.580748951;0.537695826;0.496634452;0.457549744;0.420423810;0.385236000;0.351963043;0.320579273;0.291056929;0.263366529;0.237477298;0.213357635;0.190975625;0.170299555;0.151298448;0.133942587;0.118204015;0.104057018;0.091478552;0.080448636;0.070950676;0.062971728;0.056502695;0.051538440;0.048077832;0.046123708;0.045682763;0.046765357;0.049385261;0.053559332;0.059307132;0.066650496;0.075613059;0.086219762;0.098496327;0.112468745;0.128162760;0.145603391;0.164814479;0.185818303;0.208635258;0.233283614;0.259779381;0.288136279;0.318365830;0.350477582;0.384479474;0.420378343;0.458180577;0.497892919;0.539523407;0.583082447;0.628584007;0.676046909;0.725496194;0.776964542;0.830493682;0.886135778;0.943954717;1.004027247;1.066443881;1.131309513;1.198743614;1.268879947;1.341865652;1.417859591;1.497029805;1.579549933;1.665594403;1.755332235;1.848919228;1.946488319;2.048137871;2.153917632;2.263812079;2.377720847;2.495435919;2.616615228;2.740752295;;;;;;;;;;;;;;;;;;
-0.900;;;;;;;;;;;;;;;;;;;;;;;;;1.972587979;1.885931516;1.801406485;1.719030147;1.638805942;1.560728167;1.484785615;1.410964337;1.339249652;1.269627522;1.202085421;1.136612779;1.073201095;1.011843796;0.952535911;0.895273613;0.840053691;0.786872974;0.735727770;0.686613328;0.639523347;0.594449571;0.551381449;0.510305903;0.471207184;0.434066826;0.398863700;0.365574157;0.334172251;0.304630048;0.276917992;0.251005331;0.226860584;0.204452038;0.183748265;0.164718642;0.147333868;0.131566453;0.117391189;0.104785572;0.093730175;0.084208966;0.076209563;0.069723412;0.064745898;0.061276378;0.059318133;0.058878252;0.059967432;0.062599718;0.066792174;0.072564499;0.079938590;0.088938074;0.099587809;0.111913368;0.125940525;0.141694749;0.159200727;0.178481926;0.199560216;0.222455553;0.247185760;0.273766396;0.302210742;0.332529908;0.364733071;0.398827852;0.434820838;0.472718251;0.512526762;0.554254441;0.597911843;0.643513206;0.691077753;0.740631054;0.792206447;0.845846441;0.901604095;0.959544283;1.019744814;1.082297312;1.147307783;1.214896780;1.285199051;1.358362567;1.434546789;1.513920038;1.596655807;1.682927848;1.772903831;1.866737392;1.964558325;2.066460682;2.172488532;2.282619072;2.396742812;2.514640485;2.635956350;2.760167501;;;;;;;;;;;;;;;;;;
-1.000;;;;;;;;;;;;;;;;;;;;;;;;;1.989839149;1.903064173;1.818413354;1.735907880;1.655554422;1.577349873;1.501285062;1.427347569;1.355523799;1.285800415;1.218165254;1.152607827;1.089119478;1.027693285;0.968323774;0.911006501;0.855737553;0.802513011;0.751328407;0.702178212;0.655055377;0.609950926;0.566853652;0.525749885;0.486623361;0.449455184;0.414223885;0.380905566;0.349474128;0.319901575;0.292158377;0.266213896;0.242036841;0.219595762;0.198859559;0.179797992;0.162382187;0.146585121;0.132382073;0.119751044;0.108673114;0.099132757;0.091118075;0.084620977;0.079637274;0.076166708;0.074212897;0.073783207;0.074888557;0.077543146;0.081764125;0.087571213;0.094986258;0.104032773;0.114735435;0.127119580;0.141210691;0.157033897;0.174613513;0.193972601;0.215132611;0.238113075;0.262931399;0.289602744;0.318140031;0.348554059;0.380853754;0.415046567;0.451139003;0.489137305;0.529048279;0.570880252;0.614644164;0.660354777;0.708031968;0.757702097;0.809399415;0.863167462;0.919060419;0.977144363;1.037498344;1.100215231;1.165402235;1.233181012;1.303687251;1.377069618;1.453487934;1.533110444;1.616110009;1.702659054;1.792923088;1.887052571;1.985172924;2.087372423;2.193687720;2.304086704;2.418448406;2.536539603;2.657987788;2.782250111;;;;;;;;;;;;;;;;;;
-1.100;;;;;;;;;;;;;;;;;;;;;;;;;2.009107289;1.922205190;1.837421667;1.754781294;1.674293498;1.595957370;1.519765436;1.445706531;1.373767924;1.303936809;1.236201271;1.170550825;1.106976622;1.045471391;0.986029187;0.928645007;0.873314321;0.820032560;0.768794600;0.719594271;0.672423907;0.627273971;0.584132746;0.542986122;0.503817471;0.466607616;0.431334885;0.397975267;0.366502629;0.336889023;0.309105046;0.283120254;0.258903616;0.236424000;0.215650671;0.196553793;0.179104926;0.163277499;0.149047257;0.136392662;0.125295249;0.115739925;0.107715200;0.101213350;0.096230517;0.092766716;0.090825786;0.090415256;0.091546141;0.094232674;0.098491974;0.104343660;0.111809421;0.120912550;0.131677453;0.144129143;0.158292743;0.174192994;0.191853795;0.211297791;0.232546013;0.255617593;0.280529565;0.307296766;0.335931848;0.366445413;0.398846283;0.433141897;0.469338867;0.507443664;0.547463450;0.589407052;0.633286054;0.679115998;0.726917687;0.776718542;0.828553990;0.882468852;0.938518669;0.996770922;1.057306071;1.120218357;1.185616259;1.253622536;1.324373730;1.398019022;1.474718299;1.554639306;1.637953702;1.724831854;1.815436181;1.909912840;2.008381515;2.110923079;2.217564859;2.328263217;2.442883135;2.561174493;2.682744658;2.807027036;;;;;;;;;;;;;;;;;;
-1.200;;;;;;;;;;;;;;;;;;;;;;;;;2.030424178;1.943386572;1.858463609;1.775682688;1.695055516;1.616582974;1.540258943;1.466073238;1.394013776;1.324068121;1.256224489;1.190472332;1.126802582;1.065207626;1.005681089;0.948217476;0.892811731;0.839458749;0.788152875;0.738887435;0.691654300;0.646443521;0.603243030;0.562038434;0.522812895;0.485547100;0.450219322;0.416805562;0.385279778;0.355614181;0.327779584;0.301745821;0.277482187;0.254957914;0.234142664;0.215007022;0.197522980;0.181664404;0.167407469;0.154731054;0.143617085;0.134050828;0.126021112;0.119520490;0.114545320;0.111095785;0.109175824;0.108793007;0.109958322;0.112685914;0.116992747;0.122898229;0.130423779;0.139592372;0.150428052;0.162955436;0.177199226;0.193183727;0.210932402;0.230467472;0.251809565;0.274977452;0.299987857;0.326855377;0.355592508;0.386209791;0.418716098;0.453119043;0.489425545;0.527642526;0.567777750;0.609840799;0.653844165;0.699804452;0.747743668;0.797690565;0.849682018;0.903764381;0.959994783;1.018442303;1.079188969;1.142330492;1.207976658;1.276251288;1.347291647;1.421247189;1.498277511;1.578549357;1.662232523;1.749494475;1.840493507;1.935370200;2.034236984;2.137165537;2.244171763;2.355198057;2.470092555;2.588585030;2.710259088;2.834520275;;;;;;;;;;;;;;;;;;
-1.300;;;;;;;;;;;;;;;;;;;;;;;;;;1.966636835;1.881568392;1.798641896;1.717870844;1.639257493;1.562796740;1.488479102;1.416292932;1.346226003;1.278266555;1.212403918;1.148628782;1.086933210;1.027310445;0.969754578;0.914260127;0.860821567;0.809432850;0.760086945;0.712775414;0.667488054;0.624212609;0.582934563;0.543637025;0.506300699;0.470903940;0.437422900;0.405831746;0.376102952;0.348207646;0.322116013;0.297797735;0.275222455;0.254360260;0.235182164;0.217660587;0.201769810;0.187486400;0.174789598;0.163661656;0.154088120;0.146058048;0.139564165;0.134602942;0.131174610;0.129283093;0.128935875;0.130143798;0.132920794;0.137283559;0.143251174;0.150844687;0.160086662;0.171000698;0.183610950;0.197941650;0.214016633;0.231858916;0.251490300;0.272931044;0.296199610;0.321312493;0.348284154;0.377127057;0.407851838;0.440467595;0.474982316;0.511403449;0.549738607;0.589996414;0.632187474;0.676325472;0.722428356;0.770519625;0.820629645;0.872797005;0.927069839;0.983507080;1.042179591;1.103171095;1.166578848;1.232513943;1.301101175;1.372478346;1.446794883;1.524209650;1.604887802;1.688996505;1.776699372;1.868149388;1.963480144;2.062795130;2.166154845;2.273561456;2.384940728;2.500120888;2.618808120;2.740558316;2.864744708;;;;;;;;;;;;;;;;;;
-1.400;;;;;;;;;;;;;;;;;;;;;;;;;;1.991980124;1.906761419;1.823685488;1.742767117;1.664009521;1.587408270;1.512954304;1.440636201;1.370441788;1.302359227;1.236377669;1.172487551;1.110680635;1.050949840;0.993288926;0.937692093;0.884153524;0.832666919;0.783225043;0.735819309;0.690439428;0.647073120;0.605705911;0.566321017;0.528899310;0.493419375;0.459857645;0.428188617;0.398385136;0.370418733;0.344260024;0.319879134;0.297246158;0.276331631;0.257107008;0.239545124;0.223620649;0.209310500;0.196594225;0.185454331;0.175876562;0.167850113;0.161367777;0.156426030;0.153025033;0.151168575;0.150863936;0.152121691;0.154955442;0.159381501;0.165418521;0.173087079;0.182409243;0.193408097;0.206107279;0.220530507;0.236701135;0.254641728;0.274373693;0.295916968;0.319289777;0.344508481;0.371587525;0.400539490;0.431375276;0.464104401;0.498735446;0.535276622;0.573736492;0.614124807;0.656453481;0.700737676;0.746996982;0.795256673;0.845549013;0.897914564;0.952403478;1.009076697;1.068007023;1.129279982;1.192994406;1.259262651;1.328210346;1.399975576;1.474707358;1.552563301;1.633706271;1.718299929;1.806502937;1.898461650;1.994301081;2.094113903;2.197947242;2.305786994;2.417539364;2.533009335;2.651875709;2.773662378;2.897705438;;;;;;;;;;;;;;;;;;
-1.500;;;;;;;;;;;;;;;;;;;;;;;;;;2.019435331;1.934063438;1.850835959;1.769768461;1.690864694;1.614120547;1.539527112;1.467072976;1.396745870;1.328533780;1.262425626;1.198411587;1.136483157;1.076632990;1.018854610;0.963142012;0.909489222;0.857889838;0.808336578;0.760820875;0.715332521;0.671859385;0.630387204;0.590899462;0.553377357;0.517799846;0.484143780;0.452384105;0.422494144;0.394445923;0.368210561;0.343758683;0.321060878;0.300088152;0.280812400;0.263206865;0.247246576;0.232908757;0.220173205;0.209022610;0.199442831;0.191423104;0.184956191;0.180038461;0.176669895;0.174854029;0.174597821;0.175911462;0.178808113;0.183303598;0.189416041;0.197165464;0.206573360;0.217662242;0.230455184;0.244975371;0.261245663;0.279288194;0.299124020;0.320772816;0.344252661;0.369579894;0.396769082;0.425833090;0.456783268;0.489629768;0.524381994;0.561049178;0.599641097;0.640168915;0.682646145;0.727089726;0.773521182;0.821967855;0.872464175;0.925052934;0.979786523;1.036728073;1.095952456;1.157547065;1.221612299;1.288261674;1.357621450;1.429829662;1.505034452;1.583391538;1.665060692;1.750201051;1.838965089;1.931491034;2.027893549;2.128252408;2.232598944;2.340899983;2.453038977;2.568794015;2.687812391;2.809581353;;;;;;;;;;;;;;;;;;;
-1.600;;;;;;;;;;;;;;;;;;;;;;;;;;2.049015203;1.963489676;1.880110895;1.798894690;1.719844909;1.642957412;1.568223160;1.495630541;1.425167037;1.356820365;1.290579168;1.226433366;1.164374218;1.104394190;1.046486663;0.990645551;0.936864863;0.885138249;0.835458546;0.787817379;0.742204798;0.698608994;0.657016086;0.617409994;0.579772400;0.544082781;0.510318540;0.478455197;0.448466657;0.420325533;0.394003520;0.369471802;0.346701497;0.325664105;0.306331968;0.288678721;0.272679724;0.258312464;0.245556928;0.234395918;0.224815325;0.216804336;0.210355582;0.205465217;0.202132933;0.200361900;0.200158645;0.201532864;0.204497174;0.209066813;0.215259288;0.223093990;0.232591777;0.243774540;0.256664762;0.271285082;0.287657882;0.305804898;0.325746888;0.347503351;0.371092323;0.396530256;0.423831998;0.453010876;0.484078899;0.517047080;0.551925895;0.588725861;0.627458252;0.668135936;0.710774325;0.755392433;0.802014011;0.850668754;0.901393523;0.954233577;1.009243742;1.066489492;1.126047861;1.188008128;1.252472196;1.319554576;1.389381869;1.462091650;1.537830607;1.616751825;1.699011036;1.784761695;1.874148675;1.967300402;2.064319207;2.165269656;2.270164615;2.378948772;2.491479317;2.607503478;2.726632554;2.848312103;;;;;;;;;;;;;;;;;;;
-1.700;;;;;;;;;;;;;;;;;;;;;;;;;;;1.995048993;1.911522146;1.830160493;1.750967541;1.673938760;1.599064703;1.526333341;1.455731762;1.387247317;1.320868337;1.256584480;1.194386817;1.134267696;1.076220463;1.020239078;0.966317680;0.914450129;0.864629555;0.816847951;0.771095804;0.727361807;0.685632638;0.645892824;0.608124689;0.572308382;0.538421996;0.506441748;0.476342234;0.448096745;0.421677625;0.397056678;0.374205589;0.353096374;0.333701826;0.315995960;0.299954439;0.285554972;0.272777677;0.261605403;0.252023991;0.244022490;0.237593304;0.232732274;0.229438696;0.227715271;0.227567990;0.229005956;0.232041146;0.236688125;0.242963708;0.250886592;0.260476952;0.271756024;0.284745687;0.299468042;0.315945018;0.334198006;0.354247543;0.376113051;0.399812649;0.425363052;0.452779564;0.482076175;0.513265772;0.546360476;0.581372095;0.618312710;0.657195382;0.698034979;0.740849113;0.785659171;0.832491425;0.881378190;0.932359010;0.985481820;1.040804057;1.098393650;1.158329839;1.220703758;1.285618681;1.353189870;1.423543899;1.496817357;1.573154795;1.652705783;1.735620926;1.822046663;1.912118679;2.005953711;2.103639550;2.205222996;2.310695500;2.419976240;2.532892316;2.649155756;2.768336991;2.889834431;;;;;;;;;;;;;;;;;;;
-1.800;;;;;;;;;;;;;;;;;;;;;;;;;;;2.028743058;1.945075007;1.863574632;1.784244644;1.707079764;1.632069843;1.559202229;1.488463460;1.419840436;1.353321129;1.288894949;1.226552821;1.166287059;1.108091080;1.051959024;0.997885312;0.945864180;0.895889228;0.847952996;0.802046597;0.758159409;0.716278849;0.676390221;0.638476659;0.602519139;0.568496581;0.536386025;0.506162871;0.477801181;0.451274027;0.426553887;0.403613058;0.382424095;0.362960249;0.345195907;0.329107010;0.314671446;0.301869416;0.290683746;0.281100157;0.273107477;0.266697791;0.261866535;0.258612513;0.256937861;0.256847940;0.258351170;0.261458808;0.266184672;0.272544824;0.280557215;0.290241305;0.301617661;0.314707561;0.329532593;0.346114279;0.364473737;0.384631374;0.406606655;0.430417927;0.456082338;0.483615838;0.513033296;0.544348718;0.577575586;0.612727314;0.649817833;0.688862287;0.729877847;0.772884623;0.817906669;0.864973052;0.914118969;0.965386868;1.018827548;1.074501186;1.132478233;1.192840132;1.255679766;1.321101576;1.389221242;1.460164836;1.534067326;1.611070304;1.691318801;1.774957037;1.862122925;1.952941162;2.047514685;2.145914294;2.248166184;2.354237146;2.464017149;2.577299015;2.693754853;2.812908931;;;;;;;;;;;;;;;;;;;;
-1.900;;;;;;;;;;;;;;;;;;;;;;;;;;;2.064565571;1.980767447;1.899139166;1.819682186;1.742390100;1.667251773;1.594253705;1.523381741;1.454622233;1.387962761;1.323392492;1.260902256;1.200484417;1.142132580;1.085841199;1.031605134;0.979419170;0.929277556;0.881173569;0.835099134;0.791044505;0.748998019;0.708945940;0.670872376;0.634759287;0.600586568;0.568332209;0.537972528;0.509482452;0.482835866;0.458005981;0.434965753;0.413688302;0.394147349;0.376317646;0.360175392;0.345698622;0.332867569;0.321664982;0.312076391;0.304090327;0.297698481;0.292895793;0.289680493;0.288054067;0.288021164;0.289589444;0.292769375;0.297573970;0.304018492;0.312120114;0.321897565;0.333370746;0.346560353;0.361487506;0.378173387;0.396638927;0.416904521;0.438989812;0.462913538;0.488693463;0.516346397;0.545888319;0.577334601;0.610700355;0.646000884;0.683252262;0.722472014;0.763679911;0.806898856;0.852155851;0.899483021;0.948918676;1.000508365;1.054305897;1.110374273;1.168786484;1.229626095;1.292987564;1.358976200;1.427707669;1.499306950;1.573906622;1.651644350;1.732659437;1.817088274;1.905058534;1.996681901;2.092045157;2.191199378;2.294147023;2.400826650;2.511094967;2.624705940;2.741286627;2.860309380;;;;;;;;;;;;;;;;;;;;
-2.000;;;;;;;;;;;;;;;;;;;;;;;;;;;;2.018589386;1.936848724;1.857279303;1.779873209;1.704618020;1.631499169;1.560501652;1.491611183;1.424814913;1.360101774;1.297462557;1.236889760;1.178377292;1.121920068;1.067513544;1.015153230;0.964834209;0.916550690;0.870295602;0.826060266;0.783834132;0.743604604;0.705356937;0.669074237;0.634737519;0.602325860;0.571816611;0.543185670;0.516407813;0.491457057;0.468307063;0.446931550;0.427304725;0.409401706;0.393198934;0.378674566;0.365808827;0.354584336;0.344986376;0.337003117;0.330625780;0.325848743;0.322669584;0.321089066;0.321111061;0.322742409;0.325992732;0.330874199;0.337401242;0.345590244;0.355459204;0.367027377;0.380314923;0.395342551;0.412131193;0.430701698;0.451074583;0.473269824;0.497306732;0.523203890;0.550979191;0.580649967;0.612233220;0.645745966;0.681205689;0.718630895;0.758041789;0.799461035;0.842914610;0.888432728;0.936050812;0.985810487;1.037760559;1.091957946;1.148468507;1.207367713;1.268741103;1.332684442;1.399303508;1.468713402;1.541037289;1.616404443;1.694947470;1.776798566;1.862084654;1.950921219;2.043404668;2.139602990;2.239544514;2.343204508;2.450489366;2.561218097;2.675100826;2.791713963;2.910471715;;;;;;;;;;;;;;;;;;;;
-2.100;;;;;;;;;;;;;;;;;;;;;;;;;;;;2.058522061;1.976689841;1.897027625;1.819525596;1.744169740;1.670944196;1.599832950;1.530820988;1.463894989;1.399043666;1.336257820;1.275530175;1.216855065;1.160228007;1.105645221;1.053103122;1.002597816;0.954124638;0.907677721;0.863249654;0.820831190;0.780411058;0.741975843;0.705509957;0.670995694;0.638413352;0.607741442;0.578956937;0.552035595;0.526952310;0.503681506;0.482197539;0.462475125;0.444489757;0.428218114;0.413638451;0.400730958;0.389478085;0.379864819;0.371878914;0.365511064;0.360755023;0.357607661;0.356068961;0.356141963;0.357832641;0.361149740;0.366104557;0.372710684;0.380983718;0.390940949;0.402601029;0.415983639;0.431109165;0.447998388;0.466672210;0.487151414;0.509456489;0.533607511;0.559624102;0.587525473;0.617330566;0.649058283;0.682727828;0.718359150;0.755973484;0.795594002;0.837246541;0.880960419;0.926769301;0.974712115;1.024833965;1.077187023;1.131831360;1.188835654;1.248277726;1.310244847;1.374833720;1.442150074;1.512307764;1.585427270;1.661633480;1.741052623;1.823808212;1.910015829;1.999776584;2.093169059;2.190239528;2.290990219;2.395365399;2.503234986;2.614375440;2.728447599;2.844971158;;;;;;;;;;;;;;;;;;;;;
-2.200;;;;;;;;;;;;;;;;;;;;;;;;;;;;2.100537497;2.018640401;1.938910679;1.861336209;1.785901066;1.712587860;1.641379406;1.572259861;1.505215394;1.440234507;1.377308064;1.316429108;1.257592516;1.200794558;1.146032385;1.093303498;1.042605224;0.993934220;0.947286031;0.902654710;0.860032516;0.819409695;0.780774342;0.744112350;0.709407446;0.676641299;0.645793703;0.616842824;0.589765496;0.564537574;0.541134302;0.519530726;0.499702101;0.481624311;0.465274276;0.450630344;0.437672648;0.426383442;0.416747381;0.408751761;0.402386710;0.397645309;0.394523677;0.393020977;0.393139382;0.394883974;0.398262603;0.403285687;0.409965987;0.418318340;0.428359370;0.440107184;0.453581069;0.468801188;0.485788297;0.504563493;0.525148000;0.547563008;0.571829568;0.597968571;0.626000799;0.655947063;0.687828442;0.721666609;0.757484265;0.795305661;0.835157211;0.877068190;0.921071492;0.967204447;1.015509653;1.066035807;1.118838504;1.173980940;1.231534497;1.291579126;1.354203481;1.419504717;1.487587866;1.558564707;1.632551996;1.709668972;1.790033966;1.873760001;1.960949201;2.051685839;2.146027836;2.243996492;2.345564236;2.450640135;2.559052911;2.670531170;2.784680542;2.900957404;;;;;;;;;;;;;;;;;;;;;
-2.300;;;;;;;;;;;;;;;;;;;;;;;;;;;;;2.062669193;1.982903405;1.905285909;1.829798544;1.756422141;1.685138179;1.615929878;1.548782855;1.483685406;1.420628514;1.359605628;1.300612294;1.243645682;1.188704044;1.135786154;1.084890756;1.036016036;0.989159155;0.944315840;0.901480058;0.860643769;0.821796765;0.784926600;0.750018599;0.717055950;0.686019872;0.656889837;0.629643867;0.604258859;0.580710956;0.558975946;0.539029667;0.520848421;0.504409387;0.489691004;0.476673347;0.465338456;0.455670633;0.447656695;0.441286169;0.436551441;0.433447847;0.431973711;0.432130322;0.433921861;0.437355285;0.442440150;0.449188417;0.457614203;0.467733530;0.479564045;0.493124737;0.508435671;0.525517721;0.544392346;0.565081392;0.587606954;0.611991287;0.638256792;0.666426073;0.696522082;0.728568348;0.762589295;0.798610656;0.836659965;0.876767140;0.918965129;0.963290614;1.009784753;1.058493934;1.109470509;1.162773474;1.218469051;1.276631116;1.337341425;1.400689551;1.466772480;1.535693752;1.607562067;1.682489242;1.760587392;1.841965203;1.926723157;2.014947530;2.106702999;2.202023657;2.300902230;2.403277256;2.509018000;2.617906809;2.729618652;2.843697504;;;;;;;;;;;;;;;;;;;;;;
-2.400;;;;;;;;;;;;;;;;;;;;;;;;;;;;;2.108735631;2.028971809;1.951347072;1.875840677;1.802431425;1.731099272;1.661826395;1.594597808;1.529401607;1.466228939;1.405073750;1.345932379;1.288803045;1.233685273;1.180579299;1.129485482;1.080403747;1.033333081;0.988271098;0.945213680;0.904154704;0.865085855;0.827996529;0.792873823;0.759702603;0.728465653;0.699143886;0.671716621;0.646161895;0.622456835;0.600578037;0.580501973;0.562205409;0.545665803;0.530861709;0.517773147;0.506381946;0.496672051;0.488629786;0.482244070;0.477506582;0.474411870;0.472957412;0.473143618;0.474973781;0.478453985;0.483592964;0.490401922;0.498894330;0.509085688;0.520993282;0.534635929;0.550033732;0.567207847;0.586180273;0.606973680;0.629611286;0.654116782;0.680514327;0.708828609;0.739084989;0.771309718;0.805530242;0.841775589;0.880076832;0.920467624;0.962984788;1.007668961;1.054565250;1.103723891;1.155200880;1.209058519;1.265365857;1.324198955;1.385640925;1.449781664;1.516717218;1.586548667;1.659380454;1.735318024;1.814464675;1.896917451;1.982761967;2.072065963;2.164871436;2.261185137;2.360967225;2.464117852;2.570461419;2.679728247;2.791533359;2.905352074;;;;;;;;;;;;;;;;;;;;;;
-2.500;;;;;;;;;;;;;;;;;;;;;;;;;;;;;;2.077072794;1.999483341;1.923997619;1.850592125;1.779245106;1.709937574;1.642653881;1.577381921;1.514113052;1.452841806;1.393565433;1.336283351;1.280996530;1.227706858;1.176416513;1.127127368;1.079840453;1.034555483;0.991270471;0.949981417;0.910682100;0.873363950;0.838016013;0.804625000;0.773175416;0.743649750;0.716028739;0.690291674;0.666416755;0.644381467;0.624162985;0.605738584;0.589086051;0.574184084;0.561012672;0.549553448;0.539790013;0.531708208;0.525296350;0.520545419;0.517449187;0.516004304;0.516210322;0.518069682;0.521587640;0.526772159;0.533633765;0.542185361;0.552442034;0.564420828;0.578140529;0.593621437;0.610885164;0.629954444;0.650852984;0.673605353;0.698236918;0.724773849;0.753243177;0.783672935;0.816092358;0.850532172;0.887024946;0.925605515;0.966311464;1.009183657;1.054266799;1.101610003;1.151267348;1.203298376;1.257768507;1.314749315;1.374318613;1.436560288;1.501563814;1.569423355;1.640236380;1.714101684;1.791116688;1.871373923;1.954956523;2.041932612;2.132348382;2.226219711;2.323522108;2.424178764;2.528046493;2.634899297;2.744409290;2.856124689;;;;;;;;;;;;;;;;;;;;;;;
-2.600;;;;;;;;;;;;;;;;;;;;;;;;;;;;;;2.127154190;2.049649572;1.974231032;1.900872477;1.829550237;1.760244032;1.692937483;1.627618274;1.564278015;1.502911904;1.443518220;1.386097731;1.330653023;1.277187825;1.225706339;1.176212599;1.128709896;1.083200268;1.039684075;0.998159656;0.958623089;0.921068037;0.885485681;0.851864755;0.820191641;0.790450555;0.762623789;0.736692005;0.712634581;0.690429984;0.670056169;0.651490993;0.634712626;0.619699957;0.606432984;0.594893183;0.585063834;0.576930325;0.570480400;0.565704366;0.562595253;0.561148918;0.561364104;0.563242449;0.566788447;0.572009371;0.578915156;0.587518248;0.597833440;0.609877677;0.623669867;0.639230684;0.656582385;0.675748647;0.696754434;0.719625897;0.744390326;0.771076150;0.799713000;0.830331832;0.862965116;0.897647089;0.934414080;0.973304875;1.014361147;1.057627910;1.103153989;1.150992496;1.201201254;1.253843167;1.308986474;1.366704851;1.427077293;1.490187731;1.556124292;1.624978135;1.696841757;1.771806684;1.849960409;1.931382475;2.016139538;2.104279277;2.195822970;2.290756557;2.389019988;2.490494633;2.594988538;2.702219245;2.811793928;2.923186531;;;;;;;;;;;;;;;;;;;;;;;
-2.700;;;;;;;;;;;;;;;;;;;;;;;;;;;;;;;2.101792002;2.026494155;1.953232505;1.881981245;1.812718654;1.745427550;1.680095384;1.616714052;1.555279493;1.495791134;1.438251231;1.382664161;1.329035684;1.277372228;1.227680206;1.179965389;1.134232364;1.090484058;1.048721371;1.008942892;0.971144721;0.935320372;0.901460780;0.869554381;0.839587276;0.811543454;0.785405080;0.761152831;0.738766260;0.718224198;0.699505166;0.682587788;0.667451211;0.654075501;0.642442024;0.632533794;0.624335790;0.617835228;0.613021794;0.609887826;0.608428447;0.608641658;0.610528367;0.614092396;0.619340421;0.626281899;0.634928946;0.645296201;0.657400666;0.671261544;0.686900066;0.704339340;0.723604199;0.744721088;0.767717980;0.792624325;0.819471060;0.848290655;0.879117228;0.911986707;0.946937049;0.984008519;1.023244002;1.064689360;1.108393801;1.154410259;1.202795740;1.253611626;1.306923884;1.362803155;1.421324650;1.482567826;1.546615751;1.613554099;1.683469683;1.756448441;1.832572757;1.911918016;1.994548249;2.080510736;2.169829408;2.262496877;2.358464904;2.457633115;2.559835726;2.664826059;2.772258580;2.881668185;;;;;;;;;;;;;;;;;;;;;;;;
-2.800;;;;;;;;;;;;;;;;;;;;;;;;;;;;;;;;2.080732116;2.007624225;1.936496824;1.867326593;1.800095451;1.734790588;1.671404208;1.609933062;1.550377829;1.492742398;1.437033101;1.383257917;1.331425708;1.281545477;1.233625704;1.187673745;1.143695327;1.101694131;1.061671479;1.023626119;0.987554100;0.953448753;0.921300749;0.891098239;0.862827070;0.836471054;0.812012296;0.789431559;0.768708657;0.749822871;0.732753375;0.717479651;0.703981910;0.692241479;0.682241174;0.673965632;0.667401608;0.662538236;0.659367234;0.657883074;0.658083096;0.659967579;0.663539772;0.668805878;0.675775002;0.684459074;0.694872735;0.707033216;0.720960197;0.736675667;0.754203790;0.773570774;0.794804776;0.817935817;0.842995748;0.870018240;0.899038831;0.930095013;0.963226363;0.998474730;1.035884447;1.075502588;1.117379241;1.161567783;1.208125148;1.257112044;1.308593111;1.362636960;1.419316067;1.478706465;1.540887174;1.605939304;1.673944753;1.744984423;1.819135844;1.896470114;1.977048021;2.060915234;2.148096404;2.238588020;2.332349856;2.429294809;2.529276928;2.632077418;2.737388364;2.844793934;2.953748768;;;;;;;;;;;;;;;;;;;;;;;;
-2.900;;;;;;;;;;;;;;;;;;;;;;;;;;;;;;;;2.136882518;2.063992102;1.993048128;1.924025493;1.856905113;1.791673872;1.728324292;1.666853995;1.607265013;1.549563002;1.493756410;1.439855624;1.387872137;1.337817764;1.289703912;1.243540940;1.199337602;1.157100591;1.116834187;1.078540002;1.042216833;1.007860609;0.975464423;0.945018662;0.916511194;0.889927638;0.865251672;0.842465402;0.821549751;0.802484876;0.785250603;0.769826855;0.756194077;0.744333650;0.734228276;0.725862337;0.719222217;0.714296583;0.711076631;0.709556277;0.709732308;0.711604488;0.715175620;0.720451565;0.727441226;0.736156501;0.746612208;0.758825985;0.772818184;0.788611755;0.806232130;0.825707112;0.847066788;0.870343457;0.895571584;0.922787792;0.952030884;0.983341906;1.016764243;1.052343748;1.090128903;1.130170997;1.172524301;1.217246249;1.264397568;1.314042362;1.366248098;1.421085469;1.478628068;1.538951857;1.602134327;1.668253318;1.737385402;1.809603742;1.884975337;1.963557542;2.045393735;2.130508013;2.218898753;2.310530890;2.405326739;2.503155154;2.603818836;2.707039555;2.812441045;2.919529313;;;;;;;;;;;;;;;;;;;;;;;;;
-3.000;;;;;;;;;;;;;;;;;;;;;;;;;;;;;;;;;2.122273806;2.051579372;1.982765965;1.915813370;1.850708103;1.787443004;1.726016610;1.666432395;1.608697910;1.552823875;1.498823262;1.446710400;1.396500125;1.348206998;1.301844610;1.257424975;1.214958030;1.174451241;1.135909314;1.099334009;1.064724060;1.032075189;1.001380203;0.972629177;0.945809700;0.920907188;0.897905236;0.876786014;0.857530690;0.840119864;0.824534013;0.810753934;0.798761166;0.788538406;0.780069885;0.773341720;0.768342224;0.765062181;0.763495069;0.763637249;0.765488100;0.769050120;0.774328979;0.781333539;0.790075837;0.800571044;0.812837399;0.826896124;0.842771332;0.860489935;0.880081543;0.901578387;0.925015248;0.950429408;0.977860624;1.007351131;1.038945666;1.072691526;1.108638631;1.146839623;1.187349944;1.230227926;1.275534836;1.323334878;1.373695113;1.426685267;1.482377384;1.540845282;1.602163759;1.666407472;1.733649447;1.803959113;1.877399787;1.954025506;2.033877095;2.116977345;2.203325177;2.292888632;2.385596523;2.481328593;2.579903951;2.681067612;2.784474888;2.889673399;;;;;;;;;;;;;;;;;;;;;;;;;;
-3.100;;;;;;;;;;;;;;;;;;;;;;;;;;;;;;;;;;2.112028761;2.043492356;1.976770588;1.911849527;1.848722305;1.787388410;1.727852836;1.670125140;1.614218466;1.560148543;1.507932729;1.457589093;1.409135572;1.362589218;1.317965539;1.275277953;1.234537346;1.195751745;1.158926099;1.124062167;1.091158505;1.060210544;1.031210754;1.004148880;0.979012244;0.955786094;0.934454004;0.914998295;0.897400483;0.881641735;0.867703324;0.855567078;0.845215811;0.836633727;0.829806800;0.824723117;0.821373178;0.819750162;0.819850140;0.821672257;0.825218860;0.830495591;0.837511441;0.846278767;0.856813280;0.869134011;0.883263250;0.899226478;0.917052284;0.936772287;0.958421058;0.982036044;1.007657511;1.035328501;1.065094801;1.097004928;1.131110129;1.167464388;1.206124427;1.247149701;1.290602364;1.336547182;1.385051384;1.436184402;1.490017485;1.546623127;1.606074273;1.668443247;1.733800329;1.802211921;1.873738210;1.948430252;2.026326353;2.107447654;2.191792790;2.279331481;2.369996906;2.463676702;2.560202394;2.659337083;2.760761151;2.864055780;2.968684023;;;;;;;;;;;;;;;;;;;;;;;;;;
-3.200;;;;;;;;;;;;;;;;;;;;;;;;;;;;;;;;;;;2.106143849;2.039721597;1.975048534;1.912118044;1.850930581;1.791492717;1.733816123;1.677916496;1.623812492;1.571524684;1.521074579;1.472483708;1.425772813;1.380961129;1.338065792;1.297101343;1.258079365;1.221008227;1.185892936;1.152735099;1.121532981;1.092281650;1.064973198;1.039597036;1.016140244;0.994587966;0.974923838;0.957130447;0.941189799;0.927083791;0.914794681;0.904305538;0.895600683;0.888666087;0.883489753;0.880062044;0.878375987;0.878427522;0.880215717;0.883742935;0.889014963;0.896041097;0.904834198;0.915410705;0.927790632;0.941997529;0.958058434;0.976003805;0.995867450;1.017686445;1.041501057;1.067354669;1.095293707;1.125367579;1.157628602;1.192131947;1.228935563;1.268100087;1.309688733;1.353767118;1.400403039;1.449666147;1.501627496;1.556358938;1.613932308;1.674418362;1.737885399;1.804397511;1.874012378;1.946778539;2.022732026;2.101892280;2.184257211;2.269797300;2.358448578;2.450104346;2.544605471;2.641729056;2.741175314;2.842552398;2.945358995;;;;;;;;;;;;;;;;;;;;;;;;;;;
-3.300;;;;;;;;;;;;;;;;;;;;;;;;;;;;;;;;;;;2.170655922;2.104606956;2.040250750;1.977580879;1.916598750;1.857312560;1.799736178;1.743887980;1.689789699;1.637465301;1.586939929;1.538238921;1.491386931;1.446407156;1.403320682;1.362145946;1.322898322;1.285589832;1.250228960;1.216820591;1.185366040;1.155863181;1.128306656;1.102688164;1.078996802;1.057219463;1.037341276;1.019346067;1.003216843;0.988936286;0.976487240;0.965853189;0.957018721;0.949969962;0.944694985;0.941184177;0.939430572;0.939430146;0.941182058;0.944688860;0.949956660;0.956995241;0.965818147;0.976442732;0.988890172;1.003185460;1.019357364;1.037438377;1.057464646;1.079475888;1.103515300;1.129629463;1.157868235;1.188284638;1.220934742;1.255877520;1.293174695;1.332890543;1.375091651;1.419846613;1.467225630;1.517300001;1.570141466;1.625821353;1.684409509;1.745972936;1.810574089;1.878268768;1.949103521;2.023112480;2.100313530;2.180703707;2.264253714;2.350901413;2.440544159;2.533029829;2.628146355;2.725609597;2.825049346;2.925993236;;;;;;;;;;;;;;;;;;;;;;;;;;;;
-3.400;;;;;;;;;;;;;;;;;;;;;;;;;;;;;;;;;;;;2.171364602;2.107398478;2.045057516;1.984344050;1.925267922;1.867845262;1.812097232;1.758048780;1.705727432;1.655162152;1.606382291;1.559416633;1.514292563;1.471035351;1.429667563;1.390208605;1.352674386;1.317077101;1.283425140;1.251723091;1.221971852;1.194168828;1.168308207;1.144381300;1.122376946;1.102281947;1.084081550;1.067759941;1.053300759;1.040687602;1.029904537;1.020936585;1.013770195;1.008393676;1.004797605;1.002975197;1.002922629;1.004639328;1.008128210;1.013395879;1.020452780;1.029313318;1.039995931;1.052523130;1.066921505;1.083221707;1.101458395;1.121670171;1.143899482;1.168192515;1.194599067;1.223172400;1.253969077;1.287048769;1.322474037;1.360310069;1.400624372;1.443486389;1.488967035;1.537138120;1.588071629;1.641838837;1.698509200;1.758148990;1.820819619;1.886575585;1.955461973;2.027511437;2.102740574;2.181145588;2.262697142;2.347334282;2.434957286;2.525419314;2.618516687;2.713977624;2.811449262;2.910482739;;;;;;;;;;;;;;;;;;;;;;;;;;;;;
-3.500;;;;;;;;;;;;;;;;;;;;;;;;;;;;;;;;;;;;;2.176432514;2.114492316;2.054114513;1.995310586;1.938098973;1.882503704;1.828553064;1.776278286;1.725712331;1.676888756;1.629840683;1.584599903;1.541196098;1.499656200;1.460003877;1.422259161;1.386438195;1.352553100;1.320611968;1.290618942;1.262574404;1.236475244;1.212315196;1.190085238;1.169774044;1.151368470;1.134854068;1.120215613;1.107437638;1.096504967;1.087403234;1.080119379;1.074642121;1.070962402;1.069073789;1.068972834;1.070659403;1.074136947;1.079412735;1.086498042;1.095408294;1.106163166;1.118786648;1.133307061;1.149757050;1.168173536;1.188597639;1.211074570;1.235653499;1.262387387;1.291332792;1.322549639;1.356100955;1.392052546;1.430472629;1.471431390;1.515000443;1.561252198;1.610259077;1.662092579;1.716822131;1.774513706;1.835228147;1.899019138;1.965930779;2.035994665;2.109226419;2.185621562;2.265150645;2.347753518;2.433332612;2.521745117;2.612793893;2.706216954;2.801675370;2.898739367;;;;;;;;;;;;;;;;;;;;;;;;;;;;;;
-3.600;;;;;;;;;;;;;;;;;;;;;;;;;;;;;;;;;;;;;;2.185829279;2.125856816;2.067390094;2.010449872;1.955063112;1.901261529;1.849080198;1.798556233;1.749727571;1.702631872;1.657305541;1.613782893;1.572095447;1.532271367;1.494335039;1.458306783;1.424202687;1.392034569;1.361810044;1.333532691;1.307202316;1.282815283;1.260364918;1.239841966;1.221235088;1.204531391;1.189716975;1.176777492;1.165698706;1.156467039;1.149070100;1.143497194;1.139739801;1.137792006;1.137650910;1.139316979;1.142794361;1.148091145;1.155219585;1.164196267;1.175042231;1.187783055;1.202448885;1.219074429;1.237698909;1.258365971;1.281123554;1.306023726;1.333122471;1.362479434;1.394157620;1.428223034;1.464744256;1.503791944;1.545438239;1.589756067;1.636818299;1.686696763;1.739461052;1.795177108;1.853905532;1.915699569;1.980602715;2.048645870;2.119843984;2.194192092;2.271660659;2.352190136;2.435684598;2.522004366;2.610957447;2.702289668;2.795673329;2.890694192;2.986836635;;;;;;;;;;;;;;;;;;;;;;;;;;;;;;
-3.700;;;;;;;;;;;;;;;;;;;;;;;;;;;;;;;;;;;;;;;2.199518421;2.141455623;2.084849123;2.029728844;1.976130008;1.924091633;1.873655122;1.824862957;1.777757509;1.732379996;1.688769569;1.646962552;1.606991825;1.568886355;1.532670863;1.498365631;1.465986429;1.435544565;1.407047036;1.380496776;1.355892993;1.333231566;1.312505511;1.293705493;1.276820366;1.261837745;1.248744587;1.237527774;1.228174694;1.220673802;1.215015160;1.211190946;1.209195932;1.209027921;1.210688131;1.214181548;1.219517219;1.226708495;1.235773228;1.246733918;1.259617796;1.274456878;1.291287948;1.310152502;1.331096645;1.354170928;1.379430139;1.406933039;1.436742038;1.468922809;1.503543818;1.540675792;1.580391065;1.622762833;1.667864257;1.715767423;1.766542105;1.820254314;1.876964579;1.936725927;1.999581510;2.065561801;2.134681319;2.206934789;2.282292654;2.360695859;2.442049785;2.526217230;2.613010307;2.702181118;2.793411058;2.886298576;2.980345220;;;;;;;;;;;;;;;;;;;;;;;;;;;;;;;
-3.800;;;;;;;;;;;;;;;;;;;;;;;;;;;;;;;;;;;;;;;;2.217458250;2.161248479;2.106453697;2.053112669;2.001268439;1.950966808;1.902254935;1.855180067;1.809788405;1.766124130;1.724228569;1.684139529;1.645890769;1.609511632;1.575026809;1.542456241;1.511815146;1.483114150;1.456359532;1.431553545;1.408694827;1.387778866;1.368798521;1.351744586;1.336606374;1.323372327;1.312030622;1.302569785;1.294979279;1.289250082;1.285375227;1.283350318;1.283173995;1.284848360;1.288379353;1.293777077;1.301056068;1.310235514;1.321339410;1.334396662;1.349441131;1.366511621;1.385651803;1.406910082;1.430339405;1.455996995;1.483944027;1.514245217;1.546968345;1.582183667;1.619963244;1.660380139;1.703507480;1.749417368;1.798179601;1.849860174;1.904519541;1.962210576;2.022976193;2.086846578;2.153835963;2.223938870;2.297125765;2.373338009;2.452482036;2.534422633;2.618975214;2.705896955;2.794876652;2.885523144;;;;;;;;;;;;;;;;;;;;;;;;;;;;;;;;;
-3.900;;;;;;;;;;;;;;;;;;;;;;;;;;;;;;;;;;;;;;;;;;2.185191927;2.132163800;2.080565367;2.030446905;1.981860363;1.934857990;1.889491129;1.845809154;1.803858581;1.763682330;1.725319153;1.688803216;1.654163826;1.621425301;1.590606973;1.561723305;1.534784117;1.509794912;1.486757278;1.465669363;1.446526412;1.429321333;1.414045317;1.400688457;1.389240391;1.379690937;1.372030717;1.366251765;1.362348104;1.360316289;1.360155908;1.361870041;1.365465664;1.370953998;1.378350802;1.387676610;1.398956898;1.412222190;1.427508102;1.444855314;1.464309475;1.485921035;1.509745004;1.535840628;1.564270990;1.595102505;1.628404331;1.664247658;1.702704875;1.743848600;1.787750544;1.834480191;1.884103270;1.936679977;1.992262912;2.050894702;2.112605230;2.177408450;2.245298692;2.316246412;2.390193282;2.467046562;2.546672619;2.628889517;2.713458537;2.800074504;2.888354778;;;;;;;;;;;;;;;;;;;;;;;;;;;;;;;;;;
-4.000;;;;;;;;;;;;;;;;;;;;;;;;;;;;;;;;;;;;;;;;;;;2.213239899;2.161937857;2.112050343;2.063634164;2.016746676;1.971444483;1.927782298;1.885811978;1.845581727;1.807135466;1.770512364;1.735746532;1.702866855;1.671896968;1.642855358;1.615755576;1.590606555;1.567413016;1.546175943;1.526893132;1.509559777;1.494169100;1.480712998;1.469182711;1.459569487;1.451865230;1.446063146;1.442158347;1.440148429;1.440034001;1.441819175;1.445511992;1.451124800;1.458674563;1.468183105;1.479677291;1.493189132;1.508755812;1.526419647;1.546227958;1.568232858;1.592490957;1.619062969;1.648013218;1.679409036;1.713320044;1.749817298;1.788972288;1.830855773;1.875536430;1.923079289;1.973543926;2.026982379;2.083436748;2.142936436;2.205494973;2.271106369;2.339740928;2.411340457;2.485812775;2.563025439;2.642798586;2.724896776;2.809019717;2.894791731;;;;;;;;;;;;;;;;;;;;;;;;;;;;;;;;;;;
-4.100;;;;;;;;;;;;;;;;;;;;;;;;;;;;;;;;;;;;;;;;;;;;2.245344117;2.195733107;2.147530762;2.100799607;2.055601593;2.011996880;1.970042792;1.929792955;1.891296604;1.854598074;1.819736437;1.786745310;1.755652800;1.726481582;1.699249104;1.673967893;1.650645956;1.629287271;1.609892333;1.592458759;1.576981936;1.563455692;1.551872984;1.542226590;1.534509791;1.528717040;1.524844602;1.522891156;1.522858355;1.524751341;1.528579196;1.534355334;1.542097830;1.551829667;1.563578920;1.577378851;1.593267924;1.611289733;1.631492834;1.653930486;1.678660283;1.705743679;1.735245397;1.767232705;1.801774557;1.838940580;1.878799882;1.921419683;1.966863719;2.015190411;2.066450758;2.120685925;2.177924471;2.238179186;2.301443470;2.367687203;2.436852029;2.508845981;2.583537376;2.660747854;2.740244496;2.821730880;2.904836952;;;;;;;;;;;;;;;;;;;;;;;;;;;;;;;;;;;;
-4.200;;;;;;;;;;;;;;;;;;;;;;;;;;;;;;;;;;;;;;;;;;;;;;2.233505712;2.186969641;2.141913358;2.098402535;2.056500050;2.016265051;1.977752205;1.941011129;1.906085991;1.873015272;1.841831687;1.812562237;1.785228400;1.759846428;1.736427748;1.714979451;1.695504846;1.678004084;1.662474818;1.648912891;1.637313055;1.627669681;1.619977474;1.614232165;1.610431179;1.608574265;1.608664084;1.610706740;1.614712253;1.620694966;1.628673883;1.638672916;1.650721066;1.664852501;1.681106548;1.699527585;1.720164823;1.743071983;1.768306853;1.795930715;1.826007640;1.858603631;1.893785605;1.931620205;1.972172401;2.015503888;2.061671231;2.110723744;2.162701057;2.217630344;2.275523156;2.336371825;2.400145362;2.466784809;2.536197956;2.608253355;2.682773539;2.759527353;2.838221287;;;;;;;;;;;;;;;;;;;;;;;;;;;;;;;;;;;;;;
-4.300;;;;;;;;;;;;;;;;;;;;;;;;;;;;;;;;;;;;;;;;;;;;;;;2.275210451;2.230329516;2.186945922;2.145128138;2.104940894;2.066444356;2.029693508;1.994737700;1.961620373;1.930378945;1.901044842;1.873643670;1.848195500;1.824715268;1.803213258;1.783695673;1.766165263;1.750621997;1.737063781;1.725487186;1.715888187;1.708262904;1.702608314;1.698922949;1.697207547;1.697465659;1.699704201;1.703933944;1.710169926;1.718431791;1.728744042;1.741136194;1.755642846;1.772303627;1.791163045;1.812270218;1.835678466;1.861444780;1.889629144;1.920293695;1.953501722;1.989316470;2.027799755;2.069010340;2.113002081;2.159821790;2.209506791;2.262082145;2.317557482;2.375923416;2.437147477;2.501169498;2.567896414;2.637196371;2.708892086;2.782753359;2.858488634;;;;;;;;;;;;;;;;;;;;;;;;;;;;;;;;;;;;;;;
-4.400;;;;;;;;;;;;;;;;;;;;;;;;;;;;;;;;;;;;;;;;;;;;;;;;;2.277571459;2.235867149;2.195757167;2.157307200;2.120577628;2.085623023;2.052491829;2.021226219;1.991862093;1.964429232;1.938951574;1.915447601;1.893930826;1.874410369;1.856891588;1.841376773;1.827865869;1.816357235;1.806848397;1.799336809;1.793820592;1.790299250;1.788774341;1.789250102;1.791734017;1.796237310;1.802775367;1.811368065;1.822040019;1.834820716;1.849744547;1.866850718;1.886183043;1.907789597;1.931722230;1.958035925;1.986788000;2.018037123;2.051842137;2.088260683;2.127347589;2.169153004;2.213720266;2.261083454;2.311264609;2.364270573;2.420089409;2.478686355;2.539999255;2.603933405;2.670355750;2.739088356;2.809901066;;;;;;;;;;;;;;;;;;;;;;;;;;;;;;;;;;;;;;;;;
-4.500;;;;;;;;;;;;;;;;;;;;;;;;;;;;;;;;;;;;;;;;;;;;;;;;;;;2.288644218;2.250266370;2.213585373;2.178660999;2.145546686;2.114289347;2.084929349;2.057500638;2.032031002;2.008542451;1.987051699;1.967570738;1.950107484;1.934666475;1.921249612;1.909856929;1.900487367;1.893139555;1.887812565;1.884506642;1.883223899;1.883968946;1.886749471;1.891576735;1.898465988;1.907436794;1.918513254;1.931724109;1.947102737;1.964687006;1.984519002;2.006644599;2.031112870;2.057975329;2.087284993;2.119095231;2.153458411;2.190424305;2.230038239;2.272338965;2.317356220;2.365107949;2.415597154;2.468808327;2.524703418;2.583217304;2.644252675;2.707674307;2.773302617;;;;;;;;;;;;;;;;;;;;;;;;;;;;;;;;;;;;;;;;;;;
-4.600;;;;;;;;;;;;;;;;;;;;;;;;;;;;;;;;;;;;;;;;;;;;;;;;;;;;;2.308626861;2.273756567;2.240685684;2.209465787;2.180141630;2.152751244;2.127326179;2.103891877;2.082468150;2.063069746;2.045707004;2.030386558;2.017112089;2.005885107;1.996705742;1.989573534;1.984488205;1.981450406;1.980462414;1.981528777;1.984656889;1.989857485;1.997145049;2.006538118;2.018059475;2.031736217;2.047599700;2.065685327;2.086032195;2.108682568;2.133681179;2.161074332;2.190908805;2.223230526;2.258083011;2.295505537;2.335531031;2.378183646;2.423475998;2.471406028;2.521953448;2.575075734;2.630703623;2.688736041;2.749034430;;;;;;;;;;;;;;;;;;;;;;;;;;;;;;;;;;;;;;;;;;;;;
-4.700;;;;;;;;;;;;;;;;;;;;;;;;;;;;;;;;;;;;;;;;;;;;;;;;;;;;;;;2.337790671;2.306631534;2.277370044;2.250048149;2.224700993;2.201357269;2.180039687;2.160765546;2.143547379;2.128393665;2.115309588;2.104297829;2.095359363;2.088494264;2.083702485;2.080984608;2.080342554;2.081780220;2.085304056;2.090923546;2.098651599;2.108504824;2.120503686;2.134672528;2.151039448;2.169636014;2.190496818;2.213658837;2.239160602;2.267041153;2.297338767;2.330089432;2.365325061;2.403071409;2.443345678;2.486153772;2.531487187;2.579319474;2.629602263;2.682260782;2.737188831;;;;;;;;;;;;;;;;;;;;;;;;;;;;;;;;;;;;;;;;;;;;;;;
-4.800;;;;;;;;;;;;;;;;;;;;;;;;;;;;;;;;;;;;;;;;;;;;;;;;;;;;;;;;;;2.349227405;2.323985488;2.300763453;2.279586613;2.260474495;2.243441489;2.228497552;2.215648975;2.204899178;2.196249511;2.189700067;2.185250462;2.182900592;2.182651334;2.184505185;2.188466819;2.194543557;2.202745723;2.213086887;2.225583973;2.240257216;2.257129969;2.276228328;2.297580574;2.321216410;2.347165986;2.375458681;2.406121637;2.439178015;2.474644961;2.512531243;2.552834545;2.595538381;2.640608598;2.687989422;;;;;;;;;;;;;;;;;;;;;;;;;;;;;;;;;;;;;;;;;;;;;;;;;;
-4.900;;;;;;;;;;;;;;;;;;;;;;;;;;;;;;;;;;;;;;;;;;;;;;;;;;;;;;;;;;;;;;2.361963045;2.345149131;2.330451730;2.317877705;2.307430639;2.299111636;2.292920134;2.288854684;2.286913700;2.287096150;2.289402186;2.293833676;2.300394647;2.309091607;2.319933737;2.332932939;2.348103724;2.365462928;2.385029232;2.406822484;2.430862793;2.457169383;2.485759195;2.516645201;2.549834421;2.585325613;2.623106613;2.663151290;;;;;;;;;;;;;;;;;;;;;;;;;;;;;;;;;;;;;;;;;;;;;;;;;;;;;
-5.000;;;;;;;;;;;;;;;;;;;;;;;;;;;;;;;;;;;;;;;;;;;;;;;;;;;;;;;;;;;;;;;;;;2.411558876;2.403602406;2.397800840;2.394150745;2.392648062;2.393288780;2.396069540;2.400988147;2.408043966;2.417238198;2.428574017;2.442056543;2.457692646;2.475490554;2.495459262;2.517607706;2.541943702;2.568472614;2.597195746;2.628108421;;;;;;;;;;;;;;;;;;;;;;;;;;;;;;;;;;;;;;;;;;;;;;;;;;;;;;;;;
-5.100;;;;;;;;;;;;;;;;;;;;;;;;;;;;;;;;;;;;;;;;;;;;;;;;;;;;;;;;;;;;;;;;;;;;;;;;;;;;;;;;;;;;;;;;;;;;;;;;;;;;;;;;;;;;;;;;;;;;;;;;;;;;;;;;;;;;;;;;;;;;;;
-5.200;;;;;;;;;;;;;;;;;;;;;;;;;;;;;;;;;;;;;;;;;;;;;;;;;;;;;;;;;;;;;;;;;;;;;;;;;;;;;;;;;;;;;;;;;;;;;;;;;;;;;;;;;;;;;;;;;;;;;;;;;;;;;;;;;;;;;;;;;;;;;;
-5.300;;;;;;;;;;;;;;;;;;;;;;;;;;;;;;;;;;;;;;;;;;;;;;;;;;;;;;;;;;;;;;;;;;;;;;;;;;;;;;;;;;;;;;;;;;;;;;;;;;;;;;;;;;;;;;;;;;;;;;;;;;;;;;;;;;;;;;;;;;;;;;
-5.400;;;;;;;;;;;;;;;;;;;;;;;;;;;;;;;;;;;;;;;;;;;;;;;;;;;;;;;;;;;;;;;;;;;;;;;;;;;;;;;;;;;;;;;;;;;;;;;;;;;;;;;;;;;;;;;;;;;;;;;;;;;;;;;;;;;;;;;;;;;;;;
-5.500;;;;;;;;;;;;;;;;;;;;;;;;;;;;;;;;;;;;;;;;;;;;;;;;;;;;;;;;;;;;;;;;;;;;;;;;;;;;;;;;;;;;;;;;;;;;;;;;;;;;;;;;;;;;;;;;;;;;;;;;;;;;;;;;;;;;;;;;;;;;;;
-5.600;;;;;;;;;;;;;;;;;;;;;;;;;;;;;;;;;;;;;;;;;;;;;;;;;;;;;;;;;;;;;;;;;;;;;;;;;;;;;;;;;;;;;;;;;;;;;;;;;;;;;;;;;;;;;;;;;;;;;;;;;;;;;;;;;;;;;;;;;;;;;;
-5.700;;;;;;;;;;;;;;;;;;;;;;;;;;;;;;;;;;;;;;;;;;;;;;;;;;;;;;;;;;;;;;;;;;;;;;;;;;;;;;;;;;;;;;;;;;;;;;;;;;;;;;;;;;;;;;;;;;;;;;;;;;;;;;;;;;;;;;;;;;;;;;
-5.800;;;;;;;;;;;;;;;;;;;;;;;;;;;;;;;;;;;;;;;;;;;;;;;;;;;;;;;;;;;;;;;;;;;;;;;;;;;;;;;;;;;;;;;;;;;;;;;;;;;;;;;;;;;;;;;;;;;;;;;;;;;;;;;;;;;;;;;;;;;;;;
-5.900;;;;;;;;;;;;;;;;;;;;;;;;;;;;;;;;;;;;;;;;;;;;;;;;;;;;;;;;;;;;;;;;;;;;;;;;;;;;;;;;;;;;;;;;;;;;;;;;;;;;;;;;;;;;;;;;;;;;;;;;;;;;;;;;;;;;;;;;;;;;;;
-6.000;;;;;;;;;;;;;;;;;;;;;;;;;;;;;;;;;;;;;;;;;;;;;;;;;;;;;;;;;;;;;;;;;;;;;;;;;;;;;;;;;;;;;;;;;;;;;;;;;;;;;;;;;;;;;;;;;;;;;;;;;;;;;;;;;;;;;;;;;;;;;;
-6.100;;;;;;;;;;;;;;;;;;;;;;;;;;;;;;;;;;;;;;;;;;;;;;;;;;;;;;;;;;;;;;;;;;;;;;;;;;;;;;;;;;;;;;;;;;;;;;;;;;;;;;;;;;;;;;;;;;;;;;;;;;;;;;;;;;;;;;;;;;;;;;
-6.200;;;;;;;;;;;;;;;;;;;;;;;;;;;;;;;;;;;;;;;;;;;;;;;;;;;;;;;;;;;;;;;;;;;;;;;;;;;;;;;;;;;;;;;;;;;;;;;;;;;;;;;;;;;;;;;;;;;;;;;;;;;;;;;;;;;;;;;;;;;;;;
-6.300;;;;;;;;;;;;;;;;;;;;;;;;;;;;;;;;;;;;;;;;;;;;;;;;;;;;;;;;;;;;;;;;;;;;;;;;;;;;;;;;;;;;;;;;;;;;;;;;;;;;;;;;;;;;;;;;;;;;;;;;;;;;;;;;;;;;;;;;;;;;;;
-6.400;;;;;;;;;;;;;;;;;;;;;;;;;;;;;;;;;;;;;;;;;;;;;;;;;;;;;;;;;;;;;;;;;;;;;;;;;;;;;;;;;;;;;;;;;;;;;;;;;;;;;;;;;;;;;;;;;;;;;;;;;;;;;;;;;;;;;;;;;;;;;;
-6.500;;;;;;;;;;;;;;;;;;;;;;;;;;;;;;;;;;;;;;;;;;;;;;;;;;;;;;;;;;;;;;;;;;;;;;;;;;;;;;;;;;;;;;;;;;;;;;;;;;;;;;;;;;;;;;;;;;;;;;;;;;;;;;;;;;;;;;;;;;;;;;
-6.600;;;;;;;;;;;;;;;;;;;;;;;;;;;;;;;;;;;;;;;;;;;;;;;;;;;;;;;;;;;;;;;;;;;;;;;;;;;;;;;;;;;;;;;;;;;;;;;;;;;;;;;;;;;;;;;;;;;;;;;;;;;;;;;;;;;;;;;;;;;;;;
-6.700;;;;;;;;;;;;;;;;;;;;;;;;;;;;;;;;;;;;;;;;;;;;;;;;;;;;;;;;;;;;;;;;;;;;;;;;;;;;;;;;;;;;;;;;;;;;;;;;;;;;;;;;;;;;;;;;;;;;;;;;;;;;;;;;;;;;;;;;;;;;;;
-6.800;;;;;;;;;;;;;;;;;;;;;;;;;;;;;;;;;;;;;;;;;;;;;;;;;;;;;;;;;;;;;;;;;;;;;;;;;;;;;;;;;;;;;;;;;;;;;;;;;;;;;;;;;;;;;;;;;;;;;;;;;;;;;;;;;;;;;;;;;;;;;;
-6.900;;;;;;;;;;;;;;;;;;;;;;;;;;;;;;;;;;;;;;;;;;;;;;;;;;;;;;;;;;;;;;;;;;;;;;;;;;;;;;;;;;;;;;;;;;;;;;;;;;;;;;;;;;;;;;;;;;;;;;;;;;;;;;;;;;;;;;;;;;;;;;
-7.000;;;;;;;;;;;;;;;;;;;;;;;;;;;;;;;;;;;;;;;;;;;;;;;;;;;;;;;;;;;;;;;;;;;;;;;;;;;;;;;;;;;;;;;;;;;;;;;;;;;;;;;;;;;;;;;;;;;;;;;;;;;;;;;;;;;;;;;;;;;;;;
BACK related to FRONT [mm];-7.000;-6.900;-6.800;-6.700;-6.600;-6.500;-6.400;-6.300;-6.200;-6.100;-6.000;-5.900;-5.800;-5.700;-5.600;-5.500;-5.400;-5.300;-5.200;-5.100;-5.000;-4.900;-4.800;-4.700;-4.600;-4.500;-4.400;-4.300;-4.200;-4.100;-4.000;-3.900;-3.800;-3.700;-3.600;-3.500;-3.400;-3.300;-3.200;-3.100;-3.000;-2.900;-2.800;-2.700;-2.600;-2.500;-2.400;-2.300;-2.200;-2.100;-2.000;-1.900;-1.800;-1.700;-1.600;-1.500;-1.400;-1.300;-1.200;-1.100;-1.000;-0.900;-0.800;-0.700;-0.600;-0.500;-0.400;-0.300;-0.200;-0.100;0.000;0.100;0.200;0.300;0.400;0.500;0.600;0.700;0.800;0.900;1.000;1.100;1.200;1.300;1.400;1.500;1.600;1.700;1.800;1.900;2.000;2.100;2.200;2.300;2.400;2.500;2.600;2.700;2.800;2.900;3.000;3.100;3.200;3.300;3.400;3.500;3.600;3.700;3.800;3.900;4.000;4.100;4.200;4.300;4.400;4.500;4.600;4.700;4.800;4.900;5.000;5.100;5.200;5.300;5.400;5.500;5.600;5.700;5.800;5.900;6.000;6.100;6.200;6.300;6.400;6.500;6.600;6.700;6.800;6.900;7.000;
7.000;;;;;;;;;;;;;;;;;;;;;;;;;;;;;;;;;;;;;;;;;;;;;;;;;;;;;;;;;;;;;;;;;;;;;;;;;;;;;;;;;;;;;;;;;;;;;;;;;;;;;;;;;;;;;;;;;;;;;;;;;;;;;;;;;;;;;;;;;;;;;;
6.900;;;;;;;;;;;;;;;;;;;;;;;;;;;;;;;;;;;;;;;;;;;;;;;;;;;;;;;;;;;;;;;;;;;;;;;;;;;;;;;;;;;;;;;;;;;;;;;;;;;;;;;;;;;;;;;;;;;;;;;;;;;;;;;;;;;;;;;;;;;;;;
6.800;;;;;;;;;;;;;;;;;;;;;;;;;;;;;;;;;;;;;;;;;;;;;;;;;;;;;;;;;;;;;;;;;;;;;;;;;;;;;;;;;;;;;;;;;;;;;;;;;;;;;;;;;;;;;;;;;;;;;;;;;;;;;;;;;;;;;;;;;;;;;;
6.700;;;;;;;;;;;;;;;;;;;;;;;;;;;;;;;;;;;;;;;;;;;;;;;;;;;;;;;;;;;;;;;;;;;;;;;;;;;;;;;;;;;;;;;;;;;;;;;;;;;;;;;;;;;;;;;;;;;;;;;;;;;;;;;;;;;;;;;;;;;;;;
6.600;;;;;;;;;;;;;;;;;;;;;;;;;;;;;;;;;;;;;;;;;;;;;;;;;;;;;;;;;;;;;;;;;;;;;;;;;;;;;;;;;;;;;;;;;;;;;;;;;;;;;;;;;;;;;;;;;;;;;;;;;;;;;;;;;;;;;;;;;;;;;;
6.500;;;;;;;;;;;;;;;;;;;;;;;;;;;;;;;;;;;;;;;;;;;;;;;;;;;;;;;;;;;;;;;;;;;;;;;;;;;;;;;;;;;;;;;;;;;;;;;;;;;;;;;;;;;;;;;;;;;;;;;;;;;;;;;;;;;;;;;;;;;;;;
6.400;;;;;;;;;;;;;;;;;;;;;;;;;;;;;;;;;;;;;;;;;;;;;;;;;;;;;;;;;;;;;;;;;;;;;;;;;;;;;;;;;;;;;;;;;;;;;;;;;;;;;;;;;;;;;;;;;;;;;;;;;;;;;;;;;;;;;;;;;;;;;;
6.300;;;;;;;;;;;;;;;;;;;;;;;;;;;;;;;;;;;;;;;;;;;;;;;;;;;;;;;;;;;;;;;;;;;;;;;;;;;;;;;;;;;;;;;;;;;;;;;;;;;;;;;;;;;;;;;;;;;;;;;;;;;;;;;;;;;;;;;;;;;;;;
6.200;;;;;;;;;;;;;;;;;;;;;;;;;;;;;;;;;;;;;;;;;;;;;;;;;;;;;;;;;;;;;;;;;;;;;;;;;;;;;;;;;;;;;;;;;;;;;;;;;;;;;;;;;;;;;;;;;;;;;;;;;;;;;;;;;;;;;;;;;;;;;;
6.100;;;;;;;;;;;;;;;;;;;;;;;;;;;;;;;;;;;;;;;;;;;;;;;;;;;;;;;;;;;;;;;;;;;;;;;;;;;;;;;;;;;;;;;;;;;;;;;;;;;;;;;;;;;;;;;;;;;;;;;;;;;;;;;;;;;;;;;;;;;;;;
6.000;;;;;;;;;;;;;;;;;;;;;;;;;;;;;;;;;;;;;;;;;;;;;;;;;;;;;;;;;;;;;;;;;;;;;;;;;;;;;;;;;;;;;;;;;;;;;;;;;;;;;;;;;;;;;;;;;;;;;;;;;;;;;;;;;;;;;;;;;;;;;;
5.900;;;;;;;;;;;;;;;;;;;;;;;;;;;;;;;;;;;;;;;;;;;;;;;;;;;;;;;;;;;;;;;;;;;;;;;;;;;;;;;;;;;;;;;;;;;;;;;;;;;;;;;;;;;;;;;;;;;;;;;;;;;;;;;;;;;;;;;;;;;;;;
5.800;;;;;;;;;;;;;;;;;;;;;;;;;;;;;;;;;;;;;;;;;;;;;;;;;;;;;;;;;;;;;;;;;;;;;;;;;;;;;;;;;;;;;;;;;;;;;;;;;;;;;;;;;;;;;;;;;;;;;;;;;;;;;;;;;;;;;;;;;;;;;;
5.700;;;;;;;;;;;;;;;;;;;;;;;;;;;;;;;;;;;;;;;;;;;;;;;;;;;;;;;;;;;;;;;;;;;;;;;;;;;;;;;;;;;;;;;;;;;;;;;;;;;;;;;;;;;;;;;;;;;;;;;;;;;;;;;;;;;;;;;;;;;;;;
5.600;;;;;;;;;;;;;;;;;;;;;;;;;;;;;;;;;;;;;;;;;;;;;;;;;;;;;;;;;;;;;;;;;;;;;;;;;;;;;;;;;;;;;;;;;;;;;;;;;;;;;;;;;;;;;;;;;;;;;;;;;;;;;;;;;;;;;;;;;;;;;;
5.500;;;;;;;;;;;;;;;;;;;;;;;;;;;;;;;;;;;;;;;;;;;;;;;;;;;;;;;;;;;;;;;;;;;;;;;;;;;;;;;;;;;;;;;;;;;;;;;;;;;;;;;;;;;;;;;;;;;;;;;;;;;;;;;;;;;;;;;;;;;;;;
5.400;;;;;;;;;;;;;;;;;;;;;;;;;;;;;;;;;;;;;;;;;;;;;;;;;;;;;;;;;;;;;;;;;;;;;;;;;;;;;;;;;;;;;;;;;;;;;;;;;;;;;;;;;;;;;;;;;;;;;;;;;;;;;;;;;;;;;;;;;;;;;;
5.300;;;;;;;;;;;;;;;;;;;;;;;;;;;;;;;;;;;;;;;;;;;;;;;;;;;;;;;;;;;;;;;;;;;;;;;;;;;;;;;;;;;;;;;;;;;;;;;;;;;;;;;;;;;;;;;;;;;;;;;;;;;;;;;;;;;;;;;;;;;;;;
5.200;;;;;;;;;;;;;;;;;;;;;;;;;;;;;;;;;;;;;;;;;;;;;;;;;;;;;;;;;;;;;;;;;;;;;;;;;;;;;;;;;;;;;;;;;;;;;;;;;;;;;;;;;;;;;;;;;;;;;;;;;;;;;;;;;;;;;;;;;;;;;;
5.100;;;;;;;;;;;;;;;;;;;;;;;;;;;;;;;;;;;;;;;;;;;;;;;;;;;;;;;;;;;;;;;;;;;;;;;;;;;;;;;;;;;;;;;;;;;;;;;;;;;;;;;;;;;;;;;;;;;;;;;;;;;;;;;;;;;;;;;;;;;;;;
5.000;;;;;;;;;;;;;;;;;;;;;;;;;;;;;;;;;;;;;;;;;;;;;;;;;;;;;;;;;;;;;;;;;;;;;;;;;;;;;;;;;;;;;;;;;;;;;;;;;;;;;;;;;;;;;;;;;;;;;;;;;;;;;;;;;;;;;;;;;;;;;;
4.900;;;;;;;;;;;;;;;;;;;;;;;;;;;;;;;;;;;;;;;;;;;;;;;;;;;;;;;;;;;;;;;;;;;;;;;;;;;;;;;;;;;;;;;;;;;;;;;;;;;;;;;;;;;;;;;;;;;;;;;;;;;;;;;;;;;;;;;;;;;;;;
4.800;;;;;;;;;;;;;;;;;;;;;;;;;;;;;;;;;;;;;;;;;;;;;;;;;;;;;;;;;;;;;;;;;;;;;;;;;;;;;;;;;;;;;;;;;;;;;;;;;;;;;;;;;;;;;;;;;;;;;;;;;;;;;;;;;;;;;;;;;;;;;;
4.700;;;;;;;;;;;;;;;;;;;;;;;;;;;;;;;;;;;;;;;;;;;;;;;;;;;;;;;;;;;;;;;;;;;;;;;;;;;;;;;;;;;;;;;;;;;;;;;;;;;;;;;;;;;;;;;;;;;;;;;;;;;;;;;;;;;;;;;;;;;;;;
4.600;;;;;;;;;;;;;;;;;;;;;;;;;;;;;;;;;;;;;;;;;;;;;;;;;;;;;;;;;;;;;;;;;;;;;;;;;;;;;;;;;;;;;;;;;;;;;;;;;;;;;;;;;;;;;;;;;;;;;;;;;;;;;;;;;;;;;;;;;;;;;;
4.500;;;;;;;;;;;;;;;;;;;;;;;;;;;;;;;;;;;;;;;;;;;;;;;;;;;;;;;;;;;;;;;;;;;;;;;;;;;;;;;;;;;;;;;;;;;;;;;;;;;;;;;;;;;;;;;;;;;;;;;;;;;;;;;;;;;;;;;;;;;;;;
4.400;;;;;;;;;;;;;;;;;;;;;;;;;;;;;;;;;;;;;;;;;;;;;;;;;;;;;;;;;;;;;;;;;;;;;;;;;;;;;;;;;;;;;;;;;;;;;;;;;;;;;;;;;;;;;;;;;;;;;;;;;;;;;;;;;;;;;;;;;;;;;;
4.300;;;;;;;;;;;;;;;;;;;;;;;;;;;;;;;;;;;;;;;;;;;;;;;;;;;;;;;;;;;;;;;;;;;;;;;;;;;;;;;;;;;;;;;;;;;;;;;;;;;;;;;;;;;;;;;;;;;;;;;;;;;;;;;;;;;;;;;;;;;;;;
4.200;;;;;;;;;;;;;;;;;;;;;;;;;;;;;;;;;;;;;;;;;;;;;;;;;;;;;;;;;;;;;;;;;;;;;;;;;;;;;;;;;;;;;;;;;;;;;;;;;;;;;;;;;;;;;;;;;;;;;;;;;;;;;;;;;;;;;;;;;;;;;;
4.100;;;;;;;;;;;;;;;;;;;;;;;;;;;;;;;;;;;;;;;;;;;;;;;;;;;;;;;;;;;;;;;;;;;;;;;;;;;;;;;;;;;;;;;;;;;;;;;;;;;;;;;;;;;;;;;;;;;;;;;;;;;;;;;;;;;;;;;;;;;;;;
4.000;;;;;;;;;;;;;;;;;;;;;;;;;;;;;;;;;;;;;;;;;;;;;;;;;;;;;;;;;;;;;;;;;;;;2.017036988;2.014533335;2.013736046;2.014647594;2.017274328;2.021626300;2.027717031;2.035563225;2.045184428;2.056602645;2.069841906;2.084927809;2.101887020;2.120746764;2.141534295;2.164276368;2.188998711;2.215725511;2.244478924;;;;;;;;;;;;;;;;;;;;;;;;;;;;;;;;;;;;;;;;;;;;;;;;;;;;;;;;
3.900;;;;;;;;;;;;;;;;;;;;;;;;;;;;;;;;;;;;;;;;;;;;;;;;;;;;;;;;;;;;;;;1.983583003;1.972162893;1.962483708;1.954531187;1.948294604;1.943766892;1.940944710;1.939828465;1.940422272;1.942733860;1.946774419;1.952558396;1.960103231;1.969429051;1.980558311;1.993515393;2.008326179;2.025017582;2.043617071;2.064152170;2.086649963;2.111136593;2.137636788;2.166173394;2.196766948;2.229435283;2.264193182;2.301052076;2.340019801;;;;;;;;;;;;;;;;;;;;;;;;;;;;;;;;;;;;;;;;;;;;;;;;;;;
3.800;;;;;;;;;;;;;;;;;;;;;;;;;;;;;;;;;;;;;;;;;;;;;;;;;;;;;;;;;;;1.978111774;1.959310021;1.942312128;1.927095913;1.913641507;1.901931624;1.891951801;1.883690613;1.877139843;1.872294612;1.869153470;1.867718424;1.867994922;1.869991782;1.873721063;1.879197885;1.886440197;1.895468493;1.906305484;1.918975731;1.933505241;1.949921035;1.968250697;1.988521907;2.010761975;2.034997371;2.061253277;2.089553152;2.119918334;2.152367674;2.186917217;2.223579928;2.262365479;2.303280085;2.346326395;2.391503443;2.438806641;;;;;;;;;;;;;;;;;;;;;;;;;;;;;;;;;;;;;;;;;;;;;;;
3.700;;;;;;;;;;;;;;;;;;;;;;;;;;;;;;;;;;;;;;;;;;;;;;;;;;;;;;;;1.978932476;1.954432673;1.931779530;1.910950303;1.891923406;1.874678691;1.859197728;1.845464078;1.833463555;1.823184470;1.814617844;1.807757589;1.802600658;1.799147139;1.797400311;1.797366647;1.799055765;1.802480321;1.807655863;1.814600615;1.823335231;1.833882486;1.846266947;1.860514590;1.876652400;1.894707949;1.914708957;1.936682853;1.960656338;1.986654956;2.014702697;2.044821616;2.077031503;2.111349583;2.147790275;2.186365002;2.227082053;2.269946509;2.314960210;2.362121786;2.411426711;2.462867398;;;;;;;;;;;;;;;;;;;;;;;;;;;;;;;;;;;;;;;;;;;;;
3.600;;;;;;;;;;;;;;;;;;;;;;;;;;;;;;;;;;;;;;;;;;;;;;;;;;;;;1.999105005;1.968883366;1.940537125;1.914046487;1.889391890;1.866554189;1.845514875;1.826256317;1.808762016;1.793016874;1.779007462;1.766722281;1.756152006;1.747289712;1.740131063;1.734674476;1.730921236;1.728875570;1.728544670;1.729938669;1.733070562;1.737956077;1.744613496;1.753063426;1.763328528;1.775433201;1.789403240;1.805265458;1.823047289;1.842776380;1.864480173;1.888185501;1.913918179;1.941702637;1.971561562;2.003515591;2.037583042;2.073779695;2.112118623;2.152610088;2.195261486;2.240077344;2.287059374;2.336206563;2.387515289;2.440979450;2.496590590;2.554337980;;;;;;;;;;;;;;;;;;;;;;;;;;;;;;;;;;;;;;;;;;
3.500;;;;;;;;;;;;;;;;;;;;;;;;;;;;;;;;;;;;;;;;;;;;;;;;;;;2.002378625;1.968368799;1.936226665;1.905937204;1.877485260;1.850855591;1.826032979;1.803002374;1.781749087;1.762259010;1.744518862;1.728516445;1.714240911;1.701683030;1.690835435;1.681692860;1.674252348;1.668513425;1.664478236;1.662151640;1.661541255;1.662657459;1.665513332;1.670124554;1.676509254;1.684687801;1.694682565;1.706517626;1.720218452;1.735811555;1.753324112;1.772783588;1.794217339;1.817652233;1.843114266;1.870628215;1.900217310;1.931902946;1.965704437;2.001638819;2.039720713;2.079962235;2.122372970;2.166959993;2.213727953;2.262679183;2.313813851;2.367130115;2.422624284;2.480290929;2.540122940;2.602111477;;;;;;;;;;;;;;;;;;;;;;;;;;;;;;;;;;;;;;;;
3.400;;;;;;;;;;;;;;;;;;;;;;;;;;;;;;;;;;;;;;;;;;;;;;;;;2.014824957;1.977116901;1.941256058;1.907232289;1.875035345;1.844654738;1.816079686;1.789299123;1.764301764;1.741076229;1.719611214;1.699895694;1.681919159;1.665671877;1.651145155;1.638331611;1.627225439;1.617822649;1.610121297;1.604121674;1.599826465;1.597240860;1.596372626;1.597232126;1.599832293;1.604188545;1.610318661;1.618242598;1.627982275;1.639561307;1.653004708;1.668338566;1.685589699;1.704785285;1.725952502;1.749118161;1.774308352;1.801548115;1.830861130;1.862269457;1.895793307;1.931450872;1.969258200;2.009229140;2.051375328;2.095706243;2.142229302;2.190950011;2.241872133;2.294997880;2.350328097;2.407862413;2.467599333;2.529536226;2.593669167;;;;;;;;;;;;;;;;;;;;;;;;;;;;;;;;;;;;;;;
3.300;;;;;;;;;;;;;;;;;;;;;;;;;;;;;;;;;;;;;;;;;;;;;;;2.036119024;1.994823586;1.955344140;1.917674532;1.881808997;1.847741822;1.815467088;1.784978490;1.756269239;1.729332030;1.704159086;1.680742255;1.659073168;1.639143434;1.620944878;1.604469796;1.589711226;1.576663234;1.565321180;1.555681986;1.547744370;1.541509064;1.536978985;1.534159376;1.533057891;1.533684647;1.536052208;1.540175539;1.546071890;1.553760649;1.563263140;1.574602386;1.587802830;1.602890036;1.619890360;1.638830608;1.659737694;1.682638291;1.707558501;1.734523541;1.763557460;1.794682887;1.827920836;1.863290541;1.900809367;1.940492761;1.982354271;2.026405618;2.072656820;2.121116364;2.171791403;2.224687977;2.279811228;2.337165584;2.396754884;2.458582409;2.522650765;2.588961578;2.657514932;;;;;;;;;;;;;;;;;;;;;;;;;;;;;;;;;;;;;
3.200;;;;;;;;;;;;;;;;;;;;;;;;;;;;;;;;;;;;;;;;;;;;;2.065933897;2.021172875;1.978190190;1.936981644;1.897544458;1.859876706;1.823976830;1.789843241;1.757474005;1.726866617;1.698017868;1.670923788;1.645579659;1.621980110;1.600119258;1.579990903;1.561588764;1.544906741;1.529939199;1.516681254;1.505129067;1.495280115;1.487133456;1.480689953;1.475952478;1.472926063;1.471618017;1.472037992;1.474197993;1.478112354;1.483797645;1.491272544;1.500557657;1.511675304;1.524649259;1.539504471;1.556266752;1.574962461;1.595618173;1.618260351;1.642915035;1.669607544;1.698362212;1.729202153;1.762149081;1.797223174;1.834442986;1.873825436;1.915385834;1.959137981;2.005094318;2.053266113;2.103663694;2.156296696;2.211174301;2.268305462;2.327699060;2.389363975;2.453309009;2.519542631;2.588072460;2.658904444;2.732041638;;;;;;;;;;;;;;;;;;;;;;;;;;;;;;;;;;;
3.100;;;;;;;;;;;;;;;;;;;;;;;;;;;;;;;;;;;;;;;;;;;2.103972237;2.055864020;2.009496738;1.964864940;1.921966170;1.880800172;1.841368172;1.803672235;1.767714719;1.733497814;1.701023193;1.670291743;1.641303410;1.614057110;1.588550743;1.564781266;1.542744837;1.522437011;1.503852975;1.486987827;1.471836863;1.458395882;1.446661492;1.436631400;1.428304697;1.421682099;1.416766173;1.413561509;1.412074856;1.412315211;1.414293854;1.418024335;1.423522409;1.430805928;1.439894679;1.450810185;1.463575471;1.478214797;1.494753368;1.513217030;1.533631956;1.556024342;1.580420098;1.606844578;1.635322325;1.665876856;1.698530495;1.733304251;1.770217757;1.809289266;1.850535703;1.893972785;1.939615186;1.987476757;2.037570777;2.089910230;2.144508077;2.201377510;2.260532147;2.321986139;2.385754142;2.451851096;2.520291773;2.591089996;2.664257485;2.739802219;;;;;;;;;;;;;;;;;;;;;;;;;;;;;;;;;;
3.000;;;;;;;;;;;;;;;;;;;;;;;;;;;;;;;;;;;;;;;;;;2.098645523;2.048999221;2.001054655;1.954805861;1.910250959;1.867391216;1.826230166;1.786772815;1.749024937;1.712992469;1.678681012;1.646095440;1.615239614;1.586116190;1.558726533;1.533070709;1.509147563;1.486954860;1.466489483;1.447747685;1.430725369;1.415418392;1.401822889;1.389935588;1.379754127;1.371277350;1.364505572;1.359440825;1.356087048;1.354450248;1.354538601;1.356362517;1.359934635;1.365269789;1.372384908;1.381298876;1.392032352;1.404607548;1.419047980;1.435378193;1.453623472;1.473809544;1.495962281;1.520107416;1.546270275;1.574475543;1.604747063;1.637107679;1.671579134;1.708182020;1.746935793;1.787858845;1.830968638;1.876281898;1.923814848;1.973583491;2.025603911;2.079892578;2.136466629;2.195344107;2.256544099;2.320086752;2.385993107;2.454284683;2.524982766;2.598107304;2.673675337;2.751698860;;;;;;;;;;;;;;;;;;;;;;;;;;;;;;;;;
2.900;;;;;;;;;;;;;;;;;;;;;;;;;;;;;;;;;;;;;;;;;2.096502273;2.045332042;1.995830359;1.947989310;1.901806300;1.857282970;1.814424174;1.773237027;1.733730044;1.695912383;1.659793201;1.625381114;1.592683786;1.561707613;1.532457528;1.504936901;1.479147529;1.455089711;1.432762400;1.412163407;1.393289662;1.376137505;1.360703013;1.346982332;1.334972015;1.324669354;1.316072697;1.309181735;1.303997760;1.300523884;1.298765211;1.298728963;1.300424556;1.303863623;1.309059988;1.316029586;1.324790338;1.335361987;1.347765890;1.362024781;1.378162512;1.396203773;1.416173807;1.438098128;1.462002246;1.487911412;1.515850394;1.545843287;1.577913376;1.612083037;1.648373711;1.686805928;1.727399398;1.770173163;1.815145808;1.862335723;1.911761405;1.963441786;2.017396568;2.073646538;2.132213842;2.193122160;2.256396769;2.322064421;2.390152978;2.460690760;2.533705495;2.609222819;2.687264208;2.767844241;;;;;;;;;;;;;;;;;;;;;;;;;;;;;;;;
2.800;;;;;;;;;;;;;;;;;;;;;;;;;;;;;;;;;;;;;;;2.151921501;2.097567606;2.044875940;1.993827213;1.944410028;1.896619663;1.850456863;1.805926675;1.763037348;1.721799318;1.682224303;1.644324495;1.608111886;1.573597704;1.540791976;1.509703208;1.480338173;1.452701814;1.426797232;1.402625771;1.380187172;1.359479791;1.340500873;1.323246858;1.307713723;1.293897334;1.281793798;1.271399820;1.262713031;1.255732301;1.250458012;1.246892297;1.245039229;1.244904963;1.246497834;1.249828391;1.254909385;1.261755709;1.270384286;1.280813910;1.293065058;1.307159664;1.323120867;1.340972743;1.360740033;1.382447866;1.406121496;1.431786058;1.459466352;1.489186666;1.520970645;1.554841210;1.590820541;1.628930114;1.669190812;1.711623091;1.756247210;1.803083517;1.852152771;1.903476498;1.957077356;2.012979483;2.071208802;2.131793242;2.194762842;2.260149671;2.327987523;2.398311316;2.471156107;2.546555653;2.624540419;2.705134915;2.788354260;;;;;;;;;;;;;;;;;;;;;;;;;;;;;;;
2.700;;;;;;;;;;;;;;;;;;;;;;;;;;;;;;;;;;;;;;2.157763820;2.101888079;2.047664695;1.995067761;1.944080800;1.894695463;1.846910216;1.800729049;1.756160239;1.713215192;1.671907375;1.632251368;1.594262030;1.557953795;1.523340089;1.490432883;1.459242364;1.429776724;1.402042061;1.376042375;1.351779661;1.329254072;1.308464155;1.289407135;1.272079241;1.256476065;1.242592925;1.230425250;1.219968940;1.211220723;1.204178483;1.198841548;1.195210951;1.193289633;1.193082602;1.194597043;1.197842371;1.202830231;1.209574445;1.218090917;1.228397487;1.240513746;1.254460824;1.270261143;1.287938164;1.307516116;1.329019730;1.352473984;1.377903866;1.405334166;1.434789308;1.466293227;1.499869305;1.535540354;1.573328676;1.613256185;1.655344586;1.699615629;1.746091411;1.794794723;1.845749432;1.898980877;1.954516244;2.012384910;2.072618707;2.135252062;2.200321969;2.267867741;2.337930455;2.410552038;2.485773892;2.563634975;2.644169213;2.727402151;2.813346680;;;;;;;;;;;;;;;;;;;;;;;;;;;;;;
2.600;;;;;;;;;;;;;;;;;;;;;;;;;;;;;;;;;;;;;2.166964372;2.109530535;2.053751452;1.999592935;1.947031795;1.896054496;1.846655759;1.798837165;1.752605797;1.707972943;1.664952889;1.623561814;1.583816808;1.545735013;1.509332906;1.474625701;1.441626898;1.410347952;1.380798064;1.352984089;1.326910542;1.302579699;1.279991779;1.259145190;1.240036834;1.222662448;1.207016980;1.193094975;1.180890972;1.170399887;1.161617388;1.154540235;1.149166594;1.145496302;1.143531096;1.143274782;1.144733357;1.147915075;1.152830457;1.159492255;1.167915358;1.178116656;1.190114869;1.203930336;1.219584778;1.237101048;1.256502868;1.277814571;1.301060847;1.326266514;1.353456320;1.382654776;1.413886047;1.447173889;1.482541654;1.520012350;1.559608780;1.601353743;1.645270295;1.691382078;1.739713688;1.790291083;1.843142003;1.898296387;1.955786743;2.015648458;2.077919976;2.142642829;2.209861427;2.279622573;2.351974604;2.426966089;2.504643979;2.585051102;2.668222893;2.754183217;2.842939145;;;;;;;;;;;;;;;;;;;;;;;;;;;;;
2.500;;;;;;;;;;;;;;;;;;;;;;;;;;;;;;;;;;;;2.179624471;2.120580579;2.063207429;2.007460942;1.953309602;1.900733100;1.849720889;1.800270709;1.752387131;1.706080130;1.661363751;1.618254858;1.576772002;1.536934418;1.498761147;1.462270310;1.427478506;1.394400361;1.363048198;1.333431839;1.305558519;1.279432907;1.255057222;1.232431425;1.211553492;1.192419725;1.175025122;1.159363761;1.145429216;1.133214961;1.122714779;1.113923149;1.106835606;1.101449066;1.097762112;1.095775228;1.095490989;1.096914189;1.100051919;1.104913588;1.111510888;1.119857718;1.129970049;1.141865757;1.155564418;1.171087079;1.188456010;1.207694443;1.228826320;1.251876043;1.276868249;1.303827614;1.332778700;1.363745842;1.396753099;1.431824264;1.468982941;1.508252689;1.549657243;1.593220787;1.638968309;1.686925983;1.737121609;1.789585061;1.844348730;1.901447939;1.960921282;2.022810861;2.087162347;2.154024840;2.223450433;2.295493419;2.370209056;2.447651792;2.527872840;2.610916992;2.696818534;2.785596119;2.877246443;;;;;;;;;;;;;;;;;;;;;;;;;;;;
2.400;;;;;;;;;;;;;;;;;;;;;;;;;;;;;;;;;;;2.195862547;2.135140718;2.076120323;2.018745891;1.962976027;1.908782081;1.856146698;1.805062299;1.755529542;1.707555808;1.661153732;1.616339833;1.573133232;1.531554505;1.491624658;1.453364250;1.416792653;1.381927461;1.348784036;1.317375193;1.287711006;1.259798739;1.233642885;1.209245288;1.186605369;1.165720399;1.146585841;1.129195736;1.113543103;1.099620374;1.087419818;1.076933967;1.068156012;1.061080190;1.055702112;1.052019069;1.050030276;1.049737071;1.051143054;1.054254172;1.059078750;1.065627462;1.073913254;1.083951222;1.095758443;1.109353776;1.124757633;1.141991734;1.161078851;1.182042554;1.204906964;1.229696533;1.256435849;1.285149487;1.315861902;1.348597388;1.383380092;1.420234104;1.459183611;1.500253129;1.543467802;1.588853761;1.636438543;1.686251546;1.738324506;1.792691979;1.849391785;1.908465391;1.969958189;2.033919610;2.100403035;2.169465417;2.241166554;2.315567923;2.392730976;2.472714800;2.555573012;2.641349771;2.730074745;2.821756892;2.916376868;;;;;;;;;;;;;;;;;;;;;;;;;;;
2.300;;;;;;;;;;;;;;;;;;;;;;;;;;;;;;;;;;2.215811580;2.153328175;2.092592428;2.033536163;1.976106667;1.920265450;1.865986835;1.813256428;1.762069541;1.712429597;1.664346574;1.617835508;1.572915087;1.529606360;1.487931571;1.447913131;1.409572736;1.372930633;1.338005034;1.304811670;1.273363488;1.243670475;1.215739601;1.189574875;1.165177491;1.142546064;1.121676930;1.102564504;1.085201682;1.069580266;1.055691413;1.043526074;1.033075439;1.024331349;1.017286692;1.011935751;1.008274512;1.006300928;1.006015118;1.007419520;1.010518979;1.015320784;1.021834642;1.030072608;1.040048961;1.051780039;1.065284039;1.080580792;1.097691514;1.116638553;1.137445135;1.160135117;1.184732767;1.211262576;1.239749102;1.270216877;1.302690365;1.337193984;1.373752206;1.412389722;1.453131685;1.496004025;1.541033829;1.588249779;1.637682632;1.689365729;1.743335502;1.799631960;1.858299111;1.919385282;1.982943288;2.049030389;2.117707978;2.189040915;2.263096431;2.339942498;2.419645572;2.502267573;2.587861988;2.676468936;2.768109058;2.862776028;2.960427531;;;;;;;;;;;;;;;;;;;;;;;;;;
2.200;;;;;;;;;;;;;;;;;;;;;;;;;;;;;;;;;;2.175272376;2.112738490;2.051932556;1.992789291;1.935258994;1.879306221;1.824908300;1.772053750;1.720740644;1.670974984;1.622769104;1.576140158;1.531108690;1.487697340;1.445929665;1.405829120;1.367418173;1.330717583;1.295745820;1.262518640;1.231048791;1.201345857;1.173416219;1.147263129;1.122886880;1.100285054;1.079452850;1.060383458;1.043068477;1.027498364;1.013662895;1.001551623;0.991154337;0.982461490;0.975464601;0.970156623;0.966532255;0.964588213;0.964323440;0.965739263;0.968839485;0.973630424;0.980120895;0.988322132;0.998247669;1.009913178;1.023336264;1.038536235;1.055533862;1.074351115;1.095010910;1.117536863;1.141953070;1.168283915;1.196553920;1.226787652;1.259009687;1.293244636;1.329517256;1.367852619;1.408276374;1.450815077;1.495496581;1.542350506;1.591408736;1.642705960;1.696280210;1.752173383;1.810431703;1.871106088;1.934252366;1.999931286;2.068208271;2.139152807;2.212837426;2.289336147;2.368722298;2.451065589;2.536428299;2.624860447;2.716393780;2.811034398;2.908753846;3.009478439;;;;;;;;;;;;;;;;;;;;;;;;;
2.100;;;;;;;;;;;;;;;;;;;;;;;;;;;;;;;;;2.201112105;2.136683278;2.074046206;2.013122047;1.953848703;1.896179651;1.840082560;1.785537741;1.732536523;1.681079577;1.631175262;1.582838010;1.536086796;1.490943705;1.447432625;1.405578086;1.365404229;1.326933945;1.290188159;1.255185268;1.221940728;1.190466784;1.160772331;1.132862896;1.106740733;1.082405011;1.059852088;1.039075854;1.020068128;1.002819092;0.987317760;0.973552452;0.961511273;0.951182579;0.942555421;0.935619961;0.930367840;0.926792507;0.924889493;0.924656627;0.926094193;0.929205031;0.933994571;0.940470817;0.948644271;0.958527809;0.970136517;0.983487484;0.998599573;1.015493166;1.034189911;1.054712456;1.077084206;1.101329098;1.127471408;1.155535604;1.185546255;1.217527993;1.251505549;1.287503869;1.325548294;1.365664834;1.407880507;1.452223758;1.498724938;1.547416837;1.598335242;1.651519516;1.707013152;1.764864276;1.825126061;1.887856989;1.953120922;2.020986907;2.091528641;2.164823511;2.240951123;2.319991194;2.402020719;2.487110248;2.575319155;2.666689731;2.761239916;2.858954508;2.959774610;;;;;;;;;;;;;;;;;;;;;;;;;
2.000;;;;;;;;;;;;;;;;;;;;;;;;;;;;;;;;2.230992306;2.164558873;2.099996282;2.037211483;1.976129061;1.916690303;1.858851963;1.802584824;1.747872106;1.694707805;1.643094997;1.593044159;1.544571545;1.497697649;1.452445774;1.408840732;1.366907679;1.326671113;1.288154012;1.251377145;1.216358522;1.183113006;1.151652064;1.121983643;1.094112182;1.068038724;1.043761129;1.021274367;1.000570880;0.981641000;0.964473403;0.949055590;0.935374383;0.923416411;0.913168594;0.904618595;0.897755245;0.892568921;0.889051881;0.887198540;0.887005691;0.888472664;0.891601424;0.896396613;0.902865520;0.911018012;0.920866403;0.932425285;0.945711317;0.960742992;0.977540378;0.996124855;1.016518854;1.038745598;1.062828886;1.088792890;1.116662012;1.146460787;1.178213854;1.211945997;1.247682259;1.285448142;1.325269882;1.367174812;1.411191792;1.457351712;1.505688045;1.556237442;1.609040335;1.664141531;1.721590757;1.781443112;1.843759389;1.908606197;1.976055821;2.046185758;2.119077827;2.194816766;2.273488220;2.355175977;2.439958349;2.527903537;2.619063819;2.713468404;2.811114745;2.911958110;3.015899193;;;;;;;;;;;;;;;;;;;;;;;;
1.900;;;;;;;;;;;;;;;;;;;;;;;;;;;;;;;2.265060487;2.196501639;2.129907431;2.065170389;2.002201212;1.940928147;1.881295990;1.823264805;1.766808439;1.711912905;1.658574696;1.606799071;1.556598370;1.507990387;1.460996833;1.415641914;1.371951039;1.329949673;1.289662345;1.251111812;1.214318384;1.179299403;1.146068870;1.114637223;1.085011238;1.057194061;1.031185345;1.006981482;0.984575922;0.963959550;0.945121129;0.928047764;0.912725407;0.899139359;0.887274776;0.877117161;0.868652826;0.861869323;0.856755831;0.853303492;0.851505691;0.851358282;0.852859740;0.856011265;0.860816811;0.867283066;0.875419366;0.885237568;0.896751866;0.909978584;0.924935927;0.941643724;0.960123150;0.980396467;1.002486758;1.026417703;1.052213375;1.079898099;1.109496350;1.141032728;1.174532000;1.210019225;1.247519957;1.287060536;1.328668461;1.372372841;1.418204915;1.466198636;1.516391285;1.568824114;1.623542973;1.680598896;1.740048602;1.801954860;1.866386672;1.933419193;2.003133327;2.075614910;2.150953387;2.229239872;2.310564477;2.395012783;2.482661298;2.573571757;2.667784071;2.765307762;2.866111653;2.970111595;3.077156005;;;;;;;;;;;;;;;;;;;;;;;
1.800;;;;;;;;;;;;;;;;;;;;;;;;;;;;;;;2.232648837;2.163906944;2.097115424;2.032170959;1.968988265;1.907499403;1.847652740;1.789411624;1.732752876;1.677665152;1.624147244;1.572206360;1.521856438;1.473116526;1.426009254;1.380559422;1.336792726;1.294734633;1.254409404;1.215839286;1.179043857;1.144039528;1.110839202;1.079452069;1.049883538;1.022135288;0.996205430;0.972088766;0.949777119;0.929259742;0.910523768;0.893554701;0.878336927;0.864854234;0.853090332;0.843029345;0.834656293;0.827957519;0.822921088;0.819537119;0.817798071;0.817698963;0.819237531;0.822414324;0.827232728;0.833698943;0.841821891;0.851613077;0.863086406;0.876257960;0.891145744;0.907769424;0.926150040;0.946309734;0.968271488;0.992058887;1.017695917;1.045206813;1.074615965;1.105947891;1.139227279;1.174479120;1.211728922;1.251003008;1.292328901;1.335735800;1.381255117;1.428921079;1.478771381;1.530847856;1.585197138;1.641871291;1.700928353;1.762432755;1.826455555;1.893074422;1.962373292;2.034441628;2.109373163;2.187264049;2.268210267;2.352304189;2.439630136;2.530258773;2.624240169;2.721595345;2.822306071;2.926302728;3.033449960;;;;;;;;;;;;;;;;;;;;;;;
1.700;;;;;;;;;;;;;;;;;;;;;;;;;;;;;;2.273134819;2.202121589;2.133164489;2.066146595;2.000969040;1.937550737;1.875827651;1.815751719;1.757289508;1.700420684;1.645136371;1.591437443;1.539332812;1.488837745;1.439972262;1.392759618;1.347224911;1.303393832;1.261291559;1.220941810;1.182366055;1.145582890;1.110607568;1.077451682;1.046122985;1.016625351;0.988958849;0.963119930;0.939101703;0.916894297;0.896485277;0.877860120;0.861002716;0.845895898;0.832521972;0.820863243;0.810902525;0.802623616;0.796011743;0.791053951;0.787739445;0.786059873;0.786009540;0.787585563;0.790787965;0.795619688;0.802086568;0.810197230;0.819962942;0.831397425;0.844516618;0.859338419;0.875882406;0.894169550;0.914221931;0.936062467;0.959714673;0.985202457;1.012549958;1.041781457;1.072921345;1.105994174;1.141024790;1.178038557;1.217061664;1.258121530;1.301247289;1.346470349;1.393825029;1.443349227;1.495085127;1.549079904;1.605386386;1.664063649;1.725177486;1.788800691;1.855013108;1.923901353;1.995558135;2.070081086;2.147570980;2.228129231;2.311854548;2.398838582;2.489160425;2.582879776;2.680028591;2.780601005;2.884541301;2.991729694;3.101965646;;;;;;;;;;;;;;;;;;;;;;
1.600;;;;;;;;;;;;;;;;;;;;;;;;;;;;;;2.244674058;2.173433801;2.104236497;2.036970196;1.971540693;1.907871211;1.845901644;1.785587455;1.726898323;1.669816606;1.614335698;1.560458327;1.508194858;1.457561622;1.408579329;1.361271578;1.315663485;1.271780459;1.229647123;1.189286394;1.150718728;1.113961519;1.079028657;1.045930241;1.014672431;0.985257426;0.957683571;0.931945564;0.908034755;0.885939529;0.865645739;0.847137200;0.830396204;0.815404065;0.802141654;0.790589941;0.780730505;0.772546019;0.766020693;0.761140666;0.757894348;0.756272698;0.756269436;0.757881193;0.761107592;0.765951265;0.772417806;0.780515665;0.790255992;0.801652429;0.814720875;0.829479207;0.845946996;0.864145210;0.884095918;0.905822017;0.929346975;0.954694630;0.981889020;1.010954292;1.041914673;1.074794520;1.109618460;1.146411620;1.185199947;1.226010626;1.268872582;1.313817061;1.360878288;1.410094169;1.461507026;1.515164340;1.571119457;1.629432223;1.690169508;1.753405545;1.819222034;1.887707932;1.958958845;2.033075926;2.110164177;2.190330035;2.273678107;2.360306914;2.450303491;2.543736653;2.640648751;2.741045705;2.844885093;2.952062047;3.062392698;;;;;;;;;;;;;;;;;;;;;;
1.500;;;;;;;;;;;;;;;;;;;;;;;;;;;;;2.291678939;2.218034589;2.146546445;2.077090629;2.009560399;1.943866347;1.879936058;1.817713330;1.757157069;1.698239930;1.640946783;1.585273082;1.531223178;1.478808633;1.428046578;1.378958147;1.331567013;1.285898044;1.241976113;1.199825041;1.159466718;1.120920368;1.084201988;1.049323932;1.016294653;0.985118582;0.955796137;0.928323852;0.902694606;0.878897949;0.856920497;0.836746393;0.818357806;0.801735470;0.786859228;0.773708589;0.762263269;0.752503708;0.744411558;0.737970127;0.733164773;0.729983238;0.728415924;0.728456100;0.730100045;0.733347121;0.738199776;0.744663494;0.752746673;0.762460456;0.773818519;0.786836816;0.801533292;0.817927590;0.836040737;0.855894846;0.877512825;0.900918125;0.926134518;0.953185937;0.982096371;1.012889843;1.045590461;1.080222561;1.116810946;1.155381218;1.195960206;1.238576489;1.283260998;1.330047695;1.378974307;1.430083095;1.483421628;1.539043535;1.597009187;1.657386264;1.720250156;1.785684121;1.853779144;1.924633391;1.998351189;2.075041398;2.154815081;2.237782330;2.324048100;2.413706902;2.506836172;2.603488129;2.703679921;2.807381818;2.914503226;3.024876254;3.138236537;;;;;;;;;;;;;;;;;;;;;
1.400;;;;;;;;;;;;;;;;;;;;;;;;;;;;;2.267069333;2.193176571;2.121425963;2.051699474;1.983895729;1.917930189;1.853734795;1.791257187;1.730459595;1.671317489;1.613818060;1.557958602;1.503744848;1.451189311;1.400309665;1.351127212;1.303665443;1.257948737;1.214001190;1.171845605;1.131502635;1.092990088;1.056322395;1.021510227;0.988560264;0.957475106;0.928253306;0.900889525;0.875374787;0.851696822;0.829840482;0.809788217;0.791520592;0.775016835;0.760255393;0.747214497;0.735872703;0.726209423;0.718205406;0.711843182;0.707107457;0.703985439;0.702467113;0.702545436;0.704216473;0.707479457;0.712336790;0.718793970;0.726859462;0.736544523;0.747862963;0.760830888;0.775466398;0.791789279;0.809820682;0.829582809;0.851098618;0.874391560;0.899485351;0.926403808;0.955170743;0.985809936;1.018345192;1.052800487;1.089200219;1.127569543;1.167934820;1.210324155;1.254768018;1.301299952;1.349957333;1.400782170;1.453821922;1.509130285;1.566767920;1.626803075;1.689312034;1.754379340;1.822097709;1.892567561;1.965896065;2.042195591;2.121581462;2.204168862;2.290068762;2.379382705;2.472196273;2.568571046;2.668534850;2.772070059;2.879099722;2.989471238;3.102937295;;;;;;;;;;;;;;;;;;;;;
1.300;;;;;;;;;;;;;;;;;;;;;;;;;;;;2.320627443;2.244217867;2.170065763;2.098043834;2.028040065;1.959958540;1.893719605;1.829259509;1.766529633;1.705495386;1.646134875;1.588437406;1.532401892;1.478035210;1.425350579;1.374365973;1.325102617;1.277583587;1.231832544;1.187872599;1.145725334;1.105409989;1.066942793;1.030336471;0.995599888;0.962737854;0.931751059;0.902636135;0.875385836;0.849989314;0.826432484;0.804698457;0.784768032;0.766620227;0.750232837;0.735582999;0.722647763;0.711404640;0.701832126;0.693910195;0.687620733;0.682947928;0.679878596;0.678402444;0.678512256;0.680204020;0.683476982;0.688333621;0.694779578;0.702823507;0.712476881;0.723753752;0.736670468;0.751245363;0.767498437;0.785451020;0.805125450;0.826544767;0.849732438;0.874712130;0.901507534;0.930142259;0.960639806;0.993023626;1.027317271;1.063544651;1.101730385;1.141900257;1.184081776;1.228304822;1.274602369;1.323011284;1.373573152;1.426335135;1.481350797;1.538680880;1.598393972;1.660567014;1.725285575;1.792643837;1.862744185;1.935696326;2.011615818;2.090621896;2.172834470;2.258370131;2.347337031;2.439828442;2.535914813;2.635634116;2.738980256;2.845889296;2.956223239;3.069751087;;;;;;;;;;;;;;;;;;;;;
1.200;;;;;;;;;;;;;;;;;;;;;;;;;;;;2.299748127;2.223090291;2.148673145;2.076376152;2.006093428;1.937734543;1.871224696;1.806504360;1.743528525;1.682265615;1.622696184;1.564811441;1.508611689;1.454104722;1.401304229;1.350228250;1.300897708;1.253335048;1.207563007;1.163603519;1.121476776;1.081200448;1.042789050;1.006253485;0.971600719;0.938833617;0.907950906;0.878947266;0.851813532;0.826536989;0.803101764;0.781489269;0.761678712;0.743647638;0.727372494;0.712829209;0.699993760;0.688842731;0.679353833;0.671506394;0.665281792;0.660663841;0.657639103;0.656197146;0.656330725;0.658035888;0.661312020;0.666161813;0.672591167;0.680609038;0.690227224;0.701460110;0.714324373;0.728838658;0.745023240;0.762899683;0.782490498;0.803818833;0.826908190;0.851782183;0.878464369;0.906978130;0.937346650;0.969592975;1.003740171;1.039811586;1.077831212;1.117824161;1.159817235;1.203839596;1.249923521;1.298105217;1.348425692;1.400931639;1.455676313;1.512720343;1.572132453;1.633990022;1.698379418;1.765396039;1.835143975;1.907735190;1.983288131;2.061925627;2.143771964;2.228948985;2.317571048;2.409738678;2.505530720;2.604994775;2.708135712;2.814901987;2.925169533;3.038722911;3.155233431;;;;;;;;;;;;;;;;;;;;
1.100;;;;;;;;;;;;;;;;;;;;;;;;;;;2.359827220;2.280566710;2.203657832;2.128974564;2.056403250;1.985844178;1.917212389;1.850437857;1.785465162;1.722252750;1.660771882;1.601005356;1.542946070;1.486595498;1.431962121;1.379059879;1.327906658;1.278522870;1.230930132;1.185150075;1.141203290;1.099108430;1.058881463;1.020535083;0.984078278;0.949516046;0.916849258;0.886074651;0.857184940;0.830169050;0.805012430;0.781697459;0.760203914;0.740509482;0.722590325;0.706421643;0.691978264;0.679235214;0.668168274;0.658754503;0.650972719;0.644803933;0.640231722;0.637242538;0.635825951;0.635974820;0.637685387;0.640957307;0.645793602;0.652200550;0.660187513;0.669766713;0.680952957;0.693763331;0.708216855;0.724334141;0.742137026;0.761648232;0.782891037;0.805888985;0.830665639;0.857244405;0.885648412;0.915900492;0.948023237;0.982039167;1.017970997;1.055842012;1.095676557;1.137500628;1.181342560;1.227233805;1.275209784;1.325310783;1.377582880;1.432078855;1.488859054;1.547992156;1.609555783;1.673636892;1.740331878;1.809746296;1.881994117;1.957196399;2.035479269;2.116971072;2.201798551;2.290081888;2.381928448;2.477425010;2.576628304;2.679553604;2.786161149;2.896340120;3.009889888;3.126498225;;;;;;;;;;;;;;;;;;;;
1.000;;;;;;;;;;;;;;;;;;;;;;;;;;;2.342544607;2.263055522;2.185896890;2.110950406;2.038109352;1.967280174;1.898383318;1.831353429;1.766139049;1.702701908;1.641015912;1.581065897;1.522846240;1.466359365;1.411614229;1.358624809;1.307408638;1.257985427;1.210375788;1.164600084;1.120677422;1.078624790;1.038456348;1.000182881;0.963811400;0.929344889;0.896782197;0.866118062;0.837343248;0.810444798;0.785406369;0.762208656;0.740829870;0.721246273;0.703432736;0.687363325;0.673011886;0.660352617;0.649360630;0.640012464;0.632286567;0.626163722;0.621627410;0.618664110;0.617263530;0.617418765;0.619126378;0.622386417;0.627202347;0.633580930;0.641532036;0.651068399;0.662205330;0.674960388;0.689353036;0.705404263;0.723136225;0.742571879;0.763734648;0.786648122;0.811335811;0.837820950;0.866126391;0.896274574;0.928287592;0.962187360;0.997995895;1.035735702;1.075430275;1.117104710;1.160786415;1.206505911;1.254297714;1.304201267;1.356261896;1.410531769;1.467070797;1.525947453;1.587239430;1.651034093;1.717428637;1.786529871;1.858453541;1.933323071;2.011267612;2.092419271;2.176909365;2.264863542;2.356395606;2.451599831;2.550541581;2.653245993;2.759684477;2.869758783;2.983282329;3.099958507;;;;;;;;;;;;;;;;;;;;
0.900;;;;;;;;;;;;;;;;;;;;;;;;;;;2.326906797;2.247192404;2.169788748;2.094585302;2.021482276;1.950392219;1.881240879;1.813967434;1.748524223;1.684876077;1.622999347;1.562880704;1.504515788;1.447907768;1.393065873;1.340003920;1.288738906;1.239289670;1.191675664;1.145915845;1.102027716;1.060026495;1.019924457;0.981730415;0.945449358;0.911082230;0.878625857;0.848072991;0.819412473;0.792629511;0.767706032;0.744621120;0.723351512;0.703872138;0.686156693;0.670178223;0.655909715;0.643324672;0.632397667;0.623104857;0.615424460;0.609337165;0.604826494;0.601879087;0.600484921;0.600637452;0.602333685;0.605574169;0.610362924;0.616707292;0.624617739;0.634107591;0.645192731;0.657891259;0.672223123;0.688209736;0.705873599;0.725237924;0.746326289;0.769162334;0.793769498;0.820170832;0.848388879;0.878445652;0.910362697;0.944161275;0.979862641;1.017488450;1.057061273;1.098605224;1.142146694;1.187715181;1.235344197;1.285072229;1.336943744;1.391010172;1.447330863;1.505973946;1.567017039;1.630547756;1.696663918;1.765473406;1.837093536;1.911649872;1.989274347;2.070102555;2.154270082;2.241907702;2.333135277;2.428054149;2.526737840;2.629220804;2.735485019;2.845444118;2.958924802;3.075645212;3.195189932;;;;;;;;;;;;;;;;;;;
0.800;;;;;;;;;;;;;;;;;;;;;;;;;;2.395230118;2.312894025;2.232960447;2.155319312;2.079867864;2.006513185;1.935173828;1.865780708;1.798277376;1.732619786;1.668775677;1.606723643;1.546451982;1.487957396;1.431243601;1.376319903;1.323199784;1.271899537;1.222436978;1.174830265;1.129096834;1.085252483;1.043310588;1.003281474;0.965171943;0.928984941;0.894719371;0.862370048;0.831927768;0.803379501;0.776708679;0.751895574;0.728917748;0.707750561;0.688367720;0.670741858;0.654845126;0.640649780;0.628128756;0.617256225;0.608008099;0.600362495;0.594300146;0.589804746;0.586863222;0.585465942;0.585606840;0.587283474;0.590497000;0.595252084;0.601556738;0.609422100;0.618862159;0.629893432;0.642534605;0.656806155;0.672729949;0.690328854;0.709626348;0.730646171;0.753412001;0.777947197;0.804274600;0.832416418;0.862394197;0.894228895;0.927941065;0.963551147;1.001079887;1.040548864;1.081981141;1.125402016;1.170839885;1.218327167;1.267901313;1.319605829;1.373491311;1.429616441;1.488048888;1.548866075;1.612155729;1.678016156;1.746556143;1.817894401;1.892158439;1.969482744;2.050006149;2.133868224;2.221204552;2.312140687;2.406784627;2.505217576;2.607482776;2.713572161;2.823410559;2.936837171;3.053584006;3.173250939;;;;;;;;;;;;;;;;;;;
0.700;;;;;;;;;;;;;;;;;;;;;;;;;;2.383013438;2.300492144;2.220347750;2.142478871;2.066790464;1.993196380;1.921621043;1.852000374;1.784282114;1.718425643;1.654401405;1.592190035;1.531781257;1.473172638;1.416368254;1.361377313;1.308212799;1.256890154;1.207426039;1.159837205;1.114139475;1.070346866;1.028470851;0.988519773;0.950498400;0.914407636;0.880244359;0.848001405;0.817667664;0.789228293;0.762665027;0.737956570;0.715079058;0.694006583;0.674711743;0.657166231;0.641341425;0.627208980;0.614741402;0.603912587;0.594698332;0.587076790;0.581028862;0.576538537;0.573593149;0.572183569;0.572304319;0.573953606;0.577133288;0.581848760;0.588108778;0.595925221;0.605312797;0.616288703;0.628872254;0.643084483;0.658947733;0.676485249;0.695720781;0.716678223;0.739381284;0.763853222;0.790116645;0.818193391;0.848104505;0.879870315;0.913510621;0.949044999;0.986493230;1.025875847;1.067214801;1.110534238;1.155861383;1.203227501;1.252668929;1.304228142;1.357954825;1.413906904;1.472151504;1.532765749;1.595837375;1.661465050;1.729758335;1.800837183;1.874830871;1.951876246;2.032115148;2.115690875;2.202743508;2.293403947;2.387786441;2.485979416;2.588034368;2.693952574;2.803669359;2.917035624;3.033796335;3.153565631;;;;;;;;;;;;;;;;;;;
0.600;;;;;;;;;;;;;;;;;;;;;;;;;;2.372390231;2.289692375;2.209347181;2.131261884;2.055349043;1.981529142;1.909732306;1.839899281;1.771981803;1.705942477;1.641754248;1.579399590;1.518869459;1.460162103;1.403281779;1.348237441;1.295041426;1.243708197;1.194253154;1.146691545;1.101037507;1.057303221;1.015498225;0.975628858;0.937697859;0.901704105;0.867642484;0.835503900;0.805275401;0.776940409;0.750479045;0.725868544;0.703083725;0.682097519;0.662881539;0.645406659;0.629643614;0.615563586;0.603138776;0.592342939;0.583151884;0.575543918;0.569500235;0.565005230;0.562046756;0.560616291;0.560709036;0.562323939;0.565463636;0.570134324;0.576345566;0.584110035;0.593443202;0.604362981;0.616889343;0.631043896;0.646849470;0.664329691;0.683508577;0.704410164;0.727058175;0.751475745;0.777685221;0.805708041;0.835564712;0.867274893;0.900857589;0.936331470;0.973715308;1.013028541;1.054291962;1.097528518;1.142764214;1.190029110;1.239358379;1.290793412;1.344382923;1.400184028;1.458263234;1.518697299;1.581573883;1.646991922;1.715061641;1.785904108;1.859650220;1.936439005;2.016415108;2.099725303;2.186513888;2.276916771;2.371054058;2.469020936;2.570876621;2.676631116;2.786229529;2.899533642;3.016300437;3.136157242;3.258573134;;;;;;;;;;;;;;;;;;
0.500;;;;;;;;;;;;;;;;;;;;;;;;;;2.363355762;2.280491066;2.199956165;2.121666793;2.045542961;1.971511609;1.899508373;1.829478624;1.761377889;1.695171784;1.630835558;1.568353325;1.507717085;1.448925592;1.391983126;1.336898238;1.283682496;1.232349272;1.182912611;1.135386193;1.089782411;1.046111580;1.004381284;0.964595862;0.926756043;0.890858711;0.856896812;0.824859386;0.794731712;0.766495562;0.740129546;0.715609529;0.692909125;0.672000228;0.652853582;0.635439369;0.619727807;0.605689731;0.593297163;0.582523838;0.573345698;0.565741322;0.559692302;0.555183551;0.552203532;0.550744422;0.550802187;0.552376588;0.555471105;0.560092796;0.566252078;0.573962460;0.583240207;0.594103974;0.606574400;0.620673679;0.636425127;0.653852745;0.672980806;0.693833472;0.716434457;0.740806747;0.766972396;0.794952411;0.824766728;0.856434299;0.889973302;0.925401459;0.962736500;1.001996733;1.043201760;1.086373293;1.131536086;1.178718961;1.227955898;1.279287169;1.332760485;1.388432111;1.446367900;1.506644192;1.569348514;1.634580001;1.702449459;1.773078966;1.846600912;1.923156355;2.002892552;2.085959531;2.172505532;2.262671143;2.356581941;2.454339416;2.556009962;2.661611682;2.771098732;2.884342929;3.001112297;3.121046234;3.243626928;;;;;;;;;;;;;;;;;;
0.400;;;;;;;;;;;;;;;;;;;;;;;;;;2.355910718;2.272889455;2.192176482;2.113695859;2.037374864;1.963146690;1.890952273;1.820741391;1.752473147;1.686115964;1.621647186;1.559052380;1.498324412;1.439462377;1.382470436;1.327356608;1.274131579;1.222807544;1.173397121;1.125912367;1.080363902;1.036760158;0.995106768;0.955406094;0.917656887;0.881854090;0.847988773;0.816048185;0.786015925;0.757872212;0.731594245;0.707156638;0.684531913;0.663691044;0.644604032;0.627240491;0.611570243;0.597563900;0.585193424;0.574432647;0.565257754;0.557647702;0.551584582;0.547053915;0.544044864;0.542550378;0.542567258;0.544096138;0.547141397;0.551710994;0.557816237;0.565471494;0.574693844;0.585502693;0.597919352;0.611966597;0.627668217;0.645048576;0.664132181;0.684943295;0.707505597;0.731841891;0.757973912;0.785922200;0.815706086;0.847343789;0.880852623;0.916249340;0.953550597;0.992773552;1.033936591;1.077060175;1.122167793;1.169287016;1.218450616;1.269697737;1.323075077;1.378638036;1.436451794;1.496592252;1.559146770;1.624214639;1.691907182;1.762347410;1.835669102;1.912015208;1.991535432;2.074382841;2.160709356;2.250659926;2.344365213;2.441932547;2.543434957;2.648897995;2.758284114;2.871474283;2.988246554;3.108251225;3.230982252;;;;;;;;;;;;;;;;;;
0.300;;;;;;;;;;;;;;;;;;;;;;;;;2.435582726;2.350060932;2.266893432;2.186014062;2.107355006;2.030850581;1.956440007;1.884069292;1.813692394;1.745271773;1.678778445;1.614191656;1.551498239;1.490691761;1.431771509;1.374741390;1.319608784;1.266383403;1.215076191;1.165698289;1.118260099;1.072770450;1.029235898;0.987660147;0.948043615;0.910383127;0.874671751;0.840898757;0.809049690;0.779106566;0.751048156;0.724850359;0.700486651;0.677928582;0.657146329;0.638109270;0.620786572;0.605147780;0.591163401;0.578805447;0.568047956;0.558867456;0.551243378;0.545158401;0.540598731;0.537554303;0.536018905;0.535990224;0.537469814;0.540462987;0.544978635;0.551028976;0.558629248;0.567797350;0.578553434;0.590919475;0.604918813;0.620575697;0.637914822;0.656960905;0.677738281;0.700270558;0.724580331;0.750688977;0.778616542;0.808381724;0.840001976;0.873493729;0.908872743;0.946154587;0.985355257;1.026491919;1.069583778;1.114653061;1.161726093;1.210834450;1.262016158;1.315316912;1.370791258;1.428503711;1.488529732;1.550956507;1.615883460;1.683422399;1.753697207;1.826842968;1.903004410;1.982333526;2.064986225;2.151117853;2.240877410;2.334400250;2.431799081;2.533152999;2.638494345;2.747793079;2.860938408;2.977717342;3.097789851;3.220660250;;;;;;;;;;;;;;;;;;
0.200;;;;;;;;;;;;;;;;;;;;;;;;;2.431447344;2.345817092;2.262513293;2.181478803;2.102653678;2.025979030;1.951399855;1.878866989;1.808338337;1.739779490;1.673163853;1.608472377;1.545692989;1.484819799;1.425852153;1.368793589;1.313650750;1.260432303;1.209147886;1.159807131;1.112418768;1.066989842;1.023525052;0.982026209;0.942491839;0.904916909;0.869292688;0.835606731;0.803842980;0.773981971;0.746001136;0.719875191;0.695576590;0.673076033;0.652343020;0.633346423;0.616055079;0.600438373;0.586466812;0.574112564;0.563349969;0.554155990;0.546510614;0.540397181;0.535802652;0.532717788;0.531137265;0.531059695;0.532487584;0.535427200;0.539888377;0.545884248;0.553430923;0.562547106;0.573253684;0.585573272;0.599529751;0.615147794;0.632452401;0.651468460;0.672220343;0.694731554;0.719024440;0.745119993;0.773037730;0.802795690;0.834410542;0.867897818;0.903272271;0.940548381;0.979740981;1.020866027;1.063941483;1.108988335;1.156031686;1.205101946;1.256236058;1.309478747;1.364883740;1.422514917;1.482447322;1.544767987;1.609576470;1.676985047;1.747118437;1.820112963;1.896115031;1.975278783;2.057762778;2.143725541;2.233319804;2.326685228;2.423939411;2.525166943;2.630406255;2.739633996;2.852746646;2.969539054;3.089679560;3.212681343;;;;;;;;;;;;;;;;;;
0.100;;;;;;;;;;;;;;;;;;;;;;;;;2.428925601;2.343194441;2.259763497;2.178584367;2.099604703;2.022772135;1.948037170;1.875355218;1.804687889;1.736003684;1.669278188;1.604493873;1.541639594;1.480709863;1.421703959;1.364624954;1.309478677;1.256272692;1.205015298;1.155714597;1.108377654;1.063009749;1.019613760;0.978189659;0.938734146;0.901240406;0.865697998;0.832092861;0.800407436;0.770620890;0.742709433;0.716646715;0.692404288;0.669952120;0.649259151;0.630293864;0.613024877;0.597421519;0.583454400;0.571095938;0.560320860;0.551106644;0.543433900;0.537286693;0.532652788;0.529523817;0.527895373;0.527767022;0.529142233;0.532028236;0.536435806;0.542378984;0.549874729;0.558942532;0.569603983;0.581882307;0.595801888;0.611387785;0.628665261;0.647659335;0.668394375;0.690893741;0.715179500;0.741272222;0.769190872;0.798952809;0.830573899;0.864068766;0.899451161;0.936734478;0.975932407;1.017059712;1.060133155;1.105172513;1.152201719;1.201250065;1.252353467;1.305555737;1.360909842;1.418479078;1.478338125;1.540573894;1.605286106;1.672587509;1.742603638;1.815472008;1.891340616;1.970365621;2.052708047;2.138529354;2.227985685;2.321220606;2.418356111;2.519481675;2.624641093;2.733816840;2.846911653;2.963727031;3.083938309;3.207065945;;;;;;;;;;;;;;;;;;
0.000;;;;;;;;;;;;;;;;;;;;;;;;;2.428038116;2.342212449;2.258662396;2.177347981;2.098224144;2.021244741;1.946365506;1.873546161;1.802751778;1.733953543;1.667129021;1.602262026;1.539342188;1.478364287;1.419327434;1.362234145;1.307089376;1.253899548;1.202671599;1.153412109;1.106126492;1.060818301;1.017488645;0.976135722;0.936754485;0.899336425;0.863869490;0.830338109;0.798723333;0.769003077;0.741152445;0.715144140;0.690948931;0.668536172;0.647874355;0.628931687;0.611676670;0.596078676;0.582108507;0.569738915;0.558945090;0.549705086;0.542000198;0.535815260;0.531138876;0.527963577;0.526285893;0.526106347;0.527429372;0.530263152;0.534619386;0.540512994;0.547961759;0.556985921;0.567607731;0.579850981;0.593740510;0.609301717;0.626560080;0.645540704;0.666267906;0.688764865;0.713053327;0.739153415;0.767083514;0.796860287;0.828498792;0.862012745;0.897414905;0.934717602;0.973933409;1.015075947;1.058160816;1.103206649;1.150236273;1.199277937;1.250366603;1.303545255;1.358866175;1.416392159;1.476197588;1.538369314;1.603007265;1.670224687;1.740147929;1.812915661;1.888677396;1.967591185;2.049820338;2.135528996;2.224876390;2.318009569;2.415054405;2.516104622;2.621208613;2.730353762;2.843447985;2.960298169;3.080585182;3.203835073;;;;;;;;;;;;;;;;;;
-0.100;;;;;;;;;;;;;;;;;;;;;;;;;2.428809663;2.342894472;2.259231954;2.177790211;2.098531144;2.021414514;1.946400996;1.873454351;1.802542866;1.733640192;1.666725679;1.601784315;1.538806359;1.477786744;1.418724315;1.361620968;1.306480739;1.253308882;1.202110975;1.152892087;1.105656020;1.060404651;1.017137385;0.975850724;0.936537964;0.899189002;0.863790280;0.830324829;0.798772428;0.769109857;0.741311235;0.715348439;0.691191570;0.668809482;0.648170331;0.629242147;0.611993414;0.596393637;0.582413891;0.570027332;0.559209675;0.549939606;0.542199141;0.535973916;0.531253399;0.528031029;0.526304273;0.526074606;0.527347408;0.530131790;0.534440344;0.540288831;0.547695814;0.556682231;0.567270945;0.579486258;0.593353411;0.608898087;0.626145925;0.645122064;0.665850726;0.688354863;0.712655870;0.738773389;0.766725213;0.796527293;0.828193884;0.861737804;0.897170840;0.934504296;0.973749676;1.014919508;1.058028303;1.103093629;1.150137292;1.199186591;1.250275638;1.303446686;1.358751440;1.416252289;1.476023413;1.538151685;1.602737300;1.669894044;1.739749093;1.812442247;1.888124466;1.966955574;2.049100979;2.134727250;2.223996361;2.317058408;2.414042589;2.515046205;2.620121427;2.729259579;2.842372602;2.959271430;3.079640898;3.203010847;3.328723023;;;;;;;;;;;;;;;;;
-0.200;;;;;;;;;;;;;;;;;;;;;;;;;2.431268726;2.345267370;2.261497436;2.179934726;2.100547744;2.023301833;1.948162303;1.875096679;1.804076219;1.735076821;1.668079430;1.603070047;1.540039429;1.478982557;1.419897931;1.362786775;1.307652173;1.254498206;1.203329104;1.154148459;1.106958508;1.061759518;1.018549268;0.977322656;0.938071417;0.900783964;0.865445346;0.832037315;0.800538497;0.770924658;0.743169054;0.717242851;0.693115601;0.670755765;0.650131264;0.631210052;0.613960680;0.598352866;0.584358027;0.571949783;0.561104423;0.551801301;0.544023186;0.537756529;0.532991668;0.529722947;0.527948756;0.527671497;0.528897467;0.531636663;0.535902525;0.541711605;0.549083183;0.558038839;0.568601985;0.580797368;0.594650568;0.610187490;0.627433876;0.646414844;0.667154473;0.689675446;0.713998775;0.740143598;0.768127097;0.797964517;0.829669314;0.863253431;0.898727724;0.936102515;0.975388300;1.016596594;1.059740905;1.104837831;1.151908266;1.200978676;1.252082443;1.305261216;1.360566243;1.418059631;1.477815466;1.539920742;1.604476005;1.671595632;1.741407650;1.814052973;1.889683944;1.968462034;2.050554562;2.136130253;2.225353461;2.318376864;2.415332401;2.516320223;2.621395416;2.730552192;2.843705294;2.960668257;3.081128213;3.204616870;3.330477257;;;;;;;;;;;;;;;;;
-0.300;;;;;;;;;;;;;;;;;;;;;;;;;2.435447017;2.349361103;2.265487069;2.183808019;2.104298684;2.026929648;1.951670544;1.878492386;1.807369155;1.738278783;1.671203628;1.606130556;1.543050702;1.481958997;1.422853538;1.365734833;1.310605003;1.257466961;1.206323619;1.157177138;1.110028253;1.064875697;1.021715714;0.980541697;0.941343931;0.904109460;0.868822058;0.835462320;0.804007843;0.774433502;0.746711809;0.720813336;0.696707194;0.674361558;0.653744213;0.634823119;0.617566978;0.601945787;0.587931363;0.575497839;0.564622112;0.555284229;0.547467722;0.541159863;0.536351849;0.533038908;0.531220326;0.530899394;0.532083277;0.534782807;0.539012210;0.544788761;0.552132395;0.561065260;0.571611243;0.583795467;0.597643777;0.613182237;0.630436626;0.649431987;0.670192205;0.692739659;0.717094941;0.743276670;0.771301413;0.801183711;0.832936244;0.866570117;0.902095299;0.939521199;0.978857384;1.020114448;1.063305001;1.108444792;1.155553930;1.204658185;1.255790352;1.308991620;1.364312928;1.421816236;1.481575671;1.543678461;1.608225596;1.675332112;1.745126918;1.817752030;1.893361105;1.972117137;2.054189149;2.139747732;2.228959237;2.321978418;2.418939324;2.519944186;2.625050057;2.734252924;2.847469004;2.964512887;3.085072210;3.208678476;3.334673638;;;;;;;;;;;;;;;;;
-0.400;;;;;;;;;;;;;;;;;;;;;;;;;2.441378958;2.355208274;2.271231662;2.189439099;2.109811157;2.032323302;1.956949179;1.883663007;1.812441249;1.743263661;1.676113843;1.610979381;1.547851679;1.486725545;1.427598615;1.370470661;1.315342837;1.262216915;1.211094527;1.161976461;1.114862032;1.069748523;1.026630747;0.985500699;0.946347332;0.909156440;0.873910649;0.840589522;0.809169752;0.779625446;0.751928489;0.726048974;0.701955677;0.679616584;0.658999433;0.640072274;0.622804026;0.607165021;0.593127526;0.580666219;0.569758627;0.560385502;0.552531138;0.546183612;0.541334958;0.537981254;0.536122637;0.535763234;0.536911019;0.539577591;0.543777889;0.549529838;0.556853943;0.565772842;0.576310815;0.588493282;0.602346282;0.617895959;0.635168070;0.654187525;0.674977967;0.697561431;0.721958068;0.748185965;0.776261072;0.806197246;0.838006422;0.871698915;0.907283875;0.944769874;0.984165651;1.025480986;1.068727720;1.113920890;1.161079970;1.210230192;1.261403926;1.314642068;1.369995410;1.427525926;1.487307927;1.549429006;1.613990700;1.681108783;1.750913078;1.823546688;1.899164517;1.977930938;2.060016459;2.145593225;2.234829156;2.327880542;2.424882856;2.525939568;2.631108686;2.740386760;2.853690053;2.970832545;3.091500446;3.215222835;3.341338046;;;;;;;;;;;;;;;;;
-0.500;;;;;;;;;;;;;;;;;;;;;;;;;2.449101116;2.362843643;2.278764186;2.196859146;2.117114528;2.039510324;1.964023861;1.890632288;1.819314306;1.750051295;1.682827928;1.617632384;1.554456235;1.493294100;1.434143118;1.377002312;1.321871887;1.268752503;1.217644570;1.168547581;1.121459508;1.076376293;1.033291422;0.992195613;0.953076610;0.915919082;0.880704640;0.847411939;0.816016895;0.786492969;0.758811536;0.732942318;0.708853860;0.686514051;0.665890661;0.646951902;0.629666968;0.614006578;0.599943478;0.587452914;0.576513053;0.567105348;0.559214839;0.552830384;0.547944812;0.544555004;0.542661890;0.542270368;0.543389145;0.546030510;0.550210030;0.555946190;0.563259982;0.572174440;0.582714153;0.594904751;0.608772385;0.624343210;0.641642895;0.660696155;0.681526353;0.704155143;0.728602216;0.754885122;0.783019208;0.813017673;0.844891752;0.878651034;0.914303927;0.951858268;0.991322077;1.032704456;1.076016620;1.121273053;1.168492763;1.217700621;1.268928757;1.322217957;1.377619048;1.435194191;1.495018042;1.557178698;1.621778360;1.688933614;1.758775234;1.831447394;1.907106160;1.985917127;2.068052044;2.153684259;2.242982802;2.336104899;2.433186703;2.534332008;2.639598673;2.748982502;2.862398260;2.979657515;3.100442970;3.224278888;3.350497257;;;;;;;;;;;;;;;;;
-0.600;;;;;;;;;;;;;;;;;;;;;;;;;2.458651586;2.372303584;2.288119305;2.206101107;2.126240011;2.048520158;1.972922239;1.899426046;1.828012284;1.758663757;1.691366057;1.626107831;1.562880737;1.501679147;1.442499680;1.385340613;1.330201225;1.277081118;1.225979546;1.176894786;1.129823574;1.084760614;1.041698187;1.000625857;0.961530289;0.924395162;0.889201197;0.855926278;0.824545667;0.795032299;0.767357154;0.741489689;0.717398311;0.695050899;0.674415332;0.655460041;0.638154549;0.622469992;0.608379623;0.595859263;0.584887717;0.575447121;0.567523233;0.561105649;0.556187944;0.552767741;0.550846690;0.550430380;0.551528171;0.554152946;0.558320809;0.564050709;0.571364025;0.580284093;0.590835717;0.603044650;0.616937071;0.632539074;0.649876168;0.668972830;0.689852091;0.712535204;0.737041385;0.763387652;0.791588772;0.821657326;0.853603907;0.887437455;0.923165736;0.960795963;1.000335573;1.041793138;1.085179414;1.130508508;1.177799152;1.227076055;1.278371305;1.331725781;1.387190542;1.444828124;1.504713699;1.566936017;1.631598059;1.698817304;1.768725505;1.841467879;1.917201556;1.996093172;2.078315438;2.164042519;2.253444039;2.346677503;2.443878927;2.545151428;2.650551516;2.760072821;2.873626935;2.991021072;3.111932174;3.235877116;3.362178598;;;;;;;;;;;;;;;;;
-0.700;;;;;;;;;;;;;;;;;;;;;;;;;2.470069334;2.383625500;2.299332863;2.217199255;2.137220281;2.059383855;1.983673700;1.910071976;1.838561151;1.769125268;1.701750684;1.636426406;1.573144099;1.511897850;1.452683743;1.395499324;1.340342987;1.287213333;1.236108542;1.187025773;1.139960628;1.094906694;1.051855175;1.010794614;0.971710728;0.934586344;0.899401429;0.866133223;0.834756461;0.805243673;0.777565554;0.751691395;0.727589559;0.705227989;0.684574742;0.665598523;0.648269217;0.632558409;0.618439865;0.605889984;0.594888188;0.585417271;0.577463665;0.571017652;0.566073490;0.562629466;0.560687872;0.560254897;0.561340454;0.563957926;0.568123847;0.573857529;0.581180631;0.590116692;0.600690635;0.612928241;0.626855639;0.642498781;0.659882962;0.679032363;0.699969654;0.722715662;0.747289129;0.773706554;0.801982158;0.832127957;0.864153978;0.898068605;0.933879072;0.971592106;1.011214712;1.052755101;1.096223750;1.141634591;1.189006287;1.238363598;1.289738790;1.343173053;1.398717888;1.456436404;1.516404466;1.578711633;1.643461784;1.710773361;1.780779122;1.853625278;1.929469901;2.008480456;2.090830301;2.176693979;2.266241134;2.359628824;2.456992023;2.558432076;2.664002830;2.773694187;2.887412751;3.004959265;3.126002483;3.250049106;3.376409387;;;;;;;;;;;;;;;;;
-0.800;;;;;;;;;;;;;;;;;;;;;;;;;2.483393490;2.396847182;2.312441311;2.230188683;2.150089045;2.072133698;1.996309067;1.922599398;1.850988695;1.781462053;1.714006452;1.648611158;1.585267781;1.523970086;1.464713627;1.407495242;1.352312492;1.299163052;1.248044114;1.198951825;1.151880774;1.106823557;1.063770432;1.022709059;0.983624350;0.946498416;0.911310606;0.878037649;0.846653879;0.817131535;0.789441136;0.763551904;0.739432242;0.717050231;0.696374161;0.677373054;0.660017193;0.644278622;0.630131624;0.617553158;0.606523242;0.597025282;0.589046334;0.582577301;0.577613046;0.574152438;0.572198315;0.571757369;0.572839963;0.575459867;0.579633938;0.585381738;0.592725102;0.601687665;0.612294368;0.624570933;0.638543351;0.654237366;0.671677997;0.690889085;0.711892909;0.734709864;0.759358220;0.785853987;0.814210885;0.844440437;0.876552189;0.910554081;0.946452949;0.984255183;1.023967525;1.065598013;1.109157053;1.154658613;1.202121515;1.251570801;1.303039148;1.356568288;1.412210384;1.470029324;1.530101853;1.592518488;1.657384119;1.724818220;1.794954553;1.867940258;1.943934197;2.023104412;2.105624539;2.191669009;2.281406842;2.374993835;2.472562925;2.574212477;2.679992238;2.789886685;2.903795453;3.021510526;3.142689834;3.266826902;;;;;;;;;;;;;;;;;;
-0.900;;;;;;;;;;;;;;;;;;;;;;;;;2.498662585;2.412006122;2.327481091;2.245104753;2.164880549;2.086802773;2.010860221;1.937038944;1.865324258;1.795702128;1.728160027;1.662687385;1.599275701;1.537918402;1.478610517;1.421348220;1.366128297;1.312947580;1.261802376;1.212687934;1.165597954;1.120524177;1.077456055;1.036380509;0.997281790;0.960141432;0.924938307;0.891648763;0.860246857;0.830704654;0.802992598;0.777079937;0.752935190;0.730526644;0.709822871;0.690793249;0.673408474;0.657641059;0.643465796;0.630860178;0.619804781;0.610283572;0.602284169;0.595798018;0.590820504;0.587350984;0.585392740;0.584952858;0.586042038;0.588674324;0.592866781;0.598639105;0.606013196;0.615012680;0.625662415;0.637987974;0.652015131;0.667769355;0.685275333;0.704556533;0.725634822;0.748530159;0.773260366;0.799841002;0.828285348;0.858604515;0.890807677;0.924902458;0.960895444;0.998792858;1.038601369;1.080329048;1.123986449;1.169587813;1.217152359;1.266705661;1.318281053;1.371921048;1.427678701;1.485618889;1.545819420;1.608371918;1.673382390;1.740971386;1.811273657;1.884437173;1.960621395;2.039994644;2.122730414;2.209002454;2.298978437;2.392811999;2.490632931;2.592535288;2.698563138;2.808693678;2.922817418;3.040715092;3.162030957;3.286242107;;;;;;;;;;;;;;;;;;
-1.000;;;;;;;;;;;;;;;;;;;;;;;;;2.515913755;2.429138780;2.344487960;2.261982487;2.181629028;2.103424479;2.027359668;1.953422176;1.881598406;1.811875021;1.744239860;1.678682434;1.615194085;1.553767891;1.494398380;1.437081107;1.381812159;1.328587617;1.277403013;1.228252819;1.181129983;1.136025532;1.092928259;1.051824492;1.012697967;0.975529790;0.940298491;0.906980172;0.875548734;0.845976181;0.818232984;0.792288502;0.768111447;0.745670368;0.724934165;0.705872598;0.688456794;0.672659727;0.658456679;0.645825650;0.634747721;0.625207363;0.617192682;0.610695583;0.605711880;0.602241315;0.600287503;0.599857813;0.600963163;0.603617752;0.607838732;0.613645819;0.621060865;0.630107379;0.640810041;0.653194187;0.667285297;0.683108504;0.700688119;0.720047208;0.741207218;0.764187682;0.789006005;0.815677350;0.844214638;0.874628665;0.906928361;0.941121173;0.977213609;1.015211912;1.055122885;1.096954858;1.140718771;1.186429384;1.234106574;1.283776703;1.335474021;1.389242068;1.445135026;1.503218970;1.563572950;1.626289837;1.691476841;1.759255618;1.829761857;1.903144224;1.979562540;2.059185050;2.142184615;2.228733660;2.318997694;2.413127177;2.511247531;2.613447030;2.719762326;2.830161310;2.944523012;3.062614210;3.184062394;3.308324717;;;;;;;;;;;;;;;;;;
-1.100;;;;;;;;;;;;;;;;;;;;;;;;;2.535181896;2.448279797;2.363496274;2.280855900;2.200368104;2.122031977;2.045840043;1.971781137;1.899842530;1.830011416;1.762275877;1.696625431;1.633051229;1.571545998;1.512103794;1.454719614;1.399388927;1.346107166;1.294869206;1.245668877;1.198498514;1.153348577;1.110207352;1.069060728;1.029892078;0.992682222;0.957409491;0.924049873;0.892577235;0.862963629;0.835179653;0.809194860;0.784978222;0.762498606;0.741725277;0.722628399;0.705179532;0.689352106;0.675121863;0.662467268;0.651369856;0.641814532;0.633789806;0.627287957;0.622305123;0.618841322;0.616900392;0.616489862;0.617620747;0.620307281;0.624566580;0.630418266;0.637884027;0.646987156;0.657752059;0.670203750;0.684367350;0.700267600;0.717928401;0.737372397;0.758620619;0.781692199;0.806604171;0.833371372;0.862006454;0.892520020;0.924920889;0.959216504;0.995413474;1.033518270;1.073538056;1.115481659;1.159360660;1.205190604;1.252992294;1.302793148;1.354628596;1.408543458;1.464593276;1.522845528;1.583380677;1.646292963;1.711690865;1.779697142;1.850448337;1.924093628;2.000792905;2.080713913;2.164028308;2.250906460;2.341510788;2.435987447;2.534456121;2.636997685;2.743639466;2.854337823;2.968957742;3.087249099;3.208819264;3.333101642;;;;;;;;;;;;;;;;;;
-1.200;;;;;;;;;;;;;;;;;;;;;;;;;2.556498784;2.469461179;2.384538216;2.301757295;2.221130122;2.142657580;2.066333550;1.992147844;1.920088382;1.850142727;1.782299095;1.716546938;1.652877188;1.591282232;1.531755695;1.474292082;1.418886338;1.365533355;1.314227481;1.264962041;1.217728907;1.172518128;1.129317636;1.088113040;1.048887502;1.011621707;0.976293928;0.942880168;0.911354385;0.881688787;0.853854191;0.827820428;0.803556793;0.781032520;0.760217270;0.741081628;0.723597586;0.707739010;0.693482075;0.680805660;0.669691691;0.660125434;0.652095719;0.645595096;0.640619927;0.637170391;0.635250431;0.634867613;0.636032929;0.638760520;0.643067354;0.648972835;0.656498385;0.665666979;0.676502658;0.689030042;0.703273832;0.719258333;0.737007009;0.756542078;0.777884171;0.801052058;0.826062463;0.852929983;0.881667114;0.912284397;0.944790704;0.979193649;1.015500151;1.053717132;1.093852357;1.135915406;1.179918771;1.225879059;1.273818274;1.323765171;1.375756624;1.429838988;1.486069389;1.544516909;1.605263575;1.668405098;1.734051264;1.802325894;1.873366253;1.947321795;2.024352117;2.104623964;2.188307129;2.275569082;2.366568113;2.461444806;2.560311590;2.663240143;2.770246369;2.881272663;2.996167161;3.114659636;3.236333695;3.360594881;;;;;;;;;;;;;;;;;;
-1.300;;;;;;;;;;;;;;;;;;;;;;;;;;2.492711441;2.407642998;2.324716502;2.243945450;2.165332099;2.088871346;2.014553708;1.942367538;1.872300609;1.804341162;1.738478524;1.674703388;1.613007816;1.553385052;1.495829185;1.440334733;1.386896173;1.335507456;1.286161551;1.238850020;1.193562660;1.150287215;1.109009169;1.069711632;1.032375305;0.996978546;0.963497506;0.931906352;0.902177558;0.874282252;0.848190619;0.823872341;0.801297061;0.780434866;0.761256770;0.743735194;0.727844416;0.713561006;0.700864204;0.689736262;0.680162726;0.672132654;0.665638771;0.660677549;0.657249217;0.655357699;0.655010481;0.656218404;0.658995400;0.663358165;0.669325780;0.676919294;0.686161268;0.697075304;0.709685557;0.724016256;0.740091240;0.757933523;0.777564906;0.799005650;0.822274216;0.847387099;0.874358760;0.903201663;0.933926444;0.966542201;1.001056923;1.037478056;1.075813214;1.116071020;1.158262081;1.202400078;1.248502963;1.296594231;1.346704251;1.398871612;1.453144445;1.509581686;1.568254197;1.629245702;1.692653454;1.758588549;1.827175782;1.898552953;1.972869489;2.050284257;2.130962408;2.215071112;2.302773978;2.394223994;2.489554750;2.588869737;2.692229451;2.799636063;2.911015334;3.026195494;3.144882726;3.266632923;3.390819314;;;;;;;;;;;;;;;;;;
-1.400;;;;;;;;;;;;;;;;;;;;;;;;;;2.518054730;2.432836025;2.349760094;2.268841723;2.190084127;2.113482876;2.039028910;1.966710807;1.896516394;1.828433834;1.762452275;1.698562157;1.636755242;1.577024447;1.519363533;1.463766699;1.410228130;1.358741525;1.309299649;1.261893915;1.216514034;1.173147726;1.131780517;1.092395623;1.054973917;1.019493981;0.985932251;0.954263224;0.924459742;0.896493340;0.870334630;0.845953740;0.823320764;0.802406238;0.783181614;0.765619731;0.749695255;0.735385106;0.722668831;0.711528937;0.701951169;0.693924719;0.687442383;0.682500636;0.679099639;0.677243181;0.676938543;0.678196297;0.681030048;0.685456107;0.691493127;0.699161686;0.708483849;0.719482703;0.732181885;0.746605114;0.762775741;0.780716334;0.800448299;0.821991574;0.845364383;0.870583088;0.897662131;0.926614097;0.957449882;0.990179008;1.024810052;1.061351229;1.099811098;1.140199413;1.182528087;1.226812282;1.273071588;1.321331280;1.371623619;1.423989170;1.478478084;1.535151303;1.594081629;1.655354588;1.719069013;1.785337257;1.854284952;1.926050182;2.000781964;2.078637907;2.159780877;2.244374536;2.332577544;2.424536257;2.520375687;2.620188509;2.724021848;2.831861600;2.943613971;3.059083942;3.177950315;3.299736984;3.423780044;;;;;;;;;;;;;;;;;;
-1.500;;;;;;;;;;;;;;;;;;;;;;;;;;2.545509937;2.460138044;2.376910565;2.295843067;2.216939300;2.140195153;2.065601718;1.993147582;1.922820476;1.854608386;1.788500232;1.724486194;1.662557763;1.602707597;1.544929216;1.489216618;1.435563828;1.383964444;1.334411184;1.286895481;1.241407128;1.197933992;1.156461810;1.116974069;1.079451963;1.043874452;1.010218386;0.978458711;0.948568750;0.920520530;0.894285167;0.869833290;0.847135484;0.826162758;0.806887006;0.789281472;0.773321182;0.758983363;0.746247811;0.735097217;0.725517437;0.717497710;0.711030797;0.706113067;0.702744501;0.700928635;0.700672427;0.701986068;0.704882720;0.709378205;0.715490647;0.723240070;0.732647966;0.743736848;0.756529791;0.771049977;0.787320269;0.805362801;0.825198626;0.846847423;0.870327267;0.895654500;0.922843688;0.951907696;0.982857874;1.015704375;1.050456600;1.087123785;1.125715703;1.166243521;1.208720751;1.253164332;1.299595788;1.348042461;1.398538781;1.451127541;1.505861129;1.562802680;1.622027063;1.683621671;1.747686905;1.814336281;1.883696056;1.955904268;2.031109058;2.109466144;2.191135298;2.276275658;2.365039695;2.457565640;2.553968155;2.654327014;2.758673550;2.866974590;2.979113583;3.094868621;3.213886998;3.335655959;;;;;;;;;;;;;;;;;;;
-1.600;;;;;;;;;;;;;;;;;;;;;;;;;;2.575089810;2.489564283;2.406185502;2.324969297;2.245919515;2.169032018;2.094297767;2.021705148;1.951241644;1.882894971;1.816653774;1.752507972;1.690448825;1.630468796;1.572561269;1.516720157;1.462939470;1.411212855;1.361533152;1.313891985;1.268279405;1.224683600;1.183090692;1.143484601;1.105847006;1.070157387;1.036393146;1.004529803;0.974541263;0.946400140;0.920078126;0.895546408;0.872776103;0.851738711;0.832406575;0.814753328;0.798754330;0.784387070;0.771631534;0.760470524;0.750889931;0.742878942;0.736430188;0.731539823;0.728207539;0.726436506;0.726233251;0.727607470;0.730571781;0.735141420;0.741333894;0.749168596;0.758666383;0.769849146;0.782739368;0.797359689;0.813732488;0.831879504;0.851821494;0.873577957;0.897166929;0.922604862;0.949906604;0.979085483;1.010153505;1.043121686;1.078000501;1.114800467;1.153532859;1.194210543;1.236848932;1.281467039;1.328088618;1.376743360;1.427468130;1.480308183;1.535318348;1.592564099;1.652122467;1.714082734;1.778546802;1.845629182;1.915456476;1.988166256;2.063905214;2.142826431;2.225085643;2.310836302;2.400223282;2.493375009;2.590393813;2.691344262;2.796239221;2.905023378;3.017553924;3.133578085;3.252707160;3.374386710;;;;;;;;;;;;;;;;;;;
-1.700;;;;;;;;;;;;;;;;;;;;;;;;;;;2.521123600;2.437596752;2.356235099;2.277042147;2.200013366;2.125139309;2.052407947;1.981806368;1.913321924;1.846942943;1.782659086;1.720461423;1.660342302;1.602295069;1.546313684;1.492392286;1.440524735;1.390704161;1.342922557;1.297170410;1.253436413;1.211707245;1.171967431;1.134199295;1.098382988;1.064496602;1.032516354;1.002416840;0.974171351;0.947752232;0.923131285;0.900280196;0.879170980;0.859776432;0.842070566;0.826029045;0.811629578;0.798852284;0.787680009;0.778098597;0.770097096;0.763667911;0.758806881;0.755513303;0.753789878;0.753642596;0.755080562;0.758115752;0.762762731;0.769038315;0.776961199;0.786551558;0.797830630;0.810820293;0.825542648;0.842019624;0.860272612;0.880322150;0.902187657;0.925887255;0.951437658;0.978854170;1.008150781;1.039340379;1.072435083;1.107446701;1.144387316;1.183269988;1.224109585;1.266923719;1.311733777;1.358566031;1.407452796;1.458433616;1.511556427;1.566878664;1.624468256;1.684404446;1.746778364;1.811693287;1.879264476;1.949618505;2.022891964;2.099229401;2.178780389;2.261695532;2.348121270;2.438193285;2.532028317;2.629714157;2.731297602;2.836770106;2.946050846;3.058966922;3.175230362;3.294411598;3.415909038;;;;;;;;;;;;;;;;;;;
-1.800;;;;;;;;;;;;;;;;;;;;;;;;;;;2.554817664;2.471149613;2.389649238;2.310319251;2.233154370;2.158144450;2.085276835;2.014538066;1.945915042;1.879395736;1.814969556;1.752627428;1.692361665;1.634165686;1.578033631;1.523959918;1.471938786;1.421963834;1.374027603;1.328121204;1.284234016;1.242353455;1.202464828;1.164551265;1.128593745;1.094571187;1.062460631;1.032237478;1.003875787;0.977348633;0.952628493;0.929687665;0.908498701;0.889034856;0.871270514;0.855181616;0.840746052;0.827944022;0.816758352;0.807174763;0.799182083;0.792772397;0.787941141;0.784687119;0.783012467;0.782922546;0.784425776;0.787533414;0.792259278;0.798619430;0.806631821;0.816315911;0.827692268;0.840782168;0.855607199;0.872188886;0.890548343;0.910705981;0.932681262;0.956492534;0.982156944;1.009690444;1.039107902;1.070423325;1.103650192;1.138801920;1.175892439;1.214936893;1.255952453;1.298959229;1.343981275;1.391047658;1.440193575;1.491461474;1.544902154;1.600575792;1.658552840;1.718914739;1.781754373;1.847176182;1.915295848;1.986239442;2.060141932;2.137144910;2.217393407;2.301031643;2.388197531;2.479015768;2.573589291;2.671988901;2.774240791;2.880311752;2.990091756;3.103373621;3.219829459;3.338983537;;;;;;;;;;;;;;;;;;;;
-1.900;;;;;;;;;;;;;;;;;;;;;;;;;;;2.590640177;2.506842053;2.425213772;2.345756792;2.268464706;2.193326379;2.120328311;2.049456347;1.980696839;1.914037367;1.849467098;1.786976863;1.726559024;1.668207186;1.611915806;1.557679741;1.505493777;1.455352162;1.407248175;1.361173741;1.317119111;1.275072625;1.235020546;1.196946983;1.160833894;1.126661174;1.094406816;1.064047134;1.035557059;1.008910472;0.984080587;0.961040359;0.939762908;0.920221955;0.902392252;0.886249998;0.871773228;0.858942176;0.847739588;0.838150997;0.830164934;0.823773087;0.818970399;0.815755100;0.814128673;0.814095770;0.815664050;0.818843981;0.823648576;0.830093098;0.838194721;0.847972171;0.859445352;0.872634959;0.887562112;0.904247993;0.922713533;0.942979127;0.965064418;0.988988144;1.014768069;1.042421004;1.071962925;1.103409207;1.136774961;1.172075490;1.209326868;1.248546621;1.289754517;1.332973462;1.378230457;1.425557627;1.474993282;1.526582971;1.580380503;1.636448880;1.694861091;1.755700702;1.819062171;1.885050806;1.953782275;2.025381556;2.099981228;2.177718957;2.258734043;2.343162881;2.431133140;2.522756508;2.618119763;2.717273984;2.820221630;2.926901256;3.037169573;3.150780546;3.267361233;3.386383986;;;;;;;;;;;;;;;;;;;;
-2.000;;;;;;;;;;;;;;;;;;;;;;;;;;;;2.544663993;2.462923330;2.383353909;2.305947815;2.230692626;2.157573776;2.086576258;2.017685790;1.950889519;1.886176380;1.823537163;1.762964366;1.704451898;1.647994674;1.593588150;1.541227836;1.490908816;1.442625296;1.396370208;1.352134872;1.309908739;1.269679210;1.231431544;1.195148843;1.160812125;1.128400466;1.097891217;1.069260276;1.042482419;1.017531664;0.994381669;0.973006156;0.953379331;0.935476312;0.919273541;0.904749172;0.891883433;0.880658942;0.871060982;0.863077724;0.856700386;0.851923349;0.848744190;0.847163673;0.847185667;0.848817015;0.852067338;0.856948805;0.863475848;0.871664851;0.881533810;0.893101984;0.906389529;0.921417157;0.938205799;0.956776304;0.977149189;0.999344431;1.023381339;1.049278497;1.077053798;1.106724573;1.138307826;1.171820573;1.207280295;1.244705501;1.284116395;1.325535641;1.368989216;1.414507334;1.462125419;1.511885093;1.563835165;1.618032553;1.674543113;1.733442319;1.794815709;1.858759048;1.925378114;1.994788008;2.067111895;2.142479049;2.221022076;2.302873172;2.388159260;2.476995826;2.569479274;2.665677596;2.765619120;2.869279114;2.976563972;3.087292703;3.201175432;3.317788569;3.436546321;;;;;;;;;;;;;;;;;;;;
-2.100;;;;;;;;;;;;;;;;;;;;;;;;;;;;2.584596668;2.502764448;2.423102231;2.345600202;2.270244346;2.197018802;2.125907556;2.056895594;1.989969595;1.925118272;1.862332426;1.801604782;1.742929672;1.686302614;1.631719827;1.579177728;1.528672423;1.480199244;1.433752328;1.389324260;1.346905796;1.306485664;1.268050449;1.231584563;1.197070300;1.164487959;1.133816048;1.105031543;1.078110201;1.053026917;1.029756112;1.008272145;0.988549731;0.970564364;0.954292721;0.939713058;0.926805565;0.915552692;0.905939426;0.897953520;0.891585670;0.886829629;0.883682267;0.882143567;0.882216569;0.883907247;0.887224347;0.892179164;0.898785290;0.907058324;0.917015555;0.928675635;0.942058245;0.957183771;0.974072995;0.992746816;1.013226020;1.035531096;1.059682117;1.085698708;1.113600079;1.143405172;1.175132889;1.208802435;1.244433756;1.282048090;1.321668608;1.363321147;1.407035025;1.452843907;1.500786722;1.550908571;1.603261629;1.657905966;1.714910260;1.774352333;1.836319454;1.900908326;1.968224680;2.038382370;2.111501876;2.187708086;2.267127229;2.349882819;2.436090435;2.525851190;2.619243666;2.716314134;2.817064826;2.921440005;3.029309592;3.140450046;3.254522206;3.371045764;;;;;;;;;;;;;;;;;;;;;
-2.200;;;;;;;;;;;;;;;;;;;;;;;;;;;;2.626612104;2.544715007;2.464985285;2.387410815;2.311975672;2.238662466;2.167454012;2.098334467;2.031290000;1.966309113;1.903382670;1.842503714;1.783667122;1.726869165;1.672106991;1.619378104;1.568679830;1.520008826;1.473360637;1.428729316;1.386107123;1.345484302;1.306848948;1.270186956;1.235482052;1.202715905;1.171868309;1.142917430;1.115840103;1.090612180;1.067208908;1.045605332;1.025776707;1.007698917;0.991348883;0.976704950;0.963747254;0.952458048;0.942821987;0.934826368;0.928461316;0.923719916;0.920598283;0.919095584;0.919213988;0.920958581;0.924337209;0.929360293;0.936040593;0.944392947;0.954433976;0.966181791;0.979655676;0.994875794;1.011862903;1.030638099;1.051222607;1.073637614;1.097904174;1.124043177;1.152075405;1.182021670;1.213903048;1.247741215;1.283558872;1.321380267;1.361231817;1.403142796;1.447146098;1.493279054;1.541584259;1.592110413;1.644913110;1.700055546;1.757609103;1.817653732;1.880278087;1.945579323;2.013662472;2.084639313;2.158626603;2.235743578;2.316108572;2.399834608;2.487023807;2.577760446;2.672102442;2.770071099;2.871638842;2.976714742;3.085127518;3.196605776;3.310755148;3.427032011;;;;;;;;;;;;;;;;;;;;;
-2.300;;;;;;;;;;;;;;;;;;;;;;;;;;;;;2.588743799;2.508978011;2.431360515;2.355873150;2.282496748;2.211212785;2.142004484;2.074857461;2.009760013;1.946703120;1.885680234;1.826686900;1.769720288;1.714778650;1.661860761;1.610965362;1.562090642;1.515233761;1.470390446;1.427554665;1.386718375;1.347871372;1.311001206;1.276093205;1.243130557;1.212094478;1.182964444;1.155718474;1.130333465;1.106785562;1.085050552;1.065104273;1.046923028;1.030483993;1.015765610;1.002747953;0.991413062;0.981745240;0.973731302;0.967360775;0.962626047;0.959522453;0.958048317;0.958204928;0.959996468;0.963429891;0.968514757;0.975263023;0.983688809;0.993808137;1.005638651;1.019199344;1.034510277;1.051592328;1.070466952;1.091155998;1.113681561;1.138065894;1.164331398;1.192500679;1.222596689;1.254642954;1.288663902;1.324685262;1.362734571;1.402841747;1.445039735;1.489365220;1.535859359;1.584568540;1.635545115;1.688848080;1.744543657;1.802705723;1.863416031;1.926764157;1.992847086;2.061768358;2.133636673;2.208563848;2.286661998;2.368039809;2.452797763;2.541022136;2.632777605;2.728098264;2.826976836;2.929351863;3.035092606;3.143981416;3.255693258;3.369772111;;;;;;;;;;;;;;;;;;;;;;
-2.400;;;;;;;;;;;;;;;;;;;;;;;;;;;;;2.634810238;2.555046415;2.477421678;2.401915283;2.328506031;2.257173878;2.187901002;2.120672415;2.055476213;1.992303545;1.931148356;1.872006986;1.814877652;1.759759880;1.706653906;1.655560089;1.606478353;1.559407687;1.514345704;1.471288286;1.430229311;1.391160462;1.354071136;1.318948429;1.285777209;1.254540259;1.225218493;1.197791227;1.172236501;1.148531441;1.126652643;1.106576580;1.088280015;1.071740409;1.056936315;1.043847753;1.032456552;1.022746657;1.014704392;1.008318677;1.003581188;1.000486477;0.999032019;0.999218224;1.001048387;1.004528591;1.009667570;1.016476529;1.024968936;1.035160294;1.047067888;1.060710535;1.076108339;1.093282454;1.112254879;1.133048286;1.155685892;1.180191388;1.206588933;1.234903216;1.265159596;1.297384324;1.331604848;1.367850195;1.406151439;1.446542230;1.489059394;1.533743567;1.580639856;1.629798498;1.681275487;1.735133126;1.791440463;1.850273561;1.911715531;1.975856270;2.042791824;2.112623273;2.185455060;2.261392631;2.340539281;2.422992057;2.508836573;2.598140569;2.690946042;2.787259743;2.887041832;2.990192458;3.096536026;3.205802853;3.317607965;3.431426680;;;;;;;;;;;;;;;;;;;;;;
-2.500;;;;;;;;;;;;;;;;;;;;;;;;;;;;;;2.603147400;2.525557947;2.450072225;2.376666732;2.305319712;2.236012181;2.168728487;2.103456527;2.040187658;1.978916412;1.919640039;1.862357957;1.807071136;1.753781465;1.702491120;1.653201974;1.605915059;1.560630089;1.517345077;1.476056024;1.436756707;1.399438556;1.364090619;1.330699607;1.299250022;1.269724356;1.242103345;1.216366281;1.192491362;1.170456073;1.150237591;1.131813190;1.115160658;1.100258690;1.087087278;1.075628055;1.065864619;1.057782814;1.051370956;1.046620025;1.043523793;1.042078910;1.042284928;1.044144288;1.047662246;1.052846766;1.059708371;1.068259968;1.078516640;1.090495434;1.104215135;1.119696043;1.136959770;1.156029050;1.176927591;1.199679959;1.224311524;1.250848455;1.279317784;1.309747541;1.342166964;1.376606778;1.413099552;1.451680121;1.492386070;1.535258264;1.580341405;1.627684610;1.677341954;1.729372982;1.783843113;1.840823921;1.900393219;1.962634894;2.027638420;2.095497961;2.166310987;2.240176290;2.317191294;2.397448529;2.481031130;2.568007218;2.658422988;2.752294318;2.849596714;2.950253370;3.054121099;3.160973903;3.270483897;3.382199295;;;;;;;;;;;;;;;;;;;;;;;
-2.600;;;;;;;;;;;;;;;;;;;;;;;;;;;;;;2.653228796;2.575724179;2.500305638;2.426947083;2.355624844;2.286318638;2.219012090;2.153692880;2.090352622;2.028986510;1.969592827;1.912172337;1.856727629;1.803262432;1.751780945;1.702287205;1.654784502;1.609274874;1.565758681;1.524234262;1.484697696;1.447142643;1.411560288;1.377939361;1.346266247;1.316525162;1.288698396;1.262766612;1.238709187;1.216504590;1.196130775;1.177565600;1.160787232;1.145774563;1.132507591;1.120967789;1.111138440;1.103004931;1.096555006;1.091778973;1.088669860;1.087223524;1.087438710;1.089317055;1.092863053;1.098083978;1.104989762;1.113592854;1.123908046;1.135952283;1.149744473;1.165305290;1.182656991;1.201823253;1.222829040;1.245700503;1.270464932;1.297150756;1.325787607;1.356406438;1.389039722;1.423721696;1.460488686;1.499379482;1.540435754;1.583702516;1.629228596;1.677067102;1.727275860;1.779917773;1.835061081;1.892779457;1.953151899;2.016262337;2.082198898;2.151052741;2.222916363;2.297881290;2.376035016;2.457457081;2.542214144;2.630353883;2.721897576;2.816831164;2.915094594;3.016569239;3.121063144;3.228293851;3.337868535;3.449261137;;;;;;;;;;;;;;;;;;;;;;;
-2.700;;;;;;;;;;;;;;;;;;;;;;;;;;;;;;;2.627866609;2.552568761;2.479307111;2.408055851;2.338793260;2.271502156;2.206169990;2.142788658;2.081354099;2.021865740;1.964325837;1.908738767;1.855110290;1.803446834;1.753754812;1.706039996;1.660306970;1.616558664;1.574795977;1.535017499;1.497219327;1.461394978;1.427535386;1.395628988;1.365661882;1.337618060;1.311479687;1.287227437;1.264840866;1.244298805;1.225579772;1.208662394;1.193525817;1.180150108;1.168516630;1.158608400;1.150410396;1.143909834;1.139096400;1.135962432;1.134503054;1.134716264;1.136602974;1.140167002;1.145415027;1.152356505;1.161003553;1.171370807;1.183475272;1.197336150;1.212974673;1.230413946;1.249678805;1.270795695;1.293792586;1.318698931;1.345545666;1.374365261;1.405191835;1.438061313;1.473011655;1.510083125;1.549318608;1.590763966;1.634468407;1.680484865;1.728870346;1.779686232;1.832998491;1.888877761;1.947399256;2.008642432;2.072690357;2.139628705;2.209544289;2.282523047;2.358647363;2.437992623;2.520622856;2.606585343;2.695904015;2.788571483;2.884539510;2.983707721;3.085910332;3.190900665;3.298333187;3.407742792;;;;;;;;;;;;;;;;;;;;;;;;
-2.800;;;;;;;;;;;;;;;;;;;;;;;;;;;;;;;;2.606806722;2.533698831;2.462571431;2.393401199;2.326170057;2.260865194;2.197478815;2.136007669;2.076452435;2.018817005;1.963107707;1.909332524;1.857500314;1.807620083;1.759700310;1.713748351;1.669769933;1.627768737;1.587746085;1.549700725;1.513628706;1.479523359;1.447375355;1.417172846;1.388901676;1.362545660;1.338086903;1.315506165;1.294783263;1.275897478;1.258827981;1.243554257;1.230056516;1.218316086;1.208315781;1.200040238;1.193476214;1.188612842;1.185441841;1.183957681;1.184157702;1.186042185;1.189614378;1.194880484;1.201849609;1.210533680;1.220947342;1.233107822;1.247034803;1.262750273;1.280278396;1.299645380;1.320879382;1.344010424;1.369070354;1.396092846;1.425113437;1.456169619;1.489300970;1.524549336;1.561959053;1.601577194;1.643453847;1.687642389;1.734199754;1.783186651;1.834667718;1.888711566;1.945390673;2.004781071;2.066961780;2.132013910;2.200019359;2.271059029;2.345210450;2.422544720;2.503122627;2.586989841;2.674171010;2.764662626;2.858424463;2.955369415;3.055351535;3.158152024;3.263462970;3.370868540;3.479823374;;;;;;;;;;;;;;;;;;;;;;;;
-2.900;;;;;;;;;;;;;;;;;;;;;;;;;;;;;;;;2.662957124;2.590066708;2.519122734;2.450100099;2.382979719;2.317748478;2.254398898;2.192928602;2.133339619;2.075637608;2.019831017;1.965930230;1.913946743;1.863892370;1.815778518;1.769615547;1.725412208;1.683175198;1.642908793;1.604614608;1.568291440;1.533935215;1.501539030;1.471093268;1.442585800;1.416002244;1.391326278;1.368540008;1.347624357;1.328559482;1.311325210;1.295901461;1.282268683;1.270408256;1.260302883;1.251936944;1.245296823;1.240371189;1.237151237;1.235630883;1.235806914;1.237679094;1.241250226;1.246526171;1.253515832;1.262231108;1.272686814;1.284900591;1.298892790;1.314686362;1.332306736;1.351781718;1.373141394;1.396418063;1.421646190;1.448862398;1.478105490;1.509416513;1.542838849;1.578418354;1.616203510;1.656245603;1.698598908;1.743320855;1.790472174;1.840116968;1.892322705;1.947160075;2.004702675;2.065026463;2.128208933;2.194327924;2.263460008;2.335678348;2.411049943;2.489632148;2.571468341;2.656582620;2.744973359;2.836605497;2.931401346;3.029229761;3.129893442;3.233114161;3.338515652;3.445603919;;;;;;;;;;;;;;;;;;;;;;;;;
-3.000;;;;;;;;;;;;;;;;;;;;;;;;;;;;;;;;;2.648348412;2.577653978;2.508840571;2.441887976;2.376782710;2.313517610;2.252091216;2.192507001;2.134772516;2.078898481;2.024897868;1.972785006;1.922574731;1.874281605;1.827919216;1.783499581;1.741032636;1.700525848;1.661983920;1.625408615;1.590798667;1.558149795;1.527454809;1.498703783;1.471884306;1.446981794;1.423979842;1.402860621;1.383605296;1.366194470;1.350608619;1.336828540;1.324835772;1.314613012;1.306144491;1.299416326;1.294416831;1.291136787;1.289569676;1.289711855;1.291562707;1.295124727;1.300403586;1.307408145;1.316150443;1.326645650;1.338912005;1.352970730;1.368845939;1.386564541;1.406156149;1.427652993;1.451089854;1.476504014;1.503935230;1.533425737;1.565020273;1.598766132;1.634713238;1.672914229;1.713424550;1.756302532;1.801609442;1.849409484;1.899769719;1.952759873;2.008451990;2.066919889;2.128238365;2.192482078;2.259724053;2.330033719;2.403474393;2.480100112;2.559951701;2.643051951;2.729399784;2.818963238;2.911671129;3.007403199;3.105978557;3.207142218;3.310549494;3.415748006;;;;;;;;;;;;;;;;;;;;;;;;;;
-3.100;;;;;;;;;;;;;;;;;;;;;;;;;;;;;;;;;;2.638103367;2.569566962;2.502845194;2.437924133;2.374796911;2.313463016;2.253927442;2.196199747;2.140293072;2.086223149;2.034007335;1.983663699;1.935210179;1.888663824;1.844040146;1.801352560;1.760611953;1.721826352;1.685000706;1.650136774;1.617233111;1.586285150;1.557285360;1.530223486;1.505086850;1.481860701;1.460528610;1.441072901;1.423475089;1.407716341;1.393777930;1.381641684;1.371290417;1.362708333;1.355881406;1.350797723;1.347447785;1.345824768;1.345924746;1.347746863;1.351293466;1.356570197;1.363586047;1.372353373;1.382887887;1.395208618;1.409337857;1.425301084;1.443126890;1.462846894;1.484495664;1.508110650;1.533732117;1.561403107;1.591169407;1.623079534;1.657184736;1.693538994;1.732199033;1.773224308;1.816676970;1.862621788;1.911125990;1.962259008;2.016092092;2.072697733;2.132148880;2.194517854;2.259874936;2.328286527;2.399812817;2.474504859;2.552400959;2.633522260;2.717867396;2.805406087;2.896071513;2.989751308;3.086277001;3.185411689;3.286835757;3.390130387;3.494758630;;;;;;;;;;;;;;;;;;;;;;;;;;
-3.200;;;;;;;;;;;;;;;;;;;;;;;;;;;;;;;;;;;2.632218455;2.565796204;2.501123140;2.438192651;2.377005187;2.317567323;2.259890729;2.203991102;2.149887098;2.097599290;2.047149185;1.998558315;1.951847419;1.907035736;1.864140398;1.823175949;1.784153972;1.747082833;1.711967542;1.678809705;1.647607588;1.618356256;1.591047804;1.565671642;1.542214851;1.520662572;1.500998444;1.483205054;1.467264406;1.453158398;1.440869287;1.430380144;1.421675289;1.414740694;1.409564359;1.406136651;1.404450593;1.404502128;1.406290323;1.409817541;1.415089569;1.422115703;1.430908804;1.441485312;1.453865239;1.468072135;1.484133040;1.502078412;1.521942057;1.543761051;1.567575663;1.593429275;1.621368314;1.651442185;1.683703208;1.718206553;1.755010169;1.794174694;1.835763339;1.879841724;1.926477646;1.975740754;2.027702103;2.082433544;2.140006914;2.200492968;2.263960005;2.330472117;2.400086985;2.472853145;2.548806633;2.627966886;2.710331818;2.795871907;2.884523184;2.976178952;3.070680077;3.167803663;3.267249920;3.368627005;3.471433602;;;;;;;;;;;;;;;;;;;;;;;;;;;
-3.300;;;;;;;;;;;;;;;;;;;;;;;;;;;;;;;;;;;2.696730528;2.630681563;2.566325357;2.503655485;2.442673356;2.383387167;2.325810785;2.269962587;2.215864305;2.163539907;2.113014535;2.064313527;2.017461537;1.972481763;1.929395288;1.888220552;1.848972928;1.811664438;1.776303566;1.742895198;1.711440646;1.681937787;1.654381262;1.628762770;1.605071408;1.583294070;1.563415882;1.545420673;1.529291449;1.515010893;1.502561846;1.491927795;1.483093327;1.476044568;1.470769591;1.467258783;1.465505179;1.465504752;1.467256664;1.470763467;1.476031266;1.483069847;1.491892753;1.502517338;1.514964778;1.529260066;1.545431970;1.563512983;1.583539252;1.605550494;1.629589907;1.655704070;1.683942841;1.714359245;1.747009348;1.781952126;1.819249301;1.858965149;1.901166258;1.945921219;1.993300236;2.043374608;2.096216072;2.151895959;2.210484115;2.272047542;2.336648695;2.404343374;2.475178128;2.549187087;2.626388136;2.706778313;2.790328321;2.876976019;2.966618766;3.059104436;3.154220962;3.251684204;3.351123952;3.452067842;;;;;;;;;;;;;;;;;;;;;;;;;;;;
-3.400;;;;;;;;;;;;;;;;;;;;;;;;;;;;;;;;;;;;2.697439209;2.633473084;2.571132122;2.510418656;2.451342528;2.393919868;2.338171838;2.284123386;2.231802038;2.181236758;2.132456897;2.085491239;2.040367170;1.997109957;1.955742169;1.916283211;1.878748992;1.843151708;1.809499746;1.777797697;1.748046458;1.720243434;1.694382813;1.670455906;1.648451552;1.628356553;1.610156156;1.593834548;1.579375365;1.566762208;1.555979143;1.547011192;1.539844802;1.534468282;1.530872211;1.529049803;1.528997235;1.530713935;1.534202817;1.539470485;1.546527386;1.555387924;1.566070538;1.578597736;1.592996111;1.609296313;1.627533002;1.647744778;1.669974089;1.694267121;1.720673673;1.749247006;1.780043683;1.813123375;1.848548643;1.886384675;1.926698978;1.969560995;2.015041642;2.063212726;2.114146236;2.167913444;2.224583806;2.284223596;2.346894225;2.412650191;2.481536579;2.553586044;2.628815181;2.707220194;2.788771748;2.873408888;2.961031892;3.051493920;3.144591293;3.240052230;3.337523868;3.436557345;;;;;;;;;;;;;;;;;;;;;;;;;;;;;
-3.500;;;;;;;;;;;;;;;;;;;;;;;;;;;;;;;;;;;;;2.702507120;2.640566923;2.580189119;2.521385192;2.464173579;2.408578310;2.354627670;2.302352892;2.251786938;2.202963362;2.155915289;2.110674509;2.067270705;2.025730806;1.986078483;1.948333768;1.912512801;1.878627707;1.846686574;1.816693548;1.788649010;1.762549851;1.738389802;1.716159844;1.695848650;1.677443077;1.660928674;1.646290219;1.633512244;1.622579574;1.613477841;1.606193985;1.600716727;1.597037009;1.595148395;1.595047441;1.596734010;1.600211553;1.605487341;1.612572648;1.621482900;1.632237773;1.644861254;1.659381667;1.675831657;1.694248143;1.714672245;1.737149176;1.761728105;1.788461993;1.817407398;1.848624246;1.882175561;1.918127152;1.956547236;1.997505996;2.041075049;2.087326804;2.136333683;2.188167185;2.242896737;2.300588312;2.361302753;2.425093744;2.492005385;2.562069272;2.635301025;2.711696168;2.791225252;2.873828124;2.959407218;3.047819724;3.138868499;3.232291560;3.327749976;3.424813973;;;;;;;;;;;;;;;;;;;;;;;;;;;;;;
-3.600;;;;;;;;;;;;;;;;;;;;;;;;;;;;;;;;;;;;;;2.711903885;2.651931422;2.593464700;2.536524478;2.481137718;2.427336135;2.375154804;2.324630839;2.275802177;2.228706478;2.183380148;2.139857500;2.098170053;2.058345973;2.020409646;1.984381389;1.950277293;1.918109175;1.887884650;1.859607297;1.833276922;1.808889889;1.786439524;1.765916573;1.747309695;1.730605997;1.715791581;1.702852098;1.691773313;1.682541645;1.675144706;1.669571801;1.665814407;1.663866612;1.663725516;1.665391585;1.668868967;1.674165751;1.681294192;1.690270873;1.701116837;1.713857661;1.728523491;1.745149035;1.763773516;1.784440577;1.807198160;1.832098332;1.859197077;1.888554040;1.920232226;1.954297640;1.990818863;2.029866551;2.071512846;2.115830673;2.162892905;2.212771369;2.265535658;2.321251714;2.379980138;2.441774175;2.506677321;2.574720476;2.645918590;2.720266698;2.797735265;2.878264742;2.961759205;3.048078972;3.137032053;3.228364275;3.321747935;3.416768799;3.512911241;;;;;;;;;;;;;;;;;;;;;;;;;;;;;;
-3.700;;;;;;;;;;;;;;;;;;;;;;;;;;;;;;;;;;;;;;;2.725593027;2.667530229;2.610923729;2.555803451;2.502204615;2.450166239;2.399729729;2.350937563;2.303832115;2.258454602;2.214844176;2.173037158;2.133066431;2.094960961;2.058745469;2.024440237;1.992061036;1.961619172;1.933121642;1.906571383;1.881967599;1.859306172;1.838580117;1.819780099;1.802894972;1.787912351;1.774819193;1.763602380;1.754249301;1.746748409;1.741089766;1.737265552;1.735270539;1.735102527;1.736762737;1.740256155;1.745591825;1.752783101;1.761847835;1.772808524;1.785692403;1.800531485;1.817362554;1.836227108;1.857171251;1.880245534;1.905504745;1.933007645;1.962816645;1.994997415;2.029618425;2.066750398;2.106465672;2.148837439;2.193938863;2.241842029;2.292616712;2.346328921;2.403039185;2.462800534;2.525656116;2.591636407;2.660755925;2.733009395;2.808367260;2.886770465;2.968124392;3.052291837;3.139084913;3.228255724;3.319485664;3.412373182;3.506419827;;;;;;;;;;;;;;;;;;;;;;;;;;;;;;;
-3.800;;;;;;;;;;;;;;;;;;;;;;;;;;;;;;;;;;;;;;;;2.743532856;2.687323085;2.632528303;2.579187276;2.527343046;2.477041414;2.428329541;2.381254673;2.335863011;2.292198736;2.250303176;2.210214135;2.171965375;2.135586238;2.101101415;2.068530847;2.037889752;2.009188757;1.982434138;1.957628152;1.934769434;1.913853472;1.894873128;1.877819192;1.862680981;1.849446933;1.838105229;1.828644391;1.821053885;1.815324688;1.811449833;1.809424925;1.809248602;1.810922966;1.814453959;1.819851683;1.827130675;1.836310121;1.847414017;1.860471268;1.875515738;1.892586227;1.911726409;1.932984688;1.956414011;1.982071602;2.010018633;2.040319824;2.073042951;2.108258273;2.146037851;2.186454745;2.229582086;2.275491975;2.324254207;2.375934780;2.430594148;2.488285182;2.549050799;2.612921185;2.679910569;2.750013476;2.823200371;2.899412615;2.978556642;3.060497239;3.145049820;3.231971561;3.320951258;3.411597750;;;;;;;;;;;;;;;;;;;;;;;;;;;;;;;;;
-3.900;;;;;;;;;;;;;;;;;;;;;;;;;;;;;;;;;;;;;;;;;;2.711266534;2.658238406;2.606639973;2.556521512;2.507934969;2.460932597;2.415565735;2.371883760;2.329933187;2.289756936;2.251393760;2.214877822;2.180238432;2.147499907;2.116681579;2.087797911;2.060858723;2.035869518;2.012831884;1.991743970;1.972601018;1.955395940;1.940119923;1.926763064;1.915314998;1.905765543;1.898105323;1.892326371;1.888422710;1.886390895;1.886230514;1.887944648;1.891540270;1.897028604;1.904425408;1.913751217;1.925031504;1.938296796;1.953582708;1.970929920;1.990384081;2.011995641;2.035819610;2.061915235;2.090345596;2.121177111;2.154478938;2.190322264;2.228779482;2.269923207;2.313825150;2.360554797;2.410177877;2.462754583;2.518337519;2.576969308;2.638679836;2.703483056;2.771373299;2.842321018;2.916267889;2.993121168;3.072747225;3.154964123;3.239533143;3.326149111;3.414429385;;;;;;;;;;;;;;;;;;;;;;;;;;;;;;;;;;
-4.000;;;;;;;;;;;;;;;;;;;;;;;;;;;;;;;;;;;;;;;;;;;2.739314506;2.688012463;2.638124949;2.589708770;2.542821283;2.497519089;2.453856904;2.411886584;2.371656333;2.333210072;2.296586971;2.261821138;2.228941461;2.197971574;2.168929964;2.141830182;2.116681162;2.093487622;2.072250549;2.052967739;2.035634384;2.020243706;2.006787604;1.995257318;1.985644093;1.977939836;1.972137752;1.968232953;1.966223035;1.966108607;1.967893781;1.971586599;1.977199407;1.984749169;1.994257711;2.005751898;2.019263738;2.034830418;2.052494254;2.072302564;2.094307464;2.118565563;2.145137575;2.174087824;2.205483642;2.239394650;2.275891904;2.315046894;2.356930379;2.401611036;2.449153896;2.499618532;2.553056985;2.609511354;2.669011042;2.731569579;2.797180975;2.865815534;2.937415063;3.011887381;3.089100045;3.168873192;3.250971382;3.335094323;3.420866338;;;;;;;;;;;;;;;;;;;;;;;;;;;;;;;;;;;
-4.100;;;;;;;;;;;;;;;;;;;;;;;;;;;;;;;;;;;;;;;;;;;;2.771418724;2.721807713;2.673605368;2.626874213;2.581676200;2.538071486;2.496117399;2.455867561;2.417371211;2.380672680;2.345811043;2.312819916;2.281727406;2.252556188;2.225323711;2.200042499;2.176720562;2.155361877;2.135966939;2.118533365;2.103056542;2.089530298;2.077947590;2.068301196;2.060584397;2.054791647;2.050919209;2.048965762;2.048932961;2.050825947;2.054653802;2.060429941;2.068172436;2.077904273;2.089653526;2.103453457;2.119342530;2.137364339;2.157567440;2.180005092;2.204734889;2.231818285;2.261320003;2.293307311;2.327849164;2.365015186;2.404874489;2.447494290;2.492938326;2.541265017;2.592525364;2.646760531;2.703999077;2.764253792;2.827518076;2.893761810;2.962926635;3.034920588;3.109611982;3.186822460;3.266319103;3.347805486;3.430911558;;;;;;;;;;;;;;;;;;;;;;;;;;;;;;;;;;;;
-4.200;;;;;;;;;;;;;;;;;;;;;;;;;;;;;;;;;;;;;;;;;;;;;;2.759580319;2.713044248;2.667987964;2.624477142;2.582574656;2.542339657;2.503826811;2.467085735;2.432160597;2.399089879;2.367906293;2.338636843;2.311303006;2.285921034;2.262502355;2.241054057;2.221579452;2.204078691;2.188549424;2.174987497;2.163387661;2.153744287;2.146052080;2.140306771;2.136505785;2.134648871;2.134738691;2.136781346;2.140786859;2.146769573;2.154748489;2.164747522;2.176795672;2.190927107;2.207181154;2.225602191;2.246239429;2.269146589;2.294381459;2.322005322;2.352082246;2.384678237;2.419860212;2.457694811;2.498247007;2.541578494;2.587745837;2.636798350;2.688775664;2.743704950;2.801597763;2.862446431;2.926219968;2.992859415;3.062272563;3.134327962;3.208848146;3.285601959;3.364295893;;;;;;;;;;;;;;;;;;;;;;;;;;;;;;;;;;;;;;
-4.300;;;;;;;;;;;;;;;;;;;;;;;;;;;;;;;;;;;;;;;;;;;;;;;2.801285057;2.756404122;2.713020528;2.671202745;2.631015500;2.592518962;2.555768115;2.520812307;2.487694980;2.456453551;2.427119448;2.399718276;2.374270107;2.350789874;2.329287864;2.309770280;2.292239869;2.276696604;2.263138388;2.251561792;2.241962793;2.234337510;2.228682920;2.224997556;2.223282153;2.223540265;2.225778807;2.230008550;2.236244532;2.244506398;2.254818648;2.267210801;2.281717452;2.298378233;2.317237652;2.338344824;2.361753072;2.387519386;2.415703750;2.446368301;2.479576328;2.515391077;2.553874361;2.595084946;2.639076688;2.685896396;2.735581398;2.788156751;2.843632088;2.901998023;2.963222083;3.027244104;3.093971020;3.163270977;3.234966693;3.308827965;3.384563240;;;;;;;;;;;;;;;;;;;;;;;;;;;;;;;;;;;;;;;
-4.400;;;;;;;;;;;;;;;;;;;;;;;;;;;;;;;;;;;;;;;;;;;;;;;;;2.803646066;2.761941755;2.721831773;2.683381806;2.646652235;2.611697629;2.578566436;2.547300825;2.517936699;2.490503839;2.465026181;2.441522207;2.420005433;2.400484976;2.382966195;2.367451379;2.353940476;2.342431842;2.332923004;2.325411415;2.319895199;2.316373856;2.314848947;2.315324708;2.317808623;2.322311917;2.328849973;2.337442671;2.348114626;2.360895323;2.375819153;2.392925324;2.412257649;2.433864203;2.457796836;2.484110531;2.512862607;2.544111729;2.577916743;2.614335290;2.653422195;2.695227611;2.739794872;2.787158060;2.837339216;2.890345179;2.946164015;3.004760961;3.066073861;3.130008011;3.196430356;3.265162962;3.335975673;;;;;;;;;;;;;;;;;;;;;;;;;;;;;;;;;;;;;;;;;
-4.500;;;;;;;;;;;;;;;;;;;;;;;;;;;;;;;;;;;;;;;;;;;;;;;;;;;2.814718824;2.776340976;2.739659979;2.704735606;2.671621293;2.640363953;2.611003955;2.583575244;2.558105609;2.534617057;2.513126305;2.493645344;2.476182090;2.460741081;2.447324218;2.435931535;2.426561974;2.419214162;2.413887171;2.410581249;2.409298505;2.410043553;2.412824078;2.417651341;2.424540594;2.433511401;2.444587860;2.457798716;2.473177343;2.490761612;2.510593609;2.532719205;2.557187476;2.584049936;2.613359599;2.645169837;2.679533017;2.716498911;2.756112845;2.798413571;2.843430826;2.891182555;2.941671761;2.994882933;3.050778025;3.109291910;3.170327281;3.233748913;3.299377223;;;;;;;;;;;;;;;;;;;;;;;;;;;;;;;;;;;;;;;;;;;
-4.600;;;;;;;;;;;;;;;;;;;;;;;;;;;;;;;;;;;;;;;;;;;;;;;;;;;;;2.834701467;2.799831173;2.766760290;2.735540394;2.706216237;2.678825850;2.653400785;2.629966484;2.608542756;2.589144352;2.571781610;2.556461164;2.543186695;2.531959714;2.522780349;2.515648140;2.510562811;2.507525012;2.506537020;2.507603384;2.510731495;2.515932091;2.523219655;2.532612724;2.544134081;2.557810824;2.573674306;2.591759933;2.612106801;2.634757174;2.659755785;2.687148938;2.716983411;2.749305132;2.784157617;2.821580144;2.861605637;2.904258252;2.949550605;2.997480635;3.048028054;3.101150341;3.156778229;3.214810647;3.275109036;;;;;;;;;;;;;;;;;;;;;;;;;;;;;;;;;;;;;;;;;;;;;
-4.700;;;;;;;;;;;;;;;;;;;;;;;;;;;;;;;;;;;;;;;;;;;;;;;;;;;;;;;2.863865278;2.832706140;2.803444650;2.776122756;2.750775599;2.727431875;2.706114293;2.686840152;2.669621985;2.654468271;2.641384194;2.630372435;2.621433970;2.614568870;2.609777091;2.607059215;2.606417160;2.607854827;2.611378662;2.616998152;2.624726205;2.634579430;2.646578292;2.660747134;2.677114054;2.695710621;2.716571425;2.739733443;2.765235208;2.793115759;2.823413373;2.856164039;2.891399668;2.929146016;2.969420284;3.012228378;3.057561793;3.105394081;3.155676870;3.208335388;3.263263438;;;;;;;;;;;;;;;;;;;;;;;;;;;;;;;;;;;;;;;;;;;;;;;
-4.800;;;;;;;;;;;;;;;;;;;;;;;;;;;;;;;;;;;;;;;;;;;;;;;;;;;;;;;;;;2.875302011;2.850060094;2.826838059;2.805661219;2.786549102;2.769516095;2.754572158;2.741723581;2.730973784;2.722324117;2.715774673;2.711325068;2.708975198;2.708725940;2.710579791;2.714541425;2.720618163;2.728820329;2.739161493;2.751658579;2.766331822;2.783204576;2.802302935;2.823655180;2.847291016;2.873240592;2.901533287;2.932196243;2.965252622;3.000719568;3.038605849;3.078909151;3.121612987;3.166683204;3.214064029;;;;;;;;;;;;;;;;;;;;;;;;;;;;;;;;;;;;;;;;;;;;;;;;;;
-4.900;;;;;;;;;;;;;;;;;;;;;;;;;;;;;;;;;;;;;;;;;;;;;;;;;;;;;;;;;;;;;;2.888037652;2.871223737;2.856526336;2.843952312;2.833505245;2.825186243;2.818994741;2.814929291;2.812988306;2.813170756;2.815476792;2.819908282;2.826469254;2.835166214;2.846008344;2.859007545;2.874178331;2.891537534;2.911103839;2.932897091;2.956937399;2.983243989;3.011833802;3.042719807;3.075909027;3.111400219;3.149181219;3.189225896;;;;;;;;;;;;;;;;;;;;;;;;;;;;;;;;;;;;;;;;;;;;;;;;;;;;;
-5.000;;;;;;;;;;;;;;;;;;;;;;;;;;;;;;;;;;;;;;;;;;;;;;;;;;;;;;;;;;;;;;;;;;2.937633483;2.929677012;2.923875446;2.920225352;2.918722668;2.919363386;2.922144146;2.927062753;2.934118572;2.943312804;2.954648623;2.968131150;2.983767252;3.001565160;3.021533868;3.043682313;3.068018309;3.094547221;3.123270353;3.154183027;;;;;;;;;;;;;;;;;;;;;;;;;;;;;;;;;;;;;;;;;;;;;;;;;;;;;;;;;
-5.100;;;;;;;;;;;;;;;;;;;;;;;;;;;;;;;;;;;;;;;;;;;;;;;;;;;;;;;;;;;;;;;;;;;;;;;;;;;;;;;;;;;;;;;;;;;;;;;;;;;;;;;;;;;;;;;;;;;;;;;;;;;;;;;;;;;;;;;;;;;;;;
-5.200;;;;;;;;;;;;;;;;;;;;;;;;;;;;;;;;;;;;;;;;;;;;;;;;;;;;;;;;;;;;;;;;;;;;;;;;;;;;;;;;;;;;;;;;;;;;;;;;;;;;;;;;;;;;;;;;;;;;;;;;;;;;;;;;;;;;;;;;;;;;;;
-5.300;;;;;;;;;;;;;;;;;;;;;;;;;;;;;;;;;;;;;;;;;;;;;;;;;;;;;;;;;;;;;;;;;;;;;;;;;;;;;;;;;;;;;;;;;;;;;;;;;;;;;;;;;;;;;;;;;;;;;;;;;;;;;;;;;;;;;;;;;;;;;;
-5.400;;;;;;;;;;;;;;;;;;;;;;;;;;;;;;;;;;;;;;;;;;;;;;;;;;;;;;;;;;;;;;;;;;;;;;;;;;;;;;;;;;;;;;;;;;;;;;;;;;;;;;;;;;;;;;;;;;;;;;;;;;;;;;;;;;;;;;;;;;;;;;
-5.500;;;;;;;;;;;;;;;;;;;;;;;;;;;;;;;;;;;;;;;;;;;;;;;;;;;;;;;;;;;;;;;;;;;;;;;;;;;;;;;;;;;;;;;;;;;;;;;;;;;;;;;;;;;;;;;;;;;;;;;;;;;;;;;;;;;;;;;;;;;;;;
-5.600;;;;;;;;;;;;;;;;;;;;;;;;;;;;;;;;;;;;;;;;;;;;;;;;;;;;;;;;;;;;;;;;;;;;;;;;;;;;;;;;;;;;;;;;;;;;;;;;;;;;;;;;;;;;;;;;;;;;;;;;;;;;;;;;;;;;;;;;;;;;;;
-5.700;;;;;;;;;;;;;;;;;;;;;;;;;;;;;;;;;;;;;;;;;;;;;;;;;;;;;;;;;;;;;;;;;;;;;;;;;;;;;;;;;;;;;;;;;;;;;;;;;;;;;;;;;;;;;;;;;;;;;;;;;;;;;;;;;;;;;;;;;;;;;;
-5.800;;;;;;;;;;;;;;;;;;;;;;;;;;;;;;;;;;;;;;;;;;;;;;;;;;;;;;;;;;;;;;;;;;;;;;;;;;;;;;;;;;;;;;;;;;;;;;;;;;;;;;;;;;;;;;;;;;;;;;;;;;;;;;;;;;;;;;;;;;;;;;
-5.900;;;;;;;;;;;;;;;;;;;;;;;;;;;;;;;;;;;;;;;;;;;;;;;;;;;;;;;;;;;;;;;;;;;;;;;;;;;;;;;;;;;;;;;;;;;;;;;;;;;;;;;;;;;;;;;;;;;;;;;;;;;;;;;;;;;;;;;;;;;;;;
-6.000;;;;;;;;;;;;;;;;;;;;;;;;;;;;;;;;;;;;;;;;;;;;;;;;;;;;;;;;;;;;;;;;;;;;;;;;;;;;;;;;;;;;;;;;;;;;;;;;;;;;;;;;;;;;;;;;;;;;;;;;;;;;;;;;;;;;;;;;;;;;;;
-6.100;;;;;;;;;;;;;;;;;;;;;;;;;;;;;;;;;;;;;;;;;;;;;;;;;;;;;;;;;;;;;;;;;;;;;;;;;;;;;;;;;;;;;;;;;;;;;;;;;;;;;;;;;;;;;;;;;;;;;;;;;;;;;;;;;;;;;;;;;;;;;;
-6.200;;;;;;;;;;;;;;;;;;;;;;;;;;;;;;;;;;;;;;;;;;;;;;;;;;;;;;;;;;;;;;;;;;;;;;;;;;;;;;;;;;;;;;;;;;;;;;;;;;;;;;;;;;;;;;;;;;;;;;;;;;;;;;;;;;;;;;;;;;;;;;
-6.300;;;;;;;;;;;;;;;;;;;;;;;;;;;;;;;;;;;;;;;;;;;;;;;;;;;;;;;;;;;;;;;;;;;;;;;;;;;;;;;;;;;;;;;;;;;;;;;;;;;;;;;;;;;;;;;;;;;;;;;;;;;;;;;;;;;;;;;;;;;;;;
-6.400;;;;;;;;;;;;;;;;;;;;;;;;;;;;;;;;;;;;;;;;;;;;;;;;;;;;;;;;;;;;;;;;;;;;;;;;;;;;;;;;;;;;;;;;;;;;;;;;;;;;;;;;;;;;;;;;;;;;;;;;;;;;;;;;;;;;;;;;;;;;;;
-6.500;;;;;;;;;;;;;;;;;;;;;;;;;;;;;;;;;;;;;;;;;;;;;;;;;;;;;;;;;;;;;;;;;;;;;;;;;;;;;;;;;;;;;;;;;;;;;;;;;;;;;;;;;;;;;;;;;;;;;;;;;;;;;;;;;;;;;;;;;;;;;;
-6.600;;;;;;;;;;;;;;;;;;;;;;;;;;;;;;;;;;;;;;;;;;;;;;;;;;;;;;;;;;;;;;;;;;;;;;;;;;;;;;;;;;;;;;;;;;;;;;;;;;;;;;;;;;;;;;;;;;;;;;;;;;;;;;;;;;;;;;;;;;;;;;
-6.700;;;;;;;;;;;;;;;;;;;;;;;;;;;;;;;;;;;;;;;;;;;;;;;;;;;;;;;;;;;;;;;;;;;;;;;;;;;;;;;;;;;;;;;;;;;;;;;;;;;;;;;;;;;;;;;;;;;;;;;;;;;;;;;;;;;;;;;;;;;;;;
-6.800;;;;;;;;;;;;;;;;;;;;;;;;;;;;;;;;;;;;;;;;;;;;;;;;;;;;;;;;;;;;;;;;;;;;;;;;;;;;;;;;;;;;;;;;;;;;;;;;;;;;;;;;;;;;;;;;;;;;;;;;;;;;;;;;;;;;;;;;;;;;;;
-6.900;;;;;;;;;;;;;;;;;;;;;;;;;;;;;;;;;;;;;;;;;;;;;;;;;;;;;;;;;;;;;;;;;;;;;;;;;;;;;;;;;;;;;;;;;;;;;;;;;;;;;;;;;;;;;;;;;;;;;;;;;;;;;;;;;;;;;;;;;;;;;;
-7.000;;;;;;;;;;;;;;;;;;;;;;;;;;;;;;;;;;;;;;;;;;;;;;;;;;;;;;;;;;;;;;;;;;;;;;;;;;;;;;;;;;;;;;;;;;;;;;;;;;;;;;;;;;;;;;;;;;;;;;;;;;;;;;;;;;;;;;;;;;;;;;
[SYSTEM];;
Name;Pentacam;
Version;1.25r15;
SerialNo;0035  0250;
Registered User;...;
File Date;19-06-2024;
Matrixsize X;141;
Matrixsize Y;141;
Matrix-Res. X/Y;100;

[PATIENT];;
LastName;01 Demo AXL;
FirstName;Long Eye;
Eye;OS;
DateOfBirth;30-04-1953;
Sex;...;
PatientID;high asti;

[EXAMINATION];;
Date;16-05-2024;
Time;12:55:17;
Surgeon;...;
OP;...;
TestNo;...;
Comments;...;
Max. Diameter;12.27;

[GENERAL DATA];;
Cornea Front Rh;7.70;
Cornea Front Rv;7.45;
Cornea Front Axis;170.0;
Cornea Front Astig;1.4;
Cornea Front Exz;-0.36;Q-val. (8mm);
Pachy Apex;526;
Pachy Min;519;
Pachy Min X;0.89;
Pachy Min Y;-0.48;
Chamber Height;2.60;
Chamber Angle;33.69;
KKS;# -;
QS Status;OK;
QS Error;0;
K Max (Front);45.68;
K Max X (Front);0.27;
K Max Y (Front);1.70;

[PUPIL];
Pupil Dia;2.70;
XPupil;341;
YPupil;-82;

X;Y;
1668;0;
1665;41;
1661;82;
1656;122;
1650;163;
1643;203;
1635;242;
1625;282;
1614;321;
1602;360;
1590;398;
1576;436;
1560;473;
1544;510;
1527;546;
1509;582;
1490;617;
1470;651;
1448;685;
1426;718;
1403;750;
1380;782;
1355;812;
1330;842;
1303;871;
1276;899;
1249;926;
1221;953;
1191;978;
1162;1002;
1131;1025;
1101;1048;
1070;1070;
1038;1090;
1006;1109;
973;1128;
940;1145;
907;1162;
873;1177;
839;1192;
805;1205;
771;1217;
736;1229;
702;1239;
667;1248;
632;1256;
598;1264;
563;1270;
528;1275;
494;1280;
459;1283;
425;1285;
390;1287;
356;1287;
322;1287;
289;1286;
255;1284;
222;1281;
189;1277;
157;1273;
125;1268;
93;1262;
62;1255;
31;1247;
0;1239;
-30;1230;
-60;1221;
-89;1211;
-118;1200;
-147;1189;
-175;1177;
-202;1165;
-229;1152;
-256;1138;
-282;1124;
-307;1110;
-332;1095;
-357;1080;
-381;1064;
-404;1048;
-427;1032;
-450;1015;
-472;998;
-494;981;
-515;963;
-535;945;
-555;927;
-575;908;
-594;890;
-613;871;
-631;851;
-649;831;
-666;812;
-683;792;
-700;772;
-715;751;
-731;731;
-746;710;
-761;689;
-775;668;
-788;647;
-801;625;
-814;604;
-827;582;
-839;561;
-850;539;
-861;516;
-872;494;
-882;472;
-892;449;
-902;426;
-910;404;
-919;381;
-927;358;
-935;335;
-942;311;
-949;288;
-955;264;
-961;241;
-967;217;
-972;193;
-977;169;
-981;145;
-985;121;
-988;97;
-992;73;
-994;49;
-996;24;
-997;0;
-999;-25;
-1000;-49;
-1001;-74;
-1001;-99;
-1000;-123;
-999;-148;
-998;-173;
-997;-198;
-994;-223;
-991;-248;
-988;-273;
-985;-299;
-981;-324;
-976;-349;
-971;-375;
-965;-400;
-959;-425;
-953;-451;
-946;-476;
-938;-501;
-930;-527;
-921;-552;
-912;-578;
-902;-603;
-892;-628;
-881;-653;
-869;-678;
-857;-704;
-845;-729;
-832;-754;
-817;-778;
-803;-803;
-788;-828;
-772;-852;
-756;-876;
-739;-900;
-721;-924;
-703;-948;
-684;-971;
-664;-994;
-644;-1017;
-623;-1039;
-601;-1061;
-579;-1083;
-556;-1105;
-533;-1126;
-508;-1147;
-483;-1167;
-458;-1186;
-431;-1206;
-404;-1224;
-377;-1242;
-349;-1260;
-320;-1277;
-290;-1293;
-260;-1309;
-230;-1324;
-199;-1338;
-167;-1352;
-134;-1364;
-102;-1376;
-68;-1387;
-34;-1398;
0;-1407;
35;-1416;
70;-1423;
105;-1430;
141;-1436;
178;-1440;
214;-1444;
251;-1447;
288;-1448;
325;-1449;
363;-1448;
400;-1447;
438;-1444;
476;-1440;
514;-1435;
551;-1429;
589;-1423;
627;-1414;
664;-1404;
702;-1394;
739;-1382;
776;-1369;
812;-1355;
848;-1340;
884;-1324;
920;-1306;
955;-1288;
990;-1269;
1024;-1248;
1057;-1226;
1090;-1203;
1123;-1179;
1155;-1155;
1186;-1129;
1216;-1102;
1245;-1074;
1274;-1046;
1302;-1016;
1329;-986;
1355;-954;
1380;-922;
1405;-890;
1428;-856;
1451;-822;
1472;-787;
1492;-751;
1512;-715;
1530;-678;
1548;-641;
1563;-603;
1578;-565;
1592;-526;
1605;-487;
1617;-447;
1627;-408;
1636;-367;
1644;-327;
1652;-287;
1658;-246;
1662;-205;
1665;-164;
1668;-123;
1669;-82;
1669;-41;
[CORNEA EDGE];;
Cornea Center Pos X (related to apex, [mm]);0.50;
Cornea Center Pos Y (related to apex, [mm]);-0.04;
Iris Image existing in Examination;1;
Iris Image Apex Pixel Position X;376.03;
Iris Image Apex Pixel Position Y;243.91;
Iris Image mm per Pixel;0.0210;
Left Cornea-Edge X (related to Apex, [µm]);Left Cornea-Edge Y (related to Apex, [µm]);
-5171;1657;
-5220;1459;
-5263;1259;
-5300;1059;
-5331;859;
-5356;657;
-5375;455;
-5388;253;
-5394;51;
-5394;-151;
-5388;-353;
-5376;-555;
-5357;-756;
-5333;-957;
-5302;-1157;
-5265;-1356;
-5223;-1553;
-5174;-1750;
-5121;-1946;
-5061;-2140;
-4997;-2333;
-4927;-2525;
-4852;-2715;
-4772;-2904;
;;
;;
;;
;;
;;
;;
;;
;;
;;
;;
;;
;;
;;
;;
;;
;;
Right Cornea-Edge X (related to Apex, [µm]);Right Cornea-Edge Y (related to Apex, [µm]);
5662;-3089;
5752;-2898;
5836;-2705;
5916;-2511;
5990;-2314;
6059;-2116;
6121;-1917;
6178;-1715;
6229;-1512;
6274;-1308;
6312;-1102;
6343;-896;
6368;-688;
6386;-479;
6397;-270;
6401;-61;
6398;149;
6388;359;
6372;568;
6348;776;
6317;984;
6280;1191;
6236;1397;
6186;1602;
;;
;;
;;
;;
;;
;;
;;
;;
;;
;;
;;
;;
;;
;;
;;
;;
[GENERAL DATA 2];;
Chamber Angle @ 180°;33.7;
Chamber Angle @ 0°;35.2;
Chamber Volume [mm³];119;
AXL Axial Length [mm];;
AXL SNR;;
HWTW;11.8;
