ELEVATION RELATIVE BFS FRONT 8mm zone;-7.000;-6.900;-6.800;-6.700;-6.600;-6.500;-6.400;-6.300;-6.200;-6.100;-6.000;-5.900;-5.800;-5.700;-5.600;-5.500;-5.400;-5.300;-5.200;-5.100;-5.000;-4.900;-4.800;-4.700;-4.600;-4.500;-4.400;-4.300;-4.200;-4.100;-4.000;-3.900;-3.800;-3.700;-3.600;-3.500;-3.400;-3.300;-3.200;-3.100;-3.000;-2.900;-2.800;-2.700;-2.600;-2.500;-2.400;-2.300;-2.200;-2.100;-2.000;-1.900;-1.800;-1.700;-1.600;-1.500;-1.400;-1.300;-1.200;-1.100;-1.000;-0.900;-0.800;-0.700;-0.600;-0.500;-0.400;-0.300;-0.200;-0.100;0.000;0.100;0.200;0.300;0.400;0.500;0.600;0.700;0.800;0.900;1.000;1.100;1.200;1.300;1.400;1.500;1.600;1.700;1.800;1.900;2.000;2.100;2.200;2.300;2.400;2.500;2.600;2.700;2.800;2.900;3.000;3.100;3.200;3.300;3.400;3.500;3.600;3.700;3.800;3.900;4.000;4.100;4.200;4.300;4.400;4.500;4.600;4.700;4.800;4.900;5.000;5.100;5.200;5.300;5.400;5.500;5.600;5.700;5.800;5.900;6.000;6.100;6.200;6.300;6.400;6.500;6.600;6.700;6.800;6.900;7.000;
7.000;;;;;;;;;;;;;;;;;;;;;;;;;;;;;;;;;;;;;;;;;;;;;;;;;;;;;;;;;;;;;;;;;;;;;;;;;;;;;;;;;;;;;;;;;;;;;;;;;;;;;;;;;;;;;;;;;;;;;;;;;;;;;;;;;;;;;;;;;;;;;;
6.900;;;;;;;;;;;;;;;;;;;;;;;;;;;;;;;;;;;;;;;;;;;;;;;;;;;;;;;;;;;;;;;;;;;;;;;;;;;;;;;;;;;;;;;;;;;;;;;;;;;;;;;;;;;;;;;;;;;;;;;;;;;;;;;;;;;;;;;;;;;;;;
6.800;;;;;;;;;;;;;;;;;;;;;;;;;;;;;;;;;;;;;;;;;;;;;;;;;;;;;;;;;;;;;;;;;;;;;;;;;;;;;;;;;;;;;;;;;;;;;;;;;;;;;;;;;;;;;;;;;;;;;;;;;;;;;;;;;;;;;;;;;;;;;;
6.700;;;;;;;;;;;;;;;;;;;;;;;;;;;;;;;;;;;;;;;;;;;;;;;;;;;;;;;;;;;;;;;;;;;;;;;;;;;;;;;;;;;;;;;;;;;;;;;;;;;;;;;;;;;;;;;;;;;;;;;;;;;;;;;;;;;;;;;;;;;;;;
6.600;;;;;;;;;;;;;;;;;;;;;;;;;;;;;;;;;;;;;;;;;;;;;;;;;;;;;;;;;;;;;;;;;;;;;;;;;;;;;;;;;;;;;;;;;;;;;;;;;;;;;;;;;;;;;;;;;;;;;;;;;;;;;;;;;;;;;;;;;;;;;;
6.500;;;;;;;;;;;;;;;;;;;;;;;;;;;;;;;;;;;;;;;;;;;;;;;;;;;;;;;;;;;;;;;;;;;;;;;;;;;;;;;;;;;;;;;;;;;;;;;;;;;;;;;;;;;;;;;;;;;;;;;;;;;;;;;;;;;;;;;;;;;;;;
6.400;;;;;;;;;;;;;;;;;;;;;;;;;;;;;;;;;;;;;;;;;;;;;;;;;;;;;;;;;;;;;;;;;;;;;;;;;;;;;;;;;;;;;;;;;;;;;;;;;;;;;;;;;;;;;;;;;;;;;;;;;;;;;;;;;;;;;;;;;;;;;;
6.300;;;;;;;;;;;;;;;;;;;;;;;;;;;;;;;;;;;;;;;;;;;;;;;;;;;;;;;;;;;;;;;;;;;;;;;;;;;;;;;;;;;;;;;;;;;;;;;;;;;;;;;;;;;;;;;;;;;;;;;;;;;;;;;;;;;;;;;;;;;;;;
6.200;;;;;;;;;;;;;;;;;;;;;;;;;;;;;;;;;;;;;;;;;;;;;;;;;;;;;;;;;;;;;;;;;;;;;;;;;;;;;;;;;;;;;;;;;;;;;;;;;;;;;;;;;;;;;;;;;;;;;;;;;;;;;;;;;;;;;;;;;;;;;;
6.100;;;;;;;;;;;;;;;;;;;;;;;;;;;;;;;;;;;;;;;;;;;;;;;;;;;;;;;;;;;;;;;;;;;;;;;;;;;;;;;;;;;;;;;;;;;;;;;;;;;;;;;;;;;;;;;;;;;;;;;;;;;;;;;;;;;;;;;;;;;;;;
6.000;;;;;;;;;;;;;;;;;;;;;;;;;;;;;;;;;;;;;;;;;;;;;;;;;;;;;;;;;;;;;;;;;;;;;;;;;;;;;;;;;;;;;;;;;;;;;;;;;;;;;;;;;;;;;;;;;;;;;;;;;;;;;;;;;;;;;;;;;;;;;;
5.900;;;;;;;;;;;;;;;;;;;;;;;;;;;;;;;;;;;;;;;;;;;;;;;;;;;;;;;;;;;;;;;;;;;;;;;;;;;;;;;;;;;;;;;;;;;;;;;;;;;;;;;;;;;;;;;;;;;;;;;;;;;;;;;;;;;;;;;;;;;;;;
5.800;;;;;;;;;;;;;;;;;;;;;;;;;;;;;;;;;;;;;;;;;;;;;;;;;;;;;;;;;;;;;;;;;;;;;;;;;;;;;;;;;;;;;;;;;;;;;;;;;;;;;;;;;;;;;;;;;;;;;;;;;;;;;;;;;;;;;;;;;;;;;;
5.700;;;;;;;;;;;;;;;;;;;;;;;;;;;;;;;;;;;;;;;;;;;;;;;;;;;;;;;;;;;;;;;;;;;;;;;;;;;;;;;;;;;;;;;;;;;;;;;;;;;;;;;;;;;;;;;;;;;;;;;;;;;;;;;;;;;;;;;;;;;;;;
5.600;;;;;;;;;;;;;;;;;;;;;;;;;;;;;;;;;;;;;;;;;;;;;;;;;;;;;;;;;;;;;;;;;;;;;;;;;;;;;;;;;;;;;;;;;;;;;;;;;;;;;;;;;;;;;;;;;;;;;;;;;;;;;;;;;;;;;;;;;;;;;;
5.500;;;;;;;;;;;;;;;;;;;;;;;;;;;;;;;;;;;;;;;;;;;;;;;;;;;;;;;;;;;;;;;;;;;;;;;;;;;;;;;;;;;;;;;;;;;;;;;;;;;;;;;;;;;;;;;;;;;;;;;;;;;;;;;;;;;;;;;;;;;;;;
5.400;;;;;;;;;;;;;;;;;;;;;;;;;;;;;;;;;;;;;;;;;;;;;;;;;;;;;;;;;;;;;;;;;;;;;;;;;;;;;;;;;;;;;;;;;;;;;;;;;;;;;;;;;;;;;;;;;;;;;;;;;;;;;;;;;;;;;;;;;;;;;;
5.300;;;;;;;;;;;;;;;;;;;;;;;;;;;;;;;;;;;;;;;;;;;;;;;;;;;;;;;;;;;;;;;;;;;;;;;;;;;;;;;;;;;;;;;;;;;;;;;;;;;;;;;;;;;;;;;;;;;;;;;;;;;;;;;;;;;;;;;;;;;;;;
5.200;;;;;;;;;;;;;;;;;;;;;;;;;;;;;;;;;;;;;;;;;;;;;;;;;;;;;;;;;;;;;;;;;;;;;;;;;;;;;;;;;;;;;;;;;;;;;;;;;;;;;;;;;;;;;;;;;;;;;;;;;;;;;;;;;;;;;;;;;;;;;;
5.100;;;;;;;;;;;;;;;;;;;;;;;;;;;;;;;;;;;;;;;;;;;;;;;;;;;;;;;;;;;;;;;;;;;;;;;;;;;;;;;;;;;;;;;;;;;;;;;;;;;;;;;;;;;;;;;;;;;;;;;;;;;;;;;;;;;;;;;;;;;;;;
5.000;;;;;;;;;;;;;;;;;;;;;;;;;;;;;;;;;;;;;;;;;;;;;;;;;;;;;;;;;;;;;;;;;;;;;;;;;;;;;;;;;;;;;;;;;;;;;;;;;;;;;;;;;;;;;;;;;;;;;;;;;;;;;;;;;;;;;;;;;;;;;;
4.900;;;;;;;;;;;;;;;;;;;;;;;;;;;;;;;;;;;;;;;;;;;;;;;;;;;;;;;;;;;;;;;;;;;;;;;;;;;;;;;;;;;;;;;;;;;;;;;;;;;;;;;;;;;;;;;;;;;;;;;;;;;;;;;;;;;;;;;;;;;;;;
4.800;;;;;;;;;;;;;;;;;;;;;;;;;;;;;;;;;;;;;;;;;;;;;;;;;;;;;;;;;;;;;;;;;;;;;;;;;;;;;;;;;;;;;;;;;;;;;;;;;;;;;;;;;;;;;;;;;;;;;;;;;;;;;;;;;;;;;;;;;;;;;;
4.700;;;;;;;;;;;;;;;;;;;;;;;;;;;;;;;;;;;;;;;;;;;;;;;;;;;;;;;;;;;;;;;;;;;;;;;;;;;;;;;;;;;;;;;;;;;;;;;;;;;;;;;;;;;;;;;;;;;;;;;;;;;;;;;;;;;;;;;;;;;;;;
4.600;;;;;;;;;;;;;;;;;;;;;;;;;;;;;;;;;;;;;;;;;;;;;;;;;;;;;;;;;;;;;;;;;;;;;;;;;;;;;;;;;;;;;;;;;;;;;;;;;;;;;;;;;;;;;;;;;;;;;;;;;;;;;;;;;;;;;;;;;;;;;;
4.500;;;;;;;;;;;;;;;;;;;;;;;;;;;;;;;;;;;;;;;;;;;;;;;;;;;;;;;;;;;;;;;;;;;;;;;;;;;;;;;;;;;;;;;;;;;;;;;;;;;;;;;;;;;;;;;;;;;;;;;;;;;;;;;;;;;;;;;;;;;;;;
4.400;;;;;;;;;;;;;;;;;;;;;;;;;;;;;;;;;;;;;;;;;;;;;;;;;;;;;;;;;;;;;;;;;;;;;;;;;;;;;;;;;;;;;;;;;;;;;;;;;;;;;;;;;;;;;;;;;;;;;;;;;;;;;;;;;;;;;;;;;;;;;;
4.300;;;;;;;;;;;;;;;;;;;;;;;;;;;;;;;;;;;;;;;;;;;;;;;;;;;;;;;;;;;;;;;;;;;;2.3;1.4;0.8;0.2;-0.2;-0.4;-0.6;-0.6;-0.5;-0.4;-0.1;0.3;0.8;1.3;1.9;2.6;3.4;4.3;5.2;6.3;7.4;8.7;10.1;;;;;;;;;;;;;;;;;;;;;;;;;;;;;;;;;;;;;;;;;;;;;;;;;;;;
4.200;;;;;;;;;;;;;;;;;;;;;;;;;;;;;;;;;;;;;;;;;;;;;;;;;;;;;;;;;;;;;;;4.8;3.3;1.9;0.6;-0.4;-1.4;-2.1;-2.8;-3.3;-3.7;-3.9;-4.1;-4.1;-4.1;-3.9;-3.7;-3.4;-3.0;-2.6;-2.0;-1.4;-0.8;-0.0;0.8;1.7;2.7;3.8;5.0;6.4;7.9;9.7;11.6;;;;;;;;;;;;;;;;;;;;;;;;;;;;;;;;;;;;;;;;;;;;;;;;
4.100;;;;;;;;;;;;;;;;;;;;;;;;;;;;;;;;;;;;;;;;;;;;;;;;;;;;;;;;;;;8.6;6.5;4.6;2.8;1.2;-0.2;-1.5;-2.7;-3.7;-4.5;-5.2;-5.8;-6.3;-6.7;-6.9;-7.1;-7.1;-7.1;-7.0;-6.8;-6.6;-6.2;-5.9;-5.4;-4.9;-4.4;-3.7;-3.0;-2.2;-1.4;-0.4;0.6;1.8;3.2;4.7;6.4;8.3;10.5;13.0;15.8;;;;;;;;;;;;;;;;;;;;;;;;;;;;;;;;;;;;;;;;;;;;
4.000;;;;;;;;;;;;;;;;;;;;;;;;;;;;;;;;;;;;;;;;;;;;;;;;;;;;;;;14.1;11.5;9.2;6.9;4.9;2.9;1.2;-0.4;-1.9;-3.2;-4.4;-5.5;-6.4;-7.1;-7.8;-8.3;-8.8;-9.1;-9.4;-9.5;-9.6;-9.6;-9.5;-9.3;-9.1;-8.9;-8.6;-8.2;-7.8;-7.3;-6.8;-6.2;-5.5;-4.8;-4.0;-3.0;-2.0;-0.8;0.5;2.0;3.7;5.6;7.8;10.4;13.2;16.4;;;;;;;;;;;;;;;;;;;;;;;;;;;;;;;;;;;;;;;;;;
3.900;;;;;;;;;;;;;;;;;;;;;;;;;;;;;;;;;;;;;;;;;;;;;;;;;;;;18.1;15.3;12.7;10.2;7.8;5.6;3.5;1.6;-0.1;-1.7;-3.2;-4.6;-5.8;-6.8;-7.8;-8.6;-9.3;-9.9;-10.4;-10.8;-11.1;-11.4;-11.5;-11.6;-11.6;-11.5;-11.4;-11.2;-11.0;-10.8;-10.5;-10.1;-9.7;-9.3;-8.8;-8.2;-7.6;-6.9;-6.1;-5.2;-4.2;-3.0;-1.7;-0.2;1.5;3.5;5.7;8.2;11.2;14.5;18.2;22.5;;;;;;;;;;;;;;;;;;;;;;;;;;;;;;;;;;;;;;;
3.800;;;;;;;;;;;;;;;;;;;;;;;;;;;;;;;;;;;;;;;;;;;;;;;;;;19.8;16.9;14.1;11.5;9.1;6.7;4.6;2.5;0.6;-1.1;-2.7;-4.2;-5.6;-6.8;-7.9;-8.8;-9.7;-10.4;-11.1;-11.6;-12.1;-12.4;-12.7;-12.9;-13.1;-13.1;-13.1;-13.1;-13.0;-12.9;-12.7;-12.5;-12.2;-12.0;-11.6;-11.3;-10.9;-10.4;-9.9;-9.3;-8.6;-7.8;-6.9;-5.9;-4.8;-3.5;-2.0;-0.2;1.8;4.1;6.7;9.7;13.1;16.9;21.3;26.2;;;;;;;;;;;;;;;;;;;;;;;;;;;;;;;;;;;;;
3.700;;;;;;;;;;;;;;;;;;;;;;;;;;;;;;;;;;;;;;;;;;;;;;;;21.9;18.8;16.0;13.2;10.6;8.2;5.9;3.8;1.8;-0.1;-1.8;-3.4;-4.9;-6.2;-7.5;-8.6;-9.5;-10.4;-11.2;-11.9;-12.4;-12.9;-13.3;-13.7;-13.9;-14.1;-14.2;-14.3;-14.3;-14.3;-14.2;-14.1;-14.0;-13.8;-13.6;-13.4;-13.1;-12.8;-12.4;-12.1;-11.6;-11.1;-10.6;-9.9;-9.2;-8.3;-7.3;-6.1;-4.8;-3.2;-1.5;0.6;2.9;5.6;8.7;12.2;16.1;20.6;25.7;31.4;;;;;;;;;;;;;;;;;;;;;;;;;;;;;;;;;;;
3.600;;;;;;;;;;;;;;;;;;;;;;;;;;;;;;;;;;;;;;;;;;;;;;24.3;21.1;18.1;15.2;12.5;10.0;7.6;5.3;3.2;1.2;-0.6;-2.3;-3.9;-5.4;-6.7;-7.9;-9.0;-10.0;-10.9;-11.7;-12.3;-12.9;-13.4;-13.9;-14.2;-14.5;-14.7;-14.9;-15.0;-15.1;-15.1;-15.1;-15.0;-14.9;-14.8;-14.7;-14.5;-14.4;-14.1;-13.9;-13.6;-13.3;-13.0;-12.5;-12.1;-11.5;-10.9;-10.1;-9.3;-8.3;-7.1;-5.7;-4.1;-2.3;-0.2;2.2;5.0;8.1;11.7;15.8;20.4;25.6;31.5;;;;;;;;;;;;;;;;;;;;;;;;;;;;;;;;;;
3.500;;;;;;;;;;;;;;;;;;;;;;;;;;;;;;;;;;;;;;;;;;;;27.2;23.8;20.6;17.6;14.8;12.1;9.6;7.2;5.0;2.9;0.9;-0.9;-2.6;-4.1;-5.6;-6.9;-8.1;-9.2;-10.2;-11.1;-11.8;-12.5;-13.1;-13.7;-14.1;-14.5;-14.8;-15.0;-15.2;-15.4;-15.5;-15.5;-15.6;-15.5;-15.5;-15.4;-15.4;-15.3;-15.1;-15.0;-14.8;-14.7;-14.4;-14.2;-13.9;-13.6;-13.2;-12.7;-12.2;-11.5;-10.8;-9.9;-8.9;-7.7;-6.2;-4.6;-2.7;-0.6;2.0;4.8;8.1;11.8;16.0;20.7;26.1;32.1;38.8;;;;;;;;;;;;;;;;;;;;;;;;;;;;;;;;
3.400;;;;;;;;;;;;;;;;;;;;;;;;;;;;;;;;;;;;;;;;;;30.6;27.0;23.6;20.4;17.4;14.5;11.9;9.3;7.0;4.8;2.7;0.8;-1.0;-2.7;-4.2;-5.6;-6.9;-8.1;-9.2;-10.2;-11.0;-11.8;-12.5;-13.1;-13.6;-14.1;-14.5;-14.8;-15.1;-15.3;-15.4;-15.6;-15.7;-15.7;-15.7;-15.7;-15.7;-15.7;-15.6;-15.5;-15.5;-15.4;-15.2;-15.1;-14.9;-14.7;-14.5;-14.3;-13.9;-13.6;-13.1;-12.6;-11.9;-11.1;-10.2;-9.2;-7.9;-6.5;-4.8;-2.8;-0.6;2.0;5.0;8.3;12.2;16.5;21.4;26.9;33.0;39.9;;;;;;;;;;;;;;;;;;;;;;;;;;;;;;;
3.300;;;;;;;;;;;;;;;;;;;;;;;;;;;;;;;;;;;;;;;;;30.7;27.1;23.6;20.4;17.4;14.5;11.9;9.4;7.0;4.8;2.8;0.9;-0.9;-2.6;-4.1;-5.5;-6.7;-7.9;-9.0;-9.9;-10.8;-11.6;-12.3;-12.9;-13.4;-13.9;-14.3;-14.6;-14.9;-15.1;-15.3;-15.4;-15.5;-15.6;-15.6;-15.6;-15.6;-15.6;-15.6;-15.6;-15.5;-15.5;-15.4;-15.3;-15.2;-15.1;-15.0;-14.8;-14.6;-14.4;-14.0;-13.7;-13.2;-12.7;-12.0;-11.2;-10.3;-9.1;-7.9;-6.3;-4.6;-2.5;-0.2;2.5;5.5;9.0;13.0;17.4;22.4;28.1;34.4;41.4;49.3;;;;;;;;;;;;;;;;;;;;;;;;;;;;;
3.200;;;;;;;;;;;;;;;;;;;;;;;;;;;;;;;;;;;;;;;35.2;31.2;27.4;24.0;20.7;17.6;14.7;12.1;9.5;7.2;5.0;3.0;1.1;-0.7;-2.3;-3.8;-5.2;-6.4;-7.6;-8.6;-9.6;-10.4;-11.2;-11.9;-12.5;-13.0;-13.5;-13.9;-14.2;-14.5;-14.7;-14.9;-15.0;-15.1;-15.2;-15.3;-15.3;-15.4;-15.4;-15.4;-15.4;-15.3;-15.3;-15.3;-15.3;-15.2;-15.1;-15.1;-15.0;-14.9;-14.7;-14.5;-14.3;-14.0;-13.6;-13.1;-12.5;-11.8;-11.0;-10.0;-8.9;-7.5;-6.0;-4.1;-2.0;0.4;3.2;6.4;10.0;14.0;18.6;23.8;29.6;36.0;43.3;51.3;;;;;;;;;;;;;;;;;;;;;;;;;;;;
3.100;;;;;;;;;;;;;;;;;;;;;;;;;;;;;;;;;;;;;;36.1;32.0;28.2;24.6;21.2;18.1;15.2;12.5;10.0;7.6;5.4;3.4;1.5;-0.3;-1.9;-3.4;-4.7;-6.0;-7.1;-8.2;-9.1;-9.9;-10.7;-11.4;-12.0;-12.5;-12.9;-13.3;-13.6;-13.9;-14.1;-14.3;-14.5;-14.6;-14.7;-14.8;-14.8;-14.8;-14.9;-14.9;-14.9;-14.9;-14.9;-14.9;-14.9;-14.9;-14.8;-14.8;-14.8;-14.7;-14.6;-14.5;-14.4;-14.2;-14.0;-13.6;-13.2;-12.8;-12.2;-11.4;-10.6;-9.5;-8.3;-6.9;-5.3;-3.3;-1.1;1.4;4.3;7.5;11.3;15.5;20.2;25.5;31.5;38.1;45.5;53.8;;;;;;;;;;;;;;;;;;;;;;;;;;;
3.000;;;;;;;;;;;;;;;;;;;;;;;;;;;;;;;;;;;;;37.3;33.0;29.1;25.4;22.0;18.8;15.8;13.1;10.5;8.1;5.9;3.9;2.0;0.2;-1.4;-2.9;-4.2;-5.5;-6.6;-7.6;-8.5;-9.4;-10.1;-10.8;-11.3;-11.8;-12.3;-12.7;-13.0;-13.3;-13.5;-13.7;-13.8;-13.9;-14.0;-14.1;-14.2;-14.2;-14.2;-14.2;-14.3;-14.3;-14.3;-14.3;-14.3;-14.3;-14.3;-14.3;-14.3;-14.3;-14.3;-14.2;-14.2;-14.1;-13.9;-13.7;-13.5;-13.1;-12.7;-12.2;-11.6;-10.8;-9.9;-8.8;-7.6;-6.1;-4.4;-2.4;-0.1;2.6;5.5;8.9;12.8;17.1;22.0;27.4;33.6;40.4;48.0;56.5;;;;;;;;;;;;;;;;;;;;;;;;;;
2.900;;;;;;;;;;;;;;;;;;;;;;;;;;;;;;;;;;;;38.8;34.4;30.3;26.5;23.0;19.8;16.7;13.9;11.3;8.9;6.6;4.6;2.7;0.9;-0.7;-2.2;-3.6;-4.8;-5.9;-6.9;-7.9;-8.7;-9.4;-10.0;-10.6;-11.1;-11.5;-11.9;-12.2;-12.5;-12.7;-12.9;-13.0;-13.2;-13.2;-13.3;-13.4;-13.4;-13.4;-13.5;-13.5;-13.5;-13.5;-13.5;-13.5;-13.5;-13.6;-13.6;-13.6;-13.6;-13.6;-13.6;-13.6;-13.6;-13.5;-13.4;-13.3;-13.1;-12.8;-12.4;-12.0;-11.5;-10.8;-10.0;-9.0;-7.9;-6.6;-5.0;-3.2;-1.1;1.3;4.0;7.1;10.6;14.6;19.1;24.1;29.7;36.0;43.1;50.9;59.6;;;;;;;;;;;;;;;;;;;;;;;;;
2.800;;;;;;;;;;;;;;;;;;;;;;;;;;;;;;;;;;;40.6;36.1;31.8;27.9;24.3;20.9;17.8;14.9;12.2;9.8;7.5;5.4;3.4;1.6;0.0;-1.5;-2.8;-4.1;-5.2;-6.2;-7.1;-7.9;-8.6;-9.3;-9.8;-10.3;-10.7;-11.1;-11.4;-11.7;-11.9;-12.1;-12.2;-12.3;-12.4;-12.5;-12.5;-12.6;-12.6;-12.6;-12.6;-12.6;-12.6;-12.7;-12.7;-12.7;-12.7;-12.7;-12.7;-12.8;-12.8;-12.8;-12.8;-12.8;-12.8;-12.8;-12.7;-12.6;-12.4;-12.2;-12.0;-11.6;-11.1;-10.6;-9.9;-9.0;-8.0;-6.8;-5.4;-3.8;-1.9;0.3;2.7;5.6;8.8;12.5;16.6;21.2;26.4;32.2;38.7;45.9;54.1;63.0;;;;;;;;;;;;;;;;;;;;;;;;
2.700;;;;;;;;;;;;;;;;;;;;;;;;;;;;;;;;;;42.8;38.0;33.6;29.6;25.8;22.3;19.1;16.1;13.4;10.8;8.5;6.3;4.3;2.5;0.9;-0.6;-2.0;-3.3;-4.4;-5.4;-6.3;-7.1;-7.8;-8.5;-9.0;-9.5;-9.9;-10.2;-10.5;-10.8;-11.0;-11.2;-11.3;-11.4;-11.5;-11.6;-11.6;-11.7;-11.7;-11.7;-11.7;-11.7;-11.7;-11.7;-11.7;-11.7;-11.7;-11.7;-11.8;-11.8;-11.8;-11.8;-11.9;-11.9;-11.9;-11.9;-11.9;-11.8;-11.8;-11.6;-11.5;-11.3;-11.0;-10.6;-10.1;-9.5;-8.8;-7.9;-6.8;-5.6;-4.1;-2.4;-0.4;1.8;4.4;7.4;10.7;14.5;18.8;23.6;29.0;35.0;41.7;49.2;57.5;66.8;;;;;;;;;;;;;;;;;;;;;;;
2.600;;;;;;;;;;;;;;;;;;;;;;;;;;;;;;;;;45.2;40.2;35.6;31.4;27.5;23.9;20.6;17.5;14.6;12.0;9.6;7.4;5.4;3.5;1.8;0.3;-1.1;-2.4;-3.5;-4.6;-5.5;-6.3;-7.0;-7.6;-8.1;-8.6;-9.0;-9.4;-9.7;-9.9;-10.1;-10.3;-10.4;-10.6;-10.6;-10.7;-10.7;-10.7;-10.8;-10.8;-10.8;-10.7;-10.7;-10.7;-10.7;-10.7;-10.7;-10.7;-10.7;-10.8;-10.8;-10.8;-10.8;-10.9;-10.9;-10.9;-10.9;-10.9;-10.9;-10.8;-10.7;-10.6;-10.4;-10.2;-9.9;-9.5;-8.9;-8.3;-7.5;-6.6;-5.5;-4.2;-2.7;-0.9;1.2;3.6;6.3;9.3;12.8;16.8;21.2;26.2;31.8;38.0;45.0;52.7;61.4;71.0;;;;;;;;;;;;;;;;;;;;;;
2.500;;;;;;;;;;;;;;;;;;;;;;;;;;;;;;;;47.8;42.7;37.9;33.5;29.4;25.7;22.2;19.0;16.1;13.4;10.9;8.6;6.5;4.6;2.8;1.2;-0.2;-1.5;-2.6;-3.7;-4.6;-5.4;-6.1;-6.7;-7.2;-7.7;-8.1;-8.5;-8.8;-9.0;-9.2;-9.4;-9.5;-9.6;-9.7;-9.8;-9.8;-9.8;-9.8;-9.8;-9.8;-9.8;-9.7;-9.7;-9.7;-9.7;-9.7;-9.7;-9.7;-9.7;-9.7;-9.7;-9.8;-9.8;-9.8;-9.9;-9.9;-9.9;-9.9;-9.9;-9.8;-9.8;-9.7;-9.5;-9.3;-9.0;-8.7;-8.2;-7.7;-7.0;-6.2;-5.2;-4.1;-2.7;-1.1;0.8;2.9;5.4;8.2;11.5;15.1;19.2;23.8;29.0;34.8;41.3;48.6;56.7;65.7;75.7;;;;;;;;;;;;;;;;;;;;;
2.400;;;;;;;;;;;;;;;;;;;;;;;;;;;;;;;50.8;45.4;40.4;35.8;31.6;27.7;24.1;20.7;17.7;14.9;12.3;9.9;7.7;5.7;3.9;2.3;0.8;-0.5;-1.7;-2.7;-3.6;-4.4;-5.2;-5.8;-6.3;-6.8;-7.2;-7.6;-7.9;-8.2;-8.4;-8.5;-8.6;-8.7;-8.8;-8.8;-8.9;-8.9;-8.9;-8.8;-8.8;-8.8;-8.7;-8.7;-8.7;-8.7;-8.6;-8.6;-8.6;-8.6;-8.6;-8.6;-8.7;-8.7;-8.7;-8.7;-8.8;-8.8;-8.8;-8.8;-8.8;-8.8;-8.7;-8.6;-8.5;-8.3;-8.1;-7.8;-7.4;-7.0;-6.4;-5.7;-4.8;-3.8;-2.6;-1.1;0.6;2.5;4.8;7.4;10.3;13.7;17.5;21.8;26.7;32.0;38.2;44.9;52.5;61.0;70.4;;;;;;;;;;;;;;;;;;;;;
2.300;;;;;;;;;;;;;;;;;;;;;;;;;;;;;;54.0;48.3;43.1;38.3;33.9;29.8;26.1;22.6;19.4;16.5;13.8;11.3;9.1;7.0;5.1;3.4;1.9;0.6;-0.6;-1.7;-2.7;-3.5;-4.2;-4.8;-5.4;-5.9;-6.3;-6.7;-7.0;-7.3;-7.5;-7.6;-7.7;-7.8;-7.9;-7.9;-7.9;-7.9;-7.9;-7.9;-7.8;-7.8;-7.8;-7.7;-7.7;-7.6;-7.6;-7.6;-7.6;-7.6;-7.5;-7.6;-7.6;-7.6;-7.6;-7.6;-7.7;-7.7;-7.7;-7.7;-7.7;-7.7;-7.7;-7.7;-7.6;-7.5;-7.3;-7.1;-6.9;-6.5;-6.1;-5.6;-5.0;-4.3;-3.4;-2.3;-1.0;0.5;2.3;4.4;6.7;9.5;12.6;16.1;20.1;24.7;29.7;35.4;41.8;48.9;56.9;65.8;75.6;;;;;;;;;;;;;;;;;;;;
2.200;;;;;;;;;;;;;;;;;;;;;;;;;;;;;57.5;51.5;46.1;41.0;36.4;32.2;28.2;24.6;21.3;18.2;15.4;12.9;10.5;8.4;6.4;4.7;3.1;1.7;0.4;-0.7;-1.6;-2.5;-3.2;-3.9;-4.5;-5.0;-5.4;-5.8;-6.1;-6.4;-6.6;-6.7;-6.9;-7.0;-7.0;-7.0;-7.0;-7.0;-7.0;-7.0;-6.9;-6.9;-6.8;-6.8;-6.7;-6.7;-6.6;-6.6;-6.5;-6.5;-6.5;-6.5;-6.5;-6.5;-6.5;-6.5;-6.6;-6.6;-6.6;-6.6;-6.6;-6.6;-6.6;-6.6;-6.6;-6.5;-6.4;-6.3;-6.1;-5.9;-5.6;-5.2;-4.8;-4.3;-3.6;-2.8;-1.9;-0.7;0.6;2.2;4.1;6.3;8.8;11.7;15.0;18.7;23.0;27.7;33.1;39.0;45.8;53.3;61.7;71.0;81.5;;;;;;;;;;;;;;;;;;;
2.100;;;;;;;;;;;;;;;;;;;;;;;;;;;;;55.0;49.2;44.0;39.1;34.7;30.6;26.8;23.3;20.1;17.2;14.5;12.0;9.8;7.8;5.9;4.3;2.8;1.5;0.4;-0.6;-1.5;-2.3;-3.0;-3.6;-4.1;-4.6;-4.9;-5.3;-5.5;-5.7;-5.9;-6.0;-6.1;-6.2;-6.2;-6.2;-6.2;-6.1;-6.1;-6.0;-6.0;-5.9;-5.8;-5.8;-5.7;-5.7;-5.6;-5.6;-5.5;-5.5;-5.5;-5.5;-5.5;-5.5;-5.5;-5.5;-5.5;-5.5;-5.5;-5.5;-5.6;-5.6;-5.6;-5.5;-5.5;-5.5;-5.4;-5.3;-5.1;-4.9;-4.6;-4.3;-3.9;-3.4;-2.9;-2.2;-1.3;-0.3;0.9;2.3;4.0;6.0;8.3;11.0;14.0;17.5;21.5;26.0;31.0;36.7;43.0;50.1;58.1;67.0;76.9;;;;;;;;;;;;;;;;;;;
2.000;;;;;;;;;;;;;;;;;;;;;;;;;;;;58.6;52.7;47.1;42.0;37.4;33.1;29.1;25.5;22.1;19.0;16.2;13.6;11.3;9.2;7.3;5.5;4.0;2.7;1.5;0.4;-0.5;-1.3;-2.0;-2.7;-3.2;-3.7;-4.1;-4.4;-4.7;-4.9;-5.1;-5.2;-5.3;-5.3;-5.4;-5.4;-5.3;-5.3;-5.3;-5.2;-5.1;-5.1;-5.0;-4.9;-4.8;-4.8;-4.7;-4.6;-4.6;-4.5;-4.5;-4.5;-4.5;-4.5;-4.4;-4.5;-4.5;-4.5;-4.5;-4.5;-4.5;-4.5;-4.5;-4.5;-4.5;-4.4;-4.4;-4.3;-4.2;-4.1;-3.9;-3.7;-3.4;-3.0;-2.6;-2.1;-1.4;-0.7;0.2;1.3;2.5;4.1;5.9;8.0;10.5;13.3;16.6;20.3;24.5;29.3;34.6;40.7;47.4;55.0;63.5;73.0;83.6;;;;;;;;;;;;;;;;;;
1.900;;;;;;;;;;;;;;;;;;;;;;;;;;;62.6;56.3;50.5;45.1;40.2;35.7;31.6;27.7;24.2;21.0;18.0;15.3;12.9;10.6;8.6;6.8;5.2;3.8;2.6;1.5;0.5;-0.3;-1.1;-1.7;-2.3;-2.8;-3.2;-3.6;-3.9;-4.1;-4.3;-4.4;-4.5;-4.6;-4.6;-4.6;-4.6;-4.5;-4.5;-4.4;-4.3;-4.3;-4.2;-4.1;-4.0;-3.9;-3.8;-3.8;-3.7;-3.6;-3.6;-3.6;-3.5;-3.5;-3.5;-3.5;-3.5;-3.5;-3.5;-3.5;-3.5;-3.5;-3.5;-3.5;-3.5;-3.4;-3.4;-3.4;-3.3;-3.2;-3.0;-2.9;-2.7;-2.4;-2.1;-1.7;-1.2;-0.7;-0.0;0.8;1.7;2.9;4.2;5.9;7.8;10.1;12.7;15.8;19.3;23.3;27.8;32.9;38.6;45.0;52.3;60.3;69.4;79.6;;;;;;;;;;;;;;;;;;
1.800;;;;;;;;;;;;;;;;;;;;;;;;;;;60.2;54.1;48.5;43.3;38.5;34.2;30.2;26.5;23.1;20.0;17.1;14.5;12.2;10.1;8.2;6.5;5.0;3.7;2.6;1.5;0.6;-0.1;-0.8;-1.4;-2.0;-2.4;-2.8;-3.1;-3.3;-3.5;-3.7;-3.8;-3.8;-3.9;-3.9;-3.9;-3.8;-3.8;-3.7;-3.6;-3.5;-3.4;-3.3;-3.2;-3.1;-3.1;-3.0;-2.9;-2.8;-2.8;-2.7;-2.7;-2.6;-2.6;-2.6;-2.6;-2.5;-2.5;-2.5;-2.5;-2.5;-2.5;-2.5;-2.5;-2.5;-2.4;-2.4;-2.3;-2.3;-2.2;-2.0;-1.9;-1.7;-1.4;-1.2;-0.8;-0.4;0.1;0.7;1.5;2.3;3.3;4.5;6.0;7.8;9.9;12.3;15.2;18.5;22.2;26.5;31.4;36.9;43.0;49.9;57.7;66.4;76.1;87.1;;;;;;;;;;;;;;;;;
1.700;;;;;;;;;;;;;;;;;;;;;;;;;;64.4;57.9;52.0;46.5;41.5;36.9;32.7;28.8;25.3;22.0;19.0;16.3;13.8;11.6;9.6;7.8;6.2;4.8;3.6;2.6;1.6;0.8;0.1;-0.6;-1.1;-1.6;-2.0;-2.3;-2.6;-2.8;-3.0;-3.1;-3.2;-3.2;-3.2;-3.2;-3.2;-3.1;-3.0;-2.9;-2.8;-2.7;-2.6;-2.5;-2.4;-2.3;-2.2;-2.1;-2.1;-2.0;-1.9;-1.9;-1.8;-1.8;-1.7;-1.7;-1.7;-1.7;-1.7;-1.6;-1.6;-1.6;-1.6;-1.6;-1.6;-1.5;-1.5;-1.4;-1.4;-1.3;-1.2;-1.1;-0.9;-0.7;-0.5;-0.2;0.1;0.5;1.0;1.5;2.2;2.9;3.9;5.0;6.3;7.8;9.8;12.1;14.7;17.8;21.4;25.5;30.1;35.3;41.2;47.9;55.3;63.7;73.1;83.7;95.5;;;;;;;;;;;;;;;;
1.600;;;;;;;;;;;;;;;;;;;;;;;;;;62.1;55.8;50.0;44.7;39.9;35.4;31.3;27.6;24.1;21.0;18.1;15.5;13.1;11.0;9.1;7.4;6.0;4.7;3.6;2.6;1.7;0.9;0.3;-0.3;-0.8;-1.2;-1.6;-1.9;-2.1;-2.3;-2.4;-2.5;-2.6;-2.6;-2.6;-2.6;-2.5;-2.4;-2.3;-2.2;-2.1;-2.0;-1.9;-1.8;-1.7;-1.6;-1.5;-1.4;-1.3;-1.2;-1.1;-1.1;-1.0;-1.0;-0.9;-0.9;-0.9;-0.8;-0.8;-0.8;-0.8;-0.8;-0.7;-0.7;-0.7;-0.6;-0.6;-0.5;-0.4;-0.3;-0.2;-0.1;0.1;0.2;0.5;0.7;1.0;1.4;1.8;2.3;2.9;3.6;4.5;5.5;6.7;8.1;9.8;11.9;14.4;17.4;20.7;24.6;29.0;34.1;39.7;46.1;53.3;61.4;70.5;80.7;92.2;;;;;;;;;;;;;;;;
1.500;;;;;;;;;;;;;;;;;;;;;;;;;66.5;59.9;53.8;48.2;43.0;38.3;34.0;30.0;26.4;23.0;20.0;17.2;14.7;12.5;10.5;8.7;7.1;5.8;4.6;3.5;2.6;1.8;1.1;0.5;-0.1;-0.5;-0.9;-1.2;-1.5;-1.7;-1.8;-1.9;-2.0;-2.0;-2.0;-2.0;-2.0;-1.9;-1.8;-1.7;-1.6;-1.5;-1.4;-1.2;-1.1;-1.0;-0.9;-0.8;-0.7;-0.6;-0.5;-0.4;-0.3;-0.3;-0.2;-0.2;-0.1;-0.1;-0.1;-0.0;0.0;0.0;0.1;0.1;0.1;0.2;0.2;0.3;0.4;0.5;0.6;0.7;0.8;1.0;1.2;1.4;1.6;1.9;2.3;2.7;3.1;3.7;4.3;5.1;6.1;7.2;8.5;10.0;12.0;14.3;17.0;20.2;23.9;28.1;33.0;38.4;44.6;51.5;59.3;68.1;78.0;89.2;;;;;;;;;;;;;;;;
1.400;;;;;;;;;;;;;;;;;;;;;;;;;64.3;57.8;51.9;46.4;41.4;36.8;32.6;28.8;25.2;22.0;19.1;16.4;14.0;11.9;10.0;8.3;6.8;5.6;4.5;3.5;2.6;1.9;1.2;0.6;0.2;-0.3;-0.6;-0.9;-1.1;-1.3;-1.4;-1.5;-1.5;-1.6;-1.5;-1.5;-1.4;-1.3;-1.2;-1.1;-1.0;-0.9;-0.8;-0.6;-0.5;-0.4;-0.2;-0.1;-0.0;0.1;0.2;0.3;0.3;0.4;0.5;0.5;0.6;0.6;0.7;0.7;0.7;0.8;0.8;0.9;0.9;1.0;1.1;1.1;1.2;1.3;1.4;1.6;1.7;1.9;2.1;2.3;2.5;2.8;3.1;3.5;3.9;4.5;5.1;5.8;6.7;7.7;8.9;10.3;12.1;14.2;16.8;19.8;23.4;27.4;32.1;37.3;43.3;50.0;57.6;66.1;75.7;86.6;98.8;;;;;;;;;;;;;;;
1.300;;;;;;;;;;;;;;;;;;;;;;;;69.1;62.2;55.9;50.1;44.7;39.9;35.4;31.3;27.5;24.1;21.0;18.2;15.6;13.3;11.3;9.5;7.9;6.6;5.4;4.3;3.4;2.6;1.9;1.3;0.8;0.4;-0.0;-0.3;-0.6;-0.8;-0.9;-1.0;-1.1;-1.1;-1.1;-1.1;-1.0;-0.9;-0.8;-0.7;-0.6;-0.5;-0.3;-0.2;-0.1;0.1;0.2;0.3;0.5;0.6;0.7;0.8;0.9;1.0;1.0;1.1;1.2;1.2;1.3;1.3;1.4;1.4;1.5;1.5;1.6;1.7;1.7;1.8;1.9;2.0;2.1;2.2;2.4;2.5;2.7;2.9;3.1;3.4;3.7;4.0;4.3;4.8;5.3;5.8;6.5;7.3;8.3;9.4;10.8;12.4;14.3;16.8;19.6;23.0;26.8;31.3;36.4;42.2;48.7;56.1;64.4;73.7;84.3;96.2;;;;;;;;;;;;;;;
1.200;;;;;;;;;;;;;;;;;;;;;;;;67.1;60.3;54.0;48.4;43.1;38.4;34.0;30.0;26.4;23.0;20.0;17.3;14.8;12.6;10.7;9.0;7.6;6.3;5.2;4.2;3.4;2.6;2.0;1.4;0.9;0.5;0.2;-0.1;-0.3;-0.5;-0.6;-0.7;-0.7;-0.7;-0.7;-0.7;-0.6;-0.5;-0.4;-0.3;-0.2;-0.0;0.1;0.3;0.4;0.6;0.7;0.9;1.0;1.1;1.2;1.3;1.4;1.5;1.6;1.7;1.8;1.8;1.9;2.0;2.0;2.1;2.1;2.2;2.3;2.4;2.4;2.5;2.6;2.8;2.9;3.0;3.2;3.3;3.5;3.7;4.0;4.2;4.5;4.8;5.2;5.6;6.0;6.6;7.2;8.0;8.9;10.0;11.2;12.7;14.5;16.8;19.5;22.7;26.4;30.8;35.7;41.3;47.6;54.8;62.9;72.0;82.3;94.0;107.1;;;;;;;;;;;;;;
1.100;;;;;;;;;;;;;;;;;;;;;;;72.4;65.1;58.4;52.3;46.7;41.6;37.0;32.7;28.8;25.2;22.0;19.1;16.4;14.1;12.0;10.2;8.6;7.3;6.1;5.0;4.1;3.3;2.6;2.0;1.5;1.0;0.7;0.4;0.1;-0.1;-0.2;-0.3;-0.4;-0.4;-0.4;-0.4;-0.3;-0.2;-0.1;-0.0;0.1;0.3;0.4;0.6;0.7;0.9;1.0;1.2;1.3;1.5;1.6;1.7;1.8;2.0;2.1;2.1;2.2;2.3;2.4;2.5;2.5;2.6;2.7;2.7;2.8;2.9;3.0;3.1;3.2;3.3;3.5;3.6;3.7;3.9;4.1;4.3;4.5;4.7;5.0;5.3;5.6;5.9;6.3;6.8;7.3;8.0;8.7;9.6;10.6;11.8;13.2;14.9;17.0;19.5;22.6;26.2;30.3;35.1;40.6;46.7;53.7;61.6;70.5;80.6;92.0;104.9;;;;;;;;;;;;;;
1.000;;;;;;;;;;;;;;;;;;;;;;;70.5;63.3;56.7;50.7;45.2;40.2;35.6;31.4;27.6;24.2;21.0;18.2;15.6;13.4;11.4;9.7;8.2;6.9;5.8;4.8;4.0;3.2;2.6;2.0;1.5;1.1;0.8;0.5;0.3;0.1;-0.0;-0.1;-0.2;-0.2;-0.2;-0.1;-0.0;0.1;0.2;0.3;0.4;0.6;0.8;0.9;1.1;1.3;1.4;1.6;1.7;1.9;2.0;2.2;2.3;2.4;2.5;2.6;2.7;2.8;2.9;3.0;3.1;3.1;3.2;3.3;3.4;3.5;3.6;3.7;3.8;4.0;4.1;4.3;4.4;4.6;4.8;5.0;5.2;5.5;5.7;6.0;6.4;6.7;7.1;7.6;8.1;8.7;9.4;10.2;11.2;12.3;13.7;15.3;17.3;19.7;22.6;26.0;30.1;34.6;40.0;46.0;52.8;60.5;69.3;79.1;90.3;102.9;;;;;;;;;;;;;;
0.900;;;;;;;;;;;;;;;;;;;;;;;68.7;61.5;55.1;49.1;43.7;38.8;34.3;30.2;26.5;23.1;20.0;17.3;14.9;12.7;10.8;9.2;7.8;6.6;5.5;4.6;3.8;3.1;2.5;2.0;1.5;1.2;0.8;0.6;0.4;0.2;0.1;0.1;0.0;0.0;0.1;0.1;0.2;0.3;0.4;0.6;0.7;0.9;1.1;1.2;1.4;1.6;1.8;1.9;2.1;2.3;2.4;2.6;2.7;2.8;2.9;3.1;3.2;3.3;3.4;3.4;3.5;3.6;3.7;3.8;3.9;4.0;4.1;4.3;4.4;4.5;4.7;4.9;5.1;5.3;5.5;5.7;5.9;6.2;6.5;6.8;7.1;7.4;7.8;8.3;8.8;9.4;10.1;10.9;11.8;12.9;14.2;15.8;17.7;19.9;22.7;26.0;29.9;34.3;39.5;45.4;52.1;59.6;68.2;77.9;88.8;101.2;115.1;;;;;;;;;;;;;
0.800;;;;;;;;;;;;;;;;;;;;;;74.7;67.0;59.9;53.5;47.7;42.4;37.5;33.1;29.1;25.4;22.1;19.1;16.5;14.1;12.0;10.2;8.7;7.4;6.3;5.3;4.4;3.6;3.0;2.4;1.9;1.5;1.2;0.9;0.6;0.5;0.3;0.2;0.2;0.2;0.2;0.2;0.3;0.4;0.5;0.6;0.8;1.0;1.1;1.3;1.5;1.7;1.9;2.1;2.2;2.4;2.6;2.7;2.9;3.0;3.2;3.3;3.4;3.5;3.7;3.8;3.9;4.0;4.1;4.2;4.3;4.4;4.5;4.6;4.8;4.9;5.1;5.3;5.4;5.6;5.8;6.1;6.3;6.6;6.8;7.1;7.4;7.8;8.1;8.5;9.0;9.5;10.1;10.7;11.5;12.4;13.5;14.8;16.3;18.1;20.2;22.9;26.0;29.8;34.1;39.2;44.9;51.5;58.9;67.3;76.8;87.5;99.7;113.3;;;;;;;;;;;;;
0.700;;;;;;;;;;;;;;;;;;;;;;73.1;65.5;58.5;52.1;46.3;41.1;36.3;31.9;28.0;24.4;21.1;18.2;15.7;13.4;11.4;9.7;8.3;7.0;5.9;5.0;4.2;3.4;2.8;2.3;1.8;1.5;1.1;0.9;0.7;0.5;0.4;0.3;0.3;0.3;0.3;0.3;0.4;0.5;0.6;0.8;1.0;1.1;1.3;1.5;1.7;1.9;2.1;2.3;2.5;2.7;2.8;3.0;3.2;3.3;3.5;3.6;3.8;3.9;4.0;4.1;4.2;4.4;4.5;4.6;4.7;4.8;5.0;5.1;5.3;5.4;5.6;5.8;6.0;6.2;6.4;6.6;6.9;7.1;7.4;7.7;8.0;8.4;8.8;9.2;9.6;10.1;10.7;11.4;12.1;13.0;14.1;15.3;16.8;18.5;20.6;23.2;26.2;29.8;34.0;39.0;44.6;51.0;58.3;66.5;75.8;86.4;98.4;111.8;;;;;;;;;;;;;
0.600;;;;;;;;;;;;;;;;;;;;;;71.7;64.1;57.1;50.8;45.0;39.8;35.1;30.8;26.9;23.4;20.2;17.4;14.9;12.7;10.8;9.2;7.8;6.6;5.6;4.7;3.9;3.3;2.7;2.2;1.7;1.4;1.1;0.8;0.7;0.5;0.4;0.3;0.3;0.3;0.3;0.4;0.5;0.6;0.7;0.9;1.1;1.3;1.4;1.6;1.8;2.1;2.3;2.5;2.7;2.9;3.1;3.3;3.4;3.6;3.8;3.9;4.1;4.2;4.3;4.5;4.6;4.7;4.8;5.0;5.1;5.2;5.4;5.5;5.7;5.9;6.0;6.2;6.4;6.7;6.9;7.1;7.4;7.7;8.0;8.3;8.6;9.0;9.4;9.8;10.2;10.7;11.3;12.0;12.7;13.6;14.7;15.9;17.3;19.0;21.0;23.5;26.4;29.9;34.0;38.8;44.3;50.6;57.8;65.9;75.1;85.4;97.2;110.5;;;;;;;;;;;;;
0.500;;;;;;;;;;;;;;;;;;;;;;70.4;62.8;55.9;49.6;43.9;38.7;34.0;29.8;25.9;22.5;19.3;16.6;14.2;12.0;10.2;8.7;7.4;6.3;5.3;4.4;3.7;3.0;2.5;2.0;1.6;1.3;1.0;0.8;0.6;0.5;0.4;0.3;0.3;0.3;0.4;0.4;0.5;0.7;0.8;1.0;1.1;1.3;1.5;1.7;2.0;2.2;2.4;2.6;2.8;3.0;3.2;3.4;3.6;3.8;4.0;4.1;4.3;4.4;4.6;4.7;4.9;5.0;5.1;5.3;5.4;5.6;5.7;5.9;6.1;6.2;6.4;6.6;6.9;7.1;7.3;7.6;7.9;8.2;8.5;8.8;9.1;9.5;9.9;10.3;10.8;11.3;11.9;12.5;13.3;14.2;15.2;16.4;17.8;19.5;21.4;23.8;26.7;30.1;34.1;38.8;44.2;50.4;57.4;65.4;74.4;84.6;96.2;109.3;124.2;;;;;;;;;;;;
0.400;;;;;;;;;;;;;;;;;;;;;77.7;69.3;61.7;54.7;48.5;42.8;37.7;33.0;28.8;25.0;21.6;18.5;15.8;13.5;11.4;9.7;8.2;7.0;5.9;5.0;4.1;3.4;2.8;2.3;1.9;1.5;1.2;0.9;0.7;0.5;0.4;0.3;0.3;0.3;0.3;0.3;0.4;0.5;0.7;0.8;1.0;1.2;1.4;1.6;1.8;2.0;2.2;2.5;2.7;2.9;3.1;3.4;3.6;3.8;4.0;4.2;4.3;4.5;4.7;4.8;5.0;5.1;5.3;5.4;5.6;5.7;5.9;6.0;6.2;6.4;6.6;6.8;7.0;7.2;7.5;7.7;8.0;8.3;8.6;8.9;9.2;9.6;10.0;10.4;10.8;11.3;11.8;12.4;13.0;13.8;14.7;15.7;16.9;18.3;19.9;21.9;24.2;26.9;30.3;34.2;38.8;44.1;50.2;57.1;65.0;73.9;84.0;95.4;108.3;122.9;;;;;;;;;;;;
0.300;;;;;;;;;;;;;;;;;;;;;76.7;68.3;60.7;53.7;47.5;41.8;36.7;32.1;27.9;24.1;20.8;17.8;15.1;12.9;10.9;9.2;7.8;6.6;5.5;4.6;3.8;3.2;2.6;2.1;1.7;1.3;1.0;0.8;0.6;0.4;0.3;0.2;0.2;0.2;0.2;0.3;0.4;0.5;0.6;0.8;1.0;1.2;1.4;1.6;1.8;2.0;2.3;2.5;2.8;3.0;3.2;3.4;3.7;3.9;4.1;4.3;4.5;4.7;4.8;5.0;5.2;5.3;5.5;5.6;5.8;6.0;6.1;6.3;6.5;6.7;6.9;7.1;7.3;7.6;7.8;8.1;8.3;8.6;8.9;9.3;9.6;10.0;10.4;10.8;11.2;11.7;12.2;12.8;13.5;14.3;15.1;16.2;17.3;18.7;20.4;22.3;24.6;27.3;30.5;34.4;38.9;44.1;50.1;57.0;64.7;73.5;83.4;94.7;107.4;121.9;;;;;;;;;;;;
0.200;;;;;;;;;;;;;;;;;;;;;75.9;67.4;59.8;52.9;46.6;40.9;35.9;31.2;27.1;23.3;20.0;17.1;14.5;12.3;10.4;8.7;7.4;6.2;5.2;4.3;3.5;2.9;2.3;1.9;1.5;1.1;0.9;0.6;0.4;0.3;0.2;0.1;0.1;0.1;0.1;0.2;0.3;0.4;0.6;0.7;0.9;1.1;1.3;1.5;1.8;2.0;2.3;2.5;2.8;3.0;3.3;3.5;3.7;4.0;4.2;4.4;4.6;4.8;5.0;5.1;5.3;5.5;5.7;5.8;6.0;6.2;6.3;6.5;6.7;6.9;7.1;7.3;7.6;7.8;8.1;8.4;8.6;8.9;9.3;9.6;9.9;10.3;10.7;11.1;11.6;12.1;12.6;13.2;13.9;14.7;15.5;16.6;17.7;19.1;20.8;22.7;24.9;27.6;30.8;34.6;39.0;44.2;50.1;56.8;64.5;73.2;83.0;94.1;106.6;120.9;;;;;;;;;;;;
0.100;;;;;;;;;;;;;;;;;;;;;75.2;66.7;59.1;52.1;45.9;40.2;35.1;30.5;26.3;22.6;19.4;16.4;13.9;11.7;9.9;8.3;7.0;5.8;4.8;4.0;3.3;2.6;2.1;1.6;1.3;0.9;0.7;0.5;0.3;0.1;0.1;-0.0;-0.0;-0.0;0.0;0.1;0.2;0.3;0.4;0.6;0.8;1.0;1.2;1.5;1.7;2.0;2.2;2.5;2.7;3.0;3.2;3.5;3.7;4.0;4.2;4.4;4.6;4.8;5.0;5.2;5.4;5.6;5.8;6.0;6.1;6.3;6.5;6.7;6.9;7.1;7.3;7.5;7.8;8.0;8.3;8.6;8.9;9.2;9.5;9.8;10.2;10.6;11.0;11.4;11.9;12.4;12.9;13.5;14.2;15.0;15.9;16.9;18.1;19.5;21.1;23.0;25.3;27.9;31.1;34.8;39.2;44.3;50.1;56.8;64.4;73.0;82.6;93.6;106.0;120.1;;;;;;;;;;;;
0.000;;;;;;;;;;;;;;;;;;;;;74.7;66.2;58.5;51.5;45.2;39.5;34.4;29.8;25.7;22.0;18.7;15.9;13.4;11.3;9.4;7.9;6.6;5.5;4.5;3.7;3.0;2.4;1.8;1.4;1.0;0.7;0.5;0.3;0.1;-0.0;-0.1;-0.2;-0.2;-0.2;-0.1;-0.1;0.0;0.2;0.3;0.5;0.7;0.9;1.1;1.3;1.6;1.9;2.1;2.4;2.7;2.9;3.2;3.5;3.7;4.0;4.2;4.4;4.7;4.9;5.1;5.3;5.5;5.7;5.9;6.1;6.3;6.4;6.6;6.8;7.0;7.2;7.5;7.7;7.9;8.2;8.5;8.7;9.0;9.3;9.7;10.0;10.4;10.8;11.2;11.6;12.1;12.6;13.1;13.8;14.5;15.2;16.1;17.2;18.4;19.8;21.4;23.3;25.6;28.2;31.3;35.0;39.4;44.4;50.2;56.8;64.3;72.8;82.4;93.3;105.5;119.4;;;;;;;;;;;;
-0.100;;;;;;;;;;;;;;;;;;;;;74.4;65.8;58.1;51.0;44.7;39.0;33.9;29.2;25.1;21.5;18.2;15.4;12.9;10.8;9.0;7.5;6.2;5.1;4.2;3.4;2.7;2.1;1.6;1.2;0.8;0.5;0.3;0.1;-0.1;-0.2;-0.3;-0.4;-0.4;-0.4;-0.3;-0.2;-0.1;-0.0;0.1;0.3;0.5;0.7;1.0;1.2;1.5;1.7;2.0;2.3;2.5;2.8;3.1;3.4;3.6;3.9;4.2;4.4;4.6;4.9;5.1;5.3;5.5;5.7;5.9;6.1;6.3;6.5;6.7;6.9;7.1;7.3;7.6;7.8;8.0;8.3;8.6;8.8;9.1;9.5;9.8;10.1;10.5;10.9;11.3;11.7;12.2;12.7;13.3;13.9;14.6;15.4;16.3;17.4;18.6;20.0;21.6;23.5;25.8;28.4;31.6;35.2;39.6;44.6;50.4;56.9;64.3;72.8;82.2;93.0;105.1;118.9;;;;;;;;;;;;
-0.200;;;;;;;;;;;;;;;;;;;;;74.3;65.6;57.7;50.6;44.3;38.5;33.4;28.8;24.7;21.0;17.8;14.9;12.5;10.4;8.7;7.2;5.9;4.8;3.9;3.1;2.4;1.8;1.3;0.9;0.6;0.3;0.0;-0.2;-0.3;-0.4;-0.5;-0.6;-0.6;-0.6;-0.5;-0.4;-0.3;-0.2;-0.0;0.1;0.3;0.5;0.8;1.0;1.3;1.5;1.8;2.1;2.4;2.7;3.0;3.3;3.5;3.8;4.1;4.3;4.6;4.8;5.1;5.3;5.5;5.7;5.9;6.1;6.3;6.5;6.7;7.0;7.2;7.4;7.6;7.8;8.1;8.3;8.6;8.9;9.2;9.5;9.8;10.2;10.6;10.9;11.4;11.8;12.3;12.8;13.4;14.0;14.7;15.6;16.5;17.5;18.8;20.2;21.8;23.7;26.0;28.6;31.8;35.5;39.8;44.8;50.5;57.0;64.4;72.8;82.2;92.8;104.8;118.4;;;;;;;;;;;;
-0.300;;;;;;;;;;;;;;;;;;;;;74.3;65.5;57.6;50.4;44.0;38.2;33.1;28.4;24.3;20.6;17.4;14.6;12.2;10.1;8.4;6.9;5.6;4.5;3.6;2.8;2.1;1.6;1.1;0.7;0.3;0.0;-0.2;-0.4;-0.6;-0.7;-0.7;-0.8;-0.8;-0.8;-0.7;-0.7;-0.6;-0.4;-0.3;-0.1;0.1;0.3;0.6;0.8;1.1;1.3;1.6;1.9;2.2;2.5;2.8;3.1;3.4;3.7;3.9;4.2;4.5;4.7;5.0;5.2;5.4;5.7;5.9;6.1;6.3;6.5;6.7;6.9;7.1;7.4;7.6;7.8;8.1;8.3;8.6;8.9;9.2;9.5;9.8;10.2;10.5;10.9;11.3;11.8;12.3;12.8;13.4;14.0;14.8;15.6;16.5;17.6;18.9;20.3;22.0;23.9;26.2;28.8;32.0;35.7;40.0;45.0;50.7;57.2;64.6;72.9;82.2;92.8;104.6;118.1;;;;;;;;;;;;
-0.400;;;;;;;;;;;;;;;;;;;;;74.4;65.5;57.6;50.3;43.9;38.0;32.8;28.1;24.0;20.3;17.1;14.3;11.9;9.8;8.1;6.6;5.3;4.2;3.3;2.5;1.8;1.3;0.8;0.4;0.0;-0.2;-0.5;-0.7;-0.8;-0.9;-1.0;-1.0;-1.0;-1.0;-1.0;-0.9;-0.8;-0.7;-0.5;-0.3;-0.1;0.1;0.3;0.6;0.8;1.1;1.4;1.7;2.0;2.3;2.6;2.9;3.2;3.5;3.8;4.1;4.3;4.6;4.9;5.1;5.3;5.6;5.8;6.0;6.2;6.4;6.7;6.9;7.1;7.3;7.5;7.8;8.0;8.3;8.5;8.8;9.1;9.4;9.7;10.1;10.5;10.8;11.3;11.7;12.2;12.7;13.3;14.0;14.7;15.6;16.5;17.6;18.9;20.3;22.0;24.0;26.3;29.0;32.2;35.9;40.2;45.2;51.0;57.4;64.8;73.0;82.3;92.8;104.6;117.9;132.9;;;;;;;;;;;
-0.500;;;;;;;;;;;;;;;;;;;;;74.8;65.8;57.7;50.4;43.8;37.9;32.7;28.0;23.8;20.1;16.9;14.0;11.6;9.6;7.8;6.3;5.0;4.0;3.0;2.2;1.6;1.0;0.5;0.1;-0.2;-0.5;-0.7;-0.9;-1.1;-1.2;-1.3;-1.3;-1.3;-1.3;-1.2;-1.2;-1.1;-0.9;-0.8;-0.6;-0.4;-0.2;0.0;0.3;0.6;0.9;1.1;1.4;1.8;2.1;2.4;2.7;3.0;3.3;3.6;3.9;4.2;4.4;4.7;4.9;5.2;5.4;5.7;5.9;6.1;6.3;6.5;6.8;7.0;7.2;7.4;7.7;7.9;8.2;8.4;8.7;9.0;9.3;9.6;9.9;10.3;10.7;11.1;11.6;12.1;12.6;13.2;13.9;14.6;15.5;16.4;17.6;18.9;20.3;22.1;24.1;26.4;29.1;32.3;36.1;40.5;45.5;51.2;57.7;65.0;73.2;82.5;92.9;104.6;117.9;132.7;;;;;;;;;;;
-0.600;;;;;;;;;;;;;;;;;;;;;75.3;66.2;58.0;50.5;43.9;38.0;32.7;27.9;23.7;20.0;16.7;13.9;11.4;9.4;7.6;6.1;4.8;3.7;2.8;2.0;1.3;0.7;0.2;-0.2;-0.5;-0.8;-1.0;-1.2;-1.3;-1.5;-1.5;-1.6;-1.6;-1.6;-1.5;-1.5;-1.3;-1.2;-1.1;-0.9;-0.7;-0.5;-0.2;0.0;0.3;0.6;0.9;1.2;1.5;1.8;2.1;2.4;2.7;3.0;3.3;3.6;3.9;4.2;4.5;4.7;5.0;5.2;5.5;5.7;5.9;6.2;6.4;6.6;6.8;7.0;7.3;7.5;7.7;8.0;8.2;8.5;8.8;9.1;9.4;9.7;10.1;10.5;10.9;11.3;11.8;12.4;13.0;13.7;14.4;15.3;16.3;17.4;18.8;20.3;22.0;24.1;26.4;29.2;32.5;36.3;40.7;45.8;51.5;58.0;65.3;73.6;82.8;93.2;104.8;118.0;132.7;;;;;;;;;;;
-0.700;;;;;;;;;;;;;;;;;;;;;76.0;66.7;58.4;50.9;44.2;38.1;32.8;28.0;23.7;19.9;16.7;13.8;11.3;9.2;7.4;5.9;4.6;3.5;2.5;1.7;1.0;0.4;-0.0;-0.4;-0.8;-1.1;-1.3;-1.5;-1.6;-1.7;-1.8;-1.9;-1.9;-1.9;-1.8;-1.8;-1.7;-1.5;-1.4;-1.2;-1.0;-0.8;-0.6;-0.3;-0.0;0.2;0.5;0.9;1.2;1.5;1.8;2.1;2.4;2.8;3.1;3.4;3.7;4.0;4.2;4.5;4.8;5.0;5.3;5.5;5.7;6.0;6.2;6.4;6.6;6.8;7.1;7.3;7.5;7.8;8.0;8.3;8.5;8.8;9.1;9.5;9.8;10.2;10.6;11.1;11.6;12.1;12.7;13.4;14.2;15.1;16.1;17.3;18.6;20.2;22.0;24.0;26.5;29.3;32.6;36.5;41.0;46.1;51.9;58.4;65.7;74.0;83.2;93.6;105.2;118.3;;;;;;;;;;;;
-0.800;;;;;;;;;;;;;;;;;;;;;76.8;67.4;59.0;51.3;44.6;38.4;33.0;28.1;23.8;20.0;16.7;13.7;11.2;9.1;7.3;5.7;4.4;3.2;2.3;1.4;0.7;0.2;-0.3;-0.7;-1.1;-1.4;-1.6;-1.8;-1.9;-2.0;-2.1;-2.2;-2.2;-2.2;-2.1;-2.1;-2.0;-1.9;-1.7;-1.5;-1.3;-1.1;-0.9;-0.6;-0.4;-0.1;0.2;0.5;0.8;1.1;1.5;1.8;2.1;2.4;2.8;3.1;3.4;3.7;4.0;4.2;4.5;4.8;5.0;5.2;5.5;5.7;5.9;6.1;6.4;6.6;6.8;7.0;7.2;7.5;7.7;8.0;8.2;8.5;8.8;9.1;9.5;9.9;10.3;10.7;11.2;11.8;12.4;13.1;13.9;14.8;15.9;17.1;18.4;20.0;21.9;24.0;26.5;29.3;32.8;36.7;41.3;46.4;52.3;58.8;66.2;74.5;83.7;94.1;105.6;118.7;;;;;;;;;;;;
-0.900;;;;;;;;;;;;;;;;;;;;;77.8;68.3;59.7;52.0;45.1;38.8;33.3;28.4;24.0;20.1;16.7;13.8;11.2;9.0;7.1;5.5;4.2;3.0;2.0;1.2;0.5;-0.1;-0.6;-1.0;-1.4;-1.7;-1.9;-2.1;-2.2;-2.4;-2.4;-2.5;-2.5;-2.5;-2.5;-2.4;-2.3;-2.2;-2.1;-1.9;-1.7;-1.5;-1.3;-1.0;-0.7;-0.5;-0.2;0.1;0.5;0.8;1.1;1.4;1.8;2.1;2.4;2.7;3.0;3.3;3.6;3.9;4.2;4.5;4.7;5.0;5.2;5.4;5.6;5.9;6.1;6.3;6.5;6.7;6.9;7.2;7.4;7.6;7.9;8.2;8.4;8.8;9.1;9.5;9.9;10.3;10.8;11.4;12.0;12.7;13.6;14.5;15.6;16.8;18.2;19.8;21.7;23.9;26.4;29.4;32.9;37.0;41.6;46.8;52.7;59.4;66.8;75.1;84.3;94.7;106.3;119.4;;;;;;;;;;;;
-1.000;;;;;;;;;;;;;;;;;;;;;79.0;69.3;60.6;52.7;45.7;39.4;33.8;28.8;24.3;20.4;16.9;13.9;11.2;9.0;7.1;5.4;4.0;2.8;1.8;1.0;0.2;-0.4;-0.9;-1.3;-1.7;-2.0;-2.2;-2.4;-2.6;-2.7;-2.8;-2.8;-2.8;-2.8;-2.8;-2.7;-2.7;-2.6;-2.4;-2.3;-2.1;-1.9;-1.6;-1.4;-1.1;-0.8;-0.6;-0.2;0.1;0.4;0.7;1.1;1.4;1.7;2.0;2.4;2.7;3.0;3.3;3.6;3.8;4.1;4.4;4.6;4.9;5.1;5.3;5.5;5.7;5.9;6.2;6.4;6.6;6.8;7.0;7.2;7.5;7.7;8.0;8.3;8.7;9.0;9.4;9.9;10.4;11.0;11.6;12.3;13.2;14.1;15.2;16.5;18.0;19.6;21.6;23.8;26.4;29.5;33.1;37.2;42.0;47.3;53.3;60.0;67.4;75.8;85.1;95.5;107.1;120.2;;;;;;;;;;;;
-1.100;;;;;;;;;;;;;;;;;;;;;80.4;70.5;61.7;53.6;46.5;40.1;34.4;29.3;24.7;20.7;17.2;14.0;11.3;9.0;7.0;5.3;3.9;2.6;1.6;0.7;-0.0;-0.6;-1.2;-1.6;-2.0;-2.3;-2.5;-2.7;-2.9;-3.0;-3.1;-3.2;-3.2;-3.2;-3.2;-3.1;-3.0;-2.9;-2.8;-2.6;-2.5;-2.3;-2.0;-1.8;-1.5;-1.3;-1.0;-0.7;-0.3;-0.0;0.3;0.6;1.0;1.3;1.6;2.0;2.3;2.6;2.9;3.2;3.5;3.7;4.0;4.2;4.5;4.7;4.9;5.2;5.4;5.6;5.8;6.0;6.2;6.4;6.6;6.8;7.0;7.3;7.6;7.9;8.2;8.5;8.9;9.4;9.9;10.5;11.1;11.9;12.8;13.7;14.9;16.2;17.7;19.4;21.5;23.8;26.4;29.6;33.3;37.6;42.4;47.8;53.9;60.7;68.2;76.6;86.0;96.5;108.1;121.3;;;;;;;;;;;;
-1.200;;;;;;;;;;;;;;;;;;;;;81.9;71.9;62.9;54.7;47.4;40.9;35.1;29.9;25.2;21.1;17.5;14.3;11.5;9.1;7.0;5.2;3.7;2.5;1.4;0.5;-0.3;-0.9;-1.5;-1.9;-2.3;-2.6;-2.9;-3.1;-3.2;-3.4;-3.5;-3.5;-3.6;-3.6;-3.5;-3.5;-3.4;-3.3;-3.2;-3.0;-2.9;-2.7;-2.5;-2.2;-2.0;-1.7;-1.4;-1.1;-0.8;-0.5;-0.1;0.2;0.5;0.9;1.2;1.5;1.9;2.2;2.5;2.8;3.1;3.3;3.6;3.8;4.1;4.3;4.5;4.7;5.0;5.2;5.3;5.5;5.7;5.9;6.1;6.4;6.6;6.8;7.1;7.4;7.7;8.0;8.4;8.9;9.4;10.0;10.7;11.4;12.3;13.3;14.5;15.9;17.4;19.2;21.3;23.7;26.5;29.8;33.6;38.0;42.9;48.4;54.6;61.5;69.1;77.6;87.1;97.7;109.4;122.6;;;;;;;;;;;;
-1.300;;;;;;;;;;;;;;;;;;;;;83.7;73.4;64.3;55.9;48.5;41.8;35.9;30.6;25.9;21.6;17.9;14.6;11.7;9.2;7.0;5.2;3.7;2.3;1.2;0.3;-0.5;-1.2;-1.7;-2.2;-2.6;-2.9;-3.2;-3.4;-3.6;-3.7;-3.8;-3.9;-3.9;-3.9;-3.9;-3.9;-3.8;-3.7;-3.6;-3.5;-3.3;-3.1;-2.9;-2.7;-2.4;-2.1;-1.9;-1.6;-1.3;-0.9;-0.6;-0.3;0.1;0.4;0.7;1.1;1.4;1.7;2.0;2.3;2.6;2.9;3.2;3.4;3.7;3.9;4.1;4.3;4.5;4.7;4.9;5.1;5.3;5.5;5.7;5.9;6.1;6.3;6.6;6.8;7.1;7.5;7.9;8.3;8.9;9.5;10.1;10.9;11.9;12.9;14.1;15.5;17.2;19.0;21.2;23.7;26.6;30.0;34.0;38.4;43.5;49.1;55.4;62.4;70.2;78.8;88.4;99.1;110.9;124.2;;;;;;;;;;;;
-1.400;;;;;;;;;;;;;;;;;;;;;85.6;75.2;65.8;57.3;49.7;42.9;36.9;31.4;26.6;22.3;18.4;15.0;12.0;9.4;7.2;5.2;3.6;2.2;1.1;0.1;-0.8;-1.4;-2.0;-2.5;-2.9;-3.3;-3.5;-3.8;-3.9;-4.1;-4.2;-4.3;-4.3;-4.3;-4.3;-4.3;-4.2;-4.1;-4.0;-3.9;-3.7;-3.6;-3.3;-3.1;-2.9;-2.6;-2.3;-2.0;-1.7;-1.4;-1.1;-0.8;-0.4;-0.1;0.3;0.6;0.9;1.2;1.6;1.9;2.1;2.4;2.7;3.0;3.2;3.4;3.6;3.9;4.1;4.2;4.4;4.6;4.8;5.0;5.1;5.3;5.5;5.8;6.0;6.3;6.6;6.9;7.3;7.8;8.3;8.9;9.6;10.5;11.4;12.5;13.8;15.2;16.9;18.9;21.1;23.7;26.7;30.3;34.4;39.0;44.2;50.0;56.4;63.5;71.4;80.2;89.9;100.7;112.7;126.2;;;;;;;;;;;;
-1.500;;;;;;;;;;;;;;;;;;;;;87.7;77.1;67.5;58.8;51.1;44.1;37.9;32.3;27.4;23.0;19.0;15.5;12.4;9.7;7.3;5.3;3.6;2.2;0.9;-0.1;-1.0;-1.7;-2.3;-2.8;-3.2;-3.6;-3.9;-4.1;-4.3;-4.5;-4.6;-4.7;-4.7;-4.7;-4.7;-4.7;-4.6;-4.6;-4.5;-4.3;-4.2;-4.0;-3.8;-3.6;-3.4;-3.1;-2.8;-2.5;-2.2;-1.9;-1.6;-1.3;-0.9;-0.6;-0.3;0.1;0.4;0.7;1.1;1.4;1.7;1.9;2.2;2.5;2.7;2.9;3.2;3.4;3.6;3.8;3.9;4.1;4.3;4.4;4.6;4.8;5.0;5.2;5.5;5.7;6.0;6.4;6.8;7.2;7.8;8.4;9.1;10.0;11.0;12.1;13.4;15.0;16.7;18.8;21.1;23.8;27.0;30.7;34.9;39.7;45.0;50.9;57.5;64.8;72.8;81.7;91.6;102.6;114.8;128.5;;;;;;;;;;;;
-1.600;;;;;;;;;;;;;;;;;;;;;;79.2;69.4;60.6;52.7;45.5;39.1;33.4;28.4;23.8;19.7;16.1;12.9;10.1;7.6;5.4;3.6;2.1;0.8;-0.2;-1.2;-1.9;-2.6;-3.1;-3.5;-3.9;-4.2;-4.5;-4.7;-4.8;-5.0;-5.1;-5.1;-5.1;-5.1;-5.1;-5.1;-5.0;-4.9;-4.8;-4.7;-4.5;-4.3;-4.1;-3.9;-3.6;-3.3;-3.1;-2.8;-2.4;-2.1;-1.8;-1.5;-1.1;-0.8;-0.4;-0.1;0.2;0.5;0.8;1.1;1.4;1.7;2.0;2.2;2.4;2.7;2.9;3.1;3.2;3.4;3.6;3.8;3.9;4.1;4.3;4.5;4.7;4.9;5.2;5.5;5.8;6.2;6.7;7.2;7.9;8.6;9.5;10.5;11.7;13.1;14.7;16.6;18.7;21.2;23.9;27.3;31.2;35.6;40.5;46.0;52.0;58.8;66.2;74.4;83.5;93.6;104.9;117.3;;;;;;;;;;;;;
-1.700;;;;;;;;;;;;;;;;;;;;;;81.5;71.5;62.4;54.3;47.0;40.5;34.6;29.4;24.7;20.5;16.8;13.5;10.5;7.9;5.6;3.7;2.1;0.8;-0.4;-1.3;-2.1;-2.8;-3.4;-3.9;-4.2;-4.6;-4.8;-5.1;-5.2;-5.4;-5.5;-5.5;-5.6;-5.6;-5.6;-5.5;-5.5;-5.4;-5.3;-5.1;-5.0;-4.8;-4.6;-4.4;-4.1;-3.9;-3.6;-3.3;-3.0;-2.7;-2.3;-2.0;-1.7;-1.3;-1.0;-0.6;-0.3;0.0;0.3;0.6;0.9;1.2;1.5;1.7;1.9;2.1;2.4;2.5;2.7;2.9;3.1;3.2;3.4;3.5;3.7;3.9;4.1;4.3;4.6;4.9;5.2;5.7;6.1;6.7;7.4;8.2;9.1;10.2;11.4;12.9;14.5;16.5;18.7;21.3;24.2;27.8;31.8;36.3;41.4;47.0;53.3;60.2;67.8;76.3;85.6;95.9;107.4;120.1;;;;;;;;;;;;;
-1.800;;;;;;;;;;;;;;;;;;;;;;84.0;73.8;64.5;56.2;48.7;42.0;35.9;30.6;25.8;21.5;17.6;14.2;11.1;8.4;6.0;3.9;2.2;0.8;-0.4;-1.5;-2.3;-3.0;-3.6;-4.1;-4.6;-4.9;-5.2;-5.4;-5.6;-5.8;-5.9;-5.9;-6.0;-6.0;-6.0;-6.0;-5.9;-5.9;-5.8;-5.6;-5.5;-5.3;-5.1;-4.9;-4.7;-4.4;-4.1;-3.8;-3.5;-3.2;-2.9;-2.6;-2.2;-1.9;-1.5;-1.2;-0.9;-0.5;-0.2;0.1;0.4;0.7;0.9;1.2;1.4;1.6;1.8;2.0;2.2;2.4;2.5;2.7;2.8;3.0;3.2;3.3;3.5;3.8;4.0;4.3;4.7;5.1;5.6;6.2;6.9;7.7;8.7;9.8;11.1;12.7;14.4;16.5;18.8;21.5;24.7;28.4;32.5;37.2;42.5;48.3;54.7;61.9;69.7;78.4;88.0;98.6;110.3;123.3;;;;;;;;;;;;;
-1.900;;;;;;;;;;;;;;;;;;;;;;86.8;76.3;66.8;58.2;50.5;43.6;37.4;31.9;26.9;22.5;18.5;14.9;11.7;8.9;6.4;4.1;2.3;0.8;-0.5;-1.6;-2.5;-3.2;-3.9;-4.4;-4.9;-5.2;-5.5;-5.8;-6.0;-6.1;-6.3;-6.4;-6.4;-6.5;-6.5;-6.4;-6.4;-6.3;-6.2;-6.1;-6.0;-5.8;-5.6;-5.4;-5.2;-4.9;-4.7;-4.4;-4.1;-3.8;-3.5;-3.1;-2.8;-2.4;-2.1;-1.8;-1.4;-1.1;-0.8;-0.5;-0.2;0.1;0.4;0.6;0.9;1.1;1.3;1.5;1.7;1.8;2.0;2.2;2.3;2.5;2.6;2.8;3.0;3.2;3.5;3.8;4.2;4.6;5.1;5.8;6.5;7.4;8.4;9.6;10.9;12.6;14.4;16.6;19.0;21.9;25.2;29.1;33.4;38.3;43.7;49.7;56.4;63.7;71.8;80.8;90.6;101.5;113.6;126.9;;;;;;;;;;;;;
-2.000;;;;;;;;;;;;;;;;;;;;;;;79.1;69.2;60.5;52.5;45.4;39.0;33.3;28.2;23.6;19.5;15.8;12.5;9.5;6.9;4.5;2.5;0.9;-0.4;-1.6;-2.6;-3.4;-4.1;-4.7;-5.1;-5.5;-5.9;-6.1;-6.4;-6.5;-6.7;-6.8;-6.9;-6.9;-6.9;-6.9;-6.9;-6.8;-6.7;-6.6;-6.5;-6.3;-6.2;-6.0;-5.7;-5.5;-5.2;-5.0;-4.7;-4.4;-4.0;-3.7;-3.4;-3.0;-2.7;-2.3;-2.0;-1.7;-1.3;-1.0;-0.7;-0.4;-0.2;0.1;0.3;0.6;0.8;1.0;1.1;1.3;1.5;1.6;1.8;1.9;2.1;2.3;2.5;2.7;3.0;3.3;3.7;4.2;4.7;5.3;6.1;7.0;8.1;9.4;10.8;12.5;14.5;16.8;19.4;22.4;25.9;29.9;34.5;39.5;45.2;51.4;58.3;65.9;74.2;83.5;93.7;104.9;117.4;;;;;;;;;;;;;;
-2.100;;;;;;;;;;;;;;;;;;;;;;;82.0;71.9;62.9;54.7;47.4;40.8;34.9;29.6;24.9;20.6;16.8;13.4;10.3;7.5;5.0;2.9;1.1;-0.4;-1.6;-2.6;-3.5;-4.2;-4.9;-5.4;-5.8;-6.2;-6.5;-6.7;-6.9;-7.1;-7.2;-7.3;-7.3;-7.4;-7.4;-7.4;-7.3;-7.2;-7.1;-7.0;-6.9;-6.7;-6.5;-6.3;-6.1;-5.8;-5.5;-5.2;-4.9;-4.6;-4.3;-4.0;-3.6;-3.3;-2.9;-2.6;-2.2;-1.9;-1.6;-1.3;-1.0;-0.7;-0.4;-0.2;0.0;0.2;0.4;0.6;0.8;1.0;1.1;1.3;1.4;1.6;1.8;2.0;2.2;2.5;2.9;3.3;3.7;4.3;5.0;5.8;6.8;7.9;9.2;10.8;12.6;14.7;17.1;19.8;23.1;26.8;31.0;35.7;41.0;46.8;53.3;60.4;68.3;76.9;86.5;97.1;108.7;121.6;;;;;;;;;;;;;;
-2.200;;;;;;;;;;;;;;;;;;;;;;;85.3;74.9;65.6;57.1;49.5;42.7;36.6;31.1;26.3;21.8;17.9;14.3;11.1;8.2;5.6;3.4;1.4;-0.2;-1.5;-2.6;-3.6;-4.4;-5.0;-5.6;-6.1;-6.5;-6.8;-7.1;-7.3;-7.5;-7.6;-7.7;-7.8;-7.8;-7.8;-7.8;-7.8;-7.7;-7.7;-7.5;-7.4;-7.3;-7.1;-6.9;-6.6;-6.4;-6.1;-5.8;-5.5;-5.2;-4.9;-4.6;-4.2;-3.9;-3.5;-3.2;-2.8;-2.5;-2.2;-1.8;-1.5;-1.3;-1.0;-0.7;-0.5;-0.3;-0.1;0.1;0.3;0.5;0.6;0.8;1.0;1.1;1.3;1.5;1.8;2.1;2.4;2.9;3.4;4.0;4.7;5.6;6.6;7.8;9.2;10.9;12.8;15.0;17.5;20.5;23.9;27.8;32.2;37.1;42.6;48.7;55.4;62.8;71.0;80.0;89.9;100.9;112.9;126.3;;;;;;;;;;;;;;
-2.300;;;;;;;;;;;;;;;;;;;;;;;;78.1;68.5;59.7;51.9;44.8;38.5;32.8;27.8;23.2;19.1;15.4;12.1;9.1;6.4;4.0;1.8;0.1;-1.3;-2.5;-3.6;-4.4;-5.2;-5.8;-6.3;-6.7;-7.1;-7.4;-7.6;-7.8;-8.0;-8.1;-8.2;-8.3;-8.3;-8.3;-8.3;-8.2;-8.2;-8.1;-8.0;-7.8;-7.6;-7.4;-7.2;-7.0;-6.7;-6.4;-6.1;-5.8;-5.5;-5.2;-4.8;-4.5;-4.1;-3.8;-3.4;-3.1;-2.7;-2.4;-2.1;-1.8;-1.5;-1.2;-1.0;-0.8;-0.6;-0.4;-0.2;0.0;0.2;0.3;0.5;0.7;0.9;1.1;1.4;1.7;2.1;2.6;3.1;3.7;4.5;5.5;6.5;7.8;9.3;11.1;13.1;15.5;18.2;21.3;24.9;29.0;33.6;38.7;44.5;50.8;57.8;65.5;74.0;83.4;93.7;105.1;117.7;;;;;;;;;;;;;;;
-2.400;;;;;;;;;;;;;;;;;;;;;;;;81.6;71.6;62.5;54.4;47.1;40.5;34.6;29.4;24.7;20.4;16.6;13.1;10.0;7.2;4.7;2.5;0.5;-1.1;-2.4;-3.5;-4.4;-5.2;-5.9;-6.4;-6.9;-7.3;-7.7;-7.9;-8.2;-8.4;-8.5;-8.6;-8.7;-8.7;-8.8;-8.8;-8.7;-8.7;-8.6;-8.5;-8.3;-8.2;-8.0;-7.8;-7.6;-7.3;-7.0;-6.7;-6.4;-6.1;-5.8;-5.4;-5.1;-4.7;-4.3;-4.0;-3.6;-3.3;-3.0;-2.6;-2.3;-2.0;-1.8;-1.5;-1.3;-1.0;-0.8;-0.6;-0.4;-0.3;-0.1;0.1;0.3;0.5;0.8;1.1;1.4;1.8;2.3;2.9;3.6;4.4;5.4;6.6;8.0;9.6;11.4;13.6;16.1;19.0;22.3;26.1;30.4;35.2;40.6;46.6;53.2;60.5;68.6;77.4;87.2;98.0;109.9;122.9;;;;;;;;;;;;;;;
-2.500;;;;;;;;;;;;;;;;;;;;;;;;;75.1;65.6;57.2;49.6;42.8;36.6;31.2;26.3;21.9;17.9;14.3;11.1;8.2;5.6;3.2;1.1;-0.7;-2.1;-3.3;-4.3;-5.2;-5.9;-6.5;-7.1;-7.5;-7.9;-8.2;-8.5;-8.7;-8.9;-9.0;-9.1;-9.2;-9.2;-9.2;-9.2;-9.2;-9.1;-9.0;-8.9;-8.7;-8.6;-8.4;-8.1;-7.9;-7.6;-7.3;-7.0;-6.7;-6.3;-6.0;-5.6;-5.3;-4.9;-4.5;-4.2;-3.8;-3.5;-3.2;-2.8;-2.5;-2.3;-2.0;-1.7;-1.5;-1.3;-1.1;-0.9;-0.7;-0.5;-0.3;-0.0;0.2;0.5;0.8;1.2;1.6;2.1;2.8;3.5;4.4;5.5;6.7;8.2;9.9;11.9;14.2;16.9;20.0;23.5;27.5;32.0;37.1;42.7;49.0;55.9;63.6;72.0;81.2;91.4;102.7;115.1;;;;;;;;;;;;;;;;
-2.600;;;;;;;;;;;;;;;;;;;;;;;;;78.9;69.1;60.3;52.3;45.2;38.8;33.1;28.0;23.4;19.3;15.6;12.3;9.2;6.5;4.1;1.9;-0.1;-1.7;-3.0;-4.1;-5.1;-5.9;-6.6;-7.2;-7.7;-8.1;-8.4;-8.7;-9.0;-9.2;-9.4;-9.5;-9.6;-9.6;-9.7;-9.7;-9.7;-9.6;-9.5;-9.4;-9.3;-9.1;-8.9;-8.7;-8.5;-8.2;-7.9;-7.6;-7.3;-6.9;-6.6;-6.2;-5.9;-5.5;-5.1;-4.7;-4.4;-4.0;-3.7;-3.3;-3.0;-2.7;-2.4;-2.2;-1.9;-1.7;-1.5;-1.2;-1.0;-0.8;-0.6;-0.3;-0.1;0.2;0.6;1.0;1.5;2.1;2.7;3.6;4.5;5.7;7.0;8.6;10.4;12.6;15.0;17.9;21.2;24.9;29.2;33.9;39.3;45.2;51.7;59.0;67.0;75.7;85.5;96.1;107.9;120.9;;;;;;;;;;;;;;;;
-2.700;;;;;;;;;;;;;;;;;;;;;;;;;;72.8;63.6;55.3;47.9;41.2;35.3;29.9;25.2;20.9;17.0;13.6;10.4;7.6;5.0;2.8;0.7;-1.1;-2.6;-3.8;-4.9;-5.7;-6.5;-7.2;-7.7;-8.2;-8.6;-8.9;-9.2;-9.5;-9.7;-9.8;-9.9;-10.0;-10.1;-10.1;-10.1;-10.1;-10.0;-9.9;-9.8;-9.7;-9.5;-9.3;-9.0;-8.8;-8.5;-8.2;-7.9;-7.5;-7.2;-6.8;-6.4;-6.0;-5.7;-5.3;-4.9;-4.5;-4.2;-3.8;-3.5;-3.2;-2.9;-2.6;-2.3;-2.1;-1.8;-1.6;-1.3;-1.1;-0.8;-0.6;-0.3;0.1;0.5;0.9;1.4;2.1;2.8;3.7;4.8;6.0;7.5;9.2;11.1;13.4;16.1;19.1;22.6;26.6;31.1;36.1;41.7;47.9;54.8;62.4;70.7;79.9;90.1;101.3;113.7;127.3;;;;;;;;;;;;;;;;
-2.800;;;;;;;;;;;;;;;;;;;;;;;;;;77.0;67.3;58.6;50.9;43.8;37.6;32.0;27.0;22.6;18.6;15.0;11.7;8.8;6.1;3.7;1.6;-0.3;-2.0;-3.4;-4.5;-5.5;-6.3;-7.1;-7.7;-8.2;-8.7;-9.1;-9.4;-9.7;-9.9;-10.1;-10.3;-10.4;-10.5;-10.5;-10.6;-10.5;-10.5;-10.4;-10.3;-10.2;-10.0;-9.8;-9.6;-9.3;-9.1;-8.8;-8.4;-8.1;-7.7;-7.4;-7.0;-6.6;-6.2;-5.8;-5.4;-5.0;-4.7;-4.3;-3.9;-3.6;-3.3;-3.0;-2.7;-2.4;-2.1;-1.8;-1.6;-1.3;-1.0;-0.7;-0.4;-0.0;0.4;0.9;1.5;2.2;3.0;4.0;5.1;6.5;8.1;9.9;12.0;14.5;17.3;20.5;24.3;28.5;33.3;38.5;44.5;50.9;58.2;66.1;74.9;84.6;95.3;107.0;120.0;;;;;;;;;;;;;;;;;
-2.900;;;;;;;;;;;;;;;;;;;;;;;;;;;71.5;62.3;54.1;46.8;40.2;34.3;29.1;24.4;20.2;16.5;13.1;10.1;7.3;4.9;2.6;0.6;-1.2;-2.8;-4.1;-5.1;-6.1;-6.9;-7.6;-8.2;-8.7;-9.1;-9.5;-9.8;-10.1;-10.4;-10.5;-10.7;-10.8;-10.9;-10.9;-11.0;-10.9;-10.9;-10.8;-10.7;-10.5;-10.3;-10.1;-9.9;-9.6;-9.3;-9.0;-8.6;-8.3;-7.9;-7.5;-7.1;-6.7;-6.3;-5.9;-5.5;-5.1;-4.7;-4.4;-4.0;-3.6;-3.3;-3.0;-2.7;-2.4;-2.1;-1.8;-1.5;-1.2;-0.8;-0.4;-0.0;0.5;1.0;1.7;2.5;3.4;4.4;5.7;7.1;8.8;10.8;13.1;15.7;18.8;22.3;26.3;30.7;35.8;41.3;47.6;54.4;62.0;70.3;79.5;89.7;100.9;113.3;126.9;;;;;;;;;;;;;;;;;
-3.000;;;;;;;;;;;;;;;;;;;;;;;;;;;76.0;66.3;57.7;49.9;43.0;36.9;31.3;26.4;22.0;18.1;14.6;11.5;8.6;6.1;3.7;1.6;-0.3;-1.9;-3.4;-4.6;-5.7;-6.6;-7.3;-8.0;-8.6;-9.1;-9.5;-9.9;-10.2;-10.5;-10.8;-10.9;-11.1;-11.2;-11.3;-11.3;-11.3;-11.3;-11.2;-11.1;-11.0;-10.8;-10.6;-10.4;-10.1;-9.8;-9.5;-9.2;-8.8;-8.4;-8.0;-7.6;-7.2;-6.8;-6.4;-6.0;-5.5;-5.1;-4.7;-4.3;-4.0;-3.6;-3.3;-2.9;-2.6;-2.2;-1.9;-1.6;-1.2;-0.8;-0.4;0.1;0.6;1.3;2.0;2.9;3.8;5.0;6.4;8.0;9.8;11.9;14.4;17.3;20.6;24.3;28.5;33.3;38.6;44.4;51.0;58.1;66.1;74.9;84.6;95.3;107.1;120.1;;;;;;;;;;;;;;;;;;
-3.100;;;;;;;;;;;;;;;;;;;;;;;;;;;;70.8;61.7;53.5;46.2;39.7;33.9;28.7;24.1;20.0;16.3;13.0;10.0;7.4;5.0;2.8;0.8;-0.9;-2.5;-3.9;-5.1;-6.1;-7.0;-7.7;-8.4;-8.9;-9.4;-9.9;-10.3;-10.6;-10.9;-11.1;-11.3;-11.4;-11.6;-11.6;-11.7;-11.7;-11.6;-11.5;-11.4;-11.3;-11.1;-10.9;-10.6;-10.3;-10.0;-9.7;-9.3;-8.9;-8.5;-8.1;-7.7;-7.2;-6.8;-6.4;-5.9;-5.5;-5.1;-4.7;-4.2;-3.9;-3.5;-3.1;-2.7;-2.3;-2.0;-1.6;-1.1;-0.7;-0.2;0.3;0.9;1.7;2.5;3.4;4.5;5.8;7.3;9.0;11.0;13.3;16.0;19.1;22.7;26.7;31.2;36.2;41.8;47.9;54.8;62.4;70.8;80.0;90.2;101.4;113.8;;;;;;;;;;;;;;;;;;;
-3.200;;;;;;;;;;;;;;;;;;;;;;;;;;;;75.8;66.1;57.5;49.7;42.8;36.6;31.1;26.3;21.9;18.1;14.6;11.6;8.8;6.3;4.1;2.0;0.2;-1.5;-3.0;-4.4;-5.5;-6.4;-7.3;-8.0;-8.7;-9.3;-9.8;-10.2;-10.6;-10.9;-11.2;-11.4;-11.6;-11.8;-11.9;-11.9;-12.0;-11.9;-11.9;-11.8;-11.7;-11.5;-11.3;-11.0;-10.8;-10.5;-10.1;-9.8;-9.4;-9.0;-8.5;-8.1;-7.6;-7.2;-6.7;-6.3;-5.8;-5.4;-4.9;-4.5;-4.0;-3.6;-3.2;-2.8;-2.4;-1.9;-1.5;-1.0;-0.5;0.1;0.7;1.4;2.2;3.1;4.1;5.3;6.7;8.4;10.2;12.4;15.0;17.9;21.3;25.1;29.3;34.1;39.4;45.3;51.8;59.0;66.9;75.8;85.5;96.2;108.0;121.1;;;;;;;;;;;;;;;;;;;
-3.300;;;;;;;;;;;;;;;;;;;;;;;;;;;;;71.1;61.9;53.7;46.3;39.8;33.9;28.7;24.1;20.1;16.5;13.2;10.3;7.7;5.4;3.3;1.4;-0.4;-1.9;-3.4;-4.6;-5.8;-6.7;-7.5;-8.3;-8.9;-9.5;-10.0;-10.4;-10.8;-11.2;-11.4;-11.7;-11.9;-12.0;-12.1;-12.2;-12.2;-12.2;-12.1;-12.0;-11.8;-11.7;-11.4;-11.2;-10.9;-10.5;-10.2;-9.8;-9.3;-8.9;-8.5;-8.0;-7.5;-7.0;-6.5;-6.1;-5.6;-5.1;-4.6;-4.2;-3.7;-3.2;-2.7;-2.3;-1.8;-1.3;-0.7;-0.2;0.5;1.2;2.0;2.8;3.9;5.0;6.4;7.9;9.7;11.8;14.2;17.0;20.2;23.8;27.9;32.4;37.5;43.0;49.3;56.1;63.7;72.0;81.3;91.5;102.8;115.2;;;;;;;;;;;;;;;;;;;;
-3.400;;;;;;;;;;;;;;;;;;;;;;;;;;;;;;66.8;58.0;50.2;43.2;37.0;31.5;26.6;22.3;18.4;15.0;12.0;9.3;6.9;4.7;2.7;0.9;-0.7;-2.2;-3.6;-4.8;-5.9;-6.9;-7.7;-8.4;-9.1;-9.7;-10.2;-10.6;-11.0;-11.3;-11.6;-11.9;-12.1;-12.2;-12.3;-12.4;-12.4;-12.3;-12.3;-12.1;-12.0;-11.7;-11.5;-11.2;-10.9;-10.5;-10.1;-9.7;-9.2;-8.8;-8.3;-7.8;-7.3;-6.8;-6.3;-5.7;-5.2;-4.7;-4.2;-3.7;-3.1;-2.6;-2.1;-1.5;-1.0;-0.3;0.3;1.0;1.8;2.7;3.7;4.8;6.1;7.6;9.3;11.3;13.7;16.4;19.4;22.9;26.7;31.0;35.8;41.2;47.0;53.6;60.7;68.7;77.5;87.3;98.0;109.9;;;;;;;;;;;;;;;;;;;;;
-3.500;;;;;;;;;;;;;;;;;;;;;;;;;;;;;;;63.0;54.6;47.1;40.5;34.6;29.4;24.7;20.7;17.0;13.9;11.0;8.5;6.2;4.2;2.3;0.6;-1.0;-2.4;-3.7;-4.9;-6.0;-6.9;-7.8;-8.5;-9.1;-9.7;-10.3;-10.7;-11.1;-11.5;-11.8;-12.0;-12.2;-12.3;-12.4;-12.5;-12.5;-12.4;-12.3;-12.2;-12.0;-11.7;-11.4;-11.1;-10.8;-10.4;-9.9;-9.5;-9.0;-8.5;-8.0;-7.5;-6.9;-6.4;-5.8;-5.2;-4.7;-4.1;-3.5;-3.0;-2.4;-1.8;-1.1;-0.5;0.2;1.0;1.8;2.7;3.7;4.8;6.1;7.5;9.2;11.2;13.4;16.0;18.9;22.2;25.9;30.0;34.6;39.7;45.3;51.5;58.3;65.9;74.3;83.5;93.8;105.0;117.6;;;;;;;;;;;;;;;;;;;;;
-3.600;;;;;;;;;;;;;;;;;;;;;;;;;;;;;;;68.5;59.5;51.5;44.4;38.1;32.5;27.5;23.2;19.3;15.9;12.9;10.2;7.8;5.7;3.8;2.0;0.4;-1.1;-2.4;-3.7;-4.9;-5.9;-6.9;-7.7;-8.5;-9.1;-9.7;-10.3;-10.7;-11.1;-11.5;-11.8;-12.0;-12.2;-12.4;-12.5;-12.5;-12.5;-12.4;-12.3;-12.1;-11.9;-11.6;-11.3;-10.9;-10.5;-10.1;-9.7;-9.2;-8.6;-8.1;-7.5;-7.0;-6.4;-5.8;-5.2;-4.6;-3.9;-3.3;-2.7;-2.0;-1.3;-0.6;0.1;0.9;1.8;2.7;3.7;4.8;6.1;7.5;9.2;11.1;13.4;15.9;18.7;21.9;25.4;29.3;33.7;38.6;43.9;49.8;56.3;63.5;71.4;80.3;89.9;100.7;112.6;;;;;;;;;;;;;;;;;;;;;;
-3.700;;;;;;;;;;;;;;;;;;;;;;;;;;;;;;;;65.1;56.5;48.8;42.0;36.0;30.7;26.0;21.8;18.2;15.0;12.2;9.6;7.4;5.4;3.6;1.9;0.4;-1.0;-2.3;-3.5;-4.7;-5.7;-6.7;-7.6;-8.4;-9.0;-9.6;-10.2;-10.6;-11.1;-11.4;-11.7;-12.0;-12.2;-12.3;-12.4;-12.4;-12.3;-12.3;-12.1;-11.9;-11.7;-11.4;-11.0;-10.6;-10.2;-9.7;-9.2;-8.7;-8.1;-7.5;-6.9;-6.3;-5.6;-5.0;-4.3;-3.6;-2.9;-2.2;-1.5;-0.7;0.1;0.9;1.8;2.8;3.8;5.0;6.3;7.7;9.4;11.4;13.5;16.0;18.7;21.8;25.2;29.0;33.2;37.8;42.9;48.5;54.7;61.5;69.1;77.4;86.7;96.9;108.2;;;;;;;;;;;;;;;;;;;;;;;
-3.800;;;;;;;;;;;;;;;;;;;;;;;;;;;;;;;;;62.1;53.8;46.5;40.0;34.3;29.2;24.7;20.8;17.4;14.3;11.6;9.3;7.2;5.2;3.5;1.9;0.5;-0.9;-2.1;-3.3;-4.4;-5.4;-6.4;-7.3;-8.1;-8.8;-9.4;-10.0;-10.5;-10.9;-11.2;-11.5;-11.8;-12.0;-12.1;-12.2;-12.2;-12.1;-12.0;-11.8;-11.6;-11.3;-10.9;-10.6;-10.1;-9.6;-9.1;-8.6;-8.0;-7.4;-6.7;-6.0;-5.4;-4.6;-3.9;-3.2;-2.4;-1.6;-0.8;0.1;1.0;2.0;3.0;4.1;5.3;6.6;8.1;9.9;11.8;14.0;16.4;19.1;22.0;25.4;29.0;33.0;37.5;42.3;47.7;53.6;60.1;67.2;75.2;83.9;93.7;104.3;;;;;;;;;;;;;;;;;;;;;;;;
-3.900;;;;;;;;;;;;;;;;;;;;;;;;;;;;;;;;;;59.5;51.5;44.5;38.3;32.9;28.0;23.8;20.1;16.8;13.9;11.4;9.1;7.1;5.3;3.6;2.1;0.7;-0.6;-1.8;-2.9;-4.0;-5.0;-6.0;-6.9;-7.7;-8.4;-9.1;-9.6;-10.1;-10.6;-10.9;-11.2;-11.5;-11.6;-11.8;-11.8;-11.8;-11.7;-11.5;-11.3;-11.1;-10.7;-10.3;-9.9;-9.4;-8.9;-8.3;-7.7;-7.1;-6.4;-5.7;-4.9;-4.1;-3.3;-2.5;-1.7;-0.8;0.2;1.1;2.1;3.2;4.4;5.7;7.1;8.7;10.4;12.4;14.6;17.0;19.6;22.6;25.8;29.3;33.2;37.5;42.1;47.2;52.9;59.0;65.9;73.4;81.7;90.9;101.1;;;;;;;;;;;;;;;;;;;;;;;;;
-4.000;;;;;;;;;;;;;;;;;;;;;;;;;;;;;;;;;;;57.3;49.7;43.0;37.1;31.8;27.2;23.2;19.6;16.5;13.7;11.3;9.2;7.2;5.5;3.9;2.5;1.1;-0.1;-1.3;-2.4;-3.4;-4.4;-5.4;-6.3;-7.1;-7.9;-8.6;-9.2;-9.7;-10.1;-10.5;-10.8;-11.0;-11.1;-11.2;-11.3;-11.2;-11.1;-10.9;-10.7;-10.3;-10.0;-9.5;-9.0;-8.5;-7.9;-7.3;-6.6;-5.8;-5.1;-4.3;-3.4;-2.6;-1.6;-0.7;0.3;1.3;2.4;3.6;4.8;6.2;7.7;9.4;11.2;13.2;15.4;17.8;20.5;23.3;26.5;30.0;33.7;37.8;42.3;47.2;52.6;58.5;64.9;72.1;80.0;88.7;98.3;109.1;;;;;;;;;;;;;;;;;;;;;;;;;
-4.100;;;;;;;;;;;;;;;;;;;;;;;;;;;;;;;;;;;;55.6;48.2;41.8;36.1;31.1;26.7;22.9;19.4;16.4;13.8;11.5;9.4;7.6;5.9;4.4;3.0;1.7;0.5;-0.7;-1.8;-2.8;-3.8;-4.7;-5.5;-6.4;-7.1;-7.8;-8.5;-9.0;-9.5;-9.8;-10.1;-10.3;-10.5;-10.5;-10.5;-10.4;-10.3;-10.1;-9.8;-9.4;-9.0;-8.5;-7.9;-7.3;-6.6;-5.9;-5.1;-4.3;-3.4;-2.5;-1.5;-0.5;0.5;1.6;2.8;4.1;5.4;6.9;8.5;10.3;12.2;14.2;16.4;18.9;21.5;24.4;27.5;30.9;34.5;38.5;42.8;47.5;52.7;58.3;64.5;71.3;78.8;87.1;96.2;106.3;;;;;;;;;;;;;;;;;;;;;;;;;;
-4.200;;;;;;;;;;;;;;;;;;;;;;;;;;;;;;;;;;;;;54.3;47.3;41.0;35.6;30.8;26.6;22.8;19.6;16.7;14.2;11.9;9.9;8.1;6.5;5.0;3.6;2.4;1.2;0.1;-1.0;-2.0;-3.0;-3.9;-4.7;-5.5;-6.3;-6.9;-7.5;-8.1;-8.6;-8.9;-9.2;-9.4;-9.6;-9.6;-9.5;-9.4;-9.2;-8.9;-8.6;-8.1;-7.6;-7.1;-6.4;-5.7;-4.9;-4.1;-3.2;-2.3;-1.3;-0.2;0.9;2.1;3.4;4.7;6.2;7.8;9.5;11.3;13.2;15.4;17.7;20.1;22.8;25.6;28.7;32.1;35.7;39.5;43.7;48.3;53.2;58.6;64.5;71.0;78.2;86.1;94.7;104.3;;;;;;;;;;;;;;;;;;;;;;;;;;;
-4.300;;;;;;;;;;;;;;;;;;;;;;;;;;;;;;;;;;;;;;53.5;46.7;40.7;35.4;30.8;26.7;23.2;20.0;17.2;14.8;12.6;10.6;8.9;7.3;5.8;4.5;3.2;2.0;0.9;-0.1;-1.1;-2.1;-2.9;-3.8;-4.6;-5.3;-5.9;-6.5;-7.0;-7.5;-7.8;-8.1;-8.3;-8.4;-8.4;-8.3;-8.1;-7.9;-7.5;-7.1;-6.6;-6.0;-5.3;-4.6;-3.7;-2.8;-1.9;-0.9;0.2;1.4;2.7;4.1;5.5;7.1;8.7;10.5;12.4;14.4;16.6;19.0;21.5;24.2;27.1;30.2;33.5;37.0;40.9;45.0;49.4;54.2;59.4;65.0;71.3;78.1;85.5;93.8;;;;;;;;;;;;;;;;;;;;;;;;;;;;;
-4.400;;;;;;;;;;;;;;;;;;;;;;;;;;;;;;;;;;;;;;;53.2;46.6;40.8;35.8;31.3;27.4;23.9;20.8;18.1;15.7;13.5;11.6;9.9;8.3;6.8;5.5;4.2;3.0;1.9;0.9;-0.1;-1.0;-1.9;-2.7;-3.5;-4.2;-4.8;-5.4;-5.9;-6.3;-6.6;-6.8;-6.9;-7.0;-6.9;-6.8;-6.5;-6.2;-5.7;-5.2;-4.6;-3.9;-3.1;-2.2;-1.3;-0.2;0.9;2.1;3.5;4.9;6.4;8.1;9.8;11.7;13.7;15.8;18.1;20.5;23.1;25.9;28.8;31.9;35.2;38.8;42.5;46.6;50.9;55.5;60.6;66.1;72.0;78.6;85.7;93.5;;;;;;;;;;;;;;;;;;;;;;;;;;;;;;
-4.500;;;;;;;;;;;;;;;;;;;;;;;;;;;;;;;;;;;;;;;;;47.0;41.4;36.4;32.1;28.3;24.9;21.9;19.2;16.9;14.7;12.8;11.1;9.5;8.0;6.6;5.4;4.2;3.1;2.0;1.0;0.1;-0.8;-1.6;-2.3;-3.0;-3.6;-4.1;-4.6;-4.9;-5.2;-5.4;-5.4;-5.4;-5.3;-5.0;-4.7;-4.3;-3.7;-3.1;-2.3;-1.5;-0.5;0.5;1.7;3.0;4.3;5.8;7.4;9.1;11.0;13.0;15.0;17.3;19.7;22.2;24.8;27.7;30.7;33.8;37.2;40.7;44.5;48.4;52.7;57.3;62.2;67.5;73.3;79.6;86.4;93.9;;;;;;;;;;;;;;;;;;;;;;;;;;;;;;;
-4.600;;;;;;;;;;;;;;;;;;;;;;;;;;;;;;;;;;;;;;;;;;48.1;42.5;37.7;33.5;29.7;26.4;23.5;20.8;18.4;16.3;14.4;12.6;11.0;9.5;8.1;6.8;5.6;4.4;3.4;2.3;1.4;0.5;-0.3;-1.0;-1.7;-2.2;-2.7;-3.1;-3.4;-3.6;-3.7;-3.7;-3.6;-3.3;-3.0;-2.5;-1.9;-1.2;-0.4;0.5;1.6;2.7;4.0;5.4;7.0;8.6;10.4;12.4;14.4;16.6;18.9;21.4;24.0;26.8;29.7;32.8;36.0;39.4;43.0;46.8;50.8;55.0;59.5;64.4;69.6;75.2;81.3;87.8;95.0;;;;;;;;;;;;;;;;;;;;;;;;;;;;;;;;
-4.700;;;;;;;;;;;;;;;;;;;;;;;;;;;;;;;;;;;;;;;;;;;49.6;44.2;39.4;35.3;31.6;28.3;25.4;22.7;20.3;18.2;16.2;14.4;12.7;11.2;9.8;8.4;7.2;6.0;4.9;3.9;2.9;2.0;1.2;0.5;-0.1;-0.6;-1.1;-1.4;-1.6;-1.7;-1.7;-1.6;-1.4;-1.0;-0.5;0.1;0.9;1.8;2.8;4.0;5.3;6.7;8.3;10.0;11.9;13.9;16.0;18.3;20.7;23.3;26.0;28.9;31.9;35.1;38.4;41.9;45.5;49.4;53.4;57.7;62.2;67.0;72.1;77.6;83.5;89.8;;;;;;;;;;;;;;;;;;;;;;;;;;;;;;;;;;
-4.800;;;;;;;;;;;;;;;;;;;;;;;;;;;;;;;;;;;;;;;;;;;;;46.5;41.9;37.7;34.0;30.7;27.8;25.2;22.7;20.6;18.5;16.7;14.9;13.3;11.8;10.4;9.1;7.9;6.8;5.7;4.7;3.9;3.1;2.4;1.8;1.3;1.0;0.7;0.6;0.6;0.7;1.0;1.4;1.9;2.6;3.5;4.5;5.6;6.9;8.4;10.0;11.7;13.6;15.7;17.9;20.3;22.9;25.5;28.4;31.4;34.5;37.8;41.2;44.8;48.5;52.5;56.6;60.9;65.5;70.2;75.3;80.7;86.5;92.7;;;;;;;;;;;;;;;;;;;;;;;;;;;;;;;;;;;
-4.900;;;;;;;;;;;;;;;;;;;;;;;;;;;;;;;;;;;;;;;;;;;;;;;44.8;40.7;37.0;33.7;30.7;28.0;25.6;23.3;21.3;19.3;17.5;15.9;14.3;12.8;11.5;10.2;9.0;8.0;7.0;6.1;5.3;4.7;4.2;3.8;3.5;3.3;3.3;3.5;3.8;4.2;4.8;5.6;6.5;7.6;8.9;10.4;12.0;13.8;15.7;17.9;20.2;22.6;25.3;28.1;31.0;34.1;37.4;40.8;44.4;48.1;51.9;56.0;60.2;64.6;69.2;74.1;79.1;84.5;90.2;;;;;;;;;;;;;;;;;;;;;;;;;;;;;;;;;;;;;
-5.000;;;;;;;;;;;;;;;;;;;;;;;;;;;;;;;;;;;;;;;;;;;;;;;;48.7;44.5;40.8;37.4;34.4;31.6;29.1;26.8;24.6;22.6;20.7;19.0;17.4;15.8;14.4;13.1;11.9;10.8;9.9;9.0;8.3;7.7;7.3;6.9;6.8;6.8;7.0;7.3;7.8;8.5;9.3;10.4;11.6;13.0;14.6;16.5;18.4;20.6;23.0;25.5;28.2;31.2;34.2;37.5;40.8;44.4;48.1;52.0;56.0;60.2;64.5;69.0;73.8;78.7;83.8;89.2;94.9;;;;;;;;;;;;;;;;;;;;;;;;;;;;;;;;;;;;;;
-5.100;;;;;;;;;;;;;;;;;;;;;;;;;;;;;;;;;;;;;;;;;;;;;;;;;;49.1;45.3;41.8;38.7;35.9;33.3;30.8;28.6;26.5;24.6;22.8;21.1;19.5;18.1;16.8;15.5;14.5;13.5;12.7;12.1;11.6;11.2;11.1;11.1;11.2;11.6;12.2;12.9;13.9;15.1;16.5;18.0;19.8;21.8;24.0;26.4;29.0;31.9;34.8;38.0;41.4;44.9;48.6;52.5;56.5;60.7;65.0;69.5;74.2;79.0;84.1;89.3;94.7;;;;;;;;;;;;;;;;;;;;;;;;;;;;;;;;;;;;;;;;
-5.200;;;;;;;;;;;;;;;;;;;;;;;;;;;;;;;;;;;;;;;;;;;;;;;;;;;;;47.3;44.1;41.1;38.4;35.9;33.5;31.4;29.4;27.5;25.8;24.2;22.7;21.4;20.2;19.1;18.3;17.5;17.0;16.6;16.5;16.5;16.7;17.1;17.7;18.6;19.7;21.0;22.5;24.3;26.2;28.5;30.9;33.5;36.4;39.5;42.8;46.2;49.9;53.8;57.8;62.0;66.4;70.9;75.6;80.4;85.4;90.6;95.9;;;;;;;;;;;;;;;;;;;;;;;;;;;;;;;;;;;;;;;;;;
-5.300;;;;;;;;;;;;;;;;;;;;;;;;;;;;;;;;;;;;;;;;;;;;;;;;;;;;;;;50.5;47.4;44.6;42.0;39.6;37.3;35.2;33.3;31.5;29.9;28.5;27.2;26.0;25.1;24.3;23.7;23.3;23.1;23.2;23.4;23.9;24.6;25.6;26.8;28.2;29.9;31.8;34.0;36.5;39.1;42.1;45.2;48.6;52.2;56.0;60.0;64.2;68.5;73.1;77.8;82.7;87.7;92.9;;;;;;;;;;;;;;;;;;;;;;;;;;;;;;;;;;;;;;;;;;;;;
-5.400;;;;;;;;;;;;;;;;;;;;;;;;;;;;;;;;;;;;;;;;;;;;;;;;;;;;;;;;;;52.2;49.5;47.0;44.6;42.5;40.5;38.7;37.1;35.7;34.5;33.4;32.6;32.0;31.6;31.4;31.4;31.7;32.3;33.1;34.2;35.5;37.1;39.0;41.1;43.5;46.2;49.2;52.4;55.8;59.5;63.4;67.6;71.9;76.5;81.2;86.2;91.3;;;;;;;;;;;;;;;;;;;;;;;;;;;;;;;;;;;;;;;;;;;;;;;;
-5.500;;;;;;;;;;;;;;;;;;;;;;;;;;;;;;;;;;;;;;;;;;;;;;;;;;;;;;;;;;;;;56.1;53.7;51.6;49.6;47.8;46.2;44.9;43.7;42.8;42.2;41.7;41.6;41.6;42.0;42.6;43.5;44.7;46.2;48.0;50.1;52.5;55.1;58.1;61.3;64.9;68.6;72.7;77.0;81.5;86.2;91.2;;;;;;;;;;;;;;;;;;;;;;;;;;;;;;;;;;;;;;;;;;;;;;;;;;;
-5.600;;;;;;;;;;;;;;;;;;;;;;;;;;;;;;;;;;;;;;;;;;;;;;;;;;;;;;;;;;;;;;;;;;59.1;57.6;56.4;55.4;54.7;54.2;54.1;54.2;54.6;55.3;56.4;57.7;59.4;61.4;63.7;66.3;69.3;72.5;76.1;80.0;84.1;88.5;;;;;;;;;;;;;;;;;;;;;;;;;;;;;;;;;;;;;;;;;;;;;;;;;;;;;;;
-5.700;;;;;;;;;;;;;;;;;;;;;;;;;;;;;;;;;;;;;;;;;;;;;;;;;;;;;;;;;;;;;;;;;;;;;;;;;;;;;;;;;;;;;;;;;;;;;;;;;;;;;;;;;;;;;;;;;;;;;;;;;;;;;;;;;;;;;;;;;;;;;;
-5.800;;;;;;;;;;;;;;;;;;;;;;;;;;;;;;;;;;;;;;;;;;;;;;;;;;;;;;;;;;;;;;;;;;;;;;;;;;;;;;;;;;;;;;;;;;;;;;;;;;;;;;;;;;;;;;;;;;;;;;;;;;;;;;;;;;;;;;;;;;;;;;
-5.900;;;;;;;;;;;;;;;;;;;;;;;;;;;;;;;;;;;;;;;;;;;;;;;;;;;;;;;;;;;;;;;;;;;;;;;;;;;;;;;;;;;;;;;;;;;;;;;;;;;;;;;;;;;;;;;;;;;;;;;;;;;;;;;;;;;;;;;;;;;;;;
-6.000;;;;;;;;;;;;;;;;;;;;;;;;;;;;;;;;;;;;;;;;;;;;;;;;;;;;;;;;;;;;;;;;;;;;;;;;;;;;;;;;;;;;;;;;;;;;;;;;;;;;;;;;;;;;;;;;;;;;;;;;;;;;;;;;;;;;;;;;;;;;;;
-6.100;;;;;;;;;;;;;;;;;;;;;;;;;;;;;;;;;;;;;;;;;;;;;;;;;;;;;;;;;;;;;;;;;;;;;;;;;;;;;;;;;;;;;;;;;;;;;;;;;;;;;;;;;;;;;;;;;;;;;;;;;;;;;;;;;;;;;;;;;;;;;;
-6.200;;;;;;;;;;;;;;;;;;;;;;;;;;;;;;;;;;;;;;;;;;;;;;;;;;;;;;;;;;;;;;;;;;;;;;;;;;;;;;;;;;;;;;;;;;;;;;;;;;;;;;;;;;;;;;;;;;;;;;;;;;;;;;;;;;;;;;;;;;;;;;
-6.300;;;;;;;;;;;;;;;;;;;;;;;;;;;;;;;;;;;;;;;;;;;;;;;;;;;;;;;;;;;;;;;;;;;;;;;;;;;;;;;;;;;;;;;;;;;;;;;;;;;;;;;;;;;;;;;;;;;;;;;;;;;;;;;;;;;;;;;;;;;;;;
-6.400;;;;;;;;;;;;;;;;;;;;;;;;;;;;;;;;;;;;;;;;;;;;;;;;;;;;;;;;;;;;;;;;;;;;;;;;;;;;;;;;;;;;;;;;;;;;;;;;;;;;;;;;;;;;;;;;;;;;;;;;;;;;;;;;;;;;;;;;;;;;;;
-6.500;;;;;;;;;;;;;;;;;;;;;;;;;;;;;;;;;;;;;;;;;;;;;;;;;;;;;;;;;;;;;;;;;;;;;;;;;;;;;;;;;;;;;;;;;;;;;;;;;;;;;;;;;;;;;;;;;;;;;;;;;;;;;;;;;;;;;;;;;;;;;;
-6.600;;;;;;;;;;;;;;;;;;;;;;;;;;;;;;;;;;;;;;;;;;;;;;;;;;;;;;;;;;;;;;;;;;;;;;;;;;;;;;;;;;;;;;;;;;;;;;;;;;;;;;;;;;;;;;;;;;;;;;;;;;;;;;;;;;;;;;;;;;;;;;
-6.700;;;;;;;;;;;;;;;;;;;;;;;;;;;;;;;;;;;;;;;;;;;;;;;;;;;;;;;;;;;;;;;;;;;;;;;;;;;;;;;;;;;;;;;;;;;;;;;;;;;;;;;;;;;;;;;;;;;;;;;;;;;;;;;;;;;;;;;;;;;;;;
-6.800;;;;;;;;;;;;;;;;;;;;;;;;;;;;;;;;;;;;;;;;;;;;;;;;;;;;;;;;;;;;;;;;;;;;;;;;;;;;;;;;;;;;;;;;;;;;;;;;;;;;;;;;;;;;;;;;;;;;;;;;;;;;;;;;;;;;;;;;;;;;;;
-6.900;;;;;;;;;;;;;;;;;;;;;;;;;;;;;;;;;;;;;;;;;;;;;;;;;;;;;;;;;;;;;;;;;;;;;;;;;;;;;;;;;;;;;;;;;;;;;;;;;;;;;;;;;;;;;;;;;;;;;;;;;;;;;;;;;;;;;;;;;;;;;;
-7.000;;;;;;;;;;;;;;;;;;;;;;;;;;;;;;;;;;;;;;;;;;;;;;;;;;;;;;;;;;;;;;;;;;;;;;;;;;;;;;;;;;;;;;;;;;;;;;;;;;;;;;;;;;;;;;;;;;;;;;;;;;;;;;;;;;;;;;;;;;;;;;
ELEVATION RELATIVE BFS BACK 8mm zone;-7.000;-6.900;-6.800;-6.700;-6.600;-6.500;-6.400;-6.300;-6.200;-6.100;-6.000;-5.900;-5.800;-5.700;-5.600;-5.500;-5.400;-5.300;-5.200;-5.100;-5.000;-4.900;-4.800;-4.700;-4.600;-4.500;-4.400;-4.300;-4.200;-4.100;-4.000;-3.900;-3.800;-3.700;-3.600;-3.500;-3.400;-3.300;-3.200;-3.100;-3.000;-2.900;-2.800;-2.700;-2.600;-2.500;-2.400;-2.300;-2.200;-2.100;-2.000;-1.900;-1.800;-1.700;-1.600;-1.500;-1.400;-1.300;-1.200;-1.100;-1.000;-0.900;-0.800;-0.700;-0.600;-0.500;-0.400;-0.300;-0.200;-0.100;0.000;0.100;0.200;0.300;0.400;0.500;0.600;0.700;0.800;0.900;1.000;1.100;1.200;1.300;1.400;1.500;1.600;1.700;1.800;1.900;2.000;2.100;2.200;2.300;2.400;2.500;2.600;2.700;2.800;2.900;3.000;3.100;3.200;3.300;3.400;3.500;3.600;3.700;3.800;3.900;4.000;4.100;4.200;4.300;4.400;4.500;4.600;4.700;4.800;4.900;5.000;5.100;5.200;5.300;5.400;5.500;5.600;5.700;5.800;5.900;6.000;6.100;6.200;6.300;6.400;6.500;6.600;6.700;6.800;6.900;7.000;
7.000;;;;;;;;;;;;;;;;;;;;;;;;;;;;;;;;;;;;;;;;;;;;;;;;;;;;;;;;;;;;;;;;;;;;;;;;;;;;;;;;;;;;;;;;;;;;;;;;;;;;;;;;;;;;;;;;;;;;;;;;;;;;;;;;;;;;;;;;;;;;;;
6.900;;;;;;;;;;;;;;;;;;;;;;;;;;;;;;;;;;;;;;;;;;;;;;;;;;;;;;;;;;;;;;;;;;;;;;;;;;;;;;;;;;;;;;;;;;;;;;;;;;;;;;;;;;;;;;;;;;;;;;;;;;;;;;;;;;;;;;;;;;;;;;
6.800;;;;;;;;;;;;;;;;;;;;;;;;;;;;;;;;;;;;;;;;;;;;;;;;;;;;;;;;;;;;;;;;;;;;;;;;;;;;;;;;;;;;;;;;;;;;;;;;;;;;;;;;;;;;;;;;;;;;;;;;;;;;;;;;;;;;;;;;;;;;;;
6.700;;;;;;;;;;;;;;;;;;;;;;;;;;;;;;;;;;;;;;;;;;;;;;;;;;;;;;;;;;;;;;;;;;;;;;;;;;;;;;;;;;;;;;;;;;;;;;;;;;;;;;;;;;;;;;;;;;;;;;;;;;;;;;;;;;;;;;;;;;;;;;
6.600;;;;;;;;;;;;;;;;;;;;;;;;;;;;;;;;;;;;;;;;;;;;;;;;;;;;;;;;;;;;;;;;;;;;;;;;;;;;;;;;;;;;;;;;;;;;;;;;;;;;;;;;;;;;;;;;;;;;;;;;;;;;;;;;;;;;;;;;;;;;;;
6.500;;;;;;;;;;;;;;;;;;;;;;;;;;;;;;;;;;;;;;;;;;;;;;;;;;;;;;;;;;;;;;;;;;;;;;;;;;;;;;;;;;;;;;;;;;;;;;;;;;;;;;;;;;;;;;;;;;;;;;;;;;;;;;;;;;;;;;;;;;;;;;
6.400;;;;;;;;;;;;;;;;;;;;;;;;;;;;;;;;;;;;;;;;;;;;;;;;;;;;;;;;;;;;;;;;;;;;;;;;;;;;;;;;;;;;;;;;;;;;;;;;;;;;;;;;;;;;;;;;;;;;;;;;;;;;;;;;;;;;;;;;;;;;;;
6.300;;;;;;;;;;;;;;;;;;;;;;;;;;;;;;;;;;;;;;;;;;;;;;;;;;;;;;;;;;;;;;;;;;;;;;;;;;;;;;;;;;;;;;;;;;;;;;;;;;;;;;;;;;;;;;;;;;;;;;;;;;;;;;;;;;;;;;;;;;;;;;
6.200;;;;;;;;;;;;;;;;;;;;;;;;;;;;;;;;;;;;;;;;;;;;;;;;;;;;;;;;;;;;;;;;;;;;;;;;;;;;;;;;;;;;;;;;;;;;;;;;;;;;;;;;;;;;;;;;;;;;;;;;;;;;;;;;;;;;;;;;;;;;;;
6.100;;;;;;;;;;;;;;;;;;;;;;;;;;;;;;;;;;;;;;;;;;;;;;;;;;;;;;;;;;;;;;;;;;;;;;;;;;;;;;;;;;;;;;;;;;;;;;;;;;;;;;;;;;;;;;;;;;;;;;;;;;;;;;;;;;;;;;;;;;;;;;
6.000;;;;;;;;;;;;;;;;;;;;;;;;;;;;;;;;;;;;;;;;;;;;;;;;;;;;;;;;;;;;;;;;;;;;;;;;;;;;;;;;;;;;;;;;;;;;;;;;;;;;;;;;;;;;;;;;;;;;;;;;;;;;;;;;;;;;;;;;;;;;;;
5.900;;;;;;;;;;;;;;;;;;;;;;;;;;;;;;;;;;;;;;;;;;;;;;;;;;;;;;;;;;;;;;;;;;;;;;;;;;;;;;;;;;;;;;;;;;;;;;;;;;;;;;;;;;;;;;;;;;;;;;;;;;;;;;;;;;;;;;;;;;;;;;
5.800;;;;;;;;;;;;;;;;;;;;;;;;;;;;;;;;;;;;;;;;;;;;;;;;;;;;;;;;;;;;;;;;;;;;;;;;;;;;;;;;;;;;;;;;;;;;;;;;;;;;;;;;;;;;;;;;;;;;;;;;;;;;;;;;;;;;;;;;;;;;;;
5.700;;;;;;;;;;;;;;;;;;;;;;;;;;;;;;;;;;;;;;;;;;;;;;;;;;;;;;;;;;;;;;;;;;;;;;;;;;;;;;;;;;;;;;;;;;;;;;;;;;;;;;;;;;;;;;;;;;;;;;;;;;;;;;;;;;;;;;;;;;;;;;
5.600;;;;;;;;;;;;;;;;;;;;;;;;;;;;;;;;;;;;;;;;;;;;;;;;;;;;;;;;;;;;;;;;;;;;;;;;;;;;;;;;;;;;;;;;;;;;;;;;;;;;;;;;;;;;;;;;;;;;;;;;;;;;;;;;;;;;;;;;;;;;;;
5.500;;;;;;;;;;;;;;;;;;;;;;;;;;;;;;;;;;;;;;;;;;;;;;;;;;;;;;;;;;;;;;;;;;;;;;;;;;;;;;;;;;;;;;;;;;;;;;;;;;;;;;;;;;;;;;;;;;;;;;;;;;;;;;;;;;;;;;;;;;;;;;
5.400;;;;;;;;;;;;;;;;;;;;;;;;;;;;;;;;;;;;;;;;;;;;;;;;;;;;;;;;;;;;;;;;;;;;;;;;;;;;;;;;;;;;;;;;;;;;;;;;;;;;;;;;;;;;;;;;;;;;;;;;;;;;;;;;;;;;;;;;;;;;;;
5.300;;;;;;;;;;;;;;;;;;;;;;;;;;;;;;;;;;;;;;;;;;;;;;;;;;;;;;;;;;;;;;;;;;;;;;;;;;;;;;;;;;;;;;;;;;;;;;;;;;;;;;;;;;;;;;;;;;;;;;;;;;;;;;;;;;;;;;;;;;;;;;
5.200;;;;;;;;;;;;;;;;;;;;;;;;;;;;;;;;;;;;;;;;;;;;;;;;;;;;;;;;;;;;;;;;;;;;;;;;;;;;;;;;;;;;;;;;;;;;;;;;;;;;;;;;;;;;;;;;;;;;;;;;;;;;;;;;;;;;;;;;;;;;;;
5.100;;;;;;;;;;;;;;;;;;;;;;;;;;;;;;;;;;;;;;;;;;;;;;;;;;;;;;;;;;;;;;;;;;;;;;;;;;;;;;;;;;;;;;;;;;;;;;;;;;;;;;;;;;;;;;;;;;;;;;;;;;;;;;;;;;;;;;;;;;;;;;
5.000;;;;;;;;;;;;;;;;;;;;;;;;;;;;;;;;;;;;;;;;;;;;;;;;;;;;;;;;;;;;;;;;;;;;;;;;;;;;;;;;;;;;;;;;;;;;;;;;;;;;;;;;;;;;;;;;;;;;;;;;;;;;;;;;;;;;;;;;;;;;;;
4.900;;;;;;;;;;;;;;;;;;;;;;;;;;;;;;;;;;;;;;;;;;;;;;;;;;;;;;;;;;;;;;;;;;;;;;;;;;;;;;;;;;;;;;;;;;;;;;;;;;;;;;;;;;;;;;;;;;;;;;;;;;;;;;;;;;;;;;;;;;;;;;
4.800;;;;;;;;;;;;;;;;;;;;;;;;;;;;;;;;;;;;;;;;;;;;;;;;;;;;;;;;;;;;;;;;;;;;;;;;;;;;;;;;;;;;;;;;;;;;;;;;;;;;;;;;;;;;;;;;;;;;;;;;;;;;;;;;;;;;;;;;;;;;;;
4.700;;;;;;;;;;;;;;;;;;;;;;;;;;;;;;;;;;;;;;;;;;;;;;;;;;;;;;;;;;;;;;;;;;;;;;;;;;;;;;;;;;;;;;;;;;;;;;;;;;;;;;;;;;;;;;;;;;;;;;;;;;;;;;;;;;;;;;;;;;;;;;
4.600;;;;;;;;;;;;;;;;;;;;;;;;;;;;;;;;;;;;;;;;;;;;;;;;;;;;;;;;;;;;;;;;;;;;;;;;;;;;;;;;;;;;;;;;;;;;;;;;;;;;;;;;;;;;;;;;;;;;;;;;;;;;;;;;;;;;;;;;;;;;;;
4.500;;;;;;;;;;;;;;;;;;;;;;;;;;;;;;;;;;;;;;;;;;;;;;;;;;;;;;;;;;;;;;;;;;;;;;;;;;;;;;;;;;;;;;;;;;;;;;;;;;;;;;;;;;;;;;;;;;;;;;;;;;;;;;;;;;;;;;;;;;;;;;
4.400;;;;;;;;;;;;;;;;;;;;;;;;;;;;;;;;;;;;;;;;;;;;;;;;;;;;;;;;;;;;;;;;;;;;;;;;;;;;;;;;;;;;;;;;;;;;;;;;;;;;;;;;;;;;;;;;;;;;;;;;;;;;;;;;;;;;;;;;;;;;;;
4.300;;;;;;;;;;;;;;;;;;;;;;;;;;;;;;;;;;;;;;;;;;;;;;;;;;;;;;;;;;;;;;;;;;;;;;;;;;;;;;;;;;;;;;;;;;;;;;;;;;;;;;;;;;;;;;;;;;;;;;;;;;;;;;;;;;;;;;;;;;;;;;
4.200;;;;;;;;;;;;;;;;;;;;;;;;;;;;;;;;;;;;;;;;;;;;;;;;;;;;;;;;;;;;;;;;;;;;;;;;;;;;;;;;;;;;;;;;;;;;;;;;;;;;;;;;;;;;;;;;;;;;;;;;;;;;;;;;;;;;;;;;;;;;;;
4.100;;;;;;;;;;;;;;;;;;;;;;;;;;;;;;;;;;;;;;;;;;;;;;;;;;;;;;;;;;;;;;;;;;;;;;;;;;;;;;;;;;;;;;;;;;;;;;;;;;;;;;;;;;;;;;;;;;;;;;;;;;;;;;;;;;;;;;;;;;;;;;
4.000;;;;;;;;;;;;;;;;;;;;;;;;;;;;;;;;;;;;;;;;;;;;;;;;;;;;;;;;;;;;;;;;;;;;-3.0;-5.7;-8.1;-10.2;-12.0;-13.5;-14.7;-15.7;-16.4;-16.9;-17.1;-17.1;-16.9;-16.5;-15.8;-15.0;-13.9;-12.6;-11.1;;;;;;;;;;;;;;;;;;;;;;;;;;;;;;;;;;;;;;;;;;;;;;;;;;;;;;;;
3.900;;;;;;;;;;;;;;;;;;;;;;;;;;;;;;;;;;;;;;;;;;;;;;;;;;;;;;;;;;;;;;;5.9;2.1;-1.4;-4.7;-7.6;-10.3;-12.7;-14.7;-16.6;-18.1;-19.4;-20.5;-21.3;-21.9;-22.2;-22.4;-22.4;-22.2;-21.8;-21.2;-20.5;-19.6;-18.5;-17.2;-15.7;-13.9;-11.9;-9.7;-7.1;;;;;;;;;;;;;;;;;;;;;;;;;;;;;;;;;;;;;;;;;;;;;;;;;;;
3.800;;;;;;;;;;;;;;;;;;;;;;;;;;;;;;;;;;;;;;;;;;;;;;;;;;;;;;;;;;;14.4;9.8;5.5;1.6;-2.1;-5.5;-8.7;-11.5;-14.1;-16.4;-18.5;-20.3;-21.8;-23.1;-24.2;-25.0;-25.7;-26.1;-26.4;-26.5;-26.4;-26.2;-25.8;-25.3;-24.6;-23.8;-22.9;-21.8;-20.5;-19.0;-17.3;-15.4;-13.2;-10.7;-7.8;-4.6;-0.8;;;;;;;;;;;;;;;;;;;;;;;;;;;;;;;;;;;;;;;;;;;;;;;
3.700;;;;;;;;;;;;;;;;;;;;;;;;;;;;;;;;;;;;;;;;;;;;;;;;;;;;;;;;19.6;14.7;10.0;5.6;1.5;-2.3;-5.8;-9.1;-12.1;-14.8;-17.3;-19.5;-21.5;-23.2;-24.7;-26.0;-27.0;-27.9;-28.5;-29.0;-29.3;-29.5;-29.5;-29.4;-29.1;-28.7;-28.2;-27.6;-26.9;-26.1;-25.1;-24.0;-22.8;-21.4;-19.7;-17.9;-15.8;-13.4;-10.6;-7.4;-3.7;0.6;;;;;;;;;;;;;;;;;;;;;;;;;;;;;;;;;;;;;;;;;;;;;
3.600;;;;;;;;;;;;;;;;;;;;;;;;;;;;;;;;;;;;;;;;;;;;;;;;;;;;;26.0;20.5;15.4;10.6;6.1;1.9;-2.0;-5.6;-9.0;-12.1;-15.0;-17.5;-19.9;-22.0;-23.9;-25.5;-27.0;-28.2;-29.2;-30.0;-30.7;-31.1;-31.5;-31.6;-31.7;-31.6;-31.4;-31.1;-30.7;-30.2;-29.7;-29.0;-28.3;-27.4;-26.5;-25.4;-24.2;-22.9;-21.3;-19.5;-17.5;-15.2;-12.4;-9.3;-5.7;-1.5;3.3;8.9;;;;;;;;;;;;;;;;;;;;;;;;;;;;;;;;;;;;;;;;;;
3.500;;;;;;;;;;;;;;;;;;;;;;;;;;;;;;;;;;;;;;;;;;;;;;;;;;;27.8;22.1;16.7;11.7;7.1;2.7;-1.3;-5.1;-8.5;-11.7;-14.7;-17.3;-19.8;-22.0;-24.0;-25.7;-27.3;-28.6;-29.8;-30.7;-31.5;-32.1;-32.6;-32.8;-33.0;-33.1;-33.0;-32.8;-32.6;-32.2;-31.8;-31.3;-30.8;-30.2;-29.5;-28.8;-27.9;-27.0;-26.0;-24.9;-23.6;-22.1;-20.4;-18.4;-16.1;-13.5;-10.4;-6.8;-2.7;2.1;7.6;14.1;;;;;;;;;;;;;;;;;;;;;;;;;;;;;;;;;;;;;;;;
3.400;;;;;;;;;;;;;;;;;;;;;;;;;;;;;;;;;;;;;;;;;;;;;;;;;30.6;24.4;18.7;13.4;8.5;3.9;-0.3;-4.2;-7.7;-11.0;-14.1;-16.8;-19.4;-21.7;-23.7;-25.6;-27.2;-28.6;-29.9;-30.9;-31.8;-32.5;-33.1;-33.5;-33.7;-33.9;-33.9;-33.8;-33.6;-33.4;-33.0;-32.7;-32.2;-31.7;-31.2;-30.6;-30.0;-29.4;-28.7;-27.9;-27.0;-26.1;-25.0;-23.8;-22.3;-20.7;-18.8;-16.5;-13.9;-10.9;-7.3;-3.2;1.6;7.2;13.5;;;;;;;;;;;;;;;;;;;;;;;;;;;;;;;;;;;;;;;
3.300;;;;;;;;;;;;;;;;;;;;;;;;;;;;;;;;;;;;;;;;;;;;;;;34.8;28.0;21.8;16.0;10.7;5.8;1.4;-2.7;-6.5;-9.9;-13.1;-16.0;-18.6;-21.0;-23.1;-25.0;-26.7;-28.2;-29.6;-30.7;-31.6;-32.4;-33.1;-33.5;-33.9;-34.1;-34.2;-34.2;-34.1;-33.9;-33.6;-33.3;-32.9;-32.4;-32.0;-31.5;-31.0;-30.4;-29.8;-29.3;-28.6;-28.0;-27.2;-26.4;-25.5;-24.5;-23.3;-22.0;-20.4;-18.5;-16.3;-13.7;-10.7;-7.1;-3.0;1.9;7.4;13.9;21.3;;;;;;;;;;;;;;;;;;;;;;;;;;;;;;;;;;;;;
3.200;;;;;;;;;;;;;;;;;;;;;;;;;;;;;;;;;;;;;;;;;;;;;40.6;33.0;26.0;19.7;13.8;8.5;3.7;-0.8;-4.8;-8.5;-11.8;-14.8;-17.5;-20.0;-22.2;-24.2;-26.0;-27.6;-29.0;-30.2;-31.2;-32.0;-32.7;-33.3;-33.7;-34.0;-34.1;-34.2;-34.1;-34.0;-33.8;-33.5;-33.1;-32.7;-32.2;-31.8;-31.3;-30.8;-30.2;-29.7;-29.2;-28.6;-28.1;-27.5;-26.9;-26.2;-25.5;-24.6;-23.7;-22.5;-21.2;-19.6;-17.8;-15.6;-13.0;-10.0;-6.4;-2.2;2.6;8.2;14.7;22.2;30.8;;;;;;;;;;;;;;;;;;;;;;;;;;;;;;;;;;;
3.100;;;;;;;;;;;;;;;;;;;;;;;;;;;;;;;;;;;;;;;;;;;48.7;40.0;32.1;24.9;18.3;12.4;7.0;2.1;-2.3;-6.3;-9.9;-13.2;-16.1;-18.7;-21.0;-23.1;-25.0;-26.6;-28.1;-29.3;-30.4;-31.3;-32.1;-32.7;-33.2;-33.5;-33.7;-33.8;-33.8;-33.7;-33.5;-33.3;-32.9;-32.5;-32.1;-31.6;-31.1;-30.6;-30.1;-29.6;-29.1;-28.5;-28.0;-27.5;-27.0;-26.5;-26.0;-25.4;-24.8;-24.1;-23.3;-22.4;-21.3;-20.0;-18.4;-16.6;-14.4;-11.8;-8.7;-5.1;-0.9;4.0;9.7;16.3;23.8;32.6;;;;;;;;;;;;;;;;;;;;;;;;;;;;;;;;;;
3.000;;;;;;;;;;;;;;;;;;;;;;;;;;;;;;;;;;;;;;;;;;49.3;40.2;31.9;24.3;17.6;11.4;5.9;0.9;-3.5;-7.5;-11.1;-14.2;-17.1;-19.6;-21.8;-23.8;-25.5;-27.0;-28.3;-29.4;-30.4;-31.2;-31.9;-32.4;-32.8;-33.1;-33.2;-33.3;-33.2;-33.1;-32.8;-32.5;-32.2;-31.7;-31.3;-30.8;-30.3;-29.7;-29.2;-28.6;-28.1;-27.6;-27.1;-26.6;-26.1;-25.7;-25.2;-24.8;-24.3;-23.8;-23.2;-22.6;-21.8;-20.9;-19.8;-18.5;-17.0;-15.1;-12.9;-10.2;-7.1;-3.5;0.8;5.8;11.5;18.2;25.9;34.7;;;;;;;;;;;;;;;;;;;;;;;;;;;;;;;;;
2.900;;;;;;;;;;;;;;;;;;;;;;;;;;;;;;;;;;;;;;;;;50.8;41.2;32.5;24.7;17.6;11.2;5.5;0.4;-4.1;-8.1;-11.7;-14.8;-17.6;-20.0;-22.1;-24.0;-25.6;-27.0;-28.2;-29.2;-30.1;-30.8;-31.4;-31.8;-32.1;-32.3;-32.4;-32.4;-32.3;-32.1;-31.9;-31.5;-31.2;-30.7;-30.2;-29.7;-29.2;-28.6;-28.0;-27.4;-26.9;-26.3;-25.8;-25.3;-24.9;-24.4;-24.0;-23.6;-23.2;-22.8;-22.4;-21.9;-21.4;-20.7;-20.0;-19.1;-18.0;-16.7;-15.1;-13.2;-10.9;-8.2;-5.1;-1.3;3.0;8.1;13.9;20.7;28.5;37.5;;;;;;;;;;;;;;;;;;;;;;;;;;;;;;;;
2.800;;;;;;;;;;;;;;;;;;;;;;;;;;;;;;;;;;;;;;;64.2;53.2;43.0;33.9;25.6;18.2;11.6;5.7;0.4;-4.2;-8.3;-11.9;-15.1;-17.8;-20.2;-22.3;-24.0;-25.6;-26.8;-27.9;-28.8;-29.6;-30.2;-30.7;-31.0;-31.3;-31.4;-31.4;-31.4;-31.2;-31.0;-30.7;-30.4;-30.0;-29.5;-29.0;-28.5;-27.9;-27.3;-26.7;-26.1;-25.5;-25.0;-24.4;-23.9;-23.4;-22.9;-22.5;-22.1;-21.8;-21.4;-21.1;-20.7;-20.3;-19.9;-19.4;-18.7;-18.0;-17.1;-16.0;-14.6;-13.0;-11.1;-8.7;-6.0;-2.7;1.1;5.5;10.7;16.6;23.5;31.4;40.6;;;;;;;;;;;;;;;;;;;;;;;;;;;;;;;
2.700;;;;;;;;;;;;;;;;;;;;;;;;;;;;;;;;;;;;;;68.1;56.3;45.7;36.0;27.3;19.5;12.6;6.4;1.0;-3.8;-8.0;-11.7;-14.9;-17.6;-20.0;-22.0;-23.7;-25.1;-26.4;-27.4;-28.2;-28.8;-29.4;-29.7;-30.0;-30.2;-30.3;-30.2;-30.2;-30.0;-29.7;-29.4;-29.1;-28.6;-28.2;-27.7;-27.1;-26.5;-25.9;-25.3;-24.7;-24.1;-23.5;-22.9;-22.3;-21.8;-21.3;-20.9;-20.5;-20.1;-19.8;-19.4;-19.1;-18.8;-18.5;-18.1;-17.7;-17.2;-16.6;-15.8;-14.9;-13.8;-12.3;-10.7;-8.6;-6.2;-3.3;-0.0;3.9;8.4;13.7;19.8;26.8;34.9;44.2;;;;;;;;;;;;;;;;;;;;;;;;;;;;;;
2.600;;;;;;;;;;;;;;;;;;;;;;;;;;;;;;;;;;;;;72.6;60.3;49.0;38.9;29.7;21.5;14.2;7.7;2.0;-3.0;-7.3;-11.1;-14.4;-17.2;-19.5;-21.5;-23.2;-24.6;-25.7;-26.6;-27.4;-27.9;-28.4;-28.7;-28.9;-29.0;-29.0;-28.9;-28.8;-28.6;-28.3;-28.0;-27.6;-27.2;-26.7;-26.2;-25.6;-25.1;-24.5;-23.8;-23.2;-22.6;-22.0;-21.3;-20.8;-20.2;-19.7;-19.2;-18.8;-18.4;-18.0;-17.7;-17.4;-17.1;-16.9;-16.6;-16.3;-15.9;-15.5;-15.0;-14.3;-13.5;-12.6;-11.3;-9.9;-8.1;-6.0;-3.5;-0.5;2.9;6.9;11.6;16.9;23.1;30.3;38.6;48.2;;;;;;;;;;;;;;;;;;;;;;;;;;;;;
2.500;;;;;;;;;;;;;;;;;;;;;;;;;;;;;;;;;;;;78.0;64.9;53.1;42.4;32.7;24.1;16.4;9.6;3.6;-1.7;-6.2;-10.1;-13.5;-16.3;-18.7;-20.7;-22.4;-23.7;-24.8;-25.7;-26.3;-26.8;-27.2;-27.4;-27.5;-27.6;-27.5;-27.4;-27.2;-27.0;-26.7;-26.4;-26.0;-25.6;-25.1;-24.6;-24.1;-23.5;-22.9;-22.3;-21.7;-21.0;-20.4;-19.8;-19.2;-18.6;-18.0;-17.5;-17.1;-16.6;-16.2;-15.9;-15.6;-15.3;-15.1;-14.8;-14.6;-14.3;-14.0;-13.6;-13.2;-12.7;-12.0;-11.1;-10.0;-8.8;-7.2;-5.4;-3.1;-0.5;2.5;6.1;10.2;15.0;20.5;26.8;34.2;42.7;52.6;;;;;;;;;;;;;;;;;;;;;;;;;;;;
2.400;;;;;;;;;;;;;;;;;;;;;;;;;;;;;;;;;;;84.0;70.3;57.8;46.6;36.3;27.3;19.1;12.0;5.6;0.1;-4.7;-8.8;-12.3;-15.2;-17.7;-19.7;-21.4;-22.7;-23.8;-24.6;-25.2;-25.6;-25.9;-26.0;-26.1;-26.1;-26.0;-25.8;-25.6;-25.3;-25.0;-24.7;-24.3;-23.9;-23.4;-22.9;-22.4;-21.9;-21.3;-20.7;-20.1;-19.5;-18.9;-18.2;-17.6;-17.0;-16.4;-15.9;-15.4;-14.9;-14.5;-14.1;-13.8;-13.5;-13.2;-13.0;-12.7;-12.5;-12.3;-12.0;-11.7;-11.3;-10.8;-10.2;-9.5;-8.6;-7.4;-6.0;-4.4;-2.4;-0.1;2.6;5.8;9.5;13.7;18.6;24.2;30.8;38.4;47.2;57.6;;;;;;;;;;;;;;;;;;;;;;;;;;;
2.300;;;;;;;;;;;;;;;;;;;;;;;;;;;;;;;;;;90.6;76.3;63.2;51.3;40.6;31.0;22.4;14.8;8.1;2.3;-2.7;-7.1;-10.7;-13.8;-16.4;-18.5;-20.2;-21.5;-22.5;-23.3;-23.9;-24.2;-24.5;-24.6;-24.6;-24.5;-24.3;-24.1;-23.9;-23.6;-23.3;-22.9;-22.5;-22.1;-21.7;-21.2;-20.7;-20.2;-19.7;-19.1;-18.5;-17.9;-17.3;-16.7;-16.1;-15.5;-14.9;-14.3;-13.8;-13.3;-12.8;-12.4;-12.0;-11.7;-11.4;-11.1;-10.9;-10.7;-10.5;-10.3;-10.0;-9.7;-9.4;-9.0;-8.4;-7.8;-6.9;-5.9;-4.7;-3.2;-1.4;0.7;3.1;5.9;9.2;13.0;17.4;22.4;28.2;35.0;42.8;52.1;62.8;;;;;;;;;;;;;;;;;;;;;;;;;;
2.200;;;;;;;;;;;;;;;;;;;;;;;;;;;;;;;;;;82.8;69.1;56.7;45.4;35.3;26.2;18.2;11.0;4.9;-0.5;-5.0;-8.9;-12.1;-14.8;-17.0;-18.8;-20.2;-21.2;-22.0;-22.5;-22.8;-23.0;-23.0;-22.9;-22.8;-22.6;-22.3;-22.1;-21.7;-21.4;-21.0;-20.7;-20.3;-19.8;-19.4;-18.9;-18.5;-18.0;-17.4;-16.9;-16.3;-15.7;-15.2;-14.6;-14.0;-13.4;-12.8;-12.3;-11.7;-11.3;-10.8;-10.4;-10.0;-9.7;-9.4;-9.1;-8.9;-8.7;-8.5;-8.3;-8.0;-7.8;-7.5;-7.1;-6.6;-6.0;-5.2;-4.3;-3.1;-1.8;-0.2;1.7;3.9;6.4;9.4;12.8;16.7;21.2;26.4;32.5;39.5;47.7;57.3;69.0;;;;;;;;;;;;;;;;;;;;;;;;;
2.100;;;;;;;;;;;;;;;;;;;;;;;;;;;;;;;;;89.8;75.6;62.5;50.7;40.0;30.4;21.9;14.5;7.9;2.2;-2.7;-6.8;-10.2;-13.1;-15.4;-17.2;-18.7;-19.7;-20.5;-21.0;-21.3;-21.4;-21.4;-21.3;-21.1;-20.9;-20.5;-20.2;-19.9;-19.5;-19.1;-18.7;-18.4;-18.0;-17.5;-17.1;-16.7;-16.2;-15.7;-15.2;-14.7;-14.2;-13.7;-13.1;-12.5;-12.0;-11.4;-10.8;-10.3;-9.8;-9.3;-8.9;-8.4;-8.1;-7.7;-7.4;-7.2;-6.9;-6.7;-6.5;-6.3;-6.1;-5.8;-5.5;-5.2;-4.7;-4.1;-3.4;-2.6;-1.5;-0.3;1.2;2.9;4.9;7.2;9.9;12.9;16.5;20.5;25.2;30.6;36.9;44.3;52.9;63.3;;;;;;;;;;;;;;;;;;;;;;;;;
2.000;;;;;;;;;;;;;;;;;;;;;;;;;;;;;;;;97.2;82.4;68.8;56.4;45.2;35.1;26.2;18.2;11.3;5.2;0.0;-4.4;-8.1;-11.1;-13.6;-15.5;-17.0;-18.2;-19.0;-19.5;-19.8;-19.9;-19.8;-19.6;-19.4;-19.1;-18.7;-18.4;-18.0;-17.6;-17.2;-16.8;-16.4;-16.0;-15.7;-15.3;-14.9;-14.5;-14.0;-13.6;-13.1;-12.7;-12.2;-11.6;-11.1;-10.6;-10.0;-9.5;-9.0;-8.4;-7.9;-7.5;-7.0;-6.6;-6.2;-5.9;-5.6;-5.3;-5.1;-4.9;-4.6;-4.4;-4.2;-4.0;-3.7;-3.3;-2.9;-2.3;-1.6;-0.8;0.1;1.3;2.7;4.2;6.1;8.2;10.6;13.4;16.6;20.3;24.5;29.3;35.0;41.6;49.3;58.7;69.7;;;;;;;;;;;;;;;;;;;;;;;;
1.900;;;;;;;;;;;;;;;;;;;;;;;;;;;;;;;105.0;89.6;75.5;62.5;50.8;40.2;30.7;22.3;14.9;8.5;2.9;-1.7;-5.7;-9.0;-11.6;-13.7;-15.4;-16.6;-17.4;-17.9;-18.2;-18.3;-18.2;-18.0;-17.7;-17.4;-17.0;-16.5;-16.1;-15.7;-15.3;-14.9;-14.5;-14.1;-13.8;-13.4;-13.0;-12.7;-12.3;-11.9;-11.5;-11.1;-10.7;-10.2;-9.7;-9.2;-8.7;-8.2;-7.7;-7.2;-6.7;-6.2;-5.7;-5.3;-4.9;-4.5;-4.1;-3.8;-3.6;-3.3;-3.1;-2.9;-2.6;-2.4;-2.2;-1.8;-1.5;-1.1;-0.5;0.1;0.9;1.8;2.9;4.2;5.7;7.4;9.3;11.6;14.1;17.0;20.4;24.2;28.6;33.6;39.6;46.6;55.0;64.9;77.3;;;;;;;;;;;;;;;;;;;;;;;
1.800;;;;;;;;;;;;;;;;;;;;;;;;;;;;;;;97.2;82.5;69.0;56.8;45.6;35.7;26.8;19.0;12.1;6.2;1.1;-3.1;-6.6;-9.5;-11.8;-13.5;-14.9;-15.8;-16.4;-16.7;-16.8;-16.7;-16.4;-16.1;-15.7;-15.2;-14.8;-14.3;-13.9;-13.4;-13.0;-12.6;-12.2;-11.9;-11.5;-11.2;-10.9;-10.6;-10.3;-9.9;-9.6;-9.2;-8.8;-8.4;-7.9;-7.5;-7.0;-6.5;-6.0;-5.5;-5.0;-4.5;-4.1;-3.6;-3.2;-2.9;-2.5;-2.2;-1.9;-1.6;-1.4;-1.2;-0.9;-0.7;-0.4;-0.1;0.2;0.7;1.2;1.8;2.6;3.5;4.5;5.8;7.2;8.8;10.6;12.7;15.0;17.7;20.8;24.2;28.2;32.8;38.2;44.5;52.1;61.1;72.3;;;;;;;;;;;;;;;;;;;;;;;
1.700;;;;;;;;;;;;;;;;;;;;;;;;;;;;;;105.1;89.9;75.9;63.1;51.4;40.9;31.6;23.3;16.0;9.7;4.3;-0.3;-4.1;-7.3;-9.7;-11.7;-13.1;-14.1;-14.8;-15.2;-15.3;-15.2;-14.9;-14.5;-14.1;-13.6;-13.1;-12.6;-12.1;-11.6;-11.2;-10.7;-10.4;-10.0;-9.7;-9.4;-9.1;-8.9;-8.6;-8.3;-8.0;-7.7;-7.4;-7.0;-6.7;-6.3;-5.8;-5.4;-4.9;-4.4;-4.0;-3.5;-3.0;-2.6;-2.1;-1.7;-1.3;-1.0;-0.6;-0.3;-0.1;0.2;0.4;0.7;0.9;1.2;1.5;1.9;2.3;2.9;3.5;4.2;5.1;6.1;7.3;8.7;10.2;11.9;13.9;16.1;18.5;21.3;24.5;28.1;32.3;37.2;42.9;49.8;57.9;68.1;80.4;;;;;;;;;;;;;;;;;;;;;;
1.600;;;;;;;;;;;;;;;;;;;;;;;;;;;;;;97.6;83.1;69.7;57.6;46.6;36.7;28.0;20.2;13.5;7.6;2.7;-1.4;-4.8;-7.6;-9.7;-11.3;-12.5;-13.2;-13.7;-13.8;-13.7;-13.5;-13.1;-12.6;-12.1;-11.5;-11.0;-10.4;-9.9;-9.4;-9.0;-8.6;-8.2;-7.9;-7.7;-7.4;-7.2;-7.0;-6.7;-6.5;-6.3;-6.0;-5.7;-5.4;-5.1;-4.7;-4.3;-3.9;-3.5;-3.0;-2.5;-2.1;-1.6;-1.1;-0.7;-0.3;0.1;0.5;0.8;1.1;1.4;1.7;1.9;2.2;2.5;2.7;3.1;3.5;3.9;4.4;5.1;5.8;6.7;7.7;8.8;10.1;11.6;13.3;15.1;17.2;19.5;22.1;25.0;28.4;32.2;36.6;41.8;48.1;55.5;64.8;76.0;;;;;;;;;;;;;;;;;;;;;;
1.500;;;;;;;;;;;;;;;;;;;;;;;;;;;;;105.7;90.6;76.7;64.0;52.5;42.2;32.9;24.7;17.5;11.3;5.9;1.4;-2.3;-5.3;-7.7;-9.5;-10.8;-11.7;-12.2;-12.4;-12.4;-12.1;-11.7;-11.3;-10.7;-10.1;-9.5;-8.9;-8.3;-7.8;-7.3;-6.9;-6.5;-6.2;-6.0;-5.7;-5.5;-5.4;-5.2;-5.0;-4.9;-4.7;-4.5;-4.2;-3.9;-3.6;-3.3;-2.9;-2.5;-2.1;-1.7;-1.2;-0.7;-0.3;0.2;0.6;1.0;1.4;1.8;2.2;2.5;2.8;3.1;3.3;3.6;3.9;4.2;4.5;4.9;5.4;6.0;6.6;7.3;8.2;9.2;10.3;11.6;13.0;14.6;16.4;18.4;20.6;23.0;25.7;28.8;32.3;36.3;41.1;46.8;53.6;62.1;72.4;85.5;;;;;;;;;;;;;;;;;;;;;
1.400;;;;;;;;;;;;;;;;;;;;;;;;;;;;;98.5;84.1;70.9;58.9;48.0;38.2;29.5;21.8;15.1;9.4;4.5;0.5;-2.9;-5.5;-7.6;-9.1;-10.1;-10.8;-11.1;-11.1;-10.9;-10.5;-10.0;-9.4;-8.8;-8.2;-7.5;-6.9;-6.3;-5.8;-5.4;-5.0;-4.7;-4.4;-4.2;-4.0;-3.8;-3.7;-3.6;-3.5;-3.4;-3.2;-3.1;-2.8;-2.6;-2.3;-2.0;-1.7;-1.3;-0.9;-0.4;0.0;0.5;1.0;1.4;1.9;2.3;2.7;3.1;3.4;3.8;4.1;4.4;4.6;4.9;5.2;5.5;5.9;6.3;6.8;7.4;8.0;8.8;9.6;10.6;11.7;13.0;14.4;16.0;17.7;19.6;21.7;24.0;26.5;29.4;32.6;36.4;40.7;45.9;52.2;60.0;69.4;81.5;;;;;;;;;;;;;;;;;;;;;
1.300;;;;;;;;;;;;;;;;;;;;;;;;;;;;106.8;91.9;78.1;65.5;54.1;43.8;34.6;26.4;19.3;13.1;7.8;3.3;-0.3;-3.3;-5.6;-7.3;-8.6;-9.4;-9.8;-9.9;-9.8;-9.4;-8.9;-8.3;-7.7;-7.0;-6.3;-5.7;-5.0;-4.5;-4.0;-3.6;-3.2;-2.9;-2.7;-2.5;-2.4;-2.3;-2.2;-2.2;-2.1;-2.0;-1.9;-1.8;-1.6;-1.4;-1.1;-0.8;-0.5;-0.1;0.3;0.7;1.2;1.6;2.1;2.6;3.0;3.5;3.9;4.3;4.6;5.0;5.3;5.6;5.9;6.2;6.5;6.8;7.2;7.6;8.1;8.7;9.3;10.1;11.0;12.0;13.1;14.4;15.8;17.3;19.0;20.8;22.8;25.0;27.4;30.1;33.1;36.6;40.6;45.4;51.1;58.3;67.0;78.2;;;;;;;;;;;;;;;;;;;;;
1.200;;;;;;;;;;;;;;;;;;;;;;;;;;;;100.1;85.8;72.6;60.6;49.8;40.0;31.4;23.7;17.1;11.3;6.5;2.4;-0.9;-3.5;-5.5;-7.0;-7.9;-8.5;-8.8;-8.7;-8.4;-8.0;-7.4;-6.7;-6.0;-5.3;-4.6;-3.9;-3.3;-2.8;-2.3;-1.9;-1.6;-1.4;-1.2;-1.1;-1.0;-1.0;-0.9;-0.9;-0.9;-0.8;-0.8;-0.7;-0.5;-0.3;-0.1;0.2;0.5;0.9;1.3;1.8;2.2;2.7;3.2;3.6;4.1;4.5;5.0;5.4;5.7;6.1;6.4;6.7;7.0;7.3;7.7;8.0;8.4;8.8;9.3;9.9;10.6;11.3;12.2;13.2;14.4;15.6;17.0;18.5;20.2;22.0;23.9;26.1;28.3;30.9;33.7;37.0;40.7;45.1;50.4;57.1;65.2;75.6;88.7;;;;;;;;;;;;;;;;;;;;
1.100;;;;;;;;;;;;;;;;;;;;;;;;;;;109.0;93.9;80.2;67.6;56.2;45.9;36.7;28.5;21.3;15.1;9.8;5.4;1.7;-1.2;-3.6;-5.3;-6.5;-7.3;-7.7;-7.7;-7.5;-7.1;-6.6;-5.9;-5.2;-4.4;-3.7;-3.0;-2.3;-1.7;-1.2;-0.8;-0.5;-0.2;-0.0;0.1;0.2;0.2;0.2;0.2;0.2;0.2;0.2;0.2;0.3;0.5;0.6;0.9;1.2;1.5;1.9;2.3;2.7;3.2;3.7;4.2;4.7;5.1;5.6;6.0;6.4;6.8;7.2;7.5;7.8;8.1;8.4;8.8;9.1;9.5;9.9;10.4;11.0;11.7;12.5;13.4;14.4;15.6;16.8;18.2;19.7;21.4;23.2;25.1;27.1;29.3;31.7;34.4;37.5;40.9;45.1;50.0;56.2;63.7;73.4;85.7;;;;;;;;;;;;;;;;;;;;
1.000;;;;;;;;;;;;;;;;;;;;;;;;;;;102.8;88.3;75.1;63.1;52.2;42.4;33.7;26.0;19.3;13.5;8.6;4.5;1.1;-1.5;-3.5;-5.0;-6.0;-6.5;-6.8;-6.7;-6.4;-5.9;-5.3;-4.5;-3.8;-3.0;-2.3;-1.6;-0.9;-0.4;0.1;0.5;0.8;1.0;1.2;1.2;1.3;1.2;1.2;1.2;1.1;1.1;1.1;1.1;1.2;1.3;1.5;1.7;2.0;2.4;2.7;3.2;3.6;4.1;4.6;5.1;5.6;6.1;6.6;7.0;7.4;7.8;8.2;8.5;8.9;9.2;9.5;9.8;10.1;10.5;11.0;11.5;12.1;12.8;13.6;14.5;15.5;16.7;17.9;19.3;20.9;22.5;24.3;26.1;28.2;30.3;32.6;35.2;38.1;41.4;45.3;49.8;55.6;62.7;71.8;83.2;;;;;;;;;;;;;;;;;;;;
0.900;;;;;;;;;;;;;;;;;;;;;;;;;;;97.2;83.2;70.6;59.0;48.6;39.3;31.0;23.8;17.5;12.1;7.5;3.8;0.8;-1.6;-3.4;-4.6;-5.4;-5.8;-5.9;-5.7;-5.3;-4.7;-4.0;-3.3;-2.5;-1.7;-1.0;-0.3;0.3;0.8;1.3;1.6;1.9;2.1;2.1;2.2;2.2;2.1;2.0;2.0;1.9;1.8;1.8;1.8;1.9;2.0;2.2;2.5;2.8;3.1;3.5;4.0;4.5;5.0;5.5;6.0;6.5;7.0;7.5;8.0;8.4;8.8;9.2;9.5;9.8;10.1;10.4;10.8;11.1;11.5;11.9;12.4;13.0;13.7;14.5;15.5;16.5;17.7;19.0;20.4;21.9;23.6;25.3;27.2;29.2;31.3;33.6;36.0;38.8;41.9;45.5;49.9;55.3;61.9;70.4;81.3;95.4;;;;;;;;;;;;;;;;;;;
0.800;;;;;;;;;;;;;;;;;;;;;;;;;;107.0;92.2;78.7;66.5;55.4;45.5;36.6;28.8;21.9;16.0;11.0;6.7;3.3;0.5;-1.6;-3.2;-4.2;-4.8;-5.1;-5.1;-4.8;-4.3;-3.6;-2.9;-2.1;-1.4;-0.6;0.1;0.8;1.4;1.9;2.3;2.6;2.8;2.9;2.9;2.9;2.9;2.8;2.7;2.6;2.5;2.4;2.4;2.4;2.5;2.7;2.9;3.1;3.4;3.8;4.3;4.7;5.2;5.8;6.3;6.9;7.4;7.9;8.4;8.9;9.3;9.7;10.1;10.4;10.7;11.0;11.3;11.7;12.0;12.4;12.8;13.3;13.9;14.6;15.4;16.3;17.4;18.6;19.9;21.3;22.9;24.6;26.3;28.2;30.2;32.2;34.5;36.9;39.5;42.5;46.0;50.1;55.2;61.4;69.5;79.7;93.2;;;;;;;;;;;;;;;;;;;
0.700;;;;;;;;;;;;;;;;;;;;;;;;;;102.1;87.8;74.7;62.9;52.2;42.7;34.2;26.8;20.3;14.7;10.0;6.1;2.9;0.4;-1.5;-2.9;-3.7;-4.2;-4.4;-4.2;-3.9;-3.3;-2.7;-1.9;-1.1;-0.4;0.4;1.1;1.7;2.3;2.7;3.0;3.3;3.5;3.5;3.6;3.5;3.4;3.3;3.2;3.1;3.0;2.9;2.9;2.9;3.0;3.2;3.4;3.7;4.1;4.5;4.9;5.4;6.0;6.5;7.1;7.7;8.2;8.8;9.3;9.8;10.2;10.6;11.0;11.3;11.6;11.9;12.2;12.5;12.8;13.2;13.6;14.1;14.7;15.4;16.2;17.2;18.2;19.4;20.7;22.2;23.8;25.5;27.3;29.1;31.1;33.2;35.4;37.7;40.3;43.1;46.5;50.4;55.2;61.2;68.8;78.6;91.4;;;;;;;;;;;;;;;;;;;
0.600;;;;;;;;;;;;;;;;;;;;;;;;;;97.9;83.9;71.2;59.8;49.5;40.4;32.2;25.1;19.0;13.7;9.3;5.6;2.7;0.4;-1.3;-2.5;-3.3;-3.7;-3.7;-3.5;-3.1;-2.5;-1.8;-1.0;-0.3;0.5;1.2;1.9;2.5;3.0;3.4;3.7;3.9;4.0;4.0;4.0;3.9;3.8;3.7;3.6;3.4;3.3;3.3;3.3;3.3;3.4;3.6;3.9;4.2;4.6;5.0;5.5;6.1;6.7;7.3;7.9;8.4;9.0;9.6;10.1;10.6;11.0;11.4;11.8;12.1;12.4;12.7;13.0;13.3;13.6;13.9;14.4;14.8;15.4;16.1;16.9;17.9;18.9;20.2;21.5;23.0;24.6;26.3;28.1;30.0;32.0;34.1;36.3;38.6;41.1;43.9;47.1;50.8;55.4;61.1;68.4;77.7;90.0;106.0;;;;;;;;;;;;;;;;;;
0.500;;;;;;;;;;;;;;;;;;;;;;;;;;94.2;80.6;68.2;57.1;47.2;38.4;30.6;23.8;18.0;13.0;8.8;5.3;2.6;0.5;-1.1;-2.2;-2.8;-3.1;-3.0;-2.8;-2.3;-1.7;-1.0;-0.3;0.5;1.2;1.9;2.5;3.1;3.5;3.9;4.1;4.3;4.3;4.4;4.3;4.2;4.1;3.9;3.8;3.7;3.6;3.5;3.5;3.6;3.8;4.0;4.3;4.6;5.1;5.6;6.1;6.7;7.3;7.9;8.6;9.2;9.8;10.4;10.9;11.4;11.8;12.2;12.6;12.9;13.2;13.5;13.7;14.0;14.3;14.6;15.0;15.5;16.1;16.7;17.5;18.5;19.6;20.8;22.2;23.7;25.3;27.1;28.9;30.8;32.8;34.9;37.1;39.4;41.9;44.6;47.7;51.3;55.8;61.2;68.3;77.2;89.0;104.4;;;;;;;;;;;;;;;;;;
0.400;;;;;;;;;;;;;;;;;;;;;;;;;;91.1;77.8;65.7;54.9;45.3;36.8;29.3;22.7;17.1;12.4;8.4;5.2;2.6;0.6;-0.8;-1.7;-2.3;-2.5;-2.4;-2.1;-1.6;-1.0;-0.4;0.4;1.1;1.8;2.4;3.0;3.5;3.9;4.2;4.4;4.5;4.6;4.5;4.5;4.3;4.2;4.0;3.9;3.8;3.7;3.7;3.7;3.8;4.0;4.3;4.6;5.0;5.5;6.0;6.6;7.3;7.9;8.6;9.2;9.9;10.5;11.1;11.6;12.1;12.6;13.0;13.3;13.6;13.9;14.1;14.4;14.6;14.9;15.2;15.6;16.0;16.6;17.3;18.1;19.0;20.1;21.4;22.8;24.3;26.0;27.7;29.6;31.6;33.6;35.7;37.9;40.2;42.7;45.4;48.4;51.9;56.2;61.5;68.3;76.9;88.3;103.2;;;;;;;;;;;;;;;;;;
0.300;;;;;;;;;;;;;;;;;;;;;;;;;103.2;88.5;75.5;63.6;53.1;43.7;35.5;28.2;22.0;16.6;12.0;8.3;5.2;2.8;0.9;-0.4;-1.3;-1.8;-1.9;-1.8;-1.5;-1.0;-0.4;0.2;0.9;1.6;2.2;2.8;3.4;3.8;4.1;4.4;4.6;4.6;4.6;4.6;4.5;4.3;4.2;4.0;3.9;3.8;3.7;3.8;3.8;4.0;4.2;4.5;4.9;5.4;5.9;6.5;7.1;7.8;8.5;9.2;9.9;10.5;11.2;11.8;12.3;12.8;13.3;13.7;14.0;14.3;14.5;14.8;15.0;15.2;15.4;15.7;16.1;16.5;17.1;17.7;18.5;19.5;20.6;21.9;23.3;24.8;26.5;28.3;30.3;32.3;34.3;36.5;38.7;41.0;43.5;46.1;49.1;52.6;56.8;61.9;68.5;76.9;87.9;102.4;;;;;;;;;;;;;;;;;;
0.200;;;;;;;;;;;;;;;;;;;;;;;;;101.0;86.5;73.6;62.0;51.7;42.6;34.5;27.5;21.4;16.2;11.8;8.2;5.3;3.0;1.2;0.0;-0.8;-1.3;-1.4;-1.3;-1.0;-0.5;0.1;0.7;1.3;2.0;2.6;3.1;3.6;4.0;4.3;4.5;4.6;4.6;4.6;4.5;4.4;4.2;4.1;3.9;3.8;3.7;3.7;3.8;3.9;4.1;4.3;4.7;5.1;5.6;6.2;6.9;7.5;8.2;9.0;9.7;10.4;11.1;11.8;12.4;13.0;13.5;13.9;14.3;14.6;14.9;15.1;15.3;15.5;15.7;15.9;16.2;16.5;16.9;17.4;18.1;18.9;19.9;21.0;22.3;23.7;25.3;27.0;28.9;30.8;32.9;35.0;37.2;39.4;41.8;44.3;46.9;49.9;53.3;57.4;62.4;68.8;77.0;87.8;101.9;;;;;;;;;;;;;;;;;;
0.100;;;;;;;;;;;;;;;;;;;;;;;;;99.4;85.0;72.3;60.8;50.7;41.8;33.9;27.1;21.1;16.1;11.9;8.4;5.5;3.3;1.6;0.5;-0.3;-0.7;-0.9;-0.7;-0.5;-0.0;0.5;1.1;1.7;2.3;2.8;3.3;3.7;4.0;4.3;4.4;4.5;4.5;4.5;4.4;4.2;4.1;3.9;3.8;3.7;3.6;3.6;3.7;3.9;4.1;4.4;4.8;5.3;5.9;6.5;7.2;7.9;8.7;9.4;10.2;11.0;11.7;12.4;13.0;13.6;14.1;14.5;14.9;15.2;15.4;15.6;15.8;15.9;16.1;16.3;16.5;16.8;17.2;17.7;18.4;19.2;20.1;21.3;22.6;24.0;25.6;27.4;29.3;31.3;33.4;35.6;37.8;40.1;42.5;45.0;47.7;50.6;54.0;58.1;63.0;69.3;77.3;87.9;101.8;;;;;;;;;;;;;;;;;;
0.000;;;;;;;;;;;;;;;;;;;;;;;;;98.2;83.9;71.3;60.0;50.1;41.3;33.6;26.9;21.1;16.2;12.0;8.6;5.9;3.8;2.1;1.0;0.2;-0.2;-0.4;-0.2;0.0;0.4;0.9;1.4;2.0;2.5;3.0;3.4;3.8;4.0;4.2;4.3;4.4;4.3;4.2;4.1;4.0;3.8;3.7;3.5;3.5;3.4;3.5;3.6;3.8;4.1;4.4;4.9;5.4;6.1;6.7;7.5;8.2;9.0;9.8;10.6;11.4;12.2;12.9;13.5;14.1;14.6;15.0;15.3;15.6;15.8;16.0;16.1;16.3;16.4;16.5;16.8;17.0;17.4;17.9;18.6;19.4;20.3;21.5;22.8;24.3;25.9;27.7;29.7;31.7;33.9;36.1;38.4;40.8;43.2;45.7;48.4;51.4;54.7;58.8;63.6;69.9;77.8;88.2;101.9;;;;;;;;;;;;;;;;;;
-0.100;;;;;;;;;;;;;;;;;;;;;;;;;97.6;83.3;70.9;59.7;49.8;41.1;33.5;26.9;21.3;16.4;12.4;9.1;6.4;4.3;2.6;1.5;0.7;0.3;0.2;0.2;0.5;0.8;1.2;1.7;2.2;2.6;3.1;3.4;3.7;3.9;4.1;4.1;4.1;4.1;4.0;3.8;3.7;3.5;3.4;3.3;3.2;3.2;3.3;3.4;3.7;4.0;4.4;4.9;5.5;6.2;6.9;7.7;8.5;9.3;10.2;11.0;11.8;12.6;13.3;13.9;14.5;15.0;15.4;15.7;15.9;16.1;16.3;16.4;16.5;16.6;16.7;16.9;17.2;17.5;18.0;18.6;19.4;20.4;21.6;22.9;24.4;26.1;28.0;30.0;32.1;34.3;36.6;38.9;41.3;43.8;46.4;49.1;52.1;55.5;59.5;64.4;70.6;78.4;88.8;102.4;120.5;;;;;;;;;;;;;;;;;
-0.200;;;;;;;;;;;;;;;;;;;;;;;;;97.4;83.2;70.8;59.6;49.9;41.2;33.7;27.2;21.6;16.9;12.9;9.6;6.9;4.8;3.2;2.1;1.3;0.9;0.7;0.7;0.9;1.2;1.5;1.9;2.3;2.7;3.1;3.4;3.6;3.8;3.9;3.9;3.9;3.8;3.6;3.5;3.3;3.2;3.0;3.0;2.9;3.0;3.1;3.3;3.5;3.9;4.4;4.9;5.6;6.3;7.1;7.9;8.7;9.6;10.5;11.3;12.1;12.9;13.6;14.2;14.8;15.3;15.6;16.0;16.2;16.4;16.5;16.5;16.6;16.7;16.8;16.9;17.2;17.5;18.0;18.6;19.4;20.4;21.6;22.9;24.5;26.2;28.1;30.2;32.3;34.6;36.9;39.4;41.8;44.4;47.0;49.8;52.8;56.2;60.3;65.1;71.3;79.2;89.5;103.1;121.1;;;;;;;;;;;;;;;;;
-0.300;;;;;;;;;;;;;;;;;;;;;;;;;97.7;83.5;71.1;60.0;50.3;41.7;34.2;27.7;22.2;17.5;13.5;10.2;7.6;5.5;3.9;2.7;1.9;1.4;1.2;1.1;1.3;1.5;1.8;2.1;2.5;2.8;3.1;3.3;3.5;3.6;3.6;3.6;3.5;3.4;3.3;3.1;2.9;2.8;2.7;2.6;2.6;2.7;2.8;3.0;3.4;3.8;4.3;4.9;5.6;6.3;7.1;8.0;8.9;9.7;10.6;11.5;12.3;13.1;13.8;14.4;15.0;15.4;15.8;16.1;16.3;16.4;16.5;16.6;16.6;16.6;16.7;16.9;17.1;17.4;17.9;18.5;19.3;20.3;21.5;22.9;24.5;26.2;28.2;30.3;32.5;34.8;37.3;39.7;42.3;44.9;47.5;50.4;53.5;56.9;61.0;65.9;72.2;80.1;90.4;104.0;122.1;;;;;;;;;;;;;;;;;
-0.400;;;;;;;;;;;;;;;;;;;;;;;;;98.4;84.2;71.7;60.6;50.9;42.3;34.9;28.5;22.9;18.2;14.3;11.0;8.3;6.2;4.6;3.4;2.5;2.0;1.7;1.6;1.6;1.8;2.0;2.3;2.5;2.8;3.0;3.2;3.3;3.4;3.4;3.3;3.2;3.0;2.9;2.7;2.5;2.4;2.3;2.2;2.3;2.3;2.5;2.8;3.1;3.6;4.1;4.8;5.5;6.3;7.1;8.0;8.9;9.8;10.7;11.6;12.4;13.2;13.9;14.5;15.1;15.5;15.9;16.1;16.3;16.4;16.5;16.5;16.5;16.5;16.6;16.7;16.9;17.2;17.7;18.3;19.1;20.1;21.3;22.8;24.4;26.2;28.2;30.3;32.6;35.0;37.5;40.0;42.6;45.3;48.0;50.9;54.1;57.6;61.8;66.8;73.1;81.0;91.5;105.2;123.4;;;;;;;;;;;;;;;;;
-0.500;;;;;;;;;;;;;;;;;;;;;;;;;99.6;85.2;72.7;61.6;51.9;43.3;35.9;29.4;23.8;19.1;15.1;11.9;9.2;7.0;5.3;4.1;3.2;2.6;2.2;2.0;2.0;2.1;2.2;2.4;2.6;2.8;2.9;3.1;3.1;3.1;3.1;3.0;2.8;2.7;2.5;2.3;2.1;2.0;1.9;1.9;1.9;2.0;2.2;2.5;2.9;3.4;4.0;4.6;5.4;6.2;7.1;8.0;8.9;9.8;10.7;11.6;12.4;13.2;13.9;14.5;15.0;15.4;15.8;16.0;16.1;16.2;16.3;16.2;16.2;16.2;16.3;16.4;16.6;16.9;17.4;18.0;18.8;19.8;21.1;22.5;24.2;26.0;28.1;30.3;32.6;35.1;37.6;40.2;42.9;45.6;48.5;51.4;54.7;58.3;62.5;67.6;74.0;82.1;92.7;106.6;125.1;;;;;;;;;;;;;;;;;
-0.600;;;;;;;;;;;;;;;;;;;;;;;;;101.1;86.6;74.0;62.8;53.1;44.4;37.0;30.5;24.9;20.1;16.1;12.8;10.0;7.9;6.1;4.8;3.8;3.2;2.7;2.5;2.4;2.4;2.4;2.5;2.7;2.8;2.9;2.9;2.9;2.9;2.8;2.6;2.5;2.3;2.1;1.9;1.7;1.6;1.5;1.5;1.5;1.7;1.9;2.2;2.6;3.1;3.7;4.4;5.2;6.0;6.9;7.8;8.8;9.7;10.6;11.5;12.3;13.1;13.7;14.3;14.8;15.2;15.5;15.7;15.9;15.9;15.9;15.9;15.8;15.8;15.8;15.9;16.1;16.5;16.9;17.6;18.4;19.5;20.7;22.2;23.9;25.8;27.9;30.2;32.6;35.1;37.7;40.4;43.1;45.9;48.8;51.9;55.2;58.9;63.2;68.4;75.0;83.2;94.1;108.2;127.1;;;;;;;;;;;;;;;;;
-0.700;;;;;;;;;;;;;;;;;;;;;;;;;103.0;88.4;75.7;64.3;54.5;45.8;38.3;31.7;26.1;21.3;17.2;13.8;11.0;8.8;6.9;5.6;4.5;3.8;3.2;2.9;2.7;2.6;2.6;2.7;2.7;2.8;2.8;2.8;2.7;2.6;2.5;2.3;2.1;1.9;1.7;1.5;1.3;1.2;1.1;1.1;1.1;1.3;1.5;1.9;2.3;2.8;3.4;4.2;4.9;5.8;6.7;7.6;8.5;9.5;10.4;11.2;12.0;12.8;13.4;14.0;14.5;14.9;15.1;15.3;15.4;15.4;15.4;15.4;15.3;15.3;15.3;15.4;15.6;15.9;16.4;17.1;17.9;19.0;20.3;21.8;23.6;25.5;27.6;29.9;32.4;35.0;37.6;40.4;43.2;46.1;49.1;52.2;55.6;59.4;63.9;69.2;76.0;84.5;95.6;110.1;129.4;;;;;;;;;;;;;;;;;
-0.800;;;;;;;;;;;;;;;;;;;;;;;;;105.3;90.4;77.6;66.1;56.2;47.4;39.8;33.1;27.4;22.5;18.4;14.9;12.0;9.7;7.8;6.3;5.2;4.4;3.7;3.3;3.1;2.9;2.8;2.8;2.7;2.7;2.7;2.6;2.5;2.3;2.2;2.0;1.7;1.5;1.3;1.1;0.9;0.7;0.7;0.7;0.7;0.9;1.1;1.5;1.9;2.5;3.1;3.8;4.6;5.5;6.3;7.3;8.2;9.1;10.0;10.9;11.6;12.4;13.0;13.5;14.0;14.3;14.6;14.7;14.8;14.8;14.8;14.7;14.7;14.6;14.6;14.7;14.9;15.3;15.8;16.5;17.3;18.5;19.8;21.3;23.1;25.1;27.3;29.7;32.2;34.8;37.5;40.3;43.2;46.1;49.2;52.4;56.0;59.9;64.5;70.0;77.0;85.8;97.2;112.2;;;;;;;;;;;;;;;;;;
-0.900;;;;;;;;;;;;;;;;;;;;;;;;;107.8;92.8;79.7;68.1;58.0;49.1;41.4;34.7;28.9;23.9;19.6;16.1;13.1;10.7;8.7;7.1;5.9;5.0;4.3;3.8;3.4;3.2;3.0;2.9;2.8;2.7;2.6;2.4;2.3;2.1;1.9;1.6;1.4;1.1;0.9;0.7;0.5;0.3;0.2;0.2;0.3;0.5;0.7;1.1;1.5;2.1;2.7;3.4;4.2;5.0;5.9;6.8;7.7;8.6;9.5;10.3;11.1;11.8;12.4;12.9;13.3;13.7;13.9;14.0;14.1;14.1;14.0;14.0;13.9;13.8;13.9;14.0;14.2;14.5;15.0;15.8;16.7;17.8;19.2;20.8;22.6;24.6;26.9;29.3;31.8;34.5;37.3;40.1;43.1;46.1;49.2;52.6;56.2;60.3;65.1;70.8;78.1;87.1;99.0;114.6;;;;;;;;;;;;;;;;;;
-1.000;;;;;;;;;;;;;;;;;;;;;;;;;110.8;95.4;82.2;70.4;60.1;51.1;43.2;36.3;30.4;25.3;21.0;17.3;14.2;11.7;9.6;7.9;6.6;5.6;4.8;4.2;3.7;3.4;3.2;3.0;2.8;2.6;2.5;2.3;2.1;1.8;1.6;1.3;1.0;0.8;0.5;0.3;0.1;-0.1;-0.2;-0.2;-0.1;0.0;0.3;0.6;1.1;1.6;2.2;2.9;3.7;4.5;5.4;6.3;7.2;8.0;8.9;9.7;10.4;11.1;11.7;12.2;12.5;12.8;13.0;13.2;13.2;13.2;13.1;13.0;13.0;12.9;13.0;13.1;13.3;13.7;14.2;15.0;15.9;17.1;18.5;20.1;22.0;24.1;26.3;28.8;31.4;34.1;36.9;39.8;42.8;45.9;49.1;52.6;56.3;60.6;65.6;71.5;79.1;88.6;101.0;117.2;;;;;;;;;;;;;;;;;;
-1.100;;;;;;;;;;;;;;;;;;;;;;;;;114.0;98.4;84.9;72.8;62.4;53.2;45.1;38.1;32.0;26.8;22.3;18.5;15.3;12.7;10.5;8.7;7.3;6.2;5.3;4.6;4.0;3.6;3.3;3.0;2.8;2.6;2.3;2.1;1.9;1.6;1.3;1.0;0.7;0.4;0.1;-0.2;-0.4;-0.5;-0.6;-0.7;-0.6;-0.4;-0.2;0.1;0.6;1.1;1.7;2.4;3.1;3.9;4.7;5.6;6.5;7.3;8.1;8.9;9.6;10.2;10.8;11.2;11.6;11.9;12.1;12.2;12.2;12.2;12.1;12.0;12.0;11.9;12.0;12.1;12.4;12.8;13.3;14.1;15.1;16.3;17.7;19.4;21.3;23.4;25.7;28.2;30.8;33.6;36.5;39.4;42.5;45.6;48.9;52.4;56.4;60.7;66.0;72.3;80.2;90.1;103.2;120.1;;;;;;;;;;;;;;;;;;
-1.200;;;;;;;;;;;;;;;;;;;;;;;;;117.6;101.6;87.8;75.6;64.9;55.4;47.2;40.0;33.8;28.4;23.7;19.8;16.5;13.7;11.4;9.5;7.9;6.7;5.7;4.9;4.3;3.8;3.4;3.1;2.8;2.5;2.2;1.9;1.6;1.3;1.0;0.7;0.3;0.0;-0.3;-0.6;-0.8;-1.0;-1.1;-1.1;-1.1;-1.0;-0.7;-0.4;-0.0;0.5;1.1;1.7;2.4;3.2;4.0;4.8;5.6;6.4;7.2;7.9;8.6;9.2;9.7;10.2;10.5;10.8;10.9;11.0;11.0;11.0;10.9;10.9;10.8;10.8;10.9;11.1;11.3;11.8;12.4;13.2;14.2;15.5;16.9;18.6;20.6;22.7;25.0;27.5;30.2;33.0;35.9;38.8;41.9;45.1;48.5;52.2;56.2;60.8;66.3;72.9;81.3;91.8;105.5;123.5;;;;;;;;;;;;;;;;;;
-1.300;;;;;;;;;;;;;;;;;;;;;;;;;;105.2;91.0;78.5;67.5;57.8;49.4;42.0;35.6;30.0;25.2;21.1;17.6;14.7;12.3;10.3;8.6;7.3;6.2;5.3;4.6;4.0;3.5;3.1;2.7;2.4;2.1;1.7;1.4;1.0;0.7;0.3;-0.0;-0.4;-0.7;-1.0;-1.3;-1.5;-1.6;-1.7;-1.6;-1.5;-1.3;-1.0;-0.7;-0.2;0.4;1.0;1.6;2.4;3.1;3.9;4.7;5.5;6.2;6.9;7.5;8.1;8.6;9.0;9.3;9.5;9.7;9.8;9.8;9.7;9.7;9.6;9.6;9.6;9.7;9.9;10.2;10.7;11.4;12.2;13.3;14.6;16.1;17.8;19.7;21.9;24.2;26.8;29.4;32.2;35.1;38.2;41.3;44.6;48.0;51.8;56.0;60.8;66.6;73.6;82.4;93.6;108.2;127.2;;;;;;;;;;;;;;;;;;
-1.400;;;;;;;;;;;;;;;;;;;;;;;;;;109.0;94.5;81.6;70.4;60.4;51.7;44.1;37.5;31.7;26.7;22.5;18.8;15.7;13.1;11.0;9.2;7.8;6.5;5.6;4.8;4.1;3.5;3.1;2.6;2.2;1.9;1.5;1.1;0.7;0.3;-0.1;-0.4;-0.8;-1.2;-1.5;-1.8;-2.0;-2.1;-2.2;-2.2;-2.1;-2.0;-1.7;-1.4;-1.0;-0.4;0.1;0.8;1.4;2.2;2.9;3.6;4.3;5.0;5.7;6.3;6.8;7.3;7.6;7.9;8.2;8.3;8.4;8.4;8.4;8.4;8.3;8.3;8.4;8.5;8.7;9.1;9.6;10.3;11.2;12.3;13.6;15.1;16.9;18.8;21.0;23.4;25.9;28.5;31.3;34.3;37.3;40.5;43.8;47.4;51.2;55.6;60.7;66.8;74.2;83.6;95.5;111.1;131.4;;;;;;;;;;;;;;;;;;
-1.500;;;;;;;;;;;;;;;;;;;;;;;;;;113.2;98.3;85.0;73.4;63.2;54.2;46.3;39.4;33.4;28.3;23.8;20.0;16.8;14.0;11.7;9.8;8.2;6.9;5.8;4.9;4.2;3.5;3.0;2.5;2.0;1.6;1.2;0.8;0.4;-0.1;-0.5;-0.9;-1.3;-1.6;-2.0;-2.3;-2.5;-2.7;-2.8;-2.9;-2.8;-2.7;-2.5;-2.2;-1.8;-1.3;-0.8;-0.2;0.4;1.1;1.8;2.4;3.1;3.8;4.4;4.9;5.4;5.8;6.2;6.5;6.7;6.8;6.9;7.0;7.0;7.0;7.0;7.0;7.1;7.3;7.5;7.9;8.5;9.2;10.1;11.2;12.6;14.1;15.9;17.9;20.0;22.4;24.9;27.6;30.3;33.3;36.3;39.5;42.9;46.5;50.5;55.2;60.5;67.0;74.9;85.0;97.7;114.4;;;;;;;;;;;;;;;;;;;
-1.600;;;;;;;;;;;;;;;;;;;;;;;;;;117.8;102.4;88.7;76.7;66.1;56.8;48.7;41.5;35.3;29.8;25.2;21.2;17.7;14.8;12.4;10.3;8.6;7.2;6.0;5.0;4.2;3.5;2.8;2.3;1.8;1.3;0.8;0.4;-0.1;-0.5;-0.9;-1.4;-1.8;-2.2;-2.6;-2.9;-3.2;-3.4;-3.5;-3.6;-3.6;-3.5;-3.3;-3.1;-2.7;-2.3;-1.8;-1.3;-0.7;-0.1;0.5;1.1;1.8;2.4;2.9;3.5;3.9;4.3;4.7;4.9;5.2;5.3;5.4;5.5;5.5;5.5;5.5;5.6;5.7;6.0;6.3;6.7;7.3;8.1;9.0;10.2;11.5;13.1;14.9;16.8;19.0;21.3;23.8;26.4;29.2;32.1;35.1;38.3;41.8;45.5;49.7;54.6;60.2;67.1;75.6;86.4;100.2;118.2;;;;;;;;;;;;;;;;;;;
-1.700;;;;;;;;;;;;;;;;;;;;;;;;;;;106.8;92.7;80.3;69.3;59.6;51.1;43.7;37.2;31.5;26.6;22.3;18.7;15.6;13.0;10.8;9.0;7.4;6.1;5.0;4.1;3.3;2.6;2.0;1.5;0.9;0.4;-0.1;-0.5;-1.0;-1.5;-1.9;-2.4;-2.8;-3.2;-3.5;-3.8;-4.1;-4.3;-4.4;-4.4;-4.3;-4.2;-4.0;-3.7;-3.4;-3.0;-2.5;-2.0;-1.4;-0.8;-0.2;0.3;0.9;1.4;1.9;2.4;2.7;3.1;3.3;3.6;3.7;3.8;3.9;4.0;4.0;4.1;4.2;4.4;4.7;5.0;5.5;6.2;6.9;7.9;9.1;10.5;12.0;13.8;15.7;17.8;20.1;22.6;25.2;27.9;30.8;33.8;37.0;40.5;44.4;48.7;53.8;59.8;67.3;76.4;88.1;103.0;122.6;;;;;;;;;;;;;;;;;;;
-1.800;;;;;;;;;;;;;;;;;;;;;;;;;;;111.7;97.0;84.2;72.7;62.7;53.8;46.0;39.2;33.2;28.0;23.5;19.7;16.4;13.6;11.2;9.3;7.6;6.1;4.9;3.9;3.1;2.3;1.6;1.0;0.5;-0.1;-0.6;-1.1;-1.6;-2.1;-2.6;-3.0;-3.5;-3.9;-4.3;-4.6;-4.9;-5.1;-5.2;-5.3;-5.3;-5.2;-5.1;-4.8;-4.5;-4.2;-3.7;-3.3;-2.8;-2.3;-1.7;-1.2;-0.7;-0.2;0.3;0.7;1.1;1.4;1.7;1.9;2.1;2.2;2.3;2.4;2.5;2.7;2.8;3.1;3.4;3.8;4.3;5.0;5.8;6.8;8.0;9.3;10.9;12.6;14.5;16.6;18.8;21.2;23.8;26.4;29.3;32.3;35.6;39.1;43.1;47.7;53.1;59.5;67.5;77.4;90.1;106.3;;;;;;;;;;;;;;;;;;;;
-1.900;;;;;;;;;;;;;;;;;;;;;;;;;;;117.1;101.8;88.4;76.4;65.9;56.6;48.4;41.3;35.0;29.5;24.8;20.7;17.2;14.2;11.6;9.5;7.6;6.1;4.8;3.7;2.7;1.9;1.2;0.5;-0.1;-0.7;-1.2;-1.8;-2.3;-2.8;-3.3;-3.8;-4.2;-4.7;-5.1;-5.4;-5.7;-6.0;-6.2;-6.3;-6.3;-6.3;-6.2;-6.0;-5.8;-5.5;-5.1;-4.7;-4.2;-3.8;-3.3;-2.8;-2.3;-1.8;-1.4;-1.0;-0.6;-0.3;0.0;0.3;0.5;0.6;0.8;0.9;1.1;1.2;1.5;1.7;2.1;2.5;3.1;3.8;4.7;5.7;6.8;8.2;9.7;11.4;13.3;15.3;17.4;19.8;22.2;24.8;27.6;30.6;33.9;37.6;41.7;46.5;52.2;59.1;67.8;78.6;92.5;110.3;;;;;;;;;;;;;;;;;;;;
-2.000;;;;;;;;;;;;;;;;;;;;;;;;;;;;107.0;93.0;80.5;69.5;59.7;51.1;43.5;36.9;31.1;26.0;21.7;17.9;14.7;12.0;9.7;7.7;6.0;4.6;3.4;2.3;1.4;0.6;-0.1;-0.8;-1.4;-2.0;-2.5;-3.1;-3.6;-4.1;-4.6;-5.1;-5.6;-6.0;-6.4;-6.7;-7.0;-7.2;-7.4;-7.5;-7.5;-7.4;-7.3;-7.1;-6.8;-6.5;-6.2;-5.8;-5.3;-4.9;-4.4;-4.0;-3.5;-3.1;-2.7;-2.3;-2.0;-1.7;-1.4;-1.2;-1.0;-0.8;-0.6;-0.4;-0.1;0.1;0.5;0.9;1.4;2.0;2.7;3.5;4.6;5.7;7.0;8.5;10.1;11.9;13.8;15.9;18.2;20.5;23.1;25.8;28.8;32.2;35.9;40.2;45.3;51.4;58.9;68.4;80.1;95.5;115.1;;;;;;;;;;;;;;;;;;;;
-2.100;;;;;;;;;;;;;;;;;;;;;;;;;;;;112.8;98.1;84.9;73.3;63.0;54.0;46.0;38.9;32.8;27.4;22.8;18.7;15.3;12.3;9.8;7.6;5.8;4.2;2.9;1.8;0.8;-0.1;-0.8;-1.5;-2.2;-2.8;-3.4;-4.0;-4.5;-5.1;-5.6;-6.1;-6.6;-7.0;-7.4;-7.8;-8.1;-8.4;-8.6;-8.7;-8.7;-8.7;-8.6;-8.5;-8.3;-8.0;-7.7;-7.3;-6.9;-6.5;-6.1;-5.7;-5.2;-4.8;-4.4;-4.0;-3.7;-3.3;-3.0;-2.8;-2.5;-2.3;-2.0;-1.7;-1.5;-1.1;-0.8;-0.3;0.2;0.8;1.6;2.4;3.4;4.5;5.8;7.2;8.8;10.5;12.3;14.3;16.4;18.7;21.2;23.9;26.9;30.3;34.1;38.7;44.0;50.7;58.8;69.2;82.2;99.1;;;;;;;;;;;;;;;;;;;;;
-2.200;;;;;;;;;;;;;;;;;;;;;;;;;;;;119.2;103.7;89.9;77.6;66.8;57.1;48.6;41.1;34.6;28.8;23.9;19.5;15.8;12.6;9.9;7.5;5.6;3.9;2.4;1.2;0.1;-0.8;-1.7;-2.4;-3.1;-3.8;-4.4;-5.0;-5.6;-6.1;-6.7;-7.2;-7.7;-8.1;-8.6;-9.0;-9.3;-9.6;-9.8;-10.0;-10.1;-10.1;-10.1;-10.0;-9.8;-9.6;-9.3;-9.0;-8.6;-8.2;-7.8;-7.4;-6.9;-6.5;-6.1;-5.7;-5.3;-5.0;-4.6;-4.3;-4.0;-3.7;-3.4;-3.1;-2.7;-2.4;-1.9;-1.5;-0.9;-0.3;0.5;1.3;2.3;3.4;4.6;5.9;7.4;9.0;10.7;12.6;14.6;16.8;19.2;21.8;24.8;28.3;32.3;37.1;42.9;50.1;59.0;70.5;84.9;103.8;;;;;;;;;;;;;;;;;;;;;
-2.300;;;;;;;;;;;;;;;;;;;;;;;;;;;;;110.0;95.4;82.4;70.9;60.7;51.6;43.6;36.6;30.4;25.1;20.4;16.4;12.9;10.0;7.4;5.3;3.4;1.8;0.5;-0.7;-1.7;-2.6;-3.4;-4.2;-4.9;-5.5;-6.1;-6.7;-7.3;-7.9;-8.4;-8.9;-9.4;-9.8;-10.3;-10.6;-10.9;-11.2;-11.4;-11.5;-11.6;-11.6;-11.5;-11.4;-11.2;-10.9;-10.6;-10.3;-9.9;-9.5;-9.1;-8.6;-8.2;-7.8;-7.3;-6.9;-6.5;-6.1;-5.8;-5.4;-5.0;-4.7;-4.3;-3.9;-3.5;-3.0;-2.5;-2.0;-1.3;-0.6;0.2;1.2;2.2;3.3;4.5;5.9;7.4;9.0;10.7;12.6;14.7;17.0;19.7;22.7;26.2;30.4;35.6;41.8;49.8;59.6;72.4;88.4;;;;;;;;;;;;;;;;;;;;;;
-2.400;;;;;;;;;;;;;;;;;;;;;;;;;;;;;117.1;101.6;87.8;75.5;64.6;54.9;46.4;38.9;32.2;26.5;21.4;17.1;13.3;10.1;7.3;4.9;2.9;1.2;-0.3;-1.6;-2.7;-3.7;-4.6;-5.4;-6.1;-6.8;-7.4;-8.0;-8.6;-9.2;-9.7;-10.2;-10.7;-11.2;-11.6;-12.0;-12.4;-12.6;-12.9;-13.0;-13.1;-13.1;-13.1;-13.0;-12.8;-12.6;-12.3;-12.0;-11.6;-11.2;-10.8;-10.3;-9.9;-9.4;-8.9;-8.5;-8.0;-7.6;-7.2;-6.7;-6.3;-5.9;-5.5;-5.0;-4.6;-4.1;-3.5;-3.0;-2.3;-1.6;-0.8;0.0;1.0;2.0;3.1;4.3;5.7;7.1;8.7;10.5;12.5;14.8;17.4;20.5;24.2;28.7;34.3;41.1;49.9;60.8;75.0;93.1;;;;;;;;;;;;;;;;;;;;;;
-2.500;;;;;;;;;;;;;;;;;;;;;;;;;;;;;;108.6;93.9;80.7;69.1;58.7;49.5;41.4;34.3;28.1;22.6;17.9;13.7;10.2;7.2;4.6;2.4;0.5;-1.2;-2.6;-3.8;-4.9;-5.8;-6.6;-7.4;-8.1;-8.8;-9.4;-10.0;-10.6;-11.2;-11.7;-12.2;-12.7;-13.1;-13.5;-13.9;-14.2;-14.4;-14.6;-14.7;-14.7;-14.7;-14.6;-14.5;-14.2;-14.0;-13.6;-13.3;-12.9;-12.4;-11.9;-11.4;-11.0;-10.4;-9.9;-9.4;-8.9;-8.5;-8.0;-7.5;-7.0;-6.5;-6.0;-5.5;-5.0;-4.5;-3.9;-3.3;-2.6;-1.9;-1.1;-0.3;0.6;1.6;2.7;3.9;5.2;6.7;8.3;10.2;12.5;15.1;18.3;22.3;27.1;33.2;40.7;50.5;62.7;78.8;;;;;;;;;;;;;;;;;;;;;;;
-2.600;;;;;;;;;;;;;;;;;;;;;;;;;;;;;;116.5;100.8;86.7;74.1;63.0;53.1;44.4;36.6;29.9;24.0;18.8;14.3;10.5;7.1;4.3;1.8;-0.3;-2.1;-3.6;-4.9;-6.1;-7.1;-8.0;-8.8;-9.6;-10.3;-10.9;-11.5;-12.1;-12.7;-13.3;-13.8;-14.3;-14.7;-15.1;-15.5;-15.8;-16.0;-16.2;-16.3;-16.4;-16.4;-16.3;-16.1;-15.9;-15.6;-15.3;-14.9;-14.5;-14.0;-13.5;-13.0;-12.4;-11.9;-11.3;-10.8;-10.2;-9.7;-9.1;-8.6;-8.0;-7.5;-7.0;-6.5;-5.9;-5.4;-4.8;-4.2;-3.6;-3.0;-2.3;-1.6;-0.8;0.0;1.0;2.0;3.2;4.5;6.1;7.9;10.2;12.9;16.2;20.5;25.7;32.5;40.9;51.9;65.6;83.9;;;;;;;;;;;;;;;;;;;;;;;
-2.700;;;;;;;;;;;;;;;;;;;;;;;;;;;;;;;108.6;93.5;80.0;68.0;57.3;47.8;39.4;32.1;25.6;20.0;15.1;10.9;7.2;4.1;1.4;-0.9;-2.9;-4.6;-6.1;-7.4;-8.5;-9.4;-10.3;-11.1;-11.8;-12.5;-13.2;-13.8;-14.4;-14.9;-15.4;-15.9;-16.4;-16.8;-17.1;-17.5;-17.7;-17.9;-18.0;-18.1;-18.1;-18.0;-17.8;-17.6;-17.3;-16.9;-16.5;-16.1;-15.6;-15.0;-14.4;-13.8;-13.2;-12.6;-12.0;-11.4;-10.7;-10.1;-9.5;-9.0;-8.4;-7.8;-7.3;-6.8;-6.2;-5.7;-5.2;-4.6;-4.1;-3.5;-2.9;-2.3;-1.6;-0.8;0.1;1.1;2.3;3.8;5.6;7.9;10.8;14.4;19.0;24.8;32.3;41.8;54.3;70.0;;;;;;;;;;;;;;;;;;;;;;;;
-2.800;;;;;;;;;;;;;;;;;;;;;;;;;;;;;;;;101.2;86.6;73.6;62.0;51.8;42.7;34.7;27.6;21.5;16.1;11.5;7.4;4.0;1.0;-1.6;-3.8;-5.6;-7.3;-8.7;-9.9;-10.9;-11.9;-12.7;-13.5;-14.2;-14.9;-15.5;-16.1;-16.6;-17.2;-17.7;-18.1;-18.5;-18.9;-19.2;-19.4;-19.6;-19.7;-19.8;-19.8;-19.6;-19.5;-19.2;-18.9;-18.5;-18.1;-17.6;-17.0;-16.4;-15.8;-15.2;-14.5;-13.8;-13.1;-12.4;-11.8;-11.1;-10.4;-9.8;-9.2;-8.6;-8.1;-7.6;-7.1;-6.6;-6.1;-5.7;-5.2;-4.8;-4.3;-3.8;-3.3;-2.7;-1.9;-1.0;0.1;1.6;3.4;5.8;8.8;12.7;17.8;24.3;32.9;43.6;57.9;76.0;;;;;;;;;;;;;;;;;;;;;;;;
-2.900;;;;;;;;;;;;;;;;;;;;;;;;;;;;;;;;110.2;94.4;80.3;67.6;56.5;46.5;37.8;30.1;23.4;17.5;12.4;7.9;4.1;0.8;-2.1;-4.5;-6.6;-8.4;-9.9;-11.3;-12.4;-13.5;-14.4;-15.2;-16.0;-16.6;-17.3;-17.9;-18.4;-19.0;-19.5;-19.9;-20.3;-20.6;-20.9;-21.2;-21.4;-21.5;-21.5;-21.4;-21.3;-21.1;-20.8;-20.5;-20.1;-19.6;-19.0;-18.4;-17.8;-17.1;-16.4;-15.6;-14.9;-14.1;-13.4;-12.7;-11.9;-11.2;-10.6;-10.0;-9.4;-8.8;-8.3;-7.9;-7.5;-7.1;-6.7;-6.4;-6.1;-5.8;-5.5;-5.1;-4.6;-4.0;-3.1;-2.1;-0.6;1.3;3.8;7.2;11.6;17.4;24.8;34.5;46.9;63.5;;;;;;;;;;;;;;;;;;;;;;;;;
-3.000;;;;;;;;;;;;;;;;;;;;;;;;;;;;;;;;;103.2;87.8;74.1;61.9;51.1;41.5;33.1;25.7;19.2;13.6;8.6;4.4;0.7;-2.4;-5.1;-7.5;-9.4;-11.2;-12.6;-13.9;-15.0;-16.0;-16.9;-17.7;-18.4;-19.1;-19.7;-20.3;-20.8;-21.3;-21.7;-22.1;-22.4;-22.7;-22.9;-23.1;-23.2;-23.2;-23.1;-23.0;-22.7;-22.4;-22.0;-21.6;-21.0;-20.4;-19.8;-19.1;-18.3;-17.5;-16.7;-15.9;-15.1;-14.3;-13.5;-12.7;-12.0;-11.3;-10.7;-10.1;-9.6;-9.1;-8.7;-8.4;-8.1;-7.8;-7.6;-7.5;-7.3;-7.1;-6.8;-6.5;-6.0;-5.2;-4.1;-2.6;-0.6;2.2;6.0;11.0;17.6;26.1;37.4;51.8;;;;;;;;;;;;;;;;;;;;;;;;;;
-3.100;;;;;;;;;;;;;;;;;;;;;;;;;;;;;;;;;;96.7;81.7;68.4;56.5;46.1;36.8;28.6;21.4;15.2;9.8;5.1;1.0;-2.5;-5.5;-8.1;-10.3;-12.3;-13.9;-15.3;-16.6;-17.6;-18.6;-19.4;-20.2;-20.9;-21.5;-22.1;-22.6;-23.1;-23.5;-23.9;-24.2;-24.5;-24.7;-24.8;-24.9;-24.9;-24.8;-24.6;-24.3;-23.9;-23.5;-23.0;-22.4;-21.7;-21.0;-20.2;-19.4;-18.6;-17.7;-16.8;-16.0;-15.1;-14.3;-13.5;-12.7;-12.0;-11.4;-10.8;-10.3;-9.9;-9.5;-9.3;-9.1;-9.0;-8.9;-8.9;-8.8;-8.8;-8.6;-8.4;-7.9;-7.1;-6.0;-4.3;-2.0;1.2;5.6;11.3;19.0;29.0;42.2;59.1;;;;;;;;;;;;;;;;;;;;;;;;;;
-3.200;;;;;;;;;;;;;;;;;;;;;;;;;;;;;;;;;;;90.5;75.9;62.9;51.4;41.1;32.2;24.3;17.4;11.4;6.2;1.6;-2.3;-5.7;-8.6;-11.0;-13.2;-15.0;-16.6;-18.0;-19.2;-20.2;-21.1;-21.9;-22.7;-23.3;-23.9;-24.5;-24.9;-25.4;-25.7;-26.0;-26.3;-26.4;-26.5;-26.6;-26.5;-26.4;-26.1;-25.8;-25.4;-24.9;-24.4;-23.7;-23.0;-22.2;-21.4;-20.5;-19.6;-18.7;-17.7;-16.8;-15.9;-15.0;-14.1;-13.4;-12.7;-12.0;-11.5;-11.0;-10.7;-10.4;-10.3;-10.2;-10.2;-10.2;-10.3;-10.4;-10.4;-10.4;-10.1;-9.7;-8.9;-7.6;-5.7;-3.0;0.8;5.9;12.7;21.7;33.4;49.1;;;;;;;;;;;;;;;;;;;;;;;;;;;
-3.300;;;;;;;;;;;;;;;;;;;;;;;;;;;;;;;;;;;100.8;84.8;70.5;57.8;46.5;36.7;27.9;20.3;13.6;7.8;2.7;-1.6;-5.4;-8.7;-11.4;-13.8;-15.9;-17.7;-19.2;-20.5;-21.7;-22.7;-23.6;-24.3;-25.0;-25.7;-26.2;-26.7;-27.1;-27.5;-27.8;-28.0;-28.1;-28.2;-28.2;-28.1;-27.9;-27.6;-27.3;-26.8;-26.3;-25.6;-24.9;-24.2;-23.3;-22.4;-21.5;-20.5;-19.5;-18.5;-17.6;-16.6;-15.7;-14.8;-14.0;-13.3;-12.7;-12.2;-11.8;-11.5;-11.3;-11.3;-11.3;-11.4;-11.5;-11.7;-11.9;-12.0;-12.0;-11.7;-11.2;-10.2;-8.7;-6.4;-3.1;1.4;7.5;15.6;26.4;40.5;;;;;;;;;;;;;;;;;;;;;;;;;;;;
-3.400;;;;;;;;;;;;;;;;;;;;;;;;;;;;;;;;;;;;95.1;79.3;65.4;52.9;42.0;32.3;23.9;16.4;10.0;4.3;-0.5;-4.7;-8.4;-11.5;-14.2;-16.5;-18.5;-20.2;-21.7;-23.0;-24.1;-25.0;-25.9;-26.6;-27.3;-27.9;-28.4;-28.8;-29.1;-29.4;-29.6;-29.7;-29.8;-29.7;-29.6;-29.4;-29.1;-28.7;-28.1;-27.6;-26.9;-26.1;-25.3;-24.4;-23.4;-22.4;-21.4;-20.4;-19.3;-18.3;-17.3;-16.4;-15.5;-14.7;-14.0;-13.5;-13.0;-12.6;-12.4;-12.3;-12.3;-12.4;-12.6;-12.9;-13.1;-13.3;-13.4;-13.4;-13.1;-12.4;-11.1;-9.2;-6.4;-2.4;3.1;10.5;20.3;33.4;;;;;;;;;;;;;;;;;;;;;;;;;;;;;
-3.500;;;;;;;;;;;;;;;;;;;;;;;;;;;;;;;;;;;;;89.7;74.4;60.6;48.5;37.8;28.4;20.2;13.0;6.7;1.3;-3.5;-7.6;-11.1;-14.1;-16.7;-19.0;-20.9;-22.5;-24.0;-25.2;-26.3;-27.2;-28.0;-28.7;-29.3;-29.9;-30.3;-30.6;-30.9;-31.1;-31.2;-31.2;-31.2;-31.0;-30.8;-30.4;-29.9;-29.4;-28.7;-28.0;-27.2;-26.3;-25.4;-24.4;-23.3;-22.2;-21.2;-20.1;-19.0;-18.0;-17.1;-16.2;-15.4;-14.8;-14.2;-13.8;-13.5;-13.3;-13.3;-13.4;-13.6;-13.8;-14.1;-14.4;-14.6;-14.6;-14.5;-13.9;-13.0;-11.3;-8.8;-5.2;-0.2;6.6;15.7;27.7;;;;;;;;;;;;;;;;;;;;;;;;;;;;;;
-3.600;;;;;;;;;;;;;;;;;;;;;;;;;;;;;;;;;;;;;;84.8;69.6;56.3;44.4;34.0;24.8;16.8;9.8;3.7;-1.6;-6.2;-10.1;-13.5;-16.5;-19.0;-21.2;-23.1;-24.7;-26.1;-27.2;-28.3;-29.2;-29.9;-30.6;-31.2;-31.6;-32.0;-32.3;-32.5;-32.6;-32.6;-32.5;-32.3;-32.0;-31.6;-31.1;-30.5;-29.9;-29.1;-28.2;-27.3;-26.3;-25.2;-24.2;-23.1;-21.9;-20.8;-19.8;-18.8;-17.8;-16.9;-16.2;-15.5;-15.0;-14.6;-14.4;-14.3;-14.3;-14.4;-14.6;-14.9;-15.2;-15.4;-15.6;-15.5;-15.1;-14.2;-12.8;-10.6;-7.3;-2.7;3.6;12.1;23.4;38.2;;;;;;;;;;;;;;;;;;;;;;;;;;;;;;
-3.700;;;;;;;;;;;;;;;;;;;;;;;;;;;;;;;;;;;;;;;80.3;65.6;52.4;40.9;30.6;21.7;13.9;7.1;1.2;-4.0;-8.4;-12.3;-15.6;-18.5;-20.9;-23.1;-24.9;-26.5;-27.8;-29.0;-30.0;-30.9;-31.6;-32.2;-32.7;-33.1;-33.4;-33.6;-33.7;-33.7;-33.6;-33.4;-33.1;-32.7;-32.2;-31.6;-30.8;-30.0;-29.1;-28.2;-27.2;-26.1;-25.0;-23.8;-22.7;-21.6;-20.5;-19.5;-18.6;-17.7;-17.0;-16.3;-15.9;-15.5;-15.3;-15.2;-15.3;-15.4;-15.6;-15.8;-16.0;-16.1;-16.1;-15.7;-15.0;-13.6;-11.6;-8.5;-4.2;1.8;9.8;20.5;34.7;;;;;;;;;;;;;;;;;;;;;;;;;;;;;;;
-3.800;;;;;;;;;;;;;;;;;;;;;;;;;;;;;;;;;;;;;;;;76.5;61.9;49.1;37.7;27.8;19.1;11.5;4.8;-1.0;-6.0;-10.3;-14.1;-17.3;-20.1;-22.5;-24.6;-26.4;-27.9;-29.3;-30.4;-31.4;-32.2;-32.9;-33.5;-33.9;-34.3;-34.5;-34.6;-34.6;-34.5;-34.3;-34.0;-33.6;-33.1;-32.4;-31.7;-30.9;-30.0;-29.0;-27.9;-26.9;-25.7;-24.6;-23.4;-22.3;-21.3;-20.2;-19.3;-18.5;-17.7;-17.1;-16.7;-16.3;-16.1;-16.1;-16.1;-16.2;-16.3;-16.4;-16.5;-16.4;-16.0;-15.2;-14.0;-11.9;-9.0;-4.8;0.9;8.6;18.9;;;;;;;;;;;;;;;;;;;;;;;;;;;;;;;;;
-3.900;;;;;;;;;;;;;;;;;;;;;;;;;;;;;;;;;;;;;;;;;;58.9;46.3;35.2;25.5;17.0;9.5;3.1;-2.6;-7.5;-11.7;-15.4;-18.6;-21.3;-23.7;-25.7;-27.5;-29.0;-30.3;-31.4;-32.4;-33.2;-33.8;-34.4;-34.8;-35.0;-35.2;-35.2;-35.2;-35.0;-34.7;-34.3;-33.8;-33.1;-32.4;-31.6;-30.7;-29.7;-28.6;-27.5;-26.4;-25.3;-24.1;-23.0;-22.0;-20.9;-20.0;-19.2;-18.5;-17.9;-17.4;-17.1;-16.8;-16.7;-16.7;-16.7;-16.6;-16.6;-16.3;-15.9;-15.0;-13.7;-11.7;-8.7;-4.6;1.1;8.6;18.8;;;;;;;;;;;;;;;;;;;;;;;;;;;;;;;;;;
-4.000;;;;;;;;;;;;;;;;;;;;;;;;;;;;;;;;;;;;;;;;;;;56.5;44.3;33.4;23.9;15.6;8.3;2.0;-3.6;-8.4;-12.6;-16.1;-19.3;-22.0;-24.4;-26.4;-28.1;-29.6;-30.9;-32.0;-32.9;-33.7;-34.3;-34.8;-35.2;-35.4;-35.5;-35.5;-35.3;-35.1;-34.7;-34.2;-33.6;-32.9;-32.1;-31.2;-30.2;-29.2;-28.1;-27.0;-25.9;-24.7;-23.6;-22.6;-21.6;-20.7;-19.8;-19.1;-18.5;-18.0;-17.6;-17.3;-17.1;-16.9;-16.7;-16.4;-16.0;-15.3;-14.3;-12.9;-10.7;-7.6;-3.4;2.3;10.0;20.0;;;;;;;;;;;;;;;;;;;;;;;;;;;;;;;;;;;
-4.100;;;;;;;;;;;;;;;;;;;;;;;;;;;;;;;;;;;;;;;;;;;;55.0;42.9;32.3;23.0;14.9;7.7;1.5;-3.9;-8.7;-12.7;-16.3;-19.4;-22.1;-24.4;-26.5;-28.2;-29.7;-31.0;-32.1;-33.0;-33.8;-34.4;-34.8;-35.2;-35.3;-35.4;-35.3;-35.1;-34.8;-34.4;-33.8;-33.1;-32.4;-31.5;-30.6;-29.6;-28.5;-27.4;-26.3;-25.2;-24.1;-23.1;-22.1;-21.2;-20.3;-19.6;-18.9;-18.3;-17.8;-17.4;-17.0;-16.5;-16.0;-15.3;-14.5;-13.2;-11.5;-9.1;-5.8;-1.4;4.6;12.4;22.7;;;;;;;;;;;;;;;;;;;;;;;;;;;;;;;;;;;;
-4.200;;;;;;;;;;;;;;;;;;;;;;;;;;;;;;;;;;;;;;;;;;;;;;42.6;32.2;23.0;15.0;8.0;1.9;-3.5;-8.1;-12.2;-15.7;-18.8;-21.5;-23.9;-25.9;-27.6;-29.2;-30.5;-31.6;-32.5;-33.3;-33.9;-34.3;-34.6;-34.8;-34.8;-34.7;-34.5;-34.1;-33.6;-33.0;-32.3;-31.5;-30.6;-29.7;-28.6;-27.6;-26.5;-25.4;-24.4;-23.3;-22.3;-21.4;-20.5;-19.6;-18.9;-18.2;-17.5;-16.8;-16.1;-15.3;-14.3;-13.1;-11.5;-9.5;-6.7;-3.1;1.8;8.0;16.4;;;;;;;;;;;;;;;;;;;;;;;;;;;;;;;;;;;;;;
-4.300;;;;;;;;;;;;;;;;;;;;;;;;;;;;;;;;;;;;;;;;;;;;;;;43.1;32.9;23.9;16.1;9.2;3.1;-2.2;-6.8;-10.8;-14.4;-17.5;-20.2;-22.6;-24.7;-26.4;-28.0;-29.3;-30.5;-31.4;-32.2;-32.8;-33.3;-33.6;-33.7;-33.7;-33.6;-33.4;-33.0;-32.5;-31.8;-31.1;-30.3;-29.4;-28.4;-27.4;-26.4;-25.3;-24.3;-23.2;-22.2;-21.2;-20.2;-19.2;-18.3;-17.4;-16.4;-15.4;-14.3;-12.9;-11.3;-9.4;-6.8;-3.7;0.5;5.7;12.7;21.4;;;;;;;;;;;;;;;;;;;;;;;;;;;;;;;;;;;;;;;
-4.400;;;;;;;;;;;;;;;;;;;;;;;;;;;;;;;;;;;;;;;;;;;;;;;;;34.9;26.1;18.3;11.5;5.5;0.2;-4.4;-8.5;-12.1;-15.2;-18.0;-20.4;-22.5;-24.4;-26.0;-27.4;-28.6;-29.6;-30.4;-31.1;-31.5;-31.9;-32.0;-32.0;-31.9;-31.7;-31.3;-30.8;-30.1;-29.4;-28.6;-27.7;-26.7;-25.7;-24.7;-23.6;-22.5;-21.4;-20.3;-19.1;-18.0;-16.8;-15.5;-14.2;-12.6;-10.9;-8.9;-6.4;-3.3;0.5;5.2;11.3;18.8;;;;;;;;;;;;;;;;;;;;;;;;;;;;;;;;;;;;;;;;;
-4.500;;;;;;;;;;;;;;;;;;;;;;;;;;;;;;;;;;;;;;;;;;;;;;;;;;;29.3;21.6;14.8;8.8;3.6;-1.1;-5.2;-8.9;-12.0;-14.9;-17.4;-19.6;-21.6;-23.2;-24.7;-26.0;-27.1;-27.9;-28.6;-29.2;-29.5;-29.7;-29.8;-29.7;-29.4;-29.0;-28.5;-27.9;-27.1;-26.3;-25.4;-24.4;-23.3;-22.2;-21.0;-19.8;-18.5;-17.2;-15.7;-14.2;-12.4;-10.5;-8.3;-5.8;-2.8;0.9;5.3;10.9;17.6;;;;;;;;;;;;;;;;;;;;;;;;;;;;;;;;;;;;;;;;;;;
-4.600;;;;;;;;;;;;;;;;;;;;;;;;;;;;;;;;;;;;;;;;;;;;;;;;;;;;;26.6;19.7;13.8;8.4;3.7;-0.5;-4.2;-7.6;-10.5;-13.2;-15.5;-17.5;-19.4;-20.9;-22.3;-23.5;-24.4;-25.2;-25.8;-26.2;-26.5;-26.5;-26.5;-26.2;-25.8;-25.3;-24.7;-23.9;-23.0;-22.0;-20.9;-19.6;-18.3;-16.9;-15.3;-13.6;-11.7;-9.7;-7.3;-4.6;-1.4;2.3;6.7;12.0;18.4;;;;;;;;;;;;;;;;;;;;;;;;;;;;;;;;;;;;;;;;;;;;;
-4.700;;;;;;;;;;;;;;;;;;;;;;;;;;;;;;;;;;;;;;;;;;;;;;;;;;;;;;;26.0;19.9;14.5;9.7;5.4;1.5;-1.9;-5.0;-7.8;-10.3;-12.5;-14.4;-16.2;-17.6;-18.9;-20.0;-20.9;-21.5;-22.0;-22.3;-22.4;-22.3;-22.0;-21.6;-21.0;-20.3;-19.4;-18.4;-17.1;-15.8;-14.2;-12.5;-10.6;-8.4;-5.9;-3.1;0.1;3.9;8.3;13.5;19.8;;;;;;;;;;;;;;;;;;;;;;;;;;;;;;;;;;;;;;;;;;;;;;;
-4.800;;;;;;;;;;;;;;;;;;;;;;;;;;;;;;;;;;;;;;;;;;;;;;;;;;;;;;;;;;22.6;17.7;13.2;9.1;5.5;2.2;-0.8;-3.4;-5.8;-7.9;-9.8;-11.4;-12.8;-14.0;-14.9;-15.7;-16.2;-16.5;-16.6;-16.5;-16.1;-15.6;-14.9;-13.9;-12.7;-11.3;-9.7;-7.8;-5.7;-3.1;-0.3;3.1;6.9;11.4;16.6;;;;;;;;;;;;;;;;;;;;;;;;;;;;;;;;;;;;;;;;;;;;;;;;;;
-4.900;;;;;;;;;;;;;;;;;;;;;;;;;;;;;;;;;;;;;;;;;;;;;;;;;;;;;;;;;;;;;;18.4;14.6;11.1;7.9;5.0;2.5;0.2;-1.9;-3.6;-5.1;-6.4;-7.4;-8.1;-8.7;-8.9;-8.9;-8.7;-8.1;-7.4;-6.3;-4.9;-3.2;-1.2;1.2;4.0;7.3;11.1;15.6;;;;;;;;;;;;;;;;;;;;;;;;;;;;;;;;;;;;;;;;;;;;;;;;;;;;;
-5.000;;;;;;;;;;;;;;;;;;;;;;;;;;;;;;;;;;;;;;;;;;;;;;;;;;;;;;;;;;;;;;;;;;19.1;16.0;13.2;10.8;8.6;6.7;5.1;3.8;2.8;2.1;1.7;1.6;1.9;2.4;3.4;4.7;6.4;8.5;11.1;14.3;;;;;;;;;;;;;;;;;;;;;;;;;;;;;;;;;;;;;;;;;;;;;;;;;;;;;;;;;
-5.100;;;;;;;;;;;;;;;;;;;;;;;;;;;;;;;;;;;;;;;;;;;;;;;;;;;;;;;;;;;;;;;;;;;;;;;;;;;;;;;;;;;;;;;;;;;;;;;;;;;;;;;;;;;;;;;;;;;;;;;;;;;;;;;;;;;;;;;;;;;;;;
-5.200;;;;;;;;;;;;;;;;;;;;;;;;;;;;;;;;;;;;;;;;;;;;;;;;;;;;;;;;;;;;;;;;;;;;;;;;;;;;;;;;;;;;;;;;;;;;;;;;;;;;;;;;;;;;;;;;;;;;;;;;;;;;;;;;;;;;;;;;;;;;;;
-5.300;;;;;;;;;;;;;;;;;;;;;;;;;;;;;;;;;;;;;;;;;;;;;;;;;;;;;;;;;;;;;;;;;;;;;;;;;;;;;;;;;;;;;;;;;;;;;;;;;;;;;;;;;;;;;;;;;;;;;;;;;;;;;;;;;;;;;;;;;;;;;;
-5.400;;;;;;;;;;;;;;;;;;;;;;;;;;;;;;;;;;;;;;;;;;;;;;;;;;;;;;;;;;;;;;;;;;;;;;;;;;;;;;;;;;;;;;;;;;;;;;;;;;;;;;;;;;;;;;;;;;;;;;;;;;;;;;;;;;;;;;;;;;;;;;
-5.500;;;;;;;;;;;;;;;;;;;;;;;;;;;;;;;;;;;;;;;;;;;;;;;;;;;;;;;;;;;;;;;;;;;;;;;;;;;;;;;;;;;;;;;;;;;;;;;;;;;;;;;;;;;;;;;;;;;;;;;;;;;;;;;;;;;;;;;;;;;;;;
-5.600;;;;;;;;;;;;;;;;;;;;;;;;;;;;;;;;;;;;;;;;;;;;;;;;;;;;;;;;;;;;;;;;;;;;;;;;;;;;;;;;;;;;;;;;;;;;;;;;;;;;;;;;;;;;;;;;;;;;;;;;;;;;;;;;;;;;;;;;;;;;;;
-5.700;;;;;;;;;;;;;;;;;;;;;;;;;;;;;;;;;;;;;;;;;;;;;;;;;;;;;;;;;;;;;;;;;;;;;;;;;;;;;;;;;;;;;;;;;;;;;;;;;;;;;;;;;;;;;;;;;;;;;;;;;;;;;;;;;;;;;;;;;;;;;;
-5.800;;;;;;;;;;;;;;;;;;;;;;;;;;;;;;;;;;;;;;;;;;;;;;;;;;;;;;;;;;;;;;;;;;;;;;;;;;;;;;;;;;;;;;;;;;;;;;;;;;;;;;;;;;;;;;;;;;;;;;;;;;;;;;;;;;;;;;;;;;;;;;
-5.900;;;;;;;;;;;;;;;;;;;;;;;;;;;;;;;;;;;;;;;;;;;;;;;;;;;;;;;;;;;;;;;;;;;;;;;;;;;;;;;;;;;;;;;;;;;;;;;;;;;;;;;;;;;;;;;;;;;;;;;;;;;;;;;;;;;;;;;;;;;;;;
-6.000;;;;;;;;;;;;;;;;;;;;;;;;;;;;;;;;;;;;;;;;;;;;;;;;;;;;;;;;;;;;;;;;;;;;;;;;;;;;;;;;;;;;;;;;;;;;;;;;;;;;;;;;;;;;;;;;;;;;;;;;;;;;;;;;;;;;;;;;;;;;;;
-6.100;;;;;;;;;;;;;;;;;;;;;;;;;;;;;;;;;;;;;;;;;;;;;;;;;;;;;;;;;;;;;;;;;;;;;;;;;;;;;;;;;;;;;;;;;;;;;;;;;;;;;;;;;;;;;;;;;;;;;;;;;;;;;;;;;;;;;;;;;;;;;;
-6.200;;;;;;;;;;;;;;;;;;;;;;;;;;;;;;;;;;;;;;;;;;;;;;;;;;;;;;;;;;;;;;;;;;;;;;;;;;;;;;;;;;;;;;;;;;;;;;;;;;;;;;;;;;;;;;;;;;;;;;;;;;;;;;;;;;;;;;;;;;;;;;
-6.300;;;;;;;;;;;;;;;;;;;;;;;;;;;;;;;;;;;;;;;;;;;;;;;;;;;;;;;;;;;;;;;;;;;;;;;;;;;;;;;;;;;;;;;;;;;;;;;;;;;;;;;;;;;;;;;;;;;;;;;;;;;;;;;;;;;;;;;;;;;;;;
-6.400;;;;;;;;;;;;;;;;;;;;;;;;;;;;;;;;;;;;;;;;;;;;;;;;;;;;;;;;;;;;;;;;;;;;;;;;;;;;;;;;;;;;;;;;;;;;;;;;;;;;;;;;;;;;;;;;;;;;;;;;;;;;;;;;;;;;;;;;;;;;;;
-6.500;;;;;;;;;;;;;;;;;;;;;;;;;;;;;;;;;;;;;;;;;;;;;;;;;;;;;;;;;;;;;;;;;;;;;;;;;;;;;;;;;;;;;;;;;;;;;;;;;;;;;;;;;;;;;;;;;;;;;;;;;;;;;;;;;;;;;;;;;;;;;;
-6.600;;;;;;;;;;;;;;;;;;;;;;;;;;;;;;;;;;;;;;;;;;;;;;;;;;;;;;;;;;;;;;;;;;;;;;;;;;;;;;;;;;;;;;;;;;;;;;;;;;;;;;;;;;;;;;;;;;;;;;;;;;;;;;;;;;;;;;;;;;;;;;
-6.700;;;;;;;;;;;;;;;;;;;;;;;;;;;;;;;;;;;;;;;;;;;;;;;;;;;;;;;;;;;;;;;;;;;;;;;;;;;;;;;;;;;;;;;;;;;;;;;;;;;;;;;;;;;;;;;;;;;;;;;;;;;;;;;;;;;;;;;;;;;;;;
-6.800;;;;;;;;;;;;;;;;;;;;;;;;;;;;;;;;;;;;;;;;;;;;;;;;;;;;;;;;;;;;;;;;;;;;;;;;;;;;;;;;;;;;;;;;;;;;;;;;;;;;;;;;;;;;;;;;;;;;;;;;;;;;;;;;;;;;;;;;;;;;;;
-6.900;;;;;;;;;;;;;;;;;;;;;;;;;;;;;;;;;;;;;;;;;;;;;;;;;;;;;;;;;;;;;;;;;;;;;;;;;;;;;;;;;;;;;;;;;;;;;;;;;;;;;;;;;;;;;;;;;;;;;;;;;;;;;;;;;;;;;;;;;;;;;;
-7.000;;;;;;;;;;;;;;;;;;;;;;;;;;;;;;;;;;;;;;;;;;;;;;;;;;;;;;;;;;;;;;;;;;;;;;;;;;;;;;;;;;;;;;;;;;;;;;;;;;;;;;;;;;;;;;;;;;;;;;;;;;;;;;;;;;;;;;;;;;;;;;
[ELEVATION DATA];;
Radius BFS Front 8mm zone;7.67;
Radius BFS Back 8mm zone;6.31;

[SYSTEM];;
Name;Pentacam;
Version;1.25r15;
SerialNo;0035  0250;
Registered User;...;
File Date;19-06-2024;
Matrixsize X;141;
Matrixsize Y;141;
Matrix-Res. X/Y;100;

[PATIENT];;
LastName;01 Demo AXL;
FirstName;Long Eye;
Eye;OS;
DateOfBirth;30-04-1953;
Sex;...;
PatientID;high asti;

[EXAMINATION];;
Date;16-05-2024;
Time;12:55:17;
Surgeon;...;
OP;...;
TestNo;...;
Comments;...;
Max. Diameter;12.27;

[GENERAL DATA];;
Cornea Front Rh;7.70;
Cornea Front Rv;7.45;
Cornea Front Axis;170.0;
Cornea Front Astig;1.4;
Cornea Front Exz;-0.36;Q-val. (8mm);
Pachy Apex;526;
Pachy Min;519;
Pachy Min X;0.89;
Pachy Min Y;-0.48;
Chamber Height;2.60;
Chamber Angle;33.69;
KKS;# -;
QS Status;OK;
QS Error;0;
K Max (Front);45.68;
K Max X (Front);0.27;
K Max Y (Front);1.70;

[PUPIL];
Pupil Dia;2.70;
XPupil;341;
YPupil;-82;

X;Y;
1668;0;
1665;41;
1661;82;
1656;122;
1650;163;
1643;203;
1635;242;
1625;282;
1614;321;
1602;360;
1590;398;
1576;436;
1560;473;
1544;510;
1527;546;
1509;582;
1490;617;
1470;651;
1448;685;
1426;718;
1403;750;
1380;782;
1355;812;
1330;842;
1303;871;
1276;899;
1249;926;
1221;953;
1191;978;
1162;1002;
1131;1025;
1101;1048;
1070;1070;
1038;1090;
1006;1109;
973;1128;
940;1145;
907;1162;
873;1177;
839;1192;
805;1205;
771;1217;
736;1229;
702;1239;
667;1248;
632;1256;
598;1264;
563;1270;
528;1275;
494;1280;
459;1283;
425;1285;
390;1287;
356;1287;
322;1287;
289;1286;
255;1284;
222;1281;
189;1277;
157;1273;
125;1268;
93;1262;
62;1255;
31;1247;
0;1239;
-30;1230;
-60;1221;
-89;1211;
-118;1200;
-147;1189;
-175;1177;
-202;1165;
-229;1152;
-256;1138;
-282;1124;
-307;1110;
-332;1095;
-357;1080;
-381;1064;
-404;1048;
-427;1032;
-450;1015;
-472;998;
-494;981;
-515;963;
-535;945;
-555;927;
-575;908;
-594;890;
-613;871;
-631;851;
-649;831;
-666;812;
-683;792;
-700;772;
-715;751;
-731;731;
-746;710;
-761;689;
-775;668;
-788;647;
-801;625;
-814;604;
-827;582;
-839;561;
-850;539;
-861;516;
-872;494;
-882;472;
-892;449;
-902;426;
-910;404;
-919;381;
-927;358;
-935;335;
-942;311;
-949;288;
-955;264;
-961;241;
-967;217;
-972;193;
-977;169;
-981;145;
-985;121;
-988;97;
-992;73;
-994;49;
-996;24;
-997;0;
-999;-25;
-1000;-49;
-1001;-74;
-1001;-99;
-1000;-123;
-999;-148;
-998;-173;
-997;-198;
-994;-223;
-991;-248;
-988;-273;
-985;-299;
-981;-324;
-976;-349;
-971;-375;
-965;-400;
-959;-425;
-953;-451;
-946;-476;
-938;-501;
-930;-527;
-921;-552;
-912;-578;
-902;-603;
-892;-628;
-881;-653;
-869;-678;
-857;-704;
-845;-729;
-832;-754;
-817;-778;
-803;-803;
-788;-828;
-772;-852;
-756;-876;
-739;-900;
-721;-924;
-703;-948;
-684;-971;
-664;-994;
-644;-1017;
-623;-1039;
-601;-1061;
-579;-1083;
-556;-1105;
-533;-1126;
-508;-1147;
-483;-1167;
-458;-1186;
-431;-1206;
-404;-1224;
-377;-1242;
-349;-1260;
-320;-1277;
-290;-1293;
-260;-1309;
-230;-1324;
-199;-1338;
-167;-1352;
-134;-1364;
-102;-1376;
-68;-1387;
-34;-1398;
0;-1407;
35;-1416;
70;-1423;
105;-1430;
141;-1436;
178;-1440;
214;-1444;
251;-1447;
288;-1448;
325;-1449;
363;-1448;
400;-1447;
438;-1444;
476;-1440;
514;-1435;
551;-1429;
589;-1423;
627;-1414;
664;-1404;
702;-1394;
739;-1382;
776;-1369;
812;-1355;
848;-1340;
884;-1324;
920;-1306;
955;-1288;
990;-1269;
1024;-1248;
1057;-1226;
1090;-1203;
1123;-1179;
1155;-1155;
1186;-1129;
1216;-1102;
1245;-1074;
1274;-1046;
1302;-1016;
1329;-986;
1355;-954;
1380;-922;
1405;-890;
1428;-856;
1451;-822;
1472;-787;
1492;-751;
1512;-715;
1530;-678;
1548;-641;
1563;-603;
1578;-565;
1592;-526;
1605;-487;
1617;-447;
1627;-408;
1636;-367;
1644;-327;
1652;-287;
1658;-246;
1662;-205;
1665;-164;
1668;-123;
1669;-82;
1669;-41;
[CORNEA EDGE];;
Cornea Center Pos X (related to apex, [mm]);0.50;
Cornea Center Pos Y (related to apex, [mm]);-0.04;
Iris Image existing in Examination;1;
Iris Image Apex Pixel Position X;376.03;
Iris Image Apex Pixel Position Y;243.91;
Iris Image mm per Pixel;0.0210;
Left Cornea-Edge X (related to Apex, [µm]);Left Cornea-Edge Y (related to Apex, [µm]);
-5171;1657;
-5220;1459;
-5263;1259;
-5300;1059;
-5331;859;
-5356;657;
-5375;455;
-5388;253;
-5394;51;
-5394;-151;
-5388;-353;
-5376;-555;
-5357;-756;
-5333;-957;
-5302;-1157;
-5265;-1356;
-5223;-1553;
-5174;-1750;
-5121;-1946;
-5061;-2140;
-4997;-2333;
-4927;-2525;
-4852;-2715;
-4772;-2904;
;;
;;
;;
;;
;;
;;
;;
;;
;;
;;
;;
;;
;;
;;
;;
;;
Right Cornea-Edge X (related to Apex, [µm]);Right Cornea-Edge Y (related to Apex, [µm]);
5662;-3089;
5752;-2898;
5836;-2705;
5916;-2511;
5990;-2314;
6059;-2116;
6121;-1917;
6178;-1715;
6229;-1512;
6274;-1308;
6312;-1102;
6343;-896;
6368;-688;
6386;-479;
6397;-270;
6401;-61;
6398;149;
6388;359;
6372;568;
6348;776;
6317;984;
6280;1191;
6236;1397;
6186;1602;
;;
;;
;;
;;
;;
;;
;;
;;
;;
;;
;;
;;
;;
;;
;;
;;
[GENERAL DATA 2];;
Chamber Angle @ 180°;33.7;
Chamber Angle @ 0°;35.2;
Chamber Volume [mm³];119;
AXL Axial Length [mm];;
AXL SNR;;
HWTW;11.8;
