FRONT;-7.000;-6.900;-6.800;-6.700;-6.600;-6.500;-6.400;-6.300;-6.200;-6.100;-6.000;-5.900;-5.800;-5.700;-5.600;-5.500;-5.400;-5.300;-5.200;-5.100;-5.000;-4.900;-4.800;-4.700;-4.600;-4.500;-4.400;-4.300;-4.200;-4.100;-4.000;-3.900;-3.800;-3.700;-3.600;-3.500;-3.400;-3.300;-3.200;-3.100;-3.000;-2.900;-2.800;-2.700;-2.600;-2.500;-2.400;-2.300;-2.200;-2.100;-2.000;-1.900;-1.800;-1.700;-1.600;-1.500;-1.400;-1.300;-1.200;-1.100;-1.000;-0.900;-0.800;-0.700;-0.600;-0.500;-0.400;-0.300;-0.200;-0.100;0.000;0.100;0.200;0.300;0.400;0.500;0.600;0.700;0.800;0.900;1.000;1.100;1.200;1.300;1.400;1.500;1.600;1.700;1.800;1.900;2.000;2.100;2.200;2.300;2.400;2.500;2.600;2.700;2.800;2.900;3.000;3.100;3.200;3.300;3.400;3.500;3.600;3.700;3.800;3.900;4.000;4.100;4.200;4.300;4.400;4.500;4.600;4.700;4.800;4.900;5.000;5.100;5.200;5.300;5.400;5.500;5.600;5.700;5.800;5.900;6.000;6.100;6.200;6.300;6.400;6.500;6.600;6.700;6.800;6.900;7.000;
7.000;;;;;;;;;;;;;;;;;;;;;;;;;;;;;;;;;;;;;;;;;;;;;;;;;;;;;;;;;;;;;;;;;;;;;;;;;;;;;;;;;;;;;;;;;;;;;;;;;;;;;;;;;;;;;;;;;;;;;;;;;;;;;;;;;;;;;;;;;;;;;;
6.900;;;;;;;;;;;;;;;;;;;;;;;;;;;;;;;;;;;;;;;;;;;;;;;;;;;;;;;;;;;;;;;;;;;;;;;;;;;;;;;;;;;;;;;;;;;;;;;;;;;;;;;;;;;;;;;;;;;;;;;;;;;;;;;;;;;;;;;;;;;;;;
6.800;;;;;;;;;;;;;;;;;;;;;;;;;;;;;;;;;;;;;;;;;;;;;;;;;;;;;;;;;;;;;;;;;;;;;;;;;;;;;;;;;;;;;;;;;;;;;;;;;;;;;;;;;;;;;;;;;;;;;;;;;;;;;;;;;;;;;;;;;;;;;;
6.700;;;;;;;;;;;;;;;;;;;;;;;;;;;;;;;;;;;;;;;;;;;;;;;;;;;;;;;;;;;;;;;;;;;;;;;;;;;;;;;;;;;;;;;;;;;;;;;;;;;;;;;;;;;;;;;;;;;;;;;;;;;;;;;;;;;;;;;;;;;;;;
6.600;;;;;;;;;;;;;;;;;;;;;;;;;;;;;;;;;;;;;;;;;;;;;;;;;;;;;;;;;;;;;;;;;;;;;;;;;;;;;;;;;;;;;;;;;;;;;;;;;;;;;;;;;;;;;;;;;;;;;;;;;;;;;;;;;;;;;;;;;;;;;;
6.500;;;;;;;;;;;;;;;;;;;;;;;;;;;;;;;;;;;;;;;;;;;;;;;;;;;;;;;;;;;;;;;;;;;;;;;;;;;;;;;;;;;;;;;;;;;;;;;;;;;;;;;;;;;;;;;;;;;;;;;;;;;;;;;;;;;;;;;;;;;;;;
6.400;;;;;;;;;;;;;;;;;;;;;;;;;;;;;;;;;;;;;;;;;;;;;;;;;;;;;;;;;;;;;;;;;;;;;;;;;;;;;;;;;;;;;;;;;;;;;;;;;;;;;;;;;;;;;;;;;;;;;;;;;;;;;;;;;;;;;;;;;;;;;;
6.300;;;;;;;;;;;;;;;;;;;;;;;;;;;;;;;;;;;;;;;;;;;;;;;;;;;;;;;;;;;;;;;;;;;;;;;;;;;;;;;;;;;;;;;;;;;;;;;;;;;;;;;;;;;;;;;;;;;;;;;;;;;;;;;;;;;;;;;;;;;;;;
6.200;;;;;;;;;;;;;;;;;;;;;;;;;;;;;;;;;;;;;;;;;;;;;;;;;;;;;;;;;;;;;;;;;;;;;;;;;;;;;;;;;;;;;;;;;;;;;;;;;;;;;;;;;;;;;;;;;;;;;;;;;;;;;;;;;;;;;;;;;;;;;;
6.100;;;;;;;;;;;;;;;;;;;;;;;;;;;;;;;;;;;;;;;;;;;;;;;;;;;;;;;;;;;;;;;;;;;;;;;;;;;;;;;;;;;;;;;;;;;;;;;;;;;;;;;;;;;;;;;;;;;;;;;;;;;;;;;;;;;;;;;;;;;;;;
6.000;;;;;;;;;;;;;;;;;;;;;;;;;;;;;;;;;;;;;;;;;;;;;;;;;;;;;;;;;;;;;;;;;;;;;;;;;;;;;;;;;;;;;;;;;;;;;;;;;;;;;;;;;;;;;;;;;;;;;;;;;;;;;;;;;;;;;;;;;;;;;;
5.900;;;;;;;;;;;;;;;;;;;;;;;;;;;;;;;;;;;;;;;;;;;;;;;;;;;;;;;;;;;;;;;;;;;;;;;;;;;;;;;;;;;;;;;;;;;;;;;;;;;;;;;;;;;;;;;;;;;;;;;;;;;;;;;;;;;;;;;;;;;;;;
5.800;;;;;;;;;;;;;;;;;;;;;;;;;;;;;;;;;;;;;;;;;;;;;;;;;;;;;;;;;;;;;;;;;;;;;;;;;;;;;;;;;;;;;;;;;;;;;;;;;;;;;;;;;;;;;;;;;;;;;;;;;;;;;;;;;;;;;;;;;;;;;;
5.700;;;;;;;;;;;;;;;;;;;;;;;;;;;;;;;;;;;;;;;;;;;;;;;;;;;;;;;;;;;;;;;;;;;;;;;;;;;;;;;;;;;;;;;;;;;;;;;;;;;;;;;;;;;;;;;;;;;;;;;;;;;;;;;;;;;;;;;;;;;;;;
5.600;;;;;;;;;;;;;;;;;;;;;;;;;;;;;;;;;;;;;;;;;;;;;;;;;;;;;;;;;;;;;;;;;;;;;;;;;;;;;;;;;;;;;;;;;;;;;;;;;;;;;;;;;;;;;;;;;;;;;;;;;;;;;;;;;;;;;;;;;;;;;;
5.500;;;;;;;;;;;;;;;;;;;;;;;;;;;;;;;;;;;;;;;;;;;;;;;;;;;;;;;;;;;;;;;;;;;;;;;;;;;;;;;;;;;;;;;;;;;;;;;;;;;;;;;;;;;;;;;;;;;;;;;;;;;;;;;;;;;;;;;;;;;;;;
5.400;;;;;;;;;;;;;;;;;;;;;;;;;;;;;;;;;;;;;;;;;;;;;;;;;;;;;;;;;;;;;;;;;;;;;;;;;;;;;;;;;;;;;;;;;;;;;;;;;;;;;;;;;;;;;;;;;;;;;;;;;;;;;;;;;;;;;;;;;;;;;;
5.300;;;;;;;;;;;;;;;;;;;;;;;;;;;;;;;;;;;;;;;;;;;;;;;;;;;;;;;;;;;;;;;;;;;;;;;;;;;;;;;;;;;;;;;;;;;;;;;;;;;;;;;;;;;;;;;;;;;;;;;;;;;;;;;;;;;;;;;;;;;;;;
5.200;;;;;;;;;;;;;;;;;;;;;;;;;;;;;;;;;;;;;;;;;;;;;;;;;;;;;;;;;;;;;;;;;;;;;;;;;;;;;;;;;;;;;;;;;;;;;;;;;;;;;;;;;;;;;;;;;;;;;;;;;;;;;;;;;;;;;;;;;;;;;;
5.100;;;;;;;;;;;;;;;;;;;;;;;;;;;;;;;;;;;;;;;;;;;;;;;;;;;;;;;;;;;;;;;;;;;;;;;;;;;;;;;;;;;;;;;;;;;;;;;;;;;;;;;;;;;;;;;;;;;;;;;;;;;;;;;;;;;;;;;;;;;;;;
5.000;;;;;;;;;;;;;;;;;;;;;;;;;;;;;;;;;;;;;;;;;;;;;;;;;;;;;;;;;;;;;;;;;;;;;;;;;;;;;;;;;;;;;;;;;;;;;;;;;;;;;;;;;;;;;;;;;;;;;;;;;;;;;;;;;;;;;;;;;;;;;;
4.900;;;;;;;;;;;;;;;;;;;;;;;;;;;;;;;;;;;;;;;;;;;;;;;;;;;;;;;;;;;;;;;;;;;;;;;;;;;;;;;;;;;;;;;;;;;;;;;;;;;;;;;;;;;;;;;;;;;;;;;;;;;;;;;;;;;;;;;;;;;;;;
4.800;;;;;;;;;;;;;;;;;;;;;;;;;;;;;;;;;;;;;;;;;;;;;;;;;;;;;;;;;;;;;;;;;;;;;;;;;;;;;;;;;;;;;;;;;;;;;;;;;;;;;;;;;;;;;;;;;;;;;;;;;;;;;;;;;;;;;;;;;;;;;;
4.700;;;;;;;;;;;;;;;;;;;;;;;;;;;;;;;;;;;;;;;;;;;;;;;;;;;;;;;;;;;;;;;;;;;;;;;;;;;;;;;;;;;;;;;;;;;;;;;;;;;;;;;;;;;;;;;;;;;;;;;;;;;;;;;;;;;;;;;;;;;;;;
4.600;;;;;;;;;;;;;;;;;;;;;;;;;;;;;;;;;;;;;;;;;;;;;;;;;;;;;;;;;;;;;;;;;;;;;;;;;;;;;;;;;;;;;;;;;;;;;;;;;;;;;;;;;;;;;;;;;;;;;;;;;;;;;;;;;;;;;;;;;;;;;;
4.500;;;;;;;;;;;;;;;;;;;;;;;;;;;;;;;;;;;;;;;;;;;;;;;;;;;;;;;;;;;;;;;;;;;;;;;;;;;;;;;;;;;;;;;;;;;;;;;;;;;;;;;;;;;;;;;;;;;;;;;;;;;;;;;;;;;;;;;;;;;;;;
4.400;;;;;;;;;;;;;;;;;;;;;;;;;;;;;;;;;;;;;;;;;;;;;;;;;;;;;;;;;;;;;;;;;;;;;;;;;;;;;;;;;;;;;;;;;;;;;;;;;;;;;;;;;;;;;;;;;;;;;;;;;;;;;;;;;;;;;;;;;;;;;;
4.300;;;;;;;;;;;;;;;;;;;;;;;;;;;;;;;;;;;;;;;;;;;;;;;;;;;;;;;;;;;;;;;;;;;;;;;;;;;;;;;;;;;;;;;;;;;;;;;;;;;;;;;;;;;;;;;;;;;;;;;;;;;;;;;;;;;;;;;;;;;;;;
4.200;;;;;;;;;;;;;;;;;;;;;;;;;;;;;;;;;;;;;;;;;;;;;;;;;;;;;;;;;;;;;;;;;;;;;;;;;;;;;;;;;;;;;;;;;;;;;;;;;;;;;;;;;;;;;;;;;;;;;;;;;;;;;;;;;;;;;;;;;;;;;;
4.100;;;;;;;;;;;;;;;;;;;;;;;;;;;;;;;;;;;;;;;;;;;;;;;;;;;;;;;;;;;;;;;;;;;;;;;;;;;;;;;;;;;;;;;;;;;;;;;;;;;;;;;;;;;;;;;;;;;;;;;;;;;;;;;;;;;;;;;;;;;;;;
4.000;;;;;;;;;;;;;;;;;;;;;;;;;;;;;;;;;;;;;;;;;;;;;;;;;;;;;;;;;;;;;;;;;;;;;;;;;;;;;;;;;;;;;;;;;;;;;;;;;;;;;;;;;;;;;;;;;;;;;;;;;;;;;;;;;;;;;;;;;;;;;;
3.900;;;;;;;;;;;;;;;;;;;;;;;;;;;;;;;;;;;;;;;;;;;;;;;;;;;;;;;;;;;;;;;;;;;;;;;;;;;;;;;;;;;;;;;;;;;;;;;;;;;;;;;;;;;;;;;;;;;;;;;;;;;;;;;;;;;;;;;;;;;;;;
3.800;;;;;;;;;;;;;;;;;;;;;;;;;;;;;;;;;;;;;;;;;;;;;;;;;;;;;;;;;;;;;;;;;;;;;;;;;;;;;;;;;;;;;;;;;;;;;;;;;;;;;;;;;;;;;;;;;;;;;;;;;;;;;;;;;;;;;;;;;;;;;;
3.700;;;;;;;;;;;;;;;;;;;;;;;;;;;;;;;;;;;;;;;;;;;;;;;;;;;;;;;;;;;;;;;;;;;;;;;;;;;;;;;;;;;;;;;;;;;;;;;;;;;;;;;;;;;;;;;;;;;;;;;;;;;;;;;;;;;;;;;;;;;;;;
3.600;;;;;;;;;;;;;;;;;;;;;;;;;;;;;;;;;;;;;;;;;;;;;;;;;;;;;;;;;;;;;;;;;;;;;;;;;;;;;;;;;;;;;;;;;;;;;;;;;;;;;;;;;;;;;;;;;;;;;;;;;;;;;;;;;;;;;;;;;;;;;;
3.500;;;;;;;;;;;;;;;;;;;;;;;;;;;;;;;;;;;;;;;;;;;;;;;;;;;;;;;;;;;;;;;;;;;;;;;;;;;;;;;;;;;;;;;;;;;;;;;;;;;;;;;;;;;;;;;;;;;;;;;;;;;;;;;;;;;;;;;;;;;;;;
3.400;;;;;;;;;;;;;;;;;;;;;;;;;;;;;;;;;;;;;;;;;;;;;;;;;;;;;;;;;;;;;;;;;;;;;;;;;;;;;;;;;;;;;;;;;;;;;;;;;;;;;;;;;;;;;;;;;;;;;;;;;;;;;;;;;;;;;;;;;;;;;;
3.300;;;;;;;;;;;;;;;;;;;;;;;;;;;;;;;;;;;;;;;;;;;;;;;;;;;;;;;;;;;;;;;;;;;;779;775;773;772;773;774;778;782;788;795;804;814;826;839;853;869;886;905;;;;;;;;;;;;;;;;;;;;;;;;;;;;;;;;;;;;;;;;;;;;;;;;;;;;;;;;;
3.200;;;;;;;;;;;;;;;;;;;;;;;;;;;;;;;;;;;;;;;;;;;;;;;;;;;;;;;;;;;821;806;792;780;769;759;750;743;737;732;729;726;726;726;728;732;736;742;750;759;769;781;794;808;824;842;861;882;904;928;953;980;1009;;;;;;;;;;;;;;;;;;;;;;;;;;;;;;;;;;;;;;;;;;;;;;;;;;;
3.100;;;;;;;;;;;;;;;;;;;;;;;;;;;;;;;;;;;;;;;;;;;;;;;;;;;;;;871;849;829;810;793;776;761;747;735;724;714;705;698;692;687;683;681;681;681;683;687;692;698;705;715;725;737;750;765;781;799;818;839;861;885;910;937;966;996;1028;1062;1098;;;;;;;;;;;;;;;;;;;;;;;;;;;;;;;;;;;;;;;;;;;;;;;
3.000;;;;;;;;;;;;;;;;;;;;;;;;;;;;;;;;;;;;;;;;;;;;;;;;;;927;901;875;851;828;807;786;767;749;733;718;704;691;680;670;661;654;648;643;640;638;637;638;640;644;649;655;663;672;682;694;708;723;739;757;776;797;819;843;868;895;924;954;986;1020;1055;1092;1132;1173;;;;;;;;;;;;;;;;;;;;;;;;;;;;;;;;;;;;;;;;;;;;
2.900;;;;;;;;;;;;;;;;;;;;;;;;;;;;;;;;;;;;;;;;;;;;;;;976;945;915;887;860;834;810;787;765;745;726;708;691;676;662;649;638;628;619;612;606;601;598;596;595;596;598;602;607;613;621;630;641;653;667;682;698;716;735;756;778;802;827;854;883;913;945;978;1014;1051;1090;1130;1173;1217;;;;;;;;;;;;;;;;;;;;;;;;;;;;;;;;;;;;;;;;;;
2.800;;;;;;;;;;;;;;;;;;;;;;;;;;;;;;;;;;;;;;;;;;;;;1004;970;937;906;876;848;821;795;770;747;725;705;686;668;651;636;622;609;597;587;579;571;565;561;557;555;555;556;558;562;567;573;581;590;601;613;627;642;658;676;696;716;739;763;788;815;843;873;905;938;973;1010;1049;1089;1131;1175;1221;1269;;;;;;;;;;;;;;;;;;;;;;;;;;;;;;;;;;;;;;;;
2.700;;;;;;;;;;;;;;;;;;;;;;;;;;;;;;;;;;;;;;;;;;;1039;1002;967;932;900;868;838;810;783;757;732;709;687;666;647;629;612;597;583;570;558;548;539;532;526;522;518;516;516;517;519;523;528;535;543;552;563;575;588;603;620;638;657;678;700;724;749;776;805;835;866;899;934;971;1009;1049;1091;1135;1180;1228;1277;1329;;;;;;;;;;;;;;;;;;;;;;;;;;;;;;;;;;;;;;
2.600;;;;;;;;;;;;;;;;;;;;;;;;;;;;;;;;;;;;;;;;;1082;1042;1003;966;930;896;863;832;802;773;746;720;695;672;650;629;610;591;575;559;545;532;521;511;502;495;489;484;481;479;479;480;482;486;491;497;505;515;525;537;551;566;582;600;620;641;663;687;712;739;767;797;829;862;897;933;971;1011;1052;1096;1141;1188;1237;1288;1341;;;;;;;;;;;;;;;;;;;;;;;;;;;;;;;;;;;;;
2.500;;;;;;;;;;;;;;;;;;;;;;;;;;;;;;;;;;;;;;;1132;1089;1047;1007;969;931;896;861;828;797;767;738;710;684;660;636;614;593;574;555;538;523;509;496;485;475;466;459;453;448;445;443;443;444;446;450;455;462;469;479;489;502;515;530;546;564;584;605;627;651;676;703;731;761;793;826;860;896;934;974;1015;1058;1103;1150;1198;1249;1302;1356;1412;;;;;;;;;;;;;;;;;;;;;;;;;;;;;;;;;;;
2.400;;;;;;;;;;;;;;;;;;;;;;;;;;;;;;;;;;;;;;1144;1099;1056;1014;974;935;898;862;827;794;763;733;704;676;650;625;602;579;558;539;521;504;488;474;461;450;440;431;424;418;414;411;409;409;410;412;416;421;427;435;444;455;467;480;495;512;529;549;570;592;616;641;668;696;726;758;791;825;861;899;938;979;1022;1067;1113;1161;1212;1264;1318;1374;1432;;;;;;;;;;;;;;;;;;;;;;;;;;;;;;;;;;
2.300;;;;;;;;;;;;;;;;;;;;;;;;;;;;;;;;;;;;;1158;1112;1067;1024;982;941;903;865;829;795;762;730;700;671;643;617;592;568;546;525;506;487;470;455;441;428;417;407;398;391;385;381;378;376;376;377;379;383;388;394;402;411;422;434;447;462;478;496;515;536;558;582;608;635;663;693;724;757;792;827;865;904;945;988;1032;1078;1126;1176;1228;1282;1337;1395;1454;;;;;;;;;;;;;;;;;;;;;;;;;;;;;;;;;
2.200;;;;;;;;;;;;;;;;;;;;;;;;;;;;;;;;;;;1224;1175;1127;1081;1036;992;951;910;871;834;798;763;730;698;668;639;611;585;560;536;514;493;474;455;438;423;409;396;385;375;367;360;354;349;346;345;344;345;348;351;356;363;370;379;390;402;415;430;446;464;483;504;526;550;576;602;631;661;692;725;759;795;833;872;913;955;999;1045;1093;1142;1194;1247;1303;1360;1419;1480;;;;;;;;;;;;;;;;;;;;;;;;;;;;;;;;
2.100;;;;;;;;;;;;;;;;;;;;;;;;;;;;;;;;;;1245;1195;1145;1097;1051;1006;963;921;880;841;804;768;733;700;668;638;609;581;554;529;506;483;462;443;425;408;393;379;366;355;345;337;330;324;319;316;315;314;315;317;321;326;332;340;349;359;371;385;399;416;433;453;473;496;520;545;572;600;630;662;695;729;765;802;841;882;924;968;1014;1061;1111;1162;1215;1270;1327;1386;1447;1509;;;;;;;;;;;;;;;;;;;;;;;;;;;;;;;
2.000;;;;;;;;;;;;;;;;;;;;;;;;;;;;;;;;;1269;1217;1166;1117;1069;1022;977;934;892;851;812;775;739;704;671;639;608;579;551;525;500;476;454;433;413;395;379;363;349;337;326;316;308;301;295;291;288;286;285;286;288;292;297;303;311;320;330;342;356;370;387;405;424;445;467;491;516;543;571;601;633;666;700;736;773;812;853;895;939;984;1032;1081;1132;1185;1240;1297;1356;1416;1478;1542;;;;;;;;;;;;;;;;;;;;;;;;;;;;;;
1.900;;;;;;;;;;;;;;;;;;;;;;;;;;;;;;;;1296;1242;1190;1139;1089;1041;994;949;906;864;823;784;747;711;676;643;611;580;551;523;497;472;448;426;405;385;367;351;335;322;309;298;289;280;273;267;263;260;258;257;258;260;264;269;275;283;292;303;315;328;343;359;377;396;417;440;463;489;515;544;574;605;638;672;708;746;785;825;867;911;956;1004;1053;1104;1157;1212;1268;1327;1387;1450;1513;1579;;;;;;;;;;;;;;;;;;;;;;;;;;;;;
1.800;;;;;;;;;;;;;;;;;;;;;;;;;;;;;;;1325;1270;1216;1163;1112;1063;1015;968;923;879;837;796;757;720;684;649;616;584;553;524;496;470;445;421;399;378;359;341;324;309;295;283;272;262;254;247;241;236;233;232;231;232;234;238;243;249;257;266;276;288;302;317;333;351;370;391;414;437;463;489;518;548;579;612;646;682;720;759;799;841;885;930;978;1027;1078;1131;1186;1242;1301;1361;1423;1487;1553;1619;;;;;;;;;;;;;;;;;;;;;;;;;;;;
1.700;;;;;;;;;;;;;;;;;;;;;;;;;;;;;;1357;1300;1245;1191;1138;1087;1037;989;942;897;854;811;771;732;694;658;623;590;558;528;499;471;444;419;395;373;352;333;315;299;284;270;258;247;237;229;222;216;211;208;207;206;207;209;213;218;224;232;241;252;264;277;292;309;326;346;367;389;413;438;465;493;523;554;587;622;658;695;735;775;817;861;906;953;1002;1053;1106;1161;1218;1277;1337;1399;1463;1529;1595;1664;;;;;;;;;;;;;;;;;;;;;;;;;;;
1.600;;;;;;;;;;;;;;;;;;;;;;;;;;;;;;1333;1277;1221;1167;1114;1063;1013;965;918;873;829;787;747;707;670;634;599;566;534;503;474;446;420;395;371;349;328;309;291;275;260;246;234;223;213;205;198;192;188;185;183;182;183;186;189;194;201;208;218;228;240;254;269;285;303;323;344;366;390;415;442;470;500;531;564;599;635;672;711;752;794;838;884;931;980;1031;1084;1139;1196;1255;1315;1377;1441;1507;1574;1642;1712;;;;;;;;;;;;;;;;;;;;;;;;;;
1.500;;;;;;;;;;;;;;;;;;;;;;;;;;;;;1369;1311;1254;1199;1144;1091;1040;990;942;895;850;806;764;723;684;647;611;576;543;511;480;451;423;397;372;348;326;306;286;269;253;238;224;212;201;191;183;176;170;166;163;161;160;161;164;167;172;179;186;196;206;219;232;247;264;281;301;322;344;368;393;420;448;478;510;543;577;613;651;690;731;773;817;863;910;959;1010;1063;1118;1176;1234;1295;1358;1422;1488;1555;1623;1693;;;;;;;;;;;;;;;;;;;;;;;;;;
1.400;;;;;;;;;;;;;;;;;;;;;;;;;;;;1407;1348;1290;1233;1177;1123;1070;1018;968;920;873;828;784;742;701;662;625;589;554;521;489;458;429;401;375;350;327;305;284;265;248;232;217;203;191;180;170;162;155;149;145;142;140;140;141;143;147;152;158;166;175;186;198;212;227;243;261;281;301;324;348;373;400;428;458;490;522;557;593;631;670;711;753;797;843;891;940;991;1045;1100;1157;1216;1277;1340;1405;1471;1538;1607;1677;1748;;;;;;;;;;;;;;;;;;;;;;;;;
1.300;;;;;;;;;;;;;;;;;;;;;;;;;;;1448;1388;1328;1270;1212;1157;1102;1049;998;948;899;852;807;763;721;681;642;604;568;534;500;468;438;408;381;354;330;307;285;265;246;228;212;197;184;171;161;151;143;136;130;126;123;121;121;121;124;127;133;139;147;156;167;179;193;208;224;242;262;283;305;329;354;381;410;439;471;504;538;574;612;651;692;735;779;825;873;923;974;1027;1083;1141;1200;1261;1325;1389;1456;1523;1592;1663;1734;1806;;;;;;;;;;;;;;;;;;;;;;;;
1.200;;;;;;;;;;;;;;;;;;;;;;;;;;;1430;1369;1309;1251;1193;1137;1083;1030;978;928;880;833;787;744;702;661;623;585;549;514;481;449;418;389;362;336;311;288;266;246;227;210;194;179;166;153;143;133;125;118;112;108;105;103;103;104;106;110;115;121;129;139;149;161;175;190;207;225;244;265;288;311;337;364;392;422;454;487;521;557;595;634;676;718;763;809;857;907;958;1012;1068;1126;1186;1247;1311;1376;1443;1511;1580;1651;1722;1794;;;;;;;;;;;;;;;;;;;;;;;;
1.100;;;;;;;;;;;;;;;;;;;;;;;;;;1474;1413;1352;1292;1233;1176;1120;1065;1012;960;910;861;814;769;726;684;643;604;567;531;496;463;431;400;372;344;318;294;271;249;229;211;193;177;162;149;137;126;117;108;102;96;92;89;87;87;88;90;94;99;105;113;122;133;145;159;174;191;209;228;249;271;295;321;348;376;406;438;471;505;542;580;619;660;703;748;794;842;892;944;998;1054;1113;1173;1235;1299;1365;1432;1500;1570;1641;1712;1785;1858;;;;;;;;;;;;;;;;;;;;;;;
1.000;;;;;;;;;;;;;;;;;;;;;;;;;;1459;1397;1336;1275;1217;1159;1103;1048;995;943;893;844;797;752;709;667;627;588;550;514;480;446;414;384;355;328;302;278;255;234;214;195;178;162;147;134;122;111;102;93;87;81;77;74;72;72;73;75;79;84;90;98;108;118;131;144;159;176;194;213;234;257;281;306;333;362;392;423;456;491;528;566;605;647;690;734;781;829;880;932;986;1043;1101;1162;1224;1289;1355;1422;1491;1562;1633;1705;1777;1851;;;;;;;;;;;;;;;;;;;;;;;
0.900;;;;;;;;;;;;;;;;;;;;;;;;;1507;1444;1382;1321;1260;1201;1144;1087;1032;979;927;877;829;782;737;693;651;611;572;535;499;464;431;399;369;341;314;288;264;241;220;200;181;164;148;133;120;108;97;88;80;73;67;63;60;59;58;59;62;65;70;77;85;94;105;117;131;146;162;180;200;221;243;267;293;320;349;379;410;444;478;515;553;593;634;678;723;769;818;869;921;976;1032;1091;1152;1215;1280;1347;1415;1484;1555;1626;1699;1772;1845;1919;;;;;;;;;;;;;;;;;;;;;;
0.800;;;;;;;;;;;;;;;;;;;;;;;;;1494;1431;1368;1307;1247;1187;1130;1073;1018;965;913;863;814;768;722;679;637;597;558;521;485;450;417;386;356;327;300;275;251;228;207;187;169;151;136;121;108;96;85;76;68;61;55;51;48;47;46;47;50;53;59;65;73;82;93;105;119;134;151;169;188;209;232;256;281;308;337;367;399;432;467;504;542;582;623;667;712;759;808;859;912;967;1024;1083;1144;1208;1273;1340;1409;1479;1550;1622;1695;1768;1842;1916;;;;;;;;;;;;;;;;;;;;;;
0.700;;;;;;;;;;;;;;;;;;;;;;;;1547;1482;1419;1356;1295;1234;1175;1117;1060;1005;952;900;850;801;755;710;666;624;584;545;508;472;438;405;374;344;315;289;263;239;217;196;176;157;140;125;110;97;85;75;65;57;50;45;41;38;36;36;37;39;43;48;54;62;72;82;95;108;123;140;158;178;199;221;245;271;298;326;357;388;422;457;494;532;572;614;658;703;751;800;851;904;959;1016;1076;1138;1202;1268;1335;1404;1475;1546;1619;1692;1766;1840;1914;1988;;;;;;;;;;;;;;;;;;;;;
0.600;;;;;;;;;;;;;;;;;;;;;;;;1536;1472;1408;1345;1283;1223;1163;1105;1049;994;940;888;838;790;743;698;655;613;573;534;497;461;427;394;363;333;305;278;253;229;207;186;166;148;131;115;101;88;76;65;56;48;41;36;31;28;27;27;28;30;34;39;45;53;63;73;85;99;114;131;149;168;189;212;236;262;289;317;348;380;413;448;485;524;564;606;650;696;743;793;845;898;953;1011;1071;1133;1197;1264;1332;1401;1472;1544;1617;1690;1765;1839;1913;1988;;;;;;;;;;;;;;;;;;;;;
0.500;;;;;;;;;;;;;;;;;;;;;;;1593;1527;1463;1399;1336;1274;1213;1153;1095;1038;983;930;878;828;779;733;688;644;603;563;524;487;451;417;385;353;324;296;269;244;220;198;177;158;139;123;107;93;80;68;57;48;40;33;28;24;21;19;19;20;22;26;31;38;45;55;65;78;91;106;123;141;161;182;204;228;254;281;310;340;372;406;441;478;517;557;599;644;690;738;787;839;893;949;1007;1067;1129;1194;1261;1329;1399;1471;1543;1616;1690;1765;1839;1914;1989;2063;;;;;;;;;;;;;;;;;;;;
0.400;;;;;;;;;;;;;;;;;;;;;;;1585;1520;1455;1390;1327;1265;1204;1145;1086;1030;974;921;869;819;770;724;679;636;594;554;516;479;443;409;376;346;316;288;262;237;213;191;170;151;132;116;100;86;73;61;51;41;33;27;21;17;14;13;12;13;16;19;25;31;39;48;59;71;85;100;116;135;154;175;198;222;247;275;303;334;366;400;435;472;511;552;594;639;685;733;783;835;890;946;1004;1064;1127;1192;1259;1328;1399;1471;1543;1617;1691;1766;1841;1916;1991;2065;;;;;;;;;;;;;;;;;;;;
0.300;;;;;;;;;;;;;;;;;;;;;;;1579;1513;1448;1384;1320;1258;1197;1137;1079;1022;967;913;861;811;763;716;671;628;587;547;508;471;436;402;370;339;310;282;256;231;207;185;164;145;127;110;95;80;68;56;45;36;28;22;16;12;9;7;7;8;11;14;20;26;34;43;54;66;80;95;111;129;149;170;193;217;242;270;299;329;361;395;430;468;507;547;590;635;681;730;780;833;887;944;1002;1063;1126;1192;1259;1328;1399;1471;1545;1619;1693;1768;1844;1919;1994;2068;;;;;;;;;;;;;;;;;;;;
0.200;;;;;;;;;;;;;;;;;;;;;;1641;1574;1508;1442;1378;1314;1252;1191;1131;1073;1016;961;907;855;805;757;710;665;622;581;541;503;466;431;397;365;334;305;277;251;226;203;181;160;141;123;106;91;76;64;52;41;32;24;18;12;8;5;4;3;5;7;11;16;22;30;39;50;62;76;91;108;126;145;166;189;213;239;266;295;325;358;392;427;464;504;545;587;632;679;728;778;831;886;943;1002;1063;1126;1192;1260;1330;1401;1473;1547;1621;1696;1771;1847;1922;1997;2072;;;;;;;;;;;;;;;;;;;;
0.100;;;;;;;;;;;;;;;;;;;;;;1637;1570;1504;1438;1374;1310;1248;1186;1126;1068;1011;956;902;850;800;752;705;661;618;577;537;499;462;427;393;361;330;301;274;248;223;200;178;157;138;120;103;88;74;61;49;39;30;22;15;10;6;3;1;1;2;5;8;13;20;28;37;48;60;74;89;105;123;143;164;187;211;236;264;293;323;356;389;425;463;502;543;586;631;678;727;778;831;886;943;1003;1064;1128;1193;1262;1332;1403;1476;1550;1625;1700;1775;1851;1926;2001;2076;2150;;;;;;;;;;;;;;;;;;;
0.000;;;;;;;;;;;;;;;;;;;;;;1635;1568;1501;1436;1371;1307;1244;1183;1123;1065;1008;952;899;847;797;748;702;658;615;574;534;496;459;424;390;358;328;299;272;246;221;198;176;155;136;118;102;86;72;60;48;38;29;21;14;9;5;2;0;0;1;3;7;12;19;27;36;47;59;73;88;104;122;142;163;186;210;235;263;292;322;355;389;424;462;501;543;586;631;678;727;778;831;887;945;1004;1066;1130;1196;1264;1335;1407;1480;1554;1629;1704;1780;1855;1931;2006;2081;2155;;;;;;;;;;;;;;;;;;;
-0.100;;;;;;;;;;;;;;;;;;;;;1702;1634;1567;1500;1434;1369;1305;1243;1181;1121;1063;1006;950;897;845;795;747;700;656;613;572;532;494;458;423;389;358;327;298;271;245;220;197;176;155;136;118;102;86;72;60;48;38;29;21;14;9;5;2;0;0;1;4;8;13;19;27;36;47;59;73;88;105;123;142;163;186;210;236;263;292;323;355;389;425;463;502;543;587;632;679;728;780;833;889;947;1007;1069;1133;1199;1268;1339;1411;1484;1558;1633;1709;1785;1860;1936;2011;2086;2160;;;;;;;;;;;;;;;;;;;
-0.200;;;;;;;;;;;;;;;;;;;;;1702;1634;1567;1500;1434;1369;1305;1242;1181;1121;1062;1005;950;896;844;794;746;700;656;613;572;532;494;458;423;390;358;328;299;272;246;221;198;176;156;137;119;103;88;74;61;49;39;30;22;16;10;6;3;2;2;3;5;9;14;21;29;38;49;61;75;90;106;124;144;165;188;212;238;265;294;325;357;391;427;465;504;545;589;634;681;731;782;836;892;950;1010;1073;1137;1204;1272;1343;1416;1489;1564;1639;1714;1790;1866;1942;2017;2091;2165;;;;;;;;;;;;;;;;;;;
-0.300;;;;;;;;;;;;;;;;;;;;;1704;1636;1568;1501;1435;1370;1306;1243;1182;1122;1063;1006;951;897;845;795;747;701;657;615;573;534;496;460;425;391;360;330;301;274;248;223;200;179;158;139;122;105;90;76;63;52;42;33;25;18;13;9;6;5;5;6;8;12;17;24;32;41;52;64;78;93;109;127;147;168;191;215;241;268;297;328;360;394;430;468;507;549;592;638;685;735;786;840;896;954;1015;1077;1142;1209;1277;1348;1421;1495;1569;1644;1720;1796;1872;1947;2023;2097;2171;2243;;;;;;;;;;;;;;;;;;
-0.400;;;;;;;;;;;;;;;;;;;;;1707;1639;1571;1504;1438;1372;1308;1245;1184;1124;1065;1008;953;899;848;798;750;704;660;617;576;537;499;463;428;395;363;333;304;277;251;227;204;182;162;143;125;109;94;80;67;56;46;37;29;22;17;13;10;9;9;10;12;16;21;28;36;45;56;68;82;97;114;132;151;172;195;219;245;272;301;332;364;398;434;472;512;553;597;642;690;739;791;845;901;959;1020;1082;1147;1214;1283;1354;1427;1501;1575;1651;1726;1802;1878;1954;2029;2103;2176;2249;;;;;;;;;;;;;;;;;;
-0.500;;;;;;;;;;;;;;;;;;;;;1712;1643;1575;1508;1441;1376;1312;1249;1188;1127;1069;1012;957;903;851;802;754;708;664;621;580;541;503;467;432;399;368;337;309;282;256;232;209;187;167;148;130;114;99;85;72;61;51;42;34;27;22;18;16;14;14;15;18;22;27;33;41;51;62;74;88;103;119;137;157;178;201;225;251;278;307;338;370;404;440;478;517;559;602;648;695;745;797;851;907;965;1026;1089;1153;1220;1289;1360;1433;1507;1582;1657;1733;1809;1884;1960;2035;2109;2182;2254;;;;;;;;;;;;;;;;;;
-0.600;;;;;;;;;;;;;;;;;;;;;1717;1649;1580;1513;1447;1381;1317;1254;1193;1133;1074;1017;962;908;857;807;759;714;670;627;586;547;509;473;438;405;373;343;315;288;262;238;215;193;173;154;137;120;105;91;79;67;57;48;40;34;29;25;22;21;21;22;24;28;34;40;48;58;69;81;95;110;126;144;164;185;208;232;258;285;314;345;377;411;447;485;524;566;609;655;702;752;804;858;914;972;1033;1095;1160;1227;1296;1367;1440;1514;1589;1664;1740;1815;1891;1967;2041;2115;2189;2260;;;;;;;;;;;;;;;;;;
-0.700;;;;;;;;;;;;;;;;;;;;1794;1724;1655;1587;1520;1453;1388;1324;1261;1199;1139;1081;1024;968;915;864;814;766;720;677;634;593;554;516;480;445;412;381;351;322;295;269;245;222;201;181;162;144;128;113;99;86;75;65;56;48;42;36;33;30;29;29;30;32;36;42;48;57;66;77;89;103;118;135;153;172;193;216;240;266;293;322;353;385;419;455;493;532;574;617;663;710;760;811;865;922;980;1040;1103;1168;1235;1304;1375;1447;1521;1596;1671;1747;1823;1898;1973;2048;2122;2195;2267;;;;;;;;;;;;;;;;;;
-0.800;;;;;;;;;;;;;;;;;;;;1803;1733;1664;1595;1528;1461;1396;1332;1269;1207;1147;1089;1032;977;923;872;822;775;729;685;642;601;562;524;488;454;421;389;359;331;304;278;254;231;210;189;170;153;137;121;108;95;84;73;65;57;51;45;42;39;38;38;39;42;46;51;58;66;75;86;99;112;128;144;162;182;203;226;250;276;303;332;363;395;429;465;502;542;583;626;672;719;769;820;874;930;988;1049;1111;1176;1243;1312;1383;1455;1529;1604;1679;1754;1830;1905;1980;2055;2129;2201;2273;;;;;;;;;;;;;;;;;;
-0.900;;;;;;;;;;;;;;;;;;;;1812;1742;1673;1605;1537;1471;1405;1341;1278;1216;1156;1098;1041;986;933;881;832;784;739;695;652;611;572;534;498;464;431;399;369;341;314;288;264;241;220;199;180;163;147;131;118;105;94;84;75;67;61;56;52;49;48;48;50;52;56;62;69;77;86;97;110;123;139;155;173;193;214;237;261;287;314;343;373;406;440;475;513;552;594;637;682;729;779;830;884;940;998;1058;1121;1185;1252;1320;1391;1464;1537;1612;1687;1762;1838;1913;1988;2062;2136;2208;2280;;;;;;;;;;;;;;;;;;
-1.000;;;;;;;;;;;;;;;;;;;;1823;1753;1684;1615;1548;1481;1416;1352;1289;1227;1167;1109;1052;997;944;893;843;796;750;706;663;622;583;545;509;475;442;410;380;352;325;299;275;252;231;211;192;174;158;143;129;116;105;95;86;78;72;67;63;61;60;60;61;64;68;74;80;89;98;109;122;136;151;168;186;205;226;249;273;299;326;355;386;418;452;487;525;564;605;648;693;741;790;841;895;951;1008;1069;1131;1195;1261;1330;1400;1473;1546;1621;1696;1771;1846;1921;1996;2070;2143;2216;2287;;;;;;;;;;;;;;;;;;
-1.100;;;;;;;;;;;;;;;;;;;;1836;1766;1696;1628;1560;1493;1428;1364;1301;1240;1180;1121;1065;1010;956;905;856;808;762;718;676;635;596;558;522;487;454;423;393;364;337;312;288;265;243;223;204;187;170;155;141;129;118;107;99;91;85;80;76;74;72;73;74;77;81;87;94;102;112;123;135;149;164;181;199;219;240;263;287;313;340;369;399;431;465;500;538;577;618;661;706;753;802;853;907;962;1020;1080;1142;1206;1272;1340;1410;1482;1556;1630;1705;1780;1855;1929;2004;2078;2151;2223;2294;;;;;;;;;;;;;;;;;;
-1.200;;;;;;;;;;;;;;;;;;;;1850;1779;1710;1641;1574;1507;1442;1378;1315;1253;1193;1135;1078;1024;970;919;870;822;776;732;690;649;609;572;536;501;468;437;407;378;351;326;301;279;257;237;218;200;184;169;155;143;131;121;112;105;99;94;90;88;87;87;88;91;95;101;108;116;126;137;150;164;179;196;214;234;255;278;302;327;355;383;414;446;479;515;552;591;632;675;720;767;816;867;920;975;1032;1092;1154;1217;1283;1351;1421;1493;1566;1640;1714;1789;1864;1939;2013;2087;2160;2232;2303;;;;;;;;;;;;;;;;;;
-1.300;;;;;;;;;;;;;;;;;;;;1865;1794;1725;1656;1589;1522;1457;1393;1330;1268;1209;1150;1094;1039;986;935;885;837;792;747;705;664;625;587;551;516;483;452;422;393;366;341;316;294;272;252;233;215;199;184;170;158;146;136;127;120;114;109;105;103;102;102;104;107;111;117;124;132;142;153;166;180;195;212;230;250;271;294;318;343;371;399;430;462;495;531;568;607;647;690;735;781;830;881;934;989;1046;1105;1166;1230;1295;1362;1432;1504;1577;1651;1725;1799;1874;1948;2022;2096;2169;2241;2312;;;;;;;;;;;;;;;;;;
-1.400;;;;;;;;;;;;;;;;;;;;1881;1811;1741;1673;1605;1539;1473;1409;1346;1285;1225;1167;1111;1056;1003;951;902;854;808;764;721;680;641;603;567;533;500;468;438;410;383;357;333;310;288;268;249;232;215;200;186;174;162;152;144;136;130;125;122;119;118;119;120;123;128;134;141;149;159;170;183;197;212;229;248;267;289;311;335;361;388;417;447;479;512;548;585;623;664;707;751;797;846;896;949;1004;1060;1119;1180;1243;1308;1375;1445;1516;1589;1662;1736;1810;1885;1959;2033;2106;2179;2251;2322;;;;;;;;;;;;;;;;;;
-1.500;;;;;;;;;;;;;;;;;;;;1899;1829;1759;1691;1623;1557;1491;1427;1365;1303;1244;1185;1129;1074;1021;970;920;872;826;782;739;698;659;621;585;551;518;486;456;427;400;375;350;327;306;286;267;249;233;218;204;191;180;170;161;154;148;143;139;137;136;136;138;141;146;152;159;167;177;189;201;216;231;248;266;286;307;330;354;380;407;435;466;497;531;566;603;641;682;724;768;815;863;913;965;1020;1076;1135;1195;1258;1323;1389;1458;1529;1602;1675;1748;1822;1896;1970;2044;2117;2190;2262;2333;;;;;;;;;;;;;;;;;;
-1.600;;;;;;;;;;;;;;;;;;;;1919;1848;1779;1710;1643;1576;1511;1447;1384;1323;1263;1205;1149;1094;1041;989;940;892;846;801;759;718;678;640;604;570;537;505;475;446;419;394;369;346;325;304;285;268;251;236;222;210;199;189;180;172;166;162;158;156;155;156;157;161;165;171;178;187;197;208;221;235;251;268;286;306;327;350;374;399;427;455;485;517;550;585;622;661;701;743;787;833;881;931;983;1037;1093;1151;1212;1274;1338;1404;1473;1544;1616;1688;1762;1835;1909;1983;2057;2130;2202;2274;2345;;;;;;;;;;;;;;;;;;
-1.700;;;;;;;;;;;;;;;;;;;;1940;1869;1799;1731;1663;1597;1532;1468;1405;1344;1285;1226;1170;1115;1062;1011;961;913;867;822;779;738;699;661;625;590;557;525;495;467;440;414;389;366;345;324;305;288;271;256;242;230;218;209;200;192;186;182;178;176;175;176;178;181;186;192;199;208;218;229;242;256;272;289;307;327;348;371;395;421;448;476;506;538;571;606;643;681;721;763;807;853;901;950;1002;1056;1111;1169;1229;1291;1355;1420;1489;1560;1631;1703;1776;1850;1923;1997;2070;2143;2216;2288;2360;;;;;;;;;;;;;;;;;;
-1.800;;;;;;;;;;;;;;;;;;;;;1891;1822;1753;1686;1620;1554;1491;1428;1367;1307;1249;1193;1138;1085;1033;983;935;889;844;801;760;721;683;647;612;579;547;517;488;461;435;411;388;366;346;327;309;292;277;263;251;240;230;221;214;208;203;199;197;197;197;199;203;207;213;221;230;240;251;264;278;294;311;330;350;371;393;418;443;470;499;529;560;594;628;665;703;743;785;828;874;921;971;1022;1076;1131;1189;1248;1310;1373;1438;1507;1577;1648;1720;1792;1866;1939;2012;2086;2159;2231;2304;2375;;;;;;;;;;;;;;;;;;
-1.900;;;;;;;;;;;;;;;;;;;;;1915;1846;1777;1710;1644;1579;1515;1452;1391;1332;1273;1217;1162;1109;1057;1007;959;913;868;825;784;744;706;670;635;602;570;540;511;484;458;434;411;389;368;349;331;315;300;286;273;262;252;243;236;230;225;222;220;219;220;222;225;230;236;244;253;263;275;288;302;318;335;353;373;394;417;441;467;494;522;552;584;617;652;688;726;766;808;851;896;944;993;1044;1097;1152;1209;1268;1330;1392;1458;1526;1595;1666;1738;1810;1883;1956;2029;2103;2176;2248;2321;2393;;;;;;;;;;;;;;;;;;
-2.000;;;;;;;;;;;;;;;;;;;;;1940;1871;1803;1735;1669;1604;1540;1478;1417;1357;1299;1243;1188;1135;1083;1033;985;938;893;850;809;769;731;695;660;627;595;564;536;508;482;458;435;413;392;373;355;339;323;310;297;286;276;267;260;254;249;246;244;243;244;246;249;254;260;268;277;287;299;312;327;342;360;378;398;419;442;466;492;519;547;577;609;642;677;713;751;791;832;875;920;967;1016;1067;1120;1175;1232;1290;1351;1414;1479;1547;1616;1686;1757;1829;1902;1975;2048;2121;2194;2267;2340;;;;;;;;;;;;;;;;;;;
-2.100;;;;;;;;;;;;;;;;;;;;;1967;1898;1830;1762;1696;1631;1568;1505;1444;1385;1327;1270;1215;1162;1110;1060;1012;965;920;876;835;795;757;721;686;652;621;590;561;534;508;483;460;438;417;398;380;364;348;334;322;311;301;292;285;279;274;271;269;268;269;271;275;280;286;294;303;313;325;338;352;368;386;404;424;446;468;493;518;545;574;604;635;668;703;739;777;816;858;901;946;993;1041;1092;1145;1199;1256;1314;1374;1437;1502;1569;1638;1708;1779;1850;1923;1996;2069;2142;2215;2288;2362;;;;;;;;;;;;;;;;;;;
-2.200;;;;;;;;;;;;;;;;;;;;;1996;1927;1858;1791;1725;1660;1596;1534;1473;1414;1356;1299;1244;1191;1139;1089;1040;993;948;904;863;823;785;748;713;680;648;617;588;561;535;510;486;464;444;425;407;390;375;361;348;337;327;318;311;305;300;297;295;295;295;298;301;306;313;320;329;340;352;365;380;396;413;432;452;473;496;520;546;573;601;631;663;696;730;766;804;844;885;928;973;1019;1068;1118;1171;1225;1281;1339;1399;1462;1527;1593;1662;1731;1802;1873;1946;2018;2091;2165;2238;2312;2386;;;;;;;;;;;;;;;;;;;
-2.300;;;;;;;;;;;;;;;;;;;;;2026;1957;1888;1821;1755;1691;1627;1565;1504;1444;1386;1329;1274;1221;1169;1119;1070;1023;978;934;892;852;814;777;742;708;676;646;617;589;563;538;514;492;472;452;434;418;402;388;376;364;354;346;338;332;328;325;323;322;323;325;329;334;341;348;358;368;380;393;408;424;441;460;480;502;525;549;574;601;630;660;691;724;759;795;833;872;913;956;1001;1048;1096;1146;1198;1253;1309;1367;1426;1489;1553;1620;1688;1757;1827;1898;1970;2043;2116;2190;2263;2338;2412;;;;;;;;;;;;;;;;;;;
-2.400;;;;;;;;;;;;;;;;;;;;;;1988;1920;1853;1787;1722;1659;1597;1536;1476;1418;1361;1306;1253;1201;1150;1102;1054;1009;965;923;883;845;808;772;739;706;676;646;619;592;567;544;522;501;481;463;446;431;417;404;393;383;374;367;361;357;353;352;351;352;354;358;363;370;378;387;397;409;423;438;454;471;490;510;532;555;579;605;632;660;690;722;755;789;825;863;902;944;986;1031;1077;1126;1176;1228;1282;1338;1396;1455;1518;1582;1648;1715;1784;1854;1925;1997;2070;2143;2217;2291;2366;;;;;;;;;;;;;;;;;;;;
-2.500;;;;;;;;;;;;;;;;;;;;;;2021;1953;1887;1821;1756;1692;1630;1569;1510;1452;1395;1340;1286;1234;1184;1135;1087;1042;998;955;915;877;840;804;770;738;707;678;650;623;598;574;552;531;512;494;477;461;447;434;423;413;404;397;391;387;383;382;381;382;385;388;394;400;408;417;428;440;454;468;485;502;521;541;563;586;610;636;663;692;722;753;786;821;857;895;934;975;1018;1063;1109;1157;1207;1259;1313;1369;1427;1486;1548;1612;1678;1745;1814;1884;1955;2027;2099;2173;2247;2322;2398;;;;;;;;;;;;;;;;;;;;
-2.600;;;;;;;;;;;;;;;;;;;;;;2056;1988;1922;1856;1791;1728;1665;1604;1545;1487;1430;1375;1321;1269;1218;1169;1122;1076;1032;990;949;910;873;838;803;771;740;710;682;656;630;607;584;563;544;525;508;493;479;466;454;444;436;428;423;418;415;413;413;414;416;420;425;432;440;449;460;472;486;501;517;535;553;574;595;619;643;669;696;725;755;786;819;854;890;928;967;1009;1051;1096;1142;1191;1241;1292;1346;1402;1460;1519;1581;1645;1710;1777;1846;1916;1986;2058;2131;2205;2280;2355;2432;;;;;;;;;;;;;;;;;;;;
-2.700;;;;;;;;;;;;;;;;;;;;;;;2025;1958;1892;1828;1764;1702;1641;1582;1523;1467;1411;1358;1305;1255;1206;1158;1112;1068;1025;985;946;908;872;838;805;774;744;716;689;664;640;618;596;577;558;541;526;512;499;487;477;468;461;455;451;448;446;446;447;449;453;458;465;473;483;493;506;519;534;551;568;587;608;629;653;677;703;730;759;789;821;854;889;925;963;1002;1043;1086;1131;1177;1226;1276;1328;1381;1437;1495;1554;1616;1679;1745;1812;1880;1950;2020;2093;2166;2240;2315;2392;;;;;;;;;;;;;;;;;;;;;
-2.800;;;;;;;;;;;;;;;;;;;;;;;2063;1996;1931;1866;1803;1741;1680;1620;1562;1505;1450;1396;1343;1293;1243;1196;1150;1106;1063;1022;982;945;909;874;841;810;780;752;725;699;675;652;631;611;593;576;560;546;533;521;511;503;495;489;485;482;480;480;481;484;487;493;500;508;517;528;540;554;569;585;603;622;643;665;688;712;738;766;795;825;857;890;925;961;999;1039;1080;1123;1168;1214;1262;1313;1365;1418;1474;1532;1591;1653;1716;1781;1848;1916;1986;2057;2129;2203;2278;2354;2431;;;;;;;;;;;;;;;;;;;;;
-2.900;;;;;;;;;;;;;;;;;;;;;;;2103;2036;1971;1906;1843;1781;1720;1660;1601;1545;1489;1435;1383;1332;1283;1235;1189;1145;1102;1061;1021;983;947;912;879;847;817;789;761;736;711;689;667;647;629;611;596;581;568;557;547;538;531;525;520;517;516;515;517;519;523;529;535;544;553;564;577;590;605;622;640;659;679;701;725;749;775;803;832;862;894;928;963;999;1037;1077;1118;1161;1206;1253;1301;1351;1404;1458;1513;1571;1630;1692;1755;1820;1887;1955;2025;2096;2169;2243;2318;2395;2473;;;;;;;;;;;;;;;;;;;;;
-3.000;;;;;;;;;;;;;;;;;;;;;;;;2077;2012;1948;1884;1822;1761;1701;1643;1586;1530;1476;1424;1373;1324;1276;1230;1185;1142;1101;1061;1023;986;951;918;886;856;827;800;774;749;726;705;685;666;649;633;618;605;594;584;575;568;562;557;554;553;552;554;556;560;566;573;581;591;602;614;628;643;660;677;697;717;739;763;788;814;842;871;901;933;967;1002;1038;1077;1117;1158;1201;1246;1293;1342;1392;1445;1499;1554;1612;1671;1733;1796;1861;1928;1996;2066;2138;2211;2285;2361;2439;;;;;;;;;;;;;;;;;;;;;;
-3.100;;;;;;;;;;;;;;;;;;;;;;;;2120;2055;1991;1927;1865;1804;1744;1686;1629;1573;1519;1466;1415;1366;1318;1272;1227;1184;1143;1103;1064;1028;992;959;927;896;867;839;813;789;765;744;723;705;687;671;657;644;632;622;613;606;600;596;593;591;591;592;595;599;604;611;620;629;641;653;667;682;699;717;736;757;779;803;828;854;882;911;942;974;1007;1043;1080;1118;1158;1200;1243;1289;1336;1384;1435;1487;1541;1597;1655;1714;1776;1839;1904;1971;2039;2110;2182;2255;2331;2407;2486;;;;;;;;;;;;;;;;;;;;;;
-3.200;;;;;;;;;;;;;;;;;;;;;;;;2165;2100;2036;1972;1910;1849;1789;1731;1673;1618;1563;1510;1459;1410;1362;1315;1271;1228;1186;1146;1108;1071;1035;1001;969;938;908;881;854;829;806;784;764;745;728;712;697;684;672;662;653;646;640;636;633;631;631;632;635;639;645;652;660;670;681;693;707;723;739;758;777;798;820;844;869;895;923;953;984;1016;1050;1085;1122;1161;1201;1243;1287;1333;1380;1429;1480;1532;1586;1642;1700;1759;1821;1884;1949;2016;2085;2156;2228;2303;2378;2456;;;;;;;;;;;;;;;;;;;;;;;
-3.300;;;;;;;;;;;;;;;;;;;;;;;;;2146;2082;2019;1956;1895;1835;1777;1719;1663;1609;1556;1505;1455;1407;1360;1316;1272;1231;1191;1152;1115;1079;1045;1012;981;951;923;897;872;848;826;806;787;769;753;739;725;714;703;695;687;681;677;674;673;672;674;677;681;686;693;702;712;723;735;749;765;782;800;819;840;863;887;912;938;967;996;1027;1060;1094;1129;1167;1206;1246;1289;1333;1378;1426;1475;1526;1578;1633;1688;1746;1806;1868;1931;1997;2064;2134;2205;2278;2352;2429;2507;;;;;;;;;;;;;;;;;;;;;;;
-3.400;;;;;;;;;;;;;;;;;;;;;;;;;2194;2130;2066;2004;1943;1883;1824;1767;1711;1656;1603;1552;1502;1453;1407;1362;1319;1277;1237;1198;1161;1125;1090;1057;1026;996;968;941;916;892;870;849;830;812;796;782;768;757;746;738;730;724;720;717;716;716;717;720;724;730;737;745;755;766;779;793;809;825;844;863;885;907;931;956;983;1011;1041;1072;1105;1139;1175;1213;1252;1293;1336;1380;1426;1474;1523;1574;1627;1681;1737;1795;1855;1917;1981;2047;2114;2184;2256;2329;2405;2482;;;;;;;;;;;;;;;;;;;;;;;;
-3.500;;;;;;;;;;;;;;;;;;;;;;;;;;2179;2116;2054;1993;1933;1874;1816;1760;1705;1652;1600;1550;1501;1455;1410;1366;1324;1284;1245;1208;1172;1138;1104;1073;1042;1014;987;961;937;915;894;875;857;841;826;813;801;791;782;775;769;765;762;760;760;762;764;769;774;782;790;800;811;824;838;854;871;889;909;930;953;977;1002;1029;1058;1088;1119;1152;1187;1223;1261;1300;1341;1384;1429;1475;1523;1573;1624;1676;1731;1787;1846;1906;1968;2032;2099;2167;2237;2309;2383;2459;2537;;;;;;;;;;;;;;;;;;;;;;;;
-3.600;;;;;;;;;;;;;;;;;;;;;;;;;;;2167;2105;2044;1984;1925;1867;1811;1756;1702;1650;1600;1551;1504;1459;1415;1373;1333;1294;1257;1221;1186;1153;1121;1090;1061;1034;1008;984;962;941;921;903;887;872;859;847;837;828;821;815;811;808;806;806;808;811;815;821;828;837;847;858;871;885;901;918;936;956;978;1000;1025;1050;1077;1106;1136;1168;1201;1236;1272;1310;1350;1392;1435;1480;1526;1574;1624;1675;1728;1783;1840;1898;1959;2022;2086;2153;2221;2292;2365;2439;2516;;;;;;;;;;;;;;;;;;;;;;;;;
-3.700;;;;;;;;;;;;;;;;;;;;;;;;;;;2220;2158;2096;2036;1977;1919;1863;1808;1754;1702;1651;1602;1555;1509;1466;1424;1383;1344;1306;1270;1236;1202;1170;1140;1111;1083;1057;1033;1010;989;969;951;935;920;907;895;885;876;869;863;859;856;854;854;856;859;863;869;876;885;895;907;919;934;950;967;985;1005;1027;1049;1074;1100;1127;1156;1186;1218;1251;1287;1323;1362;1402;1443;1487;1532;1579;1627;1677;1728;1782;1837;1894;1953;2014;2077;2142;2209;2278;2349;2422;2497;2574;;;;;;;;;;;;;;;;;;;;;;;;;
-3.800;;;;;;;;;;;;;;;;;;;;;;;;;;;;2212;2151;2091;2031;1973;1917;1861;1807;1755;1704;1655;1607;1562;1518;1475;1435;1395;1358;1322;1287;1253;1221;1191;1161;1134;1107;1083;1060;1039;1019;1001;984;970;956;944;934;925;918;912;908;905;904;904;906;909;913;919;926;935;945;957;970;984;1000;1017;1036;1056;1077;1100;1125;1151;1178;1207;1238;1270;1304;1339;1376;1415;1455;1497;1541;1586;1633;1681;1732;1783;1837;1893;1950;2009;2071;2134;2199;2267;2336;2407;2481;2556;;;;;;;;;;;;;;;;;;;;;;;;;;
-3.900;;;;;;;;;;;;;;;;;;;;;;;;;;;;2268;2207;2147;2087;2029;1972;1917;1863;1810;1759;1709;1661;1615;1571;1529;1488;1448;1411;1374;1339;1306;1274;1243;1214;1186;1159;1135;1112;1090;1070;1052;1036;1021;1007;995;985;976;969;963;959;956;955;955;957;960;965;971;978;987;997;1009;1022;1036;1052;1069;1088;1108;1130;1153;1178;1204;1231;1261;1291;1324;1358;1393;1430;1469;1510;1552;1596;1642;1689;1738;1788;1840;1894;1950;2008;2068;2129;2193;2259;2326;2396;2467;2541;;;;;;;;;;;;;;;;;;;;;;;;;;;
-4.000;;;;;;;;;;;;;;;;;;;;;;;;;;;;;2265;2204;2145;2087;2029;1974;1919;1867;1815;1765;1717;1671;1626;1583;1542;1503;1465;1428;1393;1360;1328;1297;1268;1240;1213;1188;1165;1143;1123;1105;1088;1073;1060;1048;1038;1029;1022;1016;1012;1009;1008;1008;1010;1013;1018;1024;1031;1040;1050;1062;1075;1090;1106;1123;1142;1162;1184;1207;1232;1258;1286;1316;1346;1379;1413;1449;1487;1526;1567;1609;1653;1699;1746;1795;1846;1899;1953;2009;2067;2128;2190;2253;2319;2387;2457;2528;2602;;;;;;;;;;;;;;;;;;;;;;;;;;;
-4.100;;;;;;;;;;;;;;;;;;;;;;;;;;;;;;2264;2204;2146;2088;2032;1978;1925;1873;1823;1775;1728;1683;1640;1598;1559;1520;1484;1449;1415;1383;1352;1323;1295;1268;1243;1220;1198;1178;1159;1143;1128;1114;1102;1092;1083;1076;1071;1067;1064;1063;1063;1065;1068;1073;1079;1086;1095;1106;1118;1131;1145;1161;1179;1198;1218;1240;1263;1288;1315;1343;1372;1403;1436;1471;1507;1544;1584;1625;1668;1712;1758;1806;1855;1906;1959;2014;2070;2129;2189;2251;2315;2381;2449;2519;2590;;;;;;;;;;;;;;;;;;;;;;;;;;;;
-4.200;;;;;;;;;;;;;;;;;;;;;;;;;;;;;;;2265;2207;2149;2093;2038;1985;1933;1883;1834;1787;1741;1698;1656;1616;1578;1541;1506;1472;1440;1409;1380;1352;1325;1300;1276;1254;1234;1216;1199;1184;1170;1159;1148;1140;1133;1127;1123;1120;1119;1120;1122;1125;1130;1136;1143;1152;1163;1175;1188;1203;1219;1236;1255;1276;1298;1321;1346;1373;1401;1431;1462;1495;1530;1566;1604;1644;1685;1728;1772;1819;1867;1916;1968;2021;2076;2133;2191;2252;2314;2378;2444;2511;2581;;;;;;;;;;;;;;;;;;;;;;;;;;;;;
-4.300;;;;;;;;;;;;;;;;;;;;;;;;;;;;;;;2329;2270;2212;2155;2100;2047;1994;1944;1895;1847;1802;1758;1716;1675;1637;1600;1565;1531;1498;1468;1438;1410;1383;1358;1334;1312;1292;1274;1257;1242;1228;1216;1206;1198;1190;1185;1181;1179;1178;1178;1180;1183;1188;1194;1202;1211;1222;1234;1247;1262;1278;1295;1314;1335;1357;1381;1406;1433;1461;1491;1522;1555;1590;1627;1665;1705;1747;1790;1835;1881;1929;1979;2031;2084;2139;2196;2255;2315;2378;2441;2507;2574;;;;;;;;;;;;;;;;;;;;;;;;;;;;;;
-4.400;;;;;;;;;;;;;;;;;;;;;;;;;;;;;;;;2335;2277;2220;2164;2110;2058;2007;1958;1910;1864;1820;1777;1736;1698;1660;1625;1591;1559;1528;1498;1470;1443;1418;1395;1373;1352;1333;1316;1301;1288;1276;1266;1257;1250;1245;1241;1238;1237;1238;1240;1243;1248;1255;1262;1272;1282;1294;1307;1322;1339;1356;1375;1396;1418;1442;1467;1494;1523;1553;1584;1618;1653;1690;1728;1768;1810;1853;1898;1945;1994;2044;2095;2149;2204;2261;2320;2380;2442;2505;2570;2636;;;;;;;;;;;;;;;;;;;;;;;;;;;;;;
-4.500;;;;;;;;;;;;;;;;;;;;;;;;;;;;;;;;;2344;2286;2231;2176;2123;2072;2022;1974;1928;1883;1841;1799;1760;1723;1687;1653;1620;1589;1560;1532;1505;1480;1456;1434;1414;1395;1378;1362;1349;1337;1327;1318;1311;1306;1302;1300;1299;1300;1302;1305;1310;1317;1325;1334;1344;1356;1370;1385;1401;1419;1438;1459;1481;1505;1530;1557;1586;1616;1648;1682;1717;1754;1793;1833;1875;1918;1964;2011;2059;2109;2161;2215;2270;2327;2385;2444;2506;2568;2632;;;;;;;;;;;;;;;;;;;;;;;;;;;;;;;
-4.600;;;;;;;;;;;;;;;;;;;;;;;;;;;;;;;;;;2355;2299;2244;2191;2139;2089;2041;1994;1949;1906;1865;1825;1787;1751;1717;1684;1653;1623;1595;1569;1544;1520;1498;1478;1459;1442;1426;1412;1400;1390;1381;1374;1369;1365;1363;1362;1363;1365;1369;1374;1380;1388;1398;1408;1420;1434;1449;1465;1483;1502;1523;1546;1570;1595;1622;1651;1681;1713;1747;1783;1820;1859;1899;1941;1985;2031;2078;2126;2176;2228;2281;2336;2392;2450;2509;2569;2631;;;;;;;;;;;;;;;;;;;;;;;;;;;;;;;;
-4.700;;;;;;;;;;;;;;;;;;;;;;;;;;;;;;;;;;;2370;2315;2261;2209;2158;2109;2062;2017;1973;1932;1892;1853;1817;1782;1750;1718;1689;1661;1634;1609;1585;1563;1543;1524;1507;1491;1478;1465;1455;1446;1439;1434;1430;1428;1427;1428;1430;1434;1439;1446;1454;1463;1474;1486;1500;1515;1531;1549;1568;1589;1612;1636;1661;1689;1718;1748;1781;1815;1850;1888;1927;1967;2009;2053;2099;2146;2194;2244;2296;2348;2403;2458;2515;2573;2632;;;;;;;;;;;;;;;;;;;;;;;;;;;;;;;;;
-4.800;;;;;;;;;;;;;;;;;;;;;;;;;;;;;;;;;;;;2388;2333;2281;2230;2180;2133;2087;2043;2001;1960;1922;1885;1850;1817;1786;1756;1728;1701;1676;1653;1631;1610;1591;1574;1559;1545;1533;1522;1513;1506;1501;1497;1494;1494;1495;1497;1501;1506;1513;1521;1530;1541;1553;1566;1581;1598;1616;1635;1656;1679;1703;1729;1757;1786;1817;1849;1883;1919;1957;1996;2037;2079;2123;2168;2215;2263;2313;2364;2416;2469;2524;2579;2636;;;;;;;;;;;;;;;;;;;;;;;;;;;;;;;;;;
-4.900;;;;;;;;;;;;;;;;;;;;;;;;;;;;;;;;;;;;;2409;2355;2304;2254;2206;2159;2115;2072;2031;1992;1955;1920;1887;1855;1825;1797;1770;1745;1721;1700;1679;1660;1643;1628;1614;1601;1591;1582;1575;1569;1565;1563;1562;1562;1565;1568;1573;1580;1588;1597;1608;1621;1634;1649;1666;1684;1704;1725;1748;1772;1798;1826;1856;1887;1920;1954;1990;2027;2067;2107;2149;2193;2238;2285;2332;2381;2431;2483;2535;2588;;;;;;;;;;;;;;;;;;;;;;;;;;;;;;;;;;;;
-5.000;;;;;;;;;;;;;;;;;;;;;;;;;;;;;;;;;;;;;;2433;2381;2330;2281;2234;2189;2146;2105;2065;2028;1992;1958;1926;1896;1868;1841;1816;1792;1770;1750;1731;1714;1698;1684;1672;1661;1652;1645;1639;1635;1632;1631;1632;1634;1638;1643;1649;1657;1667;1678;1690;1704;1719;1736;1754;1774;1795;1819;1843;1870;1898;1927;1959;1991;2026;2062;2100;2139;2179;2221;2264;2309;2355;2402;2450;2499;2549;2600;;;;;;;;;;;;;;;;;;;;;;;;;;;;;;;;;;;;;
-5.100;;;;;;;;;;;;;;;;;;;;;;;;;;;;;;;;;;;;;;;;2409;2359;2312;2266;2222;2180;2140;2103;2066;2032;2000;1969;1941;1914;1888;1865;1843;1822;1804;1786;1771;1757;1744;1734;1724;1717;1711;1707;1704;1703;1703;1705;1709;1714;1720;1728;1738;1748;1761;1775;1790;1807;1826;1846;1868;1891;1916;1942;1971;2000;2032;2065;2099;2135;2173;2212;2252;2294;2336;2380;2425;2471;2518;2566;2615;;;;;;;;;;;;;;;;;;;;;;;;;;;;;;;;;;;;;;
-5.200;;;;;;;;;;;;;;;;;;;;;;;;;;;;;;;;;;;;;;;;;2441;2392;2346;2301;2259;2218;2180;2143;2108;2076;2045;2016;1988;1963;1939;1917;1897;1878;1860;1845;1831;1818;1807;1798;1791;1785;1780;1777;1776;1776;1778;1782;1787;1793;1801;1810;1821;1834;1848;1864;1881;1899;1920;1942;1965;1990;2017;2045;2075;2107;2140;2174;2210;2247;2286;2326;2367;2409;2452;2496;2541;2586;2632;;;;;;;;;;;;;;;;;;;;;;;;;;;;;;;;;;;;;;;
-5.300;;;;;;;;;;;;;;;;;;;;;;;;;;;;;;;;;;;;;;;;;;2477;2429;2384;2340;2299;2260;2222;2187;2154;2122;2093;2065;2039;2015;1993;1972;1954;1936;1920;1906;1894;1883;1874;1866;1860;1855;1852;1851;1851;1853;1856;1861;1868;1876;1885;1896;1909;1923;1939;1956;1975;1995;2018;2041;2067;2093;2122;2152;2183;2216;2250;2286;2323;2361;2400;2440;2481;2523;2566;2609;;;;;;;;;;;;;;;;;;;;;;;;;;;;;;;;;;;;;;;;;
-5.400;;;;;;;;;;;;;;;;;;;;;;;;;;;;;;;;;;;;;;;;;;;;2469;2425;2382;2342;2304;2268;2234;2202;2172;2144;2118;2094;2071;2050;2031;2014;1998;1984;1971;1960;1951;1943;1937;1932;1929;1928;1928;1930;1933;1938;1944;1952;1962;1973;1986;2000;2016;2033;2052;2073;2095;2119;2144;2171;2200;2230;2261;2293;2327;2362;2399;2436;2474;2514;2554;2594;2635;;;;;;;;;;;;;;;;;;;;;;;;;;;;;;;;;;;;;;;;;;
-5.500;;;;;;;;;;;;;;;;;;;;;;;;;;;;;;;;;;;;;;;;;;;;;;2470;2428;2389;2352;2318;2285;2254;2226;2199;2174;2151;2130;2110;2093;2077;2062;2050;2039;2029;2021;2015;2011;2008;2006;2006;2008;2011;2016;2023;2031;2040;2051;2064;2079;2095;2112;2132;2152;2175;2198;2224;2251;2279;2309;2340;2372;2405;2440;2476;2512;2549;2587;2626;;;;;;;;;;;;;;;;;;;;;;;;;;;;;;;;;;;;;;;;;;;;
-5.600;;;;;;;;;;;;;;;;;;;;;;;;;;;;;;;;;;;;;;;;;;;;;;;2518;2478;2440;2404;2370;2339;2309;2282;2257;2233;2211;2192;2174;2157;2143;2130;2119;2109;2101;2095;2090;2087;2086;2086;2088;2091;2096;2103;2111;2120;2132;2145;2159;2175;2193;2212;2233;2255;2279;2305;2331;2359;2389;2419;2451;2484;2518;2553;2588;2624;;;;;;;;;;;;;;;;;;;;;;;;;;;;;;;;;;;;;;;;;;;;;;
-5.700;;;;;;;;;;;;;;;;;;;;;;;;;;;;;;;;;;;;;;;;;;;;;;;;;2530;2493;2459;2426;2396;2368;2342;2317;2295;2275;2256;2240;2225;2212;2201;2191;2183;2176;2172;2169;2167;2167;2169;2173;2178;2184;2192;2202;2214;2227;2241;2257;2275;2295;2315;2338;2362;2387;2413;2441;2470;2500;2531;2564;2596;2630;;;;;;;;;;;;;;;;;;;;;;;;;;;;;;;;;;;;;;;;;;;;;;;;
-5.800;;;;;;;;;;;;;;;;;;;;;;;;;;;;;;;;;;;;;;;;;;;;;;;;;;;;2517;2485;2456;2429;2404;2381;2360;2341;2324;2309;2295;2284;2274;2266;2259;2254;2251;2250;2250;2252;2255;2260;2267;2275;2285;2297;2310;2325;2341;2359;2378;2399;2421;2445;2470;2496;2524;2552;2582;2612;2643;;;;;;;;;;;;;;;;;;;;;;;;;;;;;;;;;;;;;;;;;;;;;;;;;;
-5.900;;;;;;;;;;;;;;;;;;;;;;;;;;;;;;;;;;;;;;;;;;;;;;;;;;;;;;2547;2519;2493;2469;2448;2428;2410;2395;2381;2369;2358;2350;2343;2338;2335;2333;2334;2335;2339;2344;2351;2359;2369;2381;2394;2409;2425;2443;2463;2484;2506;2529;2554;2580;2607;2635;;;;;;;;;;;;;;;;;;;;;;;;;;;;;;;;;;;;;;;;;;;;;;;;;;;;;
-6.000;;;;;;;;;;;;;;;;;;;;;;;;;;;;;;;;;;;;;;;;;;;;;;;;;;;;;;;;;2560;2538;2517;2499;2482;2468;2455;2444;2436;2429;2423;2420;2418;2419;2420;2424;2429;2436;2444;2455;2466;2480;2495;2511;2529;2548;2569;2591;2614;2639;;;;;;;;;;;;;;;;;;;;;;;;;;;;;;;;;;;;;;;;;;;;;;;;;;;;;;;;
-6.100;;;;;;;;;;;;;;;;;;;;;;;;;;;;;;;;;;;;;;;;;;;;;;;;;;;;;;;;;;;;;2572;2556;2543;2532;2523;2515;2510;2506;2504;2504;2506;2510;2515;2522;2530;2541;2553;2566;2581;2597;2615;2635;;;;;;;;;;;;;;;;;;;;;;;;;;;;;;;;;;;;;;;;;;;;;;;;;;;;;;;;;;;;
-6.200;;;;;;;;;;;;;;;;;;;;;;;;;;;;;;;;;;;;;;;;;;;;;;;;;;;;;;;;;;;;;;;;;;;;;2591;2591;2593;2596;2602;2608;2617;;;;;;;;;;;;;;;;;;;;;;;;;;;;;;;;;;;;;;;;;;;;;;;;;;;;;;;;;;;;;;;;;;;
-6.300;;;;;;;;;;;;;;;;;;;;;;;;;;;;;;;;;;;;;;;;;;;;;;;;;;;;;;;;;;;;;;;;;;;;;;;;;;;;;;;;;;;;;;;;;;;;;;;;;;;;;;;;;;;;;;;;;;;;;;;;;;;;;;;;;;;;;;;;;;;;;;
-6.400;;;;;;;;;;;;;;;;;;;;;;;;;;;;;;;;;;;;;;;;;;;;;;;;;;;;;;;;;;;;;;;;;;;;;;;;;;;;;;;;;;;;;;;;;;;;;;;;;;;;;;;;;;;;;;;;;;;;;;;;;;;;;;;;;;;;;;;;;;;;;;
-6.500;;;;;;;;;;;;;;;;;;;;;;;;;;;;;;;;;;;;;;;;;;;;;;;;;;;;;;;;;;;;;;;;;;;;;;;;;;;;;;;;;;;;;;;;;;;;;;;;;;;;;;;;;;;;;;;;;;;;;;;;;;;;;;;;;;;;;;;;;;;;;;
-6.600;;;;;;;;;;;;;;;;;;;;;;;;;;;;;;;;;;;;;;;;;;;;;;;;;;;;;;;;;;;;;;;;;;;;;;;;;;;;;;;;;;;;;;;;;;;;;;;;;;;;;;;;;;;;;;;;;;;;;;;;;;;;;;;;;;;;;;;;;;;;;;
-6.700;;;;;;;;;;;;;;;;;;;;;;;;;;;;;;;;;;;;;;;;;;;;;;;;;;;;;;;;;;;;;;;;;;;;;;;;;;;;;;;;;;;;;;;;;;;;;;;;;;;;;;;;;;;;;;;;;;;;;;;;;;;;;;;;;;;;;;;;;;;;;;
-6.800;;;;;;;;;;;;;;;;;;;;;;;;;;;;;;;;;;;;;;;;;;;;;;;;;;;;;;;;;;;;;;;;;;;;;;;;;;;;;;;;;;;;;;;;;;;;;;;;;;;;;;;;;;;;;;;;;;;;;;;;;;;;;;;;;;;;;;;;;;;;;;
-6.900;;;;;;;;;;;;;;;;;;;;;;;;;;;;;;;;;;;;;;;;;;;;;;;;;;;;;;;;;;;;;;;;;;;;;;;;;;;;;;;;;;;;;;;;;;;;;;;;;;;;;;;;;;;;;;;;;;;;;;;;;;;;;;;;;;;;;;;;;;;;;;
-7.000;;;;;;;;;;;;;;;;;;;;;;;;;;;;;;;;;;;;;;;;;;;;;;;;;;;;;;;;;;;;;;;;;;;;;;;;;;;;;;;;;;;;;;;;;;;;;;;;;;;;;;;;;;;;;;;;;;;;;;;;;;;;;;;;;;;;;;;;;;;;;;
BACK;-7.000;-6.900;-6.800;-6.700;-6.600;-6.500;-6.400;-6.300;-6.200;-6.100;-6.000;-5.900;-5.800;-5.700;-5.600;-5.500;-5.400;-5.300;-5.200;-5.100;-5.000;-4.900;-4.800;-4.700;-4.600;-4.500;-4.400;-4.300;-4.200;-4.100;-4.000;-3.900;-3.800;-3.700;-3.600;-3.500;-3.400;-3.300;-3.200;-3.100;-3.000;-2.900;-2.800;-2.700;-2.600;-2.500;-2.400;-2.300;-2.200;-2.100;-2.000;-1.900;-1.800;-1.700;-1.600;-1.500;-1.400;-1.300;-1.200;-1.100;-1.000;-0.900;-0.800;-0.700;-0.600;-0.500;-0.400;-0.300;-0.200;-0.100;0.000;0.100;0.200;0.300;0.400;0.500;0.600;0.700;0.800;0.900;1.000;1.100;1.200;1.300;1.400;1.500;1.600;1.700;1.800;1.900;2.000;2.100;2.200;2.300;2.400;2.500;2.600;2.700;2.800;2.900;3.000;3.100;3.200;3.300;3.400;3.500;3.600;3.700;3.800;3.900;4.000;4.100;4.200;4.300;4.400;4.500;4.600;4.700;4.800;4.900;5.000;5.100;5.200;5.300;5.400;5.500;5.600;5.700;5.800;5.900;6.000;6.100;6.200;6.300;6.400;6.500;6.600;6.700;6.800;6.900;7.000;
7.000;;;;;;;;;;;;;;;;;;;;;;;;;;;;;;;;;;;;;;;;;;;;;;;;;;;;;;;;;;;;;;;;;;;;;;;;;;;;;;;;;;;;;;;;;;;;;;;;;;;;;;;;;;;;;;;;;;;;;;;;;;;;;;;;;;;;;;;;;;;;;;
6.900;;;;;;;;;;;;;;;;;;;;;;;;;;;;;;;;;;;;;;;;;;;;;;;;;;;;;;;;;;;;;;;;;;;;;;;;;;;;;;;;;;;;;;;;;;;;;;;;;;;;;;;;;;;;;;;;;;;;;;;;;;;;;;;;;;;;;;;;;;;;;;
6.800;;;;;;;;;;;;;;;;;;;;;;;;;;;;;;;;;;;;;;;;;;;;;;;;;;;;;;;;;;;;;;;;;;;;;;;;;;;;;;;;;;;;;;;;;;;;;;;;;;;;;;;;;;;;;;;;;;;;;;;;;;;;;;;;;;;;;;;;;;;;;;
6.700;;;;;;;;;;;;;;;;;;;;;;;;;;;;;;;;;;;;;;;;;;;;;;;;;;;;;;;;;;;;;;;;;;;;;;;;;;;;;;;;;;;;;;;;;;;;;;;;;;;;;;;;;;;;;;;;;;;;;;;;;;;;;;;;;;;;;;;;;;;;;;
6.600;;;;;;;;;;;;;;;;;;;;;;;;;;;;;;;;;;;;;;;;;;;;;;;;;;;;;;;;;;;;;;;;;;;;;;;;;;;;;;;;;;;;;;;;;;;;;;;;;;;;;;;;;;;;;;;;;;;;;;;;;;;;;;;;;;;;;;;;;;;;;;
6.500;;;;;;;;;;;;;;;;;;;;;;;;;;;;;;;;;;;;;;;;;;;;;;;;;;;;;;;;;;;;;;;;;;;;;;;;;;;;;;;;;;;;;;;;;;;;;;;;;;;;;;;;;;;;;;;;;;;;;;;;;;;;;;;;;;;;;;;;;;;;;;
6.400;;;;;;;;;;;;;;;;;;;;;;;;;;;;;;;;;;;;;;;;;;;;;;;;;;;;;;;;;;;;;;;;;;;;;;;;;;;;;;;;;;;;;;;;;;;;;;;;;;;;;;;;;;;;;;;;;;;;;;;;;;;;;;;;;;;;;;;;;;;;;;
6.300;;;;;;;;;;;;;;;;;;;;;;;;;;;;;;;;;;;;;;;;;;;;;;;;;;;;;;;;;;;;;;;;;;;;;;;;;;;;;;;;;;;;;;;;;;;;;;;;;;;;;;;;;;;;;;;;;;;;;;;;;;;;;;;;;;;;;;;;;;;;;;
6.200;;;;;;;;;;;;;;;;;;;;;;;;;;;;;;;;;;;;;;;;;;;;;;;;;;;;;;;;;;;;;;;;;;;;;;;;;;;;;;;;;;;;;;;;;;;;;;;;;;;;;;;;;;;;;;;;;;;;;;;;;;;;;;;;;;;;;;;;;;;;;;
6.100;;;;;;;;;;;;;;;;;;;;;;;;;;;;;;;;;;;;;;;;;;;;;;;;;;;;;;;;;;;;;;;;;;;;;;;;;;;;;;;;;;;;;;;;;;;;;;;;;;;;;;;;;;;;;;;;;;;;;;;;;;;;;;;;;;;;;;;;;;;;;;
6.000;;;;;;;;;;;;;;;;;;;;;;;;;;;;;;;;;;;;;;;;;;;;;;;;;;;;;;;;;;;;;;;;;;;;;;;;;;;;;;;;;;;;;;;;;;;;;;;;;;;;;;;;;;;;;;;;;;;;;;;;;;;;;;;;;;;;;;;;;;;;;;
5.900;;;;;;;;;;;;;;;;;;;;;;;;;;;;;;;;;;;;;;;;;;;;;;;;;;;;;;;;;;;;;;;;;;;;;;;;;;;;;;;;;;;;;;;;;;;;;;;;;;;;;;;;;;;;;;;;;;;;;;;;;;;;;;;;;;;;;;;;;;;;;;
5.800;;;;;;;;;;;;;;;;;;;;;;;;;;;;;;;;;;;;;;;;;;;;;;;;;;;;;;;;;;;;;;;;;;;;;;;;;;;;;;;;;;;;;;;;;;;;;;;;;;;;;;;;;;;;;;;;;;;;;;;;;;;;;;;;;;;;;;;;;;;;;;
5.700;;;;;;;;;;;;;;;;;;;;;;;;;;;;;;;;;;;;;;;;;;;;;;;;;;;;;;;;;;;;;;;;;;;;;;;;;;;;;;;;;;;;;;;;;;;;;;;;;;;;;;;;;;;;;;;;;;;;;;;;;;;;;;;;;;;;;;;;;;;;;;
5.600;;;;;;;;;;;;;;;;;;;;;;;;;;;;;;;;;;;;;;;;;;;;;;;;;;;;;;;;;;;;;;;;;;;;;;;;;;;;;;;;;;;;;;;;;;;;;;;;;;;;;;;;;;;;;;;;;;;;;;;;;;;;;;;;;;;;;;;;;;;;;;
5.500;;;;;;;;;;;;;;;;;;;;;;;;;;;;;;;;;;;;;;;;;;;;;;;;;;;;;;;;;;;;;;;;;;;;;;;;;;;;;;;;;;;;;;;;;;;;;;;;;;;;;;;;;;;;;;;;;;;;;;;;;;;;;;;;;;;;;;;;;;;;;;
5.400;;;;;;;;;;;;;;;;;;;;;;;;;;;;;;;;;;;;;;;;;;;;;;;;;;;;;;;;;;;;;;;;;;;;;;;;;;;;;;;;;;;;;;;;;;;;;;;;;;;;;;;;;;;;;;;;;;;;;;;;;;;;;;;;;;;;;;;;;;;;;;
5.300;;;;;;;;;;;;;;;;;;;;;;;;;;;;;;;;;;;;;;;;;;;;;;;;;;;;;;;;;;;;;;;;;;;;;;;;;;;;;;;;;;;;;;;;;;;;;;;;;;;;;;;;;;;;;;;;;;;;;;;;;;;;;;;;;;;;;;;;;;;;;;
5.200;;;;;;;;;;;;;;;;;;;;;;;;;;;;;;;;;;;;;;;;;;;;;;;;;;;;;;;;;;;;;;;;;;;;;;;;;;;;;;;;;;;;;;;;;;;;;;;;;;;;;;;;;;;;;;;;;;;;;;;;;;;;;;;;;;;;;;;;;;;;;;
5.100;;;;;;;;;;;;;;;;;;;;;;;;;;;;;;;;;;;;;;;;;;;;;;;;;;;;;;;;;;;;;;;;;;;;;;;;;;;;;;;;;;;;;;;;;;;;;;;;;;;;;;;;;;;;;;;;;;;;;;;;;;;;;;;;;;;;;;;;;;;;;;
5.000;;;;;;;;;;;;;;;;;;;;;;;;;;;;;;;;;;;;;;;;;;;;;;;;;;;;;;;;;;;;;;;;;;;;;;;;;;;;;;;;;;;;;;;;;;;;;;;;;;;;;;;;;;;;;;;;;;;;;;;;;;;;;;;;;;;;;;;;;;;;;;
4.900;;;;;;;;;;;;;;;;;;;;;;;;;;;;;;;;;;;;;;;;;;;;;;;;;;;;;;;;;;;;;;;;;;;;;;;;;;;;;;;;;;;;;;;;;;;;;;;;;;;;;;;;;;;;;;;;;;;;;;;;;;;;;;;;;;;;;;;;;;;;;;
4.800;;;;;;;;;;;;;;;;;;;;;;;;;;;;;;;;;;;;;;;;;;;;;;;;;;;;;;;;;;;;;;;;;;;;;;;;;;;;;;;;;;;;;;;;;;;;;;;;;;;;;;;;;;;;;;;;;;;;;;;;;;;;;;;;;;;;;;;;;;;;;;
4.700;;;;;;;;;;;;;;;;;;;;;;;;;;;;;;;;;;;;;;;;;;;;;;;;;;;;;;;;;;;;;;;;;;;;;;;;;;;;;;;;;;;;;;;;;;;;;;;;;;;;;;;;;;;;;;;;;;;;;;;;;;;;;;;;;;;;;;;;;;;;;;
4.600;;;;;;;;;;;;;;;;;;;;;;;;;;;;;;;;;;;;;;;;;;;;;;;;;;;;;;;;;;;;;;;;;;;;;;;;;;;;;;;;;;;;;;;;;;;;;;;;;;;;;;;;;;;;;;;;;;;;;;;;;;;;;;;;;;;;;;;;;;;;;;
4.500;;;;;;;;;;;;;;;;;;;;;;;;;;;;;;;;;;;;;;;;;;;;;;;;;;;;;;;;;;;;;;;;;;;;;;;;;;;;;;;;;;;;;;;;;;;;;;;;;;;;;;;;;;;;;;;;;;;;;;;;;;;;;;;;;;;;;;;;;;;;;;
4.400;;;;;;;;;;;;;;;;;;;;;;;;;;;;;;;;;;;;;;;;;;;;;;;;;;;;;;;;;;;;;;;;;;;;;;;;;;;;;;;;;;;;;;;;;;;;;;;;;;;;;;;;;;;;;;;;;;;;;;;;;;;;;;;;;;;;;;;;;;;;;;
4.300;;;;;;;;;;;;;;;;;;;;;;;;;;;;;;;;;;;;;;;;;;;;;;;;;;;;;;;;;;;;;;;;;;;;;;;;;;;;;;;;;;;;;;;;;;;;;;;;;;;;;;;;;;;;;;;;;;;;;;;;;;;;;;;;;;;;;;;;;;;;;;
4.200;;;;;;;;;;;;;;;;;;;;;;;;;;;;;;;;;;;;;;;;;;;;;;;;;;;;;;;;;;;;;;;;;;;;;;;;;;;;;;;;;;;;;;;;;;;;;;;;;;;;;;;;;;;;;;;;;;;;;;;;;;;;;;;;;;;;;;;;;;;;;;
4.100;;;;;;;;;;;;;;;;;;;;;;;;;;;;;;;;;;;;;;;;;;;;;;;;;;;;;;;;;;;;;;;;;;;;;;;;;;;;;;;;;;;;;;;;;;;;;;;;;;;;;;;;;;;;;;;;;;;;;;;;;;;;;;;;;;;;;;;;;;;;;;
4.000;;;;;;;;;;;;;;;;;;;;;;;;;;;;;;;;;;;;;;;;;;;;;;;;;;;;;;;;;;;;;;;;;;;;;;;;;;;;;;;;;;;;;;;;;;;;;;;;;;;;;;;;;;;;;;;;;;;;;;;;;;;;;;;;;;;;;;;;;;;;;;
3.900;;;;;;;;;;;;;;;;;;;;;;;;;;;;;;;;;;;;;;;;;;;;;;;;;;;;;;;;;;;;;;;;;;;;;;;;;;;;;;;;;;;;;;;;;;;;;;;;;;;;;;;;;;;;;;;;;;;;;;;;;;;;;;;;;;;;;;;;;;;;;;
3.800;;;;;;;;;;;;;;;;;;;;;;;;;;;;;;;;;;;;;;;;;;;;;;;;;;;;;;;;;;;;;;;;;;;;;;;;;;;;;;;;;;;;;;;;;;;;;;;;;;;;;;;;;;;;;;;;;;;;;;;;;;;;;;;;;;;;;;;;;;;;;;
3.700;;;;;;;;;;;;;;;;;;;;;;;;;;;;;;;;;;;;;;;;;;;;;;;;;;;;;;;;;;;;;;;;;;;;;;;;;;;;;;;;;;;;;;;;;;;;;;;;;;;;;;;;;;;;;;;;;;;;;;;;;;;;;;;;;;;;;;;;;;;;;;
3.600;;;;;;;;;;;;;;;;;;;;;;;;;;;;;;;;;;;;;;;;;;;;;;;;;;;;;;;;;;;;;;;;;;;;;;;;;;;;;;;;;;;;;;;;;;;;;;;;;;;;;;;;;;;;;;;;;;;;;;;;;;;;;;;;;;;;;;;;;;;;;;
3.500;;;;;;;;;;;;;;;;;;;;;;;;;;;;;;;;;;;;;;;;;;;;;;;;;;;;;;;;;;;;;;;;;;;;;;;;;;;;;;;;;;;;;;;;;;;;;;;;;;;;;;;;;;;;;;;;;;;;;;;;;;;;;;;;;;;;;;;;;;;;;;
3.400;;;;;;;;;;;;;;;;;;;;;;;;;;;;;;;;;;;;;;;;;;;;;;;;;;;;;;;;;;;;;;;;;;;;;;;;;;;;;;;;;;;;;;;;;;;;;;;;;;;;;;;;;;;;;;;;;;;;;;;;;;;;;;;;;;;;;;;;;;;;;;
3.300;;;;;;;;;;;;;;;;;;;;;;;;;;;;;;;;;;;;;;;;;;;;;;;;;;;;;;;;;;;;;;;;;;;;;;;;;;;;;;;;;;;;;;;;;;;;;;;;;;;;;;;;;;;;;;;;;;;;;;;;;;;;;;;;;;;;;;;;;;;;;;
3.200;;;;;;;;;;;;;;;;;;;;;;;;;;;;;;;;;;;;;;;;;;;;;;;;;;;;;;;;;;;;;;;;;;;;;;;;;;;;;;;;;;;;;;;;;;;;;;;;;;;;;;;;;;;;;;;;;;;;;;;;;;;;;;;;;;;;;;;;;;;;;;
3.100;;;;;;;;;;;;;;;;;;;;;;;;;;;;;;;;;;;;;;;;;;;;;;;;;;;;;;;;;;;;;;;;;;;;;;;;;;;;;;;;;;;;;;;;;;;;;;;;;;;;;;;;;;;;;;;;;;;;;;;;;;;;;;;;;;;;;;;;;;;;;;
3.000;;;;;;;;;;;;;;;;;;;;;;;;;;;;;;;;;;;;;;;;;;;;;;;;;;;;;;;;;;;;;;;;;;;;;;;;;;;;;;;;;;;;;;;;;;;;;;;;;;;;;;;;;;;;;;;;;;;;;;;;;;;;;;;;;;;;;;;;;;;;;;
2.900;;;;;;;;;;;;;;;;;;;;;;;;;;;;;;;;;;;;;;;;;;;;;;;;;;;;;;;;;;;;;;;;;;;;;;;;;;;;;;;;;;;;;;;;;;;;;;;;;;;;;;;;;;;;;;;;;;;;;;;;;;;;;;;;;;;;;;;;;;;;;;
2.800;;;;;;;;;;;;;;;;;;;;;;;;;;;;;;;;;;;;;;;;;;;;;;;;;;;;;;;;;;;;1327;1310;1293;1278;1262;1248;1235;1224;1214;1205;1199;1194;1192;1193;1196;1203;1212;1225;1240;1259;1282;1307;1336;1368;1403;1441;;;;;;;;;;;;;;;;;;;;;;;;;;;;;;;;;;;;;;;;;;;;;;;;;;;;;;;;;
2.700;;;;;;;;;;;;;;;;;;;;;;;;;;;;;;;;;;;;;;;;;;;;;;;;;;;;;;;1350;1328;1308;1288;1269;1250;1233;1216;1201;1186;1172;1160;1150;1141;1134;1129;1126;1126;1128;1133;1141;1152;1167;1184;1205;1228;1255;1285;1318;1353;1391;1432;1474;1517;1562;;;;;;;;;;;;;;;;;;;;;;;;;;;;;;;;;;;;;;;;;;;;;;;;;;;;;
2.600;;;;;;;;;;;;;;;;;;;;;;;;;;;;;;;;;;;;;;;;;;;;;;;;;;;;1357;1330;1305;1281;1258;1236;1216;1196;1177;1160;1143;1127;1113;1101;1089;1080;1072;1066;1063;1061;1063;1067;1074;1083;1096;1112;1130;1152;1177;1205;1236;1270;1306;1344;1385;1427;1471;1515;1560;1606;1651;;;;;;;;;;;;;;;;;;;;;;;;;;;;;;;;;;;;;;;;;;;;;;;;;;
2.500;;;;;;;;;;;;;;;;;;;;;;;;;;;;;;;;;;;;;;;;;;;;;;;;;1389;1356;1324;1295;1267;1240;1215;1191;1168;1147;1127;1108;1090;1073;1058;1044;1032;1022;1013;1006;1002;1000;1000;1003;1008;1017;1028;1042;1059;1079;1103;1129;1158;1189;1224;1261;1299;1340;1382;1426;1470;1515;1560;1604;1648;1690;1731;;;;;;;;;;;;;;;;;;;;;;;;;;;;;;;;;;;;;;;;;;;;;;;
2.400;;;;;;;;;;;;;;;;;;;;;;;;;;;;;;;;;;;;;;;;;;;;;;;1411;1371;1334;1299;1266;1235;1206;1178;1152;1127;1104;1082;1061;1042;1024;1007;992;979;967;958;950;944;941;940;941;946;952;962;975;990;1009;1030;1055;1082;1112;1144;1179;1217;1256;1297;1339;1382;1427;1471;1515;1559;1602;1644;1684;1722;1757;;;;;;;;;;;;;;;;;;;;;;;;;;;;;;;;;;;;;;;;;;;;;
2.300;;;;;;;;;;;;;;;;;;;;;;;;;;;;;;;;;;;;;;;;;;;;;1449;1403;1360;1319;1281;1245;1210;1178;1148;1119;1092;1066;1042;1019;998;979;961;944;929;917;906;897;890;885;883;883;885;891;899;910;924;941;960;983;1008;1036;1067;1100;1136;1174;1213;1254;1297;1340;1384;1428;1472;1515;1558;1599;1638;1676;1711;1743;;;;;;;;;;;;;;;;;;;;;;;;;;;;;;;;;;;;;;;;;;;;
2.200;;;;;;;;;;;;;;;;;;;;;;;;;;;;;;;;;;;;;;;;;;;1502;1450;1401;1355;1310;1269;1229;1192;1157;1123;1092;1062;1034;1008;983;960;938;918;900;884;870;857;847;838;832;828;827;828;832;838;848;860;875;893;913;937;963;992;1024;1058;1094;1132;1172;1213;1255;1298;1342;1386;1430;1473;1515;1556;1595;1632;1666;1698;1728;1755;;;;;;;;;;;;;;;;;;;;;;;;;;;;;;;;;;;;;;;;;;
2.100;;;;;;;;;;;;;;;;;;;;;;;;;;;;;;;;;;;;;;;;;;1512;1457;1404;1355;1307;1263;1220;1180;1141;1105;1071;1038;1008;979;952;926;903;881;861;843;827;813;800;790;783;777;774;774;776;780;788;798;811;827;846;868;892;919;949;981;1015;1052;1090;1130;1172;1214;1257;1301;1345;1388;1431;1472;1513;1552;1589;1623;1655;1685;1712;1736;;;;;;;;;;;;;;;;;;;;;;;;;;;;;;;;;;;;;;;;;
2.000;;;;;;;;;;;;;;;;;;;;;;;;;;;;;;;;;;;;;;;;;1525;1467;1412;1359;1309;1261;1216;1173;1131;1092;1055;1020;987;955;926;898;872;848;826;806;788;772;758;746;737;729;725;722;722;725;731;739;750;764;781;801;823;848;876;906;939;974;1010;1049;1089;1131;1173;1216;1260;1303;1346;1389;1431;1471;1510;1547;1581;1614;1644;1672;1697;1719;1739;;;;;;;;;;;;;;;;;;;;;;;;;;;;;;;;;;;;;;;
1.900;;;;;;;;;;;;;;;;;;;;;;;;;;;;;;;;;;;;;;;;1540;1480;1423;1368;1315;1265;1216;1170;1126;1085;1045;1007;971;937;905;875;847;821;796;774;754;736;720;706;694;685;678;674;672;673;677;683;692;704;719;736;757;780;805;833;864;897;932;969;1008;1048;1089;1132;1175;1218;1262;1305;1347;1389;1429;1468;1505;1540;1573;1604;1633;1659;1683;1704;1724;;;;;;;;;;;;;;;;;;;;;;;;;;;;;;;;;;;;;;
1.800;;;;;;;;;;;;;;;;;;;;;;;;;;;;;;;;;;;;;;;1557;1496;1436;1379;1324;1272;1221;1172;1126;1081;1039;999;960;924;889;857;826;797;771;746;724;703;685;669;656;644;636;629;626;624;626;630;637;647;659;674;693;713;737;763;791;822;855;891;928;966;1007;1048;1090;1133;1176;1220;1263;1305;1347;1387;1426;1464;1500;1533;1565;1595;1622;1648;1671;1694;1714;;;;;;;;;;;;;;;;;;;;;;;;;;;;;;;;;;;;;
1.700;;;;;;;;;;;;;;;;;;;;;;;;;;;;;;;;;;;;;;1575;1513;1452;1393;1336;1282;1229;1178;1129;1083;1038;995;954;915;878;843;810;779;750;723;698;676;655;637;621;608;597;588;582;579;578;580;585;592;602;615;631;650;671;695;721;750;781;814;849;886;925;965;1006;1048;1091;1134;1177;1220;1263;1304;1345;1385;1423;1459;1494;1527;1558;1587;1614;1640;1665;1689;1712;;;;;;;;;;;;;;;;;;;;;;;;;;;;;;;;;;;;
1.600;;;;;;;;;;;;;;;;;;;;;;;;;;;;;;;;;;;;;1594;1530;1468;1408;1350;1294;1240;1187;1136;1087;1040;995;952;910;871;834;798;765;733;704;677;652;629;609;591;575;562;551;543;537;534;533;536;541;549;559;573;589;608;629;653;679;708;739;773;808;845;883;923;964;1006;1048;1091;1134;1177;1220;1262;1303;1343;1381;1419;1454;1489;1521;1552;1582;1610;1638;1665;1691;1718;;;;;;;;;;;;;;;;;;;;;;;;;;;;;;;;;;;
1.500;;;;;;;;;;;;;;;;;;;;;;;;;;;;;;;;;;;;1612;1548;1486;1425;1366;1308;1253;1198;1146;1095;1046;999;954;910;868;828;791;755;721;689;660;633;608;585;564;546;531;517;507;499;493;491;490;493;499;507;518;531;547;566;588;612;638;667;698;731;766;803;841;881;921;963;1005;1048;1091;1134;1176;1218;1260;1300;1340;1378;1415;1451;1485;1518;1550;1581;1612;1642;1672;1703;;;;;;;;;;;;;;;;;;;;;;;;;;;;;;;;;;;
1.400;;;;;;;;;;;;;;;;;;;;;;;;;;;;;;;;;;;1629;1565;1503;1442;1382;1324;1267;1212;1158;1106;1055;1006;959;913;869;827;787;749;713;679;647;618;590;565;542;522;504;488;475;464;457;451;449;449;452;457;466;477;490;507;526;547;571;598;626;657;690;724;761;799;838;878;920;962;1004;1047;1090;1132;1175;1216;1257;1298;1337;1375;1413;1449;1485;1519;1553;1587;1621;1655;1690;1726;;;;;;;;;;;;;;;;;;;;;;;;;;;;;;;;;;
1.300;;;;;;;;;;;;;;;;;;;;;;;;;;;;;;;;;;1645;1582;1520;1459;1399;1341;1283;1227;1172;1119;1067;1016;967;920;874;830;788;748;709;673;639;607;577;549;524;501;481;463;447;434;424;416;411;409;409;412;418;426;437;451;467;486;507;531;557;586;616;649;683;719;756;795;835;876;917;960;1002;1045;1088;1130;1172;1214;1255;1296;1336;1375;1413;1451;1488;1525;1562;1600;1638;1678;1719;1762;;;;;;;;;;;;;;;;;;;;;;;;;;;;;;;;;
1.200;;;;;;;;;;;;;;;;;;;;;;;;;;;;;;;;;;1598;1537;1476;1417;1358;1300;1244;1188;1134;1081;1029;978;929;882;836;792;750;709;671;634;600;568;538;510;485;462;442;424;408;395;385;377;373;370;371;374;379;388;399;412;429;447;468;492;518;546;576;607;641;677;713;752;791;832;873;915;957;1000;1043;1085;1128;1170;1213;1254;1296;1336;1377;1417;1457;1498;1538;1580;1622;1666;1712;1761;;;;;;;;;;;;;;;;;;;;;;;;;;;;;;;;;
1.100;;;;;;;;;;;;;;;;;;;;;;;;;;;;;;;;;1614;1553;1493;1434;1376;1318;1261;1205;1150;1097;1044;992;942;893;845;800;755;713;673;634;597;563;531;501;473;448;425;404;386;371;358;348;340;336;333;334;337;342;351;362;375;391;409;430;453;479;506;535;567;600;635;671;708;747;787;828;869;912;954;997;1040;1083;1126;1169;1212;1255;1298;1341;1384;1427;1470;1515;1560;1607;1655;1706;1760;1817;;;;;;;;;;;;;;;;;;;;;;;;;;;;;;;;
1.000;;;;;;;;;;;;;;;;;;;;;;;;;;;;;;;;;1569;1510;1451;1394;1336;1280;1224;1169;1114;1061;1008;957;907;858;810;765;720;678;637;599;562;527;495;465;437;412;389;369;351;335;323;313;305;300;298;298;301;307;315;326;339;355;373;393;415;440;467;496;526;559;593;628;665;703;743;783;824;866;908;951;995;1038;1082;1126;1171;1215;1260;1305;1350;1396;1443;1491;1541;1592;1645;1701;1760;1823;1890;;;;;;;;;;;;;;;;;;;;;;;;;;;;;;;
0.900;;;;;;;;;;;;;;;;;;;;;;;;;;;;;;;;1585;1527;1469;1412;1355;1299;1243;1188;1133;1080;1026;974;923;873;824;777;731;687;644;604;565;528;494;461;431;403;378;355;335;317;302;289;279;272;267;264;265;268;273;281;291;304;319;337;357;379;403;429;457;487;518;551;586;622;660;699;738;779;820;863;906;949;993;1038;1083;1129;1175;1221;1269;1317;1366;1416;1468;1521;1577;1635;1696;1760;1828;1901;;;;;;;;;;;;;;;;;;;;;;;;;;;;;;;
0.800;;;;;;;;;;;;;;;;;;;;;;;;;;;;;;;;1544;1487;1431;1375;1319;1264;1209;1154;1100;1047;994;942;891;841;792;745;699;655;612;572;533;496;461;429;399;371;346;323;303;285;270;257;247;240;235;232;233;235;241;248;258;271;285;302;322;343;366;392;419;448;479;511;545;580;617;655;694;734;775;817;860;904;949;994;1040;1087;1134;1183;1233;1283;1335;1389;1444;1502;1562;1625;1690;1760;1833;1912;1995;;;;;;;;;;;;;;;;;;;;;;;;;;;;;;
0.700;;;;;;;;;;;;;;;;;;;;;;;;;;;;;;;1561;1506;1450;1395;1340;1286;1231;1177;1123;1069;1016;963;912;861;811;762;715;669;625;582;541;503;466;431;399;369;341;316;293;273;255;240;227;217;210;205;202;202;205;210;217;227;239;253;269;288;308;331;355;382;410;440;471;504;539;574;612;650;690;730;772;815;859;904;950;997;1045;1094;1145;1197;1250;1305;1362;1421;1483;1547;1614;1685;1760;1838;1922;2011;;;;;;;;;;;;;;;;;;;;;;;;;;;;;;
0.600;;;;;;;;;;;;;;;;;;;;;;;;;;;;;;;1526;1471;1417;1363;1309;1255;1201;1147;1093;1040;987;935;883;832;783;734;687;641;596;554;513;474;437;403;371;341;313;288;265;245;227;212;199;189;182;177;174;174;176;181;188;197;209;222;238;256;275;297;321;346;373;402;433;465;498;533;569;607;646;687;728;771;815;860;907;955;1004;1055;1107;1162;1217;1275;1336;1398;1464;1532;1604;1679;1759;1843;1932;2026;;;;;;;;;;;;;;;;;;;;;;;;;;;;;;
0.500;;;;;;;;;;;;;;;;;;;;;;;;;;;;;;;1494;1440;1387;1334;1280;1227;1173;1120;1067;1014;961;909;857;806;757;708;660;614;570;527;487;448;411;376;344;314;287;261;239;219;201;186;173;163;156;151;148;147;150;154;160;169;180;193;208;225;244;265;287;312;338;366;395;426;459;493;528;565;604;644;685;728;772;818;865;914;964;1017;1071;1127;1185;1246;1309;1376;1445;1517;1593;1674;1758;1847;1941;2040;2144;;;;;;;;;;;;;;;;;;;;;;;;;;;;;
0.400;;;;;;;;;;;;;;;;;;;;;;;;;;;;;;1519;1466;1413;1361;1308;1255;1202;1149;1096;1043;990;937;885;833;783;733;684;636;590;546;503;462;423;387;352;320;290;262;237;215;195;177;162;149;139;132;126;124;123;125;129;135;143;153;166;180;196;214;234;256;279;304;331;360;390;421;454;489;525;563;602;643;686;730;776;824;874;925;979;1035;1093;1154;1218;1284;1353;1426;1503;1583;1667;1756;1850;1949;2053;2162;;;;;;;;;;;;;;;;;;;;;;;;;;;;;
0.300;;;;;;;;;;;;;;;;;;;;;;;;;;;;;;1494;1442;1390;1338;1286;1233;1180;1128;1075;1022;969;916;864;812;761;711;662;615;568;524;481;440;401;364;330;298;268;240;215;193;173;155;140;128;117;110;104;101;101;102;106;111;119;129;141;154;170;187;206;226;249;273;298;326;355;385;417;451;487;524;563;603;646;690;736;785;835;888;943;1000;1061;1124;1190;1259;1332;1408;1488;1573;1661;1754;1852;1956;2064;2178;;;;;;;;;;;;;;;;;;;;;;;;;;;;;
0.200;;;;;;;;;;;;;;;;;;;;;;;;;;;;;;1474;1422;1371;1319;1267;1215;1162;1109;1056;1003;950;898;845;793;742;692;643;595;549;504;461;420;381;344;310;277;248;220;195;173;153;135;120;108;98;90;85;81;80;82;85;90;97;107;118;130;145;161;179;199;220;243;268;294;322;351;383;415;450;486;525;565;607;652;698;747;798;852;908;967;1029;1095;1163;1235;1311;1391;1474;1562;1655;1752;1854;1961;2074;2192;2315;;;;;;;;;;;;;;;;;;;;;;;;;;;;
0.100;;;;;;;;;;;;;;;;;;;;;;;;;;;;;1509;1458;1407;1356;1304;1252;1200;1148;1095;1042;988;935;882;829;777;726;675;626;578;532;487;444;402;363;326;292;260;230;202;177;155;135;118;103;90;80;72;67;64;62;63;66;71;78;86;97;109;123;138;155;174;194;216;239;265;291;320;350;382;416;451;489;529;571;615;662;711;763;818;875;936;1000;1067;1138;1212;1291;1374;1461;1552;1648;1749;1855;1966;2083;2204;2331;;;;;;;;;;;;;;;;;;;;;;;;;;;;
0.000;;;;;;;;;;;;;;;;;;;;;;;;;;;;;1498;1447;1396;1345;1293;1241;1189;1136;1083;1030;976;923;870;817;764;712;662;612;564;517;472;428;387;348;311;276;244;214;187;162;140;120;102;87;75;65;57;51;48;47;47;50;54;60;68;78;90;103;117;133;151;170;191;213;238;263;291;320;351;384;419;456;495;537;581;628;678;730;786;844;906;972;1041;1114;1191;1272;1358;1448;1542;1642;1746;1856;1970;2090;2215;2345;;;;;;;;;;;;;;;;;;;;;;;;;;;;
-0.100;;;;;;;;;;;;;;;;;;;;;;;;;;;;;1491;1440;1389;1338;1286;1234;1182;1129;1075;1022;968;914;860;807;754;702;650;600;552;504;459;415;374;335;298;263;230;201;173;149;126;107;89;74;62;52;44;38;35;33;33;36;40;46;53;62;73;85;99;114;131;149;169;190;213;238;264;292;323;355;389;426;465;506;550;597;647;700;756;816;879;946;1017;1092;1171;1255;1343;1436;1533;1636;1743;1855;1973;2096;2223;2356;;;;;;;;;;;;;;;;;;;;;;;;;;;;
-0.200;;;;;;;;;;;;;;;;;;;;;;;;;;;;;1488;1437;1386;1335;1283;1231;1178;1125;1071;1017;962;908;854;800;746;694;642;591;542;495;449;405;363;324;287;252;219;190;162;137;115;95;78;63;51;41;33;27;24;22;22;24;28;33;40;49;59;70;83;97;113;130;149;170;192;215;241;268;297;329;362;398;437;478;522;569;619;672;729;790;854;922;995;1072;1153;1239;1329;1424;1525;1630;1740;1855;1975;2100;2230;2364;;;;;;;;;;;;;;;;;;;;;;;;;;;;
-0.300;;;;;;;;;;;;;;;;;;;;;;;;;;;;;1490;1439;1388;1336;1284;1231;1178;1124;1070;1015;960;905;850;796;742;688;636;585;536;488;441;397;355;315;278;243;211;181;153;129;106;87;70;55;42;32;24;19;15;13;13;15;18;23;30;38;47;58;70;83;98;115;133;152;173;196;220;247;275;306;338;374;412;453;497;543;594;648;705;766;832;901;975;1054;1137;1224;1317;1414;1517;1624;1737;1854;1976;2103;2235;2371;2511;;;;;;;;;;;;;;;;;;;;;;;;;;;
-0.400;;;;;;;;;;;;;;;;;;;;;;;;;;;;;1495;1444;1393;1341;1289;1236;1182;1128;1073;1017;962;906;850;795;740;686;633;582;532;483;437;392;350;309;272;237;204;174;147;122;100;80;63;48;36;26;18;12;8;7;6;8;11;16;22;29;38;48;60;72;86;102;119;137;157;179;203;228;256;286;318;353;390;431;474;521;572;626;684;746;812;883;958;1038;1123;1212;1306;1406;1510;1619;1733;1853;1977;2105;2238;2375;2516;;;;;;;;;;;;;;;;;;;;;;;;;;;
-0.500;;;;;;;;;;;;;;;;;;;;;;;;;;;;1556;1505;1453;1402;1350;1297;1243;1189;1134;1079;1022;966;910;853;797;742;687;633;581;530;481;434;389;346;306;268;233;200;170;142;118;95;76;59;44;32;22;14;8;4;2;2;3;6;10;16;23;31;41;52;64;77;92;108;126;145;166;189;213;240;269;301;335;372;412;456;503;553;608;666;729;796;868;944;1025;1111;1202;1297;1398;1504;1615;1731;1851;1977;2106;2240;2378;2519;;;;;;;;;;;;;;;;;;;;;;;;;;;
-0.600;;;;;;;;;;;;;;;;;;;;;;;;;;;;1569;1518;1466;1414;1362;1309;1255;1200;1144;1088;1031;974;916;859;802;746;690;636;583;532;482;434;389;346;305;266;231;198;168;140;115;93;74;57;42;30;20;12;6;2;0;0;1;4;8;13;20;28;37;47;58;71;85;101;117;136;156;178;202;228;256;287;321;358;398;441;488;538;593;652;715;783;855;932;1014;1101;1193;1290;1393;1500;1612;1729;1850;1976;2106;2240;2378;2519;;;;;;;;;;;;;;;;;;;;;;;;;;;
-0.700;;;;;;;;;;;;;;;;;;;;;;;;;;;;1585;1534;1482;1430;1377;1324;1269;1213;1157;1100;1042;984;926;868;810;753;697;642;588;536;485;437;391;347;306;267;231;198;168;140;115;93;74;57;42;30;20;12;7;3;1;0;1;4;8;13;19;27;35;45;56;68;81;96;112;130;149;170;193;219;247;277;310;347;386;429;476;527;582;641;704;773;846;923;1006;1094;1187;1285;1388;1497;1609;1727;1849;1975;2106;2240;2377;2516;;;;;;;;;;;;;;;;;;;;;;;;;;;
-0.800;;;;;;;;;;;;;;;;;;;;;;;;;;;;1605;1553;1501;1449;1396;1342;1286;1230;1173;1115;1057;998;939;880;821;763;706;650;595;542;491;442;396;351;310;271;234;201;170;142;117;95;76;59;44;32;22;15;9;5;3;3;4;6;10;15;21;28;36;46;56;67;80;94;110;127;146;166;189;213;241;271;304;339;379;422;468;519;574;633;697;766;839;918;1001;1090;1184;1282;1386;1495;1608;1726;1848;1975;2105;2238;2374;2512;;;;;;;;;;;;;;;;;;;;;;;;;;;
-0.900;;;;;;;;;;;;;;;;;;;;;;;;;;;;1626;1575;1523;1470;1417;1362;1307;1250;1192;1134;1074;1015;955;895;835;776;718;661;605;552;500;450;403;358;316;276;239;206;175;147;122;99;80;63;49;37;27;19;14;10;8;7;8;11;14;19;25;32;40;49;59;70;82;96;111;127;145;165;187;212;238;268;300;336;375;418;464;515;570;629;693;762;836;915;999;1088;1183;1282;1386;1495;1608;1726;1848;1974;2103;2235;2370;2506;;;;;;;;;;;;;;;;;;;;;;;;;;;
-1.000;;;;;;;;;;;;;;;;;;;;;;;;;;;;1650;1599;1547;1494;1440;1385;1329;1272;1214;1154;1094;1034;973;912;851;792;732;675;618;563;511;460;412;367;324;284;247;213;181;153;128;106;86;69;55;43;33;26;20;17;15;14;15;18;21;26;32;38;46;55;64;75;87;100;115;131;148;168;189;213;240;269;301;336;375;417;464;514;569;629;693;763;837;916;1000;1090;1184;1284;1388;1497;1610;1728;1849;1974;2101;2232;2364;2498;;;;;;;;;;;;;;;;;;;;;;;;;;;
-1.100;;;;;;;;;;;;;;;;;;;;;;;;;;;;;1624;1572;1519;1466;1411;1354;1296;1238;1178;1117;1055;994;932;870;810;750;691;633;578;524;473;424;378;334;294;256;222;190;162;136;114;94;77;63;51;41;34;29;25;23;23;24;27;30;35;40;47;55;63;73;83;95;107;122;137;154;174;195;218;244;273;305;340;378;421;467;518;573;632;697;766;840;920;1004;1094;1188;1288;1392;1500;1613;1730;1850;1974;2100;2228;2358;2489;;;;;;;;;;;;;;;;;;;;;;;;;;;
-1.200;;;;;;;;;;;;;;;;;;;;;;;;;;;;;1651;1599;1547;1493;1438;1381;1323;1264;1203;1142;1080;1017;954;892;830;769;709;651;594;540;488;438;391;347;306;268;233;201;172;147;124;104;87;73;61;52;44;39;36;34;34;35;37;41;46;51;58;66;74;83;94;105;117;131;147;164;182;203;226;252;281;312;347;385;428;474;525;580;639;704;773;847;927;1011;1101;1195;1294;1398;1506;1618;1733;1852;1974;2098;2224;2351;2479;;;;;;;;;;;;;;;;;;;;;;;;;;;
-1.300;;;;;;;;;;;;;;;;;;;;;;;;;;;;;1678;1627;1575;1521;1466;1409;1351;1291;1231;1169;1106;1043;979;916;853;791;730;671;614;558;505;455;407;362;321;282;247;214;185;159;136;116;99;85;73;64;56;51;48;46;46;48;50;54;59;65;71;79;87;96;107;118;130;144;159;176;194;215;238;264;292;323;358;396;438;485;535;590;650;714;783;858;937;1021;1111;1205;1303;1406;1513;1624;1738;1856;1975;2097;2220;2344;;;;;;;;;;;;;;;;;;;;;;;;;;;;
-1.400;;;;;;;;;;;;;;;;;;;;;;;;;;;;;1706;1655;1604;1550;1496;1439;1381;1321;1260;1197;1134;1070;1006;942;878;815;754;694;635;579;525;474;425;380;337;298;262;229;200;174;150;130;113;99;87;78;70;65;62;61;61;62;65;69;74;80;87;94;102;112;122;133;146;159;174;191;209;230;253;278;306;337;372;410;452;499;549;604;664;728;797;871;951;1035;1123;1217;1315;1417;1523;1632;1745;1860;1978;2097;2217;2337;;;;;;;;;;;;;;;;;;;;;;;;;;;;
-1.500;;;;;;;;;;;;;;;;;;;;;;;;;;;;;1733;1684;1633;1580;1526;1470;1412;1352;1290;1228;1164;1100;1035;970;906;842;779;718;659;602;547;495;446;399;356;316;280;246;217;190;167;146;129;114;103;93;86;81;78;77;77;79;82;86;91;97;104;112;120;129;140;151;163;177;192;209;227;248;270;296;324;355;390;428;470;516;566;621;681;745;814;888;967;1051;1139;1232;1329;1430;1535;1643;1753;1866;1981;2097;2214;2330;;;;;;;;;;;;;;;;;;;;;;;;;;;;
-1.600;;;;;;;;;;;;;;;;;;;;;;;;;;;;;1760;1712;1662;1610;1556;1501;1443;1384;1322;1259;1195;1131;1065;1000;935;870;807;745;685;627;571;518;468;421;377;337;300;266;235;208;185;164;147;132;120;111;104;99;96;95;95;97;100;104;110;116;123;131;140;149;160;171;183;197;212;229;247;268;291;316;344;376;410;448;491;537;587;642;701;766;835;908;987;1070;1158;1250;1346;1445;1549;1655;1763;1874;1986;2098;2211;2324;;;;;;;;;;;;;;;;;;;;;;;;;;;;
-1.700;;;;;;;;;;;;;;;;;;;;;;;;;;;;;;1739;1690;1640;1587;1532;1475;1416;1355;1292;1228;1163;1098;1032;966;901;837;774;713;654;598;544;493;445;401;359;321;287;256;229;205;184;166;151;139;130;123;118;115;114;115;117;120;125;130;137;144;152;161;171;181;193;206;220;235;252;270;291;314;339;368;399;434;472;514;560;611;666;725;789;858;931;1009;1092;1179;1270;1365;1463;1565;1669;1775;1883;1992;2101;2210;2318;;;;;;;;;;;;;;;;;;;;;;;;;;;;
-1.800;;;;;;;;;;;;;;;;;;;;;;;;;;;;;;1765;1718;1669;1617;1564;1508;1449;1389;1326;1263;1197;1132;1066;999;934;869;806;744;684;627;572;520;472;426;384;346;311;279;251;227;206;187;172;160;151;144;139;136;135;136;138;142;147;153;159;167;175;184;194;205;217;230;244;260;277;296;317;340;365;394;425;460;499;541;587;638;693;752;816;884;957;1035;1117;1203;1293;1387;1483;1583;1685;1789;1894;2000;2105;2210;;;;;;;;;;;;;;;;;;;;;;;;;;;;;
-1.900;;;;;;;;;;;;;;;;;;;;;;;;;;;;;;1789;1744;1697;1647;1595;1540;1482;1423;1361;1298;1233;1167;1101;1034;968;903;839;776;716;658;602;550;500;454;411;372;337;304;276;251;229;211;196;183;174;167;162;159;158;159;162;166;170;177;184;191;200;210;220;231;243;257;271;287;304;323;344;368;394;423;454;489;528;571;617;667;722;782;845;914;986;1063;1145;1230;1319;1411;1506;1604;1704;1805;1907;2009;2111;2212;;;;;;;;;;;;;;;;;;;;;;;;;;;;;
-2.000;;;;;;;;;;;;;;;;;;;;;;;;;;;;;;1811;1769;1723;1676;1625;1572;1516;1457;1396;1334;1269;1204;1137;1071;1005;939;874;811;750;691;635;582;531;484;441;401;365;332;303;277;255;236;221;208;198;191;186;184;183;184;187;191;196;202;209;218;227;236;247;259;271;285;300;316;334;353;375;398;425;454;486;521;560;603;649;700;755;814;878;946;1018;1094;1175;1259;1347;1438;1531;1627;1724;1823;1922;2021;2119;2215;;;;;;;;;;;;;;;;;;;;;;;;;;;;;
-2.100;;;;;;;;;;;;;;;;;;;;;;;;;;;;;;;1792;1749;1703;1655;1603;1549;1492;1432;1370;1307;1242;1176;1109;1043;977;912;848;787;727;670;616;565;517;473;432;395;362;332;306;283;264;248;235;225;218;213;210;210;211;213;217;223;229;237;245;255;265;276;288;301;315;330;347;365;385;407;431;458;487;520;555;595;637;684;735;790;849;913;980;1052;1128;1208;1291;1378;1467;1559;1653;1748;1843;1939;2035;2129;;;;;;;;;;;;;;;;;;;;;;;;;;;;;;
-2.200;;;;;;;;;;;;;;;;;;;;;;;;;;;;;;;1812;1772;1729;1683;1634;1582;1526;1468;1408;1345;1281;1215;1149;1083;1017;952;888;826;765;708;653;601;553;508;466;428;394;364;337;314;294;278;265;254;247;241;239;238;239;242;246;252;258;266;275;285;295;307;319;333;347;363;380;398;419;441;466;493;523;556;592;631;675;722;773;828;887;950;1018;1089;1165;1244;1326;1411;1499;1589;1681;1773;1866;1959;2051;2141;;;;;;;;;;;;;;;;;;;;;;;;;;;;;;
-2.300;;;;;;;;;;;;;;;;;;;;;;;;;;;;;;;;1794;1754;1711;1664;1614;1561;1504;1445;1384;1321;1256;1190;1124;1059;993;929;867;806;748;693;640;591;545;503;464;429;398;371;347;327;310;296;285;278;272;269;268;269;272;277;282;289;297;306;316;327;339;352;366;381;397;414;434;454;477;503;530;561;594;631;670;714;761;813;868;927;990;1058;1129;1203;1282;1363;1447;1533;1622;1711;1801;1891;1981;2070;;;;;;;;;;;;;;;;;;;;;;;;;;;;;;;
-2.400;;;;;;;;;;;;;;;;;;;;;;;;;;;;;;;;1813;1777;1737;1693;1645;1595;1540;1483;1424;1362;1298;1233;1168;1102;1037;973;911;850;791;735;682;632;585;542;503;467;436;407;383;362;345;330;319;311;305;302;301;302;305;309;315;322;330;339;350;361;373;386;401;416;433;451;471;492;516;541;569;600;634;671;712;756;803;855;910;970;1033;1100;1171;1245;1322;1403;1486;1570;1657;1744;1832;1920;2006;2091;;;;;;;;;;;;;;;;;;;;;;;;;;;;;;;
-2.500;;;;;;;;;;;;;;;;;;;;;;;;;;;;;;;;;1798;1761;1721;1676;1628;1576;1522;1464;1404;1341;1278;1213;1148;1084;1020;957;896;837;780;726;676;629;585;545;508;476;447;422;400;382;367;355;347;341;337;336;337;339;344;349;357;365;375;385;397;409;423;438;453;471;489;509;531;556;582;611;642;677;714;755;799;848;899;955;1014;1078;1145;1215;1289;1365;1445;1527;1610;1695;1780;1866;1950;2034;;;;;;;;;;;;;;;;;;;;;;;;;;;;;;;;
-2.600;;;;;;;;;;;;;;;;;;;;;;;;;;;;;;;;;1817;1784;1747;1706;1661;1612;1560;1505;1446;1386;1324;1260;1196;1132;1068;1006;944;885;828;774;723;675;631;590;552;519;489;463;441;422;407;394;385;379;375;373;374;376;380;386;393;402;412;422;434;447;461;476;492;510;529;550;573;597;624;654;686;721;759;800;845;894;946;1002;1061;1125;1192;1262;1335;1411;1490;1570;1652;1735;1819;1902;1984;2065;;;;;;;;;;;;;;;;;;;;;;;;;;;;;;;;
-2.700;;;;;;;;;;;;;;;;;;;;;;;;;;;;;;;;;;1805;1772;1735;1694;1648;1599;1546;1490;1432;1371;1309;1246;1183;1120;1057;996;937;880;825;773;725;680;638;600;566;535;509;485;466;450;437;427;420;415;413;413;416;420;425;432;441;451;462;474;487;501;517;533;552;571;593;616;641;669;699;731;767;806;848;893;942;995;1051;1111;1174;1241;1311;1384;1459;1537;1616;1697;1778;1860;1941;2021;;;;;;;;;;;;;;;;;;;;;;;;;;;;;;;;;
-2.800;;;;;;;;;;;;;;;;;;;;;;;;;;;;;;;;;;1826;1797;1764;1726;1684;1638;1588;1535;1479;1420;1360;1298;1236;1173;1112;1051;992;934;879;827;778;732;690;651;616;585;557;533;513;496;482;471;464;459;456;456;458;462;467;474;482;492;503;515;529;543;559;576;595;615;637;661;687;715;746;779;815;855;897;943;993;1046;1102;1162;1226;1292;1362;1435;1510;1586;1665;1744;1824;1904;1983;2061;;;;;;;;;;;;;;;;;;;;;;;;;;;;;;;;;
-2.900;;;;;;;;;;;;;;;;;;;;;;;;;;;;;;;;;;;1820;1791;1758;1720;1677;1631;1580;1527;1470;1412;1352;1291;1230;1169;1109;1050;992;937;885;835;789;746;706;670;638;610;585;563;546;531;520;511;505;502;502;503;506;511;518;527;536;547;560;573;588;604;622;641;661;684;708;735;763;795;829;866;906;949;995;1045;1099;1156;1216;1280;1346;1416;1488;1563;1639;1716;1795;1873;1952;2029;;;;;;;;;;;;;;;;;;;;;;;;;;;;;;;;;;
-3.000;;;;;;;;;;;;;;;;;;;;;;;;;;;;;;;;;;;;1818;1789;1755;1717;1674;1627;1576;1523;1466;1408;1349;1289;1229;1169;1111;1054;999;946;896;849;805;765;728;695;666;640;618;599;584;571;562;556;552;550;551;554;559;565;573;583;594;606;620;635;651;669;689;710;733;757;784;814;846;881;918;959;1003;1050;1100;1154;1211;1272;1336;1403;1472;1544;1618;1694;1770;1848;1925;2002;;;;;;;;;;;;;;;;;;;;;;;;;;;;;;;;;;;
-3.100;;;;;;;;;;;;;;;;;;;;;;;;;;;;;;;;;;;;1845;1821;1791;1757;1718;1674;1627;1576;1523;1467;1409;1351;1292;1233;1175;1119;1064;1011;961;913;869;828;791;757;726;700;676;657;640;627;617;610;605;603;603;605;610;616;623;633;644;656;669;685;701;719;739;760;784;809;837;867;899;934;973;1014;1058;1106;1157;1212;1269;1330;1394;1461;1531;1602;1676;1751;1827;1904;1980;2055;;;;;;;;;;;;;;;;;;;;;;;;;;;;;;;;;;;
-3.200;;;;;;;;;;;;;;;;;;;;;;;;;;;;;;;;;;;;;1852;1827;1797;1763;1723;1679;1632;1581;1528;1472;1416;1358;1301;1244;1187;1133;1080;1030;982;937;896;857;823;791;764;739;719;701;687;676;668;662;659;659;660;664;669;677;686;696;708;722;737;754;772;792;814;837;863;891;922;955;991;1030;1072;1117;1165;1217;1272;1330;1391;1455;1522;1592;1663;1737;1811;1887;1962;2038;;;;;;;;;;;;;;;;;;;;;;;;;;;;;;;;;;;;
-3.300;;;;;;;;;;;;;;;;;;;;;;;;;;;;;;;;;;;;;;1864;1839;1808;1773;1733;1689;1641;1591;1538;1483;1428;1371;1315;1260;1206;1153;1103;1055;1010;967;928;893;861;832;807;785;766;751;739;730;723;719;718;719;722;727;733;742;752;764;777;792;809;827;848;870;894;920;948;979;1013;1050;1089;1132;1177;1226;1278;1334;1393;1454;1519;1586;1656;1727;1800;1874;1949;2024;;;;;;;;;;;;;;;;;;;;;;;;;;;;;;;;;;;;;
-3.400;;;;;;;;;;;;;;;;;;;;;;;;;;;;;;;;;;;;;;;1881;1855;1824;1788;1748;1704;1656;1606;1554;1500;1445;1390;1336;1282;1230;1180;1132;1086;1044;1004;968;934;905;879;856;836;820;806;796;789;784;781;781;784;788;794;802;812;823;836;851;868;886;906;929;953;979;1008;1040;1074;1111;1151;1194;1241;1290;1343;1399;1458;1520;1585;1652;1722;1793;1866;1940;2015;;;;;;;;;;;;;;;;;;;;;;;;;;;;;;;;;;;;;;
-3.500;;;;;;;;;;;;;;;;;;;;;;;;;;;;;;;;;;;;;;;;1903;1876;1845;1808;1768;1724;1676;1627;1575;1522;1469;1416;1363;1311;1261;1213;1167;1124;1084;1047;1013;982;955;931;910;893;879;867;859;853;849;848;850;853;858;866;875;886;899;913;930;948;968;991;1015;1042;1071;1103;1138;1176;1216;1260;1307;1357;1410;1466;1526;1588;1654;1721;1791;1862;1935;2009;;;;;;;;;;;;;;;;;;;;;;;;;;;;;;;;;;;;;;;
-3.600;;;;;;;;;;;;;;;;;;;;;;;;;;;;;;;;;;;;;;;;;1930;1903;1871;1834;1793;1749;1702;1653;1602;1551;1499;1447;1396;1347;1299;1253;1209;1169;1131;1096;1065;1036;1011;990;971;955;943;933;926;922;920;920;922;927;934;942;953;965;979;996;1014;1034;1056;1081;1108;1138;1170;1205;1243;1284;1328;1376;1426;1480;1537;1597;1660;1725;1793;1863;1934;2007;;;;;;;;;;;;;;;;;;;;;;;;;;;;;;;;;;;;;;;;
-3.700;;;;;;;;;;;;;;;;;;;;;;;;;;;;;;;;;;;;;;;;;;1963;1935;1902;1865;1825;1780;1734;1685;1636;1585;1535;1485;1436;1388;1342;1299;1258;1220;1184;1152;1122;1096;1073;1054;1037;1023;1012;1004;998;995;995;996;1000;1006;1014;1023;1035;1049;1065;1083;1103;1125;1150;1177;1207;1240;1275;1314;1355;1400;1447;1499;1553;1610;1671;1734;1799;1867;1937;2009;;;;;;;;;;;;;;;;;;;;;;;;;;;;;;;;;;;;;;;;;
-3.800;;;;;;;;;;;;;;;;;;;;;;;;;;;;;;;;;;;;;;;;;;;2002;1973;1939;1902;1861;1817;1771;1724;1675;1626;1577;1529;1482;1436;1392;1351;1312;1276;1243;1213;1186;1162;1141;1123;1108;1096;1086;1080;1075;1074;1074;1077;1082;1089;1098;1110;1123;1139;1156;1176;1198;1223;1250;1280;1313;1349;1387;1429;1474;1523;1574;1629;1687;1747;1811;1877;1945;2015;;;;;;;;;;;;;;;;;;;;;;;;;;;;;;;;;;;;;;;;;;
-3.900;;;;;;;;;;;;;;;;;;;;;;;;;;;;;;;;;;;;;;;;;;;;2045;2015;1981;1944;1903;1860;1814;1767;1720;1672;1625;1579;1533;1490;1448;1409;1373;1339;1308;1280;1255;1233;1214;1197;1184;1173;1166;1160;1157;1157;1159;1163;1169;1178;1188;1201;1216;1233;1253;1275;1300;1327;1357;1390;1426;1465;1507;1553;1601;1653;1708;1766;1827;1891;1957;2025;;;;;;;;;;;;;;;;;;;;;;;;;;;;;;;;;;;;;;;;;;;
-4.000;;;;;;;;;;;;;;;;;;;;;;;;;;;;;;;;;;;;;;;;;;;;;;2063;2029;1991;1950;1907;1862;1817;1770;1724;1679;1634;1591;1549;1510;1473;1439;1407;1378;1352;1329;1309;1291;1277;1265;1256;1249;1245;1244;1245;1248;1253;1261;1271;1283;1298;1315;1334;1356;1381;1408;1438;1471;1507;1546;1589;1634;1683;1735;1790;1849;1910;1974;;;;;;;;;;;;;;;;;;;;;;;;;;;;;;;;;;;;;;;;;;;;;
-4.100;;;;;;;;;;;;;;;;;;;;;;;;;;;;;;;;;;;;;;;;;;;;;;;2115;2080;2042;2002;1959;1915;1871;1826;1781;1737;1695;1653;1614;1577;1542;1510;1480;1453;1429;1408;1389;1374;1361;1351;1343;1338;1335;1335;1337;1342;1349;1358;1370;1384;1400;1419;1441;1465;1492;1522;1555;1592;1631;1674;1719;1769;1821;1876;1935;1996;;;;;;;;;;;;;;;;;;;;;;;;;;;;;;;;;;;;;;;;;;;;;;
-4.200;;;;;;;;;;;;;;;;;;;;;;;;;;;;;;;;;;;;;;;;;;;;;;;;;2136;2098;2058;2016;1973;1930;1886;1843;1801;1760;1721;1683;1648;1615;1585;1558;1533;1510;1491;1474;1460;1449;1440;1434;1431;1430;1431;1435;1441;1449;1460;1474;1490;1509;1530;1554;1581;1611;1644;1680;1720;1762;1808;1857;1910;1965;;;;;;;;;;;;;;;;;;;;;;;;;;;;;;;;;;;;;;;;;;;;;;;;
-4.300;;;;;;;;;;;;;;;;;;;;;;;;;;;;;;;;;;;;;;;;;;;;;;;;;;;2157;2117;2076;2034;1992;1950;1909;1868;1829;1792;1757;1724;1693;1665;1639;1616;1596;1578;1563;1551;1542;1535;1530;1528;1528;1531;1537;1545;1555;1568;1584;1602;1623;1647;1674;1704;1737;1773;1812;1855;1901;1950;;;;;;;;;;;;;;;;;;;;;;;;;;;;;;;;;;;;;;;;;;;;;;;;;;
-4.400;;;;;;;;;;;;;;;;;;;;;;;;;;;;;;;;;;;;;;;;;;;;;;;;;;;;;2180;2140;2099;2058;2017;1978;1939;1902;1867;1834;1803;1774;1748;1725;1704;1685;1669;1656;1646;1638;1633;1630;1630;1632;1637;1644;1654;1666;1681;1699;1720;1744;1770;1800;1833;1869;1908;1951;;;;;;;;;;;;;;;;;;;;;;;;;;;;;;;;;;;;;;;;;;;;;;;;;;;;
-4.500;;;;;;;;;;;;;;;;;;;;;;;;;;;;;;;;;;;;;;;;;;;;;;;;;;;;;;;2205;2166;2126;2087;2049;2013;1978;1945;1914;1885;1859;1835;1813;1794;1778;1764;1753;1744;1738;1735;1734;1735;1740;1746;1756;1768;1783;1800;1821;1844;1871;1900;1933;1969;;;;;;;;;;;;;;;;;;;;;;;;;;;;;;;;;;;;;;;;;;;;;;;;;;;;;;
-4.600;;;;;;;;;;;;;;;;;;;;;;;;;;;;;;;;;;;;;;;;;;;;;;;;;;;;;;;;;;2196;2159;2123;2089;2056;2025;1996;1970;1945;1924;1904;1888;1873;1862;1853;1846;1842;1841;1842;1846;1852;1861;1873;1887;1905;1925;1948;1975;;;;;;;;;;;;;;;;;;;;;;;;;;;;;;;;;;;;;;;;;;;;;;;;;;;;;;;;;
-4.700;;;;;;;;;;;;;;;;;;;;;;;;;;;;;;;;;;;;;;;;;;;;;;;;;;;;;;;;;;;;;;2166;2135;2107;2080;2056;2034;2015;1998;1983;1972;1962;1955;1951;1950;1950;1954;1960;1969;1981;1995;;;;;;;;;;;;;;;;;;;;;;;;;;;;;;;;;;;;;;;;;;;;;;;;;;;;;;;;;;;;;
-4.800;;;;;;;;;;;;;;;;;;;;;;;;;;;;;;;;;;;;;;;;;;;;;;;;;;;;;;;;;;;;;;;;;;;;2125;2108;2094;2082;2072;2066;2061;2060;;;;;;;;;;;;;;;;;;;;;;;;;;;;;;;;;;;;;;;;;;;;;;;;;;;;;;;;;;;;;;;;;;;
-4.900;;;;;;;;;;;;;;;;;;;;;;;;;;;;;;;;;;;;;;;;;;;;;;;;;;;;;;;;;;;;;;;;;;;;;;;;;;;;;;;;;;;;;;;;;;;;;;;;;;;;;;;;;;;;;;;;;;;;;;;;;;;;;;;;;;;;;;;;;;;;;;
-5.000;;;;;;;;;;;;;;;;;;;;;;;;;;;;;;;;;;;;;;;;;;;;;;;;;;;;;;;;;;;;;;;;;;;;;;;;;;;;;;;;;;;;;;;;;;;;;;;;;;;;;;;;;;;;;;;;;;;;;;;;;;;;;;;;;;;;;;;;;;;;;;
-5.100;;;;;;;;;;;;;;;;;;;;;;;;;;;;;;;;;;;;;;;;;;;;;;;;;;;;;;;;;;;;;;;;;;;;;;;;;;;;;;;;;;;;;;;;;;;;;;;;;;;;;;;;;;;;;;;;;;;;;;;;;;;;;;;;;;;;;;;;;;;;;;
-5.200;;;;;;;;;;;;;;;;;;;;;;;;;;;;;;;;;;;;;;;;;;;;;;;;;;;;;;;;;;;;;;;;;;;;;;;;;;;;;;;;;;;;;;;;;;;;;;;;;;;;;;;;;;;;;;;;;;;;;;;;;;;;;;;;;;;;;;;;;;;;;;
-5.300;;;;;;;;;;;;;;;;;;;;;;;;;;;;;;;;;;;;;;;;;;;;;;;;;;;;;;;;;;;;;;;;;;;;;;;;;;;;;;;;;;;;;;;;;;;;;;;;;;;;;;;;;;;;;;;;;;;;;;;;;;;;;;;;;;;;;;;;;;;;;;
-5.400;;;;;;;;;;;;;;;;;;;;;;;;;;;;;;;;;;;;;;;;;;;;;;;;;;;;;;;;;;;;;;;;;;;;;;;;;;;;;;;;;;;;;;;;;;;;;;;;;;;;;;;;;;;;;;;;;;;;;;;;;;;;;;;;;;;;;;;;;;;;;;
-5.500;;;;;;;;;;;;;;;;;;;;;;;;;;;;;;;;;;;;;;;;;;;;;;;;;;;;;;;;;;;;;;;;;;;;;;;;;;;;;;;;;;;;;;;;;;;;;;;;;;;;;;;;;;;;;;;;;;;;;;;;;;;;;;;;;;;;;;;;;;;;;;
-5.600;;;;;;;;;;;;;;;;;;;;;;;;;;;;;;;;;;;;;;;;;;;;;;;;;;;;;;;;;;;;;;;;;;;;;;;;;;;;;;;;;;;;;;;;;;;;;;;;;;;;;;;;;;;;;;;;;;;;;;;;;;;;;;;;;;;;;;;;;;;;;;
-5.700;;;;;;;;;;;;;;;;;;;;;;;;;;;;;;;;;;;;;;;;;;;;;;;;;;;;;;;;;;;;;;;;;;;;;;;;;;;;;;;;;;;;;;;;;;;;;;;;;;;;;;;;;;;;;;;;;;;;;;;;;;;;;;;;;;;;;;;;;;;;;;
-5.800;;;;;;;;;;;;;;;;;;;;;;;;;;;;;;;;;;;;;;;;;;;;;;;;;;;;;;;;;;;;;;;;;;;;;;;;;;;;;;;;;;;;;;;;;;;;;;;;;;;;;;;;;;;;;;;;;;;;;;;;;;;;;;;;;;;;;;;;;;;;;;
-5.900;;;;;;;;;;;;;;;;;;;;;;;;;;;;;;;;;;;;;;;;;;;;;;;;;;;;;;;;;;;;;;;;;;;;;;;;;;;;;;;;;;;;;;;;;;;;;;;;;;;;;;;;;;;;;;;;;;;;;;;;;;;;;;;;;;;;;;;;;;;;;;
-6.000;;;;;;;;;;;;;;;;;;;;;;;;;;;;;;;;;;;;;;;;;;;;;;;;;;;;;;;;;;;;;;;;;;;;;;;;;;;;;;;;;;;;;;;;;;;;;;;;;;;;;;;;;;;;;;;;;;;;;;;;;;;;;;;;;;;;;;;;;;;;;;
-6.100;;;;;;;;;;;;;;;;;;;;;;;;;;;;;;;;;;;;;;;;;;;;;;;;;;;;;;;;;;;;;;;;;;;;;;;;;;;;;;;;;;;;;;;;;;;;;;;;;;;;;;;;;;;;;;;;;;;;;;;;;;;;;;;;;;;;;;;;;;;;;;
-6.200;;;;;;;;;;;;;;;;;;;;;;;;;;;;;;;;;;;;;;;;;;;;;;;;;;;;;;;;;;;;;;;;;;;;;;;;;;;;;;;;;;;;;;;;;;;;;;;;;;;;;;;;;;;;;;;;;;;;;;;;;;;;;;;;;;;;;;;;;;;;;;
-6.300;;;;;;;;;;;;;;;;;;;;;;;;;;;;;;;;;;;;;;;;;;;;;;;;;;;;;;;;;;;;;;;;;;;;;;;;;;;;;;;;;;;;;;;;;;;;;;;;;;;;;;;;;;;;;;;;;;;;;;;;;;;;;;;;;;;;;;;;;;;;;;
-6.400;;;;;;;;;;;;;;;;;;;;;;;;;;;;;;;;;;;;;;;;;;;;;;;;;;;;;;;;;;;;;;;;;;;;;;;;;;;;;;;;;;;;;;;;;;;;;;;;;;;;;;;;;;;;;;;;;;;;;;;;;;;;;;;;;;;;;;;;;;;;;;
-6.500;;;;;;;;;;;;;;;;;;;;;;;;;;;;;;;;;;;;;;;;;;;;;;;;;;;;;;;;;;;;;;;;;;;;;;;;;;;;;;;;;;;;;;;;;;;;;;;;;;;;;;;;;;;;;;;;;;;;;;;;;;;;;;;;;;;;;;;;;;;;;;
-6.600;;;;;;;;;;;;;;;;;;;;;;;;;;;;;;;;;;;;;;;;;;;;;;;;;;;;;;;;;;;;;;;;;;;;;;;;;;;;;;;;;;;;;;;;;;;;;;;;;;;;;;;;;;;;;;;;;;;;;;;;;;;;;;;;;;;;;;;;;;;;;;
-6.700;;;;;;;;;;;;;;;;;;;;;;;;;;;;;;;;;;;;;;;;;;;;;;;;;;;;;;;;;;;;;;;;;;;;;;;;;;;;;;;;;;;;;;;;;;;;;;;;;;;;;;;;;;;;;;;;;;;;;;;;;;;;;;;;;;;;;;;;;;;;;;
-6.800;;;;;;;;;;;;;;;;;;;;;;;;;;;;;;;;;;;;;;;;;;;;;;;;;;;;;;;;;;;;;;;;;;;;;;;;;;;;;;;;;;;;;;;;;;;;;;;;;;;;;;;;;;;;;;;;;;;;;;;;;;;;;;;;;;;;;;;;;;;;;;
-6.900;;;;;;;;;;;;;;;;;;;;;;;;;;;;;;;;;;;;;;;;;;;;;;;;;;;;;;;;;;;;;;;;;;;;;;;;;;;;;;;;;;;;;;;;;;;;;;;;;;;;;;;;;;;;;;;;;;;;;;;;;;;;;;;;;;;;;;;;;;;;;;
-7.000;;;;;;;;;;;;;;;;;;;;;;;;;;;;;;;;;;;;;;;;;;;;;;;;;;;;;;;;;;;;;;;;;;;;;;;;;;;;;;;;;;;;;;;;;;;;;;;;;;;;;;;;;;;;;;;;;;;;;;;;;;;;;;;;;;;;;;;;;;;;;;
BACK related to FRONT;-7.000;-6.900;-6.800;-6.700;-6.600;-6.500;-6.400;-6.300;-6.200;-6.100;-6.000;-5.900;-5.800;-5.700;-5.600;-5.500;-5.400;-5.300;-5.200;-5.100;-5.000;-4.900;-4.800;-4.700;-4.600;-4.500;-4.400;-4.300;-4.200;-4.100;-4.000;-3.900;-3.800;-3.700;-3.600;-3.500;-3.400;-3.300;-3.200;-3.100;-3.000;-2.900;-2.800;-2.700;-2.600;-2.500;-2.400;-2.300;-2.200;-2.100;-2.000;-1.900;-1.800;-1.700;-1.600;-1.500;-1.400;-1.300;-1.200;-1.100;-1.000;-0.900;-0.800;-0.700;-0.600;-0.500;-0.400;-0.300;-0.200;-0.100;0.000;0.100;0.200;0.300;0.400;0.500;0.600;0.700;0.800;0.900;1.000;1.100;1.200;1.300;1.400;1.500;1.600;1.700;1.800;1.900;2.000;2.100;2.200;2.300;2.400;2.500;2.600;2.700;2.800;2.900;3.000;3.100;3.200;3.300;3.400;3.500;3.600;3.700;3.800;3.900;4.000;4.100;4.200;4.300;4.400;4.500;4.600;4.700;4.800;4.900;5.000;5.100;5.200;5.300;5.400;5.500;5.600;5.700;5.800;5.900;6.000;6.100;6.200;6.300;6.400;6.500;6.600;6.700;6.800;6.900;7.000;
7.000;;;;;;;;;;;;;;;;;;;;;;;;;;;;;;;;;;;;;;;;;;;;;;;;;;;;;;;;;;;;;;;;;;;;;;;;;;;;;;;;;;;;;;;;;;;;;;;;;;;;;;;;;;;;;;;;;;;;;;;;;;;;;;;;;;;;;;;;;;;;;;
6.900;;;;;;;;;;;;;;;;;;;;;;;;;;;;;;;;;;;;;;;;;;;;;;;;;;;;;;;;;;;;;;;;;;;;;;;;;;;;;;;;;;;;;;;;;;;;;;;;;;;;;;;;;;;;;;;;;;;;;;;;;;;;;;;;;;;;;;;;;;;;;;
6.800;;;;;;;;;;;;;;;;;;;;;;;;;;;;;;;;;;;;;;;;;;;;;;;;;;;;;;;;;;;;;;;;;;;;;;;;;;;;;;;;;;;;;;;;;;;;;;;;;;;;;;;;;;;;;;;;;;;;;;;;;;;;;;;;;;;;;;;;;;;;;;
6.700;;;;;;;;;;;;;;;;;;;;;;;;;;;;;;;;;;;;;;;;;;;;;;;;;;;;;;;;;;;;;;;;;;;;;;;;;;;;;;;;;;;;;;;;;;;;;;;;;;;;;;;;;;;;;;;;;;;;;;;;;;;;;;;;;;;;;;;;;;;;;;
6.600;;;;;;;;;;;;;;;;;;;;;;;;;;;;;;;;;;;;;;;;;;;;;;;;;;;;;;;;;;;;;;;;;;;;;;;;;;;;;;;;;;;;;;;;;;;;;;;;;;;;;;;;;;;;;;;;;;;;;;;;;;;;;;;;;;;;;;;;;;;;;;
6.500;;;;;;;;;;;;;;;;;;;;;;;;;;;;;;;;;;;;;;;;;;;;;;;;;;;;;;;;;;;;;;;;;;;;;;;;;;;;;;;;;;;;;;;;;;;;;;;;;;;;;;;;;;;;;;;;;;;;;;;;;;;;;;;;;;;;;;;;;;;;;;
6.400;;;;;;;;;;;;;;;;;;;;;;;;;;;;;;;;;;;;;;;;;;;;;;;;;;;;;;;;;;;;;;;;;;;;;;;;;;;;;;;;;;;;;;;;;;;;;;;;;;;;;;;;;;;;;;;;;;;;;;;;;;;;;;;;;;;;;;;;;;;;;;
6.300;;;;;;;;;;;;;;;;;;;;;;;;;;;;;;;;;;;;;;;;;;;;;;;;;;;;;;;;;;;;;;;;;;;;;;;;;;;;;;;;;;;;;;;;;;;;;;;;;;;;;;;;;;;;;;;;;;;;;;;;;;;;;;;;;;;;;;;;;;;;;;
6.200;;;;;;;;;;;;;;;;;;;;;;;;;;;;;;;;;;;;;;;;;;;;;;;;;;;;;;;;;;;;;;;;;;;;;;;;;;;;;;;;;;;;;;;;;;;;;;;;;;;;;;;;;;;;;;;;;;;;;;;;;;;;;;;;;;;;;;;;;;;;;;
6.100;;;;;;;;;;;;;;;;;;;;;;;;;;;;;;;;;;;;;;;;;;;;;;;;;;;;;;;;;;;;;;;;;;;;;;;;;;;;;;;;;;;;;;;;;;;;;;;;;;;;;;;;;;;;;;;;;;;;;;;;;;;;;;;;;;;;;;;;;;;;;;
6.000;;;;;;;;;;;;;;;;;;;;;;;;;;;;;;;;;;;;;;;;;;;;;;;;;;;;;;;;;;;;;;;;;;;;;;;;;;;;;;;;;;;;;;;;;;;;;;;;;;;;;;;;;;;;;;;;;;;;;;;;;;;;;;;;;;;;;;;;;;;;;;
5.900;;;;;;;;;;;;;;;;;;;;;;;;;;;;;;;;;;;;;;;;;;;;;;;;;;;;;;;;;;;;;;;;;;;;;;;;;;;;;;;;;;;;;;;;;;;;;;;;;;;;;;;;;;;;;;;;;;;;;;;;;;;;;;;;;;;;;;;;;;;;;;
5.800;;;;;;;;;;;;;;;;;;;;;;;;;;;;;;;;;;;;;;;;;;;;;;;;;;;;;;;;;;;;;;;;;;;;;;;;;;;;;;;;;;;;;;;;;;;;;;;;;;;;;;;;;;;;;;;;;;;;;;;;;;;;;;;;;;;;;;;;;;;;;;
5.700;;;;;;;;;;;;;;;;;;;;;;;;;;;;;;;;;;;;;;;;;;;;;;;;;;;;;;;;;;;;;;;;;;;;;;;;;;;;;;;;;;;;;;;;;;;;;;;;;;;;;;;;;;;;;;;;;;;;;;;;;;;;;;;;;;;;;;;;;;;;;;
5.600;;;;;;;;;;;;;;;;;;;;;;;;;;;;;;;;;;;;;;;;;;;;;;;;;;;;;;;;;;;;;;;;;;;;;;;;;;;;;;;;;;;;;;;;;;;;;;;;;;;;;;;;;;;;;;;;;;;;;;;;;;;;;;;;;;;;;;;;;;;;;;
5.500;;;;;;;;;;;;;;;;;;;;;;;;;;;;;;;;;;;;;;;;;;;;;;;;;;;;;;;;;;;;;;;;;;;;;;;;;;;;;;;;;;;;;;;;;;;;;;;;;;;;;;;;;;;;;;;;;;;;;;;;;;;;;;;;;;;;;;;;;;;;;;
5.400;;;;;;;;;;;;;;;;;;;;;;;;;;;;;;;;;;;;;;;;;;;;;;;;;;;;;;;;;;;;;;;;;;;;;;;;;;;;;;;;;;;;;;;;;;;;;;;;;;;;;;;;;;;;;;;;;;;;;;;;;;;;;;;;;;;;;;;;;;;;;;
5.300;;;;;;;;;;;;;;;;;;;;;;;;;;;;;;;;;;;;;;;;;;;;;;;;;;;;;;;;;;;;;;;;;;;;;;;;;;;;;;;;;;;;;;;;;;;;;;;;;;;;;;;;;;;;;;;;;;;;;;;;;;;;;;;;;;;;;;;;;;;;;;
5.200;;;;;;;;;;;;;;;;;;;;;;;;;;;;;;;;;;;;;;;;;;;;;;;;;;;;;;;;;;;;;;;;;;;;;;;;;;;;;;;;;;;;;;;;;;;;;;;;;;;;;;;;;;;;;;;;;;;;;;;;;;;;;;;;;;;;;;;;;;;;;;
5.100;;;;;;;;;;;;;;;;;;;;;;;;;;;;;;;;;;;;;;;;;;;;;;;;;;;;;;;;;;;;;;;;;;;;;;;;;;;;;;;;;;;;;;;;;;;;;;;;;;;;;;;;;;;;;;;;;;;;;;;;;;;;;;;;;;;;;;;;;;;;;;
5.000;;;;;;;;;;;;;;;;;;;;;;;;;;;;;;;;;;;;;;;;;;;;;;;;;;;;;;;;;;;;;;;;;;;;;;;;;;;;;;;;;;;;;;;;;;;;;;;;;;;;;;;;;;;;;;;;;;;;;;;;;;;;;;;;;;;;;;;;;;;;;;
4.900;;;;;;;;;;;;;;;;;;;;;;;;;;;;;;;;;;;;;;;;;;;;;;;;;;;;;;;;;;;;;;;;;;;;;;;;;;;;;;;;;;;;;;;;;;;;;;;;;;;;;;;;;;;;;;;;;;;;;;;;;;;;;;;;;;;;;;;;;;;;;;
4.800;;;;;;;;;;;;;;;;;;;;;;;;;;;;;;;;;;;;;;;;;;;;;;;;;;;;;;;;;;;;;;;;;;;;;;;;;;;;;;;;;;;;;;;;;;;;;;;;;;;;;;;;;;;;;;;;;;;;;;;;;;;;;;;;;;;;;;;;;;;;;;
4.700;;;;;;;;;;;;;;;;;;;;;;;;;;;;;;;;;;;;;;;;;;;;;;;;;;;;;;;;;;;;;;;;;;;;;;;;;;;;;;;;;;;;;;;;;;;;;;;;;;;;;;;;;;;;;;;;;;;;;;;;;;;;;;;;;;;;;;;;;;;;;;
4.600;;;;;;;;;;;;;;;;;;;;;;;;;;;;;;;;;;;;;;;;;;;;;;;;;;;;;;;;;;;;;;;;;;;;;;;;;;;;;;;;;;;;;;;;;;;;;;;;;;;;;;;;;;;;;;;;;;;;;;;;;;;;;;;;;;;;;;;;;;;;;;
4.500;;;;;;;;;;;;;;;;;;;;;;;;;;;;;;;;;;;;;;;;;;;;;;;;;;;;;;;;;;;;;;;;;;;;;;;;;;;;;;;;;;;;;;;;;;;;;;;;;;;;;;;;;;;;;;;;;;;;;;;;;;;;;;;;;;;;;;;;;;;;;;
4.400;;;;;;;;;;;;;;;;;;;;;;;;;;;;;;;;;;;;;;;;;;;;;;;;;;;;;;;;;;;;;;;;;;;;;;;;;;;;;;;;;;;;;;;;;;;;;;;;;;;;;;;;;;;;;;;;;;;;;;;;;;;;;;;;;;;;;;;;;;;;;;
4.300;;;;;;;;;;;;;;;;;;;;;;;;;;;;;;;;;;;;;;;;;;;;;;;;;;;;;;;;;;;;;;;;;;;;;;;;;;;;;;;;;;;;;;;;;;;;;;;;;;;;;;;;;;;;;;;;;;;;;;;;;;;;;;;;;;;;;;;;;;;;;;
4.200;;;;;;;;;;;;;;;;;;;;;;;;;;;;;;;;;;;;;;;;;;;;;;;;;;;;;;;;;;;;;;;;;;;;;;;;;;;;;;;;;;;;;;;;;;;;;;;;;;;;;;;;;;;;;;;;;;;;;;;;;;;;;;;;;;;;;;;;;;;;;;
4.100;;;;;;;;;;;;;;;;;;;;;;;;;;;;;;;;;;;;;;;;;;;;;;;;;;;;;;;;;;;;;;;;;;;;;;;;;;;;;;;;;;;;;;;;;;;;;;;;;;;;;;;;;;;;;;;;;;;;;;;;;;;;;;;;;;;;;;;;;;;;;;
4.000;;;;;;;;;;;;;;;;;;;;;;;;;;;;;;;;;;;;;;;;;;;;;;;;;;;;;;;;;;;;;;;;;;;;;;;;;;;;;;;;;;;;;;;;;;;;;;;;;;;;;;;;;;;;;;;;;;;;;;;;;;;;;;;;;;;;;;;;;;;;;;
3.900;;;;;;;;;;;;;;;;;;;;;;;;;;;;;;;;;;;;;;;;;;;;;;;;;;;;;;;;;;;;;;;;;;;;;;;;;;;;;;;;;;;;;;;;;;;;;;;;;;;;;;;;;;;;;;;;;;;;;;;;;;;;;;;;;;;;;;;;;;;;;;
3.800;;;;;;;;;;;;;;;;;;;;;;;;;;;;;;;;;;;;;;;;;;;;;;;;;;;;;;;;;;;;;;;;;;;;;;;;;;;;;;;;;;;;;;;;;;;;;;;;;;;;;;;;;;;;;;;;;;;;;;;;;;;;;;;;;;;;;;;;;;;;;;
3.700;;;;;;;;;;;;;;;;;;;;;;;;;;;;;;;;;;;;;;;;;;;;;;;;;;;;;;;;;;;;;;;;;;;;;;;;;;;;;;;;;;;;;;;;;;;;;;;;;;;;;;;;;;;;;;;;;;;;;;;;;;;;;;;;;;;;;;;;;;;;;;
3.600;;;;;;;;;;;;;;;;;;;;;;;;;;;;;;;;;;;;;;;;;;;;;;;;;;;;;;;;;;;;;;;;;;;;;;;;;;;;;;;;;;;;;;;;;;;;;;;;;;;;;;;;;;;;;;;;;;;;;;;;;;;;;;;;;;;;;;;;;;;;;;
3.500;;;;;;;;;;;;;;;;;;;;;;;;;;;;;;;;;;;;;;;;;;;;;;;;;;;;;;;;;;;;;;;;;;;;;;;;;;;;;;;;;;;;;;;;;;;;;;;;;;;;;;;;;;;;;;;;;;;;;;;;;;;;;;;;;;;;;;;;;;;;;;
3.400;;;;;;;;;;;;;;;;;;;;;;;;;;;;;;;;;;;;;;;;;;;;;;;;;;;;;;;;;;;;;;;;;;;;;;;;;;;;;;;;;;;;;;;;;;;;;;;;;;;;;;;;;;;;;;;;;;;;;;;;;;;;;;;;;;;;;;;;;;;;;;
3.300;;;;;;;;;;;;;;;;;;;;;;;;;;;;;;;;;;;;;;;;;;;;;;;;;;;;;;;;;;;;;;;;;;;;;;;;;;;;;;;;;;;;;;;;;;;;;;;;;;;;;;;;;;;;;;;;;;;;;;;;;;;;;;;;;;;;;;;;;;;;;;
3.200;;;;;;;;;;;;;;;;;;;;;;;;;;;;;;;;;;;;;;;;;;;;;;;;;;;;;;;;;;;;;;;;;;;;;;;;;;;;;;;;;;;;;;;;;;;;;;;;;;;;;;;;;;;;;;;;;;;;;;;;;;;;;;;;;;;;;;;;;;;;;;
3.100;;;;;;;;;;;;;;;;;;;;;;;;;;;;;;;;;;;;;;;;;;;;;;;;;;;;;;;;;;;;;;;;;;;;;;;;;;;;;;;;;;;;;;;;;;;;;;;;;;;;;;;;;;;;;;;;;;;;;;;;;;;;;;;;;;;;;;;;;;;;;;
3.000;;;;;;;;;;;;;;;;;;;;;;;;;;;;;;;;;;;;;;;;;;;;;;;;;;;;;;;;;;;;;;;;;;;;;;;;;;;;;;;;;;;;;;;;;;;;;;;;;;;;;;;;;;;;;;;;;;;;;;;;;;;;;;;;;;;;;;;;;;;;;;
2.900;;;;;;;;;;;;;;;;;;;;;;;;;;;;;;;;;;;;;;;;;;;;;;;;;;;;;;;;;;;;;;;;;;;;;;;;;;;;;;;;;;;;;;;;;;;;;;;;;;;;;;;;;;;;;;;;;;;;;;;;;;;;;;;;;;;;;;;;;;;;;;
2.800;;;;;;;;;;;;;;;;;;;;;;;;;;;;;;;;;;;;;;;;;;;;;;;;;;;;;;;;;;;;1969;1951;1935;1919;1904;1890;1877;1865;1855;1846;1840;1836;1834;1834;1838;1844;1853;1866;1882;1901;1923;1949;1978;2009;2044;2082;;;;;;;;;;;;;;;;;;;;;;;;;;;;;;;;;;;;;;;;;;;;;;;;;;;;;;;;;
2.700;;;;;;;;;;;;;;;;;;;;;;;;;;;;;;;;;;;;;;;;;;;;;;;;;;;;;;;1991;1970;1949;1929;1910;1892;1874;1857;1842;1827;1814;1802;1791;1782;1775;1770;1767;1767;1770;1775;1783;1794;1808;1825;1846;1870;1896;1926;1959;1995;2033;2073;2115;2159;2204;;;;;;;;;;;;;;;;;;;;;;;;;;;;;;;;;;;;;;;;;;;;;;;;;;;;;
2.600;;;;;;;;;;;;;;;;;;;;;;;;;;;;;;;;;;;;;;;;;;;;;;;;;;;;1998;1971;1946;1922;1899;1878;1857;1837;1818;1801;1784;1769;1755;1742;1730;1721;1713;1707;1704;1703;1704;1708;1715;1724;1737;1753;1772;1794;1819;1847;1878;1911;1947;1986;2026;2068;2112;2157;2202;2247;2292;;;;;;;;;;;;;;;;;;;;;;;;;;;;;;;;;;;;;;;;;;;;;;;;;;
2.500;;;;;;;;;;;;;;;;;;;;;;;;;;;;;;;;;;;;;;;;;;;;;;;;;2031;1997;1966;1936;1908;1881;1856;1832;1810;1788;1768;1749;1731;1715;1699;1686;1673;1663;1654;1648;1643;1641;1641;1644;1649;1658;1669;1683;1700;1721;1744;1770;1799;1831;1865;1902;1941;1981;2024;2067;2111;2156;2201;2245;2289;2331;2372;;;;;;;;;;;;;;;;;;;;;;;;;;;;;;;;;;;;;;;;;;;;;;;
2.400;;;;;;;;;;;;;;;;;;;;;;;;;;;;;;;;;;;;;;;;;;;;;;;2052;2012;1975;1940;1907;1876;1847;1819;1793;1768;1745;1723;1702;1683;1665;1648;1633;1620;1609;1599;1591;1585;1582;1581;1583;1587;1594;1603;1616;1631;1650;1671;1696;1723;1753;1786;1821;1858;1897;1938;1980;2024;2068;2112;2156;2200;2243;2285;2325;2363;2399;;;;;;;;;;;;;;;;;;;;;;;;;;;;;;;;;;;;;;;;;;;;;
2.300;;;;;;;;;;;;;;;;;;;;;;;;;;;;;;;;;;;;;;;;;;;;;2090;2044;2001;1960;1922;1886;1852;1819;1789;1760;1733;1707;1683;1661;1639;1620;1602;1585;1571;1558;1547;1538;1531;1526;1524;1524;1527;1532;1540;1551;1565;1582;1601;1624;1649;1678;1708;1742;1777;1815;1854;1896;1938;1981;2025;2069;2113;2157;2199;2240;2280;2317;2352;2384;;;;;;;;;;;;;;;;;;;;;;;;;;;;;;;;;;;;;;;;;;;;
2.200;;;;;;;;;;;;;;;;;;;;;;;;;;;;;;;;;;;;;;;;;;;2144;2092;2042;1996;1952;1910;1871;1833;1798;1765;1733;1703;1675;1649;1624;1601;1580;1560;1542;1525;1511;1498;1488;1479;1473;1470;1468;1469;1473;1480;1489;1501;1516;1534;1555;1578;1604;1633;1665;1699;1735;1773;1813;1854;1896;1940;1983;2027;2071;2114;2156;2197;2236;2273;2307;2340;2369;2396;;;;;;;;;;;;;;;;;;;;;;;;;;;;;;;;;;;;;;;;;;
2.100;;;;;;;;;;;;;;;;;;;;;;;;;;;;;;;;;;;;;;;;;;2153;2098;2046;1996;1949;1904;1861;1821;1783;1746;1712;1680;1649;1620;1593;1568;1544;1522;1502;1484;1468;1454;1442;1432;1424;1418;1415;1415;1417;1422;1429;1439;1453;1469;1487;1509;1533;1560;1590;1622;1657;1693;1731;1771;1813;1855;1898;1942;1986;2029;2072;2114;2154;2193;2230;2264;2297;2326;2353;2377;;;;;;;;;;;;;;;;;;;;;;;;;;;;;;;;;;;;;;;;;
2.000;;;;;;;;;;;;;;;;;;;;;;;;;;;;;;;;;;;;;;;;;2166;2108;2053;2000;1950;1903;1857;1814;1773;1734;1696;1661;1628;1597;1567;1539;1514;1490;1468;1448;1429;1413;1399;1387;1378;1371;1366;1363;1364;1367;1372;1381;1392;1406;1422;1442;1464;1490;1517;1547;1580;1615;1652;1690;1730;1772;1814;1857;1901;1944;1988;2030;2072;2112;2151;2188;2223;2255;2285;2313;2338;2360;2380;;;;;;;;;;;;;;;;;;;;;;;;;;;;;;;;;;;;;;;
1.900;;;;;;;;;;;;;;;;;;;;;;;;;;;;;;;;;;;;;;;;2181;2121;2064;2009;1956;1906;1858;1812;1768;1726;1686;1648;1612;1578;1546;1516;1488;1462;1438;1415;1395;1377;1361;1347;1335;1326;1320;1315;1314;1314;1318;1324;1333;1345;1360;1378;1398;1421;1446;1475;1505;1538;1573;1610;1649;1689;1731;1773;1816;1859;1903;1946;1988;2030;2070;2109;2146;2182;2215;2245;2274;2300;2324;2346;2365;;;;;;;;;;;;;;;;;;;;;;;;;;;;;;;;;;;;;;
1.800;;;;;;;;;;;;;;;;;;;;;;;;;;;;;;;;;;;;;;;2199;2137;2078;2020;1966;1913;1862;1814;1767;1723;1680;1640;1601;1565;1530;1498;1467;1439;1412;1387;1365;1345;1326;1311;1297;1286;1277;1271;1267;1266;1267;1271;1278;1288;1300;1316;1334;1355;1378;1404;1433;1464;1497;1532;1569;1608;1648;1689;1731;1774;1818;1861;1904;1946;1988;2028;2068;2105;2141;2175;2206;2236;2264;2289;2313;2335;2356;;;;;;;;;;;;;;;;;;;;;;;;;;;;;;;;;;;;;
1.700;;;;;;;;;;;;;;;;;;;;;;;;;;;;;;;;;;;;;;2217;2154;2093;2034;1978;1923;1870;1819;1771;1724;1679;1636;1595;1556;1519;1484;1451;1420;1391;1364;1339;1317;1296;1278;1262;1249;1238;1229;1223;1220;1219;1221;1226;1233;1244;1257;1272;1291;1312;1336;1362;1391;1422;1455;1490;1528;1566;1606;1647;1690;1732;1775;1819;1862;1904;1946;1986;2026;2064;2100;2135;2168;2199;2228;2256;2282;2306;2330;2353;;;;;;;;;;;;;;;;;;;;;;;;;;;;;;;;;;;;
1.600;;;;;;;;;;;;;;;;;;;;;;;;;;;;;;;;;;;;;2235;2171;2110;2050;1992;1935;1881;1828;1777;1728;1681;1636;1593;1552;1512;1475;1439;1406;1375;1345;1318;1293;1270;1250;1232;1216;1203;1192;1184;1178;1175;1175;1177;1182;1190;1201;1214;1230;1249;1270;1294;1321;1349;1381;1414;1449;1486;1524;1564;1605;1647;1690;1733;1776;1819;1861;1903;1944;1984;2023;2060;2096;2130;2163;2194;2223;2252;2279;2306;2332;2359;;;;;;;;;;;;;;;;;;;;;;;;;;;;;;;;;;;
1.500;;;;;;;;;;;;;;;;;;;;;;;;;;;;;;;;;;;;2253;2189;2127;2066;2007;1950;1894;1840;1787;1736;1687;1640;1595;1551;1509;1470;1432;1396;1362;1331;1301;1274;1249;1226;1206;1187;1172;1159;1148;1140;1135;1132;1132;1134;1140;1148;1159;1172;1189;1208;1229;1253;1280;1308;1339;1372;1407;1444;1482;1522;1563;1604;1647;1689;1732;1775;1818;1860;1901;1942;1981;2019;2056;2092;2126;2160;2192;2223;2253;2283;2313;2344;;;;;;;;;;;;;;;;;;;;;;;;;;;;;;;;;;;
1.400;;;;;;;;;;;;;;;;;;;;;;;;;;;;;;;;;;;2270;2207;2144;2083;2024;1965;1909;1853;1799;1747;1696;1647;1600;1554;1511;1469;1429;1391;1354;1320;1289;1259;1231;1206;1183;1163;1145;1129;1116;1106;1098;1093;1090;1090;1093;1099;1107;1118;1132;1148;1167;1189;1213;1239;1267;1298;1331;1366;1402;1440;1479;1520;1561;1603;1645;1688;1731;1774;1816;1858;1899;1939;1978;2017;2054;2090;2126;2160;2194;2228;2262;2296;2331;2367;;;;;;;;;;;;;;;;;;;;;;;;;;;;;;;;;;
1.300;;;;;;;;;;;;;;;;;;;;;;;;;;;;;;;;;;2287;2223;2161;2100;2041;1982;1925;1868;1814;1760;1708;1657;1608;1561;1515;1471;1429;1389;1351;1314;1280;1248;1218;1191;1165;1142;1122;1104;1088;1076;1065;1057;1052;1050;1050;1053;1059;1067;1078;1092;1108;1127;1149;1173;1199;1227;1257;1290;1324;1360;1397;1436;1476;1517;1559;1601;1643;1686;1729;1771;1814;1855;1897;1937;1977;2016;2054;2092;2129;2167;2204;2241;2279;2319;2360;2403;;;;;;;;;;;;;;;;;;;;;;;;;;;;;;;;;
1.200;;;;;;;;;;;;;;;;;;;;;;;;;;;;;;;;;;2239;2178;2117;2058;1999;1942;1885;1829;1775;1722;1670;1620;1571;1523;1477;1433;1391;1351;1312;1276;1241;1209;1179;1152;1126;1103;1083;1065;1049;1037;1026;1019;1014;1011;1012;1015;1021;1029;1040;1054;1070;1089;1110;1133;1159;1187;1217;1249;1282;1318;1355;1393;1432;1473;1514;1556;1598;1641;1684;1727;1769;1812;1854;1896;1937;1978;2018;2059;2099;2139;2180;2221;2264;2307;2353;2402;;;;;;;;;;;;;;;;;;;;;;;;;;;;;;;;;
1.100;;;;;;;;;;;;;;;;;;;;;;;;;;;;;;;;;2255;2194;2134;2075;2017;1959;1903;1847;1792;1738;1685;1633;1583;1534;1487;1441;1397;1354;1314;1275;1239;1204;1172;1142;1114;1089;1066;1045;1028;1012;999;989;982;977;975;975;978;984;992;1003;1016;1032;1051;1071;1094;1120;1147;1177;1208;1241;1276;1312;1350;1388;1428;1469;1511;1553;1595;1638;1681;1724;1768;1811;1854;1897;1939;1982;2025;2068;2112;2156;2201;2248;2297;2348;2401;2459;;;;;;;;;;;;;;;;;;;;;;;;;;;;;;;;
1.000;;;;;;;;;;;;;;;;;;;;;;;;;;;;;;;;;2210;2151;2093;2035;1978;1921;1865;1810;1755;1702;1649;1598;1548;1499;1452;1406;1362;1319;1278;1240;1203;1169;1136;1106;1079;1053;1030;1010;992;977;964;954;946;941;939;940;943;948;956;967;980;996;1014;1034;1057;1081;1108;1137;1168;1200;1234;1270;1306;1345;1384;1424;1465;1507;1550;1593;1636;1680;1723;1767;1812;1856;1901;1946;1991;2037;2084;2132;2182;2233;2286;2342;2401;2464;2531;;;;;;;;;;;;;;;;;;;;;;;;;;;;;;;
0.900;;;;;;;;;;;;;;;;;;;;;;;;;;;;;;;;2226;2168;2110;2053;1996;1940;1885;1829;1775;1721;1668;1615;1564;1514;1465;1418;1372;1328;1285;1245;1206;1169;1135;1102;1072;1045;1019;996;976;958;943;930;920;913;908;906;906;909;914;922;933;945;961;978;998;1020;1044;1070;1098;1128;1159;1193;1227;1264;1301;1340;1379;1420;1462;1504;1547;1590;1635;1679;1724;1770;1816;1862;1910;1958;2007;2057;2109;2162;2218;2276;2337;2401;2469;2542;;;;;;;;;;;;;;;;;;;;;;;;;;;;;;;
0.800;;;;;;;;;;;;;;;;;;;;;;;;;;;;;;;;2185;2128;2072;2016;1960;1905;1850;1796;1741;1688;1635;1583;1532;1482;1434;1386;1340;1296;1253;1213;1174;1137;1103;1070;1040;1013;987;964;944;926;911;899;888;881;876;874;874;877;882;889;899;912;927;944;963;984;1007;1033;1060;1089;1120;1152;1186;1221;1258;1296;1335;1375;1416;1458;1501;1545;1590;1635;1681;1728;1776;1824;1874;1924;1977;2030;2086;2143;2203;2266;2332;2401;2475;2553;2636;;;;;;;;;;;;;;;;;;;;;;;;;;;;;;
0.700;;;;;;;;;;;;;;;;;;;;;;;;;;;;;;;2203;2147;2092;2037;1982;1927;1872;1818;1764;1710;1657;1605;1553;1502;1452;1403;1356;1310;1266;1223;1183;1144;1107;1072;1040;1010;982;957;934;914;896;881;869;859;851;846;844;844;846;851;858;868;880;894;911;929;950;972;997;1023;1051;1081;1112;1145;1180;1216;1253;1291;1331;1372;1414;1456;1500;1545;1591;1638;1686;1736;1786;1838;1891;1946;2003;2062;2124;2188;2255;2326;2401;2480;2563;2652;;;;;;;;;;;;;;;;;;;;;;;;;;;;;;
0.600;;;;;;;;;;;;;;;;;;;;;;;;;;;;;;;2167;2113;2058;2004;1950;1896;1842;1788;1735;1681;1628;1576;1525;1474;1424;1375;1328;1282;1238;1195;1154;1115;1079;1044;1012;982;954;929;906;886;868;853;841;831;823;818;815;815;817;822;829;838;850;863;879;897;917;938;962;987;1014;1043;1074;1106;1139;1174;1211;1248;1287;1328;1369;1412;1456;1502;1548;1596;1646;1696;1749;1803;1859;1917;1977;2039;2105;2173;2245;2321;2400;2484;2573;2667;;;;;;;;;;;;;;;;;;;;;;;;;;;;;;
0.500;;;;;;;;;;;;;;;;;;;;;;;;;;;;;;;2135;2082;2028;1975;1922;1868;1815;1761;1708;1655;1602;1550;1498;1448;1398;1349;1302;1256;1211;1169;1128;1089;1052;1018;985;955;928;903;880;860;842;827;815;805;797;792;789;789;791;795;802;810;821;834;849;866;885;906;929;953;979;1007;1036;1068;1100;1134;1170;1207;1245;1285;1326;1369;1413;1459;1506;1555;1606;1658;1712;1768;1827;1887;1951;2017;2086;2159;2235;2315;2399;2488;2582;2681;2786;;;;;;;;;;;;;;;;;;;;;;;;;;;;;
0.400;;;;;;;;;;;;;;;;;;;;;;;;;;;;;;2160;2107;2055;2002;1949;1896;1843;1790;1737;1684;1631;1578;1526;1475;1424;1374;1325;1278;1232;1187;1144;1104;1065;1028;993;961;931;904;879;856;836;818;803;791;781;773;768;765;764;766;770;776;784;795;807;821;838;856;876;897;921;946;972;1001;1031;1062;1095;1130;1166;1204;1244;1285;1327;1371;1417;1465;1515;1567;1620;1676;1734;1795;1859;1925;1995;2067;2144;2224;2309;2398;2491;2590;2694;2803;;;;;;;;;;;;;;;;;;;;;;;;;;;;;
0.300;;;;;;;;;;;;;;;;;;;;;;;;;;;;;;2135;2083;2031;1979;1927;1874;1822;1769;1716;1663;1610;1557;1505;1453;1402;1352;1303;1256;1210;1165;1122;1081;1042;1006;971;939;909;881;856;834;814;796;781;769;759;751;746;743;742;743;747;753;760;770;782;795;811;828;847;868;890;914;940;967;996;1026;1059;1092;1128;1165;1204;1244;1287;1331;1377;1426;1476;1529;1584;1642;1702;1765;1831;1900;1973;2049;2129;2214;2302;2396;2494;2597;2705;2819;;;;;;;;;;;;;;;;;;;;;;;;;;;;;
0.200;;;;;;;;;;;;;;;;;;;;;;;;;;;;;;2115;2064;2012;1960;1908;1856;1804;1751;1698;1645;1592;1539;1486;1435;1383;1333;1284;1236;1190;1145;1102;1061;1022;986;951;919;889;861;836;814;794;777;762;749;739;731;726;723;722;723;726;731;739;748;759;772;786;803;821;840;862;884;909;935;963;993;1024;1057;1091;1128;1166;1206;1248;1293;1339;1388;1439;1493;1549;1608;1671;1736;1804;1876;1952;2032;2115;2203;2296;2393;2495;2603;2715;2833;2957;;;;;;;;;;;;;;;;;;;;;;;;;;;;
0.100;;;;;;;;;;;;;;;;;;;;;;;;;;;;;2151;2099;2048;1997;1945;1894;1841;1789;1736;1683;1630;1576;1523;1471;1418;1367;1317;1267;1219;1173;1128;1085;1044;1005;968;933;901;871;844;819;796;776;759;744;732;721;714;708;705;704;704;707;712;719;728;738;750;764;779;796;815;835;857;881;906;933;961;991;1023;1057;1093;1130;1170;1212;1257;1303;1352;1404;1459;1516;1577;1641;1708;1779;1854;1932;2015;2102;2193;2290;2390;2496;2608;2724;2845;2972;;;;;;;;;;;;;;;;;;;;;;;;;;;;
0.000;;;;;;;;;;;;;;;;;;;;;;;;;;;;;2139;2088;2037;1986;1935;1883;1830;1778;1725;1671;1618;1564;1511;1458;1405;1354;1303;1253;1205;1158;1113;1070;1028;989;952;917;885;855;828;803;781;761;744;729;716;706;698;693;689;688;688;691;695;702;710;719;731;744;758;775;792;811;832;855;879;904;932;961;992;1025;1060;1097;1137;1178;1223;1269;1319;1371;1427;1486;1548;1613;1682;1755;1832;1913;1999;2089;2184;2283;2387;2497;2611;2731;2856;2986;;;;;;;;;;;;;;;;;;;;;;;;;;;;
-0.100;;;;;;;;;;;;;;;;;;;;;;;;;;;;;2132;2081;2030;1979;1928;1876;1823;1770;1717;1663;1609;1555;1501;1448;1395;1343;1292;1241;1193;1146;1100;1057;1015;976;939;904;872;842;815;790;767;748;730;716;703;693;685;679;676;674;675;677;681;687;694;703;714;726;740;755;772;790;810;831;854;879;905;934;964;996;1030;1067;1106;1147;1191;1238;1288;1341;1397;1457;1520;1587;1658;1733;1812;1896;1984;2077;2174;2277;2384;2497;2614;2737;2864;2997;;;;;;;;;;;;;;;;;;;;;;;;;;;;
-0.200;;;;;;;;;;;;;;;;;;;;;;;;;;;;;2129;2078;2027;1976;1924;1872;1819;1766;1712;1658;1604;1549;1495;1441;1387;1335;1283;1233;1183;1136;1090;1046;1005;965;928;893;861;831;803;779;756;737;720;705;692;682;674;669;665;663;663;665;669;674;681;690;700;711;724;739;754;772;791;811;833;856;882;909;938;970;1003;1039;1078;1119;1163;1210;1260;1314;1370;1431;1495;1564;1636;1713;1794;1880;1970;2066;2166;2271;2381;2496;2616;2741;2871;3006;;;;;;;;;;;;;;;;;;;;;;;;;;;;
-0.300;;;;;;;;;;;;;;;;;;;;;;;;;;;;;2131;2080;2029;1977;1925;1873;1819;1766;1711;1657;1602;1547;1492;1437;1383;1330;1277;1226;1177;1129;1083;1039;996;957;919;884;852;822;795;770;748;728;711;696;684;674;666;660;656;654;654;656;659;664;671;679;688;699;711;725;740;756;774;793;814;837;861;888;916;947;980;1015;1053;1094;1138;1185;1235;1289;1346;1408;1473;1543;1617;1695;1778;1866;1958;2056;2158;2265;2378;2495;2617;2744;2876;3012;3152;;;;;;;;;;;;;;;;;;;;;;;;;;;
-0.400;;;;;;;;;;;;;;;;;;;;;;;;;;;;;2136;2085;2034;1982;1930;1877;1823;1769;1714;1658;1603;1547;1491;1436;1381;1328;1275;1223;1173;1124;1078;1033;991;951;913;878;845;815;788;763;741;721;704;690;677;667;659;654;650;648;648;649;652;657;663;670;679;689;701;714;728;743;760;779;799;820;844;869;897;927;959;994;1032;1072;1116;1163;1213;1267;1325;1387;1454;1524;1599;1679;1764;1853;1948;2047;2151;2260;2375;2494;2618;2746;2879;3017;3157;;;;;;;;;;;;;;;;;;;;;;;;;;;
-0.500;;;;;;;;;;;;;;;;;;;;;;;;;;;;2197;2146;2095;2043;1991;1938;1885;1830;1775;1720;1664;1607;1551;1494;1438;1383;1328;1275;1222;1172;1122;1075;1030;988;947;909;874;841;811;784;759;737;717;700;685;673;663;655;649;646;644;643;645;647;652;657;664;673;682;693;705;719;733;749;767;786;807;830;855;881;910;942;976;1013;1054;1097;1144;1195;1249;1307;1370;1437;1509;1585;1666;1752;1843;1939;2040;2145;2256;2372;2493;2618;2747;2881;3019;3160;;;;;;;;;;;;;;;;;;;;;;;;;;;
-0.600;;;;;;;;;;;;;;;;;;;;;;;;;;;;2210;2159;2107;2056;2003;1950;1896;1841;1785;1729;1672;1615;1558;1500;1443;1387;1332;1277;1224;1173;1123;1076;1030;987;946;908;872;839;809;781;757;734;715;698;683;671;661;653;648;644;642;641;642;645;649;654;661;669;678;688;700;712;726;742;759;777;797;819;843;869;897;928;962;999;1039;1082;1129;1180;1234;1293;1356;1424;1496;1573;1655;1742;1834;1932;2034;2141;2253;2370;2491;2617;2748;2882;3019;3160;;;;;;;;;;;;;;;;;;;;;;;;;;;
-0.700;;;;;;;;;;;;;;;;;;;;;;;;;;;;2227;2175;2124;2071;2019;1965;1910;1855;1798;1741;1684;1626;1567;1509;1452;1394;1338;1283;1229;1177;1127;1078;1032;988;947;909;873;839;809;781;757;734;715;698;683;671;661;654;648;644;642;642;643;645;649;654;660;668;676;686;697;709;722;737;753;771;790;811;835;860;888;918;952;988;1028;1071;1117;1168;1223;1282;1346;1414;1487;1565;1648;1736;1829;1927;2030;2138;2251;2368;2490;2617;2747;2881;3018;3158;;;;;;;;;;;;;;;;;;;;;;;;;;;
-0.800;;;;;;;;;;;;;;;;;;;;;;;;;;;;2246;2194;2143;2090;2037;1983;1928;1871;1814;1757;1698;1639;1580;1521;1463;1404;1347;1291;1237;1184;1133;1084;1037;993;951;912;876;842;811;784;759;736;717;700;686;673;664;656;650;647;644;644;645;647;651;656;662;669;677;687;697;709;721;736;751;768;787;807;830;855;882;912;945;981;1020;1063;1110;1160;1215;1274;1338;1407;1481;1559;1643;1731;1825;1924;2027;2136;2250;2367;2490;2616;2746;2879;3015;3153;;;;;;;;;;;;;;;;;;;;;;;;;;;
-0.900;;;;;;;;;;;;;;;;;;;;;;;;;;;;2267;2216;2164;2112;2058;2003;1948;1891;1833;1775;1716;1656;1596;1536;1476;1417;1359;1302;1247;1193;1141;1091;1044;999;957;917;881;847;816;788;763;741;721;704;690;678;668;660;655;651;649;649;650;652;656;660;666;673;681;690;700;711;723;737;752;768;787;807;829;853;880;909;942;977;1016;1059;1105;1156;1211;1271;1335;1404;1478;1557;1641;1730;1824;1923;2027;2136;2250;2368;2490;2615;2744;2876;3011;3147;;;;;;;;;;;;;;;;;;;;;;;;;;;
-1.000;;;;;;;;;;;;;;;;;;;;;;;;;;;;2291;2240;2188;2135;2081;2027;1970;1913;1855;1796;1736;1675;1614;1553;1493;1433;1374;1316;1259;1205;1152;1101;1053;1008;965;925;888;854;823;795;769;747;727;710;696;684;674;667;661;658;656;655;656;659;662;667;673;679;687;696;706;716;728;741;756;772;790;809;831;854;881;910;942;977;1016;1059;1105;1156;1211;1270;1335;1404;1478;1557;1641;1731;1825;1925;2029;2138;2251;2369;2490;2615;2743;2873;3005;3139;;;;;;;;;;;;;;;;;;;;;;;;;;;
-1.100;;;;;;;;;;;;;;;;;;;;;;;;;;;;;2265;2213;2161;2107;2052;1995;1938;1879;1819;1758;1697;1635;1573;1512;1451;1391;1332;1275;1219;1165;1114;1065;1019;976;935;898;863;832;803;778;755;735;718;704;692;683;675;670;666;665;664;665;668;671;676;682;688;696;704;714;724;736;749;763;778;796;815;836;859;885;914;946;981;1020;1062;1108;1159;1214;1274;1338;1407;1482;1561;1645;1735;1829;1929;2033;2142;2254;2371;2491;2615;2741;2869;2999;3130;;;;;;;;;;;;;;;;;;;;;;;;;;;
-1.200;;;;;;;;;;;;;;;;;;;;;;;;;;;;;2292;2240;2188;2134;2079;2022;1964;1905;1844;1783;1721;1658;1596;1533;1471;1410;1351;1292;1236;1181;1129;1079;1033;988;947;909;874;842;814;788;765;746;729;714;702;693;686;680;677;675;675;676;679;682;687;693;699;707;715;724;735;746;759;773;788;805;824;845;868;893;922;953;988;1027;1069;1115;1166;1221;1280;1345;1414;1489;1568;1653;1742;1836;1935;2039;2147;2259;2375;2494;2615;2739;2865;2992;3120;;;;;;;;;;;;;;;;;;;;;;;;;;;
-1.300;;;;;;;;;;;;;;;;;;;;;;;;;;;;;2319;2268;2216;2162;2107;2051;1992;1933;1872;1810;1747;1684;1620;1557;1494;1432;1372;1312;1255;1200;1147;1096;1048;1004;962;923;888;855;826;800;778;758;741;726;714;705;698;693;689;688;688;689;692;695;700;706;712;720;728;738;748;759;771;785;800;817;836;856;879;905;933;964;999;1037;1080;1126;1176;1231;1291;1355;1425;1499;1578;1663;1752;1846;1944;2047;2155;2265;2380;2497;2617;2738;2861;2985;;;;;;;;;;;;;;;;;;;;;;;;;;;;
-1.400;;;;;;;;;;;;;;;;;;;;;;;;;;;;;2347;2296;2245;2192;2137;2080;2022;1962;1901;1839;1775;1711;1647;1583;1519;1457;1395;1335;1276;1220;1166;1115;1066;1021;979;939;903;871;841;815;792;772;754;740;728;719;712;707;703;702;702;704;706;710;715;721;728;735;744;753;763;774;787;800;815;832;851;871;894;919;947;979;1013;1052;1094;1140;1190;1245;1305;1369;1438;1513;1592;1676;1765;1858;1956;2058;2164;2274;2386;2502;2619;2738;2858;2978;;;;;;;;;;;;;;;;;;;;;;;;;;;;
-1.500;;;;;;;;;;;;;;;;;;;;;;;;;;;;;2374;2325;2274;2221;2167;2111;2053;1993;1932;1869;1805;1741;1676;1611;1547;1483;1421;1359;1300;1243;1188;1136;1087;1041;997;958;921;888;858;831;808;787;770;756;744;734;727;722;719;718;718;720;723;727;732;738;745;753;761;771;781;792;805;818;833;850;868;889;912;937;965;996;1031;1069;1111;1157;1208;1263;1322;1386;1456;1530;1608;1692;1780;1873;1970;2071;2176;2284;2394;2508;2622;2738;2855;2971;;;;;;;;;;;;;;;;;;;;;;;;;;;;
-1.600;;;;;;;;;;;;;;;;;;;;;;;;;;;;;2401;2353;2303;2251;2198;2142;2084;2025;1963;1901;1837;1772;1707;1641;1576;1512;1448;1386;1326;1268;1213;1160;1109;1062;1018;978;941;907;877;850;826;805;788;773;761;752;745;740;737;736;736;738;741;746;751;757;764;772;781;790;801;812;825;838;853;870;889;909;932;957;986;1017;1051;1090;1132;1178;1228;1283;1343;1407;1476;1550;1628;1711;1799;1891;1987;2087;2190;2296;2404;2515;2627;2740;2852;2965;;;;;;;;;;;;;;;;;;;;;;;;;;;;
-1.700;;;;;;;;;;;;;;;;;;;;;;;;;;;;;;2380;2331;2281;2228;2173;2116;2057;1996;1934;1870;1805;1739;1673;1607;1542;1478;1416;1355;1296;1239;1185;1134;1086;1042;1001;963;928;897;870;846;825;807;792;780;771;764;759;756;755;756;758;762;766;772;778;785;793;802;812;823;834;847;861;876;893;912;932;955;981;1009;1040;1075;1113;1156;1202;1252;1307;1366;1430;1499;1573;1651;1733;1820;1911;2006;2104;2206;2310;2416;2524;2633;2742;2851;2959;;;;;;;;;;;;;;;;;;;;;;;;;;;;
-1.800;;;;;;;;;;;;;;;;;;;;;;;;;;;;;;2406;2359;2310;2259;2205;2149;2090;2030;1968;1904;1839;1773;1707;1641;1575;1510;1447;1385;1325;1268;1213;1161;1113;1067;1025;987;952;920;893;868;847;829;814;802;792;785;780;778;777;777;780;783;788;794;801;808;816;826;836;847;858;871;885;901;918;937;958;981;1007;1035;1067;1102;1140;1182;1228;1279;1334;1393;1457;1526;1599;1676;1758;1844;1934;2028;2125;2224;2326;2430;2535;2641;2746;2851;;;;;;;;;;;;;;;;;;;;;;;;;;;;;
-1.900;;;;;;;;;;;;;;;;;;;;;;;;;;;;;;2430;2385;2338;2288;2236;2181;2124;2064;2002;1939;1874;1808;1742;1676;1609;1544;1480;1418;1357;1299;1244;1191;1142;1095;1053;1013;978;946;917;892;871;852;837;825;815;808;803;800;800;801;803;807;812;818;825;833;841;851;861;872;885;898;912;928;945;965;986;1009;1035;1064;1096;1131;1169;1212;1258;1309;1364;1423;1487;1555;1627;1705;1786;1871;1960;2052;2147;2245;2345;2446;2548;2650;2752;2853;;;;;;;;;;;;;;;;;;;;;;;;;;;;;
-2.000;;;;;;;;;;;;;;;;;;;;;;;;;;;;;;2453;2410;2365;2317;2266;2213;2157;2098;2038;1975;1910;1845;1779;1712;1646;1580;1516;1453;1391;1333;1276;1223;1173;1126;1082;1042;1006;973;944;919;897;878;862;850;840;832;828;825;824;825;828;832;837;843;851;859;868;878;888;900;912;926;941;957;975;994;1016;1040;1066;1095;1127;1162;1201;1244;1291;1341;1396;1455;1519;1587;1659;1736;1816;1900;1988;2079;2172;2268;2366;2464;2563;2662;2760;2857;;;;;;;;;;;;;;;;;;;;;;;;;;;;;
-2.100;;;;;;;;;;;;;;;;;;;;;;;;;;;;;;;2433;2390;2344;2296;2245;2190;2133;2073;2012;1948;1883;1817;1750;1684;1618;1553;1490;1428;1368;1311;1257;1206;1158;1114;1074;1036;1003;973;947;925;905;889;877;867;859;854;851;851;852;855;859;864;871;878;887;896;906;917;929;942;956;971;988;1006;1026;1048;1072;1099;1128;1161;1197;1236;1279;1325;1376;1431;1490;1554;1622;1694;1769;1849;1932;2019;2108;2200;2294;2389;2485;2580;2676;2770;;;;;;;;;;;;;;;;;;;;;;;;;;;;;;
-2.200;;;;;;;;;;;;;;;;;;;;;;;;;;;;;;;2454;2414;2371;2325;2275;2223;2168;2109;2049;1986;1922;1856;1790;1724;1658;1593;1529;1467;1407;1349;1294;1242;1194;1149;1107;1070;1036;1005;978;955;936;919;906;895;888;883;880;879;880;883;887;893;900;908;916;926;937;948;960;974;988;1004;1021;1040;1060;1082;1107;1134;1164;1197;1233;1273;1316;1363;1414;1469;1528;1592;1659;1730;1806;1885;1967;2052;2140;2230;2322;2414;2507;2600;2692;2782;;;;;;;;;;;;;;;;;;;;;;;;;;;;;;
-2.300;;;;;;;;;;;;;;;;;;;;;;;;;;;;;;;;2435;2395;2352;2305;2255;2202;2145;2086;2025;1962;1897;1832;1766;1700;1635;1571;1508;1447;1389;1334;1281;1232;1186;1144;1105;1071;1040;1012;988;968;951;937;927;919;913;910;910;911;913;918;924;930;939;948;958;969;980;993;1007;1022;1038;1056;1075;1096;1119;1144;1171;1202;1235;1272;1312;1355;1403;1454;1509;1568;1632;1699;1770;1845;1923;2004;2088;2175;2263;2352;2442;2533;2622;2711;;;;;;;;;;;;;;;;;;;;;;;;;;;;;;;
-2.400;;;;;;;;;;;;;;;;;;;;;;;;;;;;;;;;2455;2418;2378;2334;2287;2236;2182;2125;2065;2003;1939;1875;1809;1744;1679;1615;1552;1491;1432;1376;1323;1273;1227;1184;1144;1109;1077;1049;1024;1003;986;972;960;952;946;943;942;943;946;950;956;963;971;981;991;1002;1015;1028;1042;1057;1074;1092;1112;1133;1157;1183;1211;1242;1276;1313;1353;1397;1445;1496;1551;1611;1674;1741;1812;1886;1964;2044;2127;2212;2298;2385;2473;2561;2647;2733;;;;;;;;;;;;;;;;;;;;;;;;;;;;;;;
-2.500;;;;;;;;;;;;;;;;;;;;;;;;;;;;;;;;;2439;2402;2362;2317;2269;2218;2163;2105;2045;1983;1919;1854;1790;1725;1661;1598;1537;1478;1421;1368;1317;1270;1226;1186;1150;1117;1088;1063;1041;1023;1008;997;988;982;978;977;978;980;985;991;998;1006;1016;1026;1038;1050;1064;1079;1095;1112;1130;1151;1173;1197;1223;1252;1283;1318;1355;1396;1441;1489;1541;1596;1656;1719;1786;1856;1930;2007;2086;2168;2251;2336;2421;2507;2592;2675;;;;;;;;;;;;;;;;;;;;;;;;;;;;;;;;
-2.600;;;;;;;;;;;;;;;;;;;;;;;;;;;;;;;;;2458;2425;2388;2347;2302;2254;2201;2146;2088;2027;1965;1901;1837;1773;1710;1647;1586;1526;1470;1415;1364;1316;1272;1231;1194;1160;1131;1105;1082;1063;1048;1036;1026;1020;1016;1014;1015;1017;1022;1027;1035;1043;1053;1064;1075;1088;1102;1117;1134;1151;1171;1191;1214;1239;1266;1295;1327;1362;1400;1442;1487;1535;1587;1643;1703;1766;1833;1903;1976;2052;2131;2211;2293;2376;2460;2543;2625;2706;;;;;;;;;;;;;;;;;;;;;;;;;;;;;;;;
-2.700;;;;;;;;;;;;;;;;;;;;;;;;;;;;;;;;;;2447;2414;2376;2335;2290;2240;2187;2131;2073;2012;1950;1887;1824;1761;1698;1637;1578;1521;1466;1415;1366;1321;1279;1241;1207;1177;1150;1127;1107;1091;1078;1068;1061;1056;1054;1055;1057;1061;1067;1074;1082;1092;1103;1115;1128;1142;1158;1175;1193;1213;1234;1257;1282;1310;1340;1373;1408;1447;1489;1535;1583;1636;1692;1752;1815;1882;1952;2025;2100;2178;2257;2338;2420;2501;2582;2662;;;;;;;;;;;;;;;;;;;;;;;;;;;;;;;;;
-2.800;;;;;;;;;;;;;;;;;;;;;;;;;;;;;;;;;;2467;2438;2405;2367;2325;2279;2229;2176;2120;2061;2001;1939;1877;1815;1753;1692;1633;1576;1521;1468;1419;1374;1331;1292;1257;1226;1198;1174;1154;1137;1123;1113;1105;1100;1097;1097;1099;1103;1108;1115;1124;1133;1144;1157;1170;1185;1201;1218;1236;1257;1278;1302;1328;1356;1387;1420;1457;1496;1539;1585;1634;1687;1743;1804;1867;1934;2003;2076;2151;2228;2306;2386;2466;2546;2625;2702;;;;;;;;;;;;;;;;;;;;;;;;;;;;;;;;;
-2.900;;;;;;;;;;;;;;;;;;;;;;;;;;;;;;;;;;;2461;2432;2399;2361;2318;2272;2222;2168;2112;2053;1993;1932;1871;1810;1750;1691;1634;1578;1526;1476;1430;1387;1347;1312;1279;1251;1226;1205;1187;1172;1161;1152;1147;1144;1143;1144;1148;1153;1159;1168;1177;1189;1201;1214;1229;1245;1263;1282;1303;1325;1349;1376;1405;1436;1470;1507;1547;1590;1637;1687;1740;1797;1857;1921;1988;2057;2129;2204;2280;2358;2436;2515;2593;2670;;;;;;;;;;;;;;;;;;;;;;;;;;;;;;;;;;
-3.000;;;;;;;;;;;;;;;;;;;;;;;;;;;;;;;;;;;;2460;2431;2397;2358;2315;2268;2217;2164;2108;2050;1990;1930;1870;1811;1752;1695;1640;1587;1537;1490;1447;1406;1370;1337;1307;1281;1259;1240;1225;1213;1203;1197;1193;1192;1193;1195;1200;1207;1215;1224;1235;1248;1261;1276;1293;1310;1330;1351;1374;1399;1426;1455;1487;1522;1559;1600;1644;1691;1741;1795;1853;1913;1977;2044;2113;2185;2259;2335;2412;2489;2566;2643;;;;;;;;;;;;;;;;;;;;;;;;;;;;;;;;;;;
-3.100;;;;;;;;;;;;;;;;;;;;;;;;;;;;;;;;;;;;2486;2462;2432;2398;2359;2316;2268;2218;2164;2108;2051;1992;1933;1875;1817;1760;1705;1652;1602;1555;1510;1469;1432;1398;1368;1341;1318;1298;1282;1268;1258;1251;1246;1244;1244;1247;1251;1257;1265;1274;1285;1297;1311;1326;1342;1360;1380;1402;1425;1450;1478;1508;1540;1576;1614;1655;1700;1747;1798;1853;1911;1972;2036;2102;2172;2244;2317;2392;2468;2545;2621;2696;;;;;;;;;;;;;;;;;;;;;;;;;;;;;;;;;;;
-3.200;;;;;;;;;;;;;;;;;;;;;;;;;;;;;;;;;;;;;2493;2469;2439;2404;2364;2320;2273;2222;2169;2114;2057;2000;1942;1885;1829;1774;1721;1671;1623;1578;1537;1499;1464;1432;1405;1381;1360;1342;1328;1317;1309;1303;1300;1300;1301;1305;1311;1318;1327;1337;1350;1363;1378;1395;1413;1433;1455;1479;1504;1532;1563;1596;1632;1671;1713;1758;1806;1858;1913;1971;2032;2097;2164;2233;2305;2378;2453;2528;2604;2679;;;;;;;;;;;;;;;;;;;;;;;;;;;;;;;;;;;;
-3.300;;;;;;;;;;;;;;;;;;;;;;;;;;;;;;;;;;;;;;2505;2480;2449;2414;2374;2330;2283;2232;2179;2124;2069;2013;1956;1901;1847;1794;1744;1696;1651;1609;1570;1534;1502;1473;1448;1426;1408;1392;1380;1371;1364;1361;1359;1360;1363;1368;1375;1383;1393;1405;1419;1434;1450;1469;1489;1511;1535;1561;1590;1621;1654;1691;1730;1773;1819;1867;1920;1975;2034;2095;2160;2227;2297;2368;2441;2516;2591;2665;;;;;;;;;;;;;;;;;;;;;;;;;;;;;;;;;;;;;
-3.400;;;;;;;;;;;;;;;;;;;;;;;;;;;;;;;;;;;;;;;2522;2496;2465;2429;2389;2345;2297;2247;2195;2141;2086;2032;1977;1924;1871;1821;1773;1727;1685;1645;1609;1576;1546;1520;1497;1477;1461;1448;1437;1430;1425;1423;1423;1425;1429;1435;1443;1453;1464;1478;1492;1509;1527;1548;1570;1594;1621;1650;1681;1715;1752;1792;1836;1882;1931;1984;2040;2099;2161;2226;2293;2363;2435;2508;2582;2656;;;;;;;;;;;;;;;;;;;;;;;;;;;;;;;;;;;;;;
-3.500;;;;;;;;;;;;;;;;;;;;;;;;;;;;;;;;;;;;;;;;2544;2518;2486;2450;2409;2365;2318;2268;2216;2163;2110;2057;2004;1952;1902;1854;1809;1766;1725;1688;1654;1624;1596;1572;1552;1534;1520;1508;1500;1494;1491;1490;1491;1494;1500;1507;1516;1527;1540;1555;1571;1589;1610;1632;1657;1683;1713;1745;1779;1817;1857;1901;1948;1998;2051;2108;2167;2230;2295;2362;2432;2504;2577;2650;;;;;;;;;;;;;;;;;;;;;;;;;;;;;;;;;;;;;;;
-3.600;;;;;;;;;;;;;;;;;;;;;;;;;;;;;;;;;;;;;;;;;2572;2544;2512;2475;2435;2390;2344;2294;2244;2192;2140;2088;2037;1988;1940;1894;1851;1810;1772;1738;1706;1678;1653;1631;1612;1597;1584;1574;1567;1563;1561;1561;1564;1568;1575;1583;1594;1606;1621;1637;1655;1675;1698;1722;1749;1779;1811;1846;1884;1925;1969;2017;2067;2121;2178;2238;2301;2366;2434;2504;2576;2648;;;;;;;;;;;;;;;;;;;;;;;;;;;;;;;;;;;;;;;;
-3.700;;;;;;;;;;;;;;;;;;;;;;;;;;;;;;;;;;;;;;;;;;2605;2577;2544;2507;2466;2422;2375;2327;2277;2227;2176;2126;2077;2029;1984;1940;1899;1861;1825;1793;1764;1738;1715;1695;1678;1664;1653;1645;1640;1636;1636;1637;1641;1647;1655;1665;1677;1690;1706;1724;1744;1767;1791;1819;1848;1881;1916;1955;1996;2041;2089;2140;2194;2251;2312;2375;2441;2509;2579;2650;;;;;;;;;;;;;;;;;;;;;;;;;;;;;;;;;;;;;;;;;
-3.800;;;;;;;;;;;;;;;;;;;;;;;;;;;;;;;;;;;;;;;;;;;2643;2614;2581;2543;2502;2459;2413;2365;2316;2267;2218;2170;2123;2077;2034;1992;1954;1918;1884;1854;1827;1803;1782;1764;1749;1737;1728;1721;1717;1715;1716;1718;1723;1730;1740;1751;1764;1780;1797;1817;1840;1864;1892;1922;1954;1990;2029;2071;2116;2164;2215;2270;2328;2388;2452;2518;2586;2656;;;;;;;;;;;;;;;;;;;;;;;;;;;;;;;;;;;;;;;;;;
-3.900;;;;;;;;;;;;;;;;;;;;;;;;;;;;;;;;;;;;;;;;;;;;2686;2657;2623;2585;2544;2501;2455;2409;2361;2314;2266;2220;2175;2131;2090;2051;2014;1980;1949;1921;1896;1874;1855;1839;1825;1815;1807;1801;1799;1798;1800;1804;1810;1819;1829;1842;1857;1875;1894;1916;1941;1968;1998;2031;2067;2106;2148;2194;2242;2294;2349;2407;2468;2532;2598;2666;;;;;;;;;;;;;;;;;;;;;;;;;;;;;;;;;;;;;;;;;;;
-4.000;;;;;;;;;;;;;;;;;;;;;;;;;;;;;;;;;;;;;;;;;;;;;;2704;2670;2632;2591;2548;2504;2458;2412;2365;2320;2275;2232;2191;2151;2114;2080;2048;2019;1993;1970;1950;1933;1918;1906;1897;1891;1887;1885;1886;1889;1895;1902;1912;1925;1939;1956;1975;1997;2022;2049;2079;2112;2148;2187;2230;2275;2324;2376;2432;2490;2551;2615;;;;;;;;;;;;;;;;;;;;;;;;;;;;;;;;;;;;;;;;;;;;;
-4.100;;;;;;;;;;;;;;;;;;;;;;;;;;;;;;;;;;;;;;;;;;;;;;;2756;2721;2683;2643;2601;2557;2512;2467;2423;2379;2336;2295;2255;2218;2183;2151;2121;2094;2070;2049;2031;2015;2002;1992;1984;1979;1977;1976;1979;1983;1990;1999;2011;2025;2042;2061;2082;2106;2134;2164;2197;2233;2272;2315;2361;2410;2462;2518;2576;2637;;;;;;;;;;;;;;;;;;;;;;;;;;;;;;;;;;;;;;;;;;;;;;
-4.200;;;;;;;;;;;;;;;;;;;;;;;;;;;;;;;;;;;;;;;;;;;;;;;;;2777;2739;2699;2657;2614;2571;2527;2484;2442;2401;2362;2325;2289;2257;2226;2199;2174;2152;2132;2116;2102;2090;2082;2076;2072;2071;2072;2076;2082;2091;2102;2115;2131;2150;2171;2195;2222;2252;2285;2322;2361;2404;2450;2499;2551;2607;;;;;;;;;;;;;;;;;;;;;;;;;;;;;;;;;;;;;;;;;;;;;;;;
-4.300;;;;;;;;;;;;;;;;;;;;;;;;;;;;;;;;;;;;;;;;;;;;;;;;;;;2798;2759;2717;2676;2633;2591;2550;2510;2471;2433;2398;2365;2334;2306;2280;2257;2237;2220;2205;2192;2183;2176;2171;2169;2170;2173;2178;2186;2196;2209;2225;2243;2264;2288;2315;2345;2378;2414;2453;2496;2542;2591;;;;;;;;;;;;;;;;;;;;;;;;;;;;;;;;;;;;;;;;;;;;;;;;;;
-4.400;;;;;;;;;;;;;;;;;;;;;;;;;;;;;;;;;;;;;;;;;;;;;;;;;;;;;2821;2781;2740;2699;2659;2619;2580;2543;2508;2475;2444;2416;2389;2366;2345;2326;2311;2298;2287;2279;2274;2271;2271;2273;2278;2285;2295;2307;2323;2341;2361;2385;2412;2441;2474;2510;2550;2592;;;;;;;;;;;;;;;;;;;;;;;;;;;;;;;;;;;;;;;;;;;;;;;;;;;;
-4.500;;;;;;;;;;;;;;;;;;;;;;;;;;;;;;;;;;;;;;;;;;;;;;;;;;;;;;;2846;2807;2767;2729;2691;2654;2619;2586;2555;2526;2500;2476;2454;2435;2419;2405;2394;2385;2379;2376;2375;2377;2381;2388;2397;2409;2424;2442;2462;2485;2512;2542;2574;2610;;;;;;;;;;;;;;;;;;;;;;;;;;;;;;;;;;;;;;;;;;;;;;;;;;;;;;
-4.600;;;;;;;;;;;;;;;;;;;;;;;;;;;;;;;;;;;;;;;;;;;;;;;;;;;;;;;;;;2837;2800;2764;2730;2697;2666;2637;2611;2587;2565;2546;2529;2515;2503;2494;2487;2483;2482;2483;2487;2493;2502;2514;2529;2546;2566;2590;2616;;;;;;;;;;;;;;;;;;;;;;;;;;;;;;;;;;;;;;;;;;;;;;;;;;;;;;;;;
-4.700;;;;;;;;;;;;;;;;;;;;;;;;;;;;;;;;;;;;;;;;;;;;;;;;;;;;;;;;;;;;;;2807;2776;2748;2721;2697;2675;2656;2639;2625;2613;2603;2597;2592;2591;2592;2595;2601;2610;2622;2636;;;;;;;;;;;;;;;;;;;;;;;;;;;;;;;;;;;;;;;;;;;;;;;;;;;;;;;;;;;;;
-4.800;;;;;;;;;;;;;;;;;;;;;;;;;;;;;;;;;;;;;;;;;;;;;;;;;;;;;;;;;;;;;;;;;;;;2766;2749;2735;2723;2714;2707;2703;2701;;;;;;;;;;;;;;;;;;;;;;;;;;;;;;;;;;;;;;;;;;;;;;;;;;;;;;;;;;;;;;;;;;;
-4.900;;;;;;;;;;;;;;;;;;;;;;;;;;;;;;;;;;;;;;;;;;;;;;;;;;;;;;;;;;;;;;;;;;;;;;;;;;;;;;;;;;;;;;;;;;;;;;;;;;;;;;;;;;;;;;;;;;;;;;;;;;;;;;;;;;;;;;;;;;;;;;
-5.000;;;;;;;;;;;;;;;;;;;;;;;;;;;;;;;;;;;;;;;;;;;;;;;;;;;;;;;;;;;;;;;;;;;;;;;;;;;;;;;;;;;;;;;;;;;;;;;;;;;;;;;;;;;;;;;;;;;;;;;;;;;;;;;;;;;;;;;;;;;;;;
-5.100;;;;;;;;;;;;;;;;;;;;;;;;;;;;;;;;;;;;;;;;;;;;;;;;;;;;;;;;;;;;;;;;;;;;;;;;;;;;;;;;;;;;;;;;;;;;;;;;;;;;;;;;;;;;;;;;;;;;;;;;;;;;;;;;;;;;;;;;;;;;;;
-5.200;;;;;;;;;;;;;;;;;;;;;;;;;;;;;;;;;;;;;;;;;;;;;;;;;;;;;;;;;;;;;;;;;;;;;;;;;;;;;;;;;;;;;;;;;;;;;;;;;;;;;;;;;;;;;;;;;;;;;;;;;;;;;;;;;;;;;;;;;;;;;;
-5.300;;;;;;;;;;;;;;;;;;;;;;;;;;;;;;;;;;;;;;;;;;;;;;;;;;;;;;;;;;;;;;;;;;;;;;;;;;;;;;;;;;;;;;;;;;;;;;;;;;;;;;;;;;;;;;;;;;;;;;;;;;;;;;;;;;;;;;;;;;;;;;
-5.400;;;;;;;;;;;;;;;;;;;;;;;;;;;;;;;;;;;;;;;;;;;;;;;;;;;;;;;;;;;;;;;;;;;;;;;;;;;;;;;;;;;;;;;;;;;;;;;;;;;;;;;;;;;;;;;;;;;;;;;;;;;;;;;;;;;;;;;;;;;;;;
-5.500;;;;;;;;;;;;;;;;;;;;;;;;;;;;;;;;;;;;;;;;;;;;;;;;;;;;;;;;;;;;;;;;;;;;;;;;;;;;;;;;;;;;;;;;;;;;;;;;;;;;;;;;;;;;;;;;;;;;;;;;;;;;;;;;;;;;;;;;;;;;;;
-5.600;;;;;;;;;;;;;;;;;;;;;;;;;;;;;;;;;;;;;;;;;;;;;;;;;;;;;;;;;;;;;;;;;;;;;;;;;;;;;;;;;;;;;;;;;;;;;;;;;;;;;;;;;;;;;;;;;;;;;;;;;;;;;;;;;;;;;;;;;;;;;;
-5.700;;;;;;;;;;;;;;;;;;;;;;;;;;;;;;;;;;;;;;;;;;;;;;;;;;;;;;;;;;;;;;;;;;;;;;;;;;;;;;;;;;;;;;;;;;;;;;;;;;;;;;;;;;;;;;;;;;;;;;;;;;;;;;;;;;;;;;;;;;;;;;
-5.800;;;;;;;;;;;;;;;;;;;;;;;;;;;;;;;;;;;;;;;;;;;;;;;;;;;;;;;;;;;;;;;;;;;;;;;;;;;;;;;;;;;;;;;;;;;;;;;;;;;;;;;;;;;;;;;;;;;;;;;;;;;;;;;;;;;;;;;;;;;;;;
-5.900;;;;;;;;;;;;;;;;;;;;;;;;;;;;;;;;;;;;;;;;;;;;;;;;;;;;;;;;;;;;;;;;;;;;;;;;;;;;;;;;;;;;;;;;;;;;;;;;;;;;;;;;;;;;;;;;;;;;;;;;;;;;;;;;;;;;;;;;;;;;;;
-6.000;;;;;;;;;;;;;;;;;;;;;;;;;;;;;;;;;;;;;;;;;;;;;;;;;;;;;;;;;;;;;;;;;;;;;;;;;;;;;;;;;;;;;;;;;;;;;;;;;;;;;;;;;;;;;;;;;;;;;;;;;;;;;;;;;;;;;;;;;;;;;;
-6.100;;;;;;;;;;;;;;;;;;;;;;;;;;;;;;;;;;;;;;;;;;;;;;;;;;;;;;;;;;;;;;;;;;;;;;;;;;;;;;;;;;;;;;;;;;;;;;;;;;;;;;;;;;;;;;;;;;;;;;;;;;;;;;;;;;;;;;;;;;;;;;
-6.200;;;;;;;;;;;;;;;;;;;;;;;;;;;;;;;;;;;;;;;;;;;;;;;;;;;;;;;;;;;;;;;;;;;;;;;;;;;;;;;;;;;;;;;;;;;;;;;;;;;;;;;;;;;;;;;;;;;;;;;;;;;;;;;;;;;;;;;;;;;;;;
-6.300;;;;;;;;;;;;;;;;;;;;;;;;;;;;;;;;;;;;;;;;;;;;;;;;;;;;;;;;;;;;;;;;;;;;;;;;;;;;;;;;;;;;;;;;;;;;;;;;;;;;;;;;;;;;;;;;;;;;;;;;;;;;;;;;;;;;;;;;;;;;;;
-6.400;;;;;;;;;;;;;;;;;;;;;;;;;;;;;;;;;;;;;;;;;;;;;;;;;;;;;;;;;;;;;;;;;;;;;;;;;;;;;;;;;;;;;;;;;;;;;;;;;;;;;;;;;;;;;;;;;;;;;;;;;;;;;;;;;;;;;;;;;;;;;;
-6.500;;;;;;;;;;;;;;;;;;;;;;;;;;;;;;;;;;;;;;;;;;;;;;;;;;;;;;;;;;;;;;;;;;;;;;;;;;;;;;;;;;;;;;;;;;;;;;;;;;;;;;;;;;;;;;;;;;;;;;;;;;;;;;;;;;;;;;;;;;;;;;
-6.600;;;;;;;;;;;;;;;;;;;;;;;;;;;;;;;;;;;;;;;;;;;;;;;;;;;;;;;;;;;;;;;;;;;;;;;;;;;;;;;;;;;;;;;;;;;;;;;;;;;;;;;;;;;;;;;;;;;;;;;;;;;;;;;;;;;;;;;;;;;;;;
-6.700;;;;;;;;;;;;;;;;;;;;;;;;;;;;;;;;;;;;;;;;;;;;;;;;;;;;;;;;;;;;;;;;;;;;;;;;;;;;;;;;;;;;;;;;;;;;;;;;;;;;;;;;;;;;;;;;;;;;;;;;;;;;;;;;;;;;;;;;;;;;;;
-6.800;;;;;;;;;;;;;;;;;;;;;;;;;;;;;;;;;;;;;;;;;;;;;;;;;;;;;;;;;;;;;;;;;;;;;;;;;;;;;;;;;;;;;;;;;;;;;;;;;;;;;;;;;;;;;;;;;;;;;;;;;;;;;;;;;;;;;;;;;;;;;;
-6.900;;;;;;;;;;;;;;;;;;;;;;;;;;;;;;;;;;;;;;;;;;;;;;;;;;;;;;;;;;;;;;;;;;;;;;;;;;;;;;;;;;;;;;;;;;;;;;;;;;;;;;;;;;;;;;;;;;;;;;;;;;;;;;;;;;;;;;;;;;;;;;
-7.000;;;;;;;;;;;;;;;;;;;;;;;;;;;;;;;;;;;;;;;;;;;;;;;;;;;;;;;;;;;;;;;;;;;;;;;;;;;;;;;;;;;;;;;;;;;;;;;;;;;;;;;;;;;;;;;;;;;;;;;;;;;;;;;;;;;;;;;;;;;;;;
FRONT [mm];-7.000;-6.900;-6.800;-6.700;-6.600;-6.500;-6.400;-6.300;-6.200;-6.100;-6.000;-5.900;-5.800;-5.700;-5.600;-5.500;-5.400;-5.300;-5.200;-5.100;-5.000;-4.900;-4.800;-4.700;-4.600;-4.500;-4.400;-4.300;-4.200;-4.100;-4.000;-3.900;-3.800;-3.700;-3.600;-3.500;-3.400;-3.300;-3.200;-3.100;-3.000;-2.900;-2.800;-2.700;-2.600;-2.500;-2.400;-2.300;-2.200;-2.100;-2.000;-1.900;-1.800;-1.700;-1.600;-1.500;-1.400;-1.300;-1.200;-1.100;-1.000;-0.900;-0.800;-0.700;-0.600;-0.500;-0.400;-0.300;-0.200;-0.100;0.000;0.100;0.200;0.300;0.400;0.500;0.600;0.700;0.800;0.900;1.000;1.100;1.200;1.300;1.400;1.500;1.600;1.700;1.800;1.900;2.000;2.100;2.200;2.300;2.400;2.500;2.600;2.700;2.800;2.900;3.000;3.100;3.200;3.300;3.400;3.500;3.600;3.700;3.800;3.900;4.000;4.100;4.200;4.300;4.400;4.500;4.600;4.700;4.800;4.900;5.000;5.100;5.200;5.300;5.400;5.500;5.600;5.700;5.800;5.900;6.000;6.100;6.200;6.300;6.400;6.500;6.600;6.700;6.800;6.900;7.000;
7.000;;;;;;;;;;;;;;;;;;;;;;;;;;;;;;;;;;;;;;;;;;;;;;;;;;;;;;;;;;;;;;;;;;;;;;;;;;;;;;;;;;;;;;;;;;;;;;;;;;;;;;;;;;;;;;;;;;;;;;;;;;;;;;;;;;;;;;;;;;;;;;
6.900;;;;;;;;;;;;;;;;;;;;;;;;;;;;;;;;;;;;;;;;;;;;;;;;;;;;;;;;;;;;;;;;;;;;;;;;;;;;;;;;;;;;;;;;;;;;;;;;;;;;;;;;;;;;;;;;;;;;;;;;;;;;;;;;;;;;;;;;;;;;;;
6.800;;;;;;;;;;;;;;;;;;;;;;;;;;;;;;;;;;;;;;;;;;;;;;;;;;;;;;;;;;;;;;;;;;;;;;;;;;;;;;;;;;;;;;;;;;;;;;;;;;;;;;;;;;;;;;;;;;;;;;;;;;;;;;;;;;;;;;;;;;;;;;
6.700;;;;;;;;;;;;;;;;;;;;;;;;;;;;;;;;;;;;;;;;;;;;;;;;;;;;;;;;;;;;;;;;;;;;;;;;;;;;;;;;;;;;;;;;;;;;;;;;;;;;;;;;;;;;;;;;;;;;;;;;;;;;;;;;;;;;;;;;;;;;;;
6.600;;;;;;;;;;;;;;;;;;;;;;;;;;;;;;;;;;;;;;;;;;;;;;;;;;;;;;;;;;;;;;;;;;;;;;;;;;;;;;;;;;;;;;;;;;;;;;;;;;;;;;;;;;;;;;;;;;;;;;;;;;;;;;;;;;;;;;;;;;;;;;
6.500;;;;;;;;;;;;;;;;;;;;;;;;;;;;;;;;;;;;;;;;;;;;;;;;;;;;;;;;;;;;;;;;;;;;;;;;;;;;;;;;;;;;;;;;;;;;;;;;;;;;;;;;;;;;;;;;;;;;;;;;;;;;;;;;;;;;;;;;;;;;;;
6.400;;;;;;;;;;;;;;;;;;;;;;;;;;;;;;;;;;;;;;;;;;;;;;;;;;;;;;;;;;;;;;;;;;;;;;;;;;;;;;;;;;;;;;;;;;;;;;;;;;;;;;;;;;;;;;;;;;;;;;;;;;;;;;;;;;;;;;;;;;;;;;
6.300;;;;;;;;;;;;;;;;;;;;;;;;;;;;;;;;;;;;;;;;;;;;;;;;;;;;;;;;;;;;;;;;;;;;;;;;;;;;;;;;;;;;;;;;;;;;;;;;;;;;;;;;;;;;;;;;;;;;;;;;;;;;;;;;;;;;;;;;;;;;;;
6.200;;;;;;;;;;;;;;;;;;;;;;;;;;;;;;;;;;;;;;;;;;;;;;;;;;;;;;;;;;;;;;;;;;;;;;;;;;;;;;;;;;;;;;;;;;;;;;;;;;;;;;;;;;;;;;;;;;;;;;;;;;;;;;;;;;;;;;;;;;;;;;
6.100;;;;;;;;;;;;;;;;;;;;;;;;;;;;;;;;;;;;;;;;;;;;;;;;;;;;;;;;;;;;;;;;;;;;;;;;;;;;;;;;;;;;;;;;;;;;;;;;;;;;;;;;;;;;;;;;;;;;;;;;;;;;;;;;;;;;;;;;;;;;;;
6.000;;;;;;;;;;;;;;;;;;;;;;;;;;;;;;;;;;;;;;;;;;;;;;;;;;;;;;;;;;;;;;;;;;;;;;;;;;;;;;;;;;;;;;;;;;;;;;;;;;;;;;;;;;;;;;;;;;;;;;;;;;;;;;;;;;;;;;;;;;;;;;
5.900;;;;;;;;;;;;;;;;;;;;;;;;;;;;;;;;;;;;;;;;;;;;;;;;;;;;;;;;;;;;;;;;;;;;;;;;;;;;;;;;;;;;;;;;;;;;;;;;;;;;;;;;;;;;;;;;;;;;;;;;;;;;;;;;;;;;;;;;;;;;;;
5.800;;;;;;;;;;;;;;;;;;;;;;;;;;;;;;;;;;;;;;;;;;;;;;;;;;;;;;;;;;;;;;;;;;;;;;;;;;;;;;;;;;;;;;;;;;;;;;;;;;;;;;;;;;;;;;;;;;;;;;;;;;;;;;;;;;;;;;;;;;;;;;
5.700;;;;;;;;;;;;;;;;;;;;;;;;;;;;;;;;;;;;;;;;;;;;;;;;;;;;;;;;;;;;;;;;;;;;;;;;;;;;;;;;;;;;;;;;;;;;;;;;;;;;;;;;;;;;;;;;;;;;;;;;;;;;;;;;;;;;;;;;;;;;;;
5.600;;;;;;;;;;;;;;;;;;;;;;;;;;;;;;;;;;;;;;;;;;;;;;;;;;;;;;;;;;;;;;;;;;;;;;;;;;;;;;;;;;;;;;;;;;;;;;;;;;;;;;;;;;;;;;;;;;;;;;;;;;;;;;;;;;;;;;;;;;;;;;
5.500;;;;;;;;;;;;;;;;;;;;;;;;;;;;;;;;;;;;;;;;;;;;;;;;;;;;;;;;;;;;;;;;;;;;;;;;;;;;;;;;;;;;;;;;;;;;;;;;;;;;;;;;;;;;;;;;;;;;;;;;;;;;;;;;;;;;;;;;;;;;;;
5.400;;;;;;;;;;;;;;;;;;;;;;;;;;;;;;;;;;;;;;;;;;;;;;;;;;;;;;;;;;;;;;;;;;;;;;;;;;;;;;;;;;;;;;;;;;;;;;;;;;;;;;;;;;;;;;;;;;;;;;;;;;;;;;;;;;;;;;;;;;;;;;
5.300;;;;;;;;;;;;;;;;;;;;;;;;;;;;;;;;;;;;;;;;;;;;;;;;;;;;;;;;;;;;;;;;;;;;;;;;;;;;;;;;;;;;;;;;;;;;;;;;;;;;;;;;;;;;;;;;;;;;;;;;;;;;;;;;;;;;;;;;;;;;;;
5.200;;;;;;;;;;;;;;;;;;;;;;;;;;;;;;;;;;;;;;;;;;;;;;;;;;;;;;;;;;;;;;;;;;;;;;;;;;;;;;;;;;;;;;;;;;;;;;;;;;;;;;;;;;;;;;;;;;;;;;;;;;;;;;;;;;;;;;;;;;;;;;
5.100;;;;;;;;;;;;;;;;;;;;;;;;;;;;;;;;;;;;;;;;;;;;;;;;;;;;;;;;;;;;;;;;;;;;;;;;;;;;;;;;;;;;;;;;;;;;;;;;;;;;;;;;;;;;;;;;;;;;;;;;;;;;;;;;;;;;;;;;;;;;;;
5.000;;;;;;;;;;;;;;;;;;;;;;;;;;;;;;;;;;;;;;;;;;;;;;;;;;;;;;;;;;;;;;;;;;;;;;;;;;;;;;;;;;;;;;;;;;;;;;;;;;;;;;;;;;;;;;;;;;;;;;;;;;;;;;;;;;;;;;;;;;;;;;
4.900;;;;;;;;;;;;;;;;;;;;;;;;;;;;;;;;;;;;;;;;;;;;;;;;;;;;;;;;;;;;;;;;;;;;;;;;;;;;;;;;;;;;;;;;;;;;;;;;;;;;;;;;;;;;;;;;;;;;;;;;;;;;;;;;;;;;;;;;;;;;;;
4.800;;;;;;;;;;;;;;;;;;;;;;;;;;;;;;;;;;;;;;;;;;;;;;;;;;;;;;;;;;;;;;;;;;;;;;;;;;;;;;;;;;;;;;;;;;;;;;;;;;;;;;;;;;;;;;;;;;;;;;;;;;;;;;;;;;;;;;;;;;;;;;
4.700;;;;;;;;;;;;;;;;;;;;;;;;;;;;;;;;;;;;;;;;;;;;;;;;;;;;;;;;;;;;;;;;;;;;;;;;;;;;;;;;;;;;;;;;;;;;;;;;;;;;;;;;;;;;;;;;;;;;;;;;;;;;;;;;;;;;;;;;;;;;;;
4.600;;;;;;;;;;;;;;;;;;;;;;;;;;;;;;;;;;;;;;;;;;;;;;;;;;;;;;;;;;;;;;;;;;;;;;;;;;;;;;;;;;;;;;;;;;;;;;;;;;;;;;;;;;;;;;;;;;;;;;;;;;;;;;;;;;;;;;;;;;;;;;
4.500;;;;;;;;;;;;;;;;;;;;;;;;;;;;;;;;;;;;;;;;;;;;;;;;;;;;;;;;;;;;;;;;;;;;;;;;;;;;;;;;;;;;;;;;;;;;;;;;;;;;;;;;;;;;;;;;;;;;;;;;;;;;;;;;;;;;;;;;;;;;;;
4.400;;;;;;;;;;;;;;;;;;;;;;;;;;;;;;;;;;;;;;;;;;;;;;;;;;;;;;;;;;;;;;;;;;;;;;;;;;;;;;;;;;;;;;;;;;;;;;;;;;;;;;;;;;;;;;;;;;;;;;;;;;;;;;;;;;;;;;;;;;;;;;
4.300;;;;;;;;;;;;;;;;;;;;;;;;;;;;;;;;;;;;;;;;;;;;;;;;;;;;;;;;;;;;;;;;;;;;;;;;;;;;;;;;;;;;;;;;;;;;;;;;;;;;;;;;;;;;;;;;;;;;;;;;;;;;;;;;;;;;;;;;;;;;;;
4.200;;;;;;;;;;;;;;;;;;;;;;;;;;;;;;;;;;;;;;;;;;;;;;;;;;;;;;;;;;;;;;;;;;;;;;;;;;;;;;;;;;;;;;;;;;;;;;;;;;;;;;;;;;;;;;;;;;;;;;;;;;;;;;;;;;;;;;;;;;;;;;
4.100;;;;;;;;;;;;;;;;;;;;;;;;;;;;;;;;;;;;;;;;;;;;;;;;;;;;;;;;;;;;;;;;;;;;;;;;;;;;;;;;;;;;;;;;;;;;;;;;;;;;;;;;;;;;;;;;;;;;;;;;;;;;;;;;;;;;;;;;;;;;;;
4.000;;;;;;;;;;;;;;;;;;;;;;;;;;;;;;;;;;;;;;;;;;;;;;;;;;;;;;;;;;;;;;;;;;;;;;;;;;;;;;;;;;;;;;;;;;;;;;;;;;;;;;;;;;;;;;;;;;;;;;;;;;;;;;;;;;;;;;;;;;;;;;
3.900;;;;;;;;;;;;;;;;;;;;;;;;;;;;;;;;;;;;;;;;;;;;;;;;;;;;;;;;;;;;;;;;;;;;;;;;;;;;;;;;;;;;;;;;;;;;;;;;;;;;;;;;;;;;;;;;;;;;;;;;;;;;;;;;;;;;;;;;;;;;;;
3.800;;;;;;;;;;;;;;;;;;;;;;;;;;;;;;;;;;;;;;;;;;;;;;;;;;;;;;;;;;;;;;;;;;;;;;;;;;;;;;;;;;;;;;;;;;;;;;;;;;;;;;;;;;;;;;;;;;;;;;;;;;;;;;;;;;;;;;;;;;;;;;
3.700;;;;;;;;;;;;;;;;;;;;;;;;;;;;;;;;;;;;;;;;;;;;;;;;;;;;;;;;;;;;;;;;;;;;;;;;;;;;;;;;;;;;;;;;;;;;;;;;;;;;;;;;;;;;;;;;;;;;;;;;;;;;;;;;;;;;;;;;;;;;;;
3.600;;;;;;;;;;;;;;;;;;;;;;;;;;;;;;;;;;;;;;;;;;;;;;;;;;;;;;;;;;;;;;;;;;;;;;;;;;;;;;;;;;;;;;;;;;;;;;;;;;;;;;;;;;;;;;;;;;;;;;;;;;;;;;;;;;;;;;;;;;;;;;
3.500;;;;;;;;;;;;;;;;;;;;;;;;;;;;;;;;;;;;;;;;;;;;;;;;;;;;;;;;;;;;;;;;;;;;;;;;;;;;;;;;;;;;;;;;;;;;;;;;;;;;;;;;;;;;;;;;;;;;;;;;;;;;;;;;;;;;;;;;;;;;;;
3.400;;;;;;;;;;;;;;;;;;;;;;;;;;;;;;;;;;;;;;;;;;;;;;;;;;;;;;;;;;;;;;;;;;;;;;;;;;;;;;;;;;;;;;;;;;;;;;;;;;;;;;;;;;;;;;;;;;;;;;;;;;;;;;;;;;;;;;;;;;;;;;
3.300;;;;;;;;;;;;;;;;;;;;;;;;;;;;;;;;;;;;;;;;;;;;;;;;;;;;;;;;;;;;;;;;;;;;0.778628080;0.775151563;0.772981236;0.772127703;0.772601804;0.774414602;0.777577423;0.782101923;0.788000200;0.795284936;0.803969566;0.814068480;0.825597227;0.838572748;0.853013593;0.868940140;0.886374797;0.905342171;;;;;;;;;;;;;;;;;;;;;;;;;;;;;;;;;;;;;;;;;;;;;;;;;;;;;;;;;
3.200;;;;;;;;;;;;;;;;;;;;;;;;;;;;;;;;;;;;;;;;;;;;;;;;;;;;;;;;;;;0.820952251;0.805989832;0.792283497;0.779837075;0.768655888;0.758746510;0.750116531;0.742774330;0.736728863;0.731989473;0.728565738;0.726467339;0.725703980;0.726285335;0.728221050;0.731520773;0.736194240;0.742251388;0.749702510;0.758558446;0.768830789;0.780532124;0.793676270;0.808278533;0.824355946;0.841927507;0.861014375;0.881640048;0.903830479;0.927614143;0.953022032;0.980087566;1.008846423;;;;;;;;;;;;;;;;;;;;;;;;;;;;;;;;;;;;;;;;;;;;;;;;;;;
3.100;;;;;;;;;;;;;;;;;;;;;;;;;;;;;;;;;;;;;;;;;;;;;;;;;;;;;;0.870645442;0.849223065;0.829075794;0.810198488;0.792588349;0.776244781;0.761169210;0.747364879;0.734836610;0.723590556;0.713633948;0.704974843;0.697621886;0.691584085;0.686870619;0.683490671;0.681453297;0.680767339;0.681441370;0.683483509;0.686902051;0.691705159;0.697900743;0.705497027;0.714502310;0.724925389;0.736776196;0.750065474;0.764805218;0.781009252;0.798693507;0.817876386;0.838578005;0.860821567;0.884632918;0.910039708;0.937072284;0.965763689;0.996149182;1.028265903;1.062152420;1.097848163;;;;;;;;;;;;;;;;;;;;;;;;;;;;;;;;;;;;;;;;;;;;;;;
3.000;;;;;;;;;;;;;;;;;;;;;;;;;;;;;;;;;;;;;;;;;;;;;;;;;;0.927434549;0.900636756;0.875161040;0.850994102;0.828124953;0.806545005;0.786248089;0.767230414;0.749490460;0.733028824;0.717848032;0.703952305;0.691347316;0.680039925;0.670037913;0.661349715;0.653984174;0.647950291;0.643256403;0.639911623;0.637925093;0.637305134;0.638058933;0.640193921;0.643716391;0.648632265;0.654947478;0.662667886;0.671799684;0.682349659;0.694325408;0.707735388;0.722589374;0.738898582;0.756675907;0.775936266;0.796696837;0.818977340;0.842800296;0.868191157;0.895178213;0.923792372;0.954066467;0.986035018;1.019735273;1.055205319;1.092483779;1.131609051;1.172618419;;;;;;;;;;;;;;;;;;;;;;;;;;;;;;;;;;;;;;;;;;;;
2.900;;;;;;;;;;;;;;;;;;;;;;;;;;;;;;;;;;;;;;;;;;;;;;;0.975921537;0.944896033;0.915243090;0.886945021;0.859985729;0.834351027;0.810028872;0.787009523;0.765285621;0.744852194;0.725706600;0.707848410;0.691279242;0.676002551;0.662023389;0.649348144;0.637984263;0.627939333;0.619222134;0.611842848;0.605811263;0.601136411;0.597827027;0.595890277;0.595332236;0.596159895;0.598376735;0.601986901;0.606994870;0.613405648;0.621222444;0.630450549;0.641095904;0.653164364;0.666663742;0.681602777;0.697991196;0.715837913;0.735157026;0.755962734;0.778271234;0.802100906;0.827472940;0.854412938;0.882948877;0.913111888;0.944935734;0.978455627;1.013707309;1.050727336;1.089556138;1.130230909;1.172787093;1.217257375;;;;;;;;;;;;;;;;;;;;;;;;;;;;;;;;;;;;;;;;;;
2.800;;;;;;;;;;;;;;;;;;;;;;;;;;;;;;;;;;;;;;;;;;;;;1.003730431;0.969757527;0.937193324;0.906019232;0.876217387;0.847771128;0.820665396;0.794887049;0.770425092;0.747270823;0.725417910;0.704862377;0.685602546;0.667638896;0.650973895;0.635611736;0.621557017;0.608817227;0.597402070;0.587321491;0.578586070;0.571205563;0.565188047;0.560542557;0.557275089;0.555389096;0.554887968;0.555780865;0.558064677;0.561741900;0.566817119;0.573294598;0.581175365;0.590465083;0.601169776;0.613294928;0.626848900;0.641840651;0.658277743;0.676168512;0.695526199;0.716362501;0.738690297;0.762521814;0.787876705;0.814775661;0.843242263;0.873303865;0.904991261;0.938339176;0.973384903;1.010166302;1.048720023;1.089079689;1.131284495;1.175369230;1.221363693;1.269292968;;;;;;;;;;;;;;;;;;;;;;;;;;;;;;;;;;;;;;;;
2.700;;;;;;;;;;;;;;;;;;;;;;;;;;;;;;;;;;;;;;;;;;;1.039016384;1.002042026;0.966510745;0.932405033;0.899706930;0.868398650;0.838463139;0.809884558;0.782648678;0.756743198;0.732157963;0.708885114;0.686919142;0.666256885;0.646897437;0.628840722;0.612089021;0.596649145;0.582529373;0.569741093;0.558294650;0.548199739;0.539467223;0.532103659;0.526114005;0.521506964;0.518286418;0.516449812;0.515997798;0.516944009;0.519276710;0.522997435;0.528112950;0.534625909;0.542536454;0.551851860;0.562579070;0.574724493;0.588298265;0.603310709;0.619765597;0.637675939;0.657052981;0.677906449;0.700243857;0.724075565;0.749417844;0.776285794;0.804697739;0.834675586;0.866245949;0.899441220;0.934296629;0.970850619;1.009143287;1.049214162;1.091099229;1.134828725;1.180436045;1.227949282;1.277389200;1.328769683;;;;;;;;;;;;;;;;;;;;;;;;;;;;;;;;;;;;;;
2.600;;;;;;;;;;;;;;;;;;;;;;;;;;;;;;;;;;;;;;;;;1.081792258;1.041771152;1.003221479;0.966129430;0.930479289;0.896254172;0.863436729;0.832009781;0.801956886;0.773262824;0.745913999;0.719898746;0.695207557;0.671833214;0.649770654;0.629014177;0.609562095;0.591419869;0.574595806;0.559099610;0.544940454;0.532130490;0.520679011;0.510592753;0.501884793;0.494555537;0.488605780;0.484042698;0.480871065;0.479079580;0.478666359;0.479651366;0.482012996;0.485752585;0.490881346;0.497398637;0.505305680;0.514612516;0.525327534;0.537459377;0.551021127;0.566023212;0.582469996;0.600378631;0.619758847;0.640618805;0.662957289;0.686790662;0.712127207;0.738976715;0.767351658;0.797266941;0.828746909;0.861817971;0.896511842;0.932865094;0.970918092;1.010713269;1.052292700;1.095695226;1.140953043;1.188089511;1.237127627;1.288083515;1.340964999;;;;;;;;;;;;;;;;;;;;;;;;;;;;;;;;;;;;;
2.500;;;;;;;;;;;;;;;;;;;;;;;;;;;;;;;;;;;;;;;1.132053977;1.088958269;1.047350792;1.007224564;0.968569056;0.931370983;0.895615098;0.861284957;0.828363627;0.796834345;0.766681086;0.737889056;0.710445091;0.684337974;0.659558068;0.636092692;0.613937043;0.593092927;0.573564468;0.555359279;0.538489669;0.522965889;0.508796958;0.495993667;0.484563134;0.474508427;0.465840984;0.458560138;0.452659029;0.448141342;0.445017402;0.443264276;0.442877897;0.443885780;0.446256037;0.449990578;0.455107177;0.461599855;0.469473271;0.478741363;0.489413633;0.501502932;0.515026068;0.529990430;0.546409804;0.564300519;0.583672356;0.604525521;0.626866864;0.650705674;0.676045521;0.702890774;0.731245354;0.761123618;0.792541668;0.825520521;0.860087389;0.896275606;0.934124233;0.973675845;1.014975099;1.058066187;1.102989787;1.149779643;1.198458926;1.249038339;1.301524857;1.355919245;1.412212293;;;;;;;;;;;;;;;;;;;;;;;;;;;;;;;;;;;
2.400;;;;;;;;;;;;;;;;;;;;;;;;;;;;;;;;;;;;;;1.143593970;1.098911586;1.055719441;1.014015564;0.973793514;0.935043187;0.897751644;0.861903927;0.827483842;0.794474693;0.762859941;0.732623789;0.703751680;0.676230273;0.650041481;0.625173162;0.601620080;0.579385085;0.558474444;0.538896841;0.520657615;0.503771972;0.488250075;0.474098610;0.461327477;0.449940410;0.439935963;0.431320158;0.424097707;0.418250431;0.413776095;0.410695964;0.408972809;0.408600807;0.409615550;0.411975236;0.415683080;0.420765094;0.427208078;0.435022558;0.444226980;0.454831985;0.466856264;0.480320173;0.495227881;0.511605989;0.529468844;0.548824287;0.569667526;0.592014423;0.615865547;0.641219794;0.668072948;0.696428611;0.726293869;0.757677996;0.790596418;0.825071509;0.861133322;0.898817992;0.938167069;0.979225957;1.022041588;1.066659609;1.113121229;1.161459888;1.211697956;1.263841992;1.317881015;1.373806045;1.431598859;;;;;;;;;;;;;;;;;;;;;;;;;;;;;;;;;;
2.300;;;;;;;;;;;;;;;;;;;;;;;;;;;;;;;;;;;;;1.157885380;1.111623715;1.066849821;1.023567653;0.981775751;0.941468039;0.902634663;0.865262851;0.829337754;0.794843252;0.761762699;0.730079602;0.699778214;0.670837782;0.643237482;0.616966996;0.592022253;0.568400723;0.546108514;0.525156728;0.505555824;0.487313976;0.470439660;0.454945863;0.440836303;0.428116231;0.416790373;0.406850387;0.398292537;0.391134495;0.385343121;0.380907712;0.377865735;0.376163549;0.375794016;0.376800680;0.379132873;0.382795769;0.387824645;0.394197829;0.401933909;0.411055771;0.421575937;0.433520072;0.446906320;0.461750998;0.478081316;0.495913223;0.515243984;0.536086118;0.558445542;0.582319052;0.607698086;0.634575703;0.662952784;0.692827646;0.724203663;0.757090824;0.791507293;0.827479134;0.865039604;0.904228802;0.945092058;0.987677699;1.032034333;1.078207778;1.126237951;1.176155645;1.227979699;1.281713966;1.337331884;1.394808179;1.454114504;;;;;;;;;;;;;;;;;;;;;;;;;;;;;;;;;
2.200;;;;;;;;;;;;;;;;;;;;;;;;;;;;;;;;;;;1.224197293;1.174904433;1.127073675;1.080722829;1.035862727;0.992497850;0.950627076;0.910244519;0.871340401;0.833901941;0.797914228;0.763361037;0.730225605;0.698489474;0.668126184;0.639114565;0.611442426;0.585103968;0.560099564;0.536434449;0.514109006;0.493140394;0.473541090;0.455320580;0.438482575;0.423038213;0.408989872;0.396334686;0.385082912;0.375217286;0.366724132;0.359629184;0.353893453;0.349497264;0.346481105;0.344791192;0.344413641;0.345399263;0.347690103;0.351297513;0.356255355;0.362544148;0.370189280;0.379218880;0.389669490;0.401556920;0.414894598;0.429695257;0.445970852;0.463732529;0.482990652;0.503824463;0.526207671;0.550115516;0.575531189;0.602453006;0.630870225;0.660775248;0.692165843;0.725047194;0.759433681;0.795347394;0.832819245;0.871888096;0.912599155;0.955001725;0.999146477;1.045082417;1.092853605;1.142496086;1.194035125;1.247482981;1.302837387;1.360061868;1.419109506;1.479940723;;;;;;;;;;;;;;;;;;;;;;;;;;;;;;;;
2.100;;;;;;;;;;;;;;;;;;;;;;;;;;;;;;;;;;1.245458023;1.194632826;1.145246877;1.097326609;1.050890699;1.005950562;0.962511028;0.920571138;0.880125019;0.841162802;0.803671529;0.767636057;0.733039896;0.699860434;0.668070187;0.637647962;0.608578570;0.580848155;0.554457739;0.529411712;0.505718766;0.483388492;0.462423727;0.442846576;0.424665753;0.407884944;0.392506235;0.378533545;0.365958032;0.354783907;0.344998946;0.336579589;0.329539480;0.323857669;0.319498495;0.316498288;0.314812967;0.314418891;0.315313492;0.317454788;0.320951967;0.325818212;0.332067230;0.339712952;0.348769259;0.359249736;0.371167465;0.384534867;0.399363589;0.415664448;0.433447423;0.452721711;0.473495825;0.495777747;0.519575129;0.544895526;0.571757338;0.600232307;0.630185683;0.661609776;0.694506889;0.728886505;0.764768045;0.802180794;0.841163020;0.881760270;0.924023125;0.968004286;1.013755324;1.061323370;1.110747929;1.162058062;1.215270195;1.270386733;1.327395602;1.386251609;1.446886288;1.509247494;;;;;;;;;;;;;;;;;;;;;;;;;;;;;;;
2.000;;;;;;;;;;;;;;;;;;;;;;;;;;;;;;;;;1.269386785;1.217056071;1.166133578;1.116655178;1.068648318;1.022132351;0.977119089;0.933613532;0.891614712;0.851116606;0.812109084;0.774578854;0.738510190;0.703879867;0.670659415;0.638823529;0.608352746;0.579234935;0.551465527;0.525037788;0.499965716;0.476261233;0.453937567;0.433002279;0.413463165;0.395337292;0.378626624;0.363327556;0.349440782;0.336955275;0.325860878;0.316160207;0.307816730;0.300827850;0.295197543;0.290837105;0.287668344;0.285817528;0.285292896;0.286104336;0.288263073;0.291781351;0.296672114;0.302948689;0.310624489;0.319712751;0.330226295;0.342177337;0.355577346;0.370436948;0.386765893;0.404573073;0.423866593;0.444653905;0.466941981;0.490737540;0.516047306;0.542878303;0.571238158;0.601135426;0.632578593;0.665507856;0.699898233;0.735767354;0.773143814;0.812066142;0.852581202;0.894741509;0.938602185;0.984217531;1.031637478;1.080904196;1.132049131;1.185090441;1.240032294;1.296864647;1.355562828;1.416069202;1.478298112;1.542183994;;;;;;;;;;;;;;;;;;;;;;;;;;;;;;
1.900;;;;;;;;;;;;;;;;;;;;;;;;;;;;;;;;1.295964285;1.242161551;1.189727013;1.138706658;1.089137555;1.041047962;0.994457712;0.949378833;0.905816325;0.863769041;0.823230647;0.784190598;0.746635376;0.710544942;0.675889157;0.642637851;0.610765942;0.580256338;0.551100288;0.523297214;0.496853381;0.471767539;0.448064128;0.425758566;0.404864080;0.385381598;0.367321948;0.350691558;0.335482804;0.321689038;0.309299577;0.298291540;0.288673202;0.280318940;0.273227320;0.267443025;0.262968327;0.259807808;0.257968140;0.257457824;0.258286895;0.260466606;0.264009101;0.268927096;0.275233562;0.282941437;0.292063364;0.302611468;0.314597182;0.328031112;0.342922971;0.359281553;0.377114779;0.396429789;0.417233096;0.439530784;0.463328756;0.488633013;0.515449973;0.543786790;0.573651699;0.605054337;0.638006052;0.672496967;0.708367592;0.745724052;0.784606397;0.825063702;0.867151354;0.910927705;0.956450344;1.003772269;1.052938076;1.103980076;1.156919253;1.211759510;1.268488975;1.327080917;1.387495841;1.449661117;1.513478656;1.578869306;;;;;;;;;;;;;;;;;;;;;;;;;;;;;
1.800;;;;;;;;;;;;;;;;;;;;;;;;;;;;;;;1.325170070;1.269936424;1.216021277;1.163481213;1.112363639;1.062706605;1.014538970;0.967880865;0.922744354;0.879134265;0.837049117;0.796482111;0.757424417;0.719861623;0.683760945;0.649088564;0.615814789;0.583915643;0.553374851;0.524188357;0.496359779;0.469899582;0.444822608;0.421129797;0.398852003;0.378003424;0.358592655;0.340610741;0.324068528;0.308958132;0.295263538;0.282932755;0.271915028;0.262212614;0.253820641;0.246736847;0.240961538;0.236497455;0.233349591;0.231524955;0.231032294;0.231881787;0.234084721;0.237653164;0.242599638;0.248936809;0.256677203;0.265832951;0.276415578;0.288435837;0.301903597;0.316827784;0.333216382;0.351076488;0.370414433;0.391235950;0.413546391;0.437350998;0.462655198;0.489464938;0.517787023;0.547629469;0.579001843;0.611915572;0.646384218;0.682423691;0.719933286;0.758789390;0.799206724;0.841244602;0.884965547;0.930431234;0.977696699;1.026811337;1.077810682;1.130714583;1.185525948;1.242230339;1.300796920;1.361180711;1.423325964;1.487143070;1.552526556;1.619383402;;;;;;;;;;;;;;;;;;;;;;;;;;;;
1.700;;;;;;;;;;;;;;;;;;;;;;;;;;;;;;1.356980569;1.300365485;1.245009094;1.190978791;1.138332838;1.087119826;1.037378563;0.989138317;0.942419324;0.897233516;0.853585390;0.811472979;0.770893891;0.731842485;0.694284689;0.658182432;0.623499995;0.590208000;0.558285997;0.527722718;0.498511542;0.470663603;0.444193641;0.419120296;0.395462984;0.373220614;0.352425653;0.333086364;0.315201867;0.298775565;0.283777089;0.270121561;0.257797032;0.246793930;0.237105231;0.228726538;0.221656087;0.215894663;0.211445456;0.208313856;0.206507201;0.206034485;0.206906046;0.209133233;0.212728073;0.217702950;0.224070293;0.231842295;0.241030674;0.251646464;0.263699867;0.277200149;0.292155603;0.308573560;0.326460467;0.345822020;0.366663351;0.388989267;0.412804527;0.438114163;0.464923818;0.493240106;0.523070967;0.554426014;0.587316853;0.621757350;0.657763849;0.695355296;0.734553270;0.775006546;0.817011545;0.860698054;0.906133370;0.953379901;1.002488776;1.053497258;1.106425751;1.161275924;1.218030162;1.276652473;1.337090812;1.399280681;1.463149151;1.528591114;1.595496671;1.663758725;;;;;;;;;;;;;;;;;;;;;;;;;;;
1.600;;;;;;;;;;;;;;;;;;;;;;;;;;;;;;1.333429137;1.276679594;1.221196788;1.167050081;1.114299153;1.062993540;1.013172597;0.964865801;0.918093321;0.872866790;0.829190224;0.787068525;0.746507266;0.707473840;0.669928623;0.633830169;0.599141622;0.565834701;0.533891605;0.503305680;0.474080712;0.446219939;0.419745959;0.394682455;0.371051778;0.348872933;0.328138429;0.308983709;0.291289725;0.274965741;0.259995954;0.246366460;0.234065583;0.223084113;0.213415451;0.205055667;0.198003473;0.192260123;0.187829247;0.184716629;0.182929943;0.182478446;0.183372657;0.185624026;0.189244591;0.194246659;0.200642498;0.208444067;0.217662771;0.228309279;0.240393373;0.253923869;0.268908583;0.285354368;0.303267200;0.322652330;0.343514484;0.365858117;0.389687708;0.415008086;0.441824782;0.470144398;0.499974966;0.531326298;0.564210305;0.598641264;0.634636026;0.672214130;0.711397820;0.752211934;0.794436761;0.838106531;0.883537089;0.930794673;0.979934425;1.030996209;1.084001304;1.138950274;1.195822236;1.254575663;1.315150632;1.377472865;1.441458420;1.507016750;1.574033246;1.642392071;1.711972717;;;;;;;;;;;;;;;;;;;;;;;;;;
1.500;;;;;;;;;;;;;;;;;;;;;;;;;;;;;1.369101628;1.311016248;1.254127775;1.198516557;1.144253635;1.091399847;1.040005444;0.990110118;0.941743370;0.894925130;0.849666581;0.805978926;0.763883051;0.723351390;0.684343036;0.646813557;0.610720647;0.576028281;0.542708748;0.510747293;0.480141244;0.450898878;0.423037168;0.396570856;0.371523729;0.347926516;0.325954902;0.305519190;0.286485881;0.268836403;0.252553337;0.237620904;0.224025361;0.211755305;0.200801888;0.191158930;0.182822959;0.175793157;0.170071244;0.165661290;0.162569481;0.160803836;0.160373899;0.161290406;0.163564947;0.167209629;0.172236750;0.178658504;0.186486704;0.195732562;0.206406500;0.218518023;0.232075643;0.247086869;0.263558247;0.281495467;0.300903529;0.321786952;0.344150044;0.367997207;0.393333272;0.420163861;0.448495756;0.478337265;0.509698569;0.542592039;0.577032493;0.613037395;0.650626953;0.689824117;0.730654447;0.773145827;0.817176183;0.862620848;0.909913854;0.959114929;1.010267040;1.063392761;1.118491872;1.175540089;1.234491025;1.295276881;1.357812884;1.422002476;1.487742892;1.554928489;1.623441870;1.693157113;;;;;;;;;;;;;;;;;;;;;;;;;;
1.400;;;;;;;;;;;;;;;;;;;;;;;;;;;;1.407349733;1.347995114;1.289757414;1.232727403;1.176987388;1.122609804;1.069656393;1.018177895;0.968214141;0.919794475;0.872938431;0.827661885;0.784002104;0.741943144;0.701446570;0.662466259;0.624954657;0.588868372;0.554172576;0.520843395;0.488867096;0.458245426;0.428991102;0.401125554;0.374675534;0.349751777;0.326522498;0.304731064;0.284357672;0.265382679;0.247787222;0.231553774;0.216666599;0.203112130;0.190879246;0.179959462;0.170347021;0.162038905;0.155034768;0.149336795;0.144949503;0.141879488;0.140135136;0.139726301;0.140663971;0.142959924;0.146626390;0.151675731;0.158120145;0.165971401;0.175240621;0.185938107;0.198073220;0.211654322;0.226688770;0.243182978;0.261142533;0.280572371;0.301477004;0.323860795;0.347728273;0.373084479;0.399935327;0.428287980;0.458151212;0.489535755;0.522454604;0.556923267;0.592959946;0.630585621;0.669824021;0.710701466;0.753246550;0.797489658;0.843362160;0.890711272;0.939999303;0.991272488;1.044554926;1.099847213;1.157122367;1.216327899;1.277388149;1.340208230;1.404679252;1.470684230;1.538103788;1.606825164;1.676727464;1.747671976;;;;;;;;;;;;;;;;;;;;;;;;;
1.300;;;;;;;;;;;;;;;;;;;;;;;;;;;1.448132049;1.387583576;1.328062752;1.269669647;1.212497290;1.156629632;1.102140221;1.049091457;0.997534352;0.947508685;0.899043477;0.852159466;0.806904957;0.763284291;0.721266609;0.680807243;0.641855980;0.604363047;0.568284654;0.533587186;0.500249796;0.468265350;0.437636662;0.408378047;0.380517119;0.354362500;0.329759748;0.306611177;0.284896645;0.264595705;0.245688279;0.228155260;0.211979044;0.197143965;0.183636650;0.171446273;0.160564717;0.150986651;0.142709517;0.135733441;0.130061079;0.125697402;0.122649430;0.120925931;0.120537097;0.121494202;0.123809254;0.127494665;0.132562925;0.139026316;0.146896651;0.156185069;0.166901865;0.179056388;0.192656989;0.207711028;0.224224949;0.242204411;0.261654469;0.282579815;0.304985063;0.328875069;0.354255282;0.381132109;0.409513289;0.439408254;0.470828467;0.503787718;0.538302362;0.574391478;0.612076933;0.651383328;0.692337807;0.734969710;0.779310043;0.825390759;0.873159055;0.922555158;0.973976356;1.027448645;1.082970960;1.140513868;1.200020041;1.261406538;1.324568805;1.389386046;1.455727425;1.523458202;1.592446087;1.662582962;1.733733853;1.805749091;;;;;;;;;;;;;;;;;;;;;;;;
1.200;;;;;;;;;;;;;;;;;;;;;;;;;;;1.429739742;1.369011031;1.309320559;1.250770961;1.193457171;1.137464475;1.082867261;1.029728353;0.978098827;0.928018229;0.879515102;0.832638606;0.787421807;0.743844052;0.701867738;0.661444324;0.622522652;0.585049768;0.548981910;0.514286955;0.480946690;0.448957437;0.418329119;0.389103465;0.361636550;0.335658581;0.311150961;0.288093559;0.266465446;0.246245598;0.227413559;0.209950022;0.193837339;0.179059945;0.165604679;0.153461024;0.142621242;0.133080433;0.124836502;0.117890053;0.112244218;0.107904426;0.104878133;0.103174508;0.102804104;0.103778509;0.106110006;0.109811233;0.114894870;0.121373353;0.129258625;0.138561933;0.149293674;0.161463302;0.175079285;0.190149130;0.206679462;0.224676170;0.244144598;0.265089798;0.287516814;0.311431016;0.336838451;0.363746206;0.392162786;0.422098463;0.453565607;0.486578973;0.521155916;0.557316535;0.595083709;0.634483014;0.675542501;0.718292307;0.762764089;0.808990253;0.857002960;0.906754720;0.958348920;1.012037420;1.067819187;1.125662642;1.185506017;1.247259593;1.310809739;1.376024430;1.442759697;1.510866170;1.580194479;1.650611183;1.722009516;1.794235505;;;;;;;;;;;;;;;;;;;;;;;;
1.100;;;;;;;;;;;;;;;;;;;;;;;;;;1.474412718;1.412559224;1.351646568;1.291785199;1.233079925;1.175627240;1.119513464;1.064813564;1.011590558;0.959895395;0.909767220;0.861249140;0.814402511;0.769225394;0.725691469;0.683758002;0.643372462;0.604479559;0.567027745;0.530974759;0.496289180;0.462954804;0.430971199;0.400426952;0.371567653;0.344212139;0.318342741;0.293939729;0.270982050;0.249448061;0.229316230;0.210565774;0.193177233;0.177132954;0.162417498;0.149017938;0.136924079;0.126128576;0.116626963;0.108417613;0.101501610;0.095882565;0.091566373;0.088560933;0.086875827;0.086521987;0.087511344;0.089856485;0.093570317;0.098665763;0.105155472;0.113051589;0.122365551;0.133107952;0.145288453;0.158915757;0.173997641;0.190541047;0.208552239;0.228037004;0.249000909;0.271449599;0.295389125;0.320826305;0.347769082;0.376226896;0.406211033;0.437734936;0.470814481;0.505468177;0.541717278;0.579585799;0.619100401;0.660290128;0.703185984;0.747820320;0.794226013;0.842435428;0.892479121;0.944356084;0.998283663;1.054349289;1.112519437;1.172728235;1.234879669;1.298851667;1.364501755;1.431674470;1.500205629;1.569931251;1.640690338;1.712371097;1.784842118;1.857937290;;;;;;;;;;;;;;;;;;;;;;;
1.000;;;;;;;;;;;;;;;;;;;;;;;;;;1.458654462;1.396602940;1.335505025;1.275473603;1.216615269;1.159027743;1.102798088;1.048001600;0.994701280;0.942947762;0.892782976;0.844278958;0.797463000;0.752325438;0.708835019;0.666944609;0.626598327;0.587738848;0.550313944;0.514281680;0.479613935;0.446297862;0.414405916;0.384152140;0.355415925;0.328180945;0.302428282;0.278137160;0.255285688;0.233851585;0.213812870;0.195148491;0.177838877;0.161866409;0.147215798;0.133874378;0.121832287;0.111082580;0.101621236;0.093447095;0.086561722;0.080969207;0.076675916;0.073690193;0.072022042;0.071682784;0.072684711;0.075040739;0.078764080;0.083867933;0.090365216;0.098268329;0.107588973;0.118338013;0.130525409;0.144160194;0.159250522;0.175803772;0.193826707;0.213325688;0.234306940;0.256776850;0.280742304;0.306211041;0.333192017;0.361695764;0.391734730;0.423323585;0.456479471;0.491222186;0.527574271;0.565560994;0.605210204;0.646552032;0.689618420;0.734442469;0.781057562;0.829496276;0.879789031;0.931962483;0.986148094;1.042518055;1.101035586;1.161631966;1.224204837;1.288623501;1.354735537;1.422373332;1.491361333;1.561522428;1.632681884;1.704683048;1.777427115;1.850748522;;;;;;;;;;;;;;;;;;;;;;;
0.900;;;;;;;;;;;;;;;;;;;;;;;;;1.507235577;1.444134393;1.381883521;1.320601308;1.260402645;1.201395543;1.143678624;1.087339417;1.032453310;0.979083083;0.927278888;0.877102775;0.828615508;0.781829369;0.736730905;0.693284262;0.651438459;0.611134752;0.572314133;0.534923892;0.498922712;0.464284008;0.431040929;0.399389836;0.369268763;0.340663132;0.313555269;0.287925102;0.263750896;0.241010000;0.219679567;0.199737231;0.181161722;0.163933403;0.148034723;0.133450576;0.120168569;0.108179195;0.097475912;0.088055146;0.079916208;0.073061142;0.067494516;0.063223157;0.060255858;0.058603045;0.058276434;0.059288687;0.061653063;0.065383097;0.070492300;0.076993889;0.084900568;0.094224349;0.104976435;0.117167151;0.130805943;0.145901430;0.162461522;0.180493583;0.200004664;0.221001762;0.243492131;0.267483617;0.292985013;0.320006418;0.348559590;0.378658276;0.410318499;0.443558796;0.478400375;0.514867179;0.552985838;0.592785485;0.634297421;0.677554602;0.722590935;0.769440355;0.818135679;0.868707197;0.921181009;0.975589300;1.032282927;1.091166516;1.152166125;1.215173873;1.280052188;1.346639781;1.414758827;1.484222537;1.554841976;1.626430566;1.698804496;1.771842918;1.845411722;1.919330828;;;;;;;;;;;;;;;;;;;;;;
0.800;;;;;;;;;;;;;;;;;;;;;;;;;1.494176853;1.430862642;1.368413548;1.306950129;1.246588868;1.187438829;1.129599229;1.073157796;1.018189789;0.964757577;0.912916201;0.862740311;0.814269913;0.767513945;0.722454687;0.679052615;0.637253557;0.596997786;0.558223901;0.520878600;0.484921121;0.450336832;0.417284715;0.385773520;0.355790801;0.327320555;0.300343856;0.274839566;0.250785076;0.228157052;0.206932149;0.187087677;0.168602200;0.151456060;0.135631807;0.121114544;0.107892172;0.095955547;0.085298541;0.075918029;0.067813786;0.060988331;0.055446701;0.051196182;0.048246004;0.046607009;0.046291307;0.047311926;0.049682476;0.053416827;0.058528812;0.065031972;0.072939342;0.082263285;0.093015382;0.105206378;0.118846189;0.133943968;0.150508227;0.168547019;0.188068166;0.209079533;0.231589339;0.255606494;0.281140951;0.308204060;0.336808914;0.366970668;0.398706807;0.432037371;0.466985079;0.503575373;0.541836337;0.581798473;0.623494329;0.666957942;0.712224082;0.759327282;0.808300634;0.859174324;0.911973908;0.966718300;1.023594311;1.082855586;1.144268256;1.207719053;1.273063533;1.340132197;1.408737898;1.478683733;1.549770265;1.621800582;1.694581159;1.767938630;1.841769375;1.915893690;;;;;;;;;;;;;;;;;;;;;;
0.700;;;;;;;;;;;;;;;;;;;;;;;;1.546660535;1.482375196;1.418849262;1.356205362;1.294565805;1.234048265;1.174762513;1.116808066;1.060272601;1.005231037;0.951745193;0.899880730;0.849703818;0.801250119;0.754525728;0.709509118;0.666156943;0.624411784;0.584210402;0.545491451;0.508201943;0.472302054;0.437845293;0.404937561;0.373569924;0.343728449;0.315395796;0.288551876;0.263174570;0.239240479;0.216725659;0.195606336;0.175859552;0.157463760;0.140399319;0.124648916;0.110197887;0.097034445;0.085149820;0.074538302;0.065197211;0.057126785;0.050330006;0.044812369;0.040581603;0.037647364;0.036020895;0.035714688;0.036742131;0.039117176;0.042854023;0.047966832;0.054469477;0.062375336;0.071697143;0.082446883;0.094635752;0.108274177;0.123371889;0.139938055;0.157981474;0.177510802;0.198534843;0.221062854;0.245104885;0.270672128;0.297777268;0.326434819;0.356661425;0.388476122;0.421900528;0.456958961;0.493678437;0.532088567;0.572221291;0.614110468;0.657791271;0.703299388;0.750669993;0.799936492;0.851128999;0.904272552;0.959385041;1.016474839;1.076043666;1.137875295;1.201771933;1.267582577;1.335130065;1.404218713;1.474642511;1.546192758;1.618663627;1.691853691;1.765562404;1.839662850;1.914000784;1.988386871;;;;;;;;;;;;;;;;;;;;;
0.600;;;;;;;;;;;;;;;;;;;;;;;;1.536348179;1.471838024;1.408104102;1.345270925;1.283462102;1.222796112;1.163383107;1.105322620;1.048702045;0.993595766;0.940066054;0.888180741;0.838003068;0.789567688;0.742877712;0.697907911;0.654611336;0.612927561;0.572791174;0.534139561;0.496919319;0.461084786;0.426772959;0.394011217;0.362788052;0.333088129;0.304892857;0.278181070;0.252929753;0.229114791;0.206711707;0.185696360;0.166045587;0.147737773;0.130753339;0.115075140;0.100688770;0.087582771;0.075748752;0.065181426;0.055878553;0.047840825;0.041071673;0.035577034;0.031365062;0.028445815;0.026830922;0.026533231;0.027566472;0.029944924;0.033683102;0.038795483;0.045296265;0.053199169;0.062517300;0.073263057;0.085448101;0.099083386;0.114179246;0.130745535;0.148791827;0.168327659;0.189362811;0.211907626;0.235973348;0.261572461;0.288719042;0.317429081;0.347720771;0.379614754;0.413134293;0.448305353;0.485156584;0.523719174;0.564026554;0.606113942;0.650017692;0.695774449;0.743420070;0.792988310;0.844509249;0.898007441;0.953499787;1.010993106;1.070666731;1.132919217;1.197259778;1.263531061;1.331548673;1.401109049;1.471997953;1.543998509;1.616897259;1.690486403;1.764559262;1.838934807;1.913488365;1.988024576;;;;;;;;;;;;;;;;;;;;;
0.500;;;;;;;;;;;;;;;;;;;;;;;1.592707671;1.527303636;1.462572670;1.398636734;1.335621724;1.273652125;1.212846851;1.153316119;1.095159218;1.038463039;0.983301254;0.929731517;0.877826104;0.827650236;0.779236988;0.732586323;0.687669375;0.644435773;0.602822272;0.562761437;0.524189443;0.487021059;0.451296451;0.417130146;0.384513338;0.353433063;0.323872658;0.295812367;0.269230028;0.244101809;0.220402960;0.198108539;0.177194104;0.157636340;0.139413616;0.122506455;0.106897909;0.092573852;0.079523171;0.067737863;0.057213060;0.047946958;0.039940688;0.033198115;0.027725596;0.023531684;0.020626817;0.019022975;0.018733339;0.019771951;0.022153387;0.025892454;0.031003922;0.037502290;0.045401607;0.054715336;0.065456277;0.077636553;0.091267643;0.106360487;0.122925632;0.140973441;0.160514342;0.181559115;0.204119212;0.228207090;0.253836559;0.281023112;0.309784246;0.340139740;0.372111873;0.405725580;0.441008511;0.477990979;0.516705784;0.557187877;0.599473861;0.643601305;0.689607840;0.737530036;0.787402031;0.839253903;0.893109764;0.948985573;1.006886652;1.066804895;1.129326899;1.194106274;1.260828901;1.329303333;1.399318561;1.470652825;1.543082022;1.616386230;1.690352438;1.764771049;1.839431499;1.914196374;1.988880157;2.063291714;;;;;;;;;;;;;;;;;;;;
0.400;;;;;;;;;;;;;;;;;;;;;;;1.585169283;1.519531784;1.454586361;1.390456405;1.327268720;1.265148256;1.204214012;1.144575976;1.086332946;1.029571110;0.974359796;0.920750585;0.868829060;0.818660602;0.770275895;0.723671400;0.678814597;0.635651881;0.594117781;0.554143295;0.515663015;0.478529213;0.442946713;0.408922976;0.376447697;0.345506520;0.316081537;0.288151902;0.261694539;0.236684880;0.213097609;0.190907392;0.170089549;0.150620669;0.132479152;0.115645659;0.100103474;0.085838772;0.072840794;0.061101934;0.050617739;0.041386832;0.033410768;0.026693826;0.021242755;0.017066480;0.014175783;0.012582963;0.012301496;0.013345699;0.015730409;0.019470686;0.024581557;0.031077793;0.038973732;0.048283169;0.059019280;0.071194623;0.084821184;0.099910490;0.116473767;0.134522158;0.154066973;0.175119987;0.197693755;0.221801952;0.247459708;0.274683942;0.303493663;0.333910235;0.365957583;0.399662324;0.435053798;0.472163992;0.511027321;0.551680269;0.594160837;0.638507819;0.684759849;0.732954228;0.783125503;0.835303783;0.889512778;0.945767559;1.004072015;1.064416013;1.127029242;1.192235972;1.259393882;1.328304930;1.398751274;1.470504375;1.543333767;1.617014029;1.691328064;1.766064310;1.841004927;1.915970735;1.990793901;2.065272901;;;;;;;;;;;;;;;;;;;;
0.300;;;;;;;;;;;;;;;;;;;;;;;1.578901975;1.513037634;1.447886221;1.383572033;1.320222328;1.257962127;1.196910187;1.137175990;1.078857614;1.022040359;0.966778629;0.913134454;0.861203417;0.811050164;0.762702562;0.716153395;0.671366415;0.628284720;0.586839936;0.546961061;0.508496503;0.471485071;0.436039951;0.402153677;0.369814501;0.339006745;0.309711323;0.281906381;0.255568007;0.230670970;0.207189468;0.185097839;0.164371228;0.144986184;0.126921184;0.110157065;0.094677371;0.080468600;0.067520359;0.055825443;0.045379809;0.036182497;0.028235467;0.021543385;0.016113367;0.011954674;0.009078393;0.007497102;0.007224529;0.008275218;0.010664220;0.014406806;0.019518210;0.026013425;0.033907041;0.043213134;0.053945217;0.066116240;0.079738660;0.094824554;0.111385793;0.129434266;0.148982136;0.170042143;0.192627922;0.216754338;0.242437821;0.269696690;0.298551445;0.329025018;0.361142960;0.394933550;0.430427803;0.467659359;0.506664243;0.547480453;0.590147383;0.634705046;0.681193079;0.729649523;0.780109348;0.832602721;0.887152991;0.943774395;1.002469466;1.063226140;1.126014573;1.191556105;1.259130466;1.328455360;1.399306432;1.471448841;1.544646368;1.618668823;1.693295858;1.768314846;1.843509912;1.918665496;1.993614561;2.068150731;;;;;;;;;;;;;;;;;;;;
0.200;;;;;;;;;;;;;;;;;;;;;;1.640610767;1.573908744;1.507826379;1.442479311;1.377992238;1.314492438;1.252104638;1.190947040;1.131128363;1.072745756;1.015881311;0.960568029;0.906896816;0.854965316;0.804836490;0.756534955;0.710049727;0.665340932;0.622348560;0.581001811;0.541227258;0.502773036;0.465891044;0.430576675;0.396820975;0.364610804;0.333929227;0.304756054;0.277068496;0.250841881;0.226050396;0.202667821;0.180668237;0.160026672;0.140719691;0.122725893;0.106026332;0.090604837;0.076448248;0.063546554;0.051892948;0.041483796;0.032318538;0.024399520;0.017731771;0.012322736;0.008181975;0.005320841;0.003752140;0.003489801;0.004548547;0.006943588;0.010690345;0.015804205;0.022300329;0.030193495;0.039498008;0.050227657;0.062395732;0.076015103;0.091098344;0.107657918;0.125706407;0.145256779;0.166322688;0.188918799;0.213061121;0.238767335;0.266057116;0.294952408;0.325477667;0.357660026;0.391529384;0.427118389;0.464462299;0.503598707;0.544567096;0.587408224;0.632163298;0.678872947;0.727575944;0.778307688;0.831098422;0.885971170;0.942939393;1.002004347;1.063152151;1.126350551;1.191979284;1.259947279;1.329659602;1.400885635;1.473384591;1.546914961;1.621242336;1.696143727;1.771406092;1.846816171;1.922144799;1.997201448;2.071780182;;;;;;;;;;;;;;;;;;;;
0.100;;;;;;;;;;;;;;;;;;;;;;1.637125662;1.570193101;1.503903462;1.438372685;1.373725388;1.310088464;1.247585997;1.186335347;1.126444229;1.068008676;1.011096933;0.955740471;0.902052942;0.850131883;0.800037755;0.751791594;0.705378629;0.660755515;0.617859367;0.576617195;0.536841605;0.498506250;0.461745755;0.426553992;0.392920554;0.360830963;0.330267085;0.301207700;0.273629159;0.247506107;0.222812221;0.199520938;0.177606146;0.157042821;0.137807595;0.119879235;0.103239047;0.087871177;0.073762826;0.060904372;0.049289411;0.038914709;0.029780094;0.021888273;0.015244608;0.009856840;0.005734786;0.002890015;0.001335514;0.001085356;0.002154384;0.004557904;0.008311426;0.013430423;0.019930155;0.027825522;0.037130987;0.047860547;0.060027762;0.073645844;0.088727795;0.105286601;0.123335467;0.142888094;0.163958983;0.186563759;0.210719506;0.236445089;0.263761467;0.292691963;0.323262488;0.355501692;0.389441026;0.425114710;0.462559558;0.501814673;0.542920972;0.585920525;0.630855700;0.677768080;0.726697152;0.777678741;0.830743176;0.885913188;0.943201516;1.002608225;1.064117732;1.127695533;1.193418580;1.261753396;1.331823305;1.403391609;1.476211846;1.550037555;1.624630490;1.699765430;1.775229319;1.850811889;1.926284674;2.001426335;2.076029255;2.149892799;;;;;;;;;;;;;;;;;;;
0.000;;;;;;;;;;;;;;;;;;;;;;1.634911265;1.567759161;1.501274657;1.435573467;1.370779679;1.307019415;1.244415796;1.183085068;1.123133729;1.064656518;1.007697296;0.952309792;0.898618619;0.846719891;0.796670904;0.748488899;0.702155381;0.657623757;0.614828550;0.573694861;0.533918229;0.495692723;0.459044564;0.423966118;0.390445558;0.358467121;0.328011539;0.299056628;0.271577955;0.245549557;0.220944677;0.197736479;0.175898727;0.155406405;0.136236262;0.118367282;0.101781060;0.086462084;0.072397936;0.059579396;0.048000460;0.037658288;0.028553079;0.020687880;0.014068354;0.008702499;0.004600345;0.001773628;0.000235460;0.000000000;0.001082144;0.003497231;0.007260785;0.012388295;0.018895043;0.026795974;0.036105631;0.046838136;0.059007240;0.072626411;0.087708998;0.104268422;0.122318428;0.141873363;0.162948489;0.185560304;0.209726877;0.235468168;0.262806334;0.291765988;0.322374406;0.354661665;0.388660687;0.424407176;0.461939421;0.501297960;0.542525066;0.585664061;0.630758411;0.677850613;0.726980833;0.778185303;0.831494444;0.886930718;0.944506196;1.004219840;1.066054486;1.129973546;1.195917427;1.264460753;1.334855092;1.406730363;1.479834633;1.553916725;1.628734798;1.704061629;1.779684331;1.855395743;1.930974085;2.006175158;2.080780774;2.154583014;;;;;;;;;;;;;;;;;;;
-0.100;;;;;;;;;;;;;;;;;;;;;1.701923941;1.633970689;1.566611743;1.499946165;1.434088947;1.369163227;1.305293993;1.242603103;1.181205447;1.121206106;1.062696275;1.005692870;0.950287904;0.896606725;0.844742839;0.794749736;0.746640592;0.700393164;0.655957737;0.613266435;0.572161890;0.532451549;0.494325971;0.457780137;0.422804919;0.389387110;0.357509711;0.327152384;0.298292051;0.270903570;0.244960445;0.220435559;0.197301875;0.175533099;0.155104280;0.135992343;0.118176531;0.101638762;0.086363900;0.072339924;0.059558022;0.048012595;0.037701190;0.028624357;0.020785460;0.014190431;0.008847485;0.004766820;0.001960287;0.000441063;0.000223333;0.001321977;0.003752295;0.007529750;0.012669768;0.019187570;0.027098061;0.036415776;0.047154876;0.059329205;0.072952400;0.088038055;0.104599933;0.122652218;0.142209804;0.163288610;0.185905903;0.210080633;0.235833751;0.263188504;0.292170686;0.322808833;0.355134344;0.389181504;0.424987397;0.462591688;0.502036251;0.543364631;0.586621314;0.631850795;0.679096421;0.728398994;0.779795125;0.833315319;0.888981793;0.946806000;1.006785883;1.068902827;1.133118339;1.199370443;1.267997230;1.338677924;1.410820549;1.484168055;1.558464900;1.633465953;1.708942177;1.784680886;1.860477805;1.936117636;2.011349517;2.085933975;2.159657236;;;;;;;;;;;;;;;;;;;
-0.200;;;;;;;;;;;;;;;;;;;;;1.702481634;1.634308136;1.566756465;1.499924712;1.433926682;1.368884167;1.304920690;1.242156572;1.180705121;1.120669825;1.062129872;1.005096983;0.949690019;0.896032643;0.844214848;0.794285968;0.746255145;0.700096650;0.655758022;0.613169405;0.572057967;0.532433184;0.494397066;0.457943026;0.423060463;0.389734829;0.357947941;0.327678454;0.298902469;0.271594205;0.245726712;0.221272586;0.198204659;0.176496645;0.156123721;0.137063038;0.119294143;0.102799319;0.087563824;0.073576060;0.060827631;0.049313344;0.039031121;0.029981851;0.022169190;0.015599302;0.010280585;0.006223353;0.003439520;0.001942271;0.001745748;0.002864748;0.005314453;0.009110191;0.014267237;0.020800666;0.028725253;0.038055430;0.048805300;0.060988701;0.074619334;0.089710937;0.106277504;0.124333549;0.143894400;0.164976517;0.187597820;0.211778023;0.237538945;0.264904800;0.293902442;0.324561544;0.356914701;0.390997440;0.426848106;0.464507621;0.504019085;0.545427206;0.588777539;0.634115520;0.681485273;0.730928177;0.782481186;0.836174877;0.892031233;0.950061140;1.010261608;1.072612704;1.137074210;1.203582012;1.272277615;1.343204817;1.415574567;1.489124865;1.563595936;1.638739421;1.714324451;1.790138395;1.865979585;1.941638749;2.016867949;2.091405859;2.165031470;;;;;;;;;;;;;;;;;;;
-0.300;;;;;;;;;;;;;;;;;;;;;1.704308476;1.635928988;1.568199841;1.501217649;1.435094600;1.369950770;1.305907916;1.243084567;1.181592252;1.121532710;1.062967529;1.005921828;0.950528335;0.896907610;0.845145443;0.795286838;0.747337057;0.701267251;0.657022669;0.614531953;0.573402510;0.533852622;0.495895253;0.459522252;0.424721564;0.391477341;0.359770268;0.329578061;0.300876069;0.273637949;0.247836370;0.223443716;0.200432760;0.178777287;0.158452665;0.139436321;0.121708153;0.105250841;0.090050072;0.076094682;0.063376706;0.051891356;0.041636922;0.032614615;0.024828355;0.018284511;0.012991618;0.008960064;0.006201770;0.004729868;0.004558391;0.005701982;0.008175630;0.011994442;0.017173460;0.023727521;0.031671175;0.041018655;0.051783900;0.063980639;0.077622529;0.092723337;0.109297172;0.127358761;0.146923743;0.168008994;0.190632961;0.214815988;0.240580630;0.267951936;0.296957681;0.327628537;0.359998160;0.394103182;0.429983074;0.467679885;0.507237812;0.548702608;0.592120786;0.637538622;0.685000933;0.734549609;0.786221898;0.840048430;0.896050964;0.954239863;1.014611291;1.077144130;1.141796632;1.208502796;1.277238782;1.348369613;1.420924116;1.494635521;1.569239928;1.644485772;1.720140244;1.795990517;1.871837096;1.947476109;2.022666992;2.097132313;2.170641483;2.243010495;;;;;;;;;;;;;;;;;;
-0.400;;;;;;;;;;;;;;;;;;;;;1.707409942;1.638839890;1.570949369;1.503833049;1.437601100;1.372371549;1.308264107;1.245395288;1.183874661;1.123802083;1.065220097;1.008178332;0.952812772;0.899239728;0.847540310;0.797755173;0.749885990;0.703901243;0.659744432;0.617271547;0.576183507;0.536697880;0.498808575;0.462505877;0.427776307;0.394602758;0.362964844;0.332839403;0.304201105;0.277023121;0.251277815;0.226937432;0.203974755;0.182363711;0.162079910;0.143101115;0.125407615;0.108982524;0.093811986;0.079885291;0.067194912;0.055736469;0.045508611;0.036512856;0.028753364;0.022236677;0.016971427;0.012968028;0.010238355;0.008795428;0.008653105;0.009825802;0.012328239;0.016175220;0.021381465;0.027961482;0.035929500;0.045299450;0.056085005;0.068299675;0.081956957;0.097070532;0.113654504;0.131723685;0.151293896;0.172382299;0.195007729;0.219191023;0.244955329;0.272326385;0.301332741;0.332005921;0.364380494;0.398494046;0.434387031;0.472102478;0.511685547;0.553182902;0.596641892;0.642109526;0.689631216;0.739249286;0.791001228;0.844917694;0.901020227;0.959318709;1.019808545;1.082467572;1.147252702;1.214096314;1.282902411;1.354119693;1.426814623;1.500644367;1.575341021;1.650649813;1.726335853;1.802185784;1.878001756;1.953584542;2.028702018;2.103068994;2.176443738;2.248639204;;;;;;;;;;;;;;;;;;
-0.500;;;;;;;;;;;;;;;;;;;;;1.711793111;1.643048809;1.575013606;1.507779792;1.441455155;1.376155369;1.311997849;1.249096896;1.187559964;1.127484452;1.068897641;1.011875586;0.956550551;0.903033545;0.851401037;0.801689573;0.753897676;0.707991694;0.663913915;0.621427461;0.580387897;0.540956151;0.503124458;0.466881548;0.432212549;0.399099141;0.367519926;0.337450934;0.308866229;0.281738570;0.256040091;0.231742974;0.208820080;0.187245541;0.166995274;0.148047422;0.130382714;0.113984734;0.098840107;0.084938598;0.072273128;0.060839723;0.050637390;0.041667933;0.033935732;0.027447468;0.022211834;0.018239224;0.015541414;0.014131251;0.014022357;0.015228850;0.017765101;0.021645532;0.026884454;0.033495954;0.041493844;0.050891650;0.061702673;0.073940094;0.087617136;0.102747272;0.119344478;0.137423520;0.157000272;0.178092041;0.200717909;0.224899061;0.250659090;0.278024270;0.307023774;0.337689819;0.370057731;0.404165894;0.440055587;0.477770670;0.517357118;0.558862364;0.602334464;0.647821040;0.695367997;0.745018011;0.796808755;0.850770875;0.906925697;0.965282664;1.025836511;1.088564168;1.153421411;1.220339268;1.289220201;1.360418005;1.433207328;1.507111732;1.581859467;1.657192573;1.732873915;1.808689254;1.884441800;1.959936137;2.034947855;2.109191958;2.182416057;2.254431533;;;;;;;;;;;;;;;;;;
-0.600;;;;;;;;;;;;;;;;;;;;;1.717466695;1.648565083;1.580402221;1.513067631;1.446666389;1.381311541;1.317117988;1.254197641;1.192655711;1.132584690;1.074008299;1.017019390;0.961744698;0.908289776;0.856725791;0.807085253;0.759363891;0.713526453;0.669514648;0.627003193;0.586002243;0.546614421;0.508830277;0.472637006;0.438018376;0.404954908;0.373424253;0.343401702;0.314860788;0.287773935;0.262113121;0.237850536;0.214959192;0.193413489;0.173189707;0.154266421;0.136624843;0.120249062;0.105126212;0.091246548;0.078603453;0.067193361;0.057015625;0.048072327;0.040368039;0.033909555;0.028705590;0.024766474;0.022103836;0.020730293;0.020659165;0.021904203;0.024479360;0.028398592;0.033675717;0.040324314;0.048357676;0.057788832;0.068630601;0.080895727;0.094597041;0.109747691;0.126361398;0.144452755;0.164037550;0.185133099;0.207758587;0.231935396;0.257687414;0.285041294;0.314026671;0.344676297;0.377026088;0.411115067;0.446985177;0.484680949;0.524249016;0.565737438;0.609194839;0.654669328;0.702207198;0.751851384;0.803639679;0.857602686;0.913761515;0.972125211;1.032687925;1.095425824;1.160293755;1.227221674;1.296110863;1.367251402;1.440084747;1.514017330;1.588773797;1.664092943;1.739734953;1.815483920;1.891143503;1.966521255;2.041399344;2.115498059;2.188558032;2.260390390;;;;;;;;;;;;;;;;;;
-0.700;;;;;;;;;;;;;;;;;;;;1.794189332;1.724441039;1.655399430;1.587126034;1.519707250;1.453245148;1.387849909;1.323633723;1.260705969;1.199169504;1.139111260;1.080559992;1.023615902;0.968398958;0.915008508;0.863510671;0.813934325;0.766273004;0.720490548;0.676528810;0.633984979;0.593013367;0.553660044;0.515913880;0.479760559;0.445182532;0.412159217;0.380667380;0.350681645;0.322175087;0.295119870;0.269487895;0.245251432;0.222383709;0.200859458;0.180655378;0.161750529;0.144126644;0.127768352;0.112663321;0.098802319;0.086179195;0.074790794;0.064636813;0.055719592;0.048043880;0.041616551;0.036446311;0.032543382;0.029919197;0.028586091;0.028557021;0.029845309;0.032464413;0.036427752;0.041748568;0.048439840;0.056514261;0.065984256;0.076862066;0.089159886;0.102890047;0.118065252;0.134698844;0.152805115;0.172399633;0.193499583;0.216124109;0.240294645;0.266035214;0.293372695;0.322337024;0.352961324;0.385281936;0.419338356;0.455173023;0.492830981;0.532359361;0.573806700;0.617222048;0.662653873;0.710148742;0.759749761;0.811494774;0.865414303;0.921529242;0.979848278;1.040365069;1.103055164;1.167872693;1.234746826;1.303578036;1.374617227;1.447445749;1.521360493;1.596083041;1.671349431;1.746917660;1.822570498;1.898111161;1.973348893;2.048070928;2.122005082;2.194891162;2.266541549;;;;;;;;;;;;;;;;;;
-0.800;;;;;;;;;;;;;;;;;;;;1.802631507;1.732728086;1.663563943;1.595197022;1.527710289;1.461202549;1.395780910;1.331554694;1.268630623;1.207109120;1.147072749;1.088559121;1.031668515;0.976513288;0.923186358;0.871749013;0.822226998;0.774612313;0.728868638;0.684938716;0.642359844;0.601408935;0.562081273;0.524364062;0.488241509;0.453694798;0.420702303;0.389239975;0.359281842;0.330800600;0.303768230;0.278156628;0.253938214;0.231086503;0.209576618;0.189385731;0.170493434;0.152882023;0.136536699;0.121445691;0.107600292;0.094994831;0.083626566;0.073495528;0.064604308;0.056957807;0.050562957;0.045428417;0.041564267;0.038981697;0.037692709;0.037709843;0.039045926;0.041713861;0.045726453;0.051096293;0.057835681;0.065956617;0.075470834;0.086389898;0.098725351;0.112488917;0.127692739;0.144349664;0.162473558;0.182079641;0.203184829;0.225808084;0.249970744;0.275696819;0.303013257;0.331950134;0.362540779;0.394821798;0.428832988;0.464617125;0.502219595;0.541687876;0.583070823;0.626417772;0.671777421;0.719196496;0.768718181;0.820380301;0.874213265;0.930237745;0.988462114;1.048879626;1.111465367;1.176172962;1.242931090;1.311639797;1.382528821;1.455303462;1.529155232;1.603803046;1.678980413;1.754443103;1.829972244;1.905370462;1.980448181;2.054996627;2.128751638;2.201458728;2.272933510;;;;;;;;;;;;;;;;;;
-0.900;;;;;;;;;;;;;;;;;;;;1.812382070;1.742341310;1.673072041;1.604628299;1.537089344;1.470550497;1.405115622;1.340891041;1.277980725;1.216482603;1.156476963;1.098010647;1.041179018;0.986086214;0.932818676;0.881433185;0.831952924;0.784369076;0.738646375;0.694694250;0.652116183;0.611177991;0.571867741;0.534170999;0.498070536;0.463546327;0.430575769;0.399134067;0.369194734;0.340730161;0.313712221;0.288112878;0.263904776;0.241061778;0.219559456;0.199375511;0.180490110;0.162886150;0.146549437;0.131468782;0.117636022;0.105045971;0.093696302;0.083587376;0.074722021;0.067105275;0.060744100;0.055647080;0.051824115;0.049286111;0.048044692;0.048111928;0.049500096;0.052221480;0.056288207;0.061712146;0.068504842;0.076677521;0.086241140;0.097206496;0.109584387;0.123385825;0.138622287;0.155306012;0.173450322;0.193069961;0.214181450;0.236803434;0.260957009;0.286666028;0.313957355;0.342861050;0.373410490;0.405642380;0.439596660;0.475316273;0.512846792;0.552235877;0.593532557;0.636786307;0.682045926;0.729358188;0.778766260;0.830307886;0.884013318;0.939903012;0.997985068;1.058252435;1.120679883;1.185220760;1.251803550;1.320328258;1.391021939;1.463693855;1.537437920;1.611970878;1.687024047;1.762351109;1.837731467;1.912966839;1.987868265;2.062230173;2.135796800;2.208325398;2.279637066;;;;;;;;;;;;;;;;;;
-1.000;;;;;;;;;;;;;;;;;;;;1.823455856;1.753295607;1.683938393;1.615434061;1.547857938;1.481301683;1.415865776;1.351653439;1.288765828;1.227298338;1.167331130;1.108918738;1.052148408;0.997115660;0.943900536;0.892555919;0.843103265;0.795533720;0.749812917;0.705823195;0.663244293;0.622311432;0.583010886;0.545326620;0.509240028;0.474729937;0.441772839;0.410343270;0.380414305;0.351958108;0.324946520;0.299351646;0.275146419;0.252305113;0.230803809;0.210620781;0.191736817;0.174135450;0.157803118;0.142729235;0.128906197;0.116329310;0.104996664;0.094908944;0.086069202;0.078482596;0.072156096;0.067098184;0.063318545;0.060827765;0.059637047;0.059757945;0.061202135;0.063981226;0.068106609;0.073589366;0.080440219;0.088669549;0.098287457;0.109303890;0.121728814;0.135572434;0.150845467;0.167559437;0.185727012;0.205362346;0.226481440;0.249102493;0.273246231;0.298936206;0.326199051;0.355064664;0.385566315;0.417740652;0.451627597;0.487270104;0.524713772;0.564006293;0.605196718;0.648334526;0.693468490;0.740645319;0.789908074;0.841294352;0.894834217;0.950547910;1.008443306;1.068513145;1.130732042;1.195053292;1.261405491;1.329689000;1.400149626;1.472670862;1.546263402;1.620642440;1.695537560;1.770700625;1.845909377;1.920964462;1.995677153;2.069844490;2.143219492;2.215576564;2.286744586;;;;;;;;;;;;;;;;;;
-1.100;;;;;;;;;;;;;;;;;;;;1.835869127;1.765607152;1.696178799;1.627629498;1.560030462;1.493469547;1.428043747;1.363853113;1.300995949;1.239565106;1.179642176;1.121287196;1.064577407;1.009599639;0.956427905;0.905111405;0.855670142;0.808095826;0.762356144;0.718323027;0.675736830;0.634802419;0.595504314;0.557824937;0.521744365;0.487240354;0.454288568;0.422862956;0.392936230;0.364480407;0.337467372;0.311869442;0.287659903;0.264813501;0.243306875;0.223118922;0.204231088;0.186627576;0.170295477;0.155224830;0.141408600;0.128842593;0.117525312;0.107457761;0.098643206;0.091086908;0.084795824;0.079778306;0.076043798;0.073602531;0.072465249;0.072642949;0.074146662;0.076987274;0.081175388;0.086721241;0.093634675;0.101925160;0.111601874;0.122673842;0.135150118;0.149040022;0.164353417;0.181101022;0.199294749;0.218948058;0.240076320;0.262697168;0.286830830;0.312500432;0.339732240;0.368555847;0.399004271;0.431113955;0.464924650;0.500479171;0.537822994;0.577003691;0.618070196;0.661071856;0.706057296;0.753073056;0.802162006;0.853361530;0.906701480;0.962201885;1.019870446;1.079699796;1.141664558;1.205718205;1.271789757;1.339780330;1.409981011;1.482305001;1.555703690;1.629891239;1.704596092;1.779568717;1.854585421;1.929445807;2.003961211;2.077930945;2.151117629;2.223317414;2.294369016;;;;;;;;;;;;;;;;;;
-1.200;;;;;;;;;;;;;;;;;;;;1.849639356;1.779293207;1.709810034;1.641230671;1.573622078;1.507068211;1.441662508;1.377501817;1.314681577;1.253292107;1.193417085;1.135120218;1.078467808;1.023537814;0.970398315;0.919095343;0.869648178;0.822049808;0.776270699;0.732188704;0.689589194;0.648646721;0.609344110;0.571662309;0.535580156;0.501074418;0.468120016;0.436690393;0.406757986;0.378294740;0.351272658;0.325664338;0.301443481;0.278585360;0.257067222;0.236868629;0.217971718;0.200361389;0.184025412;0.168954463;0.155142083;0.142584582;0.131280875;0.121232278;0.112442259;0.104916164;0.098660918;0.093684724;0.089996753;0.087606855;0.086525280;0.086762435;0.088328667;0.091234097;0.095488496;0.101101212;0.108081153;0.116436826;0.126176430;0.137308002;0.149839621;0.163779650;0.179137023;0.195921572;0.214144365;0.233818076;0.254957343;0.277579130;0.301703056;0.327351699;0.354550836;0.383329624;0.413720696;0.445760149;0.479487426;0.514945058;0.552178252;0.591234328;0.632161962;0.675010247;0.719827542;0.766660120;0.815550576;0.866536032;0.919646094;0.974900598;1.032307122;1.091858300;1.153528928;1.217272895;1.283019959;1.350672400;1.420615285;1.492691772;1.565851260;1.639808282;1.714291048;1.789049021;1.863855847;1.938510328;2.012823944;2.086598227;2.159607000;2.231671736;2.302642590;;;;;;;;;;;;;;;;;;
-1.300;;;;;;;;;;;;;;;;;;;;1.864784961;1.794371901;1.724849661;1.656254351;1.588648591;1.522112376;1.456735561;1.392611786;1.329833643;1.268488958;1.208663292;1.150422758;1.093822270;1.038930956;0.985811278;0.934506614;0.885036134;0.837394757;0.791556386;0.747418412;0.704799844;0.663842995;0.624529080;0.586837656;0.550746419;0.516231235;0.483266373;0.451824863;0.421878944;0.393400573;0.366361944;0.340735999;0.316496915;0.293620543;0.272084783;0.251869896;0.232958743;0.215336943;0.198992961;0.183918119;0.170106542;0.157555042;0.146262942;0.136231861;0.127465455;0.119969142;0.113749797;0.108815447;0.105174973;0.102837814;0.101813702;0.102112422;0.103743605;0.106716577;0.111040240;0.116723014;0.123772836;0.132197205;0.142003293;0.153198105;0.165788688;0.179782388;0.195187152;0.212011853;0.230266645;0.249963334;0.271115741;0.293740069;0.317855229;0.343483147;0.370648999;0.399381393;0.429712450;0.461677800;0.495316445;0.530670501;0.567784779;0.606706212;0.647483096;0.690164151;0.734797366;0.781428649;0.830100253;0.880848984;0.933704186;0.988685514;1.045800487;1.105041850;1.166384742;1.229783706;1.295169560;1.362446160;1.432133136;1.503924451;1.576809042;1.650502719;1.724734104;1.799252660;1.873832940;1.948272968;2.022384419;2.095970901;2.168819918;2.240780453;2.311715261;;;;;;;;;;;;;;;;;;
-1.400;;;;;;;;;;;;;;;;;;;;1.881325002;1.810861960;1.741315795;1.672717824;1.605126282;1.538617188;1.473276826;1.409195654;1.346463466;1.285165657;1.225388606;1.167200411;1.110644686;1.055781845;1.002669076;0.951347578;0.901836959;0.854134643;0.808218884;0.764013831;0.721370526;0.680392991;0.641060931;0.603352623;0.567244719;0.532712294;0.499729061;0.468267727;0.438300426;0.409799203;0.382736511;0.357085704;0.332821489;0.309920341;0.288360852;0.268124014;0.249193434;0.231555469;0.215199288;0.200116867;0.186302915;0.173754741;0.162472068;0.152456806;0.143712788;0.136245486;0.130061704;0.125169280;0.121576779;0.119293209;0.118327761;0.118689573;0.120387539;0.123430162;0.127825449;0.133580866;0.140703347;0.149199354;0.159074999;0.170336215;0.182988979;0.197039579;0.212494923;0.229362874;0.247652615;0.267375017;0.288543018;0.311171980;0.335280028;0.360888343;0.388021407;0.416707174;0.446977151;0.478866385;0.512413324;0.547659550;0.584649357;0.623429177;0.664046812;0.706550499;0.750987759;0.797404056;0.845841232;0.896335735;0.948916636;1.003603429;1.060403641;1.119310240;1.180298884;1.243325015;1.308320830;1.375192176;1.444637797;1.516107089;1.588682925;1.662083485;1.736039121;1.810300370;1.884642341;1.958863503;2.032776459;2.106187871;2.178903608;2.250799904;2.321752851;;;;;;;;;;;;;;;;;;
-1.500;;;;;;;;;;;;;;;;;;;;1.899278838;1.828782406;1.759226845;1.690638661;1.623071714;1.556598076;1.491300506;1.427266345;1.364582666;1.303332524;1.243601527;1.185459925;1.128940650;1.074095578;1.020976957;0.969624244;0.920058053;0.872278770;0.826268742;0.781980297;0.739306429;0.698301687;0.658944395;0.621211673;0.585079257;0.550521539;0.517511786;0.486022481;0.456025740;0.427493776;0.400399374;0.374716356;0.350420012;0.327487481;0.305898081;0.285633560;0.266678289;0.249019372;0.232646688;0.217552866;0.203733194;0.191185468;0.179909802;0.169908381;0.161185198;0.153745762;0.147596792;0.142745912;0.139201356;0.136971684;0.136065524;0.136491352;0.138257308;0.141371053;0.145839681;0.151669689;0.158866989;0.167436986;0.177384713;0.188715007;0.201432751;0.215543144;0.231052025;0.247966210;0.266293867;0.286044890;0.307231277;0.329867493;0.353970808;0.379561590;0.406663547;0.435303893;0.465513431;0.497326528;0.530780978;0.565917727;0.602780448;0.641414962;0.681868481;0.724188662;0.768422472;0.814614855;0.862807185;0.913035521;0.965328650;1.019705939;1.076174986;1.134729106;1.195344652;1.257978208;1.322563677;1.389009306;1.458238594;1.529353686;1.601591195;1.674672874;1.748331959;1.822321151;1.896417161;1.970419893;2.044143987;2.117399961;2.190018366;2.261899856;2.332934923;;;;;;;;;;;;;;;;;;
-1.600;;;;;;;;;;;;;;;;;;;;1.918665756;1.848152221;1.778601209;1.710034455;1.642501500;1.576070547;1.510820917;1.446836931;1.384203052;1.323000103;1.263311278;1.205209240;1.148717474;1.093879563;1.040743057;0.989346000;0.939710199;0.891839378;0.845720634;0.801326885;0.758616254;0.717577352;0.678187277;0.640422143;0.604256904;0.569665399;0.536620566;0.505094766;0.475060191;0.446489300;0.419355280;0.393632479;0.369296812;0.346326123;0.324700477;0.304402400;0.285417035;0.267732238;0.251338595;0.236229381;0.222400449;0.209850073;0.198578735;0.188588882;0.179884647;0.172471555;0.166356220;0.161546038;0.158048893;0.155872879;0.155026052;0.155516212;0.157350732;0.160536424;0.165079463;0.170985365;0.178259016;0.186904759;0.196926535;0.208328083;0.221113178;0.235285920;0.250851059;0.267814350;0.286182919;0.305965654;0.327173580;0.349820222;0.373921949;0.399498263;0.426572035;0.455169676;0.485321209;0.517060243;0.550423835;0.585452203;0.622188313;0.660677288;0.700965655;0.743100412;0.787127895;0.833092466;0.881034983;0.930991087;0.982989287;1.037048851;1.093177525;1.151369091;1.211600777;1.273830554;1.337994356;1.404003244;1.473048191;1.543782268;1.615656886;1.688398665;1.761745010;1.835452049;1.909299334;1.983089460;2.056640409;2.129767985;2.202335470;2.274261265;2.345452367;;;;;;;;;;;;;;;;;;
-1.700;;;;;;;;;;;;;;;;;;;;1.939504560;1.868989986;1.799456956;1.730922533;1.663432055;1.597049971;1.531852295;1.467920467;1.405336471;1.344179047;1.284527708;1.226457461;1.169984125;1.115143115;1.061977689;1.010524768;0.960807637;0.912833524;0.866594450;0.822070051;0.779312200;0.738231533;0.698800449;0.660994226;0.624787193;0.590152779;0.557063717;0.525492360;0.495411067;0.466792631;0.439610702;0.413840208;0.389457734;0.366441853;0.344773404;0.324435694;0.305414644;0.287698856;0.271279613;0.256150821;0.242308882;0.229752523;0.218482575;0.208501721;0.199814212;0.192425570;0.186342282;0.181571497;0.178120733;0.175997607;0.175209591;0.175763804;0.177666844;0.180924675;0.185542554;0.191525019;0.198875933;0.207598583;0.217695829;0.229170313;0.242024709;0.256262022;0.271885917;0.288901080;0.307313595;0.327131331;0.348364323;0.371025139;0.395129217;0.420695155;0.447744952;0.476304164;0.506401979;0.538071189;0.571348044;0.606271970;0.642885145;0.681231921;0.721358069;0.763309853;0.807132919;0.852870990;0.900564372;0.950248271;1.001950920;1.055691530;1.111478072;1.169304918;1.229150351;1.290973975;1.354714072;1.420286267;1.489180283;1.559512164;1.631005042;1.703391419;1.776414261;1.849834539;1.923436089;1.997025702;2.070426322;2.143461472;2.216034857;2.288073776;2.359504726;;;;;;;;;;;;;;;;;;
-1.800;;;;;;;;;;;;;;;;;;;;;1.891313493;1.821811476;1.753319649;1.685879310;1.619551329;1.554408580;1.490529794;1.427994651;1.366879973;1.307261174;1.249214348;1.192750352;1.137896900;1.084693149;1.033175044;0.983367456;0.935281176;0.888913157;0.844248795;0.801409864;0.760278972;0.720797773;0.682940908;0.646682261;0.611995006;0.578851810;0.547225137;0.517087614;0.488412446;0.461173815;0.435347278;0.410910127;0.387841688;0.366123582;0.345739905;0.326677347;0.308925242;0.292475553;0.277322790;0.263463880;0.250897975;0.239626225;0.229651522;0.220978207;0.213611772;0.207558555;0.202825440;0.199419564;0.197348055;0.196617792;0.197235211;0.199206140;0.202535698;0.207228232;0.213287318;0.220715814;0.229515964;0.239689570;0.251238197;0.264163440;0.278467229;0.294152161;0.311221873;0.329681417;0.349537653;0.370799630;0.393478956;0.417590131;0.443150838;0.470182177;0.498708820;0.528759089;0.560364914;0.593561691;0.628387997;0.664885169;0.703096725;0.743067621;0.784843333;0.828468759;0.873986945;0.921437615;0.970855527;1.022268652;1.075696185;1.131146403;1.188614393;1.248079668;1.309503708;1.372827458;1.438304716;1.506767073;1.576672880;1.647763214;1.719781937;1.792476784;1.865612079;1.938977572;2.012385995;2.085667182;2.158658075;2.231302564;2.303532969;2.375297239;;;;;;;;;;;;;;;;;;
-1.900;;;;;;;;;;;;;;;;;;;;;1.915139344;1.845681116;1.777241650;1.709858424;1.643588949;1.578503177;1.514677336;1.452189008;1.391113295;1.331521778;1.273489837;1.217026640;1.162152557;1.108902850;1.057312570;1.007408156;0.959203851;0.912701392;0.867891422;0.824928053;0.783737436;0.744195956;0.706277845;0.669956740;0.635205740;0.601997595;0.570305004;0.540100973;0.511359198;0.484054461;0.458162997;0.433662831;0.410534064;0.388759101;0.368322821;0.349212666;0.331418682;0.314933480;0.299752147;0.285872095;0.273292865;0.262015894;0.252044241;0.243382308;0.236035527;0.230010063;0.225312510;0.221949611;0.219927992;0.219253938;0.219933200;0.221970844;0.225371157;0.230137595;0.236272793;0.243778628;0.252656339;0.262906697;0.274530228;0.287527486;0.301899359;0.317647418;0.334774280;0.353283999;0.373182454;0.394477734;0.417180503;0.441304336;0.466866005;0.493885710;0.522387235;0.552398012;0.583949091;0.617074981;0.651813376;0.688204729;0.726291683;0.766118329;0.807729311;0.851168743;0.896478957;0.943699074;0.992863401;1.043999664;1.097127086;1.152254329;1.209377317;1.268476969;1.329516875;1.392440952;1.457869853;1.525893708;1.595374389;1.666062721;1.737708994;1.810072110;1.882927857;1.956074625;2.029329402;2.102531138;2.175538131;2.248327936;2.320837366;2.393037618;;;;;;;;;;;;;;;;;;
-2.000;;;;;;;;;;;;;;;;;;;;;1.940482550;1.871080817;1.802703147;1.735383480;1.669176237;1.604148709;1.540374872;1.477930449;1.416889045;1.357319513;1.299293930;1.242823544;1.187921821;1.134620327;1.082953220;1.032948356;0.984622962;0.937983223;0.893025418;0.849888509;0.808627478;0.769014341;0.731023175;0.694627601;0.659800835;0.626515878;0.594745804;0.564464103;0.535645056;0.508264107;0.482298213;0.457726160;0.434528833;0.412689420;0.392193565;0.373029441;0.355187770;0.338661776;0.323447076;0.309541525;0.296945007;0.285659199;0.275687290;0.267033698;0.259703763;0.253703445;0.249039027;0.245716837;0.243742993;0.243123180;0.243862470;0.245965178;0.249434776;0.254273856;0.260484143;0.268066574;0.277021419;0.287348468;0.299047259;0.312117354;0.326558656;0.342371758;0.359558316;0.378121433;0.398066056;0.419399355;0.442131090;0.466273943;0.491843802;0.518859986;0.547345399;0.577326591;0.608833721;0.641900404;0.676563429;0.712862342;0.750838878;0.790536237;0.831998195;0.875268051;0.920387402;0.967394750;1.016323950;1.067202503;1.120049707;1.174874687;1.231674321;1.290431103;1.351110959;1.413661069;1.479074296;1.546660405;1.615717077;1.686006273;1.757289167;1.829335113;1.901929492;1.974879291;2.048014948;2.121186943;2.194282653;2.267300607;2.340185175;;;;;;;;;;;;;;;;;;;
-2.100;;;;;;;;;;;;;;;;;;;;;1.967356126;1.898023745;1.829717181;1.762467181;1.696325398;1.631356769;1.567633313;1.505229163;1.444216687;1.384663559;1.326636078;1.270151049;1.215215749;1.161858274;1.110111748;1.060005017;1.011558442;0.964782190;0.919677122;0.876315538;0.834972117;0.795274623;0.757197280;0.720713943;0.685798166;0.652423381;0.620563188;0.590191684;0.561283824;0.533815779;0.507765271;0.483111872;0.459837253;0.437925376;0.417362625;0.398137868;0.380242462;0.363670194;0.348417160;0.334481601;0.321863691;0.310565289;0.300589666;0.291941209;0.284625124;0.278647132;0.274013176;0.270729152;0.268800656;0.268232774;0.269029902;0.271195622;0.274732614;0.279642638;0.285926549;0.293584390;0.302615518;0.313018800;0.324792848;0.337936300;0.352448143;0.368328063;0.385576824;0.404196648;0.424191616;0.445568042;0.468334842;0.492503854;0.518090129;0.545112144;0.573591953;0.603555245;0.635031304;0.668052853;0.702655775;0.738878699;0.776762439;0.816349282;0.857682116;0.900803404;0.945753989;0.992571748;1.041290087;1.091936302;1.144529808;1.199080267;1.255585624;1.314030104;1.374382179;1.436592577;1.502003098;1.569160080;1.637801988;1.707703282;1.778637511;1.850386109;1.922746265;1.995536776;2.068600560;2.141802164;2.215070433;2.288407253;2.361770801;;;;;;;;;;;;;;;;;;;
-2.200;;;;;;;;;;;;;;;;;;;;;1.995770712;1.926520942;1.858294907;1.791120561;1.725047170;1.660137678;1.596462474;1.534094414;1.473104921;1.413561024;1.355524753;1.299018018;1.244043995;1.190627442;1.138800588;1.088593295;1.040028105;0.993118517;0.947869385;0.904278542;0.862796428;0.823000504;0.784822478;0.748236733;0.713217399;0.679738546;0.647774464;0.617299984;0.588290835;0.560723982;0.534577956;0.509833133;0.486471968;0.464479180;0.443841858;0.424549525;0.406594117;0.389969923;0.374673456;0.360703276;0.348059782;0.336744953;0.326762078;0.318115461;0.310810125;0.304851509;0.300245189;0.296996602;0.295110811;0.294592298;0.295444794;0.297671163;0.301273325;0.306252241;0.312607949;0.320339650;0.329445853;0.339924574;0.351773573;0.364990646;0.379573949;0.395522348;0.412835800;0.431515734;0.451565449;0.472990487;0.495798992;0.520002036;0.545613894;0.572652259;0.601138383;0.631097135;0.662556954;0.695549694;0.730110346;0.766276625;0.804088422;0.843587100;0.884814650;0.927812687;0.972621288;1.019277696;1.067814874;1.118259929;1.170632436;1.224942656;1.281189705;1.339359677;1.399423791;1.461690958;1.526732900;1.593477439;1.661722320;1.731255818;1.801865314;1.873345949;1.945508552;2.018185841;2.091235677;2.164540105;2.238074822;2.311828119;2.385781109;;;;;;;;;;;;;;;;;;;
-2.300;;;;;;;;;;;;;;;;;;;;;2.025734225;1.956581008;1.888445295;1.821352713;1.755350580;1.690500249;1.626870863;1.564534351;1.503561507;1.444019014;1.385967116;1.329431744;1.274414108;1.220936403;1.169029845;1.118724789;1.070045463;1.023007948;0.977620259;0.933883695;0.892127061;0.852217262;0.813922661;0.777218488;0.742079728;0.708481313;0.676398402;0.645806707;0.616682831;0.589004611;0.562751424;0.537904469;0.514446982;0.492364408;0.471644508;0.452277398;0.434255535;0.417573638;0.402228559;0.388219105;0.375545818;0.364210725;0.354217064;0.345568992;0.338271290;0.332329074;0.327747506;0.324531544;0.322685701;0.322213849;0.323119065;0.325403512;0.329068382;0.334113885;0.340539289;0.348343020;0.357522812;0.368075909;0.379999311;0.393290065;0.407945593;0.423964043;0.441344669;0.460088212;0.480197289;0.501676768;0.524534121;0.548779740;0.574427207;0.601493506;0.629999155;0.659968259;0.691428460;0.724410780;0.758949342;0.795080966;0.832844627;0.872280769;0.913430480;0.956334515;1.001032181;1.047560081;1.095950733;1.146231073;1.198420861;1.252531017;1.308561906;1.366501625;1.426324307;1.488688450;1.553331519;1.619688515;1.687562886;1.756757961;1.827076349;1.898328486;1.970340666;2.042961665;2.116066840;2.189564442;2.263460302;2.337733327;2.412391446;;;;;;;;;;;;;;;;;;;
-2.400;;;;;;;;;;;;;;;;;;;;;;1.988209828;1.920174885;1.853170562;1.787242726;1.722451600;1.658865505;1.596555830;1.535593100;1.476043973;1.417968809;1.361397789;1.306331747;1.252790943;1.200805748;1.150406693;1.101619065;1.054460686;1.008941795;0.965066539;0.922991668;0.882951257;0.844522855;0.807682907;0.772407554;0.738672845;0.706455013;0.675730802;0.646477810;0.618674819;0.592302104;0.567341698;0.543777608;0.521595979;0.500785190;0.481335891;0.463240984;0.446495537;0.431096656;0.417043303;0.404336078;0.392976971;0.382969086;0.374316361;0.367023272;0.361094552;0.356534911;0.353348791;0.351540137;0.351112207;0.352067426;0.354407282;0.358132272;0.363241898;0.369734720;0.377608460;0.386860158;0.397486376;0.409483453;0.422847794;0.437576197;0.453666211;0.471116502;0.489927242;0.510100486;0.531640544;0.554554326;0.578851651;0.604545509;0.631652266;0.660191788;0.690187489;0.721666273;0.754658381;0.789197108;0.825318406;0.863060353;0.902462481;0.943564973;0.986407722;1.031029253;1.077465522;1.125748599;1.175905250;1.227955441;1.281910787;1.337772972;1.395532192;1.455166297;1.517586593;1.581871230;1.647865051;1.715399943;1.784295488;1.854366380;1.925439851;1.997359434;2.069992090;2.143233258;2.217025036;2.291378859;2.366278956;;;;;;;;;;;;;;;;;;;;
-2.500;;;;;;;;;;;;;;;;;;;;;;2.021410351;1.953487588;1.886578685;1.820728617;1.755996995;1.692451788;1.630164282;1.569205120;1.509641294;1.451533927;1.394920024;1.339800151;1.286193737;1.234130680;1.183641498;1.134751937;1.087480697;1.041839870;0.997834674;0.955465269;0.915229354;0.876648731;0.839654437;0.804224119;0.770335222;0.737965280;0.707092247;0.677694843;0.649752884;0.623247587;0.598161841;0.574480412;0.552190108;0.531279872;0.511740818;0.493566207;0.476751365;0.461293555;0.447191794;0.434446640;0.423059948;0.413034600;0.404374228;0.397082931;0.391164994;0.386624625;0.383465712;0.381691605;0.381304942;0.382307501;0.384700114;0.388482616;0.393653853;0.400211740;0.408153371;0.417475179;0.428173145;0.440243054;0.453680785;0.468482638;0.484645687;0.502168147;0.521049751;0.541292125;0.562899153;0.585877308;0.610235959;0.635987619;0.663148141;0.691736835;0.721776510;0.753293407;0.786317045;0.820879941;0.857017215;0.894766069;0.934165136;0.975253698;1.018070778;1.062654106;1.109038977;1.157256998;1.207334757;1.259292427;1.313142333;1.368887522;1.426520358;1.486303283;1.548416849;1.612384506;1.678066521;1.745308272;1.813947154;1.883822840;1.954777813;2.026673181;2.099396142;2.172864786;2.247054646;2.321966146;2.397602911;;;;;;;;;;;;;;;;;;;;
-2.600;;;;;;;;;;;;;;;;;;;;;;2.056182466;1.988384570;1.921579201;1.855811072;1.791139752;1.727633385;1.665363624;1.604401668;1.544815224;1.486666284;1.430000747;1.374820561;1.321144708;1.269003355;1.218427047;1.169441509;1.122066293;1.076312525;1.032185572;0.989686412;0.949078278;0.910326032;0.873157788;0.837553083;0.803491077;0.770950860;0.739911794;0.710353865;0.682258022;0.655606484;0.630383011;0.606573121;0.584164244;0.563145829;0.543509373;0.525248405;0.508358409;0.492836694;0.478682221;0.465895396;0.454477831;0.444432084;0.435761388;0.428469377;0.422559818;0.418036357;0.414902283;0.413160324;0.412812479;0.413859885;0.416302734;0.420140237;0.425370633;0.431991259;0.439998659;0.449388754;0.460157051;0.472298895;0.485809767;0.500685602;0.516923138;0.534520281;0.553476472;0.573793054;0.595473627;0.618524369;0.642954333;0.668775683;0.696003877;0.724657778;0.754759684;0.786335258;0.819413367;0.854025803;0.890206897;0.927993002;0.967421862;1.008531858;1.051361134;1.095946605;1.142322878;1.190521068;1.240567557;1.292482705;1.346279539;1.401962476;1.459526088;1.519363397;1.581214614;1.644912276;1.710332624;1.777338152;1.845784252;1.915526910;1.986431147;2.058380538;2.131282255;2.205080446;2.279767653;2.355337445;2.431820559;;;;;;;;;;;;;;;;;;;;
-2.700;;;;;;;;;;;;;;;;;;;;;;;2.024864228;1.958171759;1.892490705;1.827881230;1.764412227;1.702156243;1.641185498;1.581568841;1.523369505;1.466641099;1.411392794;1.357641680;1.305419461;1.254757207;1.205680866;1.158208155;1.112349798;1.068110379;1.025490082;0.984523876;0.945579945;0.908217383;0.872418054;0.838163192;0.805433734;0.774210673;0.744475427;0.716210191;0.689398252;0.664024272;0.640074507;0.617536975;0.596401562;0.576660068;0.558306190;0.541335457;0.525745106;0.511533923;0.498702037;0.487250700;0.477182030;0.468498756;0.461203957;0.455300798;0.450792292;0.447681079;0.445969228;0.445658079;0.446748128;0.449238944;0.453129144;0.458416415;0.465097578;0.473168715;0.482625331;0.493462567;0.505675456;0.519259212;0.534209545;0.550523008;0.568197350;0.587231876;0.607627803;0.629388600;0.652520305;0.677031796;0.702935027;0.730245191;0.758980821;0.789163807;0.820819324;0.853975662;0.888663949;0.924917765;0.962772641;1.002265445;1.043433649;1.086314495;1.130944055;1.177356203;1.225581514;1.275646115;1.327570500;1.381368361;1.437045454;1.494663084;1.554370009;1.616009153;1.679490713;1.744707279;1.811538913;1.879859564;1.949544660;2.020479643;2.092569098;2.165745994;2.239979306;2.315256137;2.391583431;;;;;;;;;;;;;;;;;;;;;
-2.800;;;;;;;;;;;;;;;;;;;;;;;2.062922285;1.996353625;1.930766015;1.866220911;1.802788588;1.740543058;1.679558079;1.619904093;1.561645985;1.504841519;1.449516049;1.395681378;1.343372898;1.292623088;1.243457114;1.195891883;1.149936403;1.105593277;1.062860681;1.021734388;0.982434395;0.944856746;0.908842058;0.874374047;0.841435822;0.810010263;0.780080413;0.751629845;0.724642998;0.699105468;0.675004247;0.652327903;0.631066698;0.611212644;0.592759501;0.575702725;0.560039356;0.545767869;0.532887987;0.521400470;0.511306874;0.502609308;0.495310188;0.489411987;0.484917011;0.481827186;0.480143879;0.479867749;0.480998641;0.483535514;0.487476424;0.492818551;0.499558274;0.507691292;0.517212794;0.528117674;0.540400777;0.554057187;0.569082543;0.585473364;0.603227405;0.622343997;0.642824397;0.664672107;0.687893182;0.712496483;0.738493897;0.765900488;0.794734579;0.825017764;0.856774824;0.890033547;0.924824455;0.961180419;0.999136168;1.038727693;1.079991543;1.122964026;1.167680318;1.214173497;1.262473527;1.312606194;1.364592048;1.418445359;1.474173154;1.531776624;1.591341762;1.652824650;1.716150451;1.781228260;1.847955915;1.916226220;1.985934498;2.056987293;2.129311997;2.202867017;2.277630199;2.353585771;2.430765719;;;;;;;;;;;;;;;;;;;;;
-2.900;;;;;;;;;;;;;;;;;;;;;;;2.102552032;2.036119917;1.970633602;1.906156603;1.842761268;1.780523696;1.719519738;1.659821934;1.601497254;1.544605535;1.489189801;1.435260814;1.382856880;1.332013260;1.282755691;1.235099820;1.189052291;1.144612740;1.101776164;1.060535259;1.020911276;0.983097836;0.946846962;0.912145314;0.878978545;0.847331718;0.817189721;0.788537663;0.761361232;0.735647011;0.711382734;0.688557487;0.667161841;0.647187934;0.628629482;0.611481741;0.595741419;0.581406542;0.568476286;0.556950776;0.546830872;0.538117940;0.530813614;0.524919576;0.520437335;0.517368038;0.515712298;0.515470060;0.516640503;0.519221987;0.523212033;0.528607362;0.535403975;0.543597273;0.553182233;0.564153612;0.576506201;0.590235099;0.605336020;0.621805615;0.639641809;0.658844130;0.679414043;0.701355256;0.724674004;0.749379290;0.775483084;0.803000458;0.831949655;0.862352082;0.894232216;0.927617420;0.962537663;0.999025141;1.037113791;1.076838718;1.118235515;1.161339501;1.206184882;1.252803855;1.301225662;1.351475634;1.403574247;1.457536225;1.513279979;1.570812549;1.630293677;1.691681159;1.754917278;1.819927530;1.886627450;1.954928691;2.024746587;2.096009125;2.168667172;2.242700756;2.318073825;2.394791518;2.472912219;;;;;;;;;;;;;;;;;;;;;
-3.000;;;;;;;;;;;;;;;;;;;;;;;;2.077463991;2.012088539;1.947684788;1.884327915;1.822096783;1.761069943;1.701322566;1.642924185;1.585937124;1.530414613;1.476378241;1.423865620;1.372917581;1.323561678;1.275812697;1.229674630;1.185143380;1.142209715;1.100863143;1.061091265;1.022960313;0.986452837;0.951497309;0.918082354;0.886195554;0.855823902;0.826954230;0.799573600;0.773669648;0.749230868;0.726246841;0.704708393;0.684607697;0.665938314;0.648695176;0.632874519;0.618473773;0.605491412;0.593926785;0.583779909;0.575051267;0.567741592;0.561851660;0.557382091;0.554333170;0.552704698;0.552495866;0.553705173;0.556330375;0.560368484;0.565815806;0.572668025;0.580920328;0.590567577;0.601604513;0.614026002;0.627827300;0.643004354;0.659554108;0.677474826;0.696766407;0.717430698;0.739471784;0.762896248;0.787713395;0.813935432;0.841577577;0.870658115;0.901198376;0.933222620;0.966757853;1.001833537;1.038481212;1.076734023;1.116626158;1.158192200;1.201466401;1.246481897;1.293269874;1.341858710;1.392273120;1.444533330;1.498654336;1.554249878;1.611775090;1.671233157;1.732594894;1.795812424;1.860831070;1.927584009;1.996001362;2.066018205;2.137583896;2.210673037;2.285264090;2.361318812;2.438873137;;;;;;;;;;;;;;;;;;;;;;
-3.100;;;;;;;;;;;;;;;;;;;;;;;;2.120378023;2.055124918;1.990801140;1.927485512;1.865260399;1.804207707;1.744405820;1.685927345;1.628837540;1.573193330;1.519034775;1.466396807;1.415328705;1.365862135;1.318012144;1.271780290;1.227158335;1.184131853;1.142684069;1.102798464;1.064460984;1.027677276;0.992448399;0.958766209;0.926621200;0.896002770;0.866899698;0.839300573;0.813194176;0.788569798;0.765417504;0.743728327;0.723494394;0.704709004;0.687366635;0.671462909;0.656994508;0.643959053;0.632354952;0.622181232;0.613437350;0.606123001;0.600237935;0.595781776;0.592753865;0.591153120;0.590977932;0.592226090;0.594894747;0.598980419;0.604479036;0.611386024;0.619696437;0.629405118;0.640506908;0.652996874;0.666870577;0.682124348;0.698755590;0.716763074;0.736147244;0.756910502;0.779057481;0.802595281;0.827533670;0.853885235;0.881665479;0.910892849;0.941588694;0.973777141;1.007484894;1.042740936;1.079576159;1.118022889;1.158114347;1.199884023;1.243364993;1.288589183;1.335586603;1.384384575;1.435006983;1.487473573;1.541453115;1.597100454;1.654673173;1.714169543;1.775572399;1.838850354;1.903957982;1.970846673;2.039466109;2.109770378;2.181729661;2.255337293;2.330539953;2.407337389;2.485790491;;;;;;;;;;;;;;;;;;;;;;
-3.200;;;;;;;;;;;;;;;;;;;;;;;;2.164853811;2.099736608;2.035501234;1.972231045;1.910012701;1.848932174;1.789071689;1.730507478;1.673308213;1.617534030;1.563235195;1.510452901;1.459244306;1.409648724;1.361683517;1.315348747;1.270631032;1.227511270;1.185966518;1.145974131;1.107514472;1.070534668;1.035014364;1.001047028;0.968626511;0.937744971;0.908393402;0.880562108;0.854241136;0.829420636;0.806091168;0.784243932;0.763870940;0.744965127;0.727520392;0.711531601;0.696994535;0.683905799;0.672262704;0.662063125;0.653305339;0.645987864;0.640109296;0.635668148;0.632662720;0.631090973;0.630950442;0.632238172;0.634950700;0.639084060;0.644633835;0.651595251;0.659963298;0.669732897;0.680899097;0.693457297;0.707403500;0.722734576;0.739448543;0.757544851;0.777024656;0.797891089;0.820149499;0.843807663;0.868875966;0.895367520;0.923298238;0.952686839;0.983554780;1.015926119;1.049827295;1.085286830;1.122334944;1.161003096;1.201323457;1.243328309;1.287049401;1.332517266;1.379760523;1.428805194;1.479674055;1.532204312;1.586075194;1.641838290;1.699515012;1.759113167;1.820626796;1.884037178;1.949315234;2.016424422;2.085328655;2.156003162;2.228437844;2.302613124;2.378473977;2.456060870;;;;;;;;;;;;;;;;;;;;;;;
-3.300;;;;;;;;;;;;;;;;;;;;;;;;;2.145918254;2.081781495;2.018562390;1.956352756;1.895243393;1.835321049;1.776666172;1.719351369;1.663440428;1.608987839;1.556042197;1.504669030;1.454920255;1.406818838;1.360363593;1.315539785;1.272322208;1.230681215;1.190587119;1.152013588;1.114940014;1.079207732;1.044939097;1.012227251;0.981067527;0.951453451;0.923377277;0.896830474;0.871804143;0.848289370;0.826277510;0.805760402;0.786730523;0.769181079;0.753106040;0.738500134;0.725358790;0.713678057;0.703454494;0.694685044;0.687366897;0.681497356;0.677073708;0.674093105;0.672552467;0.672448410;0.673777197;0.676534725;0.680716550;0.686317938;0.693333956;0.701759603;0.711589964;0.722820402;0.735446770;0.749465647;0.764874590;0.781672390;0.799859334;0.819437457;0.840410781;0.862785534;0.886570326;0.911776302;0.938417230;0.966509549;0.996072342;1.027127247;1.059698299;1.093811692;1.129495467;1.166779126;1.205693182;1.246268632;1.288536394;1.332526694;1.378268437;1.425788580;1.475111531;1.526258619;1.578493861;1.632541404;1.688469830;1.746307563;1.806071030;1.867764317;1.931379979;1.996901300;2.064306248;2.133573449;2.204689346;2.277659827;2.352419770;2.428970157;2.507374946;;;;;;;;;;;;;;;;;;;;;;;
-3.400;;;;;;;;;;;;;;;;;;;;;;;;;2.193666547;2.129640399;2.066479452;2.004281605;1.943143318;1.883156586;1.824406719;1.766970812;1.710916787;1.656302931;1.603178887;1.551615767;1.501684859;1.453417992;1.406819344;1.361871952;1.318545782;1.276804385;1.236610406;1.197929849;1.160734507;1.124999839;1.090453465;1.057436562;1.025985363;0.996096306;0.967763879;0.940981177;0.915740379;0.892033164;0.869851051;0.849185668;0.830028961;0.812373335;0.796211737;0.781537693;0.768345298;0.756629175;0.746384405;0.737606431;0.730290966;0.724433880;0.720031103;0.717078532;0.715571954;0.715506993;0.716879081;0.719683453;0.723915178;0.729569223;0.736640541;0.745124196;0.755015521;0.766310289;0.779004922;0.793096706;0.808584021;0.825466580;0.843745662;0.863424334;0.884507669;0.907002917;0.930919669;0.956269959;0.983068328;1.011331835;1.041080005;1.072334707;1.105119972;1.139461737;1.175387517;1.212926016;1.252106672;1.292959147;1.335512789;1.379796048;1.425835906;1.473657319;1.523282700;1.574140131;1.626591844;1.680857578;1.737000488;1.795055061;1.855045090;1.916983144;1.980871215;2.046702843;2.114467070;2.184154574;2.255766370;2.329277598;2.404635414;2.481886328;;;;;;;;;;;;;;;;;;;;;;;;
-3.500;;;;;;;;;;;;;;;;;;;;;;;;;;2.179079969;2.115985574;2.053803601;1.992637056;1.932583971;1.873735208;1.816172947;1.759969763;1.705188173;1.651880590;1.600105778;1.549960375;1.501495321;1.454722463;1.409626241;1.366173363;1.324321139;1.284024348;1.245240627;1.207926456;1.172063112;1.137597325;1.104264417;1.072510822;1.042336339;1.013738040;0.986710900;0.961248353;0.937342773;0.914985883;0.894169095;0.874883770;0.857121422;0.840873859;0.826133268;0.812892260;0.801143872;0.790881541;0.782099055;0.774790491;0.768950142;0.764572450;0.761651940;0.760183171;0.760160697;0.761579063;0.764432804;0.768716497;0.774424815;0.781552629;0.790095125;0.800047951;0.811407384;0.824170519;0.838335466;0.853901561;0.870869574;0.889241919;0.909022841;0.930218599;0.952837609;0.976890564;1.002390500;1.029352828;1.057795304;1.087737941;1.119202862;1.152214085;1.186797242;1.222979239;1.260787854;1.300251281;1.341397633;1.384254416;1.428847997;1.475203068;1.523342166;1.572841585;1.623773821;1.676485419;1.731028351;1.787432752;1.845756422;1.906028867;1.968269129;2.032486275;2.098681434;2.166851785;2.236996925;2.309116578;2.383142657;2.459091828;2.537029449;;;;;;;;;;;;;;;;;;;;;;;;
-3.600;;;;;;;;;;;;;;;;;;;;;;;;;;;2.167089278;2.104928042;2.043734413;1.983613305;1.924661873;1.866968032;1.810609561;1.755653684;1.702157044;1.650166989;1.599777679;1.551077709;1.504093552;1.458815492;1.415209736;1.373228779;1.332819975;1.293925279;1.256503173;1.220524600;1.185968131;1.152717079;1.120653184;1.090185405;1.061313818;1.034035597;1.008345661;0.984237229;0.961702316;0.940732139;0.921317450;0.903448810;0.887116789;0.872312115;0.859025774;0.847249066;0.836973629;0.828191436;0.820894774;0.815076217;0.810728582;0.807844906;0.806418414;0.806442513;0.807910792;0.810817052;0.815155351;0.820920076;0.828106038;0.836708586;0.846723749;0.858148386;0.870980360;0.885218713;0.900863854;0.917917736;0.936384031;0.956268295;0.977578097;1.000323135;1.024515308;1.050168748;1.077299805;1.105926977;1.136070789;1.167753603;1.200999374;1.235833346;1.272281683;1.310371062;1.350128207;1.391579402;1.434749987;1.479663849;1.526342954;1.574486616;1.623977811;1.675196699;1.728199099;1.783038414;1.839763108;1.898401325;1.959002617;2.021589976;2.086176616;2.152767946;2.221365650;2.291974248;2.364547602;2.439062726;2.515569836;;;;;;;;;;;;;;;;;;;;;;;;;
-3.700;;;;;;;;;;;;;;;;;;;;;;;;;;;2.219806353;2.157671154;2.096451757;2.036260871;1.977202743;1.919371717;1.862851375;1.807714154;1.754021359;1.701823490;1.651175763;1.602204929;1.554968398;1.509468661;1.465675689;1.423539764;1.382997427;1.343985792;1.306459345;1.270376113;1.235706812;1.202435956;1.170418215;1.139652433;1.110502827;1.082969165;1.057048143;1.032734040;1.010019293;0.988894991;0.969351292;0.951377770;0.934963686;0.920098209;0.906770578;0.894970219;0.884686822;0.875910398;0.868631297;0.862840225;0.858528249;0.855686793;0.854307646;0.854382978;0.855905359;0.858867805;0.863263832;0.869087534;0.876333674;0.884997803;0.895076379;0.906566912;0.919468117;0.933780062;0.949504330;0.966644165;0.985204614;1.005192645;1.026617245;1.049489487;1.073822560;1.099631752;1.126934392;1.155749738;1.186098806;1.218004146;1.251489560;1.286579765;1.323300003;1.361675611;1.401731558;1.443491951;1.486979555;1.532215315;1.578985463;1.627094363;1.676885500;1.728413726;1.781734625;1.836901863;1.893964556;1.952964871;2.013927002;2.076887872;2.141861281;2.208852922;2.277864598;2.348878113;2.421843665;2.496794770;2.573794586;;;;;;;;;;;;;;;;;;;;;;;;;
-3.800;;;;;;;;;;;;;;;;;;;;;;;;;;;;2.212058439;2.150814244;2.090551234;2.031381609;1.973406890;1.916717108;1.861390461;1.807493371;1.755080860;1.704197156;1.654927257;1.607397343;1.561631510;1.517609673;1.475282263;1.434577577;1.395438142;1.357802973;1.321620673;1.286853015;1.253476772;1.221484073;1.190743067;1.161313910;1.133523134;1.107369587;1.082848882;1.059954072;1.038676240;1.019005010;1.000928972;0.984436043;0.969513762;0.956149521;0.944330754;0.934045077;0.925280396;0.918024986;0.912267555;0.907997283;0.905203868;0.903877560;0.904009201;0.905590273;0.908612954;0.913070185;0.918955753;0.926264385;0.934991850;0.945135080;0.956692294;0.969663123;0.984048742;0.999851995;1.017077507;1.035731788;1.055823308;1.077362552;1.100362034;1.124836284;1.150801777;1.178276830;1.207281432;1.237837033;1.269966271;1.303692652;1.339040175;1.376032914;1.414694570;1.455047990;1.497114684;1.540914345;1.586285545;1.633051048;1.681460792;1.731567313;1.783423960;1.837084965;1.892602695;1.950024870;2.009391988;2.070735249;2.134070597;2.199416952;2.266775543;2.336137941;2.407455323;2.480740303;2.556040441;;;;;;;;;;;;;;;;;;;;;;;;;;
-3.900;;;;;;;;;;;;;;;;;;;;;;;;;;;;2.268127459;2.206858446;2.146519724;2.087232367;2.029105881;1.972237436;1.916711586;1.862600370;1.809963735;1.758850200;1.709300215;1.661442358;1.615365491;1.571068040;1.528500406;1.487605610;1.448314382;1.410557779;1.374274945;1.339417943;1.305954542;1.273860741;1.243142518;1.213752881;1.185706430;1.159321486;1.134595354;1.111521969;1.090092593;1.070296426;1.052121133;1.035553293;1.020578777;1.007183066;0.995351511;0.985069542;0.976322845;0.969097496;0.963380076;0.959157763;0.956418416;0.955150643;0.955343873;0.956988427;0.960075590;0.964597693;0.970548196;0.977921783;0.986714461;0.996923664;1.008548360;1.021589154;1.036048387;1.051930232;1.069240765;1.087988027;1.108182051;1.129834870;1.152960479;1.177574765;1.203695388;1.231341610;1.260534087;1.291294594;1.323645705;1.357610428;1.393211789;1.430472384;1.469413898;1.510056616;1.552418935;1.596357758;1.641798094;1.688865123;1.737585241;1.788018605;1.840215998;1.894228786;1.950106027;2.007891502;2.067620926;2.129319668;2.193001370;2.258666835;2.326311400;2.395898262;2.467422540;2.540918326;;;;;;;;;;;;;;;;;;;;;;;;;;;
-4.000;;;;;;;;;;;;;;;;;;;;;;;;;;;;;2.264635428;2.204215342;2.144801762;2.086513039;2.029454234;1.973716894;1.919379213;1.866506511;1.815151953;1.765357450;1.717171089;1.670744181;1.626118772;1.583269269;1.542141791;1.502665313;1.464764982;1.428371239;1.393426213;1.359885873;1.327712407;1.296920370;1.267520946;1.239525237;1.212912907;1.187984837;1.164736192;1.143158674;1.123241240;1.104970744;1.088332483;1.073310673;1.059888857;1.048050245;1.037778006;1.029055508;1.021866524;1.016195404;1.012027216;1.009347877;1.008144261;1.008404301;1.010117087;1.013272958;1.017863591;1.023882095;1.031323104;1.040182866;1.050459337;1.062152260;1.075263252;1.089795867;1.105755653;1.123150182;1.141989068;1.162283942;1.184048404;1.207297932;1.232049751;1.258322653;1.286136772;1.315513305;1.346474189;1.379041724;1.413238154;1.449085205;1.486603603;1.525812561;1.566729267;1.609248895;1.653342388;1.699053985;1.746414741;1.795458375;1.846222563;1.898762128;1.953123619;2.009350292;2.067478907;2.127536701;2.189538868;2.253486992;2.319368951;2.387157576;2.456841503;2.528442460;2.601999208;;;;;;;;;;;;;;;;;;;;;;;;;;;
-4.100;;;;;;;;;;;;;;;;;;;;;;;;;;;;;;2.263704143;2.204152579;2.145687750;2.088423412;2.032458793;1.977878825;1.924754685;1.873144578;1.823094701;1.774640328;1.727845747;1.682853346;1.639673221;1.598264475;1.558560514;1.520484096;1.483958820;1.448917450;1.415294317;1.383065096;1.352222962;1.322771726;1.294730770;1.268132235;1.243026483;1.219607810;1.197886962;1.177852919;1.159491907;1.142788062;1.127724013;1.114281385;1.102441236;1.092184430;1.083491959;1.076345217;1.070726236;1.066617889;1.064004064;1.062869819;1.063201518;1.064986955;1.068215468;1.072878042;1.078967408;1.086478134;1.095406705;1.105751602;1.117513366;1.130694643;1.145300226;1.161337060;1.178814239;1.197742961;1.218136456;1.240009879;1.263380153;1.288265777;1.314686582;1.342663437;1.372217909;1.403371871;1.436147068;1.470564639;1.506644611;1.544405360;1.583863874;1.624986373;1.667713232;1.712058668;1.758044109;1.805697711;1.855053243;1.906144070;1.959011254;2.013697890;2.070238421;2.128658951;2.188973928;2.251183361;2.315271055;2.381207998;2.448985686;2.518615021;2.590119367;;;;;;;;;;;;;;;;;;;;;;;;;;;;
-4.200;;;;;;;;;;;;;;;;;;;;;;;;;;;;;;;2.265367330;2.206707916;2.149218196;2.093005824;2.038163097;1.984767576;1.932882934;1.882559994;1.833837884;1.786745269;1.741361950;1.697807228;1.656066850;1.616086644;1.577792395;1.541104206;1.505942274;1.472235349;1.439955510;1.409078786;1.379599816;1.351530442;1.324897198;1.299738414;1.276145896;1.254287901;1.234142762;1.215696348;1.198931832;1.183830388;1.170371806;1.158535032;1.148298631;1.139641198;1.132541707;1.126979822;1.122936156;1.120392504;1.119332044;1.119739510;1.121601345;1.124905840;1.129643250;1.135805899;1.143388268;1.152387072;1.162801315;1.174632331;1.187883808;1.202561776;1.218674585;1.236232841;1.255249311;1.275738793;1.297717940;1.321205043;1.346219766;1.372782831;1.400915653;1.430639928;1.461977174;1.494948229;1.529572707;1.565868439;1.603891465;1.643601911;1.684934514;1.727893879;1.772492159;1.818747827;1.866685079;1.916332588;1.967721591;2.020880874;2.075842182;2.132628509;2.191251091;2.251706658;2.313974356;2.378019145;2.443836929;2.511430499;2.580808801;;;;;;;;;;;;;;;;;;;;;;;;;;;;;
-4.300;;;;;;;;;;;;;;;;;;;;;;;;;;;;;;;2.328552479;2.269673959;2.211932912;2.155446223;2.100314237;2.046621466;1.994437519;1.943818223;1.894806846;1.847435412;1.801726034;1.757768174;1.715650922;1.675343520;1.636782627;1.599890108;1.564572047;1.530769605;1.498432730;1.467526382;1.438034559;1.409959638;1.383320355;1.358149885;1.334498147;1.312411986;1.292120190;1.273593651;1.256773116;1.241638519;1.228167971;1.216338408;1.206126159;1.197507453;1.190458849;1.184957625;1.180982110;1.178511968;1.177528456;1.178014634;1.179955557;1.183338432;1.188152751;1.194390407;1.202045774;1.211115779;1.221599937;1.233500370;1.246821788;1.261571450;1.277759085;1.295396778;1.314498817;1.335081496;1.357162875;1.380762487;1.405900997;1.432599814;1.460880649;1.490765021;1.522273725;1.555426255;1.590258059;1.626869243;1.665128367;1.705031966;1.746580106;1.789771690;1.834615904;1.881127118;1.929324125;1.979228680;2.030863334;2.084248616;2.139400393;2.196324752;2.255013290;2.315439485;2.377560606;2.441375313;2.506880276;2.574070545;;;;;;;;;;;;;;;;;;;;;;;;;;;;;;
-4.400;;;;;;;;;;;;;;;;;;;;;;;;;;;;;;;;2.334713376;2.276687297;2.219891997;2.164436608;2.110413210;2.057897863;2.006951802;1.957622761;1.909946359;1.863947519;1.819642076;1.777118103;1.736437449;1.697558508;1.660407202;1.624900322;1.590971376;1.558558238;1.527614842;1.498113647;1.470045998;1.443420076;1.418264220;1.394620217;1.372530233;1.352039355;1.333191897;1.316319213;1.301154641;1.287674732;1.275854593;1.265668451;1.257090256;1.250094214;1.244655252;1.240749424;1.238354266;1.237449101;1.238015304;1.240036517;1.243498843;1.248390994;1.254704407;1.262433336;1.271574900;1.282129107;1.294098842;1.307489815;1.322310476;1.338571885;1.356287546;1.375473182;1.396146478;1.418326758;1.442034623;1.467291524;1.494119293;1.522539613;1.552573447;1.584240418;1.617680060;1.652800716;1.689588540;1.728036969;1.768140826;1.809900461;1.853314109;1.898384287;1.945119761;1.993532096;2.043633908;2.095436385;2.148946086;2.204161767;2.261069845;2.319635043;2.379806612;2.441583790;2.504957089;2.569907842;2.636423625;;;;;;;;;;;;;;;;;;;;;;;;;;;;;;
-4.500;;;;;;;;;;;;;;;;;;;;;;;;;;;;;;;;;2.343631403;2.286483559;2.230661105;2.176264362;2.123376393;2.072064298;2.022380629;1.974364867;1.928044936;1.883438700;1.840555753;1.799471227;1.760227537;1.722766862;1.687024409;1.652926571;1.620404915;1.589403566;1.559883410;1.531823793;1.505220538;1.480095976;1.456479893;1.434408222;1.413921830;1.395062765;1.377872107;1.362406107;1.348894607;1.337083857;1.326923331;1.318384867;1.311440440;1.306062718;1.302225547;1.299904380;1.299076635;1.299722013;1.301822756;1.305363865;1.310333262;1.316721927;1.324523975;1.333736703;1.344360588;1.356399249;1.369859352;1.384750485;1.401084970;1.418877632;1.438145514;1.458907541;1.481184117;1.504996682;1.530367196;1.557317582;1.585869765;1.616115695;1.648052854;1.681676293;1.716980604;1.753958469;1.792601981;1.832903854;1.874858547;1.918468717;1.963726133;2.010632122;2.059188849;2.109397223;2.161254012;2.214748204;2.269856733;2.326540452;2.384740056;2.444452291;2.505659128;2.568328111;2.632429960;;;;;;;;;;;;;;;;;;;;;;;;;;;;;;;
-4.600;;;;;;;;;;;;;;;;;;;;;;;;;;;;;;;;;;2.355394975;2.299150112;2.244325846;2.191012846;2.139284571;2.089198782;2.040799126;1.994116742;1.949171855;1.905975331;1.864530240;1.824888944;1.787077727;1.751046752;1.716729071;1.684054809;1.652961094;1.623398422;1.595333768;1.568751238;1.543662784;1.520085438;1.498046704;1.477581009;1.458726004;1.441526693;1.426026363;1.412233930;1.400164120;1.389885951;1.381383128;1.374486007;1.369165158;1.365392348;1.363141043;1.362386836;1.363107813;1.365284857;1.368901892;1.373946076;1.380407934;1.388281445;1.397564068;1.408256729;1.420363739;1.433892671;1.448854176;1.465261740;1.483131391;1.502481336;1.523331545;1.545703270;1.569618504;1.595071157;1.622152669;1.650907974;1.681345864;1.713476764;1.747295580;1.782795108;1.819966008;1.858797690;1.899279358;1.941400802;1.985156273;2.030537761;2.077532435;2.126130622;2.176318671;2.228075583;2.281368863;2.336149686;2.392355660;2.449981089;2.508993510;2.569346430;2.630993784;;;;;;;;;;;;;;;;;;;;;;;;;;;;;;;;
-4.700;;;;;;;;;;;;;;;;;;;;;;;;;;;;;;;;;;;2.370103097;2.314783242;2.260979243;2.208771457;2.158223288;2.109382883;2.062284843;2.016951921;1.973396676;1.931623055;1.891627898;1.853434870;1.817067046;1.782475192;1.749595452;1.718362845;1.688720305;1.660622292;1.634045944;1.608985747;1.585446966;1.563446739;1.543010942;1.524170711;1.506972519;1.491445276;1.477603690;1.465463814;1.455033282;1.446310536;1.439287052;1.433944079;1.430227297;1.428037866;1.427349690;1.428139347;1.430386447;1.434073906;1.439188163;1.445719320;1.453661234;1.463011526;1.473771547;1.485946262;1.499544087;1.514576646;1.531058474;1.549006645;1.568440339;1.589253599;1.611628252;1.635622060;1.661258987;1.688557408;1.717529784;1.748182668;1.780520734;1.814542145;1.850234837;1.887585961;1.926580724;1.967203235;2.009437058;2.053265332;2.098677161;2.145645981;2.194146539;2.244147599;2.295606887;2.348466336;2.402662138;2.458183236;2.514978924;2.572988312;2.632148449;;;;;;;;;;;;;;;;;;;;;;;;;;;;;;;;;
-4.800;;;;;;;;;;;;;;;;;;;;;;;;;;;;;;;;;;;;2.387862720;2.333485496;2.280719053;2.229632917;2.180280108;2.132698966;2.086914968;2.042942480;2.000786453;1.960444018;1.921905974;1.885171687;1.850256092;1.817114601;1.785687680;1.755915673;1.727744723;1.701143046;1.676089538;1.652576813;1.630610178;1.610205133;1.591384304;1.574192740;1.558644371;1.544757734;1.532548890;1.522027111;1.513193852;1.506046636;1.500567528;1.496719463;1.494472903;1.493794781;1.494650288;1.497004739;1.500789692;1.506000984;1.512606594;1.520612295;1.530020984;1.540801411;1.552942754;1.566481856;1.581458972;1.597902242;1.615842372;1.635311080;1.656336500;1.678938068;1.703165057;1.729037960;1.756571602;1.785774794;1.816650314;1.849195969;1.883410483;1.919275502;1.956773093;1.995882649;2.036581514;2.078845261;2.122647486;2.167961007;2.214754099;2.262980061;2.312587046;2.363507991;2.415683215;2.469085924;2.523647271;2.579291567;2.635938752;;;;;;;;;;;;;;;;;;;;;;;;;;;;;;;;;;
-4.900;;;;;;;;;;;;;;;;;;;;;;;;;;;;;;;;;;;;;2.408785681;2.355362639;2.303644723;2.253690237;2.205541578;2.159227167;2.114763324;2.072156072;2.031402839;1.992494049;1.955414596;1.920147986;1.886693357;1.855013301;1.825052615;1.796757338;1.770084861;1.745002328;1.721489830;1.699540103;1.679156943;1.660355021;1.643168002;1.627601883;1.613674317;1.601399877;1.590788241;1.581842932;1.574567046;1.568944012;1.564944585;1.562545005;1.561718111;1.562434886;1.564666101;1.568353709;1.573493006;1.580066530;1.588062726;1.597476481;1.608309316;1.620545209;1.634205492;1.649332283;1.665950978;1.684088978;1.703774223;1.725033728;1.747879773;1.772352984;1.798471455;1.826244968;1.855677157;1.886765467;1.919501388;1.953876311;1.989869585;2.027454760;2.066603849;2.107285816;2.149466546;2.193108267;2.238168295;2.284599667;2.332338347;2.381307979;2.431457418;2.482730655;2.535044184;2.588307095;;;;;;;;;;;;;;;;;;;;;;;;;;;;;;;;;;;;
-5.000;;;;;;;;;;;;;;;;;;;;;;;;;;;;;;;;;;;;;;2.432985293;2.380520278;2.329854047;2.281033406;2.234089974;2.189042194;2.145897253;2.104652901;2.065299154;2.027819866;1.992194166;1.958397765;1.926410635;1.896200091;1.867717975;1.840916891;1.815755834;1.792203882;1.770241509;1.749860234;1.731067040;1.713876499;1.698292357;1.684327032;1.671992015;1.661295970;1.652243301;1.644841728;1.639075533;1.634923207;1.632366709;1.631384938;1.631954997;1.634053587;1.637634752;1.642693145;1.649215024;1.657191639;1.666619715;1.677501596;1.689830051;1.703614306;1.718895323;1.735695245;1.754037489;1.773945364;1.795440707;1.818536067;1.843255221;1.869613459;1.897614083;1.927254075;1.958524066;1.991408535;2.025888083;2.061939396;2.099525870;2.138610779;2.179153328;2.221108286;2.264424985;2.309045584;2.354902560;2.401918988;2.450036591;2.499172156;2.549228297;2.600098504;;;;;;;;;;;;;;;;;;;;;;;;;;;;;;;;;;;;;
-5.100;;;;;;;;;;;;;;;;;;;;;;;;;;;;;;;;;;;;;;;;2.409060208;2.359439597;2.311745905;2.265999896;2.222210037;2.180374442;2.140482695;2.102517534;2.066456394;2.032272805;1.999937640;1.969420020;1.940684291;1.913687542;1.888386012;1.864741110;1.842722781;1.822310776;1.803502378;1.786294645;1.770686687;1.756684112;1.744293722;1.733521625;1.724371703;1.716854802;1.710955569;1.706659629;1.703954229;1.702824101;1.703252427;1.705221933;1.708699567;1.713679368;1.720151568;1.728110455;1.737554753;1.748487707;1.760909157;1.774820708;1.790258784;1.807241695;1.825788138;1.845915929;1.867640733;1.890972573;1.915921189;1.942495115;1.970689873;2.000494500;2.031891536;2.064857207;2.099361756;2.135373879;2.172848778;2.211739462;2.251994477;2.293556556;2.336361175;2.380334290;2.425402282;2.471483130;2.518475998;2.566269255;2.614740460;;;;;;;;;;;;;;;;;;;;;;;;;;;;;;;;;;;;;;
-5.200;;;;;;;;;;;;;;;;;;;;;;;;;;;;;;;;;;;;;;;;;2.441076574;2.392484988;2.345901107;2.301334823;2.258784675;2.218239809;2.179681779;2.143086203;2.108424274;2.075664102;2.044771910;2.015713076;1.988449080;1.962935196;1.939130752;1.916998785;1.896509254;1.877648542;1.860399195;1.844753445;1.830708817;1.818265922;1.807426735;1.798193072;1.790576781;1.784562573;1.780142004;1.777306776;1.776046820;1.776350927;1.778207537;1.781596246;1.786510684;1.792944971;1.800896347;1.810365419;1.821356162;1.833872940;1.847914430;1.863509277;1.880671313;1.899413775;1.919748139;1.941682977;1.965222684;1.990366305;2.017112069;2.045446698;2.075350316;2.106796468;2.139752312;2.174178894;2.210032348;2.247261616;2.285809084;2.325612490;2.366602452;2.408701804;2.451823611;2.495865959;2.540714944;2.586244415;2.632315743;;;;;;;;;;;;;;;;;;;;;;;;;;;;;;;;;;;;;;;
-5.300;;;;;;;;;;;;;;;;;;;;;;;;;;;;;;;;;;;;;;;;;;2.476651902;2.429061083;2.383558655;2.340143673;2.298804850;2.259522499;2.222270311;2.187016971;2.153727621;2.122365148;2.092891326;2.065267791;2.039456878;2.015414767;1.993096827;1.972467873;1.953501414;1.936172068;1.920462757;1.906362146;1.893863446;1.882963019;1.873659012;1.865961562;1.859855434;1.855336257;1.852398965;1.851037616;1.851245704;1.853016622;1.856341189;1.861213002;1.867629609;1.875590770;1.885098554;1.896157237;1.908772774;1.922944798;1.938691664;1.956022060;1.974943050;1.995459024;2.017570689;2.041274150;2.066560533;2.093415318;2.121815941;2.151733156;2.183131205;2.215968012;2.250195430;2.285759406;2.322599674;2.360650643;2.399838599;2.440072042;2.481248956;2.523255344;2.565964073;2.609234298;;;;;;;;;;;;;;;;;;;;;;;;;;;;;;;;;;;;;;;;;
-5.400;;;;;;;;;;;;;;;;;;;;;;;;;;;;;;;;;;;;;;;;;;;;2.469222200;2.424760894;2.382457483;2.342290994;2.304233078;2.268249755;2.234302986;2.202352072;2.172354895;2.144268984;2.118052439;2.093664697;2.071067161;2.050217497;2.031075377;2.013609659;1.997794484;1.983609665;1.971040303;1.960075951;1.950710546;1.942946455;1.936771676;1.932182464;1.929175390;1.927747154;1.927894597;1.929614843;1.932907340;1.937766145;1.944191375;1.952184526;1.961748405;1.972886891;1.985604536;1.999904622;2.015793376;2.033273928;2.052346571;2.073008049;2.095250700;2.119061695;2.144422983;2.171309246;2.199688052;2.229521098;2.260763857;2.293365809;2.327270657;2.362416414;2.398732376;2.436126803;2.474499466;2.513738067;2.553716649;2.594294788;2.635316865;;;;;;;;;;;;;;;;;;;;;;;;;;;;;;;;;;;;;;;;;;
-5.500;;;;;;;;;;;;;;;;;;;;;;;;;;;;;;;;;;;;;;;;;;;;;;2.469529431;2.428286248;2.389242361;2.352360964;2.317600623;2.284916794;2.254263169;2.225592840;2.198859314;2.174017357;2.151023699;2.129837598;2.110421276;2.092739022;2.076753126;2.062434831;2.049761217;2.038714336;2.029281956;2.021457712;2.015230880;2.010596173;2.007549889;2.006089517;2.006213469;2.007920937;2.011216366;2.016094736;2.022557500;2.030606769;2.040245063;2.051474941;2.064298518;2.078718950;2.094734106;2.112339995;2.131529769;2.152292294;2.174611455;2.198465582;2.223827160;2.250661721;2.278928250;2.308580754;2.339567651;2.371831984;2.405301718;2.439889797;2.475500098;2.512023567;2.549337228;2.587303219;2.625767850;;;;;;;;;;;;;;;;;;;;;;;;;;;;;;;;;;;;;;;;;;;;
-5.600;;;;;;;;;;;;;;;;;;;;;;;;;;;;;;;;;;;;;;;;;;;;;;;2.517861882;2.477615982;2.439634419;2.403872150;2.370280519;2.338808716;2.309405049;2.282018047;2.256597400;2.233094733;2.211464244;2.191663198;2.173652295;2.157395928;2.142862329;2.130022666;2.118849124;2.109321441;2.101424866;2.095146663;2.090478028;2.087412885;2.085947360;2.086079313;2.087807948;2.091138365;2.096066649;2.102594022;2.110721794;2.120450944;2.131781619;2.144712566;2.159243078;2.175365443;2.193068229;2.212337467;2.233154413;2.255495043;2.279329688;2.304622805;2.331332550;2.359412504;2.388806726;2.419445018;2.451247713;2.484123269;2.517967223;2.552661128;2.588071470;2.624048594;;;;;;;;;;;;;;;;;;;;;;;;;;;;;;;;;;;;;;;;;;;;;;
-5.700;;;;;;;;;;;;;;;;;;;;;;;;;;;;;;;;;;;;;;;;;;;;;;;;;2.530406045;2.493416513;2.458707209;2.426222493;2.395905522;2.367699442;2.341548428;2.317398535;2.295198412;2.274899858;2.256458244;2.239832815;2.224986875;2.211887867;2.200507364;2.190820981;2.182808201;2.176451554;2.171736112;2.168651255;2.167189443;2.167345624;2.169116672;2.172503855;2.177503852;2.184115844;2.192338731;2.202170553;2.213607886;2.226645202;2.241275526;2.257486380;2.275260214;2.294576558;2.315410064;2.337730226;2.361500994;2.386677788;2.413206511;2.441023450;2.470054273;2.500212985;2.531400835;2.563505193;2.596398389;2.629936532;;;;;;;;;;;;;;;;;;;;;;;;;;;;;;;;;;;;;;;;;;;;;;;;
-5.800;;;;;;;;;;;;;;;;;;;;;;;;;;;;;;;;;;;;;;;;;;;;;;;;;;;;2.516779594;2.485333665;2.456109370;2.429044895;2.404080227;2.381157933;2.360223788;2.341227257;2.324121840;2.308865295;2.295419747;2.283751700;2.273831950;2.265635426;2.259140945;2.254330919;2.251190992;2.249709634;2.249877690;2.251687893;2.255134337;2.260211925;2.266915782;2.275240649;2.285180240;2.296726580;2.309869314;2.324594981;2.340886268;2.358721216;2.378072406;2.398906089;2.421181294;2.444848871;2.469850508;2.496117686;2.523570595;2.552117000;2.581651063;2.612052121;2.643183431;;;;;;;;;;;;;;;;;;;;;;;;;;;;;;;;;;;;;;;;;;;;;;;;;;
-5.900;;;;;;;;;;;;;;;;;;;;;;;;;;;;;;;;;;;;;;;;;;;;;;;;;;;;;;2.547494059;2.519296919;2.493316122;2.469487578;2.447750432;2.428047607;2.410326196;2.394537729;2.380638306;2.368588632;2.358353940;2.349903825;2.343212000;2.338255972;2.335016659;2.333477945;2.333626183;2.335449650;2.338937964;2.344081454;2.350870507;2.359294861;2.369342883;2.381000805;2.394251924;2.409075771;2.425447245;2.443335700;2.462704005;2.483507548;2.505693204;2.529198251;2.553949241;2.579860820;2.606834502;2.634757393;;;;;;;;;;;;;;;;;;;;;;;;;;;;;;;;;;;;;;;;;;;;;;;;;;;;;
-6.000;;;;;;;;;;;;;;;;;;;;;;;;;;;;;;;;;;;;;;;;;;;;;;;;;;;;;;;;;2.560363346;2.537621957;2.517030012;2.498527473;2.482058880;2.467573529;2.455025510;2.444373652;2.435581350;2.428616310;2.423450211;2.420058279;2.418418813;2.418512633;2.420322477;2.423832356;2.429026842;2.435890334;2.444406265;2.454556273;2.466319338;2.479670867;2.494581749;2.511017356;2.528936514;2.548290416;2.569021496;2.591062249;2.614334009;2.638745664;;;;;;;;;;;;;;;;;;;;;;;;;;;;;;;;;;;;;;;;;;;;;;;;;;;;;;;;
-6.100;;;;;;;;;;;;;;;;;;;;;;;;;;;;;;;;;;;;;;;;;;;;;;;;;;;;;;;;;;;;;2.571500754;2.556268634;2.543079067;2.531883538;2.522638269;2.515303954;2.509845388;2.506231027;2.504432449;2.504423765;2.506180947;2.509681112;2.514901731;2.521819805;2.530410973;2.540648585;2.552502716;2.565939141;2.580918256;2.597393956;2.615312457;2.634611075;;;;;;;;;;;;;;;;;;;;;;;;;;;;;;;;;;;;;;;;;;;;;;;;;;;;;;;;;;;;
-6.200;;;;;;;;;;;;;;;;;;;;;;;;;;;;;;;;;;;;;;;;;;;;;;;;;;;;;;;;;;;;;;;;;;;;;2.591409043;2.591233359;2.592883918;2.596329489;2.601538928;2.608480240;2.617119600;;;;;;;;;;;;;;;;;;;;;;;;;;;;;;;;;;;;;;;;;;;;;;;;;;;;;;;;;;;;;;;;;;;
-6.300;;;;;;;;;;;;;;;;;;;;;;;;;;;;;;;;;;;;;;;;;;;;;;;;;;;;;;;;;;;;;;;;;;;;;;;;;;;;;;;;;;;;;;;;;;;;;;;;;;;;;;;;;;;;;;;;;;;;;;;;;;;;;;;;;;;;;;;;;;;;;;
-6.400;;;;;;;;;;;;;;;;;;;;;;;;;;;;;;;;;;;;;;;;;;;;;;;;;;;;;;;;;;;;;;;;;;;;;;;;;;;;;;;;;;;;;;;;;;;;;;;;;;;;;;;;;;;;;;;;;;;;;;;;;;;;;;;;;;;;;;;;;;;;;;
-6.500;;;;;;;;;;;;;;;;;;;;;;;;;;;;;;;;;;;;;;;;;;;;;;;;;;;;;;;;;;;;;;;;;;;;;;;;;;;;;;;;;;;;;;;;;;;;;;;;;;;;;;;;;;;;;;;;;;;;;;;;;;;;;;;;;;;;;;;;;;;;;;
-6.600;;;;;;;;;;;;;;;;;;;;;;;;;;;;;;;;;;;;;;;;;;;;;;;;;;;;;;;;;;;;;;;;;;;;;;;;;;;;;;;;;;;;;;;;;;;;;;;;;;;;;;;;;;;;;;;;;;;;;;;;;;;;;;;;;;;;;;;;;;;;;;
-6.700;;;;;;;;;;;;;;;;;;;;;;;;;;;;;;;;;;;;;;;;;;;;;;;;;;;;;;;;;;;;;;;;;;;;;;;;;;;;;;;;;;;;;;;;;;;;;;;;;;;;;;;;;;;;;;;;;;;;;;;;;;;;;;;;;;;;;;;;;;;;;;
-6.800;;;;;;;;;;;;;;;;;;;;;;;;;;;;;;;;;;;;;;;;;;;;;;;;;;;;;;;;;;;;;;;;;;;;;;;;;;;;;;;;;;;;;;;;;;;;;;;;;;;;;;;;;;;;;;;;;;;;;;;;;;;;;;;;;;;;;;;;;;;;;;
-6.900;;;;;;;;;;;;;;;;;;;;;;;;;;;;;;;;;;;;;;;;;;;;;;;;;;;;;;;;;;;;;;;;;;;;;;;;;;;;;;;;;;;;;;;;;;;;;;;;;;;;;;;;;;;;;;;;;;;;;;;;;;;;;;;;;;;;;;;;;;;;;;
-7.000;;;;;;;;;;;;;;;;;;;;;;;;;;;;;;;;;;;;;;;;;;;;;;;;;;;;;;;;;;;;;;;;;;;;;;;;;;;;;;;;;;;;;;;;;;;;;;;;;;;;;;;;;;;;;;;;;;;;;;;;;;;;;;;;;;;;;;;;;;;;;;
BACK [mm];-7.000;-6.900;-6.800;-6.700;-6.600;-6.500;-6.400;-6.300;-6.200;-6.100;-6.000;-5.900;-5.800;-5.700;-5.600;-5.500;-5.400;-5.300;-5.200;-5.100;-5.000;-4.900;-4.800;-4.700;-4.600;-4.500;-4.400;-4.300;-4.200;-4.100;-4.000;-3.900;-3.800;-3.700;-3.600;-3.500;-3.400;-3.300;-3.200;-3.100;-3.000;-2.900;-2.800;-2.700;-2.600;-2.500;-2.400;-2.300;-2.200;-2.100;-2.000;-1.900;-1.800;-1.700;-1.600;-1.500;-1.400;-1.300;-1.200;-1.100;-1.000;-0.900;-0.800;-0.700;-0.600;-0.500;-0.400;-0.300;-0.200;-0.100;0.000;0.100;0.200;0.300;0.400;0.500;0.600;0.700;0.800;0.900;1.000;1.100;1.200;1.300;1.400;1.500;1.600;1.700;1.800;1.900;2.000;2.100;2.200;2.300;2.400;2.500;2.600;2.700;2.800;2.900;3.000;3.100;3.200;3.300;3.400;3.500;3.600;3.700;3.800;3.900;4.000;4.100;4.200;4.300;4.400;4.500;4.600;4.700;4.800;4.900;5.000;5.100;5.200;5.300;5.400;5.500;5.600;5.700;5.800;5.900;6.000;6.100;6.200;6.300;6.400;6.500;6.600;6.700;6.800;6.900;7.000;
7.000;;;;;;;;;;;;;;;;;;;;;;;;;;;;;;;;;;;;;;;;;;;;;;;;;;;;;;;;;;;;;;;;;;;;;;;;;;;;;;;;;;;;;;;;;;;;;;;;;;;;;;;;;;;;;;;;;;;;;;;;;;;;;;;;;;;;;;;;;;;;;;
6.900;;;;;;;;;;;;;;;;;;;;;;;;;;;;;;;;;;;;;;;;;;;;;;;;;;;;;;;;;;;;;;;;;;;;;;;;;;;;;;;;;;;;;;;;;;;;;;;;;;;;;;;;;;;;;;;;;;;;;;;;;;;;;;;;;;;;;;;;;;;;;;
6.800;;;;;;;;;;;;;;;;;;;;;;;;;;;;;;;;;;;;;;;;;;;;;;;;;;;;;;;;;;;;;;;;;;;;;;;;;;;;;;;;;;;;;;;;;;;;;;;;;;;;;;;;;;;;;;;;;;;;;;;;;;;;;;;;;;;;;;;;;;;;;;
6.700;;;;;;;;;;;;;;;;;;;;;;;;;;;;;;;;;;;;;;;;;;;;;;;;;;;;;;;;;;;;;;;;;;;;;;;;;;;;;;;;;;;;;;;;;;;;;;;;;;;;;;;;;;;;;;;;;;;;;;;;;;;;;;;;;;;;;;;;;;;;;;
6.600;;;;;;;;;;;;;;;;;;;;;;;;;;;;;;;;;;;;;;;;;;;;;;;;;;;;;;;;;;;;;;;;;;;;;;;;;;;;;;;;;;;;;;;;;;;;;;;;;;;;;;;;;;;;;;;;;;;;;;;;;;;;;;;;;;;;;;;;;;;;;;
6.500;;;;;;;;;;;;;;;;;;;;;;;;;;;;;;;;;;;;;;;;;;;;;;;;;;;;;;;;;;;;;;;;;;;;;;;;;;;;;;;;;;;;;;;;;;;;;;;;;;;;;;;;;;;;;;;;;;;;;;;;;;;;;;;;;;;;;;;;;;;;;;
6.400;;;;;;;;;;;;;;;;;;;;;;;;;;;;;;;;;;;;;;;;;;;;;;;;;;;;;;;;;;;;;;;;;;;;;;;;;;;;;;;;;;;;;;;;;;;;;;;;;;;;;;;;;;;;;;;;;;;;;;;;;;;;;;;;;;;;;;;;;;;;;;
6.300;;;;;;;;;;;;;;;;;;;;;;;;;;;;;;;;;;;;;;;;;;;;;;;;;;;;;;;;;;;;;;;;;;;;;;;;;;;;;;;;;;;;;;;;;;;;;;;;;;;;;;;;;;;;;;;;;;;;;;;;;;;;;;;;;;;;;;;;;;;;;;
6.200;;;;;;;;;;;;;;;;;;;;;;;;;;;;;;;;;;;;;;;;;;;;;;;;;;;;;;;;;;;;;;;;;;;;;;;;;;;;;;;;;;;;;;;;;;;;;;;;;;;;;;;;;;;;;;;;;;;;;;;;;;;;;;;;;;;;;;;;;;;;;;
6.100;;;;;;;;;;;;;;;;;;;;;;;;;;;;;;;;;;;;;;;;;;;;;;;;;;;;;;;;;;;;;;;;;;;;;;;;;;;;;;;;;;;;;;;;;;;;;;;;;;;;;;;;;;;;;;;;;;;;;;;;;;;;;;;;;;;;;;;;;;;;;;
6.000;;;;;;;;;;;;;;;;;;;;;;;;;;;;;;;;;;;;;;;;;;;;;;;;;;;;;;;;;;;;;;;;;;;;;;;;;;;;;;;;;;;;;;;;;;;;;;;;;;;;;;;;;;;;;;;;;;;;;;;;;;;;;;;;;;;;;;;;;;;;;;
5.900;;;;;;;;;;;;;;;;;;;;;;;;;;;;;;;;;;;;;;;;;;;;;;;;;;;;;;;;;;;;;;;;;;;;;;;;;;;;;;;;;;;;;;;;;;;;;;;;;;;;;;;;;;;;;;;;;;;;;;;;;;;;;;;;;;;;;;;;;;;;;;
5.800;;;;;;;;;;;;;;;;;;;;;;;;;;;;;;;;;;;;;;;;;;;;;;;;;;;;;;;;;;;;;;;;;;;;;;;;;;;;;;;;;;;;;;;;;;;;;;;;;;;;;;;;;;;;;;;;;;;;;;;;;;;;;;;;;;;;;;;;;;;;;;
5.700;;;;;;;;;;;;;;;;;;;;;;;;;;;;;;;;;;;;;;;;;;;;;;;;;;;;;;;;;;;;;;;;;;;;;;;;;;;;;;;;;;;;;;;;;;;;;;;;;;;;;;;;;;;;;;;;;;;;;;;;;;;;;;;;;;;;;;;;;;;;;;
5.600;;;;;;;;;;;;;;;;;;;;;;;;;;;;;;;;;;;;;;;;;;;;;;;;;;;;;;;;;;;;;;;;;;;;;;;;;;;;;;;;;;;;;;;;;;;;;;;;;;;;;;;;;;;;;;;;;;;;;;;;;;;;;;;;;;;;;;;;;;;;;;
5.500;;;;;;;;;;;;;;;;;;;;;;;;;;;;;;;;;;;;;;;;;;;;;;;;;;;;;;;;;;;;;;;;;;;;;;;;;;;;;;;;;;;;;;;;;;;;;;;;;;;;;;;;;;;;;;;;;;;;;;;;;;;;;;;;;;;;;;;;;;;;;;
5.400;;;;;;;;;;;;;;;;;;;;;;;;;;;;;;;;;;;;;;;;;;;;;;;;;;;;;;;;;;;;;;;;;;;;;;;;;;;;;;;;;;;;;;;;;;;;;;;;;;;;;;;;;;;;;;;;;;;;;;;;;;;;;;;;;;;;;;;;;;;;;;
5.300;;;;;;;;;;;;;;;;;;;;;;;;;;;;;;;;;;;;;;;;;;;;;;;;;;;;;;;;;;;;;;;;;;;;;;;;;;;;;;;;;;;;;;;;;;;;;;;;;;;;;;;;;;;;;;;;;;;;;;;;;;;;;;;;;;;;;;;;;;;;;;
5.200;;;;;;;;;;;;;;;;;;;;;;;;;;;;;;;;;;;;;;;;;;;;;;;;;;;;;;;;;;;;;;;;;;;;;;;;;;;;;;;;;;;;;;;;;;;;;;;;;;;;;;;;;;;;;;;;;;;;;;;;;;;;;;;;;;;;;;;;;;;;;;
5.100;;;;;;;;;;;;;;;;;;;;;;;;;;;;;;;;;;;;;;;;;;;;;;;;;;;;;;;;;;;;;;;;;;;;;;;;;;;;;;;;;;;;;;;;;;;;;;;;;;;;;;;;;;;;;;;;;;;;;;;;;;;;;;;;;;;;;;;;;;;;;;
5.000;;;;;;;;;;;;;;;;;;;;;;;;;;;;;;;;;;;;;;;;;;;;;;;;;;;;;;;;;;;;;;;;;;;;;;;;;;;;;;;;;;;;;;;;;;;;;;;;;;;;;;;;;;;;;;;;;;;;;;;;;;;;;;;;;;;;;;;;;;;;;;
4.900;;;;;;;;;;;;;;;;;;;;;;;;;;;;;;;;;;;;;;;;;;;;;;;;;;;;;;;;;;;;;;;;;;;;;;;;;;;;;;;;;;;;;;;;;;;;;;;;;;;;;;;;;;;;;;;;;;;;;;;;;;;;;;;;;;;;;;;;;;;;;;
4.800;;;;;;;;;;;;;;;;;;;;;;;;;;;;;;;;;;;;;;;;;;;;;;;;;;;;;;;;;;;;;;;;;;;;;;;;;;;;;;;;;;;;;;;;;;;;;;;;;;;;;;;;;;;;;;;;;;;;;;;;;;;;;;;;;;;;;;;;;;;;;;
4.700;;;;;;;;;;;;;;;;;;;;;;;;;;;;;;;;;;;;;;;;;;;;;;;;;;;;;;;;;;;;;;;;;;;;;;;;;;;;;;;;;;;;;;;;;;;;;;;;;;;;;;;;;;;;;;;;;;;;;;;;;;;;;;;;;;;;;;;;;;;;;;
4.600;;;;;;;;;;;;;;;;;;;;;;;;;;;;;;;;;;;;;;;;;;;;;;;;;;;;;;;;;;;;;;;;;;;;;;;;;;;;;;;;;;;;;;;;;;;;;;;;;;;;;;;;;;;;;;;;;;;;;;;;;;;;;;;;;;;;;;;;;;;;;;
4.500;;;;;;;;;;;;;;;;;;;;;;;;;;;;;;;;;;;;;;;;;;;;;;;;;;;;;;;;;;;;;;;;;;;;;;;;;;;;;;;;;;;;;;;;;;;;;;;;;;;;;;;;;;;;;;;;;;;;;;;;;;;;;;;;;;;;;;;;;;;;;;
4.400;;;;;;;;;;;;;;;;;;;;;;;;;;;;;;;;;;;;;;;;;;;;;;;;;;;;;;;;;;;;;;;;;;;;;;;;;;;;;;;;;;;;;;;;;;;;;;;;;;;;;;;;;;;;;;;;;;;;;;;;;;;;;;;;;;;;;;;;;;;;;;
4.300;;;;;;;;;;;;;;;;;;;;;;;;;;;;;;;;;;;;;;;;;;;;;;;;;;;;;;;;;;;;;;;;;;;;;;;;;;;;;;;;;;;;;;;;;;;;;;;;;;;;;;;;;;;;;;;;;;;;;;;;;;;;;;;;;;;;;;;;;;;;;;
4.200;;;;;;;;;;;;;;;;;;;;;;;;;;;;;;;;;;;;;;;;;;;;;;;;;;;;;;;;;;;;;;;;;;;;;;;;;;;;;;;;;;;;;;;;;;;;;;;;;;;;;;;;;;;;;;;;;;;;;;;;;;;;;;;;;;;;;;;;;;;;;;
4.100;;;;;;;;;;;;;;;;;;;;;;;;;;;;;;;;;;;;;;;;;;;;;;;;;;;;;;;;;;;;;;;;;;;;;;;;;;;;;;;;;;;;;;;;;;;;;;;;;;;;;;;;;;;;;;;;;;;;;;;;;;;;;;;;;;;;;;;;;;;;;;
4.000;;;;;;;;;;;;;;;;;;;;;;;;;;;;;;;;;;;;;;;;;;;;;;;;;;;;;;;;;;;;;;;;;;;;;;;;;;;;;;;;;;;;;;;;;;;;;;;;;;;;;;;;;;;;;;;;;;;;;;;;;;;;;;;;;;;;;;;;;;;;;;
3.900;;;;;;;;;;;;;;;;;;;;;;;;;;;;;;;;;;;;;;;;;;;;;;;;;;;;;;;;;;;;;;;;;;;;;;;;;;;;;;;;;;;;;;;;;;;;;;;;;;;;;;;;;;;;;;;;;;;;;;;;;;;;;;;;;;;;;;;;;;;;;;
3.800;;;;;;;;;;;;;;;;;;;;;;;;;;;;;;;;;;;;;;;;;;;;;;;;;;;;;;;;;;;;;;;;;;;;;;;;;;;;;;;;;;;;;;;;;;;;;;;;;;;;;;;;;;;;;;;;;;;;;;;;;;;;;;;;;;;;;;;;;;;;;;
3.700;;;;;;;;;;;;;;;;;;;;;;;;;;;;;;;;;;;;;;;;;;;;;;;;;;;;;;;;;;;;;;;;;;;;;;;;;;;;;;;;;;;;;;;;;;;;;;;;;;;;;;;;;;;;;;;;;;;;;;;;;;;;;;;;;;;;;;;;;;;;;;
3.600;;;;;;;;;;;;;;;;;;;;;;;;;;;;;;;;;;;;;;;;;;;;;;;;;;;;;;;;;;;;;;;;;;;;;;;;;;;;;;;;;;;;;;;;;;;;;;;;;;;;;;;;;;;;;;;;;;;;;;;;;;;;;;;;;;;;;;;;;;;;;;
3.500;;;;;;;;;;;;;;;;;;;;;;;;;;;;;;;;;;;;;;;;;;;;;;;;;;;;;;;;;;;;;;;;;;;;;;;;;;;;;;;;;;;;;;;;;;;;;;;;;;;;;;;;;;;;;;;;;;;;;;;;;;;;;;;;;;;;;;;;;;;;;;
3.400;;;;;;;;;;;;;;;;;;;;;;;;;;;;;;;;;;;;;;;;;;;;;;;;;;;;;;;;;;;;;;;;;;;;;;;;;;;;;;;;;;;;;;;;;;;;;;;;;;;;;;;;;;;;;;;;;;;;;;;;;;;;;;;;;;;;;;;;;;;;;;
3.300;;;;;;;;;;;;;;;;;;;;;;;;;;;;;;;;;;;;;;;;;;;;;;;;;;;;;;;;;;;;;;;;;;;;;;;;;;;;;;;;;;;;;;;;;;;;;;;;;;;;;;;;;;;;;;;;;;;;;;;;;;;;;;;;;;;;;;;;;;;;;;
3.200;;;;;;;;;;;;;;;;;;;;;;;;;;;;;;;;;;;;;;;;;;;;;;;;;;;;;;;;;;;;;;;;;;;;;;;;;;;;;;;;;;;;;;;;;;;;;;;;;;;;;;;;;;;;;;;;;;;;;;;;;;;;;;;;;;;;;;;;;;;;;;
3.100;;;;;;;;;;;;;;;;;;;;;;;;;;;;;;;;;;;;;;;;;;;;;;;;;;;;;;;;;;;;;;;;;;;;;;;;;;;;;;;;;;;;;;;;;;;;;;;;;;;;;;;;;;;;;;;;;;;;;;;;;;;;;;;;;;;;;;;;;;;;;;
3.000;;;;;;;;;;;;;;;;;;;;;;;;;;;;;;;;;;;;;;;;;;;;;;;;;;;;;;;;;;;;;;;;;;;;;;;;;;;;;;;;;;;;;;;;;;;;;;;;;;;;;;;;;;;;;;;;;;;;;;;;;;;;;;;;;;;;;;;;;;;;;;
2.900;;;;;;;;;;;;;;;;;;;;;;;;;;;;;;;;;;;;;;;;;;;;;;;;;;;;;;;;;;;;;;;;;;;;;;;;;;;;;;;;;;;;;;;;;;;;;;;;;;;;;;;;;;;;;;;;;;;;;;;;;;;;;;;;;;;;;;;;;;;;;;
2.800;;;;;;;;;;;;;;;;;;;;;;;;;;;;;;;;;;;;;;;;;;;;;;;;;;;;;;;;;;;;1.327403535;1.310109885;1.293454248;1.277522117;1.262428145;1.248313099;1.235340382;1.223692183;1.213565291;1.205166639;1.198708626;1.194404287;1.192462365;1.193082357;1.196449603;1.202730482;1.212067789;1.224576372;1.240339081;1.259403121;1.281776867;1.307427209;1.336277503;1.368206175;1.403046054;1.440584474;;;;;;;;;;;;;;;;;;;;;;;;;;;;;;;;;;;;;;;;;;;;;;;;;;;;;;;;;
2.700;;;;;;;;;;;;;;;;;;;;;;;;;;;;;;;;;;;;;;;;;;;;;;;;;;;;;;;1.350043122;1.328409529;1.307680016;1.287782425;1.268677649;1.250359183;1.232852149;1.216211791;1.200521485;1.185890284;1.172450035;1.160352104;1.149763759;1.140864250;1.133840637;1.128883433;1.126182094;1.125920446;1.128272086;1.133395836;1.141431308;1.152494653;1.166674557;1.184028555;1.204579725;1.228313834;1.255176995;1.285073907;1.317866722;1.353374608;1.391374051;1.431599955;1.473747559;1.517475228;1.562408130;;;;;;;;;;;;;;;;;;;;;;;;;;;;;;;;;;;;;;;;;;;;;;;;;;;;;
2.600;;;;;;;;;;;;;;;;;;;;;;;;;;;;;;;;;;;;;;;;;;;;;;;;;;;;1.356638050;1.329987807;1.304758429;1.280806715;1.258017402;1.236304216;1.215610397;1.195908718;1.177200995;1.159517103;1.142913532;1.127471477;1.113294512;1.100505880;1.089245412;1.079666142;1.071930648;1.066207165;1.062665523;1.061472975;1.062789943;1.066765775;1.073534546;1.083210982;1.095886561;1.111625857;1.130463193;1.152399665;1.177400602;1.205393514;1.236266596;1.269867846;1.306004837;1.344445206;1.384917885;1.427115141;1.470695418;1.515287043;1.560492783;1.605895277;1.651063334;;;;;;;;;;;;;;;;;;;;;;;;;;;;;;;;;;;;;;;;;;;;;;;;;;
2.500;;;;;;;;;;;;;;;;;;;;;;;;;;;;;;;;;;;;;;;;;;;;;;;;;1.389414447;1.355854123;1.324304031;1.294579766;1.266516523;1.239971342;1.214824893;1.190982815;1.168376579;1.146963889;1.126728621;1.107680294;1.089853105;1.073304531;1.058113518;1.044378287;1.032213784;1.021748808;1.013122849;1.006482680;1.001978755;0.999761439;0.999977148;1.002764422;1.008250015;1.016545033;1.027741204;1.041907309;1.059085865;1.079290102;1.102501292;1.128666506;1.157696836;1.189466150;1.223810432;1.260527751;1.299378907;1.340088797;1.382348531;1.425818336;1.470131251;1.514897657;1.559710610;1.604152011;1.647799567;1.690234534;1.731050197;;;;;;;;;;;;;;;;;;;;;;;;;;;;;;;;;;;;;;;;;;;;;;;
2.400;;;;;;;;;;;;;;;;;;;;;;;;;;;;;;;;;;;;;;;;;;;;;;;1.410759128;1.371257113;1.334123739;1.299176524;1.266245518;1.235175971;1.205830658;1.178091800;1.151862604;1.127068380;1.103657253;1.081600440;1.060892126;1.041548913;1.023608872;1.007130205;0.992189532;0.978879834;0.967308067;0.957592491;0.949859730;0.944241618;0.940871863;0.939882571;0.941400683;0.945544369;0.952419435;0.962115790;0.974704039;0.990232241;1.008722905;1.030170276;1.054537956;1.081756937;1.111724078;1.144301092;1.179314092;1.216553735;1.255776012;1.296703720;1.339028653;1.382414527;1.426500674;1.470906504;1.515236750;1.559087475;1.602052844;1.643732620;1.683740344;1.721712161;1.757316208;;;;;;;;;;;;;;;;;;;;;;;;;;;;;;;;;;;;;;;;;;;;;
2.300;;;;;;;;;;;;;;;;;;;;;;;;;;;;;;;;;;;;;;;;;;;;;1.448743381;1.402981193;1.359854483;1.319197447;1.280850045;1.244660863;1.210489703;1.178209885;1.147710221;1.118896662;1.091693589;1.066044744;1.041913794;1.019284508;0.998160579;0.978565056;0.960539427;0.944142344;0.929448017;0.916544286;0.905530412;0.896514594;0.889611257;0.884938141;0.882613229;0.882751556;0.885461932;0.890843650;0.898983195;0.909951027;0.923798485;0.940554858;0.960224676;0.982785287;1.008184758;1.036340158;1.067136281;1.100424842;1.136024212;1.173719714;1.213264545;1.254381333;1.296764383;1.340082612;1.383983219;1.428096073;1.472038840;1.515422835;1.557859576;1.598968027;1.638382480;1.675761019;1.710794514;1.743216054;;;;;;;;;;;;;;;;;;;;;;;;;;;;;;;;;;;;;;;;;;;;
2.200;;;;;;;;;;;;;;;;;;;;;;;;;;;;;;;;;;;;;;;;;;;1.502329425;1.450323057;1.401106907;1.354543311;1.310494513;1.268825459;1.229406409;1.192115351;1.156840196;1.123480715;1.091950206;1.062176875;1.034104906;1.007695222;0.982925907;0.959792315;0.938306831;0.918498307;0.900411180;0.884104265;0.869649259;0.857128950;0.846635177;0.838266538;0.832125905;0.828317748;0.826945322;0.828107748;0.831897027;0.838395032;0.847670525;0.859776236;0.874746063;0.892592438;0.913303909;0.936842982;0.963144286;0.992113094;1.023624269;1.057521653;1.093617967;1.131695256;1.171505907;1.212774288;1.255199017;1.298455908;1.342201584;1.386077786;1.429716368;1.472744973;1.514793369;1.555500427;1.594521683;1.631537455;1.666261428;1.698449638;1.727909761;1.754510585;;;;;;;;;;;;;;;;;;;;;;;;;;;;;;;;;;;;;;;;;;
2.100;;;;;;;;;;;;;;;;;;;;;;;;;;;;;;;;;;;;;;;;;;1.511764269;1.456689030;1.404335491;1.354596681;1.307363618;1.262527697;1.219982981;1.179628358;1.141369542;1.105120883;1.070806975;1.038364040;1.007741055;0.978900630;0.951819604;0.926489358;0.902915846;0.881119323;0.861133792;0.843006153;0.826795088;0.812569660;0.800407673;0.790393796;0.782617467;0.777170621;0.774145249;0.773630845;0.775711742;0.780464411;0.787954732;0.798235296;0.811342776;0.827295411;0.846090652;0.867703007;0.892082151;0.919151324;0.948806084;0.980913447;1.015311460;1.051809248;1.090187582;1.130199988;1.171574433;1.214015623;1.257207921;1.300818905;1.344503571;1.387909191;1.430680794;1.472467279;1.512928109;1.551740563;1.588607483;1.623265450;1.655493327;1.685121048;1.712038572;1.736204848;;;;;;;;;;;;;;;;;;;;;;;;;;;;;;;;;;;;;;;;;
2.000;;;;;;;;;;;;;;;;;;;;;;;;;;;;;;;;;;;;;;;;;1.524671626;1.466952220;1.411836831;1.359247875;1.309104696;1.261325500;1.215829247;1.172537466;1.131375993;1.092276570;1.055178314;1.020029013;0.986786240;0.955418265;0.925904738;0.898237153;0.872419055;0.848466014;0.826405326;0.806275476;0.788125341;0.772013145;0.758005186;0.746174330;0.736598302;0.729357788;0.724534372;0.722208329;0.722456313;0.725348957;0.730948435;0.739306010;0.750459609;0.764431471;0.781225902;0.800827184;0.823197679;0.848276178;0.875976526;0.906186583;0.938767546;0.973553682;1.010352517;1.048945496;1.089089170;1.130516921;1.172941257;1.216056697;1.259543256;1.303070530;1.346302394;1.388902291;1.430539097;1.470893535;1.509665098;1.546579423;1.581396066;1.613916588;1.643992857;1.671535478;1.696522199;1.719006174;1.739123904;;;;;;;;;;;;;;;;;;;;;;;;;;;;;;;;;;;;;;;
1.900;;;;;;;;;;;;;;;;;;;;;;;;;;;;;;;;;;;;;;;;1.540134751;1.480234255;1.422777964;1.367715185;1.314991993;1.264552656;1.216341055;1.170302113;1.126383171;1.084535319;1.044714638;1.006883339;0.971010774;0.937074309;0.905060019;0.874963220;0.846788797;0.820551332;0.796275018;0.773993359;0.753748650;0.735591234;0.719578549;0.705773971;0.694245448;0.685063963;0.678301825;0.674030819;0.672320219;0.673234722;0.676832299;0.683162012;0.692261825;0.704156452;0.718855256;0.736350272;0.756614366;0.779599575;0.805235686;0.833429073;0.864061842;0.896991325;0.932049962;0.969045596;1.007762227;1.047961253;1.089383211;1.131750067;1.174768041;1.218131006;1.261524444;1.304629971;1.347130420;1.388715450;1.429087670;1.467969222;1.505108792;1.540288959;1.573333839;1.604116897;1.632568857;1.658685560;1.682535642;1.704267877;1.724118002;;;;;;;;;;;;;;;;;;;;;;;;;;;;;;;;;;;;;;
1.800;;;;;;;;;;;;;;;;;;;;;;;;;;;;;;;;;;;;;;;1.557291219;1.495695103;1.436349528;1.379227052;1.324297763;1.271530136;1.220891949;1.172351246;1.125877309;1.081441635;1.039018887;0.998587801;0.960132021;0.923640847;0.889109881;0.856541538;0.825945429;0.797338575;0.770745463;0.746197925;0.723734833;0.703401609;0.685249547;0.669334950;0.655718093;0.644462002;0.635631090;0.629289630;0.625500114;0.624321494;0.625807341;0.630003945;0.636948383;0.646666583;0.659171422;0.674460884;0.692516324;0.713300864;0.736757965;0.762810212;0.791358345;0.822280584;0.855432272;0.890645883;0.927731419;0.966477233;1.006651306;1.048003001;1.090265314;1.133157637;1.176389054;1.219662149;1.262677355;1.305137811;1.346754708;1.387253115;1.426378221;1.463901964;1.499629968;1.533408731;1.565132960;1.594752956;1.622281937;1.647803142;1.671476589;1.693545290;1.714340744;;;;;;;;;;;;;;;;;;;;;;;;;;;;;;;;;;;;;
1.700;;;;;;;;;;;;;;;;;;;;;;;;;;;;;;;;;;;;;;1.575360078;1.512559607;1.451791492;1.393046831;1.336315923;1.281588533;1.228854263;1.178102998;1.129325424;1.082513595;1.037661521;0.994765777;0.953826086;0.914845884;0.877832820;0.842799200;0.809762325;0.778744741;0.749774362;0.722884461;0.698113524;0.675504949;0.655106599;0.636970191;0.621150527;0.607704581;0.596690432;0.588166054;0.582187990;0.578809908;0.578081059;0.580044670;0.584736275;0.592182030;0.602397016;0.615383586;0.631129760;0.649607726;0.670772457;0.694560497;0.720888941;0.749654652;0.780733737;0.813981332;0.849231717;0.886298800;0.924976994;0.965042514;1.006255124;1.048360338;1.091092108;1.134175994;1.177332826;1.220282851;1.262750358;1.304468758;1.345186093;1.384670937;1.422718638;1.459157839;1.493857216;1.526732325;1.557752485;1.586947556;1.614414495;1.640323531;1.664923797;1.688548221;1.711617476;;;;;;;;;;;;;;;;;;;;;;;;;;;;;;;;;;;;
1.600;;;;;;;;;;;;;;;;;;;;;;;;;;;;;;;;;;;;;1.593666776;1.530142210;1.468417479;1.408496523;1.350385041;1.294090152;1.239620192;1.186984621;1.136194035;1.087260268;1.040196575;0.995017864;0.951740981;0.910385004;0.870971542;0.833525027;0.798072954;0.764646081;0.733278553;0.704007946;0.676875211;0.651924506;0.629202921;0.608760067;0.590647543;0.574918273;0.561625711;0.550822926;0.542561561;0.536890693;0.533855584;0.533496362;0.535846630;0.540932031;0.548768791;0.559362268;0.572705522;0.588777947;0.607543986;0.628951971;0.652933095;0.679400588;0.708249086;0.739354262;0.772572726;0.807742237;0.844682257;0.883194863;0.923066054;0.964067471;1.005958541;1.048489064;1.091402258;1.134438247;1.177338008;1.219847746;1.261723698;1.302737326;1.342680862;1.381373164;1.418665818;1.454449422;1.488659958;1.521285164;1.552370792;1.582026610;1.610432020;1.637841117;1.664587010;1.691085190;1.717835741;;;;;;;;;;;;;;;;;;;;;;;;;;;;;;;;;;;
1.500;;;;;;;;;;;;;;;;;;;;;;;;;;;;;;;;;;;;1.611665166;1.547869179;1.485636989;1.424978802;1.365909979;1.308450107;1.252622213;1.198452104;1.145967849;1.095199382;1.046178218;0.998937275;0.953510782;0.909934252;0.868244515;0.828479780;0.790679720;0.754885544;0.721140061;0.689487706;0.659974507;0.632647995;0.607557037;0.584751576;0.564282279;0.546200083;0.530555636;0.517398633;0.506777047;0.498736261;0.493318106;0.490559815;0.490492913;0.493142040;0.498523746;0.506645252;0.517503235;0.531082613;0.547355402;0.566279641;0.587798424;0.611839070;0.638312457;0.667112550;0.698116157;0.731182937;0.766155694;0.802860979;0.841110032;0.880700078;0.921416006;0.963032441;1.005316222;1.048029302;1.090932056;1.133787007;1.176362958;1.218439497;1.259811870;1.300296170;1.339734796;1.378002142;1.415010421;1.450715569;1.485123114;1.518293909;1.550349609;1.581477738;1.611936193;1.642057014;1.672249200;1.703000385;;;;;;;;;;;;;;;;;;;;;;;;;;;;;;;;;;;
1.400;;;;;;;;;;;;;;;;;;;;;;;;;;;;;;;;;;;1.628955961;1.565297691;1.502974885;1.441996683;1.382381556;1.324155812;1.267352227;1.212008828;1.158167819;1.105874658;1.055177280;1.006125453;0.958770268;0.913163732;0.869358473;0.827407517;0.787364139;0.749281753;0.713213846;0.679213911;0.647335384;0.617631564;0.590155489;0.564959778;0.542096400;0.521616386;0.503569458;0.488003581;0.474964429;0.464494767;0.456633750;0.451416148;0.448871492;0.449023167;0.451887453;0.457472531;0.465777474;0.476791234;0.490491657;0.506844539;0.525802753;0.547305470;0.571277499;0.597628779;0.626254047;0.657032704;0.689828921;0.724491994;0.760856990;0.798745693;0.837967878;0.878322942;0.919601882;0.961589655;1.004067919;1.046818149;1.089625141;1.132280872;1.174588719;1.216367991;1.257458763;1.297726938;1.337069511;1.375419949;1.412753615;1.449093150;1.484513691;1.519147826;1.553190130;1.586901133;1.620610554;1.654719605;1.689702141;1.726104446;;;;;;;;;;;;;;;;;;;;;;;;;;;;;;;;;;
1.300;;;;;;;;;;;;;;;;;;;;;;;;;;;;;;;;;;1.645301049;1.582131183;1.520087530;1.459170230;1.399393622;1.340784224;1.283378819;1.227222686;1.172367973;1.118872240;1.066797153;1.016207360;0.967169504;0.919751405;0.874021369;0.830047635;0.787897924;0.747639088;0.709336842;0.673055548;0.638858057;0.606805562;0.576957475;0.549371292;0.524102444;0.501204111;0.480726997;0.462719055;0.447225146;0.434286644;0.423940968;0.416221047;0.411154726;0.408764113;0.409064862;0.412065431;0.417766294;0.426159143;0.437226092;0.450938887;0.467258172;0.486132795;0.507499209;0.531280975;0.557388395;0.585718304;0.616154042;0.648565633;0.682810196;0.718732614;0.756166475;0.794935315;0.834854173;0.875731475;0.917371259;0.959575745;1.002148251;1.044896458;1.087636001;1.130194378;1.172415155;1.214162423;1.255325471;1.295823621;1.335611162;1.374682307;1.413076082;1.450881050;1.488239749;1.525352711;1.562481915;1.599953514;1.638159632;1.677559044;1.718676502;1.762100458;;;;;;;;;;;;;;;;;;;;;;;;;;;;;;;;;
1.200;;;;;;;;;;;;;;;;;;;;;;;;;;;;;;;;;;1.598230459;1.536775057;1.476249755;1.416656969;1.358016283;1.300362040;1.243741049;1.188210427;1.133835605;1.080688498;1.028845857;0.978387805;0.929396542;0.881955240;0.836147082;0.792054478;0.749758399;0.709337854;0.670869460;0.634427115;0.600081741;0.567901083;0.537949547;0.510288062;0.484973956;0.462060816;0.441598339;0.423632149;0.408203577;0.395349399;0.385101521;0.377486615;0.372525706;0.370233699;0.370618877;0.373682345;0.379417458;0.387809226;0.398833716;0.412457466;0.428636934;0.447317982;0.468435449;0.491912796;0.517661874;0.545582828;0.575564157;0.607482959;0.641205382;0.676587302;0.713475247;0.751707593;0.791116035;0.831527362;0.872765534;0.914654072;0.957018763;0.999690676;1.042509475;1.085327021;1.128011227;1.170450146;1.212556250;1.254270838;1.295568524;1.336461727;1.377005087;1.417299686;1.457496993;1.497802382;1.538478087;1.579845434;1.622286176;1.666242713;1.712217005;1.760767915;;;;;;;;;;;;;;;;;;;;;;;;;;;;;;;;;
1.100;;;;;;;;;;;;;;;;;;;;;;;;;;;;;;;;;1.613620135;1.552989314;1.493125028;1.434009599;1.375648036;1.318065205;1.261303070;1.205418035;1.150478437;1.096562192;1.043754631;0.992146521;0.941832290;0.892908450;0.845472208;0.799620280;0.755447873;0.713047837;0.672509972;0.633920470;0.597361475;0.562910751;0.530641433;0.500621838;0.472915343;0.447580279;0.424669856;0.404232089;0.386309719;0.370940111;0.358155131;0.347980985;0.340438027;0.335540515;0.333296338;0.333706698;0.336765762;0.342460281;0.350769200;0.361663250;0.375104557;0.391046259;0.409432176;0.430196520;0.453263689;0.478548155;0.505954461;0.535377365;0.566702133;0.599805020;0.634553942;0.670809375;0.708425485;0.747251508;0.787133402;0.827915765;0.869444037;0.911566981;0.954139442;0.997025377;1.040101137;1.083258975;1.126410763;1.169491865;1.212465126;1.255324915;1.298101155;1.340863265;1.383723900;1.426842407;1.470427858;1.514741528;1.560098659;1.606869345;1.655478338;1.706403574;1.760173171;1.817360663;;;;;;;;;;;;;;;;;;;;;;;;;;;;;;;;
1.000;;;;;;;;;;;;;;;;;;;;;;;;;;;;;;;;;1.568837147;1.509830131;1.451422927;1.393597989;1.336363219;1.279748815;1.223804175;1.168594912;1.114200004;1.060709115;1.008220114;0.956836787;0.906666773;0.857819717;0.810405636;0.764533502;0.720310028;0.677838640;0.637218644;0.598544539;0.561905493;0.527384938;0.495060287;0.465002737;0.437277154;0.411942012;0.389049382;0.368644938;0.350767986;0.335451486;0.322722070;0.312600036;0.305099323;0.300227447;0.297985412;0.298367583;0.301361532;0.306947854;0.315099967;0.325783891;0.338958040;0.354573012;0.372571410;0.392887705;0.415448156;0.440170801;0.466965553;0.495734400;0.526371745;0.558764894;0.592794724;0.628336530;0.665261088;0.703435931;0.742726861;0.782999702;0.824122305;0.865966791;0.908412055;0.951346496;0.994670974;1.038301976;1.082174948;1.126247767;1.170504312;1.214958064;1.259655681;1.304680472;1.350155670;1.396247409;1.443167290;1.491174400;1.540576628;1.591731135;1.645043766;1.700967226;1.759997774;1.822670212;1.889550879;;;;;;;;;;;;;;;;;;;;;;;;;;;;;;;
0.900;;;;;;;;;;;;;;;;;;;;;;;;;;;;;;;;1.584578822;1.526543698;1.469003632;1.411910377;1.355247077;1.299024831;1.243279230;1.188066959;1.133462492;1.079554928;1.026445008;0.974242329;0.923062777;0.873026189;0.824254254;0.776868650;0.730989420;0.686733569;0.644213885;0.603537964;0.564807426;0.528117302;0.493555585;0.461202912;0.431132371;0.403409408;0.378091812;0.355229776;0.334865989;0.317035782;0.301767269;0.289081516;0.278992685;0.271508179;0.266628756;0.264348621;0.264655493;0.267530633;0.272948856;0.280878511;0.291281452;0.304112989;0.319321852;0.336850158;0.356633409;0.378600529;0.402673959;0.428769822;0.456798183;0.486663419;0.518264705;0.551496662;0.586250145;0.622413226;0.659872354;0.698513721;0.738224837;0.778896325;0.820423929;0.862710741;0.905669635;0.949225895;0.993320027;1.037910707;1.082977861;1.128525802;1.174586406;1.221222231;1.268529530;1.316641071;1.365728649;1.416005196;1.467726364;1.521191422;1.576743323;1.634767767;1.695691051;1.759976505;1.828119273;1.900639172;;;;;;;;;;;;;;;;;;;;;;;;;;;;;;;
0.800;;;;;;;;;;;;;;;;;;;;;;;;;;;;;;;;1.543584421;1.486990974;1.430754101;1.374824259;1.319185833;1.263853423;1.208868106;1.154293741;1.100213367;1.046725750;0.993942104;0.941983029;0.890975673;0.841051144;0.792342178;0.744981059;0.699097803;0.654818588;0.612264432;0.571550094;0.532783202;0.496063570;0.461482707;0.429123483;0.399059944;0.371357251;0.346071719;0.323250952;0.302934038;0.285151797;0.269927065;0.257274998;0.247203381;0.239712934;0.234797609;0.232444858;0.232635888;0.235345875;0.240544160;0.248194411;0.258254767;0.270677958;0.285411420;0.302397410;0.321573122;0.342870840;0.366218115;0.391538005;0.418749372;0.447767271;0.478503434;0.510866872;0.544764612;0.580102571;0.616786600;0.654723694;0.693823377;0.733999281;0.775170907;0.817265575;0.860220551;0.903985344;0.948524158;0.993818462;1.039869667;1.086701846;1.134364472;1.182935101;1.232521931;1.283266173;1.335344117;1.388968806;1.444391197;1.501900661;1.561824684;1.624527600;1.690408157;1.759895729;1.833444932;1.911528402;1.994627471;;;;;;;;;;;;;;;;;;;;;;;;;;;;;;
0.700;;;;;;;;;;;;;;;;;;;;;;;;;;;;;;;1.561401895;1.505749576;1.450417288;1.395314896;1.340392338;1.285635777;1.231063639;1.176722603;1.122683636;1.069038109;1.015894063;0.963372664;0.911604870;0.860728348;0.810884646;0.762216641;0.714866267;0.668972514;0.624669708;0.582086056;0.541342445;0.502551482;0.465816762;0.431232340;0.398882393;0.368841051;0.341172376;0.315930462;0.293159652;0.272894832;0.255161801;0.239977685;0.227351388;0.217284061;0.209769576;0.204794997;0.202341030;0.202382456;0.204888533;0.209823370;0.217146263;0.226812012;0.238771196;0.252970440;0.269352658;0.287857294;0.308420568;0.330975739;0.355453393;0.381781784;0.409887225;0.439694554;0.471127696;0.504110317;0.538566599;0.574422150;0.611605043;0.650047016;0.689684817;0.730461717;0.772329171;0.815248637;0.859193540;0.904151359;0.950125818;0.997139160;1.045234455;1.094477908;1.144961101;1.196803122;1.250152489;1.305188786;1.362123920;1.421202881;1.482703866;1.546937644;1.614245984;1.684998981;1.759591075;1.838435548;1.921957269;2.010583420;;;;;;;;;;;;;;;;;;;;;;;;;;;;;;
0.600;;;;;;;;;;;;;;;;;;;;;;;;;;;;;;;1.525757845;1.471297546;1.417043730;1.362904189;1.308829089;1.254806908;1.200860237;1.147041515;1.093428797;1.040121612;0.987236964;0.934905530;0.883268073;0.832472129;0.782668952;0.734010763;0.686648287;0.640728593;0.596393229;0.553776654;0.513004934;0.474194722;0.437452471;0.402873894;0.370543618;0.340535048;0.312910387;0.287720811;0.265006763;0.244798364;0.227115894;0.211970351;0.199364045;0.189291230;0.181738745;0.176686658;0.174108895;0.173973857;0.176244994;0.180881360;0.187838120;0.197067027;0.208516856;0.222133804;0.237861867;0.255643184;0.275418380;0.297126895;0.320707324;0.346097779;0.373236282;0.402061203;0.432511764;0.464528610;0.498054474;0.533034938;0.569419305;0.607161593;0.646221649;0.686566396;0.728171215;0.771021445;0.815114003;0.860459117;0.907082130;0.955025377;1.004350081;1.055138233;1.107494416;1.161547493;1.217452107;1.275389906;1.335570392;1.398231302;1.463638389;1.532084465;1.603887568;1.679388073;1.758944560;1.842928241;1.931715709;2.025679777;;;;;;;;;;;;;;;;;;;;;;;;;;;;;;
0.500;;;;;;;;;;;;;;;;;;;;;;;;;;;;;;;1.493888213;1.440428070;1.387070110;1.333720975;1.280331786;1.226893879;1.173434366;1.120011636;1.066710870;1.013639651;0.960923708;0.908702873;0.857127259;0.806353718;0.756542583;0.707854724;0.660448907;0.614479490;0.570094428;0.527433588;0.486627375;0.447795641;0.411046872;0.376477624;0.344172200;0.314202535;0.286628278;0.261497033;0.238844757;0.218696268;0.201065860;0.185957996;0.173368058;0.163283134;0.155682830;0.150540087;0.147821990;0.147490554;0.149503484;0.153814897;0.160375999;0.169135715;0.180041273;0.193038739;0.208073513;0.225090777;0.244035915;0.264854912;0.287494730;0.311903687;0.338031837;0.365831377;0.395257082;0.426266787;0.458821928;0.492888153;0.528436011;0.565441740;0.603888138;0.643765553;0.685072958;0.727819145;0.772023997;0.817719858;0.864952963;0.913784909;0.964294146;1.016577444;1.070751290;1.126953156;1.185342595;1.246102050;1.309437334;1.375577643;1.444775013;1.517303083;1.593455022;1.673540463;1.757881262;1.846805891;1.940642252;2.039708662;2.144302771;;;;;;;;;;;;;;;;;;;;;;;;;;;;;
0.400;;;;;;;;;;;;;;;;;;;;;;;;;;;;;;1.518761109;1.465962161;1.413313613;1.360671241;1.307941415;1.255076919;1.202072483;1.148960120;1.095804402;1.042697730;0.989755700;0.937112612;0.884917186;0.833328525;0.782512351;0.732637555;0.683873066;0.636385058;0.590334501;0.545875039;0.503151224;0.462297053;0.423434836;0.386674353;0.352112283;0.319831903;0.289903012;0.262382069;0.237312519;0.214725282;0.194639380;0.177062681;0.161992729;0.149417647;0.139317092;0.131663228;0.126421718;0.123552710;0.123011797;0.124750954;0.128719422;0.134864552;0.143132588;0.153469392;0.165821108;0.180134768;0.196358840;0.214443721;0.234342190;0.256009821;0.279405362;0.304491105;0.331233243;0.359602235;0.389573185;0.421126258;0.454247127;0.488927482;0.525165594;0.562966948;0.602344957;0.643321745;0.685929017;0.730208989;0.776215395;0.824014536;0.873686357;0.925325538;0.979042546;1.034964617;1.093236628;1.154021775;1.217502013;1.283878159;1.353369576;1.426213327;1.502662680;1.582984836;1.667457712;1.756365638;1.849993759;1.948620953;2.052511032;2.161901985;;;;;;;;;;;;;;;;;;;;;;;;;;;;;
0.300;;;;;;;;;;;;;;;;;;;;;;;;;;;;;;1.494198623;1.442115803;1.390096011;1.337993621;1.285715562;1.233216962;1.180496482;1.127591443;1.074572867;1.021540522;0.968618052;0.915948250;0.863688557;0.812006797;0.761077224;0.711076871;0.662182259;0.614566445;0.568396441;0.523830990;0.481018702;0.440096535;0.401188615;0.364405374;0.329842987;0.297583091;0.267692752;0.240224679;0.215217623;0.192696978;0.172675518;0.155154273;0.140123509;0.127563780;0.117447044;0.109737810;0.104394300;0.101369605;0.100612827;0.102070177;0.105686033;0.111403938;0.119167533;0.128921416;0.140611934;0.154187893;0.169601191;0.186807390;0.205766210;0.226441963;0.248803943;0.272826762;0.298490658;0.325781779;0.354692457;0.385221485;0.417374402;0.451163802;0.486609684;0.523739833;0.562590257;0.603205676;0.645640060;0.689957225;0.736231469;0.784548247;0.835004862;0.887711145;0.942790117;1.000378561;1.060627498;1.123702478;1.189783654;1.259065534;1.331756360;1.408076975;1.488259112;1.572542938;1.661173742;1.754397595;1.852455808;1.955578006;2.063973594;2.177821386;;;;;;;;;;;;;;;;;;;;;;;;;;;;;
0.200;;;;;;;;;;;;;;;;;;;;;;;;;;;;;;1.473995884;1.422449307;1.370883574;1.319152551;1.267164502;1.214877556;1.162294840;1.109459404;1.056449032;1.003371061;0.950357282;0.897558993;0.845142267;0.793283495;0.742165221;0.691972325;0.642888557;0.595093451;0.548759615;0.504050407;0.461117989;0.420101754;0.381127110;0.344304603;0.309729367;0.277480871;0.247622943;0.220204047;0.195257777;0.172803562;0.152847521;0.135383482;0.120394096;0.107852055;0.097721366;0.089958668;0.084514565;0.081334956;0.080362347;0.081537123;0.084798760;0.090086985;0.097342848;0.106509721;0.117534197;0.130366908;0.144963244;0.161283982;0.179295821;0.198971842;0.220291881;0.243242841;0.267818937;0.294021895;0.321861112;0.351353788;0.382525042;0.415408026;0.450044040;0.486482668;0.524781933;0.565008482;0.607237807;0.651554486;0.698052470;0.746835372;0.798016777;0.851720530;0.908081000;0.967243262;1.029363184;1.094607352;1.163152783;1.235186363;1.310903924;1.390508869;1.474210260;1.562220218;1.654750548;1.752008404;1.854190849;1.961478130;2.074025463;2.191953106;2.315334488;;;;;;;;;;;;;;;;;;;;;;;;;;;;
0.100;;;;;;;;;;;;;;;;;;;;;;;;;;;;;1.509490443;1.458203044;1.407024507;1.355748674;1.304229718;1.252377949;1.200155122;1.147569365;1.094669889;1.041541586;0.988299618;0.935084094;0.882054900;0.829386756;0.777264553;0.725878999;0.675422631;0.626086186;0.578055386;0.531508103;0.486611947;0.443522243;0.402380405;0.363312697;0.326429345;0.291824007;0.259573550;0.229738136;0.202361572;0.177471899;0.155082204;0.135191602;0.117786386;0.102841299;0.090320899;0.080181002;0.072370166;0.066831197;0.063502653;0.062320319;0.063218652;0.066132151;0.070996667;0.077750617;0.086336110;0.096699961;0.108794605;0.122578891;0.138018770;0.155087869;0.173767956;0.194049307;0.215930975;0.239420974;0.264536381;0.291303380;0.319757243;0.349942273;0.381911711;0.415727624;0.451460782;0.489190535;0.529004692;0.570999415;0.615279126;0.661956421;0.711151999;0.762994582;0.817620827;0.875175190;0.935809738;0.999683858;1.066963822;1.137822177;1.212436864;1.290990036;1.373666460;1.460651425;1.552128053;1.648273874;1.749256550;1.855228578;1.966320815;2.082634634;2.204232500;2.331126747;;;;;;;;;;;;;;;;;;;;;;;;;;;;
0.000;;;;;;;;;;;;;;;;;;;;;;;;;;;;;1.497826673;1.446827649;1.395863042;1.344725858;1.293271281;1.241412325;1.189114953;1.136392811;1.083301723;1.029934062;0.976413121;0.922887560;0.869526017;0.816511959;0.764038811;0.712305427;0.661511918;0.611855887;0.563529068;0.516714390;0.471583468;0.428294515;0.386990675;0.347798749;0.310828320;0.276171231;0.243901411;0.214075020;0.186730876;0.161891145;0.139562259;0.119736034;0.102390952;0.087493582;0.075000109;0.064857939;0.057007349;0.051383169;0.047916452;0.046536123;0.047170583;0.049749240;0.054203966;0.060470451;0.068489446;0.078207896;0.089579937;0.102567767;0.117142388;0.133284204;0.150983500;0.170240787;0.191067025;0.213483739;0.237523027;0.263227470;0.290649970;0.319853504;0.350910829;0.383904134;0.418924662;0.456072299;0.495455151;0.537189115;0.581397439;0.628210286;0.677764289;0.730202103;0.785671926;0.844327002;0.906325047;0.971827607;1.040999283;1.114006798;1.191017842;1.272199634;1.357717136;1.447730822;1.542393909;1.641848940;1.746223600;1.855625603;1.970136526;2.089804377;2.214634742;2.344580270;;;;;;;;;;;;;;;;;;;;;;;;;;;;
-0.100;;;;;;;;;;;;;;;;;;;;;;;;;;;;;1.490682775;1.439833430;1.388945072;1.337810492;1.286286486;1.234289345;1.181789782;1.128807459;1.075405261;1.021683449;0.967773789;0.913833788;0.860041076;0.806588051;0.753676806;0.701514417;0.650308608;0.600263833;0.551577787;0.504438363;0.459021056;0.415486817;0.373980334;0.334628751;0.297540785;0.262806236;0.230495859;0.200661564;0.173336935;0.148538017;0.126264349;0.106500209;0.089216042;0.074370028;0.061909772;0.051774071;0.043894741;0.038198460;0.034608613;0.033047111;0.033436151;0.035699909;0.039766135;0.045567648;0.053043699;0.062141203;0.072815832;0.085032951;0.098768402;0.114009139;0.130753699;0.149012527;0.168808154;0.190175232;0.213160441;0.237822273;0.264230707;0.292466788;0.322622110;0.354798244;0.389106088;0.425665180;0.464602971;0.506054064;0.550159444;0.597065682;0.646924130;0.699890103;0.756122032;0.815780594;0.879027785;0.946025929;1.016936581;1.091919296;1.171130209;1.254720384;1.342833849;1.435605263;1.533157106;1.635596303;1.743010169;1.855461536;1.972982928;2.095569616;2.223171379;2.355682758;;;;;;;;;;;;;;;;;;;;;;;;;;;;
-0.200;;;;;;;;;;;;;;;;;;;;;;;;;;;;;1.487958308;1.437139688;1.386208566;1.334957977;1.283246811;1.230995124;1.178178861;1.124824170;1.071001445;1.016819247;0.962418207;0.907965022;0.853646625;0.799664607;0.746229958;0.693558156;0.641864681;0.591360936;0.542250642;0.494726685;0.448968438;0.405139549;0.363386195;0.323835772;0.286596030;0.251754602;0.219378928;0.189516523;0.162195580;0.137425856;0.115199830;0.095494076;0.078270828;0.063479710;0.051059579;0.040940461;0.033045542;0.027293189;0.023598961;0.021877591;0.022044912;0.024019697;0.027725407;0.033091806;0.040056449;0.048566016;0.058577482;0.070059128;0.082991360;0.097367370;0.113193602;0.130490051;0.149290387;0.169641912;0.191605359;0.215254544;0.240675883;0.267967775;0.297239887;0.328612328;0.362214751;0.398185372;0.436669946;0.477820680;0.521795128;0.568755045;0.618865225;0.672292321;0.729203636;0.789765896;0.854143981;0.922499595;0.994989870;1.071765852;1.152970845;1.238738558;1.329191007;1.424436097;1.524564811;1.629647912;1.739732057;1.854835211;1.974941216;2.099993377;2.229886900;2.364459988;;;;;;;;;;;;;;;;;;;;;;;;;;;;
-0.300;;;;;;;;;;;;;;;;;;;;;;;;;;;;;1.489506328;1.438621304;1.387549181;1.336083525;1.284085667;1.231479811;1.178247552;1.124421947;1.070081334;1.015343001;0.960356855;0.905299179;0.850366577;0.795770178;0.741730175;0.688470734;0.636215330;0.585182533;0.535582265;0.487612553;0.441456759;0.397281318;0.355233946;0.315442329;0.278013253;0.243032172;0.210563175;0.180649333;0.153313380;0.128558711;0.106370654;0.086717975;0.069554594;0.054821460;0.042448559;0.032357015;0.024461251;0.018671179;0.014894378;0.013038245;0.013012074;0.014729058;0.018108165;0.023075892;0.029567864;0.037530267;0.046921102;0.057711248;0.069885334;0.083442408;0.098396401;0.114776392;0.132626680;0.152006652;0.172990479;0.195666627;0.220137212;0.246517197;0.274933457;0.305523720;0.338435401;0.373824346;0.411853494;0.452691482;0.496511198;0.543488297;0.593799684;0.647621980;0.705129967;0.766495007;0.831883442;0.901454957;0.975360883;1.053742433;1.136728825;1.224435260;1.316960712;1.414385462;1.516768316;1.624143423;1.736516612;1.853861118;1.976112609;2.103163358;2.234855407;2.370972573;2.511231091;;;;;;;;;;;;;;;;;;;;;;;;;;;
-0.400;;;;;;;;;;;;;;;;;;;;;;;;;;;;;1.495134198;1.444109375;1.392820750;1.341062519;1.288698645;1.235657756;1.181927419;1.127547981;1.072606124;1.017228289;0.961574088;0.905829824;0.850202193;0.794912276;0.740189861;0.686268169;0.633379021;0.581748468;0.531592929;0.483115826;0.436504747;0.391929115;0.349538363;0.309460611;0.271801802;0.236645307;0.204051940;0.174060374;0.146687916;0.121931606;0.099769612;0.080162871;0.063056942;0.048384042;0.036065213;0.026012588;0.018131724;0.012323956;0.008488747;0.006526002;0.006338310;0.007833082;0.010924582;0.015535800;0.021600162;0.029063065;0.037883203;0.048033694;0.059502985;0.072295535;0.086432273;0.101950830;0.118905542;0.137367245;0.157422850;0.179174719;0.202739853;0.228248902;0.255845011;0.285682524;0.317925556;0.352746453;0.390324156;0.430842490;0.474488386;0.521450060;0.571915152;0.626068846;0.684091973;0.746159098;0.812436601;0.883080738;0.958235676;1.038031491;1.122582096;1.211983077;1.306309395;1.405612910;1.509919660;1.619226838;1.733499380;1.852666069;1.976615060;2.105188683;2.238177413;2.375312832;2.516259423;;;;;;;;;;;;;;;;;;;;;;;;;;;
-0.500;;;;;;;;;;;;;;;;;;;;;;;;;;;;1.555755801;1.504605045;1.453392461;1.401836356;1.349731437;1.296944324;1.243408201;1.189116844;1.134118190;1.078507630;1.022421165;0.966028552;0.909526569;0.853132476;0.797077774;0.741602314;0.686948829;0.633357922;0.581063548;0.530289017;0.481243526;0.434119233;0.389088868;0.346303874;0.305893065;0.267961781;0.232591515;0.199839984;0.169741617;0.142308419;0.117531178;0.095380978;0.075810976;0.058758400;0.044146740;0.031888074;0.021885502;0.014035646;0.008231176;0.004363325;0.002324366;0.002010009;0.003321692;0.006168747;0.010470396;0.016157576;0.023174564;0.031480381;0.041049973;0.051875152;0.063965292;0.077347770;0.092068167;0.108190209;0.125795467;0.144982826;0.165867717;0.188581140;0.213268482;0.240088147;0.269210024;0.300813794;0.335087113;0.372223680;0.412421210;0.455879334;0.502797446;0.553372508;0.607796830;0.666255843;0.728925869;0.795971893;0.867545343;0.943781877;1.024799158;1.110694619;1.201543175;1.297394875;1.398272439;1.504168644;1.615043490;1.730821087;1.851386185;1.976580234;2.106196896;2.239976854;2.377601812;2.518687502;;;;;;;;;;;;;;;;;;;;;;;;;;;
-0.600;;;;;;;;;;;;;;;;;;;;;;;;;;;;1.568918309;1.517639874;1.466218473;1.414370005;1.361889347;1.308645603;1.254576497;1.199682125;1.144018233;1.087689229;1.030841048;0.973654026;0.916335889;0.859114964;0.802233691;0.745942515;0.690494214;0.636138699;0.583118348;0.531663861;0.481990690;0.434296023;0.388756332;0.345525474;0.304733339;0.266485008;0.230860415;0.197914470;0.167677614;0.140156776;0.115336686;0.093181507;0.073636749;0.056631413;0.042080330;0.029886656;0.019944468;0.012141430;0.006361492;0.002487569;0.000404180;0.000000000;0.001170303;0.003819256;0.007862045;0.013226808;0.019856346;0.027709609;0.036762927;0.047010981;0.058467514;0.071165753;0.085158575;0.100518382;0.117336714;0.135723599;0.155806648;0.177729907;0.201652487;0.227746979;0.256197681;0.287198650;0.320951607;0.357663709;0.397545218;0.440807079;0.487658447;0.538304159;0.592942194;0.651761122;0.714937567;0.782633694;0.854994721;0.932146472;1.014192965;1.101214020;1.193262892;1.290363891;1.392509972;1.499660256;1.611737433;1.728624989;1.850164199;1.976150793;2.106331206;2.240398312;2.377986501;2.518665982;;;;;;;;;;;;;;;;;;;;;;;;;;;
-0.700;;;;;;;;;;;;;;;;;;;;;;;;;;;;1.585315771;1.533920323;1.482297147;1.430158880;1.377299954;1.323591574;1.268975815;1.213459061;1.157104984;1.100027240;1.042382029;0.984360674;0.926182326;0.868086899;0.810328336;0.753168259;0.696870089;0.641693654;0.587890356;0.535698887;0.485341537;0.437021088;0.390918298;0.347189959;0.305967525;0.267356283;0.231435036;0.198256281;0.167846833;0.140208871;0.115321358;0.093141792;0.073608251;0.056641689;0.042148423;0.030022790;0.020149907;0.012408510;0.006673814;0.002820363;0.000724825;0.000268705;0.001340927;0.003840270;0.007677610;0.012777963;0.019082288;0.026549041;0.035155459;0.044898570;0.055795896;0.067885877;0.081227983;0.095902533;0.112010215;0.129671317;0.149024684;0.170226403;0.193448242;0.218875849;0.246706747;0.277148128;0.310414483;0.346725087;0.386301363;0.429364156;0.476130932;0.526812940;0.581612354;0.640719416;0.704309606;0.772540851;0.845550800;0.923454157;1.006340101;1.094269771;1.187273838;1.285350130;1.388461306;1.496532552;1.609449251;1.727054607;1.849147140;1.975478006;2.105748052;2.239604516;2.376637263;2.516374442;;;;;;;;;;;;;;;;;;;;;;;;;;;
-0.800;;;;;;;;;;;;;;;;;;;;;;;;;;;;1.604564687;1.553092041;1.501303137;1.448906150;1.395694177;1.341539897;1.286389339;1.230254992;1.173208439;1.115372721;1.056914571;0.998036671;0.938970054;0.879966755;0.821292801;0.763221621;0.706027935;0.649982165;0.595345423;0.542365076;0.491270934;0.442272042;0.395554093;0.351277442;0.309575710;0.270554958;0.234293398;0.200841617;0.170223273;0.142436223;0.117454050;0.095227932;0.075688824;0.058749890;0.044309153;0.032252301;0.022455623;0.014789005;0.009118960;0.005311647;0.003235823;0.002765706;0.003783712;0.006183010;0.009869902;0.014765958;0.020809914;0.027959298;0.036191764;0.045506127;0.055923081;0.067485600;0.080259014;0.094330755;0.109809796;0.126825759;0.145527734;0.166082796;0.188674255;0.213499646;0.240768485;0.270699818;0.303519575;0.339457774;0.378745587;0.421612312;0.468282264;0.518971626;0.573885292;0.633213708;0.697129773;0.765785787;0.839310499;0.917806248;1.001346233;1.089971909;1.183690518;1.282472752;1.386250549;1.494914993;1.608314305;1.726251888;1.848484391;1.974719722;2.104614965;2.237774111;2.373745514;2.512018966;;;;;;;;;;;;;;;;;;;;;;;;;;;
-0.900;;;;;;;;;;;;;;;;;;;;;;;;;;;;1.626249242;1.574768684;1.522879667;1.470284337;1.416773245;1.362219649;1.306572916;1.249851264;1.192134025;1.133553649;1.074287580;1.014550175;0.954584778;0.894656063;0.835042742;0.776030707;0.717906677;0.660952404;0.605439463;0.551624668;0.499746115;0.450019876;0.402637330;0.357763126;0.315533760;0.276056746;0.239410352;0.205643868;0.174778362;0.146807902;0.121701176;0.099403487;0.079839057;0.062913610;0.048517167;0.036527016;0.026810807;0.019229718;0.013641651;0.009904406;0.007878806;0.007431705;0.008438866;0.010787659;0.014379549;0.019132344;0.024982181;0.031885217;0.039819016;0.048783615;0.058802244;0.069921711;0.082212440;0.095768149;0.110705197;0.127161580;0.145295603;0.165284244;0.187321204;0.211614696;0.238384971;0.267861611;0.300280625;0.335881373;0.374903346;0.417582833;0.464149525;0.514823059;0.569809572;0.629298267;0.693458042;0.762434209;0.836345324;0.915280167;0.999294882;1.088410304;1.182609486;1.281835434;1.385989044;1.494927263;1.608461424;1.726355775;1.848326138;1.974038686;2.103108767;2.235099729;2.369521655;2.505829932;;;;;;;;;;;;;;;;;;;;;;;;;;;
-1.000;;;;;;;;;;;;;;;;;;;;;;;;;;;;1.649926309;1.598536506;1.546642746;1.493939186;1.440212271;1.385334642;1.329258132;1.272006099;1.213665291;1.154377446;1.094330796;1.033751608;0.972895917;0.912041530;0.851480434;0.791511655;0.732434649;0.674543275;0.618120391;0.563433090;0.510728608;0.460230893;0.412137856;0.366619269;0.323815314;0.283835742;0.246759628;0.212635679;0.181483052;0.153292655;0.128028871;0.105631660;0.086019002;0.069089609;0.054725880;0.042797025;0.033162320;0.025674438;0.020182812;0.016536972;0.014589824;0.014200816;0.015238955;0.017585636;0.021137253;0.025807550;0.031529690;0.038258021;0.045969513;0.054664845;0.064369138;0.075132323;0.087029130;0.100158713;0.114643896;0.130630061;0.148283679;0.167790511;0.189353476;0.213190233;0.239530475;0.268612987;0.300682480;0.335986240;0.374770628;0.417277464;0.463740335;0.514380859;0.569404958;0.628999155;0.693326964;0.762525381;0.836701530;0.915929491;1.000247346;1.089654458;1.184109026;1.283525913;1.387774785;1.496678537;1.610012044;1.727501195;1.848822213;1.973601233;2.101414101;2.231786343;2.364193253;2.498060017;;;;;;;;;;;;;;;;;;;;;;;;;;;
-1.100;;;;;;;;;;;;;;;;;;;;;;;;;;;;;1.623959505;1.572185910;1.519494037;1.465664285;1.410567150;1.354155774;1.296457824;1.237566923;1.177633821;1.116857477;1.055476208;0.993759042;0.931997373;0.870497030;0.809570843;0.749531753;0.690686544;0.633330217;0.577741045;0.524176320;0.472868800;0.424023856;0.377817309;0.334393930;0.293866592;0.256316031;0.221791188;0.190310088;0.161861213;0.136405322;0.113877670;0.094190570;0.077236247;0.062889941;0.051013183;0.041457213;0.034066473;0.028682136;0.025145600;0.023301930;0.023003167;0.024111495;0.026502198;0.030066388;0.034713461;0.040373254;0.046997878;0.054563204;0.063069981;0.072544574;0.083039313;0.094632445;0.107427693;0.121553412;0.137161366;0.154425125;0.173538101;0.194711236;0.218170383;0.244153380;0.272906865;0.304682860;0.339735156;0.378315538;0.420669894;0.467034240;0.517630717;0.572663588;0.632315299;0.696742627;0.766072973;0.840400841;0.919784544;1.004243166;1.093753836;1.188249328;1.287616031;1.391692300;1.500267218;1.613079772;1.729818459;1.850121309;1.973576316;2.099722264;2.228049908;2.358003471;2.488982399;;;;;;;;;;;;;;;;;;;;;;;;;;;
-1.200;;;;;;;;;;;;;;;;;;;;;;;;;;;;;1.650585129;1.599085461;1.546554651;1.492764690;1.437582033;1.380959651;1.322928420;1.263588068;1.203097880;1.141667328;1.079546797;1.017018517;0.954387850;0.891974997;0.830107240;0.769111757;0.709309088;0.651007275;0.594496715;0.540045736;0.487896903;0.438264060;0.391330081;0.347245326;0.306126766;0.268057747;0.233088364;0.201236385;0.172488699;0.146803227;0.124111247;0.104320077;0.087316070;0.072967853;0.061129764;0.051645422;0.044351387;0.039080843;0.035667264;0.033947996;0.033767734;0.034981814;0.037459311;0.041085879;0.045766313;0.051426792;0.058016783;0.065510571;0.073908411;0.083237268;0.093551156;0.104931044;0.117484356;0.131344042;0.146667238;0.163633535;0.182442855;0.203312966;0.226476656;0.252178602;0.280671943;0.312214624;0.347065521;0.385480405;0.427707779;0.473984641;0.524532215;0.579551702;0.639220101;0.703686148;0.773066425;0.847441696;0.926853505;1.011301093;1.100738683;1.195073166;1.294162235;1.397812997;1.505781092;1.617770360;1.733433041;1.852370563;1.974134873;2.098230352;2.224116263;2.351209722;2.478889157;;;;;;;;;;;;;;;;;;;;;;;;;;;
-1.300;;;;;;;;;;;;;;;;;;;;;;;;;;;;;1.677950483;1.626906182;1.574714471;1.521136108;1.466031207;1.409350734;1.351127364;1.291465897;1.230533457;1.168549632;1.105776732;1.042510287;0.979069918;0.915790664;0.853014868;0.791084678;0.730335224;0.671088504;0.613648017;0.558294153;0.505280344;0.454829980;0.407134076;0.362349656;0.320598857;0.281968678;0.246511377;0.214245440;0.185157095;0.159202303;0.136309190;0.116380849;0.099298462;0.084924683;0.073107223;0.063682580;0.056479852;0.051324586;0.048042595;0.046463705;0.046425368;0.047776108;0.050378735;0.054113313;0.058879821;0.064600480;0.071221728;0.078715805;0.087081922;0.096347021;0.106566090;0.117822040;0.130225136;0.143911983;0.159044089;0.175805989;0.194402978;0.215058448;0.238010875;0.263510466;0.291815521;0.323188525;0.357892035;0.396184381;0.438315256;0.484521213;0.535021158;0.590011858;0.649663545;0.714115664;0.783472819;0.857800979;0.937124001;1.021420528;1.110621310;1.204607008;1.303206524;1.406195911;1.513297896;1.624182064;1.738465717;1.855715458;1.975449490;2.097140667;2.220220270;2.344082524;;;;;;;;;;;;;;;;;;;;;;;;;;;;
-1.400;;;;;;;;;;;;;;;;;;;;;;;;;;;;;1.705589038;1.655207494;1.603560273;1.550393578;1.495558430;1.439001566;1.380755706;1.320929392;1.259696633;1.197286521;1.133972975;1.070064775;1.005895977;0.941816835;0.878185304;0.815359198;0.753689053;0.693511740;0.635144859;0.578881917;0.524988318;0.473698134;0.425211666;0.379693761;0.337272862;0.298040752;0.262052953;0.229329737;0.199857690;0.173591791;0.150457934;0.130355846;0.113162333;0.098734804;0.086915001;0.077532877;0.070410575;0.065366425;0.062218923;0.060790630;0.060911933;0.062424625;0.065185259;0.069068220;0.073968496;0.079804094;0.086518076;0.094080200;0.102488119;0.111768148;0.121975565;0.133194455;0.145537077;0.159142776;0.174176433;0.190826468;0.209302422;0.229832124;0.252658494;0.278035985;0.306226723;0.337496377;0.372109796;0.410326476;0.452395894;0.498552776;0.549012342;0.603965603;0.663574761;0.727968779;0.797239190;0.871436194;0.950565136;1.034583400;1.123397803;1.216862547;1.314777782;1.416888846;1.522886232;1.632406335;1.745033013;1.860300021;1.977694327;2.096660353;2.216605149;2.336904512;;;;;;;;;;;;;;;;;;;;;;;;;;;;
-1.500;;;;;;;;;;;;;;;;;;;;;;;;;;;;;1.733037798;1.683550022;1.632678191;1.580150076;1.525804368;1.469580918;1.411510351;1.351703288;1.290339383;1.227656367;1.163939248;1.099509827;1.034716634;0.969925404;0.905510171;0.841845049;0.779296760;0.718217952;0.658941319;0.601774569;0.546996207;0.494852166;0.445553240;0.399273313;0.356148356;0.316276139;0.279716633;0.246493046;0.216593439;0.189972874;0.166556025;0.146240203;0.128898730;0.114384583;0.102534278;0.093171894;0.086113198;0.081169808;0.078153321;0.076879360;0.077171488;0.078864921;0.081810010;0.085875433;0.090951067;0.096950487;0.103813078;0.111505721;0.120024028;0.129393115;0.139667897;0.150932889;0.163301529;0.176915001;0.191940588;0.208569554;0.227014577;0.247506759;0.270292245;0.295628467;0.323780074;0.355014582;0.389597780;0.427788964;0.469836038;0.515970550;0.566402723;0.621316544;0.680864981;0.745165395;0.814295231;0.888288036;0.967129906;1.050756410;1.139050090;1.231838585;1.328893463;1.429929836;1.534606801;1.642528800;1.753247928;1.866267263;1.981045257;2.097001223;2.213521967;2.329969571;;;;;;;;;;;;;;;;;;;;;;;;;;;;
-1.600;;;;;;;;;;;;;;;;;;;;;;;;;;;;;1.759844905;1.711502552;1.661660069;1.610022323;1.556411905;1.500758639;1.443088498;1.383512143;1.322213308;1.259437218;1.195479203;1.130673655;1.065383447;0.999989923;0.934883553;0.870455304;0.807088808;0.745153350;0.684997705;0.626944854;0.571287559;0.518284822;0.468159175;0.421094811;0.377236507;0.336689296;0.299518858;0.265752571;0.235381168;0.208360945;0.184616460;0.164043652;0.146513329;0.131874951;0.119960635;0.110589337;0.103571123;0.098711479;0.095815597;0.094692570;0.095159447;0.097045088;0.100193766;0.104468483;0.109753937;0.115959113;0.123019464;0.130898646;0.139589790;0.149116284;0.159532058;0.170921357;0.183398007;0.197104167;0.212208581;0.228904343;0.247406191;0.267947367;0.290776047;0.316151410;0.344339359;0.375607956;0.410222615;0.448441110;0.490508459;0.536651738;0.587074916;0.641953749;0.701430834;0.765610891;0.834556343;0.908283288;0.986757938;1.069893606;1.157548330;1.249523211;1.345561554;1.445348877;1.548513886;1.654630482;1.763220863;1.873759804;1.985680169;2.098379713;2.211229219;2.323582026;;;;;;;;;;;;;;;;;;;;;;;;;;;;
-1.700;;;;;;;;;;;;;;;;;;;;;;;;;;;;;;1.738649346;1.690110124;1.639636849;1.587031652;1.532210671;1.475192200;1.416084489;1.355073417;1.292410243;1.228399576;1.163387731;1.097751589;1.031888069;0.966204294;0.901108533;0.837001967;0.774271325;0.713282408;0.654374528;0.597855859;0.543999692;0.493041575;0.445177322;0.400561843;0.359308771;0.321490821;0.287140848;0.256253533;0.228787642;0.204668801;0.183792705;0.166028719;0.151223773;0.139206510;0.129791602;0.122784165;0.117984224;0.115191143;0.114207968;0.114845622;0.116926898;0.120290189;0.124792916;0.130314596;0.136759523;0.144059018;0.152173221;0.161092390;0.170837703;0.181461532;0.193047190;0.205708148;0.219586709;0.234852178;0.251698503;0.270341449;0.291015291;0.313969093;0.339462583;0.367761689;0.399133766;0.433842585;0.472143128;0.514276263;0.560463364;0.610900947;0.665755404;0.725157904;0.789199561;0.857926936;0.931337980;1.009378492;1.091939199;1.178853535;1.269896225;1.364782764;1.463169870;1.564657030;1.668789189;1.775060704;1.882920622;1.991779364;2.101016898;2.209992451;2.318055835;;;;;;;;;;;;;;;;;;;;;;;;;;;;
-1.800;;;;;;;;;;;;;;;;;;;;;;;;;;;;;;1.764597804;1.717651900;1.668636288;1.617327646;1.563624196;1.507533012;1.449157020;1.388681910;1.326363149;1.262513269;1.197489572;1.131682379;1.065503946;0.999378106;0.933730743;0.868981120;0.805534135;0.743773500;0.684055885;0.626706005;0.572012664;0.520225715;0.471553927;0.426163717;0.384178698;0.345680005;0.310707341;0.279260682;0.251302575;0.226760979;0.205532559;0.187486383;0.172467936;0.160303393;0.150804064;0.143770961;0.138999398;0.136283569;0.135421039;0.136217073;0.138488767;0.142068902;0.146809481;0.152584907;0.159294751;0.166866066;0.175255239;0.184449324;0.194466860;0.205358141;0.217204940;0.230119671;0.244244009;0.259746957;0.276822397;0.295686120;0.316572387;0.339730044;0.365418225;0.393901701;0.425445921;0.460311797;0.498750305;0.540996967;0.587266282;0.637746196;0.692592673;0.751924478;0.815818246;0.884303930;0.957360739;1.034913643;1.116830569;1.202920376;1.292931710;1.386552861;1.483412699;1.583082823;1.685080995;1.788875976;1.893893858;1.999525977;2.105138515;2.210083840;;;;;;;;;;;;;;;;;;;;;;;;;;;;;
-1.900;;;;;;;;;;;;;;;;;;;;;;;;;;;;;;1.788986447;1.743935476;1.696685877;1.646983198;1.594702884;1.539836687;1.482478796;1.422811920;1.361093514;1.297642324;1.232825385;1.167045629;1.100730179;1.034319442;0.968257061;0.902980783;0.838914293;0.776460021;0.715992955;0.657855448;0.602353017;0.549751107;0.500272792;0.454097386;0.411359903;0.372151331;0.336519645;0.304471523;0.275974676;0.250960732;0.229328618;0.210948335;0.195665087;0.183303669;0.173673046;0.166571050;0.161789119;0.159117027;0.158347500;0.159280697;0.161728464;0.165518314;0.170497078;0.176534185;0.183524512;0.191390781;0.200085457;0.209592121;0.219926307;0.231135771;0.243300188;0.256530280;0.270966366;0.286776351;0.304153172;0.323311708;0.344485208;0.367921252;0.393877288;0.422615810;0.454399215;0.489484405;0.528117204;0.570526657;0.616919292;0.667473436;0.722333650;0.781605405;0.845350077;0.913580367;0.986256251;1.063281569;1.144501363;1.229700070;1.318600697;1.410865083;1.506095359;1.603836743;1.703581758;1.804776005;1.906825597;2.009106357;2.110974897;2.211781665;;;;;;;;;;;;;;;;;;;;;;;;;;;;;
-2.000;;;;;;;;;;;;;;;;;;;;;;;;;;;;;;1.811493228;1.768644939;1.723480158;1.675706872;1.625172217;1.571847904;1.515815417;1.457251195;1.396412017;1.333620734;1.269252522;1.203721779;1.137469765;1.070953090;1.004633111;0.938966297;0.874395604;0.811342876;0.750202304;0.691334911;0.635064091;0.581672141;0.531397787;0.484434641;0.440930562;0.400987850;0.364664227;0.331974533;0.302893080;0.277356577;0.255267566;0.236498291;0.220894918;0.208282037;0.198467358;0.191246543;0.186408083;0.183738153;0.183025378;0.184065441;0.186665468;0.190648129;0.195855406;0.202151968;0.209428113;0.217602233;0.226622774;0.236469646;0.247155080;0.258723894;0.271253181;0.284851392;0.299656827;0.315835554;0.333578748;0.353099502;0.374629114;0.398412908;0.424705621;0.453766410;0.485853545;0.521218834;0.560101870;0.602724165;0.649283260;0.699946897;0.754847345;0.814075984;0.877678251;0.945649049;1.017928748;1.094399872;1.174884614;1.259143283;1.346873826;1.437712535;1.531236069;1.626964941;1.724368560;1.822871992;1.921864542;2.020710301;2.118760752;2.215369588;;;;;;;;;;;;;;;;;;;;;;;;;;;;;
-2.100;;;;;;;;;;;;;;;;;;;;;;;;;;;;;;;1.791506102;1.748749853;1.703238596;1.654784884;1.603335005;1.548953158;1.491805684;1.432145523;1.370297089;1.306641711;1.241603764;1.175637611;1.109215433;1.042816027;0.976914626;0.911973780;0.848435314;0.786713389;0.727188654;0.670203476;0.616058231;0.565008612;0.517263927;0.472986328;0.432290912;0.395246647;0.361878040;0.332167493;0.306058256;0.283457916;0.264242334;0.248259955;0.235336410;0.225279333;0.217883309;0.212934883;0.210217546;0.209516639;0.210624085;0.213342903;0.217491431;0.222907203;0.229450424;0.237007001;0.245491083;0.254847073;0.265051083;0.276111813;0.288070825;0.301002207;0.315011629;0.330234782;0.346835219;0.365001612;0.384944451;0.406892213;0.431087049;0.457780022;0.487225969;0.519678023;0.555381889;0.594569930;0.637455149;0.684225164;0.735036257;0.790007602;0.849215790;0.912689738;0.980406120;1.052285433;1.128188822;1.207915795;1.291202960;1.377723925;1.467090489;1.558855270;1.652515913;1.747521017;1.843277921;1.939162498;2.034531083;2.128734690;;;;;;;;;;;;;;;;;;;;;;;;;;;;;;
-2.200;;;;;;;;;;;;;;;;;;;;;;;;;;;;;;;1.812294486;1.772268939;1.729355886;1.683326233;1.634094727;1.581703051;1.526303013;1.468140015;1.407537005;1.344879037;1.280598594;1.215161761;1.149055355;1.082775078;1.016814745;0.951656624;0.887762922;0.825568414;0.765474211;0.707842671;0.652993406;0.601200353;0.552689887;0.507639887;0.466179740;0.428391176;0.394309902;0.363927940;0.337196590;0.314029965;0.294308980;0.277885742;0.264588247;0.254225300;0.246591582;0.241472778;0.238650693;0.237908279;0.239034500;0.241828968;0.246106281;0.251700009;0.258466275;0.266286866;0.275071848;0.284761640;0.295328510;0.306777478;0.319146598;0.332506611;0.346959973;0.362639242;0.379704858;0.398342314;0.418758758;0.441179047;0.465841312;0.492992060;0.522880890;0.555754874;0.591852683;0.631398527;0.674596011;0.721621980;0.772620469;0.827696858;0.886912344;0.950278850;1.017754494;1.089239755;1.164574454;1.243535706;1.325836980;1.411128407;1.498998499;1.588977413;1.680541938;1.773122336;1.866111215;1.958874568;2.050765163;2.141138409;;;;;;;;;;;;;;;;;;;;;;;;;;;;;;
-2.300;;;;;;;;;;;;;;;;;;;;;;;;;;;;;;;;1.793861915;1.753880209;1.710619780;1.663956940;1.613904900;1.560595846;1.504263352;1.445225332;1.383867662;1.320628623;1.255984260;1.190434751;1.124491866;1.058667553;0.993463704;0.929363114;0.866821641;0.806261570;0.748066153;0.692575307;0.640082428;0.590832274;0.545019869;0.502790361;0.464239767;0.429416538;0.398323869;0.370922663;0.347135080;0.326848579;0.309920376;0.296182217;0.285445399;0.277505943;0.272149837;0.269158274;0.268312801;0.269400305;0.272217771;0.276576733;0.282307373;0.289262189;0.297319203;0.306384647;0.316395094;0.327319003;0.339157645;0.351945395;0.365749386;0.380668499;0.396831720;0.414395848;0.433542603;0.454475126;0.477413936;0.502592372;0.530251579;0.560635086;0.593983055;0.630526273;0.670479969;0.714037539;0.761364301;0.812591350;0.867809665;0.927064549;0.990350561;1.057607051;1.128714445;1.203491418;1.281693114;1.363010556;1.447071402;1.533442226;1.621632465;1.711100218;1.801260056;1.891493021;1.981158977;2.069611497;;;;;;;;;;;;;;;;;;;;;;;;;;;;;;;
-2.400;;;;;;;;;;;;;;;;;;;;;;;;;;;;;;;;1.813411301;1.776683490;1.736532814;1.692789398;1.645431249;1.594565134;1.540407859;1.483268149;1.423529263;1.361632497;1.298061658;1.233328631;1.167960072;1.102485322;1.037425531;0.973284063;0.910538141;0.849631761;0.790969835;0.734913547;0.681776869;0.631824202;0.585269076;0.542273844;0.502950315;0.467361233;0.435522532;0.407406286;0.382944264;0.362032003;0.344533321;0.330285158;0.319102686;0.310784580;0.305118367;0.301885778;0.300868014;0.301850848;0.304629503;0.309013209;0.314829412;0.321927533;0.330182271;0.339496351;0.349802726;0.361066163;0.373284197;0.386487442;0.400739233;0.416134607;0.432798611;0.450883966;0.470568097;0.492049558;0.515543888;0.541278951;0.569489800;0.600413146;0.634281478;0.671316938;0.711725022;0.755688209;0.803359621;0.854856819;0.910255868;0.969585784;1.032823499;1.099889489;1.170644209;1.244885491;1.322347049;1.402698285;1.485545526;1.570434902;1.656857016;1.744253603;1.832026349;1.919548069;2.006176419;2.091270339;;;;;;;;;;;;;;;;;;;;;;;;;;;;;;;
-2.500;;;;;;;;;;;;;;;;;;;;;;;;;;;;;;;;;1.797694815;1.760982097;1.720502524;1.676191324;1.628123274;1.576492766;1.521594537;1.463805210;1.403565778;1.341365145;1.277724809;1.213184760;1.148290639;1.083582200;1.019583087;0.956791941;0.895674811;0.836658871;0.780127391;0.726415926;0.675809683;0.628541986;0.584793792;0.544694174;0.508321695;0.475706592;0.446833691;0.421645950;0.400048549;0.381913440;0.367084251;0.355381468;0.346607793;0.340553593;0.337002359;0.335736078;0.336540453;0.339209883;0.343552141;0.349392668;0.356578445;0.364981363;0.374501064;0.385067186;0.396641004;0.409216419;0.422820280;0.437512029;0.453382663;0.470553014;0.489171364;0.509410412;0.531463623;0.555541001;0.581864329;0.610661933;0.642163036;0.676591779;0.714160983;0.755065757;0.799477037;0.847535177;0.899343705;0.954963364;1.014406585;1.077632515;1.144542762;1.214978009;1.288715656;1.365468659;1.444885748;1.526553193;1.609998312;1.694694905;1.780070816;1.865517809;1.950403972;2.034088841;;;;;;;;;;;;;;;;;;;;;;;;;;;;;;;;
-2.600;;;;;;;;;;;;;;;;;;;;;;;;;;;;;;;;;1.816907367;1.783939737;1.747054286;1.706134980;1.661217200;1.612466512;1.560158169;1.504657491;1.446401277;1.385880327;1.323623196;1.260181217;1.196114865;1.131981494;1.068324448;1.005663569;0.944487077;0.885244806;0.828342761;0.774138948;0.722940425;0.675001509;0.630523080;0.589652892;0.552486818;0.519070943;0.489404419;0.463442977;0.441103024;0.422266208;0.406784375;0.394484808;0.385175663;0.378651508;0.374698877;0.373101746;0.373646860;0.376128815;0.380354840;0.386149195;0.393357128;0.401848334;0.411519864;0.422298438;0.434142127;0.447041381;0.461019367;0.476131619;0.492464989;0.510135900;0.529287920;0.550088673;0.572726121;0.597404263;0.624338281;0.653749217;0.685858233;0.720880528;0.759019019;0.800457859;0.845355908;0.893840277;0.946000051;1.001880344;1.061476804;1.124730740;1.191525005;1.261680813;1.334955665;1.411042541;1.489570577;1.570107382;1.652163226;1.735197273;1.818626089;1.901834624;1.984189892;2.065057552;;;;;;;;;;;;;;;;;;;;;;;;;;;;;;;;
-2.700;;;;;;;;;;;;;;;;;;;;;;;;;;;;;;;;;;1.805439276;1.772455207;1.735256712;1.693831470;1.648308979;1.598938744;1.546069428;1.490129102;1.431606687;1.371034706;1.308973374;1.245996109;1.182676479;1.119576603;1.057237010;0.996167937;0.936842051;0.879688541;0.825088554;0.773371902;0.724814972;0.679639792;0.638014137;0.600052625;0.565818691;0.535327361;0.508548718;0.485411978;0.465810067;0.449604600;0.436631176;0.426704873;0.419625870;0.415185086;0.413169750;0.413368825;0.415578192;0.419605531;0.425274812;0.432430343;0.440940307;0.450699747;0.461632939;0.473695122;0.486873562;0.501187912;0.516689870;0.533462121;0.551616569;0.571291879;0.592650336;0.615874072;0.641160691;0.668718343;0.698760320;0.731499226;0.767140820;0.805877614;0.847882326;0.893301302;0.942248019;0.994796811;1.050976942;1.110767185;1.174091053;1.240812858;1.310734759;1.383594993;1.459067464;1.536762899;1.616231768;1.696969175;1.778421943;1.859998104;1.941079039;2.021034474;;;;;;;;;;;;;;;;;;;;;;;;;;;;;;;;;
-2.800;;;;;;;;;;;;;;;;;;;;;;;;;;;;;;;;;;1.825582094;1.796773602;1.763599810;1.725991413;1.684033701;1.637943347;1.588046240;1.534756495;1.478556748;1.419979822;1.359591831;1.297976765;1.235722597;1.173408914;1.111596074;1.050815876;0.991563719;0.934292195;0.879406082;0.827258669;0.778149347;0.732322388;0.689966831;0.651217392;0.616156298;0.584815954;0.557182344;0.533199067;0.512771899;0.495773793;0.482050200;0.471424625;0.463704305;0.458685928;0.456161294;0.455922820;0.457768826;0.461508502;0.466966491;0.473987024;0.482437537;0.492211724;0.503231971;0.515451138;0.528853656;0.543455915;0.559305931;0.576482282;0.595092333;0.615269735;0.637171257;0.660972955;0.686865737;0.715050373;0.745732018;0.779114314;0.815393161;0.854750255;0.897346489;0.943315336;0.992756346;1.045728876;1.102246218;1.162270263;1.225706871;1.292402121;1.362139629;1.434639107;1.509556383;1.586485072;1.664960131;1.744463496;1.824432055;1.904268174;1.983353027;2.061062967;;;;;;;;;;;;;;;;;;;;;;;;;;;;;;;;;
-2.900;;;;;;;;;;;;;;;;;;;;;;;;;;;;;;;;;;;1.820141142;1.791260743;1.757766419;1.719690146;1.677207787;1.630615517;1.580307516;1.526755031;1.470486890;1.412071541;1.352100656;1.291174327;1.229887872;1.168820235;1.108523982;1.049516838;0.992274741;0.937226355;0.884748968;0.835165723;0.788744086;0.745695474;0.706175950;0.670287889;0.638082519;0.609563224;0.584689524;0.563381608;0.545525324;0.530977525;0.519571656;0.511123490;0.505436908;0.502309636;0.501538835;0.502926467;0.506284352;0.511438835;0.518235002;0.526540375;0.536248031;0.547279097;0.559584583;0.573146513;0.587978344;0.604124642;0.621660026;0.640687371;0.661335296;0.683754954;0.708116160;0.734602907;0.763408318;0.794729109;0.828759636;0.865685605;0.905677565;0.948884276;0.995426069;1.045388350;1.098815365;1.155704393;1.216000525;1.279592195;1.346307654;1.415912572;1.488108969;1.562535691;1.638770635;1.716334967;1.794699555;1.873293864;1.951517558;2.028755077;;;;;;;;;;;;;;;;;;;;;;;;;;;;;;;;;;
-3.000;;;;;;;;;;;;;;;;;;;;;;;;;;;;;;;;;;;;1.818393900;1.789273502;1.755366178;1.716798039;1.673827722;1.626822670;1.576236885;1.522590213;1.466449243;1.408409857;1.349081458;1.289072882;1.228979989;1.169374923;1.110796988;1.053745105;0.998671800;0.945978643;0.896013069;0.849066505;0.805373704;0.765113195;0.728408750;0.695331769;0.665904470;0.640103782;0.617865826;0.599090888;0.583648758;0.571384341;0.562123433;0.555678555;0.551854748;0.550455241;0.551286890;0.554165313;0.558919642;0.565396810;0.573465321;0.583018434;0.593976717;0.606289930;0.619938193;0.634932433;0.651314077;0.669154002;0.688550729;0.709627896;0.732531020;0.757423590;0.784482540;0.813893160;0.845843502;0.880518387;0.918093070;0.958726704;1.002555681;1.049686999;1.100191784;1.154099111;1.211390287;1.271993764;1.335780857;1.402562469;1.472087006;1.544039713;1.618043628;1.693662406;1.770405234;1.847734095;1.925073626;2.001823851;;;;;;;;;;;;;;;;;;;;;;;;;;;;;;;;;;;
-3.100;;;;;;;;;;;;;;;;;;;;;;;;;;;;;;;;;;;;1.845216828;1.820681257;1.791190821;1.756811905;1.717756820;1.674358589;1.627047295;1.576328060;1.522760732;1.466941301;1.409485091;1.351011719;1.292131815;1.233435481;1.175482459;1.118793943;1.063845987;1.011064445;0.960821343;0.913432623;0.869157143;0.828196855;0.790698042;0.756753517;0.726405667;0.699650243;0.676440766;0.656693454;0.640292543;0.627095906;0.616940847;0.609649978;0.605037064;0.602912750;0.603090069;0.605389651;0.609644540;0.615704561;0.623440149;0.632745605;0.643541700;0.655777606;0.669432108;0.684514075;0.701062176;0.719143833;0.738853420;0.760309719;0.783652660;0.809039396;0.836639731;0.866631003;0.899192450;0.934499180;0.972715815;1.013989927;1.058445381;1.106175719;1.157237723;1.211645305;1.269363911;1.330305582;1.394324894;1.461215950;1.530710646;1.602478430;1.676127785;1.751209665;1.827223159;1.903623618;1.979833523;2.055256379;;;;;;;;;;;;;;;;;;;;;;;;;;;;;;;;;;;
-3.200;;;;;;;;;;;;;;;;;;;;;;;;;;;;;;;;;;;;;1.852214393;1.827337506;1.797381055;1.762501207;1.722987923;1.679239810;1.631740713;1.581038099;1.527723274;1.472413464;1.415735749;1.358312849;1.300750731;1.243627998;1.187487010;1.132826669;1.080096795;1.029694024;0.981959112;0.937175579;0.895569566;0.857310815;0.822514646;0.791244838;0.763517276;0.739304265;0.718539388;0.701122793;0.686926789;0.675801657;0.667581540;0.662090337;0.659147469;0.658573452;0.660195163;0.663850721;0.669393923;0.676698135;0.685659602;0.696200112;0.708268972;0.721844256;0.736933308;0.753572480;0.771826093;0.791784640;0.813562235;0.837293343;0.863128827;0.891231361;0.921770274;0.954915905;0.990833537;1.029677033;1.071582267;1.116660482;1.164991699;1.216618348;1.271539254;1.329704163;1.391009000;1.455292032;1.522331169;1.591842604;1.663481028;1.736841664;1.811464370;1.886840068;1.962419779;2.037626548;;;;;;;;;;;;;;;;;;;;;;;;;;;;;;;;;;;;
-3.300;;;;;;;;;;;;;;;;;;;;;;;;;;;;;;;;;;;;;;1.864027970;1.838673625;1.808185093;1.772799600;1.732875768;1.688868722;1.641307097;1.590771972;1.537877759;1.483255052;1.427535401;1.371338009;1.315258285;1.259858209;1.205658447;1.153132119;1.102700161;1.054728165;1.009524609;0.967340368;0.928369389;0.892750430;0.860569729;0.831864496;0.806627098;0.784809833;0.766330148;0.751076210;0.738912699;0.729686710;0.723233664;0.719383118;0.717964375;0.718811807;0.721769796;0.726697214;0.733471386;0.741991447;0.752181057;0.763990419;0.777397571;0.792408916;0.809058981;0.827409391;0.847547083;0.869581749;0.893642559;0.919874194;0.948432246;0.979478044;1.013172988;1.049672483;1.089119562;1.131638336;1.177327373;1.226253167;1.278443838;1.333883236;1.392505628;1.454191149;1.518762239;1.585981260;1.655549549;1.727108115;1.800240262;1.874476381;1.949301191;2.024163725;;;;;;;;;;;;;;;;;;;;;;;;;;;;;;;;;;;;;
-3.400;;;;;;;;;;;;;;;;;;;;;;;;;;;;;;;;;;;;;;;1.880897605;1.854960575;1.823899672;1.788023993;1.747751553;1.703584818;1.656088275;1.605868061;1.553553634;1.499781480;1.445180825;1.390361289;1.335902446;1.282345196;1.230184890;1.179866097;1.131778934;1.086256846;1.043575720;1.003954232;0.967555298;0.934488510;0.904813436;0.878543653;0.855651406;0.836072742;0.819713025;0.806452698;0.796153173;0.788662754;0.783822464;0.781471689;0.781453541;0.783619846;0.787835678;0.793983362;0.801965889;0.811709673;0.823166613;0.836315419;0.851162173;0.867740108;0.886108607;0.906351414;0.928574087;0.952900719;0.979469964;1.008430424;1.039935475;1.074137593;1.111182282;1.151201722;1.194308232;1.240587698;1.290093107;1.342838350;1.398792453;1.457874446;1.519949037;1.584823339;1.652244842;1.721900892;1.793419913;1.866374643;1.940287650;2.014639430;;;;;;;;;;;;;;;;;;;;;;;;;;;;;;;;;;;;;;
-3.500;;;;;;;;;;;;;;;;;;;;;;;;;;;;;;;;;;;;;;;;1.903010616;1.876412964;1.844761217;1.808426856;1.767877889;1.723654968;1.676349667;1.626584906;1.574997516;1.522222891;1.468881682;1.415568486;1.362842423;1.311219550;1.261166998;1.213098732;1.167372835;1.124290192;1.084094460;1.046973197;1.013060032;0.982437738;0.955142089;0.931166369;0.910466402;0.892965987;0.878562607;0.867133290;0.858540522;0.852638078;0.849276690;0.848309432;0.849596748;0.853011022;0.858440629;0.865793390;0.874999368;0.886012971;0.898814312;0.913409796;0.929831926;0.948138315;0.968409913;0.990748467;1.015273239;1.042117038;1.071421607;1.103332446;1.137993142;1.175539319;1.216092297;1.259752603;1.306593454;1.356654380;1.409935135;1.466390090;1.525923292;1.588384398;1.653565703;1.721200501;1.790963017;1.862470181;1.935285512;2.008925398;;;;;;;;;;;;;;;;;;;;;;;;;;;;;;;;;;;;;;;
-3.600;;;;;;;;;;;;;;;;;;;;;;;;;;;;;;;;;;;;;;;;;1.930485830;1.903173481;1.870930615;1.834181465;1.793434646;1.749259997;1.702267680;1.653089516;1.602362513;1.550714529;1.498752019;1.447049761;1.396142504;1.346518408;1.298614196;1.252811889;1.209437012;1.168758149;1.130987710;1.096283797;1.064753019;1.036454135;1.011402390;0.989574413;0.970913546;0.955335475;0.942734047;0.932987148;0.925962528;0.921523468;0.919534183;0.919864871;0.922396318;0.927023977;0.933661460;0.942243371;0.952727443;0.965095925;0.979356199;0.995540608;1.013705488;1.033929407;1.056310633;1.080963866;1.108016271;1.137602873;1.169861389;1.204926574;1.242924193;1.283964720;1.328136895;1.375501288;1.426084017;1.479870800;1.536801514;1.596765478;1.659597657;1.725076028;1.792920344;1.862792559;1.934299176;2.006995812;;;;;;;;;;;;;;;;;;;;;;;;;;;;;;;;;;;;;;;;
-3.700;;;;;;;;;;;;;;;;;;;;;;;;;;;;;;;;;;;;;;;;;;1.963358826;1.935298476;1.902479283;1.865368593;1.824506383;1.780482943;1.733918911;1.685447587;1.635699507;1.585289169;1.534803850;1.484794421;1.435768038;1.388182630;1.342443031;1.298898669;1.257842651;1.219512135;1.184089847;1.151706604;1.122444712;1.096342097;1.073397037;1.053573363;1.036805988;1.023006656;1.012069766;1.003878168;0.998308820;0.995238189;0.994547311;0.996126411;0.999879013;1.005725452;1.013605741;1.023481732;1.035338530;1.049185140;1.065054309;1.083001582;1.103103551;1.125455344;1.150167362;1.177361324;1.207165679;1.239710453;1.275121620;1.313515106;1.354990537;1.399624867;1.447466022;1.498526746;1.552778793;1.610147688;1.670508244;1.733681066;1.799430270;1.867462689;1.937428802;2.008925700;;;;;;;;;;;;;;;;;;;;;;;;;;;;;;;;;;;;;;;;;
-3.800;;;;;;;;;;;;;;;;;;;;;;;;;;;;;;;;;;;;;;;;;;;2.001568594;1.972745126;1.939376961;1.901965048;1.861071736;1.817299404;1.771271505;1.723615946;1.674950747;1.625871865;1.576943117;1.528688068;1.481583782;1.436056319;1.392477835;1.351165167;1.312379758;1.276328784;1.243167351;1.213001604;1.185892629;1.161860982;1.140891737;1.122939886;1.107935993;1.095791945;1.086406702;1.079671918;1.075477329;1.073715808;1.074287994;1.077106407;1.082098988;1.089211975;1.098412097;1.109688002;1.123050928;1.138534565;1.156194127;1.176104620;1.198358343;1.223061640;1.250330966;1.280288313;1.313056083;1.348751495;1.387480630;1.429332243;1.474371461;1.522633542;1.574117845;1.628782198;1.686537863;1.747245319;1.810711081;1.876685804;1.944863945;2.014885236;;;;;;;;;;;;;;;;;;;;;;;;;;;;;;;;;;;;;;;;;;
-3.900;;;;;;;;;;;;;;;;;;;;;;;;;;;;;;;;;;;;;;;;;;;;2.044946078;2.015360613;1.981481645;1.943834468;1.902995170;1.859570307;1.814179026;1.767437565;1.719946029;1.672277340;1.624968264;1.578512372;1.533354833;1.489888882;1.448453851;1.409334600;1.372762216;1.338915832;1.307925426;1.279875437;1.254809082;1.232733198;1.213623504;1.197430119;1.184083228;1.173498755;1.165583938;1.160242677;1.157380575;1.156909556;1.158751982;1.162844194;1.169139412;1.177609928;1.188248563;1.201069346;1.216107398;1.233418016;1.253074961;1.275167971;1.299799538;1.327080986;1.357127925;1.390055160;1.425971131;1.464972020;1.507135628;1.552515167;1.601133138;1.652975444;1.707985950;1.766061674;1.827048853;1.890740095;1.956872900;2.025129796;;;;;;;;;;;;;;;;;;;;;;;;;;;;;;;;;;;;;;;;;;;
-4.000;;;;;;;;;;;;;;;;;;;;;;;;;;;;;;;;;;;;;;;;;;;;;;2.062873756;2.028532092;1.990720783;1.950021470;1.907037500;1.862377189;1.816639466;1.770401795;1.724210264;1.678571695;1.633947673;1.590750333;1.549339775;1.510022956;1.473053917;1.438635183;1.406920199;1.378016642;1.351990467;1.328870539;1.308653700;1.291310142;1.276788955;1.265023699;1.255937913;1.249450406;1.245480266;1.243951445;1.244796875;1.247961993;1.253407650;1.261112304;1.271073489;1.283308507;1.297854321;1.314766654;1.334118292;1.355996616;1.380500394;1.407735888;1.437812335;1.470836893;1.506909133;1.546115204;1.588521795;1.634170030;1.683069476;1.735192419;1.790468626;1.848780786;1.909960871;1.973787656;;;;;;;;;;;;;;;;;;;;;;;;;;;;;;;;;;;;;;;;;;;;;
-4.100;;;;;;;;;;;;;;;;;;;;;;;;;;;;;;;;;;;;;;;;;;;;;;;2.114889574;2.080143335;2.042244762;2.001773383;1.959322533;1.915483799;1.870833831;1.825923418;1.781268696;1.737344340;1.694578614;1.653350115;1.613986079;1.576762077;1.541902956;1.509584873;1.479938257;1.453051556;1.428975607;1.407728493;1.389300740;1.373660704;1.360760038;1.350539096;1.342932157;1.337872371;1.335296313;1.335148057;1.337382700;1.341969243;1.348892794;1.358156030;1.369779895;1.383803503;1.400283245;1.419291105;1.440912213;1.465241650;1.492380588;1.522431800;1.555494653;1.591659651;1.631002678;1.673579043;1.719417497;1.768514378;1.820828071;1.876273981;1.934720247;1.995984413;;;;;;;;;;;;;;;;;;;;;;;;;;;;;;;;;;;;;;;;;;;;;;
-4.200;;;;;;;;;;;;;;;;;;;;;;;;;;;;;;;;;;;;;;;;;;;;;;;;;2.135805644;2.097904060;2.057752786;2.015928971;1.973002230;1.929522639;1.886010958;1.842950932;1.800783534;1.759902990;1.720654431;1.683333019;1.648184377;1.615406174;1.585150693;1.557528243;1.532611233;1.510438779;1.491021692;1.474347686;1.460386700;1.449096180;1.440426210;1.434324378;1.430740274;1.429629518;1.430957249;1.434700985;1.440852811;1.449420832;1.460429868;1.473921354;1.489952463;1.508594424;1.529930089;1.554050766;1.581052381;1.611031027;1.644078003;1.680274423;1.719685531;1.762354852;1.808298332;1.857498636;1.909899805;1.965402458;;;;;;;;;;;;;;;;;;;;;;;;;;;;;;;;;;;;;;;;;;;;;;;;
-4.300;;;;;;;;;;;;;;;;;;;;;;;;;;;;;;;;;;;;;;;;;;;;;;;;;;;2.157077169;2.117345773;2.076248611;2.034328756;1.992106089;1.950068642;1.908665969;1.868304392;1.829343944;1.792096862;1.756827463;1.723753230;1.693046944;1.664839712;1.639224713;1.616261521;1.595980835;1.578389496;1.563475623;1.551213751;1.541569840;1.534506049;1.529985143;1.527974471;1.528449394;1.531396116;1.536813840;1.544716205;1.555131962;1.568104879;1.583692851;1.601966237;1.623005431;1.646897718;1.673733463;1.703601702;1.736585227;1.772755266;1.812165885;1.854848242;1.900804866;1.950004122;;;;;;;;;;;;;;;;;;;;;;;;;;;;;;;;;;;;;;;;;;;;;;;;;;
-4.400;;;;;;;;;;;;;;;;;;;;;;;;;;;;;;;;;;;;;;;;;;;;;;;;;;;;;2.179832001;2.139571919;2.098764043;2.057895081;2.017418268;1.977747761;1.939254818;1.902265609;1.867060471;1.833874449;1.802898949;1.774284335;1.748143305;1.724554884;1.703568883;1.685210664;1.669486074;1.656386410;1.645893280;1.637983249;1.632632155;1.629818995;1.629529289;1.631757862;1.636510950;1.643807610;1.653680378;1.666175149;1.681350292;1.699274976;1.720026758;1.743688457;1.770344365;1.800075884;1.832956662;1.869047343;1.908390065;1.951002825;;;;;;;;;;;;;;;;;;;;;;;;;;;;;;;;;;;;;;;;;;;;;;;;;;;;
-4.500;;;;;;;;;;;;;;;;;;;;;;;;;;;;;;;;;;;;;;;;;;;;;;;;;;;;;;;2.205102992;2.165529039;2.126127978;2.087316747;2.049473417;2.012934243;1.977992258;1.944897209;1.913856679;1.885038209;1.858572260;1.834555837;1.813056631;1.794117508;1.777761198;1.763995060;1.752815767;1.744213801;1.738177648;1.734697572;1.733768906;1.735394745;1.739588012;1.746372814;1.755785062;1.767872339;1.782692985;1.800314431;1.820810781;1.844259705;1.870738676;1.900320647;1.933069241;1.969033580;;;;;;;;;;;;;;;;;;;;;;;;;;;;;;;;;;;;;;;;;;;;;;;;;;;;;;
-4.600;;;;;;;;;;;;;;;;;;;;;;;;;;;;;;;;;;;;;;;;;;;;;;;;;;;;;;;;;;2.195991826;2.158977883;2.123085428;2.088616145;2.055830948;2.024950516;1.996156892;1.969595981;1.945380769;1.923595100;1.904297848;1.887527341;1.873305879;1.861644216;1.852545880;1.846011214;1.842041029;1.840639777;1.841818165;1.845595138;1.851999178;1.861068877;1.872852767;1.887408383;1.904800579;1.925099113;1.948375546;1.974699505;;;;;;;;;;;;;;;;;;;;;;;;;;;;;;;;;;;;;;;;;;;;;;;;;;;;;;;;;
-4.700;;;;;;;;;;;;;;;;;;;;;;;;;;;;;;;;;;;;;;;;;;;;;;;;;;;;;;;;;;;;;;2.165574331;2.135097608;2.106581007;2.080182940;2.056029781;2.034219242;2.014824192;1.997896764;1.983472601;1.971575103;1.962219540;1.955416911;1.951177446;1.949513651;1.950442806;1.953988857;1.960183639;1.969067384;1.980688503;1.995102612;;;;;;;;;;;;;;;;;;;;;;;;;;;;;;;;;;;;;;;;;;;;;;;;;;;;;;;;;;;;;
-4.800;;;;;;;;;;;;;;;;;;;;;;;;;;;;;;;;;;;;;;;;;;;;;;;;;;;;;;;;;;;;;;;;;;;;2.124661074;2.107874401;2.093542751;2.081700222;2.072372029;2.065578160;2.061336688;2.059666665;;;;;;;;;;;;;;;;;;;;;;;;;;;;;;;;;;;;;;;;;;;;;;;;;;;;;;;;;;;;;;;;;;;
-4.900;;;;;;;;;;;;;;;;;;;;;;;;;;;;;;;;;;;;;;;;;;;;;;;;;;;;;;;;;;;;;;;;;;;;;;;;;;;;;;;;;;;;;;;;;;;;;;;;;;;;;;;;;;;;;;;;;;;;;;;;;;;;;;;;;;;;;;;;;;;;;;
-5.000;;;;;;;;;;;;;;;;;;;;;;;;;;;;;;;;;;;;;;;;;;;;;;;;;;;;;;;;;;;;;;;;;;;;;;;;;;;;;;;;;;;;;;;;;;;;;;;;;;;;;;;;;;;;;;;;;;;;;;;;;;;;;;;;;;;;;;;;;;;;;;
-5.100;;;;;;;;;;;;;;;;;;;;;;;;;;;;;;;;;;;;;;;;;;;;;;;;;;;;;;;;;;;;;;;;;;;;;;;;;;;;;;;;;;;;;;;;;;;;;;;;;;;;;;;;;;;;;;;;;;;;;;;;;;;;;;;;;;;;;;;;;;;;;;
-5.200;;;;;;;;;;;;;;;;;;;;;;;;;;;;;;;;;;;;;;;;;;;;;;;;;;;;;;;;;;;;;;;;;;;;;;;;;;;;;;;;;;;;;;;;;;;;;;;;;;;;;;;;;;;;;;;;;;;;;;;;;;;;;;;;;;;;;;;;;;;;;;
-5.300;;;;;;;;;;;;;;;;;;;;;;;;;;;;;;;;;;;;;;;;;;;;;;;;;;;;;;;;;;;;;;;;;;;;;;;;;;;;;;;;;;;;;;;;;;;;;;;;;;;;;;;;;;;;;;;;;;;;;;;;;;;;;;;;;;;;;;;;;;;;;;
-5.400;;;;;;;;;;;;;;;;;;;;;;;;;;;;;;;;;;;;;;;;;;;;;;;;;;;;;;;;;;;;;;;;;;;;;;;;;;;;;;;;;;;;;;;;;;;;;;;;;;;;;;;;;;;;;;;;;;;;;;;;;;;;;;;;;;;;;;;;;;;;;;
-5.500;;;;;;;;;;;;;;;;;;;;;;;;;;;;;;;;;;;;;;;;;;;;;;;;;;;;;;;;;;;;;;;;;;;;;;;;;;;;;;;;;;;;;;;;;;;;;;;;;;;;;;;;;;;;;;;;;;;;;;;;;;;;;;;;;;;;;;;;;;;;;;
-5.600;;;;;;;;;;;;;;;;;;;;;;;;;;;;;;;;;;;;;;;;;;;;;;;;;;;;;;;;;;;;;;;;;;;;;;;;;;;;;;;;;;;;;;;;;;;;;;;;;;;;;;;;;;;;;;;;;;;;;;;;;;;;;;;;;;;;;;;;;;;;;;
-5.700;;;;;;;;;;;;;;;;;;;;;;;;;;;;;;;;;;;;;;;;;;;;;;;;;;;;;;;;;;;;;;;;;;;;;;;;;;;;;;;;;;;;;;;;;;;;;;;;;;;;;;;;;;;;;;;;;;;;;;;;;;;;;;;;;;;;;;;;;;;;;;
-5.800;;;;;;;;;;;;;;;;;;;;;;;;;;;;;;;;;;;;;;;;;;;;;;;;;;;;;;;;;;;;;;;;;;;;;;;;;;;;;;;;;;;;;;;;;;;;;;;;;;;;;;;;;;;;;;;;;;;;;;;;;;;;;;;;;;;;;;;;;;;;;;
-5.900;;;;;;;;;;;;;;;;;;;;;;;;;;;;;;;;;;;;;;;;;;;;;;;;;;;;;;;;;;;;;;;;;;;;;;;;;;;;;;;;;;;;;;;;;;;;;;;;;;;;;;;;;;;;;;;;;;;;;;;;;;;;;;;;;;;;;;;;;;;;;;
-6.000;;;;;;;;;;;;;;;;;;;;;;;;;;;;;;;;;;;;;;;;;;;;;;;;;;;;;;;;;;;;;;;;;;;;;;;;;;;;;;;;;;;;;;;;;;;;;;;;;;;;;;;;;;;;;;;;;;;;;;;;;;;;;;;;;;;;;;;;;;;;;;
-6.100;;;;;;;;;;;;;;;;;;;;;;;;;;;;;;;;;;;;;;;;;;;;;;;;;;;;;;;;;;;;;;;;;;;;;;;;;;;;;;;;;;;;;;;;;;;;;;;;;;;;;;;;;;;;;;;;;;;;;;;;;;;;;;;;;;;;;;;;;;;;;;
-6.200;;;;;;;;;;;;;;;;;;;;;;;;;;;;;;;;;;;;;;;;;;;;;;;;;;;;;;;;;;;;;;;;;;;;;;;;;;;;;;;;;;;;;;;;;;;;;;;;;;;;;;;;;;;;;;;;;;;;;;;;;;;;;;;;;;;;;;;;;;;;;;
-6.300;;;;;;;;;;;;;;;;;;;;;;;;;;;;;;;;;;;;;;;;;;;;;;;;;;;;;;;;;;;;;;;;;;;;;;;;;;;;;;;;;;;;;;;;;;;;;;;;;;;;;;;;;;;;;;;;;;;;;;;;;;;;;;;;;;;;;;;;;;;;;;
-6.400;;;;;;;;;;;;;;;;;;;;;;;;;;;;;;;;;;;;;;;;;;;;;;;;;;;;;;;;;;;;;;;;;;;;;;;;;;;;;;;;;;;;;;;;;;;;;;;;;;;;;;;;;;;;;;;;;;;;;;;;;;;;;;;;;;;;;;;;;;;;;;
-6.500;;;;;;;;;;;;;;;;;;;;;;;;;;;;;;;;;;;;;;;;;;;;;;;;;;;;;;;;;;;;;;;;;;;;;;;;;;;;;;;;;;;;;;;;;;;;;;;;;;;;;;;;;;;;;;;;;;;;;;;;;;;;;;;;;;;;;;;;;;;;;;
-6.600;;;;;;;;;;;;;;;;;;;;;;;;;;;;;;;;;;;;;;;;;;;;;;;;;;;;;;;;;;;;;;;;;;;;;;;;;;;;;;;;;;;;;;;;;;;;;;;;;;;;;;;;;;;;;;;;;;;;;;;;;;;;;;;;;;;;;;;;;;;;;;
-6.700;;;;;;;;;;;;;;;;;;;;;;;;;;;;;;;;;;;;;;;;;;;;;;;;;;;;;;;;;;;;;;;;;;;;;;;;;;;;;;;;;;;;;;;;;;;;;;;;;;;;;;;;;;;;;;;;;;;;;;;;;;;;;;;;;;;;;;;;;;;;;;
-6.800;;;;;;;;;;;;;;;;;;;;;;;;;;;;;;;;;;;;;;;;;;;;;;;;;;;;;;;;;;;;;;;;;;;;;;;;;;;;;;;;;;;;;;;;;;;;;;;;;;;;;;;;;;;;;;;;;;;;;;;;;;;;;;;;;;;;;;;;;;;;;;
-6.900;;;;;;;;;;;;;;;;;;;;;;;;;;;;;;;;;;;;;;;;;;;;;;;;;;;;;;;;;;;;;;;;;;;;;;;;;;;;;;;;;;;;;;;;;;;;;;;;;;;;;;;;;;;;;;;;;;;;;;;;;;;;;;;;;;;;;;;;;;;;;;
-7.000;;;;;;;;;;;;;;;;;;;;;;;;;;;;;;;;;;;;;;;;;;;;;;;;;;;;;;;;;;;;;;;;;;;;;;;;;;;;;;;;;;;;;;;;;;;;;;;;;;;;;;;;;;;;;;;;;;;;;;;;;;;;;;;;;;;;;;;;;;;;;;
BACK related to FRONT [mm];-7.000;-6.900;-6.800;-6.700;-6.600;-6.500;-6.400;-6.300;-6.200;-6.100;-6.000;-5.900;-5.800;-5.700;-5.600;-5.500;-5.400;-5.300;-5.200;-5.100;-5.000;-4.900;-4.800;-4.700;-4.600;-4.500;-4.400;-4.300;-4.200;-4.100;-4.000;-3.900;-3.800;-3.700;-3.600;-3.500;-3.400;-3.300;-3.200;-3.100;-3.000;-2.900;-2.800;-2.700;-2.600;-2.500;-2.400;-2.300;-2.200;-2.100;-2.000;-1.900;-1.800;-1.700;-1.600;-1.500;-1.400;-1.300;-1.200;-1.100;-1.000;-0.900;-0.800;-0.700;-0.600;-0.500;-0.400;-0.300;-0.200;-0.100;0.000;0.100;0.200;0.300;0.400;0.500;0.600;0.700;0.800;0.900;1.000;1.100;1.200;1.300;1.400;1.500;1.600;1.700;1.800;1.900;2.000;2.100;2.200;2.300;2.400;2.500;2.600;2.700;2.800;2.900;3.000;3.100;3.200;3.300;3.400;3.500;3.600;3.700;3.800;3.900;4.000;4.100;4.200;4.300;4.400;4.500;4.600;4.700;4.800;4.900;5.000;5.100;5.200;5.300;5.400;5.500;5.600;5.700;5.800;5.900;6.000;6.100;6.200;6.300;6.400;6.500;6.600;6.700;6.800;6.900;7.000;
7.000;;;;;;;;;;;;;;;;;;;;;;;;;;;;;;;;;;;;;;;;;;;;;;;;;;;;;;;;;;;;;;;;;;;;;;;;;;;;;;;;;;;;;;;;;;;;;;;;;;;;;;;;;;;;;;;;;;;;;;;;;;;;;;;;;;;;;;;;;;;;;;
6.900;;;;;;;;;;;;;;;;;;;;;;;;;;;;;;;;;;;;;;;;;;;;;;;;;;;;;;;;;;;;;;;;;;;;;;;;;;;;;;;;;;;;;;;;;;;;;;;;;;;;;;;;;;;;;;;;;;;;;;;;;;;;;;;;;;;;;;;;;;;;;;
6.800;;;;;;;;;;;;;;;;;;;;;;;;;;;;;;;;;;;;;;;;;;;;;;;;;;;;;;;;;;;;;;;;;;;;;;;;;;;;;;;;;;;;;;;;;;;;;;;;;;;;;;;;;;;;;;;;;;;;;;;;;;;;;;;;;;;;;;;;;;;;;;
6.700;;;;;;;;;;;;;;;;;;;;;;;;;;;;;;;;;;;;;;;;;;;;;;;;;;;;;;;;;;;;;;;;;;;;;;;;;;;;;;;;;;;;;;;;;;;;;;;;;;;;;;;;;;;;;;;;;;;;;;;;;;;;;;;;;;;;;;;;;;;;;;
6.600;;;;;;;;;;;;;;;;;;;;;;;;;;;;;;;;;;;;;;;;;;;;;;;;;;;;;;;;;;;;;;;;;;;;;;;;;;;;;;;;;;;;;;;;;;;;;;;;;;;;;;;;;;;;;;;;;;;;;;;;;;;;;;;;;;;;;;;;;;;;;;
6.500;;;;;;;;;;;;;;;;;;;;;;;;;;;;;;;;;;;;;;;;;;;;;;;;;;;;;;;;;;;;;;;;;;;;;;;;;;;;;;;;;;;;;;;;;;;;;;;;;;;;;;;;;;;;;;;;;;;;;;;;;;;;;;;;;;;;;;;;;;;;;;
6.400;;;;;;;;;;;;;;;;;;;;;;;;;;;;;;;;;;;;;;;;;;;;;;;;;;;;;;;;;;;;;;;;;;;;;;;;;;;;;;;;;;;;;;;;;;;;;;;;;;;;;;;;;;;;;;;;;;;;;;;;;;;;;;;;;;;;;;;;;;;;;;
6.300;;;;;;;;;;;;;;;;;;;;;;;;;;;;;;;;;;;;;;;;;;;;;;;;;;;;;;;;;;;;;;;;;;;;;;;;;;;;;;;;;;;;;;;;;;;;;;;;;;;;;;;;;;;;;;;;;;;;;;;;;;;;;;;;;;;;;;;;;;;;;;
6.200;;;;;;;;;;;;;;;;;;;;;;;;;;;;;;;;;;;;;;;;;;;;;;;;;;;;;;;;;;;;;;;;;;;;;;;;;;;;;;;;;;;;;;;;;;;;;;;;;;;;;;;;;;;;;;;;;;;;;;;;;;;;;;;;;;;;;;;;;;;;;;
6.100;;;;;;;;;;;;;;;;;;;;;;;;;;;;;;;;;;;;;;;;;;;;;;;;;;;;;;;;;;;;;;;;;;;;;;;;;;;;;;;;;;;;;;;;;;;;;;;;;;;;;;;;;;;;;;;;;;;;;;;;;;;;;;;;;;;;;;;;;;;;;;
6.000;;;;;;;;;;;;;;;;;;;;;;;;;;;;;;;;;;;;;;;;;;;;;;;;;;;;;;;;;;;;;;;;;;;;;;;;;;;;;;;;;;;;;;;;;;;;;;;;;;;;;;;;;;;;;;;;;;;;;;;;;;;;;;;;;;;;;;;;;;;;;;
5.900;;;;;;;;;;;;;;;;;;;;;;;;;;;;;;;;;;;;;;;;;;;;;;;;;;;;;;;;;;;;;;;;;;;;;;;;;;;;;;;;;;;;;;;;;;;;;;;;;;;;;;;;;;;;;;;;;;;;;;;;;;;;;;;;;;;;;;;;;;;;;;
5.800;;;;;;;;;;;;;;;;;;;;;;;;;;;;;;;;;;;;;;;;;;;;;;;;;;;;;;;;;;;;;;;;;;;;;;;;;;;;;;;;;;;;;;;;;;;;;;;;;;;;;;;;;;;;;;;;;;;;;;;;;;;;;;;;;;;;;;;;;;;;;;
5.700;;;;;;;;;;;;;;;;;;;;;;;;;;;;;;;;;;;;;;;;;;;;;;;;;;;;;;;;;;;;;;;;;;;;;;;;;;;;;;;;;;;;;;;;;;;;;;;;;;;;;;;;;;;;;;;;;;;;;;;;;;;;;;;;;;;;;;;;;;;;;;
5.600;;;;;;;;;;;;;;;;;;;;;;;;;;;;;;;;;;;;;;;;;;;;;;;;;;;;;;;;;;;;;;;;;;;;;;;;;;;;;;;;;;;;;;;;;;;;;;;;;;;;;;;;;;;;;;;;;;;;;;;;;;;;;;;;;;;;;;;;;;;;;;
5.500;;;;;;;;;;;;;;;;;;;;;;;;;;;;;;;;;;;;;;;;;;;;;;;;;;;;;;;;;;;;;;;;;;;;;;;;;;;;;;;;;;;;;;;;;;;;;;;;;;;;;;;;;;;;;;;;;;;;;;;;;;;;;;;;;;;;;;;;;;;;;;
5.400;;;;;;;;;;;;;;;;;;;;;;;;;;;;;;;;;;;;;;;;;;;;;;;;;;;;;;;;;;;;;;;;;;;;;;;;;;;;;;;;;;;;;;;;;;;;;;;;;;;;;;;;;;;;;;;;;;;;;;;;;;;;;;;;;;;;;;;;;;;;;;
5.300;;;;;;;;;;;;;;;;;;;;;;;;;;;;;;;;;;;;;;;;;;;;;;;;;;;;;;;;;;;;;;;;;;;;;;;;;;;;;;;;;;;;;;;;;;;;;;;;;;;;;;;;;;;;;;;;;;;;;;;;;;;;;;;;;;;;;;;;;;;;;;
5.200;;;;;;;;;;;;;;;;;;;;;;;;;;;;;;;;;;;;;;;;;;;;;;;;;;;;;;;;;;;;;;;;;;;;;;;;;;;;;;;;;;;;;;;;;;;;;;;;;;;;;;;;;;;;;;;;;;;;;;;;;;;;;;;;;;;;;;;;;;;;;;
5.100;;;;;;;;;;;;;;;;;;;;;;;;;;;;;;;;;;;;;;;;;;;;;;;;;;;;;;;;;;;;;;;;;;;;;;;;;;;;;;;;;;;;;;;;;;;;;;;;;;;;;;;;;;;;;;;;;;;;;;;;;;;;;;;;;;;;;;;;;;;;;;
5.000;;;;;;;;;;;;;;;;;;;;;;;;;;;;;;;;;;;;;;;;;;;;;;;;;;;;;;;;;;;;;;;;;;;;;;;;;;;;;;;;;;;;;;;;;;;;;;;;;;;;;;;;;;;;;;;;;;;;;;;;;;;;;;;;;;;;;;;;;;;;;;
4.900;;;;;;;;;;;;;;;;;;;;;;;;;;;;;;;;;;;;;;;;;;;;;;;;;;;;;;;;;;;;;;;;;;;;;;;;;;;;;;;;;;;;;;;;;;;;;;;;;;;;;;;;;;;;;;;;;;;;;;;;;;;;;;;;;;;;;;;;;;;;;;
4.800;;;;;;;;;;;;;;;;;;;;;;;;;;;;;;;;;;;;;;;;;;;;;;;;;;;;;;;;;;;;;;;;;;;;;;;;;;;;;;;;;;;;;;;;;;;;;;;;;;;;;;;;;;;;;;;;;;;;;;;;;;;;;;;;;;;;;;;;;;;;;;
4.700;;;;;;;;;;;;;;;;;;;;;;;;;;;;;;;;;;;;;;;;;;;;;;;;;;;;;;;;;;;;;;;;;;;;;;;;;;;;;;;;;;;;;;;;;;;;;;;;;;;;;;;;;;;;;;;;;;;;;;;;;;;;;;;;;;;;;;;;;;;;;;
4.600;;;;;;;;;;;;;;;;;;;;;;;;;;;;;;;;;;;;;;;;;;;;;;;;;;;;;;;;;;;;;;;;;;;;;;;;;;;;;;;;;;;;;;;;;;;;;;;;;;;;;;;;;;;;;;;;;;;;;;;;;;;;;;;;;;;;;;;;;;;;;;
4.500;;;;;;;;;;;;;;;;;;;;;;;;;;;;;;;;;;;;;;;;;;;;;;;;;;;;;;;;;;;;;;;;;;;;;;;;;;;;;;;;;;;;;;;;;;;;;;;;;;;;;;;;;;;;;;;;;;;;;;;;;;;;;;;;;;;;;;;;;;;;;;
4.400;;;;;;;;;;;;;;;;;;;;;;;;;;;;;;;;;;;;;;;;;;;;;;;;;;;;;;;;;;;;;;;;;;;;;;;;;;;;;;;;;;;;;;;;;;;;;;;;;;;;;;;;;;;;;;;;;;;;;;;;;;;;;;;;;;;;;;;;;;;;;;
4.300;;;;;;;;;;;;;;;;;;;;;;;;;;;;;;;;;;;;;;;;;;;;;;;;;;;;;;;;;;;;;;;;;;;;;;;;;;;;;;;;;;;;;;;;;;;;;;;;;;;;;;;;;;;;;;;;;;;;;;;;;;;;;;;;;;;;;;;;;;;;;;
4.200;;;;;;;;;;;;;;;;;;;;;;;;;;;;;;;;;;;;;;;;;;;;;;;;;;;;;;;;;;;;;;;;;;;;;;;;;;;;;;;;;;;;;;;;;;;;;;;;;;;;;;;;;;;;;;;;;;;;;;;;;;;;;;;;;;;;;;;;;;;;;;
4.100;;;;;;;;;;;;;;;;;;;;;;;;;;;;;;;;;;;;;;;;;;;;;;;;;;;;;;;;;;;;;;;;;;;;;;;;;;;;;;;;;;;;;;;;;;;;;;;;;;;;;;;;;;;;;;;;;;;;;;;;;;;;;;;;;;;;;;;;;;;;;;
4.000;;;;;;;;;;;;;;;;;;;;;;;;;;;;;;;;;;;;;;;;;;;;;;;;;;;;;;;;;;;;;;;;;;;;;;;;;;;;;;;;;;;;;;;;;;;;;;;;;;;;;;;;;;;;;;;;;;;;;;;;;;;;;;;;;;;;;;;;;;;;;;
3.900;;;;;;;;;;;;;;;;;;;;;;;;;;;;;;;;;;;;;;;;;;;;;;;;;;;;;;;;;;;;;;;;;;;;;;;;;;;;;;;;;;;;;;;;;;;;;;;;;;;;;;;;;;;;;;;;;;;;;;;;;;;;;;;;;;;;;;;;;;;;;;
3.800;;;;;;;;;;;;;;;;;;;;;;;;;;;;;;;;;;;;;;;;;;;;;;;;;;;;;;;;;;;;;;;;;;;;;;;;;;;;;;;;;;;;;;;;;;;;;;;;;;;;;;;;;;;;;;;;;;;;;;;;;;;;;;;;;;;;;;;;;;;;;;
3.700;;;;;;;;;;;;;;;;;;;;;;;;;;;;;;;;;;;;;;;;;;;;;;;;;;;;;;;;;;;;;;;;;;;;;;;;;;;;;;;;;;;;;;;;;;;;;;;;;;;;;;;;;;;;;;;;;;;;;;;;;;;;;;;;;;;;;;;;;;;;;;
3.600;;;;;;;;;;;;;;;;;;;;;;;;;;;;;;;;;;;;;;;;;;;;;;;;;;;;;;;;;;;;;;;;;;;;;;;;;;;;;;;;;;;;;;;;;;;;;;;;;;;;;;;;;;;;;;;;;;;;;;;;;;;;;;;;;;;;;;;;;;;;;;
3.500;;;;;;;;;;;;;;;;;;;;;;;;;;;;;;;;;;;;;;;;;;;;;;;;;;;;;;;;;;;;;;;;;;;;;;;;;;;;;;;;;;;;;;;;;;;;;;;;;;;;;;;;;;;;;;;;;;;;;;;;;;;;;;;;;;;;;;;;;;;;;;
3.400;;;;;;;;;;;;;;;;;;;;;;;;;;;;;;;;;;;;;;;;;;;;;;;;;;;;;;;;;;;;;;;;;;;;;;;;;;;;;;;;;;;;;;;;;;;;;;;;;;;;;;;;;;;;;;;;;;;;;;;;;;;;;;;;;;;;;;;;;;;;;;
3.300;;;;;;;;;;;;;;;;;;;;;;;;;;;;;;;;;;;;;;;;;;;;;;;;;;;;;;;;;;;;;;;;;;;;;;;;;;;;;;;;;;;;;;;;;;;;;;;;;;;;;;;;;;;;;;;;;;;;;;;;;;;;;;;;;;;;;;;;;;;;;;
3.200;;;;;;;;;;;;;;;;;;;;;;;;;;;;;;;;;;;;;;;;;;;;;;;;;;;;;;;;;;;;;;;;;;;;;;;;;;;;;;;;;;;;;;;;;;;;;;;;;;;;;;;;;;;;;;;;;;;;;;;;;;;;;;;;;;;;;;;;;;;;;;
3.100;;;;;;;;;;;;;;;;;;;;;;;;;;;;;;;;;;;;;;;;;;;;;;;;;;;;;;;;;;;;;;;;;;;;;;;;;;;;;;;;;;;;;;;;;;;;;;;;;;;;;;;;;;;;;;;;;;;;;;;;;;;;;;;;;;;;;;;;;;;;;;
3.000;;;;;;;;;;;;;;;;;;;;;;;;;;;;;;;;;;;;;;;;;;;;;;;;;;;;;;;;;;;;;;;;;;;;;;;;;;;;;;;;;;;;;;;;;;;;;;;;;;;;;;;;;;;;;;;;;;;;;;;;;;;;;;;;;;;;;;;;;;;;;;
2.900;;;;;;;;;;;;;;;;;;;;;;;;;;;;;;;;;;;;;;;;;;;;;;;;;;;;;;;;;;;;;;;;;;;;;;;;;;;;;;;;;;;;;;;;;;;;;;;;;;;;;;;;;;;;;;;;;;;;;;;;;;;;;;;;;;;;;;;;;;;;;;
2.800;;;;;;;;;;;;;;;;;;;;;;;;;;;;;;;;;;;;;;;;;;;;;;;;;;;;;;;;;;;;1.968636971;1.951343322;1.934687684;1.918755553;1.903661581;1.889546535;1.876573818;1.864925619;1.854798727;1.846400075;1.839942062;1.835637723;1.833695801;1.834315794;1.837683039;1.843963918;1.853301225;1.865809808;1.881572517;1.900636557;1.923010303;1.948660645;1.977510939;2.009439611;2.044279490;2.081817910;;;;;;;;;;;;;;;;;;;;;;;;;;;;;;;;;;;;;;;;;;;;;;;;;;;;;;;;;
2.700;;;;;;;;;;;;;;;;;;;;;;;;;;;;;;;;;;;;;;;;;;;;;;;;;;;;;;;1.991276558;1.969642965;1.948913452;1.929015862;1.909911085;1.891592619;1.874085585;1.857445227;1.841754921;1.827123720;1.813683471;1.801585540;1.790997196;1.782097686;1.775074073;1.770116869;1.767415530;1.767153882;1.769505522;1.774629272;1.782664744;1.793728089;1.807907993;1.825261991;1.845813161;1.869547270;1.896410431;1.926307344;1.959100158;1.994608044;2.032607487;2.072833391;2.114980995;2.158708664;2.203641566;;;;;;;;;;;;;;;;;;;;;;;;;;;;;;;;;;;;;;;;;;;;;;;;;;;;;
2.600;;;;;;;;;;;;;;;;;;;;;;;;;;;;;;;;;;;;;;;;;;;;;;;;;;;;1.997871486;1.971221243;1.945991865;1.922040151;1.899250838;1.877537652;1.856843833;1.837142155;1.818434431;1.800750539;1.784146968;1.768704913;1.754527948;1.741739316;1.730478848;1.720899578;1.713164084;1.707440601;1.703898960;1.702706411;1.704023379;1.707999211;1.714767982;1.724444418;1.737119997;1.752859293;1.771696629;1.793633101;1.818634038;1.846626950;1.877500032;1.911101282;1.947238274;1.985678642;2.026151321;2.068348577;2.111928854;2.156520479;2.201726219;2.247128713;2.292296770;;;;;;;;;;;;;;;;;;;;;;;;;;;;;;;;;;;;;;;;;;;;;;;;;;
2.500;;;;;;;;;;;;;;;;;;;;;;;;;;;;;;;;;;;;;;;;;;;;;;;;;2.030647883;1.997087559;1.965537467;1.935813202;1.907749959;1.881204778;1.856058329;1.832216251;1.809610015;1.788197325;1.767962057;1.748913730;1.731086541;1.714537968;1.699346954;1.685611723;1.673447221;1.662982245;1.654356285;1.647716116;1.643212191;1.640994875;1.641210584;1.643997858;1.649483451;1.657778470;1.668974640;1.683140745;1.700319301;1.720523538;1.743734728;1.769899942;1.798930272;1.830699586;1.865043868;1.901761187;1.940612343;1.981322233;2.023581967;2.067051772;2.111364688;2.156131093;2.200944046;2.245385447;2.289033003;2.331467970;2.372283633;;;;;;;;;;;;;;;;;;;;;;;;;;;;;;;;;;;;;;;;;;;;;;;
2.400;;;;;;;;;;;;;;;;;;;;;;;;;;;;;;;;;;;;;;;;;;;;;;;2.051992564;2.012490549;1.975357175;1.940409960;1.907478954;1.876409407;1.847064094;1.819325236;1.793096040;1.768301817;1.744890689;1.722833876;1.702125562;1.682782349;1.664842308;1.648363641;1.633422968;1.620113270;1.608541503;1.598825927;1.591093166;1.585475054;1.582105299;1.581116007;1.582634119;1.586777805;1.593652871;1.603349226;1.615937475;1.631465677;1.649956341;1.671403712;1.695771392;1.722990373;1.752957514;1.785534528;1.820547528;1.857787171;1.897009448;1.937937156;1.980262089;2.023647963;2.067734110;2.112139940;2.156470186;2.200320911;2.243286280;2.284966056;2.324973780;2.362945597;2.398549644;;;;;;;;;;;;;;;;;;;;;;;;;;;;;;;;;;;;;;;;;;;;;
2.300;;;;;;;;;;;;;;;;;;;;;;;;;;;;;;;;;;;;;;;;;;;;;2.089976817;2.044214629;2.001087919;1.960430883;1.922083481;1.885894299;1.851723139;1.819443321;1.788943657;1.760130098;1.732927025;1.707278181;1.683147230;1.660517944;1.639394015;1.619798492;1.601772863;1.585375780;1.570681453;1.557777722;1.546763849;1.537748030;1.530844693;1.526171577;1.523846666;1.523984992;1.526695369;1.532077086;1.540216631;1.551184463;1.565031921;1.581788294;1.601458112;1.624018723;1.649418194;1.677573594;1.708369717;1.741658279;1.777257648;1.814953150;1.854497981;1.895614769;1.937997819;1.981316048;2.025216655;2.069329509;2.113272277;2.156656271;2.199093012;2.240201464;2.279615916;2.316994455;2.352027950;2.384449490;;;;;;;;;;;;;;;;;;;;;;;;;;;;;;;;;;;;;;;;;;;;
2.200;;;;;;;;;;;;;;;;;;;;;;;;;;;;;;;;;;;;;;;;;;;2.143562861;2.091556493;2.042340343;1.995776747;1.951727949;1.910058895;1.870639845;1.833348787;1.798073632;1.764714151;1.733183642;1.703410311;1.675338343;1.648928658;1.624159343;1.601025751;1.579540267;1.559731743;1.541644616;1.525337701;1.510882695;1.498362387;1.487868613;1.479499974;1.473359341;1.469551184;1.468178759;1.469341184;1.473130463;1.479628469;1.488903961;1.501009672;1.515979499;1.533825874;1.554537345;1.578076418;1.604377722;1.633346531;1.664857706;1.698755089;1.734851403;1.772928692;1.812739344;1.854007724;1.896432454;1.939689344;1.983435020;2.027311222;2.070949804;2.113978409;2.156026805;2.196733863;2.235755119;2.272770891;2.307494864;2.339683075;2.369143197;2.395744021;;;;;;;;;;;;;;;;;;;;;;;;;;;;;;;;;;;;;;;;;;
2.100;;;;;;;;;;;;;;;;;;;;;;;;;;;;;;;;;;;;;;;;;;2.152997705;2.097922466;2.045568927;1.995830117;1.948597055;1.903761133;1.861216417;1.820861794;1.782602978;1.746354319;1.712040411;1.679597476;1.648974491;1.620134066;1.593053040;1.567722794;1.544149282;1.522352759;1.502367228;1.484239590;1.468028524;1.453803096;1.441641109;1.431627232;1.423850903;1.418404057;1.415378686;1.414864281;1.416945178;1.421697847;1.429188168;1.439468732;1.452576212;1.468528847;1.487324088;1.508936443;1.533315587;1.560384760;1.590039520;1.622146884;1.656544896;1.693042684;1.731421018;1.771433424;1.812807869;1.855249060;1.898441357;1.942052341;1.985737007;2.029142627;2.071914230;2.113700715;2.154161545;2.192974000;2.229840919;2.264498886;2.296726763;2.326354484;2.353272008;2.377438284;;;;;;;;;;;;;;;;;;;;;;;;;;;;;;;;;;;;;;;;;
2.000;;;;;;;;;;;;;;;;;;;;;;;;;;;;;;;;;;;;;;;;;2.165905062;2.108185656;2.053070267;2.000481311;1.950338132;1.902558937;1.857062683;1.813770902;1.772609429;1.733510006;1.696411750;1.661262449;1.628019677;1.596651701;1.567138174;1.539470589;1.513652492;1.489699450;1.467638762;1.447508912;1.429358777;1.413246581;1.399238622;1.387407766;1.377831738;1.370591224;1.365767808;1.363441766;1.363689749;1.366582393;1.372181871;1.380539446;1.391693045;1.405664907;1.422459338;1.442060620;1.464431115;1.489509614;1.517209962;1.547420019;1.580000982;1.614787118;1.651585953;1.690178932;1.730322606;1.771750357;1.814174693;1.857290133;1.900776692;1.944303966;1.987535830;2.030135727;2.071772533;2.112126971;2.150898534;2.187812859;2.222629502;2.255150024;2.285226294;2.312768914;2.337755636;2.360239610;2.380357340;;;;;;;;;;;;;;;;;;;;;;;;;;;;;;;;;;;;;;;
1.900;;;;;;;;;;;;;;;;;;;;;;;;;;;;;;;;;;;;;;;;2.181368188;2.121467691;2.064011401;2.008948621;1.956225429;1.905786092;1.857574491;1.811535549;1.767616607;1.725768755;1.685948074;1.648116775;1.612244211;1.578307745;1.546293455;1.516196656;1.488022233;1.461784768;1.437508454;1.415226795;1.394982086;1.376824670;1.360811986;1.347007407;1.335478884;1.326297399;1.319535262;1.315264255;1.313553655;1.314468158;1.318065735;1.324395448;1.333495262;1.345389888;1.360088692;1.377583708;1.397847802;1.420833011;1.446469123;1.474662509;1.505295278;1.538224761;1.573283398;1.610279032;1.648995663;1.689194689;1.730616647;1.772983503;1.816001477;1.859364442;1.902757880;1.945863407;1.988363856;2.029948886;2.070321106;2.109202658;2.146342228;2.181522395;2.214567275;2.245350333;2.273802293;2.299918996;2.323769078;2.345501313;2.365351438;;;;;;;;;;;;;;;;;;;;;;;;;;;;;;;;;;;;;;
1.800;;;;;;;;;;;;;;;;;;;;;;;;;;;;;;;;;;;;;;;2.198524655;2.136928539;2.077582964;2.020460488;1.965531199;1.912763572;1.862125385;1.813584683;1.767110745;1.722675071;1.680252323;1.639821237;1.601365457;1.564874283;1.530343317;1.497774974;1.467178866;1.438572011;1.411978899;1.387431361;1.364968269;1.344635045;1.326482983;1.310568386;1.296951529;1.285695438;1.276864526;1.270523066;1.266733550;1.265554930;1.267040777;1.271237381;1.278181819;1.287900019;1.300404858;1.315694320;1.333749760;1.354534300;1.377991401;1.404043648;1.432591781;1.463514020;1.496665708;1.531879320;1.568964855;1.607710669;1.647884742;1.689236437;1.731498750;1.774391074;1.817622490;1.860895585;1.903910791;1.946371247;1.987988144;2.028486551;2.067611657;2.105135400;2.140863404;2.174642167;2.206366396;2.235986392;2.263515373;2.289036578;2.312710025;2.334778726;2.355574180;;;;;;;;;;;;;;;;;;;;;;;;;;;;;;;;;;;;;
1.700;;;;;;;;;;;;;;;;;;;;;;;;;;;;;;;;;;;;;;2.216593515;2.153793043;2.093024928;2.034280267;1.977549359;1.922821969;1.870087699;1.819336434;1.770558861;1.723747031;1.678894958;1.635999213;1.595059522;1.556079320;1.519066257;1.484032636;1.450995761;1.419978177;1.391007798;1.364117897;1.339346960;1.316738385;1.296340036;1.278203627;1.262383963;1.248938017;1.237923868;1.229399490;1.223421426;1.220043344;1.219314495;1.221278106;1.225969712;1.233415466;1.243630452;1.256617022;1.272363196;1.290841162;1.312005893;1.335793933;1.362122377;1.390888088;1.421967173;1.455214768;1.490465153;1.527532236;1.566210430;1.606275950;1.647488560;1.689593774;1.732325544;1.775409430;1.818566262;1.861516287;1.903983795;1.945702194;1.986419529;2.025904373;2.063952074;2.100391275;2.135090652;2.167965761;2.198985921;2.228180992;2.255647931;2.281556968;2.306157233;2.329781657;2.352850912;;;;;;;;;;;;;;;;;;;;;;;;;;;;;;;;;;;;
1.600;;;;;;;;;;;;;;;;;;;;;;;;;;;;;;;;;;;;;2.234900212;2.171375646;2.109650915;2.049729959;1.991618477;1.935323588;1.880853628;1.828218058;1.777427471;1.728493705;1.681430011;1.636251300;1.592974418;1.551618440;1.512204978;1.474758463;1.439306390;1.405879517;1.374511989;1.345241382;1.318108647;1.293157942;1.270436358;1.249993503;1.231880979;1.216151709;1.202859147;1.192056362;1.183794997;1.178124129;1.175089020;1.174729798;1.177080067;1.182165467;1.190002228;1.200595704;1.213938958;1.230011383;1.248777423;1.270185407;1.294166531;1.320634024;1.349482522;1.380587698;1.413806162;1.448975673;1.485915693;1.524428299;1.564299490;1.605300907;1.647191977;1.689722500;1.732635694;1.775671683;1.818571444;1.861081182;1.902957134;1.943970762;1.983914298;2.022606600;2.059899254;2.095682858;2.129893394;2.162518601;2.193604229;2.223260046;2.251665456;2.279074553;2.305820446;2.332318626;2.359069177;;;;;;;;;;;;;;;;;;;;;;;;;;;;;;;;;;;
1.500;;;;;;;;;;;;;;;;;;;;;;;;;;;;;;;;;;;;2.252898602;2.189102615;2.126870425;2.066212238;2.007143415;1.949683543;1.893855649;1.839685540;1.787201285;1.736432818;1.687411654;1.640170711;1.594744218;1.551167688;1.509477951;1.469713216;1.431913156;1.396118980;1.362373498;1.330721142;1.301207943;1.273881431;1.248790473;1.225985012;1.205515715;1.187433519;1.171789072;1.158632069;1.148010484;1.139969697;1.134551542;1.131793251;1.131726349;1.134375477;1.139757182;1.147878689;1.158736671;1.172316049;1.188588838;1.207513077;1.229031860;1.253072506;1.279545893;1.308345986;1.339349593;1.372416373;1.407389130;1.444094415;1.482343468;1.521933514;1.562649442;1.604265877;1.646549658;1.689262738;1.732165492;1.775020443;1.817596394;1.859672933;1.901045306;1.941529606;1.980968232;2.019235578;2.056243857;2.091949005;2.126356550;2.159527345;2.191583045;2.222711174;2.253169629;2.283290450;2.313482636;2.344233821;;;;;;;;;;;;;;;;;;;;;;;;;;;;;;;;;;;
1.400;;;;;;;;;;;;;;;;;;;;;;;;;;;;;;;;;;;2.270189397;2.206531127;2.144208321;2.083230119;2.023614992;1.965389248;1.908585663;1.853242264;1.799401255;1.747108094;1.696410716;1.647358890;1.600003704;1.554397168;1.510591909;1.468640953;1.428597575;1.390515190;1.354447283;1.320447347;1.288568820;1.258865000;1.231388926;1.206193214;1.183329837;1.162849822;1.144802894;1.129237017;1.116197865;1.105728203;1.097867187;1.092649585;1.090104928;1.090256603;1.093120889;1.098705967;1.107010910;1.118024670;1.131725093;1.148077975;1.167036189;1.188538906;1.212510935;1.238862215;1.267487483;1.298266140;1.331062357;1.365725430;1.402090427;1.439979129;1.479201314;1.519556378;1.560835318;1.602823091;1.645301355;1.688051585;1.730858577;1.773514308;1.815822155;1.857601428;1.898692199;1.938960374;1.978302947;2.016653385;2.053987051;2.090326586;2.125747127;2.160381263;2.194423566;2.228134569;2.261843990;2.295953041;2.330935577;2.367337882;;;;;;;;;;;;;;;;;;;;;;;;;;;;;;;;;;
1.300;;;;;;;;;;;;;;;;;;;;;;;;;;;;;;;;;;2.286534485;2.223364619;2.161320966;2.100403666;2.040627058;1.982017660;1.924612255;1.868456122;1.813601409;1.760105676;1.708030590;1.657440796;1.608402940;1.560984841;1.515254805;1.471281071;1.429131360;1.388872524;1.350570278;1.314288985;1.280091493;1.248038998;1.218190911;1.190604728;1.165335880;1.142437547;1.121960433;1.103952491;1.088458582;1.075520080;1.065174404;1.057454483;1.052388162;1.049997549;1.050298298;1.053298867;1.058999730;1.067392580;1.078459528;1.092172323;1.108491608;1.127366231;1.148732645;1.172514411;1.198621831;1.226951740;1.257387478;1.289799069;1.324043632;1.359966050;1.397399911;1.436168751;1.476087609;1.516964911;1.558604695;1.600809181;1.643381687;1.686129894;1.728869437;1.771427814;1.813648591;1.855395859;1.896558907;1.937057057;1.976844598;2.015915743;2.054309518;2.092114486;2.129473185;2.166586147;2.203715351;2.241186950;2.279393068;2.318792480;2.359909938;2.403333894;;;;;;;;;;;;;;;;;;;;;;;;;;;;;;;;;
1.200;;;;;;;;;;;;;;;;;;;;;;;;;;;;;;;;;;2.239463895;2.178008493;2.117483191;2.057890405;1.999249719;1.941595477;1.884974485;1.829443863;1.775069041;1.721921934;1.670079293;1.619621241;1.570629979;1.523188676;1.477380518;1.433287914;1.390991836;1.350571290;1.312102896;1.275660551;1.241315178;1.209134519;1.179182983;1.151521498;1.126207392;1.103294252;1.082831775;1.064865585;1.049437014;1.036582835;1.026334957;1.018720051;1.013759142;1.011467135;1.011852313;1.014915781;1.020650894;1.029042662;1.040067152;1.053690903;1.069870370;1.088551418;1.109668885;1.133146232;1.158895310;1.186816264;1.216797593;1.248716395;1.282438818;1.317820738;1.354708683;1.392941029;1.432349471;1.472760798;1.513998970;1.555887508;1.598252199;1.640924112;1.683742912;1.726560457;1.769244663;1.811683582;1.853789686;1.895504274;1.936801960;1.977695164;2.018238523;2.058533122;2.098730429;2.139035818;2.179711523;2.221078870;2.263519612;2.307476149;2.353450441;2.402001351;;;;;;;;;;;;;;;;;;;;;;;;;;;;;;;;;
1.100;;;;;;;;;;;;;;;;;;;;;;;;;;;;;;;;;2.254853571;2.194222750;2.134358464;2.075243035;2.016881472;1.959298641;1.902536506;1.846651471;1.791711873;1.737795628;1.684988067;1.633379957;1.583065726;1.534141886;1.486705644;1.440853716;1.396681309;1.354281273;1.313743408;1.275153906;1.238594911;1.204144187;1.171874869;1.141855274;1.114148779;1.088813715;1.065903292;1.045465525;1.027543155;1.012173547;0.999388567;0.989214421;0.981671463;0.976773951;0.974529774;0.974940134;0.977999198;0.983693717;0.992002636;1.002896687;1.016337993;1.032279695;1.050665612;1.071429956;1.094497126;1.119781591;1.147187897;1.176610801;1.207935569;1.241038456;1.275787378;1.312042811;1.349658921;1.388484944;1.428366838;1.469149201;1.510677473;1.552800417;1.595372878;1.638258813;1.681334573;1.724492411;1.767644199;1.810725301;1.853698562;1.896558351;1.939334592;1.982096701;2.024957336;2.068075843;2.111661294;2.155974964;2.201332095;2.248102781;2.296711774;2.347637010;2.401406607;2.458594100;;;;;;;;;;;;;;;;;;;;;;;;;;;;;;;;
1.000;;;;;;;;;;;;;;;;;;;;;;;;;;;;;;;;;2.210070583;2.151063567;2.092656363;2.034831425;1.977596656;1.920982251;1.865037611;1.809828348;1.755433440;1.701942551;1.649453550;1.598070223;1.547900209;1.499053153;1.451639072;1.405766939;1.361543464;1.319072077;1.278452080;1.239777975;1.203138929;1.168618374;1.136293723;1.106236173;1.078510590;1.053175448;1.030282818;1.009878375;0.992001422;0.976684922;0.963955506;0.953833472;0.946332759;0.941460884;0.939218848;0.939601019;0.942594968;0.948181290;0.956333403;0.967017327;0.980191477;0.995806448;1.013804846;1.034121141;1.056681592;1.081404237;1.108198989;1.136967836;1.167605181;1.199998330;1.234028160;1.269569966;1.306494525;1.344669367;1.383960297;1.424233138;1.465355741;1.507200227;1.549645492;1.592579932;1.635904410;1.679535412;1.723408384;1.767481203;1.811737748;1.856191500;1.900889117;1.945913908;1.991389106;2.037480845;2.084400726;2.132407836;2.181810064;2.232964571;2.286277202;2.342200662;2.401231210;2.463903648;2.530784315;;;;;;;;;;;;;;;;;;;;;;;;;;;;;;;
0.900;;;;;;;;;;;;;;;;;;;;;;;;;;;;;;;;2.225812258;2.167777134;2.110237068;2.053143813;1.996480513;1.940258267;1.884512666;1.829300395;1.774695928;1.720788364;1.667678444;1.615475766;1.564296214;1.514259625;1.465487690;1.418102086;1.372222856;1.327967005;1.285447321;1.244771400;1.206040862;1.169350738;1.134789021;1.102436348;1.072365807;1.044642844;1.019325248;0.996463212;0.976099425;0.958269218;0.943000705;0.930314952;0.920226121;0.912741615;0.907862192;0.905582057;0.905888929;0.908764069;0.914182292;0.922111948;0.932514888;0.945346425;0.960555288;0.978083594;0.997866845;1.019833965;1.043907395;1.070003258;1.098031619;1.127896855;1.159498142;1.192730098;1.227483581;1.263646663;1.301105790;1.339747157;1.379458273;1.420129761;1.461657365;1.503944177;1.546903071;1.590459332;1.634553463;1.679144143;1.724211297;1.769759238;1.815819842;1.862455667;1.909762966;1.957874508;2.006962085;2.057238632;2.108959801;2.162424858;2.217976759;2.276001203;2.336924487;2.401209942;2.469352709;2.541872608;;;;;;;;;;;;;;;;;;;;;;;;;;;;;;;
0.800;;;;;;;;;;;;;;;;;;;;;;;;;;;;;;;;2.184817857;2.128224410;2.071987537;2.016057695;1.960419269;1.905086859;1.850101542;1.795527177;1.741446803;1.687959186;1.635175540;1.583216465;1.532209109;1.482284580;1.433575614;1.386214495;1.340331239;1.296052024;1.253497868;1.212783530;1.174016638;1.137297006;1.102716143;1.070356919;1.040293380;1.012590687;0.987305155;0.964484388;0.944167474;0.926385233;0.911160501;0.898508434;0.888436817;0.880946370;0.876031045;0.873678295;0.873869324;0.876579311;0.881777596;0.889427847;0.899488203;0.911911394;0.926644856;0.943630846;0.962806558;0.984104276;1.007451551;1.032771441;1.059982808;1.089000707;1.119736870;1.152100308;1.185998048;1.221336007;1.258020036;1.295957130;1.335056813;1.375232717;1.416404343;1.458499011;1.501453987;1.545218780;1.589757594;1.635051898;1.681103103;1.727935282;1.775597908;1.824168537;1.873755367;1.924499609;1.976577553;2.030202242;2.085624633;2.143134097;2.203058120;2.265761036;2.331641593;2.401129166;2.474678368;2.552761838;2.635860907;;;;;;;;;;;;;;;;;;;;;;;;;;;;;;
0.700;;;;;;;;;;;;;;;;;;;;;;;;;;;;;;;2.202635332;2.146983013;2.091650724;2.036548332;1.981625774;1.926869214;1.872297075;1.817956039;1.763917072;1.710271545;1.657127499;1.604606100;1.552838307;1.501961784;1.452118082;1.403450077;1.356099703;1.310205950;1.265903144;1.223319492;1.182575881;1.143784918;1.107050198;1.072465776;1.040115829;1.010074487;0.982405812;0.957163898;0.934393088;0.914128268;0.896395237;0.881211121;0.868584824;0.858517497;0.851003012;0.846028433;0.843574466;0.843615892;0.846121970;0.851056806;0.858379699;0.868045448;0.880004632;0.894203876;0.910586094;0.929090730;0.949654004;0.972209175;0.996686829;1.023015220;1.051120661;1.080927990;1.112361133;1.145343753;1.179800035;1.215655586;1.252838479;1.291280452;1.330918253;1.371695153;1.413562607;1.456482073;1.500426976;1.545384795;1.591359254;1.638372596;1.686467891;1.735711344;1.786194537;1.838036559;1.891385925;1.946422222;2.003357356;2.062436317;2.123937302;2.188171080;2.255479420;2.326232418;2.400824511;2.479668984;2.563190705;2.651816856;;;;;;;;;;;;;;;;;;;;;;;;;;;;;;
0.600;;;;;;;;;;;;;;;;;;;;;;;;;;;;;;;2.166991281;2.112530982;2.058277167;2.004137625;1.950062525;1.896040345;1.842093674;1.788274951;1.734662233;1.681355048;1.628470400;1.576138966;1.524501509;1.473705565;1.423902388;1.375244199;1.327881723;1.281962029;1.237626665;1.195010090;1.154238370;1.115428158;1.078685908;1.044107330;1.011777054;0.981768484;0.954143823;0.928954247;0.906240199;0.886031800;0.868349330;0.853203787;0.840597481;0.830524666;0.822972181;0.817920094;0.815342332;0.815207293;0.817478430;0.822114796;0.829071556;0.838300463;0.849750292;0.863367240;0.879095303;0.896876620;0.916651816;0.938360331;0.961940760;0.987331215;1.014469718;1.043294640;1.073745200;1.105762046;1.139287910;1.174268374;1.210652742;1.248395029;1.287455085;1.327799832;1.369404651;1.412254881;1.456347439;1.501692553;1.548315566;1.596258813;1.645583517;1.696371669;1.748727852;1.802780929;1.858685543;1.916623342;1.976803828;2.039464738;2.104871825;2.173317901;2.245121004;2.320621509;2.400177996;2.484161677;2.572949145;2.666913213;;;;;;;;;;;;;;;;;;;;;;;;;;;;;;
0.500;;;;;;;;;;;;;;;;;;;;;;;;;;;;;;;2.135121649;2.081661506;2.028303546;1.974954411;1.921565222;1.868127316;1.814667802;1.761245072;1.707944306;1.654873087;1.602157144;1.549936309;1.498360695;1.447587154;1.397776020;1.349088160;1.301682343;1.255712926;1.211327864;1.168667024;1.127860811;1.089029077;1.052280308;1.017711061;0.985405636;0.955435971;0.927861714;0.902730469;0.880078193;0.859929704;0.842299296;0.827191432;0.814601494;0.804516570;0.796916266;0.791773524;0.789055426;0.788723990;0.790736920;0.795048334;0.801609435;0.810369151;0.821274709;0.834272175;0.849306949;0.866324213;0.885269351;0.906088348;0.928728166;0.953137123;0.979265273;1.007064813;1.036490518;1.067500223;1.100055364;1.134121589;1.169669447;1.206675176;1.245121574;1.284998989;1.326306394;1.369052581;1.413257433;1.458953294;1.506186399;1.555018345;1.605527582;1.657810880;1.711984726;1.768186593;1.826576031;1.887335486;1.950670770;2.016811079;2.086008449;2.158536519;2.234688458;2.314773899;2.399114698;2.488039327;2.581875688;2.680942098;2.785536207;;;;;;;;;;;;;;;;;;;;;;;;;;;;;
0.400;;;;;;;;;;;;;;;;;;;;;;;;;;;;;;2.159994545;2.107195597;2.054547049;2.001904677;1.949174851;1.896310355;1.843305919;1.790193556;1.737037838;1.683931166;1.630989136;1.578346048;1.526150622;1.474561962;1.423745787;1.373870991;1.325106502;1.277618495;1.231567937;1.187108476;1.144384660;1.103530489;1.064668272;1.027907789;0.993345719;0.961065339;0.931136448;0.903615505;0.878545955;0.855958718;0.835872816;0.818296117;0.803226165;0.790651083;0.780550528;0.772896664;0.767655154;0.764786146;0.764245233;0.765984390;0.769952858;0.776097988;0.784366024;0.794702828;0.807054544;0.821368205;0.837592276;0.855677157;0.875575626;0.897243257;0.920638798;0.945724541;0.972466680;1.000835671;1.030806621;1.062359694;1.095480563;1.130160919;1.166399030;1.204200384;1.243578393;1.284555181;1.327162453;1.371442425;1.417448831;1.465247972;1.514919793;1.566558975;1.620275982;1.676198053;1.734470064;1.795255211;1.858735449;1.925111595;1.994603012;2.067446763;2.143896117;2.224218272;2.308691148;2.397599074;2.491227195;2.589854389;2.693744468;2.803135421;;;;;;;;;;;;;;;;;;;;;;;;;;;;;
0.300;;;;;;;;;;;;;;;;;;;;;;;;;;;;;;2.135432059;2.083349239;2.031329447;1.979227058;1.926948998;1.874450399;1.821729919;1.768824879;1.715806303;1.662773959;1.609851488;1.557181686;1.504921993;1.453240234;1.402310660;1.352310307;1.303415695;1.255799881;1.209629877;1.165064426;1.122252138;1.081329971;1.042422051;1.005638810;0.971076424;0.938816527;0.908926188;0.881458115;0.856451059;0.833930414;0.813908954;0.796387709;0.781356945;0.768797216;0.758680480;0.750971246;0.745627736;0.742603041;0.741846263;0.743303613;0.746919469;0.752637374;0.760400969;0.770154852;0.781845370;0.795421329;0.810834627;0.828040827;0.846999646;0.867675399;0.890037379;0.914060198;0.939724094;0.967015215;0.995925893;1.026454922;1.058607838;1.092397238;1.127843120;1.164973269;1.203823693;1.244439112;1.286873496;1.331190661;1.377464905;1.425781683;1.476238298;1.528944581;1.584023553;1.641611997;1.701860934;1.764935914;1.831017090;1.900298971;1.972989796;2.049310411;2.129492548;2.213776374;2.302407178;2.395631031;2.493689244;2.596811442;2.705207030;2.819054822;;;;;;;;;;;;;;;;;;;;;;;;;;;;;
0.200;;;;;;;;;;;;;;;;;;;;;;;;;;;;;;2.115229320;2.063682743;2.012117010;1.960385987;1.908397938;1.856110992;1.803528277;1.750692840;1.697682468;1.644604497;1.591590718;1.538792429;1.486375703;1.434516931;1.383398658;1.333205761;1.284121993;1.236326887;1.189993051;1.145283843;1.102351425;1.061335190;1.022360546;0.985538039;0.950962803;0.918714307;0.888856380;0.861437483;0.836491214;0.814036998;0.794080957;0.776616918;0.761627532;0.749085491;0.738954803;0.731192105;0.725748001;0.722568392;0.721595783;0.722770559;0.726032196;0.731320421;0.738576284;0.747743157;0.758767633;0.771600344;0.786196681;0.802517418;0.820529258;0.840205278;0.861525317;0.884476277;0.909052373;0.935255331;0.963094548;0.992587224;1.023758478;1.056641462;1.091277476;1.127716104;1.166015369;1.206241918;1.248471243;1.292787922;1.339285906;1.388068808;1.439250213;1.492953966;1.549314436;1.608476699;1.670596621;1.735840788;1.804386219;1.876419799;1.952137360;2.031742306;2.115443696;2.203453654;2.295983984;2.393241840;2.495424285;2.602711566;2.715258899;2.833186542;2.956567924;;;;;;;;;;;;;;;;;;;;;;;;;;;;
0.100;;;;;;;;;;;;;;;;;;;;;;;;;;;;;2.150723880;2.099436480;2.048257943;1.996982111;1.945463154;1.893611385;1.841388558;1.788802801;1.735903325;1.682775022;1.629533054;1.576317530;1.523288336;1.470620192;1.418497989;1.367112436;1.316656067;1.267319622;1.219288822;1.172741539;1.127845383;1.084755679;1.043613841;1.004546133;0.967662781;0.933057443;0.900806986;0.870971572;0.843595008;0.818705336;0.796315640;0.776425038;0.759019822;0.744074735;0.731554335;0.721414438;0.713603602;0.708064633;0.704736089;0.703553756;0.704452088;0.707365587;0.712230103;0.718984054;0.727569546;0.737933397;0.750028041;0.763812327;0.779252206;0.796321305;0.815001392;0.835282743;0.857164411;0.880654410;0.905769817;0.932536816;0.960990679;0.991175709;1.023145147;1.056961060;1.092694218;1.130423971;1.170238128;1.212232851;1.256512562;1.303189857;1.352385435;1.404228018;1.458854263;1.516408626;1.577043174;1.640917294;1.708197258;1.779055613;1.853670300;1.932223472;2.014899896;2.101884861;2.193361489;2.289507310;2.390489986;2.496462014;2.607554251;2.723868070;2.845465936;2.972360183;;;;;;;;;;;;;;;;;;;;;;;;;;;;
0.000;;;;;;;;;;;;;;;;;;;;;;;;;;;;;2.139060110;2.088061086;2.037096478;1.985959294;1.934504717;1.882645761;1.830348389;1.777626247;1.724535159;1.671167498;1.617646558;1.564120996;1.510759453;1.457745395;1.405272247;1.353538863;1.302745354;1.253089323;1.204762504;1.157947826;1.112816904;1.069527951;1.028224111;0.989032186;0.952061756;0.917404667;0.885134847;0.855308456;0.827964312;0.803124581;0.780795695;0.760969470;0.743624388;0.728727018;0.716233545;0.706091375;0.698240786;0.692616606;0.689149888;0.687769559;0.688404019;0.690982676;0.695437402;0.701703887;0.709722882;0.719441332;0.730813373;0.743801203;0.758375824;0.774517640;0.792216937;0.811474223;0.832300461;0.854717175;0.878756463;0.904460907;0.931883406;0.961086940;0.992144265;1.025137570;1.060158099;1.097305735;1.136688587;1.178422551;1.222630875;1.269443722;1.318997725;1.371435539;1.426905362;1.485560438;1.547558483;1.613061043;1.682232719;1.755240234;1.832251278;1.913433070;1.998950572;2.088964258;2.183627345;2.283082376;2.387457036;2.496859039;2.611369962;2.731037813;2.855868178;2.985813706;;;;;;;;;;;;;;;;;;;;;;;;;;;;
-0.100;;;;;;;;;;;;;;;;;;;;;;;;;;;;;2.131916211;2.081066866;2.030178508;1.979043928;1.927519922;1.875522781;1.823023218;1.770040895;1.716638698;1.662916885;1.609007225;1.555067224;1.501274512;1.447821487;1.394910242;1.342747853;1.291542045;1.241497269;1.192811223;1.145671799;1.100254492;1.056720253;1.015213770;0.975862187;0.938774221;0.904039672;0.871729295;0.841895000;0.814570371;0.789771453;0.767497785;0.747733645;0.730449478;0.715603464;0.703143208;0.693007507;0.685128177;0.679431896;0.675842049;0.674280547;0.674669587;0.676933345;0.680999571;0.686801084;0.694277135;0.703374639;0.714049269;0.726266387;0.740001838;0.755242575;0.771987135;0.790245963;0.810041591;0.831408668;0.854393877;0.879055709;0.905464144;0.933700224;0.963855546;0.996031680;1.030339524;1.066898617;1.105836407;1.147287500;1.191392880;1.238299118;1.288157567;1.341123539;1.397355469;1.457014030;1.520261221;1.587259365;1.658170017;1.733152732;1.812363645;1.895953820;1.984067285;2.076838699;2.174390542;2.276829739;2.384243605;2.496694972;2.614216364;2.736803052;2.864404815;2.996916194;;;;;;;;;;;;;;;;;;;;;;;;;;;;
-0.200;;;;;;;;;;;;;;;;;;;;;;;;;;;;;2.129191744;2.078373124;2.027442002;1.976191413;1.924480247;1.872228560;1.819412298;1.766057606;1.712234881;1.658052683;1.603651643;1.549198458;1.494880061;1.440898044;1.387463394;1.334791592;1.283098117;1.232594372;1.183484078;1.135960121;1.090201874;1.046372985;1.004619631;0.965069208;0.927829466;0.892988038;0.860612364;0.830749960;0.803429016;0.778659292;0.756433266;0.736727512;0.719504264;0.704713147;0.692293015;0.682173897;0.674278978;0.668526625;0.664832397;0.663111027;0.663278348;0.665253133;0.668958843;0.674325242;0.681289885;0.689799452;0.699810919;0.711292564;0.724224796;0.738600806;0.754427038;0.771723487;0.790523823;0.810875348;0.832838795;0.856487981;0.881909319;0.909201211;0.938473323;0.969845764;1.003448187;1.039418808;1.077903382;1.119054116;1.163028564;1.209988481;1.260098661;1.313525757;1.370437072;1.430999332;1.495377417;1.563733031;1.636223306;1.712999288;1.794204281;1.879971994;1.970424443;2.065669533;2.165798247;2.270881348;2.380965493;2.496068647;2.616174652;2.741226814;2.871120336;3.005693424;;;;;;;;;;;;;;;;;;;;;;;;;;;;
-0.300;;;;;;;;;;;;;;;;;;;;;;;;;;;;;2.130739764;2.079854740;2.028782617;1.977316961;1.925319103;1.872713248;1.819480988;1.765655383;1.711314770;1.656576437;1.601590291;1.546532615;1.491600013;1.437003614;1.382963611;1.329704170;1.277448766;1.226415969;1.176815702;1.128845989;1.082690195;1.038514754;0.996467382;0.956675765;0.919246689;0.884265608;0.851796611;0.821882769;0.794546816;0.769792147;0.747604090;0.727951411;0.710788030;0.696054896;0.683681995;0.673590451;0.665694687;0.659904615;0.656127815;0.654271681;0.654245511;0.655962494;0.659341601;0.664309328;0.670801300;0.678763703;0.688154538;0.698944684;0.711118770;0.724675844;0.739629837;0.756009828;0.773860116;0.793240088;0.814223915;0.836900063;0.861370648;0.887750633;0.916166893;0.946757156;0.979668837;1.015057782;1.053086930;1.093924918;1.137744634;1.184721733;1.235033120;1.288855416;1.346363403;1.407728443;1.473116878;1.542688393;1.616594319;1.694975869;1.777962261;1.865668696;1.958194148;2.055618898;2.158001752;2.265376859;2.377750048;2.495094554;2.617346045;2.744396794;2.876088843;3.012206009;3.152464528;;;;;;;;;;;;;;;;;;;;;;;;;;;
-0.400;;;;;;;;;;;;;;;;;;;;;;;;;;;;;2.136367634;2.085342811;2.034054186;1.982295955;1.929932081;1.876891192;1.823160855;1.768781417;1.713839560;1.658461725;1.602807524;1.547063260;1.491435629;1.436145712;1.381423297;1.327501605;1.274612457;1.222981904;1.172826365;1.124349262;1.077738183;1.033162551;0.990771800;0.950694047;0.913035238;0.877878743;0.845285376;0.815293810;0.787921352;0.763165042;0.741003048;0.721396307;0.704290378;0.689617478;0.677298649;0.667246025;0.659365160;0.653557392;0.649722183;0.647759439;0.647571746;0.649066518;0.652158018;0.656769236;0.662833598;0.670296501;0.679116639;0.689267130;0.700736421;0.713528971;0.727665710;0.743184266;0.760138978;0.778600681;0.798656286;0.820408155;0.843973290;0.869482338;0.897078447;0.926915960;0.959158992;0.993979889;1.031557592;1.072075926;1.115721822;1.162683496;1.213148588;1.267302282;1.325325409;1.387392534;1.453670038;1.524314174;1.599469112;1.679264927;1.763815532;1.853216513;1.947542831;2.046846347;2.151153096;2.260460274;2.374732816;2.493899505;2.617848496;2.746422120;2.879410850;3.016546268;3.157492859;;;;;;;;;;;;;;;;;;;;;;;;;;;
-0.500;;;;;;;;;;;;;;;;;;;;;;;;;;;;2.196989238;2.145838481;2.094625897;2.043069792;1.990964873;1.938177760;1.884641637;1.830350280;1.775351626;1.719741066;1.663654601;1.607261988;1.550760005;1.494365913;1.438311210;1.382835750;1.328182266;1.274591358;1.222296984;1.171522453;1.122476962;1.075352669;1.030322304;0.987537310;0.947126502;0.909195218;0.873824951;0.841073420;0.810975053;0.783541855;0.758764614;0.736614415;0.717044412;0.699991836;0.685380176;0.673121510;0.663118938;0.655269082;0.649464612;0.645596761;0.643557802;0.643243445;0.644555128;0.647402183;0.651703832;0.657391012;0.664408001;0.672713817;0.682283409;0.693108588;0.705198728;0.718581206;0.733301604;0.749423645;0.767028903;0.786216262;0.807101153;0.829814576;0.854501918;0.881321584;0.910443460;0.942047230;0.976320549;1.013457116;1.053654646;1.097112770;1.144030882;1.194605944;1.249030266;1.307489279;1.370159305;1.437205329;1.508778779;1.585015313;1.666032594;1.751928055;1.842776611;1.938628311;2.039505876;2.145402081;2.256276926;2.372054523;2.492619621;2.617813670;2.747430332;2.881210290;3.018835248;3.159920938;;;;;;;;;;;;;;;;;;;;;;;;;;;
-0.600;;;;;;;;;;;;;;;;;;;;;;;;;;;;2.210151745;2.158873311;2.107451909;2.055603441;2.003122783;1.949879039;1.895809933;1.840915561;1.785251669;1.728922665;1.672074484;1.614887462;1.557569325;1.500348400;1.443467127;1.387175952;1.331727650;1.277372136;1.224351784;1.172897297;1.123224126;1.075529460;1.029989768;0.986758910;0.945966775;0.907718444;0.872093852;0.839147906;0.808911050;0.781390212;0.756570122;0.734414944;0.714870186;0.697864849;0.683313766;0.671120092;0.661177904;0.653374866;0.647594928;0.643721005;0.641637616;0.641233436;0.642403739;0.645052692;0.649095481;0.654460244;0.661089782;0.668943045;0.677996363;0.688244417;0.699700950;0.712399189;0.726392012;0.741751818;0.758570150;0.776957035;0.797040084;0.818963343;0.842885923;0.868980415;0.897431117;0.928432086;0.962185043;0.998897145;1.038778654;1.082040515;1.128891883;1.179537595;1.234175630;1.292994558;1.356171003;1.423867130;1.496228157;1.573379908;1.655426401;1.742447456;1.834496328;1.931597327;2.033743408;2.140893693;2.252970869;2.369858425;2.491397635;2.617384229;2.747564643;2.881631748;3.019219937;3.159899418;;;;;;;;;;;;;;;;;;;;;;;;;;;
-0.700;;;;;;;;;;;;;;;;;;;;;;;;;;;;2.226549207;2.175153759;2.123530583;2.071392316;2.018533390;1.964825010;1.910209251;1.854692497;1.798338421;1.741260676;1.683615465;1.625594110;1.567415762;1.509320335;1.451561772;1.394401696;1.338103525;1.282927090;1.229123792;1.176932323;1.126574973;1.078254524;1.032151734;0.988423395;0.947200961;0.908589719;0.872668472;0.839489717;0.809080269;0.781442307;0.756554794;0.734375228;0.714841688;0.697875125;0.683381859;0.671256226;0.661383343;0.653641946;0.647907251;0.644053799;0.641958261;0.641502141;0.642574364;0.645073706;0.648911047;0.654011400;0.660315724;0.667782477;0.676388896;0.686132006;0.697029332;0.709119313;0.722461419;0.737135969;0.753243651;0.770904753;0.790258120;0.811459839;0.834681678;0.860109285;0.887940183;0.918381564;0.951647919;0.987958523;1.027534799;1.070597592;1.117364368;1.168046376;1.222845790;1.281952852;1.345543042;1.413774287;1.486784236;1.564687594;1.647573537;1.735503207;1.828507274;1.926583566;2.029694742;2.137765988;2.250682687;2.368288043;2.490380576;2.616711442;2.746981488;2.880837952;3.017870699;3.157607878;;;;;;;;;;;;;;;;;;;;;;;;;;;
-0.800;;;;;;;;;;;;;;;;;;;;;;;;;;;;2.245798123;2.194325477;2.142536573;2.090139586;2.036927613;1.982773333;1.927622775;1.871488428;1.814441875;1.756606158;1.698148007;1.639270107;1.580203490;1.521200191;1.462526237;1.404455057;1.347261371;1.291215602;1.236578859;1.183598512;1.132504370;1.083505478;1.036787529;0.992510878;0.950809146;0.911788394;0.875526834;0.842075053;0.811456709;0.783669659;0.758687486;0.736461368;0.716922260;0.699983326;0.685542589;0.673485737;0.663689059;0.656022441;0.650352396;0.646545083;0.644469259;0.643999142;0.645017148;0.647416446;0.651103338;0.655999394;0.662043350;0.669192734;0.677425200;0.686739563;0.697156517;0.708719037;0.721492450;0.735564191;0.751043232;0.768059195;0.786761170;0.807316232;0.829907691;0.854733082;0.882001922;0.911933255;0.944753012;0.980691210;1.019979023;1.062845748;1.109515700;1.160205063;1.215118728;1.274447144;1.338363209;1.407019223;1.480543935;1.559039684;1.642579669;1.731205345;1.824923954;1.923706188;2.027483985;2.136148429;2.249547741;2.367485324;2.489717827;2.615953158;2.745848401;2.879007547;3.014978950;3.153252402;;;;;;;;;;;;;;;;;;;;;;;;;;;
-0.900;;;;;;;;;;;;;;;;;;;;;;;;;;;;2.267482678;2.216002120;2.164113103;2.111517773;2.058006681;2.003453085;1.947806352;1.891084700;1.833367462;1.774787085;1.715521016;1.655783611;1.595818214;1.535889499;1.476276179;1.417264143;1.359140113;1.302185840;1.246672900;1.192858104;1.140979551;1.091253312;1.043870767;0.998996563;0.956767196;0.917290182;0.880643789;0.846877304;0.816011798;0.788041338;0.762934612;0.740636923;0.721072493;0.704147046;0.689750603;0.677760452;0.668044243;0.660463154;0.654875087;0.651137842;0.649112242;0.648665141;0.649672302;0.652021095;0.655612985;0.660365780;0.666215617;0.673118653;0.681052453;0.690017051;0.700035680;0.711155147;0.723445876;0.737001586;0.751938633;0.768395016;0.786529039;0.806517680;0.828554640;0.852848132;0.879618407;0.909095047;0.941514061;0.977114809;1.016136782;1.058816270;1.105382961;1.156056495;1.211043008;1.270531703;1.334691478;1.403667645;1.477578760;1.556513603;1.640528318;1.729643740;1.823842923;1.923068870;2.027222480;2.136160699;2.249694860;2.367589211;2.489559574;2.615272122;2.744342203;2.876333165;3.010755091;3.147063368;;;;;;;;;;;;;;;;;;;;;;;;;;;
-1.000;;;;;;;;;;;;;;;;;;;;;;;;;;;;2.291159745;2.239769942;2.187876182;2.135172622;2.081445707;2.026568078;1.970491568;1.913239535;1.854898727;1.795610882;1.735564232;1.674985044;1.614129353;1.553274966;1.492713871;1.432745092;1.373668085;1.315776711;1.259353827;1.204666526;1.151962044;1.101464329;1.053371292;1.007852706;0.965048750;0.925069178;0.887993064;0.853869115;0.822716488;0.794526092;0.769262307;0.746865096;0.727252438;0.710323045;0.695959316;0.684030461;0.674395756;0.666907874;0.661416248;0.657770408;0.655823260;0.655434252;0.656472391;0.658819072;0.662370690;0.667040986;0.672763126;0.679491457;0.687202949;0.695898281;0.705602574;0.716365759;0.728262566;0.741392149;0.755877332;0.771863497;0.789517115;0.809023947;0.830586912;0.854423669;0.880763911;0.909846423;0.941915916;0.977219676;1.016004064;1.058510900;1.104973771;1.155614295;1.210638394;1.270232591;1.334560400;1.403758817;1.477934966;1.557162927;1.641480782;1.730887895;1.825342462;1.924759350;2.029008221;2.137911973;2.251245480;2.368734631;2.490055649;2.614834669;2.742647537;2.873019779;3.005426689;3.139293453;;;;;;;;;;;;;;;;;;;;;;;;;;;
-1.100;;;;;;;;;;;;;;;;;;;;;;;;;;;;;2.265192941;2.213419346;2.160727473;2.106897721;2.051800586;1.995389210;1.937691260;1.878800359;1.818867257;1.758090913;1.696709644;1.634992478;1.573230809;1.511730466;1.450804279;1.390765189;1.331919980;1.274563653;1.218974482;1.165409756;1.114102236;1.065257292;1.019050745;0.975627366;0.935100028;0.897549467;0.863024625;0.831543524;0.803094649;0.777638758;0.755111107;0.735424006;0.718469684;0.704123378;0.692246619;0.682690649;0.675299910;0.669915572;0.666379036;0.664535366;0.664236603;0.665344931;0.667735634;0.671299825;0.675946897;0.681606690;0.688231314;0.695796640;0.704303417;0.713778010;0.724272749;0.735865881;0.748661129;0.762786848;0.778394802;0.795658562;0.814771537;0.835944672;0.859403819;0.885386816;0.914140301;0.945916296;0.980968592;1.019548974;1.061903330;1.108267677;1.158864153;1.213897024;1.273548736;1.337976063;1.407306409;1.481634277;1.561017980;1.645476602;1.734987272;1.829482765;1.928849468;2.032925736;2.141500654;2.254313208;2.371051895;2.491354745;2.614809752;2.740955700;2.869283344;2.999236907;3.130215835;;;;;;;;;;;;;;;;;;;;;;;;;;;
-1.200;;;;;;;;;;;;;;;;;;;;;;;;;;;;;2.291818565;2.240318897;2.187788087;2.133998126;2.078815469;2.022193087;1.964161856;1.904821504;1.844331316;1.782900765;1.720780233;1.658251953;1.595621286;1.533208433;1.471340676;1.410345193;1.350542524;1.292240711;1.235730151;1.181279172;1.129130339;1.079497496;1.032563517;0.988478762;0.947360202;0.909291183;0.874321800;0.842469821;0.813722135;0.788036663;0.765344683;0.745553513;0.728549506;0.714201289;0.702363200;0.692878858;0.685584823;0.680314279;0.676900700;0.675181432;0.675001170;0.676215250;0.678692747;0.682319315;0.686999749;0.692660228;0.699250219;0.706744008;0.715141847;0.724470705;0.734784592;0.746164480;0.758717792;0.772577478;0.787900674;0.804866971;0.823676291;0.844546402;0.867710092;0.893412038;0.921905379;0.953448060;0.988298957;1.026713841;1.068941216;1.115218078;1.165765651;1.220785139;1.280453537;1.344919584;1.414299861;1.488675133;1.568086941;1.652534529;1.741972119;1.836306602;1.935395672;2.039046433;2.147014528;2.259003796;2.374666478;2.493603999;2.615368309;2.739463788;2.865349699;2.992443158;3.120122593;;;;;;;;;;;;;;;;;;;;;;;;;;;
-1.300;;;;;;;;;;;;;;;;;;;;;;;;;;;;;2.319183919;2.268139618;2.215947907;2.162369544;2.107264643;2.050584170;1.992360800;1.932699333;1.871766893;1.809783068;1.747010168;1.683743723;1.620303354;1.557024100;1.494248304;1.432318114;1.371568660;1.312321940;1.254881453;1.199527589;1.146513780;1.096063416;1.048367512;1.003583093;0.961832293;0.923202114;0.887744813;0.855478876;0.826390531;0.800435739;0.777542626;0.757614286;0.740531899;0.726158119;0.714340659;0.704916016;0.697713288;0.692558022;0.689276031;0.687697141;0.687658804;0.689009544;0.691612171;0.695346749;0.700113257;0.705833916;0.712455165;0.719949241;0.728315358;0.737580457;0.747799526;0.759055476;0.771458572;0.785145419;0.800277525;0.817039425;0.835636414;0.856291884;0.879244311;0.904743903;0.933048957;0.964421961;0.999125471;1.037417818;1.079548692;1.125754650;1.176254594;1.231245294;1.290896981;1.355349101;1.424706255;1.499034415;1.578357437;1.662653964;1.751854746;1.845840444;1.944439960;2.047429347;2.154531333;2.265415500;2.379699153;2.496948894;2.616682926;2.738374103;2.861453706;2.985315960;;;;;;;;;;;;;;;;;;;;;;;;;;;;
-1.400;;;;;;;;;;;;;;;;;;;;;;;;;;;;;2.346822474;2.296440930;2.244793709;2.191627014;2.136791866;2.080235002;2.021989142;1.962162828;1.900930069;1.838519957;1.775206411;1.711298211;1.647129413;1.583050271;1.519418740;1.456592635;1.394922489;1.334745176;1.276378295;1.220115353;1.166221754;1.114931570;1.066445102;1.020927197;0.978506298;0.939274188;0.903286389;0.870563173;0.841091126;0.814825227;0.791691370;0.771589282;0.754395769;0.739968240;0.728148437;0.718766313;0.711644011;0.706599861;0.703452359;0.702024066;0.702145369;0.703658061;0.706418695;0.710301656;0.715201932;0.721037530;0.727751512;0.735313636;0.743721555;0.753001584;0.763209001;0.774427891;0.786770513;0.800376212;0.815409869;0.832059905;0.850535858;0.871065560;0.893891930;0.919269421;0.947460159;0.978729813;1.013343232;1.051559912;1.093629330;1.139786212;1.190245778;1.245199039;1.304808197;1.369202215;1.438472626;1.512669630;1.591798572;1.675816836;1.764631239;1.858095983;1.956011218;2.058122282;2.164119668;2.273639771;2.386266449;2.501533457;2.618927763;2.737893789;2.857838585;2.978137948;;;;;;;;;;;;;;;;;;;;;;;;;;;;
-1.500;;;;;;;;;;;;;;;;;;;;;;;;;;;;;2.374271234;2.324783458;2.273911627;2.221383512;2.167037804;2.110814354;2.052743787;1.992936724;1.931572819;1.868889803;1.805172684;1.740743263;1.675950070;1.611158840;1.546743607;1.483078485;1.420530196;1.359451388;1.300174755;1.243008005;1.188229643;1.136085602;1.086786676;1.040506749;0.997381792;0.957509575;0.920950069;0.887726482;0.857826875;0.831206310;0.807789461;0.787473639;0.770132166;0.755618019;0.743767714;0.734405330;0.727346634;0.722403244;0.719386757;0.718112797;0.718404924;0.720098357;0.723043446;0.727108869;0.732184503;0.738183923;0.745046514;0.752739157;0.761257464;0.770626551;0.780901333;0.792166325;0.804534965;0.818148437;0.833174024;0.849802990;0.868248013;0.888740196;0.911525681;0.936861903;0.965013510;0.996248018;1.030831216;1.069022400;1.111069474;1.157203986;1.207636159;1.262549980;1.322098417;1.386398831;1.455528667;1.529521472;1.608363342;1.691989846;1.780283526;1.873072021;1.970126899;2.071163272;2.175840237;2.283762236;2.394481364;2.507500700;2.622278693;2.738234660;2.854755403;2.971203007;;;;;;;;;;;;;;;;;;;;;;;;;;;;
-1.600;;;;;;;;;;;;;;;;;;;;;;;;;;;;;2.401078341;2.352735988;2.302893505;2.251255759;2.197645341;2.141992075;2.084321934;2.024745579;1.963446744;1.900670654;1.836712639;1.771907091;1.706616883;1.641223359;1.576116989;1.511688740;1.448322244;1.386386786;1.326231141;1.268178290;1.212520995;1.159518258;1.109392611;1.062328247;1.018469943;0.977922732;0.940752294;0.906986007;0.876614604;0.849594381;0.825849896;0.805277088;0.787746766;0.773108387;0.761194071;0.751822774;0.744804559;0.739944915;0.737049033;0.735926006;0.736392884;0.738278524;0.741427202;0.745701919;0.750987373;0.757192549;0.764252900;0.772132082;0.780823226;0.790349720;0.800765494;0.812154793;0.824631443;0.838337604;0.853442017;0.870137779;0.888639628;0.909180803;0.932009483;0.957384846;0.985572795;1.016841392;1.051456051;1.089674546;1.131741895;1.177885174;1.228308352;1.283187185;1.342664270;1.406844327;1.475789779;1.549516725;1.627991374;1.711127042;1.798781766;1.890756648;1.986794990;2.086582313;2.189747322;2.295863918;2.404454299;2.514993240;2.626913605;2.739613149;2.852462655;2.964815462;;;;;;;;;;;;;;;;;;;;;;;;;;;;
-1.700;;;;;;;;;;;;;;;;;;;;;;;;;;;;;;2.379882782;2.331343560;2.280870286;2.228265088;2.173444107;2.116425637;2.057317925;1.996306853;1.933643679;1.869633012;1.804621167;1.738985026;1.673121506;1.607437730;1.542341969;1.478235404;1.415504761;1.354515844;1.295607964;1.239089295;1.185233128;1.134275011;1.086410758;1.041795279;1.000542207;0.962724257;0.928374284;0.897486969;0.870021078;0.845902237;0.825026141;0.807262155;0.792457209;0.780439946;0.771025038;0.764017601;0.759217661;0.756424579;0.755441404;0.756079058;0.758160334;0.761523625;0.766026352;0.771548032;0.777992959;0.785292454;0.793406657;0.802325827;0.812071139;0.822694968;0.834280626;0.846941584;0.860820145;0.876085614;0.892931939;0.911574885;0.932248727;0.955202529;0.980696019;1.008995125;1.040367202;1.075076021;1.113376564;1.155509699;1.201696800;1.252134383;1.306988840;1.366391340;1.430432997;1.499160372;1.572571416;1.650611929;1.733172635;1.820086971;1.911129662;2.006016200;2.104403306;2.205890466;2.310022625;2.416294140;2.524154058;2.633012800;2.742250334;2.851225887;2.959289271;;;;;;;;;;;;;;;;;;;;;;;;;;;;
-1.800;;;;;;;;;;;;;;;;;;;;;;;;;;;;;;2.405831240;2.358885336;2.309869724;2.258561082;2.204857632;2.148766448;2.090390456;2.029915346;1.967596585;1.903746705;1.838723008;1.772915815;1.706737382;1.640611542;1.574964179;1.510214556;1.446767571;1.385006936;1.325289321;1.267939442;1.213246101;1.161459151;1.112787364;1.067397153;1.025412134;0.986913441;0.951940777;0.920494118;0.892536012;0.867994415;0.846765995;0.828719819;0.813701372;0.801536829;0.792037500;0.785004397;0.780232834;0.777517005;0.776654475;0.777450509;0.779722204;0.783302338;0.788042917;0.793818343;0.800528187;0.808099502;0.816488675;0.825682760;0.835700296;0.846591578;0.858438376;0.871353107;0.885477445;0.900980393;0.918055833;0.936919556;0.957805823;0.980963480;1.006651661;1.035135138;1.066679358;1.101545233;1.139983741;1.182230403;1.228499718;1.278979632;1.333826109;1.393157914;1.457051682;1.525537366;1.598594175;1.676147079;1.758064006;1.844153812;1.934165147;2.027786297;2.124646135;2.224316259;2.326314432;2.430109412;2.535127294;2.640759414;2.746371951;2.851317276;;;;;;;;;;;;;;;;;;;;;;;;;;;;;
-1.900;;;;;;;;;;;;;;;;;;;;;;;;;;;;;;2.430219883;2.385168912;2.337919313;2.288216634;2.235936320;2.181070123;2.123712232;2.064045356;2.002326950;1.938875760;1.874058821;1.808279065;1.741963615;1.675552878;1.609490497;1.544214220;1.480147729;1.417693457;1.357226391;1.299088884;1.243586454;1.190984543;1.141506228;1.095330822;1.052593339;1.013384767;0.977753081;0.945704959;0.917208112;0.892194169;0.870562054;0.852181771;0.836898523;0.824537105;0.814906483;0.807804486;0.803022556;0.800350463;0.799580936;0.800514133;0.802961901;0.806751750;0.811730514;0.817767621;0.824757948;0.832624217;0.841318893;0.850825557;0.861159743;0.872369207;0.884533624;0.897763716;0.912199802;0.928009787;0.945386608;0.964545144;0.985718644;1.009154688;1.035110724;1.063849246;1.095632651;1.130717842;1.169350640;1.211760093;1.258152729;1.308706872;1.363567086;1.422838841;1.486583513;1.554813803;1.627489687;1.704515005;1.785734799;1.870933506;1.959834133;2.052098519;2.147328795;2.245070179;2.344815194;2.446009441;2.548059033;2.650339793;2.752208333;2.853015102;;;;;;;;;;;;;;;;;;;;;;;;;;;;;
-2.000;;;;;;;;;;;;;;;;;;;;;;;;;;;;;;2.452726664;2.409878375;2.364713594;2.316940308;2.266405653;2.213081341;2.157048853;2.098484631;2.037645453;1.974854170;1.910485958;1.844955215;1.778703201;1.712186526;1.645866547;1.580199733;1.515629040;1.452576313;1.391435740;1.332568347;1.276297527;1.222905577;1.172631223;1.125668077;1.082163998;1.042221286;1.005897663;0.973207969;0.944126516;0.918590013;0.896501002;0.877731727;0.862128354;0.849515473;0.839700794;0.832479979;0.827641520;0.824971589;0.824258814;0.825298877;0.827898904;0.831881565;0.837088842;0.843385404;0.850661549;0.858835669;0.867856210;0.877703083;0.888388516;0.899957330;0.912486617;0.926084828;0.940890263;0.957068990;0.974812184;0.994332938;1.015862551;1.039646344;1.065939057;1.094999846;1.127086981;1.162452270;1.201335306;1.243957601;1.290516696;1.341180333;1.396080781;1.455309420;1.518911687;1.586882485;1.659162184;1.735633308;1.816118050;1.900376719;1.988107263;2.078945971;2.172469505;2.268198377;2.365601996;2.464105428;2.563097979;2.661943737;2.759994188;2.856603024;;;;;;;;;;;;;;;;;;;;;;;;;;;;;
-2.100;;;;;;;;;;;;;;;;;;;;;;;;;;;;;;;2.432739538;2.389983289;2.344472032;2.296018321;2.244568441;2.190186594;2.133039120;2.073378959;2.011530525;1.947875147;1.882837200;1.816871047;1.750448869;1.684049463;1.618148063;1.553207217;1.489668750;1.427946825;1.368422090;1.311436912;1.257291667;1.206242048;1.158497364;1.114219764;1.073524348;1.036480083;1.003111476;0.973400929;0.947291692;0.924691352;0.905475770;0.889493391;0.876569846;0.866512769;0.859116745;0.854168319;0.851450983;0.850750076;0.851857521;0.854576339;0.858724867;0.864140639;0.870683860;0.878240437;0.886724519;0.896080509;0.906284519;0.917345249;0.929304261;0.942235643;0.956245065;0.971468218;0.988068655;1.006235048;1.026177887;1.048125649;1.072320485;1.099013458;1.128459405;1.160911459;1.196615325;1.235803366;1.278688585;1.325458601;1.376269693;1.431241038;1.490449226;1.553923174;1.621639556;1.693518869;1.769422258;1.849149231;1.932436396;2.018957361;2.108323925;2.200088706;2.293749349;2.388754453;2.484511358;2.580395934;2.675764519;2.769968126;;;;;;;;;;;;;;;;;;;;;;;;;;;;;;
-2.200;;;;;;;;;;;;;;;;;;;;;;;;;;;;;;;2.453527922;2.413502375;2.370589322;2.324559669;2.275328163;2.222936488;2.167536449;2.109373451;2.048770441;1.986112473;1.921832030;1.856395197;1.790288791;1.724008514;1.658048181;1.592890060;1.528996359;1.466801850;1.406707647;1.349076107;1.294226842;1.242433789;1.193923323;1.148873324;1.107413176;1.069624612;1.035543338;1.005161376;0.978430026;0.955263401;0.935542416;0.919119178;0.905821683;0.895458736;0.887825018;0.882706214;0.879884129;0.879141715;0.880267936;0.883062404;0.887339717;0.892933445;0.899699711;0.907520302;0.916305284;0.925995076;0.936561946;0.948010914;0.960380034;0.973740047;0.988193409;1.003872678;1.020938294;1.039575750;1.059992194;1.082412483;1.107074748;1.134225496;1.164114326;1.196988310;1.233086119;1.272631963;1.315829447;1.362855416;1.413853905;1.468930294;1.528145780;1.591512286;1.658987930;1.730473191;1.805807890;1.884769142;1.967070416;2.052361843;2.140231935;2.230210849;2.321775374;2.414355772;2.507344651;2.600108004;2.691998599;2.782371845;;;;;;;;;;;;;;;;;;;;;;;;;;;;;;
-2.300;;;;;;;;;;;;;;;;;;;;;;;;;;;;;;;;2.435095351;2.395113645;2.351853216;2.305190376;2.255138336;2.201829282;2.145496788;2.086458768;2.025101098;1.961862060;1.897217696;1.831668187;1.765725302;1.699900989;1.634697140;1.570596550;1.508055077;1.447495006;1.389299589;1.333808743;1.281315864;1.232065710;1.186253305;1.144023797;1.105473203;1.070649974;1.039557306;1.012156099;0.988368516;0.968082015;0.951153812;0.937415653;0.926678835;0.918739379;0.913383273;0.910391710;0.909546237;0.910633741;0.913451207;0.917810170;0.923540809;0.930495625;0.938552639;0.947618083;0.957628530;0.968552439;0.980391081;0.993178832;1.006982822;1.021901936;1.038065156;1.055629285;1.074776040;1.095708562;1.118647372;1.143825808;1.171485016;1.201868522;1.235216491;1.271759710;1.311713405;1.355270975;1.402597737;1.453824787;1.509043101;1.568297985;1.631583997;1.698840487;1.769947881;1.844724854;1.922926551;2.004243992;2.088304838;2.174675662;2.262865901;2.352333654;2.442493492;2.532726457;2.622392413;2.710844933;;;;;;;;;;;;;;;;;;;;;;;;;;;;;;;
-2.400;;;;;;;;;;;;;;;;;;;;;;;;;;;;;;;;2.454644737;2.417916926;2.377766250;2.334022834;2.286664685;2.235798570;2.181641295;2.124501585;2.064762699;2.002865933;1.939295094;1.874562067;1.809193508;1.743718758;1.678658967;1.614517499;1.551771577;1.490865197;1.432203271;1.376146983;1.323010305;1.273057639;1.226502512;1.183507280;1.144183751;1.108594669;1.076755968;1.048639722;1.024177700;1.003265440;0.985766757;0.971518594;0.960336122;0.952018016;0.946351803;0.943119214;0.942101450;0.943084284;0.945862939;0.950246645;0.956062848;0.963160970;0.971415707;0.980729787;0.991036162;1.002299599;1.014517633;1.027720878;1.041972669;1.057368043;1.074032047;1.092117402;1.111801534;1.133282994;1.156777324;1.182512387;1.210723237;1.241646582;1.275514914;1.312550374;1.352958458;1.396921645;1.444593057;1.496090255;1.551489304;1.610819221;1.674056935;1.741122925;1.811877645;1.886118927;1.963580486;2.043931721;2.126778962;2.211668338;2.298090452;2.385487039;2.473259785;2.560781505;2.647409855;2.732503775;;;;;;;;;;;;;;;;;;;;;;;;;;;;;;;
-2.500;;;;;;;;;;;;;;;;;;;;;;;;;;;;;;;;;2.438928251;2.402215534;2.361735960;2.317424760;2.269356710;2.217726202;2.162827973;2.105038646;2.044799214;1.982598581;1.918958245;1.854418196;1.789524075;1.724815636;1.660816523;1.598025377;1.536908247;1.477892307;1.421360827;1.367649362;1.317043119;1.269775422;1.226027228;1.185927611;1.149555131;1.116940028;1.088067127;1.062879386;1.041281985;1.023146876;1.008317687;0.996614904;0.987841229;0.981787029;0.978235795;0.976969514;0.977773889;0.980443319;0.984785577;0.990626104;0.997811881;1.006214800;1.015734500;1.026300622;1.037874440;1.050449855;1.064053716;1.078745465;1.094616099;1.111786450;1.130404800;1.150643848;1.172697059;1.196774437;1.223097765;1.251895369;1.283396472;1.317825215;1.355394419;1.396299193;1.440710473;1.488768614;1.540577141;1.596196800;1.655640021;1.718865951;1.785776198;1.856211445;1.929949092;2.006702095;2.086119184;2.167786629;2.251231748;2.335928341;2.421304252;2.506751245;2.591637408;2.675322277;;;;;;;;;;;;;;;;;;;;;;;;;;;;;;;;
-2.600;;;;;;;;;;;;;;;;;;;;;;;;;;;;;;;;;2.458140803;2.425173173;2.388287722;2.347368416;2.302450636;2.253699948;2.201391605;2.145890927;2.087634713;2.027113764;1.964856633;1.901414653;1.837348301;1.773214930;1.709557884;1.646897005;1.585720513;1.526478242;1.469576197;1.415372385;1.364173861;1.316234945;1.271756516;1.230886328;1.193720254;1.160304379;1.130637855;1.104676413;1.082336460;1.063499644;1.048017811;1.035718244;1.026409099;1.019884944;1.015932313;1.014335183;1.014880296;1.017362251;1.021588276;1.027382631;1.034590564;1.043081770;1.052753300;1.063531874;1.075375563;1.088274817;1.102252803;1.117365055;1.133698425;1.151369336;1.170521356;1.191322109;1.213959557;1.238637699;1.265571717;1.294982653;1.327091669;1.362113964;1.400252455;1.441691295;1.486589345;1.535073713;1.587233487;1.643113780;1.702710240;1.765964176;1.832758441;1.902914249;1.976189101;2.052275977;2.130804013;2.211340818;2.293396662;2.376430709;2.459859525;2.543068060;2.625423328;2.706290989;;;;;;;;;;;;;;;;;;;;;;;;;;;;;;;;
-2.700;;;;;;;;;;;;;;;;;;;;;;;;;;;;;;;;;;2.446672712;2.413688643;2.376490148;2.335064906;2.289542415;2.240172180;2.187302865;2.131362538;2.072840124;2.012268142;1.950206810;1.887229545;1.823909915;1.760810039;1.698470446;1.637401373;1.578075487;1.520921977;1.466321990;1.414605338;1.366048408;1.320873228;1.279247573;1.241286061;1.207052128;1.176560797;1.149782154;1.126645415;1.107043503;1.090838037;1.077864612;1.067938309;1.060859307;1.056418523;1.054403186;1.054602261;1.056811628;1.060838967;1.066508248;1.073663779;1.082173743;1.091933183;1.102866375;1.114928559;1.128106998;1.142421348;1.157923306;1.174695557;1.192850005;1.212525315;1.233883772;1.257107508;1.282394127;1.309951779;1.339993756;1.372732662;1.408374256;1.447111050;1.489115762;1.534534738;1.583481455;1.636030247;1.692210378;1.752000621;1.815324489;1.882046294;1.951968195;2.024828429;2.100300900;2.177996335;2.257465204;2.338202611;2.419655379;2.501231540;2.582312476;2.662267910;;;;;;;;;;;;;;;;;;;;;;;;;;;;;;;;;
-2.800;;;;;;;;;;;;;;;;;;;;;;;;;;;;;;;;;;2.466815530;2.438007038;2.404833246;2.367224849;2.325267137;2.279176783;2.229279676;2.175989931;2.119790184;2.061213258;2.000825267;1.939210201;1.876956033;1.814642350;1.752829510;1.692049312;1.632797155;1.575525631;1.520639518;1.468492105;1.419382783;1.373555824;1.331200267;1.292450828;1.257389734;1.226049390;1.198415780;1.174432503;1.154005335;1.137007229;1.123283636;1.112658061;1.104937741;1.099919364;1.097394730;1.097156256;1.099002263;1.102741938;1.108199927;1.115220460;1.123670973;1.133445160;1.144465407;1.156684574;1.170087092;1.184689351;1.200539367;1.217715718;1.236325769;1.256503171;1.278404693;1.302206391;1.328099173;1.356283809;1.386965454;1.420347750;1.456626597;1.495983691;1.538579925;1.584548772;1.633989782;1.686962312;1.743479655;1.803503699;1.866940307;1.933635557;2.003373065;2.075872543;2.150789819;2.227718508;2.306193567;2.385696932;2.465665491;2.545501610;2.624586463;2.702296403;;;;;;;;;;;;;;;;;;;;;;;;;;;;;;;;;
-2.900;;;;;;;;;;;;;;;;;;;;;;;;;;;;;;;;;;;2.461374578;2.432494179;2.398999855;2.360923582;2.318441223;2.271848953;2.221540953;2.167988467;2.111720326;2.053304977;1.993334092;1.932407763;1.871121308;1.810053671;1.749757418;1.690750274;1.633508177;1.578459791;1.525982404;1.476399159;1.429977522;1.386928910;1.347409386;1.311521326;1.279315955;1.250796660;1.225922960;1.204615044;1.186758760;1.172210961;1.160805092;1.152356926;1.146670344;1.143543072;1.142772271;1.144159903;1.147517788;1.152672271;1.159468438;1.167773811;1.177481467;1.188512534;1.200818019;1.214379949;1.229211780;1.245358078;1.262893462;1.281920807;1.302568732;1.324988390;1.349349596;1.375836343;1.404641754;1.435962546;1.469993072;1.506919041;1.546911002;1.590117712;1.636659505;1.686621786;1.740048801;1.796937829;1.857233961;1.920825631;1.987541090;2.057146008;2.129342405;2.203769127;2.280004071;2.357568403;2.435932991;2.514527300;2.592750994;2.669988513;;;;;;;;;;;;;;;;;;;;;;;;;;;;;;;;;;
-3.000;;;;;;;;;;;;;;;;;;;;;;;;;;;;;;;;;;;;2.459627336;2.430506938;2.396599614;2.358031475;2.315061158;2.268056106;2.217470321;2.163823649;2.107682679;2.049643293;1.990314895;1.930306318;1.870213425;1.810608360;1.752030424;1.694978541;1.639905236;1.587212079;1.537246505;1.490299941;1.446607141;1.406346631;1.369642186;1.336565205;1.307137906;1.281337218;1.259099262;1.240324324;1.224882194;1.212617777;1.203356869;1.196911991;1.193088184;1.191688677;1.192520326;1.195398749;1.200153078;1.206630246;1.214698757;1.224251870;1.235210153;1.247523366;1.261171629;1.276165869;1.292547513;1.310387438;1.329784165;1.350861332;1.373764456;1.398657026;1.425715976;1.455126596;1.487076939;1.521751823;1.559326506;1.599960140;1.643789117;1.690920435;1.741425220;1.795332547;1.852623723;1.913227200;1.977014293;2.043795905;2.113320442;2.185273149;2.259277064;2.334895842;2.411638670;2.488967531;2.566307062;2.643057287;;;;;;;;;;;;;;;;;;;;;;;;;;;;;;;;;;;
-3.100;;;;;;;;;;;;;;;;;;;;;;;;;;;;;;;;;;;;2.486450264;2.461914693;2.432424257;2.398045341;2.358990256;2.315592025;2.268280731;2.217561496;2.163994168;2.108174737;2.050718527;1.992245155;1.933365251;1.874668917;1.816715895;1.760027379;1.705079423;1.652297881;1.602054779;1.554666059;1.510390579;1.469430291;1.431931478;1.397986953;1.367639103;1.340883679;1.317674202;1.297926890;1.281525979;1.268329342;1.258174283;1.250883414;1.246270500;1.244146186;1.244323505;1.246623087;1.250877977;1.256937997;1.264673585;1.273979041;1.284775136;1.297011042;1.310665544;1.325747511;1.342295612;1.360377269;1.380086857;1.401543155;1.424886096;1.450272832;1.477873168;1.507864439;1.540425886;1.575732616;1.613949251;1.655223363;1.699678817;1.747409155;1.798471159;1.852878741;1.910597347;1.971539018;2.035558330;2.102449386;2.171944082;2.243711867;2.317361221;2.392443101;2.468456595;2.544857054;2.621066959;2.696489815;;;;;;;;;;;;;;;;;;;;;;;;;;;;;;;;;;;
-3.200;;;;;;;;;;;;;;;;;;;;;;;;;;;;;;;;;;;;;2.493447829;2.468570942;2.438614491;2.403734643;2.364221359;2.320473246;2.272974149;2.222271535;2.168956710;2.113646900;2.056969185;1.999546285;1.941984167;1.884861434;1.828720446;1.774060105;1.721330231;1.670927460;1.623192548;1.578409015;1.536803002;1.498544251;1.463748082;1.432478274;1.404750712;1.380537701;1.359772825;1.342356229;1.328160225;1.317035093;1.308814976;1.303323773;1.300380905;1.299806889;1.301428599;1.305084157;1.310627359;1.317931571;1.326893038;1.337433548;1.349502408;1.363077692;1.378166744;1.394805916;1.413059529;1.433018076;1.454795671;1.478526779;1.504362263;1.532464797;1.563003711;1.596149341;1.632066973;1.670910469;1.712815704;1.757893918;1.806225135;1.857851784;1.912772690;1.970937600;2.032242436;2.096525468;2.163564605;2.233076040;2.304714464;2.378075100;2.452697806;2.528073504;2.603653215;2.678859984;;;;;;;;;;;;;;;;;;;;;;;;;;;;;;;;;;;;
-3.300;;;;;;;;;;;;;;;;;;;;;;;;;;;;;;;;;;;;;;2.505261406;2.479907061;2.449418530;2.414033036;2.374109204;2.330102158;2.282540533;2.232005408;2.179111195;2.124488488;2.068768837;2.012571445;1.956491721;1.901091645;1.846891883;1.794365555;1.743933597;1.695961601;1.650758046;1.608573804;1.569602825;1.533983866;1.501803165;1.473097932;1.447860534;1.426043269;1.407563584;1.392309646;1.380146136;1.370920147;1.364467100;1.360616554;1.359197811;1.360045243;1.363003232;1.367930650;1.374704822;1.383224883;1.393414493;1.405223855;1.418631007;1.433642353;1.450292417;1.468642827;1.488780519;1.510815185;1.534875995;1.561107630;1.589665682;1.620711480;1.654406424;1.690905919;1.730352998;1.772871772;1.818560809;1.867486603;1.919677274;1.975116672;2.033739064;2.095424585;2.159995675;2.227214696;2.296782985;2.368341551;2.441473698;2.515709817;2.590534627;2.665397161;;;;;;;;;;;;;;;;;;;;;;;;;;;;;;;;;;;;;
-3.400;;;;;;;;;;;;;;;;;;;;;;;;;;;;;;;;;;;;;;;2.522131042;2.496194011;2.465133108;2.429257429;2.388984989;2.344818254;2.297321711;2.247101497;2.194787070;2.141014916;2.086414261;2.031594725;1.977135882;1.923578632;1.871418326;1.821099533;1.773012370;1.727490282;1.684809156;1.645187668;1.608788734;1.575721946;1.546046872;1.519777089;1.496884842;1.477306178;1.460946461;1.447686134;1.437386609;1.429896191;1.425055900;1.422705125;1.422686977;1.424853282;1.429069114;1.435216798;1.443199325;1.452943109;1.464400049;1.477548855;1.492395609;1.508973544;1.527342043;1.547584850;1.569807523;1.594134155;1.620703400;1.649663860;1.681168912;1.715371029;1.752415718;1.792435158;1.835541668;1.881821134;1.931326543;1.984071786;2.040025890;2.099107882;2.161182473;2.226056775;2.293478278;2.363134328;2.434653350;2.507608079;2.581521086;2.655872867;;;;;;;;;;;;;;;;;;;;;;;;;;;;;;;;;;;;;;
-3.500;;;;;;;;;;;;;;;;;;;;;;;;;;;;;;;;;;;;;;;;2.544244052;2.517646400;2.485994653;2.449660292;2.409111325;2.364888404;2.317583103;2.267818342;2.216230953;2.163456327;2.110115118;2.056801922;2.004075859;1.952452986;1.902400434;1.854332168;1.808606271;1.765523628;1.725327896;1.688206633;1.654293468;1.623671174;1.596375525;1.572399805;1.551699838;1.534199423;1.519796043;1.508366726;1.499773958;1.493871514;1.490510126;1.489542868;1.490830184;1.494244458;1.499674066;1.507026826;1.516232804;1.527246407;1.540047748;1.554643232;1.571065362;1.589371751;1.609643350;1.631981903;1.656506675;1.683350474;1.712655043;1.744565882;1.779226578;1.816772755;1.857325733;1.900986039;1.947826891;1.997887816;2.051168571;2.107623526;2.167156728;2.229617834;2.294799139;2.362433937;2.432196453;2.503703617;2.576518949;2.650158834;;;;;;;;;;;;;;;;;;;;;;;;;;;;;;;;;;;;;;;
-3.600;;;;;;;;;;;;;;;;;;;;;;;;;;;;;;;;;;;;;;;;;2.571719267;2.544406917;2.512164051;2.475414901;2.434668082;2.390493433;2.343501116;2.294322952;2.243595949;2.191947965;2.139985455;2.088283197;2.037375940;1.987751845;1.939847632;1.894045325;1.850670448;1.809991585;1.772221146;1.737517234;1.705986455;1.677687571;1.652635826;1.630807850;1.612146982;1.596568911;1.583967483;1.574220584;1.567195965;1.562756904;1.560767619;1.561098307;1.563629754;1.568257413;1.574894896;1.583476807;1.593960879;1.606329361;1.620589635;1.636774044;1.654938925;1.675162843;1.697544069;1.722197302;1.749249707;1.778836309;1.811094825;1.846160010;1.884157629;1.925198156;1.969370331;2.016734724;2.067317453;2.121104236;2.178034950;2.237998914;2.300831093;2.366309464;2.434153780;2.504025996;2.575532613;2.648229248;;;;;;;;;;;;;;;;;;;;;;;;;;;;;;;;;;;;;;;;
-3.700;;;;;;;;;;;;;;;;;;;;;;;;;;;;;;;;;;;;;;;;;;2.604592262;2.576531912;2.543712719;2.506602029;2.465739819;2.421716380;2.375152347;2.326681023;2.276932943;2.226522605;2.176037286;2.126027857;2.077001474;2.029416066;1.983676467;1.940132106;1.899076087;1.860745571;1.825323283;1.792940041;1.763678149;1.737575533;1.714630473;1.694806799;1.678039424;1.664240092;1.653303202;1.645111604;1.639542256;1.636471625;1.635780747;1.637359847;1.641112449;1.646958888;1.654839177;1.664715168;1.676571966;1.690418576;1.706287745;1.724235018;1.744336987;1.766688780;1.791400798;1.818594760;1.848399116;1.880943889;1.916355056;1.954748542;1.996223973;2.040858303;2.088699459;2.139760182;2.194012229;2.251381124;2.311741681;2.374914502;2.440663706;2.508696125;2.578662239;2.650159136;;;;;;;;;;;;;;;;;;;;;;;;;;;;;;;;;;;;;;;;;
-3.800;;;;;;;;;;;;;;;;;;;;;;;;;;;;;;;;;;;;;;;;;;;2.642802030;2.613978562;2.580610397;2.543198484;2.502305172;2.458532840;2.412504941;2.364849382;2.316184183;2.267105301;2.218176553;2.169921504;2.122817218;2.077289755;2.033711271;1.992398604;1.953613194;1.917562220;1.884400787;1.854235040;1.827126065;1.803094418;1.782125173;1.764173322;1.749169429;1.737025381;1.727640138;1.720905354;1.716710765;1.714949244;1.715521430;1.718339843;1.723332424;1.730445411;1.739645533;1.750921438;1.764284364;1.779768002;1.797427563;1.817338056;1.839591779;1.864295076;1.891564402;1.921521749;1.954289519;1.989984931;2.028714066;2.070565679;2.115604897;2.163866978;2.215351281;2.270015634;2.327771299;2.388478755;2.451944517;2.517919240;2.586097381;2.656118672;;;;;;;;;;;;;;;;;;;;;;;;;;;;;;;;;;;;;;;;;;
-3.900;;;;;;;;;;;;;;;;;;;;;;;;;;;;;;;;;;;;;;;;;;;;2.686179514;2.656594049;2.622715081;2.585067904;2.544228606;2.500803743;2.455412462;2.408671002;2.361179465;2.313510777;2.266201700;2.219745809;2.174588269;2.131122318;2.089687288;2.050568036;2.013995652;1.980149268;1.949158862;1.921108874;1.896042518;1.873966634;1.854856940;1.838663555;1.825316664;1.814732192;1.806817374;1.801476113;1.798614011;1.798142992;1.799985418;1.804077630;1.810372848;1.818843364;1.829481999;1.842302782;1.857340834;1.874651452;1.894308397;1.916401407;1.941032974;1.968314422;1.998361362;2.031288596;2.067204567;2.106205456;2.148369064;2.193748603;2.242366574;2.294208880;2.349219386;2.407295110;2.468282289;2.531973531;2.598106337;2.666363232;;;;;;;;;;;;;;;;;;;;;;;;;;;;;;;;;;;;;;;;;;;
-4.000;;;;;;;;;;;;;;;;;;;;;;;;;;;;;;;;;;;;;;;;;;;;;;2.704107192;2.669765528;2.631954219;2.591254906;2.548270937;2.503610625;2.457872902;2.411635231;2.365443700;2.319805131;2.275181109;2.231983769;2.190573211;2.151256392;2.114287354;2.079868620;2.048153635;2.019250078;1.993223903;1.970103975;1.949887136;1.932543578;1.918022391;1.906257135;1.897171349;1.890683842;1.886713702;1.885184881;1.886030311;1.889195430;1.894641086;1.902345740;1.912306925;1.924541944;1.939087757;1.956000090;1.975351728;1.997230052;2.021733830;2.048969324;2.079045771;2.112070329;2.148142569;2.187348640;2.229755231;2.275403466;2.324302912;2.376425855;2.431702062;2.490014222;2.551194307;2.615021092;;;;;;;;;;;;;;;;;;;;;;;;;;;;;;;;;;;;;;;;;;;;;
-4.100;;;;;;;;;;;;;;;;;;;;;;;;;;;;;;;;;;;;;;;;;;;;;;;2.756123010;2.721376771;2.683478199;2.643006819;2.600555969;2.556717235;2.512067267;2.467156854;2.422502132;2.378577776;2.335812050;2.294583551;2.255219516;2.217995513;2.183136392;2.150818309;2.121171693;2.094284992;2.070209043;2.048961929;2.030534176;2.014894140;2.001993474;1.991772532;1.984165593;1.979105807;1.976529749;1.976381494;1.978616137;1.983202680;1.990126230;1.999389466;2.011013332;2.025036939;2.041516681;2.060524541;2.082145649;2.106475086;2.133614024;2.163665236;2.196728089;2.232893087;2.272236114;2.314812479;2.360650933;2.409747815;2.462061507;2.517507417;2.575953683;2.637217849;;;;;;;;;;;;;;;;;;;;;;;;;;;;;;;;;;;;;;;;;;;;;;
-4.200;;;;;;;;;;;;;;;;;;;;;;;;;;;;;;;;;;;;;;;;;;;;;;;;;2.777039080;2.739137496;2.698986222;2.657162407;2.614235666;2.570756075;2.527244394;2.484184368;2.442016970;2.401136426;2.361887867;2.324566455;2.289417813;2.256639610;2.226384130;2.198761679;2.173844669;2.151672216;2.132255128;2.115581122;2.101620136;2.090329616;2.081659646;2.075557814;2.071973710;2.070862955;2.072190685;2.075934421;2.082086247;2.090654269;2.101663304;2.115154790;2.131185899;2.149827860;2.171163525;2.195284202;2.222285817;2.252264463;2.285311440;2.321507859;2.360918967;2.403588288;2.449531768;2.498732072;2.551133241;2.606635894;;;;;;;;;;;;;;;;;;;;;;;;;;;;;;;;;;;;;;;;;;;;;;;;
-4.300;;;;;;;;;;;;;;;;;;;;;;;;;;;;;;;;;;;;;;;;;;;;;;;;;;;2.798310605;2.758579209;2.717482047;2.675562193;2.633339525;2.591302078;2.549899405;2.509537828;2.470577380;2.433330298;2.398060899;2.364986666;2.334280380;2.306073148;2.280458150;2.257494957;2.237214271;2.219622932;2.204709059;2.192447187;2.182803276;2.175739485;2.171218579;2.169207907;2.169682830;2.172629552;2.178047276;2.185949641;2.196365398;2.209338315;2.224926287;2.243199673;2.264238867;2.288131154;2.314966899;2.344835138;2.377818663;2.413988702;2.453399321;2.496081678;2.542038302;2.591237558;;;;;;;;;;;;;;;;;;;;;;;;;;;;;;;;;;;;;;;;;;;;;;;;;;
-4.400;;;;;;;;;;;;;;;;;;;;;;;;;;;;;;;;;;;;;;;;;;;;;;;;;;;;;2.821065437;2.780805355;2.739997479;2.699128517;2.658651705;2.618981197;2.580488254;2.543499045;2.508293907;2.475107885;2.444132385;2.415517772;2.389376741;2.365788320;2.344802319;2.326444100;2.310719510;2.297619846;2.287126716;2.279216685;2.273865592;2.271052431;2.270762725;2.272991298;2.277744386;2.285041046;2.294913814;2.307408585;2.322583728;2.340508412;2.361260194;2.384921893;2.411577802;2.441309320;2.474190098;2.510280779;2.549623501;2.592236261;;;;;;;;;;;;;;;;;;;;;;;;;;;;;;;;;;;;;;;;;;;;;;;;;;;;
-4.500;;;;;;;;;;;;;;;;;;;;;;;;;;;;;;;;;;;;;;;;;;;;;;;;;;;;;;;2.846336428;2.806762476;2.767361414;2.728550183;2.690706853;2.654167679;2.619225694;2.586130645;2.555090115;2.526271645;2.499805696;2.475789273;2.454290067;2.435350944;2.418994634;2.405228496;2.394049203;2.385447237;2.379411084;2.375931009;2.375002342;2.376628181;2.380821448;2.387606250;2.397018498;2.409105775;2.423926421;2.441547867;2.462044217;2.485493141;2.511972112;2.541554083;2.574302677;2.610267016;;;;;;;;;;;;;;;;;;;;;;;;;;;;;;;;;;;;;;;;;;;;;;;;;;;;;;
-4.600;;;;;;;;;;;;;;;;;;;;;;;;;;;;;;;;;;;;;;;;;;;;;;;;;;;;;;;;;;2.837225262;2.800211319;2.764318865;2.729849581;2.697064384;2.666183952;2.637390328;2.610829417;2.586614205;2.564828536;2.545531284;2.528760777;2.514539315;2.502877652;2.493779316;2.487244650;2.483274465;2.481873213;2.483051601;2.486828574;2.493232614;2.502302313;2.514086203;2.528641819;2.546034015;2.566332549;2.589608982;2.615932941;;;;;;;;;;;;;;;;;;;;;;;;;;;;;;;;;;;;;;;;;;;;;;;;;;;;;;;;;
-4.700;;;;;;;;;;;;;;;;;;;;;;;;;;;;;;;;;;;;;;;;;;;;;;;;;;;;;;;;;;;;;;2.806807767;2.776331044;2.747814443;2.721416376;2.697263217;2.675452678;2.656057628;2.639130200;2.624706037;2.612808539;2.603452976;2.596650347;2.592410882;2.590747087;2.591676242;2.595222293;2.601417075;2.610300820;2.621921939;2.636336048;;;;;;;;;;;;;;;;;;;;;;;;;;;;;;;;;;;;;;;;;;;;;;;;;;;;;;;;;;;;;
-4.800;;;;;;;;;;;;;;;;;;;;;;;;;;;;;;;;;;;;;;;;;;;;;;;;;;;;;;;;;;;;;;;;;;;;2.765894510;2.749107837;2.734776187;2.722933658;2.713605465;2.706811596;2.702570124;2.700900102;;;;;;;;;;;;;;;;;;;;;;;;;;;;;;;;;;;;;;;;;;;;;;;;;;;;;;;;;;;;;;;;;;;
-4.900;;;;;;;;;;;;;;;;;;;;;;;;;;;;;;;;;;;;;;;;;;;;;;;;;;;;;;;;;;;;;;;;;;;;;;;;;;;;;;;;;;;;;;;;;;;;;;;;;;;;;;;;;;;;;;;;;;;;;;;;;;;;;;;;;;;;;;;;;;;;;;
-5.000;;;;;;;;;;;;;;;;;;;;;;;;;;;;;;;;;;;;;;;;;;;;;;;;;;;;;;;;;;;;;;;;;;;;;;;;;;;;;;;;;;;;;;;;;;;;;;;;;;;;;;;;;;;;;;;;;;;;;;;;;;;;;;;;;;;;;;;;;;;;;;
-5.100;;;;;;;;;;;;;;;;;;;;;;;;;;;;;;;;;;;;;;;;;;;;;;;;;;;;;;;;;;;;;;;;;;;;;;;;;;;;;;;;;;;;;;;;;;;;;;;;;;;;;;;;;;;;;;;;;;;;;;;;;;;;;;;;;;;;;;;;;;;;;;
-5.200;;;;;;;;;;;;;;;;;;;;;;;;;;;;;;;;;;;;;;;;;;;;;;;;;;;;;;;;;;;;;;;;;;;;;;;;;;;;;;;;;;;;;;;;;;;;;;;;;;;;;;;;;;;;;;;;;;;;;;;;;;;;;;;;;;;;;;;;;;;;;;
-5.300;;;;;;;;;;;;;;;;;;;;;;;;;;;;;;;;;;;;;;;;;;;;;;;;;;;;;;;;;;;;;;;;;;;;;;;;;;;;;;;;;;;;;;;;;;;;;;;;;;;;;;;;;;;;;;;;;;;;;;;;;;;;;;;;;;;;;;;;;;;;;;
-5.400;;;;;;;;;;;;;;;;;;;;;;;;;;;;;;;;;;;;;;;;;;;;;;;;;;;;;;;;;;;;;;;;;;;;;;;;;;;;;;;;;;;;;;;;;;;;;;;;;;;;;;;;;;;;;;;;;;;;;;;;;;;;;;;;;;;;;;;;;;;;;;
-5.500;;;;;;;;;;;;;;;;;;;;;;;;;;;;;;;;;;;;;;;;;;;;;;;;;;;;;;;;;;;;;;;;;;;;;;;;;;;;;;;;;;;;;;;;;;;;;;;;;;;;;;;;;;;;;;;;;;;;;;;;;;;;;;;;;;;;;;;;;;;;;;
-5.600;;;;;;;;;;;;;;;;;;;;;;;;;;;;;;;;;;;;;;;;;;;;;;;;;;;;;;;;;;;;;;;;;;;;;;;;;;;;;;;;;;;;;;;;;;;;;;;;;;;;;;;;;;;;;;;;;;;;;;;;;;;;;;;;;;;;;;;;;;;;;;
-5.700;;;;;;;;;;;;;;;;;;;;;;;;;;;;;;;;;;;;;;;;;;;;;;;;;;;;;;;;;;;;;;;;;;;;;;;;;;;;;;;;;;;;;;;;;;;;;;;;;;;;;;;;;;;;;;;;;;;;;;;;;;;;;;;;;;;;;;;;;;;;;;
-5.800;;;;;;;;;;;;;;;;;;;;;;;;;;;;;;;;;;;;;;;;;;;;;;;;;;;;;;;;;;;;;;;;;;;;;;;;;;;;;;;;;;;;;;;;;;;;;;;;;;;;;;;;;;;;;;;;;;;;;;;;;;;;;;;;;;;;;;;;;;;;;;
-5.900;;;;;;;;;;;;;;;;;;;;;;;;;;;;;;;;;;;;;;;;;;;;;;;;;;;;;;;;;;;;;;;;;;;;;;;;;;;;;;;;;;;;;;;;;;;;;;;;;;;;;;;;;;;;;;;;;;;;;;;;;;;;;;;;;;;;;;;;;;;;;;
-6.000;;;;;;;;;;;;;;;;;;;;;;;;;;;;;;;;;;;;;;;;;;;;;;;;;;;;;;;;;;;;;;;;;;;;;;;;;;;;;;;;;;;;;;;;;;;;;;;;;;;;;;;;;;;;;;;;;;;;;;;;;;;;;;;;;;;;;;;;;;;;;;
-6.100;;;;;;;;;;;;;;;;;;;;;;;;;;;;;;;;;;;;;;;;;;;;;;;;;;;;;;;;;;;;;;;;;;;;;;;;;;;;;;;;;;;;;;;;;;;;;;;;;;;;;;;;;;;;;;;;;;;;;;;;;;;;;;;;;;;;;;;;;;;;;;
-6.200;;;;;;;;;;;;;;;;;;;;;;;;;;;;;;;;;;;;;;;;;;;;;;;;;;;;;;;;;;;;;;;;;;;;;;;;;;;;;;;;;;;;;;;;;;;;;;;;;;;;;;;;;;;;;;;;;;;;;;;;;;;;;;;;;;;;;;;;;;;;;;
-6.300;;;;;;;;;;;;;;;;;;;;;;;;;;;;;;;;;;;;;;;;;;;;;;;;;;;;;;;;;;;;;;;;;;;;;;;;;;;;;;;;;;;;;;;;;;;;;;;;;;;;;;;;;;;;;;;;;;;;;;;;;;;;;;;;;;;;;;;;;;;;;;
-6.400;;;;;;;;;;;;;;;;;;;;;;;;;;;;;;;;;;;;;;;;;;;;;;;;;;;;;;;;;;;;;;;;;;;;;;;;;;;;;;;;;;;;;;;;;;;;;;;;;;;;;;;;;;;;;;;;;;;;;;;;;;;;;;;;;;;;;;;;;;;;;;
-6.500;;;;;;;;;;;;;;;;;;;;;;;;;;;;;;;;;;;;;;;;;;;;;;;;;;;;;;;;;;;;;;;;;;;;;;;;;;;;;;;;;;;;;;;;;;;;;;;;;;;;;;;;;;;;;;;;;;;;;;;;;;;;;;;;;;;;;;;;;;;;;;
-6.600;;;;;;;;;;;;;;;;;;;;;;;;;;;;;;;;;;;;;;;;;;;;;;;;;;;;;;;;;;;;;;;;;;;;;;;;;;;;;;;;;;;;;;;;;;;;;;;;;;;;;;;;;;;;;;;;;;;;;;;;;;;;;;;;;;;;;;;;;;;;;;
-6.700;;;;;;;;;;;;;;;;;;;;;;;;;;;;;;;;;;;;;;;;;;;;;;;;;;;;;;;;;;;;;;;;;;;;;;;;;;;;;;;;;;;;;;;;;;;;;;;;;;;;;;;;;;;;;;;;;;;;;;;;;;;;;;;;;;;;;;;;;;;;;;
-6.800;;;;;;;;;;;;;;;;;;;;;;;;;;;;;;;;;;;;;;;;;;;;;;;;;;;;;;;;;;;;;;;;;;;;;;;;;;;;;;;;;;;;;;;;;;;;;;;;;;;;;;;;;;;;;;;;;;;;;;;;;;;;;;;;;;;;;;;;;;;;;;
-6.900;;;;;;;;;;;;;;;;;;;;;;;;;;;;;;;;;;;;;;;;;;;;;;;;;;;;;;;;;;;;;;;;;;;;;;;;;;;;;;;;;;;;;;;;;;;;;;;;;;;;;;;;;;;;;;;;;;;;;;;;;;;;;;;;;;;;;;;;;;;;;;
-7.000;;;;;;;;;;;;;;;;;;;;;;;;;;;;;;;;;;;;;;;;;;;;;;;;;;;;;;;;;;;;;;;;;;;;;;;;;;;;;;;;;;;;;;;;;;;;;;;;;;;;;;;;;;;;;;;;;;;;;;;;;;;;;;;;;;;;;;;;;;;;;;
[SYSTEM];;
Name;Pentacam;
Version;1.25r15;
SerialNo;0035  0250;
Registered User;...;
File Date;08-03-2024;
Matrixsize X;141;
Matrixsize Y;141;
Matrix-Res. X/Y;100;

[PATIENT];;
LastName;01 Demo AXL;
FirstName;Long Eye;
Eye;OS;
DateOfBirth;30-04-1953;
Sex;...;
PatientID;high asti;

[EXAMINATION];;
Date;08-03-2024;
Time;09:12:26;
Surgeon;...;
OP;...;
TestNo;...;
Comments;...;
Max. Diameter;12.43;

[GENERAL DATA];;
Cornea Front Rh;7.49;
Cornea Front Rv;7.83;
Cornea Front Axis;53.2;
Cornea Front Astig;1.9;
Cornea Front Exz;-0.61;Q-val. (8mm);
Pachy Apex;695;
Pachy Min;553;
Pachy Min X;1.80;
Pachy Min Y;-1.66;
Chamber Height;2.55;
Chamber Angle;22.29;
KKS;# -;
QS Status;Data Gaps !;
QS Error;2;
K Max (Front);48.81;
K Max X (Front);3.38;
K Max Y (Front);-0.35;

[PUPIL];
Pupil Dia;2.31;
XPupil;68;
YPupil;-172;

X;Y;
1154;0;
1150;28;
1146;56;
1142;84;
1136;112;
1130;139;
1124;167;
1117;194;
1109;221;
1101;247;
1092;273;
1082;300;
1073;325;
1062;351;
1051;376;
1040;401;
1028;426;
1016;450;
1003;474;
990;498;
976;522;
961;545;
947;567;
932;590;
916;612;
900;634;
883;655;
866;676;
849;697;
831;717;
813;737;
794;756;
775;775;
755;793;
735;811;
715;828;
694;845;
673;862;
651;878;
629;893;
606;908;
584;922;
561;935;
537;948;
513;960;
489;972;
465;983;
440;993;
415;1003;
390;1012;
365;1020;
339;1027;
314;1034;
288;1040;
262;1045;
236;1050;
210;1054;
183;1057;
157;1059;
131;1061;
105;1061;
78;1061;
52;1061;
26;1059;
0;1057;
-26;1054;
-52;1050;
-77;1046;
-103;1041;
-128;1035;
-153;1029;
-177;1022;
-202;1014;
-226;1006;
-250;997;
-273;987;
-296;977;
-319;966;
-342;955;
-364;943;
-386;931;
-407;918;
-428;905;
-449;892;
-469;877;
-489;863;
-508;848;
-527;833;
-546;817;
-564;801;
-582;785;
-599;768;
-617;751;
-633;734;
-650;717;
-666;699;
-681;681;
-696;663;
-712;645;
-726;626;
-740;607;
-754;588;
-767;569;
-781;550;
-794;530;
-806;511;
-818;491;
-830;470;
-842;450;
-854;430;
-865;409;
-876;388;
-886;367;
-896;346;
-907;324;
-916;303;
-925;281;
-934;258;
-943;236;
-951;214;
-959;191;
-967;168;
-974;144;
-980;121;
-987;97;
-993;73;
-998;49;
-1003;25;
-1007;0;
-1012;-25;
-1015;-50;
-1018;-75;
-1021;-101;
-1023;-126;
-1024;-152;
-1026;-178;
-1027;-204;
-1027;-231;
-1026;-257;
-1025;-284;
-1024;-311;
-1023;-338;
-1020;-365;
-1017;-392;
-1013;-420;
-1010;-448;
-1005;-475;
-1000;-503;
-994;-531;
-987;-559;
-980;-587;
-972;-616;
-964;-644;
-954;-672;
-944;-700;
-933;-728;
-921;-756;
-909;-784;
-896;-812;
-882;-839;
-867;-867;
-851;-894;
-834;-921;
-817;-947;
-799;-973;
-780;-999;
-760;-1024;
-739;-1049;
-717;-1073;
-695;-1097;
-671;-1120;
-647;-1143;
-622;-1164;
-596;-1185;
-570;-1205;
-543;-1225;
-515;-1244;
-486;-1261;
-457;-1277;
-427;-1293;
-397;-1308;
-366;-1323;
-334;-1335;
-302;-1347;
-270;-1357;
-237;-1367;
-204;-1376;
-171;-1383;
-137;-1389;
-103;-1394;
-69;-1397;
-34;-1400;
0;-1403;
34;-1402;
69;-1401;
103;-1398;
137;-1395;
172;-1391;
206;-1386;
239;-1378;
273;-1370;
306;-1361;
339;-1352;
371;-1341;
403;-1328;
434;-1314;
465;-1300;
496;-1285;
526;-1269;
555;-1252;
584;-1234;
612;-1215;
639;-1196;
666;-1175;
692;-1154;
717;-1132;
742;-1110;
766;-1087;
789;-1064;
811;-1040;
833;-1015;
854;-990;
874;-964;
893;-938;
912;-912;
930;-886;
947;-859;
964;-831;
979;-804;
994;-776;
1009;-748;
1023;-720;
1036;-692;
1048;-663;
1059;-635;
1070;-606;
1081;-578;
1090;-549;
1099;-520;
1107;-491;
1115;-462;
1122;-433;
1129;-404;
1135;-375;
1140;-346;
1145;-317;
1149;-288;
1152;-259;
1155;-230;
1157;-201;
1159;-172;
1160;-143;
1160;-114;
1159;-86;
1158;-57;
1156;-28;
[CORNEA EDGE];;
Cornea Center Pos X (related to apex, [mm]);0.40;
Cornea Center Pos Y (related to apex, [mm]);-0.34;
Iris Image existing in Examination;1;
Iris Image Apex Pixel Position X;371.61;
Iris Image Apex Pixel Position Y;243.86;
Iris Image mm per Pixel;0.0210;
Left Cornea-Edge X (related to Apex, [µm]);Left Cornea-Edge Y (related to Apex, [µm]);
-5100;1257;
-5146;1076;
-5188;893;
-5224;710;
-5254;526;
-5279;341;
-5299;156;
-5312;-29;
-5321;-215;
-5323;-402;
-5319;-588;
-5310;-773;
-5295;-959;
-5275;-1144;
-5249;-1329;
-5217;-1513;
-5180;-1696;
-5138;-1878;
-5090;-2059;
-5037;-2239;
-4979;-2418;
-4917;-2596;
-4849;-2773;
-4777;-2949;
;;
;;
;;
;;
;;
;;
;;
;;
;;
;;
;;
;;
;;
;;
;;
;;
Right Cornea-Edge X (related to Apex, [µm]);Right Cornea-Edge Y (related to Apex, [µm]);
5301;-3342;
5399;-3154;
5492;-2964;
5580;-2771;
5662;-2576;
5738;-2379;
5809;-2179;
5873;-1977;
5930;-1772;
5980;-1566;
6023;-1357;
6058;-1148;
6086;-936;
6106;-724;
6119;-511;
6123;-298;
6119;-84;
6107;129;
6087;342;
6059;553;
6023;764;
5980;973;
5929;1181;
5872;1387;
;;
;;
;;
;;
;;
;;
;;
;;
;;
;;
;;
;;
;;
;;
;;
;;
[GENERAL DATA 2];;
Chamber Angle @ 180°;22.3;
Chamber Angle @ 0°;39.5;
Chamber Volume [mm³];148;
AXL Axial Length [mm];;
AXL SNR;;
HWTW;11.4;
