FRONT;-7.000;-6.900;-6.800;-6.700;-6.600;-6.500;-6.400;-6.300;-6.200;-6.100;-6.000;-5.900;-5.800;-5.700;-5.600;-5.500;-5.400;-5.300;-5.200;-5.100;-5.000;-4.900;-4.800;-4.700;-4.600;-4.500;-4.400;-4.300;-4.200;-4.100;-4.000;-3.900;-3.800;-3.700;-3.600;-3.500;-3.400;-3.300;-3.200;-3.100;-3.000;-2.900;-2.800;-2.700;-2.600;-2.500;-2.400;-2.300;-2.200;-2.100;-2.000;-1.900;-1.800;-1.700;-1.600;-1.500;-1.400;-1.300;-1.200;-1.100;-1.000;-0.900;-0.800;-0.700;-0.600;-0.500;-0.400;-0.300;-0.200;-0.100;0.000;0.100;0.200;0.300;0.400;0.500;0.600;0.700;0.800;0.900;1.000;1.100;1.200;1.300;1.400;1.500;1.600;1.700;1.800;1.900;2.000;2.100;2.200;2.300;2.400;2.500;2.600;2.700;2.800;2.900;3.000;3.100;3.200;3.300;3.400;3.500;3.600;3.700;3.800;3.900;4.000;4.100;4.200;4.300;4.400;4.500;4.600;4.700;4.800;4.900;5.000;5.100;5.200;5.300;5.400;5.500;5.600;5.700;5.800;5.900;6.000;6.100;6.200;6.300;6.400;6.500;6.600;6.700;6.800;6.900;7.000;
7.000;;;;;;;;;;;;;;;;;;;;;;;;;;;;;;;;;;;;;;;;;;;;;;;;;;;;;;;;;;;;;;;;;;;;;;;;;;;;;;;;;;;;;;;;;;;;;;;;;;;;;;;;;;;;;;;;;;;;;;;;;;;;;;;;;;;;;;;;;;;;;;
6.900;;;;;;;;;;;;;;;;;;;;;;;;;;;;;;;;;;;;;;;;;;;;;;;;;;;;;;;;;;;;;;;;;;;;;;;;;;;;;;;;;;;;;;;;;;;;;;;;;;;;;;;;;;;;;;;;;;;;;;;;;;;;;;;;;;;;;;;;;;;;;;
6.800;;;;;;;;;;;;;;;;;;;;;;;;;;;;;;;;;;;;;;;;;;;;;;;;;;;;;;;;;;;;;;;;;;;;;;;;;;;;;;;;;;;;;;;;;;;;;;;;;;;;;;;;;;;;;;;;;;;;;;;;;;;;;;;;;;;;;;;;;;;;;;
6.700;;;;;;;;;;;;;;;;;;;;;;;;;;;;;;;;;;;;;;;;;;;;;;;;;;;;;;;;;;;;;;;;;;;;;;;;;;;;;;;;;;;;;;;;;;;;;;;;;;;;;;;;;;;;;;;;;;;;;;;;;;;;;;;;;;;;;;;;;;;;;;
6.600;;;;;;;;;;;;;;;;;;;;;;;;;;;;;;;;;;;;;;;;;;;;;;;;;;;;;;;;;;;;;;;;;;;;;;;;;;;;;;;;;;;;;;;;;;;;;;;;;;;;;;;;;;;;;;;;;;;;;;;;;;;;;;;;;;;;;;;;;;;;;;
6.500;;;;;;;;;;;;;;;;;;;;;;;;;;;;;;;;;;;;;;;;;;;;;;;;;;;;;;;;;;;;;;;;;;;;;;;;;;;;;;;;;;;;;;;;;;;;;;;;;;;;;;;;;;;;;;;;;;;;;;;;;;;;;;;;;;;;;;;;;;;;;;
6.400;;;;;;;;;;;;;;;;;;;;;;;;;;;;;;;;;;;;;;;;;;;;;;;;;;;;;;;;;;;;;;;;;;;;;;;;;;;;;;;;;;;;;;;;;;;;;;;;;;;;;;;;;;;;;;;;;;;;;;;;;;;;;;;;;;;;;;;;;;;;;;
6.300;;;;;;;;;;;;;;;;;;;;;;;;;;;;;;;;;;;;;;;;;;;;;;;;;;;;;;;;;;;;;;;;;;;;;;;;;;;;;;;;;;;;;;;;;;;;;;;;;;;;;;;;;;;;;;;;;;;;;;;;;;;;;;;;;;;;;;;;;;;;;;
6.200;;;;;;;;;;;;;;;;;;;;;;;;;;;;;;;;;;;;;;;;;;;;;;;;;;;;;;;;;;;;;;;;;;;;;;;;;;;;;;;;;;;;;;;;;;;;;;;;;;;;;;;;;;;;;;;;;;;;;;;;;;;;;;;;;;;;;;;;;;;;;;
6.100;;;;;;;;;;;;;;;;;;;;;;;;;;;;;;;;;;;;;;;;;;;;;;;;;;;;;;;;;;;;;;;;;;;;;;;;;;;;;;;;;;;;;;;;;;;;;;;;;;;;;;;;;;;;;;;;;;;;;;;;;;;;;;;;;;;;;;;;;;;;;;
6.000;;;;;;;;;;;;;;;;;;;;;;;;;;;;;;;;;;;;;;;;;;;;;;;;;;;;;;;;;;;;;;;;;;;;;;;;;;;;;;;;;;;;;;;;;;;;;;;;;;;;;;;;;;;;;;;;;;;;;;;;;;;;;;;;;;;;;;;;;;;;;;
5.900;;;;;;;;;;;;;;;;;;;;;;;;;;;;;;;;;;;;;;;;;;;;;;;;;;;;;;;;;;;;;;;;;;;;;;;;;;;;;;;;;;;;;;;;;;;;;;;;;;;;;;;;;;;;;;;;;;;;;;;;;;;;;;;;;;;;;;;;;;;;;;
5.800;;;;;;;;;;;;;;;;;;;;;;;;;;;;;;;;;;;;;;;;;;;;;;;;;;;;;;;;;;;;;;;;;;;;;;;;;;;;;;;;;;;;;;;;;;;;;;;;;;;;;;;;;;;;;;;;;;;;;;;;;;;;;;;;;;;;;;;;;;;;;;
5.700;;;;;;;;;;;;;;;;;;;;;;;;;;;;;;;;;;;;;;;;;;;;;;;;;;;;;;;;;;;;;;;;;;;;;;;;;;;;;;;;;;;;;;;;;;;;;;;;;;;;;;;;;;;;;;;;;;;;;;;;;;;;;;;;;;;;;;;;;;;;;;
5.600;;;;;;;;;;;;;;;;;;;;;;;;;;;;;;;;;;;;;;;;;;;;;;;;;;;;;;;;;;;;;;;;;;;;;;;;;;;;;;;;;;;;;;;;;;;;;;;;;;;;;;;;;;;;;;;;;;;;;;;;;;;;;;;;;;;;;;;;;;;;;;
5.500;;;;;;;;;;;;;;;;;;;;;;;;;;;;;;;;;;;;;;;;;;;;;;;;;;;;;;;;;;;;;;;;;;;;;;;;;;;;;;;;;;;;;;;;;;;;;;;;;;;;;;;;;;;;;;;;;;;;;;;;;;;;;;;;;;;;;;;;;;;;;;
5.400;;;;;;;;;;;;;;;;;;;;;;;;;;;;;;;;;;;;;;;;;;;;;;;;;;;;;;;;;;;;;;;;;;;;;;;;;;;;;;;;;;;;;;;;;;;;;;;;;;;;;;;;;;;;;;;;;;;;;;;;;;;;;;;;;;;;;;;;;;;;;;
5.300;;;;;;;;;;;;;;;;;;;;;;;;;;;;;;;;;;;;;;;;;;;;;;;;;;;;;;;;;;;;;;;;;;;;;;;;;;;;;;;;;;;;;;;;;;;;;;;;;;;;;;;;;;;;;;;;;;;;;;;;;;;;;;;;;;;;;;;;;;;;;;
5.200;;;;;;;;;;;;;;;;;;;;;;;;;;;;;;;;;;;;;;;;;;;;;;;;;;;;;;;;;;;;;;;;;;;;;;;;;;;;;;;;;;;;;;;;;;;;;;;;;;;;;;;;;;;;;;;;;;;;;;;;;;;;;;;;;;;;;;;;;;;;;;
5.100;;;;;;;;;;;;;;;;;;;;;;;;;;;;;;;;;;;;;;;;;;;;;;;;;;;;;;;;;;;;;;;;;;;;;;;;;;;;;;;;;;;;;;;;;;;;;;;;;;;;;;;;;;;;;;;;;;;;;;;;;;;;;;;;;;;;;;;;;;;;;;
5.000;;;;;;;;;;;;;;;;;;;;;;;;;;;;;;;;;;;;;;;;;;;;;;;;;;;;;;;;;;;;;;;;;;;;;;;;;;;;;;;;;;;;;;;;;;;;;;;;;;;;;;;;;;;;;;;;;;;;;;;;;;;;;;;;;;;;;;;;;;;;;;
4.900;;;;;;;;;;;;;;;;;;;;;;;;;;;;;;;;;;;;;;;;;;;;;;;;;;;;;;;;;;;;;;;;;;;;;;;;;;;;;;;;;;;;;;;;;;;;;;;;;;;;;;;;;;;;;;;;;;;;;;;;;;;;;;;;;;;;;;;;;;;;;;
4.800;;;;;;;;;;;;;;;;;;;;;;;;;;;;;;;;;;;;;;;;;;;;;;;;;;;;;;;;;;;;;;;;;;;;;;;;;;;;;;;;;;;;;;;;;;;;;;;;;;;;;;;;;;;;;;;;;;;;;;;;;;;;;;;;;;;;;;;;;;;;;;
4.700;;;;;;;;;;;;;;;;;;;;;;;;;;;;;;;;;;;;;;;;;;;;;;;;;;;;;;;;;;;;;;;;;;;;;;;;;;;;;;;;;;;;;;;;;;;;;;;;;;;;;;;;;;;;;;;;;;;;;;;;;;;;;;;;;;;;;;;;;;;;;;
4.600;;;;;;;;;;;;;;;;;;;;;;;;;;;;;;;;;;;;;;;;;;;;;;;;;;;;;;;;;;;;;;;;;;;;;;;;;;;;;;;;;;;;;;;;;;;;;;;;;;;;;;;;;;;;;;;;;;;;;;;;;;;;;;;;;;;;;;;;;;;;;;
4.500;;;;;;;;;;;;;;;;;;;;;;;;;;;;;;;;;;;;;;;;;;;;;;;;;;;;;;;;;;;;;;;;;;;;;;;;;;;;;;;;;;;;;;;;;;;;;;;;;;;;;;;;;;;;;;;;;;;;;;;;;;;;;;;;;;;;;;;;;;;;;;
4.400;;;;;;;;;;;;;;;;;;;;;;;;;;;;;;;;;;;;;;;;;;;;;;;;;;;;;;;;;;;;;;;;;;;;;;;;;;;;;;;;;;;;;;;;;;;;;;;;;;;;;;;;;;;;;;;;;;;;;;;;;;;;;;;;;;;;;;;;;;;;;;
4.300;;;;;;;;;;;;;;;;;;;;;;;;;;;;;;;;;;;;;;;;;;;;;;;;;;;;;;;;;;;;;;;;;;;;8.06;8.05;8.04;8.04;8.03;8.03;8.03;8.03;8.03;8.03;8.03;8.04;8.04;8.05;8.05;8.06;8.07;8.08;8.08;8.09;8.10;8.11;8.12;;;;;;;;;;;;;;;;;;;;;;;;;;;;;;;;;;;;;;;;;;;;;;;;;;;;
4.200;;;;;;;;;;;;;;;;;;;;;;;;;;;;;;;;;;;;;;;;;;;;;;;;;;;;;;;;;;;;;;;8.09;8.07;8.05;8.04;8.03;8.01;8.00;8.00;7.99;7.99;7.98;7.98;7.98;7.98;7.98;7.99;7.99;7.99;8.00;8.00;8.01;8.02;8.02;8.03;8.04;8.05;8.06;8.07;8.08;8.09;8.11;8.12;;;;;;;;;;;;;;;;;;;;;;;;;;;;;;;;;;;;;;;;;;;;;;;;
4.100;;;;;;;;;;;;;;;;;;;;;;;;;;;;;;;;;;;;;;;;;;;;;;;;;;;;;;;;;;;8.13;8.10;8.08;8.06;8.04;8.03;8.01;7.99;7.98;7.97;7.96;7.95;7.95;7.94;7.94;7.93;7.93;7.93;7.93;7.94;7.94;7.94;7.95;7.95;7.96;7.96;7.97;7.98;7.98;7.99;8.00;8.01;8.02;8.04;8.05;8.06;8.08;8.10;8.12;8.15;;;;;;;;;;;;;;;;;;;;;;;;;;;;;;;;;;;;;;;;;;;;
4.000;;;;;;;;;;;;;;;;;;;;;;;;;;;;;;;;;;;;;;;;;;;;;;;;;;;;;;;8.17;8.15;8.13;8.11;8.08;8.06;8.04;8.02;8.00;7.98;7.97;7.95;7.94;7.93;7.92;7.91;7.90;7.90;7.89;7.89;7.89;7.89;7.89;7.89;7.89;7.90;7.90;7.90;7.91;7.91;7.92;7.93;7.93;7.94;7.95;7.96;7.97;7.98;8.00;8.01;8.03;8.05;8.07;8.09;8.12;8.14;;;;;;;;;;;;;;;;;;;;;;;;;;;;;;;;;;;;;;;;;;
3.900;;;;;;;;;;;;;;;;;;;;;;;;;;;;;;;;;;;;;;;;;;;;;;;;;;;;8.20;8.18;8.16;8.13;8.11;8.09;8.06;8.04;8.02;8.00;7.98;7.96;7.94;7.92;7.91;7.90;7.88;7.87;7.86;7.86;7.85;7.85;7.84;7.84;7.84;7.84;7.84;7.85;7.85;7.85;7.86;7.86;7.87;7.87;7.88;7.88;7.89;7.90;7.91;7.92;7.93;7.94;7.96;7.98;7.99;8.01;8.04;8.06;8.09;8.12;8.15;8.19;;;;;;;;;;;;;;;;;;;;;;;;;;;;;;;;;;;;;;;
3.800;;;;;;;;;;;;;;;;;;;;;;;;;;;;;;;;;;;;;;;;;;;;;;;;;;8.20;8.18;8.16;8.14;8.11;8.09;8.07;8.05;8.02;8.00;7.98;7.96;7.94;7.92;7.90;7.88;7.87;7.85;7.84;7.83;7.82;7.81;7.81;7.80;7.80;7.80;7.80;7.80;7.80;7.80;7.80;7.81;7.81;7.82;7.82;7.83;7.83;7.84;7.85;7.85;7.86;7.87;7.88;7.90;7.91;7.93;7.94;7.96;7.99;8.01;8.04;8.07;8.10;8.13;8.17;8.21;;;;;;;;;;;;;;;;;;;;;;;;;;;;;;;;;;;;;
3.700;;;;;;;;;;;;;;;;;;;;;;;;;;;;;;;;;;;;;;;;;;;;;;;;8.20;8.18;8.16;8.14;8.12;8.10;8.08;8.05;8.03;8.01;7.98;7.96;7.94;7.92;7.90;7.88;7.86;7.84;7.83;7.81;7.80;7.79;7.78;7.77;7.77;7.76;7.76;7.76;7.76;7.76;7.76;7.76;7.76;7.77;7.77;7.77;7.78;7.78;7.79;7.80;7.80;7.81;7.82;7.83;7.84;7.85;7.86;7.88;7.90;7.92;7.94;7.96;7.99;8.01;8.05;8.08;8.12;8.16;8.20;8.24;;;;;;;;;;;;;;;;;;;;;;;;;;;;;;;;;;;
3.600;;;;;;;;;;;;;;;;;;;;;;;;;;;;;;;;;;;;;;;;;;;;;;8.20;8.18;8.16;8.14;8.12;8.10;8.08;8.06;8.04;8.01;7.99;7.97;7.94;7.92;7.90;7.88;7.86;7.84;7.82;7.80;7.79;7.77;7.76;7.75;7.74;7.73;7.73;7.72;7.72;7.72;7.72;7.72;7.72;7.72;7.72;7.73;7.73;7.73;7.74;7.74;7.75;7.75;7.76;7.77;7.78;7.79;7.80;7.81;7.82;7.84;7.85;7.87;7.89;7.92;7.94;7.97;8.00;8.03;8.07;8.10;8.14;8.19;8.23;;;;;;;;;;;;;;;;;;;;;;;;;;;;;;;;;;
3.500;;;;;;;;;;;;;;;;;;;;;;;;;;;;;;;;;;;;;;;;;;;;8.20;8.19;8.17;8.15;8.13;8.11;8.09;8.07;8.04;8.02;8.00;7.98;7.95;7.93;7.91;7.88;7.86;7.84;7.82;7.80;7.78;7.77;7.75;7.74;7.72;7.71;7.70;7.70;7.69;7.69;7.68;7.68;7.68;7.68;7.68;7.68;7.68;7.69;7.69;7.69;7.70;7.70;7.71;7.72;7.72;7.73;7.74;7.75;7.76;7.77;7.78;7.80;7.81;7.83;7.85;7.87;7.90;7.92;7.95;7.98;8.02;8.05;8.09;8.14;8.18;8.23;8.28;;;;;;;;;;;;;;;;;;;;;;;;;;;;;;;;
3.400;;;;;;;;;;;;;;;;;;;;;;;;;;;;;;;;;;;;;;;;;;8.21;8.19;8.17;8.15;8.13;8.12;8.10;8.07;8.05;8.03;8.01;7.99;7.96;7.94;7.92;7.89;7.87;7.85;7.83;7.80;7.78;7.76;7.75;7.73;7.71;7.70;7.69;7.68;7.67;7.66;7.65;7.65;7.65;7.64;7.64;7.64;7.64;7.65;7.65;7.65;7.65;7.66;7.66;7.67;7.67;7.68;7.69;7.69;7.70;7.71;7.72;7.73;7.75;7.76;7.78;7.79;7.81;7.83;7.86;7.88;7.91;7.94;7.97;8.01;8.05;8.09;8.13;8.17;8.22;8.27;;;;;;;;;;;;;;;;;;;;;;;;;;;;;;;
3.300;;;;;;;;;;;;;;;;;;;;;;;;;;;;;;;;;;;;;;;;;8.20;8.18;8.16;8.14;8.12;8.10;8.08;8.06;8.04;8.02;8.00;7.97;7.95;7.93;7.91;7.88;7.86;7.84;7.81;7.79;7.77;7.75;7.73;7.71;7.70;7.68;7.67;7.66;7.64;7.64;7.63;7.62;7.62;7.61;7.61;7.61;7.61;7.61;7.61;7.62;7.62;7.62;7.62;7.63;7.63;7.64;7.64;7.65;7.66;7.67;7.68;7.69;7.70;7.71;7.73;7.74;7.76;7.78;7.80;7.82;7.85;7.87;7.90;7.93;7.97;8.00;8.04;8.08;8.13;8.17;8.22;8.27;8.32;;;;;;;;;;;;;;;;;;;;;;;;;;;;;
3.200;;;;;;;;;;;;;;;;;;;;;;;;;;;;;;;;;;;;;;;8.21;8.19;8.17;8.15;8.13;8.11;8.09;8.07;8.05;8.03;8.01;7.99;7.97;7.94;7.92;7.90;7.87;7.85;7.83;7.80;7.78;7.76;7.74;7.72;7.70;7.68;7.66;7.65;7.64;7.62;7.61;7.61;7.60;7.59;7.59;7.58;7.58;7.58;7.58;7.58;7.58;7.58;7.59;7.59;7.59;7.60;7.60;7.61;7.61;7.62;7.63;7.63;7.64;7.65;7.67;7.68;7.69;7.71;7.73;7.74;7.77;7.79;7.81;7.84;7.87;7.90;7.93;7.96;8.00;8.04;8.08;8.12;8.17;8.22;8.27;8.32;;;;;;;;;;;;;;;;;;;;;;;;;;;;
3.100;;;;;;;;;;;;;;;;;;;;;;;;;;;;;;;;;;;;;;8.21;8.19;8.17;8.15;8.13;8.11;8.09;8.07;8.05;8.02;8.00;7.98;7.96;7.94;7.91;7.89;7.87;7.84;7.82;7.80;7.77;7.75;7.73;7.71;7.69;7.67;7.65;7.64;7.62;7.61;7.60;7.59;7.58;7.57;7.56;7.56;7.56;7.55;7.55;7.55;7.55;7.55;7.56;7.56;7.56;7.56;7.57;7.57;7.58;7.58;7.59;7.60;7.60;7.61;7.62;7.64;7.65;7.66;7.68;7.70;7.71;7.73;7.76;7.78;7.81;7.83;7.86;7.90;7.93;7.96;8.00;8.04;8.08;8.12;8.17;8.22;8.26;8.31;;;;;;;;;;;;;;;;;;;;;;;;;;;
3.000;;;;;;;;;;;;;;;;;;;;;;;;;;;;;;;;;;;;;8.21;8.19;8.17;8.15;8.12;8.10;8.08;8.06;8.04;8.02;8.00;7.98;7.95;7.93;7.91;7.89;7.86;7.84;7.82;7.79;7.77;7.75;7.72;7.70;7.68;7.66;7.64;7.62;7.61;7.59;7.58;7.57;7.56;7.55;7.54;7.54;7.53;7.53;7.53;7.53;7.53;7.53;7.53;7.53;7.53;7.53;7.54;7.54;7.54;7.55;7.55;7.56;7.57;7.58;7.59;7.60;7.61;7.62;7.63;7.65;7.67;7.69;7.71;7.73;7.75;7.78;7.80;7.83;7.86;7.90;7.93;7.96;8.00;8.04;8.08;8.13;8.17;8.22;8.26;8.31;;;;;;;;;;;;;;;;;;;;;;;;;;
2.900;;;;;;;;;;;;;;;;;;;;;;;;;;;;;;;;;;;;8.22;8.19;8.17;8.15;8.12;8.10;8.08;8.06;8.04;8.02;8.00;7.97;7.95;7.93;7.91;7.88;7.86;7.84;7.81;7.79;7.77;7.74;7.72;7.70;7.68;7.65;7.64;7.62;7.60;7.58;7.57;7.56;7.55;7.54;7.53;7.52;7.51;7.51;7.51;7.50;7.50;7.50;7.50;7.50;7.50;7.51;7.51;7.51;7.52;7.52;7.53;7.53;7.54;7.54;7.55;7.56;7.57;7.58;7.60;7.61;7.62;7.64;7.66;7.68;7.70;7.73;7.75;7.78;7.80;7.83;7.87;7.90;7.93;7.97;8.01;8.05;8.09;8.13;8.17;8.22;8.27;8.31;;;;;;;;;;;;;;;;;;;;;;;;;
2.800;;;;;;;;;;;;;;;;;;;;;;;;;;;;;;;;;;;8.22;8.20;8.17;8.15;8.13;8.10;8.08;8.06;8.04;8.02;7.99;7.97;7.95;7.93;7.91;7.88;7.86;7.84;7.81;7.79;7.76;7.74;7.72;7.69;7.67;7.65;7.63;7.61;7.59;7.58;7.56;7.55;7.53;7.52;7.51;7.50;7.50;7.49;7.49;7.48;7.48;7.48;7.48;7.48;7.48;7.48;7.49;7.49;7.49;7.50;7.50;7.50;7.51;7.52;7.52;7.53;7.54;7.55;7.56;7.57;7.59;7.60;7.62;7.64;7.66;7.68;7.70;7.73;7.75;7.78;7.81;7.84;7.87;7.90;7.94;7.97;8.01;8.05;8.09;8.13;8.18;8.22;8.27;8.32;;;;;;;;;;;;;;;;;;;;;;;;
2.700;;;;;;;;;;;;;;;;;;;;;;;;;;;;;;;;;;8.23;8.21;8.18;8.16;8.13;8.11;8.09;8.06;8.04;8.02;8.00;7.98;7.95;7.93;7.91;7.88;7.86;7.84;7.81;7.79;7.76;7.74;7.72;7.69;7.67;7.65;7.63;7.61;7.59;7.57;7.55;7.54;7.53;7.51;7.50;7.49;7.48;7.48;7.47;7.47;7.46;7.46;7.46;7.46;7.46;7.46;7.47;7.47;7.47;7.47;7.48;7.48;7.49;7.49;7.50;7.51;7.52;7.52;7.53;7.54;7.56;7.57;7.58;7.60;7.62;7.64;7.66;7.68;7.70;7.73;7.75;7.78;7.81;7.84;7.88;7.91;7.94;7.98;8.02;8.06;8.10;8.14;8.18;8.23;8.27;8.32;;;;;;;;;;;;;;;;;;;;;;;
2.600;;;;;;;;;;;;;;;;;;;;;;;;;;;;;;;;;8.24;8.22;8.19;8.17;8.14;8.12;8.09;8.07;8.05;8.02;8.00;7.98;7.96;7.93;7.91;7.89;7.86;7.84;7.82;7.79;7.77;7.74;7.72;7.70;7.67;7.65;7.63;7.61;7.59;7.57;7.55;7.54;7.52;7.51;7.49;7.48;7.47;7.47;7.46;7.45;7.45;7.45;7.45;7.44;7.44;7.45;7.45;7.45;7.45;7.46;7.46;7.46;7.47;7.47;7.48;7.49;7.49;7.50;7.51;7.52;7.53;7.54;7.56;7.57;7.58;7.60;7.62;7.64;7.66;7.68;7.71;7.73;7.76;7.79;7.82;7.85;7.88;7.92;7.95;7.99;8.02;8.06;8.10;8.15;8.19;8.23;8.28;8.32;;;;;;;;;;;;;;;;;;;;;;
2.500;;;;;;;;;;;;;;;;;;;;;;;;;;;;;;;;8.26;8.23;8.20;8.18;8.15;8.13;8.10;8.08;8.06;8.03;8.01;7.99;7.96;7.94;7.92;7.89;7.87;7.84;7.82;7.80;7.77;7.75;7.72;7.70;7.68;7.65;7.63;7.61;7.59;7.57;7.55;7.53;7.52;7.50;7.49;7.48;7.47;7.46;7.45;7.44;7.44;7.44;7.43;7.43;7.43;7.43;7.43;7.43;7.44;7.44;7.44;7.45;7.45;7.46;7.46;7.47;7.48;7.48;7.49;7.50;7.51;7.52;7.53;7.54;7.56;7.57;7.59;7.60;7.62;7.64;7.66;7.69;7.71;7.74;7.77;7.80;7.83;7.86;7.89;7.92;7.96;8.00;8.03;8.07;8.11;8.15;8.20;8.24;8.28;8.33;;;;;;;;;;;;;;;;;;;;;
2.400;;;;;;;;;;;;;;;;;;;;;;;;;;;;;;;8.27;8.25;8.22;8.19;8.16;8.14;8.11;8.09;8.07;8.04;8.02;7.99;7.97;7.95;7.92;7.90;7.87;7.85;7.83;7.80;7.78;7.75;7.73;7.70;7.68;7.66;7.64;7.62;7.59;7.57;7.55;7.54;7.52;7.50;7.49;7.48;7.46;7.45;7.44;7.44;7.43;7.43;7.42;7.42;7.42;7.42;7.42;7.42;7.42;7.43;7.43;7.43;7.44;7.44;7.45;7.46;7.46;7.47;7.48;7.48;7.49;7.50;7.51;7.52;7.54;7.55;7.56;7.58;7.59;7.61;7.63;7.65;7.67;7.70;7.72;7.75;7.78;7.81;7.84;7.87;7.90;7.93;7.97;8.01;8.04;8.08;8.12;8.16;8.21;8.25;8.29;;;;;;;;;;;;;;;;;;;;;
2.300;;;;;;;;;;;;;;;;;;;;;;;;;;;;;;8.29;8.26;8.23;8.20;8.18;8.15;8.13;8.10;8.08;8.05;8.03;8.01;7.98;7.96;7.93;7.91;7.88;7.86;7.83;7.81;7.78;7.76;7.74;7.71;7.69;7.67;7.64;7.62;7.60;7.58;7.56;7.54;7.52;7.51;7.49;7.48;7.46;7.45;7.44;7.43;7.43;7.42;7.42;7.41;7.41;7.41;7.41;7.41;7.41;7.42;7.42;7.42;7.43;7.43;7.44;7.44;7.45;7.46;7.46;7.47;7.48;7.49;7.50;7.51;7.52;7.53;7.54;7.56;7.57;7.58;7.60;7.62;7.64;7.66;7.68;7.70;7.73;7.76;7.79;7.81;7.85;7.88;7.91;7.95;7.98;8.02;8.05;8.09;8.13;8.17;8.22;8.26;8.30;;;;;;;;;;;;;;;;;;;;
2.200;;;;;;;;;;;;;;;;;;;;;;;;;;;;;8.31;8.28;8.25;8.22;8.19;8.17;8.14;8.12;8.09;8.07;8.04;8.02;7.99;7.97;7.94;7.92;7.89;7.87;7.84;7.82;7.79;7.77;7.75;7.72;7.70;7.68;7.66;7.63;7.61;7.59;7.57;7.55;7.53;7.52;7.50;7.48;7.47;7.46;7.44;7.43;7.42;7.42;7.41;7.41;7.40;7.40;7.40;7.40;7.40;7.41;7.41;7.41;7.42;7.42;7.43;7.43;7.44;7.45;7.45;7.46;7.47;7.48;7.49;7.50;7.50;7.52;7.53;7.54;7.55;7.56;7.58;7.59;7.61;7.63;7.65;7.67;7.69;7.71;7.74;7.77;7.80;7.83;7.86;7.89;7.92;7.96;7.99;8.03;8.07;8.11;8.15;8.19;8.23;8.27;8.32;;;;;;;;;;;;;;;;;;;
2.100;;;;;;;;;;;;;;;;;;;;;;;;;;;;;8.30;8.27;8.24;8.21;8.18;8.16;8.13;8.11;8.08;8.06;8.03;8.01;7.98;7.96;7.93;7.91;7.88;7.86;7.83;7.81;7.78;7.76;7.74;7.71;7.69;7.67;7.65;7.63;7.61;7.59;7.57;7.55;7.53;7.51;7.49;7.48;7.46;7.45;7.44;7.43;7.42;7.41;7.40;7.40;7.40;7.40;7.40;7.40;7.40;7.40;7.41;7.41;7.42;7.42;7.43;7.43;7.44;7.45;7.45;7.46;7.47;7.48;7.49;7.49;7.50;7.51;7.52;7.54;7.55;7.56;7.57;7.59;7.60;7.62;7.64;7.66;7.68;7.70;7.72;7.75;7.78;7.81;7.84;7.87;7.90;7.94;7.97;8.01;8.04;8.08;8.12;8.16;8.20;8.25;8.29;;;;;;;;;;;;;;;;;;;
2.000;;;;;;;;;;;;;;;;;;;;;;;;;;;;8.31;8.28;8.26;8.23;8.20;8.17;8.15;8.12;8.10;8.07;8.05;8.02;8.00;7.97;7.95;7.92;7.89;7.87;7.84;7.82;7.80;7.77;7.75;7.73;7.71;7.69;7.66;7.64;7.62;7.60;7.58;7.56;7.54;7.52;7.51;7.49;7.47;7.46;7.44;7.43;7.42;7.41;7.41;7.40;7.40;7.39;7.39;7.39;7.39;7.40;7.40;7.40;7.41;7.41;7.42;7.43;7.43;7.44;7.45;7.46;7.46;7.47;7.48;7.49;7.50;7.51;7.51;7.52;7.54;7.55;7.56;7.57;7.58;7.60;7.61;7.63;7.65;7.67;7.69;7.71;7.73;7.76;7.79;7.82;7.85;7.88;7.91;7.95;7.98;8.02;8.06;8.10;8.14;8.18;8.22;8.26;8.31;;;;;;;;;;;;;;;;;;
1.900;;;;;;;;;;;;;;;;;;;;;;;;;;;8.33;8.30;8.27;8.24;8.22;8.19;8.16;8.14;8.11;8.09;8.06;8.04;8.01;7.99;7.96;7.94;7.91;7.88;7.86;7.83;7.81;7.79;7.77;7.75;7.73;7.70;7.68;7.66;7.64;7.62;7.60;7.58;7.56;7.54;7.52;7.50;7.49;7.47;7.46;7.44;7.43;7.42;7.41;7.40;7.40;7.39;7.39;7.39;7.39;7.39;7.39;7.40;7.40;7.41;7.41;7.42;7.43;7.44;7.44;7.45;7.46;7.47;7.47;7.48;7.49;7.50;7.51;7.52;7.53;7.54;7.55;7.56;7.57;7.58;7.60;7.61;7.62;7.64;7.66;7.68;7.70;7.72;7.74;7.77;7.80;7.83;7.86;7.90;7.93;7.96;8.00;8.04;8.08;8.11;8.16;8.20;8.24;8.29;;;;;;;;;;;;;;;;;;
1.800;;;;;;;;;;;;;;;;;;;;;;;;;;;8.32;8.29;8.26;8.23;8.21;8.18;8.15;8.13;8.10;8.08;8.05;8.03;8.00;7.98;7.95;7.93;7.90;7.87;7.85;7.83;7.81;7.79;7.76;7.74;7.72;7.70;7.68;7.66;7.64;7.62;7.60;7.58;7.56;7.54;7.52;7.51;7.49;7.47;7.46;7.44;7.43;7.42;7.41;7.40;7.40;7.39;7.39;7.39;7.39;7.39;7.39;7.40;7.40;7.41;7.42;7.42;7.43;7.44;7.45;7.45;7.46;7.47;7.48;7.49;7.50;7.50;7.51;7.52;7.53;7.54;7.55;7.56;7.57;7.58;7.59;7.61;7.62;7.64;7.65;7.67;7.69;7.71;7.73;7.76;7.78;7.81;7.85;7.88;7.91;7.95;7.98;8.02;8.06;8.10;8.14;8.18;8.22;8.26;8.31;;;;;;;;;;;;;;;;;
1.700;;;;;;;;;;;;;;;;;;;;;;;;;;8.34;8.31;8.28;8.25;8.23;8.20;8.17;8.15;8.12;8.10;8.07;8.05;8.02;7.99;7.97;7.94;7.92;7.89;7.87;7.85;7.82;7.80;7.78;7.76;7.74;7.72;7.70;7.68;7.66;7.64;7.62;7.61;7.59;7.57;7.55;7.53;7.51;7.49;7.48;7.46;7.45;7.43;7.42;7.41;7.40;7.40;7.39;7.39;7.39;7.39;7.39;7.40;7.40;7.41;7.41;7.42;7.43;7.43;7.44;7.45;7.46;7.47;7.48;7.48;7.49;7.50;7.51;7.52;7.53;7.54;7.54;7.55;7.56;7.57;7.58;7.59;7.61;7.62;7.63;7.65;7.66;7.68;7.70;7.72;7.74;7.77;7.80;7.83;7.86;7.89;7.93;7.96;8.00;8.04;8.08;8.12;8.16;8.20;8.25;8.29;8.34;;;;;;;;;;;;;;;;
1.600;;;;;;;;;;;;;;;;;;;;;;;;;;8.33;8.30;8.27;8.24;8.22;8.19;8.16;8.14;8.11;8.09;8.06;8.04;8.01;7.99;7.96;7.93;7.91;7.88;7.86;7.84;7.82;7.80;7.78;7.76;7.74;7.72;7.71;7.69;7.67;7.65;7.63;7.61;7.59;7.57;7.55;7.54;7.52;7.50;7.48;7.46;7.45;7.44;7.42;7.41;7.40;7.40;7.39;7.39;7.39;7.39;7.39;7.40;7.40;7.41;7.42;7.42;7.43;7.44;7.45;7.46;7.47;7.47;7.48;7.49;7.50;7.51;7.52;7.52;7.53;7.54;7.55;7.56;7.57;7.58;7.59;7.60;7.61;7.62;7.63;7.65;7.66;7.68;7.69;7.71;7.73;7.76;7.78;7.81;7.85;7.88;7.91;7.95;7.99;8.02;8.06;8.10;8.14;8.19;8.23;8.28;8.32;;;;;;;;;;;;;;;;
1.500;;;;;;;;;;;;;;;;;;;;;;;;;8.35;8.32;8.29;8.26;8.23;8.21;8.18;8.16;8.13;8.11;8.08;8.05;8.03;8.00;7.98;7.95;7.92;7.90;7.88;7.86;7.84;7.82;7.80;7.78;7.76;7.75;7.73;7.71;7.69;7.67;7.66;7.64;7.62;7.60;7.58;7.56;7.54;7.52;7.51;7.49;7.47;7.46;7.44;7.43;7.42;7.41;7.40;7.39;7.39;7.39;7.39;7.39;7.40;7.40;7.41;7.42;7.43;7.44;7.45;7.45;7.46;7.47;7.48;7.49;7.50;7.51;7.52;7.52;7.53;7.54;7.55;7.56;7.56;7.57;7.58;7.59;7.60;7.61;7.62;7.63;7.64;7.66;7.67;7.69;7.71;7.73;7.75;7.77;7.80;7.83;7.86;7.90;7.93;7.97;8.01;8.05;8.09;8.13;8.17;8.21;8.26;8.31;;;;;;;;;;;;;;;;
1.400;;;;;;;;;;;;;;;;;;;;;;;;;8.34;8.31;8.28;8.25;8.23;8.20;8.17;8.15;8.12;8.10;8.07;8.05;8.02;7.99;7.97;7.94;7.92;7.89;7.87;7.86;7.84;7.82;7.80;7.78;7.77;7.75;7.73;7.72;7.70;7.68;7.66;7.65;7.63;7.61;7.59;7.57;7.55;7.54;7.52;7.50;7.48;7.46;7.45;7.43;7.42;7.41;7.40;7.40;7.39;7.39;7.39;7.40;7.40;7.41;7.42;7.42;7.43;7.44;7.45;7.46;7.47;7.48;7.49;7.50;7.51;7.52;7.52;7.53;7.54;7.55;7.56;7.56;7.57;7.58;7.59;7.59;7.60;7.61;7.62;7.63;7.64;7.66;7.67;7.68;7.70;7.72;7.74;7.76;7.79;7.82;7.85;7.89;7.92;7.96;8.00;8.03;8.07;8.11;8.16;8.20;8.25;8.29;8.34;;;;;;;;;;;;;;;
1.300;;;;;;;;;;;;;;;;;;;;;;;;8.36;8.33;8.30;8.27;8.25;8.22;8.19;8.17;8.14;8.11;8.09;8.06;8.04;8.01;7.98;7.96;7.93;7.91;7.89;7.87;7.85;7.83;7.82;7.80;7.79;7.77;7.75;7.74;7.72;7.71;7.69;7.67;7.66;7.64;7.62;7.60;7.59;7.57;7.55;7.53;7.51;7.49;7.47;7.46;7.44;7.43;7.41;7.40;7.40;7.39;7.39;7.40;7.40;7.41;7.41;7.42;7.43;7.44;7.45;7.46;7.47;7.48;7.49;7.50;7.51;7.52;7.53;7.53;7.54;7.55;7.56;7.56;7.57;7.58;7.59;7.59;7.60;7.61;7.62;7.62;7.63;7.64;7.66;7.67;7.68;7.70;7.72;7.73;7.76;7.78;7.81;7.84;7.87;7.91;7.95;7.98;8.02;8.06;8.10;8.14;8.19;8.23;8.28;8.33;;;;;;;;;;;;;;;
1.200;;;;;;;;;;;;;;;;;;;;;;;;8.36;8.33;8.30;8.27;8.24;8.21;8.18;8.16;8.13;8.11;8.08;8.05;8.03;8.00;7.97;7.95;7.92;7.90;7.89;7.87;7.85;7.83;7.82;7.80;7.79;7.77;7.76;7.74;7.73;7.71;7.70;7.68;7.67;7.65;7.63;7.62;7.60;7.58;7.56;7.54;7.52;7.50;7.48;7.46;7.45;7.43;7.42;7.41;7.40;7.40;7.40;7.40;7.40;7.41;7.42;7.43;7.44;7.45;7.46;7.47;7.48;7.49;7.50;7.51;7.52;7.53;7.54;7.54;7.55;7.56;7.57;7.57;7.58;7.59;7.59;7.60;7.61;7.61;7.62;7.63;7.64;7.65;7.66;7.67;7.68;7.70;7.71;7.73;7.75;7.77;7.80;7.83;7.86;7.90;7.93;7.97;8.01;8.05;8.09;8.13;8.18;8.22;8.27;8.32;8.37;;;;;;;;;;;;;;
1.100;;;;;;;;;;;;;;;;;;;;;;;8.38;8.35;8.32;8.29;8.26;8.23;8.20;8.18;8.15;8.12;8.10;8.07;8.04;8.02;7.99;7.96;7.94;7.92;7.90;7.88;7.86;7.85;7.83;7.82;7.80;7.79;7.78;7.76;7.75;7.73;7.72;7.71;7.69;7.68;7.66;7.65;7.63;7.61;7.60;7.58;7.56;7.54;7.52;7.50;7.48;7.46;7.44;7.42;7.41;7.40;7.40;7.40;7.40;7.41;7.42;7.42;7.43;7.45;7.46;7.47;7.48;7.49;7.50;7.51;7.52;7.53;7.54;7.55;7.55;7.56;7.57;7.58;7.58;7.59;7.60;7.60;7.61;7.61;7.62;7.63;7.63;7.64;7.65;7.66;7.67;7.68;7.70;7.71;7.73;7.75;7.77;7.79;7.82;7.85;7.89;7.92;7.96;8.00;8.04;8.08;8.12;8.17;8.21;8.26;8.31;8.36;;;;;;;;;;;;;;
1.000;;;;;;;;;;;;;;;;;;;;;;;8.37;8.34;8.31;8.28;8.25;8.22;8.20;8.17;8.14;8.11;8.09;8.06;8.03;8.01;7.98;7.95;7.93;7.91;7.89;7.88;7.86;7.85;7.83;7.82;7.80;7.79;7.78;7.77;7.75;7.74;7.73;7.72;7.70;7.69;7.68;7.66;7.64;7.63;7.61;7.59;7.57;7.55;7.53;7.51;7.49;7.47;7.45;7.43;7.42;7.41;7.40;7.40;7.41;7.41;7.42;7.43;7.44;7.45;7.47;7.48;7.49;7.50;7.51;7.52;7.53;7.54;7.55;7.56;7.57;7.57;7.58;7.59;7.59;7.60;7.60;7.61;7.62;7.62;7.63;7.63;7.64;7.65;7.65;7.66;7.67;7.68;7.70;7.71;7.73;7.74;7.76;7.79;7.81;7.85;7.88;7.92;7.95;7.99;8.03;8.07;8.12;8.16;8.21;8.25;8.30;8.35;;;;;;;;;;;;;;
0.900;;;;;;;;;;;;;;;;;;;;;;;8.37;8.34;8.31;8.28;8.25;8.22;8.19;8.16;8.13;8.11;8.08;8.05;8.02;8.00;7.97;7.94;7.92;7.90;7.89;7.87;7.86;7.84;7.83;7.82;7.80;7.79;7.78;7.77;7.76;7.75;7.74;7.73;7.71;7.70;7.69;7.67;7.66;7.64;7.63;7.61;7.59;7.57;7.55;7.53;7.50;7.48;7.46;7.44;7.42;7.41;7.40;7.41;7.41;7.42;7.43;7.44;7.45;7.46;7.48;7.49;7.50;7.51;7.52;7.53;7.54;7.55;7.56;7.57;7.58;7.58;7.59;7.60;7.60;7.61;7.61;7.62;7.62;7.63;7.63;7.64;7.65;7.65;7.66;7.67;7.68;7.69;7.70;7.71;7.73;7.74;7.76;7.78;7.81;7.84;7.87;7.91;7.95;7.98;8.02;8.07;8.11;8.15;8.20;8.24;8.29;8.35;8.40;;;;;;;;;;;;;
0.800;;;;;;;;;;;;;;;;;;;;;;8.40;8.37;8.33;8.30;8.27;8.24;8.21;8.18;8.15;8.12;8.10;8.07;8.04;8.01;7.99;7.96;7.94;7.92;7.90;7.88;7.87;7.85;7.84;7.83;7.82;7.81;7.79;7.78;7.77;7.76;7.75;7.74;7.73;7.72;7.71;7.70;7.69;7.67;7.66;7.64;7.63;7.61;7.59;7.57;7.54;7.52;7.49;7.47;7.44;7.42;7.41;7.41;7.41;7.42;7.43;7.44;7.45;7.46;7.48;7.49;7.50;7.51;7.53;7.54;7.55;7.56;7.56;7.57;7.58;7.59;7.60;7.60;7.61;7.61;7.62;7.62;7.63;7.63;7.64;7.64;7.65;7.65;7.66;7.66;7.67;7.68;7.69;7.70;7.71;7.73;7.74;7.76;7.78;7.81;7.83;7.87;7.90;7.94;7.98;8.02;8.06;8.10;8.14;8.19;8.24;8.29;8.34;8.39;;;;;;;;;;;;;
0.700;;;;;;;;;;;;;;;;;;;;;;8.40;8.36;8.33;8.30;8.26;8.23;8.20;8.17;8.15;8.12;8.09;8.06;8.03;8.00;7.97;7.95;7.93;7.91;7.89;7.88;7.86;7.85;7.84;7.83;7.81;7.80;7.80;7.79;7.78;7.77;7.76;7.75;7.74;7.73;7.72;7.71;7.70;7.69;7.68;7.66;7.65;7.63;7.61;7.59;7.56;7.54;7.51;7.48;7.45;7.43;7.42;7.41;7.41;7.42;7.43;7.45;7.46;7.48;7.49;7.50;7.52;7.53;7.54;7.55;7.56;7.57;7.58;7.58;7.59;7.60;7.61;7.61;7.62;7.62;7.63;7.63;7.64;7.64;7.65;7.65;7.65;7.66;7.66;7.67;7.68;7.68;7.69;7.70;7.71;7.73;7.74;7.76;7.78;7.80;7.83;7.86;7.90;7.93;7.97;8.01;8.05;8.09;8.14;8.18;8.23;8.28;8.33;8.38;;;;;;;;;;;;;
0.600;;;;;;;;;;;;;;;;;;;;;;8.40;8.36;8.33;8.29;8.26;8.23;8.20;8.17;8.14;8.11;8.08;8.05;8.02;7.99;7.96;7.94;7.92;7.90;7.89;7.87;7.86;7.84;7.83;7.82;7.81;7.80;7.80;7.79;7.78;7.77;7.76;7.76;7.75;7.74;7.73;7.72;7.71;7.70;7.69;7.68;7.66;7.65;7.63;7.61;7.59;7.56;7.53;7.49;7.46;7.43;7.42;7.41;7.42;7.43;7.45;7.46;7.48;7.49;7.51;7.52;7.53;7.54;7.55;7.56;7.57;7.58;7.59;7.60;7.60;7.61;7.62;7.62;7.63;7.63;7.64;7.64;7.65;7.65;7.65;7.66;7.66;7.66;7.67;7.67;7.68;7.69;7.70;7.71;7.72;7.73;7.74;7.76;7.78;7.80;7.83;7.86;7.89;7.93;7.97;8.01;8.05;8.09;8.13;8.18;8.22;8.27;8.32;8.38;;;;;;;;;;;;;
0.500;;;;;;;;;;;;;;;;;;;;;;8.40;8.36;8.32;8.29;8.26;8.22;8.19;8.16;8.13;8.10;8.07;8.04;8.01;7.98;7.95;7.93;7.91;7.89;7.88;7.86;7.85;7.84;7.83;7.82;7.81;7.80;7.80;7.79;7.78;7.77;7.77;7.76;7.75;7.74;7.74;7.73;7.72;7.71;7.70;7.69;7.68;7.67;7.65;7.63;7.61;7.58;7.55;7.51;7.47;7.44;7.42;7.42;7.43;7.45;7.46;7.48;7.50;7.51;7.53;7.54;7.55;7.56;7.57;7.58;7.59;7.59;7.60;7.61;7.62;7.62;7.63;7.63;7.64;7.64;7.65;7.65;7.65;7.66;7.66;7.66;7.67;7.67;7.68;7.68;7.69;7.69;7.70;7.71;7.72;7.73;7.75;7.76;7.78;7.80;7.83;7.86;7.89;7.93;7.96;8.00;8.04;8.08;8.13;8.17;8.22;8.27;8.32;8.37;8.42;;;;;;;;;;;;
0.400;;;;;;;;;;;;;;;;;;;;;8.43;8.40;8.36;8.32;8.29;8.25;8.22;8.19;8.16;8.12;8.09;8.06;8.03;8.00;7.97;7.95;7.92;7.91;7.89;7.87;7.86;7.85;7.84;7.83;7.82;7.81;7.80;7.79;7.79;7.78;7.77;7.77;7.76;7.76;7.75;7.74;7.73;7.73;7.72;7.71;7.70;7.69;7.68;7.67;7.66;7.64;7.61;7.58;7.53;7.48;7.44;7.42;7.43;7.44;7.47;7.49;7.51;7.52;7.54;7.55;7.56;7.57;7.58;7.58;7.59;7.60;7.61;7.61;7.62;7.63;7.63;7.64;7.64;7.65;7.65;7.65;7.66;7.66;7.66;7.67;7.67;7.67;7.68;7.68;7.69;7.69;7.70;7.70;7.71;7.72;7.74;7.75;7.76;7.78;7.80;7.83;7.85;7.89;7.92;7.96;8.00;8.04;8.08;8.12;8.17;8.21;8.26;8.31;8.36;8.41;;;;;;;;;;;;
0.300;;;;;;;;;;;;;;;;;;;;;8.44;8.40;8.36;8.32;8.29;8.25;8.22;8.18;8.15;8.12;8.09;8.05;8.02;7.99;7.96;7.94;7.92;7.90;7.88;7.87;7.85;7.84;7.83;7.82;7.81;7.81;7.80;7.79;7.79;7.78;7.77;7.77;7.76;7.76;7.75;7.74;7.74;7.73;7.73;7.72;7.71;7.70;7.70;7.69;7.68;7.66;7.64;7.61;7.57;7.50;7.44;7.43;7.44;7.47;7.50;7.52;7.54;7.55;7.56;7.57;7.58;7.59;7.59;7.60;7.61;7.61;7.62;7.62;7.63;7.64;7.64;7.64;7.65;7.65;7.66;7.66;7.66;7.67;7.67;7.67;7.68;7.68;7.68;7.69;7.69;7.70;7.70;7.71;7.72;7.73;7.74;7.75;7.77;7.78;7.80;7.83;7.85;7.89;7.92;7.96;8.00;8.03;8.08;8.12;8.16;8.21;8.25;8.30;8.35;8.41;;;;;;;;;;;;
0.200;;;;;;;;;;;;;;;;;;;;;8.44;8.40;8.36;8.32;8.28;8.25;8.21;8.18;8.15;8.11;8.08;8.05;8.02;7.99;7.96;7.93;7.91;7.89;7.88;7.86;7.85;7.84;7.83;7.82;7.81;7.80;7.80;7.79;7.78;7.78;7.77;7.77;7.76;7.76;7.75;7.75;7.74;7.73;7.73;7.72;7.72;7.71;7.70;7.70;7.69;7.68;7.67;7.65;7.61;7.54;7.45;7.44;7.48;7.51;7.54;7.56;7.57;7.58;7.59;7.59;7.60;7.60;7.61;7.61;7.62;7.62;7.63;7.63;7.64;7.64;7.65;7.65;7.66;7.66;7.66;7.67;7.67;7.67;7.68;7.68;7.68;7.68;7.69;7.69;7.69;7.70;7.71;7.71;7.72;7.73;7.74;7.75;7.77;7.79;7.81;7.83;7.85;7.88;7.92;7.95;7.99;8.03;8.07;8.11;8.16;8.20;8.25;8.29;8.34;8.40;;;;;;;;;;;;
0.100;;;;;;;;;;;;;;;;;;;;;8.44;8.40;8.36;8.32;8.28;8.25;8.21;8.18;8.14;8.11;8.07;8.04;8.01;7.98;7.95;7.93;7.91;7.89;7.87;7.86;7.84;7.83;7.82;7.81;7.81;7.80;7.79;7.79;7.78;7.78;7.77;7.77;7.76;7.76;7.75;7.75;7.74;7.73;7.73;7.72;7.72;7.71;7.70;7.70;7.69;7.69;7.68;7.67;7.66;7.61;7.45;7.49;7.55;7.58;7.59;7.60;7.60;7.61;7.61;7.61;7.62;7.62;7.62;7.63;7.63;7.63;7.64;7.64;7.65;7.65;7.65;7.66;7.66;7.67;7.67;7.67;7.67;7.68;7.68;7.68;7.68;7.69;7.69;7.69;7.70;7.70;7.71;7.72;7.72;7.73;7.74;7.76;7.77;7.79;7.81;7.83;7.85;7.88;7.92;7.95;7.99;8.03;8.07;8.11;8.15;8.19;8.24;8.29;8.34;8.39;;;;;;;;;;;;
0.000;;;;;;;;;;;;;;;;;;;;;8.45;8.41;8.36;8.32;8.28;8.25;8.21;8.17;8.14;8.10;8.07;8.04;8.00;7.97;7.94;7.92;7.90;7.88;7.87;7.85;7.84;7.83;7.82;7.81;7.80;7.80;7.79;7.78;7.78;7.77;7.77;7.76;7.76;7.75;7.75;7.74;7.74;7.73;7.72;7.72;7.71;7.70;7.70;7.69;7.68;7.68;7.67;7.67;7.66;7.65;7.55;7.64;7.64;7.64;7.64;7.63;7.63;7.63;7.63;7.63;7.63;7.63;7.64;7.64;7.64;7.64;7.65;7.65;7.65;7.66;7.66;7.66;7.67;7.67;7.67;7.67;7.68;7.68;7.68;7.68;7.69;7.69;7.69;7.70;7.70;7.71;7.71;7.72;7.73;7.74;7.75;7.76;7.77;7.79;7.81;7.83;7.86;7.88;7.92;7.95;7.99;8.03;8.07;8.11;8.15;8.19;8.23;8.28;8.33;8.38;;;;;;;;;;;;
-0.100;;;;;;;;;;;;;;;;;;;;;8.45;8.41;8.37;8.33;8.29;8.25;8.21;8.17;8.14;8.10;8.07;8.03;8.00;7.97;7.94;7.92;7.90;7.88;7.86;7.85;7.84;7.82;7.82;7.81;7.80;7.79;7.79;7.78;7.78;7.77;7.77;7.76;7.76;7.75;7.74;7.74;7.73;7.73;7.72;7.71;7.70;7.69;7.68;7.67;7.66;7.65;7.63;7.61;7.58;7.50;7.45;7.60;7.65;7.66;7.65;7.65;7.65;7.65;7.64;7.64;7.64;7.64;7.64;7.64;7.65;7.65;7.65;7.65;7.66;7.66;7.66;7.67;7.67;7.67;7.67;7.68;7.68;7.68;7.68;7.69;7.69;7.69;7.70;7.70;7.70;7.71;7.71;7.72;7.73;7.74;7.75;7.76;7.78;7.79;7.81;7.83;7.86;7.88;7.92;7.95;7.99;8.02;8.06;8.10;8.14;8.18;8.23;8.27;8.32;8.37;;;;;;;;;;;;
-0.200;;;;;;;;;;;;;;;;;;;;;8.46;8.41;8.37;8.33;8.29;8.25;8.21;8.17;8.13;8.10;8.06;8.03;8.00;7.96;7.94;7.91;7.89;7.87;7.86;7.84;7.83;7.82;7.81;7.80;7.80;7.79;7.78;7.78;7.77;7.77;7.76;7.76;7.75;7.75;7.74;7.73;7.73;7.72;7.71;7.70;7.69;7.68;7.67;7.65;7.64;7.62;7.59;7.56;7.51;7.46;7.46;7.54;7.61;7.64;7.65;7.65;7.65;7.65;7.65;7.65;7.65;7.65;7.65;7.65;7.65;7.65;7.65;7.66;7.66;7.66;7.66;7.67;7.67;7.67;7.67;7.68;7.68;7.68;7.68;7.69;7.69;7.69;7.70;7.70;7.70;7.71;7.71;7.72;7.73;7.74;7.75;7.76;7.78;7.79;7.81;7.83;7.86;7.88;7.92;7.95;7.99;8.02;8.06;8.10;8.14;8.18;8.22;8.27;8.31;8.36;;;;;;;;;;;;
-0.300;;;;;;;;;;;;;;;;;;;;;8.47;8.42;8.38;8.33;8.29;8.25;8.21;8.17;8.13;8.10;8.06;8.03;7.99;7.96;7.93;7.91;7.89;7.87;7.85;7.84;7.83;7.82;7.81;7.80;7.79;7.78;7.78;7.77;7.77;7.76;7.76;7.75;7.75;7.74;7.73;7.73;7.72;7.71;7.70;7.69;7.68;7.66;7.65;7.63;7.61;7.59;7.56;7.52;7.48;7.45;7.46;7.51;7.57;7.61;7.63;7.64;7.65;7.65;7.65;7.65;7.65;7.65;7.65;7.65;7.65;7.65;7.65;7.66;7.66;7.66;7.66;7.67;7.67;7.67;7.67;7.68;7.68;7.68;7.68;7.69;7.69;7.69;7.70;7.70;7.70;7.71;7.72;7.72;7.73;7.74;7.75;7.76;7.78;7.80;7.81;7.83;7.86;7.89;7.92;7.95;7.99;8.02;8.06;8.10;8.14;8.18;8.22;8.26;8.31;8.35;;;;;;;;;;;;
-0.400;;;;;;;;;;;;;;;;;;;;;8.47;8.43;8.38;8.34;8.29;8.25;8.21;8.17;8.13;8.10;8.06;8.03;7.99;7.96;7.93;7.91;7.89;7.87;7.85;7.84;7.82;7.81;7.80;7.79;7.79;7.78;7.77;7.77;7.76;7.76;7.75;7.75;7.74;7.73;7.73;7.72;7.71;7.70;7.69;7.68;7.66;7.65;7.63;7.61;7.59;7.56;7.53;7.50;7.47;7.45;7.46;7.50;7.54;7.58;7.60;7.62;7.63;7.64;7.64;7.64;7.65;7.65;7.65;7.65;7.65;7.65;7.65;7.65;7.66;7.66;7.66;7.66;7.67;7.67;7.67;7.67;7.68;7.68;7.68;7.68;7.69;7.69;7.69;7.70;7.70;7.71;7.72;7.72;7.73;7.74;7.75;7.77;7.78;7.80;7.82;7.84;7.86;7.89;7.92;7.95;7.99;8.02;8.06;8.09;8.13;8.17;8.21;8.25;8.30;8.34;8.39;;;;;;;;;;;
-0.500;;;;;;;;;;;;;;;;;;;;;8.48;8.43;8.38;8.34;8.30;8.25;8.21;8.17;8.13;8.10;8.06;8.02;7.99;7.96;7.93;7.91;7.89;7.87;7.85;7.83;7.82;7.81;7.80;7.79;7.78;7.78;7.77;7.76;7.76;7.75;7.75;7.74;7.73;7.73;7.72;7.71;7.70;7.69;7.68;7.67;7.65;7.63;7.61;7.59;7.57;7.54;7.51;7.49;7.47;7.46;7.47;7.49;7.52;7.56;7.58;7.60;7.62;7.63;7.63;7.64;7.64;7.64;7.64;7.64;7.65;7.65;7.65;7.65;7.65;7.66;7.66;7.66;7.66;7.66;7.67;7.67;7.67;7.68;7.68;7.68;7.68;7.69;7.69;7.70;7.70;7.71;7.71;7.72;7.73;7.74;7.75;7.77;7.78;7.80;7.82;7.84;7.86;7.89;7.92;7.95;7.99;8.02;8.06;8.09;8.13;8.17;8.21;8.25;8.29;8.34;8.38;;;;;;;;;;;
-0.600;;;;;;;;;;;;;;;;;;;;;8.49;8.44;8.39;8.34;8.30;8.26;8.21;8.17;8.14;8.10;8.06;8.03;7.99;7.96;7.93;7.91;7.88;7.86;7.85;7.83;7.82;7.81;7.80;7.79;7.78;7.77;7.77;7.76;7.75;7.75;7.74;7.74;7.73;7.72;7.71;7.70;7.69;7.68;7.67;7.65;7.64;7.62;7.60;7.58;7.55;7.53;7.51;7.48;7.47;7.46;7.47;7.49;7.51;7.54;7.56;7.58;7.60;7.61;7.62;7.63;7.63;7.63;7.64;7.64;7.64;7.64;7.64;7.65;7.65;7.65;7.65;7.66;7.66;7.66;7.66;7.67;7.67;7.67;7.67;7.68;7.68;7.69;7.69;7.69;7.70;7.71;7.71;7.72;7.73;7.74;7.75;7.77;7.78;7.80;7.82;7.84;7.86;7.89;7.92;7.95;7.99;8.02;8.06;8.09;8.13;8.17;8.20;8.24;8.29;8.33;8.37;;;;;;;;;;;
-0.700;;;;;;;;;;;;;;;;;;;;;8.49;8.44;8.40;8.35;8.30;8.26;8.22;8.18;8.14;8.10;8.06;8.03;7.99;7.96;7.93;7.91;7.88;7.86;7.85;7.83;7.82;7.80;7.79;7.78;7.78;7.77;7.76;7.75;7.75;7.74;7.74;7.73;7.72;7.71;7.71;7.70;7.68;7.67;7.66;7.64;7.63;7.61;7.59;7.57;7.55;7.52;7.50;7.48;7.47;7.47;7.47;7.49;7.51;7.53;7.55;7.57;7.59;7.60;7.61;7.62;7.62;7.63;7.63;7.63;7.63;7.64;7.64;7.64;7.64;7.64;7.65;7.65;7.65;7.65;7.66;7.66;7.66;7.67;7.67;7.67;7.68;7.68;7.69;7.69;7.70;7.70;7.71;7.72;7.73;7.74;7.75;7.77;7.78;7.80;7.82;7.84;7.87;7.89;7.92;7.95;7.99;8.02;8.06;8.09;8.13;8.16;8.20;8.24;8.28;8.32;;;;;;;;;;;;
-0.800;;;;;;;;;;;;;;;;;;;;;8.50;8.45;8.40;8.35;8.31;8.26;8.22;8.18;8.14;8.10;8.07;8.03;8.00;7.96;7.93;7.91;7.88;7.86;7.84;7.83;7.81;7.80;7.79;7.78;7.77;7.76;7.76;7.75;7.74;7.74;7.73;7.72;7.72;7.71;7.70;7.69;7.68;7.66;7.65;7.63;7.62;7.60;7.58;7.56;7.54;7.52;7.50;7.49;7.48;7.47;7.48;7.49;7.50;7.52;7.54;7.56;7.57;7.59;7.60;7.60;7.61;7.62;7.62;7.62;7.63;7.63;7.63;7.63;7.64;7.64;7.64;7.64;7.65;7.65;7.65;7.65;7.66;7.66;7.66;7.67;7.67;7.68;7.68;7.69;7.69;7.70;7.71;7.72;7.73;7.74;7.75;7.77;7.78;7.80;7.82;7.84;7.87;7.89;7.93;7.96;7.99;8.02;8.06;8.09;8.13;8.16;8.20;8.24;8.27;8.31;;;;;;;;;;;;
-0.900;;;;;;;;;;;;;;;;;;;;;8.51;8.46;8.41;8.36;8.31;8.27;8.23;8.18;8.15;8.11;8.07;8.03;8.00;7.96;7.93;7.91;7.88;7.86;7.84;7.83;7.81;7.80;7.79;7.78;7.77;7.76;7.75;7.75;7.74;7.73;7.72;7.72;7.71;7.70;7.69;7.68;7.67;7.66;7.64;7.63;7.61;7.59;7.57;7.55;7.54;7.52;7.50;7.49;7.48;7.48;7.48;7.49;7.50;7.52;7.53;7.55;7.56;7.57;7.58;7.59;7.60;7.61;7.61;7.62;7.62;7.62;7.62;7.63;7.63;7.63;7.63;7.64;7.64;7.64;7.64;7.65;7.65;7.65;7.66;7.66;7.67;7.67;7.68;7.68;7.69;7.70;7.71;7.72;7.73;7.74;7.75;7.77;7.79;7.80;7.82;7.85;7.87;7.90;7.93;7.96;7.99;8.02;8.06;8.09;8.12;8.16;8.19;8.23;8.27;8.31;;;;;;;;;;;;
-1.000;;;;;;;;;;;;;;;;;;;;;8.52;8.47;8.42;8.37;8.32;8.27;8.23;8.19;8.15;8.11;8.07;8.04;8.00;7.97;7.94;7.91;7.88;7.86;7.84;7.83;7.81;7.80;7.78;7.77;7.76;7.76;7.75;7.74;7.73;7.73;7.72;7.71;7.70;7.69;7.68;7.67;7.66;7.65;7.64;7.62;7.60;7.59;7.57;7.55;7.53;7.52;7.50;7.49;7.48;7.48;7.48;7.49;7.50;7.51;7.53;7.54;7.55;7.57;7.58;7.58;7.59;7.60;7.60;7.61;7.61;7.61;7.62;7.62;7.62;7.62;7.63;7.63;7.63;7.63;7.64;7.64;7.64;7.65;7.65;7.66;7.66;7.67;7.67;7.68;7.69;7.70;7.71;7.72;7.73;7.74;7.76;7.77;7.79;7.81;7.83;7.85;7.87;7.90;7.93;7.96;8.00;8.03;8.06;8.09;8.13;8.16;8.19;8.23;8.27;8.30;;;;;;;;;;;;
-1.100;;;;;;;;;;;;;;;;;;;;;8.53;8.47;8.42;8.37;8.33;8.28;8.24;8.19;8.15;8.12;8.08;8.04;8.01;7.97;7.94;7.91;7.89;7.86;7.84;7.83;7.81;7.80;7.78;7.77;7.76;7.75;7.74;7.74;7.73;7.72;7.71;7.71;7.70;7.69;7.68;7.67;7.66;7.64;7.63;7.61;7.60;7.58;7.57;7.55;7.53;7.52;7.51;7.50;7.49;7.49;7.49;7.49;7.50;7.51;7.52;7.54;7.55;7.56;7.57;7.58;7.58;7.59;7.60;7.60;7.60;7.61;7.61;7.61;7.61;7.62;7.62;7.62;7.63;7.63;7.63;7.63;7.64;7.64;7.65;7.65;7.66;7.66;7.67;7.68;7.69;7.69;7.70;7.72;7.73;7.74;7.76;7.77;7.79;7.81;7.83;7.85;7.88;7.91;7.94;7.97;8.00;8.03;8.06;8.09;8.13;8.16;8.19;8.23;8.26;8.30;;;;;;;;;;;;
-1.200;;;;;;;;;;;;;;;;;;;;;8.53;8.48;8.43;8.38;8.33;8.29;8.24;8.20;8.16;8.12;8.08;8.05;8.01;7.98;7.94;7.91;7.89;7.87;7.84;7.83;7.81;7.79;7.78;7.77;7.76;7.75;7.74;7.73;7.72;7.72;7.71;7.70;7.69;7.68;7.67;7.66;7.65;7.64;7.62;7.61;7.60;7.58;7.56;7.55;7.53;7.52;7.51;7.50;7.49;7.49;7.49;7.50;7.50;7.51;7.52;7.53;7.54;7.55;7.56;7.57;7.58;7.58;7.59;7.59;7.60;7.60;7.60;7.61;7.61;7.61;7.61;7.62;7.62;7.62;7.63;7.63;7.63;7.64;7.64;7.65;7.65;7.66;7.67;7.67;7.68;7.69;7.70;7.72;7.73;7.74;7.76;7.77;7.79;7.81;7.83;7.86;7.88;7.91;7.94;7.97;8.00;8.03;8.07;8.10;8.13;8.16;8.19;8.23;8.26;8.30;;;;;;;;;;;;
-1.300;;;;;;;;;;;;;;;;;;;;;8.54;8.49;8.44;8.39;8.34;8.29;8.25;8.21;8.17;8.13;8.09;8.05;8.02;7.98;7.95;7.92;7.89;7.87;7.85;7.83;7.81;7.79;7.78;7.77;7.76;7.75;7.74;7.73;7.72;7.71;7.70;7.70;7.69;7.68;7.67;7.66;7.65;7.63;7.62;7.61;7.59;7.58;7.56;7.55;7.53;7.52;7.51;7.50;7.50;7.50;7.50;7.50;7.51;7.51;7.52;7.53;7.54;7.55;7.56;7.56;7.57;7.58;7.58;7.59;7.59;7.59;7.60;7.60;7.60;7.61;7.61;7.61;7.61;7.62;7.62;7.62;7.63;7.63;7.64;7.64;7.65;7.66;7.66;7.67;7.68;7.69;7.70;7.71;7.73;7.74;7.76;7.78;7.80;7.82;7.84;7.86;7.89;7.92;7.95;7.98;8.01;8.04;8.07;8.10;8.13;8.16;8.20;8.23;8.26;8.30;;;;;;;;;;;;
-1.400;;;;;;;;;;;;;;;;;;;;;8.55;8.50;8.45;8.40;8.35;8.30;8.26;8.21;8.17;8.13;8.10;8.06;8.02;7.99;7.95;7.92;7.89;7.87;7.85;7.83;7.81;7.79;7.78;7.76;7.75;7.74;7.73;7.72;7.72;7.71;7.70;7.69;7.68;7.67;7.66;7.65;7.64;7.63;7.62;7.60;7.59;7.58;7.56;7.55;7.54;7.53;7.52;7.51;7.50;7.50;7.50;7.50;7.51;7.51;7.52;7.53;7.54;7.55;7.55;7.56;7.57;7.57;7.58;7.58;7.59;7.59;7.59;7.60;7.60;7.60;7.60;7.61;7.61;7.61;7.62;7.62;7.62;7.63;7.63;7.64;7.65;7.65;7.66;7.67;7.68;7.69;7.70;7.72;7.73;7.74;7.76;7.78;7.80;7.82;7.84;7.87;7.89;7.92;7.95;7.98;8.01;8.05;8.08;8.11;8.14;8.17;8.20;8.23;8.27;8.30;;;;;;;;;;;;
-1.500;;;;;;;;;;;;;;;;;;;;;8.56;8.51;8.46;8.40;8.36;8.31;8.26;8.22;8.18;8.14;8.10;8.07;8.03;7.99;7.96;7.93;7.90;7.87;7.85;7.83;7.81;7.79;7.78;7.76;7.75;7.74;7.73;7.72;7.71;7.70;7.69;7.69;7.68;7.67;7.66;7.65;7.64;7.63;7.61;7.60;7.59;7.58;7.56;7.55;7.54;7.53;7.52;7.51;7.51;7.51;7.51;7.51;7.51;7.52;7.52;7.53;7.54;7.55;7.55;7.56;7.57;7.57;7.58;7.58;7.58;7.59;7.59;7.59;7.59;7.60;7.60;7.60;7.61;7.61;7.61;7.62;7.62;7.62;7.63;7.64;7.64;7.65;7.66;7.67;7.68;7.69;7.70;7.72;7.73;7.75;7.76;7.78;7.80;7.83;7.85;7.87;7.90;7.93;7.96;7.99;8.02;8.05;8.08;8.11;8.14;8.17;8.20;8.24;8.27;8.30;;;;;;;;;;;;
-1.600;;;;;;;;;;;;;;;;;;;;;;8.52;8.46;8.41;8.36;8.32;8.27;8.23;8.19;8.15;8.11;8.07;8.04;8.00;7.97;7.93;7.90;7.88;7.85;7.83;7.81;7.79;7.78;7.76;7.75;7.74;7.73;7.72;7.71;7.70;7.69;7.68;7.67;7.66;7.66;7.65;7.63;7.62;7.61;7.60;7.59;7.58;7.56;7.55;7.54;7.53;7.52;7.52;7.51;7.51;7.51;7.51;7.51;7.52;7.53;7.53;7.54;7.55;7.55;7.56;7.56;7.57;7.57;7.58;7.58;7.58;7.59;7.59;7.59;7.59;7.60;7.60;7.60;7.61;7.61;7.61;7.62;7.62;7.63;7.63;7.64;7.65;7.66;7.67;7.68;7.69;7.70;7.72;7.73;7.75;7.77;7.79;7.81;7.83;7.86;7.88;7.91;7.94;7.97;8.00;8.03;8.06;8.09;8.12;8.15;8.18;8.21;8.24;8.27;;;;;;;;;;;;;
-1.700;;;;;;;;;;;;;;;;;;;;;;8.53;8.47;8.42;8.37;8.32;8.28;8.23;8.19;8.15;8.12;8.08;8.04;8.01;7.98;7.94;7.91;7.88;7.86;7.83;7.81;7.80;7.78;7.76;7.75;7.74;7.73;7.72;7.71;7.70;7.69;7.68;7.67;7.66;7.65;7.64;7.63;7.62;7.61;7.60;7.59;7.58;7.57;7.55;7.54;7.54;7.53;7.52;7.52;7.52;7.52;7.52;7.52;7.52;7.53;7.53;7.54;7.55;7.55;7.56;7.56;7.57;7.57;7.58;7.58;7.58;7.59;7.59;7.59;7.59;7.60;7.60;7.60;7.60;7.61;7.61;7.62;7.62;7.63;7.63;7.64;7.65;7.66;7.67;7.68;7.69;7.71;7.72;7.74;7.76;7.77;7.79;7.82;7.84;7.86;7.89;7.92;7.95;7.98;8.01;8.04;8.07;8.10;8.13;8.16;8.19;8.22;8.25;8.28;;;;;;;;;;;;;
-1.800;;;;;;;;;;;;;;;;;;;;;;8.54;8.48;8.43;8.38;8.33;8.29;8.24;8.20;8.16;8.12;8.09;8.05;8.02;7.98;7.95;7.92;7.89;7.86;7.84;7.82;7.80;7.78;7.77;7.75;7.74;7.73;7.72;7.71;7.70;7.69;7.68;7.67;7.66;7.65;7.64;7.63;7.62;7.61;7.60;7.59;7.58;7.57;7.56;7.55;7.54;7.53;7.53;7.52;7.52;7.52;7.52;7.52;7.53;7.53;7.54;7.54;7.55;7.55;7.56;7.56;7.57;7.57;7.58;7.58;7.58;7.59;7.59;7.59;7.59;7.60;7.60;7.60;7.60;7.61;7.61;7.62;7.62;7.63;7.63;7.64;7.65;7.66;7.67;7.68;7.70;7.71;7.73;7.74;7.76;7.78;7.80;7.82;7.85;7.87;7.90;7.93;7.96;7.99;8.02;8.05;8.08;8.11;8.14;8.17;8.20;8.23;8.26;8.29;;;;;;;;;;;;;
-1.900;;;;;;;;;;;;;;;;;;;;;;8.55;8.49;8.44;8.39;8.34;8.30;8.25;8.21;8.17;8.13;8.10;8.06;8.03;7.99;7.96;7.93;7.90;7.87;7.84;7.82;7.80;7.78;7.77;7.75;7.74;7.73;7.72;7.71;7.70;7.69;7.68;7.67;7.66;7.65;7.64;7.63;7.62;7.61;7.60;7.59;7.58;7.57;7.56;7.55;7.54;7.54;7.53;7.53;7.53;7.52;7.53;7.53;7.53;7.53;7.54;7.54;7.55;7.56;7.56;7.57;7.57;7.57;7.58;7.58;7.58;7.59;7.59;7.59;7.59;7.60;7.60;7.60;7.60;7.61;7.61;7.62;7.62;7.63;7.63;7.64;7.65;7.66;7.67;7.69;7.70;7.71;7.73;7.75;7.77;7.79;7.81;7.83;7.86;7.88;7.91;7.94;7.97;8.00;8.03;8.06;8.09;8.12;8.15;8.18;8.21;8.24;8.27;8.30;;;;;;;;;;;;;
-2.000;;;;;;;;;;;;;;;;;;;;;;;8.51;8.45;8.40;8.35;8.31;8.26;8.22;8.18;8.14;8.10;8.07;8.03;8.00;7.97;7.94;7.90;7.88;7.85;7.83;7.81;7.79;7.77;7.76;7.74;7.73;7.72;7.71;7.70;7.69;7.68;7.67;7.66;7.65;7.64;7.63;7.62;7.61;7.60;7.59;7.58;7.57;7.56;7.55;7.55;7.54;7.54;7.53;7.53;7.53;7.53;7.53;7.54;7.54;7.54;7.55;7.55;7.56;7.56;7.57;7.57;7.58;7.58;7.58;7.59;7.59;7.59;7.59;7.60;7.60;7.60;7.60;7.61;7.61;7.61;7.62;7.62;7.63;7.64;7.65;7.65;7.67;7.68;7.69;7.70;7.72;7.74;7.75;7.77;7.80;7.82;7.84;7.87;7.89;7.92;7.95;7.98;8.01;8.04;8.07;8.10;8.13;8.16;8.19;8.22;8.25;8.28;;;;;;;;;;;;;;
-2.100;;;;;;;;;;;;;;;;;;;;;;;8.52;8.46;8.41;8.36;8.32;8.27;8.23;8.19;8.15;8.11;8.08;8.04;8.01;7.98;7.95;7.91;7.88;7.86;7.83;7.81;7.79;7.78;7.76;7.74;7.73;7.72;7.71;7.70;7.69;7.68;7.67;7.66;7.65;7.64;7.63;7.62;7.61;7.60;7.59;7.58;7.57;7.57;7.56;7.55;7.55;7.54;7.54;7.54;7.53;7.54;7.54;7.54;7.54;7.55;7.55;7.56;7.56;7.57;7.57;7.58;7.58;7.58;7.59;7.59;7.59;7.59;7.60;7.60;7.60;7.60;7.61;7.61;7.61;7.62;7.62;7.63;7.63;7.64;7.65;7.66;7.67;7.68;7.70;7.71;7.73;7.74;7.76;7.78;7.80;7.83;7.85;7.88;7.91;7.94;7.97;8.00;8.03;8.06;8.08;8.11;8.14;8.17;8.20;8.23;8.26;8.29;;;;;;;;;;;;;;
-2.200;;;;;;;;;;;;;;;;;;;;;;;8.53;8.48;8.43;8.38;8.33;8.28;8.24;8.20;8.16;8.12;8.09;8.05;8.02;7.99;7.96;7.93;7.89;7.87;7.84;7.82;7.80;7.78;7.76;7.75;7.74;7.72;7.71;7.70;7.69;7.68;7.67;7.66;7.65;7.64;7.63;7.62;7.61;7.60;7.60;7.59;7.58;7.57;7.56;7.56;7.55;7.55;7.54;7.54;7.54;7.54;7.54;7.54;7.55;7.55;7.56;7.56;7.57;7.57;7.57;7.58;7.58;7.59;7.59;7.59;7.59;7.60;7.60;7.60;7.60;7.61;7.61;7.61;7.62;7.62;7.62;7.63;7.64;7.65;7.65;7.66;7.68;7.69;7.70;7.72;7.73;7.75;7.77;7.79;7.82;7.84;7.86;7.89;7.92;7.95;7.98;8.01;8.04;8.07;8.10;8.13;8.16;8.19;8.22;8.25;8.28;8.31;;;;;;;;;;;;;;
-2.300;;;;;;;;;;;;;;;;;;;;;;;;8.49;8.44;8.39;8.34;8.29;8.25;8.21;8.17;8.13;8.09;8.06;8.03;8.00;7.97;7.94;7.91;7.88;7.85;7.83;7.81;7.79;7.77;7.76;7.74;7.73;7.71;7.70;7.69;7.68;7.67;7.66;7.65;7.64;7.63;7.63;7.62;7.61;7.60;7.59;7.58;7.57;7.57;7.56;7.56;7.55;7.55;7.55;7.55;7.55;7.55;7.55;7.55;7.56;7.56;7.56;7.57;7.57;7.58;7.58;7.59;7.59;7.59;7.60;7.60;7.60;7.60;7.61;7.61;7.61;7.61;7.62;7.62;7.62;7.63;7.64;7.64;7.65;7.66;7.67;7.68;7.70;7.71;7.73;7.74;7.76;7.78;7.80;7.83;7.85;7.88;7.91;7.94;7.96;7.99;8.02;8.05;8.08;8.11;8.14;8.17;8.20;8.23;8.26;8.30;;;;;;;;;;;;;;;
-2.400;;;;;;;;;;;;;;;;;;;;;;;;8.51;8.46;8.40;8.35;8.31;8.26;8.22;8.18;8.14;8.10;8.07;8.04;8.01;7.98;7.95;7.92;7.89;7.86;7.84;7.82;7.80;7.78;7.76;7.75;7.73;7.72;7.71;7.70;7.69;7.68;7.67;7.66;7.65;7.64;7.63;7.62;7.61;7.60;7.59;7.59;7.58;7.57;7.57;7.56;7.56;7.55;7.55;7.55;7.55;7.55;7.55;7.56;7.56;7.56;7.57;7.57;7.58;7.58;7.59;7.59;7.59;7.60;7.60;7.60;7.61;7.61;7.61;7.61;7.62;7.62;7.62;7.63;7.63;7.64;7.64;7.65;7.66;7.67;7.68;7.69;7.70;7.72;7.73;7.75;7.77;7.79;7.81;7.84;7.86;7.89;7.92;7.95;7.98;8.01;8.04;8.07;8.10;8.13;8.16;8.19;8.22;8.25;8.28;8.31;;;;;;;;;;;;;;;
-2.500;;;;;;;;;;;;;;;;;;;;;;;;;8.47;8.42;8.37;8.32;8.27;8.23;8.19;8.15;8.11;8.08;8.05;8.02;7.99;7.96;7.93;7.90;7.88;7.85;7.83;7.81;7.79;7.77;7.76;7.74;7.73;7.71;7.70;7.69;7.68;7.67;7.66;7.65;7.64;7.63;7.62;7.62;7.61;7.60;7.59;7.58;7.58;7.57;7.57;7.56;7.56;7.56;7.56;7.56;7.56;7.56;7.56;7.57;7.57;7.57;7.58;7.58;7.59;7.59;7.60;7.60;7.60;7.61;7.61;7.61;7.61;7.62;7.62;7.62;7.63;7.63;7.63;7.64;7.64;7.65;7.66;7.67;7.68;7.69;7.70;7.71;7.73;7.74;7.76;7.78;7.80;7.83;7.85;7.88;7.91;7.94;7.97;8.00;8.03;8.06;8.09;8.12;8.15;8.18;8.21;8.24;8.27;8.30;;;;;;;;;;;;;;;;
-2.600;;;;;;;;;;;;;;;;;;;;;;;;;8.49;8.44;8.39;8.33;8.29;8.24;8.20;8.16;8.12;8.09;8.06;8.03;8.00;7.97;7.94;7.92;7.89;7.86;7.84;7.82;7.80;7.78;7.76;7.75;7.74;7.72;7.71;7.70;7.69;7.68;7.67;7.66;7.65;7.64;7.63;7.62;7.61;7.60;7.60;7.59;7.58;7.58;7.57;7.57;7.57;7.56;7.56;7.56;7.56;7.57;7.57;7.57;7.58;7.58;7.58;7.59;7.59;7.60;7.60;7.60;7.61;7.61;7.61;7.62;7.62;7.62;7.63;7.63;7.63;7.64;7.64;7.65;7.65;7.66;7.67;7.67;7.68;7.70;7.71;7.72;7.74;7.76;7.78;7.80;7.82;7.84;7.87;7.89;7.92;7.95;7.98;8.01;8.04;8.07;8.10;8.13;8.16;8.19;8.23;8.26;8.29;8.32;;;;;;;;;;;;;;;;
-2.700;;;;;;;;;;;;;;;;;;;;;;;;;;8.46;8.40;8.35;8.30;8.26;8.21;8.17;8.13;8.10;8.07;8.04;8.01;7.98;7.95;7.93;7.90;7.88;7.85;7.83;7.81;7.79;7.78;7.76;7.75;7.73;7.72;7.71;7.70;7.69;7.67;7.67;7.66;7.65;7.64;7.63;7.62;7.61;7.60;7.60;7.59;7.58;7.58;7.58;7.57;7.57;7.57;7.57;7.57;7.57;7.57;7.58;7.58;7.58;7.59;7.59;7.60;7.60;7.61;7.61;7.61;7.62;7.62;7.62;7.63;7.63;7.63;7.64;7.64;7.64;7.65;7.65;7.66;7.67;7.67;7.68;7.69;7.71;7.72;7.73;7.75;7.77;7.79;7.81;7.83;7.86;7.88;7.91;7.94;7.97;8.00;8.03;8.06;8.09;8.12;8.15;8.18;8.21;8.25;8.28;8.31;8.34;;;;;;;;;;;;;;;;
-2.800;;;;;;;;;;;;;;;;;;;;;;;;;;8.48;8.43;8.37;8.32;8.27;8.23;8.18;8.14;8.11;8.08;8.05;8.02;7.99;7.97;7.94;7.92;7.89;7.87;7.85;7.82;7.81;7.79;7.77;7.76;7.74;7.73;7.72;7.71;7.69;7.68;7.67;7.66;7.65;7.64;7.64;7.63;7.62;7.61;7.60;7.60;7.59;7.59;7.58;7.58;7.58;7.58;7.58;7.58;7.58;7.58;7.58;7.59;7.59;7.59;7.60;7.60;7.61;7.61;7.62;7.62;7.62;7.63;7.63;7.63;7.64;7.64;7.64;7.65;7.65;7.66;7.66;7.67;7.68;7.69;7.69;7.71;7.72;7.73;7.75;7.76;7.78;7.80;7.82;7.85;7.87;7.90;7.93;7.96;7.99;8.02;8.05;8.08;8.11;8.14;8.17;8.20;8.23;8.27;8.30;8.33;;;;;;;;;;;;;;;;;
-2.900;;;;;;;;;;;;;;;;;;;;;;;;;;;8.45;8.39;8.34;8.29;8.24;8.20;8.16;8.12;8.09;8.06;8.03;8.00;7.98;7.95;7.93;7.91;7.88;7.86;7.84;7.82;7.80;7.78;7.77;7.75;7.74;7.73;7.72;7.70;7.69;7.68;7.67;7.66;7.65;7.64;7.64;7.63;7.62;7.61;7.61;7.60;7.60;7.59;7.59;7.59;7.58;7.58;7.58;7.59;7.59;7.59;7.59;7.60;7.60;7.61;7.61;7.61;7.62;7.62;7.63;7.63;7.63;7.64;7.64;7.65;7.65;7.65;7.66;7.66;7.67;7.67;7.68;7.69;7.70;7.71;7.72;7.73;7.74;7.76;7.78;7.80;7.82;7.84;7.86;7.89;7.92;7.95;7.98;8.01;8.04;8.07;8.10;8.13;8.16;8.19;8.22;8.25;8.29;8.32;8.35;;;;;;;;;;;;;;;;;
-3.000;;;;;;;;;;;;;;;;;;;;;;;;;;;8.48;8.42;8.36;8.31;8.26;8.22;8.17;8.13;8.10;8.07;8.04;8.01;7.98;7.96;7.94;7.92;7.90;7.88;7.86;7.84;7.82;7.80;7.78;7.77;7.75;7.74;7.73;7.72;7.71;7.69;7.68;7.67;7.66;7.66;7.65;7.64;7.63;7.62;7.62;7.61;7.60;7.60;7.60;7.59;7.59;7.59;7.59;7.59;7.59;7.60;7.60;7.60;7.61;7.61;7.62;7.62;7.63;7.63;7.63;7.64;7.64;7.65;7.65;7.65;7.66;7.66;7.67;7.67;7.68;7.68;7.69;7.70;7.71;7.72;7.73;7.74;7.76;7.78;7.79;7.81;7.83;7.86;7.88;7.91;7.94;7.97;8.00;8.03;8.06;8.09;8.12;8.15;8.18;8.21;8.24;8.27;8.31;8.34;;;;;;;;;;;;;;;;;;
-3.100;;;;;;;;;;;;;;;;;;;;;;;;;;;;8.45;8.39;8.34;8.28;8.24;8.19;8.15;8.11;8.08;8.05;8.02;7.99;7.97;7.95;7.93;7.91;7.89;7.87;7.85;7.83;7.81;7.80;7.78;7.77;7.75;7.74;7.73;7.72;7.71;7.70;7.69;7.68;7.67;7.66;7.65;7.64;7.63;7.63;7.62;7.61;7.61;7.61;7.60;7.60;7.60;7.60;7.60;7.60;7.60;7.61;7.61;7.62;7.62;7.62;7.63;7.63;7.64;7.64;7.65;7.65;7.65;7.66;7.66;7.67;7.67;7.68;7.68;7.69;7.70;7.70;7.71;7.72;7.73;7.75;7.76;7.77;7.79;7.81;7.83;7.85;7.88;7.90;7.93;7.96;7.99;8.02;8.05;8.08;8.10;8.13;8.16;8.20;8.23;8.26;8.29;8.33;;;;;;;;;;;;;;;;;;;
-3.200;;;;;;;;;;;;;;;;;;;;;;;;;;;;8.48;8.42;8.36;8.31;8.26;8.21;8.17;8.13;8.09;8.06;8.03;8.00;7.98;7.96;7.94;7.92;7.90;7.88;7.87;7.85;7.83;7.81;7.80;7.78;7.77;7.76;7.74;7.73;7.72;7.71;7.70;7.69;7.68;7.67;7.66;7.65;7.64;7.64;7.63;7.63;7.62;7.62;7.61;7.61;7.61;7.61;7.61;7.61;7.61;7.62;7.62;7.62;7.63;7.63;7.64;7.64;7.65;7.65;7.65;7.66;7.66;7.67;7.67;7.68;7.68;7.69;7.70;7.70;7.71;7.72;7.73;7.74;7.75;7.76;7.78;7.79;7.81;7.83;7.85;7.87;7.90;7.93;7.95;7.98;8.01;8.04;8.07;8.09;8.12;8.15;8.18;8.21;8.25;8.28;8.31;8.35;;;;;;;;;;;;;;;;;;;
-3.300;;;;;;;;;;;;;;;;;;;;;;;;;;;;;8.45;8.39;8.33;8.28;8.23;8.19;8.14;8.11;8.07;8.04;8.01;7.99;7.97;7.95;7.93;7.91;7.90;7.88;7.86;7.85;7.83;7.82;7.80;7.79;7.77;7.76;7.75;7.74;7.73;7.71;7.70;7.69;7.68;7.67;7.67;7.66;7.65;7.64;7.64;7.63;7.63;7.62;7.62;7.62;7.62;7.62;7.62;7.62;7.63;7.63;7.63;7.64;7.64;7.65;7.65;7.65;7.66;7.66;7.67;7.67;7.68;7.68;7.69;7.70;7.70;7.71;7.72;7.72;7.73;7.74;7.75;7.76;7.78;7.79;7.81;7.83;7.85;7.87;7.90;7.92;7.95;7.97;8.00;8.03;8.06;8.08;8.11;8.14;8.17;8.20;8.23;8.27;8.30;8.33;;;;;;;;;;;;;;;;;;;;
-3.400;;;;;;;;;;;;;;;;;;;;;;;;;;;;;;8.43;8.37;8.31;8.26;8.21;8.16;8.12;8.09;8.05;8.02;8.00;7.98;7.96;7.94;7.92;7.91;7.89;7.88;7.86;7.85;7.83;7.82;7.80;7.79;7.78;7.77;7.75;7.74;7.73;7.72;7.71;7.70;7.69;7.68;7.67;7.66;7.66;7.65;7.65;7.64;7.64;7.63;7.63;7.63;7.63;7.63;7.63;7.64;7.64;7.64;7.65;7.65;7.65;7.66;7.66;7.67;7.68;7.68;7.69;7.69;7.70;7.70;7.71;7.72;7.72;7.73;7.74;7.75;7.76;7.77;7.78;7.80;7.81;7.83;7.85;7.87;7.89;7.92;7.94;7.97;8.00;8.02;8.05;8.08;8.10;8.13;8.16;8.19;8.22;8.25;8.28;8.32;;;;;;;;;;;;;;;;;;;;;
-3.500;;;;;;;;;;;;;;;;;;;;;;;;;;;;;;;8.40;8.34;8.29;8.23;8.19;8.14;8.10;8.07;8.04;8.01;7.99;7.97;7.95;7.93;7.92;7.90;7.89;7.88;7.86;7.85;7.84;7.82;7.81;7.80;7.78;7.77;7.76;7.75;7.74;7.73;7.72;7.71;7.70;7.69;7.68;7.67;7.67;7.66;7.65;7.65;7.65;7.65;7.64;7.64;7.64;7.64;7.65;7.65;7.65;7.66;7.66;7.67;7.67;7.68;7.68;7.69;7.69;7.70;7.70;7.71;7.72;7.72;7.73;7.74;7.75;7.76;7.77;7.78;7.79;7.80;7.82;7.83;7.85;7.87;7.90;7.92;7.94;7.97;7.99;8.02;8.04;8.07;8.09;8.12;8.15;8.18;8.21;8.24;8.27;8.30;8.33;;;;;;;;;;;;;;;;;;;;;
-3.600;;;;;;;;;;;;;;;;;;;;;;;;;;;;;;;8.44;8.38;8.32;8.26;8.21;8.17;8.13;8.09;8.05;8.02;8.00;7.98;7.96;7.94;7.92;7.91;7.90;7.89;7.88;7.86;7.85;7.84;7.83;7.82;7.80;7.79;7.78;7.77;7.76;7.74;7.73;7.72;7.71;7.71;7.70;7.69;7.68;7.68;7.67;7.67;7.66;7.66;7.66;7.66;7.66;7.66;7.66;7.66;7.67;7.67;7.67;7.68;7.68;7.69;7.69;7.70;7.71;7.71;7.72;7.72;7.73;7.74;7.75;7.75;7.76;7.77;7.78;7.80;7.81;7.82;7.84;7.86;7.88;7.90;7.92;7.94;7.97;7.99;8.02;8.04;8.06;8.09;8.11;8.14;8.17;8.19;8.22;8.25;8.28;8.32;;;;;;;;;;;;;;;;;;;;;;
-3.700;;;;;;;;;;;;;;;;;;;;;;;;;;;;;;;;8.42;8.35;8.30;8.24;8.19;8.15;8.11;8.07;8.04;8.01;7.99;7.97;7.95;7.93;7.92;7.91;7.90;7.89;7.88;7.87;7.86;7.84;7.83;7.82;7.81;7.80;7.79;7.78;7.76;7.75;7.74;7.73;7.72;7.72;7.71;7.70;7.69;7.69;7.68;7.68;7.67;7.67;7.67;7.67;7.67;7.67;7.68;7.68;7.68;7.69;7.69;7.70;7.70;7.71;7.71;7.72;7.73;7.73;7.74;7.75;7.76;7.76;7.77;7.78;7.79;7.80;7.82;7.83;7.85;7.87;7.89;7.91;7.93;7.95;7.97;7.99;8.01;8.04;8.06;8.08;8.11;8.13;8.15;8.18;8.21;8.24;8.27;8.30;;;;;;;;;;;;;;;;;;;;;;;
-3.800;;;;;;;;;;;;;;;;;;;;;;;;;;;;;;;;;8.40;8.33;8.28;8.22;8.18;8.13;8.10;8.06;8.03;8.00;7.98;7.96;7.94;7.93;7.92;7.91;7.90;7.89;7.88;7.87;7.86;7.85;7.84;7.83;7.82;7.81;7.80;7.78;7.77;7.76;7.75;7.74;7.73;7.73;7.72;7.71;7.71;7.70;7.70;7.69;7.69;7.69;7.69;7.69;7.69;7.69;7.69;7.70;7.70;7.71;7.71;7.72;7.72;7.73;7.74;7.74;7.75;7.76;7.77;7.78;7.78;7.79;7.80;7.82;7.83;7.84;7.86;7.88;7.90;7.91;7.93;7.95;7.97;8.00;8.02;8.04;8.06;8.08;8.10;8.12;8.15;8.17;8.20;8.22;8.25;8.28;;;;;;;;;;;;;;;;;;;;;;;;
-3.900;;;;;;;;;;;;;;;;;;;;;;;;;;;;;;;;;;8.38;8.31;8.26;8.21;8.16;8.12;8.08;8.05;8.02;8.00;7.98;7.96;7.94;7.93;7.92;7.90;7.90;7.89;7.88;7.87;7.86;7.85;7.85;7.84;7.83;7.82;7.81;7.80;7.78;7.77;7.76;7.76;7.75;7.74;7.73;7.72;7.72;7.71;7.71;7.71;7.71;7.70;7.70;7.71;7.71;7.71;7.71;7.72;7.72;7.73;7.73;7.74;7.75;7.75;7.76;7.77;7.78;7.79;7.80;7.81;7.82;7.83;7.84;7.86;7.87;7.89;7.91;7.93;7.94;7.96;7.98;8.00;8.02;8.04;8.06;8.08;8.10;8.12;8.14;8.16;8.19;8.21;8.24;8.27;;;;;;;;;;;;;;;;;;;;;;;;;
-4.000;;;;;;;;;;;;;;;;;;;;;;;;;;;;;;;;;;;8.36;8.30;8.24;8.20;8.15;8.11;8.08;8.05;8.02;7.99;7.97;7.95;7.94;7.93;7.92;7.91;7.90;7.89;7.88;7.87;7.87;7.86;7.85;7.84;7.84;7.83;7.82;7.81;7.80;7.79;7.78;7.77;7.76;7.75;7.75;7.74;7.73;7.73;7.73;7.72;7.72;7.72;7.72;7.73;7.73;7.73;7.74;7.74;7.75;7.75;7.76;7.77;7.77;7.78;7.79;7.80;7.81;7.82;7.83;7.84;7.86;7.87;7.89;7.90;7.92;7.94;7.95;7.97;7.99;8.01;8.02;8.04;8.06;8.08;8.09;8.11;8.13;8.15;8.18;8.20;8.22;8.25;8.28;;;;;;;;;;;;;;;;;;;;;;;;;
-4.100;;;;;;;;;;;;;;;;;;;;;;;;;;;;;;;;;;;;8.34;8.29;8.23;8.18;8.14;8.10;8.07;8.04;8.01;7.99;7.97;7.95;7.94;7.93;7.92;7.91;7.90;7.89;7.89;7.88;7.87;7.86;7.86;7.85;7.84;7.83;7.83;7.82;7.81;7.80;7.79;7.78;7.77;7.77;7.76;7.76;7.75;7.75;7.75;7.74;7.74;7.74;7.75;7.75;7.75;7.76;7.76;7.77;7.77;7.78;7.79;7.80;7.80;7.81;7.82;7.83;7.85;7.86;7.87;7.89;7.90;7.92;7.93;7.95;7.97;7.98;8.00;8.02;8.03;8.05;8.06;8.08;8.09;8.11;8.13;8.15;8.17;8.19;8.21;8.24;8.26;;;;;;;;;;;;;;;;;;;;;;;;;;
-4.200;;;;;;;;;;;;;;;;;;;;;;;;;;;;;;;;;;;;;8.33;8.28;8.22;8.18;8.14;8.10;8.07;8.04;8.01;7.99;7.97;7.96;7.94;7.93;7.92;7.91;7.90;7.90;7.89;7.88;7.88;7.87;7.86;7.86;7.85;7.84;7.83;7.83;7.82;7.81;7.80;7.80;7.79;7.78;7.78;7.77;7.77;7.77;7.77;7.77;7.77;7.77;7.77;7.77;7.78;7.78;7.79;7.79;7.80;7.81;7.82;7.83;7.84;7.85;7.86;7.88;7.89;7.90;7.92;7.93;7.95;7.97;7.98;8.00;8.01;8.03;8.04;8.05;8.07;8.08;8.10;8.11;8.13;8.14;8.16;8.18;8.20;8.22;8.25;;;;;;;;;;;;;;;;;;;;;;;;;;;
-4.300;;;;;;;;;;;;;;;;;;;;;;;;;;;;;;;;;;;;;;8.32;8.27;8.22;8.17;8.13;8.10;8.07;8.04;8.02;8.00;7.98;7.96;7.95;7.94;7.93;7.92;7.91;7.90;7.89;7.89;7.88;7.87;7.87;7.86;7.85;7.85;7.84;7.83;7.83;7.82;7.81;7.81;7.80;7.80;7.80;7.79;7.79;7.79;7.79;7.79;7.79;7.79;7.80;7.80;7.80;7.81;7.82;7.83;7.84;7.85;7.86;7.87;7.88;7.89;7.91;7.92;7.94;7.95;7.97;7.98;8.00;8.01;8.02;8.04;8.05;8.06;8.08;8.09;8.10;8.11;8.13;8.14;8.16;8.18;8.19;8.21;;;;;;;;;;;;;;;;;;;;;;;;;;;;;
-4.400;;;;;;;;;;;;;;;;;;;;;;;;;;;;;;;;;;;;;;;8.32;8.27;8.22;8.17;8.14;8.10;8.07;8.05;8.02;8.00;7.99;7.97;7.96;7.94;7.93;7.92;7.92;7.91;7.90;7.89;7.89;7.88;7.87;7.87;7.86;7.85;7.85;7.84;7.83;7.83;7.82;7.82;7.81;7.81;7.81;7.81;7.81;7.81;7.81;7.81;7.81;7.82;7.82;7.83;7.83;7.84;7.85;7.86;7.87;7.88;7.90;7.91;7.92;7.94;7.95;7.97;7.98;8.00;8.01;8.02;8.04;8.05;8.06;8.07;8.09;8.10;8.11;8.12;8.13;8.15;8.16;8.17;8.19;8.21;;;;;;;;;;;;;;;;;;;;;;;;;;;;;;
-4.500;;;;;;;;;;;;;;;;;;;;;;;;;;;;;;;;;;;;;;;;;8.27;8.22;8.18;8.14;8.11;8.08;8.06;8.03;8.01;8.00;7.98;7.97;7.95;7.94;7.93;7.93;7.92;7.91;7.90;7.89;7.89;7.88;7.87;7.87;7.86;7.85;7.85;7.84;7.84;7.83;7.83;7.83;7.82;7.82;7.82;7.82;7.82;7.83;7.83;7.84;7.84;7.85;7.86;7.87;7.88;7.89;7.90;7.91;7.93;7.94;7.96;7.97;7.98;8.00;8.01;8.03;8.04;8.05;8.07;8.08;8.09;8.10;8.11;8.12;8.13;8.14;8.15;8.16;8.18;8.19;8.20;;;;;;;;;;;;;;;;;;;;;;;;;;;;;;;
-4.600;;;;;;;;;;;;;;;;;;;;;;;;;;;;;;;;;;;;;;;;;;8.27;8.23;8.19;8.15;8.12;8.09;8.07;8.05;8.03;8.01;8.00;7.98;7.97;7.96;7.95;7.94;7.93;7.92;7.91;7.91;7.90;7.89;7.88;7.88;7.87;7.87;7.86;7.85;7.85;7.85;7.84;7.84;7.84;7.84;7.84;7.85;7.85;7.85;7.86;7.87;7.87;7.88;7.89;7.91;7.92;7.93;7.94;7.96;7.97;7.99;8.00;8.02;8.03;8.05;8.06;8.07;8.08;8.09;8.10;8.11;8.12;8.13;8.14;8.15;8.16;8.17;8.18;8.19;8.20;;;;;;;;;;;;;;;;;;;;;;;;;;;;;;;;
-4.700;;;;;;;;;;;;;;;;;;;;;;;;;;;;;;;;;;;;;;;;;;;8.28;8.24;8.20;8.17;8.14;8.11;8.09;8.07;8.05;8.03;8.01;8.00;7.99;7.98;7.97;7.96;7.95;7.94;7.93;7.92;7.91;7.90;7.90;7.89;7.89;7.88;7.87;7.87;7.87;7.86;7.86;7.86;7.86;7.87;7.87;7.87;7.88;7.89;7.89;7.90;7.91;7.92;7.94;7.95;7.96;7.98;7.99;8.01;8.02;8.04;8.05;8.07;8.08;8.09;8.10;8.11;8.12;8.13;8.14;8.15;8.16;8.17;8.17;8.18;8.19;8.20;;;;;;;;;;;;;;;;;;;;;;;;;;;;;;;;;;
-4.800;;;;;;;;;;;;;;;;;;;;;;;;;;;;;;;;;;;;;;;;;;;;;8.26;8.22;8.19;8.16;8.13;8.11;8.09;8.07;8.05;8.04;8.02;8.01;8.00;7.99;7.98;7.97;7.96;7.95;7.94;7.93;7.92;7.92;7.91;7.91;7.90;7.90;7.89;7.89;7.89;7.89;7.89;7.89;7.90;7.90;7.91;7.92;7.93;7.94;7.95;7.96;7.97;7.99;8.00;8.02;8.03;8.05;8.06;8.07;8.09;8.10;8.11;8.13;8.14;8.15;8.16;8.16;8.17;8.18;8.19;8.19;8.20;8.20;8.21;;;;;;;;;;;;;;;;;;;;;;;;;;;;;;;;;;;
-4.900;;;;;;;;;;;;;;;;;;;;;;;;;;;;;;;;;;;;;;;;;;;;;;;8.25;8.21;8.19;8.16;8.14;8.12;8.10;8.08;8.07;8.05;8.04;8.03;8.02;8.01;8.00;7.99;7.98;7.97;7.96;7.95;7.94;7.94;7.93;7.93;7.93;7.92;7.92;7.92;7.93;7.93;7.93;7.94;7.95;7.95;7.96;7.98;7.99;8.00;8.01;8.03;8.04;8.06;8.07;8.09;8.10;8.12;8.13;8.14;8.15;8.16;8.17;8.18;8.19;8.20;8.20;8.21;8.22;8.22;8.22;;;;;;;;;;;;;;;;;;;;;;;;;;;;;;;;;;;;;
-5.000;;;;;;;;;;;;;;;;;;;;;;;;;;;;;;;;;;;;;;;;;;;;;;;;8.28;8.25;8.22;8.19;8.17;8.15;8.13;8.12;8.10;8.09;8.08;8.06;8.05;8.04;8.03;8.02;8.01;8.00;7.99;7.99;7.98;7.98;7.97;7.97;7.97;7.97;7.97;7.97;7.97;7.98;7.98;7.99;8.00;8.01;8.02;8.04;8.05;8.06;8.08;8.09;8.11;8.12;8.14;8.15;8.16;8.18;8.19;8.20;8.21;8.22;8.23;8.23;8.24;8.24;8.25;8.25;8.25;;;;;;;;;;;;;;;;;;;;;;;;;;;;;;;;;;;;;;
-5.100;;;;;;;;;;;;;;;;;;;;;;;;;;;;;;;;;;;;;;;;;;;;;;;;;;8.29;8.26;8.24;8.22;8.20;8.18;8.16;8.15;8.13;8.12;8.11;8.10;8.09;8.07;8.07;8.06;8.05;8.04;8.03;8.03;8.02;8.02;8.02;8.02;8.02;8.02;8.03;8.03;8.04;8.05;8.06;8.07;8.08;8.09;8.10;8.12;8.13;8.15;8.16;8.18;8.19;8.21;8.22;8.23;8.24;8.25;8.26;8.27;8.27;8.28;8.28;8.28;8.28;;;;;;;;;;;;;;;;;;;;;;;;;;;;;;;;;;;;;;;;
-5.200;;;;;;;;;;;;;;;;;;;;;;;;;;;;;;;;;;;;;;;;;;;;;;;;;;;;;8.29;8.27;8.25;8.23;8.21;8.20;8.19;8.17;8.16;8.15;8.14;8.13;8.12;8.11;8.10;8.10;8.09;8.09;8.09;8.08;8.08;8.09;8.09;8.09;8.10;8.10;8.11;8.12;8.13;8.15;8.16;8.17;8.19;8.20;8.21;8.23;8.24;8.26;8.27;8.28;8.29;8.30;8.31;8.32;8.32;8.32;8.33;8.33;;;;;;;;;;;;;;;;;;;;;;;;;;;;;;;;;;;;;;;;;;
-5.300;;;;;;;;;;;;;;;;;;;;;;;;;;;;;;;;;;;;;;;;;;;;;;;;;;;;;;;8.33;8.31;8.29;8.28;8.26;8.25;8.24;8.22;8.21;8.20;8.19;8.19;8.18;8.17;8.17;8.16;8.16;8.16;8.16;8.16;8.16;8.17;8.17;8.18;8.19;8.20;8.21;8.22;8.24;8.25;8.26;8.28;8.29;8.30;8.32;8.33;8.34;8.35;8.36;8.37;8.37;8.38;8.38;;;;;;;;;;;;;;;;;;;;;;;;;;;;;;;;;;;;;;;;;;;;;
-5.400;;;;;;;;;;;;;;;;;;;;;;;;;;;;;;;;;;;;;;;;;;;;;;;;;;;;;;;;;;8.37;8.36;8.34;8.33;8.31;8.30;8.29;8.28;8.27;8.27;8.26;8.26;8.25;8.25;8.25;8.25;8.25;8.25;8.26;8.26;8.27;8.28;8.29;8.30;8.31;8.33;8.34;8.35;8.37;8.38;8.39;8.40;8.41;8.42;8.43;8.44;8.45;;;;;;;;;;;;;;;;;;;;;;;;;;;;;;;;;;;;;;;;;;;;;;;;
-5.500;;;;;;;;;;;;;;;;;;;;;;;;;;;;;;;;;;;;;;;;;;;;;;;;;;;;;;;;;;;;;8.44;8.42;8.41;8.40;8.39;8.38;8.37;8.37;8.36;8.36;8.35;8.35;8.35;8.36;8.36;8.36;8.37;8.38;8.39;8.40;8.41;8.42;8.43;8.44;8.46;8.47;8.48;8.49;8.50;8.51;8.52;;;;;;;;;;;;;;;;;;;;;;;;;;;;;;;;;;;;;;;;;;;;;;;;;;;
-5.600;;;;;;;;;;;;;;;;;;;;;;;;;;;;;;;;;;;;;;;;;;;;;;;;;;;;;;;;;;;;;;;;;;8.51;8.50;8.49;8.49;8.48;8.48;8.48;8.48;8.48;8.49;8.49;8.50;8.50;8.51;8.52;8.53;8.54;8.56;8.57;8.58;8.59;8.60;;;;;;;;;;;;;;;;;;;;;;;;;;;;;;;;;;;;;;;;;;;;;;;;;;;;;;;
-5.700;;;;;;;;;;;;;;;;;;;;;;;;;;;;;;;;;;;;;;;;;;;;;;;;;;;;;;;;;;;;;;;;;;;;;;;;;;;;;;;;;;;;;;;;;;;;;;;;;;;;;;;;;;;;;;;;;;;;;;;;;;;;;;;;;;;;;;;;;;;;;;
-5.800;;;;;;;;;;;;;;;;;;;;;;;;;;;;;;;;;;;;;;;;;;;;;;;;;;;;;;;;;;;;;;;;;;;;;;;;;;;;;;;;;;;;;;;;;;;;;;;;;;;;;;;;;;;;;;;;;;;;;;;;;;;;;;;;;;;;;;;;;;;;;;
-5.900;;;;;;;;;;;;;;;;;;;;;;;;;;;;;;;;;;;;;;;;;;;;;;;;;;;;;;;;;;;;;;;;;;;;;;;;;;;;;;;;;;;;;;;;;;;;;;;;;;;;;;;;;;;;;;;;;;;;;;;;;;;;;;;;;;;;;;;;;;;;;;
-6.000;;;;;;;;;;;;;;;;;;;;;;;;;;;;;;;;;;;;;;;;;;;;;;;;;;;;;;;;;;;;;;;;;;;;;;;;;;;;;;;;;;;;;;;;;;;;;;;;;;;;;;;;;;;;;;;;;;;;;;;;;;;;;;;;;;;;;;;;;;;;;;
-6.100;;;;;;;;;;;;;;;;;;;;;;;;;;;;;;;;;;;;;;;;;;;;;;;;;;;;;;;;;;;;;;;;;;;;;;;;;;;;;;;;;;;;;;;;;;;;;;;;;;;;;;;;;;;;;;;;;;;;;;;;;;;;;;;;;;;;;;;;;;;;;;
-6.200;;;;;;;;;;;;;;;;;;;;;;;;;;;;;;;;;;;;;;;;;;;;;;;;;;;;;;;;;;;;;;;;;;;;;;;;;;;;;;;;;;;;;;;;;;;;;;;;;;;;;;;;;;;;;;;;;;;;;;;;;;;;;;;;;;;;;;;;;;;;;;
-6.300;;;;;;;;;;;;;;;;;;;;;;;;;;;;;;;;;;;;;;;;;;;;;;;;;;;;;;;;;;;;;;;;;;;;;;;;;;;;;;;;;;;;;;;;;;;;;;;;;;;;;;;;;;;;;;;;;;;;;;;;;;;;;;;;;;;;;;;;;;;;;;
-6.400;;;;;;;;;;;;;;;;;;;;;;;;;;;;;;;;;;;;;;;;;;;;;;;;;;;;;;;;;;;;;;;;;;;;;;;;;;;;;;;;;;;;;;;;;;;;;;;;;;;;;;;;;;;;;;;;;;;;;;;;;;;;;;;;;;;;;;;;;;;;;;
-6.500;;;;;;;;;;;;;;;;;;;;;;;;;;;;;;;;;;;;;;;;;;;;;;;;;;;;;;;;;;;;;;;;;;;;;;;;;;;;;;;;;;;;;;;;;;;;;;;;;;;;;;;;;;;;;;;;;;;;;;;;;;;;;;;;;;;;;;;;;;;;;;
-6.600;;;;;;;;;;;;;;;;;;;;;;;;;;;;;;;;;;;;;;;;;;;;;;;;;;;;;;;;;;;;;;;;;;;;;;;;;;;;;;;;;;;;;;;;;;;;;;;;;;;;;;;;;;;;;;;;;;;;;;;;;;;;;;;;;;;;;;;;;;;;;;
-6.700;;;;;;;;;;;;;;;;;;;;;;;;;;;;;;;;;;;;;;;;;;;;;;;;;;;;;;;;;;;;;;;;;;;;;;;;;;;;;;;;;;;;;;;;;;;;;;;;;;;;;;;;;;;;;;;;;;;;;;;;;;;;;;;;;;;;;;;;;;;;;;
-6.800;;;;;;;;;;;;;;;;;;;;;;;;;;;;;;;;;;;;;;;;;;;;;;;;;;;;;;;;;;;;;;;;;;;;;;;;;;;;;;;;;;;;;;;;;;;;;;;;;;;;;;;;;;;;;;;;;;;;;;;;;;;;;;;;;;;;;;;;;;;;;;
-6.900;;;;;;;;;;;;;;;;;;;;;;;;;;;;;;;;;;;;;;;;;;;;;;;;;;;;;;;;;;;;;;;;;;;;;;;;;;;;;;;;;;;;;;;;;;;;;;;;;;;;;;;;;;;;;;;;;;;;;;;;;;;;;;;;;;;;;;;;;;;;;;
-7.000;;;;;;;;;;;;;;;;;;;;;;;;;;;;;;;;;;;;;;;;;;;;;;;;;;;;;;;;;;;;;;;;;;;;;;;;;;;;;;;;;;;;;;;;;;;;;;;;;;;;;;;;;;;;;;;;;;;;;;;;;;;;;;;;;;;;;;;;;;;;;;
BACK;-7.000;-6.900;-6.800;-6.700;-6.600;-6.500;-6.400;-6.300;-6.200;-6.100;-6.000;-5.900;-5.800;-5.700;-5.600;-5.500;-5.400;-5.300;-5.200;-5.100;-5.000;-4.900;-4.800;-4.700;-4.600;-4.500;-4.400;-4.300;-4.200;-4.100;-4.000;-3.900;-3.800;-3.700;-3.600;-3.500;-3.400;-3.300;-3.200;-3.100;-3.000;-2.900;-2.800;-2.700;-2.600;-2.500;-2.400;-2.300;-2.200;-2.100;-2.000;-1.900;-1.800;-1.700;-1.600;-1.500;-1.400;-1.300;-1.200;-1.100;-1.000;-0.900;-0.800;-0.700;-0.600;-0.500;-0.400;-0.300;-0.200;-0.100;0.000;0.100;0.200;0.300;0.400;0.500;0.600;0.700;0.800;0.900;1.000;1.100;1.200;1.300;1.400;1.500;1.600;1.700;1.800;1.900;2.000;2.100;2.200;2.300;2.400;2.500;2.600;2.700;2.800;2.900;3.000;3.100;3.200;3.300;3.400;3.500;3.600;3.700;3.800;3.900;4.000;4.100;4.200;4.300;4.400;4.500;4.600;4.700;4.800;4.900;5.000;5.100;5.200;5.300;5.400;5.500;5.600;5.700;5.800;5.900;6.000;6.100;6.200;6.300;6.400;6.500;6.600;6.700;6.800;6.900;7.000;
7.000;;;;;;;;;;;;;;;;;;;;;;;;;;;;;;;;;;;;;;;;;;;;;;;;;;;;;;;;;;;;;;;;;;;;;;;;;;;;;;;;;;;;;;;;;;;;;;;;;;;;;;;;;;;;;;;;;;;;;;;;;;;;;;;;;;;;;;;;;;;;;;
6.900;;;;;;;;;;;;;;;;;;;;;;;;;;;;;;;;;;;;;;;;;;;;;;;;;;;;;;;;;;;;;;;;;;;;;;;;;;;;;;;;;;;;;;;;;;;;;;;;;;;;;;;;;;;;;;;;;;;;;;;;;;;;;;;;;;;;;;;;;;;;;;
6.800;;;;;;;;;;;;;;;;;;;;;;;;;;;;;;;;;;;;;;;;;;;;;;;;;;;;;;;;;;;;;;;;;;;;;;;;;;;;;;;;;;;;;;;;;;;;;;;;;;;;;;;;;;;;;;;;;;;;;;;;;;;;;;;;;;;;;;;;;;;;;;
6.700;;;;;;;;;;;;;;;;;;;;;;;;;;;;;;;;;;;;;;;;;;;;;;;;;;;;;;;;;;;;;;;;;;;;;;;;;;;;;;;;;;;;;;;;;;;;;;;;;;;;;;;;;;;;;;;;;;;;;;;;;;;;;;;;;;;;;;;;;;;;;;
6.600;;;;;;;;;;;;;;;;;;;;;;;;;;;;;;;;;;;;;;;;;;;;;;;;;;;;;;;;;;;;;;;;;;;;;;;;;;;;;;;;;;;;;;;;;;;;;;;;;;;;;;;;;;;;;;;;;;;;;;;;;;;;;;;;;;;;;;;;;;;;;;
6.500;;;;;;;;;;;;;;;;;;;;;;;;;;;;;;;;;;;;;;;;;;;;;;;;;;;;;;;;;;;;;;;;;;;;;;;;;;;;;;;;;;;;;;;;;;;;;;;;;;;;;;;;;;;;;;;;;;;;;;;;;;;;;;;;;;;;;;;;;;;;;;
6.400;;;;;;;;;;;;;;;;;;;;;;;;;;;;;;;;;;;;;;;;;;;;;;;;;;;;;;;;;;;;;;;;;;;;;;;;;;;;;;;;;;;;;;;;;;;;;;;;;;;;;;;;;;;;;;;;;;;;;;;;;;;;;;;;;;;;;;;;;;;;;;
6.300;;;;;;;;;;;;;;;;;;;;;;;;;;;;;;;;;;;;;;;;;;;;;;;;;;;;;;;;;;;;;;;;;;;;;;;;;;;;;;;;;;;;;;;;;;;;;;;;;;;;;;;;;;;;;;;;;;;;;;;;;;;;;;;;;;;;;;;;;;;;;;
6.200;;;;;;;;;;;;;;;;;;;;;;;;;;;;;;;;;;;;;;;;;;;;;;;;;;;;;;;;;;;;;;;;;;;;;;;;;;;;;;;;;;;;;;;;;;;;;;;;;;;;;;;;;;;;;;;;;;;;;;;;;;;;;;;;;;;;;;;;;;;;;;
6.100;;;;;;;;;;;;;;;;;;;;;;;;;;;;;;;;;;;;;;;;;;;;;;;;;;;;;;;;;;;;;;;;;;;;;;;;;;;;;;;;;;;;;;;;;;;;;;;;;;;;;;;;;;;;;;;;;;;;;;;;;;;;;;;;;;;;;;;;;;;;;;
6.000;;;;;;;;;;;;;;;;;;;;;;;;;;;;;;;;;;;;;;;;;;;;;;;;;;;;;;;;;;;;;;;;;;;;;;;;;;;;;;;;;;;;;;;;;;;;;;;;;;;;;;;;;;;;;;;;;;;;;;;;;;;;;;;;;;;;;;;;;;;;;;
5.900;;;;;;;;;;;;;;;;;;;;;;;;;;;;;;;;;;;;;;;;;;;;;;;;;;;;;;;;;;;;;;;;;;;;;;;;;;;;;;;;;;;;;;;;;;;;;;;;;;;;;;;;;;;;;;;;;;;;;;;;;;;;;;;;;;;;;;;;;;;;;;
5.800;;;;;;;;;;;;;;;;;;;;;;;;;;;;;;;;;;;;;;;;;;;;;;;;;;;;;;;;;;;;;;;;;;;;;;;;;;;;;;;;;;;;;;;;;;;;;;;;;;;;;;;;;;;;;;;;;;;;;;;;;;;;;;;;;;;;;;;;;;;;;;
5.700;;;;;;;;;;;;;;;;;;;;;;;;;;;;;;;;;;;;;;;;;;;;;;;;;;;;;;;;;;;;;;;;;;;;;;;;;;;;;;;;;;;;;;;;;;;;;;;;;;;;;;;;;;;;;;;;;;;;;;;;;;;;;;;;;;;;;;;;;;;;;;
5.600;;;;;;;;;;;;;;;;;;;;;;;;;;;;;;;;;;;;;;;;;;;;;;;;;;;;;;;;;;;;;;;;;;;;;;;;;;;;;;;;;;;;;;;;;;;;;;;;;;;;;;;;;;;;;;;;;;;;;;;;;;;;;;;;;;;;;;;;;;;;;;
5.500;;;;;;;;;;;;;;;;;;;;;;;;;;;;;;;;;;;;;;;;;;;;;;;;;;;;;;;;;;;;;;;;;;;;;;;;;;;;;;;;;;;;;;;;;;;;;;;;;;;;;;;;;;;;;;;;;;;;;;;;;;;;;;;;;;;;;;;;;;;;;;
5.400;;;;;;;;;;;;;;;;;;;;;;;;;;;;;;;;;;;;;;;;;;;;;;;;;;;;;;;;;;;;;;;;;;;;;;;;;;;;;;;;;;;;;;;;;;;;;;;;;;;;;;;;;;;;;;;;;;;;;;;;;;;;;;;;;;;;;;;;;;;;;;
5.300;;;;;;;;;;;;;;;;;;;;;;;;;;;;;;;;;;;;;;;;;;;;;;;;;;;;;;;;;;;;;;;;;;;;;;;;;;;;;;;;;;;;;;;;;;;;;;;;;;;;;;;;;;;;;;;;;;;;;;;;;;;;;;;;;;;;;;;;;;;;;;
5.200;;;;;;;;;;;;;;;;;;;;;;;;;;;;;;;;;;;;;;;;;;;;;;;;;;;;;;;;;;;;;;;;;;;;;;;;;;;;;;;;;;;;;;;;;;;;;;;;;;;;;;;;;;;;;;;;;;;;;;;;;;;;;;;;;;;;;;;;;;;;;;
5.100;;;;;;;;;;;;;;;;;;;;;;;;;;;;;;;;;;;;;;;;;;;;;;;;;;;;;;;;;;;;;;;;;;;;;;;;;;;;;;;;;;;;;;;;;;;;;;;;;;;;;;;;;;;;;;;;;;;;;;;;;;;;;;;;;;;;;;;;;;;;;;
5.000;;;;;;;;;;;;;;;;;;;;;;;;;;;;;;;;;;;;;;;;;;;;;;;;;;;;;;;;;;;;;;;;;;;;;;;;;;;;;;;;;;;;;;;;;;;;;;;;;;;;;;;;;;;;;;;;;;;;;;;;;;;;;;;;;;;;;;;;;;;;;;
4.900;;;;;;;;;;;;;;;;;;;;;;;;;;;;;;;;;;;;;;;;;;;;;;;;;;;;;;;;;;;;;;;;;;;;;;;;;;;;;;;;;;;;;;;;;;;;;;;;;;;;;;;;;;;;;;;;;;;;;;;;;;;;;;;;;;;;;;;;;;;;;;
4.800;;;;;;;;;;;;;;;;;;;;;;;;;;;;;;;;;;;;;;;;;;;;;;;;;;;;;;;;;;;;;;;;;;;;;;;;;;;;;;;;;;;;;;;;;;;;;;;;;;;;;;;;;;;;;;;;;;;;;;;;;;;;;;;;;;;;;;;;;;;;;;
4.700;;;;;;;;;;;;;;;;;;;;;;;;;;;;;;;;;;;;;;;;;;;;;;;;;;;;;;;;;;;;;;;;;;;;;;;;;;;;;;;;;;;;;;;;;;;;;;;;;;;;;;;;;;;;;;;;;;;;;;;;;;;;;;;;;;;;;;;;;;;;;;
4.600;;;;;;;;;;;;;;;;;;;;;;;;;;;;;;;;;;;;;;;;;;;;;;;;;;;;;;;;;;;;;;;;;;;;;;;;;;;;;;;;;;;;;;;;;;;;;;;;;;;;;;;;;;;;;;;;;;;;;;;;;;;;;;;;;;;;;;;;;;;;;;
4.500;;;;;;;;;;;;;;;;;;;;;;;;;;;;;;;;;;;;;;;;;;;;;;;;;;;;;;;;;;;;;;;;;;;;;;;;;;;;;;;;;;;;;;;;;;;;;;;;;;;;;;;;;;;;;;;;;;;;;;;;;;;;;;;;;;;;;;;;;;;;;;
4.400;;;;;;;;;;;;;;;;;;;;;;;;;;;;;;;;;;;;;;;;;;;;;;;;;;;;;;;;;;;;;;;;;;;;;;;;;;;;;;;;;;;;;;;;;;;;;;;;;;;;;;;;;;;;;;;;;;;;;;;;;;;;;;;;;;;;;;;;;;;;;;
4.300;;;;;;;;;;;;;;;;;;;;;;;;;;;;;;;;;;;;;;;;;;;;;;;;;;;;;;;;;;;;;;;;;;;;;;;;;;;;;;;;;;;;;;;;;;;;;;;;;;;;;;;;;;;;;;;;;;;;;;;;;;;;;;;;;;;;;;;;;;;;;;
4.200;;;;;;;;;;;;;;;;;;;;;;;;;;;;;;;;;;;;;;;;;;;;;;;;;;;;;;;;;;;;;;;;;;;;;;;;;;;;;;;;;;;;;;;;;;;;;;;;;;;;;;;;;;;;;;;;;;;;;;;;;;;;;;;;;;;;;;;;;;;;;;
4.100;;;;;;;;;;;;;;;;;;;;;;;;;;;;;;;;;;;;;;;;;;;;;;;;;;;;;;;;;;;;;;;;;;;;;;;;;;;;;;;;;;;;;;;;;;;;;;;;;;;;;;;;;;;;;;;;;;;;;;;;;;;;;;;;;;;;;;;;;;;;;;
4.000;;;;;;;;;;;;;;;;;;;;;;;;;;;;;;;;;;;;;;;;;;;;;;;;;;;;;;;;;;;;;;;;;;;;6.81;6.78;6.76;6.73;6.71;6.69;6.67;6.66;6.65;6.64;6.63;6.63;6.62;6.62;6.62;6.63;6.63;6.64;6.65;;;;;;;;;;;;;;;;;;;;;;;;;;;;;;;;;;;;;;;;;;;;;;;;;;;;;;;;
3.900;;;;;;;;;;;;;;;;;;;;;;;;;;;;;;;;;;;;;;;;;;;;;;;;;;;;;;;;;;;;;;;6.91;6.88;6.85;6.81;6.78;6.75;6.72;6.69;6.67;6.65;6.63;6.61;6.59;6.58;6.57;6.56;6.56;6.55;6.55;6.55;6.56;6.56;6.57;6.58;6.59;6.60;6.62;6.63;6.65;;;;;;;;;;;;;;;;;;;;;;;;;;;;;;;;;;;;;;;;;;;;;;;;;;;
3.800;;;;;;;;;;;;;;;;;;;;;;;;;;;;;;;;;;;;;;;;;;;;;;;;;;;;;;;;;;;7.00;6.96;6.93;6.89;6.86;6.82;6.78;6.75;6.72;6.69;6.66;6.63;6.61;6.58;6.56;6.55;6.53;6.52;6.51;6.50;6.49;6.49;6.49;6.49;6.49;6.50;6.50;6.51;6.52;6.53;6.55;6.56;6.58;6.60;6.63;6.65;6.68;;;;;;;;;;;;;;;;;;;;;;;;;;;;;;;;;;;;;;;;;;;;;;;
3.700;;;;;;;;;;;;;;;;;;;;;;;;;;;;;;;;;;;;;;;;;;;;;;;;;;;;;;;;7.04;7.01;6.97;6.94;6.90;6.87;6.83;6.79;6.76;6.72;6.69;6.66;6.62;6.60;6.57;6.54;6.52;6.50;6.49;6.47;6.46;6.45;6.44;6.44;6.43;6.43;6.43;6.43;6.44;6.44;6.45;6.46;6.47;6.48;6.50;6.52;6.54;6.56;6.58;6.61;6.64;6.67;;;;;;;;;;;;;;;;;;;;;;;;;;;;;;;;;;;;;;;;;;;;;
3.600;;;;;;;;;;;;;;;;;;;;;;;;;;;;;;;;;;;;;;;;;;;;;;;;;;;;;7.07;7.04;7.01;6.98;6.95;6.92;6.88;6.84;6.81;6.77;6.73;6.69;6.66;6.63;6.59;6.56;6.53;6.51;6.48;6.46;6.44;6.43;6.41;6.40;6.39;6.38;6.38;6.38;6.37;6.37;6.38;6.38;6.39;6.39;6.40;6.41;6.43;6.44;6.46;6.47;6.50;6.52;6.54;6.57;6.60;6.63;6.67;6.71;;;;;;;;;;;;;;;;;;;;;;;;;;;;;;;;;;;;;;;;;;
3.500;;;;;;;;;;;;;;;;;;;;;;;;;;;;;;;;;;;;;;;;;;;;;;;;;;;7.07;7.04;7.02;6.99;6.95;6.92;6.89;6.85;6.82;6.78;6.74;6.70;6.67;6.63;6.60;6.56;6.53;6.50;6.47;6.45;6.43;6.41;6.39;6.37;6.36;6.35;6.34;6.33;6.33;6.32;6.32;6.32;6.33;6.33;6.33;6.34;6.35;6.36;6.37;6.39;6.40;6.42;6.44;6.46;6.48;6.51;6.54;6.57;6.61;6.64;6.68;6.72;;;;;;;;;;;;;;;;;;;;;;;;;;;;;;;;;;;;;;;;
3.400;;;;;;;;;;;;;;;;;;;;;;;;;;;;;;;;;;;;;;;;;;;;;;;;;7.07;7.04;7.02;6.99;6.96;6.93;6.89;6.86;6.82;6.79;6.75;6.71;6.67;6.64;6.60;6.57;6.53;6.50;6.47;6.44;6.41;6.39;6.37;6.35;6.33;6.32;6.31;6.30;6.29;6.28;6.28;6.28;6.28;6.28;6.28;6.28;6.29;6.29;6.30;6.31;6.32;6.34;6.35;6.37;6.39;6.41;6.43;6.46;6.48;6.51;6.55;6.58;6.62;6.66;6.70;;;;;;;;;;;;;;;;;;;;;;;;;;;;;;;;;;;;;;;
3.300;;;;;;;;;;;;;;;;;;;;;;;;;;;;;;;;;;;;;;;;;;;;;;;7.08;7.05;7.02;6.99;6.96;6.93;6.90;6.86;6.83;6.79;6.76;6.72;6.68;6.64;6.61;6.57;6.54;6.50;6.47;6.44;6.41;6.38;6.36;6.34;6.32;6.30;6.28;6.27;6.26;6.25;6.24;6.24;6.24;6.23;6.23;6.24;6.24;6.24;6.25;6.25;6.26;6.27;6.28;6.29;6.31;6.32;6.34;6.36;6.38;6.41;6.43;6.46;6.49;6.53;6.56;6.60;6.64;6.68;6.73;;;;;;;;;;;;;;;;;;;;;;;;;;;;;;;;;;;;;
3.200;;;;;;;;;;;;;;;;;;;;;;;;;;;;;;;;;;;;;;;;;;;;;7.09;7.06;7.03;7.00;6.97;6.94;6.91;6.87;6.84;6.80;6.76;6.73;6.69;6.65;6.61;6.58;6.54;6.51;6.47;6.44;6.41;6.38;6.35;6.33;6.30;6.28;6.26;6.25;6.24;6.22;6.22;6.21;6.20;6.20;6.20;6.20;6.20;6.20;6.20;6.21;6.21;6.22;6.22;6.23;6.24;6.26;6.27;6.28;6.30;6.32;6.34;6.36;6.39;6.41;6.44;6.48;6.51;6.55;6.58;6.63;6.67;6.72;6.76;;;;;;;;;;;;;;;;;;;;;;;;;;;;;;;;;;;
3.100;;;;;;;;;;;;;;;;;;;;;;;;;;;;;;;;;;;;;;;;;;;7.12;7.09;7.06;7.02;6.99;6.95;6.92;6.88;6.84;6.81;6.77;6.73;6.70;6.66;6.62;6.58;6.55;6.51;6.47;6.44;6.41;6.38;6.35;6.32;6.30;6.27;6.25;6.23;6.22;6.20;6.19;6.18;6.18;6.17;6.17;6.16;6.16;6.16;6.16;6.17;6.17;6.17;6.18;6.19;6.19;6.20;6.21;6.22;6.24;6.25;6.27;6.28;6.30;6.32;6.35;6.37;6.40;6.43;6.46;6.50;6.53;6.57;6.62;6.66;6.70;6.75;;;;;;;;;;;;;;;;;;;;;;;;;;;;;;;;;;
3.000;;;;;;;;;;;;;;;;;;;;;;;;;;;;;;;;;;;;;;;;;;7.13;7.09;7.05;7.02;6.98;6.94;6.90;6.86;6.82;6.78;6.74;6.70;6.67;6.63;6.59;6.55;6.52;6.48;6.44;6.41;6.38;6.35;6.32;6.29;6.27;6.24;6.22;6.20;6.19;6.17;6.16;6.15;6.14;6.14;6.13;6.13;6.13;6.13;6.13;6.14;6.14;6.14;6.15;6.15;6.16;6.17;6.17;6.18;6.19;6.21;6.22;6.23;6.25;6.27;6.29;6.31;6.34;6.36;6.39;6.42;6.46;6.49;6.53;6.57;6.61;6.65;6.70;6.74;;;;;;;;;;;;;;;;;;;;;;;;;;;;;;;;;
2.900;;;;;;;;;;;;;;;;;;;;;;;;;;;;;;;;;;;;;;;;;7.14;7.10;7.06;7.01;6.97;6.93;6.89;6.85;6.80;6.76;6.72;6.68;6.64;6.60;6.56;6.52;6.49;6.45;6.42;6.38;6.35;6.32;6.29;6.26;6.24;6.21;6.19;6.17;6.16;6.14;6.13;6.12;6.11;6.11;6.11;6.10;6.10;6.10;6.11;6.11;6.11;6.12;6.12;6.13;6.13;6.14;6.15;6.15;6.16;6.17;6.18;6.20;6.21;6.23;6.24;6.26;6.28;6.31;6.33;6.36;6.39;6.42;6.45;6.49;6.52;6.56;6.60;6.64;6.69;6.74;;;;;;;;;;;;;;;;;;;;;;;;;;;;;;;;
2.800;;;;;;;;;;;;;;;;;;;;;;;;;;;;;;;;;;;;;;;7.20;7.15;7.11;7.07;7.02;6.97;6.93;6.88;6.84;6.79;6.75;6.70;6.66;6.62;6.58;6.54;6.50;6.46;6.42;6.39;6.35;6.32;6.29;6.26;6.23;6.21;6.19;6.16;6.15;6.13;6.12;6.10;6.09;6.09;6.08;6.08;6.08;6.08;6.08;6.08;6.08;6.09;6.09;6.10;6.10;6.11;6.11;6.12;6.13;6.14;6.14;6.15;6.16;6.18;6.19;6.20;6.22;6.24;6.26;6.28;6.30;6.33;6.36;6.39;6.42;6.45;6.48;6.52;6.56;6.60;6.64;6.69;6.73;;;;;;;;;;;;;;;;;;;;;;;;;;;;;;;
2.700;;;;;;;;;;;;;;;;;;;;;;;;;;;;;;;;;;;;;;7.22;7.18;7.13;7.08;7.03;6.98;6.93;6.88;6.83;6.78;6.73;6.69;6.64;6.60;6.55;6.51;6.47;6.43;6.40;6.36;6.33;6.30;6.26;6.24;6.21;6.18;6.16;6.14;6.12;6.10;6.09;6.08;6.07;6.06;6.06;6.05;6.05;6.05;6.05;6.06;6.06;6.07;6.07;6.08;6.08;6.09;6.09;6.10;6.11;6.11;6.12;6.13;6.14;6.15;6.16;6.17;6.19;6.20;6.22;6.24;6.26;6.28;6.30;6.33;6.36;6.39;6.42;6.45;6.48;6.52;6.56;6.60;6.64;6.68;6.73;;;;;;;;;;;;;;;;;;;;;;;;;;;;;;
2.600;;;;;;;;;;;;;;;;;;;;;;;;;;;;;;;;;;;;;7.25;7.20;7.15;7.10;7.05;6.99;6.94;6.88;6.83;6.78;6.73;6.68;6.63;6.58;6.54;6.50;6.45;6.41;6.38;6.34;6.30;6.27;6.24;6.21;6.18;6.16;6.14;6.11;6.10;6.08;6.06;6.05;6.04;6.04;6.03;6.03;6.03;6.03;6.03;6.04;6.04;6.05;6.05;6.06;6.06;6.07;6.08;6.08;6.09;6.10;6.11;6.11;6.12;6.13;6.14;6.15;6.16;6.17;6.19;6.20;6.22;6.24;6.26;6.28;6.31;6.33;6.36;6.39;6.42;6.45;6.49;6.52;6.56;6.60;6.64;6.68;6.73;;;;;;;;;;;;;;;;;;;;;;;;;;;;;
2.500;;;;;;;;;;;;;;;;;;;;;;;;;;;;;;;;;;;;7.28;7.23;7.18;7.12;7.07;7.01;6.95;6.90;6.84;6.78;6.73;6.68;6.62;6.58;6.53;6.48;6.44;6.40;6.36;6.32;6.29;6.25;6.22;6.19;6.16;6.14;6.11;6.09;6.07;6.06;6.04;6.03;6.02;6.01;6.01;6.01;6.01;6.01;6.01;6.01;6.02;6.03;6.03;6.04;6.05;6.06;6.06;6.07;6.08;6.09;6.09;6.10;6.11;6.11;6.12;6.13;6.14;6.15;6.17;6.18;6.19;6.21;6.23;6.25;6.27;6.29;6.32;6.34;6.37;6.40;6.43;6.46;6.49;6.52;6.56;6.60;6.64;6.68;6.73;;;;;;;;;;;;;;;;;;;;;;;;;;;;
2.400;;;;;;;;;;;;;;;;;;;;;;;;;;;;;;;;;;;7.30;7.26;7.20;7.15;7.09;7.03;6.97;6.91;6.85;6.79;6.74;6.68;6.62;6.57;6.52;6.47;6.43;6.39;6.35;6.31;6.27;6.24;6.20;6.17;6.15;6.12;6.10;6.07;6.05;6.04;6.02;6.01;6.00;5.99;5.99;5.98;5.98;5.99;5.99;5.99;6.00;6.01;6.02;6.02;6.03;6.04;6.05;6.06;6.07;6.08;6.08;6.09;6.10;6.10;6.11;6.12;6.13;6.14;6.15;6.16;6.17;6.19;6.20;6.22;6.24;6.26;6.28;6.30;6.32;6.35;6.38;6.40;6.43;6.46;6.49;6.53;6.56;6.60;6.64;6.69;6.74;;;;;;;;;;;;;;;;;;;;;;;;;;;
2.300;;;;;;;;;;;;;;;;;;;;;;;;;;;;;;;;;;7.33;7.28;7.23;7.17;7.12;7.06;6.99;6.93;6.87;6.81;6.75;6.69;6.63;6.58;6.52;6.47;6.43;6.38;6.34;6.30;6.26;6.22;6.19;6.16;6.13;6.11;6.08;6.06;6.04;6.02;6.01;5.99;5.98;5.97;5.97;5.97;5.96;5.97;5.97;5.97;5.98;5.99;6.00;6.01;6.02;6.03;6.04;6.05;6.06;6.07;6.08;6.08;6.09;6.10;6.11;6.11;6.12;6.13;6.14;6.15;6.16;6.17;6.18;6.20;6.21;6.23;6.25;6.27;6.29;6.31;6.34;6.36;6.39;6.41;6.44;6.47;6.50;6.53;6.57;6.61;6.65;6.69;6.74;;;;;;;;;;;;;;;;;;;;;;;;;;
2.200;;;;;;;;;;;;;;;;;;;;;;;;;;;;;;;;;;7.31;7.26;7.20;7.14;7.08;7.02;6.96;6.89;6.83;6.76;6.70;6.64;6.58;6.53;6.48;6.43;6.38;6.33;6.29;6.25;6.22;6.18;6.15;6.12;6.10;6.07;6.05;6.03;6.01;5.99;5.98;5.97;5.96;5.95;5.95;5.95;5.95;5.95;5.96;5.96;5.97;5.98;5.99;6.01;6.02;6.03;6.04;6.05;6.06;6.07;6.08;6.09;6.09;6.10;6.11;6.12;6.12;6.13;6.14;6.15;6.16;6.17;6.18;6.20;6.21;6.23;6.24;6.26;6.28;6.30;6.32;6.35;6.37;6.40;6.42;6.45;6.48;6.51;6.54;6.57;6.61;6.65;6.70;6.75;;;;;;;;;;;;;;;;;;;;;;;;;
2.100;;;;;;;;;;;;;;;;;;;;;;;;;;;;;;;;;7.33;7.28;7.23;7.17;7.11;7.05;6.98;6.92;6.85;6.79;6.72;6.66;6.60;6.54;6.49;6.43;6.38;6.34;6.29;6.25;6.22;6.18;6.15;6.12;6.09;6.07;6.04;6.02;6.00;5.99;5.97;5.96;5.95;5.94;5.94;5.94;5.94;5.94;5.94;5.95;5.96;5.97;5.98;5.99;6.00;6.02;6.03;6.04;6.05;6.06;6.07;6.08;6.09;6.10;6.11;6.11;6.12;6.13;6.13;6.14;6.15;6.16;6.17;6.18;6.20;6.21;6.23;6.24;6.26;6.28;6.30;6.32;6.34;6.36;6.38;6.41;6.43;6.46;6.48;6.51;6.55;6.58;6.62;6.66;6.71;;;;;;;;;;;;;;;;;;;;;;;;;
2.000;;;;;;;;;;;;;;;;;;;;;;;;;;;;;;;;7.35;7.30;7.25;7.20;7.14;7.07;7.01;6.94;6.88;6.81;6.74;6.68;6.62;6.56;6.50;6.45;6.39;6.35;6.30;6.26;6.22;6.18;6.15;6.12;6.09;6.07;6.04;6.02;6.00;5.99;5.97;5.96;5.95;5.94;5.93;5.93;5.93;5.93;5.93;5.94;5.94;5.95;5.96;5.98;5.99;6.01;6.02;6.03;6.05;6.06;6.07;6.08;6.09;6.10;6.11;6.11;6.12;6.13;6.13;6.14;6.15;6.16;6.17;6.18;6.19;6.20;6.21;6.23;6.24;6.26;6.28;6.29;6.31;6.33;6.35;6.37;6.39;6.42;6.44;6.47;6.49;6.52;6.55;6.59;6.63;6.68;6.73;;;;;;;;;;;;;;;;;;;;;;;;
1.900;;;;;;;;;;;;;;;;;;;;;;;;;;;;;;;7.36;7.32;7.27;7.22;7.16;7.10;7.04;6.97;6.90;6.84;6.77;6.71;6.64;6.58;6.52;6.46;6.41;6.36;6.31;6.27;6.23;6.19;6.16;6.12;6.10;6.07;6.05;6.03;6.01;5.99;5.97;5.96;5.95;5.94;5.93;5.92;5.92;5.92;5.92;5.93;5.93;5.94;5.95;5.96;5.98;5.99;6.01;6.02;6.04;6.05;6.07;6.08;6.09;6.10;6.11;6.11;6.12;6.13;6.14;6.14;6.15;6.16;6.16;6.17;6.18;6.19;6.21;6.22;6.23;6.25;6.26;6.28;6.29;6.31;6.33;6.35;6.37;6.38;6.40;6.43;6.45;6.47;6.50;6.53;6.56;6.60;6.65;6.69;6.75;;;;;;;;;;;;;;;;;;;;;;;
1.800;;;;;;;;;;;;;;;;;;;;;;;;;;;;;;;7.33;7.29;7.24;7.18;7.13;7.06;7.00;6.93;6.87;6.80;6.73;6.67;6.60;6.54;6.48;6.43;6.38;6.33;6.28;6.24;6.20;6.17;6.13;6.10;6.08;6.05;6.03;6.01;6.00;5.98;5.97;5.96;5.95;5.94;5.93;5.92;5.92;5.92;5.92;5.93;5.93;5.94;5.95;5.97;5.98;6.00;6.01;6.03;6.04;6.06;6.07;6.09;6.10;6.11;6.12;6.12;6.13;6.14;6.14;6.15;6.16;6.16;6.17;6.18;6.19;6.20;6.21;6.22;6.24;6.25;6.27;6.28;6.30;6.31;6.33;6.34;6.36;6.38;6.40;6.42;6.44;6.46;6.48;6.51;6.54;6.58;6.62;6.66;6.72;;;;;;;;;;;;;;;;;;;;;;;
1.700;;;;;;;;;;;;;;;;;;;;;;;;;;;;;;7.34;7.30;7.25;7.20;7.15;7.09;7.03;6.96;6.90;6.83;6.76;6.70;6.63;6.57;6.51;6.45;6.40;6.35;6.30;6.26;6.22;6.18;6.15;6.12;6.09;6.07;6.05;6.03;6.01;6.00;5.98;5.97;5.96;5.95;5.94;5.93;5.93;5.92;5.92;5.93;5.93;5.94;5.95;5.96;5.97;5.99;6.00;6.02;6.04;6.05;6.07;6.08;6.09;6.11;6.12;6.13;6.13;6.14;6.15;6.15;6.16;6.17;6.17;6.18;6.19;6.20;6.21;6.22;6.23;6.24;6.26;6.27;6.29;6.30;6.31;6.33;6.34;6.36;6.37;6.39;6.41;6.43;6.45;6.47;6.49;6.52;6.55;6.59;6.64;6.69;6.74;;;;;;;;;;;;;;;;;;;;;;
1.600;;;;;;;;;;;;;;;;;;;;;;;;;;;;;;7.30;7.26;7.22;7.17;7.11;7.05;6.99;6.92;6.86;6.79;6.73;6.66;6.60;6.54;6.48;6.42;6.37;6.32;6.28;6.24;6.20;6.16;6.13;6.11;6.08;6.06;6.04;6.03;6.01;6.00;5.99;5.98;5.97;5.96;5.95;5.94;5.94;5.93;5.93;5.93;5.94;5.94;5.95;5.96;5.98;5.99;6.01;6.03;6.04;6.06;6.08;6.09;6.10;6.12;6.13;6.14;6.14;6.15;6.16;6.16;6.17;6.18;6.18;6.19;6.20;6.21;6.22;6.23;6.24;6.25;6.26;6.28;6.29;6.30;6.32;6.33;6.35;6.36;6.37;6.39;6.40;6.42;6.44;6.46;6.48;6.51;6.54;6.57;6.61;6.66;6.71;;;;;;;;;;;;;;;;;;;;;;
1.500;;;;;;;;;;;;;;;;;;;;;;;;;;;;;7.30;7.27;7.22;7.18;7.13;7.07;7.01;6.95;6.89;6.82;6.75;6.69;6.63;6.56;6.51;6.45;6.40;6.35;6.30;6.26;6.22;6.18;6.15;6.13;6.10;6.08;6.06;6.05;6.03;6.02;6.01;6.00;5.99;5.98;5.97;5.97;5.96;5.95;5.95;5.94;5.94;5.95;5.95;5.96;5.97;5.98;6.00;6.02;6.03;6.05;6.07;6.09;6.10;6.11;6.13;6.14;6.15;6.15;6.16;6.17;6.17;6.18;6.19;6.19;6.20;6.21;6.22;6.23;6.24;6.25;6.26;6.27;6.29;6.30;6.31;6.32;6.34;6.35;6.36;6.37;6.39;6.40;6.41;6.43;6.45;6.47;6.49;6.52;6.55;6.59;6.63;6.69;6.75;;;;;;;;;;;;;;;;;;;;;
1.400;;;;;;;;;;;;;;;;;;;;;;;;;;;;;7.27;7.23;7.19;7.14;7.09;7.03;6.97;6.91;6.85;6.78;6.72;6.66;6.60;6.54;6.48;6.42;6.37;6.33;6.28;6.24;6.21;6.18;6.15;6.12;6.10;6.08;6.07;6.06;6.05;6.04;6.03;6.02;6.01;6.01;6.00;5.99;5.98;5.97;5.97;5.96;5.96;5.96;5.96;5.97;5.98;5.99;6.01;6.03;6.04;6.06;6.08;6.10;6.11;6.13;6.14;6.15;6.16;6.16;6.17;6.18;6.18;6.19;6.20;6.20;6.21;6.22;6.23;6.24;6.25;6.26;6.27;6.28;6.29;6.31;6.32;6.33;6.34;6.35;6.36;6.38;6.39;6.40;6.41;6.42;6.44;6.46;6.48;6.50;6.53;6.57;6.61;6.66;6.72;;;;;;;;;;;;;;;;;;;;;
1.300;;;;;;;;;;;;;;;;;;;;;;;;;;;;7.26;7.23;7.19;7.15;7.10;7.05;6.99;6.94;6.88;6.81;6.75;6.69;6.63;6.57;6.51;6.45;6.40;6.35;6.31;6.27;6.23;6.20;6.17;6.15;6.12;6.11;6.09;6.08;6.07;6.07;6.06;6.05;6.05;6.04;6.04;6.03;6.02;6.01;6.00;5.99;5.98;5.98;5.97;5.97;5.98;5.99;6.00;6.02;6.03;6.05;6.07;6.09;6.11;6.12;6.14;6.15;6.16;6.17;6.18;6.18;6.19;6.19;6.20;6.21;6.21;6.22;6.23;6.24;6.25;6.26;6.27;6.28;6.29;6.30;6.31;6.33;6.34;6.35;6.36;6.37;6.38;6.39;6.40;6.41;6.42;6.43;6.45;6.47;6.49;6.52;6.55;6.59;6.64;6.70;;;;;;;;;;;;;;;;;;;;;
1.200;;;;;;;;;;;;;;;;;;;;;;;;;;;;7.23;7.19;7.16;7.11;7.06;7.01;6.96;6.90;6.84;6.78;6.72;6.66;6.60;6.54;6.48;6.43;6.38;6.34;6.29;6.26;6.22;6.19;6.17;6.15;6.13;6.12;6.11;6.10;6.09;6.09;6.09;6.08;6.08;6.08;6.07;6.07;6.06;6.05;6.03;6.02;6.01;6.00;5.99;5.99;5.99;6.00;6.01;6.02;6.04;6.06;6.08;6.10;6.12;6.13;6.15;6.16;6.17;6.18;6.19;6.19;6.20;6.20;6.21;6.22;6.22;6.23;6.24;6.25;6.26;6.27;6.28;6.29;6.30;6.31;6.32;6.33;6.34;6.36;6.36;6.37;6.38;6.39;6.40;6.41;6.42;6.43;6.44;6.46;6.48;6.51;6.54;6.58;6.62;6.68;6.75;;;;;;;;;;;;;;;;;;;;
1.100;;;;;;;;;;;;;;;;;;;;;;;;;;;7.22;7.19;7.16;7.12;7.08;7.03;6.98;6.92;6.86;6.81;6.75;6.69;6.63;6.57;6.52;6.46;6.41;6.37;6.32;6.28;6.25;6.22;6.19;6.17;6.15;6.14;6.13;6.12;6.12;6.12;6.12;6.12;6.12;6.12;6.12;6.12;6.11;6.10;6.09;6.07;6.06;6.04;6.02;6.01;6.00;6.00;6.01;6.02;6.03;6.05;6.07;6.09;6.11;6.13;6.15;6.16;6.17;6.18;6.19;6.20;6.20;6.21;6.21;6.22;6.22;6.23;6.24;6.25;6.25;6.26;6.27;6.29;6.30;6.31;6.32;6.33;6.34;6.35;6.36;6.37;6.38;6.39;6.40;6.40;6.41;6.42;6.43;6.44;6.46;6.47;6.50;6.53;6.56;6.61;6.66;6.72;;;;;;;;;;;;;;;;;;;;
1.000;;;;;;;;;;;;;;;;;;;;;;;;;;;7.19;7.16;7.13;7.09;7.04;6.99;6.94;6.89;6.83;6.77;6.72;6.66;6.60;6.55;6.49;6.44;6.40;6.35;6.31;6.28;6.24;6.22;6.19;6.18;6.16;6.15;6.15;6.14;6.14;6.15;6.15;6.16;6.16;6.16;6.17;6.16;6.16;6.15;6.14;6.12;6.10;6.07;6.05;6.03;6.02;6.01;6.02;6.03;6.04;6.06;6.08;6.11;6.13;6.14;6.16;6.17;6.19;6.20;6.20;6.21;6.21;6.22;6.22;6.23;6.23;6.24;6.25;6.25;6.26;6.27;6.28;6.29;6.30;6.32;6.33;6.34;6.35;6.36;6.37;6.38;6.39;6.39;6.40;6.41;6.41;6.42;6.43;6.44;6.45;6.47;6.49;6.52;6.55;6.59;6.64;6.71;;;;;;;;;;;;;;;;;;;;
0.900;;;;;;;;;;;;;;;;;;;;;;;;;;;7.16;7.13;7.09;7.05;7.01;6.96;6.91;6.86;6.80;6.74;6.69;6.63;6.58;6.52;6.47;6.43;6.38;6.34;6.30;6.27;6.24;6.22;6.20;6.18;6.17;6.17;6.16;6.17;6.17;6.18;6.19;6.19;6.20;6.21;6.22;6.22;6.22;6.21;6.19;6.17;6.14;6.11;6.08;6.06;6.04;6.03;6.02;6.03;6.05;6.07;6.10;6.12;6.14;6.16;6.18;6.19;6.20;6.21;6.22;6.22;6.22;6.23;6.23;6.24;6.24;6.25;6.25;6.26;6.27;6.28;6.29;6.30;6.31;6.32;6.34;6.35;6.36;6.37;6.38;6.39;6.39;6.40;6.41;6.41;6.42;6.42;6.43;6.44;6.45;6.46;6.48;6.51;6.54;6.58;6.63;6.69;6.76;;;;;;;;;;;;;;;;;;;
0.800;;;;;;;;;;;;;;;;;;;;;;;;;;7.17;7.14;7.10;7.06;7.02;6.98;6.93;6.88;6.83;6.77;6.72;6.66;6.61;6.56;6.51;6.46;6.41;6.37;6.33;6.30;6.27;6.24;6.22;6.20;6.19;6.19;6.18;6.19;6.19;6.20;6.21;6.22;6.24;6.25;6.26;6.27;6.28;6.28;6.27;6.25;6.23;6.20;6.16;6.12;6.08;6.05;6.04;6.03;6.04;6.06;6.09;6.11;6.14;6.16;6.18;6.20;6.21;6.22;6.22;6.23;6.23;6.24;6.24;6.24;6.24;6.25;6.25;6.26;6.27;6.28;6.29;6.30;6.31;6.32;6.33;6.34;6.36;6.37;6.38;6.39;6.39;6.40;6.41;6.41;6.42;6.42;6.42;6.43;6.44;6.45;6.46;6.48;6.50;6.53;6.57;6.62;6.67;6.74;;;;;;;;;;;;;;;;;;;
0.700;;;;;;;;;;;;;;;;;;;;;;;;;;7.14;7.11;7.07;7.04;6.99;6.95;6.90;6.85;6.80;6.75;6.69;6.64;6.59;6.54;6.49;6.44;6.40;6.36;6.32;6.29;6.27;6.24;6.23;6.21;6.20;6.20;6.20;6.21;6.22;6.23;6.24;6.26;6.28;6.30;6.31;6.33;6.34;6.34;6.34;6.32;6.30;6.26;6.21;6.16;6.11;6.07;6.04;6.04;6.05;6.08;6.10;6.13;6.16;6.18;6.20;6.22;6.23;6.24;6.24;6.24;6.25;6.25;6.25;6.25;6.25;6.25;6.26;6.27;6.27;6.28;6.29;6.30;6.31;6.33;6.34;6.35;6.36;6.37;6.38;6.39;6.40;6.41;6.41;6.42;6.42;6.42;6.43;6.43;6.44;6.45;6.46;6.48;6.50;6.53;6.56;6.61;6.66;6.73;;;;;;;;;;;;;;;;;;;
0.600;;;;;;;;;;;;;;;;;;;;;;;;;;7.12;7.09;7.05;7.01;6.97;6.92;6.87;6.82;6.77;6.72;6.67;6.62;6.57;6.52;6.48;6.43;6.39;6.35;6.32;6.29;6.27;6.25;6.23;6.22;6.22;6.22;6.22;6.23;6.24;6.26;6.27;6.30;6.32;6.34;6.36;6.38;6.40;6.41;6.41;6.40;6.37;6.33;6.27;6.21;6.14;6.08;6.05;6.05;6.06;6.09;6.13;6.16;6.19;6.21;6.23;6.25;6.25;6.26;6.26;6.26;6.26;6.26;6.26;6.26;6.26;6.26;6.26;6.27;6.28;6.29;6.30;6.31;6.32;6.33;6.34;6.36;6.37;6.38;6.39;6.40;6.41;6.41;6.42;6.42;6.43;6.43;6.43;6.43;6.44;6.45;6.46;6.47;6.49;6.52;6.55;6.60;6.65;6.72;6.80;;;;;;;;;;;;;;;;;;
0.500;;;;;;;;;;;;;;;;;;;;;;;;;;7.10;7.07;7.03;6.99;6.94;6.90;6.85;6.80;6.75;6.70;6.65;6.60;6.55;6.51;6.46;6.42;6.38;6.35;6.32;6.29;6.27;6.25;6.24;6.23;6.23;6.23;6.24;6.25;6.26;6.28;6.30;6.33;6.36;6.38;6.41;6.43;6.46;6.47;6.48;6.48;6.45;6.41;6.35;6.27;6.17;6.10;6.06;6.06;6.08;6.12;6.16;6.20;6.23;6.25;6.27;6.28;6.28;6.28;6.28;6.28;6.27;6.27;6.27;6.27;6.27;6.27;6.27;6.27;6.28;6.29;6.30;6.31;6.32;6.34;6.35;6.36;6.37;6.39;6.40;6.41;6.42;6.42;6.43;6.43;6.43;6.43;6.44;6.44;6.44;6.45;6.46;6.47;6.49;6.52;6.55;6.59;6.64;6.71;6.78;;;;;;;;;;;;;;;;;;
0.400;;;;;;;;;;;;;;;;;;;;;;;;;;7.09;7.05;7.01;6.97;6.92;6.88;6.83;6.78;6.73;6.68;6.64;6.59;6.54;6.50;6.45;6.41;6.38;6.35;6.32;6.29;6.27;6.26;6.25;6.24;6.24;6.25;6.26;6.27;6.29;6.31;6.33;6.36;6.39;6.42;6.45;6.48;6.51;6.53;6.55;6.55;6.54;6.51;6.44;6.34;6.22;6.11;6.06;6.07;6.11;6.17;6.22;6.25;6.28;6.30;6.31;6.31;6.31;6.31;6.30;6.30;6.29;6.28;6.28;6.27;6.27;6.27;6.27;6.28;6.28;6.29;6.30;6.31;6.33;6.34;6.35;6.37;6.38;6.39;6.40;6.41;6.42;6.43;6.43;6.44;6.44;6.44;6.44;6.44;6.45;6.45;6.46;6.47;6.49;6.51;6.54;6.58;6.63;6.70;6.77;;;;;;;;;;;;;;;;;;
0.300;;;;;;;;;;;;;;;;;;;;;;;;;7.11;7.07;7.03;6.99;6.95;6.90;6.86;6.81;6.76;6.72;6.67;6.62;6.58;6.53;6.49;6.45;6.41;6.38;6.35;6.32;6.30;6.28;6.27;6.26;6.25;6.26;6.26;6.27;6.29;6.31;6.33;6.36;6.38;6.41;6.45;6.48;6.51;6.55;6.57;6.60;6.62;6.62;6.60;6.55;6.44;6.28;6.12;6.07;6.10;6.17;6.24;6.29;6.32;6.34;6.35;6.35;6.35;6.34;6.33;6.32;6.31;6.30;6.29;6.29;6.28;6.28;6.28;6.28;6.28;6.29;6.29;6.30;6.32;6.33;6.34;6.36;6.37;6.38;6.40;6.41;6.42;6.43;6.43;6.44;6.44;6.44;6.45;6.45;6.45;6.45;6.45;6.46;6.47;6.49;6.51;6.54;6.58;6.63;6.69;6.76;;;;;;;;;;;;;;;;;;
0.200;;;;;;;;;;;;;;;;;;;;;;;;;7.10;7.06;7.02;6.97;6.93;6.89;6.84;6.80;6.75;6.70;6.66;6.61;6.57;6.52;6.48;6.44;6.41;6.38;6.35;6.32;6.30;6.29;6.27;6.27;6.27;6.27;6.28;6.29;6.30;6.32;6.35;6.37;6.40;6.44;6.47;6.50;6.54;6.57;6.60;6.63;6.66;6.68;6.68;6.66;6.58;6.38;6.13;6.09;6.18;6.28;6.35;6.39;6.41;6.41;6.41;6.40;6.39;6.38;6.36;6.35;6.33;6.32;6.30;6.29;6.29;6.28;6.28;6.28;6.28;6.29;6.29;6.30;6.32;6.33;6.34;6.36;6.37;6.39;6.40;6.41;6.42;6.43;6.44;6.45;6.45;6.45;6.45;6.45;6.45;6.45;6.46;6.46;6.47;6.49;6.51;6.54;6.58;6.62;6.68;6.76;;;;;;;;;;;;;;;;;;
0.100;;;;;;;;;;;;;;;;;;;;;;;;;7.09;7.05;7.01;6.96;6.92;6.88;6.83;6.78;6.74;6.69;6.65;6.60;6.56;6.52;6.48;6.44;6.41;6.38;6.35;6.33;6.31;6.29;6.28;6.28;6.28;6.28;6.29;6.30;6.32;6.34;6.36;6.39;6.42;6.45;6.48;6.51;6.54;6.58;6.61;6.64;6.67;6.69;6.71;6.73;6.72;6.58;6.14;6.21;6.38;6.45;6.49;6.50;6.49;6.48;6.47;6.45;6.43;6.41;6.38;6.36;6.34;6.33;6.31;6.30;6.29;6.28;6.28;6.28;6.28;6.29;6.29;6.30;6.32;6.33;6.34;6.36;6.38;6.39;6.40;6.42;6.43;6.44;6.45;6.45;6.45;6.46;6.46;6.46;6.46;6.46;6.46;6.47;6.47;6.49;6.51;6.54;6.57;6.62;6.68;6.75;;;;;;;;;;;;;;;;;;
0.000;;;;;;;;;;;;;;;;;;;;;;;;;7.09;7.04;7.00;6.95;6.91;6.86;6.82;6.77;6.73;6.68;6.64;6.60;6.55;6.51;6.48;6.44;6.41;6.38;6.35;6.33;6.32;6.30;6.29;6.29;6.29;6.29;6.30;6.32;6.33;6.35;6.37;6.40;6.43;6.45;6.48;6.51;6.54;6.57;6.59;6.62;6.64;6.65;6.67;6.68;6.68;6.68;6.41;6.67;6.66;6.64;6.62;6.60;6.57;6.54;6.52;6.49;6.46;6.43;6.40;6.38;6.36;6.33;6.32;6.30;6.29;6.28;6.28;6.28;6.28;6.28;6.29;6.30;6.32;6.33;6.34;6.36;6.38;6.39;6.41;6.42;6.43;6.44;6.45;6.46;6.46;6.46;6.46;6.46;6.46;6.46;6.46;6.47;6.48;6.49;6.51;6.54;6.57;6.62;6.68;6.75;;;;;;;;;;;;;;;;;;
-0.100;;;;;;;;;;;;;;;;;;;;;;;;;7.08;7.04;6.99;6.95;6.90;6.86;6.81;6.77;6.72;6.68;6.64;6.59;6.55;6.51;6.48;6.44;6.41;6.38;6.36;6.34;6.32;6.31;6.30;6.30;6.30;6.31;6.32;6.33;6.34;6.36;6.38;6.41;6.43;6.45;6.48;6.50;6.53;6.55;6.56;6.57;6.58;6.57;6.55;6.50;6.42;6.23;6.15;6.59;6.71;6.71;6.68;6.65;6.62;6.58;6.55;6.51;6.48;6.45;6.42;6.39;6.36;6.34;6.32;6.30;6.29;6.28;6.28;6.27;6.28;6.28;6.29;6.30;6.31;6.33;6.34;6.36;6.38;6.39;6.41;6.42;6.44;6.45;6.46;6.46;6.47;6.47;6.47;6.47;6.47;6.47;6.47;6.47;6.48;6.49;6.51;6.54;6.57;6.62;6.68;6.75;6.83;;;;;;;;;;;;;;;;;
-0.200;;;;;;;;;;;;;;;;;;;;;;;;;7.08;7.03;6.99;6.94;6.90;6.85;6.81;6.76;6.72;6.68;6.63;6.59;6.55;6.51;6.48;6.45;6.42;6.39;6.37;6.35;6.33;6.32;6.32;6.31;6.31;6.32;6.33;6.34;6.35;6.37;6.39;6.41;6.43;6.45;6.47;6.49;6.50;6.51;6.52;6.52;6.50;6.47;6.42;6.34;6.23;6.12;6.15;6.40;6.59;6.66;6.67;6.66;6.63;6.60;6.56;6.52;6.49;6.45;6.42;6.39;6.36;6.34;6.32;6.30;6.29;6.28;6.27;6.27;6.27;6.28;6.29;6.30;6.31;6.33;6.34;6.36;6.38;6.40;6.41;6.43;6.44;6.45;6.46;6.47;6.47;6.47;6.47;6.47;6.47;6.47;6.47;6.48;6.48;6.50;6.51;6.54;6.57;6.62;6.68;6.75;6.83;;;;;;;;;;;;;;;;;
-0.300;;;;;;;;;;;;;;;;;;;;;;;;;7.08;7.03;6.98;6.94;6.89;6.85;6.80;6.76;6.72;6.67;6.63;6.59;6.55;6.52;6.48;6.45;6.42;6.40;6.38;6.36;6.34;6.33;6.33;6.32;6.32;6.33;6.34;6.35;6.36;6.38;6.39;6.41;6.43;6.44;6.46;6.47;6.48;6.48;6.47;6.46;6.43;6.39;6.32;6.24;6.16;6.11;6.15;6.31;6.46;6.56;6.61;6.61;6.60;6.58;6.55;6.52;6.48;6.45;6.41;6.38;6.36;6.33;6.31;6.29;6.28;6.27;6.27;6.26;6.27;6.27;6.28;6.29;6.31;6.32;6.34;6.36;6.38;6.40;6.41;6.43;6.44;6.45;6.46;6.47;6.47;6.48;6.48;6.48;6.48;6.47;6.48;6.48;6.49;6.50;6.52;6.54;6.58;6.62;6.68;6.75;6.83;;;;;;;;;;;;;;;;;
-0.400;;;;;;;;;;;;;;;;;;;;;;;;;7.08;7.03;6.98;6.94;6.89;6.85;6.80;6.76;6.72;6.67;6.63;6.59;6.56;6.52;6.49;6.46;6.43;6.41;6.39;6.37;6.35;6.34;6.34;6.34;6.34;6.34;6.35;6.36;6.37;6.38;6.40;6.41;6.42;6.44;6.44;6.45;6.45;6.44;6.43;6.40;6.37;6.32;6.26;6.19;6.13;6.11;6.15;6.25;6.37;6.46;6.53;6.55;6.55;6.54;6.52;6.49;6.46;6.43;6.40;6.37;6.35;6.32;6.30;6.28;6.27;6.26;6.26;6.26;6.26;6.27;6.28;6.29;6.30;6.32;6.34;6.36;6.38;6.40;6.41;6.43;6.44;6.46;6.47;6.47;6.48;6.48;6.48;6.48;6.48;6.48;6.48;6.48;6.49;6.50;6.52;6.55;6.58;6.62;6.68;6.75;6.83;;;;;;;;;;;;;;;;;
-0.500;;;;;;;;;;;;;;;;;;;;;;;;;7.08;7.03;6.98;6.94;6.89;6.85;6.80;6.76;6.72;6.68;6.64;6.60;6.56;6.53;6.49;6.47;6.44;6.42;6.39;6.38;6.36;6.36;6.35;6.35;6.35;6.35;6.36;6.36;6.37;6.39;6.40;6.41;6.42;6.43;6.43;6.43;6.42;6.41;6.39;6.36;6.32;6.27;6.22;6.17;6.13;6.12;6.15;6.22;6.31;6.39;6.45;6.48;6.49;6.49;6.48;6.46;6.43;6.41;6.38;6.35;6.33;6.31;6.29;6.27;6.26;6.25;6.25;6.25;6.25;6.26;6.27;6.28;6.30;6.32;6.34;6.36;6.38;6.39;6.41;6.43;6.44;6.46;6.47;6.48;6.48;6.48;6.48;6.48;6.48;6.48;6.48;6.49;6.49;6.51;6.52;6.55;6.58;6.63;6.68;6.75;6.84;;;;;;;;;;;;;;;;;
-0.600;;;;;;;;;;;;;;;;;;;;;;;;;7.09;7.03;6.99;6.94;6.89;6.85;6.80;6.76;6.72;6.68;6.64;6.60;6.57;6.53;6.50;6.47;6.45;6.42;6.40;6.39;6.38;6.37;6.36;6.36;6.36;6.36;6.36;6.37;6.38;6.39;6.40;6.41;6.41;6.42;6.42;6.41;6.40;6.39;6.36;6.33;6.29;6.24;6.20;6.16;6.13;6.12;6.14;6.19;6.26;6.32;6.38;6.41;6.43;6.44;6.43;6.42;6.40;6.38;6.35;6.33;6.31;6.29;6.27;6.26;6.25;6.24;6.24;6.24;6.24;6.25;6.26;6.28;6.29;6.31;6.33;6.35;6.37;6.39;6.41;6.43;6.45;6.46;6.47;6.48;6.48;6.49;6.49;6.49;6.49;6.48;6.49;6.49;6.50;6.51;6.53;6.55;6.59;6.63;6.69;6.76;6.84;;;;;;;;;;;;;;;;;
-0.700;;;;;;;;;;;;;;;;;;;;;;;;;7.09;7.04;6.99;6.94;6.90;6.85;6.81;6.76;6.72;6.68;6.64;6.61;6.57;6.54;6.51;6.48;6.46;6.43;6.41;6.40;6.39;6.38;6.37;6.37;6.37;6.37;6.37;6.38;6.38;6.39;6.40;6.40;6.41;6.41;6.40;6.40;6.38;6.36;6.34;6.31;6.27;6.23;6.19;6.15;6.13;6.12;6.14;6.17;6.22;6.27;6.31;6.35;6.37;6.38;6.38;6.37;6.36;6.34;6.32;6.30;6.28;6.27;6.25;6.24;6.23;6.23;6.23;6.23;6.24;6.24;6.26;6.27;6.29;6.31;6.33;6.35;6.37;6.39;6.41;6.43;6.45;6.46;6.47;6.48;6.48;6.49;6.49;6.49;6.49;6.49;6.49;6.49;6.50;6.51;6.53;6.56;6.59;6.64;6.69;6.77;6.85;;;;;;;;;;;;;;;;;
-0.800;;;;;;;;;;;;;;;;;;;;;;;;;7.10;7.04;6.99;6.95;6.90;6.85;6.81;6.77;6.73;6.69;6.65;6.61;6.58;6.55;6.52;6.49;6.46;6.44;6.42;6.41;6.40;6.39;6.38;6.38;6.37;6.38;6.38;6.38;6.39;6.39;6.40;6.40;6.40;6.40;6.39;6.38;6.37;6.35;6.32;6.29;6.25;6.22;6.18;6.15;6.13;6.12;6.13;6.16;6.19;6.23;6.26;6.29;6.31;6.32;6.33;6.32;6.32;6.30;6.29;6.27;6.26;6.24;6.23;6.22;6.22;6.21;6.22;6.22;6.23;6.24;6.25;6.27;6.28;6.30;6.33;6.35;6.37;6.39;6.41;6.43;6.44;6.46;6.47;6.48;6.48;6.49;6.49;6.49;6.49;6.49;6.49;6.49;6.50;6.52;6.54;6.56;6.60;6.64;6.70;6.77;;;;;;;;;;;;;;;;;;
-0.900;;;;;;;;;;;;;;;;;;;;;;;;;7.10;7.05;7.00;6.95;6.90;6.86;6.82;6.77;6.73;6.69;6.66;6.62;6.59;6.55;6.52;6.50;6.47;6.45;6.43;6.42;6.41;6.40;6.39;6.38;6.38;6.38;6.38;6.39;6.39;6.39;6.40;6.40;6.40;6.39;6.38;6.37;6.35;6.33;6.31;6.28;6.24;6.21;6.17;6.15;6.13;6.12;6.13;6.14;6.16;6.19;6.22;6.24;6.26;6.27;6.28;6.28;6.27;6.27;6.25;6.24;6.23;6.22;6.21;6.21;6.20;6.20;6.20;6.21;6.22;6.23;6.24;6.26;6.28;6.30;6.32;6.34;6.37;6.39;6.41;6.43;6.44;6.46;6.47;6.48;6.48;6.49;6.49;6.49;6.49;6.49;6.49;6.50;6.51;6.52;6.54;6.57;6.61;6.65;6.71;6.78;;;;;;;;;;;;;;;;;;
-1.000;;;;;;;;;;;;;;;;;;;;;;;;;7.11;7.05;7.00;6.96;6.91;6.86;6.82;6.78;6.74;6.70;6.66;6.63;6.59;6.56;6.53;6.51;6.48;6.46;6.44;6.43;6.41;6.40;6.40;6.39;6.39;6.39;6.39;6.39;6.39;6.39;6.39;6.39;6.39;6.38;6.37;6.36;6.34;6.32;6.29;6.27;6.23;6.20;6.17;6.15;6.13;6.12;6.12;6.13;6.14;6.16;6.18;6.20;6.22;6.23;6.24;6.24;6.23;6.23;6.22;6.21;6.21;6.20;6.19;6.19;6.19;6.19;6.19;6.20;6.21;6.22;6.24;6.26;6.28;6.30;6.32;6.34;6.36;6.39;6.41;6.42;6.44;6.45;6.47;6.47;6.48;6.48;6.49;6.49;6.49;6.49;6.49;6.50;6.51;6.52;6.55;6.57;6.61;6.66;6.72;6.80;;;;;;;;;;;;;;;;;;
-1.100;;;;;;;;;;;;;;;;;;;;;;;;;7.12;7.06;7.01;6.96;6.92;6.87;6.83;6.79;6.75;6.71;6.67;6.63;6.60;6.57;6.54;6.51;6.49;6.47;6.45;6.43;6.42;6.41;6.40;6.40;6.39;6.39;6.39;6.39;6.39;6.39;6.39;6.39;6.38;6.38;6.37;6.35;6.33;6.31;6.29;6.26;6.23;6.20;6.17;6.15;6.13;6.12;6.11;6.11;6.12;6.14;6.15;6.17;6.18;6.19;6.20;6.20;6.20;6.20;6.19;6.19;6.18;6.18;6.17;6.17;6.17;6.18;6.18;6.19;6.20;6.22;6.23;6.25;6.27;6.29;6.32;6.34;6.36;6.38;6.40;6.42;6.44;6.45;6.46;6.47;6.48;6.48;6.48;6.48;6.49;6.49;6.49;6.50;6.51;6.53;6.55;6.58;6.62;6.67;6.73;6.81;;;;;;;;;;;;;;;;;;
-1.200;;;;;;;;;;;;;;;;;;;;;;;;;7.12;7.07;7.02;6.97;6.92;6.88;6.83;6.79;6.75;6.71;6.68;6.64;6.61;6.58;6.55;6.52;6.50;6.47;6.46;6.44;6.43;6.41;6.41;6.40;6.40;6.39;6.39;6.39;6.39;6.39;6.39;6.38;6.38;6.37;6.36;6.34;6.32;6.30;6.28;6.25;6.22;6.19;6.17;6.14;6.12;6.11;6.10;6.10;6.11;6.12;6.13;6.14;6.15;6.16;6.16;6.17;6.17;6.17;6.16;6.16;6.16;6.16;6.16;6.16;6.16;6.17;6.18;6.19;6.20;6.21;6.23;6.25;6.27;6.29;6.31;6.34;6.36;6.38;6.40;6.42;6.43;6.45;6.46;6.47;6.47;6.48;6.48;6.48;6.48;6.49;6.49;6.50;6.51;6.53;6.56;6.59;6.63;6.68;6.75;6.83;;;;;;;;;;;;;;;;;;
-1.300;;;;;;;;;;;;;;;;;;;;;;;;;;7.08;7.03;6.98;6.93;6.88;6.84;6.80;6.76;6.72;6.68;6.65;6.61;6.58;6.55;6.53;6.50;6.48;6.46;6.44;6.43;6.42;6.41;6.40;6.40;6.39;6.39;6.39;6.39;6.38;6.38;6.38;6.37;6.36;6.35;6.33;6.31;6.29;6.27;6.24;6.21;6.19;6.16;6.14;6.12;6.11;6.10;6.09;6.09;6.10;6.10;6.11;6.12;6.13;6.13;6.14;6.14;6.14;6.14;6.14;6.14;6.14;6.14;6.15;6.15;6.16;6.17;6.18;6.19;6.21;6.23;6.25;6.27;6.29;6.31;6.33;6.36;6.38;6.40;6.41;6.43;6.44;6.45;6.46;6.47;6.47;6.47;6.48;6.48;6.48;6.49;6.50;6.51;6.53;6.56;6.60;6.64;6.69;6.76;6.85;;;;;;;;;;;;;;;;;;
-1.400;;;;;;;;;;;;;;;;;;;;;;;;;;7.09;7.03;6.99;6.94;6.89;6.85;6.81;6.77;6.73;6.69;6.65;6.62;6.59;6.56;6.53;6.51;6.48;6.46;6.45;6.43;6.42;6.41;6.40;6.40;6.39;6.39;6.38;6.38;6.38;6.37;6.37;6.36;6.35;6.34;6.32;6.30;6.28;6.26;6.23;6.21;6.18;6.16;6.14;6.12;6.10;6.09;6.08;6.08;6.08;6.09;6.09;6.10;6.10;6.11;6.11;6.12;6.12;6.12;6.12;6.13;6.13;6.13;6.14;6.15;6.15;6.17;6.18;6.19;6.21;6.23;6.25;6.27;6.29;6.31;6.33;6.35;6.37;6.39;6.41;6.42;6.43;6.44;6.45;6.46;6.46;6.47;6.47;6.47;6.48;6.49;6.50;6.52;6.54;6.57;6.60;6.65;6.71;6.78;6.87;;;;;;;;;;;;;;;;;;
-1.500;;;;;;;;;;;;;;;;;;;;;;;;;;7.10;7.04;6.99;6.95;6.90;6.86;6.82;6.77;6.74;6.70;6.66;6.63;6.60;6.56;6.54;6.51;6.49;6.47;6.45;6.43;6.42;6.41;6.40;6.39;6.39;6.38;6.38;6.37;6.37;6.36;6.36;6.35;6.34;6.33;6.31;6.29;6.27;6.25;6.23;6.20;6.18;6.15;6.13;6.11;6.10;6.08;6.08;6.07;6.07;6.07;6.08;6.08;6.09;6.09;6.10;6.10;6.10;6.11;6.11;6.12;6.12;6.13;6.13;6.14;6.15;6.16;6.18;6.19;6.21;6.23;6.25;6.27;6.29;6.31;6.33;6.35;6.37;6.39;6.40;6.42;6.43;6.44;6.44;6.45;6.45;6.46;6.46;6.47;6.48;6.49;6.50;6.52;6.54;6.57;6.61;6.66;6.73;6.80;;;;;;;;;;;;;;;;;;;
-1.600;;;;;;;;;;;;;;;;;;;;;;;;;;7.11;7.06;7.01;6.96;6.91;6.87;6.82;6.78;6.74;6.71;6.67;6.63;6.60;6.57;6.54;6.51;6.49;6.47;6.45;6.43;6.42;6.41;6.40;6.39;6.38;6.38;6.37;6.37;6.36;6.35;6.35;6.34;6.33;6.31;6.30;6.28;6.26;6.24;6.22;6.19;6.17;6.15;6.13;6.11;6.09;6.08;6.07;6.07;6.06;6.06;6.06;6.07;6.07;6.08;6.08;6.09;6.09;6.10;6.10;6.11;6.12;6.12;6.13;6.14;6.15;6.16;6.18;6.19;6.21;6.23;6.25;6.27;6.29;6.31;6.33;6.35;6.36;6.38;6.39;6.41;6.42;6.43;6.43;6.44;6.45;6.45;6.46;6.46;6.47;6.48;6.50;6.52;6.55;6.58;6.62;6.68;6.74;6.82;;;;;;;;;;;;;;;;;;;
-1.700;;;;;;;;;;;;;;;;;;;;;;;;;;;7.07;7.02;6.97;6.92;6.88;6.83;6.79;6.75;6.71;6.68;6.64;6.61;6.57;6.55;6.52;6.49;6.47;6.45;6.43;6.42;6.40;6.39;6.38;6.38;6.37;6.36;6.36;6.35;6.34;6.33;6.33;6.31;6.30;6.29;6.27;6.25;6.23;6.21;6.19;6.16;6.14;6.12;6.10;6.09;6.08;6.07;6.06;6.06;6.06;6.06;6.06;6.06;6.07;6.07;6.08;6.09;6.09;6.10;6.11;6.11;6.12;6.13;6.14;6.15;6.17;6.18;6.20;6.21;6.23;6.25;6.27;6.29;6.31;6.32;6.34;6.36;6.37;6.39;6.40;6.41;6.42;6.42;6.43;6.44;6.44;6.45;6.46;6.47;6.48;6.50;6.52;6.55;6.59;6.64;6.69;6.76;6.85;;;;;;;;;;;;;;;;;;;
-1.800;;;;;;;;;;;;;;;;;;;;;;;;;;;7.08;7.03;6.98;6.94;6.89;6.85;6.80;6.76;6.72;6.68;6.65;6.61;6.58;6.55;6.52;6.50;6.47;6.45;6.43;6.41;6.40;6.39;6.38;6.37;6.36;6.35;6.34;6.34;6.33;6.32;6.31;6.30;6.29;6.27;6.26;6.24;6.22;6.20;6.18;6.16;6.14;6.12;6.10;6.09;6.07;6.06;6.06;6.05;6.05;6.05;6.06;6.06;6.06;6.07;6.08;6.08;6.09;6.10;6.11;6.12;6.13;6.14;6.15;6.16;6.17;6.19;6.20;6.22;6.24;6.25;6.27;6.29;6.31;6.32;6.34;6.35;6.37;6.38;6.39;6.40;6.41;6.41;6.42;6.42;6.43;6.44;6.45;6.46;6.48;6.50;6.53;6.56;6.60;6.65;6.71;6.79;;;;;;;;;;;;;;;;;;;;
-1.900;;;;;;;;;;;;;;;;;;;;;;;;;;;7.10;7.05;7.00;6.95;6.90;6.86;6.82;6.77;6.73;6.69;6.66;6.62;6.59;6.55;6.52;6.50;6.47;6.45;6.43;6.41;6.40;6.38;6.37;6.36;6.35;6.34;6.33;6.33;6.32;6.31;6.30;6.29;6.27;6.26;6.24;6.23;6.21;6.19;6.17;6.15;6.13;6.11;6.10;6.08;6.07;6.06;6.06;6.05;6.05;6.05;6.05;6.06;6.06;6.07;6.08;6.08;6.09;6.10;6.11;6.12;6.13;6.14;6.15;6.17;6.18;6.19;6.21;6.22;6.24;6.26;6.27;6.29;6.30;6.32;6.33;6.35;6.36;6.37;6.38;6.39;6.39;6.40;6.41;6.41;6.42;6.43;6.44;6.46;6.48;6.50;6.53;6.57;6.61;6.67;6.74;6.82;;;;;;;;;;;;;;;;;;;;
-2.000;;;;;;;;;;;;;;;;;;;;;;;;;;;;7.06;7.01;6.97;6.92;6.87;6.83;6.79;6.74;6.70;6.66;6.63;6.59;6.56;6.53;6.50;6.47;6.45;6.43;6.41;6.39;6.37;6.36;6.35;6.34;6.33;6.32;6.31;6.30;6.29;6.28;6.27;6.26;6.25;6.23;6.22;6.20;6.18;6.16;6.14;6.13;6.11;6.09;6.08;6.07;6.06;6.06;6.05;6.05;6.05;6.06;6.06;6.07;6.07;6.08;6.09;6.10;6.11;6.12;6.13;6.14;6.15;6.16;6.18;6.19;6.20;6.22;6.23;6.25;6.26;6.28;6.29;6.30;6.32;6.33;6.34;6.35;6.36;6.37;6.37;6.38;6.39;6.39;6.40;6.41;6.42;6.43;6.45;6.47;6.50;6.54;6.58;6.63;6.69;6.76;6.85;;;;;;;;;;;;;;;;;;;;
-2.100;;;;;;;;;;;;;;;;;;;;;;;;;;;;7.09;7.03;6.99;6.94;6.89;6.84;6.80;6.76;6.71;6.67;6.64;6.60;6.56;6.53;6.50;6.47;6.45;6.42;6.40;6.38;6.37;6.35;6.34;6.33;6.32;6.31;6.30;6.29;6.28;6.27;6.26;6.25;6.23;6.22;6.20;6.19;6.17;6.15;6.14;6.12;6.11;6.09;6.08;6.07;6.06;6.06;6.06;6.06;6.06;6.06;6.07;6.07;6.08;6.09;6.10;6.11;6.12;6.13;6.14;6.15;6.16;6.17;6.19;6.20;6.21;6.23;6.24;6.25;6.26;6.28;6.29;6.30;6.31;6.32;6.33;6.34;6.35;6.35;6.36;6.37;6.37;6.38;6.39;6.40;6.41;6.43;6.45;6.47;6.51;6.54;6.59;6.65;6.71;6.79;;;;;;;;;;;;;;;;;;;;;
-2.200;;;;;;;;;;;;;;;;;;;;;;;;;;;;7.11;7.06;7.01;6.96;6.91;6.86;6.82;6.77;6.73;6.69;6.65;6.61;6.57;6.54;6.50;6.47;6.45;6.42;6.40;6.38;6.36;6.35;6.33;6.32;6.31;6.30;6.29;6.28;6.27;6.26;6.24;6.23;6.22;6.21;6.19;6.18;6.16;6.15;6.13;6.12;6.10;6.09;6.08;6.07;6.07;6.06;6.06;6.06;6.06;6.07;6.07;6.08;6.09;6.10;6.11;6.12;6.13;6.14;6.15;6.16;6.17;6.19;6.20;6.21;6.22;6.23;6.25;6.26;6.27;6.28;6.29;6.30;6.31;6.32;6.32;6.33;6.34;6.34;6.35;6.35;6.36;6.37;6.38;6.39;6.41;6.43;6.45;6.48;6.51;6.56;6.61;6.67;6.74;6.83;;;;;;;;;;;;;;;;;;;;;
-2.300;;;;;;;;;;;;;;;;;;;;;;;;;;;;;7.08;7.03;6.98;6.93;6.88;6.84;6.79;6.74;6.70;6.66;6.62;6.58;6.54;6.51;6.48;6.45;6.42;6.40;6.38;6.36;6.34;6.32;6.31;6.30;6.28;6.27;6.26;6.25;6.24;6.23;6.22;6.21;6.20;6.18;6.17;6.16;6.14;6.13;6.12;6.10;6.09;6.08;6.08;6.07;6.07;6.07;6.07;6.07;6.08;6.08;6.09;6.10;6.11;6.12;6.13;6.14;6.15;6.17;6.18;6.19;6.20;6.21;6.22;6.23;6.24;6.25;6.26;6.27;6.28;6.29;6.30;6.30;6.31;6.31;6.32;6.32;6.33;6.34;6.34;6.35;6.36;6.37;6.38;6.40;6.42;6.45;6.48;6.52;6.57;6.63;6.69;6.77;;;;;;;;;;;;;;;;;;;;;;
-2.400;;;;;;;;;;;;;;;;;;;;;;;;;;;;;7.11;7.06;7.01;6.96;6.91;6.86;6.81;6.76;6.72;6.67;6.63;6.59;6.55;6.52;6.48;6.45;6.42;6.40;6.37;6.35;6.33;6.32;6.30;6.29;6.27;6.26;6.25;6.24;6.23;6.22;6.21;6.20;6.19;6.17;6.16;6.15;6.14;6.12;6.11;6.10;6.09;6.09;6.08;6.08;6.08;6.08;6.08;6.08;6.09;6.10;6.10;6.11;6.12;6.13;6.15;6.16;6.17;6.18;6.19;6.20;6.21;6.22;6.23;6.24;6.25;6.26;6.27;6.27;6.28;6.29;6.29;6.30;6.30;6.30;6.31;6.31;6.32;6.32;6.33;6.34;6.35;6.36;6.38;6.40;6.42;6.45;6.49;6.53;6.59;6.65;6.72;6.81;;;;;;;;;;;;;;;;;;;;;;
-2.500;;;;;;;;;;;;;;;;;;;;;;;;;;;;;;7.09;7.04;6.99;6.93;6.88;6.83;6.78;6.73;6.69;6.64;6.60;6.56;6.52;6.49;6.46;6.43;6.40;6.37;6.35;6.33;6.31;6.29;6.28;6.27;6.25;6.24;6.23;6.22;6.21;6.20;6.19;6.18;6.17;6.15;6.14;6.13;6.12;6.11;6.10;6.10;6.09;6.09;6.09;6.08;6.09;6.09;6.09;6.10;6.11;6.12;6.13;6.14;6.15;6.16;6.17;6.18;6.19;6.21;6.22;6.23;6.23;6.24;6.25;6.26;6.26;6.27;6.28;6.28;6.28;6.29;6.29;6.29;6.29;6.30;6.30;6.31;6.31;6.32;6.33;6.34;6.35;6.37;6.40;6.43;6.46;6.50;6.55;6.61;6.68;6.76;;;;;;;;;;;;;;;;;;;;;;;
-2.600;;;;;;;;;;;;;;;;;;;;;;;;;;;;;;7.13;7.07;7.02;6.96;6.91;6.86;6.81;6.76;6.71;6.66;6.62;6.57;6.53;6.50;6.46;6.43;6.40;6.37;6.35;6.33;6.31;6.29;6.27;6.26;6.25;6.23;6.22;6.21;6.20;6.19;6.18;6.17;6.16;6.15;6.14;6.13;6.12;6.11;6.11;6.10;6.10;6.09;6.09;6.09;6.10;6.10;6.11;6.11;6.12;6.13;6.14;6.15;6.16;6.18;6.19;6.20;6.21;6.22;6.23;6.24;6.25;6.25;6.26;6.26;6.27;6.27;6.28;6.28;6.28;6.28;6.28;6.28;6.28;6.29;6.29;6.29;6.30;6.31;6.32;6.33;6.35;6.37;6.40;6.43;6.47;6.52;6.57;6.64;6.72;6.81;;;;;;;;;;;;;;;;;;;;;;;
-2.700;;;;;;;;;;;;;;;;;;;;;;;;;;;;;;;7.11;7.06;7.00;6.94;6.89;6.83;6.78;6.73;6.68;6.64;6.59;6.55;6.51;6.47;6.44;6.41;6.38;6.35;6.33;6.31;6.29;6.27;6.25;6.24;6.23;6.22;6.20;6.19;6.18;6.17;6.16;6.16;6.15;6.14;6.13;6.12;6.12;6.11;6.11;6.10;6.10;6.10;6.10;6.11;6.11;6.12;6.13;6.14;6.15;6.16;6.17;6.18;6.19;6.20;6.21;6.22;6.23;6.24;6.25;6.26;6.26;6.27;6.27;6.27;6.27;6.27;6.28;6.27;6.27;6.27;6.27;6.28;6.28;6.28;6.28;6.29;6.30;6.31;6.33;6.35;6.38;6.41;6.45;6.49;6.54;6.60;6.68;6.76;;;;;;;;;;;;;;;;;;;;;;;;
-2.800;;;;;;;;;;;;;;;;;;;;;;;;;;;;;;;;7.10;7.04;6.98;6.92;6.87;6.81;6.76;6.71;6.66;6.61;6.57;6.52;6.49;6.45;6.42;6.38;6.36;6.33;6.31;6.29;6.27;6.25;6.24;6.22;6.21;6.20;6.19;6.18;6.17;6.16;6.15;6.14;6.14;6.13;6.12;6.12;6.11;6.11;6.11;6.11;6.11;6.11;6.12;6.12;6.13;6.14;6.15;6.16;6.17;6.18;6.19;6.21;6.22;6.23;6.24;6.25;6.25;6.26;6.26;6.27;6.27;6.27;6.27;6.27;6.27;6.27;6.27;6.27;6.27;6.27;6.27;6.27;6.27;6.28;6.29;6.30;6.31;6.33;6.35;6.38;6.42;6.46;6.51;6.57;6.64;6.72;6.81;;;;;;;;;;;;;;;;;;;;;;;;
-2.900;;;;;;;;;;;;;;;;;;;;;;;;;;;;;;;;7.14;7.08;7.02;6.96;6.90;6.84;6.79;6.73;6.68;6.63;6.59;6.54;6.50;6.46;6.43;6.40;6.37;6.34;6.31;6.29;6.27;6.25;6.24;6.22;6.21;6.20;6.19;6.18;6.17;6.16;6.15;6.15;6.14;6.13;6.13;6.12;6.12;6.12;6.12;6.12;6.12;6.13;6.13;6.14;6.15;6.15;6.16;6.17;6.19;6.20;6.21;6.22;6.23;6.24;6.25;6.26;6.26;6.27;6.27;6.27;6.27;6.27;6.27;6.27;6.27;6.27;6.26;6.26;6.26;6.26;6.26;6.26;6.27;6.27;6.28;6.30;6.31;6.34;6.36;6.40;6.44;6.48;6.54;6.60;6.68;6.77;;;;;;;;;;;;;;;;;;;;;;;;;
-3.000;;;;;;;;;;;;;;;;;;;;;;;;;;;;;;;;;7.13;7.07;7.00;6.94;6.88;6.82;6.77;6.71;6.66;6.61;6.56;6.52;6.48;6.44;6.41;6.38;6.35;6.32;6.30;6.28;6.26;6.24;6.23;6.21;6.20;6.19;6.18;6.17;6.16;6.16;6.15;6.14;6.14;6.13;6.13;6.13;6.13;6.13;6.13;6.13;6.14;6.14;6.15;6.16;6.17;6.18;6.19;6.20;6.21;6.22;6.23;6.24;6.25;6.26;6.26;6.27;6.27;6.28;6.28;6.28;6.27;6.27;6.27;6.27;6.26;6.26;6.26;6.25;6.25;6.25;6.26;6.26;6.27;6.28;6.30;6.32;6.35;6.38;6.42;6.46;6.51;6.58;6.65;6.73;;;;;;;;;;;;;;;;;;;;;;;;;;
-3.100;;;;;;;;;;;;;;;;;;;;;;;;;;;;;;;;;;7.12;7.05;6.99;6.92;6.86;6.80;6.75;6.69;6.64;6.59;6.55;6.50;6.46;6.43;6.39;6.36;6.33;6.31;6.29;6.27;6.25;6.23;6.22;6.21;6.20;6.18;6.18;6.17;6.16;6.15;6.15;6.14;6.14;6.14;6.14;6.14;6.14;6.14;6.14;6.15;6.15;6.16;6.17;6.18;6.19;6.20;6.21;6.22;6.23;6.24;6.25;6.26;6.26;6.27;6.27;6.28;6.28;6.28;6.28;6.27;6.27;6.27;6.26;6.26;6.25;6.25;6.25;6.25;6.25;6.25;6.26;6.27;6.29;6.31;6.33;6.36;6.40;6.44;6.49;6.55;6.62;6.70;6.80;;;;;;;;;;;;;;;;;;;;;;;;;;
-3.200;;;;;;;;;;;;;;;;;;;;;;;;;;;;;;;;;;;7.10;7.04;6.97;6.91;6.84;6.78;6.73;6.67;6.62;6.57;6.53;6.49;6.45;6.41;6.38;6.35;6.32;6.30;6.28;6.26;6.24;6.23;6.22;6.20;6.19;6.18;6.18;6.17;6.16;6.16;6.15;6.15;6.15;6.15;6.15;6.15;6.15;6.16;6.16;6.17;6.17;6.18;6.19;6.20;6.21;6.22;6.23;6.24;6.25;6.26;6.26;6.27;6.27;6.28;6.28;6.28;6.28;6.27;6.27;6.27;6.26;6.26;6.25;6.25;6.25;6.25;6.25;6.25;6.26;6.27;6.28;6.30;6.32;6.35;6.38;6.42;6.47;6.53;6.60;6.68;6.77;;;;;;;;;;;;;;;;;;;;;;;;;;;
-3.300;;;;;;;;;;;;;;;;;;;;;;;;;;;;;;;;;;;7.16;7.09;7.02;6.95;6.89;6.83;6.77;6.71;6.65;6.60;6.56;6.51;6.47;6.44;6.40;6.37;6.34;6.32;6.30;6.28;6.26;6.24;6.23;6.22;6.20;6.19;6.19;6.18;6.17;6.17;6.16;6.16;6.16;6.16;6.16;6.16;6.16;6.17;6.17;6.18;6.19;6.19;6.20;6.21;6.22;6.23;6.24;6.25;6.26;6.26;6.27;6.27;6.28;6.28;6.28;6.28;6.28;6.27;6.27;6.26;6.26;6.25;6.25;6.25;6.25;6.25;6.25;6.25;6.26;6.27;6.29;6.31;6.34;6.37;6.41;6.46;6.52;6.58;6.66;6.74;;;;;;;;;;;;;;;;;;;;;;;;;;;;
-3.400;;;;;;;;;;;;;;;;;;;;;;;;;;;;;;;;;;;;7.15;7.08;7.00;6.94;6.87;6.81;6.75;6.69;6.64;6.59;6.54;6.50;6.46;6.43;6.40;6.37;6.34;6.32;6.29;6.28;6.26;6.24;6.23;6.22;6.21;6.20;6.19;6.19;6.18;6.18;6.17;6.17;6.17;6.17;6.17;6.18;6.18;6.18;6.19;6.20;6.20;6.21;6.22;6.23;6.24;6.25;6.25;6.26;6.27;6.27;6.28;6.28;6.28;6.28;6.28;6.27;6.27;6.27;6.26;6.26;6.25;6.25;6.25;6.25;6.25;6.25;6.26;6.27;6.29;6.31;6.34;6.37;6.41;6.45;6.50;6.57;6.64;6.73;;;;;;;;;;;;;;;;;;;;;;;;;;;;;
-3.500;;;;;;;;;;;;;;;;;;;;;;;;;;;;;;;;;;;;;7.14;7.06;6.99;6.92;6.86;6.79;6.73;6.68;6.63;6.58;6.54;6.50;6.46;6.42;6.39;6.36;6.34;6.32;6.30;6.28;6.26;6.25;6.24;6.23;6.22;6.21;6.20;6.20;6.19;6.19;6.19;6.19;6.19;6.19;6.19;6.19;6.20;6.20;6.21;6.21;6.22;6.23;6.24;6.24;6.25;6.26;6.26;6.27;6.27;6.28;6.28;6.28;6.28;6.27;6.27;6.27;6.26;6.26;6.26;6.25;6.25;6.25;6.25;6.26;6.26;6.28;6.29;6.31;6.33;6.37;6.40;6.45;6.50;6.56;6.63;6.72;;;;;;;;;;;;;;;;;;;;;;;;;;;;;;
-3.600;;;;;;;;;;;;;;;;;;;;;;;;;;;;;;;;;;;;;;7.12;7.05;6.98;6.91;6.84;6.78;6.72;6.67;6.62;6.57;6.53;6.49;6.46;6.42;6.39;6.37;6.34;6.32;6.30;6.29;6.27;6.26;6.25;6.24;6.23;6.22;6.22;6.21;6.21;6.20;6.20;6.20;6.20;6.20;6.21;6.21;6.21;6.22;6.23;6.23;6.24;6.24;6.25;6.26;6.26;6.27;6.27;6.27;6.28;6.28;6.28;6.28;6.27;6.27;6.27;6.26;6.26;6.26;6.26;6.26;6.26;6.26;6.27;6.28;6.30;6.31;6.34;6.37;6.40;6.45;6.50;6.56;6.63;6.71;6.81;;;;;;;;;;;;;;;;;;;;;;;;;;;;;;
-3.700;;;;;;;;;;;;;;;;;;;;;;;;;;;;;;;;;;;;;;;7.11;7.03;6.96;6.89;6.83;6.77;6.72;6.66;6.62;6.57;6.53;6.49;6.46;6.43;6.40;6.38;6.35;6.33;6.32;6.30;6.29;6.27;6.26;6.25;6.24;6.24;6.23;6.23;6.22;6.22;6.22;6.22;6.22;6.22;6.22;6.23;6.23;6.24;6.24;6.25;6.25;6.26;6.26;6.27;6.27;6.27;6.28;6.28;6.28;6.28;6.28;6.27;6.27;6.27;6.27;6.26;6.26;6.26;6.27;6.27;6.28;6.29;6.30;6.32;6.35;6.38;6.41;6.45;6.50;6.56;6.63;6.71;6.81;;;;;;;;;;;;;;;;;;;;;;;;;;;;;;;
-3.800;;;;;;;;;;;;;;;;;;;;;;;;;;;;;;;;;;;;;;;;7.09;7.02;6.95;6.88;6.82;6.76;6.71;6.66;6.61;6.57;6.53;6.50;6.47;6.44;6.41;6.39;6.37;6.35;6.33;6.32;6.30;6.29;6.28;6.27;6.26;6.26;6.25;6.25;6.24;6.24;6.24;6.24;6.24;6.24;6.24;6.24;6.25;6.25;6.26;6.26;6.26;6.27;6.27;6.27;6.28;6.28;6.28;6.28;6.28;6.28;6.28;6.27;6.27;6.27;6.27;6.27;6.28;6.28;6.29;6.30;6.32;6.33;6.36;6.39;6.42;6.46;6.51;6.57;6.64;6.72;;;;;;;;;;;;;;;;;;;;;;;;;;;;;;;;;
-3.900;;;;;;;;;;;;;;;;;;;;;;;;;;;;;;;;;;;;;;;;;;7.01;6.94;6.88;6.82;6.76;6.71;6.66;6.62;6.58;6.54;6.51;6.48;6.45;6.43;6.40;6.38;6.36;6.35;6.33;6.32;6.31;6.30;6.29;6.28;6.28;6.27;6.27;6.26;6.26;6.26;6.26;6.26;6.26;6.26;6.26;6.26;6.27;6.27;6.27;6.27;6.28;6.28;6.28;6.28;6.28;6.28;6.28;6.28;6.28;6.28;6.28;6.28;6.29;6.29;6.30;6.30;6.32;6.33;6.35;6.37;6.40;6.44;6.48;6.53;6.59;6.66;6.74;;;;;;;;;;;;;;;;;;;;;;;;;;;;;;;;;;
-4.000;;;;;;;;;;;;;;;;;;;;;;;;;;;;;;;;;;;;;;;;;;;7.00;6.94;6.87;6.82;6.76;6.71;6.67;6.63;6.59;6.55;6.52;6.49;6.47;6.44;6.42;6.40;6.39;6.37;6.36;6.34;6.33;6.32;6.31;6.31;6.30;6.29;6.29;6.28;6.28;6.28;6.28;6.28;6.28;6.28;6.28;6.28;6.28;6.28;6.28;6.28;6.28;6.29;6.29;6.29;6.29;6.29;6.29;6.29;6.29;6.30;6.30;6.31;6.31;6.32;6.34;6.35;6.37;6.40;6.43;6.46;6.50;6.55;6.61;6.68;6.76;;;;;;;;;;;;;;;;;;;;;;;;;;;;;;;;;;;
-4.100;;;;;;;;;;;;;;;;;;;;;;;;;;;;;;;;;;;;;;;;;;;;7.00;6.93;6.87;6.82;6.77;6.72;6.68;6.64;6.60;6.57;6.54;6.51;6.49;6.47;6.45;6.43;6.41;6.40;6.38;6.37;6.36;6.35;6.34;6.33;6.32;6.32;6.31;6.31;6.30;6.30;6.30;6.29;6.29;6.29;6.29;6.29;6.29;6.29;6.29;6.30;6.30;6.30;6.30;6.30;6.30;6.30;6.31;6.31;6.32;6.32;6.33;6.34;6.36;6.37;6.40;6.42;6.45;6.49;6.53;6.58;6.64;6.71;6.80;;;;;;;;;;;;;;;;;;;;;;;;;;;;;;;;;;;;
-4.200;;;;;;;;;;;;;;;;;;;;;;;;;;;;;;;;;;;;;;;;;;;;;;6.94;6.88;6.83;6.78;6.74;6.70;6.66;6.62;6.59;6.57;6.54;6.52;6.49;6.47;6.46;6.44;6.43;6.41;6.40;6.39;6.38;6.37;6.36;6.35;6.34;6.33;6.33;6.32;6.32;6.32;6.31;6.31;6.31;6.31;6.31;6.31;6.31;6.31;6.31;6.31;6.31;6.32;6.32;6.32;6.33;6.34;6.34;6.36;6.37;6.38;6.40;6.43;6.45;6.48;6.52;6.57;6.62;6.68;6.75;;;;;;;;;;;;;;;;;;;;;;;;;;;;;;;;;;;;;;
-4.300;;;;;;;;;;;;;;;;;;;;;;;;;;;;;;;;;;;;;;;;;;;;;;;6.94;6.89;6.84;6.80;6.75;6.72;6.68;6.65;6.62;6.59;6.57;6.55;6.53;6.51;6.49;6.47;6.46;6.44;6.43;6.42;6.41;6.39;6.38;6.38;6.37;6.36;6.35;6.35;6.34;6.34;6.34;6.33;6.33;6.33;6.33;6.33;6.33;6.33;6.33;6.34;6.34;6.35;6.35;6.36;6.37;6.38;6.40;6.41;6.43;6.46;6.49;6.52;6.56;6.61;6.66;6.73;6.80;;;;;;;;;;;;;;;;;;;;;;;;;;;;;;;;;;;;;;;
-4.400;;;;;;;;;;;;;;;;;;;;;;;;;;;;;;;;;;;;;;;;;;;;;;;;;6.90;6.86;6.82;6.78;6.74;6.71;6.68;6.65;6.63;6.60;6.58;6.56;6.54;6.52;6.51;6.49;6.48;6.46;6.45;6.44;6.43;6.42;6.41;6.40;6.39;6.38;6.38;6.37;6.37;6.36;6.36;6.36;6.36;6.36;6.36;6.36;6.36;6.37;6.37;6.38;6.39;6.40;6.41;6.43;6.45;6.47;6.50;6.53;6.57;6.61;6.66;6.72;6.78;;;;;;;;;;;;;;;;;;;;;;;;;;;;;;;;;;;;;;;;;
-4.500;;;;;;;;;;;;;;;;;;;;;;;;;;;;;;;;;;;;;;;;;;;;;;;;;;;6.88;6.84;6.81;6.77;6.74;6.71;6.69;6.66;6.64;6.62;6.60;6.58;6.56;6.55;6.53;6.51;6.50;6.49;6.47;6.46;6.45;6.44;6.43;6.42;6.41;6.41;6.40;6.40;6.39;6.39;6.39;6.39;6.39;6.40;6.40;6.41;6.42;6.43;6.44;6.45;6.47;6.49;6.52;6.54;6.58;6.62;6.66;6.72;6.78;;;;;;;;;;;;;;;;;;;;;;;;;;;;;;;;;;;;;;;;;;;
-4.600;;;;;;;;;;;;;;;;;;;;;;;;;;;;;;;;;;;;;;;;;;;;;;;;;;;;;6.88;6.84;6.81;6.78;6.76;6.73;6.71;6.69;6.66;6.64;6.63;6.61;6.59;6.57;6.56;6.54;6.53;6.51;6.50;6.49;6.48;6.47;6.46;6.45;6.45;6.44;6.44;6.44;6.43;6.44;6.44;6.44;6.45;6.46;6.47;6.48;6.50;6.52;6.54;6.57;6.60;6.64;6.68;6.73;6.79;;;;;;;;;;;;;;;;;;;;;;;;;;;;;;;;;;;;;;;;;;;;;
-4.700;;;;;;;;;;;;;;;;;;;;;;;;;;;;;;;;;;;;;;;;;;;;;;;;;;;;;;;6.88;6.86;6.83;6.80;6.78;6.76;6.73;6.71;6.69;6.67;6.66;6.64;6.62;6.60;6.59;6.57;6.56;6.55;6.53;6.52;6.51;6.50;6.50;6.49;6.49;6.49;6.49;6.49;6.49;6.50;6.51;6.52;6.54;6.55;6.57;6.60;6.63;6.66;6.70;6.75;6.80;;;;;;;;;;;;;;;;;;;;;;;;;;;;;;;;;;;;;;;;;;;;;;;
-4.800;;;;;;;;;;;;;;;;;;;;;;;;;;;;;;;;;;;;;;;;;;;;;;;;;;;;;;;;;;6.88;6.86;6.84;6.81;6.79;6.77;6.75;6.73;6.71;6.69;6.67;6.66;6.64;6.63;6.61;6.60;6.59;6.58;6.57;6.56;6.56;6.55;6.55;6.55;6.56;6.57;6.57;6.59;6.60;6.62;6.64;6.67;6.70;6.74;6.78;;;;;;;;;;;;;;;;;;;;;;;;;;;;;;;;;;;;;;;;;;;;;;;;;;
-4.900;;;;;;;;;;;;;;;;;;;;;;;;;;;;;;;;;;;;;;;;;;;;;;;;;;;;;;;;;;;;;;6.88;6.86;6.83;6.81;6.79;6.77;6.76;6.74;6.72;6.70;6.69;6.68;6.66;6.65;6.65;6.64;6.63;6.63;6.63;6.64;6.64;6.65;6.66;6.68;6.70;6.72;6.75;6.79;;;;;;;;;;;;;;;;;;;;;;;;;;;;;;;;;;;;;;;;;;;;;;;;;;;;;
-5.000;;;;;;;;;;;;;;;;;;;;;;;;;;;;;;;;;;;;;;;;;;;;;;;;;;;;;;;;;;;;;;;;;;6.89;6.87;6.85;6.83;6.81;6.80;6.78;6.77;6.76;6.75;6.74;6.73;6.73;6.73;6.73;6.74;6.74;6.76;6.77;6.80;;;;;;;;;;;;;;;;;;;;;;;;;;;;;;;;;;;;;;;;;;;;;;;;;;;;;;;;;
-5.100;;;;;;;;;;;;;;;;;;;;;;;;;;;;;;;;;;;;;;;;;;;;;;;;;;;;;;;;;;;;;;;;;;;;;;;;;;;;;;;;;;;;;;;;;;;;;;;;;;;;;;;;;;;;;;;;;;;;;;;;;;;;;;;;;;;;;;;;;;;;;;
-5.200;;;;;;;;;;;;;;;;;;;;;;;;;;;;;;;;;;;;;;;;;;;;;;;;;;;;;;;;;;;;;;;;;;;;;;;;;;;;;;;;;;;;;;;;;;;;;;;;;;;;;;;;;;;;;;;;;;;;;;;;;;;;;;;;;;;;;;;;;;;;;;
-5.300;;;;;;;;;;;;;;;;;;;;;;;;;;;;;;;;;;;;;;;;;;;;;;;;;;;;;;;;;;;;;;;;;;;;;;;;;;;;;;;;;;;;;;;;;;;;;;;;;;;;;;;;;;;;;;;;;;;;;;;;;;;;;;;;;;;;;;;;;;;;;;
-5.400;;;;;;;;;;;;;;;;;;;;;;;;;;;;;;;;;;;;;;;;;;;;;;;;;;;;;;;;;;;;;;;;;;;;;;;;;;;;;;;;;;;;;;;;;;;;;;;;;;;;;;;;;;;;;;;;;;;;;;;;;;;;;;;;;;;;;;;;;;;;;;
-5.500;;;;;;;;;;;;;;;;;;;;;;;;;;;;;;;;;;;;;;;;;;;;;;;;;;;;;;;;;;;;;;;;;;;;;;;;;;;;;;;;;;;;;;;;;;;;;;;;;;;;;;;;;;;;;;;;;;;;;;;;;;;;;;;;;;;;;;;;;;;;;;
-5.600;;;;;;;;;;;;;;;;;;;;;;;;;;;;;;;;;;;;;;;;;;;;;;;;;;;;;;;;;;;;;;;;;;;;;;;;;;;;;;;;;;;;;;;;;;;;;;;;;;;;;;;;;;;;;;;;;;;;;;;;;;;;;;;;;;;;;;;;;;;;;;
-5.700;;;;;;;;;;;;;;;;;;;;;;;;;;;;;;;;;;;;;;;;;;;;;;;;;;;;;;;;;;;;;;;;;;;;;;;;;;;;;;;;;;;;;;;;;;;;;;;;;;;;;;;;;;;;;;;;;;;;;;;;;;;;;;;;;;;;;;;;;;;;;;
-5.800;;;;;;;;;;;;;;;;;;;;;;;;;;;;;;;;;;;;;;;;;;;;;;;;;;;;;;;;;;;;;;;;;;;;;;;;;;;;;;;;;;;;;;;;;;;;;;;;;;;;;;;;;;;;;;;;;;;;;;;;;;;;;;;;;;;;;;;;;;;;;;
-5.900;;;;;;;;;;;;;;;;;;;;;;;;;;;;;;;;;;;;;;;;;;;;;;;;;;;;;;;;;;;;;;;;;;;;;;;;;;;;;;;;;;;;;;;;;;;;;;;;;;;;;;;;;;;;;;;;;;;;;;;;;;;;;;;;;;;;;;;;;;;;;;
-6.000;;;;;;;;;;;;;;;;;;;;;;;;;;;;;;;;;;;;;;;;;;;;;;;;;;;;;;;;;;;;;;;;;;;;;;;;;;;;;;;;;;;;;;;;;;;;;;;;;;;;;;;;;;;;;;;;;;;;;;;;;;;;;;;;;;;;;;;;;;;;;;
-6.100;;;;;;;;;;;;;;;;;;;;;;;;;;;;;;;;;;;;;;;;;;;;;;;;;;;;;;;;;;;;;;;;;;;;;;;;;;;;;;;;;;;;;;;;;;;;;;;;;;;;;;;;;;;;;;;;;;;;;;;;;;;;;;;;;;;;;;;;;;;;;;
-6.200;;;;;;;;;;;;;;;;;;;;;;;;;;;;;;;;;;;;;;;;;;;;;;;;;;;;;;;;;;;;;;;;;;;;;;;;;;;;;;;;;;;;;;;;;;;;;;;;;;;;;;;;;;;;;;;;;;;;;;;;;;;;;;;;;;;;;;;;;;;;;;
-6.300;;;;;;;;;;;;;;;;;;;;;;;;;;;;;;;;;;;;;;;;;;;;;;;;;;;;;;;;;;;;;;;;;;;;;;;;;;;;;;;;;;;;;;;;;;;;;;;;;;;;;;;;;;;;;;;;;;;;;;;;;;;;;;;;;;;;;;;;;;;;;;
-6.400;;;;;;;;;;;;;;;;;;;;;;;;;;;;;;;;;;;;;;;;;;;;;;;;;;;;;;;;;;;;;;;;;;;;;;;;;;;;;;;;;;;;;;;;;;;;;;;;;;;;;;;;;;;;;;;;;;;;;;;;;;;;;;;;;;;;;;;;;;;;;;
-6.500;;;;;;;;;;;;;;;;;;;;;;;;;;;;;;;;;;;;;;;;;;;;;;;;;;;;;;;;;;;;;;;;;;;;;;;;;;;;;;;;;;;;;;;;;;;;;;;;;;;;;;;;;;;;;;;;;;;;;;;;;;;;;;;;;;;;;;;;;;;;;;
-6.600;;;;;;;;;;;;;;;;;;;;;;;;;;;;;;;;;;;;;;;;;;;;;;;;;;;;;;;;;;;;;;;;;;;;;;;;;;;;;;;;;;;;;;;;;;;;;;;;;;;;;;;;;;;;;;;;;;;;;;;;;;;;;;;;;;;;;;;;;;;;;;
-6.700;;;;;;;;;;;;;;;;;;;;;;;;;;;;;;;;;;;;;;;;;;;;;;;;;;;;;;;;;;;;;;;;;;;;;;;;;;;;;;;;;;;;;;;;;;;;;;;;;;;;;;;;;;;;;;;;;;;;;;;;;;;;;;;;;;;;;;;;;;;;;;
-6.800;;;;;;;;;;;;;;;;;;;;;;;;;;;;;;;;;;;;;;;;;;;;;;;;;;;;;;;;;;;;;;;;;;;;;;;;;;;;;;;;;;;;;;;;;;;;;;;;;;;;;;;;;;;;;;;;;;;;;;;;;;;;;;;;;;;;;;;;;;;;;;
-6.900;;;;;;;;;;;;;;;;;;;;;;;;;;;;;;;;;;;;;;;;;;;;;;;;;;;;;;;;;;;;;;;;;;;;;;;;;;;;;;;;;;;;;;;;;;;;;;;;;;;;;;;;;;;;;;;;;;;;;;;;;;;;;;;;;;;;;;;;;;;;;;
-7.000;;;;;;;;;;;;;;;;;;;;;;;;;;;;;;;;;;;;;;;;;;;;;;;;;;;;;;;;;;;;;;;;;;;;;;;;;;;;;;;;;;;;;;;;;;;;;;;;;;;;;;;;;;;;;;;;;;;;;;;;;;;;;;;;;;;;;;;;;;;;;;
TANGENTIAL FRONT;-7.000;-6.900;-6.800;-6.700;-6.600;-6.500;-6.400;-6.300;-6.200;-6.100;-6.000;-5.900;-5.800;-5.700;-5.600;-5.500;-5.400;-5.300;-5.200;-5.100;-5.000;-4.900;-4.800;-4.700;-4.600;-4.500;-4.400;-4.300;-4.200;-4.100;-4.000;-3.900;-3.800;-3.700;-3.600;-3.500;-3.400;-3.300;-3.200;-3.100;-3.000;-2.900;-2.800;-2.700;-2.600;-2.500;-2.400;-2.300;-2.200;-2.100;-2.000;-1.900;-1.800;-1.700;-1.600;-1.500;-1.400;-1.300;-1.200;-1.100;-1.000;-0.900;-0.800;-0.700;-0.600;-0.500;-0.400;-0.300;-0.200;-0.100;0.000;0.100;0.200;0.300;0.400;0.500;0.600;0.700;0.800;0.900;1.000;1.100;1.200;1.300;1.400;1.500;1.600;1.700;1.800;1.900;2.000;2.100;2.200;2.300;2.400;2.500;2.600;2.700;2.800;2.900;3.000;3.100;3.200;3.300;3.400;3.500;3.600;3.700;3.800;3.900;4.000;4.100;4.200;4.300;4.400;4.500;4.600;4.700;4.800;4.900;5.000;5.100;5.200;5.300;5.400;5.500;5.600;5.700;5.800;5.900;6.000;6.100;6.200;6.300;6.400;6.500;6.600;6.700;6.800;6.900;7.000;
7.000;;;;;;;;;;;;;;;;;;;;;;;;;;;;;;;;;;;;;;;;;;;;;;;;;;;;;;;;;;;;;;;;;;;;;;;;;;;;;;;;;;;;;;;;;;;;;;;;;;;;;;;;;;;;;;;;;;;;;;;;;;;;;;;;;;;;;;;;;;;;;;
6.900;;;;;;;;;;;;;;;;;;;;;;;;;;;;;;;;;;;;;;;;;;;;;;;;;;;;;;;;;;;;;;;;;;;;;;;;;;;;;;;;;;;;;;;;;;;;;;;;;;;;;;;;;;;;;;;;;;;;;;;;;;;;;;;;;;;;;;;;;;;;;;
6.800;;;;;;;;;;;;;;;;;;;;;;;;;;;;;;;;;;;;;;;;;;;;;;;;;;;;;;;;;;;;;;;;;;;;;;;;;;;;;;;;;;;;;;;;;;;;;;;;;;;;;;;;;;;;;;;;;;;;;;;;;;;;;;;;;;;;;;;;;;;;;;
6.700;;;;;;;;;;;;;;;;;;;;;;;;;;;;;;;;;;;;;;;;;;;;;;;;;;;;;;;;;;;;;;;;;;;;;;;;;;;;;;;;;;;;;;;;;;;;;;;;;;;;;;;;;;;;;;;;;;;;;;;;;;;;;;;;;;;;;;;;;;;;;;
6.600;;;;;;;;;;;;;;;;;;;;;;;;;;;;;;;;;;;;;;;;;;;;;;;;;;;;;;;;;;;;;;;;;;;;;;;;;;;;;;;;;;;;;;;;;;;;;;;;;;;;;;;;;;;;;;;;;;;;;;;;;;;;;;;;;;;;;;;;;;;;;;
6.500;;;;;;;;;;;;;;;;;;;;;;;;;;;;;;;;;;;;;;;;;;;;;;;;;;;;;;;;;;;;;;;;;;;;;;;;;;;;;;;;;;;;;;;;;;;;;;;;;;;;;;;;;;;;;;;;;;;;;;;;;;;;;;;;;;;;;;;;;;;;;;
6.400;;;;;;;;;;;;;;;;;;;;;;;;;;;;;;;;;;;;;;;;;;;;;;;;;;;;;;;;;;;;;;;;;;;;;;;;;;;;;;;;;;;;;;;;;;;;;;;;;;;;;;;;;;;;;;;;;;;;;;;;;;;;;;;;;;;;;;;;;;;;;;
6.300;;;;;;;;;;;;;;;;;;;;;;;;;;;;;;;;;;;;;;;;;;;;;;;;;;;;;;;;;;;;;;;;;;;;;;;;;;;;;;;;;;;;;;;;;;;;;;;;;;;;;;;;;;;;;;;;;;;;;;;;;;;;;;;;;;;;;;;;;;;;;;
6.200;;;;;;;;;;;;;;;;;;;;;;;;;;;;;;;;;;;;;;;;;;;;;;;;;;;;;;;;;;;;;;;;;;;;;;;;;;;;;;;;;;;;;;;;;;;;;;;;;;;;;;;;;;;;;;;;;;;;;;;;;;;;;;;;;;;;;;;;;;;;;;
6.100;;;;;;;;;;;;;;;;;;;;;;;;;;;;;;;;;;;;;;;;;;;;;;;;;;;;;;;;;;;;;;;;;;;;;;;;;;;;;;;;;;;;;;;;;;;;;;;;;;;;;;;;;;;;;;;;;;;;;;;;;;;;;;;;;;;;;;;;;;;;;;
6.000;;;;;;;;;;;;;;;;;;;;;;;;;;;;;;;;;;;;;;;;;;;;;;;;;;;;;;;;;;;;;;;;;;;;;;;;;;;;;;;;;;;;;;;;;;;;;;;;;;;;;;;;;;;;;;;;;;;;;;;;;;;;;;;;;;;;;;;;;;;;;;
5.900;;;;;;;;;;;;;;;;;;;;;;;;;;;;;;;;;;;;;;;;;;;;;;;;;;;;;;;;;;;;;;;;;;;;;;;;;;;;;;;;;;;;;;;;;;;;;;;;;;;;;;;;;;;;;;;;;;;;;;;;;;;;;;;;;;;;;;;;;;;;;;
5.800;;;;;;;;;;;;;;;;;;;;;;;;;;;;;;;;;;;;;;;;;;;;;;;;;;;;;;;;;;;;;;;;;;;;;;;;;;;;;;;;;;;;;;;;;;;;;;;;;;;;;;;;;;;;;;;;;;;;;;;;;;;;;;;;;;;;;;;;;;;;;;
5.700;;;;;;;;;;;;;;;;;;;;;;;;;;;;;;;;;;;;;;;;;;;;;;;;;;;;;;;;;;;;;;;;;;;;;;;;;;;;;;;;;;;;;;;;;;;;;;;;;;;;;;;;;;;;;;;;;;;;;;;;;;;;;;;;;;;;;;;;;;;;;;
5.600;;;;;;;;;;;;;;;;;;;;;;;;;;;;;;;;;;;;;;;;;;;;;;;;;;;;;;;;;;;;;;;;;;;;;;;;;;;;;;;;;;;;;;;;;;;;;;;;;;;;;;;;;;;;;;;;;;;;;;;;;;;;;;;;;;;;;;;;;;;;;;
5.500;;;;;;;;;;;;;;;;;;;;;;;;;;;;;;;;;;;;;;;;;;;;;;;;;;;;;;;;;;;;;;;;;;;;;;;;;;;;;;;;;;;;;;;;;;;;;;;;;;;;;;;;;;;;;;;;;;;;;;;;;;;;;;;;;;;;;;;;;;;;;;
5.400;;;;;;;;;;;;;;;;;;;;;;;;;;;;;;;;;;;;;;;;;;;;;;;;;;;;;;;;;;;;;;;;;;;;;;;;;;;;;;;;;;;;;;;;;;;;;;;;;;;;;;;;;;;;;;;;;;;;;;;;;;;;;;;;;;;;;;;;;;;;;;
5.300;;;;;;;;;;;;;;;;;;;;;;;;;;;;;;;;;;;;;;;;;;;;;;;;;;;;;;;;;;;;;;;;;;;;;;;;;;;;;;;;;;;;;;;;;;;;;;;;;;;;;;;;;;;;;;;;;;;;;;;;;;;;;;;;;;;;;;;;;;;;;;
5.200;;;;;;;;;;;;;;;;;;;;;;;;;;;;;;;;;;;;;;;;;;;;;;;;;;;;;;;;;;;;;;;;;;;;;;;;;;;;;;;;;;;;;;;;;;;;;;;;;;;;;;;;;;;;;;;;;;;;;;;;;;;;;;;;;;;;;;;;;;;;;;
5.100;;;;;;;;;;;;;;;;;;;;;;;;;;;;;;;;;;;;;;;;;;;;;;;;;;;;;;;;;;;;;;;;;;;;;;;;;;;;;;;;;;;;;;;;;;;;;;;;;;;;;;;;;;;;;;;;;;;;;;;;;;;;;;;;;;;;;;;;;;;;;;
5.000;;;;;;;;;;;;;;;;;;;;;;;;;;;;;;;;;;;;;;;;;;;;;;;;;;;;;;;;;;;;;;;;;;;;;;;;;;;;;;;;;;;;;;;;;;;;;;;;;;;;;;;;;;;;;;;;;;;;;;;;;;;;;;;;;;;;;;;;;;;;;;
4.900;;;;;;;;;;;;;;;;;;;;;;;;;;;;;;;;;;;;;;;;;;;;;;;;;;;;;;;;;;;;;;;;;;;;;;;;;;;;;;;;;;;;;;;;;;;;;;;;;;;;;;;;;;;;;;;;;;;;;;;;;;;;;;;;;;;;;;;;;;;;;;
4.800;;;;;;;;;;;;;;;;;;;;;;;;;;;;;;;;;;;;;;;;;;;;;;;;;;;;;;;;;;;;;;;;;;;;;;;;;;;;;;;;;;;;;;;;;;;;;;;;;;;;;;;;;;;;;;;;;;;;;;;;;;;;;;;;;;;;;;;;;;;;;;
4.700;;;;;;;;;;;;;;;;;;;;;;;;;;;;;;;;;;;;;;;;;;;;;;;;;;;;;;;;;;;;;;;;;;;;;;;;;;;;;;;;;;;;;;;;;;;;;;;;;;;;;;;;;;;;;;;;;;;;;;;;;;;;;;;;;;;;;;;;;;;;;;
4.600;;;;;;;;;;;;;;;;;;;;;;;;;;;;;;;;;;;;;;;;;;;;;;;;;;;;;;;;;;;;;;;;;;;;;;;;;;;;;;;;;;;;;;;;;;;;;;;;;;;;;;;;;;;;;;;;;;;;;;;;;;;;;;;;;;;;;;;;;;;;;;
4.500;;;;;;;;;;;;;;;;;;;;;;;;;;;;;;;;;;;;;;;;;;;;;;;;;;;;;;;;;;;;;;;;;;;;;;;;;;;;;;;;;;;;;;;;;;;;;;;;;;;;;;;;;;;;;;;;;;;;;;;;;;;;;;;;;;;;;;;;;;;;;;
4.400;;;;;;;;;;;;;;;;;;;;;;;;;;;;;;;;;;;;;;;;;;;;;;;;;;;;;;;;;;;;;;;;;;;;;;;;;;;;;;;;;;;;;;;;;;;;;;;;;;;;;;;;;;;;;;;;;;;;;;;;;;;;;;;;;;;;;;;;;;;;;;
4.300;;;;;;;;;;;;;;;;;;;;;;;;;;;;;;;;;;;;;;;;;;;;;;;;;;;;;;;;;;;;;;;;;;;;10.68;10.67;10.68;10.69;10.72;10.75;10.80;10.85;10.90;10.97;11.03;11.11;11.18;11.26;11.34;11.43;11.52;11.61;11.71;11.82;11.94;12.07;12.21;;;;;;;;;;;;;;;;;;;;;;;;;;;;;;;;;;;;;;;;;;;;;;;;;;;;
4.200;;;;;;;;;;;;;;;;;;;;;;;;;;;;;;;;;;;;;;;;;;;;;;;;;;;;;;;;;;;;;;;10.70;10.65;10.61;10.57;10.54;10.53;10.52;10.52;10.52;10.54;10.57;10.60;10.64;10.69;10.74;10.80;10.86;10.93;11.00;11.07;11.14;11.21;11.29;11.38;11.47;11.57;11.68;11.80;11.95;12.11;12.30;12.53;;;;;;;;;;;;;;;;;;;;;;;;;;;;;;;;;;;;;;;;;;;;;;;;
4.100;;;;;;;;;;;;;;;;;;;;;;;;;;;;;;;;;;;;;;;;;;;;;;;;;;;;;;;;;;;10.80;10.74;10.68;10.62;10.56;10.51;10.46;10.42;10.39;10.37;10.35;10.35;10.35;10.36;10.38;10.41;10.44;10.48;10.52;10.57;10.62;10.68;10.74;10.79;10.86;10.92;10.99;11.06;11.14;11.22;11.32;11.42;11.55;11.69;11.85;12.04;12.27;12.53;12.84;13.21;;;;;;;;;;;;;;;;;;;;;;;;;;;;;;;;;;;;;;;;;;;;
4.000;;;;;;;;;;;;;;;;;;;;;;;;;;;;;;;;;;;;;;;;;;;;;;;;;;;;;;;10.87;10.83;10.78;10.72;10.66;10.60;10.54;10.47;10.41;10.36;10.31;10.26;10.23;10.20;10.18;10.17;10.17;10.17;10.19;10.21;10.23;10.27;10.30;10.34;10.39;10.43;10.48;10.53;10.58;10.64;10.69;10.75;10.82;10.89;10.97;11.07;11.17;11.30;11.44;11.61;11.80;12.03;12.30;12.62;12.99;13.42;;;;;;;;;;;;;;;;;;;;;;;;;;;;;;;;;;;;;;;;;;
3.900;;;;;;;;;;;;;;;;;;;;;;;;;;;;;;;;;;;;;;;;;;;;;;;;;;;;10.80;10.78;10.76;10.73;10.69;10.63;10.58;10.51;10.45;10.38;10.32;10.25;10.19;10.14;10.10;10.06;10.03;10.00;9.99;9.98;9.98;9.99;10.01;10.03;10.05;10.08;10.11;10.15;10.19;10.23;10.27;10.32;10.36;10.41;10.46;10.52;10.58;10.65;10.73;10.83;10.94;11.06;11.21;11.38;11.58;11.82;12.09;12.41;12.79;13.22;13.74;14.34;;;;;;;;;;;;;;;;;;;;;;;;;;;;;;;;;;;;;;;
3.800;;;;;;;;;;;;;;;;;;;;;;;;;;;;;;;;;;;;;;;;;;;;;;;;;;10.66;10.66;10.66;10.64;10.62;10.58;10.53;10.48;10.42;10.35;10.29;10.22;10.15;10.09;10.03;9.97;9.92;9.88;9.85;9.82;9.80;9.79;9.78;9.78;9.79;9.81;9.83;9.85;9.88;9.91;9.94;9.98;10.02;10.06;10.10;10.14;10.19;10.24;10.29;10.35;10.43;10.51;10.60;10.72;10.85;11.00;11.18;11.38;11.63;11.91;12.23;12.61;13.05;13.56;14.16;14.86;;;;;;;;;;;;;;;;;;;;;;;;;;;;;;;;;;;;;
3.700;;;;;;;;;;;;;;;;;;;;;;;;;;;;;;;;;;;;;;;;;;;;;;;;10.50;10.51;10.52;10.52;10.51;10.49;10.46;10.42;10.37;10.32;10.25;10.19;10.12;10.05;9.98;9.92;9.85;9.79;9.74;9.69;9.65;9.62;9.60;9.58;9.57;9.57;9.57;9.58;9.60;9.62;9.65;9.68;9.71;9.74;9.78;9.81;9.85;9.89;9.93;9.98;10.03;10.08;10.14;10.22;10.30;10.40;10.52;10.65;10.81;10.99;11.21;11.46;11.75;12.07;12.46;12.90;13.41;13.99;14.68;15.48;;;;;;;;;;;;;;;;;;;;;;;;;;;;;;;;;;;
3.600;;;;;;;;;;;;;;;;;;;;;;;;;;;;;;;;;;;;;;;;;;;;;;10.33;10.35;10.37;10.38;10.38;10.37;10.36;10.33;10.30;10.26;10.20;10.15;10.08;10.02;9.95;9.87;9.80;9.73;9.67;9.60;9.55;9.50;9.45;9.42;9.39;9.37;9.36;9.35;9.36;9.37;9.38;9.40;9.43;9.46;9.49;9.52;9.55;9.59;9.62;9.66;9.70;9.74;9.78;9.83;9.89;9.95;10.03;10.12;10.22;10.34;10.48;10.64;10.84;11.06;11.31;11.60;11.94;12.32;12.76;13.26;13.84;14.50;15.27;;;;;;;;;;;;;;;;;;;;;;;;;;;;;;;;;;
3.500;;;;;;;;;;;;;;;;;;;;;;;;;;;;;;;;;;;;;;;;;;;;10.19;10.20;10.21;10.22;10.23;10.23;10.23;10.22;10.20;10.17;10.13;10.09;10.03;9.97;9.91;9.84;9.76;9.69;9.62;9.54;9.47;9.41;9.35;9.30;9.26;9.22;9.19;9.17;9.16;9.16;9.16;9.17;9.19;9.20;9.23;9.25;9.28;9.31;9.34;9.38;9.41;9.44;9.48;9.52;9.56;9.60;9.65;9.71;9.78;9.86;9.95;10.06;10.19;10.33;10.50;10.70;10.93;11.19;11.48;11.82;12.21;12.64;13.14;13.70;14.34;15.07;15.91;;;;;;;;;;;;;;;;;;;;;;;;;;;;;;;;
3.400;;;;;;;;;;;;;;;;;;;;;;;;;;;;;;;;;;;;;;;;;;10.08;10.07;10.07;10.07;10.08;10.09;10.09;10.09;10.08;10.06;10.04;10.01;9.97;9.92;9.86;9.80;9.73;9.66;9.59;9.51;9.44;9.36;9.29;9.23;9.17;9.12;9.08;9.04;9.01;8.99;8.98;8.98;8.98;8.99;9.00;9.02;9.04;9.07;9.09;9.12;9.15;9.18;9.21;9.24;9.27;9.31;9.35;9.39;9.43;9.49;9.55;9.63;9.71;9.81;9.92;10.06;10.21;10.38;10.59;10.82;11.08;11.38;11.72;12.10;12.53;13.01;13.56;14.17;14.86;15.64;;;;;;;;;;;;;;;;;;;;;;;;;;;;;;;
3.300;;;;;;;;;;;;;;;;;;;;;;;;;;;;;;;;;;;;;;;;;9.99;9.97;9.95;9.95;9.95;9.95;9.95;9.95;9.94;9.93;9.91;9.88;9.84;9.80;9.75;9.70;9.63;9.56;9.49;9.42;9.34;9.27;9.19;9.13;9.06;9.01;8.96;8.91;8.88;8.85;8.83;8.82;8.81;8.81;8.82;8.83;8.85;8.87;8.89;8.91;8.94;8.96;8.99;9.01;9.04;9.07;9.11;9.14;9.18;9.23;9.28;9.34;9.41;9.48;9.58;9.68;9.80;9.95;10.10;10.29;10.49;10.73;11.00;11.30;11.63;12.01;12.43;12.90;13.42;14.00;14.65;15.37;16.17;;;;;;;;;;;;;;;;;;;;;;;;;;;;;
3.200;;;;;;;;;;;;;;;;;;;;;;;;;;;;;;;;;;;;;;;9.97;9.92;9.88;9.86;9.84;9.83;9.83;9.82;9.82;9.81;9.79;9.78;9.76;9.73;9.69;9.65;9.60;9.54;9.48;9.41;9.33;9.26;9.18;9.11;9.04;8.97;8.91;8.85;8.80;8.76;8.72;8.70;8.68;8.66;8.66;8.66;8.66;8.67;8.68;8.70;8.72;8.74;8.76;8.78;8.80;8.83;8.85;8.88;8.91;8.94;8.98;9.02;9.07;9.13;9.19;9.27;9.36;9.46;9.57;9.70;9.85;10.02;10.21;10.42;10.66;10.93;11.22;11.56;11.92;12.33;12.78;13.28;13.83;14.42;15.08;15.79;;;;;;;;;;;;;;;;;;;;;;;;;;;;
3.100;;;;;;;;;;;;;;;;;;;;;;;;;;;;;;;;;;;;;;9.93;9.86;9.81;9.78;9.75;9.73;9.72;9.71;9.70;9.68;9.67;9.66;9.64;9.62;9.59;9.55;9.51;9.45;9.40;9.33;9.26;9.19;9.11;9.04;8.96;8.89;8.83;8.77;8.71;8.66;8.62;8.59;8.56;8.54;8.52;8.51;8.51;8.51;8.52;8.53;8.54;8.55;8.57;8.59;8.60;8.62;8.64;8.66;8.69;8.72;8.75;8.78;8.82;8.87;8.93;8.99;9.07;9.15;9.25;9.36;9.48;9.62;9.78;9.95;10.15;10.36;10.61;10.87;11.17;11.49;11.85;12.25;12.68;13.15;13.66;14.21;14.80;15.44;;;;;;;;;;;;;;;;;;;;;;;;;;;
3.000;;;;;;;;;;;;;;;;;;;;;;;;;;;;;;;;;;;;;9.92;9.83;9.77;9.72;9.68;9.65;9.62;9.60;9.59;9.57;9.56;9.55;9.53;9.51;9.49;9.46;9.42;9.37;9.32;9.26;9.19;9.12;9.05;8.97;8.90;8.83;8.76;8.69;8.63;8.58;8.53;8.49;8.45;8.43;8.40;8.39;8.38;8.37;8.37;8.37;8.38;8.39;8.40;8.41;8.42;8.43;8.45;8.46;8.48;8.50;8.53;8.56;8.59;8.63;8.68;8.73;8.80;8.87;8.95;9.05;9.15;9.27;9.41;9.56;9.72;9.90;10.10;10.32;10.56;10.83;11.12;11.43;11.78;12.15;12.56;13.00;13.48;13.98;14.51;15.06;;;;;;;;;;;;;;;;;;;;;;;;;;
2.900;;;;;;;;;;;;;;;;;;;;;;;;;;;;;;;;;;;;9.92;9.82;9.74;9.67;9.62;9.58;9.55;9.52;9.50;9.48;9.47;9.45;9.44;9.42;9.40;9.37;9.33;9.29;9.24;9.18;9.12;9.05;8.98;8.91;8.84;8.76;8.69;8.62;8.56;8.50;8.45;8.40;8.36;8.33;8.30;8.28;8.26;8.25;8.24;8.24;8.23;8.24;8.24;8.24;8.25;8.26;8.27;8.28;8.29;8.30;8.32;8.35;8.37;8.41;8.44;8.49;8.54;8.61;8.68;8.76;8.86;8.96;9.08;9.21;9.35;9.51;9.68;9.87;10.07;10.29;10.53;10.79;11.08;11.38;11.72;12.07;12.46;12.87;13.31;13.76;14.24;14.73;;;;;;;;;;;;;;;;;;;;;;;;;
2.800;;;;;;;;;;;;;;;;;;;;;;;;;;;;;;;;;;;9.94;9.83;9.73;9.65;9.58;9.53;9.49;9.45;9.42;9.40;9.38;9.37;9.35;9.33;9.31;9.28;9.25;9.21;9.16;9.11;9.05;8.99;8.92;8.85;8.77;8.70;8.63;8.56;8.49;8.43;8.38;8.32;8.28;8.24;8.20;8.18;8.15;8.14;8.12;8.11;8.10;8.10;8.10;8.10;8.10;8.10;8.11;8.11;8.12;8.13;8.15;8.16;8.18;8.21;8.24;8.27;8.32;8.37;8.43;8.50;8.58;8.67;8.78;8.89;9.02;9.16;9.31;9.48;9.65;9.85;10.05;10.27;10.51;10.77;11.04;11.34;11.65;11.99;12.35;12.73;13.13;13.54;13.97;14.39;;;;;;;;;;;;;;;;;;;;;;;;
2.700;;;;;;;;;;;;;;;;;;;;;;;;;;;;;;;;;;9.98;9.85;9.74;9.64;9.56;9.50;9.45;9.40;9.37;9.34;9.31;9.29;9.27;9.25;9.23;9.20;9.17;9.13;9.09;9.04;8.98;8.92;8.85;8.78;8.71;8.64;8.57;8.50;8.43;8.37;8.31;8.25;8.20;8.16;8.12;8.09;8.06;8.03;8.02;8.00;7.99;7.98;7.98;7.97;7.97;7.97;7.97;7.98;7.98;7.99;8.00;8.01;8.02;8.04;8.06;8.09;8.13;8.17;8.22;8.27;8.34;8.42;8.51;8.61;8.72;8.84;8.98;9.13;9.29;9.46;9.64;9.84;10.04;10.27;10.50;10.75;11.01;11.30;11.59;11.91;12.25;12.60;12.97;13.35;13.72;14.10;;;;;;;;;;;;;;;;;;;;;;;
2.600;;;;;;;;;;;;;;;;;;;;;;;;;;;;;;;;;10.03;9.88;9.76;9.65;9.56;9.49;9.42;9.37;9.33;9.29;9.26;9.23;9.21;9.19;9.16;9.13;9.10;9.06;9.01;8.96;8.91;8.85;8.78;8.71;8.65;8.57;8.50;8.43;8.36;8.30;8.24;8.18;8.13;8.08;8.04;8.00;7.97;7.95;7.92;7.91;7.89;7.88;7.87;7.87;7.86;7.86;7.86;7.86;7.86;7.87;7.87;7.88;7.89;7.90;7.92;7.94;7.97;8.00;8.04;8.08;8.14;8.20;8.27;8.35;8.45;8.56;8.67;8.81;8.95;9.11;9.27;9.45;9.64;9.83;10.04;10.26;10.49;10.73;10.99;11.26;11.54;11.84;12.15;12.48;12.82;13.16;13.50;13.83;;;;;;;;;;;;;;;;;;;;;;
2.500;;;;;;;;;;;;;;;;;;;;;;;;;;;;;;;;10.09;9.93;9.79;9.67;9.58;9.49;9.42;9.35;9.30;9.26;9.22;9.19;9.16;9.13;9.10;9.07;9.03;8.99;8.94;8.89;8.84;8.78;8.71;8.65;8.58;8.51;8.44;8.37;8.30;8.23;8.17;8.11;8.06;8.01;7.97;7.93;7.90;7.87;7.84;7.82;7.81;7.79;7.78;7.77;7.77;7.76;7.76;7.76;7.76;7.76;7.77;7.77;7.78;7.79;7.80;7.82;7.84;7.86;7.89;7.93;7.97;8.02;8.08;8.15;8.22;8.31;8.41;8.52;8.65;8.79;8.94;9.10;9.27;9.45;9.64;9.84;10.04;10.26;10.49;10.72;10.97;11.22;11.49;11.77;12.07;12.38;12.69;13.00;13.31;13.60;;;;;;;;;;;;;;;;;;;;;
2.400;;;;;;;;;;;;;;;;;;;;;;;;;;;;;;;10.16;9.99;9.84;9.71;9.60;9.51;9.42;9.35;9.29;9.24;9.20;9.16;9.12;9.09;9.05;9.02;8.98;8.93;8.88;8.83;8.77;8.71;8.65;8.58;8.51;8.44;8.37;8.30;8.24;8.17;8.11;8.05;8.00;7.95;7.91;7.87;7.83;7.80;7.77;7.75;7.73;7.72;7.70;7.69;7.69;7.68;7.68;7.68;7.68;7.68;7.68;7.69;7.69;7.70;7.71;7.72;7.73;7.75;7.78;7.80;7.84;7.88;7.92;7.98;8.04;8.11;8.19;8.28;8.39;8.50;8.63;8.77;8.93;9.10;9.27;9.45;9.65;9.85;10.05;10.27;10.49;10.71;10.95;11.19;11.45;11.72;12.00;12.29;12.58;12.87;13.15;;;;;;;;;;;;;;;;;;;;;
2.300;;;;;;;;;;;;;;;;;;;;;;;;;;;;;;10.23;10.05;9.89;9.76;9.64;9.53;9.44;9.36;9.30;9.24;9.19;9.14;9.10;9.06;9.02;8.98;8.93;8.88;8.83;8.77;8.71;8.65;8.58;8.51;8.45;8.38;8.31;8.24;8.18;8.12;8.06;8.00;7.95;7.90;7.85;7.81;7.77;7.74;7.71;7.69;7.67;7.65;7.64;7.63;7.62;7.61;7.61;7.61;7.61;7.61;7.61;7.61;7.62;7.62;7.63;7.64;7.65;7.67;7.68;7.71;7.73;7.76;7.80;7.84;7.89;7.95;8.01;8.09;8.17;8.27;8.37;8.49;8.62;8.77;8.93;9.10;9.28;9.46;9.66;9.86;10.06;10.27;10.49;10.71;10.94;11.18;11.42;11.68;11.94;12.22;12.50;12.77;13.03;;;;;;;;;;;;;;;;;;;;
2.200;;;;;;;;;;;;;;;;;;;;;;;;;;;;;10.31;10.12;9.95;9.81;9.68;9.57;9.47;9.39;9.31;9.25;9.19;9.14;9.09;9.05;9.00;8.95;8.90;8.84;8.79;8.72;8.66;8.59;8.53;8.46;8.39;8.33;8.26;8.20;8.13;8.07;8.02;7.96;7.91;7.86;7.81;7.77;7.73;7.69;7.66;7.64;7.62;7.60;7.58;7.57;7.56;7.56;7.55;7.55;7.55;7.55;7.55;7.55;7.56;7.56;7.57;7.58;7.59;7.60;7.61;7.63;7.65;7.67;7.70;7.74;7.77;7.82;7.87;7.93;8.00;8.08;8.16;8.26;8.37;8.49;8.62;8.77;8.93;9.11;9.29;9.48;9.67;9.87;10.08;10.29;10.50;10.72;10.94;11.17;11.41;11.65;11.92;12.18;12.45;12.70;12.95;;;;;;;;;;;;;;;;;;;
2.100;;;;;;;;;;;;;;;;;;;;;;;;;;;;;10.19;10.02;9.87;9.73;9.62;9.51;9.42;9.34;9.27;9.21;9.15;9.10;9.05;8.99;8.94;8.88;8.82;8.76;8.69;8.62;8.55;8.48;8.42;8.35;8.29;8.22;8.16;8.10;8.04;7.98;7.93;7.87;7.82;7.78;7.73;7.69;7.66;7.63;7.60;7.57;7.55;7.54;7.52;7.52;7.51;7.50;7.50;7.50;7.50;7.50;7.51;7.51;7.52;7.52;7.53;7.54;7.55;7.56;7.57;7.59;7.61;7.63;7.65;7.68;7.72;7.76;7.81;7.86;7.92;7.99;8.07;8.16;8.26;8.37;8.49;8.63;8.78;8.94;9.12;9.31;9.50;9.69;9.89;10.10;10.31;10.52;10.73;10.95;11.18;11.41;11.66;11.91;12.17;12.43;12.68;;;;;;;;;;;;;;;;;;;
2.000;;;;;;;;;;;;;;;;;;;;;;;;;;;;10.26;10.08;9.93;9.79;9.67;9.56;9.46;9.38;9.30;9.24;9.17;9.12;9.06;9.00;8.94;8.88;8.81;8.74;8.67;8.60;8.52;8.45;8.39;8.32;8.26;8.20;8.13;8.07;8.02;7.96;7.91;7.85;7.80;7.76;7.71;7.67;7.63;7.60;7.57;7.54;7.52;7.50;7.49;7.48;7.47;7.46;7.46;7.46;7.46;7.46;7.47;7.47;7.48;7.48;7.49;7.50;7.51;7.52;7.53;7.54;7.56;7.57;7.59;7.62;7.65;7.68;7.72;7.76;7.81;7.86;7.92;7.99;8.07;8.16;8.26;8.37;8.50;8.64;8.79;8.95;9.14;9.33;9.52;9.72;9.92;10.13;10.34;10.55;10.76;10.98;11.20;11.44;11.68;11.94;12.20;12.46;12.70;;;;;;;;;;;;;;;;;;
1.900;;;;;;;;;;;;;;;;;;;;;;;;;;;10.33;10.15;9.99;9.85;9.73;9.61;9.51;9.42;9.34;9.27;9.21;9.14;9.08;9.02;8.96;8.89;8.82;8.74;8.67;8.59;8.51;8.44;8.37;8.31;8.24;8.18;8.12;8.06;8.00;7.95;7.89;7.84;7.79;7.74;7.70;7.66;7.62;7.58;7.55;7.52;7.50;7.48;7.46;7.45;7.44;7.43;7.43;7.43;7.43;7.43;7.44;7.44;7.45;7.45;7.46;7.47;7.48;7.49;7.50;7.51;7.52;7.53;7.55;7.57;7.59;7.62;7.65;7.68;7.72;7.76;7.81;7.86;7.93;8.00;8.08;8.17;8.27;8.38;8.51;8.65;8.80;8.97;9.16;9.35;9.55;9.76;9.96;10.17;10.38;10.59;10.81;11.02;11.25;11.49;11.74;12.00;12.27;12.52;;;;;;;;;;;;;;;;;;
1.800;;;;;;;;;;;;;;;;;;;;;;;;;;;10.22;10.06;9.92;9.79;9.67;9.56;9.47;9.39;9.31;9.24;9.18;9.12;9.05;8.98;8.91;8.84;8.76;8.67;8.59;8.51;8.44;8.37;8.30;8.24;8.18;8.12;8.06;8.00;7.95;7.89;7.84;7.79;7.74;7.70;7.66;7.62;7.58;7.54;7.51;7.49;7.46;7.45;7.43;7.42;7.41;7.41;7.40;7.40;7.41;7.41;7.42;7.42;7.43;7.44;7.45;7.45;7.46;7.47;7.48;7.50;7.51;7.52;7.54;7.56;7.57;7.60;7.62;7.65;7.68;7.72;7.77;7.82;7.87;7.94;8.01;8.09;8.18;8.28;8.40;8.52;8.67;8.83;9.00;9.19;9.39;9.59;9.80;10.01;10.22;10.44;10.65;10.87;11.09;11.33;11.57;11.84;12.11;12.37;12.63;;;;;;;;;;;;;;;;;
1.700;;;;;;;;;;;;;;;;;;;;;;;;;;10.29;10.13;9.98;9.85;9.73;9.62;9.52;9.43;9.36;9.29;9.22;9.16;9.09;9.02;8.94;8.87;8.78;8.69;8.61;8.52;8.45;8.38;8.31;8.24;8.18;8.12;8.06;8.01;7.95;7.90;7.85;7.80;7.75;7.71;7.66;7.62;7.58;7.55;7.52;7.49;7.46;7.44;7.42;7.41;7.40;7.39;7.38;7.38;7.39;7.39;7.40;7.40;7.41;7.42;7.43;7.44;7.45;7.46;7.47;7.48;7.49;7.50;7.52;7.53;7.55;7.56;7.58;7.61;7.63;7.66;7.69;7.73;7.78;7.82;7.88;7.94;8.02;8.10;8.19;8.30;8.41;8.54;8.69;8.85;9.04;9.23;9.44;9.65;9.86;10.08;10.30;10.51;10.73;10.96;11.19;11.43;11.69;11.97;12.24;12.52;12.79;;;;;;;;;;;;;;;;
1.600;;;;;;;;;;;;;;;;;;;;;;;;;;10.20;10.05;9.92;9.80;9.68;9.58;9.49;9.41;9.34;9.27;9.20;9.14;9.06;8.99;8.90;8.82;8.72;8.63;8.55;8.47;8.39;8.32;8.26;8.19;8.13;8.08;8.02;7.97;7.92;7.87;7.82;7.77;7.73;7.68;7.64;7.60;7.56;7.53;7.50;7.47;7.44;7.42;7.40;7.39;7.38;7.37;7.37;7.37;7.37;7.38;7.39;7.40;7.40;7.41;7.42;7.44;7.45;7.46;7.47;7.48;7.49;7.50;7.52;7.53;7.54;7.56;7.58;7.60;7.62;7.64;7.67;7.71;7.74;7.79;7.84;7.89;7.96;8.03;8.11;8.21;8.32;8.44;8.57;8.73;8.90;9.09;9.29;9.50;9.72;9.94;10.16;10.39;10.61;10.84;11.07;11.31;11.57;11.85;12.14;12.43;12.71;;;;;;;;;;;;;;;;
1.500;;;;;;;;;;;;;;;;;;;;;;;;;10.27;10.12;9.99;9.87;9.75;9.64;9.55;9.46;9.39;9.32;9.25;9.19;9.11;9.03;8.95;8.86;8.77;8.67;8.58;8.49;8.42;8.34;8.28;8.21;8.15;8.10;8.04;7.99;7.94;7.89;7.84;7.80;7.75;7.71;7.67;7.63;7.59;7.55;7.52;7.49;7.46;7.43;7.41;7.39;7.38;7.37;7.36;7.36;7.36;7.37;7.37;7.38;7.39;7.40;7.41;7.43;7.44;7.45;7.46;7.47;7.48;7.50;7.51;7.52;7.53;7.55;7.56;7.58;7.59;7.61;7.63;7.66;7.69;7.72;7.75;7.80;7.85;7.91;7.97;8.05;8.13;8.23;8.34;8.47;8.61;8.77;8.95;9.15;9.36;9.59;9.81;10.04;10.27;10.50;10.73;10.97;11.21;11.47;11.75;12.04;12.35;12.65;;;;;;;;;;;;;;;;
1.400;;;;;;;;;;;;;;;;;;;;;;;;;10.21;10.07;9.94;9.82;9.71;9.61;9.52;9.45;9.38;9.31;9.24;9.17;9.09;9.00;8.91;8.81;8.71;8.61;8.53;8.45;8.37;8.30;8.24;8.18;8.12;8.07;8.01;7.96;7.92;7.87;7.83;7.78;7.74;7.70;7.66;7.62;7.58;7.55;7.51;7.48;7.45;7.43;7.41;7.39;7.38;7.37;7.36;7.36;7.36;7.37;7.37;7.38;7.39;7.40;7.42;7.43;7.44;7.45;7.47;7.48;7.49;7.51;7.52;7.53;7.54;7.55;7.57;7.58;7.59;7.61;7.63;7.65;7.67;7.70;7.73;7.77;7.81;7.86;7.92;7.99;8.07;8.16;8.26;8.38;8.51;8.66;8.83;9.02;9.23;9.46;9.69;9.92;10.16;10.39;10.63;10.88;11.12;11.38;11.66;11.96;12.28;12.60;12.92;;;;;;;;;;;;;;;
1.300;;;;;;;;;;;;;;;;;;;;;;;;10.29;10.15;10.03;9.91;9.79;9.69;9.59;9.51;9.44;9.37;9.30;9.22;9.15;9.06;8.97;8.87;8.76;8.66;8.57;8.48;8.40;8.33;8.26;8.20;8.14;8.09;8.04;7.99;7.95;7.90;7.86;7.82;7.78;7.74;7.70;7.66;7.62;7.58;7.55;7.52;7.49;7.46;7.43;7.41;7.39;7.38;7.37;7.36;7.36;7.36;7.37;7.37;7.38;7.40;7.41;7.42;7.44;7.45;7.46;7.48;7.49;7.50;7.52;7.53;7.54;7.55;7.56;7.57;7.59;7.60;7.61;7.63;7.64;7.66;7.69;7.71;7.75;7.78;7.83;7.88;7.94;8.01;8.10;8.19;8.30;8.42;8.56;8.72;8.90;9.11;9.33;9.57;9.81;10.05;10.30;10.54;10.79;11.05;11.31;11.59;11.89;12.22;12.55;12.90;;;;;;;;;;;;;;;
1.200;;;;;;;;;;;;;;;;;;;;;;;;10.25;10.12;10.00;9.88;9.77;9.67;9.58;9.50;9.43;9.36;9.28;9.21;9.12;9.03;8.93;8.82;8.71;8.61;8.52;8.44;8.36;8.29;8.23;8.17;8.12;8.07;8.02;7.97;7.93;7.89;7.85;7.81;7.77;7.74;7.70;7.66;7.63;7.59;7.56;7.53;7.50;7.47;7.44;7.42;7.40;7.38;7.37;7.36;7.36;7.36;7.37;7.38;7.39;7.40;7.41;7.43;7.44;7.46;7.47;7.49;7.50;7.52;7.53;7.54;7.55;7.56;7.58;7.59;7.60;7.61;7.62;7.63;7.64;7.66;7.68;7.70;7.73;7.76;7.80;7.85;7.90;7.97;8.04;8.13;8.23;8.35;8.48;8.63;8.81;9.00;9.22;9.46;9.71;9.96;10.21;10.46;10.72;10.97;11.24;11.52;11.83;12.16;12.51;12.87;13.24;;;;;;;;;;;;;;
1.100;;;;;;;;;;;;;;;;;;;;;;;10.36;10.23;10.10;9.98;9.87;9.76;9.66;9.57;9.50;9.42;9.35;9.27;9.19;9.09;8.99;8.88;8.77;8.66;8.56;8.47;8.39;8.32;8.26;8.20;8.14;8.09;8.05;8.00;7.96;7.92;7.88;7.85;7.81;7.78;7.74;7.71;7.67;7.64;7.61;7.57;7.54;7.51;7.48;7.45;7.43;7.41;7.39;7.38;7.37;7.37;7.37;7.37;7.38;7.39;7.41;7.42;7.44;7.45;7.47;7.49;7.50;7.52;7.53;7.54;7.56;7.57;7.58;7.59;7.60;7.61;7.62;7.63;7.64;7.65;7.66;7.68;7.70;7.72;7.75;7.78;7.82;7.87;7.93;8.00;8.08;8.17;8.28;8.41;8.55;8.72;8.91;9.12;9.36;9.61;9.86;10.12;10.38;10.64;10.91;11.18;11.47;11.77;12.11;12.47;12.84;13.22;;;;;;;;;;;;;;
1.000;;;;;;;;;;;;;;;;;;;;;;;10.35;10.22;10.10;9.98;9.86;9.75;9.66;9.57;9.50;9.42;9.34;9.26;9.16;9.06;8.95;8.83;8.71;8.61;8.51;8.43;8.35;8.28;8.22;8.17;8.12;8.07;8.03;7.99;7.95;7.91;7.88;7.85;7.81;7.78;7.75;7.72;7.69;7.66;7.62;7.59;7.56;7.53;7.50;7.47;7.44;7.42;7.40;7.39;7.38;7.37;7.37;7.38;7.39;7.40;7.42;7.43;7.45;7.46;7.48;7.50;7.51;7.53;7.55;7.56;7.57;7.58;7.59;7.60;7.61;7.62;7.63;7.64;7.65;7.65;7.66;7.68;7.69;7.71;7.74;7.77;7.80;7.85;7.90;7.96;8.04;8.13;8.23;8.35;8.49;8.65;8.83;9.03;9.26;9.51;9.78;10.04;10.31;10.58;10.85;11.12;11.41;11.72;12.06;12.42;12.81;13.21;;;;;;;;;;;;;;
0.900;;;;;;;;;;;;;;;;;;;;;;;10.35;10.22;10.10;9.98;9.87;9.76;9.66;9.58;9.50;9.42;9.33;9.24;9.14;9.02;8.90;8.78;8.66;8.56;8.47;8.39;8.31;8.25;8.19;8.14;8.09;8.05;8.01;7.97;7.94;7.91;7.88;7.85;7.82;7.79;7.76;7.73;7.70;7.67;7.64;7.61;7.58;7.55;7.52;7.49;7.46;7.44;7.41;7.40;7.38;7.38;7.38;7.38;7.40;7.41;7.42;7.44;7.46;7.48;7.49;7.51;7.53;7.55;7.56;7.58;7.59;7.60;7.61;7.62;7.63;7.64;7.64;7.65;7.66;7.66;7.67;7.68;7.69;7.71;7.73;7.76;7.79;7.83;7.88;7.94;8.01;8.09;8.19;8.30;8.43;8.58;8.76;8.95;9.18;9.43;9.70;9.96;10.24;10.51;10.79;11.07;11.36;11.67;12.00;12.37;12.77;13.18;13.60;;;;;;;;;;;;;
0.800;;;;;;;;;;;;;;;;;;;;;;10.50;10.37;10.24;10.12;10.00;9.88;9.77;9.67;9.59;9.50;9.41;9.32;9.22;9.11;8.98;8.86;8.73;8.62;8.52;8.43;8.35;8.28;8.22;8.16;8.11;8.07;8.03;7.99;7.96;7.93;7.90;7.88;7.85;7.82;7.80;7.77;7.75;7.72;7.69;7.67;7.64;7.61;7.58;7.55;7.52;7.49;7.46;7.43;7.41;7.39;7.39;7.38;7.39;7.40;7.42;7.43;7.45;7.47;7.49;7.51;7.53;7.54;7.56;7.58;7.59;7.61;7.62;7.63;7.64;7.65;7.65;7.66;7.66;7.67;7.67;7.68;7.69;7.70;7.71;7.73;7.75;7.78;7.82;7.86;7.92;7.98;8.06;8.15;8.26;8.39;8.53;8.70;8.89;9.11;9.35;9.62;9.89;10.17;10.45;10.73;11.02;11.31;11.62;11.95;12.32;12.72;13.14;13.57;;;;;;;;;;;;;
0.700;;;;;;;;;;;;;;;;;;;;;;10.54;10.41;10.28;10.15;10.02;9.90;9.79;9.69;9.60;9.51;9.41;9.31;9.19;9.07;8.94;8.81;8.68;8.57;8.48;8.39;8.31;8.24;8.18;8.13;8.09;8.05;8.01;7.98;7.95;7.92;7.90;7.88;7.85;7.83;7.81;7.79;7.76;7.74;7.71;7.69;7.66;7.64;7.61;7.58;7.54;7.51;7.48;7.45;7.42;7.40;7.39;7.39;7.40;7.41;7.43;7.45;7.47;7.49;7.51;7.52;7.54;7.56;7.58;7.59;7.61;7.62;7.63;7.64;7.65;7.66;7.67;7.67;7.68;7.68;7.69;7.69;7.70;7.70;7.72;7.73;7.75;7.78;7.81;7.85;7.90;7.96;8.04;8.12;8.23;8.35;8.49;8.65;8.83;9.04;9.28;9.55;9.83;10.11;10.39;10.68;10.96;11.26;11.57;11.90;12.26;12.66;13.08;13.52;;;;;;;;;;;;;
0.600;;;;;;;;;;;;;;;;;;;;;;10.59;10.45;10.32;10.19;10.05;9.93;9.81;9.71;9.61;9.51;9.41;9.29;9.17;9.04;8.90;8.76;8.64;8.53;8.44;8.35;8.28;8.21;8.15;8.11;8.06;8.03;7.99;7.96;7.94;7.92;7.89;7.87;7.85;7.83;7.82;7.80;7.78;7.76;7.73;7.71;7.69;7.66;7.64;7.61;7.58;7.54;7.50;7.47;7.44;7.41;7.40;7.40;7.41;7.42;7.44;7.46;7.48;7.50;7.52;7.54;7.56;7.58;7.59;7.61;7.63;7.64;7.65;7.66;7.67;7.68;7.68;7.69;7.69;7.69;7.70;7.70;7.71;7.71;7.72;7.73;7.75;7.77;7.80;7.84;7.89;7.95;8.02;8.10;8.20;8.32;8.45;8.61;8.79;8.99;9.22;9.49;9.77;10.05;10.33;10.62;10.91;11.20;11.51;11.84;12.19;12.59;13.01;13.46;;;;;;;;;;;;;
0.500;;;;;;;;;;;;;;;;;;;;;;10.66;10.51;10.37;10.23;10.09;9.96;9.85;9.74;9.63;9.52;9.41;9.28;9.15;9.01;8.86;8.72;8.60;8.49;8.40;8.32;8.24;8.18;8.13;8.08;8.04;8.01;7.98;7.95;7.93;7.91;7.89;7.87;7.85;7.84;7.82;7.81;7.79;7.77;7.75;7.73;7.71;7.69;7.67;7.64;7.61;7.57;7.53;7.49;7.45;7.42;7.40;7.40;7.42;7.44;7.46;7.48;7.50;7.52;7.54;7.56;7.58;7.60;7.61;7.63;7.64;7.65;7.67;7.68;7.68;7.69;7.70;7.70;7.70;7.71;7.71;7.71;7.72;7.72;7.73;7.74;7.76;7.78;7.80;7.84;7.88;7.94;8.01;8.09;8.18;8.29;8.42;8.58;8.75;8.95;9.18;9.44;9.71;9.99;10.28;10.57;10.85;11.15;11.45;11.77;12.12;12.51;12.93;13.37;13.83;;;;;;;;;;;;
0.400;;;;;;;;;;;;;;;;;;;;;10.88;10.73;10.58;10.43;10.29;10.14;10.00;9.88;9.76;9.65;9.53;9.40;9.27;9.13;8.98;8.83;8.69;8.57;8.46;8.37;8.28;8.21;8.15;8.10;8.06;8.02;7.99;7.96;7.94;7.92;7.90;7.88;7.87;7.85;7.84;7.83;7.81;7.80;7.78;7.77;7.75;7.73;7.71;7.69;7.67;7.64;7.61;7.57;7.52;7.47;7.43;7.41;7.41;7.43;7.46;7.48;7.50;7.52;7.54;7.56;7.58;7.60;7.61;7.63;7.64;7.66;7.67;7.68;7.69;7.70;7.70;7.71;7.71;7.72;7.72;7.72;7.72;7.73;7.73;7.74;7.75;7.76;7.78;7.81;7.84;7.88;7.94;8.00;8.08;8.17;8.28;8.40;8.55;8.72;8.91;9.13;9.39;9.66;9.94;10.23;10.51;10.80;11.09;11.39;11.70;12.04;12.42;12.83;13.27;13.72;;;;;;;;;;;;
0.300;;;;;;;;;;;;;;;;;;;;;10.97;10.82;10.66;10.50;10.35;10.19;10.05;9.92;9.79;9.67;9.54;9.40;9.26;9.11;8.95;8.80;8.66;8.54;8.43;8.34;8.26;8.19;8.13;8.08;8.04;8.00;7.97;7.95;7.92;7.91;7.89;7.88;7.87;7.85;7.84;7.83;7.82;7.80;7.79;7.78;7.76;7.75;7.73;7.72;7.70;7.67;7.65;7.61;7.56;7.49;7.43;7.41;7.43;7.46;7.49;7.51;7.53;7.55;7.57;7.58;7.60;7.61;7.63;7.64;7.66;7.67;7.68;7.69;7.70;7.71;7.72;7.72;7.72;7.73;7.73;7.73;7.73;7.74;7.74;7.75;7.75;7.77;7.79;7.81;7.84;7.88;7.93;8.00;8.07;8.16;8.26;8.39;8.53;8.69;8.88;9.10;9.35;9.62;9.90;10.18;10.46;10.74;11.03;11.32;11.62;11.95;12.32;12.72;13.14;13.59;;;;;;;;;;;;
0.200;;;;;;;;;;;;;;;;;;;;;11.08;10.91;10.75;10.58;10.41;10.25;10.10;9.96;9.83;9.69;9.55;9.41;9.25;9.09;8.93;8.77;8.63;8.51;8.41;8.31;8.23;8.17;8.11;8.06;8.02;7.98;7.96;7.93;7.91;7.90;7.88;7.87;7.86;7.85;7.84;7.83;7.82;7.81;7.80;7.79;7.77;7.76;7.75;7.73;7.72;7.70;7.68;7.66;7.61;7.53;7.44;7.43;7.47;7.50;7.53;7.55;7.57;7.58;7.59;7.60;7.62;7.63;7.64;7.66;7.67;7.68;7.69;7.70;7.71;7.72;7.72;7.73;7.73;7.74;7.74;7.74;7.74;7.74;7.75;7.75;7.76;7.77;7.79;7.82;7.85;7.89;7.94;8.00;8.07;8.15;8.26;8.38;8.52;8.68;8.86;9.07;9.31;9.58;9.85;10.13;10.41;10.69;10.96;11.25;11.54;11.86;12.21;12.60;13.01;13.44;;;;;;;;;;;;
0.100;;;;;;;;;;;;;;;;;;;;;11.19;11.02;10.84;10.66;10.48;10.31;10.15;10.00;9.86;9.72;9.57;9.41;9.25;9.08;8.91;8.75;8.61;8.49;8.39;8.29;8.21;8.15;8.09;8.04;8.00;7.97;7.94;7.92;7.90;7.89;7.88;7.87;7.86;7.85;7.84;7.83;7.82;7.81;7.80;7.79;7.78;7.76;7.75;7.74;7.73;7.71;7.70;7.69;7.67;7.61;7.45;7.48;7.54;7.57;7.58;7.59;7.60;7.61;7.61;7.62;7.63;7.64;7.65;7.67;7.68;7.69;7.70;7.71;7.71;7.72;7.73;7.73;7.74;7.74;7.74;7.74;7.75;7.75;7.75;7.76;7.77;7.78;7.80;7.82;7.85;7.89;7.94;8.00;8.07;8.15;8.25;8.37;8.51;8.66;8.84;9.05;9.28;9.54;9.81;10.08;10.36;10.63;10.90;11.17;11.46;11.76;12.09;12.47;12.86;13.27;;;;;;;;;;;;
0.000;;;;;;;;;;;;;;;;;;;;;11.31;11.12;10.94;10.75;10.56;10.38;10.21;10.05;9.90;9.74;9.58;9.42;9.25;9.08;8.90;8.74;8.60;8.48;8.37;8.28;8.20;8.13;8.07;8.03;7.99;7.96;7.93;7.91;7.89;7.88;7.87;7.86;7.85;7.84;7.84;7.83;7.82;7.81;7.80;7.79;7.78;7.77;7.75;7.74;7.72;7.71;7.70;7.68;7.67;7.66;7.65;7.64;7.63;7.63;7.63;7.63;7.63;7.63;7.63;7.64;7.65;7.65;7.66;7.67;7.68;7.69;7.70;7.71;7.72;7.72;7.73;7.73;7.74;7.74;7.74;7.75;7.75;7.75;7.76;7.76;7.77;7.79;7.80;7.83;7.86;7.90;7.94;8.00;8.07;8.15;8.25;8.37;8.50;8.65;8.83;9.03;9.26;9.51;9.78;10.04;10.31;10.57;10.83;11.10;11.37;11.66;11.97;12.33;12.70;13.09;;;;;;;;;;;;
-0.100;;;;;;;;;;;;;;;;;;;;;11.43;11.24;11.04;10.84;10.64;10.44;10.27;10.10;9.94;9.77;9.61;9.43;9.26;9.08;8.90;8.74;8.59;8.47;8.36;8.27;8.19;8.12;8.06;8.02;7.98;7.94;7.92;7.90;7.88;7.87;7.86;7.85;7.85;7.84;7.83;7.83;7.82;7.81;7.80;7.79;7.77;7.76;7.74;7.73;7.71;7.69;7.66;7.63;7.59;7.51;7.46;7.60;7.65;7.65;7.65;7.64;7.64;7.64;7.64;7.65;7.65;7.66;7.66;7.67;7.68;7.69;7.70;7.71;7.71;7.72;7.73;7.73;7.74;7.74;7.74;7.75;7.75;7.75;7.76;7.77;7.78;7.79;7.81;7.83;7.86;7.90;7.95;8.01;8.08;8.16;8.25;8.37;8.50;8.65;8.82;9.01;9.24;9.49;9.74;10.00;10.26;10.51;10.77;11.02;11.28;11.55;11.85;12.18;12.54;12.90;;;;;;;;;;;;
-0.200;;;;;;;;;;;;;;;;;;;;;11.56;11.35;11.14;10.93;10.72;10.51;10.33;10.15;9.98;9.81;9.63;9.45;9.27;9.08;8.90;8.74;8.59;8.47;8.36;8.26;8.18;8.11;8.05;8.01;7.97;7.94;7.91;7.89;7.88;7.86;7.85;7.85;7.84;7.83;7.83;7.82;7.81;7.80;7.79;7.78;7.77;7.75;7.73;7.71;7.69;7.66;7.63;7.58;7.53;7.47;7.46;7.54;7.60;7.63;7.64;7.64;7.64;7.64;7.65;7.65;7.65;7.66;7.66;7.67;7.68;7.69;7.69;7.70;7.71;7.71;7.72;7.73;7.73;7.74;7.74;7.74;7.75;7.75;7.76;7.77;7.78;7.79;7.81;7.84;7.87;7.91;7.96;8.01;8.08;8.16;8.26;8.37;8.50;8.65;8.81;9.00;9.22;9.46;9.72;9.97;10.22;10.46;10.70;10.94;11.18;11.44;11.72;12.03;12.37;12.71;;;;;;;;;;;;
-0.300;;;;;;;;;;;;;;;;;;;;;11.68;11.46;11.24;11.02;10.80;10.58;10.39;10.20;10.02;9.84;9.66;9.47;9.29;9.10;8.91;8.74;8.60;8.47;8.36;8.26;8.18;8.11;8.05;8.00;7.96;7.93;7.90;7.88;7.87;7.86;7.85;7.84;7.83;7.83;7.82;7.82;7.81;7.80;7.79;7.78;7.76;7.74;7.72;7.70;7.67;7.64;7.60;7.55;7.50;7.47;7.47;7.51;7.57;7.60;7.62;7.63;7.64;7.64;7.64;7.64;7.65;7.65;7.66;7.66;7.67;7.68;7.68;7.69;7.70;7.70;7.71;7.72;7.72;7.73;7.73;7.74;7.74;7.75;7.76;7.77;7.78;7.80;7.82;7.84;7.88;7.92;7.96;8.02;8.09;8.17;8.27;8.38;8.50;8.65;8.81;9.00;9.21;9.45;9.69;9.94;10.17;10.41;10.63;10.86;11.09;11.33;11.59;11.89;12.20;12.52;;;;;;;;;;;;
-0.400;;;;;;;;;;;;;;;;;;;;;11.81;11.58;11.34;11.11;10.88;10.65;10.45;10.25;10.07;9.88;9.69;9.50;9.31;9.11;8.93;8.76;8.61;8.48;8.36;8.26;8.18;8.11;8.05;8.00;7.96;7.92;7.90;7.88;7.86;7.85;7.84;7.83;7.83;7.82;7.82;7.81;7.80;7.79;7.78;7.77;7.75;7.73;7.71;7.68;7.65;7.62;7.58;7.54;7.50;7.47;7.48;7.50;7.54;7.57;7.60;7.61;7.62;7.63;7.63;7.63;7.64;7.64;7.65;7.65;7.66;7.66;7.67;7.68;7.69;7.69;7.70;7.70;7.71;7.72;7.72;7.73;7.74;7.74;7.75;7.77;7.78;7.80;7.82;7.85;7.88;7.92;7.97;8.03;8.10;8.18;8.28;8.39;8.51;8.65;8.82;9.00;9.21;9.44;9.67;9.91;10.13;10.36;10.57;10.78;11.00;11.22;11.47;11.74;12.03;12.32;12.62;;;;;;;;;;;
-0.500;;;;;;;;;;;;;;;;;;;;;11.93;11.69;11.44;11.20;10.95;10.72;10.51;10.31;10.11;9.92;9.72;9.53;9.34;9.14;8.95;8.78;8.62;8.49;8.37;8.27;8.18;8.11;8.05;8.00;7.95;7.92;7.89;7.87;7.86;7.84;7.84;7.83;7.82;7.82;7.81;7.81;7.80;7.79;7.78;7.76;7.74;7.72;7.70;7.67;7.64;7.60;7.57;7.53;7.50;7.48;7.48;7.50;7.53;7.55;7.58;7.59;7.60;7.61;7.62;7.62;7.63;7.63;7.63;7.64;7.65;7.65;7.66;7.66;7.67;7.68;7.68;7.69;7.70;7.70;7.71;7.72;7.73;7.74;7.75;7.76;7.78;7.80;7.82;7.85;7.89;7.93;7.98;8.04;8.11;8.20;8.29;8.40;8.52;8.67;8.83;9.01;9.21;9.43;9.66;9.88;10.10;10.31;10.51;10.71;10.91;11.12;11.35;11.60;11.86;12.14;12.41;;;;;;;;;;;
-0.600;;;;;;;;;;;;;;;;;;;;;12.04;11.79;11.54;11.28;11.03;10.79;10.57;10.36;10.16;9.96;9.76;9.56;9.37;9.17;8.97;8.80;8.64;8.51;8.38;8.28;8.19;8.11;8.05;8.00;7.95;7.92;7.89;7.87;7.85;7.84;7.83;7.82;7.82;7.81;7.81;7.80;7.79;7.78;7.77;7.76;7.74;7.72;7.69;7.66;7.63;7.60;7.56;7.53;7.51;7.49;7.49;7.50;7.52;7.54;7.56;7.57;7.59;7.60;7.60;7.61;7.61;7.62;7.62;7.63;7.63;7.64;7.64;7.65;7.65;7.66;7.67;7.68;7.68;7.69;7.70;7.71;7.72;7.73;7.74;7.76;7.78;7.80;7.83;7.86;7.90;7.94;7.99;8.06;8.13;8.21;8.31;8.42;8.54;8.68;8.84;9.01;9.21;9.43;9.65;9.86;10.07;10.27;10.46;10.64;10.83;11.02;11.23;11.46;11.71;11.96;12.21;;;;;;;;;;;
-0.700;;;;;;;;;;;;;;;;;;;;;12.15;11.89;11.63;11.36;11.10;10.86;10.63;10.41;10.20;10.00;9.80;9.60;9.40;9.20;9.01;8.83;8.67;8.53;8.40;8.29;8.20;8.12;8.05;8.00;7.95;7.92;7.89;7.86;7.85;7.83;7.82;7.82;7.81;7.81;7.80;7.79;7.79;7.78;7.76;7.75;7.73;7.71;7.68;7.66;7.63;7.60;7.56;7.54;7.51;7.50;7.50;7.50;7.52;7.53;7.55;7.56;7.57;7.58;7.59;7.60;7.60;7.60;7.61;7.61;7.62;7.62;7.63;7.63;7.64;7.64;7.65;7.66;7.67;7.68;7.69;7.70;7.71;7.72;7.74;7.75;7.78;7.80;7.83;7.87;7.91;7.95;8.01;8.07;8.15;8.23;8.33;8.44;8.56;8.70;8.86;9.03;9.23;9.44;9.65;9.85;10.04;10.23;10.41;10.58;10.75;10.93;11.12;11.33;11.56;11.79;;;;;;;;;;;;
-0.800;;;;;;;;;;;;;;;;;;;;;12.25;11.99;11.71;11.44;11.17;10.92;10.68;10.46;10.25;10.04;9.84;9.64;9.44;9.24;9.05;8.86;8.70;8.55;8.42;8.31;8.21;8.13;8.06;8.00;7.96;7.92;7.89;7.86;7.84;7.83;7.82;7.81;7.81;7.80;7.79;7.79;7.78;7.77;7.76;7.74;7.72;7.70;7.68;7.65;7.62;7.60;7.57;7.54;7.52;7.51;7.50;7.51;7.52;7.53;7.54;7.55;7.56;7.57;7.58;7.58;7.59;7.59;7.60;7.60;7.60;7.61;7.61;7.62;7.62;7.63;7.64;7.64;7.65;7.66;7.67;7.68;7.70;7.71;7.73;7.75;7.78;7.80;7.83;7.87;7.92;7.97;8.02;8.09;8.17;8.25;8.35;8.46;8.58;8.72;8.88;9.05;9.24;9.45;9.65;9.84;10.02;10.19;10.36;10.52;10.68;10.84;11.02;11.22;11.43;11.63;;;;;;;;;;;;
-0.900;;;;;;;;;;;;;;;;;;;;;12.35;12.07;11.80;11.52;11.24;10.98;10.74;10.51;10.29;10.09;9.88;9.68;9.48;9.29;9.09;8.90;8.73;8.58;8.45;8.33;8.23;8.15;8.07;8.01;7.96;7.92;7.89;7.86;7.84;7.83;7.81;7.81;7.80;7.79;7.79;7.78;7.77;7.76;7.75;7.74;7.72;7.70;7.68;7.65;7.62;7.60;7.57;7.55;7.53;7.52;7.51;7.51;7.52;7.53;7.54;7.55;7.56;7.56;7.57;7.58;7.58;7.58;7.59;7.59;7.59;7.60;7.60;7.60;7.61;7.62;7.62;7.63;7.64;7.65;7.66;7.67;7.69;7.71;7.73;7.75;7.78;7.81;7.84;7.88;7.93;7.98;8.04;8.11;8.19;8.28;8.38;8.49;8.61;8.75;8.91;9.08;9.27;9.47;9.66;9.84;10.01;10.17;10.32;10.46;10.61;10.76;10.93;11.11;11.30;11.49;;;;;;;;;;;;
-1.000;;;;;;;;;;;;;;;;;;;;;12.44;12.16;11.87;11.59;11.31;11.04;10.79;10.56;10.34;10.13;9.93;9.73;9.53;9.33;9.13;8.94;8.77;8.61;8.47;8.36;8.25;8.16;8.08;8.02;7.97;7.92;7.89;7.86;7.84;7.82;7.81;7.80;7.79;7.79;7.78;7.77;7.77;7.76;7.75;7.73;7.71;7.70;7.67;7.65;7.63;7.60;7.58;7.56;7.54;7.53;7.52;7.52;7.53;7.53;7.54;7.55;7.55;7.56;7.57;7.57;7.57;7.58;7.58;7.58;7.58;7.59;7.59;7.59;7.60;7.60;7.61;7.62;7.63;7.64;7.65;7.67;7.68;7.70;7.72;7.75;7.78;7.81;7.85;7.89;7.94;8.00;8.06;8.13;8.22;8.31;8.41;8.52;8.65;8.79;8.94;9.11;9.30;9.49;9.67;9.84;10.00;10.15;10.29;10.42;10.56;10.70;10.85;11.02;11.19;11.37;;;;;;;;;;;;
-1.100;;;;;;;;;;;;;;;;;;;;;12.51;12.23;11.94;11.65;11.37;11.09;10.84;10.60;10.38;10.17;9.97;9.77;9.58;9.38;9.18;8.99;8.81;8.65;8.51;8.38;8.27;8.18;8.10;8.03;7.98;7.93;7.89;7.86;7.84;7.82;7.81;7.80;7.79;7.78;7.77;7.77;7.76;7.75;7.74;7.73;7.71;7.69;7.67;7.65;7.63;7.60;7.58;7.56;7.55;7.54;7.53;7.53;7.53;7.54;7.54;7.55;7.56;7.56;7.57;7.57;7.57;7.57;7.58;7.58;7.58;7.58;7.58;7.59;7.59;7.60;7.60;7.61;7.62;7.63;7.64;7.66;7.68;7.70;7.72;7.75;7.78;7.82;7.86;7.91;7.96;8.02;8.09;8.16;8.25;8.34;8.44;8.56;8.69;8.83;8.98;9.15;9.34;9.52;9.69;9.85;10.00;10.14;10.26;10.39;10.51;10.64;10.78;10.94;11.10;11.26;;;;;;;;;;;;
-1.200;;;;;;;;;;;;;;;;;;;;;12.59;12.30;12.01;11.71;11.42;11.14;10.88;10.64;10.42;10.21;10.01;9.81;9.62;9.43;9.24;9.04;8.85;8.69;8.54;8.41;8.30;8.20;8.12;8.05;7.99;7.94;7.90;7.86;7.84;7.82;7.80;7.79;7.78;7.78;7.77;7.76;7.75;7.75;7.74;7.72;7.71;7.69;7.67;7.65;7.63;7.61;7.59;7.57;7.56;7.55;7.54;7.54;7.54;7.54;7.55;7.55;7.56;7.56;7.57;7.57;7.57;7.57;7.57;7.58;7.58;7.58;7.58;7.58;7.59;7.59;7.60;7.60;7.61;7.63;7.64;7.66;7.68;7.70;7.73;7.76;7.79;7.83;7.87;7.92;7.98;8.04;8.11;8.19;8.28;8.38;8.49;8.60;8.73;8.88;9.03;9.20;9.38;9.56;9.72;9.87;10.00;10.13;10.25;10.36;10.48;10.60;10.73;10.88;11.02;11.17;;;;;;;;;;;;
-1.300;;;;;;;;;;;;;;;;;;;;;12.66;12.37;12.07;11.78;11.48;11.20;10.93;10.69;10.46;10.25;10.05;9.86;9.67;9.48;9.29;9.09;8.90;8.74;8.58;8.45;8.33;8.23;8.14;8.06;8.00;7.95;7.90;7.87;7.84;7.82;7.80;7.79;7.78;7.77;7.76;7.76;7.75;7.74;7.73;7.72;7.70;7.69;7.67;7.65;7.63;7.61;7.60;7.58;7.57;7.56;7.55;7.55;7.55;7.55;7.56;7.56;7.57;7.57;7.57;7.58;7.58;7.58;7.58;7.58;7.58;7.58;7.58;7.58;7.58;7.59;7.60;7.60;7.61;7.63;7.64;7.66;7.68;7.70;7.73;7.77;7.80;7.84;7.89;7.95;8.00;8.07;8.15;8.23;8.32;8.42;8.53;8.65;8.79;8.93;9.09;9.25;9.43;9.60;9.75;9.89;10.02;10.13;10.24;10.35;10.45;10.57;10.69;10.83;10.96;11.10;;;;;;;;;;;;
-1.400;;;;;;;;;;;;;;;;;;;;;12.73;12.44;12.14;11.84;11.54;11.25;10.98;10.73;10.50;10.29;10.09;9.90;9.71;9.53;9.34;9.15;8.96;8.79;8.63;8.49;8.37;8.26;8.17;8.09;8.02;7.96;7.92;7.88;7.85;7.82;7.80;7.79;7.78;7.77;7.76;7.75;7.75;7.74;7.73;7.72;7.70;7.69;7.67;7.65;7.64;7.62;7.60;7.59;7.58;7.57;7.56;7.56;7.56;7.56;7.57;7.57;7.57;7.58;7.58;7.58;7.58;7.58;7.58;7.58;7.58;7.58;7.58;7.59;7.59;7.59;7.60;7.61;7.62;7.63;7.64;7.66;7.69;7.71;7.74;7.78;7.82;7.86;7.91;7.97;8.03;8.10;8.18;8.27;8.36;8.47;8.58;8.71;8.84;8.99;9.15;9.32;9.49;9.65;9.79;9.92;10.04;10.15;10.25;10.35;10.44;10.55;10.67;10.80;10.92;11.05;;;;;;;;;;;;
-1.500;;;;;;;;;;;;;;;;;;;;;12.80;12.51;12.20;11.90;11.60;11.30;11.02;10.77;10.54;10.32;10.13;9.94;9.76;9.58;9.40;9.22;9.02;8.84;8.68;8.53;8.41;8.29;8.20;8.11;8.04;7.98;7.93;7.89;7.85;7.83;7.81;7.79;7.78;7.77;7.76;7.75;7.74;7.73;7.72;7.71;7.70;7.69;7.67;7.66;7.64;7.63;7.61;7.60;7.59;7.58;7.57;7.57;7.57;7.57;7.58;7.58;7.58;7.59;7.59;7.59;7.59;7.59;7.59;7.59;7.59;7.59;7.59;7.59;7.59;7.60;7.60;7.61;7.62;7.64;7.65;7.67;7.70;7.72;7.76;7.79;7.84;7.88;7.94;8.00;8.07;8.14;8.22;8.31;8.41;8.52;8.64;8.77;8.91;9.06;9.22;9.38;9.55;9.70;9.84;9.96;10.07;10.17;10.26;10.35;10.45;10.55;10.66;10.78;10.90;11.01;;;;;;;;;;;;
-1.600;;;;;;;;;;;;;;;;;;;;;;12.58;12.27;11.96;11.66;11.36;11.07;10.81;10.57;10.36;10.16;9.98;9.80;9.62;9.45;9.28;9.09;8.90;8.73;8.58;8.45;8.33;8.23;8.14;8.07;8.00;7.95;7.90;7.87;7.84;7.81;7.80;7.78;7.77;7.76;7.75;7.74;7.73;7.72;7.71;7.70;7.69;7.67;7.66;7.65;7.63;7.62;7.61;7.60;7.59;7.59;7.58;7.58;7.59;7.59;7.59;7.60;7.60;7.60;7.60;7.61;7.61;7.61;7.61;7.60;7.60;7.60;7.60;7.61;7.61;7.61;7.62;7.63;7.65;7.66;7.69;7.71;7.74;7.77;7.81;7.86;7.91;7.97;8.03;8.10;8.18;8.27;8.37;8.47;8.58;8.70;8.84;8.98;9.13;9.29;9.46;9.62;9.76;9.89;10.00;10.11;10.20;10.29;10.37;10.47;10.56;10.67;10.78;10.89;;;;;;;;;;;;;
-1.700;;;;;;;;;;;;;;;;;;;;;;12.67;12.35;12.04;11.73;11.42;11.13;10.86;10.62;10.40;10.20;10.01;9.84;9.67;9.50;9.34;9.16;8.97;8.80;8.64;8.50;8.38;8.27;8.18;8.10;8.03;7.97;7.92;7.88;7.85;7.83;7.80;7.79;7.77;7.76;7.75;7.74;7.74;7.73;7.72;7.70;7.69;7.68;7.66;7.65;7.64;7.63;7.62;7.61;7.60;7.60;7.60;7.60;7.60;7.60;7.60;7.61;7.61;7.62;7.62;7.62;7.62;7.62;7.62;7.62;7.62;7.62;7.62;7.62;7.62;7.63;7.64;7.65;7.66;7.68;7.70;7.73;7.76;7.80;7.84;7.89;7.94;8.00;8.07;8.15;8.23;8.32;8.42;8.53;8.65;8.77;8.91;9.05;9.21;9.37;9.54;9.69;9.83;9.95;10.05;10.15;10.24;10.32;10.41;10.50;10.59;10.70;10.80;10.91;;;;;;;;;;;;;
-1.800;;;;;;;;;;;;;;;;;;;;;;12.77;12.45;12.12;11.80;11.49;11.19;10.91;10.66;10.43;10.23;10.05;9.87;9.71;9.55;9.39;9.23;9.04;8.86;8.70;8.56;8.43;8.32;8.22;8.13;8.06;8.00;7.95;7.90;7.87;7.84;7.82;7.80;7.78;7.77;7.76;7.75;7.74;7.73;7.72;7.71;7.70;7.68;7.67;7.66;7.65;7.63;7.62;7.62;7.61;7.61;7.61;7.61;7.61;7.61;7.62;7.62;7.63;7.63;7.63;7.63;7.64;7.64;7.64;7.63;7.63;7.63;7.63;7.64;7.64;7.65;7.65;7.67;7.68;7.70;7.72;7.75;7.78;7.82;7.87;7.92;7.98;8.04;8.11;8.19;8.28;8.38;8.48;8.59;8.72;8.85;8.99;9.14;9.30;9.46;9.63;9.77;9.90;10.01;10.11;10.20;10.29;10.37;10.45;10.54;10.64;10.74;10.84;10.94;;;;;;;;;;;;;
-1.900;;;;;;;;;;;;;;;;;;;;;;12.89;12.56;12.23;11.90;11.58;11.27;10.98;10.71;10.48;10.27;10.08;9.91;9.75;9.60;9.45;9.29;9.12;8.94;8.77;8.62;8.49;8.37;8.27;8.18;8.10;8.03;7.98;7.93;7.89;7.86;7.83;7.81;7.80;7.78;7.77;7.76;7.75;7.74;7.72;7.71;7.70;7.69;7.68;7.67;7.65;7.64;7.63;7.63;7.62;7.62;7.62;7.62;7.62;7.63;7.63;7.64;7.64;7.64;7.65;7.65;7.65;7.65;7.65;7.65;7.65;7.65;7.65;7.66;7.66;7.67;7.67;7.69;7.70;7.72;7.75;7.78;7.81;7.85;7.90;7.95;8.01;8.08;8.16;8.24;8.33;8.43;8.54;8.66;8.79;8.93;9.07;9.23;9.39;9.56;9.71;9.85;9.97;10.08;10.18;10.27;10.35;10.43;10.51;10.60;10.70;10.80;10.89;10.99;;;;;;;;;;;;;
-2.000;;;;;;;;;;;;;;;;;;;;;;;12.70;12.35;12.01;11.68;11.36;11.05;10.78;10.53;10.31;10.12;9.94;9.79;9.64;9.49;9.35;9.20;9.02;8.85;8.69;8.56;8.43;8.32;8.23;8.15;8.07;8.01;7.96;7.92;7.89;7.86;7.83;7.81;7.80;7.78;7.77;7.76;7.75;7.73;7.72;7.71;7.70;7.69;7.67;7.66;7.65;7.65;7.64;7.63;7.63;7.63;7.63;7.64;7.64;7.64;7.65;7.65;7.66;7.66;7.67;7.67;7.67;7.67;7.67;7.67;7.67;7.67;7.68;7.68;7.69;7.70;7.71;7.73;7.75;7.78;7.81;7.84;7.89;7.94;7.99;8.06;8.13;8.21;8.30;8.39;8.50;8.61;8.74;8.87;9.01;9.16;9.32;9.49;9.65;9.80;9.93;10.05;10.16;10.25;10.34;10.42;10.50;10.59;10.68;10.77;10.87;10.97;;;;;;;;;;;;;;
-2.100;;;;;;;;;;;;;;;;;;;;;;;12.87;12.50;12.15;11.80;11.46;11.14;10.85;10.59;10.36;10.16;9.98;9.82;9.68;9.54;9.40;9.27;9.10;8.93;8.77;8.63;8.50;8.39;8.28;8.20;8.12;8.06;8.00;7.96;7.92;7.89;7.86;7.84;7.82;7.80;7.79;7.77;7.76;7.75;7.73;7.72;7.71;7.70;7.69;7.67;7.66;7.66;7.65;7.65;7.64;7.64;7.64;7.65;7.65;7.66;7.66;7.67;7.67;7.68;7.68;7.69;7.69;7.69;7.69;7.69;7.70;7.70;7.70;7.71;7.71;7.72;7.74;7.76;7.78;7.81;7.84;7.88;7.92;7.98;8.04;8.10;8.18;8.26;8.36;8.46;8.57;8.69;8.82;8.95;9.10;9.26;9.42;9.59;9.75;9.89;10.02;10.14;10.24;10.33;10.42;10.50;10.58;10.67;10.77;10.86;10.96;11.05;;;;;;;;;;;;;;
-2.200;;;;;;;;;;;;;;;;;;;;;;;13.09;12.70;12.31;11.94;11.59;11.26;10.95;10.66;10.42;10.20;10.02;9.86;9.71;9.58;9.45;9.32;9.19;9.02;8.85;8.71;8.57;8.45;8.35;8.26;8.18;8.11;8.05;8.00;7.96;7.92;7.89;7.86;7.84;7.82;7.81;7.79;7.78;7.76;7.75;7.74;7.72;7.71;7.70;7.69;7.68;7.67;7.66;7.66;7.66;7.66;7.66;7.66;7.67;7.67;7.68;7.68;7.69;7.70;7.70;7.71;7.71;7.71;7.71;7.72;7.72;7.72;7.73;7.73;7.74;7.75;7.77;7.79;7.81;7.84;7.88;7.92;7.97;8.02;8.08;8.15;8.23;8.32;8.42;8.52;8.64;8.77;8.90;9.04;9.20;9.36;9.53;9.70;9.85;9.99;10.11;10.22;10.32;10.42;10.50;10.59;10.68;10.77;10.87;10.97;11.06;11.16;;;;;;;;;;;;;;
-2.300;;;;;;;;;;;;;;;;;;;;;;;;12.93;12.52;12.12;11.75;11.39;11.06;10.76;10.49;10.26;10.06;9.89;9.74;9.61;9.49;9.37;9.25;9.11;8.94;8.79;8.65;8.53;8.42;8.32;8.24;8.17;8.10;8.05;8.00;7.96;7.93;7.90;7.87;7.85;7.83;7.82;7.80;7.78;7.77;7.76;7.74;7.73;7.72;7.70;7.69;7.69;7.68;7.67;7.67;7.67;7.67;7.68;7.68;7.69;7.69;7.70;7.71;7.71;7.72;7.72;7.73;7.73;7.74;7.74;7.74;7.75;7.75;7.76;7.77;7.78;7.80;7.82;7.85;7.88;7.92;7.96;8.01;8.07;8.13;8.21;8.29;8.38;8.48;8.60;8.72;8.85;8.99;9.14;9.30;9.46;9.64;9.80;9.95;10.08;10.20;10.31;10.41;10.50;10.59;10.68;10.78;10.88;10.98;11.08;11.18;;;;;;;;;;;;;;;
-2.400;;;;;;;;;;;;;;;;;;;;;;;;13.23;12.78;12.35;11.94;11.56;11.20;10.88;10.58;10.33;10.12;9.93;9.77;9.64;9.52;9.41;9.30;9.19;9.04;8.88;8.74;8.61;8.50;8.40;8.31;8.23;8.16;8.10;8.05;8.01;7.97;7.94;7.91;7.89;7.87;7.85;7.83;7.81;7.79;7.78;7.76;7.75;7.74;7.72;7.71;7.70;7.70;7.69;7.69;7.69;7.69;7.69;7.70;7.70;7.71;7.72;7.72;7.73;7.74;7.74;7.75;7.75;7.76;7.76;7.77;7.77;7.78;7.79;7.80;7.82;7.84;7.86;7.89;7.92;7.96;8.00;8.06;8.12;8.19;8.27;8.35;8.45;8.56;8.67;8.80;8.93;9.08;9.24;9.40;9.57;9.75;9.90;10.05;10.18;10.30;10.40;10.50;10.60;10.69;10.79;10.89;10.99;11.10;11.20;11.31;;;;;;;;;;;;;;;
-2.500;;;;;;;;;;;;;;;;;;;;;;;;;13.11;12.63;12.18;11.76;11.38;11.02;10.70;10.42;10.18;9.98;9.81;9.67;9.54;9.44;9.34;9.24;9.13;8.98;8.83;8.70;8.58;8.48;8.38;8.30;8.23;8.17;8.11;8.06;8.02;7.99;7.96;7.93;7.91;7.88;7.86;7.84;7.83;7.81;7.79;7.77;7.76;7.75;7.73;7.72;7.72;7.71;7.71;7.70;7.71;7.71;7.71;7.72;7.72;7.73;7.74;7.75;7.76;7.76;7.77;7.78;7.78;7.79;7.80;7.80;7.81;7.82;7.84;7.85;7.87;7.90;7.93;7.96;8.00;8.05;8.11;8.17;8.25;8.33;8.42;8.52;8.63;8.75;8.88;9.02;9.18;9.34;9.51;9.69;9.85;10.01;10.15;10.27;10.39;10.50;10.60;10.69;10.79;10.90;11.00;11.12;11.23;11.34;;;;;;;;;;;;;;;;
-2.600;;;;;;;;;;;;;;;;;;;;;;;;;13.51;12.97;12.47;12.01;11.59;11.20;10.85;10.54;10.27;10.04;9.86;9.70;9.57;9.46;9.36;9.27;9.19;9.07;8.93;8.79;8.67;8.56;8.46;8.38;8.30;8.24;8.18;8.13;8.08;8.04;8.01;7.98;7.95;7.93;7.90;7.88;7.86;7.84;7.82;7.80;7.79;7.77;7.76;7.75;7.74;7.73;7.73;7.73;7.72;7.73;7.73;7.74;7.74;7.75;7.76;7.77;7.78;7.78;7.79;7.80;7.81;7.82;7.82;7.83;7.84;7.86;7.87;7.89;7.91;7.94;7.97;8.01;8.05;8.10;8.16;8.23;8.31;8.39;8.49;8.59;8.71;8.84;8.97;9.12;9.28;9.45;9.62;9.80;9.96;10.11;10.24;10.37;10.48;10.59;10.69;10.79;10.90;11.01;11.13;11.25;11.36;11.48;;;;;;;;;;;;;;;;
-2.700;;;;;;;;;;;;;;;;;;;;;;;;;;13.41;12.84;12.32;11.85;11.42;11.03;10.68;10.38;10.13;9.92;9.74;9.60;9.48;9.38;9.29;9.21;9.14;9.02;8.89;8.76;8.65;8.55;8.46;8.38;8.31;8.25;8.20;8.15;8.11;8.07;8.04;8.01;7.98;7.95;7.93;7.90;7.88;7.86;7.84;7.82;7.81;7.79;7.78;7.77;7.76;7.75;7.75;7.75;7.75;7.75;7.76;7.76;7.77;7.78;7.79;7.80;7.81;7.82;7.82;7.83;7.84;7.85;7.86;7.88;7.89;7.91;7.93;7.95;7.98;8.02;8.06;8.11;8.16;8.22;8.29;8.37;8.46;8.56;8.67;8.79;8.93;9.07;9.22;9.38;9.56;9.74;9.90;10.06;10.20;10.33;10.45;10.57;10.67;10.78;10.89;11.00;11.12;11.25;11.38;11.50;11.63;;;;;;;;;;;;;;;;
-2.800;;;;;;;;;;;;;;;;;;;;;;;;;;13.95;13.29;12.70;12.17;11.68;11.25;10.87;10.53;10.24;9.99;9.79;9.63;9.50;9.39;9.31;9.23;9.16;9.10;8.98;8.86;8.74;8.64;8.55;8.47;8.39;8.33;8.27;8.22;8.18;8.14;8.10;8.06;8.03;8.01;7.98;7.95;7.93;7.91;7.88;7.86;7.84;7.83;7.81;7.80;7.79;7.78;7.78;7.77;7.77;7.78;7.78;7.79;7.79;7.80;7.81;7.82;7.83;7.84;7.85;7.86;7.87;7.89;7.90;7.91;7.93;7.95;7.97;8.00;8.03;8.07;8.11;8.16;8.22;8.29;8.36;8.45;8.54;8.64;8.76;8.88;9.02;9.17;9.33;9.50;9.67;9.85;10.01;10.16;10.29;10.42;10.54;10.65;10.76;10.87;10.98;11.10;11.23;11.37;11.50;11.64;;;;;;;;;;;;;;;;;
-2.900;;;;;;;;;;;;;;;;;;;;;;;;;;;13.87;13.18;12.56;12.01;11.53;11.10;10.71;10.38;10.10;9.87;9.68;9.53;9.41;9.31;9.24;9.17;9.12;9.06;8.95;8.84;8.73;8.64;8.56;8.48;8.41;8.35;8.30;8.25;8.21;8.17;8.13;8.10;8.07;8.04;8.01;7.98;7.96;7.93;7.91;7.89;7.87;7.85;7.84;7.83;7.82;7.81;7.81;7.80;7.81;7.81;7.81;7.82;7.83;7.84;7.85;7.86;7.87;7.88;7.89;7.91;7.92;7.94;7.95;7.97;8.00;8.02;8.05;8.09;8.13;8.17;8.23;8.29;8.36;8.44;8.52;8.62;8.73;8.85;8.98;9.12;9.28;9.44;9.62;9.79;9.95;10.10;10.24;10.37;10.49;10.61;10.72;10.83;10.94;11.07;11.20;11.34;11.48;11.63;11.77;;;;;;;;;;;;;;;;;
-3.000;;;;;;;;;;;;;;;;;;;;;;;;;;;14.59;13.76;13.05;12.41;11.86;11.37;10.94;10.56;10.24;9.97;9.75;9.57;9.43;9.32;9.24;9.17;9.12;9.07;9.03;8.93;8.83;8.73;8.65;8.57;8.50;8.44;8.38;8.33;8.29;8.24;8.21;8.17;8.14;8.10;8.07;8.04;8.01;7.99;7.96;7.94;7.92;7.90;7.88;7.87;7.86;7.85;7.84;7.84;7.84;7.84;7.84;7.85;7.86;7.87;7.88;7.89;7.90;7.92;7.93;7.94;7.96;7.98;8.00;8.02;8.04;8.07;8.11;8.14;8.19;8.24;8.30;8.36;8.43;8.52;8.61;8.71;8.82;8.95;9.09;9.23;9.39;9.56;9.74;9.90;10.05;10.19;10.32;10.44;10.56;10.67;10.78;10.89;11.01;11.14;11.29;11.44;11.59;11.74;;;;;;;;;;;;;;;;;;
-3.100;;;;;;;;;;;;;;;;;;;;;;;;;;;;14.53;13.67;12.92;12.28;11.72;11.23;10.80;10.42;10.11;9.85;9.64;9.47;9.34;9.24;9.17;9.11;9.07;9.03;8.99;8.91;8.82;8.74;8.66;8.59;8.53;8.47;8.42;8.37;8.33;8.29;8.25;8.21;8.18;8.14;8.11;8.08;8.05;8.02;8.00;7.97;7.95;7.93;7.92;7.90;7.89;7.88;7.88;7.88;7.88;7.88;7.89;7.90;7.90;7.92;7.93;7.94;7.95;7.97;7.99;8.01;8.03;8.05;8.07;8.10;8.13;8.17;8.21;8.26;8.31;8.37;8.44;8.52;8.61;8.70;8.81;8.93;9.06;9.20;9.35;9.52;9.69;9.85;10.00;10.14;10.27;10.38;10.50;10.60;10.71;10.82;10.94;11.07;11.21;11.36;11.52;11.68;;;;;;;;;;;;;;;;;;;
-3.200;;;;;;;;;;;;;;;;;;;;;;;;;;;;15.51;14.45;13.55;12.79;12.13;11.57;11.08;10.65;10.29;9.98;9.73;9.53;9.37;9.25;9.16;9.09;9.05;9.02;8.99;8.97;8.90;8.82;8.75;8.68;8.62;8.56;8.51;8.46;8.41;8.37;8.33;8.29;8.26;8.22;8.19;8.15;8.12;8.09;8.06;8.04;8.01;7.99;7.97;7.96;7.94;7.93;7.93;7.92;7.92;7.93;7.93;7.94;7.95;7.96;7.97;7.98;8.00;8.02;8.04;8.06;8.08;8.10;8.13;8.16;8.20;8.24;8.28;8.33;8.39;8.46;8.53;8.61;8.71;8.81;8.92;9.04;9.18;9.33;9.49;9.65;9.81;9.95;10.09;10.21;10.32;10.43;10.53;10.63;10.74;10.85;10.97;11.11;11.26;11.42;11.59;11.76;;;;;;;;;;;;;;;;;;;
-3.300;;;;;;;;;;;;;;;;;;;;;;;;;;;;;15.48;14.36;13.44;12.66;12.00;11.43;10.95;10.53;10.17;9.87;9.63;9.44;9.28;9.17;9.09;9.03;8.99;8.97;8.95;8.94;8.90;8.83;8.76;8.70;8.65;8.60;8.55;8.51;8.46;8.42;8.38;8.34;8.31;8.27;8.24;8.20;8.17;8.14;8.11;8.08;8.06;8.04;8.02;8.00;7.99;7.98;7.98;7.98;7.98;7.98;7.99;8.00;8.01;8.02;8.03;8.05;8.07;8.09;8.11;8.14;8.17;8.20;8.23;8.27;8.32;8.37;8.42;8.49;8.55;8.63;8.72;8.82;8.92;9.04;9.17;9.31;9.47;9.62;9.77;9.91;10.04;10.15;10.26;10.36;10.45;10.55;10.64;10.74;10.86;10.99;11.14;11.29;11.46;11.63;;;;;;;;;;;;;;;;;;;;
-3.400;;;;;;;;;;;;;;;;;;;;;;;;;;;;;;15.40;14.25;13.31;12.52;11.86;11.30;10.82;10.40;10.05;9.76;9.53;9.34;9.20;9.09;9.02;8.97;8.94;8.92;8.91;8.91;8.90;8.84;8.79;8.73;8.69;8.64;8.60;8.55;8.51;8.47;8.44;8.40;8.36;8.32;8.29;8.25;8.22;8.19;8.16;8.13;8.11;8.09;8.07;8.06;8.05;8.04;8.03;8.03;8.04;8.04;8.05;8.06;8.08;8.09;8.11;8.13;8.16;8.18;8.21;8.24;8.28;8.32;8.36;8.41;8.46;8.52;8.59;8.66;8.75;8.84;8.94;9.06;9.18;9.32;9.46;9.61;9.75;9.88;10.00;10.10;10.20;10.29;10.37;10.45;10.54;10.63;10.73;10.85;10.99;11.14;11.31;11.47;;;;;;;;;;;;;;;;;;;;;
-3.500;;;;;;;;;;;;;;;;;;;;;;;;;;;;;;;15.33;14.15;13.19;12.40;11.73;11.18;10.70;10.30;9.95;9.67;9.44;9.27;9.13;9.03;8.96;8.91;8.89;8.88;8.88;8.89;8.89;8.86;8.81;8.77;8.73;8.69;8.65;8.61;8.57;8.53;8.49;8.46;8.42;8.38;8.34;8.31;8.28;8.24;8.22;8.19;8.17;8.15;8.13;8.12;8.11;8.10;8.10;8.10;8.11;8.12;8.13;8.14;8.16;8.18;8.21;8.23;8.26;8.29;8.33;8.37;8.41;8.46;8.51;8.57;8.64;8.71;8.79;8.88;8.98;9.09;9.21;9.34;9.48;9.61;9.74;9.86;9.96;10.06;10.14;10.22;10.29;10.36;10.43;10.51;10.60;10.70;10.83;10.97;11.13;11.29;11.47;;;;;;;;;;;;;;;;;;;;;
-3.600;;;;;;;;;;;;;;;;;;;;;;;;;;;;;;;16.76;15.23;14.03;13.06;12.27;11.62;11.07;10.60;10.20;9.87;9.59;9.37;9.19;9.06;8.97;8.90;8.86;8.84;8.84;8.84;8.86;8.88;8.87;8.84;8.81;8.77;8.74;8.70;8.67;8.63;8.59;8.55;8.52;8.48;8.44;8.41;8.37;8.34;8.31;8.28;8.25;8.23;8.21;8.20;8.19;8.18;8.18;8.18;8.19;8.19;8.21;8.22;8.24;8.26;8.29;8.32;8.35;8.39;8.43;8.47;8.52;8.57;8.63;8.69;8.77;8.85;8.93;9.03;9.13;9.25;9.38;9.51;9.63;9.74;9.85;9.94;10.03;10.10;10.16;10.21;10.26;10.32;10.38;10.46;10.55;10.66;10.79;10.94;11.09;11.25;;;;;;;;;;;;;;;;;;;;;;
-3.700;;;;;;;;;;;;;;;;;;;;;;;;;;;;;;;;16.71;15.14;13.93;12.95;12.17;11.51;10.98;10.51;10.13;9.79;9.53;9.31;9.14;9.01;8.92;8.86;8.82;8.80;8.80;8.81;8.83;8.86;8.88;8.87;8.85;8.82;8.79;8.76;8.72;8.69;8.65;8.62;8.58;8.54;8.51;8.47;8.44;8.40;8.37;8.35;8.32;8.30;8.29;8.28;8.27;8.27;8.27;8.27;8.28;8.29;8.31;8.33;8.36;8.39;8.42;8.45;8.49;8.54;8.59;8.64;8.70;8.77;8.84;8.92;9.00;9.10;9.20;9.31;9.43;9.55;9.66;9.76;9.85;9.93;10.00;10.05;10.10;10.14;10.17;10.21;10.26;10.32;10.39;10.49;10.60;10.73;10.87;11.03;;;;;;;;;;;;;;;;;;;;;;;
-3.800;;;;;;;;;;;;;;;;;;;;;;;;;;;;;;;;;16.63;15.05;13.82;12.86;12.07;11.43;10.90;10.45;10.07;9.75;9.48;9.27;9.10;8.98;8.88;8.82;8.79;8.77;8.77;8.78;8.81;8.83;8.86;8.89;8.89;8.87;8.84;8.82;8.79;8.75;8.72;8.68;8.65;8.61;8.58;8.54;8.51;8.48;8.45;8.42;8.40;8.39;8.37;8.37;8.36;8.36;8.37;8.38;8.39;8.41;8.44;8.46;8.50;8.53;8.57;8.62;8.67;8.72;8.78;8.85;8.92;9.00;9.09;9.18;9.29;9.40;9.51;9.61;9.71;9.79;9.87;9.93;9.98;10.02;10.05;10.07;10.09;10.11;10.14;10.18;10.24;10.32;10.42;10.53;10.66;10.79;;;;;;;;;;;;;;;;;;;;;;;;
-3.900;;;;;;;;;;;;;;;;;;;;;;;;;;;;;;;;;;16.58;14.97;13.75;12.77;12.00;11.37;10.85;10.41;10.04;9.72;9.46;9.25;9.08;8.96;8.87;8.80;8.77;8.75;8.75;8.76;8.79;8.81;8.85;8.88;8.92;8.91;8.90;8.87;8.85;8.82;8.78;8.75;8.72;8.68;8.65;8.62;8.59;8.56;8.53;8.51;8.49;8.48;8.47;8.47;8.47;8.48;8.49;8.50;8.53;8.55;8.58;8.62;8.66;8.71;8.76;8.82;8.88;8.95;9.02;9.10;9.19;9.29;9.39;9.49;9.59;9.68;9.76;9.84;9.90;9.94;9.98;10.00;10.01;10.01;10.02;10.02;10.03;10.05;10.09;10.15;10.24;10.33;10.44;10.56;;;;;;;;;;;;;;;;;;;;;;;;;
-4.000;;;;;;;;;;;;;;;;;;;;;;;;;;;;;;;;;;;16.53;14.93;13.69;12.73;11.96;11.34;10.82;10.40;10.03;9.72;9.46;9.25;9.09;8.96;8.87;8.80;8.77;8.75;8.74;8.75;8.77;8.80;8.83;8.86;8.90;8.92;8.94;8.93;8.91;8.88;8.85;8.82;8.79;8.76;8.73;8.70;8.67;8.64;8.62;8.61;8.59;8.59;8.58;8.59;8.60;8.61;8.63;8.65;8.68;8.72;8.76;8.81;8.86;8.92;8.98;9.05;9.13;9.22;9.31;9.40;9.49;9.59;9.67;9.75;9.83;9.89;9.93;9.96;9.98;9.99;9.98;9.97;9.96;9.94;9.93;9.94;9.96;10.01;10.07;10.15;10.24;10.34;10.45;;;;;;;;;;;;;;;;;;;;;;;;;
-4.100;;;;;;;;;;;;;;;;;;;;;;;;;;;;;;;;;;;;16.53;14.89;13.67;12.71;11.95;11.33;10.83;10.41;10.06;9.75;9.50;9.29;9.12;8.99;8.90;8.83;8.78;8.76;8.75;8.76;8.77;8.79;8.82;8.85;8.88;8.91;8.93;8.95;8.96;8.94;8.92;8.89;8.86;8.83;8.81;8.78;8.76;8.74;8.72;8.71;8.71;8.71;8.71;8.72;8.74;8.76;8.79;8.83;8.87;8.92;8.97;9.03;9.10;9.17;9.25;9.34;9.43;9.51;9.60;9.69;9.77;9.84;9.90;9.95;9.98;10.00;10.00;9.99;9.97;9.94;9.91;9.88;9.86;9.84;9.85;9.88;9.92;9.98;10.05;10.13;10.22;;;;;;;;;;;;;;;;;;;;;;;;;;
-4.200;;;;;;;;;;;;;;;;;;;;;;;;;;;;;;;;;;;;;16.57;14.95;13.70;12.75;11.98;11.38;10.88;10.47;10.12;9.82;9.57;9.36;9.19;9.06;8.96;8.88;8.83;8.80;8.79;8.78;8.79;8.81;8.83;8.85;8.87;8.90;8.92;8.93;8.95;8.95;8.95;8.94;8.93;8.91;8.89;8.87;8.86;8.84;8.84;8.83;8.84;8.85;8.86;8.88;8.91;8.95;8.99;9.04;9.09;9.15;9.22;9.29;9.37;9.46;9.54;9.63;9.71;9.79;9.86;9.93;9.98;10.02;10.04;10.04;10.04;10.01;9.98;9.93;9.89;9.84;9.80;9.77;9.76;9.77;9.80;9.84;9.88;9.94;10.01;;;;;;;;;;;;;;;;;;;;;;;;;;;
-4.300;;;;;;;;;;;;;;;;;;;;;;;;;;;;;;;;;;;;;;16.69;15.01;13.79;12.82;12.07;11.46;10.97;10.56;10.22;9.93;9.68;9.47;9.29;9.16;9.05;8.97;8.91;8.87;8.85;8.84;8.83;8.84;8.85;8.87;8.88;8.90;8.91;8.93;8.94;8.94;8.95;8.95;8.95;8.95;8.95;8.95;8.95;8.95;8.96;8.97;8.98;9.00;9.03;9.06;9.10;9.15;9.20;9.26;9.33;9.41;9.48;9.57;9.65;9.74;9.82;9.90;9.97;10.03;10.07;10.10;10.12;10.11;10.09;10.05;10.01;9.95;9.89;9.83;9.77;9.73;9.71;9.70;9.71;9.72;9.75;9.78;;;;;;;;;;;;;;;;;;;;;;;;;;;;;
-4.400;;;;;;;;;;;;;;;;;;;;;;;;;;;;;;;;;;;;;;;16.90;15.23;13.95;13.00;12.23;11.62;11.12;10.72;10.38;10.09;9.84;9.63;9.46;9.31;9.20;9.11;9.04;8.99;8.95;8.93;8.92;8.92;8.92;8.92;8.93;8.94;8.95;8.95;8.96;8.97;8.97;8.97;8.98;8.98;8.99;9.00;9.01;9.03;9.05;9.07;9.10;9.14;9.19;9.24;9.30;9.37;9.44;9.52;9.60;9.69;9.78;9.86;9.95;10.02;10.09;10.15;10.19;10.21;10.22;10.20;10.17;10.13;10.07;10.00;9.92;9.85;9.78;9.73;9.69;9.66;9.65;9.64;9.65;9.66;;;;;;;;;;;;;;;;;;;;;;;;;;;;;;
-4.500;;;;;;;;;;;;;;;;;;;;;;;;;;;;;;;;;;;;;;;;;15.47;14.21;13.21;12.45;11.83;11.33;10.92;10.59;10.31;10.06;9.85;9.67;9.52;9.39;9.29;9.22;9.16;9.11;9.08;9.05;9.04;9.03;9.02;9.02;9.02;9.02;9.03;9.03;9.04;9.04;9.05;9.06;9.07;9.09;9.11;9.13;9.16;9.20;9.24;9.29;9.35;9.42;9.49;9.57;9.65;9.74;9.83;9.92;10.01;10.10;10.17;10.24;10.29;10.33;10.35;10.35;10.33;10.30;10.24;10.17;10.09;10.00;9.92;9.84;9.77;9.71;9.67;9.63;9.60;9.58;9.57;;;;;;;;;;;;;;;;;;;;;;;;;;;;;;;
-4.600;;;;;;;;;;;;;;;;;;;;;;;;;;;;;;;;;;;;;;;;;;15.98;14.61;13.60;12.79;12.16;11.65;11.23;10.89;10.60;10.36;10.15;9.97;9.81;9.68;9.57;9.48;9.41;9.35;9.30;9.27;9.24;9.22;9.21;9.20;9.19;9.19;9.19;9.19;9.19;9.20;9.21;9.23;9.25;9.28;9.31;9.35;9.40;9.46;9.52;9.59;9.66;9.75;9.83;9.93;10.02;10.12;10.21;10.30;10.38;10.44;10.50;10.53;10.55;10.55;10.52;10.48;10.41;10.33;10.24;10.14;10.05;9.95;9.87;9.80;9.73;9.67;9.61;9.57;9.53;;;;;;;;;;;;;;;;;;;;;;;;;;;;;;;;
-4.700;;;;;;;;;;;;;;;;;;;;;;;;;;;;;;;;;;;;;;;;;;;16.56;15.15;14.07;13.24;12.58;12.05;11.62;11.27;10.98;10.74;10.53;10.35;10.19;10.05;9.93;9.83;9.74;9.67;9.62;9.57;9.53;9.50;9.48;9.46;9.45;9.44;9.44;9.44;9.45;9.47;9.48;9.51;9.54;9.59;9.63;9.69;9.75;9.83;9.91;9.99;10.08;10.18;10.28;10.38;10.47;10.57;10.65;10.72;10.77;10.81;10.82;10.82;10.79;10.73;10.66;10.57;10.47;10.36;10.25;10.14;10.04;9.94;9.85;9.76;9.68;9.60;;;;;;;;;;;;;;;;;;;;;;;;;;;;;;;;;;
-4.800;;;;;;;;;;;;;;;;;;;;;;;;;;;;;;;;;;;;;;;;;;;;;15.99;14.82;13.92;13.21;12.64;12.19;11.81;11.51;11.25;11.04;10.86;10.70;10.56;10.43;10.32;10.22;10.14;10.08;10.02;9.97;9.93;9.90;9.88;9.86;9.86;9.85;9.86;9.87;9.90;9.92;9.96;10.01;10.07;10.13;10.20;10.28;10.37;10.47;10.57;10.67;10.77;10.87;10.97;11.05;11.12;11.18;11.21;11.22;11.21;11.17;11.11;11.03;10.93;10.81;10.69;10.56;10.43;10.30;10.17;10.04;9.92;9.81;9.71;;;;;;;;;;;;;;;;;;;;;;;;;;;;;;;;;;;
-4.900;;;;;;;;;;;;;;;;;;;;;;;;;;;;;;;;;;;;;;;;;;;;;;;15.80;14.81;14.04;13.42;12.93;12.52;12.19;11.92;11.70;11.51;11.35;11.21;11.08;10.97;10.86;10.77;10.70;10.63;10.58;10.53;10.50;10.47;10.46;10.45;10.45;10.46;10.49;10.52;10.56;10.61;10.68;10.75;10.83;10.92;11.02;11.12;11.22;11.33;11.43;11.53;11.62;11.69;11.74;11.77;11.78;11.76;11.71;11.64;11.54;11.42;11.29;11.15;10.99;10.83;10.67;10.50;10.33;10.18;10.03;;;;;;;;;;;;;;;;;;;;;;;;;;;;;;;;;;;;;
-5.000;;;;;;;;;;;;;;;;;;;;;;;;;;;;;;;;;;;;;;;;;;;;;;;;17.31;16.16;15.26;14.56;14.00;13.55;13.18;12.88;12.62;12.42;12.25;12.10;11.97;11.86;11.76;11.67;11.59;11.52;11.46;11.41;11.38;11.36;11.34;11.34;11.35;11.38;11.41;11.46;11.52;11.59;11.67;11.75;11.85;11.96;12.06;12.17;12.28;12.37;12.46;12.53;12.58;12.61;12.61;12.57;12.51;12.42;12.29;12.15;11.99;11.80;11.61;11.40;11.19;10.97;10.76;10.55;10.35;;;;;;;;;;;;;;;;;;;;;;;;;;;;;;;;;;;;;;
-5.100;;;;;;;;;;;;;;;;;;;;;;;;;;;;;;;;;;;;;;;;;;;;;;;;;;18.07;17.01;16.17;15.51;14.98;14.55;14.20;13.91;13.67;13.48;13.31;13.18;13.07;12.97;12.89;12.82;12.75;12.70;12.66;12.63;12.61;12.61;12.62;12.65;12.69;12.74;12.80;12.88;12.97;13.07;13.17;13.28;13.39;13.50;13.60;13.68;13.75;13.79;13.81;13.79;13.73;13.64;13.52;13.36;13.17;12.96;12.72;12.46;12.19;11.91;11.63;11.35;11.08;;;;;;;;;;;;;;;;;;;;;;;;;;;;;;;;;;;;;;;;
-5.200;;;;;;;;;;;;;;;;;;;;;;;;;;;;;;;;;;;;;;;;;;;;;;;;;;;;;18.76;17.89;17.22;16.68;16.24;15.88;15.59;15.35;15.16;14.99;14.86;14.76;14.67;14.61;14.56;14.53;14.51;14.50;14.51;14.53;14.56;14.61;14.68;14.76;14.85;14.95;15.06;15.17;15.29;15.39;15.49;15.57;15.62;15.65;15.64;15.59;15.50;15.36;15.18;14.96;14.69;14.40;14.07;13.71;13.35;12.97;12.59;12.22;;;;;;;;;;;;;;;;;;;;;;;;;;;;;;;;;;;;;;;;;;
-5.300;;;;;;;;;;;;;;;;;;;;;;;;;;;;;;;;;;;;;;;;;;;;;;;;;;;;;;;21.84;20.87;20.13;19.52;19.04;18.65;18.33;18.07;17.87;17.70;17.57;17.47;17.40;17.36;17.34;17.34;17.36;17.40;17.46;17.54;17.63;17.74;17.85;17.98;18.10;18.23;18.34;18.44;18.52;18.57;18.57;18.53;18.43;18.28;18.06;17.79;17.45;17.05;16.61;16.13;15.61;15.08;14.55;;;;;;;;;;;;;;;;;;;;;;;;;;;;;;;;;;;;;;;;;;;;;
-5.400;;;;;;;;;;;;;;;;;;;;;;;;;;;;;;;;;;;;;;;;;;;;;;;;;;;;;;;;;;26.97;25.94;25.13;24.49;23.98;23.57;23.26;23.01;22.82;22.69;22.60;22.56;22.55;22.58;22.64;22.73;22.85;22.99;23.15;23.31;23.49;23.65;23.81;23.93;24.02;24.05;24.02;23.91;23.71;23.40;22.99;22.48;21.88;21.19;20.44;19.63;18.80;;;;;;;;;;;;;;;;;;;;;;;;;;;;;;;;;;;;;;;;;;;;;;;;
-5.500;;;;;;;;;;;;;;;;;;;;;;;;;;;;;;;;;;;;;;;;;;;;;;;;;;;;;;;;;;;;;40.62;39.05;37.85;36.94;36.24;35.73;35.35;35.11;34.97;34.93;34.96;35.08;35.26;35.50;35.78;36.09;36.41;36.72;36.99;37.21;37.32;37.30;37.11;36.74;36.13;35.32;34.26;33.01;31.58;30.02;28.37;;;;;;;;;;;;;;;;;;;;;;;;;;;;;;;;;;;;;;;;;;;;;;;;;;;
-5.600;;;;;;;;;;;;;;;;;;;;;;;;;;;;;;;;;;;;;;;;;;;;;;;;;;;;;;;;;;;;;;;;;;-56.85;-100.75;-156.14;-215.12;-258.45;-271.21;-245.95;-205.38;-163.88;-128.83;-102.81;-84.55;-73.95;-71.03;-78.31;-104.50;-187.79;-1722.25;460.10;193.37;123.96;95.69;;;;;;;;;;;;;;;;;;;;;;;;;;;;;;;;;;;;;;;;;;;;;;;;;;;;;;;
-5.700;;;;;;;;;;;;;;;;;;;;;;;;;;;;;;;;;;;;;;;;;;;;;;;;;;;;;;;;;;;;;;;;;;;;;;;;;;;;;;;;;;;;;;;;;;;;;;;;;;;;;;;;;;;;;;;;;;;;;;;;;;;;;;;;;;;;;;;;;;;;;;
-5.800;;;;;;;;;;;;;;;;;;;;;;;;;;;;;;;;;;;;;;;;;;;;;;;;;;;;;;;;;;;;;;;;;;;;;;;;;;;;;;;;;;;;;;;;;;;;;;;;;;;;;;;;;;;;;;;;;;;;;;;;;;;;;;;;;;;;;;;;;;;;;;
-5.900;;;;;;;;;;;;;;;;;;;;;;;;;;;;;;;;;;;;;;;;;;;;;;;;;;;;;;;;;;;;;;;;;;;;;;;;;;;;;;;;;;;;;;;;;;;;;;;;;;;;;;;;;;;;;;;;;;;;;;;;;;;;;;;;;;;;;;;;;;;;;;
-6.000;;;;;;;;;;;;;;;;;;;;;;;;;;;;;;;;;;;;;;;;;;;;;;;;;;;;;;;;;;;;;;;;;;;;;;;;;;;;;;;;;;;;;;;;;;;;;;;;;;;;;;;;;;;;;;;;;;;;;;;;;;;;;;;;;;;;;;;;;;;;;;
-6.100;;;;;;;;;;;;;;;;;;;;;;;;;;;;;;;;;;;;;;;;;;;;;;;;;;;;;;;;;;;;;;;;;;;;;;;;;;;;;;;;;;;;;;;;;;;;;;;;;;;;;;;;;;;;;;;;;;;;;;;;;;;;;;;;;;;;;;;;;;;;;;
-6.200;;;;;;;;;;;;;;;;;;;;;;;;;;;;;;;;;;;;;;;;;;;;;;;;;;;;;;;;;;;;;;;;;;;;;;;;;;;;;;;;;;;;;;;;;;;;;;;;;;;;;;;;;;;;;;;;;;;;;;;;;;;;;;;;;;;;;;;;;;;;;;
-6.300;;;;;;;;;;;;;;;;;;;;;;;;;;;;;;;;;;;;;;;;;;;;;;;;;;;;;;;;;;;;;;;;;;;;;;;;;;;;;;;;;;;;;;;;;;;;;;;;;;;;;;;;;;;;;;;;;;;;;;;;;;;;;;;;;;;;;;;;;;;;;;
-6.400;;;;;;;;;;;;;;;;;;;;;;;;;;;;;;;;;;;;;;;;;;;;;;;;;;;;;;;;;;;;;;;;;;;;;;;;;;;;;;;;;;;;;;;;;;;;;;;;;;;;;;;;;;;;;;;;;;;;;;;;;;;;;;;;;;;;;;;;;;;;;;
-6.500;;;;;;;;;;;;;;;;;;;;;;;;;;;;;;;;;;;;;;;;;;;;;;;;;;;;;;;;;;;;;;;;;;;;;;;;;;;;;;;;;;;;;;;;;;;;;;;;;;;;;;;;;;;;;;;;;;;;;;;;;;;;;;;;;;;;;;;;;;;;;;
-6.600;;;;;;;;;;;;;;;;;;;;;;;;;;;;;;;;;;;;;;;;;;;;;;;;;;;;;;;;;;;;;;;;;;;;;;;;;;;;;;;;;;;;;;;;;;;;;;;;;;;;;;;;;;;;;;;;;;;;;;;;;;;;;;;;;;;;;;;;;;;;;;
-6.700;;;;;;;;;;;;;;;;;;;;;;;;;;;;;;;;;;;;;;;;;;;;;;;;;;;;;;;;;;;;;;;;;;;;;;;;;;;;;;;;;;;;;;;;;;;;;;;;;;;;;;;;;;;;;;;;;;;;;;;;;;;;;;;;;;;;;;;;;;;;;;
-6.800;;;;;;;;;;;;;;;;;;;;;;;;;;;;;;;;;;;;;;;;;;;;;;;;;;;;;;;;;;;;;;;;;;;;;;;;;;;;;;;;;;;;;;;;;;;;;;;;;;;;;;;;;;;;;;;;;;;;;;;;;;;;;;;;;;;;;;;;;;;;;;
-6.900;;;;;;;;;;;;;;;;;;;;;;;;;;;;;;;;;;;;;;;;;;;;;;;;;;;;;;;;;;;;;;;;;;;;;;;;;;;;;;;;;;;;;;;;;;;;;;;;;;;;;;;;;;;;;;;;;;;;;;;;;;;;;;;;;;;;;;;;;;;;;;
-7.000;;;;;;;;;;;;;;;;;;;;;;;;;;;;;;;;;;;;;;;;;;;;;;;;;;;;;;;;;;;;;;;;;;;;;;;;;;;;;;;;;;;;;;;;;;;;;;;;;;;;;;;;;;;;;;;;;;;;;;;;;;;;;;;;;;;;;;;;;;;;;;
TANGENTIAL BACK;-7.000;-6.900;-6.800;-6.700;-6.600;-6.500;-6.400;-6.300;-6.200;-6.100;-6.000;-5.900;-5.800;-5.700;-5.600;-5.500;-5.400;-5.300;-5.200;-5.100;-5.000;-4.900;-4.800;-4.700;-4.600;-4.500;-4.400;-4.300;-4.200;-4.100;-4.000;-3.900;-3.800;-3.700;-3.600;-3.500;-3.400;-3.300;-3.200;-3.100;-3.000;-2.900;-2.800;-2.700;-2.600;-2.500;-2.400;-2.300;-2.200;-2.100;-2.000;-1.900;-1.800;-1.700;-1.600;-1.500;-1.400;-1.300;-1.200;-1.100;-1.000;-0.900;-0.800;-0.700;-0.600;-0.500;-0.400;-0.300;-0.200;-0.100;0.000;0.100;0.200;0.300;0.400;0.500;0.600;0.700;0.800;0.900;1.000;1.100;1.200;1.300;1.400;1.500;1.600;1.700;1.800;1.900;2.000;2.100;2.200;2.300;2.400;2.500;2.600;2.700;2.800;2.900;3.000;3.100;3.200;3.300;3.400;3.500;3.600;3.700;3.800;3.900;4.000;4.100;4.200;4.300;4.400;4.500;4.600;4.700;4.800;4.900;5.000;5.100;5.200;5.300;5.400;5.500;5.600;5.700;5.800;5.900;6.000;6.100;6.200;6.300;6.400;6.500;6.600;6.700;6.800;6.900;7.000;
7.000;;;;;;;;;;;;;;;;;;;;;;;;;;;;;;;;;;;;;;;;;;;;;;;;;;;;;;;;;;;;;;;;;;;;;;;;;;;;;;;;;;;;;;;;;;;;;;;;;;;;;;;;;;;;;;;;;;;;;;;;;;;;;;;;;;;;;;;;;;;;;;
6.900;;;;;;;;;;;;;;;;;;;;;;;;;;;;;;;;;;;;;;;;;;;;;;;;;;;;;;;;;;;;;;;;;;;;;;;;;;;;;;;;;;;;;;;;;;;;;;;;;;;;;;;;;;;;;;;;;;;;;;;;;;;;;;;;;;;;;;;;;;;;;;
6.800;;;;;;;;;;;;;;;;;;;;;;;;;;;;;;;;;;;;;;;;;;;;;;;;;;;;;;;;;;;;;;;;;;;;;;;;;;;;;;;;;;;;;;;;;;;;;;;;;;;;;;;;;;;;;;;;;;;;;;;;;;;;;;;;;;;;;;;;;;;;;;
6.700;;;;;;;;;;;;;;;;;;;;;;;;;;;;;;;;;;;;;;;;;;;;;;;;;;;;;;;;;;;;;;;;;;;;;;;;;;;;;;;;;;;;;;;;;;;;;;;;;;;;;;;;;;;;;;;;;;;;;;;;;;;;;;;;;;;;;;;;;;;;;;
6.600;;;;;;;;;;;;;;;;;;;;;;;;;;;;;;;;;;;;;;;;;;;;;;;;;;;;;;;;;;;;;;;;;;;;;;;;;;;;;;;;;;;;;;;;;;;;;;;;;;;;;;;;;;;;;;;;;;;;;;;;;;;;;;;;;;;;;;;;;;;;;;
6.500;;;;;;;;;;;;;;;;;;;;;;;;;;;;;;;;;;;;;;;;;;;;;;;;;;;;;;;;;;;;;;;;;;;;;;;;;;;;;;;;;;;;;;;;;;;;;;;;;;;;;;;;;;;;;;;;;;;;;;;;;;;;;;;;;;;;;;;;;;;;;;
6.400;;;;;;;;;;;;;;;;;;;;;;;;;;;;;;;;;;;;;;;;;;;;;;;;;;;;;;;;;;;;;;;;;;;;;;;;;;;;;;;;;;;;;;;;;;;;;;;;;;;;;;;;;;;;;;;;;;;;;;;;;;;;;;;;;;;;;;;;;;;;;;
6.300;;;;;;;;;;;;;;;;;;;;;;;;;;;;;;;;;;;;;;;;;;;;;;;;;;;;;;;;;;;;;;;;;;;;;;;;;;;;;;;;;;;;;;;;;;;;;;;;;;;;;;;;;;;;;;;;;;;;;;;;;;;;;;;;;;;;;;;;;;;;;;
6.200;;;;;;;;;;;;;;;;;;;;;;;;;;;;;;;;;;;;;;;;;;;;;;;;;;;;;;;;;;;;;;;;;;;;;;;;;;;;;;;;;;;;;;;;;;;;;;;;;;;;;;;;;;;;;;;;;;;;;;;;;;;;;;;;;;;;;;;;;;;;;;
6.100;;;;;;;;;;;;;;;;;;;;;;;;;;;;;;;;;;;;;;;;;;;;;;;;;;;;;;;;;;;;;;;;;;;;;;;;;;;;;;;;;;;;;;;;;;;;;;;;;;;;;;;;;;;;;;;;;;;;;;;;;;;;;;;;;;;;;;;;;;;;;;
6.000;;;;;;;;;;;;;;;;;;;;;;;;;;;;;;;;;;;;;;;;;;;;;;;;;;;;;;;;;;;;;;;;;;;;;;;;;;;;;;;;;;;;;;;;;;;;;;;;;;;;;;;;;;;;;;;;;;;;;;;;;;;;;;;;;;;;;;;;;;;;;;
5.900;;;;;;;;;;;;;;;;;;;;;;;;;;;;;;;;;;;;;;;;;;;;;;;;;;;;;;;;;;;;;;;;;;;;;;;;;;;;;;;;;;;;;;;;;;;;;;;;;;;;;;;;;;;;;;;;;;;;;;;;;;;;;;;;;;;;;;;;;;;;;;
5.800;;;;;;;;;;;;;;;;;;;;;;;;;;;;;;;;;;;;;;;;;;;;;;;;;;;;;;;;;;;;;;;;;;;;;;;;;;;;;;;;;;;;;;;;;;;;;;;;;;;;;;;;;;;;;;;;;;;;;;;;;;;;;;;;;;;;;;;;;;;;;;
5.700;;;;;;;;;;;;;;;;;;;;;;;;;;;;;;;;;;;;;;;;;;;;;;;;;;;;;;;;;;;;;;;;;;;;;;;;;;;;;;;;;;;;;;;;;;;;;;;;;;;;;;;;;;;;;;;;;;;;;;;;;;;;;;;;;;;;;;;;;;;;;;
5.600;;;;;;;;;;;;;;;;;;;;;;;;;;;;;;;;;;;;;;;;;;;;;;;;;;;;;;;;;;;;;;;;;;;;;;;;;;;;;;;;;;;;;;;;;;;;;;;;;;;;;;;;;;;;;;;;;;;;;;;;;;;;;;;;;;;;;;;;;;;;;;
5.500;;;;;;;;;;;;;;;;;;;;;;;;;;;;;;;;;;;;;;;;;;;;;;;;;;;;;;;;;;;;;;;;;;;;;;;;;;;;;;;;;;;;;;;;;;;;;;;;;;;;;;;;;;;;;;;;;;;;;;;;;;;;;;;;;;;;;;;;;;;;;;
5.400;;;;;;;;;;;;;;;;;;;;;;;;;;;;;;;;;;;;;;;;;;;;;;;;;;;;;;;;;;;;;;;;;;;;;;;;;;;;;;;;;;;;;;;;;;;;;;;;;;;;;;;;;;;;;;;;;;;;;;;;;;;;;;;;;;;;;;;;;;;;;;
5.300;;;;;;;;;;;;;;;;;;;;;;;;;;;;;;;;;;;;;;;;;;;;;;;;;;;;;;;;;;;;;;;;;;;;;;;;;;;;;;;;;;;;;;;;;;;;;;;;;;;;;;;;;;;;;;;;;;;;;;;;;;;;;;;;;;;;;;;;;;;;;;
5.200;;;;;;;;;;;;;;;;;;;;;;;;;;;;;;;;;;;;;;;;;;;;;;;;;;;;;;;;;;;;;;;;;;;;;;;;;;;;;;;;;;;;;;;;;;;;;;;;;;;;;;;;;;;;;;;;;;;;;;;;;;;;;;;;;;;;;;;;;;;;;;
5.100;;;;;;;;;;;;;;;;;;;;;;;;;;;;;;;;;;;;;;;;;;;;;;;;;;;;;;;;;;;;;;;;;;;;;;;;;;;;;;;;;;;;;;;;;;;;;;;;;;;;;;;;;;;;;;;;;;;;;;;;;;;;;;;;;;;;;;;;;;;;;;
5.000;;;;;;;;;;;;;;;;;;;;;;;;;;;;;;;;;;;;;;;;;;;;;;;;;;;;;;;;;;;;;;;;;;;;;;;;;;;;;;;;;;;;;;;;;;;;;;;;;;;;;;;;;;;;;;;;;;;;;;;;;;;;;;;;;;;;;;;;;;;;;;
4.900;;;;;;;;;;;;;;;;;;;;;;;;;;;;;;;;;;;;;;;;;;;;;;;;;;;;;;;;;;;;;;;;;;;;;;;;;;;;;;;;;;;;;;;;;;;;;;;;;;;;;;;;;;;;;;;;;;;;;;;;;;;;;;;;;;;;;;;;;;;;;;
4.800;;;;;;;;;;;;;;;;;;;;;;;;;;;;;;;;;;;;;;;;;;;;;;;;;;;;;;;;;;;;;;;;;;;;;;;;;;;;;;;;;;;;;;;;;;;;;;;;;;;;;;;;;;;;;;;;;;;;;;;;;;;;;;;;;;;;;;;;;;;;;;
4.700;;;;;;;;;;;;;;;;;;;;;;;;;;;;;;;;;;;;;;;;;;;;;;;;;;;;;;;;;;;;;;;;;;;;;;;;;;;;;;;;;;;;;;;;;;;;;;;;;;;;;;;;;;;;;;;;;;;;;;;;;;;;;;;;;;;;;;;;;;;;;;
4.600;;;;;;;;;;;;;;;;;;;;;;;;;;;;;;;;;;;;;;;;;;;;;;;;;;;;;;;;;;;;;;;;;;;;;;;;;;;;;;;;;;;;;;;;;;;;;;;;;;;;;;;;;;;;;;;;;;;;;;;;;;;;;;;;;;;;;;;;;;;;;;
4.500;;;;;;;;;;;;;;;;;;;;;;;;;;;;;;;;;;;;;;;;;;;;;;;;;;;;;;;;;;;;;;;;;;;;;;;;;;;;;;;;;;;;;;;;;;;;;;;;;;;;;;;;;;;;;;;;;;;;;;;;;;;;;;;;;;;;;;;;;;;;;;
4.400;;;;;;;;;;;;;;;;;;;;;;;;;;;;;;;;;;;;;;;;;;;;;;;;;;;;;;;;;;;;;;;;;;;;;;;;;;;;;;;;;;;;;;;;;;;;;;;;;;;;;;;;;;;;;;;;;;;;;;;;;;;;;;;;;;;;;;;;;;;;;;
4.300;;;;;;;;;;;;;;;;;;;;;;;;;;;;;;;;;;;;;;;;;;;;;;;;;;;;;;;;;;;;;;;;;;;;;;;;;;;;;;;;;;;;;;;;;;;;;;;;;;;;;;;;;;;;;;;;;;;;;;;;;;;;;;;;;;;;;;;;;;;;;;
4.200;;;;;;;;;;;;;;;;;;;;;;;;;;;;;;;;;;;;;;;;;;;;;;;;;;;;;;;;;;;;;;;;;;;;;;;;;;;;;;;;;;;;;;;;;;;;;;;;;;;;;;;;;;;;;;;;;;;;;;;;;;;;;;;;;;;;;;;;;;;;;;
4.100;;;;;;;;;;;;;;;;;;;;;;;;;;;;;;;;;;;;;;;;;;;;;;;;;;;;;;;;;;;;;;;;;;;;;;;;;;;;;;;;;;;;;;;;;;;;;;;;;;;;;;;;;;;;;;;;;;;;;;;;;;;;;;;;;;;;;;;;;;;;;;
4.000;;;;;;;;;;;;;;;;;;;;;;;;;;;;;;;;;;;;;;;;;;;;;;;;;;;;;;;;;;;;;;;;;;;;10.86;10.85;10.85;10.85;10.86;10.87;10.90;10.95;11.00;11.08;11.17;11.27;11.40;11.54;11.70;11.89;12.09;12.33;12.58;;;;;;;;;;;;;;;;;;;;;;;;;;;;;;;;;;;;;;;;;;;;;;;;;;;;;;;;
3.900;;;;;;;;;;;;;;;;;;;;;;;;;;;;;;;;;;;;;;;;;;;;;;;;;;;;;;;;;;;;;;;10.94;10.94;10.92;10.88;10.83;10.77;10.71;10.66;10.61;10.57;10.54;10.52;10.52;10.54;10.56;10.61;10.67;10.75;10.85;10.97;11.11;11.26;11.44;11.65;11.89;12.15;12.45;12.79;13.19;;;;;;;;;;;;;;;;;;;;;;;;;;;;;;;;;;;;;;;;;;;;;;;;;;;
3.800;;;;;;;;;;;;;;;;;;;;;;;;;;;;;;;;;;;;;;;;;;;;;;;;;;;;;;;;;;;10.94;11.03;11.08;11.09;11.06;11.01;10.93;10.84;10.73;10.63;10.52;10.42;10.33;10.25;10.19;10.14;10.10;10.08;10.07;10.09;10.12;10.16;10.23;10.31;10.41;10.53;10.67;10.83;11.02;11.24;11.49;11.77;12.10;12.47;12.90;13.39;13.96;;;;;;;;;;;;;;;;;;;;;;;;;;;;;;;;;;;;;;;;;;;;;;;
3.700;;;;;;;;;;;;;;;;;;;;;;;;;;;;;;;;;;;;;;;;;;;;;;;;;;;;;;;;10.80;10.98;11.12;11.21;11.25;11.24;11.19;11.11;11.00;10.87;10.73;10.58;10.43;10.29;10.16;10.03;9.92;9.83;9.75;9.69;9.64;9.61;9.60;9.60;9.62;9.66;9.71;9.79;9.88;9.99;10.12;10.27;10.45;10.65;10.89;11.16;11.48;11.83;12.25;12.72;13.27;13.90;;;;;;;;;;;;;;;;;;;;;;;;;;;;;;;;;;;;;;;;;;;;;
3.600;;;;;;;;;;;;;;;;;;;;;;;;;;;;;;;;;;;;;;;;;;;;;;;;;;;;;10.43;10.70;10.93;11.13;11.26;11.35;11.38;11.36;11.30;11.20;11.06;10.90;10.73;10.55;10.37;10.19;10.02;9.86;9.71;9.58;9.47;9.37;9.29;9.23;9.18;9.15;9.13;9.13;9.15;9.18;9.23;9.30;9.39;9.49;9.61;9.76;9.93;10.13;10.36;10.63;10.93;11.28;11.67;12.13;12.66;13.27;13.98;14.82;;;;;;;;;;;;;;;;;;;;;;;;;;;;;;;;;;;;;;;;;;
3.500;;;;;;;;;;;;;;;;;;;;;;;;;;;;;;;;;;;;;;;;;;;;;;;;;;;10.23;10.53;10.80;11.03;11.22;11.36;11.44;11.47;11.45;11.37;11.26;11.11;10.93;10.73;10.53;10.32;10.11;9.91;9.72;9.55;9.39;9.24;9.12;9.01;8.91;8.84;8.78;8.74;8.71;8.69;8.70;8.72;8.75;8.80;8.86;8.95;9.05;9.17;9.31;9.48;9.68;9.90;10.16;10.46;10.79;11.18;11.62;12.13;12.72;13.41;14.20;15.15;;;;;;;;;;;;;;;;;;;;;;;;;;;;;;;;;;;;;;;;
3.400;;;;;;;;;;;;;;;;;;;;;;;;;;;;;;;;;;;;;;;;;;;;;;;;;10.00;10.31;10.60;10.86;11.09;11.27;11.41;11.49;11.51;11.49;11.41;11.28;11.12;10.93;10.72;10.50;10.27;10.04;9.82;9.61;9.41;9.23;9.06;8.91;8.77;8.66;8.56;8.48;8.41;8.36;8.32;8.30;8.29;8.30;8.32;8.35;8.40;8.47;8.55;8.65;8.78;8.92;9.09;9.28;9.50;9.75;10.04;10.37;10.75;11.17;11.66;12.23;12.87;13.64;14.52;;;;;;;;;;;;;;;;;;;;;;;;;;;;;;;;;;;;;;;
3.300;;;;;;;;;;;;;;;;;;;;;;;;;;;;;;;;;;;;;;;;;;;;;;;9.79;10.09;10.37;10.65;10.89;11.11;11.28;11.40;11.48;11.50;11.46;11.38;11.26;11.09;10.90;10.68;10.45;10.21;9.97;9.73;9.50;9.29;9.09;8.90;8.73;8.58;8.45;8.33;8.23;8.15;8.07;8.02;7.98;7.95;7.93;7.93;7.94;7.97;8.01;8.06;8.13;8.21;8.32;8.44;8.58;8.75;8.94;9.16;9.41;9.69;10.01;10.38;10.79;11.27;11.80;12.43;13.14;13.99;14.99;;;;;;;;;;;;;;;;;;;;;;;;;;;;;;;;;;;;;
3.200;;;;;;;;;;;;;;;;;;;;;;;;;;;;;;;;;;;;;;;;;;;;;9.61;9.89;10.17;10.44;10.69;10.91;11.11;11.26;11.37;11.43;11.44;11.40;11.31;11.19;11.02;10.82;10.60;10.37;10.13;9.88;9.64;9.40;9.17;8.96;8.76;8.58;8.42;8.27;8.14;8.02;7.92;7.84;7.77;7.71;7.67;7.63;7.61;7.61;7.61;7.63;7.66;7.70;7.76;7.83;7.92;8.02;8.14;8.29;8.45;8.64;8.86;9.11;9.38;9.70;10.05;10.45;10.90;11.42;12.00;12.69;13.48;14.42;15.56;;;;;;;;;;;;;;;;;;;;;;;;;;;;;;;;;;;
3.100;;;;;;;;;;;;;;;;;;;;;;;;;;;;;;;;;;;;;;;;;;;9.49;9.75;10.01;10.27;10.51;10.73;10.92;11.08;11.21;11.30;11.34;11.33;11.28;11.19;11.06;10.90;10.70;10.49;10.25;10.01;9.77;9.52;9.28;9.05;8.84;8.63;8.44;8.27;8.12;7.98;7.85;7.74;7.65;7.56;7.49;7.44;7.39;7.36;7.34;7.33;7.33;7.34;7.36;7.39;7.44;7.50;7.58;7.67;7.77;7.90;8.05;8.21;8.40;8.62;8.86;9.13;9.43;9.78;10.16;10.59;11.08;11.64;12.29;13.04;13.93;15.02;;;;;;;;;;;;;;;;;;;;;;;;;;;;;;;;;;
3.000;;;;;;;;;;;;;;;;;;;;;;;;;;;;;;;;;;;;;;;;;;9.67;9.91;10.15;10.38;10.59;10.78;10.94;11.07;11.16;11.22;11.24;11.21;11.15;11.04;10.91;10.74;10.55;10.33;10.11;9.87;9.63;9.39;9.15;8.92;8.71;8.50;8.31;8.13;7.97;7.83;7.70;7.58;7.48;7.39;7.31;7.25;7.19;7.15;7.12;7.09;7.08;7.08;7.08;7.10;7.13;7.17;7.22;7.28;7.36;7.45;7.56;7.69;7.84;8.00;8.19;8.40;8.64;8.90;9.20;9.52;9.89;10.30;10.77;11.30;11.91;12.62;13.46;14.49;;;;;;;;;;;;;;;;;;;;;;;;;;;;;;;;;
2.900;;;;;;;;;;;;;;;;;;;;;;;;;;;;;;;;;;;;;;;;;9.86;10.09;10.31;10.51;10.69;10.84;10.97;11.06;11.11;11.14;11.12;11.07;10.98;10.87;10.72;10.55;10.36;10.15;9.93;9.70;9.47;9.23;9.00;8.78;8.57;8.37;8.18;8.00;7.84;7.69;7.56;7.44;7.34;7.24;7.16;7.09;7.03;6.98;6.94;6.91;6.89;6.87;6.86;6.87;6.88;6.90;6.93;6.98;7.03;7.10;7.18;7.28;7.39;7.52;7.67;7.83;8.02;8.23;8.46;8.72;9.00;9.32;9.67;10.06;10.50;11.01;11.59;12.27;13.08;14.07;;;;;;;;;;;;;;;;;;;;;;;;;;;;;;;;
2.800;;;;;;;;;;;;;;;;;;;;;;;;;;;;;;;;;;;;;;;9.83;10.07;10.29;10.49;10.67;10.82;10.94;11.03;11.08;11.09;11.07;11.02;10.94;10.83;10.69;10.53;10.35;10.15;9.95;9.73;9.51;9.28;9.06;8.84;8.62;8.42;8.22;8.04;7.87;7.71;7.56;7.43;7.31;7.21;7.11;7.03;6.95;6.89;6.84;6.79;6.76;6.73;6.70;6.69;6.68;6.68;6.69;6.71;6.74;6.77;6.82;6.88;6.95;7.04;7.14;7.25;7.38;7.53;7.69;7.87;8.08;8.30;8.55;8.82;9.12;9.46;9.83;10.25;10.73;11.29;11.94;12.72;13.69;;;;;;;;;;;;;;;;;;;;;;;;;;;;;;;
2.700;;;;;;;;;;;;;;;;;;;;;;;;;;;;;;;;;;;;;;10.04;10.28;10.50;10.69;10.85;10.97;11.06;11.11;11.11;11.09;11.03;10.94;10.82;10.68;10.52;10.34;10.15;9.95;9.74;9.52;9.30;9.08;8.87;8.66;8.45;8.26;8.07;7.89;7.73;7.58;7.43;7.31;7.19;7.08;6.99;6.91;6.84;6.77;6.72;6.67;6.63;6.60;6.57;6.55;6.54;6.53;6.53;6.54;6.55;6.57;6.60;6.64;6.70;6.76;6.84;6.92;7.02;7.14;7.27;7.42;7.58;7.76;7.95;8.17;8.41;8.67;8.96;9.28;9.63;10.04;10.50;11.04;11.67;12.45;13.42;;;;;;;;;;;;;;;;;;;;;;;;;;;;;;
2.600;;;;;;;;;;;;;;;;;;;;;;;;;;;;;;;;;;;;;10.23;10.49;10.71;10.90;11.05;11.15;11.21;11.22;11.19;11.12;11.02;10.89;10.74;10.56;10.37;10.17;9.96;9.75;9.53;9.31;9.09;8.88;8.67;8.47;8.27;8.09;7.91;7.74;7.58;7.44;7.30;7.18;7.07;6.97;6.88;6.80;6.73;6.66;6.61;6.56;6.53;6.49;6.46;6.44;6.42;6.41;6.40;6.40;6.40;6.42;6.43;6.46;6.50;6.54;6.60;6.67;6.74;6.83;6.94;7.05;7.18;7.33;7.48;7.66;7.85;8.05;8.28;8.53;8.80;9.11;9.45;9.84;10.28;10.81;11.45;12.23;13.23;;;;;;;;;;;;;;;;;;;;;;;;;;;;;
2.500;;;;;;;;;;;;;;;;;;;;;;;;;;;;;;;;;;;;10.40;10.67;10.91;11.11;11.25;11.34;11.38;11.36;11.30;11.19;11.05;10.88;10.68;10.47;10.25;10.03;9.80;9.56;9.34;9.11;8.89;8.68;8.48;8.28;8.09;7.91;7.74;7.58;7.43;7.30;7.17;7.05;6.95;6.85;6.77;6.69;6.62;6.57;6.52;6.47;6.43;6.40;6.38;6.35;6.33;6.32;6.31;6.30;6.30;6.30;6.31;6.33;6.35;6.38;6.42;6.47;6.53;6.60;6.68;6.77;6.87;6.99;7.12;7.26;7.41;7.58;7.76;7.95;8.17;8.40;8.67;8.96;9.29;9.67;10.11;10.64;11.28;12.10;13.14;;;;;;;;;;;;;;;;;;;;;;;;;;;;
2.400;;;;;;;;;;;;;;;;;;;;;;;;;;;;;;;;;;;10.51;10.81;11.08;11.29;11.45;11.53;11.56;11.52;11.43;11.29;11.11;10.90;10.67;10.43;10.17;9.92;9.66;9.41;9.17;8.93;8.71;8.49;8.29;8.09;7.91;7.74;7.58;7.42;7.28;7.15;7.03;6.92;6.82;6.73;6.65;6.58;6.52;6.47;6.42;6.39;6.35;6.32;6.30;6.28;6.26;6.25;6.23;6.22;6.22;6.22;6.22;6.22;6.24;6.26;6.28;6.32;6.36;6.42;6.48;6.55;6.63;6.72;6.83;6.94;7.06;7.20;7.35;7.51;7.68;7.86;8.07;8.29;8.54;8.82;9.15;9.52;9.97;10.51;11.19;12.05;13.21;;;;;;;;;;;;;;;;;;;;;;;;;;;
2.300;;;;;;;;;;;;;;;;;;;;;;;;;;;;;;;;;;10.55;10.89;11.19;11.44;11.61;11.72;11.74;11.70;11.58;11.42;11.21;10.97;10.70;10.42;10.13;9.85;9.56;9.29;9.03;8.78;8.55;8.33;8.12;7.92;7.74;7.57;7.41;7.27;7.13;7.01;6.90;6.79;6.70;6.62;6.54;6.48;6.42;6.38;6.34;6.30;6.27;6.25;6.23;6.21;6.20;6.19;6.18;6.17;6.16;6.16;6.15;6.16;6.16;6.17;6.19;6.21;6.24;6.28;6.33;6.38;6.45;6.52;6.60;6.70;6.80;6.91;7.03;7.16;7.29;7.44;7.61;7.78;7.98;8.19;8.43;8.71;9.03;9.41;9.87;10.45;11.17;12.13;13.40;;;;;;;;;;;;;;;;;;;;;;;;;;
2.200;;;;;;;;;;;;;;;;;;;;;;;;;;;;;;;;;;10.90;11.24;11.52;11.73;11.86;11.90;11.86;11.75;11.56;11.33;11.06;10.76;10.45;10.13;9.82;9.51;9.21;8.93;8.66;8.42;8.18;7.97;7.77;7.59;7.42;7.26;7.12;6.99;6.87;6.76;6.67;6.58;6.50;6.43;6.38;6.33;6.28;6.25;6.22;6.20;6.18;6.17;6.16;6.15;6.14;6.13;6.13;6.12;6.11;6.11;6.11;6.11;6.12;6.12;6.14;6.16;6.19;6.22;6.26;6.31;6.37;6.44;6.51;6.59;6.68;6.78;6.88;7.00;7.12;7.25;7.39;7.54;7.71;7.89;8.10;8.34;8.61;8.94;9.34;9.83;10.45;11.26;12.32;13.86;;;;;;;;;;;;;;;;;;;;;;;;;
2.100;;;;;;;;;;;;;;;;;;;;;;;;;;;;;;;;;10.81;11.19;11.52;11.78;11.95;12.02;12.01;11.90;11.72;11.47;11.18;10.86;10.52;10.17;9.83;9.49;9.17;8.87;8.58;8.32;8.07;7.85;7.64;7.45;7.28;7.13;6.99;6.86;6.74;6.64;6.55;6.46;6.39;6.33;6.27;6.23;6.19;6.16;6.14;6.12;6.11;6.10;6.10;6.10;6.09;6.09;6.09;6.09;6.09;6.08;6.08;6.08;6.08;6.08;6.09;6.10;6.12;6.15;6.18;6.21;6.26;6.31;6.37;6.44;6.51;6.59;6.68;6.77;6.87;6.97;7.09;7.21;7.34;7.48;7.64;7.82;8.02;8.26;8.54;8.89;9.32;9.85;10.54;11.45;12.73;;;;;;;;;;;;;;;;;;;;;;;;;
2.000;;;;;;;;;;;;;;;;;;;;;;;;;;;;;;;;10.63;11.05;11.43;11.73;11.95;12.08;12.09;12.02;11.85;11.61;11.31;10.97;10.61;10.24;9.87;9.51;9.17;8.84;8.54;8.26;8.00;7.76;7.54;7.35;7.17;7.01;6.87;6.74;6.62;6.52;6.43;6.35;6.28;6.23;6.18;6.13;6.10;6.08;6.06;6.05;6.04;6.04;6.04;6.05;6.05;6.06;6.06;6.06;6.07;6.07;6.07;6.06;6.06;6.07;6.07;6.07;6.09;6.10;6.12;6.15;6.18;6.22;6.27;6.32;6.38;6.45;6.52;6.60;6.68;6.76;6.86;6.95;7.06;7.17;7.29;7.42;7.58;7.75;7.96;8.21;8.51;8.88;9.35;9.95;10.73;11.83;13.34;;;;;;;;;;;;;;;;;;;;;;;;
1.900;;;;;;;;;;;;;;;;;;;;;;;;;;;;;;;10.39;10.83;11.24;11.60;11.87;12.05;12.13;12.09;11.96;11.73;11.44;11.10;10.73;10.34;9.95;9.57;9.20;8.85;8.53;8.23;7.95;7.70;7.47;7.26;7.08;6.92;6.77;6.64;6.52;6.42;6.33;6.25;6.19;6.13;6.08;6.05;6.02;6.00;5.98;5.97;5.97;5.98;5.99;6.00;6.01;6.02;6.03;6.04;6.05;6.05;6.06;6.06;6.06;6.06;6.06;6.06;6.07;6.08;6.09;6.11;6.13;6.16;6.20;6.24;6.29;6.35;6.41;6.47;6.54;6.61;6.68;6.76;6.84;6.93;7.02;7.13;7.24;7.37;7.52;7.70;7.92;8.18;8.51;8.92;9.45;10.14;11.09;12.38;14.39;;;;;;;;;;;;;;;;;;;;;;;
1.800;;;;;;;;;;;;;;;;;;;;;;;;;;;;;;;10.53;10.97;11.37;11.69;11.93;12.06;12.09;12.00;11.82;11.55;11.22;10.85;10.46;10.05;9.65;9.27;8.90;8.55;8.23;7.94;7.67;7.43;7.21;7.02;6.85;6.69;6.56;6.44;6.34;6.25;6.17;6.10;6.05;6.00;5.97;5.94;5.92;5.91;5.90;5.91;5.91;5.93;5.94;5.96;5.98;6.00;6.02;6.03;6.04;6.05;6.06;6.06;6.06;6.06;6.06;6.07;6.07;6.08;6.09;6.11;6.13;6.16;6.19;6.23;6.28;6.33;6.38;6.44;6.50;6.56;6.62;6.69;6.76;6.83;6.91;6.99;7.09;7.20;7.33;7.48;7.67;7.90;8.19;8.56;9.03;9.64;10.48;11.61;13.32;;;;;;;;;;;;;;;;;;;;;;;
1.700;;;;;;;;;;;;;;;;;;;;;;;;;;;;;;10.19;10.64;11.06;11.43;11.72;11.92;12.00;11.98;11.84;11.62;11.32;10.96;10.57;10.17;9.76;9.35;8.97;8.61;8.27;7.96;7.68;7.42;7.19;6.98;6.80;6.64;6.50;6.38;6.27;6.18;6.10;6.03;5.98;5.93;5.90;5.87;5.85;5.84;5.84;5.84;5.85;5.87;5.89;5.91;5.94;5.97;5.99;6.01;6.03;6.05;6.06;6.06;6.07;6.07;6.07;6.07;6.07;6.08;6.09;6.10;6.11;6.14;6.16;6.19;6.23;6.27;6.32;6.37;6.42;6.47;6.52;6.58;6.63;6.69;6.75;6.81;6.88;6.96;7.05;7.16;7.29;7.45;7.66;7.92;8.24;8.67;9.21;9.96;10.95;12.44;14.66;;;;;;;;;;;;;;;;;;;;;;
1.600;;;;;;;;;;;;;;;;;;;;;;;;;;;;;;10.27;10.69;11.09;11.42;11.67;11.83;11.87;11.80;11.63;11.38;11.05;10.68;10.28;9.87;9.46;9.06;8.69;8.33;8.01;7.71;7.44;7.20;6.98;6.78;6.61;6.46;6.33;6.22;6.13;6.05;5.98;5.92;5.88;5.84;5.81;5.79;5.78;5.78;5.79;5.80;5.82;5.84;5.87;5.90;5.93;5.96;5.99;6.02;6.04;6.06;6.07;6.08;6.08;6.08;6.09;6.09;6.09;6.09;6.10;6.11;6.13;6.15;6.17;6.20;6.24;6.28;6.32;6.36;6.41;6.46;6.50;6.55;6.60;6.64;6.69;6.74;6.79;6.86;6.93;7.02;7.13;7.27;7.45;7.68;7.97;8.36;8.85;9.52;10.41;11.73;13.65;;;;;;;;;;;;;;;;;;;;;;
1.500;;;;;;;;;;;;;;;;;;;;;;;;;;;;;9.89;10.31;10.71;11.07;11.37;11.58;11.69;11.69;11.59;11.38;11.11;10.76;10.39;9.98;9.58;9.17;8.79;8.42;8.08;7.77;7.48;7.22;6.99;6.79;6.61;6.45;6.31;6.19;6.09;6.01;5.94;5.88;5.83;5.80;5.77;5.75;5.74;5.74;5.74;5.75;5.77;5.79;5.82;5.85;5.89;5.92;5.96;5.99;6.02;6.05;6.07;6.08;6.09;6.10;6.10;6.10;6.10;6.11;6.11;6.12;6.13;6.14;6.16;6.19;6.22;6.25;6.29;6.33;6.37;6.41;6.45;6.49;6.53;6.57;6.61;6.64;6.68;6.72;6.77;6.83;6.90;6.99;7.11;7.27;7.47;7.74;8.09;8.53;9.14;9.95;11.12;12.80;15.67;;;;;;;;;;;;;;;;;;;;;
1.400;;;;;;;;;;;;;;;;;;;;;;;;;;;;;9.92;10.31;10.68;11.00;11.26;11.43;11.50;11.46;11.33;11.10;10.81;10.46;10.09;9.69;9.29;8.90;8.53;8.18;7.85;7.55;7.28;7.04;6.82;6.63;6.46;6.31;6.19;6.08;5.99;5.92;5.86;5.81;5.77;5.74;5.72;5.71;5.71;5.71;5.72;5.73;5.75;5.78;5.81;5.85;5.89;5.93;5.97;6.00;6.04;6.06;6.08;6.10;6.11;6.12;6.12;6.12;6.12;6.12;6.13;6.13;6.15;6.16;6.18;6.21;6.24;6.27;6.31;6.34;6.38;6.42;6.46;6.50;6.53;6.56;6.59;6.61;6.64;6.67;6.70;6.74;6.80;6.88;6.98;7.12;7.30;7.54;7.85;8.26;8.82;9.55;10.61;12.12;14.62;;;;;;;;;;;;;;;;;;;;;
1.300;;;;;;;;;;;;;;;;;;;;;;;;;;;;9.57;9.93;10.29;10.62;10.90;11.12;11.25;11.28;11.21;11.05;10.81;10.51;10.16;9.79;9.40;9.01;8.64;8.28;7.95;7.64;7.35;7.10;6.87;6.67;6.49;6.33;6.20;6.09;5.99;5.91;5.85;5.80;5.76;5.73;5.71;5.70;5.69;5.69;5.70;5.71;5.73;5.75;5.78;5.82;5.85;5.90;5.94;5.98;6.02;6.05;6.08;6.10;6.12;6.13;6.13;6.13;6.14;6.14;6.14;6.14;6.15;6.16;6.18;6.20;6.23;6.26;6.29;6.33;6.36;6.40;6.44;6.47;6.50;6.53;6.56;6.58;6.59;6.61;6.63;6.65;6.68;6.72;6.78;6.86;6.98;7.15;7.36;7.65;8.02;8.54;9.21;10.18;11.53;13.73;;;;;;;;;;;;;;;;;;;;;
1.200;;;;;;;;;;;;;;;;;;;;;;;;;;;;9.59;9.92;10.24;10.53;10.78;10.95;11.04;11.03;10.94;10.77;10.51;10.21;9.87;9.50;9.13;8.76;8.40;8.06;7.74;7.45;7.18;6.94;6.72;6.54;6.37;6.23;6.11;6.01;5.92;5.85;5.80;5.76;5.73;5.71;5.70;5.69;5.69;5.69;5.70;5.72;5.74;5.76;5.79;5.83;5.87;5.91;5.95;6.00;6.03;6.07;6.10;6.12;6.13;6.14;6.15;6.15;6.15;6.15;6.15;6.16;6.17;6.18;6.20;6.22;6.25;6.28;6.31;6.35;6.39;6.43;6.46;6.49;6.52;6.54;6.56;6.57;6.58;6.59;6.60;6.61;6.62;6.65;6.70;6.77;6.87;7.01;7.21;7.47;7.82;8.29;8.91;9.80;11.04;13.01;16.29;;;;;;;;;;;;;;;;;;;;
1.100;;;;;;;;;;;;;;;;;;;;;;;;;;;9.32;9.60;9.89;10.18;10.43;10.63;10.76;10.81;10.78;10.67;10.48;10.22;9.92;9.58;9.23;8.87;8.52;8.18;7.85;7.55;7.28;7.03;6.80;6.60;6.42;6.27;6.14;6.03;5.94;5.87;5.81;5.77;5.74;5.72;5.71;5.70;5.70;5.71;5.72;5.73;5.74;5.76;5.78;5.81;5.85;5.88;5.93;5.97;6.01;6.05;6.08;6.11;6.13;6.14;6.15;6.16;6.16;6.16;6.16;6.16;6.17;6.18;6.19;6.21;6.24;6.27;6.30;6.34;6.37;6.41;6.45;6.48;6.52;6.54;6.56;6.57;6.58;6.58;6.58;6.58;6.58;6.58;6.60;6.63;6.69;6.77;6.90;7.07;7.32;7.64;8.08;8.65;9.48;10.62;12.40;15.30;;;;;;;;;;;;;;;;;;;;
1.000;;;;;;;;;;;;;;;;;;;;;;;;;;;9.35;9.60;9.86;10.10;10.31;10.47;10.56;10.58;10.53;10.39;10.20;9.94;9.64;9.32;8.98;8.63;8.30;7.97;7.67;7.39;7.13;6.89;6.68;6.49;6.33;6.19;6.08;5.98;5.90;5.84;5.79;5.76;5.74;5.73;5.72;5.73;5.73;5.74;5.76;5.77;5.78;5.80;5.82;5.84;5.87;5.91;5.95;5.99;6.03;6.07;6.10;6.12;6.14;6.15;6.16;6.16;6.16;6.16;6.16;6.17;6.18;6.19;6.20;6.23;6.25;6.28;6.32;6.36;6.40;6.44;6.48;6.51;6.54;6.57;6.58;6.59;6.59;6.59;6.58;6.57;6.56;6.55;6.56;6.58;6.62;6.69;6.80;6.96;7.18;7.48;7.89;8.43;9.19;10.25;11.88;14.48;;;;;;;;;;;;;;;;;;;;
0.900;;;;;;;;;;;;;;;;;;;;;;;;;;;9.38;9.59;9.81;10.01;10.18;10.30;10.37;10.36;10.28;10.13;9.93;9.67;9.38;9.07;8.74;8.42;8.10;7.79;7.50;7.24;6.99;6.77;6.58;6.41;6.26;6.13;6.03;5.94;5.87;5.82;5.79;5.76;5.75;5.75;5.76;5.77;5.78;5.80;5.81;5.82;5.84;5.85;5.86;5.88;5.90;5.93;5.97;6.01;6.05;6.08;6.11;6.14;6.15;6.16;6.17;6.17;6.17;6.17;6.17;6.17;6.18;6.19;6.21;6.23;6.26;6.30;6.34;6.38;6.42;6.46;6.50;6.54;6.57;6.59;6.61;6.61;6.61;6.60;6.58;6.56;6.54;6.53;6.52;6.53;6.56;6.62;6.72;6.86;7.07;7.34;7.72;8.23;8.95;9.93;11.44;13.80;18.42;;;;;;;;;;;;;;;;;;;
0.800;;;;;;;;;;;;;;;;;;;;;;;;;;9.25;9.41;9.58;9.76;9.93;10.06;10.14;10.17;10.14;10.04;9.88;9.67;9.42;9.14;8.84;8.53;8.22;7.92;7.63;7.36;7.11;6.88;6.67;6.49;6.33;6.20;6.08;5.99;5.91;5.86;5.82;5.79;5.78;5.78;5.79;5.80;5.82;5.85;5.87;5.88;5.90;5.90;5.91;5.91;5.92;5.93;5.96;5.99;6.02;6.06;6.10;6.12;6.15;6.16;6.17;6.17;6.17;6.16;6.16;6.16;6.17;6.18;6.19;6.21;6.24;6.27;6.31;6.35;6.39;6.44;6.48;6.53;6.56;6.60;6.62;6.63;6.64;6.63;6.62;6.59;6.57;6.54;6.52;6.50;6.50;6.52;6.56;6.65;6.77;6.96;7.22;7.58;8.06;8.73;9.66;11.05;13.22;17.33;;;;;;;;;;;;;;;;;;;
0.700;;;;;;;;;;;;;;;;;;;;;;;;;;9.31;9.43;9.57;9.71;9.84;9.93;9.98;9.99;9.93;9.82;9.65;9.44;9.19;8.92;8.63;8.33;8.04;7.75;7.48;7.23;6.99;6.78;6.59;6.42;6.27;6.15;6.05;5.96;5.90;5.85;5.82;5.81;5.81;5.82;5.84;5.86;5.89;5.92;5.95;5.97;5.98;5.99;5.98;5.97;5.97;5.97;5.98;6.01;6.04;6.08;6.11;6.14;6.16;6.17;6.17;6.17;6.17;6.16;6.16;6.16;6.16;6.17;6.19;6.21;6.24;6.27;6.31;6.36;6.41;6.45;6.50;6.55;6.59;6.62;6.65;6.66;6.67;6.66;6.64;6.61;6.58;6.54;6.51;6.48;6.47;6.48;6.52;6.59;6.70;6.88;7.12;7.46;7.91;8.54;9.41;10.72;12.73;16.43;;;;;;;;;;;;;;;;;;;
0.600;;;;;;;;;;;;;;;;;;;;;;;;;;9.38;9.46;9.56;9.67;9.75;9.81;9.84;9.81;9.74;9.61;9.44;9.23;8.98;8.72;8.44;8.16;7.88;7.61;7.36;7.12;6.90;6.70;6.52;6.36;6.23;6.12;6.02;5.95;5.90;5.86;5.84;5.84;5.84;5.86;5.89;5.93;5.97;6.01;6.04;6.07;6.09;6.09;6.07;6.05;6.02;6.00;6.00;6.02;6.06;6.09;6.13;6.15;6.17;6.17;6.17;6.17;6.16;6.15;6.15;6.15;6.15;6.16;6.18;6.20;6.23;6.27;6.31;6.36;6.41;6.47;6.52;6.57;6.61;6.65;6.68;6.69;6.69;6.68;6.66;6.63;6.59;6.55;6.51;6.47;6.45;6.45;6.48;6.54;6.64;6.80;7.02;7.35;7.77;8.38;9.21;10.44;12.31;15.69;22.94;;;;;;;;;;;;;;;;;;
0.500;;;;;;;;;;;;;;;;;;;;;;;;;;9.45;9.50;9.56;9.62;9.68;9.70;9.70;9.65;9.56;9.42;9.25;9.04;8.80;8.54;8.28;8.01;7.75;7.49;7.25;7.02;6.82;6.63;6.46;6.32;6.20;6.09;6.01;5.95;5.90;5.88;5.87;5.87;5.89;5.92;5.95;6.00;6.05;6.10;6.14;6.18;6.20;6.20;6.18;6.13;6.08;6.03;6.02;6.04;6.08;6.12;6.15;6.17;6.18;6.19;6.18;6.17;6.16;6.15;6.14;6.14;6.14;6.15;6.17;6.19;6.22;6.27;6.31;6.37;6.42;6.48;6.54;6.59;6.64;6.68;6.71;6.72;6.72;6.71;6.69;6.65;6.61;6.56;6.51;6.47;6.44;6.43;6.45;6.50;6.59;6.74;6.95;7.25;7.66;8.24;9.02;10.19;11.95;15.07;21.54;;;;;;;;;;;;;;;;;;
0.400;;;;;;;;;;;;;;;;;;;;;;;;;;9.53;9.53;9.56;9.59;9.61;9.61;9.57;9.51;9.40;9.26;9.08;8.87;8.63;8.39;8.13;7.88;7.63;7.38;7.16;6.94;6.75;6.58;6.42;6.29;6.17;6.08;6.01;5.95;5.92;5.90;5.89;5.91;5.93;5.97;6.02;6.07;6.13;6.19;6.24;6.29;6.32;6.33;6.30;6.23;6.14;6.06;6.04;6.06;6.10;6.15;6.18;6.20;6.21;6.20;6.19;6.17;6.16;6.14;6.13;6.12;6.12;6.13;6.15;6.18;6.21;6.26;6.31;6.36;6.42;6.49;6.55;6.61;6.66;6.70;6.73;6.75;6.75;6.74;6.72;6.68;6.63;6.58;6.52;6.47;6.44;6.42;6.42;6.46;6.55;6.68;6.88;7.17;7.56;8.11;8.87;9.98;11.65;14.55;20.41;;;;;;;;;;;;;;;;;;
0.300;;;;;;;;;;;;;;;;;;;;;;;;;9.69;9.61;9.58;9.56;9.56;9.55;9.52;9.46;9.38;9.26;9.11;8.92;8.72;8.49;8.25;8.01;7.76;7.53;7.30;7.08;6.88;6.70;6.54;6.39;6.27;6.16;6.08;6.01;5.97;5.94;5.93;5.93;5.95;5.98;6.02;6.07;6.14;6.20;6.27;6.33;6.39;6.44;6.46;6.44;6.37;6.23;6.09;6.05;6.09;6.16;6.21;6.24;6.25;6.24;6.22;6.20;6.18;6.15;6.13;6.12;6.11;6.11;6.12;6.13;6.16;6.20;6.25;6.30;6.36;6.42;6.49;6.56;6.62;6.68;6.72;6.76;6.78;6.79;6.77;6.75;6.71;6.65;6.60;6.54;6.48;6.44;6.41;6.41;6.44;6.51;6.64;6.82;7.10;7.48;8.01;8.73;9.80;11.39;14.13;19.52;;;;;;;;;;;;;;;;;;
0.200;;;;;;;;;;;;;;;;;;;;;;;;;9.82;9.70;9.62;9.58;9.54;9.50;9.44;9.37;9.27;9.14;8.98;8.79;8.59;8.37;8.14;7.90;7.67;7.44;7.22;7.02;6.83;6.66;6.51;6.37;6.26;6.16;6.08;6.03;5.99;5.96;5.96;5.97;5.99;6.02;6.07;6.13;6.19;6.26;6.34;6.41;6.48;6.53;6.58;6.59;6.53;6.35;6.11;6.08;6.17;6.25;6.30;6.31;6.30;6.28;6.25;6.21;6.18;6.15;6.12;6.10;6.09;6.09;6.10;6.12;6.15;6.18;6.23;6.29;6.35;6.42;6.49;6.57;6.63;6.69;6.75;6.79;6.81;6.82;6.81;6.78;6.73;6.68;6.62;6.55;6.49;6.44;6.41;6.40;6.42;6.48;6.60;6.78;7.04;7.40;7.92;8.62;9.65;11.17;13.77;18.79;;;;;;;;;;;;;;;;;;
0.100;;;;;;;;;;;;;;;;;;;;;;;;;9.96;9.79;9.68;9.59;9.53;9.46;9.38;9.29;9.17;9.03;8.87;8.68;8.48;8.26;8.04;7.81;7.59;7.37;7.17;6.97;6.79;6.63;6.49;6.36;6.25;6.17;6.10;6.04;6.01;5.99;5.99;6.00;6.03;6.07;6.12;6.18;6.24;6.31;6.38;6.45;6.52;6.59;6.64;6.68;6.69;6.57;6.13;6.20;6.35;6.41;6.42;6.40;6.36;6.32;6.27;6.23;6.18;6.14;6.11;6.09;6.07;6.07;6.08;6.09;6.13;6.17;6.22;6.28;6.35;6.42;6.50;6.57;6.65;6.71;6.77;6.81;6.84;6.85;6.84;6.81;6.76;6.71;6.64;6.57;6.50;6.45;6.41;6.39;6.41;6.46;6.57;6.74;7.00;7.35;7.85;8.53;9.53;11.00;13.48;18.22;;;;;;;;;;;;;;;;;;
0.000;;;;;;;;;;;;;;;;;;;;;;;;;10.10;9.88;9.73;9.62;9.52;9.43;9.33;9.22;9.09;8.94;8.77;8.58;8.38;8.17;7.96;7.74;7.52;7.32;7.12;6.94;6.77;6.61;6.48;6.36;6.26;6.18;6.12;6.07;6.04;6.03;6.03;6.04;6.07;6.11;6.16;6.22;6.28;6.35;6.41;6.47;6.53;6.59;6.63;6.66;6.68;6.68;6.68;6.66;6.62;6.58;6.53;6.47;6.41;6.35;6.29;6.23;6.18;6.13;6.09;6.07;6.05;6.05;6.05;6.07;6.11;6.15;6.20;6.27;6.34;6.42;6.50;6.58;6.66;6.73;6.79;6.83;6.86;6.87;6.87;6.84;6.79;6.73;6.66;6.59;6.52;6.45;6.41;6.39;6.40;6.45;6.55;6.71;6.96;7.30;7.79;8.45;9.42;10.85;13.25;17.77;;;;;;;;;;;;;;;;;;
-0.100;;;;;;;;;;;;;;;;;;;;;;;;;10.24;9.98;9.80;9.65;9.52;9.40;9.29;9.16;9.02;8.86;8.69;8.50;8.31;8.10;7.89;7.68;7.47;7.28;7.09;6.91;6.75;6.61;6.48;6.37;6.27;6.20;6.14;6.10;6.07;6.06;6.07;6.09;6.12;6.15;6.20;6.26;6.31;6.37;6.42;6.47;6.51;6.54;6.54;6.51;6.43;6.25;6.15;6.57;6.67;6.64;6.58;6.51;6.43;6.36;6.29;6.22;6.17;6.11;6.07;6.04;6.03;6.02;6.03;6.05;6.08;6.13;6.19;6.25;6.33;6.41;6.50;6.58;6.67;6.74;6.81;6.86;6.89;6.90;6.90;6.87;6.82;6.76;6.69;6.61;6.53;6.47;6.42;6.39;6.39;6.44;6.54;6.69;6.93;7.26;7.74;8.39;9.35;10.75;13.09;17.45;30.23;;;;;;;;;;;;;;;;;
-0.200;;;;;;;;;;;;;;;;;;;;;;;;;10.39;10.08;9.86;9.68;9.53;9.39;9.25;9.11;8.96;8.80;8.62;8.44;8.24;8.04;7.84;7.63;7.44;7.25;7.07;6.90;6.74;6.61;6.49;6.38;6.29;6.22;6.17;6.13;6.11;6.10;6.11;6.13;6.16;6.19;6.24;6.29;6.34;6.38;6.43;6.46;6.48;6.47;6.44;6.37;6.26;6.14;6.15;6.38;6.54;6.58;6.55;6.49;6.42;6.35;6.27;6.20;6.14;6.09;6.05;6.02;6.00;6.00;6.01;6.03;6.06;6.11;6.17;6.24;6.32;6.41;6.50;6.59;6.67;6.75;6.82;6.88;6.91;6.93;6.92;6.90;6.85;6.78;6.71;6.63;6.55;6.48;6.42;6.39;6.39;6.43;6.53;6.68;6.91;7.24;7.71;8.35;9.30;10.68;12.97;17.24;29.48;;;;;;;;;;;;;;;;;
-0.300;;;;;;;;;;;;;;;;;;;;;;;;;10.53;10.19;9.93;9.72;9.54;9.38;9.23;9.08;8.92;8.75;8.57;8.39;8.19;7.99;7.80;7.60;7.41;7.22;7.05;6.89;6.75;6.61;6.50;6.40;6.32;6.25;6.20;6.17;6.15;6.14;6.15;6.17;6.20;6.23;6.27;6.32;6.36;6.40;6.42;6.44;6.44;6.42;6.37;6.29;6.20;6.13;6.15;6.27;6.40;6.46;6.46;6.43;6.37;6.30;6.24;6.17;6.11;6.06;6.02;5.99;5.97;5.97;5.98;6.01;6.04;6.09;6.16;6.23;6.32;6.41;6.50;6.59;6.68;6.77;6.84;6.90;6.94;6.95;6.95;6.92;6.87;6.81;6.73;6.65;6.56;6.49;6.43;6.40;6.39;6.43;6.52;6.67;6.90;7.23;7.70;8.33;9.27;10.64;12.92;17.14;29.16;;;;;;;;;;;;;;;;;
-0.400;;;;;;;;;;;;;;;;;;;;;;;;;10.67;10.29;10.00;9.76;9.56;9.38;9.21;9.05;8.88;8.71;8.53;8.34;8.15;7.96;7.76;7.57;7.39;7.21;7.04;6.89;6.75;6.63;6.52;6.42;6.35;6.28;6.24;6.21;6.19;6.19;6.19;6.21;6.24;6.27;6.31;6.34;6.38;6.41;6.42;6.43;6.41;6.38;6.32;6.25;6.18;6.13;6.14;6.21;6.29;6.34;6.36;6.34;6.30;6.24;6.18;6.12;6.07;6.02;5.98;5.96;5.94;5.94;5.96;5.98;6.03;6.08;6.15;6.22;6.31;6.41;6.50;6.60;6.70;6.78;6.86;6.92;6.96;6.98;6.97;6.94;6.90;6.83;6.75;6.66;6.58;6.50;6.44;6.40;6.40;6.43;6.52;6.67;6.90;7.22;7.69;8.33;9.27;10.64;12.92;17.14;29.22;;;;;;;;;;;;;;;;;
-0.500;;;;;;;;;;;;;;;;;;;;;;;;;10.81;10.38;10.06;9.80;9.58;9.39;9.21;9.03;8.86;8.68;8.50;8.31;8.12;7.93;7.74;7.56;7.38;7.20;7.04;6.90;6.76;6.64;6.54;6.45;6.37;6.32;6.27;6.24;6.23;6.23;6.24;6.25;6.28;6.31;6.34;6.37;6.40;6.42;6.43;6.42;6.40;6.36;6.30;6.23;6.17;6.13;6.13;6.16;6.20;6.24;6.25;6.24;6.21;6.17;6.12;6.07;6.02;5.98;5.95;5.92;5.92;5.92;5.94;5.97;6.01;6.07;6.14;6.22;6.31;6.41;6.51;6.61;6.71;6.80;6.87;6.94;6.98;7.00;6.99;6.96;6.91;6.85;6.76;6.68;6.59;6.51;6.45;6.41;6.41;6.44;6.53;6.68;6.91;7.23;7.70;8.35;9.29;10.67;12.98;17.28;29.75;;;;;;;;;;;;;;;;;
-0.600;;;;;;;;;;;;;;;;;;;;;;;;;10.94;10.48;10.13;9.84;9.60;9.39;9.20;9.02;8.84;8.66;8.47;8.29;8.10;7.91;7.72;7.54;7.37;7.20;7.05;6.90;6.77;6.66;6.56;6.47;6.40;6.35;6.31;6.28;6.27;6.27;6.27;6.29;6.31;6.34;6.37;6.39;6.41;6.43;6.43;6.42;6.39;6.34;6.29;6.23;6.17;6.13;6.11;6.12;6.14;6.15;6.16;6.15;6.13;6.09;6.05;6.01;5.97;5.94;5.91;5.89;5.89;5.90;5.92;5.95;6.00;6.06;6.14;6.22;6.31;6.41;6.52;6.62;6.72;6.81;6.89;6.95;6.99;7.01;7.01;6.98;6.93;6.86;6.78;6.69;6.60;6.52;6.46;6.42;6.41;6.45;6.54;6.69;6.92;7.25;7.73;8.38;9.34;10.75;13.11;17.54;30.79;;;;;;;;;;;;;;;;;
-0.700;;;;;;;;;;;;;;;;;;;;;;;;;11.07;10.57;10.19;9.89;9.63;9.41;9.20;9.01;8.83;8.64;8.45;8.27;8.08;7.90;7.71;7.54;7.37;7.20;7.05;6.91;6.79;6.68;6.58;6.50;6.43;6.38;6.34;6.31;6.30;6.30;6.31;6.32;6.34;6.37;6.39;6.41;6.43;6.44;6.43;6.41;6.38;6.34;6.28;6.22;6.17;6.12;6.09;6.08;6.08;6.09;6.08;6.07;6.05;6.02;5.99;5.96;5.92;5.90;5.88;5.87;5.87;5.88;5.91;5.94;6.00;6.06;6.14;6.22;6.32;6.42;6.53;6.63;6.73;6.82;6.90;6.96;7.01;7.02;7.02;6.99;6.94;6.86;6.78;6.69;6.60;6.52;6.46;6.42;6.42;6.46;6.55;6.71;6.95;7.28;7.77;8.44;9.42;10.87;13.31;17.96;32.56;;;;;;;;;;;;;;;;;
-0.800;;;;;;;;;;;;;;;;;;;;;;;;;11.18;10.65;10.26;9.93;9.66;9.42;9.21;9.01;8.82;8.63;8.44;8.26;8.07;7.89;7.71;7.53;7.37;7.21;7.06;6.93;6.80;6.70;6.60;6.52;6.46;6.41;6.37;6.34;6.33;6.33;6.34;6.35;6.37;6.39;6.41;6.43;6.44;6.44;6.43;6.41;6.37;6.33;6.27;6.22;6.16;6.11;6.08;6.05;6.04;6.03;6.02;6.00;5.99;5.96;5.93;5.91;5.88;5.86;5.85;5.84;5.85;5.87;5.90;5.94;6.00;6.07;6.14;6.23;6.33;6.43;6.54;6.65;6.75;6.84;6.92;6.98;7.02;7.03;7.02;6.99;6.94;6.86;6.78;6.69;6.60;6.53;6.47;6.43;6.43;6.47;6.57;6.73;6.98;7.33;7.83;8.52;9.53;11.03;13.60;18.58;;;;;;;;;;;;;;;;;;
-0.900;;;;;;;;;;;;;;;;;;;;;;;;;11.29;10.73;10.32;9.97;9.69;9.44;9.22;9.02;8.82;8.63;8.44;8.25;8.07;7.88;7.71;7.53;7.37;7.21;7.07;6.94;6.82;6.71;6.62;6.54;6.48;6.43;6.39;6.37;6.36;6.35;6.36;6.37;6.39;6.40;6.42;6.44;6.44;6.44;6.43;6.40;6.37;6.32;6.26;6.21;6.15;6.10;6.06;6.02;6.00;5.98;5.97;5.95;5.93;5.91;5.89;5.87;5.85;5.84;5.83;5.83;5.84;5.87;5.90;5.95;6.01;6.08;6.16;6.25;6.35;6.45;6.56;6.66;6.76;6.85;6.93;6.98;7.02;7.03;7.02;6.98;6.93;6.86;6.77;6.68;6.60;6.52;6.47;6.44;6.44;6.49;6.60;6.77;7.03;7.39;7.91;8.62;9.68;11.26;14.00;19.44;;;;;;;;;;;;;;;;;;
-1.000;;;;;;;;;;;;;;;;;;;;;;;;;11.39;10.81;10.37;10.02;9.72;9.47;9.24;9.03;8.83;8.63;8.44;8.25;8.07;7.88;7.71;7.54;7.37;7.22;7.08;6.95;6.83;6.72;6.63;6.56;6.49;6.45;6.41;6.39;6.37;6.37;6.37;6.38;6.40;6.41;6.43;6.44;6.44;6.43;6.42;6.39;6.35;6.31;6.25;6.19;6.14;6.08;6.04;6.00;5.97;5.95;5.93;5.91;5.89;5.87;5.85;5.84;5.83;5.82;5.82;5.83;5.84;5.87;5.91;5.96;6.02;6.10;6.18;6.27;6.37;6.47;6.58;6.68;6.77;6.86;6.93;6.98;7.02;7.02;7.01;6.97;6.91;6.84;6.76;6.67;6.59;6.52;6.46;6.44;6.45;6.51;6.63;6.81;7.08;7.46;8.01;8.76;9.88;11.56;14.53;20.65;;;;;;;;;;;;;;;;;;
-1.100;;;;;;;;;;;;;;;;;;;;;;;;;11.48;10.88;10.43;10.06;9.76;9.50;9.26;9.05;8.84;8.64;8.45;8.26;8.07;7.89;7.71;7.54;7.38;7.23;7.08;6.95;6.84;6.73;6.64;6.57;6.51;6.46;6.42;6.39;6.38;6.38;6.38;6.39;6.40;6.41;6.42;6.43;6.43;6.42;6.40;6.37;6.34;6.29;6.24;6.18;6.12;6.07;6.02;5.98;5.95;5.92;5.90;5.88;5.86;5.85;5.83;5.82;5.82;5.81;5.82;5.83;5.86;5.89;5.93;5.99;6.05;6.12;6.21;6.30;6.40;6.50;6.60;6.70;6.79;6.87;6.93;6.98;7.01;7.01;6.99;6.95;6.89;6.81;6.73;6.65;6.57;6.50;6.46;6.44;6.47;6.54;6.66;6.86;7.15;7.55;8.13;8.93;10.12;11.94;15.23;22.34;;;;;;;;;;;;;;;;;;
-1.200;;;;;;;;;;;;;;;;;;;;;;;;;11.56;10.96;10.49;10.12;9.81;9.53;9.29;9.07;8.86;8.66;8.46;8.27;8.08;7.90;7.72;7.55;7.39;7.23;7.09;6.96;6.84;6.74;6.65;6.57;6.51;6.46;6.42;6.40;6.38;6.37;6.38;6.38;6.39;6.40;6.41;6.41;6.41;6.40;6.38;6.35;6.32;6.27;6.22;6.16;6.11;6.06;6.01;5.97;5.93;5.90;5.88;5.86;5.85;5.83;5.82;5.82;5.82;5.82;5.83;5.85;5.88;5.92;5.96;6.02;6.09;6.16;6.24;6.33;6.43;6.53;6.62;6.72;6.80;6.87;6.93;6.97;6.99;6.99;6.96;6.92;6.85;6.78;6.70;6.62;6.55;6.49;6.45;6.45;6.48;6.56;6.71;6.92;7.24;7.67;8.29;9.14;10.44;12.44;16.18;24.82;;;;;;;;;;;;;;;;;;
-1.300;;;;;;;;;;;;;;;;;;;;;;;;;;11.03;10.56;10.17;9.86;9.58;9.33;9.11;8.89;8.69;8.49;8.29;8.10;7.91;7.73;7.56;7.40;7.24;7.10;6.97;6.85;6.74;6.65;6.58;6.51;6.46;6.42;6.39;6.37;6.37;6.36;6.37;6.37;6.38;6.39;6.39;6.38;6.37;6.36;6.33;6.29;6.25;6.20;6.15;6.10;6.05;6.00;5.96;5.92;5.90;5.87;5.86;5.84;5.83;5.83;5.83;5.83;5.84;5.86;5.88;5.92;5.96;6.01;6.06;6.13;6.20;6.29;6.37;6.47;6.56;6.65;6.73;6.81;6.87;6.92;6.95;6.96;6.95;6.92;6.87;6.81;6.74;6.66;6.59;6.52;6.47;6.45;6.45;6.50;6.60;6.76;7.00;7.34;7.81;8.48;9.40;10.82;13.06;17.44;28.49;;;;;;;;;;;;;;;;;;
-1.400;;;;;;;;;;;;;;;;;;;;;;;;;;11.11;10.63;10.24;9.92;9.64;9.39;9.16;8.94;8.73;8.52;8.32;8.13;7.94;7.75;7.58;7.41;7.25;7.11;6.98;6.85;6.75;6.65;6.57;6.51;6.45;6.41;6.38;6.36;6.35;6.34;6.35;6.35;6.35;6.36;6.36;6.35;6.34;6.32;6.30;6.26;6.22;6.18;6.13;6.08;6.04;5.99;5.96;5.92;5.90;5.88;5.86;5.85;5.85;5.85;5.85;5.86;5.88;5.90;5.93;5.96;6.01;6.06;6.12;6.18;6.26;6.34;6.42;6.50;6.59;6.67;6.75;6.81;6.87;6.91;6.93;6.93;6.91;6.87;6.82;6.76;6.69;6.61;6.55;6.49;6.45;6.44;6.46;6.53;6.64;6.83;7.09;7.47;7.98;8.71;9.73;11.32;13.89;19.25;34.87;;;;;;;;;;;;;;;;;;
-1.500;;;;;;;;;;;;;;;;;;;;;;;;;;11.20;10.72;10.33;10.00;9.71;9.46;9.22;8.99;8.78;8.57;8.36;8.16;7.97;7.78;7.60;7.43;7.27;7.12;6.98;6.86;6.75;6.65;6.57;6.50;6.44;6.40;6.36;6.34;6.33;6.32;6.32;6.32;6.32;6.32;6.32;6.32;6.31;6.29;6.27;6.23;6.20;6.16;6.12;6.07;6.03;5.99;5.96;5.93;5.91;5.89;5.88;5.88;5.88;5.88;5.89;5.90;5.92;5.95;5.98;6.02;6.07;6.12;6.18;6.24;6.31;6.39;6.47;6.54;6.62;6.69;6.76;6.81;6.85;6.88;6.89;6.88;6.86;6.82;6.76;6.70;6.63;6.56;6.50;6.46;6.43;6.44;6.47;6.56;6.70;6.91;7.20;7.62;8.18;8.99;10.13;11.94;14.97;21.81;;;;;;;;;;;;;;;;;;;
-1.600;;;;;;;;;;;;;;;;;;;;;;;;;;11.30;10.83;10.43;10.10;9.80;9.54;9.30;9.07;8.85;8.63;8.42;8.21;8.01;7.82;7.63;7.46;7.29;7.14;6.99;6.87;6.75;6.65;6.56;6.49;6.43;6.38;6.34;6.32;6.30;6.29;6.28;6.28;6.28;6.29;6.28;6.28;6.27;6.25;6.23;6.21;6.17;6.14;6.10;6.06;6.03;6.00;5.97;5.95;5.93;5.92;5.91;5.91;5.91;5.92;5.94;5.96;5.98;6.01;6.05;6.09;6.14;6.19;6.25;6.31;6.37;6.44;6.51;6.58;6.65;6.71;6.76;6.80;6.83;6.85;6.84;6.83;6.79;6.75;6.69;6.63;6.57;6.51;6.46;6.42;6.41;6.43;6.49;6.60;6.76;7.01;7.33;7.80;8.43;9.34;10.64;12.77;16.49;26.13;;;;;;;;;;;;;;;;;;;
-1.700;;;;;;;;;;;;;;;;;;;;;;;;;;;10.95;10.55;10.21;9.92;9.65;9.40;9.16;8.94;8.71;8.49;8.28;8.07;7.87;7.67;7.49;7.32;7.16;7.01;6.88;6.76;6.65;6.56;6.48;6.42;6.36;6.32;6.29;6.27;6.26;6.25;6.25;6.25;6.24;6.24;6.24;6.23;6.22;6.20;6.18;6.15;6.12;6.09;6.06;6.03;6.00;5.98;5.97;5.95;5.95;5.95;5.95;5.96;5.98;6.00;6.02;6.05;6.08;6.12;6.17;6.21;6.26;6.32;6.38;6.44;6.50;6.56;6.62;6.67;6.72;6.76;6.79;6.80;6.80;6.79;6.76;6.72;6.67;6.62;6.56;6.50;6.45;6.41;6.39;6.40;6.44;6.52;6.65;6.85;7.12;7.50;8.02;8.73;9.77;11.27;13.83;18.58;33.66;;;;;;;;;;;;;;;;;;;
-1.800;;;;;;;;;;;;;;;;;;;;;;;;;;;11.10;10.70;10.36;10.06;9.79;9.53;9.29;9.05;8.81;8.59;8.36;8.14;7.93;7.73;7.54;7.36;7.19;7.04;6.89;6.77;6.66;6.56;6.48;6.41;6.35;6.30;6.27;6.24;6.23;6.22;6.21;6.21;6.20;6.20;6.20;6.19;6.18;6.17;6.15;6.13;6.11;6.08;6.06;6.04;6.02;6.00;5.99;5.99;5.99;5.99;6.00;6.02;6.04;6.07;6.09;6.13;6.16;6.20;6.25;6.29;6.34;6.40;6.45;6.50;6.55;6.60;6.65;6.69;6.72;6.75;6.76;6.76;6.75;6.72;6.69;6.64;6.59;6.54;6.48;6.43;6.39;6.37;6.37;6.39;6.46;6.56;6.72;6.95;7.27;7.70;8.30;9.11;10.32;12.11;15.34;21.92;;;;;;;;;;;;;;;;;;;;
-1.900;;;;;;;;;;;;;;;;;;;;;;;;;;;11.29;10.89;10.55;10.24;9.96;9.69;9.44;9.19;8.94;8.70;8.47;8.24;8.01;7.80;7.60;7.41;7.23;7.07;6.92;6.79;6.67;6.56;6.47;6.40;6.34;6.29;6.25;6.22;6.20;6.18;6.17;6.17;6.17;6.16;6.16;6.16;6.15;6.14;6.13;6.11;6.10;6.08;6.06;6.05;6.04;6.03;6.03;6.03;6.03;6.05;6.06;6.08;6.11;6.14;6.17;6.21;6.25;6.29;6.33;6.38;6.42;6.47;6.52;6.56;6.60;6.64;6.67;6.70;6.72;6.72;6.72;6.71;6.68;6.65;6.61;6.56;6.51;6.45;6.41;6.37;6.34;6.33;6.35;6.40;6.48;6.62;6.81;7.08;7.45;7.94;8.63;9.57;11.00;13.20;17.46;27.38;;;;;;;;;;;;;;;;;;;;
-2.000;;;;;;;;;;;;;;;;;;;;;;;;;;;;11.12;10.77;10.46;10.17;9.89;9.63;9.36;9.10;8.85;8.60;8.36;8.12;7.89;7.68;7.48;7.29;7.12;6.96;6.82;6.69;6.58;6.48;6.40;6.33;6.27;6.23;6.20;6.17;6.15;6.14;6.14;6.13;6.13;6.13;6.13;6.12;6.12;6.11;6.10;6.09;6.08;6.07;6.06;6.06;6.06;6.06;6.07;6.09;6.10;6.13;6.15;6.19;6.22;6.26;6.30;6.34;6.38;6.42;6.46;6.50;6.54;6.58;6.61;6.64;6.67;6.69;6.70;6.70;6.69;6.67;6.65;6.61;6.57;6.52;6.47;6.42;6.37;6.33;6.30;6.29;6.30;6.34;6.41;6.53;6.69;6.93;7.24;7.68;8.24;9.05;10.17;11.93;14.75;20.90;39.61;;;;;;;;;;;;;;;;;;;;
-2.100;;;;;;;;;;;;;;;;;;;;;;;;;;;;11.40;11.05;10.72;10.42;10.14;9.85;9.58;9.30;9.03;8.76;8.50;8.25;8.01;7.78;7.56;7.36;7.18;7.01;6.86;6.72;6.60;6.50;6.41;6.33;6.27;6.22;6.18;6.15;6.13;6.12;6.11;6.10;6.10;6.10;6.10;6.10;6.10;6.09;6.09;6.09;6.08;6.08;6.08;6.09;6.09;6.10;6.12;6.14;6.17;6.19;6.23;6.26;6.30;6.34;6.38;6.42;6.46;6.50;6.54;6.58;6.61;6.64;6.66;6.67;6.68;6.69;6.68;6.67;6.64;6.61;6.58;6.53;6.48;6.43;6.38;6.33;6.29;6.26;6.25;6.25;6.28;6.35;6.45;6.59;6.80;7.08;7.45;7.95;8.62;9.58;10.93;13.16;16.96;26.93;;;;;;;;;;;;;;;;;;;;;
-2.200;;;;;;;;;;;;;;;;;;;;;;;;;;;;11.74;11.38;11.05;10.74;10.43;10.13;9.84;9.54;9.25;8.96;8.68;8.41;8.15;7.90;7.67;7.46;7.26;7.08;6.91;6.77;6.64;6.53;6.43;6.35;6.28;6.22;6.18;6.14;6.12;6.10;6.09;6.08;6.08;6.08;6.08;6.08;6.08;6.09;6.09;6.09;6.09;6.10;6.11;6.12;6.13;6.15;6.17;6.20;6.23;6.26;6.30;6.34;6.38;6.42;6.46;6.51;6.54;6.58;6.61;6.64;6.66;6.68;6.69;6.69;6.69;6.67;6.65;6.62;6.59;6.55;6.50;6.45;6.39;6.34;6.29;6.25;6.22;6.20;6.21;6.23;6.28;6.37;6.50;6.69;6.93;7.27;7.71;8.30;9.10;10.27;11.96;14.94;20.57;43.56;;;;;;;;;;;;;;;;;;;;;
-2.300;;;;;;;;;;;;;;;;;;;;;;;;;;;;;11.78;11.44;11.12;10.79;10.47;10.15;9.83;9.51;9.20;8.90;8.60;8.32;8.06;7.81;7.57;7.36;7.17;6.99;6.83;6.69;6.57;6.46;6.37;6.30;6.23;6.18;6.15;6.12;6.10;6.08;6.07;6.07;6.07;6.07;6.07;6.08;6.08;6.09;6.10;6.11;6.12;6.13;6.15;6.17;6.19;6.22;6.26;6.29;6.33;6.37;6.41;6.46;6.50;6.54;6.58;6.62;6.65;6.67;6.69;6.70;6.71;6.71;6.69;6.67;6.65;6.61;6.57;6.52;6.47;6.41;6.36;6.30;6.25;6.21;6.18;6.16;6.16;6.18;6.22;6.30;6.42;6.59;6.81;7.11;7.51;8.03;8.75;9.71;11.17;13.37;17.64;27.12;;;;;;;;;;;;;;;;;;;;;;
-2.400;;;;;;;;;;;;;;;;;;;;;;;;;;;;;12.28;11.92;11.57;11.23;10.88;10.53;10.18;9.83;9.49;9.16;8.84;8.53;8.24;7.97;7.72;7.49;7.28;7.08;6.91;6.76;6.63;6.51;6.41;6.33;6.26;6.20;6.16;6.13;6.10;6.08;6.07;6.07;6.07;6.07;6.07;6.08;6.09;6.10;6.11;6.13;6.14;6.16;6.19;6.21;6.24;6.28;6.31;6.35;6.39;6.44;6.48;6.53;6.57;6.61;6.65;6.68;6.70;6.72;6.73;6.73;6.72;6.70;6.68;6.64;6.60;6.56;6.50;6.44;6.39;6.33;6.27;6.22;6.17;6.14;6.11;6.11;6.13;6.17;6.24;6.35;6.50;6.71;6.98;7.34;7.82;8.44;9.31;10.51;12.42;15.46;22.38;44.21;;;;;;;;;;;;;;;;;;;;;;
-2.500;;;;;;;;;;;;;;;;;;;;;;;;;;;;;;12.50;12.13;11.76;11.38;10.99;10.60;10.22;9.84;9.47;9.12;8.78;8.47;8.17;7.89;7.64;7.41;7.20;7.02;6.85;6.71;6.58;6.47;6.38;6.30;6.24;6.19;6.15;6.12;6.10;6.09;6.08;6.08;6.08;6.08;6.09;6.10;6.12;6.13;6.15;6.17;6.20;6.22;6.25;6.29;6.33;6.37;6.41;6.45;6.50;6.54;6.59;6.63;6.66;6.69;6.72;6.74;6.75;6.74;6.73;6.71;6.68;6.65;6.60;6.55;6.49;6.43;6.36;6.30;6.24;6.18;6.14;6.10;6.07;6.07;6.08;6.12;6.18;6.28;6.42;6.62;6.87;7.20;7.63;8.21;8.98;10.06;11.61;14.23;18.82;32.97;;;;;;;;;;;;;;;;;;;;;;;
-2.600;;;;;;;;;;;;;;;;;;;;;;;;;;;;;;13.21;12.81;12.39;11.97;11.54;11.11;10.68;10.26;9.85;9.46;9.08;8.73;8.41;8.10;7.83;7.58;7.35;7.15;6.97;6.81;6.67;6.55;6.45;6.36;6.29;6.23;6.19;6.15;6.13;6.11;6.10;6.10;6.10;6.11;6.11;6.13;6.14;6.16;6.18;6.20;6.23;6.26;6.30;6.33;6.37;6.41;6.46;6.50;6.55;6.59;6.63;6.67;6.70;6.73;6.75;6.75;6.75;6.74;6.72;6.69;6.65;6.60;6.54;6.48;6.41;6.35;6.28;6.22;6.16;6.11;6.07;6.04;6.03;6.04;6.07;6.13;6.23;6.36;6.54;6.77;7.08;7.49;8.01;8.72;9.67;11.07;13.16;17.06;25.06;37.41;;;;;;;;;;;;;;;;;;;;;;;
-2.700;;;;;;;;;;;;;;;;;;;;;;;;;;;;;;;13.64;13.18;12.70;12.22;11.72;11.24;10.76;10.30;9.86;9.44;9.05;8.69;8.36;8.05;7.78;7.53;7.31;7.11;6.93;6.78;6.65;6.54;6.44;6.36;6.30;6.24;6.21;6.17;6.15;6.14;6.13;6.13;6.14;6.15;6.16;6.17;6.19;6.22;6.24;6.27;6.30;6.34;6.37;6.42;6.46;6.50;6.55;6.59;6.63;6.67;6.70;6.72;6.74;6.75;6.75;6.74;6.72;6.69;6.64;6.59;6.53;6.47;6.40;6.33;6.26;6.20;6.13;6.08;6.04;6.01;6.00;6.00;6.03;6.09;6.18;6.30;6.47;6.70;6.99;7.37;7.86;8.51;9.40;10.62;12.53;15.56;22.32;41.77;;;;;;;;;;;;;;;;;;;;;;;;
-2.800;;;;;;;;;;;;;;;;;;;;;;;;;;;;;;;;14.13;13.58;13.02;12.46;11.90;11.35;10.83;10.33;9.86;9.42;9.02;8.65;8.31;8.01;7.74;7.49;7.28;7.08;6.92;6.77;6.65;6.54;6.45;6.38;6.32;6.27;6.24;6.21;6.19;6.18;6.18;6.18;6.19;6.20;6.22;6.23;6.26;6.28;6.31;6.34;6.38;6.41;6.45;6.49;6.54;6.58;6.62;6.65;6.68;6.71;6.73;6.74;6.74;6.73;6.71;6.68;6.64;6.58;6.53;6.46;6.39;6.32;6.25;6.18;6.12;6.06;6.02;5.99;5.97;5.98;6.00;6.05;6.14;6.26;6.42;6.63;6.91;7.27;7.74;8.35;9.16;10.30;11.94;14.68;19.56;34.95;96.91;;;;;;;;;;;;;;;;;;;;;;;;
-2.900;;;;;;;;;;;;;;;;;;;;;;;;;;;;;;;;15.32;14.69;14.03;13.36;12.71;12.07;11.47;10.89;10.36;9.86;9.41;9.00;8.62;8.29;7.99;7.72;7.48;7.27;7.08;6.92;6.78;6.67;6.57;6.48;6.42;6.36;6.32;6.29;6.26;6.25;6.24;6.24;6.24;6.25;6.27;6.28;6.30;6.33;6.35;6.38;6.42;6.45;6.49;6.52;6.56;6.60;6.63;6.66;6.68;6.70;6.71;6.71;6.71;6.69;6.66;6.62;6.57;6.51;6.45;6.38;6.31;6.24;6.17;6.11;6.05;6.01;5.97;5.96;5.96;5.98;6.04;6.11;6.23;6.39;6.59;6.86;7.21;7.65;8.23;9.00;10.06;11.60;13.98;18.50;28.65;-144.14;;;;;;;;;;;;;;;;;;;;;;;;;
-3.000;;;;;;;;;;;;;;;;;;;;;;;;;;;;;;;;;16.03;15.24;14.45;13.67;12.92;12.22;11.55;10.94;10.38;9.87;9.40;8.98;8.61;8.27;7.97;7.71;7.48;7.28;7.10;6.95;6.82;6.70;6.61;6.53;6.47;6.42;6.38;6.35;6.33;6.32;6.31;6.31;6.32;6.33;6.34;6.36;6.38;6.40;6.43;6.45;6.48;6.52;6.55;6.58;6.61;6.63;6.65;6.67;6.68;6.68;6.67;6.66;6.63;6.59;6.55;6.49;6.43;6.37;6.30;6.23;6.16;6.10;6.05;6.00;5.97;5.95;5.95;5.97;6.02;6.10;6.21;6.36;6.56;6.82;7.16;7.59;8.14;8.87;9.87;11.29;13.49;17.22;25.92;65.61;;;;;;;;;;;;;;;;;;;;;;;;;;
-3.100;;;;;;;;;;;;;;;;;;;;;;;;;;;;;;;;;;16.80;15.82;14.88;13.98;13.13;12.35;11.64;10.99;10.40;9.87;9.40;8.98;8.61;8.28;7.99;7.73;7.50;7.31;7.14;6.99;6.87;6.76;6.67;6.60;6.54;6.50;6.46;6.43;6.41;6.40;6.39;6.39;6.40;6.41;6.42;6.43;6.45;6.47;6.49;6.52;6.54;6.56;6.59;6.61;6.62;6.64;6.64;6.65;6.64;6.62;6.60;6.56;6.52;6.47;6.41;6.35;6.29;6.22;6.16;6.10;6.05;6.00;5.97;5.95;5.96;5.98;6.03;6.10;6.21;6.36;6.56;6.81;7.14;7.56;8.11;8.82;9.78;11.16;13.23;16.84;24.36;64.98;51.66;;;;;;;;;;;;;;;;;;;;;;;;;;
-3.200;;;;;;;;;;;;;;;;;;;;;;;;;;;;;;;;;;;17.50;16.33;15.23;14.22;13.28;12.45;11.69;11.02;10.42;9.88;9.41;8.99;8.62;8.30;8.02;7.77;7.55;7.36;7.20;7.06;6.94;6.84;6.76;6.69;6.63;6.59;6.55;6.52;6.50;6.49;6.48;6.48;6.48;6.49;6.49;6.50;6.52;6.53;6.55;6.56;6.58;6.59;6.60;6.61;6.61;6.61;6.60;6.59;6.56;6.53;6.49;6.45;6.39;6.34;6.28;6.22;6.16;6.10;6.05;6.01;5.98;5.97;5.97;5.99;6.04;6.12;6.23;6.38;6.57;6.82;7.14;7.56;8.09;8.79;9.72;11.04;13.02;16.30;23.11;45.57;-13.16;;;;;;;;;;;;;;;;;;;;;;;;;;;
-3.300;;;;;;;;;;;;;;;;;;;;;;;;;;;;;;;;;;;19.67;18.18;16.80;15.55;14.42;13.42;12.53;11.75;11.05;10.45;9.91;9.44;9.03;8.67;8.35;8.07;7.83;7.62;7.44;7.28;7.15;7.04;6.94;6.86;6.79;6.74;6.69;6.66;6.63;6.60;6.59;6.58;6.57;6.56;6.56;6.56;6.57;6.57;6.58;6.58;6.59;6.59;6.59;6.59;6.58;6.57;6.55;6.53;6.50;6.46;6.42;6.37;6.32;6.27;6.21;6.16;6.11;6.06;6.03;6.00;5.99;6.00;6.02;6.07;6.15;6.26;6.41;6.61;6.86;7.19;7.60;8.14;8.83;9.77;11.08;13.06;16.37;23.13;49.42;-21.60;;;;;;;;;;;;;;;;;;;;;;;;;;;;
-3.400;;;;;;;;;;;;;;;;;;;;;;;;;;;;;;;;;;;;20.46;18.70;17.14;15.76;14.56;13.50;12.58;11.78;11.08;10.47;9.95;9.48;9.08;8.72;8.42;8.15;7.92;7.71;7.54;7.39;7.26;7.15;7.06;6.98;6.91;6.85;6.81;6.77;6.74;6.71;6.69;6.67;6.65;6.64;6.63;6.63;6.62;6.61;6.61;6.60;6.59;6.58;6.57;6.55;6.53;6.51;6.48;6.44;6.40;6.36;6.31;6.26;6.21;6.16;6.12;6.08;6.05;6.03;6.02;6.03;6.06;6.12;6.20;6.31;6.47;6.67;6.93;7.25;7.67;8.20;8.91;9.84;11.17;13.12;16.39;22.88;44.50;-57.11;;;;;;;;;;;;;;;;;;;;;;;;;;;;;
-3.500;;;;;;;;;;;;;;;;;;;;;;;;;;;;;;;;;;;;;21.10;19.11;17.38;15.91;14.64;13.56;12.62;11.82;11.12;10.52;10.00;9.55;9.15;8.81;8.51;8.25;8.03;7.83;7.67;7.52;7.39;7.29;7.19;7.11;7.04;6.98;6.93;6.89;6.85;6.82;6.79;6.76;6.74;6.72;6.70;6.68;6.66;6.64;6.62;6.60;6.58;6.56;6.53;6.50;6.47;6.44;6.40;6.36;6.31;6.27;6.22;6.18;6.14;6.11;6.09;6.07;6.07;6.09;6.13;6.19;6.27;6.39;6.55;6.76;7.02;7.36;7.78;8.34;9.06;10.04;11.39;13.47;16.91;24.23;53.63;-7.37;;;;;;;;;;;;;;;;;;;;;;;;;;;;;;
-3.600;;;;;;;;;;;;;;;;;;;;;;;;;;;;;;;;;;;;;;21.49;19.31;17.50;15.96;14.68;13.58;12.66;11.86;11.18;10.59;10.08;9.64;9.25;8.92;8.63;8.39;8.17;7.98;7.81;7.67;7.55;7.44;7.34;7.26;7.19;7.12;7.06;7.01;6.97;6.92;6.88;6.85;6.81;6.78;6.75;6.71;6.68;6.65;6.62;6.59;6.56;6.52;6.49;6.45;6.41;6.37;6.33;6.29;6.25;6.21;6.18;6.15;6.13;6.13;6.14;6.16;6.20;6.27;6.36;6.49;6.66;6.87;7.15;7.50;7.95;8.51;9.27;10.27;11.72;13.86;17.57;25.09;58.35;-13.33;-49.13;;;;;;;;;;;;;;;;;;;;;;;;;;;;;;
-3.700;;;;;;;;;;;;;;;;;;;;;;;;;;;;;;;;;;;;;;;21.62;19.38;17.50;15.97;14.68;13.60;12.69;11.91;11.25;10.67;10.18;9.76;9.39;9.07;8.79;8.55;8.33;8.15;7.99;7.84;7.72;7.61;7.51;7.42;7.34;7.27;7.20;7.14;7.08;7.03;6.97;6.93;6.88;6.83;6.79;6.74;6.70;6.66;6.62;6.57;6.53;6.49;6.45;6.41;6.37;6.33;6.29;6.26;6.23;6.21;6.21;6.21;6.22;6.25;6.31;6.38;6.49;6.62;6.80;7.03;7.32;7.70;8.16;8.78;9.57;10.67;12.21;14.66;18.80;29.03;144.88;77.25;-41.55;;;;;;;;;;;;;;;;;;;;;;;;;;;;;;;
-3.800;;;;;;;;;;;;;;;;;;;;;;;;;;;;;;;;;;;;;;;;21.54;19.25;17.43;15.91;14.67;13.61;12.73;11.98;11.34;10.79;10.32;9.91;9.55;9.24;8.97;8.74;8.53;8.35;8.18;8.04;7.91;7.80;7.69;7.59;7.50;7.42;7.34;7.27;7.20;7.13;7.06;7.00;6.94;6.88;6.83;6.77;6.72;6.67;6.62;6.57;6.52;6.48;6.44;6.40;6.37;6.34;6.32;6.30;6.30;6.31;6.33;6.37;6.43;6.52;6.64;6.79;6.98;7.23;7.55;7.94;8.45;9.10;9.98;11.15;12.92;15.58;20.64;32.15;-71.08;-38.04;;;;;;;;;;;;;;;;;;;;;;;;;;;;;;;;;
-3.900;;;;;;;;;;;;;;;;;;;;;;;;;;;;;;;;;;;;;;;;;;19.05;17.27;15.84;14.64;13.64;12.80;12.08;11.47;10.94;10.49;10.10;9.76;9.46;9.20;8.96;8.76;8.57;8.41;8.26;8.13;8.00;7.89;7.78;7.68;7.58;7.49;7.40;7.32;7.24;7.16;7.08;7.01;6.94;6.87;6.81;6.75;6.69;6.64;6.59;6.55;6.51;6.47;6.45;6.43;6.42;6.42;6.44;6.47;6.52;6.60;6.70;6.83;7.00;7.21;7.49;7.83;8.26;8.82;9.55;10.51;11.89;13.86;17.25;23.52;55.44;72.70;-103.01;;;;;;;;;;;;;;;;;;;;;;;;;;;;;;;;;;
-4.000;;;;;;;;;;;;;;;;;;;;;;;;;;;;;;;;;;;;;;;;;;;18.73;17.10;15.75;14.63;13.69;12.90;12.22;11.64;11.14;10.71;10.34;10.00;9.72;9.46;9.23;9.02;8.84;8.67;8.51;8.37;8.23;8.10;7.98;7.87;7.75;7.65;7.55;7.45;7.35;7.26;7.18;7.09;7.02;6.94;6.88;6.81;6.76;6.71;6.67;6.63;6.60;6.59;6.58;6.59;6.62;6.66;6.72;6.81;6.92;7.07;7.26;7.50;7.81;8.19;8.67;9.31;10.13;11.26;12.83;15.33;19.39;29.02;63.45;-183.18;-29.65;;;;;;;;;;;;;;;;;;;;;;;;;;;;;;;;;;;
-4.100;;;;;;;;;;;;;;;;;;;;;;;;;;;;;;;;;;;;;;;;;;;;18.42;16.91;15.68;14.65;13.78;13.04;12.41;11.87;11.39;10.99;10.62;10.31;10.02;9.77;9.54;9.33;9.14;8.96;8.79;8.63;8.48;8.34;8.20;8.07;7.95;7.82;7.71;7.60;7.49;7.39;7.30;7.21;7.13;7.05;6.99;6.93;6.88;6.84;6.82;6.80;6.80;6.81;6.84;6.90;6.97;7.07;7.20;7.37;7.59;7.86;8.21;8.65;9.20;9.93;10.90;12.23;14.23;17.30;23.57;39.78;26.55;-72.20;-30.98;;;;;;;;;;;;;;;;;;;;;;;;;;;;;;;;;;;;
-4.200;;;;;;;;;;;;;;;;;;;;;;;;;;;;;;;;;;;;;;;;;;;;;;16.77;15.66;14.73;13.94;13.26;12.67;12.16;11.72;11.33;10.98;10.67;10.39;10.14;9.91;9.69;9.49;9.30;9.12;8.94;8.78;8.62;8.46;8.32;8.18;8.04;7.91;7.79;7.67;7.57;7.47;7.38;7.30;7.24;7.18;7.14;7.11;7.09;7.09;7.11;7.15;7.21;7.30;7.41;7.57;7.77;8.02;8.34;8.74;9.25;9.92;10.80;11.98;13.71;16.30;20.98;30.50;104.69;-22.55;-165.63;;;;;;;;;;;;;;;;;;;;;;;;;;;;;;;;;;;;;;
-4.300;;;;;;;;;;;;;;;;;;;;;;;;;;;;;;;;;;;;;;;;;;;;;;;16.69;15.71;14.88;14.17;13.56;13.02;12.55;12.13;11.76;11.42;11.12;10.84;10.59;10.35;10.12;9.90;9.70;9.50;9.31;9.12;8.95;8.78;8.61;8.46;8.31;8.17;8.04;7.92;7.82;7.72;7.64;7.57;7.52;7.49;7.47;7.47;7.49;7.54;7.61;7.71;7.85;8.03;8.27;8.56;8.94;9.42;10.04;10.84;11.93;13.46;15.72;19.52;26.87;-23.87;94.45;-126.27;-27.93;;;;;;;;;;;;;;;;;;;;;;;;;;;;;;;;;;;;;;;
-4.400;;;;;;;;;;;;;;;;;;;;;;;;;;;;;;;;;;;;;;;;;;;;;;;;;15.87;15.15;14.53;13.98;13.49;13.06;12.67;12.32;12.00;11.70;11.42;11.15;10.90;10.66;10.43;10.20;9.98;9.77;9.57;9.37;9.18;9.00;8.84;8.68;8.54;8.41;8.29;8.19;8.11;8.05;8.01;7.98;7.98;8.01;8.07;8.15;8.28;8.44;8.67;8.95;9.32;9.78;10.38;11.17;12.24;13.71;15.91;19.47;26.21;46.37;307.50;-326.37;-43.31;;;;;;;;;;;;;;;;;;;;;;;;;;;;;;;;;;;;;;;;;
-4.500;;;;;;;;;;;;;;;;;;;;;;;;;;;;;;;;;;;;;;;;;;;;;;;;;;;15.57;15.04;14.56;14.12;13.73;13.37;13.04;12.72;12.43;12.14;11.86;11.60;11.33;11.08;10.83;10.59;10.35;10.13;9.91;9.71;9.52;9.34;9.19;9.05;8.92;8.82;8.74;8.69;8.66;8.66;8.69;8.75;8.86;9.01;9.22;9.48;9.84;10.29;10.89;11.65;12.70;14.12;16.22;19.49;25.44;42.48;102.06;56.00;-41.37;;;;;;;;;;;;;;;;;;;;;;;;;;;;;;;;;;;;;;;;;;;
-4.600;;;;;;;;;;;;;;;;;;;;;;;;;;;;;;;;;;;;;;;;;;;;;;;;;;;;;15.80;15.40;15.03;14.69;14.36;14.04;13.74;13.44;13.14;12.85;12.56;12.27;11.99;11.71;11.44;11.18;10.93;10.70;10.48;10.29;10.11;9.96;9.84;9.74;9.67;9.63;9.63;9.67;9.76;9.89;10.09;10.36;10.72;11.19;11.83;12.64;13.79;15.36;17.75;21.53;29.05;50.15;197.57;87.07;-66.49;;;;;;;;;;;;;;;;;;;;;;;;;;;;;;;;;;;;;;;;;;;;;
-4.700;;;;;;;;;;;;;;;;;;;;;;;;;;;;;;;;;;;;;;;;;;;;;;;;;;;;;;;16.59;16.30;16.01;15.72;15.43;15.13;14.82;14.51;14.20;13.87;13.55;13.23;12.92;12.62;12.33;12.07;11.82;11.60;11.41;11.25;11.12;11.03;10.99;10.99;11.04;11.15;11.33;11.60;11.97;12.46;13.13;14.01;15.25;16.94;19.55;23.59;31.39;49.41;-1125.29;-1144.72;-24.63;;;;;;;;;;;;;;;;;;;;;;;;;;;;;;;;;;;;;;;;;;;;;;;
-4.800;;;;;;;;;;;;;;;;;;;;;;;;;;;;;;;;;;;;;;;;;;;;;;;;;;;;;;;;;;18.09;17.87;17.62;17.34;17.04;16.71;16.36;16.00;15.63;15.27;14.91;14.57;14.26;13.97;13.72;13.51;13.35;13.24;13.19;13.21;13.30;13.48;13.77;14.20;14.80;15.64;16.78;18.45;20.83;24.86;31.85;53.14;1235.61;21.46;-116.98;;;;;;;;;;;;;;;;;;;;;;;;;;;;;;;;;;;;;;;;;;;;;;;;;;
-4.900;;;;;;;;;;;;;;;;;;;;;;;;;;;;;;;;;;;;;;;;;;;;;;;;;;;;;;;;;;;;;;20.93;20.64;20.29;19.90;19.49;19.06;18.63;18.23;17.85;17.51;17.24;17.02;16.89;16.84;16.90;17.08;17.41;17.94;18.71;19.82;21.40;23.76;27.29;33.48;44.78;82.41;584.46;-94.85;;;;;;;;;;;;;;;;;;;;;;;;;;;;;;;;;;;;;;;;;;;;;;;;;;;;;
-5.000;;;;;;;;;;;;;;;;;;;;;;;;;;;;;;;;;;;;;;;;;;;;;;;;;;;;;;;;;;;;;;;;;;27.99;27.53;27.04;26.56;26.13;25.76;25.53;25.43;25.54;25.88;26.57;27.68;29.45;32.20;36.73;45.14;66.20;2041.92;-25.86;57.83;;;;;;;;;;;;;;;;;;;;;;;;;;;;;;;;;;;;;;;;;;;;;;;;;;;;;;;;;
-5.100;;;;;;;;;;;;;;;;;;;;;;;;;;;;;;;;;;;;;;;;;;;;;;;;;;;;;;;;;;;;;;;;;;;;;;;;;;;;;;;;;;;;;;;;;;;;;;;;;;;;;;;;;;;;;;;;;;;;;;;;;;;;;;;;;;;;;;;;;;;;;;
-5.200;;;;;;;;;;;;;;;;;;;;;;;;;;;;;;;;;;;;;;;;;;;;;;;;;;;;;;;;;;;;;;;;;;;;;;;;;;;;;;;;;;;;;;;;;;;;;;;;;;;;;;;;;;;;;;;;;;;;;;;;;;;;;;;;;;;;;;;;;;;;;;
-5.300;;;;;;;;;;;;;;;;;;;;;;;;;;;;;;;;;;;;;;;;;;;;;;;;;;;;;;;;;;;;;;;;;;;;;;;;;;;;;;;;;;;;;;;;;;;;;;;;;;;;;;;;;;;;;;;;;;;;;;;;;;;;;;;;;;;;;;;;;;;;;;
-5.400;;;;;;;;;;;;;;;;;;;;;;;;;;;;;;;;;;;;;;;;;;;;;;;;;;;;;;;;;;;;;;;;;;;;;;;;;;;;;;;;;;;;;;;;;;;;;;;;;;;;;;;;;;;;;;;;;;;;;;;;;;;;;;;;;;;;;;;;;;;;;;
-5.500;;;;;;;;;;;;;;;;;;;;;;;;;;;;;;;;;;;;;;;;;;;;;;;;;;;;;;;;;;;;;;;;;;;;;;;;;;;;;;;;;;;;;;;;;;;;;;;;;;;;;;;;;;;;;;;;;;;;;;;;;;;;;;;;;;;;;;;;;;;;;;
-5.600;;;;;;;;;;;;;;;;;;;;;;;;;;;;;;;;;;;;;;;;;;;;;;;;;;;;;;;;;;;;;;;;;;;;;;;;;;;;;;;;;;;;;;;;;;;;;;;;;;;;;;;;;;;;;;;;;;;;;;;;;;;;;;;;;;;;;;;;;;;;;;
-5.700;;;;;;;;;;;;;;;;;;;;;;;;;;;;;;;;;;;;;;;;;;;;;;;;;;;;;;;;;;;;;;;;;;;;;;;;;;;;;;;;;;;;;;;;;;;;;;;;;;;;;;;;;;;;;;;;;;;;;;;;;;;;;;;;;;;;;;;;;;;;;;
-5.800;;;;;;;;;;;;;;;;;;;;;;;;;;;;;;;;;;;;;;;;;;;;;;;;;;;;;;;;;;;;;;;;;;;;;;;;;;;;;;;;;;;;;;;;;;;;;;;;;;;;;;;;;;;;;;;;;;;;;;;;;;;;;;;;;;;;;;;;;;;;;;
-5.900;;;;;;;;;;;;;;;;;;;;;;;;;;;;;;;;;;;;;;;;;;;;;;;;;;;;;;;;;;;;;;;;;;;;;;;;;;;;;;;;;;;;;;;;;;;;;;;;;;;;;;;;;;;;;;;;;;;;;;;;;;;;;;;;;;;;;;;;;;;;;;
-6.000;;;;;;;;;;;;;;;;;;;;;;;;;;;;;;;;;;;;;;;;;;;;;;;;;;;;;;;;;;;;;;;;;;;;;;;;;;;;;;;;;;;;;;;;;;;;;;;;;;;;;;;;;;;;;;;;;;;;;;;;;;;;;;;;;;;;;;;;;;;;;;
-6.100;;;;;;;;;;;;;;;;;;;;;;;;;;;;;;;;;;;;;;;;;;;;;;;;;;;;;;;;;;;;;;;;;;;;;;;;;;;;;;;;;;;;;;;;;;;;;;;;;;;;;;;;;;;;;;;;;;;;;;;;;;;;;;;;;;;;;;;;;;;;;;
-6.200;;;;;;;;;;;;;;;;;;;;;;;;;;;;;;;;;;;;;;;;;;;;;;;;;;;;;;;;;;;;;;;;;;;;;;;;;;;;;;;;;;;;;;;;;;;;;;;;;;;;;;;;;;;;;;;;;;;;;;;;;;;;;;;;;;;;;;;;;;;;;;
-6.300;;;;;;;;;;;;;;;;;;;;;;;;;;;;;;;;;;;;;;;;;;;;;;;;;;;;;;;;;;;;;;;;;;;;;;;;;;;;;;;;;;;;;;;;;;;;;;;;;;;;;;;;;;;;;;;;;;;;;;;;;;;;;;;;;;;;;;;;;;;;;;
-6.400;;;;;;;;;;;;;;;;;;;;;;;;;;;;;;;;;;;;;;;;;;;;;;;;;;;;;;;;;;;;;;;;;;;;;;;;;;;;;;;;;;;;;;;;;;;;;;;;;;;;;;;;;;;;;;;;;;;;;;;;;;;;;;;;;;;;;;;;;;;;;;
-6.500;;;;;;;;;;;;;;;;;;;;;;;;;;;;;;;;;;;;;;;;;;;;;;;;;;;;;;;;;;;;;;;;;;;;;;;;;;;;;;;;;;;;;;;;;;;;;;;;;;;;;;;;;;;;;;;;;;;;;;;;;;;;;;;;;;;;;;;;;;;;;;
-6.600;;;;;;;;;;;;;;;;;;;;;;;;;;;;;;;;;;;;;;;;;;;;;;;;;;;;;;;;;;;;;;;;;;;;;;;;;;;;;;;;;;;;;;;;;;;;;;;;;;;;;;;;;;;;;;;;;;;;;;;;;;;;;;;;;;;;;;;;;;;;;;
-6.700;;;;;;;;;;;;;;;;;;;;;;;;;;;;;;;;;;;;;;;;;;;;;;;;;;;;;;;;;;;;;;;;;;;;;;;;;;;;;;;;;;;;;;;;;;;;;;;;;;;;;;;;;;;;;;;;;;;;;;;;;;;;;;;;;;;;;;;;;;;;;;
-6.800;;;;;;;;;;;;;;;;;;;;;;;;;;;;;;;;;;;;;;;;;;;;;;;;;;;;;;;;;;;;;;;;;;;;;;;;;;;;;;;;;;;;;;;;;;;;;;;;;;;;;;;;;;;;;;;;;;;;;;;;;;;;;;;;;;;;;;;;;;;;;;
-6.900;;;;;;;;;;;;;;;;;;;;;;;;;;;;;;;;;;;;;;;;;;;;;;;;;;;;;;;;;;;;;;;;;;;;;;;;;;;;;;;;;;;;;;;;;;;;;;;;;;;;;;;;;;;;;;;;;;;;;;;;;;;;;;;;;;;;;;;;;;;;;;
-7.000;;;;;;;;;;;;;;;;;;;;;;;;;;;;;;;;;;;;;;;;;;;;;;;;;;;;;;;;;;;;;;;;;;;;;;;;;;;;;;;;;;;;;;;;;;;;;;;;;;;;;;;;;;;;;;;;;;;;;;;;;;;;;;;;;;;;;;;;;;;;;;
TOTAL CORNEAL REFRACTIVE POWER;-7.000;-6.900;-6.800;-6.700;-6.600;-6.500;-6.400;-6.300;-6.200;-6.100;-6.000;-5.900;-5.800;-5.700;-5.600;-5.500;-5.400;-5.300;-5.200;-5.100;-5.000;-4.900;-4.800;-4.700;-4.600;-4.500;-4.400;-4.300;-4.200;-4.100;-4.000;-3.900;-3.800;-3.700;-3.600;-3.500;-3.400;-3.300;-3.200;-3.100;-3.000;-2.900;-2.800;-2.700;-2.600;-2.500;-2.400;-2.300;-2.200;-2.100;-2.000;-1.900;-1.800;-1.700;-1.600;-1.500;-1.400;-1.300;-1.200;-1.100;-1.000;-0.900;-0.800;-0.700;-0.600;-0.500;-0.400;-0.300;-0.200;-0.100;0.000;0.100;0.200;0.300;0.400;0.500;0.600;0.700;0.800;0.900;1.000;1.100;1.200;1.300;1.400;1.500;1.600;1.700;1.800;1.900;2.000;2.100;2.200;2.300;2.400;2.500;2.600;2.700;2.800;2.900;3.000;3.100;3.200;3.300;3.400;3.500;3.600;3.700;3.800;3.900;4.000;4.100;4.200;4.300;4.400;4.500;4.600;4.700;4.800;4.900;5.000;5.100;5.200;5.300;5.400;5.500;5.600;5.700;5.800;5.900;6.000;6.100;6.200;6.300;6.400;6.500;6.600;6.700;6.800;6.900;7.000;
7.000;;;;;;;;;;;;;;;;;;;;;;;;;;;;;;;;;;;;;;;;;;;;;;;;;;;;;;;;;;;;;;;;;;;;;;;;;;;;;;;;;;;;;;;;;;;;;;;;;;;;;;;;;;;;;;;;;;;;;;;;;;;;;;;;;;;;;;;;;;;;;;
6.900;;;;;;;;;;;;;;;;;;;;;;;;;;;;;;;;;;;;;;;;;;;;;;;;;;;;;;;;;;;;;;;;;;;;;;;;;;;;;;;;;;;;;;;;;;;;;;;;;;;;;;;;;;;;;;;;;;;;;;;;;;;;;;;;;;;;;;;;;;;;;;
6.800;;;;;;;;;;;;;;;;;;;;;;;;;;;;;;;;;;;;;;;;;;;;;;;;;;;;;;;;;;;;;;;;;;;;;;;;;;;;;;;;;;;;;;;;;;;;;;;;;;;;;;;;;;;;;;;;;;;;;;;;;;;;;;;;;;;;;;;;;;;;;;
6.700;;;;;;;;;;;;;;;;;;;;;;;;;;;;;;;;;;;;;;;;;;;;;;;;;;;;;;;;;;;;;;;;;;;;;;;;;;;;;;;;;;;;;;;;;;;;;;;;;;;;;;;;;;;;;;;;;;;;;;;;;;;;;;;;;;;;;;;;;;;;;;
6.600;;;;;;;;;;;;;;;;;;;;;;;;;;;;;;;;;;;;;;;;;;;;;;;;;;;;;;;;;;;;;;;;;;;;;;;;;;;;;;;;;;;;;;;;;;;;;;;;;;;;;;;;;;;;;;;;;;;;;;;;;;;;;;;;;;;;;;;;;;;;;;
6.500;;;;;;;;;;;;;;;;;;;;;;;;;;;;;;;;;;;;;;;;;;;;;;;;;;;;;;;;;;;;;;;;;;;;;;;;;;;;;;;;;;;;;;;;;;;;;;;;;;;;;;;;;;;;;;;;;;;;;;;;;;;;;;;;;;;;;;;;;;;;;;
6.400;;;;;;;;;;;;;;;;;;;;;;;;;;;;;;;;;;;;;;;;;;;;;;;;;;;;;;;;;;;;;;;;;;;;;;;;;;;;;;;;;;;;;;;;;;;;;;;;;;;;;;;;;;;;;;;;;;;;;;;;;;;;;;;;;;;;;;;;;;;;;;
6.300;;;;;;;;;;;;;;;;;;;;;;;;;;;;;;;;;;;;;;;;;;;;;;;;;;;;;;;;;;;;;;;;;;;;;;;;;;;;;;;;;;;;;;;;;;;;;;;;;;;;;;;;;;;;;;;;;;;;;;;;;;;;;;;;;;;;;;;;;;;;;;
6.200;;;;;;;;;;;;;;;;;;;;;;;;;;;;;;;;;;;;;;;;;;;;;;;;;;;;;;;;;;;;;;;;;;;;;;;;;;;;;;;;;;;;;;;;;;;;;;;;;;;;;;;;;;;;;;;;;;;;;;;;;;;;;;;;;;;;;;;;;;;;;;
6.100;;;;;;;;;;;;;;;;;;;;;;;;;;;;;;;;;;;;;;;;;;;;;;;;;;;;;;;;;;;;;;;;;;;;;;;;;;;;;;;;;;;;;;;;;;;;;;;;;;;;;;;;;;;;;;;;;;;;;;;;;;;;;;;;;;;;;;;;;;;;;;
6.000;;;;;;;;;;;;;;;;;;;;;;;;;;;;;;;;;;;;;;;;;;;;;;;;;;;;;;;;;;;;;;;;;;;;;;;;;;;;;;;;;;;;;;;;;;;;;;;;;;;;;;;;;;;;;;;;;;;;;;;;;;;;;;;;;;;;;;;;;;;;;;
5.900;;;;;;;;;;;;;;;;;;;;;;;;;;;;;;;;;;;;;;;;;;;;;;;;;;;;;;;;;;;;;;;;;;;;;;;;;;;;;;;;;;;;;;;;;;;;;;;;;;;;;;;;;;;;;;;;;;;;;;;;;;;;;;;;;;;;;;;;;;;;;;
5.800;;;;;;;;;;;;;;;;;;;;;;;;;;;;;;;;;;;;;;;;;;;;;;;;;;;;;;;;;;;;;;;;;;;;;;;;;;;;;;;;;;;;;;;;;;;;;;;;;;;;;;;;;;;;;;;;;;;;;;;;;;;;;;;;;;;;;;;;;;;;;;
5.700;;;;;;;;;;;;;;;;;;;;;;;;;;;;;;;;;;;;;;;;;;;;;;;;;;;;;;;;;;;;;;;;;;;;;;;;;;;;;;;;;;;;;;;;;;;;;;;;;;;;;;;;;;;;;;;;;;;;;;;;;;;;;;;;;;;;;;;;;;;;;;
5.600;;;;;;;;;;;;;;;;;;;;;;;;;;;;;;;;;;;;;;;;;;;;;;;;;;;;;;;;;;;;;;;;;;;;;;;;;;;;;;;;;;;;;;;;;;;;;;;;;;;;;;;;;;;;;;;;;;;;;;;;;;;;;;;;;;;;;;;;;;;;;;
5.500;;;;;;;;;;;;;;;;;;;;;;;;;;;;;;;;;;;;;;;;;;;;;;;;;;;;;;;;;;;;;;;;;;;;;;;;;;;;;;;;;;;;;;;;;;;;;;;;;;;;;;;;;;;;;;;;;;;;;;;;;;;;;;;;;;;;;;;;;;;;;;
5.400;;;;;;;;;;;;;;;;;;;;;;;;;;;;;;;;;;;;;;;;;;;;;;;;;;;;;;;;;;;;;;;;;;;;;;;;;;;;;;;;;;;;;;;;;;;;;;;;;;;;;;;;;;;;;;;;;;;;;;;;;;;;;;;;;;;;;;;;;;;;;;
5.300;;;;;;;;;;;;;;;;;;;;;;;;;;;;;;;;;;;;;;;;;;;;;;;;;;;;;;;;;;;;;;;;;;;;;;;;;;;;;;;;;;;;;;;;;;;;;;;;;;;;;;;;;;;;;;;;;;;;;;;;;;;;;;;;;;;;;;;;;;;;;;
5.200;;;;;;;;;;;;;;;;;;;;;;;;;;;;;;;;;;;;;;;;;;;;;;;;;;;;;;;;;;;;;;;;;;;;;;;;;;;;;;;;;;;;;;;;;;;;;;;;;;;;;;;;;;;;;;;;;;;;;;;;;;;;;;;;;;;;;;;;;;;;;;
5.100;;;;;;;;;;;;;;;;;;;;;;;;;;;;;;;;;;;;;;;;;;;;;;;;;;;;;;;;;;;;;;;;;;;;;;;;;;;;;;;;;;;;;;;;;;;;;;;;;;;;;;;;;;;;;;;;;;;;;;;;;;;;;;;;;;;;;;;;;;;;;;
5.000;;;;;;;;;;;;;;;;;;;;;;;;;;;;;;;;;;;;;;;;;;;;;;;;;;;;;;;;;;;;;;;;;;;;;;;;;;;;;;;;;;;;;;;;;;;;;;;;;;;;;;;;;;;;;;;;;;;;;;;;;;;;;;;;;;;;;;;;;;;;;;
4.900;;;;;;;;;;;;;;;;;;;;;;;;;;;;;;;;;;;;;;;;;;;;;;;;;;;;;;;;;;;;;;;;;;;;;;;;;;;;;;;;;;;;;;;;;;;;;;;;;;;;;;;;;;;;;;;;;;;;;;;;;;;;;;;;;;;;;;;;;;;;;;
4.800;;;;;;;;;;;;;;;;;;;;;;;;;;;;;;;;;;;;;;;;;;;;;;;;;;;;;;;;;;;;;;;;;;;;;;;;;;;;;;;;;;;;;;;;;;;;;;;;;;;;;;;;;;;;;;;;;;;;;;;;;;;;;;;;;;;;;;;;;;;;;;
4.700;;;;;;;;;;;;;;;;;;;;;;;;;;;;;;;;;;;;;;;;;;;;;;;;;;;;;;;;;;;;;;;;;;;;;;;;;;;;;;;;;;;;;;;;;;;;;;;;;;;;;;;;;;;;;;;;;;;;;;;;;;;;;;;;;;;;;;;;;;;;;;
4.600;;;;;;;;;;;;;;;;;;;;;;;;;;;;;;;;;;;;;;;;;;;;;;;;;;;;;;;;;;;;;;;;;;;;;;;;;;;;;;;;;;;;;;;;;;;;;;;;;;;;;;;;;;;;;;;;;;;;;;;;;;;;;;;;;;;;;;;;;;;;;;
4.500;;;;;;;;;;;;;;;;;;;;;;;;;;;;;;;;;;;;;;;;;;;;;;;;;;;;;;;;;;;;;;;;;;;;;;;;;;;;;;;;;;;;;;;;;;;;;;;;;;;;;;;;;;;;;;;;;;;;;;;;;;;;;;;;;;;;;;;;;;;;;;
4.400;;;;;;;;;;;;;;;;;;;;;;;;;;;;;;;;;;;;;;;;;;;;;;;;;;;;;;;;;;;;;;;;;;;;;;;;;;;;;;;;;;;;;;;;;;;;;;;;;;;;;;;;;;;;;;;;;;;;;;;;;;;;;;;;;;;;;;;;;;;;;;
4.300;;;;;;;;;;;;;;;;;;;;;;;;;;;;;;;;;;;;;;;;;;;;;;;;;;;;;;;;;;;;;;;;;;;;;;;;;;;;;;;;;;;;;;;;;;;;;;;;;;;;;;;;;;;;;;;;;;;;;;;;;;;;;;;;;;;;;;;;;;;;;;
4.200;;;;;;;;;;;;;;;;;;;;;;;;;;;;;;;;;;;;;;;;;;;;;;;;;;;;;;;;;;;;;;;;;;;;;;;;;;;;;;;;;;;;;;;;;;;;;;;;;;;;;;;;;;;;;;;;;;;;;;;;;;;;;;;;;;;;;;;;;;;;;;
4.100;;;;;;;;;;;;;;;;;;;;;;;;;;;;;;;;;;;;;;;;;;;;;;;;;;;;;;;;;;;;;;;;;;;;;;;;;;;;;;;;;;;;;;;;;;;;;;;;;;;;;;;;;;;;;;;;;;;;;;;;;;;;;;;;;;;;;;;;;;;;;;
4.000;;;;;;;;;;;;;;;;;;;;;;;;;;;;;;;;;;;;;;;;;;;;;;;;;;;;;;;;;;;;;;;;;;;;45.1;45.1;45.2;45.2;45.2;45.2;45.2;45.2;45.2;45.2;45.3;45.3;45.3;45.3;45.3;45.3;45.3;45.4;45.4;;;;;;;;;;;;;;;;;;;;;;;;;;;;;;;;;;;;;;;;;;;;;;;;;;;;;;;;
3.900;;;;;;;;;;;;;;;;;;;;;;;;;;;;;;;;;;;;;;;;;;;;;;;;;;;;;;;;;;;;;;;44.9;45.0;45.0;45.1;45.1;45.2;45.2;45.2;45.3;45.3;45.3;45.3;45.3;45.3;45.3;45.4;45.4;45.4;45.4;45.4;45.4;45.5;45.5;45.5;45.5;45.6;45.6;45.6;45.7;;;;;;;;;;;;;;;;;;;;;;;;;;;;;;;;;;;;;;;;;;;;;;;;;;;
3.800;;;;;;;;;;;;;;;;;;;;;;;;;;;;;;;;;;;;;;;;;;;;;;;;;;;;;;;;;;;44.7;44.8;44.9;44.9;45.0;45.1;45.1;45.2;45.2;45.3;45.3;45.3;45.4;45.4;45.4;45.4;45.4;45.4;45.4;45.5;45.5;45.5;45.5;45.5;45.5;45.6;45.6;45.6;45.7;45.7;45.7;45.8;45.8;45.8;45.8;45.9;45.9;;;;;;;;;;;;;;;;;;;;;;;;;;;;;;;;;;;;;;;;;;;;;;;
3.700;;;;;;;;;;;;;;;;;;;;;;;;;;;;;;;;;;;;;;;;;;;;;;;;;;;;;;;;44.5;44.6;44.7;44.8;44.8;44.9;45.0;45.1;45.1;45.2;45.2;45.3;45.3;45.4;45.4;45.4;45.5;45.5;45.5;45.5;45.5;45.5;45.6;45.6;45.6;45.6;45.6;45.6;45.7;45.7;45.7;45.8;45.8;45.8;45.9;45.9;45.9;46.0;46.0;46.0;46.0;46.0;;;;;;;;;;;;;;;;;;;;;;;;;;;;;;;;;;;;;;;;;;;;;
3.600;;;;;;;;;;;;;;;;;;;;;;;;;;;;;;;;;;;;;;;;;;;;;;;;;;;;;44.4;44.5;44.5;44.6;44.7;44.8;44.8;44.9;45.0;45.1;45.1;45.2;45.2;45.3;45.4;45.4;45.4;45.5;45.5;45.5;45.6;45.6;45.6;45.6;45.6;45.6;45.6;45.7;45.7;45.7;45.7;45.8;45.8;45.8;45.9;45.9;45.9;46.0;46.0;46.0;46.1;46.1;46.1;46.1;46.1;46.1;46.1;46.1;;;;;;;;;;;;;;;;;;;;;;;;;;;;;;;;;;;;;;;;;;
3.500;;;;;;;;;;;;;;;;;;;;;;;;;;;;;;;;;;;;;;;;;;;;;;;;;;;44.4;44.4;44.5;44.5;44.6;44.7;44.7;44.8;44.9;45.0;45.0;45.1;45.2;45.2;45.3;45.4;45.4;45.5;45.5;45.5;45.6;45.6;45.6;45.6;45.7;45.7;45.7;45.7;45.7;45.7;45.8;45.8;45.8;45.8;45.9;45.9;45.9;46.0;46.0;46.1;46.1;46.1;46.2;46.2;46.2;46.2;46.2;46.2;46.2;46.2;46.1;46.1;;;;;;;;;;;;;;;;;;;;;;;;;;;;;;;;;;;;;;;;
3.400;;;;;;;;;;;;;;;;;;;;;;;;;;;;;;;;;;;;;;;;;;;;;;;;;44.4;44.4;44.4;44.5;44.5;44.6;44.7;44.7;44.8;44.9;44.9;45.0;45.1;45.2;45.2;45.3;45.3;45.4;45.5;45.5;45.5;45.6;45.6;45.6;45.7;45.7;45.7;45.7;45.8;45.8;45.8;45.8;45.8;45.9;45.9;45.9;46.0;46.0;46.0;46.1;46.1;46.1;46.2;46.2;46.2;46.3;46.3;46.3;46.3;46.3;46.3;46.3;46.3;46.2;46.2;;;;;;;;;;;;;;;;;;;;;;;;;;;;;;;;;;;;;;;
3.300;;;;;;;;;;;;;;;;;;;;;;;;;;;;;;;;;;;;;;;;;;;;;;;44.4;44.4;44.4;44.4;44.5;44.5;44.6;44.6;44.7;44.8;44.8;44.9;45.0;45.0;45.1;45.2;45.3;45.3;45.4;45.4;45.5;45.5;45.6;45.6;45.7;45.7;45.7;45.7;45.8;45.8;45.8;45.8;45.8;45.9;45.9;45.9;46.0;46.0;46.0;46.1;46.1;46.1;46.2;46.2;46.2;46.3;46.3;46.3;46.4;46.4;46.4;46.4;46.4;46.4;46.3;46.3;46.3;46.2;46.1;;;;;;;;;;;;;;;;;;;;;;;;;;;;;;;;;;;;;
3.200;;;;;;;;;;;;;;;;;;;;;;;;;;;;;;;;;;;;;;;;;;;;;44.4;44.4;44.4;44.4;44.4;44.5;44.5;44.5;44.6;44.6;44.7;44.8;44.8;44.9;45.0;45.1;45.1;45.2;45.3;45.3;45.4;45.5;45.5;45.6;45.6;45.6;45.7;45.7;45.7;45.8;45.8;45.8;45.8;45.9;45.9;45.9;46.0;46.0;46.0;46.0;46.1;46.1;46.2;46.2;46.2;46.3;46.3;46.3;46.4;46.4;46.4;46.4;46.5;46.5;46.4;46.4;46.4;46.4;46.3;46.3;46.2;46.2;46.1;;;;;;;;;;;;;;;;;;;;;;;;;;;;;;;;;;;
3.100;;;;;;;;;;;;;;;;;;;;;;;;;;;;;;;;;;;;;;;;;;;44.4;44.4;44.4;44.4;44.4;44.4;44.5;44.5;44.5;44.6;44.6;44.7;44.7;44.8;44.9;44.9;45.0;45.1;45.1;45.2;45.3;45.4;45.4;45.5;45.5;45.6;45.6;45.7;45.7;45.7;45.8;45.8;45.8;45.9;45.9;45.9;45.9;46.0;46.0;46.0;46.1;46.1;46.1;46.2;46.2;46.3;46.3;46.3;46.4;46.4;46.4;46.5;46.5;46.5;46.5;46.5;46.5;46.5;46.5;46.5;46.4;46.4;46.3;46.3;46.2;46.1;;;;;;;;;;;;;;;;;;;;;;;;;;;;;;;;;;
3.000;;;;;;;;;;;;;;;;;;;;;;;;;;;;;;;;;;;;;;;;;;44.4;44.4;44.4;44.4;44.4;44.4;44.4;44.5;44.5;44.5;44.6;44.6;44.7;44.7;44.8;44.9;44.9;45.0;45.1;45.1;45.2;45.3;45.4;45.4;45.5;45.5;45.6;45.6;45.7;45.7;45.7;45.8;45.8;45.8;45.9;45.9;45.9;46.0;46.0;46.0;46.1;46.1;46.1;46.2;46.2;46.3;46.3;46.3;46.4;46.4;46.5;46.5;46.5;46.5;46.5;46.6;46.6;46.6;46.6;46.5;46.5;46.5;46.4;46.4;46.3;46.3;46.2;46.1;;;;;;;;;;;;;;;;;;;;;;;;;;;;;;;;;
2.900;;;;;;;;;;;;;;;;;;;;;;;;;;;;;;;;;;;;;;;;;44.5;44.4;44.4;44.4;44.4;44.4;44.4;44.4;44.5;44.5;44.5;44.6;44.6;44.7;44.7;44.8;44.9;44.9;45.0;45.1;45.1;45.2;45.3;45.4;45.4;45.5;45.5;45.6;45.6;45.7;45.7;45.8;45.8;45.8;45.9;45.9;45.9;46.0;46.0;46.0;46.1;46.1;46.1;46.2;46.2;46.2;46.3;46.3;46.4;46.4;46.4;46.5;46.5;46.5;46.6;46.6;46.6;46.6;46.6;46.6;46.6;46.6;46.5;46.5;46.5;46.4;46.3;46.3;46.2;46.1;;;;;;;;;;;;;;;;;;;;;;;;;;;;;;;;
2.800;;;;;;;;;;;;;;;;;;;;;;;;;;;;;;;;;;;;;;;44.5;44.5;44.4;44.4;44.4;44.4;44.4;44.4;44.4;44.4;44.4;44.5;44.5;44.5;44.6;44.7;44.7;44.8;44.8;44.9;45.0;45.1;45.1;45.2;45.3;45.3;45.4;45.5;45.5;45.6;45.6;45.7;45.7;45.7;45.8;45.8;45.9;45.9;45.9;46.0;46.0;46.0;46.1;46.1;46.1;46.2;46.2;46.3;46.3;46.3;46.4;46.4;46.5;46.5;46.5;46.6;46.6;46.6;46.6;46.6;46.6;46.6;46.6;46.6;46.6;46.5;46.5;46.5;46.4;46.3;46.3;46.2;46.1;;;;;;;;;;;;;;;;;;;;;;;;;;;;;;;
2.700;;;;;;;;;;;;;;;;;;;;;;;;;;;;;;;;;;;;;;44.5;44.5;44.4;44.4;44.4;44.4;44.4;44.4;44.4;44.4;44.4;44.4;44.5;44.5;44.5;44.6;44.6;44.7;44.8;44.8;44.9;45.0;45.1;45.1;45.2;45.3;45.3;45.4;45.5;45.5;45.6;45.6;45.7;45.7;45.7;45.8;45.8;45.9;45.9;45.9;46.0;46.0;46.0;46.1;46.1;46.1;46.2;46.2;46.2;46.3;46.3;46.4;46.4;46.4;46.5;46.5;46.6;46.6;46.6;46.6;46.6;46.6;46.6;46.6;46.6;46.6;46.6;46.5;46.5;46.5;46.4;46.4;46.3;46.2;46.1;;;;;;;;;;;;;;;;;;;;;;;;;;;;;;
2.600;;;;;;;;;;;;;;;;;;;;;;;;;;;;;;;;;;;;;44.5;44.5;44.4;44.4;44.4;44.4;44.4;44.3;44.3;44.3;44.4;44.4;44.4;44.4;44.5;44.5;44.6;44.6;44.7;44.8;44.8;44.9;45.0;45.0;45.1;45.2;45.2;45.3;45.4;45.4;45.5;45.5;45.6;45.6;45.7;45.7;45.8;45.8;45.8;45.9;45.9;45.9;46.0;46.0;46.0;46.1;46.1;46.1;46.2;46.2;46.3;46.3;46.3;46.4;46.4;46.5;46.5;46.5;46.6;46.6;46.6;46.6;46.6;46.7;46.6;46.6;46.6;46.6;46.6;46.5;46.5;46.5;46.4;46.4;46.3;46.2;46.2;;;;;;;;;;;;;;;;;;;;;;;;;;;;;
2.500;;;;;;;;;;;;;;;;;;;;;;;;;;;;;;;;;;;;44.5;44.5;44.4;44.4;44.4;44.3;44.3;44.3;44.3;44.3;44.3;44.3;44.3;44.4;44.4;44.4;44.5;44.5;44.6;44.7;44.7;44.8;44.9;44.9;45.0;45.1;45.1;45.2;45.3;45.3;45.4;45.5;45.5;45.6;45.6;45.7;45.7;45.7;45.8;45.8;45.8;45.9;45.9;45.9;46.0;46.0;46.0;46.1;46.1;46.1;46.2;46.2;46.2;46.3;46.3;46.4;46.4;46.4;46.5;46.5;46.5;46.6;46.6;46.6;46.6;46.6;46.6;46.6;46.6;46.6;46.6;46.5;46.5;46.5;46.4;46.4;46.3;46.2;46.2;;;;;;;;;;;;;;;;;;;;;;;;;;;;
2.400;;;;;;;;;;;;;;;;;;;;;;;;;;;;;;;;;;;44.5;44.4;44.4;44.4;44.4;44.3;44.3;44.3;44.3;44.3;44.3;44.3;44.3;44.3;44.3;44.4;44.4;44.5;44.5;44.6;44.6;44.7;44.8;44.8;44.9;45.0;45.0;45.1;45.2;45.2;45.3;45.4;45.4;45.5;45.5;45.6;45.6;45.7;45.7;45.7;45.8;45.8;45.8;45.9;45.9;45.9;45.9;46.0;46.0;46.0;46.1;46.1;46.1;46.2;46.2;46.3;46.3;46.3;46.4;46.4;46.5;46.5;46.5;46.6;46.6;46.6;46.6;46.6;46.6;46.6;46.6;46.6;46.6;46.5;46.5;46.5;46.4;46.4;46.3;46.3;46.2;;;;;;;;;;;;;;;;;;;;;;;;;;;
2.300;;;;;;;;;;;;;;;;;;;;;;;;;;;;;;;;;;44.4;44.4;44.4;44.4;44.3;44.3;44.3;44.3;44.2;44.2;44.2;44.2;44.2;44.3;44.3;44.3;44.3;44.4;44.4;44.5;44.5;44.6;44.7;44.7;44.8;44.8;44.9;45.0;45.1;45.1;45.2;45.3;45.3;45.4;45.4;45.5;45.5;45.6;45.6;45.6;45.7;45.7;45.7;45.8;45.8;45.8;45.9;45.9;45.9;45.9;46.0;46.0;46.0;46.1;46.1;46.1;46.2;46.2;46.3;46.3;46.3;46.4;46.4;46.5;46.5;46.5;46.6;46.6;46.6;46.6;46.6;46.6;46.6;46.6;46.6;46.5;46.5;46.5;46.4;46.4;46.3;46.3;46.2;;;;;;;;;;;;;;;;;;;;;;;;;;
2.200;;;;;;;;;;;;;;;;;;;;;;;;;;;;;;;;;;44.4;44.4;44.3;44.3;44.3;44.2;44.2;44.2;44.2;44.2;44.2;44.2;44.2;44.2;44.2;44.3;44.3;44.3;44.4;44.4;44.5;44.5;44.6;44.7;44.7;44.8;44.9;44.9;45.0;45.1;45.1;45.2;45.3;45.3;45.4;45.4;45.5;45.5;45.6;45.6;45.6;45.7;45.7;45.7;45.7;45.8;45.8;45.8;45.8;45.9;45.9;45.9;46.0;46.0;46.0;46.1;46.1;46.1;46.2;46.2;46.3;46.3;46.4;46.4;46.4;46.5;46.5;46.6;46.6;46.6;46.6;46.6;46.6;46.6;46.6;46.6;46.6;46.5;46.5;46.4;46.4;46.3;46.3;46.2;;;;;;;;;;;;;;;;;;;;;;;;;
2.100;;;;;;;;;;;;;;;;;;;;;;;;;;;;;;;;;44.4;44.3;44.3;44.3;44.2;44.2;44.2;44.2;44.1;44.1;44.1;44.1;44.1;44.2;44.2;44.2;44.2;44.3;44.3;44.3;44.4;44.4;44.5;44.5;44.6;44.6;44.7;44.8;44.9;44.9;45.0;45.1;45.1;45.2;45.3;45.3;45.4;45.4;45.5;45.5;45.5;45.6;45.6;45.6;45.7;45.7;45.7;45.7;45.7;45.8;45.8;45.8;45.8;45.9;45.9;45.9;46.0;46.0;46.0;46.1;46.1;46.2;46.2;46.3;46.3;46.4;46.4;46.5;46.5;46.5;46.6;46.6;46.6;46.6;46.6;46.6;46.6;46.6;46.6;46.5;46.5;46.4;46.4;46.3;46.3;;;;;;;;;;;;;;;;;;;;;;;;;
2.000;;;;;;;;;;;;;;;;;;;;;;;;;;;;;;;;44.3;44.3;44.3;44.2;44.2;44.2;44.2;44.1;44.1;44.1;44.1;44.1;44.1;44.1;44.1;44.1;44.1;44.2;44.2;44.2;44.2;44.3;44.3;44.4;44.4;44.5;44.6;44.6;44.7;44.8;44.8;44.9;45.0;45.1;45.1;45.2;45.2;45.3;45.3;45.4;45.4;45.5;45.5;45.5;45.6;45.6;45.6;45.6;45.6;45.7;45.7;45.7;45.7;45.7;45.8;45.8;45.8;45.9;45.9;45.9;46.0;46.0;46.1;46.1;46.2;46.2;46.3;46.3;46.4;46.4;46.5;46.5;46.6;46.6;46.6;46.6;46.7;46.6;46.6;46.6;46.6;46.5;46.5;46.4;46.4;46.4;46.3;;;;;;;;;;;;;;;;;;;;;;;;
1.900;;;;;;;;;;;;;;;;;;;;;;;;;;;;;;;44.3;44.3;44.3;44.2;44.2;44.2;44.1;44.1;44.1;44.1;44.0;44.0;44.0;44.0;44.0;44.1;44.1;44.1;44.1;44.1;44.1;44.2;44.2;44.2;44.3;44.4;44.4;44.5;44.5;44.6;44.7;44.8;44.8;44.9;45.0;45.0;45.1;45.2;45.2;45.3;45.3;45.4;45.4;45.4;45.5;45.5;45.5;45.5;45.5;45.6;45.6;45.6;45.6;45.6;45.7;45.7;45.7;45.7;45.8;45.8;45.8;45.9;45.9;46.0;46.0;46.1;46.1;46.2;46.3;46.3;46.4;46.4;46.5;46.5;46.6;46.6;46.6;46.7;46.7;46.7;46.6;46.6;46.6;46.5;46.5;46.5;46.4;46.4;46.3;;;;;;;;;;;;;;;;;;;;;;;
1.800;;;;;;;;;;;;;;;;;;;;;;;;;;;;;;;44.3;44.2;44.2;44.2;44.1;44.1;44.1;44.0;44.0;44.0;44.0;44.0;44.0;44.0;44.0;44.0;44.0;44.0;44.0;44.0;44.0;44.1;44.1;44.2;44.2;44.3;44.3;44.4;44.4;44.5;44.6;44.7;44.7;44.8;44.9;45.0;45.0;45.1;45.1;45.2;45.2;45.3;45.3;45.4;45.4;45.4;45.4;45.4;45.5;45.5;45.5;45.5;45.5;45.5;45.5;45.6;45.6;45.6;45.6;45.7;45.7;45.8;45.8;45.9;45.9;46.0;46.0;46.1;46.2;46.2;46.3;46.4;46.4;46.5;46.5;46.6;46.6;46.7;46.7;46.7;46.7;46.7;46.6;46.6;46.5;46.5;46.5;46.4;46.4;;;;;;;;;;;;;;;;;;;;;;;
1.700;;;;;;;;;;;;;;;;;;;;;;;;;;;;;;44.2;44.2;44.2;44.2;44.1;44.1;44.0;44.0;44.0;44.0;44.0;43.9;43.9;43.9;43.9;43.9;43.9;43.9;43.9;43.9;43.9;44.0;44.0;44.0;44.1;44.1;44.2;44.2;44.3;44.3;44.4;44.5;44.6;44.6;44.7;44.8;44.9;44.9;45.0;45.1;45.1;45.2;45.2;45.3;45.3;45.3;45.3;45.3;45.4;45.4;45.4;45.4;45.4;45.4;45.4;45.4;45.5;45.5;45.5;45.5;45.6;45.6;45.6;45.7;45.7;45.8;45.9;45.9;46.0;46.1;46.1;46.2;46.3;46.4;46.4;46.5;46.6;46.6;46.7;46.7;46.7;46.7;46.7;46.7;46.6;46.6;46.5;46.5;46.4;46.4;46.4;;;;;;;;;;;;;;;;;;;;;;
1.600;;;;;;;;;;;;;;;;;;;;;;;;;;;;;;44.2;44.2;44.1;44.1;44.1;44.0;44.0;44.0;43.9;43.9;43.9;43.9;43.9;43.9;43.9;43.9;43.8;43.8;43.8;43.8;43.8;43.9;43.9;43.9;44.0;44.0;44.0;44.1;44.2;44.2;44.3;44.4;44.5;44.5;44.6;44.7;44.8;44.9;44.9;45.0;45.0;45.1;45.1;45.2;45.2;45.2;45.3;45.3;45.3;45.3;45.3;45.3;45.3;45.3;45.3;45.3;45.3;45.4;45.4;45.4;45.4;45.5;45.5;45.6;45.6;45.7;45.8;45.8;45.9;46.0;46.1;46.1;46.2;46.3;46.4;46.4;46.5;46.6;46.6;46.7;46.7;46.7;46.7;46.7;46.7;46.6;46.6;46.5;46.5;46.4;46.4;;;;;;;;;;;;;;;;;;;;;;
1.500;;;;;;;;;;;;;;;;;;;;;;;;;;;;;44.2;44.2;44.1;44.1;44.1;44.0;44.0;44.0;43.9;43.9;43.9;43.9;43.9;43.9;43.8;43.8;43.8;43.8;43.8;43.7;43.7;43.8;43.8;43.8;43.8;43.8;43.9;43.9;44.0;44.1;44.1;44.2;44.3;44.4;44.4;44.5;44.6;44.7;44.8;44.8;44.9;45.0;45.0;45.1;45.1;45.1;45.2;45.2;45.2;45.2;45.2;45.2;45.2;45.2;45.2;45.2;45.2;45.2;45.2;45.3;45.3;45.3;45.4;45.4;45.5;45.5;45.6;45.6;45.7;45.8;45.9;46.0;46.0;46.1;46.2;46.3;46.4;46.5;46.5;46.6;46.7;46.7;46.7;46.8;46.7;46.7;46.7;46.6;46.6;46.5;46.5;46.4;46.4;;;;;;;;;;;;;;;;;;;;;
1.400;;;;;;;;;;;;;;;;;;;;;;;;;;;;;44.2;44.1;44.1;44.1;44.0;44.0;43.9;43.9;43.9;43.9;43.9;43.8;43.8;43.8;43.8;43.7;43.7;43.7;43.7;43.7;43.7;43.7;43.7;43.7;43.7;43.7;43.8;43.8;43.9;44.0;44.0;44.1;44.2;44.3;44.3;44.4;44.5;44.6;44.7;44.8;44.8;44.9;45.0;45.0;45.0;45.1;45.1;45.1;45.1;45.1;45.1;45.1;45.1;45.1;45.1;45.1;45.1;45.1;45.1;45.1;45.2;45.2;45.2;45.3;45.3;45.4;45.5;45.5;45.6;45.7;45.8;45.9;46.0;46.0;46.1;46.2;46.3;46.4;46.5;46.6;46.6;46.7;46.7;46.8;46.8;46.7;46.7;46.7;46.6;46.5;46.5;46.4;46.4;;;;;;;;;;;;;;;;;;;;;
1.300;;;;;;;;;;;;;;;;;;;;;;;;;;;;44.1;44.1;44.1;44.1;44.0;44.0;43.9;43.9;43.9;43.9;43.9;43.8;43.8;43.8;43.8;43.7;43.7;43.7;43.6;43.6;43.6;43.6;43.6;43.6;43.6;43.6;43.6;43.7;43.7;43.8;43.8;43.9;44.0;44.1;44.1;44.2;44.3;44.4;44.5;44.6;44.7;44.8;44.8;44.9;44.9;45.0;45.0;45.0;45.0;45.0;45.0;45.0;45.0;45.0;45.0;45.0;45.0;45.0;45.0;45.0;45.0;45.1;45.1;45.1;45.2;45.2;45.3;45.3;45.4;45.5;45.6;45.7;45.8;45.9;46.0;46.1;46.2;46.3;46.4;46.4;46.5;46.6;46.7;46.7;46.8;46.8;46.8;46.7;46.7;46.6;46.6;46.5;46.5;46.4;;;;;;;;;;;;;;;;;;;;;
1.200;;;;;;;;;;;;;;;;;;;;;;;;;;;;44.1;44.1;44.1;44.0;44.0;43.9;43.9;43.9;43.9;43.9;43.8;43.8;43.8;43.8;43.7;43.7;43.6;43.6;43.6;43.5;43.5;43.5;43.5;43.5;43.5;43.5;43.6;43.6;43.6;43.7;43.7;43.8;43.9;44.0;44.0;44.1;44.2;44.3;44.4;44.5;44.6;44.7;44.8;44.8;44.9;44.9;44.9;44.9;45.0;45.0;44.9;44.9;44.9;44.9;44.9;44.9;44.9;44.9;44.9;44.9;44.9;44.9;45.0;45.0;45.0;45.1;45.2;45.2;45.3;45.4;45.5;45.6;45.7;45.8;45.9;46.0;46.1;46.2;46.3;46.4;46.5;46.6;46.6;46.7;46.7;46.8;46.8;46.8;46.7;46.7;46.6;46.5;46.5;46.4;46.4;;;;;;;;;;;;;;;;;;;;
1.100;;;;;;;;;;;;;;;;;;;;;;;;;;;44.1;44.1;44.1;44.0;44.0;44.0;43.9;43.9;43.9;43.9;43.8;43.8;43.8;43.8;43.7;43.7;43.6;43.6;43.5;43.5;43.5;43.5;43.4;43.4;43.4;43.4;43.4;43.5;43.5;43.5;43.6;43.6;43.7;43.8;43.8;43.9;44.0;44.1;44.2;44.3;44.4;44.5;44.6;44.7;44.8;44.8;44.8;44.9;44.9;44.9;44.9;44.9;44.8;44.8;44.8;44.8;44.8;44.8;44.8;44.8;44.8;44.8;44.8;44.8;44.9;44.9;45.0;45.0;45.1;45.2;45.3;45.4;45.5;45.6;45.7;45.8;45.9;46.0;46.1;46.2;46.3;46.4;46.5;46.6;46.7;46.7;46.8;46.8;46.8;46.7;46.7;46.6;46.6;46.5;46.4;46.4;;;;;;;;;;;;;;;;;;;;
1.000;;;;;;;;;;;;;;;;;;;;;;;;;;;44.1;44.0;44.0;44.0;44.0;43.9;43.9;43.9;43.9;43.9;43.8;43.8;43.8;43.8;43.7;43.7;43.6;43.6;43.5;43.5;43.4;43.4;43.4;43.4;43.4;43.4;43.4;43.4;43.4;43.4;43.5;43.5;43.6;43.7;43.7;43.8;43.9;44.0;44.1;44.2;44.3;44.4;44.5;44.6;44.7;44.8;44.8;44.8;44.8;44.8;44.8;44.8;44.8;44.7;44.7;44.7;44.7;44.7;44.7;44.7;44.7;44.7;44.7;44.7;44.8;44.8;44.9;44.9;45.0;45.1;45.2;45.3;45.4;45.5;45.6;45.7;45.8;45.9;46.0;46.2;46.3;46.4;46.5;46.6;46.6;46.7;46.7;46.8;46.8;46.7;46.7;46.6;46.6;46.5;46.4;46.4;;;;;;;;;;;;;;;;;;;;
0.900;;;;;;;;;;;;;;;;;;;;;;;;;;;44.0;44.0;44.0;44.0;44.0;43.9;43.9;43.9;43.9;43.9;43.9;43.8;43.8;43.7;43.7;43.6;43.6;43.5;43.5;43.4;43.4;43.3;43.3;43.3;43.3;43.3;43.3;43.3;43.3;43.4;43.4;43.4;43.5;43.6;43.6;43.7;43.8;43.9;44.0;44.1;44.2;44.4;44.5;44.6;44.6;44.7;44.7;44.8;44.8;44.7;44.7;44.7;44.7;44.6;44.6;44.6;44.6;44.6;44.5;44.5;44.5;44.6;44.6;44.6;44.6;44.7;44.7;44.8;44.9;45.0;45.1;45.2;45.3;45.4;45.5;45.6;45.7;45.8;46.0;46.1;46.2;46.3;46.4;46.5;46.6;46.7;46.7;46.8;46.8;46.8;46.7;46.6;46.6;46.5;46.4;46.4;46.3;;;;;;;;;;;;;;;;;;;
0.800;;;;;;;;;;;;;;;;;;;;;;;;;;44.0;44.0;44.0;44.0;44.0;43.9;43.9;43.9;43.9;43.9;43.9;43.9;43.8;43.8;43.7;43.7;43.6;43.6;43.5;43.4;43.4;43.3;43.3;43.3;43.3;43.2;43.2;43.2;43.2;43.3;43.3;43.3;43.4;43.4;43.5;43.5;43.6;43.7;43.8;43.9;44.0;44.2;44.3;44.4;44.5;44.6;44.7;44.7;44.7;44.7;44.7;44.6;44.6;44.6;44.5;44.5;44.5;44.5;44.4;44.4;44.4;44.4;44.5;44.5;44.5;44.5;44.6;44.6;44.7;44.8;44.9;45.0;45.1;45.2;45.3;45.4;45.5;45.6;45.8;45.9;46.0;46.1;46.3;46.4;46.5;46.6;46.6;46.7;46.7;46.8;46.8;46.7;46.7;46.6;46.5;46.5;46.4;46.3;;;;;;;;;;;;;;;;;;;
0.700;;;;;;;;;;;;;;;;;;;;;;;;;;44.0;44.0;44.0;44.0;44.0;43.9;43.9;43.9;43.9;43.9;43.9;43.9;43.8;43.8;43.7;43.7;43.6;43.5;43.5;43.4;43.4;43.3;43.3;43.2;43.2;43.2;43.2;43.2;43.2;43.2;43.2;43.3;43.3;43.3;43.4;43.5;43.5;43.6;43.7;43.8;43.9;44.1;44.2;44.3;44.4;44.6;44.6;44.6;44.6;44.6;44.6;44.5;44.5;44.5;44.4;44.4;44.4;44.3;44.3;44.3;44.3;44.3;44.3;44.4;44.4;44.4;44.5;44.5;44.6;44.7;44.8;44.9;45.0;45.1;45.2;45.3;45.4;45.6;45.7;45.8;45.9;46.1;46.2;46.3;46.4;46.5;46.6;46.7;46.7;46.7;46.8;46.7;46.7;46.6;46.5;46.5;46.4;46.3;;;;;;;;;;;;;;;;;;;
0.600;;;;;;;;;;;;;;;;;;;;;;;;;;44.0;44.0;44.0;44.0;44.0;44.0;43.9;43.9;43.9;43.9;43.9;43.9;43.9;43.8;43.7;43.7;43.6;43.5;43.5;43.4;43.4;43.3;43.3;43.2;43.2;43.2;43.2;43.1;43.1;43.2;43.2;43.2;43.2;43.3;43.3;43.4;43.4;43.5;43.6;43.7;43.8;43.9;44.1;44.2;44.4;44.5;44.6;44.6;44.6;44.5;44.5;44.4;44.4;44.3;44.3;44.3;44.3;44.2;44.2;44.2;44.2;44.2;44.2;44.3;44.3;44.3;44.4;44.4;44.5;44.6;44.7;44.8;44.9;45.0;45.1;45.2;45.4;45.5;45.6;45.7;45.9;46.0;46.1;46.3;46.4;46.5;46.6;46.6;46.7;46.7;46.7;46.7;46.7;46.6;46.5;46.5;46.4;46.3;46.3;;;;;;;;;;;;;;;;;;
0.500;;;;;;;;;;;;;;;;;;;;;;;;;;44.0;44.0;44.0;44.0;44.0;44.0;44.0;44.0;44.0;44.0;44.0;43.9;43.9;43.8;43.8;43.7;43.6;43.5;43.5;43.4;43.4;43.3;43.3;43.2;43.2;43.2;43.1;43.1;43.1;43.1;43.1;43.2;43.2;43.2;43.3;43.3;43.4;43.4;43.5;43.6;43.7;43.8;44.0;44.2;44.3;44.5;44.5;44.5;44.5;44.4;44.4;44.3;44.3;44.2;44.2;44.2;44.1;44.1;44.1;44.1;44.1;44.1;44.1;44.2;44.2;44.2;44.3;44.4;44.4;44.5;44.6;44.7;44.8;44.9;45.0;45.1;45.3;45.4;45.5;45.7;45.8;46.0;46.1;46.2;46.3;46.4;46.5;46.6;46.7;46.7;46.7;46.7;46.7;46.6;46.5;46.5;46.4;46.4;46.3;;;;;;;;;;;;;;;;;;
0.400;;;;;;;;;;;;;;;;;;;;;;;;;;43.9;44.0;44.0;44.0;44.0;44.0;44.0;44.0;44.0;44.0;44.0;44.0;43.9;43.8;43.8;43.7;43.6;43.6;43.5;43.4;43.4;43.3;43.3;43.2;43.2;43.1;43.1;43.1;43.1;43.1;43.1;43.1;43.1;43.2;43.2;43.2;43.3;43.3;43.4;43.5;43.6;43.7;43.9;44.1;44.3;44.4;44.5;44.5;44.4;44.3;44.3;44.2;44.1;44.1;44.1;44.0;44.0;44.0;44.0;44.0;44.0;44.0;44.0;44.1;44.1;44.2;44.2;44.3;44.3;44.4;44.5;44.6;44.7;44.8;45.0;45.1;45.2;45.4;45.5;45.6;45.8;45.9;46.0;46.2;46.3;46.4;46.5;46.6;46.6;46.7;46.7;46.7;46.7;46.6;46.6;46.5;46.4;46.4;46.3;;;;;;;;;;;;;;;;;;
0.300;;;;;;;;;;;;;;;;;;;;;;;;;43.9;43.9;44.0;44.0;44.0;44.0;44.0;44.0;44.0;44.0;44.0;44.0;44.0;43.9;43.9;43.8;43.7;43.7;43.6;43.5;43.4;43.4;43.3;43.3;43.2;43.2;43.1;43.1;43.1;43.1;43.1;43.1;43.1;43.1;43.1;43.2;43.2;43.2;43.3;43.3;43.4;43.5;43.6;43.7;43.9;44.2;44.4;44.4;44.4;44.3;44.2;44.1;44.0;44.0;44.0;44.0;43.9;43.9;43.9;43.9;43.9;43.9;43.9;44.0;44.0;44.0;44.1;44.1;44.2;44.3;44.4;44.4;44.5;44.7;44.8;44.9;45.0;45.2;45.3;45.4;45.6;45.7;45.9;46.0;46.1;46.2;46.3;46.4;46.5;46.6;46.7;46.7;46.7;46.7;46.6;46.6;46.5;46.4;46.4;46.3;;;;;;;;;;;;;;;;;;
0.200;;;;;;;;;;;;;;;;;;;;;;;;;43.9;43.9;43.9;44.0;44.0;44.0;44.0;44.0;44.1;44.1;44.1;44.0;44.0;44.0;43.9;43.8;43.8;43.7;43.6;43.5;43.5;43.4;43.3;43.3;43.2;43.2;43.2;43.1;43.1;43.1;43.1;43.1;43.1;43.1;43.1;43.2;43.2;43.2;43.3;43.3;43.3;43.4;43.5;43.6;43.7;44.0;44.4;44.3;44.2;44.1;44.0;43.9;43.9;43.9;43.8;43.8;43.8;43.8;43.8;43.8;43.8;43.9;43.9;43.9;43.9;44.0;44.0;44.1;44.1;44.2;44.3;44.4;44.5;44.6;44.7;44.8;45.0;45.1;45.3;45.4;45.5;45.7;45.8;46.0;46.1;46.2;46.3;46.4;46.5;46.6;46.6;46.7;46.7;46.7;46.6;46.6;46.5;46.5;46.4;46.3;;;;;;;;;;;;;;;;;;
0.100;;;;;;;;;;;;;;;;;;;;;;;;;43.9;43.9;43.9;44.0;44.0;44.0;44.0;44.1;44.1;44.1;44.1;44.1;44.0;44.0;43.9;43.9;43.8;43.7;43.6;43.6;43.5;43.4;43.4;43.3;43.3;43.2;43.2;43.1;43.1;43.1;43.1;43.1;43.1;43.1;43.1;43.2;43.2;43.2;43.2;43.3;43.3;43.4;43.4;43.4;43.6;43.8;44.3;44.1;43.9;43.8;43.8;43.8;43.7;43.7;43.7;43.7;43.7;43.7;43.7;43.8;43.8;43.8;43.8;43.8;43.9;43.9;44.0;44.0;44.1;44.2;44.3;44.4;44.5;44.6;44.7;44.8;44.9;45.1;45.2;45.4;45.5;45.7;45.8;45.9;46.1;46.2;46.3;46.4;46.5;46.6;46.6;46.7;46.7;46.7;46.6;46.6;46.5;46.5;46.4;46.4;;;;;;;;;;;;;;;;;;
0.000;;;;;;;;;;;;;;;;;;;;;;;;;43.9;43.9;43.9;44.0;44.0;44.0;44.1;44.1;44.1;44.1;44.1;44.1;44.1;44.0;44.0;43.9;43.8;43.7;43.7;43.6;43.5;43.5;43.4;43.3;43.3;43.2;43.2;43.2;43.1;43.1;43.1;43.1;43.1;43.1;43.2;43.2;43.2;43.2;43.3;43.3;43.3;43.4;43.4;43.4;43.5;43.6;43.9;43.7;43.6;43.6;43.6;43.6;43.6;43.6;43.6;43.7;43.7;43.7;43.7;43.7;43.7;43.7;43.8;43.8;43.8;43.9;43.9;44.0;44.1;44.1;44.2;44.3;44.4;44.5;44.7;44.8;44.9;45.1;45.2;45.3;45.5;45.6;45.8;45.9;46.0;46.2;46.3;46.4;46.5;46.5;46.6;46.7;46.7;46.7;46.6;46.6;46.5;46.5;46.4;46.4;;;;;;;;;;;;;;;;;;
-0.100;;;;;;;;;;;;;;;;;;;;;;;;;43.8;43.9;43.9;44.0;44.0;44.1;44.1;44.1;44.1;44.2;44.2;44.1;44.1;44.0;44.0;43.9;43.9;43.8;43.7;43.6;43.6;43.5;43.4;43.4;43.3;43.3;43.2;43.2;43.2;43.2;43.2;43.2;43.2;43.2;43.2;43.2;43.3;43.3;43.3;43.4;43.4;43.5;43.6;43.7;43.8;44.0;44.2;43.8;43.6;43.6;43.5;43.6;43.6;43.6;43.6;43.6;43.6;43.6;43.6;43.7;43.7;43.7;43.7;43.8;43.8;43.9;43.9;44.0;44.0;44.1;44.2;44.3;44.4;44.5;44.6;44.8;44.9;45.0;45.2;45.3;45.5;45.6;45.8;45.9;46.0;46.2;46.3;46.4;46.5;46.5;46.6;46.7;46.7;46.7;46.6;46.6;46.6;46.5;46.5;46.4;46.4;;;;;;;;;;;;;;;;;
-0.200;;;;;;;;;;;;;;;;;;;;;;;;;43.8;43.9;43.9;44.0;44.0;44.1;44.1;44.1;44.2;44.2;44.2;44.2;44.1;44.1;44.0;44.0;43.9;43.8;43.8;43.7;43.6;43.5;43.5;43.4;43.4;43.3;43.3;43.3;43.2;43.2;43.2;43.2;43.2;43.2;43.3;43.3;43.3;43.4;43.4;43.5;43.5;43.6;43.7;43.9;44.1;44.2;44.3;44.0;43.7;43.6;43.6;43.6;43.6;43.6;43.6;43.6;43.6;43.6;43.6;43.6;43.7;43.7;43.7;43.8;43.8;43.8;43.9;44.0;44.0;44.1;44.2;44.3;44.4;44.5;44.7;44.8;44.9;45.0;45.2;45.3;45.5;45.6;45.8;45.9;46.0;46.2;46.3;46.4;46.5;46.5;46.6;46.7;46.7;46.7;46.7;46.6;46.6;46.5;46.5;46.5;46.5;;;;;;;;;;;;;;;;;
-0.300;;;;;;;;;;;;;;;;;;;;;;;;;43.8;43.9;43.9;44.0;44.0;44.1;44.1;44.2;44.2;44.2;44.2;44.2;44.2;44.1;44.1;44.0;43.9;43.9;43.8;43.7;43.7;43.6;43.5;43.5;43.4;43.4;43.3;43.3;43.3;43.3;43.3;43.3;43.3;43.3;43.3;43.4;43.4;43.4;43.5;43.6;43.7;43.8;43.9;44.0;44.2;44.3;44.3;44.1;43.9;43.7;43.6;43.6;43.6;43.6;43.6;43.6;43.6;43.6;43.6;43.6;43.7;43.7;43.7;43.8;43.8;43.9;43.9;44.0;44.1;44.1;44.2;44.3;44.4;44.5;44.7;44.8;44.9;45.1;45.2;45.3;45.5;45.6;45.8;45.9;46.0;46.2;46.3;46.4;46.5;46.5;46.6;46.7;46.7;46.7;46.7;46.6;46.6;46.6;46.5;46.5;46.5;;;;;;;;;;;;;;;;;
-0.400;;;;;;;;;;;;;;;;;;;;;;;;;43.8;43.9;43.9;44.0;44.1;44.1;44.1;44.2;44.2;44.3;44.3;44.2;44.2;44.2;44.1;44.1;44.0;43.9;43.8;43.8;43.7;43.6;43.6;43.5;43.5;43.4;43.4;43.4;43.3;43.3;43.3;43.3;43.3;43.4;43.4;43.4;43.5;43.5;43.6;43.7;43.8;43.9;44.0;44.1;44.3;44.3;44.3;44.2;44.0;43.9;43.7;43.7;43.6;43.6;43.6;43.6;43.6;43.6;43.6;43.7;43.7;43.7;43.7;43.8;43.8;43.9;43.9;44.0;44.1;44.2;44.2;44.3;44.5;44.6;44.7;44.8;45.0;45.1;45.2;45.4;45.5;45.7;45.8;45.9;46.1;46.2;46.3;46.4;46.5;46.6;46.6;46.7;46.7;46.7;46.7;46.7;46.6;46.6;46.6;46.6;46.6;;;;;;;;;;;;;;;;;
-0.500;;;;;;;;;;;;;;;;;;;;;;;;;43.8;43.9;43.9;44.0;44.1;44.1;44.2;44.2;44.3;44.3;44.3;44.3;44.2;44.2;44.2;44.1;44.0;44.0;43.9;43.8;43.8;43.7;43.6;43.6;43.5;43.5;43.5;43.4;43.4;43.4;43.4;43.4;43.4;43.4;43.5;43.5;43.6;43.6;43.7;43.8;43.9;44.0;44.1;44.2;44.3;44.3;44.3;44.2;44.1;43.9;43.8;43.8;43.7;43.7;43.7;43.6;43.6;43.7;43.7;43.7;43.7;43.7;43.8;43.8;43.9;43.9;44.0;44.0;44.1;44.2;44.3;44.4;44.5;44.6;44.7;44.9;45.0;45.1;45.3;45.4;45.5;45.7;45.8;46.0;46.1;46.2;46.3;46.4;46.5;46.6;46.6;46.7;46.7;46.7;46.7;46.7;46.6;46.6;46.6;46.6;46.6;;;;;;;;;;;;;;;;;
-0.600;;;;;;;;;;;;;;;;;;;;;;;;;43.8;43.9;44.0;44.0;44.1;44.1;44.2;44.2;44.3;44.3;44.3;44.3;44.3;44.3;44.2;44.2;44.1;44.0;44.0;43.9;43.8;43.8;43.7;43.7;43.6;43.6;43.5;43.5;43.5;43.5;43.5;43.5;43.5;43.5;43.5;43.6;43.6;43.7;43.8;43.9;44.0;44.0;44.1;44.2;44.3;44.3;44.3;44.2;44.1;44.0;43.9;43.8;43.8;43.7;43.7;43.7;43.7;43.7;43.7;43.7;43.7;43.8;43.8;43.8;43.9;43.9;44.0;44.1;44.2;44.2;44.3;44.4;44.5;44.7;44.8;44.9;45.0;45.2;45.3;45.4;45.6;45.7;45.9;46.0;46.1;46.2;46.3;46.4;46.5;46.6;46.7;46.7;46.7;46.7;46.7;46.7;46.7;46.7;46.6;46.7;46.7;;;;;;;;;;;;;;;;;
-0.700;;;;;;;;;;;;;;;;;;;;;;;;;43.8;43.9;44.0;44.0;44.1;44.1;44.2;44.3;44.3;44.3;44.4;44.3;44.3;44.3;44.3;44.2;44.1;44.1;44.0;44.0;43.9;43.8;43.8;43.7;43.7;43.6;43.6;43.6;43.5;43.5;43.5;43.5;43.6;43.6;43.6;43.7;43.7;43.8;43.9;43.9;44.0;44.1;44.2;44.3;44.3;44.3;44.3;44.2;44.2;44.1;44.0;43.9;43.9;43.8;43.8;43.8;43.7;43.7;43.8;43.8;43.8;43.8;43.9;43.9;43.9;44.0;44.1;44.1;44.2;44.3;44.4;44.5;44.6;44.7;44.8;45.0;45.1;45.2;45.4;45.5;45.6;45.8;45.9;46.0;46.2;46.3;46.4;46.5;46.5;46.6;46.7;46.7;46.8;46.8;46.7;46.7;46.7;46.7;46.7;46.7;46.7;;;;;;;;;;;;;;;;;
-0.800;;;;;;;;;;;;;;;;;;;;;;;;;43.8;43.9;44.0;44.0;44.1;44.2;44.2;44.3;44.3;44.4;44.4;44.4;44.4;44.3;44.3;44.3;44.2;44.2;44.1;44.0;44.0;43.9;43.9;43.8;43.8;43.7;43.7;43.6;43.6;43.6;43.6;43.6;43.6;43.7;43.7;43.7;43.8;43.9;43.9;44.0;44.1;44.2;44.2;44.3;44.3;44.3;44.3;44.3;44.2;44.1;44.0;44.0;43.9;43.9;43.8;43.8;43.8;43.8;43.8;43.8;43.8;43.9;43.9;44.0;44.0;44.1;44.1;44.2;44.3;44.4;44.5;44.6;44.7;44.8;44.9;45.0;45.2;45.3;45.4;45.6;45.7;45.8;46.0;46.1;46.2;46.3;46.4;46.5;46.6;46.6;46.7;46.7;46.8;46.8;46.8;46.8;46.7;46.7;46.7;46.8;;;;;;;;;;;;;;;;;;
-0.900;;;;;;;;;;;;;;;;;;;;;;;;;43.8;43.9;44.0;44.0;44.1;44.2;44.2;44.3;44.3;44.4;44.4;44.4;44.4;44.4;44.4;44.3;44.3;44.2;44.2;44.1;44.0;44.0;43.9;43.9;43.8;43.8;43.8;43.7;43.7;43.7;43.7;43.7;43.7;43.7;43.8;43.8;43.9;43.9;44.0;44.1;44.1;44.2;44.2;44.3;44.3;44.3;44.3;44.3;44.2;44.2;44.1;44.0;44.0;43.9;43.9;43.9;43.9;43.9;43.9;43.9;43.9;43.9;44.0;44.0;44.1;44.1;44.2;44.3;44.4;44.4;44.5;44.6;44.8;44.9;45.0;45.1;45.2;45.4;45.5;45.6;45.8;45.9;46.0;46.1;46.2;46.3;46.4;46.5;46.6;46.7;46.7;46.8;46.8;46.8;46.8;46.8;46.8;46.8;46.8;46.8;;;;;;;;;;;;;;;;;;
-1.000;;;;;;;;;;;;;;;;;;;;;;;;;43.8;43.9;44.0;44.1;44.1;44.2;44.3;44.3;44.4;44.4;44.4;44.5;44.5;44.4;44.4;44.4;44.3;44.3;44.2;44.2;44.1;44.1;44.0;44.0;43.9;43.9;43.8;43.8;43.8;43.8;43.8;43.8;43.8;43.8;43.9;43.9;43.9;44.0;44.1;44.1;44.2;44.2;44.3;44.3;44.3;44.3;44.3;44.3;44.2;44.2;44.1;44.1;44.0;44.0;44.0;43.9;43.9;43.9;43.9;44.0;44.0;44.0;44.0;44.1;44.1;44.2;44.3;44.4;44.4;44.5;44.6;44.7;44.8;45.0;45.1;45.2;45.3;45.4;45.6;45.7;45.8;46.0;46.1;46.2;46.3;46.4;46.5;46.6;46.6;46.7;46.8;46.8;46.8;46.8;46.8;46.8;46.8;46.8;46.8;46.9;;;;;;;;;;;;;;;;;;
-1.100;;;;;;;;;;;;;;;;;;;;;;;;;43.8;43.9;44.0;44.1;44.1;44.2;44.3;44.3;44.4;44.4;44.5;44.5;44.5;44.5;44.5;44.4;44.4;44.3;44.3;44.2;44.2;44.1;44.1;44.0;44.0;44.0;43.9;43.9;43.9;43.9;43.9;43.9;43.9;43.9;43.9;44.0;44.0;44.1;44.1;44.2;44.2;44.3;44.3;44.3;44.3;44.3;44.3;44.3;44.3;44.2;44.2;44.1;44.1;44.0;44.0;44.0;44.0;44.0;44.0;44.0;44.0;44.1;44.1;44.2;44.2;44.3;44.4;44.4;44.5;44.6;44.7;44.8;44.9;45.0;45.2;45.3;45.4;45.5;45.7;45.8;45.9;46.0;46.1;46.2;46.3;46.4;46.5;46.6;46.7;46.7;46.8;46.8;46.8;46.8;46.8;46.8;46.8;46.8;46.9;46.9;;;;;;;;;;;;;;;;;;
-1.200;;;;;;;;;;;;;;;;;;;;;;;;;43.8;43.9;44.0;44.1;44.2;44.2;44.3;44.3;44.4;44.5;44.5;44.5;44.5;44.5;44.5;44.5;44.5;44.4;44.4;44.3;44.3;44.2;44.2;44.1;44.1;44.0;44.0;44.0;44.0;43.9;43.9;43.9;44.0;44.0;44.0;44.0;44.1;44.1;44.2;44.2;44.3;44.3;44.3;44.3;44.4;44.4;44.3;44.3;44.3;44.2;44.2;44.2;44.1;44.1;44.1;44.1;44.1;44.1;44.1;44.1;44.1;44.1;44.2;44.2;44.3;44.4;44.4;44.5;44.6;44.7;44.8;44.9;45.0;45.1;45.2;45.4;45.5;45.6;45.7;45.9;46.0;46.1;46.2;46.3;46.4;46.5;46.6;46.6;46.7;46.8;46.8;46.8;46.9;46.9;46.8;46.8;46.9;46.9;46.9;47.0;;;;;;;;;;;;;;;;;;
-1.300;;;;;;;;;;;;;;;;;;;;;;;;;;43.9;44.0;44.1;44.2;44.2;44.3;44.4;44.4;44.5;44.5;44.6;44.6;44.6;44.6;44.6;44.5;44.5;44.4;44.4;44.3;44.3;44.3;44.2;44.2;44.1;44.1;44.1;44.0;44.0;44.0;44.0;44.0;44.1;44.1;44.1;44.1;44.2;44.2;44.3;44.3;44.3;44.3;44.4;44.4;44.4;44.4;44.3;44.3;44.3;44.2;44.2;44.2;44.1;44.1;44.1;44.1;44.1;44.1;44.2;44.2;44.2;44.3;44.3;44.4;44.5;44.5;44.6;44.7;44.8;44.9;45.0;45.1;45.2;45.3;45.5;45.6;45.7;45.8;45.9;46.0;46.2;46.3;46.4;46.5;46.5;46.6;46.7;46.7;46.8;46.8;46.9;46.9;46.9;46.9;46.9;46.9;46.9;46.9;47.0;;;;;;;;;;;;;;;;;;
-1.400;;;;;;;;;;;;;;;;;;;;;;;;;;43.9;44.0;44.1;44.2;44.3;44.3;44.4;44.4;44.5;44.6;44.6;44.6;44.6;44.6;44.6;44.6;44.6;44.5;44.5;44.4;44.4;44.3;44.3;44.2;44.2;44.2;44.2;44.1;44.1;44.1;44.1;44.1;44.1;44.1;44.2;44.2;44.2;44.3;44.3;44.3;44.4;44.4;44.4;44.4;44.4;44.4;44.4;44.3;44.3;44.3;44.2;44.2;44.2;44.2;44.2;44.2;44.2;44.2;44.2;44.3;44.3;44.3;44.4;44.5;44.5;44.6;44.7;44.8;44.9;45.0;45.1;45.2;45.3;45.4;45.5;45.7;45.8;45.9;46.0;46.1;46.2;46.3;46.4;46.5;46.6;46.7;46.7;46.8;46.8;46.8;46.9;46.9;46.9;46.9;46.9;46.9;46.9;47.0;47.1;;;;;;;;;;;;;;;;;;
-1.500;;;;;;;;;;;;;;;;;;;;;;;;;;43.9;44.0;44.1;44.2;44.3;44.3;44.4;44.5;44.5;44.6;44.6;44.7;44.7;44.7;44.7;44.6;44.6;44.6;44.5;44.5;44.5;44.4;44.4;44.3;44.3;44.3;44.2;44.2;44.2;44.2;44.2;44.2;44.2;44.2;44.2;44.3;44.3;44.3;44.3;44.4;44.4;44.4;44.4;44.4;44.4;44.4;44.4;44.4;44.3;44.3;44.3;44.3;44.2;44.2;44.2;44.2;44.2;44.3;44.3;44.3;44.4;44.4;44.5;44.6;44.6;44.7;44.8;44.9;45.0;45.1;45.2;45.3;45.4;45.5;45.6;45.8;45.9;46.0;46.1;46.2;46.3;46.4;46.5;46.6;46.6;46.7;46.8;46.8;46.8;46.9;46.9;46.9;46.9;46.9;46.9;46.9;47.0;47.0;;;;;;;;;;;;;;;;;;;
-1.600;;;;;;;;;;;;;;;;;;;;;;;;;;44.0;44.1;44.2;44.2;44.3;44.4;44.4;44.5;44.5;44.6;44.7;44.7;44.7;44.7;44.7;44.7;44.7;44.7;44.6;44.6;44.5;44.5;44.5;44.4;44.4;44.3;44.3;44.3;44.3;44.3;44.3;44.3;44.3;44.3;44.3;44.3;44.3;44.4;44.4;44.4;44.4;44.4;44.4;44.4;44.4;44.4;44.4;44.4;44.4;44.4;44.3;44.3;44.3;44.3;44.3;44.3;44.3;44.3;44.4;44.4;44.4;44.5;44.6;44.6;44.7;44.8;44.9;45.0;45.1;45.2;45.3;45.4;45.5;45.6;45.7;45.8;46.0;46.1;46.2;46.3;46.4;46.4;46.5;46.6;46.7;46.7;46.8;46.8;46.8;46.9;46.9;46.9;46.9;46.9;46.9;46.9;47.0;47.0;;;;;;;;;;;;;;;;;;;
-1.700;;;;;;;;;;;;;;;;;;;;;;;;;;;44.1;44.2;44.3;44.3;44.4;44.5;44.5;44.6;44.6;44.7;44.7;44.8;44.8;44.8;44.8;44.7;44.7;44.7;44.7;44.6;44.6;44.5;44.5;44.5;44.4;44.4;44.4;44.4;44.4;44.3;44.3;44.3;44.4;44.4;44.4;44.4;44.4;44.4;44.5;44.5;44.5;44.5;44.5;44.5;44.5;44.5;44.4;44.4;44.4;44.4;44.4;44.3;44.3;44.3;44.4;44.4;44.4;44.4;44.5;44.5;44.6;44.6;44.7;44.8;44.9;45.0;45.1;45.2;45.3;45.4;45.5;45.6;45.7;45.8;45.9;46.0;46.1;46.2;46.3;46.4;46.5;46.6;46.6;46.7;46.8;46.8;46.8;46.9;46.9;46.9;46.9;46.9;46.9;46.9;46.9;47.0;47.1;;;;;;;;;;;;;;;;;;;
-1.800;;;;;;;;;;;;;;;;;;;;;;;;;;;44.1;44.2;44.3;44.4;44.4;44.5;44.5;44.6;44.7;44.7;44.8;44.8;44.8;44.8;44.8;44.8;44.8;44.8;44.7;44.7;44.7;44.6;44.6;44.5;44.5;44.5;44.5;44.4;44.4;44.4;44.4;44.4;44.4;44.4;44.4;44.5;44.5;44.5;44.5;44.5;44.5;44.5;44.5;44.5;44.5;44.5;44.5;44.5;44.4;44.4;44.4;44.4;44.4;44.4;44.4;44.4;44.5;44.5;44.5;44.6;44.7;44.7;44.8;44.9;45.0;45.1;45.2;45.3;45.4;45.5;45.6;45.7;45.8;45.9;46.0;46.1;46.2;46.3;46.4;46.5;46.5;46.6;46.7;46.7;46.8;46.8;46.8;46.9;46.9;46.9;46.9;46.9;46.9;46.9;47.0;47.0;;;;;;;;;;;;;;;;;;;;
-1.900;;;;;;;;;;;;;;;;;;;;;;;;;;;44.1;44.2;44.3;44.4;44.5;44.5;44.6;44.6;44.7;44.7;44.8;44.8;44.9;44.9;44.9;44.9;44.8;44.8;44.8;44.8;44.7;44.7;44.7;44.6;44.6;44.6;44.5;44.5;44.5;44.5;44.5;44.5;44.5;44.5;44.5;44.5;44.5;44.5;44.6;44.6;44.6;44.6;44.6;44.6;44.5;44.5;44.5;44.5;44.5;44.5;44.5;44.5;44.5;44.5;44.5;44.5;44.5;44.6;44.6;44.7;44.7;44.8;44.9;45.0;45.1;45.1;45.2;45.3;45.4;45.6;45.7;45.8;45.9;46.0;46.1;46.2;46.3;46.4;46.4;46.5;46.6;46.7;46.7;46.8;46.8;46.8;46.8;46.9;46.9;46.9;46.9;46.9;46.9;46.9;47.0;47.0;;;;;;;;;;;;;;;;;;;;
-2.000;;;;;;;;;;;;;;;;;;;;;;;;;;;;44.3;44.4;44.4;44.5;44.6;44.6;44.7;44.7;44.8;44.8;44.9;44.9;44.9;44.9;44.9;44.9;44.9;44.9;44.8;44.8;44.8;44.7;44.7;44.7;44.6;44.6;44.6;44.6;44.6;44.6;44.6;44.6;44.6;44.6;44.6;44.6;44.6;44.6;44.6;44.6;44.6;44.6;44.6;44.6;44.6;44.6;44.6;44.6;44.5;44.5;44.5;44.5;44.5;44.6;44.6;44.6;44.7;44.7;44.8;44.8;44.9;45.0;45.0;45.1;45.2;45.3;45.4;45.5;45.6;45.7;45.8;46.0;46.1;46.2;46.2;46.3;46.4;46.5;46.6;46.6;46.7;46.7;46.8;46.8;46.8;46.8;46.9;46.9;46.9;46.8;46.9;46.9;46.9;47.0;47.0;;;;;;;;;;;;;;;;;;;;
-2.100;;;;;;;;;;;;;;;;;;;;;;;;;;;;44.3;44.4;44.5;44.5;44.6;44.6;44.7;44.7;44.8;44.8;44.9;44.9;44.9;45.0;45.0;44.9;44.9;44.9;44.9;44.9;44.8;44.8;44.8;44.7;44.7;44.7;44.7;44.7;44.6;44.6;44.6;44.6;44.6;44.6;44.6;44.6;44.7;44.7;44.7;44.7;44.7;44.7;44.7;44.7;44.6;44.6;44.6;44.6;44.6;44.6;44.6;44.6;44.6;44.6;44.7;44.7;44.7;44.8;44.8;44.9;45.0;45.1;45.1;45.2;45.3;45.4;45.5;45.6;45.7;45.8;45.9;46.0;46.1;46.2;46.3;46.4;46.5;46.5;46.6;46.7;46.7;46.8;46.8;46.8;46.8;46.8;46.8;46.8;46.8;46.8;46.8;46.9;46.9;47.0;;;;;;;;;;;;;;;;;;;;;
-2.200;;;;;;;;;;;;;;;;;;;;;;;;;;;;44.3;44.4;44.5;44.6;44.6;44.7;44.7;44.8;44.8;44.9;44.9;44.9;45.0;45.0;45.0;45.0;45.0;45.0;44.9;44.9;44.9;44.9;44.8;44.8;44.8;44.8;44.7;44.7;44.7;44.7;44.7;44.7;44.7;44.7;44.7;44.7;44.7;44.7;44.7;44.7;44.7;44.7;44.7;44.7;44.7;44.7;44.7;44.7;44.7;44.7;44.7;44.7;44.7;44.7;44.7;44.8;44.8;44.9;44.9;45.0;45.1;45.1;45.2;45.3;45.4;45.5;45.6;45.7;45.8;45.9;46.0;46.1;46.2;46.3;46.4;46.4;46.5;46.6;46.6;46.7;46.7;46.8;46.8;46.8;46.8;46.8;46.8;46.8;46.8;46.8;46.8;46.9;46.9;47.0;;;;;;;;;;;;;;;;;;;;;
-2.300;;;;;;;;;;;;;;;;;;;;;;;;;;;;;44.5;44.6;44.6;44.7;44.7;44.8;44.8;44.8;44.9;44.9;45.0;45.0;45.0;45.0;45.0;45.0;45.0;45.0;45.0;45.0;44.9;44.9;44.9;44.8;44.8;44.8;44.8;44.8;44.8;44.8;44.8;44.8;44.8;44.8;44.8;44.8;44.8;44.8;44.8;44.8;44.8;44.8;44.8;44.8;44.8;44.8;44.8;44.7;44.7;44.8;44.8;44.8;44.8;44.8;44.9;44.9;45.0;45.0;45.1;45.1;45.2;45.3;45.4;45.5;45.6;45.7;45.8;45.9;46.0;46.1;46.2;46.3;46.3;46.4;46.5;46.6;46.6;46.7;46.7;46.8;46.8;46.8;46.8;46.8;46.8;46.8;46.8;46.8;46.8;46.8;46.9;46.9;;;;;;;;;;;;;;;;;;;;;;
-2.400;;;;;;;;;;;;;;;;;;;;;;;;;;;;;44.5;44.6;44.7;44.8;44.8;44.8;44.9;44.9;44.9;45.0;45.0;45.0;45.1;45.1;45.1;45.1;45.1;45.0;45.0;45.0;45.0;45.0;44.9;44.9;44.9;44.9;44.9;44.8;44.8;44.8;44.8;44.8;44.8;44.8;44.8;44.8;44.8;44.8;44.9;44.9;44.9;44.9;44.8;44.8;44.8;44.8;44.8;44.8;44.8;44.8;44.8;44.9;44.9;44.9;44.9;45.0;45.0;45.1;45.2;45.2;45.3;45.4;45.5;45.6;45.7;45.8;45.9;46.0;46.0;46.1;46.2;46.3;46.4;46.5;46.5;46.6;46.7;46.7;46.7;46.8;46.8;46.8;46.8;46.8;46.8;46.8;46.8;46.8;46.8;46.8;46.8;46.9;;;;;;;;;;;;;;;;;;;;;;
-2.500;;;;;;;;;;;;;;;;;;;;;;;;;;;;;;44.7;44.8;44.8;44.9;44.9;44.9;45.0;45.0;45.0;45.0;45.0;45.1;45.1;45.1;45.1;45.1;45.1;45.1;45.1;45.0;45.0;45.0;45.0;44.9;44.9;44.9;44.9;44.9;44.9;44.9;44.9;44.9;44.9;44.9;44.9;44.9;44.9;44.9;44.9;44.9;44.9;44.9;44.9;44.9;44.9;44.9;44.9;44.9;44.9;44.9;45.0;45.0;45.0;45.0;45.1;45.1;45.2;45.3;45.3;45.4;45.5;45.6;45.7;45.7;45.8;45.9;46.0;46.1;46.2;46.3;46.4;46.4;46.5;46.6;46.6;46.7;46.7;46.8;46.8;46.8;46.8;46.8;46.8;46.8;46.8;46.8;46.8;46.8;46.8;46.8;;;;;;;;;;;;;;;;;;;;;;;
-2.600;;;;;;;;;;;;;;;;;;;;;;;;;;;;;;44.7;44.8;44.9;44.9;45.0;45.0;45.0;45.0;45.0;45.1;45.1;45.1;45.1;45.1;45.1;45.1;45.1;45.1;45.1;45.1;45.1;45.0;45.0;45.0;45.0;45.0;45.0;45.0;45.0;45.0;45.0;45.0;45.0;45.0;45.0;45.0;45.0;45.0;45.0;45.0;45.0;45.0;45.0;45.0;45.0;45.0;45.0;45.0;45.0;45.0;45.0;45.1;45.1;45.1;45.2;45.2;45.3;45.3;45.4;45.5;45.6;45.7;45.7;45.8;45.9;46.0;46.1;46.2;46.3;46.3;46.4;46.5;46.6;46.6;46.7;46.7;46.7;46.8;46.8;46.8;46.8;46.8;46.8;46.8;46.7;46.7;46.7;46.8;46.8;46.8;;;;;;;;;;;;;;;;;;;;;;;
-2.700;;;;;;;;;;;;;;;;;;;;;;;;;;;;;;;44.9;44.9;45.0;45.0;45.1;45.1;45.1;45.1;45.1;45.1;45.1;45.1;45.2;45.2;45.2;45.2;45.2;45.1;45.1;45.1;45.1;45.1;45.1;45.0;45.0;45.0;45.0;45.0;45.0;45.0;45.0;45.0;45.0;45.0;45.0;45.1;45.1;45.1;45.1;45.1;45.1;45.1;45.1;45.1;45.1;45.1;45.1;45.1;45.1;45.1;45.2;45.2;45.2;45.3;45.3;45.4;45.4;45.5;45.6;45.7;45.7;45.8;45.9;46.0;46.1;46.2;46.2;46.3;46.4;46.5;46.5;46.6;46.6;46.7;46.7;46.8;46.8;46.8;46.8;46.8;46.8;46.7;46.7;46.7;46.7;46.7;46.8;46.8;;;;;;;;;;;;;;;;;;;;;;;;
-2.800;;;;;;;;;;;;;;;;;;;;;;;;;;;;;;;;45.0;45.1;45.1;45.2;45.2;45.2;45.2;45.2;45.2;45.2;45.2;45.2;45.2;45.2;45.2;45.2;45.2;45.2;45.1;45.1;45.1;45.1;45.1;45.1;45.1;45.1;45.1;45.1;45.1;45.1;45.1;45.1;45.1;45.1;45.1;45.1;45.1;45.2;45.2;45.2;45.2;45.2;45.2;45.2;45.2;45.2;45.2;45.2;45.2;45.3;45.3;45.3;45.4;45.4;45.5;45.5;45.6;45.7;45.7;45.8;45.9;46.0;46.1;46.1;46.2;46.3;46.4;46.4;46.5;46.6;46.6;46.7;46.7;46.7;46.8;46.8;46.8;46.8;46.8;46.7;46.7;46.7;46.7;46.7;46.7;46.8;46.8;;;;;;;;;;;;;;;;;;;;;;;;
-2.900;;;;;;;;;;;;;;;;;;;;;;;;;;;;;;;;45.1;45.1;45.2;45.2;45.3;45.3;45.3;45.3;45.2;45.2;45.2;45.2;45.2;45.2;45.2;45.2;45.2;45.2;45.2;45.2;45.2;45.2;45.1;45.1;45.1;45.1;45.1;45.1;45.1;45.1;45.2;45.2;45.2;45.2;45.2;45.2;45.2;45.2;45.2;45.2;45.3;45.3;45.3;45.3;45.3;45.3;45.3;45.3;45.3;45.4;45.4;45.4;45.5;45.5;45.6;45.6;45.7;45.8;45.8;45.9;46.0;46.1;46.1;46.2;46.3;46.4;46.4;46.5;46.6;46.6;46.7;46.7;46.7;46.8;46.8;46.8;46.8;46.8;46.7;46.7;46.7;46.7;46.7;46.7;46.7;46.8;;;;;;;;;;;;;;;;;;;;;;;;;
-3.000;;;;;;;;;;;;;;;;;;;;;;;;;;;;;;;;;45.2;45.3;45.3;45.4;45.4;45.4;45.3;45.3;45.3;45.3;45.3;45.3;45.2;45.2;45.2;45.2;45.2;45.2;45.2;45.2;45.2;45.2;45.2;45.2;45.2;45.2;45.2;45.2;45.2;45.2;45.2;45.2;45.3;45.3;45.3;45.3;45.3;45.3;45.3;45.3;45.4;45.4;45.4;45.4;45.4;45.4;45.4;45.5;45.5;45.5;45.5;45.6;45.6;45.7;45.7;45.8;45.9;45.9;46.0;46.1;46.1;46.2;46.3;46.3;46.4;46.5;46.5;46.6;46.6;46.7;46.7;46.7;46.8;46.8;46.8;46.8;46.7;46.7;46.7;46.7;46.7;46.7;46.7;46.7;;;;;;;;;;;;;;;;;;;;;;;;;;
-3.100;;;;;;;;;;;;;;;;;;;;;;;;;;;;;;;;;;45.3;45.4;45.4;45.5;45.5;45.4;45.4;45.4;45.4;45.3;45.3;45.3;45.3;45.3;45.3;45.3;45.3;45.2;45.2;45.2;45.2;45.2;45.2;45.2;45.2;45.2;45.2;45.3;45.3;45.3;45.3;45.3;45.3;45.4;45.4;45.4;45.4;45.4;45.4;45.4;45.5;45.5;45.5;45.5;45.5;45.5;45.6;45.6;45.6;45.6;45.7;45.7;45.8;45.8;45.9;45.9;46.0;46.1;46.1;46.2;46.3;46.3;46.4;46.5;46.5;46.6;46.6;46.7;46.7;46.7;46.7;46.8;46.8;46.8;46.7;46.7;46.7;46.7;46.7;46.7;46.7;46.7;46.8;;;;;;;;;;;;;;;;;;;;;;;;;;
-3.200;;;;;;;;;;;;;;;;;;;;;;;;;;;;;;;;;;;45.5;45.5;45.6;45.6;45.6;45.5;45.5;45.5;45.4;45.4;45.4;45.3;45.3;45.3;45.3;45.3;45.3;45.3;45.3;45.3;45.3;45.3;45.3;45.3;45.3;45.3;45.3;45.3;45.3;45.4;45.4;45.4;45.4;45.4;45.5;45.5;45.5;45.5;45.5;45.6;45.6;45.6;45.6;45.6;45.6;45.7;45.7;45.7;45.7;45.8;45.8;45.9;45.9;46.0;46.0;46.1;46.1;46.2;46.3;46.3;46.4;46.4;46.5;46.5;46.6;46.6;46.7;46.7;46.7;46.7;46.8;46.8;46.7;46.7;46.7;46.7;46.7;46.7;46.7;46.7;46.8;;;;;;;;;;;;;;;;;;;;;;;;;;;
-3.300;;;;;;;;;;;;;;;;;;;;;;;;;;;;;;;;;;;45.5;45.6;45.7;45.7;45.7;45.7;45.6;45.6;45.5;45.5;45.4;45.4;45.4;45.3;45.3;45.3;45.3;45.3;45.3;45.3;45.3;45.3;45.3;45.3;45.3;45.3;45.4;45.4;45.4;45.4;45.5;45.5;45.5;45.5;45.5;45.6;45.6;45.6;45.6;45.6;45.7;45.7;45.7;45.7;45.7;45.8;45.8;45.8;45.8;45.9;45.9;46.0;46.0;46.0;46.1;46.2;46.2;46.3;46.3;46.4;46.4;46.5;46.5;46.6;46.6;46.7;46.7;46.7;46.7;46.7;46.8;46.7;46.7;46.7;46.7;46.7;46.7;46.7;46.7;46.8;;;;;;;;;;;;;;;;;;;;;;;;;;;;
-3.400;;;;;;;;;;;;;;;;;;;;;;;;;;;;;;;;;;;;45.7;45.8;45.8;45.8;45.8;45.8;45.7;45.7;45.6;45.5;45.5;45.4;45.4;45.4;45.4;45.3;45.3;45.3;45.3;45.3;45.3;45.4;45.4;45.4;45.4;45.4;45.4;45.5;45.5;45.5;45.5;45.6;45.6;45.6;45.6;45.7;45.7;45.7;45.7;45.8;45.8;45.8;45.8;45.8;45.9;45.9;45.9;45.9;46.0;46.0;46.0;46.1;46.1;46.2;46.2;46.3;46.3;46.4;46.4;46.5;46.5;46.6;46.6;46.6;46.7;46.7;46.7;46.7;46.7;46.7;46.7;46.7;46.7;46.7;46.7;46.7;46.7;46.8;;;;;;;;;;;;;;;;;;;;;;;;;;;;;
-3.500;;;;;;;;;;;;;;;;;;;;;;;;;;;;;;;;;;;;;45.8;45.9;45.9;45.9;45.9;45.8;45.8;45.7;45.7;45.6;45.6;45.5;45.5;45.4;45.4;45.4;45.4;45.4;45.4;45.4;45.4;45.4;45.4;45.4;45.5;45.5;45.5;45.5;45.6;45.6;45.6;45.7;45.7;45.7;45.7;45.8;45.8;45.8;45.8;45.9;45.9;45.9;45.9;46.0;46.0;46.0;46.0;46.1;46.1;46.1;46.2;46.2;46.2;46.3;46.3;46.4;46.4;46.5;46.5;46.5;46.6;46.6;46.6;46.7;46.7;46.7;46.7;46.7;46.7;46.7;46.6;46.6;46.7;46.7;46.7;46.8;;;;;;;;;;;;;;;;;;;;;;;;;;;;;;
-3.600;;;;;;;;;;;;;;;;;;;;;;;;;;;;;;;;;;;;;;46.0;46.0;46.0;46.0;46.0;45.9;45.9;45.8;45.7;45.7;45.6;45.6;45.5;45.5;45.4;45.4;45.4;45.4;45.4;45.4;45.4;45.5;45.5;45.5;45.5;45.6;45.6;45.6;45.7;45.7;45.7;45.8;45.8;45.8;45.8;45.9;45.9;45.9;45.9;46.0;46.0;46.0;46.0;46.1;46.1;46.1;46.1;46.2;46.2;46.2;46.3;46.3;46.3;46.4;46.4;46.5;46.5;46.5;46.6;46.6;46.6;46.7;46.7;46.7;46.7;46.7;46.6;46.6;46.6;46.6;46.7;46.7;46.7;46.8;46.9;;;;;;;;;;;;;;;;;;;;;;;;;;;;;;
-3.700;;;;;;;;;;;;;;;;;;;;;;;;;;;;;;;;;;;;;;;46.1;46.1;46.1;46.1;46.1;46.0;46.0;45.9;45.8;45.8;45.7;45.6;45.6;45.5;45.5;45.5;45.5;45.5;45.5;45.5;45.5;45.5;45.5;45.6;45.6;45.6;45.7;45.7;45.7;45.8;45.8;45.8;45.9;45.9;45.9;46.0;46.0;46.0;46.1;46.1;46.1;46.1;46.1;46.2;46.2;46.2;46.2;46.3;46.3;46.3;46.4;46.4;46.4;46.5;46.5;46.5;46.5;46.6;46.6;46.6;46.6;46.7;46.6;46.6;46.6;46.6;46.6;46.6;46.6;46.7;46.7;46.8;46.9;;;;;;;;;;;;;;;;;;;;;;;;;;;;;;;
-3.800;;;;;;;;;;;;;;;;;;;;;;;;;;;;;;;;;;;;;;;;46.2;46.2;46.2;46.2;46.2;46.1;46.1;46.0;45.9;45.8;45.8;45.7;45.6;45.6;45.6;45.5;45.5;45.5;45.5;45.5;45.6;45.6;45.6;45.6;45.7;45.7;45.8;45.8;45.8;45.9;45.9;45.9;46.0;46.0;46.0;46.1;46.1;46.1;46.1;46.2;46.2;46.2;46.2;46.3;46.3;46.3;46.3;46.3;46.4;46.4;46.4;46.5;46.5;46.5;46.5;46.6;46.6;46.6;46.6;46.6;46.6;46.6;46.6;46.6;46.6;46.6;46.6;46.7;46.7;46.8;;;;;;;;;;;;;;;;;;;;;;;;;;;;;;;;;
-3.900;;;;;;;;;;;;;;;;;;;;;;;;;;;;;;;;;;;;;;;;;;46.3;46.3;46.3;46.3;46.2;46.1;46.1;46.0;45.9;45.9;45.8;45.7;45.7;45.6;45.6;45.6;45.6;45.6;45.6;45.6;45.7;45.7;45.7;45.8;45.8;45.8;45.9;45.9;46.0;46.0;46.0;46.1;46.1;46.1;46.2;46.2;46.2;46.2;46.3;46.3;46.3;46.3;46.3;46.4;46.4;46.4;46.4;46.4;46.5;46.5;46.5;46.5;46.5;46.5;46.6;46.6;46.6;46.5;46.5;46.5;46.5;46.6;46.6;46.6;46.7;46.8;46.8;;;;;;;;;;;;;;;;;;;;;;;;;;;;;;;;;;
-4.000;;;;;;;;;;;;;;;;;;;;;;;;;;;;;;;;;;;;;;;;;;;46.4;46.4;46.4;46.4;46.3;46.2;46.2;46.1;46.0;45.9;45.9;45.8;45.8;45.7;45.7;45.7;45.7;45.7;45.7;45.7;45.7;45.8;45.8;45.9;45.9;45.9;46.0;46.0;46.1;46.1;46.1;46.2;46.2;46.2;46.2;46.3;46.3;46.3;46.3;46.4;46.4;46.4;46.4;46.4;46.4;46.4;46.5;46.5;46.5;46.5;46.5;46.5;46.5;46.5;46.5;46.5;46.5;46.5;46.5;46.5;46.6;46.6;46.7;46.8;46.9;;;;;;;;;;;;;;;;;;;;;;;;;;;;;;;;;;;
-4.100;;;;;;;;;;;;;;;;;;;;;;;;;;;;;;;;;;;;;;;;;;;;46.5;46.5;46.5;46.4;46.4;46.3;46.3;46.2;46.1;46.1;46.0;45.9;45.9;45.8;45.8;45.8;45.8;45.8;45.8;45.8;45.8;45.9;45.9;45.9;46.0;46.0;46.1;46.1;46.1;46.2;46.2;46.2;46.3;46.3;46.3;46.3;46.4;46.4;46.4;46.4;46.4;46.4;46.4;46.5;46.5;46.5;46.5;46.5;46.5;46.5;46.5;46.5;46.5;46.4;46.4;46.5;46.5;46.5;46.5;46.6;46.7;46.8;46.9;;;;;;;;;;;;;;;;;;;;;;;;;;;;;;;;;;;;
-4.200;;;;;;;;;;;;;;;;;;;;;;;;;;;;;;;;;;;;;;;;;;;;;;46.6;46.6;46.5;46.5;46.4;46.4;46.3;46.2;46.2;46.1;46.1;46.0;46.0;45.9;45.9;45.9;45.9;45.9;45.9;46.0;46.0;46.0;46.0;46.1;46.1;46.2;46.2;46.2;46.3;46.3;46.3;46.3;46.4;46.4;46.4;46.4;46.4;46.4;46.4;46.5;46.5;46.5;46.5;46.5;46.5;46.4;46.4;46.4;46.4;46.4;46.4;46.4;46.4;46.5;46.5;46.5;46.6;46.7;46.8;;;;;;;;;;;;;;;;;;;;;;;;;;;;;;;;;;;;;;
-4.300;;;;;;;;;;;;;;;;;;;;;;;;;;;;;;;;;;;;;;;;;;;;;;;46.6;46.6;46.6;46.6;46.5;46.4;46.4;46.3;46.3;46.2;46.2;46.1;46.1;46.1;46.1;46.1;46.1;46.1;46.1;46.1;46.1;46.2;46.2;46.2;46.2;46.3;46.3;46.3;46.4;46.4;46.4;46.4;46.4;46.5;46.5;46.5;46.5;46.5;46.5;46.5;46.5;46.5;46.4;46.4;46.4;46.4;46.4;46.4;46.4;46.4;46.4;46.4;46.5;46.5;46.6;46.7;46.8;;;;;;;;;;;;;;;;;;;;;;;;;;;;;;;;;;;;;;;
-4.400;;;;;;;;;;;;;;;;;;;;;;;;;;;;;;;;;;;;;;;;;;;;;;;;;46.7;46.7;46.6;46.6;46.5;46.5;46.4;46.4;46.4;46.3;46.3;46.3;46.2;46.2;46.2;46.2;46.2;46.3;46.3;46.3;46.3;46.3;46.4;46.4;46.4;46.4;46.5;46.5;46.5;46.5;46.5;46.5;46.5;46.5;46.5;46.5;46.5;46.5;46.5;46.5;46.4;46.4;46.4;46.4;46.4;46.4;46.4;46.4;46.4;46.5;46.5;46.6;46.7;;;;;;;;;;;;;;;;;;;;;;;;;;;;;;;;;;;;;;;;;
-4.500;;;;;;;;;;;;;;;;;;;;;;;;;;;;;;;;;;;;;;;;;;;;;;;;;;;46.7;46.7;46.7;46.6;46.6;46.6;46.5;46.5;46.5;46.4;46.4;46.4;46.4;46.4;46.4;46.4;46.4;46.4;46.5;46.5;46.5;46.5;46.5;46.6;46.6;46.6;46.6;46.6;46.6;46.6;46.6;46.6;46.6;46.5;46.5;46.5;46.5;46.5;46.4;46.4;46.4;46.4;46.4;46.4;46.4;46.4;46.4;46.5;46.6;;;;;;;;;;;;;;;;;;;;;;;;;;;;;;;;;;;;;;;;;;;
-4.600;;;;;;;;;;;;;;;;;;;;;;;;;;;;;;;;;;;;;;;;;;;;;;;;;;;;;46.7;46.7;46.7;46.7;46.6;46.6;46.6;46.6;46.6;46.6;46.6;46.6;46.6;46.6;46.6;46.6;46.6;46.6;46.6;46.7;46.7;46.7;46.7;46.7;46.7;46.7;46.7;46.7;46.6;46.6;46.6;46.6;46.5;46.5;46.5;46.5;46.4;46.4;46.4;46.4;46.4;46.4;46.4;46.5;46.5;;;;;;;;;;;;;;;;;;;;;;;;;;;;;;;;;;;;;;;;;;;;;
-4.700;;;;;;;;;;;;;;;;;;;;;;;;;;;;;;;;;;;;;;;;;;;;;;;;;;;;;;;46.7;46.7;46.7;46.7;46.7;46.7;46.7;46.7;46.7;46.7;46.7;46.7;46.7;46.7;46.7;46.7;46.8;46.8;46.8;46.8;46.8;46.8;46.8;46.8;46.7;46.7;46.7;46.7;46.6;46.6;46.6;46.5;46.5;46.4;46.4;46.4;46.4;46.4;46.4;46.4;46.4;;;;;;;;;;;;;;;;;;;;;;;;;;;;;;;;;;;;;;;;;;;;;;;
-4.800;;;;;;;;;;;;;;;;;;;;;;;;;;;;;;;;;;;;;;;;;;;;;;;;;;;;;;;;;;46.8;46.8;46.8;46.8;46.8;46.8;46.8;46.8;46.8;46.8;46.8;46.8;46.8;46.8;46.8;46.9;46.8;46.8;46.8;46.8;46.8;46.8;46.7;46.7;46.7;46.6;46.6;46.5;46.5;46.5;46.4;46.4;46.4;46.4;46.4;;;;;;;;;;;;;;;;;;;;;;;;;;;;;;;;;;;;;;;;;;;;;;;;;;
-4.900;;;;;;;;;;;;;;;;;;;;;;;;;;;;;;;;;;;;;;;;;;;;;;;;;;;;;;;;;;;;;;46.8;46.8;46.8;46.8;46.8;46.9;46.9;46.9;46.9;46.9;46.9;46.9;46.9;46.9;46.8;46.8;46.8;46.8;46.7;46.7;46.6;46.6;46.5;46.5;46.5;46.4;46.4;46.4;;;;;;;;;;;;;;;;;;;;;;;;;;;;;;;;;;;;;;;;;;;;;;;;;;;;;
-5.000;;;;;;;;;;;;;;;;;;;;;;;;;;;;;;;;;;;;;;;;;;;;;;;;;;;;;;;;;;;;;;;;;;46.8;46.8;46.8;46.8;46.8;46.8;46.8;46.8;46.8;46.8;46.8;46.8;46.7;46.7;46.6;46.6;46.5;46.5;46.4;46.4;;;;;;;;;;;;;;;;;;;;;;;;;;;;;;;;;;;;;;;;;;;;;;;;;;;;;;;;;
-5.100;;;;;;;;;;;;;;;;;;;;;;;;;;;;;;;;;;;;;;;;;;;;;;;;;;;;;;;;;;;;;;;;;;;;;;;;;;;;;;;;;;;;;;;;;;;;;;;;;;;;;;;;;;;;;;;;;;;;;;;;;;;;;;;;;;;;;;;;;;;;;;
-5.200;;;;;;;;;;;;;;;;;;;;;;;;;;;;;;;;;;;;;;;;;;;;;;;;;;;;;;;;;;;;;;;;;;;;;;;;;;;;;;;;;;;;;;;;;;;;;;;;;;;;;;;;;;;;;;;;;;;;;;;;;;;;;;;;;;;;;;;;;;;;;;
-5.300;;;;;;;;;;;;;;;;;;;;;;;;;;;;;;;;;;;;;;;;;;;;;;;;;;;;;;;;;;;;;;;;;;;;;;;;;;;;;;;;;;;;;;;;;;;;;;;;;;;;;;;;;;;;;;;;;;;;;;;;;;;;;;;;;;;;;;;;;;;;;;
-5.400;;;;;;;;;;;;;;;;;;;;;;;;;;;;;;;;;;;;;;;;;;;;;;;;;;;;;;;;;;;;;;;;;;;;;;;;;;;;;;;;;;;;;;;;;;;;;;;;;;;;;;;;;;;;;;;;;;;;;;;;;;;;;;;;;;;;;;;;;;;;;;
-5.500;;;;;;;;;;;;;;;;;;;;;;;;;;;;;;;;;;;;;;;;;;;;;;;;;;;;;;;;;;;;;;;;;;;;;;;;;;;;;;;;;;;;;;;;;;;;;;;;;;;;;;;;;;;;;;;;;;;;;;;;;;;;;;;;;;;;;;;;;;;;;;
-5.600;;;;;;;;;;;;;;;;;;;;;;;;;;;;;;;;;;;;;;;;;;;;;;;;;;;;;;;;;;;;;;;;;;;;;;;;;;;;;;;;;;;;;;;;;;;;;;;;;;;;;;;;;;;;;;;;;;;;;;;;;;;;;;;;;;;;;;;;;;;;;;
-5.700;;;;;;;;;;;;;;;;;;;;;;;;;;;;;;;;;;;;;;;;;;;;;;;;;;;;;;;;;;;;;;;;;;;;;;;;;;;;;;;;;;;;;;;;;;;;;;;;;;;;;;;;;;;;;;;;;;;;;;;;;;;;;;;;;;;;;;;;;;;;;;
-5.800;;;;;;;;;;;;;;;;;;;;;;;;;;;;;;;;;;;;;;;;;;;;;;;;;;;;;;;;;;;;;;;;;;;;;;;;;;;;;;;;;;;;;;;;;;;;;;;;;;;;;;;;;;;;;;;;;;;;;;;;;;;;;;;;;;;;;;;;;;;;;;
-5.900;;;;;;;;;;;;;;;;;;;;;;;;;;;;;;;;;;;;;;;;;;;;;;;;;;;;;;;;;;;;;;;;;;;;;;;;;;;;;;;;;;;;;;;;;;;;;;;;;;;;;;;;;;;;;;;;;;;;;;;;;;;;;;;;;;;;;;;;;;;;;;
-6.000;;;;;;;;;;;;;;;;;;;;;;;;;;;;;;;;;;;;;;;;;;;;;;;;;;;;;;;;;;;;;;;;;;;;;;;;;;;;;;;;;;;;;;;;;;;;;;;;;;;;;;;;;;;;;;;;;;;;;;;;;;;;;;;;;;;;;;;;;;;;;;
-6.100;;;;;;;;;;;;;;;;;;;;;;;;;;;;;;;;;;;;;;;;;;;;;;;;;;;;;;;;;;;;;;;;;;;;;;;;;;;;;;;;;;;;;;;;;;;;;;;;;;;;;;;;;;;;;;;;;;;;;;;;;;;;;;;;;;;;;;;;;;;;;;
-6.200;;;;;;;;;;;;;;;;;;;;;;;;;;;;;;;;;;;;;;;;;;;;;;;;;;;;;;;;;;;;;;;;;;;;;;;;;;;;;;;;;;;;;;;;;;;;;;;;;;;;;;;;;;;;;;;;;;;;;;;;;;;;;;;;;;;;;;;;;;;;;;
-6.300;;;;;;;;;;;;;;;;;;;;;;;;;;;;;;;;;;;;;;;;;;;;;;;;;;;;;;;;;;;;;;;;;;;;;;;;;;;;;;;;;;;;;;;;;;;;;;;;;;;;;;;;;;;;;;;;;;;;;;;;;;;;;;;;;;;;;;;;;;;;;;
-6.400;;;;;;;;;;;;;;;;;;;;;;;;;;;;;;;;;;;;;;;;;;;;;;;;;;;;;;;;;;;;;;;;;;;;;;;;;;;;;;;;;;;;;;;;;;;;;;;;;;;;;;;;;;;;;;;;;;;;;;;;;;;;;;;;;;;;;;;;;;;;;;
-6.500;;;;;;;;;;;;;;;;;;;;;;;;;;;;;;;;;;;;;;;;;;;;;;;;;;;;;;;;;;;;;;;;;;;;;;;;;;;;;;;;;;;;;;;;;;;;;;;;;;;;;;;;;;;;;;;;;;;;;;;;;;;;;;;;;;;;;;;;;;;;;;
-6.600;;;;;;;;;;;;;;;;;;;;;;;;;;;;;;;;;;;;;;;;;;;;;;;;;;;;;;;;;;;;;;;;;;;;;;;;;;;;;;;;;;;;;;;;;;;;;;;;;;;;;;;;;;;;;;;;;;;;;;;;;;;;;;;;;;;;;;;;;;;;;;
-6.700;;;;;;;;;;;;;;;;;;;;;;;;;;;;;;;;;;;;;;;;;;;;;;;;;;;;;;;;;;;;;;;;;;;;;;;;;;;;;;;;;;;;;;;;;;;;;;;;;;;;;;;;;;;;;;;;;;;;;;;;;;;;;;;;;;;;;;;;;;;;;;
-6.800;;;;;;;;;;;;;;;;;;;;;;;;;;;;;;;;;;;;;;;;;;;;;;;;;;;;;;;;;;;;;;;;;;;;;;;;;;;;;;;;;;;;;;;;;;;;;;;;;;;;;;;;;;;;;;;;;;;;;;;;;;;;;;;;;;;;;;;;;;;;;;
-6.900;;;;;;;;;;;;;;;;;;;;;;;;;;;;;;;;;;;;;;;;;;;;;;;;;;;;;;;;;;;;;;;;;;;;;;;;;;;;;;;;;;;;;;;;;;;;;;;;;;;;;;;;;;;;;;;;;;;;;;;;;;;;;;;;;;;;;;;;;;;;;;
-7.000;;;;;;;;;;;;;;;;;;;;;;;;;;;;;;;;;;;;;;;;;;;;;;;;;;;;;;;;;;;;;;;;;;;;;;;;;;;;;;;;;;;;;;;;;;;;;;;;;;;;;;;;;;;;;;;;;;;;;;;;;;;;;;;;;;;;;;;;;;;;;;
[SYSTEM];;
Name;Pentacam;
Version;1.25r15;
SerialNo;0035  0250;
Registered User;...;
File Date;19-06-2024;
Matrixsize X;141;
Matrixsize Y;141;
Matrix-Res. X/Y;100;

[PATIENT];;
LastName;01 Demo AXL;
FirstName;Long Eye;
Eye;OS;
DateOfBirth;30-04-1953;
Sex;...;
PatientID;high asti;

[EXAMINATION];;
Date;16-05-2024;
Time;12:55:17;
Surgeon;...;
OP;...;
TestNo;...;
Comments;...;
Max. Diameter;12.27;

[GENERAL DATA];;
Cornea Front Rh;7.70;
Cornea Front Rv;7.45;
Cornea Front Axis;170.0;
Cornea Front Astig;1.4;
Cornea Front Exz;-0.36;Q-val. (8mm);
Pachy Apex;526;
Pachy Min;519;
Pachy Min X;0.89;
Pachy Min Y;-0.48;
Chamber Height;2.60;
Chamber Angle;33.69;
KKS;# -;
QS Status;OK;
QS Error;0;
K Max (Front);45.68;
K Max X (Front);0.27;
K Max Y (Front);1.70;

[PUPIL];
Pupil Dia;2.70;
XPupil;341;
YPupil;-82;

X;Y;
1668;0;
1665;41;
1661;82;
1656;122;
1650;163;
1643;203;
1635;242;
1625;282;
1614;321;
1602;360;
1590;398;
1576;436;
1560;473;
1544;510;
1527;546;
1509;582;
1490;617;
1470;651;
1448;685;
1426;718;
1403;750;
1380;782;
1355;812;
1330;842;
1303;871;
1276;899;
1249;926;
1221;953;
1191;978;
1162;1002;
1131;1025;
1101;1048;
1070;1070;
1038;1090;
1006;1109;
973;1128;
940;1145;
907;1162;
873;1177;
839;1192;
805;1205;
771;1217;
736;1229;
702;1239;
667;1248;
632;1256;
598;1264;
563;1270;
528;1275;
494;1280;
459;1283;
425;1285;
390;1287;
356;1287;
322;1287;
289;1286;
255;1284;
222;1281;
189;1277;
157;1273;
125;1268;
93;1262;
62;1255;
31;1247;
0;1239;
-30;1230;
-60;1221;
-89;1211;
-118;1200;
-147;1189;
-175;1177;
-202;1165;
-229;1152;
-256;1138;
-282;1124;
-307;1110;
-332;1095;
-357;1080;
-381;1064;
-404;1048;
-427;1032;
-450;1015;
-472;998;
-494;981;
-515;963;
-535;945;
-555;927;
-575;908;
-594;890;
-613;871;
-631;851;
-649;831;
-666;812;
-683;792;
-700;772;
-715;751;
-731;731;
-746;710;
-761;689;
-775;668;
-788;647;
-801;625;
-814;604;
-827;582;
-839;561;
-850;539;
-861;516;
-872;494;
-882;472;
-892;449;
-902;426;
-910;404;
-919;381;
-927;358;
-935;335;
-942;311;
-949;288;
-955;264;
-961;241;
-967;217;
-972;193;
-977;169;
-981;145;
-985;121;
-988;97;
-992;73;
-994;49;
-996;24;
-997;0;
-999;-25;
-1000;-49;
-1001;-74;
-1001;-99;
-1000;-123;
-999;-148;
-998;-173;
-997;-198;
-994;-223;
-991;-248;
-988;-273;
-985;-299;
-981;-324;
-976;-349;
-971;-375;
-965;-400;
-959;-425;
-953;-451;
-946;-476;
-938;-501;
-930;-527;
-921;-552;
-912;-578;
-902;-603;
-892;-628;
-881;-653;
-869;-678;
-857;-704;
-845;-729;
-832;-754;
-817;-778;
-803;-803;
-788;-828;
-772;-852;
-756;-876;
-739;-900;
-721;-924;
-703;-948;
-684;-971;
-664;-994;
-644;-1017;
-623;-1039;
-601;-1061;
-579;-1083;
-556;-1105;
-533;-1126;
-508;-1147;
-483;-1167;
-458;-1186;
-431;-1206;
-404;-1224;
-377;-1242;
-349;-1260;
-320;-1277;
-290;-1293;
-260;-1309;
-230;-1324;
-199;-1338;
-167;-1352;
-134;-1364;
-102;-1376;
-68;-1387;
-34;-1398;
0;-1407;
35;-1416;
70;-1423;
105;-1430;
141;-1436;
178;-1440;
214;-1444;
251;-1447;
288;-1448;
325;-1449;
363;-1448;
400;-1447;
438;-1444;
476;-1440;
514;-1435;
551;-1429;
589;-1423;
627;-1414;
664;-1404;
702;-1394;
739;-1382;
776;-1369;
812;-1355;
848;-1340;
884;-1324;
920;-1306;
955;-1288;
990;-1269;
1024;-1248;
1057;-1226;
1090;-1203;
1123;-1179;
1155;-1155;
1186;-1129;
1216;-1102;
1245;-1074;
1274;-1046;
1302;-1016;
1329;-986;
1355;-954;
1380;-922;
1405;-890;
1428;-856;
1451;-822;
1472;-787;
1492;-751;
1512;-715;
1530;-678;
1548;-641;
1563;-603;
1578;-565;
1592;-526;
1605;-487;
1617;-447;
1627;-408;
1636;-367;
1644;-327;
1652;-287;
1658;-246;
1662;-205;
1665;-164;
1668;-123;
1669;-82;
1669;-41;
[CORNEA EDGE];;
Cornea Center Pos X (related to apex, [mm]);0.50;
Cornea Center Pos Y (related to apex, [mm]);-0.04;
Iris Image existing in Examination;1;
Iris Image Apex Pixel Position X;376.03;
Iris Image Apex Pixel Position Y;243.91;
Iris Image mm per Pixel;0.0210;
Left Cornea-Edge X (related to Apex, [µm]);Left Cornea-Edge Y (related to Apex, [µm]);
-5171;1657;
-5220;1459;
-5263;1259;
-5300;1059;
-5331;859;
-5356;657;
-5375;455;
-5388;253;
-5394;51;
-5394;-151;
-5388;-353;
-5376;-555;
-5357;-756;
-5333;-957;
-5302;-1157;
-5265;-1356;
-5223;-1553;
-5174;-1750;
-5121;-1946;
-5061;-2140;
-4997;-2333;
-4927;-2525;
-4852;-2715;
-4772;-2904;
;;
;;
;;
;;
;;
;;
;;
;;
;;
;;
;;
;;
;;
;;
;;
;;
Right Cornea-Edge X (related to Apex, [µm]);Right Cornea-Edge Y (related to Apex, [µm]);
5662;-3089;
5752;-2898;
5836;-2705;
5916;-2511;
5990;-2314;
6059;-2116;
6121;-1917;
6178;-1715;
6229;-1512;
6274;-1308;
6312;-1102;
6343;-896;
6368;-688;
6386;-479;
6397;-270;
6401;-61;
6398;149;
6388;359;
6372;568;
6348;776;
6317;984;
6280;1191;
6236;1397;
6186;1602;
;;
;;
;;
;;
;;
;;
;;
;;
;;
;;
;;
;;
;;
;;
;;
;;
[GENERAL DATA 2];;
Chamber Angle @ 180°;33.7;
Chamber Angle @ 0°;35.2;
Chamber Volume [mm³];119;
AXL Axial Length [mm];;
AXL SNR;;
HWTW;11.8;
