ELEVATION RELATIVE BFS FRONT 8mm zone;-7.000;-6.900;-6.800;-6.700;-6.600;-6.500;-6.400;-6.300;-6.200;-6.100;-6.000;-5.900;-5.800;-5.700;-5.600;-5.500;-5.400;-5.300;-5.200;-5.100;-5.000;-4.900;-4.800;-4.700;-4.600;-4.500;-4.400;-4.300;-4.200;-4.100;-4.000;-3.900;-3.800;-3.700;-3.600;-3.500;-3.400;-3.300;-3.200;-3.100;-3.000;-2.900;-2.800;-2.700;-2.600;-2.500;-2.400;-2.300;-2.200;-2.100;-2.000;-1.900;-1.800;-1.700;-1.600;-1.500;-1.400;-1.300;-1.200;-1.100;-1.000;-0.900;-0.800;-0.700;-0.600;-0.500;-0.400;-0.300;-0.200;-0.100;0.000;0.100;0.200;0.300;0.400;0.500;0.600;0.700;0.800;0.900;1.000;1.100;1.200;1.300;1.400;1.500;1.600;1.700;1.800;1.900;2.000;2.100;2.200;2.300;2.400;2.500;2.600;2.700;2.800;2.900;3.000;3.100;3.200;3.300;3.400;3.500;3.600;3.700;3.800;3.900;4.000;4.100;4.200;4.300;4.400;4.500;4.600;4.700;4.800;4.900;5.000;5.100;5.200;5.300;5.400;5.500;5.600;5.700;5.800;5.900;6.000;6.100;6.200;6.300;6.400;6.500;6.600;6.700;6.800;6.900;7.000;
7.000;;;;;;;;;;;;;;;;;;;;;;;;;;;;;;;;;;;;;;;;;;;;;;;;;;;;;;;;;;;;;;;;;;;;;;;;;;;;;;;;;;;;;;;;;;;;;;;;;;;;;;;;;;;;;;;;;;;;;;;;;;;;;;;;;;;;;;;;;;;;;;
6.900;;;;;;;;;;;;;;;;;;;;;;;;;;;;;;;;;;;;;;;;;;;;;;;;;;;;;;;;;;;;;;;;;;;;;;;;;;;;;;;;;;;;;;;;;;;;;;;;;;;;;;;;;;;;;;;;;;;;;;;;;;;;;;;;;;;;;;;;;;;;;;
6.800;;;;;;;;;;;;;;;;;;;;;;;;;;;;;;;;;;;;;;;;;;;;;;;;;;;;;;;;;;;;;;;;;;;;;;;;;;;;;;;;;;;;;;;;;;;;;;;;;;;;;;;;;;;;;;;;;;;;;;;;;;;;;;;;;;;;;;;;;;;;;;
6.700;;;;;;;;;;;;;;;;;;;;;;;;;;;;;;;;;;;;;;;;;;;;;;;;;;;;;;;;;;;;;;;;;;;;;;;;;;;;;;;;;;;;;;;;;;;;;;;;;;;;;;;;;;;;;;;;;;;;;;;;;;;;;;;;;;;;;;;;;;;;;;
6.600;;;;;;;;;;;;;;;;;;;;;;;;;;;;;;;;;;;;;;;;;;;;;;;;;;;;;;;;;;;;;;;;;;;;;;;;;;;;;;;;;;;;;;;;;;;;;;;;;;;;;;;;;;;;;;;;;;;;;;;;;;;;;;;;;;;;;;;;;;;;;;
6.500;;;;;;;;;;;;;;;;;;;;;;;;;;;;;;;;;;;;;;;;;;;;;;;;;;;;;;;;;;;;;;;;;;;;;;;;;;;;;;;;;;;;;;;;;;;;;;;;;;;;;;;;;;;;;;;;;;;;;;;;;;;;;;;;;;;;;;;;;;;;;;
6.400;;;;;;;;;;;;;;;;;;;;;;;;;;;;;;;;;;;;;;;;;;;;;;;;;;;;;;;;;;;;;;;;;;;;;;;;;;;;;;;;;;;;;;;;;;;;;;;;;;;;;;;;;;;;;;;;;;;;;;;;;;;;;;;;;;;;;;;;;;;;;;
6.300;;;;;;;;;;;;;;;;;;;;;;;;;;;;;;;;;;;;;;;;;;;;;;;;;;;;;;;;;;;;;;;;;;;;;;;;;;;;;;;;;;;;;;;;;;;;;;;;;;;;;;;;;;;;;;;;;;;;;;;;;;;;;;;;;;;;;;;;;;;;;;
6.200;;;;;;;;;;;;;;;;;;;;;;;;;;;;;;;;;;;;;;;;;;;;;;;;;;;;;;;;;;;;;;;;;;;;;;;;;;;;;;;;;;;;;;;;;;;;;;;;;;;;;;;;;;;;;;;;;;;;;;;;;;;;;;;;;;;;;;;;;;;;;;
6.100;;;;;;;;;;;;;;;;;;;;;;;;;;;;;;;;;;;;;;;;;;;;;;;;;;;;;;;;;;;;;;;;;;;;;;;;;;;;;;;;;;;;;;;;;;;;;;;;;;;;;;;;;;;;;;;;;;;;;;;;;;;;;;;;;;;;;;;;;;;;;;
6.000;;;;;;;;;;;;;;;;;;;;;;;;;;;;;;;;;;;;;;;;;;;;;;;;;;;;;;;;;;;;;;;;;;;;;;;;;;;;;;;;;;;;;;;;;;;;;;;;;;;;;;;;;;;;;;;;;;;;;;;;;;;;;;;;;;;;;;;;;;;;;;
5.900;;;;;;;;;;;;;;;;;;;;;;;;;;;;;;;;;;;;;;;;;;;;;;;;;;;;;;;;;;;;;;;;;;;;;;;;;;;;;;;;;;;;;;;;;;;;;;;;;;;;;;;;;;;;;;;;;;;;;;;;;;;;;;;;;;;;;;;;;;;;;;
5.800;;;;;;;;;;;;;;;;;;;;;;;;;;;;;;;;;;;;;;;;;;;;;;;;;;;;;;;;;;;;;;;;;;;;;;;;;;;;;;;;;;;;;;;;;;;;;;;;;;;;;;;;;;;;;;;;;;;;;;;;;;;;;;;;;;;;;;;;;;;;;;
5.700;;;;;;;;;;;;;;;;;;;;;;;;;;;;;;;;;;;;;;;;;;;;;;;;;;;;;;;;;;;;;;;;;;;;;;;;;;;;;;;;;;;;;;;;;;;;;;;;;;;;;;;;;;;;;;;;;;;;;;;;;;;;;;;;;;;;;;;;;;;;;;
5.600;;;;;;;;;;;;;;;;;;;;;;;;;;;;;;;;;;;;;;;;;;;;;;;;;;;;;;;;;;;;;;;;;;;;;;;;;;;;;;;;;;;;;;;;;;;;;;;;;;;;;;;;;;;;;;;;;;;;;;;;;;;;;;;;;;;;;;;;;;;;;;
5.500;;;;;;;;;;;;;;;;;;;;;;;;;;;;;;;;;;;;;;;;;;;;;;;;;;;;;;;;;;;;;;;;;;;;;;;;;;;;;;;;;;;;;;;;;;;;;;;;;;;;;;;;;;;;;;;;;;;;;;;;;;;;;;;;;;;;;;;;;;;;;;
5.400;;;;;;;;;;;;;;;;;;;;;;;;;;;;;;;;;;;;;;;;;;;;;;;;;;;;;;;;;;;;;;;;;;;;;;;;;;;;;;;;;;;;;;;;;;;;;;;;;;;;;;;;;;;;;;;;;;;;;;;;;;;;;;;;;;;;;;;;;;;;;;
5.300;;;;;;;;;;;;;;;;;;;;;;;;;;;;;;;;;;;;;;;;;;;;;;;;;;;;;;;;;;;;;;;;;;;;;;;;;;;;;;;;;;;;;;;;;;;;;;;;;;;;;;;;;;;;;;;;;;;;;;;;;;;;;;;;;;;;;;;;;;;;;;
5.200;;;;;;;;;;;;;;;;;;;;;;;;;;;;;;;;;;;;;;;;;;;;;;;;;;;;;;;;;114.1;110.3;107.0;104.3;102.1;100.4;99.2;98.5;98.3;98.5;99.2;100.4;102.0;104.0;106.5;109.5;112.8;116.6;;;;;;;;;;;;;;;;;;;;;;;;;;;;;;;;;;;;;;;;;;;;;;;;;;;;;;;;;;;;;;;;;;;;
5.100;;;;;;;;;;;;;;;;;;;;;;;;;;;;;;;;;;;;;;;;;;;;;;;;;;;;123.3;116.9;111.1;105.8;101.2;97.1;93.5;90.5;88.0;85.9;84.4;83.3;82.7;82.5;82.8;83.4;84.6;86.1;88.1;90.5;93.3;96.5;100.1;104.1;108.6;113.4;118.6;124.2;;;;;;;;;;;;;;;;;;;;;;;;;;;;;;;;;;;;;;;;;;;;;;;;;;;;;;;;;;;;;;;
5.000;;;;;;;;;;;;;;;;;;;;;;;;;;;;;;;;;;;;;;;;;;;;;;;;;127.8;119.8;112.5;105.9;99.9;94.4;89.6;85.2;81.4;78.1;75.3;72.9;71.0;69.6;68.6;68.0;67.9;68.1;68.8;69.9;71.3;73.2;75.4;78.1;81.1;84.5;88.3;92.5;97.0;102.0;107.3;113.1;119.2;125.7;;;;;;;;;;;;;;;;;;;;;;;;;;;;;;;;;;;;;;;;;;;;;;;;;;;;;;;;;;;;
4.900;;;;;;;;;;;;;;;;;;;;;;;;;;;;;;;;;;;;;;;;;;;;;;136.7;127.2;118.4;110.3;102.9;96.1;89.9;84.2;79.1;74.6;70.6;67.0;63.9;61.3;59.1;57.4;56.1;55.1;54.6;54.5;54.7;55.3;56.3;57.6;59.4;61.5;63.9;66.7;69.9;73.5;77.4;81.6;86.3;91.3;96.7;102.4;108.6;115.1;122.0;129.3;;;;;;;;;;;;;;;;;;;;;;;;;;;;;;;;;;;;;;;;;;;;;;;;;;;;;;;;;
4.800;;;;;;;;;;;;;;;;;;;;;;;;;;;;;;;;;;;;;;;;;;;150.5;139.2;128.8;119.1;110.2;102.0;94.4;87.4;81.1;75.3;70.0;65.3;61.1;57.3;54.0;51.2;48.7;46.7;45.1;43.8;43.0;42.5;42.3;42.6;43.1;44.0;45.2;46.8;48.7;51.0;53.6;56.6;59.8;63.5;67.4;71.7;76.4;81.4;86.8;92.6;98.7;105.2;112.0;119.3;126.9;134.9;;;;;;;;;;;;;;;;;;;;;;;;;;;;;;;;;;;;;;;;;;;;;;;;;;;;;;
4.700;;;;;;;;;;;;;;;;;;;;;;;;;;;;;;;;;;;;;;;;;156.0;143.7;132.4;121.8;112.0;102.9;94.6;86.9;79.8;73.3;67.4;62.0;57.1;52.7;48.8;45.3;42.3;39.6;37.4;35.5;34.0;32.8;32.0;31.5;31.4;31.6;32.1;32.9;34.0;35.5;37.2;39.3;41.7;44.4;47.4;50.7;54.3;58.3;62.6;67.3;72.3;77.6;83.3;89.4;95.8;102.6;109.8;117.4;125.3;133.7;;;;;;;;;;;;;;;;;;;;;;;;;;;;;;;;;;;;;;;;;;;;;;;;;;;;
4.600;;;;;;;;;;;;;;;;;;;;;;;;;;;;;;;;;;;;;;;163.7;150.3;138.0;126.5;115.8;105.9;96.7;88.2;80.5;73.3;66.7;60.6;55.1;50.1;45.6;41.5;37.9;34.7;31.8;29.4;27.3;25.6;24.2;23.1;22.3;21.9;21.7;21.9;22.3;23.1;24.1;25.4;27.0;28.9;31.0;33.5;36.2;39.3;42.6;46.3;50.2;54.5;59.1;64.0;69.3;74.9;80.9;87.2;94.0;101.1;108.6;116.5;124.8;133.5;;;;;;;;;;;;;;;;;;;;;;;;;;;;;;;;;;;;;;;;;;;;;;;;;;
4.500;;;;;;;;;;;;;;;;;;;;;;;;;;;;;;;;;;;;;173.4;158.9;145.5;132.9;121.3;110.5;100.5;91.3;82.7;74.8;67.6;60.9;54.8;49.2;44.1;39.4;35.3;31.5;28.1;25.2;22.5;20.3;18.4;16.8;15.4;14.5;13.7;13.3;13.1;13.3;13.7;14.3;15.2;16.4;17.8;19.5;21.5;23.7;26.2;29.0;32.0;35.4;39.0;42.9;47.1;51.7;56.5;61.7;67.2;73.1;79.3;86.0;93.0;100.4;108.2;116.4;125.1;134.3;;;;;;;;;;;;;;;;;;;;;;;;;;;;;;;;;;;;;;;;;;;;;;;;
4.400;;;;;;;;;;;;;;;;;;;;;;;;;;;;;;;;;;;;169.7;155.1;141.4;128.8;117.0;106.2;96.1;86.8;78.1;70.2;62.8;56.1;49.9;44.2;39.0;34.3;30.0;26.2;22.7;19.6;16.9;14.5;12.4;10.6;9.1;7.9;7.0;6.3;5.9;5.7;5.8;6.2;6.8;7.6;8.6;9.9;11.4;13.2;15.2;17.5;20.0;22.8;25.8;29.1;32.7;36.6;40.7;45.2;49.9;55.0;60.4;66.2;72.3;78.8;85.7;93.0;100.8;109.0;117.6;126.7;136.3;;;;;;;;;;;;;;;;;;;;;;;;;;;;;;;;;;;;;;;;;;;;;;
4.300;;;;;;;;;;;;;;;;;;;;;;;;;;;;;;;;;;182.5;166.6;151.7;138.0;125.2;113.4;102.4;92.3;82.8;74.2;66.1;58.7;51.9;45.7;39.9;34.7;29.9;25.6;21.6;18.1;14.9;12.1;9.6;7.3;5.4;3.8;2.4;1.3;0.5;-0.2;-0.5;-0.7;-0.6;-0.4;0.2;0.9;1.8;3.0;4.4;5.9;7.8;9.8;12.1;14.6;17.4;20.4;23.6;27.1;30.9;35.0;39.4;44.0;49.0;54.3;60.0;66.0;72.4;79.2;86.4;94.1;102.2;110.8;119.9;129.5;;;;;;;;;;;;;;;;;;;;;;;;;;;;;;;;;;;;;;;;;;;;;
4.200;;;;;;;;;;;;;;;;;;;;;;;;;;;;;;;;;180.5;164.3;149.3;135.4;122.5;110.5;99.5;89.2;79.7;71.0;62.9;55.4;48.6;42.3;36.5;31.2;26.4;22.0;18.0;14.4;11.1;8.2;5.6;3.3;1.3;-0.4;-1.9;-3.2;-4.2;-5.0;-5.6;-6.0;-6.1;-6.1;-5.8;-5.4;-4.8;-3.9;-2.9;-1.6;-0.2;1.4;3.3;5.3;7.6;10.1;12.8;15.8;19.0;22.5;26.2;30.2;34.4;39.0;43.9;49.1;54.6;60.5;66.8;73.5;80.7;88.3;96.4;104.9;114.1;123.7;133.9;;;;;;;;;;;;;;;;;;;;;;;;;;;;;;;;;;;;;;;;;;;
4.100;;;;;;;;;;;;;;;;;;;;;;;;;;;;;;;196.8;179.0;162.6;147.3;133.3;120.2;108.2;97.0;86.7;77.1;68.3;60.2;52.7;45.8;39.5;33.6;28.3;23.4;19.0;15.0;11.3;8.0;5.1;2.4;0.0;-2.1;-3.9;-5.5;-6.9;-8.0;-9.0;-9.7;-10.2;-10.6;-10.8;-10.7;-10.5;-10.1;-9.6;-8.8;-7.9;-6.8;-5.5;-4.0;-2.4;-0.5;1.6;3.8;6.3;9.0;11.9;15.1;18.4;22.1;26.0;30.1;34.6;39.4;44.5;49.9;55.8;62.0;68.6;75.7;83.2;91.3;99.9;109.0;118.7;129.0;;;;;;;;;;;;;;;;;;;;;;;;;;;;;;;;;;;;;;;;;;
4.000;;;;;;;;;;;;;;;;;;;;;;;;;;;;;;196.4;178.3;161.6;146.2;131.9;118.7;106.5;95.3;84.8;75.2;66.3;58.2;50.6;43.7;37.3;31.5;26.1;21.2;16.7;12.7;9.0;5.6;2.6;-0.1;-2.5;-4.7;-6.6;-8.3;-9.7;-11.0;-12.0;-12.9;-13.6;-14.1;-14.4;-14.6;-14.6;-14.4;-14.0;-13.6;-12.9;-12.1;-11.1;-9.9;-8.6;-7.0;-5.3;-3.5;-1.4;0.8;3.3;5.9;8.8;11.9;15.2;18.8;22.6;26.7;31.1;35.7;40.8;46.1;51.9;58.0;64.6;71.6;79.1;87.2;95.8;105.0;114.7;125.2;;;;;;;;;;;;;;;;;;;;;;;;;;;;;;;;;;;;;;;;;
3.900;;;;;;;;;;;;;;;;;;;;;;;;;;;;;196.6;178.1;161.2;145.4;131.0;117.6;105.4;93.9;83.5;73.7;64.8;56.6;49.0;42.0;35.6;29.7;24.3;19.4;14.9;10.8;7.1;3.7;0.7;-2.1;-4.5;-6.7;-8.7;-10.4;-12.0;-13.3;-14.5;-15.4;-16.2;-16.8;-17.3;-17.6;-17.8;-17.8;-17.6;-17.3;-16.9;-16.3;-15.5;-14.6;-13.6;-12.3;-11.0;-9.4;-7.7;-5.9;-3.8;-1.6;0.8;3.4;6.3;9.3;12.5;16.0;19.8;23.8;28.1;32.7;37.6;42.9;48.6;54.7;61.2;68.2;75.7;83.8;92.4;101.7;111.6;122.2;;;;;;;;;;;;;;;;;;;;;;;;;;;;;;;;;;;;;;;;
3.800;;;;;;;;;;;;;;;;;;;;;;;;;;;;197.6;178.8;161.4;145.6;130.8;117.3;104.8;93.3;82.6;72.9;63.8;55.6;47.9;40.9;34.4;28.5;23.0;18.1;13.5;9.4;5.7;2.3;-0.8;-3.5;-6.0;-8.3;-10.3;-12.1;-13.6;-15.0;-16.3;-17.3;-18.2;-18.9;-19.5;-19.9;-20.2;-20.3;-20.3;-20.2;-19.9;-19.5;-18.9;-18.2;-17.4;-16.4;-15.3;-14.1;-12.7;-11.1;-9.4;-7.5;-5.5;-3.3;-0.9;1.7;4.4;7.4;10.6;14.0;17.7;21.6;25.9;30.4;35.3;40.5;46.2;52.2;58.7;65.7;73.3;81.4;90.1;99.5;109.6;120.4;131.9;;;;;;;;;;;;;;;;;;;;;;;;;;;;;;;;;;;;;;
3.700;;;;;;;;;;;;;;;;;;;;;;;;;;;199.3;180.0;162.3;146.0;131.1;117.3;104.7;93.0;82.3;72.4;63.3;54.9;47.2;40.0;33.5;27.5;22.1;17.1;12.5;8.4;4.6;1.2;-1.8;-4.6;-7.2;-9.4;-11.5;-13.3;-14.9;-16.4;-17.7;-18.8;-19.7;-20.5;-21.2;-21.7;-22.1;-22.3;-22.4;-22.4;-22.3;-22.0;-21.6;-21.1;-20.5;-19.7;-18.8;-17.8;-16.6;-15.3;-13.9;-12.3;-10.6;-8.7;-6.7;-4.5;-2.2;0.4;3.1;6.0;9.1;12.5;16.1;20.0;24.2;28.7;33.5;38.7;44.3;50.3;56.8;63.9;71.5;79.7;88.5;98.0;108.3;119.3;131.2;;;;;;;;;;;;;;;;;;;;;;;;;;;;;;;;;;;;;
3.600;;;;;;;;;;;;;;;;;;;;;;;;;;201.8;182.1;163.9;147.4;132.1;118.1;105.2;93.4;82.5;72.5;63.2;54.8;46.9;39.8;33.1;27.1;21.6;16.6;12.0;7.8;4.0;0.6;-2.5;-5.3;-7.9;-10.2;-12.3;-14.1;-15.8;-17.3;-18.6;-19.8;-20.8;-21.7;-22.4;-23.0;-23.5;-23.8;-24.0;-24.1;-24.1;-23.9;-23.6;-23.2;-22.7;-22.1;-21.4;-20.5;-19.5;-18.5;-17.2;-15.9;-14.5;-12.9;-11.2;-9.3;-7.3;-5.1;-2.8;-0.3;2.4;5.2;8.3;11.7;15.2;19.0;23.2;27.6;32.4;37.6;43.2;49.2;55.8;62.9;70.6;78.9;87.9;97.6;108.1;119.4;131.5;;;;;;;;;;;;;;;;;;;;;;;;;;;;;;;;;;;;
3.500;;;;;;;;;;;;;;;;;;;;;;;;;205.2;184.7;166.2;149.1;133.6;119.2;106.2;94.1;83.1;72.9;63.6;54.9;47.0;39.7;33.1;26.9;21.4;16.3;11.7;7.5;3.7;0.2;-2.9;-5.8;-8.3;-10.7;-12.8;-14.7;-16.4;-17.9;-19.3;-20.5;-21.6;-22.5;-23.3;-24.0;-24.5;-24.9;-25.2;-25.4;-25.4;-25.4;-25.2;-24.9;-24.5;-24.0;-23.4;-22.7;-21.8;-20.9;-19.9;-18.7;-17.5;-16.1;-14.6;-13.0;-11.3;-9.5;-7.5;-5.3;-3.0;-0.6;2.1;4.9;7.9;11.2;14.7;18.5;22.6;27.0;31.8;37.0;42.6;48.7;55.3;62.5;70.3;78.7;88.0;97.9;108.7;120.2;132.8;;;;;;;;;;;;;;;;;;;;;;;;;;;;;;;;;;;
3.400;;;;;;;;;;;;;;;;;;;;;;;;209.4;188.4;169.2;151.8;135.7;121.1;107.7;95.5;84.2;73.9;64.3;55.6;47.5;40.2;33.4;27.2;21.6;16.4;11.7;7.5;3.7;0.2;-3.0;-5.8;-8.4;-10.8;-12.9;-14.8;-16.6;-18.2;-19.6;-20.9;-22.0;-23.0;-23.8;-24.6;-25.2;-25.7;-26.0;-26.3;-26.4;-26.4;-26.3;-26.1;-25.8;-25.4;-24.9;-24.3;-23.5;-22.7;-21.8;-20.8;-19.7;-18.5;-17.2;-15.8;-14.3;-12.7;-11.0;-9.2;-7.2;-5.1;-2.8;-0.4;2.3;5.1;8.1;11.3;14.8;18.6;22.6;27.0;31.8;37.0;42.7;48.9;55.6;62.9;70.8;79.5;88.9;99.1;110.2;122.2;135.0;;;;;;;;;;;;;;;;;;;;;;;;;;;;;;;;;;
3.300;;;;;;;;;;;;;;;;;;;;;;;214.6;192.7;173.0;154.9;138.5;123.4;109.8;97.2;85.7;75.2;65.5;56.6;48.4;40.9;34.0;27.7;22.0;16.8;12.1;7.8;3.9;0.4;-2.8;-5.7;-8.3;-10.7;-12.8;-14.8;-16.6;-18.2;-19.6;-20.9;-22.1;-23.2;-24.1;-24.8;-25.5;-26.1;-26.5;-26.8;-27.0;-27.1;-27.1;-27.0;-26.8;-26.4;-26.0;-25.5;-24.9;-24.2;-23.4;-22.4;-21.4;-20.4;-19.2;-18.0;-16.7;-15.2;-13.7;-12.1;-10.4;-8.5;-6.6;-4.5;-2.2;0.2;2.8;5.5;8.5;11.8;15.2;19.0;23.1;27.5;32.3;37.5;43.3;49.5;56.4;63.8;72.0;80.8;90.6;101.1;112.5;124.8;;;;;;;;;;;;;;;;;;;;;;;;;;;;;;;;;;
3.200;;;;;;;;;;;;;;;;;;;;;;220.8;198.2;177.6;159.0;142.0;126.6;112.4;99.6;87.8;77.1;67.1;58.1;49.7;42.1;35.1;28.7;22.9;17.6;12.8;8.5;4.5;1.0;-2.2;-5.1;-7.8;-10.2;-12.4;-14.4;-16.2;-17.8;-19.3;-20.7;-21.9;-23.0;-24.0;-24.8;-25.5;-26.1;-26.6;-27.0;-27.3;-27.5;-27.5;-27.5;-27.4;-27.2;-26.8;-26.4;-25.9;-25.3;-24.5;-23.8;-22.9;-21.9;-20.8;-19.7;-18.4;-17.1;-15.7;-14.3;-12.8;-11.1;-9.4;-7.6;-5.6;-3.5;-1.3;1.1;3.7;6.4;9.4;12.6;16.1;19.9;23.9;28.4;33.3;38.6;44.4;50.8;57.8;65.5;73.8;83.0;93.0;103.9;115.7;128.5;;;;;;;;;;;;;;;;;;;;;;;;;;;;;;;;;
3.100;;;;;;;;;;;;;;;;;;;;;;204.4;183.1;163.7;146.2;130.2;115.7;102.4;90.4;79.3;69.2;59.9;51.4;43.5;36.4;29.9;24.0;18.6;13.8;9.4;5.4;1.8;-1.4;-4.4;-7.0;-9.5;-11.7;-13.7;-15.6;-17.3;-18.8;-20.2;-21.5;-22.6;-23.6;-24.5;-25.3;-26.0;-26.5;-27.0;-27.4;-27.6;-27.8;-27.8;-27.8;-27.6;-27.4;-27.0;-26.6;-26.1;-25.5;-24.8;-24.0;-23.1;-22.1;-21.1;-20.0;-18.8;-17.5;-16.1;-14.7;-13.2;-11.6;-10.0;-8.2;-6.4;-4.5;-2.4;-0.2;2.2;4.8;7.6;10.5;13.8;17.2;21.0;25.2;29.7;34.6;40.0;46.0;52.5;59.8;67.6;76.3;85.7;96.2;107.4;119.7;132.9;;;;;;;;;;;;;;;;;;;;;;;;;;;;;;;;
3.000;;;;;;;;;;;;;;;;;;;;;212.0;189.6;169.5;151.2;134.7;119.6;106.0;93.5;82.2;71.7;62.2;53.5;45.5;38.2;31.6;25.5;20.1;15.1;10.6;6.6;3.0;-0.3;-3.3;-6.0;-8.4;-10.7;-12.8;-14.7;-16.4;-18.0;-19.4;-20.7;-21.9;-23.0;-24.0;-24.8;-25.6;-26.2;-26.7;-27.1;-27.5;-27.7;-27.8;-27.9;-27.8;-27.7;-27.4;-27.1;-26.6;-26.1;-25.5;-24.8;-24.0;-23.2;-22.2;-21.2;-20.1;-18.9;-17.7;-16.3;-14.9;-13.5;-11.9;-10.3;-8.6;-6.9;-5.0;-3.1;-1.0;1.2;3.6;6.2;9.0;12.0;15.2;18.7;22.6;26.8;31.4;36.4;42.0;48.1;54.9;62.3;70.5;79.4;89.3;100.0;111.8;124.5;138.3;;;;;;;;;;;;;;;;;;;;;;;;;;;;;;;
2.900;;;;;;;;;;;;;;;;;;;;220.6;197.2;176.0;157.0;139.8;124.2;110.0;97.2;85.5;74.8;65.0;56.0;47.8;40.3;33.5;27.4;21.8;16.7;12.2;8.1;4.4;1.1;-1.9;-4.7;-7.2;-9.5;-11.6;-13.5;-15.3;-17.0;-18.5;-19.8;-21.1;-22.2;-23.2;-24.1;-24.9;-25.6;-26.2;-26.7;-27.1;-27.5;-27.7;-27.8;-27.8;-27.7;-27.6;-27.3;-27.0;-26.6;-26.0;-25.4;-24.7;-24.0;-23.1;-22.2;-21.2;-20.1;-18.9;-17.7;-16.4;-15.0;-13.6;-12.1;-10.5;-8.9;-7.2;-5.4;-3.5;-1.6;0.5;2.8;5.2;7.8;10.6;13.6;16.9;20.5;24.4;28.7;33.4;38.6;44.3;50.6;57.5;65.3;73.7;83.1;93.3;104.6;116.7;130.0;;;;;;;;;;;;;;;;;;;;;;;;;;;;;;;
2.800;;;;;;;;;;;;;;;;;;;;206.0;183.8;163.8;145.9;129.6;114.9;101.5;89.4;78.3;68.3;59.0;50.6;42.9;35.9;29.6;23.9;18.7;14.1;9.9;6.1;2.7;-0.3;-3.1;-5.7;-8.0;-10.2;-12.2;-14.0;-15.7;-17.3;-18.7;-20.0;-21.2;-22.3;-23.2;-24.1;-24.9;-25.6;-26.1;-26.6;-27.0;-27.3;-27.5;-27.6;-27.6;-27.6;-27.4;-27.1;-26.8;-26.4;-25.9;-25.3;-24.6;-23.8;-23.0;-22.0;-21.0;-20.0;-18.8;-17.6;-16.4;-15.0;-13.6;-12.2;-10.6;-9.0;-7.4;-5.6;-3.8;-1.9;0.1;2.2;4.5;6.9;9.5;12.4;15.4;18.8;22.4;26.5;30.9;35.7;41.0;47.0;53.5;60.8;68.8;77.7;87.4;98.1;109.8;122.6;136.3;;;;;;;;;;;;;;;;;;;;;;;;;;;;;;
2.700;;;;;;;;;;;;;;;;;;;216.1;192.6;171.7;152.7;135.8;120.4;106.5;93.9;82.4;71.9;62.4;53.7;45.8;38.6;32.1;26.2;21.0;16.2;11.9;8.1;4.7;1.5;-1.3;-4.0;-6.4;-8.6;-10.7;-12.6;-14.3;-15.9;-17.4;-18.8;-20.0;-21.1;-22.2;-23.1;-24.0;-24.7;-25.4;-25.9;-26.4;-26.8;-27.0;-27.2;-27.4;-27.4;-27.3;-27.1;-26.9;-26.6;-26.1;-25.6;-25.0;-24.3;-23.6;-22.7;-21.8;-20.8;-19.8;-18.7;-17.5;-16.2;-14.9;-13.5;-12.1;-10.6;-9.0;-7.4;-5.7;-4.0;-2.1;-0.2;1.8;4.0;6.3;8.7;11.4;14.3;17.4;20.9;24.6;28.7;33.3;38.3;43.9;50.0;56.9;64.4;72.8;82.0;92.3;103.4;115.7;128.9;143.4;;;;;;;;;;;;;;;;;;;;;;;;;;;;;
2.600;;;;;;;;;;;;;;;;;;227.7;202.9;180.6;160.7;142.8;126.7;112.2;99.1;87.1;76.3;66.4;57.4;49.2;41.8;35.1;29.0;23.5;18.7;14.3;10.4;6.8;3.6;0.7;-2.0;-4.5;-6.8;-9.0;-10.9;-12.7;-14.4;-15.9;-17.3;-18.7;-19.9;-21.0;-22.0;-22.9;-23.7;-24.4;-25.0;-25.6;-26.0;-26.4;-26.7;-26.9;-27.0;-27.0;-27.0;-26.8;-26.6;-26.2;-25.8;-25.3;-24.7;-24.1;-23.3;-22.5;-21.6;-20.6;-19.5;-18.4;-17.2;-16.0;-14.7;-13.3;-11.9;-10.4;-8.9;-7.4;-5.7;-4.0;-2.2;-0.4;1.6;3.6;5.8;8.1;10.7;13.4;16.4;19.6;23.1;27.0;31.3;36.0;41.2;47.0;53.4;60.6;68.5;77.3;87.0;97.7;109.5;122.2;136.2;;;;;;;;;;;;;;;;;;;;;;;;;;;;;
2.500;;;;;;;;;;;;;;;;;;214.4;190.9;169.7;150.9;133.9;118.6;104.8;92.4;81.1;70.8;61.5;53.0;45.3;38.4;32.1;26.5;21.4;16.9;12.9;9.2;5.9;2.9;0.1;-2.5;-4.9;-7.1;-9.1;-11.0;-12.7;-14.3;-15.8;-17.2;-18.4;-19.6;-20.7;-21.6;-22.5;-23.3;-24.0;-24.6;-25.2;-25.6;-26.0;-26.3;-26.5;-26.6;-26.6;-26.6;-26.4;-26.2;-25.9;-25.5;-25.0;-24.4;-23.7;-23.0;-22.2;-21.3;-20.3;-19.2;-18.1;-17.0;-15.7;-14.4;-13.1;-11.7;-10.2;-8.7;-7.2;-5.6;-3.9;-2.2;-0.4;1.4;3.4;5.5;7.7;10.1;12.7;15.5;18.6;21.9;25.5;29.6;34.0;38.9;44.4;50.5;57.2;64.7;73.0;82.3;92.5;103.8;116.0;129.5;144.0;;;;;;;;;;;;;;;;;;;;;;;;;;;;
2.400;;;;;;;;;;;;;;;;;227.7;202.5;180.1;160.0;142.1;125.9;111.5;98.4;86.6;75.8;66.1;57.2;49.3;42.0;35.6;29.7;24.5;19.8;15.7;11.9;8.4;5.3;2.4;-0.3;-2.8;-5.0;-7.1;-9.1;-10.9;-12.5;-14.1;-15.5;-16.9;-18.1;-19.2;-20.3;-21.2;-22.1;-22.9;-23.6;-24.2;-24.7;-25.2;-25.5;-25.8;-26.0;-26.1;-26.2;-26.1;-26.0;-25.8;-25.5;-25.1;-24.6;-24.0;-23.4;-22.6;-21.8;-20.9;-19.9;-18.9;-17.8;-16.6;-15.4;-14.1;-12.8;-11.4;-9.9;-8.5;-6.9;-5.4;-3.8;-2.1;-0.3;1.5;3.3;5.3;7.4;9.7;12.2;14.8;17.7;20.9;24.3;28.1;32.3;37.0;42.1;47.8;54.2;61.3;69.2;78.0;87.7;98.6;110.3;123.3;137.3;152.6;;;;;;;;;;;;;;;;;;;;;;;;;;;
2.300;;;;;;;;;;;;;;;;;215.7;191.7;170.3;151.2;134.2;118.8;105.1;92.6;81.4;71.2;62.0;53.6;46.1;39.3;33.3;27.8;23.0;18.6;14.7;11.1;7.8;4.8;2.1;-0.5;-2.8;-5.0;-7.0;-8.9;-10.7;-12.3;-13.8;-15.2;-16.5;-17.7;-18.8;-19.8;-20.7;-21.6;-22.4;-23.0;-23.7;-24.2;-24.6;-25.0;-25.3;-25.5;-25.6;-25.7;-25.6;-25.5;-25.3;-25.0;-24.6;-24.2;-23.6;-23.0;-22.2;-21.4;-20.5;-19.6;-18.5;-17.4;-16.3;-15.0;-13.8;-12.4;-11.0;-9.6;-8.1;-6.6;-5.1;-3.5;-1.9;-0.2;1.6;3.4;5.3;7.3;9.4;11.7;14.3;17.0;20.0;23.3;26.9;30.8;35.2;40.1;45.5;51.5;58.3;65.8;74.2;83.4;93.8;105.1;117.6;131.2;145.9;;;;;;;;;;;;;;;;;;;;;;;;;;;
2.200;;;;;;;;;;;;;;;;230.6;204.9;182.0;161.6;143.4;127.2;112.5;99.5;87.6;76.9;67.2;58.5;50.6;43.6;37.2;31.5;26.4;21.9;17.8;14.0;10.6;7.5;4.6;1.9;-0.5;-2.8;-4.9;-6.8;-8.7;-10.3;-11.9;-13.4;-14.7;-16.0;-17.2;-18.3;-19.3;-20.2;-21.0;-21.8;-22.5;-23.1;-23.6;-24.1;-24.4;-24.7;-24.9;-25.1;-25.1;-25.1;-25.0;-24.8;-24.5;-24.1;-23.7;-23.1;-22.5;-21.8;-21.0;-20.1;-19.2;-18.1;-17.0;-15.9;-14.6;-13.4;-12.0;-10.7;-9.2;-7.8;-6.3;-4.7;-3.2;-1.6;0.1;1.8;3.6;5.4;7.3;9.3;11.5;13.9;16.5;19.3;22.4;25.8;29.5;33.7;38.3;43.4;49.1;55.6;62.7;70.7;79.5;89.4;100.3;112.3;125.4;139.8;155.1;;;;;;;;;;;;;;;;;;;;;;;;;;
2.100;;;;;;;;;;;;;;;;219.8;195.2;173.3;153.8;136.4;121.0;107.0;94.5;83.2;73.1;63.8;55.6;48.1;41.5;35.5;30.2;25.4;21.1;17.1;13.6;10.3;7.3;4.5;2.0;-0.4;-2.6;-4.6;-6.5;-8.3;-9.9;-11.5;-12.9;-14.2;-15.5;-16.6;-17.7;-18.7;-19.6;-20.4;-21.2;-21.8;-22.4;-23.0;-23.4;-23.8;-24.1;-24.3;-24.5;-24.5;-24.5;-24.4;-24.2;-24.0;-23.6;-23.2;-22.6;-22.0;-21.3;-20.5;-19.7;-18.7;-17.7;-16.6;-15.4;-14.2;-12.9;-11.6;-10.2;-8.8;-7.4;-5.9;-4.4;-2.8;-1.2;0.4;2.1;3.8;5.6;7.4;9.3;11.4;13.6;16.0;18.7;21.6;24.9;28.4;32.4;36.7;41.6;47.0;53.1;59.8;67.5;75.9;85.4;95.8;107.4;120.1;134.0;148.9;;;;;;;;;;;;;;;;;;;;;;;;;;
2.000;;;;;;;;;;;;;;;236.6;210.0;186.5;165.5;146.9;130.3;115.5;102.2;90.2;79.4;69.8;61.0;53.2;46.1;39.8;34.2;29.2;24.6;20.5;16.7;13.3;10.1;7.2;4.6;2.1;-0.2;-2.3;-4.3;-6.2;-7.9;-9.5;-11.0;-12.4;-13.7;-14.9;-16.0;-17.1;-18.0;-18.9;-19.7;-20.5;-21.2;-21.8;-22.3;-22.7;-23.1;-23.4;-23.7;-23.8;-23.9;-23.9;-23.8;-23.6;-23.4;-23.0;-22.6;-22.1;-21.5;-20.8;-20.0;-19.2;-18.2;-17.2;-16.1;-15.0;-13.8;-12.5;-11.2;-9.8;-8.4;-6.9;-5.4;-3.9;-2.4;-0.8;0.8;2.4;4.1;5.8;7.6;9.5;11.4;13.5;15.7;18.2;21.0;24.1;27.4;31.2;35.3;39.9;45.0;50.8;57.3;64.6;72.6;81.7;91.7;102.9;115.1;128.6;143.1;;;;;;;;;;;;;;;;;;;;;;;;;;
1.900;;;;;;;;;;;;;;;226.8;201.3;178.7;158.6;140.8;124.9;110.7;97.9;86.5;76.2;67.0;58.6;51.2;44.5;38.5;33.2;28.4;24.1;20.1;16.5;13.2;10.1;7.3;4.7;2.3;0.1;-2.0;-3.9;-5.7;-7.4;-9.0;-10.4;-11.8;-13.1;-14.3;-15.4;-16.4;-17.3;-18.2;-19.0;-19.8;-20.4;-21.0;-21.6;-22.0;-22.4;-22.7;-22.9;-23.1;-23.2;-23.2;-23.1;-23.0;-22.7;-22.4;-22.0;-21.5;-20.9;-20.2;-19.5;-18.6;-17.7;-16.7;-15.6;-14.5;-13.3;-12.0;-10.7;-9.3;-7.9;-6.5;-5.0;-3.5;-1.9;-0.4;1.2;2.8;4.4;6.1;7.8;9.6;11.5;13.5;15.6;17.9;20.5;23.4;26.6;30.1;34.0;38.4;43.2;48.8;54.9;61.9;69.6;78.3;87.9;98.7;110.5;123.5;137.6;153.0;;;;;;;;;;;;;;;;;;;;;;;;;
1.800;;;;;;;;;;;;;;245.7;218.0;193.5;171.8;152.5;135.4;120.1;106.5;94.3;83.3;73.4;64.6;56.6;49.6;43.2;37.6;32.5;27.9;23.7;19.9;16.4;13.2;10.2;7.5;5.0;2.6;0.5;-1.6;-3.5;-5.2;-6.9;-8.4;-9.8;-11.2;-12.4;-13.6;-14.7;-15.7;-16.6;-17.5;-18.3;-19.0;-19.7;-20.2;-20.8;-21.2;-21.6;-21.9;-22.2;-22.3;-22.4;-22.5;-22.4;-22.2;-22.0;-21.7;-21.3;-20.8;-20.2;-19.6;-18.8;-18.0;-17.1;-16.1;-15.1;-13.9;-12.7;-11.5;-10.2;-8.8;-7.4;-6.0;-4.5;-3.0;-1.5;0.1;1.6;3.2;4.8;6.5;8.1;9.9;11.7;13.6;15.6;17.8;20.1;22.8;25.8;29.1;32.8;37.0;41.6;46.9;52.7;59.4;66.7;75.1;84.3;94.7;106.1;118.8;132.5;147.5;;;;;;;;;;;;;;;;;;;;;;;;;
1.700;;;;;;;;;;;;;;236.7;210.1;186.5;165.6;147.1;130.7;116.0;102.9;91.1;80.6;71.1;62.7;55.1;48.3;42.2;36.9;31.9;27.5;23.5;19.8;16.4;13.3;10.4;7.8;5.3;3.0;0.9;-1.1;-2.9;-4.7;-6.3;-7.8;-9.2;-10.5;-11.7;-12.9;-13.9;-14.9;-15.8;-16.7;-17.5;-18.2;-18.8;-19.4;-19.9;-20.4;-20.8;-21.1;-21.3;-21.5;-21.6;-21.6;-21.6;-21.4;-21.2;-20.9;-20.5;-20.1;-19.5;-18.9;-18.2;-17.3;-16.5;-15.5;-14.4;-13.3;-12.1;-10.9;-9.6;-8.2;-6.9;-5.4;-4.0;-2.5;-1.0;0.6;2.1;3.7;5.2;6.8;8.5;10.1;11.9;13.7;15.6;17.7;19.9;22.4;25.2;28.3;31.8;35.7;40.1;45.1;50.6;57.0;64.1;72.1;81.0;91.0;102.0;114.3;127.7;142.3;158.0;;;;;;;;;;;;;;;;;;;;;;;;
1.600;;;;;;;;;;;;;;228.8;203.1;180.3;160.2;142.3;126.5;112.4;99.7;88.4;78.3;69.2;61.1;53.8;47.3;41.5;36.3;31.6;27.3;23.4;19.8;16.5;13.5;10.7;8.1;5.7;3.5;1.4;-0.6;-2.4;-4.1;-5.6;-7.1;-8.5;-9.8;-11.0;-12.1;-13.2;-14.1;-15.0;-15.9;-16.6;-17.3;-18.0;-18.5;-19.0;-19.5;-19.9;-20.2;-20.4;-20.6;-20.7;-20.7;-20.7;-20.6;-20.4;-20.1;-19.7;-19.3;-18.7;-18.1;-17.4;-16.6;-15.7;-14.8;-13.8;-12.7;-11.5;-10.3;-9.0;-7.6;-6.3;-4.9;-3.4;-1.9;-0.4;1.1;2.6;4.1;5.7;7.2;8.8;10.4;12.1;13.9;15.7;17.7;19.8;22.1;24.6;27.6;30.8;34.6;38.7;43.4;48.7;54.8;61.6;69.3;77.9;87.6;98.2;110.1;123.1;137.4;152.8;;;;;;;;;;;;;;;;;;;;;;;;
1.500;;;;;;;;;;;;;249.8;221.7;196.8;174.9;155.5;138.2;122.9;109.2;97.0;86.1;76.3;67.6;59.8;52.8;46.6;41.0;35.9;31.3;27.2;23.4;19.9;16.7;13.8;11.0;8.5;6.1;4.0;1.9;0.0;-1.8;-3.4;-5.0;-6.4;-7.8;-9.0;-10.2;-11.3;-12.3;-13.3;-14.2;-15.0;-15.7;-16.4;-17.0;-17.6;-18.1;-18.5;-18.9;-19.2;-19.4;-19.6;-19.7;-19.7;-19.7;-19.6;-19.4;-19.1;-18.8;-18.4;-17.8;-17.2;-16.6;-15.8;-14.9;-14.0;-13.0;-11.9;-10.8;-9.6;-8.3;-7.0;-5.6;-4.2;-2.8;-1.4;0.1;1.6;3.1;4.6;6.1;7.6;9.2;10.8;12.4;14.1;15.8;17.7;19.7;21.9;24.2;27.0;30.0;33.5;37.4;41.9;47.0;52.8;59.3;66.7;75.0;84.3;94.7;106.2;118.9;132.8;147.9;;;;;;;;;;;;;;;;;;;;;;;;
1.400;;;;;;;;;;;;;242.6;215.4;191.3;170.1;151.3;134.6;119.8;106.5;94.7;84.1;74.7;66.2;58.7;52.0;46.0;40.6;35.7;31.2;27.2;23.5;20.1;17.0;14.1;11.4;9.0;6.6;4.5;2.5;0.6;-1.1;-2.7;-4.3;-5.7;-7.0;-8.2;-9.4;-10.5;-11.5;-12.4;-13.2;-14.0;-14.7;-15.4;-16.0;-16.6;-17.0;-17.5;-17.8;-18.1;-18.4;-18.5;-18.6;-18.7;-18.7;-18.6;-18.4;-18.1;-17.8;-17.4;-16.9;-16.3;-15.6;-14.9;-14.1;-13.2;-12.2;-11.1;-10.0;-8.8;-7.6;-6.3;-5.0;-3.6;-2.2;-0.8;0.7;2.1;3.6;5.1;6.5;8.0;9.5;11.1;12.6;14.3;15.9;17.7;19.6;21.7;23.9;26.4;29.3;32.6;36.2;40.5;45.3;50.8;57.1;64.2;72.2;81.3;91.3;102.5;114.9;128.5;143.3;159.3;;;;;;;;;;;;;;;;;;;;;;;
1.300;;;;;;;;;;;;;236.2;209.8;186.5;165.9;147.6;131.5;117.1;104.2;92.8;82.5;73.4;65.2;57.9;51.4;45.6;40.3;35.6;31.3;27.3;23.7;20.4;17.3;14.5;11.9;9.5;7.2;5.1;3.1;1.3;-0.4;-2.0;-3.5;-4.9;-6.2;-7.4;-8.5;-9.6;-10.5;-11.4;-12.3;-13.0;-13.7;-14.4;-14.9;-15.5;-15.9;-16.3;-16.7;-17.0;-17.2;-17.4;-17.5;-17.5;-17.5;-17.4;-17.2;-17.0;-16.7;-16.3;-15.8;-15.3;-14.6;-13.9;-13.1;-12.2;-11.3;-10.3;-9.2;-8.0;-6.8;-5.6;-4.3;-2.9;-1.6;-0.2;1.2;2.7;4.1;5.5;7.0;8.4;9.9;11.4;12.9;14.4;16.0;17.7;19.5;21.5;23.6;26.0;28.6;31.7;35.2;39.2;43.7;49.0;55.0;61.9;69.6;78.4;88.2;99.1;111.1;124.4;138.9;154.7;;;;;;;;;;;;;;;;;;;;;;;
1.200;;;;;;;;;;;;;230.5;204.9;182.2;162.2;144.5;128.8;114.8;102.3;91.1;81.2;72.3;64.3;57.3;50.9;45.3;40.2;35.6;31.3;27.5;24.0;20.7;17.7;15.0;12.4;10.0;7.8;5.7;3.8;2.0;0.3;-1.3;-2.7;-4.1;-5.3;-6.5;-7.6;-8.6;-9.6;-10.4;-11.2;-12.0;-12.7;-13.3;-13.8;-14.3;-14.8;-15.2;-15.5;-15.8;-16.0;-16.1;-16.2;-16.3;-16.3;-16.2;-16.0;-15.8;-15.5;-15.1;-14.7;-14.1;-13.5;-12.8;-12.1;-11.2;-10.3;-9.3;-8.3;-7.2;-6.0;-4.8;-3.5;-2.2;-0.9;0.5;1.8;3.2;4.6;6.0;7.4;8.8;10.3;11.7;13.1;14.6;16.2;17.8;19.5;21.3;23.3;25.6;28.1;30.9;34.2;37.9;42.3;47.3;53.1;59.7;67.2;75.7;85.2;95.9;107.6;120.7;134.9;150.4;;;;;;;;;;;;;;;;;;;;;;;
1.100;;;;;;;;;;;;253.9;225.6;200.6;178.5;159.0;141.8;126.4;112.8;100.6;89.8;80.0;71.4;63.7;56.8;50.6;45.1;40.2;35.7;31.5;27.8;24.3;21.2;18.2;15.5;13.0;10.6;8.4;6.4;4.5;2.7;1.1;-0.5;-1.9;-3.2;-4.5;-5.6;-6.7;-7.6;-8.6;-9.4;-10.2;-10.9;-11.5;-12.1;-12.6;-13.1;-13.5;-13.9;-14.2;-14.5;-14.7;-14.8;-14.9;-15.0;-14.9;-14.8;-14.7;-14.5;-14.2;-13.8;-13.4;-12.9;-12.3;-11.7;-10.9;-10.1;-9.3;-8.3;-7.3;-6.2;-5.1;-3.9;-2.7;-1.5;-0.2;1.1;2.5;3.8;5.2;6.5;7.9;9.2;10.6;12.0;13.4;14.8;16.2;17.8;19.4;21.2;23.1;25.2;27.5;30.2;33.2;36.8;40.9;45.7;51.2;57.7;64.9;73.2;82.4;92.8;104.3;117.1;131.1;146.4;;;;;;;;;;;;;;;;;;;;;;;
1.000;;;;;;;;;;;;248.9;221.2;196.9;175.3;156.3;139.5;124.5;111.1;99.2;88.6;79.1;70.7;63.2;56.5;50.4;45.1;40.2;35.8;31.8;28.1;24.7;21.6;18.7;16.1;13.6;11.3;9.1;7.1;5.2;3.5;1.9;0.4;-1.0;-2.3;-3.5;-4.6;-5.7;-6.6;-7.5;-8.3;-9.0;-9.7;-10.3;-10.9;-11.4;-11.8;-12.2;-12.6;-12.8;-13.1;-13.3;-13.4;-13.5;-13.5;-13.5;-13.4;-13.3;-13.1;-12.8;-12.5;-12.1;-11.6;-11.0;-10.4;-9.7;-9.0;-8.1;-7.2;-6.3;-5.2;-4.2;-3.0;-1.9;-0.7;0.6;1.8;3.1;4.4;5.7;7.0;8.3;9.6;10.9;12.2;13.5;14.9;16.3;17.7;19.3;20.9;22.8;24.8;27.0;29.5;32.4;35.7;39.6;44.2;49.5;55.7;62.7;70.8;79.8;90.0;101.2;113.8;127.6;142.6;158.8;;;;;;;;;;;;;;;;;;;;;;
0.900;;;;;;;;;;;;244.5;217.5;193.7;172.6;154.0;137.5;122.8;109.8;98.1;87.7;78.4;70.2;62.8;56.2;50.4;45.1;40.4;36.1;32.1;28.5;25.2;22.1;19.3;16.7;14.2;11.9;9.8;7.9;6.0;4.3;2.7;1.3;-0.1;-1.4;-2.5;-3.6;-4.6;-5.5;-6.4;-7.1;-7.8;-8.5;-9.1;-9.6;-10.1;-10.5;-10.8;-11.1;-11.4;-11.6;-11.8;-11.9;-12.0;-12.0;-12.0;-11.9;-11.8;-11.6;-11.3;-11.0;-10.6;-10.2;-9.7;-9.1;-8.4;-7.7;-6.9;-6.1;-5.2;-4.2;-3.2;-2.1;-1.0;0.1;1.3;2.5;3.7;5.0;6.2;7.4;8.7;9.9;11.2;12.4;13.7;15.0;16.3;17.7;19.1;20.7;22.4;24.3;26.5;28.9;31.6;34.7;38.4;42.8;47.9;53.9;60.7;68.5;77.3;87.3;98.4;110.7;124.3;139.2;155.2;;;;;;;;;;;;;;;;;;;;;;
0.800;;;;;;;;;;;;240.7;214.2;190.9;170.3;152.0;135.9;121.4;108.6;97.2;87.0;77.9;69.8;62.5;56.1;50.4;45.3;40.6;36.4;32.5;29.0;25.7;22.7;19.9;17.3;14.9;12.7;10.6;8.7;6.9;5.2;3.6;2.2;0.9;-0.4;-1.5;-2.6;-3.5;-4.4;-5.2;-5.9;-6.6;-7.2;-7.8;-8.2;-8.7;-9.1;-9.4;-9.7;-9.9;-10.1;-10.3;-10.4;-10.4;-10.5;-10.4;-10.3;-10.2;-10.0;-9.8;-9.5;-9.1;-8.7;-8.2;-7.7;-7.1;-6.4;-5.6;-4.9;-4.0;-3.1;-2.1;-1.1;-0.1;1.0;2.1;3.2;4.4;5.5;6.7;7.9;9.1;10.2;11.4;12.6;13.8;15.0;16.2;17.6;18.9;20.4;22.1;23.9;25.9;28.2;30.8;33.7;37.2;41.5;46.3;52.1;58.7;66.4;75.0;84.9;95.7;107.9;121.3;136.0;151.9;;;;;;;;;;;;;;;;;;;;;;
0.700;;;;;;;;;;;;237.5;211.5;188.6;168.4;150.4;134.5;120.3;107.7;96.5;86.4;77.5;69.5;62.4;56.1;50.5;45.5;40.9;36.8;33.0;29.5;26.3;23.3;20.5;18.0;15.6;13.4;11.4;9.5;7.7;6.1;4.6;3.2;1.9;0.7;-0.4;-1.5;-2.4;-3.2;-4.0;-4.7;-5.3;-5.9;-6.4;-6.8;-7.2;-7.6;-7.9;-8.2;-8.4;-8.5;-8.7;-8.8;-8.8;-8.8;-8.8;-8.7;-8.6;-8.4;-8.2;-7.9;-7.5;-7.2;-6.7;-6.2;-5.6;-5.0;-4.3;-3.6;-2.8;-1.9;-1.1;-0.1;0.8;1.9;2.9;3.9;5.0;6.1;7.2;8.3;9.4;10.5;11.6;12.7;13.8;15.0;16.1;17.4;18.7;20.1;21.6;23.4;25.3;27.5;30.0;32.8;36.1;40.2;44.9;50.5;56.9;64.5;72.9;82.6;93.3;105.3;118.5;133.1;148.9;;;;;;;;;;;;;;;;;;;;;;
0.600;;;;;;;;;;;263.7;234.8;209.2;186.7;166.8;149.1;133.4;119.5;107.0;95.9;86.0;77.2;69.4;62.4;56.2;50.7;45.8;41.3;37.2;33.4;30.0;26.9;23.9;21.2;18.7;16.4;14.2;12.2;10.4;8.6;7.0;5.5;4.2;2.9;1.7;0.7;-0.3;-1.2;-2.0;-2.7;-3.4;-4.0;-4.5;-5.0;-5.4;-5.8;-6.1;-6.3;-6.6;-6.8;-6.9;-7.0;-7.1;-7.1;-7.1;-7.1;-7.0;-6.9;-6.7;-6.5;-6.2;-5.9;-5.5;-5.1;-4.7;-4.1;-3.6;-2.9;-2.3;-1.5;-0.8;0.0;0.9;1.8;2.7;3.7;4.7;5.7;6.7;7.7;8.7;9.7;10.7;11.7;12.8;13.8;14.9;16.0;17.1;18.4;19.7;21.2;22.8;24.6;26.8;29.2;31.9;35.0;38.9;43.5;49.0;55.2;62.6;70.9;80.4;91.0;102.9;116.0;130.4;146.2;;;;;;;;;;;;;;;;;;;;;;
0.500;;;;;;;;;;;261.1;232.6;207.4;185.2;165.6;148.1;132.6;118.8;106.5;95.5;85.8;77.1;69.3;62.4;56.4;51.0;46.1;41.7;37.7;34.0;30.6;27.5;24.6;22.0;19.5;17.2;15.1;13.1;11.3;9.6;8.0;6.5;5.2;4.0;2.8;1.8;0.9;0.0;-0.8;-1.5;-2.1;-2.6;-3.1;-3.5;-3.9;-4.2;-4.5;-4.8;-5.0;-5.1;-5.2;-5.3;-5.4;-5.4;-5.4;-5.3;-5.2;-5.1;-4.9;-4.7;-4.5;-4.2;-3.9;-3.5;-3.1;-2.6;-2.1;-1.5;-0.9;-0.3;0.4;1.2;2.0;2.8;3.6;4.5;5.4;6.3;7.2;8.1;9.0;10.0;10.9;11.8;12.8;13.7;14.7;15.7;16.8;18.0;19.2;20.6;22.2;23.9;26.0;28.3;30.9;34.0;37.7;42.2;47.5;53.7;60.9;69.1;78.5;88.9;100.7;113.7;128.1;143.7;;;;;;;;;;;;;;;;;;;;;;
0.400;;;;;;;;;;;259.0;230.9;206.0;184.0;164.6;147.4;132.0;118.3;106.2;95.3;85.6;77.0;69.4;62.6;56.7;51.3;46.5;42.2;38.2;34.6;31.2;28.2;25.3;22.7;20.3;18.0;15.9;14.0;12.2;10.5;9.0;7.6;6.3;5.1;4.0;3.0;2.1;1.2;0.5;-0.1;-0.7;-1.2;-1.7;-2.1;-2.4;-2.7;-2.9;-3.1;-3.3;-3.4;-3.5;-3.6;-3.6;-3.6;-3.6;-3.5;-3.4;-3.3;-3.2;-3.0;-2.8;-2.5;-2.2;-1.9;-1.5;-1.1;-0.6;-0.1;0.4;1.0;1.6;2.3;3.0;3.7;4.5;5.2;6.0;6.9;7.7;8.5;9.3;10.2;11.0;11.9;12.7;13.6;14.5;15.4;16.4;17.5;18.7;20.0;21.5;23.2;25.1;27.4;30.0;32.9;36.6;40.9;46.1;52.2;59.3;67.4;76.7;87.1;98.7;111.6;126.0;141.6;;;;;;;;;;;;;;;;;;;;;;
0.300;;;;;;;;;;;257.5;229.6;205.0;183.3;164.0;146.9;131.7;118.1;106.0;95.2;85.6;77.1;69.5;62.8;57.0;51.7;47.0;42.7;38.8;35.2;31.9;28.9;26.1;23.5;21.1;18.9;16.8;14.9;13.2;11.5;10.0;8.6;7.4;6.2;5.1;4.2;3.3;2.5;1.8;1.2;0.7;0.2;-0.2;-0.6;-0.9;-1.1;-1.3;-1.5;-1.6;-1.7;-1.8;-1.8;-1.8;-1.8;-1.8;-1.7;-1.6;-1.5;-1.4;-1.2;-1.0;-0.8;-0.5;-0.2;0.1;0.5;0.9;1.3;1.8;2.3;2.8;3.4;4.0;4.7;5.3;6.0;6.7;7.4;8.1;8.8;9.6;10.3;11.1;11.8;12.6;13.4;14.2;15.0;16.0;17.0;18.1;19.3;20.7;22.3;24.3;26.5;29.0;31.9;35.4;39.7;44.8;50.8;57.8;65.8;75.1;85.4;97.0;109.8;124.1;139.7;;;;;;;;;;;;;;;;;;;;;;
0.200;;;;;;;;;;;256.4;228.8;204.3;182.7;163.6;146.6;131.5;118.0;106.0;95.3;85.8;77.3;69.8;63.1;57.4;52.2;47.5;43.2;39.4;35.8;32.6;29.6;26.9;24.3;22.0;19.8;17.8;15.9;14.1;12.5;11.1;9.7;8.5;7.3;6.3;5.4;4.5;3.8;3.1;2.6;2.0;1.6;1.2;0.9;0.7;0.4;0.3;0.1;0.0;-0.0;-0.1;-0.1;-0.1;-0.0;0.0;0.1;0.2;0.3;0.4;0.6;0.8;1.0;1.2;1.4;1.7;2.0;2.4;2.8;3.1;3.6;4.0;4.5;5.0;5.6;6.1;6.7;7.3;7.9;8.5;9.1;9.8;10.4;11.0;11.7;12.4;13.1;13.8;14.6;15.4;16.3;17.4;18.5;19.9;21.5;23.3;25.5;28.0;30.8;34.3;38.5;43.6;49.5;56.4;64.4;73.6;83.8;95.4;108.3;122.5;138.1;155.1;;;;;;;;;;;;;;;;;;;;;
0.100;;;;;;;;;;;255.8;228.3;204.0;182.6;163.6;146.6;131.5;118.1;106.1;95.5;86.0;77.6;70.1;63.6;57.9;52.7;48.1;43.8;40.0;36.5;33.3;30.4;27.7;25.1;22.8;20.7;18.7;16.8;15.1;13.6;12.1;10.8;9.6;8.5;7.5;6.6;5.8;5.1;4.5;3.9;3.4;3.0;2.7;2.4;2.2;2.0;1.9;1.8;1.7;1.7;1.6;1.7;1.7;1.7;1.8;1.9;2.0;2.1;2.2;2.3;2.5;2.7;2.9;3.1;3.3;3.6;3.8;4.1;4.5;4.8;5.2;5.6;6.0;6.4;6.9;7.4;7.8;8.3;8.8;9.3;9.9;10.4;10.9;11.5;12.1;12.7;13.3;14.0;14.8;15.6;16.6;17.7;19.0;20.5;22.3;24.4;26.9;29.7;33.2;37.3;42.4;48.2;55.2;63.1;72.3;82.5;94.1;106.9;121.2;136.8;153.9;;;;;;;;;;;;;;;;;;;;;
0.000;;;;;;;;;;;255.6;228.3;204.1;182.7;163.7;146.8;131.8;118.4;106.4;95.8;86.3;77.9;70.5;64.0;58.4;53.2;48.6;44.5;40.7;37.2;34.0;31.1;28.5;26.0;23.7;21.6;19.6;17.8;16.1;14.6;13.2;11.9;10.7;9.6;8.7;7.8;7.0;6.4;5.8;5.3;4.8;4.4;4.1;3.9;3.7;3.5;3.4;3.4;3.3;3.3;3.3;3.4;3.4;3.5;3.5;3.6;3.7;3.8;3.9;4.1;4.2;4.3;4.5;4.7;4.8;5.0;5.3;5.5;5.7;6.0;6.3;6.6;6.9;7.2;7.6;7.9;8.3;8.7;9.1;9.5;9.9;10.3;10.7;11.2;11.7;12.2;12.7;13.3;14.0;14.8;15.7;16.8;18.0;19.5;21.3;23.3;25.8;28.6;32.1;36.2;41.2;47.1;54.0;62.0;71.1;81.4;92.9;105.8;120.1;135.8;153.0;;;;;;;;;;;;;;;;;;;;;
-0.100;;;;;;;;;;;256.0;228.7;204.5;183.2;164.2;147.3;132.2;118.8;106.9;96.2;86.8;78.4;71.0;64.6;58.9;53.8;49.3;45.1;41.4;37.9;34.8;31.9;29.3;26.8;24.6;22.5;20.5;18.8;17.1;15.6;14.2;13.0;11.8;10.8;9.9;9.0;8.3;7.6;7.1;6.6;6.2;5.8;5.6;5.3;5.2;5.1;5.0;4.9;4.9;4.9;5.0;5.0;5.1;5.1;5.2;5.3;5.4;5.5;5.6;5.7;5.8;5.9;6.1;6.2;6.3;6.4;6.6;6.8;6.9;7.1;7.3;7.5;7.7;7.9;8.2;8.4;8.7;9.0;9.2;9.5;9.8;10.1;10.5;10.8;11.2;11.6;12.1;12.6;13.2;13.9;14.8;15.8;17.0;18.4;20.2;22.2;24.7;27.5;31.0;35.1;40.2;46.1;53.0;60.9;70.1;80.4;92.0;104.9;119.3;135.1;152.3;;;;;;;;;;;;;;;;;;;;;
-0.200;;;;;;;;;;;256.8;229.5;205.3;183.9;164.9;148.0;132.9;119.4;107.5;96.8;87.4;79.0;71.6;65.2;59.5;54.5;49.9;45.8;42.0;38.6;35.5;32.7;30.1;27.6;25.4;23.4;21.5;19.7;18.1;16.6;15.3;14.1;12.9;11.9;11.0;10.2;9.5;8.9;8.3;7.9;7.5;7.2;6.9;6.8;6.6;6.5;6.5;6.4;6.5;6.5;6.5;6.6;6.7;6.8;6.8;6.9;7.0;7.1;7.2;7.3;7.4;7.5;7.5;7.6;7.7;7.8;7.9;7.9;8.0;8.1;8.2;8.3;8.4;8.6;8.7;8.8;9.0;9.1;9.3;9.5;9.6;9.8;10.1;10.3;10.6;10.9;11.3;11.7;12.3;12.9;13.7;14.7;15.8;17.3;19.0;21.0;23.5;26.4;29.9;34.1;39.2;45.1;52.1;60.0;69.3;79.6;91.3;104.3;118.7;134.6;152.0;;;;;;;;;;;;;;;;;;;;;
-0.300;;;;;;;;;;;258.1;230.7;206.4;185.0;165.9;148.9;133.8;120.3;108.2;97.5;88.1;79.7;72.3;65.9;60.2;55.1;50.6;46.5;42.7;39.3;36.3;33.4;30.9;28.5;26.3;24.2;22.4;20.7;19.1;17.6;16.3;15.1;14.0;13.0;12.1;11.4;10.7;10.1;9.6;9.1;8.8;8.5;8.3;8.1;8.0;7.9;7.9;7.9;7.9;8.0;8.0;8.1;8.2;8.3;8.4;8.5;8.5;8.6;8.7;8.8;8.8;8.9;8.9;8.9;9.0;9.0;9.0;9.0;9.0;9.0;9.0;9.0;9.0;9.1;9.1;9.1;9.1;9.2;9.2;9.3;9.3;9.4;9.5;9.7;9.9;10.1;10.4;10.8;11.2;11.8;12.6;13.5;14.6;16.0;17.8;19.8;22.3;25.2;28.8;33.1;38.2;44.2;51.2;59.3;68.6;79.0;90.8;103.8;118.4;134.5;152.0;;;;;;;;;;;;;;;;;;;;;
-0.400;;;;;;;;;;;259.8;232.3;207.9;186.3;167.1;150.0;134.8;121.2;109.2;98.4;88.9;80.4;73.0;66.6;60.9;55.8;51.3;47.2;43.5;40.1;37.0;34.2;31.6;29.3;27.1;25.1;23.3;21.6;20.0;18.6;17.3;16.1;15.1;14.1;13.2;12.5;11.8;11.2;10.7;10.3;10.0;9.7;9.5;9.4;9.3;9.2;9.2;9.2;9.3;9.3;9.4;9.5;9.6;9.7;9.8;9.9;10.0;10.0;10.1;10.1;10.1;10.2;10.1;10.1;10.1;10.1;10.0;9.9;9.9;9.8;9.7;9.6;9.5;9.4;9.4;9.3;9.2;9.1;9.0;9.0;8.9;8.9;8.9;9.0;9.1;9.2;9.4;9.7;10.1;10.7;11.4;12.3;13.4;14.8;16.5;18.6;21.1;24.1;27.8;32.1;37.3;43.4;50.5;58.7;68.0;78.5;90.4;103.6;118.4;134.6;;;;;;;;;;;;;;;;;;;;;;
-0.500;;;;;;;;;;;262.1;234.4;209.8;188.0;168.7;151.5;136.1;122.4;110.3;99.4;89.8;81.3;73.9;67.4;61.7;56.5;52.0;47.9;44.2;40.8;37.7;34.9;32.4;30.0;27.9;25.9;24.1;22.4;20.9;19.5;18.2;17.1;16.0;15.1;14.3;13.5;12.9;12.3;11.9;11.5;11.1;10.9;10.7;10.6;10.5;10.4;10.4;10.5;10.5;10.6;10.7;10.8;10.9;11.0;11.1;11.1;11.2;11.3;11.3;11.3;11.3;11.3;11.2;11.2;11.1;11.0;10.9;10.7;10.6;10.4;10.2;10.0;9.9;9.7;9.5;9.3;9.1;8.9;8.7;8.5;8.4;8.3;8.2;8.1;8.1;8.2;8.3;8.5;8.9;9.4;10.1;10.9;12.1;13.4;15.2;17.3;19.9;23.0;26.7;31.1;36.5;42.7;49.9;58.2;67.7;78.3;90.3;103.7;118.6;135.0;;;;;;;;;;;;;;;;;;;;;;
-0.600;;;;;;;;;;;264.8;236.8;212.0;190.0;170.5;153.1;137.6;123.8;111.5;100.6;90.9;82.3;74.8;68.2;62.5;57.3;52.7;48.6;44.9;41.5;38.4;35.6;33.1;30.8;28.7;26.7;24.9;23.3;21.8;20.4;19.1;18.0;17.0;16.1;15.2;14.5;13.9;13.3;12.9;12.5;12.2;12.0;11.8;11.7;11.6;11.6;11.6;11.6;11.7;11.8;11.8;11.9;12.0;12.1;12.2;12.3;12.3;12.4;12.4;12.4;12.3;12.3;12.2;12.1;11.9;11.7;11.6;11.3;11.1;10.9;10.6;10.3;10.0;9.7;9.4;9.1;8.8;8.5;8.2;7.9;7.7;7.5;7.3;7.1;7.0;7.0;7.1;7.3;7.6;8.0;8.7;9.6;10.7;12.1;13.9;16.0;18.7;21.8;25.7;30.3;35.7;42.0;49.4;57.8;67.5;78.2;90.4;104.0;119.1;135.7;;;;;;;;;;;;;;;;;;;;;;
-0.700;;;;;;;;;;;268.1;239.8;214.7;192.4;172.7;155.1;139.4;125.4;113.0;101.9;92.1;83.4;75.8;69.1;63.3;58.1;53.5;49.3;45.6;42.2;39.1;36.3;33.8;31.5;29.4;27.4;25.7;24.1;22.6;21.2;20.0;18.9;17.8;16.9;16.1;15.4;14.8;14.3;13.8;13.5;13.2;12.9;12.8;12.6;12.6;12.6;12.6;12.6;12.7;12.7;12.8;12.9;13.0;13.1;13.2;13.2;13.3;13.3;13.3;13.2;13.1;13.0;12.9;12.7;12.5;12.3;12.0;11.8;11.4;11.1;10.8;10.4;10.0;9.6;9.2;8.8;8.4;8.0;7.6;7.2;6.8;6.5;6.2;6.0;5.8;5.8;5.8;5.9;6.2;6.6;7.3;8.1;9.2;10.7;12.5;14.7;17.5;20.7;24.8;29.5;35.1;41.5;49.1;57.6;67.4;78.4;90.8;104.5;119.9;136.7;;;;;;;;;;;;;;;;;;;;;;
-0.800;;;;;;;;;;;272.0;243.3;217.8;195.2;175.1;157.3;141.4;127.2;114.6;103.4;93.4;84.6;76.9;70.1;64.2;58.9;54.2;50.0;46.3;42.8;39.8;37.0;34.5;32.2;30.1;28.1;26.4;24.8;23.3;22.0;20.7;19.6;18.6;17.8;17.0;16.3;15.7;15.1;14.7;14.3;14.0;13.8;13.6;13.5;13.4;13.4;13.4;13.5;13.5;13.6;13.7;13.8;13.8;13.9;14.0;14.0;14.0;14.0;14.0;13.9;13.8;13.6;13.4;13.2;13.0;12.7;12.3;12.0;11.6;11.2;10.7;10.3;9.8;9.3;8.8;8.3;7.8;7.3;6.8;6.3;5.8;5.4;5.1;4.8;4.5;4.4;4.4;4.4;4.7;5.1;5.7;6.6;7.8;9.3;11.1;13.4;16.3;19.7;23.9;28.7;34.5;41.1;48.9;57.6;67.6;78.7;91.3;105.3;120.9;138.0;;;;;;;;;;;;;;;;;;;;;;
-0.900;;;;;;;;;;;;247.3;221.3;198.4;178.0;159.8;143.7;129.3;116.4;105.0;94.9;85.9;78.1;71.1;65.1;59.8;55.0;50.7;46.9;43.5;40.4;37.6;35.1;32.8;30.7;28.8;27.0;25.4;24.0;22.6;21.4;20.3;19.4;18.5;17.7;17.0;16.4;15.9;15.4;15.1;14.8;14.5;14.4;14.2;14.2;14.1;14.1;14.2;14.2;14.3;14.3;14.4;14.5;14.5;14.6;14.6;14.6;14.5;14.4;14.3;14.2;14.0;13.7;13.5;13.2;12.8;12.4;12.0;11.5;11.0;10.5;9.9;9.4;8.8;8.2;7.6;7.0;6.4;5.8;5.2;4.7;4.2;3.8;3.4;3.1;2.9;2.8;2.9;3.1;3.5;4.2;5.1;6.3;7.8;9.8;12.1;15.1;18.7;23.0;28.1;34.0;40.9;48.8;57.7;67.9;79.3;92.2;106.4;122.3;139.7;;;;;;;;;;;;;;;;;;;;;;
-1.000;;;;;;;;;;;;251.8;225.4;202.0;181.2;162.7;146.2;131.6;118.5;106.9;96.6;87.4;79.4;72.3;66.1;60.7;55.8;51.5;47.6;44.2;41.0;38.2;35.7;33.4;31.3;29.4;27.6;26.0;24.6;23.2;22.0;21.0;20.0;19.1;18.3;17.6;17.0;16.5;16.1;15.7;15.4;15.1;15.0;14.8;14.8;14.7;14.7;14.7;14.7;14.8;14.8;14.9;14.9;15.0;15.0;14.9;14.9;14.8;14.7;14.6;14.4;14.1;13.8;13.5;13.1;12.7;12.3;11.8;11.2;10.6;10.0;9.4;8.7;8.1;7.4;6.7;6.0;5.3;4.6;4.0;3.4;2.8;2.3;1.9;1.5;1.3;1.2;1.2;1.5;1.9;2.6;3.5;4.8;6.4;8.4;10.9;14.0;17.8;22.3;27.5;33.7;40.7;48.9;58.0;68.5;80.1;93.2;107.7;123.9;141.7;;;;;;;;;;;;;;;;;;;;;;
-1.100;;;;;;;;;;;;256.9;229.9;206.0;184.8;165.9;149.1;134.2;120.8;108.9;98.4;89.0;80.8;73.5;67.2;61.6;56.7;52.3;48.3;44.8;41.6;38.8;36.2;33.9;31.8;29.9;28.1;26.5;25.1;23.8;22.6;21.5;20.5;19.6;18.8;18.1;17.5;17.0;16.6;16.2;15.9;15.6;15.4;15.3;15.2;15.1;15.1;15.1;15.1;15.1;15.1;15.2;15.2;15.2;15.1;15.1;15.0;14.9;14.7;14.5;14.3;14.0;13.7;13.3;12.9;12.4;11.8;11.3;10.7;10.0;9.3;8.6;7.9;7.1;6.3;5.6;4.8;4.0;3.3;2.6;1.9;1.3;0.7;0.2;-0.2;-0.4;-0.5;-0.5;-0.3;0.2;0.9;1.9;3.2;4.9;7.1;9.7;13.0;16.9;21.7;27.1;33.5;40.7;49.1;58.5;69.2;81.1;94.6;109.4;125.9;144.0;;;;;;;;;;;;;;;;;;;;;;
-1.200;;;;;;;;;;;;262.7;235.0;210.6;188.8;169.5;152.4;137.0;123.4;111.2;100.5;90.8;82.4;74.9;68.4;62.7;57.6;53.1;49.1;45.4;42.2;39.3;36.7;34.4;32.3;30.3;28.6;27.0;25.5;24.2;23.0;21.9;20.9;20.0;19.3;18.6;17.9;17.4;16.9;16.5;16.2;16.0;15.7;15.6;15.4;15.4;15.3;15.3;15.2;15.2;15.2;15.2;15.2;15.2;15.1;15.0;14.9;14.7;14.5;14.3;14.0;13.7;13.3;12.8;12.3;11.8;11.2;10.5;9.9;9.1;8.4;7.6;6.8;5.9;5.1;4.2;3.4;2.6;1.7;1.0;0.2;-0.4;-1.0;-1.6;-2.0;-2.2;-2.3;-2.3;-2.0;-1.5;-0.8;0.3;1.7;3.5;5.8;8.6;12.1;16.2;21.1;26.8;33.4;40.9;49.6;59.2;70.2;82.4;96.2;111.4;128.3;;;;;;;;;;;;;;;;;;;;;;;
-1.300;;;;;;;;;;;;269.2;240.8;215.7;193.3;173.5;155.9;140.2;126.3;113.8;102.7;92.9;84.2;76.4;69.7;63.8;58.6;53.9;49.8;46.1;42.8;39.9;37.2;34.8;32.7;30.7;29.0;27.3;25.9;24.5;23.3;22.2;21.3;20.4;19.6;18.9;18.2;17.7;17.2;16.8;16.4;16.1;15.9;15.7;15.5;15.4;15.3;15.3;15.2;15.2;15.1;15.1;15.0;14.9;14.8;14.7;14.5;14.3;14.1;13.8;13.4;13.0;12.6;12.1;11.5;10.9;10.3;9.6;8.8;8.0;7.2;6.3;5.4;4.5;3.6;2.7;1.8;0.9;0.0;-0.8;-1.6;-2.3;-2.9;-3.5;-3.9;-4.1;-4.2;-4.2;-3.9;-3.3;-2.5;-1.3;0.2;2.1;4.6;7.5;11.2;15.6;20.8;26.7;33.6;41.3;50.2;60.2;71.5;84.0;98.1;113.7;131.0;;;;;;;;;;;;;;;;;;;;;;;
-1.400;;;;;;;;;;;;;247.2;221.3;198.4;178.0;159.9;143.8;129.4;116.6;105.2;95.1;86.1;78.1;71.1;65.0;59.6;54.8;50.6;46.8;43.4;40.4;37.7;35.2;33.0;31.1;29.3;27.6;26.2;24.8;23.6;22.5;21.5;20.6;19.8;19.0;18.4;17.8;17.3;16.9;16.5;16.2;15.9;15.7;15.5;15.3;15.2;15.1;15.0;14.9;14.8;14.7;14.6;14.5;14.3;14.2;13.9;13.7;13.4;13.0;12.6;12.2;11.7;11.1;10.5;9.8;9.1;8.3;7.5;6.6;5.7;4.8;3.9;2.9;1.9;0.9;-0.0;-1.0;-1.9;-2.7;-3.6;-4.3;-4.9;-5.5;-5.9;-6.1;-6.2;-6.1;-5.7;-5.1;-4.1;-2.9;-1.2;0.8;3.4;6.6;10.5;15.1;20.6;26.7;33.9;41.9;51.1;61.4;73.0;85.9;100.4;116.4;134.1;;;;;;;;;;;;;;;;;;;;;;;
-1.500;;;;;;;;;;;;;254.3;227.6;203.9;183.0;164.3;147.7;133.0;119.8;108.0;97.5;88.3;80.0;72.7;66.4;60.8;55.8;51.4;47.5;44.0;40.9;38.1;35.6;33.4;31.3;29.5;27.9;26.4;25.0;23.8;22.6;21.6;20.7;19.8;19.1;18.4;17.8;17.3;16.8;16.4;16.0;15.7;15.5;15.2;15.0;14.9;14.7;14.6;14.4;14.3;14.1;14.0;13.8;13.6;13.4;13.1;12.8;12.4;12.0;11.6;11.0;10.5;9.8;9.2;8.4;7.7;6.8;5.9;5.0;4.1;3.1;2.1;1.0;0.0;-1.0;-2.0;-3.0;-3.9;-4.8;-5.7;-6.4;-7.0;-7.6;-8.0;-8.2;-8.2;-8.0;-7.6;-6.9;-5.8;-4.4;-2.6;-0.4;2.4;5.8;10.0;14.8;20.5;27.0;34.4;42.8;52.3;62.9;74.9;88.2;103.1;119.5;137.6;;;;;;;;;;;;;;;;;;;;;;;
-1.600;;;;;;;;;;;;;262.1;234.6;210.1;188.4;169.2;152.1;136.8;123.2;111.1;100.3;90.7;82.1;74.5;67.8;62.0;56.9;52.3;48.3;44.7;41.4;38.6;36.0;33.7;31.6;29.7;28.0;26.5;25.1;23.8;22.7;21.6;20.7;19.8;19.0;18.3;17.7;17.1;16.6;16.2;15.8;15.4;15.1;14.8;14.6;14.3;14.1;13.9;13.8;13.6;13.4;13.1;12.9;12.6;12.3;12.0;11.6;11.2;10.8;10.2;9.7;9.0;8.3;7.6;6.8;6.0;5.1;4.1;3.2;2.1;1.1;0.1;-1.0;-2.1;-3.2;-4.2;-5.2;-6.2;-7.1;-7.9;-8.6;-9.3;-9.8;-10.1;-10.3;-10.2;-10.0;-9.4;-8.6;-7.4;-5.9;-3.9;-1.5;1.5;5.2;9.6;14.7;20.7;27.4;35.2;43.9;53.8;64.8;77.1;90.8;106.2;123.0;;;;;;;;;;;;;;;;;;;;;;;;
-1.700;;;;;;;;;;;;;270.9;242.3;217.0;194.5;174.6;156.9;141.1;127.0;114.5;103.3;93.3;84.4;76.5;69.5;63.5;58.1;53.3;49.1;45.4;42.0;39.1;36.4;34.0;31.8;29.9;28.2;26.6;25.1;23.8;22.6;21.6;20.6;19.7;18.8;18.1;17.4;16.8;16.3;15.8;15.3;14.9;14.6;14.2;13.9;13.7;13.4;13.1;12.9;12.6;12.4;12.1;11.8;11.5;11.1;10.7;10.3;9.8;9.2;8.7;8.0;7.3;6.6;5.8;4.9;4.0;3.1;2.1;1.1;-0.0;-1.1;-2.2;-3.3;-4.4;-5.5;-6.5;-7.6;-8.5;-9.4;-10.3;-11.0;-11.6;-12.0;-12.3;-12.4;-12.3;-11.9;-11.2;-10.3;-9.0;-7.3;-5.1;-2.4;0.8;4.8;9.5;14.8;21.1;28.2;36.3;45.3;55.6;66.9;79.7;93.9;109.7;127.0;;;;;;;;;;;;;;;;;;;;;;;;
-1.800;;;;;;;;;;;;;;250.9;224.5;201.2;180.5;162.2;145.8;131.2;118.3;106.6;96.3;87.0;78.8;71.4;65.1;59.4;54.5;50.0;46.1;42.6;39.6;36.8;34.3;32.1;30.1;28.2;26.6;25.1;23.8;22.5;21.4;20.4;19.4;18.6;17.8;17.1;16.4;15.8;15.3;14.8;14.3;13.9;13.5;13.1;12.8;12.5;12.1;11.8;11.5;11.2;10.8;10.4;10.1;9.6;9.2;8.6;8.1;7.5;6.8;6.1;5.4;4.6;3.7;2.8;1.8;0.8;-0.2;-1.3;-2.4;-3.5;-4.6;-5.8;-6.9;-8.0;-9.1;-10.1;-11.0;-11.9;-12.7;-13.4;-13.9;-14.3;-14.5;-14.5;-14.3;-13.8;-13.0;-11.9;-10.4;-8.5;-6.1;-3.2;0.3;4.5;9.5;15.2;21.8;29.2;37.6;47.0;57.7;69.5;82.8;97.4;113.7;131.5;;;;;;;;;;;;;;;;;;;;;;;;
-1.900;;;;;;;;;;;;;;260.3;232.9;208.6;187.1;168.0;151.0;135.9;122.4;110.3;99.6;89.9;81.3;73.6;66.9;60.9;55.8;51.1;47.0;43.4;40.1;37.2;34.6;32.3;30.2;28.3;26.6;25.0;23.6;22.3;21.2;20.1;19.1;18.2;17.4;16.6;15.9;15.2;14.6;14.1;13.5;13.1;12.6;12.2;11.8;11.4;11.0;10.6;10.2;9.8;9.4;8.9;8.4;7.9;7.4;6.8;6.2;5.5;4.8;4.0;3.2;2.3;1.4;0.5;-0.5;-1.6;-2.7;-3.8;-4.9;-6.1;-7.2;-8.4;-9.5;-10.6;-11.7;-12.7;-13.7;-14.5;-15.3;-15.9;-16.4;-16.7;-16.8;-16.7;-16.3;-15.7;-14.7;-13.4;-11.7;-9.6;-7.0;-3.8;0.1;4.6;9.8;15.8;22.8;30.5;39.4;49.2;60.3;72.5;86.3;101.4;118.2;;;;;;;;;;;;;;;;;;;;;;;;;
-2.000;;;;;;;;;;;;;;270.7;242.2;216.8;194.4;174.5;156.8;141.0;127.0;114.4;103.2;93.1;84.2;76.1;68.9;62.7;57.2;52.3;48.0;44.2;40.8;37.7;35.0;32.5;30.4;28.4;26.6;24.9;23.5;22.1;20.9;19.7;18.7;17.7;16.8;16.0;15.2;14.5;13.9;13.2;12.6;12.1;11.6;11.1;10.6;10.1;9.6;9.2;8.7;8.2;7.7;7.2;6.6;6.0;5.4;4.8;4.1;3.3;2.6;1.7;0.8;-0.1;-1.1;-2.1;-3.2;-4.2;-5.4;-6.5;-7.7;-8.9;-10.0;-11.2;-12.3;-13.4;-14.5;-15.5;-16.4;-17.2;-17.8;-18.4;-18.8;-19.0;-19.0;-18.7;-18.2;-17.4;-16.3;-14.8;-12.9;-10.5;-7.6;-4.2;0.0;4.8;10.5;16.8;24.1;32.2;41.5;51.7;63.3;76.0;90.3;105.9;123.3;;;;;;;;;;;;;;;;;;;;;;;;;
-2.100;;;;;;;;;;;;;;;252.3;225.9;202.4;181.6;163.1;146.7;132.0;118.9;107.2;96.7;87.3;78.9;71.3;64.7;58.9;53.7;49.2;45.1;41.5;38.3;35.4;32.8;30.5;28.4;26.6;24.8;23.3;21.8;20.5;19.3;18.2;17.2;16.2;15.3;14.5;13.7;13.0;12.3;11.6;11.0;10.4;9.8;9.2;8.7;8.1;7.6;7.0;6.5;5.9;5.3;4.6;4.0;3.3;2.5;1.8;1.0;0.1;-0.8;-1.7;-2.7;-3.8;-4.8;-5.9;-7.1;-8.2;-9.4;-10.6;-11.8;-13.0;-14.1;-15.2;-16.3;-17.3;-18.3;-19.1;-19.8;-20.4;-20.9;-21.2;-21.3;-21.1;-20.7;-20.0;-19.0;-17.7;-16.0;-13.8;-11.2;-8.0;-4.2;0.3;5.4;11.4;18.1;25.8;34.4;44.1;54.8;66.8;80.1;94.9;111.1;;;;;;;;;;;;;;;;;;;;;;;;;;
-2.200;;;;;;;;;;;;;;;263.6;235.9;211.3;189.5;170.1;152.9;137.6;123.9;111.7;100.7;90.9;82.0;74.1;67.0;60.8;55.4;50.6;46.2;42.4;39.0;36.0;33.2;30.8;28.6;26.6;24.7;23.1;21.6;20.2;18.9;17.7;16.6;15.5;14.6;13.7;12.8;12.0;11.2;10.5;9.8;9.1;8.4;7.8;7.1;6.5;5.9;5.2;4.6;3.9;3.2;2.5;1.7;1.0;0.1;-0.7;-1.6;-2.5;-3.5;-4.5;-5.5;-6.6;-7.7;-8.9;-10.0;-11.2;-12.4;-13.6;-14.8;-16.0;-17.1;-18.2;-19.3;-20.2;-21.1;-21.9;-22.5;-23.0;-23.4;-23.5;-23.5;-23.2;-22.6;-21.7;-20.5;-18.9;-17.0;-14.5;-11.6;-8.1;-4.0;0.9;6.4;12.7;19.8;27.9;37.0;47.1;58.3;70.9;84.7;100.1;116.9;;;;;;;;;;;;;;;;;;;;;;;;;;
-2.300;;;;;;;;;;;;;;;;246.9;221.1;198.1;177.8;159.8;143.8;129.4;116.6;105.1;94.9;85.6;77.2;69.7;63.1;57.3;52.2;47.6;43.5;39.9;36.6;33.7;31.1;28.7;26.6;24.7;22.9;21.3;19.8;18.4;17.1;15.9;14.8;13.8;12.8;11.8;10.9;10.1;9.3;8.5;7.7;6.9;6.2;5.5;4.7;4.0;3.3;2.5;1.8;1.0;0.2;-0.6;-1.5;-2.4;-3.3;-4.3;-5.3;-6.3;-7.4;-8.5;-9.6;-10.8;-11.9;-13.1;-14.3;-15.5;-16.7;-17.9;-19.1;-20.2;-21.3;-22.2;-23.2;-24.0;-24.6;-25.2;-25.6;-25.8;-25.8;-25.6;-25.1;-24.3;-23.2;-21.8;-19.9;-17.7;-14.9;-11.7;-7.8;-3.4;1.8;7.7;14.5;22.0;30.6;40.1;50.7;62.5;75.6;90.0;106.0;;;;;;;;;;;;;;;;;;;;;;;;;;;
-2.400;;;;;;;;;;;;;;;;259.1;231.9;207.8;186.4;167.4;150.6;135.5;122.1;110.0;99.3;89.5;80.8;72.8;65.7;59.5;54.1;49.2;44.8;40.9;37.5;34.4;31.6;29.0;26.7;24.7;22.8;21.0;19.4;17.9;16.6;15.3;14.1;12.9;11.8;10.8;9.8;8.9;8.0;7.1;6.2;5.4;4.5;3.7;2.9;2.1;1.2;0.4;-0.5;-1.3;-2.2;-3.2;-4.1;-5.1;-6.1;-7.1;-8.2;-9.3;-10.4;-11.5;-12.7;-13.9;-15.1;-16.3;-17.5;-18.7;-19.9;-21.1;-22.2;-23.3;-24.3;-25.2;-26.1;-26.8;-27.3;-27.8;-28.0;-28.1;-27.9;-27.5;-26.8;-25.8;-24.5;-22.8;-20.6;-18.1;-15.0;-11.4;-7.2;-2.4;3.2;9.5;16.7;24.7;33.8;43.8;55.0;67.3;81.0;96.0;112.6;;;;;;;;;;;;;;;;;;;;;;;;;;;
-2.500;;;;;;;;;;;;;;;;;243.8;218.4;195.8;175.8;158.1;142.2;128.1;115.4;104.1;93.9;84.7;76.3;68.8;62.1;56.3;51.0;46.4;42.2;38.5;35.2;32.2;29.4;27.0;24.7;22.7;20.8;19.1;17.5;16.0;14.6;13.3;12.0;10.9;9.7;8.6;7.6;6.6;5.6;4.7;3.7;2.8;1.9;0.9;0.0;-0.9;-1.9;-2.8;-3.8;-4.7;-5.7;-6.8;-7.8;-8.9;-10.0;-11.1;-12.3;-13.5;-14.7;-15.9;-17.1;-18.3;-19.6;-20.8;-22.0;-23.1;-24.3;-25.4;-26.4;-27.3;-28.2;-28.9;-29.5;-30.0;-30.2;-30.3;-30.2;-29.8;-29.2;-28.3;-27.1;-25.4;-23.5;-21.0;-18.1;-14.7;-10.8;-6.2;-0.9;5.1;11.8;19.5;28.0;37.6;48.1;59.9;72.8;87.1;102.8;;;;;;;;;;;;;;;;;;;;;;;;;;;;
-2.600;;;;;;;;;;;;;;;;;257.1;230.1;206.3;185.1;166.4;149.6;134.8;121.4;109.5;98.8;89.1;80.3;72.4;65.2;58.8;53.2;48.3;43.8;39.8;36.2;33.0;30.0;27.4;24.9;22.7;20.7;18.8;17.1;15.5;14.0;12.5;11.2;9.9;8.7;7.5;6.3;5.2;4.1;3.1;2.0;1.0;-0.0;-1.1;-2.1;-3.1;-4.1;-5.2;-6.2;-7.3;-8.4;-9.5;-10.6;-11.8;-13.0;-14.2;-15.4;-16.6;-17.8;-19.1;-20.3;-21.6;-22.8;-24.0;-25.2;-26.3;-27.4;-28.5;-29.4;-30.3;-31.0;-31.6;-32.1;-32.4;-32.5;-32.4;-32.1;-31.5;-30.7;-29.5;-28.0;-26.1;-23.8;-21.0;-17.8;-14.0;-9.7;-4.6;1.0;7.5;14.7;22.9;31.9;42.1;53.2;65.6;79.1;94.1;110.4;;;;;;;;;;;;;;;;;;;;;;;;;;;;
-2.700;;;;;;;;;;;;;;;;;;243.1;217.9;195.4;175.5;157.8;142.1;128.0;115.5;104.1;94.0;84.7;76.4;68.7;61.9;55.8;50.5;45.6;41.4;37.5;34.0;30.8;27.9;25.3;22.9;20.7;18.7;16.8;15.0;13.4;11.8;10.3;8.9;7.6;6.3;5.0;3.8;2.6;1.5;0.3;-0.8;-2.0;-3.1;-4.2;-5.3;-6.5;-7.6;-8.8;-9.9;-11.1;-12.3;-13.5;-14.7;-16.0;-17.2;-18.5;-19.7;-21.0;-22.3;-23.5;-24.8;-26.0;-27.2;-28.4;-29.5;-30.5;-31.5;-32.3;-33.1;-33.7;-34.2;-34.5;-34.7;-34.6;-34.3;-33.8;-33.0;-31.8;-30.4;-28.6;-26.3;-23.7;-20.6;-17.0;-12.8;-8.0;-2.6;3.6;10.5;18.3;27.0;36.5;47.3;59.0;72.0;86.2;101.9;;;;;;;;;;;;;;;;;;;;;;;;;;;;;
-2.800;;;;;;;;;;;;;;;;;;257.6;230.8;206.9;185.8;167.0;150.3;135.4;122.1;110.1;99.4;89.6;80.8;72.8;65.5;58.9;53.1;47.9;43.3;39.1;35.3;31.8;28.7;25.9;23.3;20.9;18.7;16.6;14.7;12.9;11.2;9.6;8.0;6.6;5.2;3.8;2.4;1.1;-0.1;-1.4;-2.7;-3.9;-5.1;-6.3;-7.6;-8.8;-10.0;-11.3;-12.5;-13.8;-15.0;-16.3;-17.6;-18.9;-20.2;-21.5;-22.8;-24.1;-25.4;-26.7;-27.9;-29.1;-30.3;-31.4;-32.4;-33.4;-34.3;-35.1;-35.7;-36.2;-36.5;-36.7;-36.7;-36.4;-35.9;-35.1;-34.0;-32.6;-30.8;-28.7;-26.1;-23.1;-19.6;-15.6;-11.0;-5.8;0.2;6.8;14.3;22.5;31.8;42.0;53.3;65.7;79.4;94.3;110.7;;;;;;;;;;;;;;;;;;;;;;;;;;;;;
-2.900;;;;;;;;;;;;;;;;;;;245.0;219.6;197.1;177.1;159.4;143.5;129.4;116.7;105.4;95.1;85.8;77.3;69.6;62.5;56.2;50.5;45.5;41.0;36.9;33.1;29.8;26.7;23.8;21.2;18.8;16.6;14.5;12.5;10.7;8.9;7.2;5.6;4.1;2.6;1.1;-0.3;-1.7;-3.1;-4.4;-5.8;-7.1;-8.4;-9.8;-11.1;-12.4;-13.7;-15.1;-16.4;-17.7;-19.1;-20.4;-21.8;-23.1;-24.5;-25.8;-27.1;-28.4;-29.7;-30.9;-32.1;-33.2;-34.3;-35.3;-36.2;-36.9;-37.6;-38.1;-38.4;-38.6;-38.6;-38.3;-37.9;-37.1;-36.1;-34.7;-33.0;-30.9;-28.4;-25.4;-22.0;-18.1;-13.7;-8.6;-2.9;3.5;10.7;18.7;27.6;37.4;48.2;60.2;73.3;87.7;103.3;;;;;;;;;;;;;;;;;;;;;;;;;;;;;;
-3.000;;;;;;;;;;;;;;;;;;;260.8;233.7;209.8;188.4;169.5;152.6;137.6;124.1;112.0;101.1;91.3;82.3;74.2;66.7;59.9;53.7;48.3;43.3;38.9;34.8;31.2;27.8;24.7;21.8;19.2;16.8;14.5;12.3;10.3;8.4;6.6;4.8;3.1;1.5;-0.1;-1.6;-3.2;-4.6;-6.1;-7.6;-9.0;-10.4;-11.9;-13.3;-14.7;-16.1;-17.5;-18.9;-20.4;-21.8;-23.2;-24.6;-25.9;-27.3;-28.7;-30.0;-31.3;-32.5;-33.7;-34.9;-36.0;-36.9;-37.8;-38.6;-39.3;-39.8;-40.2;-40.3;-40.3;-40.1;-39.6;-38.9;-37.9;-36.5;-34.8;-32.8;-30.3;-27.4;-24.1;-20.3;-16.0;-11.1;-5.5;0.7;7.7;15.4;24.0;33.5;44.0;55.5;68.2;81.9;97.1;;;;;;;;;;;;;;;;;;;;;;;;;;;;;;;
-3.100;;;;;;;;;;;;;;;;;;;;249.4;223.8;200.9;180.7;162.6;146.6;132.2;119.4;107.8;97.4;87.9;79.3;71.3;64.1;57.5;51.5;46.1;41.3;36.9;32.9;29.2;25.8;22.7;19.8;17.2;14.7;12.3;10.1;8.0;6.0;4.1;2.3;0.5;-1.2;-2.9;-4.5;-6.1;-7.7;-9.3;-10.8;-12.3;-13.9;-15.4;-16.9;-18.4;-19.9;-21.3;-22.8;-24.3;-25.7;-27.2;-28.6;-30.0;-31.3;-32.7;-34.0;-35.2;-36.3;-37.4;-38.4;-39.3;-40.1;-40.8;-41.3;-41.7;-41.9;-41.9;-41.7;-41.2;-40.5;-39.5;-38.1;-36.5;-34.5;-32.1;-29.2;-25.9;-22.2;-17.9;-13.1;-7.7;-1.6;5.1;12.7;21.0;30.2;40.3;51.5;63.7;77.1;91.6;107.5;;;;;;;;;;;;;;;;;;;;;;;;;;;;;;;
-3.200;;;;;;;;;;;;;;;;;;;;;239.5;215.0;193.3;173.9;156.8;141.4;127.7;115.3;104.2;94.1;85.0;76.6;68.9;61.9;55.4;49.5;44.2;39.4;35.1;31.0;27.4;24.0;20.8;17.9;15.2;12.6;10.2;7.9;5.8;3.7;1.7;-0.2;-2.1;-3.9;-5.7;-7.4;-9.1;-10.8;-12.4;-14.1;-15.7;-17.3;-18.9;-20.4;-22.0;-23.5;-25.1;-26.6;-28.1;-29.5;-31.0;-32.4;-33.7;-35.1;-36.3;-37.5;-38.6;-39.6;-40.6;-41.4;-42.0;-42.6;-42.9;-43.1;-43.1;-42.9;-42.5;-41.7;-40.7;-39.4;-37.8;-35.8;-33.4;-30.6;-27.4;-23.7;-19.5;-14.7;-9.4;-3.5;3.2;10.5;18.6;27.5;37.4;48.2;60.1;73.0;87.2;102.5;;;;;;;;;;;;;;;;;;;;;;;;;;;;;;;;
-3.300;;;;;;;;;;;;;;;;;;;;;;230.6;207.3;186.5;168.0;151.5;136.8;123.6;111.7;101.0;91.3;82.3;74.2;66.7;59.9;53.5;47.7;42.4;37.7;33.3;29.3;25.6;22.1;18.9;16.0;13.2;10.5;8.1;5.7;3.5;1.3;-0.8;-2.8;-4.7;-6.6;-8.5;-10.3;-12.1;-13.9;-15.6;-17.3;-19.0;-20.6;-22.3;-23.9;-25.5;-27.1;-28.6;-30.2;-31.7;-33.1;-34.5;-35.9;-37.1;-38.4;-39.5;-40.5;-41.5;-42.3;-43.0;-43.5;-43.9;-44.1;-44.1;-43.9;-43.5;-42.8;-41.8;-40.5;-38.8;-36.9;-34.5;-31.7;-28.5;-24.8;-20.6;-16.0;-10.7;-4.9;1.6;8.8;16.7;25.5;35.0;45.6;57.1;69.7;83.4;98.4;;;;;;;;;;;;;;;;;;;;;;;;;;;;;;;;;
-3.400;;;;;;;;;;;;;;;;;;;;;;248.1;223.1;200.7;180.8;163.0;147.2;132.9;120.2;108.7;98.3;88.8;80.2;72.2;64.9;58.1;51.9;46.1;40.9;36.1;31.7;27.7;23.9;20.4;17.2;14.1;11.3;8.6;6.0;3.6;1.2;-1.0;-3.2;-5.3;-7.3;-9.3;-11.2;-13.1;-15.0;-16.8;-18.6;-20.4;-22.1;-23.8;-25.5;-27.2;-28.8;-30.4;-31.9;-33.4;-34.8;-36.2;-37.6;-38.8;-40.0;-41.0;-42.0;-42.8;-43.5;-44.1;-44.5;-44.7;-44.7;-44.5;-44.0;-43.3;-42.3;-41.1;-39.4;-37.5;-35.1;-32.3;-29.1;-25.4;-21.3;-16.7;-11.5;-5.8;0.6;7.7;15.5;24.0;33.5;43.7;55.0;67.3;80.7;95.1;;;;;;;;;;;;;;;;;;;;;;;;;;;;;;;;;;
-3.500;;;;;;;;;;;;;;;;;;;;;;;240.6;216.4;195.0;175.7;158.7;143.3;129.7;117.3;106.2;96.0;86.8;78.3;70.5;63.3;56.6;50.4;44.7;39.5;34.7;30.3;26.2;22.3;18.8;15.5;12.4;9.4;6.6;4.0;1.5;-1.0;-3.3;-5.5;-7.7;-9.8;-11.9;-13.9;-15.8;-17.8;-19.6;-21.5;-23.3;-25.1;-26.8;-28.5;-30.1;-31.7;-33.3;-34.8;-36.2;-37.5;-38.8;-40.0;-41.1;-42.1;-43.0;-43.7;-44.2;-44.6;-44.9;-44.9;-44.7;-44.2;-43.6;-42.6;-41.3;-39.7;-37.7;-35.4;-32.5;-29.3;-25.7;-21.6;-17.0;-11.9;-6.2;0.1;7.1;14.7;23.2;32.4;42.5;53.5;65.5;78.5;92.7;108.0;;;;;;;;;;;;;;;;;;;;;;;;;;;;;;;;;;
-3.600;;;;;;;;;;;;;;;;;;;;;;;;234.2;211.1;190.3;171.8;155.2;140.4;127.0;115.1;104.1;94.3;85.2;76.9;69.2;62.1;55.5;49.3;43.6;38.4;33.5;29.0;24.9;21.0;17.4;14.0;10.8;7.8;4.9;2.2;-0.4;-2.9;-5.3;-7.7;-9.9;-12.1;-14.2;-16.3;-18.3;-20.2;-22.1;-24.0;-25.8;-27.6;-29.3;-31.0;-32.6;-34.1;-35.6;-37.0;-38.3;-39.5;-40.6;-41.7;-42.5;-43.3;-43.9;-44.3;-44.5;-44.5;-44.3;-43.9;-43.2;-42.2;-40.9;-39.3;-37.4;-35.0;-32.2;-28.9;-25.3;-21.2;-16.6;-11.6;-5.9;0.3;7.2;14.7;23.0;32.1;42.0;52.9;64.6;77.4;91.2;106.3;;;;;;;;;;;;;;;;;;;;;;;;;;;;;;;;;;;
-3.700;;;;;;;;;;;;;;;;;;;;;;;;;229.0;206.5;186.5;168.4;152.4;137.9;125.0;113.2;102.6;92.8;83.9;75.7;68.1;61.0;54.5;48.4;42.7;37.4;32.5;27.9;23.7;19.8;16.1;12.6;9.3;6.2;3.3;0.5;-2.2;-4.7;-7.2;-9.6;-11.9;-14.1;-16.3;-18.4;-20.4;-22.4;-24.3;-26.1;-27.9;-29.7;-31.4;-33.0;-34.5;-35.9;-37.3;-38.5;-39.7;-40.7;-41.6;-42.4;-43.0;-43.4;-43.7;-43.7;-43.5;-43.1;-42.4;-41.4;-40.1;-38.5;-36.5;-34.1;-31.3;-28.1;-24.5;-20.4;-15.8;-10.8;-5.2;1.0;7.8;15.2;23.4;32.3;42.1;52.8;64.4;76.9;90.5;105.2;;;;;;;;;;;;;;;;;;;;;;;;;;;;;;;;;;;;
-3.800;;;;;;;;;;;;;;;;;;;;;;;;;;224.9;203.2;183.6;166.2;150.4;136.4;123.6;112.1;101.6;92.0;83.1;75.0;67.5;60.5;53.9;47.8;42.1;36.8;31.8;27.2;22.9;18.9;15.1;11.6;8.2;5.1;2.1;-0.8;-3.6;-6.2;-8.7;-11.1;-13.4;-15.7;-17.9;-20.0;-22.0;-24.0;-25.9;-27.7;-29.4;-31.1;-32.7;-34.2;-35.5;-36.8;-38.0;-39.1;-40.0;-40.8;-41.4;-41.8;-42.1;-42.1;-42.0;-41.5;-40.9;-39.9;-38.6;-37.0;-34.9;-32.5;-29.7;-26.5;-22.9;-18.8;-14.3;-9.3;-3.8;2.4;9.1;16.5;24.6;33.4;43.1;53.6;65.0;77.4;90.7;105.2;;;;;;;;;;;;;;;;;;;;;;;;;;;;;;;;;;;;;
-3.900;;;;;;;;;;;;;;;;;;;;;;;;;;;221.9;200.6;181.6;164.5;149.2;135.3;122.8;111.4;101.1;91.5;82.8;74.7;67.2;60.2;53.7;47.5;41.8;36.5;31.4;26.7;22.4;18.3;14.4;10.8;7.4;4.2;1.1;-1.8;-4.6;-7.2;-9.8;-12.2;-14.6;-16.8;-19.0;-21.1;-23.1;-25.0;-26.8;-28.5;-30.2;-31.7;-33.2;-34.5;-35.7;-36.8;-37.8;-38.6;-39.2;-39.7;-39.9;-40.0;-39.8;-39.4;-38.7;-37.8;-36.5;-34.8;-32.7;-30.3;-27.5;-24.4;-20.8;-16.7;-12.3;-7.3;-1.8;4.3;11.0;18.3;26.4;35.1;44.6;55.0;66.3;78.4;91.6;105.8;;;;;;;;;;;;;;;;;;;;;;;;;;;;;;;;;;;;;;
-4.000;;;;;;;;;;;;;;;;;;;;;;;;;;;;220.0;199.3;180.6;163.9;148.7;135.1;122.7;111.5;101.2;91.7;83.0;74.9;67.4;60.4;53.9;47.8;42.0;36.6;31.5;26.8;22.3;18.2;14.2;10.6;7.1;3.8;0.7;-2.2;-5.0;-7.7;-10.3;-12.7;-15.0;-17.2;-19.4;-21.4;-23.3;-25.1;-26.8;-28.5;-30.0;-31.4;-32.6;-33.7;-34.7;-35.5;-36.2;-36.7;-36.9;-37.0;-36.8;-36.4;-35.7;-34.7;-33.4;-31.7;-29.7;-27.3;-24.5;-21.4;-17.8;-13.8;-9.4;-4.4;1.1;7.1;13.7;21.0;28.9;37.6;47.1;57.3;68.4;80.5;93.5;107.5;;;;;;;;;;;;;;;;;;;;;;;;;;;;;;;;;;;;;;;
-4.100;;;;;;;;;;;;;;;;;;;;;;;;;;;;;219.1;198.7;180.5;163.9;149.1;135.5;123.3;112.0;101.8;92.4;83.7;75.6;68.1;61.1;54.5;48.3;42.6;37.1;32.0;27.2;22.7;18.5;14.5;10.8;7.3;4.0;0.9;-2.1;-4.9;-7.6;-10.1;-12.5;-14.8;-16.9;-19.0;-20.9;-22.7;-24.4;-26.0;-27.4;-28.7;-29.9;-30.9;-31.7;-32.4;-32.9;-33.2;-33.3;-33.1;-32.7;-32.0;-30.9;-29.6;-27.9;-26.0;-23.6;-20.9;-17.8;-14.3;-10.3;-5.9;-0.9;4.5;10.5;17.1;24.3;32.2;40.8;50.2;60.3;71.3;83.2;96.1;;;;;;;;;;;;;;;;;;;;;;;;;;;;;;;;;;;;;;;;;
-4.200;;;;;;;;;;;;;;;;;;;;;;;;;;;;;;219.5;199.5;181.4;165.1;150.3;136.9;124.7;113.5;103.3;93.9;85.1;77.0;69.5;62.4;55.8;49.6;43.8;38.4;33.2;28.4;23.9;19.6;15.6;11.8;8.3;5.0;1.8;-1.1;-3.9;-6.5;-9.0;-11.3;-13.5;-15.5;-17.5;-19.3;-20.9;-22.4;-23.8;-25.0;-26.0;-26.9;-27.6;-28.1;-28.4;-28.5;-28.3;-27.9;-27.2;-26.2;-24.9;-23.3;-21.3;-19.0;-16.3;-13.3;-9.8;-5.8;-1.4;3.4;8.8;14.8;21.3;28.5;36.3;44.9;54.2;64.3;75.2;87.0;99.6;;;;;;;;;;;;;;;;;;;;;;;;;;;;;;;;;;;;;;;;;;
-4.300;;;;;;;;;;;;;;;;;;;;;;;;;;;;;;;221.0;201.1;183.3;167.0;152.4;139.0;126.8;115.6;105.4;95.9;87.2;79.0;71.5;64.4;57.8;51.5;45.7;40.2;35.0;30.2;25.7;21.4;17.4;13.6;10.1;6.8;3.7;0.8;-2.0;-4.5;-6.9;-9.1;-11.2;-13.1;-14.8;-16.4;-17.9;-19.2;-20.3;-21.2;-21.9;-22.4;-22.8;-22.9;-22.7;-22.3;-21.6;-20.7;-19.4;-17.8;-15.9;-13.7;-11.0;-8.0;-4.5;-0.6;3.7;8.5;13.9;19.8;26.3;33.4;41.2;49.7;58.9;68.9;79.8;91.4;104.0;;;;;;;;;;;;;;;;;;;;;;;;;;;;;;;;;;;;;;;;;;;
-4.400;;;;;;;;;;;;;;;;;;;;;;;;;;;;;;;;;204.2;186.4;170.3;155.6;142.3;130.0;118.9;108.5;99.1;90.2;82.0;74.4;67.3;60.6;54.3;48.5;43.0;37.8;33.0;28.4;24.2;20.2;16.4;12.9;9.7;6.6;3.8;1.2;-1.3;-3.5;-5.6;-7.5;-9.2;-10.8;-12.1;-13.3;-14.3;-15.1;-15.7;-16.0;-16.2;-16.1;-15.7;-15.1;-14.2;-12.9;-11.4;-9.5;-7.3;-4.7;-1.7;1.7;5.5;9.8;14.6;20.0;25.8;32.3;39.4;47.1;55.6;64.7;74.6;85.3;96.9;;;;;;;;;;;;;;;;;;;;;;;;;;;;;;;;;;;;;;;;;;;;;
-4.500;;;;;;;;;;;;;;;;;;;;;;;;;;;;;;;;;;208.2;190.6;174.5;159.9;146.4;134.2;122.9;112.6;103.0;94.1;85.9;78.2;71.0;64.3;58.0;52.1;46.6;41.5;36.6;32.1;27.9;23.9;20.3;16.8;13.7;10.7;8.0;5.5;3.2;1.1;-0.8;-2.5;-4.0;-5.3;-6.4;-7.2;-7.9;-8.3;-8.5;-8.5;-8.2;-7.6;-6.7;-5.6;-4.1;-2.3;-0.1;2.5;5.4;8.8;12.6;16.8;21.6;26.9;32.7;39.2;46.2;53.9;62.2;71.3;81.2;91.8;103.3;;;;;;;;;;;;;;;;;;;;;;;;;;;;;;;;;;;;;;;;;;;;;;
-4.600;;;;;;;;;;;;;;;;;;;;;;;;;;;;;;;;;;;;196.2;180.2;165.4;152.0;139.6;128.3;117.8;108.2;99.2;90.9;83.2;76.0;69.2;62.9;57.0;51.5;46.4;41.6;37.1;32.9;29.0;25.4;22.1;19.0;16.2;13.6;11.3;9.2;7.3;5.6;4.2;2.9;1.9;1.2;0.6;0.3;0.3;0.5;1.1;1.9;3.0;4.4;6.2;8.3;10.8;13.7;17.0;20.8;25.0;29.7;35.0;40.8;47.2;54.1;61.8;70.1;79.1;88.9;99.4;;;;;;;;;;;;;;;;;;;;;;;;;;;;;;;;;;;;;;;;;;;;;;;;
-4.700;;;;;;;;;;;;;;;;;;;;;;;;;;;;;;;;;;;;;203.2;187.0;172.3;158.7;146.3;134.8;124.3;114.5;105.5;97.1;89.3;82.1;75.3;69.0;63.1;57.6;52.5;47.8;43.3;39.2;35.5;32.0;28.8;25.8;23.1;20.7;18.6;16.7;15.0;13.6;12.4;11.5;10.9;10.5;10.3;10.5;10.9;11.6;12.6;14.0;15.7;17.8;20.2;23.1;26.3;30.1;34.2;38.9;44.1;49.9;56.2;63.1;70.7;78.9;87.9;97.5;108.0;;;;;;;;;;;;;;;;;;;;;;;;;;;;;;;;;;;;;;;;;;;;;;;;;
-4.800;;;;;;;;;;;;;;;;;;;;;;;;;;;;;;;;;;;;;;;195.7;180.7;167.1;154.5;143.0;132.3;122.5;113.3;104.9;97.0;89.8;83.0;76.6;70.8;65.3;60.3;55.6;51.2;47.2;43.5;40.2;37.1;34.3;31.9;29.7;27.7;26.1;24.7;23.6;22.7;22.2;21.9;21.9;22.2;22.8;23.8;25.0;26.7;28.7;31.1;33.8;37.0;40.7;44.8;49.5;54.6;60.3;66.6;73.4;80.9;89.1;97.9;107.5;;;;;;;;;;;;;;;;;;;;;;;;;;;;;;;;;;;;;;;;;;;;;;;;;;;
-4.900;;;;;;;;;;;;;;;;;;;;;;;;;;;;;;;;;;;;;;;;;190.8;177.0;164.3;152.6;141.9;131.9;122.7;114.2;106.3;99.0;92.2;85.9;80.0;74.6;69.6;65.0;60.7;56.9;53.3;50.1;47.2;44.7;42.4;40.4;38.8;37.4;36.3;35.6;35.1;35.0;35.1;35.6;36.4;37.6;39.1;41.0;43.3;46.0;49.1;52.7;56.8;61.4;66.4;72.1;78.2;85.0;92.4;100.5;109.2;;;;;;;;;;;;;;;;;;;;;;;;;;;;;;;;;;;;;;;;;;;;;;;;;;;;;
-5.000;;;;;;;;;;;;;;;;;;;;;;;;;;;;;;;;;;;;;;;;;;;189.0;176.1;164.3;153.4;143.3;134.0;125.4;117.5;110.1;103.3;97.0;91.2;85.9;81.0;76.4;72.3;68.6;65.2;62.2;59.5;57.2;55.2;53.5;52.1;51.1;50.4;50.0;50.0;50.3;51.0;52.0;53.4;55.2;57.4;59.9;63.0;66.5;70.5;74.9;79.9;85.4;91.5;98.2;105.5;113.4;;;;;;;;;;;;;;;;;;;;;;;;;;;;;;;;;;;;;;;;;;;;;;;;;;;;;;;
-5.100;;;;;;;;;;;;;;;;;;;;;;;;;;;;;;;;;;;;;;;;;;;;;;177.9;166.9;156.7;147.4;138.7;130.7;123.3;116.5;110.3;104.5;99.2;94.4;90.0;86.0;82.5;79.3;76.5;74.1;72.0;70.3;68.9;67.9;67.3;67.0;67.1;67.6;68.4;69.6;71.3;73.3;75.8;78.7;82.1;85.9;90.2;95.1;100.5;106.5;113.0;;;;;;;;;;;;;;;;;;;;;;;;;;;;;;;;;;;;;;;;;;;;;;;;;;;;;;;;;;
-5.200;;;;;;;;;;;;;;;;;;;;;;;;;;;;;;;;;;;;;;;;;;;;;;;;;172.6;163.1;154.4;146.4;139.0;132.2;126.0;120.3;115.1;110.4;106.2;102.4;99.0;96.1;93.5;91.4;89.6;88.3;87.3;86.7;86.5;86.7;87.3;88.3;89.7;91.5;93.8;96.6;99.7;103.5;107.6;112.3;117.6;;;;;;;;;;;;;;;;;;;;;;;;;;;;;;;;;;;;;;;;;;;;;;;;;;;;;;;;;;;;;
-5.300;;;;;;;;;;;;;;;;;;;;;;;;;;;;;;;;;;;;;;;;;;;;;;;;;;;;172.7;164.6;157.3;150.5;144.4;138.8;133.7;129.1;125.1;121.5;118.4;115.7;113.4;111.6;110.2;109.2;108.7;108.5;108.8;109.5;110.7;112.2;114.3;116.8;119.8;123.3;;;;;;;;;;;;;;;;;;;;;;;;;;;;;;;;;;;;;;;;;;;;;;;;;;;;;;;;;;;;;;;;;
-5.400;;;;;;;;;;;;;;;;;;;;;;;;;;;;;;;;;;;;;;;;;;;;;;;;;;;;;;;;;;160.4;155.4;151.1;147.2;143.8;141.0;138.6;136.6;135.2;134.2;133.6;133.5;133.9;134.7;136.0;;;;;;;;;;;;;;;;;;;;;;;;;;;;;;;;;;;;;;;;;;;;;;;;;;;;;;;;;;;;;;;;;;;;;;
-5.500;;;;;;;;;;;;;;;;;;;;;;;;;;;;;;;;;;;;;;;;;;;;;;;;;;;;;;;;;;;;;;;;;;;;;;;;;;;;;;;;;;;;;;;;;;;;;;;;;;;;;;;;;;;;;;;;;;;;;;;;;;;;;;;;;;;;;;;;;;;;;;
-5.600;;;;;;;;;;;;;;;;;;;;;;;;;;;;;;;;;;;;;;;;;;;;;;;;;;;;;;;;;;;;;;;;;;;;;;;;;;;;;;;;;;;;;;;;;;;;;;;;;;;;;;;;;;;;;;;;;;;;;;;;;;;;;;;;;;;;;;;;;;;;;;
-5.700;;;;;;;;;;;;;;;;;;;;;;;;;;;;;;;;;;;;;;;;;;;;;;;;;;;;;;;;;;;;;;;;;;;;;;;;;;;;;;;;;;;;;;;;;;;;;;;;;;;;;;;;;;;;;;;;;;;;;;;;;;;;;;;;;;;;;;;;;;;;;;
-5.800;;;;;;;;;;;;;;;;;;;;;;;;;;;;;;;;;;;;;;;;;;;;;;;;;;;;;;;;;;;;;;;;;;;;;;;;;;;;;;;;;;;;;;;;;;;;;;;;;;;;;;;;;;;;;;;;;;;;;;;;;;;;;;;;;;;;;;;;;;;;;;
-5.900;;;;;;;;;;;;;;;;;;;;;;;;;;;;;;;;;;;;;;;;;;;;;;;;;;;;;;;;;;;;;;;;;;;;;;;;;;;;;;;;;;;;;;;;;;;;;;;;;;;;;;;;;;;;;;;;;;;;;;;;;;;;;;;;;;;;;;;;;;;;;;
-6.000;;;;;;;;;;;;;;;;;;;;;;;;;;;;;;;;;;;;;;;;;;;;;;;;;;;;;;;;;;;;;;;;;;;;;;;;;;;;;;;;;;;;;;;;;;;;;;;;;;;;;;;;;;;;;;;;;;;;;;;;;;;;;;;;;;;;;;;;;;;;;;
-6.100;;;;;;;;;;;;;;;;;;;;;;;;;;;;;;;;;;;;;;;;;;;;;;;;;;;;;;;;;;;;;;;;;;;;;;;;;;;;;;;;;;;;;;;;;;;;;;;;;;;;;;;;;;;;;;;;;;;;;;;;;;;;;;;;;;;;;;;;;;;;;;
-6.200;;;;;;;;;;;;;;;;;;;;;;;;;;;;;;;;;;;;;;;;;;;;;;;;;;;;;;;;;;;;;;;;;;;;;;;;;;;;;;;;;;;;;;;;;;;;;;;;;;;;;;;;;;;;;;;;;;;;;;;;;;;;;;;;;;;;;;;;;;;;;;
-6.300;;;;;;;;;;;;;;;;;;;;;;;;;;;;;;;;;;;;;;;;;;;;;;;;;;;;;;;;;;;;;;;;;;;;;;;;;;;;;;;;;;;;;;;;;;;;;;;;;;;;;;;;;;;;;;;;;;;;;;;;;;;;;;;;;;;;;;;;;;;;;;
-6.400;;;;;;;;;;;;;;;;;;;;;;;;;;;;;;;;;;;;;;;;;;;;;;;;;;;;;;;;;;;;;;;;;;;;;;;;;;;;;;;;;;;;;;;;;;;;;;;;;;;;;;;;;;;;;;;;;;;;;;;;;;;;;;;;;;;;;;;;;;;;;;
-6.500;;;;;;;;;;;;;;;;;;;;;;;;;;;;;;;;;;;;;;;;;;;;;;;;;;;;;;;;;;;;;;;;;;;;;;;;;;;;;;;;;;;;;;;;;;;;;;;;;;;;;;;;;;;;;;;;;;;;;;;;;;;;;;;;;;;;;;;;;;;;;;
-6.600;;;;;;;;;;;;;;;;;;;;;;;;;;;;;;;;;;;;;;;;;;;;;;;;;;;;;;;;;;;;;;;;;;;;;;;;;;;;;;;;;;;;;;;;;;;;;;;;;;;;;;;;;;;;;;;;;;;;;;;;;;;;;;;;;;;;;;;;;;;;;;
-6.700;;;;;;;;;;;;;;;;;;;;;;;;;;;;;;;;;;;;;;;;;;;;;;;;;;;;;;;;;;;;;;;;;;;;;;;;;;;;;;;;;;;;;;;;;;;;;;;;;;;;;;;;;;;;;;;;;;;;;;;;;;;;;;;;;;;;;;;;;;;;;;
-6.800;;;;;;;;;;;;;;;;;;;;;;;;;;;;;;;;;;;;;;;;;;;;;;;;;;;;;;;;;;;;;;;;;;;;;;;;;;;;;;;;;;;;;;;;;;;;;;;;;;;;;;;;;;;;;;;;;;;;;;;;;;;;;;;;;;;;;;;;;;;;;;
-6.900;;;;;;;;;;;;;;;;;;;;;;;;;;;;;;;;;;;;;;;;;;;;;;;;;;;;;;;;;;;;;;;;;;;;;;;;;;;;;;;;;;;;;;;;;;;;;;;;;;;;;;;;;;;;;;;;;;;;;;;;;;;;;;;;;;;;;;;;;;;;;;
-7.000;;;;;;;;;;;;;;;;;;;;;;;;;;;;;;;;;;;;;;;;;;;;;;;;;;;;;;;;;;;;;;;;;;;;;;;;;;;;;;;;;;;;;;;;;;;;;;;;;;;;;;;;;;;;;;;;;;;;;;;;;;;;;;;;;;;;;;;;;;;;;;
ELEVATION RELATIVE BFS BACK 8mm zone;-7.000;-6.900;-6.800;-6.700;-6.600;-6.500;-6.400;-6.300;-6.200;-6.100;-6.000;-5.900;-5.800;-5.700;-5.600;-5.500;-5.400;-5.300;-5.200;-5.100;-5.000;-4.900;-4.800;-4.700;-4.600;-4.500;-4.400;-4.300;-4.200;-4.100;-4.000;-3.900;-3.800;-3.700;-3.600;-3.500;-3.400;-3.300;-3.200;-3.100;-3.000;-2.900;-2.800;-2.700;-2.600;-2.500;-2.400;-2.300;-2.200;-2.100;-2.000;-1.900;-1.800;-1.700;-1.600;-1.500;-1.400;-1.300;-1.200;-1.100;-1.000;-0.900;-0.800;-0.700;-0.600;-0.500;-0.400;-0.300;-0.200;-0.100;0.000;0.100;0.200;0.300;0.400;0.500;0.600;0.700;0.800;0.900;1.000;1.100;1.200;1.300;1.400;1.500;1.600;1.700;1.800;1.900;2.000;2.100;2.200;2.300;2.400;2.500;2.600;2.700;2.800;2.900;3.000;3.100;3.200;3.300;3.400;3.500;3.600;3.700;3.800;3.900;4.000;4.100;4.200;4.300;4.400;4.500;4.600;4.700;4.800;4.900;5.000;5.100;5.200;5.300;5.400;5.500;5.600;5.700;5.800;5.900;6.000;6.100;6.200;6.300;6.400;6.500;6.600;6.700;6.800;6.900;7.000;
7.000;;;;;;;;;;;;;;;;;;;;;;;;;;;;;;;;;;;;;;;;;;;;;;;;;;;;;;;;;;;;;;;;;;;;;;;;;;;;;;;;;;;;;;;;;;;;;;;;;;;;;;;;;;;;;;;;;;;;;;;;;;;;;;;;;;;;;;;;;;;;;;
6.900;;;;;;;;;;;;;;;;;;;;;;;;;;;;;;;;;;;;;;;;;;;;;;;;;;;;;;;;;;;;;;;;;;;;;;;;;;;;;;;;;;;;;;;;;;;;;;;;;;;;;;;;;;;;;;;;;;;;;;;;;;;;;;;;;;;;;;;;;;;;;;
6.800;;;;;;;;;;;;;;;;;;;;;;;;;;;;;;;;;;;;;;;;;;;;;;;;;;;;;;;;;;;;;;;;;;;;;;;;;;;;;;;;;;;;;;;;;;;;;;;;;;;;;;;;;;;;;;;;;;;;;;;;;;;;;;;;;;;;;;;;;;;;;;
6.700;;;;;;;;;;;;;;;;;;;;;;;;;;;;;;;;;;;;;;;;;;;;;;;;;;;;;;;;;;;;;;;;;;;;;;;;;;;;;;;;;;;;;;;;;;;;;;;;;;;;;;;;;;;;;;;;;;;;;;;;;;;;;;;;;;;;;;;;;;;;;;
6.600;;;;;;;;;;;;;;;;;;;;;;;;;;;;;;;;;;;;;;;;;;;;;;;;;;;;;;;;;;;;;;;;;;;;;;;;;;;;;;;;;;;;;;;;;;;;;;;;;;;;;;;;;;;;;;;;;;;;;;;;;;;;;;;;;;;;;;;;;;;;;;
6.500;;;;;;;;;;;;;;;;;;;;;;;;;;;;;;;;;;;;;;;;;;;;;;;;;;;;;;;;;;;;;;;;;;;;;;;;;;;;;;;;;;;;;;;;;;;;;;;;;;;;;;;;;;;;;;;;;;;;;;;;;;;;;;;;;;;;;;;;;;;;;;
6.400;;;;;;;;;;;;;;;;;;;;;;;;;;;;;;;;;;;;;;;;;;;;;;;;;;;;;;;;;;;;;;;;;;;;;;;;;;;;;;;;;;;;;;;;;;;;;;;;;;;;;;;;;;;;;;;;;;;;;;;;;;;;;;;;;;;;;;;;;;;;;;
6.300;;;;;;;;;;;;;;;;;;;;;;;;;;;;;;;;;;;;;;;;;;;;;;;;;;;;;;;;;;;;;;;;;;;;;;;;;;;;;;;;;;;;;;;;;;;;;;;;;;;;;;;;;;;;;;;;;;;;;;;;;;;;;;;;;;;;;;;;;;;;;;
6.200;;;;;;;;;;;;;;;;;;;;;;;;;;;;;;;;;;;;;;;;;;;;;;;;;;;;;;;;;;;;;;;;;;;;;;;;;;;;;;;;;;;;;;;;;;;;;;;;;;;;;;;;;;;;;;;;;;;;;;;;;;;;;;;;;;;;;;;;;;;;;;
6.100;;;;;;;;;;;;;;;;;;;;;;;;;;;;;;;;;;;;;;;;;;;;;;;;;;;;;;;;;;;;;;;;;;;;;;;;;;;;;;;;;;;;;;;;;;;;;;;;;;;;;;;;;;;;;;;;;;;;;;;;;;;;;;;;;;;;;;;;;;;;;;
6.000;;;;;;;;;;;;;;;;;;;;;;;;;;;;;;;;;;;;;;;;;;;;;;;;;;;;;;;;;;;;;;;;;;;;;;;;;;;;;;;;;;;;;;;;;;;;;;;;;;;;;;;;;;;;;;;;;;;;;;;;;;;;;;;;;;;;;;;;;;;;;;
5.900;;;;;;;;;;;;;;;;;;;;;;;;;;;;;;;;;;;;;;;;;;;;;;;;;;;;;;;;;;;;;;;;;;;;;;;;;;;;;;;;;;;;;;;;;;;;;;;;;;;;;;;;;;;;;;;;;;;;;;;;;;;;;;;;;;;;;;;;;;;;;;
5.800;;;;;;;;;;;;;;;;;;;;;;;;;;;;;;;;;;;;;;;;;;;;;;;;;;;;;;;;;;;;;;;;;;;;;;;;;;;;;;;;;;;;;;;;;;;;;;;;;;;;;;;;;;;;;;;;;;;;;;;;;;;;;;;;;;;;;;;;;;;;;;
5.700;;;;;;;;;;;;;;;;;;;;;;;;;;;;;;;;;;;;;;;;;;;;;;;;;;;;;;;;;;;;;;;;;;;;;;;;;;;;;;;;;;;;;;;;;;;;;;;;;;;;;;;;;;;;;;;;;;;;;;;;;;;;;;;;;;;;;;;;;;;;;;
5.600;;;;;;;;;;;;;;;;;;;;;;;;;;;;;;;;;;;;;;;;;;;;;;;;;;;;;;;;;;;;;;;;;;;;;;;;;;;;;;;;;;;;;;;;;;;;;;;;;;;;;;;;;;;;;;;;;;;;;;;;;;;;;;;;;;;;;;;;;;;;;;
5.500;;;;;;;;;;;;;;;;;;;;;;;;;;;;;;;;;;;;;;;;;;;;;;;;;;;;;;;;;;;;;;;;;;;;;;;;;;;;;;;;;;;;;;;;;;;;;;;;;;;;;;;;;;;;;;;;;;;;;;;;;;;;;;;;;;;;;;;;;;;;;;
5.400;;;;;;;;;;;;;;;;;;;;;;;;;;;;;;;;;;;;;;;;;;;;;;;;;;;;;;;;;;;;;;;;;;;;;;;;;;;;;;;;;;;;;;;;;;;;;;;;;;;;;;;;;;;;;;;;;;;;;;;;;;;;;;;;;;;;;;;;;;;;;;
5.300;;;;;;;;;;;;;;;;;;;;;;;;;;;;;;;;;;;;;;;;;;;;;;;;;;;;;;;;;;;;;;;;;;;;;;;;;;;;;;;;;;;;;;;;;;;;;;;;;;;;;;;;;;;;;;;;;;;;;;;;;;;;;;;;;;;;;;;;;;;;;;
5.200;;;;;;;;;;;;;;;;;;;;;;;;;;;;;;;;;;;;;;;;;;;;;;;;;;;;;;;;;;;;;;;;;;;;;;;;;;;;;;;;;;;;;;;;;;;;;;;;;;;;;;;;;;;;;;;;;;;;;;;;;;;;;;;;;;;;;;;;;;;;;;
5.100;;;;;;;;;;;;;;;;;;;;;;;;;;;;;;;;;;;;;;;;;;;;;;;;;;;;;;;;;;;;;;;;;;;;;;;;;;;;;;;;;;;;;;;;;;;;;;;;;;;;;;;;;;;;;;;;;;;;;;;;;;;;;;;;;;;;;;;;;;;;;;
5.000;;;;;;;;;;;;;;;;;;;;;;;;;;;;;;;;;;;;;;;;;;;;;;;;;;;;;;;;;;;;;;;;;;;;;;;;;;;;;;;;;;;;;;;;;;;;;;;;;;;;;;;;;;;;;;;;;;;;;;;;;;;;;;;;;;;;;;;;;;;;;;
4.900;;;;;;;;;;;;;;;;;;;;;;;;;;;;;;;;;;;;;;;;;;;;;;;;;;;;;;;;;;;;;;;;;;;;;;;;;;;;;;;;;;;;;;;;;;;;;;;;;;;;;;;;;;;;;;;;;;;;;;;;;;;;;;;;;;;;;;;;;;;;;;
4.800;;;;;;;;;;;;;;;;;;;;;;;;;;;;;;;;;;;;;;;;;;;;;;;;;;;;;;;;;;;;;;;;;;;;;;;;;;;;;;;;;;;;;;;;;;;;;;;;;;;;;;;;;;;;;;;;;;;;;;;;;;;;;;;;;;;;;;;;;;;;;;
4.700;;;;;;;;;;;;;;;;;;;;;;;;;;;;;;;;;;;;;;;;;;;;;;;;;;;;;;;;;;;;;;10.0;5.1;1.3;-1.6;-3.3;-4.2;-4.0;-2.9;-0.9;1.9;;;;;;;;;;;;;;;;;;;;;;;;;;;;;;;;;;;;;;;;;;;;;;;;;;;;;;;;;;;;;;;;;;;;;;;
4.600;;;;;;;;;;;;;;;;;;;;;;;;;;;;;;;;;;;;;;;;;;;;;;;;;;;;;;;;40.9;31.2;22.3;14.3;7.2;0.9;-4.3;-8.7;-12.1;-14.5;-16.0;-16.6;-16.3;-15.2;-13.1;-10.4;-6.8;-2.6;2.3;7.7;13.7;20.1;;;;;;;;;;;;;;;;;;;;;;;;;;;;;;;;;;;;;;;;;;;;;;;;;;;;;;;;;;;;;;;;;
4.500;;;;;;;;;;;;;;;;;;;;;;;;;;;;;;;;;;;;;;;;;;;;;;;;;;;;66.1;54.9;44.2;34.1;24.6;15.8;7.8;0.5;-5.9;-11.5;-16.3;-20.2;-23.1;-25.3;-26.5;-27.0;-26.5;-25.4;-23.3;-20.6;-17.1;-13.1;-8.4;-3.2;2.5;8.6;15.1;21.8;28.8;35.9;;;;;;;;;;;;;;;;;;;;;;;;;;;;;;;;;;;;;;;;;;;;;;;;;;;;;;;;;;;;;
4.400;;;;;;;;;;;;;;;;;;;;;;;;;;;;;;;;;;;;;;;;;;;;;;;;;81.5;70.2;59.3;48.7;38.6;28.9;19.7;11.1;3.1;-4.1;-10.7;-16.6;-21.7;-26.0;-29.5;-32.1;-34.0;-35.1;-35.4;-34.9;-33.6;-31.6;-29.0;-25.6;-21.7;-17.2;-12.3;-6.8;-1.0;5.2;11.6;18.3;25.1;32.1;39.1;46.2;;;;;;;;;;;;;;;;;;;;;;;;;;;;;;;;;;;;;;;;;;;;;;;;;;;;;;;;;;
4.300;;;;;;;;;;;;;;;;;;;;;;;;;;;;;;;;;;;;;;;;;;;;;;95.5;84.6;73.9;63.5;53.3;43.4;33.8;24.6;15.8;7.5;-0.4;-7.6;-14.2;-20.3;-25.6;-30.2;-34.1;-37.3;-39.6;-41.3;-42.2;-42.4;-41.8;-40.6;-38.6;-36.1;-32.9;-29.1;-24.8;-20.0;-14.8;-9.3;-3.3;2.8;9.2;15.7;22.4;29.1;35.9;42.7;49.5;56.4;;;;;;;;;;;;;;;;;;;;;;;;;;;;;;;;;;;;;;;;;;;;;;;;;;;;;;;
4.200;;;;;;;;;;;;;;;;;;;;;;;;;;;;;;;;;;;;;;;;;;;;97.5;87.2;77.1;67.3;57.7;48.3;39.0;30.0;21.3;12.9;4.9;-2.7;-9.9;-16.5;-22.6;-28.1;-32.9;-37.2;-40.7;-43.6;-45.7;-47.2;-48.0;-48.1;-47.5;-46.3;-44.4;-42.0;-38.9;-35.3;-31.2;-26.7;-21.7;-16.4;-10.7;-4.8;1.3;7.6;14.0;20.4;26.9;33.5;40.1;46.7;53.4;60.2;;;;;;;;;;;;;;;;;;;;;;;;;;;;;;;;;;;;;;;;;;;;;;;;;;;;;
4.100;;;;;;;;;;;;;;;;;;;;;;;;;;;;;;;;;;;;;;;;;;99.0;89.1;79.6;70.3;61.3;52.4;43.7;35.1;26.7;18.5;10.6;2.9;-4.5;-11.4;-18.0;-24.1;-29.6;-34.7;-39.1;-43.0;-46.3;-48.9;-50.9;-52.2;-52.9;-53.0;-52.4;-51.2;-49.4;-47.1;-44.1;-40.7;-36.8;-32.5;-27.7;-22.7;-17.3;-11.6;-5.8;0.3;6.4;12.6;18.9;25.3;31.7;38.1;44.6;51.1;57.9;64.8;;;;;;;;;;;;;;;;;;;;;;;;;;;;;;;;;;;;;;;;;;;;;;;;;;;
4.000;;;;;;;;;;;;;;;;;;;;;;;;;;;;;;;;;;;;;;;;101.2;91.3;82.0;73.1;64.5;56.1;47.9;39.8;31.9;24.0;16.3;8.8;1.5;-5.5;-12.3;-18.7;-24.7;-30.3;-35.5;-40.1;-44.2;-47.8;-50.8;-53.3;-55.1;-56.3;-56.9;-57.0;-56.4;-55.3;-53.6;-51.4;-48.6;-45.4;-41.7;-37.6;-33.1;-28.2;-23.1;-17.7;-12.0;-6.3;-0.3;5.7;11.8;18.0;24.2;30.4;36.8;43.2;49.8;56.5;63.6;71.0;;;;;;;;;;;;;;;;;;;;;;;;;;;;;;;;;;;;;;;;;;;;;;;;;
3.900;;;;;;;;;;;;;;;;;;;;;;;;;;;;;;;;;;;;;;;94.1;84.5;75.7;67.3;59.3;51.5;43.9;36.3;28.9;21.6;14.4;7.3;0.4;-6.3;-12.8;-19.0;-25.0;-30.5;-35.7;-40.5;-44.8;-48.6;-51.9;-54.7;-57.0;-58.7;-59.9;-60.4;-60.5;-60.0;-58.9;-57.3;-55.2;-52.6;-49.6;-46.1;-42.2;-37.9;-33.3;-28.4;-23.2;-17.8;-12.3;-6.5;-0.7;5.2;11.2;17.3;23.4;29.7;36.0;42.4;49.1;56.0;63.3;71.0;;;;;;;;;;;;;;;;;;;;;;;;;;;;;;;;;;;;;;;;;;;;;;;;
3.800;;;;;;;;;;;;;;;;;;;;;;;;;;;;;;;;;;;;;99.2;88.7;79.3;70.7;62.7;55.0;47.7;40.5;33.5;26.6;19.7;13.0;6.3;-0.3;-6.7;-12.9;-18.9;-24.7;-30.2;-35.4;-40.2;-44.6;-48.7;-52.2;-55.3;-58.0;-60.1;-61.7;-62.8;-63.4;-63.5;-63.0;-62.0;-60.6;-58.6;-56.2;-53.3;-50.0;-46.4;-42.3;-37.9;-33.2;-28.3;-23.1;-17.7;-12.2;-6.5;-0.8;5.1;11.1;17.1;23.2;29.5;35.9;42.5;49.3;56.5;64.0;72.2;81.0;;;;;;;;;;;;;;;;;;;;;;;;;;;;;;;;;;;;;;;;;;;;;;
3.700;;;;;;;;;;;;;;;;;;;;;;;;;;;;;;;;;;;;95.0;84.5;75.1;66.7;58.8;51.5;44.5;37.7;31.1;24.5;18.1;11.7;5.4;-0.8;-6.9;-12.9;-18.7;-24.3;-29.7;-34.8;-39.6;-44.1;-48.3;-52.0;-55.4;-58.3;-60.8;-62.8;-64.4;-65.4;-66.0;-66.1;-65.7;-64.9;-63.5;-61.7;-59.5;-56.8;-53.7;-50.2;-46.4;-42.2;-37.8;-33.0;-28.0;-22.9;-17.5;-12.0;-6.4;-0.6;5.3;11.2;17.3;23.5;29.8;36.4;43.2;50.3;57.8;65.8;74.4;83.9;;;;;;;;;;;;;;;;;;;;;;;;;;;;;;;;;;;;;;;;;;;;;
3.600;;;;;;;;;;;;;;;;;;;;;;;;;;;;;;;;;;;93.0;82.0;72.6;64.0;56.3;49.0;42.2;35.7;29.3;23.1;17.0;10.9;4.9;-1.0;-6.8;-12.5;-18.1;-23.6;-28.8;-33.9;-38.7;-43.2;-47.4;-51.3;-54.9;-58.1;-60.8;-63.2;-65.2;-66.6;-67.7;-68.3;-68.5;-68.2;-67.4;-66.2;-64.6;-62.4;-60.0;-57.1;-53.8;-50.2;-46.2;-42.0;-37.4;-32.6;-27.6;-22.4;-17.1;-11.5;-5.9;-0.1;5.8;11.8;18.0;24.4;30.9;37.7;44.8;52.3;60.2;68.8;78.0;88.1;;;;;;;;;;;;;;;;;;;;;;;;;;;;;;;;;;;;;;;;;;;;
3.500;;;;;;;;;;;;;;;;;;;;;;;;;;;;;;;;;;92.2;81.0;71.1;62.5;54.6;47.4;40.7;34.3;28.1;22.1;16.2;10.4;4.6;-1.0;-6.6;-12.1;-17.5;-22.8;-27.9;-32.8;-37.6;-42.1;-46.4;-50.4;-54.1;-57.4;-60.4;-63.1;-65.4;-67.3;-68.7;-69.8;-70.4;-70.6;-70.4;-69.8;-68.7;-67.2;-65.3;-63.0;-60.2;-57.2;-53.7;-50.0;-45.9;-41.6;-37.0;-32.1;-27.1;-21.8;-16.4;-10.8;-5.1;0.8;6.8;12.9;19.3;25.8;32.6;39.8;47.2;55.2;63.6;72.8;82.7;93.6;105.5;;;;;;;;;;;;;;;;;;;;;;;;;;;;;;;;;;;;;;;;;;
3.400;;;;;;;;;;;;;;;;;;;;;;;;;;;;;;;;107.6;93.6;81.6;71.4;62.3;54.3;46.9;40.1;33.7;27.6;21.7;16.0;10.4;4.8;-0.7;-6.1;-11.4;-16.6;-21.7;-26.7;-31.6;-36.3;-40.8;-45.1;-49.1;-52.9;-56.4;-59.6;-62.5;-65.1;-67.3;-69.1;-70.6;-71.6;-72.3;-72.6;-72.4;-71.9;-71.0;-69.6;-67.9;-65.7;-63.2;-60.3;-57.1;-53.5;-49.6;-45.4;-41.0;-36.3;-31.4;-26.2;-20.9;-15.4;-9.7;-3.9;2.1;8.3;14.7;21.2;28.1;35.2;42.7;50.7;59.1;68.2;78.0;88.7;100.3;113.3;;;;;;;;;;;;;;;;;;;;;;;;;;;;;;;;;;;;;;;;;
3.300;;;;;;;;;;;;;;;;;;;;;;;;;;;;;;;111.6;96.3;83.7;72.7;63.3;54.9;47.4;40.4;34.0;27.8;22.0;16.3;10.7;5.3;-0.1;-5.3;-10.5;-15.6;-20.6;-25.5;-30.3;-34.9;-39.3;-43.6;-47.7;-51.5;-55.1;-58.5;-61.6;-64.3;-66.8;-69.0;-70.8;-72.2;-73.3;-74.1;-74.4;-74.4;-73.9;-73.1;-71.9;-70.3;-68.3;-66.0;-63.3;-60.2;-56.8;-53.1;-49.1;-44.8;-40.2;-35.4;-30.3;-25.1;-19.6;-14.0;-8.2;-2.2;4.0;10.4;17.0;23.9;31.1;38.6;46.6;55.0;64.1;73.8;84.3;95.8;108.4;122.2;;;;;;;;;;;;;;;;;;;;;;;;;;;;;;;;;;;;;;;;
3.200;;;;;;;;;;;;;;;;;;;;;;;;;;;;;;117.4;101.2;87.4;75.9;65.7;57.0;49.0;41.9;35.2;28.9;23.0;17.3;11.7;6.3;1.0;-4.2;-9.3;-14.3;-19.2;-24.0;-28.7;-33.3;-37.7;-41.9;-46.0;-49.9;-53.6;-57.1;-60.3;-63.3;-66.0;-68.4;-70.5;-72.3;-73.7;-74.9;-75.6;-76.1;-76.1;-75.8;-75.1;-74.0;-72.6;-70.7;-68.5;-66.0;-63.1;-59.8;-56.3;-52.4;-48.2;-43.8;-39.0;-34.1;-28.9;-23.5;-17.9;-12.1;-6.1;0.1;6.6;13.2;20.2;27.4;35.0;43.0;51.4;60.4;70.1;80.5;91.8;104.1;117.6;132.5;;;;;;;;;;;;;;;;;;;;;;;;;;;;;;;;;;;;;;;
3.100;;;;;;;;;;;;;;;;;;;;;;;;;;;;;;107.4;92.7;80.1;69.4;60.0;51.7;44.2;37.3;30.8;24.7;18.9;13.3;7.9;2.6;-2.6;-7.7;-12.7;-17.6;-22.3;-27.0;-31.5;-35.9;-40.1;-44.2;-48.2;-51.9;-55.5;-58.8;-61.9;-64.8;-67.4;-69.8;-71.8;-73.6;-75.1;-76.2;-77.1;-77.6;-77.7;-77.5;-76.9;-76.0;-74.6;-73.0;-70.9;-68.5;-65.7;-62.6;-59.2;-55.4;-51.4;-47.0;-42.4;-37.5;-32.4;-27.0;-21.4;-15.6;-9.6;-3.4;3.1;9.8;16.8;24.1;31.7;39.7;48.2;57.2;66.8;77.1;88.2;100.3;113.5;128.0;143.8;;;;;;;;;;;;;;;;;;;;;;;;;;;;;;;;;;;;;;
3.000;;;;;;;;;;;;;;;;;;;;;;;;;;;;;115.6;99.4;86.0;74.4;64.4;55.5;47.6;40.4;33.7;27.3;21.4;15.6;10.1;4.7;-0.6;-5.7;-10.7;-15.6;-20.3;-25.0;-29.5;-33.9;-38.1;-42.2;-46.2;-50.0;-53.6;-57.0;-60.2;-63.2;-66.0;-68.6;-70.9;-73.0;-74.8;-76.2;-77.4;-78.3;-78.9;-79.1;-79.0;-78.5;-77.7;-76.5;-74.9;-73.0;-70.7;-68.1;-65.1;-61.8;-58.2;-54.2;-49.9;-45.4;-40.6;-35.5;-30.1;-24.6;-18.8;-12.7;-6.5;0.1;6.8;13.8;21.2;28.8;36.8;45.3;54.3;63.8;74.1;85.1;97.0;109.8;123.9;139.3;156.3;;;;;;;;;;;;;;;;;;;;;;;;;;;;;;;;;;;;;
2.900;;;;;;;;;;;;;;;;;;;;;;;;;;;;125.1;107.7;93.0;80.6;69.8;60.5;52.0;44.4;37.3;30.8;24.5;18.6;12.9;7.4;2.0;-3.2;-8.3;-13.2;-18.0;-22.7;-27.2;-31.6;-35.9;-40.0;-44.0;-47.8;-51.5;-55.0;-58.3;-61.4;-64.4;-67.1;-69.6;-71.9;-73.9;-75.7;-77.2;-78.5;-79.4;-80.0;-80.3;-80.3;-79.9;-79.2;-78.1;-76.7;-74.8;-72.7;-70.2;-67.3;-64.1;-60.5;-56.7;-52.5;-48.0;-43.2;-38.2;-32.9;-27.3;-21.5;-15.4;-9.1;-2.6;4.2;11.2;18.6;26.3;34.3;42.8;51.8;61.2;71.4;82.2;93.9;106.5;120.3;135.2;151.6;169.5;;;;;;;;;;;;;;;;;;;;;;;;;;;;;;;;;;;;
2.800;;;;;;;;;;;;;;;;;;;;;;;;;;;136.7;117.4;101.5;88.0;76.5;66.4;57.5;49.3;42.0;35.0;28.5;22.3;16.4;10.7;5.2;-0.1;-5.3;-10.4;-15.3;-20.0;-24.6;-29.1;-33.4;-37.6;-41.6;-45.5;-49.2;-52.7;-56.1;-59.3;-62.4;-65.3;-67.9;-70.4;-72.7;-74.7;-76.5;-78.0;-79.3;-80.2;-80.9;-81.3;-81.3;-81.0;-80.4;-79.4;-78.1;-76.4;-74.3;-71.9;-69.1;-66.0;-62.5;-58.7;-54.6;-50.2;-45.4;-40.4;-35.1;-29.5;-23.7;-17.7;-11.4;-4.8;2.0;9.1;16.5;24.2;32.2;40.7;49.6;59.0;69.0;79.7;91.2;103.5;117.0;131.4;147.3;164.6;;;;;;;;;;;;;;;;;;;;;;;;;;;;;;;;;;;;
2.700;;;;;;;;;;;;;;;;;;;;;;;;;;149.5;128.5;111.0;96.5;84.0;73.3;63.7;55.2;47.4;40.1;33.3;26.9;20.7;14.8;9.0;3.5;-1.8;-7.0;-12.1;-16.9;-21.6;-26.2;-30.6;-34.8;-38.9;-42.8;-46.6;-50.2;-53.7;-57.0;-60.1;-63.1;-65.9;-68.5;-70.9;-73.2;-75.2;-77.0;-78.5;-79.8;-80.8;-81.6;-82.0;-82.1;-81.9;-81.4;-80.4;-79.2;-77.6;-75.6;-73.3;-70.6;-67.5;-64.1;-60.4;-56.3;-51.9;-47.2;-42.2;-36.9;-31.4;-25.6;-19.5;-13.2;-6.6;0.2;7.3;14.7;22.4;30.4;38.9;47.7;57.0;66.9;77.4;88.7;100.8;113.9;127.9;143.3;160.0;178.3;;;;;;;;;;;;;;;;;;;;;;;;;;;;;;;;;;;
2.600;;;;;;;;;;;;;;;;;;;;;;;;;;140.9;122.0;106.0;92.7;81.1;71.0;61.9;53.6;46.0;38.9;32.1;25.7;19.5;13.6;7.8;2.3;-3.1;-8.3;-13.3;-18.2;-22.8;-27.3;-31.7;-35.8;-39.8;-43.7;-47.4;-50.9;-54.3;-57.5;-60.6;-63.5;-66.2;-68.8;-71.2;-73.4;-75.4;-77.2;-78.8;-80.1;-81.1;-81.9;-82.4;-82.6;-82.4;-82.0;-81.1;-80.0;-78.4;-76.5;-74.3;-71.6;-68.6;-65.3;-61.6;-57.6;-53.2;-48.5;-43.5;-38.3;-32.7;-26.9;-20.8;-14.5;-7.9;-1.1;6.0;13.4;21.0;29.0;37.4;46.1;55.3;65.1;75.4;86.5;98.2;111.0;124.6;139.5;155.6;173.2;192.4;;;;;;;;;;;;;;;;;;;;;;;;;;;;;;;;;;
2.500;;;;;;;;;;;;;;;;;;;;;;;;;155.0;133.8;116.6;102.0;89.7;78.8;69.3;60.6;52.6;45.1;38.1;31.4;25.0;18.7;12.8;7.0;1.4;-4.0;-9.2;-14.2;-19.0;-23.7;-28.1;-32.4;-36.5;-40.4;-44.2;-47.8;-51.3;-54.6;-57.7;-60.7;-63.6;-66.3;-68.8;-71.2;-73.4;-75.3;-77.1;-78.7;-80.1;-81.1;-82.0;-82.5;-82.7;-82.6;-82.2;-81.4;-80.4;-78.9;-77.1;-74.8;-72.3;-69.3;-66.0;-62.4;-58.4;-54.0;-49.4;-44.4;-39.1;-33.6;-27.8;-21.7;-15.4;-8.8;-2.0;5.1;12.4;20.0;28.0;36.2;44.9;53.9;63.5;73.6;84.4;95.9;108.2;121.4;135.8;151.3;168.3;186.7;;;;;;;;;;;;;;;;;;;;;;;;;;;;;;;;;;
2.400;;;;;;;;;;;;;;;;;;;;;;;;170.3;147.1;128.0;112.4;99.0;87.5;77.3;68.2;59.8;52.1;44.7;37.7;31.0;24.6;18.4;12.4;6.6;0.9;-4.5;-9.7;-14.7;-19.5;-24.1;-28.5;-32.8;-36.8;-40.7;-44.4;-47.9;-51.3;-54.5;-57.6;-60.5;-63.3;-66.0;-68.5;-70.8;-73.0;-74.9;-76.7;-78.3;-79.7;-80.8;-81.6;-82.2;-82.5;-82.4;-82.1;-81.4;-80.3;-78.9;-77.1;-74.9;-72.4;-69.5;-66.3;-62.6;-58.7;-54.3;-49.7;-44.8;-39.5;-34.0;-28.2;-22.1;-15.8;-9.3;-2.5;4.6;11.8;19.4;27.2;35.4;43.9;52.8;62.1;72.0;82.5;93.6;105.6;118.4;132.3;147.2;163.5;181.2;200.6;;;;;;;;;;;;;;;;;;;;;;;;;;;;;;;;;
2.300;;;;;;;;;;;;;;;;;;;;;;;;161.4;140.5;123.2;108.9;96.6;85.9;76.3;67.6;59.5;51.9;44.7;37.7;31.1;24.6;18.4;12.3;6.5;0.8;-4.6;-9.8;-14.8;-19.6;-24.2;-28.6;-32.8;-36.7;-40.5;-44.2;-47.6;-50.9;-54.1;-57.1;-60.0;-62.7;-65.3;-67.8;-70.1;-72.2;-74.2;-76.0;-77.6;-79.0;-80.1;-81.0;-81.5;-81.9;-81.9;-81.6;-80.9;-79.9;-78.5;-76.8;-74.6;-72.1;-69.3;-66.0;-62.4;-58.5;-54.2;-49.6;-44.6;-39.4;-33.9;-28.1;-22.1;-15.8;-9.3;-2.6;4.4;11.6;19.1;26.8;34.8;43.1;51.8;60.9;70.5;80.7;91.5;103.0;115.4;128.7;143.1;158.8;175.7;194.3;214.5;;;;;;;;;;;;;;;;;;;;;;;;;;;;;;;;
2.200;;;;;;;;;;;;;;;;;;;;;;;177.4;153.9;135.1;119.4;106.2;94.8;84.8;75.7;67.3;59.5;52.1;44.9;38.1;31.4;25.0;18.7;12.6;6.7;1.1;-4.4;-9.6;-14.6;-19.4;-23.9;-28.2;-32.4;-36.3;-40.0;-43.6;-47.0;-50.2;-53.3;-56.3;-59.1;-61.8;-64.3;-66.7;-69.0;-71.1;-73.1;-74.9;-76.4;-77.8;-79.0;-79.9;-80.5;-80.8;-80.8;-80.6;-79.9;-79.0;-77.6;-75.9;-73.8;-71.4;-68.5;-65.3;-61.7;-57.8;-53.5;-48.9;-44.0;-38.8;-33.3;-27.6;-21.6;-15.4;-8.9;-2.2;4.7;11.8;19.1;26.6;34.5;42.6;51.1;59.9;69.2;79.0;89.4;100.5;112.4;125.2;139.0;154.0;170.2;188.0;207.3;;;;;;;;;;;;;;;;;;;;;;;;;;;;;;;;
2.100;;;;;;;;;;;;;;;;;;;;;;;168.6;147.5;130.5;116.2;104.1;93.5;84.1;75.5;67.5;59.8;52.6;45.5;38.7;32.0;25.6;19.3;13.2;7.3;1.6;-3.8;-9.0;-14.0;-18.8;-23.3;-27.5;-31.6;-35.5;-39.1;-42.6;-45.9;-49.1;-52.1;-55.0;-57.8;-60.4;-62.9;-65.3;-67.5;-69.6;-71.6;-73.3;-74.9;-76.3;-77.4;-78.4;-79.0;-79.4;-79.4;-79.2;-78.5;-77.6;-76.3;-74.6;-72.5;-70.1;-67.3;-64.1;-60.5;-56.7;-52.4;-47.8;-42.9;-37.8;-32.3;-26.6;-20.7;-14.5;-8.1;-1.5;5.2;12.2;19.4;26.8;34.4;42.3;50.5;59.0;68.0;77.4;87.4;98.1;109.4;121.7;134.8;149.2;164.6;181.7;200.2;220.6;;;;;;;;;;;;;;;;;;;;;;;;;;;;;;;
2.000;;;;;;;;;;;;;;;;;;;;;;184.6;161.1;142.1;126.7;113.6;102.5;92.6;83.8;75.6;67.9;60.5;53.3;46.4;39.6;33.0;26.5;20.2;14.1;8.2;2.5;-2.9;-8.1;-13.1;-17.8;-22.2;-26.5;-30.5;-34.3;-37.9;-41.3;-44.5;-47.6;-50.6;-53.4;-56.1;-58.7;-61.1;-63.5;-65.7;-67.7;-69.7;-71.4;-73.0;-74.4;-75.5;-76.4;-77.1;-77.5;-77.5;-77.3;-76.7;-75.8;-74.5;-72.8;-70.8;-68.4;-65.6;-62.4;-58.9;-55.0;-50.8;-46.2;-41.4;-36.3;-30.9;-25.2;-19.3;-13.2;-7.0;-0.5;6.1;13.0;20.0;27.1;34.5;42.2;50.1;58.3;66.9;75.9;85.4;95.6;106.4;118.1;130.6;144.3;159.0;175.3;193.0;212.6;;;;;;;;;;;;;;;;;;;;;;;;;;;;;;;
1.900;;;;;;;;;;;;;;;;;;;;;;175.8;154.6;137.4;123.5;111.5;101.3;92.1;83.8;76.0;68.5;61.3;54.3;47.5;40.7;34.1;27.7;21.4;15.3;9.4;3.7;-1.7;-6.9;-11.8;-16.4;-20.9;-25.0;-29.0;-32.7;-36.2;-39.5;-42.7;-45.7;-48.6;-51.4;-54.0;-56.5;-58.9;-61.2;-63.4;-65.4;-67.3;-69.1;-70.6;-72.0;-73.1;-74.1;-74.7;-75.1;-75.2;-75.0;-74.4;-73.5;-72.2;-70.6;-68.5;-66.2;-63.4;-60.3;-56.8;-52.9;-48.7;-44.2;-39.4;-34.3;-29.0;-23.4;-17.6;-11.6;-5.5;0.9;7.3;14.0;20.8;27.7;34.8;42.2;49.8;57.6;65.8;74.4;83.5;93.1;103.4;114.4;126.3;139.3;153.3;168.9;185.7;204.4;224.9;;;;;;;;;;;;;;;;;;;;;;;;;;;;;;
1.800;;;;;;;;;;;;;;;;;;;;;192.5;168.1;149.1;133.5;120.8;109.9;100.5;91.9;84.0;76.6;69.4;62.4;55.5;48.7;42.1;35.5;29.1;22.8;16.7;10.9;5.2;-0.2;-5.3;-10.2;-14.8;-19.1;-23.2;-27.1;-30.7;-34.2;-37.4;-40.5;-43.5;-46.3;-49.0;-51.5;-54.0;-56.3;-58.6;-60.7;-62.7;-64.6;-66.3;-67.8;-69.2;-70.3;-71.2;-71.9;-72.3;-72.4;-72.2;-71.6;-70.7;-69.5;-67.9;-65.9;-63.5;-60.7;-57.7;-54.2;-50.4;-46.2;-41.8;-37.0;-32.0;-26.7;-21.3;-15.6;-9.7;-3.7;2.5;8.8;15.2;21.8;28.5;35.3;42.3;49.5;57.0;64.8;72.9;81.5;90.6;100.2;110.7;121.9;134.2;147.6;162.3;178.3;196.2;215.8;;;;;;;;;;;;;;;;;;;;;;;;;;;;;;
1.700;;;;;;;;;;;;;;;;;;;;;183.4;161.5;144.3;130.2;118.6;108.7;99.9;91.9;84.5;77.4;70.5;63.6;56.9;50.2;43.6;37.1;30.7;24.5;18.4;12.6;7.0;1.7;-3.4;-8.2;-12.8;-17.0;-21.1;-24.8;-28.4;-31.8;-34.9;-38.0;-40.8;-43.5;-46.2;-48.7;-51.1;-53.3;-55.5;-57.6;-59.6;-61.4;-63.1;-64.6;-66.0;-67.1;-68.0;-68.7;-69.1;-69.2;-69.0;-68.4;-67.5;-66.3;-64.7;-62.7;-60.4;-57.7;-54.6;-51.2;-47.4;-43.3;-38.9;-34.3;-29.3;-24.2;-18.8;-13.2;-7.5;-1.6;4.4;10.5;16.6;22.9;29.3;35.9;42.5;49.4;56.4;63.7;71.4;79.4;88.0;97.1;106.9;117.5;129.1;141.7;155.6;170.9;187.9;206.6;227.6;;;;;;;;;;;;;;;;;;;;;;;;;;;;;
1.600;;;;;;;;;;;;;;;;;;;;200.9;175.5;155.7;140.1;127.4;116.9;107.7;99.7;92.2;85.2;78.4;71.7;65.1;58.5;51.9;45.4;38.9;32.6;26.4;20.4;14.6;9.1;3.8;-1.2;-6.0;-10.4;-14.6;-18.6;-22.3;-25.7;-29.0;-32.1;-35.0;-37.8;-40.4;-43.0;-45.4;-47.7;-50.0;-52.1;-54.1;-56.1;-57.8;-59.5;-61.0;-62.3;-63.4;-64.4;-65.0;-65.4;-65.5;-65.3;-64.8;-63.9;-62.7;-61.1;-59.2;-56.9;-54.2;-51.2;-47.8;-44.1;-40.1;-35.8;-31.2;-26.3;-21.3;-16.0;-10.6;-5.0;0.6;6.4;12.3;18.2;24.2;30.3;36.5;42.8;49.2;55.8;62.7;69.8;77.3;85.3;93.8;103.0;112.9;123.8;135.7;148.9;163.4;179.6;197.5;217.6;;;;;;;;;;;;;;;;;;;;;;;;;;;;;
1.500;;;;;;;;;;;;;;;;;;;;191.6;168.7;150.7;136.6;125.0;115.5;107.1;99.6;92.6;86.0;79.5;73.1;66.6;60.2;53.7;47.3;40.9;34.6;28.5;22.6;16.8;11.4;6.1;1.2;-3.5;-7.8;-11.9;-15.8;-19.4;-22.8;-25.9;-28.9;-31.8;-34.4;-37.0;-39.4;-41.8;-44.1;-46.2;-48.3;-50.3;-52.1;-53.9;-55.5;-57.0;-58.3;-59.4;-60.3;-60.9;-61.3;-61.4;-61.3;-60.7;-59.9;-58.7;-57.2;-55.3;-53.0;-50.4;-47.4;-44.1;-40.4;-36.5;-32.3;-27.8;-23.0;-18.1;-13.0;-7.8;-2.4;3.1;8.6;14.2;19.9;25.6;31.4;37.2;43.1;49.0;55.2;61.5;68.2;75.1;82.5;90.4;98.9;108.2;118.4;129.6;142.0;155.7;171.2;188.3;207.6;;;;;;;;;;;;;;;;;;;;;;;;;;;;;
1.400;;;;;;;;;;;;;;;;;;;;183.5;162.7;146.3;133.6;123.1;114.4;106.7;99.8;93.3;87.0;80.8;74.6;68.3;62.0;55.7;49.3;43.0;36.9;30.8;24.9;19.3;13.9;8.7;3.9;-0.7;-5.0;-9.0;-12.7;-16.2;-19.5;-22.6;-25.4;-28.2;-30.8;-33.2;-35.6;-37.9;-40.0;-42.1;-44.1;-46.1;-47.9;-49.6;-51.2;-52.6;-53.9;-55.0;-55.9;-56.5;-56.9;-57.0;-56.9;-56.3;-55.5;-54.4;-52.9;-51.0;-48.8;-46.2;-43.3;-40.0;-36.5;-32.6;-28.5;-24.1;-19.5;-14.7;-9.8;-4.7;0.4;5.7;11.0;16.3;21.6;27.0;32.4;37.8;43.3;48.8;54.5;60.4;66.4;72.8;79.6;86.9;94.8;103.4;112.9;123.4;135.1;148.1;162.8;179.1;197.6;218.3;;;;;;;;;;;;;;;;;;;;;;;;;;;;
1.300;;;;;;;;;;;;;;;;;;;201.9;176.6;157.5;142.7;131.1;121.5;113.6;106.5;100.1;94.0;88.1;82.1;76.2;70.1;63.9;57.7;51.5;45.3;39.2;33.2;27.5;21.9;16.6;11.5;6.8;2.3;-1.9;-5.8;-9.4;-12.8;-15.9;-18.9;-21.7;-24.3;-26.8;-29.2;-31.4;-33.6;-35.7;-37.7;-39.7;-41.5;-43.3;-45.0;-46.5;-47.9;-49.2;-50.2;-51.1;-51.7;-52.1;-52.2;-52.1;-51.6;-50.8;-49.7;-48.2;-46.4;-44.2;-41.7;-38.9;-35.7;-32.2;-28.5;-24.5;-20.2;-15.8;-11.2;-6.5;-1.6;3.3;8.3;13.3;18.4;23.4;28.4;33.4;38.4;43.5;48.5;53.7;59.1;64.6;70.4;76.6;83.3;90.6;98.5;107.4;117.1;128.2;140.4;154.4;170.0;187.8;207.7;;;;;;;;;;;;;;;;;;;;;;;;;;;;
1.200;;;;;;;;;;;;;;;;;;;193.8;170.5;153.1;139.5;129.0;120.3;113.0;106.5;100.6;94.9;89.3;83.6;77.8;72.0;66.0;59.9;53.8;47.7;41.7;35.8;30.1;24.7;19.5;14.5;9.9;5.5;1.5;-2.3;-5.8;-9.1;-12.2;-15.0;-17.7;-20.2;-22.6;-24.8;-27.0;-29.1;-31.1;-33.0;-34.9;-36.7;-38.4;-40.0;-41.5;-42.9;-44.1;-45.2;-46.0;-46.7;-47.1;-47.2;-47.0;-46.6;-45.8;-44.7;-43.3;-41.5;-39.4;-37.0;-34.2;-31.2;-27.8;-24.2;-20.3;-16.2;-12.0;-7.6;-3.0;1.6;6.3;11.0;15.7;20.4;25.1;29.7;34.3;38.9;43.5;48.1;52.8;57.6;62.6;67.9;73.5;79.6;86.2;93.5;101.7;110.8;121.2;132.7;146.0;160.9;178.0;197.2;;;;;;;;;;;;;;;;;;;;;;;;;;;;
1.100;;;;;;;;;;;;;;;;;;;186.9;165.4;149.4;136.9;127.3;119.4;112.7;106.8;101.3;95.9;90.6;85.2;79.6;73.9;68.1;62.1;56.1;50.2;44.3;38.5;32.9;27.6;22.5;17.6;13.1;8.9;4.9;1.3;-2.1;-5.3;-8.2;-10.9;-13.5;-15.9;-18.1;-20.3;-22.4;-24.3;-26.3;-28.1;-29.9;-31.6;-33.3;-34.8;-36.3;-37.6;-38.8;-39.8;-40.7;-41.3;-41.7;-41.8;-41.7;-41.3;-40.6;-39.5;-38.1;-36.4;-34.4;-32.1;-29.4;-26.4;-23.2;-19.7;-16.0;-12.1;-8.1;-3.8;0.5;4.8;9.2;13.7;18.1;22.4;26.7;31.0;35.2;39.3;43.5;47.6;51.8;56.1;60.5;65.2;70.3;75.7;81.8;88.5;96.0;104.5;114.2;125.1;137.7;152.0;168.4;186.9;208.3;;;;;;;;;;;;;;;;;;;;;;;;;;;
1.000;;;;;;;;;;;;;;;;;;207.7;181.0;161.0;146.2;134.8;126.0;118.7;112.6;107.2;102.0;97.0;92.0;86.8;81.4;75.9;70.2;64.4;58.5;52.7;46.9;41.3;35.8;30.5;25.6;20.8;16.4;12.3;8.5;5.0;1.7;-1.3;-4.1;-6.7;-9.1;-11.4;-13.5;-15.6;-17.5;-19.4;-21.3;-23.0;-24.7;-26.4;-28.0;-29.5;-30.9;-32.1;-33.3;-34.3;-35.1;-35.8;-36.2;-36.3;-36.2;-35.8;-35.1;-34.1;-32.8;-31.2;-29.3;-27.0;-24.5;-21.6;-18.5;-15.2;-11.7;-8.0;-4.1;-0.1;3.9;8.0;12.2;16.3;20.3;24.3;28.3;32.1;35.9;39.6;43.3;46.9;50.6;54.4;58.3;62.4;66.9;71.8;77.3;83.3;90.3;98.2;107.3;117.6;129.6;143.2;159.0;176.9;197.7;;;;;;;;;;;;;;;;;;;;;;;;;;;
0.900;;;;;;;;;;;;;;;;;;201.1;176.1;157.5;143.7;133.2;125.0;118.4;112.8;107.7;102.9;98.2;93.4;88.5;83.3;77.9;72.4;66.7;61.0;55.2;49.6;44.0;38.7;33.6;28.7;24.1;19.8;15.8;12.2;8.8;5.6;2.7;0.1;-2.4;-4.7;-6.8;-8.8;-10.8;-12.6;-14.4;-16.1;-17.8;-19.4;-21.0;-22.5;-23.9;-25.3;-26.5;-27.6;-28.6;-29.4;-30.0;-30.4;-30.6;-30.5;-30.2;-29.5;-28.6;-27.4;-25.8;-24.0;-21.8;-19.4;-16.7;-13.8;-10.6;-7.3;-3.8;-0.2;3.6;7.3;11.2;15.0;18.7;22.5;26.1;29.6;33.1;36.4;39.7;42.9;46.1;49.2;52.5;55.9;59.5;63.5;67.8;72.7;78.2;84.6;91.9;100.4;110.1;121.6;134.6;149.8;167.2;187.5;;;;;;;;;;;;;;;;;;;;;;;;;;;
0.800;;;;;;;;;;;;;;;;;;195.6;172.0;154.6;141.7;131.9;124.4;118.3;113.1;108.4;103.9;99.5;94.9;90.2;85.2;80.0;74.5;69.0;63.4;57.8;52.3;46.8;41.6;36.6;31.9;27.4;23.3;19.4;15.9;12.6;9.6;6.8;4.3;2.0;-0.2;-2.2;-4.1;-5.9;-7.6;-9.3;-10.9;-12.4;-14.0;-15.4;-16.9;-18.3;-19.5;-20.7;-21.8;-22.8;-23.6;-24.2;-24.6;-24.8;-24.7;-24.4;-23.8;-23.0;-21.8;-20.4;-18.6;-16.6;-14.4;-11.8;-9.1;-6.1;-3.0;0.3;3.7;7.2;10.7;14.2;17.7;21.1;24.4;27.7;30.8;33.9;36.8;39.6;42.3;45.0;47.7;50.5;53.4;56.5;59.9;63.7;68.1;73.0;78.9;85.6;93.7;102.9;113.8;126.3;141.0;157.9;177.6;;;;;;;;;;;;;;;;;;;;;;;;;;;
0.700;;;;;;;;;;;;;;;;;;191.3;168.9;152.4;140.3;131.1;124.1;118.4;113.6;109.2;105.0;100.8;96.4;91.9;87.0;82.0;76.7;71.3;65.8;60.3;54.9;49.6;44.5;39.6;35.0;30.7;26.6;22.9;19.5;16.4;13.5;10.9;8.5;6.4;4.3;2.5;0.7;-1.0;-2.6;-4.1;-5.6;-7.1;-8.5;-9.9;-11.3;-12.6;-13.8;-14.9;-16.0;-16.9;-17.7;-18.3;-18.7;-18.9;-18.9;-18.6;-18.1;-17.3;-16.3;-14.9;-13.3;-11.4;-9.3;-7.0;-4.4;-1.6;1.3;4.3;7.4;10.6;13.8;17.0;20.1;23.2;26.2;29.1;31.8;34.4;36.9;39.2;41.5;43.8;46.0;48.3;50.7;53.3;56.2;59.5;63.4;67.9;73.3;79.5;87.1;95.8;106.2;118.3;132.6;149.0;168.3;190.5;;;;;;;;;;;;;;;;;;;;;;;;;;
0.600;;;;;;;;;;;;;;;;;;187.9;166.5;150.8;139.3;130.7;124.1;118.7;114.2;110.1;106.2;102.2;98.0;93.6;88.9;83.9;78.8;73.5;68.1;62.8;57.5;52.3;47.3;42.5;38.0;33.8;30.0;26.4;23.1;20.1;17.4;14.9;12.7;10.7;8.8;7.1;5.4;3.9;2.4;1.0;-0.4;-1.7;-3.1;-4.4;-5.6;-6.9;-8.0;-9.1;-10.1;-11.0;-11.8;-12.4;-12.8;-13.1;-13.1;-12.9;-12.4;-11.7;-10.8;-9.5;-8.1;-6.3;-4.4;-2.2;0.2;2.7;5.4;8.1;11.0;13.9;16.8;19.6;22.4;25.1;27.7;30.2;32.5;34.7;36.8;38.7;40.5;42.3;44.1;45.9;47.9;50.0;52.5;55.3;58.8;62.8;67.8;73.6;80.7;89.0;99.0;110.6;124.5;140.6;159.5;181.3;;;;;;;;;;;;;;;;;;;;;;;;;;
0.500;;;;;;;;;;;;;;;;;;185.6;164.9;149.8;138.8;130.6;124.3;119.3;115.0;111.1;107.4;103.6;99.5;95.2;90.7;85.8;80.8;75.6;70.4;65.1;59.9;54.8;50.0;45.3;41.0;36.9;33.2;29.7;26.6;23.7;21.2;18.8;16.8;14.9;13.1;11.5;10.0;8.6;7.3;6.0;4.8;3.5;2.3;1.1;-0.1;-1.3;-2.4;-3.4;-4.4;-5.2;-6.0;-6.6;-7.0;-7.3;-7.4;-7.2;-6.8;-6.2;-5.4;-4.2;-2.9;-1.3;0.4;2.4;4.6;6.9;9.3;11.8;14.3;16.9;19.5;22.0;24.5;26.8;29.0;31.1;33.0;34.8;36.4;37.9;39.3;40.7;42.0;43.4;44.9;46.6;48.7;51.1;54.2;57.8;62.4;67.8;74.5;82.4;92.1;103.4;117.0;132.7;151.3;172.8;;;;;;;;;;;;;;;;;;;;;;;;;;
0.400;;;;;;;;;;;;;;;;;212.2;184.1;164.0;149.3;138.8;130.8;124.8;120.0;116.0;112.2;108.6;104.9;101.0;96.8;92.4;87.7;82.7;77.7;72.5;67.3;62.2;57.3;52.5;48.0;43.8;39.8;36.2;32.9;29.9;27.2;24.7;22.6;20.6;18.9;17.3;15.8;14.5;13.2;12.0;10.9;9.7;8.6;7.5;6.4;5.3;4.2;3.2;2.2;1.3;0.4;-0.3;-0.9;-1.4;-1.6;-1.7;-1.6;-1.4;-0.8;-0.1;0.9;2.1;3.5;5.1;6.8;8.7;10.8;13.0;15.2;17.4;19.7;22.0;24.1;26.2;28.2;30.0;31.7;33.2;34.6;35.8;36.9;37.9;38.8;39.7;40.7;41.9;43.2;44.9;46.9;49.6;52.9;57.1;62.2;68.6;76.2;85.6;96.6;109.9;125.3;143.7;165.0;;;;;;;;;;;;;;;;;;;;;;;;;;
0.300;;;;;;;;;;;;;;;;;211.1;183.5;163.8;149.5;139.1;131.4;125.6;120.9;117.0;113.4;109.9;106.3;102.5;98.4;94.0;89.4;84.5;79.5;74.4;69.4;64.4;59.5;54.9;50.5;46.3;42.5;39.0;35.8;33.0;30.4;28.1;26.1;24.3;22.7;21.2;19.9;18.7;17.6;16.5;15.5;14.5;13.5;12.5;11.5;10.5;9.5;8.5;7.6;6.7;5.9;5.2;4.6;4.1;3.8;3.7;3.7;3.9;4.3;4.9;5.8;6.8;8.0;9.4;11.0;12.7;14.5;16.3;18.3;20.2;22.2;24.1;25.9;27.6;29.2;30.7;32.0;33.1;34.1;34.9;35.6;36.2;36.8;37.3;37.9;38.7;39.7;41.0;42.8;45.1;48.1;52.1;56.9;63.0;70.4;79.6;90.4;103.4;118.7;136.9;158.0;;;;;;;;;;;;;;;;;;;;;;;;;;
0.200;;;;;;;;;;;;;;;;;210.9;183.6;164.2;150.0;139.8;132.2;126.5;121.9;118.1;114.6;111.1;107.6;103.9;99.8;95.5;91.0;86.2;81.2;76.2;71.3;66.3;61.6;57.0;52.7;48.7;45.0;41.6;38.5;35.8;33.4;31.2;29.3;27.7;26.2;24.9;23.8;22.7;21.7;20.8;19.9;19.0;18.1;17.3;16.4;15.5;14.6;13.7;12.8;12.0;11.2;10.5;9.9;9.4;9.1;8.8;8.8;8.9;9.3;9.7;10.4;11.3;12.3;13.5;14.8;16.3;17.8;19.4;21.1;22.7;24.4;25.9;27.4;28.8;30.0;31.1;32.0;32.8;33.4;33.8;34.1;34.4;34.6;34.8;35.1;35.5;36.2;37.2;38.7;40.8;43.5;47.2;51.8;57.8;65.0;73.9;84.6;97.5;112.6;130.7;151.7;;;;;;;;;;;;;;;;;;;;;;;;;;
0.100;;;;;;;;;;;;;;;;;211.8;184.6;165.2;151.1;140.9;133.3;127.7;123.1;119.3;115.8;112.4;108.9;105.2;101.2;96.9;92.4;87.6;82.8;77.8;72.9;68.1;63.4;58.9;54.7;50.8;47.1;43.9;40.9;38.3;36.0;34.0;32.2;30.7;29.4;28.3;27.2;26.3;25.5;24.7;23.9;23.2;22.4;21.7;20.9;20.1;19.3;18.4;17.6;16.9;16.1;15.4;14.8;14.3;14.0;13.7;13.6;13.6;13.8;14.2;14.7;15.4;16.3;17.2;18.3;19.5;20.8;22.1;23.5;24.8;26.1;27.4;28.5;29.5;30.4;31.1;31.7;32.1;32.3;32.4;32.4;32.3;32.2;32.1;32.1;32.3;32.7;33.5;34.7;36.6;39.2;42.7;47.1;53.0;60.0;68.9;79.4;92.3;107.4;125.4;146.3;;;;;;;;;;;;;;;;;;;;;;;;;;
0.000;;;;;;;;;;;;;;;;;213.6;186.2;166.7;152.5;142.3;134.7;129.0;124.4;120.5;117.0;113.6;110.1;106.4;102.4;98.1;93.6;88.9;84.1;79.2;74.3;69.5;64.9;60.5;56.4;52.6;49.1;45.9;43.0;40.6;38.4;36.5;34.9;33.5;32.3;31.3;30.4;29.6;28.9;28.3;27.6;27.0;26.4;25.7;25.1;24.4;23.6;22.9;22.2;21.4;20.7;20.1;19.5;18.9;18.5;18.2;18.0;18.0;18.1;18.3;18.7;19.2;19.9;20.6;21.5;22.4;23.5;24.5;25.6;26.6;27.6;28.5;29.3;29.9;30.5;30.9;31.1;31.1;31.0;30.8;30.5;30.1;29.7;29.3;29.1;29.0;29.2;29.8;30.9;32.6;35.0;38.4;42.8;48.5;55.5;64.3;74.8;87.7;102.8;120.8;141.8;;;;;;;;;;;;;;;;;;;;;;;;;;
-0.100;;;;;;;;;;;;;;;;;216.3;188.6;168.8;154.4;144.0;136.2;130.4;125.7;121.8;118.2;114.8;111.2;107.4;103.4;99.2;94.7;90.0;85.2;80.3;75.5;70.7;66.2;61.8;57.8;54.0;50.6;47.5;44.8;42.4;40.3;38.6;37.0;35.8;34.7;33.9;33.1;32.5;31.9;31.4;30.9;30.4;29.9;29.4;28.8;28.2;27.5;26.9;26.2;25.5;24.9;24.2;23.6;23.1;22.6;22.3;22.0;21.9;21.9;22.0;22.2;22.5;23.0;23.5;24.2;24.9;25.6;26.4;27.2;27.9;28.6;29.2;29.6;30.0;30.2;30.2;30.1;29.9;29.5;29.0;28.4;27.7;27.1;26.5;26.0;25.8;25.8;26.3;27.2;28.8;31.2;34.5;38.8;44.5;51.6;60.4;71.0;83.9;99.0;117.2;138.2;;;;;;;;;;;;;;;;;;;;;;;;;;
-0.200;;;;;;;;;;;;;;;;;219.9;191.6;171.4;156.7;146.0;138.0;132.0;127.1;123.1;119.4;115.8;112.2;108.4;104.4;100.1;95.5;90.8;86.0;81.2;76.4;71.7;67.2;62.9;58.9;55.2;51.8;48.9;46.2;43.9;41.9;40.3;38.9;37.7;36.8;36.1;35.4;34.9;34.5;34.1;33.7;33.4;33.0;32.6;32.1;31.6;31.0;30.5;29.9;29.2;28.6;28.0;27.4;26.8;26.3;25.9;25.6;25.4;25.2;25.2;25.3;25.4;25.7;26.1;26.5;26.9;27.4;27.9;28.4;28.8;29.2;29.5;29.7;29.7;29.6;29.3;28.9;28.4;27.7;26.9;26.1;25.2;24.3;23.6;22.9;22.5;22.5;22.8;23.7;25.3;27.6;30.9;35.2;41.0;48.1;57.0;67.7;80.7;96.0;114.3;135.5;;;;;;;;;;;;;;;;;;;;;;;;;;
-0.300;;;;;;;;;;;;;;;;;224.3;195.3;174.5;159.3;148.3;139.9;133.7;128.6;124.4;120.5;116.8;113.1;109.2;105.1;100.7;96.2;91.4;86.6;81.8;77.0;72.3;67.8;63.6;59.6;56.0;52.7;49.8;47.2;45.0;43.1;41.5;40.3;39.2;38.4;37.8;37.3;36.9;36.6;36.3;36.1;35.8;35.5;35.2;34.9;34.5;34.0;33.5;32.9;32.4;31.8;31.2;30.6;30.0;29.5;29.0;28.6;28.3;28.1;27.9;27.8;27.8;27.9;28.1;28.3;28.5;28.7;29.0;29.2;29.3;29.4;29.4;29.3;29.0;28.6;28.1;27.4;26.6;25.7;24.7;23.7;22.6;21.6;20.6;19.9;19.4;19.2;19.6;20.4;22.0;24.3;27.7;32.1;38.0;45.2;54.3;65.1;78.3;93.8;112.3;133.8;;;;;;;;;;;;;;;;;;;;;;;;;;
-0.400;;;;;;;;;;;;;;;;;229.5;199.6;178.1;162.2;150.7;142.0;135.4;130.1;125.6;121.6;117.7;113.9;109.8;105.6;101.2;96.6;91.8;87.0;82.1;77.3;72.7;68.2;64.0;60.0;56.5;53.2;50.4;47.9;45.7;43.9;42.4;41.2;40.3;39.6;39.1;38.7;38.4;38.2;38.0;37.9;37.8;37.6;37.4;37.1;36.8;36.5;36.0;35.5;35.0;34.4;33.9;33.3;32.7;32.2;31.6;31.2;30.7;30.4;30.1;29.9;29.7;29.6;29.6;29.6;29.6;29.6;29.6;29.5;29.4;29.2;28.9;28.5;28.0;27.4;26.6;25.7;24.6;23.5;22.3;21.1;19.9;18.7;17.7;16.9;16.3;16.1;16.5;17.3;19.0;21.4;24.9;29.5;35.5;42.9;52.1;63.2;76.7;92.4;111.2;133.0;;;;;;;;;;;;;;;;;;;;;;;;;;
-0.500;;;;;;;;;;;;;;;;;235.7;204.5;182.1;165.5;153.4;144.2;137.2;131.6;126.8;122.6;118.5;114.5;110.3;106.0;101.5;96.8;92.0;87.1;82.2;77.4;72.7;68.2;64.0;60.1;56.6;53.4;50.6;48.1;46.0;44.3;42.9;41.8;40.9;40.3;39.8;39.5;39.4;39.3;39.2;39.2;39.2;39.1;39.0;38.8;38.6;38.3;37.9;37.5;37.0;36.5;35.9;35.4;34.8;34.2;33.6;33.1;32.6;32.1;31.7;31.4;31.1;30.8;30.6;30.3;30.1;29.9;29.6;29.4;29.0;28.6;28.0;27.4;26.6;25.7;24.7;23.6;22.4;21.1;19.8;18.4;17.1;15.9;14.8;13.9;13.4;13.2;13.6;14.6;16.3;18.9;22.5;27.3;33.5;41.1;50.7;62.0;75.8;91.9;111.1;133.2;;;;;;;;;;;;;;;;;;;;;;;;;;
-0.600;;;;;;;;;;;;;;;;;242.5;209.9;186.4;169.1;156.3;146.6;139.1;133.0;128.0;123.4;119.1;114.9;110.6;106.2;101.5;96.8;91.9;86.9;82.0;77.2;72.5;68.0;63.8;59.9;56.4;53.2;50.4;48.0;46.0;44.3;42.9;41.9;41.1;40.6;40.2;40.0;39.9;39.9;39.9;40.0;40.1;40.1;40.1;40.0;39.8;39.6;39.3;38.9;38.5;38.0;37.5;36.9;36.3;35.7;35.1;34.5;33.9;33.3;32.8;32.3;31.9;31.4;31.0;30.6;30.2;29.8;29.3;28.8;28.2;27.5;26.8;25.9;24.9;23.9;22.7;21.4;20.0;18.6;17.1;15.7;14.3;13.0;11.9;11.0;10.6;10.5;10.9;12.0;13.9;16.7;20.6;25.5;32.0;40.0;49.8;61.5;75.7;92.1;111.7;134.3;;;;;;;;;;;;;;;;;;;;;;;;;;
-0.700;;;;;;;;;;;;;;;;;250.3;216.0;191.3;172.9;159.4;149.0;141.0;134.5;129.1;124.2;119.7;115.2;110.7;106.1;101.4;96.5;91.5;86.5;81.6;76.7;72.0;67.5;63.3;59.4;55.9;52.7;49.9;47.5;45.5;43.9;42.6;41.6;40.8;40.3;40.1;39.9;39.9;40.0;40.1;40.2;40.4;40.5;40.5;40.5;40.5;40.3;40.0;39.7;39.3;38.8;38.3;37.7;37.1;36.5;35.8;35.2;34.5;33.9;33.3;32.6;32.1;31.5;30.9;30.3;29.7;29.1;28.4;27.7;26.9;26.1;25.1;24.1;22.9;21.7;20.3;18.9;17.4;15.9;14.3;12.8;11.4;10.1;9.1;8.3;7.9;7.9;8.6;9.8;11.9;14.9;19.1;24.3;31.1;39.4;49.7;61.7;76.3;93.2;113.3;136.3;;;;;;;;;;;;;;;;;;;;;;;;;;
-0.800;;;;;;;;;;;;;;;;;;222.6;196.5;177.0;162.6;151.5;142.9;135.9;130.1;124.8;120.0;115.3;110.6;105.9;101.0;96.0;91.0;85.9;80.9;76.0;71.2;66.7;62.5;58.6;55.1;51.9;49.1;46.8;44.8;43.2;41.9;40.9;40.2;39.8;39.5;39.4;39.5;39.6;39.8;40.0;40.2;40.4;40.5;40.5;40.5;40.4;40.2;39.9;39.6;39.1;38.6;38.0;37.4;36.7;36.0;35.3;34.6;33.9;33.1;32.4;31.7;31.0;30.3;29.5;28.8;28.0;27.1;26.2;25.3;24.2;23.1;21.9;20.6;19.2;17.8;16.2;14.7;13.1;11.5;10.0;8.6;7.3;6.4;5.7;5.4;5.6;6.4;7.9;10.2;13.5;17.9;23.5;30.7;39.4;50.1;62.6;77.7;95.1;115.6;139.2;;;;;;;;;;;;;;;;;;;;;;;;;;
-0.900;;;;;;;;;;;;;;;;;;229.9;202.1;181.4;165.9;154.0;144.8;137.2;131.0;125.4;120.2;115.3;110.4;105.5;100.5;95.4;90.2;85.1;80.0;75.0;70.2;65.7;61.5;57.5;54.0;50.8;48.1;45.7;43.7;42.1;40.8;39.8;39.2;38.7;38.5;38.5;38.5;38.7;38.9;39.2;39.4;39.6;39.8;39.9;39.9;39.9;39.7;39.5;39.1;38.7;38.2;37.6;36.9;36.2;35.5;34.8;34.0;33.2;32.4;31.5;30.7;29.9;29.0;28.2;27.3;26.3;25.3;24.3;23.2;22.0;20.7;19.4;18.0;16.5;15.0;13.4;11.8;10.2;8.6;7.1;5.8;4.6;3.7;3.2;3.1;3.5;4.5;6.2;8.9;12.5;17.3;23.3;30.9;40.0;51.1;64.2;79.8;97.7;118.9;143.1;;;;;;;;;;;;;;;;;;;;;;;;;;
-1.000;;;;;;;;;;;;;;;;;;237.8;208.2;186.0;169.5;156.6;146.7;138.5;131.8;125.8;120.3;115.1;110.0;104.9;99.7;94.5;89.3;84.0;78.9;73.9;69.1;64.5;60.2;56.3;52.7;49.5;46.7;44.3;42.3;40.7;39.4;38.5;37.8;37.4;37.1;37.1;37.2;37.4;37.6;37.9;38.2;38.4;38.6;38.8;38.8;38.8;38.6;38.4;38.1;37.7;37.1;36.6;35.9;35.2;34.4;33.6;32.8;31.9;31.0;30.1;29.2;28.2;27.3;26.3;25.3;24.2;23.1;21.9;20.7;19.4;18.1;16.6;15.1;13.6;12.0;10.4;8.8;7.2;5.6;4.2;3.0;1.9;1.2;0.8;1.0;1.6;2.9;4.9;7.9;11.9;17.1;23.5;31.5;41.1;52.8;66.3;82.5;101.1;122.9;;;;;;;;;;;;;;;;;;;;;;;;;;;
-1.100;;;;;;;;;;;;;;;;;;246.4;214.7;190.9;173.2;159.3;148.6;139.8;132.5;126.1;120.2;114.7;109.4;104.1;98.8;93.5;88.1;82.8;77.6;72.6;67.7;63.1;58.8;54.8;51.2;48.0;45.2;42.7;40.7;39.0;37.7;36.8;36.1;35.6;35.4;35.3;35.4;35.6;35.9;36.2;36.4;36.7;36.9;37.1;37.1;37.1;37.0;36.7;36.4;36.0;35.5;34.9;34.2;33.4;32.6;31.8;30.9;30.0;29.0;28.1;27.1;26.0;25.0;23.9;22.8;21.6;20.4;19.2;17.8;16.5;15.0;13.6;12.0;10.5;8.9;7.2;5.7;4.1;2.7;1.4;0.2;-0.6;-1.2;-1.3;-1.0;-0.1;1.6;3.9;7.3;11.6;17.3;24.1;32.7;42.8;55.0;69.2;85.9;105.2;127.6;;;;;;;;;;;;;;;;;;;;;;;;;;;
-1.200;;;;;;;;;;;;;;;;;;255.8;221.7;196.2;177.0;162.1;150.5;141.0;133.1;126.2;120.0;114.2;108.7;103.2;97.7;92.3;86.9;81.5;76.2;71.1;66.2;61.5;57.2;53.2;49.5;46.3;43.4;41.0;38.9;37.2;35.8;34.8;34.1;33.6;33.4;33.3;33.3;33.5;33.7;34.0;34.3;34.5;34.7;34.8;34.9;34.9;34.7;34.5;34.2;33.7;33.2;32.6;31.9;31.1;30.3;29.4;28.5;27.5;26.5;25.4;24.4;23.3;22.2;21.0;19.8;18.6;17.3;16.0;14.6;13.2;11.7;10.2;8.7;7.1;5.6;4.0;2.5;1.0;-0.3;-1.5;-2.4;-3.1;-3.4;-3.3;-2.7;-1.5;0.5;3.2;7.0;11.8;17.9;25.2;34.3;45.0;57.8;72.5;90.0;109.9;133.1;;;;;;;;;;;;;;;;;;;;;;;;;;;
-1.300;;;;;;;;;;;;;;;;;;266.1;229.4;201.8;181.1;165.0;152.4;142.2;133.7;126.3;119.7;113.6;107.8;102.1;96.5;90.9;85.4;80.0;74.7;69.5;64.6;59.9;55.5;51.4;47.8;44.4;41.5;39.0;36.9;35.2;33.8;32.7;31.9;31.3;31.0;30.9;30.9;31.0;31.2;31.4;31.6;31.8;32.0;32.1;32.1;32.1;31.9;31.7;31.3;30.8;30.3;29.6;28.9;28.1;27.3;26.3;25.4;24.4;23.3;22.2;21.1;20.0;18.8;17.6;16.4;15.1;13.8;12.4;11.0;9.6;8.2;6.7;5.1;3.6;2.1;0.6;-0.8;-2.1;-3.3;-4.3;-5.0;-5.5;-5.5;-5.1;-4.2;-2.7;-0.3;2.8;7.0;12.2;18.8;26.7;36.4;47.6;61.0;76.5;94.6;115.2;139.2;;;;;;;;;;;;;;;;;;;;;;;;;;;
-1.400;;;;;;;;;;;;;;;;;;;237.6;207.9;185.5;168.0;154.4;143.3;134.2;126.3;119.3;112.9;106.8;100.9;95.2;89.5;83.9;78.4;73.1;67.9;62.9;58.1;53.7;49.6;45.9;42.5;39.6;37.0;34.8;33.0;31.5;30.4;29.5;28.9;28.5;28.2;28.2;28.2;28.3;28.5;28.6;28.8;28.9;28.9;28.9;28.8;28.6;28.3;27.9;27.4;26.8;26.2;25.4;24.6;23.7;22.7;21.7;20.7;19.6;18.5;17.4;16.2;15.0;13.7;12.5;11.2;9.9;8.5;7.2;5.7;4.3;2.9;1.4;-0.0;-1.4;-2.8;-4.1;-5.2;-6.2;-7.0;-7.5;-7.7;-7.5;-6.8;-5.5;-3.6;-0.9;2.7;7.4;13.1;20.2;28.6;38.8;50.7;64.7;80.9;99.7;121.2;;;;;;;;;;;;;;;;;;;;;;;;;;;;
-1.500;;;;;;;;;;;;;;;;;;;246.8;214.5;190.2;171.3;156.6;144.6;134.7;126.3;118.8;112.0;105.7;99.6;93.8;88.0;82.4;76.8;71.4;66.2;61.2;56.4;51.9;47.8;44.0;40.6;37.6;34.9;32.7;30.7;29.2;27.9;26.9;26.2;25.7;25.4;25.2;25.1;25.2;25.2;25.3;25.3;25.4;25.3;25.2;25.1;24.8;24.4;24.0;23.4;22.8;22.1;21.3;20.5;19.5;18.6;17.5;16.5;15.4;14.2;13.1;11.9;10.7;9.4;8.2;6.9;5.6;4.3;3.0;1.6;0.2;-1.1;-2.5;-3.8;-5.1;-6.3;-7.4;-8.4;-9.1;-9.7;-9.9;-9.8;-9.3;-8.3;-6.6;-4.3;-1.1;2.9;8.0;14.2;21.9;30.8;41.7;54.2;68.9;85.7;105.4;127.6;;;;;;;;;;;;;;;;;;;;;;;;;;;;
-1.600;;;;;;;;;;;;;;;;;;;256.9;221.7;195.4;174.8;158.9;145.9;135.3;126.2;118.3;111.2;104.6;98.3;92.3;86.4;80.7;75.1;69.7;64.5;59.4;54.6;50.2;46.0;42.2;38.7;35.6;32.8;30.5;28.5;26.8;25.4;24.3;23.5;22.8;22.4;22.1;21.9;21.7;21.7;21.6;21.6;21.5;21.3;21.2;20.9;20.5;20.1;19.6;19.0;18.3;17.5;16.7;15.8;14.8;13.8;12.8;11.7;10.6;9.5;8.3;7.1;5.9;4.7;3.5;2.3;1.0;-0.3;-1.5;-2.8;-4.1;-5.3;-6.5;-7.7;-8.8;-9.9;-10.8;-11.5;-12.0;-12.3;-12.3;-11.8;-11.0;-9.6;-7.5;-4.8;-1.2;3.3;8.9;15.6;23.8;33.4;44.8;58.0;73.4;91.0;111.5;134.6;;;;;;;;;;;;;;;;;;;;;;;;;;;;
-1.700;;;;;;;;;;;;;;;;;;;;229.9;201.1;178.8;161.4;147.3;135.9;126.2;117.8;110.3;103.4;97.0;90.8;84.9;79.1;73.5;68.1;62.8;57.7;52.9;48.4;44.2;40.3;36.8;33.6;30.8;28.3;26.2;24.4;22.9;21.6;20.6;19.9;19.2;18.8;18.4;18.1;17.9;17.7;17.5;17.3;17.0;16.7;16.3;15.9;15.3;14.7;14.0;13.3;12.5;11.6;10.6;9.7;8.6;7.6;6.5;5.3;4.2;3.1;1.9;0.8;-0.4;-1.6;-2.7;-3.9;-5.1;-6.2;-7.4;-8.5;-9.6;-10.7;-11.7;-12.6;-13.4;-14.1;-14.6;-14.8;-14.8;-14.5;-13.7;-12.5;-10.7;-8.2;-5.1;-1.0;3.9;10.1;17.3;26.1;36.3;48.3;62.2;78.3;96.7;118.0;142.0;;;;;;;;;;;;;;;;;;;;;;;;;;;;
-1.800;;;;;;;;;;;;;;;;;;;;239.1;207.6;183.2;164.3;149.1;136.7;126.3;117.4;109.5;102.3;95.7;89.4;83.3;77.5;71.9;66.4;61.2;56.1;51.3;46.8;42.5;38.6;35.0;31.8;28.8;26.3;24.0;22.0;20.4;19.0;17.8;16.8;16.0;15.4;14.8;14.4;14.0;13.6;13.2;12.8;12.4;11.9;11.4;10.8;10.2;9.5;8.7;7.8;6.9;6.0;5.0;4.0;2.9;1.9;0.8;-0.3;-1.5;-2.6;-3.7;-4.8;-5.9;-7.0;-8.0;-9.1;-10.2;-11.2;-12.2;-13.2;-14.1;-15.0;-15.8;-16.5;-17.0;-17.4;-17.6;-17.6;-17.2;-16.5;-15.4;-13.8;-11.6;-8.8;-5.2;-0.6;4.8;11.4;19.2;28.6;39.4;52.1;66.6;83.5;102.7;124.9;;;;;;;;;;;;;;;;;;;;;;;;;;;;;
-1.900;;;;;;;;;;;;;;;;;;;;249.6;215.1;188.4;167.7;151.1;137.8;126.6;117.1;108.7;101.3;94.4;88.0;81.8;76.0;70.3;64.9;59.6;54.6;49.8;45.2;41.0;37.0;33.3;30.0;27.0;24.3;21.9;19.8;17.9;16.3;15.0;13.8;12.8;11.9;11.2;10.5;9.9;9.3;8.7;8.1;7.5;6.9;6.2;5.4;4.6;3.8;2.9;2.0;1.0;0.0;-1.0;-2.1;-3.2;-4.3;-5.4;-6.4;-7.5;-8.6;-9.6;-10.7;-11.7;-12.7;-13.6;-14.6;-15.5;-16.3;-17.2;-17.9;-18.7;-19.3;-19.9;-20.3;-20.6;-20.7;-20.6;-20.2;-19.6;-18.5;-17.0;-15.0;-12.4;-9.1;-5.1;-0.1;5.9;13.1;21.4;31.4;42.7;56.1;71.4;89.1;109.1;132.2;;;;;;;;;;;;;;;;;;;;;;;;;;;;;
-2.000;;;;;;;;;;;;;;;;;;;;;223.8;194.4;171.8;153.7;139.2;127.1;117.0;108.2;100.4;93.2;86.7;80.5;74.6;68.9;63.5;58.2;53.2;48.4;43.9;39.6;35.6;31.8;28.4;25.3;22.4;19.9;17.6;15.6;13.8;12.2;10.8;9.6;8.4;7.4;6.5;5.7;4.8;4.0;3.2;2.4;1.5;0.7;-0.2;-1.2;-2.2;-3.2;-4.2;-5.3;-6.4;-7.5;-8.6;-9.7;-10.8;-11.8;-12.9;-13.9;-14.9;-15.9;-16.8;-17.7;-18.6;-19.4;-20.2;-20.9;-21.6;-22.3;-22.8;-23.3;-23.7;-24.0;-24.1;-24.1;-23.9;-23.5;-22.8;-21.7;-20.3;-18.4;-16.0;-13.0;-9.3;-4.8;0.7;7.2;14.9;23.8;34.3;46.3;60.4;76.4;94.9;115.7;;;;;;;;;;;;;;;;;;;;;;;;;;;;;;
-2.100;;;;;;;;;;;;;;;;;;;;;234.0;201.5;176.7;156.9;141.1;128.1;117.2;107.8;99.7;92.3;85.5;79.2;73.3;67.6;62.2;57.0;52.0;47.2;42.7;38.3;34.3;30.5;27.0;23.7;20.8;18.0;15.6;13.4;11.3;9.5;7.9;6.4;5.0;3.7;2.5;1.4;0.3;-0.8;-1.8;-2.9;-4.0;-5.0;-6.1;-7.3;-8.4;-9.6;-10.7;-11.9;-13.1;-14.2;-15.4;-16.5;-17.6;-18.7;-19.7;-20.7;-21.6;-22.5;-23.3;-24.1;-24.8;-25.4;-26.0;-26.6;-27.0;-27.4;-27.8;-28.0;-28.1;-28.1;-27.9;-27.6;-27.1;-26.3;-25.2;-23.8;-22.0;-19.7;-16.9;-13.4;-9.2;-4.2;1.7;8.7;16.9;26.4;37.5;50.2;64.9;81.6;101.0;122.8;;;;;;;;;;;;;;;;;;;;;;;;;;;;;;
-2.200;;;;;;;;;;;;;;;;;;;;;;210.2;182.7;160.9;143.7;129.5;117.9;107.9;99.3;91.6;84.6;78.2;72.2;66.5;61.1;55.9;51.0;46.2;41.7;37.3;33.3;29.4;25.8;22.4;19.3;16.4;13.8;11.3;9.0;7.0;5.0;3.3;1.6;0.0;-1.5;-2.9;-4.3;-5.6;-7.0;-8.3;-9.6;-10.9;-12.3;-13.6;-14.9;-16.2;-17.5;-18.8;-20.1;-21.3;-22.5;-23.6;-24.7;-25.7;-26.7;-27.6;-28.5;-29.3;-30.0;-30.6;-31.1;-31.6;-32.0;-32.3;-32.5;-32.7;-32.7;-32.6;-32.5;-32.1;-31.6;-31.0;-30.1;-28.9;-27.5;-25.7;-23.4;-20.8;-17.5;-13.6;-9.0;-3.5;2.9;10.4;19.2;29.2;40.9;54.2;69.7;87.2;107.4;;;;;;;;;;;;;;;;;;;;;;;;;;;;;;;
-2.300;;;;;;;;;;;;;;;;;;;;;;220.7;190.2;166.1;147.2;131.7;119.1;108.3;99.2;91.2;84.0;77.4;71.4;65.7;60.3;55.1;50.2;45.4;40.9;36.6;32.5;28.6;24.9;21.4;18.1;15.0;12.1;9.5;6.9;4.6;2.4;0.3;-1.7;-3.6;-5.4;-7.2;-8.9;-10.6;-12.2;-13.8;-15.4;-17.0;-18.5;-20.1;-21.6;-23.1;-24.5;-25.9;-27.3;-28.6;-29.8;-31.0;-32.1;-33.1;-34.0;-34.8;-35.6;-36.2;-36.8;-37.2;-37.6;-37.9;-38.0;-38.1;-38.0;-37.9;-37.7;-37.3;-36.8;-36.1;-35.3;-34.2;-33.0;-31.4;-29.6;-27.4;-24.7;-21.6;-17.9;-13.6;-8.5;-2.6;4.4;12.3;21.6;32.2;44.6;58.5;74.8;93.0;114.2;;;;;;;;;;;;;;;;;;;;;;;;;;;;;;;
-2.400;;;;;;;;;;;;;;;;;;;;;;;199.5;172.6;151.7;134.7;121.0;109.4;99.7;91.2;83.8;77.0;70.9;65.1;59.7;54.6;49.7;44.9;40.4;36.1;31.9;28.0;24.2;20.6;17.1;13.9;10.8;7.8;5.0;2.4;-0.2;-2.6;-4.9;-7.1;-9.3;-11.4;-13.5;-15.5;-17.4;-19.4;-21.2;-23.1;-24.9;-26.7;-28.4;-30.1;-31.7;-33.2;-34.7;-36.0;-37.3;-38.5;-39.6;-40.6;-41.4;-42.2;-42.8;-43.3;-43.7;-44.0;-44.1;-44.2;-44.1;-43.9;-43.5;-43.1;-42.5;-41.8;-40.9;-39.9;-38.7;-37.3;-35.6;-33.7;-31.4;-28.8;-25.8;-22.2;-18.1;-13.3;-7.7;-1.4;6.1;14.5;24.4;35.5;48.5;63.2;80.2;99.3;;;;;;;;;;;;;;;;;;;;;;;;;;;;;;;;
-2.500;;;;;;;;;;;;;;;;;;;;;;;211.0;180.9;157.7;138.9;123.8;111.3;100.8;91.8;84.0;77.0;70.7;64.9;59.4;54.3;49.4;44.7;40.2;35.9;31.7;27.6;23.8;20.0;16.4;13.0;9.6;6.4;3.4;0.4;-2.5;-5.2;-7.9;-10.5;-13.1;-15.6;-18.0;-20.3;-22.7;-24.9;-27.1;-29.3;-31.3;-33.4;-35.3;-37.2;-38.9;-40.6;-42.2;-43.6;-44.9;-46.1;-47.2;-48.1;-48.9;-49.6;-50.1;-50.5;-50.7;-50.7;-50.7;-50.4;-50.1;-49.6;-49.0;-48.2;-47.3;-46.2;-45.0;-43.5;-41.9;-40.1;-38.1;-35.7;-33.0;-30.0;-26.5;-22.5;-18.0;-12.7;-6.7;0.1;8.0;17.0;27.4;39.2;52.8;68.2;86.0;106.1;;;;;;;;;;;;;;;;;;;;;;;;;;;;;;;;
-2.600;;;;;;;;;;;;;;;;;;;;;;;;191.6;165.5;144.5;127.9;114.1;102.8;93.1;84.9;77.5;71.0;65.1;59.6;54.4;49.5;44.8;40.3;36.0;31.8;27.6;23.7;19.8;16.0;12.3;8.8;5.3;1.9;-1.4;-4.6;-7.7;-10.8;-13.8;-16.7;-19.6;-22.4;-25.1;-27.8;-30.4;-33.0;-35.4;-37.8;-40.1;-42.2;-44.3;-46.2;-48.1;-49.7;-51.3;-52.6;-53.8;-54.9;-55.8;-56.5;-57.0;-57.4;-57.6;-57.6;-57.5;-57.1;-56.7;-56.0;-55.2;-54.2;-53.1;-51.8;-50.4;-48.7;-46.9;-44.9;-42.7;-40.2;-37.4;-34.3;-30.8;-26.9;-22.5;-17.5;-11.8;-5.3;2.0;10.4;19.9;30.9;43.2;57.6;73.7;92.4;;;;;;;;;;;;;;;;;;;;;;;;;;;;;;;;;
-2.700;;;;;;;;;;;;;;;;;;;;;;;;205.1;175.4;151.9;133.3;118.1;105.7;95.2;86.4;78.7;71.9;65.7;60.2;54.9;50.0;45.3;40.8;36.4;32.1;27.9;23.9;19.8;15.9;12.0;8.2;4.4;0.7;-2.9;-6.5;-10.0;-13.4;-16.8;-20.2;-23.5;-26.7;-29.8;-32.9;-35.9;-38.8;-41.5;-44.2;-46.8;-49.2;-51.4;-53.6;-55.5;-57.3;-58.9;-60.3;-61.5;-62.6;-63.4;-64.0;-64.4;-64.7;-64.7;-64.5;-64.1;-63.5;-62.7;-61.8;-60.6;-59.3;-57.8;-56.1;-54.3;-52.2;-50.0;-47.5;-44.9;-41.9;-38.7;-35.2;-31.3;-26.9;-22.0;-16.6;-10.5;-3.5;4.3;13.2;23.2;34.8;47.8;62.8;79.8;99.5;;;;;;;;;;;;;;;;;;;;;;;;;;;;;;;;;
-2.800;;;;;;;;;;;;;;;;;;;;;;;;;188.5;161.6;140.7;123.7;110.0;98.5;88.9;80.6;73.5;67.1;61.3;55.9;51.0;46.2;41.7;37.2;32.9;28.6;24.4;20.2;16.1;12.0;7.9;3.9;-0.1;-4.1;-8.1;-12.0;-15.9;-19.7;-23.5;-27.2;-30.8;-34.4;-37.8;-41.2;-44.4;-47.6;-50.5;-53.4;-56.0;-58.5;-60.8;-62.9;-64.8;-66.5;-67.9;-69.2;-70.2;-70.9;-71.5;-71.7;-71.8;-71.6;-71.2;-70.5;-69.6;-68.5;-67.2;-65.7;-64.0;-62.1;-60.1;-57.8;-55.3;-52.6;-49.7;-46.6;-43.2;-39.6;-35.6;-31.2;-26.4;-21.1;-15.2;-8.6;-1.2;7.1;16.6;27.2;39.3;53.0;68.9;86.7;;;;;;;;;;;;;;;;;;;;;;;;;;;;;;;;;;
-2.900;;;;;;;;;;;;;;;;;;;;;;;;;;174.1;150.3;131.0;115.7;102.9;92.5;83.5;75.8;69.1;63.0;57.5;52.4;47.6;42.9;38.4;34.0;29.6;25.3;21.0;16.6;12.3;8.0;3.6;-0.7;-5.1;-9.4;-13.7;-18.0;-22.3;-26.5;-30.7;-34.7;-38.7;-42.6;-46.3;-50.0;-53.4;-56.7;-59.8;-62.7;-65.4;-67.9;-70.2;-72.2;-73.9;-75.4;-76.6;-77.6;-78.3;-78.7;-78.8;-78.7;-78.3;-77.6;-76.7;-75.5;-74.1;-72.4;-70.5;-68.4;-66.1;-63.6;-60.9;-57.9;-54.8;-51.4;-47.8;-44.0;-39.9;-35.4;-30.6;-25.3;-19.6;-13.2;-6.1;1.8;10.6;20.6;31.7;44.6;59.0;75.7;;;;;;;;;;;;;;;;;;;;;;;;;;;;;;;;;;;
-3.000;;;;;;;;;;;;;;;;;;;;;;;;;;190.5;163.0;140.9;123.5;109.2;97.5;87.6;79.3;72.0;65.6;59.8;54.5;49.5;44.7;40.1;35.6;31.1;26.6;22.1;17.6;13.0;8.4;3.7;-1.0;-5.7;-10.5;-15.2;-19.9;-24.6;-29.3;-33.9;-38.4;-42.8;-47.1;-51.3;-55.3;-59.1;-62.7;-66.1;-69.2;-72.2;-74.8;-77.2;-79.3;-81.1;-82.7;-83.8;-84.8;-85.3;-85.6;-85.6;-85.3;-84.6;-83.7;-82.4;-80.9;-79.2;-77.1;-74.8;-72.3;-69.5;-66.5;-63.3;-59.9;-56.3;-52.5;-48.4;-44.1;-39.5;-34.5;-29.2;-23.5;-17.3;-10.4;-2.9;5.5;14.9;25.4;37.2;50.8;66.1;;;;;;;;;;;;;;;;;;;;;;;;;;;;;;;;;;;;
-3.100;;;;;;;;;;;;;;;;;;;;;;;;;;;179.2;153.6;133.7;117.3;104.2;93.1;83.9;75.9;69.1;62.9;57.3;52.0;47.1;42.3;37.6;33.0;28.3;23.6;18.8;14.0;9.1;4.1;-0.9;-6.0;-11.2;-16.4;-21.5;-26.7;-31.8;-36.9;-41.8;-46.7;-51.4;-55.9;-60.3;-64.5;-68.4;-72.1;-75.5;-78.6;-81.5;-84.0;-86.2;-88.1;-89.6;-90.8;-91.6;-92.1;-92.3;-92.0;-91.5;-90.6;-89.3;-87.8;-85.9;-83.8;-81.3;-78.6;-75.6;-72.4;-68.9;-65.2;-61.3;-57.2;-52.8;-48.3;-43.4;-38.3;-32.9;-27.1;-20.9;-14.2;-6.8;1.2;10.1;20.0;31.2;43.7;58.1;74.3;;;;;;;;;;;;;;;;;;;;;;;;;;;;;;;;;;;;
-3.200;;;;;;;;;;;;;;;;;;;;;;;;;;;;170.5;147.2;128.2;113.1;100.5;90.2;81.3;73.7;67.0;61.0;55.4;50.2;45.2;40.3;35.4;30.5;25.6;20.6;15.5;10.2;4.9;-0.5;-6.0;-11.5;-17.1;-22.8;-28.4;-33.9;-39.5;-44.9;-50.2;-55.3;-60.3;-65.0;-69.5;-73.8;-77.7;-81.4;-84.7;-87.7;-90.4;-92.7;-94.6;-96.1;-97.2;-98.0;-98.4;-98.4;-97.9;-97.1;-95.9;-94.4;-92.5;-90.3;-87.7;-84.8;-81.6;-78.1;-74.4;-70.4;-66.2;-61.8;-57.1;-52.3;-47.2;-41.8;-36.2;-30.3;-24.0;-17.2;-10.0;-2.1;6.4;16.0;26.5;38.4;51.7;67.0;;;;;;;;;;;;;;;;;;;;;;;;;;;;;;;;;;;;;
-3.300;;;;;;;;;;;;;;;;;;;;;;;;;;;;;164.3;142.0;124.5;110.0;98.2;88.1;79.7;72.2;65.7;59.6;54.1;48.7;43.5;38.4;33.3;28.1;22.8;17.4;11.8;6.1;0.4;-5.5;-11.5;-17.6;-23.6;-29.7;-35.7;-41.7;-47.6;-53.3;-58.9;-64.2;-69.3;-74.2;-78.8;-83.0;-86.9;-90.4;-93.6;-96.3;-98.7;-100.6;-102.2;-103.3;-103.9;-104.1;-103.9;-103.3;-102.2;-100.7;-98.9;-96.6;-93.9;-90.9;-87.5;-83.8;-79.9;-75.6;-71.1;-66.3;-61.4;-56.1;-50.7;-45.1;-39.2;-33.0;-26.6;-19.8;-12.5;-4.7;3.7;12.8;23.0;34.2;46.9;61.1;;;;;;;;;;;;;;;;;;;;;;;;;;;;;;;;;;;;;;
-3.400;;;;;;;;;;;;;;;;;;;;;;;;;;;;;186.9;160.4;139.6;122.5;108.8;97.2;87.6;79.1;71.8;65.1;59.0;53.2;47.7;42.2;36.7;31.2;25.6;19.8;13.9;7.9;1.7;-4.6;-11.0;-17.5;-24.0;-30.5;-37.0;-43.5;-49.8;-56.0;-61.9;-67.7;-73.2;-78.3;-83.2;-87.7;-91.8;-95.5;-98.9;-101.7;-104.1;-106.1;-107.6;-108.6;-109.1;-109.2;-108.8;-107.9;-106.5;-104.7;-102.4;-99.7;-96.6;-93.1;-89.2;-85.0;-80.5;-75.7;-70.6;-65.2;-59.7;-53.9;-47.9;-41.6;-35.2;-28.5;-21.4;-14.1;-6.2;2.1;11.1;20.9;31.8;43.7;57.3;;;;;;;;;;;;;;;;;;;;;;;;;;;;;;;;;;;;;;;
-3.500;;;;;;;;;;;;;;;;;;;;;;;;;;;;;;183.5;158.7;138.3;122.2;108.6;97.4;87.7;79.4;71.9;65.1;58.7;52.7;46.8;40.9;35.0;29.0;22.8;16.6;10.1;3.5;-3.2;-10.0;-17.0;-23.9;-30.9;-37.9;-44.8;-51.5;-58.1;-64.5;-70.6;-76.5;-82.0;-87.1;-91.9;-96.2;-100.1;-103.5;-106.5;-108.9;-110.9;-112.3;-113.2;-113.6;-113.5;-112.8;-111.6;-110.0;-107.8;-105.1;-102.0;-98.4;-94.4;-90.0;-85.2;-80.1;-74.6;-68.9;-63.0;-56.8;-50.4;-43.7;-36.9;-29.8;-22.5;-14.9;-6.9;1.5;10.4;20.1;30.6;42.3;55.1;;;;;;;;;;;;;;;;;;;;;;;;;;;;;;;;;;;;;;;;
-3.600;;;;;;;;;;;;;;;;;;;;;;;;;;;;;;;183.9;159.2;139.7;123.5;110.2;98.8;89.2;80.6;72.9;65.7;59.0;52.5;46.1;39.7;33.3;26.7;20.0;13.1;6.1;-1.1;-8.4;-15.8;-23.2;-30.7;-38.1;-45.4;-52.6;-59.6;-66.4;-72.9;-79.1;-84.9;-90.3;-95.3;-99.8;-103.8;-107.4;-110.4;-112.9;-114.8;-116.1;-116.9;-117.1;-116.8;-115.8;-114.3;-112.3;-109.7;-106.6;-102.9;-98.8;-94.2;-89.2;-83.8;-78.1;-72.0;-65.6;-59.0;-52.1;-45.1;-37.8;-30.3;-22.6;-14.7;-6.4;2.2;11.3;21.0;31.4;42.7;55.3;;;;;;;;;;;;;;;;;;;;;;;;;;;;;;;;;;;;;;;;;
-3.700;;;;;;;;;;;;;;;;;;;;;;;;;;;;;;;;185.4;161.7;142.0;126.2;112.6;101.3;91.2;82.4;74.2;66.7;59.4;52.4;45.4;38.4;31.4;24.2;16.8;9.3;1.7;-6.1;-14.0;-21.9;-29.8;-37.6;-45.4;-53.0;-60.4;-67.6;-74.5;-81.0;-87.1;-92.7;-97.9;-102.6;-106.8;-110.4;-113.5;-116.0;-117.8;-119.1;-119.7;-119.7;-119.0;-117.8;-115.9;-113.5;-110.4;-106.8;-102.6;-98.0;-92.8;-87.1;-81.1;-74.7;-67.9;-60.8;-53.5;-45.9;-38.1;-30.2;-22.0;-13.6;-5.0;4.0;13.3;23.1;33.5;44.8;57.1;;;;;;;;;;;;;;;;;;;;;;;;;;;;;;;;;;;;;;;;;;
-3.800;;;;;;;;;;;;;;;;;;;;;;;;;;;;;;;;;190.9;166.5;147.1;130.6;116.9;105.0;94.6;85.1;76.4;68.2;60.4;52.6;45.0;37.3;29.5;21.6;13.6;5.4;-2.9;-11.2;-19.6;-28.0;-36.3;-44.5;-52.5;-60.3;-67.9;-75.1;-81.9;-88.2;-94.2;-99.5;-104.4;-108.6;-112.3;-115.4;-117.8;-119.6;-120.7;-121.1;-120.9;-119.9;-118.3;-116.0;-113.1;-109.6;-105.4;-100.6;-95.3;-89.4;-83.1;-76.3;-69.1;-61.6;-53.8;-45.7;-37.3;-28.8;-20.1;-11.1;-2.0;7.4;17.1;27.2;37.8;49.2;61.4;;;;;;;;;;;;;;;;;;;;;;;;;;;;;;;;;;;;;;;;;;;
-3.900;;;;;;;;;;;;;;;;;;;;;;;;;;;;;;;;;;;173.3;153.0;136.3;121.9;109.5;98.4;88.3;78.9;70.0;61.3;52.9;44.4;36.0;27.5;18.8;10.1;1.3;-7.6;-16.4;-25.3;-34.1;-42.7;-51.2;-59.4;-67.2;-74.8;-81.9;-88.5;-94.6;-100.1;-105.1;-109.4;-113.2;-116.2;-118.6;-120.2;-121.1;-121.3;-120.7;-119.4;-117.5;-114.7;-111.3;-107.2;-102.4;-96.9;-90.9;-84.3;-77.3;-69.7;-61.7;-53.4;-44.7;-35.8;-26.6;-17.2;-7.7;2.0;12.0;22.2;32.7;43.7;55.3;67.6;;;;;;;;;;;;;;;;;;;;;;;;;;;;;;;;;;;;;;;;;;;;
-4.000;;;;;;;;;;;;;;;;;;;;;;;;;;;;;;;;;;;;182.5;161.7;143.9;128.8;115.4;103.5;92.5;82.2;72.4;62.9;53.5;44.2;34.9;25.6;16.3;6.9;-2.6;-12.0;-21.3;-30.6;-39.7;-48.5;-57.1;-65.3;-73.1;-80.5;-87.3;-93.6;-99.3;-104.4;-108.8;-112.5;-115.4;-117.7;-119.1;-119.8;-119.7;-118.8;-117.1;-114.6;-111.4;-107.4;-102.6;-97.1;-90.9;-84.2;-76.8;-68.8;-60.4;-51.5;-42.3;-32.7;-22.9;-12.8;-2.6;7.9;18.5;29.4;40.5;52.0;64.0;;;;;;;;;;;;;;;;;;;;;;;;;;;;;;;;;;;;;;;;;;;;;;
-4.100;;;;;;;;;;;;;;;;;;;;;;;;;;;;;;;;;;;;;193.6;171.4;152.8;136.5;122.2;109.1;97.1;85.8;75.1;64.6;54.3;44.1;34.0;23.9;13.8;3.8;-6.2;-16.1;-25.8;-35.4;-44.6;-53.6;-62.1;-70.2;-77.9;-84.9;-91.4;-97.1;-102.3;-106.7;-110.3;-113.2;-115.2;-116.4;-116.9;-116.4;-115.1;-112.9;-110.0;-106.1;-101.4;-95.9;-89.7;-82.8;-75.1;-66.8;-58.0;-48.6;-38.8;-28.5;-18.0;-7.2;3.8;15.1;26.5;38.1;50.0;62.1;74.7;;;;;;;;;;;;;;;;;;;;;;;;;;;;;;;;;;;;;;;;;;;;;;;
-4.200;;;;;;;;;;;;;;;;;;;;;;;;;;;;;;;;;;;;;;;184.3;163.9;146.4;130.6;116.3;103.0;90.6;78.7;67.1;55.8;44.7;33.8;22.9;12.1;1.5;-9.0;-19.2;-29.3;-39.0;-48.3;-57.2;-65.5;-73.4;-80.6;-87.2;-93.1;-98.2;-102.6;-106.2;-108.8;-110.7;-111.6;-111.7;-110.8;-109.0;-106.3;-102.7;-98.1;-92.8;-86.5;-79.4;-71.5;-62.9;-53.6;-43.8;-33.3;-22.4;-11.1;0.5;12.4;24.5;36.8;49.3;62.0;75.0;88.3;;;;;;;;;;;;;;;;;;;;;;;;;;;;;;;;;;;;;;;;;;;;;;;;
-4.300;;;;;;;;;;;;;;;;;;;;;;;;;;;;;;;;;;;;;;;;198.5;176.6;157.3;140.1;124.3;109.8;96.0;82.9;70.3;58.0;45.9;34.1;22.5;11.2;0.1;-10.8;-21.3;-31.5;-41.2;-50.4;-59.1;-67.2;-74.5;-81.2;-87.1;-92.3;-96.6;-100.0;-102.5;-104.1;-104.6;-104.3;-102.9;-100.6;-97.2;-93.0;-87.6;-81.4;-74.2;-66.2;-57.3;-47.7;-37.3;-26.3;-14.7;-2.7;9.8;22.6;35.7;49.0;62.5;76.2;90.1;;;;;;;;;;;;;;;;;;;;;;;;;;;;;;;;;;;;;;;;;;;;;;;;;;
-4.400;;;;;;;;;;;;;;;;;;;;;;;;;;;;;;;;;;;;;;;;;;192.2;171.0;151.9;134.5;118.3;103.2;88.8;74.9;61.6;48.6;36.0;23.8;11.9;0.3;-10.8;-21.4;-31.6;-41.2;-50.1;-58.4;-65.9;-72.7;-78.7;-83.8;-87.9;-91.1;-93.3;-94.6;-94.7;-93.9;-92.0;-89.0;-84.9;-79.9;-73.6;-66.5;-58.3;-49.2;-39.2;-28.4;-16.8;-4.5;8.3;21.7;35.4;49.5;63.9;78.5;93.4;;;;;;;;;;;;;;;;;;;;;;;;;;;;;;;;;;;;;;;;;;;;;;;;;;;;
-4.500;;;;;;;;;;;;;;;;;;;;;;;;;;;;;;;;;;;;;;;;;;;;186.6;165.5;146.2;128.4;111.7;96.0;81.0;66.6;52.8;39.4;26.6;14.3;2.5;-8.7;-19.4;-29.3;-38.6;-47.1;-54.8;-61.7;-67.6;-72.6;-76.6;-79.6;-81.4;-82.3;-82.0;-80.6;-78.0;-74.3;-69.4;-63.4;-56.2;-48.0;-38.7;-28.4;-17.1;-5.0;7.9;21.5;35.8;50.5;65.7;81.2;97.1;;;;;;;;;;;;;;;;;;;;;;;;;;;;;;;;;;;;;;;;;;;;;;;;;;;;;;
-4.600;;;;;;;;;;;;;;;;;;;;;;;;;;;;;;;;;;;;;;;;;;;;;;182.6;161.2;141.5;123.2;106.0;89.7;74.3;59.6;45.6;32.3;19.7;7.7;-3.5;-13.9;-23.5;-32.3;-40.2;-47.1;-53.0;-57.9;-61.7;-64.4;-65.9;-66.3;-65.3;-63.3;-59.9;-55.4;-49.5;-42.5;-34.2;-24.8;-14.2;-2.6;10.0;23.6;38.0;53.1;68.9;85.2;102.0;;;;;;;;;;;;;;;;;;;;;;;;;;;;;;;;;;;;;;;;;;;;;;;;;;;;;;;;
-4.700;;;;;;;;;;;;;;;;;;;;;;;;;;;;;;;;;;;;;;;;;;;;;;;;179.1;157.4;137.4;118.7;101.2;84.8;69.3;54.7;41.1;28.2;16.3;5.3;-4.7;-13.8;-21.9;-28.9;-34.7;-39.5;-43.0;-45.4;-46.4;-46.3;-44.7;-41.9;-37.7;-32.2;-25.3;-17.2;-7.6;3.1;15.1;28.2;42.3;57.5;73.5;90.3;107.7;;;;;;;;;;;;;;;;;;;;;;;;;;;;;;;;;;;;;;;;;;;;;;;;;;;;;;;;;;
-4.800;;;;;;;;;;;;;;;;;;;;;;;;;;;;;;;;;;;;;;;;;;;;;;;;;;;156.3;136.0;117.2;99.8;83.5;68.5;54.5;41.7;29.9;19.3;9.8;1.5;-5.7;-11.5;-16.2;-19.4;-21.4;-22.0;-21.2;-18.9;-15.3;-10.0;-3.5;4.6;14.0;24.9;37.1;50.6;65.3;81.2;98.0;;;;;;;;;;;;;;;;;;;;;;;;;;;;;;;;;;;;;;;;;;;;;;;;;;;;;;;;;;;;;
-4.900;;;;;;;;;;;;;;;;;;;;;;;;;;;;;;;;;;;;;;;;;;;;;;;;;;;;;;;119.7;102.8;87.3;73.3;60.5;49.1;39.0;30.3;23.0;17.1;12.5;9.5;7.9;7.9;9.4;12.5;17.0;23.3;31.0;40.4;51.2;63.7;77.4;;;;;;;;;;;;;;;;;;;;;;;;;;;;;;;;;;;;;;;;;;;;;;;;;;;;;;;;;;;;;;;;;
-5.000;;;;;;;;;;;;;;;;;;;;;;;;;;;;;;;;;;;;;;;;;;;;;;;;;;;;;;;;;;;;;76.0;66.8;59.0;52.9;48.4;45.6;44.4;44.9;47.0;51.0;56.6;;;;;;;;;;;;;;;;;;;;;;;;;;;;;;;;;;;;;;;;;;;;;;;;;;;;;;;;;;;;;;;;;;;;;;;
-5.100;;;;;;;;;;;;;;;;;;;;;;;;;;;;;;;;;;;;;;;;;;;;;;;;;;;;;;;;;;;;;;;;;;;;;;;;;;;;;;;;;;;;;;;;;;;;;;;;;;;;;;;;;;;;;;;;;;;;;;;;;;;;;;;;;;;;;;;;;;;;;;
-5.200;;;;;;;;;;;;;;;;;;;;;;;;;;;;;;;;;;;;;;;;;;;;;;;;;;;;;;;;;;;;;;;;;;;;;;;;;;;;;;;;;;;;;;;;;;;;;;;;;;;;;;;;;;;;;;;;;;;;;;;;;;;;;;;;;;;;;;;;;;;;;;
-5.300;;;;;;;;;;;;;;;;;;;;;;;;;;;;;;;;;;;;;;;;;;;;;;;;;;;;;;;;;;;;;;;;;;;;;;;;;;;;;;;;;;;;;;;;;;;;;;;;;;;;;;;;;;;;;;;;;;;;;;;;;;;;;;;;;;;;;;;;;;;;;;
-5.400;;;;;;;;;;;;;;;;;;;;;;;;;;;;;;;;;;;;;;;;;;;;;;;;;;;;;;;;;;;;;;;;;;;;;;;;;;;;;;;;;;;;;;;;;;;;;;;;;;;;;;;;;;;;;;;;;;;;;;;;;;;;;;;;;;;;;;;;;;;;;;
-5.500;;;;;;;;;;;;;;;;;;;;;;;;;;;;;;;;;;;;;;;;;;;;;;;;;;;;;;;;;;;;;;;;;;;;;;;;;;;;;;;;;;;;;;;;;;;;;;;;;;;;;;;;;;;;;;;;;;;;;;;;;;;;;;;;;;;;;;;;;;;;;;
-5.600;;;;;;;;;;;;;;;;;;;;;;;;;;;;;;;;;;;;;;;;;;;;;;;;;;;;;;;;;;;;;;;;;;;;;;;;;;;;;;;;;;;;;;;;;;;;;;;;;;;;;;;;;;;;;;;;;;;;;;;;;;;;;;;;;;;;;;;;;;;;;;
-5.700;;;;;;;;;;;;;;;;;;;;;;;;;;;;;;;;;;;;;;;;;;;;;;;;;;;;;;;;;;;;;;;;;;;;;;;;;;;;;;;;;;;;;;;;;;;;;;;;;;;;;;;;;;;;;;;;;;;;;;;;;;;;;;;;;;;;;;;;;;;;;;
-5.800;;;;;;;;;;;;;;;;;;;;;;;;;;;;;;;;;;;;;;;;;;;;;;;;;;;;;;;;;;;;;;;;;;;;;;;;;;;;;;;;;;;;;;;;;;;;;;;;;;;;;;;;;;;;;;;;;;;;;;;;;;;;;;;;;;;;;;;;;;;;;;
-5.900;;;;;;;;;;;;;;;;;;;;;;;;;;;;;;;;;;;;;;;;;;;;;;;;;;;;;;;;;;;;;;;;;;;;;;;;;;;;;;;;;;;;;;;;;;;;;;;;;;;;;;;;;;;;;;;;;;;;;;;;;;;;;;;;;;;;;;;;;;;;;;
-6.000;;;;;;;;;;;;;;;;;;;;;;;;;;;;;;;;;;;;;;;;;;;;;;;;;;;;;;;;;;;;;;;;;;;;;;;;;;;;;;;;;;;;;;;;;;;;;;;;;;;;;;;;;;;;;;;;;;;;;;;;;;;;;;;;;;;;;;;;;;;;;;
-6.100;;;;;;;;;;;;;;;;;;;;;;;;;;;;;;;;;;;;;;;;;;;;;;;;;;;;;;;;;;;;;;;;;;;;;;;;;;;;;;;;;;;;;;;;;;;;;;;;;;;;;;;;;;;;;;;;;;;;;;;;;;;;;;;;;;;;;;;;;;;;;;
-6.200;;;;;;;;;;;;;;;;;;;;;;;;;;;;;;;;;;;;;;;;;;;;;;;;;;;;;;;;;;;;;;;;;;;;;;;;;;;;;;;;;;;;;;;;;;;;;;;;;;;;;;;;;;;;;;;;;;;;;;;;;;;;;;;;;;;;;;;;;;;;;;
-6.300;;;;;;;;;;;;;;;;;;;;;;;;;;;;;;;;;;;;;;;;;;;;;;;;;;;;;;;;;;;;;;;;;;;;;;;;;;;;;;;;;;;;;;;;;;;;;;;;;;;;;;;;;;;;;;;;;;;;;;;;;;;;;;;;;;;;;;;;;;;;;;
-6.400;;;;;;;;;;;;;;;;;;;;;;;;;;;;;;;;;;;;;;;;;;;;;;;;;;;;;;;;;;;;;;;;;;;;;;;;;;;;;;;;;;;;;;;;;;;;;;;;;;;;;;;;;;;;;;;;;;;;;;;;;;;;;;;;;;;;;;;;;;;;;;
-6.500;;;;;;;;;;;;;;;;;;;;;;;;;;;;;;;;;;;;;;;;;;;;;;;;;;;;;;;;;;;;;;;;;;;;;;;;;;;;;;;;;;;;;;;;;;;;;;;;;;;;;;;;;;;;;;;;;;;;;;;;;;;;;;;;;;;;;;;;;;;;;;
-6.600;;;;;;;;;;;;;;;;;;;;;;;;;;;;;;;;;;;;;;;;;;;;;;;;;;;;;;;;;;;;;;;;;;;;;;;;;;;;;;;;;;;;;;;;;;;;;;;;;;;;;;;;;;;;;;;;;;;;;;;;;;;;;;;;;;;;;;;;;;;;;;
-6.700;;;;;;;;;;;;;;;;;;;;;;;;;;;;;;;;;;;;;;;;;;;;;;;;;;;;;;;;;;;;;;;;;;;;;;;;;;;;;;;;;;;;;;;;;;;;;;;;;;;;;;;;;;;;;;;;;;;;;;;;;;;;;;;;;;;;;;;;;;;;;;
-6.800;;;;;;;;;;;;;;;;;;;;;;;;;;;;;;;;;;;;;;;;;;;;;;;;;;;;;;;;;;;;;;;;;;;;;;;;;;;;;;;;;;;;;;;;;;;;;;;;;;;;;;;;;;;;;;;;;;;;;;;;;;;;;;;;;;;;;;;;;;;;;;
-6.900;;;;;;;;;;;;;;;;;;;;;;;;;;;;;;;;;;;;;;;;;;;;;;;;;;;;;;;;;;;;;;;;;;;;;;;;;;;;;;;;;;;;;;;;;;;;;;;;;;;;;;;;;;;;;;;;;;;;;;;;;;;;;;;;;;;;;;;;;;;;;;
-7.000;;;;;;;;;;;;;;;;;;;;;;;;;;;;;;;;;;;;;;;;;;;;;;;;;;;;;;;;;;;;;;;;;;;;;;;;;;;;;;;;;;;;;;;;;;;;;;;;;;;;;;;;;;;;;;;;;;;;;;;;;;;;;;;;;;;;;;;;;;;;;;
[ELEVATION DATA];;
Radius BFS Front 8mm zone;7.21;
Radius BFS Back 8mm zone;5.95;

[SYSTEM];;
Name;Pentacam;
Version;1.25r15;
SerialNo;6552  1160;
Registered User;...;
File Date;19-06-2024;
Matrixsize X;141;
Matrixsize Y;141;
Matrix-Res. X/Y;100;

[PATIENT];;
LastName;6 Demo Cornea;
FirstName;Keratoconus & Opaque Endotheli;
Eye;OD;
DateOfBirth;11-11-2011;
Sex;...;
PatientID;new iris camera;

[EXAMINATION];;
Date;11-11-2011;
Time;15:20:14;
Surgeon;...;
OP;...;
TestNo;...;
Comments;...;
Max. Diameter;12.11;

[GENERAL DATA];;
Cornea Front Rh;7.37;
Cornea Front Rv;6.87;
Cornea Front Axis;19.1;
Cornea Front Astig;3.4;
Cornea Front Exz;-0.53;Q-val. (8mm);
Pachy Apex;511;
Pachy Min;493;
Pachy Min X;-0.94;
Pachy Min Y;-0.54;
Chamber Height;3.11;
Chamber Angle;51.00;
KKS;# 1-2;
QS Status;Unsteady Fixation;
QS Error;1;
K Max (Front);53.78;
K Max X (Front);0.54;
K Max Y (Front);-1.82;

[PUPIL];
Pupil Dia;2.85;
XPupil;-102;
YPupil;346;

X;Y;
1255;0;
1263;31;
1270;62;
1275;94;
1281;126;
1285;158;
1289;191;
1292;224;
1294;257;
1296;291;
1297;325;
1297;359;
1296;393;
1295;428;
1293;463;
1290;498;
1286;533;
1281;568;
1276;604;
1270;639;
1263;675;
1255;711;
1246;747;
1236;783;
1225;819;
1213;855;
1201;890;
1187;926;
1172;962;
1157;998;
1140;1033;
1122;1068;
1103;1103;
1083;1138;
1062;1172;
1040;1206;
1017;1239;
993;1272;
967;1304;
941;1336;
913;1367;
885;1398;
856;1428;
825;1457;
793;1485;
761;1512;
727;1538;
693;1564;
658;1589;
622;1611;
584;1633;
547;1654;
508;1674;
469;1694;
429;1711;
388;1727;
346;1741;
304;1755;
262;1768;
219;1778;
176;1787;
132;1794;
88;1801;
44;1806;
0;1810;
-44;1811;
-89;1811;
-134;1810;
-178;1808;
-223;1804;
-267;1798;
-311;1791;
-354;1782;
-398;1772;
-441;1761;
-484;1748;
-526;1733;
-567;1717;
-608;1701;
-649;1683;
-689;1664;
-728;1642;
-766;1620;
-804;1596;
-840;1572;
-876;1547;
-911;1520;
-945;1492;
-978;1464;
-1010;1434;
-1042;1404;
-1072;1373;
-1101;1341;
-1129;1308;
-1156;1275;
-1182;1241;
-1207;1207;
-1230;1171;
-1253;1136;
-1275;1099;
-1295;1063;
-1315;1026;
-1333;989;
-1350;951;
-1366;913;
-1382;875;
-1396;837;
-1409;798;
-1421;759;
-1432;721;
-1442;682;
-1451;643;
-1459;604;
-1466;565;
-1472;527;
-1477;488;
-1481;449;
-1484;411;
-1486;372;
-1488;334;
-1488;296;
-1487;258;
-1486;220;
-1483;183;
-1480;146;
-1476;109;
-1471;72;
-1465;36;
-1458;0;
-1450;-36;
-1441;-71;
-1432;-106;
-1421;-140;
-1410;-174;
-1398;-207;
-1386;-240;
-1372;-273;
-1358;-305;
-1343;-336;
-1328;-367;
-1312;-398;
-1295;-428;
-1278;-457;
-1260;-486;
-1241;-514;
-1222;-542;
-1203;-569;
-1183;-595;
-1162;-621;
-1141;-646;
-1119;-671;
-1097;-695;
-1075;-718;
-1052;-741;
-1028;-763;
-1005;-784;
-981;-805;
-956;-825;
-932;-844;
-906;-863;
-881;-881;
-855;-898;
-830;-915;
-803;-931;
-777;-947;
-750;-961;
-723;-975;
-696;-989;
-669;-1001;
-642;-1013;
-614;-1025;
-586;-1035;
-559;-1045;
-531;-1055;
-503;-1063;
-475;-1071;
-447;-1078;
-419;-1085;
-390;-1091;
-362;-1096;
-334;-1101;
-306;-1105;
-278;-1108;
-250;-1111;
-222;-1114;
-193;-1115;
-166;-1116;
-138;-1116;
-110;-1116;
-82;-1115;
-55;-1114;
-27;-1112;
0;-1109;
27;-1106;
54;-1103;
81;-1098;
108;-1093;
134;-1088;
161;-1082;
187;-1076;
213;-1069;
238;-1062;
264;-1054;
289;-1046;
315;-1037;
340;-1028;
364;-1018;
389;-1008;
413;-997;
437;-986;
461;-975;
485;-963;
508;-951;
531;-938;
554;-925;
577;-911;
600;-898;
622;-883;
644;-868;
666;-853;
687;-837;
709;-822;
730;-805;
750;-788;
771;-771;
791;-753;
812;-736;
831;-717;
851;-698;
870;-679;
889;-659;
908;-639;
927;-619;
945;-598;
962;-577;
980;-555;
997;-533;
1014;-511;
1031;-488;
1047;-464;
1062;-440;
1078;-416;
1094;-391;
1108;-366;
1123;-341;
1136;-314;
1150;-288;
1163;-261;
1175;-234;
1187;-206;
1199;-178;
1210;-149;
1220;-120;
1230;-91;
1239;-61;
1248;-31;
[CORNEA EDGE];;
Cornea Center Pos X (related to apex, [mm]);-0.46;
Cornea Center Pos Y (related to apex, [mm]);0.15;
Iris Image existing in Examination;1;
Iris Image Apex Pixel Position X;364.84;
Iris Image Apex Pixel Position Y;232.75;
Iris Image mm per Pixel;0.0208;
Left Cornea-Edge X (related to Apex, [µm]);Left Cornea-Edge Y (related to Apex, [µm]);
-5861;2093;
-5923;1894;
-5979;1692;
-6028;1489;
-6072;1284;
-6108;1078;
-6138;870;
-6160;661;
-6176;452;
-6184;242;
-6185;32;
-6178;-179;
-6164;-389;
-6143;-599;
-6115;-808;
-6080;-1016;
-6038;-1223;
-5989;-1429;
-5933;-1633;
-5871;-1836;
-5803;-2037;
-5729;-2236;
-5649;-2434;
-5563;-2630;
;;
;;
;;
;;
;;
;;
;;
;;
;;
;;
;;
;;
;;
;;
;;
;;
Right Cornea-Edge X (related to Apex, [µm]);Right Cornea-Edge Y (related to Apex, [µm]);
4684;-2498;
4761;-2319;
4832;-2138;
4898;-1956;
4960;-1774;
5016;-1590;
5067;-1405;
5112;-1219;
5153;-1032;
5187;-844;
5216;-656;
5239;-467;
5256;-278;
5268;-88;
5273;102;
5273;292;
5266;481;
5254;670;
5236;859;
5212;1048;
5183;1235;
5148;1422;
5107;1607;
5061;1792;
;;
;;
;;
;;
;;
;;
;;
;;
;;
;;
;;
;;
;;
;;
;;
;;
[GENERAL DATA 2];;
Chamber Angle @ 180°;52.5;
Chamber Angle @ 0°;51.0;
Chamber Volume [mm³];186;
AXL Axial Length [mm];;
AXL SNR;;
HWTW;11.5;
