FRONT;-7.000;-6.900;-6.800;-6.700;-6.600;-6.500;-6.400;-6.300;-6.200;-6.100;-6.000;-5.900;-5.800;-5.700;-5.600;-5.500;-5.400;-5.300;-5.200;-5.100;-5.000;-4.900;-4.800;-4.700;-4.600;-4.500;-4.400;-4.300;-4.200;-4.100;-4.000;-3.900;-3.800;-3.700;-3.600;-3.500;-3.400;-3.300;-3.200;-3.100;-3.000;-2.900;-2.800;-2.700;-2.600;-2.500;-2.400;-2.300;-2.200;-2.100;-2.000;-1.900;-1.800;-1.700;-1.600;-1.500;-1.400;-1.300;-1.200;-1.100;-1.000;-0.900;-0.800;-0.700;-0.600;-0.500;-0.400;-0.300;-0.200;-0.100;0.000;0.100;0.200;0.300;0.400;0.500;0.600;0.700;0.800;0.900;1.000;1.100;1.200;1.300;1.400;1.500;1.600;1.700;1.800;1.900;2.000;2.100;2.200;2.300;2.400;2.500;2.600;2.700;2.800;2.900;3.000;3.100;3.200;3.300;3.400;3.500;3.600;3.700;3.800;3.900;4.000;4.100;4.200;4.300;4.400;4.500;4.600;4.700;4.800;4.900;5.000;5.100;5.200;5.300;5.400;5.500;5.600;5.700;5.800;5.900;6.000;6.100;6.200;6.300;6.400;6.500;6.600;6.700;6.800;6.900;7.000;
7.000;;;;;;;;;;;;;;;;;;;;;;;;;;;;;;;;;;;;;;;;;;;;;;;;;;;;;;;;;;;;;;;;;;;;;;;;;;;;;;;;;;;;;;;;;;;;;;;;;;;;;;;;;;;;;;;;;;;;;;;;;;;;;;;;;;;;;;;;;;;;;;
6.900;;;;;;;;;;;;;;;;;;;;;;;;;;;;;;;;;;;;;;;;;;;;;;;;;;;;;;;;;;;;;;;;;;;;;;;;;;;;;;;;;;;;;;;;;;;;;;;;;;;;;;;;;;;;;;;;;;;;;;;;;;;;;;;;;;;;;;;;;;;;;;
6.800;;;;;;;;;;;;;;;;;;;;;;;;;;;;;;;;;;;;;;;;;;;;;;;;;;;;;;;;;;;;;;;;;;;;;;;;;;;;;;;;;;;;;;;;;;;;;;;;;;;;;;;;;;;;;;;;;;;;;;;;;;;;;;;;;;;;;;;;;;;;;;
6.700;;;;;;;;;;;;;;;;;;;;;;;;;;;;;;;;;;;;;;;;;;;;;;;;;;;;;;;;;;;;;;;;;;;;;;;;;;;;;;;;;;;;;;;;;;;;;;;;;;;;;;;;;;;;;;;;;;;;;;;;;;;;;;;;;;;;;;;;;;;;;;
6.600;;;;;;;;;;;;;;;;;;;;;;;;;;;;;;;;;;;;;;;;;;;;;;;;;;;;;;;;;;;;;;;;;;;;;;;;;;;;;;;;;;;;;;;;;;;;;;;;;;;;;;;;;;;;;;;;;;;;;;;;;;;;;;;;;;;;;;;;;;;;;;
6.500;;;;;;;;;;;;;;;;;;;;;;;;;;;;;;;;;;;;;;;;;;;;;;;;;;;;;;;;;;;;;;;;;;;;;;;;;;;;;;;;;;;;;;;;;;;;;;;;;;;;;;;;;;;;;;;;;;;;;;;;;;;;;;;;;;;;;;;;;;;;;;
6.400;;;;;;;;;;;;;;;;;;;;;;;;;;;;;;;;;;;;;;;;;;;;;;;;;;;;;;;;;;;;;;;;;;;;;;;;;;;;;;;;;;;;;;;;;;;;;;;;;;;;;;;;;;;;;;;;;;;;;;;;;;;;;;;;;;;;;;;;;;;;;;
6.300;;;;;;;;;;;;;;;;;;;;;;;;;;;;;;;;;;;;;;;;;;;;;;;;;;;;;;;;;;;;;;;;;;;;;;;;;;;;;;;;;;;;;;;;;;;;;;;;;;;;;;;;;;;;;;;;;;;;;;;;;;;;;;;;;;;;;;;;;;;;;;
6.200;;;;;;;;;;;;;;;;;;;;;;;;;;;;;;;;;;;;;;;;;;;;;;;;;;;;;;;;;;;;;;;;;;;;;;;;;;;;;;;;;;;;;;;;;;;;;;;;;;;;;;;;;;;;;;;;;;;;;;;;;;;;;;;;;;;;;;;;;;;;;;
6.100;;;;;;;;;;;;;;;;;;;;;;;;;;;;;;;;;;;;;;;;;;;;;;;;;;;;;;;;;;;;;;;;;;;;;;;;;;;;;;;;;;;;;;;;;;;;;;;;;;;;;;;;;;;;;;;;;;;;;;;;;;;;;;;;;;;;;;;;;;;;;;
6.000;;;;;;;;;;;;;;;;;;;;;;;;;;;;;;;;;;;;;;;;;;;;;;;;;;;;;;;;;;;;;;;;;;;;;;;;;;;;;;;;;;;;;;;;;;;;;;;;;;;;;;;;;;;;;;;;;;;;;;;;;;;;;;;;;;;;;;;;;;;;;;
5.900;;;;;;;;;;;;;;;;;;;;;;;;;;;;;;;;;;;;;;;;;;;;;;;;;;;;;;;;;;;;;;;;;;;;;;;;;;;;;;;;;;;;;;;;;;;;;;;;;;;;;;;;;;;;;;;;;;;;;;;;;;;;;;;;;;;;;;;;;;;;;;
5.800;;;;;;;;;;;;;;;;;;;;;;;;;;;;;;;;;;;;;;;;;;;;;;;;;;;;;;;;;;;;;;;;;;;;;;;;;;;;;;;;;;;;;;;;;;;;;;;;;;;;;;;;;;;;;;;;;;;;;;;;;;;;;;;;;;;;;;;;;;;;;;
5.700;;;;;;;;;;;;;;;;;;;;;;;;;;;;;;;;;;;;;;;;;;;;;;;;;;;;;;;;;;;;;;;;;;;;;;;;;;;;;;;;;;;;;;;;;;;;;;;;;;;;;;;;;;;;;;;;;;;;;;;;;;;;;;;;;;;;;;;;;;;;;;
5.600;;;;;;;;;;;;;;;;;;;;;;;;;;;;;;;;;;;;;;;;;;;;;;;;;;;;;;;;;;;;;;;;;;;;;;;;;;;;;;;;;;;;;;;;;;;;;;;;;;;;;;;;;;;;;;;;;;;;;;;;;;;;;;;;;;;;;;;;;;;;;;
5.500;;;;;;;;;;;;;;;;;;;;;;;;;;;;;;;;;;;;;;;;;;;;;;;;;;;;;;;;;;;;;;;;;;;;;;;;;;;;;;;;;;;;;;;;;;;;;;;;;;;;;;;;;;;;;;;;;;;;;;;;;;;;;;;;;;;;;;;;;;;;;;
5.400;;;;;;;;;;;;;;;;;;;;;;;;;;;;;;;;;;;;;;;;;;;;;;;;;;;;;;;;;;;;;;;;;;;;;;;;;;;;;;;;;;;;;;;;;;;;;;;;;;;;;;;;;;;;;;;;;;;;;;;;;;;;;;;;;;;;;;;;;;;;;;
5.300;;;;;;;;;;;;;;;;;;;;;;;;;;;;;;;;;;;;;;;;;;;;;;;;;;;;;;;;;;;;;;;;;;;;;;;;;;;;;;;;;;;;;;;;;;;;;;;;;;;;;;;;;;;;;;;;;;;;;;;;;;;;;;;;;;;;;;;;;;;;;;
5.200;;;;;;;;;;;;;;;;;;;;;;;;;;;;;;;;;;;;;;;;;;;;;;;;;;;;;;;;;;;;;;;;;;;;;;;;;;;;;;;;;;;;;;;;;;;;;;;;;;;;;;;;;;;;;;;;;;;;;;;;;;;;;;;;;;;;;;;;;;;;;;
5.100;;;;;;;;;;;;;;;;;;;;;;;;;;;;;;;;;;;;;;;;;;;;;;;;;;;;;;;;;;;;;;;;;;;;;;;;;;;;;;;;;;;;;;;;;;;;;;;;;;;;;;;;;;;;;;;;;;;;;;;;;;;;;;;;;;;;;;;;;;;;;;
5.000;;;;;;;;;;;;;;;;;;;;;;;;;;;;;;;;;;;;;;;;;;;;;;;;;;;;;;;;;;;;;;;;;;;;;;;;;;;;;;;;;;;;;;;;;;;;;;;;;;;;;;;;;;;;;;;;;;;;;;;;;;;;;;;;;;;;;;;;;;;;;;
4.900;;;;;;;;;;;;;;;;;;;;;;;;;;;;;;;;;;;;;;;;;;;;;;;;;;;;;;;;;;;;;;;;;;;;;;;;;;;;;;;;;;;;;;;;;;;;;;;;;;;;;;;;;;;;;;;;;;;;;;;;;;;;;;;;;;;;;;;;;;;;;;
4.800;;;;;;;;;;;;;;;;;;;;;;;;;;;;;;;;;;;;;;;;;;;;;;;;;;;;;;;;;;;;;;;;;;;;;;;;;;;;;;;;;;;;;;;;;;;;;;;;;;;;;;;;;;;;;;;;;;;;;;;;;;;;;;;;;;;;;;;;;;;;;;
4.700;;;;;;;;;;;;;;;;;;;;;;;;;;;;;;;;;;;;;;;;;;;;;;;;;;;;;;;;;;;;;;;;;;;;;;;;;;;;;;;;;;;;;;;;;;;;;;;;;;;;;;;;;;;;;;;;;;;;;;;;;;;;;;;;;;;;;;;;;;;;;;
4.600;;;;;;;;;;;;;;;;;;;;;;;;;;;;;;;;;;;;;;;;;;;;;;;;;;;;;;;;;;;;;;;;;;;;;;;;;;;;;;;;;;;;;;;;;;;;;;;;;;;;;;;;;;;;;;;;;;;;;;;;;;;;;;;;;;;;;;;;;;;;;;
4.500;;;;;;;;;;;;;;;;;;;;;;;;;;;;;;;;;;;;;;;;;;;;;;;;;;;;;;;;;;;;;;;;;;;;;;;;;;;;;;;;;;;;;;;;;;;;;;;;;;;;;;;;;;;;;;;;;;;;;;;;;;;;;;;;;;;;;;;;;;;;;;
4.400;;;;;;;;;;;;;;;;;;;;;;;;;;;;;;;;;;;;;;;;;;;;;;;;;;;;;;;;;;;;;;;;;;;;;;;;;;;;;;;;;;;;;;;;;;;;;;;;;;;;;;;;;;;;;;;;;;;;;;;;;;;;;;;;;;;;;;;;;;;;;;
4.300;;;;;;;;;;;;;;;;;;;;;;;;;;;;;;;;;;;;;;;;;;;;;;;;;;;;;;;;;;;;;;;;;;;;;;;;;;;;;;;;;;;;;;;;;;;;;;;;;;;;;;;;;;;;;;;;;;;;;;;;;;;;;;;;;;;;;;;;;;;;;;
4.200;;;;;;;;;;;;;;;;;;;;;;;;;;;;;;;;;;;;;;;;;;;;;;;;;;;;;;;;;;;;;;;;;;;;;;;;;;;;;;;;;;;;;;;;;;;;;;;;;;;;;;;;;;;;;;;;;;;;;;;;;;;;;;;;;;;;;;;;;;;;;;
4.100;;;;;;;;;;;;;;;;;;;;;;;;;;;;;;;;;;;;;;;;;;;;;;;;;;;;;;;;;;;;;;;;;;;;;;;;;;;;;;;;;;;;;;;;;;;;;;;;;;;;;;;;;;;;;;;;;;;;;;;;;;;;;;;;;;;;;;;;;;;;;;
4.000;;;;;;;;;;;;;;;;;;;;;;;;;;;;;;;;;;;;;;;;;;;;;;;;;;;;;;;;;;;;;;;;;;;;;;;;;;;;;;;;;;;;;;;;;;;;;;;;;;;;;;;;;;;;;;;;;;;;;;;;;;;;;;;;;;;;;;;;;;;;;;
3.900;;;;;;;;;;;;;;;;;;;;;;;;;;;;;;;;;;;;;;;;;;;;;;;;;;;;;;;;;;;;;;;;;;;;;;;;;;;;;;;;;;;;;;;;;;;;;;;;;;;;;;;;;;;;;;;;;;;;;;;;;;;;;;;;;;;;;;;;;;;;;;
3.800;;;;;;;;;;;;;;;;;;;;;;;;;;;;;;;;;;;;;;;;;;;;;;;;;;;;;;;;;;;;;;;;;;;;;;;;;;;;;;;;;;;;;;;;;;;;;;;;;;;;;;;;;;;;;;;;;;;;;;;;;;;;;;;;;;;;;;;;;;;;;;
3.700;;;;;;;;;;;;;;;;;;;;;;;;;;;;;;;;;;;;;;;;;;;;;;;;;;;;;;;;;;;;;;;;;;;;;;;1282;1286;1291;1298;1307;1317;1329;1343;1359;1376;1396;1417;1439;1463;1489;1516;1546;1576;1608;1642;1677;1714;;;;;;;;;;;;;;;;;;;;;;;;;;;;;;;;;;;;;;;;;;;;;;;;;;
3.600;;;;;;;;;;;;;;;;;;;;;;;;;;;;;;;;;;;;;;;;;;;;;;;;;;;;;;;;;;;;;;;;1248;1239;1232;1226;1223;1221;1221;1222;1225;1230;1237;1246;1256;1268;1281;1297;1314;1332;1353;1375;1398;1424;1450;1479;1509;1541;1574;1608;1645;1682;1721;1761;1803;;;;;;;;;;;;;;;;;;;;;;;;;;;;;;;;;;;;;;;;;;;;;;
3.500;;;;;;;;;;;;;;;;;;;;;;;;;;;;;;;;;;;;;;;;;;;;;;;;;;;;;;;;;;;1260;1243;1227;1213;1201;1190;1181;1174;1169;1165;1163;1163;1164;1167;1172;1179;1187;1197;1209;1222;1237;1253;1272;1292;1313;1336;1361;1388;1416;1445;1477;1509;1544;1579;1616;1655;1695;1736;1779;1823;1869;1916;;;;;;;;;;;;;;;;;;;;;;;;;;;;;;;;;;;;;;;;;;
3.400;;;;;;;;;;;;;;;;;;;;;;;;;;;;;;;;;;;;;;;;;;;;;;;;;;;;;;;1289;1265;1242;1222;1203;1185;1170;1156;1144;1133;1125;1118;1112;1109;1107;1106;1108;1111;1116;1122;1130;1140;1151;1164;1179;1195;1213;1233;1254;1277;1302;1328;1356;1385;1416;1448;1482;1517;1554;1593;1632;1673;1716;1760;1805;1852;1900;1949;;;;;;;;;;;;;;;;;;;;;;;;;;;;;;;;;;;;;;;;
3.300;;;;;;;;;;;;;;;;;;;;;;;;;;;;;;;;;;;;;;;;;;;;;;;;;;;;1314;1285;1257;1232;1208;1186;1165;1146;1129;1114;1100;1088;1078;1069;1062;1057;1054;1052;1051;1053;1056;1061;1067;1075;1085;1096;1109;1123;1139;1157;1177;1198;1220;1245;1270;1298;1327;1358;1390;1424;1459;1495;1534;1573;1614;1656;1700;1745;1791;1839;1888;1939;1991;;;;;;;;;;;;;;;;;;;;;;;;;;;;;;;;;;;;;;
3.200;;;;;;;;;;;;;;;;;;;;;;;;;;;;;;;;;;;;;;;;;;;;;;;;;1353;1319;1287;1257;1228;1201;1176;1152;1130;1110;1091;1074;1059;1045;1034;1023;1015;1008;1003;1000;998;998;999;1002;1007;1013;1021;1031;1042;1055;1069;1085;1103;1122;1143;1165;1189;1215;1243;1271;1302;1334;1368;1403;1439;1477;1517;1558;1600;1644;1688;1735;1782;1831;1881;1933;1986;2041;;;;;;;;;;;;;;;;;;;;;;;;;;;;;;;;;;;;
3.100;;;;;;;;;;;;;;;;;;;;;;;;;;;;;;;;;;;;;;;;;;;;;;;1369;1333;1298;1264;1232;1202;1174;1147;1121;1098;1076;1055;1037;1020;1005;992;980;970;962;955;950;947;945;945;946;949;954;960;968;978;989;1002;1016;1032;1050;1069;1090;1112;1136;1162;1189;1218;1248;1280;1314;1349;1386;1424;1463;1504;1546;1590;1635;1681;1729;1778;1828;1879;1932;1986;2042;2099;;;;;;;;;;;;;;;;;;;;;;;;;;;;;;;;;;
3.000;;;;;;;;;;;;;;;;;;;;;;;;;;;;;;;;;;;;;;;;;;;;;1393;1354;1316;1279;1244;1211;1179;1149;1120;1093;1068;1044;1022;1002;984;967;952;939;927;918;909;903;898;894;893;893;894;897;902;909;916;926;937;950;964;980;998;1017;1038;1060;1085;1110;1138;1166;1197;1229;1263;1298;1334;1372;1412;1453;1495;1539;1584;1631;1678;1727;1777;1829;1881;1935;1991;2048;2106;2166;;;;;;;;;;;;;;;;;;;;;;;;;;;;;;;;
2.900;;;;;;;;;;;;;;;;;;;;;;;;;;;;;;;;;;;;;;;;;;;1424;1382;1342;1302;1264;1228;1192;1159;1127;1097;1068;1041;1016;992;970;950;932;915;900;887;876;866;858;851;846;843;842;842;843;846;851;858;866;875;887;899;914;930;948;967;988;1010;1034;1060;1088;1117;1147;1179;1213;1248;1285;1323;1363;1404;1447;1491;1536;1583;1630;1679;1730;1781;1834;1888;1943;2000;2058;2117;2179;;;;;;;;;;;;;;;;;;;;;;;;;;;;;;;
2.800;;;;;;;;;;;;;;;;;;;;;;;;;;;;;;;;;;;;;;;;;1463;1418;1375;1333;1292;1253;1214;1177;1142;1108;1076;1046;1017;990;965;941;919;899;881;864;849;836;825;815;807;800;796;793;791;791;793;796;801;808;816;826;837;850;864;881;898;918;939;961;986;1012;1039;1068;1099;1131;1165;1200;1237;1276;1316;1357;1400;1444;1490;1537;1585;1634;1685;1736;1789;1843;1899;1955;2013;2072;2133;2195;;;;;;;;;;;;;;;;;;;;;;;;;;;;;;
2.700;;;;;;;;;;;;;;;;;;;;;;;;;;;;;;;;;;;;;;;;1463;1417;1372;1328;1286;1245;1205;1166;1129;1093;1059;1027;996;967;940;915;891;869;849;831;814;799;786;775;765;757;751;746;743;741;742;743;747;752;758;767;776;788;801;816;832;850;869;890;913;938;964;991;1021;1052;1084;1118;1154;1191;1230;1270;1312;1355;1400;1445;1493;1541;1591;1642;1694;1747;1801;1857;1913;1971;2030;2091;2153;2216;;;;;;;;;;;;;;;;;;;;;;;;;;;;;
2.600;;;;;;;;;;;;;;;;;;;;;;;;;;;;;;;;;;;;;;;1466;1419;1373;1328;1283;1240;1199;1158;1119;1082;1046;1011;979;948;919;891;866;842;820;800;781;765;750;737;725;716;708;701;697;694;692;693;694;698;703;710;718;728;739;752;767;784;802;821;843;866;890;917;945;974;1005;1038;1073;1109;1146;1185;1226;1268;1312;1357;1403;1450;1499;1549;1601;1653;1707;1761;1817;1874;1932;1991;2051;2113;2176;2241;2307;;;;;;;;;;;;;;;;;;;;;;;;;;;
2.500;;;;;;;;;;;;;;;;;;;;;;;;;;;;;;;;;;;;;1523;1474;1425;1377;1331;1285;1240;1196;1154;1113;1074;1036;1000;965;932;901;872;844;818;794;772;752;733;717;702;689;677;667;659;653;648;645;644;644;646;650;655;661;670;679;691;704;719;736;754;774;795;818;843;870;898;928;960;993;1028;1064;1102;1142;1183;1226;1270;1315;1362;1410;1459;1510;1561;1614;1668;1723;1779;1837;1895;1954;2014;2076;2139;2203;2269;2337;;;;;;;;;;;;;;;;;;;;;;;;;;
2.400;;;;;;;;;;;;;;;;;;;;;;;;;;;;;;;;;;;;1536;1485;1435;1386;1338;1290;1244;1198;1154;1111;1070;1030;992;955;920;887;855;826;798;772;748;725;705;686;670;655;641;630;620;612;606;601;598;596;597;598;602;607;613;622;632;643;657;671;688;706;726;748;772;797;824;852;883;915;949;984;1021;1059;1100;1141;1184;1229;1275;1322;1371;1420;1472;1524;1577;1632;1687;1744;1801;1860;1919;1980;2042;2104;2169;2234;2301;;;;;;;;;;;;;;;;;;;;;;;;;;
2.300;;;;;;;;;;;;;;;;;;;;;;;;;;;;;;;;;;;1552;1500;1449;1398;1348;1299;1251;1204;1158;1113;1070;1028;987;949;912;876;843;811;781;753;727;702;680;659;641;624;609;595;584;574;565;559;554;551;550;550;551;555;560;567;575;585;596;610;625;641;660;680;702;726;751;778;807;838;871;905;941;978;1017;1058;1100;1144;1189;1236;1283;1333;1383;1435;1488;1541;1596;1652;1709;1767;1826;1886;1947;2009;2072;2136;2202;2268;2337;;;;;;;;;;;;;;;;;;;;;;;;;
2.200;;;;;;;;;;;;;;;;;;;;;;;;;;;;;;;;;;1573;1519;1467;1415;1363;1312;1263;1214;1166;1119;1074;1030;987;946;907;870;834;800;768;738;709;683;659;636;615;596;579;564;550;538;528;520;514;509;506;504;504;506;509;514;521;529;539;550;563;579;596;614;635;657;681;707;734;764;795;828;862;898;936;976;1017;1060;1105;1150;1198;1246;1296;1347;1399;1453;1507;1563;1619;1677;1735;1795;1855;1916;1979;2042;2106;2171;2238;2306;2376;;;;;;;;;;;;;;;;;;;;;;;;
2.100;;;;;;;;;;;;;;;;;;;;;;;;;;;;;;;;;1597;1542;1488;1435;1382;1330;1278;1227;1178;1129;1082;1036;991;948;907;867;829;793;759;727;696;668;641;616;593;572;553;536;520;507;495;485;476;470;465;461;460;460;461;464;469;476;484;494;506;520;535;552;571;592;614;638;664;692;721;753;786;821;857;896;936;978;1021;1066;1113;1160;1210;1260;1312;1365;1419;1474;1530;1587;1645;1704;1764;1825;1887;1949;2013;2078;2143;2210;2278;2347;2418;;;;;;;;;;;;;;;;;;;;;;;
2.000;;;;;;;;;;;;;;;;;;;;;;;;;;;;;;;;1625;1569;1514;1459;1404;1351;1297;1245;1194;1143;1094;1046;999;954;911;869;829;791;754;720;687;656;627;600;575;552;531;512;494;479;465;453;443;434;427;422;419;417;417;419;422;427;434;442;453;465;478;494;511;530;550;573;597;623;651;681;712;746;781;818;857;897;939;983;1029;1076;1124;1174;1225;1277;1331;1386;1441;1498;1556;1615;1674;1735;1796;1859;1922;1986;2051;2117;2183;2251;2320;2391;2463;;;;;;;;;;;;;;;;;;;;;;
1.900;;;;;;;;;;;;;;;;;;;;;;;;;;;;;;;;1599;1543;1486;1431;1375;1321;1267;1214;1161;1110;1060;1012;965;919;875;833;792;754;717;682;649;618;589;562;537;513;492;473;455;439;425;413;403;394;387;382;379;377;377;379;382;387;394;402;413;425;438;454;471;490;511;533;558;584;612;642;674;707;742;780;819;859;902;946;992;1040;1089;1139;1191;1244;1298;1354;1410;1467;1526;1585;1646;1707;1769;1832;1895;1960;2025;2092;2159;2227;2296;2366;2438;;;;;;;;;;;;;;;;;;;;;;
1.800;;;;;;;;;;;;;;;;;;;;;;;;;;;;;;;1633;1575;1518;1461;1404;1348;1292;1237;1184;1131;1079;1028;979;931;885;841;798;757;718;681;646;613;582;552;525;500;476;455;435;417;402;388;375;365;356;349;344;341;339;339;341;344;349;356;364;375;387;400;416;433;452;473;495;520;546;574;604;636;670;705;743;782;823;866;910;957;1004;1054;1105;1157;1211;1266;1322;1379;1437;1497;1557;1618;1680;1742;1806;1870;1935;2001;2068;2135;2204;2273;2344;2416;2489;;;;;;;;;;;;;;;;;;;;;
1.700;;;;;;;;;;;;;;;;;;;;;;;;;;;;;;1670;1611;1552;1494;1436;1379;1322;1265;1210;1155;1101;1049;998;948;900;853;808;765;724;685;647;612;579;547;518;490;465;441;419;400;382;366;352;340;329;320;313;308;305;303;303;305;308;313;320;328;338;350;364;379;397;416;437;459;484;510;538;568;600;634;670;707;747;788;831;876;922;970;1020;1072;1125;1179;1235;1291;1349;1408;1468;1529;1591;1653;1717;1781;1846;1912;1978;2045;2113;2182;2252;2323;2395;2468;2542;;;;;;;;;;;;;;;;;;;;
1.600;;;;;;;;;;;;;;;;;;;;;;;;;;;;;;1650;1591;1531;1472;1413;1354;1297;1239;1183;1128;1073;1020;968;918;870;823;777;734;692;653;615;580;546;514;485;457;431;408;386;366;348;332;318;306;295;287;280;274;271;269;269;271;274;279;286;294;304;316;330;345;362;381;402;425;449;475;504;534;566;600;635;673;713;754;797;842;889;938;988;1040;1093;1148;1204;1261;1320;1379;1440;1502;1564;1628;1692;1757;1822;1889;1956;2024;2093;2162;2232;2303;2375;2449;2523;;;;;;;;;;;;;;;;;;;;
1.500;;;;;;;;;;;;;;;;;;;;;;;;;;;;;1693;1632;1571;1511;1451;1391;1332;1273;1215;1158;1102;1047;993;941;890;841;794;748;705;663;623;585;549;515;483;454;426;400;376;354;335;317;301;286;274;263;255;248;242;239;237;237;238;242;247;253;262;272;283;297;312;329;348;369;392;416;442;471;501;533;567;603;640;680;722;765;810;857;906;956;1008;1062;1117;1174;1232;1291;1351;1413;1475;1539;1603;1668;1733;1800;1867;1935;2004;2073;2143;2213;2285;2357;2431;2506;2582;;;;;;;;;;;;;;;;;;;
1.400;;;;;;;;;;;;;;;;;;;;;;;;;;;;;1677;1615;1553;1492;1431;1370;1310;1250;1192;1134;1077;1022;968;915;864;814;767;721;677;635;594;556;520;486;454;424;396;370;347;325;305;287;271;257;244;234;225;218;212;209;207;207;208;211;216;223;231;241;253;266;281;298;317;338;360;385;411;439;469;502;535;571;609;649;691;734;779;827;876;926;979;1033;1088;1145;1203;1263;1324;1386;1449;1514;1579;1644;1711;1778;1846;1915;1984;2054;2125;2196;2268;2341;2415;2490;2566;;;;;;;;;;;;;;;;;;;
1.300;;;;;;;;;;;;;;;;;;;;;;;;;;;;1725;1662;1599;1536;1474;1412;1351;1290;1229;1170;1112;1054;998;944;890;839;789;741;695;650;608;568;529;493;459;427;397;369;343;319;297;277;259;243;229;216;206;197;190;184;181;179;178;180;183;188;194;202;212;224;237;252;269;288;309;331;355;382;410;440;472;506;542;579;619;661;705;750;797;847;897;950;1004;1060;1117;1176;1236;1298;1360;1424;1489;1555;1622;1689;1757;1826;1896;1966;2036;2107;2179;2252;2325;2400;2475;2551;2629;;;;;;;;;;;;;;;;;;
1.200;;;;;;;;;;;;;;;;;;;;;;;;;;;;1711;1647;1584;1520;1457;1394;1332;1271;1210;1150;1091;1033;976;921;867;815;765;717;670;626;583;543;504;468;433;401;371;343;317;293;271;251;233;217;203;191;180;171;164;158;155;153;152;154;157;161;168;176;185;197;210;225;242;260;281;303;327;354;382;412;444;477;513;551;591;633;677;722;770;819;870;923;977;1034;1091;1150;1211;1273;1336;1400;1466;1533;1600;1668;1737;1807;1877;1948;2020;2091;2164;2237;2311;2386;2462;2539;2617;;;;;;;;;;;;;;;;;;
1.100;;;;;;;;;;;;;;;;;;;;;;;;;;;1765;1699;1634;1570;1506;1442;1378;1315;1253;1191;1131;1071;1013;955;900;846;794;743;694;648;603;560;519;481;444;410;378;348;320;294;270;248;228;210;194;179;167;156;147;140;135;131;129;128;129;132;137;143;151;160;172;185;200;216;235;255;277;301;327;355;385;417;451;487;525;564;606;650;696;743;793;844;897;952;1008;1066;1126;1187;1249;1313;1377;1444;1511;1579;1649;1718;1789;1860;1932;2004;2076;2150;2224;2298;2373;2450;2527;2605;;;;;;;;;;;;;;;;;;
1.000;;;;;;;;;;;;;;;;;;;;;;;;;;;1754;1688;1623;1557;1492;1428;1363;1300;1236;1174;1113;1053;994;936;880;826;773;723;674;627;582;539;498;459;423;388;356;326;298;272;248;226;206;188;172;158;145;135;126;118;113;109;107;106;107;110;114;120;128;137;149;162;176;193;211;231;253;277;303;331;361;392;426;462;500;540;581;625;671;719;768;820;873;928;985;1043;1103;1164;1227;1291;1356;1423;1491;1560;1630;1701;1772;1844;1916;1989;2063;2137;2211;2286;2362;2439;2517;2595;2675;;;;;;;;;;;;;;;;;
0.900;;;;;;;;;;;;;;;;;;;;;;;;;;1813;1745;1678;1612;1546;1480;1415;1350;1285;1221;1159;1097;1036;977;919;862;808;755;704;654;607;562;519;478;439;403;368;336;306;278;252;228;207;187;169;153;138;126;115;106;99;93;89;87;86;87;90;94;100;107;117;127;140;155;171;189;209;231;255;280;308;338;369;403;439;477;516;558;602;648;696;745;797;851;906;963;1021;1082;1143;1206;1271;1337;1403;1472;1542;1612;1684;1756;1829;1902;1976;2050;2125;2200;2276;2352;2429;2508;2587;2667;;;;;;;;;;;;;;;;;
0.800;;;;;;;;;;;;;;;;;;;;;;;;;;1806;1737;1670;1603;1536;1469;1403;1337;1272;1208;1144;1082;1021;961;903;846;791;738;687;637;590;545;501;460;422;385;351;319;288;261;235;211;189;169;151;135;121;108;98;89;81;76;72;69;68;69;71;75;81;89;98;108;121;135;151;169;189;210;234;260;287;317;348;382;417;455;495;537;581;627;675;724;776;830;885;942;1001;1062;1124;1187;1252;1319;1386;1454;1525;1597;1669;1742;1815;1889;1963;2038;2114;2190;2266;2343;2421;2500;2579;2660;2742;;;;;;;;;;;;;;;;
0.700;;;;;;;;;;;;;;;;;;;;;;;;;;1800;1731;1662;1595;1527;1460;1393;1326;1261;1196;1132;1069;1007;947;889;832;776;723;671;622;574;529;486;445;406;369;335;303;273;245;219;195;174;154;136;120;106;93;82;73;66;60;56;53;52;53;55;59;65;72;81;91;103;117;133;151;170;192;215;241;268;297;329;362;398;436;475;517;561;607;655;705;757;811;867;924;983;1044;1106;1170;1236;1302;1370;1439;1510;1582;1655;1729;1803;1877;1953;2028;2104;2181;2258;2336;2414;2493;2574;2655;2737;;;;;;;;;;;;;;;;
0.600;;;;;;;;;;;;;;;;;;;;;;;;;1865;1795;1726;1656;1588;1519;1451;1384;1317;1251;1185;1121;1057;996;935;876;819;763;709;658;608;560;515;472;431;392;355;321;289;259;231;206;182;160;141;123;107;92;80;69;60;53;47;43;40;39;39;41;45;50;57;66;76;88;102;118;135;154;175;199;224;251;280;312;345;380;418;458;500;544;590;638;688;740;794;850;907;967;1028;1091;1155;1221;1288;1356;1426;1497;1570;1643;1717;1792;1867;1943;2019;2096;2173;2251;2329;2408;2488;2569;2651;2733;;;;;;;;;;;;;;;;
0.500;;;;;;;;;;;;;;;;;;;;;;;;;1862;1792;1722;1652;1582;1513;1445;1377;1309;1242;1176;1111;1048;985;925;865;808;752;698;646;596;549;503;460;419;380;344;309;277;247;220;194;171;149;129;112;96;81;69;58;49;42;36;31;28;27;28;29;33;38;45;53;63;75;88;104;121;140;161;184;209;236;265;296;329;365;402;442;484;528;574;622;672;724;779;835;893;953;1014;1077;1142;1208;1276;1344;1415;1486;1559;1633;1708;1783;1859;1935;2012;2089;2167;2246;2324;2404;2484;2566;2648;2731;;;;;;;;;;;;;;;;
0.400;;;;;;;;;;;;;;;;;;;;;;;;;1861;1790;1719;1649;1579;1509;1440;1371;1303;1235;1169;1104;1040;977;916;856;799;743;688;636;586;539;493;450;409;370;334;299;268;238;210;185;161;140;120;102;87;72;60;49;40;32;26;22;19;18;18;20;23;28;34;42;52;64;77;92;109;128;149;171;196;223;252;283;316;351;389;428;470;514;560;608;659;711;766;822;880;940;1002;1065;1131;1197;1265;1335;1405;1477;1550;1625;1700;1776;1852;1929;2007;2084;2163;2242;2321;2401;2482;2564;2646;2730;2815;;;;;;;;;;;;;;;
0.300;;;;;;;;;;;;;;;;;;;;;;;;;1861;1789;1718;1647;1576;1506;1436;1367;1298;1230;1164;1098;1034;971;909;850;791;735;681;629;578;531;485;442;401;362;326;292;260;230;203;177;154;132;113;95;80;65;53;42;33;26;19;15;12;10;10;12;15;20;26;34;43;55;68;83;99;118;138;161;185;212;241;271;304;340;377;417;458;502;549;597;647;700;754;811;869;930;992;1056;1121;1188;1257;1327;1398;1470;1543;1618;1694;1770;1847;1925;2003;2081;2160;2239;2319;2400;2481;2563;2647;2731;2816;;;;;;;;;;;;;;;
0.200;;;;;;;;;;;;;;;;;;;;;;;;;1863;1791;1719;1647;1576;1505;1435;1365;1295;1227;1160;1094;1029;966;905;844;786;730;675;623;572;524;479;435;395;356;320;286;254;224;197;172;148;127;108;90;75;60;48;37;28;21;14;10;7;5;5;6;9;14;20;27;37;48;60;75;91;110;130;152;177;203;232;262;295;330;367;407;449;493;539;587;638;691;745;802;861;922;984;1048;1114;1181;1250;1321;1392;1465;1539;1614;1690;1767;1844;1922;2001;2079;2159;2239;2319;2400;2482;2565;2648;2733;2818;;;;;;;;;;;;;;;
0.100;;;;;;;;;;;;;;;;;;;;;;;;1940;1866;1793;1721;1649;1577;1506;1435;1364;1295;1226;1158;1092;1027;964;902;841;783;726;671;619;568;520;474;431;390;352;315;282;250;220;193;168;145;124;105;87;71;57;45;34;25;18;11;7;4;2;2;3;5;10;15;23;32;43;55;70;86;104;124;146;170;196;224;255;288;323;360;399;441;485;531;580;631;683;738;795;854;915;978;1043;1109;1177;1246;1317;1389;1462;1536;1612;1688;1765;1843;1921;2000;2080;2159;2240;2321;2402;2485;2568;2651;2736;2822;;;;;;;;;;;;;;;
0.000;;;;;;;;;;;;;;;;;;;;;;;;1945;1871;1798;1725;1652;1580;1508;1436;1366;1296;1227;1159;1092;1027;963;901;840;781;724;669;616;566;518;472;429;388;349;313;279;248;218;191;166;143;122;103;86;70;56;44;33;24;16;10;6;2;0;0;1;4;8;13;20;29;40;52;66;82;100;120;142;165;191;220;250;283;317;355;394;436;480;526;575;625;678;734;791;850;911;974;1039;1106;1174;1244;1315;1387;1461;1536;1612;1689;1766;1844;1923;2002;2082;2162;2242;2324;2406;2489;2572;2656;2741;2827;;;;;;;;;;;;;;;
-0.100;;;;;;;;;;;;;;;;;;;;;;;;1952;1878;1804;1731;1658;1585;1512;1440;1369;1299;1229;1161;1094;1029;965;902;841;782;724;669;616;566;517;472;428;387;349;313;279;247;218;191;166;143;122;103;86;71;57;45;34;25;17;11;6;3;1;0;1;4;8;13;20;29;39;51;65;80;98;118;139;163;189;217;247;279;314;351;391;432;476;523;571;622;676;731;788;848;909;973;1038;1105;1173;1243;1315;1388;1462;1537;1614;1691;1769;1847;1926;2005;2085;2166;2247;2329;2411;2494;2578;2663;2748;2834;;;;;;;;;;;;;;;
-0.200;;;;;;;;;;;;;;;;;;;;;;;;1961;1886;1812;1739;1665;1592;1519;1446;1375;1304;1234;1165;1098;1033;968;905;844;784;727;671;618;567;519;473;429;389;350;314;280;249;220;193;168;145;124;106;88;73;59;47;37;27;20;14;9;5;3;3;3;6;9;15;21;30;40;52;65;81;98;118;139;163;188;216;246;278;313;350;390;431;475;522;570;621;675;730;788;848;909;973;1039;1106;1175;1245;1317;1391;1465;1541;1618;1695;1773;1852;1931;2011;2091;2172;2254;2336;2419;2502;2586;2671;2756;2843;;;;;;;;;;;;;;;
-0.300;;;;;;;;;;;;;;;;;;;;;;;;1972;1897;1822;1748;1674;1600;1527;1454;1382;1311;1241;1172;1105;1039;974;911;849;789;731;675;622;571;522;476;433;392;353;317;283;252;223;196;171;149;128;109;92;77;63;51;41;32;24;18;13;9;7;7;7;9;13;18;25;33;43;55;68;83;100;120;141;164;190;217;247;280;314;351;390;432;476;523;572;623;676;732;790;850;912;976;1041;1109;1178;1249;1322;1395;1470;1546;1624;1701;1780;1859;1938;2018;2099;2180;2262;2345;2428;2512;2596;2681;2767;2853;;;;;;;;;;;;;;;
-0.400;;;;;;;;;;;;;;;;;;;;;;;;1984;1909;1835;1760;1686;1611;1538;1464;1392;1320;1250;1181;1113;1047;982;918;856;795;737;681;627;576;527;481;438;396;358;322;288;257;228;201;177;154;133;115;98;83;69;57;47;37;30;24;19;15;13;12;13;15;18;23;30;38;48;59;72;88;105;124;145;168;193;221;251;283;317;354;394;435;479;526;575;626;680;735;794;854;916;980;1046;1114;1184;1255;1328;1402;1477;1554;1631;1709;1788;1867;1947;2028;2109;2190;2273;2355;2439;2523;2607;2693;2779;2865;;;;;;;;;;;;;;;
-0.500;;;;;;;;;;;;;;;;;;;;;;;;1999;1924;1849;1774;1699;1624;1550;1477;1404;1332;1261;1191;1123;1057;992;927;864;804;745;689;635;583;534;488;444;403;364;328;295;263;234;208;183;161;140;122;105;90;76;64;54;45;37;31;26;23;21;20;20;22;26;30;37;45;54;66;79;94;111;129;150;173;199;226;256;288;322;359;399;440;485;531;580;632;685;741;800;860;922;987;1053;1122;1192;1263;1336;1411;1486;1563;1641;1719;1798;1878;1958;2039;2120;2202;2285;2368;2452;2536;2621;2706;2792;2879;;;;;;;;;;;;;;;
-0.600;;;;;;;;;;;;;;;;;;;;;;;;2015;1940;1865;1790;1715;1640;1565;1491;1418;1345;1274;1204;1136;1069;1004;939;876;814;755;699;644;593;544;497;453;412;373;337;303;272;243;216;192;169;149;130;113;98;85;73;63;54;46;40;35;32;30;29;29;31;34;39;45;53;63;74;87;102;118;137;158;181;206;234;263;295;330;367;406;448;492;539;588;639;693;749;808;868;931;996;1063;1131;1201;1273;1347;1421;1498;1575;1653;1731;1811;1891;1971;2052;2134;2216;2299;2383;2467;2551;2636;2722;2808;2895;;;;;;;;;;;;;;;
-0.700;;;;;;;;;;;;;;;;;;;;;;;;2034;1959;1883;1808;1732;1657;1582;1508;1434;1361;1290;1220;1151;1083;1018;952;889;827;768;711;656;604;554;508;463;422;383;347;313;282;253;226;201;179;159;140;123;108;95;83;73;64;57;50;46;42;40;39;40;41;45;49;56;63;73;84;97;112;128;147;168;190;216;243;273;305;339;376;415;457;501;548;597;649;703;759;818;879;942;1007;1074;1143;1213;1285;1359;1434;1511;1588;1667;1745;1825;1905;1986;2068;2150;2232;2315;2399;2483;2568;2653;2739;2825;2912;;;;;;;;;;;;;;;
-0.800;;;;;;;;;;;;;;;;;;;;;;;;2054;1979;1903;1828;1752;1677;1602;1527;1453;1380;1308;1237;1168;1100;1034;968;904;842;782;725;670;617;567;520;476;434;395;358;324;293;264;237;213;190;170;151;135;120;107;95;85;76;68;62;58;54;52;51;52;53;57;61;67;75;85;96;108;123;140;158;179;202;227;254;284;316;350;387;427;469;513;560;609;661;715;772;830;891;955;1020;1087;1156;1227;1299;1373;1449;1526;1603;1682;1761;1841;1922;2003;2085;2167;2250;2334;2418;2502;2587;2672;2758;2844;2931;;;;;;;;;;;;;;;
-0.900;;;;;;;;;;;;;;;;;;;;;;;;2077;2002;1926;1850;1775;1699;1623;1548;1474;1400;1328;1257;1187;1119;1052;986;922;859;799;741;685;633;582;535;490;448;409;372;338;306;277;250;226;203;183;164;148;133;120;108;98;89;82;75;71;67;65;64;65;67;70;75;81;89;98;109;122;136;153;172;192;215;240;267;297;329;364;401;440;482;527;574;623;675;729;786;845;906;970;1035;1102;1172;1243;1316;1390;1465;1542;1621;1699;1779;1859;1940;2022;2104;2187;2270;2354;2438;2523;2608;2693;2779;2865;2952;;;;;;;;;;;;;;;
-1.000;;;;;;;;;;;;;;;;;;;;;;;;2101;2026;1951;1875;1799;1723;1647;1572;1497;1423;1350;1279;1209;1140;1073;1007;942;879;818;759;703;650;600;552;506;464;424;387;353;321;292;265;240;218;197;179;162;147;134;122;112;103;96;90;85;82;80;79;80;82;85;90;96;103;113;124;137;151;168;187;207;230;255;283;312;344;379;416;456;498;542;589;639;691;746;802;862;923;987;1052;1120;1189;1261;1334;1408;1484;1561;1640;1719;1799;1879;1961;2043;2125;2208;2292;2376;2460;2545;2630;2716;2802;2888;2975;;;;;;;;;;;;;;;
-1.100;;;;;;;;;;;;;;;;;;;;;;;;2128;2053;1977;1901;1826;1750;1674;1598;1523;1449;1375;1303;1233;1164;1096;1029;964;900;839;780;724;670;619;570;525;482;442;405;370;338;309;281;257;234;213;195;178;163;150;138;128;119;112;106;101;98;96;95;96;98;101;106;112;120;129;140;153;168;185;203;224;247;272;300;330;362;396;434;473;515;560;607;657;709;764;821;880;942;1006;1072;1140;1209;1281;1354;1429;1505;1582;1661;1740;1820;1901;1983;2065;2148;2232;2316;2400;2485;2570;2655;2740;2826;2912;2999;;;;;;;;;;;;;;;
-1.200;;;;;;;;;;;;;;;;;;;;;;;;2156;2081;2006;1930;1854;1778;1702;1626;1551;1476;1403;1330;1259;1190;1121;1055;989;925;863;803;746;692;640;592;546;502;462;424;389;357;327;300;275;252;231;212;195;180;167;155;145;136;129;123;119;115;113;113;113;115;119;124;130;138;147;159;172;186;203;222;243;266;291;319;349;381;416;453;493;535;580;627;677;730;785;842;901;963;1027;1093;1161;1231;1303;1376;1451;1527;1605;1684;1763;1844;1925;2007;2090;2173;2257;2341;2426;2511;2596;2681;2767;2853;2939;3025;;;;;;;;;;;;;;;
-1.300;;;;;;;;;;;;;;;;;;;;;;;;;2112;2036;1961;1885;1809;1733;1657;1581;1506;1432;1360;1288;1218;1149;1082;1016;951;889;829;771;716;664;615;568;525;484;446;410;378;347;320;294;271;250;231;214;199;186;174;164;155;148;142;137;134;132;132;132;135;138;143;149;157;167;178;191;206;223;242;263;286;312;339;370;402;437;474;514;557;602;650;700;752;807;865;924;986;1051;1117;1185;1255;1327;1401;1476;1552;1630;1709;1788;1869;1951;2033;2116;2200;2284;2369;2453;2538;2624;2709;2795;2881;2967;3053;;;;;;;;;;;;;;;
-1.400;;;;;;;;;;;;;;;;;;;;;;;;;2144;2069;1994;1918;1842;1766;1690;1614;1539;1465;1391;1320;1249;1180;1112;1046;981;918;857;799;744;691;641;594;550;508;470;434;400;370;342;316;293;272;252;235;220;206;194;184;175;168;162;158;154;153;152;153;155;159;164;170;178;188;200;213;228;245;264;285;309;334;362;392;425;460;498;538;581;626;674;724;777;832;890;950;1012;1076;1143;1211;1281;1353;1427;1502;1579;1657;1736;1816;1897;1979;2062;2145;2229;2313;2398;2483;2568;2653;2739;2824;2910;2996;3082;;;;;;;;;;;;;;;
-1.500;;;;;;;;;;;;;;;;;;;;;;;;;2178;2103;2029;1953;1877;1801;1725;1649;1574;1499;1426;1353;1282;1213;1145;1078;1012;949;888;829;773;720;669;622;577;535;496;459;426;395;366;340;316;295;275;258;242;229;217;206;197;190;184;179;176;174;174;175;177;181;186;193;201;211;223;236;251;269;288;309;333;359;387;417;450;486;524;564;607;652;700;751;804;859;917;977;1039;1104;1170;1239;1309;1382;1455;1531;1607;1685;1765;1845;1926;2009;2092;2175;2260;2344;2429;2514;2599;2685;2770;2856;2942;3028;;;;;;;;;;;;;;;;
-1.600;;;;;;;;;;;;;;;;;;;;;;;;;2214;2140;2065;1990;1915;1839;1763;1687;1611;1536;1463;1390;1318;1248;1180;1113;1047;983;921;862;806;752;700;652;607;564;524;487;453;422;393;366;342;320;300;282;267;253;240;230;221;213;207;203;200;198;198;199;201;205;210;217;225;235;247;261;276;294;313;335;359;385;413;444;477;513;551;592;635;681;729;780;833;888;946;1007;1069;1134;1201;1269;1340;1412;1486;1561;1638;1716;1796;1876;1958;2040;2124;2208;2292;2377;2462;2547;2632;2718;2803;2889;2975;3061;;;;;;;;;;;;;;;;
-1.700;;;;;;;;;;;;;;;;;;;;;;;;;2251;2178;2104;2029;1954;1878;1802;1726;1651;1576;1502;1429;1357;1287;1218;1150;1085;1020;958;898;841;786;734;685;639;596;556;518;483;451;421;394;370;347;327;309;293;279;266;256;246;239;233;228;225;223;223;224;226;230;236;243;251;262;274;288;303;321;341;363;387;413;442;473;506;542;581;622;665;711;760;811;864;920;978;1038;1101;1166;1233;1302;1372;1445;1518;1594;1671;1749;1829;1909;1991;2074;2158;2242;2326;2411;2496;2581;2667;2752;2838;2924;3009;3095;;;;;;;;;;;;;;;;
-1.800;;;;;;;;;;;;;;;;;;;;;;;;;;2217;2144;2070;1995;1920;1844;1768;1693;1618;1544;1470;1398;1328;1258;1191;1125;1060;997;937;879;824;771;721;675;631;590;551;516;483;453;425;400;377;357;338;322;307;294;283;274;266;260;255;252;250;250;251;254;258;263;270;279;290;302;316;332;350;370;392;417;444;473;504;538;574;613;654;698;744;793;844;897;953;1012;1072;1135;1200;1267;1336;1407;1479;1553;1629;1706;1784;1864;1945;2027;2110;2193;2277;2362;2447;2532;2617;2703;2789;2874;2960;3046;3132;;;;;;;;;;;;;;;;
-1.900;;;;;;;;;;;;;;;;;;;;;;;;;;2258;2185;2112;2038;1963;1888;1812;1737;1662;1588;1514;1442;1371;1302;1234;1167;1102;1039;978;920;864;811;761;713;668;627;588;551;518;487;459;433;410;389;370;353;338;325;313;304;296;289;284;281;279;279;280;283;287;293;300;309;320;332;347;363;381;402;424;449;476;505;537;571;608;647;688;732;779;828;879;933;989;1048;1109;1172;1237;1304;1373;1443;1516;1590;1666;1743;1821;1901;1982;2064;2147;2231;2315;2400;2485;2570;2655;2741;2826;2912;2998;3084;;;;;;;;;;;;;;;;;
-2.000;;;;;;;;;;;;;;;;;;;;;;;;;;2300;2228;2156;2082;2008;1933;1858;1783;1708;1634;1561;1488;1417;1348;1279;1213;1148;1084;1023;964;907;854;803;754;709;666;627;590;556;524;495;469;445;423;404;386;371;357;346;336;327;321;316;312;311;310;311;314;318;324;332;341;352;365;379;396;414;435;458;483;510;540;572;607;643;683;725;769;816;865;917;971;1027;1086;1147;1210;1275;1343;1412;1482;1555;1629;1705;1781;1860;1940;2021;2103;2186;2270;2354;2439;2524;2609;2694;2780;2866;2951;3037;3123;;;;;;;;;;;;;;;;;
-2.100;;;;;;;;;;;;;;;;;;;;;;;;;;;2273;2201;2128;2054;1980;1906;1831;1757;1683;1610;1537;1466;1396;1328;1261;1196;1132;1070;1011;954;899;848;799;753;710;669;631;597;564;535;508;483;461;440;422;407;393;381;370;362;355;350;346;344;344;345;347;352;358;365;375;386;399;414;431;450;471;494;519;547;577;610;644;682;721;764;808;855;905;957;1011;1068;1127;1188;1251;1316;1384;1453;1523;1596;1670;1745;1822;1901;1981;2062;2144;2227;2311;2395;2480;2564;2650;2735;2821;2906;2992;3078;3164;;;;;;;;;;;;;;;;;
-2.200;;;;;;;;;;;;;;;;;;;;;;;;;;;2318;2247;2175;2103;2029;1956;1882;1808;1734;1661;1588;1517;1447;1379;1312;1246;1183;1121;1061;1003;948;896;847;800;756;715;676;640;608;577;549;524;501;480;462;445;431;418;408;399;391;386;382;380;380;381;383;388;394;402;411;423;436;451;468;487;509;532;558;586;617;649;685;722;762;805;850;897;947;999;1054;1111;1170;1231;1294;1359;1427;1496;1567;1639;1713;1788;1865;1943;2023;2104;2186;2269;2353;2437;2522;2607;2692;2777;2863;2949;3035;3121;;;;;;;;;;;;;;;;;;
-2.300;;;;;;;;;;;;;;;;;;;;;;;;;;;;2295;2224;2152;2080;2007;1933;1860;1787;1714;1642;1571;1501;1432;1365;1299;1236;1174;1114;1056;1000;948;897;850;805;763;724;688;654;623;594;568;544;523;504;487;472;459;448;438;431;425;421;419;418;419;422;426;432;440;450;462;475;491;508;528;549;573;599;628;658;692;727;765;806;848;894;941;991;1044;1099;1156;1215;1276;1340;1405;1472;1541;1612;1684;1758;1833;1910;1988;2068;2149;2231;2314;2397;2481;2566;2650;2736;2821;2907;2993;3079;3165;;;;;;;;;;;;;;;;;;
-2.400;;;;;;;;;;;;;;;;;;;;;;;;;;;;2344;2274;2203;2132;2059;1987;1914;1842;1769;1697;1626;1557;1488;1421;1355;1291;1229;1169;1111;1055;1002;951;903;858;815;775;738;704;672;642;616;591;569;549;532;516;502;491;481;473;467;463;460;459;460;463;467;474;482;491;503;517;533;550;570;592;616;643;672;703;736;772;811;851;894;940;988;1038;1091;1146;1203;1262;1324;1387;1453;1520;1589;1659;1731;1804;1879;1956;2034;2114;2195;2277;2359;2443;2526;2611;2696;2781;2866;2952;3038;3124;;;;;;;;;;;;;;;;;;;
-2.500;;;;;;;;;;;;;;;;;;;;;;;;;;;;;2325;2255;2185;2114;2042;1970;1898;1826;1755;1684;1615;1546;1479;1414;1350;1288;1227;1169;1113;1060;1008;960;914;870;830;792;757;724;694;666;641;618;598;580;563;549;537;527;519;512;508;505;504;505;507;511;518;526;536;548;561;577;595;616;638;662;689;718;750;784;820;859;900;943;989;1037;1088;1141;1196;1253;1312;1374;1437;1503;1570;1638;1708;1779;1853;1928;2004;2082;2162;2242;2324;2407;2490;2573;2658;2742;2828;2913;2999;3085;3171;;;;;;;;;;;;;;;;;;;
-2.600;;;;;;;;;;;;;;;;;;;;;;;;;;;;;2377;2308;2239;2169;2098;2028;1956;1885;1815;1745;1675;1607;1540;1475;1411;1348;1288;1230;1174;1120;1068;1019;973;929;888;849;813;780;749;721;695;671;650;631;614;600;587;576;567;561;556;552;551;552;554;559;565;573;583;595;609;625;643;664;686;711;738;768;800;834;870;909;951;994;1041;1089;1140;1193;1248;1305;1365;1426;1490;1555;1622;1689;1759;1830;1903;1978;2054;2132;2212;2292;2373;2455;2538;2622;2706;2791;2876;2961;3047;3133;;;;;;;;;;;;;;;;;;;;
-2.700;;;;;;;;;;;;;;;;;;;;;;;;;;;;;;2362;2294;2225;2156;2086;2016;1946;1876;1807;1738;1670;1603;1538;1474;1412;1351;1293;1237;1183;1131;1082;1035;990;949;909;873;839;807;778;752;727;706;686;668;653;640;629;619;612;607;603;602;602;605;609;615;623;633;645;659;676;694;715;738;763;790;820;852;887;924;963;1004;1048;1095;1143;1194;1247;1303;1360;1419;1481;1544;1609;1674;1742;1811;1883;1955;2030;2106;2184;2263;2343;2424;2506;2589;2672;2756;2841;2926;3011;3097;3183;;;;;;;;;;;;;;;;;;;;
-2.800;;;;;;;;;;;;;;;;;;;;;;;;;;;;;;;2350;2283;2215;2146;2077;2008;1939;1871;1803;1735;1669;1604;1540;1478;1417;1359;1302;1248;1196;1147;1100;1055;1013;973;936;901;869;839;812;787;765;744;726;710;696;685;675;667;662;658;656;656;658;662;668;676;686;699;713;729;748;769;792;817;845;875;908;942;980;1019;1061;1105;1152;1200;1251;1305;1360;1417;1477;1538;1600;1664;1729;1797;1866;1937;2010;2084;2160;2237;2316;2396;2477;2558;2641;2724;2808;2892;2977;3062;3148;;;;;;;;;;;;;;;;;;;;;
-2.900;;;;;;;;;;;;;;;;;;;;;;;;;;;;;;;2407;2341;2274;2207;2140;2072;2004;1936;1869;1802;1736;1672;1608;1546;1486;1427;1371;1316;1264;1214;1167;1122;1080;1039;1002;967;934;904;876;850;827;806;787;771;756;744;734;726;720;716;713;713;715;719;725;733;743;755;770;786;805;826;850;875;903;933;966;1001;1038;1078;1120;1165;1211;1260;1311;1364;1420;1477;1536;1596;1658;1721;1787;1854;1923;1993;2066;2140;2216;2293;2371;2450;2531;2612;2694;2777;2861;2945;3030;3115;3202;;;;;;;;;;;;;;;;;;;;;
-3.000;;;;;;;;;;;;;;;;;;;;;;;;;;;;;;;;2400;2335;2269;2203;2137;2070;2004;1937;1871;1806;1742;1679;1617;1557;1498;1441;1387;1335;1284;1237;1192;1149;1109;1071;1035;1002;971;943;917;893;871;852;835;820;807;797;788;781;777;774;774;776;779;785;793;803;816;830;847;866;887;910;936;964;995;1028;1063;1100;1140;1182;1227;1274;1322;1374;1427;1482;1539;1596;1656;1718;1781;1846;1913;1982;2052;2124;2198;2273;2350;2428;2507;2587;2668;2750;2832;2916;3000;3084;3170;;;;;;;;;;;;;;;;;;;;;;
-3.100;;;;;;;;;;;;;;;;;;;;;;;;;;;;;;;;;2396;2332;2268;2203;2137;2072;2007;1942;1878;1814;1752;1690;1630;1572;1515;1460;1408;1357;1309;1264;1221;1180;1142;1107;1073;1042;1013;986;962;940;920;902;887;874;863;854;847;842;839;838;840;843;849;857;867;879;894;910;929;951;974;1000;1028;1059;1092;1127;1165;1205;1247;1292;1339;1388;1439;1492;1546;1601;1659;1718;1780;1843;1908;1974;2043;2113;2185;2258;2333;2409;2487;2565;2645;2725;2807;2889;2972;3056;3141;;;;;;;;;;;;;;;;;;;;;;;
-3.200;;;;;;;;;;;;;;;;;;;;;;;;;;;;;;;;;2458;2396;2333;2269;2206;2142;2078;2015;1951;1889;1827;1766;1706;1648;1592;1537;1484;1433;1385;1339;1296;1254;1216;1180;1146;1115;1086;1059;1034;1012;991;973;957;944;932;923;915;910;907;906;907;911;916;924;934;946;961;977;996;1018;1041;1067;1096;1127;1160;1195;1233;1273;1315;1360;1407;1456;1506;1558;1611;1667;1724;1783;1844;1907;1972;2038;2106;2176;2247;2320;2395;2470;2547;2625;2704;2784;2865;2947;3030;3114;3198;;;;;;;;;;;;;;;;;;;;;;;
-3.300;;;;;;;;;;;;;;;;;;;;;;;;;;;;;;;;;;2460;2399;2337;2275;2213;2151;2088;2026;1965;1904;1844;1785;1727;1671;1616;1563;1512;1464;1417;1373;1332;1293;1256;1222;1190;1161;1134;1109;1087;1066;1047;1031;1017;1005;995;987;982;979;977;978;981;987;994;1004;1016;1031;1048;1067;1088;1112;1138;1167;1198;1231;1266;1304;1344;1386;1431;1477;1525;1575;1626;1680;1735;1792;1851;1911;1974;2038;2104;2172;2241;2312;2384;2458;2533;2610;2687;2765;2845;2926;3007;3090;3173;;;;;;;;;;;;;;;;;;;;;;;;
-3.400;;;;;;;;;;;;;;;;;;;;;;;;;;;;;;;;;;;2465;2405;2345;2284;2224;2163;2103;2043;1983;1924;1866;1808;1752;1698;1645;1594;1545;1499;1454;1412;1372;1335;1301;1268;1239;1211;1186;1163;1143;1124;1108;1093;1081;1071;1063;1057;1053;1052;1053;1056;1061;1068;1078;1090;1105;1121;1141;1162;1186;1212;1241;1271;1305;1340;1378;1418;1460;1504;1549;1597;1647;1698;1751;1806;1862;1921;1981;2043;2107;2173;2240;2309;2379;2451;2524;2598;2674;2751;2829;2908;2988;3069;3151;;;;;;;;;;;;;;;;;;;;;;;;;
-3.500;;;;;;;;;;;;;;;;;;;;;;;;;;;;;;;;;;;;2474;2415;2357;2298;2239;2180;2121;2063;2005;1948;1892;1836;1782;1730;1679;1630;1583;1538;1496;1456;1418;1383;1350;1319;1291;1266;1242;1222;1203;1186;1172;1160;1150;1142;1136;1132;1130;1131;1133;1138;1146;1155;1167;1182;1199;1218;1239;1263;1289;1318;1349;1382;1417;1455;1494;1536;1579;1625;1672;1721;1772;1825;1879;1936;1994;2054;2115;2179;2244;2310;2379;2448;2519;2592;2665;2740;2816;2893;2972;3051;3132;;;;;;;;;;;;;;;;;;;;;;;;;;
-3.600;;;;;;;;;;;;;;;;;;;;;;;;;;;;;;;;;;;;;2486;2430;2373;2316;2258;2201;2144;2088;2032;1977;1923;1869;1817;1767;1718;1671;1626;1583;1542;1504;1468;1434;1403;1375;1349;1325;1303;1284;1267;1253;1240;1230;1222;1216;1212;1210;1211;1214;1219;1226;1236;1248;1262;1279;1298;1320;1344;1370;1398;1429;1462;1497;1534;1573;1615;1658;1703;1750;1799;1849;1901;1956;2011;2069;2129;2190;2253;2317;2383;2451;2519;2590;2661;2734;2808;2883;2960;3038;3116;;;;;;;;;;;;;;;;;;;;;;;;;;;
-3.700;;;;;;;;;;;;;;;;;;;;;;;;;;;;;;;;;;;;;;2503;2448;2393;2338;2282;2227;2172;2117;2063;2010;1958;1907;1857;1808;1761;1716;1673;1632;1593;1557;1523;1491;1462;1435;1411;1389;1369;1352;1337;1324;1313;1305;1299;1295;1293;1294;1297;1302;1310;1319;1331;1346;1363;1382;1403;1427;1453;1481;1512;1545;1580;1616;1655;1696;1739;1784;1830;1879;1929;1981;2035;2090;2147;2206;2267;2329;2393;2458;2525;2593;2662;2733;2804;2878;2952;3028;3105;;;;;;;;;;;;;;;;;;;;;;;;;;;;
-3.800;;;;;;;;;;;;;;;;;;;;;;;;;;;;;;;;;;;;;;;2524;2470;2417;2364;2310;2257;2204;2151;2099;2048;1998;1949;1901;1854;1809;1766;1725;1686;1649;1614;1582;1552;1525;1500;1477;1457;1439;1424;1411;1400;1391;1385;1381;1379;1380;1383;1388;1395;1405;1417;1432;1449;1468;1489;1513;1539;1567;1598;1630;1665;1701;1740;1781;1823;1867;1914;1962;2011;2063;2116;2171;2228;2286;2346;2408;2471;2535;2601;2668;2736;2806;2877;2949;3022;3097;;;;;;;;;;;;;;;;;;;;;;;;;;;;;
-3.900;;;;;;;;;;;;;;;;;;;;;;;;;;;;;;;;;;;;;;;;;2497;2446;2394;2343;2291;2240;2189;2139;2090;2042;1995;1949;1905;1862;1821;1781;1744;1709;1677;1646;1618;1593;1569;1549;1530;1514;1501;1489;1481;1474;1470;1468;1469;1471;1477;1484;1494;1506;1520;1537;1556;1578;1602;1627;1656;1686;1718;1753;1789;1827;1868;1910;1954;2000;2047;2097;2148;2201;2255;2311;2369;2428;2488;2550;2614;2678;2744;2812;2880;2950;3022;3094;;;;;;;;;;;;;;;;;;;;;;;;;;;;;;
-4.000;;;;;;;;;;;;;;;;;;;;;;;;;;;;;;;;;;;;;;;;;;2528;2478;2429;2379;2330;2281;2232;2184;2137;2091;2046;2002;1960;1919;1880;1842;1807;1774;1744;1715;1689;1665;1644;1625;1608;1594;1583;1573;1566;1562;1560;1560;1563;1568;1575;1585;1597;1612;1629;1648;1669;1693;1719;1747;1777;1809;1843;1879;1917;1957;1999;2043;2088;2136;2185;2235;2287;2341;2396;2453;2512;2571;2632;2694;2758;2823;2889;2957;3025;3095;;;;;;;;;;;;;;;;;;;;;;;;;;;;;;;
-4.100;;;;;;;;;;;;;;;;;;;;;;;;;;;;;;;;;;;;;;;;;;;2562;2515;2467;2420;2373;2325;2279;2233;2188;2144;2101;2059;2019;1980;1943;1908;1875;1844;1815;1788;1764;1742;1723;1706;1691;1679;1669;1662;1657;1655;1655;1658;1662;1670;1679;1692;1706;1723;1742;1763;1787;1812;1840;1870;1902;1936;1972;2010;2050;2091;2135;2180;2226;2275;2325;2376;2429;2484;2540;2597;2656;2715;2777;2839;2903;2968;3034;3101;;;;;;;;;;;;;;;;;;;;;;;;;;;;;;;;
-4.200;;;;;;;;;;;;;;;;;;;;;;;;;;;;;;;;;;;;;;;;;;;;;2556;2510;2465;2419;2374;2330;2286;2243;2201;2160;2120;2082;2045;2010;1977;1946;1917;1890;1866;1843;1824;1806;1791;1779;1768;1761;1756;1753;1753;1755;1760;1767;1777;1789;1803;1820;1839;1860;1883;1909;1936;1966;1998;2032;2068;2105;2145;2186;2229;2273;2319;2367;2417;2467;2519;2573;2628;2684;2741;2800;2860;2921;2983;3047;;;;;;;;;;;;;;;;;;;;;;;;;;;;;;;;;;
-4.300;;;;;;;;;;;;;;;;;;;;;;;;;;;;;;;;;;;;;;;;;;;;;;2600;2557;2513;2470;2427;2385;2343;2302;2262;2223;2185;2149;2114;2081;2050;2021;1995;1970;1947;1927;1909;1894;1881;1871;1863;1857;1854;1854;1856;1860;1867;1877;1888;1903;1919;1938;1959;1982;2008;2035;2065;2096;2130;2165;2203;2242;2283;2325;2369;2415;2462;2510;2560;2611;2664;2717;2772;2829;2886;2944;3004;3065;;;;;;;;;;;;;;;;;;;;;;;;;;;;;;;;;;;
-4.400;;;;;;;;;;;;;;;;;;;;;;;;;;;;;;;;;;;;;;;;;;;;;;;;2607;2566;2525;2484;2443;2403;2364;2326;2289;2254;2220;2187;2157;2128;2101;2076;2053;2033;2015;2000;1986;1976;1967;1962;1958;1958;1959;1964;1970;1979;1991;2005;2021;2040;2061;2084;2109;2136;2166;2197;2230;2265;2302;2341;2381;2423;2466;2511;2558;2605;2654;2704;2756;2808;2862;2917;2973;3030;;;;;;;;;;;;;;;;;;;;;;;;;;;;;;;;;;;;;
-4.500;;;;;;;;;;;;;;;;;;;;;;;;;;;;;;;;;;;;;;;;;;;;;;;;;;2622;2583;2544;2505;2468;2431;2395;2360;2326;2294;2264;2235;2209;2184;2161;2141;2123;2107;2094;2083;2074;2068;2065;2064;2065;2069;2076;2085;2096;2110;2126;2144;2165;2188;2213;2240;2269;2300;2333;2367;2404;2442;2482;2523;2566;2610;2655;2702;2749;2798;2848;2900;2952;3005;;;;;;;;;;;;;;;;;;;;;;;;;;;;;;;;;;;;;;;
-4.600;;;;;;;;;;;;;;;;;;;;;;;;;;;;;;;;;;;;;;;;;;;;;;;;;;;;2644;2607;2571;2535;2500;2466;2434;2402;2373;2344;2318;2293;2271;2250;2232;2216;2203;2192;2183;2177;2173;2172;2173;2177;2183;2192;2203;2216;2232;2251;2271;2294;2318;2345;2374;2404;2437;2471;2507;2544;2583;2624;2666;2709;2753;2799;2845;2893;2942;2991;;;;;;;;;;;;;;;;;;;;;;;;;;;;;;;;;;;;;;;;;
-4.700;;;;;;;;;;;;;;;;;;;;;;;;;;;;;;;;;;;;;;;;;;;;;;;;;;;;;;2673;2639;2606;2573;2541;2511;2482;2454;2428;2404;2381;2361;2343;2327;2313;2302;2293;2287;2283;2282;2283;2286;2292;2301;2312;2325;2341;2359;2379;2401;2425;2452;2480;2510;2542;2576;2611;2648;2686;2726;2767;2809;2852;2896;2942;2988;;;;;;;;;;;;;;;;;;;;;;;;;;;;;;;;;;;;;;;;;;;
-4.800;;;;;;;;;;;;;;;;;;;;;;;;;;;;;;;;;;;;;;;;;;;;;;;;;;;;;;;;;2679;2649;2619;2591;2564;2538;2515;2493;2473;2455;2439;2425;2414;2405;2399;2395;2393;2394;2397;2403;2411;2422;2435;2450;2468;2488;2510;2534;2560;2588;2617;2649;2682;2716;2752;2790;2828;2868;2909;2951;2994;;;;;;;;;;;;;;;;;;;;;;;;;;;;;;;;;;;;;;;;;;;;;
-4.900;;;;;;;;;;;;;;;;;;;;;;;;;;;;;;;;;;;;;;;;;;;;;;;;;;;;;;;;;;;;2700;2674;2649;2626;2604;2585;2567;2551;2538;2527;2518;2511;2507;2505;2506;2509;2515;2523;2533;2546;2561;2578;2598;2619;2643;2669;2696;2725;2756;2788;2822;2857;2893;2931;2969;;;;;;;;;;;;;;;;;;;;;;;;;;;;;;;;;;;;;;;;;;;;;;;;
-5.000;;;;;;;;;;;;;;;;;;;;;;;;;;;;;;;;;;;;;;;;;;;;;;;;;;;;;;;;;;;;;;;;2715;2696;2679;2664;2651;2640;2631;2624;2620;2618;2619;2622;2627;2635;2645;2658;2673;2690;2709;2730;2753;2778;2804;2833;2863;2894;2927;;;;;;;;;;;;;;;;;;;;;;;;;;;;;;;;;;;;;;;;;;;;;;;;;;;;
-5.100;;;;;;;;;;;;;;;;;;;;;;;;;;;;;;;;;;;;;;;;;;;;;;;;;;;;;;;;;;;;;;;;;;;;;;2744;2737;2733;2731;2732;2735;2740;2748;2758;2770;2784;2801;2819;2840;2862;;;;;;;;;;;;;;;;;;;;;;;;;;;;;;;;;;;;;;;;;;;;;;;;;;;;;;;;;;
-5.200;;;;;;;;;;;;;;;;;;;;;;;;;;;;;;;;;;;;;;;;;;;;;;;;;;;;;;;;;;;;;;;;;;;;;;;;;;;;;;;;;;;;;;;;;;;;;;;;;;;;;;;;;;;;;;;;;;;;;;;;;;;;;;;;;;;;;;;;;;;;;;
-5.300;;;;;;;;;;;;;;;;;;;;;;;;;;;;;;;;;;;;;;;;;;;;;;;;;;;;;;;;;;;;;;;;;;;;;;;;;;;;;;;;;;;;;;;;;;;;;;;;;;;;;;;;;;;;;;;;;;;;;;;;;;;;;;;;;;;;;;;;;;;;;;
-5.400;;;;;;;;;;;;;;;;;;;;;;;;;;;;;;;;;;;;;;;;;;;;;;;;;;;;;;;;;;;;;;;;;;;;;;;;;;;;;;;;;;;;;;;;;;;;;;;;;;;;;;;;;;;;;;;;;;;;;;;;;;;;;;;;;;;;;;;;;;;;;;
-5.500;;;;;;;;;;;;;;;;;;;;;;;;;;;;;;;;;;;;;;;;;;;;;;;;;;;;;;;;;;;;;;;;;;;;;;;;;;;;;;;;;;;;;;;;;;;;;;;;;;;;;;;;;;;;;;;;;;;;;;;;;;;;;;;;;;;;;;;;;;;;;;
-5.600;;;;;;;;;;;;;;;;;;;;;;;;;;;;;;;;;;;;;;;;;;;;;;;;;;;;;;;;;;;;;;;;;;;;;;;;;;;;;;;;;;;;;;;;;;;;;;;;;;;;;;;;;;;;;;;;;;;;;;;;;;;;;;;;;;;;;;;;;;;;;;
-5.700;;;;;;;;;;;;;;;;;;;;;;;;;;;;;;;;;;;;;;;;;;;;;;;;;;;;;;;;;;;;;;;;;;;;;;;;;;;;;;;;;;;;;;;;;;;;;;;;;;;;;;;;;;;;;;;;;;;;;;;;;;;;;;;;;;;;;;;;;;;;;;
-5.800;;;;;;;;;;;;;;;;;;;;;;;;;;;;;;;;;;;;;;;;;;;;;;;;;;;;;;;;;;;;;;;;;;;;;;;;;;;;;;;;;;;;;;;;;;;;;;;;;;;;;;;;;;;;;;;;;;;;;;;;;;;;;;;;;;;;;;;;;;;;;;
-5.900;;;;;;;;;;;;;;;;;;;;;;;;;;;;;;;;;;;;;;;;;;;;;;;;;;;;;;;;;;;;;;;;;;;;;;;;;;;;;;;;;;;;;;;;;;;;;;;;;;;;;;;;;;;;;;;;;;;;;;;;;;;;;;;;;;;;;;;;;;;;;;
-6.000;;;;;;;;;;;;;;;;;;;;;;;;;;;;;;;;;;;;;;;;;;;;;;;;;;;;;;;;;;;;;;;;;;;;;;;;;;;;;;;;;;;;;;;;;;;;;;;;;;;;;;;;;;;;;;;;;;;;;;;;;;;;;;;;;;;;;;;;;;;;;;
-6.100;;;;;;;;;;;;;;;;;;;;;;;;;;;;;;;;;;;;;;;;;;;;;;;;;;;;;;;;;;;;;;;;;;;;;;;;;;;;;;;;;;;;;;;;;;;;;;;;;;;;;;;;;;;;;;;;;;;;;;;;;;;;;;;;;;;;;;;;;;;;;;
-6.200;;;;;;;;;;;;;;;;;;;;;;;;;;;;;;;;;;;;;;;;;;;;;;;;;;;;;;;;;;;;;;;;;;;;;;;;;;;;;;;;;;;;;;;;;;;;;;;;;;;;;;;;;;;;;;;;;;;;;;;;;;;;;;;;;;;;;;;;;;;;;;
-6.300;;;;;;;;;;;;;;;;;;;;;;;;;;;;;;;;;;;;;;;;;;;;;;;;;;;;;;;;;;;;;;;;;;;;;;;;;;;;;;;;;;;;;;;;;;;;;;;;;;;;;;;;;;;;;;;;;;;;;;;;;;;;;;;;;;;;;;;;;;;;;;
-6.400;;;;;;;;;;;;;;;;;;;;;;;;;;;;;;;;;;;;;;;;;;;;;;;;;;;;;;;;;;;;;;;;;;;;;;;;;;;;;;;;;;;;;;;;;;;;;;;;;;;;;;;;;;;;;;;;;;;;;;;;;;;;;;;;;;;;;;;;;;;;;;
-6.500;;;;;;;;;;;;;;;;;;;;;;;;;;;;;;;;;;;;;;;;;;;;;;;;;;;;;;;;;;;;;;;;;;;;;;;;;;;;;;;;;;;;;;;;;;;;;;;;;;;;;;;;;;;;;;;;;;;;;;;;;;;;;;;;;;;;;;;;;;;;;;
-6.600;;;;;;;;;;;;;;;;;;;;;;;;;;;;;;;;;;;;;;;;;;;;;;;;;;;;;;;;;;;;;;;;;;;;;;;;;;;;;;;;;;;;;;;;;;;;;;;;;;;;;;;;;;;;;;;;;;;;;;;;;;;;;;;;;;;;;;;;;;;;;;
-6.700;;;;;;;;;;;;;;;;;;;;;;;;;;;;;;;;;;;;;;;;;;;;;;;;;;;;;;;;;;;;;;;;;;;;;;;;;;;;;;;;;;;;;;;;;;;;;;;;;;;;;;;;;;;;;;;;;;;;;;;;;;;;;;;;;;;;;;;;;;;;;;
-6.800;;;;;;;;;;;;;;;;;;;;;;;;;;;;;;;;;;;;;;;;;;;;;;;;;;;;;;;;;;;;;;;;;;;;;;;;;;;;;;;;;;;;;;;;;;;;;;;;;;;;;;;;;;;;;;;;;;;;;;;;;;;;;;;;;;;;;;;;;;;;;;
-6.900;;;;;;;;;;;;;;;;;;;;;;;;;;;;;;;;;;;;;;;;;;;;;;;;;;;;;;;;;;;;;;;;;;;;;;;;;;;;;;;;;;;;;;;;;;;;;;;;;;;;;;;;;;;;;;;;;;;;;;;;;;;;;;;;;;;;;;;;;;;;;;
-7.000;;;;;;;;;;;;;;;;;;;;;;;;;;;;;;;;;;;;;;;;;;;;;;;;;;;;;;;;;;;;;;;;;;;;;;;;;;;;;;;;;;;;;;;;;;;;;;;;;;;;;;;;;;;;;;;;;;;;;;;;;;;;;;;;;;;;;;;;;;;;;;
BACK;-7.000;-6.900;-6.800;-6.700;-6.600;-6.500;-6.400;-6.300;-6.200;-6.100;-6.000;-5.900;-5.800;-5.700;-5.600;-5.500;-5.400;-5.300;-5.200;-5.100;-5.000;-4.900;-4.800;-4.700;-4.600;-4.500;-4.400;-4.300;-4.200;-4.100;-4.000;-3.900;-3.800;-3.700;-3.600;-3.500;-3.400;-3.300;-3.200;-3.100;-3.000;-2.900;-2.800;-2.700;-2.600;-2.500;-2.400;-2.300;-2.200;-2.100;-2.000;-1.900;-1.800;-1.700;-1.600;-1.500;-1.400;-1.300;-1.200;-1.100;-1.000;-0.900;-0.800;-0.700;-0.600;-0.500;-0.400;-0.300;-0.200;-0.100;0.000;0.100;0.200;0.300;0.400;0.500;0.600;0.700;0.800;0.900;1.000;1.100;1.200;1.300;1.400;1.500;1.600;1.700;1.800;1.900;2.000;2.100;2.200;2.300;2.400;2.500;2.600;2.700;2.800;2.900;3.000;3.100;3.200;3.300;3.400;3.500;3.600;3.700;3.800;3.900;4.000;4.100;4.200;4.300;4.400;4.500;4.600;4.700;4.800;4.900;5.000;5.100;5.200;5.300;5.400;5.500;5.600;5.700;5.800;5.900;6.000;6.100;6.200;6.300;6.400;6.500;6.600;6.700;6.800;6.900;7.000;
7.000;;;;;;;;;;;;;;;;;;;;;;;;;;;;;;;;;;;;;;;;;;;;;;;;;;;;;;;;;;;;;;;;;;;;;;;;;;;;;;;;;;;;;;;;;;;;;;;;;;;;;;;;;;;;;;;;;;;;;;;;;;;;;;;;;;;;;;;;;;;;;;
6.900;;;;;;;;;;;;;;;;;;;;;;;;;;;;;;;;;;;;;;;;;;;;;;;;;;;;;;;;;;;;;;;;;;;;;;;;;;;;;;;;;;;;;;;;;;;;;;;;;;;;;;;;;;;;;;;;;;;;;;;;;;;;;;;;;;;;;;;;;;;;;;
6.800;;;;;;;;;;;;;;;;;;;;;;;;;;;;;;;;;;;;;;;;;;;;;;;;;;;;;;;;;;;;;;;;;;;;;;;;;;;;;;;;;;;;;;;;;;;;;;;;;;;;;;;;;;;;;;;;;;;;;;;;;;;;;;;;;;;;;;;;;;;;;;
6.700;;;;;;;;;;;;;;;;;;;;;;;;;;;;;;;;;;;;;;;;;;;;;;;;;;;;;;;;;;;;;;;;;;;;;;;;;;;;;;;;;;;;;;;;;;;;;;;;;;;;;;;;;;;;;;;;;;;;;;;;;;;;;;;;;;;;;;;;;;;;;;
6.600;;;;;;;;;;;;;;;;;;;;;;;;;;;;;;;;;;;;;;;;;;;;;;;;;;;;;;;;;;;;;;;;;;;;;;;;;;;;;;;;;;;;;;;;;;;;;;;;;;;;;;;;;;;;;;;;;;;;;;;;;;;;;;;;;;;;;;;;;;;;;;
6.500;;;;;;;;;;;;;;;;;;;;;;;;;;;;;;;;;;;;;;;;;;;;;;;;;;;;;;;;;;;;;;;;;;;;;;;;;;;;;;;;;;;;;;;;;;;;;;;;;;;;;;;;;;;;;;;;;;;;;;;;;;;;;;;;;;;;;;;;;;;;;;
6.400;;;;;;;;;;;;;;;;;;;;;;;;;;;;;;;;;;;;;;;;;;;;;;;;;;;;;;;;;;;;;;;;;;;;;;;;;;;;;;;;;;;;;;;;;;;;;;;;;;;;;;;;;;;;;;;;;;;;;;;;;;;;;;;;;;;;;;;;;;;;;;
6.300;;;;;;;;;;;;;;;;;;;;;;;;;;;;;;;;;;;;;;;;;;;;;;;;;;;;;;;;;;;;;;;;;;;;;;;;;;;;;;;;;;;;;;;;;;;;;;;;;;;;;;;;;;;;;;;;;;;;;;;;;;;;;;;;;;;;;;;;;;;;;;
6.200;;;;;;;;;;;;;;;;;;;;;;;;;;;;;;;;;;;;;;;;;;;;;;;;;;;;;;;;;;;;;;;;;;;;;;;;;;;;;;;;;;;;;;;;;;;;;;;;;;;;;;;;;;;;;;;;;;;;;;;;;;;;;;;;;;;;;;;;;;;;;;
6.100;;;;;;;;;;;;;;;;;;;;;;;;;;;;;;;;;;;;;;;;;;;;;;;;;;;;;;;;;;;;;;;;;;;;;;;;;;;;;;;;;;;;;;;;;;;;;;;;;;;;;;;;;;;;;;;;;;;;;;;;;;;;;;;;;;;;;;;;;;;;;;
6.000;;;;;;;;;;;;;;;;;;;;;;;;;;;;;;;;;;;;;;;;;;;;;;;;;;;;;;;;;;;;;;;;;;;;;;;;;;;;;;;;;;;;;;;;;;;;;;;;;;;;;;;;;;;;;;;;;;;;;;;;;;;;;;;;;;;;;;;;;;;;;;
5.900;;;;;;;;;;;;;;;;;;;;;;;;;;;;;;;;;;;;;;;;;;;;;;;;;;;;;;;;;;;;;;;;;;;;;;;;;;;;;;;;;;;;;;;;;;;;;;;;;;;;;;;;;;;;;;;;;;;;;;;;;;;;;;;;;;;;;;;;;;;;;;
5.800;;;;;;;;;;;;;;;;;;;;;;;;;;;;;;;;;;;;;;;;;;;;;;;;;;;;;;;;;;;;;;;;;;;;;;;;;;;;;;;;;;;;;;;;;;;;;;;;;;;;;;;;;;;;;;;;;;;;;;;;;;;;;;;;;;;;;;;;;;;;;;
5.700;;;;;;;;;;;;;;;;;;;;;;;;;;;;;;;;;;;;;;;;;;;;;;;;;;;;;;;;;;;;;;;;;;;;;;;;;;;;;;;;;;;;;;;;;;;;;;;;;;;;;;;;;;;;;;;;;;;;;;;;;;;;;;;;;;;;;;;;;;;;;;
5.600;;;;;;;;;;;;;;;;;;;;;;;;;;;;;;;;;;;;;;;;;;;;;;;;;;;;;;;;;;;;;;;;;;;;;;;;;;;;;;;;;;;;;;;;;;;;;;;;;;;;;;;;;;;;;;;;;;;;;;;;;;;;;;;;;;;;;;;;;;;;;;
5.500;;;;;;;;;;;;;;;;;;;;;;;;;;;;;;;;;;;;;;;;;;;;;;;;;;;;;;;;;;;;;;;;;;;;;;;;;;;;;;;;;;;;;;;;;;;;;;;;;;;;;;;;;;;;;;;;;;;;;;;;;;;;;;;;;;;;;;;;;;;;;;
5.400;;;;;;;;;;;;;;;;;;;;;;;;;;;;;;;;;;;;;;;;;;;;;;;;;;;;;;;;;;;;;;;;;;;;;;;;;;;;;;;;;;;;;;;;;;;;;;;;;;;;;;;;;;;;;;;;;;;;;;;;;;;;;;;;;;;;;;;;;;;;;;
5.300;;;;;;;;;;;;;;;;;;;;;;;;;;;;;;;;;;;;;;;;;;;;;;;;;;;;;;;;;;;;;;;;;;;;;;;;;;;;;;;;;;;;;;;;;;;;;;;;;;;;;;;;;;;;;;;;;;;;;;;;;;;;;;;;;;;;;;;;;;;;;;
5.200;;;;;;;;;;;;;;;;;;;;;;;;;;;;;;;;;;;;;;;;;;;;;;;;;;;;;;;;;;;;;;;;;;;;;;;;;;;;;;;;;;;;;;;;;;;;;;;;;;;;;;;;;;;;;;;;;;;;;;;;;;;;;;;;;;;;;;;;;;;;;;
5.100;;;;;;;;;;;;;;;;;;;;;;;;;;;;;;;;;;;;;;;;;;;;;;;;;;;;;;;;;;;;;;;;;;;;;;;;;;;;;;;;;;;;;;;;;;;;;;;;;;;;;;;;;;;;;;;;;;;;;;;;;;;;;;;;;;;;;;;;;;;;;;
5.000;;;;;;;;;;;;;;;;;;;;;;;;;;;;;;;;;;;;;;;;;;;;;;;;;;;;;;;;;;;;;;;;;;;;;;;;;;;;;;;;;;;;;;;;;;;;;;;;;;;;;;;;;;;;;;;;;;;;;;;;;;;;;;;;;;;;;;;;;;;;;;
4.900;;;;;;;;;;;;;;;;;;;;;;;;;;;;;;;;;;;;;;;;;;;;;;;;;;;;;;;;;;;;;;;;;;;;;;;;;;;;;;;;;;;;;;;;;;;;;;;;;;;;;;;;;;;;;;;;;;;;;;;;;;;;;;;;;;;;;;;;;;;;;;
4.800;;;;;;;;;;;;;;;;;;;;;;;;;;;;;;;;;;;;;;;;;;;;;;;;;;;;;;;;;;;;;;;;;;;;;;;;;;;;;;;;;;;;;;;;;;;;;;;;;;;;;;;;;;;;;;;;;;;;;;;;;;;;;;;;;;;;;;;;;;;;;;
4.700;;;;;;;;;;;;;;;;;;;;;;;;;;;;;;;;;;;;;;;;;;;;;;;;;;;;;;;;;;;;;;;;;;;;;;;;;;;;;;;;;;;;;;;;;;;;;;;;;;;;;;;;;;;;;;;;;;;;;;;;;;;;;;;;;;;;;;;;;;;;;;
4.600;;;;;;;;;;;;;;;;;;;;;;;;;;;;;;;;;;;;;;;;;;;;;;;;;;;;;;;;;;;;;;;;;;;;;;;;;;;;;;;;;;;;;;;;;;;;;;;;;;;;;;;;;;;;;;;;;;;;;;;;;;;;;;;;;;;;;;;;;;;;;;
4.500;;;;;;;;;;;;;;;;;;;;;;;;;;;;;;;;;;;;;;;;;;;;;;;;;;;;;;;;;;;;;;;;;;;;;;;;;;;;;;;;;;;;;;;;;;;;;;;;;;;;;;;;;;;;;;;;;;;;;;;;;;;;;;;;;;;;;;;;;;;;;;
4.400;;;;;;;;;;;;;;;;;;;;;;;;;;;;;;;;;;;;;;;;;;;;;;;;;;;;;;;;;;;;;;;;;;;;;;;;;;;;;;;;;;;;;;;;;;;;;;;;;;;;;;;;;;;;;;;;;;;;;;;;;;;;;;;;;;;;;;;;;;;;;;
4.300;;;;;;;;;;;;;;;;;;;;;;;;;;;;;;;;;;;;;;;;;;;;;;;;;;;;;;;;;;;;;;;;;;;;;;;;;;;;;;;;;;;;;;;;;;;;;;;;;;;;;;;;;;;;;;;;;;;;;;;;;;;;;;;;;;;;;;;;;;;;;;
4.200;;;;;;;;;;;;;;;;;;;;;;;;;;;;;;;;;;;;;;;;;;;;;;;;;;;;;;;;;;;;;;;;;;;;;;;;;;;;;;;;;;;;;;;;;;;;;;;;;;;;;;;;;;;;;;;;;;;;;;;;;;;;;;;;;;;;;;;;;;;;;;
4.100;;;;;;;;;;;;;;;;;;;;;;;;;;;;;;;;;;;;;;;;;;;;;;;;;;;;;;;;;;;;;;;;;;;;;;;;;;;;;;;;;;;;;;;;;;;;;;;;;;;;;;;;;;;;;;;;;;;;;;;;;;;;;;;;;;;;;;;;;;;;;;
4.000;;;;;;;;;;;;;;;;;;;;;;;;;;;;;;;;;;;;;;;;;;;;;;;;;;;;;;;;;;;;;;;;;;;;;;;;;;;;;;;;;;;;;;;;;;;;;;;;;;;;;;;;;;;;;;;;;;;;;;;;;;;;;;;;;;;;;;;;;;;;;;
3.900;;;;;;;;;;;;;;;;;;;;;;;;;;;;;;;;;;;;;;;;;;;;;;;;;;;;;;;;;;;;;;;;;;;;;;;;;;;;;;;;;;;;;;;;;;;;;;;;;;;;;;;;;;;;;;;;;;;;;;;;;;;;;;;;;;;;;;;;;;;;;;
3.800;;;;;;;;;;;;;;;;;;;;;;;;;;;;;;;;;;;;;;;;;;;;;;;;;;;;;;;;;;;;;;;;;;;;;;;;;;;;;;;;;;;;;;;;;;;;;;;;;;;;;;;;;;;;;;;;;;;;;;;;;;;;;;;;;;;;;;;;;;;;;;
3.700;;;;;;;;;;;;;;;;;;;;;;;;;;;;;;;;;;;;;;;;;;;;;;;;;;;;;;;;;;;;;;;;;;;;;;;;;;;;;;;;;;;;;;;;;;;;;;;;;;;;;;;;;;;;;;;;;;;;;;;;;;;;;;;;;;;;;;;;;;;;;;
3.600;;;;;;;;;;;;;;;;;;;;;;;;;;;;;;;;;;;;;;;;;;;;;;;;;;;;;;;;;;;;;;;;;;;;;;;;;;;;;;;;;;;;;;;;;;;;;;;;;;;;;;;;;;;;;;;;;;;;;;;;;;;;;;;;;;;;;;;;;;;;;;
3.500;;;;;;;;;;;;;;;;;;;;;;;;;;;;;;;;;;;;;;;;;;;;;;;;;;;;;;;;;;;;;;;;;;;;1622;1626;1633;1642;1654;1668;1683;1701;1720;1741;1763;1786;1811;1837;1864;1892;1921;1951;1982;;;;;;;;;;;;;;;;;;;;;;;;;;;;;;;;;;;;;;;;;;;;;;;;;;;;;;;;
3.400;;;;;;;;;;;;;;;;;;;;;;;;;;;;;;;;;;;;;;;;;;;;;;;;;;;;;;;;;;;;;1593;1576;1563;1553;1546;1542;1540;1541;1545;1552;1560;1571;1584;1599;1615;1633;1653;1674;1697;1720;1745;1771;1799;1827;1856;1886;1918;1950;1984;2019;2055;;;;;;;;;;;;;;;;;;;;;;;;;;;;;;;;;;;;;;;;;;;;;;;;;;;
3.300;;;;;;;;;;;;;;;;;;;;;;;;;;;;;;;;;;;;;;;;;;;;;;;;;;;;;;;;;1608;1580;1555;1533;1514;1498;1485;1475;1468;1464;1462;1463;1467;1473;1481;1491;1503;1517;1533;1550;1569;1589;1611;1634;1658;1683;1710;1737;1766;1796;1827;1859;1892;1927;1964;2001;2041;2082;2125;;;;;;;;;;;;;;;;;;;;;;;;;;;;;;;;;;;;;;;;;;;;;;;
3.200;;;;;;;;;;;;;;;;;;;;;;;;;;;;;;;;;;;;;;;;;;;;;;;;;;;;;;1630;1594;1560;1530;1502;1478;1457;1438;1423;1410;1400;1393;1389;1387;1388;1391;1396;1404;1413;1425;1438;1453;1470;1488;1508;1528;1551;1574;1599;1625;1652;1680;1710;1740;1773;1806;1841;1878;1916;1956;1997;2041;2086;2134;;;;;;;;;;;;;;;;;;;;;;;;;;;;;;;;;;;;;;;;;;;;;
3.100;;;;;;;;;;;;;;;;;;;;;;;;;;;;;;;;;;;;;;;;;;;;;;;;;;;1675;1631;1591;1553;1517;1485;1455;1428;1404;1383;1365;1350;1337;1327;1320;1316;1314;1315;1317;1322;1329;1338;1349;1362;1377;1393;1410;1429;1450;1471;1494;1518;1544;1571;1599;1628;1659;1691;1725;1760;1797;1835;1876;1918;1962;2008;2056;2107;2160;2215;;;;;;;;;;;;;;;;;;;;;;;;;;;;;;;;;;;;;;;;;;
3.000;;;;;;;;;;;;;;;;;;;;;;;;;;;;;;;;;;;;;;;;;;;;;;;;1741;1691;1644;1599;1557;1517;1479;1445;1412;1383;1357;1333;1313;1295;1279;1267;1257;1250;1246;1243;1244;1246;1251;1257;1266;1276;1289;1303;1318;1335;1354;1374;1395;1418;1442;1467;1494;1522;1551;1582;1614;1648;1683;1721;1760;1801;1843;1888;1935;1984;2035;2089;2144;2202;;;;;;;;;;;;;;;;;;;;;;;;;;;;;;;;;;;;;;;;;
2.900;;;;;;;;;;;;;;;;;;;;;;;;;;;;;;;;;;;;;;;;;;;;;;1771;1719;1668;1619;1573;1528;1486;1447;1410;1375;1344;1315;1289;1265;1245;1227;1212;1199;1189;1182;1177;1175;1175;1177;1181;1187;1196;1206;1218;1231;1246;1263;1281;1301;1322;1344;1368;1393;1420;1448;1478;1509;1541;1575;1611;1649;1689;1730;1774;1819;1867;1917;1969;2023;2079;2138;2198;2261;;;;;;;;;;;;;;;;;;;;;;;;;;;;;;;;;;;;;;;
2.800;;;;;;;;;;;;;;;;;;;;;;;;;;;;;;;;;;;;;;;;;;;;;1757;1703;1651;1600;1552;1506;1462;1420;1381;1344;1310;1279;1250;1224;1200;1180;1162;1147;1134;1124;1116;1111;1109;1108;1110;1114;1120;1128;1137;1149;1162;1177;1193;1211;1231;1252;1274;1298;1323;1350;1378;1408;1439;1472;1507;1543;1581;1622;1664;1708;1754;1803;1854;1906;1961;2019;2078;2139;2202;2267;2334;;;;;;;;;;;;;;;;;;;;;;;;;;;;;;;;;;;;;
2.700;;;;;;;;;;;;;;;;;;;;;;;;;;;;;;;;;;;;;;;;;;;1804;1748;1693;1639;1587;1537;1489;1443;1399;1358;1318;1282;1248;1216;1188;1162;1138;1117;1099;1084;1071;1061;1053;1048;1045;1044;1045;1049;1054;1062;1071;1083;1096;1110;1126;1144;1163;1184;1207;1231;1256;1283;1311;1341;1373;1406;1442;1479;1518;1559;1602;1647;1694;1743;1795;1849;1904;1962;2023;2085;2149;2214;2281;2350;;;;;;;;;;;;;;;;;;;;;;;;;;;;;;;;;;;;
2.600;;;;;;;;;;;;;;;;;;;;;;;;;;;;;;;;;;;;;;;;;1860;1802;1744;1688;1633;1580;1528;1478;1430;1384;1340;1299;1260;1223;1189;1157;1129;1102;1079;1058;1040;1024;1011;1000;992;986;983;982;983;986;991;998;1008;1018;1031;1046;1062;1079;1099;1120;1142;1166;1192;1219;1248;1278;1310;1344;1380;1418;1457;1499;1543;1589;1637;1687;1740;1794;1851;1910;1971;2034;2099;2165;2233;2302;2372;;;;;;;;;;;;;;;;;;;;;;;;;;;;;;;;;;;
2.500;;;;;;;;;;;;;;;;;;;;;;;;;;;;;;;;;;;;;;;;1865;1805;1747;1690;1633;1578;1525;1473;1423;1375;1329;1285;1243;1204;1167;1133;1101;1072;1046;1022;1001;982;966;953;942;933;927;923;922;922;925;930;937;946;957;969;983;999;1017;1036;1057;1080;1104;1130;1158;1187;1218;1250;1285;1321;1360;1400;1443;1487;1534;1583;1635;1688;1744;1802;1862;1923;1987;2053;2120;2188;2258;2328;2400;;;;;;;;;;;;;;;;;;;;;;;;;;;;;;;;;;
2.400;;;;;;;;;;;;;;;;;;;;;;;;;;;;;;;;;;;;;;;1874;1815;1755;1697;1639;1583;1528;1474;1422;1372;1324;1277;1233;1191;1152;1115;1080;1048;1019;992;968;946;927;910;897;885;876;870;865;864;864;866;871;878;886;897;909;923;939;957;976;998;1020;1045;1071;1099;1129;1160;1193;1229;1266;1305;1346;1390;1435;1483;1533;1585;1639;1696;1755;1816;1879;1944;2010;2078;2148;2218;2289;2361;2432;;;;;;;;;;;;;;;;;;;;;;;;;;;;;;;;;
2.300;;;;;;;;;;;;;;;;;;;;;;;;;;;;;;;;;;;;;;1890;1829;1769;1709;1651;1593;1536;1481;1427;1375;1324;1276;1229;1185;1142;1103;1065;1030;998;968;941;916;894;874;857;843;831;821;814;810;808;807;810;814;820;829;839;851;865;881;899;919;940;963;988;1015;1043;1073;1105;1139;1175;1213;1253;1295;1339;1385;1434;1485;1538;1594;1651;1711;1773;1837;1903;1970;2039;2110;2181;2253;2325;2397;2470;;;;;;;;;;;;;;;;;;;;;;;;;;;;;;;;
2.200;;;;;;;;;;;;;;;;;;;;;;;;;;;;;;;;;;;;;1910;1849;1788;1727;1667;1608;1550;1493;1437;1383;1330;1280;1231;1184;1139;1096;1056;1018;983;950;919;891;866;844;824;806;791;779;769;761;756;754;753;755;759;765;773;783;796;810;826;844;863;885;908;933;960;989;1020;1053;1087;1124;1162;1203;1246;1291;1338;1388;1440;1494;1550;1609;1670;1733;1798;1865;1933;2003;2074;2147;2219;2293;2366;2439;2511;;;;;;;;;;;;;;;;;;;;;;;;;;;;;;;
2.100;;;;;;;;;;;;;;;;;;;;;;;;;;;;;;;;;;;;1935;1873;1812;1750;1689;1629;1570;1511;1453;1397;1342;1289;1238;1189;1141;1096;1053;1012;973;937;904;873;845;819;796;775;757;742;729;718;710;705;702;701;702;706;712;720;730;742;756;772;790;810;832;856;881;909;938;969;1002;1038;1075;1114;1156;1200;1246;1294;1344;1397;1452;1509;1569;1631;1695;1761;1829;1898;1969;2041;2115;2188;2262;2337;2410;2484;2556;;;;;;;;;;;;;;;;;;;;;;;;;;;;;;
2.000;;;;;;;;;;;;;;;;;;;;;;;;;;;;;;;;;;;1964;1902;1840;1778;1716;1655;1594;1534;1475;1417;1360;1305;1251;1199;1149;1101;1055;1011;970;931;895;860;829;800;774;750;729;710;694;680;669;661;655;651;650;651;655;660;668;678;690;704;721;739;759;781;805;831;859;889;921;955;990;1028;1069;1111;1155;1202;1251;1303;1356;1412;1471;1531;1594;1659;1726;1795;1865;1937;2010;2085;2159;2235;2310;2385;2459;2532;2604;;;;;;;;;;;;;;;;;;;;;;;;;;;;;
1.900;;;;;;;;;;;;;;;;;;;;;;;;;;;;;;;;;;1998;1936;1873;1810;1748;1685;1623;1562;1501;1441;1382;1325;1269;1215;1162;1112;1063;1017;972;930;891;854;819;787;757;730;706;684;665;648;634;623;614;607;603;602;603;606;611;619;629;641;655;671;689;710;732;757;783;811;842;874;909;945;984;1025;1068;1114;1161;1211;1263;1318;1375;1434;1496;1559;1625;1693;1763;1834;1907;1981;2056;2132;2208;2285;2361;2436;2510;2584;2656;;;;;;;;;;;;;;;;;;;;;;;;;;;;
1.800;;;;;;;;;;;;;;;;;;;;;;;;;;;;;;;;;2036;1973;1910;1847;1784;1720;1657;1594;1532;1470;1410;1351;1293;1236;1181;1128;1077;1027;980;935;893;852;815;779;747;716;689;664;641;621;604;590;578;568;561;557;555;556;559;564;571;581;593;607;624;642;663;686;710;737;766;797;830;865;902;942;984;1027;1074;1122;1173;1226;1281;1339;1399;1462;1526;1593;1662;1732;1805;1879;1954;2030;2107;2184;2261;2338;2415;2490;2565;2638;;;;;;;;;;;;;;;;;;;;;;;;;;;;
1.700;;;;;;;;;;;;;;;;;;;;;;;;;;;;;;;;;2015;1952;1888;1824;1760;1695;1631;1568;1505;1442;1381;1321;1262;1205;1149;1095;1043;993;946;900;857;816;777;741;708;677;649;623;600;580;562;547;535;525;517;513;510;511;513;518;526;536;548;562;578;597;618;641;666;693;723;754;788;823;861;902;944;989;1036;1085;1136;1190;1247;1305;1366;1429;1495;1563;1632;1704;1777;1852;1928;2005;2083;2161;2239;2317;2395;2472;2548;2622;2696;;;;;;;;;;;;;;;;;;;;;;;;;;;
1.600;;;;;;;;;;;;;;;;;;;;;;;;;;;;;;;;2061;1998;1933;1868;1803;1738;1673;1608;1543;1479;1416;1354;1293;1233;1175;1119;1064;1012;961;913;866;822;781;742;705;671;640;611;585;561;540;522;506;493;483;475;470;468;467;470;475;482;492;504;518;535;554;575;598;624;651;681;713;747;784;822;863;906;952;1000;1050;1102;1157;1214;1273;1335;1399;1465;1534;1604;1676;1751;1826;1903;1981;2060;2139;2218;2298;2377;2455;2532;2608;2683;2756;;;;;;;;;;;;;;;;;;;;;;;;;;
1.500;;;;;;;;;;;;;;;;;;;;;;;;;;;;;;;;2047;1982;1917;1851;1785;1718;1652;1586;1520;1455;1391;1328;1267;1206;1147;1090;1035;982;930;881;834;790;747;708;670;636;604;574;547;523;502;483;467;454;443;435;429;426;426;428;433;440;450;462;477;493;512;534;557;583;611;642;674;709;746;785;827;871;917;965;1016;1069;1125;1183;1243;1305;1370;1437;1506;1578;1651;1726;1802;1880;1958;2038;2118;2199;2279;2359;2438;2517;2594;2671;2746;;;;;;;;;;;;;;;;;;;;;;;;;;
1.400;;;;;;;;;;;;;;;;;;;;;;;;;;;;;;;2101;2036;1970;1903;1836;1768;1700;1633;1566;1499;1433;1368;1304;1242;1180;1121;1063;1007;953;901;851;803;758;715;675;637;602;569;539;512;487;465;446;429;416;405;396;390;387;387;389;393;401;410;422;437;454;473;495;519;545;573;604;637;673;710;750;792;837;884;933;984;1038;1094;1153;1214;1277;1343;1411;1481;1553;1626;1702;1779;1858;1937;2018;2099;2180;2261;2342;2423;2503;2581;2659;2736;2812;;;;;;;;;;;;;;;;;;;;;;;;;
1.300;;;;;;;;;;;;;;;;;;;;;;;;;;;;;;;2093;2026;1959;1891;1822;1753;1684;1616;1547;1479;1412;1346;1282;1218;1156;1096;1037;980;925;872;822;774;728;684;643;605;569;536;506;478;453;430;411;394;379;368;359;353;350;349;351;355;363;372;384;399;416;436;457;482;508;537;568;602;638;676;717;759;805;852;902;954;1009;1066;1125;1187;1251;1317;1386;1456;1529;1604;1680;1758;1837;1917;1999;2080;2163;2245;2327;2409;2489;2569;2648;2727;2804;;;;;;;;;;;;;;;;;;;;;;;;;
1.200;;;;;;;;;;;;;;;;;;;;;;;;;;;;;;2155;2087;2019;1950;1880;1810;1740;1670;1600;1530;1461;1393;1326;1260;1196;1133;1071;1012;954;899;845;794;745;699;655;613;574;538;504;473;445;419;397;377;359;345;333;324;318;314;313;315;319;326;336;348;363;380;400;422;447;474;503;535;569;605;644;685;728;774;822;873;926;981;1039;1099;1161;1226;1293;1362;1434;1507;1582;1659;1738;1818;1899;1981;2063;2146;2230;2312;2395;2477;2558;2638;2718;2797;;;;;;;;;;;;;;;;;;;;;;;;;
1.100;;;;;;;;;;;;;;;;;;;;;;;;;;;;;;2152;2083;2013;1942;1871;1799;1728;1656;1585;1514;1444;1375;1306;1240;1174;1110;1048;988;930;873;819;767;718;671;626;584;545;508;474;443;414;388;365;344;327;312;300;290;284;280;279;281;285;292;302;314;329;346;366;388;413;441;470;502;537;574;613;655;699;745;794;846;899;955;1014;1074;1137;1203;1271;1340;1412;1486;1562;1640;1719;1800;1882;1964;2048;2131;2215;2299;2383;2465;2548;2629;2710;2790;2870;;;;;;;;;;;;;;;;;;;;;;;;
1.000;;;;;;;;;;;;;;;;;;;;;;;;;;;;;2222;2151;2080;2008;1936;1863;1790;1717;1644;1571;1499;1428;1357;1288;1220;1154;1089;1026;965;906;849;794;742;692;644;599;557;517;480;445;413;384;358;334;313;296;280;268;259;252;248;247;248;253;260;269;282;297;314;334;357;382;410;440;472;507;545;584;627;671;718;768;820;874;931;990;1051;1115;1181;1250;1320;1393;1468;1544;1622;1702;1784;1866;1949;2033;2118;2202;2287;2371;2455;2538;2620;2702;2783;2865;;;;;;;;;;;;;;;;;;;;;;;;
0.900;;;;;;;;;;;;;;;;;;;;;;;;;;;;;2224;2152;2079;2005;1931;1857;1782;1707;1633;1559;1485;1413;1341;1271;1202;1134;1069;1005;943;883;826;770;717;667;619;573;530;490;452;417;385;356;329;305;284;266;251;238;228;222;218;216;218;222;229;239;251;266;284;304;327;352;380;411;444;479;517;557;600;645;693;743;796;851;908;968;1030;1094;1161;1230;1302;1375;1450;1527;1606;1687;1769;1852;1936;2020;2106;2191;2276;2361;2446;2529;2613;2695;2777;2860;2942;;;;;;;;;;;;;;;;;;;;;;;
0.800;;;;;;;;;;;;;;;;;;;;;;;;;;;;;2228;2154;2079;2004;1928;1852;1775;1699;1623;1548;1473;1399;1326;1255;1185;1116;1050;985;922;862;803;748;694;643;594;548;505;464;426;391;359;329;302;278;257;238;223;210;200;193;189;188;189;193;200;210;222;237;255;276;299;324;353;383;417;453;491;532;575;621;669;720;773;829;887;947;1010;1075;1143;1212;1284;1358;1435;1512;1592;1673;1756;1839;1924;2009;2095;2181;2267;2352;2438;2522;2606;2689;2772;2855;2938;;;;;;;;;;;;;;;;;;;;;;;
0.700;;;;;;;;;;;;;;;;;;;;;;;;;;;;2308;2233;2157;2080;2003;1926;1848;1770;1692;1614;1537;1461;1386;1312;1239;1168;1099;1032;966;903;841;782;726;672;620;571;525;481;440;402;366;333;303;276;252;231;212;196;183;173;166;162;161;162;166;173;183;195;211;229;249;272;298;327;358;392;428;467;508;552;598;647;698;752;808;867;928;992;1058;1126;1196;1269;1344;1421;1499;1579;1661;1744;1829;1914;2000;2086;2173;2259;2345;2431;2516;2601;2684;2768;2851;2935;;;;;;;;;;;;;;;;;;;;;;;
0.600;;;;;;;;;;;;;;;;;;;;;;;;;;;;2316;2239;2161;2083;2004;1925;1845;1766;1686;1607;1529;1451;1375;1299;1226;1153;1083;1015;948;884;822;763;706;651;599;549;503;459;417;379;343;310;280;252;228;206;188;172;159;149;141;137;136;137;141;148;158;170;186;204;224;248;274;303;334;368;405;444;486;530;577;626;678;733;790;849;911;975;1042;1111;1182;1255;1331;1408;1488;1569;1651;1735;1820;1906;1992;2079;2166;2253;2340;2426;2512;2597;2681;2765;2848;2932;;;;;;;;;;;;;;;;;;;;;;;
0.500;;;;;;;;;;;;;;;;;;;;;;;;;;;;2324;2246;2167;2087;2006;1925;1844;1763;1682;1601;1521;1442;1365;1288;1213;1140;1069;999;932;867;805;744;687;632;579;529;482;438;396;357;321;288;258;230;206;184;165;149;136;126;118;114;112;114;118;125;135;147;163;181;202;225;251;280;312;346;383;423;465;510;557;607;660;715;772;832;895;960;1027;1097;1169;1243;1320;1398;1478;1560;1643;1728;1813;1900;1987;2075;2162;2250;2337;2424;2509;2595;2679;2763;2846;2930;3015;;;;;;;;;;;;;;;;;;;;;;
0.400;;;;;;;;;;;;;;;;;;;;;;;;;;;;2334;2254;2173;2092;2010;1927;1844;1761;1679;1597;1515;1435;1356;1278;1202;1128;1056;985;917;852;788;728;669;614;561;511;463;418;377;337;301;268;237;210;185;163;144;128;115;105;97;93;91;92;97;103;113;126;141;160;180;204;231;260;292;326;364;404;446;491;539;590;643;698;757;817;881;946;1015;1085;1158;1233;1310;1389;1470;1553;1637;1722;1809;1896;1984;2072;2160;2248;2336;2423;2509;2594;2679;2763;2846;2930;3014;;;;;;;;;;;;;;;;;;;;;;
0.300;;;;;;;;;;;;;;;;;;;;;;;;;;;2425;2345;2263;2181;2098;2014;1930;1846;1761;1677;1594;1511;1429;1349;1270;1193;1118;1044;973;904;838;774;713;654;598;544;494;446;401;359;320;283;250;219;191;166;144;125;109;96;86;78;74;72;73;77;84;94;107;122;140;161;185;212;241;273;308;346;386;429;474;523;574;627;684;743;804;868;935;1004;1075;1149;1224;1302;1382;1464;1548;1633;1719;1806;1894;1983;2072;2161;2249;2337;2425;2511;2596;2681;2765;2848;2931;3015;;;;;;;;;;;;;;;;;;;;;;
0.200;;;;;;;;;;;;;;;;;;;;;;;;;;;2438;2356;2273;2190;2105;2020;1935;1849;1763;1678;1593;1509;1426;1344;1264;1186;1109;1035;963;893;826;761;699;640;584;530;479;431;385;343;304;267;233;203;175;150;128;109;92;79;69;61;57;55;56;60;67;77;89;105;123;144;168;195;224;256;291;329;370;413;459;508;560;614;671;730;792;857;924;994;1066;1141;1218;1297;1378;1460;1545;1631;1718;1806;1895;1984;2074;2163;2253;2341;2429;2515;2601;2685;2769;2851;2934;3016;;;;;;;;;;;;;;;;;;;;;;
0.100;;;;;;;;;;;;;;;;;;;;;;;;;;;2451;2368;2284;2200;2114;2028;1941;1854;1766;1680;1593;1508;1424;1341;1260;1180;1103;1028;955;884;816;751;688;629;572;517;466;418;372;330;290;253;219;188;161;135;113;94;78;64;54;46;42;40;41;45;52;61;74;89;107;129;152;179;209;241;277;315;355;399;446;495;547;602;659;719;782;848;916;986;1060;1135;1213;1293;1375;1459;1544;1631;1719;1808;1898;1988;2079;2169;2259;2348;2436;2522;2608;2692;2775;2857;2939;3020;;;;;;;;;;;;;;;;;;;;;;
0.000;;;;;;;;;;;;;;;;;;;;;;;;;;;2464;2381;2296;2211;2124;2037;1949;1860;1772;1684;1596;1510;1424;1340;1258;1177;1099;1023;949;878;809;743;680;619;562;507;456;407;361;318;278;242;208;177;149;123;101;82;65;52;41;34;29;27;28;32;38;48;61;76;94;115;139;166;196;228;263;302;343;387;434;483;536;591;649;710;774;840;909;981;1055;1131;1210;1291;1374;1459;1545;1633;1723;1813;1904;1995;2086;2177;2267;2357;2445;2532;2618;2702;2784;2866;2946;3026;;;;;;;;;;;;;;;;;;;;;;
-0.100;;;;;;;;;;;;;;;;;;;;;;;;;;;2478;2394;2309;2223;2136;2047;1958;1869;1779;1690;1601;1514;1427;1342;1258;1177;1097;1020;946;873;804;737;674;613;555;500;448;399;353;310;270;232;198;167;139;114;91;72;56;42;31;23;18;16;17;21;28;37;49;65;83;104;128;155;184;217;252;291;332;376;423;473;526;582;641;702;767;834;904;976;1051;1129;1209;1291;1375;1461;1549;1638;1729;1820;1912;2004;2096;2188;2279;2369;2458;2545;2631;2715;2797;2877;2956;3035;;;;;;;;;;;;;;;;;;;;;;
-0.200;;;;;;;;;;;;;;;;;;;;;;;;;;;2492;2409;2323;2237;2149;2060;1970;1879;1789;1699;1609;1520;1432;1346;1262;1179;1099;1021;945;872;802;735;670;609;550;495;443;393;347;304;263;226;192;160;132;107;84;65;48;34;24;16;11;8;9;13;19;28;41;56;74;95;118;145;175;207;243;282;323;368;415;465;519;575;634;697;762;830;900;974;1050;1129;1210;1293;1378;1466;1555;1645;1737;1829;1922;2016;2109;2201;2293;2384;2473;2561;2647;2730;2812;2892;2970;3047;;;;;;;;;;;;;;;;;;;;;;
-0.300;;;;;;;;;;;;;;;;;;;;;;;;;;;2507;2424;2338;2252;2163;2074;1983;1892;1801;1710;1619;1529;1441;1353;1268;1184;1103;1024;948;874;803;735;670;608;549;493;440;391;344;300;260;222;188;157;128;103;80;60;44;30;19;11;5;3;3;7;13;22;34;49;67;88;111;138;168;200;236;274;316;361;408;459;513;570;630;693;759;827;899;973;1051;1130;1213;1297;1384;1472;1563;1654;1747;1841;1935;2030;2124;2218;2311;2402;2492;2580;2666;2749;2830;2909;2986;3062;;;;;;;;;;;;;;;;;;;;;;
-0.400;;;;;;;;;;;;;;;;;;;;;;;;;;;2522;2439;2355;2268;2180;2090;1999;1908;1816;1724;1632;1542;1452;1364;1277;1193;1111;1031;953;879;807;739;673;610;551;494;441;391;344;300;260;222;187;156;127;101;79;59;42;28;16;8;3;0;0;3;9;18;30;45;62;83;106;133;163;195;231;269;311;356;404;455;509;567;627;691;757;827;899;975;1053;1134;1217;1303;1391;1481;1573;1666;1760;1856;1951;2047;2142;2237;2331;2423;2514;2602;2688;2771;2852;2930;3006;3080;;;;;;;;;;;;;;;;;;;;;;
-0.500;;;;;;;;;;;;;;;;;;;;;;;;;;;2538;2456;2372;2286;2198;2108;2017;1925;1833;1740;1648;1557;1466;1377;1290;1205;1121;1041;963;887;815;746;679;616;556;499;446;395;348;304;263;225;190;158;129;103;80;60;43;29;17;9;3;0;0;3;9;17;29;43;60;81;104;130;160;192;228;266;308;353;401;453;507;565;626;690;758;828;902;978;1058;1140;1224;1311;1401;1492;1585;1680;1776;1872;1969;2067;2163;2259;2354;2447;2538;2627;2713;2797;2877;2954;3029;3101;;;;;;;;;;;;;;;;;;;;;;
-0.600;;;;;;;;;;;;;;;;;;;;;;;;;;;2554;2474;2391;2305;2218;2128;2037;1945;1853;1760;1667;1575;1484;1394;1306;1220;1136;1054;976;900;826;756;689;626;565;508;453;403;355;310;269;231;195;163;134;108;85;65;47;33;21;12;6;3;3;5;10;19;30;44;61;81;104;130;159;192;227;266;308;353;401;453;508;566;627;692;760;832;906;984;1064;1147;1233;1322;1413;1506;1600;1696;1794;1892;1990;2089;2187;2284;2380;2474;2566;2656;2742;2825;2905;2982;3056;3127;;;;;;;;;;;;;;;;;;;;;;
-0.700;;;;;;;;;;;;;;;;;;;;;;;;;;;2571;2492;2410;2326;2239;2151;2060;1968;1876;1782;1689;1597;1505;1415;1326;1239;1154;1072;992;915;842;771;703;639;578;520;465;414;366;321;279;240;205;172;143;116;93;72;55;40;28;19;12;9;8;10;15;23;34;48;64;84;107;133;162;194;229;268;309;355;403;455;510;569;631;696;765;837;913;991;1073;1157;1245;1334;1427;1521;1617;1715;1814;1913;2014;2114;2213;2312;2409;2504;2597;2687;2774;2857;2937;3013;3086;3155;;;;;;;;;;;;;;;;;;;;;;
-0.800;;;;;;;;;;;;;;;;;;;;;;;;;;;2588;2511;2431;2349;2263;2175;2085;1994;1901;1808;1715;1622;1530;1439;1349;1262;1176;1093;1013;935;861;789;721;656;594;536;481;429;380;335;293;254;218;185;155;128;105;84;66;50;38;29;22;18;17;19;23;31;41;54;71;90;112;138;167;198;234;272;314;359;408;460;515;574;637;703;772;845;921;1001;1084;1169;1258;1349;1443;1539;1636;1736;1836;1938;2039;2141;2242;2342;2440;2536;2630;2721;2808;2892;2972;3048;3120;3188;;;;;;;;;;;;;;;;;;;;;;
-0.900;;;;;;;;;;;;;;;;;;;;;;;;;;;2606;2532;2454;2373;2288;2202;2113;2022;1930;1837;1743;1650;1558;1467;1377;1288;1202;1119;1038;959;884;812;743;677;615;556;500;448;398;353;310;271;234;201;171;144;120;98;80;64;52;42;35;30;29;30;34;41;51;64;80;99;121;146;174;206;241;279;321;366;415;467;523;582;645;712;782;855;932;1013;1097;1184;1274;1366;1461;1559;1658;1759;1861;1964;2067;2170;2273;2374;2474;2572;2666;2758;2846;2930;3010;3085;3157;3224;;;;;;;;;;;;;;;;;;;;;;
-1.000;;;;;;;;;;;;;;;;;;;;;;;;;;;2625;2553;2477;2398;2316;2230;2143;2053;1961;1868;1775;1682;1590;1498;1408;1319;1232;1148;1066;987;912;839;769;703;640;580;524;471;421;375;332;292;255;221;191;163;139;117;98;82;69;59;51;46;44;45;49;55;65;77;93;111;133;157;185;217;251;289;331;376;425;477;533;592;656;723;794;868;946;1028;1112;1200;1292;1385;1482;1581;1682;1784;1888;1993;2097;2202;2306;2409;2510;2609;2705;2797;2886;2971;3051;3126;3197;3264;;;;;;;;;;;;;;;;;;;;;;
-1.100;;;;;;;;;;;;;;;;;;;;;;;;;;;2644;2575;2502;2425;2345;2261;2175;2086;1995;1903;1811;1718;1625;1533;1443;1354;1267;1182;1099;1020;943;870;799;732;669;608;551;498;448;401;357;317;280;246;214;186;161;139;120;103;90;79;71;66;63;63;67;73;82;93;108;126;147;172;199;230;265;302;344;389;437;490;546;606;670;737;808;883;962;1045;1130;1220;1312;1407;1505;1605;1708;1812;1917;2023;2130;2236;2342;2446;2548;2649;2746;2839;2929;3014;3094;3170;3241;3307;;;;;;;;;;;;;;;;;;;;;;
-1.200;;;;;;;;;;;;;;;;;;;;;;;;;;;;2598;2528;2454;2376;2294;2209;2122;2032;1941;1849;1757;1664;1572;1482;1392;1305;1219;1137;1057;979;905;834;766;702;641;584;529;479;431;387;346;308;274;242;214;188;165;146;129;114;103;94;89;86;85;88;93;102;113;128;145;166;190;217;247;281;319;360;405;453;506;562;622;686;754;826;902;981;1064;1151;1241;1335;1431;1530;1632;1736;1841;1948;2056;2164;2272;2379;2485;2589;2690;2788;2883;2973;3059;3140;3216;3287;3353;;;;;;;;;;;;;;;;;;;;;;
-1.300;;;;;;;;;;;;;;;;;;;;;;;;;;;;2623;2556;2484;2409;2329;2246;2160;2072;1982;1891;1799;1707;1615;1524;1435;1347;1261;1178;1097;1020;945;873;805;740;678;620;565;514;466;421;379;341;306;274;245;219;195;175;158;143;131;122;115;112;111;113;118;126;137;150;167;188;211;238;268;301;339;380;424;473;525;581;642;706;774;847;923;1003;1087;1175;1266;1360;1458;1558;1661;1766;1873;1982;2091;2200;2310;2418;2525;2631;2733;2833;2929;3020;3107;3188;3265;3336;;;;;;;;;;;;;;;;;;;;;;;
-1.400;;;;;;;;;;;;;;;;;;;;;;;;;;;;2648;2584;2516;2443;2366;2285;2201;2114;2026;1935;1844;1753;1661;1571;1481;1393;1307;1224;1143;1064;989;917;848;782;720;661;605;553;505;459;417;378;342;310;280;253;230;209;191;175;163;153;146;142;141;142;146;154;164;177;194;213;236;262;292;325;362;403;447;496;548;604;665;729;798;870;947;1028;1112;1201;1293;1388;1487;1588;1693;1799;1907;2017;2127;2238;2349;2459;2568;2674;2778;2879;2976;3068;3156;3239;3316;3388;;;;;;;;;;;;;;;;;;;;;;;
-1.500;;;;;;;;;;;;;;;;;;;;;;;;;;;;2675;2614;2549;2479;2405;2326;2244;2159;2072;1983;1893;1802;1711;1621;1531;1443;1357;1273;1192;1113;1037;964;895;828;765;706;650;597;548;502;459;419;383;350;319;292;268;246;228;212;199;188;181;176;174;175;179;185;195;208;224;243;265;291;320;353;389;430;474;522;574;631;691;756;824;897;975;1056;1141;1230;1323;1419;1519;1621;1726;1834;1943;2054;2166;2278;2390;2501;2611;2719;2824;2926;3024;3118;3206;3290;3369;3442;;;;;;;;;;;;;;;;;;;;;;;
-1.600;;;;;;;;;;;;;;;;;;;;;;;;;;;;;2646;2584;2517;2445;2369;2289;2206;2121;2033;1944;1854;1764;1674;1585;1497;1411;1327;1245;1166;1089;1016;946;879;815;755;698;645;595;548;505;465;428;394;363;335;310;288;269;252;238;228;219;214;211;212;215;221;230;242;258;276;298;323;352;385;421;461;505;553;605;661;721;786;855;928;1006;1087;1173;1262;1356;1453;1553;1656;1762;1871;1981;2093;2206;2319;2432;2544;2655;2764;2871;2974;3073;3168;3258;3343;3423;3497;;;;;;;;;;;;;;;;;;;;;;;
-1.700;;;;;;;;;;;;;;;;;;;;;;;;;;;;;2678;2620;2556;2487;2414;2336;2256;2172;2086;1998;1909;1820;1731;1642;1554;1468;1384;1302;1223;1146;1072;1001;934;870;809;751;697;647;599;555;514;476;442;410;382;356;333;314;297;282;271;262;256;253;253;255;261;269;281;296;314;335;360;388;420;456;496;540;587;639;695;756;820;889;963;1040;1122;1208;1298;1392;1489;1590;1694;1801;1910;2021;2133;2247;2361;2475;2588;2700;2810;2918;3022;3122;3219;3310;3396;3478;;;;;;;;;;;;;;;;;;;;;;;;
-1.800;;;;;;;;;;;;;;;;;;;;;;;;;;;;;;2657;2596;2531;2460;2385;2307;2225;2141;2055;1967;1879;1790;1702;1615;1529;1445;1363;1283;1206;1132;1061;993;928;866;808;754;702;654;609;568;529;494;462;433;407;383;363;345;330;318;309;302;299;298;300;305;313;324;338;356;377;401;429;461;496;536;579;626;678;734;794;859;928;1001;1079;1161;1247;1337;1431;1529;1630;1734;1841;1951;2062;2176;2290;2405;2519;2633;2746;2857;2965;3070;3172;3269;3362;3450;3534;;;;;;;;;;;;;;;;;;;;;;;;
-1.900;;;;;;;;;;;;;;;;;;;;;;;;;;;;;;2696;2638;2576;2508;2436;2360;2280;2198;2113;2027;1940;1853;1765;1679;1593;1509;1427;1347;1270;1196;1124;1055;990;928;869;814;762;713;668;625;586;550;518;488;461;437;416;398;382;370;360;353;349;347;349;353;361;371;385;402;423;447;474;506;541;580;623;670;721;777;837;901;970;1043;1121;1203;1289;1379;1473;1571;1672;1777;1884;1994;2106;2219;2334;2449;2564;2679;2792;2904;3013;3119;3221;3320;3415;3505;;;;;;;;;;;;;;;;;;;;;;;;;
-2.000;;;;;;;;;;;;;;;;;;;;;;;;;;;;;;2737;2682;2622;2557;2488;2414;2337;2257;2174;2090;2004;1918;1831;1745;1660;1577;1495;1415;1338;1263;1191;1122;1056;993;934;878;825;776;730;687;647;611;577;547;519;495;473;454;438;425;415;407;403;401;402;406;413;423;437;453;473;497;524;555;590;628;671;718;769;825;884;948;1017;1090;1167;1249;1335;1425;1519;1617;1718;1822;1929;2039;2151;2265;2379;2494;2610;2724;2838;2950;3060;3167;3270;3370;3466;3558;;;;;;;;;;;;;;;;;;;;;;;;;
-2.100;;;;;;;;;;;;;;;;;;;;;;;;;;;;;;;2727;2670;2608;2541;2470;2395;2318;2237;2154;2070;1985;1900;1815;1730;1647;1565;1486;1408;1333;1261;1192;1126;1062;1003;946;893;843;796;752;712;675;641;610;581;556;534;515;498;485;474;466;461;458;459;463;470;479;492;509;528;552;579;609;644;682;724;771;822;877;936;1000;1068;1141;1218;1299;1385;1475;1568;1666;1766;1870;1977;2086;2198;2311;2425;2540;2655;2770;2884;2996;3106;3214;3318;3420;3517;3612;;;;;;;;;;;;;;;;;;;;;;;;;
-2.200;;;;;;;;;;;;;;;;;;;;;;;;;;;;;;;2773;2719;2659;2595;2527;2455;2379;2301;2220;2138;2054;1970;1886;1803;1720;1639;1560;1482;1407;1335;1265;1199;1135;1075;1017;964;913;865;821;780;742;708;676;647;622;599;579;562;548;537;529;523;520;521;524;531;540;553;569;588;611;638;668;702;741;783;829;879;934;993;1057;1124;1197;1273;1354;1439;1528;1621;1718;1818;1921;2027;2136;2246;2359;2472;2587;2701;2816;2929;3041;3151;3260;3365;3468;3567;;;;;;;;;;;;;;;;;;;;;;;;;;
-2.300;;;;;;;;;;;;;;;;;;;;;;;;;;;;;;;;2769;2712;2651;2585;2516;2443;2366;2288;2207;2125;2043;1960;1878;1796;1715;1636;1559;1484;1412;1342;1275;1211;1150;1092;1038;987;939;894;852;814;779;746;717;691;668;648;630;616;604;595;590;587;587;590;596;605;618;634;653;676;702;732;766;804;846;892;942;996;1055;1118;1185;1257;1333;1413;1497;1585;1677;1773;1872;1974;2079;2187;2297;2408;2520;2634;2747;2861;2974;3085;3196;3304;3410;3514;;;;;;;;;;;;;;;;;;;;;;;;;;;
-2.400;;;;;;;;;;;;;;;;;;;;;;;;;;;;;;;;;2766;2707;2644;2577;2507;2433;2357;2278;2198;2117;2036;1954;1873;1794;1715;1638;1564;1491;1421;1354;1290;1229;1171;1116;1064;1015;970;928;889;853;820;791;764;740;720;702;687;675;666;660;657;657;660;666;675;688;703;723;745;772;801;835;873;914;960;1010;1064;1122;1184;1251;1322;1397;1476;1559;1646;1737;1832;1929;2030;2134;2240;2348;2458;2569;2681;2793;2906;3017;3129;3239;3347;3454;3559;;;;;;;;;;;;;;;;;;;;;;;;;;;
-2.500;;;;;;;;;;;;;;;;;;;;;;;;;;;;;;;;;2821;2765;2704;2640;2571;2500;2426;2350;2272;2193;2113;2033;1953;1874;1796;1720;1646;1573;1504;1436;1372;1310;1252;1196;1144;1095;1049;1007;967;931;897;867;840;816;795;777;762;750;741;735;731;731;734;740;749;762;778;797;819;846;876;909;947;988;1033;1083;1136;1194;1255;1321;1391;1465;1544;1626;1711;1801;1894;1990;2089;2191;2295;2401;2509;2618;2728;2839;2950;3060;3170;3280;3388;3496;;;;;;;;;;;;;;;;;;;;;;;;;;;;
-2.600;;;;;;;;;;;;;;;;;;;;;;;;;;;;;;;;;;2823;2765;2703;2637;2568;2497;2423;2347;2269;2191;2113;2034;1957;1880;1804;1730;1658;1588;1521;1457;1395;1336;1280;1228;1178;1132;1089;1049;1012;978;948;920;896;874;856;841;829;819;813;810;810;813;819;828;841;857;876;899;925;955;988;1026;1067;1112;1161;1214;1271;1332;1397;1466;1539;1616;1696;1781;1868;1959;2053;2150;2250;2352;2456;2561;2668;2776;2884;2993;3102;3211;3319;3428;3536;;;;;;;;;;;;;;;;;;;;;;;;;;;;
-2.700;;;;;;;;;;;;;;;;;;;;;;;;;;;;;;;;;;;2826;2766;2703;2637;2567;2496;2422;2347;2271;2194;2117;2041;1965;1890;1817;1745;1676;1609;1544;1482;1423;1367;1314;1264;1217;1174;1133;1096;1062;1031;1003;979;957;938;923;911;902;895;892;892;895;902;911;924;940;959;982;1009;1039;1072;1110;1151;1195;1244;1297;1353;1413;1477;1545;1617;1692;1771;1854;1939;2028;2120;2214;2311;2410;2511;2614;2718;2823;2929;3035;3142;3250;3357;3465;;;;;;;;;;;;;;;;;;;;;;;;;;;;;
-2.800;;;;;;;;;;;;;;;;;;;;;;;;;;;;;;;;;;;;2830;2769;2705;2639;2570;2499;2426;2352;2277;2201;2126;2052;1978;1905;1834;1765;1699;1634;1572;1513;1457;1403;1353;1306;1262;1221;1183;1149;1117;1089;1065;1043;1024;1009;996;987;981;978;979;982;989;998;1012;1028;1048;1071;1098;1128;1161;1199;1240;1284;1333;1385;1440;1500;1563;1629;1700;1773;1850;1931;2014;2100;2189;2281;2375;2471;2568;2668;2768;2870;2973;3077;3182;3287;3393;;;;;;;;;;;;;;;;;;;;;;;;;;;;;;
-2.900;;;;;;;;;;;;;;;;;;;;;;;;;;;;;;;;;;;;;2836;2775;2711;2644;2575;2505;2433;2360;2287;2213;2140;2067;1996;1926;1857;1791;1726;1665;1605;1549;1495;1445;1397;1353;1311;1273;1239;1207;1179;1154;1132;1113;1098;1086;1077;1071;1068;1069;1072;1079;1090;1103;1120;1140;1164;1191;1221;1255;1293;1334;1378;1426;1478;1533;1591;1653;1718;1787;1859;1934;2012;2092;2176;2262;2350;2440;2533;2627;2722;2819;2918;3017;3118;3220;3323;;;;;;;;;;;;;;;;;;;;;;;;;;;;;;;
-3.000;;;;;;;;;;;;;;;;;;;;;;;;;;;;;;;;;;;;;2903;2844;2782;2719;2653;2585;2515;2445;2373;2302;2230;2159;2088;2019;1951;1885;1821;1759;1700;1644;1590;1539;1491;1446;1405;1366;1331;1300;1271;1246;1224;1205;1190;1178;1169;1164;1161;1162;1167;1174;1185;1199;1217;1237;1261;1289;1320;1354;1392;1433;1477;1525;1576;1630;1687;1748;1812;1879;1949;2021;2097;2174;2255;2337;2422;2508;2597;2686;2778;2871;2965;3061;3158;3257;;;;;;;;;;;;;;;;;;;;;;;;;;;;;;;;
-3.100;;;;;;;;;;;;;;;;;;;;;;;;;;;;;;;;;;;;;;2914;2855;2793;2730;2665;2598;2530;2461;2391;2321;2252;2182;2114;2047;1982;1918;1857;1798;1741;1687;1636;1588;1543;1501;1462;1427;1395;1366;1341;1319;1300;1285;1273;1265;1260;1258;1259;1264;1272;1284;1299;1317;1338;1363;1391;1423;1457;1495;1536;1580;1628;1678;1732;1788;1848;1910;1975;2043;2113;2185;2260;2337;2415;2496;2578;2662;2747;2834;2923;3012;3104;3197;3293;;;;;;;;;;;;;;;;;;;;;;;;;;;;;;;;
-3.200;;;;;;;;;;;;;;;;;;;;;;;;;;;;;;;;;;;;;;;2927;2868;2808;2746;2682;2616;2549;2482;2414;2346;2278;2211;2145;2081;2018;1957;1898;1841;1787;1736;1687;1642;1600;1561;1525;1493;1464;1439;1417;1398;1383;1372;1363;1359;1357;1360;1365;1374;1386;1402;1421;1443;1469;1498;1530;1565;1603;1644;1688;1736;1786;1839;1894;1952;2013;2076;2141;2208;2278;2349;2422;2497;2573;2650;2729;2810;2892;2975;3060;3147;;;;;;;;;;;;;;;;;;;;;;;;;;;;;;;;;;
-3.300;;;;;;;;;;;;;;;;;;;;;;;;;;;;;;;;;;;;;;;;;2886;2827;2766;2703;2639;2574;2508;2442;2376;2311;2246;2182;2120;2059;2000;1944;1890;1838;1790;1744;1702;1662;1627;1594;1565;1539;1517;1499;1484;1473;1465;1461;1460;1463;1469;1479;1492;1509;1529;1552;1578;1608;1641;1676;1715;1757;1801;1848;1898;1950;2004;2061;2120;2181;2243;2308;2374;2441;2510;2581;2652;2725;2799;2874;2950;3029;3108;;;;;;;;;;;;;;;;;;;;;;;;;;;;;;;;;;;
-3.400;;;;;;;;;;;;;;;;;;;;;;;;;;;;;;;;;;;;;;;;;;2908;2850;2791;2730;2667;2604;2540;2476;2412;2348;2286;2224;2164;2106;2049;1995;1944;1895;1849;1806;1767;1731;1698;1668;1643;1621;1602;1588;1577;1569;1566;1565;1569;1576;1587;1601;1619;1640;1664;1691;1722;1755;1792;1831;1873;1917;1964;2013;2065;2118;2174;2231;2289;2349;2411;2473;2537;2602;2667;2734;2801;2870;2939;3010;3083;;;;;;;;;;;;;;;;;;;;;;;;;;;;;;;;;;;;
-3.500;;;;;;;;;;;;;;;;;;;;;;;;;;;;;;;;;;;;;;;;;;;2936;2879;2821;2762;2701;2640;2578;2516;2454;2392;2331;2272;2214;2158;2104;2052;2003;1957;1914;1874;1837;1804;1775;1749;1727;1708;1694;1683;1676;1673;1673;1678;1686;1698;1713;1731;1753;1779;1807;1839;1873;1910;1950;1993;2037;2084;2133;2184;2236;2290;2345;2402;2459;2517;2576;2636;2696;2757;2818;2880;2943;3007;3072;;;;;;;;;;;;;;;;;;;;;;;;;;;;;;;;;;;;;
-3.600;;;;;;;;;;;;;;;;;;;;;;;;;;;;;;;;;;;;;;;;;;;;;2914;2858;2800;2742;2682;2622;2561;2501;2442;2383;2325;2269;2216;2164;2115;2068;2025;1984;1947;1914;1884;1858;1835;1817;1802;1792;1785;1783;1784;1789;1798;1811;1827;1847;1870;1896;1926;1959;1994;2032;2073;2116;2161;2208;2256;2306;2358;2410;2464;2518;2572;2627;2683;2738;2794;2850;2906;2962;3019;3077;;;;;;;;;;;;;;;;;;;;;;;;;;;;;;;;;;;;;;
-3.700;;;;;;;;;;;;;;;;;;;;;;;;;;;;;;;;;;;;;;;;;;;;;;2956;2901;2846;2788;2730;2672;2613;2555;2497;2440;2385;2331;2279;2229;2183;2139;2098;2060;2026;1996;1969;1947;1928;1914;1903;1897;1895;1897;1902;1912;1926;1943;1964;1989;2016;2047;2081;2118;2157;2198;2242;2287;2334;2383;2432;2483;2534;2585;2637;2689;2741;2792;2843;2894;2945;2996;3046;;;;;;;;;;;;;;;;;;;;;;;;;;;;;;;;;;;;;;;;
-3.800;;;;;;;;;;;;;;;;;;;;;;;;;;;;;;;;;;;;;;;;;;;;;;;;2952;2898;2842;2786;2729;2672;2615;2559;2503;2450;2398;2348;2301;2256;2215;2176;2142;2111;2084;2061;2042;2027;2017;2011;2009;2011;2018;2028;2043;2061;2084;2109;2138;2170;2206;2243;2284;2326;2370;2416;2463;2512;2561;2610;2660;2710;2759;2808;2857;2905;2952;2998;3044;3089;;;;;;;;;;;;;;;;;;;;;;;;;;;;;;;;;;;;;;;;;
-3.900;;;;;;;;;;;;;;;;;;;;;;;;;;;;;;;;;;;;;;;;;;;;;;;;;;2957;2903;2848;2792;2737;2681;2626;2573;2521;2470;2422;2377;2335;2296;2261;2229;2201;2178;2158;2143;2133;2127;2125;2128;2135;2146;2162;2181;2205;2231;2262;2295;2332;2371;2412;2455;2501;2547;2595;2643;2692;2740;2789;2837;2884;2931;2976;3020;3063;3105;;;;;;;;;;;;;;;;;;;;;;;;;;;;;;;;;;;;;;;;;;;
-4.000;;;;;;;;;;;;;;;;;;;;;;;;;;;;;;;;;;;;;;;;;;;;;;;;;;;;2971;2917;2863;2808;2754;2700;2648;2597;2549;2503;2459;2420;2383;2350;2322;2297;2277;2262;2251;2245;2243;2246;2254;2266;2282;2302;2327;2355;2386;2421;2459;2499;2542;2586;2632;2680;2728;2776;2824;2873;2920;2967;3012;3056;3098;3139;;;;;;;;;;;;;;;;;;;;;;;;;;;;;;;;;;;;;;;;;;;;;
-4.100;;;;;;;;;;;;;;;;;;;;;;;;;;;;;;;;;;;;;;;;;;;;;;;;;;;;;;2993;2940;2886;2832;2780;2729;2679;2632;2588;2547;2509;2475;2446;2420;2399;2383;2371;2365;2363;2366;2374;2386;2403;2424;2450;2479;2512;2548;2587;2629;2673;2718;2765;2813;2862;2911;2959;3007;3053;3098;3142;3183;;;;;;;;;;;;;;;;;;;;;;;;;;;;;;;;;;;;;;;;;;;;;;;
-4.200;;;;;;;;;;;;;;;;;;;;;;;;;;;;;;;;;;;;;;;;;;;;;;;;;;;;;;;;;2970;2917;2865;2815;2767;2721;2679;2639;2604;2573;2546;2524;2506;2494;2487;2484;2487;2495;2507;2525;2547;2573;2603;2638;2675;2715;2758;2804;2851;2899;2948;2997;3046;3094;3142;3188;;;;;;;;;;;;;;;;;;;;;;;;;;;;;;;;;;;;;;;;;;;;;;;;;;
-4.300;;;;;;;;;;;;;;;;;;;;;;;;;;;;;;;;;;;;;;;;;;;;;;;;;;;;;;;;;;;;;2906;2859;2815;2774;2737;2704;2675;2651;2632;2619;2610;2607;2609;2617;2629;2647;2670;2697;2728;2763;2802;2843;2888;2934;2983;3032;3082;3132;3182;;;;;;;;;;;;;;;;;;;;;;;;;;;;;;;;;;;;;;;;;;;;;;;;;;;;;
-4.400;;;;;;;;;;;;;;;;;;;;;;;;;;;;;;;;;;;;;;;;;;;;;;;;;;;;;;;;;;;;;;;;;2873;2838;2808;2782;2761;2746;2736;2731;2733;2740;2752;2770;2792;2820;2852;2888;2928;2971;3017;3065;;;;;;;;;;;;;;;;;;;;;;;;;;;;;;;;;;;;;;;;;;;;;;;;;;;;;;;;;;
-4.500;;;;;;;;;;;;;;;;;;;;;;;;;;;;;;;;;;;;;;;;;;;;;;;;;;;;;;;;;;;;;;;;;;;;;;;;;;;;;;;;;;;;;;;;;;;;;;;;;;;;;;;;;;;;;;;;;;;;;;;;;;;;;;;;;;;;;;;;;;;;;;
-4.600;;;;;;;;;;;;;;;;;;;;;;;;;;;;;;;;;;;;;;;;;;;;;;;;;;;;;;;;;;;;;;;;;;;;;;;;;;;;;;;;;;;;;;;;;;;;;;;;;;;;;;;;;;;;;;;;;;;;;;;;;;;;;;;;;;;;;;;;;;;;;;
-4.700;;;;;;;;;;;;;;;;;;;;;;;;;;;;;;;;;;;;;;;;;;;;;;;;;;;;;;;;;;;;;;;;;;;;;;;;;;;;;;;;;;;;;;;;;;;;;;;;;;;;;;;;;;;;;;;;;;;;;;;;;;;;;;;;;;;;;;;;;;;;;;
-4.800;;;;;;;;;;;;;;;;;;;;;;;;;;;;;;;;;;;;;;;;;;;;;;;;;;;;;;;;;;;;;;;;;;;;;;;;;;;;;;;;;;;;;;;;;;;;;;;;;;;;;;;;;;;;;;;;;;;;;;;;;;;;;;;;;;;;;;;;;;;;;;
-4.900;;;;;;;;;;;;;;;;;;;;;;;;;;;;;;;;;;;;;;;;;;;;;;;;;;;;;;;;;;;;;;;;;;;;;;;;;;;;;;;;;;;;;;;;;;;;;;;;;;;;;;;;;;;;;;;;;;;;;;;;;;;;;;;;;;;;;;;;;;;;;;
-5.000;;;;;;;;;;;;;;;;;;;;;;;;;;;;;;;;;;;;;;;;;;;;;;;;;;;;;;;;;;;;;;;;;;;;;;;;;;;;;;;;;;;;;;;;;;;;;;;;;;;;;;;;;;;;;;;;;;;;;;;;;;;;;;;;;;;;;;;;;;;;;;
-5.100;;;;;;;;;;;;;;;;;;;;;;;;;;;;;;;;;;;;;;;;;;;;;;;;;;;;;;;;;;;;;;;;;;;;;;;;;;;;;;;;;;;;;;;;;;;;;;;;;;;;;;;;;;;;;;;;;;;;;;;;;;;;;;;;;;;;;;;;;;;;;;
-5.200;;;;;;;;;;;;;;;;;;;;;;;;;;;;;;;;;;;;;;;;;;;;;;;;;;;;;;;;;;;;;;;;;;;;;;;;;;;;;;;;;;;;;;;;;;;;;;;;;;;;;;;;;;;;;;;;;;;;;;;;;;;;;;;;;;;;;;;;;;;;;;
-5.300;;;;;;;;;;;;;;;;;;;;;;;;;;;;;;;;;;;;;;;;;;;;;;;;;;;;;;;;;;;;;;;;;;;;;;;;;;;;;;;;;;;;;;;;;;;;;;;;;;;;;;;;;;;;;;;;;;;;;;;;;;;;;;;;;;;;;;;;;;;;;;
-5.400;;;;;;;;;;;;;;;;;;;;;;;;;;;;;;;;;;;;;;;;;;;;;;;;;;;;;;;;;;;;;;;;;;;;;;;;;;;;;;;;;;;;;;;;;;;;;;;;;;;;;;;;;;;;;;;;;;;;;;;;;;;;;;;;;;;;;;;;;;;;;;
-5.500;;;;;;;;;;;;;;;;;;;;;;;;;;;;;;;;;;;;;;;;;;;;;;;;;;;;;;;;;;;;;;;;;;;;;;;;;;;;;;;;;;;;;;;;;;;;;;;;;;;;;;;;;;;;;;;;;;;;;;;;;;;;;;;;;;;;;;;;;;;;;;
-5.600;;;;;;;;;;;;;;;;;;;;;;;;;;;;;;;;;;;;;;;;;;;;;;;;;;;;;;;;;;;;;;;;;;;;;;;;;;;;;;;;;;;;;;;;;;;;;;;;;;;;;;;;;;;;;;;;;;;;;;;;;;;;;;;;;;;;;;;;;;;;;;
-5.700;;;;;;;;;;;;;;;;;;;;;;;;;;;;;;;;;;;;;;;;;;;;;;;;;;;;;;;;;;;;;;;;;;;;;;;;;;;;;;;;;;;;;;;;;;;;;;;;;;;;;;;;;;;;;;;;;;;;;;;;;;;;;;;;;;;;;;;;;;;;;;
-5.800;;;;;;;;;;;;;;;;;;;;;;;;;;;;;;;;;;;;;;;;;;;;;;;;;;;;;;;;;;;;;;;;;;;;;;;;;;;;;;;;;;;;;;;;;;;;;;;;;;;;;;;;;;;;;;;;;;;;;;;;;;;;;;;;;;;;;;;;;;;;;;
-5.900;;;;;;;;;;;;;;;;;;;;;;;;;;;;;;;;;;;;;;;;;;;;;;;;;;;;;;;;;;;;;;;;;;;;;;;;;;;;;;;;;;;;;;;;;;;;;;;;;;;;;;;;;;;;;;;;;;;;;;;;;;;;;;;;;;;;;;;;;;;;;;
-6.000;;;;;;;;;;;;;;;;;;;;;;;;;;;;;;;;;;;;;;;;;;;;;;;;;;;;;;;;;;;;;;;;;;;;;;;;;;;;;;;;;;;;;;;;;;;;;;;;;;;;;;;;;;;;;;;;;;;;;;;;;;;;;;;;;;;;;;;;;;;;;;
-6.100;;;;;;;;;;;;;;;;;;;;;;;;;;;;;;;;;;;;;;;;;;;;;;;;;;;;;;;;;;;;;;;;;;;;;;;;;;;;;;;;;;;;;;;;;;;;;;;;;;;;;;;;;;;;;;;;;;;;;;;;;;;;;;;;;;;;;;;;;;;;;;
-6.200;;;;;;;;;;;;;;;;;;;;;;;;;;;;;;;;;;;;;;;;;;;;;;;;;;;;;;;;;;;;;;;;;;;;;;;;;;;;;;;;;;;;;;;;;;;;;;;;;;;;;;;;;;;;;;;;;;;;;;;;;;;;;;;;;;;;;;;;;;;;;;
-6.300;;;;;;;;;;;;;;;;;;;;;;;;;;;;;;;;;;;;;;;;;;;;;;;;;;;;;;;;;;;;;;;;;;;;;;;;;;;;;;;;;;;;;;;;;;;;;;;;;;;;;;;;;;;;;;;;;;;;;;;;;;;;;;;;;;;;;;;;;;;;;;
-6.400;;;;;;;;;;;;;;;;;;;;;;;;;;;;;;;;;;;;;;;;;;;;;;;;;;;;;;;;;;;;;;;;;;;;;;;;;;;;;;;;;;;;;;;;;;;;;;;;;;;;;;;;;;;;;;;;;;;;;;;;;;;;;;;;;;;;;;;;;;;;;;
-6.500;;;;;;;;;;;;;;;;;;;;;;;;;;;;;;;;;;;;;;;;;;;;;;;;;;;;;;;;;;;;;;;;;;;;;;;;;;;;;;;;;;;;;;;;;;;;;;;;;;;;;;;;;;;;;;;;;;;;;;;;;;;;;;;;;;;;;;;;;;;;;;
-6.600;;;;;;;;;;;;;;;;;;;;;;;;;;;;;;;;;;;;;;;;;;;;;;;;;;;;;;;;;;;;;;;;;;;;;;;;;;;;;;;;;;;;;;;;;;;;;;;;;;;;;;;;;;;;;;;;;;;;;;;;;;;;;;;;;;;;;;;;;;;;;;
-6.700;;;;;;;;;;;;;;;;;;;;;;;;;;;;;;;;;;;;;;;;;;;;;;;;;;;;;;;;;;;;;;;;;;;;;;;;;;;;;;;;;;;;;;;;;;;;;;;;;;;;;;;;;;;;;;;;;;;;;;;;;;;;;;;;;;;;;;;;;;;;;;
-6.800;;;;;;;;;;;;;;;;;;;;;;;;;;;;;;;;;;;;;;;;;;;;;;;;;;;;;;;;;;;;;;;;;;;;;;;;;;;;;;;;;;;;;;;;;;;;;;;;;;;;;;;;;;;;;;;;;;;;;;;;;;;;;;;;;;;;;;;;;;;;;;
-6.900;;;;;;;;;;;;;;;;;;;;;;;;;;;;;;;;;;;;;;;;;;;;;;;;;;;;;;;;;;;;;;;;;;;;;;;;;;;;;;;;;;;;;;;;;;;;;;;;;;;;;;;;;;;;;;;;;;;;;;;;;;;;;;;;;;;;;;;;;;;;;;
-7.000;;;;;;;;;;;;;;;;;;;;;;;;;;;;;;;;;;;;;;;;;;;;;;;;;;;;;;;;;;;;;;;;;;;;;;;;;;;;;;;;;;;;;;;;;;;;;;;;;;;;;;;;;;;;;;;;;;;;;;;;;;;;;;;;;;;;;;;;;;;;;;
BACK related to FRONT;-7.000;-6.900;-6.800;-6.700;-6.600;-6.500;-6.400;-6.300;-6.200;-6.100;-6.000;-5.900;-5.800;-5.700;-5.600;-5.500;-5.400;-5.300;-5.200;-5.100;-5.000;-4.900;-4.800;-4.700;-4.600;-4.500;-4.400;-4.300;-4.200;-4.100;-4.000;-3.900;-3.800;-3.700;-3.600;-3.500;-3.400;-3.300;-3.200;-3.100;-3.000;-2.900;-2.800;-2.700;-2.600;-2.500;-2.400;-2.300;-2.200;-2.100;-2.000;-1.900;-1.800;-1.700;-1.600;-1.500;-1.400;-1.300;-1.200;-1.100;-1.000;-0.900;-0.800;-0.700;-0.600;-0.500;-0.400;-0.300;-0.200;-0.100;0.000;0.100;0.200;0.300;0.400;0.500;0.600;0.700;0.800;0.900;1.000;1.100;1.200;1.300;1.400;1.500;1.600;1.700;1.800;1.900;2.000;2.100;2.200;2.300;2.400;2.500;2.600;2.700;2.800;2.900;3.000;3.100;3.200;3.300;3.400;3.500;3.600;3.700;3.800;3.900;4.000;4.100;4.200;4.300;4.400;4.500;4.600;4.700;4.800;4.900;5.000;5.100;5.200;5.300;5.400;5.500;5.600;5.700;5.800;5.900;6.000;6.100;6.200;6.300;6.400;6.500;6.600;6.700;6.800;6.900;7.000;
7.000;;;;;;;;;;;;;;;;;;;;;;;;;;;;;;;;;;;;;;;;;;;;;;;;;;;;;;;;;;;;;;;;;;;;;;;;;;;;;;;;;;;;;;;;;;;;;;;;;;;;;;;;;;;;;;;;;;;;;;;;;;;;;;;;;;;;;;;;;;;;;;
6.900;;;;;;;;;;;;;;;;;;;;;;;;;;;;;;;;;;;;;;;;;;;;;;;;;;;;;;;;;;;;;;;;;;;;;;;;;;;;;;;;;;;;;;;;;;;;;;;;;;;;;;;;;;;;;;;;;;;;;;;;;;;;;;;;;;;;;;;;;;;;;;
6.800;;;;;;;;;;;;;;;;;;;;;;;;;;;;;;;;;;;;;;;;;;;;;;;;;;;;;;;;;;;;;;;;;;;;;;;;;;;;;;;;;;;;;;;;;;;;;;;;;;;;;;;;;;;;;;;;;;;;;;;;;;;;;;;;;;;;;;;;;;;;;;
6.700;;;;;;;;;;;;;;;;;;;;;;;;;;;;;;;;;;;;;;;;;;;;;;;;;;;;;;;;;;;;;;;;;;;;;;;;;;;;;;;;;;;;;;;;;;;;;;;;;;;;;;;;;;;;;;;;;;;;;;;;;;;;;;;;;;;;;;;;;;;;;;
6.600;;;;;;;;;;;;;;;;;;;;;;;;;;;;;;;;;;;;;;;;;;;;;;;;;;;;;;;;;;;;;;;;;;;;;;;;;;;;;;;;;;;;;;;;;;;;;;;;;;;;;;;;;;;;;;;;;;;;;;;;;;;;;;;;;;;;;;;;;;;;;;
6.500;;;;;;;;;;;;;;;;;;;;;;;;;;;;;;;;;;;;;;;;;;;;;;;;;;;;;;;;;;;;;;;;;;;;;;;;;;;;;;;;;;;;;;;;;;;;;;;;;;;;;;;;;;;;;;;;;;;;;;;;;;;;;;;;;;;;;;;;;;;;;;
6.400;;;;;;;;;;;;;;;;;;;;;;;;;;;;;;;;;;;;;;;;;;;;;;;;;;;;;;;;;;;;;;;;;;;;;;;;;;;;;;;;;;;;;;;;;;;;;;;;;;;;;;;;;;;;;;;;;;;;;;;;;;;;;;;;;;;;;;;;;;;;;;
6.300;;;;;;;;;;;;;;;;;;;;;;;;;;;;;;;;;;;;;;;;;;;;;;;;;;;;;;;;;;;;;;;;;;;;;;;;;;;;;;;;;;;;;;;;;;;;;;;;;;;;;;;;;;;;;;;;;;;;;;;;;;;;;;;;;;;;;;;;;;;;;;
6.200;;;;;;;;;;;;;;;;;;;;;;;;;;;;;;;;;;;;;;;;;;;;;;;;;;;;;;;;;;;;;;;;;;;;;;;;;;;;;;;;;;;;;;;;;;;;;;;;;;;;;;;;;;;;;;;;;;;;;;;;;;;;;;;;;;;;;;;;;;;;;;
6.100;;;;;;;;;;;;;;;;;;;;;;;;;;;;;;;;;;;;;;;;;;;;;;;;;;;;;;;;;;;;;;;;;;;;;;;;;;;;;;;;;;;;;;;;;;;;;;;;;;;;;;;;;;;;;;;;;;;;;;;;;;;;;;;;;;;;;;;;;;;;;;
6.000;;;;;;;;;;;;;;;;;;;;;;;;;;;;;;;;;;;;;;;;;;;;;;;;;;;;;;;;;;;;;;;;;;;;;;;;;;;;;;;;;;;;;;;;;;;;;;;;;;;;;;;;;;;;;;;;;;;;;;;;;;;;;;;;;;;;;;;;;;;;;;
5.900;;;;;;;;;;;;;;;;;;;;;;;;;;;;;;;;;;;;;;;;;;;;;;;;;;;;;;;;;;;;;;;;;;;;;;;;;;;;;;;;;;;;;;;;;;;;;;;;;;;;;;;;;;;;;;;;;;;;;;;;;;;;;;;;;;;;;;;;;;;;;;
5.800;;;;;;;;;;;;;;;;;;;;;;;;;;;;;;;;;;;;;;;;;;;;;;;;;;;;;;;;;;;;;;;;;;;;;;;;;;;;;;;;;;;;;;;;;;;;;;;;;;;;;;;;;;;;;;;;;;;;;;;;;;;;;;;;;;;;;;;;;;;;;;
5.700;;;;;;;;;;;;;;;;;;;;;;;;;;;;;;;;;;;;;;;;;;;;;;;;;;;;;;;;;;;;;;;;;;;;;;;;;;;;;;;;;;;;;;;;;;;;;;;;;;;;;;;;;;;;;;;;;;;;;;;;;;;;;;;;;;;;;;;;;;;;;;
5.600;;;;;;;;;;;;;;;;;;;;;;;;;;;;;;;;;;;;;;;;;;;;;;;;;;;;;;;;;;;;;;;;;;;;;;;;;;;;;;;;;;;;;;;;;;;;;;;;;;;;;;;;;;;;;;;;;;;;;;;;;;;;;;;;;;;;;;;;;;;;;;
5.500;;;;;;;;;;;;;;;;;;;;;;;;;;;;;;;;;;;;;;;;;;;;;;;;;;;;;;;;;;;;;;;;;;;;;;;;;;;;;;;;;;;;;;;;;;;;;;;;;;;;;;;;;;;;;;;;;;;;;;;;;;;;;;;;;;;;;;;;;;;;;;
5.400;;;;;;;;;;;;;;;;;;;;;;;;;;;;;;;;;;;;;;;;;;;;;;;;;;;;;;;;;;;;;;;;;;;;;;;;;;;;;;;;;;;;;;;;;;;;;;;;;;;;;;;;;;;;;;;;;;;;;;;;;;;;;;;;;;;;;;;;;;;;;;
5.300;;;;;;;;;;;;;;;;;;;;;;;;;;;;;;;;;;;;;;;;;;;;;;;;;;;;;;;;;;;;;;;;;;;;;;;;;;;;;;;;;;;;;;;;;;;;;;;;;;;;;;;;;;;;;;;;;;;;;;;;;;;;;;;;;;;;;;;;;;;;;;
5.200;;;;;;;;;;;;;;;;;;;;;;;;;;;;;;;;;;;;;;;;;;;;;;;;;;;;;;;;;;;;;;;;;;;;;;;;;;;;;;;;;;;;;;;;;;;;;;;;;;;;;;;;;;;;;;;;;;;;;;;;;;;;;;;;;;;;;;;;;;;;;;
5.100;;;;;;;;;;;;;;;;;;;;;;;;;;;;;;;;;;;;;;;;;;;;;;;;;;;;;;;;;;;;;;;;;;;;;;;;;;;;;;;;;;;;;;;;;;;;;;;;;;;;;;;;;;;;;;;;;;;;;;;;;;;;;;;;;;;;;;;;;;;;;;
5.000;;;;;;;;;;;;;;;;;;;;;;;;;;;;;;;;;;;;;;;;;;;;;;;;;;;;;;;;;;;;;;;;;;;;;;;;;;;;;;;;;;;;;;;;;;;;;;;;;;;;;;;;;;;;;;;;;;;;;;;;;;;;;;;;;;;;;;;;;;;;;;
4.900;;;;;;;;;;;;;;;;;;;;;;;;;;;;;;;;;;;;;;;;;;;;;;;;;;;;;;;;;;;;;;;;;;;;;;;;;;;;;;;;;;;;;;;;;;;;;;;;;;;;;;;;;;;;;;;;;;;;;;;;;;;;;;;;;;;;;;;;;;;;;;
4.800;;;;;;;;;;;;;;;;;;;;;;;;;;;;;;;;;;;;;;;;;;;;;;;;;;;;;;;;;;;;;;;;;;;;;;;;;;;;;;;;;;;;;;;;;;;;;;;;;;;;;;;;;;;;;;;;;;;;;;;;;;;;;;;;;;;;;;;;;;;;;;
4.700;;;;;;;;;;;;;;;;;;;;;;;;;;;;;;;;;;;;;;;;;;;;;;;;;;;;;;;;;;;;;;;;;;;;;;;;;;;;;;;;;;;;;;;;;;;;;;;;;;;;;;;;;;;;;;;;;;;;;;;;;;;;;;;;;;;;;;;;;;;;;;
4.600;;;;;;;;;;;;;;;;;;;;;;;;;;;;;;;;;;;;;;;;;;;;;;;;;;;;;;;;;;;;;;;;;;;;;;;;;;;;;;;;;;;;;;;;;;;;;;;;;;;;;;;;;;;;;;;;;;;;;;;;;;;;;;;;;;;;;;;;;;;;;;
4.500;;;;;;;;;;;;;;;;;;;;;;;;;;;;;;;;;;;;;;;;;;;;;;;;;;;;;;;;;;;;;;;;;;;;;;;;;;;;;;;;;;;;;;;;;;;;;;;;;;;;;;;;;;;;;;;;;;;;;;;;;;;;;;;;;;;;;;;;;;;;;;
4.400;;;;;;;;;;;;;;;;;;;;;;;;;;;;;;;;;;;;;;;;;;;;;;;;;;;;;;;;;;;;;;;;;;;;;;;;;;;;;;;;;;;;;;;;;;;;;;;;;;;;;;;;;;;;;;;;;;;;;;;;;;;;;;;;;;;;;;;;;;;;;;
4.300;;;;;;;;;;;;;;;;;;;;;;;;;;;;;;;;;;;;;;;;;;;;;;;;;;;;;;;;;;;;;;;;;;;;;;;;;;;;;;;;;;;;;;;;;;;;;;;;;;;;;;;;;;;;;;;;;;;;;;;;;;;;;;;;;;;;;;;;;;;;;;
4.200;;;;;;;;;;;;;;;;;;;;;;;;;;;;;;;;;;;;;;;;;;;;;;;;;;;;;;;;;;;;;;;;;;;;;;;;;;;;;;;;;;;;;;;;;;;;;;;;;;;;;;;;;;;;;;;;;;;;;;;;;;;;;;;;;;;;;;;;;;;;;;
4.100;;;;;;;;;;;;;;;;;;;;;;;;;;;;;;;;;;;;;;;;;;;;;;;;;;;;;;;;;;;;;;;;;;;;;;;;;;;;;;;;;;;;;;;;;;;;;;;;;;;;;;;;;;;;;;;;;;;;;;;;;;;;;;;;;;;;;;;;;;;;;;
4.000;;;;;;;;;;;;;;;;;;;;;;;;;;;;;;;;;;;;;;;;;;;;;;;;;;;;;;;;;;;;;;;;;;;;;;;;;;;;;;;;;;;;;;;;;;;;;;;;;;;;;;;;;;;;;;;;;;;;;;;;;;;;;;;;;;;;;;;;;;;;;;
3.900;;;;;;;;;;;;;;;;;;;;;;;;;;;;;;;;;;;;;;;;;;;;;;;;;;;;;;;;;;;;;;;;;;;;;;;;;;;;;;;;;;;;;;;;;;;;;;;;;;;;;;;;;;;;;;;;;;;;;;;;;;;;;;;;;;;;;;;;;;;;;;
3.800;;;;;;;;;;;;;;;;;;;;;;;;;;;;;;;;;;;;;;;;;;;;;;;;;;;;;;;;;;;;;;;;;;;;;;;;;;;;;;;;;;;;;;;;;;;;;;;;;;;;;;;;;;;;;;;;;;;;;;;;;;;;;;;;;;;;;;;;;;;;;;
3.700;;;;;;;;;;;;;;;;;;;;;;;;;;;;;;;;;;;;;;;;;;;;;;;;;;;;;;;;;;;;;;;;;;;;;;;;;;;;;;;;;;;;;;;;;;;;;;;;;;;;;;;;;;;;;;;;;;;;;;;;;;;;;;;;;;;;;;;;;;;;;;
3.600;;;;;;;;;;;;;;;;;;;;;;;;;;;;;;;;;;;;;;;;;;;;;;;;;;;;;;;;;;;;;;;;;;;;;;;;;;;;;;;;;;;;;;;;;;;;;;;;;;;;;;;;;;;;;;;;;;;;;;;;;;;;;;;;;;;;;;;;;;;;;;
3.500;;;;;;;;;;;;;;;;;;;;;;;;;;;;;;;;;;;;;;;;;;;;;;;;;;;;;;;;;;;;;;;;;;;;1796;1800;1807;1816;1828;1842;1857;1875;1894;1915;1937;1961;1985;2011;2038;2066;2095;2125;2156;;;;;;;;;;;;;;;;;;;;;;;;;;;;;;;;;;;;;;;;;;;;;;;;;;;;;;;;
3.400;;;;;;;;;;;;;;;;;;;;;;;;;;;;;;;;;;;;;;;;;;;;;;;;;;;;;;;;;;;;;1767;1751;1737;1727;1720;1716;1714;1716;1719;1726;1734;1745;1758;1773;1789;1807;1827;1848;1871;1895;1920;1946;1973;2001;2030;2060;2092;2124;2158;2193;2229;;;;;;;;;;;;;;;;;;;;;;;;;;;;;;;;;;;;;;;;;;;;;;;;;;;
3.300;;;;;;;;;;;;;;;;;;;;;;;;;;;;;;;;;;;;;;;;;;;;;;;;;;;;;;;;;1782;1754;1729;1707;1688;1672;1659;1649;1642;1638;1636;1637;1641;1647;1655;1665;1677;1691;1707;1724;1743;1763;1785;1808;1832;1857;1884;1911;1940;1970;2001;2033;2066;2101;2138;2176;2215;2256;2299;;;;;;;;;;;;;;;;;;;;;;;;;;;;;;;;;;;;;;;;;;;;;;;
3.200;;;;;;;;;;;;;;;;;;;;;;;;;;;;;;;;;;;;;;;;;;;;;;;;;;;;;;1804;1768;1734;1704;1677;1652;1631;1612;1597;1584;1574;1567;1563;1561;1562;1565;1570;1578;1588;1599;1612;1627;1644;1662;1682;1703;1725;1748;1773;1799;1826;1854;1884;1915;1947;1980;2015;2052;2090;2130;2171;2215;2261;2308;;;;;;;;;;;;;;;;;;;;;;;;;;;;;;;;;;;;;;;;;;;;;
3.100;;;;;;;;;;;;;;;;;;;;;;;;;;;;;;;;;;;;;;;;;;;;;;;;;;;1849;1805;1765;1727;1691;1659;1629;1602;1578;1557;1539;1524;1511;1502;1495;1490;1488;1489;1491;1496;1503;1513;1524;1536;1551;1567;1584;1603;1624;1645;1668;1693;1718;1745;1773;1802;1833;1865;1899;1934;1971;2009;2050;2092;2136;2182;2231;2281;2334;2389;;;;;;;;;;;;;;;;;;;;;;;;;;;;;;;;;;;;;;;;;;
3.000;;;;;;;;;;;;;;;;;;;;;;;;;;;;;;;;;;;;;;;;;;;;;;;;1915;1865;1818;1773;1731;1691;1653;1619;1587;1557;1531;1507;1487;1469;1454;1441;1431;1424;1420;1417;1418;1420;1425;1431;1440;1451;1463;1477;1492;1509;1528;1548;1569;1592;1616;1641;1668;1696;1725;1756;1788;1822;1858;1895;1934;1975;2017;2062;2109;2158;2209;2263;2318;2376;;;;;;;;;;;;;;;;;;;;;;;;;;;;;;;;;;;;;;;;;
2.900;;;;;;;;;;;;;;;;;;;;;;;;;;;;;;;;;;;;;;;;;;;;;;1945;1893;1842;1793;1747;1702;1660;1621;1584;1550;1518;1489;1463;1439;1419;1401;1386;1373;1364;1356;1351;1349;1349;1351;1355;1362;1370;1380;1392;1405;1420;1437;1455;1475;1496;1518;1542;1567;1594;1622;1652;1683;1715;1749;1785;1823;1863;1904;1948;1993;2041;2091;2143;2197;2253;2312;2372;2435;;;;;;;;;;;;;;;;;;;;;;;;;;;;;;;;;;;;;;;
2.800;;;;;;;;;;;;;;;;;;;;;;;;;;;;;;;;;;;;;;;;;;;;;1931;1877;1825;1774;1726;1680;1636;1594;1555;1518;1484;1453;1424;1398;1374;1354;1336;1321;1308;1298;1291;1285;1283;1282;1284;1288;1294;1302;1312;1323;1336;1351;1368;1385;1405;1426;1448;1472;1497;1524;1552;1582;1613;1646;1681;1717;1756;1796;1838;1882;1929;1977;2028;2081;2136;2193;2252;2313;2376;2442;2508;;;;;;;;;;;;;;;;;;;;;;;;;;;;;;;;;;;;;
2.700;;;;;;;;;;;;;;;;;;;;;;;;;;;;;;;;;;;;;;;;;;;1978;1922;1867;1813;1761;1711;1663;1617;1573;1532;1493;1456;1422;1391;1362;1336;1312;1292;1274;1258;1245;1235;1227;1222;1219;1218;1219;1223;1229;1236;1245;1257;1270;1284;1300;1318;1338;1358;1381;1405;1430;1457;1485;1515;1547;1581;1616;1653;1692;1733;1776;1821;1868;1917;1969;2023;2079;2137;2197;2259;2323;2388;2455;2524;;;;;;;;;;;;;;;;;;;;;;;;;;;;;;;;;;;;
2.600;;;;;;;;;;;;;;;;;;;;;;;;;;;;;;;;;;;;;;;;;2034;1976;1918;1862;1807;1754;1702;1652;1604;1558;1514;1473;1434;1397;1363;1332;1303;1276;1253;1232;1214;1198;1185;1174;1166;1160;1157;1156;1157;1160;1165;1173;1182;1193;1205;1220;1236;1253;1273;1294;1316;1340;1366;1393;1422;1452;1484;1518;1554;1592;1631;1673;1717;1763;1811;1861;1914;1968;2025;2084;2145;2208;2273;2339;2407;2476;2546;;;;;;;;;;;;;;;;;;;;;;;;;;;;;;;;;;;
2.500;;;;;;;;;;;;;;;;;;;;;;;;;;;;;;;;;;;;;;;;2039;1979;1921;1864;1807;1752;1699;1647;1597;1549;1503;1459;1417;1378;1341;1307;1276;1246;1220;1196;1175;1156;1140;1127;1116;1107;1101;1097;1096;1096;1099;1104;1111;1120;1131;1143;1157;1173;1191;1210;1231;1254;1278;1304;1332;1361;1392;1425;1459;1496;1534;1574;1617;1662;1708;1757;1809;1862;1918;1976;2036;2098;2161;2227;2294;2363;2432;2503;2574;;;;;;;;;;;;;;;;;;;;;;;;;;;;;;;;;;
2.400;;;;;;;;;;;;;;;;;;;;;;;;;;;;;;;;;;;;;;;2048;1989;1929;1871;1813;1757;1702;1648;1596;1546;1498;1451;1407;1365;1326;1289;1254;1222;1193;1166;1142;1120;1101;1085;1071;1059;1050;1044;1040;1038;1038;1040;1045;1052;1060;1071;1083;1097;1113;1131;1150;1172;1194;1219;1245;1273;1303;1334;1367;1403;1440;1479;1520;1564;1609;1657;1707;1759;1814;1870;1929;1990;2053;2118;2184;2252;2322;2392;2463;2535;2606;;;;;;;;;;;;;;;;;;;;;;;;;;;;;;;;;
2.300;;;;;;;;;;;;;;;;;;;;;;;;;;;;;;;;;;;;;;2064;2003;1943;1883;1825;1767;1710;1655;1601;1549;1498;1450;1403;1359;1316;1277;1239;1204;1172;1142;1115;1090;1068;1048;1031;1017;1005;996;989;984;982;982;984;988;994;1003;1013;1025;1040;1055;1073;1093;1114;1137;1162;1189;1217;1247;1279;1313;1349;1387;1427;1469;1513;1559;1608;1659;1712;1768;1825;1885;1947;2011;2077;2145;2214;2284;2355;2427;2499;2572;2644;;;;;;;;;;;;;;;;;;;;;;;;;;;;;;;;
2.200;;;;;;;;;;;;;;;;;;;;;;;;;;;;;;;;;;;;;2084;2023;1962;1901;1842;1782;1724;1667;1611;1557;1505;1454;1405;1358;1313;1270;1230;1192;1157;1124;1093;1066;1040;1018;998;980;965;953;943;935;930;928;927;929;933;939;947;957;970;984;1000;1018;1037;1059;1082;1107;1134;1163;1194;1227;1261;1298;1336;1377;1420;1465;1512;1562;1614;1668;1724;1783;1844;1907;1972;2039;2107;2177;2248;2321;2393;2467;2540;2613;2685;;;;;;;;;;;;;;;;;;;;;;;;;;;;;;;
2.100;;;;;;;;;;;;;;;;;;;;;;;;;;;;;;;;;;;;2109;2047;1986;1924;1864;1803;1744;1685;1627;1571;1517;1463;1412;1363;1315;1270;1227;1186;1148;1112;1078;1047;1019;993;970;949;931;916;903;892;884;879;876;875;876;880;886;894;904;916;930;946;964;984;1006;1030;1055;1083;1112;1143;1177;1212;1249;1288;1330;1374;1420;1468;1518;1571;1626;1684;1743;1805;1869;1935;2003;2072;2143;2215;2289;2362;2437;2511;2585;2658;2730;;;;;;;;;;;;;;;;;;;;;;;;;;;;;;
2.000;;;;;;;;;;;;;;;;;;;;;;;;;;;;;;;;;;;2138;2076;2014;1952;1890;1829;1768;1708;1649;1591;1534;1479;1425;1373;1323;1275;1229;1186;1144;1105;1069;1035;1003;974;948;924;903;884;868;854;844;835;829;826;824;825;829;835;842;852;864;879;895;913;933;955;979;1005;1033;1063;1095;1129;1165;1203;1243;1285;1330;1376;1425;1477;1530;1587;1645;1705;1768;1833;1900;1969;2039;2111;2185;2259;2333;2409;2484;2559;2633;2706;2778;;;;;;;;;;;;;;;;;;;;;;;;;;;;;
1.900;;;;;;;;;;;;;;;;;;;;;;;;;;;;;;;;;;2172;2110;2047;1985;1922;1859;1797;1736;1675;1615;1557;1499;1443;1389;1336;1286;1237;1191;1146;1105;1065;1028;993;961;931;904;880;858;839;822;808;797;788;781;777;776;777;780;785;793;803;815;829;845;864;884;906;931;957;985;1016;1048;1083;1119;1158;1199;1242;1288;1335;1385;1437;1492;1549;1608;1670;1733;1799;1867;1937;2008;2081;2155;2231;2306;2383;2459;2535;2610;2685;2758;2830;;;;;;;;;;;;;;;;;;;;;;;;;;;;
1.800;;;;;;;;;;;;;;;;;;;;;;;;;;;;;;;;;2210;2147;2085;2021;1958;1894;1831;1768;1706;1645;1584;1525;1467;1410;1355;1302;1251;1201;1154;1109;1067;1027;989;953;921;890;863;838;815;796;778;764;752;742;736;731;729;730;733;738;745;755;767;781;798;816;837;860;884;911;940;971;1004;1039;1077;1116;1158;1202;1248;1296;1347;1400;1455;1513;1573;1636;1700;1767;1836;1907;1979;2053;2128;2204;2281;2358;2435;2512;2589;2665;2739;2812;;;;;;;;;;;;;;;;;;;;;;;;;;;;
1.700;;;;;;;;;;;;;;;;;;;;;;;;;;;;;;;;;2189;2126;2062;1998;1934;1869;1805;1742;1679;1616;1555;1495;1436;1379;1323;1269;1217;1168;1120;1074;1031;990;951;916;882;851;823;797;774;754;736;721;709;699;692;687;684;685;687;692;700;710;722;736;752;771;792;815;840;867;897;928;962;998;1036;1076;1118;1163;1210;1259;1311;1364;1421;1479;1540;1604;1669;1737;1806;1878;1951;2026;2102;2179;2257;2335;2413;2491;2569;2646;2722;2797;2870;;;;;;;;;;;;;;;;;;;;;;;;;;;
1.600;;;;;;;;;;;;;;;;;;;;;;;;;;;;;;;;2235;2172;2107;2043;1977;1912;1847;1782;1717;1653;1590;1528;1467;1407;1349;1293;1238;1186;1135;1087;1040;997;955;916;879;845;814;785;759;735;714;696;680;667;657;649;644;642;642;644;649;656;666;678;692;709;728;749;772;798;825;855;887;921;958;997;1037;1081;1126;1174;1224;1276;1331;1388;1447;1509;1573;1639;1708;1778;1851;1925;2000;2077;2155;2234;2313;2392;2472;2551;2629;2706;2782;2857;2930;;;;;;;;;;;;;;;;;;;;;;;;;;
1.500;;;;;;;;;;;;;;;;;;;;;;;;;;;;;;;;2221;2157;2091;2025;1959;1892;1826;1760;1694;1629;1565;1502;1441;1380;1321;1264;1209;1156;1104;1055;1008;964;921;882;844;810;778;748;721;697;676;657;641;628;617;609;603;601;600;603;607;614;624;636;651;667;686;708;731;757;785;816;848;883;920;959;1001;1045;1091;1139;1190;1243;1299;1357;1417;1479;1544;1611;1680;1752;1825;1900;1976;2054;2133;2212;2292;2373;2453;2533;2612;2691;2768;2845;2920;;;;;;;;;;;;;;;;;;;;;;;;;;
1.400;;;;;;;;;;;;;;;;;;;;;;;;;;;;;;;2275;2210;2144;2077;2010;1942;1875;1807;1740;1673;1607;1542;1478;1416;1355;1295;1237;1181;1127;1075;1025;977;932;889;849;811;776;743;713;686;661;639;620;604;590;579;570;564;561;561;563;567;575;584;596;611;628;647;669;693;719;747;778;811;847;884;924;966;1011;1058;1107;1158;1212;1269;1327;1388;1451;1517;1585;1655;1727;1801;1876;1953;2032;2111;2192;2273;2354;2436;2517;2597;2677;2756;2833;2910;2986;;;;;;;;;;;;;;;;;;;;;;;;;
1.300;;;;;;;;;;;;;;;;;;;;;;;;;;;;;;;2267;2200;2133;2065;1996;1927;1858;1790;1721;1654;1587;1521;1456;1392;1330;1270;1211;1154;1099;1047;996;948;902;859;818;779;743;710;680;652;627;604;585;568;553;542;533;527;524;523;525;530;537;546;558;573;590;610;631;656;682;711;743;776;812;850;891;934;979;1026;1076;1128;1183;1240;1299;1361;1425;1491;1560;1630;1703;1778;1854;1932;2011;2091;2173;2255;2337;2419;2501;2583;2663;2743;2823;2901;2978;;;;;;;;;;;;;;;;;;;;;;;;;
1.200;;;;;;;;;;;;;;;;;;;;;;;;;;;;;;2329;2261;2193;2124;2054;1984;1914;1844;1774;1704;1635;1567;1500;1434;1370;1307;1245;1186;1128;1073;1019;968;919;873;829;787;748;712;678;647;619;594;571;551;533;519;507;498;492;488;487;489;493;500;510;522;537;554;574;596;621;648;677;709;743;779;818;859;902;948;996;1047;1100;1155;1213;1273;1335;1400;1467;1536;1608;1681;1756;1833;1912;1992;2073;2155;2237;2320;2404;2487;2569;2651;2732;2813;2892;2971;;;;;;;;;;;;;;;;;;;;;;;;;
1.100;;;;;;;;;;;;;;;;;;;;;;;;;;;;;;2326;2257;2187;2116;2045;1973;1902;1830;1759;1688;1618;1549;1481;1414;1348;1284;1222;1162;1104;1047;993;942;892;845;800;758;719;682;648;617;588;562;539;518;501;486;474;464;458;454;453;455;459;466;476;488;503;520;540;563;587;615;644;677;711;748;787;829;873;920;968;1020;1073;1129;1188;1248;1312;1377;1445;1515;1587;1661;1736;1814;1893;1974;2056;2138;2222;2305;2389;2473;2557;2639;2722;2803;2884;2964;3044;;;;;;;;;;;;;;;;;;;;;;;;
1.000;;;;;;;;;;;;;;;;;;;;;;;;;;;;;2396;2325;2254;2183;2110;2037;1964;1891;1818;1745;1673;1602;1531;1462;1394;1328;1263;1200;1139;1080;1023;968;916;866;818;773;731;691;654;619;587;558;532;508;488;470;454;442;433;426;422;421;422;427;434;443;456;471;488;508;531;556;584;614;646;681;719;759;801;845;892;942;994;1048;1105;1164;1225;1289;1355;1424;1494;1567;1642;1718;1796;1876;1958;2040;2123;2207;2292;2376;2461;2545;2629;2712;2794;2876;2958;3039;;;;;;;;;;;;;;;;;;;;;;;;
0.900;;;;;;;;;;;;;;;;;;;;;;;;;;;;;2398;2326;2253;2180;2105;2031;1956;1882;1807;1733;1659;1587;1515;1445;1376;1309;1243;1179;1117;1057;1000;944;891;841;793;747;704;664;626;591;559;530;503;479;458;440;425;412;403;396;392;390;392;396;403;413;425;440;458;478;501;526;554;585;618;653;691;731;774;819;867;917;970;1025;1082;1142;1204;1268;1335;1404;1476;1549;1624;1702;1780;1861;1943;2026;2110;2195;2280;2365;2450;2535;2620;2704;2787;2869;2952;3034;3116;;;;;;;;;;;;;;;;;;;;;;;
0.800;;;;;;;;;;;;;;;;;;;;;;;;;;;;;2402;2328;2253;2178;2102;2026;1949;1873;1797;1722;1647;1573;1500;1429;1359;1290;1224;1159;1096;1036;978;922;868;817;768;722;679;638;600;565;533;503;476;452;431;412;397;384;374;367;363;362;363;367;374;384;396;412;429;450;473;499;527;558;591;627;665;706;749;795;843;894;947;1003;1061;1121;1184;1249;1317;1387;1459;1533;1609;1686;1766;1847;1930;2013;2098;2183;2269;2355;2441;2526;2612;2696;2780;2863;2946;3029;3112;;;;;;;;;;;;;;;;;;;;;;;
0.700;;;;;;;;;;;;;;;;;;;;;;;;;;;;2482;2407;2331;2255;2177;2100;2022;1944;1866;1789;1712;1635;1560;1486;1414;1342;1273;1206;1140;1077;1015;957;900;846;794;745;699;655;614;576;540;508;478;450;426;405;386;370;358;348;340;336;335;336;340;347;357;370;385;403;423;447;472;501;532;566;602;641;682;726;772;821;872;926;982;1041;1102;1166;1232;1300;1370;1443;1518;1595;1673;1754;1835;1919;2003;2088;2174;2260;2347;2433;2519;2605;2690;2775;2859;2942;3025;3109;;;;;;;;;;;;;;;;;;;;;;;
0.600;;;;;;;;;;;;;;;;;;;;;;;;;;;;2490;2413;2335;2257;2178;2099;2019;1940;1860;1781;1703;1625;1549;1473;1400;1328;1257;1189;1122;1058;996;937;880;825;773;724;677;633;591;553;517;484;454;426;402;380;362;346;333;323;316;311;310;311;315;322;332;344;360;378;399;422;448;477;508;542;579;618;660;704;751;800;852;907;964;1023;1085;1149;1216;1285;1356;1429;1505;1582;1662;1743;1825;1909;1994;2080;2167;2253;2341;2428;2514;2600;2686;2771;2855;2939;3022;3106;;;;;;;;;;;;;;;;;;;;;;;
0.500;;;;;;;;;;;;;;;;;;;;;;;;;;;;2498;2420;2341;2261;2180;2099;2018;1937;1856;1775;1695;1616;1539;1462;1387;1314;1243;1173;1106;1041;979;918;861;806;753;703;656;612;570;531;495;462;432;404;380;358;339;323;310;300;292;288;286;288;292;299;309;321;337;355;376;399;426;455;486;521;557;597;639;684;731;781;834;889;946;1006;1069;1134;1201;1271;1343;1417;1494;1572;1652;1734;1817;1902;1987;2074;2161;2249;2336;2424;2511;2598;2684;2769;2853;2937;3021;3104;3189;;;;;;;;;;;;;;;;;;;;;;
0.400;;;;;;;;;;;;;;;;;;;;;;;;;;;;2508;2428;2347;2266;2184;2101;2018;1935;1853;1771;1689;1609;1530;1452;1376;1302;1230;1159;1091;1026;962;902;843;788;735;685;637;593;551;512;475;442;411;384;359;337;318;302;289;279;271;267;265;267;271;278;287;300;315;334;355;378;405;434;466;500;538;578;620;665;713;764;817;873;931;992;1055;1121;1189;1259;1332;1407;1484;1563;1644;1727;1811;1896;1983;2070;2158;2246;2334;2422;2510;2597;2683;2768;2853;2937;3020;3104;3188;;;;;;;;;;;;;;;;;;;;;;
0.300;;;;;;;;;;;;;;;;;;;;;;;;;;;2599;2519;2437;2355;2272;2188;2104;2020;1935;1851;1768;1685;1603;1523;1444;1367;1292;1218;1147;1078;1012;948;887;828;772;718;668;620;575;533;494;457;424;393;365;340;319;299;283;270;260;252;248;246;247;251;258;268;281;296;314;335;359;386;415;447;482;520;560;603;649;697;748;802;858;917;978;1042;1109;1178;1249;1323;1399;1477;1557;1638;1722;1807;1893;1980;2068;2157;2246;2335;2423;2511;2599;2685;2771;2855;2939;3022;3105;3189;;;;;;;;;;;;;;;;;;;;;;
0.200;;;;;;;;;;;;;;;;;;;;;;;;;;;2612;2530;2447;2364;2279;2194;2109;2023;1937;1852;1767;1683;1600;1518;1438;1360;1283;1209;1137;1067;1000;935;873;814;758;704;653;605;560;517;478;441;408;377;349;324;302;283;267;253;243;235;231;229;230;234;241;251;263;279;297;318;342;369;398;430;465;503;544;587;633;682;734;788;845;904;966;1031;1098;1168;1240;1315;1392;1471;1552;1635;1719;1805;1892;1980;2069;2158;2248;2337;2427;2515;2603;2689;2775;2859;2943;3025;3108;3191;;;;;;;;;;;;;;;;;;;;;;
0.100;;;;;;;;;;;;;;;;;;;;;;;;;;;2625;2542;2458;2374;2288;2202;2115;2028;1941;1854;1767;1682;1598;1515;1434;1354;1277;1202;1129;1058;990;925;862;803;746;691;640;592;546;504;464;427;393;363;335;310;287;268;252;238;228;220;216;214;215;219;226;235;248;263;282;303;327;353;383;415;451;489;530;573;620;669;721;776;833;893;956;1022;1090;1161;1234;1309;1387;1467;1549;1633;1718;1805;1893;1982;2072;2162;2253;2343;2433;2522;2610;2697;2782;2866;2949;3031;3113;3194;;;;;;;;;;;;;;;;;;;;;;
0.000;;;;;;;;;;;;;;;;;;;;;;;;;;;2638;2555;2470;2385;2298;2211;2123;2034;1946;1858;1770;1684;1598;1514;1432;1351;1273;1197;1123;1052;983;917;854;793;736;681;630;581;535;492;453;416;382;351;323;297;275;256;240;226;215;208;203;201;202;206;213;222;235;250;268;289;313;340;370;402;438;476;517;561;608;657;710;765;823;884;948;1014;1083;1155;1229;1305;1384;1465;1548;1633;1720;1808;1897;1987;2078;2169;2260;2351;2441;2531;2619;2706;2792;2876;2959;3040;3120;3201;;;;;;;;;;;;;;;;;;;;;;
-0.100;;;;;;;;;;;;;;;;;;;;;;;;;;;2652;2568;2483;2397;2310;2221;2132;2043;1953;1864;1775;1688;1601;1516;1432;1351;1271;1194;1120;1048;978;911;848;787;729;674;622;573;527;484;444;407;372;341;313;288;266;246;230;216;205;198;193;191;191;195;202;211;223;239;257;278;302;329;358;391;426;465;506;550;597;648;700;756;815;877;941;1008;1078;1150;1226;1303;1383;1465;1549;1635;1723;1812;1903;1994;2086;2178;2270;2362;2453;2543;2632;2719;2805;2889;2971;3051;3131;3209;;;;;;;;;;;;;;;;;;;;;;
-0.200;;;;;;;;;;;;;;;;;;;;;;;;;;;2666;2583;2497;2411;2323;2234;2144;2054;1963;1873;1783;1694;1607;1520;1436;1353;1273;1195;1119;1046;976;909;844;783;724;669;617;567;521;478;437;400;366;335;306;281;258;239;222;209;198;190;185;182;183;187;193;202;215;230;248;269;292;319;349;382;417;456;497;542;589;640;693;749;809;871;936;1004;1075;1148;1224;1303;1384;1467;1553;1640;1729;1819;1911;2003;2096;2190;2283;2376;2467;2558;2647;2735;2821;2904;2986;3066;3144;3221;;;;;;;;;;;;;;;;;;;;;;
-0.300;;;;;;;;;;;;;;;;;;;;;;;;;;;2681;2598;2512;2426;2337;2248;2157;2066;1975;1884;1793;1703;1615;1528;1442;1358;1277;1198;1122;1048;977;909;844;782;723;667;614;565;518;475;434;397;362;331;302;277;254;234;218;204;193;185;179;177;177;181;187;196;208;223;241;262;285;312;342;374;410;449;490;535;583;633;687;744;804;867;933;1001;1073;1148;1225;1304;1387;1471;1558;1646;1737;1829;1921;2015;2110;2204;2298;2392;2485;2576;2666;2754;2840;2923;3004;3083;3160;3236;;;;;;;;;;;;;;;;;;;;;;
-0.400;;;;;;;;;;;;;;;;;;;;;;;;;;;2697;2614;2529;2442;2354;2264;2173;2082;1990;1898;1806;1716;1626;1538;1451;1367;1285;1205;1128;1053;981;913;847;784;725;669;615;565;518;474;434;396;361;330;301;275;253;233;216;202;191;182;177;174;174;178;184;192;204;219;236;257;281;307;337;369;405;443;485;530;578;629;683;741;801;865;931;1001;1073;1149;1227;1308;1392;1477;1565;1655;1747;1840;1934;2030;2125;2221;2317;2411;2505;2597;2688;2776;2862;2945;3026;3104;3180;3254;;;;;;;;;;;;;;;;;;;;;;
-0.500;;;;;;;;;;;;;;;;;;;;;;;;;;;2712;2630;2546;2460;2372;2282;2191;2099;2007;1914;1822;1731;1640;1551;1464;1379;1296;1215;1137;1061;989;920;853;790;730;673;620;569;522;478;437;399;364;332;303;277;254;234;217;203;191;183;177;174;174;177;183;191;203;217;235;255;278;304;334;366;402;440;482;527;575;627;681;739;800;864;932;1002;1076;1152;1232;1314;1398;1486;1575;1666;1760;1854;1950;2047;2144;2241;2337;2433;2528;2621;2713;2801;2887;2971;3051;3128;3203;3276;;;;;;;;;;;;;;;;;;;;;;
-0.600;;;;;;;;;;;;;;;;;;;;;;;;;;;2728;2648;2565;2479;2392;2302;2211;2120;2027;1934;1841;1749;1658;1568;1480;1394;1310;1229;1150;1074;1000;930;863;800;739;682;628;577;529;484;443;405;370;337;308;282;259;239;221;207;195;186;180;177;177;179;185;193;204;218;235;255;278;304;334;366;401;440;482;527;575;627;682;740;802;866;934;1006;1080;1158;1238;1321;1407;1496;1587;1680;1774;1870;1968;2066;2164;2263;2361;2458;2554;2648;2740;2830;2916;2999;3079;3156;3230;3301;;;;;;;;;;;;;;;;;;;;;;
-0.700;;;;;;;;;;;;;;;;;;;;;;;;;;;2745;2666;2585;2500;2414;2325;2234;2142;2050;1957;1863;1771;1679;1589;1500;1413;1328;1246;1166;1090;1016;945;877;813;752;694;639;588;540;495;453;414;379;346;317;291;267;246;229;214;202;193;186;183;182;184;189;197;208;222;239;258;281;307;336;368;403;442;484;529;577;629;684;743;805;870;939;1011;1087;1165;1247;1331;1419;1508;1601;1695;1791;1889;1988;2088;2188;2288;2387;2486;2583;2678;2771;2861;2948;3031;3111;3187;3260;3330;;;;;;;;;;;;;;;;;;;;;;
-0.800;;;;;;;;;;;;;;;;;;;;;;;;;;;2763;2686;2606;2523;2437;2349;2259;2168;2075;1982;1889;1796;1704;1613;1523;1436;1350;1267;1187;1109;1035;963;895;830;768;710;655;603;554;509;467;428;392;359;329;302;279;258;240;224;212;203;196;192;191;193;197;205;215;229;245;264;287;312;341;373;408;446;488;533;582;634;689;748;811;877;946;1019;1095;1175;1258;1343;1432;1523;1617;1713;1811;1910;2010;2112;2213;2315;2416;2516;2614;2711;2804;2895;2982;3066;3146;3222;3294;3362;;;;;;;;;;;;;;;;;;;;;;
-0.900;;;;;;;;;;;;;;;;;;;;;;;;;;;2780;2706;2628;2547;2463;2376;2287;2196;2104;2011;1918;1824;1732;1641;1551;1462;1376;1293;1212;1133;1058;986;917;851;789;730;674;622;573;527;484;445;408;375;345;318;294;273;254;239;226;216;209;204;203;204;208;215;225;238;254;273;295;320;349;380;415;453;495;540;589;641;697;756;819;886;956;1029;1107;1187;1271;1358;1448;1540;1635;1733;1832;1933;2035;2138;2241;2344;2447;2548;2648;2746;2840;2932;3020;3104;3184;3259;3331;3398;;;;;;;;;;;;;;;;;;;;;;
-1.000;;;;;;;;;;;;;;;;;;;;;;;;;;;2799;2727;2651;2572;2490;2405;2317;2227;2135;2043;1950;1856;1764;1672;1582;1493;1407;1322;1240;1162;1086;1013;943;877;814;754;698;645;595;549;506;466;429;395;365;337;313;291;272;256;243;233;225;220;218;219;223;229;239;251;267;285;307;331;359;391;425;463;505;550;599;651;707;767;830;897;968;1042;1120;1202;1286;1374;1466;1560;1656;1755;1856;1958;2062;2167;2272;2376;2480;2583;2684;2783;2879;2971;3060;3145;3225;3300;3371;3438;;;;;;;;;;;;;;;;;;;;;;
-1.100;;;;;;;;;;;;;;;;;;;;;;;;;;;2818;2749;2676;2599;2519;2435;2349;2260;2169;2077;1985;1892;1799;1707;1617;1528;1441;1356;1274;1194;1117;1044;973;906;843;782;726;672;622;575;531;491;454;420;389;361;335;313;294;278;264;253;245;240;237;237;241;247;256;267;282;300;321;346;373;404;439;476;518;563;611;664;720;780;844;911;982;1058;1136;1219;1304;1394;1486;1581;1679;1779;1882;1986;2091;2197;2304;2410;2516;2620;2723;2823;2920;3013;3103;3188;3268;3344;3415;3481;;;;;;;;;;;;;;;;;;;;;;
-1.200;;;;;;;;;;;;;;;;;;;;;;;;;;;;2772;2702;2628;2550;2468;2383;2296;2206;2115;2023;1931;1838;1746;1656;1566;1479;1394;1311;1231;1153;1079;1008;941;876;815;758;703;653;605;561;520;482;448;416;388;362;339;320;303;288;277;269;263;260;259;262;268;276;287;302;319;340;364;391;421;455;493;534;579;627;680;736;796;860;928;1000;1076;1155;1238;1325;1415;1509;1605;1705;1806;1910;2016;2122;2230;2338;2446;2553;2659;2763;2864;2962;3057;3147;3233;3314;3390;3461;3527;;;;;;;;;;;;;;;;;;;;;;
-1.300;;;;;;;;;;;;;;;;;;;;;;;;;;;;2797;2730;2658;2583;2503;2420;2334;2246;2156;2065;1973;1881;1789;1698;1609;1521;1435;1352;1271;1194;1119;1047;979;914;852;794;739;688;640;595;554;515;480;448;419;393;370;349;332;317;305;296;290;286;285;287;292;300;311;325;341;362;385;412;442;475;513;554;598;647;699;755;816;880;948;1021;1097;1177;1261;1349;1440;1534;1632;1732;1835;1940;2047;2156;2265;2374;2484;2592;2700;2805;2907;3007;3103;3194;3281;3363;3439;3510;;;;;;;;;;;;;;;;;;;;;;;
-1.400;;;;;;;;;;;;;;;;;;;;;;;;;;;;2822;2758;2690;2617;2540;2459;2375;2289;2200;2109;2018;1927;1835;1745;1655;1567;1481;1398;1317;1238;1163;1091;1022;956;894;835;779;727;679;633;591;552;516;484;454;427;404;383;365;349;337;327;320;316;315;316;320;328;338;351;368;387;410;436;466;499;536;577;621;670;722;778;839;903;972;1044;1121;1202;1286;1375;1467;1562;1661;1762;1867;1973;2081;2191;2301;2412;2523;2633;2742;2848;2952;3053;3150;3242;3330;3413;3490;3562;;;;;;;;;;;;;;;;;;;;;;;
-1.500;;;;;;;;;;;;;;;;;;;;;;;;;;;;2849;2788;2723;2653;2579;2500;2418;2333;2246;2157;2067;1976;1885;1795;1705;1617;1531;1447;1366;1287;1211;1138;1069;1002;940;880;824;771;722;676;633;593;557;524;493;466;442;420;402;386;373;362;355;350;348;349;353;359;369;382;398;417;439;465;494;527;563;604;648;696;748;805;865;930;999;1072;1149;1230;1315;1404;1497;1593;1693;1795;1900;2008;2117;2228;2340;2452;2564;2675;2785;2893;2998;3100;3198;3292;3380;3464;3543;3616;;;;;;;;;;;;;;;;;;;;;;;
-1.600;;;;;;;;;;;;;;;;;;;;;;;;;;;;;2820;2758;2691;2619;2543;2463;2380;2295;2207;2118;2028;1938;1848;1759;1671;1585;1501;1419;1340;1264;1190;1120;1053;990;929;873;819;769;722;679;639;602;568;537;509;484;462;443;426;413;402;393;388;386;386;389;395;404;416;432;450;472;497;526;559;595;635;679;727;779;835;895;960;1029;1102;1180;1261;1347;1436;1530;1627;1727;1830;1936;2045;2155;2267;2380;2493;2606;2718;2829;2938;3045;3148;3247;3342;3432;3517;3597;3671;;;;;;;;;;;;;;;;;;;;;;;
-1.700;;;;;;;;;;;;;;;;;;;;;;;;;;;;;2853;2794;2730;2661;2588;2511;2430;2346;2260;2172;2083;1994;1905;1816;1728;1642;1558;1476;1397;1320;1246;1175;1108;1044;983;925;871;821;773;729;688;651;616;584;556;530;508;488;471;456;445;436;430;427;427;429;435;443;455;470;488;509;534;562;595;630;670;714;761;813;869;930;994;1063;1137;1214;1296;1382;1472;1566;1663;1764;1868;1975;2084;2195;2307;2421;2535;2649;2763;2874;2984;3092;3196;3296;3393;3484;3571;3652;;;;;;;;;;;;;;;;;;;;;;;;
-1.800;;;;;;;;;;;;;;;;;;;;;;;;;;;;;;2831;2770;2705;2634;2559;2481;2399;2315;2229;2141;2053;1964;1876;1789;1703;1619;1537;1457;1380;1306;1235;1167;1102;1040;982;928;876;828;783;742;703;668;636;607;581;557;537;519;504;492;483;476;473;472;474;479;487;498;512;530;551;575;603;635;670;710;753;800;852;908;968;1033;1102;1175;1253;1335;1421;1511;1605;1703;1804;1908;2015;2125;2237;2350;2464;2579;2693;2807;2920;3031;3139;3245;3346;3444;3536;3625;3708;;;;;;;;;;;;;;;;;;;;;;;;
-1.900;;;;;;;;;;;;;;;;;;;;;;;;;;;;;;2870;2812;2750;2682;2610;2534;2454;2372;2288;2201;2114;2027;1940;1853;1767;1683;1601;1521;1444;1370;1298;1229;1164;1102;1043;988;936;887;842;799;760;724;692;662;635;611;590;572;556;544;534;527;523;521;523;527;535;545;559;576;597;621;648;680;715;754;797;844;895;951;1011;1075;1144;1217;1295;1377;1463;1553;1647;1745;1846;1951;2058;2168;2280;2393;2508;2623;2738;2853;2966;3078;3187;3293;3396;3494;3589;3679;;;;;;;;;;;;;;;;;;;;;;;;;
-2.000;;;;;;;;;;;;;;;;;;;;;;;;;;;;;;2911;2856;2796;2731;2662;2588;2511;2431;2348;2264;2178;2092;2005;1919;1834;1751;1669;1589;1512;1437;1365;1296;1230;1168;1108;1052;999;950;904;861;821;785;751;721;693;669;647;628;612;599;589;581;577;575;576;580;587;597;611;627;647;671;698;729;764;803;845;892;943;999;1058;1123;1191;1264;1341;1423;1509;1599;1693;1791;1892;1996;2104;2213;2325;2439;2553;2668;2784;2898;3012;3124;3234;3341;3444;3544;3640;3732;;;;;;;;;;;;;;;;;;;;;;;;;
-2.100;;;;;;;;;;;;;;;;;;;;;;;;;;;;;;;2901;2844;2782;2715;2644;2570;2492;2411;2328;2244;2159;2074;1989;1904;1821;1740;1660;1582;1507;1435;1366;1300;1237;1177;1120;1067;1017;970;926;886;849;815;784;756;730;708;689;672;659;648;640;635;633;633;637;644;653;666;683;703;726;753;783;818;856;899;945;996;1051;1110;1174;1242;1315;1392;1474;1559;1649;1742;1840;1940;2044;2151;2261;2372;2485;2599;2714;2829;2944;3058;3170;3280;3388;3492;3594;3691;3786;;;;;;;;;;;;;;;;;;;;;;;;;
-2.200;;;;;;;;;;;;;;;;;;;;;;;;;;;;;;;2947;2893;2833;2770;2701;2629;2554;2475;2394;2312;2228;2144;2060;1977;1894;1813;1734;1656;1581;1509;1439;1373;1309;1249;1192;1138;1087;1040;995;954;917;882;850;822;796;773;753;736;722;711;703;697;695;695;698;705;714;727;743;763;785;812;842;877;915;957;1003;1053;1108;1167;1231;1299;1371;1447;1528;1613;1702;1795;1892;1992;2095;2201;2310;2421;2533;2647;2761;2875;2990;3103;3215;3326;3434;3539;3642;3741;;;;;;;;;;;;;;;;;;;;;;;;;;
-2.300;;;;;;;;;;;;;;;;;;;;;;;;;;;;;;;;2943;2886;2825;2759;2690;2617;2541;2462;2381;2300;2217;2134;2052;1970;1889;1810;1733;1658;1586;1516;1449;1385;1324;1266;1212;1161;1113;1068;1026;988;953;920;891;865;842;822;804;790;778;769;764;761;761;764;770;779;792;808;827;850;876;906;940;978;1020;1066;1116;1170;1229;1292;1359;1431;1507;1587;1671;1759;1851;1947;2046;2148;2253;2361;2471;2582;2694;2808;2921;3035;3148;3260;3370;3478;3584;3688;;;;;;;;;;;;;;;;;;;;;;;;;;;
-2.400;;;;;;;;;;;;;;;;;;;;;;;;;;;;;;;;;2940;2881;2818;2751;2681;2607;2531;2452;2372;2291;2210;2128;2047;1968;1889;1812;1738;1665;1595;1528;1464;1403;1345;1290;1238;1189;1144;1102;1063;1027;994;965;938;914;894;876;861;849;840;834;831;831;834;840;849;862;877;897;919;946;976;1009;1047;1088;1134;1184;1238;1296;1358;1425;1496;1571;1650;1733;1820;1911;2006;2104;2204;2308;2414;2522;2632;2743;2855;2967;3080;3192;3303;3413;3521;3628;3733;;;;;;;;;;;;;;;;;;;;;;;;;;;
-2.500;;;;;;;;;;;;;;;;;;;;;;;;;;;;;;;;;2995;2939;2878;2814;2746;2674;2600;2524;2446;2367;2287;2207;2127;2048;1970;1894;1820;1748;1678;1610;1546;1484;1426;1371;1318;1269;1223;1181;1141;1105;1072;1041;1014;990;969;951;936;924;915;909;906;905;908;914;924;936;952;971;994;1020;1050;1083;1121;1162;1207;1257;1310;1368;1430;1495;1565;1640;1718;1800;1886;1975;2068;2164;2263;2365;2469;2575;2683;2792;2902;3013;3124;3234;3344;3454;3562;3670;;;;;;;;;;;;;;;;;;;;;;;;;;;;
-2.600;;;;;;;;;;;;;;;;;;;;;;;;;;;;;;;;;;2997;2939;2877;2811;2742;2671;2597;2521;2444;2365;2287;2208;2131;2054;1978;1904;1832;1763;1695;1631;1569;1510;1454;1402;1352;1306;1263;1223;1186;1152;1122;1094;1070;1048;1030;1015;1003;993;987;984;984;987;993;1002;1015;1031;1050;1073;1099;1129;1162;1200;1241;1286;1335;1388;1445;1506;1571;1640;1713;1790;1870;1955;2042;2133;2227;2324;2424;2526;2630;2735;2842;2950;3058;3167;3276;3385;3493;3602;3710;;;;;;;;;;;;;;;;;;;;;;;;;;;;
-2.700;;;;;;;;;;;;;;;;;;;;;;;;;;;;;;;;;;;3000;2940;2877;2811;2742;2670;2596;2521;2445;2368;2291;2215;2139;2064;1991;1919;1850;1783;1718;1656;1597;1541;1488;1438;1391;1348;1307;1270;1236;1205;1177;1153;1131;1113;1097;1085;1076;1069;1066;1066;1069;1076;1085;1098;1114;1134;1156;1183;1213;1246;1284;1325;1370;1418;1471;1527;1587;1651;1719;1791;1866;1945;2028;2113;2202;2294;2388;2485;2584;2685;2788;2892;2997;3103;3209;3316;3424;3531;3639;;;;;;;;;;;;;;;;;;;;;;;;;;;;;
-2.800;;;;;;;;;;;;;;;;;;;;;;;;;;;;;;;;;;;;3004;2943;2879;2813;2744;2673;2600;2526;2451;2376;2300;2226;2152;2079;2009;1940;1873;1808;1746;1687;1631;1577;1527;1480;1436;1395;1357;1323;1292;1264;1239;1217;1198;1183;1171;1161;1155;1152;1153;1156;1163;1172;1186;1202;1222;1245;1272;1302;1335;1373;1414;1458;1507;1559;1614;1674;1737;1803;1874;1947;2024;2105;2188;2274;2363;2455;2549;2645;2742;2842;2943;3044;3147;3251;3356;3461;3567;;;;;;;;;;;;;;;;;;;;;;;;;;;;;;
-2.900;;;;;;;;;;;;;;;;;;;;;;;;;;;;;;;;;;;;;3010;2949;2885;2818;2749;2679;2607;2534;2461;2387;2314;2242;2170;2100;2031;1965;1901;1839;1779;1723;1669;1619;1571;1527;1485;1447;1413;1381;1353;1328;1306;1287;1272;1260;1251;1245;1242;1243;1247;1254;1264;1277;1294;1314;1338;1365;1396;1429;1467;1508;1552;1600;1652;1707;1765;1827;1892;1961;2033;2108;2186;2266;2350;2436;2524;2614;2707;2801;2896;2993;3092;3191;3292;3394;3497;;;;;;;;;;;;;;;;;;;;;;;;;;;;;;;
-3.000;;;;;;;;;;;;;;;;;;;;;;;;;;;;;;;;;;;;;3077;3018;2957;2893;2827;2759;2689;2619;2547;2476;2404;2333;2262;2193;2125;2059;1995;1934;1874;1818;1764;1713;1665;1620;1579;1541;1505;1474;1445;1420;1398;1379;1364;1352;1343;1338;1335;1336;1341;1348;1359;1373;1391;1411;1436;1463;1494;1528;1566;1607;1651;1699;1750;1804;1861;1922;1986;2053;2123;2195;2271;2348;2429;2511;2596;2682;2771;2861;2952;3045;3139;3235;3332;3431;;;;;;;;;;;;;;;;;;;;;;;;;;;;;;;;
-3.100;;;;;;;;;;;;;;;;;;;;;;;;;;;;;;;;;;;;;;3088;3029;2967;2904;2839;2772;2704;2635;2565;2495;2426;2357;2288;2221;2156;2092;2031;1972;1915;1861;1810;1762;1717;1675;1636;1601;1569;1540;1515;1493;1474;1459;1447;1439;1434;1432;1433;1438;1446;1458;1473;1491;1513;1537;1565;1597;1631;1669;1710;1754;1802;1852;1906;1963;2022;2084;2149;2217;2287;2359;2434;2511;2590;2670;2752;2836;2922;3008;3097;3187;3278;3371;3467;;;;;;;;;;;;;;;;;;;;;;;;;;;;;;;;
-3.200;;;;;;;;;;;;;;;;;;;;;;;;;;;;;;;;;;;;;;;3101;3043;2982;2920;2856;2790;2723;2656;2588;2520;2453;2386;2320;2255;2192;2131;2072;2015;1961;1910;1861;1816;1774;1735;1699;1667;1638;1613;1591;1572;1557;1546;1537;1533;1532;1534;1539;1548;1561;1576;1595;1617;1643;1672;1704;1739;1777;1818;1863;1910;1960;2013;2068;2126;2187;2250;2315;2382;2452;2523;2596;2671;2747;2825;2904;2984;3066;3149;3234;3321;;;;;;;;;;;;;;;;;;;;;;;;;;;;;;;;;;
-3.300;;;;;;;;;;;;;;;;;;;;;;;;;;;;;;;;;;;;;;;;;3060;3001;2940;2877;2813;2748;2682;2616;2550;2485;2420;2356;2294;2233;2174;2118;2064;2012;1964;1918;1876;1837;1801;1768;1739;1713;1691;1673;1658;1647;1639;1635;1634;1637;1643;1653;1666;1683;1703;1726;1752;1782;1815;1850;1889;1931;1975;2022;2072;2124;2178;2235;2294;2355;2417;2482;2548;2615;2684;2755;2826;2899;2973;3048;3124;3203;3283;;;;;;;;;;;;;;;;;;;;;;;;;;;;;;;;;;;
-3.400;;;;;;;;;;;;;;;;;;;;;;;;;;;;;;;;;;;;;;;;;;3082;3024;2965;2904;2841;2778;2714;2650;2586;2523;2460;2398;2338;2280;2223;2169;2118;2069;2023;1980;1941;1905;1872;1843;1817;1795;1776;1762;1751;1743;1740;1740;1743;1750;1761;1775;1793;1814;1838;1865;1896;1929;1966;2005;2047;2091;2138;2188;2239;2292;2348;2405;2463;2523;2585;2648;2711;2776;2842;2908;2976;3044;3114;3185;3257;;;;;;;;;;;;;;;;;;;;;;;;;;;;;;;;;;;;
-3.500;;;;;;;;;;;;;;;;;;;;;;;;;;;;;;;;;;;;;;;;;;;3110;3053;2995;2936;2875;2814;2752;2690;2628;2566;2505;2446;2388;2332;2278;2226;2177;2131;2088;2048;2011;1978;1949;1923;1901;1882;1868;1857;1850;1847;1848;1852;1860;1872;1887;1905;1928;1953;1981;2013;2047;2085;2124;2167;2211;2258;2307;2358;2410;2464;2519;2576;2633;2691;2751;2810;2870;2931;2993;3055;3117;3181;3246;;;;;;;;;;;;;;;;;;;;;;;;;;;;;;;;;;;;;
-3.600;;;;;;;;;;;;;;;;;;;;;;;;;;;;;;;;;;;;;;;;;;;;;3088;3032;2974;2916;2856;2796;2735;2675;2616;2557;2499;2444;2390;2338;2289;2242;2199;2158;2121;2088;2058;2032;2009;1991;1977;1966;1959;1957;1958;1963;1972;1985;2001;2021;2044;2070;2100;2133;2168;2206;2247;2290;2335;2382;2430;2481;2532;2584;2638;2692;2746;2801;2857;2912;2968;3024;3080;3136;3193;3251;;;;;;;;;;;;;;;;;;;;;;;;;;;;;;;;;;;;;;
-3.700;;;;;;;;;;;;;;;;;;;;;;;;;;;;;;;;;;;;;;;;;;;;;;3130;3075;3020;2963;2905;2846;2787;2729;2671;2614;2559;2505;2453;2403;2357;2313;2272;2234;2200;2170;2143;2121;2102;2088;2077;2071;2069;2071;2076;2086;2100;2117;2138;2163;2190;2221;2255;2292;2331;2372;2416;2461;2508;2557;2606;2657;2708;2759;2811;2863;2915;2966;3017;3068;3119;3170;3220;;;;;;;;;;;;;;;;;;;;;;;;;;;;;;;;;;;;;;;;
-3.800;;;;;;;;;;;;;;;;;;;;;;;;;;;;;;;;;;;;;;;;;;;;;;;;3126;3072;3016;2960;2903;2846;2789;2733;2678;2624;2572;2522;2475;2430;2389;2350;2316;2285;2258;2235;2216;2201;2191;2185;2183;2185;2192;2202;2217;2235;2258;2283;2312;2345;2380;2417;2458;2500;2544;2590;2637;2686;2735;2784;2834;2884;2933;2982;3031;3079;3126;3172;3218;3263;;;;;;;;;;;;;;;;;;;;;;;;;;;;;;;;;;;;;;;;;
-3.900;;;;;;;;;;;;;;;;;;;;;;;;;;;;;;;;;;;;;;;;;;;;;;;;;;3131;3077;3022;2966;2911;2855;2800;2747;2695;2644;2597;2551;2509;2470;2435;2403;2375;2352;2332;2317;2307;2301;2299;2302;2309;2320;2336;2355;2379;2406;2436;2469;2506;2545;2586;2630;2675;2721;2769;2817;2866;2914;2963;3011;3058;3105;3150;3194;3237;3279;;;;;;;;;;;;;;;;;;;;;;;;;;;;;;;;;;;;;;;;;;;
-4.000;;;;;;;;;;;;;;;;;;;;;;;;;;;;;;;;;;;;;;;;;;;;;;;;;;;;3145;3091;3037;2982;2928;2874;2822;2771;2723;2677;2634;2594;2557;2525;2496;2472;2452;2436;2425;2419;2417;2420;2428;2440;2456;2476;2501;2529;2561;2595;2633;2673;2716;2761;2807;2854;2902;2950;2998;3047;3094;3141;3186;3230;3272;3313;;;;;;;;;;;;;;;;;;;;;;;;;;;;;;;;;;;;;;;;;;;;;
-4.100;;;;;;;;;;;;;;;;;;;;;;;;;;;;;;;;;;;;;;;;;;;;;;;;;;;;;;3167;3114;3060;3006;2954;2903;2853;2806;2762;2721;2683;2650;2620;2594;2573;2557;2545;2539;2537;2540;2548;2560;2577;2598;2624;2653;2686;2722;2761;2803;2847;2892;2939;2987;3036;3085;3133;3181;3227;3272;3316;3358;;;;;;;;;;;;;;;;;;;;;;;;;;;;;;;;;;;;;;;;;;;;;;;
-4.200;;;;;;;;;;;;;;;;;;;;;;;;;;;;;;;;;;;;;;;;;;;;;;;;;;;;;;;;;3144;3091;3039;2989;2941;2895;2853;2814;2778;2747;2720;2698;2681;2668;2661;2658;2661;2669;2681;2699;2721;2747;2778;2812;2849;2889;2933;2978;3025;3073;3122;3171;3220;3269;3316;3362;;;;;;;;;;;;;;;;;;;;;;;;;;;;;;;;;;;;;;;;;;;;;;;;;;
-4.300;;;;;;;;;;;;;;;;;;;;;;;;;;;;;;;;;;;;;;;;;;;;;;;;;;;;;;;;;;;;;3080;3033;2989;2948;2911;2878;2849;2825;2807;2793;2784;2781;2783;2791;2804;2821;2844;2871;2902;2937;2976;3018;3062;3109;3157;3206;3256;3306;3356;;;;;;;;;;;;;;;;;;;;;;;;;;;;;;;;;;;;;;;;;;;;;;;;;;;;;
-4.400;;;;;;;;;;;;;;;;;;;;;;;;;;;;;;;;;;;;;;;;;;;;;;;;;;;;;;;;;;;;;;;;;3048;3012;2982;2956;2935;2920;2910;2906;2907;2914;2926;2944;2966;2994;3026;3062;3102;3145;3191;3239;;;;;;;;;;;;;;;;;;;;;;;;;;;;;;;;;;;;;;;;;;;;;;;;;;;;;;;;;;
-4.500;;;;;;;;;;;;;;;;;;;;;;;;;;;;;;;;;;;;;;;;;;;;;;;;;;;;;;;;;;;;;;;;;;;;;;;;;;;;;;;;;;;;;;;;;;;;;;;;;;;;;;;;;;;;;;;;;;;;;;;;;;;;;;;;;;;;;;;;;;;;;;
-4.600;;;;;;;;;;;;;;;;;;;;;;;;;;;;;;;;;;;;;;;;;;;;;;;;;;;;;;;;;;;;;;;;;;;;;;;;;;;;;;;;;;;;;;;;;;;;;;;;;;;;;;;;;;;;;;;;;;;;;;;;;;;;;;;;;;;;;;;;;;;;;;
-4.700;;;;;;;;;;;;;;;;;;;;;;;;;;;;;;;;;;;;;;;;;;;;;;;;;;;;;;;;;;;;;;;;;;;;;;;;;;;;;;;;;;;;;;;;;;;;;;;;;;;;;;;;;;;;;;;;;;;;;;;;;;;;;;;;;;;;;;;;;;;;;;
-4.800;;;;;;;;;;;;;;;;;;;;;;;;;;;;;;;;;;;;;;;;;;;;;;;;;;;;;;;;;;;;;;;;;;;;;;;;;;;;;;;;;;;;;;;;;;;;;;;;;;;;;;;;;;;;;;;;;;;;;;;;;;;;;;;;;;;;;;;;;;;;;;
-4.900;;;;;;;;;;;;;;;;;;;;;;;;;;;;;;;;;;;;;;;;;;;;;;;;;;;;;;;;;;;;;;;;;;;;;;;;;;;;;;;;;;;;;;;;;;;;;;;;;;;;;;;;;;;;;;;;;;;;;;;;;;;;;;;;;;;;;;;;;;;;;;
-5.000;;;;;;;;;;;;;;;;;;;;;;;;;;;;;;;;;;;;;;;;;;;;;;;;;;;;;;;;;;;;;;;;;;;;;;;;;;;;;;;;;;;;;;;;;;;;;;;;;;;;;;;;;;;;;;;;;;;;;;;;;;;;;;;;;;;;;;;;;;;;;;
-5.100;;;;;;;;;;;;;;;;;;;;;;;;;;;;;;;;;;;;;;;;;;;;;;;;;;;;;;;;;;;;;;;;;;;;;;;;;;;;;;;;;;;;;;;;;;;;;;;;;;;;;;;;;;;;;;;;;;;;;;;;;;;;;;;;;;;;;;;;;;;;;;
-5.200;;;;;;;;;;;;;;;;;;;;;;;;;;;;;;;;;;;;;;;;;;;;;;;;;;;;;;;;;;;;;;;;;;;;;;;;;;;;;;;;;;;;;;;;;;;;;;;;;;;;;;;;;;;;;;;;;;;;;;;;;;;;;;;;;;;;;;;;;;;;;;
-5.300;;;;;;;;;;;;;;;;;;;;;;;;;;;;;;;;;;;;;;;;;;;;;;;;;;;;;;;;;;;;;;;;;;;;;;;;;;;;;;;;;;;;;;;;;;;;;;;;;;;;;;;;;;;;;;;;;;;;;;;;;;;;;;;;;;;;;;;;;;;;;;
-5.400;;;;;;;;;;;;;;;;;;;;;;;;;;;;;;;;;;;;;;;;;;;;;;;;;;;;;;;;;;;;;;;;;;;;;;;;;;;;;;;;;;;;;;;;;;;;;;;;;;;;;;;;;;;;;;;;;;;;;;;;;;;;;;;;;;;;;;;;;;;;;;
-5.500;;;;;;;;;;;;;;;;;;;;;;;;;;;;;;;;;;;;;;;;;;;;;;;;;;;;;;;;;;;;;;;;;;;;;;;;;;;;;;;;;;;;;;;;;;;;;;;;;;;;;;;;;;;;;;;;;;;;;;;;;;;;;;;;;;;;;;;;;;;;;;
-5.600;;;;;;;;;;;;;;;;;;;;;;;;;;;;;;;;;;;;;;;;;;;;;;;;;;;;;;;;;;;;;;;;;;;;;;;;;;;;;;;;;;;;;;;;;;;;;;;;;;;;;;;;;;;;;;;;;;;;;;;;;;;;;;;;;;;;;;;;;;;;;;
-5.700;;;;;;;;;;;;;;;;;;;;;;;;;;;;;;;;;;;;;;;;;;;;;;;;;;;;;;;;;;;;;;;;;;;;;;;;;;;;;;;;;;;;;;;;;;;;;;;;;;;;;;;;;;;;;;;;;;;;;;;;;;;;;;;;;;;;;;;;;;;;;;
-5.800;;;;;;;;;;;;;;;;;;;;;;;;;;;;;;;;;;;;;;;;;;;;;;;;;;;;;;;;;;;;;;;;;;;;;;;;;;;;;;;;;;;;;;;;;;;;;;;;;;;;;;;;;;;;;;;;;;;;;;;;;;;;;;;;;;;;;;;;;;;;;;
-5.900;;;;;;;;;;;;;;;;;;;;;;;;;;;;;;;;;;;;;;;;;;;;;;;;;;;;;;;;;;;;;;;;;;;;;;;;;;;;;;;;;;;;;;;;;;;;;;;;;;;;;;;;;;;;;;;;;;;;;;;;;;;;;;;;;;;;;;;;;;;;;;
-6.000;;;;;;;;;;;;;;;;;;;;;;;;;;;;;;;;;;;;;;;;;;;;;;;;;;;;;;;;;;;;;;;;;;;;;;;;;;;;;;;;;;;;;;;;;;;;;;;;;;;;;;;;;;;;;;;;;;;;;;;;;;;;;;;;;;;;;;;;;;;;;;
-6.100;;;;;;;;;;;;;;;;;;;;;;;;;;;;;;;;;;;;;;;;;;;;;;;;;;;;;;;;;;;;;;;;;;;;;;;;;;;;;;;;;;;;;;;;;;;;;;;;;;;;;;;;;;;;;;;;;;;;;;;;;;;;;;;;;;;;;;;;;;;;;;
-6.200;;;;;;;;;;;;;;;;;;;;;;;;;;;;;;;;;;;;;;;;;;;;;;;;;;;;;;;;;;;;;;;;;;;;;;;;;;;;;;;;;;;;;;;;;;;;;;;;;;;;;;;;;;;;;;;;;;;;;;;;;;;;;;;;;;;;;;;;;;;;;;
-6.300;;;;;;;;;;;;;;;;;;;;;;;;;;;;;;;;;;;;;;;;;;;;;;;;;;;;;;;;;;;;;;;;;;;;;;;;;;;;;;;;;;;;;;;;;;;;;;;;;;;;;;;;;;;;;;;;;;;;;;;;;;;;;;;;;;;;;;;;;;;;;;
-6.400;;;;;;;;;;;;;;;;;;;;;;;;;;;;;;;;;;;;;;;;;;;;;;;;;;;;;;;;;;;;;;;;;;;;;;;;;;;;;;;;;;;;;;;;;;;;;;;;;;;;;;;;;;;;;;;;;;;;;;;;;;;;;;;;;;;;;;;;;;;;;;
-6.500;;;;;;;;;;;;;;;;;;;;;;;;;;;;;;;;;;;;;;;;;;;;;;;;;;;;;;;;;;;;;;;;;;;;;;;;;;;;;;;;;;;;;;;;;;;;;;;;;;;;;;;;;;;;;;;;;;;;;;;;;;;;;;;;;;;;;;;;;;;;;;
-6.600;;;;;;;;;;;;;;;;;;;;;;;;;;;;;;;;;;;;;;;;;;;;;;;;;;;;;;;;;;;;;;;;;;;;;;;;;;;;;;;;;;;;;;;;;;;;;;;;;;;;;;;;;;;;;;;;;;;;;;;;;;;;;;;;;;;;;;;;;;;;;;
-6.700;;;;;;;;;;;;;;;;;;;;;;;;;;;;;;;;;;;;;;;;;;;;;;;;;;;;;;;;;;;;;;;;;;;;;;;;;;;;;;;;;;;;;;;;;;;;;;;;;;;;;;;;;;;;;;;;;;;;;;;;;;;;;;;;;;;;;;;;;;;;;;
-6.800;;;;;;;;;;;;;;;;;;;;;;;;;;;;;;;;;;;;;;;;;;;;;;;;;;;;;;;;;;;;;;;;;;;;;;;;;;;;;;;;;;;;;;;;;;;;;;;;;;;;;;;;;;;;;;;;;;;;;;;;;;;;;;;;;;;;;;;;;;;;;;
-6.900;;;;;;;;;;;;;;;;;;;;;;;;;;;;;;;;;;;;;;;;;;;;;;;;;;;;;;;;;;;;;;;;;;;;;;;;;;;;;;;;;;;;;;;;;;;;;;;;;;;;;;;;;;;;;;;;;;;;;;;;;;;;;;;;;;;;;;;;;;;;;;
-7.000;;;;;;;;;;;;;;;;;;;;;;;;;;;;;;;;;;;;;;;;;;;;;;;;;;;;;;;;;;;;;;;;;;;;;;;;;;;;;;;;;;;;;;;;;;;;;;;;;;;;;;;;;;;;;;;;;;;;;;;;;;;;;;;;;;;;;;;;;;;;;;
FRONT [mm];-7.000;-6.900;-6.800;-6.700;-6.600;-6.500;-6.400;-6.300;-6.200;-6.100;-6.000;-5.900;-5.800;-5.700;-5.600;-5.500;-5.400;-5.300;-5.200;-5.100;-5.000;-4.900;-4.800;-4.700;-4.600;-4.500;-4.400;-4.300;-4.200;-4.100;-4.000;-3.900;-3.800;-3.700;-3.600;-3.500;-3.400;-3.300;-3.200;-3.100;-3.000;-2.900;-2.800;-2.700;-2.600;-2.500;-2.400;-2.300;-2.200;-2.100;-2.000;-1.900;-1.800;-1.700;-1.600;-1.500;-1.400;-1.300;-1.200;-1.100;-1.000;-0.900;-0.800;-0.700;-0.600;-0.500;-0.400;-0.300;-0.200;-0.100;0.000;0.100;0.200;0.300;0.400;0.500;0.600;0.700;0.800;0.900;1.000;1.100;1.200;1.300;1.400;1.500;1.600;1.700;1.800;1.900;2.000;2.100;2.200;2.300;2.400;2.500;2.600;2.700;2.800;2.900;3.000;3.100;3.200;3.300;3.400;3.500;3.600;3.700;3.800;3.900;4.000;4.100;4.200;4.300;4.400;4.500;4.600;4.700;4.800;4.900;5.000;5.100;5.200;5.300;5.400;5.500;5.600;5.700;5.800;5.900;6.000;6.100;6.200;6.300;6.400;6.500;6.600;6.700;6.800;6.900;7.000;
7.000;;;;;;;;;;;;;;;;;;;;;;;;;;;;;;;;;;;;;;;;;;;;;;;;;;;;;;;;;;;;;;;;;;;;;;;;;;;;;;;;;;;;;;;;;;;;;;;;;;;;;;;;;;;;;;;;;;;;;;;;;;;;;;;;;;;;;;;;;;;;;;
6.900;;;;;;;;;;;;;;;;;;;;;;;;;;;;;;;;;;;;;;;;;;;;;;;;;;;;;;;;;;;;;;;;;;;;;;;;;;;;;;;;;;;;;;;;;;;;;;;;;;;;;;;;;;;;;;;;;;;;;;;;;;;;;;;;;;;;;;;;;;;;;;
6.800;;;;;;;;;;;;;;;;;;;;;;;;;;;;;;;;;;;;;;;;;;;;;;;;;;;;;;;;;;;;;;;;;;;;;;;;;;;;;;;;;;;;;;;;;;;;;;;;;;;;;;;;;;;;;;;;;;;;;;;;;;;;;;;;;;;;;;;;;;;;;;
6.700;;;;;;;;;;;;;;;;;;;;;;;;;;;;;;;;;;;;;;;;;;;;;;;;;;;;;;;;;;;;;;;;;;;;;;;;;;;;;;;;;;;;;;;;;;;;;;;;;;;;;;;;;;;;;;;;;;;;;;;;;;;;;;;;;;;;;;;;;;;;;;
6.600;;;;;;;;;;;;;;;;;;;;;;;;;;;;;;;;;;;;;;;;;;;;;;;;;;;;;;;;;;;;;;;;;;;;;;;;;;;;;;;;;;;;;;;;;;;;;;;;;;;;;;;;;;;;;;;;;;;;;;;;;;;;;;;;;;;;;;;;;;;;;;
6.500;;;;;;;;;;;;;;;;;;;;;;;;;;;;;;;;;;;;;;;;;;;;;;;;;;;;;;;;;;;;;;;;;;;;;;;;;;;;;;;;;;;;;;;;;;;;;;;;;;;;;;;;;;;;;;;;;;;;;;;;;;;;;;;;;;;;;;;;;;;;;;
6.400;;;;;;;;;;;;;;;;;;;;;;;;;;;;;;;;;;;;;;;;;;;;;;;;;;;;;;;;;;;;;;;;;;;;;;;;;;;;;;;;;;;;;;;;;;;;;;;;;;;;;;;;;;;;;;;;;;;;;;;;;;;;;;;;;;;;;;;;;;;;;;
6.300;;;;;;;;;;;;;;;;;;;;;;;;;;;;;;;;;;;;;;;;;;;;;;;;;;;;;;;;;;;;;;;;;;;;;;;;;;;;;;;;;;;;;;;;;;;;;;;;;;;;;;;;;;;;;;;;;;;;;;;;;;;;;;;;;;;;;;;;;;;;;;
6.200;;;;;;;;;;;;;;;;;;;;;;;;;;;;;;;;;;;;;;;;;;;;;;;;;;;;;;;;;;;;;;;;;;;;;;;;;;;;;;;;;;;;;;;;;;;;;;;;;;;;;;;;;;;;;;;;;;;;;;;;;;;;;;;;;;;;;;;;;;;;;;
6.100;;;;;;;;;;;;;;;;;;;;;;;;;;;;;;;;;;;;;;;;;;;;;;;;;;;;;;;;;;;;;;;;;;;;;;;;;;;;;;;;;;;;;;;;;;;;;;;;;;;;;;;;;;;;;;;;;;;;;;;;;;;;;;;;;;;;;;;;;;;;;;
6.000;;;;;;;;;;;;;;;;;;;;;;;;;;;;;;;;;;;;;;;;;;;;;;;;;;;;;;;;;;;;;;;;;;;;;;;;;;;;;;;;;;;;;;;;;;;;;;;;;;;;;;;;;;;;;;;;;;;;;;;;;;;;;;;;;;;;;;;;;;;;;;
5.900;;;;;;;;;;;;;;;;;;;;;;;;;;;;;;;;;;;;;;;;;;;;;;;;;;;;;;;;;;;;;;;;;;;;;;;;;;;;;;;;;;;;;;;;;;;;;;;;;;;;;;;;;;;;;;;;;;;;;;;;;;;;;;;;;;;;;;;;;;;;;;
5.800;;;;;;;;;;;;;;;;;;;;;;;;;;;;;;;;;;;;;;;;;;;;;;;;;;;;;;;;;;;;;;;;;;;;;;;;;;;;;;;;;;;;;;;;;;;;;;;;;;;;;;;;;;;;;;;;;;;;;;;;;;;;;;;;;;;;;;;;;;;;;;
5.700;;;;;;;;;;;;;;;;;;;;;;;;;;;;;;;;;;;;;;;;;;;;;;;;;;;;;;;;;;;;;;;;;;;;;;;;;;;;;;;;;;;;;;;;;;;;;;;;;;;;;;;;;;;;;;;;;;;;;;;;;;;;;;;;;;;;;;;;;;;;;;
5.600;;;;;;;;;;;;;;;;;;;;;;;;;;;;;;;;;;;;;;;;;;;;;;;;;;;;;;;;;;;;;;;;;;;;;;;;;;;;;;;;;;;;;;;;;;;;;;;;;;;;;;;;;;;;;;;;;;;;;;;;;;;;;;;;;;;;;;;;;;;;;;
5.500;;;;;;;;;;;;;;;;;;;;;;;;;;;;;;;;;;;;;;;;;;;;;;;;;;;;;;;;;;;;;;;;;;;;;;;;;;;;;;;;;;;;;;;;;;;;;;;;;;;;;;;;;;;;;;;;;;;;;;;;;;;;;;;;;;;;;;;;;;;;;;
5.400;;;;;;;;;;;;;;;;;;;;;;;;;;;;;;;;;;;;;;;;;;;;;;;;;;;;;;;;;;;;;;;;;;;;;;;;;;;;;;;;;;;;;;;;;;;;;;;;;;;;;;;;;;;;;;;;;;;;;;;;;;;;;;;;;;;;;;;;;;;;;;
5.300;;;;;;;;;;;;;;;;;;;;;;;;;;;;;;;;;;;;;;;;;;;;;;;;;;;;;;;;;;;;;;;;;;;;;;;;;;;;;;;;;;;;;;;;;;;;;;;;;;;;;;;;;;;;;;;;;;;;;;;;;;;;;;;;;;;;;;;;;;;;;;
5.200;;;;;;;;;;;;;;;;;;;;;;;;;;;;;;;;;;;;;;;;;;;;;;;;;;;;;;;;;;;;;;;;;;;;;;;;;;;;;;;;;;;;;;;;;;;;;;;;;;;;;;;;;;;;;;;;;;;;;;;;;;;;;;;;;;;;;;;;;;;;;;
5.100;;;;;;;;;;;;;;;;;;;;;;;;;;;;;;;;;;;;;;;;;;;;;;;;;;;;;;;;;;;;;;;;;;;;;;;;;;;;;;;;;;;;;;;;;;;;;;;;;;;;;;;;;;;;;;;;;;;;;;;;;;;;;;;;;;;;;;;;;;;;;;
5.000;;;;;;;;;;;;;;;;;;;;;;;;;;;;;;;;;;;;;;;;;;;;;;;;;;;;;;;;;;;;;;;;;;;;;;;;;;;;;;;;;;;;;;;;;;;;;;;;;;;;;;;;;;;;;;;;;;;;;;;;;;;;;;;;;;;;;;;;;;;;;;
4.900;;;;;;;;;;;;;;;;;;;;;;;;;;;;;;;;;;;;;;;;;;;;;;;;;;;;;;;;;;;;;;;;;;;;;;;;;;;;;;;;;;;;;;;;;;;;;;;;;;;;;;;;;;;;;;;;;;;;;;;;;;;;;;;;;;;;;;;;;;;;;;
4.800;;;;;;;;;;;;;;;;;;;;;;;;;;;;;;;;;;;;;;;;;;;;;;;;;;;;;;;;;;;;;;;;;;;;;;;;;;;;;;;;;;;;;;;;;;;;;;;;;;;;;;;;;;;;;;;;;;;;;;;;;;;;;;;;;;;;;;;;;;;;;;
4.700;;;;;;;;;;;;;;;;;;;;;;;;;;;;;;;;;;;;;;;;;;;;;;;;;;;;;;;;;;;;;;;;;;;;;;;;;;;;;;;;;;;;;;;;;;;;;;;;;;;;;;;;;;;;;;;;;;;;;;;;;;;;;;;;;;;;;;;;;;;;;;
4.600;;;;;;;;;;;;;;;;;;;;;;;;;;;;;;;;;;;;;;;;;;;;;;;;;;;;;;;;;;;;;;;;;;;;;;;;;;;;;;;;;;;;;;;;;;;;;;;;;;;;;;;;;;;;;;;;;;;;;;;;;;;;;;;;;;;;;;;;;;;;;;
4.500;;;;;;;;;;;;;;;;;;;;;;;;;;;;;;;;;;;;;;;;;;;;;;;;;;;;;;;;;;;;;;;;;;;;;;;;;;;;;;;;;;;;;;;;;;;;;;;;;;;;;;;;;;;;;;;;;;;;;;;;;;;;;;;;;;;;;;;;;;;;;;
4.400;;;;;;;;;;;;;;;;;;;;;;;;;;;;;;;;;;;;;;;;;;;;;;;;;;;;;;;;;;;;;;;;;;;;;;;;;;;;;;;;;;;;;;;;;;;;;;;;;;;;;;;;;;;;;;;;;;;;;;;;;;;;;;;;;;;;;;;;;;;;;;
4.300;;;;;;;;;;;;;;;;;;;;;;;;;;;;;;;;;;;;;;;;;;;;;;;;;;;;;;;;;;;;;;;;;;;;;;;;;;;;;;;;;;;;;;;;;;;;;;;;;;;;;;;;;;;;;;;;;;;;;;;;;;;;;;;;;;;;;;;;;;;;;;
4.200;;;;;;;;;;;;;;;;;;;;;;;;;;;;;;;;;;;;;;;;;;;;;;;;;;;;;;;;;;;;;;;;;;;;;;;;;;;;;;;;;;;;;;;;;;;;;;;;;;;;;;;;;;;;;;;;;;;;;;;;;;;;;;;;;;;;;;;;;;;;;;
4.100;;;;;;;;;;;;;;;;;;;;;;;;;;;;;;;;;;;;;;;;;;;;;;;;;;;;;;;;;;;;;;;;;;;;;;;;;;;;;;;;;;;;;;;;;;;;;;;;;;;;;;;;;;;;;;;;;;;;;;;;;;;;;;;;;;;;;;;;;;;;;;
4.000;;;;;;;;;;;;;;;;;;;;;;;;;;;;;;;;;;;;;;;;;;;;;;;;;;;;;;;;;;;;;;;;;;;;;;;;;;;;;;;;;;;;;;;;;;;;;;;;;;;;;;;;;;;;;;;;;;;;;;;;;;;;;;;;;;;;;;;;;;;;;;
3.900;;;;;;;;;;;;;;;;;;;;;;;;;;;;;;;;;;;;;;;;;;;;;;;;;;;;;;;;;;;;;;;;;;;;;;;;;;;;;;;;;;;;;;;;;;;;;;;;;;;;;;;;;;;;;;;;;;;;;;;;;;;;;;;;;;;;;;;;;;;;;;
3.800;;;;;;;;;;;;;;;;;;;;;;;;;;;;;;;;;;;;;;;;;;;;;;;;;;;;;;;;;;;;;;;;;;;;;;;;;;;;;;;;;;;;;;;;;;;;;;;;;;;;;;;;;;;;;;;;;;;;;;;;;;;;;;;;;;;;;;;;;;;;;;
3.700;;;;;;;;;;;;;;;;;;;;;;;;;;;;;;;;;;;;;;;;;;;;;;;;;;;;;;;;;;;;;;;;;;;;;;;1.282090198;1.285539759;1.290766766;1.297764460;1.306525771;1.317043189;1.329308602;1.343313107;1.359046813;1.376498629;1.395656067;1.416505063;1.439029826;1.463212745;1.489034342;1.516473314;1.545506666;1.576109947;1.608257624;1.641923588;1.677081833;1.713707302;;;;;;;;;;;;;;;;;;;;;;;;;;;;;;;;;;;;;;;;;;;;;;;;;;
3.600;;;;;;;;;;;;;;;;;;;;;;;;;;;;;;;;;;;;;;;;;;;;;;;;;;;;;;;;;;;;;;;;1.248196928;1.239186586;1.231948649;1.226477935;1.222768824;1.220815507;1.220612166;1.222153101;1.225432794;1.230445913;1.237187266;1.245651699;1.255833955;1.267728488;1.281329254;1.296629480;1.313621416;1.332296101;1.352643125;1.374650431;1.398304150;1.423588486;1.450485680;1.478976047;1.509038121;1.540648912;1.573784300;1.608419577;1.644530157;1.682092473;1.721085072;1.761489933;1.803294019;;;;;;;;;;;;;;;;;;;;;;;;;;;;;;;;;;;;;;;;;;;;;;
3.500;;;;;;;;;;;;;;;;;;;;;;;;;;;;;;;;;;;;;;;;;;;;;;;;;;;;;;;;;;;1.260447153;1.242849261;1.227002572;1.212907439;1.200561976;1.189962562;1.181104308;1.173981490;1.168587917;1.164917255;1.162963286;1.162720102;1.164182238;1.167344742;1.172203179;1.178753580;1.186992336;1.196916041;1.208521293;1.221804462;1.236761429;1.253387316;1.271676198;1.291620839;1.313212430;1.336440374;1.361292104;1.387752973;1.415806216;1.445432999;1.476612584;1.509322611;1.543539525;1.579239152;1.616397461;1.654991503;1.695000563;1.736407536;1.779200534;1.823374755;1.868934615;1.915896164;;;;;;;;;;;;;;;;;;;;;;;;;;;;;;;;;;;;;;;;;;
3.400;;;;;;;;;;;;;;;;;;;;;;;;;;;;;;;;;;;;;;;;;;;;;;;;;;;;;;;1.289144353;1.264939580;1.242439846;1.221657521;1.202600594;1.185273240;1.169676397;1.155808346;1.143665271;1.133241795;1.124531475;1.117527253;1.112221851;1.108608109;1.106679256;1.106429121;1.107852272;1.110944088;1.115700768;1.122119275;1.130197227;1.139932727;1.151324150;1.164369894;1.179068097;1.195416331;1.213411291;1.233048484;1.254321927;1.277223875;1.301744590;1.327872157;1.355592379;1.384888746;1.415742510;1.448132870;1.482037291;1.517431965;1.554292446;1.592594448;1.632314849;1.673432901;1.715931666;1.759799688;1.805032926;1.851636944;1.899629392;1.949042768;;;;;;;;;;;;;;;;;;;;;;;;;;;;;;;;;;;;;;;;
3.300;;;;;;;;;;;;;;;;;;;;;;;;;;;;;;;;;;;;;;;;;;;;;;;;;;;;1.313576811;1.284644970;1.257350784;1.231720883;1.207775928;1.185531075;1.164996507;1.146178012;1.129077591;1.113694069;1.100023707;1.088060796;1.077798218;1.069227964;1.062341612;1.057130737;1.053587269;1.051703776;1.051473687;1.052891436;1.055952545;1.060653628;1.066992341;1.074967259;1.084577706;1.095823525;1.108704811;1.123221613;1.139373599;1.157159717;1.176577846;1.197624458;1.220294299;1.244580104;1.270472361;1.297959132;1.327025960;1.357655855;1.389829400;1.423524966;1.458719076;1.495386915;1.533503009;1.573042095;1.613980174;1.656295796;1.699971555;1.744995834;1.791364797;1.839084651;1.888174178;1.938667554;1.990617463;;;;;;;;;;;;;;;;;;;;;;;;;;;;;;;;;;;;;;
3.200;;;;;;;;;;;;;;;;;;;;;;;;;;;;;;;;;;;;;;;;;;;;;;;;;1.352875352;1.319401877;1.287458004;1.257089033;1.228333220;1.201221959;1.175780103;1.152026385;1.129973934;1.109630846;1.091000799;1.074083701;1.058876333;1.045372993;1.033566118;1.023446871;1.015005685;1.008232756;1.003118477;0.999653810;0.997830581;0.997641715;0.999081387;1.002145109;1.006829739;1.013133426;1.021055487;1.030596223;1.041756688;1.054538401;1.068943029;1.084972032;1.102626298;1.121905765;1.142809040;1.165333046;1.189472691;1.215220572;1.242566749;1.271498579;1.302000636;1.334054732;1.367640052;1.402733419;1.439309702;1.477342383;1.516804295;1.557668556;1.599909696;1.643505002;1.688436091;1.734690720;1.782264851;1.831164969;1.881410678;1.933037564;1.986100351;2.040676339;;;;;;;;;;;;;;;;;;;;;;;;;;;;;;;;;;;;
3.100;;;;;;;;;;;;;;;;;;;;;;;;;;;;;;;;;;;;;;;;;;;;;;;1.369020872;1.332670055;1.297753882;1.264331395;1.232454334;1.202167028;1.173506467;1.146502545;1.121178417;1.097550980;1.075631417;1.055425821;1.036935841;1.020159363;1.005091189;0.991723712;0.980047557;0.970052199;0.961726529;0.955059363;0.950039897;0.946658089;0.944904970;0.944772889;0.946255667;0.949348695;0.954048938;0.960354886;0.968266421;0.977784633;0.988911572;1.001649993;1.016003339;1.031975432;1.049568830;1.068783897;1.089620114;1.112076209;1.136150800;1.161835822;1.189123468;1.218003561;1.248463169;1.280486101;1.314051961;1.349137501;1.385716777;1.423762325;1.463245310;1.504136296;1.546406248;1.590027737;1.634976353;1.681232357;1.728782558;1.777622449;1.827758586;1.879211233;1.932017280;1.986233425;2.041939629;2.099242851;;;;;;;;;;;;;;;;;;;;;;;;;;;;;;;;;;
3.000;;;;;;;;;;;;;;;;;;;;;;;;;;;;;;;;;;;;;;;;;;;;;1.392682587;1.353547455;1.315728619;1.279299247;1.244325594;1.210866485;1.178973057;1.148688695;1.120049172;1.093082927;1.067811480;1.044249949;1.022407643;1.002288716;0.983892856;0.967215992;0.952251009;0.938988445;0.927417164;0.917524992;0.909299302;0.902727547;0.897797726;0.894498781;0.892820921;0.892755870;0.894297038;0.897440691;0.902185615;0.908530123;0.916473784;0.926026622;0.937184510;0.949948360;0.964319498;0.980317659;0.997930353;1.017156941;1.037997216;1.060460069;1.084540887;1.110228599;1.137517908;1.166401810;1.196874928;1.228921002;1.262522277;1.297659657;1.334310113;1.372446465;1.412037428;1.453048065;1.495442525;1.539189290;1.584258641;1.630624172;1.678264544;1.727165442;1.777321773;1.828740105;1.881441366;1.935463795;1.990866145;2.047731156;2.106169267;2.166322592;;;;;;;;;;;;;;;;;;;;;;;;;;;;;;;;
2.900;;;;;;;;;;;;;;;;;;;;;;;;;;;;;;;;;;;;;;;;;;;1.423932312;1.382149910;1.341541229;1.302192437;1.264184063;1.227589952;1.192476543;1.158902415;1.126918079;1.096565982;1.067880685;1.040889198;1.015611438;0.992060788;0.970244729;0.950165530;0.931820970;0.915205082;0.900308888;0.887121126;0.875628946;0.865818567;0.857675972;0.851187971;0.846341531;0.843127247;0.841534667;0.841553701;0.843176001;0.846410049;0.851242197;0.857668652;0.865691836;0.875332160;0.886571038;0.899408577;0.913853895;0.929930912;0.947615010;0.966906576;0.987806186;1.010344517;1.034490299;1.060240601;1.087591952;1.116543075;1.147091911;1.179217255;1.212906445;1.248143499;1.284908615;1.323178414;1.362923432;1.404110893;1.446704502;1.490664942;1.535951208;1.582525161;1.630360139;1.679433311;1.729729208;1.781242184;1.833978919;1.887961152;1.943228666;1.999842509;2.057888447;2.117480662;2.178765661;;;;;;;;;;;;;;;;;;;;;;;;;;;;;;;
2.800;;;;;;;;;;;;;;;;;;;;;;;;;;;;;;;;;;;;;;;;;1.462744839;1.418499435;1.375263785;1.333133933;1.292202693;1.252557944;1.214281320;1.177447235;1.142122223;1.108364546;1.076224045;1.045742190;1.016952318;0.989880007;0.964543583;0.940954715;0.919119086;0.899037119;0.880704738;0.864114525;0.849256490;0.836117767;0.824683595;0.814940237;0.806873498;0.800465941;0.795702163;0.792576997;0.791076935;0.791187340;0.792898775;0.796230892;0.801158262;0.807676793;0.815795928;0.825534203;0.836868527;0.849799638;0.864351542;0.880530718;0.898317302;0.917712606;0.938733258;0.961387953;0.985653333;1.011527609;1.039008043;1.068105845;1.098799874;1.131077880;1.164928261;1.200336303;1.237284876;1.275750769;1.315706133;1.357120240;1.399958259;1.444181702;1.489749258;1.536618262;1.584745854;1.634092679;1.684635646;1.736359766;1.789259031;1.843340473;1.898626944;1.955160111;2.013003680;2.072246828;2.133007851;2.195437999;;;;;;;;;;;;;;;;;;;;;;;;;;;;;;
2.700;;;;;;;;;;;;;;;;;;;;;;;;;;;;;;;;;;;;;;;;1.462500673;1.416849346;1.372130234;1.328444189;1.285890152;1.244563100;1.204552430;1.165940710;1.128802780;1.093205146;1.059205655;1.026853396;0.996188809;0.967243960;0.940042975;0.914602675;0.890933681;0.869040594;0.848922111;0.830572053;0.813980805;0.799138034;0.786026457;0.774629067;0.764930138;0.756918024;0.750569839;0.745869214;0.742810287;0.741381087;0.741563941;0.743349723;0.746757930;0.751762776;0.758361364;0.766567764;0.776390960;0.787815499;0.800843843;0.815509729;0.831799999;0.849708603;0.869238021;0.890418914;0.913231679;0.937669276;0.963729824;0.991418197;1.020731889;1.051651414;1.084166895;1.118265853;1.153933782;1.191152695;1.229897191;1.270140805;1.311853105;1.354999769;1.399542875;1.445441069;1.492652203;1.541131887;1.590836512;1.641725550;1.693765228;1.746939908;1.801244886;1.856687938;1.913293464;1.971105486;2.030190858;2.090642658;2.152583764;2.216170594;;;;;;;;;;;;;;;;;;;;;;;;;;;;;
2.600;;;;;;;;;;;;;;;;;;;;;;;;;;;;;;;;;;;;;;;1.466122284;1.419052148;1.372833255;1.327570113;1.283366963;1.240325352;1.198542172;1.158108106;1.119106461;1.081612324;1.045692027;1.011402873;0.978793099;0.947902064;0.918761241;0.891393965;0.865815527;0.842033905;0.820052212;0.799865650;0.781465505;0.764839408;0.749975764;0.736855801;0.725460297;0.715770712;0.707775253;0.701450486;0.696780026;0.693752751;0.692357735;0.692580622;0.694413767;0.697861757;0.702913646;0.709568913;0.717836689;0.727720798;0.739220618;0.752341715;0.767108382;0.783511106;0.801554490;0.821246918;0.842604041;0.865612320;0.890270739;0.916576517;0.944539697;0.974139023;1.005364528;1.038203904;1.072642286;1.108664644;1.146245982;1.185361517;1.225982949;1.268078428;1.311612651;1.356545483;1.402838177;1.450447260;1.499328061;1.549435946;1.600727920;1.653164667;1.706713136;1.761350556;1.817071187;1.873884223;1.931816175;1.990914009;2.051248321;2.112916671;2.176047059;2.240801540;2.307379946;;;;;;;;;;;;;;;;;;;;;;;;;;;
2.500;;;;;;;;;;;;;;;;;;;;;;;;;;;;;;;;;;;;;1.522794943;1.473639939;1.425151252;1.377430407;1.330584052;1.284720570;1.239947245;1.196367925;1.154081131;1.113178585;1.073744101;1.035852818;0.999570380;0.964953096;0.932049506;0.900898608;0.871530162;0.843965101;0.818216034;0.794288261;0.772181365;0.751889421;0.733401024;0.716702215;0.701777136;0.688607370;0.677173284;0.667456412;0.659435604;0.653093033;0.648414632;0.645383828;0.643981739;0.644207755;0.646056611;0.649504548;0.654569500;0.661254188;0.669548064;0.679466401;0.691023287;0.704222518;0.719069028;0.735582004;0.753768146;0.773631220;0.795178938;0.818413681;0.843333734;0.869937646;0.898219879;0.928168766;0.959771367;0.993011852;1.027873563;1.064333124;1.102364884;1.141940437;1.183028155;1.225593257;1.269595181;1.314996871;1.361755712;1.409827398;1.459166703;1.509728463;1.561468768;1.614345931;1.668323753;1.723372895;1.779472404;1.836610219;1.894794284;1.954053895;2.014439654;2.076026580;2.138917355;2.203245685;2.269179756;2.336925747;;;;;;;;;;;;;;;;;;;;;;;;;;
2.400;;;;;;;;;;;;;;;;;;;;;;;;;;;;;;;;;;;;1.535536288;1.485056789;1.435161908;1.385950504;1.337529448;1.290009753;1.243503286;1.198120014;1.153965754;1.111140354;1.069736299;1.029836506;0.991514864;0.954838768;0.919865543;0.886642147;0.855205318;0.825581974;0.797790206;0.771839960;0.747733907;0.725468788;0.705035626;0.686422002;0.669612966;0.654591886;0.641332806;0.629820845;0.620038704;0.611959979;0.605560208;0.600836889;0.597772637;0.596324994;0.596519136;0.598352797;0.601764620;0.606811298;0.613499333;0.621781933;0.631710439;0.643306903;0.656552191;0.671467139;0.688086561;0.706417308;0.726440351;0.748193005;0.771676077;0.796885417;0.823810889;0.852453082;0.882798831;0.914831563;0.948531785;0.983877071;1.020840872;1.059393493;1.099502107;1.141130858;1.184237757;1.228784632;1.274728183;1.322023321;1.370623779;1.420482850;1.471554260;1.523790122;1.577151473;1.631601322;1.687106529;1.743641046;1.801188278;1.859737367;1.919287632;1.979871549;2.041544117;2.104385518;2.168504241;2.234040293;2.301168461;;;;;;;;;;;;;;;;;;;;;;;;;;
2.300;;;;;;;;;;;;;;;;;;;;;;;;;;;;;;;;;;;1.552135267;1.500350152;1.449071698;1.398393301;1.348419736;1.299262750;1.251037286;1.203858285;1.157838024;1.113083937;1.069695558;1.027763148;0.987372981;0.948601868;0.911515820;0.876170504;0.842610408;0.810869442;0.780971609;0.752931533;0.726756288;0.702446163;0.679995774;0.659394297;0.640624858;0.623673940;0.608524844;0.595150089;0.583527103;0.573646904;0.565487487;0.558997871;0.554198238;0.551078234;0.549554190;0.549687659;0.551479693;0.554827727;0.559831383;0.566501162;0.574739377;0.584659784;0.596281458;0.609539123;0.624513677;0.641234978;0.659684384;0.679871528;0.701835804;0.725577657;0.751076220;0.778339622;0.807363187;0.838130629;0.870620972;0.904810943;0.940675160;0.978182734;1.017299503;1.057988167;1.100205713;1.143910814;1.189058451;1.235601614;1.283491843;1.332679886;1.383116251;1.434745097;1.487528896;1.541424344;1.596391843;1.652396614;1.709409931;1.767410601;1.826386864;1.886333533;1.947240967;2.009142964;2.072099752;2.136197443;2.201551024;2.268307373;2.336648294;;;;;;;;;;;;;;;;;;;;;;;;;
2.200;;;;;;;;;;;;;;;;;;;;;;;;;;;;;;;;;;1.572541524;1.519474514;1.466842790;1.414731025;1.363239138;1.312477310;1.262561687;1.213610698;1.165741944;1.119069261;1.073697097;1.029727857;0.987257455;0.946372149;0.907147510;0.869647805;0.833925553;0.800022542;0.767969449;0.737787019;0.709487170;0.683073136;0.658542833;0.635888907;0.615100318;0.596156578;0.579041468;0.563740608;0.550234436;0.538476727;0.528474048;0.520213453;0.513617924;0.508719048;0.505517937;0.503907921;0.503960712;0.505691546;0.508958988;0.513903683;0.520524333;0.528710138;0.538611611;0.550234391;0.563490144;0.578524054;0.595519918;0.614253119;0.634733519;0.656969941;0.680969678;0.706737976;0.734277535;0.763588014;0.794665548;0.827502307;0.862086074;0.898399883;0.936431363;0.976122213;1.017403868;1.060231373;1.104558260;1.150335640;1.197512656;1.246037065;1.295852416;1.346902151;1.399142525;1.452524896;1.507003603;1.562536940;1.619088097;1.676626093;1.735126741;1.794573788;1.854959546;1.916287649;1.978540801;2.041753608;2.105992374;2.171349916;2.237948374;2.305942008;2.375519948;;;;;;;;;;;;;;;;;;;;;;;;
2.100;;;;;;;;;;;;;;;;;;;;;;;;;;;;;;;;;1.596690039;1.542365979;1.488415743;1.434911516;1.381945137;1.329622505;1.278058706;1.227373807;1.177689272;1.129123086;1.081787735;1.035795550;0.991251499;0.948251091;0.906879311;0.867209688;0.829303837;0.793211430;0.758970588;0.726608580;0.696142675;0.667581513;0.640926416;0.616171351;0.593306976;0.572320725;0.553196851;0.535906627;0.520440943;0.506784418;0.494890926;0.484751580;0.476366645;0.469669890;0.464658837;0.461360080;0.459664000;0.459626088;0.461284246;0.464466007;0.469345474;0.475896774;0.484125060;0.494312526;0.506208551;0.519823359;0.535168085;0.552254346;0.571093789;0.591697601;0.614076011;0.638237770;0.664189634;0.691935839;0.721477592;0.752812571;0.785934456;0.820832487;0.857491068;0.895889424;0.936001320;0.977794852;1.021229387;1.066168138;1.112572845;1.160389269;1.209554300;1.260012735;1.311712726;1.364599701;1.418621149;1.473727691;1.529874120;1.587020362;1.645132323;1.704177947;1.764142693;1.825018587;1.886803217;1.949499134;2.013085999;2.077603151;2.143123814;2.209748248;2.277606335;2.346860114;2.417706204;;;;;;;;;;;;;;;;;;;;;;;
2.000;;;;;;;;;;;;;;;;;;;;;;;;;;;;;;;;1.624507347;1.568947928;1.513714583;1.458862722;1.404472403;1.350642068;1.297483069;1.245114893;1.193661053;1.143242817;1.093981418;1.045996887;0.999402498;0.954302881;0.910792470;0.868954207;0.828859029;0.790565476;0.754119799;0.719556475;0.686899681;0.656162573;0.627350345;0.600461300;0.575488337;0.552418597;0.531237278;0.511929039;0.494469830;0.478837855;0.465023190;0.452998906;0.442719625;0.434204205;0.427409427;0.422283599;0.418881718;0.417104851;0.416976208;0.418558604;0.421953527;0.427063639;0.433868264;0.442373178;0.452586248;0.464517130;0.478176909;0.493577703;0.510732221;0.529653300;0.550353407;0.572844131;0.597135647;0.623236190;0.651151521;0.680884394;0.712434052;0.745795734;0.780960216;0.817913396;0.856635921;0.897102876;0.939283547;0.983141258;1.028633312;1.075711026;1.124179561;1.173971804;1.225076505;1.277434005;1.330985209;1.385672773;1.441442329;1.498243681;1.556026897;1.614751705;1.674397055;1.734939312;1.796362528;1.858659004;1.921830247;1.985880228;2.050790095;2.116607736;2.183414100;2.251317549;2.320456182;2.391000057;2.463153237;;;;;;;;;;;;;;;;;;;;;;
1.900;;;;;;;;;;;;;;;;;;;;;;;;;;;;;;;;1.599137569;1.542652868;1.486498280;1.430737861;1.375458962;1.320766087;1.266775522;1.213610571;1.161395628;1.110258697;1.060326359;1.011719512;0.964551285;0.918925272;0.874934112;0.832658193;0.792165531;0.753511402;0.716738467;0.681877440;0.648948076;0.617962006;0.588919377;0.561815160;0.536639418;0.513379634;0.492017391;0.472534700;0.454915416;0.439127394;0.425161170;0.413004868;0.402598893;0.393981855;0.387131352;0.382014133;0.378616957;0.376929281;0.376943412;0.378654580;0.382060938;0.387163486;0.393965933;0.402474492;0.412697617;0.424645682;0.438330622;0.453765519;0.470964157;0.489940544;0.510708407;0.533280670;0.557668915;0.583882839;0.611929711;0.641813834;0.673536020;0.707093091;0.742477406;0.779676424;0.818672317;0.859441639;0.901955056;0.946177159;0.992066359;1.039574892;1.088648928;1.139228822;1.190978214;1.243978108;1.298191560;1.353555788;1.410008862;1.467480896;1.525937825;1.585335700;1.645637584;1.706814146;1.768844039;1.831714165;1.895420067;1.959966802;2.025358059;2.091583281;2.158701848;2.226803155;2.296004204;2.366451623;2.438323511;;;;;;;;;;;;;;;;;;;;;;
1.800;;;;;;;;;;;;;;;;;;;;;;;;;;;;;;;1.632853097;1.575140439;1.517723853;1.460646638;1.403980908;1.347820757;1.292276222;1.237467927;1.183521787;1.130570388;1.078745882;1.028175885;0.978981344;0.931274564;0.885157575;0.840720841;0.798042338;0.757186595;0.718205114;0.681137343;0.646010223;0.612839664;0.581631907;0.552387981;0.525096525;0.499744341;0.476308361;0.454774824;0.435149788;0.417411541;0.401537085;0.387502930;0.375285818;0.364863374;0.356214673;0.349320727;0.344164882;0.340733140;0.339014389;0.339000551;0.340686655;0.344070831;0.349154229;0.355940871;0.364437435;0.374652988;0.386598653;0.400287236;0.415732805;0.432950235;0.451954715;0.472761241;0.495384074;0.519836203;0.546128783;0.574270589;0.604267468;0.636121804;0.669832012;0.705392050;0.742790976;0.782012545;0.823034861;0.865830090;0.910364248;0.956597073;1.004481988;1.053966175;1.104990773;1.157491208;1.211287379;1.266141594;1.322161560;1.379291449;1.437471523;1.496643749;1.556756120;1.617763789;1.679629900;1.742326095;1.805832759;1.870139168;1.935243803;2.001155286;2.067876349;2.135413968;2.203839674;2.273251908;2.343776678;2.415569228;2.488815456;;;;;;;;;;;;;;;;;;;;;
1.700;;;;;;;;;;;;;;;;;;;;;;;;;;;;;;1.670021170;1.611090562;1.552443948;1.494098540;1.436106548;1.378547595;1.321521986;1.265144729;1.209540069;1.154842956;1.101190169;1.048715363;0.997546347;0.947803051;0.899596695;0.853027387;0.808183195;0.765139324;0.723957665;0.684686469;0.647359784;0.612002143;0.578625687;0.547232838;0.517735759;0.490203439;0.464649910;0.441060384;0.419416096;0.399695289;0.381874156;0.365927721;0.351830660;0.339558038;0.329085977;0.320392233;0.313456686;0.308261755;0.304792707;0.303037894;0.302988900;0.304640605;0.307991174;0.313041966;0.319797379;0.328264626;0.338453449;0.350375781;0.364045357;0.379477289;0.396687586;0.415692666;0.436508825;0.459151692;0.483635681;0.509973422;0.538175204;0.568248421;0.600197034;0.634021048;0.669716028;0.707272643;0.746676252;0.787906549;0.830937259;0.875735916;0.922263706;0.970475413;1.020319458;1.071738056;1.124667505;1.179038607;1.234771031;1.291435808;1.349251056;1.408145868;1.468053196;1.528911572;1.590666587;1.653272063;1.716690841;1.780895206;1.845867042;1.911595338;1.978087022;2.045354283;2.113396656;2.182249795;2.251995840;2.322742696;2.394625522;2.467807985;2.542483201;;;;;;;;;;;;;;;;;;;;
1.600;;;;;;;;;;;;;;;;;;;;;;;;;;;;;;1.650427180;1.590568904;1.530994798;1.471731936;1.412840892;1.354408270;1.296540074;1.239354628;1.182986168;1.127574931;1.073259443;1.020173936;0.968446175;0.918195585;0.869529954;0.822547358;0.777333907;0.733962085;0.692490854;0.652965634;0.615418667;0.579839881;0.546120134;0.514416562;0.484730082;0.457054490;0.431377538;0.407682000;0.385946731;0.366147681;0.348258864;0.332253265;0.318103678;0.305783468;0.295267240;0.286531438;0.279554837;0.274318960;0.270808389;0.269011005;0.268918120;0.270524547;0.273828571;0.278831854;0.285539263;0.293958640;0.304100499;0.315977675;0.329604926;0.344998487;0.362175586;0.381153935;0.401951193;0.424584413;0.449069474;0.475420515;0.503649364;0.533764977;0.565772895;0.599674722;0.635467625;0.673143878;0.712690445;0.754088614;0.797313689;0.842334754;0.889114505;0.937609173;0.987768547;1.039536099;1.092849233;1.147639666;1.203833962;1.261354227;1.319864178;1.379466864;1.440116113;1.501740011;1.564273307;1.627658977;1.691847095;1.756800187;1.822496050;1.888918274;1.956060838;2.023928660;2.092536536;2.161899048;2.232078005;2.303165430;2.375278875;2.448562506;2.523187882;;;;;;;;;;;;;;;;;;;;
1.500;;;;;;;;;;;;;;;;;;;;;;;;;;;;;1.693092030;1.632021788;1.571244767;1.510757058;1.450595055;1.390827183;1.331546538;1.272861627;1.214900398;1.157805407;1.101719118;1.046780938;0.993124917;0.940877833;0.890157537;0.841071522;0.793715700;0.748168856;0.704503841;0.662777034;0.623031095;0.585078488;0.549137614;0.515231879;0.483367876;0.453543952;0.425751294;0.399975048;0.376195426;0.354388790;0.334528707;0.316586940;0.300534383;0.286341918;0.273981189;0.263425294;0.254649385;0.247631170;0.242351327;0.238793826;0.236946152;0.236799444;0.238348542;0.241591964;0.246531788;0.253173472;0.261525605;0.271599597;0.283409306;0.296970627;0.312301032;0.329419071;0.348343847;0.369094472;0.391689493;0.416146326;0.442480667;0.470705923;0.500832644;0.532867968;0.566815098;0.602672802;0.640434950;0.680090095;0.721621104;0.765004844;0.810211943;0.857206610;0.905946553;0.956382978;1.008460699;1.062118355;1.117288762;1.173899395;1.231873032;1.291128566;1.351443596;1.412828794;1.475224848;1.538551199;1.602742254;1.667740005;1.733496072;1.799973360;1.867146264;1.935000700;2.003534301;2.072757372;2.142692137;2.213382115;2.284905095;2.357363206;2.430883540;2.505618780;2.581747420;;;;;;;;;;;;;;;;;;;
1.400;;;;;;;;;;;;;;;;;;;;;;;;;;;;;1.676744979;1.614772343;1.553092120;1.491710788;1.430673562;1.370056238;1.309954999;1.250482754;1.191782174;1.133999229;1.077277443;1.021756211;0.967568675;0.914840059;0.863686250;0.814212552;0.766512593;0.720667425;0.676743280;0.634676581;0.594481937;0.556311894;0.520190194;0.486130161;0.454135709;0.424202443;0.396318786;0.370467139;0.346625024;0.324766210;0.304861796;0.286881229;0.270793267;0.256566853;0.244171907;0.233580032;0.224765118;0.217703855;0.212376146;0.208765424;0.206858876;0.206647569;0.208126495;0.211294526;0.216154291;0.222711975;0.230977061;0.240961992;0.252681793;0.266153636;0.281396362;0.298429970;0.317275077;0.337952351;0.360481939;0.384882871;0.411172477;0.439365799;0.469475021;0.501508907;0.535472276;0.571365494;0.609184015;0.648917959;0.690551740;0.734063756;0.779426140;0.826604584;0.875558245;0.926239739;0.978595232;1.032564646;1.088081971;1.145075725;1.203469547;1.263182956;1.324132278;1.386235532;1.449397639;1.513529178;1.578548747;1.644384516;1.710975781;1.778273991;1.846243277;1.914860618;1.984115938;2.054012581;2.124569032;2.195829595;2.267862261;2.340755656;2.414621940;2.489597286;2.565841973;;;;;;;;;;;;;;;;;;;
1.300;;;;;;;;;;;;;;;;;;;;;;;;;;;;1.724706250;1.661521898;1.598663371;1.536100834;1.473850662;1.411966431;1.350529777;1.289632266;1.229408064;1.170005550;1.111572715;1.054254111;0.998188342;0.943506088;0.890330758;0.838775933;0.788944565;0.740928014;0.694805206;0.650466283;0.608043319;0.567642617;0.529296842;0.493027129;0.458844043;0.426748645;0.396733627;0.368784496;0.342880770;0.318997167;0.297104760;0.277172097;0.259166252;0.243053803;0.228801732;0.216378235;0.205753435;0.196900000;0.189793654;0.184413596;0.180742812;0.178768292;0.178481149;0.179876652;0.182954167;0.187717016;0.194172268;0.202330450;0.212205200;0.223812867;0.237172054;0.252303126;0.269227678;0.287967974;0.308546373;0.330984729;0.355303798;0.381522627;0.409657971;0.439723702;0.471730251;0.505684075;0.541587148;0.579436497;0.619223783;0.660934934;0.704549826;0.750042044;0.797378703;0.846520348;0.897420950;0.950027985;1.004282625;1.060120040;1.117469822;1.176256550;1.236400499;1.297818515;1.360448004;1.424363310;1.489292241;1.555140616;1.621823553;1.689267519;1.757411830;1.826209576;1.895628063;1.965648978;2.036268629;2.107498860;2.179375431;2.251973580;2.325372185;2.399670342;2.474989803;2.551474933;2.629292188;;;;;;;;;;;;;;;;;;
1.200;;;;;;;;;;;;;;;;;;;;;;;;;;;;1.711463589;1.647418280;1.583695082;1.520275240;1.457184586;1.394484642;1.332250382;1.270588809;1.209649154;1.149582599;1.090537993;1.032659277;0.976083800;0.920941119;0.867352028;0.815424632;0.765260816;0.716949790;0.670391992;0.625754127;0.583127664;0.542555239;0.504066906;0.467681001;0.433405147;0.401237371;0.371167295;0.343177359;0.317244067;0.293339214;0.271431081;0.251485587;0.233467367;0.217340781;0.203070828;0.190623979;0.179968895;0.171077058;0.163923283;0.158486139;0.154748252;0.152696523;0.152322230;0.153621050;0.156592986;0.161242209;0.167576826;0.175608576;0.185352459;0.196826318;0.210050356;0.225046625;0.241838474;0.260449971;0.280905305;0.303228173;0.327441171;0.353565171;0.381618725;0.411617467;0.443573548;0.477495095;0.513385705;0.551243975;0.591063089;0.632830444;0.676527344;0.722128758;0.769603142;0.818912349;0.870011614;0.922849636;0.977368763;1.033505277;1.091189803;1.150347848;1.210900473;1.272765123;1.335856623;1.400247154;1.465952640;1.532616428;1.600140828;1.668439491;1.737439392;1.807082214;1.877325149;1.948141243;2.019519875;2.091466593;2.164003955;2.237207435;2.311163068;2.385958513;2.461702914;2.538526746;2.616581171;;;;;;;;;;;;;;;;;;
1.100;;;;;;;;;;;;;;;;;;;;;;;;;;;1.764597979;1.699329994;1.634444919;1.569881857;1.505632706;1.441732357;1.378243618;1.315234602;1.252844558;1.191226972;1.130534627;1.070916104;1.012513728;0.955462359;0.899888604;0.845910185;0.793635315;0.743162020;0.694437831;0.647605442;0.602764259;0.559967907;0.519256467;0.480657194;0.444185440;0.409845708;0.377632826;0.347533186;0.319526017;0.293584679;0.269677928;0.247771157;0.227827572;0.209809311;0.193678468;0.179398040;0.166932764;0.156249857;0.147319646;0.140116092;0.134617201;0.130805330;0.128667393;0.128194950;0.129384220;0.132235984;0.136755415;0.142951822;0.150838322;0.160431454;0.171750723;0.184818111;0.199657530;0.216294252;0.234754310;0.255063875;0.277248634;0.301333150;0.327340240;0.355290352;0.385200965;0.417086013;0.450955341;0.486814191;0.524662736;0.564495663;0.606301805;0.650063838;0.695758040;0.743354124;0.792815146;0.844097495;0.897150980;0.951919006;1.008338855;1.066342087;1.125855056;1.186799555;1.249093613;1.312652434;1.377389515;1.443655873;1.511109275;1.579455351;1.648595434;1.718444445;1.788937982;1.860015906;1.931642233;2.003798893;2.076485650;2.149721035;2.223559591;2.298108386;2.373448662;2.449678524;2.526916311;2.605299840;;;;;;;;;;;;;;;;;;
1.000;;;;;;;;;;;;;;;;;;;;;;;;;;;1.754401033;1.688326753;1.622626309;1.557250743;1.492202224;1.427524352;1.363261336;1.299511489;1.236430189;1.174173210;1.112893703;1.052738847;0.993848360;0.936353798;0.880378185;0.826035725;0.773431431;0.722588744;0.673588895;0.626549937;0.581537429;0.538602562;0.497782683;0.459102076;0.422572932;0.388196468;0.355964152;0.325858993;0.297856872;0.271927874;0.248037605;0.226148466;0.206220874;0.188214398;0.172088825;0.157805114;0.145326263;0.134618050;0.125649677;0.118394293;0.112829407;0.108937189;0.106704657;0.106123771;0.107191413;0.109909285;0.114283710;0.120325355;0.128048886;0.137472546;0.148617685;0.161508234;0.176170144;0.192630783;0.210918313;0.231061053;0.253086824;0.277022302;0.302892369;0.330719480;0.360523054;0.392318883;0.426118582;0.461929074;0.499752119;0.539583898;0.581414650;0.625228368;0.671002569;0.718708127;0.768309193;0.819763188;0.873020893;0.928026628;0.984718532;1.043028958;1.102884971;1.164208983;1.226919512;1.290932089;1.356160317;1.422571499;1.490787091;1.559933503;1.629895744;1.700577248;1.771897582;1.843794024;1.916222475;1.989157847;2.062594244;2.136545443;2.211048926;2.286213589;2.362130824;2.438889046;2.516595964;2.595377736;2.675377544;;;;;;;;;;;;;;;;;
0.900;;;;;;;;;;;;;;;;;;;;;;;;;;1.812666343;1.745344754;1.678488174;1.611999040;1.545839958;1.480023031;1.414590660;1.349579200;1.285126413;1.221391609;1.158533183;1.096704006;1.036049718;0.976705974;0.918799734;0.862449864;0.807766659;0.754831195;0.703697452;0.654483408;0.607267395;0.562112736;0.519068030;0.478167733;0.439432995;0.402872690;0.368484591;0.336256655;0.306168365;0.278192115;0.252294593;0.228438140;0.206582067;0.186683911;0.168700610;0.152589585;0.138309726;0.125822269;0.115091554;0.106085675;0.098777007;0.093142612;0.089164541;0.086830008;0.086131469;0.087066589;0.089638116;0.093853665;0.099725415;0.107269735;0.116506742;0.127459797;0.140154959;0.154620385;0.170885712;0.188981403;0.208938083;0.230785864;0.254553674;0.280268595;0.307955205;0.337634962;0.369325599;0.403040565;0.438788504;0.476572787;0.516391085;0.558235018;0.602089849;0.647934263;0.695740207;0.745472812;0.797090403;0.850544585;0.905780437;0.962736788;1.021346610;1.081537513;1.143232362;1.206350020;1.270806216;1.336514572;1.403387767;1.471868236;1.541758032;1.612490454;1.683958894;1.756073198;1.828761669;1.901972319;1.975673479;2.049853975;2.124523305;2.199712450;2.275505177;2.352018358;2.429332703;2.507546573;2.586775908;2.667152717;;;;;;;;;;;;;;;;;
0.800;;;;;;;;;;;;;;;;;;;;;;;;;;1.805532977;1.737472586;1.669859878;1.602610213;1.535697429;1.469143266;1.402970298;1.337246316;1.272129590;1.207782620;1.144364121;1.082025095;1.020907219;0.961142577;0.902854030;0.846155777;0.791153557;0.737925967;0.686565290;0.637163298;0.589796381;0.544525505;0.501396544;0.460440925;0.421676524;0.385108753;0.350731800;0.318529969;0.288479082;0.260547919;0.234699645;0.210893226;0.189084784;0.169228887;0.151279765;0.135192416;0.120923615;0.108432808;0.097682888;0.088640845;0.081278300;0.075571911;0.071503664;0.069061041;0.068237081;0.069030335;0.071444712;0.075489246;0.081177763;0.088528487;0.097563561;0.108308519;0.120791709;0.135043665;0.151096457;0.168983013;0.188736421;0.210389238;0.233972791;0.259516487;0.287047154;0.316588389;0.348159954;0.381777203;0.417450552;0.455185005;0.494979735;0.536827721;0.580715460;0.626622738;0.674522486;0.724380709;0.776156502;0.829802150;0.885263321;0.942479355;1.001383656;1.061904184;1.123964066;1.187482319;1.252374702;1.318554697;1.385934639;1.454496014;1.525076606;1.596527934;1.668734821;1.741598675;1.815039884;1.888999422;1.963439700;2.038344804;2.113720462;2.189594271;2.266026570;2.343143622;2.421028999;2.499772799;2.579481962;2.660278688;2.742298169;;;;;;;;;;;;;;;;
0.700;;;;;;;;;;;;;;;;;;;;;;;;;;1.799611436;1.730838270;1.662497102;1.594515871;1.526879348;1.459613344;1.392721203;1.326322877;1.260582524;1.195664542;1.131726760;1.068917235;1.007373332;0.947222079;0.888581073;0.831559477;0.776271387;0.722798560;0.671233266;0.621665736;0.574170338;0.528805583;0.485614517;0.444625427;0.405852792;0.369298440;0.334952848;0.302796540;0.272801551;0.244932924;0.219150189;0.195408825;0.173661662;0.153860213;0.135955918;0.119901285;0.105650922;0.093162447;0.082397279;0.073321298;0.065905380;0.060125800;0.055964520;0.053409343;0.052453963;0.053097897;0.055346317;0.059209781;0.064703890;0.071848848;0.080668964;0.091192094;0.103449025;0.117472822;0.133298144;0.150960536;0.170495705;0.191938797;0.215323675;0.240682208;0.268043586;0.297433654;0.328874293;0.362382833;0.397971516;0.435647017;0.475410018;0.517254852;0.561169211;0.607133929;0.655122839;0.705102717;0.757033302;0.810867410;0.866551134;0.924024141;0.983220070;1.044067025;1.106488181;1.170402499;1.235725560;1.302370517;1.370249184;1.439273262;1.510050321;1.582162730;1.655051627;1.728611457;1.802755971;1.877420160;1.952561358;2.028159581;2.104217360;2.180759489;2.257834204;2.335553879;2.414014430;2.493298590;2.573505317;2.654748152;2.737152887;;;;;;;;;;;;;;;;
0.600;;;;;;;;;;;;;;;;;;;;;;;;;1.864964375;1.794962295;1.725504043;1.656463029;1.587779456;1.519448768;1.451485171;1.383910504;1.316877726;1.250555096;1.185107685;1.120691327;1.057450175;0.995516490;0.935011631;0.876047503;0.818732466;0.763188590;0.709488438;0.657736632;0.608021831;0.560416333;0.514976135;0.471741382;0.430737133;0.391974378;0.355451261;0.321154436;0.289060539;0.259137709;0.231347137;0.205644609;0.181982012;0.160308786;0.140573296;0.122724109;0.106711169;0.092486854;0.080006906;0.069231234;0.060124583;0.052657074;0.046804607;0.042549140;0.039878832;0.038788081;0.039277435;0.041353400;0.045028156;0.050319170;0.057248742;0.065843468;0.076133650;0.088152650;0.101936200;0.117521690;0.134947422;0.154251863;0.175472884;0.198647015;0.223808710;0.250989634;0.280217985;0.311517852;0.344908612;0.380404392;0.418013572;0.457738366;0.499574453;0.543510696;0.589528926;0.637603809;0.687702793;0.739786145;0.793807068;0.849711919;0.907440514;0.966926527;1.028097998;1.090877929;1.155185003;1.220934395;1.288038710;1.356409039;1.425956135;1.496826872;1.569538886;1.643048457;1.717244651;1.792035969;1.867352603;1.943147773;2.019398775;2.096105001;2.173288106;2.250993079;2.329307457;2.408338437;2.488162926;2.568872738;2.650573705;2.733383296;;;;;;;;;;;;;;;;
0.500;;;;;;;;;;;;;;;;;;;;;;;;;1.862283415;1.791653283;1.721538857;1.651827137;1.582470297;1.513474226;1.444831598;1.376613159;1.308986173;1.242122766;1.176187048;1.111331864;1.047696645;0.985407909;0.924580886;0.865321510;0.807742522;0.751942759;0.698028735;0.646104072;0.596255872;0.548554356;0.503052982;0.459788955;0.418784054;0.380045716;0.343568320;0.309334620;0.277317269;0.247480412;0.219781293;0.194171853;0.170600288;0.149012553;0.129353768;0.111569546;0.095607186;0.081416767;0.068952091;0.058171508;0.049038590;0.041522680;0.035599287;0.031250363;0.028464440;0.027236645;0.027568597;0.029468192;0.032949291;0.038031310;0.044738729;0.053100527;0.063149559;0.074921870;0.088455982;0.103792133;0.120971508;0.140035455;0.161024692;0.183978537;0.208934140;0.235925748;0.264984007;0.296135295;0.329401113;0.364797525;0.402334660;0.442016278;0.483839409;0.527794069;0.573863042;0.622021763;0.672238266;0.724473236;0.778680135;0.834805431;0.892788912;0.952564102;1.014058766;1.077195520;1.141892536;1.208064354;1.275622803;1.344478024;1.414539613;1.485717889;1.558794074;1.632864369;1.707636121;1.783014119;1.858925174;1.935319664;2.012172091;2.089480752;2.167266779;2.245572999;2.324470211;2.404059674;2.484415881;2.565624173;2.647783452;2.731003741;;;;;;;;;;;;;;;;
0.400;;;;;;;;;;;;;;;;;;;;;;;;;1.860985645;1.789757405;1.719016635;1.648663582;1.578662132;1.509022883;1.439732996;1.370911735;1.302732209;1.235367808;1.168982174;1.103724707;1.039729682;0.977117502;0.915996973;0.856467788;0.798611941;0.742565014;0.688445953;0.636357464;0.586385143;0.538597171;0.493044488;0.449761356;0.408766256;0.370063039;0.333642275;0.299482757;0.267553090;0.237813347;0.210216743;0.184711284;0.161241389;0.139749432;0.120177204;0.102467270;0.086564206;0.072415709;0.059973575;0.049194528;0.040040918;0.032481261;0.026490645;0.022050997;0.019151211;0.017787145;0.017961504;0.019683602;0.022969020;0.027839171;0.034320776;0.042445269;0.052248134;0.063768191;0.077046839;0.092127266;0.109053641;0.127870294;0.148620898;0.171347656;0.196090514;0.222886395;0.251768476;0.282765505;0.315901168;0.351193521;0.388654476;0.428289366;0.470096575;0.514067253;0.560185109;0.608426288;0.658759335;0.711145254;0.765537646;0.821882949;0.880120766;0.940184288;1.002000813;1.065492357;1.130576364;1.197166511;1.265173616;1.334506646;1.405073821;1.476783840;1.550046938;1.624606571;1.699884069;1.775781982;1.852224924;1.929161312;2.006564038;2.084430102;2.162779373;2.241652855;2.321112289;2.401242585;2.482114994;2.563808923;2.646416954;2.730042375;2.814795913;;;;;;;;;;;;;;;
0.300;;;;;;;;;;;;;;;;;;;;;;;;;1.861146125;1.789351112;1.718014556;1.647049624;1.576431660;1.506168915;1.436269187;1.366883565;1.298190003;1.230362936;1.163564017;1.097938435;1.033614829;0.970707263;0.909318148;0.849511357;0.791370168;0.735080193;0.680760232;0.628512197;0.578420287;0.530550728;0.484951999;0.441655464;0.400676328;0.362014860;0.325657810;0.291579978;0.259745881;0.230111468;0.202625858;0.177233054;0.153873616;0.132486257;0.113009352;0.095382332;0.079546962;0.065448477;0.053036584;0.042266310;0.033098711;0.025501417;0.019449044;0.014923451;0.011913858;0.010416836;0.010436164;0.011982572;0.015073371;0.019731994;0.025987435;0.033873623;0.043428722;0.054694383;0.067714950;0.082536630;0.099206655;0.117772416;0.138280620;0.160776439;0.185302694;0.211899060;0.240601317;0.271440647;0.304442978;0.339628403;0.377010654;0.416596653;0.458386145;0.502371405;0.548537034;0.596859842;0.647308818;0.699845198;0.754422616;0.810987353;0.869478681;0.929829297;0.991965850;1.055809562;1.121276940;1.188280585;1.256730082;1.326533001;1.397595969;1.469825860;1.543336763;1.618327804;1.694052683;1.770412925;1.847332001;1.924757232;2.002660558;2.081038140;2.159908887;2.239312177;2.319305236;2.399954322;2.481322003;2.563482160;2.646521532;2.730537230;2.815633428;;;;;;;;;;;;;;;
0.200;;;;;;;;;;;;;;;;;;;;;;;;;1.862841678;1.790512513;1.718611396;1.647064082;1.575857135;1.504994882;1.434522144;1.364608854;1.295436980;1.227181288;1.160000866;1.094036268;1.029410234;0.966230392;0.904592823;0.844467732;0.786041049;0.729507554;0.674986099;0.622577987;0.572366173;0.524415060;0.478770780;0.435461885;0.394500372;0.355882968;0.319592630;0.285600172;0.253866011;0.224341944;0.196972955;0.171698989;0.148456685;0.127181023;0.107806883;0.090270481;0.074510684;0.060470178;0.048096494;0.037342878;0.028169009;0.020541557;0.014434593;0.009829844;0.006716802;0.005092703;0.004962360;0.006337891;0.009238320;0.013689088;0.019721463;0.027371879;0.036681199;0.047693935;0.060457409;0.075020891;0.091434719;0.109749402;0.130014734;0.152278915;0.176587696;0.202983564;0.231504956;0.262185535;0.295053518;0.330131069;0.367433765;0.406970137;0.448741292;0.492740620;0.538953589;0.587357635;0.637922131;0.690608472;0.745370230;0.802153420;0.860896856;0.921532592;0.983986469;1.048178740;1.114024788;1.181435938;1.250320345;1.320583971;1.392131651;1.464868235;1.538708641;1.614079419;1.690199315;1.766969834;1.844314158;1.922179191;2.000536416;2.079381464;2.158732428;2.238627101;2.319119496;2.400262014;2.482099925;2.564701821;2.648148962;2.732532697;2.817951144;;;;;;;;;;;;;;;
0.100;;;;;;;;;;;;;;;;;;;;;;;;1.939508149;1.866149062;1.793319650;1.720885908;1.648785843;1.577016989;1.505583084;1.434572513;1.364165358;1.294546956;1.225891879;1.158356267;1.092075800;1.027167226;0.963731808;0.901859513;0.841360488;0.782643901;0.725861910;0.671133681;0.618560135;0.568223199;0.520185640;0.474491404;0.431166368;0.390219431;0.351643874;0.315418920;0.281511445;0.249877786;0.220465592;0.193215698;0.168063963;0.144943057;0.123784174;0.104518629;0.087079348;0.071402217;0.057427284;0.045099815;0.034371179;0.025199588;0.017550660;0.011397832;0.006722615;0.003514697;0.001771900;0.001500013;0.002712480;0.005429990;0.009679952;0.015495877;0.022916679;0.031985911;0.042750935;0.055262055;0.069571614;0.085733075;0.103800085;0.123825552;0.145860733;0.169954347;0.196151720;0.224493981;0.255017308;0.287752232;0.322723012;0.359947088;0.399434607;0.441188038;0.485201875;0.531462432;0.579947731;0.630627483;0.683463175;0.738408239;0.795408330;0.854401690;0.915319610;0.978086983;1.042622939;1.108841577;1.176652774;1.245963071;1.316676650;1.388696366;1.461924874;1.536265813;1.611889410;1.688359783;1.765496064;1.843221755;1.921483798;2.000253501;2.079526074;2.159318763;2.239667642;2.320623351;2.402230394;2.484510508;2.567525882;2.651352545;2.736076397;2.821789859;;;;;;;;;;;;;;;
0.000;;;;;;;;;;;;;;;;;;;;;;;;1.944919303;1.871143213;1.797848840;1.724915272;1.652292409;1.579986996;1.508013574;1.436497764;1.365626695;1.295588629;1.226557627;1.158686682;1.092106541;1.026928035;0.963246272;0.901062646;0.840209868;0.781194921;0.724155117;0.669210246;0.616461142;0.565988969;0.517855101;0.472101513;0.428751600;0.387811327;0.349270660;0.313105204;0.279277980;0.247741306;0.218438723;0.191306933;0.166277704;0.143279719;0.122240343;0.103087276;0.085750088;0.070161607;0.056259158;0.043985646;0.033290470;0.024130270;0.016469508;0.010280885;0.005545592;0.002253410;0.000402657;0.000000000;0.001060128;0.003605313;0.007664861;0.013274460;0.020475451;0.029314024;0.039840355;0.052107699;0.066171446;0.082088166;0.099914634;0.119706869;0.141519186;0.165403273;0.191407307;0.219575118;0.249945405;0.282551024;0.317418338;0.354566651;0.394007725;0.435745384;0.479775213;0.526084346;0.574651359;0.625446260;0.678430571;0.733557519;0.790772319;0.850012551;0.911208640;0.974284412;1.039157754;1.105741343;1.173943465;1.243668904;1.314819903;1.387297195;1.461001093;1.535832645;1.611764797;1.688550151;1.766016613;1.844088332;1.922712481;2.001860230;2.081526264;2.161726743;2.242495704;2.323880081;2.405919776;2.488612056;2.572010003;2.656184586;2.741216460;2.827192613;;;;;;;;;;;;;;;
-0.100;;;;;;;;;;;;;;;;;;;;;;;;1.952049409;1.877895583;1.804173089;1.730773591;1.657658501;1.584842782;1.512363075;1.440371233;1.369061082;1.298623649;1.229232487;1.161037583;1.094164999;1.028720009;0.964792022;0.902235295;0.841034360;0.781708845;0.724397804;0.669222019;0.616282585;0.565660229;0.517415232;0.471587873;0.428199307;0.387252782;0.348735141;0.312618527;0.278862237;0.247414675;0.218215350;0.191196882;0.166286976;0.143410333;0.122490474;0.103451449;0.086219420;0.070724091;0.056899983;0.044687552;0.034034123;0.024894657;0.017232348;0.011019042;0.006235492;0.002871453;0.000925618;0.000405415;0.001326665;0.003713116;0.007595865;0.013012683;0.020007245;0.028628298;0.038928754;0.050964752;0.064794671;0.080478135;0.098075003;0.117644368;0.139243568;0.162927238;0.188746381;0.216747512;0.246971839;0.279454529;0.314224035;0.351301515;0.390700332;0.432425648;0.476474117;0.522833669;0.571483404;0.622393582;0.675525720;0.730832782;0.788259479;0.847742661;0.909211799;0.972589571;1.037792515;1.104731787;1.173313970;1.243441976;1.315016001;1.387934539;1.462095456;1.537397108;1.613692346;1.690765022;1.768534314;1.846925163;1.925884968;2.005384597;2.085417872;2.165999373;2.247160491;2.328943802;2.411384397;2.494457618;2.578205568;2.662694256;2.747999223;2.834202185;;;;;;;;;;;;;;;
-0.200;;;;;;;;;;;;;;;;;;;;;;;;1.960962737;1.886472567;1.812360587;1.738530474;1.664954718;1.591657239;1.518701413;1.446258664;1.374529399;1.303707419;1.233965876;1.165451942;1.098287274;1.032571947;0.968390115;0.905415011;0.843852410;0.784200748;0.726601259;0.671176142;0.618027159;0.567234983;0.518859161;0.472938608;0.429492543;0.388521770;0.350010249;0.313926874;0.280227399;0.248856462;0.219749659;0.192835620;0.168038048;0.145277698;0.124474260;0.105548122;0.088422003;0.073022431;0.059281055;0.047135794;0.036531799;0.027422245;0.019768935;0.013542734;0.008723823;0.005301793;0.003275574;0.002653215;0.003451528;0.005695600;0.009418189;0.014659015;0.021463968;0.029884229;0.039975341;0.051796221;0.065408139;0.080873688;0.098255728;0.117616352;0.139015861;0.162511773;0.188157869;0.216003300;0.246091744;0.278460640;0.313140499;0.350154302;0.389516984;0.431235016;0.475306090;0.521718903;0.570453046;0.621478997;0.674758224;0.730243387;0.787878644;0.847600058;0.909336092;0.973008204;1.038531523;1.105815604;1.174765260;1.245281453;1.317262256;1.390603856;1.465201610;1.540951132;1.617639922;1.694984923;1.773042173;1.851737132;1.931017042;2.010851972;2.091234279;2.172176281;2.253705996;2.335860944;2.418671101;2.502093535;2.586158089;2.670925852;2.756467318;2.842859022;;;;;;;;;;;;;;;
-0.300;;;;;;;;;;;;;;;;;;;;;;;;1.971716851;1.896934049;1.822473309;1.748249683;1.674246259;1.600497253;1.527093230;1.454221058;1.382087836;1.310890364;1.240801695;1.171966555;1.104502610;1.038505198;0.974053731;0.910624313;0.848684160;0.788687869;0.730779346;0.675082681;0.621700768;0.570714666;0.522183607;0.476145533;0.432618089;0.391599967;0.353072545;0.317001731;0.283339967;0.252028328;0.222998662;0.196175741;0.171479369;0.148826426;0.128132813;0.109315272;0.092293069;0.076989519;0.063333345;0.051259851;0.040711924;0.031640839;0.024006888;0.017779818;0.012939097;0.009473998;0.007383530;0.006676205;0.007369664;0.009490166;0.013071967;0.018156580;0.024791949;0.033031543;0.042933385;0.054559029;0.067972510;0.083239259;0.100425024;0.119594789;0.140811713;0.164136109;0.189624449;0.217328445;0.247294171;0.279561278;0.314162279;0.351121923;0.390456671;0.432174261;0.476273383;0.522743461;0.571564541;0.622707285;0.676133078;0.731794239;0.789634338;0.849588612;0.911584479;0.975542141;1.041375277;1.108991804;1.178294724;1.249183017;1.321552603;1.395297339;1.470310058;1.546483631;1.623578371;1.701189740;1.779529264;1.858522371;1.938115501;2.018277187;2.098997503;2.180285634;2.262165352;2.344668304;2.427818357;2.511558351;2.595905986;2.680917438;2.766658168;2.853199570;;;;;;;;;;;;;;;
-0.400;;;;;;;;;;;;;;;;;;;;;;;;1.984361256;1.909332067;1.834565703;1.759987874;1.685591712;1.611422733;1.537596535;1.464313214;1.391786899;1.320217830;1.249779459;1.180614591;1.112837441;1.046539162;0.981794978;0.917888446;0.855553096;0.795191360;0.736950346;0.680956566;0.627314560;0.576106273;0.527391097;0.481206454;0.437568836;0.396475215;0.357904742;0.321820666;0.288172406;0.256897721;0.227924930;0.201175125;0.176564359;0.154005747;0.133411477;0.114694691;0.097771221;0.082561158;0.068990258;0.056991152;0.046504374;0.037479198;0.029874282;0.023658120;0.018809310;0.015316649;0.013179054;0.012405318;0.013013725;0.015031525;0.018494279;0.023445104;0.029933811;0.038015970;0.047751906;0.059205638;0.072443791;0.087534477;0.104546175;0.123546615;0.144601681;0.167774349;0.193123666;0.220703792;0.250563101;0.282743364;0.317279010;0.354196486;0.393513707;0.435239619;0.479373859;0.525906531;0.574818092;0.626079352;0.679651581;0.735486729;0.793527753;0.853709046;0.915956960;0.980190430;1.046321672;1.114256964;1.183897496;1.255140275;1.327879082;1.402005470;1.477409788;1.553982217;1.631476726;1.709356397;1.787980545;1.867273772;1.947180846;2.027667812;2.108721463;2.190346830;2.272562446;2.355393210;2.438855611;2.522882046;2.607479712;2.692699846;2.778602865;2.865255009;;;;;;;;;;;;;;;
-0.500;;;;;;;;;;;;;;;;;;;;;;;;1.998936200;1.923709617;1.848683512;1.773793432;1.699041921;1.624485854;1.550262322;1.476583749;1.403671854;1.331730969;1.260933255;1.191421123;1.123306187;1.056676421;0.991604017;0.927236733;0.864487504;0.803737838;0.745138618;0.688819354;0.634886796;0.583424329;0.534492041;0.488127339;0.444346048;0.403143871;0.364498150;0.328369856;0.294705731;0.263440527;0.234499300;0.207799696;0.183254205;0.160772333;0.140262674;0.121634854;0.104801314;0.089678940;0.076190506;0.064265924;0.053843308;0.044869837;0.037302415;0.031108146;0.026264608;0.022759950;0.020592814;0.019772081;0.020316478;0.022254034;0.025621404;0.030463091;0.036830559;0.044781264;0.054377617;0.065685894;0.078775105;0.093715845;0.110579136;0.129435271;0.150352684;0.173396852;0.198629245;0.226106329;0.255878645;0.287989961;0.322476514;0.359366346;0.398678743;0.440423778;0.484601964;0.531204028;0.580210792;0.631593169;0.685312285;0.741319697;0.799557735;0.859959941;0.922451607;0.986950407;1.053367116;1.121606401;1.191567678;1.263146032;1.336233169;1.410718417;1.486489731;1.563434722;1.641306465;1.719462698;1.798380247;1.877981904;1.958209701;2.039026085;2.120413423;2.202371465;2.284912460;2.368053657;2.451802936;2.536085605;2.620901221;2.706296045;2.792325413;2.879050380;;;;;;;;;;;;;;;
-0.600;;;;;;;;;;;;;;;;;;;;;;;;2.015471661;1.940099608;1.864862709;1.789705416;1.714638944;1.639730389;1.565133371;1.491071846;1.417775419;1.345453187;1.274281789;1.204402833;1.135926410;1.068938103;1.003507513;0.938703644;0.875521625;0.814360644;0.755375965;0.698700706;0.644444441;0.592692599;0.543506547;0.496924251;0.452961405;0.411612955;0.372854914;0.336646417;0.302931933;0.271643572;0.242703454;0.216026060;0.191520562;0.169093058;0.148648710;0.130093747;0.113337307;0.098293118;0.084880983;0.073028076;0.062670041;0.053751877;0.046228633;0.040065889;0.035240051;0.031738448;0.029559255;0.028711242;0.029213359;0.031094186;0.034391243;0.039150178;0.045423863;0.053271396;0.062757032;0.073949059;0.086918637;0.101738613;0.118482321;0.137222402;0.158029632;0.180971789;0.206112577;0.233510592;0.263218378;0.295281550;0.329738013;0.366617280;0.405939892;0.447716951;0.491949765;0.538629609;0.587737607;0.639244738;0.693111945;0.749290377;0.807721729;0.868338698;0.931065535;0.995818690;1.062507542;1.131035208;1.201299412;1.273193405;1.346606933;1.421427227;1.497540003;1.574830472;1.653021891;1.731473069;1.810702802;1.890630727;1.971194679;2.052350585;2.134075286;2.216364280;2.299222475;2.382658626;2.466670979;2.551180888;2.636183757;2.721720832;2.807842325;2.894604064;;;;;;;;;;;;;;;
-0.700;;;;;;;;;;;;;;;;;;;;;;;;2.033986513;1.958523982;1.883128588;1.807752619;1.732415105;1.657191227;1.582245909;1.507815440;1.434138954;1.361431988;1.289874751;1.219610036;1.150747374;1.083370737;1.017547760;0.952329462;0.888696427;0.827100720;0.767702617;0.710639491;0.656024388;0.603945427;0.554465896;0.507624935;0.463438710;0.421901977;0.382989959;0.346660459;0.312856135;0.281506884;0.252532268;0.225843948;0.201348069;0.178947576;0.158544408;0.140041563;0.123345002;0.108365377;0.095019566;0.083232015;0.072935864;0.064073878;0.056599154;0.050475632;0.045678395;0.042193784;0.040019316;0.039163436;0.039645094;0.041493183;0.044745831;0.049449574;0.055658428;0.063432860;0.072838697;0.083945969;0.096827716;0.111558769;0.128214518;0.146869696;0.167597176;0.190466809;0.215544304;0.242890183;0.272558792;0.304597409;0.339045442;0.375933721;0.415283907;0.457108012;0.501408029;0.548175697;0.597392378;0.649029055;0.703046460;0.759395312;0.818016674;0.878842415;0.941795782;1.006792054;1.073739291;1.142539154;1.213087786;1.285276747;1.358993977;1.434124796;1.510552892;1.588161316;1.666615019;1.745372896;1.824927517;1.905194478;1.986106523;2.067614917;2.149689166;2.232314614;2.315487516;2.399207178;2.483461171;2.568170778;2.653331934;2.738980843;2.825162553;2.911927624;;;;;;;;;;;;;;;
-0.800;;;;;;;;;;;;;;;;;;;;;;;;2.054487914;1.978993022;1.903495008;1.827952769;1.752392161;1.676894197;1.601629527;1.526847156;1.452796966;1.379702258;1.307748123;1.237079751;1.167807157;1.100013553;1.033765261;0.968160503;0.904059905;0.842007012;0.782167752;0.724684419;0.669674212;0.617228627;0.567413551;0.520269972;0.475815174;0.434044351;0.394932534;0.358436754;0.324498387;0.293045596;0.263995831;0.237258327;0.212736560;0.190330624;0.169939496;0.151463159;0.134804564;0.119871412;0.106577739;0.094845300;0.084604737;0.075796541;0.068371787;0.062292667;0.057532808;0.054077397;0.051923106;0.051077841;0.051560322;0.053399503;0.056633858;0.061310535;0.067484407;0.075217019;0.084575473;0.095631241;0.108458945;0.123135102;0.139736867;0.158340780;0.179021535;0.201850783;0.226895988;0.254219349;0.283876788;0.315917035;0.350380798;0.387300047;0.426697401;0.468585635;0.512967311;0.559834526;0.609168794;0.660941045;0.715111759;0.771631207;0.830439825;0.891468684;0.954640075;1.019868183;1.087059849;1.156115402;1.226929557;1.299392359;1.373390153;1.448806584;1.525523583;1.603422344;1.682101259;1.761181788;1.841077342;1.921698235;2.002970844;2.084839127;2.167264479;2.250223458;2.333702904;2.417691990;2.502166189;2.587049601;2.672342103;2.758074851;2.844287714;2.931025952;;;;;;;;;;;;;;;
-0.900;;;;;;;;;;;;;;;;;;;;;;;;2.076970915;2.001504859;1.925963812;1.850311876;1.774580589;1.698855028;1.623305026;1.548192177;1.473778475;1.400296495;1.327937707;1.256851076;1.187148283;1.118912727;1.052200668;0.986248804;0.921666856;0.859136337;0.798829466;0.740894134;0.685452395;0.632599833;0.582405657;0.534913407;0.490142190;0.448088315;0.408727270;0.372015936;0.337894991;0.306291409;0.277121030;0.250291119;0.225702893;0.203253958;0.182840643;0.164360181;0.147712731;0.132803211;0.119542940;0.107851058;0.097655746;0.088895210;0.081518457;0.075485846;0.070769429;0.067353088;0.065232466;0.064414723;0.064918115;0.066771404;0.070013138;0.074690788;0.080859782;0.088582434;0.097926802;0.108965479;0.121774340;0.136431268;0.153014859;0.171603145;0.192272330;0.215095567;0.240141787;0.267474589;0.297151211;0.329221587;0.363727505;0.400701863;0.440168050;0.482139444;0.526619025;0.573599131;0.623061332;0.674976436;0.729304620;0.785995694;0.844989471;0.906216261;0.969597465;1.035046266;1.102468410;1.171763049;1.242823659;1.315538986;1.389794039;1.465471076;1.542450601;1.620612319;1.699490809;1.778907730;1.859157685;1.940144509;2.021787015;2.104020692;2.186797774;2.270085162;2.353859682;2.438100154;2.522770638;2.607803767;2.693202957;2.778994334;2.865212601;2.951897713;;;;;;;;;;;;;;;
-1.000;;;;;;;;;;;;;;;;;;;;;;;;2.101418326;2.026045200;1.950524438;1.874823747;1.798979019;1.723078504;1.647284048;1.571868440;1.497107255;1.423244005;1.350475681;1.278950455;1.208787277;1.140072206;1.072873120;1.006651265;0.941578085;0.878552673;0.817754166;0.759336717;0.703427947;0.650128260;0.599510927;0.551622793;0.506485522;0.464097265;0.424434669;0.387455142;0.353099301;0.321293536;0.291952638;0.264982418;0.240282301;0.217747830;0.197273053;0.178752773;0.162084625;0.147170964;0.133920558;0.122250055;0.112085241;0.103362068;0.096027456;0.090039872;0.085369695;0.081999365;0.079923329;0.079147802;0.079690345;0.081579277;0.084852940;0.089558836;0.095752636;0.103497096;0.112860897;0.123917407;0.136743412;0.151417807;0.168020285;0.186630024;0.207324399;0.230177736;0.255260113;0.282636224;0.312364333;0.344495304;0.379071747;0.416127255;0.455685777;0.497761098;0.542356459;0.589464297;0.639066130;0.691132557;0.745623407;0.802488000;0.861665541;0.923085619;0.986668821;1.052327440;1.119966272;1.189483477;1.260771509;1.333718082;1.408207162;1.484119969;1.561335964;1.639733800;1.718800991;1.798563901;1.879177134;1.960536961;2.042553560;2.125152967;2.208277415;2.291883544;2.375937893;2.460409114;2.545251929;2.630412638;2.715896364;2.801724271;2.887925940;2.974536060;;;;;;;;;;;;;;;
-1.100;;;;;;;;;;;;;;;;;;;;;;;;2.127800845;2.052587299;1.977153747;1.901469680;1.825573821;1.749557542;1.673568080;1.597884552;1.522795230;1.448554835;1.375372262;1.303409373;1.232786839;1.163593999;1.095900407;1.029428217;0.963859015;0.900325841;0.839015328;0.780088550;0.723679389;0.669893809;0.618809899;0.570478581;0.524924850;0.482149462;0.442130970;0.404828032;0.370181899;0.338119038;0.308553805;0.281391136;0.256529193;0.233861930;0.213281545;0.194680786;0.177955087;0.163004511;0.149735489;0.138062343;0.127908579;0.119207960;0.111905334;0.105957250;0.101332341;0.098011492;0.095987804;0.095266359;0.095863805;0.097807768;0.101136115;0.105896075;0.112143247;0.119940497;0.129356776;0.140465874;0.153345119;0.168074051;0.184733085;0.203402178;0.224159514;0.247080234;0.272235213;0.299689910;0.329503291;0.361726852;0.396403739;0.433567982;0.473243848;0.515445323;0.560175719;0.607427420;0.657181762;0.709409047;0.764068690;0.821109501;0.880470083;0.942079353;1.005857170;1.071715066;1.139557050;1.209280501;1.280777105;1.353933841;1.428633981;1.504758100;1.582185061;1.660792962;1.740053314;1.820166410;1.901145487;1.982878740;2.065266845;2.148225631;2.231686778;2.315596404;2.399910903;2.484589434;2.569581333;2.654849566;2.740398400;2.826244148;2.912411372;2.998929568;;;;;;;;;;;;;;;
-1.200;;;;;;;;;;;;;;;;;;;;;;;;2.156077485;2.081092184;2.005816077;1.930218370;1.854338871;1.778272686;1.702148437;1.626241363;1.550856675;1.476264288;1.402685835;1.330293109;1.259213951;1.189542414;1.121350783;1.054641436;0.988577721;0.924529572;0.862691644;0.803232541;0.746293081;0.691985511;0.640393504;0.591572840;0.545552637;0.502337051;0.461907327;0.424224139;0.389230116;0.356852509;0.327005916;0.299595028;0.274517329;0.251665722;0.230931043;0.212204417;0.195379455;0.180354250;0.167033169;0.155328420;0.145161391;0.136463759;0.129178360;0.123259831;0.118675018;0.115403166;0.113435902;0.112777008;0.113442016;0.115457621;0.118860945;0.123698654;0.130025954;0.137905480;0.147406103;0.158601660;0.171569644;0.186389855;0.203143041;0.221909546;0.242767975;0.265793904;0.291058634;0.318628026;0.348561405;0.380910569;0.415718893;0.453020556;0.492839885;0.535190829;0.580076569;0.627489260;0.677409918;0.729808439;0.784643759;0.841864144;0.901407607;0.963202445;1.027167885;1.093214832;1.161246702;1.231160325;1.302846903;1.376193016;1.451081631;1.527393122;1.605006255;1.683791090;1.763250646;1.843718146;1.925064278;2.007167992;2.089919544;2.173223609;2.257003648;2.341195411;2.425745785;2.510605688;2.595725173;2.681083091;2.766680536;2.852529144;2.938648609;3.025063376;;;;;;;;;;;;;;;
-1.300;;;;;;;;;;;;;;;;;;;;;;;;;2.111509168;2.036463548;1.961026025;1.885235502;1.809189329;1.733003603;1.656932014;1.581297814;1.506387967;1.432438958;1.359634646;1.288111998;1.217971428;1.149289190;1.082129955;1.015802406;0.951238998;0.888864540;0.828855705;0.771360884;0.716499301;0.664360958;0.615007271;0.568472289;0.524764378;0.483868290;0.445747514;0.410346842;0.377595065;0.347407748;0.319690021;0.294339332;0.271248129;0.250306426;0.231404218;0.214433729;0.199291463;0.185880043;0.174109831;0.163900305;0.155181214;0.147893479;0.141989871;0.137435445;0.134207754;0.132296850;0.131705075;0.132446659;0.134547146;0.138042658;0.142979011;0.149410703;0.157399804;0.167014743;0.178329032;0.191419939;0.206367124;0.223251265;0.242152687;0.263150011;0.286318843;0.311730519;0.339450918;0.369539354;0.402047575;0.437018853;0.474487209;0.514476743;0.557001115;0.602063148;0.649654579;0.699755946;0.752336624;0.807354991;0.864758735;0.924485286;0.986462376;1.050608703;1.116834701;1.185043393;1.255131317;1.326989510;1.400504519;1.475559441;1.552034937;1.629810237;1.708675123;1.788451360;1.869255058;1.950948756;2.033402108;2.116495808;2.200124682;2.284199406;2.368646215;2.453404000;2.538417708;2.623646128;2.709078255;2.794710964;2.880551449;2.966614756;3.052920481;;;;;;;;;;;;;;;
-1.400;;;;;;;;;;;;;;;;;;;;;;;;;2.143776667;2.069036640;1.993836735;1.918212680;1.842260490;1.766096805;1.689932736;1.614107545;1.538926918;1.464644311;1.391457891;1.319515900;1.248926979;1.179758225;1.112087453;1.045598396;0.980527620;0.917615142;0.857046168;0.798977218;0.743535141;0.690816978;0.640890548;0.593795622;0.549545599;0.508129563;0.469514648;0.433648622;0.400462613;0.369873920;0.341788845;0.316105495;0.292716511;0.271511687;0.252380433;0.235214081;0.219907980;0.206363393;0.194489150;0.184203086;0.175433222;0.168118713;0.162210554;0.157672045;0.154479032;0.152619927;0.152095515;0.152918569;0.155113283;0.158714541;0.163767035;0.170324256;0.178447372;0.188204016;0.199667000;0.212912973;0.228021053;0.245071432;0.264143996;0.285316961;0.308665547;0.334260712;0.362167948;0.392446173;0.425146707;0.460312371;0.497976691;0.538163243;0.580885120;0.626144545;0.673932628;0.724229263;0.777003173;0.832212090;0.889803084;0.949713012;1.011869095;1.076189612;1.142584688;1.210957177;1.281203607;1.353215185;1.426878837;1.502078254;1.578694928;1.656609157;1.735595229;1.815670703;1.896790260;1.978808068;2.061584375;2.144989866;2.228909275;2.313243697;2.397910967;2.482843389;2.567982893;2.653304626;2.738798018;2.824456021;2.910281696;2.996285734;3.082483159;;;;;;;;;;;;;;;
-1.500;;;;;;;;;;;;;;;;;;;;;;;;;2.177823335;2.103465070;2.028583097;1.953207404;1.877430458;1.801376028;1.725205251;1.649261139;1.573869420;1.499302500;1.425773321;1.353434809;1.282411364;1.212794744;1.144661008;1.078024752;1.012463830;0.949020761;0.887889625;0.829235540;0.773193549;0.719868390;0.669335005;0.621639664;0.576801605;0.534815073;0.495651689;0.459263032;0.425583393;0.394532609;0.366018929;0.339941862;0.316194940;0.294668386;0.275251634;0.257835668;0.242315181;0.228590503;0.216569316;0.206168123;0.197313476;0.189942959;0.184005929;0.179464014;0.176291377;0.174474762;0.174013319;0.174918238;0.177212190;0.180928606;0.186110801;0.192810970;0.201089060;0.211011563;0.222650215;0.236080660;0.251381061;0.268630709;0.287908624;0.309292186;0.332855799;0.358669614;0.386798322;0.417300033;0.450225255;0.485615979;0.523504896;0.563914728;0.606857712;0.652335213;0.700337493;0.750843616;0.803821512;0.859228177;0.917010014;0.977103309;1.039434835;1.103922567;1.170476496;1.238999542;1.309388523;1.381535186;1.455327270;1.530649569;1.607384989;1.685415556;1.764564642;1.844913890;1.926320386;2.008629974;2.091693735;2.175372839;2.259542783;2.344096411;2.428945091;2.514017269;2.599258950;2.684660288;2.770204718;2.855881673;2.941690460;3.027637791;;;;;;;;;;;;;;;;
-1.600;;;;;;;;;;;;;;;;;;;;;;;;;2.213569549;2.139668968;2.065187121;1.990145363;1.914630121;1.838773460;1.762695761;1.686718916;1.611189058;1.536394776;1.462567659;1.389885916;1.318483308;1.248461481;1.179903038;1.112883820;1.047107131;0.983151005;0.921465398;0.862224368;0.805571623;0.751620174;0.700452747;0.652122839;0.606656306;0.564053373;0.524290980;0.487325365;0.453094824;0.421522564;0.392519592;0.365987595;0.341821741;0.319913388;0.300152641;0.282430745;0.266642281;0.252687140;0.240472287;0.229913263;0.220935463;0.213475148;0.207480228;0.202910785;0.199739372;0.197951078;0.197543381;0.198525792;0.200919322;0.204755763;0.210076825;0.216933138;0.225383129;0.235491809;0.247329483;0.260970400;0.276491370;0.293970359;0.313485095;0.335111685;0.358923278;0.384988783;0.413371660;0.444128793;0.477309469;0.512954469;0.551095277;0.591753431;0.634940001;0.680655221;0.728888268;0.779617184;0.832808956;0.888419738;0.946395216;1.006671112;1.069173808;1.133821096;1.200523018;1.269182811;1.339697901;1.411960970;1.485861033;1.561284536;1.638116421;1.716222434;1.795584482;1.876174377;1.957830830;2.040391716;2.123699535;2.207606870;2.291981339;2.376709458;2.461698743;2.546877252;2.632204081;2.717673379;2.803261566;2.888955028;2.974749788;3.060649036;;;;;;;;;;;;;;;;
-1.700;;;;;;;;;;;;;;;;;;;;;;;;;2.250929258;2.177560400;2.103561448;2.028941869;1.953779230;1.878205539;1.802336375;1.726429497;1.650847364;1.575902012;1.501847020;1.428879702;1.357149658;1.286770720;1.217834009;1.150420443;1.084504209;1.020063677;0.957842201;0.898022962;0.840758673;0.786171083;0.734351275;0.685360637;0.639232370;0.595973462;0.555566986;0.517974681;0.483139695;0.450989448;0.421438541;0.394391646;0.369746351;0.347395889;0.327231742;0.309146066;0.293033929;0.278795333;0.266337007;0.255573961;0.246430794;0.238842752;0.232756536;0.228130863;0.224936795;0.223157827;0.222789767;0.223840400;0.226328968;0.230285473;0.235749824;0.242770842;0.251405154;0.261715978;0.273771840;0.287645223;0.303411187;0.321145963;0.340925556;0.362824366;0.386913847;0.413261226;0.441928291;0.472970274;0.506434826;0.542361117;0.580779055;0.621708637;0.665159450;0.711130312;0.759609065;0.810572526;0.863986578;0.919806428;0.977976988;1.038433415;1.101101765;1.165899770;1.232737722;1.301519432;1.372143279;1.444503290;1.518490254;1.593992846;1.670898711;1.749091589;1.828645129;1.909433385;1.991295538;2.074060251;2.157562245;2.241646884;2.326175801;2.411031728;2.496121668;2.581377688;2.666778366;2.752306261;2.837934121;2.923645841;3.009434722;3.095300978;;;;;;;;;;;;;;;;
-1.800;;;;;;;;;;;;;;;;;;;;;;;;;;2.217045240;2.143610880;2.069503075;1.994787357;1.919586799;1.844040500;1.768319188;1.692788294;1.617782370;1.543577879;1.470393364;1.398396729;1.327716488;1.258454559;1.190696368;1.124519736;1.059800652;0.997073810;0.936696833;0.878831609;0.823608952;0.771128761;0.721460876;0.674646506;0.630700118;0.589611702;0.551349307;0.515861771;0.483081574;0.452927749;0.425308790;0.400125507;0.377273792;0.356647239;0.338139615;0.321647125;0.307070474;0.294316697;0.283300754;0.273946869;0.266189627;0.259974816;0.255260023;0.252014987;0.250221720;0.249874409;0.250979104;0.253553219;0.257624849;0.263231937;0.270421289;0.279247476;0.289771635;0.302060187;0.316183494;0.332214485;0.350227254;0.370295665;0.392491979;0.416885516;0.443541377;0.472519244;0.503872261;0.537646022;0.573877683;0.612595186;0.653816633;0.697549796;0.743791782;0.792528846;0.843736362;0.897378947;0.953410741;1.011775829;1.072408802;1.135235452;1.200173587;1.267133942;1.336021191;1.406735011;1.479171215;1.553222890;1.628781548;1.705715456;1.784019130;1.863725363;1.944671333;2.026686061;2.109596177;2.193235192;2.277442725;2.362074284;2.447012007;2.532166483;2.617481598;2.702945124;2.788524783;2.874191709;2.959927963;3.045724766;3.131580000;;;;;;;;;;;;;;;;
-1.900;;;;;;;;;;;;;;;;;;;;;;;;;;2.258025408;2.185234253;2.111727510;2.037555109;1.962828089;1.887701123;1.812296480;1.736935225;1.661973190;1.587710212;1.514387698;1.442194148;1.371275314;1.301735015;1.233679971;1.167205866;1.102383960;1.039194852;0.978293287;0.919850294;0.864005902;0.810869134;0.760518728;0.713004445;0.668348881;0.626549654;0.587581892;0.551400927;0.517945128;0.487138799;0.458895090;0.433118861;0.409709461;0.388563371;0.369576702;0.352647486;0.337677773;0.324575496;0.313256093;0.303643886;0.295673212;0.289289295;0.284448876;0.281120594;0.279285140;0.278935177;0.280075063;0.282720363;0.286897197;0.292641411;0.299997624;0.309018135;0.319761735;0.332292441;0.346678165;0.362989341;0.381297539;0.401674079;0.424188660;0.448908036;0.475894748;0.505205931;0.536892210;0.570996700;0.607554131;0.646590094;0.688120430;0.732150760;0.778676178;0.827681088;0.879139205;0.933013707;0.989257553;1.047813934;1.108616878;1.171591981;1.236657261;1.303724111;1.372698350;1.443481331;1.515971107;1.590063612;1.665653838;1.742561727;1.820968950;1.900782790;1.981836518;2.063954592;2.146958971;2.230676264;2.314945361;2.399625381;2.484602441;2.569792343;2.655156295;2.740672176;2.826299580;2.912008766;2.997780696;3.083605259;;;;;;;;;;;;;;;;;
-2.000;;;;;;;;;;;;;;;;;;;;;;;;;;2.300401505;2.228326675;2.155507944;2.081975652;2.007825316;1.933204199;1.858254474;1.783194902;1.708395268;1.634177915;1.560807884;1.488491914;1.417392792;1.347645190;1.279361660;1.212644569;1.147595034;1.084216974;1.022837250;0.963853079;0.907413638;0.853637199;0.802611677;0.754395808;0.709020847;0.666492665;0.626794166;0.589887930;0.555719006;0.524217785;0.495302902;0.468884090;0.444864968;0.423145700;0.403625497;0.386204948;0.370788129;0.357284500;0.345610557;0.335691245;0.327461114;0.320865226;0.315859815;0.312412697;0.310503452;0.310123373;0.311275211;0.313972715;0.318239999;0.324110735;0.331627218;0.340839291;0.351803175;0.364580216;0.379235566;0.395836832;0.414452694;0.435151539;0.458000097;0.483062141;0.510397221;0.540059497;0.572096645;0.606548883;0.643448106;0.682817163;0.724669266;0.769007551;0.815824792;0.865103277;0.916814836;0.970921039;1.027373540;1.086114576;1.147077615;1.210188124;1.275364474;1.342518935;1.411558773;1.482387404;1.554905598;1.629012706;1.704520536;1.781427465;1.859894968;1.939767946;2.020876525;2.103041736;2.186082458;2.269823384;2.354103630;2.438785529;2.523762993;2.608968806;2.694373031;2.779932990;2.865607253;2.951366026;3.037190010;3.123068603;;;;;;;;;;;;;;;;;
-2.100;;;;;;;;;;;;;;;;;;;;;;;;;;;2.272782124;2.200733584;2.127936536;2.054467062;1.980457113;1.906072323;1.831458389;1.756953428;1.682899660;1.609581762;1.537231281;1.466035983;1.396148000;1.327694587;1.260788511;1.195537006;1.132048674;1.070327670;1.010852804;0.953859113;0.899474008;0.847794668;0.798889058;0.752797478;0.709534559;0.669091582;0.631439049;0.596529420;0.564299950;0.534675553;0.507571648;0.482896934;0.460556054;0.440452105;0.422488974;0.406573478;0.392617273;0.380538536;0.370263398;0.361727135;0.354875099;0.349663407;0.346059380;0.344041752;0.343600648;0.344737354;0.347463881;0.351802357;0.357784246;0.365449426;0.374845144;0.386024861;0.399047018;0.413973740;0.430869494;0.449799735;0.470829548;0.494022314;0.519438417;0.547134008;0.577159851;0.609560256;0.644372127;0.681624126;0.721335972;0.763517884;0.808170172;0.855282989;0.904836237;0.956799642;1.011132987;1.067786504;1.126701415;1.187810630;1.251039563;1.316307085;1.383526572;1.452607050;1.523454396;1.595972597;1.670065017;1.745338544;1.822264003;1.900746029;1.980627705;2.061736929;2.143892665;2.226912616;2.310622117;2.394863860;2.479507997;2.564461998;2.649676854;2.735109356;2.820707660;2.906431367;2.992251548;3.078149576;3.164115297;;;;;;;;;;;;;;;;;
-2.200;;;;;;;;;;;;;;;;;;;;;;;;;;;2.318496433;2.247292643;2.175321860;2.102636378;2.029349002;1.955620145;1.881602984;1.807540004;1.733781129;1.660631850;1.588348547;1.517142059;1.447185381;1.378623202;1.311581617;1.246176855;1.182516653;1.120723264;1.060833595;1.003340858;0.948392797;0.896095706;0.846526814;0.799735683;0.755746054;0.714558056;0.676150685;0.640484460;0.607504201;0.577141854;0.549319297;0.523951101;0.500947177;0.480215286;0.461663380;0.445201745;0.430744930;0.418213446;0.407535218;0.398646801;0.391494334;0.386034255;0.382233770;0.380071083;0.379535404;0.380626746;0.383355513;0.387741916;0.393815220;0.401612847;0.411179349;0.422565280;0.435825983;0.451020317;0.468209338;0.487454966;0.508818650;0.532360058;0.558135807;0.586198254;0.616594366;0.649364683;0.684542393;0.722152530;0.762211306;0.804725587;0.849692526;0.897099350;0.946923314;0.999131817;1.053682685;1.110524606;1.169597734;1.230834425;1.294160120;1.359494345;1.426751820;1.495843652;1.566678602;1.639164384;1.712865385;1.788106551;1.865020648;1.943470875;2.023310261;2.104366244;2.186457290;2.269402131;2.353029693;2.437190085;2.521766162;2.606685031;2.691900221;2.777349878;2.862983677;2.948763241;3.034661511;3.120661557;;;;;;;;;;;;;;;;;;
-2.300;;;;;;;;;;;;;;;;;;;;;;;;;;;;2.295075258;2.224014774;2.152212882;2.079758969;2.006794708;1.933495674;1.860028616;1.786710245;1.713861462;1.641759569;1.570638262;1.500692730;1.432087434;1.364964704;1.299443290;1.235654920;1.173721648;1.113748805;1.055826337;1.000375816;0.947512212;0.897321813;0.849863433;0.805170085;0.763251059;0.724094270;0.687668832;0.653927742;0.622810649;0.594246614;0.568156824;0.544457223;0.523061002;0.503880934;0.486831516;0.471830902;0.458802614;0.447677007;0.438392503;0.430896567;0.425146441;0.421109639;0.418764200;0.418098725;0.419112192;0.421813581;0.426221308;0.432362500;0.440272124;0.449991987;0.461569634;0.475057161;0.490509962;0.507985448;0.527541728;0.549236312;0.573124824;0.599259759;0.627689310;0.658456266;0.691597012;0.727140634;0.765108159;0.805511922;0.848355091;0.893631334;0.941324658;0.991409414;1.043850456;1.098603485;1.155615534;1.214825632;1.276165598;1.339560983;1.404932133;1.472195354;1.541264177;1.612050670;1.684153225;1.757581273;1.832780153;1.909638043;1.988019815;2.067770236;2.148720848;2.230694948;2.313514786;2.397016211;2.481061072;2.565550408;2.650429381;2.735628697;2.821086771;2.906756459;2.992602471;3.078600725;3.164737113;;;;;;;;;;;;;;;;;;
-2.400;;;;;;;;;;;;;;;;;;;;;;;;;;;;2.343976785;2.273900318;2.203075190;2.131562605;2.059481303;1.986995038;1.914280124;1.841560619;1.769159174;1.697368646;1.626443251;1.556600284;1.488023449;1.420868750;1.355285371;1.291407918;1.229364846;1.169281347;1.111250714;1.055372418;1.002008523;0.951253873;0.903176257;0.857817896;0.815197343;0.775311697;0.738139044;0.703641050;0.671765638;0.642449683;0.615621676;0.591204308;0.569116933;0.549277882;0.531606594;0.516025542;0.502461947;0.490849251;0.481128359;0.473248630;0.467168630;0.462856646;0.460290962;0.459459919;0.460361754;0.463004249;0.467404195;0.473586694;0.481584310;0.491436103;0.503186553;0.516884398;0.532581422;0.550331187;0.570187763;0.592204448;0.616432521;0.642920038;0.671710682;0.702842711;0.736347987;0.772251132;0.810568803;0.851309109;0.894471180;0.940044887;0.988010736;1.038339919;1.090994542;1.145928016;1.203085616;1.262405197;1.323818063;1.387249967;1.452622245;1.519853051;1.588858679;1.659328450;1.730850431;1.804213006;1.879329406;1.956087609;2.034352285;2.113968695;2.194768659;2.276578385;2.359228955;2.442567567;2.526472608;2.610869126;2.695690950;2.780859528;2.866320015;2.952029565;3.037957142;3.124082828;;;;;;;;;;;;;;;;;;;
-2.500;;;;;;;;;;;;;;;;;;;;;;;;;;;;;2.324868620;2.255103662;2.184634331;2.113551757;2.041997355;1.970150707;1.898193899;1.826399742;1.755067246;1.684465770;1.614830110;1.546364921;1.479253185;1.413657764;1.349727357;1.287600652;1.227409179;1.169278719;1.113298855;1.059514921;1.008268234;0.959634975;0.913666223;0.870389661;0.829811612;0.791919335;0.756683494;0.724060722;0.693996234;0.666426414;0.641281341;0.618487211;0.597968609;0.579650620;0.563460736;0.549330563;0.537197292;0.527004938;0.518705349;0.512258963;0.507635338;0.504813453;0.503781777;0.504538141;0.507089407;0.511450961;0.517646034;0.525704892;0.535663893;0.547564440;0.561451860;0.577374210;0.595381057;0.615522234;0.637846597;0.662400823;0.689228231;0.718367691;0.749852598;0.783709958;0.819959586;0.858613426;0.899675032;0.943139175;0.988991635;1.037209141;1.087759494;1.140601850;1.195687183;1.252958909;1.312353674;1.373802293;1.437230824;1.502561775;1.569715412;1.638487603;1.708042549;1.779480120;1.852739052;1.927732370;2.004347821;2.082450246;2.161886065;2.242490020;2.324094186;2.406539218;2.489686762;2.573437976;2.657730821;2.742472054;2.827597333;2.913057290;2.998814582;3.084843667;3.171130077;;;;;;;;;;;;;;;;;;;
-2.600;;;;;;;;;;;;;;;;;;;;;;;;;;;;;2.376818433;2.308183472;2.238850032;2.168876433;2.098377156;2.027510590;1.956463976;1.885444576;1.814732182;1.744600661;1.675299530;1.607054256;1.540067045;1.474519998;1.410578738;1.348395702;1.288112595;1.229856146;1.173755872;1.119925660;1.068275733;1.019165087;0.972655990;0.928784822;0.887566919;0.848998686;0.813059912;0.779716211;0.748921513;0.720620567;0.694751383;0.671247590;0.650040661;0.631061982;0.614244733;0.599525568;0.586846077;0.576154021;0.567404334;0.560559893;0.555592054;0.552480961;0.551215645;0.551793902;0.554221994;0.558514158;0.564691964;0.572783527;0.582822594;0.594847533;0.608900242;0.625024993;0.643267246;0.663672446;0.686284821;0.711146217;0.738294970;0.767764856;0.799584116;0.833774592;0.870350973;0.909320183;0.950680902;0.994423253;1.040528640;1.088969764;1.139710809;1.192707798;1.247909130;1.305256277;1.364684647;1.426124606;1.489502629;1.554742587;1.621616301;1.689229525;1.758722688;1.830038552;1.903155149;1.977984925;2.054415370;2.132311917;2.211523124;2.291888309;2.373247672;2.455454880;2.538391950;2.621983581;2.706140073;2.790781635;2.875853665;2.961313502;3.047130588;3.133286203;;;;;;;;;;;;;;;;;;;;
-2.700;;;;;;;;;;;;;;;;;;;;;;;;;;;;;;2.362208006;2.294089993;2.225326735;2.156000671;2.086244029;2.016227361;1.946144985;1.876224647;1.806729118;1.737913164;1.670015389;1.603255671;1.537835341;1.473938701;1.411734890;1.351374330;1.293004529;1.236756438;1.182747978;1.131082871;1.081658292;1.034692943;0.990303539;0.948513905;0.909329291;0.872738507;0.838716200;0.807225216;0.778218979;0.751643837;0.727441340;0.705550389;0.685909256;0.668457417;0.653137196;0.639895209;0.628683577;0.619460918;0.612193117;0.606853864;0.603424969;0.601896471;0.602266541;0.604541191;0.608733813;0.614864561;0.622959590;0.633050174;0.645171730;0.659362759;0.675663730;0.694115934;0.714760319;0.737636338;0.762780824;0.790226917;0.820003060;0.852132078;0.886630375;0.923507232;0.962764263;1.004394994;1.048384620;1.094709914;1.143339314;1.194233181;1.247344240;1.302618188;1.359994479;1.419407271;1.480786531;1.544059274;1.608853877;1.674472742;1.741974394;1.811341411;1.882535360;1.955476230;2.030102286;2.106306172;2.183954384;2.262898698;2.342984827;2.424063806;2.506006081;2.588718154;2.672117843;2.756109434;2.840634459;2.925646151;3.011109856;3.097003158;3.183315572;;;;;;;;;;;;;;;;;;;;
-2.800;;;;;;;;;;;;;;;;;;;;;;;;;;;;;;;2.350242124;2.282777893;2.214734599;2.146213292;2.077359220;2.008351100;1.939391853;1.870710609;1.802550933;1.735154198;1.668751907;1.603561944;1.539787157;1.477611801;1.417210451;1.358740627;1.302344587;1.248148667;1.196262304;1.146776540;1.099650727;1.054832513;1.012553423;0.972826933;0.935650474;0.901007534;0.868869844;0.839199623;0.811951800;0.787076181;0.764519520;0.744227456;0.726146287;0.710224569;0.696414518;0.684673194;0.674963474;0.667254811;0.661523761;0.657754306;0.655937963;0.656073700;0.658167660;0.662232726;0.668287914;0.676357650;0.686470914;0.698660297;0.712960980;0.729409655;0.748043424;0.768898675;0.792009979;0.817409019;0.845123562;0.875176517;0.907585073;0.942359951;0.979504777;1.019015594;1.060880520;1.105079573;1.151584662;1.200359746;1.251361182;1.304538243;1.359833819;1.417185287;1.476525557;1.537784256;1.600332381;1.663947004;1.729430253;1.796780215;1.865977254;1.936980582;2.009726111;2.084118254;2.160053947;2.237411413;2.316046835;2.395814316;2.476578681;2.558231238;2.640689943;2.723852680;2.807655831;2.892049867;2.976997161;3.062472435;3.148462845;;;;;;;;;;;;;;;;;;;;;
-2.900;;;;;;;;;;;;;;;;;;;;;;;;;;;;;;;2.407205442;2.341111994;2.274448719;2.207279927;2.139720635;2.071925193;2.004077321;1.936385839;1.869067535;1.802349822;1.736464745;1.671640163;1.608093252;1.546029874;1.485640730;1.427100485;1.370566606;1.316178244;1.264054986;1.214295665;1.166978438;1.122159171;1.079554639;1.039373708;1.001691809;0.966500764;0.933780900;0.903503109;0.875630932;0.850122595;0.826932968;0.806015406;0.787323448;0.770812349;0.756440424;0.744170194;0.733969330;0.725811377;0.719676277;0.715550678;0.713428046;0.713308579;0.715198953;0.719111889;0.725065580;0.733082983;0.743190997;0.755419551;0.769800619;0.786367188;0.805152187;0.826187425;0.849502529;0.875123928;0.903073887;0.933369617;0.966022485;1.001037326;1.038411889;1.078136424;1.120193413;1.164557480;1.211195457;1.260066637;1.311123207;1.364310861;1.419569590;1.476834656;1.536037730;1.596186996;1.657789033;1.721238736;1.786545112;1.853703329;1.922690549;1.993462768;2.065953060;2.140071603;2.215706049;2.292728395;2.371010795;2.450417918;2.530831589;2.612162248;2.694309893;2.777205752;2.860798919;2.945050022;3.029931940;3.115430205;3.201543045;;;;;;;;;;;;;;;;;;;;;
-3.000;;;;;;;;;;;;;;;;;;;;;;;;;;;;;;;;2.400221242;2.335018710;2.269307637;2.203167340;2.136722963;2.070134765;2.003589246;1.937294194;1.871448974;1.806268295;1.741978218;1.678805055;1.616968490;1.556676730;1.498122992;1.441482852;1.386912161;1.334545026;1.284493326;1.236845241;1.191665003;1.148993044;1.108823635;1.070727771;1.035073577;1.001849355;0.971034273;0.942600263;0.916513909;0.892738266;0.871234589;0.851963931;0.834888589;0.819973378;0.807186721;0.796501541;0.787895957;0.781353772;0.776864773;0.774424825;0.774035793;0.775705280;0.779446214;0.785276290;0.793217280;0.803294241;0.815534637;0.829967385;0.846621864;0.865526897;0.886709726;0.910195012;0.936003869;0.964152964;0.994653688;1.027511435;1.062724986;1.100286031;1.140178832;1.182380043;1.226858696;1.273576369;1.322487524;1.373540038;1.426675913;1.481832175;1.538647453;1.596474266;1.656104704;1.717554727;1.780797904;1.845887163;1.912813688;1.981550425;2.052049281;2.124239860;2.198030118;2.273309365;2.349953935;2.427833981;2.506833045;2.586852430;2.667796622;2.749594540;2.832195249;2.915558883;2.999657577;3.084476131;3.170012384;;;;;;;;;;;;;;;;;;;;;;
-3.100;;;;;;;;;;;;;;;;;;;;;;;;;;;;;;;;;2.396329157;2.332164863;2.267556109;2.202593454;2.137409041;2.072166504;2.007052973;1.942268644;1.877995864;1.814439752;1.751821795;1.690367889;1.630299511;1.571827202;1.515145679;1.460430158;1.407833400;1.357484063;1.309485406;1.263914766;1.220823769;1.180248813;1.142189510;1.106577209;1.072936902;1.041666355;1.012745372;0.986148565;0.961847011;0.939809838;0.920005705;0.902404139;0.886976721;0.873698098;0.862546819;0.853505973;0.846563646;0.841713184;0.838953275;0.838287852;0.839725838;0.843280730;0.848970053;0.856814690;0.866838117;0.879065546;0.893523012;0.910236423;0.929230582;0.950528217;0.974149033;1.000108807;1.028418547;1.059083739;1.092103689;1.127470991;1.165171124;1.205182203;1.247474887;1.292012459;1.338751084;1.387640253;1.438623417;1.491638801;1.545686338;1.601480291;1.659066239;1.718457252;1.779666354;1.842701892;1.907534558;1.974188750;2.042632158;2.112811723;2.184652954;2.258061357;2.332926363;2.409128159;2.486547731;2.565080313;2.644635579;2.725144879;2.806558490;2.888837249;2.971953644;3.055892700;3.140652614;;;;;;;;;;;;;;;;;;;;;;;
-3.200;;;;;;;;;;;;;;;;;;;;;;;;;;;;;;;;;2.458276706;2.395727515;2.332747078;2.269385432;2.205741318;2.141951401;2.078180739;2.014615017;1.951443963;1.888835175;1.826984492;1.766109548;1.706435794;1.648185916;1.591571983;1.536788944;1.484010273;1.433385094;1.385036018;1.339058148;1.295521744;1.254471690;1.215922560;1.179867847;1.146281327;1.115130435;1.085924424;1.058895053;1.034138771;1.011632305;0.991351787;0.973273967;0.957377286;0.943642799;0.932054921;0.922602008;0.915276756;0.910076426;0.907002890;0.906062518;0.907265906;0.910627461;0.916164861;0.923898395;0.933850214;0.946043508;0.960501624;0.977247150;0.996300986;1.017681425;1.041403255;1.067476922;1.095907752;1.126695268;1.159832610;1.195306080;1.233094832;1.273170702;1.315498221;1.360034784;1.406731019;1.455531332;1.505725756;1.557670384;1.611390603;1.666900419;1.724207159;1.783321207;1.844251765;1.907002341;1.971566317;2.037905046;2.106007744;2.175815496;2.247249131;2.320211530;2.394592643;2.470277616;2.547158391;2.625146770;2.704181654;2.784215609;2.865211246;2.947142435;3.029995360;3.113769370;3.198477575;;;;;;;;;;;;;;;;;;;;;;;
-3.300;;;;;;;;;;;;;;;;;;;;;;;;;;;;;;;;;;2.459881782;2.398606170;2.336949429;2.274971062;2.212775576;2.150502256;2.088316157;2.026400344;1.964934987;1.904074072;1.844003998;1.784937945;1.727100118;1.670713444;1.615989557;1.563122561;1.512283741;1.463618153;1.417242659;1.373247547;1.331695321;1.292619366;1.256028190;1.221908558;1.190251435;1.161009210;1.134116332;1.109467917;1.086565140;1.065874860;1.047380805;1.031068164;1.016924390;1.004939852;0.995108329;0.987427343;0.981898319;0.978526597;0.977321281;0.978294947;0.981463214;0.986844201;0.994457876;1.004325323;1.016467933;1.030906560;1.047660635;1.066747288;1.088180469;1.111970117;1.138121376;1.166633891;1.197501193;1.230710205;1.266240866;1.304065911;1.344150802;1.386453827;1.430825021;1.476946220;1.524930748;1.574745553;1.626369067;1.679774773;1.734969346;1.791965227;1.850769256;1.911385806;1.973812440;2.038035737;2.104027646;2.171734309;2.241107211;2.312061957;2.384498725;2.458308517;2.533382792;2.609637935;2.687021937;2.765490522;2.845008971;2.925553427;3.007112076;3.089686174;3.173290862;;;;;;;;;;;;;;;;;;;;;;;;
-3.400;;;;;;;;;;;;;;;;;;;;;;;;;;;;;;;;;;;2.465007526;2.405139814;2.344937663;2.284467686;2.223838302;2.163190031;2.102686952;2.042509267;1.982831548;1.923795242;1.865575800;1.808380697;1.752430706;1.697946785;1.645139429;1.594200866;1.545299555;1.498574386;1.454141524;1.412086700;1.372464898;1.335304217;1.300610430;1.268390365;1.238598841;1.211190240;1.186111057;1.163311554;1.142789276;1.124436151;1.107914025;1.093415847;1.081083257;1.070915440;1.062914802;1.057087059;1.053441190;1.051989237;1.052745982;1.055728495;1.060955579;1.068447120;1.078223352;1.090304079;1.104707844;1.121451085;1.140547292;1.162006181;1.185832913;1.212027379;1.240583561;1.271488994;1.304724351;1.340263160;1.378056554;1.417943072;1.459843671;1.503698403;1.549457653;1.597080893;1.646538051;1.697809265;1.750883710;1.805740921;1.862399136;1.920862335;1.981128911;2.043189253;2.107021897;2.172590333;2.239840920;2.308700589;2.379086869;2.450897284;2.524024951;2.598395566;2.673965420;2.750694012;2.828549968;2.907512407;2.987572213;3.068733196;3.151013086;;;;;;;;;;;;;;;;;;;;;;;;;
-3.500;;;;;;;;;;;;;;;;;;;;;;;;;;;;;;;;;;;;2.473816811;2.415482119;2.356854210;2.298005004;2.239045488;2.180116475;2.121380495;2.063014743;2.005194485;1.948051587;1.891747609;1.836480893;1.782466829;1.729922678;1.679056027;1.630054787;1.583081106;1.538280571;1.495763260;1.455609568;1.417871460;1.382580007;1.349747947;1.319357592;1.291378012;1.265767617;1.242499333;1.221543834;1.202819890;1.186281469;1.171891010;1.159665077;1.149566129;1.141557333;1.135518320;1.131629631;1.129956656;1.130516503;1.133327844;1.138410334;1.145783947;1.155468251;1.167481626;1.181840466;1.198558355;1.217645265;1.239106774;1.262943347;1.289149670;1.317781131;1.348730175;1.381919271;1.417291445;1.454784171;1.494335279;1.535885761;1.579380589;1.624774554;1.672031215;1.721123033;1.772031254;1.824744572;1.879254895;1.935550250;1.993640493;2.053516718;2.115160786;2.178541860;2.243613749;2.310313510;2.378561801;2.448265998;2.519324204;2.591676760;2.665285559;2.740114221;2.816135140;2.893330881;2.971695524;3.051235919;3.131972823;;;;;;;;;;;;;;;;;;;;;;;;;;
-3.600;;;;;;;;;;;;;;;;;;;;;;;;;;;;;;;;;;;;;2.486448601;2.429760708;2.372813931;2.315684193;2.258484143;2.201354336;2.144455516;2.087961909;2.032052656;1.976861312;1.922529897;1.869244399;1.817211646;1.766642812;1.717734420;1.670677055;1.625636639;1.582750209;1.542125806;1.503842510;1.467952894;1.434494255;1.403473141;1.374877513;1.348681636;1.324877713;1.303423765;1.284263413;1.267354982;1.252662476;1.240206761;1.229934193;1.221814635;1.215846547;1.212039161;1.210450655;1.211050292;1.213868387;1.218939043;1.226298335;1.235972958;1.247985002;1.262358676;1.279109517;1.298238540;1.319736084;1.343594614;1.369788325;1.398281062;1.429027758;1.461977279;1.497077145;1.534269948;1.573498911;1.614710352;1.657855385;1.702891002;1.749784709;1.798510686;1.849050339;1.901390805;1.955522684;2.011433765;2.069112868;2.128548974;2.189713937;2.252566150;2.317048503;2.383087782;2.450595999;2.519481494;2.589702108;2.661221679;2.734008004;2.808037392;2.883296068;2.959781568;3.037504062;3.116487599;;;;;;;;;;;;;;;;;;;;;;;;;;;
-3.700;;;;;;;;;;;;;;;;;;;;;;;;;;;;;;;;;;;;;;2.503012869;2.448072875;2.392900571;2.337575014;2.282209988;2.226945571;2.171940768;2.117367114;2.063403188;2.010206005;1.957893984;1.906635873;1.856623985;1.808057098;1.761136223;1.716044402;1.672942803;1.631966636;1.593219728;1.556783711;1.522724443;1.491073674;1.461842352;1.435024713;1.410628219;1.388615987;1.368953024;1.351605124;1.336540525;1.323781609;1.313266538;1.304971904;1.298890501;1.295024120;1.293423053;1.294049977;1.296924576;1.302070119;1.309512369;1.319276139;1.331367301;1.345801378;1.362586634;1.381722146;1.403192963;1.426985620;1.453073157;1.481419852;1.511982617;1.544713712;1.579562980;1.616477384;1.655404767;1.696295937;1.739106418;1.783796585;1.830334882;1.878696605;1.928862026;1.980815313;2.034542192;2.090027056;2.147247346;2.206178454;2.266782854;2.329006738;2.392780880;2.458020931;2.524654309;2.592649770;2.661972195;2.732593323;2.804493229;2.877661742;2.952099849;3.027821081;3.104852826;;;;;;;;;;;;;;;;;;;;;;;;;;;;
-3.800;;;;;;;;;;;;;;;;;;;;;;;;;;;;;;;;;;;;;;;2.523586326;2.470482045;2.417163883;2.363713529;2.310245699;2.256900056;2.203834142;2.151217271;2.099225276;2.048034569;1.997773076;1.948574894;1.900617654;1.854092450;1.809188765;1.766083846;1.724935441;1.685866453;1.648996827;1.614415940;1.582183710;1.552337385;1.524896288;1.499875815;1.477265638;1.457047303;1.439197728;1.423692840;1.410553743;1.399721000;1.391177162;1.384911324;1.380919413;1.379240827;1.379836620;1.382716576;1.387893573;1.395381516;1.405202949;1.417349777;1.431828493;1.448639643;1.467776521;1.489223177;1.512958005;1.538952283;1.567169854;1.597568543;1.630102289;1.664724125;1.701383482;1.740031671;1.780622782;1.823115054;1.867471681;1.913660079;1.961655188;2.011434511;2.062977542;2.116263368;2.171267821;2.227960397;2.286300837;2.346238828;2.407707219;2.470627114;2.534952950;2.600650869;2.667689126;2.736042871;2.805695520;2.876640151;2.948880930;3.022434517;3.097331450;;;;;;;;;;;;;;;;;;;;;;;;;;;;;
-3.900;;;;;;;;;;;;;;;;;;;;;;;;;;;;;;;;;;;;;;;;;2.497014918;2.445617376;2.394100389;2.342579677;2.291194765;2.240102201;2.189469686;2.139471043;2.090281952;2.042070660;1.994954159;1.949081556;1.904627648;1.861770420;1.820677313;1.781491577;1.744360332;1.709396046;1.676687033;1.646298471;1.618273319;1.592645967;1.569433097;1.548634824;1.530243023;1.514248330;1.500659367;1.489439667;1.480573723;1.474049607;1.469859670;1.468030939;1.468527367;1.471350227;1.476503042;1.483990007;1.493823508;1.505990499;1.520486670;1.537304652;1.556431083;1.577846456;1.601524062;1.627431624;1.655531585;1.685781600;1.718135915;1.752549345;1.788973254;1.827360620;1.867667259;1.909852495;1.953879683;1.999715728;2.047331437;2.096700135;2.147794683;2.200585564;2.255038104;2.311109614;2.368746716;2.427883169;2.488458831;2.550438134;2.613786230;2.678473942;2.744479035;2.811787547;2.880395177;2.950308706;3.021547430;3.094144572;;;;;;;;;;;;;;;;;;;;;;;;;;;;;;
-4.000;;;;;;;;;;;;;;;;;;;;;;;;;;;;;;;;;;;;;;;;;;2.527659244;2.478236641;2.428699647;2.379165271;2.329773363;2.280680077;2.232052214;2.184062383;2.136884891;2.090692316;2.045647452;2.001870157;1.959508226;1.918719201;1.879661255;1.842487762;1.807332210;1.774307821;1.743506440;1.714992527;1.688828864;1.665055421;1.643693937;1.624754680;1.608243126;1.594166568;1.582509742;1.573262525;1.566415152;1.561959267;1.559909883;1.560237491;1.562936848;1.568003748;1.575433930;1.585228239;1.597370745;1.611847544;1.628643460;1.647738311;1.669106854;1.692718579;1.718536977;1.746522099;1.776630265;1.808815230;1.843030481;1.879229422;1.917364605;1.957391763;1.999269396;2.042958956;2.088424508;2.135631391;2.184546142;2.235132931;2.287351557;2.341154862;2.396486130;2.453284892;2.511508873;2.571119923;2.632084481;2.694374812;2.757970238;2.822858443;2.889036845;2.956514005;3.025311075;3.095463240;;;;;;;;;;;;;;;;;;;;;;;;;;;;;;;
-4.100;;;;;;;;;;;;;;;;;;;;;;;;;;;;;;;;;;;;;;;;;;;2.562362169;2.514958191;2.467438023;2.419920418;2.372546147;2.325471664;2.278863649;2.232894320;2.187737467;2.143565131;2.100544872;2.058836966;2.018567478;1.979867959;1.942885393;1.907761278;1.874624780;1.843588711;1.814737545;1.788161593;1.763921936;1.742063318;1.722616672;1.705602895;1.691037816;1.678925102;1.669263450;1.662048613;1.657274715;1.654947065;1.655045045;1.657559377;1.662480241;1.669796669;1.679498703;1.691567496;1.705981836;1.722719199;1.741752705;1.763050872;1.786578213;1.812294521;1.840156523;1.870118038;1.902130962;1.936146359;1.972117052;2.009993953;2.049730742;2.091283027;2.134608219;2.179664896;2.226411606;2.274805376;2.324799604;2.376341376;2.429373306;2.483847683;2.539722056;2.596957860;2.655521441;2.715385174;2.776528664;2.838940029;2.902617247;2.967569567;3.033818955;3.101401557;;;;;;;;;;;;;;;;;;;;;;;;;;;;;;;;
-4.200;;;;;;;;;;;;;;;;;;;;;;;;;;;;;;;;;;;;;;;;;;;;;2.555678726;2.510204535;2.464727586;2.419390244;2.374350022;2.329774274;2.285835651;2.242708250;2.200564379;2.159571906;2.119892103;2.081677952;2.045067841;2.010178591;1.977137456;1.946064520;1.917065810;1.890242698;1.865677066;1.843435166;1.823568649;1.806114672;1.791103755;1.778556225;1.768482431;1.760886684;1.755768661;1.753128060;1.752953921;1.755235646;1.759960239;1.767112131;1.776672996;1.788619926;1.802927052;1.819565292;1.838501490;1.859698360;1.883113965;1.908704563;1.936423041;1.966219648;1.998043107;2.031841460;2.067563261;2.105157318;2.144573052;2.185761090;2.228672640;2.273258622;2.319468334;2.367247656;2.416539764;2.467293391;2.519460697;2.572997098;2.627862171;2.684020658;2.741443554;2.800109293;2.860005005;2.921127857;2.983486452;3.047102278;;;;;;;;;;;;;;;;;;;;;;;;;;;;;;;;;;
-4.300;;;;;;;;;;;;;;;;;;;;;;;;;;;;;;;;;;;;;;;;;;;;;;2.600254722;2.556850406;2.513433920;2.470149959;2.427157859;2.384626440;2.342729572;2.301642418;2.261538281;2.222586005;2.184947858;2.148777866;2.114220530;2.081409892;2.050467148;2.021495607;1.994597721;1.969867431;1.947386585;1.927224028;1.909433133;1.894059849;1.881138931;1.870693787;1.862739295;1.857283075;1.854324485;1.853861262;1.855884079;1.860379209;1.867328704;1.876709266;1.888492968;1.902651389;1.919149948;1.937949895;1.959008475;1.982278127;2.007709649;2.035252285;2.064851819;2.096452639;2.129998401;2.165432587;2.202698925;2.241741240;2.282503229;2.324927914;2.368956482;2.414530664;2.461594042;2.510092165;2.559973270;2.611189098;2.663695796;2.717454905;2.772434446;2.828610084;2.885966388;2.944498151;3.004211793;3.065126818;;;;;;;;;;;;;;;;;;;;;;;;;;;;;;;;;;;
-4.400;;;;;;;;;;;;;;;;;;;;;;;;;;;;;;;;;;;;;;;;;;;;;;;;2.607189082;2.565851457;2.524637107;2.483707949;2.443235012;2.403394103;2.364362128;2.326314004;2.289420092;2.253844122;2.219741535;2.187258201;2.156529479;2.127679563;2.100821076;2.076054889;2.053469025;2.033139013;2.015130822;1.999501031;1.986295735;1.975550293;1.967290197;1.961531887;1.958279720;1.957537547;1.959299221;1.963552292;1.970278405;1.979452595;1.991042571;2.005017930;2.021339758;2.039964576;2.060844682;2.083928072;2.109159122;2.136482930;2.165840165;2.197169967;2.230410472;2.265499179;2.302373676;2.340971893;2.381229404;2.423081915;2.466465952;2.511319468;2.557582508;2.605197964;2.654112397;2.704276954;2.755648361;2.808190009;2.861873120;2.916678004;2.972595383;3.029627797;;;;;;;;;;;;;;;;;;;;;;;;;;;;;;;;;;;;;
-4.500;;;;;;;;;;;;;;;;;;;;;;;;;;;;;;;;;;;;;;;;;;;;;;;;;;2.621757213;2.582631171;2.543783291;2.505387483;2.467622118;2.430666410;2.394697374;2.359887297;2.326401677;2.294397575;2.264022329;2.235412603;2.208693708;2.183979179;2.161370555;2.140957341;2.122817123;2.107015805;2.093607940;2.082637128;2.074135636;2.068126502;2.064622691;2.063630381;2.065147095;2.069162593;2.075659306;2.084612557;2.095989178;2.109754919;2.125867573;2.144279764;2.164939453;2.187790497;2.212773320;2.239828074;2.268891891;2.299898485;2.332779726;2.367466078;2.403887072;2.441971809;2.481649506;2.522850096;2.565504877;2.609547235;2.654913422;2.701543422;2.749381881;2.798379128;2.848492273;2.899686388;2.951935770;3.005225281;;;;;;;;;;;;;;;;;;;;;;;;;;;;;;;;;;;;;;;
-4.600;;;;;;;;;;;;;;;;;;;;;;;;;;;;;;;;;;;;;;;;;;;;;;;;;;;;2.643879034;2.607136769;2.570843516;2.535180716;2.500330320;2.466471784;2.433779564;2.402421065;2.372554997;2.344330083;2.317884092;2.293343137;2.270821232;2.250420035;2.232228789;2.216324397;2.202771623;2.191623405;2.182921231;2.176695589;2.172966461;2.171743849;2.173028318;2.176811557;2.183076941;2.191800088;2.202949413;2.216486673;2.232367493;2.250541894;2.270954802;2.293546552;2.318253389;2.345007972;2.373739874;2.404376106;2.436841647;2.471060003;2.506953794;2.544445379;2.583457522;2.623914115;2.665740946;2.708866540;2.753223063;2.798747293;2.845381676;2.893075453;2.941785863;2.991479436;;;;;;;;;;;;;;;;;;;;;;;;;;;;;;;;;;;;;;;;;
-4.700;;;;;;;;;;;;;;;;;;;;;;;;;;;;;;;;;;;;;;;;;;;;;;;;;;;;;;2.673490036;2.639333613;2.605809630;2.573103050;2.541395947;2.510865013;2.481679521;2.453999672;2.427975301;2.403744888;2.381434847;2.361159045;2.343018538;2.327101471;2.313483132;2.302226134;2.293380697;2.286985011;2.283065670;2.281638157;2.282707365;2.286268149;2.292305891;2.300797090;2.311709942;2.325004935;2.340635438;2.358548292;2.378684402;2.400979325;2.425363867;2.451764682;2.480104890;2.510304699;2.542282060;2.575953339;2.611234031;2.648039505;2.686285795;2.725890450;2.766773429;2.808858063;2.852072087;2.896348734;2.941627908;2.987857428;;;;;;;;;;;;;;;;;;;;;;;;;;;;;;;;;;;;;;;;;;;
-4.800;;;;;;;;;;;;;;;;;;;;;;;;;;;;;;;;;;;;;;;;;;;;;;;;;;;;;;;;;2.679218291;2.648704580;2.619200093;2.590883645;2.563926139;2.538488917;2.514722455;2.492765361;2.472743647;2.454770232;2.438944656;2.425352962;2.414067733;2.405148259;2.398640805;2.394578970;2.392984118;2.393865865;2.397222617;2.403042130;2.411302119;2.421970864;2.435007852;2.450364417;2.467984401;2.487804815;2.509756521;2.533764914;2.559750629;2.587630262;2.617317103;2.648721915;2.681753720;2.716320644;2.752330784;2.789693134;2.828318558;2.868120821;2.909017681;2.950932048;2.993793207;;;;;;;;;;;;;;;;;;;;;;;;;;;;;;;;;;;;;;;;;;;;;
-4.900;;;;;;;;;;;;;;;;;;;;;;;;;;;;;;;;;;;;;;;;;;;;;;;;;;;;;;;;;;;;2.699580156;2.673540897;2.648874760;2.625743674;2.604298086;2.584675948;2.567001980;2.551387161;2.537928425;2.526708542;2.517796140;2.511245872;2.507098681;2.505382166;2.506111028;2.509287569;2.514902260;2.522934339;2.533352456;2.546115339;2.561172494;2.578464920;2.597925849;2.619481508;2.643051895;2.668551585;2.695890557;2.724975047;2.755708436;2.787992170;2.821726725;2.856812610;2.893151421;2.930646951;2.969206359;;;;;;;;;;;;;;;;;;;;;;;;;;;;;;;;;;;;;;;;;;;;;;;;
-5.000;;;;;;;;;;;;;;;;;;;;;;;;;;;;;;;;;;;;;;;;;;;;;;;;;;;;;;;;;;;;;;;;2.715437680;2.696379067;2.679154478;2.663886258;2.650682266;2.639635573;2.630824337;2.624311835;2.620146632;2.618362862;2.618980615;2.622006403;2.627433704;2.635243562;2.645405243;2.657876935;2.672606491;2.689532203;2.708583610;2.729682339;2.752742976;2.777673969;2.804378559;2.832755752;2.862701327;2.894108878;2.926870912;;;;;;;;;;;;;;;;;;;;;;;;;;;;;;;;;;;;;;;;;;;;;;;;;;;;
-5.100;;;;;;;;;;;;;;;;;;;;;;;;;;;;;;;;;;;;;;;;;;;;;;;;;;;;;;;;;;;;;;;;;;;;;;2.743647134;2.737265639;2.733160819;2.731373577;2.731929642;2.734839989;2.740101351;2.747696813;2.757596465;2.769758138;2.784128171;2.800642248;2.819226266;2.839797258;2.862264347;;;;;;;;;;;;;;;;;;;;;;;;;;;;;;;;;;;;;;;;;;;;;;;;;;;;;;;;;;
-5.200;;;;;;;;;;;;;;;;;;;;;;;;;;;;;;;;;;;;;;;;;;;;;;;;;;;;;;;;;;;;;;;;;;;;;;;;;;;;;;;;;;;;;;;;;;;;;;;;;;;;;;;;;;;;;;;;;;;;;;;;;;;;;;;;;;;;;;;;;;;;;;
-5.300;;;;;;;;;;;;;;;;;;;;;;;;;;;;;;;;;;;;;;;;;;;;;;;;;;;;;;;;;;;;;;;;;;;;;;;;;;;;;;;;;;;;;;;;;;;;;;;;;;;;;;;;;;;;;;;;;;;;;;;;;;;;;;;;;;;;;;;;;;;;;;
-5.400;;;;;;;;;;;;;;;;;;;;;;;;;;;;;;;;;;;;;;;;;;;;;;;;;;;;;;;;;;;;;;;;;;;;;;;;;;;;;;;;;;;;;;;;;;;;;;;;;;;;;;;;;;;;;;;;;;;;;;;;;;;;;;;;;;;;;;;;;;;;;;
-5.500;;;;;;;;;;;;;;;;;;;;;;;;;;;;;;;;;;;;;;;;;;;;;;;;;;;;;;;;;;;;;;;;;;;;;;;;;;;;;;;;;;;;;;;;;;;;;;;;;;;;;;;;;;;;;;;;;;;;;;;;;;;;;;;;;;;;;;;;;;;;;;
-5.600;;;;;;;;;;;;;;;;;;;;;;;;;;;;;;;;;;;;;;;;;;;;;;;;;;;;;;;;;;;;;;;;;;;;;;;;;;;;;;;;;;;;;;;;;;;;;;;;;;;;;;;;;;;;;;;;;;;;;;;;;;;;;;;;;;;;;;;;;;;;;;
-5.700;;;;;;;;;;;;;;;;;;;;;;;;;;;;;;;;;;;;;;;;;;;;;;;;;;;;;;;;;;;;;;;;;;;;;;;;;;;;;;;;;;;;;;;;;;;;;;;;;;;;;;;;;;;;;;;;;;;;;;;;;;;;;;;;;;;;;;;;;;;;;;
-5.800;;;;;;;;;;;;;;;;;;;;;;;;;;;;;;;;;;;;;;;;;;;;;;;;;;;;;;;;;;;;;;;;;;;;;;;;;;;;;;;;;;;;;;;;;;;;;;;;;;;;;;;;;;;;;;;;;;;;;;;;;;;;;;;;;;;;;;;;;;;;;;
-5.900;;;;;;;;;;;;;;;;;;;;;;;;;;;;;;;;;;;;;;;;;;;;;;;;;;;;;;;;;;;;;;;;;;;;;;;;;;;;;;;;;;;;;;;;;;;;;;;;;;;;;;;;;;;;;;;;;;;;;;;;;;;;;;;;;;;;;;;;;;;;;;
-6.000;;;;;;;;;;;;;;;;;;;;;;;;;;;;;;;;;;;;;;;;;;;;;;;;;;;;;;;;;;;;;;;;;;;;;;;;;;;;;;;;;;;;;;;;;;;;;;;;;;;;;;;;;;;;;;;;;;;;;;;;;;;;;;;;;;;;;;;;;;;;;;
-6.100;;;;;;;;;;;;;;;;;;;;;;;;;;;;;;;;;;;;;;;;;;;;;;;;;;;;;;;;;;;;;;;;;;;;;;;;;;;;;;;;;;;;;;;;;;;;;;;;;;;;;;;;;;;;;;;;;;;;;;;;;;;;;;;;;;;;;;;;;;;;;;
-6.200;;;;;;;;;;;;;;;;;;;;;;;;;;;;;;;;;;;;;;;;;;;;;;;;;;;;;;;;;;;;;;;;;;;;;;;;;;;;;;;;;;;;;;;;;;;;;;;;;;;;;;;;;;;;;;;;;;;;;;;;;;;;;;;;;;;;;;;;;;;;;;
-6.300;;;;;;;;;;;;;;;;;;;;;;;;;;;;;;;;;;;;;;;;;;;;;;;;;;;;;;;;;;;;;;;;;;;;;;;;;;;;;;;;;;;;;;;;;;;;;;;;;;;;;;;;;;;;;;;;;;;;;;;;;;;;;;;;;;;;;;;;;;;;;;
-6.400;;;;;;;;;;;;;;;;;;;;;;;;;;;;;;;;;;;;;;;;;;;;;;;;;;;;;;;;;;;;;;;;;;;;;;;;;;;;;;;;;;;;;;;;;;;;;;;;;;;;;;;;;;;;;;;;;;;;;;;;;;;;;;;;;;;;;;;;;;;;;;
-6.500;;;;;;;;;;;;;;;;;;;;;;;;;;;;;;;;;;;;;;;;;;;;;;;;;;;;;;;;;;;;;;;;;;;;;;;;;;;;;;;;;;;;;;;;;;;;;;;;;;;;;;;;;;;;;;;;;;;;;;;;;;;;;;;;;;;;;;;;;;;;;;
-6.600;;;;;;;;;;;;;;;;;;;;;;;;;;;;;;;;;;;;;;;;;;;;;;;;;;;;;;;;;;;;;;;;;;;;;;;;;;;;;;;;;;;;;;;;;;;;;;;;;;;;;;;;;;;;;;;;;;;;;;;;;;;;;;;;;;;;;;;;;;;;;;
-6.700;;;;;;;;;;;;;;;;;;;;;;;;;;;;;;;;;;;;;;;;;;;;;;;;;;;;;;;;;;;;;;;;;;;;;;;;;;;;;;;;;;;;;;;;;;;;;;;;;;;;;;;;;;;;;;;;;;;;;;;;;;;;;;;;;;;;;;;;;;;;;;
-6.800;;;;;;;;;;;;;;;;;;;;;;;;;;;;;;;;;;;;;;;;;;;;;;;;;;;;;;;;;;;;;;;;;;;;;;;;;;;;;;;;;;;;;;;;;;;;;;;;;;;;;;;;;;;;;;;;;;;;;;;;;;;;;;;;;;;;;;;;;;;;;;
-6.900;;;;;;;;;;;;;;;;;;;;;;;;;;;;;;;;;;;;;;;;;;;;;;;;;;;;;;;;;;;;;;;;;;;;;;;;;;;;;;;;;;;;;;;;;;;;;;;;;;;;;;;;;;;;;;;;;;;;;;;;;;;;;;;;;;;;;;;;;;;;;;
-7.000;;;;;;;;;;;;;;;;;;;;;;;;;;;;;;;;;;;;;;;;;;;;;;;;;;;;;;;;;;;;;;;;;;;;;;;;;;;;;;;;;;;;;;;;;;;;;;;;;;;;;;;;;;;;;;;;;;;;;;;;;;;;;;;;;;;;;;;;;;;;;;
BACK [mm];-7.000;-6.900;-6.800;-6.700;-6.600;-6.500;-6.400;-6.300;-6.200;-6.100;-6.000;-5.900;-5.800;-5.700;-5.600;-5.500;-5.400;-5.300;-5.200;-5.100;-5.000;-4.900;-4.800;-4.700;-4.600;-4.500;-4.400;-4.300;-4.200;-4.100;-4.000;-3.900;-3.800;-3.700;-3.600;-3.500;-3.400;-3.300;-3.200;-3.100;-3.000;-2.900;-2.800;-2.700;-2.600;-2.500;-2.400;-2.300;-2.200;-2.100;-2.000;-1.900;-1.800;-1.700;-1.600;-1.500;-1.400;-1.300;-1.200;-1.100;-1.000;-0.900;-0.800;-0.700;-0.600;-0.500;-0.400;-0.300;-0.200;-0.100;0.000;0.100;0.200;0.300;0.400;0.500;0.600;0.700;0.800;0.900;1.000;1.100;1.200;1.300;1.400;1.500;1.600;1.700;1.800;1.900;2.000;2.100;2.200;2.300;2.400;2.500;2.600;2.700;2.800;2.900;3.000;3.100;3.200;3.300;3.400;3.500;3.600;3.700;3.800;3.900;4.000;4.100;4.200;4.300;4.400;4.500;4.600;4.700;4.800;4.900;5.000;5.100;5.200;5.300;5.400;5.500;5.600;5.700;5.800;5.900;6.000;6.100;6.200;6.300;6.400;6.500;6.600;6.700;6.800;6.900;7.000;
7.000;;;;;;;;;;;;;;;;;;;;;;;;;;;;;;;;;;;;;;;;;;;;;;;;;;;;;;;;;;;;;;;;;;;;;;;;;;;;;;;;;;;;;;;;;;;;;;;;;;;;;;;;;;;;;;;;;;;;;;;;;;;;;;;;;;;;;;;;;;;;;;
6.900;;;;;;;;;;;;;;;;;;;;;;;;;;;;;;;;;;;;;;;;;;;;;;;;;;;;;;;;;;;;;;;;;;;;;;;;;;;;;;;;;;;;;;;;;;;;;;;;;;;;;;;;;;;;;;;;;;;;;;;;;;;;;;;;;;;;;;;;;;;;;;
6.800;;;;;;;;;;;;;;;;;;;;;;;;;;;;;;;;;;;;;;;;;;;;;;;;;;;;;;;;;;;;;;;;;;;;;;;;;;;;;;;;;;;;;;;;;;;;;;;;;;;;;;;;;;;;;;;;;;;;;;;;;;;;;;;;;;;;;;;;;;;;;;
6.700;;;;;;;;;;;;;;;;;;;;;;;;;;;;;;;;;;;;;;;;;;;;;;;;;;;;;;;;;;;;;;;;;;;;;;;;;;;;;;;;;;;;;;;;;;;;;;;;;;;;;;;;;;;;;;;;;;;;;;;;;;;;;;;;;;;;;;;;;;;;;;
6.600;;;;;;;;;;;;;;;;;;;;;;;;;;;;;;;;;;;;;;;;;;;;;;;;;;;;;;;;;;;;;;;;;;;;;;;;;;;;;;;;;;;;;;;;;;;;;;;;;;;;;;;;;;;;;;;;;;;;;;;;;;;;;;;;;;;;;;;;;;;;;;
6.500;;;;;;;;;;;;;;;;;;;;;;;;;;;;;;;;;;;;;;;;;;;;;;;;;;;;;;;;;;;;;;;;;;;;;;;;;;;;;;;;;;;;;;;;;;;;;;;;;;;;;;;;;;;;;;;;;;;;;;;;;;;;;;;;;;;;;;;;;;;;;;
6.400;;;;;;;;;;;;;;;;;;;;;;;;;;;;;;;;;;;;;;;;;;;;;;;;;;;;;;;;;;;;;;;;;;;;;;;;;;;;;;;;;;;;;;;;;;;;;;;;;;;;;;;;;;;;;;;;;;;;;;;;;;;;;;;;;;;;;;;;;;;;;;
6.300;;;;;;;;;;;;;;;;;;;;;;;;;;;;;;;;;;;;;;;;;;;;;;;;;;;;;;;;;;;;;;;;;;;;;;;;;;;;;;;;;;;;;;;;;;;;;;;;;;;;;;;;;;;;;;;;;;;;;;;;;;;;;;;;;;;;;;;;;;;;;;
6.200;;;;;;;;;;;;;;;;;;;;;;;;;;;;;;;;;;;;;;;;;;;;;;;;;;;;;;;;;;;;;;;;;;;;;;;;;;;;;;;;;;;;;;;;;;;;;;;;;;;;;;;;;;;;;;;;;;;;;;;;;;;;;;;;;;;;;;;;;;;;;;
6.100;;;;;;;;;;;;;;;;;;;;;;;;;;;;;;;;;;;;;;;;;;;;;;;;;;;;;;;;;;;;;;;;;;;;;;;;;;;;;;;;;;;;;;;;;;;;;;;;;;;;;;;;;;;;;;;;;;;;;;;;;;;;;;;;;;;;;;;;;;;;;;
6.000;;;;;;;;;;;;;;;;;;;;;;;;;;;;;;;;;;;;;;;;;;;;;;;;;;;;;;;;;;;;;;;;;;;;;;;;;;;;;;;;;;;;;;;;;;;;;;;;;;;;;;;;;;;;;;;;;;;;;;;;;;;;;;;;;;;;;;;;;;;;;;
5.900;;;;;;;;;;;;;;;;;;;;;;;;;;;;;;;;;;;;;;;;;;;;;;;;;;;;;;;;;;;;;;;;;;;;;;;;;;;;;;;;;;;;;;;;;;;;;;;;;;;;;;;;;;;;;;;;;;;;;;;;;;;;;;;;;;;;;;;;;;;;;;
5.800;;;;;;;;;;;;;;;;;;;;;;;;;;;;;;;;;;;;;;;;;;;;;;;;;;;;;;;;;;;;;;;;;;;;;;;;;;;;;;;;;;;;;;;;;;;;;;;;;;;;;;;;;;;;;;;;;;;;;;;;;;;;;;;;;;;;;;;;;;;;;;
5.700;;;;;;;;;;;;;;;;;;;;;;;;;;;;;;;;;;;;;;;;;;;;;;;;;;;;;;;;;;;;;;;;;;;;;;;;;;;;;;;;;;;;;;;;;;;;;;;;;;;;;;;;;;;;;;;;;;;;;;;;;;;;;;;;;;;;;;;;;;;;;;
5.600;;;;;;;;;;;;;;;;;;;;;;;;;;;;;;;;;;;;;;;;;;;;;;;;;;;;;;;;;;;;;;;;;;;;;;;;;;;;;;;;;;;;;;;;;;;;;;;;;;;;;;;;;;;;;;;;;;;;;;;;;;;;;;;;;;;;;;;;;;;;;;
5.500;;;;;;;;;;;;;;;;;;;;;;;;;;;;;;;;;;;;;;;;;;;;;;;;;;;;;;;;;;;;;;;;;;;;;;;;;;;;;;;;;;;;;;;;;;;;;;;;;;;;;;;;;;;;;;;;;;;;;;;;;;;;;;;;;;;;;;;;;;;;;;
5.400;;;;;;;;;;;;;;;;;;;;;;;;;;;;;;;;;;;;;;;;;;;;;;;;;;;;;;;;;;;;;;;;;;;;;;;;;;;;;;;;;;;;;;;;;;;;;;;;;;;;;;;;;;;;;;;;;;;;;;;;;;;;;;;;;;;;;;;;;;;;;;
5.300;;;;;;;;;;;;;;;;;;;;;;;;;;;;;;;;;;;;;;;;;;;;;;;;;;;;;;;;;;;;;;;;;;;;;;;;;;;;;;;;;;;;;;;;;;;;;;;;;;;;;;;;;;;;;;;;;;;;;;;;;;;;;;;;;;;;;;;;;;;;;;
5.200;;;;;;;;;;;;;;;;;;;;;;;;;;;;;;;;;;;;;;;;;;;;;;;;;;;;;;;;;;;;;;;;;;;;;;;;;;;;;;;;;;;;;;;;;;;;;;;;;;;;;;;;;;;;;;;;;;;;;;;;;;;;;;;;;;;;;;;;;;;;;;
5.100;;;;;;;;;;;;;;;;;;;;;;;;;;;;;;;;;;;;;;;;;;;;;;;;;;;;;;;;;;;;;;;;;;;;;;;;;;;;;;;;;;;;;;;;;;;;;;;;;;;;;;;;;;;;;;;;;;;;;;;;;;;;;;;;;;;;;;;;;;;;;;
5.000;;;;;;;;;;;;;;;;;;;;;;;;;;;;;;;;;;;;;;;;;;;;;;;;;;;;;;;;;;;;;;;;;;;;;;;;;;;;;;;;;;;;;;;;;;;;;;;;;;;;;;;;;;;;;;;;;;;;;;;;;;;;;;;;;;;;;;;;;;;;;;
4.900;;;;;;;;;;;;;;;;;;;;;;;;;;;;;;;;;;;;;;;;;;;;;;;;;;;;;;;;;;;;;;;;;;;;;;;;;;;;;;;;;;;;;;;;;;;;;;;;;;;;;;;;;;;;;;;;;;;;;;;;;;;;;;;;;;;;;;;;;;;;;;
4.800;;;;;;;;;;;;;;;;;;;;;;;;;;;;;;;;;;;;;;;;;;;;;;;;;;;;;;;;;;;;;;;;;;;;;;;;;;;;;;;;;;;;;;;;;;;;;;;;;;;;;;;;;;;;;;;;;;;;;;;;;;;;;;;;;;;;;;;;;;;;;;
4.700;;;;;;;;;;;;;;;;;;;;;;;;;;;;;;;;;;;;;;;;;;;;;;;;;;;;;;;;;;;;;;;;;;;;;;;;;;;;;;;;;;;;;;;;;;;;;;;;;;;;;;;;;;;;;;;;;;;;;;;;;;;;;;;;;;;;;;;;;;;;;;
4.600;;;;;;;;;;;;;;;;;;;;;;;;;;;;;;;;;;;;;;;;;;;;;;;;;;;;;;;;;;;;;;;;;;;;;;;;;;;;;;;;;;;;;;;;;;;;;;;;;;;;;;;;;;;;;;;;;;;;;;;;;;;;;;;;;;;;;;;;;;;;;;
4.500;;;;;;;;;;;;;;;;;;;;;;;;;;;;;;;;;;;;;;;;;;;;;;;;;;;;;;;;;;;;;;;;;;;;;;;;;;;;;;;;;;;;;;;;;;;;;;;;;;;;;;;;;;;;;;;;;;;;;;;;;;;;;;;;;;;;;;;;;;;;;;
4.400;;;;;;;;;;;;;;;;;;;;;;;;;;;;;;;;;;;;;;;;;;;;;;;;;;;;;;;;;;;;;;;;;;;;;;;;;;;;;;;;;;;;;;;;;;;;;;;;;;;;;;;;;;;;;;;;;;;;;;;;;;;;;;;;;;;;;;;;;;;;;;
4.300;;;;;;;;;;;;;;;;;;;;;;;;;;;;;;;;;;;;;;;;;;;;;;;;;;;;;;;;;;;;;;;;;;;;;;;;;;;;;;;;;;;;;;;;;;;;;;;;;;;;;;;;;;;;;;;;;;;;;;;;;;;;;;;;;;;;;;;;;;;;;;
4.200;;;;;;;;;;;;;;;;;;;;;;;;;;;;;;;;;;;;;;;;;;;;;;;;;;;;;;;;;;;;;;;;;;;;;;;;;;;;;;;;;;;;;;;;;;;;;;;;;;;;;;;;;;;;;;;;;;;;;;;;;;;;;;;;;;;;;;;;;;;;;;
4.100;;;;;;;;;;;;;;;;;;;;;;;;;;;;;;;;;;;;;;;;;;;;;;;;;;;;;;;;;;;;;;;;;;;;;;;;;;;;;;;;;;;;;;;;;;;;;;;;;;;;;;;;;;;;;;;;;;;;;;;;;;;;;;;;;;;;;;;;;;;;;;
4.000;;;;;;;;;;;;;;;;;;;;;;;;;;;;;;;;;;;;;;;;;;;;;;;;;;;;;;;;;;;;;;;;;;;;;;;;;;;;;;;;;;;;;;;;;;;;;;;;;;;;;;;;;;;;;;;;;;;;;;;;;;;;;;;;;;;;;;;;;;;;;;
3.900;;;;;;;;;;;;;;;;;;;;;;;;;;;;;;;;;;;;;;;;;;;;;;;;;;;;;;;;;;;;;;;;;;;;;;;;;;;;;;;;;;;;;;;;;;;;;;;;;;;;;;;;;;;;;;;;;;;;;;;;;;;;;;;;;;;;;;;;;;;;;;
3.800;;;;;;;;;;;;;;;;;;;;;;;;;;;;;;;;;;;;;;;;;;;;;;;;;;;;;;;;;;;;;;;;;;;;;;;;;;;;;;;;;;;;;;;;;;;;;;;;;;;;;;;;;;;;;;;;;;;;;;;;;;;;;;;;;;;;;;;;;;;;;;
3.700;;;;;;;;;;;;;;;;;;;;;;;;;;;;;;;;;;;;;;;;;;;;;;;;;;;;;;;;;;;;;;;;;;;;;;;;;;;;;;;;;;;;;;;;;;;;;;;;;;;;;;;;;;;;;;;;;;;;;;;;;;;;;;;;;;;;;;;;;;;;;;
3.600;;;;;;;;;;;;;;;;;;;;;;;;;;;;;;;;;;;;;;;;;;;;;;;;;;;;;;;;;;;;;;;;;;;;;;;;;;;;;;;;;;;;;;;;;;;;;;;;;;;;;;;;;;;;;;;;;;;;;;;;;;;;;;;;;;;;;;;;;;;;;;
3.500;;;;;;;;;;;;;;;;;;;;;;;;;;;;;;;;;;;;;;;;;;;;;;;;;;;;;;;;;;;;;;;;;;;;1.621984235;1.626234210;1.633058644;1.642314772;1.653855818;1.667533292;1.683199279;1.700708678;1.719921378;1.740704346;1.762933590;1.786495980;1.811290909;1.837231769;1.864247226;1.892282283;1.921299121;1.951277716;1.982216235;;;;;;;;;;;;;;;;;;;;;;;;;;;;;;;;;;;;;;;;;;;;;;;;;;;;;;;;
3.400;;;;;;;;;;;;;;;;;;;;;;;;;;;;;;;;;;;;;;;;;;;;;;;;;;;;;;;;;;;;;1.592814946;1.576440209;1.563198878;1.553033647;1.545870928;1.541622463;1.540187089;1.541452632;1.545297898;1.551594743;1.560210204;1.571008652;1.583853948;1.598611576;1.615150733;1.633346327;1.653080889;1.674246346;1.696745646;1.720494209;1.745421184;1.771470489;1.798601632;1.826790292;1.856028655;1.886325514;1.917706130;1.950211871;1.983899652;2.018841206;2.055122224;;;;;;;;;;;;;;;;;;;;;;;;;;;;;;;;;;;;;;;;;;;;;;;;;;;
3.300;;;;;;;;;;;;;;;;;;;;;;;;;;;;;;;;;;;;;;;;;;;;;;;;;;;;;;;;;1.608294890;1.580119060;1.555014353;1.532992783;1.514047216;1.498152203;1.485265045;1.475327035;1.468264877;1.463992261;1.462411570;1.463415688;1.466889918;1.472713944;1.480763856;1.490914185;1.503039930;1.517018560;1.532731954;1.550068259;1.568923641;1.589203897;1.610825909;1.633718918;1.657825596;1.683102894;1.709522650;1.737071961;1.765753284;1.795584292;1.826597466;1.858839458;1.892370218;1.927261931;1.963597794;2.001470687;2.040981786;2.082239207;2.125356756;;;;;;;;;;;;;;;;;;;;;;;;;;;;;;;;;;;;;;;;;;;;;;;
3.200;;;;;;;;;;;;;;;;;;;;;;;;;;;;;;;;;;;;;;;;;;;;;;;;;;;;;;1.629692897;1.593553537;1.560266084;1.529892249;1.502474766;1.478037593;1.456586346;1.438108967;1.422576592;1.409944613;1.400153908;1.393132230;1.388795734;1.387050615;1.387794858;1.390920054;1.396313281;1.403859021;1.413441084;1.424944525;1.438257521;1.453273185;1.469891295;1.488019906;1.507576827;1.528490928;1.550703268;1.574168008;1.598853099;1.624740727;1.651827497;1.680124354;1.709656234;1.740461447;1.772590796;1.806106465;1.841080672;1.877594156;1.915734504;1.955594415;1.997269934;2.040858760;2.086458727;2.134166553;;;;;;;;;;;;;;;;;;;;;;;;;;;;;;;;;;;;;;;;;;;;;
3.100;;;;;;;;;;;;;;;;;;;;;;;;;;;;;;;;;;;;;;;;;;;;;;;;;;;1.674566045;1.631325724;1.590613025;1.552534103;1.517177917;1.484615741;1.454900952;1.428069079;1.404138079;1.383108839;1.364965871;1.349678199;1.337200415;1.327473884;1.320428100;1.315982157;1.314046326;1.314523729;1.317312078;1.322305461;1.329396163;1.338476493;1.349440589;1.362186192;1.376616342;1.392641001;1.410178537;1.429157093;1.449515765;1.471205609;1.494190429;1.518447331;1.543967031;1.570753902;1.598825739;1.628213255;1.658959289;1.691117745;1.724752274;1.759934710;1.796743310;1.835260821;1.875572434;1.917763696;1.961918445;2.008116873;2.056433823;2.106937447;2.159688368;2.214739520;;;;;;;;;;;;;;;;;;;;;;;;;;;;;;;;;;;;;;;;;;
3.000;;;;;;;;;;;;;;;;;;;;;;;;;;;;;;;;;;;;;;;;;;;;;;;;1.740694138;1.691397412;1.644216539;1.599293655;1.556757075;1.516720071;1.479279969;1.444517548;1.412496703;1.383264353;1.356850584;1.333268990;1.312517219;1.294577694;1.279418497;1.266994413;1.257248110;1.250111444;1.245506877;1.243348995;1.243546101;1.246001874;1.250617072;1.257291263;1.265924549;1.276419287;1.288681750;1.302623739;1.318164090;1.335230071;1.353758640;1.373697531;1.395006153;1.417656277;1.441632489;1.466932389;1.493566524;1.521558046;1.550942076;1.581764785;1.614082195;1.647958695;1.683465317;1.720677776;1.759674330;1.800533493;1.843331676;1.888140824;1.935026131;1.984043959;2.035240052;2.088648220;2.144289623;2.202172860;;;;;;;;;;;;;;;;;;;;;;;;;;;;;;;;;;;;;;;;;
2.900;;;;;;;;;;;;;;;;;;;;;;;;;;;;;;;;;;;;;;;;;;;;;;1.771357484;1.718846103;1.668141113;1.619400103;1.572769897;1.528384868;1.486365607;1.446817925;1.409832147;1.375482659;1.343827708;1.314909410;1.288753960;1.265372039;1.244759377;1.226897489;1.211754552;1.199286426;1.189437799;1.182143438;1.177329559;1.174915265;1.174814077;1.176935504;1.181186670;1.187473952;1.195704621;1.205788470;1.217639387;1.231176879;1.246327488;1.263026109;1.281217155;1.300855563;1.321907616;1.344351543;1.368177894;1.393389659;1.420002118;1.448042414;1.477548826;1.508569758;1.541162429;1.575391283;1.611326131;1.649040049;1.688607077;1.730099745;1.773586500;1.819129106;1.866780079;1.916580285;1.968556805;2.022721191;2.079068299;2.137575835;2.198204853;2.260901393;;;;;;;;;;;;;;;;;;;;;;;;;;;;;;;;;;;;;;;
2.800;;;;;;;;;;;;;;;;;;;;;;;;;;;;;;;;;;;;;;;;;;;;;1.756530190;1.702758057;1.650633650;1.600318282;1.551963876;1.505711172;1.461688310;1.420009727;1.380775368;1.344070133;1.309963572;1.278509791;1.249747537;1.223700479;1.200377638;1.179773978;1.161871138;1.146638293;1.134033144;1.124003019;1.116486077;1.111412610;1.108706414;1.108286246;1.110067319;1.113962841;1.119885574;1.127749394;1.137470828;1.148970558;1.162174854;1.177016921;1.193438137;1.211389153;1.230830829;1.251734991;1.274084971;1.297875920;1.323114873;1.349820540;1.378022816;1.407762001;1.439087721;1.472057547;1.506735328;1.543189245;1.581489608;1.621706434;1.663906839;1.708152305;1.754495888;1.802979441;1.853630953;1.906462119;1.961466262;2.018616762;2.077866164;2.139146156;2.202368625;2.267428051;2.334205490;;;;;;;;;;;;;;;;;;;;;;;;;;;;;;;;;;;;;
2.700;;;;;;;;;;;;;;;;;;;;;;;;;;;;;;;;;;;;;;;;;;;1.803882627;1.747548652;1.692527219;1.638989500;1.587100938;1.537018901;1.488890771;1.442852426;1.399027060;1.357524298;1.318439564;1.281853691;1.247832722;1.216427907;1.187675861;1.161598886;1.138205426;1.117490664;1.099437244;1.084016110;1.071187455;1.060901776;1.053101024;1.047719832;1.044686829;1.043926011;1.045358163;1.048902319;1.054477240;1.062002894;1.071401923;1.082601060;1.095532499;1.110135175;1.126355936;1.144150583;1.163484758;1.184334643;1.206687463;1.230541754;1.255907390;1.282805336;1.311267129;1.341334059;1.373056052;1.406490252;1.441699308;1.478749372;1.517707835;1.558640823;1.601610498;1.646672210;1.693871568;1.743241495;1.794799371;1.848544367;1.904455091;1.962487694;2.022574598;2.084624041;2.148520630;2.214127162;2.281287952;2.349833975;;;;;;;;;;;;;;;;;;;;;;;;;;;;;;;;;;;;
2.600;;;;;;;;;;;;;;;;;;;;;;;;;;;;;;;;;;;;;;;;;1.860127991;1.801786168;1.744408164;1.688169327;1.633243797;1.579801423;1.528005256;1.478009509;1.429957933;1.383982547;1.340202672;1.298724223;1.259639244;1.223025626;1.188947022;1.157452910;1.128578812;1.102346637;1.078765157;1.057830601;1.039527357;1.023828776;1.010698084;1.000089382;0.991948730;0.986215319;0.982822702;0.981700097;0.982773729;0.985968212;0.991207952;0.998418552;1.007528199;1.018469023;1.031178399;1.045600160;1.061685724;1.079395083;1.098697646;1.119572905;1.142010902;1.166012477;1.191589270;1.218763460;1.247567228;1.278041925;1.310236948;1.344208303;1.380016876;1.417726406;1.457401193;1.499103548;1.542891042;1.588813583;1.636910388;1.687206929;1.739711923;1.794414486;1.851281559;1.910255753;1.971253769;2.034165571;2.098854517;2.165158685;2.232893628;2.301856872;2.371834439;;;;;;;;;;;;;;;;;;;;;;;;;;;;;;;;;;;
2.500;;;;;;;;;;;;;;;;;;;;;;;;;;;;;;;;;;;;;;;;1.864537667;1.805391698;1.747028134;1.689623609;1.633355277;1.578397491;1.524919083;1.473081176;1.423035434;1.374922696;1.328871921;1.284999416;1.243408293;1.204188133;1.167414815;1.133150516;1.101443830;1.072330031;1.045831437;1.021957891;1.000707339;0.982066507;0.966011673;0.952509526;0.941518107;0.932987837;0.926862611;0.923080963;0.921577290;0.922283117;0.925128404;0.930042874;0.936957345;0.945805048;0.956522927;0.969052869;0.983342881;0.999348157;1.017032034;1.036366800;1.057334331;1.079926547;1.104145641;1.130004072;1.157524309;1.186738295;1.217686622;1.250417408;1.284984881;1.321447643;1.359866658;1.400302952;1.442815050;1.487456206;1.534271442;1.583294466;1.634544537;1.688023360;1.743712098;1.801568642;1.861525242;1.923486678;1.987329129;2.052899949;2.120018567;2.188478754;2.258052549;2.328496132;2.399557991;;;;;;;;;;;;;;;;;;;;;;;;;;;;;;;;;;
2.400;;;;;;;;;;;;;;;;;;;;;;;;;;;;;;;;;;;;;;;1.874406693;1.814537454;1.755263537;1.696762452;1.639214139;1.582797320;1.527686542;1.474049779;1.422046542;1.371826386;1.323527772;1.277277217;1.233188684;1.191363192;1.151888585;1.114839467;1.080277259;1.048250379;1.018794525;0.991933057;0.967677468;0.946027950;0.926974031;0.910495312;0.896562268;0.885137130;0.876174852;0.869624125;0.865428477;0.863527414;0.863857611;0.866354150;0.870951764;0.877586105;0.886195000;0.896719681;0.909105973;0.923305411;0.939276276;0.956984512;0.976404511;0.997519736;1.020323161;1.044817503;1.071015220;1.098938267;1.128617574;1.160092244;1.193408464;1.228618102;1.265777012;1.304943041;1.346173748;1.389523868;1.435042537;1.482770331;1.532736163;1.584954108;1.639420232;1.696109525;1.754973035;1.815935358;1.878892597;1.943710998;2.010226420;2.078244883;2.147544415;2.217878480;2.288981285;2.360575280;2.432381242;;;;;;;;;;;;;;;;;;;;;;;;;;;;;;;;;
2.300;;;;;;;;;;;;;;;;;;;;;;;;;;;;;;;;;;;;;;1.889518043;1.829016721;1.768919800;1.709404820;1.650653929;1.592849832;1.536172510;1.480796577;1.426889194;1.374608437;1.324102040;1.275506467;1.228946236;1.184533468;1.142367614;1.102535335;1.065110511;1.030154361;0.997715657;0.967831030;0.940525355;0.915812210;0.893694419;0.874164652;0.857206111;0.842793281;0.830892750;0.821464097;0.814460850;0.809831497;0.807520559;0.807469704;0.809618907;0.813907628;0.820276009;0.828666065;0.839022862;0.851295650;0.865438938;0.881413494;0.899187235;0.918735994;0.940044131;0.963104973;0.987921051;1.014504115;1.042874911;1.073062689;1.105104440;1.139043837;1.174929888;1.212815276;1.252754415;1.294801214;1.339006577;1.385415658;1.434064927;1.484979070;1.538167811;1.593622710;1.651314046;1.711187875;1.773163398;1.837130782;1.902949590;1.970448020;2.039423148;2.109642425;2.180846673;2.252754895;2.325071199;2.397494200;2.469729291;;;;;;;;;;;;;;;;;;;;;;;;;;;;;;;;
2.200;;;;;;;;;;;;;;;;;;;;;;;;;;;;;;;;;;;;;1.909634430;1.848596089;1.787769983;1.727332308;1.667466433;1.608358336;1.550192914;1.493151025;1.437407154;1.383127588;1.330469026;1.279577543;1.230587839;1.183622731;1.138792836;1.096196407;1.055919307;1.018035086;0.982605146;0.949678986;0.919294526;0.891478481;0.866246814;0.843605233;0.823549771;0.806067404;0.791136755;0.778728845;0.768807912;0.761332298;0.756255380;0.753526572;0.753092365;0.754897404;0.758885608;0.765001290;0.773190297;0.783401124;0.795586003;0.809701942;0.825711684;0.843584583;0.863297349;0.884834661;0.908189603;0.933363926;0.960368076;0.989221006;1.019949722;1.052588565;1.087178208;1.123764356;1.162396157;1.203124308;1.245998888;1.291066909;1.338369630;1.387939659;1.439797899;1.493950379;1.550385064;1.609068709;1.669943885;1.732926265;1.797902340;1.864727700;1.933226082;2.003189370;2.074378786;2.146527536;2.219345173;2.292524019;2.365747969;2.438704076;2.511097324;;;;;;;;;;;;;;;;;;;;;;;;;;;;;;;
2.100;;;;;;;;;;;;;;;;;;;;;;;;;;;;;;;;;;;;1.934518003;1.873034462;1.811573083;1.750306704;1.689418425;1.629096405;1.569529654;1.510904669;1.453402772;1.397198047;1.342455767;1.289331218;1.237968857;1.188501737;1.141051133;1.095726356;1.052624687;1.011831430;0.973420043;0.937452352;0.903978814;0.873038848;0.844661204;0.818864388;0.795657140;0.775038952;0.757000653;0.741525039;0.728587564;0.718157092;0.710196701;0.704664551;0.701514800;0.700698573;0.702164970;0.705862111;0.711738194;0.719742575;0.729826828;0.741945792;0.756058564;0.772129438;0.790128755;0.810033638;0.831828605;0.855506016;0.881066347;0.908518254;0.937878415;0.969171129;1.002427645;1.037685224;1.074985904;1.114374980;1.155899188;1.199604606;1.245534282;1.293725621;1.344207546;1.396997499;1.452098322;1.509495087;1.569151971;1.631009256;1.694980585;1.760950603;1.828773133;1.898270072;1.969231199;2.041415115;2.114551582;2.188345513;2.262482950;2.336639344;2.410490522;2.483726755;2.556070363;;;;;;;;;;;;;;;;;;;;;;;;;;;;;;
2.000;;;;;;;;;;;;;;;;;;;;;;;;;;;;;;;;;;;1.963949256;1.902101617;1.840092245;1.778087825;1.716269090;1.654824823;1.593946995;1.533826877;1.474651969;1.416603619;1.359855199;1.304570760;1.250904057;1.198997881;1.148983638;1.100981112;1.055098382;1.011431852;0.970066369;0.931075413;0.894521336;0.860455650;0.828919356;0.799943304;0.773548596;0.749747023;0.728541547;0.709926822;0.693889773;0.680410215;0.669461538;0.661011437;0.655022702;0.651454065;0.650261088;0.651397106;0.654814195;0.660464179;0.668299636;0.678274919;0.690347150;0.704477184;0.720630513;0.738778101;0.758897113;0.780971526;0.804992587;0.830959111;0.858877577;0.888762010;0.920633632;0.954520250;0.990455383;1.028477104;1.068626597;1.110946427;1.155478522;1.202261890;1.251330086;1.302708461;1.356411226;1.412438402;1.470772700;1.531376427;1.594188504;1.659121706;1.726060270;1.794857995;1.865337031;1.937287529;2.010468382;2.084609306;2.159414512;2.234568294;2.309742849;2.384608701;2.458848134;2.532172060;2.604340808;;;;;;;;;;;;;;;;;;;;;;;;;;;;;
1.900;;;;;;;;;;;;;;;;;;;;;;;;;;;;;;;;;;1.997744089;1.935595192;1.873111724;1.810450466;1.747786938;1.685308409;1.623208224;1.561681258;1.500920313;1.441113320;1.382441202;1.325076280;1.269181131;1.214907794;1.162397269;1.111779232;1.063171920;1.016682152;0.972405435;0.930426151;0.890817786;0.853643207;0.818954957;0.786795588;0.757198003;0.730185840;0.705773866;0.683968420;0.664767875;0.648163159;0.634138313;0.622671093;0.613733644;0.607293203;0.603312878;0.601752462;0.602569302;0.605719204;0.611157370;0.618839358;0.628722038;0.640764552;0.654929240;0.671182514;0.689495681;0.709845659;0.732215593;0.756595331;0.782981734;0.811378818;0.841797671;0.874256161;0.908778390;0.945393888;0.984136535;1.025043203;1.068152116;1.113500925;1.161124524;1.211052604;1.263307000;1.317898841;1.374825576;1.434067926;1.495586841;1.559320553;1.625181836;1.693055598;1.762796940;1.834229868;1.907146828;1.981309289;2.056449601;2.132274405;2.208469882;2.284709173;2.360662316;2.436009112;2.510455334;2.583752756;2.655723503;;;;;;;;;;;;;;;;;;;;;;;;;;;;
1.800;;;;;;;;;;;;;;;;;;;;;;;;;;;;;;;;;2.035768076;1.973355101;1.910451537;1.847199342;1.783765041;1.720331536;1.657091415;1.594241588;1.531979007;1.470497335;1.409984391;1.350620236;1.292575788;1.236011865;1.181078566;1.127914910;1.076648686;1.027396454;0.980263646;0.935344760;0.892723599;0.852473545;0.814657854;0.779329977;0.746533877;0.716304368;0.688667462;0.663640739;0.641233734;0.621448358;0.604279347;0.589714762;0.577736526;0.568321015;0.561439702;0.557059851;0.555145267;0.555657089;0.558554632;0.563796263;0.571340294;0.581145902;0.593174034;0.607388301;0.623755829;0.642248058;0.662841457;0.685518137;0.710266342;0.737080787;0.765962827;0.796920424;0.829967910;0.865125501;0.902418567;0.941876639;0.983532134;1.027418810;1.073569945;1.122016247;1.172783518;1.225890094;1.281344099;1.339140561;1.399258442;1.461657670;1.526276244;1.593027530;1.661797862;1.732444592;1.804794749;1.878644492;1.953759565;2.029876981;2.106708209;2.183944130;2.261262106;2.338335493;2.414845996;2.490499286;2.565044334;2.638296974;;;;;;;;;;;;;;;;;;;;;;;;;;;;
1.700;;;;;;;;;;;;;;;;;;;;;;;;;;;;;;;;;2.015274528;1.951978869;1.888181008;1.824033548;1.759711253;1.695403140;1.631306069;1.567619632;1.504542139;1.442267516;1.380982971;1.320867291;1.262089644;1.204808796;1.149172643;1.095317996;1.043370549;0.993444976;0.945645134;0.900064317;0.856785547;0.815881898;0.777416809;0.741444415;0.708009865;0.677149645;0.648891905;0.623256784;0.600256766;0.579897036;0.562175887;0.547085142;0.534610636;0.524732728;0.517426882;0.512664281;0.510412513;0.510636289;0.513298226;0.518359651;0.525781451;0.535524927;0.547552667;0.561829399;0.578322818;0.597004360;0.617849915;0.640840442;0.665962468;0.693208450;0.722576979;0.754072791;0.787706580;0.823494584;0.861457922;0.901621683;0.944013747;0.988663331;1.035599271;1.084848037;1.136431505;1.190364504;1.246652174;1.305287184;1.366246852;1.429490265;1.494955446;1.562556709;1.632182285;1.703692384;1.776917825;1.851659439;1.927688425;2.004747895;2.082555869;2.160809991;2.239194286;2.317388300;2.395079001;2.471975863;2.547829576;2.622454877;2.695758043;;;;;;;;;;;;;;;;;;;;;;;;;;;
1.600;;;;;;;;;;;;;;;;;;;;;;;;;;;;;;;;2.061306922;1.997615523;1.933291963;1.868468550;1.803307015;1.737989087;1.672708833;1.607666500;1.543063630;1.479099275;1.415967109;1.353853297;1.292934976;1.233379238;1.175342501;1.118970191;1.064396654;1.011745233;0.961128474;0.912648400;0.866396840;0.822455773;0.780897682;0.741785901;0.705174954;0.671110869;0.639631494;0.610766795;0.584539156;0.560963685;0.540048529;0.521795221;0.506199044;0.493249447;0.482930491;0.475221358;0.470096899;0.467528246;0.467483466;0.469928275;0.474826786;0.482142295;0.491838093;0.503878287;0.518228618;0.534857263;0.553735589;0.574838851;0.598146810;0.623644244;0.651321327;0.681173866;0.713203355;0.747416838;0.783826555;0.822449360;0.863305882;0.906419438;0.951814676;0.999515957;1.049545482;1.101921165;1.156654300;1.213747021;1.273189630;1.334957818;1.399009872;1.465283933;1.533695402;1.604134625;1.676464972;1.750521471;1.826110170;1.903008429;1.980966356;2.059709643;2.138944077;2.218362025;2.297651249;2.376506406;2.454643645;2.531818755;2.607849335;2.682641527;2.756221868;;;;;;;;;;;;;;;;;;;;;;;;;;
1.500;;;;;;;;;;;;;;;;;;;;;;;;;;;;;;;;2.047340958;1.982482317;1.916996614;1.851026201;1.784740686;1.718327731;1.651985599;1.585917211;1.520325474;1.455409688;1.391362857;1.328369742;1.266605510;1.206234883;1.147411658;1.090278520;1.034967079;0.981598058;0.930281587;0.881117563;0.834196039;0.789597624;0.747393875;0.707647671;0.670413558;0.635738077;0.603660057;0.574210904;0.547414862;0.523289288;0.501844921;0.483086172;0.467011437;0.453613447;0.442879652;0.434792662;0.429330726;0.426468277;0.426176524;0.428424092;0.433177717;0.440402974;0.450065036;0.462129450;0.476562921;0.493334077;0.512414207;0.533777945;0.557403884;0.583275094;0.611379523;0.641710252;0.674265599;0.709049022;0.746068830;0.785337664;0.826871743;0.870689855;0.916812102;0.965258381;1.016046608;1.069190717;1.124698420;1.182568795;1.242789711;1.305335165;1.370162578;1.437210146;1.506394322;1.577607557;1.650716419;1.725560241;1.801950471;1.879670918;1.958479099;2.038108954;2.118275174;2.198679465;2.279019068;2.358997898;2.438340716;2.516810763;2.594231328;2.670511783;2.745678634;;;;;;;;;;;;;;;;;;;;;;;;;;
1.400;;;;;;;;;;;;;;;;;;;;;;;;;;;;;;;2.101190783;2.035754749;1.969594497;1.902824864;1.835597053;1.768087579;1.700489239;1.633003849;1.565836478;1.499190962;1.433266488;1.368255081;1.304339817;1.241693642;1.180478664;1.120845810;1.062934774;1.006874166;0.952781803;0.900765099;0.850921499;0.803338937;0.758096288;0.715263798;0.674903489;0.637069519;0.601808514;0.569159856;0.539155954;0.511822486;0.487178631;0.465237303;0.446005390;0.429484020;0.415668841;0.404550358;0.396114295;0.390342023;0.387211030;0.386695448;0.388766637;0.393393812;0.400544717;0.410186335;0.422285615;0.436810217;0.453729244;0.473013959;0.494638450;0.518580240;0.544820805;0.573345991;0.604146297;0.637217003;0.672558123;0.710174172;0.750073707;0.792268647;0.836773351;0.883603448;0.932774414;0.984299906;1.038189862;1.094448373;1.153071383;1.214044226;1.277339063;1.342912290;1.410701975;1.480625425;1.552576993;1.626426251;1.702016659;1.779164925;1.857661215;1.937270445;2.017734889;2.098778361;2.180112283;2.261443944;2.342487329;2.422976905;2.502684782;2.581441746;2.659162648;2.735876720;2.811763407;;;;;;;;;;;;;;;;;;;;;;;;;
1.300;;;;;;;;;;;;;;;;;;;;;;;;;;;;;;;2.093158794;2.026283957;1.958703392;1.890541793;1.821958329;1.753135715;1.684271334;1.615570121;1.547238952;1.479482318;1.412499070;1.346480055;1.281606489;1.218048918;1.155966647;1.095507536;1.036808063;0.979993589;0.925178751;0.872467938;0.821955807;0.773727807;0.727860686;0.684422965;0.643475371;0.605071220;0.569256760;0.536071452;0.505548237;0.477713749;0.452588529;0.430187212;0.410518732;0.393586531;0.379388794;0.367918716;0.359164820;0.353111304;0.349738463;0.349023145;0.350939273;0.355458416;0.362550404;0.372183987;0.384327512;0.398949631;0.416019994;0.435509942;0.457393151;0.481646233;0.508249254;0.537186156;0.568445061;0.602018426;0.637903037;0.676099820;0.716613445;0.759451711;0.804624699;0.852143690;0.902019834;0.954262579;1.008877874;1.065866153;1.125220139;1.186922489;1.250943346;1.317237840;1.385743622;1.456378526;1.529038440;1.603595539;1.679896997;1.757764355;1.836993723;1.917357026;1.998604529;2.080468902;2.162671108;2.244928449;2.326965110;2.408525594;2.489391472;2.569401914;2.648478495;2.726654830;2.804111632;;;;;;;;;;;;;;;;;;;;;;;;;
1.200;;;;;;;;;;;;;;;;;;;;;;;;;;;;;;2.154780948;2.087121884;2.018697159;1.949594558;1.879947846;1.809923562;1.739710185;1.669509371;1.599528949;1.529977454;1.461059925;1.392974792;1.325911655;1.260049793;1.195557260;1.132590446;1.071293996;1.011800994;0.954233333;0.898702211;0.845308694;0.794144315;0.745291667;0.698824962;0.654810562;0.613307439;0.574367590;0.538036385;0.504352868;0.473350000;0.445054873;0.419488892;0.396667937;0.376602524;0.359297977;0.344754608;0.332967935;0.323928939;0.317624359;0.314037041;0.313146345;0.314928603;0.319357625;0.326405267;0.336042029;0.348237690;0.362961965;0.380185171;0.399878880;0.422016545;0.446574085;0.473530399;0.502867787;0.534572267;0.568633756;0.605046094;0.643806893;0.684917195;0.728380920;0.774204084;0.822393797;0.872957015;0.925899065;0.981221942;1.038922394;1.098989835;1.161404088;1.226133049;1.293130281;1.362332654;1.433658084;1.507003490;1.582243083;1.659227128;1.737781333;1.817707054;1.898782507;1.980765235;2.063396064;2.146404849;2.229518329;2.312470412;2.395015308;2.476943895;2.558103801;2.638423672;2.717942191;2.796842404;;;;;;;;;;;;;;;;;;;;;;;;;
1.100;;;;;;;;;;;;;;;;;;;;;;;;;;;;;;2.152186477;2.082862626;2.012797607;1.942089368;1.870880270;1.799343911;1.727674358;1.656077455;1.584763924;1.513943988;1.443823294;1.374599922;1.306462279;1.239587745;1.174141884;1.110278140;1.048137864;0.987850618;0.929534652;0.873297494;0.819236616;0.767440102;0.717987320;0.670949543;0.626390529;0.584367025;0.544929214;0.508121079;0.473980719;0.442540594;0.413827728;0.387863874;0.364665656;0.344244697;0.326607747;0.311756827;0.299689396;0.290398553;0.283873277;0.280098721;0.279056557;0.280725377;0.285081142;0.292097690;0.301747283;0.314001192;0.328830312;0.346205780;0.366099597;0.388485235;0.413338190;0.440636490;0.470361116;0.502496320;0.537029822;0.573952858;0.613260067;0.654949186;0.699020552;0.745476386;0.794319852;0.845553894;0.899179841;0.955195794;1.013594810;1.074362902;1.137476897;1.202902187;1.270590429;1.340477273;1.412480192;1.486496514;1.562401779;1.640048549;1.719265830;1.799859281;1.881612417;1.964289016;2.047636998;2.131394046;2.215295284;2.299083350;2.382521241;2.465408344;2.547600099;2.629031790;2.709746977;2.789931174;2.869951360;;;;;;;;;;;;;;;;;;;;;;;;
1.000;;;;;;;;;;;;;;;;;;;;;;;;;;;;;2.221560673;2.151259842;2.080198065;2.008424111;1.936045732;1.863213698;1.790108634;1.716930262;1.643888767;1.571197955;1.499069962;1.427711276;1.357319836;1.288083056;1.220176563;1.153763546;1.088994551;1.026007636;0.964928778;0.905872458;0.848942356;0.794232101;0.741826032;0.691799942;0.644221771;0.599152236;0.556645390;0.516749101;0.479505450;0.444951058;0.413117346;0.384030733;0.357712796;0.334180388;0.313445748;0.295516591;0.280396222;0.268083649;0.258573743;0.251857430;0.247921923;0.246751015;0.248325422;0.252623177;0.259620079;0.269290188;0.281606358;0.296540804;0.314065677;0.334153652;0.356778497;0.381915607;0.409542490;0.439639181;0.472188558;0.507176546;0.544592181;0.584427522;0.626677382;0.671338872;0.718410736;0.767892471;0.819783234;0.874080516;0.930778618;0.989866914;1.051327949;1.115135383;1.181251834;1.249626682;1.320193873;1.392869841;1.467551616;1.544115243;1.622414649;1.702281097;1.783523412;1.865929173;1.949267085;2.033290787;2.117744367;2.202369890;2.286917271;2.371156876;2.454895240;2.537994357;2.620395020;2.702144736;2.783430783;2.864619022;;;;;;;;;;;;;;;;;;;;;;;;
0.900;;;;;;;;;;;;;;;;;;;;;;;;;;;;;2.223932840;2.151827085;2.078979954;2.005451094;1.931357989;1.856859921;1.782144755;1.707418182;1.632895090;1.558792769;1.485325678;1.412701536;1.341118516;1.270763358;1.201810221;1.134420128;1.068740882;1.004907329;0.943041870;0.883255157;0.825646889;0.770306655;0.717314789;0.666743189;0.618656086;0.573110739;0.530158048;0.489843076;0.452205486;0.417279893;0.385096137;0.355679497;0.329050836;0.305226725;0.284219520;0.266037439;0.250684635;0.238161278;0.228463669;0.221584382;0.217512451;0.216233609;0.217730571;0.221983375;0.228969780;0.238665700;0.251045687;0.266083448;0.283752378;0.304026099;0.326878998;0.352286730;0.380226679;0.410678358;0.443623711;0.479047321;0.516936482;0.557281122;0.600073562;0.645308094;0.692980356;0.743086504;0.795622173;0.850581221;0.907954271;0.967727056;1.029878593;1.094379213;1.161188495;1.230253143;1.301504889;1.374858484;1.450209882;1.527434726;1.606387261;1.686899834;1.768783134;1.851827383;1.935804678;2.020472746;2.105580361;2.190874746;2.276111268;2.361065815;2.445550236;2.529431289;2.612653572;2.695266958;2.777459086;2.859593522;2.942254245;;;;;;;;;;;;;;;;;;;;;;;
0.800;;;;;;;;;;;;;;;;;;;;;;;;;;;;;2.227677693;2.153747669;2.079094209;2.003787857;1.927956034;1.851766884;1.775415975;1.699115495;1.623085612;1.547547691;1.472719097;1.398809341;1.326017349;1.254529652;1.184519339;1.116145600;1.049553747;0.984875582;0.922230026;0.861723911;0.803452887;0.747502358;0.693948437;0.642858847;0.594293771;0.548306619;0.504944699;0.464249800;0.426258665;0.391003383;0.358511683;0.328807166;0.301909459;0.277834331;0.256593766;0.238196019;0.222645662;0.209943640;0.200087342;0.193070702;0.188884343;0.187515760;0.188949554;0.193167723;0.200149992;0.209874207;0.222316758;0.237453041;0.255257947;0.275706356;0.298773629;0.324436080;0.352671405;0.383459057;0.416780536;0.452619581;0.490962245;0.531796823;0.575113626;0.620904582;0.669162641;0.719880986;0.773052041;0.828666273;0.886710786;0.947167738;1.010012583;1.075212180;1.142722797;1.212488071;1.284436985;1.358481932;1.434516968;1.512416359;1.592033549;1.673200687;1.755728900;1.839409479;1.924016206;2.009309053;2.095039528;2.180957953;2.266823013;2.352413924;2.437545620;2.522087397;2.605985468;2.689289952;2.772186854;2.855035617;2.938412917;;;;;;;;;;;;;;;;;;;;;;;
0.700;;;;;;;;;;;;;;;;;;;;;;;;;;;;2.307683731;2.232656786;2.156913430;2.080459640;2.003377130;1.925803712;1.847916975;1.769920867;1.692034812;1.614485029;1.537497729;1.461293938;1.386085679;1.312073294;1.239443710;1.168369470;1.099008378;1.031503610;0.965984198;0.902565755;0.841351387;0.782432693;0.725890815;0.671797484;0.620216017;0.571202252;0.524805395;0.481068762;0.440030418;0.401723711;0.366177702;0.333417496;0.303464496;0.276336575;0.252048196;0.230610486;0.212031280;0.196315147;0.183463425;0.173474256;0.166342655;0.162060608;0.160617206;0.161998836;0.166189413;0.173170661;0.182922449;0.195423160;0.210650101;0.228579936;0.249189138;0.272454427;0.298353205;0.326863951;0.357966559;0.391642606;0.427875529;0.466650682;0.507955268;0.551778111;0.598109273;0.646939476;0.698259343;0.752058439;0.808324114;0.867040149;0.928185227;0.991731230;1.057641419;1.125868497;1.196352643;1.269019554;1.343778575;1.420521017;1.499118758;1.579423253;1.661265110;1.744454375;1.828781726;1.914020783;1.999931768;2.086266783;2.172776984;2.259221993;2.345381880;2.431072131;2.516162000;2.600596729;2.684424134;2.767826101;2.851155593;2.934979796;;;;;;;;;;;;;;;;;;;;;;;
0.600;;;;;;;;;;;;;;;;;;;;;;;;;;;;2.315553821;2.238762134;2.161246872;2.083026025;2.004192970;1.924896575;1.845324662;1.765690435;1.686221483;1.607151017;1.528711040;1.451127155;1.374614765;1.299376439;1.225600233;1.153458798;1.083109109;1.014692678;0.948336130;0.884152047;0.822239978;0.762687554;0.705571643;0.650959500;0.598909861;0.549473977;0.502696541;0.458616511;0.417267824;0.378679987;0.342878560;0.309885534;0.279719614;0.252396421;0.227928626;0.206326025;0.187595589;0.171741474;0.158765039;0.148664856;0.141436749;0.137073848;0.135566689;0.136903352;0.141069642;0.148049324;0.157824395;0.170375405;0.185681808;0.203722341;0.224475422;0.247919541;0.274033646;0.302797491;0.334191942;0.368199212;0.404803002;0.443988551;0.485742543;0.530052877;0.576908284;0.626297757;0.678209809;0.732631534;0.789547480;0.848938335;0.910779433;0.975039111;1.041676926;1.110641786;1.181870035;1.255283555;1.330787956;1.408270943;1.487600972;1.568626305;1.651174613;1.735053284;1.820050626;1.905938165;1.992474266;2.079409353;2.166492995;2.253483190;2.340158189;2.426331252;2.511868749;2.596712066;2.680903824;2.764618937;2.848201106;2.932205379;;;;;;;;;;;;;;;;;;;;;;;
0.500;;;;;;;;;;;;;;;;;;;;;;;;;;;;2.324387070;2.245914206;2.166698899;2.086771615;2.006238076;1.925259047;1.844033551;1.762785092;1.681750512;1.601171126;1.521285825;1.442325851;1.364511002;1.288047013;1.213123936;1.139915304;1.068577941;0.999252269;0.932062980;0.867119990;0.804519557;0.744345505;0.686670496;0.631557284;0.579059920;0.529224879;0.482092089;0.437695840;0.396065574;0.357226552;0.321200398;0.288005529;0.257657484;0.230169159;0.205550964;0.183810916;0.164954693;0.148985642;0.135904787;0.125710820;0.118400108;0.113966725;0.112402504;0.113697138;0.117838307;0.124811866;0.134602060;0.147191791;0.162562909;0.180696539;0.201573415;0.225174222;0.251479929;0.280472084;0.312133078;0.346446336;0.383396428;0.422969078;0.465151058;0.509929936;0.557293678;0.607230081;0.659726029;0.714766568;0.772333795;0.832405564;0.894954029;0.959944028;1.027331345;1.097060886;1.169064808;1.243260667;1.319549660;1.397815041;1.477920811;1.559710819;1.643008389;1.727616653;1.813319754;1.899885135;1.987067134;2.074612144;2.162265628;2.249781281;2.336932720;2.423528044;2.509427707;2.594566144;2.678977648;2.762827031;2.846445650;2.930373420;3.015407492;;;;;;;;;;;;;;;;;;;;;;
0.400;;;;;;;;;;;;;;;;;;;;;;;;;;;;2.334096774;2.254059446;2.173246054;2.091700145;2.009540610;1.926941099;1.844112939;1.761291123;1.678722980;1.596659175;1.515346719;1.435023692;1.355915425;1.278231897;1.202166137;1.127893453;1.055571311;0.985339724;0.917322030;0.851625942;0.788344784;0.727558826;0.669336674;0.613736633;0.560808033;0.510592457;0.463124877;0.418434657;0.376546435;0.337480868;0.301255250;0.267884007;0.237379076;0.209750186;0.185005048;0.163149474;0.144187443;0.128121118;0.114950847;0.104675142;0.097290671;0.092792255;0.091172893;0.092423815;0.096534573;0.103493169;0.113286225;0.125899187;0.141316563;0.159522185;0.180499487;0.204231788;0.230702564;0.259895690;0.291795651;0.326387682;0.363657835;0.403592952;0.446180517;0.491408383;0.539264345;0.589735563;0.642807806;0.698464523;0.756685738;0.817446769;0.880716782;0.946457202;1.014620002;1.085145909;1.157962568;1.232982732;1.310102534;1.389199946;1.470133506;1.552741446;1.636841343;1.722230473;1.808687014;1.895972328;1.983834530;2.072013598;2.160248319;2.248285356;2.335890797;2.422864555;2.509058031;2.594395481;2.678899592;2.762721771;2.846177747;2.929789087;3.014331301;;;;;;;;;;;;;;;;;;;;;;
0.300;;;;;;;;;;;;;;;;;;;;;;;;;;;2.425289219;2.344620234;2.263167400;2.180887360;2.097837438;2.014150606;1.930014491;1.845653941;1.761316734;1.677262031;1.593751209;1.511040749;1.429376883;1.348991736;1.270100712;1.192900923;1.117570454;1.044268312;0.973134894;0.904292861;0.837848288;0.773892016;0.712501106;0.653740342;0.597663720;0.544315887;0.493733493;0.445946429;0.400978943;0.358850614;0.319577194;0.283171306;0.249643009;0.219000244;0.191249171;0.166394395;0.144439129;0.125385272;0.109233449;0.095983013;0.085632017;0.078177195;0.073613935;0.071936277;0.073136928;0.077207309;0.084137637;0.093917044;0.106533717;0.121975087;0.140228021;0.161279041;0.185114542;0.211721001;0.241085161;0.273194176;0.308035699;0.345597895;0.385869361;0.428838937;0.474495393;0.522826969;0.573820766;0.627461972;0.683732918;0.742611964;0.804072212;0.868080069;0.934593664;1.003561153;1.074918944;1.148589885;1.224481477;1.302484181;1.382469895;1.464290718;1.547778094;1.632742489;1.718973751;1.806242322;1.894301507;1.982891018;2.071742048;2.160584147;2.249154204;2.337207878;2.424533852;2.510971297;2.596431025;2.680920768;2.764575156;2.847690914;2.930767933;3.014556846;;;;;;;;;;;;;;;;;;;;;;
0.200;;;;;;;;;;;;;;;;;;;;;;;;;;;2.437735934;2.355915932;2.273227559;2.189640869;2.105227693;2.020136055;1.934568702;1.848765286;1.762987746;1.677508505;1.592601102;1.508532932;1.425559791;1.343921956;1.263841546;1.185520957;1.109142162;1.034866710;0.962836276;0.893173622;0.825983850;0.761355867;0.699363959;0.640069415;0.583522144;0.529762238;0.478821444;0.430724525;0.385490489;0.343133672;0.303664678;0.267091170;0.233418520;0.202650328;0.174788820;0.149835132;0.127789511;0.108651431;0.092419652;0.079092229;0.068666500;0.061139047;0.056505657;0.054761297;0.055900095;0.059915349;0.066799560;0.076544503;0.089141310;0.104580596;0.122852591;0.143947291;0.167854610;0.194564521;0.224067173;0.256352968;0.291412586;0.329236937;0.369817020;0.413143682;0.459207251;0.507997036;0.559500674;0.613703326;0.670586702;0.730127926;0.792298237;0.857061536;0.924372807;0.994176419;1.066404357;1.140974428;1.217788482;1.296730738;1.377666283;1.460439849;1.544874977;1.630773710;1.717916957;1.806065704;1.894963280;1.984338875;2.073912579;2.163402196;2.252532155;2.341044835;2.428714680;2.515365505;2.600891432;2.685281931;2.768651489;2.851274465;2.933625741;3.016427825;;;;;;;;;;;;;;;;;;;;;;
0.100;;;;;;;;;;;;;;;;;;;;;;;;;;;2.450699770;2.367960548;2.284246002;2.199539991;2.113929564;2.027578758;1.940706601;1.853568858;1.766443042;1.679616319;1.593375899;1.508001605;1.423760284;1.340901807;1.259656383;1.180232986;1.102818677;1.027578649;0.954656843;0.884176995;0.816243998;0.750945468;0.688353444;0.628526140;0.571509689;0.517339836;0.466043545;0.417640480;0.372144361;0.329564164;0.289905170;0.253169856;0.219358643;0.188470495;0.160503389;0.135454670;0.113321293;0.094099992;0.077787361;0.064379891;0.053873960;0.046265796;0.041551435;0.039726665;0.040786987;0.044727584;0.051543315;0.061228730;0.073778103;0.089185493;0.107444814;0.128549916;0.152494668;0.179273026;0.208879074;0.241307038;0.276551227;0.314605923;0.355465172;0.399122475;0.445570365;0.494799847;0.546799697;0.601555612;0.659049192;0.719256775;0.782148104;0.847684862;0.915819064;0.986491358;1.059629247;1.135145293;1.212935346;1.292876873;1.374827469;1.458623638;1.544079975;1.630988861;1.719120830;1.808225786;1.898035248;1.988265858;2.078624378;2.168814464;2.258545498;2.347543829;2.435566770;2.522419754;2.607977085;2.692206764;2.775199884;2.857205176;2.938669289;3.020283458;;;;;;;;;;;;;;;;;;;;;;
0.000;;;;;;;;;;;;;;;;;;;;;;;;;;;2.464143590;2.380745888;2.296241948;2.210629724;2.124012109;2.036570052;1.948539988;1.860195083;1.771829839;1.683747657;1.596250961;1.509633552;1.424174871;1.340135881;1.257756329;1.177253136;1.098819734;1.022626142;0.948819648;0.877525932;0.808850525;0.742880491;0.679686246;0.619323439;0.561834828;0.507252111;0.455597670;0.406886182;0.361126113;0.318321035;0.278470800;0.241572543;0.207621527;0.176611843;0.148536960;0.123390149;0.101164797;0.081854614;0.065453765;0.051956928;0.041359304;0.033656588;0.028844918;0.026920812;0.027881099;0.031722861;0.038443382;0.048040117;0.060510673;0.075852801;0.094064410;0.115143573;0.139088532;0.165897699;0.195569615;0.228102880;0.263496028;0.301747327;0.342854500;0.386814344;0.433622234;0.483271497;0.535752650;0.591052490;0.649153029;0.710030278;0.773652876;0.839980588;0.908962672;0.980536153;1.054624033;1.131133478;1.209954042;1.290955992;1.373988816;1.458880015;1.545434274;1.633433171;1.722635535;1.812778664;1.903580559;1.994743411;2.085958571;2.176913280;2.267299445;2.356824798;2.445226790;2.532289623;2.617864840;2.701895952;2.784447606;2.865739846;2.946188065;3.026449291;;;;;;;;;;;;;;;;;;;;;;
-0.100;;;;;;;;;;;;;;;;;;;;;;;;;;;2.478045269;2.394275839;2.309244322;2.222962877;2.135550718;2.047206494;1.958185077;1.868778256;1.779298891;1.690068088;1.601405021;1.513619033;1.427003722;1.341832685;1.258356699;1.176802063;1.097369928;1.020236400;0.945553271;0.873449215;0.804031342;0.737386993;0.673585673;0.612681065;0.554713047;0.499709660;0.447688990;0.398660929;0.352628798;0.309590805;0.269541341;0.232472110;0.198373081;0.167233293;0.139041500;0.113786674;0.091458394;0.072047109;0.055544320;0.041942677;0.031236008;0.023419311;0.018488700;0.016441334;0.017275332;0.020989685;0.027584168;0.037059262;0.049416083;0.064656315;0.082782151;0.103796234;0.127701585;0.154501520;0.184199529;0.216799127;0.252303634;0.290715902;0.332037945;0.376270476;0.423412335;0.473459783;0.526405674;0.582238466;0.640941104;0.702489737;0.766852302;0.833986970;0.903840475;0.976346356;1.051423132;1.128972472;1.208877395;1.291000592;1.375182913;1.461242161;1.548972255;1.638142934;1.728500119;1.819767115;1.911646840;2.003825295;2.095976508;2.187769228;2.278875654;2.368982525;2.457804930;2.545103231;2.630703515;2.714522056;2.796594276;2.877108766;2.956446951;3.035229036;;;;;;;;;;;;;;;;;;;;;;
-0.200;;;;;;;;;;;;;;;;;;;;;;;;;;;2.492395251;2.408563450;2.323288420;2.236596377;2.148623122;2.059585608;1.969758023;1.879451890;1.788999704;1.698741681;1.609015232;1.520146789;1.432445664;1.346199645;1.261672056;1.179100044;1.098693883;1.020637083;0.945087166;0.872176927;0.802016079;0.734693146;0.670277525;0.608821626;0.550363028;0.494926591;0.442526487;0.393168105;0.346849821;0.303564594;0.263301407;0.226046511;0.191784517;0.160499298;0.132174743;0.106795354;0.084346710;0.064815802;0.048191273;0.034463555;0.023624936;0.015669568;0.010593428;0.008394235;0.009071363;0.012625719;0.019059627;0.028376705;0.040581738;0.055680559;0.073679918;0.094587350;0.118411027;0.145159590;0.174841947;0.207467028;0.243043480;0.281579301;0.323081378;0.367554939;0.415002885;0.465425008;0.518817069;0.575169743;0.634467418;0.696686850;0.761795679;0.829750822;0.900496745;0.973963663;1.050065676;1.128698904;1.209739662;1.293042753;1.378439948;1.465738756;1.554721587;1.645145437;1.736742254;1.829220122;1.922265487;2.015546610;2.108718494;2.201429545;2.293330266;2.384084289;2.473382124;2.560957982;2.646610123;2.730225174;2.811806918;2.891510113;2.969679899;3.046897463;;;;;;;;;;;;;;;;;;;;;;
-0.300;;;;;;;;;;;;;;;;;;;;;;;;;;;2.507194339;2.423628239;2.338412785;2.251587774;2.163305569;2.073801784;1.983370601;1.892344208;1.801075872;1.709926216;1.619252297;1.529399118;1.440693232;1.353438152;1.267911277;1.184362091;1.103011419;1.024051545;0.947647000;0.873935896;0.803031637;0.735024921;0.669985921;0.607966549;0.549002755;0.493116787;0.440319370;0.390611762;0.343987677;0.300435031;0.259937518;0.222476007;0.188029747;0.156577401;0.128097909;0.102571183;0.079978662;0.060303729;0.043532006;0.029651553;0.018652974;0.010529449;0.005276711;0.002892973;0.003378821;0.006737085;0.012972684;0.022092464;0.034105026;0.049020541;0.066850558;0.087607795;0.111305917;0.137959274;0.167582617;0.200190756;0.235798165;0.274418511;0.316064104;0.360745242;0.408469458;0.459240633;0.513057989;0.569914947;0.629797839;0.692684484;0.758542635;0.827328298;0.898983948;0.973436669;1.050596243;1.130353240;1.212577162;1.297114698;1.383788188;1.472394363;1.562703500;1.654459096;1.747378216;1.841152679;1.935451270;2.029923181;2.124202926;2.217916982;2.310692453;2.402168068;2.492007868;2.579917968;2.665666817;2.749109394;2.830215873;2.909105257;2.986084589;3.061694367;;;;;;;;;;;;;;;;;;;;;;
-0.400;;;;;;;;;;;;;;;;;;;;;;;;;;;2.522451834;2.439493822;2.354656393;2.267992030;2.179669273;2.089942439;1.999126109;1.907573837;1.815660609;1.723768592;1.632275773;1.541547110;1.451927857;1.363738744;1.277272742;1.192793155;1.110532811;1.030694155;0.953450056;0.878945181;0.807297783;0.738601794;0.672929120;0.610332033;0.550845612;0.494490144;0.441273460;0.391193152;0.344238640;0.300393083;0.259635099;0.221940309;0.187282681;0.155635692;0.126973308;0.101270794;0.078505363;0.058656677;0.041707223;0.027642565;0.016451501;0.008126132;0.002661858;0.000057316;0.000314269;0.003437463;0.009434445;0.018315367;0.030092759;0.044781293;0.062397527;0.082959616;0.106487012;0.133000118;0.162519908;0.195067491;0.230663616;0.269328099;0.311079169;0.355932713;0.403901415;0.454993770;0.509212981;0.566555713;0.627010719;0.690557327;0.757163801;0.826785587;0.899363454;0.974821575;1.053065550;1.133980453;1.217428928;1.303249406;1.391254537;1.481229912;1.572933188;1.666093757;1.760413076;1.855565851;1.951202235;2.046951273;2.142425801;2.237229082;2.330963447;2.423241274;2.513698641;2.602012037;2.687918558;2.771240027;2.851911544;2.930014992;3.005818088;3.079819590;;;;;;;;;;;;;;;;;;;;;;
-0.500;;;;;;;;;;;;;;;;;;;;;;;;;;;2.538184096;2.456185952;2.372056220;2.285858682;2.197777222;2.108084514;2.017115604;1.925245826;1.832872580;1.740400507;1.648229636;1.556746132;1.466315298;1.377276494;1.289939712;1.204583530;1.121454215;1.040765775;0.962700765;0.887411690;0.815022855;0.745632548;0.679315435;0.616125081;0.556096526;0.499248837;0.445587594;0.395107263;0.347793434;0.303624876;0.262575427;0.224615678;0.189714469;0.157840184;0.128961862;0.103050121;0.080077912;0.060021120;0.042859015;0.028574576;0.017154704;0.008590328;0.002876437;0.000012027;0.000000000;0.002847001;0.008563224;0.017162173;0.028660398;0.043077204;0.060434318;0.080755546;0.104066376;0.130393553;0.159764600;0.192207289;0.227749036;0.266416227;0.308233453;0.353222652;0.401402127;0.452785467;0.507380326;0.565187079;0.626197344;0.690392379;0.757741345;0.828199474;0.901706126;0.978182796;1.057531080;1.139630656;1.224337331;1.311481216;1.400865124;1.492263256;1.585420314;1.680051144;1.775841061;1.872447028;1.969499847;2.066607606;2.163360580;2.259337862;2.354116006;2.447279996;2.538436881;2.627232467;2.713371471;2.796641591;2.876941983;2.954316675;3.028993495;3.101429130;;;;;;;;;;;;;;;;;;;;;;
-0.600;;;;;;;;;;;;;;;;;;;;;;;;;;;2.554413632;2.473731061;2.390645310;2.305229477;2.217681434;2.128291404;2.037414554;1.945448052;1.852812108;1.759934502;1.667238197;1.575131637;1.484001375;1.394206703;1.306075999;1.219904508;1.135953342;1.054449461;0.975586460;0.899525987;0.826399643;0.756311238;0.689339286;0.625539646;0.564948231;0.507583700;0.453450108;0.402539430;0.354833963;0.310308548;0.268932614;0.230672026;0.195490724;0.163352169;0.134220582;0.108061995;0.084845124;0.064542061;0.047128824;0.032585750;0.020897774;0.012054586;0.006050692;0.002885389;0.002562668;0.005091049;0.010483366;0.018756502;0.029931083;0.044031127;0.061083662;0.081118298;0.104166755;0.130262350;0.159439424;0.191732703;0.227176602;0.265804431;0.307647523;0.352734257;0.401088974;0.452730769;0.507672169;0.565917675;0.627462178;0.692289252;0.760369326;0.831657746;0.906092763;0.983593451;1.064057603;1.147359649;1.233348649;1.321846418;1.412645885;1.505509749;1.600169567;1.696325383;1.793646044;1.891770371;1.990309362;2.088849638;2.186958358;2.284189861;2.380094320;2.474228723;2.566170510;2.655534269;2.741991878;2.825296556;2.905311302;2.982042258;3.055677563;3.126632307;;;;;;;;;;;;;;;;;;;;;;
-0.700;;;;;;;;;;;;;;;;;;;;;;;;;;;2.571168769;2.492155379;2.410451389;2.326136546;2.239420747;2.150610405;2.060079983;1.968248119;1.875557853;1.782460455;1.689402445;1.596815388;1.505108104;1.414660968;1.325821986;1.238904383;1.154185459;1.071906479;0.992273419;0.915458381;0.841601526;0.770813391;0.703177475;0.638752993;0.577577704;0.519670755;0.465035474;0.413662062;0.365530148;0.320611186;0.278870656;0.240270076;0.204768795;0.172325591;0.142900047;0.116453738;0.092951219;0.072360831;0.054655340;0.039812423;0.027815009;0.018651492;0.012315839;0.008807587;0.008131763;0.010298720;0.015323906;0.023227576;0.034034446;0.047773295;0.064476519;0.084179635;0.106920729;0.132739854;0.161678361;0.193778162;0.229080919;0.267627148;0.309455226;0.354600300;0.403093083;0.454958530;0.510214398;0.568869675;0.630922883;0.696360263;0.765153841;0.837259404;0.912614381;0.991135691;1.072717555;1.157229350;1.244513540;1.334383758;1.426623110;1.520982814;1.617181257;1.714903611;1.813802144;1.913497394;2.013580384;2.113616079;2.213148326;2.311706522;2.408814297;2.504000519;2.596812969;2.686835056;2.773705981;2.857144803;2.936978879;3.013177217;3.085889298;3.155489990;;;;;;;;;;;;;;;;;;;;;;
-0.800;;;;;;;;;;;;;;;;;;;;;;;;;;;2.588483999;2.511484702;2.431496123;2.348601210;2.263019211;2.175070748;2.085148196;1.993690803;1.901164026;1.808042601;1.714796902;1.621882180;1.529730309;1.438743705;1.349291096;1.261704878;1.176279791;1.093272700;1.012903269;0.935355349;0.860778933;0.789292513;0.720985749;0.655922316;0.594142861;0.535667975;0.480501138;0.428631565;0.380036930;0.334685919;0.292540607;0.253558622;0.217695113;0.184904486;0.155141939;0.128364777;0.104533530;0.083612875;0.065572377;0.050387065;0.038037845;0.028511783;0.021802254;0.017908979;0.016837957;0.018601314;0.023217060;0.030708781;0.041105258;0.054440022;0.070750854;0.090079216;0.112469625;0.137968961;0.166625703;0.198489092;0.233608212;0.272030978;0.313803032;0.358966528;0.407558809;0.459610966;0.515146273;0.574178498;0.636710094;0.702730271;0.772212954;0.845114656;0.921372274;1.000900838;1.083591252;1.169308077;1.257887398;1.349134857;1.442823922;1.538694482;1.636451897;1.735766595;1.836274388;1.937577656;2.039247576;2.140827611;2.241838484;2.341784890;2.440164222;2.536477631;2.630243754;2.721015482;2.808400181;2.892083801;2.971859362;3.047660342;3.119599519;3.188013888;;;;;;;;;;;;;;;;;;;;;;
-0.900;;;;;;;;;;;;;;;;;;;;;;;;;;;2.606401037;2.531744873;2.453795073;2.372633455;2.288485151;2.201682292;2.112633142;2.021796128;1.929658217;1.836717143;1.743467051;1.650387116;1.557932774;1.466529206;1.376566766;1.288398055;1.202336393;1.118655452;1.037589826;0.959336383;0.884056202;0.811876971;0.742895705;0.677181691;0.614779549;0.555712333;0.499984620;0.447585507;0.398491495;0.352669208;0.310077933;0.270671956;0.234402682;0.201220541;0.171076660;0.143924330;0.119720250;0.098425573;0.080006753;0.064436217;0.051692864;0.041762412;0.034637604;0.030318281;0.028811345;0.030130614;0.034296580;0.041336079;0.051281885;0.064172224;0.080050212;0.098963228;0.120962209;0.146100871;0.174434857;0.206020792;0.240915261;0.279173684;0.320849092;0.365990795;0.414642936;0.466842929;0.522619770;0.581992229;0.644966923;0.711536273;0.781676358;0.855344680;0.932477865;1.012989323;1.096766917;1.183670663;1.273530549;1.366144508;1.461276656;1.558655856;1.657974754;1.758889369;1.861019424;1.963949540;2.067231500;2.170387784;2.272916585;2.374298587;2.474005761;2.571512498;2.666309418;2.757920226;2.845922016;2.929969475;3.009823447;3.085384407;3.156731370;3.224166877;;;;;;;;;;;;;;;;;;;;;;
-1.000;;;;;;;;;;;;;;;;;;;;;;;;;;;2.624970658;2.552963018;2.477358397;2.398232158;2.315810959;2.230434928;2.142525478;2.052558139;1.961039902;1.868490531;1.775427418;1.682353518;1.589748006;1.498059281;1.407699990;1.319043789;1.232423565;1.148130883;1.066416434;0.987491306;0.911528896;0.838667309;0.769012128;0.702639425;0.639598920;0.579917204;0.523600955;0.470640087;0.421010785;0.374678393;0.331600110;0.291727497;0.255008760;0.221390811;0.190821098;0.163249217;0.138628288;0.116916128;0.098076218;0.082078466;0.068899803;0.058524598;0.050944925;0.046160687;0.044179603;0.045017082;0.048695982;0.055246275;0.064704604;0.077113769;0.092522110;0.110982818;0.132553158;0.157293608;0.185266913;0.216537046;0.251168072;0.289222917;0.330762027;0.375841916;0.424513597;0.476820898;0.532798653;0.592470769;0.655848187;0.722926718;0.793684792;0.868081121;0.946052300;1.027510388;1.112340485;1.200398377;1.291508288;1.385460814;1.482011120;1.580877489;1.681740343;1.784241845;1.887986241;1.992541089;2.097439568;2.202184069;2.306251283;2.409099057;2.510175286;2.608929150;2.704825030;2.797359487;2.886081693;2.970617753;3.050699418;3.126197669;3.197161774;3.263864380;;;;;;;;;;;;;;;;;;;;;;
-1.100;;;;;;;;;;;;;;;;;;;;;;;;;;;2.644255331;2.575169585;2.502192340;2.425386090;2.344973653;2.261298753;2.174792389;2.085944400;1.995279667;1.903338447;1.810660344;1.717771516;1.625174676;1.533341563;1.442707516;1.353667864;1.266575865;1.181741920;1.099433867;1.019878144;0.943261636;0.869734069;0.799410795;0.732375859;0.668685239;0.608370176;0.551440509;0.497887965;0.447689345;0.400809560;0.357204499;0.316823696;0.279612771;0.245515657;0.214476583;0.186441829;0.161361250;0.139189573;0.119887480;0.103422482;0.089769605;0.078911887;0.070840709;0.065555966;0.063066099;0.063387982;0.066546696;0.072575180;0.081513777;0.093409676;0.108316256;0.126292337;0.147401336;0.171710321;0.199288985;0.230208501;0.264540291;0.302354681;0.343719446;0.388698240;0.437348908;0.489721682;0.545857246;0.605784690;0.669519350;0.737060534;0.808389161;0.883465325;0.962225802;1.044581545;1.130415189;1.219578628;1.311890719;1.407135171;1.505058717;1.605369650;1.707736845;1.811789377;1.917116891;2.023270883;2.129767068;2.236089042;2.341693470;2.446017045;2.548485498;2.648524967;2.745576065;2.839111006;2.928654207;3.013806783;3.094275438;3.169906235;3.240723835;3.306976779;;;;;;;;;;;;;;;;;;;;;;
-1.200;;;;;;;;;;;;;;;;;;;;;;;;;;;;2.598401189;2.528301546;2.454075725;2.375936249;2.294225029;2.209378196;2.121896284;2.032319216;1.941205549;1.849115512;1.756597378;1.664176769;1.572348511;1.481570713;1.392260734;1.304792779;1.219496852;1.136658849;1.056521578;0.979286516;0.905116161;0.834136814;0.766441681;0.702094172;0.641131323;0.583567241;0.529396518;0.478597559;0.431135768;0.386966572;0.346038246;0.308294517;0.273676947;0.242127073;0.213588312;0.188007622;0.165336933;0.145534355;0.128565157;0.114402553;0.103028283;0.094433013;0.088616566;0.085587987;0.085365471;0.087976137;0.093455684;0.101847921;0.113204179;0.127582617;0.145047418;0.165667878;0.189517390;0.216672327;0.247210813;0.281211386;0.318751547;0.359906196;0.404745947;0.453335324;0.505730834;0.561978920;0.622113797;0.686155176;0.754105883;0.825949395;0.901647304;0.981136742;1.064327785;1.151100900;1.241304459;1.334752396;1.431222070;1.530452413;1.632142471;1.735950430;1.841493274;1.948347197;2.056048945;2.164098269;2.271961688;2.379077789;2.484864319;2.588727349;2.690072807;2.788320726;2.882922571;2.973382044;3.059279807;3.140302598;3.216277250;3.287210170;3.353332877;;;;;;;;;;;;;;;;;;;;;;
-1.300;;;;;;;;;;;;;;;;;;;;;;;;;;;;2.622704294;2.555692177;2.484275876;2.408649942;2.329147971;2.246205769;2.160330065;2.072072161;1.982006017;1.890710250;1.798753610;1.706683499;1.615017162;1.524235186;1.434777003;1.347038088;1.261368601;1.178073237;1.097412060;1.019602144;0.944819845;0.873203554;0.804856805;0.739851620;0.678231999;0.620017455;0.565206548;0.513780335;0.465705698;0.420938522;0.379426662;0.341112718;0.305936561;0.273837636;0.244757006;0.218639164;0.195433594;0.175096100;0.157589903;0.142886525;0.130966458;0.121819641;0.115445751;0.111854316;0.111064670;0.113105753;0.118015767;0.125841697;0.136638700;0.150469375;0.167402911;0.187514118;0.210882339;0.237590257;0.267722574;0.301364583;0.338600613;0.379512358;0.424177086;0.472665719;0.525040792;0.581354299;0.641645409;0.705938087;0.774238611;0.846533004;0.922784414;1.002930452;1.086880527;1.174513230;1.265673803;1.360171755;1.457778710;1.558226548;1.661205955;1.766365484;1.873311253;1.981607428;2.090777648;2.200307582;2.309648816;2.418224299;2.525435597;2.630672243;2.733323469;2.832792683;2.928515029;3.019978451;3.106748695;3.188498703;3.265042940;3.336377186;;;;;;;;;;;;;;;;;;;;;;;
-1.400;;;;;;;;;;;;;;;;;;;;;;;;;;;;2.648139691;2.584375866;2.515959147;2.443057118;2.365987346;2.285178773;2.201138825;2.114425644;2.025624892;1.935330639;1.844129843;1.752590013;1.661249655;1.570611140;1.481135658;1.393239976;1.307294717;1.223623908;1.142505603;1.064173351;0.988818361;0.916592194;0.847609852;0.781953137;0.719674187;0.660799092;0.605331518;0.553256271;0.504542763;0.459148312;0.417021271;0.378103944;0.342335264;0.309653247;0.279997185;0.253309594;0.229537914;0.208635958;0.190565131;0.175295408;0.162806106;0.153086430;0.146135835;0.141964188;0.140591765;0.142049067;0.146376493;0.153623852;0.163849738;0.177120770;0.193510696;0.213099369;0.235971604;0.262215901;0.291923049;0.325184605;0.362091248;0.402731005;0.447187356;0.495537207;0.547848749;0.604179186;0.664572359;0.729056255;0.797640435;0.870313377;0.947039768;1.027757774;1.112376315;1.200772392;1.292788524;1.388230343;1.486864433;1.588416480;1.692569858;1.798964729;1.907197810;2.016822949;2.127352655;2.238260784;2.348986587;2.458940321;2.567510712;2.674074520;2.778008518;2.878704230;2.975585784;3.068131286;3.155898143;3.238552814;3.315905498;3.387950307;;;;;;;;;;;;;;;;;;;;;;;
-1.500;;;;;;;;;;;;;;;;;;;;;;;;;;;;2.674787767;2.614374447;2.549100187;2.479095164;2.404651895;2.326184719;2.244195188;2.159242764;2.071920246;1.982833433;1.892584535;1.801758884;1.710914558;1.620574540;1.531221072;1.443291896;1.357178111;1.273223385;1.191724294;1.112931595;1.037052235;0.964251946;0.894658282;0.828363969;0.765430459;0.705891599;0.649757332;0.597017360;0.547644718;0.501599207;0.458830654;0.419281967;0.382891965;0.349597968;0.319338141;0.292053575;0.267690120;0.246199963;0.227542958;0.211687716;0.198612464;0.188305677;0.180766509;0.176005012;0.174042172;0.174909758;0.178650006;0.185315138;0.194966723;0.207674891;0.223517408;0.242578600;0.264948155;0.290719781;0.319989732;0.352855210;0.389412627;0.429755739;0.473973657;0.522148724;0.574354266;0.630652235;0.691090728;0.755701409;0.824496851;0.897467797;0.974580384;1.055773352;1.140955268;1.230001820;1.322753229;1.419011840;1.518539967;1.621058082;1.726243440;1.833729251;1.943104543;2.053914845;2.165663857;2.277816300;2.389802142;2.501022432;2.610856988;2.718674231;2.823843455;2.925749872;3.023812811;3.117507453;3.206390545;3.290130561;3.368542830;3.441630161;;;;;;;;;;;;;;;;;;;;;;;
-1.600;;;;;;;;;;;;;;;;;;;;;;;;;;;;;2.645725429;2.583680692;2.516701051;2.445043521;2.369098804;2.289354833;2.206365807;2.120726138;2.033048783;1.943947478;1.854022418;1.763848973;1.673969055;1.584884795;1.497054209;1.410888568;1.326751208;1.244957548;1.165776104;1.089430307;1.016100962;0.945929193;0.879019751;0.815444558;0.755246408;0.698442713;0.645029249;0.594983824;0.548269820;0.504839579;0.464637583;0.427603424;0.393674533;0.362788653;0.334886061;0.309911532;0.287816037;0.268558190;0.252105443;0.238435044;0.227534753;0.219403340;0.214050874;0.211498794;0.211779804;0.214937571;0.221026251;0.230109851;0.242261421;0.257562104;0.276100021;0.297969020;0.323267280;0.352095771;0.384556577;0.420751084;0.460778034;0.504731440;0.552698380;0.604756664;0.660972381;0.721397340;0.786066414;0.854994799;0.928175219;1.005575089;1.087133677;1.172759296;1.262326578;1.355673880;1.452600893;1.552866513;1.656187083;1.762235090;1.870638436;1.980980412;2.092800528;2.205596353;2.318826560;2.431915372;2.544258649;2.655231857;2.764200207;2.870531262;2.973610354;3.072859176;3.167757939;3.257871545;3.342880229;3.422615191;3.497099762;;;;;;;;;;;;;;;;;;;;;;;
-1.700;;;;;;;;;;;;;;;;;;;;;;;;;;;;;2.678488142;2.619695111;2.555816625;2.487062213;2.413788499;2.336460775;2.255620244;2.171856363;2.085783737;1.998023076;1.909185739;1.819861449;1.730608788;1.641948122;1.554356607;1.468265014;1.384056072;1.302064106;1.222575738;1.145831470;1.072027954;1.001320815;0.933827872;0.869632648;0.808788058;0.751320191;0.697232106;0.646507570;0.599114702;0.555009455;0.514138922;0.476444427;0.441864374;0.410336863;0.381802032;0.356204148;0.333493429;0.313627599;0.296573195;0.282306616;0.270814932;0.262096451;0.256161072;0.253030414;0.252737740;0.255327691;0.260855819;0.269387953;0.280999389;0.295773905;0.313802628;0.335182737;0.360016018;0.388407266;0.420462549;0.456287324;0.495984415;0.539651862;0.587380630;0.639252204;0.695336059;0.755687033;0.820342605;0.889320095;0.962613816;1.040192199;1.121994926;1.207930109;1.297871559;1.391656217;1.489081787;1.589904673;1.693838291;1.800551870;1.909669841;2.020771968;2.133394350;2.247031465;2.361139450;2.475140813;2.588430808;2.700385740;2.810373453;2.917766333;3.021957151;3.122378105;3.218523475;3.309976317;3.396439659;3.477772720;;;;;;;;;;;;;;;;;;;;;;;;
-1.800;;;;;;;;;;;;;;;;;;;;;;;;;;;;;;2.657156945;2.596394535;2.530611623;2.460118807;2.385348336;2.306819431;2.225108902;2.140826480;2.054594385;1.967030627;1.878735632;1.790281766;1.702205418;1.615001281;1.529118545;1.444958712;1.362874785;1.283171606;1.206107143;1.131894528;1.060704707;0.992669537;0.927885222;0.866415961;0.808297727;0.753542087;0.702139995;0.654065505;0.609279339;0.567732297;0.529368452;0.494128126;0.461950612;0.432776648;0.406550623;0.383222512;0.362749547;0.345097628;0.330242464;0.318170471;0.308879419;0.302378848;0.298690250;0.297847045;0.299894336;0.304888472;0.312896421;0.323994950;0.338269642;0.355813728;0.376726768;0.401113158;0.429080497;0.460737787;0.496193502;0.535553499;0.578918807;0.626383274;0.678031098;0.733934239;0.794149739;0.858716945;0.927654672;1.000958325;1.078596996;1.160510597;1.246607036;1.336759521;1.430804019;1.528536961;1.629713257;1.734044713;1.841198963;1.950799019;2.062423579;2.175608250;2.289847834;2.404599883;2.519289721;2.633317166;2.746065202;2.856910893;2.965238828;3.070457451;3.172018628;3.269440865;3.362336590;3.450443998;3.533663933;;;;;;;;;;;;;;;;;;;;;;;;
-1.900;;;;;;;;;;;;;;;;;;;;;;;;;;;;;;2.696105545;2.638404675;2.575605199;2.507958107;2.435850720;2.359769951;2.280271045;2.197951242;2.113427820;2.027320055;1.940234638;1.852754144;1.765428176;1.678766831;1.593236187;1.509255513;1.427195944;1.347380387;1.270084455;1.195538222;1.123928647;1.055402504;0.990069697;0.928006837;0.869260979;0.813853441;0.761783618;0.713032739;0.667567505;0.625343579;0.586308874;0.550406629;0.517578243;0.487765857;0.460914667;0.436974978;0.415903975;0.397667235;0.382239964;0.369607983;0.359768451;0.352730348;0.348514724;0.347154711;0.348695323;0.353193046;0.360715222;0.371339243;0.385151555;0.402246489;0.422724909;0.446692701;0.474259100;0.505534852;0.540630238;0.579652941;0.622705783;0.669884333;0.721274380;0.776949317;0.836967410;0.901369003;0.970173651;1.043377233;1.120949057;1.202828995;1.288924704;1.379108971;1.473217245;1.571045428;1.672348007;1.776836612;1.884179108;1.993999340;2.105877672;2.219352457;2.333922616;2.449051518;2.564172354;2.678695264;2.792016438;2.903529503;3.012639483;3.118779680;3.221431839;3.320150000;3.414588460;3.504534335;;;;;;;;;;;;;;;;;;;;;;;;;
-2.000;;;;;;;;;;;;;;;;;;;;;;;;;;;;;;2.736613259;2.681841034;2.621972750;2.557184467;2.487805102;2.414277481;2.337125065;2.256923792;2.174278487;2.089803350;2.004106059;1.917775071;1.831369733;1.745412840;1.660385334;1.576722817;1.494813650;1.414998354;1.337570122;1.262776237;1.190820211;1.121864501;1.056033659;0.993417789;0.934076210;0.878041234;0.825321972;0.775908109;0.729773586;0.686880142;0.647180684;0.610622441;0.577149895;0.546707458;0.519241891;0.494704455;0.473052784;0.454252490;0.438278499;0.425116115;0.414761824;0.407223849;0.402522457;0.400690024;0.401770880;0.405820929;0.412907058;0.423106344;0.436505070;0.453197542;0.473284741;0.496872787;0.524071245;0.554991265;0.589743574;0.628436314;0.671172749;0.718048836;0.769150680;0.824551890;0.884310834;0.948467830;1.017042290;1.090029838;1.167399442;1.249090596;1.335010596;1.425031965;1.518990085;1.616681114;1.717860265;1.822240535;1.929492011;2.039241843;2.151075055;2.264536311;2.379132841;2.494338687;2.609600499;2.724345108;2.837989127;2.949950876;3.059664926;3.166599599;3.270277814;3.370301646;3.466381062;3.558367288;;;;;;;;;;;;;;;;;;;;;;;;;
-2.100;;;;;;;;;;;;;;;;;;;;;;;;;;;;;;;2.726728766;2.669667293;2.607692281;2.541059073;2.470153074;2.395454330;2.317507402;2.236896003;2.154221890;2.070087530;1.985082126;1.899770584;1.814685069;1.730318810;1.647121854;1.565498481;1.485806039;1.408354969;1.333409805;1.261190985;1.191877284;1.125608757;1.062490023;1.002593817;0.945964685;0.892622744;0.842567453;0.795781294;0.752233360;0.711882765;0.674681872;0.640579294;0.609522658;0.581461109;0.556347554;0.534140628;0.514806390;0.498319741;0.484665575;0.473839661;0.465849268;0.460713530;0.458463577;0.459142419;0.462804607;0.469515677;0.479351376;0.492396693;0.508744692;0.528495155;0.551753053;0.578626840;0.609226583;0.643661940;0.682039987;0.724462911;0.771025568;0.821812939;0.876897476;0.936336367;1.000168747;1.068412861;1.141063228;1.218087826;1.299425345;1.384982554;1.474631840;1.568208974;1.665511188;1.766295641;1.870278370;1.977133833;2.086495176;2.197955350;2.311069238;2.425356963;2.540308573;2.655390309;2.770052696;2.883740705;2.995906286;3.106023565;3.213607059;3.318233265;3.419566029;3.517386138;3.611625595;;;;;;;;;;;;;;;;;;;;;;;;;
-2.200;;;;;;;;;;;;;;;;;;;;;;;;;;;;;;;2.773131310;2.718671997;2.659399069;2.595477295;2.527219681;2.455049720;2.379469155;2.301030702;2.220315201;2.137912731;2.054407226;1.970364192;1.886321154;1.802780472;1.720204229;1.639010888;1.559573477;1.482219041;1.407229168;1.334841392;1.265251301;1.198615194;1.135053159;1.074652458;1.017471094;0.963541499;0.912874242;0.865461701;0.821281649;0.780300694;0.742477541;0.707766060;0.676118106;0.647486104;0.621825366;0.599096142;0.579265397;0.562308314;0.548209518;0.536964036;0.528577995;0.523069047;0.520466562;0.520811563;0.524156435;0.530564399;0.540108784;0.552872070;0.568944750;0.588423986;0.611412088;0.638014820;0.668339535;0.702493156;0.740580010;0.782699527;0.828943814;0.879395119;0.934123207;0.993182656;1.056610107;1.124421487;1.196609237;1.273139592;1.353949929;1.438946270;1.528000963;1.620950624;1.717594417;1.817692748;1.920966479;2.027096770;2.135725672;2.246457615;2.358861944;2.472476679;2.586813690;2.701365507;2.815613992;2.929041142;3.041142303;3.151442103;3.259513455;3.364999989;3.467642325;3.567308609;;;;;;;;;;;;;;;;;;;;;;;;;;
-2.300;;;;;;;;;;;;;;;;;;;;;;;;;;;;;;;;2.769007021;2.712252215;2.650948175;2.585318758;2.515716164;2.442586424;2.366440054;2.287827329;2.207317697;2.125482869;2.042883164;1.960056722;1.877511235;1.795717864;1.715107048;1.636065943;1.558937224;1.484019062;1.411566047;1.341790893;1.274866768;1.210930098;1.150083729;1.092400329;1.037925947;0.986683633;0.938677053;0.893894047;0.852310062;0.813891437;0.778598494;0.746388413;0.717217868;0.691045411;0.667833590;0.647550801;0.630172859;0.615684306;0.604079436;0.595363058;0.589550999;0.586670345;0.586759442;0.589867647;0.596054861;0.605390828;0.617954224;0.633831548;0.653115805;0.675905016;0.702300545;0.732405256;0.766321523;0.804149087;0.845982783;0.891910155;0.942008955;0.996344571;1.054967385;1.117910093;1.185185014;1.256781426;1.332662959;1.412765095;1.496992826;1.585218530;1.677280133;1.772979625;1.872082042;1.974314987;2.079368821;2.186897643;2.296521202;2.407827906;2.520379093;2.633714770;2.747361030;2.860839382;2.973678273;3.085427060;3.195672770;3.304059984;3.410314201;3.514269112;;;;;;;;;;;;;;;;;;;;;;;;;;;
-2.400;;;;;;;;;;;;;;;;;;;;;;;;;;;;;;;;;2.766235433;2.707390314;2.644316716;2.577279096;2.506653330;2.432895129;2.356513290;2.278047262;2.198048571;2.117065660;2.035631758;1.954255401;1.873413273;1.793545067;1.715050078;1.638285279;1.563564650;1.491159550;1.421299957;1.354176387;1.289942370;1.228717335;1.170589792;1.115620712;1.063847014;1.015285088;0.969934279;0.927780293;0.888798463;0.852956848;0.820219131;0.790547289;0.763904029;0.740254955;0.719570487;0.701827491;0.687010657;0.675113590;0.666139641;0.660102472;0.657026367;0.656946282;0.659907664;0.665966030;0.675186319;0.687642029;0.703414153;0.722589903;0.745261266;0.771523365;0.801472672;0.835205050;0.872813665;0.914386769;0.960005369;1.009740800;1.063652229;1.121784106;1.184163588;1.250797968;1.321672153;1.396746213;1.475953068;1.559196347;1.646348504;1.737249239;1.831704315;1.929484864;2.030327276;2.133933796;2.239973950;2.348086946;2.457885217;2.568959280;2.680884101;2.793227203;2.905558736;3.017463791;3.128557229;3.238501359;3.347026787;3.453956834;3.559235900;;;;;;;;;;;;;;;;;;;;;;;;;;;
-2.500;;;;;;;;;;;;;;;;;;;;;;;;;;;;;;;;;2.821374671;2.764758500;2.704110991;2.639590601;2.571486958;2.500186877;2.426145418;2.349861456;2.271857291;2.192661853;2.112797084;2.032767136;1.953050021;1.874091407;1.796300276;1.720046162;1.645657756;1.573422642;1.503587981;1.436361963;1.371915881;1.310386673;1.251879829;1.196472537;1.144216997;1.095143793;1.049265277;1.006578900;0.967070434;0.930717042;0.897490179;0.867358274;0.840289190;0.816252436;0.795221122;0.777173656;0.762095169;0.749978672;0.740825951;0.734648195;0.731466365;0.731311319;0.734223683;0.740253496;0.749459618;0.761908933;0.777675329;0.796838499;0.819482540;0.845694384;0.875562069;0.909172852;0.946611195;0.987956623;1.033281484;1.082648622;1.136108989;1.193699221;1.255439204;1.321329659;1.391349803;1.465455093;1.543575145;1.625611845;1.711437746;1.800894802;1.893793541;1.989912749;2.088999789;2.190771664;2.294916952;2.401098766;2.508958905;2.618123367;2.728209431;2.838834526;2.949627134;3.060239985;3.170365835;3.279756159;3.388243079;3.495764927;;;;;;;;;;;;;;;;;;;;;;;;;;;;
-2.600;;;;;;;;;;;;;;;;;;;;;;;;;;;;;;;;;;2.823048923;2.764635434;2.702534969;2.636933071;2.568131986;2.496519353;2.422541614;2.346681658;2.269440238;2.191320738;2.112816907;2.034403196;1.956527382;1.879605165;1.804016484;1.730103288;1.658168550;1.588476310;1.521252587;1.456686963;1.394934733;1.336119459;1.280335837;1.227652768;1.178116544;1.131754084;1.088576146;1.048580464;1.011754774;0.978079668;0.947531274;0.920083715;0.895711342;0.874390722;0.856102371;0.840832229;0.828572871;0.819324458;0.813095430;0.809902937;0.809773029;0.812740595;0.818849075;0.828149941;0.840701962;0.856570267;0.875825209;0.898541049;0.924794463;0.954662899;0.988222786;1.025547610;1.066705889;1.111759045;1.160759211;1.213746985;1.270749170;1.331776514;1.396821504;1.465856234;1.538830410;1.615669534;1.696273321;1.780514431;1.868237576;1.959259093;2.053367083;2.150322214;2.249859318;2.351689905;2.455505764;2.560983783;2.667792211;2.775598530;2.884079183;2.992931394;3.101887343;3.210730997;3.319317918;3.427598384;3.535644210;;;;;;;;;;;;;;;;;;;;;;;;;;;;
-2.700;;;;;;;;;;;;;;;;;;;;;;;;;;;;;;;;;;;2.825864712;2.766033361;2.702871028;2.636578040;2.567459419;2.495895956;2.422319724;2.347193555;2.270994041;2.194197663;2.117269693;2.040655507;1.964774019;1.890012951;1.816725678;1.745229410;1.675804524;1.608694822;1.544108577;1.482220190;1.423172340;1.367078501;1.314025713;1.264077533;1.217277062;1.173650007;1.133207688;1.095949973;1.061868069;1.030947158;1.003168838;0.978513350;0.956961582;0.938496823;0.923106275;0.910782309;0.901523470;0.895335221;0.892230446;0.892229699;0.895361223;0.901660730;0.911170961;0.923941040;0.940025613;0.959483811;0.982378023;1.008772510;1.038731867;1.072319349;1.109595076;1.150614143;1.195424645;1.244065647;1.296565123;1.352937889;1.413183570;1.477284634;1.545204529;1.616885985;1.692249518;1.771192211;1.853586834;1.939281381;2.028099116;2.119839219;2.214278152;2.311171857;2.410258932;2.511264934;2.613907972;2.717905790;2.822984525;2.928889387;3.035397492;3.142333124;3.249585726;3.357130933;3.465054999;;;;;;;;;;;;;;;;;;;;;;;;;;;;;
-2.800;;;;;;;;;;;;;;;;;;;;;;;;;;;;;;;;;;;;2.830047238;2.769217573;2.705407651;2.638823079;2.569764339;2.498599996;2.425744066;2.351637092;2.276730535;2.201474077;2.126305511;2.051642877;1.977878569;1.905375140;1.834462565;1.765436734;1.698558994;1.634056550;1.572123564;1.512922820;1.456587820;1.403225198;1.352917368;1.305725303;1.261691380;1.220842226;1.183191515;1.148742662;1.117491382;1.089428082;1.064540067;1.042813523;1.024235288;1.008794383;0.996483300;0.987299050;0.981243964;0.978326252;0.978560329;0.981966896;0.988572816;0.998410753;1.011518620;1.027938823;1.047717327;1.070902547;1.097544084;1.127691322;1.161391895;1.198690051;1.239624931;1.284228776;1.332525103;1.384526863;1.440234616;1.499634763;1.562697868;1.629377119;1.699606970;1.773302031;1.850356265;1.930642557;2.014012750;2.100298223;2.189311123;2.280846363;2.374684500;2.470595650;2.568344586;2.667697183;2.768428420;2.870332119;2.973232676;3.076999014;3.181561042;3.286928916;3.393215420;;;;;;;;;;;;;;;;;;;;;;;;;;;;;;
-2.900;;;;;;;;;;;;;;;;;;;;;;;;;;;;;;;;;;;;;2.835929132;2.774541211;2.710504118;2.644021849;2.575385404;2.504947868;2.433103410;2.360269755;2.286873763;2.213339737;2.140080135;2.067488392;1.995933560;1.925756535;1.857267623;1.790745252;1.726435644;1.664553265;1.605281930;1.548776396;1.495164362;1.444548742;1.397010132;1.352609397;1.311390298;1.273382110;1.238602179;1.207058365;1.178751362;1.153676838;1.131827397;1.113194327;1.097769143;1.085544890;1.076517230;1.070685287;1.068052267;1.068625846;1.072418343;1.079446665;1.089732060;1.103299662;1.120177851;1.140397448;1.163990735;1.190990344;1.221428010;1.255333211;1.292731719;1.333644084;1.378084059;1.426057023;1.477558394;1.532572098;1.591069111;1.653006120;1.718324357;1.786948645;1.858786729;1.933728947;2.011648323;2.092401162;2.175828239;2.261756689;2.350002713;2.440375226;2.532680592;2.626728608;2.722339899;2.819354930;2.917644836;3.017124307;3.117766776;3.219622188;3.322837654;;;;;;;;;;;;;;;;;;;;;;;;;;;;;;;
-3.000;;;;;;;;;;;;;;;;;;;;;;;;;;;;;;;;;;;;;2.903002190;2.843937873;2.782434192;2.718580878;2.652575870;2.584697932;2.515283383;2.444706502;2.373363209;2.301657650;2.229991341;2.158754565;2.088319730;2.019036436;1.951227997;1.885189227;1.821185274;1.759451341;1.700193127;1.643587860;1.589785783;1.538911997;1.491068557;1.446336730;1.404779358;1.366443246;1.331361533;1.299555991;1.271039226;1.245816731;1.223888790;1.205252194;1.189901762;1.177831657;1.169036492;1.163512217;1.161256791;1.162270637;1.166556899;1.174121479;1.184972895;1.199121943;1.216581193;1.237364316;1.261485276;1.288957378;1.319792209;1.353998486;1.391580821;1.432538447;1.476863907;1.524541751;1.575547265;1.629845273;1.687389036;1.748119317;1.811963635;1.878835781;1.948635648;2.021249450;2.096550402;2.174399952;2.254649653;2.337143799;2.421722918;2.508228275;2.596507531;2.686421696;2.777853579;2.870717921;2.964973418;3.060636875;3.157799749;3.256647352;;;;;;;;;;;;;;;;;;;;;;;;;;;;;;;;
-3.100;;;;;;;;;;;;;;;;;;;;;;;;;;;;;;;;;;;;;;2.913594313;2.854582295;2.793391261;2.730109083;2.664925457;2.598106183;2.529971319;2.460876802;2.391199148;2.321322878;2.251630345;2.182493679;2.114268559;2.047289585;1.981867008;1.918284636;1.856798709;1.797637605;1.741002204;1.687066797;1.635980420;1.587868499;1.542834730;1.500963113;1.462320055;1.426956515;1.394910108;1.366207147;1.340864585;1.318891825;1.300292372;1.285065327;1.273206685;1.264710452;1.259569564;1.257776605;1.259324332;1.264206008;1.272415544;1.283947467;1.298796715;1.316958276;1.338426681;1.363195368;1.391255933;1.422597283;1.457204712;1.495058934;1.536135074;1.580401662;1.627819661;1.678341549;1.731910500;1.788459714;1.847911917;1.910179117;1.975162643;2.042753544;2.112833427;2.185275800;2.259948015;2.336713913;2.415437279;2.495986223;2.578238634;2.662088844;2.747455670;2.834292021;2.922596259;3.012425530;3.103911317;3.197277455;3.292860903;;;;;;;;;;;;;;;;;;;;;;;;;;;;;;;;
-3.200;;;;;;;;;;;;;;;;;;;;;;;;;;;;;;;;;;;;;;;2.926951697;2.868438040;2.807959036;2.745599149;2.681539724;2.616034714;2.549390052;2.481946303;2.414064208;2.346112799;2.278459771;2.211463840;2.145468823;2.080799204;2.017756985;1.956619627;1.897638901;1.841040506;1.787024307;1.735765077;1.687413625;1.642098225;1.599926252;1.560985956;1.525348313;1.493068896;1.464189720;1.438741024;1.416742957;1.398207151;1.383138142;1.371534651;1.363390685;1.358696480;1.357439260;1.359603825;1.365172964;1.374127705;1.386447403;1.402109675;1.421090206;1.443362417;1.468897034;1.497661558;1.529619664;1.564730548;1.602948241;1.644220925;1.688490273;1.735690844;1.785749575;1.838585402;1.894109057;1.952223092;2.012822176;2.075793738;2.141019007;2.208374538;2.277734300;2.348972415;2.421966662;2.496602839;2.572780136;2.650417625;2.729462047;2.809897047;2.891754048;2.975124956;3.060176934;3.147169470;;;;;;;;;;;;;;;;;;;;;;;;;;;;;;;;;;
-3.300;;;;;;;;;;;;;;;;;;;;;;;;;;;;;;;;;;;;;;;;;2.886131861;2.826721944;2.765588235;2.702905519;2.638918686;2.573923137;2.508248286;2.442243795;2.376268231;2.310679856;2.245829281;2.182053743;2.119672780;2.058985119;2.000266570;1.943768798;1.889718795;1.838318946;1.789747560;1.744159770;1.701688707;1.662446878;1.626527677;1.594006956;1.564944636;1.539386286;1.517364657;1.498901123;1.484007033;1.472684923;1.464929606;1.460729115;1.460065498;1.462915461;1.469250868;1.479039093;1.492243245;1.508822251;1.528730840;1.551919415;1.578333841;1.607915168;1.640599304;1.676316662;1.714991805;1.756543119;1.800882546;1.847915401;1.897540319;1.949649376;2.004128418;2.060857664;2.119712621;2.180565395;2.243286452;2.307746914;2.373821471;2.441392008;2.510352054;2.580612161;2.652106349;2.724799758;2.798697659;2.873855994;2.950393640;3.028506589;3.108484284;;;;;;;;;;;;;;;;;;;;;;;;;;;;;;;;;;;
-3.400;;;;;;;;;;;;;;;;;;;;;;;;;;;;;;;;;;;;;;;;;;2.908324686;2.850286944;2.790626540;2.729515197;2.667193012;2.603949723;2.540108893;2.476014698;2.412020990;2.348482384;2.285747104;2.224151359;2.164015050;2.105638605;2.049300786;1.995257302;1.943740106;1.894957239;1.849093126;1.806309214;1.766744884;1.730518557;1.697728922;1.668456249;1.642763730;1.620698808;1.602294475;1.587570496;1.576534556;1.569183301;1.565503271;1.565471723;1.569057320;1.576220718;1.586915029;1.601086175;1.618673147;1.639608173;1.663816815;1.691218005;1.721724042;1.755240574;1.791666581;1.830894391;1.872809754;1.917292013;1.964214395;2.013444477;2.064844854;2.118274072;2.173587871;2.230640798;2.289288260;2.349389079;2.410808649;2.473422760;2.537122204;2.601818267;2.667449228;2.733987984;2.801450973;2.869908524;2.939496829;3.010431716;3.083024442;;;;;;;;;;;;;;;;;;;;;;;;;;;;;;;;;;;;
-3.500;;;;;;;;;;;;;;;;;;;;;;;;;;;;;;;;;;;;;;;;;;;2.935693360;2.879266970;2.821262338;2.761853138;2.701280244;2.639833688;2.577837395;2.515636366;2.453586045;2.392043584;2.331360786;2.271878503;2.213922287;2.157799119;2.103795063;2.052173686;2.003175130;1.957015711;1.913887949;1.873960938;1.837380982;1.804272414;1.774738568;1.748862819;1.726709680;1.708325902;1.693741554;1.682971063;1.676014192;1.672856952;1.673472425;1.677821508;1.685853575;1.697507050;1.712709910;1.731380116;1.753425995;1.778746567;1.807231865;1.838763231;1.873213639;1.910448050;1.950323844;1.992691340;2.037394451;2.084271511;2.133156305;2.183879362;2.236269549;2.290156031;2.345370653;2.401750812;2.459142906;2.517406420;2.576418770;2.636080982;2.696324330;2.757118059;2.818478311;2.880478427;2.943260766;3.007050230;3.072169692;;;;;;;;;;;;;;;;;;;;;;;;;;;;;;;;;;;;;
-3.600;;;;;;;;;;;;;;;;;;;;;;;;;;;;;;;;;;;;;;;;;;;;;2.914263025;2.858025681;2.800380937;2.741577120;2.681911429;2.621715076;2.561340755;2.501152188;2.441515481;2.382792075;2.325333088;2.269474846;2.215535460;2.163812264;2.114580020;2.068089724;2.024567945;1.984216578;1.947212930;1.913710077;1.883837423;1.857701399;1.835386268;1.816954996;1.802450148;1.791894792;1.785293395;1.782632678;1.783882445;1.788996361;1.797912688;1.810554972;1.826832694;1.846641894;1.869865767;1.896375264;1.926029694;1.958677366;1.994156279;2.032294900;2.072913035;2.115822855;2.160830091;2.207735441;2.256336239;2.306428427;2.357808886;2.410278187;2.463643821;2.517723979;2.572351968;2.627381343;2.682691850;2.738196291;2.793848415;2.849651974;2.905671074;2.962041977;3.018986519;3.076827325;;;;;;;;;;;;;;;;;;;;;;;;;;;;;;;;;;;;;;
-3.700;;;;;;;;;;;;;;;;;;;;;;;;;;;;;;;;;;;;;;;;;;;;;;2.955844897;2.901410725;2.845521212;2.788439726;2.730478224;2.671982672;2.613320688;2.554871173;2.497015666;2.440131233;2.384584683;2.330727930;2.278894358;2.229396032;2.182521635;2.138535005;2.097674195;2.060150939;2.026150470;1.995831598;1.969327020;1.946743781;1.928163866;1.913644874;1.903220759;1.896902605;1.894679418;1.896518934;1.902368422;1.912155490;1.925788887;1.943159307;1.964140211;1.988588664;2.016346211;2.047239808;2.081082828;2.117676158;2.156809423;2.198262373;2.241806437;2.287206520;2.334223056;2.382614369;2.432139401;2.482560853;2.533648799;2.585184852;2.636966940;2.688814785;2.740576172;2.792134103;2.843414949;2.894397709;2.945124526;2.995712579;3.046367518;;;;;;;;;;;;;;;;;;;;;;;;;;;;;;;;;;;;;;;;
-3.800;;;;;;;;;;;;;;;;;;;;;;;;;;;;;;;;;;;;;;;;;;;;;;;;2.951856670;2.897640026;2.842167252;2.785773180;2.728826346;2.671716719;2.614845311;2.558615475;2.503425652;2.449663414;2.397700613;2.347889501;2.300559678;2.256015751;2.214535596;2.176369127;2.141737492;2.110832621;2.083817062;2.060824057;2.041957803;2.027293862;2.016879704;2.010735326;2.008853964;2.011202855;2.017724057;2.028335318;2.042930986;2.061382980;2.083541812;2.109237681;2.138281650;2.170466926;2.205570255;2.243353474;2.283565226;2.325942884;2.370214712;2.416102307;2.463323358;2.511594774;2.560636233;2.610174209;2.659946541;2.709707610;2.759234210;2.808332187;2.856843947;2.904656929;2.951713160;2.998020003;3.043662251;3.088815697;;;;;;;;;;;;;;;;;;;;;;;;;;;;;;;;;;;;;;;;;
-3.900;;;;;;;;;;;;;;;;;;;;;;;;;;;;;;;;;;;;;;;;;;;;;;;;;;2.957027935;2.902984359;2.847962764;2.792362243;2.736602540;2.681113585;2.626326649;2.572666911;2.520547277;2.470363285;2.422488954;2.377273460;2.335038502;2.296076294;2.260648052;2.228982937;2.201277361;2.177694604;2.158364702;2.143384547;2.132818181;2.126697243;2.125021561;2.127759852;2.134850547;2.146202708;2.161697055;2.181187091;2.204500347;2.231439739;2.261785071;2.295294686;2.331707293;2.370743991;2.412110530;2.455499823;2.500594756;2.547071343;2.594602250;2.642860760;2.691525222;2.740284040;2.788841277;2.836922950;2.884284079;2.930716593;2.976058184;3.020202216;3.063108794;3.104817136;;;;;;;;;;;;;;;;;;;;;;;;;;;;;;;;;;;;;;;;;;;
-4.000;;;;;;;;;;;;;;;;;;;;;;;;;;;;;;;;;;;;;;;;;;;;;;;;;;;;2.971022256;2.917123041;2.862619713;2.807969054;2.753636405;2.700086634;2.647776473;2.597148091;2.548623725;2.502601252;2.459450578;2.419510735;2.383087593;2.350452107;2.321839025;2.297445988;2.277432977;2.261922061;2.250997401;2.244705482;2.243055557;2.246020270;2.253536455;2.265506106;2.281797503;2.302246506;2.326658019;2.354807636;2.386443483;2.421288264;2.459041557;2.499382348;2.541971879;2.586456793;2.632472660;2.679647892;2.727608111;2.775981015;2.824401801;2.872519209;2.920002254;2.966547716;3.011888483;3.055802828;3.098124721;3.138755285;;;;;;;;;;;;;;;;;;;;;;;;;;;;;;;;;;;;;;;;;;;;;
-4.100;;;;;;;;;;;;;;;;;;;;;;;;;;;;;;;;;;;;;;;;;;;;;;;;;;;;;;2.993220754;2.939523404;2.885707309;2.832279246;2.779742771;2.728590300;2.679296414;2.632312207;2.588060579;2.546932354;2.509283113;2.475430668;2.445653087;2.420187218;2.399227633;2.382925962;2.371390564;2.364686514;2.362835851;2.365818109;2.373571071;2.385991772;2.402937727;2.424228387;2.449646840;2.478941750;2.511829557;2.547996958;2.587103683;2.628785601;2.672658176;2.718320321;2.765358670;2.813352339;2.861878188;2.910516678;2.958858342;3.006510972;3.053107566;3.098315123;3.141844379;3.183460564;;;;;;;;;;;;;;;;;;;;;;;;;;;;;;;;;;;;;;;;;;;;;;;
-4.200;;;;;;;;;;;;;;;;;;;;;;;;;;;;;;;;;;;;;;;;;;;;;;;;;;;;;;;;;2.969590608;2.916795503;2.865035769;2.814842817;2.766725889;2.721166131;2.678611621;2.639473233;2.604121243;2.572882598;2.546038774;2.523824167;2.506424948;2.493978360;2.486572392;2.484245832;2.486988644;2.494742676;2.507402675;2.524817610;2.546792293;2.573089316;2.603431301;2.637503481;2.674956633;2.715410379;2.758456887;2.803665000;2.850584831;2.898752858;2.947697581;2.996945762;3.046029334;3.094493024;3.141902758;3.187854923;;;;;;;;;;;;;;;;;;;;;;;;;;;;;;;;;;;;;;;;;;;;;;;;;;
-4.300;;;;;;;;;;;;;;;;;;;;;;;;;;;;;;;;;;;;;;;;;;;;;;;;;;;;;;;;;;;;;2.906150779;2.859057644;2.814814894;2.773894851;2.736726466;2.703691741;2.675122849;2.651299890;2.632449218;2.618742293;2.610295017;2.607167533;2.609364429;2.616835372;2.629476121;2.647129932;2.669589344;2.696598359;2.727855013;2.763014359;2.801691876;2.843467329;2.887889107;2.934479067;2.982737928;3.032151250;3.082196043;3.132348074;3.182089902;;;;;;;;;;;;;;;;;;;;;;;;;;;;;;;;;;;;;;;;;;;;;;;;;;;;;
-4.400;;;;;;;;;;;;;;;;;;;;;;;;;;;;;;;;;;;;;;;;;;;;;;;;;;;;;;;;;;;;;;;;;2.873433214;2.838231508;2.807550395;2.781722276;2.761020048;2.745655458;2.735778044;2.731474635;2.732769361;2.739624172;2.751939835;2.769557416;2.792260221;2.819776225;2.851780976;2.887900996;2.927717696;2.970771827;3.016568492;3.064582760;;;;;;;;;;;;;;;;;;;;;;;;;;;;;;;;;;;;;;;;;;;;;;;;;;;;;;;;;;
-4.500;;;;;;;;;;;;;;;;;;;;;;;;;;;;;;;;;;;;;;;;;;;;;;;;;;;;;;;;;;;;;;;;;;;;;;;;;;;;;;;;;;;;;;;;;;;;;;;;;;;;;;;;;;;;;;;;;;;;;;;;;;;;;;;;;;;;;;;;;;;;;;
-4.600;;;;;;;;;;;;;;;;;;;;;;;;;;;;;;;;;;;;;;;;;;;;;;;;;;;;;;;;;;;;;;;;;;;;;;;;;;;;;;;;;;;;;;;;;;;;;;;;;;;;;;;;;;;;;;;;;;;;;;;;;;;;;;;;;;;;;;;;;;;;;;
-4.700;;;;;;;;;;;;;;;;;;;;;;;;;;;;;;;;;;;;;;;;;;;;;;;;;;;;;;;;;;;;;;;;;;;;;;;;;;;;;;;;;;;;;;;;;;;;;;;;;;;;;;;;;;;;;;;;;;;;;;;;;;;;;;;;;;;;;;;;;;;;;;
-4.800;;;;;;;;;;;;;;;;;;;;;;;;;;;;;;;;;;;;;;;;;;;;;;;;;;;;;;;;;;;;;;;;;;;;;;;;;;;;;;;;;;;;;;;;;;;;;;;;;;;;;;;;;;;;;;;;;;;;;;;;;;;;;;;;;;;;;;;;;;;;;;
-4.900;;;;;;;;;;;;;;;;;;;;;;;;;;;;;;;;;;;;;;;;;;;;;;;;;;;;;;;;;;;;;;;;;;;;;;;;;;;;;;;;;;;;;;;;;;;;;;;;;;;;;;;;;;;;;;;;;;;;;;;;;;;;;;;;;;;;;;;;;;;;;;
-5.000;;;;;;;;;;;;;;;;;;;;;;;;;;;;;;;;;;;;;;;;;;;;;;;;;;;;;;;;;;;;;;;;;;;;;;;;;;;;;;;;;;;;;;;;;;;;;;;;;;;;;;;;;;;;;;;;;;;;;;;;;;;;;;;;;;;;;;;;;;;;;;
-5.100;;;;;;;;;;;;;;;;;;;;;;;;;;;;;;;;;;;;;;;;;;;;;;;;;;;;;;;;;;;;;;;;;;;;;;;;;;;;;;;;;;;;;;;;;;;;;;;;;;;;;;;;;;;;;;;;;;;;;;;;;;;;;;;;;;;;;;;;;;;;;;
-5.200;;;;;;;;;;;;;;;;;;;;;;;;;;;;;;;;;;;;;;;;;;;;;;;;;;;;;;;;;;;;;;;;;;;;;;;;;;;;;;;;;;;;;;;;;;;;;;;;;;;;;;;;;;;;;;;;;;;;;;;;;;;;;;;;;;;;;;;;;;;;;;
-5.300;;;;;;;;;;;;;;;;;;;;;;;;;;;;;;;;;;;;;;;;;;;;;;;;;;;;;;;;;;;;;;;;;;;;;;;;;;;;;;;;;;;;;;;;;;;;;;;;;;;;;;;;;;;;;;;;;;;;;;;;;;;;;;;;;;;;;;;;;;;;;;
-5.400;;;;;;;;;;;;;;;;;;;;;;;;;;;;;;;;;;;;;;;;;;;;;;;;;;;;;;;;;;;;;;;;;;;;;;;;;;;;;;;;;;;;;;;;;;;;;;;;;;;;;;;;;;;;;;;;;;;;;;;;;;;;;;;;;;;;;;;;;;;;;;
-5.500;;;;;;;;;;;;;;;;;;;;;;;;;;;;;;;;;;;;;;;;;;;;;;;;;;;;;;;;;;;;;;;;;;;;;;;;;;;;;;;;;;;;;;;;;;;;;;;;;;;;;;;;;;;;;;;;;;;;;;;;;;;;;;;;;;;;;;;;;;;;;;
-5.600;;;;;;;;;;;;;;;;;;;;;;;;;;;;;;;;;;;;;;;;;;;;;;;;;;;;;;;;;;;;;;;;;;;;;;;;;;;;;;;;;;;;;;;;;;;;;;;;;;;;;;;;;;;;;;;;;;;;;;;;;;;;;;;;;;;;;;;;;;;;;;
-5.700;;;;;;;;;;;;;;;;;;;;;;;;;;;;;;;;;;;;;;;;;;;;;;;;;;;;;;;;;;;;;;;;;;;;;;;;;;;;;;;;;;;;;;;;;;;;;;;;;;;;;;;;;;;;;;;;;;;;;;;;;;;;;;;;;;;;;;;;;;;;;;
-5.800;;;;;;;;;;;;;;;;;;;;;;;;;;;;;;;;;;;;;;;;;;;;;;;;;;;;;;;;;;;;;;;;;;;;;;;;;;;;;;;;;;;;;;;;;;;;;;;;;;;;;;;;;;;;;;;;;;;;;;;;;;;;;;;;;;;;;;;;;;;;;;
-5.900;;;;;;;;;;;;;;;;;;;;;;;;;;;;;;;;;;;;;;;;;;;;;;;;;;;;;;;;;;;;;;;;;;;;;;;;;;;;;;;;;;;;;;;;;;;;;;;;;;;;;;;;;;;;;;;;;;;;;;;;;;;;;;;;;;;;;;;;;;;;;;
-6.000;;;;;;;;;;;;;;;;;;;;;;;;;;;;;;;;;;;;;;;;;;;;;;;;;;;;;;;;;;;;;;;;;;;;;;;;;;;;;;;;;;;;;;;;;;;;;;;;;;;;;;;;;;;;;;;;;;;;;;;;;;;;;;;;;;;;;;;;;;;;;;
-6.100;;;;;;;;;;;;;;;;;;;;;;;;;;;;;;;;;;;;;;;;;;;;;;;;;;;;;;;;;;;;;;;;;;;;;;;;;;;;;;;;;;;;;;;;;;;;;;;;;;;;;;;;;;;;;;;;;;;;;;;;;;;;;;;;;;;;;;;;;;;;;;
-6.200;;;;;;;;;;;;;;;;;;;;;;;;;;;;;;;;;;;;;;;;;;;;;;;;;;;;;;;;;;;;;;;;;;;;;;;;;;;;;;;;;;;;;;;;;;;;;;;;;;;;;;;;;;;;;;;;;;;;;;;;;;;;;;;;;;;;;;;;;;;;;;
-6.300;;;;;;;;;;;;;;;;;;;;;;;;;;;;;;;;;;;;;;;;;;;;;;;;;;;;;;;;;;;;;;;;;;;;;;;;;;;;;;;;;;;;;;;;;;;;;;;;;;;;;;;;;;;;;;;;;;;;;;;;;;;;;;;;;;;;;;;;;;;;;;
-6.400;;;;;;;;;;;;;;;;;;;;;;;;;;;;;;;;;;;;;;;;;;;;;;;;;;;;;;;;;;;;;;;;;;;;;;;;;;;;;;;;;;;;;;;;;;;;;;;;;;;;;;;;;;;;;;;;;;;;;;;;;;;;;;;;;;;;;;;;;;;;;;
-6.500;;;;;;;;;;;;;;;;;;;;;;;;;;;;;;;;;;;;;;;;;;;;;;;;;;;;;;;;;;;;;;;;;;;;;;;;;;;;;;;;;;;;;;;;;;;;;;;;;;;;;;;;;;;;;;;;;;;;;;;;;;;;;;;;;;;;;;;;;;;;;;
-6.600;;;;;;;;;;;;;;;;;;;;;;;;;;;;;;;;;;;;;;;;;;;;;;;;;;;;;;;;;;;;;;;;;;;;;;;;;;;;;;;;;;;;;;;;;;;;;;;;;;;;;;;;;;;;;;;;;;;;;;;;;;;;;;;;;;;;;;;;;;;;;;
-6.700;;;;;;;;;;;;;;;;;;;;;;;;;;;;;;;;;;;;;;;;;;;;;;;;;;;;;;;;;;;;;;;;;;;;;;;;;;;;;;;;;;;;;;;;;;;;;;;;;;;;;;;;;;;;;;;;;;;;;;;;;;;;;;;;;;;;;;;;;;;;;;
-6.800;;;;;;;;;;;;;;;;;;;;;;;;;;;;;;;;;;;;;;;;;;;;;;;;;;;;;;;;;;;;;;;;;;;;;;;;;;;;;;;;;;;;;;;;;;;;;;;;;;;;;;;;;;;;;;;;;;;;;;;;;;;;;;;;;;;;;;;;;;;;;;
-6.900;;;;;;;;;;;;;;;;;;;;;;;;;;;;;;;;;;;;;;;;;;;;;;;;;;;;;;;;;;;;;;;;;;;;;;;;;;;;;;;;;;;;;;;;;;;;;;;;;;;;;;;;;;;;;;;;;;;;;;;;;;;;;;;;;;;;;;;;;;;;;;
-7.000;;;;;;;;;;;;;;;;;;;;;;;;;;;;;;;;;;;;;;;;;;;;;;;;;;;;;;;;;;;;;;;;;;;;;;;;;;;;;;;;;;;;;;;;;;;;;;;;;;;;;;;;;;;;;;;;;;;;;;;;;;;;;;;;;;;;;;;;;;;;;;
BACK related to FRONT [mm];-7.000;-6.900;-6.800;-6.700;-6.600;-6.500;-6.400;-6.300;-6.200;-6.100;-6.000;-5.900;-5.800;-5.700;-5.600;-5.500;-5.400;-5.300;-5.200;-5.100;-5.000;-4.900;-4.800;-4.700;-4.600;-4.500;-4.400;-4.300;-4.200;-4.100;-4.000;-3.900;-3.800;-3.700;-3.600;-3.500;-3.400;-3.300;-3.200;-3.100;-3.000;-2.900;-2.800;-2.700;-2.600;-2.500;-2.400;-2.300;-2.200;-2.100;-2.000;-1.900;-1.800;-1.700;-1.600;-1.500;-1.400;-1.300;-1.200;-1.100;-1.000;-0.900;-0.800;-0.700;-0.600;-0.500;-0.400;-0.300;-0.200;-0.100;0.000;0.100;0.200;0.300;0.400;0.500;0.600;0.700;0.800;0.900;1.000;1.100;1.200;1.300;1.400;1.500;1.600;1.700;1.800;1.900;2.000;2.100;2.200;2.300;2.400;2.500;2.600;2.700;2.800;2.900;3.000;3.100;3.200;3.300;3.400;3.500;3.600;3.700;3.800;3.900;4.000;4.100;4.200;4.300;4.400;4.500;4.600;4.700;4.800;4.900;5.000;5.100;5.200;5.300;5.400;5.500;5.600;5.700;5.800;5.900;6.000;6.100;6.200;6.300;6.400;6.500;6.600;6.700;6.800;6.900;7.000;
7.000;;;;;;;;;;;;;;;;;;;;;;;;;;;;;;;;;;;;;;;;;;;;;;;;;;;;;;;;;;;;;;;;;;;;;;;;;;;;;;;;;;;;;;;;;;;;;;;;;;;;;;;;;;;;;;;;;;;;;;;;;;;;;;;;;;;;;;;;;;;;;;
6.900;;;;;;;;;;;;;;;;;;;;;;;;;;;;;;;;;;;;;;;;;;;;;;;;;;;;;;;;;;;;;;;;;;;;;;;;;;;;;;;;;;;;;;;;;;;;;;;;;;;;;;;;;;;;;;;;;;;;;;;;;;;;;;;;;;;;;;;;;;;;;;
6.800;;;;;;;;;;;;;;;;;;;;;;;;;;;;;;;;;;;;;;;;;;;;;;;;;;;;;;;;;;;;;;;;;;;;;;;;;;;;;;;;;;;;;;;;;;;;;;;;;;;;;;;;;;;;;;;;;;;;;;;;;;;;;;;;;;;;;;;;;;;;;;
6.700;;;;;;;;;;;;;;;;;;;;;;;;;;;;;;;;;;;;;;;;;;;;;;;;;;;;;;;;;;;;;;;;;;;;;;;;;;;;;;;;;;;;;;;;;;;;;;;;;;;;;;;;;;;;;;;;;;;;;;;;;;;;;;;;;;;;;;;;;;;;;;
6.600;;;;;;;;;;;;;;;;;;;;;;;;;;;;;;;;;;;;;;;;;;;;;;;;;;;;;;;;;;;;;;;;;;;;;;;;;;;;;;;;;;;;;;;;;;;;;;;;;;;;;;;;;;;;;;;;;;;;;;;;;;;;;;;;;;;;;;;;;;;;;;
6.500;;;;;;;;;;;;;;;;;;;;;;;;;;;;;;;;;;;;;;;;;;;;;;;;;;;;;;;;;;;;;;;;;;;;;;;;;;;;;;;;;;;;;;;;;;;;;;;;;;;;;;;;;;;;;;;;;;;;;;;;;;;;;;;;;;;;;;;;;;;;;;
6.400;;;;;;;;;;;;;;;;;;;;;;;;;;;;;;;;;;;;;;;;;;;;;;;;;;;;;;;;;;;;;;;;;;;;;;;;;;;;;;;;;;;;;;;;;;;;;;;;;;;;;;;;;;;;;;;;;;;;;;;;;;;;;;;;;;;;;;;;;;;;;;
6.300;;;;;;;;;;;;;;;;;;;;;;;;;;;;;;;;;;;;;;;;;;;;;;;;;;;;;;;;;;;;;;;;;;;;;;;;;;;;;;;;;;;;;;;;;;;;;;;;;;;;;;;;;;;;;;;;;;;;;;;;;;;;;;;;;;;;;;;;;;;;;;
6.200;;;;;;;;;;;;;;;;;;;;;;;;;;;;;;;;;;;;;;;;;;;;;;;;;;;;;;;;;;;;;;;;;;;;;;;;;;;;;;;;;;;;;;;;;;;;;;;;;;;;;;;;;;;;;;;;;;;;;;;;;;;;;;;;;;;;;;;;;;;;;;
6.100;;;;;;;;;;;;;;;;;;;;;;;;;;;;;;;;;;;;;;;;;;;;;;;;;;;;;;;;;;;;;;;;;;;;;;;;;;;;;;;;;;;;;;;;;;;;;;;;;;;;;;;;;;;;;;;;;;;;;;;;;;;;;;;;;;;;;;;;;;;;;;
6.000;;;;;;;;;;;;;;;;;;;;;;;;;;;;;;;;;;;;;;;;;;;;;;;;;;;;;;;;;;;;;;;;;;;;;;;;;;;;;;;;;;;;;;;;;;;;;;;;;;;;;;;;;;;;;;;;;;;;;;;;;;;;;;;;;;;;;;;;;;;;;;
5.900;;;;;;;;;;;;;;;;;;;;;;;;;;;;;;;;;;;;;;;;;;;;;;;;;;;;;;;;;;;;;;;;;;;;;;;;;;;;;;;;;;;;;;;;;;;;;;;;;;;;;;;;;;;;;;;;;;;;;;;;;;;;;;;;;;;;;;;;;;;;;;
5.800;;;;;;;;;;;;;;;;;;;;;;;;;;;;;;;;;;;;;;;;;;;;;;;;;;;;;;;;;;;;;;;;;;;;;;;;;;;;;;;;;;;;;;;;;;;;;;;;;;;;;;;;;;;;;;;;;;;;;;;;;;;;;;;;;;;;;;;;;;;;;;
5.700;;;;;;;;;;;;;;;;;;;;;;;;;;;;;;;;;;;;;;;;;;;;;;;;;;;;;;;;;;;;;;;;;;;;;;;;;;;;;;;;;;;;;;;;;;;;;;;;;;;;;;;;;;;;;;;;;;;;;;;;;;;;;;;;;;;;;;;;;;;;;;
5.600;;;;;;;;;;;;;;;;;;;;;;;;;;;;;;;;;;;;;;;;;;;;;;;;;;;;;;;;;;;;;;;;;;;;;;;;;;;;;;;;;;;;;;;;;;;;;;;;;;;;;;;;;;;;;;;;;;;;;;;;;;;;;;;;;;;;;;;;;;;;;;
5.500;;;;;;;;;;;;;;;;;;;;;;;;;;;;;;;;;;;;;;;;;;;;;;;;;;;;;;;;;;;;;;;;;;;;;;;;;;;;;;;;;;;;;;;;;;;;;;;;;;;;;;;;;;;;;;;;;;;;;;;;;;;;;;;;;;;;;;;;;;;;;;
5.400;;;;;;;;;;;;;;;;;;;;;;;;;;;;;;;;;;;;;;;;;;;;;;;;;;;;;;;;;;;;;;;;;;;;;;;;;;;;;;;;;;;;;;;;;;;;;;;;;;;;;;;;;;;;;;;;;;;;;;;;;;;;;;;;;;;;;;;;;;;;;;
5.300;;;;;;;;;;;;;;;;;;;;;;;;;;;;;;;;;;;;;;;;;;;;;;;;;;;;;;;;;;;;;;;;;;;;;;;;;;;;;;;;;;;;;;;;;;;;;;;;;;;;;;;;;;;;;;;;;;;;;;;;;;;;;;;;;;;;;;;;;;;;;;
5.200;;;;;;;;;;;;;;;;;;;;;;;;;;;;;;;;;;;;;;;;;;;;;;;;;;;;;;;;;;;;;;;;;;;;;;;;;;;;;;;;;;;;;;;;;;;;;;;;;;;;;;;;;;;;;;;;;;;;;;;;;;;;;;;;;;;;;;;;;;;;;;
5.100;;;;;;;;;;;;;;;;;;;;;;;;;;;;;;;;;;;;;;;;;;;;;;;;;;;;;;;;;;;;;;;;;;;;;;;;;;;;;;;;;;;;;;;;;;;;;;;;;;;;;;;;;;;;;;;;;;;;;;;;;;;;;;;;;;;;;;;;;;;;;;
5.000;;;;;;;;;;;;;;;;;;;;;;;;;;;;;;;;;;;;;;;;;;;;;;;;;;;;;;;;;;;;;;;;;;;;;;;;;;;;;;;;;;;;;;;;;;;;;;;;;;;;;;;;;;;;;;;;;;;;;;;;;;;;;;;;;;;;;;;;;;;;;;
4.900;;;;;;;;;;;;;;;;;;;;;;;;;;;;;;;;;;;;;;;;;;;;;;;;;;;;;;;;;;;;;;;;;;;;;;;;;;;;;;;;;;;;;;;;;;;;;;;;;;;;;;;;;;;;;;;;;;;;;;;;;;;;;;;;;;;;;;;;;;;;;;
4.800;;;;;;;;;;;;;;;;;;;;;;;;;;;;;;;;;;;;;;;;;;;;;;;;;;;;;;;;;;;;;;;;;;;;;;;;;;;;;;;;;;;;;;;;;;;;;;;;;;;;;;;;;;;;;;;;;;;;;;;;;;;;;;;;;;;;;;;;;;;;;;
4.700;;;;;;;;;;;;;;;;;;;;;;;;;;;;;;;;;;;;;;;;;;;;;;;;;;;;;;;;;;;;;;;;;;;;;;;;;;;;;;;;;;;;;;;;;;;;;;;;;;;;;;;;;;;;;;;;;;;;;;;;;;;;;;;;;;;;;;;;;;;;;;
4.600;;;;;;;;;;;;;;;;;;;;;;;;;;;;;;;;;;;;;;;;;;;;;;;;;;;;;;;;;;;;;;;;;;;;;;;;;;;;;;;;;;;;;;;;;;;;;;;;;;;;;;;;;;;;;;;;;;;;;;;;;;;;;;;;;;;;;;;;;;;;;;
4.500;;;;;;;;;;;;;;;;;;;;;;;;;;;;;;;;;;;;;;;;;;;;;;;;;;;;;;;;;;;;;;;;;;;;;;;;;;;;;;;;;;;;;;;;;;;;;;;;;;;;;;;;;;;;;;;;;;;;;;;;;;;;;;;;;;;;;;;;;;;;;;
4.400;;;;;;;;;;;;;;;;;;;;;;;;;;;;;;;;;;;;;;;;;;;;;;;;;;;;;;;;;;;;;;;;;;;;;;;;;;;;;;;;;;;;;;;;;;;;;;;;;;;;;;;;;;;;;;;;;;;;;;;;;;;;;;;;;;;;;;;;;;;;;;
4.300;;;;;;;;;;;;;;;;;;;;;;;;;;;;;;;;;;;;;;;;;;;;;;;;;;;;;;;;;;;;;;;;;;;;;;;;;;;;;;;;;;;;;;;;;;;;;;;;;;;;;;;;;;;;;;;;;;;;;;;;;;;;;;;;;;;;;;;;;;;;;;
4.200;;;;;;;;;;;;;;;;;;;;;;;;;;;;;;;;;;;;;;;;;;;;;;;;;;;;;;;;;;;;;;;;;;;;;;;;;;;;;;;;;;;;;;;;;;;;;;;;;;;;;;;;;;;;;;;;;;;;;;;;;;;;;;;;;;;;;;;;;;;;;;
4.100;;;;;;;;;;;;;;;;;;;;;;;;;;;;;;;;;;;;;;;;;;;;;;;;;;;;;;;;;;;;;;;;;;;;;;;;;;;;;;;;;;;;;;;;;;;;;;;;;;;;;;;;;;;;;;;;;;;;;;;;;;;;;;;;;;;;;;;;;;;;;;
4.000;;;;;;;;;;;;;;;;;;;;;;;;;;;;;;;;;;;;;;;;;;;;;;;;;;;;;;;;;;;;;;;;;;;;;;;;;;;;;;;;;;;;;;;;;;;;;;;;;;;;;;;;;;;;;;;;;;;;;;;;;;;;;;;;;;;;;;;;;;;;;;
3.900;;;;;;;;;;;;;;;;;;;;;;;;;;;;;;;;;;;;;;;;;;;;;;;;;;;;;;;;;;;;;;;;;;;;;;;;;;;;;;;;;;;;;;;;;;;;;;;;;;;;;;;;;;;;;;;;;;;;;;;;;;;;;;;;;;;;;;;;;;;;;;
3.800;;;;;;;;;;;;;;;;;;;;;;;;;;;;;;;;;;;;;;;;;;;;;;;;;;;;;;;;;;;;;;;;;;;;;;;;;;;;;;;;;;;;;;;;;;;;;;;;;;;;;;;;;;;;;;;;;;;;;;;;;;;;;;;;;;;;;;;;;;;;;;
3.700;;;;;;;;;;;;;;;;;;;;;;;;;;;;;;;;;;;;;;;;;;;;;;;;;;;;;;;;;;;;;;;;;;;;;;;;;;;;;;;;;;;;;;;;;;;;;;;;;;;;;;;;;;;;;;;;;;;;;;;;;;;;;;;;;;;;;;;;;;;;;;
3.600;;;;;;;;;;;;;;;;;;;;;;;;;;;;;;;;;;;;;;;;;;;;;;;;;;;;;;;;;;;;;;;;;;;;;;;;;;;;;;;;;;;;;;;;;;;;;;;;;;;;;;;;;;;;;;;;;;;;;;;;;;;;;;;;;;;;;;;;;;;;;;
3.500;;;;;;;;;;;;;;;;;;;;;;;;;;;;;;;;;;;;;;;;;;;;;;;;;;;;;;;;;;;;;;;;;;;;1.796067293;1.800317267;1.807141702;1.816397830;1.827938875;1.841616350;1.857282337;1.874791735;1.894004435;1.914787404;1.937016648;1.960579038;1.985373967;2.011314827;2.038330284;2.066365341;2.095382178;2.125360774;2.156299293;;;;;;;;;;;;;;;;;;;;;;;;;;;;;;;;;;;;;;;;;;;;;;;;;;;;;;;;
3.400;;;;;;;;;;;;;;;;;;;;;;;;;;;;;;;;;;;;;;;;;;;;;;;;;;;;;;;;;;;;;1.766898004;1.750523267;1.737281935;1.727116705;1.719953986;1.715705520;1.714270147;1.715535690;1.719380955;1.725677800;1.734293262;1.745091710;1.757937005;1.772694634;1.789233790;1.807429385;1.827163947;1.848329404;1.870828704;1.894577267;1.919504242;1.945553546;1.972684690;2.000873350;2.030111713;2.060408572;2.091789187;2.124294928;2.157982709;2.192924264;2.229205282;;;;;;;;;;;;;;;;;;;;;;;;;;;;;;;;;;;;;;;;;;;;;;;;;;;
3.300;;;;;;;;;;;;;;;;;;;;;;;;;;;;;;;;;;;;;;;;;;;;;;;;;;;;;;;;;1.782377948;1.754202118;1.729097410;1.707075841;1.688130273;1.672235261;1.659348103;1.649410092;1.642347934;1.638075319;1.636494627;1.637498746;1.640972975;1.646797001;1.654846914;1.664997243;1.677122988;1.691101618;1.706815011;1.724151317;1.743006699;1.763286955;1.784908966;1.807801976;1.831908654;1.857185951;1.883605708;1.911155019;1.939836342;1.969667349;2.000680524;2.032922516;2.066453276;2.101344988;2.137680852;2.175553744;2.215064843;2.256322265;2.299439814;;;;;;;;;;;;;;;;;;;;;;;;;;;;;;;;;;;;;;;;;;;;;;;
3.200;;;;;;;;;;;;;;;;;;;;;;;;;;;;;;;;;;;;;;;;;;;;;;;;;;;;;;1.803775955;1.767636594;1.734349141;1.703975306;1.676557824;1.652120650;1.630669403;1.612192024;1.596659650;1.584027671;1.574236965;1.567215288;1.562878791;1.561133673;1.561877916;1.565003111;1.570396338;1.577942078;1.587524141;1.599027583;1.612340579;1.627356243;1.643974353;1.662102964;1.681659884;1.702573985;1.724786325;1.748251065;1.772936156;1.798823784;1.825910554;1.854207412;1.883739292;1.914544504;1.946673854;1.980189522;2.015163730;2.051677213;2.089817562;2.129677473;2.171352991;2.214941818;2.260541785;2.308249611;;;;;;;;;;;;;;;;;;;;;;;;;;;;;;;;;;;;;;;;;;;;;
3.100;;;;;;;;;;;;;;;;;;;;;;;;;;;;;;;;;;;;;;;;;;;;;;;;;;;1.848649102;1.805408782;1.764696082;1.726617160;1.691260975;1.658698798;1.628984010;1.602152136;1.578221136;1.557191896;1.539048928;1.523761257;1.511283472;1.501556942;1.494511158;1.490065214;1.488129383;1.488606787;1.491395136;1.496388519;1.503479221;1.512559551;1.523523647;1.536269249;1.550699400;1.566724058;1.584261595;1.603240150;1.623598822;1.645288667;1.668273487;1.692530388;1.718050088;1.744836959;1.772908797;1.802296313;1.833042347;1.865200803;1.898835332;1.934017768;1.970826368;2.009343878;2.049655492;2.091846754;2.136001503;2.182199931;2.230516881;2.281020505;2.333771425;2.388822578;;;;;;;;;;;;;;;;;;;;;;;;;;;;;;;;;;;;;;;;;;
3.000;;;;;;;;;;;;;;;;;;;;;;;;;;;;;;;;;;;;;;;;;;;;;;;;1.914777195;1.865480469;1.818299597;1.773376713;1.730840133;1.690803128;1.653363026;1.618600606;1.586579760;1.557347411;1.530933641;1.507352047;1.486600276;1.468660751;1.453501554;1.441077471;1.431331168;1.424194502;1.419589935;1.417432053;1.417629159;1.420084931;1.424700130;1.431374320;1.440007607;1.450502344;1.462764808;1.476706797;1.492247147;1.509313129;1.527841698;1.547780588;1.569089210;1.591739335;1.615715547;1.641015446;1.667649582;1.695641104;1.725025133;1.755847843;1.788165253;1.822041753;1.857548374;1.894760834;1.933757388;1.974616551;2.017414734;2.062223881;2.109109189;2.158127016;2.209323110;2.262731277;2.318372681;2.376255917;;;;;;;;;;;;;;;;;;;;;;;;;;;;;;;;;;;;;;;;;
2.900;;;;;;;;;;;;;;;;;;;;;;;;;;;;;;;;;;;;;;;;;;;;;;1.945440541;1.892929161;1.842224171;1.793483160;1.746852955;1.702467925;1.660448664;1.620900983;1.583915205;1.549565717;1.517910766;1.488992467;1.462837018;1.439455097;1.418842435;1.400980546;1.385837609;1.373369484;1.363520856;1.356226496;1.351412617;1.348998323;1.348897134;1.351018561;1.355269728;1.361557009;1.369787679;1.379871527;1.391722445;1.405259936;1.420410546;1.437109167;1.455300212;1.474938621;1.495990674;1.518434601;1.542260952;1.567472716;1.594085176;1.622125472;1.651631884;1.682652816;1.715245487;1.749474341;1.785409188;1.823123107;1.862690135;1.904182802;1.947669558;1.993212164;2.040863136;2.090663343;2.142639862;2.196804249;2.253151356;2.311658893;2.372287910;2.434984450;;;;;;;;;;;;;;;;;;;;;;;;;;;;;;;;;;;;;;;
2.800;;;;;;;;;;;;;;;;;;;;;;;;;;;;;;;;;;;;;;;;;;;;;1.930613247;1.876841115;1.824716708;1.774401339;1.726046933;1.679794230;1.635771367;1.594092785;1.554858426;1.518153190;1.484046630;1.452592849;1.423830595;1.397783537;1.374460696;1.353857036;1.335954195;1.320721350;1.308116201;1.298086076;1.290569135;1.285495667;1.282789472;1.282369304;1.284150377;1.288045899;1.293968632;1.301832451;1.311553886;1.323053616;1.336257912;1.351099979;1.367521195;1.385472211;1.404913887;1.425818049;1.448168028;1.471958978;1.497197931;1.523903597;1.552105873;1.581845059;1.613170779;1.646140605;1.680818386;1.717272302;1.755572666;1.795789492;1.837989896;1.882235363;1.928578946;1.977062498;2.027714010;2.080545177;2.135549319;2.192699819;2.251949222;2.313229213;2.376451682;2.441511108;2.508288548;;;;;;;;;;;;;;;;;;;;;;;;;;;;;;;;;;;;;
2.700;;;;;;;;;;;;;;;;;;;;;;;;;;;;;;;;;;;;;;;;;;;1.977965685;1.921631709;1.866610277;1.813072557;1.761183995;1.711101958;1.662973828;1.616935483;1.573110118;1.531607356;1.492522622;1.455936749;1.421915780;1.390510964;1.361758919;1.335681944;1.312288484;1.291573722;1.273520302;1.258099167;1.245270512;1.234984834;1.227184082;1.221802890;1.218769887;1.218009069;1.219441220;1.222985376;1.228560297;1.236085952;1.245484980;1.256684117;1.269615556;1.284218233;1.300438993;1.318233641;1.337567815;1.358417701;1.380770521;1.404624812;1.429990448;1.456888394;1.485350187;1.515417117;1.547139110;1.580573310;1.615782366;1.652832430;1.691790893;1.732723881;1.775693555;1.820755268;1.867954626;1.917324553;1.968882429;2.022627425;2.078538149;2.136570752;2.196657656;2.258707099;2.322603688;2.388210220;2.455371009;2.523917032;;;;;;;;;;;;;;;;;;;;;;;;;;;;;;;;;;;;
2.600;;;;;;;;;;;;;;;;;;;;;;;;;;;;;;;;;;;;;;;;;2.034211048;1.975869226;1.918491221;1.862252385;1.807326854;1.753884481;1.702088314;1.652092566;1.604040991;1.558065605;1.514285729;1.472807281;1.433722301;1.397108683;1.363030079;1.331535968;1.302661870;1.276429694;1.252848214;1.231913659;1.213610414;1.197911833;1.184781141;1.174172439;1.166031788;1.160298376;1.156905759;1.155783154;1.156856786;1.160051270;1.165291010;1.172501609;1.181611256;1.192552081;1.205261456;1.219683217;1.235768781;1.253478141;1.272780704;1.293655962;1.316093959;1.340095535;1.365672328;1.392846518;1.421650285;1.452124982;1.484320005;1.518291361;1.554099933;1.591809464;1.631484251;1.673186606;1.716974100;1.762896640;1.810993446;1.861289987;1.913794981;1.968497544;2.025364616;2.084338810;2.145336827;2.208248628;2.272937575;2.339241742;2.406976685;2.475939930;2.545917497;;;;;;;;;;;;;;;;;;;;;;;;;;;;;;;;;;;
2.500;;;;;;;;;;;;;;;;;;;;;;;;;;;;;;;;;;;;;;;;2.038620725;1.979474755;1.921111192;1.863706666;1.807438335;1.752480549;1.699002141;1.647164233;1.597118492;1.549005754;1.502954978;1.459082473;1.417491351;1.378271190;1.341497873;1.307233573;1.275526888;1.246413089;1.219914495;1.196040949;1.174790396;1.156149564;1.140094730;1.126592583;1.115601164;1.107070894;1.100945668;1.097164021;1.095660348;1.096366174;1.099211461;1.104125932;1.111040402;1.119888106;1.130605984;1.143135927;1.157425938;1.173431215;1.191115092;1.210449857;1.231417389;1.254009605;1.278228698;1.304087129;1.331607367;1.360821353;1.391769679;1.424500466;1.459067938;1.495530700;1.533949716;1.574386009;1.616898107;1.661539263;1.708354499;1.757377524;1.808627595;1.862106417;1.917795155;1.975651699;2.035608299;2.097569735;2.161412186;2.226983007;2.294101624;2.362561811;2.432135606;2.502579189;2.573641049;;;;;;;;;;;;;;;;;;;;;;;;;;;;;;;;;;
2.400;;;;;;;;;;;;;;;;;;;;;;;;;;;;;;;;;;;;;;;2.048489750;1.988620512;1.929346595;1.870845510;1.813297196;1.756880378;1.701769599;1.648132837;1.596129600;1.545909444;1.497610830;1.451360274;1.407271742;1.365446249;1.325971643;1.288922524;1.254360316;1.222333436;1.192877583;1.166016114;1.141760526;1.120111007;1.101057089;1.084578370;1.070645325;1.059220188;1.050257909;1.043707183;1.039511535;1.037610471;1.037940669;1.040437208;1.045034821;1.051669162;1.060278057;1.070802739;1.083189031;1.097388469;1.113359334;1.131067570;1.150487568;1.171602793;1.194406219;1.218900560;1.245098278;1.273021325;1.302700631;1.334175302;1.367491522;1.402701160;1.439860070;1.479026099;1.520256806;1.563606925;1.609125594;1.656853388;1.706819220;1.759037165;1.813503290;1.870192582;1.929056093;1.990018415;2.052975655;2.117794055;2.184309478;2.252327941;2.321627472;2.391961538;2.463064342;2.534658338;2.606464299;;;;;;;;;;;;;;;;;;;;;;;;;;;;;;;;;
2.300;;;;;;;;;;;;;;;;;;;;;;;;;;;;;;;;;;;;;;2.063601100;2.003099778;1.943002857;1.883487877;1.824736986;1.766932890;1.710255568;1.654879634;1.600972252;1.548691494;1.498185097;1.449589524;1.403029293;1.358616525;1.316450671;1.276618392;1.239193569;1.204237419;1.171798715;1.141914088;1.114608412;1.089895268;1.067777477;1.048247709;1.031289169;1.016876339;1.004975808;0.995547155;0.988543908;0.983914555;0.981603616;0.981552762;0.983701965;0.987990686;0.994359066;1.002749123;1.013105920;1.025378707;1.039521995;1.055496551;1.073270292;1.092819051;1.114127189;1.137188031;1.162004108;1.188587173;1.216957969;1.247145747;1.279187497;1.313126895;1.349012945;1.386898333;1.426837472;1.468884272;1.513089634;1.559498716;1.608147985;1.659062128;1.712250869;1.767705768;1.825397104;1.885270933;1.947246456;2.011213839;2.077032647;2.144531077;2.213506206;2.283725482;2.354929730;2.426837952;2.499154256;2.571577257;2.643812348;;;;;;;;;;;;;;;;;;;;;;;;;;;;;;;;
2.200;;;;;;;;;;;;;;;;;;;;;;;;;;;;;;;;;;;;;2.083717488;2.022679147;1.961853041;1.901415366;1.841549491;1.782441394;1.724275971;1.667234083;1.611490211;1.557210645;1.504552083;1.453660600;1.404670896;1.357705789;1.312875893;1.270279464;1.230002365;1.192118144;1.156688203;1.123762044;1.093377583;1.065561539;1.040329871;1.017688291;0.997632828;0.980150462;0.965219813;0.952811902;0.942890970;0.935415355;0.930338437;0.927609630;0.927175423;0.928980462;0.932968665;0.939084348;0.947273354;0.957484181;0.969669061;0.983784999;0.999794742;1.017667641;1.037380407;1.058917718;1.082272661;1.107446984;1.134451134;1.163304064;1.194032779;1.226671623;1.261261266;1.297847414;1.336479214;1.377207366;1.420081946;1.465149967;1.512452687;1.562022717;1.613880957;1.668033437;1.724468121;1.783151767;1.844026943;1.907009323;1.971985397;2.038810758;2.107309140;2.177272427;2.248461844;2.320610594;2.393428231;2.466607077;2.539831026;2.612787134;2.685180381;;;;;;;;;;;;;;;;;;;;;;;;;;;;;;;
2.100;;;;;;;;;;;;;;;;;;;;;;;;;;;;;;;;;;;;2.108601060;2.047117520;1.985656141;1.924389762;1.863501482;1.803179462;1.743612712;1.684987727;1.627485830;1.571281105;1.516538824;1.463414275;1.412051915;1.362584794;1.315134191;1.269809414;1.226707745;1.185914487;1.147503101;1.111535409;1.078061872;1.047121906;1.018744262;0.992947446;0.969740197;0.949122009;0.931083711;0.915608097;0.902670622;0.892240150;0.884279759;0.878747608;0.875597857;0.874781630;0.876248028;0.879945168;0.885821252;0.893825632;0.903909886;0.916028849;0.930141621;0.946212496;0.964211813;0.984116696;1.005911662;1.029589074;1.055149405;1.082601311;1.111961472;1.143254186;1.176510703;1.211768282;1.249068962;1.288458038;1.329982245;1.373687663;1.419617340;1.467808679;1.518290604;1.571080557;1.626181379;1.683578145;1.743235029;1.805092314;1.869063643;1.935033660;2.002856190;2.072353130;2.143314257;2.215498173;2.288634639;2.362428571;2.436566008;2.510722401;2.584573579;2.657809813;2.730153421;;;;;;;;;;;;;;;;;;;;;;;;;;;;;;
2.000;;;;;;;;;;;;;;;;;;;;;;;;;;;;;;;;;;;2.138032313;2.076184674;2.014175303;1.952170882;1.890352147;1.828907881;1.768030053;1.707909934;1.648735027;1.590686676;1.533938257;1.478653818;1.424987115;1.373080939;1.323066696;1.275064169;1.229181439;1.185514909;1.144149427;1.105158471;1.068604393;1.034538707;1.003002413;0.974026362;0.947631654;0.923830081;0.902624604;0.884009880;0.867972830;0.854493273;0.843544596;0.835094495;0.829105760;0.825537122;0.824344145;0.825480163;0.828897253;0.834547236;0.842382693;0.852357977;0.864430208;0.878560241;0.894713570;0.912861159;0.932980171;0.955054583;0.979075644;1.005042168;1.032960634;1.062845068;1.094716690;1.128603308;1.164538440;1.202560161;1.242709655;1.285029485;1.329561580;1.376344947;1.425413144;1.476791519;1.530494284;1.586521459;1.644855758;1.705459485;1.768271561;1.833204763;1.900143327;1.968941053;2.039420089;2.111370586;2.184551440;2.258692363;2.333497569;2.408651351;2.483825906;2.558691759;2.632931192;2.706255117;2.778423866;;;;;;;;;;;;;;;;;;;;;;;;;;;;;
1.900;;;;;;;;;;;;;;;;;;;;;;;;;;;;;;;;;;2.171827147;2.109678250;2.047194782;1.984533524;1.921869996;1.859391466;1.797291282;1.735764315;1.675003370;1.615196377;1.556524259;1.499159338;1.443264188;1.388990852;1.336480327;1.285862290;1.237254978;1.190765210;1.146488493;1.104509209;1.064900844;1.027726265;0.993038015;0.960878645;0.931281061;0.904268897;0.879856924;0.858051477;0.838850932;0.822246217;0.808221370;0.796754151;0.787816701;0.781376261;0.777395936;0.775835520;0.776652360;0.779802261;0.785240428;0.792922415;0.802805095;0.814847610;0.829012297;0.845265571;0.863578738;0.883928716;0.906298651;0.930678388;0.957064792;0.985461875;1.015880728;1.048339219;1.082861448;1.119476946;1.158219592;1.199126261;1.242235173;1.287583983;1.335207581;1.385135662;1.437390057;1.491981898;1.548908633;1.608150984;1.669669898;1.733403610;1.799264894;1.867138656;1.936879998;2.008312925;2.081229886;2.155392347;2.230532658;2.306357462;2.382552940;2.458792230;2.534745373;2.610092170;2.684538392;2.757835813;2.829806560;;;;;;;;;;;;;;;;;;;;;;;;;;;;
1.800;;;;;;;;;;;;;;;;;;;;;;;;;;;;;;;;;2.209851133;2.147438158;2.084534595;2.021282399;1.957848099;1.894414593;1.831174473;1.768324646;1.706062064;1.644580393;1.584067449;1.524703293;1.466658845;1.410094923;1.355161623;1.301997967;1.250731744;1.201479511;1.154346703;1.109427818;1.066806657;1.026556602;0.988740912;0.953413035;0.920616935;0.890387425;0.862750519;0.837723796;0.815316792;0.795531416;0.778362405;0.763797820;0.751819583;0.742404072;0.735522759;0.731142908;0.729228324;0.729740146;0.732637690;0.737879320;0.745423351;0.755228959;0.767257091;0.781471358;0.797838887;0.816331116;0.836924515;0.859601195;0.884349400;0.911163845;0.940045884;0.971003482;1.004050968;1.039208558;1.076501625;1.115959697;1.157615191;1.201501868;1.247653003;1.296099305;1.346866576;1.399973151;1.455427157;1.513223619;1.573341500;1.635740727;1.700359301;1.767110587;1.835880920;1.906527650;1.978877807;2.052727550;2.127842622;2.203960039;2.280791266;2.358027188;2.435345164;2.512418551;2.588929054;2.664582343;2.739127392;2.812380031;;;;;;;;;;;;;;;;;;;;;;;;;;;;
1.700;;;;;;;;;;;;;;;;;;;;;;;;;;;;;;;;;2.189357585;2.126061927;2.062264066;1.998116605;1.933794311;1.869486198;1.805389126;1.741702689;1.678625196;1.616350573;1.555066029;1.494950349;1.436172702;1.378891853;1.323255700;1.269401054;1.217453606;1.167528034;1.119728192;1.074147374;1.030868605;0.989964955;0.951499867;0.915527472;0.882092922;0.851232703;0.822974962;0.797339842;0.774339823;0.753980094;0.736258945;0.721168200;0.708693693;0.698815786;0.691509940;0.686747339;0.684495570;0.684719347;0.687381284;0.692442709;0.699864508;0.709607984;0.721635725;0.735912457;0.752405875;0.771087417;0.791932973;0.814923500;0.840045526;0.867291508;0.896660036;0.928155848;0.961789638;0.997577642;1.035540979;1.075704741;1.118096805;1.162746389;1.209682329;1.258931095;1.310514563;1.364447561;1.420735232;1.479370241;1.540329910;1.603573322;1.669038504;1.736639766;1.806265343;1.877775441;1.951000882;2.025742497;2.101771483;2.178830953;2.256638927;2.334893049;2.413277344;2.491471357;2.569162058;2.646058921;2.721912634;2.796537934;2.869841101;;;;;;;;;;;;;;;;;;;;;;;;;;;
1.600;;;;;;;;;;;;;;;;;;;;;;;;;;;;;;;;2.235389979;2.171698581;2.107375020;2.042551608;1.977390072;1.912072144;1.846791891;1.781749557;1.717146687;1.653182333;1.590050167;1.527936355;1.467018034;1.407462295;1.349425558;1.293053249;1.238479711;1.185828290;1.135211531;1.086731458;1.040479898;0.996538830;0.954980739;0.915868959;0.879258012;0.845193927;0.813714551;0.784849852;0.758622214;0.735046742;0.714131587;0.695878278;0.680282102;0.667332505;0.657013549;0.649304416;0.644179957;0.641611303;0.641566523;0.644011333;0.648909844;0.656225353;0.665921151;0.677961344;0.692311676;0.708940321;0.727818647;0.748921909;0.772229868;0.797727302;0.825404385;0.855256924;0.887286413;0.921499895;0.957909613;0.996532418;1.037388940;1.080502495;1.125897733;1.173599015;1.223628539;1.276004223;1.330737358;1.387830079;1.447272687;1.509040875;1.573092930;1.639366990;1.707778459;1.778217683;1.850548030;1.924604529;2.000193228;2.077091487;2.155049414;2.233792701;2.313027134;2.392445082;2.471734307;2.550589464;2.628726703;2.705901812;2.781932392;2.856724585;2.930304926;;;;;;;;;;;;;;;;;;;;;;;;;;
1.500;;;;;;;;;;;;;;;;;;;;;;;;;;;;;;;;2.221424016;2.156565374;2.091079671;2.025109258;1.958823744;1.892410788;1.826068656;1.760000269;1.694408531;1.629492745;1.565445915;1.502452799;1.440688567;1.380317941;1.321494715;1.264361577;1.209050136;1.155681116;1.104364645;1.055200621;1.008279096;0.963680681;0.921476932;0.881730728;0.844496616;0.809821134;0.777743115;0.748293961;0.721497919;0.697372345;0.675927978;0.657169229;0.641094494;0.627696504;0.616962710;0.608875719;0.603413783;0.600551335;0.600259581;0.602507149;0.607260775;0.614486032;0.624148093;0.636212508;0.650645979;0.667417135;0.686497265;0.707861002;0.731486942;0.757358152;0.785462580;0.815793310;0.848348656;0.883132079;0.920151887;0.959420722;1.000954800;1.044772912;1.090895160;1.139341438;1.190129666;1.243273774;1.298781478;1.356651852;1.416872769;1.479418222;1.544245636;1.611293204;1.680477380;1.751690615;1.824799477;1.899643298;1.976033529;2.053753975;2.132562157;2.212192011;2.292358231;2.372762523;2.453102126;2.533080955;2.612423774;2.690893820;2.768314385;2.844594840;2.919761691;;;;;;;;;;;;;;;;;;;;;;;;;;
1.400;;;;;;;;;;;;;;;;;;;;;;;;;;;;;;;2.275273841;2.209837806;2.143677554;2.076907921;2.009680111;1.942170636;1.874572296;1.807086906;1.739919536;1.673274020;1.607349546;1.542338138;1.478422874;1.415776700;1.354561722;1.294928868;1.237017832;1.180957223;1.126864860;1.074848157;1.025004557;0.977421995;0.932179345;0.889346855;0.848986546;0.811152577;0.775891571;0.743242913;0.713239012;0.685905544;0.661261689;0.639320360;0.620088448;0.603567077;0.589751899;0.578633415;0.570197353;0.564425081;0.561294088;0.560778506;0.562849695;0.567476869;0.574627775;0.584269392;0.596368672;0.610893274;0.627812302;0.647097017;0.668721508;0.692663297;0.718903862;0.747429049;0.778229355;0.811300060;0.846641181;0.884257230;0.924156764;0.966351704;1.010856409;1.057686505;1.106857471;1.158382964;1.212272919;1.268531431;1.327154441;1.388127283;1.451422120;1.516995348;1.584785033;1.654708482;1.726660051;1.800509308;1.876099716;1.953247982;2.031744272;2.111353502;2.191817946;2.272861419;2.354195340;2.435527001;2.516570387;2.597059962;2.676767839;2.755524803;2.833245706;2.909959778;2.985846465;;;;;;;;;;;;;;;;;;;;;;;;;
1.300;;;;;;;;;;;;;;;;;;;;;;;;;;;;;;;2.267241851;2.200367014;2.132786449;2.064624851;1.996041387;1.927218773;1.858354392;1.789653178;1.721322009;1.653565376;1.586582127;1.520563113;1.455689547;1.392131976;1.330049705;1.269590593;1.210891121;1.154076647;1.099261809;1.046550996;0.996038865;0.947810865;0.901943744;0.858506023;0.817558428;0.779154278;0.743339817;0.710154510;0.679631294;0.651796807;0.626671586;0.604270269;0.584601790;0.567669589;0.553471851;0.542001774;0.533247877;0.527194362;0.523821521;0.523106202;0.525022330;0.529541473;0.536633462;0.546267044;0.558410570;0.573032688;0.590103052;0.609592999;0.631476208;0.655729290;0.682332311;0.711269214;0.742528119;0.776101483;0.811986094;0.850182878;0.890696503;0.933534768;0.978707757;1.026226748;1.076102892;1.128345637;1.182960931;1.239949210;1.299303196;1.361005547;1.425026404;1.491320897;1.559826680;1.630461584;1.703121498;1.777678597;1.853980055;1.931847412;2.011076780;2.091440083;2.172687587;2.254551959;2.336754165;2.419011506;2.501048167;2.582608651;2.663474530;2.743484972;2.822561552;2.900737888;2.978194689;;;;;;;;;;;;;;;;;;;;;;;;;
1.200;;;;;;;;;;;;;;;;;;;;;;;;;;;;;;2.328864005;2.261204942;2.192780217;2.123677615;2.054030904;1.984006619;1.913793243;1.843592428;1.773612007;1.704060512;1.635142983;1.567057849;1.499994713;1.434132851;1.369640317;1.306673503;1.245377053;1.185884052;1.128316391;1.072785268;1.019391751;0.968227373;0.919374724;0.872908020;0.828893619;0.787390497;0.748450647;0.712119443;0.678435925;0.647433057;0.619137931;0.593571949;0.570750994;0.550685582;0.533381035;0.518837665;0.507050993;0.498011997;0.491707416;0.488120098;0.487229403;0.489011660;0.493440683;0.500488325;0.510125087;0.522320747;0.537045022;0.554268229;0.573961937;0.596099602;0.620657143;0.647613457;0.676950844;0.708655325;0.742716814;0.779129151;0.817889950;0.859000253;0.902463977;0.948287142;0.996476855;1.047040073;1.099982123;1.155304999;1.213005452;1.273072892;1.335487146;1.400216106;1.467213338;1.536415712;1.607741142;1.681086548;1.756326141;1.833310185;1.911864390;1.991790111;2.072865565;2.154848293;2.237479121;2.320487907;2.403601386;2.486553470;2.569098365;2.651026953;2.732186859;2.812506730;2.892025248;2.970925462;;;;;;;;;;;;;;;;;;;;;;;;;
1.100;;;;;;;;;;;;;;;;;;;;;;;;;;;;;;2.326269534;2.256945684;2.186880664;2.116172426;2.044963327;1.973426968;1.901757415;1.830160513;1.758846982;1.688027045;1.617906352;1.548682979;1.480545337;1.413670802;1.348224942;1.284361198;1.222220922;1.161933676;1.103617709;1.047380552;0.993319674;0.941523160;0.892070377;0.845032601;0.800473586;0.758450083;0.719012271;0.682204137;0.648063777;0.616623652;0.587910785;0.561946931;0.538748714;0.518327754;0.500690804;0.485839884;0.473772454;0.464481611;0.457956334;0.454181778;0.453139615;0.454808434;0.459164199;0.466180747;0.475830340;0.488084250;0.502913370;0.520288837;0.540182655;0.562568292;0.587421247;0.614719548;0.644444174;0.676579378;0.711112880;0.748035916;0.787343125;0.829032244;0.873103610;0.919559443;0.968402909;1.019636952;1.073262899;1.129278852;1.187677867;1.248445959;1.311559955;1.376985245;1.444673487;1.514560331;1.586563250;1.660579572;1.736484837;1.814131607;1.893348887;1.973942339;2.055695475;2.138372074;2.221720055;2.305477104;2.389378342;2.473166408;2.556604299;2.639491401;2.721683157;2.803114848;2.883830035;2.964014231;3.044034417;;;;;;;;;;;;;;;;;;;;;;;;
1.000;;;;;;;;;;;;;;;;;;;;;;;;;;;;;2.395643731;2.325342900;2.254281123;2.182507169;2.110128789;2.037296756;1.964191691;1.891013320;1.817971825;1.745281012;1.673153020;1.601794333;1.531402894;1.462166113;1.394259621;1.327846604;1.263077609;1.200090694;1.139011836;1.079955516;1.023025414;0.968315158;0.915909089;0.865883000;0.818304828;0.773235293;0.730728448;0.690832158;0.653588507;0.619034116;0.587200404;0.558113791;0.531795853;0.508263446;0.487528805;0.469599649;0.454479279;0.442166706;0.432656801;0.425940488;0.422004980;0.420834072;0.422408480;0.426706235;0.433703137;0.443373246;0.455689416;0.470623861;0.488148734;0.508236710;0.530861555;0.555998665;0.583625548;0.613722239;0.646271616;0.681259603;0.718675239;0.758510580;0.800760440;0.845421930;0.892493794;0.941975529;0.993866291;1.048163574;1.104861676;1.163949972;1.225411007;1.289218440;1.355334892;1.423709739;1.494276930;1.566952898;1.641634673;1.718198301;1.796497707;1.876364154;1.957606469;2.040012230;2.123350142;2.207373844;2.291827425;2.376452947;2.461000329;2.545239934;2.628978298;2.712077415;2.794478078;2.876227794;2.957513840;3.038702080;;;;;;;;;;;;;;;;;;;;;;;;
0.900;;;;;;;;;;;;;;;;;;;;;;;;;;;;;2.398015897;2.325910143;2.253063012;2.179534152;2.105441047;2.030942979;1.956227813;1.881501240;1.806978148;1.732875827;1.659408736;1.586784593;1.515201574;1.444846416;1.375893278;1.308503185;1.242823940;1.178990386;1.117124927;1.057338214;0.999729946;0.944389713;0.891397847;0.840826247;0.792739144;0.747193797;0.704241105;0.663926133;0.626288543;0.591362950;0.559179195;0.529762554;0.503133894;0.479309782;0.458302577;0.440120497;0.424767693;0.412244336;0.402546727;0.395667439;0.391595509;0.390316667;0.391813628;0.396066433;0.403052838;0.412748757;0.425128745;0.440166506;0.457835435;0.478109156;0.500962056;0.526369787;0.554309737;0.584761415;0.617706768;0.653130379;0.691019540;0.731364179;0.774156620;0.819391152;0.867063414;0.917169562;0.969705230;1.024664278;1.082037329;1.141810114;1.203961651;1.268462271;1.335271552;1.404336201;1.475587947;1.548941542;1.624292940;1.701517783;1.780470318;1.860982891;1.942866192;2.025910440;2.109887735;2.194555803;2.279663419;2.364957803;2.450194325;2.535148873;2.619633294;2.703514347;2.786736630;2.869350015;2.951542143;3.033676580;3.116337303;;;;;;;;;;;;;;;;;;;;;;;
0.800;;;;;;;;;;;;;;;;;;;;;;;;;;;;;2.401760750;2.327830727;2.253177267;2.177870915;2.102039092;2.025849942;1.949499032;1.873198552;1.797168670;1.721630749;1.646802155;1.572892399;1.500100407;1.428612710;1.358602397;1.290228658;1.223636804;1.158958640;1.096313084;1.035806969;0.977535944;0.921585416;0.868031495;0.816941905;0.768376829;0.722389676;0.679027757;0.638332858;0.600341723;0.565086440;0.532594741;0.502890223;0.475992516;0.451917388;0.430676823;0.412279076;0.396728720;0.384026698;0.374170399;0.367153759;0.362967400;0.361598817;0.363032612;0.367250780;0.374233050;0.383957265;0.396399815;0.411536098;0.429341005;0.449789413;0.472856687;0.498519137;0.526754463;0.557542115;0.590863593;0.626702639;0.665045302;0.705879880;0.749196684;0.794987640;0.843245698;0.893964043;0.947135099;1.002749331;1.060793843;1.121250795;1.184095641;1.249295238;1.316805854;1.386571129;1.458520043;1.532564989;1.608600025;1.686499417;1.766116606;1.847283744;1.929811957;2.013492537;2.098099264;2.183392111;2.269122586;2.355041011;2.440906071;2.526496981;2.611628678;2.696170455;2.780068525;2.863373010;2.946269911;3.029118675;3.112495975;;;;;;;;;;;;;;;;;;;;;;;
0.700;;;;;;;;;;;;;;;;;;;;;;;;;;;;2.481766788;2.406739844;2.330996487;2.254542698;2.177460188;2.099886770;2.022000032;1.944003924;1.866117870;1.788568087;1.711580786;1.635376995;1.560168736;1.486156351;1.413526767;1.342452528;1.273091435;1.205586668;1.140067255;1.076648813;1.015434445;0.956515750;0.899973873;0.845880542;0.794299074;0.745285310;0.698888453;0.655151819;0.614113475;0.575806769;0.540260759;0.507500554;0.477547554;0.450419632;0.426131254;0.404693544;0.386114337;0.370398205;0.357546482;0.347557313;0.340425713;0.336143665;0.334700263;0.336081894;0.340272470;0.347253719;0.357005507;0.369506217;0.384733158;0.402662994;0.423272195;0.446537484;0.472436263;0.500947009;0.532049617;0.565725664;0.601958587;0.640733740;0.682038325;0.725861169;0.772192331;0.821022533;0.872342400;0.926141497;0.982407171;1.041123207;1.102268284;1.165814288;1.231724476;1.299951554;1.370435700;1.443102611;1.517861633;1.594604075;1.673201815;1.753506310;1.835348168;1.918537433;2.002864784;2.088103840;2.174014826;2.260349841;2.346860042;2.433305050;2.519464937;2.605155188;2.690245057;2.774679786;2.858507191;2.941909159;3.025238651;3.109062854;;;;;;;;;;;;;;;;;;;;;;;
0.600;;;;;;;;;;;;;;;;;;;;;;;;;;;;2.489636879;2.412845192;2.335329930;2.257109082;2.178276028;2.098979632;2.019407720;1.939773493;1.860304540;1.781234074;1.702794097;1.625210212;1.548697823;1.473459497;1.399683291;1.327541856;1.257192167;1.188775735;1.122419187;1.058235105;0.996323035;0.936770611;0.879654701;0.825042557;0.772992919;0.723557035;0.676779598;0.632699569;0.591350882;0.552763045;0.516961618;0.483968592;0.453802672;0.426479479;0.402011683;0.380409083;0.361678646;0.345824531;0.332848096;0.322747914;0.315519807;0.311156906;0.309649747;0.310986410;0.315152700;0.322132382;0.331907453;0.344458463;0.359764865;0.377805399;0.398558479;0.422002599;0.448116703;0.476880548;0.508275000;0.542282269;0.578886060;0.618071609;0.659825600;0.704135935;0.750991342;0.800380815;0.852292867;0.906714592;0.963630538;1.023021392;1.084862491;1.149122169;1.215759983;1.284724843;1.355953092;1.429366613;1.504871013;1.582354000;1.661684030;1.742709363;1.825257670;1.909136341;1.994133684;2.080021222;2.166557324;2.253492411;2.340576053;2.427566248;2.514241247;2.600414310;2.685951806;2.770795123;2.854986881;2.938701995;3.022284164;3.106288436;;;;;;;;;;;;;;;;;;;;;;;
0.500;;;;;;;;;;;;;;;;;;;;;;;;;;;;2.498470127;2.419997264;2.340781957;2.260854673;2.180321134;2.099342105;2.018116609;1.936868150;1.855833569;1.775254184;1.695368882;1.616408909;1.538594059;1.462130071;1.387206994;1.313998362;1.242660999;1.173335326;1.106146038;1.041203048;0.978602614;0.918428562;0.860753554;0.805640342;0.753142978;0.703307937;0.656175147;0.611778897;0.570148632;0.531309610;0.495283455;0.462088586;0.431740542;0.404252217;0.379634021;0.357893974;0.339037750;0.323068700;0.309987845;0.299793877;0.292483165;0.288049782;0.286485562;0.287780195;0.291921365;0.298894923;0.308685118;0.321274848;0.336645967;0.354779597;0.375656473;0.399257280;0.425562986;0.454555141;0.486216135;0.520529393;0.557479485;0.597052136;0.639234116;0.684012994;0.731376736;0.781313138;0.833809086;0.888849626;0.946416852;1.006488622;1.069037086;1.134027085;1.201414403;1.271143944;1.343147865;1.417343724;1.493632718;1.571898098;1.652003868;1.733793876;1.817091446;1.901699711;1.987402812;2.073968193;2.161150191;2.248695202;2.336348685;2.423864339;2.511015778;2.597611102;2.683510764;2.768649201;2.853060706;2.936910089;3.020528708;3.104456477;3.189490549;;;;;;;;;;;;;;;;;;;;;;
0.400;;;;;;;;;;;;;;;;;;;;;;;;;;;;2.508179832;2.428142503;2.347329111;2.265783203;2.183623668;2.101024156;2.018195996;1.935374181;1.852806038;1.770742233;1.689429777;1.609106750;1.529998483;1.452314954;1.376249194;1.301976511;1.229654368;1.159422781;1.091405087;1.025709000;0.962427841;0.901641884;0.843419731;0.787819691;0.734891091;0.684675515;0.637207935;0.592517715;0.550629493;0.511563925;0.475338308;0.441967065;0.411462134;0.383833244;0.359088105;0.337232531;0.318270500;0.302204176;0.289033904;0.278758199;0.271373729;0.266875313;0.265255951;0.266506873;0.270617631;0.277576227;0.287369283;0.299982245;0.315399621;0.333605242;0.354582544;0.378314846;0.404785621;0.433978748;0.465878708;0.500470739;0.537740893;0.577676010;0.620263575;0.665491440;0.713347403;0.763818621;0.816890863;0.872547580;0.930768796;0.991529826;1.054799839;1.120540259;1.188703060;1.259228967;1.332045626;1.407065789;1.484185591;1.563283003;1.644216564;1.726824503;1.810924401;1.896313531;1.982770072;2.070055386;2.157917587;2.246096656;2.334331377;2.422368414;2.509973854;2.596947613;2.683141088;2.768478539;2.852982649;2.936804828;3.020260804;3.103872144;3.188414359;;;;;;;;;;;;;;;;;;;;;;
0.300;;;;;;;;;;;;;;;;;;;;;;;;;;;2.599372277;2.518703291;2.437250458;2.354970418;2.271920495;2.188233664;2.104097549;2.019736998;1.935399791;1.851345088;1.767834266;1.685123806;1.603459940;1.523074793;1.444183770;1.366983981;1.291653512;1.218351370;1.147217952;1.078375918;1.011931345;0.947975073;0.886584164;0.827823399;0.771746777;0.718398945;0.667816551;0.620029487;0.575062000;0.532933671;0.493660252;0.457254363;0.423726066;0.393083302;0.365332228;0.340477453;0.318522186;0.299468329;0.283316507;0.270066070;0.259715074;0.252260252;0.247696993;0.246019335;0.247219986;0.251290366;0.258220695;0.268000101;0.280616775;0.296058145;0.314311079;0.335362098;0.359197600;0.385804059;0.415168219;0.447277234;0.482118757;0.519680952;0.559952418;0.602921995;0.648578451;0.696910027;0.747903823;0.801545029;0.857815976;0.916695021;0.978155269;1.042163126;1.108676721;1.177644211;1.249002002;1.322672943;1.398564535;1.476567238;1.556552953;1.638373776;1.721861152;1.806825547;1.893056809;1.980325380;2.068384564;2.156974075;2.245825105;2.334667204;2.423237261;2.511290936;2.598616909;2.685054355;2.770514082;2.855003826;2.938658213;3.021773971;3.104850990;3.188639904;;;;;;;;;;;;;;;;;;;;;;
0.200;;;;;;;;;;;;;;;;;;;;;;;;;;;2.611818991;2.529998989;2.447310617;2.363723927;2.279310751;2.194219112;2.108651760;2.022848343;1.937070803;1.851591563;1.766684160;1.682615989;1.599642848;1.518005013;1.437924604;1.359604015;1.283225219;1.208949767;1.136919334;1.067256679;1.000066907;0.935438924;0.873447016;0.814152472;0.757605202;0.703845295;0.652904501;0.604807582;0.559573546;0.517216730;0.477747736;0.441174227;0.407501577;0.376733386;0.348871878;0.323918190;0.301872569;0.282734489;0.266502709;0.253175287;0.242749558;0.235222104;0.230588715;0.228844355;0.229983153;0.233998406;0.240882618;0.250627560;0.263224368;0.278663654;0.296935648;0.318030348;0.341937668;0.368647579;0.398150231;0.430436025;0.465495644;0.503319995;0.543900078;0.587226740;0.633290309;0.682080093;0.733583732;0.787786383;0.844669760;0.904210984;0.966381294;1.031144593;1.098455864;1.168259476;1.240487415;1.315057486;1.391871539;1.470813795;1.551749340;1.634522906;1.718958035;1.804856768;1.892000014;1.980148761;2.069046337;2.158421933;2.247995636;2.337485253;2.426615213;2.515127892;2.602797737;2.689448562;2.774974490;2.859364989;2.942734547;3.025357523;3.107708798;3.190510883;;;;;;;;;;;;;;;;;;;;;;
0.100;;;;;;;;;;;;;;;;;;;;;;;;;;;2.624782828;2.542043606;2.458329059;2.373623048;2.288012622;2.201661815;2.114789659;2.027651915;1.940526100;1.853699376;1.767458957;1.682084662;1.597843342;1.514984864;1.433739440;1.354316044;1.276901735;1.201661706;1.128739900;1.058260053;0.990327056;0.925028525;0.862436501;0.802609197;0.745592746;0.691422894;0.640126602;0.591723537;0.546227419;0.503647222;0.463988228;0.427252914;0.393441701;0.362553553;0.334586447;0.309537727;0.287404351;0.268183049;0.251870419;0.238462949;0.227957017;0.220348854;0.215634493;0.213809723;0.214870044;0.218810641;0.225626373;0.235311787;0.247861161;0.263268551;0.281527871;0.302632974;0.326577726;0.353356083;0.382962132;0.415390095;0.450634284;0.488688981;0.529548230;0.573205533;0.619653423;0.668882904;0.720882755;0.775638669;0.833132250;0.893339832;0.956231162;1.021767920;1.089902122;1.160574415;1.233712304;1.309228351;1.387018404;1.466959931;1.548910526;1.632706695;1.718163033;1.805071918;1.893203888;1.982308843;2.072118306;2.162348916;2.252707436;2.342897521;2.432628555;2.521626887;2.609649828;2.696502811;2.782060143;2.866289821;2.949282942;3.031288234;3.112752346;3.194366516;;;;;;;;;;;;;;;;;;;;;;
0.000;;;;;;;;;;;;;;;;;;;;;;;;;;;2.638226648;2.554828946;2.470325006;2.384712782;2.298095166;2.210653109;2.122623046;2.034278141;1.945912897;1.857830715;1.770334018;1.683716610;1.598257928;1.514218939;1.431839386;1.351336194;1.272902791;1.196709200;1.122902706;1.051608989;0.982933582;0.916963548;0.853769304;0.793406497;0.735917885;0.681335169;0.629680727;0.580969240;0.535209171;0.492404093;0.452553858;0.415655600;0.381704585;0.350694901;0.322620018;0.297473207;0.275247854;0.255937672;0.239536823;0.226039986;0.215442361;0.207739645;0.202927976;0.201003870;0.201964157;0.205805918;0.212526439;0.222123175;0.234593730;0.249935859;0.268147468;0.289226630;0.313171590;0.339980757;0.369652673;0.402185938;0.437579086;0.475830384;0.516937557;0.560897402;0.607705292;0.657354554;0.709835707;0.765135547;0.823236087;0.884113335;0.947735933;1.014063645;1.083045729;1.154619211;1.228707091;1.305216536;1.384037100;1.465039049;1.548071874;1.632963072;1.719517332;1.807516228;1.896718592;1.986861722;2.077663617;2.168826469;2.260041629;2.350996338;2.441382503;2.530907855;2.619309848;2.706372680;2.791947897;2.875979010;2.958530664;3.039822904;3.120271122;3.200532349;;;;;;;;;;;;;;;;;;;;;;
-0.100;;;;;;;;;;;;;;;;;;;;;;;;;;;2.652128327;2.568358897;2.483327380;2.397045935;2.309633775;2.221289552;2.132268134;2.042861313;1.953381948;1.864151146;1.775488078;1.687702091;1.601086779;1.515915743;1.432439756;1.350885120;1.271452985;1.194319458;1.119636329;1.047532272;0.978114400;0.911470051;0.847668730;0.786764123;0.728796105;0.673792718;0.621772047;0.572743987;0.526711856;0.483673863;0.443624399;0.406555167;0.372456138;0.341316351;0.313124558;0.287869732;0.265541451;0.246130166;0.229627378;0.216025734;0.205319066;0.197502369;0.192571758;0.190524392;0.191358390;0.195072742;0.201667225;0.211142320;0.223499141;0.238739373;0.256865209;0.277879292;0.301784643;0.328584577;0.358282587;0.390882184;0.426386692;0.464798960;0.506121003;0.550353534;0.597495392;0.647542841;0.700488731;0.756321524;0.815024162;0.876572795;0.940935359;1.008070027;1.077923533;1.150429414;1.225506190;1.303055529;1.382960453;1.465083649;1.549265971;1.635325218;1.723055312;1.812225992;1.902583177;1.993850173;2.085729898;2.177908353;2.270059565;2.361852285;2.452958711;2.543065582;2.631887988;2.719186289;2.804786573;2.888605113;2.970677333;3.051191824;3.130530009;3.209312093;;;;;;;;;;;;;;;;;;;;;;
-0.200;;;;;;;;;;;;;;;;;;;;;;;;;;;2.666478309;2.582646507;2.497371477;2.410679434;2.322706179;2.233668665;2.143841081;2.053534948;1.963082761;1.872824738;1.783098290;1.694229847;1.606528722;1.520282703;1.435755113;1.353183102;1.272776940;1.194720141;1.119170223;1.046259985;0.976099137;0.908776204;0.844360583;0.782904684;0.724446085;0.669009649;0.616609544;0.567251163;0.520932878;0.477647652;0.437384464;0.400129569;0.365867574;0.334582355;0.306257800;0.280878412;0.258429767;0.238898860;0.222274331;0.208546612;0.197707993;0.189752626;0.184676485;0.182477293;0.183154421;0.186708777;0.193142685;0.202459762;0.214664796;0.229763617;0.247762976;0.268670407;0.292494084;0.319242648;0.348925005;0.381550085;0.417126538;0.455662358;0.497164436;0.541637996;0.589085943;0.639508065;0.692900126;0.749252800;0.808550476;0.870769907;0.935878737;1.003833879;1.074579802;1.148046721;1.224148734;1.302781962;1.383822719;1.467125810;1.552523006;1.639821814;1.728804644;1.819228495;1.910825311;2.003303179;2.096348545;2.189629668;2.282801552;2.375512603;2.467413323;2.558167346;2.647465181;2.735041039;2.820693181;2.904308231;2.985889976;3.065593170;3.143762957;3.220980521;;;;;;;;;;;;;;;;;;;;;;
-0.300;;;;;;;;;;;;;;;;;;;;;;;;;;;2.681277397;2.597711297;2.512495843;2.425670832;2.337388627;2.247884841;2.157453659;2.066427266;1.975158929;1.884009273;1.793335355;1.703482175;1.614776289;1.527521210;1.441994335;1.358445148;1.277094477;1.198134602;1.121730058;1.048018954;0.977114694;0.909107979;0.844068978;0.782049606;0.723085812;0.667199845;0.614402427;0.564694820;0.518070735;0.474518088;0.434020576;0.396559065;0.362112804;0.330660458;0.302180966;0.276654240;0.254061720;0.234386786;0.217615063;0.203734611;0.192736032;0.184612507;0.179359769;0.176976030;0.177461879;0.180820143;0.187055741;0.196175522;0.208188084;0.223103599;0.240933615;0.261690853;0.285388974;0.312042331;0.341665674;0.374273813;0.409881222;0.448501568;0.490147161;0.534828300;0.582552516;0.633323690;0.687141047;0.743998005;0.803880896;0.866767541;0.932625693;1.001411355;1.073067006;1.147519727;1.224679300;1.304436298;1.386660219;1.471197756;1.557871245;1.646477420;1.736786557;1.828542153;1.921461273;2.015235737;2.109534328;2.204006239;2.298285984;2.392000040;2.484775511;2.576251126;2.666090925;2.754001026;2.839749874;2.923192452;3.004298931;3.083188314;3.160167647;3.235777424;;;;;;;;;;;;;;;;;;;;;;
-0.400;;;;;;;;;;;;;;;;;;;;;;;;;;;2.696534891;2.613576880;2.528739450;2.442075088;2.353752331;2.264025497;2.173209166;2.081656895;1.989743667;1.897851650;1.806358830;1.715630168;1.626010915;1.537821802;1.451355800;1.366876213;1.284615869;1.204777212;1.127533114;1.053028239;0.981380840;0.912684852;0.847012178;0.784415091;0.724928669;0.668573201;0.615356518;0.565276210;0.518321698;0.474476140;0.433718157;0.396023367;0.361365739;0.329718750;0.301056366;0.275353852;0.252588420;0.232739734;0.215790280;0.201725622;0.190534559;0.182209190;0.176744916;0.174140373;0.174397326;0.177520520;0.183517503;0.192398424;0.204175816;0.218864351;0.236480585;0.257042674;0.280570070;0.307083176;0.336602966;0.369150549;0.404746674;0.443411156;0.485162226;0.530015771;0.577984472;0.629076828;0.683296038;0.740638771;0.801093777;0.864640384;0.931246859;1.000868644;1.073446512;1.148904632;1.227148607;1.308063511;1.391511985;1.477332463;1.565337595;1.655312969;1.747016246;1.840176815;1.934496134;2.029648908;2.125285293;2.221034331;2.316508859;2.411312139;2.505046504;2.597324332;2.687781698;2.776095094;2.862001615;2.945323084;3.025994601;3.104098050;3.179901146;3.253902648;;;;;;;;;;;;;;;;;;;;;;
-0.500;;;;;;;;;;;;;;;;;;;;;;;;;;;2.712267153;2.630269010;2.546139278;2.459941740;2.371860279;2.282167572;2.191198662;2.099328883;2.006955638;1.914483565;1.822312693;1.730829190;1.640398356;1.551359552;1.464022770;1.378666587;1.295537272;1.214848832;1.136783823;1.061494747;0.989105913;0.919715606;0.853398492;0.790208139;0.730179584;0.673331895;0.619670651;0.569190321;0.521876491;0.477707934;0.436658485;0.398698736;0.363797527;0.331923242;0.303044920;0.277133179;0.254160970;0.234104178;0.216942072;0.202657634;0.191237761;0.182673386;0.176959494;0.174095085;0.174083058;0.176930059;0.182646281;0.191245230;0.202743456;0.217160261;0.234517376;0.254838603;0.278149433;0.304476610;0.333847658;0.366290347;0.401832094;0.440499284;0.482316511;0.527305709;0.575485185;0.626868525;0.681463384;0.739270137;0.800280402;0.864475436;0.931824403;1.002282531;1.075789183;1.152265853;1.231614138;1.313713714;1.398420388;1.485564274;1.574948182;1.666346314;1.759503372;1.854134201;1.949924119;2.046530085;2.143582905;2.240690664;2.337443638;2.433420919;2.528199064;2.621363054;2.712519939;2.801315525;2.887454529;2.970724649;3.051025041;3.128399733;3.203076553;3.275512188;;;;;;;;;;;;;;;;;;;;;;
-0.600;;;;;;;;;;;;;;;;;;;;;;;;;;;2.728496689;2.647814119;2.564728368;2.479312534;2.391764491;2.302374462;2.211497611;2.119531110;2.026895166;1.934017559;1.841321254;1.749214694;1.658084432;1.568289761;1.480159056;1.393987565;1.310036399;1.228532518;1.149669517;1.073609045;1.000482701;0.930394296;0.863422343;0.799622704;0.739031288;0.681666758;0.627533165;0.576622488;0.528917020;0.484391605;0.443015672;0.404755084;0.369573782;0.337435227;0.308303639;0.282145053;0.258928181;0.238625119;0.221211881;0.206668807;0.194980832;0.186137644;0.180133750;0.176968447;0.176645726;0.179174106;0.184566423;0.192839560;0.204014140;0.218114185;0.235166720;0.255201355;0.278249812;0.304345408;0.333522481;0.365815761;0.401259660;0.439887488;0.481730580;0.526817315;0.575172032;0.626813827;0.681755227;0.740000732;0.801545236;0.866372310;0.934452383;1.005740804;1.080175821;1.157676509;1.238140661;1.321442707;1.407431706;1.495929476;1.586728942;1.679592807;1.774252625;1.870408441;1.967729102;2.065853429;2.164392420;2.262932696;2.361041416;2.458272918;2.554177378;2.648311780;2.740253567;2.829617327;2.916074936;2.999379614;3.079394360;3.156125316;3.229760620;3.300715364;;;;;;;;;;;;;;;;;;;;;;
-0.700;;;;;;;;;;;;;;;;;;;;;;;;;;;2.745251827;2.666238437;2.584534447;2.500219604;2.413503805;2.324693463;2.234163040;2.142331177;2.049640911;1.956543513;1.863485503;1.770898445;1.679191161;1.588744025;1.499905043;1.412987441;1.328268517;1.245989536;1.166356476;1.089541438;1.015684583;0.944896448;0.877260533;0.812836051;0.751660762;0.693753813;0.639118532;0.587745119;0.539613206;0.494694243;0.452953714;0.414353133;0.378851853;0.346408648;0.316983105;0.290536796;0.267034277;0.246443888;0.228738397;0.213895481;0.201898066;0.192734550;0.186398896;0.182890644;0.182214821;0.184381777;0.189406963;0.197310634;0.208117504;0.221856353;0.238559577;0.258262692;0.281003786;0.306822912;0.335761418;0.367861219;0.403163976;0.441710205;0.483538284;0.528683358;0.577176140;0.629041588;0.684297456;0.742952733;0.805005941;0.870443320;0.939236899;1.011342461;1.086697439;1.165218748;1.246800612;1.331312407;1.418596598;1.508466815;1.600706167;1.695065872;1.791264315;1.888986668;1.987885201;2.087580452;2.187663442;2.287699137;2.387231384;2.485789580;2.582897354;2.678083576;2.770896026;2.860918113;2.947789039;3.031227861;3.111061936;3.187260274;3.259972356;3.329573048;;;;;;;;;;;;;;;;;;;;;;
-0.800;;;;;;;;;;;;;;;;;;;;;;;;;;;2.762567056;2.685567760;2.605579181;2.522684268;2.437102269;2.349153806;2.259231254;2.167773860;2.075247083;1.982125658;1.888879959;1.795965237;1.703813367;1.612826763;1.523374154;1.435787936;1.350362849;1.267355758;1.186986327;1.109438407;1.034861990;0.963375570;0.895068806;0.830005374;0.768225919;0.709751033;0.654584195;0.602714623;0.554119988;0.508768977;0.466623664;0.427641680;0.391778170;0.358987544;0.329224997;0.302447834;0.278616587;0.257695932;0.239655435;0.224470122;0.212120902;0.202594841;0.195885312;0.191992036;0.190921015;0.192684372;0.197300118;0.204791839;0.215188315;0.228523079;0.244833911;0.264162273;0.286552683;0.312052019;0.340708761;0.372572150;0.407691270;0.446114036;0.487886090;0.533049586;0.581641867;0.633694024;0.689229330;0.748261555;0.810793152;0.876813328;0.946296011;1.019197714;1.095455332;1.174983895;1.257674310;1.343391134;1.431970455;1.523217915;1.616906979;1.712777540;1.810534955;1.909849652;2.010357446;2.111660714;2.213330633;2.314910668;2.415921542;2.515867947;2.614247279;2.710560688;2.804326811;2.895098540;2.982483239;3.066166858;3.145942420;3.221743400;3.293682577;3.362096945;;;;;;;;;;;;;;;;;;;;;;
-0.900;;;;;;;;;;;;;;;;;;;;;;;;;;;2.780484094;2.705827930;2.627878131;2.546716512;2.462568209;2.375765349;2.286716199;2.195879186;2.103741275;2.010800201;1.917550109;1.824470174;1.732015832;1.640612264;1.550649823;1.462481112;1.376419451;1.292738509;1.211672883;1.133419441;1.058139260;0.985960028;0.916978762;0.851264749;0.788862606;0.729795390;0.674067677;0.621668565;0.572574553;0.526752266;0.484160990;0.444755013;0.408485740;0.375303598;0.345159718;0.318007387;0.293803308;0.272508631;0.254089811;0.238519275;0.225775922;0.215845470;0.208720662;0.204401338;0.202894403;0.204213672;0.208379637;0.215419136;0.225364943;0.238255281;0.254133270;0.273046286;0.295045266;0.320183929;0.348517915;0.380103850;0.414998319;0.453256742;0.494932150;0.540073852;0.588725994;0.640925987;0.696702827;0.756075286;0.819049981;0.885619331;0.955759416;1.029427738;1.106560922;1.187072381;1.270849974;1.357753721;1.447613606;1.540227566;1.635359713;1.732738914;1.832057811;1.932972427;2.035102482;2.138032597;2.241314558;2.344470841;2.446999642;2.548381645;2.648088819;2.745595556;2.840392476;2.932003283;3.020005074;3.104052532;3.183906505;3.259467464;3.330814427;3.398249934;;;;;;;;;;;;;;;;;;;;;;
-1.000;;;;;;;;;;;;;;;;;;;;;;;;;;;2.799053716;2.727046076;2.651441454;2.572315216;2.489894016;2.404517986;2.316608535;2.226641197;2.135122959;2.042573589;1.949510476;1.856436575;1.763831064;1.672142339;1.581783048;1.493126847;1.406506623;1.322213940;1.240499491;1.161574364;1.085611954;1.012750367;0.943095186;0.876722483;0.813681978;0.754000262;0.697684012;0.644723144;0.595093843;0.548761451;0.505683167;0.465810555;0.429091818;0.395473868;0.364904156;0.337332275;0.312711345;0.290999186;0.272159276;0.256161524;0.242982861;0.232607655;0.225027983;0.220243745;0.218262660;0.219100139;0.222779040;0.229329332;0.238787662;0.251196827;0.266605168;0.285065876;0.306636215;0.331376666;0.359349971;0.390620103;0.425251129;0.463305974;0.504845085;0.549924973;0.598596655;0.650903956;0.706881710;0.766553827;0.829931244;0.897009775;0.967767849;1.042164178;1.120135358;1.201593446;1.286423543;1.374481435;1.465591346;1.559543872;1.656094177;1.754960547;1.855823400;1.958324903;2.062069298;2.166624146;2.271522626;2.376267127;2.480334340;2.583182114;2.684258344;2.783012207;2.878908087;2.971442545;3.060164750;3.144700811;3.224782475;3.300280727;3.371244831;3.437947437;;;;;;;;;;;;;;;;;;;;;;
-1.100;;;;;;;;;;;;;;;;;;;;;;;;;;;2.818338389;2.749252642;2.676275398;2.599469148;2.519056711;2.435381811;2.348875447;2.260027457;2.169362725;2.077421504;1.984743402;1.891854573;1.799257734;1.707424621;1.616790573;1.527750922;1.440658923;1.355824977;1.273516925;1.193961201;1.117344693;1.043817126;0.973493853;0.906458917;0.842768297;0.782453234;0.725523567;0.671971023;0.621772402;0.574892617;0.531287557;0.490906754;0.453695829;0.419598715;0.388559641;0.360524887;0.335444308;0.313272631;0.293970537;0.277505539;0.263852663;0.252994945;0.244923767;0.239639024;0.237149157;0.237471040;0.240629754;0.246658238;0.255596835;0.267492733;0.282399313;0.300375395;0.321484393;0.345793379;0.373372043;0.404291558;0.438623349;0.476437739;0.517802504;0.562781297;0.611431966;0.663804739;0.719940303;0.779867748;0.843602408;0.911143592;0.982472219;1.057548383;1.136308860;1.218664603;1.304498246;1.393661686;1.485973777;1.581218229;1.679141774;1.779452708;1.881819903;1.985872434;2.091199949;2.197353941;2.303850126;2.410172100;2.515776528;2.620100103;2.722568556;2.822608025;2.919659122;3.013194064;3.102737264;3.187889841;3.268358496;3.343989293;3.414806892;3.481059837;;;;;;;;;;;;;;;;;;;;;;
-1.200;;;;;;;;;;;;;;;;;;;;;;;;;;;;2.772484247;2.702384603;2.628158783;2.550019307;2.468308087;2.383461253;2.295979341;2.206402273;2.115288607;2.023198570;1.930680436;1.838259826;1.746431569;1.655653771;1.566343792;1.478875836;1.393579909;1.310741907;1.230604635;1.153369573;1.079199218;1.008219872;0.940524739;0.876177230;0.815214381;0.757650299;0.703479576;0.652680616;0.605218825;0.561049630;0.520121304;0.482377574;0.447760004;0.416210131;0.387671370;0.362090679;0.339419991;0.319617412;0.302648214;0.288485611;0.277111341;0.268516071;0.262699623;0.259671045;0.259448529;0.262059195;0.267538742;0.275930978;0.287287236;0.301665675;0.319130476;0.339750935;0.363600447;0.390755384;0.421293870;0.455294443;0.492834604;0.533989253;0.578829005;0.627418381;0.679813891;0.736061977;0.796196855;0.860238234;0.928188940;1.000032452;1.075730362;1.155219799;1.238410842;1.325183957;1.415387516;1.508835454;1.605305127;1.704535471;1.806225528;1.910033488;2.015576332;2.122430255;2.230132002;2.338181327;2.446044745;2.553160846;2.658947376;2.762810407;2.864155865;2.962403784;3.057005629;3.147465102;3.233362865;3.314385656;3.390360308;3.461293227;3.527415935;;;;;;;;;;;;;;;;;;;;;;
-1.300;;;;;;;;;;;;;;;;;;;;;;;;;;;;2.796787352;2.729775234;2.658358934;2.582733000;2.503231028;2.420288827;2.334413122;2.246155218;2.156089074;2.064793308;1.972836668;1.880766557;1.789100219;1.698318243;1.608860061;1.521121145;1.435451659;1.352156295;1.271495118;1.193685202;1.118902903;1.047286612;0.978939862;0.913934678;0.852315056;0.794100513;0.739289606;0.687863392;0.639788756;0.595021579;0.553509720;0.515195775;0.480019619;0.447920693;0.418840063;0.392722222;0.369516652;0.349179157;0.331672961;0.316969583;0.305049516;0.295902699;0.289528809;0.285937373;0.285147727;0.287188810;0.292098825;0.299924754;0.310721757;0.324552433;0.341485969;0.361597175;0.384965397;0.411673315;0.441805632;0.475447641;0.512683670;0.553595416;0.598260144;0.646748776;0.699123850;0.755437357;0.815728467;0.880021145;0.948321668;1.020616062;1.096867472;1.177013509;1.260963584;1.348596288;1.439756860;1.534254813;1.631861768;1.732309605;1.835289012;1.940448541;2.047394311;2.155690486;2.264860706;2.374390640;2.483731874;2.592307357;2.699518655;2.804755300;2.907406527;3.006875741;3.102598086;3.194061509;3.280831752;3.362581760;3.439125998;3.510460244;;;;;;;;;;;;;;;;;;;;;;;
-1.400;;;;;;;;;;;;;;;;;;;;;;;;;;;;2.822222749;2.758458923;2.690042205;2.617140176;2.540070404;2.459261831;2.375221883;2.288508701;2.199707950;2.109413697;2.018212900;1.926673070;1.835332713;1.744694197;1.655218715;1.567323034;1.481377774;1.397706966;1.316588661;1.238256409;1.162901418;1.090675252;1.021692910;0.956036195;0.893757245;0.834882150;0.779414575;0.727339329;0.678625820;0.633231369;0.591104329;0.552187001;0.516418321;0.483736304;0.454080242;0.427392652;0.403620972;0.382719016;0.364648188;0.349378466;0.336889163;0.327169488;0.320218892;0.316047246;0.314674822;0.316132124;0.320459550;0.327706909;0.337932796;0.351203828;0.367593753;0.387182427;0.410054662;0.436298959;0.466006107;0.499267663;0.536174305;0.576814063;0.621270413;0.669620265;0.721931807;0.778262244;0.838655416;0.903139312;0.971723492;1.044396434;1.121122826;1.201840832;1.286459372;1.374855449;1.466871581;1.562313401;1.660947490;1.762499538;1.866652916;1.973047786;2.081280868;2.190906007;2.301435712;2.412343842;2.523069644;2.633023378;2.741593770;2.848157578;2.952091576;3.052787287;3.149668842;3.242214344;3.329981201;3.412635872;3.489988555;3.562033364;;;;;;;;;;;;;;;;;;;;;;;
-1.500;;;;;;;;;;;;;;;;;;;;;;;;;;;;2.848870824;2.788457504;2.723183244;2.653178222;2.578734953;2.500267776;2.418278246;2.333325821;2.246003303;2.156916491;2.066667593;1.975841941;1.884997615;1.794657598;1.705304129;1.617374953;1.531261169;1.447306442;1.365807352;1.287014653;1.211135293;1.138335004;1.068741340;1.002447027;0.939513517;0.879974657;0.823840389;0.771100418;0.721727776;0.675682265;0.632913712;0.593365025;0.556975022;0.523681026;0.493421199;0.466136633;0.441773178;0.420283021;0.401626016;0.385770774;0.372695521;0.362388734;0.354849566;0.350088070;0.348125229;0.348992815;0.352733064;0.359398196;0.369049780;0.381757949;0.397600465;0.416661657;0.439031213;0.464802838;0.494072790;0.526938268;0.563495684;0.603838796;0.648056715;0.696231781;0.748437324;0.804735293;0.865173785;0.929784467;0.998579908;1.071550854;1.148663442;1.229856410;1.315038325;1.404084877;1.496836287;1.593094897;1.692623025;1.795141140;1.900326497;2.007812308;2.117187601;2.227997903;2.339746915;2.451899358;2.563885200;2.675105489;2.784940045;2.892757289;2.997926512;3.099832929;3.197895869;3.291590511;3.380473602;3.464213619;3.542625888;3.615713219;;;;;;;;;;;;;;;;;;;;;;;
-1.600;;;;;;;;;;;;;;;;;;;;;;;;;;;;;2.819808486;2.757763750;2.690784108;2.619126579;2.543181861;2.463437891;2.380448865;2.294809196;2.207131841;2.118030535;2.028105475;1.937932031;1.848052113;1.758967853;1.671137267;1.584971626;1.500834265;1.419040605;1.339859161;1.263513364;1.190184019;1.120012251;1.053102808;0.989527616;0.929329466;0.872525771;0.819112307;0.769066882;0.722352878;0.678922636;0.638720640;0.601686482;0.567757591;0.536871710;0.508969119;0.483994590;0.461899095;0.442641247;0.426188501;0.412518102;0.401617810;0.393486398;0.388133931;0.385581852;0.385862862;0.389020629;0.395109309;0.404192908;0.416344479;0.431645162;0.450183078;0.472052078;0.497350338;0.526178829;0.558639634;0.594834142;0.634861092;0.678814497;0.726781437;0.778839722;0.835055439;0.895480398;0.960149471;1.029077856;1.102258276;1.179658147;1.261216735;1.346842354;1.436409635;1.529756938;1.626683951;1.726949571;1.830270141;1.936318148;2.044721493;2.155063469;2.266883585;2.379679411;2.492909618;2.605998430;2.718341707;2.829314915;2.938283264;3.044614319;3.147693412;3.246942233;3.341840996;3.431954602;3.516963286;3.596698249;3.671182819;;;;;;;;;;;;;;;;;;;;;;;
-1.700;;;;;;;;;;;;;;;;;;;;;;;;;;;;;2.852571200;2.793778169;2.729899683;2.661145270;2.587871557;2.510543833;2.429703302;2.345939420;2.259866794;2.172106134;2.083268797;1.993944506;1.904691846;1.816031179;1.728439664;1.642348072;1.558139130;1.476147164;1.396658796;1.319914527;1.246111011;1.175403873;1.107910930;1.043715706;0.982871115;0.925403249;0.871315163;0.820590628;0.773197759;0.729092512;0.688221980;0.650527484;0.615947432;0.584419920;0.555885089;0.530287206;0.507576486;0.487710656;0.470656252;0.456389674;0.444897989;0.436179508;0.430244129;0.427113471;0.426820798;0.429410748;0.434938876;0.443471011;0.455082447;0.469856962;0.487885685;0.509265795;0.534099075;0.562490324;0.594545607;0.630370381;0.670067473;0.713734920;0.761463688;0.813335261;0.869419116;0.929770091;0.994425663;1.063403153;1.136696873;1.214275256;1.296077984;1.382013166;1.471954617;1.565739274;1.663164844;1.763987730;1.867921349;1.974634927;2.083752898;2.194855026;2.307477408;2.421114523;2.535222508;2.649223870;2.762513866;2.874468798;2.984456510;3.091849390;3.196040208;3.296461162;3.392606533;3.484059375;3.570522716;3.651855777;;;;;;;;;;;;;;;;;;;;;;;;
-1.800;;;;;;;;;;;;;;;;;;;;;;;;;;;;;;2.831240003;2.770477592;2.704694681;2.634201865;2.559431393;2.480902489;2.399191959;2.314909537;2.228677442;2.141113685;2.052818690;1.964364824;1.876288475;1.789084339;1.703201603;1.619041770;1.536957842;1.457254664;1.380190200;1.305977585;1.234787764;1.166752595;1.101968280;1.040499019;0.982380784;0.927625144;0.876223053;0.828148563;0.783362397;0.741815355;0.703451510;0.668211184;0.636033669;0.606859706;0.580633681;0.557305569;0.536832605;0.519180686;0.504325522;0.492253529;0.482962477;0.476461905;0.472773308;0.471930102;0.473977393;0.478971530;0.486979479;0.498078008;0.512352700;0.529896786;0.550809825;0.575196216;0.603163554;0.634820845;0.670276560;0.709636557;0.753001865;0.800466332;0.852114155;0.908017297;0.968232797;1.032800002;1.101737730;1.175041382;1.252680054;1.334593655;1.420690094;1.510842578;1.604887076;1.702620019;1.803796315;1.908127771;2.015282021;2.124882076;2.236506636;2.349691307;2.463930891;2.578682940;2.693372779;2.807400223;2.920148260;3.030993951;3.139321886;3.244540508;3.346101686;3.443523922;3.536419648;3.624527055;3.707746991;;;;;;;;;;;;;;;;;;;;;;;;
-1.900;;;;;;;;;;;;;;;;;;;;;;;;;;;;;;2.870188603;2.812487733;2.749688257;2.682041165;2.609933778;2.533853008;2.454354103;2.372034300;2.287510878;2.201403113;2.114317695;2.026837202;1.939511233;1.852849888;1.767319245;1.683338571;1.601279001;1.521463444;1.444167512;1.369621280;1.298011705;1.229485562;1.164152755;1.102089894;1.043344037;0.987936499;0.935866676;0.887115796;0.841650563;0.799426636;0.760391932;0.724489687;0.691661301;0.661848914;0.634997725;0.611058036;0.589987033;0.571750293;0.556323022;0.543691041;0.533851508;0.526813406;0.522597782;0.521237769;0.522778381;0.527276104;0.534798280;0.545422300;0.559234613;0.576329547;0.596807966;0.620775759;0.648342158;0.679617910;0.714713295;0.753735998;0.796788841;0.843967390;0.895357438;0.951032375;1.011050468;1.075452060;1.144256708;1.217460291;1.295032114;1.376912052;1.463007762;1.553192029;1.647300302;1.745128486;1.846431065;1.950919670;2.058262165;2.168082397;2.279960729;2.393435514;2.508005674;2.623134575;2.738255412;2.852778322;2.966099496;3.077612561;3.186722540;3.292862737;3.395514897;3.494233058;3.588671518;3.678617393;;;;;;;;;;;;;;;;;;;;;;;;;
-2.000;;;;;;;;;;;;;;;;;;;;;;;;;;;;;;2.910696316;2.855924092;2.796055808;2.731267524;2.661888160;2.588360539;2.511208123;2.431006850;2.348361545;2.263886408;2.178189117;2.091858129;2.005452790;1.919495898;1.834468391;1.750805875;1.668896708;1.589081411;1.511653180;1.436859295;1.364903268;1.295947558;1.230116717;1.167500847;1.108159268;1.052124292;0.999405030;0.949991167;0.903856643;0.860963200;0.821263742;0.784705498;0.751232952;0.720790515;0.693324949;0.668787513;0.647135841;0.628335548;0.612361557;0.599199172;0.588844881;0.581306907;0.576605514;0.574773081;0.575853938;0.579903986;0.586990115;0.597189402;0.610588127;0.627280600;0.647367799;0.670955845;0.698154302;0.729074322;0.763826631;0.802519372;0.845255807;0.892131893;0.943233738;0.998634948;1.058393891;1.122550888;1.191125348;1.264112896;1.341482500;1.423173654;1.509093654;1.599115022;1.693073142;1.790764172;1.891943322;1.996323593;2.103575068;2.213324901;2.325158112;2.438619369;2.553215899;2.668421745;2.783683557;2.898428165;3.012072184;3.124033934;3.233747983;3.340682657;3.444360872;3.544384703;3.640464119;3.732450345;;;;;;;;;;;;;;;;;;;;;;;;;
-2.100;;;;;;;;;;;;;;;;;;;;;;;;;;;;;;;2.900811824;2.843750350;2.781775339;2.715142130;2.644236131;2.569537388;2.491590460;2.410979061;2.328304947;2.244170588;2.159165184;2.073853642;1.988768127;1.904401868;1.821204912;1.739581538;1.659889097;1.582438027;1.507492863;1.435274042;1.365960342;1.299691814;1.236573081;1.176676875;1.120047742;1.066705802;1.016650510;0.969864352;0.926316417;0.885965823;0.848764930;0.814662352;0.783605715;0.755544166;0.730430611;0.708223686;0.688889447;0.672402798;0.658748632;0.647922719;0.639932325;0.634796588;0.632546635;0.633225477;0.636887665;0.643598735;0.653434434;0.666479751;0.682827750;0.702578213;0.725836111;0.752709898;0.783309640;0.817744997;0.856123045;0.898545968;0.945108626;0.995895997;1.050980533;1.110419424;1.174251804;1.242495919;1.315146286;1.392170884;1.473508403;1.559065612;1.648714898;1.742292031;1.839594246;1.940378699;2.044361427;2.151216890;2.260578234;2.372038408;2.485152296;2.599440020;2.714391630;2.829473367;2.944135754;3.057823763;3.169989343;3.280106622;3.387690117;3.492316322;3.593649086;3.691469196;3.785708652;;;;;;;;;;;;;;;;;;;;;;;;;
-2.200;;;;;;;;;;;;;;;;;;;;;;;;;;;;;;;2.947214367;2.892755054;2.833482127;2.769560353;2.701302739;2.629132778;2.553552213;2.475113760;2.394398259;2.311995789;2.228490283;2.144447250;2.060404212;1.976863530;1.894287286;1.813093946;1.733656535;1.656302098;1.581312225;1.508924450;1.439334359;1.372698251;1.309136217;1.248735516;1.191554152;1.137624557;1.086957299;1.039544759;0.995364707;0.954383751;0.916560599;0.881849118;0.850201164;0.821569161;0.795908423;0.773179199;0.753348455;0.736391372;0.722292575;0.711047094;0.702661052;0.697152105;0.694549620;0.694894621;0.698239492;0.704647457;0.714191841;0.726955128;0.743027808;0.762507043;0.785495145;0.812097877;0.842422592;0.876576213;0.914663068;0.956782585;1.003026872;1.053478177;1.108206265;1.167265714;1.230693165;1.298504544;1.370692295;1.447222649;1.528032987;1.613029328;1.702084020;1.795033681;1.891677474;1.991775806;2.095049537;2.201179828;2.309808730;2.420540673;2.532945002;2.646559737;2.760896748;2.875448564;2.989697049;3.103124200;3.215225361;3.325525161;3.433596513;3.539083047;3.641725382;3.741391666;;;;;;;;;;;;;;;;;;;;;;;;;;
-2.300;;;;;;;;;;;;;;;;;;;;;;;;;;;;;;;;2.943090079;2.886335273;2.825031232;2.759401815;2.689799221;2.616669482;2.540523112;2.461910386;2.381400755;2.299565927;2.216966222;2.134139780;2.051594293;1.969800921;1.889190106;1.810149000;1.733020281;1.658102119;1.585649104;1.515873950;1.448949826;1.385013156;1.324166786;1.266483386;1.212009005;1.160766690;1.112760111;1.067977105;1.026393119;0.987974494;0.952681551;0.920471471;0.891300926;0.865128469;0.841916648;0.821633858;0.804255917;0.789767364;0.778162494;0.769446116;0.763634057;0.760753403;0.760842499;0.763950705;0.770137919;0.779473886;0.792037282;0.807914605;0.827198862;0.849988074;0.876383603;0.906488314;0.940404581;0.978232144;1.020065841;1.065993213;1.116092013;1.170427629;1.229050443;1.291993150;1.359268071;1.430864483;1.506746016;1.586848152;1.671075883;1.759301588;1.851363190;1.947062682;2.046165099;2.148398045;2.253451879;2.360980700;2.470604259;2.581910963;2.694462150;2.807797828;2.921444087;3.034922440;3.147761331;3.259510117;3.369755828;3.478143042;3.584397259;3.688352170;;;;;;;;;;;;;;;;;;;;;;;;;;;
-2.400;;;;;;;;;;;;;;;;;;;;;;;;;;;;;;;;;2.940318490;2.881473372;2.818399774;2.751362154;2.680736388;2.606978187;2.530596348;2.452130320;2.372131628;2.291148717;2.209714816;2.128338458;2.047496330;1.967628125;1.889133136;1.812368337;1.737647707;1.665242608;1.595383015;1.528259444;1.464025427;1.402800392;1.344672850;1.289703770;1.237930072;1.189368145;1.144017336;1.101863350;1.062881520;1.027039906;0.994302188;0.964630347;0.937987086;0.914338013;0.893653544;0.875910549;0.861093715;0.849196647;0.840222698;0.834185530;0.831109425;0.831029339;0.833990722;0.840049088;0.849269376;0.861725087;0.877497210;0.896672961;0.919344323;0.945606423;0.975555730;1.009288107;1.046896722;1.088469827;1.134088426;1.183823857;1.237735287;1.295867164;1.358246645;1.424881026;1.495755211;1.570829271;1.650036125;1.733279404;1.820431562;1.911332297;2.005787373;2.103567922;2.204410334;2.308016854;2.414057007;2.522170003;2.631968275;2.743042338;2.854967159;2.967310260;3.079641794;3.191546848;3.302640287;3.412584416;3.521109845;3.628039891;3.733318957;;;;;;;;;;;;;;;;;;;;;;;;;;;
-2.500;;;;;;;;;;;;;;;;;;;;;;;;;;;;;;;;;2.995457729;2.938841557;2.878194049;2.813673659;2.745570015;2.674269934;2.600228475;2.523944514;2.445940349;2.366744910;2.286880142;2.206850194;2.127133078;2.048174465;1.970383333;1.894129219;1.819740813;1.747505699;1.677671038;1.610445021;1.545998939;1.484469731;1.425962886;1.370555595;1.318300055;1.269226850;1.223348334;1.180661958;1.141153492;1.104800100;1.071573237;1.041441332;1.014372248;0.990335493;0.969304179;0.951256714;0.936178226;0.924061730;0.914909009;0.908731252;0.905549422;0.905394376;0.908306741;0.914336553;0.923542676;0.935991990;0.951758387;0.970921557;0.993565597;1.019777441;1.049645126;1.083255909;1.120694253;1.162039681;1.207364542;1.256731679;1.310192047;1.367782279;1.429522261;1.495412717;1.565432860;1.639538151;1.717658202;1.799694903;1.885520803;1.974977860;2.067876599;2.163995806;2.263082847;2.364854722;2.469000009;2.575181823;2.683041962;2.792206425;2.902292488;3.012917584;3.123710192;3.234323042;3.344448893;3.453839217;3.562326137;3.669847984;;;;;;;;;;;;;;;;;;;;;;;;;;;;
-2.600;;;;;;;;;;;;;;;;;;;;;;;;;;;;;;;;;;2.997131981;2.938718492;2.876618027;2.811016128;2.742215043;2.670602410;2.596624671;2.520764715;2.443523295;2.365403796;2.286899964;2.208486254;2.130610439;2.053688222;1.978099542;1.904186346;1.832251607;1.762559368;1.695335644;1.630770020;1.569017790;1.510202516;1.454418895;1.401735826;1.352199602;1.305837142;1.262659203;1.222663522;1.185837832;1.152162726;1.121614332;1.094166772;1.069794399;1.048473780;1.030185429;1.014915286;1.002655928;0.993407516;0.987178488;0.983985995;0.983856086;0.986823652;0.992932133;1.002232998;1.014785019;1.030653324;1.049908267;1.072624106;1.098877520;1.128745957;1.162305844;1.199630668;1.240788947;1.285842103;1.334842268;1.387830042;1.444832227;1.505859572;1.570904561;1.639939291;1.712913468;1.789752592;1.870356379;1.954597489;2.042320634;2.133342151;2.227450141;2.324405272;2.423942375;2.525772963;2.629588821;2.735066841;2.841875269;2.949681587;3.058162241;3.167014452;3.275970400;3.384814054;3.493400976;3.601681442;3.709727267;;;;;;;;;;;;;;;;;;;;;;;;;;;;
-2.700;;;;;;;;;;;;;;;;;;;;;;;;;;;;;;;;;;;2.999947769;2.940116418;2.876954085;2.810661098;2.741542477;2.669979013;2.596402782;2.521276613;2.445077098;2.368280721;2.291352751;2.214738564;2.138857076;2.064096009;1.990808735;1.919312468;1.849887581;1.782777880;1.718191635;1.656303247;1.597255398;1.541161558;1.488108771;1.438160590;1.391360120;1.347733064;1.307290746;1.270033031;1.235951127;1.205030216;1.177251895;1.152596408;1.131044640;1.112579880;1.097189332;1.084865367;1.075606528;1.069418279;1.066313504;1.066312757;1.069444281;1.075743787;1.085254019;1.098024097;1.114108671;1.133566869;1.156461081;1.182855568;1.212814925;1.246402406;1.283678133;1.324697200;1.369507703;1.418148705;1.470648181;1.527020946;1.587266628;1.651367691;1.719287587;1.790969043;1.866332576;1.945275268;2.027669891;2.113364438;2.202182173;2.293922276;2.388361209;2.485254914;2.584341990;2.685347991;2.787991030;2.891988847;2.997067582;3.102972445;3.209480550;3.316416182;3.423668784;3.531213990;3.639138057;;;;;;;;;;;;;;;;;;;;;;;;;;;;;
-2.800;;;;;;;;;;;;;;;;;;;;;;;;;;;;;;;;;;;;3.004130296;2.943300631;2.879490709;2.812906136;2.743847396;2.672683054;2.599827123;2.525720150;2.450813592;2.375557135;2.300388569;2.225725934;2.151961626;2.079458198;2.008545622;1.939519791;1.872642051;1.808139607;1.746206622;1.687005878;1.630670877;1.577308255;1.527000426;1.479808361;1.435774437;1.394925283;1.357274573;1.322825720;1.291574439;1.263511140;1.238623124;1.216896580;1.198318345;1.182877440;1.170566357;1.161382107;1.155327021;1.152409310;1.152643386;1.156049954;1.162655874;1.172493811;1.185601677;1.202021881;1.221800385;1.244985605;1.271627142;1.301774380;1.335474952;1.372773109;1.413707988;1.458311833;1.506608161;1.558609921;1.614317674;1.673717821;1.736780926;1.803460177;1.873690027;1.947385089;2.024439323;2.104725615;2.188095808;2.274381280;2.363394181;2.454929421;2.548767557;2.644678708;2.742427643;2.841780241;2.942511478;3.044415177;3.147315734;3.251082072;3.355644100;3.461011974;3.567298477;;;;;;;;;;;;;;;;;;;;;;;;;;;;;;
-2.900;;;;;;;;;;;;;;;;;;;;;;;;;;;;;;;;;;;;;3.010012190;2.948624269;2.884587176;2.818104907;2.749468461;2.679030926;2.607186467;2.534352812;2.460956820;2.387422794;2.314163193;2.241571450;2.170016618;2.099839593;2.031350681;1.964828310;1.900518701;1.838636323;1.779364987;1.722859453;1.669247420;1.618631800;1.571093190;1.526692454;1.485473355;1.447465168;1.412685236;1.381141423;1.352834420;1.327759896;1.305910454;1.287277385;1.271852200;1.259627947;1.250600288;1.244768345;1.242135324;1.242708904;1.246501400;1.253529722;1.263815118;1.277382719;1.294260909;1.314480505;1.338073792;1.365073402;1.395511068;1.429416268;1.466814777;1.507727141;1.552167117;1.600140080;1.651641451;1.706655156;1.765152168;1.827089178;1.892407415;1.961031703;2.032869787;2.107812005;2.185731381;2.266484220;2.349911296;2.435839746;2.524085770;2.614458283;2.706763650;2.800811666;2.896422957;2.993437988;3.091727894;3.191207365;3.291849834;3.393705246;3.496920712;;;;;;;;;;;;;;;;;;;;;;;;;;;;;;;
-3.000;;;;;;;;;;;;;;;;;;;;;;;;;;;;;;;;;;;;;3.077085248;3.018020931;2.956517250;2.892663936;2.826658928;2.758780990;2.689366441;2.618789559;2.547446266;2.475740707;2.404074398;2.332837622;2.262402788;2.193119493;2.125311054;2.059272284;1.995268332;1.933534399;1.874276185;1.817670917;1.763868840;1.712995055;1.665151614;1.620419787;1.578862415;1.540526303;1.505444590;1.473639049;1.445122284;1.419899789;1.397971848;1.379335252;1.363984819;1.351914714;1.343119550;1.337595275;1.335339848;1.336353695;1.340639957;1.348204537;1.359055953;1.373205001;1.390664250;1.411447374;1.435568334;1.463040436;1.493875267;1.528081543;1.565663878;1.606621505;1.650946964;1.698624808;1.749630323;1.803928330;1.861472094;1.922202375;1.986046693;2.052918839;2.122718706;2.195332508;2.270633460;2.348483009;2.428732711;2.511226857;2.595805975;2.682311333;2.770590589;2.860504753;2.951936636;3.044800979;3.139056475;3.234719932;3.331882806;3.430730410;;;;;;;;;;;;;;;;;;;;;;;;;;;;;;;;
-3.100;;;;;;;;;;;;;;;;;;;;;;;;;;;;;;;;;;;;;;3.087677371;3.028665352;2.967474318;2.904192140;2.839008515;2.772189241;2.704054376;2.634959860;2.565282206;2.495405935;2.425713402;2.356576736;2.288351617;2.221372642;2.155950066;2.092367694;2.030881767;1.971720663;1.915085261;1.861149855;1.810063478;1.761951556;1.716917788;1.675046170;1.636403113;1.601039573;1.568993166;1.540290205;1.514947643;1.492974883;1.474375430;1.459148384;1.447289742;1.438793509;1.433652621;1.431859662;1.433407390;1.438289066;1.446498602;1.458030525;1.472879773;1.491041334;1.512509739;1.537278426;1.565338991;1.596680340;1.631287770;1.669141992;1.710218131;1.754484719;1.801902719;1.852424606;1.905993558;1.962542771;2.021994975;2.084262175;2.149245700;2.216836602;2.286916485;2.359358858;2.434031073;2.510796971;2.589520336;2.670069280;2.752321692;2.836171901;2.921538727;3.008375079;3.096679317;3.186508588;3.277994374;3.371360512;3.466943961;;;;;;;;;;;;;;;;;;;;;;;;;;;;;;;;
-3.200;;;;;;;;;;;;;;;;;;;;;;;;;;;;;;;;;;;;;;;3.101034754;3.042521097;2.982042094;2.919682206;2.855622782;2.790117771;2.723473109;2.656029361;2.588147266;2.520195856;2.452542828;2.385546898;2.319551881;2.254882261;2.191840043;2.130702685;2.071721959;2.015123564;1.961107365;1.909848135;1.861496683;1.816181283;1.774009310;1.735069013;1.699431370;1.667151954;1.638272778;1.612824081;1.590826015;1.572290209;1.557221200;1.545617708;1.537473742;1.532779538;1.531522318;1.533686883;1.539256022;1.548210763;1.560530460;1.576192733;1.595173264;1.617445474;1.642980091;1.671744615;1.703702722;1.738813606;1.777031298;1.818303983;1.862573330;1.909773902;1.959832633;2.012668460;2.068192115;2.126306149;2.186905234;2.249876796;2.315102064;2.382457596;2.451817357;2.523055473;2.596049719;2.670685897;2.746863194;2.824500682;2.903545104;2.983980105;3.065837105;3.149208013;3.234259992;3.321252528;;;;;;;;;;;;;;;;;;;;;;;;;;;;;;;;;;
-3.300;;;;;;;;;;;;;;;;;;;;;;;;;;;;;;;;;;;;;;;;;3.060214919;3.000805002;2.939671292;2.876988577;2.813001743;2.748006195;2.682331344;2.616326853;2.550351288;2.484762913;2.419912338;2.356136800;2.293755838;2.233068177;2.174349628;2.117851855;2.063801852;2.012402004;1.963830618;1.918242827;1.875771764;1.836529936;1.800610734;1.768090013;1.739027693;1.713469344;1.691447714;1.672984181;1.658090091;1.646767980;1.639012663;1.634812173;1.634148556;1.636998519;1.643333925;1.653122151;1.666326302;1.682905308;1.702813898;1.726002472;1.752416898;1.781998225;1.814682362;1.850399720;1.889074862;1.930626177;1.974965604;2.021998458;2.071623376;2.123732433;2.178211476;2.234940722;2.293795678;2.354648452;2.417369509;2.481829972;2.547904528;2.615475066;2.684435112;2.754695219;2.826189406;2.898882815;2.972780716;3.047939052;3.124476698;3.202589647;3.282567341;;;;;;;;;;;;;;;;;;;;;;;;;;;;;;;;;;;
-3.400;;;;;;;;;;;;;;;;;;;;;;;;;;;;;;;;;;;;;;;;;;3.082407744;3.024370002;2.964709597;2.903598254;2.841276070;2.778032780;2.714191951;2.650097756;2.586104048;2.522565442;2.459830161;2.398234416;2.338098107;2.279721663;2.223383843;2.169340359;2.117823163;2.069040297;2.023176184;1.980392271;1.940827942;1.904601615;1.871811980;1.842539307;1.816846787;1.794781865;1.776377532;1.761653554;1.750617614;1.743266358;1.739586329;1.739554780;1.743140377;1.750303776;1.760998087;1.775169233;1.792756204;1.813691231;1.837899873;1.865301063;1.895807100;1.929323632;1.965749639;2.004977448;2.046892811;2.091375070;2.138297453;2.187527535;2.238927912;2.292357130;2.347670929;2.404723856;2.463371317;2.523472137;2.584891707;2.647505817;2.711205261;2.775901325;2.841532285;2.908071042;2.975534031;3.043991582;3.113579886;3.184514774;3.257107500;;;;;;;;;;;;;;;;;;;;;;;;;;;;;;;;;;;;
-3.500;;;;;;;;;;;;;;;;;;;;;;;;;;;;;;;;;;;;;;;;;;;3.109776418;3.053350027;2.995345396;2.935936196;2.875363302;2.813916746;2.751920452;2.689719424;2.627669103;2.566126642;2.505443844;2.445961561;2.388005344;2.331882176;2.277878120;2.226256743;2.177258187;2.131098768;2.087971006;2.048043996;2.011464039;1.978355472;1.948821625;1.922945877;1.900792738;1.882408960;1.867824612;1.857054120;1.850097250;1.846940010;1.847555482;1.851904566;1.859936633;1.871590108;1.886792967;1.905463174;1.927509052;1.952829625;1.981314923;2.012846289;2.047296696;2.084531107;2.124406902;2.166774397;2.211477509;2.258354569;2.307239362;2.357962419;2.410352606;2.464239089;2.519453710;2.575833870;2.633225963;2.691489477;2.750501827;2.810164039;2.870407388;2.931201117;2.992561369;3.054561485;3.117343823;3.181133288;3.246252749;;;;;;;;;;;;;;;;;;;;;;;;;;;;;;;;;;;;;
-3.600;;;;;;;;;;;;;;;;;;;;;;;;;;;;;;;;;;;;;;;;;;;;;3.088346082;3.032108739;2.974463995;2.915660177;2.855994487;2.795798133;2.735423813;2.675235246;2.615598538;2.556875132;2.499416145;2.443557904;2.389618517;2.337895322;2.288663077;2.242172781;2.198651003;2.158299636;2.121295987;2.087793135;2.057920481;2.031784456;2.009469326;1.991038053;1.976533205;1.965977850;1.959376453;1.956715736;1.957965502;1.963079419;1.971995746;1.984638029;2.000915751;2.020724951;2.043948825;2.070458322;2.100112751;2.132760423;2.168239337;2.206377957;2.246996092;2.289905913;2.334913149;2.381818499;2.430419297;2.480511484;2.531891943;2.584361245;2.637726879;2.691807037;2.746435025;2.801464400;2.856774908;2.912279349;2.967931473;3.023735032;3.079754132;3.136125035;3.193069576;3.250910382;;;;;;;;;;;;;;;;;;;;;;;;;;;;;;;;;;;;;;
-3.700;;;;;;;;;;;;;;;;;;;;;;;;;;;;;;;;;;;;;;;;;;;;;;3.129927955;3.075493783;3.019604270;2.962522784;2.904561282;2.846065729;2.787403746;2.728954230;2.671098723;2.614214291;2.558667741;2.504810987;2.452977415;2.403479090;2.356604692;2.312618062;2.271757252;2.234233997;2.200233527;2.169914655;2.143410078;2.120826839;2.102246923;2.087727931;2.077303817;2.070985662;2.068762475;2.070601991;2.076451480;2.086238548;2.099871945;2.117242365;2.138223269;2.162671721;2.190429268;2.221322866;2.255165886;2.291759215;2.330892481;2.372345430;2.415889494;2.461289578;2.508306114;2.556697427;2.606222459;2.656643910;2.707731857;2.759267909;2.811049997;2.862897842;2.914659229;2.966217161;3.017498006;3.068480766;3.119207584;3.169795637;3.220450576;;;;;;;;;;;;;;;;;;;;;;;;;;;;;;;;;;;;;;;;
-3.800;;;;;;;;;;;;;;;;;;;;;;;;;;;;;;;;;;;;;;;;;;;;;;;;3.125939728;3.071723083;3.016250309;2.959856237;2.902909404;2.845799776;2.788928369;2.732698533;2.677508710;2.623746472;2.571783670;2.521972558;2.474642735;2.430098809;2.388618654;2.350452185;2.315820550;2.284915678;2.257900119;2.234907115;2.216040860;2.201376920;2.190962762;2.184818384;2.182937022;2.185285913;2.191807115;2.202418375;2.217014043;2.235466038;2.257624870;2.283320739;2.312364708;2.344549983;2.379653312;2.417436532;2.457648284;2.500025942;2.544297770;2.590185365;2.637406416;2.685677832;2.734719291;2.784257267;2.834029599;2.883790668;2.933317267;2.982415244;3.030927004;3.078739987;3.125796217;3.172103060;3.217745309;3.262898754;;;;;;;;;;;;;;;;;;;;;;;;;;;;;;;;;;;;;;;;;
-3.900;;;;;;;;;;;;;;;;;;;;;;;;;;;;;;;;;;;;;;;;;;;;;;;;;;3.131110992;3.077067417;3.022045822;2.966445300;2.910685597;2.855196643;2.800409707;2.746749969;2.694630335;2.644446342;2.596572012;2.551356517;2.509121560;2.470159351;2.434731109;2.403065994;2.375360418;2.351777662;2.332447760;2.317467605;2.306901239;2.300780301;2.299104618;2.301842909;2.308933604;2.320285766;2.335780113;2.355270149;2.378583404;2.405522796;2.435868128;2.469377744;2.505790350;2.544827049;2.586193588;2.629582881;2.674677814;2.721154400;2.768685307;2.816943818;2.865608280;2.914367097;2.962924335;3.011006008;3.058367137;3.104799650;3.150141242;3.194285273;3.237191851;3.278900194;;;;;;;;;;;;;;;;;;;;;;;;;;;;;;;;;;;;;;;;;;;
-4.000;;;;;;;;;;;;;;;;;;;;;;;;;;;;;;;;;;;;;;;;;;;;;;;;;;;;3.145105314;3.091206099;3.036702771;2.982052111;2.927719463;2.874169691;2.821859531;2.771231149;2.722706783;2.676684310;2.633533636;2.593593793;2.557170650;2.524535165;2.495922083;2.471529045;2.451516035;2.436005119;2.425080459;2.418788540;2.417138615;2.420103327;2.427619513;2.439589164;2.455880561;2.476329563;2.500741076;2.528890694;2.560526540;2.595371322;2.633124614;2.673465406;2.716054936;2.760539850;2.806555718;2.853730950;2.901691169;2.950064072;2.998484858;3.046602267;3.094085311;3.140630774;3.185971541;3.229885886;3.272207778;3.312838342;;;;;;;;;;;;;;;;;;;;;;;;;;;;;;;;;;;;;;;;;;;;;
-4.100;;;;;;;;;;;;;;;;;;;;;;;;;;;;;;;;;;;;;;;;;;;;;;;;;;;;;;3.167303811;3.113606462;3.059790366;3.006362304;2.953825828;2.902673358;2.853379472;2.806395265;2.762143637;2.721015412;2.683366171;2.649513725;2.619736145;2.594270276;2.573310691;2.557009019;2.545473622;2.538769571;2.536918909;2.539901166;2.547654128;2.560074830;2.577020784;2.598311444;2.623729898;2.653024808;2.685912615;2.722080016;2.761186741;2.802868659;2.846741234;2.892403378;2.939441728;2.987435396;3.035961246;3.084599735;3.132941399;3.180594030;3.227190623;3.272398180;3.315927436;3.357543622;;;;;;;;;;;;;;;;;;;;;;;;;;;;;;;;;;;;;;;;;;;;;;;
-4.200;;;;;;;;;;;;;;;;;;;;;;;;;;;;;;;;;;;;;;;;;;;;;;;;;;;;;;;;;3.143673666;3.090878561;3.039118826;2.988925875;2.940808947;2.895249188;2.852694679;2.813556291;2.778204301;2.746965655;2.720121831;2.697907224;2.680508006;2.668061417;2.660655450;2.658328890;2.661071702;2.668825733;2.681485733;2.698900667;2.720875350;2.747172373;2.777514358;2.811586538;2.849039690;2.889493437;2.932539945;2.977748058;3.024667888;3.072835916;3.121780639;3.171028819;3.220112391;3.268576082;3.315985815;3.361937981;;;;;;;;;;;;;;;;;;;;;;;;;;;;;;;;;;;;;;;;;;;;;;;;;;
-4.300;;;;;;;;;;;;;;;;;;;;;;;;;;;;;;;;;;;;;;;;;;;;;;;;;;;;;;;;;;;;;3.080233836;3.033140701;2.988897951;2.947977909;2.910809524;2.877774799;2.849205907;2.825382948;2.806532276;2.792825350;2.784378075;2.781250590;2.783447486;2.790918430;2.803559179;2.821212989;2.843672401;2.870681416;2.901938071;2.937097417;2.975774934;3.017550387;3.061972165;3.108562125;3.156820986;3.206234307;3.256279101;3.306431132;3.356172959;;;;;;;;;;;;;;;;;;;;;;;;;;;;;;;;;;;;;;;;;;;;;;;;;;;;;
-4.400;;;;;;;;;;;;;;;;;;;;;;;;;;;;;;;;;;;;;;;;;;;;;;;;;;;;;;;;;;;;;;;;;3.047516272;3.012314566;2.981633452;2.955805333;2.935103106;2.919738516;2.909861102;2.905557693;2.906852419;2.913707229;2.926022893;2.943640473;2.966343279;2.993859283;3.025864034;3.061984054;3.101800754;3.144854884;3.190651550;3.238665817;;;;;;;;;;;;;;;;;;;;;;;;;;;;;;;;;;;;;;;;;;;;;;;;;;;;;;;;;;
-4.500;;;;;;;;;;;;;;;;;;;;;;;;;;;;;;;;;;;;;;;;;;;;;;;;;;;;;;;;;;;;;;;;;;;;;;;;;;;;;;;;;;;;;;;;;;;;;;;;;;;;;;;;;;;;;;;;;;;;;;;;;;;;;;;;;;;;;;;;;;;;;;
-4.600;;;;;;;;;;;;;;;;;;;;;;;;;;;;;;;;;;;;;;;;;;;;;;;;;;;;;;;;;;;;;;;;;;;;;;;;;;;;;;;;;;;;;;;;;;;;;;;;;;;;;;;;;;;;;;;;;;;;;;;;;;;;;;;;;;;;;;;;;;;;;;
-4.700;;;;;;;;;;;;;;;;;;;;;;;;;;;;;;;;;;;;;;;;;;;;;;;;;;;;;;;;;;;;;;;;;;;;;;;;;;;;;;;;;;;;;;;;;;;;;;;;;;;;;;;;;;;;;;;;;;;;;;;;;;;;;;;;;;;;;;;;;;;;;;
-4.800;;;;;;;;;;;;;;;;;;;;;;;;;;;;;;;;;;;;;;;;;;;;;;;;;;;;;;;;;;;;;;;;;;;;;;;;;;;;;;;;;;;;;;;;;;;;;;;;;;;;;;;;;;;;;;;;;;;;;;;;;;;;;;;;;;;;;;;;;;;;;;
-4.900;;;;;;;;;;;;;;;;;;;;;;;;;;;;;;;;;;;;;;;;;;;;;;;;;;;;;;;;;;;;;;;;;;;;;;;;;;;;;;;;;;;;;;;;;;;;;;;;;;;;;;;;;;;;;;;;;;;;;;;;;;;;;;;;;;;;;;;;;;;;;;
-5.000;;;;;;;;;;;;;;;;;;;;;;;;;;;;;;;;;;;;;;;;;;;;;;;;;;;;;;;;;;;;;;;;;;;;;;;;;;;;;;;;;;;;;;;;;;;;;;;;;;;;;;;;;;;;;;;;;;;;;;;;;;;;;;;;;;;;;;;;;;;;;;
-5.100;;;;;;;;;;;;;;;;;;;;;;;;;;;;;;;;;;;;;;;;;;;;;;;;;;;;;;;;;;;;;;;;;;;;;;;;;;;;;;;;;;;;;;;;;;;;;;;;;;;;;;;;;;;;;;;;;;;;;;;;;;;;;;;;;;;;;;;;;;;;;;
-5.200;;;;;;;;;;;;;;;;;;;;;;;;;;;;;;;;;;;;;;;;;;;;;;;;;;;;;;;;;;;;;;;;;;;;;;;;;;;;;;;;;;;;;;;;;;;;;;;;;;;;;;;;;;;;;;;;;;;;;;;;;;;;;;;;;;;;;;;;;;;;;;
-5.300;;;;;;;;;;;;;;;;;;;;;;;;;;;;;;;;;;;;;;;;;;;;;;;;;;;;;;;;;;;;;;;;;;;;;;;;;;;;;;;;;;;;;;;;;;;;;;;;;;;;;;;;;;;;;;;;;;;;;;;;;;;;;;;;;;;;;;;;;;;;;;
-5.400;;;;;;;;;;;;;;;;;;;;;;;;;;;;;;;;;;;;;;;;;;;;;;;;;;;;;;;;;;;;;;;;;;;;;;;;;;;;;;;;;;;;;;;;;;;;;;;;;;;;;;;;;;;;;;;;;;;;;;;;;;;;;;;;;;;;;;;;;;;;;;
-5.500;;;;;;;;;;;;;;;;;;;;;;;;;;;;;;;;;;;;;;;;;;;;;;;;;;;;;;;;;;;;;;;;;;;;;;;;;;;;;;;;;;;;;;;;;;;;;;;;;;;;;;;;;;;;;;;;;;;;;;;;;;;;;;;;;;;;;;;;;;;;;;
-5.600;;;;;;;;;;;;;;;;;;;;;;;;;;;;;;;;;;;;;;;;;;;;;;;;;;;;;;;;;;;;;;;;;;;;;;;;;;;;;;;;;;;;;;;;;;;;;;;;;;;;;;;;;;;;;;;;;;;;;;;;;;;;;;;;;;;;;;;;;;;;;;
-5.700;;;;;;;;;;;;;;;;;;;;;;;;;;;;;;;;;;;;;;;;;;;;;;;;;;;;;;;;;;;;;;;;;;;;;;;;;;;;;;;;;;;;;;;;;;;;;;;;;;;;;;;;;;;;;;;;;;;;;;;;;;;;;;;;;;;;;;;;;;;;;;
-5.800;;;;;;;;;;;;;;;;;;;;;;;;;;;;;;;;;;;;;;;;;;;;;;;;;;;;;;;;;;;;;;;;;;;;;;;;;;;;;;;;;;;;;;;;;;;;;;;;;;;;;;;;;;;;;;;;;;;;;;;;;;;;;;;;;;;;;;;;;;;;;;
-5.900;;;;;;;;;;;;;;;;;;;;;;;;;;;;;;;;;;;;;;;;;;;;;;;;;;;;;;;;;;;;;;;;;;;;;;;;;;;;;;;;;;;;;;;;;;;;;;;;;;;;;;;;;;;;;;;;;;;;;;;;;;;;;;;;;;;;;;;;;;;;;;
-6.000;;;;;;;;;;;;;;;;;;;;;;;;;;;;;;;;;;;;;;;;;;;;;;;;;;;;;;;;;;;;;;;;;;;;;;;;;;;;;;;;;;;;;;;;;;;;;;;;;;;;;;;;;;;;;;;;;;;;;;;;;;;;;;;;;;;;;;;;;;;;;;
-6.100;;;;;;;;;;;;;;;;;;;;;;;;;;;;;;;;;;;;;;;;;;;;;;;;;;;;;;;;;;;;;;;;;;;;;;;;;;;;;;;;;;;;;;;;;;;;;;;;;;;;;;;;;;;;;;;;;;;;;;;;;;;;;;;;;;;;;;;;;;;;;;
-6.200;;;;;;;;;;;;;;;;;;;;;;;;;;;;;;;;;;;;;;;;;;;;;;;;;;;;;;;;;;;;;;;;;;;;;;;;;;;;;;;;;;;;;;;;;;;;;;;;;;;;;;;;;;;;;;;;;;;;;;;;;;;;;;;;;;;;;;;;;;;;;;
-6.300;;;;;;;;;;;;;;;;;;;;;;;;;;;;;;;;;;;;;;;;;;;;;;;;;;;;;;;;;;;;;;;;;;;;;;;;;;;;;;;;;;;;;;;;;;;;;;;;;;;;;;;;;;;;;;;;;;;;;;;;;;;;;;;;;;;;;;;;;;;;;;
-6.400;;;;;;;;;;;;;;;;;;;;;;;;;;;;;;;;;;;;;;;;;;;;;;;;;;;;;;;;;;;;;;;;;;;;;;;;;;;;;;;;;;;;;;;;;;;;;;;;;;;;;;;;;;;;;;;;;;;;;;;;;;;;;;;;;;;;;;;;;;;;;;
-6.500;;;;;;;;;;;;;;;;;;;;;;;;;;;;;;;;;;;;;;;;;;;;;;;;;;;;;;;;;;;;;;;;;;;;;;;;;;;;;;;;;;;;;;;;;;;;;;;;;;;;;;;;;;;;;;;;;;;;;;;;;;;;;;;;;;;;;;;;;;;;;;
-6.600;;;;;;;;;;;;;;;;;;;;;;;;;;;;;;;;;;;;;;;;;;;;;;;;;;;;;;;;;;;;;;;;;;;;;;;;;;;;;;;;;;;;;;;;;;;;;;;;;;;;;;;;;;;;;;;;;;;;;;;;;;;;;;;;;;;;;;;;;;;;;;
-6.700;;;;;;;;;;;;;;;;;;;;;;;;;;;;;;;;;;;;;;;;;;;;;;;;;;;;;;;;;;;;;;;;;;;;;;;;;;;;;;;;;;;;;;;;;;;;;;;;;;;;;;;;;;;;;;;;;;;;;;;;;;;;;;;;;;;;;;;;;;;;;;
-6.800;;;;;;;;;;;;;;;;;;;;;;;;;;;;;;;;;;;;;;;;;;;;;;;;;;;;;;;;;;;;;;;;;;;;;;;;;;;;;;;;;;;;;;;;;;;;;;;;;;;;;;;;;;;;;;;;;;;;;;;;;;;;;;;;;;;;;;;;;;;;;;
-6.900;;;;;;;;;;;;;;;;;;;;;;;;;;;;;;;;;;;;;;;;;;;;;;;;;;;;;;;;;;;;;;;;;;;;;;;;;;;;;;;;;;;;;;;;;;;;;;;;;;;;;;;;;;;;;;;;;;;;;;;;;;;;;;;;;;;;;;;;;;;;;;
-7.000;;;;;;;;;;;;;;;;;;;;;;;;;;;;;;;;;;;;;;;;;;;;;;;;;;;;;;;;;;;;;;;;;;;;;;;;;;;;;;;;;;;;;;;;;;;;;;;;;;;;;;;;;;;;;;;;;;;;;;;;;;;;;;;;;;;;;;;;;;;;;;
[SYSTEM];;
Name;Pentacam;
Version;1.25r15;
SerialNo;5911  4030;
Registered User;...;
File Date;19-06-2024;
Matrixsize X;141;
Matrixsize Y;141;
Matrix-Res. X/Y;100;

[PATIENT];;
LastName;6 Demo Cornea;
FirstName;Keratoglobus;
Eye;OS;
DateOfBirth;20-11-1978;
Sex;...;
PatientID;;

[EXAMINATION];;
Date;06-03-2006;
Time;12:44:48;
Surgeon;...;
OP;...;
TestNo;...;
Comments;...;
Max. Diameter;11.61;

[GENERAL DATA];;
Cornea Front Rh;6.25;
Cornea Front Rv;5.75;
Cornea Front Axis;162.0;
Cornea Front Astig;4.7;
Cornea Front Exz;-0.60;Q-val. (8mm);
Pachy Apex;202;
Pachy Min;137;
Pachy Min X;0.00;
Pachy Min Y;-0.97;
Chamber Height;4.32;
Chamber Angle;38.71;
KKS;# 2-3;
QS Status;Blinking Error / Nose Shadow!;
QS Error;2;
K Max (Front);70.22;
K Max X (Front);0.26;
K Max Y (Front);0.71;

[PUPIL];
Pupil Dia;3.84;
XPupil;319;
YPupil;281;

X;Y;
2148;0;
2153;53;
2157;106;
2159;159;
2161;213;
2160;266;
2158;320;
2155;374;
2150;428;
2144;482;
2137;535;
2128;589;
2118;643;
2107;696;
2094;749;
2080;802;
2064;855;
2047;907;
2029;960;
2009;1011;
1988;1063;
1966;1114;
1943;1164;
1918;1214;
1891;1264;
1864;1313;
1835;1361;
1805;1409;
1773;1455;
1740;1501;
1706;1546;
1671;1591;
1634;1634;
1596;1677;
1557;1718;
1517;1758;
1475;1797;
1433;1836;
1389;1872;
1343;1908;
1297;1942;
1250;1975;
1203;2006;
1154;2037;
1103;2064;
1052;2091;
1001;2116;
949;2140;
896;2163;
842;2183;
787;2201;
732;2217;
677;2233;
622;2247;
566;2258;
509;2266;
452;2274;
396;2280;
339;2284;
282;2287;
225;2286;
168;2284;
112;2280;
56;2276;
0;2269;
-55;2259;
-110;2248;
-165;2235;
-219;2221;
-272;2206;
-325;2188;
-376;2168;
-427;2147;
-477;2124;
-526;2101;
-574;2075;
-621;2048;
-667;2020;
-712;1990;
-756;1960;
-799;1928;
-840;1895;
-880;1860;
-919;1825;
-956;1789;
-993;1753;
-1028;1715;
-1061;1676;
-1094;1637;
-1125;1597;
-1155;1557;
-1183;1516;
-1210;1475;
-1236;1433;
-1260;1391;
-1284;1348;
-1305;1305;
-1326;1263;
-1346;1220;
-1364;1177;
-1381;1134;
-1397;1090;
-1412;1047;
-1426;1004;
-1439;961;
-1450;919;
-1461;876;
-1470;833;
-1480;791;
-1488;749;
-1494;707;
-1500;665;
-1505;623;
-1510;582;
-1514;542;
-1517;501;
-1519;461;
-1519;420;
-1520;381;
-1521;342;
-1520;302;
-1519;264;
-1517;225;
-1514;187;
-1511;149;
-1508;111;
-1503;74;
-1498;37;
-1491;0;
-1486;-36;
-1480;-73;
-1472;-109;
-1464;-144;
-1455;-179;
-1447;-215;
-1438;-249;
-1428;-284;
-1417;-318;
-1406;-352;
-1394;-386;
-1383;-420;
-1371;-453;
-1359;-486;
-1345;-519;
-1331;-551;
-1317;-584;
-1303;-616;
-1288;-648;
-1272;-680;
-1255;-711;
-1239;-743;
-1222;-774;
-1205;-805;
-1187;-836;
-1168;-866;
-1148;-896;
-1129;-926;
-1109;-956;
-1088;-986;
-1066;-1015;
-1044;-1044;
-1021;-1073;
-998;-1101;
-974;-1130;
-950;-1157;
-924;-1184;
-899;-1212;
-872;-1238;
-845;-1265;
-817;-1291;
-789;-1316;
-759;-1340;
-730;-1365;
-699;-1389;
-668;-1412;
-636;-1435;
-603;-1457;
-570;-1478;
-536;-1499;
-502;-1519;
-467;-1538;
-431;-1557;
-394;-1575;
-357;-1592;
-320;-1608;
-282;-1623;
-243;-1637;
-204;-1651;
-164;-1663;
-124;-1675;
-83;-1685;
-42;-1695;
0;-1703;
42;-1711;
84;-1717;
127;-1722;
170;-1726;
213;-1729;
257;-1731;
300;-1732;
344;-1731;
388;-1730;
433;-1727;
477;-1723;
521;-1718;
565;-1711;
610;-1704;
654;-1695;
698;-1685;
742;-1674;
786;-1661;
829;-1647;
873;-1633;
916;-1617;
959;-1600;
1001;-1581;
1043;-1562;
1085;-1541;
1127;-1519;
1168;-1496;
1208;-1472;
1248;-1447;
1288;-1421;
1327;-1394;
1365;-1365;
1403;-1336;
1440;-1306;
1477;-1274;
1513;-1242;
1548;-1208;
1583;-1174;
1616;-1138;
1649;-1102;
1682;-1065;
1713;-1027;
1743;-988;
1773;-948;
1802;-907;
1830;-866;
1857;-823;
1883;-780;
1908;-736;
1932;-691;
1955;-646;
1977;-600;
1998;-553;
2018;-505;
2037;-457;
2054;-409;
2070;-359;
2086;-309;
2099;-259;
2112;-208;
2123;-157;
2132;-105;
2141;-53;
[CORNEA EDGE];;
Cornea Center Pos X (related to apex, [mm]);;
Cornea Center Pos Y (related to apex, [mm]);;
Iris Image existing in Examination;0;
Iris Image Apex Pixel Position X;;
Iris Image Apex Pixel Position Y;;
Iris Image mm per Pixel;;
Left Cornea-Edge X (related to Apex, [µm]);Left Cornea-Edge Y (related to Apex, [µm]);
;;
;;
;;
;;
;;
;;
;;
;;
;;
;;
;;
;;
;;
;;
;;
;;
;;
;;
;;
;;
;;
;;
;;
;;
;;
;;
;;
;;
;;
;;
;;
;;
;;
;;
;;
;;
;;
;;
;;
;;
Right Cornea-Edge X (related to Apex, [µm]);Right Cornea-Edge Y (related to Apex, [µm]);
;;
;;
;;
;;
;;
;;
;;
;;
;;
;;
;;
;;
;;
;;
;;
;;
;;
;;
;;
;;
;;
;;
;;
;;
;;
;;
;;
;;
;;
;;
;;
;;
;;
;;
;;
;;
;;
;;
;;
;;
[GENERAL DATA 2];;
Chamber Angle @ 180°;46.0;
Chamber Angle @ 0°;38.7;
Chamber Volume [mm³];265;
AXL Axial Length [mm];;
AXL SNR;;
HWTW;;
