FRONT;-7.000;-6.900;-6.800;-6.700;-6.600;-6.500;-6.400;-6.300;-6.200;-6.100;-6.000;-5.900;-5.800;-5.700;-5.600;-5.500;-5.400;-5.300;-5.200;-5.100;-5.000;-4.900;-4.800;-4.700;-4.600;-4.500;-4.400;-4.300;-4.200;-4.100;-4.000;-3.900;-3.800;-3.700;-3.600;-3.500;-3.400;-3.300;-3.200;-3.100;-3.000;-2.900;-2.800;-2.700;-2.600;-2.500;-2.400;-2.300;-2.200;-2.100;-2.000;-1.900;-1.800;-1.700;-1.600;-1.500;-1.400;-1.300;-1.200;-1.100;-1.000;-0.900;-0.800;-0.700;-0.600;-0.500;-0.400;-0.300;-0.200;-0.100;0.000;0.100;0.200;0.300;0.400;0.500;0.600;0.700;0.800;0.900;1.000;1.100;1.200;1.300;1.400;1.500;1.600;1.700;1.800;1.900;2.000;2.100;2.200;2.300;2.400;2.500;2.600;2.700;2.800;2.900;3.000;3.100;3.200;3.300;3.400;3.500;3.600;3.700;3.800;3.900;4.000;4.100;4.200;4.300;4.400;4.500;4.600;4.700;4.800;4.900;5.000;5.100;5.200;5.300;5.400;5.500;5.600;5.700;5.800;5.900;6.000;6.100;6.200;6.300;6.400;6.500;6.600;6.700;6.800;6.900;7.000;
7.000;;;;;;;;;;;;;;;;;;;;;;;;;;;;;;;;;;;;;;;;;;;;;;;;;;;;;;;;;;;;;;;;;;;;;;;;;;;;;;;;;;;;;;;;;;;;;;;;;;;;;;;;;;;;;;;;;;;;;;;;;;;;;;;;;;;;;;;;;;;;;;
6.900;;;;;;;;;;;;;;;;;;;;;;;;;;;;;;;;;;;;;;;;;;;;;;;;;;;;;;;;;;;;;;;;;;;;;;;;;;;;;;;;;;;;;;;;;;;;;;;;;;;;;;;;;;;;;;;;;;;;;;;;;;;;;;;;;;;;;;;;;;;;;;
6.800;;;;;;;;;;;;;;;;;;;;;;;;;;;;;;;;;;;;;;;;;;;;;;;;;;;;;;;;;;;;;;;;;;;;;;;;;;;;;;;;;;;;;;;;;;;;;;;;;;;;;;;;;;;;;;;;;;;;;;;;;;;;;;;;;;;;;;;;;;;;;;
6.700;;;;;;;;;;;;;;;;;;;;;;;;;;;;;;;;;;;;;;;;;;;;;;;;;;;;;;;;;;;;;;;;;;;;;;;;;;;;;;;;;;;;;;;;;;;;;;;;;;;;;;;;;;;;;;;;;;;;;;;;;;;;;;;;;;;;;;;;;;;;;;
6.600;;;;;;;;;;;;;;;;;;;;;;;;;;;;;;;;;;;;;;;;;;;;;;;;;;;;;;;;;;;;;;;;;;;;;;;;;;;;;;;;;;;;;;;;;;;;;;;;;;;;;;;;;;;;;;;;;;;;;;;;;;;;;;;;;;;;;;;;;;;;;;
6.500;;;;;;;;;;;;;;;;;;;;;;;;;;;;;;;;;;;;;;;;;;;;;;;;;;;;;;;;;;;;;;;;;;;;;;;;;;;;;;;;;;;;;;;;;;;;;;;;;;;;;;;;;;;;;;;;;;;;;;;;;;;;;;;;;;;;;;;;;;;;;;
6.400;;;;;;;;;;;;;;;;;;;;;;;;;;;;;;;;;;;;;;;;;;;;;;;;;;;;;;;;;;;;;;;;;;;;;;;;;;;;;;;;;;;;;;;;;;;;;;;;;;;;;;;;;;;;;;;;;;;;;;;;;;;;;;;;;;;;;;;;;;;;;;
6.300;;;;;;;;;;;;;;;;;;;;;;;;;;;;;;;;;;;;;;;;;;;;;;;;;;;;;;;;;;;;;;;;;;;;;;;;;;;;;;;;;;;;;;;;;;;;;;;;;;;;;;;;;;;;;;;;;;;;;;;;;;;;;;;;;;;;;;;;;;;;;;
6.200;;;;;;;;;;;;;;;;;;;;;;;;;;;;;;;;;;;;;;;;;;;;;;;;;;;;;;;;;;;;;;;;;;;;;;;;;;;;;;;;;;;;;;;;;;;;;;;;;;;;;;;;;;;;;;;;;;;;;;;;;;;;;;;;;;;;;;;;;;;;;;
6.100;;;;;;;;;;;;;;;;;;;;;;;;;;;;;;;;;;;;;;;;;;;;;;;;;;;;;;;;;;;;;;;;;;;;;;;;;;;;;;;;;;;;;;;;;;;;;;;;;;;;;;;;;;;;;;;;;;;;;;;;;;;;;;;;;;;;;;;;;;;;;;
6.000;;;;;;;;;;;;;;;;;;;;;;;;;;;;;;;;;;;;;;;;;;;;;;;;;;;;;;;;;;;;;;;;;;;;;;;;;;;;;;;;;;;;;;;;;;;;;;;;;;;;;;;;;;;;;;;;;;;;;;;;;;;;;;;;;;;;;;;;;;;;;;
5.900;;;;;;;;;;;;;;;;;;;;;;;;;;;;;;;;;;;;;;;;;;;;;;;;;;;;;;;;;;;;;;;;;;;;;;;;;;;;;;;;;;;;;;;;;;;;;;;;;;;;;;;;;;;;;;;;;;;;;;;;;;;;;;;;;;;;;;;;;;;;;;
5.800;;;;;;;;;;;;;;;;;;;;;;;;;;;;;;;;;;;;;;;;;;;;;;;;;;;;;;;;;;;;;;;;;;;;;;;;;;;;;;;;;;;;;;;;;;;;;;;;;;;;;;;;;;;;;;;;;;;;;;;;;;;;;;;;;;;;;;;;;;;;;;
5.700;;;;;;;;;;;;;;;;;;;;;;;;;;;;;;;;;;;;;;;;;;;;;;;;;;;;;;;;;;;;;;;;;;;;;;;;;;;;;;;;;;;;;;;;;;;;;;;;;;;;;;;;;;;;;;;;;;;;;;;;;;;;;;;;;;;;;;;;;;;;;;
5.600;;;;;;;;;;;;;;;;;;;;;;;;;;;;;;;;;;;;;;;;;;;;;;;;;;;;;;;;;;;;;;;;;;;;;;;;;;;;;;;;;;;;;;;;;;;;;;;;;;;;;;;;;;;;;;;;;;;;;;;;;;;;;;;;;;;;;;;;;;;;;;
5.500;;;;;;;;;;;;;;;;;;;;;;;;;;;;;;;;;;;;;;;;;;;;;;;;;;;;;;;;;;;;;;;;;;;;;;;;;;;;;;;;;;;;;;;;;;;;;;;;;;;;;;;;;;;;;;;;;;;;;;;;;;;;;;;;;;;;;;;;;;;;;;
5.400;;;;;;;;;;;;;;;;;;;;;;;;;;;;;;;;;;;;;;;;;;;;;;;;;;;;;;;;;;;;;;;;;;;;;;;;;;;;;;;;;;;;;;;;;;;;;;;;;;;;;;;;;;;;;;;;;;;;;;;;;;;;;;;;;;;;;;;;;;;;;;
5.300;;;;;;;;;;;;;;;;;;;;;;;;;;;;;;;;;;;;;;;;;;;;;;;;;;;;;;;;;;;;;;;;;;;;;;;;;;;;;;;;;;;;;;;;;;;;;;;;;;;;;;;;;;;;;;;;;;;;;;;;;;;;;;;;;;;;;;;;;;;;;;
5.200;;;;;;;;;;;;;;;;;;;;;;;;;;;;;;;;;;;;;;;;;;;;;;;;;;;;;;;;;8.57;8.56;8.55;8.54;8.54;8.53;8.53;8.53;8.53;8.54;8.55;8.56;8.57;8.58;8.59;8.61;8.63;8.65;;;;;;;;;;;;;;;;;;;;;;;;;;;;;;;;;;;;;;;;;;;;;;;;;;;;;;;;;;;;;;;;;;;;
5.100;;;;;;;;;;;;;;;;;;;;;;;;;;;;;;;;;;;;;;;;;;;;;;;;;;;;8.61;8.59;8.57;8.55;8.54;8.53;8.52;8.51;8.50;8.50;8.49;8.49;8.50;8.50;8.51;8.51;8.53;8.54;8.55;8.57;8.59;8.61;8.63;8.65;8.68;8.70;8.73;8.75;;;;;;;;;;;;;;;;;;;;;;;;;;;;;;;;;;;;;;;;;;;;;;;;;;;;;;;;;;;;;;;
5.000;;;;;;;;;;;;;;;;;;;;;;;;;;;;;;;;;;;;;;;;;;;;;;;;;8.62;8.60;8.58;8.56;8.54;8.52;8.50;8.49;8.48;8.47;8.46;8.45;8.45;8.44;8.44;8.45;8.45;8.46;8.47;8.48;8.50;8.51;8.53;8.55;8.57;8.60;8.62;8.65;8.68;8.71;8.74;8.77;8.79;8.82;;;;;;;;;;;;;;;;;;;;;;;;;;;;;;;;;;;;;;;;;;;;;;;;;;;;;;;;;;;;
4.900;;;;;;;;;;;;;;;;;;;;;;;;;;;;;;;;;;;;;;;;;;;;;;8.65;8.63;8.60;8.57;8.55;8.53;8.50;8.48;8.46;8.45;8.43;8.42;8.41;8.40;8.39;8.39;8.39;8.39;8.39;8.40;8.40;8.42;8.43;8.44;8.46;8.48;8.50;8.53;8.55;8.58;8.61;8.64;8.67;8.70;8.73;8.76;8.80;8.83;8.86;8.88;;;;;;;;;;;;;;;;;;;;;;;;;;;;;;;;;;;;;;;;;;;;;;;;;;;;;;;;;
4.800;;;;;;;;;;;;;;;;;;;;;;;;;;;;;;;;;;;;;;;;;;;8.69;8.66;8.63;8.60;8.57;8.54;8.52;8.49;8.47;8.44;8.42;8.40;8.39;8.37;8.36;8.35;8.34;8.33;8.33;8.32;8.33;8.33;8.33;8.34;8.35;8.37;8.38;8.40;8.42;8.44;8.47;8.49;8.52;8.55;8.58;8.61;8.65;8.68;8.71;8.75;8.78;8.82;8.85;8.88;8.91;8.93;;;;;;;;;;;;;;;;;;;;;;;;;;;;;;;;;;;;;;;;;;;;;;;;;;;;;;
4.700;;;;;;;;;;;;;;;;;;;;;;;;;;;;;;;;;;;;;;;;;8.71;8.67;8.64;8.61;8.58;8.55;8.51;8.49;8.46;8.43;8.41;8.38;8.36;8.34;8.32;8.31;8.29;8.28;8.27;8.27;8.26;8.26;8.26;8.26;8.27;8.28;8.29;8.30;8.31;8.33;8.35;8.37;8.40;8.42;8.45;8.48;8.51;8.55;8.58;8.62;8.65;8.69;8.72;8.76;8.79;8.83;8.86;8.89;8.92;8.94;;;;;;;;;;;;;;;;;;;;;;;;;;;;;;;;;;;;;;;;;;;;;;;;;;;;
4.600;;;;;;;;;;;;;;;;;;;;;;;;;;;;;;;;;;;;;;;8.72;8.69;8.65;8.62;8.58;8.55;8.52;8.49;8.45;8.42;8.39;8.37;8.34;8.32;8.30;8.28;8.26;8.24;8.23;8.21;8.20;8.20;8.19;8.19;8.19;8.19;8.20;8.21;8.22;8.23;8.24;8.26;8.28;8.30;8.33;8.35;8.38;8.41;8.44;8.47;8.51;8.54;8.58;8.61;8.65;8.68;8.72;8.76;8.79;8.82;8.86;8.89;8.91;8.94;;;;;;;;;;;;;;;;;;;;;;;;;;;;;;;;;;;;;;;;;;;;;;;;;;
4.500;;;;;;;;;;;;;;;;;;;;;;;;;;;;;;;;;;;;;8.75;8.71;8.67;8.63;8.60;8.56;8.53;8.49;8.46;8.42;8.39;8.36;8.33;8.30;8.28;8.25;8.23;8.21;8.19;8.17;8.16;8.15;8.14;8.13;8.12;8.12;8.12;8.12;8.13;8.14;8.14;8.16;8.17;8.19;8.21;8.23;8.25;8.27;8.30;8.33;8.36;8.39;8.42;8.46;8.49;8.53;8.57;8.60;8.64;8.68;8.71;8.75;8.78;8.81;8.85;8.87;8.90;8.92;;;;;;;;;;;;;;;;;;;;;;;;;;;;;;;;;;;;;;;;;;;;;;;;
4.400;;;;;;;;;;;;;;;;;;;;;;;;;;;;;;;;;;;;8.73;8.69;8.65;8.62;8.58;8.54;8.50;8.47;8.43;8.39;8.36;8.33;8.30;8.27;8.24;8.21;8.19;8.16;8.14;8.13;8.11;8.09;8.08;8.07;8.06;8.06;8.05;8.05;8.06;8.06;8.07;8.07;8.08;8.10;8.11;8.13;8.15;8.17;8.20;8.22;8.25;8.28;8.31;8.34;8.37;8.41;8.44;8.48;8.51;8.55;8.59;8.62;8.66;8.70;8.73;8.77;8.80;8.83;8.85;8.88;8.90;;;;;;;;;;;;;;;;;;;;;;;;;;;;;;;;;;;;;;;;;;;;;;
4.300;;;;;;;;;;;;;;;;;;;;;;;;;;;;;;;;;;8.76;8.72;8.68;8.64;8.60;8.56;8.52;8.48;8.44;8.40;8.37;8.33;8.30;8.26;8.23;8.20;8.17;8.15;8.12;8.10;8.08;8.06;8.04;8.03;8.02;8.01;8.00;7.99;7.99;7.99;7.99;7.99;8.00;8.00;8.01;8.03;8.04;8.06;8.08;8.10;8.12;8.14;8.17;8.20;8.22;8.25;8.29;8.32;8.35;8.39;8.42;8.46;8.50;8.53;8.57;8.61;8.64;8.68;8.71;8.74;8.78;8.80;8.83;8.86;;;;;;;;;;;;;;;;;;;;;;;;;;;;;;;;;;;;;;;;;;;;;
4.200;;;;;;;;;;;;;;;;;;;;;;;;;;;;;;;;;8.75;8.71;8.66;8.62;8.58;8.54;8.50;8.46;8.42;8.38;8.34;8.30;8.27;8.23;8.20;8.17;8.14;8.11;8.09;8.06;8.04;8.02;8.00;7.98;7.97;7.96;7.95;7.94;7.93;7.93;7.92;7.92;7.93;7.93;7.94;7.95;7.96;7.97;7.99;8.00;8.02;8.04;8.06;8.09;8.11;8.14;8.17;8.20;8.23;8.26;8.30;8.33;8.37;8.40;8.44;8.47;8.51;8.55;8.58;8.62;8.65;8.69;8.72;8.75;8.78;8.81;8.83;;;;;;;;;;;;;;;;;;;;;;;;;;;;;;;;;;;;;;;;;;;
4.100;;;;;;;;;;;;;;;;;;;;;;;;;;;;;;;8.78;8.74;8.69;8.65;8.60;8.56;8.52;8.48;8.44;8.40;8.36;8.32;8.28;8.24;8.21;8.17;8.14;8.11;8.08;8.05;8.03;8.00;7.98;7.96;7.94;7.92;7.91;7.90;7.89;7.88;7.87;7.87;7.87;7.87;7.87;7.87;7.88;7.88;7.89;7.90;7.92;7.93;7.95;7.97;7.99;8.01;8.04;8.06;8.09;8.12;8.15;8.18;8.21;8.24;8.27;8.31;8.34;8.38;8.41;8.45;8.49;8.52;8.56;8.59;8.63;8.66;8.70;8.73;8.76;8.78;;;;;;;;;;;;;;;;;;;;;;;;;;;;;;;;;;;;;;;;;;
4.000;;;;;;;;;;;;;;;;;;;;;;;;;;;;;;8.77;8.72;8.68;8.63;8.59;8.54;8.50;8.46;8.42;8.37;8.33;8.29;8.26;8.22;8.18;8.15;8.11;8.08;8.05;8.02;7.99;7.97;7.95;7.92;7.91;7.89;7.87;7.86;7.85;7.84;7.83;7.82;7.82;7.81;7.81;7.81;7.81;7.82;7.82;7.83;7.84;7.85;7.87;7.88;7.90;7.92;7.94;7.96;7.98;8.01;8.04;8.06;8.09;8.12;8.15;8.18;8.22;8.25;8.28;8.32;8.35;8.39;8.43;8.46;8.50;8.54;8.57;8.61;8.64;8.68;8.71;8.74;;;;;;;;;;;;;;;;;;;;;;;;;;;;;;;;;;;;;;;;;
3.900;;;;;;;;;;;;;;;;;;;;;;;;;;;;;8.76;8.71;8.67;8.62;8.57;8.53;8.48;8.44;8.40;8.35;8.31;8.27;8.23;8.20;8.16;8.12;8.09;8.06;8.02;7.99;7.97;7.94;7.92;7.89;7.87;7.86;7.84;7.82;7.81;7.80;7.79;7.78;7.77;7.77;7.76;7.76;7.76;7.76;7.76;7.77;7.78;7.78;7.79;7.80;7.82;7.83;7.85;7.87;7.89;7.91;7.93;7.96;7.98;8.01;8.04;8.07;8.10;8.13;8.16;8.19;8.23;8.26;8.30;8.33;8.37;8.41;8.44;8.48;8.52;8.56;8.59;8.63;8.66;8.70;;;;;;;;;;;;;;;;;;;;;;;;;;;;;;;;;;;;;;;;
3.800;;;;;;;;;;;;;;;;;;;;;;;;;;;;8.75;8.70;8.65;8.60;8.56;8.51;8.47;8.42;8.38;8.34;8.29;8.25;8.21;8.17;8.14;8.10;8.07;8.03;8.00;7.97;7.94;7.92;7.89;7.87;7.85;7.83;7.81;7.79;7.78;7.77;7.76;7.75;7.74;7.73;7.72;7.72;7.72;7.71;7.71;7.72;7.72;7.72;7.73;7.74;7.75;7.76;7.77;7.79;7.80;7.82;7.84;7.86;7.89;7.91;7.93;7.96;7.99;8.02;8.05;8.08;8.11;8.14;8.17;8.21;8.24;8.28;8.31;8.35;8.39;8.43;8.47;8.51;8.55;8.59;8.62;8.66;8.69;;;;;;;;;;;;;;;;;;;;;;;;;;;;;;;;;;;;;;
3.700;;;;;;;;;;;;;;;;;;;;;;;;;;;8.74;8.69;8.64;8.59;8.54;8.50;8.45;8.40;8.36;8.32;8.28;8.23;8.19;8.15;8.12;8.08;8.04;8.01;7.98;7.95;7.92;7.89;7.87;7.84;7.82;7.80;7.78;7.77;7.75;7.74;7.73;7.72;7.71;7.70;7.69;7.68;7.68;7.68;7.67;7.67;7.67;7.67;7.68;7.68;7.69;7.70;7.71;7.72;7.73;7.75;7.76;7.78;7.80;7.82;7.84;7.86;7.89;7.91;7.94;7.97;8.00;8.03;8.06;8.09;8.12;8.15;8.19;8.23;8.26;8.30;8.34;8.38;8.42;8.47;8.51;8.55;8.59;8.63;8.66;;;;;;;;;;;;;;;;;;;;;;;;;;;;;;;;;;;;;
3.600;;;;;;;;;;;;;;;;;;;;;;;;;;8.73;8.68;8.63;8.58;8.53;8.48;8.43;8.39;8.34;8.30;8.26;8.22;8.18;8.14;8.10;8.06;8.02;7.99;7.96;7.93;7.90;7.87;7.84;7.82;7.80;7.78;7.76;7.74;7.73;7.71;7.70;7.69;7.68;7.67;7.66;7.66;7.65;7.64;7.64;7.64;7.63;7.63;7.64;7.64;7.64;7.65;7.65;7.66;7.67;7.68;7.69;7.71;7.72;7.74;7.76;7.78;7.80;7.82;7.85;7.87;7.90;7.92;7.95;7.98;8.01;8.04;8.07;8.11;8.14;8.18;8.22;8.26;8.30;8.34;8.38;8.43;8.47;8.52;8.56;8.60;8.64;;;;;;;;;;;;;;;;;;;;;;;;;;;;;;;;;;;;
3.500;;;;;;;;;;;;;;;;;;;;;;;;;8.73;8.67;8.62;8.57;8.52;8.47;8.42;8.37;8.33;8.28;8.24;8.20;8.16;8.12;8.08;8.04;8.01;7.97;7.94;7.90;7.88;7.85;7.82;7.80;7.78;7.76;7.74;7.72;7.71;7.69;7.68;7.67;7.66;7.65;7.64;7.63;7.62;7.62;7.61;7.61;7.60;7.60;7.60;7.60;7.60;7.60;7.61;7.61;7.62;7.63;7.64;7.65;7.66;7.67;7.69;7.71;7.72;7.74;7.76;7.78;7.81;7.83;7.86;7.88;7.91;7.94;7.97;8.00;8.03;8.07;8.10;8.14;8.18;8.22;8.26;8.31;8.35;8.40;8.44;8.49;8.53;8.58;8.62;;;;;;;;;;;;;;;;;;;;;;;;;;;;;;;;;;;
3.400;;;;;;;;;;;;;;;;;;;;;;;;8.72;8.67;8.61;8.56;8.50;8.45;8.41;8.36;8.31;8.27;8.23;8.18;8.14;8.10;8.06;8.02;7.99;7.95;7.92;7.88;7.85;7.83;7.80;7.78;7.75;7.73;7.72;7.70;7.68;7.67;7.66;7.65;7.64;7.63;7.62;7.61;7.60;7.59;7.59;7.58;7.58;7.57;7.57;7.57;7.57;7.57;7.57;7.58;7.58;7.59;7.59;7.60;7.61;7.62;7.63;7.65;7.66;7.68;7.69;7.71;7.73;7.75;7.77;7.80;7.82;7.85;7.87;7.90;7.93;7.96;7.99;8.03;8.07;8.10;8.15;8.19;8.23;8.28;8.33;8.37;8.42;8.47;8.52;8.56;8.60;;;;;;;;;;;;;;;;;;;;;;;;;;;;;;;;;;
3.300;;;;;;;;;;;;;;;;;;;;;;;8.72;8.66;8.60;8.55;8.49;8.44;8.39;8.35;8.30;8.26;8.21;8.17;8.13;8.09;8.05;8.01;7.97;7.93;7.90;7.87;7.83;7.81;7.78;7.76;7.73;7.71;7.70;7.68;7.66;7.65;7.64;7.62;7.61;7.60;7.59;7.58;7.58;7.57;7.56;7.56;7.55;7.55;7.55;7.54;7.54;7.54;7.54;7.55;7.55;7.55;7.56;7.56;7.57;7.58;7.59;7.60;7.61;7.62;7.64;7.65;7.67;7.69;7.71;7.73;7.75;7.77;7.79;7.82;7.84;7.87;7.90;7.93;7.96;8.00;8.04;8.08;8.12;8.16;8.21;8.26;8.31;8.36;8.41;8.46;8.51;8.55;;;;;;;;;;;;;;;;;;;;;;;;;;;;;;;;;;
3.200;;;;;;;;;;;;;;;;;;;;;;8.72;8.66;8.60;8.54;8.49;8.43;8.38;8.34;8.29;8.24;8.20;8.16;8.11;8.07;8.03;7.99;7.95;7.92;7.88;7.85;7.82;7.79;7.76;7.74;7.71;7.69;7.68;7.66;7.65;7.63;7.62;7.61;7.60;7.58;7.58;7.57;7.56;7.55;7.54;7.54;7.53;7.53;7.53;7.52;7.52;7.52;7.52;7.52;7.53;7.53;7.53;7.54;7.54;7.55;7.56;7.57;7.57;7.58;7.60;7.61;7.62;7.64;7.65;7.67;7.68;7.70;7.72;7.74;7.77;7.79;7.82;7.84;7.87;7.90;7.94;7.97;8.01;8.05;8.10;8.14;8.19;8.24;8.29;8.35;8.40;8.45;8.50;8.55;;;;;;;;;;;;;;;;;;;;;;;;;;;;;;;;;
3.100;;;;;;;;;;;;;;;;;;;;;;8.66;8.60;8.54;8.48;8.43;8.38;8.33;8.28;8.23;8.19;8.14;8.10;8.06;8.02;7.98;7.94;7.90;7.86;7.83;7.80;7.77;7.74;7.72;7.70;7.68;7.66;7.64;7.63;7.62;7.60;7.59;7.58;7.57;7.56;7.55;7.54;7.54;7.53;7.52;7.52;7.51;7.51;7.51;7.51;7.51;7.51;7.51;7.51;7.51;7.51;7.52;7.52;7.53;7.53;7.54;7.55;7.56;7.56;7.57;7.58;7.60;7.61;7.62;7.64;7.65;7.67;7.69;7.70;7.73;7.75;7.77;7.80;7.82;7.85;7.88;7.92;7.96;8.00;8.04;8.08;8.13;8.18;8.23;8.29;8.34;8.40;8.45;8.50;8.55;;;;;;;;;;;;;;;;;;;;;;;;;;;;;;;;
3.000;;;;;;;;;;;;;;;;;;;;;8.66;8.60;8.54;8.48;8.42;8.37;8.32;8.27;8.22;8.18;8.13;8.09;8.05;8.01;7.96;7.92;7.89;7.85;7.82;7.78;7.75;7.73;7.70;7.68;7.66;7.65;7.63;7.62;7.60;7.59;7.58;7.57;7.56;7.55;7.54;7.53;7.52;7.52;7.51;7.51;7.50;7.50;7.50;7.49;7.49;7.49;7.49;7.49;7.50;7.50;7.50;7.51;7.51;7.52;7.52;7.53;7.54;7.54;7.55;7.56;7.57;7.58;7.59;7.60;7.61;7.63;7.64;7.66;7.67;7.69;7.71;7.73;7.76;7.78;7.81;7.84;7.87;7.90;7.94;7.98;8.03;8.08;8.13;8.18;8.23;8.29;8.35;8.40;8.46;8.51;8.56;;;;;;;;;;;;;;;;;;;;;;;;;;;;;;;
2.900;;;;;;;;;;;;;;;;;;;;8.67;8.60;8.54;8.48;8.42;8.37;8.31;8.26;8.22;8.17;8.13;8.08;8.04;8.00;7.95;7.91;7.87;7.84;7.80;7.77;7.74;7.71;7.69;7.67;7.65;7.63;7.62;7.60;7.59;7.58;7.57;7.56;7.55;7.54;7.53;7.52;7.51;7.51;7.50;7.50;7.49;7.49;7.49;7.48;7.48;7.48;7.48;7.48;7.48;7.49;7.49;7.49;7.50;7.50;7.51;7.51;7.52;7.53;7.53;7.54;7.55;7.56;7.57;7.57;7.58;7.59;7.61;7.62;7.63;7.65;7.66;7.68;7.70;7.72;7.74;7.77;7.80;7.83;7.86;7.90;7.94;7.98;8.02;8.07;8.13;8.18;8.24;8.30;8.35;8.41;8.47;8.52;;;;;;;;;;;;;;;;;;;;;;;;;;;;;;;
2.800;;;;;;;;;;;;;;;;;;;;8.61;8.54;8.48;8.42;8.37;8.31;8.26;8.21;8.17;8.12;8.08;8.03;7.99;7.95;7.90;7.87;7.83;7.79;7.76;7.73;7.70;7.68;7.66;7.64;7.63;7.61;7.60;7.58;7.57;7.56;7.55;7.54;7.53;7.52;7.51;7.51;7.50;7.50;7.49;7.49;7.48;7.48;7.48;7.47;7.47;7.47;7.48;7.48;7.48;7.48;7.49;7.49;7.49;7.50;7.51;7.51;7.52;7.52;7.53;7.54;7.54;7.55;7.56;7.56;7.57;7.58;7.59;7.60;7.61;7.63;7.64;7.66;7.67;7.69;7.71;7.74;7.76;7.79;7.82;7.86;7.89;7.93;7.98;8.03;8.08;8.13;8.19;8.25;8.31;8.37;8.43;8.48;8.54;;;;;;;;;;;;;;;;;;;;;;;;;;;;;;
2.700;;;;;;;;;;;;;;;;;;;8.62;8.55;8.49;8.43;8.37;8.31;8.26;8.21;8.16;8.12;8.07;8.03;7.98;7.94;7.90;7.86;7.82;7.78;7.75;7.72;7.69;7.67;7.65;7.64;7.62;7.60;7.59;7.58;7.56;7.55;7.54;7.53;7.53;7.52;7.51;7.50;7.50;7.49;7.49;7.48;7.48;7.47;7.47;7.47;7.47;7.47;7.47;7.47;7.47;7.48;7.48;7.48;7.49;7.49;7.50;7.50;7.51;7.52;7.52;7.53;7.54;7.54;7.55;7.55;7.56;7.57;7.57;7.58;7.59;7.60;7.61;7.62;7.64;7.65;7.67;7.69;7.71;7.73;7.76;7.79;7.82;7.85;7.89;7.94;7.98;8.03;8.09;8.14;8.20;8.26;8.32;8.38;8.44;8.50;8.55;;;;;;;;;;;;;;;;;;;;;;;;;;;;;
2.600;;;;;;;;;;;;;;;;;;8.64;8.57;8.50;8.43;8.37;8.32;8.26;8.21;8.16;8.12;8.07;8.02;7.98;7.94;7.90;7.85;7.82;7.78;7.74;7.71;7.69;7.67;7.65;7.63;7.61;7.60;7.59;7.57;7.56;7.55;7.54;7.53;7.52;7.51;7.51;7.50;7.49;7.49;7.48;7.48;7.48;7.47;7.47;7.47;7.47;7.47;7.47;7.47;7.47;7.47;7.48;7.48;7.48;7.49;7.50;7.50;7.51;7.51;7.52;7.53;7.53;7.54;7.54;7.55;7.55;7.56;7.56;7.57;7.57;7.58;7.59;7.60;7.61;7.62;7.63;7.65;7.66;7.68;7.71;7.73;7.76;7.79;7.82;7.86;7.90;7.94;7.99;8.05;8.10;8.16;8.22;8.28;8.35;8.41;8.47;8.52;;;;;;;;;;;;;;;;;;;;;;;;;;;;;
2.500;;;;;;;;;;;;;;;;;;8.58;8.51;8.45;8.38;8.32;8.27;8.21;8.17;8.12;8.07;8.02;7.98;7.94;7.89;7.85;7.81;7.78;7.74;7.71;7.69;7.67;7.65;7.63;7.61;7.60;7.58;7.57;7.56;7.55;7.54;7.53;7.52;7.51;7.51;7.50;7.49;7.49;7.48;7.48;7.48;7.47;7.47;7.47;7.46;7.46;7.46;7.46;7.47;7.47;7.47;7.48;7.48;7.49;7.49;7.50;7.50;7.51;7.52;7.52;7.53;7.54;7.54;7.55;7.55;7.56;7.56;7.56;7.57;7.57;7.58;7.58;7.59;7.60;7.61;7.62;7.63;7.65;7.66;7.68;7.71;7.73;7.76;7.79;7.83;7.87;7.91;7.96;8.01;8.06;8.12;8.18;8.24;8.31;8.37;8.43;8.49;8.54;;;;;;;;;;;;;;;;;;;;;;;;;;;;
2.400;;;;;;;;;;;;;;;;;8.61;8.53;8.46;8.40;8.33;8.28;8.22;8.17;8.12;8.07;8.03;7.98;7.94;7.90;7.85;7.81;7.78;7.74;7.71;7.69;7.67;7.65;7.63;7.61;7.60;7.58;7.57;7.56;7.55;7.54;7.53;7.52;7.52;7.51;7.50;7.50;7.49;7.49;7.48;7.48;7.47;7.47;7.47;7.47;7.46;7.46;7.46;7.46;7.47;7.47;7.47;7.48;7.48;7.49;7.50;7.50;7.51;7.52;7.52;7.53;7.54;7.54;7.55;7.55;7.56;7.56;7.56;7.57;7.57;7.57;7.57;7.58;7.58;7.59;7.60;7.60;7.62;7.63;7.65;7.66;7.68;7.71;7.74;7.77;7.80;7.84;7.88;7.92;7.97;8.03;8.08;8.14;8.21;8.27;8.33;8.40;8.46;8.51;8.56;;;;;;;;;;;;;;;;;;;;;;;;;;;
2.300;;;;;;;;;;;;;;;;;8.55;8.48;8.41;8.35;8.29;8.23;8.18;8.13;8.08;8.03;7.99;7.94;7.90;7.86;7.82;7.78;7.75;7.71;7.69;7.67;7.65;7.63;7.61;7.60;7.58;7.57;7.56;7.55;7.54;7.53;7.52;7.52;7.51;7.50;7.50;7.49;7.49;7.48;7.48;7.48;7.47;7.47;7.47;7.46;7.46;7.46;7.46;7.47;7.47;7.47;7.47;7.48;7.49;7.49;7.50;7.51;7.51;7.52;7.53;7.54;7.55;7.55;7.56;7.56;7.57;7.57;7.57;7.57;7.57;7.57;7.58;7.58;7.58;7.58;7.59;7.59;7.60;7.61;7.63;7.65;7.66;7.69;7.71;7.74;7.77;7.81;7.85;7.89;7.94;7.99;8.05;8.11;8.17;8.23;8.30;8.36;8.42;8.48;8.54;;;;;;;;;;;;;;;;;;;;;;;;;;;
2.200;;;;;;;;;;;;;;;;8.58;8.51;8.44;8.37;8.30;8.25;8.19;8.14;8.09;8.04;8.00;7.95;7.91;7.86;7.82;7.79;7.75;7.72;7.69;7.67;7.65;7.63;7.62;7.60;7.59;7.58;7.56;7.55;7.54;7.54;7.53;7.52;7.51;7.51;7.50;7.50;7.49;7.49;7.48;7.48;7.47;7.47;7.47;7.47;7.47;7.46;7.46;7.46;7.47;7.47;7.47;7.48;7.48;7.49;7.50;7.50;7.51;7.52;7.53;7.54;7.55;7.55;7.56;7.57;7.57;7.57;7.58;7.58;7.58;7.58;7.58;7.58;7.58;7.58;7.58;7.58;7.59;7.59;7.60;7.61;7.63;7.65;7.67;7.69;7.72;7.75;7.78;7.82;7.87;7.91;7.96;8.02;8.07;8.14;8.20;8.26;8.33;8.39;8.45;8.51;8.56;;;;;;;;;;;;;;;;;;;;;;;;;;
2.100;;;;;;;;;;;;;;;;8.54;8.46;8.39;8.33;8.26;8.21;8.15;8.10;8.05;8.01;7.96;7.92;7.87;7.83;7.79;7.76;7.73;7.70;7.68;7.66;7.64;7.62;7.60;7.59;7.58;7.57;7.56;7.55;7.54;7.53;7.52;7.52;7.51;7.51;7.50;7.50;7.49;7.49;7.48;7.48;7.48;7.47;7.47;7.47;7.47;7.46;7.46;7.46;7.47;7.47;7.47;7.48;7.48;7.49;7.50;7.51;7.51;7.52;7.53;7.54;7.55;7.56;7.57;7.58;7.58;7.58;7.59;7.59;7.59;7.59;7.59;7.58;7.58;7.58;7.58;7.58;7.58;7.59;7.59;7.60;7.62;7.63;7.65;7.67;7.70;7.73;7.76;7.80;7.84;7.88;7.93;7.99;8.04;8.10;8.17;8.23;8.30;8.36;8.42;8.48;8.53;;;;;;;;;;;;;;;;;;;;;;;;;;
2.000;;;;;;;;;;;;;;;8.57;8.49;8.42;8.35;8.29;8.22;8.17;8.12;8.07;8.02;7.97;7.93;7.88;7.84;7.80;7.77;7.73;7.71;7.68;7.66;7.64;7.63;7.61;7.60;7.58;7.57;7.56;7.55;7.54;7.54;7.53;7.52;7.52;7.51;7.50;7.50;7.50;7.49;7.49;7.48;7.48;7.48;7.47;7.47;7.47;7.47;7.46;7.46;7.46;7.46;7.47;7.47;7.48;7.48;7.49;7.50;7.51;7.52;7.53;7.54;7.55;7.56;7.57;7.58;7.58;7.59;7.59;7.60;7.60;7.60;7.60;7.59;7.59;7.59;7.59;7.58;7.58;7.58;7.58;7.59;7.59;7.60;7.62;7.63;7.65;7.68;7.70;7.74;7.77;7.81;7.86;7.91;7.96;8.01;8.07;8.14;8.20;8.27;8.33;8.40;8.46;8.51;;;;;;;;;;;;;;;;;;;;;;;;;;
1.900;;;;;;;;;;;;;;;8.53;8.45;8.38;8.31;8.25;8.19;8.14;8.08;8.03;7.99;7.94;7.90;7.86;7.82;7.78;7.75;7.72;7.69;7.67;7.65;7.63;7.62;7.60;7.59;7.58;7.57;7.56;7.55;7.54;7.53;7.53;7.52;7.51;7.51;7.50;7.50;7.50;7.49;7.49;7.48;7.48;7.48;7.47;7.47;7.47;7.46;7.46;7.46;7.46;7.46;7.46;7.47;7.47;7.48;7.49;7.50;7.51;7.52;7.53;7.54;7.55;7.56;7.58;7.59;7.59;7.60;7.60;7.61;7.61;7.61;7.61;7.60;7.60;7.60;7.59;7.59;7.58;7.58;7.58;7.58;7.59;7.59;7.60;7.62;7.64;7.66;7.68;7.71;7.75;7.79;7.83;7.88;7.93;7.99;8.04;8.11;8.17;8.24;8.30;8.37;8.43;8.48;8.53;;;;;;;;;;;;;;;;;;;;;;;;;
1.800;;;;;;;;;;;;;;8.56;8.49;8.41;8.34;8.27;8.21;8.16;8.10;8.05;8.00;7.96;7.91;7.87;7.83;7.79;7.76;7.73;7.70;7.68;7.66;7.64;7.62;7.61;7.59;7.58;7.57;7.56;7.55;7.55;7.54;7.53;7.53;7.52;7.51;7.51;7.50;7.50;7.50;7.49;7.49;7.48;7.48;7.48;7.47;7.47;7.46;7.46;7.46;7.46;7.46;7.46;7.46;7.46;7.47;7.47;7.48;7.49;7.50;7.51;7.53;7.54;7.56;7.57;7.58;7.59;7.60;7.61;7.61;7.62;7.62;7.62;7.62;7.61;7.61;7.60;7.60;7.59;7.59;7.58;7.58;7.58;7.58;7.59;7.59;7.60;7.62;7.64;7.66;7.69;7.73;7.76;7.81;7.85;7.90;7.96;8.02;8.08;8.14;8.21;8.27;8.34;8.40;8.46;8.51;;;;;;;;;;;;;;;;;;;;;;;;;
1.700;;;;;;;;;;;;;;8.52;8.45;8.37;8.31;8.24;8.18;8.13;8.07;8.02;7.98;7.93;7.89;7.85;7.81;7.77;7.74;7.71;7.69;7.67;7.65;7.63;7.61;7.60;7.59;7.58;7.57;7.56;7.55;7.54;7.54;7.53;7.52;7.52;7.51;7.51;7.50;7.50;7.49;7.49;7.49;7.48;7.48;7.47;7.47;7.47;7.46;7.46;7.46;7.45;7.45;7.45;7.45;7.46;7.46;7.47;7.47;7.48;7.50;7.51;7.52;7.54;7.56;7.57;7.58;7.60;7.61;7.62;7.62;7.63;7.63;7.63;7.63;7.62;7.62;7.61;7.60;7.60;7.59;7.58;7.58;7.58;7.58;7.58;7.58;7.59;7.61;7.62;7.64;7.67;7.70;7.74;7.78;7.83;7.88;7.93;7.99;8.05;8.11;8.18;8.24;8.31;8.37;8.43;8.49;8.53;;;;;;;;;;;;;;;;;;;;;;;;
1.600;;;;;;;;;;;;;;8.49;8.41;8.34;8.27;8.21;8.15;8.10;8.05;8.00;7.95;7.91;7.86;7.83;7.79;7.75;7.72;7.70;7.68;7.66;7.64;7.62;7.61;7.59;7.58;7.57;7.56;7.56;7.55;7.54;7.53;7.53;7.52;7.52;7.51;7.51;7.50;7.50;7.49;7.49;7.48;7.48;7.48;7.47;7.47;7.46;7.46;7.45;7.45;7.45;7.44;7.44;7.44;7.44;7.45;7.45;7.46;7.47;7.49;7.50;7.52;7.53;7.55;7.57;7.59;7.60;7.61;7.62;7.63;7.64;7.64;7.64;7.63;7.63;7.62;7.62;7.61;7.60;7.59;7.59;7.58;7.58;7.57;7.57;7.58;7.58;7.59;7.61;7.63;7.65;7.68;7.72;7.76;7.80;7.85;7.90;7.96;8.02;8.08;8.15;8.22;8.28;8.35;8.41;8.46;8.51;;;;;;;;;;;;;;;;;;;;;;;;
1.500;;;;;;;;;;;;;8.53;8.45;8.38;8.31;8.24;8.18;8.13;8.07;8.02;7.97;7.93;7.88;7.84;7.81;7.77;7.74;7.71;7.69;7.67;7.65;7.63;7.62;7.60;7.59;7.58;7.57;7.56;7.55;7.54;7.54;7.53;7.53;7.52;7.51;7.51;7.50;7.50;7.50;7.49;7.49;7.48;7.48;7.47;7.47;7.46;7.46;7.45;7.45;7.44;7.44;7.43;7.43;7.43;7.43;7.43;7.44;7.45;7.46;7.47;7.49;7.51;7.53;7.55;7.57;7.59;7.60;7.62;7.63;7.64;7.64;7.64;7.64;7.64;7.64;7.63;7.62;7.61;7.60;7.60;7.59;7.58;7.57;7.57;7.57;7.57;7.57;7.58;7.59;7.61;7.63;7.66;7.69;7.73;7.77;7.82;7.88;7.93;7.99;8.06;8.12;8.19;8.26;8.32;8.38;8.44;8.49;;;;;;;;;;;;;;;;;;;;;;;;
1.400;;;;;;;;;;;;;8.50;8.42;8.35;8.28;8.22;8.16;8.10;8.05;8.00;7.95;7.91;7.86;7.83;7.79;7.76;7.73;7.70;7.68;7.66;7.64;7.62;7.61;7.60;7.59;7.57;7.57;7.56;7.55;7.54;7.54;7.53;7.52;7.52;7.51;7.51;7.50;7.50;7.49;7.49;7.48;7.48;7.47;7.47;7.46;7.46;7.45;7.44;7.44;7.43;7.43;7.42;7.42;7.42;7.41;7.42;7.42;7.43;7.44;7.46;7.47;7.50;7.52;7.54;7.56;7.58;7.60;7.62;7.63;7.64;7.65;7.65;7.65;7.65;7.64;7.64;7.63;7.62;7.61;7.60;7.59;7.58;7.57;7.57;7.56;7.56;7.56;7.57;7.58;7.60;7.61;7.64;7.67;7.71;7.75;7.80;7.85;7.91;7.97;8.03;8.09;8.16;8.23;8.29;8.36;8.42;8.47;8.51;;;;;;;;;;;;;;;;;;;;;;;
1.300;;;;;;;;;;;;;8.47;8.39;8.32;8.25;8.19;8.13;8.08;8.03;7.98;7.93;7.89;7.85;7.81;7.77;7.74;7.71;7.69;7.67;7.65;7.63;7.62;7.60;7.59;7.58;7.57;7.56;7.55;7.55;7.54;7.53;7.53;7.52;7.51;7.51;7.50;7.50;7.49;7.49;7.48;7.48;7.47;7.47;7.46;7.45;7.45;7.44;7.43;7.43;7.42;7.41;7.41;7.40;7.40;7.40;7.40;7.40;7.41;7.42;7.44;7.46;7.48;7.50;7.53;7.55;7.58;7.60;7.62;7.63;7.64;7.65;7.65;7.66;7.65;7.65;7.64;7.63;7.62;7.61;7.60;7.59;7.58;7.57;7.56;7.56;7.55;7.56;7.56;7.57;7.58;7.60;7.62;7.65;7.68;7.73;7.77;7.82;7.88;7.94;8.00;8.07;8.13;8.20;8.27;8.33;8.40;8.45;8.50;;;;;;;;;;;;;;;;;;;;;;;
1.200;;;;;;;;;;;;;8.44;8.37;8.30;8.23;8.17;8.11;8.06;8.01;7.96;7.91;7.87;7.83;7.79;7.76;7.73;7.70;7.68;7.66;7.64;7.63;7.61;7.60;7.59;7.58;7.57;7.56;7.55;7.54;7.54;7.53;7.52;7.52;7.51;7.50;7.50;7.49;7.49;7.48;7.48;7.47;7.47;7.46;7.45;7.45;7.44;7.43;7.42;7.42;7.41;7.40;7.39;7.38;7.38;7.37;7.37;7.37;7.38;7.39;7.41;7.43;7.46;7.49;7.52;7.54;7.57;7.59;7.62;7.63;7.64;7.65;7.66;7.66;7.65;7.65;7.64;7.63;7.62;7.61;7.60;7.58;7.57;7.56;7.56;7.55;7.55;7.55;7.55;7.56;7.57;7.58;7.60;7.63;7.66;7.70;7.75;7.80;7.85;7.91;7.98;8.04;8.11;8.18;8.24;8.31;8.37;8.43;8.48;;;;;;;;;;;;;;;;;;;;;;;
1.100;;;;;;;;;;;;8.49;8.41;8.34;8.27;8.21;8.15;8.09;8.04;7.99;7.94;7.90;7.85;7.81;7.78;7.75;7.72;7.69;7.67;7.65;7.63;7.62;7.61;7.59;7.58;7.57;7.56;7.55;7.55;7.54;7.53;7.52;7.52;7.51;7.51;7.50;7.49;7.49;7.48;7.48;7.47;7.46;7.46;7.45;7.44;7.44;7.43;7.42;7.41;7.40;7.39;7.38;7.37;7.36;7.35;7.35;7.34;7.35;7.35;7.37;7.38;7.41;7.44;7.47;7.50;7.53;7.56;7.59;7.61;7.63;7.64;7.65;7.66;7.66;7.65;7.65;7.64;7.63;7.62;7.61;7.59;7.58;7.57;7.56;7.55;7.54;7.54;7.54;7.54;7.54;7.55;7.57;7.59;7.61;7.64;7.68;7.72;7.77;7.83;7.89;7.95;8.02;8.08;8.15;8.22;8.29;8.35;8.41;8.46;;;;;;;;;;;;;;;;;;;;;;;
1.000;;;;;;;;;;;;8.46;8.39;8.32;8.25;8.19;8.13;8.07;8.02;7.97;7.92;7.88;7.84;7.80;7.77;7.74;7.71;7.68;7.66;7.64;7.63;7.61;7.60;7.59;7.58;7.57;7.56;7.55;7.54;7.53;7.53;7.52;7.51;7.51;7.50;7.49;7.49;7.48;7.47;7.47;7.46;7.46;7.45;7.44;7.43;7.43;7.42;7.41;7.40;7.39;7.38;7.37;7.35;7.34;7.33;7.32;7.31;7.31;7.32;7.33;7.35;7.38;7.41;7.45;7.49;7.52;7.55;7.58;7.61;7.63;7.64;7.65;7.65;7.65;7.65;7.64;7.63;7.62;7.61;7.60;7.59;7.57;7.56;7.55;7.54;7.53;7.53;7.52;7.52;7.53;7.54;7.55;7.57;7.59;7.62;7.66;7.70;7.75;7.80;7.86;7.93;7.99;8.06;8.13;8.20;8.27;8.33;8.39;8.44;8.49;;;;;;;;;;;;;;;;;;;;;;
0.900;;;;;;;;;;;;8.44;8.37;8.30;8.23;8.17;8.11;8.06;8.01;7.96;7.91;7.87;7.83;7.79;7.75;7.72;7.70;7.68;7.66;7.64;7.62;7.61;7.59;7.58;7.57;7.56;7.55;7.54;7.54;7.53;7.52;7.51;7.51;7.50;7.49;7.49;7.48;7.47;7.47;7.46;7.45;7.45;7.44;7.43;7.42;7.42;7.41;7.40;7.39;7.38;7.36;7.35;7.33;7.32;7.30;7.29;7.28;7.28;7.28;7.30;7.32;7.35;7.39;7.43;7.47;7.51;7.55;7.58;7.60;7.62;7.63;7.64;7.64;7.64;7.64;7.63;7.62;7.61;7.60;7.59;7.57;7.56;7.55;7.54;7.53;7.52;7.51;7.51;7.51;7.51;7.52;7.53;7.55;7.57;7.60;7.63;7.68;7.72;7.78;7.84;7.90;7.97;8.04;8.11;8.18;8.24;8.31;8.37;8.43;8.47;;;;;;;;;;;;;;;;;;;;;;
0.800;;;;;;;;;;;;8.42;8.35;8.28;8.21;8.15;8.10;8.04;7.99;7.94;7.90;7.85;7.81;7.78;7.74;7.71;7.69;7.67;7.65;7.63;7.61;7.60;7.59;7.58;7.57;7.56;7.55;7.54;7.53;7.52;7.52;7.51;7.50;7.49;7.49;7.48;7.47;7.47;7.46;7.45;7.44;7.44;7.43;7.42;7.41;7.40;7.40;7.39;7.37;7.36;7.35;7.33;7.32;7.30;7.28;7.26;7.25;7.24;7.24;7.25;7.28;7.31;7.36;7.41;7.45;7.50;7.54;7.57;7.59;7.61;7.62;7.63;7.63;7.63;7.63;7.62;7.61;7.60;7.59;7.57;7.56;7.55;7.53;7.52;7.51;7.50;7.50;7.50;7.50;7.50;7.51;7.52;7.53;7.55;7.58;7.61;7.65;7.70;7.76;7.81;7.88;7.95;8.01;8.08;8.15;8.22;8.29;8.35;8.41;8.46;;;;;;;;;;;;;;;;;;;;;;
0.700;;;;;;;;;;;;8.40;8.33;8.26;8.20;8.14;8.08;8.03;7.98;7.93;7.88;7.84;7.80;7.76;7.73;7.71;7.68;7.66;7.64;7.62;7.61;7.59;7.58;7.57;7.56;7.55;7.54;7.53;7.53;7.52;7.51;7.50;7.49;7.49;7.48;7.47;7.46;7.46;7.45;7.44;7.43;7.43;7.42;7.41;7.40;7.39;7.38;7.37;7.36;7.35;7.33;7.32;7.30;7.28;7.26;7.24;7.22;7.20;7.20;7.21;7.24;7.28;7.33;7.39;7.44;7.49;7.53;7.56;7.58;7.60;7.61;7.62;7.62;7.61;7.61;7.60;7.59;7.58;7.57;7.55;7.54;7.53;7.52;7.50;7.49;7.49;7.48;7.48;7.48;7.48;7.49;7.50;7.52;7.54;7.56;7.59;7.63;7.68;7.73;7.79;7.86;7.92;7.99;8.06;8.13;8.20;8.27;8.34;8.40;8.45;;;;;;;;;;;;;;;;;;;;;;
0.600;;;;;;;;;;;8.45;8.38;8.31;8.24;8.18;8.12;8.07;8.01;7.96;7.92;7.87;7.83;7.79;7.75;7.72;7.70;7.67;7.65;7.63;7.62;7.60;7.59;7.58;7.56;7.55;7.54;7.54;7.53;7.52;7.51;7.50;7.50;7.49;7.48;7.47;7.46;7.46;7.45;7.44;7.43;7.42;7.42;7.41;7.40;7.39;7.38;7.37;7.36;7.35;7.34;7.32;7.31;7.29;7.26;7.24;7.21;7.19;7.17;7.16;7.17;7.19;7.24;7.31;7.37;7.43;7.48;7.52;7.55;7.57;7.58;7.59;7.59;7.59;7.59;7.58;7.58;7.57;7.55;7.54;7.53;7.52;7.51;7.49;7.48;7.47;7.47;7.46;7.46;7.46;7.46;7.47;7.48;7.50;7.52;7.54;7.57;7.61;7.66;7.71;7.77;7.84;7.90;7.97;8.04;8.12;8.19;8.26;8.32;8.38;8.44;;;;;;;;;;;;;;;;;;;;;;
0.500;;;;;;;;;;;8.43;8.36;8.29;8.23;8.17;8.11;8.06;8.00;7.95;7.91;7.86;7.82;7.78;7.74;7.71;7.69;7.66;7.64;7.63;7.61;7.59;7.58;7.57;7.56;7.55;7.54;7.53;7.52;7.51;7.50;7.50;7.49;7.48;7.47;7.46;7.46;7.45;7.44;7.43;7.42;7.41;7.40;7.40;7.39;7.38;7.37;7.36;7.35;7.34;7.33;7.31;7.30;7.28;7.25;7.23;7.20;7.16;7.13;7.11;7.12;7.15;7.21;7.29;7.36;7.43;7.48;7.51;7.54;7.55;7.56;7.57;7.57;7.56;7.56;7.55;7.54;7.53;7.52;7.51;7.50;7.49;7.48;7.47;7.46;7.45;7.44;7.44;7.44;7.44;7.44;7.45;7.46;7.48;7.50;7.53;7.56;7.59;7.64;7.69;7.75;7.82;7.88;7.95;8.03;8.10;8.17;8.24;8.31;8.37;8.43;;;;;;;;;;;;;;;;;;;;;;
0.400;;;;;;;;;;;8.42;8.35;8.28;8.22;8.16;8.10;8.04;7.99;7.94;7.90;7.85;7.81;7.77;7.74;7.71;7.68;7.66;7.64;7.62;7.60;7.59;7.57;7.56;7.55;7.54;7.53;7.52;7.51;7.51;7.50;7.49;7.48;7.47;7.46;7.45;7.45;7.44;7.43;7.42;7.41;7.40;7.39;7.38;7.38;7.37;7.36;7.35;7.34;7.33;7.32;7.31;7.29;7.27;7.25;7.22;7.19;7.15;7.11;7.07;7.07;7.10;7.18;7.28;7.36;7.43;7.47;7.50;7.52;7.53;7.53;7.53;7.53;7.53;7.52;7.52;7.51;7.50;7.49;7.48;7.47;7.46;7.45;7.44;7.43;7.42;7.42;7.41;7.41;7.42;7.42;7.43;7.44;7.46;7.48;7.51;7.54;7.58;7.62;7.68;7.73;7.80;7.87;7.94;8.01;8.08;8.16;8.23;8.30;8.36;8.42;;;;;;;;;;;;;;;;;;;;;;
0.300;;;;;;;;;;;8.40;8.33;8.27;8.21;8.15;8.09;8.03;7.98;7.93;7.89;7.84;7.80;7.76;7.73;7.70;7.67;7.65;7.63;7.61;7.59;7.58;7.57;7.56;7.54;7.53;7.52;7.52;7.51;7.50;7.49;7.48;7.47;7.46;7.45;7.45;7.44;7.43;7.42;7.41;7.40;7.39;7.38;7.37;7.36;7.36;7.35;7.34;7.33;7.32;7.31;7.30;7.29;7.27;7.25;7.23;7.20;7.16;7.10;7.05;7.02;7.05;7.17;7.29;7.38;7.43;7.46;7.48;7.49;7.49;7.49;7.49;7.49;7.48;7.48;7.47;7.46;7.45;7.45;7.44;7.43;7.42;7.41;7.40;7.40;7.39;7.39;7.39;7.39;7.39;7.40;7.41;7.42;7.44;7.46;7.49;7.52;7.56;7.60;7.66;7.72;7.78;7.85;7.92;7.99;8.07;8.14;8.21;8.28;8.35;8.41;;;;;;;;;;;;;;;;;;;;;;
0.200;;;;;;;;;;;8.39;8.32;8.26;8.20;8.14;8.08;8.03;7.97;7.92;7.88;7.83;7.79;7.75;7.72;7.69;7.66;7.64;7.62;7.60;7.59;7.57;7.56;7.55;7.54;7.53;7.52;7.51;7.50;7.49;7.48;7.47;7.46;7.46;7.45;7.44;7.43;7.42;7.41;7.40;7.39;7.38;7.37;7.36;7.35;7.34;7.33;7.33;7.32;7.31;7.30;7.29;7.28;7.27;7.26;7.24;7.22;7.18;7.13;7.05;6.98;7.00;7.18;7.32;7.39;7.42;7.43;7.44;7.44;7.44;7.44;7.44;7.43;7.43;7.42;7.42;7.41;7.40;7.40;7.39;7.38;7.38;7.37;7.37;7.36;7.36;7.36;7.36;7.36;7.37;7.37;7.39;7.40;7.42;7.44;7.47;7.50;7.54;7.59;7.64;7.70;7.77;7.83;7.91;7.98;8.05;8.13;8.20;8.27;8.34;8.40;8.46;;;;;;;;;;;;;;;;;;;;;
0.100;;;;;;;;;;;8.38;8.31;8.25;8.19;8.13;8.07;8.02;7.97;7.92;7.87;7.83;7.78;7.74;7.71;7.68;7.66;7.63;7.61;7.60;7.58;7.57;7.55;7.54;7.53;7.52;7.51;7.50;7.49;7.48;7.47;7.46;7.46;7.45;7.44;7.43;7.42;7.41;7.40;7.39;7.38;7.37;7.36;7.35;7.34;7.33;7.32;7.31;7.31;7.30;7.29;7.29;7.28;7.27;7.27;7.26;7.25;7.23;7.20;7.14;7.01;6.95;7.26;7.36;7.37;7.38;7.38;7.38;7.37;7.37;7.37;7.37;7.37;7.36;7.36;7.36;7.35;7.35;7.34;7.34;7.34;7.33;7.33;7.32;7.32;7.32;7.32;7.33;7.33;7.34;7.35;7.36;7.38;7.40;7.42;7.45;7.49;7.53;7.57;7.63;7.69;7.75;7.82;7.89;7.97;8.04;8.12;8.19;8.27;8.33;8.40;8.45;;;;;;;;;;;;;;;;;;;;;
0.000;;;;;;;;;;;8.37;8.30;8.24;8.18;8.12;8.07;8.01;7.96;7.91;7.86;7.82;7.78;7.74;7.70;7.68;7.65;7.63;7.61;7.59;7.57;7.56;7.54;7.53;7.52;7.51;7.50;7.49;7.48;7.47;7.46;7.46;7.45;7.44;7.43;7.42;7.41;7.40;7.39;7.38;7.37;7.36;7.35;7.34;7.33;7.32;7.31;7.30;7.29;7.29;7.28;7.28;7.27;7.27;7.27;7.27;7.27;7.27;7.27;7.27;7.27;7.09;7.27;7.28;7.28;7.28;7.29;7.29;7.29;7.29;7.29;7.29;7.29;7.29;7.29;7.29;7.29;7.29;7.29;7.29;7.28;7.28;7.28;7.28;7.28;7.28;7.29;7.29;7.30;7.31;7.32;7.34;7.36;7.38;7.41;7.44;7.47;7.51;7.56;7.61;7.67;7.74;7.81;7.88;7.96;8.03;8.11;8.18;8.26;8.33;8.39;8.45;;;;;;;;;;;;;;;;;;;;;
-0.100;;;;;;;;;;;8.36;8.30;8.23;8.17;8.12;8.06;8.01;7.95;7.91;7.86;7.81;7.77;7.73;7.70;7.67;7.64;7.62;7.60;7.58;7.57;7.55;7.54;7.52;7.51;7.50;7.49;7.48;7.47;7.46;7.46;7.45;7.44;7.43;7.42;7.41;7.40;7.39;7.37;7.36;7.35;7.34;7.33;7.32;7.31;7.30;7.29;7.29;7.28;7.27;7.27;7.26;7.26;7.26;7.26;7.26;7.26;7.26;7.26;7.25;7.16;6.85;6.91;7.04;7.10;7.14;7.16;7.18;7.19;7.20;7.20;7.21;7.21;7.22;7.22;7.22;7.22;7.23;7.23;7.23;7.23;7.23;7.23;7.24;7.24;7.24;7.25;7.26;7.27;7.28;7.30;7.31;7.33;7.36;7.39;7.42;7.46;7.50;7.55;7.60;7.66;7.73;7.80;7.87;7.95;8.03;8.10;8.18;8.25;8.32;8.39;8.45;;;;;;;;;;;;;;;;;;;;;
-0.200;;;;;;;;;;;8.35;8.29;8.23;8.17;8.11;8.06;8.00;7.95;7.90;7.85;7.81;7.77;7.73;7.69;7.66;7.64;7.61;7.59;7.57;7.56;7.54;7.53;7.52;7.50;7.49;7.48;7.47;7.46;7.46;7.45;7.44;7.43;7.42;7.41;7.40;7.38;7.37;7.36;7.35;7.34;7.33;7.32;7.31;7.30;7.29;7.28;7.27;7.26;7.25;7.25;7.24;7.24;7.23;7.23;7.23;7.22;7.21;7.19;7.13;6.98;6.80;6.77;6.85;6.92;6.98;7.02;7.05;7.08;7.09;7.11;7.12;7.13;7.14;7.14;7.15;7.16;7.16;7.16;7.17;7.17;7.18;7.18;7.19;7.20;7.20;7.21;7.22;7.24;7.25;7.27;7.29;7.31;7.34;7.37;7.40;7.44;7.48;7.53;7.59;7.65;7.72;7.79;7.87;7.94;8.02;8.10;8.17;8.25;8.32;8.39;8.45;;;;;;;;;;;;;;;;;;;;;
-0.300;;;;;;;;;;;8.35;8.28;8.22;8.16;8.11;8.05;8.00;7.95;7.90;7.85;7.80;7.76;7.72;7.69;7.66;7.63;7.61;7.59;7.57;7.55;7.53;7.52;7.51;7.50;7.48;7.47;7.46;7.45;7.45;7.44;7.43;7.42;7.41;7.39;7.38;7.37;7.36;7.35;7.34;7.33;7.31;7.30;7.29;7.28;7.27;7.26;7.25;7.24;7.23;7.22;7.21;7.21;7.20;7.19;7.18;7.16;7.13;7.08;7.00;6.88;6.76;6.71;6.74;6.80;6.85;6.90;6.94;6.97;6.99;7.01;7.03;7.04;7.05;7.07;7.08;7.08;7.09;7.10;7.11;7.12;7.12;7.13;7.14;7.15;7.16;7.17;7.19;7.20;7.22;7.24;7.26;7.29;7.32;7.35;7.39;7.43;7.47;7.52;7.58;7.65;7.71;7.78;7.86;7.94;8.01;8.09;8.17;8.25;8.32;8.39;8.45;;;;;;;;;;;;;;;;;;;;;
-0.400;;;;;;;;;;;8.34;8.28;8.22;8.16;8.10;8.05;8.00;7.94;7.89;7.85;7.80;7.76;7.72;7.68;7.65;7.63;7.60;7.58;7.56;7.54;7.53;7.51;7.50;7.49;7.48;7.46;7.45;7.44;7.43;7.42;7.41;7.40;7.39;7.38;7.37;7.36;7.35;7.34;7.32;7.31;7.30;7.29;7.27;7.26;7.25;7.24;7.23;7.21;7.20;7.19;7.18;7.17;7.16;7.14;7.12;7.09;7.05;6.98;6.90;6.80;6.71;6.67;6.67;6.70;6.75;6.79;6.83;6.86;6.89;6.92;6.94;6.96;6.97;6.99;7.00;7.01;7.03;7.04;7.05;7.06;7.07;7.08;7.10;7.11;7.12;7.14;7.15;7.17;7.19;7.22;7.24;7.27;7.30;7.33;7.37;7.41;7.46;7.51;7.57;7.64;7.71;7.78;7.86;7.93;8.01;8.09;8.17;8.24;8.32;8.39;;;;;;;;;;;;;;;;;;;;;;
-0.500;;;;;;;;;;;8.34;8.28;8.22;8.16;8.10;8.05;8.00;7.94;7.89;7.85;7.80;7.76;7.71;7.68;7.65;7.62;7.60;7.57;7.55;7.53;7.52;7.50;7.49;7.48;7.47;7.45;7.44;7.43;7.42;7.41;7.40;7.39;7.38;7.37;7.36;7.35;7.33;7.32;7.31;7.29;7.28;7.27;7.25;7.24;7.23;7.21;7.20;7.19;7.17;7.16;7.14;7.12;7.11;7.08;7.05;7.01;6.96;6.90;6.82;6.74;6.66;6.62;6.61;6.63;6.66;6.70;6.74;6.77;6.80;6.83;6.85;6.87;6.89;6.91;6.93;6.95;6.96;6.98;6.99;7.00;7.02;7.03;7.05;7.06;7.08;7.10;7.12;7.14;7.16;7.19;7.22;7.25;7.28;7.32;7.36;7.40;7.45;7.51;7.57;7.63;7.70;7.78;7.85;7.93;8.01;8.09;8.17;8.24;8.32;8.39;;;;;;;;;;;;;;;;;;;;;;
-0.600;;;;;;;;;;;8.34;8.28;8.22;8.16;8.10;8.05;8.00;7.94;7.89;7.84;7.80;7.75;7.71;7.68;7.64;7.62;7.59;7.57;7.55;7.53;7.51;7.49;7.48;7.47;7.46;7.44;7.43;7.42;7.41;7.40;7.39;7.38;7.37;7.36;7.34;7.33;7.32;7.31;7.29;7.28;7.26;7.25;7.23;7.22;7.20;7.19;7.17;7.15;7.14;7.12;7.10;7.08;7.05;7.02;6.99;6.94;6.89;6.82;6.75;6.68;6.62;6.58;6.57;6.58;6.60;6.62;6.66;6.69;6.72;6.75;6.77;6.80;6.82;6.84;6.86;6.88;6.90;6.92;6.93;6.95;6.97;6.99;7.00;7.02;7.04;7.06;7.09;7.11;7.14;7.17;7.20;7.23;7.27;7.30;7.35;7.39;7.44;7.50;7.56;7.63;7.70;7.77;7.85;7.93;8.01;8.09;8.17;8.25;8.32;8.40;;;;;;;;;;;;;;;;;;;;;;
-0.700;;;;;;;;;;;8.34;8.28;8.22;8.16;8.11;8.05;8.00;7.94;7.89;7.85;7.80;7.75;7.71;7.67;7.64;7.61;7.59;7.56;7.54;7.52;7.50;7.49;7.47;7.46;7.45;7.43;7.42;7.41;7.40;7.39;7.38;7.37;7.35;7.34;7.33;7.32;7.30;7.29;7.27;7.26;7.24;7.23;7.21;7.20;7.18;7.16;7.14;7.12;7.10;7.08;7.06;7.03;7.00;6.96;6.92;6.87;6.82;6.76;6.69;6.63;6.58;6.55;6.53;6.53;6.54;6.56;6.59;6.62;6.64;6.67;6.70;6.72;6.75;6.77;6.80;6.82;6.84;6.86;6.88;6.90;6.92;6.94;6.96;6.98;7.01;7.03;7.06;7.08;7.11;7.14;7.18;7.21;7.25;7.29;7.34;7.39;7.44;7.50;7.56;7.63;7.70;7.77;7.85;7.93;8.01;8.09;8.17;8.25;8.33;8.40;;;;;;;;;;;;;;;;;;;;;;
-0.800;;;;;;;;;;;8.34;8.28;8.22;8.16;8.11;8.05;8.00;7.95;7.90;7.85;7.80;7.75;7.71;7.67;7.64;7.61;7.58;7.56;7.53;7.51;7.49;7.48;7.46;7.45;7.43;7.42;7.41;7.40;7.39;7.38;7.36;7.35;7.34;7.33;7.31;7.30;7.29;7.27;7.26;7.24;7.22;7.21;7.19;7.17;7.15;7.13;7.11;7.09;7.06;7.04;7.01;6.98;6.95;6.91;6.86;6.81;6.76;6.70;6.64;6.59;6.54;6.51;6.49;6.49;6.49;6.51;6.53;6.55;6.58;6.61;6.63;6.66;6.69;6.71;6.73;6.76;6.78;6.80;6.83;6.85;6.87;6.90;6.92;6.95;6.97;7.00;7.03;7.06;7.09;7.12;7.16;7.20;7.24;7.28;7.33;7.38;7.43;7.49;7.56;7.63;7.70;7.78;7.85;7.93;8.01;8.09;8.17;8.25;8.33;8.41;;;;;;;;;;;;;;;;;;;;;;
-0.900;;;;;;;;;;;;8.29;8.23;8.17;8.11;8.06;8.00;7.95;7.90;7.85;7.80;7.76;7.71;7.67;7.64;7.61;7.58;7.55;7.53;7.51;7.49;7.47;7.45;7.44;7.42;7.41;7.40;7.39;7.37;7.36;7.35;7.34;7.33;7.31;7.30;7.29;7.27;7.25;7.24;7.22;7.20;7.19;7.17;7.15;7.12;7.10;7.08;7.05;7.03;7.00;6.97;6.93;6.89;6.85;6.81;6.76;6.71;6.65;6.60;6.55;6.51;6.48;6.46;6.45;6.45;6.46;6.48;6.50;6.52;6.55;6.58;6.60;6.63;6.65;6.68;6.70;6.73;6.75;6.78;6.81;6.83;6.86;6.88;6.91;6.94;6.97;7.00;7.03;7.07;7.10;7.14;7.18;7.23;7.27;7.32;7.37;7.43;7.49;7.56;7.63;7.70;7.78;7.86;7.94;8.02;8.10;8.18;8.26;8.34;8.41;;;;;;;;;;;;;;;;;;;;;;
-1.000;;;;;;;;;;;;8.29;8.23;8.17;8.12;8.06;8.01;7.95;7.90;7.85;7.81;7.76;7.71;7.67;7.64;7.61;7.58;7.55;7.52;7.50;7.48;7.46;7.44;7.43;7.41;7.40;7.39;7.37;7.36;7.35;7.34;7.32;7.31;7.30;7.28;7.27;7.25;7.24;7.22;7.20;7.18;7.16;7.14;7.12;7.10;7.07;7.05;7.02;6.99;6.96;6.92;6.89;6.85;6.80;6.76;6.71;6.66;6.61;6.56;6.51;6.48;6.45;6.43;6.42;6.42;6.42;6.44;6.45;6.48;6.50;6.52;6.55;6.58;6.60;6.63;6.66;6.68;6.71;6.74;6.76;6.79;6.82;6.85;6.88;6.91;6.94;6.98;7.01;7.05;7.09;7.13;7.17;7.22;7.27;7.32;7.37;7.43;7.50;7.56;7.63;7.71;7.78;7.86;7.94;8.02;8.10;8.19;8.27;8.35;8.42;;;;;;;;;;;;;;;;;;;;;;
-1.100;;;;;;;;;;;;8.30;8.24;8.18;8.12;8.07;8.01;7.96;7.91;7.86;7.81;7.76;7.72;7.68;7.64;7.60;7.57;7.55;7.52;7.50;7.47;7.45;7.44;7.42;7.40;7.39;7.38;7.36;7.35;7.34;7.32;7.31;7.30;7.28;7.27;7.25;7.24;7.22;7.20;7.18;7.16;7.14;7.12;7.09;7.07;7.04;7.02;6.99;6.95;6.92;6.88;6.85;6.80;6.76;6.71;6.67;6.62;6.57;6.52;6.48;6.45;6.42;6.40;6.39;6.39;6.39;6.40;6.41;6.43;6.46;6.48;6.50;6.53;6.56;6.58;6.61;6.64;6.67;6.70;6.73;6.76;6.79;6.82;6.85;6.89;6.92;6.96;6.99;7.03;7.07;7.12;7.16;7.21;7.26;7.31;7.37;7.43;7.50;7.57;7.64;7.71;7.79;7.87;7.95;8.03;8.11;8.19;8.28;8.35;8.43;;;;;;;;;;;;;;;;;;;;;;
-1.200;;;;;;;;;;;;8.31;8.25;8.19;8.13;8.07;8.02;7.97;7.91;7.86;7.82;7.77;7.72;7.68;7.64;7.61;7.57;7.54;7.52;7.49;7.47;7.45;7.43;7.41;7.39;7.38;7.36;7.35;7.34;7.32;7.31;7.29;7.28;7.27;7.25;7.23;7.22;7.20;7.18;7.16;7.14;7.12;7.09;7.07;7.04;7.02;6.99;6.95;6.92;6.89;6.85;6.81;6.77;6.72;6.68;6.63;6.58;6.54;6.49;6.45;6.42;6.39;6.37;6.36;6.36;6.36;6.37;6.38;6.40;6.42;6.44;6.46;6.49;6.52;6.54;6.57;6.60;6.63;6.66;6.69;6.73;6.76;6.79;6.83;6.86;6.90;6.94;6.98;7.02;7.06;7.11;7.16;7.21;7.26;7.32;7.37;7.44;7.50;7.57;7.65;7.72;7.80;7.88;7.96;8.04;8.12;8.20;8.29;8.36;;;;;;;;;;;;;;;;;;;;;;;
-1.300;;;;;;;;;;;;8.32;8.26;8.20;8.14;8.08;8.03;7.97;7.92;7.87;7.82;7.77;7.73;7.68;7.64;7.61;7.57;7.54;7.51;7.49;7.46;7.44;7.42;7.40;7.39;7.37;7.35;7.34;7.32;7.31;7.30;7.28;7.27;7.25;7.23;7.22;7.20;7.18;7.16;7.14;7.12;7.10;7.07;7.05;7.02;6.99;6.96;6.92;6.89;6.85;6.81;6.77;6.73;6.69;6.64;6.60;6.55;6.51;6.47;6.43;6.40;6.37;6.35;6.34;6.34;6.34;6.34;6.35;6.37;6.39;6.41;6.43;6.46;6.48;6.51;6.54;6.57;6.60;6.63;6.67;6.70;6.74;6.77;6.81;6.85;6.88;6.92;6.97;7.01;7.06;7.10;7.15;7.21;7.26;7.32;7.38;7.44;7.51;7.58;7.66;7.73;7.81;7.89;7.97;8.05;8.13;8.22;8.30;8.38;;;;;;;;;;;;;;;;;;;;;;;
-1.400;;;;;;;;;;;;;8.27;8.21;8.15;8.09;8.04;7.98;7.93;7.88;7.83;7.78;7.74;7.69;7.65;7.61;7.58;7.54;7.51;7.49;7.46;7.44;7.42;7.40;7.38;7.36;7.34;7.33;7.31;7.30;7.28;7.27;7.25;7.24;7.22;7.20;7.18;7.16;7.14;7.12;7.10;7.07;7.05;7.02;6.99;6.96;6.93;6.90;6.86;6.82;6.78;6.74;6.70;6.66;6.61;6.57;6.52;6.48;6.44;6.41;6.38;6.35;6.34;6.32;6.32;6.32;6.32;6.33;6.34;6.36;6.38;6.40;6.43;6.45;6.48;6.51;6.54;6.58;6.61;6.64;6.68;6.72;6.75;6.79;6.83;6.87;6.91;6.96;7.00;7.05;7.10;7.15;7.21;7.26;7.32;7.39;7.45;7.52;7.59;7.67;7.74;7.82;7.90;7.98;8.06;8.14;8.23;8.31;8.39;;;;;;;;;;;;;;;;;;;;;;;
-1.500;;;;;;;;;;;;;8.29;8.22;8.16;8.11;8.05;7.99;7.94;7.89;7.84;7.79;7.74;7.70;7.66;7.62;7.58;7.55;7.51;7.49;7.46;7.43;7.41;7.39;7.37;7.35;7.33;7.32;7.30;7.29;7.27;7.25;7.24;7.22;7.20;7.19;7.17;7.15;7.13;7.10;7.08;7.05;7.03;7.00;6.97;6.94;6.91;6.87;6.83;6.80;6.76;6.72;6.67;6.63;6.59;6.54;6.50;6.46;6.43;6.39;6.36;6.34;6.32;6.31;6.30;6.30;6.30;6.31;6.32;6.34;6.36;6.38;6.41;6.43;6.46;6.49;6.52;6.56;6.59;6.63;6.66;6.70;6.74;6.78;6.82;6.86;6.91;6.95;7.00;7.05;7.10;7.16;7.21;7.27;7.33;7.40;7.46;7.53;7.61;7.68;7.76;7.84;7.91;8.00;8.08;8.16;8.24;8.32;8.40;;;;;;;;;;;;;;;;;;;;;;;
-1.600;;;;;;;;;;;;;8.30;8.24;8.18;8.12;8.06;8.01;7.95;7.90;7.85;7.80;7.75;7.71;7.66;7.62;7.58;7.55;7.52;7.49;7.46;7.43;7.41;7.39;7.37;7.35;7.33;7.31;7.29;7.27;7.26;7.24;7.22;7.21;7.19;7.17;7.15;7.13;7.11;7.09;7.06;7.04;7.01;6.98;6.95;6.92;6.88;6.85;6.81;6.77;6.73;6.69;6.65;6.61;6.57;6.53;6.48;6.45;6.41;6.38;6.35;6.33;6.31;6.30;6.29;6.29;6.29;6.30;6.31;6.32;6.34;6.36;6.39;6.41;6.44;6.47;6.51;6.54;6.58;6.61;6.65;6.69;6.73;6.77;6.81;6.86;6.91;6.95;7.00;7.05;7.11;7.16;7.22;7.28;7.34;7.41;7.48;7.55;7.62;7.70;7.77;7.85;7.93;8.01;8.09;8.18;8.26;8.34;;;;;;;;;;;;;;;;;;;;;;;;
-1.700;;;;;;;;;;;;;8.32;8.26;8.19;8.13;8.08;8.02;7.97;7.91;7.86;7.81;7.77;7.72;7.67;7.63;7.59;7.55;7.52;7.49;7.46;7.43;7.41;7.38;7.36;7.34;7.32;7.30;7.28;7.27;7.25;7.23;7.21;7.19;7.18;7.16;7.14;7.12;7.09;7.07;7.05;7.02;6.99;6.96;6.93;6.90;6.86;6.83;6.79;6.75;6.71;6.67;6.63;6.59;6.55;6.51;6.47;6.43;6.40;6.37;6.34;6.32;6.30;6.29;6.28;6.28;6.28;6.29;6.30;6.31;6.33;6.35;6.38;6.40;6.43;6.46;6.50;6.53;6.57;6.60;6.64;6.68;6.73;6.77;6.81;6.86;6.91;6.96;7.01;7.06;7.12;7.17;7.23;7.29;7.36;7.43;7.49;7.57;7.64;7.71;7.79;7.87;7.95;8.03;8.11;8.19;8.27;8.35;;;;;;;;;;;;;;;;;;;;;;;;
-1.800;;;;;;;;;;;;;;8.28;8.21;8.15;8.09;8.03;7.98;7.93;7.88;7.83;7.78;7.73;7.69;7.64;7.60;7.56;7.53;7.49;7.46;7.43;7.41;7.38;7.36;7.34;7.32;7.30;7.28;7.26;7.24;7.22;7.20;7.18;7.16;7.14;7.12;7.10;7.08;7.06;7.03;7.00;6.98;6.95;6.91;6.88;6.85;6.81;6.78;6.74;6.70;6.66;6.62;6.58;6.54;6.50;6.46;6.43;6.39;6.36;6.34;6.32;6.30;6.29;6.28;6.28;6.28;6.28;6.29;6.31;6.33;6.35;6.37;6.40;6.42;6.46;6.49;6.52;6.56;6.60;6.64;6.68;6.72;6.77;6.82;6.86;6.91;6.96;7.02;7.07;7.13;7.19;7.25;7.31;7.38;7.44;7.51;7.59;7.66;7.73;7.81;7.89;7.97;8.05;8.13;8.21;8.29;8.37;;;;;;;;;;;;;;;;;;;;;;;;
-1.900;;;;;;;;;;;;;;8.30;8.23;8.17;8.11;8.05;8.00;7.94;7.89;7.84;7.79;7.74;7.70;7.65;7.61;7.57;7.53;7.50;7.47;7.44;7.41;7.38;7.36;7.33;7.31;7.29;7.27;7.25;7.23;7.21;7.19;7.17;7.15;7.13;7.11;7.09;7.07;7.04;7.02;6.99;6.96;6.93;6.90;6.87;6.83;6.80;6.76;6.72;6.69;6.65;6.61;6.57;6.53;6.49;6.46;6.42;6.39;6.36;6.34;6.32;6.30;6.29;6.28;6.28;6.28;6.28;6.29;6.31;6.32;6.34;6.37;6.39;6.42;6.45;6.49;6.52;6.56;6.60;6.64;6.68;6.73;6.78;6.82;6.87;6.92;6.98;7.03;7.09;7.14;7.20;7.27;7.33;7.40;7.46;7.54;7.61;7.68;7.76;7.83;7.91;7.99;8.07;8.15;8.23;8.31;;;;;;;;;;;;;;;;;;;;;;;;;
-2.000;;;;;;;;;;;;;;8.32;8.25;8.19;8.13;8.07;8.01;7.96;7.91;7.85;7.81;7.76;7.71;7.67;7.62;7.58;7.54;7.51;7.47;7.44;7.41;7.39;7.36;7.33;7.31;7.29;7.27;7.25;7.23;7.21;7.19;7.17;7.15;7.12;7.10;7.08;7.06;7.03;7.01;6.98;6.95;6.92;6.89;6.86;6.82;6.79;6.75;6.71;6.68;6.64;6.60;6.56;6.52;6.49;6.45;6.42;6.39;6.36;6.34;6.32;6.30;6.29;6.28;6.28;6.28;6.29;6.30;6.31;6.33;6.35;6.37;6.40;6.43;6.46;6.49;6.53;6.57;6.61;6.65;6.69;6.74;6.79;6.84;6.89;6.94;6.99;7.05;7.11;7.16;7.23;7.29;7.35;7.42;7.49;7.56;7.63;7.71;7.78;7.86;7.94;8.02;8.10;8.18;8.26;8.34;;;;;;;;;;;;;;;;;;;;;;;;;
-2.100;;;;;;;;;;;;;;;8.28;8.21;8.15;8.09;8.03;7.98;7.92;7.87;7.82;7.77;7.73;7.68;7.64;7.60;7.56;7.52;7.48;7.45;7.42;7.39;7.36;7.34;7.31;7.29;7.27;7.24;7.22;7.20;7.18;7.16;7.14;7.12;7.10;7.07;7.05;7.02;7.00;6.97;6.94;6.91;6.88;6.85;6.82;6.78;6.74;6.71;6.67;6.63;6.60;6.56;6.52;6.49;6.45;6.42;6.39;6.37;6.35;6.33;6.31;6.30;6.29;6.29;6.29;6.30;6.31;6.32;6.34;6.36;6.38;6.41;6.43;6.47;6.50;6.54;6.58;6.62;6.66;6.71;6.75;6.80;6.85;6.90;6.96;7.01;7.07;7.13;7.19;7.25;7.31;7.38;7.45;7.52;7.59;7.66;7.73;7.81;7.89;7.96;8.04;8.12;8.20;8.28;;;;;;;;;;;;;;;;;;;;;;;;;;
-2.200;;;;;;;;;;;;;;;8.31;8.24;8.17;8.11;8.05;8.00;7.94;7.89;7.84;7.79;7.74;7.70;7.66;7.61;7.57;7.53;7.49;7.46;7.43;7.40;7.37;7.34;7.32;7.29;7.27;7.24;7.22;7.20;7.18;7.16;7.14;7.11;7.09;7.07;7.04;7.02;6.99;6.96;6.94;6.91;6.88;6.84;6.81;6.78;6.74;6.71;6.67;6.63;6.60;6.56;6.53;6.49;6.46;6.43;6.40;6.38;6.36;6.34;6.32;6.31;6.30;6.30;6.30;6.31;6.32;6.33;6.35;6.37;6.39;6.42;6.45;6.48;6.52;6.55;6.59;6.63;6.68;6.72;6.77;6.82;6.87;6.93;6.98;7.04;7.09;7.15;7.22;7.28;7.34;7.41;7.48;7.55;7.62;7.69;7.76;7.84;7.92;7.99;8.07;8.15;8.23;8.31;;;;;;;;;;;;;;;;;;;;;;;;;;
-2.300;;;;;;;;;;;;;;;;8.27;8.20;8.14;8.08;8.02;7.96;7.91;7.86;7.81;7.76;7.72;7.67;7.63;7.59;7.55;7.51;7.47;7.44;7.41;7.38;7.35;7.32;7.30;7.27;7.25;7.22;7.20;7.18;7.16;7.13;7.11;7.09;7.06;7.04;7.01;6.99;6.96;6.93;6.90;6.87;6.84;6.81;6.77;6.74;6.71;6.67;6.63;6.60;6.57;6.53;6.50;6.47;6.44;6.41;6.39;6.37;6.35;6.34;6.33;6.32;6.32;6.32;6.33;6.34;6.35;6.37;6.39;6.41;6.44;6.47;6.50;6.53;6.57;6.61;6.65;6.70;6.75;6.79;6.85;6.90;6.95;7.01;7.06;7.12;7.18;7.25;7.31;7.38;7.44;7.51;7.58;7.65;7.72;7.80;7.87;7.95;8.03;8.10;8.18;8.26;;;;;;;;;;;;;;;;;;;;;;;;;;;
-2.400;;;;;;;;;;;;;;;;8.30;8.23;8.16;8.10;8.04;7.98;7.93;7.88;7.83;7.78;7.74;7.69;7.65;7.61;7.56;7.53;7.49;7.45;7.42;7.39;7.36;7.33;7.30;7.28;7.25;7.23;7.20;7.18;7.16;7.13;7.11;7.09;7.06;7.04;7.01;6.99;6.96;6.93;6.90;6.87;6.84;6.81;6.78;6.74;6.71;6.67;6.64;6.61;6.57;6.54;6.51;6.48;6.45;6.43;6.41;6.39;6.37;6.36;6.35;6.34;6.34;6.34;6.35;6.36;6.37;6.39;6.41;6.43;6.46;6.49;6.52;6.56;6.60;6.64;6.68;6.73;6.77;6.82;6.87;6.93;6.98;7.04;7.10;7.16;7.22;7.28;7.35;7.41;7.48;7.55;7.62;7.69;7.76;7.83;7.91;7.98;8.06;8.14;8.21;8.29;;;;;;;;;;;;;;;;;;;;;;;;;;;
-2.500;;;;;;;;;;;;;;;;;8.26;8.19;8.13;8.07;8.01;7.95;7.90;7.85;7.80;7.76;7.71;7.67;7.63;7.58;7.54;7.51;7.47;7.43;7.40;7.37;7.34;7.31;7.29;7.26;7.23;7.21;7.18;7.16;7.14;7.11;7.09;7.06;7.04;7.01;6.99;6.96;6.93;6.90;6.87;6.84;6.81;6.78;6.75;6.72;6.68;6.65;6.62;6.59;6.55;6.52;6.50;6.47;6.45;6.43;6.41;6.39;6.38;6.37;6.37;6.36;6.37;6.37;6.38;6.40;6.41;6.44;6.46;6.49;6.52;6.55;6.59;6.63;6.67;6.71;6.76;6.81;6.86;6.91;6.96;7.02;7.08;7.13;7.20;7.26;7.32;7.39;7.45;7.52;7.59;7.66;7.73;7.80;7.87;7.95;8.02;8.10;8.17;8.25;;;;;;;;;;;;;;;;;;;;;;;;;;;;
-2.600;;;;;;;;;;;;;;;;;8.29;8.22;8.16;8.10;8.03;7.98;7.92;7.87;7.82;7.78;7.73;7.69;7.65;7.61;7.57;7.53;7.49;7.45;7.42;7.39;7.35;7.32;7.30;7.27;7.24;7.22;7.19;7.17;7.14;7.12;7.09;7.07;7.04;7.02;6.99;6.97;6.94;6.91;6.88;6.85;6.82;6.79;6.76;6.73;6.69;6.66;6.63;6.60;6.57;6.54;6.52;6.49;6.47;6.45;6.43;6.42;6.41;6.40;6.39;6.39;6.40;6.40;6.41;6.43;6.45;6.47;6.49;6.52;6.55;6.58;6.62;6.66;6.70;6.75;6.79;6.84;6.89;6.95;7.00;7.06;7.12;7.18;7.24;7.30;7.36;7.43;7.50;7.56;7.63;7.70;7.77;7.84;7.92;7.99;8.06;8.14;8.21;8.29;;;;;;;;;;;;;;;;;;;;;;;;;;;;
-2.700;;;;;;;;;;;;;;;;;;8.26;8.19;8.13;8.06;8.00;7.95;7.90;7.85;7.80;7.75;7.71;7.67;7.63;7.59;7.55;7.51;7.47;7.44;7.40;7.37;7.34;7.31;7.28;7.25;7.23;7.20;7.18;7.15;7.13;7.10;7.08;7.05;7.03;7.00;6.97;6.94;6.92;6.89;6.86;6.83;6.80;6.77;6.74;6.71;6.68;6.65;6.62;6.59;6.56;6.54;6.52;6.49;6.48;6.46;6.45;6.44;6.43;6.43;6.43;6.43;6.44;6.45;6.46;6.48;6.50;6.53;6.56;6.59;6.62;6.66;6.70;6.74;6.79;6.84;6.88;6.94;6.99;7.05;7.10;7.16;7.22;7.28;7.35;7.41;7.48;7.54;7.61;7.68;7.75;7.82;7.89;7.96;8.03;8.11;8.18;8.25;;;;;;;;;;;;;;;;;;;;;;;;;;;;;
-2.800;;;;;;;;;;;;;;;;;;8.30;8.23;8.16;8.10;8.03;7.98;7.92;7.87;7.82;7.78;7.73;7.69;7.65;7.61;7.57;7.53;7.49;7.46;7.42;7.39;7.36;7.33;7.30;7.27;7.24;7.22;7.19;7.16;7.14;7.11;7.09;7.06;7.03;7.01;6.98;6.96;6.93;6.90;6.87;6.84;6.81;6.78;6.75;6.73;6.70;6.67;6.64;6.61;6.59;6.57;6.54;6.52;6.51;6.49;6.48;6.47;6.47;6.46;6.46;6.47;6.48;6.49;6.50;6.52;6.54;6.57;6.60;6.63;6.67;6.70;6.74;6.79;6.83;6.88;6.93;6.98;7.04;7.09;7.15;7.21;7.27;7.33;7.40;7.46;7.53;7.59;7.66;7.73;7.80;7.87;7.94;8.01;8.08;8.15;8.22;8.29;;;;;;;;;;;;;;;;;;;;;;;;;;;;;
-2.900;;;;;;;;;;;;;;;;;;;8.26;8.20;8.13;8.07;8.01;7.95;7.90;7.85;7.80;7.76;7.72;7.68;7.64;7.60;7.56;7.52;7.48;7.45;7.41;7.38;7.35;7.32;7.29;7.26;7.23;7.20;7.18;7.15;7.13;7.10;7.07;7.05;7.02;6.99;6.97;6.94;6.91;6.89;6.86;6.83;6.80;6.77;6.75;6.72;6.69;6.67;6.64;6.62;6.60;6.58;6.56;6.54;6.53;6.52;6.51;6.51;6.50;6.51;6.51;6.52;6.53;6.55;6.57;6.59;6.62;6.65;6.68;6.71;6.75;6.79;6.84;6.88;6.93;6.98;7.04;7.09;7.15;7.21;7.27;7.33;7.39;7.45;7.52;7.58;7.65;7.71;7.78;7.85;7.92;7.99;8.06;8.13;8.20;8.27;;;;;;;;;;;;;;;;;;;;;;;;;;;;;;
-3.000;;;;;;;;;;;;;;;;;;;8.31;8.24;8.17;8.10;8.04;7.98;7.93;7.88;7.83;7.78;7.74;7.70;7.66;7.62;7.59;7.55;7.51;7.47;7.44;7.40;7.37;7.34;7.31;7.28;7.25;7.22;7.19;7.17;7.14;7.12;7.09;7.06;7.04;7.01;6.98;6.96;6.93;6.90;6.88;6.85;6.82;6.80;6.77;6.74;6.72;6.69;6.67;6.65;6.63;6.61;6.59;6.58;6.57;6.56;6.55;6.55;6.55;6.55;6.56;6.57;6.58;6.60;6.62;6.64;6.67;6.70;6.73;6.77;6.81;6.85;6.89;6.94;6.99;7.04;7.09;7.15;7.21;7.26;7.32;7.39;7.45;7.51;7.57;7.64;7.70;7.77;7.84;7.91;7.97;8.04;8.11;8.18;8.25;;;;;;;;;;;;;;;;;;;;;;;;;;;;;;;
-3.100;;;;;;;;;;;;;;;;;;;;8.28;8.21;8.14;8.08;8.02;7.96;7.91;7.86;7.81;7.77;7.73;7.69;7.65;7.61;7.58;7.54;7.50;7.46;7.43;7.40;7.36;7.33;7.30;7.27;7.24;7.21;7.19;7.16;7.13;7.11;7.08;7.06;7.03;7.00;6.98;6.95;6.93;6.90;6.87;6.85;6.82;6.80;6.77;6.75;6.73;6.70;6.68;6.67;6.65;6.63;6.62;6.61;6.60;6.60;6.60;6.60;6.60;6.61;6.62;6.63;6.65;6.67;6.70;6.72;6.75;6.79;6.82;6.86;6.91;6.95;7.00;7.05;7.10;7.15;7.21;7.27;7.33;7.39;7.45;7.51;7.57;7.63;7.70;7.76;7.83;7.90;7.96;8.03;8.10;8.17;8.23;8.30;;;;;;;;;;;;;;;;;;;;;;;;;;;;;;;
-3.200;;;;;;;;;;;;;;;;;;;;;8.25;8.18;8.12;8.06;8.00;7.94;7.89;7.84;7.80;7.76;7.72;7.68;7.64;7.60;7.57;7.53;7.49;7.46;7.42;7.39;7.36;7.33;7.30;7.27;7.24;7.21;7.18;7.16;7.13;7.10;7.08;7.05;7.03;7.00;6.97;6.95;6.92;6.90;6.88;6.85;6.83;6.80;6.78;6.76;6.74;6.72;6.71;6.69;6.68;6.67;6.66;6.65;6.65;6.65;6.65;6.66;6.66;6.68;6.69;6.71;6.73;6.76;6.78;6.82;6.85;6.89;6.93;6.97;7.01;7.06;7.11;7.17;7.22;7.28;7.33;7.39;7.45;7.51;7.57;7.63;7.70;7.76;7.83;7.89;7.96;8.02;8.09;8.15;8.22;8.29;;;;;;;;;;;;;;;;;;;;;;;;;;;;;;;;
-3.300;;;;;;;;;;;;;;;;;;;;;;8.23;8.16;8.10;8.04;7.98;7.93;7.88;7.83;7.79;7.74;7.71;7.67;7.63;7.60;7.56;7.53;7.49;7.46;7.42;7.39;7.36;7.32;7.29;7.26;7.24;7.21;7.18;7.15;7.13;7.10;7.08;7.05;7.03;7.00;6.98;6.95;6.93;6.91;6.88;6.86;6.84;6.82;6.80;6.78;6.77;6.75;6.74;6.73;6.72;6.71;6.70;6.70;6.70;6.71;6.71;6.72;6.74;6.75;6.77;6.79;6.82;6.85;6.88;6.92;6.95;6.99;7.04;7.08;7.13;7.18;7.23;7.29;7.34;7.40;7.46;7.52;7.58;7.64;7.70;7.76;7.83;7.89;7.95;8.02;8.08;8.15;8.21;8.28;;;;;;;;;;;;;;;;;;;;;;;;;;;;;;;;;
-3.400;;;;;;;;;;;;;;;;;;;;;;8.28;8.21;8.14;8.08;8.02;7.96;7.91;7.86;7.82;7.78;7.74;7.70;7.66;7.63;7.59;7.56;7.52;7.49;7.45;7.42;7.39;7.35;7.32;7.29;7.26;7.24;7.21;7.18;7.16;7.13;7.10;7.08;7.06;7.03;7.01;6.98;6.96;6.94;6.92;6.90;6.88;6.86;6.84;6.83;6.81;6.80;6.79;6.78;6.77;6.76;6.76;6.76;6.76;6.77;6.78;6.79;6.80;6.82;6.84;6.86;6.89;6.92;6.95;6.99;7.02;7.07;7.11;7.16;7.20;7.25;7.31;7.36;7.42;7.47;7.53;7.59;7.65;7.71;7.77;7.83;7.89;7.96;8.02;8.08;8.15;8.21;8.27;;;;;;;;;;;;;;;;;;;;;;;;;;;;;;;;;;
-3.500;;;;;;;;;;;;;;;;;;;;;;;8.26;8.19;8.13;8.06;8.01;7.95;7.90;7.85;7.81;7.77;7.73;7.69;7.66;7.62;7.59;7.56;7.52;7.49;7.45;7.42;7.39;7.36;7.33;7.30;7.27;7.24;7.21;7.19;7.16;7.14;7.11;7.09;7.06;7.04;7.02;7.00;6.98;6.96;6.94;6.92;6.90;6.89;6.87;6.86;6.85;6.84;6.83;6.83;6.82;6.82;6.82;6.83;6.83;6.84;6.85;6.87;6.89;6.91;6.93;6.96;6.99;7.02;7.06;7.10;7.14;7.18;7.23;7.28;7.33;7.38;7.44;7.49;7.55;7.60;7.66;7.72;7.78;7.84;7.90;7.96;8.02;8.08;8.15;8.21;8.27;8.33;;;;;;;;;;;;;;;;;;;;;;;;;;;;;;;;;;
-3.600;;;;;;;;;;;;;;;;;;;;;;;;8.24;8.18;8.11;8.05;8.00;7.94;7.89;7.85;7.81;7.77;7.73;7.69;7.66;7.62;7.59;7.56;7.53;7.49;7.46;7.43;7.39;7.36;7.33;7.30;7.27;7.25;7.22;7.20;7.17;7.15;7.12;7.10;7.08;7.06;7.04;7.02;7.00;6.98;6.97;6.95;6.94;6.92;6.91;6.90;6.90;6.89;6.89;6.88;6.88;6.89;6.89;6.90;6.91;6.93;6.94;6.96;6.98;7.01;7.04;7.07;7.10;7.14;7.18;7.22;7.26;7.31;7.36;7.41;7.46;7.51;7.57;7.62;7.68;7.73;7.79;7.85;7.91;7.97;8.03;8.09;8.15;8.21;8.27;8.33;;;;;;;;;;;;;;;;;;;;;;;;;;;;;;;;;;;
-3.700;;;;;;;;;;;;;;;;;;;;;;;;;8.23;8.16;8.10;8.04;7.99;7.94;7.89;7.84;7.80;7.76;7.73;7.69;7.66;7.63;7.59;7.56;7.53;7.50;7.46;7.43;7.40;7.37;7.34;7.31;7.29;7.26;7.23;7.21;7.19;7.16;7.14;7.12;7.10;7.08;7.06;7.05;7.03;7.02;7.00;6.99;6.98;6.97;6.96;6.96;6.95;6.95;6.95;6.95;6.96;6.96;6.97;6.99;7.00;7.02;7.04;7.06;7.09;7.12;7.15;7.18;7.22;7.26;7.30;7.35;7.39;7.44;7.49;7.54;7.59;7.64;7.70;7.75;7.81;7.86;7.92;7.98;8.04;8.10;8.16;8.22;8.27;8.33;;;;;;;;;;;;;;;;;;;;;;;;;;;;;;;;;;;;
-3.800;;;;;;;;;;;;;;;;;;;;;;;;;;8.22;8.16;8.10;8.04;7.99;7.93;7.89;7.84;7.80;7.77;7.73;7.70;7.66;7.63;7.60;7.57;7.54;7.51;7.47;7.44;7.41;7.38;7.35;7.33;7.30;7.27;7.25;7.23;7.21;7.18;7.16;7.15;7.13;7.11;7.10;7.08;7.07;7.06;7.05;7.04;7.03;7.02;7.02;7.02;7.02;7.02;7.02;7.03;7.04;7.05;7.06;7.08;7.10;7.12;7.14;7.17;7.20;7.23;7.27;7.30;7.34;7.39;7.43;7.47;7.52;7.57;7.62;7.67;7.72;7.77;7.83;7.88;7.94;7.99;8.05;8.11;8.17;8.22;8.28;8.34;;;;;;;;;;;;;;;;;;;;;;;;;;;;;;;;;;;;;
-3.900;;;;;;;;;;;;;;;;;;;;;;;;;;;8.21;8.15;8.09;8.04;7.98;7.94;7.89;7.85;7.81;7.77;7.74;7.70;7.67;7.64;7.61;7.58;7.55;7.52;7.49;7.46;7.43;7.40;7.37;7.34;7.32;7.30;7.27;7.25;7.23;7.21;7.19;7.18;7.16;7.15;7.14;7.12;7.11;7.10;7.10;7.09;7.09;7.09;7.09;7.09;7.09;7.10;7.10;7.11;7.13;7.14;7.16;7.18;7.20;7.23;7.26;7.29;7.32;7.35;7.39;7.43;7.47;7.51;7.55;7.60;7.65;7.69;7.74;7.79;7.85;7.90;7.95;8.01;8.06;8.12;8.18;8.23;8.29;8.34;;;;;;;;;;;;;;;;;;;;;;;;;;;;;;;;;;;;;;
-4.000;;;;;;;;;;;;;;;;;;;;;;;;;;;;8.21;8.15;8.09;8.04;7.99;7.94;7.90;7.85;7.82;7.78;7.74;7.71;7.68;7.65;7.62;7.59;7.56;7.53;7.50;7.47;7.45;7.42;7.39;7.37;7.34;7.32;7.30;7.28;7.26;7.25;7.23;7.22;7.20;7.19;7.18;7.17;7.17;7.16;7.16;7.16;7.16;7.16;7.16;7.17;7.17;7.18;7.19;7.21;7.22;7.24;7.26;7.29;7.31;7.34;7.37;7.40;7.44;7.47;7.51;7.55;7.59;7.63;7.68;7.72;7.77;7.82;7.87;7.92;7.97;8.03;8.08;8.14;8.19;8.24;8.30;8.35;;;;;;;;;;;;;;;;;;;;;;;;;;;;;;;;;;;;;;;
-4.100;;;;;;;;;;;;;;;;;;;;;;;;;;;;;8.21;8.15;8.10;8.05;8.00;7.95;7.91;7.86;7.83;7.79;7.76;7.72;7.69;7.66;7.63;7.61;7.58;7.55;7.52;7.50;7.47;7.44;7.42;7.40;7.38;7.36;7.34;7.32;7.30;7.29;7.28;7.26;7.25;7.25;7.24;7.23;7.23;7.23;7.23;7.23;7.23;7.24;7.24;7.25;7.26;7.28;7.29;7.31;7.33;7.35;7.37;7.40;7.43;7.45;7.49;7.52;7.55;7.59;7.63;7.67;7.71;7.76;7.80;7.85;7.90;7.94;8.00;8.05;8.10;8.15;8.20;8.26;8.31;;;;;;;;;;;;;;;;;;;;;;;;;;;;;;;;;;;;;;;;;
-4.200;;;;;;;;;;;;;;;;;;;;;;;;;;;;;;8.22;8.16;8.11;8.06;8.01;7.96;7.92;7.88;7.84;7.81;7.77;7.74;7.71;7.68;7.65;7.63;7.60;7.57;7.55;7.52;7.50;7.48;7.45;7.43;7.41;7.39;7.38;7.36;7.35;7.34;7.33;7.32;7.31;7.31;7.30;7.30;7.30;7.30;7.30;7.31;7.32;7.32;7.33;7.35;7.36;7.38;7.39;7.41;7.43;7.46;7.48;7.51;7.54;7.57;7.60;7.63;7.67;7.71;7.75;7.79;7.83;7.88;7.92;7.97;8.02;8.07;8.12;8.17;8.22;8.27;8.32;;;;;;;;;;;;;;;;;;;;;;;;;;;;;;;;;;;;;;;;;;
-4.300;;;;;;;;;;;;;;;;;;;;;;;;;;;;;;;8.23;8.17;8.12;8.07;8.02;7.98;7.94;7.90;7.86;7.83;7.80;7.76;7.73;7.71;7.68;7.65;7.63;7.60;7.58;7.56;7.53;7.51;7.49;7.47;7.46;7.44;7.43;7.41;7.40;7.39;7.39;7.38;7.38;7.37;7.37;7.37;7.38;7.38;7.39;7.39;7.40;7.41;7.43;7.44;7.46;7.47;7.49;7.51;7.54;7.56;7.59;7.62;7.65;7.68;7.71;7.75;7.79;7.83;7.87;7.91;7.95;8.00;8.04;8.09;8.14;8.19;8.24;8.28;8.33;;;;;;;;;;;;;;;;;;;;;;;;;;;;;;;;;;;;;;;;;;;
-4.400;;;;;;;;;;;;;;;;;;;;;;;;;;;;;;;;;8.19;8.14;8.09;8.04;8.00;7.96;7.92;7.89;7.85;7.82;7.79;7.76;7.74;7.71;7.68;7.66;7.64;7.61;7.59;7.57;7.55;7.54;7.52;7.51;7.49;7.48;7.47;7.46;7.46;7.45;7.45;7.45;7.45;7.45;7.45;7.46;7.46;7.47;7.48;7.49;7.51;7.52;7.54;7.55;7.57;7.59;7.62;7.64;7.67;7.70;7.73;7.76;7.79;7.83;7.86;7.90;7.94;7.98;8.03;8.07;8.12;8.16;8.21;8.25;8.30;;;;;;;;;;;;;;;;;;;;;;;;;;;;;;;;;;;;;;;;;;;;;
-4.500;;;;;;;;;;;;;;;;;;;;;;;;;;;;;;;;;;8.21;8.16;8.11;8.07;8.03;7.99;7.95;7.92;7.88;7.85;7.82;7.80;7.77;7.74;7.72;7.70;7.68;7.66;7.64;7.62;7.60;7.59;7.57;7.56;7.55;7.54;7.53;7.53;7.52;7.52;7.52;7.52;7.52;7.53;7.53;7.54;7.55;7.56;7.57;7.58;7.60;7.61;7.63;7.65;7.67;7.69;7.72;7.74;7.77;7.80;7.83;7.87;7.90;7.94;7.98;8.02;8.06;8.10;8.14;8.18;8.23;8.27;8.32;;;;;;;;;;;;;;;;;;;;;;;;;;;;;;;;;;;;;;;;;;;;;;
-4.600;;;;;;;;;;;;;;;;;;;;;;;;;;;;;;;;;;;;8.19;8.14;8.10;8.06;8.02;7.98;7.95;7.92;7.89;7.86;7.83;7.81;7.79;7.76;7.74;7.72;7.70;7.69;7.67;7.66;7.64;7.63;7.62;7.61;7.61;7.60;7.60;7.60;7.60;7.60;7.60;7.60;7.61;7.62;7.63;7.64;7.65;7.66;7.68;7.69;7.71;7.73;7.75;7.77;7.80;7.82;7.85;7.88;7.91;7.94;7.98;8.01;8.05;8.09;8.13;8.17;8.21;8.25;8.29;;;;;;;;;;;;;;;;;;;;;;;;;;;;;;;;;;;;;;;;;;;;;;;;
-4.700;;;;;;;;;;;;;;;;;;;;;;;;;;;;;;;;;;;;;8.22;8.18;8.13;8.09;8.06;8.02;7.99;7.96;7.93;7.90;7.88;7.85;7.83;7.81;7.79;7.78;7.76;7.74;7.73;7.72;7.71;7.70;7.69;7.68;7.68;7.68;7.67;7.67;7.67;7.68;7.68;7.69;7.70;7.70;7.71;7.73;7.74;7.75;7.77;7.79;7.81;7.83;7.85;7.87;7.90;7.93;7.96;7.99;8.02;8.05;8.09;8.12;8.16;8.20;8.23;8.27;8.31;;;;;;;;;;;;;;;;;;;;;;;;;;;;;;;;;;;;;;;;;;;;;;;;;
-4.800;;;;;;;;;;;;;;;;;;;;;;;;;;;;;;;;;;;;;;;8.21;8.17;8.14;8.10;8.07;8.03;8.01;7.98;7.95;7.93;7.91;7.89;7.87;7.85;7.83;7.82;7.81;7.79;7.78;7.77;7.77;7.76;7.76;7.75;7.75;7.75;7.75;7.76;7.76;7.77;7.78;7.78;7.80;7.81;7.82;7.83;7.85;7.87;7.89;7.91;7.93;7.95;7.98;8.01;8.03;8.06;8.09;8.13;8.16;8.19;8.23;8.26;8.30;;;;;;;;;;;;;;;;;;;;;;;;;;;;;;;;;;;;;;;;;;;;;;;;;;;
-4.900;;;;;;;;;;;;;;;;;;;;;;;;;;;;;;;;;;;;;;;;;8.22;8.18;8.15;8.12;8.09;8.06;8.03;8.01;7.99;7.96;7.95;7.93;7.91;7.90;7.89;7.87;7.86;7.86;7.85;7.84;7.84;7.84;7.84;7.84;7.84;7.84;7.85;7.85;7.86;7.87;7.88;7.89;7.90;7.92;7.93;7.95;7.97;7.99;8.01;8.03;8.06;8.09;8.11;8.14;8.17;8.20;8.23;8.26;8.29;;;;;;;;;;;;;;;;;;;;;;;;;;;;;;;;;;;;;;;;;;;;;;;;;;;;;
-5.000;;;;;;;;;;;;;;;;;;;;;;;;;;;;;;;;;;;;;;;;;;;8.24;8.20;8.17;8.14;8.12;8.09;8.07;8.05;8.03;8.01;8.00;7.98;7.97;7.96;7.95;7.94;7.93;7.93;7.92;7.92;7.92;7.92;7.92;7.93;7.93;7.94;7.95;7.95;7.96;7.98;7.99;8.00;8.02;8.04;8.05;8.07;8.09;8.12;8.14;8.16;8.19;8.21;8.24;8.27;8.29;;;;;;;;;;;;;;;;;;;;;;;;;;;;;;;;;;;;;;;;;;;;;;;;;;;;;;;
-5.100;;;;;;;;;;;;;;;;;;;;;;;;;;;;;;;;;;;;;;;;;;;;;;8.23;8.21;8.18;8.16;8.14;8.12;8.10;8.09;8.07;8.06;8.05;8.04;8.03;8.02;8.02;8.01;8.01;8.01;8.01;8.01;8.02;8.02;8.03;8.04;8.04;8.05;8.06;8.08;8.09;8.11;8.12;8.14;8.16;8.18;8.20;8.22;8.24;8.26;8.29;;;;;;;;;;;;;;;;;;;;;;;;;;;;;;;;;;;;;;;;;;;;;;;;;;;;;;;;;;
-5.200;;;;;;;;;;;;;;;;;;;;;;;;;;;;;;;;;;;;;;;;;;;;;;;;;8.25;8.23;8.21;8.19;8.18;8.16;8.15;8.14;8.13;8.12;8.12;8.11;8.11;8.11;8.11;8.11;8.11;8.11;8.12;8.12;8.13;8.14;8.15;8.16;8.17;8.18;8.19;8.21;8.22;8.24;8.26;8.28;8.29;;;;;;;;;;;;;;;;;;;;;;;;;;;;;;;;;;;;;;;;;;;;;;;;;;;;;;;;;;;;;
-5.300;;;;;;;;;;;;;;;;;;;;;;;;;;;;;;;;;;;;;;;;;;;;;;;;;;;;8.29;8.28;8.26;8.25;8.24;8.23;8.22;8.22;8.21;8.21;8.21;8.20;8.21;8.21;8.21;8.21;8.22;8.23;8.23;8.24;8.25;8.26;8.27;8.28;8.30;8.31;;;;;;;;;;;;;;;;;;;;;;;;;;;;;;;;;;;;;;;;;;;;;;;;;;;;;;;;;;;;;;;;;
-5.400;;;;;;;;;;;;;;;;;;;;;;;;;;;;;;;;;;;;;;;;;;;;;;;;;;;;;;;;;;8.33;8.32;8.32;8.31;8.31;8.31;8.31;8.31;8.31;8.31;8.32;8.32;8.33;8.34;8.35;;;;;;;;;;;;;;;;;;;;;;;;;;;;;;;;;;;;;;;;;;;;;;;;;;;;;;;;;;;;;;;;;;;;;;
-5.500;;;;;;;;;;;;;;;;;;;;;;;;;;;;;;;;;;;;;;;;;;;;;;;;;;;;;;;;;;;;;;;;;;;;;;;;;;;;;;;;;;;;;;;;;;;;;;;;;;;;;;;;;;;;;;;;;;;;;;;;;;;;;;;;;;;;;;;;;;;;;;
-5.600;;;;;;;;;;;;;;;;;;;;;;;;;;;;;;;;;;;;;;;;;;;;;;;;;;;;;;;;;;;;;;;;;;;;;;;;;;;;;;;;;;;;;;;;;;;;;;;;;;;;;;;;;;;;;;;;;;;;;;;;;;;;;;;;;;;;;;;;;;;;;;
-5.700;;;;;;;;;;;;;;;;;;;;;;;;;;;;;;;;;;;;;;;;;;;;;;;;;;;;;;;;;;;;;;;;;;;;;;;;;;;;;;;;;;;;;;;;;;;;;;;;;;;;;;;;;;;;;;;;;;;;;;;;;;;;;;;;;;;;;;;;;;;;;;
-5.800;;;;;;;;;;;;;;;;;;;;;;;;;;;;;;;;;;;;;;;;;;;;;;;;;;;;;;;;;;;;;;;;;;;;;;;;;;;;;;;;;;;;;;;;;;;;;;;;;;;;;;;;;;;;;;;;;;;;;;;;;;;;;;;;;;;;;;;;;;;;;;
-5.900;;;;;;;;;;;;;;;;;;;;;;;;;;;;;;;;;;;;;;;;;;;;;;;;;;;;;;;;;;;;;;;;;;;;;;;;;;;;;;;;;;;;;;;;;;;;;;;;;;;;;;;;;;;;;;;;;;;;;;;;;;;;;;;;;;;;;;;;;;;;;;
-6.000;;;;;;;;;;;;;;;;;;;;;;;;;;;;;;;;;;;;;;;;;;;;;;;;;;;;;;;;;;;;;;;;;;;;;;;;;;;;;;;;;;;;;;;;;;;;;;;;;;;;;;;;;;;;;;;;;;;;;;;;;;;;;;;;;;;;;;;;;;;;;;
-6.100;;;;;;;;;;;;;;;;;;;;;;;;;;;;;;;;;;;;;;;;;;;;;;;;;;;;;;;;;;;;;;;;;;;;;;;;;;;;;;;;;;;;;;;;;;;;;;;;;;;;;;;;;;;;;;;;;;;;;;;;;;;;;;;;;;;;;;;;;;;;;;
-6.200;;;;;;;;;;;;;;;;;;;;;;;;;;;;;;;;;;;;;;;;;;;;;;;;;;;;;;;;;;;;;;;;;;;;;;;;;;;;;;;;;;;;;;;;;;;;;;;;;;;;;;;;;;;;;;;;;;;;;;;;;;;;;;;;;;;;;;;;;;;;;;
-6.300;;;;;;;;;;;;;;;;;;;;;;;;;;;;;;;;;;;;;;;;;;;;;;;;;;;;;;;;;;;;;;;;;;;;;;;;;;;;;;;;;;;;;;;;;;;;;;;;;;;;;;;;;;;;;;;;;;;;;;;;;;;;;;;;;;;;;;;;;;;;;;
-6.400;;;;;;;;;;;;;;;;;;;;;;;;;;;;;;;;;;;;;;;;;;;;;;;;;;;;;;;;;;;;;;;;;;;;;;;;;;;;;;;;;;;;;;;;;;;;;;;;;;;;;;;;;;;;;;;;;;;;;;;;;;;;;;;;;;;;;;;;;;;;;;
-6.500;;;;;;;;;;;;;;;;;;;;;;;;;;;;;;;;;;;;;;;;;;;;;;;;;;;;;;;;;;;;;;;;;;;;;;;;;;;;;;;;;;;;;;;;;;;;;;;;;;;;;;;;;;;;;;;;;;;;;;;;;;;;;;;;;;;;;;;;;;;;;;
-6.600;;;;;;;;;;;;;;;;;;;;;;;;;;;;;;;;;;;;;;;;;;;;;;;;;;;;;;;;;;;;;;;;;;;;;;;;;;;;;;;;;;;;;;;;;;;;;;;;;;;;;;;;;;;;;;;;;;;;;;;;;;;;;;;;;;;;;;;;;;;;;;
-6.700;;;;;;;;;;;;;;;;;;;;;;;;;;;;;;;;;;;;;;;;;;;;;;;;;;;;;;;;;;;;;;;;;;;;;;;;;;;;;;;;;;;;;;;;;;;;;;;;;;;;;;;;;;;;;;;;;;;;;;;;;;;;;;;;;;;;;;;;;;;;;;
-6.800;;;;;;;;;;;;;;;;;;;;;;;;;;;;;;;;;;;;;;;;;;;;;;;;;;;;;;;;;;;;;;;;;;;;;;;;;;;;;;;;;;;;;;;;;;;;;;;;;;;;;;;;;;;;;;;;;;;;;;;;;;;;;;;;;;;;;;;;;;;;;;
-6.900;;;;;;;;;;;;;;;;;;;;;;;;;;;;;;;;;;;;;;;;;;;;;;;;;;;;;;;;;;;;;;;;;;;;;;;;;;;;;;;;;;;;;;;;;;;;;;;;;;;;;;;;;;;;;;;;;;;;;;;;;;;;;;;;;;;;;;;;;;;;;;
-7.000;;;;;;;;;;;;;;;;;;;;;;;;;;;;;;;;;;;;;;;;;;;;;;;;;;;;;;;;;;;;;;;;;;;;;;;;;;;;;;;;;;;;;;;;;;;;;;;;;;;;;;;;;;;;;;;;;;;;;;;;;;;;;;;;;;;;;;;;;;;;;;
BACK;-7.000;-6.900;-6.800;-6.700;-6.600;-6.500;-6.400;-6.300;-6.200;-6.100;-6.000;-5.900;-5.800;-5.700;-5.600;-5.500;-5.400;-5.300;-5.200;-5.100;-5.000;-4.900;-4.800;-4.700;-4.600;-4.500;-4.400;-4.300;-4.200;-4.100;-4.000;-3.900;-3.800;-3.700;-3.600;-3.500;-3.400;-3.300;-3.200;-3.100;-3.000;-2.900;-2.800;-2.700;-2.600;-2.500;-2.400;-2.300;-2.200;-2.100;-2.000;-1.900;-1.800;-1.700;-1.600;-1.500;-1.400;-1.300;-1.200;-1.100;-1.000;-0.900;-0.800;-0.700;-0.600;-0.500;-0.400;-0.300;-0.200;-0.100;0.000;0.100;0.200;0.300;0.400;0.500;0.600;0.700;0.800;0.900;1.000;1.100;1.200;1.300;1.400;1.500;1.600;1.700;1.800;1.900;2.000;2.100;2.200;2.300;2.400;2.500;2.600;2.700;2.800;2.900;3.000;3.100;3.200;3.300;3.400;3.500;3.600;3.700;3.800;3.900;4.000;4.100;4.200;4.300;4.400;4.500;4.600;4.700;4.800;4.900;5.000;5.100;5.200;5.300;5.400;5.500;5.600;5.700;5.800;5.900;6.000;6.100;6.200;6.300;6.400;6.500;6.600;6.700;6.800;6.900;7.000;
7.000;;;;;;;;;;;;;;;;;;;;;;;;;;;;;;;;;;;;;;;;;;;;;;;;;;;;;;;;;;;;;;;;;;;;;;;;;;;;;;;;;;;;;;;;;;;;;;;;;;;;;;;;;;;;;;;;;;;;;;;;;;;;;;;;;;;;;;;;;;;;;;
6.900;;;;;;;;;;;;;;;;;;;;;;;;;;;;;;;;;;;;;;;;;;;;;;;;;;;;;;;;;;;;;;;;;;;;;;;;;;;;;;;;;;;;;;;;;;;;;;;;;;;;;;;;;;;;;;;;;;;;;;;;;;;;;;;;;;;;;;;;;;;;;;
6.800;;;;;;;;;;;;;;;;;;;;;;;;;;;;;;;;;;;;;;;;;;;;;;;;;;;;;;;;;;;;;;;;;;;;;;;;;;;;;;;;;;;;;;;;;;;;;;;;;;;;;;;;;;;;;;;;;;;;;;;;;;;;;;;;;;;;;;;;;;;;;;
6.700;;;;;;;;;;;;;;;;;;;;;;;;;;;;;;;;;;;;;;;;;;;;;;;;;;;;;;;;;;;;;;;;;;;;;;;;;;;;;;;;;;;;;;;;;;;;;;;;;;;;;;;;;;;;;;;;;;;;;;;;;;;;;;;;;;;;;;;;;;;;;;
6.600;;;;;;;;;;;;;;;;;;;;;;;;;;;;;;;;;;;;;;;;;;;;;;;;;;;;;;;;;;;;;;;;;;;;;;;;;;;;;;;;;;;;;;;;;;;;;;;;;;;;;;;;;;;;;;;;;;;;;;;;;;;;;;;;;;;;;;;;;;;;;;
6.500;;;;;;;;;;;;;;;;;;;;;;;;;;;;;;;;;;;;;;;;;;;;;;;;;;;;;;;;;;;;;;;;;;;;;;;;;;;;;;;;;;;;;;;;;;;;;;;;;;;;;;;;;;;;;;;;;;;;;;;;;;;;;;;;;;;;;;;;;;;;;;
6.400;;;;;;;;;;;;;;;;;;;;;;;;;;;;;;;;;;;;;;;;;;;;;;;;;;;;;;;;;;;;;;;;;;;;;;;;;;;;;;;;;;;;;;;;;;;;;;;;;;;;;;;;;;;;;;;;;;;;;;;;;;;;;;;;;;;;;;;;;;;;;;
6.300;;;;;;;;;;;;;;;;;;;;;;;;;;;;;;;;;;;;;;;;;;;;;;;;;;;;;;;;;;;;;;;;;;;;;;;;;;;;;;;;;;;;;;;;;;;;;;;;;;;;;;;;;;;;;;;;;;;;;;;;;;;;;;;;;;;;;;;;;;;;;;
6.200;;;;;;;;;;;;;;;;;;;;;;;;;;;;;;;;;;;;;;;;;;;;;;;;;;;;;;;;;;;;;;;;;;;;;;;;;;;;;;;;;;;;;;;;;;;;;;;;;;;;;;;;;;;;;;;;;;;;;;;;;;;;;;;;;;;;;;;;;;;;;;
6.100;;;;;;;;;;;;;;;;;;;;;;;;;;;;;;;;;;;;;;;;;;;;;;;;;;;;;;;;;;;;;;;;;;;;;;;;;;;;;;;;;;;;;;;;;;;;;;;;;;;;;;;;;;;;;;;;;;;;;;;;;;;;;;;;;;;;;;;;;;;;;;
6.000;;;;;;;;;;;;;;;;;;;;;;;;;;;;;;;;;;;;;;;;;;;;;;;;;;;;;;;;;;;;;;;;;;;;;;;;;;;;;;;;;;;;;;;;;;;;;;;;;;;;;;;;;;;;;;;;;;;;;;;;;;;;;;;;;;;;;;;;;;;;;;
5.900;;;;;;;;;;;;;;;;;;;;;;;;;;;;;;;;;;;;;;;;;;;;;;;;;;;;;;;;;;;;;;;;;;;;;;;;;;;;;;;;;;;;;;;;;;;;;;;;;;;;;;;;;;;;;;;;;;;;;;;;;;;;;;;;;;;;;;;;;;;;;;
5.800;;;;;;;;;;;;;;;;;;;;;;;;;;;;;;;;;;;;;;;;;;;;;;;;;;;;;;;;;;;;;;;;;;;;;;;;;;;;;;;;;;;;;;;;;;;;;;;;;;;;;;;;;;;;;;;;;;;;;;;;;;;;;;;;;;;;;;;;;;;;;;
5.700;;;;;;;;;;;;;;;;;;;;;;;;;;;;;;;;;;;;;;;;;;;;;;;;;;;;;;;;;;;;;;;;;;;;;;;;;;;;;;;;;;;;;;;;;;;;;;;;;;;;;;;;;;;;;;;;;;;;;;;;;;;;;;;;;;;;;;;;;;;;;;
5.600;;;;;;;;;;;;;;;;;;;;;;;;;;;;;;;;;;;;;;;;;;;;;;;;;;;;;;;;;;;;;;;;;;;;;;;;;;;;;;;;;;;;;;;;;;;;;;;;;;;;;;;;;;;;;;;;;;;;;;;;;;;;;;;;;;;;;;;;;;;;;;
5.500;;;;;;;;;;;;;;;;;;;;;;;;;;;;;;;;;;;;;;;;;;;;;;;;;;;;;;;;;;;;;;;;;;;;;;;;;;;;;;;;;;;;;;;;;;;;;;;;;;;;;;;;;;;;;;;;;;;;;;;;;;;;;;;;;;;;;;;;;;;;;;
5.400;;;;;;;;;;;;;;;;;;;;;;;;;;;;;;;;;;;;;;;;;;;;;;;;;;;;;;;;;;;;;;;;;;;;;;;;;;;;;;;;;;;;;;;;;;;;;;;;;;;;;;;;;;;;;;;;;;;;;;;;;;;;;;;;;;;;;;;;;;;;;;
5.300;;;;;;;;;;;;;;;;;;;;;;;;;;;;;;;;;;;;;;;;;;;;;;;;;;;;;;;;;;;;;;;;;;;;;;;;;;;;;;;;;;;;;;;;;;;;;;;;;;;;;;;;;;;;;;;;;;;;;;;;;;;;;;;;;;;;;;;;;;;;;;
5.200;;;;;;;;;;;;;;;;;;;;;;;;;;;;;;;;;;;;;;;;;;;;;;;;;;;;;;;;;;;;;;;;;;;;;;;;;;;;;;;;;;;;;;;;;;;;;;;;;;;;;;;;;;;;;;;;;;;;;;;;;;;;;;;;;;;;;;;;;;;;;;
5.100;;;;;;;;;;;;;;;;;;;;;;;;;;;;;;;;;;;;;;;;;;;;;;;;;;;;;;;;;;;;;;;;;;;;;;;;;;;;;;;;;;;;;;;;;;;;;;;;;;;;;;;;;;;;;;;;;;;;;;;;;;;;;;;;;;;;;;;;;;;;;;
5.000;;;;;;;;;;;;;;;;;;;;;;;;;;;;;;;;;;;;;;;;;;;;;;;;;;;;;;;;;;;;;;;;;;;;;;;;;;;;;;;;;;;;;;;;;;;;;;;;;;;;;;;;;;;;;;;;;;;;;;;;;;;;;;;;;;;;;;;;;;;;;;
4.900;;;;;;;;;;;;;;;;;;;;;;;;;;;;;;;;;;;;;;;;;;;;;;;;;;;;;;;;;;;;;;;;;;;;;;;;;;;;;;;;;;;;;;;;;;;;;;;;;;;;;;;;;;;;;;;;;;;;;;;;;;;;;;;;;;;;;;;;;;;;;;
4.800;;;;;;;;;;;;;;;;;;;;;;;;;;;;;;;;;;;;;;;;;;;;;;;;;;;;;;;;;;;;;;;;;;;;;;;;;;;;;;;;;;;;;;;;;;;;;;;;;;;;;;;;;;;;;;;;;;;;;;;;;;;;;;;;;;;;;;;;;;;;;;
4.700;;;;;;;;;;;;;;;;;;;;;;;;;;;;;;;;;;;;;;;;;;;;;;;;;;;;;;;;;;;;;;6.83;6.81;6.79;6.77;6.76;6.75;6.75;6.74;6.74;6.75;;;;;;;;;;;;;;;;;;;;;;;;;;;;;;;;;;;;;;;;;;;;;;;;;;;;;;;;;;;;;;;;;;;;;;;
4.600;;;;;;;;;;;;;;;;;;;;;;;;;;;;;;;;;;;;;;;;;;;;;;;;;;;;;;;;6.95;6.92;6.89;6.85;6.82;6.79;6.77;6.75;6.73;6.71;6.70;6.69;6.68;6.68;6.68;6.69;6.70;6.71;6.72;6.73;6.75;6.76;;;;;;;;;;;;;;;;;;;;;;;;;;;;;;;;;;;;;;;;;;;;;;;;;;;;;;;;;;;;;;;;;
4.500;;;;;;;;;;;;;;;;;;;;;;;;;;;;;;;;;;;;;;;;;;;;;;;;;;;;7.01;6.98;6.95;6.92;6.89;6.85;6.82;6.79;6.76;6.73;6.71;6.69;6.67;6.65;6.64;6.63;6.63;6.63;6.63;6.64;6.65;6.66;6.67;6.69;6.70;6.72;6.73;6.75;6.76;6.77;;;;;;;;;;;;;;;;;;;;;;;;;;;;;;;;;;;;;;;;;;;;;;;;;;;;;;;;;;;;;
4.400;;;;;;;;;;;;;;;;;;;;;;;;;;;;;;;;;;;;;;;;;;;;;;;;;7.01;6.99;6.97;6.94;6.92;6.89;6.86;6.83;6.80;6.77;6.74;6.71;6.68;6.66;6.63;6.62;6.60;6.59;6.59;6.58;6.59;6.59;6.60;6.61;6.62;6.64;6.65;6.67;6.68;6.70;6.72;6.73;6.74;6.75;6.76;6.76;;;;;;;;;;;;;;;;;;;;;;;;;;;;;;;;;;;;;;;;;;;;;;;;;;;;;;;;;;
4.300;;;;;;;;;;;;;;;;;;;;;;;;;;;;;;;;;;;;;;;;;;;;;;6.97;6.97;6.96;6.94;6.93;6.91;6.89;6.86;6.83;6.81;6.78;6.75;6.72;6.69;6.66;6.63;6.61;6.59;6.57;6.56;6.55;6.55;6.55;6.55;6.55;6.56;6.57;6.59;6.61;6.62;6.64;6.66;6.68;6.69;6.71;6.72;6.73;6.73;6.74;6.74;6.74;6.74;;;;;;;;;;;;;;;;;;;;;;;;;;;;;;;;;;;;;;;;;;;;;;;;;;;;;;;
4.200;;;;;;;;;;;;;;;;;;;;;;;;;;;;;;;;;;;;;;;;;;;;6.92;6.92;6.91;6.91;6.90;6.89;6.87;6.86;6.83;6.81;6.79;6.76;6.73;6.70;6.67;6.64;6.62;6.59;6.57;6.55;6.54;6.53;6.52;6.52;6.52;6.52;6.53;6.54;6.55;6.57;6.58;6.60;6.62;6.64;6.66;6.67;6.69;6.70;6.71;6.72;6.72;6.73;6.73;6.72;6.72;6.72;;;;;;;;;;;;;;;;;;;;;;;;;;;;;;;;;;;;;;;;;;;;;;;;;;;;;
4.100;;;;;;;;;;;;;;;;;;;;;;;;;;;;;;;;;;;;;;;;;;6.86;6.86;6.86;6.86;6.86;6.85;6.85;6.84;6.82;6.81;6.79;6.77;6.74;6.72;6.69;6.66;6.63;6.61;6.58;6.56;6.54;6.52;6.51;6.50;6.49;6.49;6.49;6.50;6.50;6.52;6.53;6.55;6.57;6.59;6.61;6.63;6.65;6.66;6.68;6.69;6.70;6.71;6.72;6.72;6.72;6.71;6.71;6.70;6.70;6.69;;;;;;;;;;;;;;;;;;;;;;;;;;;;;;;;;;;;;;;;;;;;;;;;;;;
4.000;;;;;;;;;;;;;;;;;;;;;;;;;;;;;;;;;;;;;;;;6.81;6.81;6.81;6.81;6.81;6.81;6.81;6.80;6.80;6.79;6.78;6.76;6.75;6.73;6.70;6.68;6.66;6.63;6.60;6.58;6.56;6.53;6.52;6.50;6.49;6.48;6.47;6.47;6.47;6.48;6.49;6.50;6.52;6.54;6.56;6.58;6.60;6.62;6.64;6.66;6.68;6.69;6.70;6.71;6.71;6.71;6.71;6.71;6.70;6.70;6.69;6.69;6.68;6.68;;;;;;;;;;;;;;;;;;;;;;;;;;;;;;;;;;;;;;;;;;;;;;;;;
3.900;;;;;;;;;;;;;;;;;;;;;;;;;;;;;;;;;;;;;;;6.76;6.76;6.76;6.76;6.76;6.76;6.76;6.76;6.76;6.76;6.75;6.74;6.73;6.71;6.69;6.67;6.65;6.63;6.60;6.58;6.55;6.53;6.51;6.50;6.48;6.47;6.46;6.46;6.46;6.46;6.47;6.48;6.50;6.51;6.53;6.55;6.58;6.60;6.62;6.64;6.66;6.68;6.69;6.70;6.71;6.71;6.72;6.71;6.71;6.70;6.70;6.69;6.68;6.68;6.67;6.67;;;;;;;;;;;;;;;;;;;;;;;;;;;;;;;;;;;;;;;;;;;;;;;;
3.800;;;;;;;;;;;;;;;;;;;;;;;;;;;;;;;;;;;;;6.73;6.72;6.71;6.71;6.71;6.71;6.71;6.72;6.72;6.72;6.72;6.72;6.72;6.71;6.70;6.68;6.66;6.65;6.62;6.60;6.58;6.56;6.54;6.52;6.50;6.48;6.47;6.46;6.45;6.45;6.45;6.46;6.47;6.48;6.49;6.51;6.53;6.55;6.58;6.60;6.62;6.64;6.66;6.68;6.70;6.71;6.72;6.72;6.72;6.72;6.71;6.71;6.70;6.69;6.68;6.68;6.67;6.67;6.67;6.67;;;;;;;;;;;;;;;;;;;;;;;;;;;;;;;;;;;;;;;;;;;;;;
3.700;;;;;;;;;;;;;;;;;;;;;;;;;;;;;;;;;;;;6.69;6.68;6.67;6.67;6.67;6.67;6.67;6.68;6.68;6.69;6.69;6.69;6.69;6.68;6.68;6.67;6.66;6.64;6.62;6.60;6.58;6.56;6.54;6.52;6.51;6.49;6.48;6.46;6.46;6.45;6.45;6.45;6.46;6.47;6.48;6.50;6.52;6.54;6.56;6.58;6.61;6.63;6.65;6.67;6.69;6.70;6.72;6.72;6.73;6.73;6.73;6.72;6.71;6.71;6.70;6.69;6.68;6.67;6.67;6.67;6.67;6.68;;;;;;;;;;;;;;;;;;;;;;;;;;;;;;;;;;;;;;;;;;;;;
3.600;;;;;;;;;;;;;;;;;;;;;;;;;;;;;;;;;;;6.67;6.65;6.64;6.63;6.63;6.63;6.63;6.64;6.64;6.65;6.65;6.66;6.66;6.66;6.66;6.65;6.65;6.63;6.62;6.61;6.59;6.57;6.55;6.53;6.52;6.50;6.48;6.47;6.46;6.46;6.45;6.45;6.46;6.46;6.47;6.49;6.50;6.52;6.55;6.57;6.59;6.62;6.64;6.66;6.68;6.70;6.72;6.73;6.73;6.74;6.74;6.74;6.73;6.72;6.72;6.71;6.70;6.69;6.68;6.67;6.67;6.67;6.68;6.69;;;;;;;;;;;;;;;;;;;;;;;;;;;;;;;;;;;;;;;;;;;;
3.500;;;;;;;;;;;;;;;;;;;;;;;;;;;;;;;;;;6.65;6.62;6.61;6.60;6.59;6.59;6.60;6.60;6.61;6.61;6.62;6.63;6.63;6.64;6.64;6.64;6.63;6.63;6.62;6.61;6.59;6.58;6.56;6.54;6.53;6.51;6.50;6.48;6.47;6.46;6.46;6.46;6.46;6.46;6.47;6.48;6.50;6.51;6.53;6.56;6.58;6.60;6.63;6.65;6.67;6.69;6.71;6.73;6.74;6.75;6.75;6.75;6.75;6.74;6.73;6.73;6.72;6.71;6.70;6.69;6.68;6.68;6.68;6.68;6.69;6.70;6.72;;;;;;;;;;;;;;;;;;;;;;;;;;;;;;;;;;;;;;;;;;
3.400;;;;;;;;;;;;;;;;;;;;;;;;;;;;;;;;6.67;6.63;6.61;6.59;6.57;6.57;6.56;6.56;6.57;6.57;6.58;6.59;6.60;6.61;6.61;6.62;6.62;6.62;6.62;6.61;6.60;6.59;6.58;6.57;6.55;6.54;6.53;6.51;6.50;6.49;6.48;6.47;6.46;6.46;6.47;6.47;6.48;6.49;6.51;6.53;6.55;6.57;6.59;6.62;6.64;6.66;6.69;6.71;6.72;6.74;6.75;6.76;6.76;6.76;6.76;6.75;6.75;6.74;6.73;6.72;6.71;6.70;6.69;6.69;6.69;6.69;6.70;6.71;6.73;6.75;;;;;;;;;;;;;;;;;;;;;;;;;;;;;;;;;;;;;;;;;
3.300;;;;;;;;;;;;;;;;;;;;;;;;;;;;;;;6.67;6.63;6.60;6.57;6.56;6.54;6.54;6.54;6.54;6.54;6.55;6.56;6.57;6.58;6.59;6.59;6.60;6.60;6.60;6.60;6.60;6.59;6.58;6.57;6.56;6.55;6.54;6.52;6.51;6.50;6.49;6.48;6.48;6.47;6.47;6.48;6.48;6.49;6.50;6.52;6.54;6.56;6.58;6.60;6.63;6.65;6.68;6.70;6.72;6.73;6.75;6.76;6.77;6.77;6.77;6.77;6.76;6.76;6.75;6.74;6.73;6.72;6.71;6.70;6.70;6.70;6.70;6.71;6.72;6.73;6.76;6.78;;;;;;;;;;;;;;;;;;;;;;;;;;;;;;;;;;;;;;;;
3.200;;;;;;;;;;;;;;;;;;;;;;;;;;;;;;6.67;6.63;6.59;6.56;6.54;6.53;6.52;6.52;6.52;6.52;6.53;6.53;6.54;6.55;6.56;6.57;6.58;6.58;6.59;6.59;6.59;6.59;6.58;6.58;6.57;6.56;6.55;6.54;6.53;6.52;6.51;6.50;6.49;6.48;6.48;6.48;6.49;6.49;6.50;6.52;6.53;6.55;6.57;6.59;6.62;6.64;6.66;6.69;6.71;6.73;6.74;6.76;6.77;6.78;6.78;6.78;6.78;6.77;6.77;6.76;6.75;6.74;6.73;6.72;6.71;6.71;6.71;6.71;6.72;6.73;6.75;6.76;6.79;6.82;;;;;;;;;;;;;;;;;;;;;;;;;;;;;;;;;;;;;;;
3.100;;;;;;;;;;;;;;;;;;;;;;;;;;;;;;6.64;6.59;6.56;6.54;6.52;6.51;6.50;6.50;6.50;6.50;6.51;6.52;6.53;6.54;6.55;6.56;6.57;6.57;6.58;6.58;6.58;6.58;6.58;6.57;6.56;6.56;6.55;6.54;6.53;6.52;6.51;6.50;6.50;6.49;6.49;6.49;6.50;6.50;6.51;6.53;6.54;6.56;6.58;6.60;6.62;6.65;6.67;6.69;6.71;6.73;6.75;6.76;6.77;6.78;6.79;6.79;6.78;6.78;6.77;6.77;6.76;6.75;6.74;6.73;6.73;6.72;6.72;6.73;6.73;6.74;6.76;6.78;6.80;6.83;6.86;;;;;;;;;;;;;;;;;;;;;;;;;;;;;;;;;;;;;;
3.000;;;;;;;;;;;;;;;;;;;;;;;;;;;;;6.65;6.60;6.57;6.54;6.52;6.50;6.49;6.49;6.48;6.49;6.49;6.50;6.51;6.52;6.53;6.54;6.55;6.56;6.56;6.57;6.57;6.57;6.57;6.57;6.56;6.56;6.55;6.55;6.54;6.53;6.52;6.51;6.51;6.50;6.50;6.50;6.50;6.51;6.51;6.52;6.54;6.55;6.57;6.59;6.61;6.63;6.65;6.67;6.70;6.72;6.74;6.75;6.77;6.78;6.78;6.79;6.79;6.79;6.79;6.78;6.77;6.77;6.76;6.75;6.74;6.74;6.74;6.74;6.74;6.75;6.76;6.77;6.79;6.81;6.84;6.87;6.90;;;;;;;;;;;;;;;;;;;;;;;;;;;;;;;;;;;;;
2.900;;;;;;;;;;;;;;;;;;;;;;;;;;;;6.67;6.62;6.57;6.54;6.51;6.50;6.48;6.48;6.47;6.47;6.48;6.48;6.49;6.50;6.51;6.52;6.53;6.54;6.55;6.55;6.56;6.56;6.56;6.56;6.56;6.56;6.55;6.55;6.54;6.54;6.53;6.52;6.52;6.51;6.51;6.51;6.51;6.51;6.51;6.52;6.53;6.54;6.56;6.57;6.59;6.61;6.63;6.65;6.68;6.70;6.72;6.74;6.75;6.77;6.78;6.78;6.79;6.79;6.79;6.79;6.78;6.78;6.77;6.77;6.76;6.75;6.75;6.75;6.75;6.75;6.76;6.77;6.78;6.80;6.82;6.85;6.88;6.91;6.95;;;;;;;;;;;;;;;;;;;;;;;;;;;;;;;;;;;;
2.800;;;;;;;;;;;;;;;;;;;;;;;;;;;6.69;6.63;6.59;6.55;6.52;6.50;6.48;6.47;6.47;6.47;6.47;6.47;6.48;6.49;6.50;6.50;6.51;6.52;6.53;6.54;6.54;6.55;6.55;6.55;6.56;6.55;6.55;6.55;6.55;6.54;6.54;6.53;6.52;6.52;6.52;6.51;6.51;6.51;6.51;6.52;6.52;6.53;6.54;6.56;6.57;6.59;6.61;6.63;6.65;6.67;6.69;6.71;6.73;6.75;6.76;6.77;6.78;6.79;6.79;6.79;6.79;6.79;6.78;6.78;6.77;6.77;6.76;6.76;6.76;6.76;6.77;6.77;6.78;6.80;6.82;6.84;6.86;6.89;6.92;6.96;;;;;;;;;;;;;;;;;;;;;;;;;;;;;;;;;;;;
2.700;;;;;;;;;;;;;;;;;;;;;;;;;;6.72;6.65;6.60;6.56;6.53;6.50;6.48;6.47;6.46;6.46;6.46;6.46;6.47;6.47;6.48;6.49;6.50;6.51;6.52;6.52;6.53;6.54;6.54;6.54;6.55;6.55;6.55;6.54;6.54;6.54;6.54;6.53;6.53;6.52;6.52;6.51;6.51;6.51;6.51;6.51;6.51;6.52;6.53;6.54;6.55;6.57;6.58;6.60;6.62;6.64;6.66;6.68;6.70;6.72;6.74;6.75;6.76;6.77;6.78;6.79;6.79;6.79;6.79;6.78;6.78;6.78;6.77;6.77;6.77;6.77;6.77;6.78;6.79;6.80;6.81;6.83;6.85;6.87;6.90;6.93;6.97;7.00;;;;;;;;;;;;;;;;;;;;;;;;;;;;;;;;;;;
2.600;;;;;;;;;;;;;;;;;;;;;;;;;;6.68;6.62;6.58;6.54;6.51;6.49;6.47;6.46;6.46;6.46;6.46;6.46;6.47;6.47;6.48;6.49;6.50;6.50;6.51;6.52;6.52;6.53;6.53;6.53;6.54;6.54;6.54;6.53;6.53;6.53;6.53;6.52;6.52;6.52;6.51;6.51;6.51;6.50;6.50;6.50;6.51;6.51;6.52;6.53;6.54;6.55;6.57;6.59;6.60;6.62;6.64;6.66;6.68;6.70;6.72;6.74;6.75;6.76;6.77;6.78;6.78;6.79;6.79;6.79;6.78;6.78;6.78;6.78;6.78;6.78;6.78;6.79;6.80;6.81;6.82;6.84;6.86;6.89;6.91;6.94;6.97;7.01;7.05;;;;;;;;;;;;;;;;;;;;;;;;;;;;;;;;;;
2.500;;;;;;;;;;;;;;;;;;;;;;;;;6.71;6.65;6.59;6.55;6.52;6.49;6.48;6.46;6.46;6.45;6.45;6.46;6.46;6.47;6.47;6.48;6.49;6.49;6.50;6.51;6.51;6.52;6.52;6.52;6.52;6.52;6.52;6.52;6.52;6.52;6.52;6.52;6.51;6.51;6.51;6.50;6.50;6.50;6.49;6.49;6.49;6.49;6.50;6.50;6.51;6.52;6.53;6.55;6.56;6.58;6.60;6.62;6.64;6.66;6.68;6.70;6.72;6.74;6.75;6.76;6.77;6.78;6.78;6.78;6.78;6.78;6.78;6.78;6.78;6.79;6.79;6.79;6.80;6.81;6.82;6.83;6.85;6.87;6.90;6.92;6.95;6.98;7.02;7.05;;;;;;;;;;;;;;;;;;;;;;;;;;;;;;;;;;
2.400;;;;;;;;;;;;;;;;;;;;;;;;6.74;6.67;6.61;6.57;6.53;6.50;6.48;6.47;6.46;6.45;6.45;6.45;6.46;6.46;6.47;6.47;6.48;6.49;6.49;6.50;6.50;6.51;6.51;6.51;6.51;6.51;6.51;6.51;6.51;6.51;6.51;6.50;6.50;6.50;6.49;6.49;6.49;6.48;6.48;6.48;6.48;6.47;6.48;6.48;6.48;6.49;6.50;6.51;6.52;6.54;6.55;6.57;6.59;6.62;6.64;6.66;6.68;6.70;6.72;6.73;6.75;6.76;6.77;6.77;6.78;6.78;6.78;6.79;6.79;6.79;6.79;6.79;6.80;6.81;6.82;6.83;6.84;6.86;6.88;6.90;6.93;6.96;6.99;7.02;7.05;7.09;;;;;;;;;;;;;;;;;;;;;;;;;;;;;;;;;
2.300;;;;;;;;;;;;;;;;;;;;;;;;6.70;6.64;6.59;6.54;6.51;6.49;6.47;6.46;6.45;6.45;6.45;6.45;6.46;6.46;6.47;6.47;6.48;6.49;6.49;6.49;6.50;6.50;6.50;6.50;6.50;6.50;6.50;6.50;6.49;6.49;6.49;6.49;6.48;6.48;6.48;6.47;6.47;6.46;6.46;6.46;6.45;6.45;6.45;6.45;6.45;6.46;6.46;6.47;6.49;6.50;6.52;6.54;6.56;6.58;6.61;6.63;6.65;6.67;6.70;6.71;6.73;6.74;6.76;6.77;6.77;6.78;6.78;6.79;6.79;6.79;6.80;6.80;6.81;6.81;6.82;6.83;6.85;6.87;6.88;6.91;6.93;6.96;6.99;7.02;7.06;7.09;7.13;;;;;;;;;;;;;;;;;;;;;;;;;;;;;;;;
2.200;;;;;;;;;;;;;;;;;;;;;;;6.73;6.66;6.60;6.56;6.52;6.50;6.48;6.46;6.45;6.45;6.45;6.45;6.45;6.46;6.47;6.47;6.48;6.48;6.49;6.49;6.49;6.49;6.49;6.49;6.49;6.49;6.48;6.48;6.48;6.48;6.47;6.47;6.47;6.46;6.46;6.45;6.45;6.44;6.44;6.43;6.43;6.42;6.42;6.42;6.41;6.41;6.42;6.42;6.43;6.44;6.46;6.48;6.50;6.52;6.55;6.57;6.60;6.62;6.65;6.67;6.69;6.71;6.73;6.75;6.76;6.77;6.78;6.78;6.79;6.79;6.79;6.80;6.80;6.81;6.82;6.83;6.84;6.85;6.87;6.89;6.91;6.93;6.96;6.99;7.02;7.05;7.09;7.12;;;;;;;;;;;;;;;;;;;;;;;;;;;;;;;;
2.100;;;;;;;;;;;;;;;;;;;;;;;6.69;6.63;6.57;6.53;6.50;6.48;6.46;6.45;6.45;6.45;6.45;6.45;6.46;6.46;6.47;6.47;6.48;6.48;6.48;6.49;6.49;6.49;6.48;6.48;6.48;6.47;6.47;6.46;6.46;6.46;6.45;6.45;6.44;6.44;6.43;6.43;6.42;6.41;6.41;6.40;6.39;6.39;6.38;6.37;6.37;6.37;6.37;6.38;6.38;6.40;6.41;6.43;6.45;6.48;6.50;6.53;6.56;6.59;6.62;6.65;6.67;6.70;6.72;6.73;6.75;6.76;6.77;6.78;6.79;6.79;6.80;6.80;6.80;6.81;6.82;6.83;6.84;6.85;6.87;6.88;6.91;6.93;6.96;6.98;7.02;7.05;7.08;7.12;7.15;;;;;;;;;;;;;;;;;;;;;;;;;;;;;;;
2.000;;;;;;;;;;;;;;;;;;;;;;6.72;6.65;6.59;6.55;6.51;6.48;6.46;6.45;6.45;6.44;6.44;6.45;6.45;6.46;6.47;6.47;6.48;6.48;6.48;6.48;6.48;6.48;6.48;6.47;6.47;6.46;6.46;6.45;6.45;6.44;6.43;6.43;6.42;6.42;6.41;6.40;6.40;6.39;6.38;6.37;6.36;6.35;6.34;6.33;6.33;6.32;6.32;6.32;6.32;6.33;6.34;6.36;6.38;6.40;6.43;6.46;6.49;6.52;6.56;6.59;6.62;6.65;6.68;6.70;6.73;6.74;6.76;6.77;6.78;6.79;6.79;6.80;6.80;6.80;6.81;6.82;6.82;6.83;6.85;6.86;6.88;6.90;6.92;6.95;6.97;7.01;7.04;7.07;7.11;7.14;;;;;;;;;;;;;;;;;;;;;;;;;;;;;;;
1.900;;;;;;;;;;;;;;;;;;;;;;6.68;6.61;6.56;6.52;6.49;6.47;6.45;6.44;6.44;6.44;6.44;6.45;6.45;6.46;6.47;6.47;6.48;6.48;6.48;6.48;6.48;6.48;6.47;6.47;6.46;6.45;6.44;6.43;6.43;6.42;6.41;6.40;6.39;6.39;6.38;6.37;6.36;6.35;6.34;6.33;6.32;6.31;6.30;6.28;6.27;6.27;6.26;6.26;6.26;6.27;6.28;6.29;6.32;6.34;6.38;6.41;6.45;6.49;6.53;6.56;6.60;6.63;6.67;6.69;6.72;6.74;6.75;6.77;6.78;6.78;6.79;6.79;6.80;6.80;6.81;6.81;6.82;6.83;6.84;6.85;6.87;6.89;6.91;6.93;6.96;6.99;7.02;7.06;7.09;7.13;7.16;;;;;;;;;;;;;;;;;;;;;;;;;;;;;;
1.800;;;;;;;;;;;;;;;;;;;;;6.71;6.64;6.58;6.53;6.49;6.47;6.45;6.44;6.43;6.43;6.43;6.44;6.45;6.46;6.46;6.47;6.48;6.48;6.48;6.48;6.48;6.48;6.47;6.46;6.46;6.45;6.44;6.43;6.42;6.40;6.40;6.39;6.38;6.37;6.36;6.35;6.34;6.33;6.32;6.30;6.29;6.28;6.26;6.24;6.23;6.22;6.20;6.19;6.19;6.19;6.20;6.21;6.23;6.25;6.28;6.32;6.36;6.40;6.45;6.49;6.54;6.58;6.62;6.65;6.68;6.71;6.73;6.75;6.77;6.78;6.78;6.79;6.79;6.80;6.80;6.80;6.80;6.81;6.82;6.83;6.84;6.85;6.87;6.89;6.92;6.94;6.97;7.00;7.04;7.07;7.11;7.15;;;;;;;;;;;;;;;;;;;;;;;;;;;;;;
1.700;;;;;;;;;;;;;;;;;;;;;6.67;6.60;6.54;6.50;6.47;6.45;6.43;6.42;6.42;6.42;6.43;6.44;6.45;6.46;6.47;6.47;6.48;6.48;6.48;6.48;6.48;6.47;6.47;6.46;6.45;6.43;6.42;6.41;6.40;6.38;6.37;6.36;6.35;6.34;6.33;6.32;6.30;6.29;6.28;6.26;6.24;6.23;6.21;6.19;6.17;6.15;6.14;6.12;6.12;6.12;6.12;6.14;6.16;6.19;6.22;6.26;6.31;6.36;6.41;6.46;6.51;6.56;6.60;6.64;6.68;6.71;6.73;6.75;6.77;6.78;6.78;6.79;6.79;6.79;6.79;6.79;6.79;6.80;6.80;6.81;6.82;6.83;6.85;6.87;6.89;6.92;6.95;6.98;7.01;7.05;7.09;7.12;7.16;;;;;;;;;;;;;;;;;;;;;;;;;;;;;
1.600;;;;;;;;;;;;;;;;;;;;6.71;6.63;6.56;6.51;6.47;6.45;6.43;6.42;6.41;6.41;6.42;6.43;6.44;6.45;6.46;6.47;6.47;6.48;6.48;6.48;6.48;6.48;6.47;6.46;6.45;6.44;6.42;6.41;6.39;6.38;6.36;6.35;6.34;6.32;6.31;6.30;6.28;6.27;6.25;6.24;6.22;6.20;6.18;6.15;6.13;6.11;6.08;6.07;6.05;6.04;6.04;6.05;6.06;6.08;6.12;6.16;6.21;6.26;6.32;6.38;6.44;6.49;6.55;6.60;6.64;6.68;6.71;6.73;6.75;6.77;6.78;6.78;6.78;6.78;6.78;6.78;6.78;6.78;6.78;6.78;6.79;6.79;6.81;6.82;6.84;6.86;6.89;6.92;6.95;6.98;7.02;7.06;7.10;7.14;;;;;;;;;;;;;;;;;;;;;;;;;;;;;
1.500;;;;;;;;;;;;;;;;;;;;6.66;6.59;6.53;6.48;6.45;6.42;6.41;6.40;6.40;6.40;6.41;6.42;6.43;6.44;6.46;6.47;6.48;6.48;6.48;6.48;6.48;6.47;6.47;6.45;6.44;6.43;6.41;6.39;6.38;6.36;6.35;6.33;6.31;6.30;6.28;6.27;6.25;6.24;6.22;6.20;6.18;6.15;6.13;6.10;6.07;6.04;6.02;5.99;5.97;5.96;5.96;5.96;5.98;6.01;6.05;6.10;6.15;6.21;6.28;6.35;6.41;6.48;6.54;6.59;6.64;6.68;6.71;6.74;6.76;6.77;6.78;6.78;6.78;6.78;6.77;6.77;6.76;6.76;6.76;6.76;6.76;6.77;6.78;6.79;6.81;6.83;6.85;6.88;6.91;6.95;6.99;7.03;7.07;7.11;;;;;;;;;;;;;;;;;;;;;;;;;;;;;
1.400;;;;;;;;;;;;;;;;;;;;6.62;6.55;6.50;6.45;6.42;6.40;6.39;6.38;6.39;6.39;6.40;6.41;6.43;6.44;6.46;6.47;6.48;6.48;6.48;6.48;6.48;6.47;6.46;6.45;6.43;6.42;6.40;6.38;6.36;6.35;6.33;6.31;6.29;6.28;6.26;6.24;6.22;6.21;6.19;6.16;6.14;6.11;6.08;6.05;6.01;5.98;5.95;5.92;5.89;5.88;5.87;5.88;5.90;5.93;5.98;6.03;6.10;6.17;6.25;6.32;6.40;6.47;6.54;6.59;6.64;6.69;6.72;6.74;6.76;6.77;6.78;6.78;6.77;6.76;6.76;6.75;6.74;6.73;6.73;6.73;6.73;6.73;6.74;6.75;6.77;6.79;6.81;6.84;6.87;6.91;6.95;6.99;7.03;7.08;7.13;;;;;;;;;;;;;;;;;;;;;;;;;;;;
1.300;;;;;;;;;;;;;;;;;;;6.66;6.58;6.52;6.47;6.43;6.40;6.38;6.37;6.37;6.37;6.38;6.39;6.41;6.42;6.44;6.45;6.47;6.47;6.48;6.48;6.48;6.48;6.47;6.46;6.44;6.43;6.41;6.39;6.37;6.35;6.33;6.31;6.29;6.27;6.26;6.24;6.22;6.20;6.18;6.16;6.13;6.10;6.07;6.04;6.00;5.96;5.92;5.88;5.84;5.81;5.79;5.79;5.79;5.82;5.86;5.91;5.98;6.05;6.13;6.22;6.31;6.39;6.47;6.54;6.60;6.65;6.70;6.73;6.75;6.77;6.77;6.77;6.77;6.76;6.75;6.74;6.72;6.71;6.70;6.69;6.69;6.69;6.69;6.70;6.71;6.73;6.75;6.77;6.80;6.83;6.87;6.91;6.95;7.00;7.05;7.10;;;;;;;;;;;;;;;;;;;;;;;;;;;;
1.200;;;;;;;;;;;;;;;;;;;6.62;6.55;6.48;6.44;6.40;6.38;6.36;6.35;6.35;6.36;6.37;6.39;6.40;6.42;6.44;6.45;6.46;6.47;6.48;6.48;6.48;6.47;6.46;6.45;6.44;6.42;6.40;6.38;6.36;6.34;6.32;6.30;6.28;6.26;6.24;6.22;6.20;6.18;6.16;6.13;6.10;6.07;6.04;6.00;5.95;5.90;5.86;5.81;5.77;5.73;5.71;5.70;5.71;5.73;5.78;5.84;5.92;6.01;6.11;6.20;6.30;6.39;6.48;6.55;6.62;6.67;6.71;6.74;6.76;6.77;6.77;6.77;6.76;6.74;6.73;6.71;6.70;6.68;6.67;6.66;6.65;6.65;6.65;6.65;6.66;6.68;6.70;6.72;6.75;6.79;6.82;6.87;6.91;6.96;7.01;7.06;;;;;;;;;;;;;;;;;;;;;;;;;;;;
1.100;;;;;;;;;;;;;;;;;;;6.59;6.51;6.46;6.41;6.38;6.36;6.34;6.34;6.34;6.35;6.36;6.38;6.40;6.41;6.43;6.45;6.46;6.47;6.48;6.48;6.48;6.47;6.46;6.45;6.43;6.41;6.39;6.37;6.35;6.33;6.31;6.28;6.26;6.24;6.22;6.20;6.18;6.16;6.14;6.11;6.08;6.05;6.01;5.96;5.91;5.86;5.80;5.75;5.69;5.65;5.62;5.61;5.62;5.65;5.71;5.78;5.87;5.98;6.09;6.20;6.30;6.40;6.49;6.57;6.64;6.69;6.73;6.75;6.77;6.77;6.77;6.76;6.74;6.72;6.70;6.68;6.66;6.64;6.63;6.61;6.60;6.60;6.60;6.60;6.61;6.63;6.65;6.67;6.70;6.74;6.78;6.82;6.87;6.92;6.97;7.03;7.09;;;;;;;;;;;;;;;;;;;;;;;;;;;
1.000;;;;;;;;;;;;;;;;;;6.65;6.56;6.49;6.43;6.39;6.36;6.34;6.32;6.32;6.33;6.34;6.35;6.37;6.39;6.41;6.43;6.44;6.46;6.47;6.47;6.48;6.47;6.47;6.46;6.44;6.43;6.41;6.39;6.36;6.34;6.32;6.29;6.27;6.25;6.23;6.21;6.19;6.17;6.15;6.13;6.10;6.07;6.03;5.99;5.94;5.88;5.82;5.76;5.69;5.63;5.57;5.54;5.52;5.53;5.57;5.63;5.73;5.83;5.95;6.08;6.20;6.32;6.43;6.52;6.60;6.66;6.71;6.74;6.76;6.77;6.77;6.76;6.74;6.72;6.70;6.67;6.65;6.62;6.60;6.58;6.57;6.55;6.55;6.55;6.55;6.56;6.58;6.60;6.62;6.65;6.69;6.73;6.77;6.82;6.88;6.93;6.99;7.05;;;;;;;;;;;;;;;;;;;;;;;;;;;
0.900;;;;;;;;;;;;;;;;;;6.61;6.53;6.46;6.41;6.36;6.34;6.32;6.31;6.31;6.31;6.32;6.34;6.36;6.38;6.40;6.42;6.44;6.45;6.46;6.47;6.47;6.47;6.46;6.45;6.44;6.42;6.40;6.38;6.36;6.33;6.31;6.29;6.26;6.24;6.22;6.20;6.18;6.16;6.14;6.12;6.09;6.06;6.03;5.98;5.93;5.87;5.80;5.72;5.64;5.57;5.50;5.45;5.43;5.44;5.49;5.57;5.68;5.81;5.95;6.09;6.23;6.35;6.46;6.56;6.63;6.69;6.73;6.76;6.77;6.77;6.76;6.74;6.72;6.69;6.66;6.63;6.60;6.58;6.55;6.53;6.51;6.50;6.49;6.49;6.50;6.51;6.52;6.54;6.57;6.60;6.64;6.68;6.73;6.78;6.83;6.89;6.95;7.02;;;;;;;;;;;;;;;;;;;;;;;;;;;
0.800;;;;;;;;;;;;;;;;;;6.58;6.50;6.44;6.38;6.34;6.32;6.30;6.29;6.29;6.30;6.31;6.33;6.35;6.37;6.40;6.42;6.43;6.45;6.46;6.47;6.47;6.47;6.46;6.45;6.43;6.41;6.39;6.37;6.35;6.32;6.30;6.28;6.26;6.24;6.22;6.20;6.18;6.16;6.14;6.12;6.09;6.06;6.03;5.98;5.93;5.87;5.79;5.70;5.61;5.52;5.44;5.38;5.35;5.36;5.42;5.51;5.65;5.80;5.96;6.12;6.27;6.40;6.51;6.60;6.67;6.72;6.75;6.77;6.77;6.76;6.74;6.72;6.69;6.66;6.62;6.59;6.55;6.52;6.50;6.47;6.46;6.44;6.43;6.43;6.44;6.45;6.46;6.49;6.51;6.55;6.59;6.63;6.68;6.73;6.79;6.85;6.92;6.98;;;;;;;;;;;;;;;;;;;;;;;;;;;
0.700;;;;;;;;;;;;;;;;;;6.56;6.48;6.41;6.36;6.33;6.30;6.29;6.28;6.28;6.29;6.30;6.32;6.34;6.37;6.39;6.41;6.43;6.44;6.46;6.46;6.46;6.46;6.45;6.44;6.42;6.41;6.39;6.36;6.34;6.32;6.29;6.27;6.25;6.23;6.21;6.19;6.17;6.16;6.14;6.12;6.10;6.07;6.04;6.00;5.95;5.88;5.80;5.71;5.60;5.49;5.39;5.31;5.27;5.28;5.35;5.47;5.63;5.81;6.00;6.17;6.33;6.46;6.57;6.65;6.71;6.75;6.77;6.77;6.76;6.74;6.72;6.68;6.65;6.61;6.57;6.53;6.50;6.46;6.44;6.41;6.39;6.38;6.37;6.37;6.38;6.39;6.41;6.43;6.46;6.50;6.54;6.58;6.63;6.69;6.75;6.81;6.88;6.95;7.02;;;;;;;;;;;;;;;;;;;;;;;;;;
0.600;;;;;;;;;;;;;;;;;;6.54;6.46;6.40;6.35;6.31;6.29;6.27;6.27;6.27;6.28;6.29;6.31;6.34;6.36;6.38;6.40;6.42;6.44;6.45;6.46;6.46;6.45;6.45;6.43;6.42;6.40;6.38;6.35;6.33;6.31;6.28;6.26;6.24;6.22;6.20;6.19;6.17;6.16;6.14;6.13;6.11;6.09;6.06;6.03;5.98;5.91;5.83;5.73;5.61;5.48;5.36;5.25;5.19;5.20;5.29;5.44;5.64;5.85;6.06;6.25;6.40;6.53;6.63;6.70;6.74;6.76;6.77;6.76;6.74;6.71;6.68;6.64;6.60;6.55;6.51;6.47;6.43;6.40;6.37;6.35;6.33;6.32;6.31;6.31;6.32;6.33;6.35;6.38;6.41;6.45;6.49;6.54;6.59;6.65;6.71;6.77;6.84;6.92;6.99;;;;;;;;;;;;;;;;;;;;;;;;;;
0.500;;;;;;;;;;;;;;;;;;6.52;6.44;6.38;6.33;6.30;6.27;6.26;6.26;6.26;6.27;6.28;6.30;6.33;6.35;6.37;6.40;6.42;6.43;6.44;6.45;6.45;6.45;6.44;6.42;6.41;6.39;6.37;6.34;6.32;6.30;6.27;6.25;6.23;6.21;6.20;6.18;6.17;6.16;6.15;6.14;6.13;6.11;6.09;6.06;6.02;5.97;5.89;5.79;5.66;5.52;5.35;5.21;5.12;5.12;5.24;5.44;5.69;5.94;6.16;6.35;6.50;6.61;6.68;6.73;6.76;6.76;6.75;6.73;6.70;6.66;6.62;6.58;6.53;6.49;6.44;6.40;6.37;6.33;6.30;6.28;6.26;6.25;6.25;6.25;6.26;6.28;6.30;6.32;6.36;6.40;6.44;6.49;6.55;6.61;6.67;6.74;6.81;6.89;6.96;;;;;;;;;;;;;;;;;;;;;;;;;;
0.400;;;;;;;;;;;;;;;;;6.60;6.51;6.43;6.37;6.32;6.29;6.26;6.25;6.25;6.25;6.26;6.28;6.30;6.32;6.34;6.37;6.39;6.41;6.42;6.43;6.44;6.44;6.44;6.43;6.41;6.40;6.38;6.35;6.33;6.31;6.28;6.26;6.24;6.22;6.20;6.19;6.17;6.16;6.16;6.15;6.14;6.14;6.13;6.12;6.10;6.08;6.03;5.97;5.88;5.75;5.59;5.40;5.20;5.06;5.05;5.21;5.48;5.79;6.08;6.30;6.47;6.59;6.67;6.72;6.75;6.75;6.74;6.72;6.69;6.65;6.60;6.56;6.51;6.46;6.41;6.37;6.33;6.29;6.26;6.23;6.21;6.20;6.19;6.19;6.19;6.20;6.22;6.24;6.27;6.31;6.35;6.40;6.45;6.51;6.57;6.64;6.71;6.78;6.86;6.94;;;;;;;;;;;;;;;;;;;;;;;;;;
0.300;;;;;;;;;;;;;;;;;6.59;6.50;6.42;6.36;6.31;6.28;6.26;6.24;6.24;6.24;6.25;6.27;6.29;6.31;6.34;6.36;6.38;6.40;6.41;6.42;6.43;6.43;6.43;6.42;6.40;6.38;6.36;6.34;6.32;6.29;6.27;6.24;6.22;6.20;6.19;6.17;6.16;6.15;6.15;6.14;6.14;6.15;6.15;6.15;6.14;6.13;6.11;6.07;6.00;5.90;5.74;5.53;5.26;5.03;4.98;5.23;5.62;5.98;6.27;6.46;6.59;6.67;6.71;6.73;6.73;6.72;6.69;6.66;6.62;6.57;6.52;6.47;6.42;6.38;6.33;6.29;6.25;6.21;6.19;6.16;6.14;6.13;6.13;6.13;6.13;6.15;6.17;6.19;6.23;6.26;6.31;6.36;6.41;6.47;6.54;6.60;6.68;6.75;6.83;6.91;;;;;;;;;;;;;;;;;;;;;;;;;;
0.200;;;;;;;;;;;;;;;;;6.58;6.49;6.41;6.35;6.31;6.27;6.25;6.24;6.23;6.24;6.25;6.26;6.28;6.31;6.33;6.35;6.37;6.39;6.41;6.41;6.42;6.42;6.41;6.40;6.39;6.37;6.35;6.32;6.30;6.27;6.25;6.22;6.20;6.18;6.17;6.15;6.14;6.13;6.13;6.13;6.14;6.14;6.15;6.16;6.17;6.17;6.17;6.16;6.13;6.07;5.96;5.76;5.45;5.07;4.91;5.34;5.89;6.26;6.48;6.60;6.67;6.69;6.70;6.69;6.67;6.65;6.61;6.57;6.52;6.48;6.43;6.38;6.33;6.29;6.24;6.20;6.17;6.14;6.11;6.09;6.07;6.07;6.06;6.07;6.08;6.10;6.12;6.15;6.18;6.22;6.27;6.32;6.38;6.44;6.51;6.58;6.65;6.73;6.81;6.89;;;;;;;;;;;;;;;;;;;;;;;;;;
0.100;;;;;;;;;;;;;;;;;6.58;6.48;6.41;6.35;6.30;6.27;6.24;6.23;6.23;6.23;6.24;6.26;6.28;6.30;6.32;6.34;6.36;6.38;6.39;6.40;6.41;6.41;6.40;6.39;6.37;6.35;6.33;6.30;6.28;6.25;6.22;6.20;6.18;6.16;6.14;6.13;6.11;6.11;6.11;6.11;6.11;6.12;6.14;6.15;6.17;6.19;6.21;6.22;6.23;6.23;6.20;6.11;5.92;5.42;4.85;5.80;6.34;6.52;6.60;6.63;6.64;6.63;6.62;6.60;6.57;6.53;6.50;6.45;6.41;6.37;6.32;6.28;6.23;6.19;6.15;6.11;6.08;6.06;6.03;6.02;6.01;6.00;6.01;6.01;6.03;6.05;6.07;6.10;6.14;6.19;6.24;6.29;6.35;6.41;6.48;6.55;6.63;6.71;6.79;6.88;;;;;;;;;;;;;;;;;;;;;;;;;;
0.000;;;;;;;;;;;;;;;;;6.58;6.48;6.41;6.35;6.30;6.27;6.24;6.23;6.22;6.23;6.24;6.25;6.27;6.29;6.31;6.34;6.36;6.37;6.38;6.39;6.39;6.39;6.38;6.37;6.35;6.33;6.31;6.28;6.25;6.22;6.20;6.17;6.15;6.13;6.11;6.09;6.08;6.07;6.07;6.07;6.08;6.09;6.11;6.13;6.15;6.18;6.20;6.23;6.27;6.30;6.33;6.36;6.39;6.42;5.62;6.47;6.48;6.49;6.50;6.50;6.50;6.49;6.47;6.45;6.42;6.39;6.36;6.32;6.28;6.24;6.20;6.16;6.13;6.09;6.06;6.03;6.00;5.98;5.96;5.95;5.94;5.94;5.95;5.96;5.98;6.00;6.03;6.07;6.11;6.15;6.21;6.26;6.32;6.39;6.46;6.53;6.61;6.69;6.78;6.86;;;;;;;;;;;;;;;;;;;;;;;;;;
-0.100;;;;;;;;;;;;;;;;;6.58;6.48;6.41;6.35;6.30;6.26;6.24;6.23;6.22;6.22;6.23;6.25;6.27;6.29;6.31;6.33;6.35;6.36;6.37;6.38;6.38;6.37;6.36;6.35;6.33;6.31;6.28;6.25;6.22;6.20;6.17;6.14;6.11;6.09;6.07;6.05;6.04;6.03;6.03;6.03;6.03;6.04;6.05;6.07;6.09;6.11;6.14;6.16;6.19;6.21;6.21;6.19;6.07;5.61;4.74;5.29;5.79;6.01;6.13;6.20;6.23;6.25;6.26;6.25;6.24;6.22;6.20;6.17;6.14;6.11;6.08;6.05;6.02;5.99;5.96;5.94;5.92;5.90;5.89;5.88;5.88;5.89;5.90;5.91;5.94;5.96;6.00;6.03;6.08;6.13;6.18;6.24;6.30;6.37;6.44;6.52;6.60;6.68;6.76;6.85;;;;;;;;;;;;;;;;;;;;;;;;;;
-0.200;;;;;;;;;;;;;;;;;6.58;6.49;6.41;6.35;6.30;6.27;6.24;6.23;6.22;6.22;6.23;6.24;6.26;6.28;6.30;6.32;6.34;6.35;6.36;6.36;6.36;6.36;6.34;6.33;6.31;6.28;6.26;6.23;6.19;6.16;6.13;6.10;6.07;6.05;6.02;6.01;5.99;5.98;5.97;5.97;5.97;5.97;5.98;5.99;6.00;6.01;6.03;6.03;6.03;6.00;5.94;5.80;5.52;5.07;4.70;4.84;5.19;5.49;5.70;5.84;5.92;5.98;6.01;6.03;6.04;6.04;6.03;6.02;6.00;5.98;5.95;5.93;5.91;5.89;5.87;5.85;5.84;5.83;5.82;5.82;5.83;5.84;5.85;5.87;5.90;5.93;5.96;6.01;6.05;6.10;6.16;6.22;6.29;6.36;6.43;6.51;6.59;6.67;6.76;6.84;;;;;;;;;;;;;;;;;;;;;;;;;;
-0.300;;;;;;;;;;;;;;;;;6.59;6.49;6.42;6.35;6.31;6.27;6.24;6.23;6.22;6.22;6.23;6.24;6.26;6.27;6.29;6.31;6.32;6.34;6.34;6.35;6.34;6.34;6.32;6.30;6.28;6.26;6.23;6.19;6.16;6.13;6.09;6.06;6.03;6.00;5.98;5.95;5.93;5.92;5.90;5.90;5.89;5.89;5.89;5.89;5.89;5.88;5.88;5.86;5.82;5.75;5.63;5.44;5.17;4.86;4.66;4.70;4.90;5.14;5.35;5.51;5.63;5.71;5.77;5.81;5.84;5.85;5.86;5.86;5.85;5.84;5.83;5.82;5.81;5.79;5.78;5.77;5.77;5.76;5.76;5.77;5.78;5.79;5.81;5.84;5.87;5.90;5.94;5.98;6.03;6.09;6.15;6.21;6.28;6.35;6.42;6.50;6.58;6.66;6.75;6.84;;;;;;;;;;;;;;;;;;;;;;;;;;
-0.400;;;;;;;;;;;;;;;;;6.60;6.50;6.42;6.36;6.31;6.27;6.25;6.23;6.22;6.22;6.23;6.24;6.25;6.27;6.28;6.30;6.31;6.32;6.33;6.33;6.33;6.32;6.30;6.28;6.26;6.23;6.20;6.16;6.13;6.09;6.05;6.02;5.98;5.95;5.92;5.90;5.87;5.85;5.83;5.82;5.81;5.80;5.79;5.77;5.76;5.74;5.71;5.67;5.60;5.50;5.36;5.17;4.96;4.75;4.62;4.63;4.74;4.91;5.08;5.24;5.37;5.47;5.54;5.60;5.65;5.68;5.70;5.71;5.71;5.72;5.71;5.71;5.71;5.70;5.70;5.70;5.70;5.70;5.71;5.72;5.73;5.75;5.78;5.80;5.84;5.88;5.92;5.97;6.02;6.07;6.14;6.20;6.27;6.34;6.42;6.50;6.58;6.66;6.75;6.84;;;;;;;;;;;;;;;;;;;;;;;;;;
-0.500;;;;;;;;;;;;;;;;;6.61;6.51;6.43;6.37;6.32;6.28;6.25;6.23;6.22;6.22;6.23;6.24;6.25;6.26;6.28;6.29;6.30;6.31;6.31;6.31;6.31;6.29;6.28;6.25;6.23;6.20;6.16;6.13;6.09;6.05;6.01;5.97;5.94;5.90;5.87;5.84;5.81;5.78;5.76;5.74;5.72;5.70;5.68;5.66;5.63;5.60;5.55;5.49;5.41;5.30;5.16;5.00;4.82;4.68;4.59;4.58;4.65;4.77;4.91;5.04;5.16;5.26;5.35;5.42;5.47;5.52;5.55;5.57;5.59;5.60;5.61;5.61;5.62;5.62;5.62;5.63;5.64;5.65;5.66;5.68;5.70;5.72;5.75;5.78;5.82;5.86;5.90;5.95;6.01;6.07;6.13;6.20;6.27;6.34;6.42;6.50;6.58;6.67;6.75;6.84;;;;;;;;;;;;;;;;;;;;;;;;;;
-0.600;;;;;;;;;;;;;;;;;6.63;6.53;6.44;6.38;6.33;6.29;6.26;6.24;6.23;6.22;6.23;6.23;6.24;6.26;6.27;6.28;6.29;6.30;6.30;6.29;6.29;6.27;6.25;6.23;6.20;6.17;6.13;6.09;6.05;6.01;5.97;5.93;5.89;5.85;5.81;5.78;5.75;5.72;5.69;5.66;5.63;5.60;5.57;5.54;5.50;5.46;5.40;5.33;5.24;5.13;5.01;4.87;4.73;4.63;4.56;4.55;4.59;4.68;4.78;4.89;5.00;5.10;5.19;5.26;5.32;5.37;5.41;5.45;5.47;5.49;5.51;5.52;5.53;5.55;5.56;5.57;5.58;5.60;5.62;5.64;5.66;5.69;5.72;5.76;5.80;5.85;5.89;5.95;6.00;6.07;6.13;6.20;6.27;6.35;6.42;6.50;6.59;6.67;6.76;6.84;;;;;;;;;;;;;;;;;;;;;;;;;;
-0.700;;;;;;;;;;;;;;;;;6.65;6.54;6.46;6.39;6.34;6.29;6.26;6.24;6.23;6.22;6.22;6.23;6.24;6.25;6.26;6.27;6.28;6.28;6.28;6.27;6.26;6.25;6.23;6.20;6.17;6.14;6.10;6.06;6.02;5.97;5.93;5.89;5.84;5.80;5.76;5.72;5.68;5.65;5.61;5.58;5.55;5.51;5.47;5.43;5.39;5.33;5.27;5.19;5.11;5.00;4.89;4.78;4.67;4.59;4.53;4.53;4.55;4.61;4.70;4.79;4.88;4.97;5.06;5.13;5.20;5.25;5.30;5.34;5.37;5.40;5.42;5.44;5.46;5.48;5.50;5.52;5.54;5.56;5.58;5.61;5.64;5.67;5.71;5.75;5.79;5.84;5.89;5.95;6.00;6.07;6.13;6.20;6.28;6.35;6.43;6.51;6.59;6.68;6.76;6.85;;;;;;;;;;;;;;;;;;;;;;;;;;
-0.800;;;;;;;;;;;;;;;;;;6.56;6.47;6.40;6.35;6.30;6.27;6.25;6.23;6.22;6.22;6.23;6.23;6.24;6.25;6.26;6.26;6.26;6.26;6.25;6.24;6.23;6.20;6.17;6.14;6.11;6.07;6.02;5.98;5.94;5.89;5.84;5.80;5.75;5.71;5.67;5.63;5.59;5.55;5.51;5.47;5.43;5.38;5.34;5.28;5.22;5.16;5.08;5.00;4.90;4.81;4.71;4.62;4.56;4.52;4.51;4.52;4.57;4.64;4.71;4.79;4.88;4.95;5.03;5.09;5.15;5.20;5.24;5.28;5.32;5.35;5.38;5.40;5.43;5.45;5.47;5.50;5.53;5.55;5.58;5.62;5.65;5.69;5.74;5.78;5.84;5.89;5.95;6.01;6.07;6.14;6.21;6.29;6.36;6.44;6.52;6.60;6.69;6.77;6.86;;;;;;;;;;;;;;;;;;;;;;;;;;
-0.900;;;;;;;;;;;;;;;;;;6.57;6.49;6.41;6.36;6.31;6.28;6.25;6.24;6.23;6.22;6.22;6.23;6.23;6.24;6.24;6.25;6.25;6.24;6.24;6.22;6.20;6.18;6.15;6.11;6.08;6.04;5.99;5.95;5.90;5.85;5.80;5.76;5.71;5.66;5.62;5.57;5.53;5.48;5.44;5.40;5.35;5.30;5.25;5.20;5.13;5.07;4.99;4.91;4.83;4.74;4.66;4.59;4.54;4.50;4.49;4.51;4.54;4.59;4.66;4.73;4.80;4.87;4.94;5.01;5.07;5.12;5.17;5.21;5.25;5.29;5.32;5.35;5.38;5.41;5.44;5.47;5.50;5.53;5.57;5.60;5.64;5.69;5.73;5.78;5.84;5.89;5.95;6.02;6.08;6.15;6.22;6.30;6.38;6.45;6.54;6.62;6.70;6.78;6.87;;;;;;;;;;;;;;;;;;;;;;;;;;
-1.000;;;;;;;;;;;;;;;;;;6.59;6.50;6.43;6.37;6.32;6.28;6.26;6.24;6.23;6.22;6.22;6.22;6.22;6.23;6.23;6.23;6.23;6.23;6.22;6.20;6.18;6.15;6.12;6.09;6.05;6.01;5.96;5.92;5.87;5.82;5.77;5.72;5.67;5.62;5.57;5.52;5.48;5.43;5.38;5.33;5.29;5.23;5.18;5.12;5.06;4.99;4.92;4.84;4.77;4.69;4.62;4.56;4.52;4.49;4.48;4.49;4.52;4.56;4.62;4.68;4.75;4.81;4.88;4.94;5.00;5.05;5.11;5.15;5.20;5.24;5.27;5.31;5.34;5.38;5.41;5.44;5.48;5.52;5.56;5.60;5.64;5.69;5.74;5.79;5.84;5.90;5.96;6.03;6.09;6.17;6.24;6.31;6.39;6.47;6.55;6.63;6.71;6.80;;;;;;;;;;;;;;;;;;;;;;;;;;;
-1.100;;;;;;;;;;;;;;;;;;6.61;6.52;6.44;6.38;6.33;6.29;6.26;6.24;6.23;6.22;6.22;6.21;6.22;6.22;6.22;6.22;6.21;6.21;6.20;6.18;6.16;6.13;6.10;6.06;6.02;5.98;5.94;5.89;5.84;5.79;5.74;5.69;5.63;5.58;5.53;5.48;5.43;5.38;5.33;5.28;5.23;5.18;5.12;5.06;5.00;4.93;4.86;4.79;4.73;4.66;4.60;4.55;4.51;4.48;4.48;4.49;4.51;4.55;4.59;4.65;4.71;4.77;4.83;4.89;4.95;5.00;5.06;5.11;5.15;5.20;5.24;5.28;5.31;5.35;5.39;5.43;5.47;5.51;5.55;5.59;5.64;5.69;5.74;5.79;5.85;5.91;5.97;6.04;6.11;6.18;6.25;6.33;6.41;6.48;6.56;6.65;6.73;6.81;;;;;;;;;;;;;;;;;;;;;;;;;;;
-1.200;;;;;;;;;;;;;;;;;;6.64;6.54;6.46;6.39;6.34;6.30;6.27;6.24;6.23;6.22;6.21;6.21;6.21;6.21;6.21;6.20;6.20;6.19;6.18;6.16;6.14;6.11;6.08;6.04;6.00;5.96;5.91;5.86;5.81;5.76;5.71;5.66;5.61;5.55;5.50;5.45;5.40;5.34;5.29;5.24;5.19;5.13;5.07;5.01;4.95;4.89;4.82;4.76;4.69;4.64;4.58;4.54;4.50;4.48;4.48;4.48;4.50;4.53;4.58;4.62;4.68;4.74;4.79;4.85;4.91;4.97;5.02;5.07;5.12;5.16;5.21;5.25;5.29;5.33;5.38;5.42;5.46;5.50;5.55;5.59;5.64;5.69;5.75;5.80;5.86;5.92;5.99;6.06;6.13;6.20;6.27;6.35;6.42;6.50;6.58;6.66;6.74;6.82;;;;;;;;;;;;;;;;;;;;;;;;;;;
-1.300;;;;;;;;;;;;;;;;;;6.66;6.56;6.47;6.41;6.35;6.31;6.27;6.25;6.23;6.21;6.21;6.20;6.20;6.19;6.19;6.19;6.18;6.17;6.16;6.14;6.12;6.09;6.06;6.02;5.98;5.94;5.89;5.84;5.79;5.74;5.69;5.64;5.58;5.53;5.48;5.42;5.37;5.32;5.26;5.21;5.15;5.09;5.04;4.98;4.92;4.86;4.79;4.73;4.67;4.62;4.57;4.53;4.50;4.48;4.48;4.48;4.50;4.53;4.57;4.61;4.66;4.71;4.77;4.83;4.88;4.94;4.99;5.04;5.09;5.14;5.19;5.24;5.28;5.32;5.37;5.41;5.46;5.50;5.55;5.60;5.65;5.70;5.76;5.82;5.88;5.94;6.00;6.07;6.14;6.21;6.29;6.36;6.44;6.52;6.60;6.67;6.75;6.83;;;;;;;;;;;;;;;;;;;;;;;;;;;
-1.400;;;;;;;;;;;;;;;;;;;6.58;6.49;6.42;6.36;6.32;6.28;6.25;6.23;6.21;6.20;6.19;6.19;6.18;6.18;6.17;6.16;6.15;6.14;6.12;6.10;6.07;6.04;6.00;5.96;5.92;5.87;5.83;5.78;5.72;5.67;5.62;5.57;5.51;5.46;5.40;5.35;5.29;5.24;5.18;5.13;5.07;5.01;4.95;4.89;4.83;4.77;4.72;4.66;4.61;4.57;4.53;4.51;4.49;4.48;4.49;4.50;4.53;4.56;4.60;4.65;4.70;4.75;4.81;4.86;4.92;4.97;5.03;5.08;5.13;5.18;5.23;5.27;5.32;5.37;5.41;5.46;5.51;5.56;5.61;5.66;5.72;5.77;5.83;5.89;5.96;6.02;6.09;6.16;6.23;6.30;6.38;6.46;6.53;6.61;6.69;6.76;;;;;;;;;;;;;;;;;;;;;;;;;;;;
-1.500;;;;;;;;;;;;;;;;;;;6.60;6.51;6.44;6.38;6.33;6.29;6.25;6.23;6.21;6.20;6.19;6.18;6.17;6.16;6.16;6.15;6.14;6.12;6.10;6.08;6.05;6.02;5.99;5.95;5.91;5.86;5.81;5.76;5.71;5.66;5.61;5.55;5.50;5.45;5.39;5.34;5.28;5.22;5.17;5.11;5.05;5.00;4.94;4.88;4.82;4.76;4.71;4.66;4.61;4.57;4.54;4.51;4.50;4.49;4.50;4.51;4.54;4.57;4.60;4.65;4.70;4.75;4.80;4.85;4.91;4.96;5.02;5.07;5.12;5.17;5.22;5.27;5.32;5.37;5.42;5.47;5.52;5.57;5.62;5.67;5.73;5.79;5.85;5.91;5.97;6.04;6.11;6.18;6.25;6.32;6.39;6.47;6.55;6.62;6.70;6.77;;;;;;;;;;;;;;;;;;;;;;;;;;;;
-1.600;;;;;;;;;;;;;;;;;;;6.62;6.53;6.45;6.39;6.33;6.29;6.26;6.23;6.21;6.19;6.18;6.17;6.16;6.15;6.14;6.13;6.12;6.11;6.09;6.06;6.04;6.01;5.97;5.94;5.89;5.85;5.80;5.76;5.71;5.65;5.60;5.55;5.49;5.44;5.38;5.33;5.27;5.22;5.16;5.10;5.05;4.99;4.93;4.87;4.81;4.76;4.71;4.66;4.62;4.58;4.55;4.53;4.51;4.51;4.51;4.52;4.54;4.57;4.61;4.65;4.70;4.75;4.80;4.85;4.91;4.96;5.01;5.07;5.12;5.17;5.22;5.27;5.32;5.37;5.43;5.48;5.53;5.58;5.63;5.69;5.75;5.80;5.86;5.93;5.99;6.06;6.12;6.19;6.26;6.34;6.41;6.48;6.56;6.63;6.71;6.78;;;;;;;;;;;;;;;;;;;;;;;;;;;;
-1.700;;;;;;;;;;;;;;;;;;;;6.55;6.47;6.40;6.34;6.30;6.26;6.23;6.21;6.19;6.17;6.16;6.15;6.14;6.13;6.12;6.10;6.09;6.07;6.05;6.02;5.99;5.96;5.93;5.89;5.84;5.80;5.75;5.70;5.65;5.60;5.55;5.49;5.44;5.39;5.33;5.27;5.22;5.16;5.10;5.04;4.99;4.93;4.87;4.82;4.76;4.71;4.67;4.63;4.59;4.56;4.54;4.53;4.52;4.53;4.54;4.56;4.59;4.62;4.66;4.70;4.75;4.80;4.85;4.91;4.96;5.02;5.07;5.12;5.18;5.23;5.28;5.33;5.38;5.44;5.49;5.54;5.59;5.65;5.70;5.76;5.82;5.88;5.94;6.01;6.07;6.14;6.21;6.28;6.35;6.42;6.49;6.57;6.64;6.72;6.79;;;;;;;;;;;;;;;;;;;;;;;;;;;;
-1.800;;;;;;;;;;;;;;;;;;;;6.57;6.49;6.41;6.36;6.31;6.27;6.23;6.20;6.18;6.16;6.15;6.14;6.13;6.12;6.10;6.09;6.08;6.06;6.04;6.01;5.98;5.95;5.92;5.88;5.84;5.80;5.75;5.71;5.66;5.61;5.55;5.50;5.45;5.39;5.34;5.28;5.22;5.17;5.11;5.05;4.99;4.94;4.88;4.82;4.77;4.72;4.68;4.64;4.61;4.58;4.56;4.54;4.54;4.54;4.56;4.58;4.60;4.63;4.67;4.72;4.76;4.81;4.86;4.92;4.97;5.02;5.08;5.13;5.19;5.24;5.29;5.35;5.40;5.45;5.50;5.56;5.61;5.67;5.72;5.78;5.84;5.90;5.96;6.02;6.09;6.15;6.22;6.29;6.36;6.43;6.50;6.58;6.65;6.72;;;;;;;;;;;;;;;;;;;;;;;;;;;;;
-1.900;;;;;;;;;;;;;;;;;;;;6.59;6.50;6.43;6.37;6.31;6.27;6.23;6.20;6.18;6.16;6.14;6.13;6.11;6.10;6.09;6.08;6.06;6.04;6.02;6.00;5.98;5.95;5.91;5.88;5.84;5.80;5.76;5.71;5.66;5.61;5.56;5.51;5.46;5.40;5.35;5.29;5.23;5.18;5.12;5.06;5.00;4.95;4.89;4.84;4.79;4.74;4.70;4.66;4.62;4.60;4.58;4.57;4.56;4.57;4.58;4.60;4.62;4.65;4.69;4.73;4.78;4.83;4.88;4.93;4.98;5.04;5.09;5.15;5.20;5.25;5.31;5.36;5.41;5.47;5.52;5.57;5.63;5.68;5.74;5.80;5.85;5.91;5.97;6.04;6.10;6.16;6.23;6.30;6.37;6.44;6.51;6.58;6.65;6.73;;;;;;;;;;;;;;;;;;;;;;;;;;;;;
-2.000;;;;;;;;;;;;;;;;;;;;;6.53;6.45;6.38;6.32;6.28;6.24;6.20;6.18;6.15;6.14;6.12;6.10;6.09;6.08;6.06;6.05;6.03;6.01;5.99;5.97;5.94;5.91;5.88;5.84;5.80;5.76;5.72;5.67;5.63;5.58;5.52;5.47;5.42;5.36;5.31;5.25;5.19;5.14;5.08;5.02;4.96;4.91;4.86;4.81;4.76;4.72;4.68;4.65;4.62;4.60;4.59;4.59;4.59;4.60;4.62;4.64;4.67;4.71;4.75;4.80;4.84;4.89;4.95;5.00;5.05;5.11;5.16;5.22;5.27;5.33;5.38;5.43;5.49;5.54;5.59;5.65;5.70;5.76;5.81;5.87;5.93;5.99;6.05;6.11;6.18;6.24;6.31;6.38;6.44;6.51;6.59;6.66;;;;;;;;;;;;;;;;;;;;;;;;;;;;;;
-2.100;;;;;;;;;;;;;;;;;;;;;6.55;6.47;6.40;6.34;6.29;6.24;6.21;6.18;6.15;6.13;6.11;6.10;6.08;6.07;6.05;6.04;6.02;6.01;5.99;5.96;5.94;5.91;5.88;5.85;5.81;5.77;5.73;5.69;5.64;5.59;5.54;5.49;5.44;5.38;5.33;5.27;5.21;5.16;5.10;5.04;4.98;4.93;4.88;4.83;4.78;4.74;4.70;4.67;4.65;4.63;4.62;4.61;4.62;4.63;4.65;4.67;4.70;4.73;4.77;4.82;4.87;4.92;4.97;5.02;5.07;5.13;5.18;5.24;5.29;5.35;5.40;5.45;5.51;5.56;5.61;5.67;5.72;5.77;5.83;5.89;5.94;6.00;6.06;6.12;6.18;6.25;6.31;6.38;6.45;6.52;6.59;6.66;;;;;;;;;;;;;;;;;;;;;;;;;;;;;;
-2.200;;;;;;;;;;;;;;;;;;;;;;6.49;6.42;6.35;6.30;6.25;6.21;6.18;6.15;6.13;6.11;6.09;6.07;6.06;6.04;6.03;6.02;6.00;5.98;5.96;5.94;5.91;5.88;5.85;5.82;5.78;5.74;5.70;5.66;5.61;5.56;5.51;5.46;5.41;5.35;5.29;5.24;5.18;5.12;5.07;5.01;4.95;4.90;4.85;4.81;4.77;4.73;4.70;4.68;4.66;4.65;4.65;4.65;4.66;4.68;4.70;4.73;4.76;4.80;4.85;4.89;4.94;4.99;5.05;5.10;5.15;5.21;5.26;5.32;5.37;5.42;5.48;5.53;5.58;5.63;5.69;5.74;5.79;5.85;5.90;5.96;6.01;6.07;6.13;6.19;6.25;6.32;6.38;6.45;6.52;6.59;;;;;;;;;;;;;;;;;;;;;;;;;;;;;;;
-2.300;;;;;;;;;;;;;;;;;;;;;;6.52;6.44;6.37;6.31;6.26;6.22;6.18;6.15;6.13;6.10;6.08;6.07;6.05;6.04;6.02;6.01;5.99;5.98;5.96;5.94;5.91;5.89;5.86;5.83;5.79;5.76;5.72;5.68;5.63;5.59;5.54;5.48;5.43;5.38;5.32;5.26;5.21;5.15;5.09;5.04;4.98;4.93;4.88;4.84;4.80;4.76;4.73;4.71;4.69;4.68;4.68;4.68;4.69;4.71;4.73;4.76;4.79;4.83;4.88;4.92;4.97;5.02;5.07;5.13;5.18;5.24;5.29;5.34;5.40;5.45;5.50;5.55;5.61;5.66;5.71;5.76;5.81;5.86;5.92;5.97;6.03;6.08;6.14;6.20;6.26;6.32;6.39;6.45;6.52;6.59;;;;;;;;;;;;;;;;;;;;;;;;;;;;;;;
-2.400;;;;;;;;;;;;;;;;;;;;;;;6.46;6.39;6.33;6.27;6.23;6.19;6.16;6.13;6.10;6.08;6.06;6.05;6.03;6.02;6.00;5.99;5.97;5.96;5.94;5.92;5.89;5.87;5.84;5.81;5.77;5.74;5.70;5.65;5.61;5.56;5.51;5.46;5.40;5.35;5.29;5.24;5.18;5.12;5.07;5.01;4.96;4.91;4.87;4.83;4.80;4.77;4.74;4.73;4.72;4.71;4.72;4.73;4.74;4.77;4.80;4.83;4.87;4.91;4.95;5.00;5.05;5.11;5.16;5.21;5.27;5.32;5.37;5.43;5.48;5.53;5.58;5.63;5.68;5.73;5.78;5.83;5.88;5.93;5.98;6.04;6.09;6.15;6.21;6.26;6.33;6.39;6.45;6.52;;;;;;;;;;;;;;;;;;;;;;;;;;;;;;;;
-2.500;;;;;;;;;;;;;;;;;;;;;;;6.49;6.41;6.35;6.29;6.24;6.20;6.16;6.13;6.11;6.08;6.06;6.04;6.03;6.01;6.00;5.99;5.97;5.96;5.94;5.92;5.90;5.88;5.85;5.82;5.79;5.76;5.72;5.68;5.63;5.59;5.54;5.49;5.43;5.38;5.32;5.27;5.21;5.15;5.10;5.05;4.99;4.95;4.90;4.87;4.83;4.80;4.78;4.76;4.76;4.75;4.76;4.77;4.78;4.81;4.83;4.87;4.90;4.95;4.99;5.04;5.09;5.14;5.19;5.25;5.30;5.35;5.41;5.46;5.51;5.56;5.61;5.66;5.71;5.75;5.80;5.85;5.90;5.95;6.00;6.05;6.10;6.16;6.21;6.27;6.33;6.39;6.46;6.52;;;;;;;;;;;;;;;;;;;;;;;;;;;;;;;;
-2.600;;;;;;;;;;;;;;;;;;;;;;;;6.44;6.37;6.31;6.26;6.21;6.17;6.14;6.11;6.09;6.06;6.05;6.03;6.01;6.00;5.99;5.97;5.96;5.95;5.93;5.91;5.89;5.87;5.84;5.81;5.78;5.74;5.70;5.66;5.62;5.57;5.52;5.46;5.41;5.35;5.30;5.24;5.19;5.13;5.08;5.03;4.98;4.94;4.90;4.87;4.84;4.82;4.81;4.80;4.79;4.80;4.81;4.82;4.85;4.87;4.91;4.95;4.99;5.03;5.08;5.13;5.18;5.23;5.28;5.34;5.39;5.44;5.49;5.54;5.59;5.64;5.69;5.73;5.78;5.82;5.87;5.92;5.96;6.01;6.06;6.11;6.16;6.22;6.28;6.33;6.40;6.46;;;;;;;;;;;;;;;;;;;;;;;;;;;;;;;;;
-2.700;;;;;;;;;;;;;;;;;;;;;;;;6.48;6.40;6.34;6.28;6.23;6.19;6.15;6.12;6.09;6.07;6.05;6.03;6.02;6.00;5.99;5.98;5.96;5.95;5.94;5.92;5.90;5.88;5.85;5.83;5.80;5.76;5.73;5.69;5.64;5.60;5.55;5.50;5.44;5.39;5.33;5.28;5.22;5.17;5.12;5.07;5.02;4.98;4.94;4.91;4.88;4.86;4.85;4.84;4.84;4.84;4.85;4.87;4.89;4.92;4.95;4.99;5.03;5.08;5.12;5.17;5.22;5.27;5.33;5.38;5.43;5.48;5.53;5.58;5.63;5.67;5.72;5.76;5.81;5.85;5.89;5.94;5.98;6.03;6.07;6.12;6.17;6.23;6.28;6.34;6.40;6.47;;;;;;;;;;;;;;;;;;;;;;;;;;;;;;;;;
-2.800;;;;;;;;;;;;;;;;;;;;;;;;;6.44;6.37;6.31;6.25;6.21;6.17;6.13;6.10;6.08;6.06;6.04;6.02;6.01;5.99;5.98;5.97;5.96;5.94;5.93;5.91;5.89;5.87;5.85;5.82;5.79;5.75;5.71;5.67;5.63;5.58;5.53;5.47;5.42;5.37;5.31;5.26;5.21;5.15;5.11;5.06;5.02;4.98;4.95;4.93;4.91;4.89;4.89;4.88;4.89;4.90;4.92;4.94;4.97;5.00;5.04;5.08;5.12;5.17;5.22;5.27;5.32;5.37;5.42;5.47;5.52;5.57;5.62;5.66;5.71;5.75;5.79;5.83;5.88;5.92;5.96;6.00;6.05;6.09;6.14;6.19;6.24;6.29;6.35;6.41;;;;;;;;;;;;;;;;;;;;;;;;;;;;;;;;;;
-2.900;;;;;;;;;;;;;;;;;;;;;;;;;;6.41;6.34;6.28;6.23;6.19;6.15;6.12;6.09;6.07;6.05;6.03;6.01;6.00;5.99;5.98;5.96;5.95;5.94;5.92;5.91;5.89;5.86;5.84;5.81;5.77;5.74;5.70;5.65;5.61;5.56;5.51;5.46;5.40;5.35;5.30;5.24;5.19;5.15;5.10;5.06;5.03;5.00;4.97;4.95;4.94;4.93;4.93;4.94;4.95;4.97;4.99;5.02;5.05;5.09;5.13;5.17;5.22;5.27;5.32;5.37;5.42;5.47;5.52;5.57;5.61;5.66;5.70;5.74;5.79;5.83;5.87;5.90;5.94;5.98;6.02;6.06;6.11;6.15;6.20;6.25;6.30;6.36;;;;;;;;;;;;;;;;;;;;;;;;;;;;;;;;;;;
-3.000;;;;;;;;;;;;;;;;;;;;;;;;;;6.45;6.38;6.32;6.26;6.22;6.18;6.14;6.11;6.08;6.06;6.04;6.02;6.01;6.00;5.99;5.98;5.96;5.95;5.94;5.92;5.90;5.88;5.86;5.83;5.80;5.76;5.72;5.68;5.64;5.59;5.54;5.49;5.44;5.39;5.33;5.28;5.24;5.19;5.15;5.11;5.08;5.05;5.02;5.00;4.99;4.99;4.99;4.99;5.01;5.02;5.05;5.07;5.11;5.14;5.19;5.23;5.28;5.32;5.37;5.42;5.47;5.52;5.57;5.61;5.66;5.70;5.75;5.79;5.82;5.86;5.90;5.94;5.97;6.01;6.05;6.09;6.13;6.17;6.22;6.27;6.32;;;;;;;;;;;;;;;;;;;;;;;;;;;;;;;;;;;;
-3.100;;;;;;;;;;;;;;;;;;;;;;;;;;;6.43;6.36;6.30;6.25;6.20;6.17;6.13;6.10;6.08;6.06;6.04;6.02;6.01;6.00;5.99;5.98;5.96;5.95;5.94;5.92;5.90;5.88;5.85;5.82;5.79;5.75;5.71;5.67;5.62;5.57;5.52;5.47;5.42;5.37;5.32;5.28;5.23;5.19;5.16;5.12;5.10;5.07;5.06;5.05;5.04;5.04;5.05;5.06;5.08;5.10;5.13;5.17;5.20;5.24;5.29;5.33;5.38;5.43;5.48;5.53;5.58;5.62;5.67;5.71;5.75;5.79;5.83;5.87;5.90;5.94;5.97;6.01;6.04;6.08;6.11;6.15;6.19;6.24;6.29;6.34;;;;;;;;;;;;;;;;;;;;;;;;;;;;;;;;;;;;
-3.200;;;;;;;;;;;;;;;;;;;;;;;;;;;;6.41;6.35;6.29;6.24;6.20;6.16;6.13;6.10;6.08;6.06;6.04;6.03;6.01;6.00;5.99;5.98;5.97;5.95;5.94;5.92;5.90;5.87;5.84;5.81;5.78;5.74;5.70;5.65;5.61;5.56;5.51;5.46;5.41;5.37;5.32;5.28;5.24;5.21;5.18;5.15;5.13;5.11;5.10;5.10;5.10;5.11;5.12;5.14;5.17;5.20;5.23;5.27;5.31;5.35;5.40;5.44;5.49;5.54;5.59;5.64;5.68;5.72;5.77;5.81;5.84;5.88;5.91;5.95;5.98;6.01;6.04;6.07;6.11;6.14;6.18;6.22;6.27;6.31;;;;;;;;;;;;;;;;;;;;;;;;;;;;;;;;;;;;;
-3.300;;;;;;;;;;;;;;;;;;;;;;;;;;;;;6.40;6.34;6.28;6.24;6.20;6.16;6.13;6.10;6.08;6.06;6.05;6.03;6.02;6.01;6.00;5.98;5.97;5.96;5.94;5.92;5.90;5.87;5.84;5.80;5.77;5.73;5.69;5.64;5.60;5.55;5.50;5.46;5.41;5.37;5.33;5.29;5.26;5.23;5.20;5.19;5.17;5.16;5.16;5.16;5.17;5.19;5.21;5.23;5.26;5.30;5.33;5.38;5.42;5.46;5.51;5.56;5.61;5.65;5.70;5.74;5.79;5.83;5.86;5.90;5.93;5.96;5.99;6.02;6.05;6.08;6.11;6.14;6.18;6.21;6.25;6.30;;;;;;;;;;;;;;;;;;;;;;;;;;;;;;;;;;;;;;
-3.400;;;;;;;;;;;;;;;;;;;;;;;;;;;;;6.46;6.39;6.33;6.28;6.24;6.20;6.17;6.14;6.11;6.09;6.07;6.06;6.04;6.03;6.02;6.01;5.99;5.98;5.96;5.94;5.92;5.89;5.86;5.83;5.80;5.76;5.72;5.68;5.63;5.59;5.54;5.50;5.46;5.42;5.38;5.34;5.31;5.28;5.26;5.24;5.23;5.23;5.23;5.23;5.24;5.26;5.28;5.30;5.33;5.37;5.41;5.45;5.49;5.54;5.58;5.63;5.68;5.72;5.77;5.81;5.85;5.89;5.92;5.96;5.99;6.02;6.05;6.07;6.10;6.13;6.15;6.18;6.22;6.25;6.29;;;;;;;;;;;;;;;;;;;;;;;;;;;;;;;;;;;;;;;
-3.500;;;;;;;;;;;;;;;;;;;;;;;;;;;;;;6.46;6.39;6.34;6.29;6.24;6.21;6.17;6.15;6.12;6.10;6.08;6.07;6.05;6.04;6.03;6.01;6.00;5.98;5.96;5.94;5.92;5.89;5.86;5.83;5.79;5.75;5.71;5.67;5.63;5.59;5.54;5.50;5.46;5.43;5.40;5.37;5.34;5.32;5.31;5.30;5.29;5.29;5.30;5.31;5.33;5.35;5.38;5.41;5.44;5.48;5.52;5.57;5.61;5.66;5.71;5.75;5.80;5.84;5.88;5.92;5.96;5.99;6.02;6.05;6.08;6.10;6.13;6.15;6.17;6.20;6.23;6.26;6.29;;;;;;;;;;;;;;;;;;;;;;;;;;;;;;;;;;;;;;;;
-3.600;;;;;;;;;;;;;;;;;;;;;;;;;;;;;;;6.47;6.40;6.35;6.30;6.26;6.22;6.19;6.16;6.14;6.12;6.10;6.08;6.07;6.06;6.04;6.03;6.01;5.99;5.97;5.95;5.92;5.89;5.86;5.82;5.79;5.75;5.71;5.67;5.63;5.59;5.55;5.52;5.48;5.45;5.43;5.40;5.38;5.37;5.36;5.36;5.36;5.37;5.39;5.40;5.43;5.46;5.49;5.52;5.56;5.61;5.65;5.70;5.74;5.79;5.84;5.88;5.92;5.96;6.00;6.03;6.06;6.09;6.12;6.14;6.16;6.18;6.21;6.23;6.25;6.28;6.31;;;;;;;;;;;;;;;;;;;;;;;;;;;;;;;;;;;;;;;;;
-3.700;;;;;;;;;;;;;;;;;;;;;;;;;;;;;;;;6.48;6.42;6.36;6.31;6.27;6.24;6.21;6.18;6.16;6.14;6.12;6.10;6.09;6.07;6.05;6.04;6.02;6.00;5.98;5.95;5.92;5.89;5.86;5.82;5.79;5.75;5.71;5.68;5.64;5.60;5.57;5.54;5.51;5.49;5.47;5.45;5.44;5.43;5.43;5.44;5.45;5.46;5.48;5.51;5.54;5.57;5.61;5.65;5.69;5.74;5.78;5.83;5.88;5.92;5.96;6.01;6.04;6.08;6.11;6.14;6.16;6.19;6.21;6.23;6.25;6.27;6.29;6.31;6.33;;;;;;;;;;;;;;;;;;;;;;;;;;;;;;;;;;;;;;;;;;
-3.800;;;;;;;;;;;;;;;;;;;;;;;;;;;;;;;;;6.50;6.44;6.38;6.34;6.30;6.26;6.23;6.20;6.18;6.16;6.14;6.12;6.11;6.09;6.07;6.05;6.03;6.01;5.98;5.96;5.93;5.90;5.86;5.83;5.79;5.76;5.72;5.69;5.66;5.63;5.60;5.57;5.55;5.53;5.52;5.51;5.51;5.51;5.52;5.53;5.55;5.57;5.59;5.63;5.66;5.70;5.74;5.79;5.83;5.88;5.92;5.97;6.01;6.06;6.10;6.13;6.17;6.19;6.22;6.24;6.26;6.28;6.30;6.32;6.33;6.35;6.37;;;;;;;;;;;;;;;;;;;;;;;;;;;;;;;;;;;;;;;;;;;
-3.900;;;;;;;;;;;;;;;;;;;;;;;;;;;;;;;;;;;6.47;6.41;6.37;6.33;6.29;6.26;6.23;6.21;6.19;6.17;6.15;6.13;6.11;6.09;6.07;6.04;6.02;5.99;5.97;5.94;5.91;5.87;5.84;5.81;5.77;5.74;5.71;5.68;5.66;5.64;5.62;5.60;5.59;5.59;5.59;5.59;5.60;5.61;5.63;5.66;5.68;5.72;5.75;5.79;5.84;5.88;5.93;5.98;6.02;6.07;6.11;6.15;6.19;6.23;6.26;6.28;6.31;6.33;6.34;6.36;6.37;6.39;6.40;6.42;;;;;;;;;;;;;;;;;;;;;;;;;;;;;;;;;;;;;;;;;;;;
-4.000;;;;;;;;;;;;;;;;;;;;;;;;;;;;;;;;;;;;6.50;6.45;6.40;6.36;6.32;6.29;6.27;6.24;6.22;6.19;6.17;6.15;6.13;6.11;6.09;6.06;6.04;6.01;5.98;5.95;5.92;5.89;5.86;5.83;5.80;5.77;5.75;5.72;5.71;5.69;5.68;5.67;5.67;5.67;5.67;5.68;5.70;5.72;5.75;5.78;5.81;5.85;5.89;5.94;5.98;6.03;6.08;6.13;6.17;6.21;6.26;6.29;6.32;6.35;6.38;6.40;6.42;6.43;6.44;6.46;6.47;;;;;;;;;;;;;;;;;;;;;;;;;;;;;;;;;;;;;;;;;;;;;;
-4.100;;;;;;;;;;;;;;;;;;;;;;;;;;;;;;;;;;;;;6.54;6.49;6.44;6.40;6.36;6.33;6.30;6.27;6.25;6.23;6.20;6.18;6.16;6.13;6.11;6.08;6.06;6.03;6.00;5.97;5.94;5.92;5.89;5.86;5.84;5.81;5.79;5.78;5.76;5.75;5.75;5.75;5.75;5.76;5.77;5.79;5.82;5.85;5.88;5.92;5.96;6.00;6.04;6.09;6.14;6.19;6.24;6.28;6.32;6.36;6.40;6.43;6.46;6.48;6.50;6.51;6.52;6.53;6.54;;;;;;;;;;;;;;;;;;;;;;;;;;;;;;;;;;;;;;;;;;;;;;;
-4.200;;;;;;;;;;;;;;;;;;;;;;;;;;;;;;;;;;;;;;;6.54;6.49;6.45;6.41;6.37;6.34;6.31;6.29;6.26;6.24;6.21;6.19;6.16;6.14;6.11;6.08;6.06;6.03;6.00;5.98;5.95;5.93;5.90;5.88;5.87;5.85;5.84;5.83;5.83;5.83;5.84;5.85;5.87;5.89;5.92;5.95;5.98;6.02;6.06;6.11;6.16;6.21;6.25;6.30;6.35;6.40;6.44;6.48;6.51;6.54;6.56;6.58;6.60;6.61;6.62;6.62;;;;;;;;;;;;;;;;;;;;;;;;;;;;;;;;;;;;;;;;;;;;;;;;
-4.300;;;;;;;;;;;;;;;;;;;;;;;;;;;;;;;;;;;;;;;;6.60;6.55;6.50;6.46;6.42;6.39;6.36;6.33;6.30;6.27;6.25;6.22;6.20;6.17;6.14;6.12;6.09;6.06;6.04;6.02;5.99;5.97;5.96;5.94;5.93;5.92;5.92;5.92;5.92;5.93;5.95;5.97;5.99;6.02;6.05;6.09;6.13;6.18;6.22;6.27;6.32;6.37;6.42;6.47;6.51;6.56;6.59;6.62;6.65;6.67;6.69;6.70;6.71;;;;;;;;;;;;;;;;;;;;;;;;;;;;;;;;;;;;;;;;;;;;;;;;;;
-4.400;;;;;;;;;;;;;;;;;;;;;;;;;;;;;;;;;;;;;;;;;;6.61;6.56;6.52;6.48;6.44;6.41;6.38;6.35;6.32;6.29;6.26;6.24;6.21;6.18;6.16;6.13;6.11;6.09;6.07;6.05;6.04;6.02;6.01;6.01;6.01;6.01;6.02;6.03;6.05;6.07;6.10;6.13;6.17;6.21;6.25;6.30;6.34;6.40;6.45;6.50;6.55;6.59;6.64;6.68;6.71;6.74;6.77;6.79;6.80;;;;;;;;;;;;;;;;;;;;;;;;;;;;;;;;;;;;;;;;;;;;;;;;;;;;
-4.500;;;;;;;;;;;;;;;;;;;;;;;;;;;;;;;;;;;;;;;;;;;;6.63;6.58;6.54;6.50;6.46;6.43;6.40;6.37;6.34;6.31;6.28;6.26;6.23;6.21;6.19;6.17;6.15;6.13;6.12;6.11;6.10;6.10;6.10;6.11;6.12;6.13;6.15;6.18;6.21;6.24;6.28;6.32;6.37;6.42;6.47;6.52;6.57;6.62;6.67;6.72;6.76;6.80;6.84;6.86;6.88;;;;;;;;;;;;;;;;;;;;;;;;;;;;;;;;;;;;;;;;;;;;;;;;;;;;;;
-4.600;;;;;;;;;;;;;;;;;;;;;;;;;;;;;;;;;;;;;;;;;;;;;;6.66;6.61;6.57;6.53;6.49;6.46;6.43;6.40;6.37;6.34;6.32;6.29;6.27;6.25;6.23;6.22;6.21;6.20;6.20;6.20;6.20;6.21;6.22;6.24;6.26;6.29;6.32;6.36;6.40;6.44;6.49;6.54;6.60;6.65;6.70;6.75;6.80;6.85;6.89;6.93;6.96;;;;;;;;;;;;;;;;;;;;;;;;;;;;;;;;;;;;;;;;;;;;;;;;;;;;;;;;
-4.700;;;;;;;;;;;;;;;;;;;;;;;;;;;;;;;;;;;;;;;;;;;;;;;;6.69;6.64;6.60;6.56;6.53;6.49;6.46;6.43;6.41;6.38;6.36;6.34;6.33;6.31;6.30;6.30;6.30;6.30;6.30;6.31;6.33;6.35;6.38;6.41;6.44;6.48;6.52;6.57;6.62;6.67;6.73;6.78;6.83;6.89;6.93;6.98;7.02;;;;;;;;;;;;;;;;;;;;;;;;;;;;;;;;;;;;;;;;;;;;;;;;;;;;;;;;;;
-4.800;;;;;;;;;;;;;;;;;;;;;;;;;;;;;;;;;;;;;;;;;;;;;;;;;;;6.68;6.64;6.60;6.57;6.54;6.51;6.49;6.46;6.44;6.43;6.42;6.41;6.40;6.40;6.40;6.41;6.43;6.44;6.47;6.49;6.52;6.56;6.60;6.65;6.70;6.75;6.80;6.86;6.91;6.96;7.01;;;;;;;;;;;;;;;;;;;;;;;;;;;;;;;;;;;;;;;;;;;;;;;;;;;;;;;;;;;;;
-4.900;;;;;;;;;;;;;;;;;;;;;;;;;;;;;;;;;;;;;;;;;;;;;;;;;;;;;;;6.66;6.63;6.60;6.58;6.56;6.54;6.53;6.52;6.51;6.51;6.52;6.53;6.54;6.56;6.58;6.61;6.65;6.69;6.73;6.77;6.82;6.88;6.93;;;;;;;;;;;;;;;;;;;;;;;;;;;;;;;;;;;;;;;;;;;;;;;;;;;;;;;;;;;;;;;;;
-5.000;;;;;;;;;;;;;;;;;;;;;;;;;;;;;;;;;;;;;;;;;;;;;;;;;;;;;;;;;;;;;6.65;6.64;6.63;6.63;6.64;6.65;6.66;6.68;6.71;6.74;6.77;;;;;;;;;;;;;;;;;;;;;;;;;;;;;;;;;;;;;;;;;;;;;;;;;;;;;;;;;;;;;;;;;;;;;;;
-5.100;;;;;;;;;;;;;;;;;;;;;;;;;;;;;;;;;;;;;;;;;;;;;;;;;;;;;;;;;;;;;;;;;;;;;;;;;;;;;;;;;;;;;;;;;;;;;;;;;;;;;;;;;;;;;;;;;;;;;;;;;;;;;;;;;;;;;;;;;;;;;;
-5.200;;;;;;;;;;;;;;;;;;;;;;;;;;;;;;;;;;;;;;;;;;;;;;;;;;;;;;;;;;;;;;;;;;;;;;;;;;;;;;;;;;;;;;;;;;;;;;;;;;;;;;;;;;;;;;;;;;;;;;;;;;;;;;;;;;;;;;;;;;;;;;
-5.300;;;;;;;;;;;;;;;;;;;;;;;;;;;;;;;;;;;;;;;;;;;;;;;;;;;;;;;;;;;;;;;;;;;;;;;;;;;;;;;;;;;;;;;;;;;;;;;;;;;;;;;;;;;;;;;;;;;;;;;;;;;;;;;;;;;;;;;;;;;;;;
-5.400;;;;;;;;;;;;;;;;;;;;;;;;;;;;;;;;;;;;;;;;;;;;;;;;;;;;;;;;;;;;;;;;;;;;;;;;;;;;;;;;;;;;;;;;;;;;;;;;;;;;;;;;;;;;;;;;;;;;;;;;;;;;;;;;;;;;;;;;;;;;;;
-5.500;;;;;;;;;;;;;;;;;;;;;;;;;;;;;;;;;;;;;;;;;;;;;;;;;;;;;;;;;;;;;;;;;;;;;;;;;;;;;;;;;;;;;;;;;;;;;;;;;;;;;;;;;;;;;;;;;;;;;;;;;;;;;;;;;;;;;;;;;;;;;;
-5.600;;;;;;;;;;;;;;;;;;;;;;;;;;;;;;;;;;;;;;;;;;;;;;;;;;;;;;;;;;;;;;;;;;;;;;;;;;;;;;;;;;;;;;;;;;;;;;;;;;;;;;;;;;;;;;;;;;;;;;;;;;;;;;;;;;;;;;;;;;;;;;
-5.700;;;;;;;;;;;;;;;;;;;;;;;;;;;;;;;;;;;;;;;;;;;;;;;;;;;;;;;;;;;;;;;;;;;;;;;;;;;;;;;;;;;;;;;;;;;;;;;;;;;;;;;;;;;;;;;;;;;;;;;;;;;;;;;;;;;;;;;;;;;;;;
-5.800;;;;;;;;;;;;;;;;;;;;;;;;;;;;;;;;;;;;;;;;;;;;;;;;;;;;;;;;;;;;;;;;;;;;;;;;;;;;;;;;;;;;;;;;;;;;;;;;;;;;;;;;;;;;;;;;;;;;;;;;;;;;;;;;;;;;;;;;;;;;;;
-5.900;;;;;;;;;;;;;;;;;;;;;;;;;;;;;;;;;;;;;;;;;;;;;;;;;;;;;;;;;;;;;;;;;;;;;;;;;;;;;;;;;;;;;;;;;;;;;;;;;;;;;;;;;;;;;;;;;;;;;;;;;;;;;;;;;;;;;;;;;;;;;;
-6.000;;;;;;;;;;;;;;;;;;;;;;;;;;;;;;;;;;;;;;;;;;;;;;;;;;;;;;;;;;;;;;;;;;;;;;;;;;;;;;;;;;;;;;;;;;;;;;;;;;;;;;;;;;;;;;;;;;;;;;;;;;;;;;;;;;;;;;;;;;;;;;
-6.100;;;;;;;;;;;;;;;;;;;;;;;;;;;;;;;;;;;;;;;;;;;;;;;;;;;;;;;;;;;;;;;;;;;;;;;;;;;;;;;;;;;;;;;;;;;;;;;;;;;;;;;;;;;;;;;;;;;;;;;;;;;;;;;;;;;;;;;;;;;;;;
-6.200;;;;;;;;;;;;;;;;;;;;;;;;;;;;;;;;;;;;;;;;;;;;;;;;;;;;;;;;;;;;;;;;;;;;;;;;;;;;;;;;;;;;;;;;;;;;;;;;;;;;;;;;;;;;;;;;;;;;;;;;;;;;;;;;;;;;;;;;;;;;;;
-6.300;;;;;;;;;;;;;;;;;;;;;;;;;;;;;;;;;;;;;;;;;;;;;;;;;;;;;;;;;;;;;;;;;;;;;;;;;;;;;;;;;;;;;;;;;;;;;;;;;;;;;;;;;;;;;;;;;;;;;;;;;;;;;;;;;;;;;;;;;;;;;;
-6.400;;;;;;;;;;;;;;;;;;;;;;;;;;;;;;;;;;;;;;;;;;;;;;;;;;;;;;;;;;;;;;;;;;;;;;;;;;;;;;;;;;;;;;;;;;;;;;;;;;;;;;;;;;;;;;;;;;;;;;;;;;;;;;;;;;;;;;;;;;;;;;
-6.500;;;;;;;;;;;;;;;;;;;;;;;;;;;;;;;;;;;;;;;;;;;;;;;;;;;;;;;;;;;;;;;;;;;;;;;;;;;;;;;;;;;;;;;;;;;;;;;;;;;;;;;;;;;;;;;;;;;;;;;;;;;;;;;;;;;;;;;;;;;;;;
-6.600;;;;;;;;;;;;;;;;;;;;;;;;;;;;;;;;;;;;;;;;;;;;;;;;;;;;;;;;;;;;;;;;;;;;;;;;;;;;;;;;;;;;;;;;;;;;;;;;;;;;;;;;;;;;;;;;;;;;;;;;;;;;;;;;;;;;;;;;;;;;;;
-6.700;;;;;;;;;;;;;;;;;;;;;;;;;;;;;;;;;;;;;;;;;;;;;;;;;;;;;;;;;;;;;;;;;;;;;;;;;;;;;;;;;;;;;;;;;;;;;;;;;;;;;;;;;;;;;;;;;;;;;;;;;;;;;;;;;;;;;;;;;;;;;;
-6.800;;;;;;;;;;;;;;;;;;;;;;;;;;;;;;;;;;;;;;;;;;;;;;;;;;;;;;;;;;;;;;;;;;;;;;;;;;;;;;;;;;;;;;;;;;;;;;;;;;;;;;;;;;;;;;;;;;;;;;;;;;;;;;;;;;;;;;;;;;;;;;
-6.900;;;;;;;;;;;;;;;;;;;;;;;;;;;;;;;;;;;;;;;;;;;;;;;;;;;;;;;;;;;;;;;;;;;;;;;;;;;;;;;;;;;;;;;;;;;;;;;;;;;;;;;;;;;;;;;;;;;;;;;;;;;;;;;;;;;;;;;;;;;;;;
-7.000;;;;;;;;;;;;;;;;;;;;;;;;;;;;;;;;;;;;;;;;;;;;;;;;;;;;;;;;;;;;;;;;;;;;;;;;;;;;;;;;;;;;;;;;;;;;;;;;;;;;;;;;;;;;;;;;;;;;;;;;;;;;;;;;;;;;;;;;;;;;;;
TANGENTIAL FRONT;-7.000;-6.900;-6.800;-6.700;-6.600;-6.500;-6.400;-6.300;-6.200;-6.100;-6.000;-5.900;-5.800;-5.700;-5.600;-5.500;-5.400;-5.300;-5.200;-5.100;-5.000;-4.900;-4.800;-4.700;-4.600;-4.500;-4.400;-4.300;-4.200;-4.100;-4.000;-3.900;-3.800;-3.700;-3.600;-3.500;-3.400;-3.300;-3.200;-3.100;-3.000;-2.900;-2.800;-2.700;-2.600;-2.500;-2.400;-2.300;-2.200;-2.100;-2.000;-1.900;-1.800;-1.700;-1.600;-1.500;-1.400;-1.300;-1.200;-1.100;-1.000;-0.900;-0.800;-0.700;-0.600;-0.500;-0.400;-0.300;-0.200;-0.100;0.000;0.100;0.200;0.300;0.400;0.500;0.600;0.700;0.800;0.900;1.000;1.100;1.200;1.300;1.400;1.500;1.600;1.700;1.800;1.900;2.000;2.100;2.200;2.300;2.400;2.500;2.600;2.700;2.800;2.900;3.000;3.100;3.200;3.300;3.400;3.500;3.600;3.700;3.800;3.900;4.000;4.100;4.200;4.300;4.400;4.500;4.600;4.700;4.800;4.900;5.000;5.100;5.200;5.300;5.400;5.500;5.600;5.700;5.800;5.900;6.000;6.100;6.200;6.300;6.400;6.500;6.600;6.700;6.800;6.900;7.000;
7.000;;;;;;;;;;;;;;;;;;;;;;;;;;;;;;;;;;;;;;;;;;;;;;;;;;;;;;;;;;;;;;;;;;;;;;;;;;;;;;;;;;;;;;;;;;;;;;;;;;;;;;;;;;;;;;;;;;;;;;;;;;;;;;;;;;;;;;;;;;;;;;
6.900;;;;;;;;;;;;;;;;;;;;;;;;;;;;;;;;;;;;;;;;;;;;;;;;;;;;;;;;;;;;;;;;;;;;;;;;;;;;;;;;;;;;;;;;;;;;;;;;;;;;;;;;;;;;;;;;;;;;;;;;;;;;;;;;;;;;;;;;;;;;;;
6.800;;;;;;;;;;;;;;;;;;;;;;;;;;;;;;;;;;;;;;;;;;;;;;;;;;;;;;;;;;;;;;;;;;;;;;;;;;;;;;;;;;;;;;;;;;;;;;;;;;;;;;;;;;;;;;;;;;;;;;;;;;;;;;;;;;;;;;;;;;;;;;
6.700;;;;;;;;;;;;;;;;;;;;;;;;;;;;;;;;;;;;;;;;;;;;;;;;;;;;;;;;;;;;;;;;;;;;;;;;;;;;;;;;;;;;;;;;;;;;;;;;;;;;;;;;;;;;;;;;;;;;;;;;;;;;;;;;;;;;;;;;;;;;;;
6.600;;;;;;;;;;;;;;;;;;;;;;;;;;;;;;;;;;;;;;;;;;;;;;;;;;;;;;;;;;;;;;;;;;;;;;;;;;;;;;;;;;;;;;;;;;;;;;;;;;;;;;;;;;;;;;;;;;;;;;;;;;;;;;;;;;;;;;;;;;;;;;
6.500;;;;;;;;;;;;;;;;;;;;;;;;;;;;;;;;;;;;;;;;;;;;;;;;;;;;;;;;;;;;;;;;;;;;;;;;;;;;;;;;;;;;;;;;;;;;;;;;;;;;;;;;;;;;;;;;;;;;;;;;;;;;;;;;;;;;;;;;;;;;;;
6.400;;;;;;;;;;;;;;;;;;;;;;;;;;;;;;;;;;;;;;;;;;;;;;;;;;;;;;;;;;;;;;;;;;;;;;;;;;;;;;;;;;;;;;;;;;;;;;;;;;;;;;;;;;;;;;;;;;;;;;;;;;;;;;;;;;;;;;;;;;;;;;
6.300;;;;;;;;;;;;;;;;;;;;;;;;;;;;;;;;;;;;;;;;;;;;;;;;;;;;;;;;;;;;;;;;;;;;;;;;;;;;;;;;;;;;;;;;;;;;;;;;;;;;;;;;;;;;;;;;;;;;;;;;;;;;;;;;;;;;;;;;;;;;;;
6.200;;;;;;;;;;;;;;;;;;;;;;;;;;;;;;;;;;;;;;;;;;;;;;;;;;;;;;;;;;;;;;;;;;;;;;;;;;;;;;;;;;;;;;;;;;;;;;;;;;;;;;;;;;;;;;;;;;;;;;;;;;;;;;;;;;;;;;;;;;;;;;
6.100;;;;;;;;;;;;;;;;;;;;;;;;;;;;;;;;;;;;;;;;;;;;;;;;;;;;;;;;;;;;;;;;;;;;;;;;;;;;;;;;;;;;;;;;;;;;;;;;;;;;;;;;;;;;;;;;;;;;;;;;;;;;;;;;;;;;;;;;;;;;;;
6.000;;;;;;;;;;;;;;;;;;;;;;;;;;;;;;;;;;;;;;;;;;;;;;;;;;;;;;;;;;;;;;;;;;;;;;;;;;;;;;;;;;;;;;;;;;;;;;;;;;;;;;;;;;;;;;;;;;;;;;;;;;;;;;;;;;;;;;;;;;;;;;
5.900;;;;;;;;;;;;;;;;;;;;;;;;;;;;;;;;;;;;;;;;;;;;;;;;;;;;;;;;;;;;;;;;;;;;;;;;;;;;;;;;;;;;;;;;;;;;;;;;;;;;;;;;;;;;;;;;;;;;;;;;;;;;;;;;;;;;;;;;;;;;;;
5.800;;;;;;;;;;;;;;;;;;;;;;;;;;;;;;;;;;;;;;;;;;;;;;;;;;;;;;;;;;;;;;;;;;;;;;;;;;;;;;;;;;;;;;;;;;;;;;;;;;;;;;;;;;;;;;;;;;;;;;;;;;;;;;;;;;;;;;;;;;;;;;
5.700;;;;;;;;;;;;;;;;;;;;;;;;;;;;;;;;;;;;;;;;;;;;;;;;;;;;;;;;;;;;;;;;;;;;;;;;;;;;;;;;;;;;;;;;;;;;;;;;;;;;;;;;;;;;;;;;;;;;;;;;;;;;;;;;;;;;;;;;;;;;;;
5.600;;;;;;;;;;;;;;;;;;;;;;;;;;;;;;;;;;;;;;;;;;;;;;;;;;;;;;;;;;;;;;;;;;;;;;;;;;;;;;;;;;;;;;;;;;;;;;;;;;;;;;;;;;;;;;;;;;;;;;;;;;;;;;;;;;;;;;;;;;;;;;
5.500;;;;;;;;;;;;;;;;;;;;;;;;;;;;;;;;;;;;;;;;;;;;;;;;;;;;;;;;;;;;;;;;;;;;;;;;;;;;;;;;;;;;;;;;;;;;;;;;;;;;;;;;;;;;;;;;;;;;;;;;;;;;;;;;;;;;;;;;;;;;;;
5.400;;;;;;;;;;;;;;;;;;;;;;;;;;;;;;;;;;;;;;;;;;;;;;;;;;;;;;;;;;;;;;;;;;;;;;;;;;;;;;;;;;;;;;;;;;;;;;;;;;;;;;;;;;;;;;;;;;;;;;;;;;;;;;;;;;;;;;;;;;;;;;
5.300;;;;;;;;;;;;;;;;;;;;;;;;;;;;;;;;;;;;;;;;;;;;;;;;;;;;;;;;;;;;;;;;;;;;;;;;;;;;;;;;;;;;;;;;;;;;;;;;;;;;;;;;;;;;;;;;;;;;;;;;;;;;;;;;;;;;;;;;;;;;;;
5.200;;;;;;;;;;;;;;;;;;;;;;;;;;;;;;;;;;;;;;;;;;;;;;;;;;;;;;;;;11.24;11.15;11.04;10.93;10.80;10.67;10.54;10.40;10.26;10.11;9.96;9.81;9.66;9.51;9.35;9.19;9.02;8.85;;;;;;;;;;;;;;;;;;;;;;;;;;;;;;;;;;;;;;;;;;;;;;;;;;;;;;;;;;;;;;;;;;;;
5.100;;;;;;;;;;;;;;;;;;;;;;;;;;;;;;;;;;;;;;;;;;;;;;;;;;;;12.28;12.28;12.25;12.20;12.14;12.06;11.97;11.88;11.77;11.66;11.55;11.44;11.32;11.20;11.08;10.97;10.85;10.73;10.60;10.48;10.34;10.21;10.06;9.91;9.75;9.57;9.38;9.18;;;;;;;;;;;;;;;;;;;;;;;;;;;;;;;;;;;;;;;;;;;;;;;;;;;;;;;;;;;;;;;
5.000;;;;;;;;;;;;;;;;;;;;;;;;;;;;;;;;;;;;;;;;;;;;;;;;;12.92;12.97;12.99;13.00;12.97;12.94;12.88;12.81;12.74;12.65;12.57;12.48;12.38;12.29;12.20;12.12;12.03;11.95;11.87;11.80;11.72;11.64;11.56;11.48;11.40;11.30;11.20;11.08;10.95;10.80;10.63;10.44;10.22;9.99;;;;;;;;;;;;;;;;;;;;;;;;;;;;;;;;;;;;;;;;;;;;;;;;;;;;;;;;;;;;
4.900;;;;;;;;;;;;;;;;;;;;;;;;;;;;;;;;;;;;;;;;;;;;;;13.33;13.44;13.51;13.56;13.58;13.57;13.55;13.51;13.45;13.39;13.31;13.24;13.16;13.08;13.00;12.93;12.86;12.79;12.74;12.69;12.65;12.61;12.59;12.56;12.54;12.53;12.51;12.49;12.46;12.43;12.38;12.32;12.24;12.13;11.99;11.83;11.62;11.39;11.11;10.81;;;;;;;;;;;;;;;;;;;;;;;;;;;;;;;;;;;;;;;;;;;;;;;;;;;;;;;;;
4.800;;;;;;;;;;;;;;;;;;;;;;;;;;;;;;;;;;;;;;;;;;;13.55;13.72;13.84;13.93;13.99;14.02;14.02;14.00;13.96;13.91;13.84;13.77;13.68;13.60;13.52;13.44;13.37;13.30;13.24;13.19;13.16;13.13;13.12;13.12;13.12;13.15;13.18;13.22;13.27;13.32;13.38;13.43;13.48;13.53;13.56;13.57;13.56;13.51;13.43;13.30;13.13;12.91;12.64;12.31;11.94;11.51;;;;;;;;;;;;;;;;;;;;;;;;;;;;;;;;;;;;;;;;;;;;;;;;;;;;;;
4.700;;;;;;;;;;;;;;;;;;;;;;;;;;;;;;;;;;;;;;;;;13.87;14.04;14.17;14.27;14.34;14.37;14.37;14.35;14.31;14.24;14.17;14.08;13.98;13.89;13.79;13.70;13.61;13.53;13.46;13.40;13.35;13.32;13.30;13.30;13.32;13.35;13.40;13.46;13.54;13.63;13.74;13.86;13.99;14.13;14.27;14.41;14.54;14.66;14.76;14.83;14.87;14.86;14.80;14.67;14.48;14.22;13.89;13.48;13.01;12.49;;;;;;;;;;;;;;;;;;;;;;;;;;;;;;;;;;;;;;;;;;;;;;;;;;;;
4.600;;;;;;;;;;;;;;;;;;;;;;;;;;;;;;;;;;;;;;;14.14;14.32;14.46;14.56;14.62;14.66;14.65;14.62;14.57;14.49;14.39;14.29;14.17;14.06;13.94;13.82;13.71;13.60;13.51;13.42;13.35;13.30;13.26;13.24;13.23;13.25;13.28;13.34;13.41;13.51;13.62;13.76;13.91;14.09;14.28;14.49;14.70;14.93;15.15;15.38;15.59;15.79;15.95;16.08;16.16;16.17;16.11;15.97;15.75;15.42;15.01;14.51;13.94;13.30;;;;;;;;;;;;;;;;;;;;;;;;;;;;;;;;;;;;;;;;;;;;;;;;;;
4.500;;;;;;;;;;;;;;;;;;;;;;;;;;;;;;;;;;;;;14.41;14.59;14.73;14.83;14.89;14.92;14.91;14.87;14.80;14.70;14.59;14.46;14.32;14.18;14.03;13.89;13.75;13.61;13.48;13.37;13.27;13.18;13.11;13.05;13.02;13.00;13.00;13.03;13.08;13.15;13.24;13.35;13.49;13.65;13.84;14.05;14.28;14.53;14.80;15.09;15.39;15.70;16.01;16.31;16.60;16.86;17.08;17.25;17.35;17.37;17.29;17.11;16.82;16.41;15.90;15.29;14.60;13.84;;;;;;;;;;;;;;;;;;;;;;;;;;;;;;;;;;;;;;;;;;;;;;;;
4.400;;;;;;;;;;;;;;;;;;;;;;;;;;;;;;;;;;;;14.86;14.99;15.09;15.14;15.16;15.14;15.09;15.00;14.89;14.76;14.61;14.45;14.28;14.11;13.93;13.76;13.59;13.43;13.28;13.14;13.02;12.91;12.81;12.74;12.68;12.65;12.63;12.64;12.67;12.72;12.79;12.89;13.01;13.16;13.33;13.53;13.75;14.00;14.28;14.57;14.90;15.24;15.60;15.97;16.34;16.72;17.08;17.42;17.72;17.97;18.16;18.26;18.25;18.14;17.90;17.53;17.04;16.43;15.71;14.91;14.05;;;;;;;;;;;;;;;;;;;;;;;;;;;;;;;;;;;;;;;;;;;;;;
4.300;;;;;;;;;;;;;;;;;;;;;;;;;;;;;;;;;;15.16;15.29;15.38;15.42;15.43;15.39;15.33;15.23;15.10;14.95;14.78;14.59;14.40;14.20;13.99;13.79;13.59;13.39;13.20;13.03;12.86;12.71;12.57;12.45;12.35;12.28;12.22;12.18;12.17;12.17;12.21;12.26;12.34;12.44;12.56;12.71;12.88;13.08;13.31;13.56;13.84;14.14;14.47;14.82;15.20;15.60;16.01;16.43;16.85;17.27;17.67;18.04;18.36;18.62;18.79;18.87;18.82;18.65;18.34;17.88;17.30;16.59;15.78;14.89;;;;;;;;;;;;;;;;;;;;;;;;;;;;;;;;;;;;;;;;;;;;;
4.200;;;;;;;;;;;;;;;;;;;;;;;;;;;;;;;;;15.61;15.68;15.71;15.70;15.65;15.57;15.46;15.31;15.14;14.95;14.75;14.53;14.30;14.07;13.84;13.60;13.37;13.15;12.93;12.72;12.53;12.36;12.20;12.06;11.94;11.84;11.77;11.71;11.68;11.66;11.67;11.70;11.75;11.83;11.92;12.04;12.18;12.35;12.54;12.75;12.99;13.26;13.55;13.87;14.21;14.57;14.96;15.37;15.80;16.24;16.69;17.13;17.57;17.97;18.34;18.64;18.88;19.02;19.04;18.94;18.71;18.33;17.80;17.14;16.36;15.48;14.53;;;;;;;;;;;;;;;;;;;;;;;;;;;;;;;;;;;;;;;;;;;
4.100;;;;;;;;;;;;;;;;;;;;;;;;;;;;;;;16.02;16.06;16.06;16.03;15.96;15.86;15.72;15.56;15.37;15.16;14.94;14.70;14.45;14.19;13.93;13.67;13.41;13.15;12.90;12.65;12.43;12.22;12.02;11.85;11.69;11.56;11.45;11.35;11.28;11.23;11.19;11.18;11.18;11.21;11.25;11.32;11.40;11.51;11.64;11.79;11.96;12.16;12.38;12.62;12.89;13.18;13.50;13.84;14.21;14.60;15.00;15.43;15.87;16.32;16.77;17.21;17.64;18.03;18.38;18.66;18.85;18.95;18.93;18.77;18.47;18.03;17.43;16.71;15.87;14.94;;;;;;;;;;;;;;;;;;;;;;;;;;;;;;;;;;;;;;;;;;
4.000;;;;;;;;;;;;;;;;;;;;;;;;;;;;;;16.50;16.46;16.39;16.29;16.17;16.01;15.83;15.62;15.39;15.14;14.89;14.62;14.34;14.06;13.78;13.49;13.21;12.93;12.66;12.41;12.17;11.94;11.73;11.55;11.38;11.23;11.10;11.00;10.91;10.83;10.78;10.75;10.73;10.73;10.75;10.78;10.83;10.90;11.00;11.10;11.23;11.38;11.56;11.75;11.97;12.20;12.47;12.75;13.06;13.39;13.74;14.12;14.51;14.92;15.34;15.78;16.21;16.65;17.07;17.47;17.83;18.14;18.38;18.53;18.58;18.50;18.29;17.93;17.44;16.79;16.02;15.14;;;;;;;;;;;;;;;;;;;;;;;;;;;;;;;;;;;;;;;;;
3.900;;;;;;;;;;;;;;;;;;;;;;;;;;;;;16.99;16.87;16.72;16.55;16.36;16.15;15.91;15.66;15.39;15.11;14.82;14.53;14.23;13.94;13.64;13.33;13.04;12.74;12.46;12.19;11.94;11.70;11.49;11.29;11.11;10.95;10.82;10.69;10.59;10.51;10.44;10.38;10.34;10.32;10.31;10.32;10.34;10.38;10.44;10.51;10.60;10.70;10.83;10.97;11.14;11.32;11.53;11.75;12.00;12.27;12.57;12.88;13.21;13.56;13.93;14.32;14.72;15.14;15.55;15.97;16.39;16.78;17.15;17.49;17.76;17.97;18.08;18.08;17.96;17.70;17.29;16.73;16.03;15.21;;;;;;;;;;;;;;;;;;;;;;;;;;;;;;;;;;;;;;;;
3.800;;;;;;;;;;;;;;;;;;;;;;;;;;;;17.46;17.24;17.01;16.77;16.51;16.24;15.96;15.66;15.36;15.05;14.74;14.43;14.13;13.82;13.51;13.20;12.89;12.58;12.29;12.01;11.75;11.51;11.28;11.08;10.89;10.73;10.58;10.45;10.33;10.24;10.15;10.09;10.03;9.99;9.96;9.94;9.94;9.95;9.97;10.01;10.06;10.13;10.21;10.31;10.43;10.56;10.71;10.89;11.08;11.29;11.52;11.78;12.05;12.34;12.65;12.98;13.32;13.69;14.06;14.45;14.84;15.24;15.64;16.03;16.40;16.74;17.04;17.28;17.45;17.51;17.47;17.29;16.98;16.50;15.89;15.13;14.27;;;;;;;;;;;;;;;;;;;;;;;;;;;;;;;;;;;;;;
3.700;;;;;;;;;;;;;;;;;;;;;;;;;;;17.95;17.63;17.31;16.99;16.66;16.33;15.99;15.66;15.32;14.98;14.66;14.35;14.03;13.72;13.40;13.07;12.76;12.44;12.14;11.86;11.59;11.33;11.10;10.89;10.70;10.53;10.37;10.24;10.12;10.01;9.92;9.84;9.77;9.71;9.67;9.63;9.61;9.59;9.59;9.60;9.62;9.65;9.69;9.75;9.83;9.92;10.02;10.15;10.29;10.45;10.62;10.82;11.04;11.27;11.52;11.79;12.08;12.38;12.70;13.04;13.39;13.75;14.12;14.50;14.89;15.28;15.65;16.00;16.32;16.60;16.81;16.94;16.97;16.87;16.63;16.25;15.69;15.01;14.18;;;;;;;;;;;;;;;;;;;;;;;;;;;;;;;;;;;;;
3.600;;;;;;;;;;;;;;;;;;;;;;;;;;18.43;18.00;17.58;17.17;16.77;16.38;16.00;15.63;15.25;14.91;14.58;14.26;13.94;13.62;13.29;12.96;12.63;12.31;12.00;11.71;11.43;11.18;10.94;10.72;10.53;10.35;10.19;10.05;9.93;9.82;9.72;9.63;9.56;9.49;9.43;9.38;9.34;9.31;9.29;9.27;9.26;9.26;9.28;9.30;9.34;9.39;9.46;9.54;9.64;9.75;9.88;10.03;10.19;10.37;10.57;10.79;11.03;11.27;11.54;11.82;12.12;12.43;12.76;13.09;13.45;13.81;14.18;14.56;14.94;15.30;15.63;15.93;16.18;16.36;16.44;16.41;16.24;15.91;15.43;14.79;14.01;;;;;;;;;;;;;;;;;;;;;;;;;;;;;;;;;;;;
3.500;;;;;;;;;;;;;;;;;;;;;;;;;18.96;18.39;17.86;17.36;16.89;16.44;16.01;15.59;15.19;14.83;14.50;14.18;13.85;13.52;13.19;12.85;12.51;12.18;11.87;11.57;11.28;11.02;10.78;10.56;10.36;10.18;10.02;9.88;9.75;9.64;9.54;9.45;9.37;9.30;9.23;9.17;9.12;9.08;9.04;9.00;8.98;8.96;8.94;8.94;8.95;8.97;9.00;9.05;9.10;9.18;9.27;9.37;9.49;9.63;9.78;9.95;10.13;10.34;10.55;10.78;11.03;11.29;11.57;11.86;12.16;12.48;12.82;13.17;13.53;13.90;14.28;14.66;15.01;15.34;15.62;15.84;15.97;16.00;15.88;15.62;15.17;14.58;13.81;;;;;;;;;;;;;;;;;;;;;;;;;;;;;;;;;;;
3.400;;;;;;;;;;;;;;;;;;;;;;;;19.50;18.79;18.14;17.55;17.00;16.49;16.00;15.55;15.13;14.76;14.42;14.09;13.76;13.42;13.08;12.73;12.39;12.05;11.73;11.42;11.13;10.86;10.61;10.39;10.19;10.01;9.84;9.70;9.57;9.46;9.36;9.27;9.19;9.11;9.04;8.97;8.91;8.86;8.81;8.77;8.73;8.70;8.67;8.65;8.64;8.64;8.65;8.66;8.69;8.73;8.78;8.85;8.93;9.03;9.14;9.27;9.41;9.57;9.74;9.93;10.13;10.35;10.58;10.83;11.09;11.36;11.65;11.95;12.27;12.61;12.96;13.34;13.72;14.10;14.47;14.81;15.13;15.38;15.55;15.61;15.54;15.30;14.90;14.31;13.58;;;;;;;;;;;;;;;;;;;;;;;;;;;;;;;;;;
3.300;;;;;;;;;;;;;;;;;;;;;;;20.12;19.24;18.46;17.76;17.13;16.54;16.01;15.51;15.07;14.69;14.34;14.01;13.67;13.32;12.97;12.61;12.26;11.91;11.58;11.26;10.97;10.69;10.44;10.21;10.01;9.82;9.66;9.52;9.39;9.28;9.17;9.08;8.99;8.91;8.84;8.77;8.71;8.65;8.60;8.55;8.51;8.47;8.44;8.41;8.39;8.37;8.37;8.37;8.37;8.39;8.41;8.45;8.49;8.55;8.62;8.71;8.82;8.94;9.08;9.23;9.39;9.57;9.76;9.96;10.18;10.41;10.66;10.92;11.19;11.48;11.79;12.12;12.47;12.84;13.23;13.62;14.01;14.38;14.71;15.00;15.19;15.29;15.24;15.03;14.63;14.07;;;;;;;;;;;;;;;;;;;;;;;;;;;;;;;;;;
3.200;;;;;;;;;;;;;;;;;;;;;;20.80;19.74;18.81;17.99;17.27;16.61;16.02;15.48;15.01;14.62;14.26;13.92;13.57;13.21;12.85;12.49;12.12;11.77;11.43;11.10;10.80;10.51;10.26;10.02;9.82;9.63;9.47;9.33;9.21;9.09;8.99;8.89;8.81;8.73;8.66;8.59;8.52;8.47;8.41;8.36;8.32;8.28;8.24;8.21;8.18;8.16;8.15;8.13;8.13;8.13;8.14;8.16;8.18;8.22;8.26;8.31;8.38;8.46;8.55;8.67;8.80;8.94;9.10;9.26;9.45;9.64;9.85;10.07;10.30;10.55;10.82;11.10;11.40;11.73;12.08;12.45;12.84;13.24;13.64;14.03;14.38;14.68;14.91;15.01;14.98;14.76;14.37;13.78;;;;;;;;;;;;;;;;;;;;;;;;;;;;;;;;;
3.100;;;;;;;;;;;;;;;;;;;;;;20.31;19.22;18.27;17.44;16.71;16.05;15.46;14.97;14.56;14.19;13.83;13.47;13.10;12.73;12.36;11.99;11.62;11.27;10.94;10.62;10.33;10.07;9.83;9.62;9.45;9.29;9.15;9.03;8.92;8.82;8.72;8.64;8.56;8.49;8.42;8.36;8.31;8.25;8.20;8.16;8.12;8.08;8.04;8.01;7.99;7.97;7.95;7.94;7.93;7.93;7.94;7.95;7.97;7.99;8.03;8.07;8.12;8.18;8.25;8.34;8.44;8.56;8.69;8.84;9.00;9.18;9.37;9.57;9.78;10.00;10.25;10.50;10.78;11.08;11.40;11.75;12.12;12.52;12.94;13.36;13.76;14.13;14.45;14.68;14.80;14.75;14.54;14.11;13.50;;;;;;;;;;;;;;;;;;;;;;;;;;;;;;;;
3.000;;;;;;;;;;;;;;;;;;;;;20.98;19.69;18.60;17.66;16.84;16.11;15.48;14.95;14.51;14.12;13.74;13.37;13.00;12.62;12.23;11.85;11.48;11.12;10.78;10.45;10.16;9.89;9.65;9.45;9.28;9.13;8.99;8.87;8.76;8.66;8.57;8.49;8.42;8.35;8.28;8.22;8.17;8.12;8.07;8.02;7.98;7.94;7.91;7.88;7.85;7.83;7.81;7.79;7.78;7.77;7.77;7.77;7.78;7.79;7.81;7.84;7.87;7.92;7.97;8.03;8.10;8.18;8.27;8.37;8.50;8.64;8.80;8.97;9.15;9.34;9.55;9.77;10.01;10.26;10.54;10.83;11.16;11.51;11.89;12.30;12.72;13.16;13.57;13.96;14.28;14.52;14.61;14.56;14.29;13.84;13.17;;;;;;;;;;;;;;;;;;;;;;;;;;;;;;;
2.900;;;;;;;;;;;;;;;;;;;;21.77;20.26;19.00;17.93;17.01;16.21;15.51;14.94;14.47;14.06;13.67;13.28;12.90;12.51;12.11;11.72;11.34;10.97;10.62;10.29;9.99;9.72;9.49;9.30;9.13;8.98;8.85;8.73;8.62;8.52;8.44;8.36;8.29;8.22;8.16;8.10;8.05;8.00;7.95;7.91;7.87;7.83;7.80;7.77;7.74;7.72;7.69;7.67;7.66;7.65;7.64;7.64;7.64;7.64;7.65;7.67;7.69;7.71;7.75;7.79;7.84;7.89;7.96;8.04;8.13;8.23;8.35;8.48;8.63;8.80;8.97;9.16;9.36;9.58;9.82;10.07;10.35;10.65;10.98;11.34;11.72;12.14;12.58;13.03;13.46;13.85;14.18;14.39;14.48;14.37;14.07;13.54;;;;;;;;;;;;;;;;;;;;;;;;;;;;;;;
2.800;;;;;;;;;;;;;;;;;;;;20.94;19.49;18.27;17.24;16.36;15.60;14.97;14.46;14.02;13.61;13.21;12.81;12.41;12.01;11.61;11.22;10.84;10.49;10.15;9.84;9.57;9.35;9.16;9.00;8.85;8.72;8.60;8.50;8.41;8.32;8.24;8.17;8.11;8.05;8.00;7.95;7.90;7.86;7.82;7.78;7.74;7.71;7.68;7.66;7.63;7.61;7.59;7.57;7.56;7.55;7.54;7.54;7.54;7.54;7.55;7.56;7.57;7.59;7.62;7.65;7.69;7.74;7.79;7.86;7.93;8.02;8.12;8.23;8.36;8.51;8.67;8.84;9.03;9.23;9.45;9.68;9.94;10.22;10.53;10.86;11.23;11.63;12.06;12.51;12.97;13.41;13.80;14.11;14.31;14.34;14.19;13.80;13.21;;;;;;;;;;;;;;;;;;;;;;;;;;;;;;
2.700;;;;;;;;;;;;;;;;;;;21.77;20.08;18.70;17.54;16.56;15.72;15.03;14.47;14.00;13.57;13.15;12.74;12.33;11.92;11.52;11.12;10.73;10.37;10.03;9.71;9.45;9.23;9.05;8.88;8.74;8.61;8.50;8.39;8.30;8.22;8.15;8.08;8.02;7.96;7.91;7.86;7.82;7.78;7.74;7.71;7.67;7.64;7.62;7.59;7.57;7.55;7.53;7.51;7.50;7.49;7.48;7.47;7.46;7.46;7.46;7.47;7.47;7.49;7.50;7.52;7.54;7.58;7.61;7.66;7.71;7.77;7.84;7.93;8.03;8.14;8.27;8.41;8.57;8.74;8.93;9.13;9.35;9.59;9.86;10.14;10.46;10.81;11.19;11.60;12.04;12.51;12.97;13.42;13.80;14.09;14.24;14.22;13.97;13.52;12.82;;;;;;;;;;;;;;;;;;;;;;;;;;;;;
2.600;;;;;;;;;;;;;;;;;;22.77;20.81;19.22;17.92;16.83;15.90;15.13;14.53;14.01;13.56;13.12;12.70;12.28;11.86;11.44;11.04;10.65;10.28;9.93;9.61;9.36;9.14;8.95;8.79;8.65;8.52;8.41;8.31;8.22;8.14;8.07;8.00;7.94;7.89;7.84;7.80;7.76;7.72;7.68;7.65;7.62;7.59;7.57;7.54;7.52;7.50;7.49;7.47;7.46;7.44;7.43;7.43;7.42;7.42;7.41;7.41;7.42;7.42;7.43;7.44;7.45;7.47;7.49;7.52;7.55;7.59;7.64;7.70;7.77;7.86;7.95;8.07;8.19;8.34;8.51;8.68;8.87;9.08;9.30;9.55;9.82;10.12;10.44;10.81;11.20;11.63;12.09;12.56;13.03;13.47;13.83;14.08;14.18;14.06;13.74;13.16;;;;;;;;;;;;;;;;;;;;;;;;;;;;;
2.500;;;;;;;;;;;;;;;;;;21.69;19.87;18.39;17.17;16.15;15.30;14.61;14.06;13.57;13.12;12.68;12.24;11.82;11.40;10.98;10.59;10.21;9.85;9.54;9.28;9.07;8.88;8.72;8.57;8.45;8.34;8.24;8.15;8.07;8.00;7.94;7.88;7.83;7.79;7.74;7.71;7.67;7.64;7.61;7.58;7.55;7.53;7.51;7.49;7.47;7.46;7.44;7.43;7.42;7.41;7.40;7.40;7.39;7.39;7.39;7.39;7.39;7.39;7.39;7.40;7.41;7.42;7.43;7.45;7.48;7.51;7.54;7.59;7.65;7.72;7.80;7.90;8.01;8.14;8.29;8.46;8.64;8.84;9.05;9.28;9.54;9.82;10.13;10.48;10.85;11.27;11.71;12.18;12.66;13.13;13.56;13.88;14.08;14.08;13.88;13.42;12.75;;;;;;;;;;;;;;;;;;;;;;;;;;;;
2.400;;;;;;;;;;;;;;;;;22.77;20.66;18.98;17.61;16.47;15.52;14.76;14.14;13.62;13.14;12.68;12.24;11.80;11.38;10.96;10.56;10.17;9.81;9.49;9.23;9.02;8.83;8.66;8.52;8.39;8.28;8.19;8.10;8.02;7.96;7.89;7.84;7.79;7.75;7.71;7.67;7.64;7.61;7.58;7.55;7.53;7.51;7.49;7.47;7.46;7.44;7.43;7.42;7.41;7.40;7.40;7.39;7.39;7.39;7.38;7.38;7.38;7.38;7.38;7.38;7.38;7.38;7.39;7.40;7.41;7.42;7.44;7.47;7.51;7.55;7.61;7.68;7.76;7.85;7.97;8.10;8.26;8.44;8.63;8.83;9.05;9.29;9.56;9.86;10.19;10.55;10.95;11.38;11.84;12.32;12.81;13.27;13.66;13.94;14.04;13.96;13.61;13.05;12.25;;;;;;;;;;;;;;;;;;;;;;;;;;;
2.300;;;;;;;;;;;;;;;;;21.62;19.69;18.14;16.87;15.82;14.96;14.28;13.71;13.20;12.72;12.26;11.82;11.38;10.96;10.55;10.16;9.79;9.47;9.21;8.98;8.79;8.62;8.48;8.35;8.24;8.15;8.06;7.99;7.92;7.86;7.81;7.76;7.72;7.68;7.65;7.62;7.59;7.56;7.54;7.52;7.50;7.48;7.47;7.45;7.44;7.43;7.42;7.41;7.41;7.40;7.40;7.40;7.39;7.39;7.39;7.39;7.39;7.39;7.38;7.38;7.38;7.38;7.38;7.38;7.38;7.39;7.40;7.42;7.45;7.48;7.52;7.58;7.64;7.73;7.83;7.94;8.08;8.25;8.43;8.64;8.85;9.08;9.34;9.62;9.94;10.28;10.67;11.09;11.54;12.01;12.51;12.99;13.42;13.77;13.96;13.98;13.75;13.28;12.57;;;;;;;;;;;;;;;;;;;;;;;;;;;
2.200;;;;;;;;;;;;;;;;22.77;20.55;18.79;17.38;16.20;15.23;14.47;13.84;13.29;12.79;12.32;11.86;11.42;10.99;10.57;10.18;9.81;9.47;9.20;8.97;8.77;8.61;8.46;8.33;8.22;8.12;8.04;7.96;7.90;7.84;7.79;7.74;7.70;7.67;7.63;7.60;7.58;7.55;7.53;7.51;7.50;7.48;7.47;7.46;7.45;7.44;7.43;7.43;7.42;7.42;7.42;7.41;7.41;7.41;7.41;7.41;7.41;7.41;7.41;7.41;7.40;7.40;7.39;7.39;7.38;7.38;7.38;7.38;7.39;7.40;7.43;7.46;7.50;7.55;7.62;7.71;7.81;7.93;8.08;8.25;8.44;8.66;8.88;9.13;9.41;9.71;10.05;10.42;10.83;11.27;11.74;12.23;12.72;13.18;13.58;13.84;13.95;13.82;13.47;12.84;12.02;;;;;;;;;;;;;;;;;;;;;;;;;;
2.100;;;;;;;;;;;;;;;;21.58;19.58;17.98;16.67;15.58;14.72;14.03;13.44;12.90;12.41;11.94;11.48;11.04;10.62;10.22;9.85;9.50;9.22;8.98;8.78;8.60;8.45;8.32;8.21;8.11;8.03;7.95;7.89;7.83;7.78;7.73;7.69;7.66;7.63;7.60;7.58;7.56;7.54;7.52;7.50;7.49;7.48;7.47;7.46;7.45;7.45;7.44;7.44;7.44;7.44;7.44;7.44;7.44;7.44;7.44;7.44;7.44;7.44;7.44;7.44;7.43;7.43;7.42;7.41;7.40;7.39;7.38;7.38;7.38;7.38;7.39;7.41;7.44;7.48;7.54;7.61;7.70;7.81;7.94;8.09;8.27;8.48;8.71;8.95;9.21;9.51;9.83;10.20;10.59;11.02;11.48;11.97;12.46;12.94;13.38;13.70;13.89;13.86;13.60;13.07;12.32;;;;;;;;;;;;;;;;;;;;;;;;;;
2.000;;;;;;;;;;;;;;;22.81;20.51;18.70;17.23;16.03;15.04;14.27;13.62;13.05;12.53;12.04;11.58;11.13;10.70;10.29;9.91;9.55;9.25;9.01;8.80;8.62;8.46;8.33;8.21;8.11;8.02;7.95;7.88;7.83;7.78;7.73;7.70;7.66;7.63;7.61;7.58;7.56;7.55;7.53;7.52;7.50;7.49;7.49;7.48;7.47;7.47;7.47;7.46;7.46;7.46;7.46;7.47;7.47;7.47;7.48;7.48;7.48;7.48;7.48;7.48;7.48;7.47;7.46;7.45;7.44;7.43;7.41;7.40;7.39;7.38;7.37;7.37;7.38;7.40;7.43;7.48;7.53;7.61;7.70;7.82;7.95;8.12;8.31;8.53;8.77;9.03;9.31;9.63;9.99;10.37;10.80;11.25;11.73;12.23;12.72;13.18;13.55;13.80;13.85;13.69;13.25;12.58;;;;;;;;;;;;;;;;;;;;;;;;;;
1.900;;;;;;;;;;;;;;;21.61;19.55;17.91;16.56;15.46;14.57;13.86;13.24;12.70;12.19;11.70;11.24;10.81;10.39;10.00;9.63;9.32;9.05;8.84;8.65;8.48;8.34;8.23;8.12;8.03;7.96;7.89;7.83;7.78;7.74;7.70;7.67;7.64;7.62;7.59;7.58;7.56;7.55;7.53;7.52;7.51;7.51;7.50;7.50;7.49;7.49;7.49;7.49;7.49;7.49;7.50;7.50;7.51;7.51;7.52;7.52;7.53;7.53;7.53;7.53;7.53;7.52;7.51;7.50;7.48;7.46;7.44;7.42;7.40;7.39;7.38;7.37;7.37;7.38;7.40;7.43;7.48;7.54;7.62;7.72;7.84;7.98;8.16;8.36;8.60;8.85;9.13;9.44;9.79;10.17;10.59;11.04;11.52;12.01;12.51;12.98;13.39;13.69;13.81;13.73;13.38;12.80;11.98;;;;;;;;;;;;;;;;;;;;;;;;;
1.800;;;;;;;;;;;;;;22.89;20.55;18.70;17.20;15.96;14.95;14.15;13.48;12.89;12.36;11.86;11.39;10.94;10.51;10.11;9.74;9.40;9.12;8.89;8.69;8.52;8.38;8.25;8.14;8.05;7.97;7.91;7.85;7.80;7.75;7.72;7.68;7.66;7.63;7.61;7.59;7.58;7.56;7.55;7.54;7.54;7.53;7.53;7.52;7.52;7.52;7.52;7.52;7.52;7.52;7.53;7.53;7.54;7.55;7.55;7.56;7.57;7.57;7.58;7.58;7.58;7.58;7.57;7.56;7.54;7.53;7.50;7.48;7.46;7.43;7.41;7.39;7.38;7.37;7.37;7.38;7.40;7.43;7.48;7.55;7.63;7.74;7.87;8.03;8.22;8.43;8.68;8.96;9.26;9.60;9.98;10.39;10.83;11.31;11.81;12.31;12.79;13.22;13.57;13.75;13.75;13.48;12.98;12.22;;;;;;;;;;;;;;;;;;;;;;;;;
1.700;;;;;;;;;;;;;;21.70;19.61;17.93;16.56;15.42;14.52;13.77;13.14;12.57;12.05;11.56;11.10;10.66;10.25;9.86;9.51;9.21;8.96;8.75;8.57;8.42;8.29;8.17;8.08;8.00;7.93;7.87;7.82;7.77;7.73;7.70;7.67;7.65;7.63;7.61;7.60;7.59;7.58;7.57;7.56;7.55;7.55;7.55;7.55;7.55;7.55;7.55;7.55;7.55;7.56;7.56;7.57;7.58;7.58;7.59;7.60;7.61;7.62;7.62;7.63;7.63;7.63;7.62;7.61;7.59;7.57;7.55;7.53;7.50;7.47;7.44;7.41;7.39;7.38;7.37;7.37;7.38;7.40;7.44;7.50;7.57;7.66;7.78;7.92;8.09;8.29;8.52;8.79;9.09;9.42;9.79;10.20;10.64;11.11;11.61;12.12;12.61;13.06;13.44;13.67;13.74;13.55;13.12;12.43;11.56;;;;;;;;;;;;;;;;;;;;;;;;
1.600;;;;;;;;;;;;;;20.65;18.78;17.25;15.99;14.95;14.13;13.43;12.83;12.27;11.76;11.28;10.83;10.41;10.01;9.64;9.32;9.05;8.83;8.63;8.47;8.33;8.22;8.11;8.03;7.96;7.89;7.84;7.80;7.76;7.72;7.70;7.67;7.65;7.63;7.62;7.61;7.60;7.59;7.58;7.58;7.58;7.57;7.57;7.57;7.57;7.57;7.58;7.58;7.58;7.59;7.59;7.60;7.61;7.62;7.63;7.64;7.65;7.66;7.66;7.67;7.67;7.67;7.67;7.66;7.64;7.62;7.60;7.57;7.54;7.51;7.48;7.44;7.42;7.39;7.38;7.37;7.37;7.38;7.41;7.46;7.52;7.60;7.70;7.83;7.98;8.17;8.38;8.64;8.92;9.25;9.61;10.01;10.45;10.92;11.42;11.93;12.44;12.90;13.31;13.58;13.71;13.59;13.24;12.62;11.79;;;;;;;;;;;;;;;;;;;;;;;;
1.500;;;;;;;;;;;;;21.81;19.73;18.04;16.65;15.49;14.55;13.78;13.12;12.54;12.00;11.50;11.03;10.59;10.18;9.80;9.45;9.17;8.92;8.72;8.54;8.39;8.26;8.16;8.07;7.99;7.92;7.87;7.82;7.78;7.75;7.72;7.70;7.67;7.66;7.64;7.63;7.62;7.61;7.61;7.60;7.60;7.60;7.59;7.59;7.60;7.60;7.60;7.60;7.61;7.61;7.62;7.62;7.63;7.64;7.65;7.66;7.67;7.68;7.69;7.70;7.71;7.71;7.72;7.71;7.71;7.69;7.67;7.65;7.62;7.59;7.55;7.51;7.48;7.44;7.42;7.39;7.38;7.37;7.38;7.39;7.43;7.48;7.55;7.64;7.75;7.89;8.06;8.26;8.50;8.77;9.08;9.44;9.83;10.27;10.74;11.24;11.76;12.27;12.75;13.18;13.49;13.66;13.61;13.33;12.78;12.01;;;;;;;;;;;;;;;;;;;;;;;;
1.400;;;;;;;;;;;;;20.77;18.92;17.39;16.11;15.04;14.18;13.47;12.84;12.27;11.75;11.26;10.80;10.38;9.98;9.62;9.30;9.03;8.81;8.62;8.46;8.32;8.21;8.11;8.03;7.96;7.90;7.85;7.81;7.77;7.74;7.72;7.70;7.68;7.67;7.65;7.64;7.63;7.63;7.62;7.62;7.62;7.61;7.61;7.62;7.62;7.62;7.62;7.63;7.63;7.63;7.64;7.64;7.65;7.66;7.67;7.68;7.69;7.70;7.71;7.73;7.74;7.75;7.75;7.75;7.75;7.74;7.72;7.69;7.66;7.63;7.59;7.55;7.51;7.48;7.44;7.41;7.39;7.38;7.37;7.38;7.41;7.45;7.51;7.59;7.69;7.82;7.97;8.15;8.37;8.63;8.92;9.27;9.66;10.09;10.56;11.06;11.58;12.11;12.60;13.05;13.39;13.60;13.61;13.40;12.91;12.20;11.29;;;;;;;;;;;;;;;;;;;;;;;
1.300;;;;;;;;;;;;;19.87;18.21;16.81;15.63;14.66;13.86;13.19;12.58;12.03;11.52;11.04;10.60;10.18;9.80;9.46;9.17;8.92;8.71;8.54;8.39;8.27;8.16;8.07;8.00;7.94;7.88;7.84;7.80;7.77;7.74;7.72;7.70;7.69;7.68;7.66;7.66;7.65;7.64;7.64;7.63;7.63;7.63;7.63;7.63;7.63;7.64;7.64;7.64;7.65;7.65;7.65;7.66;7.66;7.67;7.68;7.69;7.70;7.71;7.73;7.74;7.76;7.77;7.78;7.78;7.78;7.77;7.76;7.73;7.71;7.67;7.63;7.59;7.55;7.51;7.47;7.44;7.41;7.39;7.38;7.38;7.40;7.43;7.48;7.55;7.64;7.75;7.89;8.06;8.27;8.50;8.78;9.11;9.50;9.92;10.39;10.89;11.42;11.95;12.46;12.92;13.29;13.54;13.60;13.45;13.03;12.37;11.51;;;;;;;;;;;;;;;;;;;;;;;
1.200;;;;;;;;;;;;;19.08;17.57;16.29;15.21;14.32;13.57;12.93;12.34;11.81;11.31;10.84;10.41;10.01;9.65;9.33;9.05;8.83;8.64;8.47;8.34;8.22;8.12;8.04;7.97;7.92;7.87;7.83;7.80;7.77;7.75;7.73;7.71;7.70;7.69;7.68;7.67;7.66;7.65;7.65;7.65;7.64;7.64;7.64;7.64;7.64;7.65;7.65;7.65;7.65;7.66;7.66;7.66;7.67;7.67;7.68;7.69;7.70;7.71;7.73;7.75;7.77;7.78;7.80;7.81;7.81;7.80;7.79;7.77;7.74;7.71;7.67;7.63;7.58;7.54;7.50;7.46;7.43;7.40;7.39;7.38;7.39;7.42;7.46;7.52;7.60;7.70;7.83;7.99;8.18;8.40;8.66;8.97;9.34;9.76;10.23;10.73;11.26;11.80;12.32;12.80;13.20;13.48;13.58;13.49;13.13;12.53;11.71;;;;;;;;;;;;;;;;;;;;;;;
1.100;;;;;;;;;;;;19.99;18.39;17.02;15.84;14.84;14.02;13.32;12.70;12.13;11.61;11.12;10.67;10.25;9.86;9.51;9.21;8.96;8.75;8.57;8.42;8.29;8.18;8.09;8.02;7.96;7.91;7.86;7.83;7.80;7.77;7.75;7.73;7.72;7.71;7.69;7.68;7.68;7.67;7.66;7.66;7.65;7.65;7.65;7.65;7.65;7.65;7.65;7.65;7.65;7.65;7.66;7.66;7.66;7.66;7.66;7.67;7.67;7.68;7.70;7.72;7.74;7.76;7.78;7.80;7.82;7.83;7.82;7.82;7.80;7.77;7.74;7.70;7.66;7.61;7.57;7.53;7.48;7.45;7.42;7.40;7.39;7.39;7.41;7.44;7.49;7.57;7.66;7.78;7.93;8.10;8.31;8.56;8.84;9.20;9.61;10.07;10.57;11.10;11.65;12.19;12.69;13.11;13.41;13.56;13.51;13.21;12.67;11.90;;;;;;;;;;;;;;;;;;;;;;;
1.000;;;;;;;;;;;;19.22;17.77;16.52;15.44;14.52;13.75;13.08;12.49;11.94;11.43;10.95;10.51;10.10;9.73;9.39;9.11;8.88;8.68;8.51;8.37;8.25;8.15;8.07;8.00;7.94;7.89;7.85;7.82;7.80;7.77;7.75;7.74;7.72;7.71;7.70;7.69;7.68;7.68;7.67;7.66;7.66;7.65;7.65;7.65;7.65;7.65;7.65;7.65;7.65;7.65;7.65;7.64;7.64;7.64;7.64;7.64;7.65;7.66;7.67;7.69;7.72;7.75;7.77;7.80;7.82;7.83;7.84;7.83;7.82;7.79;7.76;7.73;7.68;7.64;7.59;7.55;7.50;7.47;7.43;7.41;7.40;7.39;7.41;7.43;7.48;7.54;7.63;7.74;7.87;8.04;8.24;8.47;8.74;9.07;9.47;9.93;10.43;10.96;11.51;12.06;12.58;13.02;13.36;13.53;13.54;13.29;12.81;12.08;11.18;;;;;;;;;;;;;;;;;;;;;;
0.900;;;;;;;;;;;;18.54;17.24;16.09;15.08;14.23;13.52;12.88;12.30;11.76;11.27;10.80;10.37;9.97;9.61;9.29;9.03;8.81;8.62;8.46;8.33;8.22;8.12;8.05;7.98;7.93;7.89;7.85;7.82;7.80;7.77;7.76;7.74;7.73;7.72;7.71;7.70;7.69;7.68;7.67;7.66;7.66;7.65;7.65;7.64;7.64;7.64;7.63;7.63;7.63;7.63;7.63;7.62;7.62;7.62;7.61;7.61;7.61;7.62;7.63;7.65;7.68;7.72;7.75;7.79;7.81;7.83;7.84;7.84;7.83;7.81;7.78;7.74;7.70;7.66;7.61;7.56;7.52;7.48;7.45;7.42;7.40;7.40;7.40;7.43;7.47;7.52;7.60;7.71;7.83;7.99;8.17;8.40;8.66;8.96;9.35;9.80;10.30;10.83;11.39;11.95;12.48;12.94;13.30;13.51;13.56;13.36;12.93;12.25;11.38;;;;;;;;;;;;;;;;;;;;;;
0.800;;;;;;;;;;;;17.95;16.76;15.70;14.77;13.99;13.31;12.70;12.13;11.61;11.12;10.67;10.24;9.86;9.51;9.21;8.96;8.75;8.57;8.42;8.29;8.19;8.10;8.03;7.97;7.92;7.88;7.84;7.82;7.79;7.78;7.76;7.75;7.73;7.72;7.71;7.70;7.69;7.68;7.67;7.66;7.65;7.64;7.64;7.63;7.63;7.62;7.62;7.61;7.61;7.61;7.60;7.59;7.59;7.58;7.57;7.56;7.56;7.57;7.58;7.60;7.64;7.68;7.72;7.76;7.80;7.82;7.83;7.84;7.83;7.81;7.78;7.75;7.71;7.66;7.62;7.57;7.53;7.49;7.45;7.43;7.41;7.40;7.40;7.42;7.46;7.51;7.58;7.68;7.80;7.95;8.12;8.34;8.59;8.88;9.24;9.69;10.18;10.71;11.27;11.84;12.39;12.87;13.26;13.50;13.58;13.43;13.05;12.41;11.58;;;;;;;;;;;;;;;;;;;;;;
0.700;;;;;;;;;;;;17.43;16.34;15.37;14.50;13.77;13.12;12.53;11.99;11.48;11.00;10.55;10.14;9.76;9.42;9.14;8.90;8.70;8.53;8.38;8.26;8.16;8.08;8.01;7.96;7.91;7.87;7.84;7.81;7.79;7.78;7.76;7.75;7.73;7.72;7.71;7.70;7.69;7.68;7.66;7.65;7.64;7.63;7.62;7.62;7.61;7.60;7.59;7.59;7.58;7.58;7.57;7.56;7.55;7.54;7.52;7.51;7.50;7.50;7.51;7.54;7.58;7.63;7.68;7.73;7.77;7.80;7.82;7.82;7.82;7.80;7.77;7.74;7.70;7.66;7.62;7.57;7.53;7.49;7.46;7.43;7.41;7.40;7.40;7.42;7.45;7.50;7.57;7.66;7.77;7.92;8.09;8.29;8.53;8.81;9.15;9.59;10.08;10.61;11.17;11.75;12.31;12.81;13.22;13.49;13.60;13.50;13.16;12.57;11.77;;;;;;;;;;;;;;;;;;;;;;
0.600;;;;;;;;;;;18.03;16.97;15.97;15.07;14.27;13.58;12.96;12.39;11.86;11.36;10.89;10.45;10.04;9.67;9.35;9.07;8.85;8.65;8.49;8.35;8.24;8.14;8.06;8.00;7.94;7.90;7.86;7.83;7.81;7.79;7.77;7.76;7.75;7.73;7.72;7.71;7.70;7.68;7.67;7.66;7.64;7.63;7.62;7.61;7.60;7.59;7.58;7.57;7.56;7.55;7.54;7.53;7.52;7.51;7.49;7.47;7.45;7.44;7.43;7.44;7.47;7.52;7.58;7.64;7.70;7.75;7.78;7.79;7.80;7.79;7.78;7.75;7.72;7.68;7.65;7.60;7.56;7.52;7.48;7.45;7.42;7.41;7.40;7.40;7.41;7.44;7.49;7.56;7.65;7.76;7.89;8.06;8.26;8.49;8.76;9.08;9.51;9.99;10.53;11.09;11.67;12.24;12.76;13.19;13.49;13.63;13.56;13.28;12.73;11.96;;;;;;;;;;;;;;;;;;;;;;
0.500;;;;;;;;;;;17.53;16.56;15.65;14.81;14.06;13.41;12.82;12.27;11.75;11.25;10.79;10.36;9.96;9.60;9.29;9.02;8.80;8.61;8.46;8.32;8.21;8.12;8.05;7.98;7.93;7.89;7.86;7.83;7.81;7.79;7.77;7.76;7.74;7.73;7.72;7.70;7.69;7.68;7.66;7.65;7.63;7.62;7.60;7.59;7.57;7.56;7.55;7.54;7.53;7.51;7.50;7.49;7.48;7.46;7.44;7.42;7.39;7.37;7.35;7.35;7.38;7.45;7.52;7.60;7.66;7.71;7.74;7.76;7.76;7.75;7.74;7.71;7.69;7.65;7.62;7.58;7.54;7.50;7.47;7.44;7.41;7.40;7.39;7.39;7.41;7.44;7.49;7.55;7.64;7.75;7.88;8.04;8.23;8.46;8.73;9.04;9.45;9.93;10.46;11.02;11.61;12.19;12.72;13.18;13.50;13.66;13.64;13.39;12.88;12.15;;;;;;;;;;;;;;;;;;;;;;
0.400;;;;;;;;;;;17.08;16.21;15.37;14.58;13.88;13.26;12.69;12.16;11.65;11.17;10.71;10.29;9.89;9.54;9.24;8.98;8.77;8.58;8.43;8.30;8.19;8.10;8.03;7.97;7.92;7.88;7.85;7.82;7.80;7.78;7.77;7.75;7.74;7.73;7.71;7.70;7.68;7.67;7.65;7.64;7.62;7.60;7.58;7.57;7.55;7.53;7.52;7.50;7.49;7.48;7.47;7.45;7.44;7.42;7.40;7.37;7.34;7.30;7.27;7.26;7.30;7.38;7.47;7.56;7.63;7.67;7.70;7.71;7.71;7.70;7.68;7.66;7.64;7.61;7.57;7.54;7.51;7.47;7.44;7.42;7.40;7.38;7.38;7.38;7.40;7.43;7.48;7.55;7.63;7.74;7.87;8.03;8.22;8.44;8.71;9.01;9.40;9.88;10.41;10.98;11.57;12.16;12.70;13.18;13.52;13.71;13.71;13.51;13.04;12.34;;;;;;;;;;;;;;;;;;;;;;
0.300;;;;;;;;;;;16.70;15.90;15.13;14.39;13.73;13.14;12.59;12.07;11.57;11.10;10.65;10.23;9.84;9.49;9.20;8.95;8.74;8.56;8.41;8.28;8.18;8.09;8.02;7.96;7.91;7.87;7.84;7.81;7.79;7.78;7.76;7.75;7.73;7.72;7.71;7.69;7.68;7.66;7.64;7.62;7.60;7.58;7.56;7.54;7.53;7.51;7.49;7.47;7.46;7.44;7.43;7.41;7.40;7.38;7.36;7.33;7.30;7.25;7.20;7.17;7.20;7.32;7.44;7.53;7.59;7.62;7.64;7.64;7.64;7.63;7.61;7.59;7.57;7.54;7.52;7.49;7.46;7.43;7.41;7.39;7.37;7.36;7.36;7.37;7.39;7.43;7.48;7.54;7.63;7.74;7.87;8.03;8.22;8.44;8.70;9.00;9.38;9.85;10.38;10.95;11.54;12.14;12.70;13.19;13.55;13.77;13.80;13.63;13.19;12.53;;;;;;;;;;;;;;;;;;;;;;
0.200;;;;;;;;;;;16.36;15.63;14.91;14.22;13.60;13.04;12.51;12.00;11.51;11.04;10.60;10.18;9.80;9.46;9.17;8.92;8.72;8.54;8.39;8.27;8.16;8.08;8.01;7.95;7.90;7.86;7.83;7.81;7.79;7.77;7.75;7.74;7.73;7.71;7.70;7.68;7.67;7.65;7.63;7.61;7.59;7.57;7.54;7.52;7.50;7.48;7.46;7.44;7.42;7.41;7.39;7.38;7.36;7.35;7.33;7.31;7.28;7.23;7.15;7.08;7.10;7.28;7.43;7.50;7.54;7.55;7.56;7.55;7.55;7.54;7.53;7.51;7.49;7.47;7.45;7.43;7.40;7.38;7.36;7.35;7.34;7.34;7.34;7.36;7.38;7.42;7.47;7.54;7.63;7.74;7.88;8.03;8.22;8.44;8.71;9.01;9.37;9.84;10.37;10.94;11.54;12.14;12.71;13.21;13.59;13.83;13.89;13.75;13.35;12.72;11.87;;;;;;;;;;;;;;;;;;;;;
0.100;;;;;;;;;;;16.07;15.40;14.73;14.09;13.50;12.96;12.44;11.95;11.47;11.00;10.57;10.15;9.77;9.43;9.15;8.91;8.70;8.53;8.38;8.25;8.15;8.06;7.99;7.94;7.89;7.85;7.82;7.80;7.78;7.76;7.74;7.73;7.72;7.70;7.69;7.67;7.66;7.64;7.62;7.60;7.57;7.55;7.52;7.50;7.48;7.45;7.43;7.41;7.39;7.37;7.35;7.34;7.33;7.31;7.30;7.29;7.27;7.24;7.19;7.06;7.00;7.31;7.41;7.44;7.44;7.44;7.44;7.44;7.44;7.43;7.42;7.41;7.40;7.38;7.37;7.35;7.34;7.32;7.31;7.31;7.30;7.31;7.32;7.34;7.37;7.41;7.47;7.55;7.64;7.75;7.89;8.05;8.24;8.46;8.72;9.03;9.39;9.85;10.38;10.95;11.55;12.16;12.73;13.25;13.64;13.91;13.99;13.88;13.52;12.91;12.09;;;;;;;;;;;;;;;;;;;;;
0.000;;;;;;;;;;;15.81;15.21;14.58;13.97;13.42;12.89;12.39;11.91;11.43;10.98;10.54;10.14;9.76;9.42;9.14;8.90;8.69;8.52;8.37;8.24;8.14;8.05;7.98;7.93;7.88;7.84;7.81;7.79;7.77;7.75;7.73;7.72;7.71;7.69;7.68;7.66;7.64;7.63;7.60;7.58;7.56;7.53;7.51;7.48;7.45;7.43;7.40;7.38;7.36;7.34;7.32;7.30;7.29;7.28;7.27;7.27;7.26;7.26;7.26;7.27;7.27;7.28;7.28;7.29;7.29;7.30;7.30;7.31;7.31;7.31;7.30;7.30;7.29;7.29;7.28;7.27;7.27;7.26;7.26;7.26;7.26;7.28;7.29;7.32;7.36;7.41;7.47;7.55;7.65;7.76;7.90;8.07;8.26;8.49;8.75;9.06;9.42;9.87;10.40;10.98;11.58;12.19;12.77;13.30;13.71;13.99;14.10;14.02;13.68;13.11;12.30;;;;;;;;;;;;;;;;;;;;;
-0.100;;;;;;;;;;;15.60;15.04;14.46;13.88;13.35;12.85;12.36;11.88;11.42;10.97;10.54;10.13;9.75;9.42;9.14;8.90;8.69;8.51;8.37;8.24;8.14;8.05;7.98;7.92;7.87;7.83;7.80;7.77;7.75;7.74;7.72;7.71;7.69;7.68;7.67;7.65;7.63;7.61;7.59;7.57;7.54;7.51;7.49;7.46;7.43;7.40;7.37;7.35;7.32;7.30;7.28;7.26;7.25;7.24;7.23;7.22;7.22;7.22;7.20;7.11;6.80;6.86;6.99;7.06;7.10;7.12;7.14;7.15;7.16;7.17;7.18;7.18;7.18;7.18;7.19;7.19;7.19;7.19;7.20;7.21;7.22;7.24;7.27;7.30;7.35;7.40;7.47;7.56;7.66;7.78;7.93;8.10;8.30;8.52;8.79;9.10;9.47;9.92;10.45;11.02;11.63;12.24;12.83;13.37;13.79;14.09;14.21;14.16;13.85;13.30;12.51;;;;;;;;;;;;;;;;;;;;;
-0.200;;;;;;;;;;;15.42;14.91;14.36;13.81;13.30;12.82;12.34;11.88;11.42;10.97;10.55;10.14;9.76;9.43;9.15;8.90;8.70;8.52;8.37;8.24;8.13;8.04;7.97;7.91;7.86;7.82;7.79;7.76;7.74;7.72;7.71;7.69;7.68;7.67;7.65;7.64;7.62;7.60;7.57;7.55;7.52;7.50;7.47;7.44;7.41;7.37;7.34;7.32;7.29;7.26;7.24;7.22;7.20;7.18;7.17;7.15;7.14;7.11;7.04;6.89;6.71;6.68;6.75;6.83;6.89;6.93;6.97;6.99;7.01;7.03;7.05;7.06;7.07;7.08;7.09;7.10;7.11;7.12;7.14;7.16;7.18;7.21;7.24;7.28;7.34;7.40;7.48;7.57;7.68;7.81;7.96;8.13;8.34;8.57;8.85;9.16;9.53;9.98;10.52;11.09;11.70;12.32;12.91;13.45;13.88;14.19;14.34;14.31;14.03;13.50;12.72;;;;;;;;;;;;;;;;;;;;;
-0.300;;;;;;;;;;;15.28;14.80;14.29;13.77;13.28;12.81;12.34;11.88;11.43;10.99;10.57;10.16;9.79;9.45;9.17;8.92;8.71;8.53;8.37;8.24;8.13;8.04;7.96;7.90;7.85;7.81;7.77;7.75;7.73;7.71;7.69;7.68;7.67;7.65;7.64;7.62;7.60;7.58;7.56;7.53;7.51;7.48;7.45;7.41;7.38;7.35;7.32;7.28;7.25;7.22;7.20;7.17;7.14;7.12;7.09;7.06;7.03;6.97;6.88;6.75;6.62;6.57;6.60;6.65;6.71;6.76;6.80;6.84;6.87;6.89;6.92;6.94;6.96;6.98;6.99;7.01;7.03;7.05;7.08;7.10;7.14;7.17;7.22;7.27;7.33;7.40;7.49;7.59;7.70;7.84;8.00;8.18;8.39;8.63;8.91;9.23;9.61;10.06;10.60;11.17;11.78;12.40;13.00;13.55;13.99;14.31;14.47;14.46;14.20;13.69;12.93;;;;;;;;;;;;;;;;;;;;;
-0.400;;;;;;;;;;;15.16;14.72;14.24;13.74;13.27;12.81;12.36;11.91;11.46;11.02;10.60;10.20;9.82;9.48;9.19;8.94;8.73;8.54;8.38;8.25;8.14;8.04;7.96;7.89;7.84;7.80;7.76;7.73;7.71;7.69;7.68;7.66;7.65;7.64;7.62;7.60;7.59;7.56;7.54;7.52;7.49;7.46;7.43;7.39;7.36;7.32;7.29;7.25;7.22;7.18;7.15;7.12;7.08;7.05;7.01;6.97;6.91;6.83;6.74;6.63;6.54;6.49;6.49;6.52;6.56;6.61;6.66;6.70;6.73;6.76;6.79;6.82;6.85;6.88;6.90;6.93;6.96;6.99;7.02;7.06;7.10;7.14;7.19;7.26;7.33;7.41;7.50;7.61;7.73;7.87;8.04;8.23;8.45;8.70;8.99;9.31;9.70;10.16;10.70;11.28;11.89;12.51;13.10;13.65;14.10;14.43;14.60;14.62;14.38;13.89;;;;;;;;;;;;;;;;;;;;;;
-0.500;;;;;;;;;;;15.07;14.67;14.21;13.73;13.28;12.83;12.39;11.94;11.50;11.07;10.65;10.25;9.87;9.53;9.23;8.98;8.76;8.56;8.40;8.26;8.14;8.04;7.96;7.89;7.84;7.79;7.75;7.72;7.70;7.68;7.66;7.65;7.63;7.62;7.60;7.59;7.57;7.55;7.52;7.50;7.47;7.44;7.40;7.37;7.33;7.29;7.26;7.22;7.18;7.14;7.10;7.06;7.02;6.97;6.92;6.87;6.80;6.72;6.63;6.54;6.46;6.41;6.40;6.42;6.45;6.49;6.53;6.57;6.61;6.65;6.68;6.72;6.75;6.78;6.82;6.85;6.89;6.93;6.97;7.01;7.06;7.12;7.18;7.25;7.33;7.42;7.52;7.63;7.77;7.92;8.09;8.29;8.52;8.77;9.07;9.41;9.80;10.28;10.82;11.39;12.00;12.62;13.22;13.77;14.22;14.55;14.74;14.77;14.55;14.08;;;;;;;;;;;;;;;;;;;;;;
-0.600;;;;;;;;;;;15.01;14.64;14.21;13.75;13.31;12.87;12.43;12.00;11.56;11.13;10.72;10.32;9.94;9.59;9.28;9.02;8.79;8.59;8.42;8.28;8.16;8.05;7.96;7.89;7.83;7.78;7.74;7.71;7.68;7.66;7.64;7.63;7.61;7.60;7.58;7.57;7.55;7.53;7.50;7.48;7.45;7.42;7.38;7.35;7.31;7.27;7.23;7.18;7.14;7.09;7.05;7.00;6.95;6.90;6.84;6.78;6.70;6.62;6.54;6.46;6.39;6.34;6.32;6.33;6.35;6.38;6.42;6.46;6.50;6.54;6.58;6.62;6.66;6.70;6.74;6.78;6.83;6.87;6.92;6.98;7.03;7.10;7.17;7.25;7.33;7.43;7.54;7.67;7.81;7.97;8.15;8.36;8.60;8.86;9.17;9.52;9.93;10.40;10.95;11.52;12.14;12.75;13.35;13.90;14.35;14.69;14.89;14.93;14.72;14.26;;;;;;;;;;;;;;;;;;;;;;
-0.700;;;;;;;;;;;14.98;14.64;14.23;13.79;13.35;12.92;12.49;12.06;11.63;11.21;10.79;10.39;10.01;9.66;9.35;9.07;8.84;8.63;8.46;8.30;8.17;8.06;7.97;7.89;7.83;7.78;7.73;7.70;7.67;7.65;7.63;7.61;7.59;7.58;7.56;7.55;7.53;7.51;7.48;7.46;7.43;7.40;7.36;7.32;7.28;7.24;7.19;7.15;7.10;7.05;7.00;6.95;6.89;6.83;6.76;6.69;6.62;6.54;6.46;6.39;6.33;6.28;6.26;6.26;6.27;6.30;6.33;6.37;6.41;6.45;6.49;6.54;6.58;6.63;6.67;6.72;6.77;6.83;6.89;6.95;7.01;7.09;7.17;7.25;7.35;7.46;7.58;7.71;7.86;8.03;8.23;8.44;8.69;8.96;9.28;9.64;10.06;10.55;11.09;11.67;12.28;12.89;13.49;14.03;14.48;14.82;15.03;15.09;14.89;14.44;;;;;;;;;;;;;;;;;;;;;;
-0.800;;;;;;;;;;;14.97;14.66;14.27;13.84;13.42;12.99;12.57;12.14;11.72;11.30;10.88;10.48;10.10;9.74;9.42;9.14;8.89;8.68;8.49;8.33;8.20;8.08;7.98;7.90;7.83;7.77;7.73;7.69;7.66;7.63;7.61;7.59;7.58;7.56;7.54;7.53;7.51;7.49;7.46;7.44;7.41;7.37;7.34;7.30;7.26;7.21;7.16;7.11;7.06;7.01;6.95;6.89;6.83;6.77;6.70;6.62;6.55;6.47;6.40;6.33;6.27;6.23;6.21;6.20;6.21;6.23;6.26;6.29;6.33;6.38;6.42;6.47;6.52;6.57;6.62;6.67;6.73;6.79;6.86;6.93;7.00;7.08;7.17;7.27;7.37;7.49;7.62;7.77;7.93;8.11;8.31;8.53;8.79;9.08;9.41;9.78;10.21;10.70;11.25;11.83;12.43;13.04;13.63;14.17;14.62;14.96;15.18;15.24;15.05;14.61;;;;;;;;;;;;;;;;;;;;;;
-0.900;;;;;;;;;;;;14.71;14.34;13.92;13.50;13.08;12.66;12.24;11.81;11.40;10.99;10.59;10.21;9.84;9.51;9.21;8.96;8.74;8.54;8.37;8.23;8.11;8.00;7.91;7.84;7.78;7.72;7.68;7.65;7.62;7.60;7.58;7.56;7.54;7.52;7.51;7.49;7.47;7.44;7.42;7.39;7.35;7.32;7.27;7.23;7.19;7.14;7.08;7.03;6.97;6.91;6.85;6.78;6.71;6.64;6.57;6.49;6.42;6.34;6.28;6.23;6.19;6.17;6.16;6.16;6.18;6.20;6.24;6.27;6.32;6.36;6.41;6.46;6.52;6.58;6.64;6.70;6.77;6.84;6.92;7.00;7.09;7.19;7.29;7.41;7.54;7.68;7.83;8.00;8.19;8.40;8.64;8.90;9.20;9.54;9.93;10.37;10.87;11.42;11.99;12.60;13.20;13.78;14.31;14.75;15.10;15.32;15.39;15.20;14.77;;;;;;;;;;;;;;;;;;;;;;
-1.000;;;;;;;;;;;;14.79;14.43;14.02;13.60;13.18;12.76;12.34;11.92;11.51;11.10;10.70;10.32;9.95;9.61;9.30;9.04;8.80;8.60;8.42;8.27;8.14;8.03;7.93;7.85;7.78;7.73;7.68;7.64;7.61;7.58;7.56;7.54;7.52;7.50;7.49;7.47;7.45;7.42;7.39;7.36;7.33;7.29;7.25;7.21;7.16;7.11;7.05;7.00;6.94;6.87;6.81;6.74;6.67;6.59;6.52;6.44;6.37;6.30;6.24;6.19;6.16;6.13;6.12;6.12;6.14;6.16;6.19;6.23;6.27;6.32;6.37;6.42;6.48;6.54;6.61;6.68;6.76;6.84;6.92;7.01;7.11;7.22;7.33;7.45;7.59;7.74;7.90;8.08;8.28;8.51;8.75;9.03;9.34;9.69;10.09;10.54;11.05;11.59;12.17;12.77;13.37;13.94;14.46;14.89;15.24;15.46;15.53;15.35;14.91;;;;;;;;;;;;;;;;;;;;;;
-1.100;;;;;;;;;;;;14.89;14.55;14.15;13.73;13.31;12.89;12.47;12.05;11.63;11.22;10.83;10.45;10.08;9.72;9.40;9.13;8.88;8.67;8.48;8.32;8.18;8.06;7.95;7.87;7.79;7.73;7.68;7.64;7.60;7.57;7.55;7.53;7.51;7.49;7.47;7.45;7.43;7.40;7.38;7.35;7.31;7.27;7.23;7.19;7.14;7.09;7.03;6.97;6.91;6.84;6.77;6.70;6.63;6.56;6.48;6.41;6.34;6.27;6.22;6.17;6.13;6.11;6.10;6.10;6.11;6.13;6.16;6.19;6.24;6.29;6.34;6.40;6.46;6.53;6.60;6.67;6.76;6.84;6.93;7.03;7.14;7.25;7.38;7.51;7.66;7.82;7.99;8.18;8.39;8.62;8.88;9.17;9.49;9.86;10.26;10.73;11.24;11.78;12.36;12.95;13.54;14.10;14.61;15.03;15.37;15.60;15.66;15.47;15.03;;;;;;;;;;;;;;;;;;;;;;
-1.200;;;;;;;;;;;;15.02;14.70;14.30;13.87;13.45;13.03;12.60;12.18;11.77;11.36;10.97;10.59;10.22;9.85;9.52;9.23;8.97;8.75;8.55;8.38;8.23;8.10;7.99;7.89;7.81;7.74;7.69;7.64;7.60;7.57;7.54;7.51;7.49;7.47;7.45;7.43;7.41;7.39;7.36;7.33;7.30;7.26;7.22;7.17;7.12;7.07;7.01;6.95;6.89;6.82;6.75;6.68;6.60;6.53;6.46;6.39;6.32;6.26;6.20;6.15;6.12;6.10;6.08;6.08;6.09;6.11;6.14;6.18;6.22;6.27;6.32;6.38;6.45;6.52;6.60;6.68;6.77;6.86;6.96;7.07;7.18;7.31;7.44;7.58;7.74;7.91;8.09;8.29;8.51;8.75;9.02;9.32;9.66;10.03;10.46;10.93;11.43;11.98;12.55;13.13;13.71;14.26;14.76;15.17;15.51;15.73;15.79;15.59;;;;;;;;;;;;;;;;;;;;;;;
-1.300;;;;;;;;;;;;15.18;14.87;14.48;14.05;13.62;13.18;12.76;12.33;11.92;11.51;11.11;10.73;10.37;10.00;9.65;9.35;9.08;8.84;8.63;8.45;8.29;8.15;8.03;7.93;7.84;7.76;7.70;7.65;7.60;7.57;7.53;7.51;7.48;7.46;7.44;7.42;7.40;7.37;7.35;7.32;7.28;7.24;7.20;7.16;7.11;7.06;7.00;6.94;6.87;6.80;6.73;6.66;6.59;6.52;6.44;6.37;6.31;6.25;6.20;6.15;6.12;6.09;6.08;6.08;6.09;6.11;6.13;6.17;6.21;6.27;6.32;6.39;6.46;6.53;6.61;6.70;6.80;6.90;7.00;7.12;7.24;7.37;7.51;7.67;7.83;8.01;8.20;8.42;8.65;8.90;9.18;9.49;9.84;10.23;10.66;11.14;11.64;12.19;12.75;13.32;13.89;14.42;14.91;15.31;15.64;15.86;15.89;15.68;;;;;;;;;;;;;;;;;;;;;;;
-1.400;;;;;;;;;;;;;15.07;14.69;14.25;13.80;13.36;12.93;12.49;12.07;11.67;11.27;10.89;10.52;10.16;9.80;9.48;9.19;8.94;8.72;8.53;8.36;8.21;8.08;7.97;7.87;7.79;7.72;7.66;7.61;7.57;7.54;7.51;7.48;7.46;7.43;7.41;7.39;7.36;7.34;7.31;7.27;7.24;7.19;7.15;7.10;7.05;6.99;6.93;6.86;6.80;6.73;6.66;6.58;6.51;6.44;6.37;6.31;6.25;6.20;6.16;6.13;6.10;6.09;6.09;6.10;6.11;6.14;6.18;6.22;6.28;6.34;6.40;6.48;6.56;6.64;6.74;6.84;6.94;7.06;7.18;7.31;7.45;7.60;7.77;7.94;8.13;8.33;8.56;8.80;9.06;9.36;9.68;10.04;10.44;10.88;11.35;11.86;12.40;12.95;13.52;14.07;14.59;15.06;15.45;15.77;15.97;15.99;15.75;;;;;;;;;;;;;;;;;;;;;;;
-1.500;;;;;;;;;;;;;15.31;14.93;14.48;14.02;13.56;13.11;12.67;12.24;11.83;11.43;11.05;10.69;10.33;9.96;9.63;9.33;9.06;8.83;8.62;8.44;8.28;8.14;8.02;7.92;7.83;7.75;7.69;7.63;7.58;7.55;7.51;7.48;7.46;7.43;7.41;7.38;7.36;7.33;7.30;7.27;7.23;7.19;7.15;7.10;7.05;6.99;6.93;6.87;6.80;6.73;6.66;6.59;6.52;6.45;6.38;6.32;6.27;6.22;6.18;6.14;6.12;6.11;6.11;6.12;6.14;6.17;6.20;6.25;6.30;6.37;6.43;6.51;6.60;6.69;6.79;6.89;7.01;7.13;7.26;7.40;7.55;7.71;7.88;8.07;8.27;8.48;8.71;8.97;9.24;9.55;9.88;10.25;10.66;11.11;11.58;12.09;12.62;13.17;13.72;14.25;14.76;15.21;15.59;15.90;16.07;16.06;15.81;;;;;;;;;;;;;;;;;;;;;;;
-1.600;;;;;;;;;;;;;15.58;15.20;14.75;14.27;13.79;13.32;12.86;12.43;12.01;11.61;11.22;10.86;10.51;10.14;9.79;9.48;9.20;8.95;8.73;8.53;8.36;8.21;8.08;7.97;7.87;7.79;7.72;7.66;7.61;7.56;7.52;7.49;7.46;7.43;7.41;7.38;7.36;7.33;7.30;7.27;7.23;7.19;7.15;7.10;7.05;7.00;6.94;6.87;6.81;6.74;6.67;6.60;6.54;6.47;6.40;6.35;6.29;6.25;6.21;6.18;6.15;6.14;6.14;6.15;6.17;6.20;6.24;6.29;6.34;6.41;6.48;6.56;6.65;6.75;6.85;6.97;7.09;7.22;7.36;7.50;7.66;7.83;8.01;8.21;8.42;8.64;8.89;9.15;9.44;9.76;10.10;10.48;10.90;11.35;11.82;12.32;12.85;13.39;13.92;14.44;14.93;15.36;15.73;16.02;16.16;16.12;;;;;;;;;;;;;;;;;;;;;;;;
-1.700;;;;;;;;;;;;;15.89;15.51;15.05;14.55;14.04;13.55;13.08;12.62;12.19;11.79;11.40;11.04;10.69;10.34;9.97;9.64;9.35;9.08;8.85;8.64;8.46;8.30;8.16;8.04;7.93;7.84;7.76;7.69;7.64;7.59;7.54;7.51;7.48;7.45;7.42;7.39;7.37;7.34;7.31;7.28;7.24;7.20;7.16;7.11;7.06;7.01;6.95;6.89;6.83;6.76;6.70;6.63;6.56;6.50;6.44;6.38;6.33;6.28;6.25;6.22;6.20;6.19;6.19;6.20;6.22;6.25;6.29;6.34;6.40;6.47;6.54;6.63;6.72;6.83;6.94;7.06;7.18;7.32;7.47;7.63;7.79;7.97;8.17;8.37;8.59;8.83;9.09;9.36;9.66;9.99;10.34;10.73;11.16;11.60;12.08;12.57;13.09;13.61;14.14;14.64;15.10;15.51;15.86;16.13;16.23;16.15;;;;;;;;;;;;;;;;;;;;;;;;
-1.800;;;;;;;;;;;;;;15.86;15.39;14.87;14.33;13.81;13.31;12.84;12.40;11.98;11.59;11.22;10.88;10.54;10.17;9.82;9.51;9.24;8.99;8.77;8.57;8.40;8.25;8.12;8.00;7.90;7.82;7.74;7.68;7.62;7.58;7.53;7.50;7.47;7.44;7.41;7.38;7.35;7.32;7.29;7.26;7.22;7.18;7.13;7.08;7.03;6.98;6.92;6.86;6.79;6.73;6.66;6.60;6.54;6.48;6.43;6.38;6.34;6.30;6.27;6.26;6.25;6.25;6.26;6.28;6.32;6.36;6.41;6.47;6.54;6.62;6.71;6.81;6.92;7.04;7.16;7.30;7.45;7.60;7.77;7.95;8.14;8.34;8.56;8.79;9.04;9.30;9.59;9.90;10.24;10.60;11.00;11.43;11.87;12.34;12.83;13.34;13.85;14.35;14.84;15.28;15.67;15.99;16.22;16.28;16.16;;;;;;;;;;;;;;;;;;;;;;;;
-1.900;;;;;;;;;;;;;;16.26;15.78;15.23;14.67;14.11;13.58;13.08;12.61;12.18;11.78;11.41;11.06;10.74;10.38;10.02;9.70;9.40;9.14;8.91;8.70;8.52;8.36;8.21;8.09;7.98;7.88;7.80;7.73;7.67;7.62;7.57;7.53;7.49;7.46;7.43;7.40;7.37;7.34;7.31;7.28;7.24;7.20;7.16;7.11;7.06;7.01;6.95;6.89;6.83;6.77;6.71;6.65;6.59;6.54;6.48;6.44;6.40;6.37;6.34;6.33;6.32;6.32;6.34;6.36;6.40;6.44;6.50;6.56;6.64;6.72;6.82;6.92;7.03;7.16;7.29;7.44;7.59;7.76;7.93;8.12;8.32;8.54;8.76;9.01;9.27;9.55;9.85;10.17;10.51;10.89;11.29;11.71;12.15;12.62;13.10;13.60;14.10;14.58;15.04;15.46;15.82;16.12;16.30;16.31;;;;;;;;;;;;;;;;;;;;;;;;;
-2.000;;;;;;;;;;;;;;16.71;16.21;15.65;15.04;14.45;13.88;13.34;12.85;12.40;11.99;11.61;11.25;10.93;10.60;10.24;9.90;9.59;9.32;9.07;8.85;8.65;8.48;8.32;8.19;8.07;7.96;7.87;7.79;7.73;7.67;7.62;7.57;7.53;7.50;7.46;7.43;7.40;7.37;7.34;7.31;7.27;7.23;7.19;7.15;7.10;7.05;7.00;6.94;6.88;6.82;6.77;6.71;6.65;6.60;6.55;6.51;6.48;6.45;6.42;6.41;6.41;6.41;6.43;6.46;6.49;6.54;6.60;6.67;6.75;6.84;6.94;7.05;7.17;7.30;7.44;7.59;7.76;7.93;8.12;8.32;8.53;8.76;9.00;9.25;9.53;9.82;10.13;10.46;10.81;11.20;11.60;12.02;12.46;12.92;13.39;13.87;14.35;14.82;15.26;15.64;15.98;16.23;16.36;16.32;;;;;;;;;;;;;;;;;;;;;;;;;
-2.100;;;;;;;;;;;;;;;16.71;16.11;15.47;14.83;14.21;13.64;13.11;12.63;12.20;11.80;11.45;11.12;10.81;10.47;10.12;9.80;9.51;9.24;9.01;8.80;8.61;8.45;8.30;8.17;8.06;7.96;7.87;7.80;7.73;7.68;7.63;7.58;7.54;7.51;7.47;7.44;7.41;7.38;7.35;7.31;7.27;7.23;7.19;7.15;7.10;7.05;7.00;6.94;6.89;6.83;6.78;6.73;6.68;6.64;6.60;6.56;6.54;6.52;6.51;6.51;6.52;6.54;6.57;6.61;6.66;6.72;6.79;6.88;6.97;7.08;7.20;7.32;7.46;7.61;7.78;7.95;8.14;8.33;8.54;8.77;9.01;9.26;9.53;9.81;10.11;10.43;10.78;11.14;11.53;11.92;12.34;12.78;13.23;13.69;14.16;14.62;15.06;15.47;15.83;16.13;16.33;16.40;;;;;;;;;;;;;;;;;;;;;;;;;;
-2.200;;;;;;;;;;;;;;;17.27;16.64;15.96;15.27;14.60;13.97;13.40;12.89;12.43;12.02;11.65;11.31;11.01;10.71;10.35;10.02;9.71;9.44;9.19;8.97;8.77;8.59;8.43;8.29;8.17;8.06;7.96;7.88;7.81;7.75;7.69;7.64;7.60;7.56;7.53;7.49;7.46;7.43;7.39;7.36;7.32;7.29;7.25;7.20;7.16;7.11;7.06;7.01;6.96;6.91;6.86;6.82;6.77;6.73;6.70;6.67;6.65;6.63;6.63;6.63;6.64;6.66;6.70;6.74;6.80;6.86;6.94;7.03;7.13;7.24;7.37;7.50;7.65;7.81;7.98;8.17;8.37;8.57;8.80;9.03;9.29;9.55;9.83;10.13;10.44;10.77;11.12;11.49;11.88;12.27;12.69;13.12;13.56;14.01;14.46;14.90;15.32;15.69;16.01;16.26;16.40;16.41;;;;;;;;;;;;;;;;;;;;;;;;;;
-2.300;;;;;;;;;;;;;;;;17.24;16.52;15.77;15.04;14.36;13.73;13.17;12.68;12.24;11.86;11.51;11.20;10.92;10.60;10.26;9.94;9.65;9.39;9.15;8.94;8.75;8.58;8.43;8.29;8.18;8.07;7.98;7.90;7.83;7.77;7.72;7.67;7.63;7.59;7.55;7.52;7.48;7.45;7.42;7.38;7.35;7.31;7.27;7.23;7.18;7.14;7.09;7.05;7.00;6.96;6.92;6.88;6.84;6.81;6.79;6.77;6.76;6.76;6.76;6.78;6.81;6.85;6.90;6.95;7.03;7.11;7.21;7.31;7.43;7.57;7.71;7.87;8.04;8.22;8.42;8.62;8.85;9.08;9.33;9.60;9.88;10.17;10.48;10.80;11.14;11.50;11.87;12.25;12.65;13.06;13.48;13.91;14.35;14.78;15.19;15.57;15.91;16.19;16.38;16.45;;;;;;;;;;;;;;;;;;;;;;;;;;;
-2.400;;;;;;;;;;;;;;;;17.92;17.15;16.35;15.56;14.80;14.11;13.50;12.96;12.49;12.08;11.72;11.40;11.11;10.84;10.51;10.18;9.88;9.61;9.36;9.13;8.93;8.75;8.58;8.44;8.31;8.20;8.10;8.01;7.93;7.86;7.80;7.75;7.70;7.66;7.62;7.59;7.55;7.52;7.49;7.45;7.42;7.38;7.34;7.31;7.27;7.23;7.19;7.14;7.10;7.06;7.03;6.99;6.96;6.94;6.92;6.91;6.90;6.90;6.92;6.94;6.97;7.02;7.07;7.14;7.21;7.30;7.41;7.52;7.65;7.79;7.94;8.11;8.29;8.49;8.70;8.92;9.15;9.40;9.67;9.95;10.24;10.54;10.86;11.20;11.55;11.91;12.28;12.66;13.05;13.45;13.86;14.28;14.70;15.11;15.49;15.83;16.13;16.34;16.47;16.47;;;;;;;;;;;;;;;;;;;;;;;;;;;
-2.500;;;;;;;;;;;;;;;;;17.87;17.00;16.14;15.32;14.55;13.87;13.28;12.76;12.32;11.93;11.60;11.31;11.05;10.77;10.44;10.13;9.84;9.58;9.34;9.12;8.93;8.76;8.60;8.46;8.34;8.23;8.13;8.05;7.97;7.90;7.85;7.79;7.75;7.71;7.67;7.63;7.60;7.56;7.53;7.50;7.47;7.43;7.40;7.36;7.32;7.29;7.25;7.22;7.18;7.15;7.12;7.10;7.08;7.07;7.06;7.06;7.07;7.09;7.12;7.16;7.21;7.27;7.34;7.43;7.52;7.63;7.76;7.89;8.04;8.21;8.39;8.58;8.79;9.01;9.25;9.50;9.76;10.04;10.33;10.64;10.96;11.29;11.64;11.99;12.35;12.71;13.09;13.47;13.86;14.26;14.67;15.06;15.44;15.79;16.09;16.33;16.48;16.53;;;;;;;;;;;;;;;;;;;;;;;;;;;;
-2.600;;;;;;;;;;;;;;;;;18.70;17.75;16.82;15.92;15.07;14.31;13.65;13.07;12.59;12.17;11.81;11.50;11.24;11.00;10.71;10.39;10.10;9.82;9.57;9.34;9.14;8.95;8.78;8.63;8.50;8.38;8.27;8.18;8.09;8.02;7.96;7.90;7.85;7.80;7.76;7.72;7.69;7.66;7.62;7.59;7.56;7.53;7.50;7.47;7.44;7.40;7.37;7.35;7.32;7.29;7.27;7.25;7.24;7.24;7.24;7.24;7.26;7.29;7.32;7.37;7.42;7.49;7.57;7.66;7.77;7.89;8.02;8.17;8.33;8.51;8.70;8.91;9.13;9.37;9.62;9.88;10.16;10.46;10.77;11.09;11.42;11.76;12.11;12.46;12.82;13.18;13.54;13.92;14.30;14.68;15.07;15.44;15.78;16.08;16.33;16.50;16.58;16.55;;;;;;;;;;;;;;;;;;;;;;;;;;;;
-2.700;;;;;;;;;;;;;;;;;;18.62;17.59;16.61;15.67;14.82;14.08;13.43;12.89;12.43;12.04;11.71;11.43;11.18;10.96;10.67;10.36;10.08;9.82;9.58;9.36;9.16;8.98;8.82;8.67;8.54;8.43;8.32;8.23;8.15;8.08;8.02;7.96;7.91;7.87;7.83;7.79;7.76;7.73;7.70;7.67;7.64;7.61;7.59;7.56;7.53;7.51;7.49;7.47;7.45;7.43;7.43;7.42;7.42;7.43;7.45;7.47;7.50;7.54;7.60;7.66;7.74;7.83;7.93;8.05;8.18;8.32;8.48;8.66;8.85;9.05;9.27;9.51;9.76;10.03;10.31;10.61;10.92;11.24;11.58;11.92;12.27;12.62;12.96;13.31;13.66;14.02;14.38;14.75;15.12;15.47;15.81;16.11;16.36;16.54;16.64;16.63;;;;;;;;;;;;;;;;;;;;;;;;;;;;;
-2.800;;;;;;;;;;;;;;;;;;19.62;18.49;17.41;16.38;15.43;14.59;13.86;13.25;12.73;12.30;11.93;11.63;11.38;11.16;10.94;10.65;10.36;10.09;9.83;9.60;9.39;9.20;9.03;8.87;8.73;8.60;8.49;8.39;8.30;8.22;8.15;8.09;8.04;7.99;7.95;7.91;7.87;7.84;7.81;7.79;7.76;7.74;7.72;7.70;7.68;7.66;7.64;7.63;7.62;7.62;7.61;7.62;7.63;7.64;7.67;7.70;7.75;7.80;7.86;7.93;8.02;8.12;8.24;8.36;8.51;8.66;8.84;9.02;9.23;9.45;9.69;9.94;10.21;10.50;10.80;11.11;11.44;11.77;12.12;12.47;12.82;13.16;13.49;13.83;14.17;14.52;14.87;15.22;15.56;15.88;16.18;16.42;16.61;16.71;16.73;16.63;;;;;;;;;;;;;;;;;;;;;;;;;;;;;
-2.900;;;;;;;;;;;;;;;;;;;19.52;18.32;17.20;16.14;15.19;14.36;13.67;13.08;12.59;12.18;11.85;11.58;11.34;11.14;10.93;10.64;10.37;10.11;9.87;9.64;9.44;9.26;9.09;8.93;8.80;8.67;8.56;8.47;8.38;8.30;8.24;8.18;8.13;8.08;8.04;8.01;7.97;7.95;7.92;7.90;7.88;7.86;7.85;7.84;7.83;7.82;7.81;7.81;7.82;7.82;7.84;7.86;7.88;7.92;7.96;8.01;8.08;8.15;8.24;8.34;8.45;8.57;8.71;8.87;9.04;9.23;9.43;9.65;9.89;10.15;10.42;10.71;11.01;11.33;11.66;12.00;12.35;12.71;13.06;13.39;13.72;14.04;14.37;14.70;15.03;15.36;15.68;15.99;16.27;16.52;16.70;16.81;16.83;16.76;;;;;;;;;;;;;;;;;;;;;;;;;;;;;;
-3.000;;;;;;;;;;;;;;;;;;;20.76;19.40;18.15;16.98;15.92;14.97;14.18;13.50;12.94;12.48;12.11;11.79;11.54;11.33;11.15;10.94;10.66;10.40;10.15;9.92;9.70;9.51;9.33;9.16;9.01;8.88;8.76;8.65;8.56;8.48;8.40;8.34;8.28;8.23;8.19;8.15;8.12;8.10;8.07;8.05;8.04;8.03;8.02;8.01;8.01;8.01;8.01;8.02;8.04;8.06;8.08;8.11;8.15;8.19;8.25;8.31;8.39;8.48;8.57;8.69;8.81;8.95;9.11;9.28;9.47;9.67;9.89;10.13;10.39;10.66;10.95;11.26;11.58;11.92;12.27;12.62;12.98;13.34;13.66;13.98;14.29;14.61;14.92;15.23;15.54;15.85;16.14;16.41;16.64;16.83;16.93;16.95;16.88;;;;;;;;;;;;;;;;;;;;;;;;;;;;;;;
-3.100;;;;;;;;;;;;;;;;;;;;20.65;19.23;17.95;16.77;15.70;14.78;14.00;13.36;12.83;12.40;12.04;11.76;11.52;11.33;11.16;10.97;10.70;10.45;10.21;9.98;9.77;9.58;9.41;9.25;9.11;8.98;8.86;8.76;8.66;8.58;8.51;8.45;8.40;8.35;8.32;8.29;8.26;8.24;8.22;8.21;8.21;8.20;8.21;8.21;8.22;8.24;8.25;8.28;8.31;8.34;8.39;8.44;8.50;8.56;8.64;8.73;8.83;8.95;9.07;9.21;9.37;9.54;9.73;9.94;10.16;10.40;10.66;10.94;11.23;11.54;11.87;12.21;12.56;12.92;13.29;13.65;13.97;14.27;14.58;14.87;15.17;15.46;15.75;16.04;16.32;16.57;16.80;16.97;17.07;17.08;17.01;16.85;;;;;;;;;;;;;;;;;;;;;;;;;;;;;;;
-3.200;;;;;;;;;;;;;;;;;;;;;20.54;19.08;17.77;16.58;15.52;14.62;13.87;13.25;12.75;12.34;12.01;11.74;11.53;11.35;11.19;11.01;10.76;10.51;10.28;10.07;9.87;9.68;9.51;9.35;9.21;9.09;8.98;8.88;8.79;8.71;8.65;8.59;8.54;8.50;8.47;8.45;8.43;8.42;8.41;8.41;8.41;8.42;8.44;8.46;8.48;8.51;8.55;8.59;8.64;8.70;8.76;8.83;8.92;9.01;9.11;9.23;9.36;9.51;9.67;9.84;10.03;10.24;10.46;10.71;10.97;11.25;11.55;11.86;12.19;12.54;12.90;13.26;13.63;13.99;14.30;14.59;14.88;15.16;15.44;15.72;15.99;16.26;16.51;16.75;16.96;17.12;17.21;17.22;17.14;16.98;;;;;;;;;;;;;;;;;;;;;;;;;;;;;;;;
-3.300;;;;;;;;;;;;;;;;;;;;;;20.40;18.92;17.60;16.40;15.36;14.49;13.77;13.18;12.70;12.31;12.00;11.75;11.55;11.38;11.23;11.07;10.83;10.60;10.38;10.17;9.97;9.79;9.62;9.48;9.34;9.22;9.11;9.01;8.93;8.86;8.80;8.75;8.71;8.67;8.65;8.63;8.63;8.62;8.63;8.64;8.66;8.68;8.71;8.75;8.79;8.84;8.90;8.96;9.03;9.11;9.20;9.30;9.41;9.53;9.67;9.82;9.98;10.16;10.35;10.57;10.80;11.04;11.31;11.59;11.89;12.21;12.55;12.90;13.26;13.63;14.00;14.35;14.64;14.93;15.20;15.47;15.73;15.99;16.24;16.49;16.72;16.94;17.14;17.28;17.37;17.37;17.28;17.11;;;;;;;;;;;;;;;;;;;;;;;;;;;;;;;;;
-3.400;;;;;;;;;;;;;;;;;;;;;;22.02;20.30;18.80;17.47;16.28;15.27;14.41;13.72;13.14;12.69;12.32;12.02;11.78;11.59;11.43;11.29;11.14;10.93;10.71;10.49;10.29;10.10;9.92;9.76;9.62;9.49;9.37;9.27;9.18;9.10;9.03;8.98;8.94;8.90;8.88;8.87;8.86;8.86;8.87;8.89;8.92;8.95;9.00;9.04;9.10;9.16;9.23;9.31;9.40;9.50;9.61;9.73;9.86;10.00;10.16;10.32;10.51;10.71;10.93;11.16;11.41;11.68;11.97;12.27;12.60;12.93;13.29;13.65;14.02;14.39;14.71;14.99;15.26;15.51;15.76;16.01;16.25;16.48;16.71;16.92;17.13;17.30;17.43;17.50;17.49;17.39;17.22;;;;;;;;;;;;;;;;;;;;;;;;;;;;;;;;;;
-3.500;;;;;;;;;;;;;;;;;;;;;;;21.93;20.18;18.69;17.36;16.19;15.19;14.37;13.69;13.14;12.70;12.35;12.06;11.84;11.65;11.50;11.36;11.23;11.05;10.83;10.62;10.43;10.24;10.07;9.92;9.78;9.65;9.54;9.45;9.36;9.29;9.23;9.19;9.16;9.13;9.12;9.12;9.13;9.14;9.17;9.21;9.25;9.30;9.37;9.44;9.51;9.60;9.70;9.81;9.92;10.05;10.19;10.34;10.50;10.68;10.87;11.08;11.30;11.54;11.80;12.07;12.37;12.68;13.00;13.34;13.70;14.06;14.43;14.79;15.07;15.33;15.58;15.82;16.05;16.27;16.49;16.71;16.91;17.11;17.30;17.45;17.57;17.63;17.60;17.50;17.30;17.03;;;;;;;;;;;;;;;;;;;;;;;;;;;;;;;;;;
-3.600;;;;;;;;;;;;;;;;;;;;;;;;21.90;20.15;18.64;17.32;16.16;15.19;14.38;13.72;13.18;12.76;12.41;12.14;11.92;11.74;11.58;11.45;11.33;11.17;10.98;10.78;10.59;10.41;10.25;10.10;9.97;9.85;9.75;9.66;9.58;9.52;9.47;9.44;9.42;9.41;9.41;9.42;9.45;9.48;9.53;9.58;9.65;9.72;9.81;9.90;10.01;10.12;10.25;10.39;10.54;10.70;10.87;11.06;11.26;11.47;11.70;11.95;12.21;12.49;12.79;13.10;13.43;13.77;14.12;14.48;14.84;15.14;15.39;15.63;15.86;16.07;16.29;16.49;16.69;16.89;17.08;17.26;17.42;17.56;17.66;17.70;17.67;17.54;17.34;17.06;;;;;;;;;;;;;;;;;;;;;;;;;;;;;;;;;;;
-3.700;;;;;;;;;;;;;;;;;;;;;;;;;21.88;20.11;18.63;17.31;16.18;15.22;14.43;13.78;13.27;12.84;12.51;12.24;12.02;11.84;11.69;11.56;11.44;11.32;11.16;10.96;10.78;10.61;10.45;10.31;10.19;10.08;9.98;9.90;9.84;9.79;9.75;9.73;9.72;9.73;9.74;9.78;9.82;9.87;9.94;10.02;10.11;10.21;10.32;10.45;10.58;10.73;10.89;11.06;11.24;11.44;11.65;11.87;12.11;12.37;12.64;12.92;13.22;13.53;13.86;14.20;14.55;14.90;15.22;15.46;15.68;15.89;16.10;16.29;16.48;16.67;16.85;17.03;17.20;17.37;17.51;17.64;17.72;17.75;17.70;17.56;17.34;17.05;;;;;;;;;;;;;;;;;;;;;;;;;;;;;;;;;;;;
-3.800;;;;;;;;;;;;;;;;;;;;;;;;;;21.95;20.20;18.70;17.41;16.27;15.34;14.55;13.92;13.40;12.99;12.65;12.39;12.17;11.99;11.84;11.71;11.58;11.47;11.33;11.18;11.00;10.84;10.70;10.56;10.45;10.35;10.26;10.19;10.14;10.10;10.08;10.07;10.08;10.11;10.14;10.20;10.26;10.34;10.43;10.53;10.65;10.78;10.92;11.08;11.25;11.43;11.62;11.83;12.05;12.28;12.53;12.79;13.06;13.35;13.65;13.96;14.29;14.62;14.95;15.25;15.49;15.69;15.89;16.08;16.26;16.44;16.61;16.77;16.94;17.10;17.26;17.40;17.53;17.64;17.71;17.71;17.65;17.49;17.26;16.96;;;;;;;;;;;;;;;;;;;;;;;;;;;;;;;;;;;;;
-3.900;;;;;;;;;;;;;;;;;;;;;;;;;;;22.06;20.29;18.83;17.53;16.42;15.48;14.72;14.08;13.58;13.16;12.83;12.56;12.34;12.16;12.01;11.88;11.76;11.64;11.53;11.41;11.26;11.11;10.97;10.85;10.74;10.66;10.58;10.53;10.49;10.47;10.46;10.47;10.50;10.55;10.61;10.68;10.77;10.87;10.99;11.13;11.27;11.44;11.61;11.80;12.00;12.22;12.44;12.68;12.94;13.20;13.48;13.77;14.07;14.38;14.69;15.02;15.30;15.50;15.69;15.87;16.04;16.20;16.36;16.52;16.67;16.82;16.97;17.11;17.25;17.39;17.50;17.59;17.64;17.63;17.54;17.38;17.13;16.83;;;;;;;;;;;;;;;;;;;;;;;;;;;;;;;;;;;;;;
-4.000;;;;;;;;;;;;;;;;;;;;;;;;;;;;22.29;20.53;19.04;17.77;16.66;15.73;14.96;14.33;13.82;13.40;13.07;12.80;12.57;12.39;12.23;12.10;11.98;11.86;11.75;11.65;11.54;11.42;11.30;11.19;11.10;11.02;10.96;10.92;10.90;10.90;10.91;10.94;10.99;11.06;11.14;11.24;11.36;11.49;11.64;11.80;11.98;12.17;12.38;12.60;12.83;13.08;13.33;13.60;13.88;14.16;14.46;14.75;15.02;15.27;15.46;15.63;15.79;15.95;16.10;16.24;16.38;16.52;16.65;16.78;16.92;17.05;17.18;17.29;17.39;17.46;17.49;17.46;17.35;17.17;16.92;16.60;;;;;;;;;;;;;;;;;;;;;;;;;;;;;;;;;;;;;;;
-4.100;;;;;;;;;;;;;;;;;;;;;;;;;;;;;22.59;20.79;19.33;18.05;16.96;16.03;15.26;14.62;14.11;13.69;13.35;13.07;12.84;12.66;12.50;12.36;12.24;12.13;12.02;11.93;11.83;11.74;11.66;11.58;11.50;11.44;11.40;11.38;11.37;11.39;11.42;11.48;11.55;11.64;11.75;11.88;12.02;12.18;12.36;12.55;12.76;12.98;13.21;13.45;13.71;13.97;14.24;14.52;14.80;15.01;15.20;15.38;15.54;15.69;15.83;15.97;16.10;16.22;16.34;16.46;16.58;16.70;16.82;16.94;17.05;17.15;17.24;17.29;17.30;17.25;17.11;16.91;16.64;;;;;;;;;;;;;;;;;;;;;;;;;;;;;;;;;;;;;;;;;
-4.200;;;;;;;;;;;;;;;;;;;;;;;;;;;;;;23.02;21.23;19.72;18.47;17.36;16.44;15.66;15.02;14.49;14.06;13.71;13.42;13.18;12.99;12.83;12.69;12.56;12.46;12.36;12.27;12.19;12.11;12.05;11.99;11.95;11.92;11.90;11.90;11.92;11.95;12.01;12.09;12.18;12.30;12.43;12.58;12.75;12.94;13.13;13.35;13.57;13.81;14.04;14.27;14.50;14.72;14.91;15.09;15.25;15.41;15.55;15.68;15.81;15.92;16.04;16.14;16.25;16.35;16.46;16.57;16.67;16.78;16.88;16.96;17.02;17.05;17.03;16.95;16.79;16.57;16.30;;;;;;;;;;;;;;;;;;;;;;;;;;;;;;;;;;;;;;;;;;
-4.300;;;;;;;;;;;;;;;;;;;;;;;;;;;;;;;23.57;21.71;20.22;18.94;17.86;16.91;16.13;15.47;14.93;14.49;14.13;13.83;13.59;13.38;13.22;13.07;12.95;12.84;12.75;12.67;12.60;12.54;12.49;12.45;12.43;12.42;12.43;12.46;12.50;12.56;12.64;12.74;12.86;13.00;13.15;13.31;13.49;13.67;13.86;14.06;14.25;14.44;14.63;14.80;14.97;15.13;15.27;15.41;15.53;15.65;15.76;15.86;15.95;16.05;16.14;16.23;16.33;16.42;16.51;16.60;16.68;16.75;16.79;16.79;16.74;16.62;16.43;16.20;15.91;;;;;;;;;;;;;;;;;;;;;;;;;;;;;;;;;;;;;;;;;;;
-4.400;;;;;;;;;;;;;;;;;;;;;;;;;;;;;;;;;22.40;20.84;19.57;18.46;17.52;16.71;16.04;15.48;15.02;14.64;14.33;14.08;13.87;13.69;13.54;13.42;13.31;13.22;13.15;13.09;13.04;13.00;12.98;12.97;12.98;13.00;13.04;13.10;13.18;13.27;13.37;13.49;13.63;13.77;13.93;14.09;14.25;14.42;14.58;14.74;14.89;15.03;15.17;15.29;15.41;15.52;15.62;15.71;15.79;15.88;15.96;16.04;16.12;16.20;16.28;16.36;16.43;16.49;16.52;16.53;16.49;16.40;16.24;16.03;15.78;;;;;;;;;;;;;;;;;;;;;;;;;;;;;;;;;;;;;;;;;;;;;
-4.500;;;;;;;;;;;;;;;;;;;;;;;;;;;;;;;;;;23.17;21.60;20.27;19.17;18.21;17.39;16.70;16.12;15.64;15.25;14.92;14.65;14.43;14.24;14.09;13.97;13.86;13.77;13.70;13.65;13.61;13.58;13.57;13.57;13.59;13.62;13.67;13.73;13.81;13.90;14.01;14.12;14.24;14.37;14.50;14.63;14.77;14.90;15.02;15.14;15.25;15.36;15.45;15.54;15.62;15.70;15.77;15.84;15.91;15.98;16.05;16.11;16.17;16.23;16.28;16.31;16.32;16.28;16.20;16.05;15.86;15.62;15.35;;;;;;;;;;;;;;;;;;;;;;;;;;;;;;;;;;;;;;;;;;;;;;
-4.600;;;;;;;;;;;;;;;;;;;;;;;;;;;;;;;;;;;;22.54;21.18;20.03;19.06;18.22;17.51;16.90;16.40;15.98;15.63;15.35;15.11;14.91;14.75;14.62;14.51;14.43;14.36;14.31;14.27;14.25;14.24;14.25;14.27;14.30;14.35;14.41;14.48;14.56;14.65;14.75;14.85;14.95;15.05;15.15;15.25;15.34;15.43;15.51;15.59;15.66;15.72;15.78;15.84;15.89;15.95;16.00;16.05;16.09;16.13;16.16;16.17;16.16;16.12;16.03;15.89;15.70;15.47;15.20;;;;;;;;;;;;;;;;;;;;;;;;;;;;;;;;;;;;;;;;;;;;;;;;
-4.700;;;;;;;;;;;;;;;;;;;;;;;;;;;;;;;;;;;;;23.68;22.22;21.04;20.03;19.18;18.44;17.81;17.28;16.84;16.47;16.16;15.91;15.70;15.53;15.39;15.27;15.18;15.11;15.06;15.02;15.00;14.99;15.00;15.02;15.04;15.08;15.13;15.19;15.25;15.32;15.39;15.46;15.53;15.60;15.67;15.73;15.79;15.84;15.89;15.94;15.98;16.02;16.06;16.09;16.12;16.14;16.16;16.17;16.16;16.13;16.06;15.96;15.80;15.60;15.36;15.10;14.81;;;;;;;;;;;;;;;;;;;;;;;;;;;;;;;;;;;;;;;;;;;;;;;;;
-4.800;;;;;;;;;;;;;;;;;;;;;;;;;;;;;;;;;;;;;;;23.56;22.28;21.22;20.32;19.56;18.90;18.35;17.88;17.48;17.15;16.88;16.65;16.46;16.31;16.19;16.09;16.01;15.95;15.91;15.88;15.87;15.86;15.87;15.89;15.91;15.94;15.98;16.02;16.06;16.10;16.14;16.18;16.22;16.25;16.28;16.31;16.33;16.35;16.36;16.37;16.38;16.38;16.36;16.34;16.30;16.23;16.14;16.00;15.82;15.59;15.34;15.06;14.77;;;;;;;;;;;;;;;;;;;;;;;;;;;;;;;;;;;;;;;;;;;;;;;;;;;
-4.900;;;;;;;;;;;;;;;;;;;;;;;;;;;;;;;;;;;;;;;;;23.77;22.63;21.68;20.87;20.19;19.60;19.10;18.68;18.32;18.03;17.78;17.58;17.41;17.27;17.16;17.07;17.00;16.95;16.91;16.88;16.86;16.86;16.85;16.86;16.87;16.88;16.89;16.90;16.91;16.92;16.93;16.93;16.92;16.92;16.91;16.89;16.87;16.83;16.78;16.72;16.64;16.53;16.39;16.20;15.97;15.72;15.44;15.14;14.82;;;;;;;;;;;;;;;;;;;;;;;;;;;;;;;;;;;;;;;;;;;;;;;;;;;;;
-5.000;;;;;;;;;;;;;;;;;;;;;;;;;;;;;;;;;;;;;;;;;;;24.41;23.37;22.50;21.76;21.13;20.60;20.15;19.76;19.44;19.17;18.94;18.76;18.60;18.47;18.37;18.28;18.21;18.16;18.11;18.08;18.05;18.02;18.00;17.98;17.96;17.94;17.91;17.88;17.85;17.81;17.76;17.70;17.64;17.56;17.46;17.35;17.20;17.03;16.82;16.58;16.30;16.01;15.69;15.35;15.00;;;;;;;;;;;;;;;;;;;;;;;;;;;;;;;;;;;;;;;;;;;;;;;;;;;;;;;
-5.100;;;;;;;;;;;;;;;;;;;;;;;;;;;;;;;;;;;;;;;;;;;;;;24.48;23.68;22.99;22.41;21.92;21.51;21.16;20.86;20.61;20.40;20.23;20.08;19.95;19.85;19.76;19.68;19.61;19.54;19.48;19.42;19.36;19.30;19.23;19.16;19.08;18.99;18.88;18.76;18.62;18.46;18.27;18.05;17.79;17.51;17.20;16.86;16.51;16.14;15.75;;;;;;;;;;;;;;;;;;;;;;;;;;;;;;;;;;;;;;;;;;;;;;;;;;;;;;;;;;
-5.200;;;;;;;;;;;;;;;;;;;;;;;;;;;;;;;;;;;;;;;;;;;;;;;;;25.37;24.72;24.17;23.70;23.31;22.98;22.70;22.46;22.25;22.07;21.92;21.78;21.66;21.54;21.43;21.32;21.20;21.08;20.95;20.81;20.65;20.47;20.28;20.05;19.80;19.52;19.21;18.87;18.51;18.12;17.71;17.29;16.85;;;;;;;;;;;;;;;;;;;;;;;;;;;;;;;;;;;;;;;;;;;;;;;;;;;;;;;;;;;;;
-5.300;;;;;;;;;;;;;;;;;;;;;;;;;;;;;;;;;;;;;;;;;;;;;;;;;;;;27.03;26.49;26.04;25.64;25.30;25.01;24.75;24.52;24.30;24.10;23.91;23.72;23.52;23.31;23.08;22.84;22.58;22.29;21.97;21.62;21.24;20.84;20.40;19.95;19.47;18.96;;;;;;;;;;;;;;;;;;;;;;;;;;;;;;;;;;;;;;;;;;;;;;;;;;;;;;;;;;;;;;;;;
-5.400;;;;;;;;;;;;;;;;;;;;;;;;;;;;;;;;;;;;;;;;;;;;;;;;;;;;;;;;;;28.33;27.97;27.63;27.30;26.97;26.64;26.29;25.93;25.55;25.14;24.70;24.23;23.73;23.19;22.63;;;;;;;;;;;;;;;;;;;;;;;;;;;;;;;;;;;;;;;;;;;;;;;;;;;;;;;;;;;;;;;;;;;;;;
-5.500;;;;;;;;;;;;;;;;;;;;;;;;;;;;;;;;;;;;;;;;;;;;;;;;;;;;;;;;;;;;;;;;;;;;;;;;;;;;;;;;;;;;;;;;;;;;;;;;;;;;;;;;;;;;;;;;;;;;;;;;;;;;;;;;;;;;;;;;;;;;;;
-5.600;;;;;;;;;;;;;;;;;;;;;;;;;;;;;;;;;;;;;;;;;;;;;;;;;;;;;;;;;;;;;;;;;;;;;;;;;;;;;;;;;;;;;;;;;;;;;;;;;;;;;;;;;;;;;;;;;;;;;;;;;;;;;;;;;;;;;;;;;;;;;;
-5.700;;;;;;;;;;;;;;;;;;;;;;;;;;;;;;;;;;;;;;;;;;;;;;;;;;;;;;;;;;;;;;;;;;;;;;;;;;;;;;;;;;;;;;;;;;;;;;;;;;;;;;;;;;;;;;;;;;;;;;;;;;;;;;;;;;;;;;;;;;;;;;
-5.800;;;;;;;;;;;;;;;;;;;;;;;;;;;;;;;;;;;;;;;;;;;;;;;;;;;;;;;;;;;;;;;;;;;;;;;;;;;;;;;;;;;;;;;;;;;;;;;;;;;;;;;;;;;;;;;;;;;;;;;;;;;;;;;;;;;;;;;;;;;;;;
-5.900;;;;;;;;;;;;;;;;;;;;;;;;;;;;;;;;;;;;;;;;;;;;;;;;;;;;;;;;;;;;;;;;;;;;;;;;;;;;;;;;;;;;;;;;;;;;;;;;;;;;;;;;;;;;;;;;;;;;;;;;;;;;;;;;;;;;;;;;;;;;;;
-6.000;;;;;;;;;;;;;;;;;;;;;;;;;;;;;;;;;;;;;;;;;;;;;;;;;;;;;;;;;;;;;;;;;;;;;;;;;;;;;;;;;;;;;;;;;;;;;;;;;;;;;;;;;;;;;;;;;;;;;;;;;;;;;;;;;;;;;;;;;;;;;;
-6.100;;;;;;;;;;;;;;;;;;;;;;;;;;;;;;;;;;;;;;;;;;;;;;;;;;;;;;;;;;;;;;;;;;;;;;;;;;;;;;;;;;;;;;;;;;;;;;;;;;;;;;;;;;;;;;;;;;;;;;;;;;;;;;;;;;;;;;;;;;;;;;
-6.200;;;;;;;;;;;;;;;;;;;;;;;;;;;;;;;;;;;;;;;;;;;;;;;;;;;;;;;;;;;;;;;;;;;;;;;;;;;;;;;;;;;;;;;;;;;;;;;;;;;;;;;;;;;;;;;;;;;;;;;;;;;;;;;;;;;;;;;;;;;;;;
-6.300;;;;;;;;;;;;;;;;;;;;;;;;;;;;;;;;;;;;;;;;;;;;;;;;;;;;;;;;;;;;;;;;;;;;;;;;;;;;;;;;;;;;;;;;;;;;;;;;;;;;;;;;;;;;;;;;;;;;;;;;;;;;;;;;;;;;;;;;;;;;;;
-6.400;;;;;;;;;;;;;;;;;;;;;;;;;;;;;;;;;;;;;;;;;;;;;;;;;;;;;;;;;;;;;;;;;;;;;;;;;;;;;;;;;;;;;;;;;;;;;;;;;;;;;;;;;;;;;;;;;;;;;;;;;;;;;;;;;;;;;;;;;;;;;;
-6.500;;;;;;;;;;;;;;;;;;;;;;;;;;;;;;;;;;;;;;;;;;;;;;;;;;;;;;;;;;;;;;;;;;;;;;;;;;;;;;;;;;;;;;;;;;;;;;;;;;;;;;;;;;;;;;;;;;;;;;;;;;;;;;;;;;;;;;;;;;;;;;
-6.600;;;;;;;;;;;;;;;;;;;;;;;;;;;;;;;;;;;;;;;;;;;;;;;;;;;;;;;;;;;;;;;;;;;;;;;;;;;;;;;;;;;;;;;;;;;;;;;;;;;;;;;;;;;;;;;;;;;;;;;;;;;;;;;;;;;;;;;;;;;;;;
-6.700;;;;;;;;;;;;;;;;;;;;;;;;;;;;;;;;;;;;;;;;;;;;;;;;;;;;;;;;;;;;;;;;;;;;;;;;;;;;;;;;;;;;;;;;;;;;;;;;;;;;;;;;;;;;;;;;;;;;;;;;;;;;;;;;;;;;;;;;;;;;;;
-6.800;;;;;;;;;;;;;;;;;;;;;;;;;;;;;;;;;;;;;;;;;;;;;;;;;;;;;;;;;;;;;;;;;;;;;;;;;;;;;;;;;;;;;;;;;;;;;;;;;;;;;;;;;;;;;;;;;;;;;;;;;;;;;;;;;;;;;;;;;;;;;;
-6.900;;;;;;;;;;;;;;;;;;;;;;;;;;;;;;;;;;;;;;;;;;;;;;;;;;;;;;;;;;;;;;;;;;;;;;;;;;;;;;;;;;;;;;;;;;;;;;;;;;;;;;;;;;;;;;;;;;;;;;;;;;;;;;;;;;;;;;;;;;;;;;
-7.000;;;;;;;;;;;;;;;;;;;;;;;;;;;;;;;;;;;;;;;;;;;;;;;;;;;;;;;;;;;;;;;;;;;;;;;;;;;;;;;;;;;;;;;;;;;;;;;;;;;;;;;;;;;;;;;;;;;;;;;;;;;;;;;;;;;;;;;;;;;;;;
TANGENTIAL BACK;-7.000;-6.900;-6.800;-6.700;-6.600;-6.500;-6.400;-6.300;-6.200;-6.100;-6.000;-5.900;-5.800;-5.700;-5.600;-5.500;-5.400;-5.300;-5.200;-5.100;-5.000;-4.900;-4.800;-4.700;-4.600;-4.500;-4.400;-4.300;-4.200;-4.100;-4.000;-3.900;-3.800;-3.700;-3.600;-3.500;-3.400;-3.300;-3.200;-3.100;-3.000;-2.900;-2.800;-2.700;-2.600;-2.500;-2.400;-2.300;-2.200;-2.100;-2.000;-1.900;-1.800;-1.700;-1.600;-1.500;-1.400;-1.300;-1.200;-1.100;-1.000;-0.900;-0.800;-0.700;-0.600;-0.500;-0.400;-0.300;-0.200;-0.100;0.000;0.100;0.200;0.300;0.400;0.500;0.600;0.700;0.800;0.900;1.000;1.100;1.200;1.300;1.400;1.500;1.600;1.700;1.800;1.900;2.000;2.100;2.200;2.300;2.400;2.500;2.600;2.700;2.800;2.900;3.000;3.100;3.200;3.300;3.400;3.500;3.600;3.700;3.800;3.900;4.000;4.100;4.200;4.300;4.400;4.500;4.600;4.700;4.800;4.900;5.000;5.100;5.200;5.300;5.400;5.500;5.600;5.700;5.800;5.900;6.000;6.100;6.200;6.300;6.400;6.500;6.600;6.700;6.800;6.900;7.000;
7.000;;;;;;;;;;;;;;;;;;;;;;;;;;;;;;;;;;;;;;;;;;;;;;;;;;;;;;;;;;;;;;;;;;;;;;;;;;;;;;;;;;;;;;;;;;;;;;;;;;;;;;;;;;;;;;;;;;;;;;;;;;;;;;;;;;;;;;;;;;;;;;
6.900;;;;;;;;;;;;;;;;;;;;;;;;;;;;;;;;;;;;;;;;;;;;;;;;;;;;;;;;;;;;;;;;;;;;;;;;;;;;;;;;;;;;;;;;;;;;;;;;;;;;;;;;;;;;;;;;;;;;;;;;;;;;;;;;;;;;;;;;;;;;;;
6.800;;;;;;;;;;;;;;;;;;;;;;;;;;;;;;;;;;;;;;;;;;;;;;;;;;;;;;;;;;;;;;;;;;;;;;;;;;;;;;;;;;;;;;;;;;;;;;;;;;;;;;;;;;;;;;;;;;;;;;;;;;;;;;;;;;;;;;;;;;;;;;
6.700;;;;;;;;;;;;;;;;;;;;;;;;;;;;;;;;;;;;;;;;;;;;;;;;;;;;;;;;;;;;;;;;;;;;;;;;;;;;;;;;;;;;;;;;;;;;;;;;;;;;;;;;;;;;;;;;;;;;;;;;;;;;;;;;;;;;;;;;;;;;;;
6.600;;;;;;;;;;;;;;;;;;;;;;;;;;;;;;;;;;;;;;;;;;;;;;;;;;;;;;;;;;;;;;;;;;;;;;;;;;;;;;;;;;;;;;;;;;;;;;;;;;;;;;;;;;;;;;;;;;;;;;;;;;;;;;;;;;;;;;;;;;;;;;
6.500;;;;;;;;;;;;;;;;;;;;;;;;;;;;;;;;;;;;;;;;;;;;;;;;;;;;;;;;;;;;;;;;;;;;;;;;;;;;;;;;;;;;;;;;;;;;;;;;;;;;;;;;;;;;;;;;;;;;;;;;;;;;;;;;;;;;;;;;;;;;;;
6.400;;;;;;;;;;;;;;;;;;;;;;;;;;;;;;;;;;;;;;;;;;;;;;;;;;;;;;;;;;;;;;;;;;;;;;;;;;;;;;;;;;;;;;;;;;;;;;;;;;;;;;;;;;;;;;;;;;;;;;;;;;;;;;;;;;;;;;;;;;;;;;
6.300;;;;;;;;;;;;;;;;;;;;;;;;;;;;;;;;;;;;;;;;;;;;;;;;;;;;;;;;;;;;;;;;;;;;;;;;;;;;;;;;;;;;;;;;;;;;;;;;;;;;;;;;;;;;;;;;;;;;;;;;;;;;;;;;;;;;;;;;;;;;;;
6.200;;;;;;;;;;;;;;;;;;;;;;;;;;;;;;;;;;;;;;;;;;;;;;;;;;;;;;;;;;;;;;;;;;;;;;;;;;;;;;;;;;;;;;;;;;;;;;;;;;;;;;;;;;;;;;;;;;;;;;;;;;;;;;;;;;;;;;;;;;;;;;
6.100;;;;;;;;;;;;;;;;;;;;;;;;;;;;;;;;;;;;;;;;;;;;;;;;;;;;;;;;;;;;;;;;;;;;;;;;;;;;;;;;;;;;;;;;;;;;;;;;;;;;;;;;;;;;;;;;;;;;;;;;;;;;;;;;;;;;;;;;;;;;;;
6.000;;;;;;;;;;;;;;;;;;;;;;;;;;;;;;;;;;;;;;;;;;;;;;;;;;;;;;;;;;;;;;;;;;;;;;;;;;;;;;;;;;;;;;;;;;;;;;;;;;;;;;;;;;;;;;;;;;;;;;;;;;;;;;;;;;;;;;;;;;;;;;
5.900;;;;;;;;;;;;;;;;;;;;;;;;;;;;;;;;;;;;;;;;;;;;;;;;;;;;;;;;;;;;;;;;;;;;;;;;;;;;;;;;;;;;;;;;;;;;;;;;;;;;;;;;;;;;;;;;;;;;;;;;;;;;;;;;;;;;;;;;;;;;;;
5.800;;;;;;;;;;;;;;;;;;;;;;;;;;;;;;;;;;;;;;;;;;;;;;;;;;;;;;;;;;;;;;;;;;;;;;;;;;;;;;;;;;;;;;;;;;;;;;;;;;;;;;;;;;;;;;;;;;;;;;;;;;;;;;;;;;;;;;;;;;;;;;
5.700;;;;;;;;;;;;;;;;;;;;;;;;;;;;;;;;;;;;;;;;;;;;;;;;;;;;;;;;;;;;;;;;;;;;;;;;;;;;;;;;;;;;;;;;;;;;;;;;;;;;;;;;;;;;;;;;;;;;;;;;;;;;;;;;;;;;;;;;;;;;;;
5.600;;;;;;;;;;;;;;;;;;;;;;;;;;;;;;;;;;;;;;;;;;;;;;;;;;;;;;;;;;;;;;;;;;;;;;;;;;;;;;;;;;;;;;;;;;;;;;;;;;;;;;;;;;;;;;;;;;;;;;;;;;;;;;;;;;;;;;;;;;;;;;
5.500;;;;;;;;;;;;;;;;;;;;;;;;;;;;;;;;;;;;;;;;;;;;;;;;;;;;;;;;;;;;;;;;;;;;;;;;;;;;;;;;;;;;;;;;;;;;;;;;;;;;;;;;;;;;;;;;;;;;;;;;;;;;;;;;;;;;;;;;;;;;;;
5.400;;;;;;;;;;;;;;;;;;;;;;;;;;;;;;;;;;;;;;;;;;;;;;;;;;;;;;;;;;;;;;;;;;;;;;;;;;;;;;;;;;;;;;;;;;;;;;;;;;;;;;;;;;;;;;;;;;;;;;;;;;;;;;;;;;;;;;;;;;;;;;
5.300;;;;;;;;;;;;;;;;;;;;;;;;;;;;;;;;;;;;;;;;;;;;;;;;;;;;;;;;;;;;;;;;;;;;;;;;;;;;;;;;;;;;;;;;;;;;;;;;;;;;;;;;;;;;;;;;;;;;;;;;;;;;;;;;;;;;;;;;;;;;;;
5.200;;;;;;;;;;;;;;;;;;;;;;;;;;;;;;;;;;;;;;;;;;;;;;;;;;;;;;;;;;;;;;;;;;;;;;;;;;;;;;;;;;;;;;;;;;;;;;;;;;;;;;;;;;;;;;;;;;;;;;;;;;;;;;;;;;;;;;;;;;;;;;
5.100;;;;;;;;;;;;;;;;;;;;;;;;;;;;;;;;;;;;;;;;;;;;;;;;;;;;;;;;;;;;;;;;;;;;;;;;;;;;;;;;;;;;;;;;;;;;;;;;;;;;;;;;;;;;;;;;;;;;;;;;;;;;;;;;;;;;;;;;;;;;;;
5.000;;;;;;;;;;;;;;;;;;;;;;;;;;;;;;;;;;;;;;;;;;;;;;;;;;;;;;;;;;;;;;;;;;;;;;;;;;;;;;;;;;;;;;;;;;;;;;;;;;;;;;;;;;;;;;;;;;;;;;;;;;;;;;;;;;;;;;;;;;;;;;
4.900;;;;;;;;;;;;;;;;;;;;;;;;;;;;;;;;;;;;;;;;;;;;;;;;;;;;;;;;;;;;;;;;;;;;;;;;;;;;;;;;;;;;;;;;;;;;;;;;;;;;;;;;;;;;;;;;;;;;;;;;;;;;;;;;;;;;;;;;;;;;;;
4.800;;;;;;;;;;;;;;;;;;;;;;;;;;;;;;;;;;;;;;;;;;;;;;;;;;;;;;;;;;;;;;;;;;;;;;;;;;;;;;;;;;;;;;;;;;;;;;;;;;;;;;;;;;;;;;;;;;;;;;;;;;;;;;;;;;;;;;;;;;;;;;
4.700;;;;;;;;;;;;;;;;;;;;;;;;;;;;;;;;;;;;;;;;;;;;;;;;;;;;;;;;;;;;;;14.43;14.11;13.82;13.54;13.29;13.07;12.87;12.70;12.55;12.41;;;;;;;;;;;;;;;;;;;;;;;;;;;;;;;;;;;;;;;;;;;;;;;;;;;;;;;;;;;;;;;;;;;;;;;
4.600;;;;;;;;;;;;;;;;;;;;;;;;;;;;;;;;;;;;;;;;;;;;;;;;;;;;;;;;14.69;14.42;14.12;13.80;13.48;13.15;12.84;12.54;12.26;12.01;11.78;11.58;11.40;11.24;11.11;10.99;10.89;10.79;10.71;10.63;10.56;10.49;;;;;;;;;;;;;;;;;;;;;;;;;;;;;;;;;;;;;;;;;;;;;;;;;;;;;;;;;;;;;;;;;
4.500;;;;;;;;;;;;;;;;;;;;;;;;;;;;;;;;;;;;;;;;;;;;;;;;;;;;13.99;13.89;13.74;13.54;13.30;13.03;12.74;12.43;12.12;11.82;11.54;11.26;11.02;10.79;10.58;10.40;10.25;10.11;9.99;9.89;9.80;9.72;9.66;9.60;9.54;9.48;9.42;9.37;9.31;9.26;;;;;;;;;;;;;;;;;;;;;;;;;;;;;;;;;;;;;;;;;;;;;;;;;;;;;;;;;;;;;
4.400;;;;;;;;;;;;;;;;;;;;;;;;;;;;;;;;;;;;;;;;;;;;;;;;;12.95;12.93;12.89;12.82;12.70;12.55;12.35;12.12;11.86;11.59;11.31;11.03;10.75;10.49;10.25;10.03;9.82;9.65;9.49;9.35;9.23;9.13;9.05;8.98;8.91;8.86;8.81;8.77;8.73;8.68;8.64;8.59;8.55;8.50;8.46;8.43;;;;;;;;;;;;;;;;;;;;;;;;;;;;;;;;;;;;;;;;;;;;;;;;;;;;;;;;;;
4.300;;;;;;;;;;;;;;;;;;;;;;;;;;;;;;;;;;;;;;;;;;;;;;12.02;11.97;11.95;11.93;11.90;11.86;11.78;11.66;11.51;11.32;11.11;10.87;10.62;10.36;10.11;9.86;9.63;9.41;9.21;9.03;8.88;8.74;8.62;8.52;8.44;8.37;8.31;8.26;8.23;8.19;8.16;8.13;8.10;8.06;8.03;7.99;7.95;7.92;7.89;7.87;7.86;7.87;;;;;;;;;;;;;;;;;;;;;;;;;;;;;;;;;;;;;;;;;;;;;;;;;;;;;;;
4.200;;;;;;;;;;;;;;;;;;;;;;;;;;;;;;;;;;;;;;;;;;;;11.31;11.18;11.10;11.07;11.05;11.04;11.02;10.97;10.89;10.78;10.64;10.46;10.26;10.05;9.82;9.59;9.36;9.14;8.93;8.73;8.56;8.40;8.26;8.14;8.04;7.96;7.89;7.84;7.79;7.76;7.73;7.71;7.69;7.67;7.65;7.63;7.60;7.57;7.54;7.51;7.48;7.46;7.44;7.44;7.46;7.51;;;;;;;;;;;;;;;;;;;;;;;;;;;;;;;;;;;;;;;;;;;;;;;;;;;;;
4.100;;;;;;;;;;;;;;;;;;;;;;;;;;;;;;;;;;;;;;;;;;10.86;10.61;10.45;10.35;10.30;10.28;10.27;10.26;10.24;10.19;10.12;10.02;9.89;9.73;9.54;9.35;9.14;8.93;8.73;8.53;8.34;8.17;8.01;7.87;7.76;7.65;7.57;7.50;7.44;7.40;7.37;7.35;7.33;7.32;7.32;7.31;7.30;7.28;7.27;7.24;7.22;7.19;7.16;7.14;7.12;7.11;7.12;7.15;7.20;7.29;;;;;;;;;;;;;;;;;;;;;;;;;;;;;;;;;;;;;;;;;;;;;;;;;;;
4.000;;;;;;;;;;;;;;;;;;;;;;;;;;;;;;;;;;;;;;;;10.75;10.33;10.03;9.84;9.72;9.65;9.62;9.61;9.61;9.60;9.59;9.54;9.48;9.38;9.26;9.12;8.95;8.77;8.59;8.40;8.21;8.03;7.87;7.71;7.58;7.45;7.35;7.26;7.19;7.13;7.09;7.06;7.04;7.03;7.03;7.03;7.03;7.03;7.03;7.03;7.02;7.00;6.98;6.95;6.93;6.90;6.88;6.87;6.87;6.88;6.92;6.98;7.08;7.21;;;;;;;;;;;;;;;;;;;;;;;;;;;;;;;;;;;;;;;;;;;;;;;;;
3.900;;;;;;;;;;;;;;;;;;;;;;;;;;;;;;;;;;;;;;;10.34;9.87;9.55;9.33;9.18;9.09;9.05;9.03;9.03;9.04;9.04;9.02;8.99;8.93;8.84;8.73;8.60;8.45;8.29;8.12;7.95;7.78;7.62;7.47;7.33;7.21;7.10;7.01;6.94;6.88;6.83;6.80;6.78;6.78;6.78;6.79;6.80;6.81;6.82;6.83;6.83;6.83;6.82;6.80;6.78;6.75;6.72;6.70;6.68;6.67;6.68;6.70;6.75;6.82;6.92;7.06;;;;;;;;;;;;;;;;;;;;;;;;;;;;;;;;;;;;;;;;;;;;;;;;
3.800;;;;;;;;;;;;;;;;;;;;;;;;;;;;;;;;;;;;;10.77;10.05;9.55;9.18;8.92;8.75;8.64;8.57;8.55;8.54;8.55;8.56;8.56;8.55;8.52;8.47;8.40;8.30;8.18;8.04;7.90;7.74;7.59;7.44;7.29;7.16;7.03;6.93;6.83;6.75;6.69;6.64;6.61;6.59;6.58;6.58;6.59;6.61;6.63;6.65;6.67;6.69;6.70;6.70;6.69;6.68;6.66;6.64;6.61;6.58;6.56;6.54;6.54;6.55;6.58;6.63;6.72;6.83;6.98;7.17;;;;;;;;;;;;;;;;;;;;;;;;;;;;;;;;;;;;;;;;;;;;;;
3.700;;;;;;;;;;;;;;;;;;;;;;;;;;;;;;;;;;;;10.60;9.84;9.28;8.88;8.59;8.39;8.25;8.17;8.13;8.12;8.12;8.14;8.15;8.16;8.15;8.13;8.08;8.02;7.93;7.82;7.70;7.57;7.43;7.29;7.15;7.02;6.90;6.79;6.69;6.61;6.54;6.49;6.45;6.43;6.42;6.42;6.43;6.45;6.48;6.51;6.54;6.57;6.59;6.61;6.61;6.61;6.60;6.59;6.56;6.53;6.50;6.47;6.45;6.44;6.44;6.46;6.50;6.56;6.65;6.77;6.94;7.14;;;;;;;;;;;;;;;;;;;;;;;;;;;;;;;;;;;;;;;;;;;;;
3.600;;;;;;;;;;;;;;;;;;;;;;;;;;;;;;;;;;;10.60;9.73;9.12;8.67;8.35;8.11;7.95;7.85;7.79;7.76;7.76;7.77;7.79;7.82;7.83;7.83;7.81;7.77;7.71;7.63;7.54;7.43;7.31;7.18;7.06;6.93;6.82;6.71;6.61;6.52;6.45;6.39;6.35;6.32;6.31;6.31;6.32;6.34;6.37;6.40;6.44;6.48;6.51;6.54;6.56;6.58;6.58;6.57;6.55;6.53;6.50;6.46;6.43;6.40;6.38;6.37;6.38;6.41;6.45;6.53;6.63;6.77;6.94;7.16;;;;;;;;;;;;;;;;;;;;;;;;;;;;;;;;;;;;;;;;;;;;
3.500;;;;;;;;;;;;;;;;;;;;;;;;;;;;;;;;;;10.63;9.70;9.01;8.52;8.16;7.90;7.71;7.58;7.50;7.46;7.45;7.46;7.48;7.51;7.53;7.55;7.55;7.54;7.51;7.46;7.39;7.31;7.21;7.10;6.99;6.87;6.76;6.66;6.56;6.47;6.39;6.33;6.28;6.25;6.23;6.23;6.23;6.25;6.28;6.32;6.36;6.40;6.45;6.49;6.53;6.55;6.57;6.58;6.57;6.55;6.53;6.50;6.46;6.42;6.39;6.36;6.34;6.34;6.35;6.39;6.44;6.53;6.64;6.79;6.98;7.21;7.48;;;;;;;;;;;;;;;;;;;;;;;;;;;;;;;;;;;;;;;;;;
3.400;;;;;;;;;;;;;;;;;;;;;;;;;;;;;;;;12.38;10.84;9.75;9.01;8.45;8.05;7.74;7.53;7.38;7.28;7.22;7.20;7.20;7.21;7.24;7.27;7.30;7.33;7.34;7.33;7.31;7.26;7.20;7.13;7.04;6.95;6.84;6.74;6.64;6.54;6.46;6.38;6.31;6.26;6.22;6.20;6.19;6.19;6.20;6.23;6.27;6.31;6.36;6.41;6.46;6.51;6.55;6.58;6.60;6.61;6.61;6.59;6.56;6.52;6.48;6.44;6.40;6.36;6.34;6.33;6.33;6.35;6.40;6.47;6.56;6.69;6.85;7.05;7.29;7.59;;;;;;;;;;;;;;;;;;;;;;;;;;;;;;;;;;;;;;;;;
3.300;;;;;;;;;;;;;;;;;;;;;;;;;;;;;;;12.98;11.09;9.91;9.04;8.44;7.98;7.65;7.40;7.22;7.10;7.02;6.98;6.97;6.99;7.01;7.05;7.08;7.12;7.15;7.16;7.16;7.14;7.11;7.06;6.99;6.91;6.83;6.74;6.65;6.56;6.47;6.39;6.32;6.27;6.22;6.19;6.18;6.17;6.18;6.21;6.24;6.28;6.34;6.39;6.45;6.51;6.56;6.60;6.64;6.66;6.67;6.66;6.64;6.61;6.57;6.53;6.48;6.43;6.39;6.36;6.34;6.33;6.35;6.38;6.44;6.52;6.63;6.77;6.94;7.15;7.41;7.71;;;;;;;;;;;;;;;;;;;;;;;;;;;;;;;;;;;;;;;;
3.200;;;;;;;;;;;;;;;;;;;;;;;;;;;;;;13.74;11.58;10.14;9.19;8.49;7.98;7.60;7.32;7.12;6.97;6.88;6.82;6.80;6.80;6.82;6.85;6.90;6.94;6.98;7.01;7.03;7.03;7.02;7.00;6.95;6.90;6.83;6.75;6.67;6.59;6.51;6.44;6.37;6.31;6.26;6.22;6.20;6.19;6.20;6.22;6.25;6.29;6.34;6.40;6.46;6.52;6.58;6.64;6.68;6.72;6.74;6.75;6.74;6.72;6.69;6.64;6.59;6.54;6.49;6.44;6.40;6.37;6.36;6.37;6.39;6.43;6.50;6.60;6.72;6.88;7.07;7.29;7.56;7.87;;;;;;;;;;;;;;;;;;;;;;;;;;;;;;;;;;;;;;;
3.100;;;;;;;;;;;;;;;;;;;;;;;;;;;;;;12.14;10.51;9.38;8.61;8.03;7.61;7.28;7.05;6.88;6.77;6.69;6.66;6.65;6.66;6.69;6.73;6.78;6.82;6.87;6.90;6.93;6.94;6.93;6.92;6.88;6.83;6.78;6.71;6.64;6.57;6.50;6.43;6.37;6.32;6.28;6.26;6.24;6.24;6.25;6.28;6.31;6.36;6.42;6.48;6.55;6.62;6.68;6.74;6.79;6.82;6.84;6.85;6.84;6.81;6.78;6.73;6.67;6.61;6.56;6.50;6.46;6.42;6.40;6.40;6.42;6.45;6.51;6.60;6.71;6.85;7.01;7.21;7.45;7.73;8.04;;;;;;;;;;;;;;;;;;;;;;;;;;;;;;;;;;;;;;
3.000;;;;;;;;;;;;;;;;;;;;;;;;;;;;;13.06;10.98;9.70;8.78;8.14;7.65;7.30;7.03;6.84;6.70;6.61;6.55;6.53;6.53;6.56;6.59;6.64;6.69;6.74;6.79;6.83;6.86;6.88;6.88;6.87;6.84;6.80;6.76;6.70;6.64;6.58;6.52;6.46;6.41;6.37;6.34;6.32;6.31;6.32;6.34;6.37;6.41;6.46;6.53;6.59;6.66;6.73;6.80;6.86;6.91;6.94;6.96;6.96;6.95;6.92;6.88;6.82;6.76;6.70;6.63;6.58;6.53;6.49;6.46;6.45;6.46;6.49;6.54;6.62;6.72;6.84;7.00;7.18;7.39;7.64;7.92;8.23;;;;;;;;;;;;;;;;;;;;;;;;;;;;;;;;;;;;;
2.900;;;;;;;;;;;;;;;;;;;;;;;;;;;;14.16;11.68;10.08;9.05;8.29;7.76;7.34;7.05;6.82;6.66;6.54;6.48;6.44;6.43;6.45;6.48;6.53;6.58;6.64;6.69;6.74;6.79;6.82;6.84;6.85;6.84;6.83;6.80;6.76;6.71;6.66;6.61;6.56;6.51;6.47;6.44;6.42;6.41;6.41;6.42;6.45;6.48;6.53;6.59;6.65;6.72;6.80;6.87;6.93;6.99;7.04;7.07;7.08;7.08;7.06;7.03;6.98;6.92;6.85;6.78;6.72;6.65;6.60;6.56;6.53;6.51;6.52;6.54;6.59;6.66;6.75;6.86;7.00;7.17;7.36;7.59;7.84;8.12;8.43;;;;;;;;;;;;;;;;;;;;;;;;;;;;;;;;;;;;
2.800;;;;;;;;;;;;;;;;;;;;;;;;;;;15.98;12.54;10.65;9.38;8.53;7.90;7.44;7.09;6.84;6.65;6.52;6.43;6.38;6.36;6.37;6.39;6.43;6.49;6.54;6.60;6.66;6.72;6.77;6.80;6.83;6.84;6.84;6.83;6.81;6.78;6.75;6.71;6.67;6.63;6.59;6.56;6.54;6.52;6.52;6.53;6.55;6.58;6.62;6.67;6.73;6.80;6.87;6.95;7.02;7.08;7.14;7.18;7.20;7.21;7.21;7.18;7.14;7.08;7.02;6.95;6.87;6.80;6.73;6.68;6.63;6.60;6.58;6.58;6.60;6.65;6.71;6.79;6.90;7.03;7.19;7.37;7.58;7.81;8.06;8.34;;;;;;;;;;;;;;;;;;;;;;;;;;;;;;;;;;;;
2.700;;;;;;;;;;;;;;;;;;;;;;;;;;18.32;13.83;11.33;9.85;8.81;8.10;7.57;7.18;6.88;6.67;6.51;6.41;6.34;6.31;6.31;6.32;6.36;6.41;6.47;6.53;6.59;6.66;6.71;6.76;6.80;6.83;6.85;6.86;6.86;6.84;6.82;6.80;6.77;6.74;6.71;6.68;6.66;6.65;6.64;6.65;6.66;6.69;6.73;6.77;6.83;6.89;6.96;7.03;7.11;7.17;7.23;7.28;7.32;7.34;7.34;7.32;7.29;7.24;7.18;7.11;7.03;6.96;6.88;6.81;6.75;6.70;6.67;6.65;6.65;6.67;6.71;6.77;6.85;6.96;7.08;7.23;7.40;7.59;7.81;8.04;8.29;8.55;;;;;;;;;;;;;;;;;;;;;;;;;;;;;;;;;;;
2.600;;;;;;;;;;;;;;;;;;;;;;;;;;15.50;12.32;10.41;9.21;8.35;7.75;7.29;6.96;6.71;6.53;6.41;6.33;6.28;6.27;6.28;6.30;6.35;6.41;6.47;6.53;6.60;6.67;6.72;6.78;6.82;6.85;6.88;6.89;6.89;6.89;6.88;6.86;6.84;6.82;6.81;6.79;6.78;6.78;6.78;6.79;6.81;6.84;6.89;6.94;6.99;7.06;7.13;7.20;7.27;7.33;7.38;7.43;7.45;7.47;7.46;7.44;7.39;7.34;7.27;7.19;7.11;7.03;6.96;6.89;6.82;6.78;6.74;6.72;6.72;6.74;6.78;6.84;6.92;7.02;7.14;7.29;7.45;7.63;7.84;8.05;8.28;8.52;8.76;;;;;;;;;;;;;;;;;;;;;;;;;;;;;;;;;;
2.500;;;;;;;;;;;;;;;;;;;;;;;;;18.31;13.55;11.18;9.67;8.68;7.96;7.45;7.06;6.78;6.57;6.43;6.33;6.27;6.24;6.24;6.26;6.30;6.36;6.42;6.49;6.55;6.62;6.69;6.75;6.80;6.85;6.88;6.91;6.93;6.94;6.94;6.94;6.93;6.93;6.92;6.91;6.90;6.90;6.91;6.92;6.94;6.97;7.01;7.05;7.10;7.16;7.23;7.29;7.36;7.42;7.48;7.53;7.56;7.58;7.58;7.57;7.53;7.48;7.42;7.35;7.27;7.18;7.10;7.02;6.95;6.89;6.84;6.81;6.79;6.79;6.81;6.85;6.91;6.99;7.09;7.21;7.35;7.51;7.69;7.88;8.09;8.31;8.53;8.75;;;;;;;;;;;;;;;;;;;;;;;;;;;;;;;;;;
2.400;;;;;;;;;;;;;;;;;;;;;;;;22.46;15.51;12.15;10.31;9.08;8.25;7.64;7.20;6.87;6.64;6.46;6.34;6.27;6.23;6.22;6.24;6.27;6.32;6.38;6.45;6.52;6.59;6.66;6.72;6.78;6.83;6.88;6.92;6.95;6.97;6.98;7.00;7.00;7.01;7.01;7.01;7.01;7.02;7.03;7.04;7.07;7.09;7.13;7.17;7.22;7.27;7.33;7.39;7.45;7.51;7.57;7.62;7.66;7.68;7.69;7.68;7.65;7.61;7.56;7.49;7.41;7.33;7.24;7.16;7.08;7.01;6.95;6.90;6.87;6.85;6.85;6.88;6.92;6.98;7.06;7.16;7.29;7.43;7.59;7.76;7.95;8.15;8.36;8.56;8.77;8.96;;;;;;;;;;;;;;;;;;;;;;;;;;;;;;;;;
2.300;;;;;;;;;;;;;;;;;;;;;;;;18.20;13.59;11.08;9.61;8.59;7.89;7.37;6.99;6.71;6.51;6.37;6.28;6.22;6.21;6.21;6.24;6.29;6.35;6.41;6.48;6.56;6.63;6.70;6.76;6.82;6.87;6.92;6.95;6.99;7.01;7.03;7.05;7.06;7.07;7.09;7.10;7.11;7.13;7.15;7.17;7.20;7.24;7.28;7.32;7.37;7.43;7.48;7.54;7.60;7.65;7.70;7.74;7.76;7.78;7.77;7.76;7.72;7.67;7.61;7.54;7.45;7.37;7.28;7.20;7.12;7.05;6.99;6.95;6.92;6.90;6.91;6.94;6.98;7.05;7.13;7.23;7.36;7.50;7.66;7.84;8.02;8.22;8.42;8.63;8.82;9.00;9.17;;;;;;;;;;;;;;;;;;;;;;;;;;;;;;;;
2.200;;;;;;;;;;;;;;;;;;;;;;;23.59;15.52;12.20;10.24;9.03;8.17;7.58;7.13;6.81;6.57;6.41;6.29;6.23;6.20;6.20;6.22;6.26;6.32;6.39;6.46;6.53;6.61;6.68;6.75;6.81;6.86;6.91;6.95;6.99;7.02;7.05;7.07;7.09;7.11;7.13;7.15;7.18;7.20;7.23;7.26;7.29;7.33;7.37;7.42;7.46;7.52;7.57;7.62;7.67;7.72;7.77;7.80;7.83;7.85;7.85;7.84;7.81;7.77;7.71;7.64;7.56;7.48;7.39;7.31;7.22;7.15;7.08;7.02;6.98;6.96;6.95;6.96;6.99;7.03;7.10;7.19;7.30;7.43;7.57;7.74;7.91;8.10;8.30;8.50;8.70;8.90;9.07;9.23;;;;;;;;;;;;;;;;;;;;;;;;;;;;;;;;
2.100;;;;;;;;;;;;;;;;;;;;;;;18.91;13.66;11.14;9.56;8.55;7.82;7.31;6.93;6.65;6.45;6.32;6.23;6.19;6.18;6.20;6.24;6.29;6.36;6.43;6.51;6.59;6.66;6.73;6.80;6.85;6.91;6.95;6.99;7.02;7.05;7.08;7.10;7.13;7.15;7.18;7.21;7.24;7.27;7.31;7.35;7.39;7.44;7.48;7.53;7.58;7.63;7.68;7.73;7.78;7.82;7.85;7.88;7.89;7.90;7.89;7.87;7.83;7.79;7.72;7.65;7.57;7.49;7.40;7.32;7.24;7.16;7.10;7.05;7.01;6.99;6.98;6.99;7.03;7.08;7.15;7.24;7.36;7.49;7.64;7.80;7.99;8.18;8.38;8.59;8.79;8.99;9.17;9.32;9.45;;;;;;;;;;;;;;;;;;;;;;;;;;;;;;;
2.000;;;;;;;;;;;;;;;;;;;;;;24.40;16.03;12.29;10.30;9.01;8.15;7.52;7.08;6.75;6.52;6.35;6.25;6.19;6.17;6.17;6.21;6.26;6.33;6.40;6.48;6.56;6.64;6.72;6.79;6.85;6.90;6.94;6.98;7.02;7.05;7.07;7.10;7.12;7.15;7.18;7.21;7.25;7.28;7.33;7.37;7.42;7.47;7.52;7.57;7.62;7.67;7.72;7.77;7.81;7.84;7.88;7.90;7.92;7.92;7.92;7.90;7.87;7.83;7.78;7.72;7.64;7.57;7.48;7.40;7.32;7.24;7.17;7.11;7.06;7.02;7.00;7.00;7.02;7.05;7.11;7.18;7.28;7.40;7.53;7.69;7.86;8.05;8.25;8.46;8.67;8.88;9.09;9.27;9.44;9.57;;;;;;;;;;;;;;;;;;;;;;;;;;;;;;;
1.900;;;;;;;;;;;;;;;;;;;;;;19.66;14.08;11.24;9.63;8.54;7.80;7.26;6.87;6.59;6.40;6.26;6.18;6.15;6.15;6.17;6.22;6.29;6.37;6.45;6.54;6.62;6.70;6.77;6.84;6.89;6.94;6.98;7.01;7.04;7.06;7.08;7.10;7.13;7.15;7.19;7.22;7.26;7.31;7.35;7.41;7.46;7.52;7.57;7.62;7.68;7.73;7.77;7.81;7.85;7.88;7.90;7.91;7.92;7.92;7.91;7.88;7.85;7.81;7.75;7.69;7.62;7.54;7.46;7.38;7.30;7.23;7.16;7.10;7.06;7.02;7.01;7.01;7.03;7.07;7.13;7.21;7.31;7.43;7.57;7.73;7.91;8.10;8.31;8.53;8.75;8.97;9.19;9.38;9.56;9.71;9.82;;;;;;;;;;;;;;;;;;;;;;;;;;;;;;
1.800;;;;;;;;;;;;;;;;;;;;;28.17;16.70;12.66;10.42;9.07;8.14;7.50;7.03;6.69;6.45;6.29;6.18;6.13;6.11;6.13;6.18;6.24;6.32;6.41;6.50;6.59;6.68;6.76;6.83;6.89;6.93;6.97;7.00;7.03;7.05;7.06;7.08;7.10;7.12;7.14;7.17;7.21;7.25;7.30;7.35;7.41;7.47;7.53;7.59;7.64;7.69;7.74;7.78;7.82;7.84;7.86;7.88;7.88;7.88;7.88;7.86;7.84;7.80;7.76;7.71;7.65;7.58;7.51;7.43;7.35;7.28;7.21;7.14;7.09;7.05;7.02;7.00;7.01;7.03;7.07;7.13;7.21;7.31;7.44;7.58;7.75;7.94;8.14;8.36;8.58;8.82;9.05;9.28;9.50;9.69;9.86;9.99;;;;;;;;;;;;;;;;;;;;;;;;;;;;;;
1.700;;;;;;;;;;;;;;;;;;;;;21.97;14.68;11.58;9.75;8.60;7.80;7.23;6.82;6.53;6.32;6.19;6.11;6.08;6.08;6.12;6.18;6.26;6.35;6.45;6.55;6.64;6.73;6.81;6.87;6.93;6.97;7.00;7.02;7.04;7.05;7.06;7.06;7.08;7.09;7.11;7.14;7.18;7.22;7.27;7.33;7.39;7.45;7.51;7.57;7.62;7.67;7.72;7.75;7.78;7.80;7.81;7.82;7.82;7.81;7.80;7.79;7.76;7.73;7.69;7.64;7.59;7.53;7.46;7.39;7.32;7.25;7.18;7.12;7.07;7.02;7.00;6.98;6.99;7.01;7.05;7.11;7.20;7.30;7.43;7.58;7.75;7.94;8.16;8.38;8.62;8.87;9.12;9.37;9.61;9.83;10.02;10.17;10.29;;;;;;;;;;;;;;;;;;;;;;;;;;;;;
1.600;;;;;;;;;;;;;;;;;;;;32.96;18.37;13.22;10.74;9.20;8.21;7.50;7.00;6.64;6.38;6.21;6.10;6.04;6.03;6.05;6.11;6.18;6.28;6.38;6.49;6.59;6.69;6.78;6.85;6.92;6.97;7.00;7.02;7.03;7.04;7.04;7.04;7.04;7.04;7.05;7.07;7.09;7.13;7.17;7.22;7.27;7.33;7.39;7.45;7.51;7.57;7.61;7.65;7.68;7.70;7.71;7.72;7.72;7.72;7.71;7.70;7.69;7.67;7.64;7.61;7.57;7.52;7.47;7.41;7.34;7.28;7.21;7.15;7.09;7.04;7.00;6.97;6.95;6.96;6.98;7.02;7.09;7.17;7.28;7.41;7.56;7.74;7.93;8.15;8.39;8.64;8.90;9.17;9.44;9.71;9.95;10.17;10.37;10.51;;;;;;;;;;;;;;;;;;;;;;;;;;;;;
1.500;;;;;;;;;;;;;;;;;;;;25.36;16.05;12.12;10.06;8.74;7.87;7.24;6.80;6.47;6.25;6.10;6.02;5.98;5.99;6.03;6.10;6.19;6.29;6.40;6.52;6.63;6.73;6.82;6.90;6.95;7.00;7.02;7.03;7.04;7.03;7.02;7.01;7.00;7.00;7.00;7.01;7.03;7.06;7.10;7.14;7.20;7.25;7.31;7.37;7.43;7.47;7.51;7.55;7.57;7.58;7.59;7.59;7.59;7.58;7.58;7.57;7.57;7.56;7.54;7.52;7.49;7.45;7.41;7.36;7.30;7.23;7.17;7.11;7.05;7.00;6.96;6.93;6.91;6.92;6.94;6.98;7.04;7.13;7.23;7.37;7.52;7.70;7.90;8.13;8.37;8.64;8.92;9.21;9.50;9.79;10.07;10.33;10.56;10.75;;;;;;;;;;;;;;;;;;;;;;;;;;;;;
1.400;;;;;;;;;;;;;;;;;;;;20.99;14.39;11.25;9.50;8.35;7.57;7.01;6.61;6.32;6.13;6.00;5.94;5.92;5.95;6.00;6.09;6.19;6.30;6.43;6.55;6.66;6.77;6.86;6.93;6.98;7.02;7.04;7.04;7.03;7.02;7.00;6.98;6.96;6.94;6.94;6.94;6.95;6.98;7.01;7.05;7.10;7.15;7.21;7.26;7.31;7.35;7.39;7.41;7.42;7.43;7.43;7.43;7.42;7.42;7.42;7.43;7.43;7.43;7.43;7.43;7.41;7.38;7.35;7.30;7.25;7.19;7.13;7.06;7.01;6.95;6.91;6.88;6.86;6.86;6.88;6.92;6.98;7.07;7.17;7.31;7.46;7.65;7.85;8.09;8.34;8.62;8.91;9.22;9.54;9.86;10.17;10.47;10.75;10.99;11.20;;;;;;;;;;;;;;;;;;;;;;;;;;;;
1.300;;;;;;;;;;;;;;;;;;;37.09;18.24;13.18;10.57;9.05;8.02;7.32;6.81;6.45;6.19;6.02;5.91;5.87;5.86;5.90;5.97;6.07;6.19;6.31;6.44;6.57;6.69;6.80;6.89;6.96;7.01;7.04;7.05;7.04;7.02;7.00;6.97;6.93;6.91;6.88;6.87;6.86;6.87;6.89;6.91;6.95;6.99;7.04;7.09;7.13;7.17;7.21;7.23;7.25;7.25;7.25;7.24;7.24;7.24;7.24;7.25;7.27;7.29;7.31;7.33;7.33;7.33;7.32;7.29;7.25;7.20;7.14;7.08;7.02;6.96;6.90;6.86;6.82;6.80;6.80;6.81;6.85;6.91;6.99;7.10;7.23;7.39;7.57;7.79;8.03;8.29;8.58;8.89;9.22;9.56;9.91;10.26;10.60;10.93;11.23;11.50;;;;;;;;;;;;;;;;;;;;;;;;;;;;
1.200;;;;;;;;;;;;;;;;;;;28.11;16.31;12.24;10.01;8.66;7.74;7.10;6.63;6.30;6.07;5.92;5.83;5.80;5.81;5.87;5.95;6.06;6.18;6.32;6.46;6.59;6.72;6.83;6.92;6.98;7.03;7.05;7.05;7.04;7.01;6.97;6.93;6.89;6.85;6.82;6.80;6.78;6.78;6.79;6.81;6.84;6.87;6.91;6.95;6.99;7.02;7.05;7.06;7.07;7.06;7.05;7.04;7.03;7.04;7.05;7.08;7.11;7.15;7.19;7.22;7.25;7.26;7.26;7.24;7.20;7.16;7.10;7.04;6.97;6.90;6.84;6.79;6.75;6.73;6.72;6.73;6.77;6.82;6.90;7.01;7.14;7.30;7.49;7.71;7.95;8.22;8.53;8.85;9.20;9.57;9.95;10.34;10.72;11.10;11.46;11.79;;;;;;;;;;;;;;;;;;;;;;;;;;;;
1.100;;;;;;;;;;;;;;;;;;;23.55;14.93;11.52;9.56;8.34;7.50;6.91;6.48;6.17;5.96;5.83;5.75;5.74;5.76;5.83;5.92;6.04;6.17;6.32;6.47;6.61;6.74;6.85;6.94;7.00;7.04;7.06;7.05;7.03;6.99;6.94;6.89;6.84;6.80;6.76;6.73;6.70;6.69;6.69;6.70;6.72;6.75;6.78;6.81;6.84;6.87;6.88;6.88;6.87;6.86;6.84;6.82;6.82;6.83;6.85;6.89;6.95;7.01;7.07;7.13;7.17;7.20;7.21;7.19;7.16;7.11;7.05;6.99;6.91;6.84;6.78;6.72;6.67;6.65;6.63;6.64;6.67;6.73;6.81;6.91;7.04;7.20;7.40;7.62;7.87;8.15;8.46;8.80;9.17;9.56;9.97;10.39;10.83;11.26;11.68;12.08;12.45;;;;;;;;;;;;;;;;;;;;;;;;;;;
1.000;;;;;;;;;;;;;;;;;;46.41;20.62;13.88;10.94;9.18;8.07;7.29;6.74;6.34;6.06;5.86;5.75;5.68;5.68;5.72;5.79;5.89;6.02;6.17;6.32;6.47;6.62;6.75;6.86;6.95;7.01;7.05;7.06;7.05;7.02;6.97;6.92;6.86;6.80;6.74;6.69;6.65;6.63;6.61;6.60;6.60;6.61;6.63;6.66;6.68;6.70;6.71;6.71;6.70;6.68;6.65;6.62;6.60;6.59;6.61;6.65;6.72;6.80;6.88;6.97;7.05;7.11;7.15;7.16;7.15;7.12;7.07;7.00;6.93;6.85;6.77;6.70;6.64;6.59;6.55;6.54;6.54;6.57;6.62;6.70;6.81;6.94;7.10;7.30;7.52;7.78;8.06;8.39;8.74;9.13;9.54;9.98;10.44;10.92;11.40;11.89;12.36;12.82;;;;;;;;;;;;;;;;;;;;;;;;;;;
0.900;;;;;;;;;;;;;;;;;;36.43;18.68;13.09;10.47;8.88;7.85;7.11;6.60;6.22;5.96;5.78;5.67;5.62;5.63;5.67;5.76;5.87;6.01;6.16;6.32;6.47;6.62;6.76;6.87;6.96;7.02;7.05;7.06;7.04;7.00;6.95;6.89;6.82;6.76;6.69;6.64;6.59;6.55;6.53;6.51;6.51;6.51;6.52;6.54;6.55;6.56;6.56;6.55;6.52;6.48;6.44;6.40;6.37;6.37;6.40;6.46;6.55;6.66;6.78;6.89;6.99;7.07;7.11;7.13;7.12;7.08;7.02;6.95;6.87;6.78;6.69;6.61;6.54;6.49;6.45;6.43;6.44;6.46;6.52;6.59;6.70;6.83;7.00;7.19;7.42;7.68;7.98;8.31;8.68;9.08;9.52;9.98;10.48;11.00;11.53;12.08;12.63;13.17;;;;;;;;;;;;;;;;;;;;;;;;;;;
0.800;;;;;;;;;;;;;;;;;;30.67;17.26;12.46;10.10;8.62;7.66;6.97;6.48;6.12;5.87;5.70;5.61;5.57;5.58;5.63;5.73;5.84;5.99;6.15;6.31;6.47;6.63;6.77;6.88;6.97;7.03;7.06;7.06;7.03;6.99;6.93;6.86;6.79;6.71;6.64;6.58;6.53;6.48;6.45;6.43;6.42;6.42;6.42;6.43;6.43;6.43;6.42;6.40;6.36;6.30;6.24;6.18;6.15;6.15;6.19;6.28;6.40;6.54;6.69;6.83;6.95;7.04;7.09;7.10;7.08;7.04;6.97;6.88;6.79;6.69;6.60;6.52;6.44;6.38;6.34;6.32;6.33;6.35;6.41;6.48;6.59;6.73;6.89;7.09;7.33;7.59;7.90;8.24;8.62;9.04;9.49;9.99;10.51;11.07;11.66;12.26;12.88;13.51;;;;;;;;;;;;;;;;;;;;;;;;;;;
0.700;;;;;;;;;;;;;;;;;;27.21;16.25;11.98;9.80;8.42;7.50;6.84;6.38;6.03;5.80;5.64;5.55;5.52;5.54;5.60;5.70;5.82;5.97;6.14;6.31;6.47;6.63;6.77;6.89;6.98;7.03;7.06;7.06;7.03;6.98;6.91;6.84;6.76;6.68;6.60;6.53;6.47;6.42;6.38;6.36;6.34;6.34;6.33;6.34;6.34;6.33;6.31;6.27;6.22;6.14;6.06;5.98;5.94;5.93;6.00;6.11;6.28;6.46;6.64;6.81;6.93;7.03;7.07;7.08;7.04;6.98;6.90;6.81;6.70;6.60;6.50;6.41;6.33;6.27;6.23;6.21;6.21;6.24;6.30;6.38;6.49;6.63;6.80;7.00;7.24;7.51;7.82;8.17;8.56;9.00;9.47;9.99;10.54;11.14;11.77;12.43;13.12;13.83;14.55;;;;;;;;;;;;;;;;;;;;;;;;;;
0.600;;;;;;;;;;;;;;;;;;24.85;15.48;11.60;9.56;8.25;7.37;6.74;6.29;5.96;5.74;5.59;5.51;5.48;5.51;5.57;5.68;5.81;5.96;6.13;6.30;6.47;6.63;6.78;6.89;6.98;7.04;7.06;7.05;7.02;6.96;6.89;6.81;6.73;6.64;6.56;6.48;6.42;6.37;6.32;6.29;6.27;6.26;6.26;6.26;6.26;6.25;6.22;6.18;6.11;6.01;5.90;5.80;5.73;5.73;5.82;5.97;6.18;6.41;6.63;6.81;6.94;7.02;7.05;7.04;6.99;6.92;6.82;6.71;6.60;6.49;6.38;6.29;6.21;6.15;6.11;6.10;6.10;6.13;6.19;6.27;6.39;6.53;6.71;6.91;7.16;7.44;7.76;8.12;8.52;8.97;9.46;10.00;10.58;11.21;11.88;12.60;13.35;14.13;14.95;;;;;;;;;;;;;;;;;;;;;;;;;;
0.500;;;;;;;;;;;;;;;;;;23.28;14.92;11.32;9.38;8.12;7.27;6.66;6.22;5.91;5.69;5.55;5.47;5.45;5.48;5.55;5.66;5.79;5.95;6.12;6.30;6.47;6.64;6.78;6.90;6.98;7.04;7.06;7.05;7.01;6.95;6.87;6.79;6.70;6.61;6.52;6.44;6.37;6.31;6.27;6.24;6.21;6.20;6.20;6.20;6.20;6.19;6.17;6.12;6.04;5.93;5.78;5.64;5.55;5.54;5.66;5.87;6.15;6.42;6.65;6.84;6.96;7.02;7.02;6.99;6.92;6.82;6.71;6.59;6.48;6.36;6.26;6.17;6.09;6.03;6.00;5.99;5.99;6.03;6.09;6.18;6.30;6.45;6.63;6.84;7.09;7.38;7.71;8.08;8.49;8.95;9.46;10.02;10.62;11.28;11.99;12.76;13.56;14.41;15.31;;;;;;;;;;;;;;;;;;;;;;;;;;
0.400;;;;;;;;;;;;;;;;;163.85;22.17;14.51;11.10;9.24;8.02;7.20;6.60;6.17;5.86;5.65;5.51;5.45;5.43;5.46;5.54;5.65;5.78;5.95;6.12;6.30;6.48;6.64;6.79;6.90;6.99;7.04;7.06;7.04;7.00;6.94;6.85;6.76;6.67;6.57;6.48;6.40;6.33;6.27;6.22;6.18;6.16;6.15;6.14;6.15;6.15;6.15;6.13;6.10;6.02;5.89;5.72;5.53;5.38;5.36;5.53;5.83;6.17;6.48;6.72;6.88;6.97;6.99;6.97;6.91;6.81;6.70;6.58;6.46;6.34;6.23;6.12;6.04;5.97;5.92;5.89;5.88;5.89;5.94;6.00;6.10;6.22;6.38;6.56;6.78;7.04;7.34;7.67;8.05;8.47;8.95;9.47;10.05;10.68;11.37;12.11;12.91;13.76;14.68;15.64;;;;;;;;;;;;;;;;;;;;;;;;;;
0.300;;;;;;;;;;;;;;;;;99.50;21.47;14.24;10.96;9.14;7.95;7.14;6.56;6.14;5.83;5.63;5.49;5.43;5.41;5.45;5.53;5.64;5.78;5.95;6.12;6.30;6.48;6.65;6.79;6.91;6.99;7.04;7.05;7.03;6.99;6.92;6.83;6.74;6.64;6.54;6.44;6.36;6.28;6.22;6.16;6.13;6.10;6.09;6.09;6.10;6.11;6.12;6.13;6.11;6.05;5.94;5.75;5.49;5.26;5.20;5.46;5.89;6.29;6.61;6.80;6.91;6.94;6.93;6.87;6.78;6.67;6.55;6.43;6.31;6.19;6.08;5.99;5.91;5.84;5.80;5.78;5.78;5.80;5.85;5.93;6.03;6.16;6.32;6.52;6.74;7.01;7.31;7.66;8.05;8.48;8.97;9.50;10.10;10.75;11.46;12.23;13.07;13.96;14.92;15.93;;;;;;;;;;;;;;;;;;;;;;;;;;
0.200;;;;;;;;;;;;;;;;;80.85;21.03;14.07;10.86;9.08;7.91;7.11;6.53;6.12;5.82;5.61;5.48;5.42;5.41;5.45;5.52;5.64;5.78;5.95;6.13;6.31;6.49;6.65;6.80;6.91;6.99;7.04;7.05;7.03;6.98;6.90;6.81;6.71;6.61;6.50;6.40;6.31;6.23;6.16;6.11;6.07;6.05;6.03;6.04;6.05;6.07;6.09;6.12;6.13;6.11;6.05;5.88;5.60;5.21;5.05;5.50;6.10;6.50;6.74;6.85;6.88;6.86;6.80;6.72;6.61;6.50;6.38;6.26;6.14;6.03;5.93;5.85;5.78;5.73;5.69;5.68;5.69;5.72;5.78;5.86;5.97;6.11;6.28;6.48;6.72;6.99;7.31;7.66;8.06;8.51;9.01;9.56;10.17;10.84;11.57;12.36;13.22;14.15;15.14;16.19;;;;;;;;;;;;;;;;;;;;;;;;;;
0.100;;;;;;;;;;;;;;;;;76.04;20.87;14.00;10.83;9.06;7.89;7.10;6.52;6.11;5.81;5.61;5.48;5.42;5.41;5.45;5.53;5.65;5.79;5.96;6.14;6.32;6.50;6.66;6.81;6.92;7.00;7.04;7.05;7.02;6.96;6.88;6.79;6.68;6.57;6.46;6.36;6.26;6.18;6.11;6.05;6.01;5.98;5.96;5.97;5.98;6.01;6.04;6.08;6.13;6.16;6.17;6.13;5.97;5.48;4.92;5.90;6.48;6.68;6.75;6.76;6.73;6.67;6.60;6.51;6.40;6.30;6.19;6.08;5.97;5.88;5.79;5.72;5.66;5.62;5.60;5.60;5.62;5.66;5.73;5.82;5.94;6.09;6.27;6.48;6.72;7.00;7.33;7.69;8.10;8.56;9.07;9.64;10.26;10.95;11.70;12.51;13.39;14.33;15.34;16.41;;;;;;;;;;;;;;;;;;;;;;;;;;
0.000;;;;;;;;;;;;;;;;;77.05;20.91;14.02;10.84;9.07;7.90;7.11;6.53;6.12;5.82;5.62;5.49;5.43;5.42;5.46;5.54;5.66;5.80;5.97;6.15;6.33;6.51;6.67;6.81;6.92;7.00;7.04;7.04;7.01;6.95;6.86;6.76;6.65;6.54;6.42;6.31;6.21;6.12;6.04;5.98;5.93;5.90;5.88;5.88;5.90;5.92;5.96;6.01;6.07;6.13;6.20;6.27;6.33;6.39;6.45;6.49;6.52;6.53;6.52;6.50;6.46;6.41;6.34;6.26;6.17;6.08;5.98;5.89;5.80;5.72;5.65;5.60;5.55;5.53;5.52;5.53;5.56;5.61;5.69;5.79;5.92;6.08;6.27;6.49;6.75;7.04;7.37;7.74;8.17;8.64;9.16;9.74;10.38;11.08;11.84;12.66;13.55;14.50;15.52;16.59;;;;;;;;;;;;;;;;;;;;;;;;;;
-0.100;;;;;;;;;;;;;;;;;86.26;21.18;14.13;10.90;9.11;7.93;7.13;6.55;6.14;5.84;5.64;5.51;5.45;5.44;5.48;5.56;5.68;5.82;5.99;6.17;6.35;6.53;6.69;6.82;6.93;7.00;7.04;7.03;7.00;6.93;6.84;6.73;6.62;6.50;6.38;6.26;6.16;6.06;5.98;5.91;5.85;5.81;5.79;5.78;5.79;5.81;5.83;5.87;5.92;5.96;6.00;6.01;5.93;5.52;4.70;5.23;5.73;5.94;6.05;6.09;6.10;6.08;6.04;5.99;5.93;5.86;5.78;5.71;5.64;5.58;5.53;5.49;5.46;5.45;5.45;5.48;5.52;5.59;5.68;5.79;5.93;6.10;6.30;6.53;6.79;7.09;7.44;7.82;8.26;8.74;9.28;9.87;10.52;11.23;12.00;12.83;13.72;14.67;15.67;16.71;;;;;;;;;;;;;;;;;;;;;;;;;;
-0.200;;;;;;;;;;;;;;;;;109.11;21.66;14.32;11.01;9.18;7.99;7.18;6.59;6.17;5.87;5.67;5.54;5.47;5.46;5.50;5.58;5.70;5.84;6.01;6.19;6.37;6.54;6.70;6.83;6.94;7.01;7.03;7.03;6.98;6.91;6.82;6.71;6.58;6.46;6.33;6.21;6.10;6.00;5.91;5.83;5.77;5.72;5.69;5.67;5.66;5.67;5.68;5.69;5.71;5.71;5.68;5.58;5.35;4.95;4.61;4.74;5.07;5.36;5.55;5.66;5.73;5.75;5.75;5.73;5.69;5.65;5.60;5.55;5.50;5.46;5.42;5.40;5.39;5.39;5.41;5.45;5.50;5.58;5.68;5.80;5.95;6.13;6.34;6.58;6.86;7.17;7.53;7.93;8.38;8.87;9.42;10.02;10.68;11.40;12.18;13.01;13.89;14.82;15.80;16.80;;;;;;;;;;;;;;;;;;;;;;;;;;
-0.300;;;;;;;;;;;;;;;;;266.35;22.41;14.61;11.16;9.29;8.07;7.24;6.64;6.22;5.91;5.71;5.57;5.51;5.50;5.54;5.61;5.73;5.87;6.04;6.21;6.39;6.56;6.71;6.85;6.94;7.01;7.03;7.02;6.97;6.89;6.79;6.68;6.55;6.42;6.29;6.16;6.04;5.93;5.83;5.75;5.68;5.62;5.58;5.55;5.53;5.52;5.51;5.49;5.48;5.43;5.35;5.20;4.98;4.72;4.53;4.58;4.76;4.98;5.17;5.31;5.40;5.45;5.48;5.49;5.48;5.46;5.44;5.41;5.38;5.36;5.34;5.33;5.34;5.35;5.39;5.44;5.50;5.59;5.70;5.84;6.00;6.19;6.41;6.67;6.96;7.28;7.65;8.06;8.52;9.03;9.59;10.20;10.87;11.59;12.37;13.19;14.06;14.96;15.89;16.83;;;;;;;;;;;;;;;;;;;;;;;;;;
-0.400;;;;;;;;;;;;;;;;;-219.94;23.41;14.99;11.37;9.42;8.17;7.32;6.71;6.28;5.97;5.76;5.62;5.55;5.53;5.57;5.65;5.76;5.90;6.06;6.24;6.41;6.58;6.73;6.86;6.95;7.01;7.03;7.01;6.96;6.88;6.77;6.65;6.52;6.38;6.24;6.11;5.98;5.87;5.77;5.67;5.60;5.53;5.48;5.43;5.40;5.37;5.34;5.30;5.25;5.18;5.08;4.93;4.76;4.59;4.47;4.49;4.59;4.74;4.90;5.03;5.14;5.21;5.26;5.29;5.30;5.31;5.30;5.29;5.29;5.28;5.28;5.29;5.31;5.34;5.38;5.45;5.53;5.63;5.75;5.90;6.07;6.27;6.51;6.77;7.07;7.41;7.79;8.22;8.69;9.21;9.78;10.40;11.08;11.80;12.57;13.38;14.22;15.08;15.95;16.81;;;;;;;;;;;;;;;;;;;;;;;;;;
-0.500;;;;;;;;;;;;;;;;;-37.94;24.79;15.49;11.63;9.60;8.29;7.42;6.80;6.35;6.03;5.81;5.67;5.60;5.58;5.61;5.69;5.80;5.93;6.09;6.26;6.43;6.60;6.74;6.87;6.96;7.01;7.03;7.01;6.95;6.86;6.75;6.63;6.49;6.35;6.21;6.07;5.94;5.82;5.71;5.61;5.52;5.45;5.38;5.33;5.28;5.23;5.19;5.13;5.07;4.99;4.88;4.76;4.62;4.50;4.43;4.43;4.50;4.61;4.73;4.84;4.95;5.03;5.09;5.14;5.17;5.19;5.20;5.21;5.22;5.23;5.24;5.27;5.30;5.35;5.40;5.48;5.57;5.69;5.82;5.98;6.17;6.38;6.62;6.90;7.22;7.57;7.96;8.40;8.88;9.41;9.99;10.62;11.30;12.02;12.78;13.56;14.37;15.17;15.96;16.73;;;;;;;;;;;;;;;;;;;;;;;;;;
-0.600;;;;;;;;;;;;;;;;;8.96;26.58;16.10;11.94;9.80;8.44;7.54;6.89;6.44;6.10;5.88;5.73;5.65;5.63;5.66;5.73;5.83;5.97;6.12;6.29;6.45;6.62;6.76;6.88;6.96;7.01;7.03;7.00;6.94;6.85;6.74;6.61;6.47;6.32;6.18;6.03;5.90;5.77;5.66;5.55;5.46;5.37;5.30;5.23;5.17;5.12;5.06;5.00;4.92;4.84;4.74;4.64;4.53;4.45;4.40;4.40;4.44;4.52;4.62;4.72;4.81;4.89;4.96;5.02;5.06;5.10;5.13;5.15;5.18;5.20;5.23;5.27;5.32;5.37;5.45;5.53;5.64;5.76;5.91;6.08;6.28;6.50;6.76;7.05;7.38;7.74;8.15;8.60;9.09;9.63;10.22;10.85;11.53;12.24;12.98;13.73;14.49;15.23;15.94;16.60;;;;;;;;;;;;;;;;;;;;;;;;;;
-0.700;;;;;;;;;;;;;;;;;36.52;29.03;16.87;12.33;10.05;8.62;7.68;7.00;6.53;6.19;5.95;5.79;5.71;5.68;5.71;5.77;5.87;6.00;6.15;6.31;6.47;6.63;6.77;6.89;6.97;7.02;7.03;7.00;6.94;6.85;6.73;6.60;6.46;6.31;6.16;6.01;5.87;5.74;5.62;5.51;5.41;5.32;5.24;5.17;5.10;5.03;4.96;4.89;4.82;4.74;4.65;4.56;4.48;4.41;4.38;4.38;4.41;4.47;4.55;4.64;4.73;4.81;4.88;4.94;5.00;5.05;5.09;5.13;5.16;5.20;5.25;5.30;5.36;5.43;5.51;5.61;5.73;5.86;6.02;6.20;6.41;6.65;6.92;7.22;7.56;7.94;8.36;8.81;9.32;9.86;10.46;11.09;11.76;12.45;13.16;13.88;14.58;15.25;15.86;16.41;;;;;;;;;;;;;;;;;;;;;;;;;;
-0.800;;;;;;;;;;;;;;;;;;32.30;17.80;12.77;10.33;8.82;7.83;7.13;6.64;6.28;6.03;5.86;5.77;5.74;5.76;5.81;5.91;6.03;6.18;6.33;6.49;6.64;6.78;6.89;6.97;7.02;7.03;7.00;6.94;6.84;6.73;6.60;6.45;6.30;6.15;6.01;5.86;5.73;5.60;5.49;5.38;5.29;5.20;5.12;5.04;4.97;4.90;4.82;4.75;4.67;4.59;4.51;4.45;4.40;4.37;4.37;4.40;4.45;4.52;4.59;4.68;4.75;4.83;4.90;4.96;5.02;5.07;5.12;5.17;5.22;5.28;5.34;5.41;5.50;5.59;5.70;5.83;5.98;6.15;6.34;6.57;6.81;7.10;7.41;7.76;8.15;8.57;9.04;9.55;10.10;10.70;11.32;11.98;12.65;13.33;13.99;14.63;15.22;15.73;16.17;;;;;;;;;;;;;;;;;;;;;;;;;;
-0.900;;;;;;;;;;;;;;;;;;37.05;18.98;13.31;10.66;9.05;8.01;7.27;6.75;6.38;6.12;5.94;5.84;5.79;5.81;5.86;5.95;6.06;6.20;6.35;6.50;6.65;6.78;6.89;6.97;7.02;7.03;7.00;6.94;6.85;6.74;6.61;6.47;6.32;6.17;6.02;5.87;5.74;5.61;5.49;5.38;5.28;5.18;5.10;5.02;4.94;4.86;4.79;4.71;4.63;4.56;4.49;4.44;4.40;4.37;4.38;4.40;4.45;4.51;4.58;4.65;4.73;4.81;4.88;4.95;5.02;5.08;5.14;5.21;5.27;5.34;5.41;5.50;5.59;5.70;5.82;5.96;6.12;6.30;6.50;6.73;6.99;7.29;7.61;7.97;8.36;8.80;9.27;9.79;10.34;10.93;11.54;12.17;12.82;13.45;14.06;14.62;15.13;15.55;15.88;;;;;;;;;;;;;;;;;;;;;;;;;;
-1.000;;;;;;;;;;;;;;;;;;44.02;20.44;13.93;11.04;9.30;8.20;7.43;6.88;6.48;6.21;6.02;5.91;5.85;5.86;5.90;5.98;6.09;6.22;6.36;6.51;6.66;6.78;6.89;6.97;7.02;7.03;7.01;6.95;6.86;6.76;6.63;6.49;6.34;6.19;6.04;5.90;5.76;5.63;5.51;5.39;5.29;5.19;5.10;5.01;4.93;4.85;4.77;4.70;4.62;4.55;4.49;4.44;4.41;4.39;4.39;4.41;4.46;4.51;4.58;4.65;4.73;4.81;4.89;4.97;5.04;5.11;5.19;5.26;5.33;5.41;5.50;5.59;5.70;5.81;5.95;6.10;6.27;6.46;6.67;6.91;7.18;7.48;7.82;8.18;8.59;9.03;9.50;10.02;10.56;11.14;11.74;12.34;12.95;13.53;14.08;14.57;14.99;15.32;;;;;;;;;;;;;;;;;;;;;;;;;;;
-1.100;;;;;;;;;;;;;;;;;;56.06;22.33;14.68;11.47;9.60;8.42;7.60;7.02;6.60;6.31;6.10;5.98;5.91;5.91;5.94;6.01;6.11;6.24;6.37;6.51;6.65;6.78;6.89;6.97;7.02;7.03;7.01;6.96;6.89;6.78;6.66;6.53;6.38;6.24;6.09;5.95;5.81;5.68;5.55;5.44;5.33;5.22;5.13;5.04;4.95;4.86;4.78;4.71;4.63;4.57;4.51;4.46;4.43;4.42;4.42;4.44;4.48;4.53;4.60;4.67;4.75;4.84;4.92;5.00;5.08;5.17;5.25;5.33;5.42;5.51;5.60;5.71;5.82;5.95;6.09;6.25;6.43;6.63;6.85;7.10;7.38;7.69;8.02;8.40;8.80;9.25;9.72;10.23;10.76;11.32;11.89;12.46;13.03;13.56;14.04;14.46;14.81;15.05;;;;;;;;;;;;;;;;;;;;;;;;;;;
-1.200;;;;;;;;;;;;;;;;;;79.31;24.81;15.57;11.98;9.93;8.67;7.79;7.18;6.73;6.42;6.19;6.05;5.98;5.96;5.98;6.04;6.13;6.25;6.37;6.51;6.65;6.77;6.88;6.96;7.01;7.03;7.02;6.98;6.91;6.82;6.70;6.58;6.44;6.30;6.15;6.01;5.88;5.74;5.62;5.50;5.38;5.28;5.18;5.08;4.99;4.90;4.82;4.74;4.66;4.60;4.54;4.50;4.47;4.45;4.46;4.48;4.52;4.57;4.63;4.71;4.79;4.87;4.96;5.05;5.14;5.23;5.33;5.42;5.51;5.61;5.72;5.83;5.96;6.10;6.25;6.41;6.60;6.81;7.04;7.29;7.58;7.89;8.23;8.60;9.01;9.45;9.91;10.41;10.93;11.46;12.00;12.53;13.05;13.52;13.95;14.30;14.58;14.76;;;;;;;;;;;;;;;;;;;;;;;;;;;
-1.300;;;;;;;;;;;;;;;;;;168.07;28.30;16.66;12.57;10.31;8.94;8.00;7.34;6.86;6.53;6.29;6.13;6.04;6.00;6.01;6.06;6.14;6.25;6.37;6.50;6.63;6.75;6.86;6.95;7.01;7.04;7.04;7.00;6.95;6.86;6.76;6.64;6.51;6.38;6.24;6.10;5.96;5.83;5.70;5.58;5.46;5.35;5.25;5.15;5.05;4.96;4.87;4.79;4.71;4.64;4.59;4.54;4.52;4.50;4.51;4.53;4.56;4.62;4.68;4.76;4.84;4.93;5.02;5.12;5.22;5.32;5.42;5.52;5.63;5.73;5.85;5.97;6.11;6.25;6.41;6.58;6.78;6.99;7.22;7.48;7.77;8.08;8.42;8.79;9.19;9.62;10.07;10.55;11.04;11.55;12.05;12.54;13.01;13.43;13.80;14.09;14.31;14.44;;;;;;;;;;;;;;;;;;;;;;;;;;;
-1.400;;;;;;;;;;;;;;;;;;;33.43;18.00;13.26;10.74;9.25;8.23;7.53;7.01;6.65;6.38;6.21;6.10;6.05;6.05;6.09;6.15;6.25;6.36;6.48;6.61;6.73;6.84;6.93;7.00;7.03;7.05;7.03;6.98;6.91;6.82;6.72;6.60;6.47;6.34;6.20;6.07;5.94;5.81;5.68;5.56;5.45;5.34;5.23;5.13;5.03;4.94;4.85;4.77;4.70;4.65;4.60;4.57;4.56;4.56;4.58;4.62;4.67;4.74;4.82;4.90;5.00;5.09;5.20;5.30;5.41;5.52;5.63;5.75;5.87;5.99;6.12;6.26;6.41;6.58;6.76;6.95;7.17;7.40;7.66;7.94;8.25;8.59;8.95;9.34;9.75;10.18;10.64;11.10;11.57;12.04;12.49;12.91;13.28;13.60;13.84;14.02;;;;;;;;;;;;;;;;;;;;;;;;;;;;
-1.500;;;;;;;;;;;;;;;;;;;42.51;19.72;14.09;11.24;9.60;8.49;7.73;7.17;6.78;6.49;6.30;6.17;6.10;6.08;6.10;6.16;6.24;6.35;6.46;6.58;6.70;6.81;6.91;6.98;7.03;7.05;7.05;7.02;6.97;6.89;6.80;6.69;6.58;6.45;6.32;6.19;6.06;5.93;5.81;5.68;5.56;5.45;5.33;5.22;5.12;5.02;4.93;4.85;4.78;4.72;4.67;4.64;4.63;4.63;4.65;4.69;4.74;4.81;4.89;4.98;5.07;5.18;5.29;5.40;5.52;5.64;5.76;5.88;6.01;6.14;6.28;6.42;6.58;6.75;6.93;7.12;7.34;7.57;7.83;8.10;8.41;8.73;9.08;9.45;9.84;10.25;10.67;11.11;11.54;11.96;12.37;12.74;13.07;13.36;13.58;13.73;;;;;;;;;;;;;;;;;;;;;;;;;;;;
-1.600;;;;;;;;;;;;;;;;;;;63.13;21.97;15.11;11.83;10.00;8.78;7.96;7.35;6.92;6.60;6.39;6.24;6.15;6.11;6.12;6.16;6.24;6.33;6.43;6.55;6.67;6.78;6.88;6.96;7.02;7.06;7.07;7.06;7.02;6.97;6.89;6.80;6.69;6.58;6.46;6.33;6.20;6.07;5.95;5.82;5.69;5.57;5.45;5.33;5.22;5.12;5.02;4.94;4.86;4.80;4.75;4.72;4.71;4.71;4.73;4.77;4.82;4.89;4.97;5.06;5.17;5.28;5.39;5.51;5.63;5.76;5.89;6.02;6.15;6.29;6.43;6.58;6.74;6.91;7.09;7.29;7.50;7.73;7.98;8.24;8.53;8.84;9.17;9.52;9.88;10.26;10.66;11.05;11.45;11.83;12.20;12.54;12.84;13.10;13.30;13.46;;;;;;;;;;;;;;;;;;;;;;;;;;;;
-1.700;;;;;;;;;;;;;;;;;;;;25.12;16.39;12.53;10.47;9.12;8.21;7.55;7.08;6.73;6.48;6.31;6.21;6.15;6.14;6.17;6.22;6.30;6.40;6.51;6.63;6.74;6.84;6.93;7.01;7.06;7.09;7.10;7.08;7.04;6.98;6.91;6.82;6.71;6.60;6.48;6.36;6.23;6.10;5.97;5.84;5.71;5.58;5.46;5.34;5.23;5.13;5.04;4.96;4.89;4.84;4.81;4.79;4.80;4.82;4.86;4.91;4.98;5.06;5.16;5.27;5.38;5.50;5.63;5.76;5.89;6.03;6.17;6.31;6.45;6.60;6.75;6.91;7.08;7.25;7.44;7.65;7.87;8.10;8.35;8.62;8.91;9.22;9.54;9.88;10.22;10.58;10.94;11.30;11.65;11.99;12.30;12.58;12.83;13.04;13.21;;;;;;;;;;;;;;;;;;;;;;;;;;;;
-1.800;;;;;;;;;;;;;;;;;;;;29.76;18.05;13.39;11.02;9.50;8.50;7.78;7.26;6.87;6.59;6.39;6.27;6.19;6.16;6.17;6.21;6.28;6.37;6.47;6.58;6.69;6.80;6.90;6.98;7.05;7.10;7.13;7.13;7.12;7.08;7.02;6.95;6.86;6.75;6.64;6.52;6.39;6.26;6.13;5.99;5.86;5.72;5.59;5.47;5.35;5.24;5.15;5.06;5.00;4.94;4.91;4.89;4.90;4.92;4.95;5.01;5.08;5.17;5.27;5.38;5.50;5.63;5.76;5.90;6.04;6.18;6.32;6.47;6.61;6.76;6.91;7.07;7.23;7.40;7.58;7.78;7.98;8.20;8.43;8.68;8.94;9.22;9.52;9.82;10.14;10.46;10.79;11.12;11.44;11.75;12.05;12.32;12.58;12.80;;;;;;;;;;;;;;;;;;;;;;;;;;;;;
-1.900;;;;;;;;;;;;;;;;;;;;37.55;20.31;14.46;11.68;9.96;8.84;8.04;7.46;7.03;6.72;6.49;6.34;6.24;6.19;6.18;6.20;6.26;6.33;6.43;6.53;6.64;6.75;6.86;6.96;7.04;7.11;7.15;7.18;7.18;7.17;7.13;7.07;7.00;6.91;6.81;6.69;6.57;6.43;6.30;6.16;6.01;5.87;5.74;5.61;5.48;5.37;5.27;5.18;5.11;5.05;5.02;5.00;5.00;5.02;5.07;5.12;5.20;5.29;5.39;5.51;5.63;5.76;5.90;6.04;6.19;6.34;6.48;6.63;6.78;6.92;7.07;7.23;7.38;7.54;7.71;7.89;8.08;8.28;8.49;8.71;8.95;9.20;9.46;9.73;10.02;10.31;10.61;10.91;11.21;11.51;11.80;12.08;12.35;12.62;;;;;;;;;;;;;;;;;;;;;;;;;;;;;
-2.000;;;;;;;;;;;;;;;;;;;;;23.59;15.84;12.50;10.50;9.24;8.34;7.70;7.21;6.86;6.60;6.42;6.29;6.22;6.19;6.20;6.24;6.30;6.38;6.48;6.59;6.70;6.81;6.92;7.02;7.10;7.17;7.22;7.24;7.25;7.23;7.20;7.14;7.06;6.97;6.86;6.74;6.61;6.47;6.33;6.18;6.03;5.89;5.75;5.62;5.50;5.40;5.31;5.23;5.18;5.14;5.12;5.12;5.15;5.19;5.25;5.32;5.42;5.52;5.64;5.77;5.91;6.06;6.20;6.35;6.50;6.65;6.80;6.95;7.09;7.24;7.38;7.52;7.67;7.83;7.98;8.15;8.33;8.51;8.71;8.92;9.14;9.37;9.61;9.87;10.13;10.41;10.69;10.98;11.27;11.57;11.87;12.18;;;;;;;;;;;;;;;;;;;;;;;;;;;;;;
-2.100;;;;;;;;;;;;;;;;;;;;;28.89;17.71;13.54;11.17;9.71;8.69;7.97;7.43;7.03;6.73;6.52;6.36;6.27;6.21;6.20;6.22;6.27;6.35;6.44;6.54;6.65;6.76;6.88;6.99;7.09;7.17;7.24;7.29;7.32;7.33;7.31;7.27;7.21;7.13;7.03;6.92;6.79;6.65;6.50;6.35;6.20;6.05;5.90;5.77;5.64;5.54;5.44;5.37;5.31;5.27;5.25;5.26;5.28;5.32;5.38;5.47;5.56;5.67;5.80;5.93;6.08;6.22;6.38;6.53;6.68;6.83;6.98;7.12;7.26;7.40;7.53;7.66;7.79;7.93;8.07;8.21;8.36;8.52;8.69;8.87;9.06;9.26;9.48;9.71;9.95;10.21;10.48;10.76;11.06;11.38;11.72;12.08;;;;;;;;;;;;;;;;;;;;;;;;;;;;;;
-2.200;;;;;;;;;;;;;;;;;;;;;;20.37;14.91;12.00;10.30;9.12;8.30;7.68;7.23;6.89;6.64;6.45;6.33;6.25;6.22;6.22;6.25;6.31;6.39;6.49;6.60;6.71;6.83;6.95;7.06;7.16;7.25;7.32;7.38;7.41;7.41;7.39;7.35;7.28;7.19;7.08;6.96;6.82;6.67;6.52;6.36;6.21;6.06;5.92;5.80;5.68;5.59;5.51;5.45;5.42;5.40;5.40;5.43;5.47;5.54;5.62;5.72;5.84;5.97;6.11;6.26;6.41;6.57;6.72;6.88;7.03;7.17;7.31;7.44;7.56;7.68;7.80;7.91;8.02;8.13;8.25;8.38;8.51;8.65;8.80;8.96;9.14;9.34;9.55;9.77;10.02;10.29;10.58;10.90;11.24;11.63;;;;;;;;;;;;;;;;;;;;;;;;;;;;;;;
-2.300;;;;;;;;;;;;;;;;;;;;;;24.49;16.78;13.08;11.02;9.64;8.69;7.99;7.47;7.08;6.78;6.56;6.41;6.31;6.25;6.23;6.25;6.29;6.35;6.44;6.54;6.66;6.78;6.90;7.03;7.14;7.25;7.34;7.42;7.47;7.50;7.50;7.47;7.42;7.34;7.24;7.12;6.99;6.84;6.68;6.53;6.37;6.22;6.08;5.95;5.84;5.74;5.67;5.61;5.57;5.56;5.56;5.59;5.64;5.71;5.80;5.90;6.02;6.16;6.30;6.46;6.61;6.77;6.93;7.09;7.23;7.37;7.50;7.62;7.73;7.83;7.93;8.02;8.11;8.20;8.29;8.39;8.49;8.60;8.73;8.87;9.03;9.20;9.40;9.61;9.86;10.13;10.44;10.79;11.18;11.63;;;;;;;;;;;;;;;;;;;;;;;;;;;;;;;
-2.400;;;;;;;;;;;;;;;;;;;;;;;19.56;14.52;11.95;10.29;9.18;8.36;7.77;7.31;6.97;6.70;6.52;6.38;6.30;6.26;6.25;6.27;6.33;6.40;6.50;6.61;6.73;6.86;6.99;7.11;7.24;7.35;7.44;7.51;7.56;7.58;7.57;7.54;7.48;7.39;7.28;7.15;7.00;6.85;6.69;6.54;6.39;6.25;6.12;6.01;5.91;5.83;5.78;5.74;5.73;5.74;5.77;5.83;5.90;5.99;6.10;6.23;6.37;6.52;6.68;6.84;7.00;7.16;7.32;7.46;7.59;7.71;7.82;7.91;7.99;8.07;8.13;8.20;8.26;8.32;8.39;8.47;8.56;8.66;8.78;8.92;9.08;9.27;9.49;9.73;10.02;10.35;10.75;11.20;;;;;;;;;;;;;;;;;;;;;;;;;;;;;;;;
-2.500;;;;;;;;;;;;;;;;;;;;;;;24.04;16.55;13.18;11.11;9.78;8.82;8.12;7.59;7.19;6.88;6.65;6.48;6.37;6.30;6.27;6.28;6.31;6.37;6.46;6.56;6.68;6.81;6.94;7.08;7.21;7.33;7.44;7.54;7.60;7.65;7.66;7.64;7.59;7.52;7.42;7.29;7.16;7.01;6.86;6.70;6.56;6.42;6.29;6.18;6.09;6.01;5.96;5.93;5.92;5.94;5.97;6.03;6.11;6.21;6.33;6.46;6.61;6.76;6.93;7.10;7.26;7.42;7.57;7.71;7.83;7.94;8.03;8.10;8.17;8.21;8.25;8.29;8.32;8.36;8.41;8.46;8.53;8.61;8.71;8.84;8.99;9.18;9.40;9.66;9.97;10.34;10.79;11.32;;;;;;;;;;;;;;;;;;;;;;;;;;;;;;;;
-2.600;;;;;;;;;;;;;;;;;;;;;;;;19.66;14.90;12.20;10.56;9.39;8.57;7.94;7.47;7.10;6.83;6.62;6.47;6.37;6.32;6.30;6.32;6.36;6.43;6.53;6.64;6.76;6.90;7.03;7.17;7.31;7.43;7.54;7.63;7.69;7.72;7.72;7.69;7.63;7.54;7.43;7.30;7.16;7.02;6.87;6.73;6.59;6.47;6.36;6.28;6.21;6.16;6.14;6.13;6.15;6.20;6.26;6.35;6.46;6.58;6.72;6.88;7.04;7.21;7.38;7.55;7.71;7.86;7.99;8.10;8.19;8.27;8.32;8.35;8.38;8.39;8.40;8.40;8.41;8.43;8.46;8.51;8.58;8.67;8.79;8.94;9.13;9.36;9.64;9.99;10.41;10.94;;;;;;;;;;;;;;;;;;;;;;;;;;;;;;;;;
-2.700;;;;;;;;;;;;;;;;;;;;;;;;24.92;17.43;13.68;11.56;10.12;9.12;8.37;7.81;7.38;7.05;6.79;6.61;6.48;6.39;6.35;6.34;6.37;6.42;6.50;6.60;6.72;6.85;6.99;7.14;7.28;7.41;7.53;7.64;7.71;7.76;7.78;7.77;7.73;7.65;7.56;7.44;7.31;7.18;7.04;6.90;6.78;6.66;6.56;6.48;6.42;6.38;6.36;6.36;6.39;6.44;6.52;6.61;6.73;6.87;7.02;7.18;7.36;7.53;7.71;7.88;8.04;8.18;8.31;8.41;8.48;8.53;8.56;8.57;8.56;8.54;8.52;8.50;8.48;8.48;8.49;8.52;8.57;8.66;8.77;8.93;9.13;9.38;9.70;10.09;10.58;11.21;;;;;;;;;;;;;;;;;;;;;;;;;;;;;;;;;
-2.800;;;;;;;;;;;;;;;;;;;;;;;;;21.74;15.88;12.97;11.09;9.85;8.92;8.25;7.73;7.33;7.02;6.79;6.62;6.50;6.43;6.40;6.40;6.44;6.50;6.59;6.69;6.82;6.95;7.10;7.24;7.38;7.52;7.63;7.72;7.79;7.83;7.83;7.80;7.75;7.67;7.57;7.46;7.33;7.21;7.08;6.97;6.86;6.77;6.70;6.65;6.61;6.61;6.62;6.66;6.72;6.81;6.92;7.05;7.19;7.36;7.53;7.72;7.90;8.09;8.26;8.42;8.56;8.67;8.75;8.81;8.83;8.83;8.81;8.77;8.72;8.67;8.62;8.58;8.55;8.54;8.56;8.60;8.69;8.80;8.97;9.19;9.48;9.83;10.30;10.87;;;;;;;;;;;;;;;;;;;;;;;;;;;;;;;;;;
-2.900;;;;;;;;;;;;;;;;;;;;;;;;;;19.32;14.97;12.39;10.79;9.63;8.80;8.16;7.69;7.31;7.02;6.81;6.65;6.54;6.48;6.46;6.47;6.52;6.59;6.68;6.80;6.93;7.07;7.21;7.35;7.49;7.62;7.72;7.80;7.86;7.88;7.87;7.84;7.78;7.69;7.60;7.49;7.38;7.27;7.17;7.07;7.00;6.94;6.90;6.88;6.88;6.91;6.96;7.03;7.14;7.26;7.40;7.56;7.74;7.93;8.13;8.33;8.52;8.70;8.85;8.98;9.08;9.15;9.18;9.17;9.14;9.08;9.01;8.93;8.84;8.77;8.70;8.65;8.63;8.63;8.67;8.76;8.88;9.07;9.31;9.64;10.06;10.61;;;;;;;;;;;;;;;;;;;;;;;;;;;;;;;;;;;
-3.000;;;;;;;;;;;;;;;;;;;;;;;;;;26.02;18.27;14.33;12.11;10.58;9.53;8.73;8.14;7.68;7.33;7.05;6.85;6.70;6.61;6.56;6.54;6.56;6.62;6.69;6.79;6.91;7.05;7.19;7.33;7.47;7.60;7.72;7.81;7.88;7.92;7.93;7.92;7.88;7.81;7.74;7.65;7.56;7.46;7.38;7.30;7.24;7.19;7.17;7.17;7.19;7.23;7.30;7.39;7.51;7.65;7.81;7.99;8.19;8.40;8.61;8.82;9.03;9.21;9.36;9.49;9.57;9.61;9.61;9.58;9.51;9.41;9.30;9.18;9.06;8.95;8.86;8.79;8.76;8.76;8.80;8.89;9.03;9.24;9.52;9.91;10.41;;;;;;;;;;;;;;;;;;;;;;;;;;;;;;;;;;;;
-3.100;;;;;;;;;;;;;;;;;;;;;;;;;;;24.23;17.30;13.99;11.87;10.49;9.47;8.73;8.15;7.71;7.37;7.11;6.92;6.78;6.70;6.65;6.65;6.68;6.73;6.82;6.92;7.04;7.18;7.32;7.46;7.59;7.71;7.82;7.90;7.96;7.99;7.99;7.97;7.93;7.88;7.81;7.74;7.67;7.60;7.55;7.50;7.48;7.47;7.49;7.52;7.59;7.67;7.79;7.93;8.09;8.28;8.48;8.70;8.94;9.17;9.40;9.61;9.80;9.96;10.07;10.14;10.15;10.12;10.04;9.93;9.79;9.63;9.47;9.32;9.18;9.06;8.98;8.93;8.93;8.97;9.07;9.24;9.48;9.82;10.28;10.89;;;;;;;;;;;;;;;;;;;;;;;;;;;;;;;;;;;;
-3.200;;;;;;;;;;;;;;;;;;;;;;;;;;;;23.03;17.12;13.82;11.86;10.48;9.51;8.77;8.22;7.78;7.46;7.20;7.02;6.89;6.81;6.77;6.78;6.81;6.87;6.96;7.07;7.19;7.32;7.46;7.59;7.72;7.83;7.93;8.00;8.05;8.07;8.08;8.06;8.03;7.99;7.94;7.89;7.85;7.82;7.80;7.79;7.81;7.84;7.91;7.99;8.11;8.25;8.41;8.61;8.82;9.06;9.31;9.58;9.84;10.09;10.32;10.52;10.67;10.77;10.81;10.80;10.72;10.59;10.43;10.23;10.03;9.82;9.63;9.46;9.32;9.22;9.16;9.16;9.21;9.33;9.53;9.83;10.23;10.80;;;;;;;;;;;;;;;;;;;;;;;;;;;;;;;;;;;;;
-3.300;;;;;;;;;;;;;;;;;;;;;;;;;;;;;22.77;16.86;13.85;11.87;10.56;9.58;8.87;8.31;7.90;7.57;7.33;7.15;7.03;6.95;6.92;6.93;6.97;7.04;7.13;7.23;7.36;7.49;7.62;7.74;7.86;7.97;8.05;8.12;8.17;8.19;8.20;8.19;8.18;8.16;8.14;8.12;8.11;8.12;8.14;8.18;8.24;8.34;8.45;8.60;8.77;8.97;9.20;9.45;9.73;10.02;10.32;10.62;10.90;11.16;11.37;11.52;11.60;11.61;11.55;11.42;11.23;11.01;10.75;10.49;10.24;10.00;9.79;9.63;9.51;9.44;9.44;9.51;9.67;9.91;10.27;10.77;;;;;;;;;;;;;;;;;;;;;;;;;;;;;;;;;;;;;;
-3.400;;;;;;;;;;;;;;;;;;;;;;;;;;;;;40.36;23.03;17.33;14.07;12.13;10.74;9.78;9.04;8.49;8.06;7.74;7.50;7.32;7.20;7.14;7.11;7.12;7.16;7.23;7.32;7.43;7.55;7.67;7.80;7.92;8.03;8.13;8.21;8.28;8.32;8.36;8.38;8.39;8.40;8.41;8.42;8.44;8.48;8.53;8.61;8.70;8.83;8.98;9.16;9.38;9.63;9.90;10.21;10.54;10.88;11.24;11.58;11.90;12.18;12.41;12.56;12.62;12.59;12.47;12.27;12.01;11.70;11.37;11.04;10.73;10.44;10.20;10.00;9.87;9.80;9.81;9.91;10.10;10.41;10.87;;;;;;;;;;;;;;;;;;;;;;;;;;;;;;;;;;;;;;;
-3.500;;;;;;;;;;;;;;;;;;;;;;;;;;;;;;38.47;23.93;17.63;14.47;12.39;11.03;10.01;9.27;8.70;8.28;7.95;7.71;7.53;7.42;7.35;7.33;7.34;7.38;7.45;7.54;7.65;7.77;7.89;8.01;8.12;8.23;8.33;8.41;8.48;8.54;8.59;8.63;8.67;8.71;8.75;8.81;8.88;8.97;9.08;9.21;9.38;9.58;9.81;10.08;10.38;10.72;11.09;11.49;11.90;12.32;12.73;13.11;13.43;13.67;13.81;13.84;13.76;13.56;13.28;12.92;12.51;12.09;11.68;11.30;10.95;10.67;10.45;10.30;10.23;10.26;10.39;10.64;11.03;;;;;;;;;;;;;;;;;;;;;;;;;;;;;;;;;;;;;;;;
-3.600;;;;;;;;;;;;;;;;;;;;;;;;;;;;;;;52.05;25.89;18.98;15.17;12.99;11.46;10.41;9.61;9.02;8.57;8.24;7.98;7.81;7.69;7.62;7.60;7.61;7.65;7.72;7.81;7.92;8.03;8.15;8.27;8.38;8.49;8.59;8.68;8.76;8.83;8.91;8.98;9.05;9.13;9.23;9.34;9.47;9.63;9.81;10.03;10.29;10.58;10.92;11.30;11.72;12.18;12.67;13.18;13.70;14.19;14.65;15.02;15.28;15.41;15.40;15.23;14.93;14.52;14.03;13.49;12.96;12.44;11.97;11.56;11.23;10.98;10.82;10.76;10.82;10.99;11.33;;;;;;;;;;;;;;;;;;;;;;;;;;;;;;;;;;;;;;;;;
-3.700;;;;;;;;;;;;;;;;;;;;;;;;;;;;;;;;51.03;28.61;20.05;16.11;13.61;12.02;10.86;10.03;9.40;8.93;8.58;8.32;8.13;8.01;7.94;7.91;7.92;7.97;8.04;8.12;8.23;8.34;8.45;8.57;8.69;8.80;8.91;9.02;9.12;9.22;9.33;9.44;9.56;9.70;9.86;10.04;10.25;10.49;10.77;11.10;11.47;11.89;12.37;12.90;13.48;14.09;14.74;15.38;16.00;16.55;16.99;17.29;17.40;17.32;17.03;16.58;16.00;15.33;14.64;13.95;13.31;12.74;12.26;11.88;11.59;11.43;11.38;11.48;11.73;;;;;;;;;;;;;;;;;;;;;;;;;;;;;;;;;;;;;;;;;;
-3.800;;;;;;;;;;;;;;;;;;;;;;;;;;;;;;;;;-218.93;35.06;23.29;17.72;14.81;12.87;11.58;10.63;9.94;9.42;9.04;8.75;8.56;8.42;8.34;8.31;8.32;8.36;8.42;8.51;8.61;8.72;8.84;8.96;9.09;9.22;9.35;9.48;9.61;9.75;9.90;10.07;10.25;10.46;10.70;10.98;11.29;11.66;12.08;12.56;13.10;13.71;14.39;15.13;15.93;16.77;17.61;18.41;19.12;19.66;20.00;20.06;19.85;19.37;18.69;17.85;16.94;16.02;15.14;14.34;13.65;13.07;12.63;12.32;12.15;12.14;12.30;;;;;;;;;;;;;;;;;;;;;;;;;;;;;;;;;;;;;;;;;;;
-3.900;;;;;;;;;;;;;;;;;;;;;;;;;;;;;;;;;;;44.89;26.31;19.82;16.13;13.94;12.42;11.37;10.59;10.02;9.59;9.28;9.06;8.91;8.82;8.78;8.78;8.82;8.88;8.97;9.07;9.19;9.31;9.45;9.59;9.74;9.90;10.06;10.24;10.43;10.65;10.89;11.16;11.47;11.82;12.23;12.70;13.23;13.84;14.53;15.33;16.21;17.19;18.24;19.35;20.47;21.53;22.47;23.15;23.52;23.49;23.08;22.31;21.27;20.08;18.83;17.61;16.48;15.49;14.65;13.98;13.47;13.13;12.98;13.01;;;;;;;;;;;;;;;;;;;;;;;;;;;;;;;;;;;;;;;;;;;;
-4.000;;;;;;;;;;;;;;;;;;;;;;;;;;;;;;;;;;;;92.11;37.02;23.90;18.71;15.65;13.77;12.45;11.53;10.84;10.35;9.98;9.73;9.55;9.44;9.39;9.38;9.40;9.46;9.55;9.66;9.78;9.92;10.07;10.24;10.42;10.62;10.84;11.08;11.35;11.65;12.00;12.39;12.84;13.36;13.96;14.65;15.45;16.36;17.41;18.59;19.92;21.37;22.93;24.50;26.00;27.29;28.18;28.57;28.33;27.52;26.22;24.60;22.84;21.09;19.46;18.02;16.78;15.77;14.98;14.42;14.06;;;;;;;;;;;;;;;;;;;;;;;;;;;;;;;;;;;;;;;;;;;;;;
-4.100;;;;;;;;;;;;;;;;;;;;;;;;;;;;;;;;;;;;;-625.04;49.91;29.88;21.91;17.94;15.45;13.84;12.69;11.88;11.28;10.85;10.54;10.33;10.19;10.12;10.10;10.12;10.17;10.26;10.38;10.52;10.68;10.86;11.07;11.30;11.56;11.85;12.18;12.55;12.99;13.48;14.05;14.70;15.48;16.36;17.41;18.61;20.02;21.63;23.48;25.52;27.75;30.04;32.21;34.05;35.22;35.56;34.89;33.36;31.17;28.65;26.08;23.66;21.50;19.66;18.14;16.95;16.04;15.41;;;;;;;;;;;;;;;;;;;;;;;;;;;;;;;;;;;;;;;;;;;;;;;
-4.200;;;;;;;;;;;;;;;;;;;;;;;;;;;;;;;;;;;;;;;28.98;52.20;29.92;22.27;18.44;16.05;14.50;13.40;12.62;12.06;11.66;11.38;11.19;11.09;11.04;11.05;11.10;11.19;11.32;11.48;11.67;11.90;12.17;12.47;12.82;13.22;13.67;14.21;14.82;15.55;16.39;17.39;18.55;19.95;21.58;23.55;25.83;28.54;31.60;35.02;38.61;42.03;44.84;46.37;46.34;44.55;41.45;37.59;33.55;29.75;26.40;23.58;21.28;19.46;18.07;17.06;;;;;;;;;;;;;;;;;;;;;;;;;;;;;;;;;;;;;;;;;;;;;;;;
-4.300;;;;;;;;;;;;;;;;;;;;;;;;;;;;;;;;;;;;;;;;-211.66;115.02;43.10;29.12;22.70;19.18;16.93;15.44;14.38;13.63;13.10;12.72;12.47;12.31;12.24;12.23;12.27;12.37;12.52;12.72;12.96;13.25;13.60;14.01;14.49;15.04;15.70;16.47;17.39;18.46;19.76;21.30;23.19;25.43;28.20;31.51;35.56;40.30;45.78;51.65;57.26;61.66;63.43;62.13;57.80;51.70;45.06;38.79;33.39;28.95;25.41;22.66;20.56;;;;;;;;;;;;;;;;;;;;;;;;;;;;;;;;;;;;;;;;;;;;;;;;;;
-4.400;;;;;;;;;;;;;;;;;;;;;;;;;;;;;;;;;;;;;;;;;;38.47;-0.78;57.60;33.59;25.54;21.41;18.87;17.20;16.05;15.24;14.68;14.29;14.04;13.90;13.86;13.89;14.00;14.17;14.42;14.73;15.12;15.59;16.16;16.83;17.64;18.60;19.78;21.17;22.89;24.96;27.58;30.77;34.86;39.91;46.40;54.34;64.01;74.72;84.83;91.75;92.08;85.87;75.07;63.07;52.13;43.05;35.96;30.52;26.41;;;;;;;;;;;;;;;;;;;;;;;;;;;;;;;;;;;;;;;;;;;;;;;;;;;;
-4.500;;;;;;;;;;;;;;;;;;;;;;;;;;;;;;;;;;;;;;;;;;;;-141.18;213.87;58.38;37.44;28.86;24.26;21.43;19.57;18.29;17.41;16.80;16.40;16.16;16.06;16.07;16.18;16.40;16.71;17.14;17.67;18.34;19.15;20.15;21.35;22.85;24.66;26.96;29.77;33.43;38.01;44.13;51.98;62.64;76.34;93.98;114.03;131.82;140.21;132.45;113.33;90.95;71.14;55.87;44.56;36.40;;;;;;;;;;;;;;;;;;;;;;;;;;;;;;;;;;;;;;;;;;;;;;;;;;;;;;
-4.600;;;;;;;;;;;;;;;;;;;;;;;;;;;;;;;;;;;;;;;;;;;;;;1541.73;9.22;95.22;57.25;38.36;30.62;26.41;23.79;22.08;20.92;20.16;19.68;19.42;19.35;19.46;19.71;20.13;20.70;21.47;22.44;23.68;25.20;27.13;29.52;32.62;36.51;41.73;48.46;57.87;70.43;88.47;112.75;144.85;179.35;200.02;193.48;161.26;123.09;91.45;68.26;52.33;;;;;;;;;;;;;;;;;;;;;;;;;;;;;;;;;;;;;;;;;;;;;;;;;;;;;;;;
-4.700;;;;;;;;;;;;;;;;;;;;;;;;;;;;;;;;;;;;;;;;;;;;;;;;-30.76;-330.98;-50.64;81.22;51.87;40.00;33.83;30.08;27.72;26.15;25.17;24.59;24.35;24.38;24.69;25.23;26.07;27.20;28.70;30.60;33.10;36.24;40.41;45.74;53.08;62.74;76.59;95.47;122.83;158.78;200.20;230.94;224.94;187.12;140.22;101.24;74.07;;;;;;;;;;;;;;;;;;;;;;;;;;;;;;;;;;;;;;;;;;;;;;;;;;;;;;;;;;
-4.800;;;;;;;;;;;;;;;;;;;;;;;;;;;;;;;;;;;;;;;;;;;;;;;;;;;-562.84;-348.22;-51.81;37.98;76.62;54.32;44.63;39.54;36.45;34.65;33.64;33.29;33.44;34.11;35.24;36.96;39.26;42.40;46.43;51.87;58.86;68.46;80.91;97.99;119.64;146.07;172.58;187.59;182.06;154.38;119.83;;;;;;;;;;;;;;;;;;;;;;;;;;;;;;;;;;;;;;;;;;;;;;;;;;;;;;;;;;;;;
-4.900;;;;;;;;;;;;;;;;;;;;;;;;;;;;;;;;;;;;;;;;;;;;;;;;;;;;;;;-128.22;634.49;192.70;104.14;75.91;63.47;56.48;52.67;50.59;49.92;50.25;51.63;53.91;57.37;61.96;68.17;75.92;85.85;97.51;110.48;122.78;130.39;130.49;;;;;;;;;;;;;;;;;;;;;;;;;;;;;;;;;;;;;;;;;;;;;;;;;;;;;;;;;;;;;;;;;
-5.000;;;;;;;;;;;;;;;;;;;;;;;;;;;;;;;;;;;;;;;;;;;;;;;;;;;;;;;;;;;;;-151.41;-179.84;153.54;114.22;97.85;90.76;87.48;87.02;88.16;90.66;93.78;;;;;;;;;;;;;;;;;;;;;;;;;;;;;;;;;;;;;;;;;;;;;;;;;;;;;;;;;;;;;;;;;;;;;;;
-5.100;;;;;;;;;;;;;;;;;;;;;;;;;;;;;;;;;;;;;;;;;;;;;;;;;;;;;;;;;;;;;;;;;;;;;;;;;;;;;;;;;;;;;;;;;;;;;;;;;;;;;;;;;;;;;;;;;;;;;;;;;;;;;;;;;;;;;;;;;;;;;;
-5.200;;;;;;;;;;;;;;;;;;;;;;;;;;;;;;;;;;;;;;;;;;;;;;;;;;;;;;;;;;;;;;;;;;;;;;;;;;;;;;;;;;;;;;;;;;;;;;;;;;;;;;;;;;;;;;;;;;;;;;;;;;;;;;;;;;;;;;;;;;;;;;
-5.300;;;;;;;;;;;;;;;;;;;;;;;;;;;;;;;;;;;;;;;;;;;;;;;;;;;;;;;;;;;;;;;;;;;;;;;;;;;;;;;;;;;;;;;;;;;;;;;;;;;;;;;;;;;;;;;;;;;;;;;;;;;;;;;;;;;;;;;;;;;;;;
-5.400;;;;;;;;;;;;;;;;;;;;;;;;;;;;;;;;;;;;;;;;;;;;;;;;;;;;;;;;;;;;;;;;;;;;;;;;;;;;;;;;;;;;;;;;;;;;;;;;;;;;;;;;;;;;;;;;;;;;;;;;;;;;;;;;;;;;;;;;;;;;;;
-5.500;;;;;;;;;;;;;;;;;;;;;;;;;;;;;;;;;;;;;;;;;;;;;;;;;;;;;;;;;;;;;;;;;;;;;;;;;;;;;;;;;;;;;;;;;;;;;;;;;;;;;;;;;;;;;;;;;;;;;;;;;;;;;;;;;;;;;;;;;;;;;;
-5.600;;;;;;;;;;;;;;;;;;;;;;;;;;;;;;;;;;;;;;;;;;;;;;;;;;;;;;;;;;;;;;;;;;;;;;;;;;;;;;;;;;;;;;;;;;;;;;;;;;;;;;;;;;;;;;;;;;;;;;;;;;;;;;;;;;;;;;;;;;;;;;
-5.700;;;;;;;;;;;;;;;;;;;;;;;;;;;;;;;;;;;;;;;;;;;;;;;;;;;;;;;;;;;;;;;;;;;;;;;;;;;;;;;;;;;;;;;;;;;;;;;;;;;;;;;;;;;;;;;;;;;;;;;;;;;;;;;;;;;;;;;;;;;;;;
-5.800;;;;;;;;;;;;;;;;;;;;;;;;;;;;;;;;;;;;;;;;;;;;;;;;;;;;;;;;;;;;;;;;;;;;;;;;;;;;;;;;;;;;;;;;;;;;;;;;;;;;;;;;;;;;;;;;;;;;;;;;;;;;;;;;;;;;;;;;;;;;;;
-5.900;;;;;;;;;;;;;;;;;;;;;;;;;;;;;;;;;;;;;;;;;;;;;;;;;;;;;;;;;;;;;;;;;;;;;;;;;;;;;;;;;;;;;;;;;;;;;;;;;;;;;;;;;;;;;;;;;;;;;;;;;;;;;;;;;;;;;;;;;;;;;;
-6.000;;;;;;;;;;;;;;;;;;;;;;;;;;;;;;;;;;;;;;;;;;;;;;;;;;;;;;;;;;;;;;;;;;;;;;;;;;;;;;;;;;;;;;;;;;;;;;;;;;;;;;;;;;;;;;;;;;;;;;;;;;;;;;;;;;;;;;;;;;;;;;
-6.100;;;;;;;;;;;;;;;;;;;;;;;;;;;;;;;;;;;;;;;;;;;;;;;;;;;;;;;;;;;;;;;;;;;;;;;;;;;;;;;;;;;;;;;;;;;;;;;;;;;;;;;;;;;;;;;;;;;;;;;;;;;;;;;;;;;;;;;;;;;;;;
-6.200;;;;;;;;;;;;;;;;;;;;;;;;;;;;;;;;;;;;;;;;;;;;;;;;;;;;;;;;;;;;;;;;;;;;;;;;;;;;;;;;;;;;;;;;;;;;;;;;;;;;;;;;;;;;;;;;;;;;;;;;;;;;;;;;;;;;;;;;;;;;;;
-6.300;;;;;;;;;;;;;;;;;;;;;;;;;;;;;;;;;;;;;;;;;;;;;;;;;;;;;;;;;;;;;;;;;;;;;;;;;;;;;;;;;;;;;;;;;;;;;;;;;;;;;;;;;;;;;;;;;;;;;;;;;;;;;;;;;;;;;;;;;;;;;;
-6.400;;;;;;;;;;;;;;;;;;;;;;;;;;;;;;;;;;;;;;;;;;;;;;;;;;;;;;;;;;;;;;;;;;;;;;;;;;;;;;;;;;;;;;;;;;;;;;;;;;;;;;;;;;;;;;;;;;;;;;;;;;;;;;;;;;;;;;;;;;;;;;
-6.500;;;;;;;;;;;;;;;;;;;;;;;;;;;;;;;;;;;;;;;;;;;;;;;;;;;;;;;;;;;;;;;;;;;;;;;;;;;;;;;;;;;;;;;;;;;;;;;;;;;;;;;;;;;;;;;;;;;;;;;;;;;;;;;;;;;;;;;;;;;;;;
-6.600;;;;;;;;;;;;;;;;;;;;;;;;;;;;;;;;;;;;;;;;;;;;;;;;;;;;;;;;;;;;;;;;;;;;;;;;;;;;;;;;;;;;;;;;;;;;;;;;;;;;;;;;;;;;;;;;;;;;;;;;;;;;;;;;;;;;;;;;;;;;;;
-6.700;;;;;;;;;;;;;;;;;;;;;;;;;;;;;;;;;;;;;;;;;;;;;;;;;;;;;;;;;;;;;;;;;;;;;;;;;;;;;;;;;;;;;;;;;;;;;;;;;;;;;;;;;;;;;;;;;;;;;;;;;;;;;;;;;;;;;;;;;;;;;;
-6.800;;;;;;;;;;;;;;;;;;;;;;;;;;;;;;;;;;;;;;;;;;;;;;;;;;;;;;;;;;;;;;;;;;;;;;;;;;;;;;;;;;;;;;;;;;;;;;;;;;;;;;;;;;;;;;;;;;;;;;;;;;;;;;;;;;;;;;;;;;;;;;
-6.900;;;;;;;;;;;;;;;;;;;;;;;;;;;;;;;;;;;;;;;;;;;;;;;;;;;;;;;;;;;;;;;;;;;;;;;;;;;;;;;;;;;;;;;;;;;;;;;;;;;;;;;;;;;;;;;;;;;;;;;;;;;;;;;;;;;;;;;;;;;;;;
-7.000;;;;;;;;;;;;;;;;;;;;;;;;;;;;;;;;;;;;;;;;;;;;;;;;;;;;;;;;;;;;;;;;;;;;;;;;;;;;;;;;;;;;;;;;;;;;;;;;;;;;;;;;;;;;;;;;;;;;;;;;;;;;;;;;;;;;;;;;;;;;;;
TOTAL CORNEAL REFRACTIVE POWER;-7.000;-6.900;-6.800;-6.700;-6.600;-6.500;-6.400;-6.300;-6.200;-6.100;-6.000;-5.900;-5.800;-5.700;-5.600;-5.500;-5.400;-5.300;-5.200;-5.100;-5.000;-4.900;-4.800;-4.700;-4.600;-4.500;-4.400;-4.300;-4.200;-4.100;-4.000;-3.900;-3.800;-3.700;-3.600;-3.500;-3.400;-3.300;-3.200;-3.100;-3.000;-2.900;-2.800;-2.700;-2.600;-2.500;-2.400;-2.300;-2.200;-2.100;-2.000;-1.900;-1.800;-1.700;-1.600;-1.500;-1.400;-1.300;-1.200;-1.100;-1.000;-0.900;-0.800;-0.700;-0.600;-0.500;-0.400;-0.300;-0.200;-0.100;0.000;0.100;0.200;0.300;0.400;0.500;0.600;0.700;0.800;0.900;1.000;1.100;1.200;1.300;1.400;1.500;1.600;1.700;1.800;1.900;2.000;2.100;2.200;2.300;2.400;2.500;2.600;2.700;2.800;2.900;3.000;3.100;3.200;3.300;3.400;3.500;3.600;3.700;3.800;3.900;4.000;4.100;4.200;4.300;4.400;4.500;4.600;4.700;4.800;4.900;5.000;5.100;5.200;5.300;5.400;5.500;5.600;5.700;5.800;5.900;6.000;6.100;6.200;6.300;6.400;6.500;6.600;6.700;6.800;6.900;7.000;
7.000;;;;;;;;;;;;;;;;;;;;;;;;;;;;;;;;;;;;;;;;;;;;;;;;;;;;;;;;;;;;;;;;;;;;;;;;;;;;;;;;;;;;;;;;;;;;;;;;;;;;;;;;;;;;;;;;;;;;;;;;;;;;;;;;;;;;;;;;;;;;;;
6.900;;;;;;;;;;;;;;;;;;;;;;;;;;;;;;;;;;;;;;;;;;;;;;;;;;;;;;;;;;;;;;;;;;;;;;;;;;;;;;;;;;;;;;;;;;;;;;;;;;;;;;;;;;;;;;;;;;;;;;;;;;;;;;;;;;;;;;;;;;;;;;
6.800;;;;;;;;;;;;;;;;;;;;;;;;;;;;;;;;;;;;;;;;;;;;;;;;;;;;;;;;;;;;;;;;;;;;;;;;;;;;;;;;;;;;;;;;;;;;;;;;;;;;;;;;;;;;;;;;;;;;;;;;;;;;;;;;;;;;;;;;;;;;;;
6.700;;;;;;;;;;;;;;;;;;;;;;;;;;;;;;;;;;;;;;;;;;;;;;;;;;;;;;;;;;;;;;;;;;;;;;;;;;;;;;;;;;;;;;;;;;;;;;;;;;;;;;;;;;;;;;;;;;;;;;;;;;;;;;;;;;;;;;;;;;;;;;
6.600;;;;;;;;;;;;;;;;;;;;;;;;;;;;;;;;;;;;;;;;;;;;;;;;;;;;;;;;;;;;;;;;;;;;;;;;;;;;;;;;;;;;;;;;;;;;;;;;;;;;;;;;;;;;;;;;;;;;;;;;;;;;;;;;;;;;;;;;;;;;;;
6.500;;;;;;;;;;;;;;;;;;;;;;;;;;;;;;;;;;;;;;;;;;;;;;;;;;;;;;;;;;;;;;;;;;;;;;;;;;;;;;;;;;;;;;;;;;;;;;;;;;;;;;;;;;;;;;;;;;;;;;;;;;;;;;;;;;;;;;;;;;;;;;
6.400;;;;;;;;;;;;;;;;;;;;;;;;;;;;;;;;;;;;;;;;;;;;;;;;;;;;;;;;;;;;;;;;;;;;;;;;;;;;;;;;;;;;;;;;;;;;;;;;;;;;;;;;;;;;;;;;;;;;;;;;;;;;;;;;;;;;;;;;;;;;;;
6.300;;;;;;;;;;;;;;;;;;;;;;;;;;;;;;;;;;;;;;;;;;;;;;;;;;;;;;;;;;;;;;;;;;;;;;;;;;;;;;;;;;;;;;;;;;;;;;;;;;;;;;;;;;;;;;;;;;;;;;;;;;;;;;;;;;;;;;;;;;;;;;
6.200;;;;;;;;;;;;;;;;;;;;;;;;;;;;;;;;;;;;;;;;;;;;;;;;;;;;;;;;;;;;;;;;;;;;;;;;;;;;;;;;;;;;;;;;;;;;;;;;;;;;;;;;;;;;;;;;;;;;;;;;;;;;;;;;;;;;;;;;;;;;;;
6.100;;;;;;;;;;;;;;;;;;;;;;;;;;;;;;;;;;;;;;;;;;;;;;;;;;;;;;;;;;;;;;;;;;;;;;;;;;;;;;;;;;;;;;;;;;;;;;;;;;;;;;;;;;;;;;;;;;;;;;;;;;;;;;;;;;;;;;;;;;;;;;
6.000;;;;;;;;;;;;;;;;;;;;;;;;;;;;;;;;;;;;;;;;;;;;;;;;;;;;;;;;;;;;;;;;;;;;;;;;;;;;;;;;;;;;;;;;;;;;;;;;;;;;;;;;;;;;;;;;;;;;;;;;;;;;;;;;;;;;;;;;;;;;;;
5.900;;;;;;;;;;;;;;;;;;;;;;;;;;;;;;;;;;;;;;;;;;;;;;;;;;;;;;;;;;;;;;;;;;;;;;;;;;;;;;;;;;;;;;;;;;;;;;;;;;;;;;;;;;;;;;;;;;;;;;;;;;;;;;;;;;;;;;;;;;;;;;
5.800;;;;;;;;;;;;;;;;;;;;;;;;;;;;;;;;;;;;;;;;;;;;;;;;;;;;;;;;;;;;;;;;;;;;;;;;;;;;;;;;;;;;;;;;;;;;;;;;;;;;;;;;;;;;;;;;;;;;;;;;;;;;;;;;;;;;;;;;;;;;;;
5.700;;;;;;;;;;;;;;;;;;;;;;;;;;;;;;;;;;;;;;;;;;;;;;;;;;;;;;;;;;;;;;;;;;;;;;;;;;;;;;;;;;;;;;;;;;;;;;;;;;;;;;;;;;;;;;;;;;;;;;;;;;;;;;;;;;;;;;;;;;;;;;
5.600;;;;;;;;;;;;;;;;;;;;;;;;;;;;;;;;;;;;;;;;;;;;;;;;;;;;;;;;;;;;;;;;;;;;;;;;;;;;;;;;;;;;;;;;;;;;;;;;;;;;;;;;;;;;;;;;;;;;;;;;;;;;;;;;;;;;;;;;;;;;;;
5.500;;;;;;;;;;;;;;;;;;;;;;;;;;;;;;;;;;;;;;;;;;;;;;;;;;;;;;;;;;;;;;;;;;;;;;;;;;;;;;;;;;;;;;;;;;;;;;;;;;;;;;;;;;;;;;;;;;;;;;;;;;;;;;;;;;;;;;;;;;;;;;
5.400;;;;;;;;;;;;;;;;;;;;;;;;;;;;;;;;;;;;;;;;;;;;;;;;;;;;;;;;;;;;;;;;;;;;;;;;;;;;;;;;;;;;;;;;;;;;;;;;;;;;;;;;;;;;;;;;;;;;;;;;;;;;;;;;;;;;;;;;;;;;;;
5.300;;;;;;;;;;;;;;;;;;;;;;;;;;;;;;;;;;;;;;;;;;;;;;;;;;;;;;;;;;;;;;;;;;;;;;;;;;;;;;;;;;;;;;;;;;;;;;;;;;;;;;;;;;;;;;;;;;;;;;;;;;;;;;;;;;;;;;;;;;;;;;
5.200;;;;;;;;;;;;;;;;;;;;;;;;;;;;;;;;;;;;;;;;;;;;;;;;;;;;;;;;;;;;;;;;;;;;;;;;;;;;;;;;;;;;;;;;;;;;;;;;;;;;;;;;;;;;;;;;;;;;;;;;;;;;;;;;;;;;;;;;;;;;;;
5.100;;;;;;;;;;;;;;;;;;;;;;;;;;;;;;;;;;;;;;;;;;;;;;;;;;;;;;;;;;;;;;;;;;;;;;;;;;;;;;;;;;;;;;;;;;;;;;;;;;;;;;;;;;;;;;;;;;;;;;;;;;;;;;;;;;;;;;;;;;;;;;
5.000;;;;;;;;;;;;;;;;;;;;;;;;;;;;;;;;;;;;;;;;;;;;;;;;;;;;;;;;;;;;;;;;;;;;;;;;;;;;;;;;;;;;;;;;;;;;;;;;;;;;;;;;;;;;;;;;;;;;;;;;;;;;;;;;;;;;;;;;;;;;;;
4.900;;;;;;;;;;;;;;;;;;;;;;;;;;;;;;;;;;;;;;;;;;;;;;;;;;;;;;;;;;;;;;;;;;;;;;;;;;;;;;;;;;;;;;;;;;;;;;;;;;;;;;;;;;;;;;;;;;;;;;;;;;;;;;;;;;;;;;;;;;;;;;
4.800;;;;;;;;;;;;;;;;;;;;;;;;;;;;;;;;;;;;;;;;;;;;;;;;;;;;;;;;;;;;;;;;;;;;;;;;;;;;;;;;;;;;;;;;;;;;;;;;;;;;;;;;;;;;;;;;;;;;;;;;;;;;;;;;;;;;;;;;;;;;;;
4.700;;;;;;;;;;;;;;;;;;;;;;;;;;;;;;;;;;;;;;;;;;;;;;;;;;;;;;;;;;;;;;43.9;43.8;43.7;43.6;43.5;43.4;43.3;43.2;43.1;42.9;;;;;;;;;;;;;;;;;;;;;;;;;;;;;;;;;;;;;;;;;;;;;;;;;;;;;;;;;;;;;;;;;;;;;;;
4.600;;;;;;;;;;;;;;;;;;;;;;;;;;;;;;;;;;;;;;;;;;;;;;;;;;;;;;;;44.3;44.3;44.3;44.3;44.2;44.2;44.1;44.1;44.0;43.9;43.8;43.7;43.6;43.5;43.4;43.2;43.1;42.9;42.8;42.6;42.4;42.2;;;;;;;;;;;;;;;;;;;;;;;;;;;;;;;;;;;;;;;;;;;;;;;;;;;;;;;;;;;;;;;;;
4.500;;;;;;;;;;;;;;;;;;;;;;;;;;;;;;;;;;;;;;;;;;;;;;;;;;;;44.3;44.4;44.5;44.5;44.5;44.5;44.6;44.5;44.5;44.5;44.4;44.4;44.3;44.2;44.1;44.0;43.9;43.8;43.7;43.6;43.4;43.3;43.1;43.0;42.8;42.6;42.4;42.2;42.0;41.8;;;;;;;;;;;;;;;;;;;;;;;;;;;;;;;;;;;;;;;;;;;;;;;;;;;;;;;;;;;;;
4.400;;;;;;;;;;;;;;;;;;;;;;;;;;;;;;;;;;;;;;;;;;;;;;;;;44.3;44.4;44.5;44.6;44.7;44.7;44.8;44.8;44.8;44.8;44.8;44.8;44.8;44.7;44.7;44.6;44.5;44.5;44.4;44.3;44.2;44.0;43.9;43.8;43.6;43.5;43.3;43.2;43.0;42.8;42.6;42.4;42.3;42.1;41.8;41.6;;;;;;;;;;;;;;;;;;;;;;;;;;;;;;;;;;;;;;;;;;;;;;;;;;;;;;;;;;
4.300;;;;;;;;;;;;;;;;;;;;;;;;;;;;;;;;;;;;;;;;;;;;;;44.2;44.3;44.4;44.6;44.7;44.8;44.9;44.9;45.0;45.1;45.1;45.1;45.1;45.1;45.1;45.1;45.0;45.0;44.9;44.8;44.8;44.7;44.6;44.5;44.4;44.3;44.2;44.0;43.9;43.7;43.6;43.4;43.3;43.1;42.9;42.7;42.5;42.3;42.1;41.9;41.7;41.5;;;;;;;;;;;;;;;;;;;;;;;;;;;;;;;;;;;;;;;;;;;;;;;;;;;;;;;
4.200;;;;;;;;;;;;;;;;;;;;;;;;;;;;;;;;;;;;;;;;;;;;44.1;44.3;44.4;44.6;44.7;44.8;44.9;45.0;45.1;45.2;45.3;45.3;45.3;45.4;45.4;45.4;45.4;45.3;45.3;45.3;45.2;45.1;45.1;45.0;44.9;44.8;44.7;44.6;44.5;44.4;44.3;44.1;44.0;43.9;43.7;43.5;43.4;43.2;43.0;42.8;42.6;42.4;42.2;42.0;41.8;41.6;;;;;;;;;;;;;;;;;;;;;;;;;;;;;;;;;;;;;;;;;;;;;;;;;;;;;
4.100;;;;;;;;;;;;;;;;;;;;;;;;;;;;;;;;;;;;;;;;;;44.0;44.2;44.3;44.5;44.7;44.8;45.0;45.1;45.2;45.3;45.4;45.5;45.5;45.6;45.6;45.6;45.6;45.6;45.6;45.6;45.5;45.5;45.5;45.4;45.4;45.3;45.2;45.2;45.1;45.0;44.9;44.8;44.7;44.5;44.4;44.3;44.1;44.0;43.8;43.7;43.5;43.3;43.1;42.9;42.7;42.6;42.4;42.2;42.0;41.8;;;;;;;;;;;;;;;;;;;;;;;;;;;;;;;;;;;;;;;;;;;;;;;;;;;
4.000;;;;;;;;;;;;;;;;;;;;;;;;;;;;;;;;;;;;;;;;43.9;44.1;44.2;44.4;44.6;44.8;44.9;45.1;45.2;45.3;45.4;45.5;45.6;45.7;45.7;45.8;45.8;45.8;45.8;45.8;45.8;45.8;45.8;45.7;45.7;45.7;45.6;45.6;45.5;45.4;45.4;45.3;45.2;45.1;45.0;44.9;44.8;44.7;44.6;44.4;44.3;44.1;44.0;43.8;43.6;43.4;43.3;43.1;42.9;42.7;42.5;42.3;42.1;41.9;;;;;;;;;;;;;;;;;;;;;;;;;;;;;;;;;;;;;;;;;;;;;;;;;
3.900;;;;;;;;;;;;;;;;;;;;;;;;;;;;;;;;;;;;;;;43.9;44.1;44.3;44.5;44.7;44.9;45.0;45.2;45.3;45.5;45.6;45.7;45.8;45.8;45.9;45.9;46.0;46.0;46.0;46.0;46.0;46.0;46.0;46.0;46.0;45.9;45.9;45.9;45.8;45.8;45.7;45.7;45.6;45.5;45.5;45.4;45.3;45.2;45.1;45.0;44.8;44.7;44.6;44.4;44.3;44.1;43.9;43.8;43.6;43.4;43.2;43.0;42.9;42.7;42.5;42.3;;;;;;;;;;;;;;;;;;;;;;;;;;;;;;;;;;;;;;;;;;;;;;;;
3.800;;;;;;;;;;;;;;;;;;;;;;;;;;;;;;;;;;;;;43.8;44.0;44.2;44.4;44.6;44.8;45.0;45.1;45.3;45.4;45.6;45.7;45.8;45.9;45.9;46.0;46.1;46.1;46.1;46.1;46.2;46.2;46.2;46.2;46.1;46.1;46.1;46.1;46.1;46.0;46.0;46.0;45.9;45.9;45.9;45.8;45.7;45.7;45.6;45.5;45.4;45.3;45.2;45.1;45.0;44.9;44.7;44.6;44.4;44.2;44.1;43.9;43.7;43.6;43.4;43.2;43.0;42.8;42.6;42.4;;;;;;;;;;;;;;;;;;;;;;;;;;;;;;;;;;;;;;;;;;;;;;
3.700;;;;;;;;;;;;;;;;;;;;;;;;;;;;;;;;;;;;43.9;44.1;44.3;44.5;44.7;44.9;45.0;45.2;45.4;45.5;45.7;45.8;45.9;46.0;46.1;46.1;46.2;46.2;46.2;46.3;46.3;46.3;46.3;46.3;46.3;46.3;46.3;46.3;46.2;46.2;46.2;46.2;46.2;46.1;46.1;46.1;46.0;46.0;45.9;45.9;45.8;45.7;45.7;45.6;45.5;45.4;45.2;45.1;45.0;44.8;44.7;44.5;44.4;44.2;44.0;43.9;43.7;43.5;43.3;43.1;42.9;42.7;;;;;;;;;;;;;;;;;;;;;;;;;;;;;;;;;;;;;;;;;;;;;
3.600;;;;;;;;;;;;;;;;;;;;;;;;;;;;;;;;;;;44.0;44.2;44.4;44.6;44.8;44.9;45.1;45.3;45.5;45.6;45.8;45.9;46.0;46.1;46.2;46.2;46.3;46.3;46.4;46.4;46.4;46.4;46.4;46.4;46.4;46.4;46.4;46.4;46.4;46.4;46.4;46.4;46.3;46.3;46.3;46.3;46.3;46.2;46.2;46.2;46.1;46.1;46.0;45.9;45.9;45.8;45.7;45.6;45.5;45.4;45.2;45.1;45.0;44.8;44.7;44.5;44.3;44.2;44.0;43.8;43.6;43.4;43.2;43.0;;;;;;;;;;;;;;;;;;;;;;;;;;;;;;;;;;;;;;;;;;;;
3.500;;;;;;;;;;;;;;;;;;;;;;;;;;;;;;;;;;44.1;44.3;44.5;44.7;44.9;45.0;45.2;45.4;45.6;45.7;45.9;46.0;46.1;46.2;46.3;46.3;46.4;46.4;46.5;46.5;46.5;46.5;46.5;46.5;46.5;46.5;46.5;46.5;46.5;46.5;46.5;46.5;46.5;46.5;46.4;46.4;46.4;46.4;46.4;46.4;46.4;46.3;46.3;46.2;46.2;46.1;46.0;46.0;45.9;45.8;45.7;45.6;45.5;45.3;45.2;45.1;44.9;44.8;44.6;44.4;44.3;44.1;43.9;43.7;43.5;43.3;43.1;;;;;;;;;;;;;;;;;;;;;;;;;;;;;;;;;;;;;;;;;;
3.400;;;;;;;;;;;;;;;;;;;;;;;;;;;;;;;;44.0;44.2;44.4;44.6;44.8;45.0;45.1;45.3;45.5;45.7;45.8;46.0;46.1;46.2;46.3;46.4;46.4;46.5;46.5;46.6;46.6;46.6;46.6;46.6;46.6;46.6;46.6;46.6;46.6;46.6;46.6;46.6;46.5;46.5;46.5;46.5;46.5;46.5;46.5;46.5;46.5;46.5;46.5;46.4;46.4;46.4;46.3;46.3;46.2;46.2;46.1;46.0;45.9;45.8;45.7;45.6;45.5;45.4;45.3;45.1;45.0;44.8;44.7;44.5;44.3;44.1;43.9;43.7;43.5;43.3;;;;;;;;;;;;;;;;;;;;;;;;;;;;;;;;;;;;;;;;;
3.300;;;;;;;;;;;;;;;;;;;;;;;;;;;;;;;44.2;44.3;44.5;44.7;44.9;45.1;45.2;45.4;45.6;45.8;45.9;46.1;46.2;46.3;46.4;46.5;46.5;46.6;46.6;46.7;46.7;46.7;46.7;46.7;46.7;46.7;46.7;46.7;46.7;46.6;46.6;46.6;46.6;46.6;46.6;46.6;46.6;46.6;46.6;46.6;46.6;46.5;46.5;46.5;46.5;46.5;46.5;46.4;46.4;46.4;46.3;46.3;46.2;46.1;46.1;46.0;45.9;45.8;45.7;45.6;45.4;45.3;45.2;45.0;44.9;44.7;44.5;44.3;44.1;43.9;43.7;43.5;;;;;;;;;;;;;;;;;;;;;;;;;;;;;;;;;;;;;;;;
3.200;;;;;;;;;;;;;;;;;;;;;;;;;;;;;;44.3;44.5;44.6;44.8;45.0;45.2;45.4;45.5;45.7;45.9;46.0;46.2;46.3;46.4;46.5;46.6;46.7;46.7;46.7;46.8;46.8;46.8;46.8;46.8;46.8;46.8;46.7;46.7;46.7;46.7;46.7;46.7;46.7;46.6;46.6;46.6;46.6;46.6;46.6;46.6;46.6;46.6;46.6;46.6;46.5;46.5;46.5;46.5;46.5;46.5;46.4;46.4;46.4;46.3;46.3;46.2;46.1;46.1;46.0;45.9;45.8;45.7;45.6;45.5;45.3;45.2;45.0;44.9;44.7;44.5;44.3;44.1;43.9;43.7;;;;;;;;;;;;;;;;;;;;;;;;;;;;;;;;;;;;;;;
3.100;;;;;;;;;;;;;;;;;;;;;;;;;;;;;;44.6;44.8;44.9;45.1;45.3;45.5;45.7;45.8;46.0;46.2;46.3;46.4;46.5;46.6;46.7;46.8;46.8;46.8;46.8;46.8;46.8;46.8;46.8;46.8;46.8;46.8;46.8;46.8;46.7;46.7;46.7;46.7;46.7;46.7;46.6;46.6;46.6;46.6;46.6;46.6;46.6;46.5;46.5;46.5;46.5;46.5;46.5;46.5;46.5;46.5;46.5;46.4;46.4;46.4;46.4;46.3;46.3;46.2;46.1;46.1;46.0;45.9;45.8;45.7;45.6;45.5;45.3;45.2;45.0;44.9;44.7;44.5;44.2;44.0;43.8;;;;;;;;;;;;;;;;;;;;;;;;;;;;;;;;;;;;;;
3.000;;;;;;;;;;;;;;;;;;;;;;;;;;;;;44.7;44.9;45.1;45.2;45.4;45.6;45.8;45.9;46.1;46.3;46.4;46.5;46.7;46.7;46.8;46.8;46.9;46.9;46.9;46.9;46.9;46.9;46.9;46.9;46.8;46.8;46.8;46.8;46.8;46.7;46.7;46.7;46.7;46.6;46.6;46.6;46.6;46.6;46.5;46.5;46.5;46.5;46.5;46.5;46.5;46.5;46.4;46.4;46.4;46.4;46.4;46.4;46.4;46.4;46.4;46.4;46.3;46.3;46.3;46.2;46.2;46.1;46.1;46.0;45.9;45.8;45.7;45.6;45.4;45.3;45.1;45.0;44.8;44.6;44.3;44.1;43.8;;;;;;;;;;;;;;;;;;;;;;;;;;;;;;;;;;;;;
2.900;;;;;;;;;;;;;;;;;;;;;;;;;;;;44.9;45.0;45.2;45.4;45.5;45.7;45.9;46.1;46.2;46.4;46.5;46.6;46.8;46.8;46.9;46.9;46.9;47.0;47.0;47.0;46.9;46.9;46.9;46.9;46.9;46.8;46.8;46.8;46.8;46.7;46.7;46.7;46.6;46.6;46.6;46.6;46.5;46.5;46.5;46.5;46.4;46.4;46.4;46.4;46.4;46.4;46.4;46.3;46.3;46.3;46.3;46.3;46.3;46.3;46.3;46.3;46.3;46.3;46.3;46.3;46.3;46.2;46.2;46.2;46.1;46.0;46.0;45.9;45.8;45.7;45.5;45.4;45.2;45.0;44.8;44.6;44.4;44.1;43.9;;;;;;;;;;;;;;;;;;;;;;;;;;;;;;;;;;;;
2.800;;;;;;;;;;;;;;;;;;;;;;;;;;;45.0;45.2;45.3;45.5;45.7;45.8;46.0;46.2;46.3;46.5;46.6;46.8;46.9;46.9;47.0;47.0;47.0;47.0;47.0;47.0;47.0;47.0;46.9;46.9;46.9;46.8;46.8;46.8;46.7;46.7;46.7;46.7;46.6;46.6;46.6;46.5;46.5;46.5;46.4;46.4;46.4;46.3;46.3;46.3;46.3;46.3;46.2;46.2;46.2;46.2;46.2;46.2;46.2;46.2;46.2;46.3;46.3;46.3;46.3;46.3;46.3;46.3;46.3;46.2;46.2;46.2;46.1;46.1;46.0;45.9;45.8;45.7;45.6;45.4;45.3;45.1;44.9;44.6;44.4;44.1;;;;;;;;;;;;;;;;;;;;;;;;;;;;;;;;;;;;
2.700;;;;;;;;;;;;;;;;;;;;;;;;;;45.1;45.3;45.4;45.6;45.8;45.9;46.1;46.3;46.4;46.6;46.7;46.9;46.9;47.0;47.0;47.1;47.1;47.1;47.0;47.0;47.0;47.0;46.9;46.9;46.9;46.8;46.8;46.8;46.7;46.7;46.6;46.6;46.6;46.5;46.5;46.5;46.4;46.4;46.4;46.3;46.3;46.3;46.2;46.2;46.2;46.1;46.1;46.1;46.1;46.1;46.1;46.1;46.1;46.1;46.1;46.1;46.1;46.2;46.2;46.2;46.2;46.2;46.3;46.3;46.3;46.2;46.2;46.2;46.2;46.1;46.0;46.0;45.9;45.8;45.6;45.5;45.3;45.1;44.9;44.6;44.4;44.1;;;;;;;;;;;;;;;;;;;;;;;;;;;;;;;;;;;
2.600;;;;;;;;;;;;;;;;;;;;;;;;;;45.4;45.5;45.7;45.9;46.0;46.2;46.4;46.5;46.7;46.8;46.9;47.0;47.1;47.1;47.1;47.1;47.1;47.1;47.0;47.0;47.0;46.9;46.9;46.9;46.8;46.8;46.7;46.7;46.6;46.6;46.6;46.5;46.5;46.4;46.4;46.4;46.3;46.3;46.2;46.2;46.2;46.1;46.1;46.0;46.0;46.0;46.0;45.9;45.9;45.9;45.9;45.9;45.9;45.9;45.9;46.0;46.0;46.0;46.1;46.1;46.1;46.2;46.2;46.2;46.2;46.2;46.2;46.2;46.2;46.2;46.1;46.1;46.0;45.9;45.8;45.6;45.5;45.3;45.1;44.8;44.6;44.3;44.1;;;;;;;;;;;;;;;;;;;;;;;;;;;;;;;;;;
2.500;;;;;;;;;;;;;;;;;;;;;;;;;45.5;45.6;45.8;46.0;46.1;46.3;46.4;46.6;46.8;46.9;47.0;47.1;47.1;47.1;47.1;47.1;47.1;47.1;47.1;47.0;47.0;46.9;46.9;46.8;46.8;46.7;46.7;46.6;46.6;46.5;46.5;46.4;46.4;46.4;46.3;46.3;46.2;46.2;46.1;46.1;46.1;46.0;46.0;45.9;45.9;45.9;45.8;45.8;45.8;45.7;45.7;45.7;45.7;45.7;45.7;45.8;45.8;45.8;45.9;45.9;46.0;46.0;46.1;46.1;46.2;46.2;46.2;46.2;46.2;46.2;46.2;46.2;46.1;46.1;46.0;45.9;45.8;45.6;45.5;45.3;45.0;44.8;44.5;44.3;;;;;;;;;;;;;;;;;;;;;;;;;;;;;;;;;;
2.400;;;;;;;;;;;;;;;;;;;;;;;;45.6;45.7;45.9;46.0;46.2;46.4;46.5;46.7;46.8;47.0;47.1;47.1;47.2;47.2;47.2;47.2;47.2;47.1;47.1;47.0;47.0;46.9;46.9;46.8;46.8;46.7;46.6;46.6;46.5;46.5;46.4;46.4;46.3;46.3;46.2;46.2;46.1;46.1;46.1;46.0;46.0;45.9;45.9;45.8;45.8;45.7;45.7;45.6;45.6;45.6;45.5;45.5;45.5;45.5;45.5;45.5;45.6;45.6;45.7;45.7;45.8;45.8;45.9;46.0;46.0;46.1;46.1;46.2;46.2;46.2;46.3;46.2;46.2;46.2;46.2;46.1;46.0;45.9;45.8;45.6;45.4;45.2;45.0;44.7;44.5;44.2;;;;;;;;;;;;;;;;;;;;;;;;;;;;;;;;;
2.300;;;;;;;;;;;;;;;;;;;;;;;;45.8;45.9;46.1;46.3;46.4;46.6;46.7;46.9;47.0;47.1;47.2;47.2;47.2;47.2;47.2;47.2;47.1;47.1;47.0;47.0;46.9;46.9;46.8;46.7;46.7;46.6;46.5;46.5;46.4;46.4;46.3;46.3;46.2;46.2;46.1;46.1;46.0;46.0;45.9;45.9;45.8;45.8;45.7;45.7;45.6;45.6;45.5;45.5;45.4;45.4;45.4;45.3;45.3;45.3;45.3;45.3;45.4;45.4;45.5;45.5;45.6;45.7;45.7;45.8;45.9;46.0;46.1;46.1;46.2;46.2;46.3;46.3;46.3;46.2;46.2;46.2;46.1;46.0;45.9;45.7;45.5;45.3;45.1;44.9;44.6;44.3;44.1;;;;;;;;;;;;;;;;;;;;;;;;;;;;;;;;
2.200;;;;;;;;;;;;;;;;;;;;;;;45.8;46.0;46.1;46.3;46.5;46.6;46.8;46.9;47.0;47.2;47.2;47.3;47.3;47.3;47.2;47.2;47.2;47.1;47.1;47.0;46.9;46.9;46.8;46.7;46.6;46.6;46.5;46.4;46.4;46.3;46.2;46.2;46.1;46.1;46.0;46.0;45.9;45.9;45.8;45.8;45.7;45.7;45.6;45.6;45.5;45.5;45.4;45.3;45.3;45.2;45.2;45.2;45.1;45.1;45.1;45.1;45.1;45.2;45.2;45.3;45.3;45.4;45.5;45.6;45.7;45.8;45.9;46.0;46.0;46.1;46.2;46.2;46.3;46.3;46.3;46.3;46.2;46.1;46.1;46.0;45.8;45.7;45.5;45.3;45.0;44.8;44.5;44.2;;;;;;;;;;;;;;;;;;;;;;;;;;;;;;;;
2.100;;;;;;;;;;;;;;;;;;;;;;;46.0;46.2;46.3;46.5;46.6;46.8;46.9;47.1;47.2;47.3;47.3;47.3;47.3;47.3;47.2;47.2;47.1;47.1;47.0;46.9;46.9;46.8;46.7;46.6;46.5;46.5;46.4;46.3;46.2;46.2;46.1;46.0;46.0;45.9;45.9;45.8;45.8;45.7;45.7;45.6;45.6;45.5;45.5;45.4;45.4;45.3;45.2;45.2;45.1;45.1;45.0;45.0;44.9;44.9;44.9;44.9;44.9;45.0;45.0;45.1;45.2;45.2;45.3;45.4;45.5;45.6;45.7;45.9;46.0;46.0;46.1;46.2;46.2;46.3;46.3;46.3;46.3;46.2;46.1;46.0;45.9;45.8;45.6;45.4;45.2;44.9;44.6;44.4;44.1;;;;;;;;;;;;;;;;;;;;;;;;;;;;;;;
2.000;;;;;;;;;;;;;;;;;;;;;;46.0;46.2;46.4;46.5;46.7;46.8;47.0;47.1;47.2;47.3;47.3;47.3;47.3;47.3;47.3;47.2;47.2;47.1;47.0;46.9;46.9;46.8;46.7;46.6;46.5;46.4;46.3;46.3;46.2;46.1;46.0;46.0;45.9;45.9;45.8;45.8;45.7;45.6;45.6;45.6;45.5;45.4;45.4;45.3;45.3;45.2;45.2;45.1;45.0;45.0;44.9;44.8;44.8;44.8;44.7;44.7;44.7;44.7;44.8;44.8;44.9;45.0;45.1;45.2;45.3;45.4;45.5;45.6;45.7;45.9;46.0;46.1;46.2;46.2;46.3;46.3;46.3;46.3;46.3;46.2;46.1;46.0;45.9;45.7;45.5;45.3;45.0;44.8;44.5;44.2;;;;;;;;;;;;;;;;;;;;;;;;;;;;;;;
1.900;;;;;;;;;;;;;;;;;;;;;;46.2;46.4;46.5;46.7;46.8;47.0;47.1;47.2;47.3;47.3;47.4;47.4;47.3;47.3;47.3;47.2;47.1;47.0;47.0;46.9;46.8;46.7;46.6;46.5;46.4;46.3;46.2;46.2;46.1;46.0;45.9;45.9;45.8;45.7;45.7;45.6;45.6;45.5;45.5;45.4;45.4;45.3;45.3;45.2;45.2;45.1;45.0;44.9;44.9;44.8;44.7;44.7;44.6;44.6;44.6;44.5;44.5;44.6;44.6;44.6;44.7;44.8;44.9;45.0;45.1;45.2;45.4;45.5;45.6;45.8;45.9;46.0;46.1;46.2;46.3;46.3;46.3;46.3;46.3;46.3;46.2;46.1;46.0;45.8;45.6;45.4;45.2;44.9;44.6;44.3;44.1;;;;;;;;;;;;;;;;;;;;;;;;;;;;;;
1.800;;;;;;;;;;;;;;;;;;;;;46.2;46.3;46.5;46.7;46.8;46.9;47.1;47.2;47.3;47.3;47.4;47.4;47.4;47.3;47.3;47.2;47.2;47.1;47.0;46.9;46.8;46.7;46.6;46.5;46.4;46.3;46.2;46.1;46.0;46.0;45.9;45.8;45.7;45.7;45.6;45.6;45.5;45.5;45.4;45.4;45.3;45.3;45.2;45.2;45.1;45.0;45.0;44.9;44.8;44.8;44.7;44.6;44.5;44.5;44.4;44.4;44.4;44.4;44.4;44.4;44.5;44.5;44.6;44.7;44.8;45.0;45.1;45.2;45.4;45.5;45.6;45.8;45.9;46.0;46.1;46.2;46.3;46.3;46.4;46.4;46.3;46.3;46.2;46.0;45.9;45.7;45.5;45.3;45.0;44.8;44.5;44.2;;;;;;;;;;;;;;;;;;;;;;;;;;;;;;
1.700;;;;;;;;;;;;;;;;;;;;;46.3;46.5;46.6;46.8;46.9;47.1;47.2;47.3;47.4;47.4;47.4;47.4;47.4;47.3;47.3;47.2;47.1;47.0;46.9;46.8;46.7;46.6;46.5;46.4;46.3;46.2;46.1;46.0;46.0;45.9;45.8;45.7;45.6;45.6;45.5;45.5;45.4;45.4;45.3;45.3;45.2;45.2;45.1;45.1;45.0;45.0;44.9;44.8;44.7;44.7;44.6;44.5;44.4;44.3;44.3;44.3;44.2;44.2;44.2;44.3;44.3;44.4;44.5;44.6;44.7;44.8;44.9;45.1;45.2;45.4;45.5;45.7;45.8;46.0;46.1;46.2;46.3;46.3;46.4;46.4;46.4;46.3;46.2;46.1;46.0;45.8;45.6;45.4;45.1;44.9;44.6;44.3;44.0;;;;;;;;;;;;;;;;;;;;;;;;;;;;;
1.600;;;;;;;;;;;;;;;;;;;;46.3;46.4;46.6;46.8;46.9;47.0;47.2;47.3;47.3;47.4;47.4;47.4;47.4;47.4;47.3;47.2;47.2;47.1;47.0;46.9;46.8;46.7;46.6;46.5;46.4;46.2;46.1;46.0;46.0;45.9;45.8;45.7;45.6;45.6;45.5;45.4;45.4;45.3;45.3;45.2;45.2;45.1;45.1;45.1;45.0;44.9;44.9;44.8;44.7;44.7;44.6;44.5;44.4;44.3;44.2;44.2;44.1;44.1;44.1;44.1;44.1;44.2;44.2;44.3;44.4;44.6;44.7;44.8;45.0;45.1;45.3;45.4;45.6;45.8;45.9;46.0;46.1;46.2;46.3;46.4;46.4;46.4;46.4;46.3;46.2;46.1;45.9;45.7;45.5;45.2;45.0;44.7;44.4;44.1;;;;;;;;;;;;;;;;;;;;;;;;;;;;;
1.500;;;;;;;;;;;;;;;;;;;;46.4;46.6;46.7;46.9;47.0;47.1;47.2;47.3;47.4;47.4;47.4;47.4;47.4;47.3;47.3;47.2;47.1;47.0;46.9;46.8;46.7;46.6;46.5;46.4;46.3;46.2;46.1;46.0;45.9;45.8;45.7;45.6;45.5;45.5;45.4;45.4;45.3;45.3;45.2;45.2;45.1;45.1;45.0;45.0;45.0;44.9;44.8;44.8;44.7;44.6;44.5;44.4;44.3;44.2;44.1;44.1;44.0;44.0;44.0;44.0;44.0;44.1;44.1;44.2;44.3;44.4;44.6;44.7;44.9;45.0;45.2;45.4;45.5;45.7;45.8;46.0;46.1;46.2;46.3;46.4;46.4;46.4;46.4;46.4;46.3;46.2;46.0;45.8;45.6;45.4;45.1;44.8;44.5;44.3;;;;;;;;;;;;;;;;;;;;;;;;;;;;;
1.400;;;;;;;;;;;;;;;;;;;;46.5;46.7;46.8;46.9;47.1;47.2;47.3;47.4;47.4;47.4;47.4;47.4;47.4;47.3;47.3;47.2;47.1;47.0;46.9;46.8;46.7;46.6;46.4;46.3;46.2;46.1;46.0;45.9;45.8;45.7;45.6;45.6;45.5;45.4;45.4;45.3;45.3;45.2;45.2;45.1;45.1;45.1;45.0;45.0;44.9;44.9;44.8;44.8;44.7;44.6;44.5;44.4;44.3;44.2;44.1;44.0;43.9;43.9;43.9;43.9;43.9;44.0;44.0;44.1;44.2;44.3;44.5;44.6;44.8;44.9;45.1;45.3;45.4;45.6;45.8;45.9;46.0;46.2;46.3;46.4;46.4;46.4;46.5;46.4;46.3;46.2;46.1;45.9;45.7;45.5;45.2;44.9;44.6;44.4;44.1;;;;;;;;;;;;;;;;;;;;;;;;;;;;
1.300;;;;;;;;;;;;;;;;;;;46.4;46.6;46.7;46.9;47.0;47.1;47.3;47.3;47.4;47.4;47.5;47.4;47.4;47.4;47.3;47.2;47.1;47.1;47.0;46.8;46.7;46.6;46.5;46.4;46.3;46.2;46.1;46.0;45.9;45.8;45.7;45.6;45.5;45.4;45.4;45.3;45.3;45.2;45.2;45.1;45.1;45.1;45.0;45.0;45.0;44.9;44.9;44.8;44.8;44.7;44.6;44.5;44.4;44.3;44.2;44.0;44.0;43.9;43.8;43.8;43.8;43.8;43.9;44.0;44.0;44.2;44.3;44.4;44.6;44.7;44.9;45.0;45.2;45.4;45.6;45.7;45.9;46.0;46.1;46.3;46.3;46.4;46.5;46.5;46.5;46.4;46.3;46.2;46.0;45.8;45.6;45.3;45.0;44.8;44.5;44.2;;;;;;;;;;;;;;;;;;;;;;;;;;;;
1.200;;;;;;;;;;;;;;;;;;;46.5;46.7;46.8;47.0;47.1;47.2;47.3;47.4;47.4;47.5;47.5;47.4;47.4;47.4;47.3;47.2;47.1;47.0;46.9;46.8;46.7;46.6;46.5;46.4;46.2;46.1;46.0;45.9;45.8;45.7;45.6;45.6;45.5;45.4;45.4;45.3;45.2;45.2;45.2;45.1;45.1;45.1;45.0;45.0;45.0;45.0;44.9;44.9;44.8;44.7;44.6;44.5;44.4;44.3;44.1;44.0;43.9;43.9;43.8;43.8;43.8;43.8;43.8;43.9;44.0;44.1;44.2;44.4;44.5;44.7;44.8;45.0;45.2;45.3;45.5;45.7;45.8;46.0;46.1;46.2;46.3;46.4;46.5;46.5;46.5;46.5;46.4;46.3;46.1;45.9;45.7;45.4;45.1;44.9;44.6;44.3;;;;;;;;;;;;;;;;;;;;;;;;;;;;
1.100;;;;;;;;;;;;;;;;;;;46.6;46.7;46.9;47.0;47.2;47.3;47.4;47.4;47.5;47.5;47.5;47.4;47.4;47.3;47.3;47.2;47.1;47.0;46.9;46.8;46.7;46.6;46.4;46.3;46.2;46.1;46.0;45.9;45.8;45.7;45.6;45.5;45.5;45.4;45.3;45.3;45.2;45.2;45.2;45.1;45.1;45.1;45.1;45.0;45.0;45.0;45.0;44.9;44.9;44.8;44.7;44.6;44.4;44.3;44.2;44.0;43.9;43.9;43.8;43.8;43.8;43.8;43.8;43.9;44.0;44.1;44.2;44.3;44.5;44.6;44.8;45.0;45.1;45.3;45.5;45.7;45.8;46.0;46.1;46.2;46.3;46.4;46.5;46.5;46.5;46.5;46.5;46.3;46.2;46.0;45.8;45.5;45.2;45.0;44.7;44.4;44.1;;;;;;;;;;;;;;;;;;;;;;;;;;;
1.000;;;;;;;;;;;;;;;;;;46.5;46.7;46.8;47.0;47.1;47.2;47.3;47.4;47.5;47.5;47.5;47.5;47.4;47.4;47.3;47.3;47.2;47.1;47.0;46.9;46.8;46.7;46.5;46.4;46.3;46.2;46.1;46.0;45.9;45.8;45.7;45.6;45.5;45.5;45.4;45.4;45.3;45.3;45.2;45.2;45.2;45.1;45.1;45.1;45.1;45.1;45.1;45.0;45.0;45.0;44.9;44.8;44.7;44.5;44.4;44.2;44.1;44.0;43.9;43.8;43.8;43.8;43.8;43.9;43.9;44.0;44.1;44.2;44.4;44.5;44.7;44.8;45.0;45.1;45.3;45.5;45.7;45.8;46.0;46.1;46.2;46.3;46.4;46.5;46.6;46.6;46.6;46.5;46.4;46.3;46.1;45.9;45.6;45.3;45.1;44.8;44.5;44.2;;;;;;;;;;;;;;;;;;;;;;;;;;;
0.900;;;;;;;;;;;;;;;;;;46.6;46.7;46.9;47.0;47.2;47.3;47.4;47.5;47.5;47.5;47.5;47.5;47.5;47.4;47.3;47.3;47.2;47.1;47.0;46.9;46.8;46.6;46.5;46.4;46.3;46.2;46.1;46.0;45.9;45.8;45.7;45.6;45.6;45.5;45.4;45.4;45.3;45.3;45.3;45.2;45.2;45.2;45.2;45.2;45.2;45.2;45.2;45.2;45.1;45.1;45.0;44.9;44.8;44.6;44.5;44.3;44.1;44.0;43.9;43.9;43.8;43.8;43.9;43.9;44.0;44.1;44.2;44.3;44.4;44.5;44.7;44.8;45.0;45.2;45.3;45.5;45.7;45.8;46.0;46.1;46.2;46.4;46.5;46.5;46.6;46.6;46.6;46.6;46.5;46.4;46.2;46.0;45.7;45.4;45.2;44.9;44.6;44.3;;;;;;;;;;;;;;;;;;;;;;;;;;;
0.800;;;;;;;;;;;;;;;;;;46.7;46.8;46.9;47.1;47.2;47.3;47.4;47.5;47.5;47.5;47.5;47.5;47.5;47.4;47.3;47.3;47.2;47.1;47.0;46.9;46.7;46.6;46.5;46.4;46.3;46.2;46.1;46.0;45.9;45.8;45.7;45.6;45.6;45.5;45.5;45.4;45.4;45.3;45.3;45.3;45.3;45.3;45.3;45.3;45.3;45.3;45.3;45.3;45.3;45.2;45.2;45.1;44.9;44.8;44.6;44.4;44.2;44.1;44.0;43.9;43.9;43.9;43.9;44.0;44.1;44.1;44.2;44.4;44.5;44.6;44.8;44.9;45.1;45.2;45.4;45.5;45.7;45.9;46.0;46.1;46.3;46.4;46.5;46.6;46.6;46.7;46.7;46.6;46.6;46.4;46.3;46.1;45.8;45.5;45.2;45.0;44.7;44.4;;;;;;;;;;;;;;;;;;;;;;;;;;;
0.700;;;;;;;;;;;;;;;;;;46.7;46.9;47.0;47.1;47.3;47.4;47.5;47.5;47.6;47.6;47.6;47.5;47.5;47.4;47.4;47.3;47.2;47.1;47.0;46.9;46.8;46.6;46.5;46.4;46.3;46.2;46.1;46.0;45.9;45.8;45.7;45.7;45.6;45.5;45.5;45.5;45.4;45.4;45.4;45.3;45.3;45.3;45.3;45.3;45.4;45.4;45.4;45.4;45.4;45.4;45.4;45.3;45.1;44.9;44.7;44.5;44.3;44.1;44.1;44.0;44.0;44.0;44.0;44.1;44.2;44.3;44.4;44.5;44.6;44.7;44.9;45.0;45.1;45.3;45.5;45.6;45.8;45.9;46.1;46.2;46.3;46.4;46.5;46.6;46.7;46.7;46.7;46.7;46.6;46.5;46.3;46.1;45.9;45.6;45.3;45.0;44.7;44.5;44.2;;;;;;;;;;;;;;;;;;;;;;;;;;
0.600;;;;;;;;;;;;;;;;;;46.8;46.9;47.1;47.2;47.3;47.4;47.5;47.6;47.6;47.6;47.6;47.5;47.5;47.4;47.4;47.3;47.2;47.1;47.0;46.9;46.8;46.6;46.5;46.4;46.3;46.2;46.1;46.0;45.9;45.9;45.8;45.7;45.6;45.6;45.5;45.5;45.5;45.4;45.4;45.4;45.4;45.4;45.4;45.4;45.4;45.5;45.5;45.5;45.6;45.6;45.6;45.5;45.3;45.1;44.8;44.6;44.4;44.2;44.2;44.1;44.1;44.2;44.2;44.3;44.3;44.4;44.5;44.6;44.7;44.9;45.0;45.1;45.3;45.4;45.6;45.7;45.8;46.0;46.1;46.3;46.4;46.5;46.6;46.7;46.7;46.8;46.8;46.8;46.7;46.6;46.4;46.2;46.0;45.7;45.4;45.1;44.8;44.5;44.3;;;;;;;;;;;;;;;;;;;;;;;;;;
0.500;;;;;;;;;;;;;;;;;;46.9;47.0;47.1;47.3;47.4;47.5;47.6;47.6;47.6;47.6;47.6;47.6;47.5;47.5;47.4;47.3;47.2;47.1;47.0;46.9;46.8;46.7;46.6;46.4;46.3;46.2;46.1;46.1;46.0;45.9;45.8;45.7;45.7;45.6;45.6;45.6;45.5;45.5;45.5;45.5;45.5;45.5;45.5;45.5;45.5;45.6;45.6;45.7;45.7;45.8;45.8;45.7;45.6;45.3;45.0;44.7;44.5;44.4;44.3;44.3;44.3;44.3;44.4;44.5;44.5;44.6;44.7;44.8;44.9;45.0;45.2;45.3;45.4;45.5;45.7;45.8;46.0;46.1;46.2;46.4;46.5;46.6;46.7;46.7;46.8;46.8;46.8;46.8;46.8;46.7;46.5;46.3;46.1;45.8;45.5;45.2;44.9;44.6;44.3;;;;;;;;;;;;;;;;;;;;;;;;;;
0.400;;;;;;;;;;;;;;;;;46.8;46.9;47.1;47.2;47.3;47.4;47.5;47.6;47.7;47.7;47.7;47.6;47.6;47.6;47.5;47.4;47.3;47.2;47.1;47.0;46.9;46.8;46.7;46.6;46.5;46.4;46.3;46.2;46.1;46.0;45.9;45.9;45.8;45.7;45.7;45.6;45.6;45.6;45.6;45.5;45.5;45.5;45.5;45.6;45.6;45.6;45.7;45.7;45.8;45.9;45.9;46.0;46.0;45.8;45.5;45.1;44.8;44.6;44.5;44.5;44.5;44.5;44.6;44.6;44.7;44.8;44.9;44.9;45.0;45.1;45.2;45.3;45.5;45.6;45.7;45.8;46.0;46.1;46.2;46.3;46.5;46.6;46.7;46.8;46.8;46.9;46.9;46.9;46.9;46.9;46.8;46.6;46.4;46.2;45.9;45.6;45.3;45.0;44.7;44.4;;;;;;;;;;;;;;;;;;;;;;;;;;
0.300;;;;;;;;;;;;;;;;;46.8;47.0;47.1;47.2;47.4;47.5;47.6;47.7;47.7;47.7;47.7;47.7;47.6;47.6;47.5;47.4;47.4;47.3;47.2;47.1;46.9;46.8;46.7;46.6;46.5;46.4;46.3;46.2;46.1;46.0;46.0;45.9;45.8;45.8;45.7;45.7;45.7;45.6;45.6;45.6;45.6;45.6;45.6;45.6;45.6;45.7;45.7;45.8;45.8;45.9;46.0;46.2;46.2;46.2;45.8;45.2;44.9;44.7;44.7;44.7;44.8;44.8;44.9;45.0;45.0;45.1;45.2;45.2;45.3;45.4;45.5;45.6;45.7;45.8;45.9;46.0;46.1;46.3;46.4;46.5;46.6;46.7;46.8;46.9;46.9;47.0;47.0;47.0;47.0;46.9;46.8;46.7;46.5;46.2;46.0;45.7;45.4;45.1;44.8;44.5;;;;;;;;;;;;;;;;;;;;;;;;;;
0.200;;;;;;;;;;;;;;;;;46.9;47.0;47.2;47.3;47.4;47.6;47.7;47.7;47.8;47.8;47.8;47.7;47.7;47.6;47.6;47.5;47.4;47.3;47.2;47.1;47.0;46.9;46.8;46.6;46.5;46.4;46.3;46.2;46.2;46.1;46.0;45.9;45.9;45.8;45.8;45.8;45.7;45.7;45.7;45.7;45.7;45.7;45.7;45.7;45.7;45.7;45.8;45.8;45.8;45.9;46.0;46.1;46.3;46.3;46.0;45.3;45.0;45.0;45.1;45.1;45.2;45.2;45.3;45.3;45.4;45.4;45.5;45.5;45.6;45.7;45.8;45.9;45.9;46.0;46.1;46.2;46.4;46.5;46.6;46.7;46.8;46.9;46.9;47.0;47.1;47.1;47.1;47.1;47.1;47.0;46.9;46.8;46.6;46.3;46.1;45.8;45.5;45.1;44.8;44.5;;;;;;;;;;;;;;;;;;;;;;;;;;
0.100;;;;;;;;;;;;;;;;;47.0;47.1;47.2;47.4;47.5;47.6;47.7;47.8;47.8;47.8;47.8;47.8;47.7;47.7;47.6;47.5;47.4;47.3;47.2;47.1;47.0;46.9;46.8;46.7;46.6;46.5;46.4;46.3;46.2;46.1;46.1;46.0;45.9;45.9;45.8;45.8;45.8;45.8;45.8;45.7;45.7;45.7;45.7;45.7;45.8;45.8;45.8;45.8;45.8;45.9;45.9;46.0;46.1;46.2;46.2;45.6;45.4;45.5;45.6;45.6;45.6;45.7;45.7;45.7;45.8;45.8;45.8;45.9;46.0;46.0;46.1;46.2;46.2;46.3;46.4;46.5;46.6;46.7;46.8;46.9;46.9;47.0;47.1;47.1;47.2;47.2;47.2;47.2;47.2;47.1;47.0;46.9;46.7;46.4;46.1;45.8;45.5;45.2;44.9;44.6;;;;;;;;;;;;;;;;;;;;;;;;;;
0.000;;;;;;;;;;;;;;;;;47.0;47.2;47.3;47.4;47.6;47.7;47.8;47.8;47.9;47.9;47.9;47.8;47.8;47.7;47.7;47.6;47.5;47.4;47.3;47.2;47.1;47.0;46.9;46.7;46.6;46.5;46.4;46.3;46.3;46.2;46.1;46.0;46.0;45.9;45.9;45.9;45.8;45.8;45.8;45.8;45.8;45.8;45.8;45.8;45.8;45.8;45.8;45.8;45.8;45.8;45.8;45.7;45.5;45.6;46.3;46.5;46.4;46.3;46.2;46.2;46.2;46.2;46.2;46.2;46.2;46.2;46.2;46.3;46.3;46.4;46.4;46.5;46.5;46.6;46.7;46.8;46.8;46.9;47.0;47.1;47.1;47.2;47.3;47.3;47.3;47.4;47.4;47.3;47.3;47.2;47.1;46.9;46.7;46.5;46.2;45.9;45.6;45.3;45.0;44.6;;;;;;;;;;;;;;;;;;;;;;;;;;
-0.100;;;;;;;;;;;;;;;;;47.1;47.2;47.4;47.5;47.6;47.7;47.8;47.9;47.9;47.9;47.9;47.9;47.9;47.8;47.7;47.7;47.6;47.5;47.4;47.3;47.1;47.0;46.9;46.8;46.7;46.6;46.5;46.4;46.3;46.2;46.2;46.1;46.1;46.0;46.0;45.9;45.9;45.9;45.9;45.9;45.9;45.9;45.9;45.9;45.9;45.9;45.9;45.8;45.8;45.8;45.8;45.7;45.8;46.1;46.9;47.3;47.3;47.1;46.9;46.8;46.8;46.7;46.7;46.7;46.7;46.7;46.7;46.7;46.7;46.8;46.8;46.8;46.9;46.9;47.0;47.1;47.1;47.2;47.2;47.3;47.4;47.4;47.5;47.5;47.5;47.5;47.5;47.5;47.4;47.3;47.2;47.0;46.8;46.6;46.3;46.0;45.7;45.3;45.0;44.7;;;;;;;;;;;;;;;;;;;;;;;;;;
-0.200;;;;;;;;;;;;;;;;;47.1;47.3;47.4;47.5;47.7;47.8;47.9;48.0;48.0;48.0;48.0;48.0;47.9;47.9;47.8;47.7;47.6;47.5;47.4;47.3;47.2;47.1;47.0;46.9;46.8;46.7;46.6;46.5;46.4;46.3;46.2;46.2;46.1;46.1;46.0;46.0;46.0;46.0;46.0;46.0;45.9;45.9;45.9;46.0;46.0;46.0;45.9;45.9;45.9;45.9;45.9;46.0;46.2;46.7;47.4;47.8;47.8;47.7;47.6;47.5;47.4;47.3;47.2;47.2;47.2;47.1;47.1;47.1;47.2;47.2;47.2;47.2;47.2;47.3;47.3;47.4;47.4;47.5;47.5;47.6;47.6;47.6;47.7;47.7;47.7;47.7;47.6;47.6;47.5;47.4;47.3;47.1;46.9;46.6;46.4;46.0;45.7;45.4;45.1;44.7;;;;;;;;;;;;;;;;;;;;;;;;;;
-0.300;;;;;;;;;;;;;;;;;47.2;47.3;47.5;47.6;47.7;47.9;48.0;48.0;48.1;48.1;48.1;48.1;48.0;48.0;47.9;47.8;47.7;47.6;47.5;47.4;47.3;47.2;47.0;46.9;46.8;46.7;46.6;46.5;46.4;46.4;46.3;46.2;46.2;46.1;46.1;46.1;46.1;46.0;46.0;46.0;46.0;46.0;46.0;46.1;46.1;46.1;46.1;46.1;46.1;46.2;46.2;46.4;46.7;47.2;47.7;48.1;48.2;48.2;48.1;48.0;47.9;47.8;47.8;47.7;47.7;47.6;47.6;47.6;47.6;47.6;47.6;47.6;47.6;47.6;47.7;47.7;47.7;47.8;47.8;47.8;47.8;47.9;47.9;47.9;47.9;47.8;47.8;47.7;47.7;47.5;47.4;47.2;47.0;46.7;46.4;46.1;45.8;45.4;45.1;44.8;;;;;;;;;;;;;;;;;;;;;;;;;;
-0.400;;;;;;;;;;;;;;;;;47.3;47.4;47.5;47.7;47.8;47.9;48.0;48.1;48.1;48.2;48.2;48.1;48.1;48.0;48.0;47.9;47.8;47.7;47.6;47.5;47.4;47.2;47.1;47.0;46.9;46.8;46.7;46.6;46.5;46.4;46.4;46.3;46.3;46.2;46.2;46.2;46.1;46.1;46.1;46.1;46.1;46.2;46.2;46.2;46.2;46.2;46.3;46.3;46.4;46.5;46.6;46.9;47.2;47.6;48.1;48.4;48.6;48.7;48.6;48.5;48.5;48.4;48.3;48.2;48.2;48.1;48.1;48.1;48.0;48.0;48.0;48.0;48.0;48.0;48.0;48.0;48.1;48.1;48.1;48.1;48.1;48.1;48.1;48.1;48.1;48.0;48.0;47.9;47.8;47.7;47.5;47.3;47.1;46.8;46.5;46.2;45.8;45.5;45.2;44.8;;;;;;;;;;;;;;;;;;;;;;;;;;
-0.500;;;;;;;;;;;;;;;;;47.3;47.4;47.6;47.7;47.9;48.0;48.1;48.2;48.2;48.2;48.2;48.2;48.2;48.1;48.1;48.0;47.9;47.8;47.7;47.6;47.5;47.3;47.2;47.1;47.0;46.9;46.8;46.7;46.6;46.5;46.5;46.4;46.4;46.3;46.3;46.3;46.3;46.2;46.2;46.3;46.3;46.3;46.3;46.4;46.4;46.4;46.5;46.6;46.7;46.8;47.0;47.3;47.6;48.0;48.4;48.7;48.9;49.0;49.0;49.0;48.9;48.9;48.8;48.7;48.7;48.6;48.6;48.5;48.5;48.5;48.4;48.4;48.4;48.4;48.4;48.4;48.4;48.4;48.4;48.4;48.4;48.4;48.3;48.3;48.3;48.2;48.1;48.0;47.9;47.8;47.6;47.4;47.1;46.9;46.6;46.2;45.9;45.5;45.2;44.9;;;;;;;;;;;;;;;;;;;;;;;;;;
-0.600;;;;;;;;;;;;;;;;;47.4;47.5;47.6;47.8;47.9;48.0;48.1;48.2;48.3;48.3;48.3;48.3;48.3;48.2;48.2;48.1;48.0;47.9;47.8;47.7;47.6;47.4;47.3;47.2;47.1;47.0;46.9;46.8;46.7;46.6;46.6;46.5;46.5;46.4;46.4;46.4;46.4;46.4;46.4;46.4;46.4;46.5;46.5;46.5;46.6;46.7;46.8;46.9;47.0;47.2;47.4;47.7;48.1;48.4;48.8;49.1;49.3;49.4;49.4;49.4;49.4;49.3;49.3;49.2;49.1;49.1;49.0;49.0;48.9;48.9;48.9;48.8;48.8;48.8;48.8;48.7;48.7;48.7;48.7;48.7;48.6;48.6;48.6;48.5;48.5;48.4;48.3;48.2;48.0;47.9;47.7;47.5;47.2;46.9;46.6;46.3;45.9;45.6;45.2;44.9;;;;;;;;;;;;;;;;;;;;;;;;;;
-0.700;;;;;;;;;;;;;;;;;47.4;47.5;47.7;47.8;48.0;48.1;48.2;48.3;48.3;48.4;48.4;48.4;48.4;48.3;48.2;48.2;48.1;48.0;47.9;47.8;47.7;47.6;47.4;47.3;47.2;47.1;47.0;46.9;46.8;46.7;46.7;46.6;46.6;46.5;46.5;46.5;46.5;46.5;46.5;46.5;46.6;46.6;46.7;46.8;46.8;46.9;47.1;47.2;47.4;47.6;47.8;48.1;48.5;48.8;49.1;49.4;49.6;49.7;49.8;49.8;49.8;49.8;49.7;49.7;49.6;49.6;49.5;49.4;49.4;49.3;49.3;49.3;49.2;49.2;49.1;49.1;49.1;49.0;49.0;49.0;48.9;48.9;48.8;48.7;48.7;48.6;48.5;48.3;48.2;48.0;47.8;47.6;47.3;47.0;46.7;46.3;46.0;45.6;45.3;44.9;;;;;;;;;;;;;;;;;;;;;;;;;;
-0.800;;;;;;;;;;;;;;;;;;47.6;47.7;47.9;48.0;48.1;48.3;48.4;48.4;48.5;48.5;48.5;48.4;48.4;48.3;48.3;48.2;48.1;48.0;47.9;47.8;47.7;47.6;47.4;47.3;47.2;47.1;47.0;46.9;46.9;46.8;46.7;46.7;46.7;46.7;46.6;46.6;46.7;46.7;46.7;46.8;46.8;46.9;47.0;47.1;47.2;47.4;47.6;47.8;48.0;48.3;48.6;48.9;49.2;49.5;49.7;49.9;50.1;50.2;50.2;50.2;50.2;50.2;50.1;50.1;50.0;50.0;49.9;49.8;49.8;49.7;49.7;49.6;49.6;49.5;49.5;49.4;49.4;49.3;49.2;49.2;49.1;49.0;48.9;48.9;48.7;48.6;48.5;48.3;48.1;47.9;47.6;47.4;47.0;46.7;46.4;46.0;45.7;45.3;45.0;;;;;;;;;;;;;;;;;;;;;;;;;;
-0.900;;;;;;;;;;;;;;;;;;47.6;47.8;47.9;48.0;48.2;48.3;48.4;48.5;48.5;48.5;48.6;48.5;48.5;48.5;48.4;48.3;48.2;48.1;48.0;47.9;47.8;47.7;47.6;47.5;47.4;47.3;47.2;47.1;47.0;46.9;46.9;46.9;46.8;46.8;46.8;46.8;46.8;46.9;46.9;47.0;47.1;47.2;47.3;47.4;47.5;47.7;47.9;48.1;48.4;48.6;48.9;49.2;49.5;49.8;50.1;50.3;50.4;50.5;50.6;50.6;50.6;50.6;50.5;50.5;50.4;50.4;50.3;50.3;50.2;50.1;50.1;50.0;49.9;49.9;49.8;49.7;49.7;49.6;49.5;49.4;49.4;49.3;49.2;49.0;48.9;48.8;48.6;48.4;48.2;48.0;47.7;47.4;47.1;46.8;46.4;46.1;45.7;45.3;45.0;;;;;;;;;;;;;;;;;;;;;;;;;;
-1.000;;;;;;;;;;;;;;;;;;47.7;47.8;47.9;48.1;48.2;48.3;48.5;48.5;48.6;48.6;48.6;48.6;48.6;48.6;48.5;48.4;48.3;48.3;48.2;48.0;47.9;47.8;47.7;47.6;47.5;47.4;47.3;47.2;47.2;47.1;47.1;47.0;47.0;47.0;47.0;47.0;47.0;47.1;47.1;47.2;47.3;47.4;47.5;47.7;47.9;48.0;48.2;48.5;48.7;49.0;49.3;49.6;49.9;50.2;50.4;50.6;50.8;50.9;50.9;51.0;51.0;51.0;50.9;50.9;50.9;50.8;50.7;50.7;50.6;50.5;50.4;50.4;50.3;50.2;50.1;50.1;50.0;49.9;49.8;49.7;49.6;49.5;49.4;49.2;49.1;48.9;48.7;48.5;48.3;48.1;47.8;47.5;47.1;46.8;46.4;46.1;45.7;45.4;;;;;;;;;;;;;;;;;;;;;;;;;;;
-1.100;;;;;;;;;;;;;;;;;;47.7;47.8;47.9;48.1;48.2;48.4;48.5;48.6;48.7;48.7;48.7;48.7;48.7;48.7;48.6;48.5;48.5;48.4;48.3;48.2;48.1;48.0;47.9;47.8;47.7;47.6;47.5;47.4;47.3;47.3;47.2;47.2;47.2;47.2;47.2;47.2;47.2;47.3;47.4;47.5;47.6;47.7;47.8;48.0;48.2;48.4;48.6;48.8;49.1;49.4;49.7;49.9;50.2;50.5;50.7;50.9;51.1;51.2;51.3;51.3;51.4;51.4;51.3;51.3;51.2;51.2;51.1;51.1;51.0;50.9;50.8;50.7;50.6;50.6;50.5;50.4;50.3;50.2;50.0;49.9;49.8;49.7;49.5;49.4;49.2;49.0;48.8;48.6;48.4;48.1;47.8;47.5;47.2;46.8;46.5;46.1;45.7;45.4;;;;;;;;;;;;;;;;;;;;;;;;;;;
-1.200;;;;;;;;;;;;;;;;;;47.7;47.8;48.0;48.1;48.3;48.4;48.5;48.6;48.7;48.8;48.8;48.8;48.8;48.8;48.7;48.7;48.6;48.5;48.4;48.3;48.2;48.1;48.0;47.9;47.8;47.7;47.6;47.6;47.5;47.4;47.4;47.4;47.4;47.4;47.4;47.4;47.5;47.5;47.6;47.7;47.8;48.0;48.1;48.3;48.5;48.7;48.9;49.2;49.4;49.7;50.0;50.3;50.5;50.8;51.0;51.2;51.4;51.5;51.6;51.7;51.7;51.7;51.7;51.7;51.6;51.6;51.5;51.4;51.3;51.3;51.2;51.1;51.0;50.9;50.8;50.7;50.5;50.4;50.3;50.2;50.0;49.9;49.7;49.5;49.3;49.1;48.9;48.7;48.5;48.2;47.8;47.5;47.2;46.8;46.5;46.1;45.7;45.4;;;;;;;;;;;;;;;;;;;;;;;;;;;
-1.300;;;;;;;;;;;;;;;;;;47.7;47.8;48.0;48.1;48.3;48.4;48.6;48.7;48.8;48.8;48.9;48.9;48.9;48.9;48.8;48.8;48.7;48.6;48.6;48.5;48.4;48.3;48.2;48.1;48.0;47.9;47.8;47.8;47.7;47.6;47.6;47.6;47.6;47.6;47.6;47.6;47.7;47.8;47.9;48.0;48.1;48.2;48.4;48.6;48.8;49.0;49.3;49.5;49.8;50.0;50.3;50.6;50.8;51.1;51.3;51.5;51.7;51.8;51.9;52.0;52.0;52.0;52.0;52.0;52.0;51.9;51.8;51.8;51.7;51.6;51.5;51.4;51.3;51.2;51.0;50.9;50.8;50.6;50.5;50.4;50.2;50.0;49.8;49.7;49.5;49.2;49.0;48.8;48.5;48.2;47.9;47.5;47.2;46.8;46.5;46.1;45.7;45.4;;;;;;;;;;;;;;;;;;;;;;;;;;;
-1.400;;;;;;;;;;;;;;;;;;;47.8;48.0;48.1;48.3;48.4;48.6;48.7;48.8;48.9;48.9;49.0;49.0;49.0;48.9;48.9;48.8;48.8;48.7;48.6;48.5;48.4;48.4;48.3;48.2;48.1;48.0;47.9;47.9;47.8;47.8;47.8;47.8;47.8;47.8;47.9;47.9;48.0;48.1;48.2;48.4;48.5;48.7;48.9;49.1;49.3;49.6;49.8;50.1;50.4;50.6;50.9;51.1;51.4;51.6;51.8;52.0;52.1;52.2;52.3;52.3;52.3;52.3;52.3;52.3;52.2;52.2;52.1;52.0;51.9;51.8;51.7;51.6;51.4;51.3;51.2;51.0;50.9;50.7;50.5;50.4;50.2;50.0;49.8;49.6;49.3;49.1;48.8;48.5;48.2;47.9;47.5;47.2;46.8;46.5;46.1;45.7;;;;;;;;;;;;;;;;;;;;;;;;;;;;
-1.500;;;;;;;;;;;;;;;;;;;47.8;48.0;48.1;48.3;48.4;48.6;48.7;48.8;48.9;49.0;49.0;49.1;49.1;49.0;49.0;49.0;48.9;48.9;48.8;48.7;48.6;48.5;48.4;48.4;48.3;48.2;48.1;48.1;48.1;48.0;48.0;48.0;48.0;48.1;48.1;48.2;48.3;48.4;48.5;48.7;48.8;49.0;49.2;49.4;49.6;49.9;50.1;50.4;50.6;50.9;51.2;51.4;51.7;51.9;52.0;52.2;52.4;52.5;52.5;52.6;52.6;52.6;52.6;52.6;52.5;52.5;52.4;52.3;52.2;52.1;51.9;51.8;51.7;51.5;51.4;51.2;51.0;50.9;50.7;50.5;50.3;50.1;49.9;49.6;49.4;49.1;48.8;48.5;48.2;47.9;47.5;47.2;46.8;46.4;46.1;45.7;;;;;;;;;;;;;;;;;;;;;;;;;;;;
-1.600;;;;;;;;;;;;;;;;;;;47.8;48.0;48.1;48.3;48.4;48.6;48.7;48.8;48.9;49.0;49.1;49.1;49.1;49.1;49.1;49.1;49.0;49.0;48.9;48.9;48.8;48.7;48.6;48.5;48.5;48.4;48.4;48.3;48.3;48.3;48.2;48.3;48.3;48.3;48.4;48.4;48.5;48.7;48.8;48.9;49.1;49.3;49.5;49.7;49.9;50.2;50.4;50.7;50.9;51.2;51.4;51.7;51.9;52.1;52.3;52.5;52.6;52.7;52.8;52.8;52.9;52.9;52.9;52.8;52.8;52.7;52.6;52.5;52.4;52.3;52.2;52.0;51.9;51.7;51.6;51.4;51.2;51.0;50.8;50.6;50.4;50.2;49.9;49.7;49.4;49.1;48.8;48.5;48.2;47.8;47.5;47.1;46.8;46.4;46.0;45.6;;;;;;;;;;;;;;;;;;;;;;;;;;;;
-1.700;;;;;;;;;;;;;;;;;;;;48.0;48.1;48.3;48.4;48.6;48.7;48.8;49.0;49.1;49.1;49.2;49.2;49.2;49.2;49.2;49.2;49.1;49.1;49.0;48.9;48.9;48.8;48.7;48.7;48.6;48.6;48.5;48.5;48.5;48.5;48.5;48.5;48.6;48.6;48.7;48.8;48.9;49.0;49.2;49.4;49.5;49.7;50.0;50.2;50.4;50.7;50.9;51.2;51.4;51.7;51.9;52.1;52.3;52.5;52.7;52.8;52.9;53.0;53.1;53.1;53.1;53.1;53.1;53.0;52.9;52.9;52.8;52.6;52.5;52.4;52.2;52.1;51.9;51.7;51.5;51.3;51.1;50.9;50.7;50.4;50.2;49.9;49.7;49.4;49.1;48.8;48.5;48.1;47.8;47.4;47.1;46.7;46.3;45.9;45.6;;;;;;;;;;;;;;;;;;;;;;;;;;;;
-1.800;;;;;;;;;;;;;;;;;;;;47.9;48.1;48.2;48.4;48.5;48.7;48.8;49.0;49.1;49.2;49.2;49.3;49.3;49.3;49.3;49.3;49.2;49.2;49.2;49.1;49.0;49.0;48.9;48.9;48.8;48.8;48.7;48.7;48.7;48.7;48.7;48.8;48.8;48.9;49.0;49.1;49.2;49.3;49.5;49.6;49.8;50.0;50.2;50.4;50.7;50.9;51.2;51.4;51.7;51.9;52.1;52.3;52.5;52.7;52.9;53.0;53.1;53.2;53.3;53.3;53.3;53.3;53.3;53.2;53.1;53.1;52.9;52.8;52.7;52.5;52.4;52.2;52.0;51.8;51.6;51.4;51.2;51.0;50.7;50.5;50.2;49.9;49.7;49.4;49.1;48.7;48.4;48.1;47.7;47.4;47.0;46.6;46.2;45.9;;;;;;;;;;;;;;;;;;;;;;;;;;;;;
-1.900;;;;;;;;;;;;;;;;;;;;47.9;48.1;48.2;48.4;48.5;48.7;48.8;49.0;49.1;49.2;49.3;49.3;49.4;49.4;49.4;49.4;49.4;49.3;49.3;49.3;49.2;49.2;49.1;49.1;49.0;49.0;49.0;48.9;48.9;48.9;49.0;49.0;49.0;49.1;49.2;49.3;49.4;49.6;49.7;49.9;50.1;50.3;50.5;50.7;50.9;51.1;51.4;51.6;51.9;52.1;52.3;52.5;52.7;52.9;53.0;53.2;53.3;53.4;53.4;53.5;53.5;53.5;53.4;53.4;53.3;53.2;53.1;53.0;52.8;52.7;52.5;52.3;52.1;51.9;51.7;51.5;51.3;51.0;50.8;50.5;50.2;49.9;49.6;49.3;49.0;48.7;48.3;48.0;47.6;47.3;46.9;46.5;46.1;45.8;;;;;;;;;;;;;;;;;;;;;;;;;;;;;
-2.000;;;;;;;;;;;;;;;;;;;;;48.0;48.2;48.3;48.5;48.6;48.8;48.9;49.1;49.2;49.3;49.3;49.4;49.4;49.5;49.5;49.5;49.5;49.4;49.4;49.4;49.3;49.3;49.2;49.2;49.2;49.2;49.2;49.2;49.2;49.2;49.2;49.3;49.4;49.4;49.5;49.7;49.8;50.0;50.1;50.3;50.5;50.7;50.9;51.1;51.4;51.6;51.8;52.0;52.3;52.5;52.7;52.9;53.0;53.2;53.3;53.4;53.5;53.6;53.6;53.6;53.6;53.6;53.5;53.4;53.3;53.2;53.1;52.9;52.8;52.6;52.4;52.2;52.0;51.8;51.5;51.3;51.0;50.7;50.5;50.2;49.9;49.6;49.2;48.9;48.6;48.2;47.9;47.5;47.1;46.8;46.4;46.0;;;;;;;;;;;;;;;;;;;;;;;;;;;;;;
-2.100;;;;;;;;;;;;;;;;;;;;;48.0;48.1;48.3;48.4;48.6;48.7;48.9;49.0;49.2;49.3;49.4;49.4;49.5;49.5;49.5;49.6;49.6;49.5;49.5;49.5;49.5;49.5;49.4;49.4;49.4;49.4;49.4;49.4;49.4;49.4;49.5;49.5;49.6;49.7;49.8;49.9;50.0;50.2;50.3;50.5;50.7;50.9;51.1;51.3;51.5;51.8;52.0;52.2;52.4;52.6;52.8;53.0;53.2;53.3;53.4;53.5;53.6;53.7;53.7;53.7;53.7;53.7;53.6;53.5;53.4;53.3;53.2;53.0;52.8;52.6;52.4;52.2;52.0;51.8;51.5;51.2;51.0;50.7;50.4;50.1;49.8;49.5;49.1;48.8;48.4;48.1;47.7;47.4;47.0;46.6;46.3;45.9;;;;;;;;;;;;;;;;;;;;;;;;;;;;;;
-2.200;;;;;;;;;;;;;;;;;;;;;;48.1;48.2;48.4;48.6;48.7;48.9;49.0;49.1;49.3;49.4;49.5;49.5;49.6;49.6;49.6;49.6;49.7;49.7;49.6;49.6;49.6;49.6;49.6;49.6;49.6;49.6;49.6;49.6;49.6;49.7;49.7;49.8;49.9;50.0;50.1;50.2;50.4;50.5;50.7;50.9;51.1;51.3;51.5;51.7;51.9;52.1;52.3;52.5;52.7;52.9;53.1;53.3;53.4;53.5;53.6;53.7;53.8;53.8;53.8;53.8;53.7;53.7;53.6;53.5;53.4;53.2;53.0;52.9;52.7;52.4;52.2;52.0;51.7;51.5;51.2;50.9;50.6;50.3;50.0;49.7;49.3;49.0;48.6;48.3;47.9;47.6;47.2;46.8;46.5;46.1;;;;;;;;;;;;;;;;;;;;;;;;;;;;;;;
-2.300;;;;;;;;;;;;;;;;;;;;;;48.0;48.2;48.4;48.5;48.7;48.8;48.9;49.1;49.2;49.3;49.4;49.5;49.6;49.7;49.7;49.7;49.7;49.8;49.8;49.8;49.8;49.8;49.7;49.7;49.8;49.8;49.8;49.8;49.8;49.9;50.0;50.0;50.1;50.2;50.3;50.4;50.6;50.7;50.9;51.1;51.3;51.4;51.6;51.8;52.0;52.3;52.5;52.6;52.8;53.0;53.2;53.3;53.5;53.6;53.7;53.7;53.8;53.8;53.8;53.8;53.8;53.7;53.6;53.5;53.4;53.2;53.0;52.8;52.6;52.4;52.2;51.9;51.7;51.4;51.1;50.8;50.5;50.2;49.8;49.5;49.2;48.8;48.5;48.1;47.7;47.4;47.0;46.6;46.3;45.9;;;;;;;;;;;;;;;;;;;;;;;;;;;;;;;
-2.400;;;;;;;;;;;;;;;;;;;;;;;48.1;48.3;48.5;48.6;48.7;48.9;49.0;49.2;49.3;49.4;49.5;49.6;49.7;49.7;49.8;49.8;49.8;49.9;49.9;49.9;49.9;49.9;49.9;49.9;49.9;50.0;50.0;50.0;50.1;50.1;50.2;50.3;50.4;50.5;50.6;50.8;50.9;51.1;51.2;51.4;51.6;51.8;52.0;52.2;52.3;52.5;52.7;52.9;53.1;53.2;53.4;53.5;53.6;53.7;53.8;53.8;53.8;53.8;53.8;53.7;53.7;53.6;53.5;53.3;53.2;53.0;52.8;52.6;52.3;52.1;51.8;51.5;51.2;50.9;50.6;50.3;50.0;49.7;49.3;49.0;48.6;48.3;47.9;47.5;47.2;46.8;46.4;46.1;;;;;;;;;;;;;;;;;;;;;;;;;;;;;;;;
-2.500;;;;;;;;;;;;;;;;;;;;;;;48.1;48.2;48.4;48.5;48.7;48.8;49.0;49.1;49.3;49.4;49.5;49.6;49.7;49.8;49.8;49.9;49.9;49.9;50.0;50.0;50.0;50.0;50.1;50.1;50.1;50.1;50.2;50.2;50.3;50.3;50.4;50.5;50.6;50.7;50.8;50.9;51.1;51.2;51.4;51.5;51.7;51.9;52.1;52.2;52.4;52.6;52.8;52.9;53.1;53.2;53.4;53.5;53.6;53.7;53.7;53.8;53.8;53.8;53.7;53.7;53.6;53.5;53.4;53.2;53.1;52.9;52.7;52.4;52.2;51.9;51.7;51.4;51.1;50.8;50.4;50.1;49.8;49.4;49.1;48.7;48.4;48.0;47.7;47.3;46.9;46.6;46.2;45.8;;;;;;;;;;;;;;;;;;;;;;;;;;;;;;;;
-2.600;;;;;;;;;;;;;;;;;;;;;;;;48.2;48.3;48.5;48.6;48.8;48.9;49.0;49.2;49.3;49.5;49.6;49.7;49.8;49.8;49.9;50.0;50.0;50.1;50.1;50.1;50.2;50.2;50.2;50.2;50.3;50.3;50.4;50.4;50.5;50.6;50.6;50.7;50.8;50.9;51.1;51.2;51.3;51.5;51.6;51.8;52.0;52.1;52.3;52.5;52.6;52.8;52.9;53.1;53.2;53.4;53.5;53.6;53.6;53.7;53.7;53.7;53.7;53.7;53.6;53.5;53.4;53.3;53.1;52.9;52.7;52.5;52.3;52.0;51.8;51.5;51.2;50.9;50.6;50.2;49.9;49.5;49.2;48.8;48.5;48.1;47.8;47.4;47.0;46.7;46.3;45.9;;;;;;;;;;;;;;;;;;;;;;;;;;;;;;;;;
-2.700;;;;;;;;;;;;;;;;;;;;;;;;48.1;48.3;48.4;48.6;48.7;48.8;49.0;49.1;49.3;49.4;49.5;49.6;49.7;49.8;49.9;50.0;50.1;50.1;50.2;50.2;50.2;50.3;50.3;50.4;50.4;50.5;50.5;50.6;50.6;50.7;50.8;50.9;51.0;51.1;51.2;51.3;51.4;51.6;51.7;51.9;52.0;52.2;52.3;52.5;52.6;52.8;52.9;53.1;53.2;53.3;53.4;53.5;53.5;53.6;53.6;53.6;53.6;53.5;53.5;53.4;53.3;53.1;53.0;52.8;52.6;52.4;52.1;51.9;51.6;51.3;51.0;50.6;50.3;50.0;49.6;49.3;48.9;48.6;48.2;47.8;47.5;47.1;46.7;46.4;46.0;45.7;;;;;;;;;;;;;;;;;;;;;;;;;;;;;;;;;
-2.800;;;;;;;;;;;;;;;;;;;;;;;;;48.2;48.4;48.5;48.6;48.8;48.9;49.0;49.2;49.3;49.5;49.6;49.7;49.8;49.9;50.0;50.1;50.1;50.2;50.3;50.3;50.4;50.4;50.5;50.5;50.6;50.6;50.7;50.8;50.8;50.9;51.0;51.1;51.2;51.3;51.4;51.5;51.6;51.8;51.9;52.0;52.2;52.3;52.5;52.6;52.7;52.9;53.0;53.1;53.2;53.3;53.4;53.4;53.5;53.5;53.5;53.4;53.4;53.3;53.2;53.1;52.9;52.8;52.6;52.4;52.1;51.9;51.6;51.3;51.0;50.7;50.4;50.0;49.7;49.3;49.0;48.6;48.2;47.9;47.5;47.2;46.8;46.4;46.1;45.7;;;;;;;;;;;;;;;;;;;;;;;;;;;;;;;;;;
-2.900;;;;;;;;;;;;;;;;;;;;;;;;;;48.3;48.4;48.6;48.7;48.8;49.0;49.1;49.2;49.4;49.5;49.6;49.8;49.9;50.0;50.1;50.2;50.2;50.3;50.4;50.4;50.5;50.6;50.6;50.7;50.7;50.8;50.8;50.9;51.0;51.1;51.2;51.2;51.3;51.4;51.6;51.7;51.8;51.9;52.0;52.2;52.3;52.4;52.6;52.7;52.8;52.9;53.0;53.1;53.2;53.2;53.3;53.3;53.3;53.3;53.2;53.2;53.1;53.0;52.9;52.7;52.5;52.3;52.1;51.9;51.6;51.3;51.0;50.7;50.4;50.1;49.7;49.4;49.0;48.6;48.3;47.9;47.6;47.2;46.8;46.5;46.1;45.8;;;;;;;;;;;;;;;;;;;;;;;;;;;;;;;;;;;
-3.000;;;;;;;;;;;;;;;;;;;;;;;;;;48.2;48.4;48.5;48.6;48.8;48.9;49.0;49.1;49.3;49.4;49.6;49.7;49.8;49.9;50.1;50.1;50.2;50.3;50.4;50.5;50.5;50.6;50.7;50.7;50.8;50.9;50.9;51.0;51.1;51.1;51.2;51.3;51.4;51.5;51.6;51.7;51.8;51.9;52.0;52.1;52.2;52.4;52.5;52.6;52.7;52.8;52.9;52.9;53.0;53.1;53.1;53.1;53.1;53.1;53.0;53.0;52.9;52.7;52.6;52.4;52.3;52.0;51.8;51.6;51.3;51.0;50.7;50.4;50.1;49.7;49.4;49.0;48.7;48.3;47.9;47.6;47.2;46.8;46.5;46.1;45.8;;;;;;;;;;;;;;;;;;;;;;;;;;;;;;;;;;;;
-3.100;;;;;;;;;;;;;;;;;;;;;;;;;;;48.3;48.4;48.6;48.7;48.8;48.9;49.1;49.2;49.3;49.5;49.6;49.8;49.9;50.0;50.1;50.2;50.3;50.4;50.5;50.6;50.6;50.7;50.8;50.8;50.9;51.0;51.0;51.1;51.2;51.3;51.3;51.4;51.5;51.6;51.7;51.8;51.9;52.0;52.1;52.2;52.3;52.4;52.5;52.6;52.6;52.7;52.8;52.8;52.9;52.9;52.9;52.9;52.8;52.8;52.7;52.6;52.5;52.3;52.1;51.9;51.7;51.5;51.2;51.0;50.7;50.4;50.0;49.7;49.4;49.0;48.6;48.3;47.9;47.6;47.2;46.8;46.5;46.1;45.8;45.4;;;;;;;;;;;;;;;;;;;;;;;;;;;;;;;;;;;;
-3.200;;;;;;;;;;;;;;;;;;;;;;;;;;;;48.3;48.5;48.6;48.8;48.9;49.0;49.1;49.2;49.4;49.5;49.7;49.8;49.9;50.1;50.2;50.3;50.4;50.5;50.6;50.6;50.7;50.8;50.9;50.9;51.0;51.1;51.1;51.2;51.3;51.3;51.4;51.5;51.6;51.6;51.7;51.8;51.9;52.0;52.1;52.1;52.2;52.3;52.4;52.5;52.5;52.6;52.6;52.6;52.6;52.6;52.6;52.5;52.5;52.4;52.3;52.1;52.0;51.8;51.6;51.4;51.1;50.9;50.6;50.3;50.0;49.6;49.3;49.0;48.6;48.2;47.9;47.5;47.2;46.8;46.5;46.1;45.8;45.4;;;;;;;;;;;;;;;;;;;;;;;;;;;;;;;;;;;;;
-3.300;;;;;;;;;;;;;;;;;;;;;;;;;;;;;48.4;48.5;48.7;48.8;48.9;49.0;49.2;49.3;49.4;49.6;49.7;49.8;50.0;50.1;50.2;50.3;50.4;50.5;50.6;50.7;50.8;50.9;50.9;51.0;51.1;51.1;51.2;51.2;51.3;51.4;51.4;51.5;51.6;51.6;51.7;51.8;51.9;51.9;52.0;52.1;52.1;52.2;52.2;52.3;52.3;52.3;52.3;52.3;52.3;52.3;52.2;52.1;52.0;51.9;51.8;51.6;51.4;51.2;51.0;50.7;50.5;50.2;49.9;49.6;49.2;48.9;48.5;48.2;47.8;47.5;47.1;46.8;46.4;46.1;45.7;45.4;;;;;;;;;;;;;;;;;;;;;;;;;;;;;;;;;;;;;;
-3.400;;;;;;;;;;;;;;;;;;;;;;;;;;;;;48.3;48.5;48.6;48.7;48.8;49.0;49.1;49.2;49.3;49.4;49.6;49.7;49.9;50.0;50.1;50.3;50.4;50.5;50.6;50.7;50.7;50.8;50.9;51.0;51.0;51.1;51.1;51.2;51.3;51.3;51.4;51.4;51.5;51.5;51.6;51.6;51.7;51.8;51.8;51.9;51.9;52.0;52.0;52.0;52.0;52.0;52.0;52.0;52.0;51.9;51.9;51.8;51.7;51.5;51.4;51.2;51.0;50.8;50.6;50.3;50.0;49.8;49.5;49.1;48.8;48.5;48.1;47.8;47.4;47.1;46.7;46.4;46.0;45.7;45.4;;;;;;;;;;;;;;;;;;;;;;;;;;;;;;;;;;;;;;;
-3.500;;;;;;;;;;;;;;;;;;;;;;;;;;;;;;48.4;48.5;48.6;48.8;48.9;49.0;49.1;49.2;49.3;49.5;49.6;49.8;49.9;50.0;50.2;50.3;50.4;50.5;50.6;50.7;50.8;50.8;50.9;51.0;51.0;51.1;51.1;51.2;51.2;51.3;51.3;51.4;51.4;51.4;51.5;51.5;51.6;51.6;51.6;51.7;51.7;51.7;51.7;51.7;51.7;51.7;51.7;51.6;51.6;51.5;51.4;51.3;51.1;51.0;50.8;50.6;50.4;50.1;49.9;49.6;49.3;49.0;48.7;48.4;48.0;47.7;47.4;47.0;46.7;46.3;46.0;45.7;45.3;;;;;;;;;;;;;;;;;;;;;;;;;;;;;;;;;;;;;;;;
-3.600;;;;;;;;;;;;;;;;;;;;;;;;;;;;;;;48.4;48.5;48.7;48.8;48.9;49.0;49.1;49.3;49.4;49.5;49.6;49.8;49.9;50.0;50.2;50.3;50.4;50.5;50.6;50.7;50.8;50.8;50.9;50.9;51.0;51.0;51.1;51.1;51.1;51.2;51.2;51.2;51.3;51.3;51.3;51.3;51.4;51.4;51.4;51.4;51.4;51.4;51.4;51.4;51.4;51.3;51.3;51.2;51.1;51.0;50.9;50.7;50.5;50.4;50.2;49.9;49.7;49.4;49.2;48.9;48.6;48.3;47.9;47.6;47.3;47.0;46.6;46.3;46.0;45.6;45.3;;;;;;;;;;;;;;;;;;;;;;;;;;;;;;;;;;;;;;;;;
-3.700;;;;;;;;;;;;;;;;;;;;;;;;;;;;;;;;48.4;48.6;48.7;48.8;48.9;49.0;49.2;49.3;49.4;49.5;49.6;49.8;49.9;50.0;50.2;50.3;50.4;50.5;50.6;50.6;50.7;50.8;50.8;50.9;50.9;50.9;51.0;51.0;51.0;51.0;51.0;51.1;51.1;51.1;51.1;51.1;51.1;51.1;51.1;51.1;51.1;51.1;51.0;51.0;50.9;50.8;50.8;50.7;50.5;50.4;50.3;50.1;49.9;49.7;49.5;49.2;49.0;48.7;48.4;48.1;47.8;47.5;47.2;46.9;46.6;46.2;45.9;45.6;45.3;;;;;;;;;;;;;;;;;;;;;;;;;;;;;;;;;;;;;;;;;;
-3.800;;;;;;;;;;;;;;;;;;;;;;;;;;;;;;;;;48.4;48.6;48.7;48.8;48.9;49.1;49.2;49.3;49.4;49.5;49.6;49.7;49.9;50.0;50.1;50.2;50.3;50.4;50.5;50.6;50.6;50.7;50.7;50.7;50.8;50.8;50.8;50.8;50.8;50.8;50.8;50.8;50.8;50.8;50.8;50.8;50.8;50.8;50.8;50.7;50.7;50.6;50.6;50.5;50.4;50.3;50.2;50.1;50.0;49.8;49.6;49.4;49.2;49.0;48.8;48.5;48.3;48.0;47.7;47.4;47.1;46.8;46.5;46.2;45.9;45.5;45.2;;;;;;;;;;;;;;;;;;;;;;;;;;;;;;;;;;;;;;;;;;;
-3.900;;;;;;;;;;;;;;;;;;;;;;;;;;;;;;;;;;;48.6;48.7;48.8;48.9;49.0;49.2;49.3;49.4;49.5;49.6;49.7;49.8;49.9;50.1;50.1;50.2;50.3;50.4;50.4;50.5;50.5;50.6;50.6;50.6;50.6;50.6;50.6;50.6;50.6;50.6;50.6;50.5;50.5;50.5;50.5;50.4;50.4;50.3;50.3;50.2;50.2;50.1;50.0;49.9;49.8;49.6;49.5;49.3;49.2;49.0;48.8;48.6;48.3;48.1;47.8;47.6;47.3;47.0;46.7;46.4;46.1;45.8;45.5;45.2;;;;;;;;;;;;;;;;;;;;;;;;;;;;;;;;;;;;;;;;;;;;
-4.000;;;;;;;;;;;;;;;;;;;;;;;;;;;;;;;;;;;;48.6;48.7;48.8;48.9;49.0;49.1;49.2;49.3;49.4;49.5;49.6;49.7;49.9;49.9;50.0;50.1;50.2;50.2;50.3;50.3;50.3;50.3;50.4;50.4;50.3;50.3;50.3;50.3;50.3;50.2;50.2;50.2;50.1;50.1;50.1;50.0;49.9;49.9;49.8;49.7;49.6;49.5;49.4;49.3;49.2;49.0;48.9;48.7;48.5;48.4;48.2;47.9;47.7;47.5;47.2;46.9;46.7;46.4;46.1;45.8;45.5;;;;;;;;;;;;;;;;;;;;;;;;;;;;;;;;;;;;;;;;;;;;;;
-4.100;;;;;;;;;;;;;;;;;;;;;;;;;;;;;;;;;;;;;48.5;48.6;48.8;48.9;49.0;49.1;49.2;49.3;49.4;49.5;49.5;49.6;49.7;49.8;49.9;49.9;50.0;50.0;50.1;50.1;50.1;50.1;50.1;50.1;50.1;50.0;50.0;50.0;49.9;49.9;49.8;49.8;49.7;49.7;49.6;49.5;49.5;49.4;49.3;49.2;49.1;49.0;48.9;48.8;48.6;48.5;48.3;48.1;48.0;47.8;47.6;47.3;47.1;46.9;46.6;46.3;46.0;45.8;45.5;;;;;;;;;;;;;;;;;;;;;;;;;;;;;;;;;;;;;;;;;;;;;;;
-4.200;;;;;;;;;;;;;;;;;;;;;;;;;;;;;;;;;;;;;;;48.6;48.7;48.8;48.9;49.0;49.1;49.2;49.3;49.3;49.4;49.5;49.6;49.6;49.7;49.7;49.8;49.8;49.8;49.8;49.8;49.8;49.8;49.7;49.7;49.7;49.6;49.6;49.5;49.5;49.4;49.3;49.3;49.2;49.1;49.0;49.0;48.9;48.8;48.7;48.6;48.5;48.4;48.2;48.1;47.9;47.8;47.6;47.4;47.2;47.0;46.8;46.5;46.3;46.0;45.7;45.4;;;;;;;;;;;;;;;;;;;;;;;;;;;;;;;;;;;;;;;;;;;;;;;;
-4.300;;;;;;;;;;;;;;;;;;;;;;;;;;;;;;;;;;;;;;;;48.5;48.6;48.7;48.8;48.9;49.0;49.0;49.1;49.2;49.2;49.3;49.4;49.4;49.5;49.5;49.5;49.5;49.5;49.5;49.5;49.5;49.4;49.4;49.3;49.3;49.2;49.2;49.1;49.0;49.0;48.9;48.8;48.7;48.7;48.6;48.5;48.4;48.3;48.2;48.1;48.0;47.9;47.7;47.6;47.4;47.3;47.1;46.9;46.7;46.4;46.2;46.0;45.7;;;;;;;;;;;;;;;;;;;;;;;;;;;;;;;;;;;;;;;;;;;;;;;;;;
-4.400;;;;;;;;;;;;;;;;;;;;;;;;;;;;;;;;;;;;;;;;;;48.5;48.6;48.6;48.7;48.8;48.9;48.9;49.0;49.0;49.1;49.1;49.2;49.2;49.2;49.2;49.2;49.2;49.2;49.1;49.1;49.0;49.0;48.9;48.9;48.8;48.7;48.7;48.6;48.5;48.5;48.4;48.3;48.2;48.2;48.1;48.0;47.9;47.8;47.7;47.6;47.4;47.3;47.1;47.0;46.8;46.6;46.4;46.2;45.9;;;;;;;;;;;;;;;;;;;;;;;;;;;;;;;;;;;;;;;;;;;;;;;;;;;;
-4.500;;;;;;;;;;;;;;;;;;;;;;;;;;;;;;;;;;;;;;;;;;;;48.4;48.5;48.5;48.6;48.7;48.7;48.8;48.8;48.8;48.8;48.9;48.9;48.9;48.9;48.8;48.8;48.8;48.7;48.7;48.6;48.6;48.5;48.5;48.4;48.3;48.3;48.2;48.1;48.1;48.0;47.9;47.8;47.8;47.7;47.6;47.5;47.4;47.3;47.1;47.0;46.8;46.7;46.5;46.3;46.1;;;;;;;;;;;;;;;;;;;;;;;;;;;;;;;;;;;;;;;;;;;;;;;;;;;;;;
-4.600;;;;;;;;;;;;;;;;;;;;;;;;;;;;;;;;;;;;;;;;;;;;;;48.3;48.3;48.4;48.4;48.5;48.5;48.5;48.5;48.5;48.5;48.5;48.5;48.5;48.5;48.4;48.4;48.4;48.3;48.2;48.2;48.1;48.1;48.0;47.9;47.9;47.8;47.7;47.7;47.6;47.5;47.4;47.4;47.3;47.2;47.1;47.0;46.8;46.7;46.6;46.4;46.2;;;;;;;;;;;;;;;;;;;;;;;;;;;;;;;;;;;;;;;;;;;;;;;;;;;;;;;;
-4.700;;;;;;;;;;;;;;;;;;;;;;;;;;;;;;;;;;;;;;;;;;;;;;;;48.1;48.1;48.1;48.2;48.2;48.2;48.2;48.2;48.2;48.2;48.2;48.1;48.1;48.0;48.0;48.0;47.9;47.8;47.8;47.7;47.7;47.6;47.5;47.5;47.4;47.4;47.3;47.2;47.1;47.1;47.0;46.9;46.8;46.7;46.6;46.4;46.3;;;;;;;;;;;;;;;;;;;;;;;;;;;;;;;;;;;;;;;;;;;;;;;;;;;;;;;;;;
-4.800;;;;;;;;;;;;;;;;;;;;;;;;;;;;;;;;;;;;;;;;;;;;;;;;;;;47.8;47.8;47.8;47.8;47.8;47.8;47.8;47.8;47.8;47.7;47.7;47.6;47.6;47.5;47.5;47.4;47.4;47.3;47.3;47.2;47.2;47.1;47.0;47.0;46.9;46.8;46.8;46.7;46.6;46.5;46.4;;;;;;;;;;;;;;;;;;;;;;;;;;;;;;;;;;;;;;;;;;;;;;;;;;;;;;;;;;;;;
-4.900;;;;;;;;;;;;;;;;;;;;;;;;;;;;;;;;;;;;;;;;;;;;;;;;;;;;;;;47.5;47.5;47.4;47.4;47.4;47.3;47.3;47.3;47.2;47.2;47.1;47.1;47.0;47.0;46.9;46.9;46.8;46.8;46.7;46.6;46.6;46.5;46.4;;;;;;;;;;;;;;;;;;;;;;;;;;;;;;;;;;;;;;;;;;;;;;;;;;;;;;;;;;;;;;;;;
-5.000;;;;;;;;;;;;;;;;;;;;;;;;;;;;;;;;;;;;;;;;;;;;;;;;;;;;;;;;;;;;;46.9;46.9;46.8;46.8;46.7;46.7;46.7;46.6;46.6;46.5;46.5;;;;;;;;;;;;;;;;;;;;;;;;;;;;;;;;;;;;;;;;;;;;;;;;;;;;;;;;;;;;;;;;;;;;;;;
-5.100;;;;;;;;;;;;;;;;;;;;;;;;;;;;;;;;;;;;;;;;;;;;;;;;;;;;;;;;;;;;;;;;;;;;;;;;;;;;;;;;;;;;;;;;;;;;;;;;;;;;;;;;;;;;;;;;;;;;;;;;;;;;;;;;;;;;;;;;;;;;;;
-5.200;;;;;;;;;;;;;;;;;;;;;;;;;;;;;;;;;;;;;;;;;;;;;;;;;;;;;;;;;;;;;;;;;;;;;;;;;;;;;;;;;;;;;;;;;;;;;;;;;;;;;;;;;;;;;;;;;;;;;;;;;;;;;;;;;;;;;;;;;;;;;;
-5.300;;;;;;;;;;;;;;;;;;;;;;;;;;;;;;;;;;;;;;;;;;;;;;;;;;;;;;;;;;;;;;;;;;;;;;;;;;;;;;;;;;;;;;;;;;;;;;;;;;;;;;;;;;;;;;;;;;;;;;;;;;;;;;;;;;;;;;;;;;;;;;
-5.400;;;;;;;;;;;;;;;;;;;;;;;;;;;;;;;;;;;;;;;;;;;;;;;;;;;;;;;;;;;;;;;;;;;;;;;;;;;;;;;;;;;;;;;;;;;;;;;;;;;;;;;;;;;;;;;;;;;;;;;;;;;;;;;;;;;;;;;;;;;;;;
-5.500;;;;;;;;;;;;;;;;;;;;;;;;;;;;;;;;;;;;;;;;;;;;;;;;;;;;;;;;;;;;;;;;;;;;;;;;;;;;;;;;;;;;;;;;;;;;;;;;;;;;;;;;;;;;;;;;;;;;;;;;;;;;;;;;;;;;;;;;;;;;;;
-5.600;;;;;;;;;;;;;;;;;;;;;;;;;;;;;;;;;;;;;;;;;;;;;;;;;;;;;;;;;;;;;;;;;;;;;;;;;;;;;;;;;;;;;;;;;;;;;;;;;;;;;;;;;;;;;;;;;;;;;;;;;;;;;;;;;;;;;;;;;;;;;;
-5.700;;;;;;;;;;;;;;;;;;;;;;;;;;;;;;;;;;;;;;;;;;;;;;;;;;;;;;;;;;;;;;;;;;;;;;;;;;;;;;;;;;;;;;;;;;;;;;;;;;;;;;;;;;;;;;;;;;;;;;;;;;;;;;;;;;;;;;;;;;;;;;
-5.800;;;;;;;;;;;;;;;;;;;;;;;;;;;;;;;;;;;;;;;;;;;;;;;;;;;;;;;;;;;;;;;;;;;;;;;;;;;;;;;;;;;;;;;;;;;;;;;;;;;;;;;;;;;;;;;;;;;;;;;;;;;;;;;;;;;;;;;;;;;;;;
-5.900;;;;;;;;;;;;;;;;;;;;;;;;;;;;;;;;;;;;;;;;;;;;;;;;;;;;;;;;;;;;;;;;;;;;;;;;;;;;;;;;;;;;;;;;;;;;;;;;;;;;;;;;;;;;;;;;;;;;;;;;;;;;;;;;;;;;;;;;;;;;;;
-6.000;;;;;;;;;;;;;;;;;;;;;;;;;;;;;;;;;;;;;;;;;;;;;;;;;;;;;;;;;;;;;;;;;;;;;;;;;;;;;;;;;;;;;;;;;;;;;;;;;;;;;;;;;;;;;;;;;;;;;;;;;;;;;;;;;;;;;;;;;;;;;;
-6.100;;;;;;;;;;;;;;;;;;;;;;;;;;;;;;;;;;;;;;;;;;;;;;;;;;;;;;;;;;;;;;;;;;;;;;;;;;;;;;;;;;;;;;;;;;;;;;;;;;;;;;;;;;;;;;;;;;;;;;;;;;;;;;;;;;;;;;;;;;;;;;
-6.200;;;;;;;;;;;;;;;;;;;;;;;;;;;;;;;;;;;;;;;;;;;;;;;;;;;;;;;;;;;;;;;;;;;;;;;;;;;;;;;;;;;;;;;;;;;;;;;;;;;;;;;;;;;;;;;;;;;;;;;;;;;;;;;;;;;;;;;;;;;;;;
-6.300;;;;;;;;;;;;;;;;;;;;;;;;;;;;;;;;;;;;;;;;;;;;;;;;;;;;;;;;;;;;;;;;;;;;;;;;;;;;;;;;;;;;;;;;;;;;;;;;;;;;;;;;;;;;;;;;;;;;;;;;;;;;;;;;;;;;;;;;;;;;;;
-6.400;;;;;;;;;;;;;;;;;;;;;;;;;;;;;;;;;;;;;;;;;;;;;;;;;;;;;;;;;;;;;;;;;;;;;;;;;;;;;;;;;;;;;;;;;;;;;;;;;;;;;;;;;;;;;;;;;;;;;;;;;;;;;;;;;;;;;;;;;;;;;;
-6.500;;;;;;;;;;;;;;;;;;;;;;;;;;;;;;;;;;;;;;;;;;;;;;;;;;;;;;;;;;;;;;;;;;;;;;;;;;;;;;;;;;;;;;;;;;;;;;;;;;;;;;;;;;;;;;;;;;;;;;;;;;;;;;;;;;;;;;;;;;;;;;
-6.600;;;;;;;;;;;;;;;;;;;;;;;;;;;;;;;;;;;;;;;;;;;;;;;;;;;;;;;;;;;;;;;;;;;;;;;;;;;;;;;;;;;;;;;;;;;;;;;;;;;;;;;;;;;;;;;;;;;;;;;;;;;;;;;;;;;;;;;;;;;;;;
-6.700;;;;;;;;;;;;;;;;;;;;;;;;;;;;;;;;;;;;;;;;;;;;;;;;;;;;;;;;;;;;;;;;;;;;;;;;;;;;;;;;;;;;;;;;;;;;;;;;;;;;;;;;;;;;;;;;;;;;;;;;;;;;;;;;;;;;;;;;;;;;;;
-6.800;;;;;;;;;;;;;;;;;;;;;;;;;;;;;;;;;;;;;;;;;;;;;;;;;;;;;;;;;;;;;;;;;;;;;;;;;;;;;;;;;;;;;;;;;;;;;;;;;;;;;;;;;;;;;;;;;;;;;;;;;;;;;;;;;;;;;;;;;;;;;;
-6.900;;;;;;;;;;;;;;;;;;;;;;;;;;;;;;;;;;;;;;;;;;;;;;;;;;;;;;;;;;;;;;;;;;;;;;;;;;;;;;;;;;;;;;;;;;;;;;;;;;;;;;;;;;;;;;;;;;;;;;;;;;;;;;;;;;;;;;;;;;;;;;
-7.000;;;;;;;;;;;;;;;;;;;;;;;;;;;;;;;;;;;;;;;;;;;;;;;;;;;;;;;;;;;;;;;;;;;;;;;;;;;;;;;;;;;;;;;;;;;;;;;;;;;;;;;;;;;;;;;;;;;;;;;;;;;;;;;;;;;;;;;;;;;;;;
[SYSTEM];;
Name;Pentacam;
Version;1.25r15;
SerialNo;6552  1160;
Registered User;...;
File Date;19-06-2024;
Matrixsize X;141;
Matrixsize Y;141;
Matrix-Res. X/Y;100;

[PATIENT];;
LastName;6 Demo Cornea;
FirstName;Keratoconus & Opaque Endotheli;
Eye;OD;
DateOfBirth;11-11-2011;
Sex;...;
PatientID;new iris camera;

[EXAMINATION];;
Date;11-11-2011;
Time;15:20:14;
Surgeon;...;
OP;...;
TestNo;...;
Comments;...;
Max. Diameter;12.11;

[GENERAL DATA];;
Cornea Front Rh;7.37;
Cornea Front Rv;6.87;
Cornea Front Axis;19.1;
Cornea Front Astig;3.4;
Cornea Front Exz;-0.53;Q-val. (8mm);
Pachy Apex;511;
Pachy Min;493;
Pachy Min X;-0.94;
Pachy Min Y;-0.54;
Chamber Height;3.11;
Chamber Angle;51.00;
KKS;# 1-2;
QS Status;Unsteady Fixation;
QS Error;1;
K Max (Front);53.78;
K Max X (Front);0.54;
K Max Y (Front);-1.82;

[PUPIL];
Pupil Dia;2.85;
XPupil;-102;
YPupil;346;

X;Y;
1255;0;
1263;31;
1270;62;
1275;94;
1281;126;
1285;158;
1289;191;
1292;224;
1294;257;
1296;291;
1297;325;
1297;359;
1296;393;
1295;428;
1293;463;
1290;498;
1286;533;
1281;568;
1276;604;
1270;639;
1263;675;
1255;711;
1246;747;
1236;783;
1225;819;
1213;855;
1201;890;
1187;926;
1172;962;
1157;998;
1140;1033;
1122;1068;
1103;1103;
1083;1138;
1062;1172;
1040;1206;
1017;1239;
993;1272;
967;1304;
941;1336;
913;1367;
885;1398;
856;1428;
825;1457;
793;1485;
761;1512;
727;1538;
693;1564;
658;1589;
622;1611;
584;1633;
547;1654;
508;1674;
469;1694;
429;1711;
388;1727;
346;1741;
304;1755;
262;1768;
219;1778;
176;1787;
132;1794;
88;1801;
44;1806;
0;1810;
-44;1811;
-89;1811;
-134;1810;
-178;1808;
-223;1804;
-267;1798;
-311;1791;
-354;1782;
-398;1772;
-441;1761;
-484;1748;
-526;1733;
-567;1717;
-608;1701;
-649;1683;
-689;1664;
-728;1642;
-766;1620;
-804;1596;
-840;1572;
-876;1547;
-911;1520;
-945;1492;
-978;1464;
-1010;1434;
-1042;1404;
-1072;1373;
-1101;1341;
-1129;1308;
-1156;1275;
-1182;1241;
-1207;1207;
-1230;1171;
-1253;1136;
-1275;1099;
-1295;1063;
-1315;1026;
-1333;989;
-1350;951;
-1366;913;
-1382;875;
-1396;837;
-1409;798;
-1421;759;
-1432;721;
-1442;682;
-1451;643;
-1459;604;
-1466;565;
-1472;527;
-1477;488;
-1481;449;
-1484;411;
-1486;372;
-1488;334;
-1488;296;
-1487;258;
-1486;220;
-1483;183;
-1480;146;
-1476;109;
-1471;72;
-1465;36;
-1458;0;
-1450;-36;
-1441;-71;
-1432;-106;
-1421;-140;
-1410;-174;
-1398;-207;
-1386;-240;
-1372;-273;
-1358;-305;
-1343;-336;
-1328;-367;
-1312;-398;
-1295;-428;
-1278;-457;
-1260;-486;
-1241;-514;
-1222;-542;
-1203;-569;
-1183;-595;
-1162;-621;
-1141;-646;
-1119;-671;
-1097;-695;
-1075;-718;
-1052;-741;
-1028;-763;
-1005;-784;
-981;-805;
-956;-825;
-932;-844;
-906;-863;
-881;-881;
-855;-898;
-830;-915;
-803;-931;
-777;-947;
-750;-961;
-723;-975;
-696;-989;
-669;-1001;
-642;-1013;
-614;-1025;
-586;-1035;
-559;-1045;
-531;-1055;
-503;-1063;
-475;-1071;
-447;-1078;
-419;-1085;
-390;-1091;
-362;-1096;
-334;-1101;
-306;-1105;
-278;-1108;
-250;-1111;
-222;-1114;
-193;-1115;
-166;-1116;
-138;-1116;
-110;-1116;
-82;-1115;
-55;-1114;
-27;-1112;
0;-1109;
27;-1106;
54;-1103;
81;-1098;
108;-1093;
134;-1088;
161;-1082;
187;-1076;
213;-1069;
238;-1062;
264;-1054;
289;-1046;
315;-1037;
340;-1028;
364;-1018;
389;-1008;
413;-997;
437;-986;
461;-975;
485;-963;
508;-951;
531;-938;
554;-925;
577;-911;
600;-898;
622;-883;
644;-868;
666;-853;
687;-837;
709;-822;
730;-805;
750;-788;
771;-771;
791;-753;
812;-736;
831;-717;
851;-698;
870;-679;
889;-659;
908;-639;
927;-619;
945;-598;
962;-577;
980;-555;
997;-533;
1014;-511;
1031;-488;
1047;-464;
1062;-440;
1078;-416;
1094;-391;
1108;-366;
1123;-341;
1136;-314;
1150;-288;
1163;-261;
1175;-234;
1187;-206;
1199;-178;
1210;-149;
1220;-120;
1230;-91;
1239;-61;
1248;-31;
[CORNEA EDGE];;
Cornea Center Pos X (related to apex, [mm]);-0.46;
Cornea Center Pos Y (related to apex, [mm]);0.15;
Iris Image existing in Examination;1;
Iris Image Apex Pixel Position X;364.84;
Iris Image Apex Pixel Position Y;232.75;
Iris Image mm per Pixel;0.0208;
Left Cornea-Edge X (related to Apex, [µm]);Left Cornea-Edge Y (related to Apex, [µm]);
-5861;2093;
-5923;1894;
-5979;1692;
-6028;1489;
-6072;1284;
-6108;1078;
-6138;870;
-6160;661;
-6176;452;
-6184;242;
-6185;32;
-6178;-179;
-6164;-389;
-6143;-599;
-6115;-808;
-6080;-1016;
-6038;-1223;
-5989;-1429;
-5933;-1633;
-5871;-1836;
-5803;-2037;
-5729;-2236;
-5649;-2434;
-5563;-2630;
;;
;;
;;
;;
;;
;;
;;
;;
;;
;;
;;
;;
;;
;;
;;
;;
Right Cornea-Edge X (related to Apex, [µm]);Right Cornea-Edge Y (related to Apex, [µm]);
4684;-2498;
4761;-2319;
4832;-2138;
4898;-1956;
4960;-1774;
5016;-1590;
5067;-1405;
5112;-1219;
5153;-1032;
5187;-844;
5216;-656;
5239;-467;
5256;-278;
5268;-88;
5273;102;
5273;292;
5266;481;
5254;670;
5236;859;
5212;1048;
5183;1235;
5148;1422;
5107;1607;
5061;1792;
;;
;;
;;
;;
;;
;;
;;
;;
;;
;;
;;
;;
;;
;;
;;
;;
[GENERAL DATA 2];;
Chamber Angle @ 180°;52.5;
Chamber Angle @ 0°;51.0;
Chamber Volume [mm³];186;
AXL Axial Length [mm];;
AXL SNR;;
HWTW;11.5;
